PatchID,XCOORD,YCOORD,ID,MID,FID,sex,age,size,mature,newmature,layeggs,capture,recapture,state,CDist,Hindex,Species,ClassFile,SubPatchID,L0A0,L0A1,L1A0,L1A1
1,2540470.832,712452.2021,Age0_F1_m1f1_P1_Y4_UO0,R1_F1_m1f1_P1_Y2_UO191,R1_F1_m1f1_P1_Y1_UO514,FXX,0,31.028997987985097,0,0,0.0,0,0,0,0.0,0.375,1,P0_CV0,1,1,1,1,1
1,2540470.832,712452.2021,Age0_F1_m1f1_P1_Y4_UO1,R1_F1_m1f1_P1_Y2_UO191,R1_F1_m1f1_P1_Y1_UO514,MXY,0,31.028997987985097,0,0,0.0,0,0,0,0.0,0.375,1,P0_CV0,1,1,1,0,2
1,2540470.832,712452.2021,Age0_F1_m1f1_P1_Y4_UO78,R1_F1_m1f1_P1_Y1_UO563,R1_F1_m1f1_P1_Y0_UO395,FXX,0,31.028997987985097,0,0,0.0,0,0,0,0.0,0.375,1,P0_CV0,1,1,1,2,0
1,2540470.832,712452.2021,Age0_F1_m1f1_P1_Y4_UO79,R1_F1_m1f1_P1_Y1_UO563,R1_F1_m1f1_P1_Y0_UO395,MXY,0,31.028997987985097,0,0,0.0,0,0,0,0.0,0.375,1,P0_CV0,1,1,1,1,1
1,2540470.832,712452.2021,Age0_F1_m1f1_P1_Y4_UO80,R1_F1_m1f1_P1_Y1_UO563,R1_F1_m1f1_P1_Y0_UO395,FXX,0,31.028997987985097,0,0,0.0,0,0,0,0.0,0.375,1,P0_CV0,1,1,1,1,1
1,2540470.832,712452.2021,Age0_F1_m1f1_P1_Y4_UO81,R1_F1_m1f1_P1_Y2_UO405,R1_F1_m-1f-1_P1_Y-1_U50,FXX,0,31.028997987985097,0,0,0.0,0,0,0,0.0,0.1875,1,P0_CV0,1,1,1,2,0
1,2540470.832,712452.2021,Age0_F1_m1f1_P1_Y4_UO82,R1_F1_m1f1_P1_Y2_UO405,R1_F1_m-1f-1_P1_Y-1_U50,MXY,0,31.028997987985097,0,0,0.0,0,0,0,0.0,0.1875,1,P0_CV0,1,1,1,1,1
1,2540470.832,712452.2021,Age0_F1_m1f1_P1_Y4_UO83,R1_F1_m1f1_P1_Y2_UO405,R1_F1_m-1f-1_P1_Y-1_U50,MXY,0,31.028997987985097,0,0,0.0,0,0,0,0.0,0.1875,1,P0_CV0,1,1,1,2,0
1,2540470.832,712452.2021,Age0_F1_m1f1_P1_Y4_UO84,R1_F1_m1f1_P1_Y2_UO405,R1_F1_m-1f-1_P1_Y-1_U50,MXY,0,31.028997987985097,0,0,0.0,0,0,0,0.0,0.1875,1,P0_CV0,1,0,2,1,1
1,2540470.832,712452.2021,Age0_F1_m1f1_P1_Y4_UO85,R1_F1_m1f1_P1_Y2_UO405,R1_F1_m-1f-1_P1_Y-1_U50,MXY,0,31.028997987985097,0,0,0.0,0,0,0,0.0,0.1875,1,P0_CV0,1,0,2,2,0
1,2540470.832,712452.2021,Age0_F1_m1f1_P1_Y4_UO88,R1_F1_m1f1_P1_Y2_UO405,R1_F1_m1f1_P1_Y2_UO188,MXY,0,31.028997987985097,0,0,0.0,0,0,0,0.0,0.4375,1,P0_CV0,1,1,1,1,1
1,2540470.832,712452.2021,Age0_F1_m1f1_P1_Y4_UO89,R1_F1_m1f1_P1_Y2_UO405,R1_F1_m1f1_P1_Y2_UO188,FXX,0,31.028997987985097,0,0,0.0,0,0,0,0.0,0.4375,1,P0_CV0,1,1,1,1,1
1,2540470.832,712452.2021,Age0_F1_m1f1_P1_Y4_UO90,R1_F1_m1f1_P1_Y2_UO405,R1_F1_m1f1_P1_Y2_UO188,FXX,0,31.028997987985097,0,0,0.0,0,0,0,0.0,0.4375,1,P0_CV0,1,1,1,2,0
1,2540470.832,712452.2021,Age0_F1_m1f1_P1_Y4_UO91,R1_F1_m1f1_P1_Y2_UO405,R1_F1_m1f1_P1_Y2_UO188,FXX,0,31.028997987985097,0,0,0.0,0,0,0,0.0,0.4375,1,P0_CV0,1,1,1,1,1
1,2540470.832,712452.2021,Age0_F1_m1f1_P1_Y4_UO92,R1_F1_m1f1_P1_Y2_UO405,R1_F1_m1f1_P1_Y2_UO188,FXX,0,31.028997987985097,0,0,0.0,0,0,0,0.0,0.4375,1,P0_CV0,1,1,1,2,0
1,2540470.832,712452.2021,Age0_F1_m1f1_P1_Y4_UO93,R1_F1_m1f1_P1_Y2_UO405,R1_F1_m1f1_P1_Y2_UO188,MXY,0,31.028997987985097,0,0,0.0,0,0,0,0.0,0.4375,1,P0_CV0,1,1,1,2,0
1,2540470.832,712452.2021,Age0_F1_m1f1_P1_Y4_UO133,R1_F1_m1f1_P1_Y1_UO563,R1_F1_m1f1_P1_Y2_UO293,FXX,0,31.028997987985097,0,0,0.0,0,0,0,0.0,0.375,1,P0_CV0,1,1,1,0,2
1,2540470.832,712452.2021,Age0_F1_m1f1_P1_Y4_UO134,R1_F1_m1f1_P1_Y1_UO563,R1_F1_m1f1_P1_Y2_UO293,MXY,0,31.028997987985097,0,0,0.0,0,0,0,0.0,0.375,1,P0_CV0,1,1,1,1,1
1,2540470.832,712452.2021,Age0_F1_m1f1_P1_Y4_UO135,R1_F1_m1f1_P1_Y1_UO563,R1_F1_m1f1_P1_Y2_UO293,MXY,0,31.028997987985097,0,0,0.0,0,0,0,0.0,0.375,1,P0_CV0,1,2,0,2,0
1,2540470.832,712452.2021,Age0_F1_m1f1_P1_Y4_UO139,R1_F1_m1f1_P1_Y2_UO49,R1_F1_m1f1_P1_Y2_UO380,MXY,0,31.028997987985097,0,0,0.0,0,0,0,0.0,0.25,1,P0_CV0,1,1,1,2,0
1,2540470.832,712452.2021,Age0_F1_m1f1_P1_Y4_UO140,R1_F1_m1f1_P1_Y2_UO49,R1_F1_m1f1_P1_Y2_UO380,FXX,0,31.028997987985097,0,0,0.0,0,0,0,0.0,0.25,1,P0_CV0,1,1,1,2,0
1,2540470.832,712452.2021,Age0_F1_m1f1_P1_Y4_UO141,R1_F1_m1f1_P1_Y2_UO49,R1_F1_m1f1_P1_Y2_UO380,FXX,0,31.028997987985097,0,0,0.0,0,0,0,0.0,0.25,1,P0_CV0,1,1,1,2,0
1,2540470.832,712452.2021,Age0_F1_m1f1_P1_Y4_UO142,R1_F1_m1f1_P1_Y2_UO49,R1_F1_m1f1_P1_Y2_UO380,FXX,0,31.028997987985097,0,0,0.0,0,0,0,0.0,0.25,1,P0_CV0,1,1,1,1,1
1,2540470.832,712452.2021,Age0_F1_m1f1_P1_Y4_UO143,R1_F1_m1f1_P1_Y2_UO49,R1_F1_m1f1_P1_Y2_UO380,FXX,0,31.028997987985097,0,0,0.0,0,0,0,0.0,0.25,1,P0_CV0,1,1,1,2,0
1,2540470.832,712452.2021,Age0_F1_m1f1_P1_Y4_UO160,R1_F1_m1f1_P1_Y2_UO410,R1_F1_m1f1_P1_Y2_UO460,FXX,0,31.028997987985097,0,0,0.0,0,0,0,0.0,0.3125,1,P0_CV0,1,0,2,1,1
1,2540470.832,712452.2021,Age0_F1_m1f1_P1_Y4_UO161,R1_F1_m1f1_P1_Y2_UO410,R1_F1_m1f1_P1_Y2_UO460,FXX,0,31.028997987985097,0,0,0.0,0,0,0,0.0,0.3125,1,P0_CV0,1,1,1,2,0
1,2540470.832,712452.2021,Age0_F1_m1f1_P1_Y4_UO162,R1_F1_m1f1_P1_Y2_UO410,R1_F1_m1f1_P1_Y2_UO460,MXY,0,31.028997987985097,0,0,0.0,0,0,0,0.0,0.3125,1,P0_CV0,1,0,2,2,0
1,2540470.832,712452.2021,Age0_F1_m1f1_P1_Y4_UO177,R1_F1_m1f1_P1_Y0_UO194,R1_F1_m-1f-1_P2_Y-1_U29,MXY,0,31.028997987985097,0,0,0.0,0,0,0,0.0,0.25,1,P0_CV0,1,1,1,0,2
1,2540470.832,712452.2021,Age0_F1_m1f1_P1_Y4_UO179,R1_F1_m1f1_P1_Y0_UO194,R1_F1_m-1f-1_P2_Y-1_U29,MXY,0,31.028997987985097,0,0,0.0,0,0,0,0.0,0.25,1,P0_CV0,1,1,1,1,1
1,2540470.832,712452.2021,Age0_F1_m1f1_P1_Y4_UO203,R1_F1_m1f1_P1_Y2_UO79,I1_F7_m1f1_P1_Y1_UO513,FXX,0,31.028997987985097,0,0,0.0,0,0,0,0.0,0.3125,1,P0_CV0,1,1,1,1,1
1,2540470.832,712452.2021,Age0_F1_m1f1_P1_Y4_UO204,R1_F1_m1f1_P1_Y2_UO49,R1_F1_m1f1_P1_Y1_UO528,FXX,0,31.028997987985097,0,0,0.0,0,0,0,0.0,0.25,1,P0_CV0,1,2,0,0,2
1,2540470.832,712452.2021,Age0_F1_m1f1_P1_Y4_UO211,R1_F1_m1f1_P1_Y2_UO79,R1_F1_m1f1_P1_Y2_UO162,MXY,0,31.028997987985097,0,0,0.0,0,0,0,0.0,0.375,1,P0_CV0,1,2,0,2,0
1,2540470.832,712452.2021,Age0_F1_m1f1_P1_Y4_UO212,R1_F1_m1f1_P1_Y2_UO79,R1_F1_m1f1_P1_Y2_UO162,MXY,0,31.028997987985097,0,0,0.0,0,0,0,0.0,0.375,1,P0_CV0,1,1,1,2,0
1,2540470.832,712452.2021,Age0_F1_m1f1_P1_Y4_UO213,R1_F1_m1f1_P1_Y2_UO79,R1_F1_m1f1_P1_Y2_UO162,MXY,0,31.028997987985097,0,0,0.0,0,0,0,0.0,0.375,1,P0_CV0,1,1,1,2,0
1,2540470.832,712452.2021,Age0_F1_m1f1_P1_Y4_UO214,R1_F1_m1f1_P1_Y2_UO79,R1_F1_m1f1_P1_Y2_UO162,FXX,0,31.028997987985097,0,0,0.0,0,0,0,0.0,0.375,1,P0_CV0,1,2,0,2,0
1,2540470.832,712452.2021,Age0_F1_m1f1_P1_Y4_UO215,R1_F1_m1f1_P1_Y2_UO79,R1_F1_m1f1_P1_Y2_UO162,FXX,0,31.028997987985097,0,0,0.0,0,0,0,0.0,0.375,1,P0_CV0,1,2,0,1,1
1,2540470.832,712452.2021,Age0_F1_m1f1_P1_Y4_UO216,R1_F1_m1f1_P1_Y2_UO79,R1_F1_m1f1_P1_Y2_UO162,MXY,0,31.028997987985097,0,0,0.0,0,0,0,0.0,0.375,1,P0_CV0,1,1,1,1,1
1,2540470.832,712452.2021,Age0_F1_m1f1_P1_Y4_UO243,R1_F1_m1f1_P1_Y1_UO563,R1_F1_m1f1_P1_Y2_UO379,MXY,0,31.028997987985097,0,0,0.0,0,0,0,0.0,0.25,1,P0_CV0,1,1,1,1,1
1,2540470.832,712452.2021,Age0_F1_m1f1_P1_Y4_UO244,R1_F1_m1f1_P1_Y1_UO563,R1_F1_m1f1_P1_Y2_UO379,FXX,0,31.028997987985097,0,0,0.0,0,0,0,0.0,0.25,1,P0_CV0,1,0,2,2,0
1,2540470.832,712452.2021,Age0_F1_m1f1_P1_Y4_UO245,R1_F1_m1f1_P1_Y1_UO563,R1_F1_m1f1_P1_Y2_UO379,FXX,0,31.028997987985097,0,0,0.0,0,0,0,0.0,0.25,1,P0_CV0,1,1,1,2,0
1,2540470.832,712452.2021,Age0_F1_m1f1_P1_Y4_UO265,R1_F1_m1f1_P1_Y0_UO194,R1_F1_m1f1_P1_Y0_UO395,FXX,0,31.028997987985097,0,0,0.0,0,0,0,0.0,0.375,1,P0_CV0,1,1,1,0,2
1,2540470.832,712452.2021,Age0_F1_m1f1_P1_Y4_UO266,R1_F1_m1f1_P1_Y0_UO194,R1_F1_m1f1_P1_Y0_UO395,FXX,0,31.028997987985097,0,0,0.0,0,0,0,0.0,0.375,1,P0_CV0,1,1,1,2,0
1,2540470.832,712452.2021,Age0_F1_m1f1_P1_Y4_UO267,R1_F1_m1f1_P1_Y0_UO194,R1_F1_m1f1_P1_Y0_UO395,MXY,0,31.028997987985097,0,0,0.0,0,0,0,0.0,0.375,1,P0_CV0,1,1,1,1,1
1,2540470.832,712452.2021,Age0_F1_m1f1_P1_Y4_UO268,R1_F1_m1f1_P1_Y0_UO194,R1_F1_m1f1_P1_Y0_UO395,FXX,0,31.028997987985097,0,0,0.0,0,0,0,0.0,0.375,1,P0_CV0,1,1,1,1,1
1,2540470.832,712452.2021,Age0_F1_m1f1_P1_Y4_UO269,R1_F1_m1f1_P1_Y0_UO194,R1_F1_m1f1_P1_Y0_UO395,FXX,0,31.028997987985097,0,0,0.0,0,0,0,0.0,0.375,1,P0_CV0,1,1,1,2,0
1,2540470.832,712452.2021,Age0_F1_m1f1_P1_Y4_UO285,R1_F1_m1f1_P1_Y1_UO563,R1_F1_m1f1_P1_Y2_UO5,FXX,0,31.028997987985097,0,0,0.0,0,0,0,0.0,0.4375,1,P0_CV0,1,1,1,0,2
1,2540470.832,712452.2021,Age0_F1_m1f1_P1_Y4_UO286,R1_F1_m1f1_P1_Y1_UO563,R1_F1_m1f1_P1_Y2_UO5,MXY,0,31.028997987985097,0,0,0.0,0,0,0,0.0,0.4375,1,P0_CV0,1,1,1,0,2
1,2540470.832,712452.2021,Age0_F1_m1f1_P1_Y4_UO287,R1_F1_m1f1_P1_Y1_UO563,R1_F1_m1f1_P1_Y2_UO5,MXY,0,31.028997987985097,0,0,0.0,0,0,0,0.0,0.4375,1,P0_CV0,1,2,0,1,1
1,2540470.832,712452.2021,Age0_F1_m1f1_P1_Y4_UO288,R1_F1_m1f1_P1_Y1_UO563,R1_F1_m1f1_P1_Y2_UO5,MXY,0,31.028997987985097,0,0,0.0,0,0,0,0.0,0.4375,1,P0_CV0,1,2,0,1,1
1,2540470.832,712452.2021,Age0_F1_m1f1_P1_Y4_UO289,R1_F1_m1f1_P1_Y1_UO563,R1_F1_m1f1_P1_Y2_UO5,MXY,0,31.028997987985097,0,0,0.0,0,0,0,0.0,0.4375,1,P0_CV0,1,2,0,1,1
1,2540470.832,712452.2021,Age0_F1_m1f1_P1_Y4_UO325,R1_F1_m1f1_P1_Y2_UO159,R1_F1_m1f1_P1_Y2_UO5,FXX,0,31.028997987985097,0,0,0.0,0,0,0,0.0,0.375,1,P0_CV0,1,1,1,0,2
1,2540470.832,712452.2021,Age0_F1_m1f1_P1_Y4_UO326,R1_F1_m1f1_P1_Y2_UO159,R1_F1_m1f1_P1_Y2_UO5,FXX,0,31.028997987985097,0,0,0.0,0,0,0,0.0,0.375,1,P0_CV0,1,1,1,1,1
1,2540470.832,712452.2021,Age0_F1_m1f1_P1_Y4_UO327,R1_F1_m1f1_P1_Y2_UO159,R1_F1_m1f1_P1_Y2_UO5,FXX,0,31.028997987985097,0,0,0.0,0,0,0,0.0,0.375,1,P0_CV0,1,0,2,1,1
1,2540470.832,712452.2021,Age0_F1_m1f1_P1_Y4_UO328,R1_F1_m1f1_P1_Y2_UO159,R1_F1_m1f1_P1_Y2_UO5,FXX,0,31.028997987985097,0,0,0.0,0,0,0,0.0,0.375,1,P0_CV0,1,1,1,0,2
1,2540470.832,712452.2021,Age0_F1_m1f1_P1_Y4_UO356,R1_F1_m1f1_P1_Y2_UO405,R1_F1_m1f1_P1_Y2_UO385,FXX,0,31.028997987985097,0,0,0.0,0,0,0,0.0,0.375,1,P0_CV0,1,0,2,2,0
1,2540470.832,712452.2021,Age0_F1_m1f1_P1_Y4_UO357,R1_F1_m1f1_P1_Y2_UO405,R1_F1_m1f1_P1_Y2_UO385,MXY,0,31.028997987985097,0,0,0.0,0,0,0,0.0,0.375,1,P0_CV0,1,1,1,2,0
1,2540470.832,712452.2021,Age0_F1_m1f1_P1_Y4_UO358,R1_F1_m1f1_P1_Y2_UO405,R1_F1_m1f1_P1_Y2_UO385,MXY,0,31.028997987985097,0,0,0.0,0,0,0,0.0,0.375,1,P0_CV0,1,0,2,2,0
1,2540470.832,712452.2021,Age0_F1_m1f1_P1_Y4_UO359,R1_F1_m1f1_P1_Y2_UO405,R1_F1_m1f1_P1_Y2_UO385,MXY,0,31.028997987985097,0,0,0.0,0,0,0,0.0,0.375,1,P0_CV0,1,1,1,2,0
1,2540470.832,712452.2021,Age0_F1_m1f1_P1_Y4_UO360,R1_F1_m1f1_P1_Y2_UO405,R1_F1_m1f1_P1_Y2_UO385,MXY,0,31.028997987985097,0,0,0.0,0,0,0,0.0,0.375,1,P0_CV0,1,1,1,2,0
1,2540470.832,712452.2021,Age0_F1_m1f1_P1_Y4_UO384,R1_F1_m1f1_P1_Y2_UO79,R1_F1_m1f1_P1_Y2_UO380,FXX,0,31.028997987985097,0,0,0.0,0,0,0,0.0,0.1875,1,P0_CV0,1,1,1,2,0
1,2540470.832,712452.2021,Age0_F1_m1f1_P1_Y4_UO385,R1_F1_m1f1_P1_Y2_UO79,R1_F1_m1f1_P1_Y2_UO380,MXY,0,31.028997987985097,0,0,0.0,0,0,0,0.0,0.1875,1,P0_CV0,1,1,1,1,1
1,2540470.832,712452.2021,Age0_F1_m1f1_P1_Y4_UO503,R1_F1_m1f1_P1_Y1_UO487,R1_F1_m1f1_P1_Y0_UO708,MXY,0,31.028997987985097,0,0,0.0,0,0,0,0.0,0.375,1,P0_CV0,1,1,1,2,0
1,2540470.832,712452.2021,Age0_F1_m1f1_P1_Y4_UO504,R1_F1_m1f1_P1_Y1_UO487,R1_F1_m1f1_P1_Y0_UO708,FXX,0,31.028997987985097,0,0,0.0,0,0,0,0.0,0.375,1,P0_CV0,1,2,0,2,0
1,2540470.832,712452.2021,Age0_F1_m1f1_P1_Y4_UO505,R1_F1_m1f1_P1_Y1_UO487,R1_F1_m1f1_P1_Y0_UO708,FXX,0,31.028997987985097,0,0,0.0,0,0,0,0.0,0.375,1,P0_CV0,1,0,2,2,0
1,2540470.832,712452.2021,Age0_F1_m1f1_P1_Y4_UO506,R1_F1_m1f1_P1_Y1_UO487,R1_F1_m1f1_P1_Y0_UO708,MXY,0,31.028997987985097,0,0,0.0,0,0,0,0.0,0.375,1,P0_CV0,1,1,1,2,0
1,2540470.832,712452.2021,Age0_F1_m1f1_P1_Y4_UO530,R1_F1_m1f1_P1_Y2_UO459,R1_F1_m1f1_P1_Y2_UO385,FXX,0,31.028997987985097,0,0,0.0,0,0,0,0.0,0.3125,1,P0_CV0,1,0,2,2,0
1,2540470.832,712452.2021,Age0_F1_m1f1_P1_Y4_UO531,R1_F1_m1f1_P1_Y2_UO459,R1_F1_m1f1_P1_Y2_UO385,MXY,0,31.028997987985097,0,0,0.0,0,0,0,0.0,0.3125,1,P0_CV0,1,0,2,2,0
1,2540470.832,712452.2021,Age0_F1_m1f1_P1_Y4_UO532,R1_F1_m1f1_P1_Y2_UO459,R1_F1_m1f1_P1_Y2_UO385,MXY,0,31.028997987985097,0,0,0.0,0,0,0,0.0,0.3125,1,P0_CV0,1,0,2,2,0
1,2540470.832,712452.2021,Age0_F1_m1f1_P1_Y4_UO533,R1_F1_m1f1_P1_Y2_UO459,R1_F1_m1f1_P1_Y2_UO385,FXX,0,31.028997987985097,0,0,0.0,0,0,0,0.0,0.3125,1,P0_CV0,1,0,2,2,0
1,2540470.832,712452.2021,Age0_F1_m1f1_P1_Y4_UO572,R1_F1_m1f1_P1_Y1_UO362,R1_F1_m1f1_P1_Y2_UO22,FXX,0,31.028997987985097,0,0,0.0,0,0,0,0.0,0.5,1,P0_CV0,1,1,1,1,1
1,2540470.832,712452.2021,Age0_F1_m1f1_P1_Y4_UO573,R1_F1_m1f1_P1_Y1_UO362,R1_F1_m1f1_P1_Y2_UO22,MXY,0,31.028997987985097,0,0,0.0,0,0,0,0.0,0.5,1,P0_CV0,1,1,1,1,1
1,2540470.832,712452.2021,Age0_F1_m1f1_P1_Y4_UO574,R1_F1_m1f1_P1_Y1_UO362,R1_F1_m1f1_P1_Y2_UO22,FXX,0,31.028997987985097,0,0,0.0,0,0,0,0.0,0.5,1,P0_CV0,1,1,1,0,2
1,2540470.832,712452.2021,Age0_F1_m1f1_P1_Y4_UO575,R1_F1_m1f1_P1_Y2_UO459,R1_F1_m1f1_P1_Y0_UO285,FXX,0,31.028997987985097,0,0,0.0,0,0,0,0.0,0.125,1,P0_CV0,1,0,2,2,0
1,2540470.832,712452.2021,Age0_F1_m1f1_P1_Y4_UO576,R1_F1_m1f1_P1_Y2_UO459,R1_F1_m1f1_P1_Y0_UO285,FXX,0,31.028997987985097,0,0,0.0,0,0,0,0.0,0.125,1,P0_CV0,1,1,1,2,0
1,2540470.832,712452.2021,Age0_F1_m1f1_P1_Y4_UO577,R1_F1_m1f1_P1_Y2_UO459,R1_F1_m1f1_P1_Y0_UO285,FXX,0,31.028997987985097,0,0,0.0,0,0,0,0.0,0.125,1,P0_CV0,1,0,2,2,0
1,2540470.832,712452.2021,Age0_F1_m1f1_P1_Y4_UO578,R1_F1_m1f1_P1_Y2_UO459,R1_F1_m1f1_P1_Y0_UO285,FXX,0,31.028997987985097,0,0,0.0,0,0,0,0.0,0.125,1,P0_CV0,1,1,1,2,0
1,2540470.832,712452.2021,Age0_F1_m1f1_P1_Y4_UO579,R1_F1_m1f1_P1_Y2_UO459,R1_F1_m1f1_P1_Y0_UO285,FXX,0,31.028997987985097,0,0,0.0,0,0,0,0.0,0.125,1,P0_CV0,1,1,1,2,0
1,2540470.832,712452.2021,Age0_F1_m1f1_P1_Y4_UO580,R1_F1_m1f1_P1_Y2_UO459,R1_F1_m1f1_P1_Y0_UO285,FXX,0,31.028997987985097,0,0,0.0,0,0,0,0.0,0.125,1,P0_CV0,1,0,2,2,0
1,2540470.832,712452.2021,Age0_F1_m1f1_P1_Y4_UO581,R1_F1_m1f1_P1_Y2_UO459,R1_F1_m1f1_P1_Y0_UO285,FXX,0,31.028997987985097,0,0,0.0,0,0,0,0.0,0.125,1,P0_CV0,1,0,2,2,0
1,2540470.832,712452.2021,Age0_F1_m1f1_P1_Y4_UO591,R1_F1_m1f1_P1_Y1_UO563,R1_F1_m1f1_P1_Y1_UO514,MXY,0,31.028997987985097,0,0,0.0,0,0,0,0.0,0.375,1,P0_CV0,1,1,1,1,1
1,2540470.832,712452.2021,Age0_F1_m1f1_P1_Y4_UO592,R1_F1_m1f1_P1_Y1_UO563,R1_F1_m1f1_P1_Y1_UO514,FXX,0,31.028997987985097,0,0,0.0,0,0,0,0.0,0.375,1,P0_CV0,1,1,1,1,1
1,2540470.832,712452.2021,Age0_F1_m1f1_P1_Y4_UO593,R1_F1_m1f1_P1_Y1_UO563,R1_F1_m1f1_P1_Y1_UO514,FXX,0,31.028997987985097,0,0,0.0,0,0,0,0.0,0.375,1,P0_CV0,1,1,1,1,1
1,2540470.832,712452.2021,Age0_F1_m1f1_P1_Y4_UO594,R1_F1_m1f1_P1_Y1_UO563,R1_F1_m1f1_P1_Y1_UO514,FXX,0,31.028997987985097,0,0,0.0,0,0,0,0.0,0.375,1,P0_CV0,1,2,0,1,1
1,2540470.832,712452.2021,Age0_F1_m1f1_P1_Y4_UO595,R1_F1_m1f1_P1_Y1_UO563,R1_F1_m1f1_P1_Y1_UO514,FXX,0,31.028997987985097,0,0,0.0,0,0,0,0.0,0.375,1,P0_CV0,1,2,0,0,2
1,2540470.832,712452.2021,Age0_F1_m1f1_P1_Y4_UO611,R1_F1_m1f1_P1_Y1_UO563,I1_F7_m1f1_P1_Y1_UO513,MXY,0,31.028997987985097,0,0,0.0,0,0,0,0.0,0.375,1,P0_CV0,1,1,1,1,1
1,2540470.832,712452.2021,Age0_F1_m1f1_P1_Y4_UO612,R1_F1_m1f1_P1_Y1_UO563,I1_F7_m1f1_P1_Y1_UO513,MXY,0,31.028997987985097,0,0,0.0,0,0,0,0.0,0.375,1,P0_CV0,1,1,1,2,0
1,2540470.832,712452.2021,Age0_F1_m1f1_P1_Y4_UO613,R1_F1_m1f1_P1_Y1_UO563,I1_F7_m1f1_P1_Y1_UO513,MXY,0,31.028997987985097,0,0,0.0,0,0,0,0.0,0.375,1,P0_CV0,1,0,2,0,2
1,2540470.832,712452.2021,Age0_F1_m1f1_P1_Y4_UO614,R1_F1_m1f1_P1_Y1_UO563,I1_F7_m1f1_P1_Y1_UO513,MXY,0,31.028997987985097,0,0,0.0,0,0,0,0.0,0.375,1,P0_CV0,1,1,1,2,0
1,2540470.832,712452.2021,Age0_F1_m1f1_P1_Y4_UO615,R1_F1_m1f1_P1_Y1_UO563,I1_F7_m1f1_P1_Y1_UO513,FXX,0,31.028997987985097,0,0,0.0,0,0,0,0.0,0.375,1,P0_CV0,1,1,1,1,1
1,2540470.832,712452.2021,Age0_F1_m1f1_P1_Y4_UO617,R1_F1_m1f1_P1_Y2_UO459,R1_F1_m-1f-1_P2_Y-1_U29,FXX,0,31.028997987985097,0,0,0.0,0,0,0,0.0,0.125,1,P0_CV0,1,0,2,1,1
1,2540470.832,712452.2021,Age0_F1_m1f1_P1_Y4_UO640,R1_F1_m1f1_P1_Y2_UO52,R1_F1_m1f1_P1_Y2_UO188,MXY,0,31.028997987985097,0,0,0.0,0,0,0,0.0,0.5,1,P0_CV0,1,1,1,1,1
1,2540470.832,712452.2021,Age0_F1_m1f1_P1_Y4_UO641,R1_F1_m1f1_P1_Y2_UO52,R1_F1_m1f1_P1_Y2_UO188,MXY,0,31.028997987985097,0,0,0.0,0,0,0,0.0,0.5,1,P0_CV0,1,2,0,0,2
1,2540470.832,712452.2021,Age0_F1_m1f1_P1_Y4_UO642,R1_F1_m1f1_P1_Y2_UO52,R1_F1_m1f1_P1_Y2_UO188,MXY,0,31.028997987985097,0,0,0.0,0,0,0,0.0,0.5,1,P0_CV0,1,0,2,1,1
1,2540470.832,712452.2021,Age0_F1_m1f1_P1_Y4_UO643,R1_F1_m1f1_P1_Y2_UO52,R1_F1_m1f1_P1_Y2_UO188,MXY,0,31.028997987985097,0,0,0.0,0,0,0,0.0,0.5,1,P0_CV0,1,1,1,0,2
1,2540470.832,712452.2021,Age0_F1_m1f1_P1_Y4_UO644,R1_F1_m1f1_P1_Y2_UO52,R1_F1_m1f1_P1_Y2_UO188,MXY,0,31.028997987985097,0,0,0.0,0,0,0,0.0,0.5,1,P0_CV0,1,1,1,1,1
1,2540470.832,712452.2021,Age0_F1_m1f1_P1_Y4_UO645,R1_F1_m1f1_P1_Y2_UO52,R1_F1_m1f1_P1_Y2_UO188,MXY,0,31.028997987985097,0,0,0.0,0,0,0,0.0,0.5,1,P0_CV0,1,1,1,1,1
1,2540470.832,712452.2021,Age0_F1_m1f1_P1_Y4_UO655,R1_F1_m1f1_P1_Y2_UO49,RD1_F4_m4f4_P4_Y2_UO239,FXX,0,31.028997987985097,0,0,0.0,0,0,0,0.0,0.375,1,P0_CV0,1,2,0,1,1
1,2540470.832,712452.2021,Age0_F1_m1f1_P1_Y4_UO656,R1_F1_m1f1_P1_Y2_UO49,RD1_F4_m4f4_P4_Y2_UO239,MXY,0,31.028997987985097,0,0,0.0,0,0,0,0.0,0.375,1,P0_CV0,1,1,1,2,0
1,2540470.832,712452.2021,Age0_F1_m1f1_P1_Y4_UO657,R1_F1_m1f1_P1_Y2_UO49,RD1_F4_m4f4_P4_Y2_UO239,FXX,0,31.028997987985097,0,0,0.0,0,0,0,0.0,0.375,1,P0_CV0,1,1,1,2,0
1,2540470.832,712452.2021,Age0_F1_m1f1_P1_Y4_UO661,R1_F1_m1f1_P1_Y2_UO459,R1_F1_m1f1_P1_Y2_UO22,MXY,0,31.028997987985097,0,0,0.0,0,0,0,0.0,0.5,1,P0_CV0,1,1,1,2,0
1,2540470.832,712452.2021,Age0_F1_m1f1_P1_Y4_UO662,R1_F1_m1f1_P1_Y2_UO459,R1_F1_m1f1_P1_Y2_UO22,FXX,0,31.028997987985097,0,0,0.0,0,0,0,0.0,0.5,1,P0_CV0,1,1,1,2,0
1,2540470.832,712452.2021,Age0_F1_m1f1_P1_Y4_UO666,R1_F1_m1f1_P1_Y2_UO539,R1_F1_m1f1_P1_Y1_UO561,FXX,0,31.028997987985097,0,0,0.0,0,0,0,0.0,0.375,1,P0_CV0,1,0,2,2,0
1,2540470.832,712452.2021,Age0_F1_m1f1_P1_Y4_UO667,R1_F1_m1f1_P1_Y2_UO539,R1_F1_m1f1_P1_Y1_UO561,MXY,0,31.028997987985097,0,0,0.0,0,0,0,0.0,0.375,1,P0_CV0,1,0,2,2,0
1,2540470.832,712452.2021,Age0_F1_m1f1_P1_Y4_UO668,R1_F1_m1f1_P1_Y2_UO539,R1_F1_m1f1_P1_Y1_UO561,MXY,0,31.028997987985097,0,0,0.0,0,0,0,0.0,0.375,1,P0_CV0,1,0,2,2,0
1,2540470.832,712452.2021,Age0_F1_m1f1_P1_Y4_UO669,R1_F1_m1f1_P1_Y2_UO539,R1_F1_m1f1_P1_Y1_UO561,MXY,0,31.028997987985097,0,0,0.0,0,0,0,0.0,0.375,1,P0_CV0,1,0,2,2,0
1,2540470.832,712452.2021,R1_F1_m1f1_P1_Y3_UO148,R1_F1_m-1f-1_P1_Y-1_U53,R1_F1_m1f1_P1_Y0_UO706,FXX,1,53.66092273482479,1,1,0.0,0,0,0,-9999.0,0.375,1,P0_CV0,1,0,2,1,1
1,2540470.832,712452.2021,R1_F1_m1f1_P1_Y3_UO475,R1_F1_m1f1_P1_Y1_UO563,R1_F1_m1f1_P1_Y0_UO395,MXY,1,53.66092273482479,1,1,0.0,0,0,0,-9999.0,0.375,1,P0_CV0,1,1,1,0,2
1,2540470.832,712452.2021,R1_F1_m1f1_P1_Y3_UO323,R1_F1_m-1f-1_P1_Y-1_U53,R1_F1_m1f1_P1_Y1_UO42,MXY,1,53.66092273482479,1,1,0.0,0,0,0,-9999.0,0.375,1,P0_CV0,1,0,2,1,1
1,2540470.832,712452.2021,R1_F1_m1f1_P1_Y3_UO474,R1_F1_m-1f-1_P1_Y-1_U83,R1_F1_m1f1_P1_Y0_UO555,FXX,1,53.66092273482479,1,1,0.0,0,0,0,-9999.0,0.0,1,P0_CV0,1,1,1,2,0
1,2540470.832,712452.2021,R1_F1_m1f1_P1_Y3_UO95,R1_F1_m-1f-1_P1_Y-1_U53,R1_F1_m1f1_P1_Y1_UO13,FXX,1,53.66092273482479,1,1,1.131,0,0,0,-9999.0,0.25,1,P0_CV0,1,1,1,0,2
1,2540470.832,712452.2021,R1_F1_m1f1_P1_Y3_UO435,R1_F1_m-1f-1_P1_Y-1_U104,R1_F1_m1f1_P1_Y0_UO395,MXY,1,53.66092273482479,1,1,0.0,0,0,0,-9999.0,0.375,1,P0_CV0,1,0,2,1,1
1,2540470.832,712452.2021,R1_F1_m1f1_P1_Y3_UO110,R1_F1_m1f1_P1_Y1_UO371,R1_F1_m1f1_P1_Y0_UO337,MXY,1,53.66092273482479,1,1,0.0,0,0,0,-9999.0,0.125,1,P0_CV0,1,1,1,1,1
1,2540470.832,712452.2021,R1_F1_m1f1_P1_Y3_UO132,I1_F7_m1f1_P1_Y0_UO434,R1_F1_m1f1_P1_Y0_UO708,FXX,1,53.66092273482479,1,1,1.0,0,0,0,-9999.0,0.625,1,P0_CV0,1,2,0,2,0
1,2540470.832,712452.2021,R1_F1_m1f1_P1_Y3_UO282,R1_F1_m1f1_P1_Y1_UO499,R1_F1_m1f1_P1_Y1_UO321,MXY,1,53.66092273482479,1,1,0.0,0,0,0,-9999.0,0.25,1,P0_CV0,1,1,1,0,2
1,2540470.832,712452.2021,R1_F1_m1f1_P1_Y3_UO436,R1_F1_m-1f-1_P1_Y-1_U104,R1_F1_m1f1_P1_Y0_UO395,FXX,1,53.66092273482479,1,1,1.433,0,0,0,-9999.0,0.375,1,P0_CV0,1,1,1,1,1
1,2540470.832,712452.2021,R1_F1_m1f1_P1_Y3_UO164,R1_F1_m1f1_P1_Y0_UO571,R1_F1_m1f1_P1_Y1_UO449,MXY,1,53.66092273482479,1,1,0.0,0,0,0,-9999.0,0.375,1,P0_CV0,1,0,2,2,0
1,2540470.832,712452.2021,R1_F1_m1f1_P1_Y3_UO310,R1_F1_m1f1_P1_Y1_UO581,R1_F1_m1f1_P1_Y1_UO363,FXX,1,53.66092273482479,1,1,2.742,0,0,0,-9999.0,0.25,1,P0_CV0,1,1,1,2,0
1,2540470.832,712452.2021,R1_F1_m1f1_P1_Y3_UO97,R1_F1_m-1f-1_P1_Y-1_U53,R1_F1_m1f1_P1_Y1_UO13,MXY,1,53.66092273482479,1,1,0.0,0,0,0,-9999.0,0.25,1,P0_CV0,1,1,1,2,0
1,2540470.832,712452.2021,R1_F1_m1f1_P1_Y3_UO361,R1_F1_m-1f-1_P1_Y-1_U53,R1_F1_m1f1_P1_Y0_UO708,MXY,1,53.66092273482479,1,1,0.0,0,0,0,-9999.0,0.375,1,P0_CV0,1,1,1,2,0
1,2540470.832,712452.2021,R1_F1_m1f1_P1_Y3_UO232,R1_F1_m-1f-1_P1_Y-1_U83,R1_F1_m1f1_P1_Y0_UO395,MXY,1,53.66092273482479,1,1,0.0,0,0,0,-9999.0,0.125,1,P0_CV0,1,0,2,1,1
1,2540470.832,712452.2021,R1_F1_m1f1_P1_Y3_UO311,R1_F1_m1f1_P1_Y1_UO581,R1_F1_m1f1_P1_Y1_UO363,FXX,1,53.66092273482479,1,1,1.0,0,0,0,-9999.0,0.25,1,P0_CV0,1,1,1,2,0
1,2540470.832,712452.2021,R1_F1_m1f1_P1_Y3_UO222,R1_F1_m-1f-1_P1_Y-1_U3,R1_F1_m1f1_P1_Y0_UO711,MXY,1,53.66092273482479,1,1,0.0,0,0,0,-9999.0,0.875,1,P0_CV0,1,1,1,1,1
1,2540470.832,712452.2021,R1_F1_m1f1_P1_Y3_UO51,R1_F1_m1f1_P1_Y1_UO365,R1_F1_m1f1_P1_Y1_UO370,FXX,1,53.66092273482479,1,1,0.0,0,0,0,-9999.0,0.25,1,P0_CV0,1,1,1,0,2
1,2540470.832,712452.2021,R1_F1_m1f1_P1_Y3_UO30,R1_F1_m-1f-1_P1_Y-1_U104,R1_F1_m-1f-1_P1_Y-1_U26,MXY,1,53.66092273482479,1,1,0.0,0,0,0,-9999.0,0.5,1,P0_CV0,1,2,0,1,1
1,2540470.832,712452.2021,R1_F1_m1f1_P1_Y3_UO459,R1_F1_m-1f-1_P1_Y-1_U88,R1_F1_m-1f-1_P1_Y-1_U92,MXY,1,53.66092273482479,1,1,0.0,0,0,0,-9999.0,0.25,1,P0_CV0,1,0,2,1,1
1,2540470.832,712452.2021,R1_F1_m1f1_P1_Y3_UO446,R1_F1_m1f1_P1_Y1_UO530,R1_F1_m1f1_P1_Y1_UO13,FXX,1,53.66092273482479,1,1,0.0,0,0,0,-9999.0,0.25,1,P0_CV0,1,0,2,0,2
1,2540470.832,712452.2021,R1_F1_m1f1_P1_Y3_UO131,I1_F7_m1f1_P1_Y0_UO434,R1_F1_m1f1_P1_Y0_UO708,MXY,1,53.66092273482479,1,1,0.0,0,0,0,-9999.0,0.625,1,P0_CV0,1,1,1,2,0
1,2540470.832,712452.2021,R1_F1_m1f1_P1_Y3_UO91,R1_F1_m1f1_P1_Y1_UO225,R1_F1_m1f1_P1_Y0_UO429,FXX,1,53.66092273482479,1,1,1.0,0,0,0,-9999.0,0.375,1,P0_CV0,1,2,0,0,2
1,2540470.832,712452.2021,R1_F1_m1f1_P1_Y3_UO109,R1_F1_m-1f-1_P1_Y-1_U55,R1_F1_m1f1_P1_Y1_UO561,MXY,1,53.66092273482479,1,1,0.0,0,0,0,-9999.0,0.25,1,P0_CV0,1,0,2,2,0
1,2540470.832,712452.2021,R1_F1_m1f1_P1_Y3_UO322,R1_F1_m-1f-1_P1_Y-1_U53,R1_F1_m1f1_P1_Y1_UO42,MXY,1,53.66092273482479,1,1,0.0,0,0,0,-9999.0,0.375,1,P0_CV0,1,0,2,2,0
1,2540470.832,712452.2021,R1_F1_m1f1_P1_Y3_UO231,R1_F1_m-1f-1_P1_Y-1_U83,R1_F1_m1f1_P1_Y0_UO395,MXY,1,53.66092273482479,1,1,0.0,0,0,0,-9999.0,0.125,1,P0_CV0,1,0,2,2,0
1,2540470.832,712452.2021,R1_F1_m1f1_P1_Y3_UO125,R1_F1_m1f1_P1_Y1_UO291,R1_F1_m1f1_P1_Y1_UO257,FXX,1,53.66092273482479,1,1,0.0,0,0,0,-9999.0,0.5,1,P0_CV0,1,1,1,0,2
1,2540470.832,712452.2021,R1_F1_m1f1_P1_Y3_UO29,R1_F1_m-1f-1_P1_Y-1_U104,R1_F1_m-1f-1_P1_Y-1_U26,FXX,1,53.66092273482479,1,1,2.278,0,0,0,-9999.0,0.5,1,P0_CV0,1,2,0,1,1
1,2540470.832,712452.2021,R1_F1_m1f1_P1_Y3_UO92,R1_F1_m1f1_P1_Y1_UO225,R1_F1_m1f1_P1_Y0_UO429,MXY,1,53.66092273482479,1,1,0.0,0,0,0,-9999.0,0.375,1,P0_CV0,1,2,0,0,2
1,2540470.832,712452.2021,R1_F1_m1f1_P1_Y3_UO472,R1_F1_m-1f-1_P1_Y-1_U83,R1_F1_m1f1_P1_Y0_UO555,MXY,1,53.66092273482479,1,1,0.0,0,0,0,-9999.0,0.0,1,P0_CV0,1,1,1,2,0
1,2540470.832,712452.2021,R1_F1_m1f1_P1_Y3_UO505,R1_F1_m-1f-1_P1_Y-1_U104,R1_F1_m-1f-1_P1_Y-1_U92,MXY,1,53.66092273482479,1,1,0.0,0,0,0,-9999.0,0.5,1,P0_CV0,1,2,0,0,2
1,2540470.832,712452.2021,R1_F1_m1f1_P1_Y3_UO445,R1_F1_m1f1_P1_Y1_UO530,R1_F1_m1f1_P1_Y1_UO13,FXX,1,53.66092273482479,1,1,0.0,0,0,0,-9999.0,0.25,1,P0_CV0,1,0,2,1,1
1,2540470.832,712452.2021,R1_F1_m1f1_P1_Y3_UO360,R1_F1_m-1f-1_P1_Y-1_U53,R1_F1_m1f1_P1_Y0_UO708,FXX,1,53.66092273482479,1,1,0.0,0,0,0,-9999.0,0.375,1,P0_CV0,1,1,1,2,0
1,2540470.832,712452.2021,R1_F1_m1f1_P1_Y3_UO534,R1_F1_m-1f-1_P1_Y-1_U83,R1_F1_m1f1_P1_Y1_UO529,FXX,1,53.66092273482479,1,1,0.0,0,0,0,-9999.0,0.0,1,P0_CV0,1,1,1,2,0
1,2540470.832,712452.2021,R1_F1_m1f1_P1_Y3_UO300,R1_F1_m1f1_P1_Y1_UO563,R1_F1_m1f1_P1_Y0_UO429,MXY,1,53.66092273482479,1,1,0.0,0,0,0,-9999.0,0.25,1,P0_CV0,1,1,1,1,1
1,2540470.832,712452.2021,R1_F1_m1f1_P1_Y3_UO108,R1_F1_m-1f-1_P1_Y-1_U55,R1_F1_m1f1_P1_Y1_UO561,FXX,1,53.66092273482479,1,1,2.418,0,0,0,-9999.0,0.25,1,P0_CV0,1,0,2,1,1
1,2540470.832,712452.2021,R1_F1_m1f1_P1_Y3_UO434,R1_F1_m-1f-1_P1_Y-1_U104,R1_F1_m1f1_P1_Y0_UO395,FXX,1,53.66092273482479,1,1,1.0,0,0,0,-9999.0,0.375,1,P0_CV0,1,1,1,1,1
1,2540470.832,712452.2021,R1_F1_m1f1_P1_Y3_UO443,R1_F1_m-1f-1_P1_Y-1_U83,R1_F1_m1f1_P1_Y0_UO51,FXX,1,53.66092273482479,1,1,1.385,0,0,0,-9999.0,0.0,1,P0_CV0,1,1,1,1,1
1,2540470.832,712452.2021,R1_F1_m1f1_P1_Y3_UO96,R1_F1_m-1f-1_P1_Y-1_U53,R1_F1_m1f1_P1_Y1_UO13,FXX,1,53.66092273482479,1,1,1.129,0,0,0,-9999.0,0.25,1,P0_CV0,1,1,1,1,1
1,2540470.832,712452.2021,R1_F1_m1f1_P1_Y3_UO220,R1_F1_m-1f-1_P1_Y-1_U3,R1_F1_m1f1_P1_Y0_UO711,FXX,1,53.66092273482479,1,1,1.0,0,0,0,-9999.0,0.875,1,P0_CV0,1,1,1,1,1
1,2540470.832,712452.2021,R1_F1_m1f1_P1_Y3_UO6,R1_F1_m1f1_P1_Y0_UO234,R1_F1_m1f1_P1_Y0_UO439,FXX,1,53.66092273482479,1,1,0.0,0,0,0,-9999.0,0.125,1,P0_CV0,1,1,1,0,2
1,2540470.832,712452.2021,R1_F1_m1f1_P1_Y3_UO141,R1_F1_m1f1_P1_Y0_UO341,R1_F1_m1f1_P1_Y0_UO460,MXY,1,53.66092273482479,1,1,0.0,0,0,0,-9999.0,0.125,1,P0_CV0,1,1,1,1,1
1,2540470.832,712452.2021,R1_F1_m1f1_P1_Y3_UO145,R1_F1_m1f1_P1_Y0_UO137,I1_F7_m1f1_P1_Y1_UO281,MXY,1,53.66092273482479,1,1,0.0,0,0,0,-9999.0,0.25,1,P0_CV0,1,2,0,0,2
1,2540470.832,712452.2021,R1_F1_m1f1_P1_Y3_UO281,R1_F1_m1f1_P1_Y1_UO499,R1_F1_m1f1_P1_Y1_UO321,MXY,1,53.66092273482479,1,1,0.0,0,0,0,-9999.0,0.25,1,P0_CV0,1,2,0,0,2
1,2540470.832,712452.2021,R1_F1_m1f1_P1_Y3_UO506,R1_F1_m1f1_P1_Y1_UO371,R1_F1_m1f1_P1_Y1_UO285,MXY,1,53.66092273482479,1,1,0.0,0,0,0,-9999.0,0.0,1,P0_CV0,1,1,1,1,1
1,2540470.832,712452.2021,R1_F1_m1f1_P1_Y2_UO12,R1_F1_m1f1_P1_Y0_UO434,R1_F1_m1f1_P1_Y0_UO1,MXY,2,77.61458708558803,1,0,0.0,0,0,0,-9999.0,0.375,1,P0_CV0,1,2,0,1,1
1,2540470.832,712452.2021,R1_F1_m1f1_P1_Y2_UO52,R1_F1_m-1f-1_P1_Y-1_U104,I1_F7_m-1f-1_P1_Y-1_U79,FXX,2,77.61458708558803,1,0,1.874,0,0,0,-9999.0,0.5,1,P0_CV0,1,1,1,0,2
1,2540470.832,712452.2021,R1_F1_m1f1_P1_Y2_UO162,R1_F1_m-1f-1_P1_Y-1_U85,I1_F7_m1f1_P1_Y0_UO395,MXY,2,77.61458708558803,1,0,0.0,0,0,0,-9999.0,0.375,1,P0_CV0,1,1,1,2,0
1,2540470.832,712452.2021,R1_F1_m1f1_P1_Y2_UO79,R1_F1_m1f1_P1_Y0_UO294,R1_F1_m1f1_P1_Y0_UO708,FXX,2,77.61458708558803,1,0,1.922,0,0,0,-9999.0,0.375,1,P0_CV0,1,1,1,1,1
1,2540470.832,712452.2021,R1_F1_m1f1_P1_Y2_UO411,R1_F1_m1f1_P1_Y0_UO571,I1_F7_m1f1_P1_Y0_UO395,MXY,2,77.61458708558803,1,0,0.0,0,0,0,-9999.0,0.375,1,P0_CV0,1,0,2,2,0
1,2540470.832,712452.2021,R1_F1_m1f1_P1_Y2_UO459,R1_F1_m1f1_P1_Y0_UO433,R1_F1_m-1f-1_P1_Y-1_U50,FXX,2,77.61458708558803,1,0,1.095,0,0,0,-9999.0,0.25,1,P0_CV0,1,0,2,2,0
1,2540470.832,712452.2021,R1_F1_m1f1_P1_Y2_UO187,R1_F1_m-1f-1_P1_Y-1_U20,R1_F1_m1f1_P1_Y0_UO219,FXX,2,77.61458708558803,1,0,1.0,0,0,0,-9999.0,0.5,1,P0_CV0,1,1,1,1,1
1,2540470.832,712452.2021,R1_F1_m1f1_P1_Y2_UO460,R1_F1_m1f1_P1_Y0_UO433,R1_F1_m-1f-1_P1_Y-1_U50,MXY,2,77.61458708558803,1,0,0.0,0,0,0,-9999.0,0.25,1,P0_CV0,1,0,2,1,1
1,2540470.832,712452.2021,R1_F1_m1f1_P1_Y2_UO17,R1_F1_m1f1_P1_Y0_UO234,R1_F1_m1f1_P1_Y0_UO154,MXY,2,77.61458708558803,1,0,0.0,0,0,0,-9999.0,0.5,1,P0_CV0,1,1,1,1,1
1,2540470.832,712452.2021,R1_F1_m1f1_P1_Y2_UO603,R1_F1_m1f1_P1_Y0_UO294,R1_F1_m1f1_P1_Y0_UO52,FXX,2,77.61169459199157,1,0,1.959,0,0,0,-9999.0,0.0,1,P0_CV0,1,0,2,0,2
1,2540470.832,712452.2021,R1_F1_m1f1_P1_Y2_UO539,R1_F1_m-1f-1_P1_Y-1_U104,R1_F1_m1f1_P1_Y0_UO285,FXX,2,77.61458708558803,1,0,0.0,0,0,0,-9999.0,0.25,1,P0_CV0,1,0,2,2,0
1,2540470.832,712452.2021,R1_F1_m1f1_P1_Y2_UO160,R1_F1_m-1f-1_P1_Y-1_U85,I1_F7_m1f1_P1_Y0_UO395,MXY,2,77.61458708558803,1,0,0.0,0,0,0,-9999.0,0.375,1,P0_CV0,1,0,2,2,0
1,2540470.832,712452.2021,R1_F1_m1f1_P1_Y2_UO405,R1_F1_m1f1_P1_Y0_UO571,I1_F7_m1f1_P1_Y0_UO395,FXX,2,77.61458708558803,1,0,1.0,0,0,0,-9999.0,0.375,1,P0_CV0,1,1,1,2,0
1,2540470.832,712452.2021,R1_F1_m1f1_P1_Y2_UO538,R1_F1_m-1f-1_P1_Y-1_U104,R1_F1_m1f1_P1_Y0_UO285,MXY,2,77.61458708558803,1,0,0.0,0,0,0,-9999.0,0.25,1,P0_CV0,1,0,2,1,1
1,2540470.832,712452.2021,R1_F1_m1f1_P1_Y2_UO293,R1_F1_m1f1_P1_Y0_UO545,R1_F1_m1f1_P1_Y0_UO285,MXY,2,77.61458708558803,1,0,0.0,0,0,0,-9999.0,0.25,1,P0_CV0,1,1,1,1,1
1,2540470.832,712452.2021,R1_F1_m1f1_P1_Y2_UO537,R1_F1_m-1f-1_P1_Y-1_U104,R1_F1_m1f1_P1_Y0_UO285,MXY,2,77.61458708558803,1,0,0.0,0,0,0,-9999.0,0.25,1,P0_CV0,1,1,1,2,0
1,2540470.832,712452.2021,R1_F1_m1f1_P1_Y2_UO379,R1_F1_m1f1_P1_Y0_UO294,R1_F1_m-1f-1_P1_Y-1_U99,MXY,2,77.61458708558803,1,0,0.0,0,0,0,-9999.0,0.0,1,P0_CV0,1,0,2,2,0
1,2540470.832,712452.2021,R1_F1_m1f1_P1_Y2_UO159,R1_F1_m-1f-1_P1_Y-1_U85,I1_F7_m1f1_P1_Y0_UO395,FXX,2,77.61458708558803,1,0,1.611,0,0,0,-9999.0,0.375,1,P0_CV0,1,0,2,1,1
1,2540470.832,712452.2021,R1_F1_m1f1_P1_Y2_UO587,R1_F1_m1f1_P1_Y0_UO687,R1_F1_m-1f-1_P1_Y-1_U99,FXX,2,77.61458708558803,1,0,1.0,0,0,0,-9999.0,0.25,1,P0_CV0,1,1,1,1,1
1,2540470.832,712452.2021,R1_F1_m1f1_P1_Y2_UO399,R1_F1_m-1f-1_P1_Y-1_U83,I1_F7_m-1f-1_P1_Y-1_U36,FXX,2,77.61458708558803,1,0,2.03,0,0,0,-9999.0,0.0,1,P0_CV0,1,0,2,1,1
1,2540470.832,712452.2021,R1_F1_m1f1_P1_Y2_UO255,R1_F1_m-1f-1_P1_Y-1_U93,R1_F1_m1f1_P1_Y0_UO285,FXX,2,77.61458708558803,1,0,1.0,0,0,0,-9999.0,0.0,1,P0_CV0,1,1,1,1,1
1,2540470.832,712452.2021,R1_F1_m1f1_P1_Y2_UO588,R1_F1_m1f1_P1_Y0_UO687,R1_F1_m-1f-1_P1_Y-1_U99,MXY,2,77.61458708558803,1,0,0.0,0,0,0,-9999.0,0.25,1,P0_CV0,1,1,1,1,1
1,2540470.832,712452.2021,R1_F1_m1f1_P1_Y2_UO261,R1_F1_m-1f-1_P1_Y-1_U104,I1_F7_m-1f-1_P1_Y-1_U79,MXY,2,77.61458708558803,1,0,0.0,0,0,0,-9999.0,0.5,1,P0_CV0,1,2,0,1,1
1,2540470.832,712452.2021,R1_F1_m1f1_P1_Y2_UO528,R1_F1_m-1f-1_P1_Y-1_U55,R1_F1_m-1f-1_P1_Y-1_U52,FXX,2,77.61458708558803,1,0,1.095,0,0,0,-9999.0,0.0,1,P0_CV0,1,0,2,0,2
1,2540470.832,712452.2021,R1_F1_m1f1_P1_Y1_UO421,R1_F1_m-1f-1_P1_Y-1_U0,R1_F1_m-1f-1_P1_Y-1_U26,FXX,3,97.2151657853174,1,0,1.0,0,0,0,-9999.0,0.5,1,P0_CV0,1,0,2,1,1
1,2540470.832,712452.2021,R1_F1_m1f1_P1_Y1_UO79,R1_F1_m-1f-1_P1_Y-1_U9,R1_F1_m-1f-1_P1_Y-1_U24,FXX,3,97.21034196975106,1,0,2.398,0,0,0,-9999.0,0.5,1,P0_CV0,1,2,0,1,1
1,2540470.832,712452.2021,R1_F1_m1f1_P1_Y1_UO487,R1_F1_m-1f-1_P1_Y-1_U124,R1_F1_m-1f-1_P1_Y-1_U125,FXX,3,97.21034196975106,1,0,1.319,0,0,0,-9999.0,0.0,1,P0_CV0,1,1,1,2,0
1,2540470.832,712452.2021,R1_F1_m1f1_P1_Y1_UO42,R1_F1_m-1f-1_P1_Y-1_U28,R1_F1_m-1f-1_P1_Y-1_U71,MXY,3,97.21034196975106,1,0,0.0,0,0,0,-9999.0,0.75,1,P0_CV0,1,1,1,2,0
1,2540470.832,712452.2021,R1_F1_m1f1_P1_Y1_UO513,R1_F1_m-1f-1_P1_Y-1_U9,R1_F1_m-1f-1_P1_Y-1_U67,MXY,3,97.20767749108354,1,0,0.0,0,0,0,-9999.0,0.25,1,P0_CV0,1,1,1,1,1
1,2540470.832,712452.2021,R1_F1_m1f1_P1_Y1_UO530,R1_F1_m-1f-1_P1_Y-1_U57,R1_F1_m-1f-1_P1_Y-1_U56,FXX,3,97.21034196975106,1,0,1.0,0,0,0,-9999.0,0.0,1,P0_CV0,1,1,1,1,1
1,2540470.832,712452.2021,R1_F1_m1f1_P1_Y1_UO325,R1_F1_m-1f-1_P1_Y-1_U28,R1_F1_m-1f-1_P1_Y-1_U94,FXX,3,97.21034196975106,1,0,0.0,0,0,0,-9999.0,0.5,1,P0_CV0,1,1,1,2,0
1,2540470.832,712452.2021,R1_F1_m1f1_P1_Y1_UO323,R1_F1_m-1f-1_P1_Y-1_U8,R1_F1_m-1f-1_P1_Y-1_U4,FXX,3,97.21034196975106,1,0,0.0,0,0,0,-9999.0,0.0,1,P0_CV0,1,2,0,1,1
1,2540470.832,712452.2021,R1_F1_m1f1_P1_Y1_UO334,R1_F1_m-1f-1_P1_Y-1_U80,R1_F1_m-1f-1_P1_Y-1_U23,FXX,3,97.21034196975106,1,0,1.0,0,0,0,-9999.0,0.5,1,P0_CV0,1,1,1,0,2
1,2540470.832,712452.2021,R1_F1_m1f1_P1_Y1_UO363,R1_F1_m-1f-1_P1_Y-1_U83,R1_F1_m-1f-1_P1_Y-1_U31,MXY,3,97.21034196975106,1,0,0.0,0,0,0,-9999.0,0.25,1,P0_CV0,1,0,2,1,1
1,2540470.832,712452.2021,R1_F1_m1f1_P1_Y1_UO13,R1_F1_m-1f-1_P1_Y-1_U19,RD1_F6_m-1f-1_P6_Y-1_U79,MXY,3,97.21034196975106,1,0,0.0,0,0,0,-9999.0,0.5,1,P0_CV0,1,1,1,1,1
1,2540470.832,712452.2021,R1_F1_m1f1_P1_Y1_UO514,R1_F1_m-1f-1_P1_Y-1_U9,R1_F1_m-1f-1_P1_Y-1_U67,MXY,3,97.21034196975106,1,0,0.0,0,0,0,-9999.0,0.25,1,P0_CV0,1,2,0,1,1
1,2540470.832,712452.2021,R1_F1_m1f1_P1_Y0_UO194,R1_F1_m-1f-1_P1_Y-1_U29,R1_F1_m-1f-1_P1_Y-1_U97,FXX,4,111.63842463011032,1,0,0.0,0,0,0,-9999.0,0.5,1,P0_CV0,1,2,0,1,1
1,2540470.832,712452.2021,R1_F1_m1f1_P1_Y0_UO426,R1_F1_m-1f-1_P1_Y-1_U93,R1_F1_m-1f-1_P1_Y-1_U123,FXX,4,111.63842463011032,1,0,1.283,0,0,0,-9999.0,0.0,1,P0_CV0,1,1,1,0,2
1,2540470.832,712452.2021,R1_F1_m1f1_P1_Y0_UO285,R1_F1_m-1f-1_P1_Y-1_U33,R1_F1_m-1f-1_P1_Y-1_U127,MXY,4,111.63842463011032,1,0,0.0,0,0,0,-9999.0,0.0,1,P0_CV0,1,1,1,2,0
1,2540470.832,712452.2021,R1_F1_m1f1_P1_Y0_UO708,R1_F1_m-1f-1_P1_Y-1_U20,R1_F1_m-1f-1_P1_Y-1_U44,MXY,4,111.63842463011032,1,0,0.0,0,0,0,-9999.0,0.75,1,P0_CV0,1,1,1,2,0
1,2540470.832,712452.2021,R1_F1_m1f1_P1_Y0_UO395,R1_F1_m-1f-1_P1_Y-1_U25,R1_F1_m-1f-1_P1_Y-1_U68,MXY,4,111.63603359784355,1,0,0.0,0,0,0,-9999.0,0.25,1,P0_CV0,1,0,2,1,1
1,2540470.832,712452.2021,R1_F1_m1f1_P1_Y0_UO555,R1_F1_m-1f-1_P1_Y-1_U76,R1_F1_m-1f-1_P1_Y-1_U42,MXY,4,111.63622974440543,1,0,0.0,0,0,0,-9999.0,0.0,1,P0_CV0,1,1,1,2,0
1,2540470.832,712452.2021,R1_F1_m-1f-1_P1_Y-1_U83,-9999,-9999,FXX,5,121.65542158580267,1,0,1.352,0,0,0,-9999.0,0.0,1,P0_CV0,1,0,2,2,0
1,2540470.832,712452.2021,R1_F1_m-1f-1_P1_Y-1_U50,-9999,-9999,MXY,5,121.65542158580267,1,0,0.0,0,0,0,-9999.0,0.0,1,P0_CV0,1,0,2,1,1
1,2540470.832,712452.2021,Age0_F1_m1f1_P1_Y4_UO176,R1_F1_m1f1_P1_Y0_UO194,R1_F1_m-1f-1_P2_Y-1_U29,MXY,0,31.028997987985097,0,0,0.0,0,0,0,0.0,0.25,1,P1_CV0,1,1,1,2,0
1,2540470.832,712452.2021,Age0_F1_m1f1_P1_Y4_UO178,R1_F1_m1f1_P1_Y0_UO194,R1_F1_m-1f-1_P2_Y-1_U29,MXY,0,31.028997987985097,0,0,0.0,0,0,0,0.0,0.25,1,P1_CV0,1,1,1,0,2
1,2540470.832,712452.2021,Age0_F1_m1f1_P1_Y4_UO180,R1_F1_m1f1_P1_Y0_UO194,R1_F1_m-1f-1_P2_Y-1_U29,MXY,0,31.028997987985097,0,0,0.0,0,0,0,0.0,0.25,1,P1_CV0,1,1,1,0,2
1,2540470.832,712452.2021,Age0_F1_m1f1_P1_Y4_UO181,R1_F1_m1f1_P1_Y0_UO194,R1_F1_m-1f-1_P2_Y-1_U29,MXY,0,31.028997987985097,0,0,0.0,0,0,0,0.0,0.25,1,P1_CV0,1,1,1,1,1
1,2540470.832,712452.2021,Age0_F1_m1f1_P1_Y4_UO616,R1_F1_m1f1_P1_Y2_UO459,R1_F1_m-1f-1_P2_Y-1_U29,MXY,0,31.028997987985097,0,0,0.0,0,0,0,0.0,0.125,1,P1_CV0,1,0,2,2,0
1,2540470.832,712452.2021,Age0_F1_m1f1_P1_Y4_UO618,R1_F1_m1f1_P1_Y2_UO459,R1_F1_m-1f-1_P2_Y-1_U29,FXX,0,31.028997987985097,0,0,0.0,0,0,0,0.0,0.125,1,P1_CV0,1,0,2,2,0
1,2540470.832,712452.2021,Age0_F1_m1f1_P1_Y4_UO653,R1_F1_m1f1_P1_Y2_UO49,RD1_F4_m4f4_P4_Y2_UO239,FXX,0,31.028997987985097,0,0,0.0,0,0,0,0.0,0.375,1,P3_CV0,1,1,1,2,0
1,2540470.832,712452.2021,Age0_F1_m1f1_P1_Y4_UO654,R1_F1_m1f1_P1_Y2_UO49,RD1_F4_m4f4_P4_Y2_UO239,MXY,0,31.028997987985097,0,0,0.0,0,0,0,0.0,0.375,1,P3_CV0,1,1,1,2,0
1,2540470.832,712452.2021,Age0_F1_m1f1_P1_Y4_UO658,R1_F1_m1f1_P1_Y2_UO49,RD1_F4_m4f4_P4_Y2_UO239,MXY,0,31.028997987985097,0,0,0.0,0,0,0,0.0,0.375,1,P3_CV0,1,2,0,1,1
1,2540470.832,712452.2021,Age0_F1_m1f1_P1_Y4_UO659,R1_F1_m1f1_P1_Y2_UO49,RD1_F4_m4f4_P4_Y2_UO239,MXY,0,31.028997987985097,0,0,0.0,0,0,0,0.0,0.375,1,P3_CV0,1,1,1,1,1
1,2540470.832,712452.2021,Age0_F1_m1f1_P1_Y4_UO660,R1_F1_m1f1_P1_Y2_UO459,R1_F1_m1f1_P1_Y2_UO22,MXY,0,31.028997987985097,0,0,0.0,0,0,0,0.0,0.5,1,P5_CV0,1,1,1,2,0
1,2540470.832,712452.2021,R1_F1_m1f1_P1_Y3_UO452,R1_F1_m-1f-1_P1_Y-1_U104,R1_F1_m6f6_P6_Y1_UO33,FXX,1,53.66092273482479,1,1,1.399,0,0,0,-9999.0,0.5,1,P5_CV0,1,1,1,1,1
1,2540470.832,712452.2021,R1_F1_m1f1_P1_Y2_UO22,R1_F1_m-1f-1_P1_Y-1_U3,R1_F1_m-1f-1_P6_Y-1_U79,MXY,2,77.61458708558803,1,0,0.0,0,0,0,-9999.0,0.75,1,P5_CV0,1,2,0,1,1
2,2536859.926,708059.4624,R2_F2_m1f1_P1_Y3_UO473,R1_F1_m-1f-1_P1_Y-1_U83,R1_F1_m1f1_P1_Y0_UO555,FXX,1,31.451261129589344,1,1,2.637,0,0,0,-9999.0,0.0,1,P0_CV0,1,1,1,2,0
2,2536859.926,708059.4624,R2_F2_m1f1_P1_Y3_UO83,R1_F1_m1f1_P1_Y0_UO194,R1_F1_m1f1_P1_Y1_UO335,MXY,1,31.451261129589344,1,1,0.0,0,0,0,-9999.0,0.5,1,P0_CV0,1,2,0,2,0
2,2536859.926,708059.4624,Age0_F2_m2f2_P2_Y4_UO8,I2_F7_m-1f-1_P2_Y-1_U127,R2_F2_m2f2_P2_Y2_UO583,FXX,0,31.046513974702982,0,0,0.0,0,0,0,0.0,0.5,1,P1_CV0,1,2,0,1,1
2,2536859.926,708059.4624,Age0_F2_m2f2_P2_Y4_UO9,I2_F7_m-1f-1_P2_Y-1_U127,R2_F2_m2f2_P2_Y2_UO583,MXY,0,31.046513974702982,0,0,0.0,0,0,0,0.0,0.5,1,P1_CV0,1,1,1,2,0
2,2536859.926,708059.4624,Age0_F2_m2f2_P2_Y4_UO10,I2_F7_m-1f-1_P2_Y-1_U127,R2_F2_m2f2_P2_Y2_UO583,MXY,0,31.046513974702982,0,0,0.0,0,0,0,0.0,0.5,1,P1_CV0,1,1,1,2,0
2,2536859.926,708059.4624,Age0_F2_m2f2_P2_Y4_UO11,I2_F7_m-1f-1_P2_Y-1_U127,R2_F2_m2f2_P2_Y2_UO583,FXX,0,31.046513974702982,0,0,0.0,0,0,0,0.0,0.5,1,P1_CV0,1,2,0,1,1
2,2536859.926,708059.4624,Age0_F2_m2f2_P2_Y4_UO12,I2_F7_m-1f-1_P2_Y-1_U127,R2_F2_m2f2_P2_Y2_UO583,MXY,0,31.046513974702982,0,0,0.0,0,0,0,0.0,0.5,1,P1_CV0,1,2,0,1,1
2,2536859.926,708059.4624,Age0_F2_m2f2_P2_Y4_UO13,I2_F7_m-1f-1_P2_Y-1_U127,R2_F2_m2f2_P2_Y2_UO583,MXY,0,31.046513974702982,0,0,0.0,0,0,0,0.0,0.5,1,P1_CV0,1,1,1,1,1
2,2536859.926,708059.4624,Age0_F2_m2f2_P2_Y4_UO14,I2_F7_m-1f-1_P2_Y-1_U127,R2_F2_m2f2_P2_Y2_UO583,MXY,0,31.046513974702982,0,0,0.0,0,0,0,0.0,0.5,1,P1_CV0,1,1,1,2,0
2,2536859.926,708059.4624,Age0_F2_m2f2_P2_Y4_UO15,I2_F7_m-1f-1_P2_Y-1_U127,R2_F2_m2f2_P2_Y2_UO583,FXX,0,31.046513974702982,0,0,0.0,0,0,0,0.0,0.5,1,P1_CV0,1,0,2,0,2
2,2536859.926,708059.4624,Age0_F2_m2f2_P2_Y4_UO16,I2_F7_m-1f-1_P2_Y-1_U127,R2_F2_m2f2_P2_Y2_UO583,FXX,0,31.046513974702982,0,0,0.0,0,0,0,0.0,0.5,1,P1_CV0,1,1,1,1,1
2,2536859.926,708059.4624,Age0_F2_m2f2_P2_Y4_UO17,I2_F7_m-1f-1_P2_Y-1_U127,R2_F2_m2f2_P2_Y2_UO583,MXY,0,31.046513974702982,0,0,0.0,0,0,0,0.0,0.5,1,P1_CV0,1,1,1,1,1
2,2536859.926,708059.4624,Age0_F2_m2f2_P2_Y4_UO18,I2_F7_m-1f-1_P2_Y-1_U127,R2_F2_m2f2_P2_Y2_UO583,MXY,0,31.046513974702982,0,0,0.0,0,0,0,0.0,0.5,1,P1_CV0,1,1,1,2,0
2,2536859.926,708059.4624,Age0_F2_m2f2_P2_Y4_UO19,I2_F7_m-1f-1_P2_Y-1_U127,R2_F2_m2f2_P2_Y2_UO583,MXY,0,31.046513974702982,0,0,0.0,0,0,0,0.0,0.5,1,P1_CV0,1,1,1,1,1
2,2536859.926,708059.4624,Age0_F2_m2f2_P2_Y4_UO32,R2_F2_m2f2_P2_Y2_UO611,RD2_F4_m4f4_P4_Y2_UO630,MXY,0,31.046513974702982,0,0,0.0,0,0,0,0.0,0.375,1,P1_CV0,1,1,1,2,0
2,2536859.926,708059.4624,Age0_F2_m2f2_P2_Y4_UO33,R2_F2_m2f2_P2_Y2_UO611,RD2_F4_m4f4_P4_Y2_UO630,MXY,0,31.046513974702982,0,0,0.0,0,0,0,0.0,0.375,1,P1_CV0,1,1,1,1,1
2,2536859.926,708059.4624,Age0_F2_m2f2_P2_Y4_UO37,R2_F2_m2f2_P2_Y2_UO611,RD2_F4_m4f4_P4_Y2_UO630,FXX,0,31.046513974702982,0,0,0.0,0,0,0,0.0,0.375,1,P1_CV0,1,1,1,2,0
2,2536859.926,708059.4624,Age0_F2_m2f2_P2_Y4_UO38,R2_F2_m2f2_P2_Y2_UO611,RD2_F4_m4f4_P4_Y2_UO630,MXY,0,31.046513974702982,0,0,0.0,0,0,0,0.0,0.375,1,P1_CV0,1,0,2,1,1
2,2536859.926,708059.4624,Age0_F2_m2f2_P2_Y4_UO39,R2_F2_m2f2_P2_Y2_UO613,R2_F2_m2f2_P2_Y2_UO120,FXX,0,31.046513974702982,0,0,0.0,0,0,0,0.0,0.4375,1,P1_CV0,1,2,0,1,1
2,2536859.926,708059.4624,Age0_F2_m2f2_P2_Y4_UO40,R2_F2_m2f2_P2_Y2_UO613,R2_F2_m2f2_P2_Y2_UO120,MXY,0,31.046513974702982,0,0,0.0,0,0,0,0.0,0.4375,1,P1_CV0,1,0,2,1,1
2,2536859.926,708059.4624,Age0_F2_m2f2_P2_Y4_UO41,R2_F2_m2f2_P2_Y2_UO613,R2_F2_m2f2_P2_Y2_UO120,MXY,0,31.046513974702982,0,0,0.0,0,0,0,0.0,0.4375,1,P1_CV0,1,2,0,1,1
2,2536859.926,708059.4624,Age0_F2_m2f2_P2_Y4_UO42,R2_F2_m2f2_P2_Y2_UO613,R2_F2_m2f2_P2_Y2_UO120,FXX,0,31.046513974702982,0,0,0.0,0,0,0,0.0,0.4375,1,P1_CV0,1,0,2,1,1
2,2536859.926,708059.4624,Age0_F2_m2f2_P2_Y4_UO236,R2_F2_m2f2_P2_Y2_UO613,R2_F2_m2f2_P2_Y2_UO609,FXX,0,31.046513974702982,0,0,0.0,0,0,0,0.0,0.375,1,P1_CV0,1,2,0,2,0
2,2536859.926,708059.4624,Age0_F2_m2f2_P2_Y4_UO237,R2_F2_m2f2_P2_Y2_UO613,R2_F2_m2f2_P2_Y2_UO609,MXY,0,31.046513974702982,0,0,0.0,0,0,0,0.0,0.375,1,P1_CV0,1,1,1,2,0
2,2536859.926,708059.4624,Age0_F2_m2f2_P2_Y4_UO238,R2_F2_m2f2_P2_Y2_UO613,R2_F2_m2f2_P2_Y2_UO609,FXX,0,31.046513974702982,0,0,0.0,0,0,0,0.0,0.375,1,P1_CV0,1,1,1,2,0
2,2536859.926,708059.4624,Age0_F2_m2f2_P2_Y4_UO239,R2_F2_m2f2_P2_Y2_UO613,R2_F2_m2f2_P2_Y2_UO609,MXY,0,31.046513974702982,0,0,0.0,0,0,0,0.0,0.375,1,P1_CV0,1,0,2,2,0
2,2536859.926,708059.4624,Age0_F2_m2f2_P2_Y4_UO240,R2_F2_m2f2_P2_Y2_UO613,R2_F2_m2f2_P2_Y2_UO609,MXY,0,31.046513974702982,0,0,0.0,0,0,0,0.0,0.375,1,P1_CV0,1,1,1,2,0
2,2536859.926,708059.4624,Age0_F2_m2f2_P2_Y4_UO241,R2_F2_m2f2_P2_Y2_UO613,R2_F2_m2f2_P2_Y2_UO609,FXX,0,31.046513974702982,0,0,0.0,0,0,0,0.0,0.375,1,P1_CV0,1,1,1,2,0
2,2536859.926,708059.4624,Age0_F2_m2f2_P2_Y4_UO242,R2_F2_m2f2_P2_Y2_UO613,R2_F2_m2f2_P2_Y2_UO609,MXY,0,31.046513974702982,0,0,0.0,0,0,0,0.0,0.375,1,P1_CV0,1,2,0,2,0
2,2536859.926,708059.4624,Age0_F2_m2f2_P2_Y4_UO254,R2_F2_m2f2_P2_Y2_UO492,R2_F2_m2f2_P2_Y1_UO113,MXY,0,31.046513974702982,0,0,0.0,0,0,0,0.0,0.375,1,P1_CV0,1,1,1,1,1
2,2536859.926,708059.4624,Age0_F2_m2f2_P2_Y4_UO255,R2_F2_m2f2_P2_Y2_UO492,R2_F2_m2f2_P2_Y1_UO113,MXY,0,31.046513974702982,0,0,0.0,0,0,0,0.0,0.375,1,P1_CV0,1,1,1,2,0
2,2536859.926,708059.4624,Age0_F2_m2f2_P2_Y4_UO256,R2_F2_m2f2_P2_Y2_UO492,R2_F2_m2f2_P2_Y1_UO113,FXX,0,31.046513974702982,0,0,0.0,0,0,0,0.0,0.375,1,P1_CV0,1,1,1,2,0
2,2536859.926,708059.4624,Age0_F2_m2f2_P2_Y4_UO257,R2_F2_m2f2_P2_Y2_UO492,R2_F2_m2f2_P2_Y1_UO113,FXX,0,31.046513974702982,0,0,0.0,0,0,0,0.0,0.375,1,P1_CV0,1,1,1,2,0
2,2536859.926,708059.4624,Age0_F2_m2f2_P2_Y4_UO258,R2_F2_m2f2_P2_Y2_UO492,R2_F2_m2f2_P2_Y1_UO113,MXY,0,31.046513974702982,0,0,0.0,0,0,0,0.0,0.375,1,P1_CV0,1,1,1,1,1
2,2536859.926,708059.4624,Age0_F2_m2f2_P2_Y4_UO259,R2_F2_m2f2_P2_Y2_UO492,R2_F2_m2f2_P2_Y1_UO113,FXX,0,31.046513974702982,0,0,0.0,0,0,0,0.0,0.375,1,P1_CV0,1,1,1,1,1
2,2536859.926,708059.4624,Age0_F2_m2f2_P2_Y4_UO260,R2_F2_m2f2_P2_Y2_UO492,R2_F2_m2f2_P2_Y1_UO113,MXY,0,31.046513974702982,0,0,0.0,0,0,0,0.0,0.375,1,P1_CV0,1,1,1,1,1
2,2536859.926,708059.4624,Age0_F2_m2f2_P2_Y4_UO303,R2_F2_m2f2_P2_Y0_UO347,R2_F2_m2f2_P2_Y2_UO172,FXX,0,31.046513974702982,0,0,0.0,0,0,0,0.0,0.375,1,P1_CV0,1,0,2,2,0
2,2536859.926,708059.4624,Age0_F2_m2f2_P2_Y4_UO304,R2_F2_m2f2_P2_Y0_UO347,R2_F2_m2f2_P2_Y2_UO172,FXX,0,31.046513974702982,0,0,0.0,0,0,0,0.0,0.375,1,P1_CV0,1,1,1,2,0
2,2536859.926,708059.4624,Age0_F2_m2f2_P2_Y4_UO305,R2_F2_m2f2_P2_Y0_UO347,R2_F2_m2f2_P2_Y2_UO172,MXY,0,31.046513974702982,0,0,0.0,0,0,0,0.0,0.375,1,P1_CV0,1,0,2,1,1
2,2536859.926,708059.4624,Age0_F2_m2f2_P2_Y4_UO306,R2_F2_m2f2_P2_Y0_UO347,R2_F2_m2f2_P2_Y2_UO172,FXX,0,31.046513974702982,0,0,0.0,0,0,0,0.0,0.375,1,P1_CV0,1,1,1,1,1
2,2536859.926,708059.4624,Age0_F2_m2f2_P2_Y4_UO307,R2_F2_m2f2_P2_Y0_UO347,R2_F2_m2f2_P2_Y2_UO172,MXY,0,31.046513974702982,0,0,0.0,0,0,0,0.0,0.375,1,P1_CV0,1,0,2,1,1
2,2536859.926,708059.4624,Age0_F2_m2f2_P2_Y4_UO308,R2_F2_m2f2_P2_Y0_UO347,R2_F2_m2f2_P2_Y2_UO172,MXY,0,31.046513974702982,0,0,0.0,0,0,0,0.0,0.375,1,P1_CV0,1,0,2,1,1
2,2536859.926,708059.4624,Age0_F2_m2f2_P2_Y4_UO309,R2_F2_m2f2_P2_Y0_UO347,R2_F2_m2f2_P2_Y2_UO172,MXY,0,31.046513974702982,0,0,0.0,0,0,0,0.0,0.375,1,P1_CV0,1,0,2,2,0
2,2536859.926,708059.4624,Age0_F2_m2f2_P2_Y4_UO310,R2_F2_m2f2_P2_Y0_UO347,R2_F2_m2f2_P2_Y2_UO172,MXY,0,31.046513974702982,0,0,0.0,0,0,0,0.0,0.375,1,P1_CV0,1,1,1,2,0
2,2536859.926,708059.4624,Age0_F2_m2f2_P2_Y4_UO311,R2_F2_m2f2_P2_Y0_UO347,R2_F2_m2f2_P2_Y2_UO172,FXX,0,31.046513974702982,0,0,0.0,0,0,0,0.0,0.375,1,P1_CV0,1,0,2,1,1
2,2536859.926,708059.4624,Age0_F2_m2f2_P2_Y4_UO329,R2_F2_m2f2_P2_Y2_UO121,R2_F2_m2f2_P2_Y2_UO302,FXX,0,31.046513974702982,0,0,0.0,0,0,0,0.0,0.5625,1,P1_CV0,1,2,0,1,1
2,2536859.926,708059.4624,Age0_F2_m2f2_P2_Y4_UO330,R2_F2_m2f2_P2_Y2_UO121,R2_F2_m2f2_P2_Y2_UO302,FXX,0,31.046513974702982,0,0,0.0,0,0,0,0.0,0.5625,1,P1_CV0,1,1,1,2,0
2,2536859.926,708059.4624,Age0_F2_m2f2_P2_Y4_UO331,R2_F2_m2f2_P2_Y2_UO121,R2_F2_m2f2_P2_Y2_UO302,FXX,0,31.046513974702982,0,0,0.0,0,0,0,0.0,0.5625,1,P1_CV0,1,1,1,2,0
2,2536859.926,708059.4624,Age0_F2_m2f2_P2_Y4_UO332,R2_F2_m2f2_P2_Y2_UO121,R2_F2_m2f2_P2_Y2_UO302,MXY,0,31.046513974702982,0,0,0.0,0,0,0,0.0,0.5625,1,P1_CV0,1,2,0,1,1
2,2536859.926,708059.4624,Age0_F2_m2f2_P2_Y4_UO333,R2_F2_m2f2_P2_Y2_UO121,R2_F2_m2f2_P2_Y2_UO302,FXX,0,31.046513974702982,0,0,0.0,0,0,0,0.0,0.5625,1,P1_CV0,1,1,1,2,0
2,2536859.926,708059.4624,Age0_F2_m2f2_P2_Y4_UO337,R2_F2_m2f2_P2_Y2_UO613,R2_F2_m2f2_P2_Y2_UO522,FXX,0,31.046513974702982,0,0,0.0,0,0,0,0.0,0.375,1,P1_CV0,1,2,0,1,1
2,2536859.926,708059.4624,Age0_F2_m2f2_P2_Y4_UO338,R2_F2_m2f2_P2_Y2_UO613,R2_F2_m2f2_P2_Y2_UO522,MXY,0,31.046513974702982,0,0,0.0,0,0,0,0.0,0.375,1,P1_CV0,1,1,1,2,0
2,2536859.926,708059.4624,Age0_F2_m2f2_P2_Y4_UO339,R2_F2_m2f2_P2_Y2_UO613,R2_F2_m2f2_P2_Y2_UO522,MXY,0,31.046513974702982,0,0,0.0,0,0,0,0.0,0.375,1,P1_CV0,1,2,0,2,0
2,2536859.926,708059.4624,Age0_F2_m2f2_P2_Y4_UO340,R2_F2_m2f2_P2_Y2_UO613,R2_F2_m2f2_P2_Y2_UO522,MXY,0,31.046513974702982,0,0,0.0,0,0,0,0.0,0.375,1,P1_CV0,1,1,1,1,1
2,2536859.926,708059.4624,Age0_F2_m2f2_P2_Y4_UO341,R2_F2_m2f2_P2_Y2_UO613,R2_F2_m2f2_P2_Y2_UO522,MXY,0,31.046513974702982,0,0,0.0,0,0,0,0.0,0.375,1,P1_CV0,1,2,0,1,1
2,2536859.926,708059.4624,Age0_F2_m2f2_P2_Y4_UO369,R2_F2_m2f2_P2_Y2_UO492,RD2_F5_m5f5_P5_Y0_UO77,MXY,0,31.046513974702982,0,0,0.0,0,0,0,0.0,0.375,1,P1_CV0,1,0,2,2,0
2,2536859.926,708059.4624,Age0_F2_m2f2_P2_Y4_UO372,R2_F2_m2f2_P2_Y2_UO492,RD2_F5_m5f5_P5_Y0_UO77,FXX,0,31.046513974702982,0,0,0.0,0,0,0,0.0,0.375,1,P1_CV0,1,1,1,2,0
2,2536859.926,708059.4624,Age0_F2_m2f2_P2_Y4_UO373,R2_F2_m2f2_P2_Y2_UO492,RD2_F5_m5f5_P5_Y0_UO77,MXY,0,31.046513974702982,0,0,0.0,0,0,0,0.0,0.375,1,P1_CV0,1,0,2,2,0
2,2536859.926,708059.4624,Age0_F2_m2f2_P2_Y4_UO374,R2_F2_m2f2_P2_Y2_UO492,RD2_F5_m5f5_P5_Y0_UO77,FXX,0,31.046513974702982,0,0,0.0,0,0,0,0.0,0.375,1,P1_CV0,1,0,2,0,2
2,2536859.926,708059.4624,Age0_F2_m2f2_P2_Y4_UO377,R2_F2_m2f2_P2_Y2_UO81,RD2_F5_m5f5_P5_Y0_UO77,MXY,0,31.046513974702982,0,0,0.0,0,0,0,0.0,0.5,1,P1_CV0,1,0,2,0,2
2,2536859.926,708059.4624,Age0_F2_m2f2_P2_Y4_UO378,R2_F2_m2f2_P2_Y2_UO81,RD2_F5_m5f5_P5_Y0_UO77,FXX,0,31.046513974702982,0,0,0.0,0,0,0,0.0,0.5,1,P1_CV0,1,1,1,0,2
2,2536859.926,708059.4624,Age0_F2_m2f2_P2_Y4_UO391,R2_F2_m2f2_P2_Y2_UO82,R2_F2_m2f2_P2_Y2_UO493,MXY,0,31.046513974702982,0,0,0.0,0,0,0,0.0,0.375,1,P1_CV0,1,0,2,1,1
2,2536859.926,708059.4624,Age0_F2_m2f2_P2_Y4_UO392,R2_F2_m2f2_P2_Y2_UO82,R2_F2_m2f2_P2_Y2_UO493,MXY,0,31.046513974702982,0,0,0.0,0,0,0,0.0,0.375,1,P1_CV0,1,0,2,1,1
2,2536859.926,708059.4624,Age0_F2_m2f2_P2_Y4_UO393,R2_F2_m2f2_P2_Y2_UO82,R2_F2_m2f2_P2_Y2_UO493,FXX,0,31.046513974702982,0,0,0.0,0,0,0,0.0,0.375,1,P1_CV0,1,0,2,1,1
2,2536859.926,708059.4624,Age0_F2_m2f2_P2_Y4_UO394,R2_F2_m2f2_P2_Y2_UO82,R2_F2_m2f2_P2_Y2_UO493,FXX,0,31.046513974702982,0,0,0.0,0,0,0,0.0,0.375,1,P1_CV0,1,0,2,1,1
2,2536859.926,708059.4624,Age0_F2_m2f2_P2_Y4_UO395,R2_F2_m2f2_P2_Y2_UO82,R2_F2_m2f2_P2_Y2_UO493,MXY,0,31.046513974702982,0,0,0.0,0,0,0,0.0,0.375,1,P1_CV0,1,0,2,1,1
2,2536859.926,708059.4624,Age0_F2_m2f2_P2_Y4_UO418,R2_F2_m2f2_P2_Y1_UO387,R2_F2_m2f2_P2_Y1_UO113,FXX,0,31.046513974702982,0,0,0.0,0,0,0,0.0,0.5,1,P1_CV0,1,1,1,1,1
2,2536859.926,708059.4624,Age0_F2_m2f2_P2_Y4_UO419,R2_F2_m2f2_P2_Y1_UO387,R2_F2_m2f2_P2_Y1_UO113,MXY,0,31.046513974702982,0,0,0.0,0,0,0,0.0,0.5,1,P1_CV0,1,2,0,1,1
2,2536859.926,708059.4624,Age0_F2_m2f2_P2_Y4_UO420,R2_F2_m2f2_P2_Y1_UO387,R2_F2_m2f2_P2_Y1_UO113,MXY,0,31.046513974702982,0,0,0.0,0,0,0,0.0,0.5,1,P1_CV0,1,2,0,2,0
2,2536859.926,708059.4624,Age0_F2_m2f2_P2_Y4_UO421,R2_F2_m2f2_P2_Y1_UO387,R2_F2_m2f2_P2_Y1_UO113,FXX,0,31.046513974702982,0,0,0.0,0,0,0,0.0,0.5,1,P1_CV0,1,1,1,1,1
2,2536859.926,708059.4624,Age0_F2_m2f2_P2_Y4_UO425,R2_F2_m2f2_P2_Y2_UO58,R2_F2_m2f2_P2_Y2_UO583,FXX,0,31.046513974702982,0,0,0.0,0,0,0,0.0,0.5,1,P1_CV0,1,0,2,1,1
2,2536859.926,708059.4624,Age0_F2_m2f2_P2_Y4_UO426,R2_F2_m2f2_P2_Y2_UO58,R2_F2_m2f2_P2_Y2_UO583,FXX,0,31.046513974702982,0,0,0.0,0,0,0,0.0,0.5,1,P1_CV0,1,0,2,1,1
2,2536859.926,708059.4624,Age0_F2_m2f2_P2_Y4_UO427,R2_F2_m2f2_P2_Y2_UO58,R2_F2_m2f2_P2_Y2_UO583,MXY,0,31.046513974702982,0,0,0.0,0,0,0,0.0,0.5,1,P1_CV0,1,1,1,1,1
2,2536859.926,708059.4624,Age0_F2_m2f2_P2_Y4_UO428,R2_F2_m2f2_P2_Y2_UO58,R2_F2_m2f2_P2_Y2_UO583,MXY,0,31.046513974702982,0,0,0.0,0,0,0,0.0,0.5,1,P1_CV0,1,1,1,0,2
2,2536859.926,708059.4624,Age0_F2_m2f2_P2_Y4_UO429,R2_F2_m2f2_P2_Y1_UO172,I2_F7_m2f2_P2_Y1_UO516,MXY,0,31.046513974702982,0,0,0.0,0,0,0,0.0,0.375,1,P1_CV0,1,1,1,1,1
2,2536859.926,708059.4624,Age0_F2_m2f2_P2_Y4_UO430,R2_F2_m2f2_P2_Y1_UO172,I2_F7_m2f2_P2_Y1_UO516,FXX,0,31.046513974702982,0,0,0.0,0,0,0,0.0,0.375,1,P1_CV0,1,1,1,1,1
2,2536859.926,708059.4624,Age0_F2_m2f2_P2_Y4_UO431,R2_F2_m2f2_P2_Y1_UO172,I2_F7_m2f2_P2_Y1_UO516,FXX,0,31.046513974702982,0,0,0.0,0,0,0,0.0,0.375,1,P1_CV0,1,1,1,1,1
2,2536859.926,708059.4624,Age0_F2_m2f2_P2_Y4_UO485,R2_F2_m2f2_P2_Y1_UO418,R2_F2_m2f2_P2_Y2_UO609,FXX,0,31.046513974702982,0,0,0.0,0,0,0,0.0,0.5,1,P1_CV0,1,1,1,1,1
2,2536859.926,708059.4624,Age0_F2_m2f2_P2_Y4_UO486,R2_F2_m2f2_P2_Y1_UO418,R2_F2_m2f2_P2_Y2_UO609,MXY,0,31.046513974702982,0,0,0.0,0,0,0,0.0,0.5,1,P1_CV0,1,2,0,1,1
2,2536859.926,708059.4624,Age0_F2_m2f2_P2_Y4_UO488,R2_F2_m2f2_P2_Y1_UO198,RD2_F4_m4f4_P4_Y2_UO630,FXX,0,31.046513974702982,0,0,0.0,0,0,0,0.0,0.375,1,P1_CV0,1,0,2,2,0
2,2536859.926,708059.4624,Age0_F2_m2f2_P2_Y4_UO490,R2_F2_m2f2_P2_Y1_UO198,RD2_F4_m4f4_P4_Y2_UO630,MXY,0,31.046513974702982,0,0,0.0,0,0,0,0.0,0.375,1,P1_CV0,1,0,2,1,1
2,2536859.926,708059.4624,Age0_F2_m2f2_P2_Y4_UO491,R2_F2_m2f2_P2_Y1_UO198,RD2_F4_m4f4_P4_Y2_UO630,FXX,0,31.046513974702982,0,0,0.0,0,0,0,0.0,0.375,1,P1_CV0,1,0,2,1,1
2,2536859.926,708059.4624,Age0_F2_m2f2_P2_Y4_UO492,R2_F2_m2f2_P2_Y1_UO198,RD2_F4_m4f4_P4_Y2_UO630,FXX,0,31.046513974702982,0,0,0.0,0,0,0,0.0,0.375,1,P1_CV0,1,0,2,1,1
2,2536859.926,708059.4624,Age0_F2_m2f2_P2_Y4_UO516,R2_F2_m2f2_P2_Y2_UO82,R2_F2_m2f2_P2_Y2_UO218,FXX,0,31.046513974702982,0,0,0.0,0,0,0,0.0,0.5625,1,P1_CV0,1,1,1,0,2
2,2536859.926,708059.4624,Age0_F2_m2f2_P2_Y4_UO517,R2_F2_m2f2_P2_Y2_UO82,R2_F2_m2f2_P2_Y2_UO218,FXX,0,31.046513974702982,0,0,0.0,0,0,0,0.0,0.5625,1,P1_CV0,1,1,1,1,1
2,2536859.926,708059.4624,Age0_F2_m2f2_P2_Y4_UO518,R2_F2_m2f2_P2_Y2_UO82,R2_F2_m2f2_P2_Y2_UO218,MXY,0,31.046513974702982,0,0,0.0,0,0,0,0.0,0.5625,1,P1_CV0,1,1,1,1,1
2,2536859.926,708059.4624,Age0_F2_m2f2_P2_Y4_UO519,R2_F2_m2f2_P2_Y2_UO82,R2_F2_m2f2_P2_Y2_UO218,FXX,0,31.046513974702982,0,0,0.0,0,0,0,0.0,0.5625,1,P1_CV0,1,0,2,1,1
2,2536859.926,708059.4624,Age0_F2_m2f2_P2_Y4_UO520,R2_F2_m2f2_P2_Y2_UO82,R2_F2_m2f2_P2_Y2_UO218,MXY,0,31.046513974702982,0,0,0.0,0,0,0,0.0,0.5625,1,P1_CV0,1,0,2,1,1
2,2536859.926,708059.4624,Age0_F2_m2f2_P2_Y4_UO521,R2_F2_m2f2_P2_Y2_UO82,R2_F2_m2f2_P2_Y2_UO218,FXX,0,31.046513974702982,0,0,0.0,0,0,0,0.0,0.5625,1,P1_CV0,1,1,1,1,1
2,2536859.926,708059.4624,Age0_F2_m2f2_P2_Y4_UO522,R2_F2_m2f2_P2_Y2_UO135,R2_F2_m2f2_P2_Y2_UO176,FXX,0,31.046513974702982,0,0,0.0,0,0,0,0.0,0.4375,1,P1_CV0,1,1,1,2,0
2,2536859.926,708059.4624,Age0_F2_m2f2_P2_Y4_UO523,R2_F2_m2f2_P2_Y2_UO135,R2_F2_m2f2_P2_Y2_UO176,MXY,0,31.046513974702982,0,0,0.0,0,0,0,0.0,0.4375,1,P1_CV0,1,1,1,1,1
2,2536859.926,708059.4624,Age0_F2_m2f2_P2_Y4_UO524,R2_F2_m2f2_P2_Y2_UO135,R2_F2_m2f2_P2_Y2_UO176,MXY,0,31.046513974702982,0,0,0.0,0,0,0,0.0,0.4375,1,P1_CV0,1,1,1,0,2
2,2536859.926,708059.4624,Age0_F2_m2f2_P2_Y4_UO554,R2_F2_m2f2_P2_Y2_UO611,R2_F2_m2f2_P2_Y2_UO200,FXX,0,31.046513974702982,0,0,0.0,0,0,0,0.0,0.5625,1,P1_CV0,1,2,0,1,1
2,2536859.926,708059.4624,Age0_F2_m2f2_P2_Y4_UO555,R2_F2_m2f2_P2_Y2_UO611,R2_F2_m2f2_P2_Y2_UO200,FXX,0,31.046513974702982,0,0,0.0,0,0,0,0.0,0.5625,1,P1_CV0,1,2,0,1,1
2,2536859.926,708059.4624,Age0_F2_m2f2_P2_Y4_UO556,R2_F2_m2f2_P2_Y2_UO611,R2_F2_m2f2_P2_Y2_UO200,MXY,0,31.046513974702982,0,0,0.0,0,0,0,0.0,0.5625,1,P1_CV0,1,2,0,1,1
2,2536859.926,708059.4624,Age0_F2_m2f2_P2_Y4_UO557,R2_F2_m2f2_P2_Y2_UO611,R2_F2_m2f2_P2_Y2_UO200,FXX,0,31.046513974702982,0,0,0.0,0,0,0,0.0,0.5625,1,P1_CV0,1,1,1,1,1
2,2536859.926,708059.4624,Age0_F2_m2f2_P2_Y4_UO558,R2_F2_m2f2_P2_Y2_UO611,R2_F2_m2f2_P2_Y2_UO200,MXY,0,31.046513974702982,0,0,0.0,0,0,0,0.0,0.5625,1,P1_CV0,1,1,1,1,1
2,2536859.926,708059.4624,Age0_F2_m2f2_P2_Y4_UO601,R2_F2_m2f2_P2_Y2_UO82,R2_F2_m2f2_P2_Y2_UO139,FXX,0,31.046513974702982,0,0,0.0,0,0,0,0.0,0.4375,1,P1_CV0,1,1,1,1,1
2,2536859.926,708059.4624,Age0_F2_m2f2_P2_Y4_UO602,R2_F2_m2f2_P2_Y2_UO82,R2_F2_m2f2_P2_Y2_UO139,FXX,0,31.046513974702982,0,0,0.0,0,0,0,0.0,0.4375,1,P1_CV0,1,1,1,1,1
2,2536859.926,708059.4624,Age0_F2_m2f2_P2_Y4_UO603,R2_F2_m2f2_P2_Y2_UO82,R2_F2_m2f2_P2_Y2_UO139,FXX,0,31.046513974702982,0,0,0.0,0,0,0,0.0,0.4375,1,P1_CV0,1,1,1,1,1
2,2536859.926,708059.4624,Age0_F2_m2f2_P2_Y4_UO604,R2_F2_m2f2_P2_Y2_UO82,R2_F2_m2f2_P2_Y2_UO139,MXY,0,31.046513974702982,0,0,0.0,0,0,0,0.0,0.4375,1,P1_CV0,1,1,1,1,1
2,2536859.926,708059.4624,Age0_F2_m2f2_P2_Y4_UO605,R2_F2_m2f2_P2_Y2_UO82,R2_F2_m2f2_P2_Y2_UO139,FXX,0,31.046513974702982,0,0,0.0,0,0,0,0.0,0.4375,1,P1_CV0,1,1,1,1,1
2,2536859.926,708059.4624,Age0_F2_m2f2_P2_Y4_UO606,R2_F2_m2f2_P2_Y2_UO82,R2_F2_m2f2_P2_Y2_UO139,MXY,0,31.046513974702982,0,0,0.0,0,0,0,0.0,0.4375,1,P1_CV0,1,0,2,1,1
2,2536859.926,708059.4624,Age0_F2_m2f2_P2_Y4_UO607,R2_F2_m2f2_P2_Y2_UO82,R2_F2_m2f2_P2_Y2_UO139,MXY,0,31.046513974702982,0,0,0.0,0,0,0,0.0,0.4375,1,P1_CV0,1,0,2,1,1
2,2536859.926,708059.4624,Age0_F2_m2f2_P2_Y4_UO619,R2_F2_m2f2_P2_Y0_UO62,R2_F2_m2f2_P2_Y1_UO301,FXX,0,31.046513974702982,0,0,0.0,0,0,0,0.0,0.625,1,P1_CV0,1,1,1,2,0
2,2536859.926,708059.4624,Age0_F2_m2f2_P2_Y4_UO620,R2_F2_m2f2_P2_Y0_UO62,R2_F2_m2f2_P2_Y1_UO301,MXY,0,31.046513974702982,0,0,0.0,0,0,0,0.0,0.625,1,P1_CV0,1,1,1,2,0
2,2536859.926,708059.4624,Age0_F2_m2f2_P2_Y4_UO621,R2_F2_m2f2_P2_Y0_UO62,R2_F2_m2f2_P2_Y1_UO301,MXY,0,31.046513974702982,0,0,0.0,0,0,0,0.0,0.625,1,P1_CV0,1,1,1,2,0
2,2536859.926,708059.4624,Age0_F2_m2f2_P2_Y4_UO622,R2_F2_m2f2_P2_Y0_UO62,R2_F2_m2f2_P2_Y1_UO301,MXY,0,31.046513974702982,0,0,0.0,0,0,0,0.0,0.625,1,P1_CV0,1,1,1,0,2
2,2536859.926,708059.4624,Age0_F2_m2f2_P2_Y4_UO623,R2_F2_m2f2_P2_Y0_UO62,R2_F2_m2f2_P2_Y1_UO301,FXX,0,31.046513974702982,0,0,0.0,0,0,0,0.0,0.625,1,P1_CV0,1,1,1,2,0
2,2536859.926,708059.4624,Age0_F2_m2f2_P2_Y4_UO624,R2_F2_m2f2_P2_Y0_UO62,R2_F2_m2f2_P2_Y1_UO301,MXY,0,31.046513974702982,0,0,0.0,0,0,0,0.0,0.625,1,P1_CV0,1,1,1,0,2
2,2536859.926,708059.4624,Age0_F2_m2f2_P2_Y4_UO625,R2_F2_m2f2_P2_Y0_UO62,R2_F2_m2f2_P2_Y1_UO301,FXX,0,31.046513974702982,0,0,0.0,0,0,0,0.0,0.625,1,P1_CV0,1,1,1,1,1
2,2536859.926,708059.4624,Age0_F2_m2f2_P2_Y4_UO626,R2_F2_m2f2_P2_Y0_UO62,R2_F2_m2f2_P2_Y1_UO301,MXY,0,31.046513974702982,0,0,0.0,0,0,0,0.0,0.625,1,P1_CV0,1,1,1,0,2
2,2536859.926,708059.4624,Age0_F2_m2f2_P2_Y4_UO627,R2_F2_m2f2_P2_Y0_UO62,R2_F2_m2f2_P2_Y1_UO301,MXY,0,31.046513974702982,0,0,0.0,0,0,0,0.0,0.625,1,P1_CV0,1,1,1,1,1
2,2536859.926,708059.4624,Age0_F2_m2f2_P2_Y4_UO628,R2_F2_m2f2_P2_Y0_UO62,R2_F2_m2f2_P2_Y1_UO301,MXY,0,31.046513974702982,0,0,0.0,0,0,0,0.0,0.625,1,P1_CV0,1,1,1,1,1
2,2536859.926,708059.4624,Age0_F2_m2f2_P2_Y4_UO629,R2_F2_m2f2_P2_Y0_UO62,R2_F2_m2f2_P2_Y1_UO301,MXY,0,31.046513974702982,0,0,0.0,0,0,0,0.0,0.625,1,P1_CV0,1,1,1,2,0
2,2536859.926,708059.4624,Age0_F2_m2f2_P2_Y4_UO630,R2_F2_m-1f-1_P2_Y-1_U19,R2_F2_m2f2_P2_Y1_UO212,FXX,0,31.046513974702982,0,0,0.0,0,0,0,0.0,0.625,1,P1_CV0,1,1,1,2,0
2,2536859.926,708059.4624,Age0_F2_m2f2_P2_Y4_UO631,R2_F2_m-1f-1_P2_Y-1_U19,R2_F2_m2f2_P2_Y1_UO212,MXY,0,31.046513974702982,0,0,0.0,0,0,0,0.0,0.625,1,P1_CV0,1,0,2,1,1
2,2536859.926,708059.4624,Age0_F2_m2f2_P2_Y4_UO632,R2_F2_m-1f-1_P2_Y-1_U19,R2_F2_m2f2_P2_Y1_UO212,FXX,0,31.046513974702982,0,0,0.0,0,0,0,0.0,0.625,1,P1_CV0,1,1,1,2,0
2,2536859.926,708059.4624,Age0_F2_m2f2_P2_Y4_UO633,R2_F2_m-1f-1_P2_Y-1_U19,R2_F2_m2f2_P2_Y1_UO212,MXY,0,31.046513974702982,0,0,0.0,0,0,0,0.0,0.625,1,P1_CV0,1,1,1,2,0
2,2536859.926,708059.4624,Age0_F2_m2f2_P2_Y4_UO634,R2_F2_m-1f-1_P2_Y-1_U19,R2_F2_m2f2_P2_Y1_UO212,MXY,0,31.046513974702982,0,0,0.0,0,0,0,0.0,0.625,1,P1_CV0,1,2,0,2,0
2,2536859.926,708059.4624,Age0_F2_m2f2_P2_Y4_UO635,R2_F2_m-1f-1_P2_Y-1_U19,R2_F2_m2f2_P2_Y1_UO212,FXX,0,31.046513974702982,0,0,0.0,0,0,0,0.0,0.625,1,P1_CV0,1,1,1,2,0
2,2536859.926,708059.4624,Age0_F2_m2f2_P2_Y4_UO636,R2_F2_m-1f-1_P2_Y-1_U19,R2_F2_m2f2_P2_Y1_UO212,MXY,0,31.046513974702982,0,0,0.0,0,0,0,0.0,0.625,1,P1_CV0,1,1,1,1,1
2,2536859.926,708059.4624,Age0_F2_m2f2_P2_Y4_UO637,R2_F2_m-1f-1_P2_Y-1_U19,R2_F2_m2f2_P2_Y1_UO212,FXX,0,31.046513974702982,0,0,0.0,0,0,0,0.0,0.625,1,P1_CV0,1,2,0,2,0
2,2536859.926,708059.4624,Age0_F2_m2f2_P2_Y4_UO638,R2_F2_m-1f-1_P2_Y-1_U19,R2_F2_m2f2_P2_Y1_UO212,FXX,0,31.046513974702982,0,0,0.0,0,0,0,0.0,0.625,1,P1_CV0,1,0,2,2,0
2,2536859.926,708059.4624,Age0_F2_m2f2_P2_Y4_UO639,R2_F2_m-1f-1_P2_Y-1_U19,R2_F2_m2f2_P2_Y1_UO212,FXX,0,31.046513974702982,0,0,0.0,0,0,0,0.0,0.625,1,P1_CV0,1,1,1,1,1
2,2536859.926,708059.4624,R2_F2_m2f2_P2_Y3_UO212,R2_F2_m2f2_P2_Y1_UO174,R2_F2_m-1f-1_P2_Y-1_U28,MXY,1,31.491314174091887,1,1,0.0,0,0,0,-9999.0,0.625,1,P1_CV0,1,2,0,2,0
2,2536859.926,708059.4624,R2_F2_m2f2_P2_Y3_UO501,R2_F2_m2f2_P2_Y1_UO385,R2_F2_m2f2_P2_Y1_UO359,MXY,1,31.491314174091887,1,1,0.0,0,0,0,-9999.0,0.875,1,P1_CV0,1,2,0,1,1
2,2536859.926,708059.4624,R2_F2_m2f2_P2_Y3_UO502,R2_F2_m2f2_P2_Y1_UO385,R2_F2_m2f2_P2_Y1_UO359,FXX,1,31.491314174091887,1,1,1.0,0,0,0,-9999.0,0.875,1,P1_CV0,1,1,1,1,1
2,2536859.926,708059.4624,R2_F2_m2f2_P2_Y3_UO207,R2_F2_m2f2_P2_Y0_UO651,R2_F2_m-1f-1_P2_Y-1_U96,FXX,1,31.491314174091887,1,1,1.0,0,0,0,-9999.0,0.875,1,P1_CV0,1,1,1,0,2
2,2536859.926,708059.4624,R2_F2_m2f2_P2_Y3_UO210,R2_F2_m2f2_P2_Y1_UO385,R2_F2_m2f2_P2_Y1_UO240,FXX,1,31.491314174091887,1,1,1.931,0,0,0,-9999.0,0.75,1,P1_CV0,1,1,1,2,0
2,2536859.926,708059.4624,R2_F2_m2f2_P2_Y3_UO498,R2_F2_m2f2_P2_Y0_UO651,R2_F2_m2f2_P2_Y0_UO362,MXY,1,31.491314174091887,1,1,0.0,0,0,0,-9999.0,0.5,1,P1_CV0,1,2,0,1,1
2,2536859.926,708059.4624,R2_F2_m2f2_P2_Y3_UO8,R2_F2_m2f2_P2_Y1_UO308,R2_F2_m2f2_P2_Y0_UO236,FXX,1,31.491314174091887,1,1,2.252,0,0,0,-9999.0,0.75,1,P1_CV0,1,0,2,1,1
2,2536859.926,708059.4624,R2_F2_m2f2_P2_Y3_UO524,R2_F2_m-1f-1_P2_Y-1_U106,R2_F2_m2f2_P2_Y0_UO740,MXY,1,31.491314174091887,1,1,0.0,0,0,0,-9999.0,0.5,1,P1_CV0,1,1,1,1,1
2,2536859.926,708059.4624,R2_F2_m2f2_P2_Y3_UO536,R2_F2_m2f2_P2_Y0_UO115,R2_F2_m2f2_P2_Y1_UO148,FXX,1,31.491314174091887,1,1,1.0,0,0,0,-9999.0,0.5,1,P1_CV0,1,1,1,1,1
2,2536859.926,708059.4624,R2_F2_m2f2_P2_Y3_UO85,R2_F2_m2f2_P2_Y0_UO266,R2_F2_m2f2_P2_Y0_UO261,FXX,1,31.491314174091887,1,1,1.0,0,0,0,-9999.0,0.5,1,P1_CV0,1,2,0,2,0
2,2536859.926,708059.4624,R2_F2_m2f2_P2_Y3_UO455,R2_F2_m2f2_P2_Y1_UO124,R2_F2_m2f2_P2_Y0_UO268,MXY,1,31.491314174091887,1,1,0.0,0,0,0,-9999.0,0.75,1,P1_CV0,1,1,1,0,2
2,2536859.926,708059.4624,R2_F2_m2f2_P2_Y3_UO160,R2_F2_m-1f-1_P2_Y-1_U60,R2_F2_m2f2_P2_Y1_UO301,MXY,1,31.491314174091887,1,1,0.0,0,0,0,-9999.0,0.5,1,P1_CV0,1,2,0,1,1
2,2536859.926,708059.4624,R2_F2_m2f2_P2_Y3_UO262,R2_F2_m2f2_P2_Y1_UO198,R2_F2_m2f2_P2_Y1_UO517,FXX,1,31.491314174091887,1,1,1.0,0,0,0,-9999.0,0.375,1,P1_CV0,1,0,2,1,1
2,2536859.926,708059.4624,R2_F2_m2f2_P2_Y3_UO63,R2_F2_m2f2_P2_Y0_UO387,R2_F2_m-1f-1_P2_Y-1_U28,MXY,1,31.491314174091887,1,1,0.0,0,0,0,-9999.0,0.375,1,P1_CV0,1,1,1,1,1
2,2536859.926,708059.4624,R2_F2_m2f2_P2_Y3_UO500,R2_F2_m2f2_P2_Y0_UO651,R2_F2_m2f2_P2_Y0_UO362,FXX,1,31.491314174091887,1,1,1.474,0,0,0,-9999.0,0.5,1,P1_CV0,1,1,1,0,2
2,2536859.926,708059.4624,R2_F2_m2f2_P2_Y3_UO523,R2_F2_m-1f-1_P2_Y-1_U106,R2_F2_m2f2_P2_Y0_UO740,MXY,1,31.491314174091887,1,1,0.0,0,0,0,-9999.0,0.5,1,P1_CV0,1,1,1,1,1
2,2536859.926,708059.4624,R2_F2_m2f2_P2_Y3_UO86,R2_F2_m2f2_P2_Y0_UO266,R2_F2_m2f2_P2_Y0_UO261,MXY,1,31.491314174091887,1,1,0.0,0,0,0,-9999.0,0.5,1,P1_CV0,1,2,0,1,1
2,2536859.926,708059.4624,R2_F2_m2f2_P2_Y3_UO26,R2_F2_m2f2_P2_Y0_UO227,R2_F2_m2f2_P2_Y0_UO268,MXY,1,31.491314174091887,1,1,0.0,0,0,0,-9999.0,0.5,1,P1_CV0,1,0,2,1,1
2,2536859.926,708059.4624,R2_F2_m2f2_P2_Y3_UO481,R2_F2_m-1f-1_P2_Y-1_U34,R2_F2_m2f2_P2_Y1_UO303,FXX,1,31.491314174091887,1,1,1.166,0,0,0,-9999.0,0.75,1,P1_CV0,1,1,1,2,0
2,2536859.926,708059.4624,R2_F2_m2f2_P2_Y3_UO24,R2_F2_m-1f-1_P2_Y-1_U60,R2_F2_m2f2_P2_Y1_UO148,MXY,1,31.491314174091887,1,1,0.0,0,0,0,-9999.0,0.625,1,P1_CV0,1,0,2,2,0
2,2536859.926,708059.4624,R2_F2_m2f2_P2_Y3_UO547,R2_F2_m-1f-1_P2_Y-1_U106,R2_F2_m2f2_P2_Y1_UO343,MXY,1,31.491314174091887,1,1,0.0,0,0,0,-9999.0,0.375,1,P1_CV0,1,0,2,2,0
2,2536859.926,708059.4624,R2_F2_m2f2_P2_Y3_UO483,R2_F2_m-1f-1_P2_Y-1_U34,R2_F2_m2f2_P2_Y1_UO303,MXY,1,31.491314174091887,1,1,0.0,0,0,0,-9999.0,0.75,1,P1_CV0,1,1,1,2,0
2,2536859.926,708059.4624,R2_F2_m2f2_P2_Y3_UO387,R2_F2_m2f2_P2_Y0_UO651,R2_F2_m2f2_P2_Y1_UO136,FXX,1,31.491314174091887,1,1,1.158,0,0,0,-9999.0,0.75,1,P1_CV0,1,1,1,1,1
2,2536859.926,708059.4624,R2_F2_m2f2_P2_Y3_UO36,R2_F2_m2f2_P2_Y0_UO319,R2_F2_m-1f-1_P2_Y-1_U28,MXY,1,31.491314174091887,1,1,0.0,0,0,0,-9999.0,0.25,1,P1_CV0,1,2,0,0,2
2,2536859.926,708059.4624,R2_F2_m2f2_P2_Y3_UO111,R2_F2_m2f2_P2_Y1_UO124,R2_F2_m2f2_P2_Y1_UO212,MXY,1,31.491314174091887,1,1,0.0,0,0,0,-9999.0,0.875,1,P1_CV0,1,1,1,1,1
2,2536859.926,708059.4624,R2_F2_m2f2_P2_Y3_UO218,R2_F2_m2f2_P2_Y0_UO83,R2_F2_m2f2_P2_Y0_UO226,FXX,1,31.491314174091887,1,1,1.598,0,0,0,-9999.0,0.5,1,P1_CV0,1,2,0,1,1
2,2536859.926,708059.4624,R2_F2_m2f2_P2_Y3_UO290,R2_F2_m2f2_P2_Y1_UO385,R2_F2_m2f2_P2_Y1_UO266,FXX,1,31.491314174091887,1,1,0.0,0,0,0,-9999.0,0.75,1,P1_CV0,1,1,1,0,2
2,2536859.926,708059.4624,R2_F2_m2f2_P2_Y3_UO168,R2_F2_m-1f-1_P2_Y-1_U85,R2_F2_m2f2_P2_Y1_UO136,MXY,1,31.491314174091887,1,1,0.0,0,0,0,-9999.0,0.625,1,P1_CV0,1,2,0,2,0
2,2536859.926,708059.4624,R2_F2_m2f2_P2_Y3_UO358,R2_F2_m2f2_P2_Y1_UO518,R2_F2_m2f2_P2_Y0_UO236,FXX,1,31.491314174091887,1,1,2.987,0,0,0,-9999.0,0.5,1,P1_CV0,1,1,1,2,0
2,2536859.926,708059.4624,R2_F2_m2f2_P2_Y3_UO251,R2_F2_m-1f-1_P2_Y-1_U103,R2_F2_m2f2_P2_Y0_UO113,FXX,1,31.491314174091887,1,1,1.87,0,0,0,-9999.0,0.375,1,P1_CV0,1,1,1,2,0
2,2536859.926,708059.4624,R2_F2_m2f2_P2_Y3_UO184,I2_F7_m2f2_P2_Y1_UO123,R2_F2_m2f2_P2_Y1_UO565,MXY,1,31.491314174091887,1,1,0.0,0,0,0,-9999.0,0.625,1,P1_CV0,1,1,1,1,1
2,2536859.926,708059.4624,R2_F2_m2f2_P2_Y3_UO219,R2_F2_m2f2_P2_Y0_UO83,R2_F2_m2f2_P2_Y0_UO226,FXX,1,31.491314174091887,1,1,1.313,0,0,0,-9999.0,0.5,1,P1_CV0,1,0,2,2,0
2,2536859.926,708059.4624,R2_F2_m2f2_P2_Y3_UO250,R2_F2_m-1f-1_P2_Y-1_U103,R2_F2_m2f2_P2_Y0_UO113,MXY,1,31.491314174091887,1,1,0.0,0,0,0,-9999.0,0.375,1,P1_CV0,1,1,1,1,1
2,2536859.926,708059.4624,R2_F2_m2f2_P2_Y3_UO468,I2_F7_m2f2_P2_Y1_UO123,R2_F2_m2f2_P2_Y1_UO517,MXY,1,31.491314174091887,1,1,0.0,0,0,0,-9999.0,0.625,1,P1_CV0,1,1,1,0,2
2,2536859.926,708059.4624,R2_F2_m2f2_P2_Y3_UO25,R2_F2_m-1f-1_P2_Y-1_U60,R2_F2_m2f2_P2_Y1_UO148,FXX,1,31.491314174091887,1,1,0.0,0,0,0,-9999.0,0.625,1,P1_CV0,1,0,2,1,1
2,2536859.926,708059.4624,R2_F2_m2f2_P2_Y3_UO7,R2_F2_m2f2_P2_Y1_UO308,R2_F2_m2f2_P2_Y0_UO236,MXY,1,31.491314174091887,1,1,0.0,0,0,0,-9999.0,0.75,1,P1_CV0,1,0,2,1,1
2,2536859.926,708059.4624,R2_F2_m2f2_P2_Y3_UO188,R2_F2_m2f2_P2_Y0_UO346,R2_F2_m2f2_P2_Y1_UO565,MXY,1,31.491314174091887,1,1,0.0,0,0,0,-9999.0,0.25,1,P1_CV0,1,1,1,1,1
2,2536859.926,708059.4624,R2_F2_m2f2_P2_Y3_UO406,R2_F2_m2f2_P2_Y0_UO347,R2_F2_m2f2_P2_Y1_UO301,FXX,1,31.491314174091887,1,1,0.0,0,0,0,-9999.0,0.375,1,P1_CV0,1,1,1,1,1
2,2536859.926,708059.4624,R2_F2_m2f2_P2_Y3_UO211,R2_F2_m2f2_P2_Y1_UO385,R2_F2_m2f2_P2_Y1_UO240,FXX,1,31.491314174091887,1,1,1.057,0,0,0,-9999.0,0.75,1,P1_CV0,1,2,0,1,1
2,2536859.926,708059.4624,R2_F2_m2f2_P2_Y2_UO377,R2_F2_m2f2_P2_Y0_UO347,R2_F2_m2f2_P2_Y0_UO674,MXY,2,32.01513907934151,1,0,0.0,0,0,0,-9999.0,0.375,1,P1_CV0,1,1,1,2,0
2,2536859.926,708059.4624,R2_F2_m2f2_P2_Y2_UO494,R2_F2_m-1f-1_P2_Y-1_U93,R2_F2_m2f2_P2_Y0_UO226,FXX,2,32.01513907934151,1,0,0.0,0,0,0,-9999.0,0.25,1,P1_CV0,1,1,1,1,1
2,2536859.926,708059.4624,R2_F2_m2f2_P2_Y2_UO611,R2_F2_m-1f-1_P2_Y-1_U85,R2_F2_m2f2_P2_Y0_UO236,FXX,2,32.01513907934151,1,0,0.0,0,0,0,-9999.0,0.5,1,P1_CV0,1,1,1,2,0
2,2536859.926,708059.4624,R2_F2_m2f2_P2_Y2_UO302,R2_F2_m-1f-1_P2_Y-1_U60,R2_F2_m-1f-1_P2_Y-1_U5,MXY,2,32.01513907934151,1,0,0.0,0,0,0,-9999.0,0.5,1,P1_CV0,1,2,0,2,0
2,2536859.926,708059.4624,R2_F2_m2f2_P2_Y2_UO432,R2_F2_m-1f-1_P2_Y-1_U51,R2_F2_m2f2_P2_Y0_UO5,MXY,2,32.01513907934151,1,0,0.0,0,0,0,-9999.0,0.5,1,P1_CV0,1,0,2,2,0
2,2536859.926,708059.4624,R2_F2_m2f2_P2_Y2_UO521,I2_F7_m-1f-1_P2_Y-1_U103,R2_F2_m2f2_P2_Y0_UO675,MXY,2,32.01513907934151,1,0,0.0,0,0,0,-9999.0,0.5,1,P1_CV0,1,2,0,0,2
2,2536859.926,708059.4624,R2_F2_m2f2_P2_Y2_UO583,R2_F2_m-1f-1_P2_Y-1_U101,R2_F2_m-1f-1_P2_Y-1_U96,MXY,2,32.01513907934151,1,0,0.0,0,0,0,-9999.0,0.5,1,P1_CV0,1,1,1,1,1
2,2536859.926,708059.4624,R2_F2_m2f2_P2_Y2_UO177,R2_F2_m-1f-1_P2_Y-1_U60,R2_F2_m-1f-1_P2_Y-1_U88,MXY,2,32.01513907934151,1,0,0.0,0,0,0,-9999.0,0.5,1,P1_CV0,1,1,1,2,0
2,2536859.926,708059.4624,R2_F2_m2f2_P2_Y2_UO525,I2_F7_m-1f-1_P2_Y-1_U103,R2_F2_m2f2_P2_Y0_UO675,FXX,2,32.01513907934151,1,0,1.164,0,0,0,-9999.0,0.5,1,P1_CV0,1,1,1,0,2
2,2536859.926,708059.4624,R2_F2_m2f2_P2_Y2_UO430,R2_F2_m-1f-1_P2_Y-1_U51,R2_F2_m2f2_P2_Y0_UO5,MXY,2,32.01513907934151,1,0,0.0,0,0,0,-9999.0,0.5,1,P1_CV0,1,0,2,2,0
2,2536859.926,708059.4624,R2_F2_m2f2_P2_Y2_UO200,R2_F2_m2f2_P2_Y0_UO115,R2_F2_m-1f-1_P2_Y-1_U96,MXY,2,32.01513907934151,1,0,0.0,0,0,0,-9999.0,0.625,1,P1_CV0,1,2,0,0,2
2,2536859.926,708059.4624,R2_F2_m2f2_P2_Y2_UO493,R2_F2_m-1f-1_P2_Y-1_U93,R2_F2_m2f2_P2_Y0_UO226,MXY,2,32.01513907934151,1,0,0.0,0,0,0,-9999.0,0.25,1,P1_CV0,1,0,2,2,0
2,2536859.926,708059.4624,R2_F2_m2f2_P2_Y2_UO433,R2_F2_m-1f-1_P2_Y-1_U51,R2_F2_m2f2_P2_Y0_UO5,FXX,2,32.01513907934151,1,0,1.822,0,0,0,-9999.0,0.5,1,P1_CV0,1,1,1,2,0
2,2536859.926,708059.4624,R2_F2_m2f2_P2_Y2_UO499,R2_F2_m-1f-1_P2_Y-1_U93,R2_F2_m2f2_P2_Y0_UO226,FXX,2,32.01513907934151,1,0,0.0,0,0,0,-9999.0,0.25,1,P1_CV0,1,1,1,1,1
2,2536859.926,708059.4624,R2_F2_m2f2_P2_Y2_UO609,R2_F2_m-1f-1_P2_Y-1_U85,R2_F2_m2f2_P2_Y0_UO236,MXY,2,32.01513907934151,1,0,0.0,0,0,0,-9999.0,0.5,1,P1_CV0,1,1,1,2,0
2,2536859.926,708059.4624,R2_F2_m2f2_P2_Y2_UO129,I2_F7_m-1f-1_P2_Y-1_U103,R2_F2_m2f2_P2_Y0_UO261,MXY,2,32.01513907934151,1,0,0.0,0,0,0,-9999.0,0.5,1,P1_CV0,1,1,1,2,0
2,2536859.926,708059.4624,R2_F2_m2f2_P2_Y2_UO250,R2_F2_m2f2_P2_Y0_UO534,R2_F2_m2f2_P2_Y0_UO236,MXY,2,32.01513907934151,1,0,0.0,0,0,0,-9999.0,0.375,1,P1_CV0,1,1,1,1,1
2,2536859.926,708059.4624,R2_F2_m2f2_P2_Y2_UO218,R2_F2_m2f2_P2_Y0_UO650,R2_F2_m2f2_P2_Y0_UO236,MXY,2,32.01513907934151,1,0,0.0,0,0,0,-9999.0,0.625,1,P1_CV0,1,1,1,1,1
2,2536859.926,708059.4624,R2_F2_m2f2_P2_Y2_UO608,R2_F2_m-1f-1_P2_Y-1_U85,R2_F2_m2f2_P2_Y0_UO236,MXY,2,32.01513907934151,1,0,0.0,0,0,0,-9999.0,0.5,1,P1_CV0,1,1,1,2,0
2,2536859.926,708059.4624,R2_F2_m2f2_P2_Y2_UO64,R2_F2_m2f2_P2_Y0_UO347,R2_F2_m-1f-1_P2_Y-1_U12,FXX,2,32.01513907934151,1,0,0.0,0,0,0,-9999.0,0.125,1,P1_CV0,1,0,2,2,0
2,2536859.926,708059.4624,R2_F2_m2f2_P2_Y2_UO120,R2_F2_m2f2_P2_Y0_UO387,R2_F2_m-1f-1_P2_Y-1_U96,MXY,2,32.01513907934151,1,0,0.0,0,0,0,-9999.0,0.625,1,P1_CV0,1,1,1,0,2
2,2536859.926,708059.4624,R2_F2_m2f2_P2_Y2_UO135,R2_F2_m-1f-1_P2_Y-1_U19,R2_F2_m2f2_P2_Y0_UO113,FXX,2,32.01513907934151,1,0,1.089,0,0,0,-9999.0,0.375,1,P1_CV0,1,0,2,1,1
2,2536859.926,708059.4624,R2_F2_m2f2_P2_Y2_UO139,I2_F7_m-1f-1_P2_Y-1_U103,R2_F2_m2f2_P2_Y0_UO385,MXY,2,32.01513907934151,1,0,0.0,0,0,0,-9999.0,0.375,1,P1_CV0,1,1,1,2,0
2,2536859.926,708059.4624,R2_F2_m2f2_P2_Y2_UO127,R2_F2_m2f2_P2_Y0_UO7,R2_F2_m2f2_P2_Y0_UO675,MXY,2,32.01513907934151,1,0,0.0,0,0,0,-9999.0,0.5,1,P1_CV0,1,2,0,0,2
2,2536859.926,708059.4624,R2_F2_m2f2_P2_Y2_UO492,R2_F2_m-1f-1_P2_Y-1_U93,R2_F2_m2f2_P2_Y0_UO226,FXX,2,32.01513907934151,1,0,0.0,0,0,0,-9999.0,0.25,1,P1_CV0,1,0,2,1,1
2,2536859.926,708059.4624,R2_F2_m2f2_P2_Y2_UO59,I2_F7_m-1f-1_P2_Y-1_U103,R2_F2_m-1f-1_P2_Y-1_U5,FXX,2,32.01513907934151,1,0,0.0,0,0,0,-9999.0,0.5,1,P1_CV0,1,1,1,2,0
2,2536859.926,708059.4624,R2_F2_m2f2_P2_Y2_UO173,R2_F2_m-1f-1_P2_Y-1_U60,R2_F2_m-1f-1_P2_Y-1_U88,MXY,2,32.01513907934151,1,0,0.0,0,0,0,-9999.0,0.5,1,P1_CV0,1,1,1,2,0
2,2536859.926,708059.4624,R2_F2_m2f2_P2_Y1_UO301,R2_F2_m-1f-1_P2_Y-1_U22,R2_F2_m-1f-1_P2_Y-1_U25,MXY,3,32.49621564062686,1,0,0.0,0,0,0,-9999.0,0.5,1,P1_CV0,1,2,0,1,1
2,2536859.926,708059.4624,R2_F2_m2f2_P2_Y1_UO136,R2_F2_m-1f-1_P2_Y-1_U70,R2_F2_m-1f-1_P2_Y-1_U74,MXY,3,32.49621564062686,1,0,0.0,0,0,0,-9999.0,0.75,1,P1_CV0,1,2,0,1,1
2,2536859.926,708059.4624,R2_F2_m2f2_P2_Y1_UO304,R2_F2_m-1f-1_P2_Y-1_U14,R2_F2_m-1f-1_P2_Y-1_U69,MXY,3,32.49621564062686,1,0,0.0,0,0,0,-9999.0,0.75,1,P1_CV0,1,0,2,1,1
2,2536859.926,708059.4624,R2_F2_m2f2_P2_Y1_UO418,R2_F2_m-1f-1_P2_Y-1_U103,R2_F2_m-1f-1_P2_Y-1_U118,FXX,3,32.49621564062686,1,0,1.357,0,0,0,-9999.0,0.5,1,P1_CV0,1,1,1,1,1
2,2536859.926,708059.4624,R2_F2_m2f2_P2_Y1_UO343,R2_F2_m-1f-1_P2_Y-1_U2,R2_F2_m-1f-1_P2_Y-1_U67,MXY,3,32.49621564062686,1,0,0.0,0,0,0,-9999.0,0.25,1,P1_CV0,1,1,1,1,1
2,2536859.926,708059.4624,R2_F2_m2f2_P2_Y1_UO212,R2_F2_m-1f-1_P2_Y-1_U98,R2_F2_m-1f-1_P2_Y-1_U21,MXY,3,32.49621564062686,1,0,0.0,0,0,0,-9999.0,0.75,1,P1_CV0,1,1,1,2,0
2,2536859.926,708059.4624,R2_F2_m2f2_P2_Y1_UO521,R2_F2_m-1f-1_P2_Y-1_U102,R2_F2_m-1f-1_P2_Y-1_U8,MXY,3,32.49621564062686,1,0,0.0,0,0,0,-9999.0,0.5,1,P1_CV0,1,1,1,0,2
2,2536859.926,708059.4624,R2_F2_m2f2_P2_Y1_UO565,R2_F2_m-1f-1_P2_Y-1_U81,R2_F2_m-1f-1_P2_Y-1_U77,MXY,3,32.49621564062686,1,0,0.0,0,0,0,-9999.0,0.25,1,P1_CV0,1,0,2,1,1
2,2536859.926,708059.4624,R2_F2_m2f2_P2_Y1_UO124,R2_F2_m-1f-1_P2_Y-1_U125,R2_F2_m-1f-1_P2_Y-1_U50,FXX,3,32.49621564062686,1,0,3.111,0,0,0,-9999.0,1.0,1,P1_CV0,1,2,0,0,2
2,2536859.926,708059.4624,R2_F2_m2f2_P2_Y1_UO420,R2_F2_m-1f-1_P2_Y-1_U103,R2_F2_m-1f-1_P2_Y-1_U118,MXY,3,32.49621564062686,1,0,0.0,0,0,0,-9999.0,0.5,1,P1_CV0,1,2,0,1,1
2,2536859.926,708059.4624,R2_F2_m2f2_P2_Y1_UO422,R2_F2_m-1f-1_P2_Y-1_U120,R2_F2_m-1f-1_P2_Y-1_U44,MXY,3,32.49621564062686,1,0,0.0,0,0,0,-9999.0,0.75,1,P1_CV0,1,1,1,0,2
2,2536859.926,708059.4624,R2_F2_m2f2_P2_Y1_UO387,R2_F2_m-1f-1_P2_Y-1_U106,R2_F2_m-1f-1_P2_Y-1_U42,FXX,3,32.49621564062686,1,0,1.0,0,0,0,-9999.0,0.5,1,P1_CV0,1,1,1,2,0
2,2536859.926,708059.4624,R2_F2_m2f2_P2_Y1_UO172,R2_F2_m-1f-1_P2_Y-1_U83,R2_F2_m-1f-1_P2_Y-1_U110,FXX,3,32.49621564062686,1,0,2.772,0,0,0,-9999.0,0.5,1,P1_CV0,1,2,0,0,2
2,2536859.926,708059.4624,R2_F2_m2f2_P2_Y1_UO198,R2_F2_m-1f-1_P2_Y-1_U22,R2_F2_m-1f-1_P2_Y-1_U61,FXX,3,32.49621564062686,1,0,1.105,0,0,0,-9999.0,0.5,1,P1_CV0,1,0,2,2,0
2,2536859.926,708059.4624,R2_F2_m2f2_P2_Y1_UO307,R2_F2_m-1f-1_P2_Y-1_U14,R2_F2_m-1f-1_P2_Y-1_U61,MXY,3,32.49621564062686,1,0,0.0,0,0,0,-9999.0,1.0,1,P1_CV0,1,0,2,1,1
2,2536859.926,708059.4624,R2_F2_m2f2_P2_Y1_UO516,R2_F2_m-1f-1_P2_Y-1_U124,R2_F2_m-1f-1_P2_Y-1_U75,MXY,3,32.44967847659682,1,0,0.0,0,0,0,-9999.0,0.25,1,P1_CV0,1,0,2,2,0
2,2536859.926,708059.4624,R2_F2_m2f2_P2_Y0_UO316,R2_F2_m-1f-1_P2_Y-1_U108,R2_F2_m-1f-1_P2_Y-1_U91,FXX,4,32.91943222805357,1,0,0.0,0,0,0,-9999.0,0.0,1,P1_CV0,1,2,0,1,1
2,2536859.926,708059.4624,R2_F2_m2f2_P2_Y0_UO62,R2_F2_m-1f-1_P2_Y-1_U60,R2_F2_m-1f-1_P2_Y-1_U58,FXX,4,32.92503143275658,1,0,1.851,0,0,0,-9999.0,0.75,1,P1_CV0,1,0,2,1,1
2,2536859.926,708059.4624,R2_F2_m2f2_P2_Y0_UO115,R2_F2_m-1f-1_P2_Y-1_U94,R2_F2_m-1f-1_P2_Y-1_U13,FXX,4,32.91943222805357,1,0,0.0,0,0,0,-9999.0,0.25,1,P1_CV0,1,1,1,1,1
2,2536859.926,708059.4624,R2_F2_m2f2_P2_Y0_UO80,R2_F2_m-1f-1_P2_Y-1_U62,R2_F2_m-1f-1_P2_Y-1_U20,FXX,4,32.91943222805357,1,0,0.0,0,0,0,-9999.0,0.25,1,P1_CV0,1,0,2,1,1
2,2536859.926,708059.4624,R2_F2_m2f2_P2_Y0_UO228,R2_F2_m-1f-1_P2_Y-1_U39,R2_F2_m-1f-1_P2_Y-1_U79,FXX,4,32.91943222805357,1,0,2.412,0,0,0,-9999.0,0.5,1,P1_CV0,1,1,1,1,1
2,2536859.926,708059.4624,R2_F2_m2f2_P2_Y0_UO347,R2_F2_m-1f-1_P2_Y-1_U87,R2_F2_m-1f-1_P2_Y-1_U57,FXX,4,32.91943222805357,1,0,1.0,0,0,0,-9999.0,0.25,1,P1_CV0,1,1,1,2,0
2,2536859.926,708059.4624,R2_F2_m-1f-1_P2_Y-1_U85,-9999,-9999,FXX,5,33.13349409992897,1,0,2.941,0,0,0,-9999.0,0.5,1,P1_CV0,1,1,1,2,0
2,2536859.926,708059.4624,R2_F2_m-1f-1_P2_Y-1_U116,-9999,-9999,FXX,5,33.13349409992897,1,0,2.678,0,0,0,-9999.0,0.5,1,P1_CV0,1,1,1,0,2
2,2536859.926,708059.4624,R2_F2_m-1f-1_P2_Y-1_U19,-9999,-9999,FXX,5,33.13349409992897,1,0,3.063,0,0,0,-9999.0,0.5,1,P1_CV0,1,1,1,1,1
2,2536859.926,708059.4624,R2_F2_m-1f-1_P2_Y-1_U127,-9999,-9999,FXX,5,33.10406518484959,1,0,1.704,0,0,0,-9999.0,0.5,1,P1_CV0,1,1,1,1,1
2,2536859.926,708059.4624,R2_F2_m3f3_P3_Y3_UO393,R3_F3_m-1f-1_P3_Y-1_U13,R3_F3_m3f3_P3_Y0_UO41,MXY,1,31.441350709828914,1,1,0.0,0,0,0,-9999.0,0.75,1,P2_CV0,1,1,1,0,2
2,2536859.926,708059.4624,R2_F2_m2f2_P2_Y3_UO208,R2_F2_m2f2_P2_Y1_UO267,R2_F2_m3f3_P3_Y0_UO39,FXX,1,31.491314174091887,1,1,1.0,0,0,0,-9999.0,0.75,1,P2_CV0,1,2,0,1,1
2,2536859.926,708059.4624,Age0_F2_m2f2_P2_Y4_UO31,R2_F2_m2f2_P2_Y2_UO611,RD2_F4_m4f4_P4_Y2_UO630,FXX,0,31.046513974702982,0,0,0.0,0,0,0,0.0,0.375,1,P3_CV0,1,0,2,1,1
2,2536859.926,708059.4624,Age0_F2_m2f2_P2_Y4_UO34,R2_F2_m2f2_P2_Y2_UO611,RD2_F4_m4f4_P4_Y2_UO630,MXY,0,31.046513974702982,0,0,0.0,0,0,0,0.0,0.375,1,P3_CV0,1,0,2,1,1
2,2536859.926,708059.4624,Age0_F2_m2f2_P2_Y4_UO35,R2_F2_m2f2_P2_Y2_UO611,RD2_F4_m4f4_P4_Y2_UO630,FXX,0,31.046513974702982,0,0,0.0,0,0,0,0.0,0.375,1,P3_CV0,1,1,1,1,1
2,2536859.926,708059.4624,Age0_F2_m2f2_P2_Y4_UO36,R2_F2_m2f2_P2_Y2_UO611,RD2_F4_m4f4_P4_Y2_UO630,FXX,0,31.046513974702982,0,0,0.0,0,0,0,0.0,0.375,1,P3_CV0,1,0,2,1,1
2,2536859.926,708059.4624,Age0_F2_m2f2_P2_Y4_UO489,R2_F2_m2f2_P2_Y1_UO198,RD2_F4_m4f4_P4_Y2_UO630,MXY,0,31.046513974702982,0,0,0.0,0,0,0,0.0,0.375,1,P3_CV0,1,0,2,1,1
2,2536859.926,708059.4624,R2_F2_m4f4_P4_Y2_UO630,R4_F4_m-1f-1_P4_Y-1_U15,R4_F4_m-1f-1_P4_Y-1_U50,MXY,2,61.28587272841857,1,0,0.0,0,0,0,-9999.0,0.25,1,P3_CV0,1,0,2,1,1
2,2536859.926,708059.4624,Age0_F2_m2f2_P2_Y4_UO370,R2_F2_m2f2_P2_Y2_UO492,RD2_F5_m5f5_P5_Y0_UO77,MXY,0,31.046513974702982,0,0,0.0,0,0,0,0.0,0.375,1,P4_CV0,1,0,2,2,0
2,2536859.926,708059.4624,Age0_F2_m2f2_P2_Y4_UO371,R2_F2_m2f2_P2_Y2_UO492,RD2_F5_m5f5_P5_Y0_UO77,MXY,0,31.046513974702982,0,0,0.0,0,0,0,0.0,0.375,1,P4_CV0,1,0,2,1,1
2,2536859.926,708059.4624,Age0_F2_m2f2_P2_Y4_UO375,R2_F2_m2f2_P2_Y2_UO81,RD2_F5_m5f5_P5_Y0_UO77,MXY,0,31.046513974702982,0,0,0.0,0,0,0,0.0,0.5,1,P4_CV0,1,1,1,1,1
2,2536859.926,708059.4624,Age0_F2_m2f2_P2_Y4_UO376,R2_F2_m2f2_P2_Y2_UO81,RD2_F5_m5f5_P5_Y0_UO77,FXX,0,31.046513974702982,0,0,0.0,0,0,0,0.0,0.5,1,P4_CV0,1,0,2,1,1
2,2536859.926,708059.4624,R2_F2_m5f5_P5_Y0_UO77,R5_F5_m-1f-1_P5_Y-1_U105,R5_F5_m-1f-1_P5_Y-1_U100,MXY,4,109.75660208910226,1,0,0.0,0,0,0,-9999.0,0.5,1,P4_CV0,1,1,1,1,1
3,2532969.44,705413.5711,Age0_F3_m3f3_P3_Y4_UO164,R3_F3_m-1f-1_P3_Y-1_U57,R3_F3_m3f3_P3_Y2_UO548,MXY,0,31.02101913238138,0,0,0.0,0,0,0,0.0,0.5,1,P0_CV0,2,1,1,2,0
3,2532969.44,705413.5711,Age0_F3_m3f3_P3_Y4_UO217,R3_F3_m3f3_P3_Y1_UO99,R3_F3_m3f3_P3_Y2_UO259,FXX,0,31.02101913238138,0,0,0.0,0,0,0,0.0,0.5625,1,P0_CV0,2,1,1,0,2
3,2532969.44,705413.5711,Age0_F3_m3f3_P3_Y4_UO219,R3_F3_m3f3_P3_Y1_UO99,R3_F3_m3f3_P3_Y2_UO259,MXY,0,31.02101913238138,0,0,0.0,0,0,0,0.0,0.5625,1,P0_CV0,2,1,1,0,2
3,2532969.44,705413.5711,Age0_F3_m3f3_P3_Y4_UO220,R3_F3_m3f3_P3_Y1_UO99,R3_F3_m3f3_P3_Y2_UO259,FXX,0,31.02101913238138,0,0,0.0,0,0,0,0.0,0.5625,1,P0_CV0,2,1,1,0,2
3,2532969.44,705413.5711,R3_F3_m3f3_P3_Y3_UO538,R3_F3_m3f3_P3_Y0_UO588,RD3_F1_m1f1_P1_Y0_UO219,FXX,1,31.04529385905512,1,1,1.465,0,0,0,-9999.0,0.25,1,P0_CV0,2,2,0,1,1
3,2532969.44,705413.5711,R3_F3_m3f3_P3_Y3_UO302,RD3_F1_m-1f-1_P1_Y-1_U114,R3_F3_m3f3_P3_Y1_UO37,MXY,1,31.04529385905512,1,1,0.0,0,0,0,-9999.0,0.125,1,P0_CV0,2,1,1,2,0
3,2532969.44,705413.5711,R3_F3_m3f3_P3_Y3_UO464,RD3_F1_m-1f-1_P1_Y-1_U114,R3_F3_m-1f-1_P3_Y-1_U127,FXX,1,31.04529385905512,1,1,2.999,0,0,0,-9999.0,0.25,1,P0_CV0,2,0,2,2,0
3,2532969.44,705413.5711,R3_F3_m3f3_P3_Y2_UO548,R3_F3_m3f3_P3_Y0_UO69,RD3_F1_m-1f-1_P1_Y-1_U41,MXY,2,31.073732673124212,1,0,0.0,0,0,0,-9999.0,0.5,1,P0_CV0,2,0,2,2,0
3,2532969.44,705413.5711,R3_F3_m3f3_P3_Y2_UO259,R3_F3_m3f3_P3_Y0_UO121,RD3_F1_m-1f-1_P1_Y-1_U64,MXY,2,31.073732673124212,1,0,0.0,0,0,0,-9999.0,0.375,1,P0_CV0,2,0,2,0,2
3,2532969.44,705413.5711,Age0_F3_m3f3_P3_Y4_UO396,R3_F3_m-1f-1_P3_Y-1_U57,R3_F3_m2f2_P2_Y1_UO564,FXX,0,31.02101913238138,0,0,0.0,0,0,0,0.0,0.375,1,P1_CV0,2,0,2,1,1
3,2532969.44,705413.5711,Age0_F3_m3f3_P3_Y4_UO397,R3_F3_m-1f-1_P3_Y-1_U57,R3_F3_m2f2_P2_Y1_UO564,FXX,0,31.02101913238138,0,0,0.0,0,0,0,0.0,0.375,1,P1_CV0,2,0,2,1,1
3,2532969.44,705413.5711,Age0_F3_m3f3_P3_Y4_UO400,R3_F3_m-1f-1_P3_Y-1_U57,R3_F3_m2f2_P2_Y1_UO564,MXY,0,31.02101913238138,0,0,0.0,0,0,0,0.0,0.375,1,P1_CV0,2,1,1,1,1
3,2532969.44,705413.5711,Age0_F3_m3f3_P3_Y4_UO527,R3_F3_m3f3_P3_Y1_UO114,R3_F3_m2f2_P2_Y1_UO564,MXY,0,31.02101913238138,0,0,0.0,0,0,0,0.0,0.625,1,P1_CV0,2,1,1,0,2
3,2532969.44,705413.5711,R3_F3_m3f3_P3_Y3_UO429,R3_F3_m3f3_P3_Y1_UO99,R3_F3_m2f2_P2_Y1_UO564,MXY,1,31.04529385905512,1,1,0.0,0,0,0,-9999.0,0.5,1,P1_CV0,2,1,1,0,2
3,2532969.44,705413.5711,Age0_F3_m3f3_P3_Y4_UO5,R3_F3_m3f3_P3_Y2_UO435,R3_F3_m3f3_P3_Y0_UO585,MXY,0,31.02101913238138,0,0,0.0,0,0,0,0.0,0.6875,1,P2_CV0,2,0,2,1,1
3,2532969.44,705413.5711,Age0_F3_m3f3_P3_Y4_UO6,R3_F3_m3f3_P3_Y2_UO435,R3_F3_m3f3_P3_Y0_UO585,FXX,0,31.02101913238138,0,0,0.0,0,0,0,0.0,0.6875,1,P2_CV0,2,0,2,0,2
3,2532969.44,705413.5711,Age0_F3_m3f3_P3_Y4_UO7,R3_F3_m3f3_P3_Y2_UO435,R3_F3_m3f3_P3_Y0_UO585,MXY,0,31.02101913238138,0,0,0.0,0,0,0,0.0,0.6875,1,P2_CV0,2,1,1,2,0
3,2532969.44,705413.5711,Age0_F3_m3f3_P3_Y4_UO20,R3_F3_m3f3_P3_Y2_UO324,R3_F3_m3f3_P3_Y0_UO247,MXY,0,31.02101913238138,0,0,0.0,0,0,0,0.0,0.9375,1,P2_CV0,2,1,1,0,2
3,2532969.44,705413.5711,Age0_F3_m3f3_P3_Y4_UO21,R3_F3_m3f3_P3_Y2_UO324,R3_F3_m3f3_P3_Y0_UO247,MXY,0,31.02101913238138,0,0,0.0,0,0,0,0.0,0.9375,1,P2_CV0,2,1,1,0,2
3,2532969.44,705413.5711,Age0_F3_m3f3_P3_Y4_UO22,R3_F3_m3f3_P3_Y2_UO530,R3_F3_m3f3_P3_Y1_UO265,MXY,0,31.02101913238138,0,0,0.0,0,0,0,0.0,0.5,1,P2_CV0,2,1,1,2,0
3,2532969.44,705413.5711,Age0_F3_m3f3_P3_Y4_UO23,R3_F3_m3f3_P3_Y2_UO530,R3_F3_m3f3_P3_Y1_UO265,MXY,0,31.02101913238138,0,0,0.0,0,0,0,0.0,0.5,1,P2_CV0,2,1,1,1,1
3,2532969.44,705413.5711,Age0_F3_m3f3_P3_Y4_UO24,R3_F3_m3f3_P3_Y2_UO530,R3_F3_m3f3_P3_Y1_UO265,MXY,0,31.02101913238138,0,0,0.0,0,0,0,0.0,0.5,1,P2_CV0,2,2,0,2,0
3,2532969.44,705413.5711,Age0_F3_m3f3_P3_Y4_UO25,R3_F3_m3f3_P3_Y2_UO435,R3_F3_m3f3_P3_Y2_UO68,FXX,0,31.02101913238138,0,0,0.0,0,0,0,0.0,0.6875,1,P2_CV0,2,1,1,0,2
3,2532969.44,705413.5711,Age0_F3_m3f3_P3_Y4_UO26,R3_F3_m3f3_P3_Y2_UO435,R3_F3_m3f3_P3_Y2_UO68,FXX,0,31.02101913238138,0,0,0.0,0,0,0,0.0,0.6875,1,P2_CV0,2,0,2,1,1
3,2532969.44,705413.5711,Age0_F3_m3f3_P3_Y4_UO50,R3_F3_m-1f-1_P3_Y-1_U106,R3_F3_m3f3_P3_Y0_UO420,MXY,0,31.02101913238138,0,0,0.0,0,0,0,0.0,0.375,1,P2_CV0,2,1,1,1,1
3,2532969.44,705413.5711,Age0_F3_m3f3_P3_Y4_UO51,R3_F3_m-1f-1_P3_Y-1_U106,R3_F3_m3f3_P3_Y0_UO420,MXY,0,31.02101913238138,0,0,0.0,0,0,0,0.0,0.375,1,P2_CV0,2,1,1,1,1
3,2532969.44,705413.5711,Age0_F3_m3f3_P3_Y4_UO52,R3_F3_m-1f-1_P3_Y-1_U106,R3_F3_m3f3_P3_Y0_UO420,FXX,0,31.02101913238138,0,0,0.0,0,0,0,0.0,0.375,1,P2_CV0,2,1,1,0,2
3,2532969.44,705413.5711,Age0_F3_m3f3_P3_Y4_UO60,R3_F3_m3f3_P3_Y1_UO350,R3_F3_m3f3_P3_Y1_UO437,FXX,0,31.02101913238138,0,0,0.0,0,0,0,0.0,0.375,1,P2_CV0,2,0,2,1,1
3,2532969.44,705413.5711,Age0_F3_m3f3_P3_Y4_UO61,R3_F3_m3f3_P3_Y1_UO350,R3_F3_m3f3_P3_Y1_UO437,MXY,0,31.02101913238138,0,0,0.0,0,0,0,0.0,0.375,1,P2_CV0,2,0,2,1,1
3,2532969.44,705413.5711,Age0_F3_m3f3_P3_Y4_UO119,R3_F3_m3f3_P3_Y2_UO324,R3_F3_m3f3_P3_Y2_UO350,FXX,0,31.02101913238138,0,0,0.0,0,0,0,0.0,0.6875,1,P2_CV0,2,0,2,0,2
3,2532969.44,705413.5711,Age0_F3_m3f3_P3_Y4_UO120,R3_F3_m3f3_P3_Y2_UO324,R3_F3_m3f3_P3_Y2_UO350,MXY,0,31.02101913238138,0,0,0.0,0,0,0,0.0,0.6875,1,P2_CV0,2,0,2,0,2
3,2532969.44,705413.5711,Age0_F3_m3f3_P3_Y4_UO124,R3_F3_m3f3_P3_Y2_UO334,R3_F3_m3f3_P3_Y0_UO594,FXX,0,31.02101913238138,0,0,0.0,0,0,0,0.0,0.5,1,P2_CV0,2,0,2,2,0
3,2532969.44,705413.5711,Age0_F3_m3f3_P3_Y4_UO125,R3_F3_m3f3_P3_Y2_UO334,R3_F3_m3f3_P3_Y0_UO594,FXX,0,31.02101913238138,0,0,0.0,0,0,0,0.0,0.5,1,P2_CV0,2,1,1,0,2
3,2532969.44,705413.5711,Age0_F3_m3f3_P3_Y4_UO126,R3_F3_m3f3_P3_Y2_UO334,R3_F3_m3f3_P3_Y0_UO594,FXX,0,31.02101913238138,0,0,0.0,0,0,0,0.0,0.5,1,P2_CV0,2,0,2,1,1
3,2532969.44,705413.5711,Age0_F3_m3f3_P3_Y4_UO136,R3_F3_m3f3_P3_Y1_UO480,I3_F7_m-1f-1_P3_Y-1_U21,MXY,0,31.02101913238138,0,0,0.0,0,0,0,0.0,0.5,1,P2_CV0,2,2,0,1,1
3,2532969.44,705413.5711,Age0_F3_m3f3_P3_Y4_UO137,R3_F3_m3f3_P3_Y1_UO480,I3_F7_m-1f-1_P3_Y-1_U21,MXY,0,31.02101913238138,0,0,0.0,0,0,0,0.0,0.5,1,P2_CV0,2,2,0,1,1
3,2532969.44,705413.5711,Age0_F3_m3f3_P3_Y4_UO138,R3_F3_m3f3_P3_Y1_UO480,I3_F7_m-1f-1_P3_Y-1_U21,MXY,0,31.02101913238138,0,0,0.0,0,0,0,0.0,0.5,1,P2_CV0,2,2,0,2,0
3,2532969.44,705413.5711,Age0_F3_m3f3_P3_Y4_UO144,R3_F3_m3f3_P3_Y1_UO485,I3_F7_m-1f-1_P3_Y-1_U21,MXY,0,31.02101913238138,0,0,0.0,0,0,0,0.0,0.5,1,P2_CV0,2,1,1,1,1
3,2532969.44,705413.5711,Age0_F3_m3f3_P3_Y4_UO145,R3_F3_m3f3_P3_Y1_UO485,I3_F7_m-1f-1_P3_Y-1_U21,MXY,0,31.02101913238138,0,0,0.0,0,0,0,0.0,0.5,1,P2_CV0,2,2,0,2,0
3,2532969.44,705413.5711,Age0_F3_m3f3_P3_Y4_UO146,R3_F3_m3f3_P3_Y1_UO485,I3_F7_m-1f-1_P3_Y-1_U21,MXY,0,31.02101913238138,0,0,0.0,0,0,0,0.0,0.5,1,P2_CV0,2,1,1,1,1
3,2532969.44,705413.5711,Age0_F3_m3f3_P3_Y4_UO163,R3_F3_m-1f-1_P3_Y-1_U57,R3_F3_m3f3_P3_Y2_UO548,FXX,0,31.02101913238138,0,0,0.0,0,0,0,0.0,0.5,1,P2_CV0,2,1,1,2,0
3,2532969.44,705413.5711,Age0_F3_m3f3_P3_Y4_UO165,R3_F3_m-1f-1_P3_Y-1_U57,R3_F3_m3f3_P3_Y2_UO548,MXY,0,31.02101913238138,0,0,0.0,0,0,0,0.0,0.5,1,P2_CV0,2,1,1,2,0
3,2532969.44,705413.5711,Age0_F3_m3f3_P3_Y4_UO185,I3_F7_m-1f-1_P3_Y-1_U62,R3_F3_m3f3_P3_Y2_UO310,FXX,0,31.02101913238138,0,0,0.0,0,0,0,0.0,0.1875,1,P2_CV0,2,1,1,1,1
3,2532969.44,705413.5711,Age0_F3_m3f3_P3_Y4_UO186,I3_F7_m-1f-1_P3_Y-1_U62,R3_F3_m3f3_P3_Y2_UO310,FXX,0,31.02101913238138,0,0,0.0,0,0,0,0.0,0.1875,1,P2_CV0,2,1,1,1,1
3,2532969.44,705413.5711,Age0_F3_m3f3_P3_Y4_UO187,I3_F7_m-1f-1_P3_Y-1_U62,R3_F3_m3f3_P3_Y2_UO310,FXX,0,31.02101913238138,0,0,0.0,0,0,0,0.0,0.1875,1,P2_CV0,2,1,1,1,1
3,2532969.44,705413.5711,Age0_F3_m3f3_P3_Y4_UO188,I3_F7_m-1f-1_P3_Y-1_U62,R3_F3_m3f3_P3_Y2_UO310,MXY,0,31.02101913238138,0,0,0.0,0,0,0,0.0,0.1875,1,P2_CV0,2,1,1,1,1
3,2532969.44,705413.5711,Age0_F3_m3f3_P3_Y4_UO193,R3_F3_m-1f-1_P3_Y-1_U4,R3_F3_m3f3_P3_Y1_UO39,FXX,0,31.02101913238138,0,0,0.0,0,0,0,0.0,0.625,1,P2_CV0,2,1,1,2,0
3,2532969.44,705413.5711,Age0_F3_m3f3_P3_Y4_UO194,R3_F3_m-1f-1_P3_Y-1_U4,R3_F3_m3f3_P3_Y1_UO39,FXX,0,31.02101913238138,0,0,0.0,0,0,0,0.0,0.625,1,P2_CV0,2,1,1,1,1
3,2532969.44,705413.5711,Age0_F3_m3f3_P3_Y4_UO195,R3_F3_m-1f-1_P3_Y-1_U4,R3_F3_m3f3_P3_Y1_UO39,MXY,0,31.02101913238138,0,0,0.0,0,0,0,0.0,0.625,1,P2_CV0,2,1,1,2,0
3,2532969.44,705413.5711,Age0_F3_m3f3_P3_Y4_UO196,R3_F3_m-1f-1_P3_Y-1_U4,R3_F3_m3f3_P3_Y1_UO39,MXY,0,31.02101913238138,0,0,0.0,0,0,0,0.0,0.625,1,P2_CV0,2,1,1,1,1
3,2532969.44,705413.5711,Age0_F3_m3f3_P3_Y4_UO197,R3_F3_m-1f-1_P3_Y-1_U4,R3_F3_m3f3_P3_Y1_UO39,FXX,0,31.02101913238138,0,0,0.0,0,0,0,0.0,0.625,1,P2_CV0,2,1,1,2,0
3,2532969.44,705413.5711,Age0_F3_m3f3_P3_Y4_UO198,R3_F3_m-1f-1_P3_Y-1_U4,R3_F3_m3f3_P3_Y1_UO39,FXX,0,31.02101913238138,0,0,0.0,0,0,0,0.0,0.625,1,P2_CV0,2,1,1,1,1
3,2532969.44,705413.5711,Age0_F3_m3f3_P3_Y4_UO218,R3_F3_m3f3_P3_Y1_UO99,R3_F3_m3f3_P3_Y2_UO259,MXY,0,31.02101913238138,0,0,0.0,0,0,0,0.0,0.5625,1,P2_CV0,2,1,1,0,2
3,2532969.44,705413.5711,Age0_F3_m3f3_P3_Y4_UO228,R3_F3_m3f3_P3_Y1_UO350,R3_F3_m3f3_P3_Y1_UO315,MXY,0,31.02101913238138,0,0,0.0,0,0,0,0.0,0.625,1,P2_CV0,2,0,2,1,1
3,2532969.44,705413.5711,Age0_F3_m3f3_P3_Y4_UO279,R3_F3_m3f3_P3_Y1_UO485,R3_F3_m3f3_P3_Y2_UO318,MXY,0,31.02101913238138,0,0,0.0,0,0,0,0.0,0.4375,1,P2_CV0,2,1,1,0,2
3,2532969.44,705413.5711,Age0_F3_m3f3_P3_Y4_UO280,R3_F3_m3f3_P3_Y2_UO530,R3_F3_m3f3_P3_Y1_UO265,FXX,0,31.02101913238138,0,0,0.0,0,0,0,0.0,0.5,1,P2_CV0,2,1,1,1,1
3,2532969.44,705413.5711,Age0_F3_m3f3_P3_Y4_UO281,R3_F3_m3f3_P3_Y2_UO530,R3_F3_m3f3_P3_Y1_UO265,MXY,0,31.02101913238138,0,0,0.0,0,0,0,0.0,0.5,1,P2_CV0,2,2,0,2,0
3,2532969.44,705413.5711,Age0_F3_m3f3_P3_Y4_UO312,R3_F3_m-1f-1_P3_Y-1_U106,R3_F3_m3f3_P3_Y0_UO247,MXY,0,31.02101913238138,0,0,0.0,0,0,0,0.0,0.5,1,P2_CV0,2,0,2,2,0
3,2532969.44,705413.5711,Age0_F3_m3f3_P3_Y4_UO313,R3_F3_m-1f-1_P3_Y-1_U106,R3_F3_m3f3_P3_Y0_UO247,MXY,0,31.02101913238138,0,0,0.0,0,0,0,0.0,0.5,1,P2_CV0,2,1,1,1,1
3,2532969.44,705413.5711,Age0_F3_m3f3_P3_Y4_UO314,R3_F3_m-1f-1_P3_Y-1_U106,R3_F3_m3f3_P3_Y0_UO247,FXX,0,31.02101913238138,0,0,0.0,0,0,0,0.0,0.5,1,P2_CV0,2,1,1,0,2
3,2532969.44,705413.5711,Age0_F3_m3f3_P3_Y4_UO315,R3_F3_m-1f-1_P3_Y-1_U106,R3_F3_m3f3_P3_Y0_UO247,MXY,0,31.02101913238138,0,0,0.0,0,0,0,0.0,0.5,1,P2_CV0,2,1,1,1,1
3,2532969.44,705413.5711,Age0_F3_m3f3_P3_Y4_UO353,R3_F3_m3f3_P3_Y1_UO480,R3_F3_m3f3_P3_Y2_UO436,MXY,0,31.02101913238138,0,0,0.0,0,0,0,0.0,0.4375,1,P2_CV0,2,1,1,0,2
3,2532969.44,705413.5711,Age0_F3_m3f3_P3_Y4_UO354,R3_F3_m3f3_P3_Y1_UO480,R3_F3_m3f3_P3_Y2_UO436,MXY,0,31.02101913238138,0,0,0.0,0,0,0,0.0,0.4375,1,P2_CV0,2,2,0,1,1
3,2532969.44,705413.5711,Age0_F3_m3f3_P3_Y4_UO355,R3_F3_m3f3_P3_Y1_UO480,R3_F3_m3f3_P3_Y2_UO436,FXX,0,31.02101913238138,0,0,0.0,0,0,0,0.0,0.4375,1,P2_CV0,2,2,0,0,2
3,2532969.44,705413.5711,Age0_F3_m3f3_P3_Y4_UO398,R3_F3_m-1f-1_P3_Y-1_U57,R3_F3_m2f2_P2_Y1_UO564,MXY,0,31.02101913238138,0,0,0.0,0,0,0,0.0,0.375,1,P2_CV0,2,2,0,1,1
3,2532969.44,705413.5711,Age0_F3_m3f3_P3_Y4_UO399,R3_F3_m-1f-1_P3_Y-1_U57,R3_F3_m2f2_P2_Y1_UO564,MXY,0,31.02101913238138,0,0,0.0,0,0,0,0.0,0.375,1,P2_CV0,2,1,1,1,1
3,2532969.44,705413.5711,Age0_F3_m3f3_P3_Y4_UO401,R3_F3_m3f3_P3_Y1_UO375,R3_F3_m3f3_P3_Y1_UO367,MXY,0,31.02101913238138,0,0,0.0,0,0,0,0.0,0.5,1,P2_CV0,2,2,0,0,2
3,2532969.44,705413.5711,Age0_F3_m3f3_P3_Y4_UO402,R3_F3_m3f3_P3_Y1_UO375,R3_F3_m3f3_P3_Y1_UO367,MXY,0,31.02101913238138,0,0,0.0,0,0,0,0.0,0.5,1,P2_CV0,2,2,0,1,1
3,2532969.44,705413.5711,Age0_F3_m3f3_P3_Y4_UO403,I3_F7_m3f3_P3_Y0_UO69,R3_F3_m3f3_P3_Y2_UO260,MXY,0,31.02101913238138,0,0,0.0,0,0,0,0.0,0.6875,1,P2_CV0,2,0,2,1,1
3,2532969.44,705413.5711,Age0_F3_m3f3_P3_Y4_UO404,I3_F7_m3f3_P3_Y0_UO69,R3_F3_m3f3_P3_Y2_UO260,MXY,0,31.02101913238138,0,0,0.0,0,0,0,0.0,0.6875,1,P2_CV0,2,2,0,1,1
3,2532969.44,705413.5711,Age0_F3_m3f3_P3_Y4_UO405,I3_F7_m3f3_P3_Y0_UO69,R3_F3_m3f3_P3_Y2_UO260,FXX,0,31.02101913238138,0,0,0.0,0,0,0,0.0,0.6875,1,P2_CV0,2,0,2,1,1
3,2532969.44,705413.5711,Age0_F3_m3f3_P3_Y4_UO406,I3_F7_m3f3_P3_Y0_UO69,R3_F3_m3f3_P3_Y2_UO260,FXX,0,31.02101913238138,0,0,0.0,0,0,0,0.0,0.6875,1,P2_CV0,2,1,1,1,1
3,2532969.44,705413.5711,Age0_F3_m3f3_P3_Y4_UO445,I3_F7_m3f3_P3_Y0_UO69,I3_F7_m-1f-1_P3_Y-1_U21,FXX,0,31.02101913238138,0,0,0.0,0,0,0,0.0,1.0,1,P2_CV0,2,1,1,1,1
3,2532969.44,705413.5711,Age0_F3_m3f3_P3_Y4_UO446,I3_F7_m3f3_P3_Y0_UO69,I3_F7_m-1f-1_P3_Y-1_U21,MXY,0,31.02101913238138,0,0,0.0,0,0,0,0.0,1.0,1,P2_CV0,2,2,0,1,1
3,2532969.44,705413.5711,Age0_F3_m3f3_P3_Y4_UO447,I3_F7_m3f3_P3_Y0_UO69,I3_F7_m-1f-1_P3_Y-1_U21,MXY,0,31.02101913238138,0,0,0.0,0,0,0,0.0,1.0,1,P2_CV0,2,1,1,1,1
3,2532969.44,705413.5711,Age0_F3_m3f3_P3_Y4_UO448,I3_F7_m3f3_P3_Y0_UO69,I3_F7_m-1f-1_P3_Y-1_U21,FXX,0,31.02101913238138,0,0,0.0,0,0,0,0.0,1.0,1,P2_CV0,2,2,0,1,1
3,2532969.44,705413.5711,Age0_F3_m3f3_P3_Y4_UO460,R3_F3_m-1f-1_P3_Y-1_U57,R3_F3_m3f3_P3_Y2_UO332,MXY,0,31.02101913238138,0,0,0.0,0,0,0,0.0,0.5,1,P2_CV0,2,0,2,1,1
3,2532969.44,705413.5711,Age0_F3_m3f3_P3_Y4_UO461,R3_F3_m-1f-1_P3_Y-1_U57,R3_F3_m3f3_P3_Y2_UO332,FXX,0,31.02101913238138,0,0,0.0,0,0,0,0.0,0.5,1,P2_CV0,2,0,2,2,0
3,2532969.44,705413.5711,Age0_F3_m3f3_P3_Y4_UO462,R3_F3_m-1f-1_P3_Y-1_U57,R3_F3_m3f3_P3_Y2_UO332,MXY,0,31.02101913238138,0,0,0.0,0,0,0,0.0,0.5,1,P2_CV0,2,1,1,1,1
3,2532969.44,705413.5711,Age0_F3_m3f3_P3_Y4_UO463,R3_F3_m-1f-1_P3_Y-1_U57,R3_F3_m3f3_P3_Y2_UO332,FXX,0,31.02101913238138,0,0,0.0,0,0,0,0.0,0.5,1,P2_CV0,2,1,1,1,1
3,2532969.44,705413.5711,Age0_F3_m3f3_P3_Y4_UO464,R3_F3_m-1f-1_P3_Y-1_U57,R3_F3_m3f3_P3_Y2_UO332,FXX,0,31.02101913238138,0,0,0.0,0,0,0,0.0,0.5,1,P2_CV0,2,1,1,2,0
3,2532969.44,705413.5711,Age0_F3_m3f3_P3_Y4_UO471,R3_F3_m3f3_P3_Y1_UO485,R3_F3_m3f3_P3_Y2_UO34,FXX,0,31.02101913238138,0,0,0.0,0,0,0,0.0,0.25,1,P2_CV0,2,1,1,1,1
3,2532969.44,705413.5711,Age0_F3_m3f3_P3_Y4_UO472,R3_F3_m3f3_P3_Y1_UO485,R3_F3_m3f3_P3_Y2_UO34,MXY,0,31.02101913238138,0,0,0.0,0,0,0,0.0,0.25,1,P2_CV0,2,0,2,1,1
3,2532969.44,705413.5711,Age0_F3_m3f3_P3_Y4_UO478,I3_F7_m-1f-1_P3_Y-1_U62,R3_F3_m3f3_P3_Y2_UO350,MXY,0,31.02101913238138,0,0,0.0,0,0,0,0.0,0.25,1,P2_CV0,2,0,2,1,1
3,2532969.44,705413.5711,Age0_F3_m3f3_P3_Y4_UO479,I3_F7_m-1f-1_P3_Y-1_U62,R3_F3_m3f3_P3_Y2_UO350,MXY,0,31.02101913238138,0,0,0.0,0,0,0,0.0,0.25,1,P2_CV0,2,0,2,1,1
3,2532969.44,705413.5711,Age0_F3_m3f3_P3_Y4_UO510,R3_F3_m3f3_P3_Y1_UO480,R3_F3_m3f3_P3_Y1_UO495,FXX,0,31.02101913238138,0,0,0.0,0,0,0,0.0,0.25,1,P2_CV0,2,1,1,0,2
3,2532969.44,705413.5711,Age0_F3_m3f3_P3_Y4_UO526,R3_F3_m3f3_P3_Y1_UO114,R3_F3_m2f2_P2_Y1_UO564,MXY,0,31.02101913238138,0,0,0.0,0,0,0,0.0,0.625,1,P2_CV0,2,0,2,0,2
3,2532969.44,705413.5711,Age0_F3_m3f3_P3_Y4_UO546,R3_F3_m3f3_P3_Y1_UO480,R3_F3_m3f3_P3_Y2_UO259,FXX,0,31.02101913238138,0,0,0.0,0,0,0,0.0,0.1875,1,P2_CV0,2,0,2,1,1
3,2532969.44,705413.5711,Age0_F3_m3f3_P3_Y4_UO547,R3_F3_m3f3_P3_Y1_UO480,R3_F3_m3f3_P3_Y2_UO259,FXX,0,31.02101913238138,0,0,0.0,0,0,0,0.0,0.1875,1,P2_CV0,2,1,1,0,2
3,2532969.44,705413.5711,Age0_F3_m3f3_P3_Y4_UO548,I3_F7_m-1f-1_P3_Y-1_U62,R3_F3_m3f3_P3_Y2_UO150,FXX,0,31.02101913238138,0,0,0.0,0,0,0,0.0,0.25,1,P2_CV0,2,0,2,1,1
3,2532969.44,705413.5711,Age0_F3_m3f3_P3_Y4_UO549,I3_F7_m-1f-1_P3_Y-1_U62,R3_F3_m3f3_P3_Y2_UO150,FXX,0,31.02101913238138,0,0,0.0,0,0,0,0.0,0.25,1,P2_CV0,2,0,2,1,1
3,2532969.44,705413.5711,Age0_F3_m3f3_P3_Y4_UO559,R3_F3_m-1f-1_P3_Y-1_U57,R3_F3_m3f3_P3_Y2_UO351,FXX,0,31.02101913238138,0,0,0.0,0,0,0,0.0,0.5,1,P2_CV0,2,1,1,1,1
3,2532969.44,705413.5711,Age0_F3_m3f3_P3_Y4_UO560,R3_F3_m-1f-1_P3_Y-1_U57,R3_F3_m3f3_P3_Y2_UO351,FXX,0,31.02101913238138,0,0,0.0,0,0,0,0.0,0.5,1,P2_CV0,2,1,1,2,0
3,2532969.44,705413.5711,Age0_F3_m3f3_P3_Y4_UO561,R3_F3_m-1f-1_P3_Y-1_U57,R3_F3_m3f3_P3_Y2_UO351,FXX,0,31.02101913238138,0,0,0.0,0,0,0,0.0,0.5,1,P2_CV0,2,0,2,2,0
3,2532969.44,705413.5711,Age0_F3_m3f3_P3_Y4_UO562,R3_F3_m3f3_P3_Y2_UO334,R3_F3_m3f3_P3_Y0_UO585,MXY,0,31.02101913238138,0,0,0.0,0,0,0,0.0,0.5,1,P2_CV0,2,1,1,2,0
3,2532969.44,705413.5711,Age0_F3_m3f3_P3_Y4_UO563,R3_F3_m3f3_P3_Y2_UO334,R3_F3_m3f3_P3_Y0_UO585,MXY,0,31.02101913238138,0,0,0.0,0,0,0,0.0,0.5,1,P2_CV0,2,1,1,0,2
3,2532969.44,705413.5711,Age0_F3_m3f3_P3_Y4_UO564,R3_F3_m3f3_P3_Y1_UO369,R3_F3_m3f3_P3_Y2_UO491,MXY,0,31.02101913238138,0,0,0.0,0,0,0,0.0,0.625,1,P2_CV0,2,1,1,1,1
3,2532969.44,705413.5711,Age0_F3_m3f3_P3_Y4_UO582,I3_F7_m3f3_P3_Y0_UO69,R3_F3_m3f3_P3_Y2_UO310,FXX,0,31.02101913238138,0,0,0.0,0,0,0,0.0,0.6875,1,P2_CV0,2,1,1,1,1
3,2532969.44,705413.5711,Age0_F3_m3f3_P3_Y4_UO583,I3_F7_m3f3_P3_Y0_UO69,R3_F3_m3f3_P3_Y2_UO310,MXY,0,31.02101913238138,0,0,0.0,0,0,0,0.0,0.6875,1,P2_CV0,2,1,1,1,1
3,2532969.44,705413.5711,Age0_F3_m3f3_P3_Y4_UO584,I3_F7_m3f3_P3_Y0_UO69,R3_F3_m3f3_P3_Y2_UO310,MXY,0,31.02101913238138,0,0,0.0,0,0,0,0.0,0.6875,1,P2_CV0,2,2,0,1,1
3,2532969.44,705413.5711,Age0_F3_m3f3_P3_Y4_UO585,I3_F7_m3f3_P3_Y0_UO69,R3_F3_m3f3_P3_Y2_UO310,FXX,0,31.02101913238138,0,0,0.0,0,0,0,0.0,0.6875,1,P2_CV0,2,2,0,1,1
3,2532969.44,705413.5711,Age0_F3_m3f3_P3_Y4_UO586,I3_F7_m3f3_P3_Y0_UO69,R3_F3_m3f3_P3_Y2_UO310,FXX,0,31.02101913238138,0,0,0.0,0,0,0,0.0,0.6875,1,P2_CV0,2,2,0,1,1
3,2532969.44,705413.5711,Age0_F3_m3f3_P3_Y4_UO587,R3_F3_m3f3_P3_Y1_UO369,R3_F3_m3f3_P3_Y2_UO4,MXY,0,31.02101913238138,0,0,0.0,0,0,0,0.0,0.5625,1,P2_CV0,2,2,0,2,0
3,2532969.44,705413.5711,Age0_F3_m3f3_P3_Y4_UO588,R3_F3_m3f3_P3_Y1_UO369,R3_F3_m3f3_P3_Y2_UO4,MXY,0,31.02101913238138,0,0,0.0,0,0,0,0.0,0.5625,1,P2_CV0,2,2,0,1,1
3,2532969.44,705413.5711,Age0_F3_m3f3_P3_Y4_UO589,R3_F3_m3f3_P3_Y1_UO369,R3_F3_m3f3_P3_Y2_UO4,MXY,0,31.02101913238138,0,0,0.0,0,0,0,0.0,0.5625,1,P2_CV0,2,2,0,1,1
3,2532969.44,705413.5711,Age0_F3_m3f3_P3_Y4_UO646,R3_F3_m3f3_P3_Y1_UO416,R3_F3_m3f3_P3_Y1_UO367,FXX,0,31.02101913238138,0,0,0.0,0,0,0,0.0,0.875,1,P2_CV0,2,2,0,1,1
3,2532969.44,705413.5711,R3_F3_m3f3_P3_Y3_UO527,R3_F3_m3f3_P3_Y1_UO375,R3_F3_m3f3_P3_Y1_UO415,MXY,1,31.04529385905512,1,1,0.0,0,0,0,-9999.0,0.625,1,P2_CV0,2,2,0,1,1
3,2532969.44,705413.5711,R3_F3_m3f3_P3_Y3_UO106,R3_F3_m-1f-1_P3_Y-1_U13,R3_F3_m3f3_P3_Y0_UO420,MXY,1,31.04529385905512,1,1,0.0,0,0,0,-9999.0,0.625,1,P2_CV0,2,1,1,1,1
3,2532969.44,705413.5711,R3_F3_m3f3_P3_Y3_UO294,R3_F3_m-1f-1_P3_Y-1_U113,R3_F3_m3f3_P3_Y0_UO692,MXY,1,31.04529385905512,1,1,0.0,0,0,0,-9999.0,0.375,1,P2_CV0,2,1,1,2,0
3,2532969.44,705413.5711,R3_F3_m3f3_P3_Y3_UO400,R3_F3_m-1f-1_P3_Y-1_U62,R3_F3_m3f3_P3_Y1_UO435,MXY,1,31.04529385905512,1,1,0.0,0,0,0,-9999.0,0.125,1,P2_CV0,2,1,1,1,1
3,2532969.44,705413.5711,R3_F3_m3f3_P3_Y3_UO309,R3_F3_m-1f-1_P3_Y-1_U106,R3_F3_m3f3_P3_Y1_UO139,FXX,1,31.04529385905512,1,1,1.792,0,0,0,-9999.0,0.125,1,P2_CV0,2,0,2,0,2
3,2532969.44,705413.5711,R3_F3_m3f3_P3_Y3_UO555,R3_F3_m3f3_P3_Y0_UO588,R3_F3_m-1f-1_P3_Y-1_U20,MXY,1,31.04529385905512,1,1,0.0,0,0,0,-9999.0,0.75,1,P2_CV0,2,2,0,0,2
3,2532969.44,705413.5711,R3_F3_m3f3_P3_Y3_UO90,R3_F3_m3f3_P3_Y1_UO541,R3_F3_m3f3_P3_Y1_UO265,FXX,1,31.04529385905512,1,1,1.0,0,0,0,-9999.0,0.5,1,P2_CV0,2,2,0,2,0
3,2532969.44,705413.5711,R3_F3_m3f3_P3_Y3_UO16,R3_F3_m3f3_P3_Y1_UO99,R3_F3_m3f3_P3_Y0_UO16,MXY,1,31.04529385905512,1,1,0.0,0,0,0,-9999.0,0.75,1,P2_CV0,2,1,1,1,1
3,2532969.44,705413.5711,R3_F3_m3f3_P3_Y3_UO227,R3_F3_m-1f-1_P3_Y-1_U4,R3_F3_m3f3_P3_Y0_UO594,MXY,1,31.04529385905512,1,1,0.0,0,0,0,-9999.0,0.75,1,P2_CV0,2,1,1,0,2
3,2532969.44,705413.5711,R3_F3_m3f3_P3_Y3_UO337,R3_F3_m3f3_P3_Y0_UO589,R3_F3_m3f3_P3_Y1_UO265,MXY,1,31.04529385905512,1,1,0.0,0,0,0,-9999.0,0.375,1,P2_CV0,2,1,1,2,0
3,2532969.44,705413.5711,R3_F3_m3f3_P3_Y3_UO223,R3_F3_m-1f-1_P3_Y-1_U4,R3_F3_m3f3_P3_Y0_UO594,MXY,1,31.04529385905512,1,1,0.0,0,0,0,-9999.0,0.75,1,P2_CV0,2,2,0,1,1
3,2532969.44,705413.5711,R3_F3_m3f3_P3_Y3_UO374,R3_F3_m3f3_P3_Y0_UO589,R3_F3_m-1f-1_P1_Y-1_U64,FXX,1,31.04529385905512,1,1,1.0,0,0,0,-9999.0,0.5,1,P2_CV0,2,0,2,1,1
3,2532969.44,705413.5711,R3_F3_m3f3_P3_Y3_UO143,R3_F3_m3f3_P3_Y1_UO127,R3_F3_m3f3_P3_Y0_UO653,FXX,1,31.04529385905512,1,1,1.988,0,0,0,-9999.0,0.375,1,P2_CV0,2,0,2,2,0
3,2532969.44,705413.5711,R3_F3_m3f3_P3_Y3_UO312,R3_F3_m3f3_P3_Y1_UO355,R3_F3_m3f3_P3_Y0_UO702,MXY,1,31.04529385905512,1,1,0.0,0,0,0,-9999.0,0.125,1,P2_CV0,2,0,2,0,2
3,2532969.44,705413.5711,R3_F3_m3f3_P3_Y3_UO130,R3_F3_m3f3_P3_Y1_UO355,R3_F3_m3f3_P3_Y0_UO16,MXY,1,31.04529385905512,1,1,0.0,0,0,0,-9999.0,0.375,1,P2_CV0,2,0,2,1,1
3,2532969.44,705413.5711,R3_F3_m3f3_P3_Y3_UO307,R3_F3_m-1f-1_P3_Y-1_U106,R3_F3_m3f3_P3_Y1_UO139,MXY,1,31.04529385905512,1,1,0.0,0,0,0,-9999.0,0.125,1,P2_CV0,2,0,2,1,1
3,2532969.44,705413.5711,R3_F3_m3f3_P3_Y3_UO471,R3_F3_m3f3_P3_Y0_UO529,R3_F3_m-1f-1_P3_Y-1_U5,FXX,1,31.04529385905512,1,1,0.0,0,0,0,-9999.0,0.625,1,P2_CV0,2,1,1,0,2
3,2532969.44,705413.5711,R3_F3_m3f3_P3_Y3_UO76,R3_F3_m3f3_P3_Y0_UO529,R3_F3_m3f3_P3_Y0_UO585,FXX,1,31.04529385905512,1,1,1.431,0,0,0,-9999.0,0.375,1,P2_CV0,2,0,2,0,2
3,2532969.44,705413.5711,R3_F3_m3f3_P3_Y3_UO316,R3_F3_m3f3_P3_Y1_UO355,R3_F3_m3f3_P3_Y1_UO39,FXX,1,31.04529385905512,1,1,0.0,0,0,0,-9999.0,0.125,1,P2_CV0,2,0,2,0,2
3,2532969.44,705413.5711,R3_F3_m3f3_P3_Y3_UO226,R3_F3_m-1f-1_P3_Y-1_U4,R3_F3_m3f3_P3_Y0_UO594,MXY,1,31.04529385905512,1,1,0.0,0,0,0,-9999.0,0.75,1,P2_CV0,2,2,0,1,1
3,2532969.44,705413.5711,R3_F3_m3f3_P3_Y3_UO259,R3_F3_m3f3_P3_Y1_UO541,R3_F3_m3f3_P3_Y0_UO652,MXY,1,31.04529385905512,1,1,0.0,0,0,0,-9999.0,0.75,1,P2_CV0,2,2,0,1,1
3,2532969.44,705413.5711,R3_F3_m3f3_P3_Y3_UO526,R3_F3_m3f3_P3_Y1_UO375,R3_F3_m3f3_P3_Y1_UO415,FXX,1,31.04529385905512,1,1,1.0,0,0,0,-9999.0,0.625,1,P2_CV0,2,2,0,1,1
3,2532969.44,705413.5711,R3_F3_m3f3_P3_Y3_UO186,R3_F3_m3f3_P3_Y0_UO588,R3_F3_m3f3_P3_Y0_UO247,MXY,1,31.04529385905512,1,1,0.0,0,0,0,-9999.0,0.75,1,P2_CV0,2,1,1,1,1
3,2532969.44,705413.5711,R3_F3_m3f3_P3_Y3_UO397,R3_F3_m3f3_P3_Y1_UO494,R3_F3_m3f3_P3_Y0_UO256,MXY,1,31.04529385905512,1,1,0.0,0,0,0,-9999.0,0.625,1,P2_CV0,2,1,1,2,0
3,2532969.44,705413.5711,R3_F3_m3f3_P3_Y3_UO398,R3_F3_m3f3_P3_Y1_UO494,R3_F3_m3f3_P3_Y0_UO256,FXX,1,31.04529385905512,1,1,2.069,0,0,0,-9999.0,0.625,1,P2_CV0,2,1,1,2,0
3,2532969.44,705413.5711,R3_F3_m3f3_P3_Y3_UO94,RD3_F3_m3f3_P3_Y1_UO509,R3_F3_m3f3_P3_Y0_UO249,MXY,1,31.04529385905512,1,1,0.0,0,0,0,-9999.0,0.5,1,P2_CV0,2,0,2,0,2
3,2532969.44,705413.5711,R3_F3_m3f3_P3_Y3_UO426,R3_F3_m3f3_P3_Y1_UO369,R3_F3_m3f3_P3_Y0_UO256,MXY,1,31.04529385905512,1,1,0.0,0,0,0,-9999.0,0.75,1,P2_CV0,2,2,0,0,2
3,2532969.44,705413.5711,R3_F3_m3f3_P3_Y3_UO77,R3_F3_m3f3_P3_Y1_UO21,R3_F3_m3f3_P3_Y1_UO39,FXX,1,31.04529385905512,1,1,1.049,0,0,0,-9999.0,0.25,1,P2_CV0,2,0,2,1,1
3,2532969.44,705413.5711,R3_F3_m3f3_P3_Y3_UO142,R3_F3_m3f3_P3_Y1_UO127,R3_F3_m3f3_P3_Y0_UO653,MXY,1,31.04529385905512,1,1,0.0,0,0,0,-9999.0,0.375,1,P2_CV0,2,0,2,2,0
3,2532969.44,705413.5711,R3_F3_m3f3_P3_Y3_UO104,R3_F3_m-1f-1_P3_Y-1_U13,R3_F3_m3f3_P3_Y0_UO420,MXY,1,31.04529385905512,1,1,0.0,0,0,0,-9999.0,0.625,1,P2_CV0,2,1,1,1,1
3,2532969.44,705413.5711,R3_F3_m3f3_P3_Y3_UO303,RD3_F1_m-1f-1_P1_Y-1_U114,R3_F3_m3f3_P3_Y1_UO37,MXY,1,31.04529385905512,1,1,0.0,0,0,0,-9999.0,0.125,1,P2_CV0,2,1,1,1,1
3,2532969.44,705413.5711,R3_F3_m3f3_P3_Y3_UO93,RD3_F3_m3f3_P3_Y1_UO509,R3_F3_m3f3_P3_Y0_UO249,FXX,1,31.04529385905512,1,1,1.0,0,0,0,-9999.0,0.5,1,P2_CV0,2,1,1,1,1
3,2532969.44,705413.5711,R3_F3_m3f3_P3_Y3_UO557,R3_F3_m3f3_P3_Y0_UO588,R3_F3_m-1f-1_P3_Y-1_U20,MXY,1,31.04529385905512,1,1,0.0,0,0,0,-9999.0,0.75,1,P2_CV0,2,2,0,0,2
3,2532969.44,705413.5711,R3_F3_m3f3_P3_Y3_UO305,R3_F3_m-1f-1_P3_Y-1_U106,R3_F3_m3f3_P3_Y1_UO139,MXY,1,31.04529385905512,1,1,0.0,0,0,0,-9999.0,0.125,1,P2_CV0,2,0,2,0,2
3,2532969.44,705413.5711,R3_F3_m3f3_P3_Y3_UO306,R3_F3_m-1f-1_P3_Y-1_U106,R3_F3_m3f3_P3_Y1_UO139,FXX,1,31.04529385905512,1,1,1.0,0,0,0,-9999.0,0.125,1,P2_CV0,2,0,2,1,1
3,2532969.44,705413.5711,R3_F3_m3f3_P3_Y3_UO89,R3_F3_m3f3_P3_Y1_UO541,R3_F3_m3f3_P3_Y1_UO265,FXX,1,31.04529385905512,1,1,2.295,0,0,0,-9999.0,0.5,1,P2_CV0,2,1,1,2,0
3,2532969.44,705413.5711,R3_F3_m3f3_P3_Y3_UO185,R3_F3_m3f3_P3_Y0_UO588,R3_F3_m3f3_P3_Y0_UO247,MXY,1,31.04529385905512,1,1,0.0,0,0,0,-9999.0,0.75,1,P2_CV0,2,1,1,1,1
3,2532969.44,705413.5711,R3_F3_m3f3_P3_Y3_UO404,R3_F3_m3f3_P3_Y1_UO366,R3_F3_m3f3_P3_Y0_UO652,FXX,1,31.04529385905512,1,1,1.322,0,0,0,-9999.0,0.75,1,P2_CV0,2,1,1,0,2
3,2532969.44,705413.5711,R3_F3_m3f3_P3_Y3_UO463,RD3_F1_m-1f-1_P1_Y-1_U114,R3_F3_m-1f-1_P3_Y-1_U127,FXX,1,31.04529385905512,1,1,1.0,0,0,0,-9999.0,0.25,1,P2_CV0,2,0,2,2,0
3,2532969.44,705413.5711,R3_F3_m3f3_P3_Y3_UO349,RD3_F3_m3f3_P3_Y1_UO509,R3_F3_m3f3_P3_Y0_UO249,FXX,1,31.04529385905512,1,1,1.351,0,0,0,-9999.0,0.5,1,P2_CV0,2,0,2,1,1
3,2532969.44,705413.5711,R3_F3_m3f3_P3_Y3_UO293,R3_F3_m-1f-1_P3_Y-1_U113,R3_F3_m3f3_P3_Y0_UO692,FXX,1,31.04529385905512,1,1,1.875,0,0,0,-9999.0,0.375,1,P2_CV0,2,0,2,0,2
3,2532969.44,705413.5711,R3_F3_m3f3_P3_Y3_UO18,R3_F3_m3f3_P3_Y0_UO492,R3_F3_m3f3_P3_Y0_UO692,MXY,1,31.04529385905512,1,1,0.0,0,0,0,-9999.0,0.375,1,P2_CV0,2,1,1,0,2
3,2532969.44,705413.5711,R3_F3_m3f3_P3_Y3_UO556,R3_F3_m3f3_P3_Y0_UO588,R3_F3_m-1f-1_P3_Y-1_U20,MXY,1,31.04529385905512,1,1,0.0,0,0,0,-9999.0,0.75,1,P2_CV0,2,2,0,0,2
3,2532969.44,705413.5711,R3_F3_m3f3_P3_Y3_UO402,R3_F3_m3f3_P3_Y0_UO588,R3_F3_m3f3_P3_Y1_UO315,MXY,1,31.04529385905512,1,1,0.0,0,0,0,-9999.0,0.625,1,P2_CV0,2,2,0,0,2
3,2532969.44,705413.5711,R3_F3_m3f3_P3_Y3_UO78,R3_F3_m3f3_P3_Y1_UO21,R3_F3_m3f3_P3_Y1_UO39,FXX,1,31.04529385905512,1,1,3.141,0,0,0,-9999.0,0.25,1,P2_CV0,2,1,1,1,1
3,2532969.44,705413.5711,R3_F3_m3f3_P3_Y3_UO314,R3_F3_m3f3_P3_Y1_UO366,R3_F3_m3f3_P3_Y0_UO420,MXY,1,31.04529385905512,1,1,0.0,0,0,0,-9999.0,0.75,1,P2_CV0,2,1,1,1,1
3,2532969.44,705413.5711,R3_F3_m3f3_P3_Y3_UO373,R3_F3_m3f3_P3_Y0_UO589,R3_F3_m-1f-1_P1_Y-1_U64,FXX,1,31.04529385905512,1,1,2.026,0,0,0,-9999.0,0.5,1,P2_CV0,2,0,2,1,1
3,2532969.44,705413.5711,R3_F3_m3f3_P3_Y3_UO375,R3_F3_m3f3_P3_Y0_UO589,R3_F3_m-1f-1_P1_Y-1_U64,FXX,1,31.04529385905512,1,1,0.0,0,0,0,-9999.0,0.5,1,P2_CV0,2,1,1,1,1
3,2532969.44,705413.5711,R3_F3_m3f3_P3_Y3_UO105,R3_F3_m-1f-1_P3_Y-1_U13,R3_F3_m3f3_P3_Y0_UO420,MXY,1,31.04529385905512,1,1,0.0,0,0,0,-9999.0,0.625,1,P2_CV0,2,2,0,0,2
3,2532969.44,705413.5711,R3_F3_m3f3_P3_Y2_UO102,R3_F3_m-1f-1_P3_Y-1_U4,R3_F3_m-1f-1_P3_Y-1_U81,FXX,2,31.073732673124212,1,0,1.0,0,0,0,-9999.0,1.0,1,P2_CV0,2,2,0,1,1
3,2532969.44,705413.5711,R3_F3_m3f3_P3_Y2_UO598,R3_F3_m3f3_P3_Y0_UO725,R3_F3_m3f3_P3_Y0_UO247,FXX,2,31.073732673124212,1,0,0.0,0,0,0,-9999.0,0.75,1,P2_CV0,2,0,2,1,1
3,2532969.44,705413.5711,R3_F3_m3f3_P3_Y2_UO334,R3_F3_m3f3_P3_Y0_UO119,R3_F3_m3f3_P3_Y0_UO653,FXX,2,31.073732673124212,1,0,1.309,0,0,0,-9999.0,0.5,1,P2_CV0,2,1,1,1,1
3,2532969.44,705413.5711,R3_F3_m3f3_P3_Y2_UO65,R3_F3_m3f3_P3_Y0_UO121,R3_F3_m3f3_P3_Y0_UO653,MXY,2,31.073732673124212,1,0,0.0,0,0,0,-9999.0,0.5,1,P2_CV0,2,1,1,1,1
3,2532969.44,705413.5711,R3_F3_m3f3_P3_Y2_UO68,R3_F3_m3f3_P3_Y0_UO121,R3_F3_m3f3_P3_Y0_UO653,MXY,2,31.073732673124212,1,0,0.0,0,0,0,-9999.0,0.5,1,P2_CV0,2,0,2,1,1
3,2532969.44,705413.5711,R3_F3_m3f3_P3_Y2_UO260,R3_F3_m3f3_P3_Y0_UO121,RD3_F1_m-1f-1_P1_Y-1_U64,MXY,2,31.073732673124212,1,0,0.0,0,0,0,-9999.0,0.375,1,P2_CV0,2,1,1,0,2
3,2532969.44,705413.5711,R3_F3_m3f3_P3_Y2_UO317,R3_F3_m-1f-1_P3_Y-1_U108,R3_F3_m3f3_P3_Y0_UO256,FXX,2,31.073732673124212,1,0,1.126,0,0,0,-9999.0,0.875,1,P2_CV0,2,1,1,0,2
3,2532969.44,705413.5711,R3_F3_m3f3_P3_Y2_UO38,R3_F3_m-1f-1_P3_Y-1_U62,R3_F3_m-1f-1_P3_Y-1_U30,MXY,2,31.073732673124212,1,0,0.0,0,0,0,-9999.0,0.5,1,P2_CV0,2,1,1,2,0
3,2532969.44,705413.5711,R3_F3_m3f3_P3_Y2_UO148,R3_F3_m-1f-1_P3_Y-1_U105,R3_F3_m-1f-1_P3_Y-1_U99,FXX,2,31.073732673124212,1,0,1.609,0,0,0,-9999.0,0.5,1,P2_CV0,2,1,1,1,1
3,2532969.44,705413.5711,R3_F3_m3f3_P3_Y2_UO275,R3_F3_m-1f-1_P3_Y-1_U113,R3_F3_m3f3_P3_Y0_UO120,FXX,2,31.073732673124212,1,0,3.703,0,0,0,-9999.0,0.375,1,P2_CV0,2,2,0,2,0
3,2532969.44,705413.5711,R3_F3_m3f3_P3_Y2_UO350,R3_F3_m3f3_P3_Y0_UO119,R3_F3_m3f3_P3_Y0_UO256,MXY,2,31.073732673124212,1,0,0.0,0,0,0,-9999.0,0.5,1,P2_CV0,2,0,2,0,2
3,2532969.44,705413.5711,R3_F3_m3f3_P3_Y2_UO491,R3_F3_m3f3_P3_Y0_UO121,R3_F3_m3f3_P3_Y0_UO653,MXY,2,31.073732673124212,1,0,0.0,0,0,0,-9999.0,0.5,1,P2_CV0,2,0,2,1,1
3,2532969.44,705413.5711,R3_F3_m3f3_P3_Y2_UO4,R3_F3_m-1f-1_P3_Y-1_U62,R3_F3_m3f3_P3_Y0_UO256,MXY,2,31.073732673124212,1,0,0.0,0,0,0,-9999.0,0.375,1,P2_CV0,2,1,1,2,0
3,2532969.44,705413.5711,R3_F3_m3f3_P3_Y2_UO318,R3_F3_m-1f-1_P3_Y-1_U108,R3_F3_m3f3_P3_Y0_UO256,MXY,2,31.073732673124212,1,0,0.0,0,0,0,-9999.0,0.875,1,P2_CV0,2,2,0,0,2
3,2532969.44,705413.5711,R3_F3_m3f3_P3_Y2_UO351,R3_F3_m3f3_P3_Y0_UO119,R3_F3_m3f3_P3_Y0_UO256,MXY,2,31.073732673124212,1,0,0.0,0,0,0,-9999.0,0.5,1,P2_CV0,2,0,2,1,1
3,2532969.44,705413.5711,R3_F3_m3f3_P3_Y2_UO534,R3_F3_m-1f-1_P3_Y-1_U108,R3_F3_m3f3_P3_Y0_UO585,MXY,2,31.073732673124212,1,0,0.0,0,0,0,-9999.0,0.75,1,P2_CV0,2,1,1,1,1
3,2532969.44,705413.5711,R3_F3_m3f3_P3_Y2_UO34,R3_F3_m-1f-1_P3_Y-1_U62,R3_F3_m-1f-1_P3_Y-1_U30,MXY,2,31.073732673124212,1,0,0.0,0,0,0,-9999.0,0.5,1,P2_CV0,2,1,1,2,0
3,2532969.44,705413.5711,R3_F3_m3f3_P3_Y2_UO424,R3_F3_m-1f-1_P3_Y-1_U57,R3_F3_m3f3_P3_Y0_UO249,FXX,2,31.073732673124212,1,0,0.0,0,0,0,-9999.0,0.75,1,P2_CV0,2,1,1,1,1
3,2532969.44,705413.5711,R3_F3_m3f3_P3_Y2_UO435,R3_F3_m-1f-1_P3_Y-1_U105,R3_F3_m3f3_P3_Y0_UO653,FXX,2,31.073732673124212,1,0,0.0,0,0,0,-9999.0,0.875,1,P2_CV0,2,1,1,1,1
3,2532969.44,705413.5711,R3_F3_m3f3_P3_Y2_UO490,R3_F3_m3f3_P3_Y0_UO121,R3_F3_m3f3_P3_Y0_UO653,MXY,2,31.073732673124212,1,0,0.0,0,0,0,-9999.0,0.5,1,P2_CV0,2,0,2,1,1
3,2532969.44,705413.5711,R3_F3_m3f3_P3_Y2_UO436,R3_F3_m-1f-1_P3_Y-1_U105,R3_F3_m3f3_P3_Y0_UO653,MXY,2,31.073732673124212,1,0,0.0,0,0,0,-9999.0,0.875,1,P2_CV0,2,1,1,1,1
3,2532969.44,705413.5711,R3_F3_m3f3_P3_Y2_UO324,R3_F3_m-1f-1_P3_Y-1_U108,R3_F3_m3f3_P3_Y0_UO256,FXX,2,31.073732673124212,1,0,1.605,0,0,0,-9999.0,0.875,1,P2_CV0,2,1,1,0,2
3,2532969.44,705413.5711,R3_F3_m3f3_P3_Y2_UO310,R3_F3_m-1f-1_P3_Y-1_U113,R3_F3_m3f3_P3_Y0_UO399,MXY,2,31.073732673124212,1,0,0.0,0,0,0,-9999.0,0.375,1,P2_CV0,2,2,0,0,2
3,2532969.44,705413.5711,R3_F3_m3f3_P3_Y2_UO547,R3_F3_m3f3_P3_Y0_UO69,RD3_F1_m-1f-1_P1_Y-1_U41,FXX,2,31.073732673124212,1,0,1.0,0,0,0,-9999.0,0.5,1,P2_CV0,2,0,2,2,0
3,2532969.44,705413.5711,R3_F3_m3f3_P3_Y2_UO332,R3_F3_m3f3_P3_Y0_UO119,R3_F3_m3f3_P3_Y0_UO653,MXY,2,31.073732673124212,1,0,0.0,0,0,0,-9999.0,0.5,1,P2_CV0,2,0,2,1,1
3,2532969.44,705413.5711,R3_F3_m3f3_P3_Y2_UO3,R3_F3_m-1f-1_P3_Y-1_U62,R3_F3_m3f3_P3_Y0_UO256,MXY,2,31.073732673124212,1,0,0.0,0,0,0,-9999.0,0.375,1,P2_CV0,2,1,1,1,1
3,2532969.44,705413.5711,R3_F3_m3f3_P3_Y2_UO150,R3_F3_m-1f-1_P3_Y-1_U105,R3_F3_m-1f-1_P3_Y-1_U99,MXY,2,31.073732673124212,1,0,0.0,0,0,0,-9999.0,0.5,1,P2_CV0,2,1,1,0,2
3,2532969.44,705413.5711,R3_F3_m3f3_P3_Y2_UO530,R3_F3_m-1f-1_P3_Y-1_U108,R3_F3_m3f3_P3_Y0_UO585,FXX,2,31.073732673124212,1,0,2.759,0,0,0,-9999.0,0.75,1,P2_CV0,2,1,1,1,1
3,2532969.44,705413.5711,R3_F3_m3f3_P3_Y1_UO203,R3_F3_m-1f-1_P3_Y-1_U42,R3_F3_m-1f-1_P3_Y-1_U121,FXX,3,31.09367948447649,1,0,0.0,0,0,0,-9999.0,0.5,1,P2_CV0,2,1,1,0,2
3,2532969.44,705413.5711,R3_F3_m3f3_P3_Y1_UO366,R3_F3_m-1f-1_P3_Y-1_U27,R3_F3_m-1f-1_P3_Y-1_U66,FXX,3,31.09367948447649,1,0,1.031,0,0,0,-9999.0,0.75,1,P2_CV0,2,1,1,0,2
3,2532969.44,705413.5711,R3_F3_m3f3_P3_Y1_UO437,R3_F3_m-1f-1_P3_Y-1_U112,R3_F3_m-1f-1_P3_Y-1_U93,MXY,3,31.09367948447649,1,0,0.0,0,0,0,-9999.0,0.25,1,P2_CV0,2,0,2,1,1
3,2532969.44,705413.5711,R3_F3_m3f3_P3_Y1_UO509,R3_F3_m-1f-1_P3_Y-1_U106,R3_F3_m-1f-1_P3_Y-1_U50,FXX,3,31.09367948447649,1,0,1.929,0,0,0,-9999.0,0.0,1,P2_CV0,2,1,1,0,2
3,2532969.44,705413.5711,R3_F3_m3f3_P3_Y1_UO495,R3_F3_m-1f-1_P3_Y-1_U27,R3_F3_m-1f-1_P3_Y-1_U120,MXY,3,31.09367948447649,1,0,0.0,0,0,0,-9999.0,0.5,1,P2_CV0,2,1,1,0,2
3,2532969.44,705413.5711,R3_F3_m3f3_P3_Y1_UO265,R3_F3_m-1f-1_P3_Y-1_U95,R3_F3_m-1f-1_P3_Y-1_U124,MXY,3,31.09367948447649,1,0,0.0,0,0,0,-9999.0,0.25,1,P2_CV0,2,2,0,2,0
3,2532969.44,705413.5711,R3_F3_m3f3_P3_Y1_UO485,R3_F3_m-1f-1_P3_Y-1_U23,R3_F3_m-1f-1_P3_Y-1_U86,FXX,3,31.09367948447649,1,0,1.222,0,0,0,-9999.0,0.0,1,P2_CV0,2,1,1,1,1
3,2532969.44,705413.5711,R3_F3_m3f3_P3_Y1_UO541,R3_F3_m-1f-1_P3_Y-1_U117,R3_F3_m-1f-1_P3_Y-1_U19,FXX,3,31.09367948447649,1,0,0.0,0,0,0,-9999.0,0.75,1,P2_CV0,2,1,1,2,0
3,2532969.44,705413.5711,R3_F3_m3f3_P3_Y0_UO420,R3_F3_m-1f-1_P3_Y-1_U119,R3_F3_m-1f-1_P3_Y-1_U8,MXY,4,31.111129674396174,1,0,0.0,0,0,0,-9999.0,0.75,1,P2_CV0,2,2,0,1,1
3,2532969.44,705413.5711,R3_F3_m3f3_P3_Y0_UO490,R3_F3_m-1f-1_P3_Y-1_U88,R3_F3_m-1f-1_P3_Y-1_U3,MXY,4,31.111129674396174,1,0,0.0,0,0,0,-9999.0,0.5,1,P2_CV0,2,2,0,2,0
3,2532969.44,705413.5711,R3_F3_m3f3_P3_Y0_UO247,R3_F3_m-1f-1_P3_Y-1_U88,R3_F3_m-1f-1_P3_Y-1_U30,MXY,4,31.111129674396174,1,0,0.0,0,0,0,-9999.0,1.0,1,P2_CV0,2,1,1,1,1
3,2532969.44,705413.5711,R3_F3_m3f3_P3_Y0_UO585,R3_F3_m-1f-1_P3_Y-1_U34,R3_F3_m-1f-1_P3_Y-1_U30,MXY,4,31.111129674396174,1,0,0.0,0,0,0,-9999.0,0.5,1,P2_CV0,2,0,2,1,1
3,2532969.44,705413.5711,R3_F3_m3f3_P3_Y0_UO594,R3_F3_m-1f-1_P3_Y-1_U34,R3_F3_m-1f-1_P3_Y-1_U49,MXY,4,31.111129674396174,1,0,0.0,0,0,0,-9999.0,0.5,1,P2_CV0,2,1,1,1,1
3,2532969.44,705413.5711,R3_F3_m3f3_P3_Y0_UO69,R3_F3_m-1f-1_P3_Y-1_U88,R3_F3_m-1f-1_P3_Y-1_U94,FXX,4,31.11794244707799,1,0,0.0,0,0,0,-9999.0,1.0,1,P2_CV0,2,1,1,2,0
3,2532969.44,705413.5711,R3_F3_m3f3_P3_Y0_UO121,R3_F3_m-1f-1_P3_Y-1_U71,R3_F3_m-1f-1_P3_Y-1_U6,FXX,4,31.11794244707799,1,0,3.507,0,0,0,-9999.0,0.25,1,P2_CV0,2,0,2,0,2
3,2532969.44,705413.5711,R3_F3_m-1f-1_P3_Y-1_U90,-9999,-9999,MXY,5,31.101904583407062,1,0,0.0,0,0,0,-9999.0,0.5,1,P2_CV0,2,1,1,0,2
3,2532969.44,705413.5711,R3_F3_m-1f-1_P3_Y-1_U21,-9999,-9999,MXY,5,31.107174824089334,1,0,0.0,0,0,0,-9999.0,1.0,1,P2_CV0,2,2,0,1,1
3,2532969.44,705413.5711,R3_F3_m-1f-1_P3_Y-1_U106,-9999,-9999,FXX,5,31.109913848590267,1,0,0.0,0,0,0,-9999.0,0.0,1,P2_CV0,2,0,2,1,1
4,2539041.489,728416.6747,Age0_F4_m4f4_P4_Y4_UO500,RD4_F3_m-1f-1_P3_Y-1_U28,R4_F4_m4f4_P4_Y2_UO279,FXX,0,31.00163650711882,0,0,0.0,0,0,0,0.0,0.25,1,P2_CV0,2,0,2,1,1
4,2539041.489,728416.6747,Age0_F4_m4f4_P4_Y4_UO501,RD4_F3_m-1f-1_P3_Y-1_U28,R4_F4_m4f4_P4_Y2_UO279,MXY,0,31.00163650711882,0,0,0.0,0,0,0,0.0,0.25,1,P2_CV0,2,1,1,1,1
4,2539041.489,728416.6747,Age0_F4_m4f4_P4_Y4_UO502,RD4_F3_m-1f-1_P3_Y-1_U28,R4_F4_m4f4_P4_Y2_UO279,FXX,0,31.00163650711882,0,0,0.0,0,0,0,0.0,0.25,1,P2_CV0,2,1,1,1,1
4,2539041.489,728416.6747,Age0_F4_m4f4_P4_Y4_UO45,I4_F7_m4f4_P4_Y2_UO560,R4_F4_m4f4_P4_Y2_UO235,MXY,0,31.00163650711882,0,0,0.0,0,0,0,0.0,0.4375,1,P3_CV0,2,0,2,1,1
4,2539041.489,728416.6747,Age0_F4_m4f4_P4_Y4_UO46,I4_F7_m4f4_P4_Y2_UO560,R4_F4_m4f4_P4_Y2_UO235,MXY,0,31.00163650711882,0,0,0.0,0,0,0,0.0,0.4375,1,P3_CV0,2,2,0,0,2
4,2539041.489,728416.6747,Age0_F4_m4f4_P4_Y4_UO47,I4_F7_m4f4_P4_Y2_UO560,R4_F4_m4f4_P4_Y2_UO235,MXY,0,31.00163650711882,0,0,0.0,0,0,0,0.0,0.4375,1,P3_CV0,2,1,1,0,2
4,2539041.489,728416.6747,Age0_F4_m4f4_P4_Y4_UO48,I4_F7_m4f4_P4_Y2_UO560,R4_F4_m4f4_P4_Y2_UO235,FXX,0,31.00163650711882,0,0,0.0,0,0,0,0.0,0.4375,1,P3_CV0,2,1,1,1,1
4,2539041.489,728416.6747,Age0_F4_m4f4_P4_Y4_UO86,R4_F4_m4f4_P4_Y1_UO568,R4_F4_m4f4_P4_Y1_UO108,MXY,0,31.00163650711882,0,0,0.0,0,0,0,0.0,0.5,1,P3_CV0,2,0,2,2,0
4,2539041.489,728416.6747,Age0_F4_m4f4_P4_Y4_UO87,R4_F4_m4f4_P4_Y1_UO568,R4_F4_m4f4_P4_Y1_UO108,MXY,0,31.00163650711882,0,0,0.0,0,0,0,0.0,0.5,1,P3_CV0,2,1,1,2,0
4,2539041.489,728416.6747,Age0_F4_m4f4_P4_Y4_UO96,R4_F4_m4f4_P4_Y1_UO439,R4_F4_m4f4_P4_Y1_UO532,FXX,0,31.00163650711882,0,0,0.0,0,0,0,0.0,0.25,1,P3_CV0,2,1,1,0,2
4,2539041.489,728416.6747,Age0_F4_m4f4_P4_Y4_UO97,R4_F4_m4f4_P4_Y1_UO439,R4_F4_m4f4_P4_Y1_UO532,FXX,0,31.00163650711882,0,0,0.0,0,0,0,0.0,0.25,1,P3_CV0,2,1,1,1,1
4,2539041.489,728416.6747,Age0_F4_m4f4_P4_Y4_UO98,R4_F4_m4f4_P4_Y1_UO439,R4_F4_m4f4_P4_Y1_UO532,FXX,0,31.00163650711882,0,0,0.0,0,0,0,0.0,0.25,1,P3_CV0,2,1,1,1,1
4,2539041.489,728416.6747,Age0_F4_m4f4_P4_Y4_UO99,R4_F4_m4f4_P4_Y1_UO439,R4_F4_m4f4_P4_Y1_UO532,MXY,0,31.00163650711882,0,0,0.0,0,0,0,0.0,0.25,1,P3_CV0,2,1,1,1,1
4,2539041.489,728416.6747,Age0_F4_m4f4_P4_Y4_UO100,R4_F4_m4f4_P4_Y1_UO439,R4_F4_m4f4_P4_Y1_UO532,FXX,0,31.00163650711882,0,0,0.0,0,0,0,0.0,0.25,1,P3_CV0,2,1,1,2,0
4,2539041.489,728416.6747,Age0_F4_m4f4_P4_Y4_UO109,R4_F4_m4f4_P4_Y1_UO228,R4_F4_m4f4_P4_Y1_UO548,FXX,0,31.00163650711882,0,0,0.0,0,0,0,0.0,0.375,1,P3_CV0,2,0,2,0,2
4,2539041.489,728416.6747,Age0_F4_m4f4_P4_Y4_UO110,R4_F4_m4f4_P4_Y1_UO228,R4_F4_m4f4_P4_Y1_UO548,MXY,0,31.00163650711882,0,0,0.0,0,0,0,0.0,0.375,1,P3_CV0,2,0,2,1,1
4,2539041.489,728416.6747,Age0_F4_m4f4_P4_Y4_UO111,R4_F4_m4f4_P4_Y1_UO228,R4_F4_m4f4_P4_Y1_UO548,FXX,0,31.00163650711882,0,0,0.0,0,0,0,0.0,0.375,1,P3_CV0,2,0,2,0,2
4,2539041.489,728416.6747,Age0_F4_m4f4_P4_Y4_UO112,R4_F4_m4f4_P4_Y2_UO476,R4_F4_m4f4_P4_Y1_UO399,MXY,0,31.00163650711882,0,0,0.0,0,0,0,0.0,0.5625,1,P3_CV0,2,0,2,2,0
4,2539041.489,728416.6747,Age0_F4_m4f4_P4_Y4_UO113,R4_F4_m4f4_P4_Y2_UO476,R4_F4_m4f4_P4_Y1_UO399,FXX,0,31.00163650711882,0,0,0.0,0,0,0,0.0,0.5625,1,P3_CV0,2,0,2,2,0
4,2539041.489,728416.6747,Age0_F4_m4f4_P4_Y4_UO114,R4_F4_m4f4_P4_Y2_UO476,R4_F4_m4f4_P4_Y1_UO399,FXX,0,31.00163650711882,0,0,0.0,0,0,0,0.0,0.5625,1,P3_CV0,2,0,2,2,0
4,2539041.489,728416.6747,Age0_F4_m4f4_P4_Y4_UO117,R4_F4_m4f4_P4_Y2_UO563,R4_F4_m4f4_P4_Y1_UO36,MXY,0,31.00163650711882,0,0,0.0,0,0,0,0.0,0.4375,1,P3_CV0,2,1,1,0,2
4,2539041.489,728416.6747,Age0_F4_m4f4_P4_Y4_UO118,R4_F4_m4f4_P4_Y2_UO563,R4_F4_m4f4_P4_Y1_UO36,FXX,0,31.00163650711882,0,0,0.0,0,0,0,0.0,0.4375,1,P3_CV0,2,1,1,1,1
4,2539041.489,728416.6747,Age0_F4_m4f4_P4_Y4_UO122,R4_F4_m4f4_P4_Y2_UO312,R4_F4_m4f4_P4_Y1_UO35,FXX,0,31.00163650711882,0,0,0.0,0,0,0,0.0,0.625,1,P3_CV0,2,2,0,1,1
4,2539041.489,728416.6747,Age0_F4_m4f4_P4_Y4_UO123,R4_F4_m4f4_P4_Y2_UO312,R4_F4_m4f4_P4_Y1_UO35,MXY,0,31.00163650711882,0,0,0.0,0,0,0,0.0,0.625,1,P3_CV0,2,1,1,0,2
4,2539041.489,728416.6747,Age0_F4_m4f4_P4_Y4_UO147,R4_F4_m4f4_P4_Y1_UO568,R4_F4_m4f4_P4_Y0_UO661,MXY,0,31.00163650711882,0,0,0.0,0,0,0,0.0,0.375,1,P3_CV0,2,1,1,1,1
4,2539041.489,728416.6747,Age0_F4_m4f4_P4_Y4_UO148,R4_F4_m4f4_P4_Y1_UO568,R4_F4_m4f4_P4_Y0_UO661,MXY,0,31.00163650711882,0,0,0.0,0,0,0,0.0,0.375,1,P3_CV0,2,1,1,1,1
4,2539041.489,728416.6747,Age0_F4_m4f4_P4_Y4_UO149,R4_F4_m4f4_P4_Y1_UO568,R4_F4_m4f4_P4_Y0_UO661,FXX,0,31.00163650711882,0,0,0.0,0,0,0,0.0,0.375,1,P3_CV0,2,0,2,1,1
4,2539041.489,728416.6747,Age0_F4_m4f4_P4_Y4_UO166,R4_F4_m4f4_P4_Y2_UO561,R4_F4_m4f4_P4_Y1_UO35,MXY,0,31.00163650711882,0,0,0.0,0,0,0,0.0,0.4375,1,P3_CV0,2,1,1,0,2
4,2539041.489,728416.6747,Age0_F4_m4f4_P4_Y4_UO167,R4_F4_m4f4_P4_Y2_UO561,R4_F4_m4f4_P4_Y1_UO35,MXY,0,31.00163650711882,0,0,0.0,0,0,0,0.0,0.4375,1,P3_CV0,2,1,1,0,2
4,2539041.489,728416.6747,Age0_F4_m4f4_P4_Y4_UO175,R4_F4_m4f4_P4_Y1_UO568,R4_F4_m4f4_P4_Y2_UO373,MXY,0,31.00163650711882,0,0,0.0,0,0,0,0.0,0.25,1,P3_CV0,2,0,2,1,1
4,2539041.489,728416.6747,Age0_F4_m4f4_P4_Y4_UO182,R4_F4_m4f4_P4_Y2_UO644,R4_F4_m4f4_P4_Y1_UO548,MXY,0,31.00163650711882,0,0,0.0,0,0,0,0.0,0.3125,1,P3_CV0,2,1,1,0,2
4,2539041.489,728416.6747,Age0_F4_m4f4_P4_Y4_UO183,R4_F4_m4f4_P4_Y2_UO644,R4_F4_m4f4_P4_Y1_UO548,MXY,0,31.00163650711882,0,0,0.0,0,0,0,0.0,0.3125,1,P3_CV0,2,1,1,0,2
4,2539041.489,728416.6747,Age0_F4_m4f4_P4_Y4_UO184,R4_F4_m4f4_P4_Y2_UO644,R4_F4_m4f4_P4_Y1_UO548,FXX,0,31.00163650711882,0,0,0.0,0,0,0,0.0,0.3125,1,P3_CV0,2,0,2,1,1
4,2539041.489,728416.6747,Age0_F4_m4f4_P4_Y4_UO199,R4_F4_m4f4_P4_Y2_UO514,R4_F4_m4f4_P4_Y1_UO35,FXX,0,31.00163650711882,0,0,0.0,0,0,0,0.0,0.5,1,P3_CV0,2,1,1,1,1
4,2539041.489,728416.6747,Age0_F4_m4f4_P4_Y4_UO205,R4_F4_m4f4_P4_Y2_UO514,R4_F4_m4f4_P4_Y1_UO35,FXX,0,31.00163650711882,0,0,0.0,0,0,0,0.0,0.5,1,P3_CV0,2,2,0,1,1
4,2539041.489,728416.6747,Age0_F4_m4f4_P4_Y4_UO206,R4_F4_m4f4_P4_Y2_UO514,R4_F4_m4f4_P4_Y1_UO35,MXY,0,31.00163650711882,0,0,0.0,0,0,0,0.0,0.5,1,P3_CV0,2,1,1,1,1
4,2539041.489,728416.6747,Age0_F4_m4f4_P4_Y4_UO316,R4_F4_m-1f-1_P4_Y-1_U90,R4_F4_m4f4_P4_Y1_UO108,MXY,0,31.00163650711882,0,0,0.0,0,0,0,0.0,0.5,1,P3_CV0,2,1,1,1,1
4,2539041.489,728416.6747,Age0_F4_m4f4_P4_Y4_UO317,R4_F4_m-1f-1_P4_Y-1_U90,R4_F4_m4f4_P4_Y1_UO108,FXX,0,31.00163650711882,0,0,0.0,0,0,0,0.0,0.5,1,P3_CV0,2,1,1,2,0
4,2539041.489,728416.6747,Age0_F4_m4f4_P4_Y4_UO318,R4_F4_m-1f-1_P4_Y-1_U90,R4_F4_m4f4_P4_Y1_UO108,MXY,0,31.00163650711882,0,0,0.0,0,0,0,0.0,0.5,1,P3_CV0,2,0,2,1,1
4,2539041.489,728416.6747,Age0_F4_m4f4_P4_Y4_UO319,R4_F4_m-1f-1_P4_Y-1_U90,R4_F4_m4f4_P4_Y1_UO108,FXX,0,31.00163650711882,0,0,0.0,0,0,0,0.0,0.5,1,P3_CV0,2,1,1,1,1
4,2539041.489,728416.6747,Age0_F4_m4f4_P4_Y4_UO320,R4_F4_m-1f-1_P4_Y-1_U90,R4_F4_m4f4_P4_Y1_UO108,MXY,0,31.00163650711882,0,0,0.0,0,0,0,0.0,0.5,1,P3_CV0,2,0,2,1,1
4,2539041.489,728416.6747,Age0_F4_m4f4_P4_Y4_UO321,R4_F4_m-1f-1_P4_Y-1_U90,R4_F4_m4f4_P4_Y1_UO108,MXY,0,31.00163650711882,0,0,0.0,0,0,0,0.0,0.5,1,P3_CV0,2,0,2,2,0
4,2539041.489,728416.6747,Age0_F4_m4f4_P4_Y4_UO322,R4_F4_m-1f-1_P4_Y-1_U90,R4_F4_m4f4_P4_Y1_UO108,FXX,0,31.00163650711882,0,0,0.0,0,0,0,0.0,0.5,1,P3_CV0,2,1,1,1,1
4,2539041.489,728416.6747,Age0_F4_m4f4_P4_Y4_UO334,R4_F4_m4f4_P4_Y2_UO561,R4_F4_m4f4_P4_Y1_UO35,MXY,0,31.00163650711882,0,0,0.0,0,0,0,0.0,0.4375,1,P3_CV0,2,1,1,0,2
4,2539041.489,728416.6747,Age0_F4_m4f4_P4_Y4_UO335,R4_F4_m4f4_P4_Y2_UO561,R4_F4_m4f4_P4_Y1_UO35,MXY,0,31.00163650711882,0,0,0.0,0,0,0,0.0,0.4375,1,P3_CV0,2,2,0,0,2
4,2539041.489,728416.6747,Age0_F4_m4f4_P4_Y4_UO336,R4_F4_m4f4_P4_Y2_UO561,R4_F4_m4f4_P4_Y1_UO35,MXY,0,31.00163650711882,0,0,0.0,0,0,0,0.0,0.4375,1,P3_CV0,2,2,0,0,2
4,2539041.489,728416.6747,Age0_F4_m4f4_P4_Y4_UO342,R4_F4_m4f4_P4_Y2_UO514,R4_F4_m4f4_P4_Y0_UO22,MXY,0,31.00163650711882,0,0,0.0,0,0,0,0.0,0.5,1,P3_CV0,2,1,1,1,1
4,2539041.489,728416.6747,Age0_F4_m4f4_P4_Y4_UO343,R4_F4_m4f4_P4_Y2_UO514,R4_F4_m4f4_P4_Y0_UO22,FXX,0,31.00163650711882,0,0,0.0,0,0,0,0.0,0.5,1,P3_CV0,2,1,1,2,0
4,2539041.489,728416.6747,Age0_F4_m4f4_P4_Y4_UO344,I4_F7_m4f4_P4_Y2_UO560,R4_F4_m4f4_P4_Y2_UO483,FXX,0,31.00163650711882,0,0,0.0,0,0,0,0.0,0.3125,1,P3_CV0,2,0,2,0,2
4,2539041.489,728416.6747,Age0_F4_m4f4_P4_Y4_UO345,I4_F7_m4f4_P4_Y2_UO560,R4_F4_m4f4_P4_Y2_UO483,MXY,0,31.00163650711882,0,0,0.0,0,0,0,0.0,0.3125,1,P3_CV0,2,1,1,1,1
4,2539041.489,728416.6747,Age0_F4_m4f4_P4_Y4_UO346,I4_F7_m4f4_P4_Y2_UO560,R4_F4_m4f4_P4_Y2_UO483,FXX,0,31.00163650711882,0,0,0.0,0,0,0,0.0,0.3125,1,P3_CV0,2,1,1,1,1
4,2539041.489,728416.6747,Age0_F4_m4f4_P4_Y4_UO347,R4_F4_m4f4_P4_Y2_UO392,R4_F4_m4f4_P4_Y2_UO164,MXY,0,31.00163650711882,0,0,0.0,0,0,0,0.0,0.3125,1,P3_CV0,2,0,2,1,1
4,2539041.489,728416.6747,Age0_F4_m4f4_P4_Y4_UO348,R4_F4_m4f4_P4_Y2_UO392,R4_F4_m4f4_P4_Y2_UO164,FXX,0,31.00163650711882,0,0,0.0,0,0,0,0.0,0.3125,1,P3_CV0,2,0,2,1,1
4,2539041.489,728416.6747,Age0_F4_m4f4_P4_Y4_UO349,R4_F4_m4f4_P4_Y1_UO568,R4_F4_m4f4_P4_Y2_UO168,FXX,0,31.00163650711882,0,0,0.0,0,0,0,0.0,0.25,1,P3_CV0,2,1,1,1,1
4,2539041.489,728416.6747,Age0_F4_m4f4_P4_Y4_UO350,R4_F4_m4f4_P4_Y1_UO568,R4_F4_m4f4_P4_Y2_UO168,FXX,0,31.00163650711882,0,0,0.0,0,0,0,0.0,0.25,1,P3_CV0,2,1,1,2,0
4,2539041.489,728416.6747,Age0_F4_m4f4_P4_Y4_UO351,R4_F4_m4f4_P4_Y1_UO568,R4_F4_m4f4_P4_Y2_UO168,FXX,0,31.00163650711882,0,0,0.0,0,0,0,0.0,0.25,1,P3_CV0,2,1,1,1,1
4,2539041.489,728416.6747,Age0_F4_m4f4_P4_Y4_UO379,R4_F4_m-1f-1_P4_Y-1_U90,R4_F4_m4f4_P4_Y1_UO34,MXY,0,31.00163650711882,0,0,0.0,0,0,0,0.0,0.5,1,P3_CV0,2,0,2,0,2
4,2539041.489,728416.6747,Age0_F4_m4f4_P4_Y4_UO380,R4_F4_m-1f-1_P4_Y-1_U90,R4_F4_m4f4_P4_Y1_UO34,MXY,0,31.00163650711882,0,0,0.0,0,0,0,0.0,0.5,1,P3_CV0,2,1,1,1,1
4,2539041.489,728416.6747,Age0_F4_m4f4_P4_Y4_UO381,R4_F4_m-1f-1_P4_Y-1_U90,R4_F4_m4f4_P4_Y1_UO34,FXX,0,31.00163650711882,0,0,0.0,0,0,0,0.0,0.5,1,P3_CV0,2,0,2,0,2
4,2539041.489,728416.6747,Age0_F4_m4f4_P4_Y4_UO382,R4_F4_m-1f-1_P4_Y-1_U90,R4_F4_m4f4_P4_Y1_UO34,MXY,0,31.00163650711882,0,0,0.0,0,0,0,0.0,0.5,1,P3_CV0,2,0,2,0,2
4,2539041.489,728416.6747,Age0_F4_m4f4_P4_Y4_UO383,R4_F4_m-1f-1_P4_Y-1_U90,R4_F4_m4f4_P4_Y1_UO34,MXY,0,31.00163650711882,0,0,0.0,0,0,0,0.0,0.5,1,P3_CV0,2,0,2,1,1
4,2539041.489,728416.6747,Age0_F4_m4f4_P4_Y4_UO407,R4_F4_m4f4_P4_Y1_UO410,R4_F4_m4f4_P4_Y0_UO562,MXY,0,31.00163650711882,0,0,0.0,0,0,0,0.0,0.75,1,P3_CV0,2,1,1,1,1
4,2539041.489,728416.6747,Age0_F4_m4f4_P4_Y4_UO408,R4_F4_m4f4_P4_Y1_UO410,R4_F4_m4f4_P4_Y0_UO562,FXX,0,31.00163650711882,0,0,0.0,0,0,0,0.0,0.75,1,P3_CV0,2,0,2,2,0
4,2539041.489,728416.6747,Age0_F4_m4f4_P4_Y4_UO409,R4_F4_m4f4_P4_Y1_UO568,R4_F4_m4f4_P4_Y1_UO399,FXX,0,31.00163650711882,0,0,0.0,0,0,0,0.0,0.5,1,P3_CV0,2,0,2,2,0
4,2539041.489,728416.6747,Age0_F4_m4f4_P4_Y4_UO410,R4_F4_m4f4_P4_Y1_UO568,R4_F4_m4f4_P4_Y1_UO399,MXY,0,31.00163650711882,0,0,0.0,0,0,0,0.0,0.5,1,P3_CV0,2,1,1,2,0
4,2539041.489,728416.6747,Age0_F4_m4f4_P4_Y4_UO411,R4_F4_m4f4_P4_Y1_UO568,R4_F4_m4f4_P4_Y1_UO399,MXY,0,31.00163650711882,0,0,0.0,0,0,0,0.0,0.5,1,P3_CV0,2,0,2,2,0
4,2539041.489,728416.6747,Age0_F4_m4f4_P4_Y4_UO412,R4_F4_m4f4_P4_Y1_UO568,R4_F4_m4f4_P4_Y1_UO399,FXX,0,31.00163650711882,0,0,0.0,0,0,0,0.0,0.5,1,P3_CV0,2,1,1,2,0
4,2539041.489,728416.6747,Age0_F4_m4f4_P4_Y4_UO417,R4_F4_m4f4_P4_Y2_UO157,R4_F4_m4f4_P4_Y1_UO548,FXX,0,31.00163650711882,0,0,0.0,0,0,0,0.0,0.25,1,P3_CV0,2,1,1,0,2
4,2539041.489,728416.6747,Age0_F4_m4f4_P4_Y4_UO435,R4_F4_m4f4_P4_Y1_UO439,R4_F4_m4f4_P4_Y2_UO279,MXY,0,31.00163650711882,0,0,0.0,0,0,0,0.0,0.375,1,P3_CV0,2,1,1,1,1
4,2539041.489,728416.6747,Age0_F4_m4f4_P4_Y4_UO436,R4_F4_m4f4_P4_Y1_UO439,R4_F4_m4f4_P4_Y2_UO279,FXX,0,31.00163650711882,0,0,0.0,0,0,0,0.0,0.375,1,P3_CV0,2,1,1,1,1
4,2539041.489,728416.6747,Age0_F4_m4f4_P4_Y4_UO465,R4_F4_m4f4_P4_Y2_UO632,R4_F4_m-1f-1_P4_Y-1_U34,FXX,0,31.00163650711882,0,0,0.0,0,0,0,0.0,0.125,1,P3_CV0,2,0,2,1,1
4,2539041.489,728416.6747,Age0_F4_m4f4_P4_Y4_UO466,R4_F4_m4f4_P4_Y2_UO632,R4_F4_m-1f-1_P4_Y-1_U34,MXY,0,31.00163650711882,0,0,0.0,0,0,0,0.0,0.125,1,P3_CV0,2,0,2,0,2
4,2539041.489,728416.6747,Age0_F4_m4f4_P4_Y4_UO467,R4_F4_m4f4_P4_Y2_UO632,R4_F4_m-1f-1_P4_Y-1_U34,MXY,0,31.00163650711882,0,0,0.0,0,0,0,0.0,0.125,1,P3_CV0,2,0,2,1,1
4,2539041.489,728416.6747,Age0_F4_m4f4_P4_Y4_UO468,R4_F4_m4f4_P4_Y2_UO632,R4_F4_m-1f-1_P4_Y-1_U34,FXX,0,31.00163650711882,0,0,0.0,0,0,0,0.0,0.125,1,P3_CV0,2,0,2,1,1
4,2539041.489,728416.6747,Age0_F4_m4f4_P4_Y4_UO473,I4_F7_m4f4_P4_Y2_UO560,R4_F4_m4f4_P4_Y2_UO515,MXY,0,31.00163650711882,0,0,0.0,0,0,0,0.0,0.4375,1,P3_CV0,2,1,1,1,1
4,2539041.489,728416.6747,Age0_F4_m4f4_P4_Y4_UO474,I4_F7_m4f4_P4_Y2_UO560,R4_F4_m4f4_P4_Y2_UO515,MXY,0,31.00163650711882,0,0,0.0,0,0,0,0.0,0.4375,1,P3_CV0,2,2,0,1,1
4,2539041.489,728416.6747,Age0_F4_m4f4_P4_Y4_UO475,I4_F7_m4f4_P4_Y2_UO560,R4_F4_m4f4_P4_Y2_UO515,MXY,0,31.00163650711882,0,0,0.0,0,0,0,0.0,0.4375,1,P3_CV0,2,2,0,1,1
4,2539041.489,728416.6747,Age0_F4_m4f4_P4_Y4_UO496,R4_F4_m4f4_P4_Y1_UO439,R4_F4_m4f4_P4_Y2_UO615,MXY,0,31.00163650711882,0,0,0.0,0,0,0,0.0,0.3125,1,P3_CV0,2,1,1,1,1
4,2539041.489,728416.6747,Age0_F4_m4f4_P4_Y4_UO497,R4_F4_m4f4_P4_Y1_UO439,R4_F4_m4f4_P4_Y2_UO615,MXY,0,31.00163650711882,0,0,0.0,0,0,0,0.0,0.3125,1,P3_CV0,2,1,1,0,2
4,2539041.489,728416.6747,Age0_F4_m4f4_P4_Y4_UO498,R4_F4_m4f4_P4_Y1_UO439,R4_F4_m4f4_P4_Y2_UO615,FXX,0,31.00163650711882,0,0,0.0,0,0,0,0.0,0.3125,1,P3_CV0,2,1,1,1,1
4,2539041.489,728416.6747,Age0_F4_m4f4_P4_Y4_UO499,R4_F4_m4f4_P4_Y1_UO439,R4_F4_m4f4_P4_Y2_UO615,FXX,0,31.00163650711882,0,0,0.0,0,0,0,0.0,0.3125,1,P3_CV0,2,1,1,1,1
4,2539041.489,728416.6747,Age0_F4_m4f4_P4_Y4_UO511,R4_F4_m4f4_P4_Y0_UO493,R4_F4_m4f4_P4_Y2_UO634,FXX,0,31.00163650711882,0,0,0.0,0,0,0,0.0,0.375,1,P3_CV0,2,1,1,0,2
4,2539041.489,728416.6747,Age0_F4_m4f4_P4_Y4_UO512,R4_F4_m4f4_P4_Y0_UO493,R4_F4_m4f4_P4_Y2_UO634,FXX,0,31.00163650711882,0,0,0.0,0,0,0,0.0,0.375,1,P3_CV0,2,1,1,1,1
4,2539041.489,728416.6747,Age0_F4_m4f4_P4_Y4_UO513,R4_F4_m4f4_P4_Y0_UO493,R4_F4_m4f4_P4_Y2_UO634,FXX,0,31.00163650711882,0,0,0.0,0,0,0,0.0,0.375,1,P3_CV0,2,1,1,1,1
4,2539041.489,728416.6747,Age0_F4_m4f4_P4_Y4_UO514,R4_F4_m4f4_P4_Y0_UO493,R4_F4_m4f4_P4_Y2_UO634,FXX,0,31.00163650711882,0,0,0.0,0,0,0,0.0,0.375,1,P3_CV0,2,1,1,2,0
4,2539041.489,728416.6747,Age0_F4_m4f4_P4_Y4_UO515,R4_F4_m4f4_P4_Y0_UO493,R4_F4_m4f4_P4_Y2_UO634,MXY,0,31.00163650711882,0,0,0.0,0,0,0,0.0,0.375,1,P3_CV0,2,1,1,1,1
4,2539041.489,728416.6747,Age0_F4_m4f4_P4_Y4_UO540,R4_F4_m4f4_P4_Y2_UO312,R4_F4_m4f4_P4_Y2_UO615,MXY,0,31.00163650711882,0,0,0.0,0,0,0,0.0,0.5625,1,P3_CV0,2,1,1,1,1
4,2539041.489,728416.6747,Age0_F4_m4f4_P4_Y4_UO541,R4_F4_m4f4_P4_Y2_UO312,R4_F4_m4f4_P4_Y2_UO615,FXX,0,31.00163650711882,0,0,0.0,0,0,0,0.0,0.5625,1,P3_CV0,2,2,0,2,0
4,2539041.489,728416.6747,Age0_F4_m4f4_P4_Y4_UO565,R4_F4_m4f4_P4_Y1_UO339,R4_F4_m-1f-1_P4_Y-1_U81,MXY,0,31.00163650711882,0,0,0.0,0,0,0,0.0,0.875,1,P3_CV0,2,1,1,0,2
4,2539041.489,728416.6747,Age0_F4_m4f4_P4_Y4_UO566,R4_F4_m4f4_P4_Y1_UO339,R4_F4_m-1f-1_P4_Y-1_U81,MXY,0,31.00163650711882,0,0,0.0,0,0,0,0.0,0.875,1,P3_CV0,2,2,0,0,2
4,2539041.489,728416.6747,Age0_F4_m4f4_P4_Y4_UO590,I4_F7_m4f4_P4_Y2_UO560,R4_F4_m4f4_P4_Y2_UO368,MXY,0,31.00163650711882,0,0,0.0,0,0,0,0.0,0.1875,1,P3_CV0,2,0,2,0,2
4,2539041.489,728416.6747,Age0_F4_m4f4_P4_Y4_UO608,R4_F4_m4f4_P4_Y1_UO219,R4_F4_m4f4_P4_Y2_UO368,FXX,0,31.00163650711882,0,0,0.0,0,0,0,0.0,0.125,1,P3_CV0,2,1,1,1,1
4,2539041.489,728416.6747,Age0_F4_m4f4_P4_Y4_UO609,R4_F4_m4f4_P4_Y1_UO219,R4_F4_m4f4_P4_Y2_UO368,MXY,0,31.00163650711882,0,0,0.0,0,0,0,0.0,0.125,1,P3_CV0,2,0,2,1,1
4,2539041.489,728416.6747,Age0_F4_m4f4_P4_Y4_UO610,R4_F4_m4f4_P4_Y1_UO219,R4_F4_m4f4_P4_Y2_UO368,MXY,0,31.00163650711882,0,0,0.0,0,0,0,0.0,0.125,1,P3_CV0,2,1,1,1,1
4,2539041.489,728416.6747,Age0_F4_m4f4_P4_Y4_UO647,R4_F4_m4f4_P4_Y2_UO312,R4_F4_m4f4_P4_Y1_UO396,FXX,0,31.00163650711882,0,0,0.0,0,0,0,0.0,0.625,1,P3_CV0,2,1,1,0,2
4,2539041.489,728416.6747,Age0_F4_m4f4_P4_Y4_UO648,R4_F4_m4f4_P4_Y2_UO312,R4_F4_m4f4_P4_Y1_UO396,FXX,0,31.00163650711882,0,0,0.0,0,0,0,0.0,0.625,1,P3_CV0,2,1,1,1,1
4,2539041.489,728416.6747,Age0_F4_m4f4_P4_Y4_UO649,R4_F4_m4f4_P4_Y2_UO312,R4_F4_m4f4_P4_Y1_UO396,MXY,0,31.00163650711882,0,0,0.0,0,0,0,0.0,0.625,1,P3_CV0,2,1,1,1,1
4,2539041.489,728416.6747,Age0_F4_m4f4_P4_Y4_UO650,R4_F4_m4f4_P4_Y2_UO312,R4_F4_m4f4_P4_Y1_UO396,MXY,0,31.00163650711882,0,0,0.0,0,0,0,0.0,0.625,1,P3_CV0,2,1,1,0,2
4,2539041.489,728416.6747,Age0_F4_m4f4_P4_Y4_UO663,R4_F4_m4f4_P4_Y1_UO568,R4_F4_m4f4_P4_Y0_UO22,MXY,0,31.00163650711882,0,0,0.0,0,0,0,0.0,0.5,1,P3_CV0,2,1,1,2,0
4,2539041.489,728416.6747,Age0_F4_m4f4_P4_Y4_UO664,R4_F4_m4f4_P4_Y1_UO568,R4_F4_m4f4_P4_Y0_UO22,MXY,0,31.00163650711882,0,0,0.0,0,0,0,0.0,0.5,1,P3_CV0,2,0,2,2,0
4,2539041.489,728416.6747,Age0_F4_m4f4_P4_Y4_UO665,R4_F4_m4f4_P4_Y1_UO568,R4_F4_m4f4_P4_Y0_UO22,FXX,0,31.00163650711882,0,0,0.0,0,0,0,0.0,0.5,1,P3_CV0,2,1,1,2,0
4,2539041.489,728416.6747,R4_F4_m4f4_P4_Y3_UO127,R4_F4_m4f4_P4_Y0_UO42,R4_F4_m4f4_P4_Y1_UO454,MXY,1,53.50094419531704,1,1,0.0,0,0,0,-9999.0,0.625,1,P3_CV0,2,1,1,0,2
4,2539041.489,728416.6747,R4_F4_m4f4_P4_Y3_UO244,R4_F4_m4f4_P4_Y1_UO339,R4_F4_m4f4_P4_Y0_UO29,FXX,1,53.50094419531704,1,1,0.0,0,0,0,-9999.0,0.625,1,P3_CV0,2,1,1,0,2
4,2539041.489,728416.6747,R4_F4_m4f4_P4_Y3_UO332,R4_F4_m4f4_P4_Y0_UO44,R4_F4_m4f4_P4_Y1_UO569,MXY,1,53.50094419531704,1,1,0.0,0,0,0,-9999.0,0.5,1,P3_CV0,2,2,0,1,1
4,2539041.489,728416.6747,R4_F4_m4f4_P4_Y3_UO120,R4_F4_m-1f-1_P4_Y-1_U60,R4_F4_m4f4_P4_Y1_UO18,FXX,1,53.50094419531704,1,1,1.163,0,0,0,-9999.0,0.625,1,P3_CV0,2,1,1,1,1
4,2539041.489,728416.6747,R4_F4_m4f4_P4_Y3_UO521,R4_F4_m4f4_P4_Y0_UO165,R4_F4_m-1f-1_P4_Y-1_U75,MXY,1,53.50094419531704,1,1,0.0,0,0,0,-9999.0,0.5,1,P3_CV0,2,1,1,2,0
4,2539041.489,728416.6747,R4_F4_m4f4_P4_Y3_UO73,R4_F4_m4f4_P4_Y0_UO621,R4_F4_m4f4_P4_Y0_UO29,MXY,1,53.50094419531704,1,1,0.0,0,0,0,-9999.0,0.5,1,P3_CV0,2,1,1,1,1
4,2539041.489,728416.6747,R4_F4_m4f4_P4_Y3_UO341,R4_F4_m4f4_P4_Y1_UO182,R4_F4_m4f4_P4_Y1_UO163,MXY,1,53.50094419531704,1,1,0.0,0,0,0,-9999.0,0.5,1,P3_CV0,2,2,0,1,1
4,2539041.489,728416.6747,R4_F4_m4f4_P4_Y3_UO161,R4_F4_m4f4_P4_Y0_UO165,R4_F4_m4f4_P4_Y0_UO664,MXY,1,53.50094419531704,1,1,0.0,0,0,0,-9999.0,0.625,1,P3_CV0,2,2,0,0,2
4,2539041.489,728416.6747,R4_F4_m4f4_P4_Y3_UO269,R4_F4_m4f4_P4_Y0_UO169,R4_F4_m-1f-1_P4_Y-1_U3,FXX,1,53.50094419531704,1,1,1.082,0,0,0,-9999.0,0.5,1,P3_CV0,2,0,2,0,2
4,2539041.489,728416.6747,R4_F4_m4f4_P4_Y3_UO285,R4_F4_m4f4_P4_Y1_UO84,R4_F4_m-1f-1_P4_Y-1_U3,MXY,1,53.50094419531704,1,1,0.0,0,0,0,-9999.0,0.0,1,P3_CV0,2,0,2,0,2
4,2539041.489,728416.6747,R4_F4_m4f4_P4_Y3_UO62,R4_F4_m4f4_P4_Y0_UO450,R4_F4_m4f4_P4_Y0_UO163,MXY,1,53.50094419531704,1,1,0.0,0,0,0,-9999.0,0.375,1,P3_CV0,2,0,2,1,1
4,2539041.489,728416.6747,R4_F4_m4f4_P4_Y3_UO87,R4_F4_m4f4_P4_Y0_UO139,R4_F4_m4f4_P4_Y1_UO405,FXX,1,53.50094419531704,1,1,1.0,0,0,0,-9999.0,0.5,1,P3_CV0,2,1,1,0,2
4,2539041.489,728416.6747,R4_F4_m4f4_P4_Y3_UO333,R4_F4_m4f4_P4_Y0_UO44,R4_F4_m4f4_P4_Y1_UO569,MXY,1,53.50094419531704,1,1,0.0,0,0,0,-9999.0,0.5,1,P3_CV0,2,1,1,2,0
4,2539041.489,728416.6747,R4_F4_m4f4_P4_Y3_UO116,R4_F4_m-1f-1_P4_Y-1_U90,R4_F4_m4f4_P4_Y1_UO187,FXX,1,53.50094419531704,1,1,0.0,0,0,0,-9999.0,0.375,1,P3_CV0,2,0,2,0,2
4,2539041.489,728416.6747,R4_F4_m4f4_P4_Y3_UO114,R4_F4_m-1f-1_P4_Y-1_U90,R4_F4_m4f4_P4_Y1_UO187,FXX,1,53.50094419531704,1,1,1.191,0,0,0,-9999.0,0.375,1,P3_CV0,2,0,2,0,2
4,2539041.489,728416.6747,R4_F4_m4f4_P4_Y3_UO283,R4_F4_m4f4_P4_Y0_UO162,R4_F4_m4f4_P4_Y1_UO36,MXY,1,53.50094419531704,1,1,0.0,0,0,0,-9999.0,0.5,1,P3_CV0,2,1,1,2,0
4,2539041.489,728416.6747,R4_F4_m4f4_P4_Y3_UO284,R4_F4_m4f4_P4_Y0_UO162,R4_F4_m4f4_P4_Y1_UO36,FXX,1,53.50094419531704,1,1,1.684,0,0,0,-9999.0,0.5,1,P3_CV0,2,1,1,1,1
4,2539041.489,728416.6747,R4_F4_m4f4_P4_Y3_UO117,R4_F4_m-1f-1_P4_Y-1_U90,R4_F4_m4f4_P4_Y1_UO187,MXY,1,53.50094419531704,1,1,0.0,0,0,0,-9999.0,0.375,1,P3_CV0,2,1,1,0,2
4,2539041.489,728416.6747,R4_F4_m4f4_P4_Y3_UO80,R4_F4_m4f4_P4_Y0_UO24,R4_F4_m4f4_P4_Y0_UO664,MXY,1,53.50094419531704,1,1,0.0,0,0,0,-9999.0,0.375,1,P3_CV0,2,2,0,2,0
4,2539041.489,728416.6747,R4_F4_m4f4_P4_Y3_UO147,R4_F4_m4f4_P4_Y0_UO581,R4_F4_m4f4_P4_Y1_UO444,MXY,1,53.50094419531704,1,1,0.0,0,0,0,-9999.0,0.5,1,P3_CV0,2,2,0,1,1
4,2539041.489,728416.6747,R4_F4_m4f4_P4_Y3_UO378,R4_F4_m4f4_P4_Y1_UO182,R4_F4_m4f4_P4_Y1_UO184,FXX,1,53.50094419531704,1,1,0.0,0,0,0,-9999.0,0.625,1,P3_CV0,2,0,2,1,1
4,2539041.489,728416.6747,R4_F4_m4f4_P4_Y3_UO490,R4_F4_m-1f-1_P4_Y-1_U90,R4_F4_m4f4_P4_Y0_UO664,MXY,1,53.50094419531704,1,1,0.0,0,0,0,-9999.0,0.375,1,P3_CV0,2,0,2,1,1
4,2539041.489,728416.6747,R4_F4_m4f4_P4_Y3_UO480,R4_F4_m4f4_P4_Y1_UO556,R4_F4_m4f4_P4_Y1_UO373,MXY,1,53.50094419531704,1,1,0.0,0,0,0,-9999.0,0.625,1,P3_CV0,2,0,2,1,1
4,2539041.489,728416.6747,R4_F4_m4f4_P4_Y3_UO280,R4_F4_m4f4_P4_Y0_UO165,R4_F4_m4f4_P4_Y1_UO108,FXX,1,53.50094419531704,1,1,2.913,0,0,0,-9999.0,0.75,1,P3_CV0,2,0,2,2,0
4,2539041.489,728416.6747,R4_F4_m4f4_P4_Y3_UO20,R4_F4_m-1f-1_P4_Y-1_U95,R4_F4_m4f4_P4_Y1_UO35,MXY,1,53.50094419531704,1,1,0.0,0,0,0,-9999.0,0.75,1,P3_CV0,2,2,0,0,2
4,2539041.489,728416.6747,R4_F4_m4f4_P4_Y3_UO297,R4_F4_m4f4_P4_Y0_UO451,R4_F4_m4f4_P4_Y1_UO406,FXX,1,53.50094419531704,1,1,0.0,0,0,0,-9999.0,0.375,1,P3_CV0,2,2,0,2,0
4,2539041.489,728416.6747,R4_F4_m4f4_P4_Y3_UO235,R4_F4_m4f4_P4_Y0_UO581,R4_F4_m4f4_P4_Y1_UO18,FXX,1,53.50094419531704,1,1,1.0,0,0,0,-9999.0,0.625,1,P3_CV0,2,2,0,2,0
4,2539041.489,728416.6747,R4_F4_m4f4_P4_Y3_UO42,R4_F4_m4f4_P4_Y1_UO556,R4_F4_m4f4_P4_Y0_UO278,FXX,1,53.50094419531704,1,1,1.867,0,0,0,-9999.0,0.375,1,P3_CV0,2,0,2,1,1
4,2539041.489,728416.6747,R4_F4_m4f4_P4_Y3_UO122,R4_F4_m-1f-1_P4_Y-1_U60,R4_F4_m4f4_P4_Y1_UO18,MXY,1,53.50094419531704,1,1,0.0,0,0,0,-9999.0,0.625,1,P3_CV0,2,0,2,1,1
4,2539041.489,728416.6747,R4_F4_m4f4_P4_Y3_UO162,R4_F4_m4f4_P4_Y0_UO42,R4_F4_m4f4_P4_Y0_UO167,FXX,1,53.50094419531704,1,1,2.628,0,0,0,-9999.0,0.875,1,P3_CV0,2,2,0,0,2
4,2539041.489,728416.6747,R4_F4_m4f4_P4_Y3_UO0,R4_F4_m4f4_P4_Y1_UO360,R4_F4_m4f4_P4_Y0_UO29,MXY,1,53.50094419531704,1,1,0.0,0,0,0,-9999.0,0.5,1,P3_CV0,2,0,2,1,1
4,2539041.489,728416.6747,R4_F4_m4f4_P4_Y3_UO79,R4_F4_m4f4_P4_Y1_UO228,R4_F4_m-1f-1_P4_Y-1_U81,FXX,1,53.50094419531704,1,1,1.646,0,0,0,-9999.0,0.75,1,P3_CV0,2,1,1,1,1
4,2539041.489,728416.6747,R4_F4_m4f4_P4_Y3_UO489,R4_F4_m-1f-1_P4_Y-1_U90,R4_F4_m4f4_P4_Y0_UO664,FXX,1,53.50094419531704,1,1,2.236,0,0,0,-9999.0,0.375,1,P3_CV0,2,0,2,0,2
4,2539041.489,728416.6747,R4_F4_m4f4_P4_Y3_UO339,R4_F4_m4f4_P4_Y1_UO567,R4_F4_m4f4_P4_Y1_UO36,MXY,1,53.50094419531704,1,1,0.0,0,0,0,-9999.0,0.5,1,P3_CV0,2,1,1,0,2
4,2539041.489,728416.6747,R4_F4_m4f4_P4_Y3_UO350,R4_F4_m4f4_P4_Y0_UO159,R4_F4_m4f4_P4_Y0_UO721,FXX,1,53.50094419531704,1,1,1.109,0,0,0,-9999.0,0.375,1,P3_CV0,2,0,2,1,1
4,2539041.489,728416.6747,R4_F4_m4f4_P4_Y3_UO115,R4_F4_m-1f-1_P4_Y-1_U90,R4_F4_m4f4_P4_Y1_UO187,MXY,1,53.50094419531704,1,1,0.0,0,0,0,-9999.0,0.375,1,P3_CV0,2,0,2,0,2
4,2539041.489,728416.6747,R4_F4_m4f4_P4_Y3_UO239,R4_F4_m4f4_P4_Y0_UO162,R4_F4_m4f4_P4_Y1_UO194,FXX,1,53.50094419531704,1,1,1.0,0,0,0,-9999.0,0.625,1,P3_CV0,2,2,0,1,1
4,2539041.489,728416.6747,R4_F4_m4f4_P4_Y3_UO228,R4_F4_m4f4_P4_Y1_UO398,R4_F4_m4f4_P4_Y1_UO406,FXX,1,53.50094419531704,1,1,1.0,0,0,0,-9999.0,0.5,1,P3_CV0,2,2,0,1,1
4,2539041.489,728416.6747,R4_F4_m4f4_P4_Y3_UO296,R4_F4_m4f4_P4_Y1_UO439,R4_F4_m-1f-1_P4_Y-1_U34,MXY,1,53.50094419531704,1,1,0.0,0,0,0,-9999.0,0.125,1,P3_CV0,2,0,2,1,1
4,2539041.489,728416.6747,R4_F4_m4f4_P4_Y3_UO21,R4_F4_m-1f-1_P4_Y-1_U95,R4_F4_m4f4_P4_Y1_UO35,MXY,1,53.50094419531704,1,1,0.0,0,0,0,-9999.0,0.75,1,P3_CV0,2,1,1,0,2
4,2539041.489,728416.6747,R4_F4_m4f4_P4_Y3_UO201,R4_F4_m4f4_P4_Y0_UO159,R4_F4_m4f4_P4_Y1_UO404,MXY,1,53.50094419531704,1,1,0.0,0,0,0,-9999.0,0.5,1,P3_CV0,2,0,2,0,2
4,2539041.489,728416.6747,R4_F4_m4f4_P4_Y3_UO274,R4_F4_m-1f-1_P4_Y-1_U95,R4_F4_m4f4_P4_Y1_UO406,FXX,1,53.50094419531704,1,1,1.992,0,0,0,-9999.0,0.75,1,P3_CV0,2,1,1,1,1
4,2539041.489,728416.6747,R4_F4_m4f4_P4_Y3_UO340,R4_F4_m4f4_P4_Y1_UO182,R4_F4_m4f4_P4_Y1_UO163,FXX,1,53.50094419531704,1,1,1.382,0,0,0,-9999.0,0.5,1,P3_CV0,2,0,2,1,1
4,2539041.489,728416.6747,R4_F4_m4f4_P4_Y3_UO301,R4_F4_m4f4_P4_Y1_UO453,R4_F4_m4f4_P4_Y1_UO373,MXY,1,53.50094419531704,1,1,0.0,0,0,0,-9999.0,0.625,1,P3_CV0,2,1,1,1,1
4,2539041.489,728416.6747,R4_F4_m4f4_P4_Y3_UO43,R4_F4_m4f4_P4_Y1_UO556,R4_F4_m4f4_P4_Y0_UO278,FXX,1,53.50094419531704,1,1,2.167,0,0,0,-9999.0,0.375,1,P3_CV0,2,0,2,1,1
4,2539041.489,728416.6747,R4_F4_m4f4_P4_Y3_UO146,R4_F4_m4f4_P4_Y0_UO581,R4_F4_m4f4_P4_Y1_UO444,FXX,1,53.50094419531704,1,1,2.534,0,0,0,-9999.0,0.5,1,P3_CV0,2,2,0,1,1
4,2539041.489,728416.6747,R4_F4_m4f4_P4_Y3_UO456,R4_F4_m4f4_P4_Y1_UO339,R4_F4_m4f4_P4_Y1_UO569,FXX,1,53.50094419531704,1,1,1.0,0,0,0,-9999.0,0.5,1,P3_CV0,2,0,2,1,1
4,2539041.489,728416.6747,R4_F4_m4f4_P4_Y3_UO342,R4_F4_m4f4_P4_Y1_UO182,R4_F4_m4f4_P4_Y1_UO163,FXX,1,53.50094419531704,1,1,1.0,0,0,0,-9999.0,0.5,1,P3_CV0,2,1,1,1,1
4,2539041.489,728416.6747,R4_F4_m4f4_P4_Y3_UO286,R4_F4_m4f4_P4_Y1_UO84,R4_F4_m-1f-1_P4_Y-1_U3,MXY,1,53.50094419531704,1,1,0.0,0,0,0,-9999.0,0.0,1,P3_CV0,2,1,1,1,1
4,2539041.489,728416.6747,R4_F4_m4f4_P4_Y3_UO438,R4_F4_m4f4_P4_Y1_UO398,R4_F4_m4f4_P4_Y0_UO278,FXX,1,53.50094419531704,1,1,0.0,0,0,0,-9999.0,0.375,1,P3_CV0,2,1,1,0,2
4,2539041.489,728416.6747,R4_F4_m4f4_P4_Y2_UO644,R4_F4_m4f4_P4_Y0_UO451,R4_F4_m4f4_P4_Y0_UO582,FXX,2,83.74430627219314,1,0,0.0,0,0,0,-9999.0,0.375,1,P3_CV0,2,1,1,1,1
4,2539041.489,728416.6747,R4_F4_m4f4_P4_Y2_UO477,R4_F4_m4f4_P4_Y0_UO667,R4_F4_m4f4_P4_Y0_UO664,FXX,2,83.74430627219314,1,0,1.708,0,0,0,-9999.0,0.625,1,P3_CV0,2,0,2,1,1
4,2539041.489,728416.6747,R4_F4_m4f4_P4_Y2_UO144,R4_F4_m4f4_P4_Y0_UO581,R4_F4_m-1f-1_P4_Y-1_U22,MXY,2,83.74430627219314,1,0,0.0,0,0,0,-9999.0,0.5,1,P3_CV0,2,1,1,0,2
4,2539041.489,728416.6747,R4_F4_m4f4_P4_Y2_UO370,R4_F4_m-1f-1_P4_Y-1_U116,R4_F4_m4f4_P4_Y0_UO95,MXY,2,83.74430627219314,1,0,0.0,0,0,0,-9999.0,0.0,1,P3_CV0,2,0,2,0,2
4,2539041.489,728416.6747,R4_F4_m4f4_P4_Y2_UO563,R4_F4_m-1f-1_P4_Y-1_U13,R4_F4_m4f4_P4_Y0_UO661,FXX,2,83.74430627219314,1,0,0.0,0,0,0,-9999.0,0.375,1,P3_CV0,2,2,0,0,2
4,2539041.489,728416.6747,R4_F4_m4f4_P4_Y2_UO475,R4_F4_m4f4_P4_Y0_UO667,R4_F4_m4f4_P4_Y0_UO664,FXX,2,83.74430627219314,1,0,1.428,0,0,0,-9999.0,0.625,1,P3_CV0,2,1,1,2,0
4,2539041.489,728416.6747,R4_F4_m4f4_P4_Y2_UO146,R4_F4_m4f4_P4_Y0_UO581,R4_F4_m-1f-1_P4_Y-1_U22,FXX,2,83.74430627219314,1,0,1.191,0,0,0,-9999.0,0.5,1,P3_CV0,2,1,1,2,0
4,2539041.489,728416.6747,R4_F4_m4f4_P4_Y2_UO367,R4_F4_m-1f-1_P4_Y-1_U116,R4_F4_m4f4_P4_Y0_UO95,FXX,2,83.74430627219314,1,0,0.0,0,0,0,-9999.0,0.0,1,P3_CV0,2,0,2,1,1
4,2539041.489,728416.6747,R4_F4_m4f4_P4_Y2_UO164,R4_F4_m-1f-1_P4_Y-1_U73,R4_F4_m-1f-1_P4_Y-1_U75,MXY,2,83.74430627219314,1,0,0.0,0,0,0,-9999.0,0.0,1,P3_CV0,2,0,2,0,2
4,2539041.489,728416.6747,R4_F4_m4f4_P4_Y2_UO632,R4_F4_m-1f-1_P4_Y-1_U15,R4_F4_m-1f-1_P4_Y-1_U50,FXX,2,83.74430627219314,1,0,2.732,0,0,0,-9999.0,0.25,1,P3_CV0,2,0,2,1,1
4,2539041.489,728416.6747,R4_F4_m4f4_P4_Y2_UO168,R4_F4_m-1f-1_P4_Y-1_U73,R4_F4_m-1f-1_P4_Y-1_U75,MXY,2,83.74430627219314,1,0,0.0,0,0,0,-9999.0,0.0,1,P3_CV0,2,0,2,1,1
4,2539041.489,728416.6747,R4_F4_m4f4_P4_Y2_UO395,R4_F4_m4f4_P4_Y0_UO549,R4_F4_m4f4_P4_Y0_UO721,MXY,2,83.74430627219314,1,0,0.0,0,0,0,-9999.0,0.375,1,P3_CV0,2,1,1,2,0
4,2539041.489,728416.6747,R4_F4_m4f4_P4_Y2_UO312,R4_F4_m4f4_P4_Y0_UO581,R4_F4_m-1f-1_P4_Y-1_U97,FXX,2,83.74430627219314,1,0,0.0,0,0,0,-9999.0,0.75,1,P3_CV0,2,2,0,1,1
4,2539041.489,728416.6747,R4_F4_m4f4_P4_Y2_UO157,R4_F4_m4f4_P4_Y0_UO380,R4_F4_m4f4_P4_Y0_UO163,FXX,2,83.74430627219314,1,0,1.093,0,0,0,-9999.0,0.25,1,P3_CV0,2,2,0,0,2
4,2539041.489,728416.6747,R4_F4_m4f4_P4_Y2_UO515,R4_F4_m4f4_P4_Y0_UO160,R4_F4_m4f4_P4_Y0_UO163,MXY,2,83.74430627219314,1,0,0.0,0,0,0,-9999.0,0.5,1,P3_CV0,2,2,0,2,0
4,2539041.489,728416.6747,R4_F4_m4f4_P4_Y2_UO373,R4_F4_m-1f-1_P4_Y-1_U116,R4_F4_m4f4_P4_Y0_UO95,MXY,2,83.74430627219314,1,0,0.0,0,0,0,-9999.0,0.0,1,P3_CV0,2,0,2,1,1
4,2539041.489,728416.6747,R4_F4_m4f4_P4_Y2_UO482,R4_F4_m-1f-1_P4_Y-1_U23,R4_F4_m-1f-1_P4_Y-1_U103,MXY,2,83.74430627219314,1,0,0.0,0,0,0,-9999.0,0.25,1,P3_CV0,2,0,2,1,1
4,2539041.489,728416.6747,R4_F4_m4f4_P4_Y2_UO279,R4_F4_m4f4_P4_Y0_UO160,R4_F4_m-1f-1_P4_Y-1_U44,MXY,2,83.74430627219314,1,0,0.0,0,0,0,-9999.0,0.5,1,P3_CV0,2,1,1,2,0
4,2539041.489,728416.6747,R4_F4_m4f4_P4_Y2_UO71,R4_F4_m4f4_P4_Y0_UO97,R4_F4_m4f4_P4_Y0_UO43,MXY,2,83.74430627219314,1,0,0.0,0,0,0,-9999.0,0.375,1,P3_CV0,2,2,0,0,2
4,2539041.489,728416.6747,R4_F4_m4f4_P4_Y2_UO479,R4_F4_m4f4_P4_Y0_UO667,R4_F4_m4f4_P4_Y0_UO664,MXY,2,83.74430627219314,1,0,0.0,0,0,0,-9999.0,0.625,1,P3_CV0,2,0,2,2,0
4,2539041.489,728416.6747,R4_F4_m4f4_P4_Y2_UO615,R4_F4_m-1f-1_P4_Y-1_U124,R4_F4_m4f4_P4_Y0_UO661,MXY,2,83.74430627219314,1,0,0.0,0,0,0,-9999.0,0.375,1,P3_CV0,2,1,1,1,1
4,2539041.489,728416.6747,R4_F4_m4f4_P4_Y2_UO483,R4_F4_m-1f-1_P4_Y-1_U23,R4_F4_m-1f-1_P4_Y-1_U103,MXY,2,83.74430627219314,1,0,0.0,0,0,0,-9999.0,0.25,1,P3_CV0,2,1,1,1,1
4,2539041.489,728416.6747,R4_F4_m4f4_P4_Y2_UO220,R4_F4_m4f4_P4_Y0_UO380,R4_F4_m-1f-1_P4_Y-1_U65,MXY,2,83.74430627219314,1,0,0.0,0,0,0,-9999.0,0.25,1,P3_CV0,2,1,1,1,1
4,2539041.489,728416.6747,R4_F4_m4f4_P4_Y2_UO235,R4_F4_m4f4_P4_Y0_UO24,R4_F4_m-1f-1_P4_Y-1_U32,MXY,2,83.74430627219314,1,0,0.0,0,0,0,-9999.0,0.5,1,P3_CV0,2,1,1,1,1
4,2539041.489,728416.6747,R4_F4_m4f4_P4_Y2_UO165,R4_F4_m-1f-1_P4_Y-1_U73,R4_F4_m-1f-1_P4_Y-1_U75,MXY,2,83.74430627219314,1,0,0.0,0,0,0,-9999.0,0.0,1,P3_CV0,2,0,2,0,2
4,2539041.489,728416.6747,R4_F4_m4f4_P4_Y2_UO514,R4_F4_m4f4_P4_Y0_UO160,R4_F4_m4f4_P4_Y0_UO163,FXX,2,83.74430627219314,1,0,1.849,0,0,0,-9999.0,0.5,1,P3_CV0,2,1,1,1,1
4,2539041.489,728416.6747,R4_F4_m4f4_P4_Y2_UO560,R4_F4_m-1f-1_P4_Y-1_U13,R4_F4_m4f4_P4_Y0_UO661,FXX,2,83.66382904548448,1,0,1.0,0,0,0,-9999.0,0.375,1,P3_CV0,2,1,1,0,2
4,2539041.489,728416.6747,R4_F4_m4f4_P4_Y2_UO368,R4_F4_m-1f-1_P4_Y-1_U116,R4_F4_m4f4_P4_Y0_UO95,MXY,2,83.74430627219314,1,0,0.0,0,0,0,-9999.0,0.0,1,P3_CV0,2,0,2,0,2
4,2539041.489,728416.6747,R4_F4_m4f4_P4_Y2_UO393,R4_F4_m4f4_P4_Y0_UO139,R4_F4_m4f4_P4_Y0_UO562,FXX,2,83.74430627219314,1,0,0.0,0,0,0,-9999.0,0.625,1,P3_CV0,2,0,2,2,0
4,2539041.489,728416.6747,R4_F4_m4f4_P4_Y2_UO634,R4_F4_m-1f-1_P4_Y-1_U15,R4_F4_m-1f-1_P4_Y-1_U50,MXY,2,83.74430627219314,1,0,0.0,0,0,0,-9999.0,0.25,1,P3_CV0,2,1,1,1,1
4,2539041.489,728416.6747,R4_F4_m4f4_P4_Y2_UO392,R4_F4_m4f4_P4_Y0_UO139,R4_F4_m4f4_P4_Y0_UO562,FXX,2,83.74430627219314,1,0,0.0,0,0,0,-9999.0,0.625,1,P3_CV0,2,0,2,1,1
4,2539041.489,728416.6747,R4_F4_m4f4_P4_Y2_UO366,R4_F4_m-1f-1_P4_Y-1_U116,R4_F4_m4f4_P4_Y0_UO95,MXY,2,83.74430627219314,1,0,0.0,0,0,0,-9999.0,0.0,1,P3_CV0,2,0,2,2,0
4,2539041.489,728416.6747,R4_F4_m4f4_P4_Y2_UO476,R4_F4_m4f4_P4_Y0_UO667,R4_F4_m4f4_P4_Y0_UO664,FXX,2,83.74430627219314,1,0,0.0,0,0,0,-9999.0,0.625,1,P3_CV0,2,0,2,2,0
4,2539041.489,728416.6747,R4_F4_m4f4_P4_Y1_UO36,R4_F4_m-1f-1_P4_Y-1_U123,R4_F4_m-1f-1_P4_Y-1_U38,MXY,3,100.2518475479121,1,0,0.0,0,0,0,-9999.0,0.5,1,P3_CV0,2,0,2,1,1
4,2539041.489,728416.6747,R4_F4_m4f4_P4_Y1_UO390,R4_F4_m-1f-1_P4_Y-1_U104,R4_F4_m-1f-1_P4_Y-1_U100,FXX,3,100.2518475479121,1,0,1.0,0,0,0,-9999.0,0.75,1,P3_CV0,2,0,2,2,0
4,2539041.489,728416.6747,R4_F4_m4f4_P4_Y1_UO410,R4_F4_m-1f-1_P4_Y-1_U53,R4_F4_m-1f-1_P4_Y-1_U30,FXX,3,100.2518475479121,1,0,0.0,0,0,0,-9999.0,0.75,1,P3_CV0,2,1,1,1,1
4,2539041.489,728416.6747,R4_F4_m4f4_P4_Y1_UO568,R4_F4_m-1f-1_P4_Y-1_U82,R4_F4_m-1f-1_P4_Y-1_U30,FXX,3,100.2518475479121,1,0,0.0,0,0,0,-9999.0,0.5,1,P3_CV0,2,1,1,2,0
4,2539041.489,728416.6747,R4_F4_m4f4_P4_Y1_UO9,R4_F4_m-1f-1_P4_Y-1_U92,R4_F4_m-1f-1_P4_Y-1_U79,MXY,3,100.2518475479121,1,0,0.0,0,0,0,-9999.0,0.5,1,P3_CV0,2,0,2,1,1
4,2539041.489,728416.6747,R4_F4_m4f4_P4_Y1_UO219,R4_F4_m-1f-1_P4_Y-1_U33,R4_F4_m-1f-1_P4_Y-1_U8,FXX,3,100.2518475479121,1,0,3.013,0,0,0,-9999.0,0.25,1,P3_CV0,2,1,1,2,0
4,2539041.489,728416.6747,R4_F4_m4f4_P4_Y1_UO548,R4_F4_m-1f-1_P4_Y-1_U1,R4_F4_m-1f-1_P4_Y-1_U21,MXY,3,100.2518475479121,1,0,0.0,0,0,0,-9999.0,0.25,1,P3_CV0,2,0,2,0,2
4,2539041.489,728416.6747,R4_F4_m4f4_P4_Y1_UO339,R4_F4_m-1f-1_P4_Y-1_U123,R4_F4_m-1f-1_P4_Y-1_U89,FXX,3,100.2518475479121,1,0,1.0,0,0,0,-9999.0,0.75,1,P3_CV0,2,1,1,0,2
4,2539041.489,728416.6747,R4_F4_m4f4_P4_Y1_UO18,R4_F4_m-1f-1_P4_Y-1_U114,R4_F4_m-1f-1_P4_Y-1_U63,MXY,3,100.2518475479121,1,0,0.0,0,0,0,-9999.0,0.75,1,P3_CV0,2,1,1,2,0
4,2539041.489,728416.6747,R4_F4_m4f4_P4_Y1_UO108,R4_F4_m-1f-1_P4_Y-1_U24,R4_F4_m-1f-1_P4_Y-1_U67,MXY,3,100.2518475479121,1,0,0.0,0,0,0,-9999.0,0.5,1,P3_CV0,2,0,2,2,0
4,2539041.489,728416.6747,R4_F4_m4f4_P4_Y1_UO396,R4_F4_m-1f-1_P4_Y-1_U42,R4_F4_m-1f-1_P4_Y-1_U32,MXY,3,100.2518475479121,1,0,0.0,0,0,0,-9999.0,0.5,1,P3_CV0,2,1,1,1,1
4,2539041.489,728416.6747,R4_F4_m4f4_P4_Y1_UO360,R4_F4_m-1f-1_P4_Y-1_U123,R4_F4_m-1f-1_P4_Y-1_U56,FXX,3,100.2518475479121,1,0,1.0,0,0,0,-9999.0,0.5,1,P3_CV0,2,1,1,1,1
4,2539041.489,728416.6747,R4_F4_m4f4_P4_Y1_UO399,R4_F4_m-1f-1_P4_Y-1_U46,R4_F4_m-1f-1_P4_Y-1_U39,MXY,3,100.2518475479121,1,0,0.0,0,0,0,-9999.0,0.5,1,P3_CV0,2,0,2,2,0
4,2539041.489,728416.6747,R4_F4_m4f4_P4_Y1_UO35,R4_F4_m-1f-1_P4_Y-1_U123,R4_F4_m-1f-1_P4_Y-1_U38,MXY,3,100.2518475479121,1,0,0.0,0,0,0,-9999.0,0.5,1,P3_CV0,2,1,1,0,2
4,2539041.489,728416.6747,R4_F4_m4f4_P4_Y1_UO532,R4_F4_m-1f-1_P4_Y-1_U53,R4_F4_m-1f-1_P4_Y-1_U75,MXY,3,100.2518475479121,1,0,0.0,0,0,0,-9999.0,0.25,1,P3_CV0,2,2,0,1,1
4,2539041.489,728416.6747,R4_F4_m4f4_P4_Y0_UO493,R4_F4_m-1f-1_P4_Y-1_U86,R4_F4_m-1f-1_P4_Y-1_U66,FXX,4,111.45041802148437,1,0,1.119,0,0,0,-9999.0,0.5,1,P3_CV0,2,2,0,1,1
4,2539041.489,728416.6747,R4_F4_m4f4_P4_Y0_UO562,R4_F4_m-1f-1_P4_Y-1_U84,R4_F4_m-1f-1_P4_Y-1_U72,MXY,4,111.45041802148437,1,0,0.0,0,0,0,-9999.0,0.75,1,P3_CV0,2,0,2,1,1
4,2539041.489,728416.6747,R4_F4_m4f4_P4_Y0_UO22,R4_F4_m-1f-1_P4_Y-1_U46,R4_F4_m-1f-1_P4_Y-1_U54,MXY,4,111.47960668048042,1,0,0.0,0,0,0,-9999.0,0.5,1,P3_CV0,2,0,2,1,1
4,2539041.489,728416.6747,R4_F4_m4f4_P4_Y0_UO661,R4_F4_m-1f-1_P4_Y-1_U11,R4_F4_m-1f-1_P4_Y-1_U89,MXY,4,111.45041802148437,1,0,0.0,0,0,0,-9999.0,0.25,1,P3_CV0,2,1,1,0,2
4,2539041.489,728416.6747,R4_F4_m4f4_P4_Y0_UO225,R4_F4_m-1f-1_P4_Y-1_U109,R4_F4_m-1f-1_P4_Y-1_U105,MXY,4,111.45041802148437,1,0,0.0,0,0,0,-9999.0,0.25,1,P3_CV0,2,2,0,2,0
4,2539041.489,728416.6747,R4_F4_m4f4_P4_Y0_UO43,R4_F4_m-1f-1_P4_Y-1_U98,R4_F4_m-1f-1_P4_Y-1_U89,MXY,4,111.45041802148437,1,0,0.0,0,0,0,-9999.0,0.75,1,P3_CV0,2,1,1,0,2
4,2539041.489,728416.6747,R4_F4_m-1f-1_P4_Y-1_U124,-9999,-9999,FXX,5,120.33372083371687,1,0,1.812,0,0,0,-9999.0,0.5,1,P3_CV0,2,1,1,2,0
4,2539041.489,728416.6747,R4_F4_m-1f-1_P4_Y-1_U34,-9999,-9999,MXY,5,120.48084101665988,1,0,0.0,0,0,0,-9999.0,0.0,1,P3_CV0,2,0,2,1,1
5,2535011.582,720257.8531,Age0_F5_m5f5_P5_Y4_UO2,R5_F5_m-1f-1_P5_Y-1_U48,I5_F7_m-1f-1_P5_Y-1_U70,FXX,0,31.05630696017959,0,0,0.0,0,0,0,0.0,0.25,1,P4_CV0,3,1,1,2,0
5,2535011.582,720257.8531,Age0_F5_m5f5_P5_Y4_UO3,R5_F5_m-1f-1_P5_Y-1_U48,I5_F7_m-1f-1_P5_Y-1_U70,FXX,0,31.05630696017959,0,0,0.0,0,0,0,0.0,0.25,1,P4_CV0,3,1,1,1,1
5,2535011.582,720257.8531,Age0_F5_m5f5_P5_Y4_UO4,R5_F5_m-1f-1_P5_Y-1_U48,I5_F7_m-1f-1_P5_Y-1_U70,FXX,0,31.05630696017959,0,0,0.0,0,0,0,0.0,0.25,1,P4_CV0,3,1,1,1,1
5,2535011.582,720257.8531,Age0_F5_m5f5_P5_Y4_UO27,R5_F5_m5f5_P5_Y2_UO463,R5_F5_m5f5_P5_Y2_UO624,MXY,0,31.05630696017959,0,0,0.0,0,0,0,0.0,0.625,1,P4_CV0,3,1,1,0,2
5,2535011.582,720257.8531,Age0_F5_m5f5_P5_Y4_UO28,R5_F5_m5f5_P5_Y2_UO463,R5_F5_m5f5_P5_Y2_UO624,FXX,0,31.05630696017959,0,0,0.0,0,0,0,0.0,0.625,1,P4_CV0,3,1,1,1,1
5,2535011.582,720257.8531,Age0_F5_m5f5_P5_Y4_UO29,R5_F5_m5f5_P5_Y2_UO463,R5_F5_m5f5_P5_Y2_UO624,FXX,0,31.05630696017959,0,0,0.0,0,0,0,0.0,0.625,1,P4_CV0,3,0,2,0,2
5,2535011.582,720257.8531,Age0_F5_m5f5_P5_Y4_UO30,R5_F5_m5f5_P5_Y2_UO463,R5_F5_m5f5_P5_Y2_UO624,FXX,0,31.05630696017959,0,0,0.0,0,0,0,0.0,0.625,1,P4_CV0,3,0,2,0,2
5,2535011.582,720257.8531,Age0_F5_m5f5_P5_Y4_UO43,R5_F5_m5f5_P5_Y1_UO474,R5_F5_m5f5_P5_Y2_UO359,MXY,0,31.05630696017959,0,0,0.0,0,0,0,0.0,0.625,1,P4_CV0,3,2,0,1,1
5,2535011.582,720257.8531,Age0_F5_m5f5_P5_Y4_UO44,R5_F5_m5f5_P5_Y1_UO474,R5_F5_m5f5_P5_Y2_UO359,MXY,0,31.05630696017959,0,0,0.0,0,0,0,0.0,0.625,1,P4_CV0,3,2,0,2,0
5,2535011.582,720257.8531,Age0_F5_m5f5_P5_Y4_UO49,R5_F5_m5f5_P5_Y2_UO285,I5_F7_m5f5_P5_Y0_UO415,MXY,0,31.05630696017959,0,0,0.0,0,0,0,0.0,0.125,1,P4_CV0,3,0,2,1,1
5,2535011.582,720257.8531,Age0_F5_m5f5_P5_Y4_UO53,R5_F5_m5f5_P5_Y2_UO462,R5_F5_m5f5_P5_Y2_UO40,MXY,0,31.05630696017959,0,0,0.0,0,0,0,0.0,0.5625,1,P4_CV0,3,1,1,0,2
5,2535011.582,720257.8531,Age0_F5_m5f5_P5_Y4_UO54,R5_F5_m5f5_P5_Y2_UO462,R5_F5_m5f5_P5_Y2_UO40,FXX,0,31.05630696017959,0,0,0.0,0,0,0,0.0,0.5625,1,P4_CV0,3,1,1,0,2
5,2535011.582,720257.8531,Age0_F5_m5f5_P5_Y4_UO55,R5_F5_m5f5_P5_Y2_UO462,R5_F5_m5f5_P5_Y2_UO40,MXY,0,31.05630696017959,0,0,0.0,0,0,0,0.0,0.5625,1,P4_CV0,3,1,1,0,2
5,2535011.582,720257.8531,Age0_F5_m5f5_P5_Y4_UO56,R5_F5_m5f5_P5_Y1_UO507,R5_F5_m5f5_P5_Y1_UO59,MXY,0,31.05630696017959,0,0,0.0,0,0,0,0.0,0.75,1,P4_CV0,3,2,0,0,2
5,2535011.582,720257.8531,Age0_F5_m5f5_P5_Y4_UO57,R5_F5_m5f5_P5_Y1_UO507,R5_F5_m5f5_P5_Y1_UO59,FXX,0,31.05630696017959,0,0,0.0,0,0,0,0.0,0.75,1,P4_CV0,3,1,1,0,2
5,2535011.582,720257.8531,Age0_F5_m5f5_P5_Y4_UO58,R5_F5_m5f5_P5_Y1_UO507,R5_F5_m5f5_P5_Y1_UO59,MXY,0,31.05630696017959,0,0,0.0,0,0,0,0.0,0.75,1,P4_CV0,3,2,0,0,2
5,2535011.582,720257.8531,Age0_F5_m5f5_P5_Y4_UO59,R5_F5_m5f5_P5_Y1_UO507,R5_F5_m5f5_P5_Y1_UO59,MXY,0,31.05630696017959,0,0,0.0,0,0,0,0.0,0.75,1,P4_CV0,3,1,1,0,2
5,2535011.582,720257.8531,Age0_F5_m5f5_P5_Y4_UO94,R5_F5_m5f5_P5_Y2_UO414,R5_F5_m5f5_P5_Y2_UO208,FXX,0,31.05630696017959,0,0,0.0,0,0,0,0.0,0.3125,1,P4_CV0,3,1,1,1,1
5,2535011.582,720257.8531,Age0_F5_m5f5_P5_Y4_UO95,R5_F5_m5f5_P5_Y2_UO414,R5_F5_m5f5_P5_Y2_UO208,FXX,0,31.05630696017959,0,0,0.0,0,0,0,0.0,0.3125,1,P4_CV0,3,1,1,0,2
5,2535011.582,720257.8531,Age0_F5_m5f5_P5_Y4_UO102,R5_F5_m6f6_P6_Y1_UO190,R5_F5_m-1f-1_P5_Y-1_U109,FXX,0,31.05630696017959,0,0,0.0,0,0,0,0.0,0.625,1,P4_CV0,3,2,0,1,1
5,2535011.582,720257.8531,Age0_F5_m5f5_P5_Y4_UO107,R5_F5_m5f5_P5_Y2_UO413,R5_F5_m5f5_P5_Y2_UO265,MXY,0,31.05630696017959,0,0,0.0,0,0,0,0.0,0.5625,1,P4_CV0,3,1,1,1,1
5,2535011.582,720257.8531,Age0_F5_m5f5_P5_Y4_UO108,R5_F5_m5f5_P5_Y2_UO413,R5_F5_m5f5_P5_Y2_UO265,MXY,0,31.05630696017959,0,0,0.0,0,0,0,0.0,0.5625,1,P4_CV0,3,1,1,1,1
5,2535011.582,720257.8531,Age0_F5_m5f5_P5_Y4_UO115,R5_F5_m5f5_P5_Y1_UO507,R5_F5_m5f5_P5_Y2_UO230,MXY,0,31.05630696017959,0,0,0.0,0,0,0,0.0,0.625,1,P4_CV0,3,1,1,1,1
5,2535011.582,720257.8531,Age0_F5_m5f5_P5_Y4_UO116,R5_F5_m5f5_P5_Y1_UO507,R5_F5_m5f5_P5_Y2_UO230,FXX,0,31.05630696017959,0,0,0.0,0,0,0,0.0,0.625,1,P4_CV0,3,1,1,0,2
5,2535011.582,720257.8531,Age0_F5_m5f5_P5_Y4_UO121,R5_F5_m5f5_P5_Y1_UO53,R5_F5_m5f5_P5_Y2_UO445,FXX,0,31.05630696017959,0,0,0.0,0,0,0,0.0,0.625,1,P4_CV0,3,1,1,0,2
5,2535011.582,720257.8531,Age0_F5_m5f5_P5_Y4_UO127,R5_F5_m5f5_P5_Y0_UO86,R5_F5_m5f5_P5_Y2_UO230,FXX,0,31.05630696017959,0,0,0.0,0,0,0,0.0,0.375,1,P4_CV0,3,2,0,1,1
5,2535011.582,720257.8531,Age0_F5_m5f5_P5_Y4_UO128,R5_F5_m5f5_P5_Y0_UO86,R5_F5_m5f5_P5_Y2_UO230,MXY,0,31.05630696017959,0,0,0.0,0,0,0,0.0,0.375,1,P4_CV0,3,2,0,2,0
5,2535011.582,720257.8531,Age0_F5_m5f5_P5_Y4_UO129,R5_F5_m5f5_P5_Y0_UO86,R5_F5_m5f5_P5_Y2_UO230,MXY,0,31.05630696017959,0,0,0.0,0,0,0,0.0,0.375,1,P4_CV0,3,1,1,1,1
5,2535011.582,720257.8531,Age0_F5_m5f5_P5_Y4_UO130,R5_F5_m5f5_P5_Y0_UO90,R5_F5_m5f5_P5_Y1_UO384,FXX,0,31.05630696017959,0,0,0.0,0,0,0,0.0,0.5,1,P4_CV0,3,1,1,1,1
5,2535011.582,720257.8531,Age0_F5_m5f5_P5_Y4_UO131,R5_F5_m5f5_P5_Y0_UO90,R5_F5_m5f5_P5_Y1_UO384,MXY,0,31.05630696017959,0,0,0.0,0,0,0,0.0,0.5,1,P4_CV0,3,1,1,2,0
5,2535011.582,720257.8531,Age0_F5_m5f5_P5_Y4_UO132,R5_F5_m5f5_P5_Y0_UO90,R5_F5_m5f5_P5_Y1_UO384,FXX,0,31.05630696017959,0,0,0.0,0,0,0,0.0,0.5,1,P4_CV0,3,1,1,2,0
5,2535011.582,720257.8531,Age0_F5_m5f5_P5_Y4_UO168,R5_F5_m5f5_P5_Y0_UO86,I5_F7_m5f5_P5_Y0_UO415,MXY,0,31.05630696017959,0,0,0.0,0,0,0,0.0,0.125,1,P4_CV0,3,0,2,1,1
5,2535011.582,720257.8531,Age0_F5_m5f5_P5_Y4_UO169,R5_F5_m5f5_P5_Y0_UO86,I5_F7_m5f5_P5_Y0_UO415,MXY,0,31.05630696017959,0,0,0.0,0,0,0,0.0,0.125,1,P4_CV0,3,0,2,2,0
5,2535011.582,720257.8531,Age0_F5_m5f5_P5_Y4_UO170,R5_F5_m5f5_P5_Y0_UO86,I5_F7_m5f5_P5_Y0_UO415,MXY,0,31.05630696017959,0,0,0.0,0,0,0,0.0,0.125,1,P4_CV0,3,0,2,1,1
5,2535011.582,720257.8531,Age0_F5_m5f5_P5_Y4_UO171,R5_F5_m5f5_P5_Y0_UO86,I5_F7_m5f5_P5_Y0_UO415,FXX,0,31.05630696017959,0,0,0.0,0,0,0,0.0,0.125,1,P4_CV0,3,0,2,0,2
5,2535011.582,720257.8531,Age0_F5_m5f5_P5_Y4_UO172,R5_F5_m5f5_P5_Y2_UO451,R5_F5_m5f5_P5_Y2_UO445,MXY,0,31.05630696017959,0,0,0.0,0,0,0,0.0,0.25,1,P4_CV0,3,0,2,1,1
5,2535011.582,720257.8531,Age0_F5_m5f5_P5_Y4_UO173,R5_F5_m5f5_P5_Y2_UO451,R5_F5_m5f5_P5_Y2_UO445,FXX,0,31.05630696017959,0,0,0.0,0,0,0,0.0,0.25,1,P4_CV0,3,1,1,1,1
5,2535011.582,720257.8531,Age0_F5_m5f5_P5_Y4_UO174,R5_F5_m3f3_P3_Y2_UO88,R5_F5_m5f5_P5_Y2_UO289,MXY,0,31.05630696017959,0,0,0.0,0,0,0,0.0,0.375,1,P4_CV0,3,2,0,1,1
5,2535011.582,720257.8531,Age0_F5_m5f5_P5_Y4_UO207,R5_F5_m5f5_P5_Y2_UO462,R5_F5_m5f5_P5_Y0_UO73,FXX,0,31.05630696017959,0,0,0.0,0,0,0,0.0,0.625,1,P4_CV0,3,1,1,1,1
5,2535011.582,720257.8531,Age0_F5_m5f5_P5_Y4_UO208,R5_F5_m5f5_P5_Y0_UO86,R5_F5_m5f5_P5_Y2_UO453,FXX,0,31.05630696017959,0,0,0.0,0,0,0,0.0,0.25,1,P4_CV0,3,1,1,1,1
5,2535011.582,720257.8531,Age0_F5_m5f5_P5_Y4_UO209,R5_F5_m5f5_P5_Y0_UO86,R5_F5_m5f5_P5_Y2_UO453,FXX,0,31.05630696017959,0,0,0.0,0,0,0,0.0,0.25,1,P4_CV0,3,1,1,1,1
5,2535011.582,720257.8531,Age0_F5_m5f5_P5_Y4_UO210,R5_F5_m5f5_P5_Y0_UO86,R5_F5_m5f5_P5_Y2_UO453,FXX,0,31.05630696017959,0,0,0.0,0,0,0,0.0,0.25,1,P4_CV0,3,0,2,1,1
5,2535011.582,720257.8531,Age0_F5_m5f5_P5_Y4_UO232,R5_F5_m-1f-1_P5_Y-1_U48,R5_F5_m5f5_P5_Y1_UO59,MXY,0,31.05630696017959,0,0,0.0,0,0,0,0.0,0.375,1,P4_CV0,3,1,1,1,1
5,2535011.582,720257.8531,Age0_F5_m5f5_P5_Y4_UO233,R5_F5_m-1f-1_P5_Y-1_U48,R5_F5_m5f5_P5_Y1_UO59,FXX,0,31.05630696017959,0,0,0.0,0,0,0,0.0,0.375,1,P4_CV0,3,1,1,1,1
5,2535011.582,720257.8531,Age0_F5_m5f5_P5_Y4_UO234,R5_F5_m-1f-1_P5_Y-1_U48,R5_F5_m5f5_P5_Y1_UO59,FXX,0,31.05630696017959,0,0,0.0,0,0,0,0.0,0.375,1,P4_CV0,3,1,1,1,1
5,2535011.582,720257.8531,Age0_F5_m5f5_P5_Y4_UO235,R5_F5_m-1f-1_P5_Y-1_U48,R5_F5_m5f5_P5_Y1_UO59,FXX,0,31.05630696017959,0,0,0.0,0,0,0,0.0,0.375,1,P4_CV0,3,1,1,0,2
5,2535011.582,720257.8531,Age0_F5_m5f5_P5_Y4_UO247,R5_F5_m6f6_P6_Y1_UO190,R5_F5_m5f5_P5_Y2_UO289,FXX,0,31.05630696017959,0,0,0.0,0,0,0,0.0,0.25,1,P4_CV0,3,0,2,2,0
5,2535011.582,720257.8531,Age0_F5_m5f5_P5_Y4_UO261,R5_F5_m5f5_P5_Y1_UO383,R5_F5_m5f5_P5_Y2_UO229,MXY,0,31.05630696017959,0,0,0.0,0,0,0,0.0,0.625,1,P4_CV0,3,1,1,0,2
5,2535011.582,720257.8531,Age0_F5_m5f5_P5_Y4_UO262,R5_F5_m5f5_P5_Y1_UO383,R5_F5_m5f5_P5_Y2_UO229,FXX,0,31.05630696017959,0,0,0.0,0,0,0,0.0,0.625,1,P4_CV0,3,1,1,0,2
5,2535011.582,720257.8531,Age0_F5_m5f5_P5_Y4_UO263,R5_F5_m5f5_P5_Y2_UO267,R5_F5_m5f5_P5_Y1_UO59,MXY,0,31.05630696017959,0,0,0.0,0,0,0,0.0,0.75,1,P4_CV0,3,2,0,0,2
5,2535011.582,720257.8531,Age0_F5_m5f5_P5_Y4_UO264,R5_F5_m5f5_P5_Y2_UO267,R5_F5_m5f5_P5_Y1_UO59,MXY,0,31.05630696017959,0,0,0.0,0,0,0,0.0,0.75,1,P4_CV0,3,2,0,0,2
5,2535011.582,720257.8531,Age0_F5_m5f5_P5_Y4_UO282,R5_F5_m5f5_P5_Y0_UO612,R5_F5_m5f5_P5_Y2_UO624,FXX,0,31.05630696017959,0,0,0.0,0,0,0,0.0,0.5,1,P4_CV0,3,1,1,0,2
5,2535011.582,720257.8531,Age0_F5_m5f5_P5_Y4_UO283,R5_F5_m5f5_P5_Y0_UO612,R5_F5_m5f5_P5_Y2_UO624,MXY,0,31.05630696017959,0,0,0.0,0,0,0,0.0,0.5,1,P4_CV0,3,0,2,0,2
5,2535011.582,720257.8531,Age0_F5_m5f5_P5_Y4_UO284,R5_F5_m5f5_P5_Y0_UO612,R5_F5_m5f5_P5_Y2_UO624,FXX,0,31.05630696017959,0,0,0.0,0,0,0,0.0,0.5,1,P4_CV0,3,0,2,0,2
5,2535011.582,720257.8531,Age0_F5_m5f5_P5_Y4_UO323,R5_F5_m5f5_P5_Y2_UO267,R5_F5_m5f5_P5_Y1_UO384,MXY,0,31.05630696017959,0,0,0.0,0,0,0,0.0,0.75,1,P4_CV0,3,2,0,1,1
5,2535011.582,720257.8531,Age0_F5_m5f5_P5_Y4_UO324,R5_F5_m5f5_P5_Y2_UO267,R5_F5_m5f5_P5_Y1_UO384,MXY,0,31.05630696017959,0,0,0.0,0,0,0,0.0,0.75,1,P4_CV0,3,2,0,1,1
5,2535011.582,720257.8531,Age0_F5_m5f5_P5_Y4_UO352,R5_F5_m5f5_P5_Y1_UO507,R5_F5_m5f5_P5_Y1_UO424,FXX,0,31.05630696017959,0,0,0.0,0,0,0,0.0,0.625,1,P4_CV0,3,1,1,0,2
5,2535011.582,720257.8531,Age0_F5_m5f5_P5_Y4_UO413,R5_F5_m5f5_P5_Y2_UO450,R5_F5_m5f5_P5_Y0_UO634,MXY,0,31.05630696017959,0,0,0.0,0,0,0,0.0,0.25,1,P4_CV0,3,0,2,0,2
5,2535011.582,720257.8531,Age0_F5_m5f5_P5_Y4_UO414,R5_F5_m5f5_P5_Y0_UO86,R5_F5_m5f5_P5_Y1_UO384,FXX,0,31.05630696017959,0,0,0.0,0,0,0,0.0,0.5,1,P4_CV0,3,2,0,1,1
5,2535011.582,720257.8531,Age0_F5_m5f5_P5_Y4_UO415,R5_F5_m5f5_P5_Y0_UO86,R5_F5_m5f5_P5_Y1_UO384,MXY,0,31.05630696017959,0,0,0.0,0,0,0,0.0,0.5,1,P4_CV0,3,1,1,2,0
5,2535011.582,720257.8531,Age0_F5_m5f5_P5_Y4_UO416,R5_F5_m5f5_P5_Y0_UO86,R5_F5_m5f5_P5_Y1_UO384,FXX,0,31.05630696017959,0,0,0.0,0,0,0,0.0,0.5,1,P4_CV0,3,1,1,1,1
5,2535011.582,720257.8531,Age0_F5_m5f5_P5_Y4_UO424,R5_F5_m5f5_P5_Y2_UO581,I5_F7_m-1f-1_P5_Y-1_U70,FXX,0,31.05630696017959,0,0,0.0,0,0,0,0.0,0.5,1,P4_CV0,3,0,2,1,1
5,2535011.582,720257.8531,Age0_F5_m5f5_P5_Y4_UO432,R5_F5_m5f5_P5_Y1_UO507,R5_F5_m5f5_P5_Y0_UO305,FXX,0,31.05630696017959,0,0,0.0,0,0,0,0.0,0.625,1,P4_CV0,3,1,1,0,2
5,2535011.582,720257.8531,Age0_F5_m5f5_P5_Y4_UO433,R5_F5_m5f5_P5_Y1_UO507,R5_F5_m5f5_P5_Y0_UO305,FXX,0,31.05630696017959,0,0,0.0,0,0,0,0.0,0.625,1,P4_CV0,3,1,1,0,2
5,2535011.582,720257.8531,Age0_F5_m5f5_P5_Y4_UO434,R5_F5_m5f5_P5_Y1_UO507,R5_F5_m5f5_P5_Y0_UO305,FXX,0,31.05630696017959,0,0,0.0,0,0,0,0.0,0.625,1,P4_CV0,3,0,2,0,2
5,2535011.582,720257.8531,Age0_F5_m5f5_P5_Y4_UO469,R5_F5_m5f5_P5_Y1_UO474,R5_F5_m5f5_P5_Y1_UO134,MXY,0,31.05630696017959,0,0,0.0,0,0,0,0.0,0.75,1,P4_CV0,3,1,1,1,1
5,2535011.582,720257.8531,Age0_F5_m5f5_P5_Y4_UO470,R5_F5_m5f5_P5_Y1_UO474,R5_F5_m5f5_P5_Y1_UO134,FXX,0,31.05630696017959,0,0,0.0,0,0,0,0.0,0.75,1,P4_CV0,3,2,0,1,1
5,2535011.582,720257.8531,Age0_F5_m5f5_P5_Y4_UO484,R5_F5_m5f5_P5_Y2_UO462,I5_F7_m-1f-1_P5_Y-1_U70,FXX,0,31.05630696017959,0,0,0.0,0,0,0,0.0,0.625,1,P4_CV0,3,2,0,0,2
5,2535011.582,720257.8531,Age0_F5_m5f5_P5_Y4_UO487,R5_F5_m5f5_P5_Y2_UO463,R5_F5_m5f5_P5_Y1_UO424,FXX,0,31.05630696017959,0,0,0.0,0,0,0,0.0,0.625,1,P4_CV0,3,0,2,0,2
5,2535011.582,720257.8531,Age0_F5_m5f5_P5_Y4_UO493,R5_F5_m5f5_P5_Y0_UO90,R5_F5_m5f5_P5_Y2_UO230,MXY,0,31.05630696017959,0,0,0.0,0,0,0,0.0,0.375,1,P4_CV0,3,1,1,1,1
5,2535011.582,720257.8531,Age0_F5_m5f5_P5_Y4_UO494,R5_F5_m5f5_P5_Y0_UO90,R5_F5_m5f5_P5_Y2_UO230,MXY,0,31.05630696017959,0,0,0.0,0,0,0,0.0,0.375,1,P4_CV0,3,1,1,1,1
5,2535011.582,720257.8531,Age0_F5_m5f5_P5_Y4_UO495,R5_F5_m5f5_P5_Y0_UO90,R5_F5_m5f5_P5_Y2_UO230,FXX,0,31.05630696017959,0,0,0.0,0,0,0,0.0,0.375,1,P4_CV0,3,1,1,1,1
5,2535011.582,720257.8531,Age0_F5_m5f5_P5_Y4_UO507,R5_F5_m5f5_P5_Y2_UO413,I5_F7_m-1f-1_P5_Y-1_U70,FXX,0,31.05630696017959,0,0,0.0,0,0,0,0.0,0.4375,1,P4_CV0,3,1,1,1,1
5,2535011.582,720257.8531,Age0_F5_m5f5_P5_Y4_UO508,R5_F5_m5f5_P5_Y2_UO413,I5_F7_m-1f-1_P5_Y-1_U70,FXX,0,31.05630696017959,0,0,0.0,0,0,0,0.0,0.4375,1,P4_CV0,3,0,2,1,1
5,2535011.582,720257.8531,Age0_F5_m5f5_P5_Y4_UO509,R5_F5_m5f5_P5_Y2_UO413,I5_F7_m-1f-1_P5_Y-1_U70,FXX,0,31.05630696017959,0,0,0.0,0,0,0,0.0,0.4375,1,P4_CV0,3,2,0,1,1
5,2535011.582,720257.8531,Age0_F5_m5f5_P5_Y4_UO525,R5_F5_m5f5_P5_Y2_UO267,R5_F5_m5f5_P5_Y1_UO384,MXY,0,31.05630696017959,0,0,0.0,0,0,0,0.0,0.75,1,P4_CV0,3,2,0,2,0
5,2535011.582,720257.8531,Age0_F5_m5f5_P5_Y4_UO528,R5_F5_m5f5_P5_Y2_UO581,R5_F5_m5f5_P5_Y2_UO230,FXX,0,31.05630696017959,0,0,0.0,0,0,0,0.0,0.5,1,P4_CV0,3,1,1,2,0
5,2535011.582,720257.8531,Age0_F5_m5f5_P5_Y4_UO529,R5_F5_m5f5_P5_Y2_UO581,R5_F5_m5f5_P5_Y2_UO230,FXX,0,31.05630696017959,0,0,0.0,0,0,0,0.0,0.5,1,P4_CV0,3,1,1,2,0
5,2535011.582,720257.8531,Age0_F5_m5f5_P5_Y4_UO534,R5_F5_m5f5_P5_Y0_UO612,R5_F5_m5f5_P5_Y2_UO289,MXY,0,31.05630696017959,0,0,0.0,0,0,0,0.0,0.375,1,P4_CV0,3,1,1,1,1
5,2535011.582,720257.8531,Age0_F5_m5f5_P5_Y4_UO535,R5_F5_m5f5_P5_Y0_UO612,R5_F5_m5f5_P5_Y2_UO289,FXX,0,31.05630696017959,0,0,0.0,0,0,0,0.0,0.375,1,P4_CV0,3,0,2,1,1
5,2535011.582,720257.8531,Age0_F5_m5f5_P5_Y4_UO536,R5_F5_m5f5_P5_Y0_UO612,R5_F5_m5f5_P5_Y2_UO289,FXX,0,31.05630696017959,0,0,0.0,0,0,0,0.0,0.375,1,P4_CV0,3,1,1,1,1
5,2535011.582,720257.8531,Age0_F5_m5f5_P5_Y4_UO537,R5_F5_m5f5_P5_Y0_UO612,R5_F5_m5f5_P5_Y2_UO289,FXX,0,31.05630696017959,0,0,0.0,0,0,0,0.0,0.375,1,P4_CV0,3,0,2,1,1
5,2535011.582,720257.8531,Age0_F5_m5f5_P5_Y4_UO538,R5_F5_m5f5_P5_Y0_UO612,R5_F5_m5f5_P5_Y2_UO289,FXX,0,31.05630696017959,0,0,0.0,0,0,0,0.0,0.375,1,P4_CV0,3,0,2,1,1
5,2535011.582,720257.8531,Age0_F5_m5f5_P5_Y4_UO539,R5_F5_m5f5_P5_Y0_UO612,R5_F5_m5f5_P5_Y2_UO289,MXY,0,31.05630696017959,0,0,0.0,0,0,0,0.0,0.375,1,P4_CV0,3,1,1,1,1
5,2535011.582,720257.8531,Age0_F5_m5f5_P5_Y4_UO542,R5_F5_m5f5_P5_Y0_UO86,R5_F5_m5f5_P5_Y0_UO402,MXY,0,31.05630696017959,0,0,0.0,0,0,0,0.0,0.5,1,P4_CV0,3,1,1,1,1
5,2535011.582,720257.8531,Age0_F5_m5f5_P5_Y4_UO543,R5_F5_m5f5_P5_Y0_UO86,R5_F5_m5f5_P5_Y0_UO402,FXX,0,31.05630696017959,0,0,0.0,0,0,0,0.0,0.5,1,P4_CV0,3,1,1,2,0
5,2535011.582,720257.8531,Age0_F5_m5f5_P5_Y4_UO544,R5_F5_m5f5_P5_Y0_UO86,R5_F5_m5f5_P5_Y0_UO402,FXX,0,31.05630696017959,0,0,0.0,0,0,0,0.0,0.5,1,P4_CV0,3,0,2,2,0
5,2535011.582,720257.8531,Age0_F5_m5f5_P5_Y4_UO545,R5_F5_m5f5_P5_Y0_UO86,R5_F5_m5f5_P5_Y0_UO402,FXX,0,31.05630696017959,0,0,0.0,0,0,0,0.0,0.5,1,P4_CV0,3,0,2,2,0
5,2535011.582,720257.8531,Age0_F5_m5f5_P5_Y4_UO550,R5_F5_m5f5_P5_Y2_UO267,R5_F5_m5f5_P5_Y2_UO208,MXY,0,31.05630696017959,0,0,0.0,0,0,0,0.0,0.5,1,P4_CV0,3,1,1,0,2
5,2535011.582,720257.8531,Age0_F5_m5f5_P5_Y4_UO600,R5_F5_m5f5_P5_Y0_UO86,R5_F5_m5f5_P5_Y0_UO634,MXY,0,31.05630696017959,0,0,0.0,0,0,0,0.0,0.25,1,P4_CV0,3,2,0,1,1
5,2535011.582,720257.8531,Age0_F5_m5f5_P5_Y4_UO651,R5_F5_m5f5_P5_Y1_UO463,R5_F5_m5f5_P5_Y2_UO282,FXX,0,31.05630696017959,0,0,0.0,0,0,0,0.0,0.25,1,P4_CV0,3,0,2,1,1
5,2535011.582,720257.8531,Age0_F5_m5f5_P5_Y4_UO652,R5_F5_m5f5_P5_Y1_UO463,R5_F5_m5f5_P5_Y2_UO282,MXY,0,31.05630696017959,0,0,0.0,0,0,0,0.0,0.25,1,P4_CV0,3,0,2,1,1
5,2535011.582,720257.8531,R5_F5_m5f5_P5_Y3_UO213,R5_F5_m-1f-1_P5_Y-1_U52,R5_F5_m5f5_P5_Y0_UO414,FXX,1,55.24743490975155,1,1,1.952,0,0,0,-9999.0,0.25,1,P4_CV0,3,0,2,2,0
5,2535011.582,720257.8531,R5_F5_m5f5_P5_Y3_UO154,R5_F5_m-1f-1_P5_Y-1_U52,R5_F5_m5f5_P5_Y0_UO540,MXY,1,55.24743490975155,1,1,0.0,0,0,0,-9999.0,0.625,1,P4_CV0,3,0,2,1,1
5,2535011.582,720257.8531,R5_F5_m5f5_P5_Y3_UO413,R5_F5_m-1f-1_P5_Y-1_U48,R5_F5_m5f5_P5_Y0_UO407,FXX,1,55.24743490975155,1,1,1.0,0,0,0,-9999.0,0.25,1,P4_CV0,3,1,1,1,1
5,2535011.582,720257.8531,R5_F5_m5f5_P5_Y3_UO447,R5_F5_m5f5_P5_Y1_UO474,R5_F5_m5f5_P5_Y1_UO475,MXY,1,55.24743490975155,1,1,0.0,0,0,0,-9999.0,0.75,1,P4_CV0,3,1,1,2,0
5,2535011.582,720257.8531,R5_F5_m5f5_P5_Y3_UO153,R5_F5_m-1f-1_P5_Y-1_U52,R5_F5_m5f5_P5_Y0_UO540,FXX,1,55.24743490975155,1,1,0.0,0,0,0,-9999.0,0.625,1,P4_CV0,3,1,1,2,0
5,2535011.582,720257.8531,R5_F5_m5f5_P5_Y3_UO355,R5_F5_m5f5_P5_Y0_UO510,R5_F5_m5f5_P5_Y1_UO295,FXX,1,55.24743490975155,1,1,0.0,0,0,0,-9999.0,0.5,1,P4_CV0,3,0,2,1,1
5,2535011.582,720257.8531,R5_F5_m5f5_P5_Y3_UO118,R5_F5_m-1f-1_P5_Y-1_U48,R5_F5_m5f5_P5_Y1_UO96,FXX,1,55.24743490975155,1,1,1.23,0,0,0,-9999.0,0.0,1,P4_CV0,3,0,2,1,1
5,2535011.582,720257.8531,R5_F5_m5f5_P5_Y3_UO544,R5_F5_m-1f-1_P5_Y-1_U52,R5_F5_m5f5_P5_Y1_UO59,FXX,1,55.24743490975155,1,1,1.0,0,0,0,-9999.0,0.625,1,P4_CV0,3,1,1,0,2
5,2535011.582,720257.8531,R5_F5_m5f5_P5_Y3_UO196,R5_F5_m5f5_P5_Y1_UO44,R5_F5_m-1f-1_P5_Y-1_U9,FXX,1,55.24743490975155,1,1,2.345,0,0,0,-9999.0,0.875,1,P4_CV0,3,2,0,1,1
5,2535011.582,720257.8531,R5_F5_m5f5_P5_Y3_UO462,R5_F5_m5f5_P5_Y1_UO254,R5_F5_m-1f-1_P5_Y-1_U100,MXY,1,55.24743490975155,1,1,0.0,0,0,0,-9999.0,0.75,1,P4_CV0,3,1,1,2,0
5,2535011.582,720257.8531,R5_F5_m5f5_P5_Y3_UO415,R5_F5_m-1f-1_P5_Y-1_U48,R5_F5_m5f5_P5_Y0_UO407,FXX,1,55.24743490975155,1,1,0.0,0,0,0,-9999.0,0.25,1,P4_CV0,3,1,1,0,2
5,2535011.582,720257.8531,R5_F5_m5f5_P5_Y3_UO195,R5_F5_m5f5_P5_Y1_UO44,R5_F5_m-1f-1_P5_Y-1_U9,MXY,1,55.24743490975155,1,1,0.0,0,0,0,-9999.0,0.875,1,P4_CV0,3,2,0,1,1
5,2535011.582,720257.8531,R5_F5_m5f5_P5_Y3_UO457,R5_F5_m5f5_P5_Y1_UO504,R5_F5_m5f5_P5_Y0_UO540,FXX,1,55.24743490975155,1,1,1.388,0,0,0,-9999.0,0.75,1,P4_CV0,3,0,2,2,0
5,2535011.582,720257.8531,R5_F5_m5f5_P5_Y3_UO163,R5_F5_m5f5_P5_Y1_UO44,R5_F5_m5f5_P5_Y1_UO424,FXX,1,55.24743490975155,1,1,1.993,0,0,0,-9999.0,0.625,1,P4_CV0,3,1,1,1,1
5,2535011.582,720257.8531,R5_F5_m5f5_P5_Y3_UO368,R5_F5_m5f5_P5_Y1_UO47,R5_F5_m5f5_P5_Y1_UO481,FXX,1,55.24743490975155,1,1,1.323,0,0,0,-9999.0,0.5,1,P4_CV0,3,2,0,1,1
5,2535011.582,720257.8531,R5_F5_m5f5_P5_Y3_UO369,R5_F5_m5f5_P5_Y1_UO47,R5_F5_m5f5_P5_Y1_UO481,FXX,1,55.24743490975155,1,1,2.189,0,0,0,-9999.0,0.5,1,P4_CV0,3,2,0,1,1
5,2535011.582,720257.8531,R5_F5_m5f5_P5_Y3_UO55,R5_F5_m-1f-1_P5_Y-1_U14,R5_F5_m5f5_P5_Y1_UO206,FXX,1,55.24743490975155,1,1,1.0,0,0,0,-9999.0,0.125,1,P4_CV0,3,1,1,1,1
5,2535011.582,720257.8531,R5_F5_m5f5_P5_Y3_UO5,R5_F5_m5f5_P5_Y1_UO107,R5_F5_m5f5_P5_Y0_UO634,FXX,1,55.24743490975155,1,1,1.012,0,0,0,-9999.0,0.25,1,P4_CV0,3,1,1,1,1
5,2535011.582,720257.8531,R5_F5_m5f5_P5_Y3_UO31,R5_F5_m5f5_P5_Y0_UO612,R5_F5_m5f5_P5_Y1_UO295,FXX,1,55.24743490975155,1,1,2.032,0,0,0,-9999.0,0.5,1,P4_CV0,3,0,2,0,2
5,2535011.582,720257.8531,R5_F5_m5f5_P5_Y3_UO199,R5_F5_m-1f-1_P5_Y-1_U88,R5_F5_m5f5_P5_Y1_UO211,MXY,1,55.24743490975155,1,1,0.0,0,0,0,-9999.0,0.375,1,P4_CV0,3,2,0,2,0
5,2535011.582,720257.8531,R5_F5_m5f5_P5_Y3_UO32,R5_F5_m5f5_P5_Y0_UO612,R5_F5_m5f5_P5_Y1_UO295,FXX,1,55.24743490975155,1,1,2.07,0,0,0,-9999.0,0.5,1,P4_CV0,3,0,2,1,1
5,2535011.582,720257.8531,R5_F5_m5f5_P5_Y3_UO192,R5_F5_m5f5_P5_Y1_UO44,R5_F5_m-1f-1_P5_Y-1_U9,FXX,1,55.24743490975155,1,1,2.284,0,0,0,-9999.0,0.875,1,P4_CV0,3,2,0,1,1
5,2535011.582,720257.8531,R5_F5_m5f5_P5_Y3_UO545,R5_F5_m-1f-1_P5_Y-1_U52,R5_F5_m5f5_P5_Y1_UO59,FXX,1,55.24743490975155,1,1,1.347,0,0,0,-9999.0,0.625,1,P4_CV0,3,1,1,1,1
5,2535011.582,720257.8531,R5_F5_m5f5_P5_Y3_UO233,R5_F5_m5f5_P5_Y1_UO48,R5_F5_m5f5_P5_Y1_UO424,MXY,1,55.24743490975155,1,1,0.0,0,0,0,-9999.0,0.625,1,P4_CV0,3,1,1,1,1
5,2535011.582,720257.8531,R5_F5_m5f5_P5_Y3_UO542,R5_F5_m-1f-1_P5_Y-1_U52,R5_F5_m5f5_P5_Y1_UO59,FXX,1,55.24743490975155,1,1,0.0,0,0,0,-9999.0,0.625,1,P4_CV0,3,1,1,1,1
5,2535011.582,720257.8531,R5_F5_m5f5_P5_Y3_UO511,R5_F5_m5f5_P5_Y1_UO103,R5_F5_m5f5_P5_Y0_UO73,FXX,1,55.24743490975155,1,1,0.0,0,0,0,-9999.0,0.5,1,P4_CV0,3,1,1,1,1
5,2535011.582,720257.8531,R5_F5_m5f5_P5_Y3_UO198,R5_F5_m-1f-1_P5_Y-1_U88,R5_F5_m5f5_P5_Y1_UO211,MXY,1,55.24743490975155,1,1,0.0,0,0,0,-9999.0,0.375,1,P4_CV0,3,1,1,2,0
5,2535011.582,720257.8531,R5_F5_m5f5_P5_Y3_UO70,R5_F5_m-1f-1_P5_Y-1_U52,R5_F5_m5f5_P5_Y1_UO2,MXY,1,55.24743490975155,1,1,0.0,0,0,0,-9999.0,0.75,1,P4_CV0,3,1,1,2,0
5,2535011.582,720257.8531,R5_F5_m5f5_P5_Y3_UO336,R5_F5_m5f5_P5_Y1_UO474,R5_F5_m-1f-1_P5_Y-1_U127,FXX,1,55.24743490975155,1,1,1.161,0,0,0,-9999.0,0.625,1,P4_CV0,3,0,2,2,0
5,2535011.582,720257.8531,R5_F5_m5f5_P5_Y3_UO56,R5_F5_m-1f-1_P5_Y-1_U14,R5_F5_m5f5_P5_Y1_UO206,FXX,1,55.24743490975155,1,1,2.114,0,0,0,-9999.0,0.125,1,P4_CV0,3,1,1,1,1
5,2535011.582,720257.8531,R5_F5_m5f5_P5_Y3_UO315,R5_F5_m5f5_P5_Y1_UO503,R5_F5_m5f5_P5_Y1_UO64,MXY,1,55.24743490975155,1,1,0.0,0,0,0,-9999.0,0.75,1,P4_CV0,3,1,1,1,1
5,2535011.582,720257.8531,R5_F5_m5f5_P5_Y3_UO246,R5_F5_m5f5_P5_Y1_UO237,R5_F5_m5f5_P5_Y1_UO64,MXY,1,55.24743490975155,1,1,0.0,0,0,0,-9999.0,0.625,1,P4_CV0,3,1,1,0,2
5,2535011.582,720257.8531,R5_F5_m5f5_P5_Y3_UO414,R5_F5_m-1f-1_P5_Y-1_U48,R5_F5_m5f5_P5_Y0_UO407,FXX,1,55.24743490975155,1,1,1.775,0,0,0,-9999.0,0.25,1,P4_CV0,3,1,1,1,1
5,2535011.582,720257.8531,R5_F5_m5f5_P5_Y3_UO151,R5_F5_m-1f-1_P5_Y-1_U52,R5_F5_m5f5_P5_Y0_UO540,FXX,1,55.24743490975155,1,1,1.0,0,0,0,-9999.0,0.625,1,P4_CV0,3,1,1,2,0
5,2535011.582,720257.8531,R5_F5_m5f5_P5_Y3_UO214,R5_F5_m-1f-1_P5_Y-1_U52,R5_F5_m5f5_P5_Y0_UO414,MXY,1,55.24743490975155,1,1,0.0,0,0,0,-9999.0,0.25,1,P4_CV0,3,1,1,1,1
5,2535011.582,720257.8531,R5_F5_m5f5_P5_Y3_UO371,R5_F5_m5f5_P5_Y1_UO47,R5_F5_m5f5_P5_Y1_UO481,FXX,1,55.24743490975155,1,1,1.0,0,0,0,-9999.0,0.5,1,P4_CV0,3,2,0,1,1
5,2535011.582,720257.8531,R5_F5_m5f5_P5_Y3_UO68,R5_F5_m-1f-1_P5_Y-1_U52,R5_F5_m5f5_P5_Y1_UO2,FXX,1,55.24743490975155,1,1,2.609,0,0,0,-9999.0,0.75,1,P4_CV0,3,1,1,1,1
5,2535011.582,720257.8531,R5_F5_m5f5_P5_Y3_UO206,R5_F5_m-1f-1_P5_Y-1_U88,R5_F5_m5f5_P5_Y0_UO402,MXY,1,55.24743490975155,1,1,0.0,0,0,0,-9999.0,0.625,1,P4_CV0,3,1,1,2,0
5,2535011.582,720257.8531,R5_F5_m5f5_P5_Y3_UO354,R5_F5_m5f5_P5_Y0_UO510,R5_F5_m5f5_P5_Y1_UO295,MXY,1,55.24743490975155,1,1,0.0,0,0,0,-9999.0,0.5,1,P4_CV0,3,1,1,1,1
5,2535011.582,720257.8531,R5_F5_m5f5_P5_Y3_UO382,R5_F5_m-1f-1_P5_Y-1_U88,R5_F5_m5f5_P5_Y0_UO402,FXX,1,55.24743490975155,1,1,1.01,0,0,0,-9999.0,0.625,1,P4_CV0,3,1,1,2,0
5,2535011.582,720257.8531,R5_F5_m5f5_P5_Y3_UO479,R5_F5_m5f5_P5_Y1_UO254,R5_F5_m-1f-1_P5_Y-1_U62,MXY,1,55.24743490975155,1,1,0.0,0,0,0,-9999.0,0.5,1,P4_CV0,3,0,2,2,0
5,2535011.582,720257.8531,R5_F5_m5f5_P5_Y3_UO412,R5_F5_m-1f-1_P5_Y-1_U48,R5_F5_m5f5_P5_Y0_UO407,MXY,1,55.24743490975155,1,1,0.0,0,0,0,-9999.0,0.25,1,P4_CV0,3,1,1,0,2
5,2535011.582,720257.8531,R5_F5_m5f5_P5_Y3_UO248,R5_F5_m5f5_P5_Y1_UO504,R5_F5_m5f5_P5_Y0_UO260,MXY,1,55.24743490975155,1,1,0.0,0,0,0,-9999.0,0.625,1,P4_CV0,3,2,0,1,1
5,2535011.582,720257.8531,R5_F5_m5f5_P5_Y3_UO384,R5_F5_m-1f-1_P5_Y-1_U88,R5_F5_m5f5_P5_Y0_UO402,MXY,1,55.24743490975155,1,1,0.0,0,0,0,-9999.0,0.625,1,P4_CV0,3,1,1,2,0
5,2535011.582,720257.8531,R5_F5_m5f5_P5_Y3_UO389,R5_F5_m5f5_P5_Y1_UO504,R5_F5_m5f5_P5_Y1_UO105,MXY,1,55.24743490975155,1,1,0.0,0,0,0,-9999.0,0.5,1,P4_CV0,3,1,1,2,0
5,2535011.582,720257.8531,R5_F5_m5f5_P5_Y3_UO558,R5_F5_m5f5_P5_Y1_UO504,R5_F5_m5f5_P5_Y1_UO206,FXX,1,55.24743490975155,1,1,2.001,0,0,0,-9999.0,0.5,1,P4_CV0,3,0,2,2,0
5,2535011.582,720257.8531,R5_F5_m5f5_P5_Y2_UO285,R5_F5_m-1f-1_P5_Y-1_U48,I5_F7_m-1f-1_P5_Y-1_U19,FXX,2,83.82710235720148,1,0,1.139,0,0,0,-9999.0,0.25,1,P4_CV0,3,0,2,2,0
5,2535011.582,720257.8531,R5_F5_m5f5_P5_Y2_UO413,R5_F5_m5f5_P5_Y0_UO513,R5_F5_m5f5_P5_Y0_UO634,FXX,2,83.82710235720148,1,0,1.805,0,0,0,-9999.0,0.375,1,P4_CV0,3,1,1,1,1
5,2535011.582,720257.8531,R5_F5_m5f5_P5_Y2_UO208,R5_F5_m-1f-1_P5_Y-1_U48,R5_F5_m5f5_P5_Y0_UO305,MXY,2,83.82710235720148,1,0,0.0,0,0,0,-9999.0,0.25,1,P4_CV0,3,0,2,0,2
5,2535011.582,720257.8531,R5_F5_m5f5_P5_Y2_UO228,R5_F5_m5f5_P5_Y0_UO272,R5_F5_m-1f-1_P5_Y-1_U118,FXX,2,83.82710235720148,1,0,0.0,0,0,0,-9999.0,0.5,1,P4_CV0,3,2,0,1,1
5,2535011.582,720257.8531,R5_F5_m5f5_P5_Y2_UO456,R5_F5_m-1f-1_P5_Y-1_U49,R5_F5_m-1f-1_P5_Y-1_U62,FXX,2,83.82710235720148,1,0,1.823,0,0,0,-9999.0,0.25,1,P4_CV0,3,1,1,1,1
5,2535011.582,720257.8531,R5_F5_m5f5_P5_Y2_UO466,R5_F5_m-1f-1_P5_Y-1_U49,R5_F5_m-1f-1_P5_Y-1_U22,MXY,2,83.84178835799308,1,0,0.0,0,0,0,-9999.0,0.75,1,P4_CV0,3,1,1,0,2
5,2535011.582,720257.8531,R5_F5_m5f5_P5_Y2_UO292,R5_F5_m-1f-1_P5_Y-1_U48,I5_F7_m-1f-1_P5_Y-1_U19,FXX,2,83.82710235720148,1,0,0.0,0,0,0,-9999.0,0.25,1,P4_CV0,3,1,1,2,0
5,2535011.582,720257.8531,R5_F5_m5f5_P5_Y2_UO445,R5_F5_m-1f-1_P5_Y-1_U49,R5_F5_m-1f-1_P5_Y-1_U62,MXY,2,83.82710235720148,1,0,0.0,0,0,0,-9999.0,0.25,1,P4_CV0,3,1,1,1,1
5,2535011.582,720257.8531,R5_F5_m5f5_P5_Y2_UO462,R5_F5_m-1f-1_P5_Y-1_U49,R5_F5_m-1f-1_P5_Y-1_U22,FXX,2,83.82710235720148,1,0,2.059,0,0,0,-9999.0,0.75,1,P4_CV0,3,2,0,1,1
5,2535011.582,720257.8531,R5_F5_m5f5_P5_Y2_UO359,R5_F5_m5f5_P5_Y0_UO728,R5_F5_m-1f-1_P5_Y-1_U44,MXY,2,83.82710235720148,1,0,0.0,0,0,0,-9999.0,0.5,1,P4_CV0,3,2,0,1,1
5,2535011.582,720257.8531,R5_F5_m5f5_P5_Y2_UO266,I5_F7_m-1f-1_P5_Y-1_U74,R5_F5_m5f5_P5_Y0_UO305,FXX,2,83.82710235720148,1,0,0.0,0,0,0,-9999.0,0.75,1,P4_CV0,3,1,1,1,1
5,2535011.582,720257.8531,R5_F5_m5f5_P5_Y2_UO467,R5_F5_m-1f-1_P5_Y-1_U49,R5_F5_m-1f-1_P5_Y-1_U22,MXY,2,83.82710235720148,1,0,0.0,0,0,0,-9999.0,0.75,1,P4_CV0,3,2,0,1,1
5,2535011.582,720257.8531,R5_F5_m5f5_P5_Y2_UO463,R5_F5_m-1f-1_P5_Y-1_U49,R5_F5_m-1f-1_P5_Y-1_U22,FXX,2,83.82710235720148,1,0,0.0,0,0,0,-9999.0,0.75,1,P4_CV0,3,1,1,1,1
5,2535011.582,720257.8531,R5_F5_m5f5_P5_Y2_UO230,R5_F5_m5f5_P5_Y0_UO272,R5_F5_m-1f-1_P5_Y-1_U118,MXY,2,83.82710235720148,1,0,0.0,0,0,0,-9999.0,0.5,1,P4_CV0,3,2,0,1,1
5,2535011.582,720257.8531,R5_F5_m5f5_P5_Y2_UO43,R5_F5_m-1f-1_P5_Y-1_U48,I5_F7_m5f5_P5_Y0_UO382,FXX,2,83.82710235720148,1,0,0.0,0,0,0,-9999.0,0.375,1,P4_CV0,3,1,1,1,1
5,2535011.582,720257.8531,R5_F5_m5f5_P5_Y2_UO453,R5_F5_m-1f-1_P5_Y-1_U49,R5_F5_m-1f-1_P5_Y-1_U62,MXY,2,83.82710235720148,1,0,0.0,0,0,0,-9999.0,0.25,1,P4_CV0,3,0,2,1,1
5,2535011.582,720257.8531,R5_F5_m5f5_P5_Y2_UO414,R5_F5_m5f5_P5_Y0_UO513,R5_F5_m5f5_P5_Y0_UO634,FXX,2,83.82710235720148,1,0,1.257,0,0,0,-9999.0,0.375,1,P4_CV0,3,2,0,1,1
5,2535011.582,720257.8531,R5_F5_m5f5_P5_Y2_UO286,R5_F5_m-1f-1_P5_Y-1_U48,I5_F7_m-1f-1_P5_Y-1_U19,FXX,2,83.82710235720148,1,0,2.218,0,0,0,-9999.0,0.25,1,P4_CV0,3,1,1,2,0
5,2535011.582,720257.8531,R5_F5_m5f5_P5_Y2_UO464,R5_F5_m-1f-1_P5_Y-1_U49,R5_F5_m-1f-1_P5_Y-1_U22,FXX,2,83.82710235720148,1,0,0.0,0,0,0,-9999.0,0.75,1,P4_CV0,3,2,0,0,2
5,2535011.582,720257.8531,R5_F5_m5f5_P5_Y2_UO652,R5_F5_m5f5_P5_Y0_UO513,R5_F5_m-1f-1_P5_Y-1_U127,MXY,2,83.82710235720148,1,0,0.0,0,0,0,-9999.0,0.5,1,P4_CV0,3,1,1,2,0
5,2535011.582,720257.8531,R5_F5_m5f5_P5_Y1_UO475,R5_F5_m-1f-1_P5_Y-1_U85,R5_F5_m-1f-1_P5_Y-1_U26,MXY,3,104.1572876304862,1,0,0.0,0,0,0,-9999.0,0.75,1,P4_CV0,3,2,0,2,0
5,2535011.582,720257.8531,R5_F5_m5f5_P5_Y1_UO383,R5_F5_m-1f-1_P5_Y-1_U54,R5_F5_m-1f-1_P5_Y-1_U8,FXX,3,104.1572876304862,1,0,2.387,0,0,0,-9999.0,0.75,1,P4_CV0,3,1,1,1,1
5,2535011.582,720257.8531,R5_F5_m5f5_P5_Y1_UO238,R5_F5_m-1f-1_P5_Y-1_U37,R5_F5_m-1f-1_P5_Y-1_U56,FXX,3,104.1572876304862,1,0,2.169,0,0,0,-9999.0,0.5,1,P4_CV0,3,2,0,1,1
5,2535011.582,720257.8531,R5_F5_m5f5_P5_Y1_UO295,R5_F5_m-1f-1_P5_Y-1_U106,R5_F5_m-1f-1_P5_Y-1_U59,MXY,3,104.1572876304862,1,0,0.0,0,0,0,-9999.0,0.5,1,P4_CV0,3,0,2,1,1
5,2535011.582,720257.8531,R5_F5_m5f5_P5_Y1_UO507,R5_F5_m-1f-1_P5_Y-1_U54,R5_F5_m-1f-1_P5_Y-1_U26,FXX,3,104.1572876304862,1,0,1.116,0,0,0,-9999.0,0.75,1,P4_CV0,3,1,1,0,2
5,2535011.582,720257.8531,R5_F5_m5f5_P5_Y1_UO460,R5_F5_m-1f-1_P5_Y-1_U49,R5_F5_m-1f-1_P5_Y-1_U10,FXX,3,104.1572876304862,1,0,2.297,0,0,0,-9999.0,0.25,1,P4_CV0,3,2,0,1,1
5,2535011.582,720257.8531,R5_F5_m5f5_P5_Y1_UO463,R5_F5_m-1f-1_P5_Y-1_U49,R5_F5_m-1f-1_P5_Y-1_U10,FXX,3,104.1572876304862,1,0,2.338,0,0,0,-9999.0,0.25,1,P4_CV0,3,0,2,1,1
5,2535011.582,720257.8531,R5_F5_m5f5_P5_Y1_UO105,R5_F5_m-1f-1_P5_Y-1_U78,R5_F5_m-1f-1_P5_Y-1_U10,MXY,3,104.1572876304862,1,0,0.0,0,0,0,-9999.0,0.25,1,P4_CV0,3,1,1,1,1
5,2535011.582,720257.8531,R5_F5_m5f5_P5_Y1_UO134,R5_F5_m-1f-1_P5_Y-1_U33,R5_F5_m-1f-1_P5_Y-1_U73,MXY,3,104.1572876304862,1,0,0.0,0,0,0,-9999.0,0.75,1,P4_CV0,3,2,0,0,2
5,2535011.582,720257.8531,R5_F5_m5f5_P5_Y1_UO59,R5_F5_m-1f-1_P5_Y-1_U6,R5_F5_m-1f-1_P5_Y-1_U86,MXY,3,104.1572876304862,1,0,0.0,0,0,0,-9999.0,0.75,1,P4_CV0,3,2,0,0,2
5,2535011.582,720257.8531,R5_F5_m5f5_P5_Y1_UO425,R5_F5_m-1f-1_P5_Y-1_U85,R5_F5_m-1f-1_P5_Y-1_U67,FXX,3,104.1572876304862,1,0,0.0,0,0,0,-9999.0,0.5,1,P4_CV0,3,1,1,0,2
5,2535011.582,720257.8531,R5_F5_m5f5_P5_Y1_UO384,R5_F5_m-1f-1_P5_Y-1_U54,R5_F5_m-1f-1_P5_Y-1_U8,MXY,3,104.1572876304862,1,0,0.0,0,0,0,-9999.0,0.75,1,P4_CV0,3,2,0,1,1
5,2535011.582,720257.8531,R5_F5_m5f5_P5_Y1_UO72,R5_F5_m-1f-1_P5_Y-1_U14,R5_F5_m-1f-1_P5_Y-1_U16,MXY,3,104.1572876304862,1,0,0.0,0,0,0,-9999.0,0.0,1,P4_CV0,3,1,1,1,1
5,2535011.582,720257.8531,R5_F5_m5f5_P5_Y1_UO3,R5_F5_m-1f-1_P5_Y-1_U108,R5_F5_m-1f-1_P5_Y-1_U63,FXX,3,104.1572876304862,1,0,1.332,0,0,0,-9999.0,1.0,1,P4_CV0,3,2,0,2,0
5,2535011.582,720257.8531,R5_F5_m5f5_P5_Y1_UO424,R5_F5_m-1f-1_P5_Y-1_U85,R5_F5_m-1f-1_P5_Y-1_U67,MXY,3,104.1572876304862,1,0,0.0,0,0,0,-9999.0,0.5,1,P4_CV0,3,0,2,0,2
5,2535011.582,720257.8531,R5_F5_m5f5_P5_Y0_UO402,R5_F5_m-1f-1_P5_Y-1_U58,R5_F5_m-1f-1_P5_Y-1_U42,MXY,4,123.55687972918209,1,0,0.0,0,0,0,-9999.0,0.75,1,P4_CV0,3,0,2,2,0
5,2535011.582,720257.8531,R5_F5_m5f5_P5_Y0_UO634,R5_F5_m-1f-1_P5_Y-1_U38,R5_F5_m-1f-1_P5_Y-1_U8,MXY,4,123.55687972918209,1,0,0.0,0,0,0,-9999.0,0.25,1,P4_CV0,3,1,1,0,2
5,2535011.582,720257.8531,R5_F5_m5f5_P5_Y0_UO276,R5_F5_m-1f-1_P5_Y-1_U123,R5_F5_m-1f-1_P5_Y-1_U63,FXX,4,123.55687972918209,1,0,1.0,0,0,0,-9999.0,0.5,1,P4_CV0,3,0,2,0,2
5,2535011.582,720257.8531,R5_F5_m5f5_P5_Y0_UO415,R5_F5_m-1f-1_P5_Y-1_U37,R5_F5_m-1f-1_P5_Y-1_U84,MXY,4,123.5679859365458,1,0,0.0,0,0,0,-9999.0,0.0,1,P4_CV0,3,0,2,1,1
5,2535011.582,720257.8531,R5_F5_m5f5_P5_Y0_UO305,R5_F5_m-1f-1_P5_Y-1_U94,R5_F5_m-1f-1_P5_Y-1_U11,MXY,4,123.55687972918209,1,0,0.0,0,0,0,-9999.0,0.5,1,P4_CV0,3,1,1,0,2
5,2535011.582,720257.8531,R5_F5_m5f5_P5_Y0_UO90,R5_F5_m-1f-1_P5_Y-1_U49,R5_F5_m-1f-1_P5_Y-1_U13,FXX,4,123.55687972918209,1,0,1.705,0,0,0,-9999.0,0.25,1,P4_CV0,3,1,1,2,0
5,2535011.582,720257.8531,R5_F5_m5f5_P5_Y0_UO272,R5_F5_m-1f-1_P5_Y-1_U123,R5_F5_m-1f-1_P5_Y-1_U63,FXX,4,123.55687972918209,1,0,0.0,0,0,0,-9999.0,0.5,1,P4_CV0,3,2,0,0,2
5,2535011.582,720257.8531,R5_F5_m-1f-1_P5_Y-1_U52,-9999,-9999,FXX,5,135.6920609375196,1,0,1.76,0,0,0,-9999.0,0.5,1,P4_CV0,3,1,1,1,1
5,2535011.582,720257.8531,R5_F5_m-1f-1_P5_Y-1_U70,-9999,-9999,MXY,5,135.70064429415746,1,0,0.0,0,0,0,-9999.0,0.5,1,P4_CV0,3,1,1,1,1
5,2535011.582,720257.8531,R5_F5_m-1f-1_P5_Y-1_U48,-9999,-9999,FXX,5,135.6920609375196,1,0,1.004,0,0,0,-9999.0,0.0,1,P4_CV0,3,0,2,1,1
5,2535011.582,720257.8531,R5_F5_m-1f-1_P5_Y-1_U56,-9999,-9999,MXY,5,135.6920609375196,1,0,0.0,0,0,0,-9999.0,1.0,1,P4_CV0,3,2,0,2,0
5,2535011.582,720257.8531,Age0_F5_m5f5_P5_Y4_UO101,R5_F5_m6f6_P6_Y1_UO190,R5_F5_m-1f-1_P5_Y-1_U109,FXX,0,31.05630696017959,0,0,0.0,0,0,0,0.0,0.625,1,P5_CV0,3,1,1,1,1
5,2535011.582,720257.8531,Age0_F5_m5f5_P5_Y4_UO246,R5_F5_m6f6_P6_Y1_UO190,R5_F5_m5f5_P5_Y2_UO289,MXY,0,31.05630696017959,0,0,0.0,0,0,0,0.0,0.25,1,P5_CV0,3,2,0,2,0
5,2535011.582,720257.8531,R5_F5_m6f6_P6_Y1_UO190,R6_F6_m-1f-1_P6_Y-1_U47,R6_F6_m-1f-1_P6_Y-1_U106,FXX,3,99.75763701578204,1,0,0.0,0,0,0,-9999.0,0.25,1,P5_CV0,3,1,1,2,0
6,2545325.475,726552.0418,R6_F6_m2f2_P2_Y2_UO375,R2_F2_m2f2_P2_Y0_UO347,R2_F2_m2f2_P2_Y0_UO674,FXX,2,60.06228033453888,1,0,0.0,0,0,0,-9999.0,0.375,1,P1_CV0,3,2,0,2,0
6,2545325.475,726552.0418,Age0_F6_m6f6_P6_Y4_UO103,RD6_F3_m3f3_P3_Y2_UO532,R6_F6_m6f6_P6_Y1_UO132,FXX,0,31.032977875251525,0,0,0.0,0,0,0,0.0,0.625,1,P2_CV0,3,1,1,1,1
6,2545325.475,726552.0418,Age0_F6_m6f6_P6_Y4_UO229,R6_F6_m3f3_P3_Y1_UO202,R6_F6_m6f6_P6_Y2_UO199,MXY,0,31.032977875251525,0,0,0.0,0,0,0,0.0,0.5,1,P2_CV0,3,1,1,1,1
6,2545325.475,726552.0418,Age0_F6_m6f6_P6_Y4_UO230,R6_F6_m3f3_P3_Y1_UO202,R6_F6_m6f6_P6_Y2_UO199,MXY,0,31.032977875251525,0,0,0.0,0,0,0,0.0,0.5,1,P2_CV0,3,0,2,1,1
6,2545325.475,726552.0418,Age0_F6_m6f6_P6_Y4_UO567,R6_F6_m3f3_P3_Y1_UO202,R6_F6_m6f6_P6_Y2_UO383,MXY,0,31.032977875251525,0,0,0.0,0,0,0,0.0,0.5,1,P2_CV0,3,1,1,1,1
6,2545325.475,726552.0418,Age0_F6_m6f6_P6_Y4_UO568,R6_F6_m3f3_P3_Y1_UO202,R6_F6_m6f6_P6_Y2_UO383,MXY,0,31.032977875251525,0,0,0.0,0,0,0,0.0,0.5,1,P2_CV0,3,1,1,1,1
6,2545325.475,726552.0418,Age0_F6_m6f6_P6_Y4_UO571,R6_F6_m3f3_P3_Y1_UO202,R6_F6_m6f6_P6_Y2_UO383,FXX,0,31.032977875251525,0,0,0.0,0,0,0,0.0,0.5,1,P2_CV0,3,0,2,1,1
6,2545325.475,726552.0418,R6_F6_m6f6_P6_Y3_UO179,R6_F6_m-1f-1_P3_Y-1_U10,R6_F6_m6f6_P6_Y0_UO554,MXY,1,58.89662532959964,1,1,0.0,0,0,0,-9999.0,0.375,1,P2_CV0,3,1,1,1,1
6,2545325.475,726552.0418,R6_F6_m6f6_P6_Y3_UO520,R6_F6_m3f3_P3_Y1_UO202,R6_F6_m-1f-1_P6_Y-1_U73,MXY,1,58.89662532959964,1,1,0.0,0,0,0,-9999.0,0.75,1,P2_CV0,3,1,1,0,2
6,2545325.475,726552.0418,R6_F6_m6f6_P6_Y3_UO519,R6_F6_m3f3_P3_Y1_UO202,R6_F6_m-1f-1_P6_Y-1_U73,MXY,1,58.89662532959964,1,1,0.0,0,0,0,-9999.0,0.75,1,P2_CV0,3,1,1,1,1
6,2545325.475,726552.0418,R6_F6_m6f6_P6_Y3_UO13,R6_F6_m-1f-1_P3_Y-1_U10,R6_F6_m6f6_P6_Y1_UO166,FXX,1,58.89662532959964,1,1,2.369,0,0,0,-9999.0,0.375,1,P2_CV0,3,1,1,1,1
6,2545325.475,726552.0418,R6_F6_m6f6_P6_Y3_UO12,R6_F6_m-1f-1_P3_Y-1_U10,R6_F6_m6f6_P6_Y1_UO166,MXY,1,58.89662532959964,1,1,0.0,0,0,0,-9999.0,0.375,1,P2_CV0,3,2,0,1,1
6,2545325.475,726552.0418,R6_F6_m6f6_P6_Y1_UO400,RD6_F3_m-1f-1_P3_Y-1_U10,R6_F6_m-1f-1_P6_Y-1_U121,MXY,3,97.98138152600299,1,0,0.0,0,0,0,-9999.0,0.5,1,P2_CV0,3,0,2,2,0
6,2545325.475,726552.0418,R6_F6_m3f3_P3_Y1_UO202,R3_F3_m-1f-1_P3_Y-1_U42,R3_F3_m-1f-1_P3_Y-1_U121,FXX,3,97.94286441192176,1,0,1.0,0,0,0,-9999.0,0.5,1,P2_CV0,3,0,2,0,2
6,2545325.475,726552.0418,R6_F6_m6f6_P6_Y3_UO171,R6_F6_m-1f-1_P6_Y-1_U100,R6_F6_m-1f-1_P5_Y-1_U91,MXY,1,58.89662532959964,1,1,0.0,0,0,0,-9999.0,0.75,1,P4_CV0,3,1,1,1,1
6,2545325.475,726552.0418,Age0_F6_m6f6_P6_Y4_UO62,R6_F6_m-1f-1_P6_Y-1_U58,R6_F6_m6f6_P6_Y2_UO504,MXY,0,31.032977875251525,0,0,0.0,0,0,0,0.0,0.0625,1,P5_CV0,3,0,2,0,2
6,2545325.475,726552.0418,Age0_F6_m6f6_P6_Y4_UO63,R6_F6_m-1f-1_P6_Y-1_U58,R6_F6_m6f6_P6_Y2_UO504,FXX,0,31.032977875251525,0,0,0.0,0,0,0,0.0,0.0625,1,P5_CV0,3,0,2,1,1
6,2545325.475,726552.0418,Age0_F6_m6f6_P6_Y4_UO64,R6_F6_m-1f-1_P6_Y-1_U58,R6_F6_m6f6_P6_Y2_UO504,FXX,0,31.032977875251525,0,0,0.0,0,0,0,0.0,0.0625,1,P5_CV0,3,0,2,1,1
6,2545325.475,726552.0418,Age0_F6_m6f6_P6_Y4_UO65,R6_F6_m-1f-1_P6_Y-1_U58,R6_F6_m6f6_P6_Y2_UO504,FXX,0,31.032977875251525,0,0,0.0,0,0,0,0.0,0.0625,1,P5_CV0,3,1,1,1,1
6,2545325.475,726552.0418,Age0_F6_m6f6_P6_Y4_UO66,R6_F6_m-1f-1_P6_Y-1_U58,R6_F6_m6f6_P6_Y2_UO504,MXY,0,31.032977875251525,0,0,0.0,0,0,0,0.0,0.0625,1,P5_CV0,3,1,1,1,1
6,2545325.475,726552.0418,Age0_F6_m6f6_P6_Y4_UO67,R6_F6_m-1f-1_P6_Y-1_U58,R6_F6_m6f6_P6_Y2_UO504,MXY,0,31.032977875251525,0,0,0.0,0,0,0,0.0,0.0625,1,P5_CV0,3,0,2,1,1
6,2545325.475,726552.0418,Age0_F6_m6f6_P6_Y4_UO68,R6_F6_m-1f-1_P6_Y-1_U58,R6_F6_m6f6_P6_Y2_UO504,MXY,0,31.032977875251525,0,0,0.0,0,0,0,0.0,0.0625,1,P5_CV0,3,0,2,0,2
6,2545325.475,726552.0418,Age0_F6_m6f6_P6_Y4_UO69,R6_F6_m-1f-1_P6_Y-1_U58,R6_F6_m6f6_P6_Y2_UO504,MXY,0,31.032977875251525,0,0,0.0,0,0,0,0.0,0.0625,1,P5_CV0,3,0,2,1,1
6,2545325.475,726552.0418,Age0_F6_m6f6_P6_Y4_UO70,R6_F6_m-1f-1_P6_Y-1_U58,R6_F6_m6f6_P6_Y2_UO504,MXY,0,31.032977875251525,0,0,0.0,0,0,0,0.0,0.0625,1,P5_CV0,3,1,1,1,1
6,2545325.475,726552.0418,Age0_F6_m6f6_P6_Y4_UO71,R6_F6_m-1f-1_P6_Y-1_U58,R6_F6_m6f6_P6_Y2_UO504,MXY,0,31.032977875251525,0,0,0.0,0,0,0,0.0,0.0625,1,P5_CV0,3,0,2,0,2
6,2545325.475,726552.0418,Age0_F6_m6f6_P6_Y4_UO72,R6_F6_m-1f-1_P6_Y-1_U58,R6_F6_m6f6_P6_Y2_UO504,FXX,0,31.032977875251525,0,0,0.0,0,0,0,0.0,0.0625,1,P5_CV0,3,1,1,1,1
6,2545325.475,726552.0418,Age0_F6_m6f6_P6_Y4_UO73,R6_F6_m-1f-1_P6_Y-1_U58,R6_F6_m6f6_P6_Y2_UO504,MXY,0,31.032977875251525,0,0,0.0,0,0,0,0.0,0.0625,1,P5_CV0,3,1,1,1,1
6,2545325.475,726552.0418,Age0_F6_m6f6_P6_Y4_UO74,R6_F6_m-1f-1_P6_Y-1_U58,R6_F6_m6f6_P6_Y2_UO504,FXX,0,31.032977875251525,0,0,0.0,0,0,0,0.0,0.0625,1,P5_CV0,3,0,2,0,2
6,2545325.475,726552.0418,Age0_F6_m6f6_P6_Y4_UO75,R6_F6_m-1f-1_P6_Y-1_U58,R6_F6_m6f6_P6_Y2_UO504,FXX,0,31.032977875251525,0,0,0.0,0,0,0,0.0,0.0625,1,P5_CV0,3,0,2,0,2
6,2545325.475,726552.0418,Age0_F6_m6f6_P6_Y4_UO76,R6_F6_m-1f-1_P6_Y-1_U58,R6_F6_m6f6_P6_Y2_UO504,MXY,0,31.032977875251525,0,0,0.0,0,0,0,0.0,0.0625,1,P5_CV0,3,1,1,0,2
6,2545325.475,726552.0418,Age0_F6_m6f6_P6_Y4_UO77,R6_F6_m-1f-1_P6_Y-1_U58,R6_F6_m6f6_P6_Y2_UO504,MXY,0,31.032977875251525,0,0,0.0,0,0,0,0.0,0.0625,1,P5_CV0,3,1,1,0,2
6,2545325.475,726552.0418,Age0_F6_m6f6_P6_Y4_UO104,RD6_F3_m3f3_P3_Y2_UO532,R6_F6_m6f6_P6_Y1_UO132,MXY,0,31.032977875251525,0,0,0.0,0,0,0,0.0,0.625,1,P5_CV0,3,1,1,0,2
6,2545325.475,726552.0418,Age0_F6_m6f6_P6_Y4_UO105,RD6_F3_m3f3_P3_Y2_UO532,R6_F6_m6f6_P6_Y1_UO132,FXX,0,31.032977875251525,0,0,0.0,0,0,0,0.0,0.625,1,P5_CV0,3,1,1,1,1
6,2545325.475,726552.0418,Age0_F6_m6f6_P6_Y4_UO106,RD6_F3_m3f3_P3_Y2_UO532,R6_F6_m6f6_P6_Y1_UO132,FXX,0,31.032977875251525,0,0,0.0,0,0,0,0.0,0.625,1,P5_CV0,3,1,1,0,2
6,2545325.475,726552.0418,Age0_F6_m6f6_P6_Y4_UO150,R6_F6_m6f6_P6_Y2_UO216,R6_F6_m6f6_P6_Y2_UO328,FXX,0,31.032977875251525,0,0,0.0,0,0,0,0.0,0.5625,1,P5_CV0,3,1,1,2,0
6,2545325.475,726552.0418,Age0_F6_m6f6_P6_Y4_UO151,R6_F6_m6f6_P6_Y2_UO216,R6_F6_m6f6_P6_Y2_UO328,MXY,0,31.032977875251525,0,0,0.0,0,0,0,0.0,0.5625,1,P5_CV0,3,0,2,2,0
6,2545325.475,726552.0418,Age0_F6_m6f6_P6_Y4_UO152,R6_F6_m6f6_P6_Y2_UO216,R6_F6_m6f6_P6_Y2_UO328,FXX,0,31.032977875251525,0,0,0.0,0,0,0,0.0,0.5625,1,P5_CV0,3,0,2,1,1
6,2545325.475,726552.0418,Age0_F6_m6f6_P6_Y4_UO153,R6_F6_m6f6_P6_Y2_UO216,R6_F6_m6f6_P6_Y2_UO328,MXY,0,31.032977875251525,0,0,0.0,0,0,0,0.0,0.5625,1,P5_CV0,3,1,1,1,1
6,2545325.475,726552.0418,Age0_F6_m6f6_P6_Y4_UO154,R6_F6_m6f6_P6_Y2_UO216,R6_F6_m6f6_P6_Y2_UO328,MXY,0,31.032977875251525,0,0,0.0,0,0,0,0.0,0.5625,1,P5_CV0,3,0,2,2,0
6,2545325.475,726552.0418,Age0_F6_m6f6_P6_Y4_UO155,R6_F6_m6f6_P6_Y2_UO580,R6_F6_m6f6_P6_Y2_UO342,MXY,0,31.032977875251525,0,0,0.0,0,0,0,0.0,0.25,1,P5_CV0,3,2,0,1,1
6,2545325.475,726552.0418,Age0_F6_m6f6_P6_Y4_UO156,R6_F6_m6f6_P6_Y2_UO580,R6_F6_m6f6_P6_Y2_UO342,MXY,0,31.032977875251525,0,0,0.0,0,0,0,0.0,0.25,1,P5_CV0,3,1,1,1,1
6,2545325.475,726552.0418,Age0_F6_m6f6_P6_Y4_UO157,R6_F6_m6f6_P6_Y2_UO580,R6_F6_m6f6_P6_Y2_UO342,FXX,0,31.032977875251525,0,0,0.0,0,0,0,0.0,0.25,1,P5_CV0,3,1,1,1,1
6,2545325.475,726552.0418,Age0_F6_m6f6_P6_Y4_UO158,R6_F6_m6f6_P6_Y2_UO580,R6_F6_m6f6_P6_Y2_UO342,MXY,0,31.032977875251525,0,0,0.0,0,0,0,0.0,0.25,1,P5_CV0,3,1,1,1,1
6,2545325.475,726552.0418,Age0_F6_m6f6_P6_Y4_UO159,R6_F6_m6f6_P6_Y2_UO580,R6_F6_m6f6_P6_Y2_UO342,MXY,0,31.032977875251525,0,0,0.0,0,0,0,0.0,0.25,1,P5_CV0,3,2,0,1,1
6,2545325.475,726552.0418,Age0_F6_m6f6_P6_Y4_UO189,R6_F6_m6f6_P6_Y2_UO216,R6_F6_m6f6_P6_Y1_UO27,MXY,0,31.032977875251525,0,0,0.0,0,0,0,0.0,0.6875,1,P5_CV0,3,1,1,1,1
6,2545325.475,726552.0418,Age0_F6_m6f6_P6_Y4_UO190,R6_F6_m6f6_P6_Y2_UO216,R6_F6_m6f6_P6_Y1_UO27,FXX,0,31.032977875251525,0,0,0.0,0,0,0,0.0,0.6875,1,P5_CV0,3,1,1,1,1
6,2545325.475,726552.0418,Age0_F6_m6f6_P6_Y4_UO191,R6_F6_m6f6_P6_Y2_UO216,R6_F6_m6f6_P6_Y1_UO27,FXX,0,31.032977875251525,0,0,0.0,0,0,0,0.0,0.6875,1,P5_CV0,3,0,2,2,0
6,2545325.475,726552.0418,Age0_F6_m6f6_P6_Y4_UO192,R6_F6_m6f6_P6_Y2_UO216,R6_F6_m6f6_P6_Y1_UO27,MXY,0,31.032977875251525,0,0,0.0,0,0,0,0.0,0.6875,1,P5_CV0,3,0,2,2,0
6,2545325.475,726552.0418,Age0_F6_m6f6_P6_Y4_UO200,R6_F6_m6f6_P6_Y2_UO329,R6_F6_m6f6_P6_Y2_UO199,MXY,0,31.032977875251525,0,0,0.0,0,0,0,0.0,0.5,1,P5_CV0,3,2,0,1,1
6,2545325.475,726552.0418,Age0_F6_m6f6_P6_Y4_UO201,R6_F6_m6f6_P6_Y2_UO329,R6_F6_m6f6_P6_Y2_UO199,MXY,0,31.032977875251525,0,0,0.0,0,0,0,0.0,0.5,1,P5_CV0,3,2,0,1,1
6,2545325.475,726552.0418,Age0_F6_m6f6_P6_Y4_UO202,R6_F6_m6f6_P6_Y2_UO329,R6_F6_m6f6_P6_Y2_UO199,MXY,0,31.032977875251525,0,0,0.0,0,0,0,0.0,0.5,1,P5_CV0,3,1,1,1,1
6,2545325.475,726552.0418,Age0_F6_m6f6_P6_Y4_UO221,R6_F6_m-1f-1_P6_Y-1_U57,R6_F6_m6f6_P6_Y2_UO573,MXY,0,31.032977875251525,0,0,0.0,0,0,0,0.0,0.125,1,P5_CV0,3,0,2,0,2
6,2545325.475,726552.0418,Age0_F6_m6f6_P6_Y4_UO222,R6_F6_m-1f-1_P6_Y-1_U57,R6_F6_m6f6_P6_Y2_UO573,FXX,0,31.032977875251525,0,0,0.0,0,0,0,0.0,0.125,1,P5_CV0,3,0,2,0,2
6,2545325.475,726552.0418,Age0_F6_m6f6_P6_Y4_UO223,R6_F6_m-1f-1_P6_Y-1_U57,R6_F6_m6f6_P6_Y2_UO573,MXY,0,31.032977875251525,0,0,0.0,0,0,0,0.0,0.125,1,P5_CV0,3,1,1,0,2
6,2545325.475,726552.0418,Age0_F6_m6f6_P6_Y4_UO224,R6_F6_m-1f-1_P6_Y-1_U57,R6_F6_m6f6_P6_Y2_UO573,FXX,0,31.032977875251525,0,0,0.0,0,0,0,0.0,0.125,1,P5_CV0,3,0,2,0,2
6,2545325.475,726552.0418,Age0_F6_m6f6_P6_Y4_UO225,R6_F6_m-1f-1_P6_Y-1_U57,R6_F6_m6f6_P6_Y2_UO573,FXX,0,31.032977875251525,0,0,0.0,0,0,0,0.0,0.125,1,P5_CV0,3,1,1,0,2
6,2545325.475,726552.0418,Age0_F6_m6f6_P6_Y4_UO226,R6_F6_m-1f-1_P6_Y-1_U57,R6_F6_m6f6_P6_Y2_UO573,MXY,0,31.032977875251525,0,0,0.0,0,0,0,0.0,0.125,1,P5_CV0,3,0,2,0,2
6,2545325.475,726552.0418,Age0_F6_m6f6_P6_Y4_UO227,R6_F6_m-1f-1_P6_Y-1_U57,R6_F6_m6f6_P6_Y2_UO573,MXY,0,31.032977875251525,0,0,0.0,0,0,0,0.0,0.125,1,P5_CV0,3,1,1,0,2
6,2545325.475,726552.0418,Age0_F6_m6f6_P6_Y4_UO231,R6_F6_m3f3_P3_Y1_UO202,R6_F6_m6f6_P6_Y2_UO199,FXX,0,31.032977875251525,0,0,0.0,0,0,0,0.0,0.5,1,P5_CV0,3,0,2,1,1
6,2545325.475,726552.0418,Age0_F6_m6f6_P6_Y4_UO248,R6_F6_m6f6_P6_Y2_UO639,R6_F6_m6f6_P6_Y0_UO334,FXX,0,31.032977875251525,0,0,0.0,0,0,0,0.0,0.3125,1,P5_CV0,3,1,1,2,0
6,2545325.475,726552.0418,Age0_F6_m6f6_P6_Y4_UO249,R6_F6_m6f6_P6_Y2_UO639,R6_F6_m6f6_P6_Y0_UO334,FXX,0,31.032977875251525,0,0,0.0,0,0,0,0.0,0.3125,1,P5_CV0,3,2,0,1,1
6,2545325.475,726552.0418,Age0_F6_m6f6_P6_Y4_UO250,R6_F6_m6f6_P6_Y2_UO639,R6_F6_m6f6_P6_Y0_UO334,FXX,0,31.032977875251525,0,0,0.0,0,0,0,0.0,0.3125,1,P5_CV0,3,1,1,1,1
6,2545325.475,726552.0418,Age0_F6_m6f6_P6_Y4_UO251,R6_F6_m6f6_P6_Y2_UO639,R6_F6_m6f6_P6_Y0_UO334,FXX,0,31.032977875251525,0,0,0.0,0,0,0,0.0,0.3125,1,P5_CV0,3,2,0,1,1
6,2545325.475,726552.0418,Age0_F6_m6f6_P6_Y4_UO252,R6_F6_m6f6_P6_Y2_UO639,R6_F6_m6f6_P6_Y0_UO334,MXY,0,31.032977875251525,0,0,0.0,0,0,0,0.0,0.3125,1,P5_CV0,3,2,0,0,2
6,2545325.475,726552.0418,Age0_F6_m6f6_P6_Y4_UO253,R6_F6_m6f6_P6_Y2_UO639,R6_F6_m6f6_P6_Y0_UO334,FXX,0,31.032977875251525,0,0,0.0,0,0,0,0.0,0.3125,1,P5_CV0,3,2,0,1,1
6,2545325.475,726552.0418,Age0_F6_m6f6_P6_Y4_UO270,R6_F6_m6f6_P6_Y1_UO401,R6_F6_m6f6_P6_Y2_UO576,FXX,0,31.032977875251525,0,0,0.0,0,0,0,0.0,0.125,1,P5_CV0,3,1,1,1,1
6,2545325.475,726552.0418,Age0_F6_m6f6_P6_Y4_UO271,R6_F6_m6f6_P6_Y1_UO401,R6_F6_m6f6_P6_Y2_UO576,MXY,0,31.032977875251525,0,0,0.0,0,0,0,0.0,0.125,1,P5_CV0,3,1,1,1,1
6,2545325.475,726552.0418,Age0_F6_m6f6_P6_Y4_UO272,R6_F6_m6f6_P6_Y1_UO401,R6_F6_m6f6_P6_Y2_UO576,MXY,0,31.032977875251525,0,0,0.0,0,0,0,0.0,0.125,1,P5_CV0,3,1,1,1,1
6,2545325.475,726552.0418,Age0_F6_m6f6_P6_Y4_UO273,R6_F6_m6f6_P6_Y1_UO401,R6_F6_m6f6_P6_Y2_UO576,MXY,0,31.032977875251525,0,0,0.0,0,0,0,0.0,0.125,1,P5_CV0,3,0,2,1,1
6,2545325.475,726552.0418,Age0_F6_m6f6_P6_Y4_UO274,R6_F6_m6f6_P6_Y1_UO401,R6_F6_m6f6_P6_Y2_UO576,FXX,0,31.032977875251525,0,0,0.0,0,0,0,0.0,0.125,1,P5_CV0,3,1,1,1,1
6,2545325.475,726552.0418,Age0_F6_m6f6_P6_Y4_UO275,R6_F6_m6f6_P6_Y1_UO401,R6_F6_m6f6_P6_Y2_UO576,FXX,0,31.032977875251525,0,0,0.0,0,0,0,0.0,0.125,1,P5_CV0,3,1,1,1,1
6,2545325.475,726552.0418,Age0_F6_m6f6_P6_Y4_UO276,R6_F6_m6f6_P6_Y1_UO401,R6_F6_m6f6_P6_Y2_UO576,FXX,0,31.032977875251525,0,0,0.0,0,0,0,0.0,0.125,1,P5_CV0,3,0,2,1,1
6,2545325.475,726552.0418,Age0_F6_m6f6_P6_Y4_UO277,R6_F6_m6f6_P6_Y1_UO401,R6_F6_m6f6_P6_Y2_UO576,FXX,0,31.032977875251525,0,0,0.0,0,0,0,0.0,0.125,1,P5_CV0,3,1,1,1,1
6,2545325.475,726552.0418,Age0_F6_m6f6_P6_Y4_UO278,R6_F6_m6f6_P6_Y1_UO401,R6_F6_m6f6_P6_Y2_UO576,FXX,0,31.032977875251525,0,0,0.0,0,0,0,0.0,0.125,1,P5_CV0,3,2,0,1,1
6,2545325.475,726552.0418,Age0_F6_m6f6_P6_Y4_UO290,R6_F6_m6f6_P6_Y0_UO369,R6_F6_m6f6_P6_Y2_UO215,MXY,0,31.032977875251525,0,0,0.0,0,0,0,0.0,0.5625,1,P5_CV0,3,2,0,2,0
6,2545325.475,726552.0418,Age0_F6_m6f6_P6_Y4_UO291,R6_F6_m6f6_P6_Y0_UO369,R6_F6_m6f6_P6_Y2_UO215,FXX,0,31.032977875251525,0,0,0.0,0,0,0,0.0,0.5625,1,P5_CV0,3,2,0,1,1
6,2545325.475,726552.0418,Age0_F6_m6f6_P6_Y4_UO292,R6_F6_m6f6_P6_Y0_UO369,R6_F6_m6f6_P6_Y2_UO215,FXX,0,31.032977875251525,0,0,0.0,0,0,0,0.0,0.5625,1,P5_CV0,3,2,0,2,0
6,2545325.475,726552.0418,Age0_F6_m6f6_P6_Y4_UO293,R6_F6_m6f6_P6_Y0_UO369,R6_F6_m6f6_P6_Y2_UO215,FXX,0,31.032977875251525,0,0,0.0,0,0,0,0.0,0.5625,1,P5_CV0,3,1,1,1,1
6,2545325.475,726552.0418,Age0_F6_m6f6_P6_Y4_UO294,R6_F6_m6f6_P6_Y0_UO369,R6_F6_m6f6_P6_Y2_UO215,FXX,0,31.032977875251525,0,0,0.0,0,0,0,0.0,0.5625,1,P5_CV0,3,2,0,2,0
6,2545325.475,726552.0418,Age0_F6_m6f6_P6_Y4_UO295,R6_F6_m6f6_P6_Y0_UO369,R6_F6_m6f6_P6_Y2_UO215,FXX,0,31.032977875251525,0,0,0.0,0,0,0,0.0,0.5625,1,P5_CV0,3,1,1,1,1
6,2545325.475,726552.0418,Age0_F6_m6f6_P6_Y4_UO296,R6_F6_m6f6_P6_Y0_UO369,R6_F6_m6f6_P6_Y2_UO215,FXX,0,31.032977875251525,0,0,0.0,0,0,0,0.0,0.5625,1,P5_CV0,3,1,1,2,0
6,2545325.475,726552.0418,Age0_F6_m6f6_P6_Y4_UO297,R6_F6_m6f6_P6_Y0_UO369,R6_F6_m6f6_P6_Y2_UO215,FXX,0,31.032977875251525,0,0,0.0,0,0,0,0.0,0.5625,1,P5_CV0,3,2,0,2,0
6,2545325.475,726552.0418,Age0_F6_m6f6_P6_Y4_UO298,R6_F6_m6f6_P6_Y0_UO369,R6_F6_m6f6_P6_Y2_UO215,MXY,0,31.032977875251525,0,0,0.0,0,0,0,0.0,0.5625,1,P5_CV0,3,2,0,2,0
6,2545325.475,726552.0418,Age0_F6_m6f6_P6_Y4_UO299,R6_F6_m6f6_P6_Y0_UO369,R6_F6_m6f6_P6_Y2_UO215,FXX,0,31.032977875251525,0,0,0.0,0,0,0,0.0,0.5625,1,P5_CV0,3,1,1,1,1
6,2545325.475,726552.0418,Age0_F6_m6f6_P6_Y4_UO300,R6_F6_m6f6_P6_Y0_UO369,R6_F6_m6f6_P6_Y2_UO215,MXY,0,31.032977875251525,0,0,0.0,0,0,0,0.0,0.5625,1,P5_CV0,3,2,0,1,1
6,2545325.475,726552.0418,Age0_F6_m6f6_P6_Y4_UO301,R6_F6_m6f6_P6_Y0_UO369,R6_F6_m6f6_P6_Y2_UO215,FXX,0,31.032977875251525,0,0,0.0,0,0,0,0.0,0.5625,1,P5_CV0,3,2,0,1,1
6,2545325.475,726552.0418,Age0_F6_m6f6_P6_Y4_UO302,R6_F6_m6f6_P6_Y0_UO369,R6_F6_m6f6_P6_Y2_UO215,MXY,0,31.032977875251525,0,0,0.0,0,0,0,0.0,0.5625,1,P5_CV0,3,2,0,1,1
6,2545325.475,726552.0418,Age0_F6_m6f6_P6_Y4_UO361,R6_F6_m-1f-1_P6_Y-1_U57,R6_F6_m6f6_P6_Y1_UO448,MXY,0,31.032977875251525,0,0,0.0,0,0,0,0.0,0.25,1,P5_CV0,3,0,2,1,1
6,2545325.475,726552.0418,Age0_F6_m6f6_P6_Y4_UO362,R6_F6_m-1f-1_P6_Y-1_U57,R6_F6_m6f6_P6_Y1_UO448,MXY,0,31.032977875251525,0,0,0.0,0,0,0,0.0,0.25,1,P5_CV0,3,0,2,1,1
6,2545325.475,726552.0418,Age0_F6_m6f6_P6_Y4_UO363,R6_F6_m-1f-1_P6_Y-1_U57,R6_F6_m6f6_P6_Y1_UO448,FXX,0,31.032977875251525,0,0,0.0,0,0,0,0.0,0.25,1,P5_CV0,3,0,2,1,1
6,2545325.475,726552.0418,Age0_F6_m6f6_P6_Y4_UO364,R6_F6_m-1f-1_P6_Y-1_U57,R6_F6_m6f6_P6_Y1_UO448,MXY,0,31.032977875251525,0,0,0.0,0,0,0,0.0,0.25,1,P5_CV0,3,0,2,1,1
6,2545325.475,726552.0418,Age0_F6_m6f6_P6_Y4_UO365,R6_F6_m-1f-1_P6_Y-1_U57,R6_F6_m6f6_P6_Y1_UO448,FXX,0,31.032977875251525,0,0,0.0,0,0,0,0.0,0.25,1,P5_CV0,3,0,2,1,1
6,2545325.475,726552.0418,Age0_F6_m6f6_P6_Y4_UO366,R6_F6_m-1f-1_P6_Y-1_U57,R6_F6_m6f6_P6_Y1_UO448,FXX,0,31.032977875251525,0,0,0.0,0,0,0,0.0,0.25,1,P5_CV0,3,0,2,1,1
6,2545325.475,726552.0418,Age0_F6_m6f6_P6_Y4_UO367,R6_F6_m-1f-1_P6_Y-1_U57,R6_F6_m6f6_P6_Y1_UO448,FXX,0,31.032977875251525,0,0,0.0,0,0,0,0.0,0.25,1,P5_CV0,3,0,2,1,1
6,2545325.475,726552.0418,Age0_F6_m6f6_P6_Y4_UO368,R6_F6_m-1f-1_P6_Y-1_U57,R6_F6_m6f6_P6_Y1_UO448,MXY,0,31.032977875251525,0,0,0.0,0,0,0,0.0,0.25,1,P5_CV0,3,0,2,1,1
6,2545325.475,726552.0418,Age0_F6_m6f6_P6_Y4_UO386,R6_F6_m6f6_P6_Y2_UO207,R6_F6_m6f6_P6_Y2_UO355,MXY,0,31.032977875251525,0,0,0.0,0,0,0,0.0,0.125,1,P5_CV0,3,1,1,2,0
6,2545325.475,726552.0418,Age0_F6_m6f6_P6_Y4_UO387,R6_F6_m6f6_P6_Y2_UO207,R6_F6_m6f6_P6_Y2_UO355,MXY,0,31.032977875251525,0,0,0.0,0,0,0,0.0,0.125,1,P5_CV0,3,0,2,1,1
6,2545325.475,726552.0418,Age0_F6_m6f6_P6_Y4_UO388,R6_F6_m6f6_P6_Y2_UO207,R6_F6_m6f6_P6_Y2_UO355,FXX,0,31.032977875251525,0,0,0.0,0,0,0,0.0,0.125,1,P5_CV0,3,1,1,2,0
6,2545325.475,726552.0418,Age0_F6_m6f6_P6_Y4_UO389,R6_F6_m6f6_P6_Y2_UO207,R6_F6_m6f6_P6_Y2_UO355,MXY,0,31.032977875251525,0,0,0.0,0,0,0,0.0,0.125,1,P5_CV0,3,0,2,2,0
6,2545325.475,726552.0418,Age0_F6_m6f6_P6_Y4_UO390,R6_F6_m6f6_P6_Y2_UO207,R6_F6_m6f6_P6_Y2_UO355,MXY,0,31.032977875251525,0,0,0.0,0,0,0,0.0,0.125,1,P5_CV0,3,1,1,2,0
6,2545325.475,726552.0418,Age0_F6_m6f6_P6_Y4_UO422,R6_F6_m6f6_P6_Y1_UO122,R6_F6_m6f6_P6_Y1_UO154,MXY,0,31.032977875251525,0,0,0.0,0,0,0,0.0,0.5,1,P5_CV0,3,2,0,2,0
6,2545325.475,726552.0418,Age0_F6_m6f6_P6_Y4_UO423,R6_F6_m6f6_P6_Y1_UO122,R6_F6_m6f6_P6_Y1_UO154,MXY,0,31.032977875251525,0,0,0.0,0,0,0,0.0,0.5,1,P5_CV0,3,1,1,2,0
6,2545325.475,726552.0418,Age0_F6_m6f6_P6_Y4_UO437,R6_F6_m-1f-1_P6_Y-1_U57,R6_F6_m6f6_P6_Y2_UO305,FXX,0,31.032977875251525,0,0,0.0,0,0,0,0.0,0.125,1,P5_CV0,3,0,2,1,1
6,2545325.475,726552.0418,Age0_F6_m6f6_P6_Y4_UO438,R6_F6_m-1f-1_P6_Y-1_U57,R6_F6_m6f6_P6_Y2_UO305,FXX,0,31.032977875251525,0,0,0.0,0,0,0,0.0,0.125,1,P5_CV0,3,1,1,1,1
6,2545325.475,726552.0418,Age0_F6_m6f6_P6_Y4_UO439,R6_F6_m-1f-1_P6_Y-1_U57,R6_F6_m6f6_P6_Y2_UO305,FXX,0,31.032977875251525,0,0,0.0,0,0,0,0.0,0.125,1,P5_CV0,3,1,1,1,1
6,2545325.475,726552.0418,Age0_F6_m6f6_P6_Y4_UO440,R6_F6_m-1f-1_P6_Y-1_U57,R6_F6_m6f6_P6_Y2_UO305,FXX,0,31.032977875251525,0,0,0.0,0,0,0,0.0,0.125,1,P5_CV0,3,1,1,1,1
6,2545325.475,726552.0418,Age0_F6_m6f6_P6_Y4_UO441,R6_F6_m-1f-1_P6_Y-1_U57,R6_F6_m6f6_P6_Y2_UO305,FXX,0,31.032977875251525,0,0,0.0,0,0,0,0.0,0.125,1,P5_CV0,3,1,1,1,1
6,2545325.475,726552.0418,Age0_F6_m6f6_P6_Y4_UO442,R6_F6_m-1f-1_P6_Y-1_U57,R6_F6_m6f6_P6_Y2_UO305,FXX,0,31.032977875251525,0,0,0.0,0,0,0,0.0,0.125,1,P5_CV0,3,0,2,1,1
6,2545325.475,726552.0418,Age0_F6_m6f6_P6_Y4_UO443,R6_F6_m-1f-1_P6_Y-1_U57,R6_F6_m6f6_P6_Y2_UO305,FXX,0,31.032977875251525,0,0,0.0,0,0,0,0.0,0.125,1,P5_CV0,3,1,1,1,1
6,2545325.475,726552.0418,Age0_F6_m6f6_P6_Y4_UO444,R6_F6_m-1f-1_P6_Y-1_U57,R6_F6_m6f6_P6_Y2_UO305,FXX,0,31.032977875251525,0,0,0.0,0,0,0,0.0,0.125,1,P5_CV0,3,1,1,1,1
6,2545325.475,726552.0418,Age0_F6_m6f6_P6_Y4_UO449,R6_F6_m6f6_P6_Y2_UO207,R6_F6_m6f6_P6_Y2_UO342,MXY,0,31.032977875251525,0,0,0.0,0,0,0,0.0,0.25,1,P5_CV0,3,1,1,2,0
6,2545325.475,726552.0418,Age0_F6_m6f6_P6_Y4_UO450,R6_F6_m6f6_P6_Y2_UO207,R6_F6_m6f6_P6_Y2_UO342,MXY,0,31.032977875251525,0,0,0.0,0,0,0,0.0,0.25,1,P5_CV0,3,2,0,2,0
6,2545325.475,726552.0418,Age0_F6_m6f6_P6_Y4_UO451,R6_F6_m6f6_P6_Y2_UO207,R6_F6_m6f6_P6_Y2_UO342,FXX,0,31.032977875251525,0,0,0.0,0,0,0,0.0,0.25,1,P5_CV0,3,1,1,2,0
6,2545325.475,726552.0418,Age0_F6_m6f6_P6_Y4_UO452,R6_F6_m6f6_P6_Y2_UO207,R6_F6_m6f6_P6_Y2_UO342,MXY,0,31.032977875251525,0,0,0.0,0,0,0,0.0,0.25,1,P5_CV0,3,1,1,2,0
6,2545325.475,726552.0418,Age0_F6_m6f6_P6_Y4_UO453,R6_F6_m6f6_P6_Y2_UO207,R6_F6_m6f6_P6_Y2_UO342,MXY,0,31.032977875251525,0,0,0.0,0,0,0,0.0,0.25,1,P5_CV0,3,2,0,2,0
6,2545325.475,726552.0418,Age0_F6_m6f6_P6_Y4_UO454,R6_F6_m6f6_P6_Y2_UO207,R6_F6_m6f6_P6_Y2_UO342,FXX,0,31.032977875251525,0,0,0.0,0,0,0,0.0,0.25,1,P5_CV0,3,1,1,2,0
6,2545325.475,726552.0418,Age0_F6_m6f6_P6_Y4_UO455,R6_F6_m6f6_P6_Y2_UO207,R6_F6_m6f6_P6_Y2_UO342,FXX,0,31.032977875251525,0,0,0.0,0,0,0,0.0,0.25,1,P5_CV0,3,2,0,2,0
6,2545325.475,726552.0418,Age0_F6_m6f6_P6_Y4_UO456,R6_F6_m6f6_P6_Y2_UO207,R6_F6_m6f6_P6_Y2_UO342,MXY,0,31.032977875251525,0,0,0.0,0,0,0,0.0,0.25,1,P5_CV0,3,2,0,2,0
6,2545325.475,726552.0418,Age0_F6_m6f6_P6_Y4_UO457,R6_F6_m6f6_P6_Y2_UO207,R6_F6_m6f6_P6_Y2_UO342,MXY,0,31.032977875251525,0,0,0.0,0,0,0,0.0,0.25,1,P5_CV0,3,2,0,2,0
6,2545325.475,726552.0418,Age0_F6_m6f6_P6_Y4_UO458,R6_F6_m6f6_P6_Y2_UO207,R6_F6_m6f6_P6_Y2_UO342,FXX,0,31.032977875251525,0,0,0.0,0,0,0,0.0,0.25,1,P5_CV0,3,2,0,2,0
6,2545325.475,726552.0418,Age0_F6_m6f6_P6_Y4_UO459,R6_F6_m6f6_P6_Y2_UO207,R6_F6_m6f6_P6_Y2_UO342,MXY,0,31.032977875251525,0,0,0.0,0,0,0,0.0,0.25,1,P5_CV0,3,1,1,2,0
6,2545325.475,726552.0418,Age0_F6_m6f6_P6_Y4_UO476,R6_F6_m6f6_P6_Y2_UO364,R6_F6_m6f6_P6_Y2_UO382,FXX,0,31.032977875251525,0,0,0.0,0,0,0,0.0,0.5,1,P5_CV0,3,2,0,2,0
6,2545325.475,726552.0418,Age0_F6_m6f6_P6_Y4_UO477,R6_F6_m6f6_P6_Y2_UO364,R6_F6_m6f6_P6_Y2_UO382,MXY,0,31.032977875251525,0,0,0.0,0,0,0,0.0,0.5,1,P5_CV0,3,1,1,2,0
6,2545325.475,726552.0418,Age0_F6_m6f6_P6_Y4_UO480,R6_F6_m6f6_P6_Y1_UO338,R6_F6_m6f6_P6_Y2_UO328,MXY,0,31.032977875251525,0,0,0.0,0,0,0,0.0,0.75,1,P5_CV0,3,1,1,0,2
6,2545325.475,726552.0418,Age0_F6_m6f6_P6_Y4_UO481,R6_F6_m6f6_P6_Y1_UO338,R6_F6_m6f6_P6_Y2_UO328,FXX,0,31.032977875251525,0,0,0.0,0,0,0,0.0,0.75,1,P5_CV0,3,1,1,0,2
6,2545325.475,726552.0418,Age0_F6_m6f6_P6_Y4_UO482,R6_F6_m6f6_P6_Y1_UO338,R6_F6_m6f6_P6_Y2_UO328,FXX,0,31.032977875251525,0,0,0.0,0,0,0,0.0,0.75,1,P5_CV0,3,0,2,1,1
6,2545325.475,726552.0418,Age0_F6_m6f6_P6_Y4_UO483,R6_F6_m6f6_P6_Y1_UO338,R6_F6_m6f6_P6_Y2_UO328,FXX,0,31.032977875251525,0,0,0.0,0,0,0,0.0,0.75,1,P5_CV0,3,1,1,1,1
6,2545325.475,726552.0418,Age0_F6_m6f6_P6_Y4_UO551,R6_F6_m6f6_P6_Y1_UO32,R6_F6_m6f6_P6_Y0_UO367,FXX,0,31.032977875251525,0,0,0.0,0,0,0,0.0,0.5,1,P5_CV0,3,2,0,1,1
6,2545325.475,726552.0418,Age0_F6_m6f6_P6_Y4_UO552,R6_F6_m6f6_P6_Y1_UO32,R6_F6_m6f6_P6_Y0_UO367,FXX,0,31.032977875251525,0,0,0.0,0,0,0,0.0,0.5,1,P5_CV0,3,2,0,2,0
6,2545325.475,726552.0418,Age0_F6_m6f6_P6_Y4_UO553,R6_F6_m6f6_P6_Y1_UO32,R6_F6_m6f6_P6_Y0_UO367,MXY,0,31.032977875251525,0,0,0.0,0,0,0,0.0,0.5,1,P5_CV0,3,2,0,1,1
6,2545325.475,726552.0418,Age0_F6_m6f6_P6_Y4_UO569,R6_F6_m3f3_P3_Y1_UO202,R6_F6_m6f6_P6_Y2_UO383,FXX,0,31.032977875251525,0,0,0.0,0,0,0,0.0,0.5,1,P5_CV0,3,0,2,1,1
6,2545325.475,726552.0418,Age0_F6_m6f6_P6_Y4_UO570,R6_F6_m3f3_P3_Y1_UO202,R6_F6_m6f6_P6_Y2_UO383,MXY,0,31.032977875251525,0,0,0.0,0,0,0,0.0,0.5,1,P5_CV0,3,0,2,1,1
6,2545325.475,726552.0418,Age0_F6_m6f6_P6_Y4_UO596,R6_F6_m6f6_P6_Y2_UO207,R6_F6_m6f6_P6_Y2_UO342,MXY,0,31.032977875251525,0,0,0.0,0,0,0,0.0,0.25,1,P5_CV0,3,1,1,2,0
6,2545325.475,726552.0418,Age0_F6_m6f6_P6_Y4_UO597,R6_F6_m6f6_P6_Y2_UO207,R6_F6_m6f6_P6_Y2_UO342,FXX,0,31.032977875251525,0,0,0.0,0,0,0,0.0,0.25,1,P5_CV0,3,2,0,2,0
6,2545325.475,726552.0418,Age0_F6_m6f6_P6_Y4_UO598,R6_F6_m6f6_P6_Y2_UO207,R6_F6_m6f6_P6_Y2_UO342,FXX,0,31.032977875251525,0,0,0.0,0,0,0,0.0,0.25,1,P5_CV0,3,1,1,2,0
6,2545325.475,726552.0418,Age0_F6_m6f6_P6_Y4_UO599,R6_F6_m6f6_P6_Y2_UO207,R6_F6_m6f6_P6_Y2_UO342,FXX,0,31.032977875251525,0,0,0.0,0,0,0,0.0,0.25,1,P5_CV0,3,2,0,2,0
6,2545325.475,726552.0418,R6_F6_m6f6_P6_Y3_UO420,R6_F6_m-1f-1_P6_Y-1_U8,R6_F6_m6f6_P6_Y0_UO629,MXY,1,58.89662532959964,1,1,0.0,0,0,0,-9999.0,0.25,1,P5_CV0,3,2,0,0,2
6,2545325.475,726552.0418,R6_F6_m6f6_P6_Y3_UO324,R6_F6_m6f6_P6_Y0_UO130,R6_F6_m-1f-1_P6_Y-1_U6,FXX,1,58.89662532959964,1,1,1.308,0,0,0,-9999.0,0.75,1,P5_CV0,3,1,1,1,1
6,2545325.475,726552.0418,R6_F6_m6f6_P6_Y3_UO252,R6_F6_m-1f-1_P6_Y-1_U100,R6_F6_m-1f-1_P6_Y-1_U6,MXY,1,58.89662532959964,1,1,0.0,0,0,0,-9999.0,1.0,1,P5_CV0,3,2,0,2,0
6,2545325.475,726552.0418,R6_F6_m6f6_P6_Y3_UO495,R6_F6_m6f6_P6_Y0_UO311,R6_F6_m-1f-1_P6_Y-1_U25,MXY,1,58.89662532959964,1,1,0.0,0,0,0,-9999.0,0.375,1,P5_CV0,3,0,2,0,2
6,2545325.475,726552.0418,R6_F6_m6f6_P6_Y3_UO174,R6_F6_m6f6_P6_Y1_UO340,R6_F6_m-1f-1_P6_Y-1_U25,FXX,1,58.89662532959964,1,1,1.508,0,0,0,-9999.0,0.25,1,P5_CV0,3,0,2,0,2
6,2545325.475,726552.0418,R6_F6_m6f6_P6_Y3_UO112,R6_F6_m6f6_P6_Y1_UO92,R6_F6_m6f6_P6_Y0_UO177,MXY,1,58.89662532959964,1,1,0.0,0,0,0,-9999.0,0.625,1,P5_CV0,3,0,2,0,2
6,2545325.475,726552.0418,R6_F6_m6f6_P6_Y3_UO424,R6_F6_m-1f-1_P6_Y-1_U8,R6_F6_m6f6_P6_Y0_UO629,MXY,1,58.89662532959964,1,1,0.0,0,0,0,-9999.0,0.25,1,P5_CV0,3,0,2,2,0
6,2545325.475,726552.0418,R6_F6_m6f6_P6_Y3_UO74,R6_F6_m6f6_P6_Y1_UO51,R6_F6_m6f6_P6_Y1_UO195,FXX,1,58.89662532959964,1,1,2.134,0,0,0,-9999.0,0.625,1,P5_CV0,3,0,2,1,1
6,2545325.475,726552.0418,R6_F6_m6f6_P6_Y3_UO183,R6_F6_m6f6_P6_Y0_UO672,R6_F6_m6f6_P6_Y0_UO220,MXY,1,58.89662532959964,1,1,0.0,0,0,0,-9999.0,0.625,1,P5_CV0,3,0,2,1,1
6,2545325.475,726552.0418,R6_F6_m6f6_P6_Y3_UO45,R6_F6_m6f6_P6_Y0_UO129,R6_F6_m6f6_P6_Y0_UO326,FXX,1,58.89662532959964,1,1,0.0,0,0,0,-9999.0,0.5,1,P5_CV0,3,0,2,0,2
6,2545325.475,726552.0418,R6_F6_m6f6_P6_Y3_UO347,R6_F6_m6f6_P6_Y1_UO401,R6_F6_m-1f-1_P6_Y-1_U98,FXX,1,58.89662532959964,1,1,1.371,0,0,0,-9999.0,0.25,1,P5_CV0,3,1,1,1,1
6,2545325.475,726552.0418,R6_F6_m6f6_P6_Y3_UO100,R6_F6_m6f6_P6_Y1_UO559,R6_F6_m6f6_P6_Y0_UO220,FXX,1,58.89662532959964,1,1,2.726,0,0,0,-9999.0,0.625,1,P5_CV0,3,0,2,0,2
6,2545325.475,726552.0418,R6_F6_m6f6_P6_Y3_UO422,R6_F6_m-1f-1_P6_Y-1_U8,R6_F6_m6f6_P6_Y0_UO629,FXX,1,58.89662532959964,1,1,2.181,0,0,0,-9999.0,0.25,1,P5_CV0,3,2,0,1,1
6,2545325.475,726552.0418,R6_F6_m6f6_P6_Y3_UO35,R6_F6_m6f6_P6_Y1_UO263,R6_F6_m-1f-1_P6_Y-1_U35,FXX,1,58.89662532959964,1,1,1.607,0,0,0,-9999.0,0.125,1,P5_CV0,3,0,2,2,0
6,2545325.475,726552.0418,R6_F6_m6f6_P6_Y3_UO367,R6_F6_m6f6_P6_Y0_UO130,R6_F6_m6f6_P6_Y0_UO334,MXY,1,58.89662532959964,1,1,0.0,0,0,0,-9999.0,0.375,1,P5_CV0,3,2,0,2,0
6,2545325.475,726552.0418,R6_F6_m6f6_P6_Y3_UO423,R6_F6_m-1f-1_P6_Y-1_U8,R6_F6_m6f6_P6_Y0_UO629,MXY,1,58.89662532959964,1,1,0.0,0,0,0,-9999.0,0.25,1,P5_CV0,3,0,2,2,0
6,2545325.475,726552.0418,R6_F6_m6f6_P6_Y3_UO140,R6_F6_m6f6_P6_Y1_UO92,R6_F6_m6f6_P6_Y1_UO166,MXY,1,58.89662532959964,1,1,0.0,0,0,0,-9999.0,0.5,1,P5_CV0,3,2,0,2,0
6,2545325.475,726552.0418,R6_F6_m6f6_P6_Y3_UO133,R6_F6_m-1f-1_P6_Y-1_U8,R6_F6_m6f6_P6_Y1_UO91,FXX,1,58.89662532959964,1,1,1.832,0,0,0,-9999.0,0.625,1,P5_CV0,3,1,1,2,0
6,2545325.475,726552.0418,R6_F6_m6f6_P6_Y3_UO419,R6_F6_m-1f-1_P6_Y-1_U8,R6_F6_m6f6_P6_Y0_UO629,MXY,1,58.89662532959964,1,1,0.0,0,0,0,-9999.0,0.25,1,P5_CV0,3,2,0,1,1
6,2545325.475,726552.0418,R6_F6_m6f6_P6_Y3_UO514,R6_F6_m6f6_P6_Y1_UO122,R6_F6_m-1f-1_P6_Y-1_U6,MXY,1,58.89662532959964,1,1,0.0,0,0,0,-9999.0,0.625,1,P5_CV0,3,2,0,1,1
6,2545325.475,726552.0418,R6_F6_m6f6_P6_Y3_UO485,R6_F6_m6f6_P6_Y1_UO263,R6_F6_m-1f-1_P6_Y-1_U84,MXY,1,58.89662532959964,1,1,0.0,0,0,0,-9999.0,0.375,1,P5_CV0,3,1,1,1,1
6,2545325.475,726552.0418,R6_F6_m6f6_P6_Y3_UO103,R6_F6_m6f6_P6_Y1_UO126,R6_F6_m6f6_P6_Y1_UO345,FXX,1,58.89662532959964,1,1,2.156,0,0,0,-9999.0,0.625,1,P5_CV0,3,2,0,0,2
6,2545325.475,726552.0418,R6_F6_m6f6_P6_Y3_UO254,R6_F6_m6f6_P6_Y1_UO92,R6_F6_m-1f-1_P6_Y-1_U78,MXY,1,58.89662532959964,1,1,0.0,0,0,0,-9999.0,0.375,1,P5_CV0,3,1,1,1,1
6,2545325.475,726552.0418,R6_F6_m6f6_P6_Y3_UO175,R6_F6_m6f6_P6_Y1_UO340,R6_F6_m-1f-1_P6_Y-1_U25,MXY,1,58.89662532959964,1,1,0.0,0,0,0,-9999.0,0.25,1,P5_CV0,3,0,2,0,2
6,2545325.475,726552.0418,R6_F6_m6f6_P6_Y3_UO346,R6_F6_m-1f-1_P6_Y-1_U8,R6_F6_m6f6_P6_Y1_UO5,MXY,1,58.89662532959964,1,1,0.0,0,0,0,-9999.0,0.25,1,P5_CV0,3,1,1,1,1
6,2545325.475,726552.0418,R6_F6_m6f6_P6_Y3_UO477,R6_F6_m6f6_P6_Y0_UO129,R6_F6_m6f6_P6_Y1_UO352,MXY,1,58.89662532959964,1,1,0.0,0,0,0,-9999.0,0.5,1,P5_CV0,3,1,1,1,1
6,2545325.475,726552.0418,R6_F6_m6f6_P6_Y3_UO243,R6_F6_m-1f-1_P6_Y-1_U57,R6_F6_m-1f-1_P5_Y-1_U91,FXX,1,58.89662532959964,1,1,0.0,0,0,0,-9999.0,0.25,1,P5_CV0,3,0,2,0,2
6,2545325.475,726552.0418,R6_F6_m6f6_P6_Y3_UO139,R6_F6_m6f6_P6_Y1_UO92,R6_F6_m6f6_P6_Y1_UO166,MXY,1,58.89662532959964,1,1,0.0,0,0,0,-9999.0,0.5,1,P5_CV0,3,2,0,1,1
6,2545325.475,726552.0418,R6_F6_m6f6_P6_Y3_UO99,R6_F6_m6f6_P6_Y1_UO559,R6_F6_m6f6_P6_Y0_UO220,FXX,1,58.89662532959964,1,1,2.144,0,0,0,-9999.0,0.625,1,P5_CV0,3,0,2,0,2
6,2545325.475,726552.0418,R6_F6_m6f6_P6_Y3_UO476,R6_F6_m6f6_P6_Y0_UO129,R6_F6_m6f6_P6_Y1_UO352,FXX,1,58.89662532959964,1,1,2.206,0,0,0,-9999.0,0.5,1,P5_CV0,3,1,1,0,2
6,2545325.475,726552.0418,R6_F6_m6f6_P6_Y3_UO265,R6_F6_m6f6_P6_Y1_UO263,R6_F6_m-1f-1_P6_Y-1_U84,MXY,1,58.89662532959964,1,1,0.0,0,0,0,-9999.0,0.375,1,P5_CV0,3,0,2,2,0
6,2545325.475,726552.0418,R6_F6_m6f6_P6_Y3_UO263,R6_F6_m6f6_P6_Y1_UO263,R6_F6_m-1f-1_P6_Y-1_U84,FXX,1,58.89662532959964,1,1,0.0,0,0,0,-9999.0,0.375,1,P5_CV0,3,2,0,1,1
6,2545325.475,726552.0418,R6_F6_m6f6_P6_Y3_UO134,R6_F6_m-1f-1_P6_Y-1_U8,R6_F6_m6f6_P6_Y1_UO91,MXY,1,58.89662532959964,1,1,0.0,0,0,0,-9999.0,0.625,1,P5_CV0,3,2,0,2,0
6,2545325.475,726552.0418,R6_F6_m6f6_P6_Y3_UO326,R6_F6_m6f6_P6_Y0_UO130,R6_F6_m-1f-1_P6_Y-1_U6,MXY,1,58.89662532959964,1,1,0.0,0,0,0,-9999.0,0.75,1,P5_CV0,3,2,0,1,1
6,2545325.475,726552.0418,R6_F6_m6f6_P6_Y3_UO170,R6_F6_m-1f-1_P6_Y-1_U100,R6_F6_m-1f-1_P5_Y-1_U91,MXY,1,58.89662532959964,1,1,0.0,0,0,0,-9999.0,0.75,1,P5_CV0,3,1,1,1,1
6,2545325.475,726552.0418,R6_F6_m6f6_P6_Y3_UO242,R6_F6_m-1f-1_P6_Y-1_U57,R6_F6_m-1f-1_P5_Y-1_U91,FXX,1,58.89662532959964,1,1,0.0,0,0,0,-9999.0,0.25,1,P5_CV0,3,0,2,0,2
6,2545325.475,726552.0418,R6_F6_m6f6_P6_Y3_UO102,R6_F6_m6f6_P6_Y1_UO126,R6_F6_m6f6_P6_Y1_UO345,FXX,1,58.89662532959964,1,1,2.487,0,0,0,-9999.0,0.625,1,P5_CV0,3,0,2,0,2
6,2545325.475,726552.0418,R6_F6_m6f6_P6_Y2_UO341,R6_F6_m-1f-1_P6_Y-1_U100,R6_F6_m6f6_P6_Y0_UO717,FXX,2,82.93647206207817,1,0,1.246,0,0,0,-9999.0,0.625,1,P5_CV0,3,2,0,1,1
6,2545325.475,726552.0418,R6_F6_m6f6_P6_Y2_UO503,R6_F6_m6f6_P6_Y0_UO715,R6_F6_m6f6_P6_Y0_UO627,MXY,2,82.93647206207817,1,0,0.0,0,0,0,-9999.0,0.125,1,P5_CV0,3,1,1,2,0
6,2545325.475,726552.0418,R6_F6_m6f6_P6_Y2_UO577,R6_F6_m-1f-1_P6_Y-1_U70,R6_F6_m-1f-1_P6_Y-1_U78,MXY,2,82.93647206207817,1,0,0.0,0,0,0,-9999.0,0.25,1,P5_CV0,3,0,2,1,1
6,2545325.475,726552.0418,R6_F6_m6f6_P6_Y2_UO346,R6_F6_m6f6_P6_Y0_UO715,R6_F6_m-1f-1_P6_Y-1_U98,FXX,2,82.93647206207817,1,0,3.003,0,0,0,-9999.0,0.375,1,P5_CV0,3,0,2,1,1
6,2545325.475,726552.0418,R6_F6_m6f6_P6_Y2_UO216,R6_F6_m6f6_P6_Y0_UO406,R6_F6_m6f6_P6_Y0_UO519,FXX,2,82.93647206207817,1,0,0.0,0,0,0,-9999.0,0.625,1,P5_CV0,3,0,2,2,0
6,2545325.475,726552.0418,R6_F6_m6f6_P6_Y2_UO512,R6_F6_m6f6_P6_Y0_UO210,R6_F6_m6f6_P6_Y0_UO520,MXY,2,82.93647206207817,1,0,0.0,0,0,0,-9999.0,0.0,1,P5_CV0,3,1,1,1,1
6,2545325.475,726552.0418,R6_F6_m6f6_P6_Y2_UO572,R6_F6_m-1f-1_P6_Y-1_U70,R6_F6_m-1f-1_P6_Y-1_U78,FXX,2,82.93647206207817,1,0,0.0,0,0,0,-9999.0,0.25,1,P5_CV0,3,1,1,1,1
6,2545325.475,726552.0418,R6_F6_m6f6_P6_Y2_UO47,R6_F6_m6f6_P6_Y0_UO369,R6_F6_m6f6_P6_Y0_UO717,FXX,2,82.93647206207817,1,0,1.566,0,0,0,-9999.0,0.375,1,P5_CV0,3,2,0,1,1
6,2545325.475,726552.0418,R6_F6_m6f6_P6_Y2_UO342,R6_F6_m6f6_P6_Y0_UO715,R6_F6_m6f6_P6_Y0_UO322,MXY,2,82.93647206207817,1,0,0.0,0,0,0,-9999.0,0.25,1,P5_CV0,3,2,0,2,0
6,2545325.475,726552.0418,R6_F6_m6f6_P6_Y2_UO199,R6_F6_m-1f-1_P6_Y-1_U100,R6_F6_m-1f-1_P6_Y-1_U35,MXY,2,82.93647206207817,1,0,0.0,0,0,0,-9999.0,0.5,1,P5_CV0,3,1,1,2,0
6,2545325.475,726552.0418,R6_F6_m6f6_P6_Y2_UO226,R6_F6_m-1f-1_P6_Y-1_U27,R6_F6_m6f6_P6_Y0_UO367,FXX,2,82.93647206207817,1,0,2.21,0,0,0,-9999.0,0.25,1,P5_CV0,3,1,1,0,2
6,2545325.475,726552.0418,R6_F6_m6f6_P6_Y2_UO423,R6_F6_m6f6_P6_Y0_UO369,R6_F6_m-1f-1_P6_Y-1_U25,MXY,2,82.93647206207817,1,0,0.0,0,0,0,-9999.0,0.25,1,P5_CV0,3,1,1,1,1
6,2545325.475,726552.0418,R6_F6_m6f6_P6_Y2_UO124,R6_F6_m6f6_P6_Y0_UO475,R6_F6_m6f6_P6_Y0_UO193,MXY,2,82.93647206207817,1,0,0.0,0,0,0,-9999.0,0.5,1,P5_CV0,3,0,2,1,1
6,2545325.475,726552.0418,R6_F6_m6f6_P6_Y2_UO24,R6_F6_m6f6_P6_Y0_UO210,R6_F6_m-1f-1_P6_Y-1_U98,FXX,2,82.93647206207817,1,0,1.07,0,0,0,-9999.0,0.25,1,P5_CV0,3,1,1,1,1
6,2545325.475,726552.0418,R6_F6_m6f6_P6_Y2_UO355,R6_F6_m-1f-1_P6_Y-1_U57,R6_F6_m-1f-1_P6_Y-1_U35,MXY,2,82.93647206207817,1,0,0.0,0,0,0,-9999.0,0.0,1,P5_CV0,3,0,2,1,1
6,2545325.475,726552.0418,R6_F6_m6f6_P6_Y2_UO383,R6_F6_m6f6_P6_Y0_UO369,R6_F6_m6f6_P6_Y0_UO564,MXY,2,82.93647206207817,1,0,0.0,0,0,0,-9999.0,0.5,1,P5_CV0,3,1,1,2,0
6,2545325.475,726552.0418,R6_F6_m6f6_P6_Y2_UO580,R6_F6_m-1f-1_P6_Y-1_U70,R6_F6_m-1f-1_P6_Y-1_U78,FXX,2,82.93647206207817,1,0,1.0,0,0,0,-9999.0,0.25,1,P5_CV0,3,1,1,0,2
6,2545325.475,726552.0418,R6_F6_m6f6_P6_Y2_UO305,R6_F6_m6f6_P6_Y0_UO210,R6_F6_m6f6_P6_Y0_UO519,MXY,2,82.93647206207817,1,0,0.0,0,0,0,-9999.0,0.25,1,P5_CV0,3,1,1,2,0
6,2545325.475,726552.0418,R6_F6_m6f6_P6_Y2_UO629,R6_F6_m6f6_P6_Y0_UO117,R6_F6_m6f6_P6_Y0_UO334,MXY,2,82.93647206207817,1,0,0.0,0,0,0,-9999.0,0.375,1,P5_CV0,3,2,0,1,1
6,2545325.475,726552.0418,R6_F6_m6f6_P6_Y1_UO165,R6_F6_m-1f-1_P6_Y-1_U77,R6_F6_m-1f-1_P6_Y-1_U52,FXX,3,97.98138152600299,1,0,0.0,0,0,0,-9999.0,0.5,1,P5_CV0,3,0,2,1,1
6,2545325.475,726552.0418,R6_F6_m6f6_P6_Y1_UO91,R6_F6_m-1f-1_P6_Y-1_U7,R6_F6_m-1f-1_P6_Y-1_U52,MXY,3,97.98138152600299,1,0,0.0,0,0,0,-9999.0,0.75,1,P5_CV0,3,2,0,2,0
6,2545325.475,726552.0418,R6_F6_m6f6_P6_Y1_UO338,R6_F6_m-1f-1_P6_Y-1_U18,R6_F6_m-1f-1_P6_Y-1_U41,FXX,3,97.98138152600299,1,0,1.816,0,0,0,-9999.0,1.0,1,P5_CV0,3,0,2,1,1
6,2545325.475,726552.0418,R6_F6_m6f6_P6_Y1_UO5,R6_F6_m-1f-1_P6_Y-1_U42,R6_F6_m-1f-1_P6_Y-1_U95,MXY,3,97.98138152600299,1,0,0.0,0,0,0,-9999.0,0.0,1,P5_CV0,3,0,2,2,0
6,2545325.475,726552.0418,R6_F6_m6f6_P6_Y1_UO4,R6_F6_m-1f-1_P6_Y-1_U42,R6_F6_m-1f-1_P6_Y-1_U95,FXX,3,97.98138152600299,1,0,1.0,0,0,0,-9999.0,0.0,1,P5_CV0,3,0,2,0,2
6,2545325.475,726552.0418,R6_F6_m6f6_P6_Y1_UO122,R6_F6_m-1f-1_P6_Y-1_U119,R6_F6_m-1f-1_P6_Y-1_U59,FXX,3,97.98138152600299,1,0,1.0,0,0,0,-9999.0,0.25,1,P5_CV0,3,1,1,1,1
6,2545325.475,726552.0418,R6_F6_m6f6_P6_Y1_UO319,R6_F6_m-1f-1_P6_Y-1_U70,R6_F6_m-1f-1_P6_Y-1_U31,MXY,3,97.98138152600299,1,0,0.0,0,0,0,-9999.0,0.5,1,P5_CV0,3,0,2,0,2
6,2545325.475,726552.0418,R6_F6_m6f6_P6_Y1_UO411,R6_F6_m-1f-1_P6_Y-1_U47,R6_F6_m-1f-1_P6_Y-1_U115,FXX,3,97.98138152600299,1,0,0.0,0,0,0,-9999.0,0.25,1,P5_CV0,3,2,0,0,2
6,2545325.475,726552.0418,R6_F6_m6f6_P6_Y1_UO27,R6_F6_m-1f-1_P6_Y-1_U107,R6_F6_m-1f-1_P6_Y-1_U6,MXY,3,97.98138152600299,1,0,0.0,0,0,0,-9999.0,0.75,1,P5_CV0,3,1,1,1,1
6,2545325.475,726552.0418,R6_F6_m6f6_P6_Y1_UO154,R6_F6_m-1f-1_P6_Y-1_U7,R6_F6_m-1f-1_P6_Y-1_U12,MXY,3,97.98138152600299,1,0,0.0,0,0,0,-9999.0,0.75,1,P5_CV0,3,1,1,2,0
6,2545325.475,726552.0418,R6_F6_m6f6_P6_Y1_UO93,R6_F6_m-1f-1_P6_Y-1_U7,R6_F6_m-1f-1_P6_Y-1_U52,MXY,3,97.98138152600299,1,0,0.0,0,0,0,-9999.0,0.75,1,P5_CV0,3,1,1,0,2
6,2545325.475,726552.0418,R6_F6_m6f6_P6_Y1_UO401,R6_F6_m-1f-1_P6_Y-1_U23,R6_F6_m-1f-1_P6_Y-1_U114,FXX,3,97.98138152600299,1,0,2.651,0,0,0,-9999.0,0.0,1,P5_CV0,3,1,1,2,0
6,2545325.475,726552.0418,R6_F6_m6f6_P6_Y0_UO322,R6_F6_m-1f-1_P6_Y-1_U125,R6_F6_m-1f-1_P6_Y-1_U35,MXY,4,110.53746634043206,1,0,0.0,0,0,0,-9999.0,0.25,1,P5_CV0,3,1,1,1,1
6,2545325.475,726552.0418,R6_F6_m6f6_P6_Y0_UO130,R6_F6_m-1f-1_P6_Y-1_U82,R6_F6_m-1f-1_P6_Y-1_U67,FXX,4,110.53746634043206,1,0,0.0,0,0,0,-9999.0,0.5,1,P5_CV0,3,1,1,2,0
6,2545325.475,726552.0418,R6_F6_m6f6_P6_Y0_UO334,R6_F6_m-1f-1_P6_Y-1_U104,R6_F6_m-1f-1_P6_Y-1_U67,MXY,4,110.53746634043206,1,0,0.0,0,0,0,-9999.0,0.25,1,P5_CV0,3,1,1,1,1
6,2545325.475,726552.0418,R6_F6_m6f6_P6_Y0_UO143,R6_F6_m-1f-1_P6_Y-1_U105,R6_F6_m-1f-1_P6_Y-1_U43,FXX,4,110.53746634043206,1,0,1.718,0,0,0,-9999.0,0.75,1,P5_CV0,3,0,2,1,1
6,2545325.475,726552.0418,R6_F6_m6f6_P6_Y0_UO671,R6_F6_m-1f-1_P6_Y-1_U38,R6_F6_m-1f-1_P6_Y-1_U88,MXY,4,110.53746634043206,1,0,0.0,0,0,0,-9999.0,0.5,1,P5_CV0,3,1,1,1,1
6,2545325.475,726552.0418,R6_F6_m6f6_P6_Y0_UO326,R6_F6_m-1f-1_P6_Y-1_U30,R6_F6_m-1f-1_P6_Y-1_U66,MXY,4,110.53746634043206,1,0,0.0,0,0,0,-9999.0,0.5,1,P5_CV0,3,0,2,0,2
6,2545325.475,726552.0418,R6_F6_m6f6_P6_Y0_UO93,R6_F6_m-1f-1_P6_Y-1_U125,R6_F6_m-1f-1_P6_Y-1_U43,MXY,4,110.53746634043206,1,0,0.0,0,0,0,-9999.0,0.75,1,P5_CV0,3,1,1,1,1
6,2545325.475,726552.0418,R6_F6_m6f6_P6_Y0_UO369,R6_F6_m-1f-1_P6_Y-1_U82,R6_F6_m-1f-1_P6_Y-1_U120,FXX,4,110.53746634043206,1,0,0.0,0,0,0,-9999.0,0.5,1,P5_CV0,3,2,0,2,0
6,2545325.475,726552.0418,R6_F6_m-1f-1_P6_Y-1_U57,-9999,-9999,FXX,5,124.75547186717804,1,0,1.712,0,0,0,-9999.0,0.0,1,P5_CV0,3,0,2,0,2
6,2545325.475,726552.0418,R6_F6_m-1f-1_P6_Y-1_U78,-9999,-9999,MXY,5,124.75547186717804,1,0,0.0,0,0,0,-9999.0,0.0,1,P5_CV0,3,0,2,1,1
6,2545325.475,726552.0418,R6_F6_m-1f-1_P6_Y-1_U92,-9999,-9999,FXX,5,124.75547186717804,1,0,1.0,0,0,0,-9999.0,0.5,1,P5_CV0,3,1,1,1,1
7,2527429.642,708511.8011,E7_F2_m2f2_P2_Y2_UO522,I2_F7_m-1f-1_P2_Y-1_U103,R2_F2_m2f2_P2_Y0_UO675,MXY,2,32.007453418015366,1,0,0.0,0,0,0,-9999.0,0.5,1,P1_CV0,3,2,0,1,1
7,2527429.642,708511.8011,E7_F2_m2f2_P2_Y1_UO113,R2_F2_m-1f-1_P2_Y-1_U108,R2_F2_m-1f-1_P2_Y-1_U56,MXY,3,32.489914867546624,1,0,0.0,0,0,0,-9999.0,0.5,1,P1_CV0,3,2,0,1,1
7,2527429.642,708511.8011,E7_F2_m2f2_P2_Y0_UO309,R2_F2_m-1f-1_P2_Y-1_U32,R2_F2_m-1f-1_P2_Y-1_U15,MXY,4,32.91457781811428,1,0,0.0,0,0,0,-9999.0,0.25,1,P1_CV0,3,2,0,1,1
7,2527429.642,708511.8011,E7_F3_m3f3_P3_Y3_UO313,R3_F3_m3f3_P3_Y1_UO355,R3_F3_m3f3_P3_Y0_UO702,MXY,1,31.067444975314466,1,1,0.0,0,0,0,-9999.0,0.125,1,P2_CV0,3,0,2,0,2
7,2527429.642,708511.8011,E7_F3_m-1f-1_P3_Y-1_U113,-9999,-9999,FXX,5,31.111562532514483,1,0,3.915,0,0,0,-9999.0,0.5,1,P2_CV0,3,1,1,1,1
7,2527429.642,708511.8011,E7_F4_m4f4_P4_Y2_UO561,R4_F4_m-1f-1_P4_Y-1_U13,R4_F4_m4f4_P4_Y0_UO661,FXX,2,83.7861317129337,1,0,1.0,0,0,0,-9999.0,0.375,1,P3_CV0,3,2,0,0,2
7,2527429.642,708511.8011,E7_F5_m5f5_P5_Y3_UO370,R5_F5_m5f5_P5_Y1_UO47,R5_F5_m5f5_P5_Y1_UO481,MXY,1,55.22740832315747,1,1,0.0,0,0,0,-9999.0,0.5,1,P4_CV0,3,2,0,1,1
7,2527429.642,708511.8011,E7_F5_m5f5_P5_Y1_UO53,R5_F5_m-1f-1_P5_Y-1_U25,R5_F5_m-1f-1_P5_Y-1_U109,FXX,3,104.14231224878331,1,0,0.0,0,0,0,-9999.0,1.0,1,P4_CV0,3,1,1,1,1
7,2527429.642,708511.8011,E7_F6_m6f6_P6_Y2_UO592,R6_F6_m6f6_P6_Y0_UO210,R6_F6_m6f6_P6_Y0_UO320,MXY,2,82.94370531808856,1,0,0.0,0,0,0,-9999.0,0.125,1,P5_CV0,3,2,0,1,1
7,2527429.642,708511.8011,E7_F6_m-1f-1_P6_Y-1_U100,-9999,-9999,FXX,5,124.75892712504393,1,0,0.0,0,0,0,-9999.0,1.0,1,P5_CV0,3,2,0,2,0
