index,relative_year,absolute_age_ma,PAR_fraction,temperature_anomaly_c,NPP_multiplier,extinction_pressure_index,atmospheric_CO2_ppm,plant_state,herbivore_state,mesopredator_state,apex_state,alive_species
0,-100000.0,66.1,1.0,0.0,1.0,0.0,650.0,1.0,1.0,1.0,1.0,305
1,-50000.0,66.05,1.0,0.0,1.0,0.0,650.0,1.0,1.0,1.0,1.0,305
2,-25000.0,66.025,1.0,0.0,1.0,0.0,650.0,1.0,1.0,1.0,1.0,305
3,-10000.0,66.01,1.0,0.0,1.0,0.0,650.0,1.0,1.0,1.0,1.0,305
4,-5000.0,66.005,1.0,0.0,1.0,0.0,650.0,1.0,1.0,1.0,1.0,305
5,-2000.0,66.002,1.0,0.0,1.0,0.0,650.0,1.0,1.0,1.0,1.0,305
6,-1000.0,66.001,1.0,0.0,1.0,0.0,650.0,1.0,1.0,1.0,1.0,305
7,-500.0,66.0005,1.0,0.0,1.0,0.0,650.0,1.0,1.0,1.0,1.0,305
8,-250.0,66.00025,1.0,0.0,1.0,0.0,650.0,1.0,1.0,1.0,1.0,305
9,-100.0,66.0001,1.0,0.0,1.0,0.0,650.0,1.0,1.0,1.0,1.0,305
10,-50.0,66.00005,1.0,0.0,1.0,0.0,650.0,1.0,1.0,1.0,1.0,305
11,-25.0,66.000025,1.0,0.0,1.0,0.0,650.0,1.0,1.0,1.0,1.0,305
12,-10.0,66.00001,1.0,0.0,1.0,0.0,650.0,1.0,1.0,1.0,1.0,305
13,-5.0,66.000005,1.0,0.0,1.0,0.0,650.0,1.0,1.0,1.0,1.0,305
14,-2.0,66.000002,1.0,0.0,1.0,0.0,650.0,1.0,1.0,1.0,1.0,305
15,-1.0,66.000001,1.0,0.0,1.0,0.0,650.0,1.0,1.0,1.0,1.0,305
16,-0.1,66.0000001,1.0,0.0,1.0,0.0,650.0,1.0,1.0,1.0,1.0,305
17,0.0,66.0,0.0030275547453758,-16.0,0.0055720068149199,0.9812281358795112,862.2641509433962,1.0,1.0,1.0,1.0,305
18,0.01,65.99999999,0.0031808327064871,-15.856592895823772,0.0058289939695832,0.981058517281962,862.2641332547176,0.9958044160597569,0.9999818248046354,0.9999999967554015,0.9999999999999649,303
19,0.010199372733502587,65.99999998980063,0.00318509124376137,-15.8541088476056,0.005835837679874792,0.9810544244814347,862.2641329020537,0.9957209595240226,0.9999810945050635,0.999999996557676,0.999999999999962,303
20,0.010402720415691603,65.99999998959728,0.003189438703122275,-15.85157525793723,0.005842821546816889,0.9810502480484089,862.2641325423585,0.9956358469293516,0.9999803348956766,0.999999996347906,0.9999999999999589,303
21,0.010610122296205563,65.99999998938988,0.003193877018857348,-15.848991138880038,0.005849948513842151,0.9810459862335486,862.264132175492,0.9955490455796517,0.9999795448022657,0.9999999961253585,0.9999999999999556,303
22,0.010821659204704688,65.99999998917833,0.0031984081702944923,-15.84635548281667,0.005857221589047814,0.9810416372493377,862.2641318013112,0.9954605221390863,0.9999787230037095,0.9999999958892554,0.9999999999999519,303
23,0.011037413582372233,65.99999998896259,0.003203034182959248,-15.843667262061032,0.005864643846724336,0.9810371992691862,862.2641314196702,0.9953702426194416,0.9999778682301077,0.9999999956387715,0.9999999999999479,303
24,0.011257469514043847,65.99999998874253,0.0032077571297654704,-15.840925428460764,0.005872218428924062,0.9810326704265124,862.2641310304205,0.9952781723620739,0.9999769791608479,0.9999999953730315,0.9999999999999437,303
25,0.011481912760977542,65.99999998851808,0.0032125791322405177,-15.838128912991944,0.005879948547071113,0.9810280488138017,862.26413063341,0.9951842760259463,0.9999760544225876,0.9999999950911068,0.999999999999939,303
26,0.011710830794276974,65.99999998828918,0.0032175023617860466,-15.835276625345962,0.005887837483613681,0.9810233324816398,862.2641302284842,0.9950885175880286,0.9999750925871418,0.9999999947920121,0.999999999999934,303
27,0.011944312828981101,65.99999998805569,0.003222529040975579,-15.83236745350839,0.005895888593720012,0.9810185194377221,862.2641298154854,0.9949908603226695,0.9999740921693127,0.9999999944747024,0.9999999999999286,303
28,0.012182449858833499,65.99999998781755,0.003227661444890031,-15.829400263329724,0.005904105307019371,0.981013607645836,862.2641293942524,0.9948912667880677,0.9999730516246255,0.9999999941380694,0.9999999999999228,303
29,0.012425334691744883,65.99999998757467,0.0032329019024924426,-15.826373898087812,0.005912491129389309,0.9810085950248164,862.2641289646214,0.9947896988126392,0.9999719693469727,0.9999999937809367,0.9999999999999165,303
30,0.012673061985962653,65.99999998732694,0.0032382527980431884,-15.823287178041888,0.005921049644790641,0.9810034794474741,862.2641285264245,0.9946861174811379,0.9999708436661676,0.9999999934020571,0.9999999999999096,303
31,0.012925728286961563,65.99999998707428,0.003243716572556991,-15.820138899978003,0.005929784517151546,0.980998258739495,862.2641280794912,0.9945804831205266,0.9999696728453991,0.9999999930001072,0.9999999999999022,303
32,0.013183432065069892,65.99999998681656,0.003249295725303118,-15.816927836745744,0.0059386994923022705,0.9809929306783105,862.2641276236474,0.9944727552855941,0.9999684550785876,0.9999999925736832,0.9999999999998942,303
33,0.013446273753845757,65.99999998655373,0.003254992815350168,-15.813652736786075,0.005947798399961972,0.9809874929919382,862.2641271587152,0.9943628927443147,0.9999671884876372,0.9999999921212959,0.9999999999998855,303
34,0.013714355789218587,65.99999998628564,0.003260810463156939,-15.81031232365013,0.005957085155779253,0.9809819433577899,862.2641266845135,0.994250853462946,0.9999658711195785,0.9999999916413655,0.9999999999998761,303
35,0.01398778264941094,65.99999998601221,0.0032667513522108807,-15.806905295508853,0.0059665637634280485,0.980976279401449,862.2641262008576,0.9941365945908615,0.9999645009435991,0.9999999911322167,0.9999999999998659,303
36,0.014266660895656253,65.99999998573334,0.00327281823071572,-15.803430324653274,0.005976238316760516,0.9809704986954149,862.2641257075588,0.9940200724451124,0.9999630758479587,0.9999999905920718,0.9999999999998549,303
37,0.014551099213728397,65.9999999854489,0.003279013913329888,-15.799886056985315,0.005986113002018696,0.9809645987578115,862.2641252044251,0.993901242494717,0.9999615936367813,0.9999999900190452,0.999999999999843,303
38,0.014841208456299234,65.9999999851588,0.0032853412829574524,-15.796271111498912,0.005996192100106713,0.9809585770510632,862.2641246912602,0.9937800593446712,0.999960052026722,0.9999999894111368,0.9999999999998301,303
39,0.015137101686140651,65.9999999848629,0.0032918032925932828,-15.79258407975137,0.006006479988925405,0.980952430980533,862.2641241678642,0.993656476719677,0.9999584486435033,0.999999988766225,0.9999999999998161,303
40,0.015438894220187899,65.9999999845611,0.003298402967224287,-15.788823525324716,0.006016981145771273,0.9809461578931239,862.2641236340332,0.9935304474475862,0.9999567810183146,0.9999999880820593,0.999999999999801,302
41,0.015746703674481513,65.9999999842533,0.0033051434057885898,-15.784987983276938,0.0060277001498017626,0.9809397550758414,862.264123089559,0.9934019234425515,0.9999550465840717,0.9999999873562522,0.9999999999997847,302
42,0.016060650010005173,65.99999998393935,0.0033120277831945938,-15.781075959582923,0.0060386416845689,0.9809332197543178,862.2641225342295,0.9932708556878853,0.9999532426715282,0.9999999865862715,0.9999999999997671,302
43,0.016380855579437484,65.99999998361915,0.0033190593524019493,-15.77708593056497,0.00604981054062343,0.9809265490912931,862.2641219678281,0.993137194218618,0.9999513665052352,0.9999999857694312,0.999999999999748,302
44,0.016707445174835838,65.99999998329255,0.003326241446566514,-15.773016342312658,0.006061211618191642,0.9809197401850566,862.2641213901344,0.9930008881037548,0.9999494151993431,0.9999999849028818,0.9999999999997273,302
45,0.017040546076271,65.99999998295945,0.0033335774812514735,-15.768865610091972,0.0060728499299271465,0.9809127900678432,862.2641208009229,0.9928618854282236,0.9999473857532387,0.9999999839836011,0.9999999999997049,302
46,0.01738028810143129,65.99999998261971,0.003341070956706853,-15.764632117743458,0.006084730603739941,0.9809056957041851,862.2641201999643,0.9927201332745137,0.9999452750470117,0.9999999830083832,0.9999999999996807,302
47,0.017726803656215775,65.9999999822732,0.003348725460219757,-15.760314217069322,0.0060968588857052124,0.9808984539892182,862.2641195870242,0.9925755777039954,0.9999430798367435,0.9999999819738276,0.9999999999996545,302
48,0.018080227786336125,65.99999998191977,0.0033565446685377308,-15.755910227209236,0.006109240143054367,0.9808910617469397,862.2641189618636,0.992428163737923,0.999940796749613,0.9999999808763272,0.9999999999996262,302
49,0.01844069822994725,65.9999999815593,0.003364532350367733,-15.751418434004748,0.006121879867250875,0.9808835157284171,862.2641183242391,0.992277835338111,0.9999384222788105,0.9999999797120562,0.9999999999995954,302
50,0.01880835547132734,65.99999998119165,0.0033726923689533276,-15.746837089352088,0.006134783677153639,0.9808758126099464,862.2641176739021,0.9921245353872824,0.9999359527782529,0.9999999784769563,0.9999999999995622,302
51,0.019183342795628028,65.99999998081665,0.0033810286847327287,-15.742164410543271,0.006147957322270624,0.9808679489911574,862.2641170105992,0.9919682056690846,0.9999333844570936,0.9999999771667231,0.9999999999995264,302
52,0.019565806344716177,65.9999999804342,0.0033895453580805104,-15.737398579595286,0.006161406686105652,0.9808599213930661,862.2641163340718,0.9918087868477664,0.9999307133740183,0.9999999757767906,0.9999999999994875,302
53,0.01995589517412901,65.99999998004411,0.0033982465521358316,-15.732537742567226,0.006175137789601303,0.9808517262560694,862.2641156440562,0.9916462184475157,0.9999279354313177,0.999999974302316,0.9999999999994454,302
54,0.020353761311164727,65.99999997964623,0.0034071365357201547,-15.727580008865237,0.006189156794681007,0.9808433599378839,862.2641149402837,0.9914804388314489,0.9999250463687313,0.9999999727381628,0.9999999999993999,302
55,0.02075955981413134,65.99999997924044,0.0034162196863475524,-15.722523450535116,0.006203470007893507,0.9808348187114249,862.2641142224799,0.9913113851802521,0.9999220417570497,0.9999999710788825,0.9999999999993507,302
56,0.02117344883277672,65.99999997882655,0.003425500493330786,-15.717366101542384,0.006218083884162956,0.9808260987626226,862.264113490365,0.991138993470467,0.9999189169914701,0.9999999693186963,0.9999999999992975,302
57,0.021595589669923518,65.9999999784044,0.0034349835609864773,-15.712105957039736,0.006233005030648073,0.9808171961881773,862.2641127436538,0.9909631984524186,0.999915667284693,0.9999999674514748,0.9999999999992398,302
58,0.022026146844332805,65.99999997797386,0.0034446736119428,-15.706740972621713,0.006248240210713866,0.9808081069932464,862.264111982055,0.9907839336277798,0.9999122876597508,0.9999999654707169,0.9999999999991775,302
59,0.022465288154821204,65.99999997753471,0.003454575490553253,-15.701269063566425,0.0062637963480195406,0.9807988270890663,862.2641112052722,0.990601131226769,0.9999087729425589,0.9999999633695272,0.99999999999911,302
60,0.022913184745656203,65.99999997708682,0.003464694166420195,-15.69568810406426,0.006279680530726402,0.9807893522905022,862.2641104130025,0.9904147221849774,0.9999051177541779,0.9999999611405922,0.999999999999037,302
61,0.02337001117325533,65.99999997663,0.003475034738031966,-15.68999592643338,0.0062959000158296,0.9807796783135282,862.2641096049371,0.9902246361198203,0.9999013165027765,0.9999999587761551,0.9999999999989581,302
62,0.02383594547421512,65.99999997616405,0.003485602436517553,-15.68419032032195,0.00631246223361778,0.9807698007726299,862.264108780761,0.9900308013066096,0.9998973633752833,0.9999999562679888,0.9999999999988726,302
63,0.02431116923469641,65.99999997568884,0.003496402629522907,-15.678269031896944,0.006329374792264798,0.9807597151781327,862.264107940153,0.9898331446542435,0.9998932523287163,0.9999999536073674,0.9999999999987801,302
64,0.02479586766119296,65.99999997520413,0.003507440825213151,-15.672229763019434,0.006346645482557815,0.9807494169334493,862.2641070827858,0.9896315916805087,0.9998889770811774,0.9999999507850365,0.9999999999986801,302
65,0.02529022965271099,65.99999997470977,0.0035187226764051074,-15.66607017040627,0.00636428228276625,0.9807389013322447,862.2641062083248,0.9894260664869916,0.9998845311024995,0.9999999477911806,0.9999999999985718,302
66,0.02579444787438792,65.99999997420555,0.0035302539848346922,-15.65978786477807,0.006382293363656201,0.9807281635555167,862.2641053164297,0.9892164917335954,0.9998799076045335,0.9999999446153899,0.9999999999984547,302
67,0.02630871883257859,65.99999997369127,0.003542040705563927,-15.65338040999341,0.006400687093655127,0.9807171986685892,862.2641044067524,0.9890027886126587,0.9998750995310606,0.9999999412466234,0.9999999999983279,302
68,0.02683324295143881,65.99999997316675,0.003554088951532463,-15.64684532216919,0.006419472044171735,0.9807060016180131,862.2641034789388,0.9887848768226724,0.9998700995473175,0.999999937673172,0.9999999999981908,302
69,0.02736822465103555,65.99999997263177,0.0035664049982587153,-15.640180068787075,0.006438656995076219,0.9806945672283751,862.264102532627,0.9885626745415901,0.9998649000291183,0.9999999338826169,0.9999999999980423,302
70,0.02791387242701453,65.99999997208613,0.0035789952886958677,-15.633382067786007,0.006458250940346126,0.9806828901990081,862.2641015674484,0.9883360983997318,0.9998594930515586,0.9999999298617877,0.9999999999978819,302
71,0.028470398931856166,65.9999999715296,0.003591866438248223,-15.62644868664074,0.006478263093883362,0.9806709651006026,862.2641005830267,0.9881050634522737,0.9998538703772873,0.9999999255967164,0.9999999999977082,302
72,0.029038021057751495,65.99999997096198,0.0036050252399535544,-15.619377241426365,0.00649870289550801,0.9806587863717133,862.2640995789784,0.9878694831513233,0.9998480234443285,0.9999999210725896,0.9999999999975203,302
73,0.02961696002113047,65.99999997038304,0.0036184786698373315,-15.612164995868877,0.00651958001713486,0.9806463483151594,862.264098554912,0.9876292693175773,0.9998419433534367,0.9999999162736972,0.9999999999973169,302
74,0.030207441448875418,65.99999996979255,0.003632233892444903,-15.604809160381746,0.006540904369138713,0.980633645094313,862.2640975104287,0.9873843321115577,0.9998356208549697,0.9999999111833787,0.999999999997097,302
75,0.030809695466253596,65.9999999691903,0.0036462982665579516,-15.597306891088582,0.006562686106914794,0.9806206707292733,862.2640964451211,0.9871345800044238,0.9998290463352596,0.999999905783965,0.999999999996859,302
76,0.03142395678660252,65.99999996857605,0.003660679351101739,-15.589655288831915,0.0065849356376407675,0.9806074190929231,862.2640953585742,0.9868799197483589,0.9998222098024637,0.9999999000567188,0.9999999999966015,302
77,0.03205046480280373,65.99999996794953,0.0036753849112499365,-15.581851398168187,0.0066076636272471515,0.980593883906861,862.2640942503647,0.986620256346528,0.9998151008718767,0.9999998939817689,0.9999999999963228,302
78,0.03268946368058007,65.99999996731053,0.0036904229247340567,-15.573892206349074,0.006630881007603076,0.9805800587372073,862.2640931200604,0.986355493022605,0.9998077087506839,0.9999998875380428,0.9999999999960214,302
79,0.03334120245365315,65.99999996665879,0.0037058015883647544,-15.56577464228925,0.006654598983924655,0.9805659369902789,862.2640919672208,0.986085531189867,0.9998000222221344,0.9999998807031936,0.9999999999956953,302
80,0.03400593512079796,65.99999996599406,0.003721529324772554,-15.557495575520765,0.0066788290424134745,0.9805515119081282,862.2640907913968,0.9858102704198546,0.999792029629114,0.9999998734535238,0.9999999999953424,302
81,0.03468392074483246,65.99999996531608,0.0037376147893758193,-15.549051815134218,0.006703582958132909,0.98053677656394,862.2640895921302,0.985529608410596,0.9997837188570949,0.9999998657639033,0.9999999999949607,302
82,0.035375423553580906,65.99999996462458,0.003754066877584072,-15.540440108706965,0.006728872803130356,0.9805217238572855,862.2640883689534,0.9852434409543944,0.9997750773164404,0.9999998576076837,0.9999999999945477,302
83,0.036080713042849814,65.9999999639193,0.0037708947322450453,-15.531657141218608,0.006754710954813654,0.9805063465092236,862.2640871213898,0.9849516619051772,0.9997660919240395,0.9999998489566064,0.9999999999941008,302
84,0.03680006408145737,65.99999996319994,0.0037881077513442023,-15.522699533954045,0.006781110104590327,0.9804906370572465,862.2640858489532,0.9846541631454067,0.9997567490842483,0.9999998397807058,0.9999999999936173,302
85,0.03753375701835642,65.99999996246625,0.0038057155959657146,-15.513563843394456,0.00680808326677853,0.9804745878500642,862.2640845511477,0.9843508345525512,0.9997470346691133,0.9999998300482065,0.9999999999930943,302
86,0.03828207779189358,65.99999996171792,0.0038237281985242823,-15.504246560096576,0.006835643787798965,0.9804581910422231,862.2640832274675,0.9840415639651183,0.9997369339978492,0.9999998197254147,0.9999999999925284,302
87,0.03904531804124643,65.99999996095468,0.003842155771277457,-15.49474410756065,0.006863805355657269,0.9804414385885486,862.2640818773967,0.9837262371482477,0.9997264318155451,0.9999998087766024,0.9999999999919162,302
88,0.03982377522008255,65.99999996017623,0.0038610088151285406,-15.485052841087645,0.006892582009726795,0.9804243222384126,862.2640805004092,0.9834047377588665,0.9997155122710717,0.9999997971638851,0.9999999999912539,302
89,0.04061775271248461,65.99999995938225,0.0038802981287304424,-15.475169046626123,0.006921988150842014,0.9804068335298118,862.2640790959684,0.9830769473104083,0.9997041588941594,0.9999997848470925,0.9999999999905373,302
90,0.04142755995118661,65.99999995857245,0.0039000348179013015,-15.465088939609425,0.006952038551713106,0.9803889637832562,862.2640776635269,0.9827427451370946,0.9996923545716196,0.9999997717836308,0.9999999999897622,302
91,0.04225351253816767,65.99999995774648,0.003920230305363056,-15.454808663783847,0.006982748367672756,0.9803707040954585,862.2640762025263,0.982402008357784,0.9996800815226763,0.9999997579283367,0.9999999999889235,302
92,0.04309593236764968,65.99999995690406,0.003940896340814515,-15.444324290028417,0.007014133147766465,0.9803520453328156,862.2640747123975,0.9820546118393888,0.9996673212733777,0.9999997432333242,0.9999999999880161,302
93,0.04395514775154779,65.99999995604485,0.003962045011350983,-15.433631815167146,0.0070462088461981515,0.9803329781246806,862.2640731925594,0.981700428159863,0.9996540546300547,0.9999997276478197,0.9999999999870346,302
94,0.04483149354742141,65.9999999551685,0.0039836887522428305,-15.422727160774564,0.007078991834143207,0.9803134928564086,862.26407164242,0.9813393275707645,0.9996402616517934,0.9999997111179899,0.9999999999859727,302
95,0.04572531128897671,65.99999995427468,0.0040058403580859395,-15.411606171975494,0.007112498911941605,0.9802935796621784,862.2640700613752,0.9809711779593955,0.999625921621884,0.9999996935867571,0.9999999999848238,302
96,0.04663694931917071,65.99999995336304,0.00402851299433735,-15.400264616240042,0.007146747321684085,0.9802732284175742,862.2640684488085,0.9805958448105256,0.9996110130182139,0.9999996749936054,0.9999999999835809,302
97,0.047566762925969175,65.99999995243324,0.0040517202092499646,-15.388698182174995,0.007181754760204932,0.9802524287319215,862.2640668040917,0.9802131911677017,0.999595513482564,0.999999655274374,0.9999999999822364,302
98,0.048515114480811194,65.99999995148488,0.004075475946220647,-15.376902478312736,0.007217539392495297,0.9802311699403695,862.2640651265837,0.9798230775941507,0.9995793997887741,0.9999996343610388,0.9999999999807819,302
99,0.0494823735798342,65.99999995051763,0.004099794556566551,-15.364873031899075,0.007254119865551524,0.9802094410957093,862.2640634156307,0.9794253621332817,0.9995626478097326,0.999999612181481,0.9999999999792084,302
100,0.05046891718791499,65.99999994953109,0.004124690812745105,-15.35260528768134,0.007291515322673476,0.9801872309599173,862.2640616705662,0.9790199002687938,0.9995452324831553,0.9999995886592419,0.9999999999775061,302
101,0.051475129785582,65.99999994852487,0.004150179922033551,-15.340094606698345,0.007329745418228286,0.9801645279954172,862.2640598907097,0.9786065448843966,0.999527127776107,0.9999995637132624,0.9999999999756647,302
102,0.052501403518857216,65.9999999474986,0.004176277540684592,-15.32733626507384,0.007368830332895651,0.9801413203560461,862.2640580753679,0.9781851462231528,0.9995083066482242,0.9999995372576084,0.9999999999736725,302
103,0.053548138352084905,65.99999994645187,0.004202999788575232,-15.314325452815261,0.007408790789411178,0.9801175958777172,862.264056223833,0.977755551846451,0.9994887410135949,0.9999995092011783,0.9999999999715176,302
104,0.05461574222380789,65.99999994538426,0.004230363264366544,-15.301057272619746,0.007449648068825006,0.9800933420687667,862.2640543353837,0.9773176065926197,0.9994684017012483,0.9999994794473945,0.9999999999691863,302
105,0.05570463120575121,65.99999994429537,0.004258385061192701,-15.287526738689484,0.007491424027293457,0.980068546099973,862.2640524092837,0.9768711525351907,0.9994472584142071,0.9999994478938761,0.9999999999666646,302
106,0.056815229664975625,65.99999994318478,0.004287082782898311,-15.273728775558652,0.007534141113422098,0.9800431947942363,862.2640504447826,0.9764160289408274,0.9994252796870546,0.9999994144320908,0.9999999999639365,302
107,0.057947970429263994,65.99999994205203,0.004316474560843708,-15.259658216934422,0.007577822386179257,0.980017274615907,862.2640484411147,0.9759520722269265,0.9994024328419652,0.9999993789469892,0.9999999999609855,302
108,0.05910329495580491,65.9999999408967,0.004346579071298613,-15.245309804554582,0.007622491533399648,0.9799907716597491,862.2640463974992,0.9754791159189095,0.9993786839431464,0.9999993413166142,0.9999999999577933,302
109,0.06028165350323979,65.99999993971835,0.0043774155534452765,-15.23067818706465,0.007668172890898546,0.979963671639524,862.2640443131397,0.9749969906072171,0.9993539977496415,0.9999993014116891,0.9999999999543402,302
110,0.06148350530713946,65.9999999385165,0.004409003828012945,-15.215757918917461,0.007714891462217487,0.9799359598761838,862.2640421872236,0.9745055239040231,0.9993283376664344,0.9999992590951815,0.9999999999506048,302
111,0.06270931875897998,65.99999993729068,0.0044413643165663085,-15.200543459298503,0.007762672939023401,0.9799076212856558,862.2640400189226,0.974004540399683,0.9993016656938031,0.9999992142218396,0.9999999999465643,302
112,0.06395957158868626,65.99999993604042,0.00447451806147136,-15.185029171080462,0.007811543722183656,0.9798786403662063,862.2640378073917,0.9734938616189375,0.9992739423748637,0.9999991666377029,0.9999999999421936,302
113,0.06523475105081535,65.99999993476524,0.004508486746562914,-15.16920931981075,0.007861530943540404,0.9798490011853653,862.2640355517689,0.972973305976888,0.9992451267412434,0.9999991161795838,0.9999999999374658,302
114,0.06653535411445152,65.99999993346465,0.00454329271853892,-15.153078072735985,0.007912662488408306,0.9798186873663983,862.2640332511751,0.9724426887347665,0.9992151762568243,0.9999990626745168,0.9999999999323519,302
115,0.0678618876568876,65.99999993213811,0.004578959009107565,-15.136629497867736,0.007964967018820683,0.9797876820743047,862.2640309047138,0.971901821955519,0.9991840467594927,0.9999990059391776,0.9999999999268203,302
116,0.06921486866116755,65.99999993078514,0.004615509357914053,-15.119857563094143,0.008018473997549814,0.97975596800133,862.2640285114704,0.9713505144592296,0.9991516924008309,0.9999989457792663,0.9999999999208369,302
117,0.07059482441756747,65.99999992940518,0.004652968236274926,-15.10275613534235,0.008073213712928162,0.9797235273519687,862.2640260705124,0.970788571778406,0.9991180655836853,0.9999988819888551,0.999999999914365,302
118,0.07200229272909406,65.9999999279977,0.004691360871748764,-15.085318979796952,0.008129217304498114,0.9796903418274416,862.2640235808883,0.9702157961131557,0.9990831168975425,0.9999988143496966,0.9999999999073647,302
119,0.07343782212107934,65.99999992656218,0.004730713273573023,-15.067539759180208,0.00818651678951872,0.979656392609627,862.264021041628,0.9696319862862787,0.9990467950516436,0.9999987426304927,0.9999999998997927,302
120,0.07490197205495498,65.99999992509802,0.004771052258997942,-15.049412033099959,0.00824514509035911,0.9796216603444249,862.2640184517417,0.9690369376983083,0.9990090468057666,0.9999986665861192,0.9999999998916028,302
121,0.07639531314628806,65.99999992360469,0.004812405480549374,-15.030929257471744,0.008305136062808884,0.9795861251245329,862.2640158102201,0.9684304422825296,0.9989698168986029,0.999998585956806,0.9999999998827446,302
122,0.07791842738716422,65.99999992208157,0.0048548014542536015,-15.012084784022017,0.008366524525337218,0.9795497664716118,862.264013116034,0.9678122884600092,0.9989290479736528,0.9999985004672681,0.9999999998731633,302
123,0.07947190837300443,65.9999999205281,0.004898269588858271,-14.992871859879774,0.008429346289333181,0.9795125633178178,862.2640103681331,0.9671822610946726,0.9988866805025651,0.9999984098257862,0.9999999998628004,302
124,0.08105636153390368,65.99999991894364,0.004942840216084774,-14.973283627264548,0.008493638190360966,0.9794744939866754,862.2640075654466,0.9665401414484649,0.9988426527058409,0.9999983137232336,0.999999999851592,302
125,0.08267240437058256,65.9999999173276,0.004988544621948613,-14.953313123279058,0.008559438120464924,0.9794355361732705,862.2640047068822,0.9658857071366337,0.9987969004708219,0.9999982118320451,0.9999999998394694,302
126,0.08432066669504194,65.99999991567934,0.005035415079185505,-14.93295327981559,0.008626785061560279,0.9793956669237318,862.2640017913259,0.9652187320831781,0.998749357266882,0.9999981038051267,0.9999999998263581,302
127,0.08600179087601709,65.99999991399821,0.005083484880822304,-14.912196923585588,0.008695719119946838,0.9793548626139769,862.2639988176413,0.9645389864765039,0.998699954057738,0.9999979892747008,0.9999999998121776,302
128,0.08771643208932402,65.99999991228357,0.005132788374933076,-14.89103677628274,0.008766281561983925,0.9793130989276961,862.2639957846698,0.9638462367253341,0.998648619210795,0.9999978678510847,0.999999999796841,302
129,0.08946525857319827,65.99999991053474,0.005183361000622087,-14.86946545489037,0.008838514850966398,0.979270350833541,862.263992691229,0.9631402454149209,0.9985952784034379,0.9999977391213959,0.999999999780254,302
130,0.0912489518887237,65.99999990875105,0.005235239325276812,-14.84747547214485,0.008912462685242581,0.9792265925614901,862.2639895361134,0.962420771263612,0.9985398545261825,0.9999976026481846,0.9999999997623151,302
131,0.09306820718545379,65.99999990693179,0.005288461083135531,-14.825059237167322,0.00898817003761646,0.9791817975783593,862.2639863180935,0.9616875690798231,0.9984822675825941,0.9999974579679842,0.9999999997429142,302
132,0.09492373347232874,65.99999990507627,0.005343065215215566,-14.802209056276995,0.00906568319607787,0.9791359385624231,862.2639830359152,0.9609403897194755,0.9984224345858821,0.9999973045897789,0.9999999997219327,302
133,0.0968162538939936,65.99999990318375,0.0053990919106496945,-14.778917134000078,0.009145049805905685,0.9790889873771145,862.2639796882992,0.9601789800439549,0.9983602694520781,0.9999971419933811,0.9999999996992417,302
134,0.09874650601262626,65.99999990125349,0.005456582649479923,-14.755175574289321,0.00922631891319069,0.9790409150437657,862.2639762739409,0.9594030828786574,0.9982956828897013,0.999996969627715,0.9999999996747024,302
135,0.10071524209538295,65.99999989928476,0.005515580246959293,-14.730976381970198,0.009309541009825999,0.9789916917133542,862.2639727915097,0.9586124369721853,0.998228582285815,0.9999967869090012,0.9999999996481647,302
136,0.10272322940757607,65.99999989727677,0.005576128899414157,-14.70631146443068,0.009394768080014788,0.9789412866372154,862.2639692396484,0.957806776956263,0.9981588715883766,0.9999965932188344,0.9999999996194661,302
137,0.10477125051169625,65.99999989522875,0.005638274231721,-14.681172633572828,0.00948205364834634,0.9788896681366793,862.2639656169727,0.9569858333064452,0.9980864511847813,0.9999963879021517,0.9999999995884312,302
138,0.10686010357239636,65.9999998931399,0.005702063346453605,-14.655551608045409,0.009571452829493239,0.9788368035715957,862.2639619220707,0.9561493323036915,0.9980112177765009,0.9999961702650818,0.9999999995548701,302
139,0.10899060266755618,65.9999998910094,0.005767544874758227,-14.629440015778197,0.009663022379584087,0.978782659307696,862.2639581535026,0.9552969959968901,0.9979330642497126,0.9999959395726706,0.9999999995185779,302
140,0.11116357810554868,65.99999988883643,0.005834769029016172,-14.602829396839788,0.009756820749307888,0.9787272006827535,862.2639543097996,0.9544285421664097,0.997851879541819,0.9999956950464756,0.9999999994793326,302
141,0.11337987674883183,65.99999988662012,0.005903787657355137,-14.575711206642255,0.009852908138807894,0.978670391971493,862.2639503894636,0.9535436842887701,0.9977675485037529,0.9999954358620209,0.9999999994368949,302
142,0.115640362343992,65.99999988435964,0.005974654300072553,-14.54807681951747,0.00995134655442457,0.978612196349198,862.263946390967,0.9526421315025205,0.9976799517579655,0.9999951611461068,0.9999999993910056,300
143,0.11794591585836713,65.99999988205408,0.006047424248036141,-14.519917532691455,0.010052199867349072,0.9785525758539702,862.2639423127514,0.951723588575423,0.9975889655519886,0.9999948699739631,0.9999999993413847,299
144,0.120297435823382,65.99999987970257,0.006122154603128947,-14.491224570684905,0.0101555338742506,0.9784914913475828,862.2639381532272,0.9507877558730397,0.9974944616074707,0.9999945613662408,0.9999999992877296,299
145,0.12269583868472797,65.99999987730416,0.006198904340808123,-14.461989090169725,0.010261416359942743,0.9784289024748771,862.2639339107736,0.9498343293288282,0.9973963069645769,0.9999942342858288,0.9999999992297134,299
146,0.12514205915952464,65.99999987485793,0.0062777343748488925,-14.432202185313463,0.010369917162155991,0.9783647676216409,862.2639295837372,0.9488630004158565,0.9972943638216498,0.9999938876344905,0.9999999991669826,299
147,0.12763705060060232,65.99999987236295,0.006358707624347265,-14.401854893645382,0.010481108238485543,0.9782990438709135,862.2639251704315,0.9478734561202496,0.9971884893700227,0.9999935202493063,0.9999999990991549,299
148,0.13018178536804734,65.99999986981821,0.006441889083057263,-14.370938202480229,0.010595063735585527,0.9782316869576508,862.2639206691366,0.9468653789164883,0.9970785356238829,0.999993130898914,0.9999999990258178,299
149,0.13277725520815478,65.99999986722274,0.006527345891140666,-14.339443055937988,0.010711860060682803,0.9781626512216897,862.2639160780983,0.9458384467446845,0.9969643492450773,0.9999927182795333,0.999999998946525,299
150,0.13542447163993682,65.99999986457553,0.006615147409409619,-14.307360362600269,0.01083157595548571,0.9780918895589417,862.2639113955273,0.9447923329899666,0.9968457713624254,0.9999922810107869,0.9999999988607942,299
151,0.13812446634933667,65.99999986187554,0.006705365296144677,-14.274681003846686,0.010954292572565107,0.9780193533707479,862.2639066195986,0.9437267064641035,0.9967226373864915,0.9999918176312342,0.9999999987681043,299
152,0.140878291591302,65.99999985912171,0.0067980735865733385,-14.241395842917251,0.011080093554287336,0.9779449925113203,862.2639017484512,0.9426412313895164,0.9965947768189434,0.999991326593657,0.9999999986678922,299
153,0.14368702059987523,65.99999985631298,0.006893348775096496,-14.20749573474969,0.01120906511438093,0.977868755233196,862.2638967801864,0.9415355673858259,0.9964620130557021,0.9999908062601264,0.9999999985595498,299
154,0.1465517480064592,65.99999985344826,0.006991269900352636,-14.172971536643812,0.011341296122221024,0.9777905881306234,862.2638917128681,0.940409369459086,0.9963241631849304,0.9999902548967634,0.9999999984424195,299
155,0.1494735902664222,65.99999985052641,0.007091918633212182,-14.137814119808144,0.01147687818991781,0.9777104360807979,862.2638865445215,0.9392622879938692,0.9961810377793627,0.999989670668203,0.999999998315791,299
156,0.15245368609420842,65.99999984754632,0.007195379367796857,-14.102014381847741,0.011615905762297627,0.9776282421828653,862.2638812731321,0.9380939687483684,0.9960324406828852,0.9999890516317458,0.999999998178897,299
157,0.15549319690712318,65.9999998445068,0.007301739315621483,-14.065563260255631,0.011758476209867544,0.9775439476945971,862.2638758966459,0.9369040528526915,0.9958781687912766,0.9999883957311797,0.999999998030908,299
158,0.1585933072779661,65.99999984140669,0.00741108860295825,-14.02845174697436,0.011904689924856686,0.9774574919666519,862.2638704129673,0.935692176810534,0.9957180118270241,0.9999877007902548,0.9999999978709284,299
159,0.16175522539668857,65.99999983824478,0.0075235203715260605,-13.990670904098234,0.012054650420429903,0.9773688123743215,862.2638648199592,0.9344579725044146,0.9955517521081355,0.9999869645057903,0.9999999976979901,299
160,0.16498018354125504,65.99999983501982,0.007639130882610205,-13.952211880791355,0.012208464433171714,0.9772778442466622,862.263859115442,0.9332010672046772,0.9953791643108684,0.9999861844403968,0.9999999975110474,299
161,0.1682694385578929,65.99999983173056,0.0077580196247202535,-13.913065931501132,0.012366242028940901,0.9771845207929086,862.2638532971923,0.9319210835824614,0.9952000152263091,0.9999853580147899,0.9999999973089708,299
162,0.17162427235091618,65.99999982837572,0.007880289424896705,-13.873224435552096,0.012528096712198402,0.9770887730260567,862.2638473629429,0.9306176397268585,0.9950140635107346,0.9999844824996752,0.9999999970905399,299
163,0.17504599238231563,65.999999824954,0.00800604656377959,-13.83267891821,0.01269414553891367,0.9769905296835069,862.2638413103808,0.929290349166475,0.9948210594297013,0.9999835550071804,0.9999999968544363,299
164,0.17853593218130914,65.99999982146407,0.008135400894554938,-13.791421073311945,0.012864509233156966,0.9768897171446457,862.2638351371473,0.9279388208956364,0.9946207445958097,0.9999825724818112,0.9999999965992361,299
165,0.18209545186405116,65.99999981790455,0.008268465965897578,-13.749442787564135,0.013039312307487389,0.9767862593452431,862.2638288408366,0.9265626594054726,0.9944128517001017,0.9999815316909051,0.9999999963234012,299
166,0.18572593866370363,65.99999981427406,0.008405359149031502,-13.706736166615318,0.013218683187248895,0.9766800776885385,862.2638224189948,0.9251614647201348,0.9941971042370603,0.9999804292145555,0.9999999960252702,299
167,0.18942880747107524,65.9999998105712,0.00854620176903155,-13.663293563020606,0.013402754338888765,0.9765710909528798,862.2638158691192,0.9237348324384076,0.993973216223185,0.9999792614349794,0.9999999957030489,299
168,0.1932055013860397,65.99999980679449,0.008691119240492862,-13.6191076062176,0.013591662402415378,0.9764592151957768,862.2638091886571,0.9222823537809831,0.9937408919091323,0.9999780245252984,0.999999995354799,299
169,0.19705749227994696,65.99999980294251,0.008840241207696992,-13.574171234644272,0.013785548328114242,0.9763443636542247,862.2638023750051,0.9208036156436831,0.9934998254854194,0.9999767144377022,0.9999999949784277,299
170,0.20098628136924873,65.99999979901372,0.008993701689406235,-13.528477730136155,0.013984557517643643,0.9762264466411438,862.2637954255075,0.919298200656917,0.9932497007817033,0.9999753268909615,0.9999999945716748,299
171,0.20499339980055944,65.9999997950066,0.009151639228420043,-13.482020754748948,0.014188839969633108,0.9761053714377799,862.2637883374563,0.9177656872516836,0.9929901909596588,0.9999738573572575,0.999999994132099,299
172,0.20908040924738208,65.99999979091959,0.009314197046029838,-13.434794390161668,0.014398550429910185,0.9759810421819014,862.2637811080888,0.9162056497324268,0.9927209581994983,0.999972301048291,0.9999999936570646,299
173,0.21324890251873108,65.9999997867511,0.009481523201510874,-13.386793179825213,0.014613848546482849,0.9758533597516188,862.2637737345877,0.9146176583570759,0.9924416533801862,0.9999706529006344,0.9999999931437255,299
174,0.2175005041798897,65.9999997824995,0.009653770756791923,-13.338012174031311,0.014834899029406752,0.9757222216446519,862.2637662140794,0.913001279424607,0.9921519157534223,0.9999689075602867,0.9999999925890083,299
175,0.22183687118554324,65.99999977816313,0.009831097946445719,-13.288446978087814,0.015061871815668206,0.9755875218528568,862.263758543633,0.9113560753704771,0.9918513726114877,0.9999670593663915,0.9999999919895948,299
176,0.22625969352553565,65.99999977374031,0.010013668353144973,-13.238093803797746,0.01529494223921552,0.9754491507318175,862.263750720259,0.909681604870296,0.9915396389490603,0.9999651023340729,0.9999999913419023,299
177,0.2307706948835,65.9999997692293,0.01020165108873066,-13.186949524451727,0.015534291206272552,0.9753069948653048,862.2637427409086,0.9079774229521111,0.9912163171191369,0.9999630301363468,0.9999999906420632,298
178,0.2353716333086215,65.99999976462837,0.010395220981040936,-13.135011733556485,0.015780105376069865,0.9751609369243855,862.263734602472,0.9062430811176985,0.9908809964832158,0.999960836085058,0.9999999898859019,298
179,0.2400643019007923,65.9999997599357,0.010594558766650292,-13.082278807535848,0.016032577347129644,0.9750108555209686,862.2637263017775,0.9044781274732626,0.9905332530559189,0.999958513110795,0.9999999890689107,298
180,0.24485052950942743,65.99999975514947,0.010799851289670133,-13.028749972655278,0.01629190584924176,0.9748566250555544,862.2637178355901,0.9026821068699652,0.9901726491442605,0.9999560537417309,0.999999988186224,298
181,0.24973218144621248,65.99999975026782,0.011011291706762617,-12.974425376436562,0.0165582959412686,0.9746981155589535,862.2637092006104,0.9008545610547155,0.989798732981798,0.9999534500813355,0.9999999872325898,298
182,0.254711160212062,65.99999974528885,0.01122907969852058,-12.91930616384571,0.016831959214916984,0.9745351925277207,862.2637003934731,0.898995028831671,0.9894110383579243,0.9999506937849028,0.999999986202339,297
183,0.25978940623857144,65.9999997402106,0.011453421687366686,-12.863394558554635,0.01711311400461537,0.9743677167530503,862.2636914107458,0.8971030462349122,0.9890090842426014,0.999947776034835,0.9999999850893534,297
184,0.2649688986442512,65.9999997350311,0.011684531062125072,-12.806693949595758,0.017401985603634172,0.9741955441428592,862.2636822489278,0.8951781467127701,0.98859237440686,0.9999446875146213,0.9999999838870298,295
185,0.2702516560058388,65.99999972974834,0.011922628409418542,-12.749208983748343,0.01769880648658681,0.9740185255367773,862.2636729044486,0.8932198613243023,0.9881603970394334,0.9999414183814462,0.9999999825882424,295
186,0.27563973714498724,65.99999972436026,0.012167941752043679,-12.690945664016375,0.018003816538447497,0.9738365065137492,862.2636633736664,0.8912277189484299,0.9877126243599237,0.9999379582373625,0.9999999811853011,295
187,0.2811352419306403,65.99999971886476,0.012420706794475241,-12.631911454579853,0.018317263290220945,0.9736493271919447,862.2636536528669,0.8892012465062616,0.987248512228946,0.9999342960989567,0.9999999796699084,293
188,0.2867403120974026,65.99999971325968,0.012681167175649505,-12.572115392625085,0.018639402161396704,0.9734568220206545,862.2636437382614,0.8871399691971518,0.9867674997557345,0.9999304203654346,0.999999978033111,293
189,0.292457132080227,65.99999970754287,0.012949574729174339,-12.51156820748442,0.018970496709318815,0.9732588195638392,862.2636336259864,0.8850434107490541,0.9862690089037386,0.9999263187850528,0.9999999762652488,293
190,0.2982879298657432,65.99999970171207,0.013226189751110904,-12.450282447542547,0.019310818885598185,0.973055142274984,862.2636233121005,0.8829110936837519,0.9857524440947887,0.9999219784198137,0.9999999743559003,292
191,0.3042349778605593,65.99999969576503,0.013511281275468823,-12.388272615394476,0.019660649299691607,0.9728456062628971,862.2636127925846,0.8807425395975611,0.9852171918124578,0.9999173856083453,0.9999999722938219,292
192,0.3103005937768752,65.99999968969941,0.013805127357552521,-12.325555311770389,0.02002027748976707,0.9726300210480711,862.2636020633386,0.8785372694581246,0.9846626202052994,0.9999125259268764,0.9999999700668855,292
193,0.31648714153575247,65.99999968351285,0.0141080153652918,-12.26214938877409,0.020390002200969842,0.9724081893092155,862.2635911201812,0.8762948039179288,0.9840880786906969,0.999907384148222,0.9999999676620083,292
194,0.3227970321883928,65.99999967720296,0.014420242278684183,-12.198076113015619,0.020770131671198146,0.9721799066195455,862.2635799588478,0.8740146636451999,0.9834928975601216,0.9999019441986828,0.9999999650650794,292
195,0.329232724855785,65.99999967076728,0.01474211499747023,-12.133359339254136,0.021160983924490534,0.971944961172401,862.2635685749884,0.8716963696728464,0.9828763875866526,0.9998961891127651,0.9999999622608797,291
196,0.3357967276870853,65.99999966420327,0.015073950657155496,-12.068025695205296,0.021562887072119348,0.9717031334957432,862.2635569641665,0.8693394437661431,0.9822378396356818,0.9998901009856205,0.9999999592329961,291
197,0.34249159883710506,65.9999996575084,0.015416076953484573,-12.00210477820738,0.021976179621476202,0.9714541961550653,862.2635451218571,0.8669434088098648,0.9815765242797934,0.9998836609231019,0.9999999559637288,291
198,0.3493199474632876,65.99999965068005,0.015768832475463148,-11.93562936448329,0.022401210792825584,0.9711979134442251,862.263533043445,0.8645077892155968,0.9808916914188768,0.9998768489893283,0.9999999524339919,290
199,0.35628443474256116,65.99999964371557,0.01613256704701308,-11.86863563178075,0.02283834084399181,0.9709340410636937,862.2635207242231,0.8620321113499746,0.9801825699066112,0.9998696441516483,0.9999999486232061,289
200,0.363387774908466,65.99999963661223,0.01650764207733374,-11.801163396221186,0.02328794140303242,0.970662325785685,862.2635081593903,0.8595159039846163,0.9794483671845327,0.9998620242228865,0.999999944509184,289
201,0.3706327363089583,65.99999962936727,0.016894430920029114,-11.733256364238763,0.023750395808937414,0.9703825051056145,862.2634953440496,0.8569586987685376,0.9786882689249816,0.9998539658007548,0.9999999400680055,289
202,0.3780221424853046,65.99999962197786,0.017293319241045366,-11.66496240054524,0.02422609946037895,0.9700943068793045,862.2634822732068,0.8543600307238537,0.977901438684311,0.9998454442043041,0.9999999352738849,288
203,0.38555887327248456,65.99999961444112,0.017704705395446718,-11.596333813113777,0.02471546017251894,0.969797448945334,862.2634689417679,0.8517194387655947,0.9770870175678261,0.9998364334072924,0.9999999300990272,287
204,0.3932458659215358,65.99999960675413,0.01812900081303927,-11.527427656235762,0.02521889854186431,0.9694916387319,862.2634553445373,0.8490364662464772,0.9762441239080192,0.9998269059683357,0.9999999245134741,287
205,0.40108611624427265,65.99999959891389,0.01856663039283169,-11.458306052769586,0.025736848319138656,0.9691765728475314,862.2634414762158,0.8463106615274949,0.9753718529577607,0.999816832957709,0.9999999184849381,287
206,0.40908267978082835,65.99999959091733,0.019018032906299536,-11.389036536768796,0.026269756790117248,0.9688519366549679,862.2634273313988,0.8435415785752107,0.9744692766002082,0.9998061838806575,0.9999999119786241,287
207,0.417238672990475,65.99999958276133,0.019483661409395017,-11.319692417750112,0.02681808516434767,0.9685174038274851,862.2634129045737,0.8407287775866465,0.9735354430773004,0.9997949265970758,0.999999904957038,287
208,0.42555727446618535,65.99999957444273,0.019963983663217104,-11.250353167939048,0.027382308971651684,0.9681726358869143,862.2633981901181,0.8378718256426886,0.9725693767388125,0.9997830272374082,0.9999998973797807,287
209,0.43404172617340875,65.99999956595828,0.02045948256322688,-11.181104833912965,0.02796291846627437,0.9678172817225733,862.2633831822974,0.8349702973909399,0.9715700778140618,0.9997704501146202,0.9999998892033263,287
210,0.4426953347135461,65.99999955730466,0.020970656576860848,-11.112040474148538,0.02856041903851494,0.9674509770902938,862.2633678752627,0.8320237757589682,0.970536522208473,0.9997571576320854,0.9999998803807849,287
211,0.45152147261261455,65.99999954847853,0.021498020189359174,-11.043260624072996,0.02917533163363847,0.9670733440906817,862.2633522630487,0.8290318526989149,0.969467661327329,0.9997431101872325,0.999999870861647,287
212,0.4605235796356036,65.99999953947642,0.022042104357586956,-10.974873790316613,0.029808193177829685,0.9666839906257275,862.2633363395707,0.8259941299644388,0.9683624219291666,0.9997282660707872,0.9999998605915087,286
213,0.4697051641270382,65.99999953029483,0.022603456971585,-10.90699697596798,0.030459557010909057,0.9662825098328262,862.2633200986235,0.8229102199209892,0.9672197060113998,0.999712581361448,0.9999998495117771,286
214,0.47906980437826713,65.99999952093019,0.023182643323539743,-10.839756238744092,0.0311299933254858,0.9658684794952355,862.2633035338772,0.8197797463904085,0.9660383907308958,0.999696009815824,0.9999998375593541,286
215,0.48862115002201156,65.99999951137885,0.023780246583812926,-10.773287284104457,0.031820089612174134,0.9654414614279535,862.2632866388764,0.8166023455308764,0.9648173283623616,0.9996785027534649,0.9999998246662963,285
216,0.49836292345471817,65.99999950163708,0.024396868283616785,-10.707736095462774,0.0325304511104461,0.9650010008379524,862.2632694070367,0.8133776667532178,0.9635553462975492,0.9996600089368102,0.9999998107594503,285
217,0.508298921287269,65.99999949170108,0.025033128803861934,-10.64325960378179,0.03326170126463655,0.9645466256576549,862.2632518316425,0.8101053736746022,0.9622512470884341,0.9996404744458771,0.9999997957600617,283
218,0.5184330158246149,65.99999948156699,0.025689667869641518,-10.580026398976926,0.0340144821845543,0.964077845850493,862.2632339058443,0.806785145110666,0.9609038085376748,0.9996198425475105,0.9999997795833542,283
219,0.5287691565749094,65.99999947123084,0.026367145049745827,-10.518217485702923,0.034789455110085965,0.9635941526873348,862.2632156226564,0.8034166761070937,0.9595117838398227,0.9995980535590124,0.9999997621380802,283
220,0.5393113717887291,65.99999946068863,0.027066240260527157,-10.458027086255413,0.035587300879106144,0.9630950179925091,862.263196974953,0.7999996790116918,0.9580739017769149,0.9995750447059673,0.9999997433260365,283
221,0.550063770028984,65.99999944993623,0.027787654273353973,-10.3996634934867,0.03640872039792986,0.9625798933581028,862.263177955467,0.7965338845879893,0.95658886697225,0.9995507499740769,0.9999997230415467,281
222,0.5610305417721256,65.99999943896945,0.028532109224805764,-10.3433499768126,0.03725443511345756,0.9620482093251432,862.263158556786,0.7930190431713897,0.9550553602063274,0.9995250999548213,0.9999997011709054,281
223,0.5722159610412803,65.99999942778403,0.02930034912866628,-10.289260976072468,0.03812518748607209,0.9614989605938272,862.2631387713501,0.7894549258688903,0.9534720387991078,0.9994980216847545,0.9999996775917825,281
224,0.5836243870719412,65.99999941637562,0.03009314038867085,-10.235380751550823,0.03902174146224858,0.9609171948949079,862.2631185914483,0.7858413258033763,0.9518375370629417,0.9994694384782508,0.9999996521725854,277
225,0.5952602660108717,65.99999940473974,0.030911272310853975,-10.180647628165637,0.03994488294573152,0.9602944531511186,862.2630980092165,0.7821780594034761,0.9501504668296568,0.999439269753579,0.9999996247717746,276
226,0.6071281326488781,65.99999939287187,0.031755557614224994,-10.125053676238762,0.04089542026601932,0.95962903635002,862.263077016633,0.7784649677402087,0.9484094179581677,0.9994074308585392,0.9999995952370992,276
227,0.619232612188131,65.99999938076739,0.03262683293837284,-10.068591183313341,0.04187418464277322,0.9589191944489011,862.2630556055168,0.774701917910638,0.9466129590920251,0.9993738328782171,0.9999995634048335,276
228,0.6315784220447208,65.99999936842158,0.033525959346463186,-10.01125267420081,0.04288203064463504,0.9581631257869855,862.2630337675236,0.7708888044699911,0.9447596384816731,0.9993383824370905,0.9999995290989503,276
229,0.6441703736871514,65.99999935582963,0.03445382282194439,-9.95303093209717,0.043919836640795705,0.9573589765715844,862.2630114941426,0.767025550913272,0.9428479848053202,0.9993009814999702,0.9999994921302036,276
230,0.6570133745114904,65.99999934298663,0.03541133475711978,-9.893919020819084,0.044988505243503375,0.9565048404472957,862.2629887766935,0.7631121112068232,0.9408765081340308,0.999261527162461,0.9999994522951636,275
231,0.6701124297539018,65.99999932988757,0.03639943243157302,-9.83391030821265,0.04608896373953487,0.9555987581580844,862.262965606323,0.7591484713707407,0.9388437010001969,0.9992199114338083,0.9999994093751823,275
232,0.6834726444413114,65.99999931652735,0.03741907947825071,-9.772998490790096,0.047222164508478076,0.9546387173128807,862.262941974001,0.7551346511128603,0.9367480395747404,0.9991760210120023,0.9999993631352873,274
233,0.697099225380962,65.99999930290078,0.038471266334808636,-9.711177619652247,0.04838908542548241,0.9536226522661817,862.2629178705178,0.7510707055149715,0.9345879849585319,0.9991297370510279,0.9999993133229986,273
234,0.7109974831896358,65.99999928900252,0.039557010677617466,-9.648442127757178,0.049590730245930914,0.952548444126053,862.2628932864795,0.7469567267718368,0.9323619845936254,0.9990809349201557,0.9999992596670623,271
235,0.7251728343633336,65.99999927482716,0.04067735783559618,-9.58478685859837,0.0508281289692689,0.9514139209029087,862.2628682123056,0.7427928459835107,0.9300684738000277,0.9990294839551905,0.9999992018760964,271
236,0.7396308033882175,65.9999992603692,0.0418333811807983,-9.520207096358472,0.05210233817898953,0.9502168578134887,862.262842638224,0.7385792350013611,0.9277058774438179,0.9989752472016101,0.9999991396371439,269
237,0.7543770248936399,65.99999924562297,0.043026182492414675,-9.454698597607935,0.05341444135552493,0.9489549777555729,862.2628165542682,0.7343161083280861,0.925272611742533,0.998918081149544,0.9999990726141251,269
238,0.7694172458480993,65.99999923058276,0.04425689229057678,-9.38825762462085,0.05476554915852258,0.9476259519701655,862.2627899502727,0.7300037250719059,0.922767086213811,0.9988578354605667,0.9999990004461843,269
239,0.784757327798976,65.99999921524267,0.0455266701360436,-9.320880980383794,0.05615679967469707,0.9462274009091671,862.2627628158695,0.7256423909549754,0.9201877057733603,0.9987943526863028,0.9999989227459236,269
240,0.8004032491569227,65.99999919959676,0.04683670489153423,-9.252566045376874,0.05758935862713839,0.9447568953279133,862.2627351404838,0.7212324603759225,0.9175328729883775,0.9987274679788662,0.9999988390975165,268
241,0.8163611075257995,65.99999918363889,0.04818821494012301,-9.183310816209861,0.05906441954162644,0.9432119576234261,862.2627069133301,0.7167743385262527,0.9148009904925856,0.9986570087931856,0.9999987490546935,267
242,0.8326371220790613,65.99999916736287,0.049582448355745094,-9.113113946200153,0.06058320386514653,0.9415900634407852,862.2626781234079,0.7122684835601906,0.9119904635690959,0.9985827945812987,0.9999986521385922,267
243,0.8492376359835243,65.99999915076236,0.05102068302046518,-9.04197478798326,0.062146961031421255,0.939888643571694,862.2626487594971,0.7077154088173279,0.9090997029073213,0.9985046364787294,0.9999985478354629,267
244,0.8661691188714552,65.99999913383088,0.05250422668273837,-8.969893438250796,0.06375696846786673,0.9381050861711027,862.2626188101542,0.7031156850972442,0.9061271275401765,0.9984223369830998,0.9999984355942217,266
245,0.8834381693619486,65.99999911656182,0.05403441695044041,-8.896870784715214,0.0654145315379481,0.9362367393196541,862.2625882637074,0.6984699429850242,0.9030711679678011,0.9983356896251652,0.9999983148238402,266
246,0.9010515176325699,65.99999909894848,0.055612621211958424,-8.822908555405318,0.06712098341244188,0.9342809139617552,862.2625571082522,0.6937788752263491,0.8999302694740414,0.9982444786324984,0.9999981848905629,265
247,0.9190160280422759,65.99999908098397,0.05724023647811696,-8.748009370401194,0.06887768486261783,0.9322348872512441,862.2625253316469,0.689043239150552,0.8967028956419083,0.998148478586095,0.9999980451149433,265
248,0.9373387018066237,65.9999990626613,0.05891868913715774,-8.672176796122455,0.07068602396781905,0.9300959063389542,862.2624929215077,0.6842638591397341,0.8933875320742274,0.9980474540702094,0.9999978947686846,265
249,0.9560266797263189,65.99999904397332,0.06064943461440049,-8.595415402288815,0.07254741572935204,0.92786119263894,862.2624598652037,0.6794416291416948,0.8899826903256924,0.997941159315781,0.9999977330712767,264
250,0.9750872449701627,65.99999902491275,0.062433956927577944,-8.517730821677652,0.07446330158199063,0.9255279466127826,862.2624261498526,0.6745775152240777,0.8864869120525509,0.9978293378378474,0.9999975591864163,264
251,0.9945278259134835,65.99999900547218,0.06427376812816117,-8.439129812809032,0.07643514879374816,0.9230933531142107,862.2623917623147,0.6696725581667368,0.8828987733861893,0.9977117220673953,0.9999973722181982,263
252,1.0143559990331596,65.999998985644,0.06617040761826747,-8.35962032569461,0.07846444974387957,0.9205545873392778,862.2623566891889,0.6647278760888998,0.879216889536971,0.997588032978132,0.9999971712070643,262
253,1.034579491860358,65.9999989654205,0.06812544133197057,-8.27921157079343,0.08055272106833342,0.9179088214305557,862.2623209168065,0.6597446671072476,0.8754399196348164,0.9974579797087109,0.9999969551254991,259
254,1.0552061859921502,65.99999894479382,0.07014046076900735,-8.197914091324046,0.08270150266108481,0.9151532317872224,862.2622844312266,0.6547242120205196,0.8715665718122618,0.9973212591810393,0.9999967228734541,257
255,1.076244120163159,65.99999892375588,0.0722170818679912,-8.115739839089674,0.08491235651893159,0.9122850071365786,862.2622472182301,0.6496678770165293,0.8675956083021136,0.9971775557305682,0.9999964732734159,256
256,1.0977014933784612,65.9999989022985,0.07435694370530513,-8.032702253980087,0.08718686541644088,0.9093013574264204,862.2622092633146,0.6445771163943963,0.8635258510171584,0.9970265407192342,0.9999962050652476,256
257,1.1195866681089353,65.99999888041333,0.07656170700483583,-7.948816347322054,0.0895266313967625,0.9061995236018546,862.2621705516887,0.6394534752965723,0.8593561874645017,0.9968678721417938,0.9999959169007414,256
258,1.1419081735503278,65.99999885809183,0.07883305244264358,-7.8640987892577225,0.09193327406300664,0.9029767883345619,862.2621310682657,0.6342985924448208,0.8550855766625535,0.9967011942484122,0.9999956073377569,254
259,1.164674708947296,65.99999883532529,0.08117267872951238,-7.778568000339182,0.09440842865378157,0.8996304877772445,862.2620907976585,0.6291142028714005,0.8507130554050466,0.9965261371623498,0.9999952748340374,254
260,1.1878951469837105,65.99999881210485,0.08358230045310343,-7.69224424753608,0.0969537438853183,0.8961580244210229,862.2620497241732,0.6239021406374772,0.8462377447665228,0.9963423165009485,0.9999949177406513,254
261,1.2115785372405712,65.99999878842146,0.08606364566013436,-7.605149744862446,0.09957087954136583,0.8925568811389021,862.2620078318025,0.6186643415295296,0.8416588568474543,0.9961493330014174,0.9999945342950418,253
262,1.2357341097228423,65.9999987642659,0.08861845315760851,-7.517308758838771,0.10226150379070222,0.888824636504161,862.261965104221,0.6134028457235942,0.8369757017561659,0.9959467721530468,0.9999941226136598,253
263,1.2603712784566259,65.99999873962872,0.09124846951064261,-7.428747719015301,0.10502729021069687,0.8849589814785853,862.2619215247767,0.6081198004061739,0.8321876948236577,0.9957342038375948,0.9999936806841632,253
264,1.2854996451580298,65.99999871450035,0.09395544571284925,-7.339495333793588,0.10786991449383539,0.8809577375719767,862.2618770764863,0.6028174623395742,0.8272943640463976,0.9955111819797131,0.9999932063571593,252
265,1.3111290029752067,65.999998688871,0.0967411335035522,-7.2495827117941225,0.1107910508125157,0.8768188765812633,862.2618317420279,0.597498200358245,0.8222953577511031,0.9952772442094006,0.9999926973374678,251
266,1.3372693403049762,65.99999866273066,0.09960728130430249,-7.159043489030067,0.11379236781569292,0.8725405420249177,862.2617855037338,0.5921644977814711,0.8171904524745903,0.9950319115385771,0.999992151174883,249
267,1.363930844685556,65.99999863606915,0.1025556297452532,-7.067913962159079,0.11687552422912588,0.8681210723962177,862.2617383435847,0.5868189547263908,0.8119795610508953,0.9947746880539767,0.999991565254411,249
268,1.391123906766902,65.9999986088761,0.10558790674989998,-6.976233228098427,0.12004216402901735,0.8635590263672499,862.2616902432015,0.581464290303878,0.8066627408972122,0.9945050606286392,0.9999909367859589,249
269,1.4188591243601925,65.99999858114087,0.10870582214451298,-6.884043330302069,0.12329391115675797,0.8588532100844497,862.2616411838392,0.5761033446782629,0.801240202489778,0.994222498654345,0.999990262793453,249
270,1.4471473065680711,65.99999855285269,0.111911061756268,-6.7913894120125695,0.12663236374026735,0.8540027067059393,862.2615911463786,0.5707390809701771,0.7957123180207712,0.9939264537973714,0.999989540103363,248
271,1.4759994779972085,65.99999852400052,0.11520528096159874,-6.698319876815841,0.13005908778505343,0.8490069083410255,862.2615401113196,0.5653745869800222,0.7900796302277456,0.9936163597799412,0.9999887653326078,247
272,1.505426883054879,65.99999849457312,0.11859009764366375,-6.604886556842167,0.13357561029560028,0.8438655505629437,862.2614880587734,0.5600130767075979,0.7843428613881862,0.9932916321896821,0.9999879348758223,246
273,1.535440990331171,65.99999846455901,0.1220670845149984,-6.511144888973685,0.13718341178499838,0.8385787496773864,862.2614349684543,0.5546578916413664,0.7785029224737271,0.9929516683192923,0.9999870448919632,245
274,1.5660534970685962,65.9999984339465,0.12563776075843866,-6.417154099435503,0.1408839181278841,0.833147042941507,862.2613808196728,0.5493125017900139,0.7725609221295853,0.9925958470599854,0.9999860912901292,245
275,1.5972763337207823,65.99999840272366,0.1293035829362006,-6.322977397166073,0.1446784917086958,0.8275714319410659,862.2613255913266,0.5439805064248756,0.7665181754958748,0.9922235288494794,0.999985069714581,244
276,1.6291216686020717,65.99999837087833,0.1330659351136111,-6.2286821763811915,0.1485684218140214,0.8218534293471622,862.2612692618924,0.5386656344951529,0.7603762139586014,0.9918340556055476,0.9999839755292933,241
277,1.6616019126298216,65.99999833839809,0.13692611814035985,-6.134340228766181,0.15255491421435094,0.8159951092886762,862.2612118094182,0.5333717446864992,0.7541367941576552,0.9914267507556205,0.999982803801488,241
278,1.694729724161234,65.99999830527028,0.14088533802828515,-6.040027965751798,0.15663907987686648,0.8099991615921748,862.2611532115145,0.5281028250792676,0.7478019071979704,0.9910009193026345,0.9999815492844352,238
279,1.728518013926646,65.99999827148199,0.14494469336061133,-5.945826651351232,0.1608219227469958,0.8038689501576373,862.2610934453451,0.522862992365309,0.7413737877664266,0.9905558479480084,0.9999802063994148,238
280,1.7629799500611467,65.99999823702005,0.14910516166316937,-5.851822646059064,0.16510432653226922,0.7976085757560701,862.2610324876184,0.5176564905776067,0.7348549231022482,0.9900908052766102,0.99997876921681,237
281,1.7981289632365423,65.99999820187104,0.15336758466349557,-5.758107662336944,0.16948704041759816,0.79122294355387,862.2609703145789,0.5124876892834026,0.7282480617716566,0.9896050420082323,0.9999772314363078,236
282,1.8339787518956054,65.99999816602124,0.15773265235873182,-5.664779032236683,0.17397066363634875,0.7847178356888491,862.2609069019974,0.5073610811876172,0.7215562221961378,0.9890977913200224,0.999975586366183,235
283,1.8705432875907153,65.99999812945671,0.16220088580799272,-5.571939987737879,0.17855562881657241,0.7780999892441063,862.2608422251614,0.502281279089214,0.7147827008834228,0.9885682692441188,0.9999738269016437,234
284,1.907836820428904,65.99999809216318,0.16677261855923645,-5.479699954405724,0.18324218401638337,0.7713771799886178,862.2607762588658,0.4972530121287463,0.7079310803116529,0.9880156751444117,0.9999719455022219,233
285,1.9458738846254824,65.99999805412611,0.17144797661471328,-5.3881748590039225,0.18803037335678943,0.764558312277507,862.2607089774034,0.49228112126054957,0.7010052364206809,0.9874391922758375,0.9999699341681947,232
286,1.9846693041683914,65.99999801533069,0.17622685683269898,-5.29748745172892,0.19292001615421106,0.7576535155306028,862.260640354554,0.48737055387796413,0.6940093456707698,0.9868379884288637,0.9999677844160275,231
287,2.024238198595463,65.9999979757618,0.18110890365645166,-5.207767643764335,0.19791068444846885,0.7506742477351723,862.260570363575,0.48252635751450423,0.6869478916388945,0.986211216660794,0.9999654872528391,230
288,2.064595988886897,65.99999793540401,0.18609348405413784,-5.119152860888608,0.2030016788151639,0.7436334064477124,862.2604989771904,0.4777536725384487,0.6798256710619528,0.9855580161190145,0.9999630331498712,227
289,2.105758403475182,65.9999978942416,0.191179660545796,-5.031788413905244,0.208192002344056,0.7365454478005422,862.2604261675807,0.4730577237586229,0.6726477980301484,0.9848775130389912,0.9999604120145702,225
290,2.147741484374872,65.99999785225852,0.19636616218526862,-4.945827886702683,0.2134803326572878,0.7294265140517414,862.2603519063717,0.4684438108335364,0.6654197085050995,0.9841688217742133,0.9999576131619887,222
291,2.190561593434543,65.99999780943841,0.201651353356341,-4.8614335427909365,0.21886499183301852,0.7222945702518737,862.2602761646234,0.46391729739007753,0.658147163659239,0.9834310459528867,0.9999546252850627,222
292,2.2342354187134266,65.99999776576458,0.2070332002331147,-4.7787767512037815,0.2243439140912521,0.7151695506380221,862.260198912819,0.45948359874042977,0.6508362519907946,0.9826632797612308,0.9999514364237786,220
293,2.278779980985147,65.99999772122001,0.21250923474480604,-4.698038432699635,0.2299146110892707,0.7080735154051283,862.2601201208532,0.45514816807862135,0.64349339034346,0.9818646093407785,0.9999480339333126,220
294,2.3242126403711443,65.99999767578736,0.21807651587473342,-4.619409527240293,0.2355741346641486,0.7010308185465537,862.2600397580206,0.4509164810313819,0.6361253235366492,0.9810341143136091,0.9999444044510952,220
295,2.3705511031063513,65.9999976294489,0.22373158811213856,-4.543091483775615,0.24131903684922612,0.6940682875003825,862.2599577930037,0.4467940184277911,0.6287391224789115,0.9801708694375695,0.9999405338628155,219
296,2.4178134284397386,65.99999758218657,0.22947043686366875,-4.469296773413412,0.247145326980166,0.6872154153854065,862.2598741938602,0.4427862471423538,0.6213421806456717,0.9792739463917594,0.9999364072673853,217
297,2.466018035672469,65.99999753398197,0.23528844061879325,-4.398249427107592,0.25304842569425184,0.6805045666611127,862.2597889280119,0.4388985988555677,0.6139422088181884,0.9783424156901697,0.999932008940904,217
298,2.515183711336338,65.99999748481629,0.24118031965004272,-4.330185599054446,0.25902311561383956,0.6739711970996085,862.2597019622301,0.43513644656474354,0.6065472280057657,0.9773753487182115,0.9999273222996727,217
299,2.5653296165153696,65.99999743467038,0.2471400810147683,-4.265354157046397,0.26506348849135447,0.6676540890143496,862.2596132626246,0.4315050786656775,0.5991655605105165,0.9763718198827458,0.9999223298623341,215
300,2.6164752943133522,65.9999973835247,0.25316095960998286,-4.204017301095392,0.2711628885788075,0.661595602751109,862.259522794629,0.4280096704150448,0.59180581881091,0.975330908882619,0.9999170132111304,213
301,2.668640677470275,65.99999733135932,0.25923535501578954,-4.146451211704017,0.27731385196951747,0.6558419455109668,862.2594305229879,0.4246552525821475,0.5844768901338044,0.9742517032213136,0.9999113529517198,212
302,2.7218460961306206,65.9999972781539,0.26535476384580864,-4.092946729231867,0.2835080416434368,0.6504434586435177,862.2593364117432,0.4214466770439314,0.5771879204827979,0.9731333006998708,0.9999053286728443,210
303,2.7761122857665095,65.99999722388772,0.27150970730483664,-4.043810065877785,0.28973617793017636,0.645454924621204,862.2592404242199,0.4183885791097525,0.5699482948876884,0.9719748120781089,0.9998989189049619,208
304,2.8314603952588495,65.99999716853961,0.277689653634668,-3.9993635518754234,0.29598796408543837,0.6409358949829458,862.2591425230119,0.41548533632027085,0.5627676143798773,0.9707753638476229,0.9998921010781383,205
305,2.887911995139555,65.99999711208801,0.28388293510845275,-3.9599464175806043,0.3022520066569905,0.6369510406173817,862.2590426699671,0.412741023451656,0.5556556695823556,0.9695341010966595,0.9998848514793091,203
306,2.945489085998145,65.99999705451091,0.2900766592121475,-3.925915613213987,0.30851573029554774,0.6335705258433062,862.2589408261733,0.41015936343928444,0.5486224105601666,0.9682501904590952,0.9998771452089568,203
307,3.004214107055892,65.99999699578589,0.2962577195559366,-3.8976300847441174,0.3147663025479781,0.6308683885387548,862.2588369519423,0.4077436743563076,0.5416779126281385,0.9669228231319876,0.9998689561372793,199
308,3.06410994491097,65.99999693589005,0.3026603978970734,-3.871692416472422,0.3212181453276342,0.6284581043574954,862.2587310067947,0.40549890328689875,0.5348323667683487,0.9655512179629289,0.9998602568599273,198
309,3.1251999424579076,65.99999687480006,0.30946633509949284,-3.845325561478496,0.32803750939659976,0.6260066420726089,862.2586229494443,0.4034364705021013,0.5280963031034511,0.9641346250004771,0.9998510186534354,197
310,3.187507907984902,65.99999681249209,0.31666801213175444,-3.8185243604283974,0.33521690318017555,0.6235134499689499,862.2585127377815,0.40156915486311906,0.5214807984689875,0.962672330115874,0.9998412114306567,196
311,3.25105812445251,65.99999674894188,0.32425550699003375,-3.7912836791609155,0.3427465978444313,0.6209779757079892,862.2584003288576,0.3999096902317109,0.514997485046953,0.9611636602174987,0.9998308036965584,195
312,3.3158753589572973,65.99999668412464,0.3322162568191238,-3.763598413809573,0.350614407631604,0.6183996667047398,862.2582856788678,0.39847067579784284,0.5086585368834502,0.9596079887698112,0.9998197625046491,194
313,3.381984872384218,65.99999661801513,0.3405348015857544,-3.735463496180062,0.3588054532153366,0.6157779705261334,862.2581687431334,0.39726447467954706,0.502476649107531,0.9580047415939401,0.9998080534143019,190
314,3.44941242925138,65.99999655058757,0.3491925080150913,-3.706873899392454,0.3673019068910949,0.6131123353117378,862.2580494760857,0.39630309986330975,0.49646500889455686,0.9563534029279498,0.9997956404492585,189
315,3.518184307751146,65.99999648181569,0.358167272415958,-3.6778246437976283,0.3760827183387711,0.6104022102177212,862.2579278312473,0.39559808636642674,0.49063725707284556,0.9546535217203035,0.9997824860576117,186
316,3.5883273099913695,65.99999641167268,0.3674332009294744,-3.6483108031777003,0.38512331961107443,0.6076470458850122,862.2578037612143,0.3951603484201287,0.48500743925384854,0.9529047181165785,0.9997685510735966,186
317,3.6598687724408676,65.99999634013123,0.37696026563918694,-3.6183275112403823,0.39439530791260596,0.6048462949326224,862.2576772176379,0.39500002038368903,0.4795899452011693,0.9511066900940509,0.9997537946815117,185
318,3.732836576583099,65.99999626716343,0.38671393487790373,-3.587869968417488,0.4038661046400871,0.6019994124771422,862.2575481512054,0.3951262800119359,0.4743994350882629,0.9492592201839652,0.9997381743821175,184
319,3.807259159782278,65.99999619274084,0.39665477595705395,-3.5569334489779862,0.41349858905378384,0.5991058566794427,862.2574165116208,0.3955471526009396,0.46945075121673796,0.9473621822058679,0.9997216459618826,183
320,3.8831655263661355,65.99999611683447,0.40673802842796813,-3.525513308466218,0.42325070484329747,0.5961650893196546,862.2572822475861,0.3962692944219319,0.4647588135318112,0.9454155479327392,0.9997041634653725,180
321,3.960585258929596,65.99999603941474,0.4169131458606274,-3.4936049914761766,0.4330750377372067,0.5931765764015277,862.2571453067801,0.3972977537613869,0.4603384973180512,0.9434193935745213,0.9996856791711701,179
322,4.0395485298638825,65.99999596045147,0.4271233039937086,-3.4612040397728348,0.4429183621851325,0.5901397887873058,862.2570056358387,0.39863570775293244,0.45620449122686396,0.9413739059572082,0.9996661435716205,177
323,4.120086113115412,65.99999587991388,0.4373048729695797,-3.4283061007718385,0.45272115501213633,0.5870542028642909,862.2568631803343,0.40028417306684794,0.4523711336392567,0.9392793882527519,0.9996455053566701,176
324,4.202229396179201,65.99999579777061,0.44738685121887095,-3.3949069363889564,0.46241707380857056,0.5839193012442997,862.2567178847542,0.40224168839685576,0.4488522253295894,0.9371362650824084,0.9996237114020642,175
325,4.286010392331316,65.9999957139896,0.45729025840066667,-3.361002432270972,0.47193239767294587,0.580734573497258,862.2565696924787,0.40450396653642084,0.44566081615159936,0.9349450867956147,0.9996007067620543,175
326,4.371461753105277,65.99999562853824,0.46692748463577766,-3.3265886074197484,0.4811854277706519,0.5774995169202051,862.2564185457599,0.4070635136867979,0.44280896329502545,0.9327065326964488,0.9995764346666627,174
327,4.458616781017141,65.99999554138321,0.4762015930911847,-3.291661624221486,0.4900858450067357,0.5742136373430289,862.2562643856985,0.4099092134951936,0.4403074586334771,0.9304214129435996,0.9995508365235171,170
328,4.547509442544327,65.99999545249055,0.4850055727830689,-3.256217798893216,0.49853402193595114,0.5708764499722756,862.2561071522211,0.4130258731339868,0.4381655223829899,0.92809066882224,0.9995238519240219,168
329,4.638174381363219,65.99999536182563,0.49322153826303045,-3.220253612358761,0.5064202858471497,0.5674874802744266,862.255946784057,0.4163937285710612,0.4363904601438041,0.9257153710378728,0.9994954186535064,166
330,4.730646931850622,65.99999526935306,0.5007198726364438,-3.183765721566519,0.5136241297611785,0.5640462649000653,862.2557832187138,0.4199879059928005,0.4349872802317108,0.9232967156323099,0.9994654727047543,165
331,4.824963132854492,65.99999517503687,0.5073583101326347,-3.1467509712614112,0.5200133678710444,0.5605523526503937,862.2556163924534,0.423777836120599,0.43395826797027953,0.9208360170738238,0.9994339482939879,164
332,4.92115974173913,65.99999507884026,0.5129809542027319,-3.1092064062235276,0.5254432317293417,0.5570053054876055,862.2554462402672,0.427726617982861,0.43330251345069476,0.9183346980060162,0.9994007778781222,163
333,5.019274248710474,65.99999498072575,0.5174439468140245,-3.071129283985908,0.5297805743936959,0.5534046995906431,862.2552726958511,0.431790397829317,0.43301538929487277,0.9157942750818714,0.9993658921716158,160
334,5.119344891426931,65.99999488065511,0.5215321574390208,-3.032517088044006,0.533766767039785,0.5497501264579221,862.2550956915785,0.43593359516298386,0.43308838579391695,0.9132163407607802,0.9993292201608382,160
335,5.221410669901558,65.99999477858933,0.5256815714425425,-2.9933675415692678,0.5378128394138381,0.546041194058629,862.2549151584755,0.4401522834461407,0.4335112573218371,0.9106025481426805,0.9992906891147532,160
336,5.325511361701345,65.99999467448863,0.5298926220946578,-2.9536786216392406,0.5419192237934699,0.5422775280342426,862.2547310261928,0.4444471333030483,0.4342736262871614,0.9079546068341221,0.9992502245949919,158
337,5.43168753744949,65.99999456831246,0.5341657214868124,-2.913448573996534,0.5460863320849623,0.5384587729519655,862.254543222979,0.4488187879013777,0.43536509613142765,0.9052742821337378,0.9992077504685318,158
338,5.539980576636817,65.99999446001942,0.538501259023234,-2.872675928348721,0.5503145543521316,0.5345845936117835,862.2543516756524,0.45326786107060313,0.43677528334970533,0.9025633943225698,0.9991631889236529,156
339,5.650432683748346,65.99999434956732,0.5428995998454904,-2.831359514221201,0.554604257279225,0.5306546764089122,862.2541563095724,0.4577949355317319,0.43849384801052893,0.8998238180395297,0.9991164604891838,155
340,5.763086904711476,65.9999942369131,0.5473610831878163,-2.789498477374649,0.5589557825654456,0.5266687307534172,862.2539570486108,0.46240056108187966,0.4405105238369961,0.8970574816684701,0.999067484057664,155
341,5.8779871436720015,65.99999412201285,0.5518860206607549,-2.7470922967985145,0.5633694452486208,0.5226264905488355,862.2537538151215,0.4670852527325872,0.44281514699353064,0.8942663667888264,0.9990161769124305,153
342,5.995178180104699,65.99999400482181,0.5564746944606007,-2.7041408022915228,0.5678455319554723,0.518527715731647,862.2535465299111,0.47184948880083977,0.4453976812202573,0.8914525078401325,0.9989624547581558,151
343,6.114705686264957,65.99999388529432,0.5611273555020604,-2.660644192639826,0.572384299075866,0.5143721938734896,862.2533351122073,0.47669370895126045,0.44824824471333236,0.8886179916411305,0.9989062317569259,151
344,6.236616244988399,65.99999376338376,0.5658442214714874,-2.6166030544028214,0.5769859708583548,0.5101597418480234,862.2531194796279,0.48161831218820833,0.45135713231260505,0.8857649571811332,0.9988474205680693,151
345,6.3609573678453994,65.99999363904263,0.5706254747979829,-2.572018381316139,0.5816507374242568,0.5058902075643894,862.2528995481484,0.4866236547958708,0.4547148373374476,0.8828955953931804,0.9987859323934999,150
346,6.4877775136574725,65.99999351222249,0.5754712605395822,-2.526891594320609,0.586378752697429,0.5015634717692279,862.2526752320697,0.49171004822452863,0.45831207112887873,0.8800121490307338,0.9987216770282893,147
347,6.617126107382926,65.9999933828739,0.5803816841816954,-2.481224562225186,0.5911701322468456,0.497179449919238,862.2524464439842,0.496877756921228,0.46213977914828763,0.8771169127172437,0.9986545629164532,144
348,6.749053559378949,65.99999325094645,0.5853568093448932,-2.4350196230110277,0.5960249510389921,0.4927380941262916,862.2522130947422,0.5021269961015568,0.46618915722774495,0.8742122329261967,0.9985844972135041,143
349,6.883611285047827,65.99999311638871,0.5903966553990808,-2.388279605782816,0.6009432410970398,0.48823939517711257,862.2519750934167,0.5074579294612201,0.4704516633146895,0.8713005081904416,0.9985113858546314,143
350,7.020851724874747,65.99999297914827,0.5955011949810264,-2.341007853372424,0.6059249890636718,0.48368338462956495,862.2517323472688,0.5128706668230243,0.4749190288838471,0.8683841892597908,0.9984351336302721,143
351,7.160828364865214,65.99999283917164,0.6006703514121653,-2.293208245598656,0.6109701336643806,0.4790701369875803,862.2514847617105,0.5183652617179173,0.47958326641408816,0.8654657794355681,0.9983556442683006,143
352,7.303595757389822,65.99999269640425,0.6059039960135286,-2.2448852231855327,0.6160785630679694,0.4743997719567778,862.2512322402687,0.5239417088954128,0.4844366752042605,0.8625478349249451,0.9982728205239998,143
353,7.449209542444688,65.99999255079045,0.6112019453146023,-2.1960438123399517,0.6212501121409345,0.469672456782812,862.2509746845474,0.5295999417595894,0.4894718455274939,0.859632965206665,0.9981865642782413,142
354,7.5977264693357665,65.99999240227353,0.6165639581528584,-2.146689649987894,0.6264845595923325,0.4648884086744876,862.2507119941891,0.5353398297282247,0.49468165937226893,0.8567238335140653,0.9980967766437361,139
355,7.749204418795406,65.99999225079559,0.6219897326606508,-2.0968290096665116,0.6317816250056641,0.4600478973136649,862.2504440668364,0.5411611755074579,0.5000592909643907,0.853823157216813,0.9980033580808437,138
356,7.903702425539966,65.99999209629758,0.6274789031361278,-2.0464688280672383,0.6371409657542588,0.4551512474539532,862.2501707980912,0.5470637122839469,0.5055982019648873,0.8509337084257689,0.9979062085217261,138
357,8.061280701277054,65.9999919387193,0.6330310367947547,-1.9956167322229394,0.6425621737965634,0.4501988416101749,862.2498920814746,0.5530471008204364,0.5112921383627433,0.8480583143511866,0.9978052275055863,137
358,8.222000658171584,65.99999177799934,0.6386456303980171,-1.9442810673294568,0.6480447723476952,0.44519112284053397,862.2496078083858,0.5591109264586736,0.5171351226071356,0.8451998578259604,0.9977003143233527,137
359,8.385924932779554,65.99999161407507,0.6443221067558207,-1.8924709251893281,0.6535882124235539,0.4401285976233917,862.2493178680588,0.5652546960170068,0.5231214457546148,0.8423612776701317,0.9975913681738208,135
360,8.553117410459134,65.99999144688259,0.6500598110990913,-1.8401961732622718,0.6591918692537427,0.43501183883048716,862.2490221475203,0.5714778345801865,0.5292456577356557,0.8395455690087993,0.9974782883311,134
361,8.723643250268319,65.99999127635675,0.6558580073190373,-1.78746748430396,0.6648550385594922,0.42984148879838946,862.2487205315451,0.5777796821814477,0.5355025537504444,0.8367557836608096,0.9973609743231872,130
362,8.897568910359054,65.9999911024311,0.6617158740695355,-1.7342963665708309,0.6705769326927491,0.4246182624998789,862.2484129026112,0.584159490352981,0.5418871634888216,0.8339950301483763,0.9972393261242796,127
363,9.07496217387765,65.99999092503782,0.6676325007290734,-1.680695194564919,0.6763566766325454,0.41934295081687917,862.2480991408544,0.5906164185632259,0.5483947346801764,0.8312664738680865,0.997113244358547,126
364,9.2558921753815,65.99999074410782,0.6736068832186912,-1.6266772402884297,0.6821933038347352,0.4140164239164576,862.2477791240215,0.5971495305034842,0.5550207201267977,0.8285733368128778,0.9969826305187377,126
365,9.440429427782608,65.99999055957058,0.679637919672367,-1.5722567049730851,0.6880857519311647,0.40863963473128884,862.2474527274226,0.6037577902509687,0.5617607597334622,0.8259188973824105,0.9968473871973397,125
366,9.62864584982813,65.99999037135414,0.6857244059563027,-1.517448751244404,0.694032858274317,0.40321362254586135,862.2471198238825,0.6104400582827452,0.5686106624666354,0.8233064899454579,0.9967074183322846,124
367,9.820614794128993,65.99999017938521,0.6918650310336036,-1.4622695356754807,0.7000333553234768,0.3977395166895369,862.2467802836914,0.617195087313221,0.5755663915419973,0.8207395039249237,0.9965626294686284,123
368,10.016411075747142,65.99998998358892,0.6980583721708676,-1.4067362416791152,0.706085865868441,0.39221854033742903,862.2464339745542,0.6240215180175218,0.5826240409656372,0.8182213831580399,0.9964129280328357,123
369,10.216111001352866,65.99998978388899,0.704302889983269,-1.350867112680597,0.7121888980868382,0.38665201441986,862.2460807615391,0.6309178745131356,0.5897798229886092,0.8157556242487348,0.9962582236261576,122
370,10.419792398963427,65.9999895802076,0.7105969233147751,-1.294681485506657,0.7183408404311169,0.38104136164095836,862.2457205070252,0.6378825596988779,0.5970300499468892,0.8133457749633651,0.996098428332229,121
371,10.627534648274503,65.99998937246535,0.7169386839502168,-1.23819982391862,0.7245399563413139,0.3753881106067271,862.2453530706483,0.6449138505035173,0.6043711024112063,0.810995433172537,0.9959334570366364,120
372,10.839418711596503,65.9999891605813,0.7233262511560398,-1.1814437522096362,0.7307843787797557,0.3696939000626456,862.2449783092472,0.6520098927439909,0.611799425728816,0.8087082436017395,0.9957632277718338,119
373,11.055527165407506,65.99998894447283,0.7297575660466668,-1.124436088777295,0.7370721045839093,0.3639604832405979,862.2445960768074,0.6591686959583799,0.6193115019266818,0.8064878957961291,0.9955876620710177,119
374,11.275944232535451,65.99998872405577,0.7362304257735549,-1.0672008795733683,0.7434009886336814,0.35818973231459084,862.2442062244039,0.666388127931162,0.626903835083412,0.8043381208192909,0.9954066853429592,118
375,11.500755814981778,65.99998849924418,0.7427424775341683,-1.0097634313224328,0.7497687378295567,0.35238364296439434,862.2438086001441,0.673665909075732,0.634572928733387,0.8022626880463177,0.9952202272612025,116
376,11.730049527399652,65.99998826995048,0.7492912123982959,-0.9521503443900325,0.7561729048780905,0.3465443390458405,862.2434030491082,0.6809996065312971,0.6423152705015964,0.8002654010527481,0.9950282221722825,116
377,11.963914731239498,65.99998803608527,0.755873958949323,-0.8943895451694259,0.7626108818814005,0.3406740773661178,862.2429894132886,0.6883866280736435,0.6501273125751935,0.7983500933092534,0.9948306095193604,115
378,12.2024425695754,65.99998779755742,0.7624878767383281,-0.8365103178431028,0.7690798937274711,0.334775252561925,862.242567531529,0.6958242157701562,0.6580054547580731,0.796520623226328,0.9946273342831511,112
379,12.445726002625864,65.999987554274,0.7691299495491256,-0.7785433353617208,0.7755769912782675,0.3288504020778581,862.2421372394613,0.7033094394118662,0.6659460262376129,0.7947808687741857,0.9944183474386609,110
380,12.693859843982631,65.99998730614016,0.7757969784726738,-0.7205206894683979,0.7820990443528649,0.3229022112418622,862.2416983694416,0.7108391896843729,0.6739452691743606,0.7931347214551222,0.9942036064282731,110
381,12.946940797561991,65.9999870530592,0.7824855747896227,-0.662475919580403,0.7886427345030524,0.31693351843397155,862.2412507504852,0.7184101710869634,0.6819993226951172,0.7915860796954051,0.9939830756502133,108
382,13.205067495292594,65.99998679493251,0.7891921526601166,-0.6044440403234671,0.7952045475791345,0.3109473203439329,862.2407942081998,0.7260188946152734,0.6901042056246519,0.790138841738609,0.9937567269612226,108
383,13.468340535554866,65.99998653165946,0.7959129216204139,-0.5464615674954911,0.8017807660839731,0.3049467773125839,862.2403285647175,0.7336616701593665,0.6982558017375395,0.7887968977742106,0.9935245401937599,108
384,13.736862522386586,65.99998626313747,0.8026438788863183,-0.48856654221704027,0.8083674613136511,0.29893521875111095,862.2398536386263,0.7413345986502965,0.7064498443418016,0.7875641214802249,0.9932865036857853,108
385,14.010738105470338,65.9999859892619,0.8093808014639475,-0.43079855300474257,0.814960485283537,0.29291614863146304,862.2393692448985,0.7490335639433385,0.7146819009904289,0.7864443609038387,0.9930426148222037,107
386,14.290074020917993,65.99998570992598,0.8161192380688991,-0.37319875548135306,0.8215554624389496,0.2868932510403144,862.2388751948193,0.7567542244225534,0.7229473593488321,0.7854414285892656,0.9927928805869195,107
387,14.574979132868457,65.99998542502087,0.8228545008555146,-0.3158098894118217,0.8281477811501136,0.2808703957879767,862.2383712959133,0.7644920043445441,0.7312414126319431,0.7845590910286662,0.9925373181234576,106
388,14.865564475914779,65.99998513443552,0.8295816569586014,-0.2586762927288141,0.8347325849916205,0.2748516440626142,862.2378573518695,0.772242084905682,0.7395590457912489,0.7838010573356419,0.9922759553027073,104
389,15.161943298376979,65.9999848380567,0.836295519850715,-0.20184391218329806,0.8413047638071922,0.2688412541189735,862.2373331624649,0.7799993950415802,0.7478950217464757,0.7831709671611163,0.9920088312955335,104
390,15.464231106437852,65.99998453576889,0.8429906405189266,-0.1453603102258158,0.8478589445612,0.26284368698958893,862.2367985234863,0.7877586019577896,0.7562438678010314,0.7826723778178709,0.9917359971479854,104
391,15.772545709158468,65.99998422745429,0.8496612984658685,-0.08927466769221759,0.8543894819790879,0.2568636122051104,862.2362532266517,0.7955141013919697,0.7645998623573319,0.7823087505818246,0.9914575163565366,104
392,16.087007264391417,65.99998391299273,0.8563014925408381,-0.03363778183320312,0.8608904489796427,0.25090591350893665,862.2356970595282,0.8032600076145152,0.7729570216034871,0.7820834361669677,0.9911734654403509,103
393,16.40773832560918,65.99998359226167,0.8629049316077715,0.021497940809567878,0.8673556269028858,0.24497569454979984,862.23512980545,0.8109901431678852,0.7813090864492629,0.7819996593328783,0.9908839345074154,102
394,16.73486388966637,65.99998326513611,0.8694650250580691,0.07607849721745652,0.8737784955383178,0.23907828453425292,862.234551243434,0.8186980283535935,0.789649509407043,0.7820605026216065,0.990589027810851,100
395,17.068511445514034,65.99998293148856,0.8759748731774804,0.13004830697756703,0.8801522229592412,0.23321924381921885,862.2339611480936,0.8263768704709991,0.7979714415791473,0.7822688891920231,0.9902888642914736,100
396,17.408811023885256,65.99998259118898,0.8824272573776267,0.18335023825793872,0.8864696551700167,0.22740436942279835,862.2333592895512,0.8340195528166098,0.8062677196579497,0.7826275647370959,0.9899835781021904,100
397,17.755895247971463,65.99998224410476,0.8888146303042048,0.23592564134710065,0.8927233055743066,0.22163970042944606,862.2327454333487,0.8416186234544045,0.8145308528199358,0.7831390784724761,0.9896733191093819,99
398,18.109899385108818,65.99998189010061,0.895129105835497,0.28771439048136344,0.8989053442736744,0.21593152326336673,862.2321193403561,0.8491662837643068,0.8227530097521896,0.7838057631635746,0.9893582533660586,97
399,18.470961399495426,65.9999815290386,0.9013624489865713,0.3386549347384378,0.9050075872073536,0.21028637680154838,862.2314807666792,0.8566543767855171,0.8309260054491371,0.7846297141982664,0.9890385635509187,95
400,18.839222005959233,65.99998116077799,0.9075060657363749,0.38868435883471997,0.9110214851455286,0.20471105729525407,862.2308294635634,0.8640743753638225,0.8390412881063417,0.7856127676704948,0.9887144493671168,95
401,19.21482472479826,65.99998078517528,0.9135509927970045,0.4377384547267666,0.9169381125501833,0.1992126230659706,862.2301651772982,0.8714173701212278,0.8470899258759231,0.7867564774780424,0.9883861278938387,94
402,19.59791593771386,65.99998040208406,0.9194878873465624,0.48575180498457704,0.9227481563193677,0.19379839893882347,862.2294876491181,0.8786740572648072,0.8550625934938325,0.7880620914245726,0.9880538338832662,94
403,19.988644944859466,65.99998001135505,0.9253070167494136,0.5326578789764242,0.9284419044327432,0.1884759803732064,862.2287966151015,0.8858347262507122,0.8629495590072175,0.7895305263049355,0.9877178199949774,93
404,20.387164023026404,65.99997961283597,0.9309982482901769,0.5783891429816461,0.9340092345183728,0.18325323724692594,862.2280918060686,0.8928892473282011,0.8707406703148328,0.7911623419885444,0.9873783569590243,93
405,20.79362848499003,65.99997920637152,0.9365510389505429,0.6228771854300117,0.9394396023630651,0.1781383172464158,862.2273729474765,0.8998270589855396,0.8784253416287036,0.7929577144938238,0.9870357336583724,93
406,21.208196740039014,65.99997879180326,0.9419544252609683,0.6660528585538759,0.9447220303910604,0.17313964881158994,862.2266397593123,0.906637155320738,0.8859925400572635,0.794916408044543,0.9866902571207131,93
407,21.631030355711225,65.99997836896965,0.9471970132624848,0.7078464378329,0.9498450961385494,0.1682659435796173,862.2258919559846,0.9133080733689096,0.8934307720408222,0.7970377461326903,0.9863422524087696,93
408,22.062294120760793,65.99997793770588,0.9522669686173059,0.7481878007111518,0.9547969207544362,0.16352619826729478,862.2251292462117,0.9198278804152773,0.9007280697851082,0.7993205815905003,0.985992062397577,93
409,22.502156109380195,65.99997749784389,0.9571520069105977,0.7870066261729526,0.9595651575608843,0.15892969592678935,862.2243513329092,0.9261841613256775,0.9078719778440794,0.801763265678603,0.9856400474264082,93
410,22.950787746703114,65.99997704921225,0.9618393841897791,0.8242326168777592,0.9641369807105755,0.1544860065042251,862.2235579130739,0.9323640059343332,0.9148495396512644,0.8043636162247431,0.9852865848120809,93
411,23.408363875612913,65.99997659163613,0.9663158877919726,0.8597957456758191,0.9684990739812567,0.15020498662495693,862.222748677666,0.9383539965262899,0.9216472842334452,0.807118884825357,0.9849320682096431,93
412,23.875062824883315,65.99997612493718,0.9705678275148483,0.8936265284560126,0.9726376197520737,0.14609677852331,862.2219233114891,0.9441401954606838,0.928251212959859,0.8100257231524116,0.9845769068054256,93
413,24.351066478677627,65.99997564893353,0.9745810271910305,0.9256563254155489,0.9765382882104158,0.14217180802809248,862.2210814930678,0.949708132979483,0.9346467865952858,0.8130801483878297,0.9842215243266551,93
414,24.83656034743333,65.99997516343966,0.9783408167315497,0.9558176729886714,0.9801862268425356,0.13844078150825834,862.2202228945223,0.9550427952560453,0.9408189125203588,0.8162775078403601,0.9838663578507492,93
415,25.331733640160316,65.99997466826636,0.9818320247095255,0.9840446488289858,0.983566050266102,0.13491468167567225,862.2193471814412,0.9601286127393888,0.9467519322181683,0.8196124427920128,0.9835118563965196,93
416,25.836779338180122,65.99997416322066,0.9850389715613709,1.0102732724076406,0.9866618304680811,0.13160476213400255,862.2184540127513,0.9649494488545781,0.9524296091637793,0.8230788516264933,0.983158479278529,93
417,26.351894270335748,65.99997364810572,0.9879454634893865,1.0344419439686285,0.9894570875169952,0.12852254055427298,862.2175430405853,0.9694885891275052,0.9578351170713322,0.8266698523118862,0.9828066942047852,93
418,26.877279189700534,65.99997312272082,0.9905347871566371,1.0564919247731643,0.9919347808246569,0.12567979034853885,862.2166139101465,0.9737287308058767,0.9629510286276826,0.8303777443074686,0.9824569750969937,93
419,27.413138851816825,65.99997258686115,0.9927897052725553,1.0763678617684274,0.9940773010389764,0.12308853070344102,862.2156662595705,0.9776519730548724,0.9677593048181933,0.8341939699753095,0.9821097996115524,93
420,27.95968209449411,65.9999720403179,0.9946924531758043,1.0940183600327253,0.9958664626564296,0.12076101482503415,862.214699719785,0.981239807813927,0.9722412848605231,0.8381090755928231,0.9817656463384201,93
421,28.517121919198356,65.99997148287808,0.9962247365296041,1.1093966065801273,0.9972834974502413,0.11870971623519413,862.2137139143663,0.9844731114070187,0.9763776768699014,0.8421126720660108,0.9814249916539949,93
422,29.08567557406408,65.99997091432442,0.9973677302539954,1.122461049353791,0.9983090488183812,0.11694731294807721,862.2127084593927,0.987332137007033,0.9801485493570503,0.8461933954555151,0.9810883062031199,93
423,29.665564638561126,65.99997033443536,0.9981020788294724,1.133176135499507,0.9989231671640623,0.11548666934245726,862.2116829632956,0.9897965080632465,0.9835333236616818,0.8503388674390944,0.9807560509843359,93
424,30.2570151098499,65.99996974298489,0.9984471031440896,1.141513113290567,0.9991457901905939,0.11434081553224944,862.2106370267074,0.9918466429802772,0.9865108442851647,0.8545356560585504,0.9804286730115787,93
425,30.86025749085787,65.9999691397425,0.9986911465303843,1.1474509023726807,0.999280181517346,0.11352292402312175,862.2095702423057,0.9935063710137984,0.9890672076815781,0.8587693133913142,0.9801066005738688,93
426,31.475526880112486,65.99996852447312,0.9988675875756609,1.150977037314977,0.9993771111520163,0.11304628342767714,862.2084821946562,0.9948415560484382,0.9912162460973933,0.8630249582989831,0.979790238841167,93
427,32.10306306336469,65.99996789693694,0.9989393671713658,1.1521207186160836,0.9994165121805354,0.11291942462150938,862.2073724600498,0.9959046977285602,0.9929920850034306,0.8672881564327778,0.9794799673435577,93
428,32.7431106070396,65.99996725688939,0.9989656781482924,1.1524227587326121,0.9994309871805437,0.11292037725673475,862.2062406063392,0.996739195303831,0.9944359622947072,0.8715454109007094,0.9791761392627061,93
429,33.395918953549916,65.99996660408105,0.9989920694433385,1.152730321875265,0.9994455063566434,0.11292281162546347,862.2050861927704,0.9973903435911133,0.9955928713171148,0.8757844013106966,0.9788790817341448,93
430,34.06174251850991,65.99996593825747,0.9990185285734072,1.1530434984932167,0.9994600628408135,0.1129267863004322,862.203908769812,0.9978965217459793,0.9965088144647337,0.8799941609775925,0.9785890969055894,93
431,34.740840789887585,65.99996525915921,0.9990450424715558,1.153362380072876,0.9994746494438252,0.1129323603684621,862.2027078789798,0.9982887064464753,0.997226868782283,0.8841651226402805,0.9783064635601841,93
432,35.43347842913337,65.99996456652157,0.9990715974760352,1.153687059129291,0.9994892586492142,0.11293959330316754,862.2014830526593,0.9985917579232414,0.9977852204573827,0.8882890537096509,0.978031438972254,93
433,36.13992537432552,65.99996386007463,0.9990981793200029,1.154017629196302,0.9995038826076218,0.11294854482280221,862.2002338139243,0.9988255126274459,0.9982165073024234,0.8923589354032266,0.9777642607573682,93
434,36.86045694537138,65.99996313954306,0.9991247731220111,1.1543541848153784,0.9995185131315625,0.11295927473203635,862.1989596763509,0.9990057047547533,0.9985479080346987,0.8963688191796654,0.9775051485845644,93
435,37.595353951306706,65.99996240464606,0.9991513633773815,1.1546968215230728,0.9995331416906806,0.11297184274637226,862.1976601438291,0.9991447399458111,0.9988016054830356,0.9003136813396448,0.9772543056830303,93
436,38.34490279973362,65.9999616550972,0.9991779339505866,1.155045635837024,0.9995477594075612,0.11298630829781382,862.1963347103703,0.9992523394445556,0.9989954205397399,0.904189286293689,0.9770119201198425,93
437,39.10939560844103,65.99996089060438,0.9992044680687687,1.1554007252404441,0.9995623570541643,0.11300273032030791,862.1949828599104,0.9993360721284682,0.999143483250481,0.9079920645621649,0.9767781658462579,93
438,39.889130319249944,65.99996011086968,0.9992309483165375,1.1557621881650115,0.9995769250489659,0.11302116701337081,862.1936040661101,0.999401794434974,0.9992568670301607,0.9117190072560111,0.9765532035355773,93
439,40.684410814128896,65.99995931558918,0.9992573566321984,1.1561301239720931,0.9995914534548845,0.11304167558220232,862.1921977921495,0.9994540070545431,0.9993441640592297,0.9153675770891256,0.9763371812273528,93
440,41.495547033624426,65.99995850445296,0.9992836743055808,1.1565046329322266,0.9996059319780883,0.11306431195247052,862.190763490521,0.9994961455359046,0.9994119787684724,0.9189356347713192,0.9761302348111455,93
441,42.322855097652294,65.9999576771449,0.9993098819776407,1.1568858162027693,0.9996203499677793,0.11308913045782443,862.1893006028159,0.9995308141459849,0.9994653432631255,0.9224213790659604,0.9759324883741427,93
442,43.1666574286976,65.99995683334257,0.9993359596420336,1.15727377580364,0.9996346964170607,0.11311618349805651,862.1878085595077,0.999559972352209,0.999508059881947,0.9258232987044563,0.9757440544374254,93
443,44.02728287747049,65.99995597271712,0.9993618866488677,1.1576686145910573,0.9996489599650048,0.11314552116569332,862.1862867797317,0.9995850836820043,0.9995429775357131,0.9291401341952659,0.9755650341069931,93
444,44.90506685106781,65.99995509493314,0.9993876417108594,1.1580704362291954,0.9996631289000422,0.11317719083863931,862.1847346710589,0.9996072323608235,0.9995722129400629,0.9323708479439325,0.9753955171571939,93
445,45.80035144368921,65.99995419964856,0.9994132029121369,1.1584793451596518,0.9996771911648087,0.11321123673633555,862.1831516292664,0.9996272145072096,0.9995973273201949,0.9355146009240355,0.9752355820671018,93
446,46.71348556995993,65.99995328651443,0.9994385477199517,1.1588954465686394,0.999691134362592,0.11324769943672106,862.181537038103,0.9996456097341714,0.9996194598799687,0.9385707348931543,0.9750852960251352,93
447,47.64482510091161,65.9999523551749,0.9994636529995816,1.1593188463517994,0.9997049457655344,0.11328661535109878,862.1798902690502,0.9996628354281325,0.999639434490531,0.9415387587050226,0.97494471491401,93
448,48.59473300267373,65.999951405267,0.9994884950327286,1.15974965107653,0.9997186123247581,0.11332801615381137,862.1782106810783,0.9996791884427874,0.9996578445022406,0.9444183376484154,0.9748138832898121,93
449,49.563579477930894,65.99995043642052,0.9995130495397355,1.1601879679417275,0.9997321206825934,0.11337192816342068,862.1764976203974,0.9996948772424,0.9996751077087992,0.9472092858531362,0.9746928343607433,93
450,50.55174211019965,65.9999494482579,0.999537291705977,1.160633904734827,0.9997454571871015,0.11341837167186111,862.1747504202046,0.999710045459657,0.9996915153239677,0.9499115600332455,0.9745815899767842,93
451,51.559606010982506,65.999948440394,0.9995611962128007,1.1610875697860294,0.9997586079091033,0.11346736021779856,862.1729684004248,0.9997247896001131,0.9997072728290365,0.9525252542747099,0.9744801606368078,93
452,52.58756396985508,65.99994741243603,0.9995847372734222,1.1615490719195962,0.9997715586619322,0.11351889980017132,862.1711508674468,0.9997391725325293,0.9997225148124734,0.9550505967787091,0.9743885455118494,93
453,53.636016607546324,65.9999463639834,0.9996078886742151,1.1620185204020912,0.9997842950241566,0.11357298802762035,862.1692971138554,0.9997532329949969,0.9997373265560479,0.9574879463652906,0.9743067324965909,93
454,54.705372532070015,65.99994529462747,0.9996306238218587,1.1624960248874425,0.9997968023655239,0.11362961319922568,862.1674064181557,0.9997669924257759,0.9997517723191421,0.9598377885323769,0.9742346982925575,93
455,55.7960484979696,65.9999442039515,0.9996529157968502,1.162981695358697,0.9998090658764097,0.11368875331166133,862.1654780444949,0.9997804604677474,0.9997658816114221,0.9621007340574553,0.9741724085103843,93
456,56.908469568737935,65.99994309153043,0.9996747374139184,1.1634756420663326,0.9998210706010607,0.11375037498755164,862.1635112423755,0.9997936384432139,0.9997796624478146,0.9642775157168219,0.9741198178124796,93
457,58.04306928247471,65.99994195693071,0.9996960612899192,1.1639779754629895,0.9998328014749568,0.11381443231946668,862.1615052463662,0.9998065215229781,0.9997931383973917,0.966368983220906,0.9740768700966193,93
458,59.200289820847445,65.99994079971017,0.9997168599198312,1.1644888061344831,0.9998442433666287,0.11388086562362167,862.1594592758038,0.9998191013386979,0.9998062980179268,0.9683761034166753,0.9740434986874671,93
459,60.38058218142019,65.99993961941782,0.9997371057615184,1.1650082447269474,0.9998553811243015,0.11394960009695264,862.1573725344911,0.9998313668962182,0.9998191210508748,0.9702999552967686,0.9740196265848607,93
460,61.58440635341895,65.99993841559365,0.9997567713299726,1.1655364018699628,0.9998661996277514,0.11402054437082089,862.1552442103889,0.9998433048758731,0.9998316263163358,0.9721417232730185,0.9740051667524606,93
461,62.81223149700044,65.99993718776851,0.9997758293017971,1.1660733880955114,0.9998766838457999,0.11409358895415136,862.1530734753011,0.9998549015013206,0.9998437837318409,0.973902698738724,0.9740000223988694,93
462,64.0645361260959,65.99993593546387,0.9997942526307526,1.166619313752604,0.9998868188998937,0.11416860455833613,862.1508594845536,0.9998661422943088,0.999855564114016,0.9755842725274457,0.974004087331864,93
463,65.34180829489942,65.9999346581917,0.99981201467524,1.167174288917414,0.9998965901342535,0.11424544029572768,862.1486013766678,0.9998770117324662,0.9998669898058213,0.9771879269695457,0.9740172463437831,93
464,66.644545788075,65.99993335545422,0.999829089338656,1.1677384232987493,0.9999059831931039,0.1143239217430091,862.1462982730264,0.9998874950606448,0.9998780226391412,0.9787152379564905,0.9740393755777333,93
465,67.97325631475572,65.99993202674368,0.9998454512236286,1.1683118261386953,0.9999149841055421,0.11440384886015591,862.1439492775336,0.9998975775469882,0.999888630034235,0.9801678653776769,0.9740703429743236,93
466,69.32845770641016,65.99993067154229,0.9998610758012032,1.1688946061082492,0.9999235793786332,0.11448499375509506,862.1415534762679,0.9999072438832188,0.9998988410257889,0.981547543899755,0.974110008741002,93
467,70.71067811865474,65.99992928932188,0.9998759395961292,1.169486871197766,0.9999317560993625,0.11456709828351906,862.1391099371283,0.9999164802079745,0.99990861347072,0.9828560854725927,0.9741582257885453,93
468,72.12045623708849,65.99992787954376,0.9998900203894774,1.1700887286020325,0.9999395020461247,0.11464987147262369,862.1366177094741,0.9999252731140489,0.9999179118820397,0.9840953682265227,0.9742148402509615,93
469,73.55834148723272,65.99992644165852,0.9999032974398976,1.1707002845997818,0.9999468058104715,0.11473298675680517,862.1340758237562,0.9999336088524934,0.9999267755354669,0.9852673257694919,0.9742796920209242,93
470,75.02489424865531,65.99992497510576,0.9999157517249271,1.1713216444274515,0.999953656929886,0.11481607901257236,862.1314832911426,0.9999414757490206,0.9999351591601741,0.9863739507494915,0.9743526152331978,93
471,76.52068607336504,65.99992347931392,0.9999273662038455,1.1719529121469914,0.99996004603242,0.11489874137910089,862.1288391031351,0.999948862930385,0.9999430290031227,0.9874172820744143,0.9744334388363711,93
472,78.04629990855909,65.9999219537001,0.9999381261036839,1.1725941905075192,0.9999659649940648,0.11498052184997323,862.1261422311802,0.9999557596245475,0.9999504269880257,0.9883993940363941,0.9745219871650077,93
473,79.60233032381227,65.99992039766967,0.9999480192301008,1.1732455808006177,0.9999714071098078,0.11506091962071183,862.1233916262705,0.9999621576224952,0.9999573106309569,0.9893223996114359,0.9746180804517324,93
474,81.18938374279574,65.99991881061625,0.9999570363049582,1.173907182709068,0.9999763672793798,0.11513938117571379,862.1205862185393,0.9999680497729722,0.9999636657460412,0.9901884364303573,0.9747215354234459,93
475,82.80807867961487,65.99991719192133,0.9999651713325508,1.1745790941487984,0.9999808422087668,0.11521529609713572,862.1177249168467,0.9999734302681006,0.9999695079952752,0.990999659788897,0.9748321658652248,93
476,84.45904597986012,65.99991554095402,0.9999724219965795,1.1752614111038442,0.9999848306286387,0.11528799257714897,862.1148066083581,0.9999782958966851,0.9999748068972085,0.9917582406565622,0.9749497831579397,93
477,86.14292906646261,65.99991385707094,0.9999787900900977,1.175954227454091,0.9999883335309203,0.11535673261378637,862.1118301581143,0.9999826446939495,0.9999795914737428,0.9924663522542624,0.9750741968635753,93
478,87.86038419045266,65.99991213961582,0.9999842819808136,1.176657634795578,0.9999913544248168,0.11542070686932651,862.108794408592,0.9999864777788978,0.9999838540506869,0.9931261695327435,0.9752052152422,93
479,89.61208068671651,65.99991038791931,0.9999889091142875,1.1773717222531446,0.9999938996136863,0.11547902916880587,862.1056981792574,0.9999897997325996,0.9999875236070552,0.9937398644845291,0.9753426457763267,93
480,91.39870123485296,65.99990860129877,0.9999926885577362,1.1780965762851856,0.9999959784942621,0.11553073061480788,862.1025402661095,0.9999926150364479,0.9999907567474822,0.9943095814194335,0.9754862957757131,93
481,93.2209421252309,65.99990677905788,0.9999956435873422,1.1788322804802869,0.9999976038798049,0.11557475329314583,862.0993194412157,0.9999949344877079,0.999993536854154,0.9948374563871833,0.9756359727596727,93
482,95.07951353035023,65.99990492048647,0.9999978043221505,1.179578915345514,0.9999987923488914,0.11560994354242768,862.0960344522368,0.9999967741892113,0.9999955179903973,0.9953256219589915,0.9757914848829591,93
483,96.97513978161449,65.99990302486022,0.9999992084078517,1.1803365580861145,0.9999995646216545,0.11563504475875946,862.0926840219443,0.9999981465790384,0.9999972714035895,0.9957761214502858,0.9759526417818957,93
484,98.90855965162002,65.99990109144035,0.9999999017539608,1.1811052823764083,0.9999999459653977,0.11564868970500387,862.0892668477264,0.9999990770369325,0.9999984917600174,0.9961910192087228,0.9761192544553502,93
485,100.8805266420748,65.99989911947335,0.9999999996753072,1.1818851581216272,0.9999999998214189,0.11565077604891419,862.085781601086,0.999999594915345,0.9999992669491452,0.996572314670679,0.9762911360595232,93
486,102.89180927745595,65.99989710819072,0.9999999996773388,1.1826762512104718,0.9999999998225363,0.11565075603136729,862.0822269271276,0.999999826861391,0.9999996724691332,0.9969219681680178,0.976468102157533,93
487,104.9431914045231,65.9998950568086,0.9999999996794021,1.183478623258157,0.999999999823671,0.11565071371542829,862.0786014440347,0.999999927169627,0.9999998599420306,0.9972419008776475,0.9766499711328488,93
488,107.03547249780365,65.9998929645275,0.9999999996814977,1.1842923313397085,0.9999999998248237,0.11565064787564487,862.0749037425367,0.9999999698315277,0.9999999416502743,0.997533992327494,0.9768365646115675,93
489,109.16946797116651,65.99989083053202,0.9999999996836255,1.1851174277132928,0.999999999825994,0.11565055723684994,862.0711323853653,0.9999999876409161,0.9999999765070966,0.9978000704474557,0.9770277078276409,93
490,111.34600949561003,65.99988865399051,0.9999999996857861,1.185953959533343,0.9999999998271824,0.1156504404725282,862.0672859067008,0.9999999950076194,0.9999999898850455,0.9980419036638677,0.9772232299023393,93
491,113.56594532338457,65.99988643405467,0.9999999996879798,1.1868019685532774,0.9999999998283887,0.11565029620314762,862.0633628116061,0.9999999979262951,0.9999999946479372,0.9982611953419036,0.9774229640558235,93
492,115.83014061857723,65.99988416985938,0.9999999996902065,1.1876614908175784,0.9999999998296136,0.11565012299445582,862.0593615754515,0.9999999990716799,0.9999999916940857,0.9984595807876733,0.9776267477605375,93
493,118.13947779428877,65.99988186052221,0.9999999996924668,1.1885325563430382,0.9999999998308567,0.11564991935574222,862.0552806433265,0.9999999994785967,0.9999999828390975,0.9986386244137401,0.977834422851972,93
494,120.49485685653038,65.99987950514314,0.999999999694761,1.189415188788962,0.9999999998321184,0.11564968373806714,862.051118429441,0.9999999998413088,1.0000000271441716,0.9987998145735012,0.9780458356125658,93
495,122.89719575497938,65.99987710280425,0.9999999996970891,1.190309405116143,0.9999999998333988,0.11564941453245849,862.0468733165147,0.9999999998027159,1.0000000000363158,0.9989445785927322,0.9782608367215283,93
496,125.34743074072672,65.99987465256926,0.9999999996994515,1.1912152152344262,0.9999999998346982,0.11564911006807752,862.0425436551543,0.9999999998230008,0.9999999998593966,0.9990742554694765,0.9784792813725844,93
497,127.84651673115701,65.99987215348327,0.9999999997018483,1.1921326216386938,0.9999999998360165,0.11564876861035522,862.038127763218,0.9999999998311382,0.9999999998263239,0.9991901188485084,0.9787010291177308,93
498,130.39542768210458,65.99986960457232,0.9999999997042799,1.1930616190331176,0.9999999998373538,0.11564838835910068,862.0336239251687,0.9999999998348762,0.9999999998329312,0.9992933673887913,0.9789259438347537,93
499,132.99515696742665,65.99986700484303,0.9999999997067462,1.194002193943542,0.9999999998387104,0.11564796744658386,862.0290303914137,0.9999999998350674,1.0000000015312425,0.9993851271636803,0.9791538936081795,93
500,135.64671776614685,65.99986435328223,0.9999999997092477,1.1949543243178737,0.9999999998400861,0.11564750393559442,862.0243453776316,0.9999999998371015,1.0000000010150645,0.9994664532775424,0.9793847505833608,93
501,138.35114345731571,65.99986164885654,0.9999999997117844,1.1959179791143848,0.9999999998414814,0.11564699581747974,862.019567064086,0.9999999998175872,1.0000000202117316,0.9995383290867216,0.9796183908223056,93
502,141.10948802274513,65.99985889051197,0.9999999997143566,1.1968931178778404,0.9999999998428961,0.11564644101016429,862.014693594926,0.9999999997968378,1.0000000396452127,0.9996016726737512,0.979854694059268,93
503,143.92282645776973,65.99985607717355,0.9999999997169644,1.1978796903034137,0.9999999998443304,0.11564583735615404,862.0097230774729,0.9999999998591451,0.9999999842228132,0.9996573397606713,0.9800935434829576,93
504,146.7922551902002,65.9998532077448,0.9999999997196077,1.198877635788348,0.9999999998457841,0.11564518262052917,862.0046535814924,0.9999999998989599,0.9999999512996215,0.9997061099971469,0.9803348256660495,93
505,149.71889250762823,65.9998502811075,0.9999999997222869,1.1998868829713862,0.9999999998472577,0.11564447448892899,861.9994831384541,0.9999999998473315,0.9999999997503815,0.9997487041987326,0.9805784301608395,93
506,152.70387899325058,65.999847296121,0.9999999997250021,1.200907349259998,0.9999999998487511,0.11564371056553356,861.9942097407743,0.999999999847924,0.999999999849827,0.9997857973617688,0.9808242491378786,93
507,155.7483779703839,65.99984425162204,0.9999999997277531,1.2019389403454908,0.9999999998502641,0.11564288837104687,861.9888313410459,0.9999999998491862,0.9999999998505941,0.9998179957465692,0.9810721773789636,93
508,158.85357595583895,65.99984114642405,0.9999999997305401,1.2029815497061203,0.9999999998517969,0.11564200534068654,861.9833458512524,0.9999999998506537,0.9999999998478124,0.9998458555685906,0.9813221118349629,93
509,162.02068312233666,65.99983797931688,0.9999999997333631,1.204035058098367,0.9999999998533496,0.11564105882218632,861.9777511419668,0.9999999998522328,0.999999985011649,0.999869883504663,0.9815739513761912,93
510,165.25093377014207,65.99983474906622,0.9999999997362222,1.205099333036597,0.9999999998549222,0.11564004607381778,861.9720450415348,0.9999999998539109,0.9999999384320716,0.9998905388032767,0.9818275965152626,93
511,168.54558680810297,65.9998314544132,0.9999999997391171,1.2061742282613768,0.9999999998565144,0.11563896426243783,861.9662253352419,0.9999999998559166,0.9999997621593355,0.9999082414481706,0.982082949100884,93
512,171.90592624427597,65.99982809407375,0.9999999997420481,1.207259583196768,0.9999999998581264,0.11563781046157041,861.9602897644643,0.99999999985671,1.0000001309344206,0.9999233191986537,0.982339912310346,93
513,175.3332616863376,65.99982466673832,0.999999999745015,1.2083552223970064,0.9999999998597582,0.11563658164953036,861.9542360258035,0.9999999998582267,1.0000001707220088,0.9999361625895063,0.9825983896516028,93
514,178.82892885197063,65.99982117107115,0.9999999997480176,1.2094609549830262,0.9999999998614095,0.11563527470759898,861.9480617702047,0.9999999998602794,1.0000000000539098,0.9999470613880512,0.9828582854963717,93
515,182.39429008942605,65.99981760570991,0.9999999997510558,1.2105765740693752,0.9999999998630806,0.1156338864182611,861.9417646020556,0.9999999998619693,0.9999999998679716,0.999956255206549,0.9831195046029512,93
516,186.03073490846543,65.99981396926509,0.9999999997541295,1.2117018561821549,0.9999999998647711,0.11563241346351504,861.9353420782707,0.9999999998636753,1.0000000060429441,0.9999639891389526,0.9833819516225919,93
517,189.7396805218851,65.99981026031948,0.9999999997572384,1.212836560668698,0.999999999866481,0.11563085242326693,861.9287917073558,0.9999999998654105,1.000000026044941,0.9999704694489668,0.9836455310987885,93
518,193.52257239784078,65.9998064774276,0.9999999997603823,1.2139804290998106,0.9999999998682102,0.11562919977382273,861.9221109484552,0.9999999998673086,1.0000002311766298,0.9999758665574368,0.9839101472573345,93
519,197.38088482318145,65.99980261911517,0.999999999763561,1.2151331846655065,0.9999999998699586,0.11562745188649184,861.9152972103799,0.9999999998687052,0.9999997563917021,0.9999803962745017,0.9841757034153075,93
520,201.31612147801724,65.99979868387852,0.9999999997667742,1.216294531565275,0.9999999998717258,0.11562560502631773,861.908347850617,0.9999999998706536,0.9999999988319866,0.9999841053583608,0.9844421028940609,93
521,205.32981602173845,65.99979467018397,0.9999999997700215,1.2174641543940576,0.9999999998735117,0.115623655350952,861.9012601743206,0.9999999998724556,0.9999999998507124,0.9999871770069059,0.9847092473329601,93
522,209.42353269072228,65.9997905764673,0.9999999997733027,1.2186417175252424,0.9999999998753164,0.11562159890968997,861.8940314332817,0.9999999998742707,0.999999999873765,0.9999896992917116,0.9849770377234409,93
523,213.59886690795415,65.9997864011331,0.999999999776617,1.2198268644921282,0.9999999998771393,0.11561943164268706,861.8866588248799,0.9999999998760751,0.9999999972152601,0.999991761668194,0.9852453738094883,93
524,217.85744590480323,65.9997821425541,0.9999999997799643,1.2210192173694812,0.9999999998789803,0.11561714938037701,861.8791394910128,0.9999999998778228,0.9999999887498856,0.9999934408502572,0.9855141540631362,93
525,222.2009293551966,65.99977779907064,0.9999999997833438,1.2222183761569712,0.999999999880839,0.11561474784311464,861.8714705170066,0.9999999998799263,1.0000000076180888,0.9999947998802702,0.9857832756114052,93
526,226.63101002243278,65.99977336898998,0.9999999997867551,1.2234239181664566,0.9999999998827153,0.1156122226410675,861.8636489305046,0.9999999998817173,0.999999999894958,0.9999958976344702,0.9860526341292274,93
527,231.14941441889536,65.99976885058558,0.9999999997901977,1.2246353974153057,0.9999999998846086,0.11560956927438305,861.8556717003339,0.9999999998836175,0.9999999998785019,0.9999967785902161,0.9863221238483889,93
528,235.75790347891675,65.99976424209652,0.9999999997936707,1.2258523440281346,0.9999999998865188,0.11560678313365941,861.8475357353509,0.9999999998855437,1.000000000335101,0.9999974824936246,0.9865916374848461,93
529,240.45827324505993,65.99975954172676,0.9999999997971734,1.227074263649598,0.9999999998884453,0.11560385950075099,861.8392378832643,0.9999999998875486,1.0000000074164894,0.9999980417825903,0.9868610662440687,93
530,245.252355568078,65.99975474764443,0.9999999998007053,1.2283006368710971,0.9999999998903878,0.11560079354994139,861.8307749294354,0.9999999998893658,0.9999999934065531,0.9999984856056872,0.9871302998100778,93
531,250.14201882083373,65.99974985798119,0.9999999998042652,1.2295309186745635,0.9999999998923459,0.11559758034951977,861.8221435956548,0.999999999891397,0.9999999995613864,0.9999988338778821,0.9873992264005164,93
532,255.1291686264504,65.99974487083138,0.9999999998078528,1.2307645378967453,0.9999999998943189,0.11559421486379837,861.8133405388962,0.9999999998933824,0.9999999999315037,0.9999991069372073,0.9876677327591321,93
533,260.21574860097974,65.9997397842514,0.9999999998114665,1.2320008967177476,0.9999999998963065,0.11559069195561303,861.804362350046,0.9999999998953836,0.9999999998514378,0.9999993196991203,0.9879357042409741,93
534,265.4037411108798,65.99973459625889,0.9999999998151057,1.233239370177912,0.9999999998983081,0.11558700638935042,861.795205552608,0.9999999998973965,1.000000000229172,0.9999994845435509,0.9882030248682687,93
535,270.69516804558884,65.99972930483196,0.9999999998187692,1.234479305727477,0.9999999999003231,0.1155831528345499,861.7858666013835,0.9999999998994386,1.0000000007736367,0.9999996115706903,0.9884695774133452,93
536,276.09209160550813,65.99972390790839,0.9999999998224559,1.2357200228138507,0.9999999999023507,0.11557912587013101,861.7763418811265,0.999999999901457,0.999999999784544,0.9999997090164463,0.9887352434940196,93
537,281.59661510569134,65.99971840338489,0.9999999998261647,1.2369608125117428,0.9999999999043906,0.11557491998930158,861.7666277051724,0.9999999999035228,1.000000001874087,0.9999997830880085,0.9889999036845508,93
538,287.21088379556124,65.9997127891162,0.9999999998298941,1.2382009372018443,0.9999999999064418,0.1155705296052053,861.75672031404,0.999999999905572,1.0000000025790037,0.9999998392649347,0.9892634376313527,93
539,292.9370856949629,65.99970706291431,0.9999999998336432,1.2394396303042268,0.9999999999085036,0.11556594905737194,861.7466158740082,0.9999999999076528,0.9999999995870449,0.9999998818066579,0.9895257241891787,93
540,298.7774524468917,65.99970122254756,0.99999999983741,1.240676096073142,0.9999999999105755,0.11556117261903827,861.7363104756641,0.9999999999097414,1.0000000001664153,0.9999999134695114,0.9897866415671928,93
541,304.73426018721943,65.99969526573982,0.9999999998411934,1.2419095094604526,0.9999999999126563,0.1155561945054121,861.7258001324237,0.999999999911812,0.9999999955097301,0.9999999373619007,0.990046067474722,93
542,310.80983043176036,65.99968919016956,0.9999999998449919,1.243139016055512,0.9999999999147455,0.11555100888295772,861.7150807790244,0.9999999999139312,0.9999999941585584,0.99999995489009,0.9903038792963702,93
543,317.0065309810261,65.99968299346902,0.9999999998488036,1.244363732109945,0.9999999999168419,0.11554560987978599,861.7041482699884,0.9999999999160487,1.0000000068495378,0.9999999668688654,0.9905599542605706,93
544,323.3267768430122,65.99967667322316,0.9999999998526268,1.245582744656456,0.9999999999189446,0.11553999159723896,861.6929983780574,0.9999999999181592,0.9999999990369041,0.9999999767334209,0.9908141696063504,93
545,329.7730311743896,65.99967022696883,0.9999999998564599,1.2467951117315081,0.9999999999210529,0.11553414812276448,861.6816267925963,0.9999999999202801,1.0000000002695826,0.9999999834328913,0.9910664028098429,93
546,336.3478062404563,65.99966365219376,0.9999999998603011,1.2479998627125026,0.9999999999231655,0.11552807354418383,861.6700291179682,0.9999999999224117,0.9999999992989691,0.9999999883797229,0.991316531748137,93
547,343.05366439423227,65.9996569463356,0.9999999998641479,1.2491959987809058,0.9999999999252814,0.11552176196546204,861.6582008718763,0.9999999999245336,1.0000000005177823,0.9999999917922648,0.991564434923196,93
548,349.89321907506815,65.99965010678092,0.9999999998679987,1.25038249352366,0.9999999999273993,0.11551520752409872,861.6461374836761,0.9999999999266609,0.999999995216362,0.9999999946210305,0.9918099916643257,93
549,356.86913582716994,65.99964313086417,0.9999999998718513,1.2515582936861718,0.9999999999295182,0.11550840441026491,861.6338342926548,0.9999999999287961,1.000000007707826,0.9999999955501637,0.9920530823611325,93
550,363.984133338427,65.99963601586666,0.9999999998757033,1.252722320091169,0.9999999999316369,0.11550134688782111,861.6212865462776,0.9999999999309072,0.9999999916481332,0.9999999978297291,0.9922935886525881,93
551,371.24098449995165,65.9996287590155,0.9999999998795527,1.253873468738817,0.9999999999337539,0.11549402931735986,861.6084893984017,0.9999999999330614,1.0000000080239684,0.9999999976058616,0.9925313937132084,93
552,378.6425174867465,65.99962135748251,0.9999999998833967,1.255010612104639,0.9999999999358681,0.11548644618142724,861.5954379074554,0.9999999999351933,0.9999999917747665,0.9999999992605778,0.992766382408149,93
553,386.1916168599101,65.99961380838315,0.9999999998872329,1.2561326006530174,0.9999999999379781,0.11547859211208789,861.5821270345839,0.9999999999373271,1.0000000080880291,0.9999999985919503,0.9929984416123361,93
554,393.8912246908247,65.99960610877531,0.9999999998910587,1.2572382645853946,0.9999999999400824,0.11547046192100902,861.5685516417585,0.9999999999394439,0.9999999933613888,0.9999999998329756,0.9932274603629503,93
555,401.74434170775316,65.9995982556583,0.9999999998948715,1.2583264158436827,0.9999999999421794,0.11546205063225193,861.5547064898523,0.9999999999415583,1.0000000019417299,0.9999999994546487,0.9934533301797418,93
556,409.75402846530056,65.99959024597153,0.9999999998986686,1.2593958503909282,0.9999999999442677,0.11545335351797147,861.540586236677,0.9999999999436552,0.999999999454723,0.9999999997423146,0.9936759452374714,93
557,417.92340653718315,65.99958207659347,0.9999999999024469,1.2604453507928692,0.9999999999463458,0.11544436613723812,861.5261854349849,0.9999999999457463,1.0000000004070728,0.9999999997628616,0.9938952026515373,93
558,426.2556597327865,65.99957374434027,0.9999999999062037,1.261473689125764,0.9999999999484119,0.11543508437821204,861.511498530432,0.9999999999478302,0.9999999989577103,0.9999999999133553,0.9941110026949921,93
559,434.75403533797413,65.99956524596466,0.9999999999099356,1.2624796302376997,0.9999999999504645,0.11542550450391313,861.4965198595038,0.9999999999498875,1.000000005256996,0.9999999995364764,0.99432324904862,93
560,443.42184538063464,65.99955657815462,0.9999999999136397,1.2634619353925558,0.9999999999525019,0.11541562320184917,861.4812436474007,0.9999999999519681,0.9999999965180715,1.0000000001348726,0.9945318490204966,93
561,452.26246792146475,65.99954773753208,0.9999999999173128,1.2644193663279015,0.9999999999545222,0.11540543763778016,861.4656640058854,0.999999999954026,0.9999999918139943,1.0000000004602683,0.9947367138026906,93
562,461.2793483704778,65.99953872065163,0.9999999999209515,1.2653506897603315,0.9999999999565232,0.11539494551391703,861.4497749310889,0.9999999999559988,1.0000000004299676,0.9999999999057342,0.9949377586819954,93
563,470.4760008297695,65.99952952399917,0.9999999999245522,1.2662546823741436,0.9999999999585036,0.11538414513187202,861.4335703012764,0.9999999999579953,0.9999999988718505,1.000000000015943,0.9951349032546056,93
564,479.8560094630484,65.99952014399054,0.9999999999281117,1.267130136331805,0.9999999999604613,0.11537303546069985,861.4170438745699,0.999999999959977,1.0000000055439036,0.9999999995835287,0.9953280716663746,93
565,489.42302989247776,65.99951057697011,0.9999999999316264,1.2679758653473692,0.9999999999623945,0.11536161621039118,861.4001892866306,0.9999999999619411,1.0000000076831876,0.9999999994474033,0.9955171927970429,93
566,499.18079062335613,65.99950081920937,0.9999999999350928,1.2687907113669064,0.999999999964301,0.11534988791120411,861.3830000482961,0.9999999999638395,0.9999999996277807,0.9999999999798876,0.9957022004724455,93
567,509.1330944972125,65.9994908669055,0.9999999999385066,1.2695735519031082,0.9999999999661788,0.11533785199924515,861.3654695431745,0.9999999999657402,1.0000000060617702,0.9999999995603178,0.9958830336621629,93
568,519.2838201738667,65.99948071617983,0.9999999999418651,1.2703233080745056,0.9999999999680258,0.1153255109087384,861.3475910251946,0.999999999967585,1.0000000047300233,0.9999999996503677,0.9960596366334842,93
569,529.6369236430389,65.99947036307636,0.9999999999451639,1.2710389534032773,0.99999999996984,0.1153128681714506,861.3293576161086,0.9999999999694305,0.9999999981063923,1.0000000000876965,0.9962319591425515,93
570,540.1964397661005,65.99945980356023,0.999999999948399,1.2717195234293552,0.9999999999716195,0.11529992852377126,861.3107623029517,0.9999999999712278,0.9999999939725216,1.0000000003613756,0.9963999565828391,93
571,550.9664838485542,65.99944903351616,0.999999999951567,1.2723641262025311,0.9999999999733618,0.11528669802197919,861.2917979354514,0.9999999999729842,1.0000000003129978,0.9999999999471118,0.9965635901245639,93
572,561.9512532438739,65.99943804874675,0.9999999999546636,1.2729719537185344,0.999999999975065,0.11527318416626248,861.2724572233915,0.9999999999746959,1.0000000030033815,0.999999999772463,0.9967228268336938,93
573,573.1550289893178,65.99942684497101,0.9999999999576852,1.2735422943695742,0.999999999976727,0.11525939603409607,861.2527327339263,0.9999999999763828,0.9999999995795817,0.9999999999992558,0.9968776397936672,93
574,584.5821774743523,65.99941541782252,0.9999999999606277,1.2740745464846872,0.9999999999783452,0.11524534442362067,861.2326168888462,0.9999999999780185,0.9999999926478524,1.0000000004563505,0.9970280081972545,93
575,596.2371521423482,65.99940376284786,0.9999999999634875,1.2745682330403714,0.9999999999799182,0.11523104200770903,861.2121019617921,0.9999999999796103,1.0000000031475245,0.9999999997686906,0.9971739174274806,93
576,608.1244952261903,65.99939187550477,0.9999999999662605,1.2750230176274835,0.9999999999814433,0.11521650349945084,861.1911800754204,0.9999999999811447,1.0000000005804532,0.9999999999390531,0.9973153590930306,93
577,620.2488395185032,65.99937975116048,0.9999999999689432,1.275438721766218,0.9999999999829188,0.11520174582983457,861.1698431985143,0.9999999999826439,0.9999999972866425,1.0000000001570808,0.9974523310985364,93
578,632.6149101771634,65.99936738508983,0.9999999999715316,1.2758153436672215,0.9999999999843424,0.11518678833845634,861.1480831430438,0.9999999999840654,0.9999999985080794,1.0000000000785445,0.9975848376478844,93
579,645.2275265668152,65.99935477247344,0.9999999999740222,1.2761530785435156,0.9999999999857122,0.11517165297813925,861.1258915611713,0.9999999999854644,0.999999999615691,1.0000000000074203,0.9977128892428119,93
580,658.0916041370893,65.99934190839586,0.9999999999764112,1.2764523405849828,0.9999999999870263,0.11515636453440446,861.103259942204,0.9999999999867726,0.9999999934487511,1.000000000413949,0.9978365026641486,93
581,671.2121563382811,65.99932878784367,0.9999999999786957,1.2767137867146767,0.9999999999882826,0.11514095086079634,861.080179609489,0.9999999999880342,1.0000000059024576,0.9999999995976206,0.9979557009412827,93
582,684.5942965752143,65.99931540570343,0.999999999980872,1.2769383422542435,0.9999999999894795,0.11512544313112935,861.0566417172544,0.9999999999892822,1.0000000031174123,0.9999999997819286,0.9980705132581507,93
583,698.2432402000613,65.9993017567598,0.9999999999829374,1.2771272286342588,0.9999999999906157,0.11510987610979279,861.0326372473917,0.9999999999904229,1.0000000003303329,0.9999999999663102,0.9981809749039523,93
584,712.1643065449007,65.99928783569345,0.9999999999848892,1.277281993294368,0.999999999991689,0.11509428844132422,861.0081570061816,0.9999999999915063,1.0000000006089669,0.9999999999493006,0.9982871271464955,93
585,726.3629209947842,65.999273637079,0.9999999999867245,1.2774045419277942,0.9999999999926985,0.11507872296053936,860.9831916209592,0.9999999999925338,1.0000000004572727,0.999999999960478,0.9983890171060527,93
586,740.8446171021499,65.9992591553829,0.9999999999884414,1.2774971732350529,0.9999999999936428,0.11506322702459046,860.9577315367217,0.9999999999934891,1.0000000003161746,0.999999999970888,0.9984866976095982,93
587,755.615038743382,65.99924438496126,0.9999999999900379,1.2775626163626819,0.9999999999945208,0.11504785286841274,860.9317670126729,0.99999999999438,1.000000000329326,0.9999999999710949,0.998580227019319,93
588,770.6799423183755,65.99922932005768,0.9999999999915122,1.2776040712144354,0.9999999999953316,0.11503265798511336,860.905288118708,0.9999999999952071,1.0000000005515877,0.9999999999574949,0.9986696690421742,93
589,786.0451989939389,65.99921395480101,0.9999999999928638,1.2776252518348232,0.9999999999960753,0.11501770553295645,860.878284731835,0.999999999995958,1.000000000497163,0.9999999999619898,0.9987550925194377,93
590,801.71679699194,65.99919828320301,0.999999999994092,1.2776304879851124,0.9999999999967506,0.1150030608085304,860.8507465325322,0.9999999999966509,1.000000000787478,0.9999999999437693,0.9988365711978797,93
591,817.7008439230625,65.99918229915608,0.9999999999951966,1.2776291055487656,0.9999999999973581,0.11498838085683818,860.8226630010421,0.9999999999972686,1.0000000054098133,0.9999999996409943,0.9989141834829796,93
592,834.0035691670926,65.99916599643083,0.9999999999961785,1.2776253612451411,0.999999999997898,0.11497340374589561,860.794023413599,0.9999999999978209,1.0000000009105678,0.9999999999371447,0.9989880121674161,93
593,850.6313263006687,65.9991493686737,0.9999999999970387,1.277619128535624,0.9999999999983714,0.11495812343754956,860.7648168385906,0.9999999999983316,0.9999999950377496,1.0000000003234164,0.9990581441630696,93
594,867.5905955734187,65.99913240940442,0.9999999999977798,1.2776102760473784,0.9999999999987786,0.11494253377276635,860.7350321326521,0.9999999999987264,0.9999999996651462,1.0000000000200842,0.999124670199999,93
595,884.8879864334801,65.99911511201357,0.9999999999984042,1.277598667438075,0.9999999999991224,0.11492662846945033,860.7046579366919,0.9999999999990965,0.9999999945163897,1.0000000003586589,0.9991876845057728,93
596,902.530240103363,65.9990974697599,0.999999999998916,1.2775841612596581,0.9999999999994037,0.11491040112024388,860.6736826718477,0.9999999999993577,1.0000000015607189,0.9999999998964636,0.9992472845092953,93
597,920.5242322071788,65.99907947576779,0.99999999999932,1.2775666108214119,0.999999999999626,0.11489384519030935,860.6420945353724,0.9999999999995953,1.0000000043797836,0.9999999997116616,0.9993035704835028,93
598,938.8769754502308,65.99906112302455,0.9999999999996223,1.2775458640526014,0.9999999999997924,0.11487695401509555,860.6098814964487,0.9999999999997575,0.9999999939689909,1.0000000003955831,0.9993566452210315,93
599,957.5956223520467,65.99904240437765,0.9999999999998304,1.277521763365002,0.9999999999999067,0.1148597207980901,860.5770312919315,0.9999999999999003,0.9999999946431699,1.000000000351501,0.9994066136965996,93
600,976.6874680338909,65.99902331253196,0.9999999999999524,1.2774941455156632,0.999999999999974,0.11484213860855971,860.5435314220155,0.9999999999999607,1.0000000004329497,0.9999999999714304,0.9994535826950909,93
601,996.1599530618531,65.99900384004694,0.9999999999999988,1.277462841470283,0.9999999999999993,0.11482420037928098,860.5093691458309,0.9999999999999996,0.9999999994450401,1.0000000000363864,0.9994976604655151,93
602,1016.0206663466287,65.99898397933366,1.0,1.2774276762676169,1.0,0.11480589890426383,860.4745314769614,0.9999999999999936,0.9999999966186558,1.0000000002220297,0.9995389563733741,93
603,1036.2773481010938,65.9989637226519,1.0,1.277388468885373,1.0,0.11478722683647065,860.4390051788866,0.9999999999999984,1.0000000005744372,0.9999999999622713,0.9995775805421424,93
604,1056.9378928568672,65.99894306210714,1.0,1.2773450321081063,1.0,0.11476817668553366,860.4027767603475,0.9999999999999999,0.9999999962235024,1.0000000002479956,0.9996136434929489,93
605,1078.0103525409993,65.99892198964746,1.0,1.277297172397658,1.0,0.11474874081547409,860.3658324706325,1.000000000000002,1.0000000075980109,0.9999999995010473,0.9996472558187157,93
606,1099.5029396140185,65.99890049706039,1.0,1.2772446897667429,1.0,0.1147289114424267,860.3281582947849,1.0000000000000009,0.999999996993167,1.0000000001974545,0.9996785278113333,93
607,1121.4240302705166,65.99887857596973,1.0,1.2771873776563478,1.0,0.11470868063237304,860.2897399487287,1.0000000000000004,1.0000000013353696,0.999999999912308,0.9997075691753892,93
608,1143.7821677035693,65.9988562178323,1.0,1.2771250228176538,1.0,0.11468804029888809,860.2505628743143,1.000000000000001,0.9999999960747702,1.000000000257765,0.9997344886629387,93
609,1166.5860654342273,65.99883341393456,1.0,1.2770574051992671,1.0,0.11466698220090456,860.2106122342807,1.0000000000000022,1.0000000081958347,0.9999999994617899,0.9997593938023146,93
610,1189.8446107073905,65.9988101553893,1.0,1.2769842978406056,1.0,0.11464549794049968,860.1698729071348,1.0000000000000002,0.9999999993211918,1.0000000000445763,0.9997823905653608,93
611,1213.5668679553964,65.99878643313204,1.0,1.2769054667723692,1.0,0.11462357896070977,860.1283294819455,1.0,1.0000000003172904,0.999999999979164,0.9998035831326839,93
612,1237.762082330641,65.99876223791767,1.0,1.2768206709250904,1.0,0.11460121654337845,860.085966253052,0.9999999999999984,0.9999999937963906,1.000000000407383,0.999823073592999,93
613,1262.4396833086532,65.9987375603167,1.0,1.276729662046857,1.0,0.11457840180704454,860.042767214688,1.0000000000000022,0.9999999918013145,1.0000000005383969,0.9998409617246917,93
614,1287.6092883629897,65.99871239071163,1.0,1.2766321846313822,1.0,0.11455512570487612,859.9987160555147,1.0,1.0000000005865095,0.9999999999614849,0.9998573447595684,93
615,1313.2807067134154,65.99868671929329,1.0,1.2765279758576982,1.0,0.11453137902265839,859.9537961530684,1.0000000000000013,1.0000000051042761,0.9999999996648089,0.9998723171732846,93
616,1339.4639431487824,65.99866053605685,1.0,1.2764167655428489,1.0,0.11450715237684247,859.9079905681173,0.9999999999999998,0.9999999987400742,1.0000000000827378,0.9998859705116209,93
617,1366.1692019261557,65.99863383079807,1.0,1.2762982761090793,1.0,0.11448243621266406,859.8612820389277,1.0000000000000013,0.9999999957571036,1.0000000002786258,0.999898393232671,93
618,1393.4068907476628,65.99860659310926,1.0,1.2761722225671237,1.0,0.11445722080234054,859.81365297544,0.9999999999999993,1.0000000029804446,0.9999999998042782,0.9999096705576501,93
619,1421.187624816631,65.99857881237519,1.0,1.2760383125173376,1.0,0.11443149624335619,859.7650854533516,0.9999999999999991,1.0000000040757018,0.9999999997323541,0.9999198843480644,93
620,1449.5222309746057,65.99855047776903,1.0,1.275896246170544,1.0,0.11440525245684616,859.7155612081065,1.0,1.000000000470915,0.9999999999690758,0.999929113023736,93
621,1478.421751920824,65.99852157824807,1.0,1.2757457163906205,1.0,0.1143784791860901,859.6650616287918,1.0,1.000000000394525,0.9999999999740923,0.9999374314858993,93
622,1507.8974505158385,65.99849210254948,1.0,1.2755864087609992,1.0,0.11435116599512739,859.6135677519384,1.0,1.000000000384034,0.9999999999747812,0.9999449110595922,93
623,1537.9608141709286,65.99846203918582,1.0,1.2754180016774337,1.0,0.11432330226750712,859.5610602552265,1.0,1.0000000005637366,0.9999999999629802,0.9999516194683815,93
624,1568.6235593250415,65.99843137644068,1.0,1.275240166469555,1.0,0.11429487720518625,859.5075194510944,0.9999999999999989,1.0000000047469746,0.9999999996882726,0.9999576208246722,93
625,1599.8976360109614,65.99840010236399,1.0,1.2750525675539328,1.0,0.1142658798275911,859.4529252802496,1.0,1.000000000314761,0.9999999999793305,0.9999629756330932,93
626,1631.7952325125455,65.99836820476749,1.0,1.2748548626215725,1.0,0.11423629897085773,859.3972573050827,1.0000000000000002,0.9999999996755375,1.000000000021307,0.999967740832831,93
627,1664.3287801147978,65.99833567121989,1.0,1.274646702862979,1.0,0.1142061232872685,859.3404947029812,0.9999999999999989,0.9999999953448663,1.000000000305697,0.9999719698292069,93
628,1697.5109579486466,65.99830248904205,1.0,1.2744277332341774,1.0,0.11417534124490264,859.2826162595445,1.0000000000000013,1.0000000045002462,0.9999999997044751,0.999975712570998,93
629,1731.3546979323291,65.99826864530206,1.0,1.2741975927673042,1.0,0.114143941127521,859.2236003616987,0.9999999999999984,1.0000000062964103,0.9999999995865229,0.9999790156075797,93
630,1765.8731898112612,65.99823412681019,1.0,1.2739559149296755,1.0,0.11411191103470501,859.1634249907099,1.0,0.9999999996830239,1.0000000000208153,0.9999819221992381,93
631,1801.0798862984225,65.99819892011371,1.0,1.2737023280355042,1.0,0.11407923888227307,859.102067715097,1.0000000000000002,1.0000000004818534,0.9999999999683575,0.9999844724196759,93
632,1836.9885083172042,65.99816301149168,1.0,1.2734364557147528,1.0,0.11404591240299765,859.0395056834409,1.0000000000000022,0.9999999922639292,1.0000000005080174,0.9999867032539562,93
633,1873.6130503488093,65.99812638694965,1.0,1.273157917443936,1.0,0.11401191914764909,858.9757156170928,1.0000000000000022,1.0000000082175553,0.9999999994603636,0.9999886487485146,93
634,1910.9677858862265,65.99808903221411,1.0,1.2728663291440256,1.0,0.1139772464863933,858.9106738027785,1.0000000000000016,0.9999999946283756,1.0000000003527474,0.9999903400969862,93
635,1949.0672729969797,65.998050932727,1.0,1.272561303850993,1.0,0.1139418816105727,858.8443560850995,1.0,1.0000000006314769,0.9999999999585318,0.9999918058391286,93
636,1987.9263599967646,65.99801207364,1.0,1.2722424524649076,1.0,0.11390581153490156,858.7767378589299,0.9999999999999993,0.9999999970882194,1.000000000191213,0.9999930719424568,93
637,2027.5601912362017,65.99797243980876,1.0,1.2719093845839424,1.0,0.11386902310010932,858.7077940617099,1.0,1.0,1.0,1.0,93
638,2067.984213002982,65.997932015787,1.0,1.271561709430086,1.0,0.1138315029760676,858.6374991656344,1.0,1.0,1.0,1.0,93
639,2109.214179541643,65.99789078582046,1.0,1.271199036873834,1.0,0.1137932376654388,858.5658271697368,1.0,1.0,1.0,1.0,93
640,2151.2661591934075,65.99784873384081,1.0,1.2708209785656581,1.0,0.11375421350788735,858.4927515918694,1.0,1.0,1.0,1.0,93
641,2194.1565406584086,65.99780584345935,1.0,1.2704271491825834,1.0,0.11371441668489683,858.4182454605769,1.0,1.0,1.0,1.0,93
642,2237.9020393827695,65.99776209796062,1.0,1.2700171677988008,1.0,0.11367383322523954,858.3422813068679,1.0,1.0,1.0,1.0,93
643,2282.5197040730463,65.99771748029593,1.0,1.2695906593898547,1.0,0.11363244901114802,858.2648311558792,1.0,1.0,1.0,1.0,93
644,2328.0269233405033,65.99767197307666,1.0,1.2691472564806097,1.0,0.11359024978524122,858.1858665184374,1.0,1.0,1.0,1.0,93
645,2374.441432477906,65.99762555856752,1.0,1.2686866009479099,1.0,0.11354722115826196,858.1053583825161,1.0,1.0,1.0,1.0,93
646,2421.781320371394,65.99757821867964,1.0,1.2682083459895936,1.0,0.1135033486176857,858.0232772045891,1.0,1.0,1.0,1.0,93
647,2470.06503655019,65.99752993496345,1.0,1.2677121582723294,1.0,0.11345861753726465,857.9395929008803,1.0,1.0,1.0,1.0,93
648,2519.3113983768094,65.99748068860163,1.0,1.2671977202715958,1.0,0.11341301318757589,857.8542748385111,1.0,1.0,1.0,1.0,93
649,2569.5395983806716,65.99743046040162,1.0,1.2666647328180356,1.0,0.1133665207476463,857.7672918265462,1.0,1.0,1.0,1.0,93
650,2620.7692117379024,65.99737923078827,1.0,1.2661129178653865,1.0,0.11331912531773175,857.6786121069374,1.0,1.0,1.0,1.0,93
651,2673.020203900259,65.9973269797961,1.0,1.2655420214962256,1.0,0.11327081193333408,857.5882033453679,1.0,1.0,1.0,1.0,93
652,2726.312938376184,65.99727368706162,1.0,1.2649518171828624,1.0,0.11322156558054343,857.4960326219972,1.0,1.0,1.0,1.0,93
653,2780.668184666938,65.99721933181533,1.0,1.2643421093218903,1.0,0.11317137121280063,857.4020664221075,1.0,1.0,1.0,1.0,93
654,2836.107126361012,65.99716389287364,1.0,1.2637127370621575,1.0,0.11312021376917951,857.3062706266543,1.0,1.0,1.0,1.0,93
655,2892.6513693898837,65.9971073486306,1.0,1.2630635784472402,1.0,0.11306807819429611,857.2086105027211,1.0,1.0,1.0,1.0,93
656,2950.322950448411,65.99704967704955,1.0,1.2623945548949265,1.0,0.11301494945995855,857.1090506938804,1.0,1.0,1.0,1.0,93
657,3009.1443455830445,65.99699085565442,1.0,1.261705636037723,1.0,0.11296081258867874,857.0075552104638,1.0,1.0,1.0,1.0,93
658,3069.1384789513204,65.99693086152105,1.0,1.2609968449499964,1.0,0.11290565267917488,856.9040874197412,1.0,1.0,1.0,1.0,93
659,3130.3287317559716,65.99686967126824,1.0,1.2602682637890807,1.0,0.11284945493400239,856.7986100360131,1.0,1.0,1.0,1.0,93
660,3192.7389513571543,65.99680726104864,1.0,1.2595200398794917,1.0,0.11279220468945932,856.6910851106162,1.0,1.0,1.0,1.0,93
661,3256.3934605663817,65.99674360653944,1.0,1.2587523922713284,1.0,0.11273388744792219,856.5814740218481,1.0,1.0,1.0,1.0,93
662,3321.31706712569,65.99667868293288,1.0,1.2579656188060064,1.0,0.11267448891277812,856.4697374648094,1.0,1.0,1.0,1.0,93
663,3387.535073375856,65.99661246492663,1.0,1.25716010372465,1.0,0.11261399502612959,856.3558354411708,1.0,1.0,1.0,1.0,93
664,3455.0732861173337,65.99654492671388,1.0,1.2563363258568145,1.0,0.1125523920094599,856.2397272488643,1.0,1.0,1.0,1.0,93
665,3523.9580266678336,65.99647604197334,1.0,1.2554948674296875,1.0,0.11248966640745922,856.121371471704,1.0,1.0,1.0,1.0,93
666,3594.21614112035,65.99640578385888,1.0,1.254636423540562,1.0,0.11242580513522393,856.0007259689404,1.0,1.0,1.0,1.0,93
667,3665.87501080578,65.99633412498919,1.0,1.253761812338179,1.0,0.11236079552905585,855.8777478647503,1.0,1.0,1.0,1.0,93
668,3738.9625629640996,65.99626103743704,1.0,1.2528719859615416,1.0,0.11229462540110216,855.7523935376685,1.0,1.0,1.0,1.0,93
669,3813.5072816282923,65.99618649271837,1.0,1.2519680422879649,1.0,0.11222728309809227,855.624618609963,1.0,1.0,1.0,1.0,93
670,3889.5382187253194,65.99611046178127,1.0,1.2510512375455292,1.0,0.11215875756444461,855.4943779369622,1.0,1.0,1.0,1.0,93
671,3967.0850053983268,65.9960329149946,1.0,1.2501229998486902,1.0,0.11208903841003305,855.361625596335,1.0,1.0,1.0,1.0,93
672,4046.1778635546675,65.99595382213644,1.0,1.249184943719634,1.0,0.11201811598292187,855.226314877331,1.0,1.0,1.0,1.0,93
673,4126.847617644116,65.99587315238236,1.0,1.2482388856620383,1.0,0.11194598144739724,855.0883982699879,1.0,1.0,1.0,1.0,93
674,4209.125706671953,65.99579087429333,1.0,1.247286860858229,1.0,0.11187262686764432,854.9478274543084,1.0,1.0,1.0,1.0,93
675,4293.044196451475,65.99570695580356,1.0,1.2463311410653306,1.0,0.11179804529744128,854.8045532894158,1.0,1.0,1.0,1.0,93
676,4378.635792100871,65.99562136420789,1.0,1.2453742537909032,1.0,0.11172223087626523,854.6585258026942,1.0,1.0,1.0,1.0,93
677,4465.933850789215,65.9955340661492,1.0,1.244419002833773,1.0,0.1116451789322292,854.5096941789191,1.0,1.0,1.0,1.0,93
678,4554.9723947365665,65.99544502760526,1.0,1.2434684902812916,1.0,0.11156688609229737,854.3580067493876,1.0,1.0,1.0,1.0,93
679,4645.786124473314,65.99535421387553,1.0,1.2425261400601624,1.0,0.11148735040025277,854.203410981055,1.0,1.0,1.0,1.0,93
680,4738.410432363779,65.99526158956763,1.0,1.24159572314422,1.0,0.11140657144292195,854.045853465685,1.0,1.0,1.0,1.0,93
681,4832.881416399536,65.9951671185836,1.0,1.2406813845292095,1.0,0.11132455048519346,853.8852799090253,1.0,1.0,1.0,1.0,93
682,4929.235894267671,65.99507076410573,1.0,1.239787672091695,1.0,0.11124129061440038,853.7216351200132,1.0,1.0,1.0,1.0,93
683,5027.511417699596,65.9949724885823,1.0,1.2389177337659472,1.0,0.11115677794298008,853.5548630000249,1.0,1.0,1.0,1.0,93
684,5127.7462871058215,65.9948722537129,1.0,1.2380420955005902,1.0,0.11107066403295375,853.3849065321764,1.0,1.0,1.0,1.0,93
685,5229.979566502627,65.99477002043349,1.0,1.2371485311461579,1.0,0.11098278930653689,853.2117077706862,1.0,1.0,1.0,1.0,93
686,5334.251098736259,65.99466574890127,1.0,1.2362366722846958,1.0,0.11089311770796573,853.0352078303127,1.0,1.0,1.0,1.0,93
687,5440.601521010674,65.99455939847898,1.0,1.2353061431873142,1.0,0.11080161247437824,852.8553468758762,1.0,1.0,1.0,1.0,93
688,5549.072280724899,65.99445092771927,1.0,1.2343565606989835,1.0,0.11070823612524126,852.6720641118776,1.0,1.0,1.0,1.0,93
689,5659.705651626058,65.99434029434838,1.0,1.23338753412404,1.0,0.11061295045189476,852.4852977722288,1.0,1.0,1.0,1.0,93
690,5772.544750284534,65.99422745524971,1.0,1.2323986651126528,1.0,0.11051571650724029,852.2949851101055,1.0,1.0,1.0,1.0,93
691,5887.633552897548,65.9941123664471,1.0,1.2313895475485108,1.0,0.1104164945956029,852.1010623879367,1.0,1.0,1.0,1.0,93
692,6005.0169124278245,65.99399498308757,1.0,1.2303597674380184,1.0,0.11031524426279778,851.9034648675483,1.0,1.0,1.0,1.0,93
693,6124.740576083827,65.99387525942392,1.0,1.2293089028013124,1.0,0.11021192428643589,851.702126800472,1.0,1.0,1.0,1.0,93
694,6246.851203148634,65.99375314879686,1.0,1.2282365235654362,1.0,0.11010649266650516,851.4969814184383,1.0,1.0,1.0,1.0,93
695,6371.396383164205,65.99362860361684,1.0,1.2271421914600302,1.0,0.109998906616267,851.2879609240695,1.0,1.0,1.0,1.0,93
696,6498.424654478189,65.99350157534552,1.0,1.2260254599159381,1.0,0.10988912255351085,851.0749964817894,1.0,1.0,1.0,1.0,93
697,6627.985523160584,65.99337201447683,1.0,1.2248858739671462,1.0,0.10977709609221291,850.8580182089692,1.0,1.0,1.0,1.0,93
698,6760.129482297398,65.9932398705177,1.0,1.2237229701565144,1.0,0.10966278203464833,850.6369551673272,1.0,1.0,1.0,1.0,93
699,6894.908031669107,65.99310509196833,1.0,1.2225362764457943,1.0,0.10954613436401078,850.4117353546031,1.0,1.0,1.0,1.0,93
700,7032.3736978213765,65.99296762630217,1.0,1.221325312130458,1.0,0.10942710623759629,850.1822856965266,1.0,1.0,1.0,1.0,93
701,7172.580054536014,65.99282741994547,1.0,1.2200895877599132,1.0,0.1093056499806132,849.948532039102,1.0,1.0,1.0,1.0,93
702,7315.581743709916,65.99268441825629,1.0,1.2188286050637172,1.0,0.1091817170806848,849.7103991412322,1.0,1.0,1.0,1.0,93
703,7461.434496650427,65.99253856550335,1.0,1.2175418568844465,1.0,0.10905525818311537,849.4678106677029,1.0,1.0,1.0,1.0,93
704,7610.1951557952,65.99238980484421,1.0,1.216228827117937,1.0,0.10892622308699637,849.2206891825542,1.0,1.0,1.0,1.0,93
705,7761.921696865092,65.99223807830313,1.0,1.2148889906616467,1.0,0.10879456074223479,848.9689561428613,1.0,1.0,1.0,1.0,93
706,7916.673251458798,65.99208332674854,1.0,1.213521813371971,1.0,0.10866021924759127,848.7125318929543,1.0,1.0,1.0,1.0,93
707,8074.510130097818,65.9919254898699,1.0,1.212126752031376,1.0,0.10852314584982274,848.4513356590999,1.0,1.0,1.0,1.0,93
708,8235.493845731015,65.99176450615427,1.0,1.2107032543262992,1.0,0.10838328694403022,848.1852855446775,1.0,1.0,1.0,1.0,93
709,8399.687137707715,65.99160031286229,1.0,1.2092507588368193,1.0,0.10824058807532025,847.9142985258759,1.0,1.0,1.0,1.0,93
710,8567.15399622885,65.99143284600378,1.0,1.2077686950391857,1.0,0.1080949939418958,847.6382904479409,1.0,1.0,1.0,1.0,93
711,8737.959687285429,65.99126204031272,1.0,1.2062564833223592,1.0,0.10794644839970086,847.3571760220085,1.0,1.0,1.0,1.0,93
712,8912.170778094383,65.99108782922191,1.0,1.204713535019807,1.0,0.10779489446875157,847.070868822552,1.0,1.0,1.0,1.0,93
713,9089.855163041444,65.99091014483696,1.0,1.2031392524578834,1.0,0.10764027434129593,846.7792812854801,1.0,1.0,1.0,1.0,93
714,9271.082090141248,65.99072891790986,1.0,1.2015330290222173,1.0,0.10748252939195425,846.4823247069197,1.0,1.0,1.0,1.0,93
715,9455.922188025086,65.99054407781198,1.0,1.199894249243629,1.0,0.10732160019000307,846.1799092427191,1.0,1.0,1.0,1.0,93
716,9644.447493466523,65.99035555250653,1.0,1.1982222889052068,1.0,0.10715742651397621,845.8719439087108,1.0,1.0,1.0,1.0,93
717,9836.731479455988,65.99016326852055,1.0,1.1965165151722834,1.0,0.10698994736876902,845.5583365817715,1.0,1.0,1.0,1.0,93
718,10032.849083835,65.98996715091617,1.0,1.1947762867471783,1.0,0.10681910100544424,845.238994001719,1.0,1.0,1.0,1.0,93
719,10232.876738501296,65.9897671232615,1.0,1.1930009540506943,1.0,0.10664482494395197,844.9138217740899,1.0,1.0,1.0,1.0,93
720,10436.892399196306,65.9895631076008,1.0,1.1911898594324986,1.0,0.10646705599899005,844.5827243738382,1.0,1.0,1.0,1.0,93
721,10644.975575886325,65.98935502442411,1.0,1.189342337412664,1.0,0.1062857303092472,844.2456051500004,1.0,1.0,1.0,1.0,93
722,10857.207363749603,65.98914279263624,1.0,1.187457714956796,1.0,0.10610078337028744,843.9023663313737,1.0,1.0,1.0,1.0,93
723,11073.670474781102,65.98892632952521,1.0,1.1855353117873464,1.0,0.10591215007135132,843.5529090332532,1.0,1.0,1.0,1.0,93
724,11294.449270027508,65.98870555072997,1.0,1.183574440733877,1.0,0.10571976473636897,843.1971332652761,1.0,1.0,1.0,1.0,93
725,11519.629792464682,65.98848037020754,1.0,1.1815744081252408,1.0,0.10552356116949908,842.8349379404266,1.0,1.0,1.0,1.0,93
726,11749.29980053084,65.98825070019947,1.0,1.1795345142268314,1.0,0.10532347270552886,842.466220885249,1.0,1.0,1.0,1.0,93
727,11983.548802328169,65.98801645119767,1.0,1.1774540537262714,1.0,0.10511943226549333,842.0908788513248,1.0,1.0,1.0,1.0,93
728,12222.468090506332,65.98777753190949,1.0,1.1753323162711458,1.0,0.10491137241789486,841.7088075280676,1.0,1.0,1.0,1.0,93
729,12466.150777841578,65.98753384922216,1.0,1.1731685870625994,1.0,0.10469922544593038,841.3199015568936,1.0,1.0,1.0,1.0,93
730,12714.691833524952,65.98728530816648,1.0,1.1709621475089114,1.0,0.10448292342116001,840.9240545468238,1.0,1.0,1.0,1.0,93
731,12968.188120174247,65.98703181187983,1.0,1.1687122759433948,1.0,0.10426239828407974,840.5211590915785,1.0,1.0,1.0,1.0,93
732,13226.738431583717,65.98677326156842,1.0,1.1664182484112882,1.0,0.10403758193209131,840.1111067882264,1.0,1.0,1.0,1.0,93
733,13490.443531226581,65.98650955646877,1.0,1.1640793395305946,1.0,0.10380840631539487,839.6937882574488,1.0,1.0,1.0,1.0,93
734,13759.40619152488,65.98624059380847,1.0,1.1616948234321667,1.0,0.10357480354136513,839.2690931654853,1.0,1.0,1.0,1.0,93
735,14033.731233902561,65.98596626876609,1.0,1.1592639747846698,1.0,0.1033367059880071,838.8369102478272,1.0,1.0,1.0,1.0,93
736,14313.525569636948,65.98568647443037,1.0,1.1567860699104413,1.0,0.10309404642712833,838.3971273347244,1.0,1.0,1.0,1.0,93
737,14598.898241524694,65.98540110175847,1.0,1.1542603879986508,1.0,0.10284675815790477,837.9496313785783,1.0,1.0,1.0,1.0,93
738,14889.960466378589,65.98511003953362,1.0,1.1516862124225822,1.0,0.10259477515156208,837.4943084832885,1.0,1.0,1.0,1.0,93
739,15186.825678371333,65.98481317432163,1.0,1.1490628321683232,1.0,0.1023380322079417,837.0310439356289,1.0,1.0,1.0,1.0,93
740,15489.609573243757,65.98451039042676,1.0,1.1463895433825897,1.0,0.10207646512476992,836.559722238725,1.0,1.0,1.0,1.0,93
741,15798.430153394278,65.9842015698466,1.0,1.1436656510479621,1.0,0.10181001088050243,836.08022714771,1.0,1.0,1.0,1.0,93
742,16113.407773867477,65.98388659222613,1.0,1.140890470794299,1.0,0.10153860783167211,835.5924417076368,1.0,1.0,1.0,1.0,93
743,16434.665189259264,65.98356533481073,1.0,1.1380633308557113,1.0,0.10126219592572994,835.0962482937226,1.0,1.0,1.0,1.0,93
744,16762.327601557514,65.98323767239845,1.0,1.1351835741830458,1.0,0.1009807169304298,834.5915286540113,1.0,1.0,1.0,1.0,93
745,17096.52270893636,65.98290347729106,1.0,1.1322505607225055,1.0,0.10069411468087881,834.0781639545298,1.0,1.0,1.0,1.0,93
746,17437.380755523303,65.98256261924448,1.0,1.129263669871699,1.0,0.10040233534544506,833.5560348270263,1.0,1.0,1.0,1.0,93
747,17785.03458215872,65.98221496541784,1.0,1.1262223031251486,1.0,0.1001053277117919,833.025021419371,1.0,1.0,1.0,1.0,93
748,18139.619678167033,65.98186038032183,1.0,1.1231258869220704,1.0,0.09980304349439022,832.4850034487094,1.0,1.0,1.0,1.0,93
749,18501.274234160388,65.98149872576585,1.0,1.1199738757100404,1.0,0.09949543766494515,831.9358602574514,1.0,1.0,1.0,1.0,93
750,18870.139195894913,65.9811298608041,1.0,1.116765755239068,1.0,0.09918246880726746,831.3774708721861,1.0,1.0,1.0,1.0,93
751,19246.35831920091,65.98075364168079,1.0,1.1135010461015036,1.0,0.09886409949821685,830.809714065612,1.0,1.0,1.0,1.0,93
752,19630.078226007856,65.980369921774,1.0,1.1101793075342146,1.0,0.09854029671644879,830.2324684215708,1.0,1.0,1.0,1.0,93
753,20021.448461486743,65.97997855153851,1.0,1.1068001415005018,1.0,0.09821103228080647,829.6456124032786,1.0,1.0,1.0,1.0,93
754,20420.621552331533,65.97957937844767,1.0,1.1033631970703623,1.0,0.09787628332031813,829.0490244248426,1.0,1.0,1.0,1.0,93
755,20827.753066202516,65.9791722469338,1.0,1.0998681751188788,1.0,0.09753603277788368,828.4425829261593,1.0,1.0,1.0,1.0,93
756,21243.001672355098,65.97875699832764,1.0,1.0963148333637853,1.0,0.09719026994986774,827.8261664512829,1.0,1.0,1.0,1.0,93
757,21666.529203476854,65.97833347079653,1.0,1.0927029917646072,1.0,0.09683899106395755,827.1996537303611,1.0,1.0,1.0,1.0,93
758,22098.500718757947,65.97790149928124,1.0,1.0890325383071826,1.0,0.09648219989779307,826.5629237652281,1.0,1.0,1.0,1.0,93
759,22539.084568218674,65.97746091543178,1.0,1.0853034351989064,1.0,0.0961199084410367,825.9158559187489,1.0,1.0,1.0,1.0,93
760,22988.452458319858,65.97701154754168,1.0,1.0815157255016357,1.0,0.09575213760371833,825.2583300080074,1.0,1.0,1.0,1.0,93
761,23446.77951888082,65.97655322048112,1.0,1.0776695402309138,1.0,0.09537891797387207,824.5902264014323,1.0,1.0,1.0,1.0,93
762,23914.244371332006,65.97608575562867,1.0,1.073765105951982,1.0,0.09500029062767061,823.9114261199495,1.0,1.0,1.0,1.0,93
763,24391.02919832815,65.97560897080167,1.0,1.0698027529049845,1.0,0.09461630799546679,823.221810942254,1.0,1.0,1.0,1.0,93
764,24877.31981474932,65.97512268018525,1.0,1.0657829236938197,1.0,0.09422703478736755,822.5212635142899,1.0,1.0,1.0,1.0,93
765,25373.305740117798,65.97462669425988,1.0,1.0617061825752738,1.0,0.09383254898219305,821.8096674630267,1.0,1.0,1.0,1.0,93
766,25879.180272458227,65.97412081972755,1.0,1.057573225387391,1.0,0.0934329428839186,821.0869075146184,1.0,1.0,1.0,1.0,93
767,26395.140563630863,65.97360485943636,1.0,1.0533848901584846,1.0,0.09302832424995328,820.3528696170291,1.0,1.0,1.0,1.0,93
768,26921.387696166432,65.97307861230384,1.0,1.0491421684408218,1.0,0.09261881749588524,819.6074410672088,1.0,1.0,1.0,1.0,93
769,27458.126761633204,65.97254187323837,1.0,1.0448462174157729,1.0,0.09220456498161335,818.8505106428954,1.0,1.0,1.0,1.0,93
770,28005.566940565954,65.97199443305944,1.0,1.040498372820191,1.0,0.091785728384096,818.0819687391222,1.0,1.0,1.0,1.0,93
771,28563.921583989,65.971436078416,1.0,1.0361001627468855,1.0,0.09136249016227485,817.3017075095021,1.0,1.0,1.0,1.0,93
772,29133.408296564357,65.97086659170344,1.0,1.031653322375415,1.0,0.09093505512008164,816.5096210123568,1.0,1.0,1.0,1.0,93
773,29714.24902139761,65.9702857509786,1.0,1.0271598096929369,1.0,0.09050365207380631,815.7056053617563,1.0,1.0,1.0,1.0,93
774,30306.670126534886,65.96969332987346,1.0,1.0226218222686099,1.0,0.09006853563049878,814.8895588835273,1.0,1.0,1.0,1.0,93
775,30910.902493183745,65.96908909750681,1.0,1.018041815149045,1.0,0.08962998808449503,814.0613822762868,1.0,1.0,1.0,1.0,93
776,31527.181605693557,65.9684728183943,1.0,1.0134225199465108,1.0,0.08918832143960152,813.2209787775462,1.0,1.0,1.0,1.0,93
777,32155.74764332947,65.96784425235667,1.0,1.0087669651961213,1.0,0.08874387956494495,812.3682543349307,1.0,1.0,1.0,1.0,93
778,32796.84557387648,65.96720315442613,1.0,1.004078498062993,1.0,0.08829704049299403,811.5031177825493,1.0,1.0,1.0,1.0,93
779,33450.72524910909,65.96654927475089,1.0,0.9993608074854482,1.0,0.08784821886879324,810.625481022542,1.0,1.0,1.0,1.0,93
780,34117.641502165,65.96588235849784,1.0,0.9946179488457033,1.0,0.08739786856001185,809.7352592118235,1.0,1.0,1.0,1.0,93
781,34797.85424685981,65.96520214575314,1.0,0.9898543702652326,1.0,0.08694648543801327,808.8323709540379,1.0,1.0,1.0,1.0,93
782,35491.62857898186,65.96450837142102,1.0,0.9850749406280488,1.0,0.08649461034078504,807.9167384967216,1.0,1.0,1.0,1.0,93
783,36199.23487960689,65.9638007651204,1.0,0.980284979441607,1.0,0.08604283222924775,806.9882879336699,1.0,1.0,1.0,1.0,93
784,36920.948920471856,65.96307905107953,1.0,0.9754902886518895,1.0,0.08559179154917884,806.0469494124862,1.0,1.0,1.0,1.0,93
785,37657.05197145026,65.96234294802855,1.0,0.9706971865364981,1.0,0.08514218381174977,805.092657347284,1.0,1.0,1.0,1.0,93
786,38407.8309101699,65.96159216908983,1.0,0.9659125438073112,1.0,0.08469476340648517,804.125350636498,1.0,1.0,1.0,1.0,93
787,39173.57833381649,65.96082642166618,1.0,0.9611438220624677,1.0,0.08425034766131337,803.1449728857497,1.0,1.0,1.0,1.0,93
788,39954.592673165585,65.96004540732683,1.0,0.9563991147361539,1.0,0.08380982116528952,802.1514726356972,1.0,1.0,1.0,1.0,93
789,40751.178308888746,65.9592488216911,1.0,0.9516317011022637,1.0,0.083368269279626,801.1448035947847,1.0,1.0,1.0,1.0,93
790,41563.645690178215,65.95843635430982,1.0,0.9467748291579767,1.0,0.0829186589976509,800.1249248767899,1.0,1.0,1.0,1.0,93
791,42392.31145573653,65.95760768854426,1.0,0.9418268657675857,1.0,0.08246084808107275,799.0918012430575,1.0,1.0,1.0,1.0,93
792,43237.49855717888,65.95676250144282,1.0,0.9367863728701029,1.0,0.08199471541856738,798.0454033492779,1.0,1.0,1.0,1.0,93
793,44099.53638489479,65.95590046361511,1.0,0.9316519079174929,1.0,0.08152013990165166,796.9857079966665,1.0,1.0,1.0,1.0,93
794,44978.76089642014,65.95502123910357,1.0,0.9264220253057538,1.0,0.08103700056544319,795.9126983873654,1.0,1.0,1.0,1.0,93
795,45875.51474736802,65.95412448525263,1.0,0.9210952779291197,1.0,0.0805451767405378,794.8263643838796,1.0,1.0,1.0,1.0,93
796,46790.14742497005,65.95320985257503,1.0,0.9156702188656765,1.0,0.0800445482167221,793.7267027723346,1.0,1.0,1.0,1.0,93
797,47723.0153842806,65.95227698461572,1.0,0.9101454032032158,1.0,0.07953499541928283,792.6137175293178,1.0,1.0,1.0,1.0,93
798,48674.48218709563,65.9513255178129,1.0,0.904519390014713,1.0,0.07901639959872245,791.4874200920483,1.0,1.0,1.0,1.0,93
799,49644.91864364207,65.95035508135636,1.0,0.8987907444933925,1.0,0.07848864303473804,790.3478296315911,1.0,1.0,1.0,1.0,93
800,50634.70295709164,65.9493652970429,1.0,0.8929580402579902,1.0,0.07795160925537585,789.1949733288087,1.0,1.0,1.0,1.0,93
801,51644.22087095636,65.94835577912905,1.0,0.8870198618394767,1.0,0.07740518327232698,788.028886652714,1.0,1.0,1.0,1.0,93
802,52673.86581942177,65.94732613418059,1.0,0.8809748073612249,1.0,0.07684925183339185,786.8496136408687,1.0,1.0,1.0,1.0,93
803,53724.039080678456,65.94627596091932,1.0,0.8748214914253452,1.0,0.07628370369320098,785.6572071814313,1.0,1.0,1.0,1.0,93
804,54795.14993330996,65.94520485006669,1.0,0.8685585482187212,1.0,0.07570842990334879,784.4517292964426,1.0,1.0,1.0,1.0,93
805,55887.61581579868,65.9441123841842,1.0,0.8621846348531277,1.0,0.07512332412316651,783.2332514258958,1.0,1.0,1.0,1.0,93
806,57001.86248921252,65.94299813751078,1.0,0.8556984349546976,1.0,0.07452828295243515,782.001854712114,1.0,1.0,1.0,1.0,93
807,58138.32420313384,65.94186167579687,1.0,0.8490986625189907,1.0,0.07392320628742086,780.7576302839252,1.0,1.0,1.0,1.0,93
808,59297.44386489771,65.94070255613511,1.0,0.8423840660488979,1.0,0.0733079977016967,779.5006795400877,1.0,1.0,1.0,1.0,93
809,60479.67321220371,65.9395203267878,1.0,0.8355534329937191,1.0,0.07268256485330665,778.2311144313912,1.0,1.0,1.0,1.0,93
810,61685.47298916976,65.93831452701083,1.0,0.8286055945088827,1.0,0.07204681991992151,776.9490577408203,1.0,1.0,1.0,1.0,93
811,62915.31312589486,65.9370846868741,1.0,0.8215394305570038,1.0,0.07140068006373805,775.654643361137,1.0,1.0,1.0,1.0,93
812,64169.67292160298,65.93583032707839,1.0,0.8143538753722462,1.0,0.07074406792797795,774.348016569196,1.0,1.0,1.0,1.0,93
813,65449.0412314377,65.93455095876857,1.0,0.8070479233113471,1.0,0.07007691216695859,773.0293342962789,1.0,1.0,1.0,1.0,93
814,66753.91665698112,65.93324608334302,1.0,0.7996206351161005,1.0,0.06939914801182615,771.6987653936907,1.0,1.0,1.0,1.0,93
815,68084.80774057178,65.93191519225942,1.0,0.7920711446136421,1.0,0.06871071787416991,770.3564908928283,1.0,1.0,1.0,1.0,93
816,69442.2331634954,65.9305577668365,1.0,0.7843986658825306,1.0,0.06801157198987262,769.0027042588945,1.0,1.0,1.0,1.0,93
817,70826.72194812844,65.92917327805188,1.0,0.77660250091433,1.0,0.06730166910569299,767.6376116373897,1.0,1.0,1.0,1.0,93
818,72238.81366411093,65.92776118633589,1.0,0.7686820478022759,1.0,0.0665809772112314,766.2614320924838,1.0,1.0,1.0,1.0,93
819,73679.05863863076,65.92632094136137,1.0,0.760636809490543,1.0,0.06584947431908905,764.874397836325,1.0,1.0,1.0,1.0,93
820,75148.01817089891,65.92485198182911,1.0,0.7524664031197372,1.0,0.06510714929620433,763.4767544483163,1.0,1.0,1.0,1.0,93
821,76646.26475090237,65.9233537352491,1.0,0.7441705700064096,1.0,0.06435400274952875,762.0687610833445,1.0,1.0,1.0,1.0,93
822,78174.38228251744,65.92182561771749,1.0,0.7357491862967671,1.0,0.06359004796940104,760.6506906679192,1.0,1.0,1.0,1.0,93
823,79732.96631107149,65.92026703368893,1.0,0.7272022743372225,1.0,0.0628153119341795,759.2228300831421,1.0,1.0,1.0,1.0,93
824,81322.62425544234,65.91867737574455,1.0,0.7185300148070712,1.0,0.06202983637991074,757.7854803333928,1.0,1.0,1.0,1.0,93
825,82943.97564478351,65.91705602435522,1.0,0.7097327596613966,1.0,0.06123367893904408,756.3389566995911,1.0,1.0,1.0,1.0,93
826,84597.6523599708,65.91540234764003,1.0,0.7008110459352551,1.0,0.060426914352441526,754.8835888758578,1.0,1.0,1.0,1.0,93
827,86284.29887986156,65.91371570112014,1.0,0.6917656104633823,1.0,0.059609635759195784,753.4197210883766,1.0,1.0,1.0,1.0,93
828,88004.57253246482,65.91199542746753,1.0,0.6825974055729823,1.0,0.058781956069040193,751.9477121952285,1.0,1.0,1.0,1.0,93
829,89759.14375111728,65.91024085624888,1.0,0.6733076158107539,1.0,0.05794400942242855,750.4679357659501,1.0,1.0,1.0,1.0,93
830,91548.69633576852,65.90845130366424,1.0,0.663897675769044,1.0,0.0570959527436679,748.980780139544,1.0,1.0,1.0,1.0,93
831,93373.92771947461,65.90662607228053,1.0,0.6543692890800566,1.0,0.056237967392818826,747.4866484596555,1.0,1.0,1.0,1.0,93
832,95235.54924020493,65.9047644507598,1.0,0.6447244486512951,1.0,0.05537026092242247,745.9859586856138,1.0,1.0,1.0,1.0,93
833,97134.28641806896,65.90286571358193,1.0,0.6349654582199049,1.0,0.05449306894548315,744.4791435780262,1.0,1.0,1.0,1.0,93
834,99070.87923806837,65.90092912076193,1.0,0.6250949553084237,1.0,0.05360665712152745,742.9666506576104,1.0,1.0,1.0,1.0,93
835,101046.08243848826,65.89895391756151,1.0,0.6151159356694723,1.0,0.052711323267972544,741.4489421359451,1.0,1.0,1.0,1.0,93
836,103060.66580503702,65.89693933419497,1.0,0.6050317793123677,1.0,0.051807399604479866,739.9264948168251,1.0,1.0,1.0,1.0,93
837,105115.41447085174,65.89488458552916,1.0,0.5948462782103335,1.0,0.05089525513843391,738.3997999669161,1.0,1.0,1.0,1.0,93
838,107211.12922248291,65.89278887077752,1.0,0.5845636657930936,1.0,0.049975298200184,736.8693631544197,1.0,1.0,1.0,1.0,93
839,109348.6268119815,65.89065137318802,1.0,0.5741886483360469,1.0,0.04904797913720838,735.3357040544759,1.0,1.0,1.0,1.0,93
840,111528.74027520747,65.8884712597248,1.0,0.5637264383641077,1.0,0.04811379317692015,733.7993562200634,1.0,1.0,1.0,1.0,93
841,113752.3192564841,65.88624768074352,1.0,0.5531827901955421,1.0,0.04717328346842395,732.2608668171891,1.0,1.0,1.0,1.0,93
842,116020.2303397266,65.88397976966027,1.0,0.54256403775884,1.0,0.04622704431415851,730.7207963231976,1.0,1.0,1.0,1.0,93
843,118333.35738616975,65.88166664261384,1.0,0.5318771348238748,1.0,0.04527572460302745,729.1797181870872,1.0,1.0,1.0,1.0,93
844,120692.60187883173,65.87930739812117,1.0,0.5211296977972453,1.0,0.0443200314573222,727.638218450767,1.0,1.0,1.0,1.0,93
845,123098.88327384375,65.87690111672616,1.0,0.5103300512409579,1.0,0.04336073410649268,726.0968953302645,1.0,1.0,1.0,1.0,93
846,125553.13935878602,65.87444686064121,1.0,0.49948727628335404,1.0,0.042398668001612475,724.5563587559603,1.0,1.0,1.0,1.0,93
847,128056.32661816533,65.87194367338184,1.0,0.48861126210160666,1.0,0.041434739185229275,723.0172298710149,1.0,1.0,1.0,1.0,93
848,130609.42060618177,65.86939057939382,1.0,0.4777127606660852,1.0,0.04046992893218122,721.4801404872424,1.0,1.0,1.0,1.0,93
849,133213.41632692618,65.86678658367308,1.0,0.466803444948619,1.0,0.03950529867791064,719.9457324977885,1.0,1.0,1.0,1.0,93
850,135869.32862215771,65.86413067137784,1.0,0.4558959708090815,1.0,0.03854199525180886,718.4146572460887,1.0,1.0,1.0,1.0,93
851,138578.19256681387,65.86142180743319,1.0,0.4450040427878793,1.0,0.037581256434192814,716.8875748506931,1.0,1.0,1.0,1.0,93
852,141341.0638724033,65.8586589361276,1.0,0.43414248404593264,1.0,0.03662441685664582,715.3651534856929,1.0,1.0,1.0,1.0,93
853,144159.01929844383,65.85584098070156,1.0,0.4233273107085231,1.0,0.03567291426665174,713.8480686166123,1.0,1.0,1.0,1.0,93
854,147033.15707210192,65.8529668429279,1.0,0.4125758108851622,1.0,0.03472829617872756,712.3370021917945,1.0,1.0,1.0,1.0,93
855,149964.5973162,65.8500354026838,1.0,0.40190662865430826,1.0,0.033792226935606184,710.8326417894671,1.0,1.0,1.0,1.0,93
856,152954.48248575462,65.84704551751425,1.0,0.3913398533195062,1.0,0.03286649520445633,709.3356797208544,1.0,1.0,1.0,1.0,93
857,156003.97781322055,65.84399602218679,1.0,0.3808971142623027,1.0,0.03195302193464183,707.8468120898816,1.0,1.0,1.0,1.0,93
858,159114.2717626105,65.8408857282374,1.0,0.3706016817372795,1.0,0.031053868805137053,706.3667378102155,1.0,1.0,1.0,1.0,93
859,162286.57649266877,65.83771342350732,1.0,0.3604785739757067,1.0,0.03017124719142312,704.896157580591,1.0,1.0,1.0,1.0,93
860,165522.12832928085,65.83447787167071,1.0,0.3505546709867998,1.0,0.029307527683502668,703.4357728195841,1.0,1.0,1.0,1.0,93
861,168822.18824729839,65.8311778117527,1.0,0.3408588354694276,1.0,0.028465250188596438,701.986284561219,1.0,1.0,1.0,1.0,93
862,172188.0423619737,65.82781195763803,1.0,0.3314220412723984,1.0,0.02764713465412228,700.5483923130204,1.0,1.0,1.0,1.0,93
863,175621.0024301904,65.82437899756981,1.0,0.32227750986834414,1.0,0.026856092448725707,699.1227928783701,1.0,1.0,1.0,1.0,93
864,179122.40636168726,65.82087759363831,1.0,0.31346085533470125,1.0,0.02609523844142491,697.7101791452652,1.0,1.0,1.0,1.0,93
865,182693.61874047644,65.81730638125953,1.0,0.305010238365534,1.0,0.025367903821370066,696.3112388438246,1.0,1.0,1.0,1.0,93
866,186336.03135665334,65.81366396864334,1.0,0.29696652987005745,1.0,0.024677649703302718,694.9266532751542,1.0,1.0,1.0,1.0,93
867,190051.0637488134,65.80994893625119,1.0,0.2893734847477398,1.0,0.02402828156653919,693.5570960144273,1.0,1.0,1.0,1.0,93
868,193840.16375728065,65.80615983624271,1.0,0.28227792646604155,1.0,0.023423864578214423,692.2032315913082,1.0,1.0,1.0,1.0,93
869,197704.80808836856,65.80229519191163,1.0,0.27572994310516474,1.0,0.022868739854604553,690.8657141510998,1.0,1.0,1.0,1.0,93
870,201646.50288988688,65.79835349711011,1.0,0.2697221508033005,1.0,0.02236214279111249,689.5451861002626,1.0,1.0,1.0,1.0,93
871,205666.7843381264,65.79433321566188,1.0,0.263767577557159,1.0,0.0218608539097212,688.2422767402014,1.0,1.0,1.0,1.0,93
872,209767.21923654442,65.79023278076346,1.0,0.25775022819369586,1.0,0.02135459290479854,686.957600893477,1.0,1.0,1.0,1.0,93
873,213949.40562638672,65.78605059437362,1.0,0.25167190017285584,1.0,0.02084352079562309,685.6917575268403,1.0,1.0,1.0,1.0,93
874,218214.97340948548,65.78178502659051,1.0,0.24553459815732426,1.0,0.020327815820841078,684.4453283757246,1.0,1.0,1.0,1.0,93
875,222565.58498346995,65.77743441501653,1.0,0.23934054800853058,1.0,0.019807674561462863,683.2188765750607,1.0,1.0,1.0,1.0,93
876,227002.9358896457,65.77299706411036,1.0,0.23309221163978916,1.0,0.019283313130796897,682.0129453014886,1.0,1.0,1.0,1.0,93
877,231528.75547378848,65.76847124452621,1.0,0.2267923027779905,1.0,0.01875496843525318,680.8280564322407,1.0,1.0,1.0,1.0,93
878,236144.8075601147,65.76385519243989,1.0,0.22044380368831715,1.0,0.018222899510178112,679.6647092261496,1.0,1.0,1.0,1.0,93
879,240852.89113868508,65.75914710886131,1.0,0.21404998291974267,1.0,0.017687388935130145,678.5233790323958,1.0,1.0,1.0,1.0,93
880,245654.84106651726,65.75434515893349,1.0,0.20761441413250944,1.0,0.017148744333263855,677.4045160327423,1.0,1.0,1.0,1.0,93
881,250552.5287826749,65.74944747121732,1.0,0.20114099607247354,1.0,0.016607299959767674,676.3085440231195,1.0,1.0,1.0,1.0,93
882,255547.86303761325,65.74445213696238,1.0,0.1946339737610831,1.0,0.016063418384591813,675.2358592405064,1.0,1.0,1.0,1.0,93
883,260642.79063706874,65.73935720936294,1.0,0.1880979609738809,1.0,0.015517492275012312,674.1868292411042,1.0,1.0,1.0,1.0,93
884,265839.29720077437,65.73416070279923,1.0,0.18153796408480802,1.0,0.01496994628390648,673.1617918358221,1.0,1.0,1.0,1.0,93
885,271139.407936307,65.7288605920637,1.0,0.17495940735819943,1.0,0.014421239049960588,672.16105408908,1.0,1.0,1.0,1.0,93
886,276545.18842836004,65.72345481157164,1.0,0.16836815977530148,1.0,0.013871865316401066,671.184891386879,1.0,1.0,1.0,1.0,93
887,282058.7454437552,65.71794125455625,1.0,0.1617705634873345,1.0,0.013322358175229207,670.2335465800008,1.0,1.0,1.0,1.0,93
888,287682.22775249847,65.7123177722475,1.0,0.15517346399266962,1.0,0.012773291444354627,669.3072292080655,1.0,1.0,1.0,1.0,93
889,293417.8269652116,65.70658217303479,1.0,0.14858424214152208,1.0,0.012225282185459013,668.4061148099983,1.0,1.0,1.0,1.0,93
890,299267.778387256,65.70073222161274,1.0,0.1420108480778012,1.0,0.011678993370888182,667.5303443262421,1.0,1.0,1.0,1.0,93
891,305234.36188988696,65.69476563811011,1.0,0.13546183723432806,1.0,0.01113513670836157,666.6800235977818,1.0,1.0,1.0,1.0,93
892,311319.90279877756,65.68868009720123,1.0,0.12894640850461986,1.0,0.010594475632810192,665.8552229667383,1.0,1.0,1.0,1.0,93
893,317526.7728002529,65.68247322719975,1.0,0.1224744447218547,1.0,0.01005782847520776,665.0559769829365,1.0,1.0,1.0,1.0,93
894,323857.3908655972,65.6761426091344,1.0,0.11605655558346259,1.0,0.009526071818844052,664.2822842204391,1.0,1.0,1.0,1.0,93
895,330314.2241937857,65.66968577580622,1.0,0.10970412316813727,1.0,0.009000144054112423,663.5341072075992,1.0,1.0,1.0,1.0,93
896,336899.789173016,65.66310021082698,1.0,0.10342935020087372,1.0,0.008481049143540115,662.8113724736801,1.0,1.0,1.0,1.0,93
897,343616.6523614031,65.6563833476386,1.0,0.09724531123101587,1.0,0.007969860609489083,662.1139707145614,1.0,1.0,1.0,1.0,93
898,350467.4314872334,65.64953256851277,1.0,0.09116600689820403,1.0,0.007467725757692745,661.4417570794657,1.0,1.0,1.0,1.0,93
899,357454.79646915756,65.64254520353084,1.0,0.08520642147165848,1.0,0.006975870150579322,660.7945515800196,1.0,1.0,1.0,1.0,93
900,364581.4704567237,65.63541852954327,1.0,0.07938258385938642,1.0,0.00649560234516238,660.1721396223172,1.0,1.0,1.0,1.0,93
901,371850.2308916588,65.62814976910835,1.0,0.07371163229573596,1.0,0.006028318911159527,659.5742726619527,1.0,1.0,1.0,1.0,93
902,379263.91059030284,65.6207360894097,1.0,0.0682118829282834,1.0,0.005575509745934531,659.0006689812872,1.0,1.0,1.0,1.0,93
903,386825.39884762996,65.61317460115237,1.0,0.06290290253833199,1.0,0.005138763703845747,658.4510145874627,1.0,1.0,1.0,1.0,93
904,394537.6425632774,65.60546235743672,1.0,0.057805585643431745,1.0,0.004719774558634086,657.9249642289273,1.0,1.0,1.0,1.0,93
905,402403.64739002835,65.59759635260997,1.0,0.05294223624528743,1.0,0.004320347318594157,657.422142527458,1.0,1.0,1.0,1.0,93
906,410426.4789051846,65.58957352109482,1.0,0.048336654502305065,1.0,0.003942404915451674,656.9421452218947,1.0,1.0,1.0,1.0,93
907,418609.2638053017,65.58139073619469,1.0,0.044014228622842856,1.0,0.003587995289117878,656.4845405190173,1.0,1.0,1.0,1.0,93
908,426955.1911247388,65.57304480887527,1.0,0.04000203229310297,1.0,0.0032592988918174527,656.0488705462292,1.0,1.0,1.0,1.0,93
909,435467.5134785039,65.5645324865215,1.0,0.036328927972517716,1.0,0.002958636636489154,655.6346528999566,1.0,1.0,1.0,1.0,93
910,444149.54832988256,65.55585045167011,1.0,0.03302567640956208,1.0,0.0026884783158467158,655.2413822829326,1.0,1.0,1.0,1.0,93
911,453004.6792833296,65.54699532071668,1.0,0.030125052752223744,1.0,0.002451451520065767,654.8685322228388,1.0,1.0,1.0,1.0,93
912,462036.3574031478,65.53796364259685,1.0,0.02766196964992368,1.0,0.0022503510827338842,654.5155568641045,1.0,1.0,1.0,1.0,93
913,471248.1025584515,65.52875189744155,1.0,0.0256736077676437,1.0,0.0020881490864751683,654.1818928240468,1.0,1.0,1.0,1.0,93
914,480643.5047949503,65.51935649520505,1.0,0.0241995541584005,1.0,0.001968005461539685,653.8669611039659,1.0,1.0,1.0,1.0,93
915,490226.22573407384,65.50977377426592,1.0,0.023281948967145548,1.0,0.0018932792126417652,653.5701690453049,1.0,1.0,1.0,1.0,93
916,500000.0,65.5,1.0,0.02296564096772675,1.0,0.0018675403114432033,653.2909123205444,1.0,1.0,1.0,1.0,93
