PatchID,XCOORD,YCOORD,ID,MID,FID,sex,age,size,mature,newmature,layeggs,capture,recapture,state,CDist,Hindex,Species,ClassFile,SubPatchID,L0A0,L0A1,L1A0,L1A1
1,2540470.832,712452.2021,Age0_F1_m1f1_P1_Y4_UO3,R1_F1_m1f1_P1_Y0_UO620,R1_F1_m1f1_P1_Y2_UO855,MXY,0,31.028997987985097,0,0,0.0,0,0,0,0.0,0.25,1,P0_CV0,1,1,1,1,1
1,2540470.832,712452.2021,Age0_F1_m1f1_P1_Y4_UO4,R1_F1_m1f1_P1_Y0_UO620,R1_F1_m1f1_P1_Y2_UO855,FXX,0,31.028997987985097,0,0,0.0,0,0,0,0.0,0.25,1,P0_CV0,1,1,1,0,2
1,2540470.832,712452.2021,Age0_F1_m1f1_P1_Y4_UO5,R1_F1_m1f1_P1_Y0_UO620,R1_F1_m1f1_P1_Y2_UO855,MXY,0,31.028997987985097,0,0,0.0,0,0,0,0.0,0.25,1,P0_CV0,1,1,1,1,1
1,2540470.832,712452.2021,Age0_F1_m1f1_P1_Y4_UO6,R1_F1_m1f1_P1_Y0_UO620,R1_F1_m1f1_P1_Y2_UO855,FXX,0,31.028997987985097,0,0,0.0,0,0,0,0.0,0.25,1,P0_CV0,1,0,2,0,2
1,2540470.832,712452.2021,Age0_F1_m1f1_P1_Y4_UO42,R1_F1_m1f1_P1_Y2_UO399,R1_F1_m1f1_P1_Y2_UO672,FXX,0,31.028997987985097,0,0,0.0,0,0,0,0.0,0.25,1,P0_CV0,1,1,1,1,1
1,2540470.832,712452.2021,Age0_F1_m1f1_P1_Y4_UO43,R1_F1_m1f1_P1_Y2_UO399,R1_F1_m1f1_P1_Y2_UO672,FXX,0,31.028997987985097,0,0,0.0,0,0,0,0.0,0.25,1,P0_CV0,1,0,2,1,1
1,2540470.832,712452.2021,Age0_F1_m1f1_P1_Y4_UO44,R1_F1_m1f1_P1_Y2_UO399,R1_F1_m1f1_P1_Y2_UO672,FXX,0,31.028997987985097,0,0,0.0,0,0,0,0.0,0.25,1,P0_CV0,1,1,1,1,1
1,2540470.832,712452.2021,Age0_F1_m1f1_P1_Y4_UO45,R1_F1_m1f1_P1_Y2_UO399,R1_F1_m1f1_P1_Y2_UO672,MXY,0,31.028997987985097,0,0,0.0,0,0,0,0.0,0.25,1,P0_CV0,1,0,2,1,1
1,2540470.832,712452.2021,Age0_F1_m1f1_P1_Y4_UO46,R1_F1_m1f1_P1_Y2_UO399,R1_F1_m1f1_P1_Y2_UO672,MXY,0,31.028997987985097,0,0,0.0,0,0,0,0.0,0.25,1,P0_CV0,1,0,2,1,1
1,2540470.832,712452.2021,Age0_F1_m1f1_P1_Y4_UO167,R1_F1_m1f1_P1_Y2_UO126,R1_F1_m-1f-1_P1_Y-1_U123,MXY,0,31.028997987985097,0,0,0.0,0,0,0,0.0,0.0625,1,P0_CV0,1,0,2,2,0
1,2540470.832,712452.2021,Age0_F1_m1f1_P1_Y4_UO168,R1_F1_m1f1_P1_Y2_UO126,R1_F1_m-1f-1_P1_Y-1_U123,FXX,0,31.028997987985097,0,0,0.0,0,0,0,0.0,0.0625,1,P0_CV0,1,1,1,2,0
1,2540470.832,712452.2021,Age0_F1_m1f1_P1_Y4_UO169,R1_F1_m1f1_P1_Y2_UO126,R1_F1_m-1f-1_P1_Y-1_U123,FXX,0,31.028997987985097,0,0,0.0,0,0,0,0.0,0.0625,1,P0_CV0,1,0,2,1,1
1,2540470.832,712452.2021,Age0_F1_m1f1_P1_Y4_UO183,R1_F1_m-1f-1_P6_Y-1_U49,R1_F1_m1f1_P1_Y2_UO609,FXX,0,31.028997987985097,0,0,0.0,0,0,0,0.0,0.375,1,P0_CV0,1,0,2,0,2
1,2540470.832,712452.2021,Age0_F1_m1f1_P1_Y4_UO184,R1_F1_m-1f-1_P6_Y-1_U49,R1_F1_m1f1_P1_Y2_UO609,FXX,0,31.028997987985097,0,0,0.0,0,0,0,0.0,0.375,1,P0_CV0,1,0,2,2,0
1,2540470.832,712452.2021,Age0_F1_m1f1_P1_Y4_UO186,R1_F1_m-1f-1_P6_Y-1_U49,R1_F1_m1f1_P1_Y2_UO609,FXX,0,31.028997987985097,0,0,0.0,0,0,0,0.0,0.375,1,P0_CV0,1,1,1,1,1
1,2540470.832,712452.2021,Age0_F1_m1f1_P1_Y4_UO188,R1_F1_m-1f-1_P6_Y-1_U49,R1_F1_m1f1_P1_Y2_UO609,MXY,0,31.028997987985097,0,0,0.0,0,0,0,0.0,0.375,1,P0_CV0,1,0,2,1,1
1,2540470.832,712452.2021,Age0_F1_m1f1_P1_Y4_UO229,R1_F1_m-1f-1_P1_Y-1_U69,R1_F1_m1f1_P1_Y2_UO697,FXX,0,31.028997987985097,0,0,0.0,0,0,0,0.0,0.3125,1,P0_CV0,1,0,2,2,0
1,2540470.832,712452.2021,Age0_F1_m1f1_P1_Y4_UO230,R1_F1_m-1f-1_P1_Y-1_U69,R1_F1_m1f1_P1_Y2_UO697,MXY,0,31.028997987985097,0,0,0.0,0,0,0,0.0,0.3125,1,P0_CV0,1,0,2,1,1
1,2540470.832,712452.2021,Age0_F1_m1f1_P1_Y4_UO231,R1_F1_m-1f-1_P1_Y-1_U69,R1_F1_m1f1_P1_Y2_UO697,FXX,0,31.028997987985097,0,0,0.0,0,0,0,0.0,0.3125,1,P0_CV0,1,0,2,2,0
1,2540470.832,712452.2021,Age0_F1_m1f1_P1_Y4_UO232,R1_F1_m-1f-1_P1_Y-1_U69,R1_F1_m1f1_P1_Y2_UO697,MXY,0,31.028997987985097,0,0,0.0,0,0,0,0.0,0.3125,1,P0_CV0,1,1,1,1,1
1,2540470.832,712452.2021,Age0_F1_m1f1_P1_Y4_UO256,R1_F1_m1f1_P1_Y2_UO326,R1_F1_m1f1_P1_Y0_UO241,MXY,0,31.028997987985097,0,0,0.0,0,0,0,0.0,0.25,1,P0_CV0,1,1,1,1,1
1,2540470.832,712452.2021,Age0_F1_m1f1_P1_Y4_UO257,R1_F1_m1f1_P1_Y2_UO326,R1_F1_m1f1_P1_Y0_UO241,FXX,0,31.028997987985097,0,0,0.0,0,0,0,0.0,0.25,1,P0_CV0,1,1,1,1,1
1,2540470.832,712452.2021,Age0_F1_m1f1_P1_Y4_UO258,R1_F1_m1f1_P1_Y2_UO326,R1_F1_m1f1_P1_Y0_UO241,FXX,0,31.028997987985097,0,0,0.0,0,0,0,0.0,0.25,1,P0_CV0,1,1,1,2,0
1,2540470.832,712452.2021,Age0_F1_m1f1_P1_Y4_UO259,R1_F1_m1f1_P1_Y1_UO457,R1_F1_m1f1_P1_Y2_UO211,FXX,0,31.028997987985097,0,0,0.0,0,0,0,0.0,0.5,1,P0_CV0,1,1,1,1,1
1,2540470.832,712452.2021,Age0_F1_m1f1_P1_Y4_UO260,R1_F1_m1f1_P1_Y1_UO457,R1_F1_m1f1_P1_Y2_UO211,FXX,0,31.028997987985097,0,0,0.0,0,0,0,0.0,0.5,1,P0_CV0,1,1,1,2,0
1,2540470.832,712452.2021,Age0_F1_m1f1_P1_Y4_UO287,R1_F1_m1f1_P1_Y1_UO316,R1_F1_m1f1_P1_Y2_UO120,FXX,0,31.028997987985097,0,0,0.0,0,0,0,0.0,0.375,1,P0_CV0,1,1,1,1,1
1,2540470.832,712452.2021,Age0_F1_m1f1_P1_Y4_UO288,R1_F1_m1f1_P1_Y1_UO316,R1_F1_m1f1_P1_Y2_UO120,FXX,0,31.028997987985097,0,0,0.0,0,0,0,0.0,0.375,1,P0_CV0,1,1,1,2,0
1,2540470.832,712452.2021,Age0_F1_m1f1_P1_Y4_UO290,R1_F1_m1f1_P1_Y2_UO416,R1_F1_m-1f-1_P1_Y-1_U8,MXY,0,31.028997987985097,0,0,0.0,0,0,0,0.0,0.4375,1,P0_CV0,1,0,2,0,2
1,2540470.832,712452.2021,Age0_F1_m1f1_P1_Y4_UO291,R1_F1_m1f1_P1_Y2_UO416,R1_F1_m-1f-1_P1_Y-1_U8,FXX,0,31.028997987985097,0,0,0.0,0,0,0,0.0,0.4375,1,P0_CV0,1,1,1,0,2
1,2540470.832,712452.2021,Age0_F1_m1f1_P1_Y4_UO292,R1_F1_m1f1_P1_Y2_UO416,R1_F1_m-1f-1_P1_Y-1_U8,FXX,0,31.028997987985097,0,0,0.0,0,0,0,0.0,0.4375,1,P0_CV0,1,0,2,1,1
1,2540470.832,712452.2021,Age0_F1_m1f1_P1_Y4_UO305,R1_F1_m1f1_P1_Y1_UO303,R1_F1_m1f1_P1_Y2_UO548,FXX,0,31.028997987985097,0,0,0.0,0,0,0,0.0,0.0625,1,P0_CV0,1,0,2,0,2
1,2540470.832,712452.2021,Age0_F1_m1f1_P1_Y4_UO306,R1_F1_m1f1_P1_Y1_UO303,R1_F1_m1f1_P1_Y2_UO548,FXX,0,31.028997987985097,0,0,0.0,0,0,0,0.0,0.0625,1,P0_CV0,1,0,2,0,2
1,2540470.832,712452.2021,Age0_F1_m1f1_P1_Y4_UO307,R1_F1_m1f1_P1_Y1_UO303,R1_F1_m1f1_P1_Y2_UO548,FXX,0,31.028997987985097,0,0,0.0,0,0,0,0.0,0.0625,1,P0_CV0,1,0,2,1,1
1,2540470.832,712452.2021,Age0_F1_m1f1_P1_Y4_UO327,R1_F1_m1f1_P1_Y2_UO72,R1_F1_m1f1_P1_Y1_UO18,FXX,0,31.028997987985097,0,0,0.0,0,0,0,0.0,0.1875,1,P0_CV0,1,1,1,1,1
1,2540470.832,712452.2021,Age0_F1_m1f1_P1_Y4_UO328,R1_F1_m1f1_P1_Y2_UO72,R1_F1_m1f1_P1_Y1_UO18,FXX,0,31.028997987985097,0,0,0.0,0,0,0,0.0,0.1875,1,P0_CV0,1,1,1,1,1
1,2540470.832,712452.2021,Age0_F1_m1f1_P1_Y4_UO337,I1_F7_m1f1_P1_Y1_UO343,R1_F1_m1f1_P1_Y2_UO609,FXX,0,31.028997987985097,0,0,0.0,0,0,0,0.0,0.125,1,P0_CV0,1,1,1,0,2
1,2540470.832,712452.2021,Age0_F1_m1f1_P1_Y4_UO338,I1_F7_m1f1_P1_Y1_UO343,R1_F1_m1f1_P1_Y2_UO609,FXX,0,31.028997987985097,0,0,0.0,0,0,0,0.0,0.125,1,P0_CV0,1,1,1,1,1
1,2540470.832,712452.2021,Age0_F1_m1f1_P1_Y4_UO339,I1_F7_m1f1_P1_Y1_UO343,R1_F1_m1f1_P1_Y2_UO609,FXX,0,31.028997987985097,0,0,0.0,0,0,0,0.0,0.125,1,P0_CV0,1,1,1,1,1
1,2540470.832,712452.2021,Age0_F1_m1f1_P1_Y4_UO340,I1_F7_m1f1_P1_Y1_UO343,R1_F1_m1f1_P1_Y2_UO609,FXX,0,31.028997987985097,0,0,0.0,0,0,0,0.0,0.125,1,P0_CV0,1,1,1,1,1
1,2540470.832,712452.2021,Age0_F1_m1f1_P1_Y4_UO362,R1_F1_m1f1_P1_Y0_UO33,R1_F1_m1f1_P1_Y2_UO840,MXY,0,31.028997987985097,0,0,0.0,0,0,0,0.0,0.125,1,P0_CV0,1,1,1,1,1
1,2540470.832,712452.2021,Age0_F1_m1f1_P1_Y4_UO363,R1_F1_m1f1_P1_Y0_UO33,R1_F1_m1f1_P1_Y2_UO840,FXX,0,31.028997987985097,0,0,0.0,0,0,0,0.0,0.125,1,P0_CV0,1,0,2,0,2
1,2540470.832,712452.2021,Age0_F1_m1f1_P1_Y4_UO364,R1_F1_m1f1_P1_Y0_UO33,R1_F1_m1f1_P1_Y2_UO840,FXX,0,31.028997987985097,0,0,0.0,0,0,0,0.0,0.125,1,P0_CV0,1,1,1,1,1
1,2540470.832,712452.2021,Age0_F1_m1f1_P1_Y4_UO365,R1_F1_m1f1_P1_Y0_UO33,R1_F1_m1f1_P1_Y2_UO840,MXY,0,31.028997987985097,0,0,0.0,0,0,0,0.0,0.125,1,P0_CV0,1,0,2,1,1
1,2540470.832,712452.2021,Age0_F1_m1f1_P1_Y4_UO366,R1_F1_m1f1_P1_Y0_UO33,R1_F1_m1f1_P1_Y2_UO840,MXY,0,31.028997987985097,0,0,0.0,0,0,0,0.0,0.125,1,P0_CV0,1,0,2,0,2
1,2540470.832,712452.2021,Age0_F1_m1f1_P1_Y4_UO367,R1_F1_m1f1_P1_Y0_UO33,R1_F1_m1f1_P1_Y2_UO840,FXX,0,31.028997987985097,0,0,0.0,0,0,0,0.0,0.125,1,P0_CV0,1,0,2,0,2
1,2540470.832,712452.2021,Age0_F1_m1f1_P1_Y4_UO368,R1_F1_m1f1_P1_Y0_UO33,R1_F1_m1f1_P1_Y2_UO840,MXY,0,31.028997987985097,0,0,0.0,0,0,0,0.0,0.125,1,P0_CV0,1,0,2,1,1
1,2540470.832,712452.2021,Age0_F1_m1f1_P1_Y4_UO369,R1_F1_m1f1_P1_Y0_UO33,R1_F1_m1f1_P1_Y2_UO840,FXX,0,31.028997987985097,0,0,0.0,0,0,0,0.0,0.125,1,P0_CV0,1,1,1,1,1
1,2540470.832,712452.2021,Age0_F1_m1f1_P1_Y4_UO376,R1_F1_m1f1_P1_Y0_UO736,R1_F1_m1f1_P1_Y2_UO211,MXY,0,31.028997987985097,0,0,0.0,0,0,0,0.0,0.625,1,P0_CV0,1,2,0,0,2
1,2540470.832,712452.2021,Age0_F1_m1f1_P1_Y4_UO377,R1_F1_m1f1_P1_Y0_UO736,R1_F1_m1f1_P1_Y2_UO211,MXY,0,31.028997987985097,0,0,0.0,0,0,0,0.0,0.625,1,P0_CV0,1,0,2,1,1
1,2540470.832,712452.2021,Age0_F1_m1f1_P1_Y4_UO378,R1_F1_m1f1_P1_Y0_UO736,R1_F1_m1f1_P1_Y2_UO211,FXX,0,31.028997987985097,0,0,0.0,0,0,0,0.0,0.625,1,P0_CV0,1,1,1,1,1
1,2540470.832,712452.2021,Age0_F1_m1f1_P1_Y4_UO379,R1_F1_m1f1_P1_Y0_UO736,R1_F1_m1f1_P1_Y2_UO211,MXY,0,31.028997987985097,0,0,0.0,0,0,0,0.0,0.625,1,P0_CV0,1,1,1,1,1
1,2540470.832,712452.2021,Age0_F1_m1f1_P1_Y4_UO380,R1_F1_m1f1_P1_Y0_UO736,R1_F1_m1f1_P1_Y2_UO211,MXY,0,31.028997987985097,0,0,0.0,0,0,0,0.0,0.625,1,P0_CV0,1,2,0,1,1
1,2540470.832,712452.2021,Age0_F1_m1f1_P1_Y4_UO381,R1_F1_m1f1_P1_Y0_UO736,R1_F1_m1f1_P1_Y2_UO211,MXY,0,31.028997987985097,0,0,0.0,0,0,0,0.0,0.625,1,P0_CV0,1,1,1,1,1
1,2540470.832,712452.2021,Age0_F1_m1f1_P1_Y4_UO382,R1_F1_m1f1_P1_Y0_UO736,R1_F1_m1f1_P1_Y2_UO211,MXY,0,31.028997987985097,0,0,0.0,0,0,0,0.0,0.625,1,P0_CV0,1,1,1,2,0
1,2540470.832,712452.2021,Age0_F1_m1f1_P1_Y4_UO383,R1_F1_m1f1_P1_Y0_UO736,R1_F1_m1f1_P1_Y2_UO211,FXX,0,31.028997987985097,0,0,0.0,0,0,0,0.0,0.625,1,P0_CV0,1,0,2,1,1
1,2540470.832,712452.2021,Age0_F1_m1f1_P1_Y4_UO384,R1_F1_m1f1_P1_Y0_UO736,R1_F1_m1f1_P1_Y2_UO211,MXY,0,31.028997987985097,0,0,0.0,0,0,0,0.0,0.625,1,P0_CV0,1,0,2,0,2
1,2540470.832,712452.2021,Age0_F1_m1f1_P1_Y4_UO389,R1_F1_m1f1_P1_Y2_UO28,RD1_F1_m1f1_P1_Y2_UO134,FXX,0,31.028997987985097,0,0,0.0,0,0,0,0.0,0.4375,1,P0_CV0,1,0,2,0,2
1,2540470.832,712452.2021,Age0_F1_m1f1_P1_Y4_UO390,R1_F1_m1f1_P1_Y2_UO28,RD1_F1_m1f1_P1_Y2_UO134,MXY,0,31.028997987985097,0,0,0.0,0,0,0,0.0,0.4375,1,P0_CV0,1,0,2,1,1
1,2540470.832,712452.2021,Age0_F1_m1f1_P1_Y4_UO394,R1_F1_m1f1_P1_Y1_UO457,R1_F1_m1f1_P1_Y2_UO415,FXX,0,31.028997987985097,0,0,0.0,0,0,0,0.0,0.4375,1,P0_CV0,1,1,1,2,0
1,2540470.832,712452.2021,Age0_F1_m1f1_P1_Y4_UO395,R1_F1_m1f1_P1_Y1_UO457,R1_F1_m1f1_P1_Y2_UO415,FXX,0,31.028997987985097,0,0,0.0,0,0,0,0.0,0.4375,1,P0_CV0,1,1,1,2,0
1,2540470.832,712452.2021,Age0_F1_m1f1_P1_Y4_UO396,R1_F1_m1f1_P1_Y1_UO457,R1_F1_m1f1_P1_Y2_UO415,MXY,0,31.028997987985097,0,0,0.0,0,0,0,0.0,0.4375,1,P0_CV0,1,1,1,1,1
1,2540470.832,712452.2021,Age0_F1_m1f1_P1_Y4_UO397,R1_F1_m1f1_P1_Y1_UO457,R1_F1_m1f1_P1_Y2_UO415,MXY,0,31.028997987985097,0,0,0.0,0,0,0,0.0,0.4375,1,P0_CV0,1,1,1,2,0
1,2540470.832,712452.2021,Age0_F1_m1f1_P1_Y4_UO398,R1_F1_m1f1_P1_Y0_UO33,R1_F1_m-1f-1_P1_Y-1_U8,MXY,0,31.028997987985097,0,0,0.0,0,0,0,0.0,0.375,1,P0_CV0,1,1,1,1,1
1,2540470.832,712452.2021,Age0_F1_m1f1_P1_Y4_UO399,R1_F1_m1f1_P1_Y0_UO33,R1_F1_m-1f-1_P1_Y-1_U8,MXY,0,31.028997987985097,0,0,0.0,0,0,0,0.0,0.375,1,P0_CV0,1,1,1,0,2
1,2540470.832,712452.2021,Age0_F1_m1f1_P1_Y4_UO400,R1_F1_m1f1_P1_Y0_UO33,R1_F1_m-1f-1_P1_Y-1_U8,MXY,0,31.028997987985097,0,0,0.0,0,0,0,0.0,0.375,1,P0_CV0,1,1,1,0,2
1,2540470.832,712452.2021,Age0_F1_m1f1_P1_Y4_UO404,R1_F1_m1f1_P1_Y2_UO126,R1_F1_m1f1_P1_Y2_UO855,MXY,0,31.028997987985097,0,0,0.0,0,0,0,0.0,0.0625,1,P0_CV0,1,0,2,2,0
1,2540470.832,712452.2021,Age0_F1_m1f1_P1_Y4_UO405,R1_F1_m1f1_P1_Y2_UO126,R1_F1_m1f1_P1_Y2_UO855,FXX,0,31.028997987985097,0,0,0.0,0,0,0,0.0,0.0625,1,P0_CV0,1,0,2,1,1
1,2540470.832,712452.2021,Age0_F1_m1f1_P1_Y4_UO425,R1_F1_m1f1_P1_Y2_UO114,R1_F1_m1f1_P1_Y2_UO855,FXX,0,31.028997987985097,0,0,0.0,0,0,0,0.0,0.0,1,P0_CV0,1,0,2,1,1
1,2540470.832,712452.2021,Age0_F1_m1f1_P1_Y4_UO426,R1_F1_m1f1_P1_Y2_UO114,R1_F1_m1f1_P1_Y2_UO855,FXX,0,31.028997987985097,0,0,0.0,0,0,0,0.0,0.0,1,P0_CV0,1,0,2,2,0
1,2540470.832,712452.2021,Age0_F1_m1f1_P1_Y4_UO439,R1_F1_m1f1_P1_Y2_UO395,R1_F1_m1f1_P1_Y2_UO674,MXY,0,31.028997987985097,0,0,0.0,0,0,0,0.0,0.3125,1,P0_CV0,1,0,2,2,0
1,2540470.832,712452.2021,Age0_F1_m1f1_P1_Y4_UO440,R1_F1_m1f1_P1_Y2_UO395,R1_F1_m1f1_P1_Y2_UO674,FXX,0,31.028997987985097,0,0,0.0,0,0,0,0.0,0.3125,1,P0_CV0,1,0,2,2,0
1,2540470.832,712452.2021,Age0_F1_m1f1_P1_Y4_UO467,R1_F1_m1f1_P1_Y1_UO457,R1_F1_m1f1_P1_Y2_UO412,FXX,0,31.028997987985097,0,0,0.0,0,0,0,0.0,0.5,1,P0_CV0,1,1,1,1,1
1,2540470.832,712452.2021,Age0_F1_m1f1_P1_Y4_UO468,R1_F1_m1f1_P1_Y1_UO457,R1_F1_m1f1_P1_Y2_UO412,MXY,0,31.028997987985097,0,0,0.0,0,0,0,0.0,0.5,1,P0_CV0,1,1,1,1,1
1,2540470.832,712452.2021,Age0_F1_m1f1_P1_Y4_UO469,R1_F1_m1f1_P1_Y1_UO457,R1_F1_m1f1_P1_Y2_UO412,FXX,0,31.028997987985097,0,0,0.0,0,0,0,0.0,0.5,1,P0_CV0,1,0,2,1,1
1,2540470.832,712452.2021,Age0_F1_m1f1_P1_Y4_UO490,R1_F1_m1f1_P1_Y2_UO326,RD1_F1_m1f1_P1_Y2_UO134,MXY,0,31.028997987985097,0,0,0.0,0,0,0,0.0,0.3125,1,P0_CV0,1,0,2,1,1
1,2540470.832,712452.2021,Age0_F1_m1f1_P1_Y4_UO491,R1_F1_m1f1_P1_Y2_UO326,RD1_F1_m1f1_P1_Y2_UO134,FXX,0,31.028997987985097,0,0,0.0,0,0,0,0.0,0.3125,1,P0_CV0,1,1,1,1,1
1,2540470.832,712452.2021,Age0_F1_m1f1_P1_Y4_UO492,R1_F1_m1f1_P1_Y2_UO326,RD1_F1_m1f1_P1_Y2_UO134,MXY,0,31.028997987985097,0,0,0.0,0,0,0,0.0,0.3125,1,P0_CV0,1,1,1,0,2
1,2540470.832,712452.2021,Age0_F1_m1f1_P1_Y4_UO511,R1_F1_m1f1_P1_Y1_UO303,R1_F1_m1f1_P1_Y1_UO275,MXY,0,31.028997987985097,0,0,0.0,0,0,0,0.0,0.125,1,P0_CV0,1,0,2,2,0
1,2540470.832,712452.2021,Age0_F1_m1f1_P1_Y4_UO512,R1_F1_m1f1_P1_Y1_UO303,R1_F1_m1f1_P1_Y1_UO275,FXX,0,31.028997987985097,0,0,0.0,0,0,0,0.0,0.125,1,P0_CV0,1,0,2,2,0
1,2540470.832,712452.2021,Age0_F1_m1f1_P1_Y4_UO513,R1_F1_m1f1_P1_Y1_UO303,R1_F1_m1f1_P1_Y1_UO275,MXY,0,31.028997987985097,0,0,0.0,0,0,0,0.0,0.125,1,P0_CV0,1,0,2,0,2
1,2540470.832,712452.2021,Age0_F1_m1f1_P1_Y4_UO519,R1_F1_m1f1_P1_Y1_UO272,R1_F1_m1f1_P1_Y1_UO413,FXX,0,31.028997987985097,0,0,0.0,0,0,0,0.0,0.25,1,P0_CV0,1,1,1,1,1
1,2540470.832,712452.2021,Age0_F1_m1f1_P1_Y4_UO520,R1_F1_m1f1_P1_Y1_UO272,R1_F1_m1f1_P1_Y1_UO413,MXY,0,31.028997987985097,0,0,0.0,0,0,0,0.0,0.25,1,P0_CV0,1,1,1,2,0
1,2540470.832,712452.2021,Age0_F1_m1f1_P1_Y4_UO521,R1_F1_m1f1_P1_Y1_UO272,R1_F1_m1f1_P1_Y1_UO413,MXY,0,31.028997987985097,0,0,0.0,0,0,0,0.0,0.25,1,P0_CV0,1,1,1,1,1
1,2540470.832,712452.2021,Age0_F1_m1f1_P1_Y4_UO522,R1_F1_m1f1_P1_Y1_UO272,R1_F1_m1f1_P1_Y1_UO413,MXY,0,31.028997987985097,0,0,0.0,0,0,0,0.0,0.25,1,P0_CV0,1,1,1,2,0
1,2540470.832,712452.2021,Age0_F1_m1f1_P1_Y4_UO523,R1_F1_m1f1_P1_Y1_UO272,R1_F1_m1f1_P1_Y1_UO413,FXX,0,31.028997987985097,0,0,0.0,0,0,0,0.0,0.25,1,P0_CV0,1,1,1,0,2
1,2540470.832,712452.2021,Age0_F1_m1f1_P1_Y4_UO544,R1_F1_m1f1_P1_Y0_UO736,R1_F1_m-1f-1_P1_Y-1_U123,MXY,0,31.028997987985097,0,0,0.0,0,0,0,0.0,0.375,1,P0_CV0,1,1,1,1,1
1,2540470.832,712452.2021,Age0_F1_m1f1_P1_Y4_UO545,R1_F1_m1f1_P1_Y0_UO736,R1_F1_m-1f-1_P1_Y-1_U123,MXY,0,31.028997987985097,0,0,0.0,0,0,0,0.0,0.375,1,P0_CV0,1,1,1,0,2
1,2540470.832,712452.2021,Age0_F1_m1f1_P1_Y4_UO546,R1_F1_m1f1_P1_Y0_UO736,R1_F1_m-1f-1_P1_Y-1_U123,MXY,0,31.028997987985097,0,0,0.0,0,0,0,0.0,0.375,1,P0_CV0,1,0,2,1,1
1,2540470.832,712452.2021,Age0_F1_m1f1_P1_Y4_UO547,R1_F1_m1f1_P1_Y0_UO736,R1_F1_m-1f-1_P1_Y-1_U123,MXY,0,31.028997987985097,0,0,0.0,0,0,0,0.0,0.375,1,P0_CV0,1,1,1,0,2
1,2540470.832,712452.2021,Age0_F1_m1f1_P1_Y4_UO548,R1_F1_m1f1_P1_Y0_UO736,R1_F1_m-1f-1_P1_Y-1_U123,FXX,0,31.028997987985097,0,0,0.0,0,0,0,0.0,0.375,1,P0_CV0,1,1,1,1,1
1,2540470.832,712452.2021,Age0_F1_m1f1_P1_Y4_UO549,R1_F1_m1f1_P1_Y0_UO736,R1_F1_m-1f-1_P1_Y-1_U123,FXX,0,31.028997987985097,0,0,0.0,0,0,0,0.0,0.375,1,P0_CV0,1,0,2,2,0
1,2540470.832,712452.2021,Age0_F1_m1f1_P1_Y4_UO550,R1_F1_m1f1_P1_Y0_UO736,R1_F1_m-1f-1_P1_Y-1_U123,MXY,0,31.028997987985097,0,0,0.0,0,0,0,0.0,0.375,1,P0_CV0,1,0,2,1,1
1,2540470.832,712452.2021,Age0_F1_m1f1_P1_Y4_UO551,R1_F1_m1f1_P1_Y0_UO736,R1_F1_m-1f-1_P1_Y-1_U123,MXY,0,31.028997987985097,0,0,0.0,0,0,0,0.0,0.375,1,P0_CV0,1,1,1,1,1
1,2540470.832,712452.2021,Age0_F1_m1f1_P1_Y4_UO586,R1_F1_m1f1_P1_Y2_UO833,R1_F1_m1f1_P1_Y2_UO240,FXX,0,31.028997987985097,0,0,0.0,0,0,0,0.0,0.3125,1,P0_CV0,1,0,2,0,2
1,2540470.832,712452.2021,Age0_F1_m1f1_P1_Y4_UO587,R1_F1_m1f1_P1_Y2_UO399,R1_F1_m-1f-1_P1_Y-1_U123,MXY,0,31.028997987985097,0,0,0.0,0,0,0,0.0,0.125,1,P0_CV0,1,1,1,1,1
1,2540470.832,712452.2021,Age0_F1_m1f1_P1_Y4_UO588,R1_F1_m1f1_P1_Y2_UO399,R1_F1_m-1f-1_P1_Y-1_U123,FXX,0,31.028997987985097,0,0,0.0,0,0,0,0.0,0.125,1,P0_CV0,1,1,1,2,0
1,2540470.832,712452.2021,Age0_F1_m1f1_P1_Y4_UO589,R1_F1_m1f1_P1_Y2_UO399,R1_F1_m-1f-1_P1_Y-1_U123,FXX,0,31.028997987985097,0,0,0.0,0,0,0,0.0,0.125,1,P0_CV0,1,0,2,1,1
1,2540470.832,712452.2021,Age0_F1_m1f1_P1_Y4_UO590,R1_F1_m1f1_P1_Y2_UO399,R1_F1_m-1f-1_P1_Y-1_U123,MXY,0,31.028997987985097,0,0,0.0,0,0,0,0.0,0.125,1,P0_CV0,1,1,1,1,1
1,2540470.832,712452.2021,Age0_F1_m1f1_P1_Y4_UO591,R1_F1_m1f1_P1_Y2_UO399,R1_F1_m-1f-1_P1_Y-1_U123,MXY,0,31.028997987985097,0,0,0.0,0,0,0,0.0,0.125,1,P0_CV0,1,0,2,1,1
1,2540470.832,712452.2021,Age0_F1_m1f1_P1_Y4_UO619,R1_F1_m1f1_P1_Y2_UO28,R1_F1_m1f1_P1_Y2_UO697,MXY,0,31.028997987985097,0,0,0.0,0,0,0,0.0,0.3125,1,P0_CV0,1,0,2,1,1
1,2540470.832,712452.2021,Age0_F1_m1f1_P1_Y4_UO620,R1_F1_m1f1_P1_Y2_UO28,R1_F1_m1f1_P1_Y2_UO697,FXX,0,31.028997987985097,0,0,0.0,0,0,0,0.0,0.3125,1,P0_CV0,1,0,2,1,1
1,2540470.832,712452.2021,Age0_F1_m1f1_P1_Y4_UO621,R1_F1_m1f1_P1_Y2_UO28,R1_F1_m1f1_P1_Y2_UO697,FXX,0,31.028997987985097,0,0,0.0,0,0,0,0.0,0.3125,1,P0_CV0,1,0,2,0,2
1,2540470.832,712452.2021,Age0_F1_m1f1_P1_Y4_UO645,R1_F1_m1f1_P1_Y2_UO212,R1_F1_m1f1_P1_Y2_UO341,MXY,0,31.028997987985097,0,0,0.0,0,0,0,0.0,0.5,1,P0_CV0,1,0,2,2,0
1,2540470.832,712452.2021,Age0_F1_m1f1_P1_Y4_UO658,R1_F1_m1f1_P1_Y2_UO833,R1_F1_m1f1_P1_Y1_UO419,FXX,0,31.028997987985097,0,0,0.0,0,0,0,0.0,0.3125,1,P0_CV0,1,1,1,1,1
1,2540470.832,712452.2021,Age0_F1_m1f1_P1_Y4_UO659,R1_F1_m1f1_P1_Y2_UO833,R1_F1_m1f1_P1_Y1_UO419,FXX,0,31.028997987985097,0,0,0.0,0,0,0,0.0,0.3125,1,P0_CV0,1,1,1,1,1
1,2540470.832,712452.2021,Age0_F1_m1f1_P1_Y4_UO660,R1_F1_m1f1_P1_Y2_UO833,R1_F1_m1f1_P1_Y1_UO419,FXX,0,31.028997987985097,0,0,0.0,0,0,0,0.0,0.3125,1,P0_CV0,1,1,1,1,1
1,2540470.832,712452.2021,Age0_F1_m1f1_P1_Y4_UO661,R1_F1_m1f1_P1_Y2_UO833,R1_F1_m1f1_P1_Y1_UO419,FXX,0,31.028997987985097,0,0,0.0,0,0,0,0.0,0.3125,1,P0_CV0,1,1,1,0,2
1,2540470.832,712452.2021,Age0_F1_m1f1_P1_Y4_UO696,R1_F1_m1f1_P1_Y2_UO28,R1_F1_m1f1_P1_Y1_UO125,MXY,0,31.028997987985097,0,0,0.0,0,0,0,0.0,0.375,1,P0_CV0,1,1,1,2,0
1,2540470.832,712452.2021,Age0_F1_m1f1_P1_Y4_UO697,R1_F1_m1f1_P1_Y2_UO28,R1_F1_m1f1_P1_Y1_UO125,FXX,0,31.028997987985097,0,0,0.0,0,0,0,0.0,0.375,1,P0_CV0,1,1,1,0,2
1,2540470.832,712452.2021,Age0_F1_m1f1_P1_Y4_UO698,R1_F1_m1f1_P1_Y2_UO28,R1_F1_m1f1_P1_Y1_UO125,MXY,0,31.028997987985097,0,0,0.0,0,0,0,0.0,0.375,1,P0_CV0,1,1,1,1,1
1,2540470.832,712452.2021,Age0_F1_m1f1_P1_Y4_UO699,R1_F1_m1f1_P1_Y2_UO28,R1_F1_m1f1_P1_Y1_UO18,MXY,0,31.028997987985097,0,0,0.0,0,0,0,0.0,0.25,1,P0_CV0,1,1,1,2,0
1,2540470.832,712452.2021,Age0_F1_m1f1_P1_Y4_UO700,R1_F1_m1f1_P1_Y2_UO28,R1_F1_m1f1_P1_Y1_UO18,FXX,0,31.028997987985097,0,0,0.0,0,0,0,0.0,0.25,1,P0_CV0,1,2,0,1,1
1,2540470.832,712452.2021,Age0_F1_m1f1_P1_Y4_UO701,R1_F1_m1f1_P1_Y2_UO28,R1_F1_m1f1_P1_Y1_UO18,MXY,0,31.028997987985097,0,0,0.0,0,0,0,0.0,0.25,1,P0_CV0,1,0,2,2,0
1,2540470.832,712452.2021,Age0_F1_m1f1_P1_Y4_UO758,R1_F1_m1f1_P1_Y2_UO587,R1_F1_m1f1_P1_Y2_UO674,MXY,0,31.028997987985097,0,0,0.0,0,0,0,0.0,0.1875,1,P0_CV0,1,1,1,1,1
1,2540470.832,712452.2021,Age0_F1_m1f1_P1_Y4_UO759,R1_F1_m1f1_P1_Y2_UO587,R1_F1_m1f1_P1_Y2_UO674,FXX,0,31.028997987985097,0,0,0.0,0,0,0,0.0,0.1875,1,P0_CV0,1,0,2,2,0
1,2540470.832,712452.2021,Age0_F1_m1f1_P1_Y4_UO760,R1_F1_m1f1_P1_Y2_UO587,R1_F1_m1f1_P1_Y2_UO674,FXX,0,31.028997987985097,0,0,0.0,0,0,0,0.0,0.1875,1,P0_CV0,1,1,1,1,1
1,2540470.832,712452.2021,Age0_F1_m1f1_P1_Y4_UO761,R1_F1_m-1f-1_P1_Y-1_U121,R1_F1_m1f1_P1_Y1_UO275,FXX,0,31.028997987985097,0,0,0.0,0,0,0,0.0,0.125,1,P0_CV0,1,0,2,0,2
1,2540470.832,712452.2021,Age0_F1_m1f1_P1_Y4_UO762,R1_F1_m-1f-1_P1_Y-1_U121,R1_F1_m1f1_P1_Y1_UO275,MXY,0,31.028997987985097,0,0,0.0,0,0,0,0.0,0.125,1,P0_CV0,1,0,2,1,1
1,2540470.832,712452.2021,Age0_F1_m1f1_P1_Y4_UO763,R1_F1_m-1f-1_P1_Y-1_U121,R1_F1_m1f1_P1_Y1_UO275,FXX,0,31.028997987985097,0,0,0.0,0,0,0,0.0,0.125,1,P0_CV0,1,0,2,1,1
1,2540470.832,712452.2021,Age0_F1_m1f1_P1_Y4_UO764,R1_F1_m-1f-1_P1_Y-1_U121,R1_F1_m1f1_P1_Y1_UO275,MXY,0,31.028997987985097,0,0,0.0,0,0,0,0.0,0.125,1,P0_CV0,1,0,2,2,0
1,2540470.832,712452.2021,Age0_F1_m1f1_P1_Y4_UO765,R1_F1_m-1f-1_P1_Y-1_U121,R1_F1_m1f1_P1_Y1_UO275,MXY,0,31.028997987985097,0,0,0.0,0,0,0,0.0,0.125,1,P0_CV0,1,0,2,1,1
1,2540470.832,712452.2021,Age0_F1_m1f1_P1_Y4_UO766,R1_F1_m-1f-1_P1_Y-1_U121,R1_F1_m1f1_P1_Y1_UO275,FXX,0,31.028997987985097,0,0,0.0,0,0,0,0.0,0.125,1,P0_CV0,1,0,2,1,1
1,2540470.832,712452.2021,Age0_F1_m1f1_P1_Y4_UO767,R1_F1_m-1f-1_P1_Y-1_U121,R1_F1_m1f1_P1_Y1_UO275,MXY,0,31.028997987985097,0,0,0.0,0,0,0,0.0,0.125,1,P0_CV0,1,0,2,1,1
1,2540470.832,712452.2021,Age0_F1_m1f1_P1_Y4_UO768,R1_F1_m-1f-1_P1_Y-1_U121,R1_F1_m1f1_P1_Y1_UO275,FXX,0,31.028997987985097,0,0,0.0,0,0,0,0.0,0.125,1,P0_CV0,1,0,2,1,1
1,2540470.832,712452.2021,Age0_F1_m1f1_P1_Y4_UO769,R1_F1_m-1f-1_P1_Y-1_U121,R1_F1_m1f1_P1_Y1_UO275,FXX,0,31.028997987985097,0,0,0.0,0,0,0,0.0,0.125,1,P0_CV0,1,0,2,1,1
1,2540470.832,712452.2021,Age0_F1_m1f1_P1_Y4_UO770,R1_F1_m-1f-1_P1_Y-1_U121,R1_F1_m1f1_P1_Y1_UO275,MXY,0,31.028997987985097,0,0,0.0,0,0,0,0.0,0.125,1,P0_CV0,1,0,2,0,2
1,2540470.832,712452.2021,Age0_F1_m1f1_P1_Y4_UO771,R1_F1_m-1f-1_P1_Y-1_U121,R1_F1_m1f1_P1_Y1_UO275,FXX,0,31.028997987985097,0,0,0.0,0,0,0,0.0,0.125,1,P0_CV0,1,0,2,1,1
1,2540470.832,712452.2021,Age0_F1_m1f1_P1_Y4_UO816,R1_F1_m1f1_P1_Y1_UO203,R1_F1_m1f1_P1_Y2_UO612,FXX,0,31.028997987985097,0,0,0.0,0,0,0,0.0,0.25,1,P0_CV0,1,0,2,2,0
1,2540470.832,712452.2021,Age0_F1_m1f1_P1_Y4_UO863,R1_F1_m1f1_P1_Y2_UO376,R1_F1_m1f1_P1_Y2_UO816,MXY,0,31.028997987985097,0,0,0.0,0,0,0,0.0,0.125,1,P0_CV0,1,2,0,2,0
1,2540470.832,712452.2021,Age0_F1_m1f1_P1_Y4_UO864,R1_F1_m1f1_P1_Y2_UO376,R1_F1_m1f1_P1_Y2_UO816,MXY,0,31.028997987985097,0,0,0.0,0,0,0,0.0,0.125,1,P0_CV0,1,2,0,1,1
1,2540470.832,712452.2021,Age0_F1_m1f1_P1_Y4_UO865,R1_F1_m1f1_P1_Y2_UO376,R1_F1_m1f1_P1_Y2_UO816,FXX,0,31.028997987985097,0,0,0.0,0,0,0,0.0,0.125,1,P0_CV0,1,1,1,1,1
1,2540470.832,712452.2021,Age0_F1_m1f1_P1_Y4_UO866,R1_F1_m1f1_P1_Y2_UO376,R1_F1_m1f1_P1_Y2_UO816,FXX,0,31.028997987985097,0,0,0.0,0,0,0,0.0,0.125,1,P0_CV0,1,1,1,1,1
1,2540470.832,712452.2021,Age0_F1_m1f1_P1_Y4_UO867,R1_F1_m-1f-1_P1_Y-1_U121,R1_F1_m1f1_P1_Y0_UO241,MXY,0,31.028997987985097,0,0,0.0,0,0,0,0.0,0.125,1,P0_CV0,1,1,1,2,0
1,2540470.832,712452.2021,Age0_F1_m1f1_P1_Y4_UO868,R1_F1_m-1f-1_P1_Y-1_U121,R1_F1_m1f1_P1_Y0_UO241,MXY,0,31.028997987985097,0,0,0.0,0,0,0,0.0,0.125,1,P0_CV0,1,1,1,1,1
1,2540470.832,712452.2021,Age0_F1_m1f1_P1_Y4_UO869,R1_F1_m-1f-1_P1_Y-1_U121,R1_F1_m1f1_P1_Y0_UO241,MXY,0,31.028997987985097,0,0,0.0,0,0,0,0.0,0.125,1,P0_CV0,1,0,2,2,0
1,2540470.832,712452.2021,Age0_F1_m1f1_P1_Y4_UO870,R1_F1_m-1f-1_P1_Y-1_U121,R1_F1_m1f1_P1_Y0_UO241,MXY,0,31.028997987985097,0,0,0.0,0,0,0,0.0,0.125,1,P0_CV0,1,0,2,2,0
1,2540470.832,712452.2021,Age0_F1_m1f1_P1_Y4_UO871,R1_F1_m-1f-1_P1_Y-1_U121,R1_F1_m1f1_P1_Y0_UO241,FXX,0,31.028997987985097,0,0,0.0,0,0,0,0.0,0.125,1,P0_CV0,1,0,2,2,0
1,2540470.832,712452.2021,Age0_F1_m1f1_P1_Y4_UO872,R1_F1_m-1f-1_P1_Y-1_U121,R1_F1_m1f1_P1_Y0_UO241,MXY,0,31.028997987985097,0,0,0.0,0,0,0,0.0,0.125,1,P0_CV0,1,0,2,2,0
1,2540470.832,712452.2021,Age0_F1_m1f1_P1_Y4_UO873,R1_F1_m-1f-1_P1_Y-1_U121,R1_F1_m1f1_P1_Y0_UO241,FXX,0,31.028997987985097,0,0,0.0,0,0,0,0.0,0.125,1,P0_CV0,1,0,2,1,1
1,2540470.832,712452.2021,Age0_F1_m1f1_P1_Y4_UO888,R1_F1_m1f1_P1_Y1_UO457,R1_F1_m1f1_P1_Y1_UO456,MXY,0,31.028997987985097,0,0,0.0,0,0,0,0.0,0.5,1,P0_CV0,1,1,1,1,1
1,2540470.832,712452.2021,Age0_F1_m1f1_P1_Y4_UO889,R1_F1_m1f1_P1_Y1_UO457,R1_F1_m1f1_P1_Y1_UO456,FXX,0,31.028997987985097,0,0,0.0,0,0,0,0.0,0.5,1,P0_CV0,1,0,2,2,0
1,2540470.832,712452.2021,Age0_F1_m1f1_P1_Y4_UO890,R1_F1_m1f1_P1_Y1_UO457,R1_F1_m1f1_P1_Y1_UO456,MXY,0,31.028997987985097,0,0,0.0,0,0,0,0.0,0.5,1,P0_CV0,1,1,1,2,0
1,2540470.832,712452.2021,Age0_F1_m1f1_P1_Y4_UO891,R1_F1_m1f1_P1_Y1_UO457,R1_F1_m1f1_P1_Y1_UO456,FXX,0,31.028997987985097,0,0,0.0,0,0,0,0.0,0.5,1,P0_CV0,1,0,2,2,0
1,2540470.832,712452.2021,Age0_F1_m1f1_P1_Y4_UO892,R1_F1_m1f1_P1_Y1_UO457,R1_F1_m1f1_P1_Y1_UO456,MXY,0,31.028997987985097,0,0,0.0,0,0,0,0.0,0.5,1,P0_CV0,1,1,1,1,1
1,2540470.832,712452.2021,Age0_F1_m1f1_P1_Y4_UO893,R1_F1_m1f1_P1_Y1_UO457,R1_F1_m1f1_P1_Y1_UO456,FXX,0,31.028997987985097,0,0,0.0,0,0,0,0.0,0.5,1,P0_CV0,1,1,1,1,1
1,2540470.832,712452.2021,Age0_F1_m1f1_P1_Y4_UO922,R1_F1_m1f1_P1_Y2_UO72,R1_F1_m1f1_P1_Y2_UO677,MXY,0,31.028997987985097,0,0,0.0,0,0,0,0.0,0.3125,1,P0_CV0,1,0,2,1,1
1,2540470.832,712452.2021,Age0_F1_m1f1_P1_Y4_UO923,R1_F1_m1f1_P1_Y2_UO72,R1_F1_m1f1_P1_Y2_UO677,MXY,0,31.028997987985097,0,0,0.0,0,0,0,0.0,0.3125,1,P0_CV0,1,0,2,1,1
1,2540470.832,712452.2021,Age0_F1_m1f1_P1_Y4_UO924,R1_F1_m1f1_P1_Y2_UO72,R1_F1_m1f1_P1_Y2_UO677,FXX,0,31.028997987985097,0,0,0.0,0,0,0,0.0,0.3125,1,P0_CV0,1,0,2,1,1
1,2540470.832,712452.2021,Age0_F1_m1f1_P1_Y4_UO925,R1_F1_m1f1_P1_Y2_UO72,R1_F1_m1f1_P1_Y2_UO677,FXX,0,31.028997987985097,0,0,0.0,0,0,0,0.0,0.3125,1,P0_CV0,1,1,1,0,2
1,2540470.832,712452.2021,Age0_F1_m1f1_P1_Y4_UO926,R1_F1_m1f1_P1_Y2_UO72,R1_F1_m1f1_P1_Y2_UO677,MXY,0,31.028997987985097,0,0,0.0,0,0,0,0.0,0.3125,1,P0_CV0,1,0,2,1,1
1,2540470.832,712452.2021,Age0_F1_m1f1_P1_Y4_UO944,R1_F1_m1f1_P1_Y1_UO561,R1_F1_m1f1_P1_Y1_UO456,FXX,0,31.028997987985097,0,0,0.0,0,0,0,0.0,0.375,1,P0_CV0,1,1,1,2,0
1,2540470.832,712452.2021,Age0_F1_m1f1_P1_Y4_UO945,R1_F1_m1f1_P1_Y1_UO561,R1_F1_m1f1_P1_Y1_UO456,FXX,0,31.028997987985097,0,0,0.0,0,0,0,0.0,0.375,1,P0_CV0,1,1,1,1,1
1,2540470.832,712452.2021,Age0_F1_m1f1_P1_Y4_UO946,R1_F1_m1f1_P1_Y1_UO561,R1_F1_m1f1_P1_Y1_UO456,FXX,0,31.028997987985097,0,0,0.0,0,0,0,0.0,0.375,1,P0_CV0,1,2,0,1,1
1,2540470.832,712452.2021,Age0_F1_m1f1_P1_Y4_UO947,R1_F1_m1f1_P1_Y1_UO561,R1_F1_m1f1_P1_Y1_UO456,FXX,0,31.028997987985097,0,0,0.0,0,0,0,0.0,0.375,1,P0_CV0,1,1,1,2,0
1,2540470.832,712452.2021,Age0_F1_m1f1_P1_Y4_UO948,R1_F1_m1f1_P1_Y1_UO561,R1_F1_m1f1_P1_Y1_UO456,MXY,0,31.028997987985097,0,0,0.0,0,0,0,0.0,0.375,1,P0_CV0,1,1,1,1,1
1,2540470.832,712452.2021,Age0_F1_m1f1_P1_Y4_UO949,R1_F1_m1f1_P1_Y1_UO561,R1_F1_m1f1_P1_Y1_UO456,FXX,0,31.028997987985097,0,0,0.0,0,0,0,0.0,0.375,1,P0_CV0,1,1,1,2,0
1,2540470.832,712452.2021,Age0_F1_m1f1_P1_Y4_UO950,R1_F1_m1f1_P1_Y1_UO561,R1_F1_m1f1_P1_Y1_UO456,MXY,0,31.028997987985097,0,0,0.0,0,0,0,0.0,0.375,1,P0_CV0,1,1,1,1,1
1,2540470.832,712452.2021,Age0_F1_m1f1_P1_Y4_UO951,R1_F1_m1f1_P1_Y2_UO416,R1_F1_m1f1_P1_Y2_UO133,MXY,0,31.028997987985097,0,0,0.0,0,0,0,0.0,0.375,1,P0_CV0,1,1,1,0,2
1,2540470.832,712452.2021,Age0_F1_m1f1_P1_Y4_UO952,R1_F1_m1f1_P1_Y2_UO416,R1_F1_m1f1_P1_Y2_UO133,FXX,0,31.028997987985097,0,0,0.0,0,0,0,0.0,0.375,1,P0_CV0,1,1,1,0,2
1,2540470.832,712452.2021,Age0_F1_m1f1_P1_Y4_UO953,R1_F1_m1f1_P1_Y2_UO416,R1_F1_m1f1_P1_Y2_UO133,FXX,0,31.028997987985097,0,0,0.0,0,0,0,0.0,0.375,1,P0_CV0,1,0,2,0,2
1,2540470.832,712452.2021,R1_F1_m1f1_P1_Y3_UO751,R1_F1_m1f1_P1_Y0_UO30,R1_F1_m1f1_P1_Y1_UO485,FXX,1,53.66092273482479,1,1,0.0,0,0,0,-9999.0,0.375,1,P0_CV0,1,2,0,0,2
1,2540470.832,712452.2021,R1_F1_m1f1_P1_Y3_UO543,R1_F1_m1f1_P1_Y1_UO14,R1_F1_m-1f-1_P1_Y-1_U123,FXX,1,53.66092273482479,1,1,1.871,0,0,0,-9999.0,0.25,1,P0_CV0,1,1,1,2,0
1,2540470.832,712452.2021,R1_F1_m1f1_P1_Y3_UO321,R1_F1_m1f1_P1_Y1_UO302,R1_F1_m1f1_P1_Y0_UO37,MXY,1,53.66092273482479,1,1,0.0,0,0,0,-9999.0,0.375,1,P0_CV0,1,0,2,1,1
1,2540470.832,712452.2021,R1_F1_m1f1_P1_Y3_UO615,R1_F1_m1f1_P1_Y1_UO203,R1_F1_m1f1_P1_Y1_UO256,MXY,1,53.66092273482479,1,1,0.0,0,0,0,-9999.0,0.375,1,P0_CV0,1,1,1,2,0
1,2540470.832,712452.2021,R1_F1_m1f1_P1_Y3_UO699,R1_F1_m1f1_P1_Y1_UO303,R1_F1_m1f1_P1_Y1_UO455,FXX,1,53.66092273482479,1,1,1.0,0,0,0,-9999.0,0.25,1,P0_CV0,1,1,1,1,1
1,2540470.832,712452.2021,R1_F1_m1f1_P1_Y3_UO86,R1_F1_m1f1_P1_Y1_UO506,R1_F1_m1f1_P1_Y1_UO560,MXY,1,53.66092273482479,1,1,0.0,0,0,0,-9999.0,0.375,1,P0_CV0,1,1,1,2,0
1,2540470.832,712452.2021,R1_F1_m1f1_P1_Y3_UO707,R1_F1_m1f1_P1_Y1_UO257,R1_F1_m1f1_P1_Y1_UO612,MXY,1,53.66092273482479,1,1,0.0,0,0,0,-9999.0,0.25,1,P0_CV0,1,0,2,1,1
1,2540470.832,712452.2021,R1_F1_m1f1_P1_Y3_UO698,R1_F1_m1f1_P1_Y1_UO303,R1_F1_m1f1_P1_Y1_UO455,FXX,1,53.66092273482479,1,1,2.568,0,0,0,-9999.0,0.25,1,P0_CV0,1,1,1,1,1
1,2540470.832,712452.2021,R1_F1_m1f1_P1_Y3_UO35,R1_F1_m1f1_P1_Y1_UO202,R1_F1_m1f1_P1_Y1_UO560,FXX,1,53.66092273482479,1,1,1.0,0,0,0,-9999.0,0.375,1,P0_CV0,1,2,0,1,1
1,2540470.832,712452.2021,R1_F1_m1f1_P1_Y3_UO598,R1_F1_m1f1_P1_Y0_UO551,R1_F1_m1f1_P1_Y1_UO332,FXX,1,53.66092273482479,1,1,1.0,0,0,0,-9999.0,0.25,1,P0_CV0,1,2,0,2,0
1,2540470.832,712452.2021,R1_F1_m1f1_P1_Y3_UO341,R1_F1_m1f1_P1_Y1_UO528,R1_F1_m1f1_P1_Y1_UO331,FXX,1,53.66092273482479,1,1,0.0,0,0,0,-9999.0,0.75,1,P0_CV0,1,1,1,0,2
1,2540470.832,712452.2021,R1_F1_m1f1_P1_Y3_UO254,R1_F1_m-1f-1_P1_Y-1_U125,R1_F1_m1f1_P1_Y0_UO562,FXX,1,53.66092273482479,1,1,1.769,0,0,0,-9999.0,0.0,1,P0_CV0,1,0,2,1,1
1,2540470.832,712452.2021,R1_F1_m1f1_P1_Y3_UO23,R1_F1_m1f1_P1_Y1_UO128,R1_F1_m-1f-1_P1_Y-1_U114,MXY,1,53.66092273482479,1,1,0.0,0,0,0,-9999.0,0.375,1,P0_CV0,1,1,1,1,1
1,2540470.832,712452.2021,R1_F1_m1f1_P1_Y3_UO533,R1_F1_m1f1_P1_Y1_UO271,R1_F1_m1f1_P1_Y1_UO25,FXX,1,53.66092273482479,1,1,2.069,0,0,0,-9999.0,0.125,1,P0_CV0,1,1,1,1,1
1,2540470.832,712452.2021,R1_F1_m1f1_P1_Y3_UO614,R1_F1_m1f1_P1_Y1_UO203,R1_F1_m1f1_P1_Y1_UO256,MXY,1,53.66092273482479,1,1,0.0,0,0,0,-9999.0,0.375,1,P0_CV0,1,1,1,2,0
1,2540470.832,712452.2021,R1_F1_m1f1_P1_Y3_UO785,R1_F1_m1f1_P1_Y0_UO194,R1_F1_m1f1_P1_Y1_UO90,FXX,1,53.66092273482479,1,1,3.895,0,0,0,-9999.0,0.125,1,P0_CV0,1,0,2,2,0
1,2540470.832,712452.2021,R1_F1_m1f1_P1_Y3_UO36,R1_F1_m1f1_P1_Y1_UO202,R1_F1_m1f1_P1_Y1_UO560,MXY,1,53.66092273482479,1,1,0.0,0,0,0,-9999.0,0.375,1,P0_CV0,1,2,0,1,1
1,2540470.832,712452.2021,R1_F1_m1f1_P1_Y3_UO133,R1_F1_m1f1_P1_Y1_UO580,R1_F1_m1f1_P1_Y1_UO232,FXX,1,53.66092273482479,1,1,1.263,0,0,0,-9999.0,0.25,1,P0_CV0,1,2,0,1,1
1,2540470.832,712452.2021,R1_F1_m1f1_P1_Y3_UO184,R1_F1_m1f1_P1_Y1_UO231,R1_F1_m1f1_P1_Y1_UO419,FXX,1,53.66092273482479,1,1,2.026,0,0,0,-9999.0,0.125,1,P0_CV0,1,1,1,2,0
1,2540470.832,712452.2021,R1_F1_m1f1_P1_Y3_UO134,R1_F1_m1f1_P1_Y1_UO580,R1_F1_m1f1_P1_Y1_UO232,FXX,1,53.66092273482479,1,1,0.0,0,0,0,-9999.0,0.25,1,P0_CV0,1,1,1,1,1
1,2540470.832,712452.2021,R1_F1_m1f1_P1_Y3_UO527,RD1_F1_m1f1_P1_Y1_UO457,R1_F1_m1f1_P1_Y1_UO90,FXX,1,53.66092273482479,1,1,1.4,0,0,0,-9999.0,0.25,1,P0_CV0,1,0,2,2,0
1,2540470.832,712452.2021,R1_F1_m1f1_P1_Y3_UO574,R1_F1_m1f1_P1_Y1_UO26,R1_F1_m1f1_P1_Y0_UO35,FXX,1,53.66092273482479,1,1,0.0,0,0,0,-9999.0,0.125,1,P0_CV0,1,2,0,2,0
1,2540470.832,712452.2021,R1_F1_m1f1_P1_Y3_UO734,R1_F1_m1f1_P1_Y1_UO207,R1_F1_m1f1_P1_Y1_UO456,MXY,1,53.66092273482479,1,1,0.0,0,0,0,-9999.0,0.25,1,P0_CV0,1,1,1,1,1
1,2540470.832,712452.2021,R1_F1_m1f1_P1_Y3_UO354,R1_F1_m-1f-1_P1_Y-1_U53,R1_F1_m-1f-1_P1_Y-1_U48,FXX,1,53.66092273482479,1,1,1.962,0,0,0,-9999.0,0.0,1,P0_CV0,1,0,2,1,1
1,2540470.832,712452.2021,R1_F1_m1f1_P1_Y3_UO30,R1_F1_m1f1_P1_Y1_UO47,R1_F1_m1f1_P1_Y0_UO635,FXX,1,53.66092273482479,1,1,0.0,0,0,0,-9999.0,0.0,1,P0_CV0,1,2,0,2,0
1,2540470.832,712452.2021,R1_F1_m1f1_P1_Y3_UO279,R1_F1_m1f1_P1_Y0_UO194,R1_F1_m1f1_P1_Y0_UO596,FXX,1,53.66092273482479,1,1,1.655,0,0,0,-9999.0,0.25,1,P0_CV0,1,0,2,2,0
1,2540470.832,712452.2021,R1_F1_m1f1_P1_Y3_UO558,R1_F1_m1f1_P1_Y1_UO257,R1_F1_m1f1_P1_Y0_UO734,MXY,1,53.66092273482479,1,1,0.0,0,0,0,-9999.0,0.625,1,P0_CV0,1,0,2,0,2
1,2540470.832,712452.2021,R1_F1_m1f1_P1_Y3_UO790,R1_F1_m1f1_P1_Y1_UO304,R1_F1_m1f1_P1_Y1_UO485,FXX,1,53.66092273482479,1,1,1.573,0,0,0,-9999.0,0.25,1,P0_CV0,1,1,1,1,1
1,2540470.832,712452.2021,R1_F1_m1f1_P1_Y3_UO420,R1_F1_m1f1_P1_Y0_UO676,R1_F1_m1f1_P1_Y0_UO562,MXY,1,53.66092273482479,1,1,0.0,0,0,0,-9999.0,0.25,1,P0_CV0,1,1,1,0,2
1,2540470.832,712452.2021,R1_F1_m1f1_P1_Y3_UO672,R1_F1_m1f1_P1_Y0_UO194,R1_F1_m1f1_P1_Y1_UO92,FXX,1,53.66092273482479,1,1,1.0,0,0,0,-9999.0,0.125,1,P0_CV0,1,1,1,1,1
1,2540470.832,712452.2021,R1_F1_m1f1_P1_Y3_UO50,R1_F1_m1f1_P1_Y1_UO271,R1_F1_m1f1_P1_Y1_UO275,MXY,1,53.66092273482479,1,1,0.0,0,0,0,-9999.0,0.25,1,P0_CV0,1,1,1,1,1
1,2540470.832,712452.2021,R1_F1_m1f1_P1_Y3_UO765,R1_F1_m1f1_P1_Y0_UO30,R1_F1_m1f1_P1_Y1_UO332,FXX,1,53.66092273482479,1,1,1.068,0,0,0,-9999.0,0.25,1,P0_CV0,1,1,1,0,2
1,2540470.832,712452.2021,R1_F1_m1f1_P1_Y3_UO583,R1_F1_m-1f-1_P1_Y-1_U125,R1_F1_m-1f-1_P1_Y-1_U114,FXX,1,53.66092273482479,1,1,0.0,0,0,0,-9999.0,0.25,1,P0_CV0,1,1,1,1,1
1,2540470.832,712452.2021,R1_F1_m1f1_P1_Y3_UO689,R1_F1_m1f1_P1_Y1_UO528,R1_F1_m1f1_P1_Y1_UO125,FXX,1,53.66092273482479,1,1,1.953,0,0,0,-9999.0,0.5,1,P0_CV0,1,1,1,0,2
1,2540470.832,712452.2021,R1_F1_m1f1_P1_Y3_UO3,R1_F1_m1f1_P1_Y1_UO517,R1_F1_m1f1_P1_Y0_UO338,MXY,1,53.66092273482479,1,1,0.0,0,0,0,-9999.0,0.375,1,P0_CV0,1,1,1,1,1
1,2540470.832,712452.2021,R1_F1_m1f1_P1_Y3_UO54,R1_F1_m1f1_P1_Y0_UO636,R1_F1_m-1f-1_P1_Y-1_U32,FXX,1,53.66092273482479,1,1,0.0,0,0,0,-9999.0,0.0,1,P0_CV0,1,1,1,0,2
1,2540470.832,712452.2021,R1_F1_m1f1_P1_Y3_UO692,R1_F1_m1f1_P1_Y1_UO304,R1_F1_m1f1_P1_Y1_UO577,FXX,1,53.66092273482479,1,1,0.0,0,0,0,-9999.0,0.125,1,P0_CV0,1,2,0,1,1
1,2540470.832,712452.2021,R1_F1_m1f1_P1_Y3_UO48,R1_F1_m1f1_P1_Y1_UO573,R1_F1_m1f1_P1_Y1_UO394,MXY,1,53.66092273482479,1,1,0.0,0,0,0,-9999.0,0.25,1,P0_CV0,1,1,1,0,2
1,2540470.832,712452.2021,R1_F1_m1f1_P1_Y3_UO353,R1_F1_m-1f-1_P1_Y-1_U53,R1_F1_m-1f-1_P1_Y-1_U48,FXX,1,53.66092273482479,1,1,0.0,0,0,0,-9999.0,0.0,1,P0_CV0,1,0,2,0,2
1,2540470.832,712452.2021,R1_F1_m1f1_P1_Y3_UO581,R1_F1_m-1f-1_P1_Y-1_U125,R1_F1_m-1f-1_P1_Y-1_U114,FXX,1,53.66092273482479,1,1,1.0,0,0,0,-9999.0,0.25,1,P0_CV0,1,1,1,1,1
1,2540470.832,712452.2021,R1_F1_m1f1_P1_Y3_UO287,R1_F1_m1f1_P1_Y1_UO572,R1_F1_m-1f-1_P1_Y-1_U114,MXY,1,53.66092273482479,1,1,0.0,0,0,0,-9999.0,0.25,1,P0_CV0,1,1,1,1,1
1,2540470.832,712452.2021,R1_F1_m1f1_P1_Y3_UO183,R1_F1_m1f1_P1_Y1_UO231,R1_F1_m1f1_P1_Y1_UO419,MXY,1,53.66092273482479,1,1,0.0,0,0,0,-9999.0,0.125,1,P0_CV0,1,1,1,1,1
1,2540470.832,712452.2021,R1_F1_m1f1_P1_Y3_UO673,R1_F1_m1f1_P1_Y0_UO194,R1_F1_m1f1_P1_Y1_UO92,FXX,1,53.66092273482479,1,1,2.012,0,0,0,-9999.0,0.125,1,P0_CV0,1,1,1,0,2
1,2540470.832,712452.2021,R1_F1_m1f1_P1_Y3_UO355,R1_F1_m-1f-1_P1_Y-1_U53,R1_F1_m-1f-1_P1_Y-1_U48,FXX,1,53.66092273482479,1,1,0.0,0,0,0,-9999.0,0.0,1,P0_CV0,1,0,2,1,1
1,2540470.832,712452.2021,R1_F1_m1f1_P1_Y3_UO337,R1_F1_m-1f-1_P1_Y-1_U7,R1_F1_m1f1_P1_Y1_UO276,MXY,1,53.66092273482479,1,1,0.0,0,0,0,-9999.0,0.125,1,P0_CV0,1,0,2,2,0
1,2540470.832,712452.2021,R1_F1_m1f1_P1_Y3_UO570,R1_F1_m1f1_P1_Y1_UO207,R1_F1_m1f1_P1_Y1_UO331,MXY,1,53.66092273482479,1,1,0.0,0,0,0,-9999.0,0.375,1,P0_CV0,1,1,1,1,1
1,2540470.832,712452.2021,R1_F1_m1f1_P1_Y3_UO34,R1_F1_m1f1_P1_Y1_UO302,R1_F1_m1f1_P1_Y1_UO413,FXX,1,53.66092273482479,1,1,3.849,0,0,0,-9999.0,0.375,1,P0_CV0,1,0,2,0,2
1,2540470.832,712452.2021,R1_F1_m1f1_P1_Y3_UO294,R1_F1_m1f1_P1_Y1_UO477,R1_F1_m-1f-1_P1_Y-1_U32,FXX,1,53.66092273482479,1,1,1.765,0,0,0,-9999.0,0.125,1,P0_CV0,1,1,1,1,1
1,2540470.832,712452.2021,R1_F1_m1f1_P1_Y3_UO437,R1_F1_m1f1_P1_Y0_UO760,R1_F1_m-1f-1_P1_Y-1_U123,MXY,1,53.66092273482479,1,1,0.0,0,0,0,-9999.0,0.125,1,P0_CV0,1,1,1,1,1
1,2540470.832,712452.2021,R1_F1_m1f1_P1_Y3_UO557,R1_F1_m1f1_P1_Y1_UO257,R1_F1_m1f1_P1_Y0_UO734,FXX,1,53.66092273482479,1,1,1.0,0,0,0,-9999.0,0.625,1,P0_CV0,1,1,1,1,1
1,2540470.832,712452.2021,R1_F1_m1f1_P1_Y3_UO529,RD1_F1_m1f1_P1_Y1_UO457,R1_F1_m1f1_P1_Y1_UO90,MXY,1,53.66092273482479,1,1,0.0,0,0,0,-9999.0,0.25,1,P0_CV0,1,0,2,2,0
1,2540470.832,712452.2021,R1_F1_m1f1_P1_Y3_UO532,R1_F1_m-1f-1_P1_Y-1_U99,R1_F1_m1f1_P1_Y1_UO25,MXY,1,53.66092273482479,1,1,0.0,0,0,0,-9999.0,0.0,1,P0_CV0,1,0,2,1,1
1,2540470.832,712452.2021,R1_F1_m1f1_P1_Y3_UO478,R1_F1_m1f1_P1_Y1_UO17,RD1_F2_m-1f-1_P2_Y-1_U5,FXX,1,53.66092273482479,1,1,1.0,0,0,0,-9999.0,0.0,1,P0_CV0,1,1,1,0,2
1,2540470.832,712452.2021,R1_F1_m1f1_P1_Y3_UO204,R1_F1_m1f1_P1_Y0_UO736,R1_F1_m-1f-1_P1_Y-1_U114,MXY,1,53.66092273482479,1,1,0.0,0,0,0,-9999.0,0.625,1,P0_CV0,1,2,0,2,0
1,2540470.832,712452.2021,R1_F1_m1f1_P1_Y3_UO240,R1_F1_m1f1_P1_Y1_UO607,R1_F1_m1f1_P1_Y0_UO596,MXY,1,53.66092273482479,1,1,0.0,0,0,0,-9999.0,0.375,1,P0_CV0,1,1,1,1,1
1,2540470.832,712452.2021,R1_F1_m1f1_P1_Y3_UO289,R1_F1_m1f1_P1_Y1_UO572,R1_F1_m-1f-1_P1_Y-1_U114,FXX,1,53.66092273482479,1,1,3.38,0,0,0,-9999.0,0.25,1,P0_CV0,1,1,1,2,0
1,2540470.832,712452.2021,R1_F1_m1f1_P1_Y3_UO453,R1_F1_m1f1_P1_Y0_UO33,R1_F1_m1f1_P1_Y0_UO491,FXX,1,53.66092273482479,1,1,2.068,0,0,0,-9999.0,0.125,1,P0_CV0,1,0,2,0,2
1,2540470.832,712452.2021,R1_F1_m1f1_P1_Y3_UO322,R1_F1_m1f1_P1_Y1_UO302,R1_F1_m1f1_P1_Y0_UO37,FXX,1,53.66092273482479,1,1,0.0,0,0,0,-9999.0,0.375,1,P0_CV0,1,2,0,2,0
1,2540470.832,712452.2021,R1_F1_m1f1_P1_Y3_UO320,R1_F1_m1f1_P1_Y1_UO302,R1_F1_m1f1_P1_Y0_UO37,MXY,1,53.66092273482479,1,1,0.0,0,0,0,-9999.0,0.375,1,P0_CV0,1,1,1,2,0
1,2540470.832,712452.2021,R1_F1_m1f1_P1_Y3_UO494,R1_F1_m1f1_P1_Y1_UO561,R1_F1_m1f1_P1_Y1_UO509,MXY,1,53.66092273482479,1,1,0.0,0,0,0,-9999.0,0.5,1,P0_CV0,1,2,0,2,0
1,2540470.832,712452.2021,R1_F1_m1f1_P1_Y3_UO89,I1_F7_m-1f-1_P1_Y-1_U131,R1_F1_m1f1_P1_Y0_UO664,FXX,1,53.66092273482479,1,1,0.0,0,0,0,-9999.0,0.25,1,P0_CV0,1,1,1,2,0
1,2540470.832,712452.2021,R1_F1_m1f1_P1_Y3_UO199,R1_F1_m1f1_P1_Y1_UO528,R1_F1_m1f1_P1_Y0_UO241,FXX,1,53.66092273482479,1,1,2.691,0,0,0,-9999.0,0.5,1,P0_CV0,1,0,2,1,1
1,2540470.832,712452.2021,R1_F1_m1f1_P1_Y3_UO0,R1_F1_m1f1_P1_Y0_UO736,R1_F1_m1f1_P1_Y0_UO661,MXY,1,53.66092273482479,1,1,0.0,0,0,0,-9999.0,0.625,1,P0_CV0,1,1,1,1,1
1,2540470.832,712452.2021,R1_F1_m1f1_P1_Y3_UO569,R1_F1_m1f1_P1_Y1_UO207,R1_F1_m1f1_P1_Y1_UO331,MXY,1,53.66092273482479,1,1,0.0,0,0,0,-9999.0,0.375,1,P0_CV0,1,0,2,2,0
1,2540470.832,712452.2021,R1_F1_m1f1_P1_Y2_UO674,R1_F1_m-1f-1_P1_Y-1_U90,R1_F1_m-1f-1_P1_Y-1_U114,MXY,2,77.61458708558803,1,0,0.0,0,0,0,-9999.0,0.25,1,P0_CV0,1,1,1,1,1
1,2540470.832,712452.2021,R1_F1_m1f1_P1_Y2_UO334,R1_F1_m-1f-1_P1_Y-1_U125,R1_F1_m1f1_P1_Y0_UO338,FXX,2,77.61458708558803,1,0,0.0,0,0,0,-9999.0,0.25,1,P0_CV0,1,1,1,2,0
1,2540470.832,712452.2021,R1_F1_m1f1_P1_Y2_UO241,R1_F1_m1f1_P1_Y0_UO676,R1_F1_m1f1_P1_Y0_UO564,FXX,2,77.61458708558803,1,0,1.0,0,0,0,-9999.0,0.25,1,P0_CV0,1,1,1,1,1
1,2540470.832,712452.2021,R1_F1_m1f1_P1_Y2_UO675,R1_F1_m-1f-1_P1_Y-1_U90,R1_F1_m-1f-1_P1_Y-1_U114,FXX,2,77.61458708558803,1,0,1.661,0,0,0,-9999.0,0.25,1,P0_CV0,1,0,2,0,2
1,2540470.832,712452.2021,R1_F1_m1f1_P1_Y2_UO212,R1_F1_m-1f-1_P1_Y-1_U125,R1_F1_m-1f-1_P1_Y-1_U14,FXX,2,77.61458708558803,1,0,1.219,0,0,0,-9999.0,0.5,1,P0_CV0,1,1,1,1,1
1,2540470.832,712452.2021,R1_F1_m1f1_P1_Y2_UO133,R1_F1_m1f1_P1_Y0_UO676,R1_F1_m1f1_P1_Y0_UO38,MXY,2,77.61458708558803,1,0,0.0,0,0,0,-9999.0,0.375,1,P0_CV0,1,1,1,0,2
1,2540470.832,712452.2021,R1_F1_m1f1_P1_Y2_UO412,R1_F1_m1f1_P1_Y0_UO676,R1_F1_m-1f-1_P1_Y-1_U19,MXY,2,77.61458708558803,1,0,0.0,0,0,0,-9999.0,0.5,1,P0_CV0,1,1,1,0,2
1,2540470.832,712452.2021,R1_F1_m1f1_P1_Y2_UO697,R1_F1_m-1f-1_P1_Y-1_U53,R1_F1_m1f1_P1_Y0_UO241,MXY,2,77.61458708558803,1,0,0.0,0,0,0,-9999.0,0.125,1,P0_CV0,1,0,2,1,1
1,2540470.832,712452.2021,R1_F1_m1f1_P1_Y2_UO503,R1_F1_m-1f-1_P1_Y-1_U121,R1_F1_m-1f-1_P1_Y-1_U19,FXX,2,77.61458708558803,1,0,1.0,0,0,0,-9999.0,0.25,1,P0_CV0,1,0,2,1,1
1,2540470.832,712452.2021,R1_F1_m1f1_P1_Y2_UO609,R1_F1_m1f1_P1_Y0_UO620,R1_F1_m-1f-1_P1_Y-1_U37,MXY,2,77.61458708558803,1,0,0.0,0,0,0,-9999.0,0.25,1,P0_CV0,1,0,2,1,1
1,2540470.832,712452.2021,R1_F1_m1f1_P1_Y2_UO468,R1_F1_m1f1_P1_Y0_UO676,R1_F1_m1f1_P1_Y0_UO491,FXX,2,77.61458708558803,1,0,3.101,0,0,0,-9999.0,0.25,1,P0_CV0,1,0,2,1,1
1,2540470.832,712452.2021,R1_F1_m1f1_P1_Y2_UO134,R1_F1_m1f1_P1_Y0_UO676,R1_F1_m1f1_P1_Y0_UO38,MXY,2,77.61458708558803,1,0,0.0,0,0,0,-9999.0,0.375,1,P0_CV0,1,1,1,0,2
1,2540470.832,712452.2021,R1_F1_m1f1_P1_Y2_UO115,R1_F1_m-1f-1_P1_Y-1_U90,R1_F1_m-1f-1_P1_Y-1_U106,MXY,2,77.61458708558803,1,0,0.0,0,0,0,-9999.0,0.0,1,P0_CV0,1,0,2,1,1
1,2540470.832,712452.2021,R1_F1_m1f1_P1_Y2_UO840,R1_F1_m-1f-1_P1_Y-1_U90,R1_F1_m1f1_P1_Y0_UO491,MXY,2,77.61458708558803,1,0,0.0,0,0,0,-9999.0,0.0,1,P0_CV0,1,1,1,1,1
1,2540470.832,712452.2021,R1_F1_m1f1_P1_Y2_UO470,R1_F1_m1f1_P1_Y0_UO676,R1_F1_m1f1_P1_Y0_UO491,MXY,2,77.61458708558803,1,0,0.0,0,0,0,-9999.0,0.25,1,P0_CV0,1,0,2,1,1
1,2540470.832,712452.2021,R1_F1_m1f1_P1_Y2_UO399,R1_F1_m1f1_P1_Y0_UO638,R1_F1_m-1f-1_P1_Y-1_U8,FXX,2,77.61458708558803,1,0,1.303,0,0,0,-9999.0,0.25,1,P0_CV0,1,1,1,2,0
1,2540470.832,712452.2021,R1_F1_m1f1_P1_Y2_UO548,R1_F1_m1f1_P1_Y0_UO239,R1_F1_m-1f-1_P1_Y-1_U32,MXY,2,77.61458708558803,1,0,0.0,0,0,0,-9999.0,0.125,1,P0_CV0,1,0,2,0,2
1,2540470.832,712452.2021,R1_F1_m1f1_P1_Y2_UO240,R1_F1_m1f1_P1_Y0_UO676,R1_F1_m1f1_P1_Y0_UO564,MXY,2,77.61458708558803,1,0,0.0,0,0,0,-9999.0,0.25,1,P0_CV0,1,1,1,1,1
1,2540470.832,712452.2021,R1_F1_m1f1_P1_Y2_UO678,R1_F1_m-1f-1_P1_Y-1_U90,R1_F1_m-1f-1_P1_Y-1_U114,MXY,2,77.61458708558803,1,0,0.0,0,0,0,-9999.0,0.25,1,P0_CV0,1,1,1,1,1
1,2540470.832,712452.2021,R1_F1_m1f1_P1_Y2_UO833,R1_F1_m1f1_P1_Y0_UO194,R1_F1_m1f1_P1_Y0_UO617,FXX,2,77.61458708558803,1,0,1.508,0,0,0,-9999.0,0.375,1,P0_CV0,1,0,2,0,2
1,2540470.832,712452.2021,R1_F1_m1f1_P1_Y2_UO415,R1_F1_m1f1_P1_Y0_UO773,R1_F1_m-1f-1_P1_Y-1_U114,MXY,2,77.61458708558803,1,0,0.0,0,0,0,-9999.0,0.375,1,P0_CV0,1,2,0,1,1
1,2540470.832,712452.2021,R1_F1_m1f1_P1_Y2_UO816,R1_F1_m-1f-1_P1_Y-1_U83,I1_F7_m-1f-1_P1_Y-1_U42,MXY,2,77.61458708558803,1,0,0.0,0,0,0,-9999.0,0.25,1,P0_CV0,1,1,1,1,1
1,2540470.832,712452.2021,R1_F1_m1f1_P1_Y2_UO120,R1_F1_m-1f-1_P1_Y-1_U90,R1_F1_m-1f-1_P1_Y-1_U106,MXY,2,77.61458708558803,1,0,0.0,0,0,0,-9999.0,0.0,1,P0_CV0,1,0,2,1,1
1,2540470.832,712452.2021,R1_F1_m1f1_P1_Y2_UO417,R1_F1_m1f1_P1_Y0_UO773,R1_F1_m-1f-1_P1_Y-1_U114,MXY,2,77.61458708558803,1,0,0.0,0,0,0,-9999.0,0.375,1,P0_CV0,1,2,0,0,2
1,2540470.832,712452.2021,R1_F1_m1f1_P1_Y2_UO395,R1_F1_m1f1_P1_Y0_UO239,R1_F1_m1f1_P1_Y0_UO664,FXX,2,77.61458708558803,1,0,1.111,0,0,0,-9999.0,0.375,1,P0_CV0,1,0,2,1,1
1,2540470.832,712452.2021,R1_F1_m1f1_P1_Y2_UO211,R1_F1_m-1f-1_P1_Y-1_U125,R1_F1_m-1f-1_P1_Y-1_U14,MXY,2,77.61458708558803,1,0,0.0,0,0,0,-9999.0,0.5,1,P0_CV0,1,1,1,1,1
1,2540470.832,712452.2021,R1_F1_m1f1_P1_Y2_UO256,I1_F7_m-1f-1_P1_Y-1_U105,R1_F1_m-1f-1_P1_Y-1_U48,FXX,2,77.61458708558803,1,0,1.0,0,0,0,-9999.0,0.25,1,P0_CV0,1,0,2,0,2
1,2540470.832,712452.2021,R1_F1_m1f1_P1_Y2_UO612,R1_F1_m1f1_P1_Y0_UO620,R1_F1_m-1f-1_P1_Y-1_U37,MXY,2,77.61458708558803,1,0,0.0,0,0,0,-9999.0,0.25,1,P0_CV0,1,0,2,1,1
1,2540470.832,712452.2021,R1_F1_m1f1_P1_Y2_UO413,R1_F1_m1f1_P1_Y0_UO676,R1_F1_m-1f-1_P1_Y-1_U19,FXX,2,77.61458708558803,1,0,0.0,0,0,0,-9999.0,0.5,1,P0_CV0,1,1,1,0,2
1,2540470.832,712452.2021,R1_F1_m1f1_P1_Y2_UO257,I1_F7_m-1f-1_P1_Y-1_U105,R1_F1_m-1f-1_P1_Y-1_U48,FXX,2,77.61458708558803,1,0,0.0,0,0,0,-9999.0,0.25,1,P0_CV0,1,1,1,2,0
1,2540470.832,712452.2021,R1_F1_m1f1_P1_Y2_UO344,R1_F1_m1f1_P1_Y0_UO194,R1_F1_m1f1_P1_Y0_UO35,MXY,2,77.61458708558803,1,0,0.0,0,0,0,-9999.0,0.25,1,P0_CV0,1,1,1,2,0
1,2540470.832,712452.2021,R1_F1_m1f1_P1_Y2_UO700,R1_F1_m-1f-1_P1_Y-1_U53,R1_F1_m1f1_P1_Y0_UO241,FXX,2,77.61458708558803,1,0,1.639,0,0,0,-9999.0,0.125,1,P0_CV0,1,1,1,1,1
1,2540470.832,712452.2021,R1_F1_m1f1_P1_Y2_UO72,R1_F1_m1f1_P1_Y0_UO773,R1_F1_m1f1_P1_Y0_UO617,FXX,2,77.61458708558803,1,0,1.339,0,0,0,-9999.0,0.375,1,P0_CV0,1,0,2,0,2
1,2540470.832,712452.2021,R1_F1_m1f1_P1_Y2_UO672,R1_F1_m-1f-1_P1_Y-1_U90,R1_F1_m-1f-1_P1_Y-1_U114,MXY,2,77.61458708558803,1,0,0.0,0,0,0,-9999.0,0.25,1,P0_CV0,1,0,2,0,2
1,2540470.832,712452.2021,R1_F1_m1f1_P1_Y2_UO587,R1_F1_m-1f-1_P1_Y-1_U128,R1_F1_m1f1_P1_Y0_UO35,FXX,2,77.61458708558803,1,0,0.0,0,0,0,-9999.0,0.125,1,P0_CV0,1,0,2,2,0
1,2540470.832,712452.2021,R1_F1_m1f1_P1_Y2_UO416,R1_F1_m1f1_P1_Y0_UO773,R1_F1_m-1f-1_P1_Y-1_U114,FXX,2,77.61458708558803,1,0,1.0,0,0,0,-9999.0,0.375,1,P0_CV0,1,0,2,0,2
1,2540470.832,712452.2021,R1_F1_m1f1_P1_Y2_UO618,R1_F1_m1f1_P1_Y0_UO636,R1_F1_m-1f-1_P1_Y-1_U114,FXX,2,77.61458708558803,1,0,1.0,0,0,0,-9999.0,0.25,1,P0_CV0,1,0,2,1,1
1,2540470.832,712452.2021,R1_F1_m1f1_P1_Y2_UO326,R1_F1_m-1f-1_P1_Y-1_U125,R1_F1_m1f1_P1_Y0_UO338,FXX,2,77.61458708558803,1,0,2.861,0,0,0,-9999.0,0.25,1,P0_CV0,1,1,1,1,1
1,2540470.832,712452.2021,R1_F1_m1f1_P1_Y2_UO677,R1_F1_m-1f-1_P1_Y-1_U90,R1_F1_m-1f-1_P1_Y-1_U114,MXY,2,77.61458708558803,1,0,0.0,0,0,0,-9999.0,0.25,1,P0_CV0,1,1,1,1,1
1,2540470.832,712452.2021,R1_F1_m1f1_P1_Y2_UO113,R1_F1_m-1f-1_P1_Y-1_U90,R1_F1_m-1f-1_P1_Y-1_U106,FXX,2,77.61458708558803,1,0,1.086,0,0,0,-9999.0,0.0,1,P0_CV0,1,0,2,1,1
1,2540470.832,712452.2021,R1_F1_m1f1_P1_Y2_UO855,R1_F1_m-1f-1_P1_Y-1_U90,R1_F1_m-1f-1_P1_Y-1_U37,MXY,2,77.61458708558803,1,0,0.0,0,0,0,-9999.0,0.0,1,P0_CV0,1,0,2,1,1
1,2540470.832,712452.2021,R1_F1_m1f1_P1_Y2_UO114,R1_F1_m-1f-1_P1_Y-1_U90,R1_F1_m-1f-1_P1_Y-1_U106,FXX,2,77.61458708558803,1,0,0.0,0,0,0,-9999.0,0.0,1,P0_CV0,1,0,2,1,1
1,2540470.832,712452.2021,R1_F1_m1f1_P1_Y2_UO126,R1_F1_m1f1_P1_Y0_UO194,R1_F1_m1f1_P1_Y0_UO564,FXX,2,77.61458708558803,1,0,0.0,0,0,0,-9999.0,0.125,1,P0_CV0,1,1,1,2,0
1,2540470.832,712452.2021,R1_F1_m1f1_P1_Y1_UO333,R1_F1_m-1f-1_P1_Y-1_U87,R1_F1_m-1f-1_P1_Y-1_U49,FXX,3,97.21034196975106,1,0,0.0,0,0,0,-9999.0,0.25,1,P0_CV0,1,0,2,1,1
1,2540470.832,712452.2021,R1_F1_m1f1_P1_Y1_UO456,R1_F1_m-1f-1_P1_Y-1_U96,R1_F1_m-1f-1_P1_Y-1_U139,MXY,3,97.21034196975106,1,0,0.0,0,0,0,-9999.0,0.5,1,P0_CV0,1,1,1,1,1
1,2540470.832,712452.2021,R1_F1_m1f1_P1_Y1_UO454,R1_F1_m-1f-1_P1_Y-1_U4,R1_F1_m-1f-1_P1_Y-1_U46,FXX,3,97.21034196975106,1,0,1.0,0,0,0,-9999.0,0.5,1,P0_CV0,1,0,2,2,0
1,2540470.832,712452.2021,R1_F1_m1f1_P1_Y1_UO301,R1_F1_m-1f-1_P1_Y-1_U9,R1_F1_m-1f-1_P1_Y-1_U97,FXX,3,97.21034196975106,1,0,2.322,0,0,0,-9999.0,0.5,1,P0_CV0,1,1,1,0,2
1,2540470.832,712452.2021,R1_F1_m1f1_P1_Y1_UO561,R1_F1_m-1f-1_P1_Y-1_U125,R1_F1_m-1f-1_P1_Y-1_U50,FXX,3,97.21034196975106,1,0,1.116,0,0,0,-9999.0,0.25,1,P0_CV0,1,1,1,1,1
1,2540470.832,712452.2021,R1_F1_m1f1_P1_Y1_UO218,R1_F1_m-1f-1_P1_Y-1_U99,R1_F1_m-1f-1_P1_Y-1_U48,MXY,3,97.21034196975106,1,0,0.0,0,0,0,-9999.0,0.0,1,P0_CV0,1,0,2,1,1
1,2540470.832,712452.2021,R1_F1_m1f1_P1_Y1_UO17,R1_F1_m-1f-1_P1_Y-1_U0,R1_F1_m-1f-1_P1_Y-1_U117,FXX,3,97.21034196975106,1,0,1.986,0,0,0,-9999.0,0.0,1,P0_CV0,1,1,1,0,2
1,2540470.832,712452.2021,R1_F1_m1f1_P1_Y1_UO316,R1_F1_m-1f-1_P1_Y-1_U20,R1_F1_m-1f-1_P1_Y-1_U50,FXX,3,97.21034196975106,1,0,1.73,0,0,0,-9999.0,0.75,1,P0_CV0,1,1,1,2,0
1,2540470.832,712452.2021,R1_F1_m1f1_P1_Y1_UO275,R1_F1_m-1f-1_P1_Y-1_U80,R1_F1_m-1f-1_P1_Y-1_U102,MXY,3,97.21034196975106,1,0,0.0,0,0,0,-9999.0,0.25,1,P0_CV0,1,0,2,1,1
1,2540470.832,712452.2021,R1_F1_m1f1_P1_Y1_UO457,R1_F1_m-1f-1_P1_Y-1_U96,R1_F1_m-1f-1_P1_Y-1_U139,FXX,3,97.21034196975106,1,0,2.268,0,0,0,-9999.0,0.5,1,P0_CV0,1,0,2,2,0
1,2540470.832,712452.2021,R1_F1_m1f1_P1_Y1_UO125,R1_F1_m-1f-1_P1_Y-1_U82,R1_F1_m-1f-1_P1_Y-1_U15,MXY,3,97.21034196975106,1,0,0.0,0,0,0,-9999.0,0.25,1,P0_CV0,1,0,2,1,1
1,2540470.832,712452.2021,R1_F1_m1f1_P1_Y1_UO419,R1_F1_m-1f-1_P1_Y-1_U68,R1_F1_m-1f-1_P1_Y-1_U132,MXY,3,97.21034196975106,1,0,0.0,0,0,0,-9999.0,0.25,1,P0_CV0,1,2,0,1,1
1,2540470.832,712452.2021,R1_F1_m1f1_P1_Y1_UO203,R1_F1_m-1f-1_P1_Y-1_U34,R1_F1_m-1f-1_P1_Y-1_U60,FXX,3,97.21034196975106,1,0,1.025,0,0,0,-9999.0,0.25,1,P0_CV0,1,0,2,2,0
1,2540470.832,712452.2021,R1_F1_m1f1_P1_Y1_UO272,R1_F1_m-1f-1_P1_Y-1_U135,R1_F1_m-1f-1_P1_Y-1_U19,FXX,3,97.21034196975106,1,0,1.0,0,0,0,-9999.0,0.25,1,P0_CV0,1,1,1,1,1
1,2540470.832,712452.2021,R1_F1_m1f1_P1_Y1_UO413,R1_F1_m-1f-1_P1_Y-1_U44,R1_F1_m-1f-1_P1_Y-1_U81,MXY,3,97.21034196975106,1,0,0.0,0,0,0,-9999.0,0.25,1,P0_CV0,1,1,1,1,1
1,2540470.832,712452.2021,R1_F1_m1f1_P1_Y1_UO373,R1_F1_m-1f-1_P1_Y-1_U33,R1_F1_m-1f-1_P1_Y-1_U91,FXX,3,97.21034196975106,1,0,1.949,0,0,0,-9999.0,0.25,1,P0_CV0,1,2,0,2,0
1,2540470.832,712452.2021,R1_F1_m1f1_P1_Y1_UO18,R1_F1_m-1f-1_P1_Y-1_U0,R1_F1_m-1f-1_P1_Y-1_U117,MXY,3,97.21034196975106,1,0,0.0,0,0,0,-9999.0,0.0,1,P0_CV0,1,1,1,2,0
1,2540470.832,712452.2021,R1_F1_m1f1_P1_Y1_UO506,R1_F1_m-1f-1_P1_Y-1_U30,R1_F1_m-1f-1_P1_Y-1_U6,FXX,3,97.21034196975106,1,0,2.355,0,0,0,-9999.0,0.5,1,P0_CV0,1,1,1,2,0
1,2540470.832,712452.2021,R1_F1_m1f1_P1_Y1_UO303,R1_F1_m-1f-1_P1_Y-1_U125,R1_F1_m-1f-1_P1_Y-1_U74,FXX,3,97.21034196975106,1,0,1.0,0,0,0,-9999.0,0.0,1,P0_CV0,1,0,2,1,1
1,2540470.832,712452.2021,R1_F1_m1f1_P1_Y1_UO343,R1_F1_m-1f-1_P1_Y-1_U39,R1_F1_m-1f-1_P1_Y-1_U74,FXX,3,97.20173069560957,1,0,2.463,0,0,0,-9999.0,0.0,1,P0_CV0,1,2,0,1,1
1,2540470.832,712452.2021,R1_F1_m1f1_P1_Y0_UO241,R1_F1_m-1f-1_P1_Y-1_U13,R1_F1_m-1f-1_P1_Y-1_U98,MXY,4,111.63842463011032,1,0,0.0,0,0,0,-9999.0,0.25,1,P0_CV0,1,1,1,2,0
1,2540470.832,712452.2021,R1_F1_m1f1_P1_Y0_UO735,R1_F1_m-1f-1_P1_Y-1_U73,R1_F1_m-1f-1_P1_Y-1_U136,FXX,4,111.63842463011032,1,0,0.0,0,0,0,-9999.0,0.75,1,P0_CV0,1,1,1,0,2
1,2540470.832,712452.2021,R1_F1_m1f1_P1_Y0_UO564,R1_F1_m-1f-1_P1_Y-1_U84,R1_F1_m-1f-1_P1_Y-1_U133,MXY,4,111.63842463011032,1,0,0.0,0,0,0,-9999.0,0.0,1,P0_CV0,1,2,0,2,0
1,2540470.832,712452.2021,R1_F1_m1f1_P1_Y0_UO194,R1_F1_m-1f-1_P1_Y-1_U39,R1_F1_m-1f-1_P1_Y-1_U98,FXX,4,111.63842463011032,1,0,1.963,0,0,0,-9999.0,0.25,1,P0_CV0,1,0,2,1,1
1,2540470.832,712452.2021,R1_F1_m1f1_P1_Y0_UO747,R1_F1_m-1f-1_P1_Y-1_U134,R1_F1_m-1f-1_P1_Y-1_U65,FXX,4,111.63842463011032,1,0,1.878,0,0,0,-9999.0,0.5,1,P0_CV0,1,1,1,0,2
1,2540470.832,712452.2021,R1_F1_m1f1_P1_Y0_UO617,R1_F1_m-1f-1_P1_Y-1_U109,R1_F1_m-1f-1_P1_Y-1_U98,MXY,4,111.63842463011032,1,0,0.0,0,0,0,-9999.0,0.5,1,P0_CV0,1,1,1,0,2
1,2540470.832,712452.2021,R1_F1_m1f1_P1_Y0_UO115,R1_F1_m-1f-1_P1_Y-1_U84,R1_F1_m-1f-1_P1_Y-1_U31,FXX,4,111.63842463011032,1,0,2.957,0,0,0,-9999.0,0.0,1,P0_CV0,1,2,0,1,1
1,2540470.832,712452.2021,R1_F1_m1f1_P1_Y0_UO547,R1_F1_m-1f-1_P1_Y-1_U47,R1_F1_m-1f-1_P1_Y-1_U51,MXY,4,111.63133102386585,1,0,0.0,0,0,0,-9999.0,0.25,1,P0_CV0,1,1,1,1,1
1,2540470.832,712452.2021,R1_F1_m1f1_P1_Y0_UO734,R1_F1_m-1f-1_P1_Y-1_U73,R1_F1_m-1f-1_P1_Y-1_U136,MXY,4,111.63842463011032,1,0,0.0,0,0,0,-9999.0,0.75,1,P0_CV0,1,1,1,1,1
1,2540470.832,712452.2021,R1_F1_m-1f-1_P1_Y-1_U7,-9999,-9999,FXX,5,121.65281665779915,1,0,1.0,0,0,0,-9999.0,0.0,1,P0_CV0,1,0,2,1,1
1,2540470.832,712452.2021,R1_F1_m-1f-1_P1_Y-1_U69,-9999,-9999,FXX,5,121.65542158580267,1,0,1.0,0,0,0,-9999.0,0.5,1,P0_CV0,1,1,1,2,0
1,2540470.832,712452.2021,R1_F1_m-1f-1_P1_Y-1_U83,-9999,-9999,FXX,5,121.65542158580267,1,0,0.0,0,0,0,-9999.0,0.0,1,P0_CV0,1,0,2,0,2
1,2540470.832,712452.2021,R1_F1_m1f1_P1_Y3_UO201,R1_F1_m-1f-1_P1_Y-1_U53,RD1_F2_m-1f-1_P2_Y-1_U5,FXX,1,53.66092273482479,1,1,1.0,0,0,0,-9999.0,0.0,1,P1_CV0,1,0,2,1,1
1,2540470.832,712452.2021,Age0_F1_m1f1_P1_Y4_UO185,R1_F1_m-1f-1_P6_Y-1_U49,R1_F1_m1f1_P1_Y2_UO609,MXY,0,31.028997987985097,0,0,0.0,0,0,0,0.0,0.375,1,P5_CV0,1,1,1,0,2
1,2540470.832,712452.2021,Age0_F1_m1f1_P1_Y4_UO187,R1_F1_m-1f-1_P6_Y-1_U49,R1_F1_m1f1_P1_Y2_UO609,MXY,0,31.028997987985097,0,0,0.0,0,0,0,0.0,0.375,1,P5_CV0,1,1,1,0,2
1,2540470.832,712452.2021,Age0_F1_m1f1_P1_Y4_UO189,R1_F1_m-1f-1_P6_Y-1_U49,R1_F1_m1f1_P1_Y2_UO609,FXX,0,31.028997987985097,0,0,0.0,0,0,0,0.0,0.375,1,P5_CV0,1,0,2,1,1
1,2540470.832,712452.2021,R1_F1_m6f6_P6_Y3_UO603,R6_F6_m3f3_P3_Y0_UO598,R6_F6_m6f6_P6_Y1_UO377,MXY,1,53.658275273778024,1,1,0.0,0,0,0,-9999.0,0.625,1,P5_CV0,1,2,0,1,1
2,2536859.926,708059.4624,Age0_F2_m2f2_P2_Y4_UO98,R2_F2_m2f2_P2_Y2_UO197,R2_F2_m2f2_P2_Y1_UO169,MXY,0,31.05369039651229,0,0,0.0,0,0,0,0.0,0.25,1,P1_CV0,1,1,1,1,1
2,2536859.926,708059.4624,Age0_F2_m2f2_P2_Y4_UO99,R2_F2_m2f2_P2_Y2_UO197,R2_F2_m2f2_P2_Y1_UO169,FXX,0,31.05369039651229,0,0,0.0,0,0,0,0.0,0.25,1,P1_CV0,1,1,1,1,1
2,2536859.926,708059.4624,Age0_F2_m2f2_P2_Y4_UO100,R2_F2_m2f2_P2_Y2_UO197,R2_F2_m2f2_P2_Y1_UO169,FXX,0,31.05369039651229,0,0,0.0,0,0,0,0.0,0.25,1,P1_CV0,1,0,2,1,1
2,2536859.926,708059.4624,Age0_F2_m2f2_P2_Y4_UO101,R2_F2_m2f2_P2_Y2_UO197,R2_F2_m2f2_P2_Y1_UO169,MXY,0,31.05369039651229,0,0,0.0,0,0,0,0.0,0.25,1,P1_CV0,1,0,2,1,1
2,2536859.926,708059.4624,Age0_F2_m2f2_P2_Y4_UO123,R2_F2_m-1f-1_P2_Y-1_U22,R2_F2_m2f2_P2_Y2_UO585,FXX,0,31.05369039651229,0,0,0.0,0,0,0,0.0,0.5625,1,P1_CV0,1,2,0,2,0
2,2536859.926,708059.4624,Age0_F2_m2f2_P2_Y4_UO124,R2_F2_m-1f-1_P2_Y-1_U22,R2_F2_m2f2_P2_Y2_UO585,MXY,0,31.05369039651229,0,0,0.0,0,0,0,0.0,0.5625,1,P1_CV0,1,2,0,2,0
2,2536859.926,708059.4624,Age0_F2_m2f2_P2_Y4_UO125,R2_F2_m-1f-1_P2_Y-1_U22,R2_F2_m2f2_P2_Y2_UO585,FXX,0,31.05369039651229,0,0,0.0,0,0,0,0.0,0.5625,1,P1_CV0,1,2,0,2,0
2,2536859.926,708059.4624,Age0_F2_m2f2_P2_Y4_UO126,R2_F2_m-1f-1_P2_Y-1_U22,R2_F2_m2f2_P2_Y2_UO585,MXY,0,31.05369039651229,0,0,0.0,0,0,0,0.0,0.5625,1,P1_CV0,1,1,1,2,0
2,2536859.926,708059.4624,Age0_F2_m2f2_P2_Y4_UO127,R2_F2_m-1f-1_P2_Y-1_U22,R2_F2_m2f2_P2_Y2_UO585,MXY,0,31.05369039651229,0,0,0.0,0,0,0,0.0,0.5625,1,P1_CV0,1,1,1,2,0
2,2536859.926,708059.4624,Age0_F2_m2f2_P2_Y4_UO128,R2_F2_m-1f-1_P2_Y-1_U22,R2_F2_m2f2_P2_Y2_UO585,FXX,0,31.05369039651229,0,0,0.0,0,0,0,0.0,0.5625,1,P1_CV0,1,2,0,2,0
2,2536859.926,708059.4624,Age0_F2_m2f2_P2_Y4_UO129,R2_F2_m-1f-1_P2_Y-1_U22,R2_F2_m2f2_P2_Y2_UO585,FXX,0,31.05369039651229,0,0,0.0,0,0,0,0.0,0.5625,1,P1_CV0,1,2,0,2,0
2,2536859.926,708059.4624,Age0_F2_m2f2_P2_Y4_UO130,R2_F2_m-1f-1_P2_Y-1_U22,R2_F2_m2f2_P2_Y2_UO585,MXY,0,31.05369039651229,0,0,0.0,0,0,0,0.0,0.5625,1,P1_CV0,1,2,0,2,0
2,2536859.926,708059.4624,Age0_F2_m2f2_P2_Y4_UO131,R2_F2_m-1f-1_P2_Y-1_U22,R2_F2_m2f2_P2_Y2_UO585,MXY,0,31.05369039651229,0,0,0.0,0,0,0,0.0,0.5625,1,P1_CV0,1,1,1,2,0
2,2536859.926,708059.4624,Age0_F2_m2f2_P2_Y4_UO136,R2_F2_m2f2_P2_Y0_UO382,R2_F2_m2f2_P2_Y2_UO390,MXY,0,31.05369039651229,0,0,0.0,0,0,0,0.0,0.5625,1,P1_CV0,1,2,0,0,2
2,2536859.926,708059.4624,Age0_F2_m2f2_P2_Y4_UO137,R2_F2_m2f2_P2_Y0_UO382,R2_F2_m2f2_P2_Y2_UO390,FXX,0,31.05369039651229,0,0,0.0,0,0,0,0.0,0.5625,1,P1_CV0,1,2,0,2,0
2,2536859.926,708059.4624,Age0_F2_m2f2_P2_Y4_UO138,R2_F2_m2f2_P2_Y0_UO382,R2_F2_m2f2_P2_Y2_UO390,MXY,0,31.05369039651229,0,0,0.0,0,0,0,0.0,0.5625,1,P1_CV0,1,2,0,0,2
2,2536859.926,708059.4624,Age0_F2_m2f2_P2_Y4_UO142,R2_F2_m2f2_P2_Y1_UO347,R2_F2_m2f2_P2_Y2_UO110,FXX,0,31.05369039651229,0,0,0.0,0,0,0,0.0,0.5,1,P1_CV0,1,1,1,2,0
2,2536859.926,708059.4624,Age0_F2_m2f2_P2_Y4_UO143,R2_F2_m2f2_P2_Y1_UO347,R2_F2_m2f2_P2_Y2_UO110,FXX,0,31.05369039651229,0,0,0.0,0,0,0,0.0,0.5,1,P1_CV0,1,0,2,2,0
2,2536859.926,708059.4624,Age0_F2_m2f2_P2_Y4_UO170,R2_F2_m2f2_P2_Y2_UO314,R2_F2_m2f2_P2_Y2_UO308,MXY,0,31.05369039651229,0,0,0.0,0,0,0,0.0,0.25,1,P1_CV0,1,1,1,2,0
2,2536859.926,708059.4624,Age0_F2_m2f2_P2_Y4_UO171,R2_F2_m2f2_P2_Y2_UO314,R2_F2_m2f2_P2_Y2_UO308,FXX,0,31.05369039651229,0,0,0.0,0,0,0,0.0,0.25,1,P1_CV0,1,0,2,1,1
2,2536859.926,708059.4624,Age0_F2_m2f2_P2_Y4_UO172,R2_F2_m2f2_P2_Y2_UO314,R2_F2_m2f2_P2_Y2_UO308,MXY,0,31.05369039651229,0,0,0.0,0,0,0,0.0,0.25,1,P1_CV0,1,0,2,0,2
2,2536859.926,708059.4624,Age0_F2_m2f2_P2_Y4_UO190,R2_F2_m2f2_P2_Y1_UO115,R2_F2_m2f2_P2_Y2_UO731,MXY,0,31.05369039651229,0,0,0.0,0,0,0,0.0,0.25,1,P1_CV0,1,0,2,1,1
2,2536859.926,708059.4624,Age0_F2_m2f2_P2_Y4_UO191,R2_F2_m2f2_P2_Y1_UO115,R2_F2_m2f2_P2_Y2_UO731,MXY,0,31.05369039651229,0,0,0.0,0,0,0,0.0,0.25,1,P1_CV0,1,1,1,1,1
2,2536859.926,708059.4624,Age0_F2_m2f2_P2_Y4_UO192,R2_F2_m2f2_P2_Y1_UO115,R2_F2_m2f2_P2_Y2_UO731,MXY,0,31.05369039651229,0,0,0.0,0,0,0,0.0,0.25,1,P1_CV0,1,1,1,1,1
2,2536859.926,708059.4624,Age0_F2_m2f2_P2_Y4_UO193,R2_F2_m2f2_P2_Y1_UO115,R2_F2_m2f2_P2_Y2_UO731,FXX,0,31.05369039651229,0,0,0.0,0,0,0,0.0,0.25,1,P1_CV0,1,0,2,1,1
2,2536859.926,708059.4624,Age0_F2_m2f2_P2_Y4_UO279,R2_F2_m2f2_P2_Y2_UO314,R2_F2_m2f2_P2_Y2_UO704,FXX,0,31.05369039651229,0,0,0.0,0,0,0,0.0,0.375,1,P1_CV0,1,0,2,2,0
2,2536859.926,708059.4624,Age0_F2_m2f2_P2_Y4_UO280,R2_F2_m2f2_P2_Y2_UO314,R2_F2_m2f2_P2_Y2_UO704,MXY,0,31.05369039651229,0,0,0.0,0,0,0,0.0,0.375,1,P1_CV0,1,0,2,0,2
2,2536859.926,708059.4624,Age0_F2_m2f2_P2_Y4_UO281,R2_F2_m2f2_P2_Y2_UO314,R2_F2_m2f2_P2_Y2_UO704,FXX,0,31.05369039651229,0,0,0.0,0,0,0,0.0,0.375,1,P1_CV0,1,0,2,1,1
2,2536859.926,708059.4624,Age0_F2_m2f2_P2_Y4_UO282,R2_F2_m2f2_P2_Y2_UO314,R2_F2_m2f2_P2_Y2_UO704,MXY,0,31.05369039651229,0,0,0.0,0,0,0,0.0,0.375,1,P1_CV0,1,0,2,1,1
2,2536859.926,708059.4624,Age0_F2_m2f2_P2_Y4_UO293,R2_F2_m2f2_P2_Y0_UO379,R2_F2_m2f2_P2_Y2_UO310,FXX,0,31.05369039651229,0,0,0.0,0,0,0,0.0,0.375,1,P1_CV0,1,2,0,2,0
2,2536859.926,708059.4624,Age0_F2_m2f2_P2_Y4_UO294,R2_F2_m2f2_P2_Y0_UO379,R2_F2_m2f2_P2_Y2_UO310,MXY,0,31.05369039651229,0,0,0.0,0,0,0,0.0,0.375,1,P1_CV0,1,1,1,2,0
2,2536859.926,708059.4624,Age0_F2_m2f2_P2_Y4_UO295,R2_F2_m2f2_P2_Y0_UO379,R2_F2_m2f2_P2_Y2_UO310,FXX,0,31.05369039651229,0,0,0.0,0,0,0,0.0,0.375,1,P1_CV0,1,1,1,2,0
2,2536859.926,708059.4624,Age0_F2_m2f2_P2_Y4_UO296,R2_F2_m2f2_P2_Y0_UO379,R2_F2_m2f2_P2_Y2_UO310,MXY,0,31.05369039651229,0,0,0.0,0,0,0,0.0,0.375,1,P1_CV0,1,1,1,2,0
2,2536859.926,708059.4624,Age0_F2_m2f2_P2_Y4_UO297,R2_F2_m2f2_P2_Y0_UO379,R2_F2_m2f2_P2_Y2_UO310,FXX,0,31.05369039651229,0,0,0.0,0,0,0,0.0,0.375,1,P1_CV0,1,1,1,2,0
2,2536859.926,708059.4624,Age0_F2_m2f2_P2_Y4_UO298,R2_F2_m2f2_P2_Y0_UO379,R2_F2_m2f2_P2_Y2_UO310,MXY,0,31.05369039651229,0,0,0.0,0,0,0,0.0,0.375,1,P1_CV0,1,1,1,2,0
2,2536859.926,708059.4624,Age0_F2_m2f2_P2_Y4_UO299,R2_F2_m2f2_P2_Y0_UO379,R2_F2_m2f2_P2_Y2_UO310,FXX,0,31.05369039651229,0,0,0.0,0,0,0,0.0,0.375,1,P1_CV0,1,2,0,2,0
2,2536859.926,708059.4624,Age0_F2_m2f2_P2_Y4_UO329,R2_F2_m2f2_P2_Y1_UO35,R2_F2_m2f2_P2_Y2_UO409,FXX,0,31.05369039651229,0,0,0.0,0,0,0,0.0,0.6875,1,P1_CV0,1,2,0,1,1
2,2536859.926,708059.4624,Age0_F2_m2f2_P2_Y4_UO330,R2_F2_m2f2_P2_Y1_UO35,R2_F2_m2f2_P2_Y2_UO409,FXX,0,31.05369039651229,0,0,0.0,0,0,0,0.0,0.6875,1,P1_CV0,1,2,0,1,1
2,2536859.926,708059.4624,Age0_F2_m2f2_P2_Y4_UO331,R2_F2_m2f2_P2_Y1_UO35,R2_F2_m2f2_P2_Y2_UO409,MXY,0,31.05369039651229,0,0,0.0,0,0,0,0.0,0.6875,1,P1_CV0,1,1,1,1,1
2,2536859.926,708059.4624,Age0_F2_m2f2_P2_Y4_UO332,R2_F2_m2f2_P2_Y1_UO35,R2_F2_m2f2_P2_Y2_UO409,FXX,0,31.05369039651229,0,0,0.0,0,0,0,0.0,0.6875,1,P1_CV0,1,0,2,1,1
2,2536859.926,708059.4624,Age0_F2_m2f2_P2_Y4_UO342,R2_F2_m2f2_P2_Y1_UO38,R2_F2_m2f2_P2_Y2_UO789,MXY,0,31.05369039651229,0,0,0.0,0,0,0,0.0,0.375,1,P1_CV0,1,2,0,1,1
2,2536859.926,708059.4624,Age0_F2_m2f2_P2_Y4_UO343,R2_F2_m2f2_P2_Y1_UO38,R2_F2_m2f2_P2_Y2_UO789,MXY,0,31.05369039651229,0,0,0.0,0,0,0,0.0,0.375,1,P1_CV0,1,2,0,1,1
2,2536859.926,708059.4624,Age0_F2_m2f2_P2_Y4_UO359,R2_F2_m2f2_P2_Y2_UO661,R2_F2_m2f2_P2_Y0_UO793,FXX,0,31.05369039651229,0,0,0.0,0,0,0,0.0,0.5,1,P1_CV0,1,1,1,2,0
2,2536859.926,708059.4624,Age0_F2_m2f2_P2_Y4_UO360,R2_F2_m2f2_P2_Y2_UO661,R2_F2_m2f2_P2_Y0_UO793,FXX,0,31.05369039651229,0,0,0.0,0,0,0,0.0,0.5,1,P1_CV0,1,1,1,2,0
2,2536859.926,708059.4624,Age0_F2_m2f2_P2_Y4_UO361,R2_F2_m2f2_P2_Y2_UO661,R2_F2_m2f2_P2_Y0_UO793,MXY,0,31.05369039651229,0,0,0.0,0,0,0,0.0,0.5,1,P1_CV0,1,1,1,2,0
2,2536859.926,708059.4624,Age0_F2_m2f2_P2_Y4_UO371,R2_F2_m2f2_P2_Y2_UO795,R2_F2_m2f2_P2_Y2_UO704,MXY,0,31.05369039651229,0,0,0.0,0,0,0,0.0,0.625,1,P1_CV0,1,1,1,1,1
2,2536859.926,708059.4624,Age0_F2_m2f2_P2_Y4_UO372,R2_F2_m2f2_P2_Y2_UO795,R2_F2_m2f2_P2_Y2_UO704,MXY,0,31.05369039651229,0,0,0.0,0,0,0,0.0,0.625,1,P1_CV0,1,0,2,1,1
2,2536859.926,708059.4624,Age0_F2_m2f2_P2_Y4_UO373,R2_F2_m2f2_P2_Y2_UO795,R2_F2_m2f2_P2_Y2_UO704,MXY,0,31.05369039651229,0,0,0.0,0,0,0,0.0,0.625,1,P1_CV0,1,1,1,0,2
2,2536859.926,708059.4624,Age0_F2_m2f2_P2_Y4_UO374,R2_F2_m2f2_P2_Y2_UO795,R2_F2_m2f2_P2_Y2_UO704,MXY,0,31.05369039651229,0,0,0.0,0,0,0,0.0,0.625,1,P1_CV0,1,1,1,0,2
2,2536859.926,708059.4624,Age0_F2_m2f2_P2_Y4_UO375,R2_F2_m2f2_P2_Y2_UO795,R2_F2_m2f2_P2_Y2_UO704,FXX,0,31.05369039651229,0,0,0.0,0,0,0,0.0,0.625,1,P1_CV0,1,0,2,1,1
2,2536859.926,708059.4624,Age0_F2_m2f2_P2_Y4_UO411,R2_F2_m2f2_P2_Y2_UO197,R2_F2_m2f2_P2_Y2_UO199,MXY,0,31.05369039651229,0,0,0.0,0,0,0,0.0,0.5,1,P1_CV0,1,0,2,1,1
2,2536859.926,708059.4624,Age0_F2_m2f2_P2_Y4_UO412,R2_F2_m2f2_P2_Y2_UO197,R2_F2_m2f2_P2_Y2_UO199,MXY,0,31.05369039651229,0,0,0.0,0,0,0,0.0,0.5,1,P1_CV0,1,1,1,2,0
2,2536859.926,708059.4624,Age0_F2_m2f2_P2_Y4_UO413,R2_F2_m2f2_P2_Y2_UO197,R2_F2_m2f2_P2_Y2_UO199,FXX,0,31.05369039651229,0,0,0.0,0,0,0,0.0,0.5,1,P1_CV0,1,0,2,1,1
2,2536859.926,708059.4624,Age0_F2_m2f2_P2_Y4_UO414,R2_F2_m2f2_P2_Y2_UO197,R2_F2_m2f2_P2_Y2_UO199,FXX,0,31.05369039651229,0,0,0.0,0,0,0,0.0,0.5,1,P1_CV0,1,1,1,1,1
2,2536859.926,708059.4624,Age0_F2_m2f2_P2_Y4_UO482,R2_F2_m2f2_P2_Y1_UO347,R2_F2_m2f2_P2_Y2_UO734,MXY,0,31.05369039651229,0,0,0.0,0,0,0,0.0,0.5,1,P1_CV0,1,1,1,2,0
2,2536859.926,708059.4624,Age0_F2_m2f2_P2_Y4_UO483,R2_F2_m2f2_P2_Y1_UO347,R2_F2_m2f2_P2_Y2_UO734,MXY,0,31.05369039651229,0,0,0.0,0,0,0,0.0,0.5,1,P1_CV0,1,1,1,2,0
2,2536859.926,708059.4624,Age0_F2_m2f2_P2_Y4_UO484,R2_F2_m2f2_P2_Y1_UO347,R2_F2_m2f2_P2_Y2_UO734,MXY,0,31.05369039651229,0,0,0.0,0,0,0,0.0,0.5,1,P1_CV0,1,0,2,1,1
2,2536859.926,708059.4624,Age0_F2_m2f2_P2_Y4_UO485,R2_F2_m2f2_P2_Y1_UO347,R2_F2_m2f2_P2_Y2_UO734,MXY,0,31.05369039651229,0,0,0.0,0,0,0,0.0,0.5,1,P1_CV0,1,0,2,2,0
2,2536859.926,708059.4624,Age0_F2_m2f2_P2_Y4_UO486,R2_F2_m2f2_P2_Y1_UO347,R2_F2_m2f2_P2_Y2_UO734,FXX,0,31.05369039651229,0,0,0.0,0,0,0,0.0,0.5,1,P1_CV0,1,1,1,2,0
2,2536859.926,708059.4624,Age0_F2_m2f2_P2_Y4_UO493,R2_F2_m2f2_P2_Y1_UO115,R2_F2_m2f2_P2_Y2_UO789,FXX,0,31.05369039651229,0,0,0.0,0,0,0,0.0,0.375,1,P1_CV0,1,0,2,2,0
2,2536859.926,708059.4624,Age0_F2_m2f2_P2_Y4_UO494,R2_F2_m2f2_P2_Y1_UO115,R2_F2_m2f2_P2_Y2_UO789,MXY,0,31.05369039651229,0,0,0.0,0,0,0,0.0,0.375,1,P1_CV0,1,0,2,1,1
2,2536859.926,708059.4624,Age0_F2_m2f2_P2_Y4_UO495,R2_F2_m2f2_P2_Y1_UO115,R2_F2_m2f2_P2_Y2_UO789,MXY,0,31.05369039651229,0,0,0.0,0,0,0,0.0,0.375,1,P1_CV0,1,1,1,2,0
2,2536859.926,708059.4624,Age0_F2_m2f2_P2_Y4_UO496,R2_F2_m2f2_P2_Y1_UO115,R2_F2_m2f2_P2_Y2_UO789,FXX,0,31.05369039651229,0,0,0.0,0,0,0,0.0,0.375,1,P1_CV0,1,0,2,2,0
2,2536859.926,708059.4624,Age0_F2_m2f2_P2_Y4_UO497,R2_F2_m2f2_P2_Y1_UO115,R2_F2_m2f2_P2_Y2_UO789,MXY,0,31.05369039651229,0,0,0.0,0,0,0,0.0,0.375,1,P1_CV0,1,2,0,2,0
2,2536859.926,708059.4624,Age0_F2_m2f2_P2_Y4_UO498,R2_F2_m2f2_P2_Y1_UO115,R2_F2_m2f2_P2_Y2_UO789,MXY,0,31.05369039651229,0,0,0.0,0,0,0,0.0,0.375,1,P1_CV0,1,0,2,2,0
2,2536859.926,708059.4624,Age0_F2_m2f2_P2_Y4_UO499,R2_F2_m2f2_P2_Y1_UO115,R2_F2_m2f2_P2_Y2_UO789,FXX,0,31.05369039651229,0,0,0.0,0,0,0,0.0,0.375,1,P1_CV0,1,1,1,2,0
2,2536859.926,708059.4624,Age0_F2_m2f2_P2_Y4_UO573,R2_F2_m-1f-1_P2_Y-1_U22,R2_F2_m2f2_P2_Y2_UO791,FXX,0,31.05369039651229,0,0,0.0,0,0,0,0.0,0.625,1,P1_CV0,1,2,0,1,1
2,2536859.926,708059.4624,Age0_F2_m2f2_P2_Y4_UO574,R2_F2_m-1f-1_P2_Y-1_U22,R2_F2_m2f2_P2_Y2_UO791,FXX,0,31.05369039651229,0,0,0.0,0,0,0,0.0,0.625,1,P1_CV0,1,0,2,2,0
2,2536859.926,708059.4624,Age0_F2_m2f2_P2_Y4_UO575,R2_F2_m-1f-1_P2_Y-1_U22,R2_F2_m2f2_P2_Y2_UO791,FXX,0,31.05369039651229,0,0,0.0,0,0,0,0.0,0.625,1,P1_CV0,1,1,1,2,0
2,2536859.926,708059.4624,Age0_F2_m2f2_P2_Y4_UO576,R2_F2_m-1f-1_P2_Y-1_U22,R2_F2_m2f2_P2_Y2_UO791,FXX,0,31.05369039651229,0,0,0.0,0,0,0,0.0,0.625,1,P1_CV0,1,2,0,2,0
2,2536859.926,708059.4624,Age0_F2_m2f2_P2_Y4_UO577,R2_F2_m-1f-1_P2_Y-1_U22,R2_F2_m2f2_P2_Y2_UO791,MXY,0,31.05369039651229,0,0,0.0,0,0,0,0.0,0.625,1,P1_CV0,1,0,2,1,1
2,2536859.926,708059.4624,Age0_F2_m2f2_P2_Y4_UO578,R2_F2_m-1f-1_P2_Y-1_U22,R2_F2_m2f2_P2_Y2_UO791,MXY,0,31.05369039651229,0,0,0.0,0,0,0,0.0,0.625,1,P1_CV0,1,1,1,1,1
2,2536859.926,708059.4624,Age0_F2_m2f2_P2_Y4_UO579,R2_F2_m-1f-1_P2_Y-1_U22,R2_F2_m2f2_P2_Y2_UO791,MXY,0,31.05369039651229,0,0,0.0,0,0,0,0.0,0.625,1,P1_CV0,1,1,1,1,1
2,2536859.926,708059.4624,Age0_F2_m2f2_P2_Y4_UO580,R2_F2_m-1f-1_P2_Y-1_U22,R2_F2_m2f2_P2_Y2_UO791,MXY,0,31.05369039651229,0,0,0.0,0,0,0,0.0,0.625,1,P1_CV0,1,1,1,1,1
2,2536859.926,708059.4624,Age0_F2_m2f2_P2_Y4_UO581,R2_F2_m-1f-1_P2_Y-1_U22,R2_F2_m2f2_P2_Y2_UO791,MXY,0,31.05369039651229,0,0,0.0,0,0,0,0.0,0.625,1,P1_CV0,1,1,1,1,1
2,2536859.926,708059.4624,Age0_F2_m2f2_P2_Y4_UO582,R2_F2_m-1f-1_P2_Y-1_U22,R2_F2_m2f2_P2_Y2_UO791,MXY,0,31.05369039651229,0,0,0.0,0,0,0,0.0,0.625,1,P1_CV0,1,2,0,2,0
2,2536859.926,708059.4624,Age0_F2_m2f2_P2_Y4_UO583,R2_F2_m-1f-1_P2_Y-1_U22,R2_F2_m2f2_P2_Y2_UO791,FXX,0,31.05369039651229,0,0,0.0,0,0,0,0.0,0.625,1,P1_CV0,1,1,1,2,0
2,2536859.926,708059.4624,Age0_F2_m2f2_P2_Y4_UO584,R2_F2_m-1f-1_P2_Y-1_U22,R2_F2_m2f2_P2_Y2_UO791,FXX,0,31.05369039651229,0,0,0.0,0,0,0,0.0,0.625,1,P1_CV0,1,0,2,2,0
2,2536859.926,708059.4624,Age0_F2_m2f2_P2_Y4_UO585,R2_F2_m-1f-1_P2_Y-1_U22,R2_F2_m2f2_P2_Y2_UO791,FXX,0,31.05369039651229,0,0,0.0,0,0,0,0.0,0.625,1,P1_CV0,1,1,1,2,0
2,2536859.926,708059.4624,Age0_F2_m2f2_P2_Y4_UO599,R2_F2_m2f2_P2_Y0_UO84,R2_F2_m2f2_P2_Y1_UO53,FXX,0,31.05369039651229,0,0,0.0,0,0,0,0.0,0.875,1,P1_CV0,1,1,1,0,2
2,2536859.926,708059.4624,Age0_F2_m2f2_P2_Y4_UO600,R2_F2_m2f2_P2_Y0_UO84,R2_F2_m2f2_P2_Y1_UO53,MXY,0,31.05369039651229,0,0,0.0,0,0,0,0.0,0.875,1,P1_CV0,1,2,0,0,2
2,2536859.926,708059.4624,Age0_F2_m2f2_P2_Y4_UO601,R2_F2_m2f2_P2_Y0_UO84,R2_F2_m2f2_P2_Y1_UO53,FXX,0,31.05369039651229,0,0,0.0,0,0,0,0.0,0.875,1,P1_CV0,1,2,0,0,2
2,2536859.926,708059.4624,Age0_F2_m2f2_P2_Y4_UO602,R2_F2_m2f2_P2_Y0_UO84,R2_F2_m2f2_P2_Y1_UO53,FXX,0,31.05369039651229,0,0,0.0,0,0,0,0.0,0.875,1,P1_CV0,1,2,0,0,2
2,2536859.926,708059.4624,Age0_F2_m2f2_P2_Y4_UO603,R2_F2_m2f2_P2_Y0_UO84,R2_F2_m2f2_P2_Y1_UO53,MXY,0,31.05369039651229,0,0,0.0,0,0,0,0.0,0.875,1,P1_CV0,1,1,1,0,2
2,2536859.926,708059.4624,Age0_F2_m2f2_P2_Y4_UO604,R2_F2_m2f2_P2_Y0_UO84,R2_F2_m2f2_P2_Y1_UO53,MXY,0,31.05369039651229,0,0,0.0,0,0,0,0.0,0.875,1,P1_CV0,1,1,1,0,2
2,2536859.926,708059.4624,Age0_F2_m2f2_P2_Y4_UO605,R2_F2_m2f2_P2_Y0_UO84,R2_F2_m2f2_P2_Y1_UO53,MXY,0,31.05369039651229,0,0,0.0,0,0,0,0.0,0.875,1,P1_CV0,1,2,0,0,2
2,2536859.926,708059.4624,Age0_F2_m2f2_P2_Y4_UO606,R2_F2_m2f2_P2_Y0_UO84,R2_F2_m2f2_P2_Y1_UO53,MXY,0,31.05369039651229,0,0,0.0,0,0,0,0.0,0.875,1,P1_CV0,1,2,0,0,2
2,2536859.926,708059.4624,Age0_F2_m2f2_P2_Y4_UO607,R2_F2_m2f2_P2_Y0_UO84,R2_F2_m2f2_P2_Y1_UO53,FXX,0,31.05369039651229,0,0,0.0,0,0,0,0.0,0.875,1,P1_CV0,1,2,0,0,2
2,2536859.926,708059.4624,Age0_F2_m2f2_P2_Y4_UO608,R2_F2_m2f2_P2_Y0_UO84,R2_F2_m2f2_P2_Y1_UO53,FXX,0,31.05369039651229,0,0,0.0,0,0,0,0.0,0.875,1,P1_CV0,1,1,1,0,2
2,2536859.926,708059.4624,Age0_F2_m2f2_P2_Y4_UO622,R2_F2_m-1f-1_P2_Y-1_U119,R2_F2_m2f2_P2_Y2_UO791,FXX,0,31.05369039651229,0,0,0.0,0,0,0,0.0,0.625,1,P1_CV0,1,2,0,1,1
2,2536859.926,708059.4624,Age0_F2_m2f2_P2_Y4_UO623,R2_F2_m-1f-1_P2_Y-1_U119,R2_F2_m2f2_P2_Y2_UO791,MXY,0,31.05369039651229,0,0,0.0,0,0,0,0.0,0.625,1,P1_CV0,1,1,1,1,1
2,2536859.926,708059.4624,Age0_F2_m2f2_P2_Y4_UO624,R2_F2_m-1f-1_P2_Y-1_U119,R2_F2_m2f2_P2_Y2_UO791,FXX,0,31.05369039651229,0,0,0.0,0,0,0,0.0,0.625,1,P1_CV0,1,1,1,1,1
2,2536859.926,708059.4624,Age0_F2_m2f2_P2_Y4_UO625,R2_F2_m-1f-1_P2_Y-1_U119,R2_F2_m2f2_P2_Y2_UO791,FXX,0,31.05369039651229,0,0,0.0,0,0,0,0.0,0.625,1,P1_CV0,1,2,0,0,2
2,2536859.926,708059.4624,Age0_F2_m2f2_P2_Y4_UO626,R2_F2_m-1f-1_P2_Y-1_U119,R2_F2_m2f2_P2_Y2_UO791,FXX,0,31.05369039651229,0,0,0.0,0,0,0,0.0,0.625,1,P1_CV0,1,0,2,1,1
2,2536859.926,708059.4624,Age0_F2_m2f2_P2_Y4_UO627,R2_F2_m-1f-1_P2_Y-1_U119,R2_F2_m2f2_P2_Y2_UO791,FXX,0,31.05369039651229,0,0,0.0,0,0,0,0.0,0.625,1,P1_CV0,1,2,0,1,1
2,2536859.926,708059.4624,Age0_F2_m2f2_P2_Y4_UO628,R2_F2_m-1f-1_P2_Y-1_U119,R2_F2_m2f2_P2_Y2_UO791,FXX,0,31.05369039651229,0,0,0.0,0,0,0,0.0,0.625,1,P1_CV0,1,1,1,2,0
2,2536859.926,708059.4624,Age0_F2_m2f2_P2_Y4_UO629,R2_F2_m-1f-1_P2_Y-1_U119,R2_F2_m2f2_P2_Y2_UO791,FXX,0,31.05369039651229,0,0,0.0,0,0,0,0.0,0.625,1,P1_CV0,1,2,0,1,1
2,2536859.926,708059.4624,Age0_F2_m2f2_P2_Y4_UO630,R2_F2_m-1f-1_P2_Y-1_U119,R2_F2_m2f2_P2_Y2_UO791,FXX,0,31.05369039651229,0,0,0.0,0,0,0,0.0,0.625,1,P1_CV0,1,1,1,1,1
2,2536859.926,708059.4624,Age0_F2_m2f2_P2_Y4_UO631,R2_F2_m-1f-1_P2_Y-1_U119,R2_F2_m2f2_P2_Y2_UO791,FXX,0,31.05369039651229,0,0,0.0,0,0,0,0.0,0.625,1,P1_CV0,1,1,1,2,0
2,2536859.926,708059.4624,Age0_F2_m2f2_P2_Y4_UO632,R2_F2_m2f2_P2_Y2_UO229,R2_F2_m2f2_P2_Y2_UO308,MXY,0,31.05369039651229,0,0,0.0,0,0,0,0.0,0.375,1,P1_CV0,1,2,0,1,1
2,2536859.926,708059.4624,Age0_F2_m2f2_P2_Y4_UO633,R2_F2_m2f2_P2_Y2_UO229,R2_F2_m2f2_P2_Y2_UO308,MXY,0,31.05369039651229,0,0,0.0,0,0,0,0.0,0.375,1,P1_CV0,1,2,0,0,2
2,2536859.926,708059.4624,Age0_F2_m2f2_P2_Y4_UO634,R2_F2_m2f2_P2_Y2_UO229,R2_F2_m2f2_P2_Y2_UO308,MXY,0,31.05369039651229,0,0,0.0,0,0,0,0.0,0.375,1,P1_CV0,1,1,1,0,2
2,2536859.926,708059.4624,Age0_F2_m2f2_P2_Y4_UO635,R2_F2_m2f2_P2_Y2_UO229,R2_F2_m2f2_P2_Y2_UO308,FXX,0,31.05369039651229,0,0,0.0,0,0,0,0.0,0.375,1,P1_CV0,1,1,1,1,1
2,2536859.926,708059.4624,Age0_F2_m2f2_P2_Y4_UO636,R2_F2_m2f2_P2_Y2_UO229,R2_F2_m2f2_P2_Y2_UO308,FXX,0,31.05369039651229,0,0,0.0,0,0,0,0.0,0.375,1,P1_CV0,1,2,0,1,1
2,2536859.926,708059.4624,Age0_F2_m2f2_P2_Y4_UO671,R2_F2_m2f2_P2_Y1_UO35,R2_F2_m2f2_P2_Y2_UO740,MXY,0,31.05369039651229,0,0,0.0,0,0,0,0.0,0.625,1,P1_CV0,1,1,1,1,1
2,2536859.926,708059.4624,Age0_F2_m2f2_P2_Y4_UO672,R2_F2_m2f2_P2_Y1_UO35,R2_F2_m2f2_P2_Y2_UO740,FXX,0,31.05369039651229,0,0,0.0,0,0,0,0.0,0.625,1,P1_CV0,1,1,1,1,1
2,2536859.926,708059.4624,Age0_F2_m2f2_P2_Y4_UO673,R2_F2_m2f2_P2_Y1_UO35,R2_F2_m2f2_P2_Y2_UO740,FXX,0,31.05369039651229,0,0,0.0,0,0,0,0.0,0.625,1,P1_CV0,1,2,0,1,1
2,2536859.926,708059.4624,Age0_F2_m2f2_P2_Y4_UO674,R2_F2_m2f2_P2_Y1_UO35,R2_F2_m2f2_P2_Y2_UO740,MXY,0,31.05369039651229,0,0,0.0,0,0,0,0.0,0.625,1,P1_CV0,1,1,1,2,0
2,2536859.926,708059.4624,Age0_F2_m2f2_P2_Y4_UO687,R2_F2_m2f2_P2_Y0_UO382,R2_F2_m2f2_P2_Y2_UO789,MXY,0,31.05369039651229,0,0,0.0,0,0,0,0.0,0.625,1,P1_CV0,1,2,0,1,1
2,2536859.926,708059.4624,Age0_F2_m2f2_P2_Y4_UO688,R2_F2_m2f2_P2_Y0_UO382,R2_F2_m2f2_P2_Y2_UO789,MXY,0,31.05369039651229,0,0,0.0,0,0,0,0.0,0.625,1,P1_CV0,1,0,2,2,0
2,2536859.926,708059.4624,Age0_F2_m2f2_P2_Y4_UO689,R2_F2_m2f2_P2_Y0_UO382,R2_F2_m2f2_P2_Y2_UO789,MXY,0,31.05369039651229,0,0,0.0,0,0,0,0.0,0.625,1,P1_CV0,1,0,2,0,2
2,2536859.926,708059.4624,Age0_F2_m2f2_P2_Y4_UO690,R2_F2_m2f2_P2_Y0_UO382,R2_F2_m2f2_P2_Y2_UO789,MXY,0,31.05369039651229,0,0,0.0,0,0,0,0.0,0.625,1,P1_CV0,1,0,2,1,1
2,2536859.926,708059.4624,Age0_F2_m2f2_P2_Y4_UO691,R2_F2_m2f2_P2_Y0_UO382,R2_F2_m2f2_P2_Y2_UO789,FXX,0,31.05369039651229,0,0,0.0,0,0,0,0.0,0.625,1,P1_CV0,1,1,1,1,1
2,2536859.926,708059.4624,Age0_F2_m2f2_P2_Y4_UO692,R2_F2_m2f2_P2_Y0_UO382,R2_F2_m2f2_P2_Y2_UO789,MXY,0,31.05369039651229,0,0,0.0,0,0,0,0.0,0.625,1,P1_CV0,1,1,1,1,1
2,2536859.926,708059.4624,Age0_F2_m2f2_P2_Y4_UO723,R2_F2_m2f2_P2_Y2_UO229,R2_F2_m2f2_P2_Y1_UO240,MXY,0,31.05369039651229,0,0,0.0,0,0,0,0.0,0.75,1,P1_CV0,1,2,0,0,2
2,2536859.926,708059.4624,Age0_F2_m2f2_P2_Y4_UO724,R2_F2_m2f2_P2_Y2_UO229,R2_F2_m2f2_P2_Y1_UO240,FXX,0,31.05369039651229,0,0,0.0,0,0,0,0.0,0.75,1,P1_CV0,1,2,0,0,2
2,2536859.926,708059.4624,Age0_F2_m2f2_P2_Y4_UO732,R2_F2_m2f2_P2_Y1_UO347,R2_F2_m2f2_P2_Y2_UO313,MXY,0,31.05369039651229,0,0,0.0,0,0,0,0.0,0.375,1,P1_CV0,1,1,1,2,0
2,2536859.926,708059.4624,Age0_F2_m2f2_P2_Y4_UO733,R2_F2_m2f2_P2_Y1_UO347,R2_F2_m2f2_P2_Y2_UO313,MXY,0,31.05369039651229,0,0,0.0,0,0,0,0.0,0.375,1,P1_CV0,1,2,0,2,0
2,2536859.926,708059.4624,Age0_F2_m2f2_P2_Y4_UO734,R2_F2_m2f2_P2_Y1_UO347,R2_F2_m2f2_P2_Y2_UO313,MXY,0,31.05369039651229,0,0,0.0,0,0,0,0.0,0.375,1,P1_CV0,1,1,1,2,0
2,2536859.926,708059.4624,Age0_F2_m2f2_P2_Y4_UO787,R2_F2_m2f2_P2_Y1_UO583,R2_F2_m2f2_P2_Y2_UO821,MXY,0,31.05369039651229,0,0,0.0,0,0,0,0.0,0.5625,1,P1_CV0,1,0,2,1,1
2,2536859.926,708059.4624,Age0_F2_m2f2_P2_Y4_UO788,R2_F2_m2f2_P2_Y1_UO583,R2_F2_m2f2_P2_Y2_UO821,FXX,0,31.05369039651229,0,0,0.0,0,0,0,0.0,0.5625,1,P1_CV0,1,1,1,1,1
2,2536859.926,708059.4624,Age0_F2_m2f2_P2_Y4_UO792,R2_F2_m2f2_P2_Y2_UO768,RD2_F3_m3f3_P3_Y2_UO33,MXY,0,31.05369039651229,0,0,0.0,0,0,0,0.0,0.5,1,P1_CV0,1,1,1,1,1
2,2536859.926,708059.4624,Age0_F2_m2f2_P2_Y4_UO797,R2_F2_m2f2_P2_Y1_UO347,R2_F2_m2f2_P2_Y1_UO53,MXY,0,31.05369039651229,0,0,0.0,0,0,0,0.0,0.75,1,P1_CV0,1,0,2,1,1
2,2536859.926,708059.4624,Age0_F2_m2f2_P2_Y4_UO798,R2_F2_m2f2_P2_Y1_UO347,R2_F2_m2f2_P2_Y1_UO53,MXY,0,31.05369039651229,0,0,0.0,0,0,0,0.0,0.75,1,P1_CV0,1,1,1,1,1
2,2536859.926,708059.4624,Age0_F2_m2f2_P2_Y4_UO799,R2_F2_m2f2_P2_Y1_UO347,R2_F2_m2f2_P2_Y1_UO53,FXX,0,31.05369039651229,0,0,0.0,0,0,0,0.0,0.75,1,P1_CV0,1,1,1,1,1
2,2536859.926,708059.4624,Age0_F2_m2f2_P2_Y4_UO800,R2_F2_m2f2_P2_Y1_UO347,R2_F2_m2f2_P2_Y1_UO53,FXX,0,31.05369039651229,0,0,0.0,0,0,0,0.0,0.75,1,P1_CV0,1,1,1,1,1
2,2536859.926,708059.4624,Age0_F2_m2f2_P2_Y4_UO801,R2_F2_m2f2_P2_Y1_UO347,R2_F2_m2f2_P2_Y1_UO53,FXX,0,31.05369039651229,0,0,0.0,0,0,0,0.0,0.75,1,P1_CV0,1,1,1,1,1
2,2536859.926,708059.4624,Age0_F2_m2f2_P2_Y4_UO802,R2_F2_m2f2_P2_Y1_UO347,R2_F2_m2f2_P2_Y1_UO53,MXY,0,31.05369039651229,0,0,0.0,0,0,0,0.0,0.75,1,P1_CV0,1,0,2,1,1
2,2536859.926,708059.4624,Age0_F2_m2f2_P2_Y4_UO810,R2_F2_m2f2_P2_Y2_UO786,R2_F2_m2f2_P2_Y2_UO740,MXY,0,31.05369039651229,0,0,0.0,0,0,0,0.0,0.5,1,P1_CV0,1,1,1,0,2
2,2536859.926,708059.4624,Age0_F2_m2f2_P2_Y4_UO811,R2_F2_m2f2_P2_Y2_UO786,R2_F2_m2f2_P2_Y2_UO740,FXX,0,31.05369039651229,0,0,0.0,0,0,0,0.0,0.5,1,P1_CV0,1,2,0,1,1
2,2536859.926,708059.4624,Age0_F2_m2f2_P2_Y4_UO812,R2_F2_m2f2_P2_Y2_UO786,R2_F2_m2f2_P2_Y2_UO740,MXY,0,31.05369039651229,0,0,0.0,0,0,0,0.0,0.5,1,P1_CV0,1,2,0,1,1
2,2536859.926,708059.4624,Age0_F2_m2f2_P2_Y4_UO813,R2_F2_m2f2_P2_Y2_UO786,R2_F2_m2f2_P2_Y2_UO740,FXX,0,31.05369039651229,0,0,0.0,0,0,0,0.0,0.5,1,P1_CV0,1,1,1,1,1
2,2536859.926,708059.4624,Age0_F2_m2f2_P2_Y4_UO814,R2_F2_m2f2_P2_Y2_UO786,R2_F2_m2f2_P2_Y2_UO740,MXY,0,31.05369039651229,0,0,0.0,0,0,0,0.0,0.5,1,P1_CV0,1,1,1,1,1
2,2536859.926,708059.4624,Age0_F2_m2f2_P2_Y4_UO815,R2_F2_m2f2_P2_Y2_UO786,R2_F2_m2f2_P2_Y2_UO740,MXY,0,31.05369039651229,0,0,0.0,0,0,0,0.0,0.5,1,P1_CV0,1,1,1,0,2
2,2536859.926,708059.4624,Age0_F2_m2f2_P2_Y4_UO817,R2_F2_m2f2_P2_Y0_UO382,I2_F7_m2f2_P2_Y1_UO34,MXY,0,31.05369039651229,0,0,0.0,0,0,0,0.0,0.5,1,P1_CV0,1,2,0,0,2
2,2536859.926,708059.4624,Age0_F2_m2f2_P2_Y4_UO818,R2_F2_m2f2_P2_Y0_UO382,I2_F7_m2f2_P2_Y1_UO34,FXX,0,31.05369039651229,0,0,0.0,0,0,0,0.0,0.5,1,P1_CV0,1,1,1,0,2
2,2536859.926,708059.4624,Age0_F2_m2f2_P2_Y4_UO819,R2_F2_m2f2_P2_Y0_UO382,I2_F7_m2f2_P2_Y1_UO34,FXX,0,31.05369039651229,0,0,0.0,0,0,0,0.0,0.5,1,P1_CV0,1,2,0,0,2
2,2536859.926,708059.4624,Age0_F2_m2f2_P2_Y4_UO820,R2_F2_m2f2_P2_Y0_UO382,I2_F7_m2f2_P2_Y1_UO34,FXX,0,31.05369039651229,0,0,0.0,0,0,0,0.0,0.5,1,P1_CV0,1,2,0,2,0
2,2536859.926,708059.4624,Age0_F2_m2f2_P2_Y4_UO821,R2_F2_m2f2_P2_Y0_UO382,I2_F7_m2f2_P2_Y1_UO34,FXX,0,31.05369039651229,0,0,0.0,0,0,0,0.0,0.5,1,P1_CV0,1,1,1,1,1
2,2536859.926,708059.4624,Age0_F2_m2f2_P2_Y4_UO822,R2_F2_m2f2_P2_Y0_UO382,I2_F7_m2f2_P2_Y1_UO34,FXX,0,31.05369039651229,0,0,0.0,0,0,0,0.0,0.5,1,P1_CV0,1,1,1,1,1
2,2536859.926,708059.4624,Age0_F2_m2f2_P2_Y4_UO823,R2_F2_m2f2_P2_Y0_UO382,I2_F7_m2f2_P2_Y1_UO34,FXX,0,31.05369039651229,0,0,0.0,0,0,0,0.0,0.5,1,P1_CV0,1,2,0,1,1
2,2536859.926,708059.4624,Age0_F2_m2f2_P2_Y4_UO824,R2_F2_m2f2_P2_Y0_UO382,I2_F7_m2f2_P2_Y1_UO34,MXY,0,31.05369039651229,0,0,0.0,0,0,0,0.0,0.5,1,P1_CV0,1,1,1,2,0
2,2536859.926,708059.4624,Age0_F2_m2f2_P2_Y4_UO825,R2_F2_m2f2_P2_Y0_UO382,I2_F7_m2f2_P2_Y1_UO34,MXY,0,31.05369039651229,0,0,0.0,0,0,0,0.0,0.5,1,P1_CV0,1,2,0,1,1
2,2536859.926,708059.4624,Age0_F2_m2f2_P2_Y4_UO826,R2_F2_m2f2_P2_Y0_UO382,I2_F7_m2f2_P2_Y1_UO34,MXY,0,31.05369039651229,0,0,0.0,0,0,0,0.0,0.5,1,P1_CV0,1,2,0,2,0
2,2536859.926,708059.4624,Age0_F2_m2f2_P2_Y4_UO827,R2_F2_m2f2_P2_Y0_UO382,I2_F7_m2f2_P2_Y1_UO34,MXY,0,31.05369039651229,0,0,0.0,0,0,0,0.0,0.5,1,P1_CV0,1,2,0,0,2
2,2536859.926,708059.4624,Age0_F2_m2f2_P2_Y4_UO832,R2_F2_m2f2_P2_Y0_UO379,R2_F2_m2f2_P2_Y1_UO169,FXX,0,31.05369039651229,0,0,0.0,0,0,0,0.0,0.25,1,P1_CV0,1,1,1,1,1
2,2536859.926,708059.4624,Age0_F2_m2f2_P2_Y4_UO833,R2_F2_m2f2_P2_Y0_UO379,R2_F2_m2f2_P2_Y1_UO169,FXX,0,31.05369039651229,0,0,0.0,0,0,0,0.0,0.25,1,P1_CV0,1,1,1,1,1
2,2536859.926,708059.4624,Age0_F2_m2f2_P2_Y4_UO834,R2_F2_m2f2_P2_Y0_UO379,R2_F2_m2f2_P2_Y1_UO169,MXY,0,31.05369039651229,0,0,0.0,0,0,0,0.0,0.25,1,P1_CV0,1,1,1,1,1
2,2536859.926,708059.4624,Age0_F2_m2f2_P2_Y4_UO835,R2_F2_m2f2_P2_Y0_UO379,R2_F2_m2f2_P2_Y1_UO169,FXX,0,31.05369039651229,0,0,0.0,0,0,0,0.0,0.25,1,P1_CV0,1,1,1,1,1
2,2536859.926,708059.4624,Age0_F2_m2f2_P2_Y4_UO836,R2_F2_m2f2_P2_Y0_UO379,R2_F2_m2f2_P2_Y1_UO169,FXX,0,31.05369039651229,0,0,0.0,0,0,0,0.0,0.25,1,P1_CV0,1,1,1,1,1
2,2536859.926,708059.4624,Age0_F2_m2f2_P2_Y4_UO837,R2_F2_m2f2_P2_Y0_UO379,R2_F2_m2f2_P2_Y1_UO169,FXX,0,31.05369039651229,0,0,0.0,0,0,0,0.0,0.25,1,P1_CV0,1,1,1,1,1
2,2536859.926,708059.4624,Age0_F2_m2f2_P2_Y4_UO838,R2_F2_m2f2_P2_Y0_UO379,R2_F2_m2f2_P2_Y1_UO169,MXY,0,31.05369039651229,0,0,0.0,0,0,0,0.0,0.25,1,P1_CV0,1,1,1,1,1
2,2536859.926,708059.4624,Age0_F2_m2f2_P2_Y4_UO839,R2_F2_m2f2_P2_Y0_UO379,R2_F2_m2f2_P2_Y1_UO169,MXY,0,31.05369039651229,0,0,0.0,0,0,0,0.0,0.25,1,P1_CV0,1,1,1,1,1
2,2536859.926,708059.4624,Age0_F2_m2f2_P2_Y4_UO840,R2_F2_m2f2_P2_Y0_UO379,R2_F2_m2f2_P2_Y1_UO169,FXX,0,31.05369039651229,0,0,0.0,0,0,0,0.0,0.25,1,P1_CV0,1,1,1,1,1
2,2536859.926,708059.4624,Age0_F2_m2f2_P2_Y4_UO841,R2_F2_m2f2_P2_Y0_UO379,R2_F2_m2f2_P2_Y1_UO169,FXX,0,31.05369039651229,0,0,0.0,0,0,0,0.0,0.25,1,P1_CV0,1,1,1,1,1
2,2536859.926,708059.4624,Age0_F2_m2f2_P2_Y4_UO842,R2_F2_m2f2_P2_Y0_UO379,R2_F2_m2f2_P2_Y1_UO169,FXX,0,31.05369039651229,0,0,0.0,0,0,0,0.0,0.25,1,P1_CV0,1,1,1,1,1
2,2536859.926,708059.4624,Age0_F2_m2f2_P2_Y4_UO903,R2_F2_m2f2_P2_Y2_UO795,R2_F2_m-1f-1_P2_Y-1_U23,MXY,0,31.05369039651229,0,0,0.0,0,0,0,0.0,0.625,1,P1_CV0,1,1,1,0,2
2,2536859.926,708059.4624,Age0_F2_m2f2_P2_Y4_UO904,R2_F2_m2f2_P2_Y2_UO795,R2_F2_m-1f-1_P2_Y-1_U23,MXY,0,31.05369039651229,0,0,0.0,0,0,0,0.0,0.625,1,P1_CV0,1,1,1,1,1
2,2536859.926,708059.4624,Age0_F2_m2f2_P2_Y4_UO905,R2_F2_m2f2_P2_Y2_UO795,R2_F2_m-1f-1_P2_Y-1_U23,FXX,0,31.05369039651229,0,0,0.0,0,0,0,0.0,0.625,1,P1_CV0,1,1,1,1,1
2,2536859.926,708059.4624,Age0_F2_m2f2_P2_Y4_UO906,R2_F2_m2f2_P2_Y2_UO795,R2_F2_m-1f-1_P2_Y-1_U23,MXY,0,31.05369039651229,0,0,0.0,0,0,0,0.0,0.625,1,P1_CV0,1,1,1,0,2
2,2536859.926,708059.4624,Age0_F2_m2f2_P2_Y4_UO907,R2_F2_m2f2_P2_Y2_UO795,R2_F2_m-1f-1_P2_Y-1_U23,MXY,0,31.05369039651229,0,0,0.0,0,0,0,0.0,0.625,1,P1_CV0,1,0,2,0,2
2,2536859.926,708059.4624,Age0_F2_m2f2_P2_Y4_UO908,R2_F2_m2f2_P2_Y2_UO795,R2_F2_m-1f-1_P2_Y-1_U23,MXY,0,31.05369039651229,0,0,0.0,0,0,0,0.0,0.625,1,P1_CV0,1,0,2,1,1
2,2536859.926,708059.4624,R2_F2_m2f2_P2_Y3_UO696,R2_F2_m2f2_P2_Y1_UO76,R2_F2_m2f2_P2_Y1_UO240,FXX,1,31.662219013303684,1,1,1.523,0,0,0,-9999.0,0.625,1,P1_CV0,1,2,0,0,2
2,2536859.926,708059.4624,R2_F2_m2f2_P2_Y3_UO404,R2_F2_m2f2_P2_Y1_UO19,R2_F2_m2f2_P2_Y1_UO326,MXY,1,31.662219013303684,1,1,0.0,0,0,0,-9999.0,0.5,1,P1_CV0,1,2,0,2,0
2,2536859.926,708059.4624,R2_F2_m2f2_P2_Y3_UO345,R2_F2_m-1f-1_P2_Y-1_U119,R2_F2_m-1f-1_P2_Y-1_U23,FXX,1,31.662219013303684,1,1,1.0,0,0,0,-9999.0,0.5,1,P1_CV0,1,0,2,0,2
2,2536859.926,708059.4624,R2_F2_m2f2_P2_Y3_UO258,R2_F2_m2f2_P2_Y1_UO182,R2_F2_m2f2_P2_Y1_UO34,MXY,1,31.662219013303684,1,1,0.0,0,0,0,-9999.0,0.25,1,P1_CV0,1,2,0,2,0
2,2536859.926,708059.4624,R2_F2_m2f2_P2_Y3_UO158,R2_F2_m-1f-1_P2_Y-1_U101,R2_F2_m2f2_P2_Y1_UO601,MXY,1,31.662219013303684,1,1,0.0,0,0,0,-9999.0,0.875,1,P1_CV0,1,1,1,1,1
2,2536859.926,708059.4624,R2_F2_m2f2_P2_Y3_UO191,R2_F2_m-1f-1_P2_Y-1_U123,R2_F2_m2f2_P2_Y1_UO52,MXY,1,31.662219013303684,1,1,0.0,0,0,0,-9999.0,1.0,1,P1_CV0,1,2,0,2,0
2,2536859.926,708059.4624,R2_F2_m2f2_P2_Y3_UO269,R2_F2_m2f2_P2_Y1_UO19,R2_F2_m2f2_P2_Y1_UO130,FXX,1,31.662219013303684,1,1,1.0,0,0,0,-9999.0,0.5,1,P1_CV0,1,1,1,2,0
2,2536859.926,708059.4624,R2_F2_m2f2_P2_Y3_UO22,R2_F2_m2f2_P2_Y1_UO118,R2_F2_m2f2_P2_Y1_UO129,MXY,1,31.662219013303684,1,1,0.0,0,0,0,-9999.0,0.25,1,P1_CV0,1,2,0,2,0
2,2536859.926,708059.4624,R2_F2_m2f2_P2_Y3_UO82,R2_F2_m-1f-1_P2_Y-1_U32,R2_F2_m2f2_P2_Y1_UO41,MXY,1,31.662219013303684,1,1,0.0,0,0,0,-9999.0,0.25,1,P1_CV0,1,1,1,0,2
2,2536859.926,708059.4624,R2_F2_m2f2_P2_Y3_UO621,R2_F2_m2f2_P2_Y1_UO600,R2_F2_m2f2_P2_Y1_UO369,MXY,1,31.662219013303684,1,1,0.0,0,0,0,-9999.0,0.75,1,P1_CV0,1,1,1,0,2
2,2536859.926,708059.4624,R2_F2_m2f2_P2_Y3_UO725,R2_F2_m-1f-1_P2_Y-1_U129,R2_F2_m2f2_P2_Y1_UO622,MXY,1,31.662219013303684,1,1,0.0,0,0,0,-9999.0,0.375,1,P1_CV0,1,2,0,0,2
2,2536859.926,708059.4624,R2_F2_m2f2_P2_Y3_UO697,R2_F2_m2f2_P2_Y1_UO19,R2_F2_m2f2_P2_Y1_UO355,FXX,1,31.662219013303684,1,1,1.362,0,0,0,-9999.0,0.75,1,P1_CV0,1,1,1,2,0
2,2536859.926,708059.4624,R2_F2_m2f2_P2_Y3_UO727,R2_F2_m2f2_P2_Y1_UO75,R2_F2_m2f2_P2_Y0_UO381,FXX,1,31.662219013303684,1,1,1.663,0,0,0,-9999.0,0.375,1,P1_CV0,1,2,0,1,1
2,2536859.926,708059.4624,R2_F2_m2f2_P2_Y3_UO730,R2_F2_m-1f-1_P2_Y-1_U123,R2_F2_m2f2_P2_Y1_UO130,FXX,1,31.662219013303684,1,1,0.0,0,0,0,-9999.0,0.625,1,P1_CV0,1,1,1,1,1
2,2536859.926,708059.4624,R2_F2_m2f2_P2_Y3_UO81,R2_F2_m-1f-1_P2_Y-1_U32,R2_F2_m2f2_P2_Y1_UO41,FXX,1,31.662219013303684,1,1,0.0,0,0,0,-9999.0,0.25,1,P1_CV0,1,1,1,1,1
2,2536859.926,708059.4624,R2_F2_m2f2_P2_Y3_UO502,R2_F2_m2f2_P2_Y0_UO418,R2_F2_m2f2_P2_Y1_UO217,FXX,1,31.662219013303684,1,1,1.549,0,0,0,-9999.0,0.375,1,P1_CV0,1,1,1,2,0
2,2536859.926,708059.4624,R2_F2_m2f2_P2_Y3_UO105,R2_F2_m2f2_P2_Y1_UO345,R2_F2_m-1f-1_P2_Y-1_U67,FXX,1,31.662219013303684,1,1,1.754,0,0,0,-9999.0,0.25,1,P1_CV0,1,1,1,2,0
2,2536859.926,708059.4624,R2_F2_m2f2_P2_Y3_UO423,R2_F2_m2f2_P2_Y0_UO382,R2_F2_m2f2_P2_Y1_UO334,MXY,1,31.662219013303684,1,1,0.0,0,0,0,-9999.0,0.75,1,P1_CV0,1,2,0,2,0
2,2536859.926,708059.4624,R2_F2_m2f2_P2_Y3_UO475,R2_F2_m2f2_P2_Y0_UO776,R2_F2_m2f2_P2_Y0_UO200,FXX,1,31.662219013303684,1,1,2.393,0,0,0,-9999.0,0.5,1,P1_CV0,1,0,2,1,1
2,2536859.926,708059.4624,R2_F2_m2f2_P2_Y3_UO239,R2_F2_m2f2_P2_Y1_UO585,R2_F2_m2f2_P2_Y0_UO17,FXX,1,31.662219013303684,1,1,2.211,0,0,0,-9999.0,0.625,1,P1_CV0,1,1,1,1,1
2,2536859.926,708059.4624,R2_F2_m2f2_P2_Y3_UO668,R2_F2_m-1f-1_P2_Y-1_U134,R2_F2_m2f2_P2_Y1_UO149,FXX,1,31.662219013303684,1,1,0.0,0,0,0,-9999.0,0.25,1,P1_CV0,1,0,2,1,1
2,2536859.926,708059.4624,R2_F2_m2f2_P2_Y3_UO416,R2_F2_m-1f-1_P2_Y-1_U34,R2_F2_m2f2_P2_Y1_UO180,MXY,1,31.662219013303684,1,1,0.0,0,0,0,-9999.0,0.0,1,P1_CV0,1,0,2,1,1
2,2536859.926,708059.4624,R2_F2_m2f2_P2_Y3_UO413,R2_F2_m-1f-1_P2_Y-1_U34,R2_F2_m2f2_P2_Y1_UO180,FXX,1,31.662219013303684,1,1,2.187,0,0,0,-9999.0,0.0,1,P1_CV0,1,0,2,1,1
2,2536859.926,708059.4624,R2_F2_m2f2_P2_Y3_UO687,I2_F7_m2f2_P2_Y1_UO200,R2_F2_m2f2_P2_Y1_UO169,FXX,1,31.662219013303684,1,1,1.0,0,0,0,-9999.0,0.375,1,P1_CV0,1,1,1,1,1
2,2536859.926,708059.4624,R2_F2_m2f2_P2_Y3_UO726,R2_F2_m2f2_P2_Y1_UO75,R2_F2_m2f2_P2_Y0_UO381,FXX,1,31.662219013303684,1,1,0.0,0,0,0,-9999.0,0.375,1,P1_CV0,1,2,0,2,0
2,2536859.926,708059.4624,R2_F2_m2f2_P2_Y3_UO159,R2_F2_m-1f-1_P2_Y-1_U101,R2_F2_m2f2_P2_Y1_UO601,FXX,1,31.662219013303684,1,1,0.0,0,0,0,-9999.0,0.875,1,P1_CV0,1,2,0,1,1
2,2536859.926,708059.4624,R2_F2_m2f2_P2_Y3_UO659,R2_F2_m2f2_P2_Y1_UO616,R2_F2_m2f2_P2_Y1_UO41,MXY,1,31.662219013303684,1,1,0.0,0,0,0,-9999.0,0.25,1,P1_CV0,1,2,0,1,1
2,2536859.926,708059.4624,R2_F2_m2f2_P2_Y3_UO411,R2_F2_m-1f-1_P2_Y-1_U83,R2_F2_m2f2_P2_Y1_UO41,MXY,1,31.662219013303684,1,1,0.0,0,0,0,-9999.0,0.5,1,P1_CV0,1,2,0,1,1
2,2536859.926,708059.4624,R2_F2_m2f2_P2_Y3_UO415,R2_F2_m-1f-1_P2_Y-1_U34,R2_F2_m2f2_P2_Y1_UO180,MXY,1,31.662219013303684,1,1,0.0,0,0,0,-9999.0,0.0,1,P1_CV0,1,0,2,1,1
2,2536859.926,708059.4624,R2_F2_m2f2_P2_Y3_UO671,R2_F2_m-1f-1_P2_Y-1_U134,R2_F2_m2f2_P2_Y1_UO149,FXX,1,31.662219013303684,1,1,1.519,0,0,0,-9999.0,0.25,1,P1_CV0,1,0,2,1,1
2,2536859.926,708059.4624,R2_F2_m2f2_P2_Y3_UO383,R2_F2_m2f2_P2_Y1_UO75,R2_F2_m2f2_P2_Y1_UO602,MXY,1,31.662219013303684,1,1,0.0,0,0,0,-9999.0,0.5,1,P1_CV0,1,2,0,1,1
2,2536859.926,708059.4624,R2_F2_m2f2_P2_Y3_UO425,R2_F2_m2f2_P2_Y0_UO382,R2_F2_m2f2_P2_Y1_UO334,MXY,1,31.662219013303684,1,1,0.0,0,0,0,-9999.0,0.75,1,P1_CV0,1,1,1,1,1
2,2536859.926,708059.4624,R2_F2_m2f2_P2_Y3_UO535,R2_F2_m2f2_P2_Y1_UO345,R2_F2_m-1f-1_P2_Y-1_U56,MXY,1,31.662219013303684,1,1,0.0,0,0,0,-9999.0,0.75,1,P1_CV0,1,2,0,1,1
2,2536859.926,708059.4624,R2_F2_m2f2_P2_Y3_UO57,R2_F2_m-1f-1_P2_Y-1_U119,R2_F2_m2f2_P2_Y0_UO200,MXY,1,31.662219013303684,1,1,0.0,0,0,0,-9999.0,0.5,1,P1_CV0,1,1,1,0,2
2,2536859.926,708059.4624,R2_F2_m2f2_P2_Y3_UO231,R2_F2_m2f2_P2_Y0_UO419,R2_F2_m2f2_P2_Y1_UO597,MXY,1,31.662219013303684,1,1,0.0,0,0,0,-9999.0,0.75,1,P1_CV0,1,2,0,0,2
2,2536859.926,708059.4624,R2_F2_m2f2_P2_Y3_UO262,R2_F2_m-1f-1_P2_Y-1_U50,R2_F2_m2f2_P2_Y1_UO355,MXY,1,31.662219013303684,1,1,0.0,0,0,0,-9999.0,0.375,1,P1_CV0,1,0,2,1,1
2,2536859.926,708059.4624,R2_F2_m2f2_P2_Y3_UO620,R2_F2_m2f2_P2_Y0_UO275,R2_F2_m2f2_P2_Y1_UO622,FXX,1,31.662219013303684,1,1,1.0,0,0,0,-9999.0,0.375,1,P1_CV0,1,1,1,1,1
2,2536859.926,708059.4624,R2_F2_m2f2_P2_Y3_UO157,R2_F2_m-1f-1_P2_Y-1_U101,R2_F2_m2f2_P2_Y1_UO601,MXY,1,31.662219013303684,1,1,0.0,0,0,0,-9999.0,0.875,1,P1_CV0,1,2,0,1,1
2,2536859.926,708059.4624,R2_F2_m2f2_P2_Y3_UO189,R2_F2_m2f2_P2_Y1_UO51,R2_F2_m2f2_P2_Y1_UO151,MXY,1,31.662219013303684,1,1,0.0,0,0,0,-9999.0,0.75,1,P1_CV0,1,2,0,0,2
2,2536859.926,708059.4624,R2_F2_m2f2_P2_Y3_UO193,R2_F2_m2f2_P2_Y1_UO346,R2_F2_m2f2_P2_Y1_UO129,FXX,1,31.662219013303684,1,1,1.861,0,0,0,-9999.0,0.375,1,P1_CV0,1,1,1,2,0
2,2536859.926,708059.4624,R2_F2_m2f2_P2_Y3_UO229,R2_F2_m-1f-1_P2_Y-1_U34,R2_F2_m2f2_P2_Y0_UO50,FXX,1,31.662219013303684,1,1,2.357,0,0,0,-9999.0,0.375,1,P1_CV0,1,0,2,1,1
2,2536859.926,708059.4624,R2_F2_m2f2_P2_Y3_UO501,R2_F2_m2f2_P2_Y0_UO418,R2_F2_m2f2_P2_Y1_UO217,FXX,1,31.662219013303684,1,1,0.0,0,0,0,-9999.0,0.375,1,P1_CV0,1,0,2,2,0
2,2536859.926,708059.4624,R2_F2_m2f2_P2_Y3_UO343,R2_F2_m-1f-1_P2_Y-1_U119,R2_F2_m-1f-1_P2_Y-1_U23,MXY,1,31.662219013303684,1,1,0.0,0,0,0,-9999.0,0.5,1,P1_CV0,1,1,1,0,2
2,2536859.926,708059.4624,R2_F2_m2f2_P2_Y3_UO179,R2_F2_m2f2_P2_Y1_UO12,R2_F2_m2f2_P2_Y0_UO17,FXX,1,31.662219013303684,1,1,1.024,0,0,0,-9999.0,0.5,1,P1_CV0,1,1,1,1,1
2,2536859.926,708059.4624,R2_F2_m2f2_P2_Y3_UO424,R2_F2_m2f2_P2_Y0_UO382,R2_F2_m2f2_P2_Y1_UO334,MXY,1,31.662219013303684,1,1,0.0,0,0,0,-9999.0,0.75,1,P1_CV0,1,1,1,2,0
2,2536859.926,708059.4624,R2_F2_m2f2_P2_Y3_UO47,R2_F2_m2f2_P2_Y1_UO35,R2_F2_m2f2_P2_Y0_UO50,MXY,1,31.662219013303684,1,1,0.0,0,0,0,-9999.0,0.625,1,P1_CV0,1,1,1,2,0
2,2536859.926,708059.4624,R2_F2_m2f2_P2_Y3_UO412,R2_F2_m-1f-1_P2_Y-1_U83,R2_F2_m2f2_P2_Y1_UO41,MXY,1,31.662219013303684,1,1,0.0,0,0,0,-9999.0,0.5,1,P1_CV0,1,2,0,0,2
2,2536859.926,708059.4624,R2_F2_m2f2_P2_Y3_UO758,R2_F2_m-1f-1_P2_Y-1_U119,R2_F2_m2f2_P2_Y1_UO50,FXX,1,31.662219013303684,1,1,1.231,0,0,0,-9999.0,0.75,1,P1_CV0,1,1,1,2,0
2,2536859.926,708059.4624,R2_F2_m2f2_P2_Y3_UO377,R2_F2_m-1f-1_P2_Y-1_U50,R2_F2_m2f2_P2_Y1_UO336,FXX,1,31.662219013303684,1,1,0.0,0,0,0,-9999.0,0.5,1,P1_CV0,1,0,2,1,1
2,2536859.926,708059.4624,R2_F2_m2f2_P2_Y3_UO228,R2_F2_m-1f-1_P2_Y-1_U34,R2_F2_m2f2_P2_Y0_UO50,MXY,1,31.662219013303684,1,1,0.0,0,0,0,-9999.0,0.375,1,P1_CV0,1,0,2,1,1
2,2536859.926,708059.4624,R2_F2_m2f2_P2_Y3_UO635,R2_F2_m2f2_P2_Y1_UO182,R2_F2_m2f2_P2_Y0_UO588,MXY,1,31.662219013303684,1,1,0.0,0,0,0,-9999.0,0.125,1,P1_CV0,1,2,0,1,1
2,2536859.926,708059.4624,R2_F2_m2f2_P2_Y3_UO132,R2_F2_m2f2_P2_Y0_UO382,R2_F2_m-1f-1_P2_Y-1_U103,MXY,1,31.662219013303684,1,1,0.0,0,0,0,-9999.0,0.5,1,P1_CV0,1,1,1,1,1
2,2536859.926,708059.4624,R2_F2_m2f2_P2_Y3_UO103,R2_F2_m2f2_P2_Y1_UO75,R2_F2_m2f2_P2_Y0_UO122,FXX,1,31.662219013303684,1,1,1.84,0,0,0,-9999.0,0.25,1,P1_CV0,1,1,1,1,1
2,2536859.926,708059.4624,R2_F2_m2f2_P2_Y3_UO379,R2_F2_m-1f-1_P2_Y-1_U50,R2_F2_m2f2_P2_Y1_UO336,MXY,1,31.662219013303684,1,1,0.0,0,0,0,-9999.0,0.5,1,P1_CV0,1,0,2,1,1
2,2536859.926,708059.4624,R2_F2_m2f2_P2_Y3_UO724,R2_F2_m-1f-1_P2_Y-1_U129,R2_F2_m2f2_P2_Y1_UO622,MXY,1,31.662219013303684,1,1,0.0,0,0,0,-9999.0,0.375,1,P1_CV0,1,1,1,0,2
2,2536859.926,708059.4624,R2_F2_m2f2_P2_Y3_UO327,R2_F2_m2f2_P2_Y1_UO9,R2_F2_m2f2_P2_Y0_UO471,FXX,1,31.662219013303684,1,1,1.449,0,0,0,-9999.0,0.375,1,P1_CV0,1,1,1,1,1
2,2536859.926,708059.4624,R2_F2_m2f2_P2_Y3_UO637,R2_F2_m2f2_P2_Y1_UO182,R2_F2_m2f2_P2_Y0_UO588,MXY,1,31.662219013303684,1,1,0.0,0,0,0,-9999.0,0.125,1,P1_CV0,1,2,0,1,1
2,2536859.926,708059.4624,R2_F2_m2f2_P2_Y3_UO703,R2_F2_m2f2_P2_Y1_UO448,R2_F2_m2f2_P2_Y1_UO210,FXX,1,31.662219013303684,1,1,1.0,0,0,0,-9999.0,0.375,1,P1_CV0,1,1,1,2,0
2,2536859.926,708059.4624,R2_F2_m2f2_P2_Y3_UO517,R2_F2_m2f2_P2_Y1_UO182,R2_F2_m2f2_P2_Y1_UO210,MXY,1,31.662219013303684,1,1,0.0,0,0,0,-9999.0,0.25,1,P1_CV0,1,2,0,2,0
2,2536859.926,708059.4624,R2_F2_m2f2_P2_Y2_UO786,R2_F2_m2f2_P2_Y0_UO382,R2_F2_m-1f-1_P2_Y-1_U105,FXX,2,32.241727606170855,1,0,1.048,0,0,0,-9999.0,0.25,1,P1_CV0,1,1,1,0,2
2,2536859.926,708059.4624,R2_F2_m2f2_P2_Y2_UO314,R2_F2_m2f2_P2_Y0_UO426,R2_F2_m2f2_P2_Y0_UO471,FXX,2,32.241727606170855,1,0,1.0,0,0,0,-9999.0,0.25,1,P1_CV0,1,0,2,1,1
2,2536859.926,708059.4624,R2_F2_m2f2_P2_Y2_UO312,R2_F2_m2f2_P2_Y0_UO426,R2_F2_m2f2_P2_Y0_UO471,MXY,2,32.241727606170855,1,0,0.0,0,0,0,-9999.0,0.25,1,P1_CV0,1,0,2,0,2
2,2536859.926,708059.4624,R2_F2_m2f2_P2_Y2_UO308,R2_F2_m2f2_P2_Y0_UO426,R2_F2_m2f2_P2_Y0_UO471,MXY,2,32.241727606170855,1,0,0.0,0,0,0,-9999.0,0.25,1,P1_CV0,1,1,1,1,1
2,2536859.926,708059.4624,R2_F2_m2f2_P2_Y2_UO784,R2_F2_m2f2_P2_Y0_UO382,R2_F2_m-1f-1_P2_Y-1_U105,FXX,2,32.241727606170855,1,0,1.0,0,0,0,-9999.0,0.25,1,P1_CV0,1,0,2,1,1
2,2536859.926,708059.4624,R2_F2_m2f2_P2_Y2_UO702,R2_F2_m2f2_P2_Y0_UO345,R2_F2_m2f2_P2_Y0_UO200,MXY,2,32.241727606170855,1,0,0.0,0,0,0,-9999.0,0.5,1,P1_CV0,1,0,2,1,1
2,2536859.926,708059.4624,R2_F2_m2f2_P2_Y2_UO581,I2_F7_m2f2_P2_Y0_UO379,R2_F2_m2f2_P2_Y0_UO793,FXX,2,32.241727606170855,1,0,2.101,0,0,0,-9999.0,0.625,1,P1_CV0,1,2,0,2,0
2,2536859.926,708059.4624,R2_F2_m2f2_P2_Y2_UO821,R2_F2_m-1f-1_P2_Y-1_U138,R2_F2_m2f2_P2_Y0_UO587,MXY,2,32.241727606170855,1,0,0.0,0,0,0,-9999.0,0.375,1,P1_CV0,1,0,2,2,0
2,2536859.926,708059.4624,R2_F2_m2f2_P2_Y2_UO781,R2_F2_m2f2_P2_Y0_UO382,R2_F2_m-1f-1_P2_Y-1_U105,MXY,2,32.241727606170855,1,0,0.0,0,0,0,-9999.0,0.25,1,P1_CV0,1,0,2,1,1
2,2536859.926,708059.4624,R2_F2_m2f2_P2_Y2_UO310,R2_F2_m2f2_P2_Y0_UO426,R2_F2_m2f2_P2_Y0_UO471,MXY,2,32.241727606170855,1,0,0.0,0,0,0,-9999.0,0.25,1,P1_CV0,1,1,1,2,0
2,2536859.926,708059.4624,R2_F2_m2f2_P2_Y2_UO772,R2_F2_m2f2_P2_Y0_UO382,R2_F2_m2f2_P2_Y0_UO793,FXX,2,32.241727606170855,1,0,0.0,0,0,0,-9999.0,0.625,1,P1_CV0,1,1,1,1,1
2,2536859.926,708059.4624,R2_F2_m2f2_P2_Y2_UO200,R2_F2_m-1f-1_P2_Y-1_U123,R2_F2_m-1f-1_P2_Y-1_U67,MXY,2,32.241727606170855,1,0,0.0,0,0,0,-9999.0,0.5,1,P1_CV0,1,1,1,1,1
2,2536859.926,708059.4624,R2_F2_m2f2_P2_Y2_UO669,RD2_F2_m2f2_P2_Y0_UO560,R2_F2_m2f2_P2_Y0_UO471,FXX,2,32.241727606170855,1,0,1.315,0,0,0,-9999.0,0.25,1,P1_CV0,1,1,1,1,1
2,2536859.926,708059.4624,R2_F2_m2f2_P2_Y2_UO731,I2_F7_m-1f-1_P2_Y-1_U10,R2_F2_m2f2_P2_Y0_UO377,MXY,2,32.241727606170855,1,0,0.0,0,0,0,-9999.0,0.5,1,P1_CV0,1,0,2,1,1
2,2536859.926,708059.4624,R2_F2_m2f2_P2_Y2_UO227,R2_F2_m2f2_P2_Y0_UO328,R2_F2_m-1f-1_P2_Y-1_U23,FXX,2,32.241727606170855,1,0,3.29,0,0,0,-9999.0,0.5,1,P1_CV0,1,1,1,0,2
2,2536859.926,708059.4624,R2_F2_m2f2_P2_Y2_UO704,R2_F2_m2f2_P2_Y0_UO345,R2_F2_m2f2_P2_Y0_UO200,MXY,2,32.241727606170855,1,0,0.0,0,0,0,-9999.0,0.5,1,P1_CV0,1,0,2,1,1
2,2536859.926,708059.4624,R2_F2_m2f2_P2_Y2_UO780,R2_F2_m2f2_P2_Y0_UO382,R2_F2_m-1f-1_P2_Y-1_U105,FXX,2,32.241727606170855,1,0,1.323,0,0,0,-9999.0,0.25,1,P1_CV0,1,0,2,1,1
2,2536859.926,708059.4624,R2_F2_m2f2_P2_Y2_UO775,R2_F2_m-1f-1_P2_Y-1_U101,R2_F2_m2f2_P2_Y0_UO179,MXY,2,32.241727606170855,1,0,0.0,0,0,0,-9999.0,0.625,1,P1_CV0,1,1,1,2,0
2,2536859.926,708059.4624,R2_F2_m2f2_P2_Y2_UO107,R2_F2_m-1f-1_P2_Y-1_U138,RD2_F5_m5f5_P5_Y0_UO99,MXY,2,32.241727606170855,1,0,0.0,0,0,0,-9999.0,0.5,1,P1_CV0,1,1,1,1,1
2,2536859.926,708059.4624,R2_F2_m2f2_P2_Y2_UO76,R2_F2_m-1f-1_P2_Y-1_U123,R2_F2_m-1f-1_P2_Y-1_U133,FXX,2,32.241727606170855,1,0,0.0,0,0,0,-9999.0,0.5,1,P1_CV0,1,1,1,0,2
2,2536859.926,708059.4624,R2_F2_m2f2_P2_Y2_UO71,R2_F2_m2f2_P2_Y0_UO418,R2_F2_m2f2_P2_Y0_UO299,MXY,2,32.241727606170855,1,0,0.0,0,0,0,-9999.0,0.5,1,P1_CV0,1,1,1,1,1
2,2536859.926,708059.4624,R2_F2_m2f2_P2_Y2_UO585,I2_F7_m2f2_P2_Y0_UO379,R2_F2_m2f2_P2_Y0_UO793,MXY,2,32.241727606170855,1,0,0.0,0,0,0,-9999.0,0.625,1,P1_CV0,1,2,0,2,0
2,2536859.926,708059.4624,R2_F2_m2f2_P2_Y2_UO687,RD2_F2_m2f2_P2_Y0_UO560,R2_F2_m-1f-1_P2_Y-1_U117,FXX,2,32.241727606170855,1,0,1.806,0,0,0,-9999.0,0.625,1,P1_CV0,1,1,1,1,1
2,2536859.926,708059.4624,R2_F2_m2f2_P2_Y2_UO409,R2_F2_m-1f-1_P2_Y-1_U123,R2_F2_m2f2_P2_Y0_UO50,MXY,2,32.241727606170855,1,0,0.0,0,0,0,-9999.0,0.875,1,P1_CV0,1,1,1,1,1
2,2536859.926,708059.4624,R2_F2_m2f2_P2_Y2_UO661,RD2_F2_m2f2_P2_Y0_UO560,R2_F2_m2f2_P2_Y0_UO471,FXX,2,32.241727606170855,1,0,0.0,0,0,0,-9999.0,0.25,1,P1_CV0,1,0,2,2,0
2,2536859.926,708059.4624,R2_F2_m2f2_P2_Y2_UO795,R2_F2_m2f2_P2_Y0_UO84,R2_F2_m2f2_P2_Y0_UO187,FXX,2,32.241727606170855,1,0,1.525,0,0,0,-9999.0,0.75,1,P1_CV0,1,1,1,1,1
2,2536859.926,708059.4624,R2_F2_m2f2_P2_Y2_UO791,R2_F2_m2f2_P2_Y0_UO84,R2_F2_m2f2_P2_Y0_UO187,MXY,2,32.241727606170855,1,0,0.0,0,0,0,-9999.0,0.75,1,P1_CV0,1,1,1,1,1
2,2536859.926,708059.4624,R2_F2_m2f2_P2_Y2_UO703,R2_F2_m2f2_P2_Y0_UO345,R2_F2_m2f2_P2_Y0_UO200,FXX,2,32.241727606170855,1,0,1.528,0,0,0,-9999.0,0.5,1,P1_CV0,1,1,1,1,1
2,2536859.926,708059.4624,R2_F2_m2f2_P2_Y2_UO740,R2_F2_m-1f-1_P2_Y-1_U123,R2_F2_m2f2_P2_Y0_UO381,MXY,2,32.241727606170855,1,0,0.0,0,0,0,-9999.0,0.75,1,P1_CV0,1,2,0,1,1
2,2536859.926,708059.4624,R2_F2_m2f2_P2_Y2_UO576,RD2_F2_m2f2_P2_Y0_UO560,R2_F2_m2f2_P2_Y0_UO200,MXY,2,32.241727606170855,1,0,0.0,0,0,0,-9999.0,0.375,1,P1_CV0,1,0,2,0,2
2,2536859.926,708059.4624,R2_F2_m2f2_P2_Y2_UO501,R2_F2_m2f2_P2_Y0_UO382,R2_F2_m-1f-1_P2_Y-1_U122,MXY,2,32.241727606170855,1,0,0.0,0,0,0,-9999.0,0.5,1,P1_CV0,1,1,1,2,0
2,2536859.926,708059.4624,R2_F2_m2f2_P2_Y2_UO198,R2_F2_m-1f-1_P2_Y-1_U123,R2_F2_m-1f-1_P2_Y-1_U67,FXX,2,32.241727606170855,1,0,1.764,0,0,0,-9999.0,0.5,1,P1_CV0,1,1,1,1,1
2,2536859.926,708059.4624,R2_F2_m2f2_P2_Y2_UO390,R2_F2_m-1f-1_P2_Y-1_U83,R2_F2_m2f2_P2_Y0_UO586,MXY,2,32.241727606170855,1,0,0.0,0,0,0,-9999.0,0.625,1,P1_CV0,1,1,1,1,1
2,2536859.926,708059.4624,R2_F2_m2f2_P2_Y1_UO41,R2_F2_m-1f-1_P2_Y-1_U99,R2_F2_m-1f-1_P2_Y-1_U106,MXY,3,32.77268104611518,1,0,0.0,0,0,0,-9999.0,0.0,1,P1_CV0,1,2,0,0,2
2,2536859.926,708059.4624,R2_F2_m2f2_P2_Y1_UO491,R2_F2_m-1f-1_P2_Y-1_U15,R2_F2_m-1f-1_P2_Y-1_U88,MXY,3,32.77268104611518,1,0,0.0,0,0,0,-9999.0,0.5,1,P1_CV0,1,0,2,0,2
2,2536859.926,708059.4624,R2_F2_m2f2_P2_Y1_UO75,R2_F2_m-1f-1_P2_Y-1_U9,R2_F2_m-1f-1_P2_Y-1_U63,FXX,3,32.77268104611518,1,0,0.0,0,0,0,-9999.0,0.25,1,P1_CV0,1,2,0,1,1
2,2536859.926,708059.4624,R2_F2_m2f2_P2_Y1_UO568,R2_F2_m-1f-1_P2_Y-1_U112,R2_F2_m-1f-1_P2_Y-1_U78,MXY,3,32.77268104611518,1,0,0.0,0,0,0,-9999.0,1.0,1,P1_CV0,1,2,0,0,2
2,2536859.926,708059.4624,R2_F2_m2f2_P2_Y1_UO240,R2_F2_m-1f-1_P2_Y-1_U72,R2_F2_m-1f-1_P2_Y-1_U82,MXY,3,32.77268104611518,1,0,0.0,0,0,0,-9999.0,1.0,1,P1_CV0,1,1,1,0,2
2,2536859.926,708059.4624,R2_F2_m2f2_P2_Y1_UO217,R2_F2_m-1f-1_P2_Y-1_U99,R2_F2_m-1f-1_P2_Y-1_U105,MXY,3,32.77268104611518,1,0,0.0,0,0,0,-9999.0,0.0,1,P1_CV0,1,1,1,2,0
2,2536859.926,708059.4624,R2_F2_m2f2_P2_Y1_UO624,R2_F2_m-1f-1_P2_Y-1_U134,RD2_F2_m-1f-1_P2_Y-1_U135,FXX,3,32.77268104611518,1,0,1.0,0,0,0,-9999.0,0.25,1,P1_CV0,1,0,2,2,0
2,2536859.926,708059.4624,R2_F2_m2f2_P2_Y1_UO585,R2_F2_m-1f-1_P2_Y-1_U101,R2_F2_m-1f-1_P2_Y-1_U87,FXX,3,32.77268104611518,1,0,0.0,0,0,0,-9999.0,0.75,1,P1_CV0,1,0,2,1,1
2,2536859.926,708059.4624,R2_F2_m2f2_P2_Y1_UO34,R2_F2_m-1f-1_P2_Y-1_U138,R2_F2_m-1f-1_P2_Y-1_U96,MXY,3,32.75797059279164,1,0,0.0,0,0,0,-9999.0,0.5,1,P1_CV0,1,2,0,1,1
2,2536859.926,708059.4624,R2_F2_m2f2_P2_Y1_UO347,R2_F2_m-1f-1_P2_Y-1_U130,R2_F2_m-1f-1_P2_Y-1_U122,FXX,3,32.77268104611518,1,0,0.0,0,0,0,-9999.0,0.5,1,P1_CV0,1,1,1,2,0
2,2536859.926,708059.4624,R2_F2_m2f2_P2_Y1_UO426,R2_F2_m-1f-1_P2_Y-1_U129,R2_F2_m-1f-1_P2_Y-1_U35,MXY,3,32.77268104611518,1,0,0.0,0,0,0,-9999.0,0.5,1,P1_CV0,1,1,1,0,2
2,2536859.926,708059.4624,R2_F2_m2f2_P2_Y1_UO354,R2_F2_m-1f-1_P2_Y-1_U89,R2_F2_m-1f-1_P2_Y-1_U56,FXX,3,32.77268104611518,1,0,0.0,0,0,0,-9999.0,0.75,1,P1_CV0,1,2,0,2,0
2,2536859.926,708059.4624,R2_F2_m2f2_P2_Y1_UO208,R2_F2_m-1f-1_P2_Y-1_U15,R2_F2_m-1f-1_P2_Y-1_U128,FXX,3,32.77268104611518,1,0,0.0,0,0,0,-9999.0,0.5,1,P1_CV0,1,2,0,2,0
2,2536859.926,708059.4624,R2_F2_m2f2_P2_Y1_UO35,R2_F2_m-1f-1_P2_Y-1_U138,R2_F2_m-1f-1_P2_Y-1_U96,FXX,3,32.77268104611518,1,0,1.0,0,0,0,-9999.0,0.5,1,P1_CV0,1,1,1,1,1
2,2536859.926,708059.4624,R2_F2_m2f2_P2_Y1_UO53,R2_F2_m-1f-1_P2_Y-1_U72,R2_F2_m-1f-1_P2_Y-1_U131,MXY,3,32.77268104611518,1,0,0.0,0,0,0,-9999.0,1.0,1,P1_CV0,1,1,1,0,2
2,2536859.926,708059.4624,R2_F2_m2f2_P2_Y1_UO337,R2_F2_m-1f-1_P2_Y-1_U81,R2_F2_m-1f-1_P2_Y-1_U68,FXX,3,32.77268104611518,1,0,1.193,0,0,0,-9999.0,1.0,1,P1_CV0,1,1,1,2,0
2,2536859.926,708059.4624,R2_F2_m2f2_P2_Y1_UO76,R2_F2_m-1f-1_P2_Y-1_U9,R2_F2_m-1f-1_P2_Y-1_U63,FXX,3,32.77268104611518,1,0,1.09,0,0,0,-9999.0,0.25,1,P1_CV0,1,2,0,0,2
2,2536859.926,708059.4624,R2_F2_m2f2_P2_Y1_UO169,R2_F2_m-1f-1_P2_Y-1_U99,R2_F2_m-1f-1_P2_Y-1_U100,MXY,3,32.77268104611518,1,0,0.0,0,0,0,-9999.0,0.0,1,P1_CV0,1,0,2,0,2
2,2536859.926,708059.4624,R2_F2_m2f2_P2_Y1_UO599,R2_F2_m-1f-1_P2_Y-1_U44,R2_F2_m-1f-1_P2_Y-1_U56,MXY,3,32.77268104611518,1,0,0.0,0,0,0,-9999.0,0.75,1,P1_CV0,1,1,1,1,1
2,2536859.926,708059.4624,R2_F2_m2f2_P2_Y1_UO449,R2_F2_m-1f-1_P2_Y-1_U58,R2_F2_m-1f-1_P2_Y-1_U54,MXY,3,32.77268104611518,1,0,0.0,0,0,0,-9999.0,0.25,1,P1_CV0,1,0,2,0,2
2,2536859.926,708059.4624,R2_F2_m2f2_P2_Y1_UO583,R2_F2_m-1f-1_P2_Y-1_U101,R2_F2_m-1f-1_P2_Y-1_U87,FXX,3,32.77268104611518,1,0,1.468,0,0,0,-9999.0,0.75,1,P1_CV0,1,1,1,0,2
2,2536859.926,708059.4624,R2_F2_m2f2_P2_Y1_UO115,R2_F2_m-1f-1_P2_Y-1_U74,R2_F2_m-1f-1_P2_Y-1_U1,FXX,3,32.77268104611518,1,0,1.0,0,0,0,-9999.0,0.0,1,P1_CV0,1,1,1,2,0
2,2536859.926,708059.4624,R2_F2_m2f2_P2_Y1_UO38,R2_F2_m-1f-1_P2_Y-1_U99,R2_F2_m-1f-1_P2_Y-1_U106,FXX,3,32.77268104611518,1,0,2.013,0,0,0,-9999.0,0.0,1,P1_CV0,1,2,0,1,1
2,2536859.926,708059.4624,R2_F2_m2f2_P2_Y0_UO84,R2_F2_m-1f-1_P2_Y-1_U42,R2_F2_m-1f-1_P2_Y-1_U6,FXX,4,33.24150218749243,1,0,1.65,0,0,0,-9999.0,0.75,1,P1_CV0,1,2,0,0,2
2,2536859.926,708059.4624,R2_F2_m2f2_P2_Y0_UO560,R2_F2_m-1f-1_P2_Y-1_U98,R2_F2_m-1f-1_P2_Y-1_U46,FXX,4,33.24150218749243,1,0,0.0,0,0,0,-9999.0,0.25,1,P1_CV0,1,0,2,1,1
2,2536859.926,708059.4624,R2_F2_m2f2_P2_Y0_UO275,R2_F2_m-1f-1_P2_Y-1_U64,R2_F2_m-1f-1_P2_Y-1_U117,FXX,4,33.24150218749243,1,0,3.529,0,0,0,-9999.0,0.5,1,P1_CV0,1,1,1,1,1
2,2536859.926,708059.4624,R2_F2_m2f2_P2_Y0_UO211,R2_F2_m-1f-1_P2_Y-1_U64,R2_F2_m-1f-1_P2_Y-1_U63,FXX,4,33.24150218749243,1,0,1.491,0,0,0,-9999.0,0.25,1,P1_CV0,1,0,2,1,1
2,2536859.926,708059.4624,R2_F2_m2f2_P2_Y0_UO776,R2_F2_m-1f-1_P2_Y-1_U94,R2_F2_m-1f-1_P2_Y-1_U46,FXX,4,33.24150218749243,1,0,1.0,0,0,0,-9999.0,0.5,1,P1_CV0,1,0,2,2,0
2,2536859.926,708059.4624,R2_F2_m2f2_P2_Y0_UO254,R2_F2_m-1f-1_P2_Y-1_U61,R2_F2_m-1f-1_P2_Y-1_U133,FXX,4,33.24150218749243,1,0,1.277,0,0,0,-9999.0,0.25,1,P1_CV0,1,1,1,1,1
2,2536859.926,708059.4624,R2_F2_m2f2_P2_Y0_UO793,R2_F2_m-1f-1_P2_Y-1_U14,R2_F2_m-1f-1_P2_Y-1_U37,MXY,4,33.24150218749243,1,0,0.0,0,0,0,-9999.0,0.75,1,P1_CV0,1,2,0,2,0
2,2536859.926,708059.4624,R2_F2_m2f2_P2_Y0_UO586,R2_F2_m-1f-1_P2_Y-1_U74,R2_F2_m-1f-1_P2_Y-1_U85,MXY,4,33.24150218749243,1,0,0.0,0,0,0,-9999.0,0.25,1,P1_CV0,1,1,1,1,1
2,2536859.926,708059.4624,R2_F2_m2f2_P2_Y0_UO200,R2_F2_m-1f-1_P2_Y-1_U32,R2_F2_m-1f-1_P2_Y-1_U6,MXY,4,33.229414484261866,1,0,0.0,0,0,0,-9999.0,0.5,1,P1_CV0,1,1,1,0,2
2,2536859.926,708059.4624,R2_F2_m2f2_P2_Y0_UO379,R2_F2_m-1f-1_P2_Y-1_U39,R2_F2_m-1f-1_P2_Y-1_U85,FXX,4,33.24592016506231,1,0,1.086,0,0,0,-9999.0,0.5,1,P1_CV0,1,2,0,2,0
2,2536859.926,708059.4624,R2_F2_m-1f-1_P2_Y-1_U23,-9999,-9999,MXY,5,33.5411206776007,1,0,0.0,0,0,0,-9999.0,0.5,1,P1_CV0,1,1,1,0,2
2,2536859.926,708059.4624,R2_F2_m-1f-1_P2_Y-1_U119,-9999,-9999,FXX,5,33.5411206776007,1,0,1.173,0,0,0,-9999.0,0.5,1,P1_CV0,1,1,1,1,1
2,2536859.926,708059.4624,R2_F2_m-1f-1_P2_Y-1_U34,-9999,-9999,FXX,5,33.5411206776007,1,0,2.604,0,0,0,-9999.0,0.0,1,P1_CV0,1,0,2,0,2
2,2536859.926,708059.4624,Age0_F2_m2f2_P2_Y4_UO791,R2_F2_m2f2_P2_Y2_UO768,RD2_F3_m3f3_P3_Y2_UO33,FXX,0,31.05369039651229,0,0,0.0,0,0,0,0.0,0.5,1,P4_CV0,1,1,1,2,0
2,2536859.926,708059.4624,Age0_F2_m2f2_P2_Y4_UO793,R2_F2_m2f2_P2_Y2_UO768,RD2_F3_m3f3_P3_Y2_UO33,FXX,0,31.05369039651229,0,0,0.0,0,0,0,0.0,0.5,1,P4_CV0,1,2,0,2,0
2,2536859.926,708059.4624,R2_F2_m3f3_P3_Y2_UO33,R3_F3_m5f5_P5_Y0_UO242,R3_F3_m3f3_P3_Y0_UO690,MXY,2,31.779737227624487,1,0,0.0,0,0,0,-9999.0,0.375,1,P4_CV0,1,2,0,2,0
3,2532969.44,705413.5711,R3_F3_m2f2_P2_Y3_UO9,R2_F2_m-1f-1_P2_Y-1_U119,R2_F2_m2f2_P2_Y0_UO122,MXY,1,31.06191744585534,1,1,0.0,0,0,0,-9999.0,0.375,1,P1_CV0,2,0,2,2,0
3,2532969.44,705413.5711,Age0_F3_m3f3_P3_Y4_UO0,R3_F3_m3f3_P3_Y0_UO689,R3_F3_m3f3_P3_Y2_UO232,FXX,0,31.0220549447478,0,0,0.0,0,0,0,0.0,0.25,1,P2_CV0,2,1,1,0,2
3,2532969.44,705413.5711,Age0_F3_m3f3_P3_Y4_UO1,R3_F3_m3f3_P3_Y0_UO689,R3_F3_m3f3_P3_Y2_UO232,MXY,0,31.0220549447478,0,0,0.0,0,0,0,0.0,0.25,1,P2_CV0,2,1,1,1,1
3,2532969.44,705413.5711,Age0_F3_m3f3_P3_Y4_UO2,R3_F3_m3f3_P3_Y0_UO689,R3_F3_m3f3_P3_Y2_UO232,MXY,0,31.0220549447478,0,0,0.0,0,0,0,0.0,0.25,1,P2_CV0,2,0,2,1,1
3,2532969.44,705413.5711,Age0_F3_m3f3_P3_Y4_UO14,R3_F3_m3f3_P3_Y2_UO277,R3_F3_m3f3_P3_Y0_UO648,FXX,0,31.0220549447478,0,0,0.0,0,0,0,0.0,0.5625,1,P2_CV0,2,1,1,0,2
3,2532969.44,705413.5711,Age0_F3_m3f3_P3_Y4_UO51,R3_F3_m3f3_P3_Y1_UO546,R3_F3_m3f3_P3_Y2_UO356,MXY,0,31.0220549447478,0,0,0.0,0,0,0,0.0,0.4375,1,P2_CV0,2,1,1,1,1
3,2532969.44,705413.5711,Age0_F3_m3f3_P3_Y4_UO56,R3_F3_m3f3_P3_Y2_UO0,R3_F3_m3f3_P3_Y1_UO137,FXX,0,31.0220549447478,0,0,0.0,0,0,0,0.0,0.25,1,P2_CV0,2,2,0,1,1
3,2532969.44,705413.5711,Age0_F3_m3f3_P3_Y4_UO82,R3_F3_m3f3_P3_Y1_UO173,R3_F3_m3f3_P3_Y2_UO354,MXY,0,31.0220549447478,0,0,0.0,0,0,0,0.0,0.1875,1,P2_CV0,2,1,1,0,2
3,2532969.44,705413.5711,Age0_F3_m3f3_P3_Y4_UO90,R3_F3_m3f3_P3_Y2_UO510,R3_F3_m3f3_P3_Y0_UO691,FXX,0,31.0220549447478,0,0,0.0,0,0,0,0.0,0.1875,1,P2_CV0,2,2,0,1,1
3,2532969.44,705413.5711,Age0_F3_m3f3_P3_Y4_UO95,R3_F3_m3f3_P3_Y1_UO104,R3_F3_m3f3_P3_Y1_UO502,MXY,0,31.0220549447478,0,0,0.0,0,0,0,0.0,0.375,1,P2_CV0,2,1,1,1,1
3,2532969.44,705413.5711,Age0_F3_m3f3_P3_Y4_UO97,R3_F3_m3f3_P3_Y1_UO173,R3_F3_m3f3_P3_Y2_UO680,FXX,0,31.0220549447478,0,0,0.0,0,0,0,0.0,0.375,1,P2_CV0,2,0,2,2,0
3,2532969.44,705413.5711,Age0_F3_m3f3_P3_Y4_UO102,R3_F3_m3f3_P3_Y2_UO25,R3_F3_m3f3_P3_Y2_UO626,FXX,0,31.0220549447478,0,0,0.0,0,0,0,0.0,0.625,1,P2_CV0,2,2,0,1,1
3,2532969.44,705413.5711,Age0_F3_m3f3_P3_Y4_UO103,R3_F3_m3f3_P3_Y2_UO25,R3_F3_m3f3_P3_Y2_UO626,MXY,0,31.0220549447478,0,0,0.0,0,0,0,0.0,0.625,1,P2_CV0,2,1,1,0,2
3,2532969.44,705413.5711,Age0_F3_m3f3_P3_Y4_UO104,R3_F3_m3f3_P3_Y2_UO25,R3_F3_m3f3_P3_Y2_UO626,FXX,0,31.0220549447478,0,0,0.0,0,0,0,0.0,0.625,1,P2_CV0,2,1,1,1,1
3,2532969.44,705413.5711,Age0_F3_m3f3_P3_Y4_UO113,R3_F3_m3f3_P3_Y2_UO25,R3_F3_m-1f-1_P4_Y-1_U72,MXY,0,31.0220549447478,0,0,0.0,0,0,0,0.0,0.5625,1,P2_CV0,2,0,2,0,2
3,2532969.44,705413.5711,Age0_F3_m3f3_P3_Y4_UO118,R3_F3_m3f3_P3_Y2_UO22,R3_F3_m3f3_P3_Y2_UO20,MXY,0,31.0220549447478,0,0,0.0,0,0,0,0.0,0.625,1,P2_CV0,2,1,1,1,1
3,2532969.44,705413.5711,Age0_F3_m3f3_P3_Y4_UO119,R3_F3_m3f3_P3_Y2_UO22,R3_F3_m3f3_P3_Y2_UO20,FXX,0,31.0220549447478,0,0,0.0,0,0,0,0.0,0.625,1,P2_CV0,2,1,1,1,1
3,2532969.44,705413.5711,Age0_F3_m3f3_P3_Y4_UO120,R3_F3_m3f3_P3_Y2_UO22,R3_F3_m3f3_P3_Y2_UO20,FXX,0,31.0220549447478,0,0,0.0,0,0,0,0.0,0.625,1,P2_CV0,2,2,0,0,2
3,2532969.44,705413.5711,Age0_F3_m3f3_P3_Y4_UO132,R3_F3_m3f3_P3_Y1_UO104,R3_F3_m3f3_P3_Y2_UO253,FXX,0,31.0220549447478,0,0,0.0,0,0,0,0.0,0.6875,1,P2_CV0,2,1,1,1,1
3,2532969.44,705413.5711,Age0_F3_m3f3_P3_Y4_UO133,R3_F3_m3f3_P3_Y1_UO104,R3_F3_m3f3_P3_Y2_UO253,FXX,0,31.0220549447478,0,0,0.0,0,0,0,0.0,0.6875,1,P2_CV0,2,0,2,1,1
3,2532969.44,705413.5711,Age0_F3_m3f3_P3_Y4_UO134,R3_F3_m3f3_P3_Y2_UO291,R3_F3_m3f3_P3_Y2_UO764,MXY,0,31.0220549447478,0,0,0.0,0,0,0,0.0,0.5,1,P2_CV0,2,1,1,1,1
3,2532969.44,705413.5711,Age0_F3_m3f3_P3_Y4_UO135,R3_F3_m3f3_P3_Y2_UO291,R3_F3_m3f3_P3_Y2_UO764,MXY,0,31.0220549447478,0,0,0.0,0,0,0,0.0,0.5,1,P2_CV0,2,0,2,2,0
3,2532969.44,705413.5711,Age0_F3_m3f3_P3_Y4_UO182,R3_F3_m3f3_P3_Y2_UO845,R3_F3_m3f3_P3_Y2_UO616,MXY,0,31.0220549447478,0,0,0.0,0,0,0,0.0,0.3125,1,P2_CV0,2,0,2,2,0
3,2532969.44,705413.5711,Age0_F3_m3f3_P3_Y4_UO206,R3_F3_m5f5_P5_Y2_UO848,R3_F3_m3f3_P3_Y0_UO538,FXX,0,31.0220549447478,0,0,0.0,0,0,0,0.0,0.375,1,P2_CV0,2,1,1,1,1
3,2532969.44,705413.5711,Age0_F3_m3f3_P3_Y4_UO207,R3_F3_m3f3_P3_Y1_UO400,R3_F3_m3f3_P3_Y2_UO354,FXX,0,31.0220549447478,0,0,0.0,0,0,0,0.0,0.4375,1,P2_CV0,2,1,1,1,1
3,2532969.44,705413.5711,Age0_F3_m3f3_P3_Y4_UO208,R3_F3_m3f3_P3_Y1_UO400,R3_F3_m3f3_P3_Y2_UO354,MXY,0,31.0220549447478,0,0,0.0,0,0,0,0.0,0.4375,1,P2_CV0,2,1,1,2,0
3,2532969.44,705413.5711,Age0_F3_m3f3_P3_Y4_UO228,R3_F3_m3f3_P3_Y2_UO0,R3_F3_m3f3_P3_Y0_UO648,FXX,0,31.0220549447478,0,0,0.0,0,0,0,0.0,0.5,1,P2_CV0,2,1,1,1,1
3,2532969.44,705413.5711,Age0_F3_m3f3_P3_Y4_UO233,R3_F3_m3f3_P3_Y1_UO520,R3_F3_m3f3_P3_Y0_UO398,MXY,0,31.0220549447478,0,0,0.0,0,0,0,0.0,0.625,1,P2_CV0,2,2,0,1,1
3,2532969.44,705413.5711,Age0_F3_m3f3_P3_Y4_UO237,R3_F3_m3f3_P3_Y2_UO291,R3_F3_m3f3_P3_Y2_UO255,MXY,0,31.0220549447478,0,0,0.0,0,0,0,0.0,0.6875,1,P2_CV0,2,1,1,1,1
3,2532969.44,705413.5711,Age0_F3_m3f3_P3_Y4_UO238,R3_F3_m3f3_P3_Y2_UO291,R3_F3_m3f3_P3_Y2_UO255,FXX,0,31.0220549447478,0,0,0.0,0,0,0,0.0,0.6875,1,P2_CV0,2,0,2,1,1
3,2532969.44,705413.5711,Age0_F3_m3f3_P3_Y4_UO261,R3_F3_m3f3_P3_Y2_UO205,R3_F3_m3f3_P3_Y1_UO465,FXX,0,31.0220549447478,0,0,0.0,0,0,0,0.0,0.625,1,P2_CV0,2,1,1,1,1
3,2532969.44,705413.5711,Age0_F3_m3f3_P3_Y4_UO262,R3_F3_m3f3_P3_Y2_UO205,R3_F3_m3f3_P3_Y1_UO465,MXY,0,31.0220549447478,0,0,0.0,0,0,0,0.0,0.625,1,P2_CV0,2,1,1,2,0
3,2532969.44,705413.5711,Age0_F3_m3f3_P3_Y4_UO273,R3_F3_m-1f-1_P3_Y-1_U32,R3_F3_m3f3_P3_Y2_UO680,FXX,0,31.0220549447478,0,0,0.0,0,0,0,0.0,0.75,1,P2_CV0,2,2,0,2,0
3,2532969.44,705413.5711,Age0_F3_m3f3_P3_Y4_UO274,R3_F3_m-1f-1_P3_Y-1_U32,R3_F3_m3f3_P3_Y2_UO680,MXY,0,31.0220549447478,0,0,0.0,0,0,0,0.0,0.75,1,P2_CV0,2,1,1,2,0
3,2532969.44,705413.5711,Age0_F3_m3f3_P3_Y4_UO284,R3_F3_m3f3_P3_Y1_UO503,R3_F3_m3f3_P3_Y2_UO615,MXY,0,31.0220549447478,0,0,0.0,0,0,0,0.0,0.4375,1,P2_CV0,2,1,1,1,1
3,2532969.44,705413.5711,Age0_F3_m3f3_P3_Y4_UO289,R3_F3_m3f3_P3_Y1_UO104,R3_F3_m3f3_P3_Y1_UO594,MXY,0,31.0220549447478,0,0,0.0,0,0,0,0.0,0.625,1,P2_CV0,2,0,2,1,1
3,2532969.44,705413.5711,Age0_F3_m3f3_P3_Y4_UO333,R3_F3_m3f3_P3_Y2_UO845,R3_F3_m3f3_P3_Y2_UO206,MXY,0,31.0220549447478,0,0,0.0,0,0,0,0.0,0.25,1,P2_CV0,2,0,2,1,1
3,2532969.44,705413.5711,Age0_F3_m3f3_P3_Y4_UO341,R3_F3_m3f3_P3_Y1_UO400,R3_F3_m3f3_P3_Y2_UO354,MXY,0,31.0220549447478,0,0,0.0,0,0,0,0.0,0.4375,1,P2_CV0,2,1,1,1,1
3,2532969.44,705413.5711,Age0_F3_m3f3_P3_Y4_UO357,R3_F3_m-1f-1_P3_Y-1_U32,R3_F3_m3f3_P3_Y2_UO615,FXX,0,31.0220549447478,0,0,0.0,0,0,0,0.0,0.8125,1,P2_CV0,2,2,0,1,1
3,2532969.44,705413.5711,Age0_F3_m3f3_P3_Y4_UO358,R3_F3_m3f3_P3_Y1_UO104,R3_F3_m3f3_P3_Y2_UO36,MXY,0,31.0220549447478,0,0,0.0,0,0,0,0.0,0.4375,1,P2_CV0,2,1,1,1,1
3,2532969.44,705413.5711,Age0_F3_m3f3_P3_Y4_UO385,R3_F3_m3f3_P3_Y2_UO613,R3_F3_m3f3_P3_Y0_UO410,MXY,0,31.0220549447478,0,0,0.0,0,0,0,0.0,0.4375,1,P2_CV0,2,2,0,1,1
3,2532969.44,705413.5711,Age0_F3_m3f3_P3_Y4_UO386,R3_F3_m3f3_P3_Y2_UO613,R3_F3_m3f3_P3_Y0_UO410,MXY,0,31.0220549447478,0,0,0.0,0,0,0,0.0,0.4375,1,P2_CV0,2,2,0,0,2
3,2532969.44,705413.5711,Age0_F3_m3f3_P3_Y4_UO391,R3_F3_m3f3_P3_Y2_UO205,R3_F3_m3f3_P3_Y0_UO690,MXY,0,31.0220549447478,0,0,0.0,0,0,0,0.0,0.25,1,P2_CV0,2,1,1,2,0
3,2532969.44,705413.5711,Age0_F3_m3f3_P3_Y4_UO401,R3_F3_m3f3_P3_Y0_UO133,R3_F3_m3f3_P3_Y2_UO606,MXY,0,31.0220549447478,0,0,0.0,0,0,0,0.0,0.625,1,P2_CV0,2,0,2,1,1
3,2532969.44,705413.5711,Age0_F3_m3f3_P3_Y4_UO402,R3_F3_m3f3_P3_Y0_UO133,R3_F3_m3f3_P3_Y2_UO606,FXX,0,31.0220549447478,0,0,0.0,0,0,0,0.0,0.625,1,P2_CV0,2,0,2,0,2
3,2532969.44,705413.5711,Age0_F3_m3f3_P3_Y4_UO403,R3_F3_m3f3_P3_Y0_UO133,R3_F3_m3f3_P3_Y2_UO606,MXY,0,31.0220549447478,0,0,0.0,0,0,0,0.0,0.625,1,P2_CV0,2,0,2,1,1
3,2532969.44,705413.5711,Age0_F3_m3f3_P3_Y4_UO408,R3_F3_m3f3_P3_Y2_UO510,R3_F3_m3f3_P3_Y0_UO648,FXX,0,31.0220549447478,0,0,0.0,0,0,0,0.0,0.5625,1,P2_CV0,2,1,1,1,1
3,2532969.44,705413.5711,Age0_F3_m3f3_P3_Y4_UO409,R3_F3_m3f3_P3_Y2_UO510,R3_F3_m3f3_P3_Y0_UO648,FXX,0,31.0220549447478,0,0,0.0,0,0,0,0.0,0.5625,1,P2_CV0,2,2,0,1,1
3,2532969.44,705413.5711,Age0_F3_m3f3_P3_Y4_UO410,R3_F3_m3f3_P3_Y2_UO510,R3_F3_m3f3_P3_Y0_UO648,MXY,0,31.0220549447478,0,0,0.0,0,0,0,0.0,0.5625,1,P2_CV0,2,1,1,1,1
3,2532969.44,705413.5711,Age0_F3_m3f3_P3_Y4_UO416,R3_F3_m3f3_P3_Y2_UO0,R3_F3_m3f3_P3_Y2_UO249,FXX,0,31.0220549447478,0,0,0.0,0,0,0,0.0,0.3125,1,P2_CV0,2,1,1,1,1
3,2532969.44,705413.5711,Age0_F3_m3f3_P3_Y4_UO432,R3_F3_m3f3_P3_Y1_UO380,R3_F3_m3f3_P3_Y2_UO728,FXX,0,31.0220549447478,0,0,0.0,0,0,0,0.0,0.4375,1,P2_CV0,2,1,1,1,1
3,2532969.44,705413.5711,Age0_F3_m3f3_P3_Y4_UO433,R3_F3_m3f3_P3_Y1_UO380,R3_F3_m3f3_P3_Y2_UO728,MXY,0,31.0220549447478,0,0,0.0,0,0,0,0.0,0.4375,1,P2_CV0,2,2,0,2,0
3,2532969.44,705413.5711,Age0_F3_m3f3_P3_Y4_UO457,R3_F3_m3f3_P3_Y0_UO689,R3_F3_m3f3_P3_Y2_UO12,MXY,0,31.0220549447478,0,0,0.0,0,0,0,0.0,0.25,1,P2_CV0,2,0,2,1,1
3,2532969.44,705413.5711,Age0_F3_m3f3_P3_Y4_UO458,R3_F3_m3f3_P3_Y0_UO689,R3_F3_m3f3_P3_Y2_UO12,MXY,0,31.0220549447478,0,0,0.0,0,0,0,0.0,0.25,1,P2_CV0,2,0,2,0,2
3,2532969.44,705413.5711,Age0_F3_m3f3_P3_Y4_UO459,R3_F3_m3f3_P3_Y0_UO689,R3_F3_m3f3_P3_Y2_UO12,FXX,0,31.0220549447478,0,0,0.0,0,0,0,0.0,0.25,1,P2_CV0,2,1,1,1,1
3,2532969.44,705413.5711,Age0_F3_m3f3_P3_Y4_UO460,R3_F3_m3f3_P3_Y0_UO689,R3_F3_m3f3_P3_Y2_UO616,FXX,0,31.0220549447478,0,0,0.0,0,0,0,0.0,0.3125,1,P2_CV0,2,0,2,1,1
3,2532969.44,705413.5711,Age0_F3_m3f3_P3_Y4_UO461,R3_F3_m3f3_P3_Y0_UO689,R3_F3_m3f3_P3_Y2_UO616,MXY,0,31.0220549447478,0,0,0.0,0,0,0,0.0,0.3125,1,P2_CV0,2,0,2,0,2
3,2532969.44,705413.5711,Age0_F3_m3f3_P3_Y4_UO462,R3_F3_m3f3_P3_Y2_UO251,R3_F3_m3f3_P3_Y1_UO451,MXY,0,31.0220549447478,0,0,0.0,0,0,0,0.0,0.4375,1,P2_CV0,2,1,1,2,0
3,2532969.44,705413.5711,Age0_F3_m3f3_P3_Y4_UO463,R3_F3_m5f5_P5_Y2_UO848,R3_F3_m3f3_P3_Y1_UO465,MXY,0,31.0220549447478,0,0,0.0,0,0,0,0.0,0.5,1,P2_CV0,2,1,1,2,0
3,2532969.44,705413.5711,Age0_F3_m3f3_P3_Y4_UO465,R3_F3_m3f3_P3_Y2_UO276,R3_F3_m3f3_P3_Y2_UO237,MXY,0,31.0220549447478,0,0,0.0,0,0,0,0.0,0.4375,1,P2_CV0,2,0,2,0,2
3,2532969.44,705413.5711,Age0_F3_m3f3_P3_Y4_UO466,R3_F3_m3f3_P3_Y2_UO276,R3_F3_m3f3_P3_Y2_UO237,FXX,0,31.0220549447478,0,0,0.0,0,0,0,0.0,0.4375,1,P2_CV0,2,1,1,0,2
3,2532969.44,705413.5711,Age0_F3_m3f3_P3_Y4_UO470,R3_F3_m3f3_P3_Y2_UO355,R3_F3_m-1f-1_P3_Y-1_U26,FXX,0,31.0220549447478,0,0,0.0,0,0,0,0.0,0.3125,1,P2_CV0,2,1,1,1,1
3,2532969.44,705413.5711,Age0_F3_m3f3_P3_Y4_UO471,R3_F3_m3f3_P3_Y2_UO355,R3_F3_m-1f-1_P3_Y-1_U26,FXX,0,31.0220549447478,0,0,0.0,0,0,0,0.0,0.3125,1,P2_CV0,2,1,1,2,0
3,2532969.44,705413.5711,Age0_F3_m3f3_P3_Y4_UO472,R3_F3_m3f3_P3_Y1_UO186,R3_F3_m3f3_P3_Y2_UO846,MXY,0,31.0220549447478,0,0,0.0,0,0,0,0.0,0.5,1,P2_CV0,2,0,2,1,1
3,2532969.44,705413.5711,Age0_F3_m3f3_P3_Y4_UO473,R3_F3_m3f3_P3_Y1_UO186,R3_F3_m3f3_P3_Y2_UO846,MXY,0,31.0220549447478,0,0,0.0,0,0,0,0.0,0.5,1,P2_CV0,2,0,2,1,1
3,2532969.44,705413.5711,Age0_F3_m3f3_P3_Y4_UO477,R3_F3_m3f3_P3_Y2_UO277,R3_F3_m3f3_P3_Y2_UO36,FXX,0,31.0220549447478,0,0,0.0,0,0,0,0.0,0.375,1,P2_CV0,2,2,0,0,2
3,2532969.44,705413.5711,Age0_F3_m3f3_P3_Y4_UO478,R3_F3_m3f3_P3_Y2_UO277,R3_F3_m3f3_P3_Y2_UO36,FXX,0,31.0220549447478,0,0,0.0,0,0,0,0.0,0.375,1,P2_CV0,2,2,0,2,0
3,2532969.44,705413.5711,Age0_F3_m3f3_P3_Y4_UO479,R3_F3_m3f3_P3_Y2_UO277,R3_F3_m3f3_P3_Y2_UO36,FXX,0,31.0220549447478,0,0,0.0,0,0,0,0.0,0.375,1,P2_CV0,2,2,0,1,1
3,2532969.44,705413.5711,Age0_F3_m3f3_P3_Y4_UO502,R3_F3_m3f3_P3_Y1_UO546,R3_F3_m3f3_P3_Y0_UO398,FXX,0,31.0220549447478,0,0,0.0,0,0,0,0.0,0.625,1,P2_CV0,2,2,0,0,2
3,2532969.44,705413.5711,Age0_F3_m3f3_P3_Y4_UO503,R3_F3_m3f3_P3_Y1_UO546,R3_F3_m3f3_P3_Y0_UO398,MXY,0,31.0220549447478,0,0,0.0,0,0,0,0.0,0.625,1,P2_CV0,2,2,0,1,1
3,2532969.44,705413.5711,Age0_F3_m3f3_P3_Y4_UO637,I3_F7_m3f3_P3_Y0_UO264,R3_F3_m3f3_P3_Y2_UO19,MXY,0,31.0220549447478,0,0,0.0,0,0,0,0.0,0.4375,1,P2_CV0,2,2,0,1,1
3,2532969.44,705413.5711,Age0_F3_m3f3_P3_Y4_UO638,I3_F7_m3f3_P3_Y0_UO264,R3_F3_m3f3_P3_Y2_UO19,MXY,0,31.0220549447478,0,0,0.0,0,0,0,0.0,0.4375,1,P2_CV0,2,2,0,1,1
3,2532969.44,705413.5711,Age0_F3_m3f3_P3_Y4_UO639,I3_F7_m3f3_P3_Y0_UO264,R3_F3_m3f3_P3_Y2_UO19,MXY,0,31.0220549447478,0,0,0.0,0,0,0,0.0,0.4375,1,P2_CV0,2,1,1,1,1
3,2532969.44,705413.5711,Age0_F3_m3f3_P3_Y4_UO646,R3_F3_m3f3_P3_Y1_UO104,R3_F3_m3f3_P3_Y2_UO681,MXY,0,31.0220549447478,0,0,0.0,0,0,0,0.0,0.5,1,P2_CV0,2,1,1,1,1
3,2532969.44,705413.5711,Age0_F3_m3f3_P3_Y4_UO647,R3_F3_m3f3_P3_Y1_UO104,R3_F3_m3f3_P3_Y2_UO162,FXX,0,31.0220549447478,0,0,0.0,0,0,0,0.0,0.5625,1,P2_CV0,2,1,1,1,1
3,2532969.44,705413.5711,Age0_F3_m3f3_P3_Y4_UO648,R3_F3_m3f3_P3_Y1_UO104,R3_F3_m3f3_P3_Y2_UO162,FXX,0,31.0220549447478,0,0,0.0,0,0,0,0.0,0.5625,1,P2_CV0,2,1,1,1,1
3,2532969.44,705413.5711,Age0_F3_m3f3_P3_Y4_UO662,R3_F3_m3f3_P3_Y2_UO510,R3_F3_m3f3_P3_Y2_UO12,FXX,0,31.0220549447478,0,0,0.0,0,0,0,0.0,0.4375,1,P2_CV0,2,1,1,1,1
3,2532969.44,705413.5711,Age0_F3_m3f3_P3_Y4_UO663,R3_F3_m3f3_P3_Y2_UO510,R3_F3_m3f3_P3_Y2_UO12,MXY,0,31.0220549447478,0,0,0.0,0,0,0,0.0,0.4375,1,P2_CV0,2,1,1,1,1
3,2532969.44,705413.5711,Age0_F3_m3f3_P3_Y4_UO664,R3_F3_m3f3_P3_Y1_UO546,R3_F3_m-1f-1_P3_Y-1_U26,MXY,0,31.0220549447478,0,0,0.0,0,0,0,0.0,0.625,1,P2_CV0,2,2,0,0,2
3,2532969.44,705413.5711,Age0_F3_m3f3_P3_Y4_UO665,R3_F3_m3f3_P3_Y1_UO546,R3_F3_m-1f-1_P3_Y-1_U26,MXY,0,31.0220549447478,0,0,0.0,0,0,0,0.0,0.625,1,P2_CV0,2,2,0,0,2
3,2532969.44,705413.5711,Age0_F3_m3f3_P3_Y4_UO666,R3_F3_m3f3_P3_Y1_UO546,R3_F3_m-1f-1_P3_Y-1_U26,MXY,0,31.0220549447478,0,0,0.0,0,0,0,0.0,0.625,1,P2_CV0,2,1,1,2,0
3,2532969.44,705413.5711,Age0_F3_m3f3_P3_Y4_UO667,R3_F3_m3f3_P3_Y0_UO317,R3_F3_m3f3_P3_Y2_UO19,MXY,0,31.0220549447478,0,0,0.0,0,0,0,0.0,0.6875,1,P2_CV0,2,0,2,1,1
3,2532969.44,705413.5711,Age0_F3_m3f3_P3_Y4_UO668,R3_F3_m3f3_P3_Y0_UO317,R3_F3_m3f3_P3_Y2_UO19,MXY,0,31.0220549447478,0,0,0.0,0,0,0,0.0,0.6875,1,P2_CV0,2,1,1,0,2
3,2532969.44,705413.5711,Age0_F3_m3f3_P3_Y4_UO685,R3_F3_m3f3_P3_Y1_UO400,R3_F3_m3f3_P3_Y2_UO360,MXY,0,31.0220549447478,0,0,0.0,0,0,0,0.0,0.625,1,P2_CV0,2,1,1,2,0
3,2532969.44,705413.5711,Age0_F3_m3f3_P3_Y4_UO686,R3_F3_m3f3_P3_Y1_UO400,R3_F3_m3f3_P3_Y2_UO360,FXX,0,31.0220549447478,0,0,0.0,0,0,0,0.0,0.625,1,P2_CV0,2,1,1,1,1
3,2532969.44,705413.5711,Age0_F3_m3f3_P3_Y4_UO693,I3_F7_m3f3_P3_Y1_UO545,R3_F3_m3f3_P3_Y2_UO231,MXY,0,31.0220549447478,0,0,0.0,0,0,0,0.0,0.625,1,P2_CV0,2,1,1,0,2
3,2532969.44,705413.5711,Age0_F3_m3f3_P3_Y4_UO707,R3_F3_m3f3_P3_Y1_UO222,R3_F3_m3f3_P3_Y2_UO12,MXY,0,31.0220549447478,0,0,0.0,0,0,0,0.0,0.375,1,P2_CV0,2,0,2,2,0
3,2532969.44,705413.5711,Age0_F3_m3f3_P3_Y4_UO718,R3_F3_m3f3_P3_Y2_UO242,R3_F3_m3f3_P3_Y1_UO514,MXY,0,31.0220549447478,0,0,0.0,0,0,0,0.0,0.625,1,P2_CV0,2,2,0,0,2
3,2532969.44,705413.5711,Age0_F3_m3f3_P3_Y4_UO719,R3_F3_m3f3_P3_Y2_UO242,R3_F3_m3f3_P3_Y1_UO514,FXX,0,31.0220549447478,0,0,0.0,0,0,0,0.0,0.625,1,P2_CV0,2,2,0,1,1
3,2532969.44,705413.5711,Age0_F3_m3f3_P3_Y4_UO725,R3_F3_m3f3_P3_Y2_UO291,R3_F3_m3f3_P3_Y0_UO398,MXY,0,31.0220549447478,0,0,0.0,0,0,0,0.0,0.5,1,P2_CV0,2,1,1,0,2
3,2532969.44,705413.5711,Age0_F3_m3f3_P3_Y4_UO729,R3_F3_m3f3_P3_Y2_UO25,R3_F3_m3f3_P3_Y2_UO232,MXY,0,31.0220549447478,0,0,0.0,0,0,0,0.0,0.5625,1,P2_CV0,2,2,0,0,2
3,2532969.44,705413.5711,Age0_F3_m3f3_P3_Y4_UO730,R3_F3_m3f3_P3_Y2_UO25,R3_F3_m3f3_P3_Y2_UO232,MXY,0,31.0220549447478,0,0,0.0,0,0,0,0.0,0.5625,1,P2_CV0,2,1,1,0,2
3,2532969.44,705413.5711,Age0_F3_m3f3_P3_Y4_UO731,R3_F3_m3f3_P3_Y2_UO25,R3_F3_m3f3_P3_Y2_UO232,FXX,0,31.0220549447478,0,0,0.0,0,0,0,0.0,0.5625,1,P2_CV0,2,1,1,0,2
3,2532969.44,705413.5711,Age0_F3_m3f3_P3_Y4_UO738,I3_F7_m3f3_P3_Y2_UO477,R3_F3_m3f3_P3_Y2_UO237,MXY,0,31.0220549447478,0,0,0.0,0,0,0,0.0,0.5,1,P2_CV0,2,2,0,0,2
3,2532969.44,705413.5711,Age0_F3_m3f3_P3_Y4_UO739,I3_F7_m3f3_P3_Y2_UO477,R3_F3_m3f3_P3_Y2_UO237,FXX,0,31.0220549447478,0,0,0.0,0,0,0,0.0,0.5,1,P2_CV0,2,2,0,0,2
3,2532969.44,705413.5711,Age0_F3_m3f3_P3_Y4_UO740,R3_F3_m3f3_P3_Y2_UO291,R3_F3_m-1f-1_P3_Y-1_U26,FXX,0,31.0220549447478,0,0,0.0,0,0,0,0.0,0.5,1,P2_CV0,2,0,2,2,0
3,2532969.44,705413.5711,Age0_F3_m3f3_P3_Y4_UO741,R3_F3_m3f3_P3_Y2_UO291,R3_F3_m-1f-1_P3_Y-1_U26,FXX,0,31.0220549447478,0,0,0.0,0,0,0,0.0,0.5,1,P2_CV0,2,0,2,1,1
3,2532969.44,705413.5711,Age0_F3_m3f3_P3_Y4_UO742,R3_F3_m3f3_P3_Y0_UO689,R3_F3_m3f3_P3_Y2_UO20,FXX,0,31.0220549447478,0,0,0.0,0,0,0,0.0,0.3125,1,P2_CV0,2,0,2,2,0
3,2532969.44,705413.5711,Age0_F3_m3f3_P3_Y4_UO743,R3_F3_m3f3_P3_Y0_UO689,R3_F3_m3f3_P3_Y2_UO20,FXX,0,31.0220549447478,0,0,0.0,0,0,0,0.0,0.3125,1,P2_CV0,2,0,2,2,0
3,2532969.44,705413.5711,Age0_F3_m3f3_P3_Y4_UO744,R3_F3_m3f3_P3_Y0_UO689,R3_F3_m3f3_P3_Y2_UO20,MXY,0,31.0220549447478,0,0,0.0,0,0,0,0.0,0.3125,1,P2_CV0,2,1,1,1,1
3,2532969.44,705413.5711,Age0_F3_m3f3_P3_Y4_UO745,R3_F3_m3f3_P3_Y0_UO689,R3_F3_m3f3_P3_Y2_UO20,MXY,0,31.0220549447478,0,0,0.0,0,0,0,0.0,0.3125,1,P2_CV0,2,0,2,1,1
3,2532969.44,705413.5711,Age0_F3_m3f3_P3_Y4_UO772,R3_F3_m3f3_P3_Y2_UO510,R3_F3_m3f3_P3_Y2_UO478,FXX,0,31.0220549447478,0,0,0.0,0,0,0,0.0,0.4375,1,P2_CV0,2,2,0,0,2
3,2532969.44,705413.5711,Age0_F3_m3f3_P3_Y4_UO773,R3_F3_m3f3_P3_Y2_UO510,R3_F3_m3f3_P3_Y2_UO478,FXX,0,31.0220549447478,0,0,0.0,0,0,0,0.0,0.4375,1,P2_CV0,2,1,1,1,1
3,2532969.44,705413.5711,Age0_F3_m3f3_P3_Y4_UO774,R3_F3_m3f3_P3_Y2_UO22,R3_F3_m3f3_P3_Y2_UO249,FXX,0,31.0220549447478,0,0,0.0,0,0,0,0.0,0.5,1,P2_CV0,2,1,1,1,1
3,2532969.44,705413.5711,Age0_F3_m3f3_P3_Y4_UO775,R3_F3_m3f3_P3_Y2_UO0,R3_F3_m3f3_P3_Y2_UO763,MXY,0,31.0220549447478,0,0,0.0,0,0,0,0.0,0.375,1,P2_CV0,2,1,1,1,1
3,2532969.44,705413.5711,Age0_F3_m3f3_P3_Y4_UO776,R3_F3_m3f3_P3_Y2_UO0,R3_F3_m3f3_P3_Y2_UO763,MXY,0,31.0220549447478,0,0,0.0,0,0,0,0.0,0.375,1,P2_CV0,2,1,1,1,1
3,2532969.44,705413.5711,Age0_F3_m3f3_P3_Y4_UO803,R3_F3_m3f3_P3_Y2_UO251,R3_F3_m3f3_P3_Y2_UO20,MXY,0,31.0220549447478,0,0,0.0,0,0,0,0.0,0.75,1,P2_CV0,2,0,2,2,0
3,2532969.44,705413.5711,Age0_F3_m3f3_P3_Y4_UO804,R3_F3_m3f3_P3_Y2_UO251,R3_F3_m3f3_P3_Y2_UO20,FXX,0,31.0220549447478,0,0,0.0,0,0,0,0.0,0.75,1,P2_CV0,2,1,1,1,1
3,2532969.44,705413.5711,Age0_F3_m3f3_P3_Y4_UO805,R3_F3_m-1f-1_P3_Y-1_U32,R3_F3_m3f3_P3_Y1_UO100,FXX,0,31.0220549447478,0,0,0.0,0,0,0,0.0,0.875,1,P2_CV0,2,1,1,2,0
3,2532969.44,705413.5711,Age0_F3_m3f3_P3_Y4_UO806,R3_F3_m-1f-1_P3_Y-1_U32,R3_F3_m3f3_P3_Y1_UO100,MXY,0,31.0220549447478,0,0,0.0,0,0,0,0.0,0.875,1,P2_CV0,2,2,0,2,0
3,2532969.44,705413.5711,Age0_F3_m3f3_P3_Y4_UO843,R3_F3_m3f3_P3_Y2_UO574,R3_F3_m3f3_P3_Y2_UO728,FXX,0,31.0220549447478,0,0,0.0,0,0,0,0.0,0.75,1,P2_CV0,2,0,2,1,1
3,2532969.44,705413.5711,Age0_F3_m3f3_P3_Y4_UO847,R3_F3_m3f3_P3_Y1_UO222,R3_F3_m3f3_P3_Y2_UO728,MXY,0,31.0220549447478,0,0,0.0,0,0,0,0.0,0.4375,1,P2_CV0,2,1,1,1,1
3,2532969.44,705413.5711,Age0_F3_m3f3_P3_Y4_UO848,R3_F3_m3f3_P3_Y1_UO222,R3_F3_m3f3_P3_Y2_UO728,FXX,0,31.0220549447478,0,0,0.0,0,0,0,0.0,0.4375,1,P2_CV0,2,2,0,2,0
3,2532969.44,705413.5711,Age0_F3_m3f3_P3_Y4_UO861,R3_F3_m3f3_P3_Y2_UO291,R3_F3_m3f3_P3_Y1_UO100,MXY,0,31.0220549447478,0,0,0.0,0,0,0,0.0,0.625,1,P2_CV0,2,0,2,2,0
3,2532969.44,705413.5711,Age0_F3_m3f3_P3_Y4_UO862,R3_F3_m3f3_P3_Y2_UO291,R3_F3_m3f3_P3_Y1_UO100,FXX,0,31.0220549447478,0,0,0.0,0,0,0,0.0,0.625,1,P2_CV0,2,1,1,2,0
3,2532969.44,705413.5711,Age0_F3_m3f3_P3_Y4_UO879,R3_F3_m3f3_P3_Y2_UO24,R3_F3_m3f3_P3_Y2_UO280,MXY,0,31.0220549447478,0,0,0.0,0,0,0,0.0,0.5,1,P2_CV0,2,2,0,0,2
3,2532969.44,705413.5711,Age0_F3_m3f3_P3_Y4_UO880,R3_F3_m3f3_P3_Y0_UO140,R3_F3_m3f3_P3_Y0_UO690,MXY,0,31.0220549447478,0,0,0.0,0,0,0,0.0,0.25,1,P2_CV0,2,2,0,1,1
3,2532969.44,705413.5711,Age0_F3_m3f3_P3_Y4_UO881,R3_F3_m3f3_P3_Y0_UO140,R3_F3_m3f3_P3_Y0_UO690,FXX,0,31.0220549447478,0,0,0.0,0,0,0,0.0,0.25,1,P2_CV0,2,1,1,0,2
3,2532969.44,705413.5711,Age0_F3_m3f3_P3_Y4_UO882,R3_F3_m3f3_P3_Y0_UO140,R3_F3_m3f3_P3_Y0_UO690,FXX,0,31.0220549447478,0,0,0.0,0,0,0,0.0,0.25,1,P2_CV0,2,1,1,1,1
3,2532969.44,705413.5711,Age0_F3_m3f3_P3_Y4_UO918,R3_F3_m3f3_P3_Y1_UO520,R3_F3_m3f3_P3_Y2_UO20,MXY,0,31.0220549447478,0,0,0.0,0,0,0,0.0,0.6875,1,P2_CV0,2,2,0,1,1
3,2532969.44,705413.5711,Age0_F3_m3f3_P3_Y4_UO927,R3_F3_m3f3_P3_Y1_UO104,R3_F3_m3f3_P3_Y2_UO280,MXY,0,31.0220549447478,0,0,0.0,0,0,0,0.0,0.4375,1,P2_CV0,2,0,2,1,1
3,2532969.44,705413.5711,Age0_F3_m3f3_P3_Y4_UO928,R3_F3_m3f3_P3_Y1_UO104,R3_F3_m3f3_P3_Y2_UO280,MXY,0,31.0220549447478,0,0,0.0,0,0,0,0.0,0.4375,1,P2_CV0,2,1,1,0,2
3,2532969.44,705413.5711,Age0_F3_m3f3_P3_Y4_UO931,R3_F3_m3f3_P3_Y1_UO400,R3_F3_m3f3_P3_Y0_UO410,FXX,0,31.0220549447478,0,0,0.0,0,0,0,0.0,0.5,1,P2_CV0,2,2,0,2,0
3,2532969.44,705413.5711,Age0_F3_m3f3_P3_Y4_UO932,R3_F3_m3f3_P3_Y1_UO400,R3_F3_m3f3_P3_Y0_UO410,MXY,0,31.0220549447478,0,0,0.0,0,0,0,0.0,0.5,1,P2_CV0,2,2,0,1,1
3,2532969.44,705413.5711,Age0_F3_m3f3_P3_Y4_UO933,R3_F3_m3f3_P3_Y0_UO689,R3_F3_m3f3_P3_Y1_UO502,FXX,0,31.0220549447478,0,0,0.0,0,0,0,0.0,0.125,1,P2_CV0,2,1,1,1,1
3,2532969.44,705413.5711,Age0_F3_m3f3_P3_Y4_UO934,R3_F3_m3f3_P3_Y0_UO689,R3_F3_m3f3_P3_Y1_UO502,MXY,0,31.0220549447478,0,0,0.0,0,0,0,0.0,0.125,1,P2_CV0,2,1,1,2,0
3,2532969.44,705413.5711,Age0_F3_m3f3_P3_Y4_UO941,R3_F3_m3f3_P3_Y1_UO520,R3_F3_m3f3_P3_Y2_UO206,FXX,0,31.0220549447478,0,0,0.0,0,0,0,0.0,0.625,1,P2_CV0,2,1,1,1,1
3,2532969.44,705413.5711,Age0_F3_m3f3_P3_Y4_UO942,R3_F3_m3f3_P3_Y1_UO520,R3_F3_m3f3_P3_Y2_UO206,MXY,0,31.0220549447478,0,0,0.0,0,0,0,0.0,0.625,1,P2_CV0,2,1,1,2,0
3,2532969.44,705413.5711,Age0_F3_m3f3_P3_Y4_UO943,R3_F3_m3f3_P3_Y1_UO503,R3_F3_m3f3_P3_Y1_UO502,FXX,0,31.0220549447478,0,0,0.0,0,0,0,0.0,0.25,1,P2_CV0,2,0,2,2,0
3,2532969.44,705413.5711,R3_F3_m3f3_P3_Y3_UO376,R3_F3_m3f3_P3_Y1_UO222,R3_F3_m3f3_P3_Y1_UO112,FXX,1,31.04553873654456,1,1,1.523,0,0,0,-9999.0,0.25,1,P2_CV0,2,1,1,2,0
3,2532969.44,705413.5711,R3_F3_m3f3_P3_Y3_UO14,R3_F3_m-1f-1_P3_Y-1_U32,R3_F3_m3f3_P3_Y0_UO266,FXX,1,31.04553873654456,1,1,0.0,0,0,0,-9999.0,0.625,1,P2_CV0,2,2,0,1,1
3,2532969.44,705413.5711,R3_F3_m3f3_P3_Y3_UO111,R3_F3_m-1f-1_P3_Y-1_U30,R3_F3_m3f3_P3_Y0_UO167,FXX,1,31.04553873654456,1,1,1.744,0,0,0,-9999.0,0.5,1,P2_CV0,2,1,1,1,1
3,2532969.44,705413.5711,R3_F3_m3f3_P3_Y3_UO21,R3_F3_m-1f-1_P3_Y-1_U88,R3_F3_m3f3_P3_Y0_UO455,FXX,1,31.04553873654456,1,1,2.04,0,0,0,-9999.0,0.75,1,P2_CV0,2,1,1,0,2
3,2532969.44,705413.5711,R3_F3_m3f3_P3_Y3_UO658,R3_F3_m3f3_P3_Y0_UO314,R3_F3_m3f3_P3_Y1_UO594,FXX,1,31.04553873654456,1,1,1.09,0,0,0,-9999.0,0.75,1,P2_CV0,2,0,2,0,2
3,2532969.44,705413.5711,R3_F3_m3f3_P3_Y3_UO52,R3_F3_m3f3_P3_Y1_UO94,R3_F3_m-1f-1_P3_Y-1_U23,MXY,1,31.04553873654456,1,1,0.0,0,0,0,-9999.0,0.375,1,P2_CV0,2,1,1,1,1
3,2532969.44,705413.5711,R3_F3_m3f3_P3_Y3_UO85,R3_F3_m3f3_P3_Y1_UO546,R3_F3_m-1f-1_P3_Y-1_U45,MXY,1,31.04553873654456,1,1,0.0,0,0,0,-9999.0,0.875,1,P2_CV0,2,2,0,1,1
3,2532969.44,705413.5711,R3_F3_m3f3_P3_Y3_UO280,R3_F3_m3f3_P3_Y1_UO291,R3_F3_m3f3_P3_Y0_UO648,FXX,1,31.04553873654456,1,1,1.0,0,0,0,-9999.0,0.625,1,P2_CV0,2,1,1,0,2
3,2532969.44,705413.5711,R3_F3_m3f3_P3_Y3_UO608,R3_F3_m3f3_P3_Y1_UO324,R3_F3_m3f3_P3_Y1_UO7,MXY,1,31.04553873654456,1,1,0.0,0,0,0,-9999.0,0.75,1,P2_CV0,2,1,1,1,1
3,2532969.44,705413.5711,R3_F3_m3f3_P3_Y3_UO641,R3_F3_m3f3_P3_Y1_UO158,I3_F7_m3f3_P3_Y1_UO465,MXY,1,31.04553873654456,1,1,0.0,0,0,0,-9999.0,0.75,1,P2_CV0,2,1,1,2,0
3,2532969.44,705413.5711,R3_F3_m3f3_P3_Y3_UO803,R3_F3_m-1f-1_P3_Y-1_U30,R3_F3_m3f3_P3_Y0_UO455,FXX,1,31.04553873654456,1,1,1.735,0,0,0,-9999.0,0.75,1,P2_CV0,2,1,1,2,0
3,2532969.44,705413.5711,R3_F3_m3f3_P3_Y3_UO375,R3_F3_m3f3_P3_Y0_UO647,R3_F3_m3f3_P3_Y1_UO7,MXY,1,31.04553873654456,1,1,0.0,0,0,0,-9999.0,0.75,1,P2_CV0,2,1,1,2,0
3,2532969.44,705413.5711,R3_F3_m3f3_P3_Y3_UO268,R3_F3_m3f3_P3_Y0_UO95,R3_F3_m3f3_P3_Y1_UO514,MXY,1,31.04553873654456,1,1,0.0,0,0,0,-9999.0,0.625,1,P2_CV0,2,2,0,2,0
3,2532969.44,705413.5711,R3_F3_m3f3_P3_Y3_UO810,R3_F3_m3f3_P3_Y1_UO319,R3_F3_m3f3_P3_Y1_UO112,MXY,1,31.04553873654456,1,1,0.0,0,0,0,-9999.0,0.25,1,P2_CV0,2,0,2,1,1
3,2532969.44,705413.5711,R3_F3_m3f3_P3_Y3_UO153,R3_F3_m3f3_P3_Y1_UO575,R3_F3_m3f3_P3_Y1_UO7,MXY,1,31.04553873654456,1,1,0.0,0,0,0,-9999.0,0.875,1,P2_CV0,2,1,1,2,0
3,2532969.44,705413.5711,R3_F3_m3f3_P3_Y3_UO236,R3_F3_m-1f-1_P3_Y-1_U30,R3_F3_m3f3_P3_Y0_UO410,MXY,1,31.04553873654456,1,1,0.0,0,0,0,-9999.0,0.375,1,P2_CV0,2,2,0,1,1
3,2532969.44,705413.5711,R3_F3_m3f3_P3_Y3_UO196,R3_F3_m3f3_P3_Y0_UO95,R3_F3_m3f3_P3_Y1_UO137,MXY,1,31.04553873654456,1,1,0.0,0,0,0,-9999.0,0.5,1,P2_CV0,2,1,1,0,2
3,2532969.44,705413.5711,R3_F3_m3f3_P3_Y3_UO476,R3_F3_m-1f-1_P3_Y-1_U88,R3_F3_m3f3_P3_Y1_UO328,FXX,1,31.04553873654456,1,1,0.0,0,0,0,-9999.0,0.5,1,P2_CV0,2,1,1,2,0
3,2532969.44,705413.5711,R3_F3_m3f3_P3_Y3_UO536,R3_F3_m3f3_P3_Y1_UO380,R3_F3_m3f3_P3_Y1_UO423,MXY,1,31.04553873654456,1,1,0.0,0,0,0,-9999.0,0.375,1,P2_CV0,2,1,1,1,1
3,2532969.44,705413.5711,R3_F3_m3f3_P3_Y3_UO408,R3_F3_m3f3_P3_Y1_UO323,R3_F3_m3f3_P3_Y1_UO514,MXY,1,31.04553873654456,1,1,0.0,0,0,0,-9999.0,0.625,1,P2_CV0,2,2,0,1,1
3,2532969.44,705413.5711,R3_F3_m3f3_P3_Y3_UO591,R3_F3_m-1f-1_P3_Y-1_U30,R3_F3_m3f3_P3_Y1_UO193,MXY,1,31.04553873654456,1,1,0.0,0,0,0,-9999.0,0.375,1,P2_CV0,2,0,2,0,2
3,2532969.44,705413.5711,R3_F3_m3f3_P3_Y3_UO754,R3_F3_m3f3_P3_Y1_UO222,R3_F3_m3f3_P3_Y0_UO690,MXY,1,31.04553873654456,1,1,0.0,0,0,0,-9999.0,0.125,1,P2_CV0,2,2,0,2,0
3,2532969.44,705413.5711,R3_F3_m3f3_P3_Y3_UO418,R3_F3_m3f3_P3_Y0_UO486,R3_F3_m-1f-1_P3_Y-1_U38,FXX,1,31.04553873654456,1,1,1.416,0,0,0,-9999.0,0.75,1,P2_CV0,2,2,0,1,1
3,2532969.44,705413.5711,R3_F3_m3f3_P3_Y3_UO271,R3_F3_m-1f-1_P3_Y-1_U88,R3_F3_m3f3_P3_Y1_UO100,FXX,1,31.04553873654456,1,1,2.005,0,0,0,-9999.0,0.625,1,P2_CV0,2,2,0,2,0
3,2532969.44,705413.5711,R3_F3_m3f3_P3_Y3_UO151,R3_F3_m3f3_P3_Y1_UO487,R3_F3_m3f3_P3_Y1_UO137,MXY,1,31.04553873654456,1,1,0.0,0,0,0,-9999.0,0.5,1,P2_CV0,2,1,1,0,2
3,2532969.44,705413.5711,R3_F3_m3f3_P3_Y3_UO512,R3_F3_m3f3_P3_Y1_UO157,R3_F3_m3f3_P3_Y1_UO137,MXY,1,31.04553873654456,1,1,0.0,0,0,0,-9999.0,0.5,1,P2_CV0,2,2,0,1,1
3,2532969.44,705413.5711,R3_F3_m3f3_P3_Y3_UO109,R3_F3_m-1f-1_P3_Y-1_U30,R3_F3_m3f3_P3_Y0_UO167,MXY,1,31.04553873654456,1,1,0.0,0,0,0,-9999.0,0.5,1,P2_CV0,2,1,1,0,2
3,2532969.44,705413.5711,R3_F3_m3f3_P3_Y3_UO51,R3_F3_m3f3_P3_Y1_UO94,R3_F3_m-1f-1_P3_Y-1_U23,MXY,1,31.04553873654456,1,1,0.0,0,0,0,-9999.0,0.375,1,P2_CV0,2,0,2,1,1
3,2532969.44,705413.5711,R3_F3_m3f3_P3_Y3_UO112,R3_F3_m-1f-1_P3_Y-1_U30,R3_F3_m3f3_P3_Y0_UO167,FXX,1,31.04553873654456,1,1,1.273,0,0,0,-9999.0,0.5,1,P2_CV0,2,1,1,0,2
3,2532969.44,705413.5711,R3_F3_m3f3_P3_Y3_UO104,R3_F3_m3f3_P3_Y1_UO380,R3_F3_m3f3_P3_Y1_UO502,FXX,1,31.04553873654456,1,1,0.0,0,0,0,-9999.0,0.25,1,P2_CV0,2,0,2,2,0
3,2532969.44,705413.5711,R3_F3_m3f3_P3_Y3_UO363,R3_F3_m3f3_P3_Y1_UO291,R3_F3_m3f3_P3_Y1_UO513,MXY,1,31.04553873654456,1,1,0.0,0,0,0,-9999.0,0.5,1,P2_CV0,2,0,2,0,2
3,2532969.44,705413.5711,R3_F3_m3f3_P3_Y3_UO365,R3_F3_m3f3_P3_Y0_UO317,R3_F3_m3f3_P3_Y0_UO217,MXY,1,31.04553873654456,1,1,0.0,0,0,0,-9999.0,0.5,1,P2_CV0,2,0,2,0,2
3,2532969.44,705413.5711,R3_F3_m3f3_P3_Y3_UO15,R3_F3_m-1f-1_P3_Y-1_U32,R3_F3_m3f3_P3_Y0_UO266,FXX,1,31.04553873654456,1,1,1.0,0,0,0,-9999.0,0.625,1,P2_CV0,2,1,1,2,0
3,2532969.44,705413.5711,R3_F3_m3f3_P3_Y3_UO589,R3_F3_m3f3_P3_Y1_UO33,R3_F3_m-1f-1_P3_Y-1_U26,FXX,1,31.04553873654456,1,1,0.0,0,0,0,-9999.0,0.625,1,P2_CV0,2,1,1,2,0
3,2532969.44,705413.5711,R3_F3_m3f3_P3_Y3_UO186,R3_F3_m3f3_P3_Y0_UO647,R3_F3_m-1f-1_P3_Y-1_U9,FXX,1,31.04553873654456,1,1,3.325,0,0,0,-9999.0,0.375,1,P2_CV0,2,0,2,2,0
3,2532969.44,705413.5711,R3_F3_m3f3_P3_Y3_UO568,R3_F3_m3f3_P3_Y1_UO291,R3_F3_m3f3_P3_Y1_UO112,FXX,1,31.04553873654456,1,1,1.712,0,0,0,-9999.0,0.375,1,P2_CV0,2,0,2,1,1
3,2532969.44,705413.5711,R3_F3_m3f3_P3_Y3_UO59,R3_F3_m3f3_P3_Y1_UO192,R3_F3_m3f3_P3_Y1_UO519,FXX,1,31.04553873654456,1,1,2.158,0,0,0,-9999.0,0.75,1,P2_CV0,2,2,0,0,2
3,2532969.44,705413.5711,R3_F3_m3f3_P3_Y3_UO481,R3_F3_m-1f-1_P3_Y-1_U32,R3_F3_m3f3_P3_Y1_UO486,MXY,1,31.04553873654456,1,1,0.0,0,0,0,-9999.0,0.875,1,P2_CV0,2,1,1,2,0
3,2532969.44,705413.5711,R3_F3_m3f3_P3_Y3_UO6,R3_F3_m3f3_P3_Y0_UO314,R3_F3_m3f3_P3_Y1_UO4,FXX,1,31.04553873654456,1,1,1.0,0,0,0,-9999.0,0.625,1,P2_CV0,2,1,1,1,1
3,2532969.44,705413.5711,R3_F3_m3f3_P3_Y3_UO623,R3_F3_m-1f-1_P3_Y-1_U88,R3_F3_m-1f-1_P3_Y-1_U78,FXX,1,31.04553873654456,1,1,2.1,0,0,0,-9999.0,0.5,1,P2_CV0,2,1,1,1,1
3,2532969.44,705413.5711,R3_F3_m3f3_P3_Y3_UO640,R3_F3_m3f3_P3_Y1_UO400,R3_F3_m3f3_P3_Y0_UO485,FXX,1,31.04553873654456,1,1,1.0,0,0,0,-9999.0,0.625,1,P2_CV0,2,1,1,1,1
3,2532969.44,705413.5711,R3_F3_m3f3_P3_Y3_UO755,R3_F3_m3f3_P3_Y1_UO324,R3_F3_m3f3_P3_Y0_UO485,FXX,1,31.04553873654456,1,1,1.343,0,0,0,-9999.0,0.625,1,P2_CV0,2,1,1,1,1
3,2532969.44,705413.5711,R3_F3_m3f3_P3_Y3_UO467,R3_F3_m3f3_P3_Y1_UO319,R3_F3_m-1f-1_P3_Y-1_U26,FXX,1,31.04553873654456,1,1,1.803,0,0,0,-9999.0,0.375,1,P2_CV0,2,1,1,1,1
3,2532969.44,705413.5711,R3_F3_m3f3_P3_Y3_UO350,R3_F3_m3f3_P3_Y1_UO397,R3_F3_m3f3_P3_Y1_UO328,FXX,1,31.04553873654456,1,1,2.013,0,0,0,-9999.0,0.625,1,P2_CV0,2,2,0,1,1
3,2532969.44,705413.5711,R3_F3_m3f3_P3_Y3_UO632,R3_F3_m3f3_P3_Y1_UO324,R3_F3_m3f3_P3_Y1_UO606,FXX,1,31.04553873654456,1,1,1.0,0,0,0,-9999.0,0.875,1,P2_CV0,2,2,0,1,1
3,2532969.44,705413.5711,R3_F3_m3f3_P3_Y3_UO465,R3_F3_m-1f-1_P3_Y-1_U30,R3_F3_m3f3_P3_Y0_UO160,MXY,1,31.04553873654456,1,1,0.0,0,0,0,-9999.0,0.5,1,P2_CV0,2,0,2,1,1
3,2532969.44,705413.5711,R3_F3_m3f3_P3_Y3_UO477,R3_F3_m-1f-1_P3_Y-1_U88,R3_F3_m3f3_P3_Y1_UO328,MXY,1,31.04553873654456,1,1,0.0,0,0,0,-9999.0,0.5,1,P2_CV0,2,1,1,2,0
3,2532969.44,705413.5711,R3_F3_m3f3_P3_Y3_UO565,R3_F3_m3f3_P3_Y0_UO132,R3_F3_m3f3_P3_Y1_UO136,MXY,1,31.04553873654456,1,1,0.0,0,0,0,-9999.0,0.5,1,P2_CV0,2,0,2,1,1
3,2532969.44,705413.5711,R3_F3_m3f3_P3_Y3_UO290,R3_F3_m3f3_P3_Y1_UO552,R3_F3_m3f3_P3_Y1_UO363,FXX,1,31.04553873654456,1,1,0.0,0,0,0,-9999.0,0.75,1,P2_CV0,2,1,1,0,2
3,2532969.44,705413.5711,R3_F3_m3f3_P3_Y3_UO152,R3_F3_m3f3_P3_Y1_UO487,R3_F3_m3f3_P3_Y1_UO137,MXY,1,31.04553873654456,1,1,0.0,0,0,0,-9999.0,0.5,1,P2_CV0,2,0,2,1,1
3,2532969.44,705413.5711,R3_F3_m3f3_P3_Y3_UO702,R3_F3_m3f3_P3_Y1_UO222,R3_F3_m3f3_P3_Y1_UO194,FXX,1,31.04553873654456,1,1,2.198,0,0,0,-9999.0,0.25,1,P2_CV0,2,0,2,1,1
3,2532969.44,705413.5711,R3_F3_m3f3_P3_Y3_UO364,R3_F3_m3f3_P3_Y1_UO291,R3_F3_m3f3_P3_Y1_UO513,MXY,1,31.04553873654456,1,1,0.0,0,0,0,-9999.0,0.5,1,P2_CV0,2,1,1,0,2
3,2532969.44,705413.5711,R3_F3_m3f3_P3_Y3_UO585,R3_F3_m3f3_P3_Y1_UO575,R3_F3_m3f3_P3_Y1_UO2,FXX,1,31.04553873654456,1,1,1.0,0,0,0,-9999.0,0.75,1,P2_CV0,2,0,2,2,0
3,2532969.44,705413.5711,R3_F3_m3f3_P3_Y3_UO459,R3_F3_m3f3_P3_Y0_UO132,R3_F3_m-1f-1_P3_Y-1_U104,MXY,1,31.04553873654456,1,1,0.0,0,0,0,-9999.0,0.625,1,P2_CV0,2,1,1,0,2
3,2532969.44,705413.5711,R3_F3_m3f3_P3_Y3_UO771,R3_F3_m3f3_P3_Y1_UO186,R3_F3_m-1f-1_P3_Y-1_U121,MXY,1,31.04553873654456,1,1,0.0,0,0,0,-9999.0,0.75,1,P2_CV0,2,2,0,2,0
3,2532969.44,705413.5711,R3_F3_m3f3_P3_Y3_UO811,R3_F3_m3f3_P3_Y1_UO319,R3_F3_m3f3_P3_Y1_UO112,MXY,1,31.04553873654456,1,1,0.0,0,0,0,-9999.0,0.25,1,P2_CV0,2,0,2,0,2
3,2532969.44,705413.5711,R3_F3_m3f3_P3_Y3_UO60,R3_F3_m3f3_P3_Y0_UO755,R3_F3_m3f3_P3_Y0_UO410,MXY,1,31.04553873654456,1,1,0.0,0,0,0,-9999.0,0.25,1,P2_CV0,2,1,1,1,1
3,2532969.44,705413.5711,R3_F3_m3f3_P3_Y3_UO567,R3_F3_m3f3_P3_Y1_UO291,R3_F3_m3f3_P3_Y1_UO112,FXX,1,31.04553873654456,1,1,0.0,0,0,0,-9999.0,0.375,1,P2_CV0,2,0,2,1,1
3,2532969.44,705413.5711,R3_F3_m3f3_P3_Y3_UO807,R3_F3_m3f3_P3_Y1_UO93,R3_F3_m3f3_P3_Y1_UO100,FXX,1,31.04553873654456,1,1,2.866,0,0,0,-9999.0,0.5,1,P2_CV0,2,1,1,1,1
3,2532969.44,705413.5711,R3_F3_m3f3_P3_Y3_UO41,R3_F3_m3f3_P3_Y1_UO359,R3_F3_m3f3_P3_Y1_UO474,MXY,1,31.04553873654456,1,1,0.0,0,0,0,-9999.0,0.75,1,P2_CV0,2,1,1,0,2
3,2532969.44,705413.5711,R3_F3_m3f3_P3_Y3_UO511,R3_F3_m3f3_P3_Y1_UO157,R3_F3_m3f3_P3_Y1_UO137,MXY,1,31.04553873654456,1,1,0.0,0,0,0,-9999.0,0.5,1,P2_CV0,2,1,1,1,1
3,2532969.44,705413.5711,R3_F3_m3f3_P3_Y3_UO197,R3_F3_m3f3_P3_Y1_UO157,R3_F3_m-1f-1_P3_Y-1_U45,MXY,1,31.04553873654456,1,1,0.0,0,0,0,-9999.0,0.875,1,P2_CV0,2,2,0,2,0
3,2532969.44,705413.5711,R3_F3_m3f3_P3_Y3_UO7,R3_F3_m3f3_P3_Y0_UO314,R3_F3_m3f3_P3_Y1_UO4,FXX,1,31.04553873654456,1,1,2.304,0,0,0,-9999.0,0.625,1,P2_CV0,2,1,1,0,2
3,2532969.44,705413.5711,R3_F3_m3f3_P3_Y3_UO656,R3_F3_m3f3_P3_Y0_UO133,R3_F3_m-1f-1_P3_Y-1_U9,FXX,1,31.04553873654456,1,1,0.0,0,0,0,-9999.0,0.375,1,P2_CV0,2,0,2,0,2
3,2532969.44,705413.5711,R3_F3_m3f3_P3_Y3_UO556,R3_F3_m-1f-1_P3_Y-1_U95,R3_F3_m3f3_P3_Y0_UO690,MXY,1,31.04553873654456,1,1,0.0,0,0,0,-9999.0,0.0,1,P2_CV0,2,0,2,0,2
3,2532969.44,705413.5711,R3_F3_m3f3_P3_Y3_UO215,R3_F3_m3f3_P3_Y0_UO95,R3_F3_m3f3_P3_Y1_UO513,MXY,1,31.04553873654456,1,1,0.0,0,0,0,-9999.0,0.625,1,P2_CV0,2,1,1,1,1
3,2532969.44,705413.5711,R3_F3_m3f3_P3_Y3_UO336,R3_F3_m3f3_P3_Y1_UO192,R3_F3_m3f3_P3_Y0_UO455,FXX,1,31.04553873654456,1,1,2.207,0,0,0,-9999.0,0.875,1,P2_CV0,2,2,0,2,0
3,2532969.44,705413.5711,R3_F3_m3f3_P3_Y3_UO786,R3_F3_m3f3_P3_Y0_UO686,R3_F3_m3f3_P3_Y0_UO217,FXX,1,31.04553873654456,1,1,2.412,0,0,0,-9999.0,0.125,1,P2_CV0,2,1,1,0,2
3,2532969.44,705413.5711,R3_F3_m3f3_P3_Y3_UO291,R3_F3_m3f3_P3_Y1_UO552,R3_F3_m3f3_P3_Y1_UO363,FXX,1,31.04553873654456,1,1,1.23,0,0,0,-9999.0,0.75,1,P2_CV0,2,2,0,0,2
3,2532969.44,705413.5711,R3_F3_m3f3_P3_Y3_UO657,R3_F3_m3f3_P3_Y0_UO133,R3_F3_m-1f-1_P3_Y-1_U9,MXY,1,31.04553873654456,1,1,0.0,0,0,0,-9999.0,0.375,1,P2_CV0,2,0,2,1,1
3,2532969.44,705413.5711,R3_F3_m3f3_P3_Y3_UO293,R3_F3_m3f3_P3_Y0_UO755,R3_F3_m-1f-1_P3_Y-1_U9,FXX,1,31.04553873654456,1,1,1.0,0,0,0,-9999.0,0.125,1,P2_CV0,2,1,1,0,2
3,2532969.44,705413.5711,R3_F3_m3f3_P3_Y2_UO1,R3_F3_m3f3_P3_Y0_UO140,R3_F3_m3f3_P3_Y0_UO691,FXX,2,31.081416321424214,1,0,1.0,0,0,0,-9999.0,0.25,1,P2_CV0,2,0,2,2,0
3,2532969.44,705413.5711,R3_F3_m3f3_P3_Y2_UO681,R3_F3_m3f3_P3_Y0_UO486,R3_F3_m3f3_P3_Y0_UO485,MXY,2,31.081416321424214,1,0,0.0,0,0,0,-9999.0,0.5,1,P2_CV0,2,1,1,2,0
3,2532969.44,705413.5711,R3_F3_m3f3_P3_Y2_UO232,I3_F7_m-1f-1_P3_Y-1_U95,R3_F3_m-1f-1_P3_Y-1_U38,MXY,2,31.081416321424214,1,0,0.0,0,0,0,-9999.0,0.5,1,P2_CV0,2,1,1,0,2
3,2532969.44,705413.5711,R3_F3_m3f3_P3_Y2_UO36,R3_F3_m5f5_P5_Y0_UO242,R3_F3_m3f3_P3_Y0_UO690,MXY,2,31.081416321424214,1,0,0.0,0,0,0,-9999.0,0.375,1,P2_CV0,2,2,0,1,1
3,2532969.44,705413.5711,R3_F3_m3f3_P3_Y2_UO846,I3_F7_m-1f-1_P3_Y-1_U95,R3_F3_m-1f-1_P3_Y-1_U41,MXY,2,31.081416321424214,1,0,0.0,0,0,0,-9999.0,0.0,1,P2_CV0,2,0,2,0,2
3,2532969.44,705413.5711,R3_F3_m3f3_P3_Y2_UO4,R3_F3_m3f3_P3_Y0_UO140,R3_F3_m3f3_P3_Y0_UO691,FXX,2,31.081416321424214,1,0,0.0,0,0,0,-9999.0,0.25,1,P2_CV0,2,1,1,2,0
3,2532969.44,705413.5711,R3_F3_m3f3_P3_Y2_UO606,R3_F3_m-1f-1_P3_Y-1_U88,R3_F3_m-1f-1_P3_Y-1_U78,MXY,2,31.081416321424214,1,0,0.0,0,0,0,-9999.0,0.5,1,P2_CV0,2,0,2,1,1
3,2532969.44,705413.5711,R3_F3_m3f3_P3_Y2_UO253,R3_F3_m3f3_P3_Y0_UO312,R3_F3_m3f3_P3_Y0_UO455,MXY,2,31.081416321424214,1,0,0.0,0,0,0,-9999.0,0.875,1,P2_CV0,2,1,1,0,2
3,2532969.44,705413.5711,R3_F3_m3f3_P3_Y2_UO291,R3_F3_m-1f-1_P3_Y-1_U86,R3_F3_m-1f-1_P3_Y-1_U124,FXX,2,31.081416321424214,1,0,1.373,0,0,0,-9999.0,0.5,1,P2_CV0,2,0,2,1,1
3,2532969.44,705413.5711,R3_F3_m3f3_P3_Y2_UO356,R3_F3_m3f3_P3_Y0_UO687,R3_F3_m3f3_P3_Y0_UO217,MXY,2,31.081416321424214,1,0,0.0,0,0,0,-9999.0,0.125,1,P2_CV0,2,0,2,1,1
3,2532969.44,705413.5711,R3_F3_m3f3_P3_Y2_UO845,I3_F7_m-1f-1_P3_Y-1_U95,R3_F3_m-1f-1_P3_Y-1_U41,FXX,2,31.081416321424214,1,0,1.277,0,0,0,-9999.0,0.0,1,P2_CV0,2,0,2,1,1
3,2532969.44,705413.5711,R3_F3_m3f3_P3_Y2_UO12,R3_F3_m-1f-1_P3_Y-1_U88,R3_F3_m3f3_P3_Y0_UO160,MXY,2,31.081416321424214,1,0,0.0,0,0,0,-9999.0,0.5,1,P2_CV0,2,1,1,1,1
3,2532969.44,705413.5711,R3_F3_m3f3_P3_Y2_UO574,R3_F3_m3f3_P3_Y0_UO314,R3_F3_m-1f-1_P3_Y-1_U45,FXX,2,31.081416321424214,1,0,1.529,0,0,0,-9999.0,0.875,1,P2_CV0,2,1,1,2,0
3,2532969.44,705413.5711,R3_F3_m3f3_P3_Y2_UO627,R3_F3_m3f3_P3_Y0_UO312,R3_F3_m-1f-1_P3_Y-1_U128,FXX,2,31.081416321424214,1,0,0.0,0,0,0,-9999.0,0.625,1,P2_CV0,2,0,2,1,1
3,2532969.44,705413.5711,R3_F3_m3f3_P3_Y2_UO362,R3_F3_m-1f-1_P3_Y-1_U30,R3_F3_m-1f-1_P3_Y-1_U128,FXX,2,31.081416321424214,1,0,1.586,0,0,0,-9999.0,0.5,1,P2_CV0,2,1,1,0,2
3,2532969.44,705413.5711,R3_F3_m3f3_P3_Y2_UO354,R3_F3_m3f3_P3_Y0_UO687,R3_F3_m3f3_P3_Y0_UO217,MXY,2,31.081416321424214,1,0,0.0,0,0,0,-9999.0,0.125,1,P2_CV0,2,1,1,1,1
3,2532969.44,705413.5711,R3_F3_m3f3_P3_Y2_UO476,R3_F3_m3f3_P3_Y0_UO755,R3_F3_m3f3_P3_Y0_UO648,FXX,2,31.081416321424214,1,0,1.578,0,0,0,-9999.0,0.5,1,P2_CV0,2,1,1,0,2
3,2532969.44,705413.5711,R3_F3_m3f3_P3_Y2_UO276,R3_F3_m3f3_P3_Y0_UO754,R3_F3_m-1f-1_P3_Y-1_U59,FXX,2,31.081416321424214,1,0,2.471,0,0,0,-9999.0,0.375,1,P2_CV0,2,0,2,1,1
3,2532969.44,705413.5711,R3_F3_m3f3_P3_Y2_UO56,R3_F3_m3f3_P3_Y0_UO755,RD3_F4_m-1f-1_P4_Y-1_U72,FXX,2,31.081416321424214,1,0,1.43,0,0,0,-9999.0,0.375,1,P2_CV0,2,1,1,0,2
3,2532969.44,705413.5711,R3_F3_m3f3_P3_Y2_UO683,R3_F3_m3f3_P3_Y0_UO486,R3_F3_m3f3_P3_Y0_UO485,MXY,2,31.081416321424214,1,0,0.0,0,0,0,-9999.0,0.5,1,P2_CV0,2,1,1,1,1
3,2532969.44,705413.5711,R3_F3_m3f3_P3_Y2_UO764,R3_F3_m-1f-1_P3_Y-1_U86,R3_F3_m-1f-1_P3_Y-1_U23,MXY,2,31.081416321424214,1,0,0.0,0,0,0,-9999.0,0.5,1,P2_CV0,2,1,1,2,0
3,2532969.44,705413.5711,R3_F3_m3f3_P3_Y2_UO19,R3_F3_m3f3_P3_Y0_UO314,R3_F3_m3f3_P3_Y0_UO143,MXY,2,31.081416321424214,1,0,0.0,0,0,0,-9999.0,0.625,1,P2_CV0,2,1,1,1,1
3,2532969.44,705413.5711,R3_F3_m3f3_P3_Y2_UO35,R3_F3_m5f5_P5_Y0_UO242,R3_F3_m3f3_P3_Y0_UO690,FXX,2,31.081416321424214,1,0,2.264,0,0,0,-9999.0,0.375,1,P2_CV0,2,0,2,2,0
3,2532969.44,705413.5711,R3_F3_m3f3_P3_Y2_UO165,R3_F3_m3f3_P3_Y0_UO231,R3_F3_m3f3_P3_Y0_UO538,FXX,2,31.081416321424214,1,0,0.0,0,0,0,-9999.0,0.625,1,P2_CV0,2,2,0,0,2
3,2532969.44,705413.5711,R3_F3_m3f3_P3_Y2_UO478,R3_F3_m3f3_P3_Y0_UO755,R3_F3_m3f3_P3_Y0_UO648,MXY,2,31.081416321424214,1,0,0.0,0,0,0,-9999.0,0.5,1,P2_CV0,2,2,0,0,2
3,2532969.44,705413.5711,R3_F3_m3f3_P3_Y2_UO758,R3_F3_m-1f-1_P3_Y-1_U32,R3_F3_m3f3_P3_Y0_UO410,FXX,2,31.081416321424214,1,0,0.0,0,0,0,-9999.0,0.625,1,P2_CV0,2,2,0,2,0
3,2532969.44,705413.5711,R3_F3_m3f3_P3_Y2_UO206,R3_F3_m-1f-1_P3_Y-1_U86,R3_F3_m-1f-1_P3_Y-1_U78,MXY,2,31.081416321424214,1,0,0.0,0,0,0,-9999.0,0.5,1,P2_CV0,2,0,2,1,1
3,2532969.44,705413.5711,R3_F3_m3f3_P3_Y2_UO358,R3_F3_m-1f-1_P3_Y-1_U30,R3_F3_m-1f-1_P3_Y-1_U128,FXX,2,31.081416321424214,1,0,0.0,0,0,0,-9999.0,0.5,1,P2_CV0,2,0,2,1,1
3,2532969.44,705413.5711,R3_F3_m3f3_P3_Y2_UO360,R3_F3_m-1f-1_P3_Y-1_U30,R3_F3_m-1f-1_P3_Y-1_U128,MXY,2,31.081416321424214,1,0,0.0,0,0,0,-9999.0,0.5,1,P2_CV0,2,0,2,1,1
3,2532969.44,705413.5711,R3_F3_m3f3_P3_Y2_UO235,I3_F7_m-1f-1_P3_Y-1_U95,R3_F3_m-1f-1_P3_Y-1_U38,FXX,2,31.081416321424214,1,0,1.0,0,0,0,-9999.0,0.5,1,P2_CV0,2,1,1,1,1
3,2532969.44,705413.5711,R3_F3_m3f3_P3_Y1_UO137,R3_F3_m-1f-1_P3_Y-1_U114,R3_F3_m-1f-1_P3_Y-1_U50,MXY,3,31.100264722719977,1,0,0.0,0,0,0,-9999.0,0.25,1,P2_CV0,2,1,1,0,2
3,2532969.44,705413.5711,R3_F3_m3f3_P3_Y1_UO400,R3_F3_m-1f-1_P3_Y-1_U69,R3_F3_m-1f-1_P3_Y-1_U104,FXX,3,31.100264722719977,1,0,0.0,0,0,0,-9999.0,0.75,1,P2_CV0,2,2,0,1,1
3,2532969.44,705413.5711,R3_F3_m3f3_P3_Y1_UO563,R3_F3_m-1f-1_P3_Y-1_U48,R3_F3_m-1f-1_P3_Y-1_U65,FXX,3,31.100264722719977,1,0,2.434,0,0,0,-9999.0,0.5,1,P2_CV0,2,1,1,1,1
3,2532969.44,705413.5711,R3_F3_m3f3_P3_Y1_UO594,R3_F3_m-1f-1_P3_Y-1_U92,R3_F3_m-1f-1_P3_Y-1_U120,MXY,3,31.100264722719977,1,0,0.0,0,0,0,-9999.0,0.75,1,P2_CV0,2,0,2,0,2
3,2532969.44,705413.5711,R3_F3_m3f3_P3_Y1_UO191,R3_F3_m-1f-1_P3_Y-1_U39,R3_F3_m-1f-1_P3_Y-1_U65,FXX,3,31.100264722719977,1,0,1.574,0,0,0,-9999.0,1.0,1,P2_CV0,2,1,1,1,1
3,2532969.44,705413.5711,R3_F3_m3f3_P3_Y1_UO514,R3_F3_m-1f-1_P3_Y-1_U77,R3_F3_m-1f-1_P3_Y-1_U111,MXY,3,31.100264722719977,1,0,0.0,0,0,0,-9999.0,0.5,1,P2_CV0,2,2,0,1,1
3,2532969.44,705413.5711,R3_F3_m3f3_P3_Y1_UO575,R3_F3_m-1f-1_P3_Y-1_U14,R3_F3_m-1f-1_P3_Y-1_U45,FXX,3,31.10354610475947,1,0,1.746,0,0,0,-9999.0,1.0,1,P2_CV0,2,0,2,2,0
3,2532969.44,705413.5711,R3_F3_m3f3_P3_Y1_UO562,R3_F3_m-1f-1_P3_Y-1_U40,R3_F3_m-1f-1_P3_Y-1_U81,FXX,3,31.100264722719977,1,0,2.322,0,0,0,-9999.0,0.5,1,P2_CV0,2,2,0,1,1
3,2532969.44,705413.5711,R3_F3_m3f3_P3_Y1_UO546,R3_F3_m-1f-1_P3_Y-1_U103,R3_F3_m-1f-1_P3_Y-1_U124,FXX,3,31.100264722719977,1,0,0.0,0,0,0,-9999.0,0.75,1,P2_CV0,2,2,0,1,1
3,2532969.44,705413.5711,R3_F3_m3f3_P3_Y1_UO186,R3_F3_m-1f-1_P3_Y-1_U39,R3_F3_m-1f-1_P3_Y-1_U58,FXX,3,31.100264722719977,1,0,2.346,0,0,0,-9999.0,1.0,1,P2_CV0,2,1,1,2,0
3,2532969.44,705413.5711,R3_F3_m3f3_P3_Y1_UO511,R3_F3_m-1f-1_P3_Y-1_U80,R3_F3_m-1f-1_P3_Y-1_U57,MXY,3,31.100264722719977,1,0,0.0,0,0,0,-9999.0,0.25,1,P2_CV0,2,1,1,1,1
3,2532969.44,705413.5711,R3_F3_m3f3_P3_Y1_UO587,R3_F3_m-1f-1_P3_Y-1_U32,R3_F3_m-1f-1_P3_Y-1_U76,FXX,3,31.100264722719977,1,0,1.0,0,0,0,-9999.0,0.75,1,P2_CV0,2,1,1,2,0
3,2532969.44,705413.5711,R3_F3_m3f3_P3_Y1_UO465,R3_F3_m-1f-1_P3_Y-1_U118,R3_F3_m-1f-1_P3_Y-1_U6,MXY,3,31.086835696726357,1,0,0.0,0,0,0,-9999.0,0.75,1,P2_CV0,2,2,0,2,0
3,2532969.44,705413.5711,R3_F3_m3f3_P3_Y1_UO502,R3_F3_m-1f-1_P3_Y-1_U87,R3_F3_m-1f-1_P3_Y-1_U20,MXY,3,31.100264722719977,1,0,0.0,0,0,0,-9999.0,0.25,1,P2_CV0,2,1,1,1,1
3,2532969.44,705413.5711,R3_F3_m3f3_P3_Y1_UO451,R3_F3_m-1f-1_P3_Y-1_U77,R3_F3_m-1f-1_P3_Y-1_U131,MXY,3,31.100264722719977,1,0,0.0,0,0,0,-9999.0,0.0,1,P2_CV0,2,1,1,1,1
3,2532969.44,705413.5711,R3_F3_m3f3_P3_Y1_UO173,R3_F3_m-1f-1_P3_Y-1_U11,R3_F3_m-1f-1_P3_Y-1_U59,FXX,3,31.100264722719977,1,0,1.639,0,0,0,-9999.0,0.25,1,P2_CV0,2,0,2,1,1
3,2532969.44,705413.5711,R3_F3_m3f3_P3_Y1_UO104,R3_F3_m-1f-1_P3_Y-1_U86,R3_F3_m-1f-1_P3_Y-1_U13,FXX,3,31.100264722719977,1,0,0.0,0,0,0,-9999.0,0.5,1,P2_CV0,2,0,2,1,1
3,2532969.44,705413.5711,R3_F3_m3f3_P3_Y1_UO520,R3_F3_m-1f-1_P3_Y-1_U105,R3_F3_m-1f-1_P3_Y-1_U54,FXX,3,31.100264722719977,1,0,0.0,0,0,0,-9999.0,0.75,1,P2_CV0,2,2,0,2,0
3,2532969.44,705413.5711,R3_F3_m3f3_P3_Y1_UO545,R3_F3_m-1f-1_P3_Y-1_U103,R3_F3_m-1f-1_P3_Y-1_U124,FXX,3,31.10354610475947,1,0,1.309,0,0,0,-9999.0,0.75,1,P2_CV0,2,1,1,1,1
3,2532969.44,705413.5711,R3_F3_m3f3_P3_Y1_UO380,R3_F3_m-1f-1_P3_Y-1_U122,R3_F3_m-1f-1_P3_Y-1_U1,FXX,3,31.100264722719977,1,0,1.203,0,0,0,-9999.0,0.25,1,P2_CV0,2,1,1,2,0
3,2532969.44,705413.5711,R3_F3_m3f3_P3_Y1_UO225,R3_F3_m-1f-1_P3_Y-1_U40,R3_F3_m-1f-1_P3_Y-1_U119,FXX,3,31.100264722719977,1,0,2.528,0,0,0,-9999.0,0.25,1,P2_CV0,2,1,1,0,2
3,2532969.44,705413.5711,R3_F3_m3f3_P3_Y1_UO100,R3_F3_m-1f-1_P3_Y-1_U135,R3_F3_m-1f-1_P3_Y-1_U25,MXY,3,31.100264722719977,1,0,0.0,0,0,0,-9999.0,0.75,1,P2_CV0,2,1,1,2,0
3,2532969.44,705413.5711,R3_F3_m3f3_P3_Y1_UO503,R3_F3_m-1f-1_P3_Y-1_U87,R3_F3_m-1f-1_P3_Y-1_U20,FXX,3,31.100264722719977,1,0,1.645,0,0,0,-9999.0,0.25,1,P2_CV0,2,0,2,1,1
3,2532969.44,705413.5711,R3_F3_m3f3_P3_Y1_UO222,R3_F3_m-1f-1_P3_Y-1_U66,R3_F3_m-1f-1_P3_Y-1_U138,FXX,3,31.100264722719977,1,0,2.192,0,0,0,-9999.0,0.25,1,P2_CV0,2,1,1,2,0
3,2532969.44,705413.5711,R3_F3_m3f3_P3_Y0_UO410,R3_F3_m-1f-1_P3_Y-1_U87,R3_F3_m-1f-1_P3_Y-1_U54,MXY,4,31.117147084925406,1,0,0.0,0,0,0,-9999.0,0.25,1,P2_CV0,2,2,0,1,1
3,2532969.44,705413.5711,R3_F3_m3f3_P3_Y0_UO264,R3_F3_m-1f-1_P3_Y-1_U27,R3_F3_m-1f-1_P3_Y-1_U110,FXX,4,31.11983501848041,1,0,1.0,0,0,0,-9999.0,0.25,1,P2_CV0,2,2,0,0,2
3,2532969.44,705413.5711,R3_F3_m3f3_P3_Y0_UO687,R3_F3_m-1f-1_P3_Y-1_U11,R3_F3_m-1f-1_P3_Y-1_U85,FXX,4,31.117147084925406,1,0,1.756,0,0,0,-9999.0,0.0,1,P2_CV0,2,1,1,2,0
3,2532969.44,705413.5711,R3_F3_m3f3_P3_Y0_UO140,R3_F3_m-1f-1_P3_Y-1_U107,R3_F3_m-1f-1_P3_Y-1_U129,FXX,4,31.117147084925406,1,0,1.0,0,0,0,-9999.0,0.5,1,P2_CV0,2,1,1,1,1
3,2532969.44,705413.5711,R3_F3_m3f3_P3_Y0_UO133,R3_F3_m-1f-1_P3_Y-1_U73,R3_F3_m-1f-1_P3_Y-1_U4,FXX,4,31.117147084925406,1,0,2.745,0,0,0,-9999.0,0.75,1,P2_CV0,2,0,2,0,2
3,2532969.44,705413.5711,R3_F3_m3f3_P3_Y0_UO538,R3_F3_m-1f-1_P3_Y-1_U87,R3_F3_m-1f-1_P3_Y-1_U25,MXY,4,31.117147084925406,1,0,0.0,0,0,0,-9999.0,0.5,1,P2_CV0,2,1,1,0,2
3,2532969.44,705413.5711,R3_F3_m3f3_P3_Y0_UO231,R3_F3_m-1f-1_P3_Y-1_U19,R3_F3_m-1f-1_P3_Y-1_U1,FXX,4,31.117147084925406,1,0,0.0,0,0,0,-9999.0,0.75,1,P2_CV0,2,1,1,0,2
3,2532969.44,705413.5711,R3_F3_m3f3_P3_Y0_UO690,R3_F3_m-1f-1_P3_Y-1_U11,R3_F3_m-1f-1_P3_Y-1_U85,MXY,4,31.117147084925406,1,0,0.0,0,0,0,-9999.0,0.0,1,P2_CV0,2,1,1,1,1
3,2532969.44,705413.5711,R3_F3_m3f3_P3_Y0_UO648,R3_F3_m-1f-1_P3_Y-1_U5,R3_F3_m-1f-1_P3_Y-1_U128,MXY,4,31.117147084925406,1,0,0.0,0,0,0,-9999.0,0.75,1,P2_CV0,2,1,1,0,2
3,2532969.44,705413.5711,R3_F3_m3f3_P3_Y0_UO691,R3_F3_m-1f-1_P3_Y-1_U11,R3_F3_m-1f-1_P3_Y-1_U85,MXY,4,31.117147084925406,1,0,0.0,0,0,0,-9999.0,0.0,1,P2_CV0,2,1,1,2,0
3,2532969.44,705413.5711,R3_F3_m3f3_P3_Y0_UO755,R3_F3_m-1f-1_P3_Y-1_U114,R3_F3_m-1f-1_P3_Y-1_U78,FXX,4,31.117147084925406,1,0,0.0,0,0,0,-9999.0,0.25,1,P2_CV0,2,1,1,0,2
3,2532969.44,705413.5711,R3_F3_m-1f-1_P3_Y-1_U32,-9999,-9999,FXX,5,31.106827745913904,1,0,1.156,0,0,0,-9999.0,1.0,1,P2_CV0,2,2,0,2,0
3,2532969.44,705413.5711,R3_F3_m-1f-1_P3_Y-1_U95,-9999,-9999,FXX,5,31.117254142736606,1,0,0.0,0,0,0,-9999.0,0.0,1,P2_CV0,2,0,2,0,2
3,2532969.44,705413.5711,R3_F3_m-1f-1_P3_Y-1_U41,-9999,-9999,MXY,5,31.106827745913904,1,0,0.0,0,0,0,-9999.0,0.0,1,P2_CV0,2,0,2,1,1
3,2532969.44,705413.5711,R3_F3_m-1f-1_P3_Y-1_U86,-9999,-9999,FXX,5,31.106827745913904,1,0,1.0,0,0,0,-9999.0,0.5,1,P2_CV0,2,1,1,2,0
3,2532969.44,705413.5711,Age0_F3_m3f3_P3_Y4_UO112,R3_F3_m3f3_P3_Y2_UO25,R3_F3_m-1f-1_P4_Y-1_U72,FXX,0,31.0220549447478,0,0,0.0,0,0,0,0.0,0.5625,1,P3_CV0,2,2,0,0,2
3,2532969.44,705413.5711,Age0_F3_m3f3_P3_Y4_UO205,R3_F3_m5f5_P5_Y2_UO848,R3_F3_m3f3_P3_Y0_UO538,FXX,0,31.0220549447478,0,0,0.0,0,0,0,0.0,0.375,1,P4_CV0,2,1,1,1,1
3,2532969.44,705413.5711,Age0_F3_m3f3_P3_Y4_UO415,R3_F3_m3f3_P3_Y2_UO0,R3_F3_m3f3_P3_Y2_UO249,MXY,0,31.0220549447478,0,0,0.0,0,0,0,0.0,0.3125,1,P4_CV0,2,2,0,2,0
3,2532969.44,705413.5711,Age0_F3_m3f3_P3_Y4_UO464,R3_F3_m5f5_P5_Y2_UO848,R3_F3_m3f3_P3_Y1_UO465,FXX,0,31.0220549447478,0,0,0.0,0,0,0,0.0,0.5,1,P4_CV0,2,1,1,2,0
3,2532969.44,705413.5711,Age0_F3_m3f3_P3_Y4_UO735,R3_F3_m5f5_P5_Y2_UO848,R3_F3_m3f3_P3_Y2_UO615,FXX,0,31.0220549447478,0,0,0.0,0,0,0,0.0,0.4375,1,P4_CV0,2,1,1,1,1
3,2532969.44,705413.5711,Age0_F3_m3f3_P3_Y4_UO736,R3_F3_m5f5_P5_Y2_UO848,R3_F3_m3f3_P3_Y2_UO615,MXY,0,31.0220549447478,0,0,0.0,0,0,0,0.0,0.4375,1,P4_CV0,2,1,1,1,1
3,2532969.44,705413.5711,Age0_F3_m3f3_P3_Y4_UO737,R3_F3_m5f5_P5_Y2_UO848,R3_F3_m3f3_P3_Y2_UO615,FXX,0,31.0220549447478,0,0,0.0,0,0,0,0.0,0.4375,1,P4_CV0,2,2,0,1,1
3,2532969.44,705413.5711,Age0_F3_m3f3_P3_Y4_UO849,R3_F3_m3f3_P3_Y1_UO222,R3_F3_m3f3_P3_Y2_UO728,FXX,0,31.0220549447478,0,0,0.0,0,0,0,0.0,0.4375,1,P4_CV0,2,2,0,1,1
3,2532969.44,705413.5711,Age0_F3_m3f3_P3_Y4_UO874,R3_F3_m3f3_P3_Y0_UO689,R3_F3_m3f3_P3_Y2_UO728,FXX,0,31.0220549447478,0,0,0.0,0,0,0,0.0,0.3125,1,P4_CV0,2,1,1,2,0
3,2532969.44,705413.5711,Age0_F3_m3f3_P3_Y4_UO875,R3_F3_m3f3_P3_Y0_UO689,R3_F3_m3f3_P3_Y2_UO728,MXY,0,31.0220549447478,0,0,0.0,0,0,0,0.0,0.3125,1,P4_CV0,2,1,1,1,1
3,2532969.44,705413.5711,Age0_F3_m3f3_P3_Y4_UO876,R3_F3_m3f3_P3_Y0_UO689,R3_F3_m3f3_P3_Y2_UO728,MXY,0,31.0220549447478,0,0,0.0,0,0,0,0.0,0.3125,1,P4_CV0,2,0,2,0,2
3,2532969.44,705413.5711,R3_F3_m3f3_P3_Y2_UO728,R3_F3_m5f5_P5_Y0_UO242,RD3_F4_m-1f-1_P4_Y-1_U72,MXY,2,31.081416321424214,1,0,0.0,0,0,0,-9999.0,0.625,1,P4_CV0,2,1,1,1,1
3,2532969.44,705413.5711,Age0_F3_m3f3_P3_Y4_UO318,RD3_F6_m6f6_P6_Y2_UO807,R3_F3_m3f3_P3_Y1_UO474,MXY,0,31.0220549447478,0,0,0.0,0,0,0,0.0,0.625,1,P5_CV0,2,0,2,1,1
3,2532969.44,705413.5711,Age0_F3_m3f3_P3_Y4_UO370,RD3_F6_m6f6_P6_Y2_UO807,R3_F3_m3f3_P3_Y2_UO616,MXY,0,31.0220549447478,0,0,0.0,0,0,0,0.0,0.4375,1,P5_CV0,2,0,2,0,2
4,2539041.489,728416.6747,R4_F4_m2f2_P2_Y2_UO433,R2_F2_m2f2_P2_Y0_UO418,R2_F2_m2f2_P2_Y0_UO17,FXX,2,92.56167075144012,1,0,2.194,0,0,0,-9999.0,0.625,1,P1_CV0,2,1,1,2,0
4,2539041.489,728416.6747,R4_F4_m4f4_P4_Y2_UO14,R4_F4_m-1f-1_P4_Y-1_U108,ID4_F7_m-1f-1_P2_Y-1_U70,FXX,2,92.71056022755364,1,0,0.0,0,0,0,-9999.0,1.0,1,P1_CV0,2,2,0,2,0
4,2539041.489,728416.6747,R4_F4_m2f2_P2_Y0_UO377,R2_F2_m-1f-1_P2_Y-1_U39,R2_F2_m-1f-1_P2_Y-1_U85,MXY,4,73.68727819827303,1,0,0.0,0,0,0,-9999.0,0.5,1,P1_CV0,2,0,2,2,0
4,2539041.489,728416.6747,Age0_F4_m4f4_P4_Y4_UO727,R4_F4_m4f4_P4_Y2_UO640,RD4_F3_m3f3_P3_Y2_UO575,MXY,0,31.16351306292037,0,0,0.0,0,0,0,0.0,0.625,1,P2_CV0,2,2,0,1,1
4,2539041.489,728416.6747,Age0_F4_m4f4_P4_Y4_UO728,R4_F4_m4f4_P4_Y2_UO640,RD4_F3_m3f3_P3_Y2_UO575,MXY,0,31.16351306292037,0,0,0.0,0,0,0,0.0,0.625,1,P2_CV0,2,0,2,2,0
4,2539041.489,728416.6747,R4_F4_m3f3_P3_Y2_UO575,R3_F3_m3f3_P3_Y0_UO314,R3_F3_m-1f-1_P3_Y-1_U45,MXY,2,66.35448097574339,1,0,0.0,0,0,0,-9999.0,0.875,1,P2_CV0,2,1,1,2,0
4,2539041.489,728416.6747,R4_F4_m-1f-1_P3_Y-1_U30,-9999,-9999,FXX,5,44.82156583057298,1,0,1.881,0,0,0,-9999.0,0.5,1,P2_CV0,2,1,1,1,1
4,2539041.489,728416.6747,Age0_F4_m4f4_P4_Y4_UO37,R4_F4_m-1f-1_P4_Y-1_U61,R4_F4_m4f4_P4_Y2_UO600,MXY,0,31.16351306292037,0,0,0.0,0,0,0,0.0,0.375,1,P3_CV0,2,0,2,2,0
4,2539041.489,728416.6747,Age0_F4_m4f4_P4_Y4_UO38,R4_F4_m-1f-1_P4_Y-1_U61,R4_F4_m4f4_P4_Y2_UO600,FXX,0,31.16351306292037,0,0,0.0,0,0,0,0.0,0.375,1,P3_CV0,2,1,1,2,0
4,2539041.489,728416.6747,Age0_F4_m4f4_P4_Y4_UO39,R4_F4_m-1f-1_P4_Y-1_U61,R4_F4_m4f4_P4_Y2_UO600,MXY,0,31.16351306292037,0,0,0.0,0,0,0,0.0,0.375,1,P3_CV0,2,1,1,2,0
4,2539041.489,728416.6747,Age0_F4_m4f4_P4_Y4_UO40,R4_F4_m-1f-1_P4_Y-1_U61,R4_F4_m4f4_P4_Y2_UO600,FXX,0,31.16351306292037,0,0,0.0,0,0,0,0.0,0.375,1,P3_CV0,2,1,1,1,1
4,2539041.489,728416.6747,Age0_F4_m4f4_P4_Y4_UO41,R4_F4_m-1f-1_P4_Y-1_U61,R4_F4_m4f4_P4_Y2_UO600,FXX,0,31.16351306292037,0,0,0.0,0,0,0,0.0,0.375,1,P3_CV0,2,0,2,1,1
4,2539041.489,728416.6747,Age0_F4_m4f4_P4_Y4_UO47,R4_F4_m4f4_P4_Y2_UO146,R4_F4_m4f4_P4_Y2_UO638,FXX,0,31.16351306292037,0,0,0.0,0,0,0,0.0,0.375,1,P3_CV0,2,1,1,1,1
4,2539041.489,728416.6747,Age0_F4_m4f4_P4_Y4_UO48,R4_F4_m4f4_P4_Y2_UO146,R4_F4_m4f4_P4_Y2_UO638,FXX,0,31.16351306292037,0,0,0.0,0,0,0,0.0,0.375,1,P3_CV0,2,0,2,1,1
4,2539041.489,728416.6747,Age0_F4_m4f4_P4_Y4_UO49,R4_F4_m4f4_P4_Y2_UO146,R4_F4_m4f4_P4_Y2_UO638,MXY,0,31.16351306292037,0,0,0.0,0,0,0,0.0,0.375,1,P3_CV0,2,1,1,1,1
4,2539041.489,728416.6747,Age0_F4_m4f4_P4_Y4_UO57,R4_F4_m4f4_P4_Y1_UO110,R4_F4_m4f4_P4_Y1_UO283,FXX,0,31.16351306292037,0,0,0.0,0,0,0,0.0,0.375,1,P3_CV0,2,1,1,1,1
4,2539041.489,728416.6747,Age0_F4_m4f4_P4_Y4_UO58,R4_F4_m4f4_P4_Y1_UO110,R4_F4_m4f4_P4_Y1_UO283,MXY,0,31.16351306292037,0,0,0.0,0,0,0,0.0,0.375,1,P3_CV0,2,0,2,1,1
4,2539041.489,728416.6747,Age0_F4_m4f4_P4_Y4_UO59,R4_F4_m4f4_P4_Y1_UO110,R4_F4_m4f4_P4_Y1_UO283,MXY,0,31.16351306292037,0,0,0.0,0,0,0,0.0,0.375,1,P3_CV0,2,1,1,1,1
4,2539041.489,728416.6747,Age0_F4_m4f4_P4_Y4_UO60,R4_F4_m4f4_P4_Y1_UO110,R4_F4_m4f4_P4_Y1_UO283,MXY,0,31.16351306292037,0,0,0.0,0,0,0,0.0,0.375,1,P3_CV0,2,0,2,2,0
4,2539041.489,728416.6747,Age0_F4_m4f4_P4_Y4_UO61,R4_F4_m4f4_P4_Y1_UO110,R4_F4_m4f4_P4_Y1_UO283,MXY,0,31.16351306292037,0,0,0.0,0,0,0,0.0,0.375,1,P3_CV0,2,0,2,0,2
4,2539041.489,728416.6747,Age0_F4_m4f4_P4_Y4_UO62,R4_F4_m4f4_P4_Y1_UO110,R4_F4_m4f4_P4_Y1_UO283,MXY,0,31.16351306292037,0,0,0.0,0,0,0,0.0,0.375,1,P3_CV0,2,0,2,0,2
4,2539041.489,728416.6747,Age0_F4_m4f4_P4_Y4_UO72,R4_F4_m4f4_P4_Y2_UO482,R4_F4_m4f4_P4_Y1_UO458,FXX,0,31.16351306292037,0,0,0.0,0,0,0,0.0,0.4375,1,P3_CV0,2,1,1,2,0
4,2539041.489,728416.6747,Age0_F4_m4f4_P4_Y4_UO73,R4_F4_m4f4_P4_Y2_UO482,R4_F4_m4f4_P4_Y1_UO458,FXX,0,31.16351306292037,0,0,0.0,0,0,0,0.0,0.4375,1,P3_CV0,2,1,1,1,1
4,2539041.489,728416.6747,Age0_F4_m4f4_P4_Y4_UO74,R4_F4_m4f4_P4_Y2_UO482,R4_F4_m4f4_P4_Y1_UO458,FXX,0,31.16351306292037,0,0,0.0,0,0,0,0.0,0.4375,1,P3_CV0,2,1,1,2,0
4,2539041.489,728416.6747,Age0_F4_m4f4_P4_Y4_UO75,R4_F4_m4f4_P4_Y2_UO482,R4_F4_m4f4_P4_Y1_UO458,FXX,0,31.16351306292037,0,0,0.0,0,0,0,0.0,0.4375,1,P3_CV0,2,0,2,1,1
4,2539041.489,728416.6747,Age0_F4_m4f4_P4_Y4_UO76,R4_F4_m4f4_P4_Y2_UO381,RD4_F4_m4f4_P4_Y2_UO16,MXY,0,31.16351306292037,0,0,0.0,0,0,0,0.0,0.5,1,P3_CV0,2,1,1,2,0
4,2539041.489,728416.6747,Age0_F4_m4f4_P4_Y4_UO77,R4_F4_m4f4_P4_Y2_UO381,RD4_F4_m4f4_P4_Y2_UO16,MXY,0,31.16351306292037,0,0,0.0,0,0,0,0.0,0.5,1,P3_CV0,2,1,1,2,0
4,2539041.489,728416.6747,Age0_F4_m4f4_P4_Y4_UO78,R4_F4_m4f4_P4_Y2_UO381,RD4_F4_m4f4_P4_Y2_UO16,MXY,0,31.16351306292037,0,0,0.0,0,0,0,0.0,0.5,1,P3_CV0,2,1,1,2,0
4,2539041.489,728416.6747,Age0_F4_m4f4_P4_Y4_UO79,R4_F4_m4f4_P4_Y2_UO381,RD4_F4_m4f4_P4_Y2_UO16,FXX,0,31.16351306292037,0,0,0.0,0,0,0,0.0,0.5,1,P3_CV0,2,1,1,2,0
4,2539041.489,728416.6747,Age0_F4_m4f4_P4_Y4_UO80,R4_F4_m4f4_P4_Y2_UO381,RD4_F4_m4f4_P4_Y2_UO16,FXX,0,31.16351306292037,0,0,0.0,0,0,0,0.0,0.5,1,P3_CV0,2,1,1,2,0
4,2539041.489,728416.6747,Age0_F4_m4f4_P4_Y4_UO81,R4_F4_m4f4_P4_Y2_UO381,RD4_F4_m4f4_P4_Y2_UO16,FXX,0,31.16351306292037,0,0,0.0,0,0,0,0.0,0.5,1,P3_CV0,2,1,1,2,0
4,2539041.489,728416.6747,Age0_F4_m4f4_P4_Y4_UO83,R4_F4_m4f4_P4_Y2_UO146,R4_F4_m4f4_P4_Y0_UO188,MXY,0,31.16351306292037,0,0,0.0,0,0,0,0.0,0.4375,1,P3_CV0,2,1,1,2,0
4,2539041.489,728416.6747,Age0_F4_m4f4_P4_Y4_UO84,R4_F4_m4f4_P4_Y2_UO146,R4_F4_m4f4_P4_Y0_UO188,MXY,0,31.16351306292037,0,0,0.0,0,0,0,0.0,0.4375,1,P3_CV0,2,1,1,2,0
4,2539041.489,728416.6747,Age0_F4_m4f4_P4_Y4_UO85,R4_F4_m4f4_P4_Y2_UO146,R4_F4_m4f4_P4_Y0_UO188,FXX,0,31.16351306292037,0,0,0.0,0,0,0,0.0,0.4375,1,P3_CV0,2,1,1,1,1
4,2539041.489,728416.6747,Age0_F4_m4f4_P4_Y4_UO86,R4_F4_m4f4_P4_Y2_UO146,R4_F4_m4f4_P4_Y0_UO188,MXY,0,31.16351306292037,0,0,0.0,0,0,0,0.0,0.4375,1,P3_CV0,2,1,1,1,1
4,2539041.489,728416.6747,Age0_F4_m4f4_P4_Y4_UO87,R4_F4_m4f4_P4_Y1_UO135,R4_F4_m4f4_P4_Y0_UO628,MXY,0,31.16351306292037,0,0,0.0,0,0,0,0.0,0.5,1,P3_CV0,2,1,1,1,1
4,2539041.489,728416.6747,Age0_F4_m4f4_P4_Y4_UO88,R4_F4_m4f4_P4_Y1_UO135,R4_F4_m4f4_P4_Y0_UO628,FXX,0,31.16351306292037,0,0,0.0,0,0,0,0.0,0.5,1,P3_CV0,2,1,1,0,2
4,2539041.489,728416.6747,Age0_F4_m4f4_P4_Y4_UO89,R4_F4_m4f4_P4_Y1_UO135,R4_F4_m4f4_P4_Y0_UO628,FXX,0,31.16351306292037,0,0,0.0,0,0,0,0.0,0.5,1,P3_CV0,2,2,0,0,2
4,2539041.489,728416.6747,Age0_F4_m4f4_P4_Y4_UO105,R4_F4_m4f4_P4_Y2_UO752,R4_F4_m4f4_P4_Y2_UO638,MXY,0,31.16351306292037,0,0,0.0,0,0,0,0.0,0.4375,1,P3_CV0,2,0,2,0,2
4,2539041.489,728416.6747,Age0_F4_m4f4_P4_Y4_UO106,R4_F4_m4f4_P4_Y2_UO752,R4_F4_m4f4_P4_Y2_UO638,FXX,0,31.16351306292037,0,0,0.0,0,0,0,0.0,0.4375,1,P3_CV0,2,1,1,1,1
4,2539041.489,728416.6747,Age0_F4_m4f4_P4_Y4_UO107,R4_F4_m4f4_P4_Y2_UO752,R4_F4_m4f4_P4_Y2_UO638,FXX,0,31.16351306292037,0,0,0.0,0,0,0,0.0,0.4375,1,P3_CV0,2,1,1,2,0
4,2539041.489,728416.6747,Age0_F4_m4f4_P4_Y4_UO108,R4_F4_m4f4_P4_Y2_UO752,R4_F4_m4f4_P4_Y2_UO638,FXX,0,31.16351306292037,0,0,0.0,0,0,0,0.0,0.4375,1,P3_CV0,2,1,1,2,0
4,2539041.489,728416.6747,Age0_F4_m4f4_P4_Y4_UO109,R4_F4_m4f4_P4_Y2_UO752,R4_F4_m4f4_P4_Y2_UO638,MXY,0,31.16351306292037,0,0,0.0,0,0,0,0.0,0.4375,1,P3_CV0,2,0,2,1,1
4,2539041.489,728416.6747,Age0_F4_m4f4_P4_Y4_UO110,R4_F4_m4f4_P4_Y2_UO603,R4_F4_m4f4_P4_Y2_UO366,MXY,0,31.16351306292037,0,0,0.0,0,0,0,0.0,0.5625,1,P3_CV0,2,2,0,1,1
4,2539041.489,728416.6747,Age0_F4_m4f4_P4_Y4_UO111,R4_F4_m4f4_P4_Y2_UO603,R4_F4_m4f4_P4_Y2_UO366,FXX,0,31.16351306292037,0,0,0.0,0,0,0,0.0,0.5625,1,P3_CV0,2,1,1,1,1
4,2539041.489,728416.6747,Age0_F4_m4f4_P4_Y4_UO144,R4_F4_m4f4_P4_Y2_UO752,R4_F4_m4f4_P4_Y2_UO466,FXX,0,31.16351306292037,0,0,0.0,0,0,0,0.0,0.375,1,P3_CV0,2,1,1,1,1
4,2539041.489,728416.6747,Age0_F4_m4f4_P4_Y4_UO145,R4_F4_m4f4_P4_Y2_UO752,R4_F4_m4f4_P4_Y2_UO466,MXY,0,31.16351306292037,0,0,0.0,0,0,0,0.0,0.375,1,P3_CV0,2,0,2,1,1
4,2539041.489,728416.6747,Age0_F4_m4f4_P4_Y4_UO146,R4_F4_m4f4_P4_Y2_UO752,R4_F4_m4f4_P4_Y2_UO466,FXX,0,31.16351306292037,0,0,0.0,0,0,0,0.0,0.375,1,P3_CV0,2,1,1,1,1
4,2539041.489,728416.6747,Age0_F4_m4f4_P4_Y4_UO147,R4_F4_m4f4_P4_Y2_UO752,R4_F4_m4f4_P4_Y2_UO466,MXY,0,31.16351306292037,0,0,0.0,0,0,0,0.0,0.375,1,P3_CV0,2,1,1,0,2
4,2539041.489,728416.6747,Age0_F4_m4f4_P4_Y4_UO148,R4_F4_m4f4_P4_Y2_UO752,R4_F4_m4f4_P4_Y2_UO466,FXX,0,31.16351306292037,0,0,0.0,0,0,0,0.0,0.375,1,P3_CV0,2,1,1,2,0
4,2539041.489,728416.6747,Age0_F4_m4f4_P4_Y4_UO149,R4_F4_m4f4_P4_Y2_UO752,R4_F4_m4f4_P4_Y2_UO466,MXY,0,31.16351306292037,0,0,0.0,0,0,0,0.0,0.375,1,P3_CV0,2,1,1,1,1
4,2539041.489,728416.6747,Age0_F4_m4f4_P4_Y4_UO150,R4_F4_m4f4_P4_Y2_UO752,R4_F4_m4f4_P4_Y2_UO466,FXX,0,31.16351306292037,0,0,0.0,0,0,0,0.0,0.375,1,P3_CV0,2,2,0,2,0
4,2539041.489,728416.6747,Age0_F4_m4f4_P4_Y4_UO151,R4_F4_m4f4_P4_Y2_UO762,R4_F4_m4f4_P4_Y2_UO380,FXX,0,31.16351306292037,0,0,0.0,0,0,0,0.0,0.25,1,P3_CV0,2,0,2,1,1
4,2539041.489,728416.6747,Age0_F4_m4f4_P4_Y4_UO152,R4_F4_m4f4_P4_Y2_UO762,R4_F4_m4f4_P4_Y2_UO380,MXY,0,31.16351306292037,0,0,0.0,0,0,0,0.0,0.25,1,P3_CV0,2,0,2,1,1
4,2539041.489,728416.6747,Age0_F4_m4f4_P4_Y4_UO153,R4_F4_m4f4_P4_Y2_UO762,R4_F4_m4f4_P4_Y2_UO380,FXX,0,31.16351306292037,0,0,0.0,0,0,0,0.0,0.25,1,P3_CV0,2,0,2,1,1
4,2539041.489,728416.6747,Age0_F4_m4f4_P4_Y4_UO154,R4_F4_m4f4_P4_Y2_UO762,R4_F4_m4f4_P4_Y2_UO380,MXY,0,31.16351306292037,0,0,0.0,0,0,0,0.0,0.25,1,P3_CV0,2,0,2,1,1
4,2539041.489,728416.6747,Age0_F4_m4f4_P4_Y4_UO155,R4_F4_m4f4_P4_Y2_UO762,R4_F4_m4f4_P4_Y2_UO380,FXX,0,31.16351306292037,0,0,0.0,0,0,0,0.0,0.25,1,P3_CV0,2,0,2,1,1
4,2539041.489,728416.6747,Age0_F4_m4f4_P4_Y4_UO159,R4_F4_m4f4_P4_Y2_UO91,R4_F4_m-1f-1_P4_Y-1_U35,MXY,0,31.16351306292037,0,0,0.0,0,0,0,0.0,0.875,1,P3_CV0,2,2,0,2,0
4,2539041.489,728416.6747,Age0_F4_m4f4_P4_Y4_UO160,R4_F4_m4f4_P4_Y2_UO91,R4_F4_m-1f-1_P4_Y-1_U35,FXX,0,31.16351306292037,0,0,0.0,0,0,0,0.0,0.875,1,P3_CV0,2,2,0,2,0
4,2539041.489,728416.6747,Age0_F4_m4f4_P4_Y4_UO161,R4_F4_m4f4_P4_Y2_UO91,R4_F4_m-1f-1_P4_Y-1_U35,FXX,0,31.16351306292037,0,0,0.0,0,0,0,0.0,0.875,1,P3_CV0,2,2,0,1,1
4,2539041.489,728416.6747,Age0_F4_m4f4_P4_Y4_UO162,R4_F4_m4f4_P4_Y2_UO91,R4_F4_m-1f-1_P4_Y-1_U35,MXY,0,31.16351306292037,0,0,0.0,0,0,0,0.0,0.875,1,P3_CV0,2,2,0,2,0
4,2539041.489,728416.6747,Age0_F4_m4f4_P4_Y4_UO177,R4_F4_m4f4_P4_Y1_UO295,R4_F4_m4f4_P4_Y1_UO618,FXX,0,31.16351306292037,0,0,0.0,0,0,0,0.0,0.5,1,P3_CV0,2,2,0,2,0
4,2539041.489,728416.6747,Age0_F4_m4f4_P4_Y4_UO178,R4_F4_m4f4_P4_Y1_UO295,R4_F4_m4f4_P4_Y1_UO618,MXY,0,31.16351306292037,0,0,0.0,0,0,0,0.0,0.5,1,P3_CV0,2,2,0,2,0
4,2539041.489,728416.6747,Age0_F4_m4f4_P4_Y4_UO179,R4_F4_m4f4_P4_Y1_UO295,R4_F4_m4f4_P4_Y1_UO618,MXY,0,31.16351306292037,0,0,0.0,0,0,0,0.0,0.5,1,P3_CV0,2,2,0,2,0
4,2539041.489,728416.6747,Age0_F4_m4f4_P4_Y4_UO180,R4_F4_m4f4_P4_Y1_UO295,R4_F4_m4f4_P4_Y1_UO618,FXX,0,31.16351306292037,0,0,0.0,0,0,0,0.0,0.5,1,P3_CV0,2,2,0,2,0
4,2539041.489,728416.6747,Age0_F4_m4f4_P4_Y4_UO181,R4_F4_m4f4_P4_Y1_UO295,R4_F4_m4f4_P4_Y1_UO618,FXX,0,31.16351306292037,0,0,0.0,0,0,0,0.0,0.5,1,P3_CV0,2,2,0,2,0
4,2539041.489,728416.6747,Age0_F4_m4f4_P4_Y4_UO194,R4_F4_m4f4_P4_Y2_UO146,R4_F4_m-1f-1_P4_Y-1_U94,MXY,0,31.16351306292037,0,0,0.0,0,0,0,0.0,0.1875,1,P3_CV0,2,0,2,1,1
4,2539041.489,728416.6747,Age0_F4_m4f4_P4_Y4_UO195,R4_F4_m4f4_P4_Y2_UO146,R4_F4_m-1f-1_P4_Y-1_U94,MXY,0,31.16351306292037,0,0,0.0,0,0,0,0.0,0.1875,1,P3_CV0,2,0,2,1,1
4,2539041.489,728416.6747,Age0_F4_m4f4_P4_Y4_UO196,R4_F4_m4f4_P4_Y2_UO146,R4_F4_m-1f-1_P4_Y-1_U94,FXX,0,31.16351306292037,0,0,0.0,0,0,0,0.0,0.1875,1,P3_CV0,2,0,2,1,1
4,2539041.489,728416.6747,Age0_F4_m4f4_P4_Y4_UO197,R4_F4_m4f4_P4_Y2_UO146,R4_F4_m-1f-1_P4_Y-1_U94,FXX,0,31.16351306292037,0,0,0.0,0,0,0,0.0,0.1875,1,P3_CV0,2,0,2,1,1
4,2539041.489,728416.6747,Age0_F4_m4f4_P4_Y4_UO200,R4_F4_m4f4_P4_Y2_UO193,R4_F4_m4f4_P4_Y2_UO597,MXY,0,31.16351306292037,0,0,0.0,0,0,0,0.0,0.125,1,P3_CV0,2,0,2,1,1
4,2539041.489,728416.6747,Age0_F4_m4f4_P4_Y4_UO201,R4_F4_m4f4_P4_Y2_UO193,R4_F4_m4f4_P4_Y2_UO597,FXX,0,31.16351306292037,0,0,0.0,0,0,0,0.0,0.125,1,P3_CV0,2,1,1,0,2
4,2539041.489,728416.6747,Age0_F4_m4f4_P4_Y4_UO202,R4_F4_m4f4_P4_Y2_UO193,R4_F4_m4f4_P4_Y2_UO597,FXX,0,31.16351306292037,0,0,0.0,0,0,0,0.0,0.125,1,P3_CV0,2,1,1,1,1
4,2539041.489,728416.6747,Age0_F4_m4f4_P4_Y4_UO203,R4_F4_m4f4_P4_Y2_UO193,R4_F4_m4f4_P4_Y2_UO597,FXX,0,31.16351306292037,0,0,0.0,0,0,0,0.0,0.125,1,P3_CV0,2,1,1,0,2
4,2539041.489,728416.6747,Age0_F4_m4f4_P4_Y4_UO204,R4_F4_m4f4_P4_Y2_UO193,R4_F4_m4f4_P4_Y2_UO597,FXX,0,31.16351306292037,0,0,0.0,0,0,0,0.0,0.125,1,P3_CV0,2,1,1,1,1
4,2539041.489,728416.6747,Age0_F4_m4f4_P4_Y4_UO210,R4_F4_m4f4_P4_Y2_UO747,R4_F4_m4f4_P4_Y1_UO247,FXX,0,31.16351306292037,0,0,0.0,0,0,0,0.0,0.1875,1,P3_CV0,2,2,0,2,0
4,2539041.489,728416.6747,Age0_F4_m4f4_P4_Y4_UO211,R4_F4_m4f4_P4_Y2_UO747,R4_F4_m4f4_P4_Y1_UO247,MXY,0,31.16351306292037,0,0,0.0,0,0,0,0.0,0.1875,1,P3_CV0,2,0,2,2,0
4,2539041.489,728416.6747,Age0_F4_m4f4_P4_Y4_UO212,R4_F4_m4f4_P4_Y2_UO747,R4_F4_m4f4_P4_Y1_UO247,FXX,0,31.16351306292037,0,0,0.0,0,0,0,0.0,0.1875,1,P3_CV0,2,2,0,2,0
4,2539041.489,728416.6747,Age0_F4_m4f4_P4_Y4_UO213,R4_F4_m4f4_P4_Y2_UO747,R4_F4_m4f4_P4_Y1_UO247,MXY,0,31.16351306292037,0,0,0.0,0,0,0,0.0,0.1875,1,P3_CV0,2,2,0,2,0
4,2539041.489,728416.6747,Age0_F4_m4f4_P4_Y4_UO214,R4_F4_m4f4_P4_Y2_UO747,R4_F4_m4f4_P4_Y1_UO247,FXX,0,31.16351306292037,0,0,0.0,0,0,0,0.0,0.1875,1,P3_CV0,2,0,2,2,0
4,2539041.489,728416.6747,Age0_F4_m4f4_P4_Y4_UO215,R4_F4_m4f4_P4_Y2_UO747,R4_F4_m4f4_P4_Y1_UO247,FXX,0,31.16351306292037,0,0,0.0,0,0,0,0.0,0.1875,1,P3_CV0,2,0,2,2,0
4,2539041.489,728416.6747,Age0_F4_m4f4_P4_Y4_UO216,R4_F4_m4f4_P4_Y2_UO747,R4_F4_m4f4_P4_Y1_UO247,MXY,0,31.16351306292037,0,0,0.0,0,0,0,0.0,0.1875,1,P3_CV0,2,0,2,2,0
4,2539041.489,728416.6747,Age0_F4_m4f4_P4_Y4_UO263,R4_F4_m4f4_P4_Y2_UO146,R4_F4_m4f4_P4_Y2_UO466,MXY,0,31.16351306292037,0,0,0.0,0,0,0,0.0,0.3125,1,P3_CV0,2,1,1,0,2
4,2539041.489,728416.6747,Age0_F4_m4f4_P4_Y4_UO264,R4_F4_m4f4_P4_Y2_UO146,R4_F4_m4f4_P4_Y2_UO466,MXY,0,31.16351306292037,0,0,0.0,0,0,0,0.0,0.3125,1,P3_CV0,2,0,2,2,0
4,2539041.489,728416.6747,Age0_F4_m4f4_P4_Y4_UO283,R4_F4_m4f4_P4_Y2_UO146,R4_F4_m4f4_P4_Y2_UO600,MXY,0,31.16351306292037,0,0,0.0,0,0,0,0.0,0.3125,1,P3_CV0,2,1,1,1,1
4,2539041.489,728416.6747,Age0_F4_m4f4_P4_Y4_UO302,R4_F4_m4f4_P4_Y2_UO752,R4_F4_m4f4_P4_Y2_UO638,FXX,0,31.16351306292037,0,0,0.0,0,0,0,0.0,0.4375,1,P3_CV0,2,0,2,0,2
4,2539041.489,728416.6747,Age0_F4_m4f4_P4_Y4_UO303,R4_F4_m4f4_P4_Y2_UO752,R4_F4_m4f4_P4_Y2_UO638,MXY,0,31.16351306292037,0,0,0.0,0,0,0,0.0,0.4375,1,P3_CV0,2,2,0,1,1
4,2539041.489,728416.6747,Age0_F4_m4f4_P4_Y4_UO304,R4_F4_m4f4_P4_Y2_UO752,R4_F4_m4f4_P4_Y2_UO638,MXY,0,31.16351306292037,0,0,0.0,0,0,0,0.0,0.4375,1,P3_CV0,2,1,1,2,0
4,2539041.489,728416.6747,Age0_F4_m4f4_P4_Y4_UO319,R4_F4_m4f4_P4_Y2_UO812,R4_F4_m4f4_P4_Y0_UO335,MXY,0,31.16351306292037,0,0,0.0,0,0,0,0.0,0.5,1,P3_CV0,2,0,2,0,2
4,2539041.489,728416.6747,Age0_F4_m4f4_P4_Y4_UO320,R4_F4_m4f4_P4_Y2_UO812,R4_F4_m4f4_P4_Y0_UO335,FXX,0,31.16351306292037,0,0,0.0,0,0,0,0.0,0.5,1,P3_CV0,2,2,0,1,1
4,2539041.489,728416.6747,Age0_F4_m4f4_P4_Y4_UO321,R4_F4_m4f4_P4_Y2_UO812,R4_F4_m4f4_P4_Y0_UO335,FXX,0,31.16351306292037,0,0,0.0,0,0,0,0.0,0.5,1,P3_CV0,2,0,2,0,2
4,2539041.489,728416.6747,Age0_F4_m4f4_P4_Y4_UO322,R4_F4_m4f4_P4_Y2_UO812,R4_F4_m4f4_P4_Y0_UO335,FXX,0,31.16351306292037,0,0,0.0,0,0,0,0.0,0.5,1,P3_CV0,2,1,1,1,1
4,2539041.489,728416.6747,Age0_F4_m4f4_P4_Y4_UO323,R4_F4_m4f4_P4_Y2_UO812,R4_F4_m4f4_P4_Y0_UO335,MXY,0,31.16351306292037,0,0,0.0,0,0,0,0.0,0.5,1,P3_CV0,2,0,2,0,2
4,2539041.489,728416.6747,Age0_F4_m4f4_P4_Y4_UO344,R4_F4_m4f4_P4_Y2_UO146,R4_F4_m4f4_P4_Y0_UO628,FXX,0,31.16351306292037,0,0,0.0,0,0,0,0.0,0.4375,1,P3_CV0,2,0,2,1,1
4,2539041.489,728416.6747,Age0_F4_m4f4_P4_Y4_UO345,R4_F4_m4f4_P4_Y2_UO146,R4_F4_m4f4_P4_Y0_UO628,FXX,0,31.16351306292037,0,0,0.0,0,0,0,0.0,0.4375,1,P3_CV0,2,0,2,1,1
4,2539041.489,728416.6747,Age0_F4_m4f4_P4_Y4_UO346,R4_F4_m4f4_P4_Y2_UO146,R4_F4_m4f4_P4_Y0_UO628,FXX,0,31.16351306292037,0,0,0.0,0,0,0,0.0,0.4375,1,P3_CV0,2,1,1,1,1
4,2539041.489,728416.6747,Age0_F4_m4f4_P4_Y4_UO347,R4_F4_m4f4_P4_Y2_UO146,R4_F4_m4f4_P4_Y0_UO628,MXY,0,31.16351306292037,0,0,0.0,0,0,0,0.0,0.4375,1,P3_CV0,2,1,1,2,0
4,2539041.489,728416.6747,Age0_F4_m4f4_P4_Y4_UO348,R4_F4_m4f4_P4_Y2_UO146,R4_F4_m4f4_P4_Y0_UO628,FXX,0,31.16351306292037,0,0,0.0,0,0,0,0.0,0.4375,1,P3_CV0,2,0,2,1,1
4,2539041.489,728416.6747,Age0_F4_m4f4_P4_Y4_UO349,R4_F4_m4f4_P4_Y2_UO146,R4_F4_m4f4_P4_Y0_UO628,MXY,0,31.16351306292037,0,0,0.0,0,0,0,0.0,0.4375,1,P3_CV0,2,0,2,1,1
4,2539041.489,728416.6747,Age0_F4_m4f4_P4_Y4_UO350,R4_F4_m4f4_P4_Y2_UO146,R4_F4_m4f4_P4_Y0_UO628,FXX,0,31.16351306292037,0,0,0.0,0,0,0,0.0,0.4375,1,P3_CV0,2,0,2,0,2
4,2539041.489,728416.6747,Age0_F4_m4f4_P4_Y4_UO351,R4_F4_m4f4_P4_Y2_UO640,R4_F4_m4f4_P4_Y1_UO310,MXY,0,31.16351306292037,0,0,0.0,0,0,0,0.0,0.3125,1,P3_CV0,2,2,0,1,1
4,2539041.489,728416.6747,Age0_F4_m4f4_P4_Y4_UO352,R4_F4_m4f4_P4_Y2_UO640,R4_F4_m4f4_P4_Y1_UO310,MXY,0,31.16351306292037,0,0,0.0,0,0,0,0.0,0.3125,1,P3_CV0,2,1,1,1,1
4,2539041.489,728416.6747,Age0_F4_m4f4_P4_Y4_UO353,R4_F4_m4f4_P4_Y2_UO640,R4_F4_m4f4_P4_Y1_UO310,MXY,0,31.16351306292037,0,0,0.0,0,0,0,0.0,0.3125,1,P3_CV0,2,1,1,1,1
4,2539041.489,728416.6747,Age0_F4_m4f4_P4_Y4_UO354,R4_F4_m4f4_P4_Y2_UO640,R4_F4_m4f4_P4_Y1_UO310,MXY,0,31.16351306292037,0,0,0.0,0,0,0,0.0,0.3125,1,P3_CV0,2,1,1,1,1
4,2539041.489,728416.6747,Age0_F4_m4f4_P4_Y4_UO392,R4_F4_m4f4_P4_Y2_UO747,R4_F4_m4f4_P4_Y2_UO597,FXX,0,31.16351306292037,0,0,0.0,0,0,0,0.0,0.3125,1,P3_CV0,2,1,1,2,0
4,2539041.489,728416.6747,Age0_F4_m4f4_P4_Y4_UO393,R4_F4_m4f4_P4_Y2_UO747,R4_F4_m4f4_P4_Y2_UO597,MXY,0,31.16351306292037,0,0,0.0,0,0,0,0.0,0.3125,1,P3_CV0,2,2,0,1,1
4,2539041.489,728416.6747,Age0_F4_m4f4_P4_Y4_UO434,R4_F4_m4f4_P4_Y1_UO295,R4_F4_m4f4_P4_Y2_UO638,MXY,0,31.16351306292037,0,0,0.0,0,0,0,0.0,0.5625,1,P3_CV0,2,1,1,1,1
4,2539041.489,728416.6747,Age0_F4_m4f4_P4_Y4_UO435,R4_F4_m4f4_P4_Y1_UO295,R4_F4_m4f4_P4_Y2_UO638,MXY,0,31.16351306292037,0,0,0.0,0,0,0,0.0,0.5625,1,P3_CV0,2,2,0,1,1
4,2539041.489,728416.6747,Age0_F4_m4f4_P4_Y4_UO436,R4_F4_m4f4_P4_Y1_UO295,R4_F4_m4f4_P4_Y2_UO638,FXX,0,31.16351306292037,0,0,0.0,0,0,0,0.0,0.5625,1,P3_CV0,2,1,1,2,0
4,2539041.489,728416.6747,Age0_F4_m4f4_P4_Y4_UO437,R4_F4_m4f4_P4_Y1_UO295,R4_F4_m4f4_P4_Y2_UO638,FXX,0,31.16351306292037,0,0,0.0,0,0,0,0.0,0.5625,1,P3_CV0,2,1,1,2,0
4,2539041.489,728416.6747,Age0_F4_m4f4_P4_Y4_UO438,R4_F4_m4f4_P4_Y1_UO295,R4_F4_m4f4_P4_Y2_UO638,FXX,0,31.16351306292037,0,0,0.0,0,0,0,0.0,0.5625,1,P3_CV0,2,1,1,2,0
4,2539041.489,728416.6747,Age0_F4_m4f4_P4_Y4_UO450,R4_F4_m-1f-1_P4_Y-1_U108,R4_F4_m4f4_P4_Y0_UO112,FXX,0,31.16351306292037,0,0,0.0,0,0,0,0.0,0.75,1,P3_CV0,2,1,1,1,1
4,2539041.489,728416.6747,Age0_F4_m4f4_P4_Y4_UO451,R4_F4_m-1f-1_P4_Y-1_U108,R4_F4_m4f4_P4_Y0_UO112,FXX,0,31.16351306292037,0,0,0.0,0,0,0,0.0,0.75,1,P3_CV0,2,1,1,1,1
4,2539041.489,728416.6747,Age0_F4_m4f4_P4_Y4_UO452,R4_F4_m-1f-1_P4_Y-1_U108,R4_F4_m4f4_P4_Y0_UO112,FXX,0,31.16351306292037,0,0,0.0,0,0,0,0.0,0.75,1,P3_CV0,2,1,1,1,1
4,2539041.489,728416.6747,Age0_F4_m4f4_P4_Y4_UO453,R4_F4_m-1f-1_P4_Y-1_U108,R4_F4_m4f4_P4_Y0_UO112,MXY,0,31.16351306292037,0,0,0.0,0,0,0,0.0,0.75,1,P3_CV0,2,1,1,1,1
4,2539041.489,728416.6747,Age0_F4_m4f4_P4_Y4_UO454,R4_F4_m-1f-1_P4_Y-1_U108,R4_F4_m4f4_P4_Y0_UO112,FXX,0,31.16351306292037,0,0,0.0,0,0,0,0.0,0.75,1,P3_CV0,2,1,1,1,1
4,2539041.489,728416.6747,Age0_F4_m4f4_P4_Y4_UO508,R4_F4_m4f4_P4_Y2_UO810,R4_F4_m4f4_P4_Y1_UO458,FXX,0,31.16351306292037,0,0,0.0,0,0,0,0.0,0.625,1,P3_CV0,2,1,1,0,2
4,2539041.489,728416.6747,Age0_F4_m4f4_P4_Y4_UO509,R4_F4_m4f4_P4_Y2_UO810,R4_F4_m4f4_P4_Y1_UO458,FXX,0,31.16351306292037,0,0,0.0,0,0,0,0.0,0.625,1,P3_CV0,2,2,0,0,2
4,2539041.489,728416.6747,Age0_F4_m4f4_P4_Y4_UO510,R4_F4_m4f4_P4_Y2_UO810,R4_F4_m4f4_P4_Y1_UO458,MXY,0,31.16351306292037,0,0,0.0,0,0,0,0.0,0.625,1,P3_CV0,2,1,1,0,2
4,2539041.489,728416.6747,Age0_F4_m4f4_P4_Y4_UO524,R4_F4_m4f4_P4_Y1_UO294,R4_F4_m6f6_P6_Y0_UO540,MXY,0,31.16351306292037,0,0,0.0,0,0,0,0.0,0.625,1,P3_CV0,2,2,0,1,1
4,2539041.489,728416.6747,Age0_F4_m4f4_P4_Y4_UO526,R4_F4_m4f4_P4_Y1_UO294,R4_F4_m6f6_P6_Y0_UO540,MXY,0,31.16351306292037,0,0,0.0,0,0,0,0.0,0.625,1,P3_CV0,2,1,1,0,2
4,2539041.489,728416.6747,Age0_F4_m4f4_P4_Y4_UO563,R4_F4_m4f4_P4_Y2_UO441,R4_F4_m4f4_P4_Y0_UO206,FXX,0,31.16351306292037,0,0,0.0,0,0,0,0.0,0.5625,1,P3_CV0,2,1,1,0,2
4,2539041.489,728416.6747,Age0_F4_m4f4_P4_Y4_UO564,R4_F4_m4f4_P4_Y2_UO441,R4_F4_m4f4_P4_Y0_UO206,FXX,0,31.16351306292037,0,0,0.0,0,0,0,0.0,0.5625,1,P3_CV0,2,2,0,2,0
4,2539041.489,728416.6747,Age0_F4_m4f4_P4_Y4_UO565,R4_F4_m4f4_P4_Y2_UO441,R4_F4_m4f4_P4_Y0_UO206,MXY,0,31.16351306292037,0,0,0.0,0,0,0,0.0,0.5625,1,P3_CV0,2,2,0,1,1
4,2539041.489,728416.6747,Age0_F4_m4f4_P4_Y4_UO566,R4_F4_m4f4_P4_Y2_UO441,R4_F4_m4f4_P4_Y0_UO206,FXX,0,31.16351306292037,0,0,0.0,0,0,0,0.0,0.5625,1,P3_CV0,2,1,1,1,1
4,2539041.489,728416.6747,Age0_F4_m4f4_P4_Y4_UO567,R4_F4_m4f4_P4_Y2_UO441,R4_F4_m4f4_P4_Y0_UO206,FXX,0,31.16351306292037,0,0,0.0,0,0,0,0.0,0.5625,1,P3_CV0,2,2,0,0,2
4,2539041.489,728416.6747,Age0_F4_m4f4_P4_Y4_UO592,R4_F4_m4f4_P4_Y2_UO193,R4_F4_m4f4_P4_Y2_UO466,MXY,0,31.16351306292037,0,0,0.0,0,0,0,0.0,0.125,1,P3_CV0,2,0,2,0,2
4,2539041.489,728416.6747,Age0_F4_m4f4_P4_Y4_UO593,R4_F4_m4f4_P4_Y2_UO193,R4_F4_m4f4_P4_Y2_UO466,FXX,0,31.16351306292037,0,0,0.0,0,0,0,0.0,0.125,1,P3_CV0,2,0,2,0,2
4,2539041.489,728416.6747,Age0_F4_m4f4_P4_Y4_UO594,R4_F4_m4f4_P4_Y2_UO193,R4_F4_m4f4_P4_Y2_UO466,FXX,0,31.16351306292037,0,0,0.0,0,0,0,0.0,0.125,1,P3_CV0,2,0,2,1,1
4,2539041.489,728416.6747,Age0_F4_m4f4_P4_Y4_UO595,R4_F4_m4f4_P4_Y2_UO193,R4_F4_m4f4_P4_Y2_UO466,FXX,0,31.16351306292037,0,0,0.0,0,0,0,0.0,0.125,1,P3_CV0,2,1,1,0,2
4,2539041.489,728416.6747,Age0_F4_m4f4_P4_Y4_UO653,R4_F4_m4f4_P4_Y2_UO603,R4_F4_m4f4_P4_Y2_UO380,MXY,0,31.16351306292037,0,0,0.0,0,0,0,0.0,0.5,1,P3_CV0,2,1,1,1,1
4,2539041.489,728416.6747,Age0_F4_m4f4_P4_Y4_UO654,R4_F4_m4f4_P4_Y2_UO603,R4_F4_m4f4_P4_Y2_UO380,MXY,0,31.16351306292037,0,0,0.0,0,0,0,0.0,0.5,1,P3_CV0,2,1,1,1,1
4,2539041.489,728416.6747,Age0_F4_m4f4_P4_Y4_UO655,R4_F4_m4f4_P4_Y2_UO603,R4_F4_m4f4_P4_Y2_UO380,MXY,0,31.16351306292037,0,0,0.0,0,0,0,0.0,0.5,1,P3_CV0,2,1,1,1,1
4,2539041.489,728416.6747,Age0_F4_m4f4_P4_Y4_UO677,R4_F4_m4f4_P4_Y0_UO412,R4_F4_m4f4_P4_Y2_UO597,MXY,0,31.16351306292037,0,0,0.0,0,0,0,0.0,0.25,1,P3_CV0,2,1,1,2,0
4,2539041.489,728416.6747,Age0_F4_m4f4_P4_Y4_UO678,R4_F4_m4f4_P4_Y0_UO412,R4_F4_m4f4_P4_Y2_UO597,MXY,0,31.16351306292037,0,0,0.0,0,0,0,0.0,0.25,1,P3_CV0,2,1,1,1,1
4,2539041.489,728416.6747,Age0_F4_m4f4_P4_Y4_UO679,R4_F4_m4f4_P4_Y0_UO412,R4_F4_m4f4_P4_Y2_UO597,FXX,0,31.16351306292037,0,0,0.0,0,0,0,0.0,0.25,1,P3_CV0,2,1,1,1,1
4,2539041.489,728416.6747,Age0_F4_m4f4_P4_Y4_UO680,R4_F4_m4f4_P4_Y0_UO412,R4_F4_m4f4_P4_Y2_UO597,FXX,0,31.16351306292037,0,0,0.0,0,0,0,0.0,0.25,1,P3_CV0,2,1,1,2,0
4,2539041.489,728416.6747,Age0_F4_m4f4_P4_Y4_UO681,R4_F4_m4f4_P4_Y0_UO412,R4_F4_m4f4_P4_Y2_UO597,FXX,0,31.16351306292037,0,0,0.0,0,0,0,0.0,0.25,1,P3_CV0,2,1,1,1,1
4,2539041.489,728416.6747,Age0_F4_m4f4_P4_Y4_UO682,R4_F4_m4f4_P4_Y0_UO412,R4_F4_m4f4_P4_Y2_UO597,FXX,0,31.16351306292037,0,0,0.0,0,0,0,0.0,0.25,1,P3_CV0,2,1,1,2,0
4,2539041.489,728416.6747,Age0_F4_m4f4_P4_Y4_UO683,R4_F4_m4f4_P4_Y0_UO412,R4_F4_m4f4_P4_Y2_UO597,MXY,0,31.16351306292037,0,0,0.0,0,0,0,0.0,0.25,1,P3_CV0,2,2,0,2,0
4,2539041.489,728416.6747,Age0_F4_m4f4_P4_Y4_UO684,R4_F4_m4f4_P4_Y0_UO412,R4_F4_m4f4_P4_Y2_UO597,FXX,0,31.16351306292037,0,0,0.0,0,0,0,0.0,0.25,1,P3_CV0,2,1,1,2,0
4,2539041.489,728416.6747,Age0_F4_m4f4_P4_Y4_UO702,R4_F4_m4f4_P4_Y1_UO110,R4_F4_m4f4_P4_Y2_UO748,MXY,0,31.16351306292037,0,0,0.0,0,0,0,0.0,0.3125,1,P3_CV0,2,2,0,2,0
4,2539041.489,728416.6747,Age0_F4_m4f4_P4_Y4_UO703,R4_F4_m4f4_P4_Y1_UO110,R4_F4_m4f4_P4_Y2_UO748,FXX,0,31.16351306292037,0,0,0.0,0,0,0,0.0,0.3125,1,P3_CV0,2,1,1,2,0
4,2539041.489,728416.6747,Age0_F4_m4f4_P4_Y4_UO704,R4_F4_m4f4_P4_Y1_UO110,R4_F4_m4f4_P4_Y2_UO748,FXX,0,31.16351306292037,0,0,0.0,0,0,0,0.0,0.3125,1,P3_CV0,2,2,0,2,0
4,2539041.489,728416.6747,Age0_F4_m4f4_P4_Y4_UO705,R4_F4_m4f4_P4_Y1_UO110,R4_F4_m4f4_P4_Y2_UO748,FXX,0,31.16351306292037,0,0,0.0,0,0,0,0.0,0.3125,1,P3_CV0,2,1,1,2,0
4,2539041.489,728416.6747,Age0_F4_m4f4_P4_Y4_UO706,R4_F4_m4f4_P4_Y1_UO110,R4_F4_m4f4_P4_Y2_UO748,MXY,0,31.16351306292037,0,0,0.0,0,0,0,0.0,0.3125,1,P3_CV0,2,2,0,2,0
4,2539041.489,728416.6747,Age0_F4_m4f4_P4_Y4_UO714,R4_F4_m4f4_P4_Y2_UO737,R4_F4_m4f4_P4_Y2_UO746,MXY,0,31.16351306292037,0,0,0.0,0,0,0,0.0,0.5625,1,P3_CV0,2,1,1,1,1
4,2539041.489,728416.6747,Age0_F4_m4f4_P4_Y4_UO715,R4_F4_m4f4_P4_Y2_UO522,R4_F4_m4f4_P4_Y2_UO335,MXY,0,31.16351306292037,0,0,0.0,0,0,0,0.0,0.4375,1,P3_CV0,2,1,1,1,1
4,2539041.489,728416.6747,Age0_F4_m4f4_P4_Y4_UO716,R4_F4_m4f4_P4_Y2_UO522,R4_F4_m4f4_P4_Y2_UO335,MXY,0,31.16351306292037,0,0,0.0,0,0,0,0.0,0.4375,1,P3_CV0,2,1,1,2,0
4,2539041.489,728416.6747,Age0_F4_m4f4_P4_Y4_UO717,R4_F4_m4f4_P4_Y2_UO522,R4_F4_m4f4_P4_Y2_UO335,FXX,0,31.16351306292037,0,0,0.0,0,0,0,0.0,0.4375,1,P3_CV0,2,1,1,1,1
4,2539041.489,728416.6747,Age0_F4_m4f4_P4_Y4_UO726,R4_F4_m4f4_P4_Y2_UO640,RD4_F3_m3f3_P3_Y2_UO575,FXX,0,31.16351306292037,0,0,0.0,0,0,0,0.0,0.625,1,P3_CV0,2,1,1,2,0
4,2539041.489,728416.6747,Age0_F4_m4f4_P4_Y4_UO748,R4_F4_m-1f-1_P4_Y-1_U75,R4_F4_m4f4_P4_Y0_UO335,MXY,0,31.16351306292037,0,0,0.0,0,0,0,0.0,0.25,1,P3_CV0,2,0,2,1,1
4,2539041.489,728416.6747,Age0_F4_m4f4_P4_Y4_UO749,R4_F4_m-1f-1_P4_Y-1_U75,R4_F4_m4f4_P4_Y0_UO335,FXX,0,31.16351306292037,0,0,0.0,0,0,0,0.0,0.25,1,P3_CV0,2,0,2,1,1
4,2539041.489,728416.6747,Age0_F4_m4f4_P4_Y4_UO750,R4_F4_m-1f-1_P4_Y-1_U75,R4_F4_m4f4_P4_Y0_UO335,FXX,0,31.16351306292037,0,0,0.0,0,0,0,0.0,0.25,1,P3_CV0,2,1,1,1,1
4,2539041.489,728416.6747,Age0_F4_m4f4_P4_Y4_UO751,R4_F4_m-1f-1_P4_Y-1_U75,R4_F4_m4f4_P4_Y0_UO335,MXY,0,31.16351306292037,0,0,0.0,0,0,0,0.0,0.25,1,P3_CV0,2,0,2,0,2
4,2539041.489,728416.6747,Age0_F4_m4f4_P4_Y4_UO752,R4_F4_m-1f-1_P4_Y-1_U75,R4_F4_m4f4_P4_Y0_UO335,MXY,0,31.16351306292037,0,0,0.0,0,0,0,0.0,0.25,1,P3_CV0,2,0,2,0,2
4,2539041.489,728416.6747,Age0_F4_m4f4_P4_Y4_UO753,R4_F4_m-1f-1_P4_Y-1_U75,R4_F4_m4f4_P4_Y0_UO335,MXY,0,31.16351306292037,0,0,0.0,0,0,0,0.0,0.25,1,P3_CV0,2,1,1,0,2
4,2539041.489,728416.6747,Age0_F4_m4f4_P4_Y4_UO754,R4_F4_m-1f-1_P4_Y-1_U75,R4_F4_m4f4_P4_Y0_UO335,FXX,0,31.16351306292037,0,0,0.0,0,0,0,0.0,0.25,1,P3_CV0,2,1,1,0,2
4,2539041.489,728416.6747,Age0_F4_m4f4_P4_Y4_UO755,R4_F4_m-1f-1_P4_Y-1_U75,R4_F4_m4f4_P4_Y0_UO335,MXY,0,31.16351306292037,0,0,0.0,0,0,0,0.0,0.25,1,P3_CV0,2,1,1,1,1
4,2539041.489,728416.6747,Age0_F4_m4f4_P4_Y4_UO756,R4_F4_m-1f-1_P4_Y-1_U75,R4_F4_m4f4_P4_Y0_UO335,FXX,0,31.16351306292037,0,0,0.0,0,0,0,0.0,0.25,1,P3_CV0,2,1,1,0,2
4,2539041.489,728416.6747,Age0_F4_m4f4_P4_Y4_UO757,R4_F4_m-1f-1_P4_Y-1_U75,R4_F4_m4f4_P4_Y0_UO335,FXX,0,31.16351306292037,0,0,0.0,0,0,0,0.0,0.25,1,P3_CV0,2,0,2,1,1
4,2539041.489,728416.6747,Age0_F4_m4f4_P4_Y4_UO794,R4_F4_m4f4_P4_Y2_UO761,R4_F4_m4f4_P4_Y0_UO628,MXY,0,31.16351306292037,0,0,0.0,0,0,0,0.0,0.25,1,P3_CV0,2,0,2,1,1
4,2539041.489,728416.6747,Age0_F4_m4f4_P4_Y4_UO795,R4_F4_m4f4_P4_Y2_UO761,R4_F4_m4f4_P4_Y0_UO628,MXY,0,31.16351306292037,0,0,0.0,0,0,0,0.0,0.25,1,P3_CV0,2,0,2,0,2
4,2539041.489,728416.6747,Age0_F4_m4f4_P4_Y4_UO796,R4_F4_m4f4_P4_Y2_UO761,R4_F4_m4f4_P4_Y0_UO628,MXY,0,31.16351306292037,0,0,0.0,0,0,0,0.0,0.25,1,P3_CV0,2,1,1,0,2
4,2539041.489,728416.6747,Age0_F4_m4f4_P4_Y4_UO844,R4_F4_m4f4_P4_Y1_UO294,RD4_F6_m6f6_P6_Y2_UO176,MXY,0,31.16351306292037,0,0,0.0,0,0,0,0.0,0.5,1,P3_CV0,2,1,1,1,1
4,2539041.489,728416.6747,Age0_F4_m4f4_P4_Y4_UO845,R4_F4_m4f4_P4_Y1_UO294,RD4_F6_m6f6_P6_Y2_UO176,MXY,0,31.16351306292037,0,0,0.0,0,0,0,0.0,0.5,1,P3_CV0,2,1,1,1,1
4,2539041.489,728416.6747,Age0_F4_m4f4_P4_Y4_UO899,R4_F4_m4f4_P4_Y2_UO441,R4_F4_m4f4_P4_Y0_UO335,MXY,0,31.16351306292037,0,0,0.0,0,0,0,0.0,0.4375,1,P3_CV0,2,1,1,1,1
4,2539041.489,728416.6747,Age0_F4_m4f4_P4_Y4_UO900,R4_F4_m4f4_P4_Y2_UO441,R4_F4_m4f4_P4_Y0_UO335,MXY,0,31.16351306292037,0,0,0.0,0,0,0,0.0,0.4375,1,P3_CV0,2,0,2,0,2
4,2539041.489,728416.6747,Age0_F4_m4f4_P4_Y4_UO901,R4_F4_m4f4_P4_Y2_UO441,R4_F4_m4f4_P4_Y0_UO335,MXY,0,31.16351306292037,0,0,0.0,0,0,0,0.0,0.4375,1,P3_CV0,2,2,0,0,2
4,2539041.489,728416.6747,Age0_F4_m4f4_P4_Y4_UO902,R4_F4_m4f4_P4_Y2_UO441,R4_F4_m4f4_P4_Y0_UO335,FXX,0,31.16351306292037,0,0,0.0,0,0,0,0.0,0.4375,1,P3_CV0,2,2,0,0,2
4,2539041.489,728416.6747,Age0_F4_m4f4_P4_Y4_UO919,R4_F4_m4f4_P4_Y2_UO17,R4_F4_m4f4_P4_Y1_UO385,MXY,0,31.16351306292037,0,0,0.0,0,0,0,0.0,0.625,1,P3_CV0,2,2,0,1,1
4,2539041.489,728416.6747,Age0_F4_m4f4_P4_Y4_UO920,R4_F4_m4f4_P4_Y2_UO17,R4_F4_m4f4_P4_Y1_UO385,FXX,0,31.16351306292037,0,0,0.0,0,0,0,0.0,0.625,1,P3_CV0,2,1,1,0,2
4,2539041.489,728416.6747,Age0_F4_m4f4_P4_Y4_UO921,R4_F4_m4f4_P4_Y2_UO17,R4_F4_m4f4_P4_Y1_UO385,FXX,0,31.16351306292037,0,0,0.0,0,0,0,0.0,0.625,1,P3_CV0,2,0,2,1,1
4,2539041.489,728416.6747,Age0_F4_m4f4_P4_Y4_UO965,R4_F4_m4f4_P4_Y2_UO603,R4_F4_m4f4_P4_Y1_UO111,FXX,0,31.16351306292037,0,0,0.0,0,0,0,0.0,0.375,1,P3_CV0,2,1,1,0,2
4,2539041.489,728416.6747,Age0_F4_m4f4_P4_Y4_UO967,R4_F4_m4f4_P4_Y2_UO603,R4_F4_m4f4_P4_Y1_UO111,MXY,0,31.16351306292037,0,0,0.0,0,0,0,0.0,0.375,1,P3_CV0,2,2,0,1,1
4,2539041.489,728416.6747,R4_F4_m4f4_P4_Y3_UO417,R4_F4_m4f4_P4_Y0_UO365,R4_F4_m4f4_P4_Y0_UO188,MXY,1,65.51600959900311,1,1,0.0,0,0,0,-9999.0,0.375,1,P3_CV0,2,2,0,2,0
4,2539041.489,728416.6747,R4_F4_m4f4_P4_Y3_UO783,R4_F4_m4f4_P4_Y0_UO716,R4_F4_m4f4_P4_Y1_UO282,FXX,1,65.51600959900311,1,1,1.201,0,0,0,-9999.0,0.375,1,P3_CV0,2,1,1,1,1
4,2539041.489,728416.6747,R4_F4_m4f4_P4_Y3_UO328,R4_F4_m4f4_P4_Y1_UO387,R4_F4_m4f4_P4_Y1_UO389,FXX,1,65.51600959900311,1,1,1.118,0,0,0,-9999.0,0.25,1,P3_CV0,2,1,1,2,0
4,2539041.489,728416.6747,R4_F4_m4f4_P4_Y3_UO722,R4_F4_m4f4_P4_Y1_UO85,R4_F4_m4f4_P4_Y0_UO628,FXX,1,65.51600959900311,1,1,1.0,0,0,0,-9999.0,0.375,1,P3_CV0,2,2,0,0,2
4,2539041.489,728416.6747,R4_F4_m4f4_P4_Y3_UO679,R4_F4_m4f4_P4_Y1_UO494,R4_F4_m4f4_P4_Y1_UO522,FXX,1,65.51600959900311,1,1,0.0,0,0,0,-9999.0,0.625,1,P3_CV0,2,1,1,0,2
4,2539041.489,728416.6747,R4_F4_m4f4_P4_Y3_UO522,R4_F4_m4f4_P4_Y1_UO295,R4_F4_m4f4_P4_Y0_UO113,MXY,1,65.51600959900311,1,1,0.0,0,0,0,-9999.0,0.625,1,P3_CV0,2,1,1,1,1
4,2539041.489,728416.6747,R4_F4_m4f4_P4_Y3_UO756,R4_F4_m4f4_P4_Y1_UO63,R4_F4_m4f4_P4_Y1_UO518,FXX,1,65.51600959900311,1,1,0.0,0,0,0,-9999.0,0.375,1,P3_CV0,2,1,1,2,0
4,2539041.489,728416.6747,R4_F4_m4f4_P4_Y3_UO107,R4_F4_m4f4_P4_Y1_UO95,R4_F4_m4f4_P4_Y1_UO618,FXX,1,65.51600959900311,1,1,0.0,0,0,0,-9999.0,0.375,1,P3_CV0,2,1,1,2,0
4,2539041.489,728416.6747,R4_F4_m4f4_P4_Y3_UO607,R4_F4_m4f4_P4_Y1_UO31,R4_F4_m4f4_P4_Y1_UO501,FXX,1,65.51600959900311,1,1,1.0,0,0,0,-9999.0,0.5,1,P3_CV0,2,2,0,1,1
4,2539041.489,728416.6747,R4_F4_m4f4_P4_Y3_UO719,R4_F4_m-1f-1_P4_Y-1_U75,R4_F4_m4f4_P4_Y1_UO395,FXX,1,65.51600959900311,1,1,1.219,0,0,0,-9999.0,0.125,1,P3_CV0,2,0,2,1,1
4,2539041.489,728416.6747,R4_F4_m4f4_P4_Y3_UO560,R4_F4_m4f4_P4_Y1_UO365,R4_F4_m4f4_P4_Y1_UO499,MXY,1,65.51600959900311,1,1,0.0,0,0,0,-9999.0,0.5,1,P3_CV0,2,0,2,2,0
4,2539041.489,728416.6747,R4_F4_m4f4_P4_Y3_UO627,R4_F4_m-1f-1_P4_Y-1_U47,R4_F4_m4f4_P4_Y0_UO615,MXY,1,65.51600959900311,1,1,0.0,0,0,0,-9999.0,0.25,1,P3_CV0,2,1,1,1,1
4,2539041.489,728416.6747,R4_F4_m4f4_P4_Y3_UO523,R4_F4_m4f4_P4_Y1_UO295,R4_F4_m4f4_P4_Y0_UO113,FXX,1,65.51600959900311,1,1,2.551,0,0,0,-9999.0,0.625,1,P3_CV0,2,2,0,1,1
4,2539041.489,728416.6747,R4_F4_m4f4_P4_Y3_UO171,R4_F4_m4f4_P4_Y1_UO550,R4_F4_m4f4_P4_Y1_UO619,MXY,1,65.51600959900311,1,1,0.0,0,0,0,-9999.0,0.375,1,P3_CV0,2,1,1,0,2
4,2539041.489,728416.6747,R4_F4_m4f4_P4_Y3_UO225,R4_F4_m-1f-1_P4_Y-1_U20,R4_F4_m4f4_P4_Y1_UO471,MXY,1,65.51600959900311,1,1,0.0,0,0,0,-9999.0,0.25,1,P3_CV0,2,0,2,1,1
4,2539041.489,728416.6747,R4_F4_m4f4_P4_Y3_UO769,R4_F4_m4f4_P4_Y1_UO63,R4_F4_m4f4_P4_Y0_UO203,MXY,1,65.51600959900311,1,1,0.0,0,0,0,-9999.0,0.625,1,P3_CV0,2,2,0,2,0
4,2539041.489,728416.6747,R4_F4_m4f4_P4_Y3_UO318,R4_F4_m4f4_P4_Y0_UO319,R4_F4_m4f4_P4_Y1_UO452,MXY,1,65.51600959900311,1,1,0.0,0,0,0,-9999.0,0.5,1,P3_CV0,2,1,1,0,2
4,2539041.489,728416.6747,R4_F4_m4f4_P4_Y3_UO782,R4_F4_m4f4_P4_Y0_UO716,R4_F4_m4f4_P4_Y1_UO282,MXY,1,65.51600959900311,1,1,0.0,0,0,0,-9999.0,0.375,1,P3_CV0,2,1,1,1,1
4,2539041.489,728416.6747,R4_F4_m4f4_P4_Y3_UO716,R4_F4_m4f4_P4_Y1_UO595,RD4_F2_m2f2_P2_Y0_UO377,FXX,1,65.51600959900311,1,1,1.0,0,0,0,-9999.0,0.5,1,P3_CV0,2,0,2,1,1
4,2539041.489,728416.6747,R4_F4_m4f4_P4_Y3_UO386,R4_F4_m-1f-1_P4_Y-1_U51,R4_F4_m-1f-1_P4_Y-1_U65,FXX,1,65.51600959900311,1,1,0.0,0,0,0,-9999.0,0.75,1,P3_CV0,2,2,0,2,0
4,2539041.489,728416.6747,R4_F4_m4f4_P4_Y3_UO757,R4_F4_m4f4_P4_Y1_UO63,R4_F4_m4f4_P4_Y1_UO518,FXX,1,65.51600959900311,1,1,0.0,0,0,0,-9999.0,0.375,1,P3_CV0,2,0,2,1,1
4,2539041.489,728416.6747,R4_F4_m4f4_P4_Y3_UO5,R4_F4_m4f4_P4_Y1_UO32,R4_F4_m4f4_P4_Y1_UO282,FXX,1,65.51600959900311,1,1,1.897,0,0,0,-9999.0,0.5,1,P3_CV0,2,1,1,0,2
4,2539041.489,728416.6747,R4_F4_m4f4_P4_Y3_UO146,I4_F7_m-1f-1_P4_Y-1_U108,R4_F4_m4f4_P4_Y1_UO1,FXX,1,65.51600959900311,1,1,1.0,0,0,0,-9999.0,0.625,1,P3_CV0,2,1,1,1,1
4,2539041.489,728416.6747,R4_F4_m4f4_P4_Y3_UO368,R4_F4_m4f4_P4_Y1_UO32,R4_F4_m4f4_P4_Y1_UO282,MXY,1,65.51600959900311,1,1,0.0,0,0,0,-9999.0,0.5,1,P3_CV0,2,1,1,1,1
4,2539041.489,728416.6747,R4_F4_m4f4_P4_Y3_UO148,I4_F7_m-1f-1_P4_Y-1_U108,R4_F4_m4f4_P4_Y1_UO1,FXX,1,65.51600959900311,1,1,1.018,0,0,0,-9999.0,0.625,1,P3_CV0,2,2,0,1,1
4,2539041.489,728416.6747,R4_F4_m4f4_P4_Y3_UO520,R4_F4_m-1f-1_P4_Y-1_U47,R4_F4_m4f4_P4_Y0_UO627,FXX,1,65.51600959900311,1,1,2.596,0,0,0,-9999.0,0.25,1,P3_CV0,2,0,2,2,0
4,2539041.489,728416.6747,R4_F4_m4f4_P4_Y3_UO628,R4_F4_m-1f-1_P4_Y-1_U47,R4_F4_m4f4_P4_Y0_UO615,FXX,1,65.51600959900311,1,1,0.0,0,0,0,-9999.0,0.25,1,P3_CV0,2,1,1,1,1
4,2539041.489,728416.6747,R4_F4_m4f4_P4_Y3_UO649,R4_F4_m4f4_P4_Y0_UO716,R4_F4_m4f4_P4_Y1_UO618,MXY,1,65.51600959900311,1,1,0.0,0,0,0,-9999.0,0.25,1,P3_CV0,2,1,1,2,0
4,2539041.489,728416.6747,R4_F4_m4f4_P4_Y3_UO720,R4_F4_m-1f-1_P4_Y-1_U75,R4_F4_m4f4_P4_Y1_UO395,FXX,1,65.51600959900311,1,1,1.122,0,0,0,-9999.0,0.125,1,P3_CV0,2,1,1,1,1
4,2539041.489,728416.6747,R4_F4_m4f4_P4_Y3_UO45,I4_F7_m-1f-1_P4_Y-1_U108,R4_F4_m4f4_P4_Y1_UO73,FXX,1,65.51600959900311,1,1,1.359,0,0,0,-9999.0,0.875,1,P3_CV0,2,1,1,2,0
4,2539041.489,728416.6747,R4_F4_m4f4_P4_Y3_UO496,R4_F4_m4f4_P4_Y1_UO550,R4_F4_m4f4_P4_Y1_UO617,FXX,1,65.51600959900311,1,1,1.374,0,0,0,-9999.0,0.375,1,P3_CV0,2,2,0,0,2
4,2539041.489,728416.6747,R4_F4_m4f4_P4_Y3_UO626,R4_F4_m-1f-1_P4_Y-1_U47,R4_F4_m4f4_P4_Y0_UO615,FXX,1,65.51600959900311,1,1,0.0,0,0,0,-9999.0,0.25,1,P3_CV0,2,0,2,2,0
4,2539041.489,728416.6747,R4_F4_m4f4_P4_Y3_UO544,R4_F4_m4f4_P4_Y1_UO311,R4_F4_m4f4_P4_Y1_UO471,FXX,1,65.51600959900311,1,1,0.0,0,0,0,-9999.0,0.375,1,P3_CV0,2,1,1,1,1
4,2539041.489,728416.6747,R4_F4_m4f4_P4_Y3_UO331,R4_F4_m-1f-1_P4_Y-1_U13,R4_F4_m4f4_P4_Y0_UO335,MXY,1,65.51600959900311,1,1,0.0,0,0,0,-9999.0,0.25,1,P3_CV0,2,1,1,0,2
4,2539041.489,728416.6747,R4_F4_m4f4_P4_Y3_UO483,R4_F4_m-1f-1_P4_Y-1_U61,R4_F4_m4f4_P4_Y1_UO395,MXY,1,65.51600959900311,1,1,0.0,0,0,0,-9999.0,0.375,1,P3_CV0,2,1,1,1,1
4,2539041.489,728416.6747,R4_F4_m4f4_P4_Y3_UO17,R4_F4_m4f4_P4_Y1_UO311,R4_F4_m4f4_P4_Y1_UO230,MXY,1,65.51600959900311,1,1,0.0,0,0,0,-9999.0,0.375,1,P3_CV0,2,1,1,2,0
4,2539041.489,728416.6747,R4_F4_m4f4_P4_Y3_UO253,R4_F4_m4f4_P4_Y1_UO595,R4_F4_m-1f-1_P4_Y-1_U67,MXY,1,65.51600959900311,1,1,0.0,0,0,0,-9999.0,0.75,1,P3_CV0,2,2,0,2,0
4,2539041.489,728416.6747,R4_F4_m4f4_P4_Y3_UO770,R4_F4_m4f4_P4_Y1_UO63,R4_F4_m4f4_P4_Y0_UO203,MXY,1,65.51600959900311,1,1,0.0,0,0,0,-9999.0,0.625,1,P3_CV0,2,1,1,2,0
4,2539041.489,728416.6747,R4_F4_m4f4_P4_Y3_UO680,R4_F4_m-1f-1_P4_Y-1_U51,R4_F4_m4f4_P4_Y1_UO628,MXY,1,65.51600959900311,1,1,0.0,0,0,0,-9999.0,0.25,1,P3_CV0,2,1,1,1,1
4,2539041.489,728416.6747,R4_F4_m4f4_P4_Y3_UO76,R4_F4_m4f4_P4_Y1_UO109,R4_F4_m4f4_P4_Y1_UO248,MXY,1,65.51600959900311,1,1,0.0,0,0,0,-9999.0,0.125,1,P3_CV0,2,1,1,0,2
4,2539041.489,728416.6747,R4_F4_m4f4_P4_Y3_UO286,R4_F4_m4f4_P4_Y0_UO224,R4_F4_m4f4_P4_Y1_UO156,FXX,1,65.51600959900311,1,1,1.805,0,0,0,-9999.0,0.25,1,P3_CV0,2,0,2,2,0
4,2539041.489,728416.6747,R4_F4_m4f4_P4_Y3_UO723,R4_F4_m4f4_P4_Y1_UO85,R4_F4_m4f4_P4_Y0_UO628,FXX,1,65.51600959900311,1,1,1.294,0,0,0,-9999.0,0.375,1,P3_CV0,2,1,1,1,1
4,2539041.489,728416.6747,R4_F4_m4f4_P4_Y3_UO616,R4_F4_m4f4_P4_Y1_UO85,R4_F4_m4f4_P4_Y1_UO628,FXX,1,65.51600959900311,1,1,1.087,0,0,0,-9999.0,0.125,1,P3_CV0,2,2,0,2,0
4,2539041.489,728416.6747,R4_F4_m4f4_P4_Y3_UO224,R4_F4_m-1f-1_P4_Y-1_U20,R4_F4_m4f4_P4_Y1_UO471,MXY,1,65.51600959900311,1,1,0.0,0,0,0,-9999.0,0.25,1,P3_CV0,2,0,2,1,1
4,2539041.489,728416.6747,R4_F4_m4f4_P4_Y3_UO38,R4_F4_m4f4_P4_Y1_UO0,R4_F4_m4f4_P4_Y1_UO499,MXY,1,65.51600959900311,1,1,0.0,0,0,0,-9999.0,0.375,1,P3_CV0,2,0,2,1,1
4,2539041.489,728416.6747,R4_F4_m4f4_P4_Y3_UO178,R4_F4_m4f4_P4_Y0_UO383,R4_F4_m4f4_P4_Y1_UO310,MXY,1,65.51600959900311,1,1,0.0,0,0,0,-9999.0,0.25,1,P3_CV0,2,0,2,0,2
4,2539041.489,728416.6747,R4_F4_m4f4_P4_Y3_UO432,R4_F4_m4f4_P4_Y1_UO63,R4_F4_m4f4_P4_Y0_UO93,MXY,1,65.51600959900311,1,1,0.0,0,0,0,-9999.0,0.625,1,P3_CV0,2,1,1,1,1
4,2539041.489,728416.6747,R4_F4_m4f4_P4_Y3_UO678,R4_F4_m4f4_P4_Y1_UO494,R4_F4_m4f4_P4_Y1_UO522,MXY,1,65.51600959900311,1,1,0.0,0,0,0,-9999.0,0.625,1,P3_CV0,2,0,2,0,2
4,2539041.489,728416.6747,R4_F4_m4f4_P4_Y3_UO519,R4_F4_m-1f-1_P4_Y-1_U47,R4_F4_m4f4_P4_Y0_UO627,MXY,1,65.51600959900311,1,1,0.0,0,0,0,-9999.0,0.25,1,P3_CV0,2,1,1,2,0
4,2539041.489,728416.6747,R4_F4_m4f4_P4_Y3_UO780,RD4_F5_m5f5_P5_Y1_UO406,R4_F4_m4f4_P4_Y1_UO551,FXX,1,65.51600959900311,1,1,1.564,0,0,0,-9999.0,0.375,1,P3_CV0,2,1,1,1,1
4,2539041.489,728416.6747,R4_F4_m4f4_P4_Y3_UO665,R4_F4_m-1f-1_P4_Y-1_U118,R4_F4_m-1f-1_P4_Y-1_U63,MXY,1,65.51600959900311,1,1,0.0,0,0,0,-9999.0,0.5,1,P3_CV0,2,2,0,1,1
4,2539041.489,728416.6747,R4_F4_m4f4_P4_Y3_UO705,R4_F4_m4f4_P4_Y1_UO32,R4_F4_m4f4_P4_Y0_UO318,MXY,1,65.51600959900311,1,1,0.0,0,0,0,-9999.0,0.375,1,P3_CV0,2,1,1,2,0
4,2539041.489,728416.6747,R4_F4_m4f4_P4_Y3_UO373,R4_F4_m4f4_P4_Y1_UO500,R4_F4_m4f4_P4_Y1_UO628,FXX,1,65.51600959900311,1,1,0.0,0,0,0,-9999.0,0.25,1,P3_CV0,2,2,0,1,1
4,2539041.489,728416.6747,R4_F4_m4f4_P4_Y3_UO605,R4_F4_m4f4_P4_Y1_UO311,R4_F4_m4f4_P4_Y1_UO628,FXX,1,65.51600959900311,1,1,1.369,0,0,0,-9999.0,0.125,1,P3_CV0,2,2,0,2,0
4,2539041.489,728416.6747,R4_F4_m4f4_P4_Y3_UO706,R4_F4_m4f4_P4_Y1_UO32,R4_F4_m4f4_P4_Y0_UO318,MXY,1,65.51600959900311,1,1,0.0,0,0,0,-9999.0,0.375,1,P3_CV0,2,2,0,2,0
4,2539041.489,728416.6747,R4_F4_m4f4_P4_Y3_UO647,R4_F4_m4f4_P4_Y1_UO459,R4_F4_m4f4_P4_Y0_UO367,MXY,1,65.51600959900311,1,1,0.0,0,0,0,-9999.0,0.5,1,P3_CV0,2,2,0,1,1
4,2539041.489,728416.6747,R4_F4_m4f4_P4_Y3_UO633,R4_F4_m-1f-1_P4_Y-1_U61,R4_F4_m4f4_P4_Y1_UO156,FXX,1,65.51600959900311,1,1,1.689,0,0,0,-9999.0,0.5,1,P3_CV0,2,1,1,1,1
4,2539041.489,728416.6747,R4_F4_m4f4_P4_Y3_UO77,R4_F4_m4f4_P4_Y1_UO109,R4_F4_m4f4_P4_Y1_UO248,FXX,1,65.51600959900311,1,1,0.0,0,0,0,-9999.0,0.125,1,P3_CV0,2,2,0,0,2
4,2539041.489,728416.6747,R4_F4_m4f4_P4_Y3_UO329,R4_F4_m-1f-1_P4_Y-1_U13,R4_F4_m4f4_P4_Y0_UO335,MXY,1,65.51600959900311,1,1,0.0,0,0,0,-9999.0,0.25,1,P3_CV0,2,0,2,0,2
4,2539041.489,728416.6747,R4_F4_m4f4_P4_Y3_UO650,R4_F4_m4f4_P4_Y0_UO104,R4_F4_m4f4_P4_Y1_UO617,MXY,1,65.51600959900311,1,1,0.0,0,0,0,-9999.0,0.25,1,P3_CV0,2,2,0,0,2
4,2539041.489,728416.6747,R4_F4_m4f4_P4_Y3_UO330,R4_F4_m-1f-1_P4_Y-1_U13,R4_F4_m4f4_P4_Y0_UO335,FXX,1,65.51600959900311,1,1,1.0,0,0,0,-9999.0,0.25,1,P3_CV0,2,1,1,0,2
4,2539041.489,728416.6747,R4_F4_m4f4_P4_Y3_UO114,R4_F4_m4f4_P4_Y1_UO321,R4_F4_m-1f-1_P4_Y-1_U59,MXY,1,65.51600959900311,1,1,0.0,0,0,0,-9999.0,0.25,1,P3_CV0,2,0,2,1,1
4,2539041.489,728416.6747,R4_F4_m4f4_P4_Y3_UO559,R4_F4_m4f4_P4_Y1_UO365,R4_F4_m4f4_P4_Y1_UO499,MXY,1,65.51600959900311,1,1,0.0,0,0,0,-9999.0,0.5,1,P3_CV0,2,0,2,0,2
4,2539041.489,728416.6747,R4_F4_m4f4_P4_Y3_UO71,R4_F4_m4f4_P4_Y0_UO412,R4_F4_m4f4_P4_Y1_UO248,MXY,1,65.51600959900311,1,1,0.0,0,0,0,-9999.0,0.125,1,P3_CV0,2,2,0,1,1
4,2539041.489,728416.6747,R4_F4_m4f4_P4_Y3_UO319,R4_F4_m4f4_P4_Y0_UO319,R4_F4_m4f4_P4_Y1_UO452,FXX,1,65.51600959900311,1,1,2.505,0,0,0,-9999.0,0.5,1,P3_CV0,2,0,2,1,1
4,2539041.489,728416.6747,R4_F4_m4f4_P4_Y3_UO551,R4_F4_m-1f-1_P4_Y-1_U20,R4_F4_m4f4_P4_Y0_UO627,MXY,1,65.51600959900311,1,1,0.0,0,0,0,-9999.0,0.25,1,P3_CV0,2,1,1,1,1
4,2539041.489,728416.6747,R4_F4_m4f4_P4_Y3_UO335,R4_F4_m4f4_P4_Y1_UO500,R4_F4_m4f4_P4_Y1_UO247,FXX,1,65.51600959900311,1,1,1.485,0,0,0,-9999.0,0.25,1,P3_CV0,2,1,1,1,1
4,2539041.489,728416.6747,R4_F4_m4f4_P4_Y2_UO64,R4_F4_m-1f-1_P4_Y-1_U9,R4_F4_m-1f-1_P4_Y-1_U59,FXX,2,92.71056022755364,1,0,1.77,0,0,0,-9999.0,0.25,1,P3_CV0,2,0,2,1,1
4,2539041.489,728416.6747,R4_F4_m4f4_P4_Y2_UO485,R4_F4_m-1f-1_P4_Y-1_U95,R4_F4_m4f4_P4_Y0_UO318,FXX,2,92.71056022755364,1,0,2.914,0,0,0,-9999.0,0.125,1,P3_CV0,2,0,2,1,1
4,2539041.489,728416.6747,R4_F4_m4f4_P4_Y2_UO296,R4_F4_m4f4_P4_Y0_UO412,R4_F4_m4f4_P4_Y0_UO615,MXY,2,92.71056022755364,1,0,0.0,0,0,0,-9999.0,0.375,1,P3_CV0,2,2,0,1,1
4,2539041.489,728416.6747,R4_F4_m4f4_P4_Y2_UO856,R4_F4_m-1f-1_P4_Y-1_U108,R4_F4_m4f4_P4_Y0_UO207,MXY,2,92.71056022755364,1,0,0.0,0,0,0,-9999.0,0.875,1,P3_CV0,2,1,1,1,1
4,2539041.489,728416.6747,R4_F4_m4f4_P4_Y2_UO381,R4_F4_m4f4_P4_Y0_UO716,R4_F4_m4f4_P4_Y0_UO205,FXX,2,92.71056022755364,1,0,1.0,0,0,0,-9999.0,0.5,1,P3_CV0,2,0,2,2,0
4,2539041.489,728416.6747,R4_F4_m4f4_P4_Y2_UO63,R4_F4_m-1f-1_P4_Y-1_U9,R4_F4_m-1f-1_P4_Y-1_U59,FXX,2,92.71056022755364,1,0,1.463,0,0,0,-9999.0,0.25,1,P3_CV0,2,0,2,1,1
4,2539041.489,728416.6747,R4_F4_m4f4_P4_Y2_UO191,R4_F4_m4f4_P4_Y0_UO223,R4_F4_m-1f-1_P4_Y-1_U94,MXY,2,92.71056022755364,1,0,0.0,0,0,0,-9999.0,0.0,1,P3_CV0,2,0,2,1,1
4,2539041.489,728416.6747,R4_F4_m4f4_P4_Y2_UO762,R4_F4_m4f4_P4_Y0_UO223,R4_F4_m-1f-1_P4_Y-1_U59,FXX,2,92.71056022755364,1,0,1.718,0,0,0,-9999.0,0.0,1,P3_CV0,2,0,2,0,2
4,2539041.489,728416.6747,R4_F4_m4f4_P4_Y2_UO640,R4_F4_m4f4_P4_Y0_UO223,R4_F4_m4f4_P4_Y0_UO577,FXX,2,92.71056022755364,1,0,1.674,0,0,0,-9999.0,0.375,1,P3_CV0,2,1,1,1,1
4,2539041.489,728416.6747,R4_F4_m4f4_P4_Y2_UO696,R4_F4_m4f4_P4_Y0_UO530,R4_F4_m4f4_P4_Y0_UO628,FXX,2,92.71056022755364,1,0,0.0,0,0,0,-9999.0,0.375,1,P3_CV0,2,1,1,1,1
4,2539041.489,728416.6747,R4_F4_m4f4_P4_Y2_UO597,R4_F4_m-1f-1_P4_Y-1_U76,R4_F4_m-1f-1_P4_Y-1_U59,MXY,2,92.71056022755364,1,0,0.0,0,0,0,-9999.0,0.25,1,P3_CV0,2,1,1,1,1
4,2539041.489,728416.6747,R4_F4_m4f4_P4_Y2_UO482,R4_F4_m-1f-1_P4_Y-1_U95,R4_F4_m4f4_P4_Y0_UO318,FXX,2,92.71056022755364,1,0,1.085,0,0,0,-9999.0,0.125,1,P3_CV0,2,0,2,2,0
4,2539041.489,728416.6747,R4_F4_m4f4_P4_Y2_UO17,R4_F4_m-1f-1_P4_Y-1_U61,R4_F4_m4f4_P4_Y0_UO626,FXX,2,92.71056022755364,1,0,1.0,0,0,0,-9999.0,0.5,1,P3_CV0,2,1,1,1,1
4,2539041.489,728416.6747,R4_F4_m4f4_P4_Y2_UO379,R4_F4_m4f4_P4_Y0_UO716,R4_F4_m4f4_P4_Y0_UO205,FXX,2,92.71056022755364,1,0,0.0,0,0,0,-9999.0,0.5,1,P3_CV0,2,0,2,1,1
4,2539041.489,728416.6747,R4_F4_m4f4_P4_Y2_UO158,R4_F4_m4f4_P4_Y0_UO530,R4_F4_m4f4_P4_Y0_UO613,FXX,2,92.71056022755364,1,0,1.0,0,0,0,-9999.0,0.375,1,P3_CV0,2,1,1,1,1
4,2539041.489,728416.6747,R4_F4_m4f4_P4_Y2_UO637,R4_F4_m4f4_P4_Y0_UO223,R4_F4_m4f4_P4_Y0_UO577,FXX,2,92.71056022755364,1,0,0.0,0,0,0,-9999.0,0.375,1,P3_CV0,2,1,1,1,1
4,2539041.489,728416.6747,R4_F4_m4f4_P4_Y2_UO752,R4_F4_m-1f-1_P4_Y-1_U51,R4_F4_m-1f-1_P4_Y-1_U87,FXX,2,92.71056022755364,1,0,1.722,0,0,0,-9999.0,0.5,1,P3_CV0,2,1,1,1,1
4,2539041.489,728416.6747,R4_F4_m4f4_P4_Y2_UO465,R4_F4_m-1f-1_P4_Y-1_U20,R4_F4_m4f4_P4_Y0_UO626,FXX,2,92.71056022755364,1,0,1.535,0,0,0,-9999.0,0.25,1,P3_CV0,2,1,1,1,1
4,2539041.489,728416.6747,R4_F4_m4f4_P4_Y2_UO693,R4_F4_m4f4_P4_Y0_UO530,R4_F4_m4f4_P4_Y0_UO628,FXX,2,92.71056022755364,1,0,0.0,0,0,0,-9999.0,0.375,1,P3_CV0,2,1,1,1,1
4,2539041.489,728416.6747,R4_F4_m4f4_P4_Y2_UO366,R4_F4_m4f4_P4_Y0_UO716,R4_F4_m-1f-1_P4_Y-1_U35,MXY,2,92.71056022755364,1,0,0.0,0,0,0,-9999.0,0.625,1,P3_CV0,2,1,1,2,0
4,2539041.489,728416.6747,R4_F4_m4f4_P4_Y2_UO622,R4_F4_m4f4_P4_Y0_UO530,R4_F4_m4f4_P4_Y0_UO188,MXY,2,92.71056022755364,1,0,0.0,0,0,0,-9999.0,0.375,1,P3_CV0,2,2,0,2,0
4,2539041.489,728416.6747,R4_F4_m4f4_P4_Y2_UO761,R4_F4_m4f4_P4_Y0_UO223,R4_F4_m-1f-1_P4_Y-1_U59,FXX,2,92.71056022755364,1,0,1.699,0,0,0,-9999.0,0.0,1,P3_CV0,2,0,2,0,2
4,2539041.489,728416.6747,R4_F4_m4f4_P4_Y2_UO522,R4_F4_m-1f-1_P4_Y-1_U116,R4_F4_m4f4_P4_Y0_UO203,FXX,2,92.71056022755364,1,0,0.0,0,0,0,-9999.0,0.625,1,P3_CV0,2,1,1,2,0
4,2539041.489,728416.6747,R4_F4_m4f4_P4_Y2_UO91,R4_F4_m-1f-1_P4_Y-1_U108,I4_F7_m-1f-1_P4_Y-1_U29,FXX,2,92.71056022755364,1,0,1.0,0,0,0,-9999.0,0.75,1,P3_CV0,2,2,0,1,1
4,2539041.489,728416.6747,R4_F4_m4f4_P4_Y2_UO289,R4_F4_m4f4_P4_Y0_UO716,R4_F4_m-1f-1_P4_Y-1_U87,FXX,2,92.71056022755364,1,0,1.495,0,0,0,-9999.0,0.375,1,P3_CV0,2,1,1,2,0
4,2539041.489,728416.6747,R4_F4_m4f4_P4_Y2_UO60,R4_F4_m-1f-1_P4_Y-1_U9,R4_F4_m-1f-1_P4_Y-1_U59,MXY,2,92.71056022755364,1,0,0.0,0,0,0,-9999.0,0.25,1,P3_CV0,2,1,1,1,1
4,2539041.489,728416.6747,R4_F4_m4f4_P4_Y2_UO487,R4_F4_m-1f-1_P4_Y-1_U95,R4_F4_m4f4_P4_Y0_UO318,MXY,2,92.71056022755364,1,0,0.0,0,0,0,-9999.0,0.125,1,P3_CV0,2,1,1,2,0
4,2539041.489,728416.6747,R4_F4_m4f4_P4_Y2_UO600,R4_F4_m-1f-1_P4_Y-1_U76,R4_F4_m-1f-1_P4_Y-1_U59,MXY,2,92.71056022755364,1,0,0.0,0,0,0,-9999.0,0.25,1,P3_CV0,2,1,1,1,1
4,2539041.489,728416.6747,R4_F4_m4f4_P4_Y2_UO143,R4_F4_m4f4_P4_Y0_UO530,R4_F4_m4f4_P4_Y0_UO613,MXY,2,92.71056022755364,1,0,0.0,0,0,0,-9999.0,0.375,1,P3_CV0,2,1,1,1,1
4,2539041.489,728416.6747,R4_F4_m4f4_P4_Y2_UO748,R4_F4_m4f4_P4_Y0_UO413,R4_F4_m4f4_P4_Y0_UO188,MXY,2,92.71056022755364,1,0,0.0,0,0,0,-9999.0,0.375,1,P3_CV0,2,2,0,2,0
4,2539041.489,728416.6747,R4_F4_m4f4_P4_Y2_UO521,R4_F4_m-1f-1_P4_Y-1_U116,R4_F4_m4f4_P4_Y0_UO203,MXY,2,92.71056022755364,1,0,0.0,0,0,0,-9999.0,0.625,1,P3_CV0,2,2,0,2,0
4,2539041.489,728416.6747,R4_F4_m4f4_P4_Y2_UO531,R4_F4_m4f4_P4_Y0_UO716,R4_F4_m4f4_P4_Y0_UO613,MXY,2,92.71056022755364,1,0,0.0,0,0,0,-9999.0,0.375,1,P3_CV0,2,0,2,1,1
4,2539041.489,728416.6747,R4_F4_m4f4_P4_Y2_UO336,R4_F4_m-1f-1_P4_Y-1_U20,R4_F4_m4f4_P4_Y0_UO626,MXY,2,92.71056022755364,1,0,0.0,0,0,0,-9999.0,0.25,1,P3_CV0,2,1,1,1,1
4,2539041.489,728416.6747,R4_F4_m4f4_P4_Y2_UO466,R4_F4_m-1f-1_P4_Y-1_U20,R4_F4_m4f4_P4_Y0_UO626,MXY,2,92.71056022755364,1,0,0.0,0,0,0,-9999.0,0.25,1,P3_CV0,2,1,1,1,1
4,2539041.489,728416.6747,R4_F4_m4f4_P4_Y2_UO337,R4_F4_m-1f-1_P4_Y-1_U20,R4_F4_m4f4_P4_Y0_UO626,FXX,2,92.71056022755364,1,0,0.0,0,0,0,-9999.0,0.25,1,P3_CV0,2,1,1,1,1
4,2539041.489,728416.6747,R4_F4_m4f4_P4_Y2_UO146,R4_F4_m4f4_P4_Y0_UO530,R4_F4_m4f4_P4_Y0_UO613,FXX,2,92.71056022755364,1,0,1.112,0,0,0,-9999.0,0.375,1,P3_CV0,2,0,2,1,1
4,2539041.489,728416.6747,R4_F4_m4f4_P4_Y2_UO335,R4_F4_m-1f-1_P4_Y-1_U20,R4_F4_m4f4_P4_Y0_UO626,MXY,2,92.71056022755364,1,0,0.0,0,0,0,-9999.0,0.25,1,P3_CV0,2,1,1,1,1
4,2539041.489,728416.6747,R4_F4_m4f4_P4_Y2_UO145,R4_F4_m4f4_P4_Y0_UO530,R4_F4_m4f4_P4_Y0_UO613,MXY,2,92.71056022755364,1,0,0.0,0,0,0,-9999.0,0.375,1,P3_CV0,2,0,2,1,1
4,2539041.489,728416.6747,R4_F4_m4f4_P4_Y2_UO746,R4_F4_m4f4_P4_Y0_UO413,R4_F4_m4f4_P4_Y0_UO188,MXY,2,92.71056022755364,1,0,0.0,0,0,0,-9999.0,0.375,1,P3_CV0,2,1,1,1,1
4,2539041.489,728416.6747,R4_F4_m4f4_P4_Y2_UO380,R4_F4_m4f4_P4_Y0_UO716,R4_F4_m4f4_P4_Y0_UO205,MXY,2,92.71056022755364,1,0,0.0,0,0,0,-9999.0,0.5,1,P3_CV0,2,0,2,2,0
4,2539041.489,728416.6747,R4_F4_m4f4_P4_Y1_UO283,R4_F4_m-1f-1_P4_Y-1_U122,R4_F4_m-1f-1_P4_Y-1_U102,MXY,3,109.02002905616577,1,0,0.0,0,0,0,-9999.0,0.5,1,P3_CV0,2,1,1,1,1
4,2539041.489,728416.6747,R4_F4_m4f4_P4_Y1_UO385,R4_F4_m-1f-1_P4_Y-1_U57,R4_F4_m-1f-1_P4_Y-1_U124,MXY,3,109.02002905616577,1,0,0.0,0,0,0,-9999.0,0.75,1,P3_CV0,2,1,1,1,1
4,2539041.489,728416.6747,R4_F4_m4f4_P4_Y1_UO620,R4_F4_m-1f-1_P4_Y-1_U105,R4_F4_m-1f-1_P4_Y-1_U111,FXX,3,109.02002905616577,1,0,1.0,0,0,0,-9999.0,0.25,1,P3_CV0,2,0,2,1,1
4,2539041.489,728416.6747,R4_F4_m4f4_P4_Y1_UO294,R4_F4_m-1f-1_P4_Y-1_U57,R4_F4_m-1f-1_P4_Y-1_U33,FXX,3,109.02002905616577,1,0,0.0,0,0,0,-9999.0,0.75,1,P3_CV0,2,1,1,0,2
4,2539041.489,728416.6747,R4_F4_m4f4_P4_Y1_UO111,R4_F4_m-1f-1_P4_Y-1_U7,R4_F4_m-1f-1_P4_Y-1_U133,MXY,3,109.02002905616577,1,0,0.0,0,0,0,-9999.0,0.25,1,P3_CV0,2,1,1,1,1
4,2539041.489,728416.6747,R4_F4_m4f4_P4_Y1_UO310,R4_F4_m-1f-1_P4_Y-1_U83,R4_F4_m-1f-1_P4_Y-1_U24,MXY,3,109.02002905616577,1,0,0.0,0,0,0,-9999.0,0.25,1,P3_CV0,2,1,1,1,1
4,2539041.489,728416.6747,R4_F4_m4f4_P4_Y1_UO285,R4_F4_m-1f-1_P4_Y-1_U122,R4_F4_m-1f-1_P4_Y-1_U102,FXX,3,109.02002905616577,1,0,3.0,0,0,0,-9999.0,0.5,1,P3_CV0,2,2,0,1,1
4,2539041.489,728416.6747,R4_F4_m4f4_P4_Y1_UO247,R4_F4_m-1f-1_P4_Y-1_U74,R4_F4_m-1f-1_P4_Y-1_U94,MXY,3,109.02002905616577,1,0,0.0,0,0,0,-9999.0,0.0,1,P3_CV0,2,1,1,2,0
4,2539041.489,728416.6747,R4_F4_m4f4_P4_Y1_UO295,R4_F4_m-1f-1_P4_Y-1_U57,R4_F4_m-1f-1_P4_Y-1_U33,FXX,3,109.02002905616577,1,0,1.0,0,0,0,-9999.0,0.75,1,P3_CV0,2,2,0,2,0
4,2539041.489,728416.6747,R4_F4_m4f4_P4_Y1_UO618,R4_F4_m-1f-1_P4_Y-1_U128,R4_F4_m-1f-1_P4_Y-1_U129,MXY,3,109.02002905616577,1,0,0.0,0,0,0,-9999.0,0.25,1,P3_CV0,2,2,0,2,0
4,2539041.489,728416.6747,R4_F4_m4f4_P4_Y1_UO531,R4_F4_m-1f-1_P4_Y-1_U134,R4_F4_m-1f-1_P4_Y-1_U24,FXX,3,109.02002905616577,1,0,0.0,0,0,0,-9999.0,0.5,1,P3_CV0,2,2,0,2,0
4,2539041.489,728416.6747,R4_F4_m4f4_P4_Y1_UO308,R4_F4_m-1f-1_P4_Y-1_U101,R4_F4_m-1f-1_P4_Y-1_U43,FXX,3,109.02002905616577,1,0,1.0,0,0,0,-9999.0,0.25,1,P3_CV0,2,2,0,0,2
4,2539041.489,728416.6747,R4_F4_m4f4_P4_Y1_UO529,R4_F4_m-1f-1_P4_Y-1_U134,R4_F4_m-1f-1_P4_Y-1_U24,FXX,3,109.02002905616577,1,0,3.274,0,0,0,-9999.0,0.5,1,P3_CV0,2,2,0,0,2
4,2539041.489,728416.6747,R4_F4_m4f4_P4_Y1_UO321,R4_F4_m-1f-1_P4_Y-1_U9,R4_F4_m-1f-1_P4_Y-1_U32,FXX,3,109.02002905616577,1,0,2.027,0,0,0,-9999.0,0.5,1,P3_CV0,2,1,1,2,0
4,2539041.489,728416.6747,R4_F4_m4f4_P4_Y1_UO458,R4_F4_m-1f-1_P4_Y-1_U48,R4_F4_m-1f-1_P4_Y-1_U40,MXY,3,109.02002905616577,1,0,0.0,0,0,0,-9999.0,0.75,1,P3_CV0,2,1,1,1,1
4,2539041.489,728416.6747,R4_F4_m4f4_P4_Y1_UO135,R4_F4_m-1f-1_P4_Y-1_U7,R4_F4_m-1f-1_P4_Y-1_U102,FXX,3,109.02002905616577,1,0,2.273,0,0,0,-9999.0,0.5,1,P3_CV0,2,2,0,1,1
4,2539041.489,728416.6747,R4_F4_m4f4_P4_Y1_UO156,R4_F4_m-1f-1_P4_Y-1_U23,R4_F4_m-1f-1_P4_Y-1_U119,MXY,3,109.02002905616577,1,0,0.0,0,0,0,-9999.0,0.5,1,P3_CV0,2,0,2,2,0
4,2539041.489,728416.6747,R4_F4_m4f4_P4_Y1_UO110,R4_F4_m-1f-1_P4_Y-1_U7,R4_F4_m-1f-1_P4_Y-1_U133,FXX,3,109.02002905616577,1,0,1.439,0,0,0,-9999.0,0.25,1,P3_CV0,2,1,1,1,1
4,2539041.489,728416.6747,R4_F4_m4f4_P4_Y0_UO188,R4_F4_m-1f-1_P4_Y-1_U74,R4_F4_m-1f-1_P4_Y-1_U65,MXY,4,124.74808967932837,1,0,0.0,0,0,0,-9999.0,0.5,1,P3_CV0,2,2,0,2,0
4,2539041.489,728416.6747,R4_F4_m4f4_P4_Y0_UO225,R4_F4_m-1f-1_P4_Y-1_U19,R4_F4_m-1f-1_P4_Y-1_U29,MXY,4,124.74808967932837,1,0,0.0,0,0,0,-9999.0,0.5,1,P3_CV0,2,1,1,2,0
4,2539041.489,728416.6747,R4_F4_m4f4_P4_Y0_UO206,R4_F4_m-1f-1_P4_Y-1_U66,R4_F4_m-1f-1_P4_Y-1_U53,MXY,4,124.74808967932837,1,0,0.0,0,0,0,-9999.0,0.75,1,P3_CV0,2,2,0,1,1
4,2539041.489,728416.6747,R4_F4_m4f4_P4_Y0_UO474,R4_F4_m-1f-1_P4_Y-1_U73,R4_F4_m-1f-1_P4_Y-1_U119,FXX,4,124.74808967932837,1,0,0.0,0,0,0,-9999.0,0.5,1,P3_CV0,2,2,0,1,1
4,2539041.489,728416.6747,R4_F4_m4f4_P4_Y0_UO112,R4_F4_m-1f-1_P4_Y-1_U127,R4_F4_m-1f-1_P4_Y-1_U102,MXY,4,124.74808967932837,1,0,0.0,0,0,0,-9999.0,0.5,1,P3_CV0,2,0,2,0,2
4,2539041.489,728416.6747,R4_F4_m4f4_P4_Y0_UO335,R4_F4_m-1f-1_P4_Y-1_U11,R4_F4_m-1f-1_P4_Y-1_U56,MXY,4,124.74808967932837,1,0,0.0,0,0,0,-9999.0,0.5,1,P3_CV0,2,1,1,0,2
4,2539041.489,728416.6747,R4_F4_m4f4_P4_Y0_UO628,R4_F4_m-1f-1_P4_Y-1_U66,R4_F4_m-1f-1_P4_Y-1_U63,MXY,4,124.74808967932837,1,0,0.0,0,0,0,-9999.0,0.5,1,P3_CV0,2,1,1,1,1
4,2539041.489,728416.6747,R4_F4_m4f4_P4_Y0_UO412,R4_F4_m-1f-1_P4_Y-1_U17,R4_F4_m-1f-1_P4_Y-1_U129,FXX,4,124.74808967932837,1,0,1.372,0,0,0,-9999.0,0.25,1,P3_CV0,2,2,0,1,1
4,2539041.489,728416.6747,R4_F4_m4f4_P4_Y0_UO626,R4_F4_m-1f-1_P4_Y-1_U66,R4_F4_m-1f-1_P4_Y-1_U63,MXY,4,124.74808967932837,1,0,0.0,0,0,0,-9999.0,0.5,1,P3_CV0,2,2,0,2,0
4,2539041.489,728416.6747,R4_F4_m-1f-1_P4_Y-1_U13,-9999,-9999,FXX,5,130.7165507132918,1,0,0.0,0,0,0,-9999.0,0.0,1,P3_CV0,2,0,2,0,2
4,2539041.489,728416.6747,Age0_F4_m4f4_P4_Y4_UO525,R4_F4_m4f4_P4_Y1_UO294,R4_F4_m6f6_P6_Y0_UO540,MXY,0,31.16351306292037,0,0,0.0,0,0,0,0.0,0.625,1,P5_CV0,2,0,2,0,2
4,2539041.489,728416.6747,Age0_F4_m4f4_P4_Y4_UO527,R4_F4_m4f4_P4_Y1_UO294,R4_F4_m6f6_P6_Y0_UO540,FXX,0,31.16351306292037,0,0,0.0,0,0,0,0.0,0.625,1,P5_CV0,2,2,0,1,1
4,2539041.489,728416.6747,Age0_F4_m4f4_P4_Y4_UO528,R4_F4_m4f4_P4_Y1_UO294,R4_F4_m6f6_P6_Y0_UO540,MXY,0,31.16351306292037,0,0,0.0,0,0,0,0.0,0.625,1,P5_CV0,2,1,1,1,1
4,2539041.489,728416.6747,Age0_F4_m4f4_P4_Y4_UO656,R4_F4_m4f4_P4_Y2_UO603,R4_F4_m4f4_P4_Y2_UO380,MXY,0,31.16351306292037,0,0,0.0,0,0,0,0.0,0.5,1,P5_CV0,2,1,1,2,0
4,2539041.489,728416.6747,Age0_F4_m4f4_P4_Y4_UO657,R4_F4_m4f4_P4_Y2_UO603,R4_F4_m4f4_P4_Y2_UO380,MXY,0,31.16351306292037,0,0,0.0,0,0,0,0.0,0.5,1,P5_CV0,2,1,1,1,1
4,2539041.489,728416.6747,Age0_F4_m4f4_P4_Y4_UO846,R4_F4_m4f4_P4_Y1_UO294,RD4_F6_m6f6_P6_Y2_UO176,MXY,0,31.16351306292037,0,0,0.0,0,0,0,0.0,0.5,1,P5_CV0,2,1,1,1,1
4,2539041.489,728416.6747,Age0_F4_m4f4_P4_Y4_UO966,R4_F4_m4f4_P4_Y2_UO603,R4_F4_m4f4_P4_Y1_UO111,FXX,0,31.16351306292037,0,0,0.0,0,0,0,0.0,0.375,1,P5_CV0,2,1,1,0,2
4,2539041.489,728416.6747,R4_F4_m4f4_P4_Y3_UO701,R4_F4_m4f4_P4_Y1_UO352,R4_F4_m6f6_P6_Y0_UO540,MXY,1,65.51600959900311,1,1,0.0,0,0,0,-9999.0,0.5,1,P5_CV0,2,2,0,1,1
4,2539041.489,728416.6747,R4_F4_m6f6_P6_Y0_UO540,R6_F6_m-1f-1_P6_Y-1_U18,R6_F6_m-1f-1_P6_Y-1_U136,MXY,4,122.22379180891339,1,0,0.0,0,0,0,-9999.0,0.5,1,P5_CV0,2,1,1,1,1
5,2535011.582,720257.8531,Age0_F5_m5f5_P5_Y4_UO198,R5_F5_m5f5_P5_Y2_UO209,R5_F5_m5f5_P5_Y2_UO365,FXX,0,31.007360588492173,0,0,0.0,0,0,0,0.0,0.3125,1,P0_CV0,3,1,1,1,1
5,2535011.582,720257.8531,Age0_F5_m5f5_P5_Y4_UO199,R5_F5_m5f5_P5_Y2_UO209,R5_F5_m5f5_P5_Y2_UO365,MXY,0,31.007360588492173,0,0,0.0,0,0,0,0.0,0.3125,1,P0_CV0,3,1,1,0,2
5,2535011.582,720257.8531,Age0_F5_m5f5_P5_Y4_UO253,R5_F5_m5f5_P5_Y2_UO209,R5_F5_m5f5_P5_Y0_UO520,FXX,0,31.007360588492173,0,0,0.0,0,0,0,0.0,0.125,1,P0_CV0,3,1,1,0,2
5,2535011.582,720257.8531,Age0_F5_m5f5_P5_Y4_UO254,R5_F5_m5f5_P5_Y2_UO209,R5_F5_m5f5_P5_Y0_UO520,MXY,0,31.007360588492173,0,0,0.0,0,0,0,0.0,0.125,1,P0_CV0,3,1,1,0,2
5,2535011.582,720257.8531,Age0_F5_m5f5_P5_Y4_UO474,R5_F5_m5f5_P5_Y1_UO13,RD5_F1_m1f1_P1_Y2_UO327,FXX,0,31.007360588492173,0,0,0.0,0,0,0,0.0,0.5,1,P0_CV0,3,1,1,1,1
5,2535011.582,720257.8531,Age0_F5_m5f5_P5_Y4_UO475,R5_F5_m5f5_P5_Y1_UO13,RD5_F1_m1f1_P1_Y2_UO327,MXY,0,31.007360588492173,0,0,0.0,0,0,0,0.0,0.5,1,P0_CV0,3,1,1,2,0
5,2535011.582,720257.8531,Age0_F5_m5f5_P5_Y4_UO476,R5_F5_m5f5_P5_Y1_UO13,RD5_F1_m1f1_P1_Y2_UO327,MXY,0,31.007360588492173,0,0,0.0,0,0,0,0.0,0.5,1,P0_CV0,3,1,1,2,0
5,2535011.582,720257.8531,Age0_F5_m5f5_P5_Y4_UO489,R5_F5_m5f5_P5_Y2_UO42,RD5_F1_m1f1_P1_Y2_UO327,MXY,0,31.007360588492173,0,0,0.0,0,0,0,0.0,0.3125,1,P0_CV0,3,0,2,1,1
5,2535011.582,720257.8531,Age0_F5_m5f5_P5_Y4_UO649,R5_F5_m5f5_P5_Y2_UO209,R5_F5_m5f5_P5_Y2_UO300,MXY,0,31.007360588492173,0,0,0.0,0,0,0,0.0,0.0,1,P0_CV0,3,0,2,0,2
5,2535011.582,720257.8531,Age0_F5_m5f5_P5_Y4_UO650,R5_F5_m5f5_P5_Y2_UO209,R5_F5_m5f5_P5_Y2_UO300,FXX,0,31.007360588492173,0,0,0.0,0,0,0,0.0,0.0,1,P0_CV0,3,0,2,0,2
5,2535011.582,720257.8531,Age0_F5_m5f5_P5_Y4_UO651,R5_F5_m5f5_P5_Y2_UO209,R5_F5_m5f5_P5_Y2_UO300,MXY,0,31.007360588492173,0,0,0.0,0,0,0,0.0,0.0,1,P0_CV0,3,0,2,0,2
5,2535011.582,720257.8531,Age0_F5_m5f5_P5_Y4_UO652,R5_F5_m5f5_P5_Y2_UO209,R5_F5_m5f5_P5_Y2_UO300,FXX,0,31.007360588492173,0,0,0.0,0,0,0,0.0,0.0,1,P0_CV0,3,0,2,0,2
5,2535011.582,720257.8531,Age0_F5_m5f5_P5_Y4_UO877,R5_F5_m5f5_P5_Y1_UO356,R5_F5_m5f5_P5_Y2_UO208,FXX,0,31.007360588492173,0,0,0.0,0,0,0,0.0,0.25,1,P0_CV0,3,0,2,1,1
5,2535011.582,720257.8531,Age0_F5_m5f5_P5_Y4_UO878,R5_F5_m5f5_P5_Y1_UO356,R5_F5_m5f5_P5_Y2_UO208,MXY,0,31.007360588492173,0,0,0.0,0,0,0,0.0,0.25,1,P0_CV0,3,1,1,1,1
5,2535011.582,720257.8531,R5_F5_m1f1_P1_Y2_UO327,R1_F1_m-1f-1_P1_Y-1_U125,R1_F1_m1f1_P1_Y0_UO338,MXY,2,76.74143404338066,1,0,0.0,0,0,0,-9999.0,0.25,1,P0_CV0,3,0,2,2,0
5,2535011.582,720257.8531,R5_F5_m2f2_P2_Y3_UO380,R2_F2_m-1f-1_P2_Y-1_U50,R2_F2_m2f2_P2_Y1_UO336,MXY,1,53.57719514594515,1,1,0.0,0,0,0,-9999.0,0.5,1,P1_CV0,3,1,1,1,1
5,2535011.582,720257.8531,Age0_F5_m5f5_P5_Y4_UO7,R5_F5_m5f5_P5_Y0_UO513,R5_F5_m5f5_P5_Y2_UO835,FXX,0,31.007360588492173,0,0,0.0,0,0,0,0.0,0.4375,1,P4_CV0,3,0,2,1,1
5,2535011.582,720257.8531,Age0_F5_m5f5_P5_Y4_UO8,R5_F5_m5f5_P5_Y0_UO513,R5_F5_m5f5_P5_Y2_UO835,MXY,0,31.007360588492173,0,0,0.0,0,0,0,0.0,0.4375,1,P4_CV0,3,0,2,2,0
5,2535011.582,720257.8531,Age0_F5_m5f5_P5_Y4_UO9,R5_F5_m5f5_P5_Y0_UO513,R5_F5_m5f5_P5_Y2_UO835,MXY,0,31.007360588492173,0,0,0.0,0,0,0,0.0,0.4375,1,P4_CV0,3,1,1,1,1
5,2535011.582,720257.8531,Age0_F5_m5f5_P5_Y4_UO10,R5_F5_m5f5_P5_Y0_UO513,R5_F5_m5f5_P5_Y2_UO835,FXX,0,31.007360588492173,0,0,0.0,0,0,0,0.0,0.4375,1,P4_CV0,3,2,0,1,1
5,2535011.582,720257.8531,Age0_F5_m5f5_P5_Y4_UO11,R5_F5_m5f5_P5_Y0_UO513,R5_F5_m5f5_P5_Y2_UO835,MXY,0,31.007360588492173,0,0,0.0,0,0,0,0.0,0.4375,1,P4_CV0,3,1,1,2,0
5,2535011.582,720257.8531,Age0_F5_m5f5_P5_Y4_UO12,R5_F5_m5f5_P5_Y0_UO513,R5_F5_m5f5_P5_Y2_UO835,FXX,0,31.007360588492173,0,0,0.0,0,0,0,0.0,0.4375,1,P4_CV0,3,1,1,1,1
5,2535011.582,720257.8531,Age0_F5_m5f5_P5_Y4_UO13,R5_F5_m5f5_P5_Y0_UO513,R5_F5_m5f5_P5_Y2_UO835,MXY,0,31.007360588492173,0,0,0.0,0,0,0,0.0,0.4375,1,P4_CV0,3,2,0,2,0
5,2535011.582,720257.8531,Age0_F5_m5f5_P5_Y4_UO15,R5_F5_m5f5_P5_Y1_UO356,R5_F5_m5f5_P5_Y2_UO544,FXX,0,31.007360588492173,0,0,0.0,0,0,0,0.0,0.5625,1,P4_CV0,3,1,1,2,0
5,2535011.582,720257.8531,Age0_F5_m5f5_P5_Y4_UO16,R5_F5_m5f5_P5_Y1_UO356,R5_F5_m5f5_P5_Y2_UO544,MXY,0,31.007360588492173,0,0,0.0,0,0,0,0.0,0.5625,1,P4_CV0,3,1,1,2,0
5,2535011.582,720257.8531,Age0_F5_m5f5_P5_Y4_UO50,R5_F5_m5f5_P5_Y2_UO712,R5_F5_m5f5_P5_Y2_UO266,MXY,0,31.007360588492173,0,0,0.0,0,0,0,0.0,0.375,1,P4_CV0,3,0,2,1,1
5,2535011.582,720257.8531,Age0_F5_m5f5_P5_Y4_UO63,R5_F5_m5f5_P5_Y0_UO513,R5_F5_m-1f-1_P5_Y-1_U37,FXX,0,31.007360588492173,0,0,0.0,0,0,0,0.0,0.25,1,P4_CV0,3,1,1,1,1
5,2535011.582,720257.8531,Age0_F5_m5f5_P5_Y4_UO64,R5_F5_m5f5_P5_Y0_UO513,R5_F5_m-1f-1_P5_Y-1_U37,MXY,0,31.007360588492173,0,0,0.0,0,0,0,0.0,0.25,1,P4_CV0,3,1,1,1,1
5,2535011.582,720257.8531,Age0_F5_m5f5_P5_Y4_UO65,R5_F5_m5f5_P5_Y0_UO513,R5_F5_m-1f-1_P5_Y-1_U37,MXY,0,31.007360588492173,0,0,0.0,0,0,0,0.0,0.25,1,P4_CV0,3,0,2,2,0
5,2535011.582,720257.8531,Age0_F5_m5f5_P5_Y4_UO66,R5_F5_m5f5_P5_Y0_UO513,R5_F5_m-1f-1_P5_Y-1_U37,MXY,0,31.007360588492173,0,0,0.0,0,0,0,0.0,0.25,1,P4_CV0,3,0,2,1,1
5,2535011.582,720257.8531,Age0_F5_m5f5_P5_Y4_UO67,R5_F5_m5f5_P5_Y0_UO513,R5_F5_m-1f-1_P5_Y-1_U37,FXX,0,31.007360588492173,0,0,0.0,0,0,0,0.0,0.25,1,P4_CV0,3,0,2,1,1
5,2535011.582,720257.8531,Age0_F5_m5f5_P5_Y4_UO68,R5_F5_m5f5_P5_Y0_UO513,R5_F5_m-1f-1_P5_Y-1_U37,FXX,0,31.007360588492173,0,0,0.0,0,0,0,0.0,0.25,1,P4_CV0,3,0,2,0,2
5,2535011.582,720257.8531,Age0_F5_m5f5_P5_Y4_UO91,R5_F5_m5f5_P5_Y2_UO264,R5_F5_m5f5_P5_Y0_UO436,MXY,0,31.007360588492173,0,0,0.0,0,0,0,0.0,0.5625,1,P4_CV0,3,2,0,2,0
5,2535011.582,720257.8531,Age0_F5_m5f5_P5_Y4_UO92,R5_F5_m5f5_P5_Y2_UO264,R5_F5_m5f5_P5_Y0_UO436,MXY,0,31.007360588492173,0,0,0.0,0,0,0,0.0,0.5625,1,P4_CV0,3,1,1,2,0
5,2535011.582,720257.8531,Age0_F5_m5f5_P5_Y4_UO93,R5_F5_m5f5_P5_Y2_UO264,R5_F5_m5f5_P5_Y0_UO436,FXX,0,31.007360588492173,0,0,0.0,0,0,0,0.0,0.5625,1,P4_CV0,3,1,1,1,1
5,2535011.582,720257.8531,Age0_F5_m5f5_P5_Y4_UO94,R5_F5_m5f5_P5_Y2_UO264,R5_F5_m5f5_P5_Y0_UO436,MXY,0,31.007360588492173,0,0,0.0,0,0,0,0.0,0.5625,1,P4_CV0,3,2,0,2,0
5,2535011.582,720257.8531,Age0_F5_m5f5_P5_Y4_UO96,R5_F5_m5f5_P5_Y2_UO260,R5_F5_m5f5_P5_Y2_UO547,FXX,0,31.007360588492173,0,0,0.0,0,0,0,0.0,0.5,1,P4_CV0,3,0,2,0,2
5,2535011.582,720257.8531,Age0_F5_m5f5_P5_Y4_UO114,R5_F5_m5f5_P5_Y2_UO643,R5_F5_m5f5_P5_Y2_UO210,FXX,0,31.007360588492173,0,0,0.0,0,0,0,0.0,0.125,1,P4_CV0,3,0,2,0,2
5,2535011.582,720257.8531,Age0_F5_m5f5_P5_Y4_UO115,R5_F5_m5f5_P5_Y2_UO643,R5_F5_m5f5_P5_Y2_UO210,MXY,0,31.007360588492173,0,0,0.0,0,0,0,0.0,0.125,1,P4_CV0,3,0,2,0,2
5,2535011.582,720257.8531,Age0_F5_m5f5_P5_Y4_UO116,R5_F5_m5f5_P5_Y2_UO643,R5_F5_m5f5_P5_Y2_UO210,FXX,0,31.007360588492173,0,0,0.0,0,0,0,0.0,0.125,1,P4_CV0,3,0,2,0,2
5,2535011.582,720257.8531,Age0_F5_m5f5_P5_Y4_UO117,R5_F5_m5f5_P5_Y2_UO643,R5_F5_m5f5_P5_Y2_UO210,FXX,0,31.007360588492173,0,0,0.0,0,0,0,0.0,0.125,1,P4_CV0,3,0,2,0,2
5,2535011.582,720257.8531,Age0_F5_m5f5_P5_Y4_UO121,R5_F5_m5f5_P5_Y2_UO530,R5_F5_m5f5_P5_Y1_UO524,MXY,0,31.007360588492173,0,0,0.0,0,0,0,0.0,0.125,1,P4_CV0,3,0,2,1,1
5,2535011.582,720257.8531,Age0_F5_m5f5_P5_Y4_UO122,R5_F5_m5f5_P5_Y2_UO530,R5_F5_m5f5_P5_Y1_UO524,MXY,0,31.007360588492173,0,0,0.0,0,0,0,0.0,0.125,1,P4_CV0,3,0,2,0,2
5,2535011.582,720257.8531,Age0_F5_m5f5_P5_Y4_UO163,R5_F5_m-1f-1_P5_Y-1_U48,R5_F5_m5f5_P5_Y2_UO547,FXX,0,31.007360588492173,0,0,0.0,0,0,0,0.0,0.5625,1,P4_CV0,3,2,0,1,1
5,2535011.582,720257.8531,Age0_F5_m5f5_P5_Y4_UO164,R5_F5_m-1f-1_P5_Y-1_U48,R5_F5_m5f5_P5_Y2_UO547,FXX,0,31.007360588492173,0,0,0.0,0,0,0,0.0,0.5625,1,P4_CV0,3,0,2,1,1
5,2535011.582,720257.8531,Age0_F5_m5f5_P5_Y4_UO165,R5_F5_m-1f-1_P5_Y-1_U48,R5_F5_m5f5_P5_Y2_UO547,FXX,0,31.007360588492173,0,0,0.0,0,0,0,0.0,0.5625,1,P4_CV0,3,1,1,2,0
5,2535011.582,720257.8531,Age0_F5_m5f5_P5_Y4_UO166,R5_F5_m-1f-1_P5_Y-1_U48,R5_F5_m5f5_P5_Y2_UO547,FXX,0,31.007360588492173,0,0,0.0,0,0,0,0.0,0.5625,1,P4_CV0,3,2,0,2,0
5,2535011.582,720257.8531,Age0_F5_m5f5_P5_Y4_UO209,R5_F5_m5f5_P5_Y2_UO207,R5_F5_m5f5_P5_Y2_UO300,FXX,0,31.007360588492173,0,0,0.0,0,0,0,0.0,0.0,1,P4_CV0,3,0,2,0,2
5,2535011.582,720257.8531,Age0_F5_m5f5_P5_Y4_UO224,R5_F5_m5f5_P5_Y2_UO515,R5_F5_m5f5_P5_Y1_UO525,MXY,0,31.007360588492173,0,0,0.0,0,0,0,0.0,0.25,1,P4_CV0,3,0,2,0,2
5,2535011.582,720257.8531,Age0_F5_m5f5_P5_Y4_UO225,R5_F5_m5f5_P5_Y2_UO515,R5_F5_m5f5_P5_Y1_UO525,MXY,0,31.007360588492173,0,0,0.0,0,0,0,0.0,0.25,1,P4_CV0,3,0,2,1,1
5,2535011.582,720257.8531,Age0_F5_m5f5_P5_Y4_UO226,R5_F5_m5f5_P5_Y2_UO515,R5_F5_m5f5_P5_Y1_UO525,FXX,0,31.007360588492173,0,0,0.0,0,0,0,0.0,0.25,1,P4_CV0,3,1,1,0,2
5,2535011.582,720257.8531,Age0_F5_m5f5_P5_Y4_UO227,R5_F5_m5f5_P5_Y2_UO515,R5_F5_m5f5_P5_Y1_UO525,FXX,0,31.007360588492173,0,0,0.0,0,0,0,0.0,0.25,1,P4_CV0,3,1,1,1,1
5,2535011.582,720257.8531,Age0_F5_m5f5_P5_Y4_UO252,R5_F5_m5f5_P5_Y2_UO209,R5_F5_m5f5_P5_Y0_UO520,FXX,0,31.007360588492173,0,0,0.0,0,0,0,0.0,0.125,1,P4_CV0,3,1,1,0,2
5,2535011.582,720257.8531,Age0_F5_m5f5_P5_Y4_UO255,R5_F5_m5f5_P5_Y2_UO209,R5_F5_m5f5_P5_Y0_UO520,FXX,0,31.007360588492173,0,0,0.0,0,0,0,0.0,0.125,1,P4_CV0,3,1,1,0,2
5,2535011.582,720257.8531,Age0_F5_m5f5_P5_Y4_UO265,R5_F5_m5f5_P5_Y2_UO647,R5_F5_m5f5_P5_Y2_UO527,FXX,0,31.007360588492173,0,0,0.0,0,0,0,0.0,0.25,1,P4_CV0,3,0,2,0,2
5,2535011.582,720257.8531,Age0_F5_m5f5_P5_Y4_UO266,R5_F5_m5f5_P5_Y2_UO647,R5_F5_m5f5_P5_Y2_UO527,FXX,0,31.007360588492173,0,0,0.0,0,0,0,0.0,0.25,1,P4_CV0,3,1,1,0,2
5,2535011.582,720257.8531,Age0_F5_m5f5_P5_Y4_UO267,R5_F5_m5f5_P5_Y2_UO647,R5_F5_m5f5_P5_Y2_UO527,MXY,0,31.007360588492173,0,0,0.0,0,0,0,0.0,0.25,1,P4_CV0,3,1,1,1,1
5,2535011.582,720257.8531,Age0_F5_m5f5_P5_Y4_UO268,R5_F5_m5f5_P5_Y2_UO647,R5_F5_m5f5_P5_Y2_UO527,FXX,0,31.007360588492173,0,0,0.0,0,0,0,0.0,0.25,1,P4_CV0,3,1,1,2,0
5,2535011.582,720257.8531,Age0_F5_m5f5_P5_Y4_UO269,R5_F5_m5f5_P5_Y1_UO356,R5_F5_m5f5_P5_Y2_UO491,FXX,0,31.007360588492173,0,0,0.0,0,0,0,0.0,0.375,1,P4_CV0,3,1,1,1,1
5,2535011.582,720257.8531,Age0_F5_m5f5_P5_Y4_UO270,R5_F5_m5f5_P5_Y1_UO356,R5_F5_m5f5_P5_Y2_UO491,MXY,0,31.007360588492173,0,0,0.0,0,0,0,0.0,0.375,1,P4_CV0,3,1,1,1,1
5,2535011.582,720257.8531,Age0_F5_m5f5_P5_Y4_UO285,R5_F5_m5f5_P5_Y2_UO539,R5_F5_m5f5_P5_Y2_UO528,MXY,0,31.007360588492173,0,0,0.0,0,0,0,0.0,0.4375,1,P4_CV0,3,1,1,1,1
5,2535011.582,720257.8531,Age0_F5_m5f5_P5_Y4_UO286,R5_F5_m5f5_P5_Y2_UO539,R5_F5_m5f5_P5_Y2_UO528,FXX,0,31.007360588492173,0,0,0.0,0,0,0,0.0,0.4375,1,P4_CV0,3,1,1,1,1
5,2535011.582,720257.8531,Age0_F5_m5f5_P5_Y4_UO300,R5_F5_m5f5_P5_Y0_UO522,R5_F5_m5f5_P5_Y0_UO778,MXY,0,31.007360588492173,0,0,0.0,0,0,0,0.0,0.25,1,P4_CV0,3,2,0,0,2
5,2535011.582,720257.8531,Age0_F5_m5f5_P5_Y4_UO301,R5_F5_m5f5_P5_Y0_UO522,R5_F5_m5f5_P5_Y0_UO778,MXY,0,31.007360588492173,0,0,0.0,0,0,0,0.0,0.25,1,P4_CV0,3,0,2,1,1
5,2535011.582,720257.8531,Age0_F5_m5f5_P5_Y4_UO316,R5_F5_m5f5_P5_Y1_UO13,R5_F5_m5f5_P5_Y2_UO365,MXY,0,31.007360588492173,0,0,0.0,0,0,0,0.0,0.6875,1,P4_CV0,3,2,0,1,1
5,2535011.582,720257.8531,Age0_F5_m5f5_P5_Y4_UO317,R5_F5_m5f5_P5_Y1_UO13,R5_F5_m5f5_P5_Y2_UO365,MXY,0,31.007360588492173,0,0,0.0,0,0,0,0.0,0.6875,1,P4_CV0,3,2,0,1,1
5,2535011.582,720257.8531,Age0_F5_m5f5_P5_Y4_UO324,R5_F5_m5f5_P5_Y1_UO356,R5_F5_m5f5_P5_Y2_UO513,FXX,0,31.007360588492173,0,0,0.0,0,0,0,0.0,0.5,1,P4_CV0,3,1,1,1,1
5,2535011.582,720257.8531,Age0_F5_m5f5_P5_Y4_UO325,R5_F5_m5f5_P5_Y1_UO356,R5_F5_m5f5_P5_Y2_UO513,FXX,0,31.007360588492173,0,0,0.0,0,0,0,0.0,0.5,1,P4_CV0,3,0,2,1,1
5,2535011.582,720257.8531,Age0_F5_m5f5_P5_Y4_UO326,R5_F5_m5f5_P5_Y1_UO356,R5_F5_m5f5_P5_Y2_UO513,MXY,0,31.007360588492173,0,0,0.0,0,0,0,0.0,0.5,1,P4_CV0,3,2,0,1,1
5,2535011.582,720257.8531,Age0_F5_m5f5_P5_Y4_UO334,R5_F5_m5f5_P5_Y2_UO181,R5_F5_m5f5_P5_Y2_UO517,FXX,0,31.007360588492173,0,0,0.0,0,0,0,0.0,0.5625,1,P4_CV0,3,1,1,1,1
5,2535011.582,720257.8531,Age0_F5_m5f5_P5_Y4_UO335,R5_F5_m5f5_P5_Y2_UO181,R5_F5_m5f5_P5_Y2_UO517,FXX,0,31.007360588492173,0,0,0.0,0,0,0,0.0,0.5625,1,P4_CV0,3,2,0,0,2
5,2535011.582,720257.8531,Age0_F5_m5f5_P5_Y4_UO336,R5_F5_m5f5_P5_Y2_UO181,R5_F5_m5f5_P5_Y2_UO517,FXX,0,31.007360588492173,0,0,0.0,0,0,0,0.0,0.5625,1,P4_CV0,3,1,1,0,2
5,2535011.582,720257.8531,Age0_F5_m5f5_P5_Y4_UO355,R5_F5_m5f5_P5_Y1_UO13,R5_F5_m5f5_P5_Y0_UO512,MXY,0,31.007360588492173,0,0,0.0,0,0,0,0.0,0.625,1,P4_CV0,3,2,0,1,1
5,2535011.582,720257.8531,Age0_F5_m5f5_P5_Y4_UO356,R5_F5_m5f5_P5_Y1_UO13,R5_F5_m5f5_P5_Y0_UO512,FXX,0,31.007360588492173,0,0,0.0,0,0,0,0.0,0.625,1,P4_CV0,3,2,0,1,1
5,2535011.582,720257.8531,Age0_F5_m5f5_P5_Y4_UO406,R5_F5_m5f5_P5_Y2_UO179,R5_F5_m5f5_P5_Y2_UO646,FXX,0,31.007360588492173,0,0,0.0,0,0,0,0.0,0.4375,1,P4_CV0,3,1,1,0,2
5,2535011.582,720257.8531,Age0_F5_m5f5_P5_Y4_UO407,R5_F5_m5f5_P5_Y2_UO179,R5_F5_m5f5_P5_Y2_UO646,FXX,0,31.007360588492173,0,0,0.0,0,0,0,0.0,0.4375,1,P4_CV0,3,1,1,0,2
5,2535011.582,720257.8531,Age0_F5_m5f5_P5_Y4_UO417,R5_F5_m-1f-1_P5_Y-1_U48,R5_F5_m5f5_P5_Y1_UO357,MXY,0,31.007360588492173,0,0,0.0,0,0,0,0.0,0.625,1,P4_CV0,3,2,0,1,1
5,2535011.582,720257.8531,Age0_F5_m5f5_P5_Y4_UO418,R5_F5_m-1f-1_P5_Y-1_U48,R5_F5_m5f5_P5_Y1_UO357,MXY,0,31.007360588492173,0,0,0.0,0,0,0,0.0,0.625,1,P4_CV0,3,2,0,2,0
5,2535011.582,720257.8531,Age0_F5_m5f5_P5_Y4_UO419,R5_F5_m-1f-1_P5_Y-1_U48,R5_F5_m5f5_P5_Y1_UO357,MXY,0,31.007360588492173,0,0,0.0,0,0,0,0.0,0.625,1,P4_CV0,3,1,1,2,0
5,2535011.582,720257.8531,Age0_F5_m5f5_P5_Y4_UO420,R5_F5_m-1f-1_P5_Y-1_U48,R5_F5_m5f5_P5_Y1_UO357,FXX,0,31.007360588492173,0,0,0.0,0,0,0,0.0,0.625,1,P4_CV0,3,1,1,2,0
5,2535011.582,720257.8531,Age0_F5_m5f5_P5_Y4_UO421,R5_F5_m5f5_P5_Y0_UO513,I5_F7_m5f5_P5_Y2_UO711,FXX,0,31.007360588492173,0,0,0.0,0,0,0,0.0,0.4375,1,P4_CV0,3,0,2,0,2
5,2535011.582,720257.8531,Age0_F5_m5f5_P5_Y4_UO422,R5_F5_m5f5_P5_Y0_UO513,I5_F7_m5f5_P5_Y2_UO711,FXX,0,31.007360588492173,0,0,0.0,0,0,0,0.0,0.4375,1,P4_CV0,3,0,2,0,2
5,2535011.582,720257.8531,Age0_F5_m5f5_P5_Y4_UO423,R5_F5_m5f5_P5_Y0_UO513,I5_F7_m5f5_P5_Y2_UO711,FXX,0,31.007360588492173,0,0,0.0,0,0,0,0.0,0.4375,1,P4_CV0,3,1,1,1,1
5,2535011.582,720257.8531,Age0_F5_m5f5_P5_Y4_UO424,R5_F5_m5f5_P5_Y0_UO513,I5_F7_m5f5_P5_Y2_UO711,MXY,0,31.007360588492173,0,0,0.0,0,0,0,0.0,0.4375,1,P4_CV0,3,1,1,2,0
5,2535011.582,720257.8531,Age0_F5_m5f5_P5_Y4_UO427,R5_F5_m5f5_P5_Y0_UO522,R5_F5_m5f5_P5_Y2_UO43,FXX,0,31.007360588492173,0,0,0.0,0,0,0,0.0,0.3125,1,P4_CV0,3,1,1,0,2
5,2535011.582,720257.8531,Age0_F5_m5f5_P5_Y4_UO428,R5_F5_m5f5_P5_Y0_UO522,R5_F5_m5f5_P5_Y2_UO43,MXY,0,31.007360588492173,0,0,0.0,0,0,0,0.0,0.3125,1,P4_CV0,3,2,0,0,2
5,2535011.582,720257.8531,Age0_F5_m5f5_P5_Y4_UO429,R5_F5_m5f5_P5_Y0_UO522,R5_F5_m5f5_P5_Y2_UO43,MXY,0,31.007360588492173,0,0,0.0,0,0,0,0.0,0.3125,1,P4_CV0,3,0,2,0,2
5,2535011.582,720257.8531,Age0_F5_m5f5_P5_Y4_UO430,R5_F5_m5f5_P5_Y0_UO522,R5_F5_m5f5_P5_Y2_UO43,MXY,0,31.007360588492173,0,0,0.0,0,0,0,0.0,0.3125,1,P4_CV0,3,1,1,0,2
5,2535011.582,720257.8531,Age0_F5_m5f5_P5_Y4_UO431,R5_F5_m5f5_P5_Y0_UO522,R5_F5_m5f5_P5_Y2_UO43,FXX,0,31.007360588492173,0,0,0.0,0,0,0,0.0,0.3125,1,P4_CV0,3,1,1,0,2
5,2535011.582,720257.8531,Age0_F5_m5f5_P5_Y4_UO441,R5_F5_m5f5_P5_Y2_UO714,R5_F5_m5f5_P5_Y2_UO517,MXY,0,31.007360588492173,0,0,0.0,0,0,0,0.0,0.4375,1,P4_CV0,3,1,1,1,1
5,2535011.582,720257.8531,Age0_F5_m5f5_P5_Y4_UO442,R5_F5_m5f5_P5_Y2_UO714,R5_F5_m5f5_P5_Y2_UO517,MXY,0,31.007360588492173,0,0,0.0,0,0,0,0.0,0.4375,1,P4_CV0,3,1,1,2,0
5,2535011.582,720257.8531,Age0_F5_m5f5_P5_Y4_UO443,R5_F5_m5f5_P5_Y2_UO714,R5_F5_m5f5_P5_Y2_UO517,FXX,0,31.007360588492173,0,0,0.0,0,0,0,0.0,0.4375,1,P4_CV0,3,0,2,1,1
5,2535011.582,720257.8531,Age0_F5_m5f5_P5_Y4_UO444,R5_F5_m5f5_P5_Y2_UO714,R5_F5_m5f5_P5_Y2_UO517,FXX,0,31.007360588492173,0,0,0.0,0,0,0,0.0,0.4375,1,P4_CV0,3,0,2,1,1
5,2535011.582,720257.8531,Age0_F5_m5f5_P5_Y4_UO455,R5_F5_m5f5_P5_Y2_UO754,R5_F5_m5f5_P5_Y2_UO541,MXY,0,31.007360588492173,0,0,0.0,0,0,0,0.0,0.4375,1,P4_CV0,3,1,1,1,1
5,2535011.582,720257.8531,Age0_F5_m5f5_P5_Y4_UO456,R5_F5_m5f5_P5_Y2_UO754,R5_F5_m5f5_P5_Y2_UO541,FXX,0,31.007360588492173,0,0,0.0,0,0,0,0.0,0.4375,1,P4_CV0,3,1,1,1,1
5,2535011.582,720257.8531,Age0_F5_m5f5_P5_Y4_UO480,R5_F5_m5f5_P5_Y2_UO515,R5_F5_m5f5_P5_Y2_UO39,FXX,0,31.007360588492173,0,0,0.0,0,0,0,0.0,0.4375,1,P4_CV0,3,1,1,0,2
5,2535011.582,720257.8531,Age0_F5_m5f5_P5_Y4_UO481,R5_F5_m5f5_P5_Y2_UO515,R5_F5_m5f5_P5_Y2_UO39,MXY,0,31.007360588492173,0,0,0.0,0,0,0,0.0,0.4375,1,P4_CV0,3,0,2,0,2
5,2535011.582,720257.8531,Age0_F5_m5f5_P5_Y4_UO487,R5_F5_m5f5_P5_Y2_UO42,RD5_F1_m1f1_P1_Y2_UO327,MXY,0,31.007360588492173,0,0,0.0,0,0,0,0.0,0.3125,1,P4_CV0,3,0,2,1,1
5,2535011.582,720257.8531,Age0_F5_m5f5_P5_Y4_UO488,R5_F5_m5f5_P5_Y2_UO42,RD5_F1_m1f1_P1_Y2_UO327,FXX,0,31.007360588492173,0,0,0.0,0,0,0,0.0,0.3125,1,P4_CV0,3,0,2,1,1
5,2535011.582,720257.8531,Age0_F5_m5f5_P5_Y4_UO500,R5_F5_m5f5_P5_Y2_UO545,R5_F5_m5f5_P5_Y2_UO180,MXY,0,31.007360588492173,0,0,0.0,0,0,0,0.0,0.625,1,P4_CV0,3,2,0,1,1
5,2535011.582,720257.8531,Age0_F5_m5f5_P5_Y4_UO501,R5_F5_m5f5_P5_Y2_UO545,R5_F5_m5f5_P5_Y2_UO180,FXX,0,31.007360588492173,0,0,0.0,0,0,0,0.0,0.625,1,P4_CV0,3,2,0,1,1
5,2535011.582,720257.8531,Age0_F5_m5f5_P5_Y4_UO514,R5_F5_m5f5_P5_Y2_UO530,R5_F5_m5f5_P5_Y2_UO210,MXY,0,31.007360588492173,0,0,0.0,0,0,0,0.0,0.125,1,P4_CV0,3,1,1,0,2
5,2535011.582,720257.8531,Age0_F5_m5f5_P5_Y4_UO515,R5_F5_m5f5_P5_Y2_UO530,R5_F5_m5f5_P5_Y2_UO210,FXX,0,31.007360588492173,0,0,0.0,0,0,0,0.0,0.125,1,P4_CV0,3,0,2,1,1
5,2535011.582,720257.8531,Age0_F5_m5f5_P5_Y4_UO516,R5_F5_m5f5_P5_Y2_UO530,R5_F5_m5f5_P5_Y2_UO210,FXX,0,31.007360588492173,0,0,0.0,0,0,0,0.0,0.125,1,P4_CV0,3,0,2,1,1
5,2535011.582,720257.8531,Age0_F5_m5f5_P5_Y4_UO517,R5_F5_m5f5_P5_Y2_UO530,R5_F5_m5f5_P5_Y2_UO210,MXY,0,31.007360588492173,0,0,0.0,0,0,0,0.0,0.125,1,P4_CV0,3,0,2,1,1
5,2535011.582,720257.8531,Age0_F5_m5f5_P5_Y4_UO518,R5_F5_m5f5_P5_Y2_UO530,R5_F5_m5f5_P5_Y2_UO210,MXY,0,31.007360588492173,0,0,0.0,0,0,0,0.0,0.125,1,P4_CV0,3,0,2,1,1
5,2535011.582,720257.8531,Age0_F5_m5f5_P5_Y4_UO533,R5_F5_m5f5_P5_Y2_UO489,R5_F5_m5f5_P5_Y2_UO38,MXY,0,31.007360588492173,0,0,0.0,0,0,0,0.0,0.3125,1,P4_CV0,3,2,0,0,2
5,2535011.582,720257.8531,Age0_F5_m5f5_P5_Y4_UO534,R5_F5_m5f5_P5_Y2_UO489,R5_F5_m5f5_P5_Y2_UO38,FXX,0,31.007360588492173,0,0,0.0,0,0,0,0.0,0.3125,1,P4_CV0,3,2,0,0,2
5,2535011.582,720257.8531,Age0_F5_m5f5_P5_Y4_UO535,R5_F5_m5f5_P5_Y2_UO302,R5_F5_m5f5_P5_Y2_UO541,MXY,0,31.007360588492173,0,0,0.0,0,0,0,0.0,0.3125,1,P4_CV0,3,1,1,1,1
5,2535011.582,720257.8531,Age0_F5_m5f5_P5_Y4_UO536,R5_F5_m5f5_P5_Y2_UO302,R5_F5_m5f5_P5_Y2_UO541,FXX,0,31.007360588492173,0,0,0.0,0,0,0,0.0,0.3125,1,P4_CV0,3,1,1,1,1
5,2535011.582,720257.8531,Age0_F5_m5f5_P5_Y4_UO537,R5_F5_m5f5_P5_Y2_UO302,R5_F5_m5f5_P5_Y2_UO541,FXX,0,31.007360588492173,0,0,0.0,0,0,0,0.0,0.3125,1,P4_CV0,3,0,2,2,0
5,2535011.582,720257.8531,Age0_F5_m5f5_P5_Y4_UO538,R5_F5_m5f5_P5_Y2_UO302,R5_F5_m5f5_P5_Y2_UO541,MXY,0,31.007360588492173,0,0,0.0,0,0,0,0.0,0.3125,1,P4_CV0,3,1,1,2,0
5,2535011.582,720257.8531,Age0_F5_m5f5_P5_Y4_UO543,R5_F5_m5f5_P5_Y2_UO714,R5_F5_m5f5_P5_Y2_UO514,FXX,0,31.007360588492173,0,0,0.0,0,0,0,0.0,0.4375,1,P4_CV0,3,0,2,2,0
5,2535011.582,720257.8531,Age0_F5_m5f5_P5_Y4_UO558,R5_F5_m5f5_P5_Y2_UO306,R5_F5_m5f5_P5_Y1_UO286,MXY,0,31.007360588492173,0,0,0.0,0,0,0,0.0,0.25,1,P4_CV0,3,1,1,0,2
5,2535011.582,720257.8531,Age0_F5_m5f5_P5_Y4_UO559,R5_F5_m5f5_P5_Y2_UO306,R5_F5_m5f5_P5_Y1_UO286,FXX,0,31.007360588492173,0,0,0.0,0,0,0,0.0,0.25,1,P4_CV0,3,1,1,0,2
5,2535011.582,720257.8531,Age0_F5_m5f5_P5_Y4_UO560,R5_F5_m5f5_P5_Y2_UO306,R5_F5_m5f5_P5_Y1_UO286,MXY,0,31.007360588492173,0,0,0.0,0,0,0,0.0,0.25,1,P4_CV0,3,1,1,0,2
5,2535011.582,720257.8531,Age0_F5_m5f5_P5_Y4_UO561,R5_F5_m5f5_P5_Y1_UO165,R5_F5_m5f5_P5_Y2_UO38,FXX,0,31.007360588492173,0,0,0.0,0,0,0,0.0,0.3125,1,P4_CV0,3,1,1,0,2
5,2535011.582,720257.8531,Age0_F5_m5f5_P5_Y4_UO562,R5_F5_m5f5_P5_Y1_UO165,R5_F5_m5f5_P5_Y2_UO38,FXX,0,31.007360588492173,0,0,0.0,0,0,0,0.0,0.3125,1,P4_CV0,3,1,1,1,1
5,2535011.582,720257.8531,Age0_F5_m5f5_P5_Y4_UO596,R5_F5_m5f5_P5_Y2_UO264,R5_F5_m1f1_P1_Y2_UO853,FXX,0,31.007360588492173,0,0,0.0,0,0,0,0.0,0.1875,1,P4_CV0,3,0,2,2,0
5,2535011.582,720257.8531,Age0_F5_m5f5_P5_Y4_UO597,R5_F5_m5f5_P5_Y2_UO264,R5_F5_m1f1_P1_Y2_UO853,MXY,0,31.007360588492173,0,0,0.0,0,0,0,0.0,0.1875,1,P4_CV0,3,1,1,2,0
5,2535011.582,720257.8531,Age0_F5_m5f5_P5_Y4_UO598,R5_F5_m5f5_P5_Y2_UO264,R5_F5_m1f1_P1_Y2_UO853,MXY,0,31.007360588492173,0,0,0.0,0,0,0,0.0,0.1875,1,P4_CV0,3,1,1,2,0
5,2535011.582,720257.8531,Age0_F5_m5f5_P5_Y4_UO669,R5_F5_m5f5_P5_Y2_UO302,R5_F5_m5f5_P5_Y2_UO38,FXX,0,31.007360588492173,0,0,0.0,0,0,0,0.0,0.1875,1,P4_CV0,3,0,2,1,1
5,2535011.582,720257.8531,Age0_F5_m5f5_P5_Y4_UO670,R5_F5_m5f5_P5_Y2_UO302,R5_F5_m5f5_P5_Y2_UO38,MXY,0,31.007360588492173,0,0,0.0,0,0,0,0.0,0.1875,1,P4_CV0,3,0,2,0,2
5,2535011.582,720257.8531,Age0_F5_m5f5_P5_Y4_UO675,R5_F5_m5f5_P5_Y2_UO302,R5_F5_m5f5_P5_Y1_UO139,FXX,0,31.007360588492173,0,0,0.0,0,0,0,0.0,0.25,1,P4_CV0,3,0,2,1,1
5,2535011.582,720257.8531,Age0_F5_m5f5_P5_Y4_UO676,R5_F5_m5f5_P5_Y2_UO302,R5_F5_m5f5_P5_Y1_UO139,FXX,0,31.007360588492173,0,0,0.0,0,0,0,0.0,0.25,1,P4_CV0,3,1,1,1,1
5,2535011.582,720257.8531,Age0_F5_m5f5_P5_Y4_UO694,R5_F5_m5f5_P5_Y2_UO712,R5_F5_m5f5_P5_Y2_UO541,MXY,0,31.007360588492173,0,0,0.0,0,0,0,0.0,0.5,1,P4_CV0,3,0,2,1,1
5,2535011.582,720257.8531,Age0_F5_m5f5_P5_Y4_UO695,R5_F5_m5f5_P5_Y2_UO712,R5_F5_m5f5_P5_Y2_UO541,MXY,0,31.007360588492173,0,0,0.0,0,0,0,0.0,0.5,1,P4_CV0,3,0,2,1,1
5,2535011.582,720257.8531,Age0_F5_m5f5_P5_Y4_UO710,R5_F5_m5f5_P5_Y0_UO522,R5_F5_m5f5_P5_Y0_UO520,MXY,0,31.007360588492173,0,0,0.0,0,0,0,0.0,0.25,1,P4_CV0,3,1,1,0,2
5,2535011.582,720257.8531,Age0_F5_m5f5_P5_Y4_UO711,R5_F5_m5f5_P5_Y0_UO522,R5_F5_m5f5_P5_Y0_UO520,MXY,0,31.007360588492173,0,0,0.0,0,0,0,0.0,0.25,1,P4_CV0,3,1,1,0,2
5,2535011.582,720257.8531,Age0_F5_m5f5_P5_Y4_UO712,R5_F5_m5f5_P5_Y0_UO522,R5_F5_m5f5_P5_Y0_UO520,MXY,0,31.007360588492173,0,0,0.0,0,0,0,0.0,0.25,1,P4_CV0,3,1,1,0,2
5,2535011.582,720257.8531,Age0_F5_m5f5_P5_Y4_UO713,R5_F5_m5f5_P5_Y0_UO522,R5_F5_m5f5_P5_Y0_UO520,MXY,0,31.007360588492173,0,0,0.0,0,0,0,0.0,0.25,1,P4_CV0,3,1,1,0,2
5,2535011.582,720257.8531,Age0_F5_m5f5_P5_Y4_UO746,R5_F5_m5f5_P5_Y2_UO179,R5_F5_m5f5_P5_Y2_UO645,FXX,0,31.007360588492173,0,0,0.0,0,0,0,0.0,0.4375,1,P4_CV0,3,2,0,0,2
5,2535011.582,720257.8531,Age0_F5_m5f5_P5_Y4_UO747,R5_F5_m5f5_P5_Y2_UO179,R5_F5_m5f5_P5_Y2_UO645,FXX,0,31.007360588492173,0,0,0.0,0,0,0,0.0,0.4375,1,P4_CV0,3,1,1,0,2
5,2535011.582,720257.8531,Age0_F5_m5f5_P5_Y4_UO782,R5_F5_m5f5_P5_Y2_UO530,R5_F5_m5f5_P5_Y2_UO39,FXX,0,31.007360588492173,0,0,0.0,0,0,0,0.0,0.3125,1,P4_CV0,3,2,0,1,1
5,2535011.582,720257.8531,Age0_F5_m5f5_P5_Y4_UO783,R5_F5_m5f5_P5_Y2_UO530,R5_F5_m5f5_P5_Y2_UO39,FXX,0,31.007360588492173,0,0,0.0,0,0,0,0.0,0.3125,1,P4_CV0,3,2,0,1,1
5,2535011.582,720257.8531,Age0_F5_m5f5_P5_Y4_UO784,R5_F5_m5f5_P5_Y2_UO530,R5_F5_m5f5_P5_Y2_UO39,FXX,0,31.007360588492173,0,0,0.0,0,0,0,0.0,0.3125,1,P4_CV0,3,1,1,0,2
5,2535011.582,720257.8531,Age0_F5_m5f5_P5_Y4_UO785,R5_F5_m5f5_P5_Y2_UO530,R5_F5_m5f5_P5_Y2_UO39,FXX,0,31.007360588492173,0,0,0.0,0,0,0,0.0,0.3125,1,P4_CV0,3,0,2,1,1
5,2535011.582,720257.8531,Age0_F5_m5f5_P5_Y4_UO786,R5_F5_m5f5_P5_Y2_UO530,R5_F5_m5f5_P5_Y2_UO39,FXX,0,31.007360588492173,0,0,0.0,0,0,0,0.0,0.3125,1,P4_CV0,3,1,1,0,2
5,2535011.582,720257.8531,Age0_F5_m5f5_P5_Y4_UO789,R5_F5_m5f5_P5_Y2_UO275,R5_F5_m5f5_P5_Y1_UO588,MXY,0,31.007360588492173,0,0,0.0,0,0,0,0.0,0.0625,1,P4_CV0,3,1,1,1,1
5,2535011.582,720257.8531,Age0_F5_m5f5_P5_Y4_UO790,R5_F5_m5f5_P5_Y2_UO275,R5_F5_m5f5_P5_Y1_UO588,FXX,0,31.007360588492173,0,0,0.0,0,0,0,0.0,0.0625,1,P4_CV0,3,1,1,2,0
5,2535011.582,720257.8531,Age0_F5_m5f5_P5_Y4_UO807,R5_F5_m5f5_P5_Y2_UO262,R5_F5_m5f5_P5_Y2_UO540,MXY,0,31.007360588492173,0,0,0.0,0,0,0,0.0,0.5,1,P4_CV0,3,0,2,2,0
5,2535011.582,720257.8531,Age0_F5_m5f5_P5_Y4_UO808,R5_F5_m5f5_P5_Y2_UO262,R5_F5_m5f5_P5_Y2_UO540,FXX,0,31.007360588492173,0,0,0.0,0,0,0,0.0,0.5,1,P4_CV0,3,1,1,2,0
5,2535011.582,720257.8531,Age0_F5_m5f5_P5_Y4_UO809,R5_F5_m5f5_P5_Y2_UO262,R5_F5_m5f5_P5_Y2_UO540,FXX,0,31.007360588492173,0,0,0.0,0,0,0,0.0,0.5,1,P4_CV0,3,1,1,2,0
5,2535011.582,720257.8531,Age0_F5_m5f5_P5_Y4_UO828,R5_F5_m-1f-1_P5_Y-1_U48,R5_F5_m5f5_P5_Y2_UO304,MXY,0,31.007360588492173,0,0,0.0,0,0,0,0.0,0.25,1,P4_CV0,3,0,2,2,0
5,2535011.582,720257.8531,Age0_F5_m5f5_P5_Y4_UO829,R5_F5_m-1f-1_P5_Y-1_U48,R5_F5_m5f5_P5_Y2_UO304,FXX,0,31.007360588492173,0,0,0.0,0,0,0,0.0,0.25,1,P4_CV0,3,0,2,2,0
5,2535011.582,720257.8531,Age0_F5_m5f5_P5_Y4_UO830,R5_F5_m-1f-1_P5_Y-1_U48,R5_F5_m5f5_P5_Y2_UO304,MXY,0,31.007360588492173,0,0,0.0,0,0,0,0.0,0.25,1,P4_CV0,3,0,2,2,0
5,2535011.582,720257.8531,Age0_F5_m5f5_P5_Y4_UO831,R5_F5_m-1f-1_P5_Y-1_U48,R5_F5_m5f5_P5_Y2_UO304,MXY,0,31.007360588492173,0,0,0.0,0,0,0,0.0,0.25,1,P4_CV0,3,0,2,2,0
5,2535011.582,720257.8531,Age0_F5_m5f5_P5_Y4_UO929,R5_F5_m5f5_P5_Y0_UO522,R5_F5_m5f5_P5_Y2_UO646,MXY,0,31.007360588492173,0,0,0.0,0,0,0,0.0,0.25,1,P4_CV0,3,2,0,0,2
5,2535011.582,720257.8531,Age0_F5_m5f5_P5_Y4_UO930,R5_F5_m5f5_P5_Y0_UO522,R5_F5_m5f5_P5_Y2_UO646,MXY,0,31.007360588492173,0,0,0.0,0,0,0,0.0,0.25,1,P4_CV0,3,1,1,0,2
5,2535011.582,720257.8531,R5_F5_m5f5_P5_Y3_UO684,R5_F5_m5f5_P5_Y1_UO392,R5_F5_m5f5_P5_Y1_UO588,FXX,1,53.58243745753778,1,1,0.0,0,0,0,-9999.0,0.25,1,P4_CV0,3,2,0,1,1
5,2535011.582,720257.8531,R5_F5_m5f5_P5_Y3_UO125,R5_F5_m-1f-1_P5_Y-1_U89,R5_F5_m5f5_P5_Y0_UO512,MXY,1,53.58243745753778,1,1,0.0,0,0,0,-9999.0,0.75,1,P4_CV0,3,2,0,1,1
5,2535011.582,720257.8531,R5_F5_m5f5_P5_Y3_UO138,R5_F5_m5f5_P5_Y1_UO553,R5_F5_m5f5_P5_Y0_UO246,MXY,1,53.58243745753778,1,1,0.0,0,0,0,-9999.0,0.5,1,P4_CV0,3,0,2,2,0
5,2535011.582,720257.8531,R5_F5_m5f5_P5_Y3_UO358,R5_F5_m5f5_P5_Y1_UO482,R5_F5_m-1f-1_P5_Y-1_U7,MXY,1,53.58243745753778,1,1,0.0,0,0,0,-9999.0,0.25,1,P4_CV0,3,1,1,1,1
5,2535011.582,720257.8531,R5_F5_m5f5_P5_Y3_UO349,R5_F5_m5f5_P5_Y0_UO86,R5_F5_m5f5_P5_Y1_UO593,FXX,1,53.58243745753778,1,1,0.0,0,0,0,-9999.0,0.5,1,P4_CV0,3,2,0,1,1
5,2535011.582,720257.8531,R5_F5_m5f5_P5_Y3_UO695,R5_F5_m5f5_P5_Y0_UO213,R5_F5_m5f5_P5_Y1_UO254,MXY,1,53.58243745753778,1,1,0.0,0,0,0,-9999.0,0.125,1,P4_CV0,3,2,0,2,0
5,2535011.582,720257.8531,R5_F5_m5f5_P5_Y3_UO712,R5_F5_m5f5_P5_Y1_UO392,R5_F5_m5f5_P5_Y1_UO279,MXY,1,53.58243745753778,1,1,0.0,0,0,0,-9999.0,0.375,1,P4_CV0,3,1,1,1,1
5,2535011.582,720257.8531,R5_F5_m5f5_P5_Y3_UO278,R5_F5_m-1f-1_P5_Y-1_U1,R5_F5_m5f5_P5_Y1_UO153,MXY,1,53.58243745753778,1,1,0.0,0,0,0,-9999.0,0.5,1,P4_CV0,3,2,0,0,2
5,2535011.582,720257.8531,R5_F5_m5f5_P5_Y3_UO207,R5_F5_m5f5_P5_Y1_UO280,R5_F5_m5f5_P5_Y0_UO44,MXY,1,53.58243745753778,1,1,0.0,0,0,0,-9999.0,0.375,1,P4_CV0,3,2,0,0,2
5,2535011.582,720257.8531,R5_F5_m5f5_P5_Y3_UO128,R5_F5_m-1f-1_P5_Y-1_U89,R5_F5_m5f5_P5_Y0_UO512,MXY,1,53.58243745753778,1,1,0.0,0,0,0,-9999.0,0.75,1,P4_CV0,3,1,1,0,2
5,2535011.582,720257.8531,R5_F5_m5f5_P5_Y3_UO685,R5_F5_m5f5_P5_Y1_UO392,R5_F5_m5f5_P5_Y1_UO588,FXX,1,53.58243745753778,1,1,1.981,0,0,0,-9999.0,0.25,1,P4_CV0,3,2,0,1,1
5,2535011.582,720257.8531,R5_F5_m5f5_P5_Y3_UO130,R5_F5_m-1f-1_P5_Y-1_U89,R5_F5_m5f5_P5_Y0_UO512,MXY,1,53.58243745753778,1,1,0.0,0,0,0,-9999.0,0.75,1,P4_CV0,3,2,0,1,1
5,2535011.582,720257.8531,R5_F5_m5f5_P5_Y3_UO235,R5_F5_m5f5_P5_Y1_UO330,R5_F5_m5f5_P5_Y0_UO44,MXY,1,53.58243745753778,1,1,0.0,0,0,0,-9999.0,0.5,1,P4_CV0,3,0,2,1,1
5,2535011.582,720257.8531,R5_F5_m5f5_P5_Y3_UO490,R5_F5_m5f5_P5_Y0_UO79,R5_F5_m5f5_P5_Y1_UO469,MXY,1,53.58243745753778,1,1,0.0,0,0,0,-9999.0,0.375,1,P4_CV0,3,1,1,1,1
5,2535011.582,720257.8531,R5_F5_m5f5_P5_Y3_UO592,R5_F5_m5f5_P5_Y0_UO213,R5_F5_m5f5_P5_Y1_UO532,MXY,1,53.58243745753778,1,1,0.0,0,0,0,-9999.0,0.375,1,P4_CV0,3,2,0,2,0
5,2535011.582,720257.8531,R5_F5_m5f5_P5_Y3_UO167,R5_F5_m-1f-1_P5_Y-1_U89,R5_F5_m5f5_P5_Y1_UO357,FXX,1,53.58243745753778,1,1,1.115,0,0,0,-9999.0,0.875,1,P4_CV0,3,2,0,0,2
5,2535011.582,720257.8531,R5_F5_m5f5_P5_Y3_UO746,R5_F5_m5f5_P5_Y1_UO166,R5_F5_m-1f-1_P5_Y-1_U44,MXY,1,53.58243745753778,1,1,0.0,0,0,0,-9999.0,0.625,1,P4_CV0,3,1,1,2,0
5,2535011.582,720257.8531,R5_F5_m5f5_P5_Y3_UO642,R5_F5_m5f5_P5_Y1_UO288,R5_F5_m5f5_P5_Y1_UO37,FXX,1,53.58243745753778,1,1,0.0,0,0,0,-9999.0,0.625,1,P4_CV0,3,1,1,0,2
5,2535011.582,720257.8531,R5_F5_m5f5_P5_Y3_UO73,R5_F5_m5f5_P5_Y0_UO522,R5_F5_m5f5_P5_Y0_UO436,FXX,1,53.58243745753778,1,1,1.357,0,0,0,-9999.0,0.5,1,P4_CV0,3,2,0,1,1
5,2535011.582,720257.8531,R5_F5_m5f5_P5_Y3_UO357,R5_F5_m5f5_P5_Y1_UO482,R5_F5_m-1f-1_P5_Y-1_U7,FXX,1,53.58243745753778,1,1,1.0,0,0,0,-9999.0,0.25,1,P4_CV0,3,1,1,2,0
5,2535011.582,720257.8531,R5_F5_m5f5_P5_Y3_UO66,R5_F5_m5f5_P5_Y0_UO694,R5_F5_m5f5_P5_Y0_UO675,MXY,1,53.58243745753778,1,1,0.0,0,0,0,-9999.0,0.375,1,P4_CV0,3,0,2,1,1
5,2535011.582,720257.8531,R5_F5_m5f5_P5_Y3_UO206,R5_F5_m5f5_P5_Y1_UO280,R5_F5_m5f5_P5_Y0_UO44,FXX,1,53.58243745753778,1,1,1.0,0,0,0,-9999.0,0.375,1,P4_CV0,3,2,0,0,2
5,2535011.582,720257.8531,R5_F5_m5f5_P5_Y3_UO200,R5_F5_m5f5_P5_Y0_UO213,R5_F5_m5f5_P5_Y1_UO254,MXY,1,53.58243745753778,1,1,0.0,0,0,0,-9999.0,0.125,1,P4_CV0,3,2,0,1,1
5,2535011.582,720257.8531,R5_F5_m5f5_P5_Y3_UO461,R5_F5_m5f5_P5_Y1_UO293,R5_F5_m5f5_P5_Y0_UO78,MXY,1,53.58243745753778,1,1,0.0,0,0,0,-9999.0,0.25,1,P4_CV0,3,0,2,1,1
5,2535011.582,720257.8531,R5_F5_m5f5_P5_Y3_UO274,R5_F5_m-1f-1_P5_Y-1_U1,R5_F5_m5f5_P5_Y1_UO153,MXY,1,53.58243745753778,1,1,0.0,0,0,0,-9999.0,0.5,1,P4_CV0,3,2,0,0,2
5,2535011.582,720257.8531,R5_F5_m5f5_P5_Y3_UO593,R5_F5_m5f5_P5_Y0_UO213,R5_F5_m5f5_P5_Y1_UO532,MXY,1,53.58243745753778,1,1,0.0,0,0,0,-9999.0,0.375,1,P4_CV0,3,1,1,2,0
5,2535011.582,720257.8531,R5_F5_m5f5_P5_Y3_UO799,R5_F5_m5f5_P5_Y1_UO482,R5_F5_m5f5_P5_Y1_UO539,MXY,1,53.58243745753778,1,1,0.0,0,0,0,-9999.0,0.5,1,P4_CV0,3,2,0,2,0
5,2535011.582,720257.8531,R5_F5_m5f5_P5_Y3_UO462,R5_F5_m5f5_P5_Y1_UO293,R5_F5_m5f5_P5_Y0_UO78,MXY,1,53.58243745753778,1,1,0.0,0,0,0,-9999.0,0.25,1,P4_CV0,3,0,2,1,1
5,2535011.582,720257.8531,R5_F5_m5f5_P5_Y3_UO28,R5_F5_m5f5_P5_Y0_UO213,R5_F5_m5f5_P5_Y1_UO152,MXY,1,53.58243745753778,1,1,0.0,0,0,0,-9999.0,0.375,1,P4_CV0,3,2,0,1,1
5,2535011.582,720257.8531,R5_F5_m5f5_P5_Y3_UO276,R5_F5_m-1f-1_P5_Y-1_U1,R5_F5_m5f5_P5_Y1_UO153,FXX,1,53.58243745753778,1,1,2.337,0,0,0,-9999.0,0.5,1,P4_CV0,3,1,1,0,2
5,2535011.582,720257.8531,R5_F5_m5f5_P5_Y3_UO129,R5_F5_m-1f-1_P5_Y-1_U89,R5_F5_m5f5_P5_Y0_UO512,FXX,1,53.58243745753778,1,1,0.0,0,0,0,-9999.0,0.75,1,P4_CV0,3,1,1,0,2
5,2535011.582,720257.8531,R5_F5_m5f5_P5_Y3_UO297,R5_F5_m5f5_P5_Y1_UO411,R5_F5_m5f5_P5_Y1_UO420,MXY,1,53.58243745753778,1,1,0.0,0,0,0,-9999.0,0.25,1,P4_CV0,3,0,2,0,2
5,2535011.582,720257.8531,R5_F5_m5f5_P5_Y3_UO752,R5_F5_m5f5_P5_Y1_UO392,R5_F5_m5f5_P5_Y1_UO590,MXY,1,53.58243745753778,1,1,0.0,0,0,0,-9999.0,0.5,1,P4_CV0,3,2,0,0,2
5,2535011.582,720257.8531,R5_F5_m5f5_P5_Y3_UO18,R5_F5_m5f5_P5_Y1_UO554,R5_F5_m-1f-1_P5_Y-1_U11,MXY,1,53.58243745753778,1,1,0.0,0,0,0,-9999.0,0.625,1,P4_CV0,3,1,1,1,1
5,2535011.582,720257.8531,R5_F5_m5f5_P5_Y3_UO745,R5_F5_m5f5_P5_Y1_UO166,R5_F5_m-1f-1_P5_Y-1_U44,MXY,1,53.58243745753778,1,1,0.0,0,0,0,-9999.0,0.625,1,P4_CV0,3,1,1,1,1
5,2535011.582,720257.8531,R5_F5_m5f5_P5_Y3_UO2,R5_F5_m-1f-1_P5_Y-1_U12,R5_F5_m5f5_P5_Y1_UO540,FXX,1,53.58243745753778,1,1,0.0,0,0,0,-9999.0,0.25,1,P4_CV0,3,1,1,1,1
5,2535011.582,720257.8531,R5_F5_m5f5_P5_Y3_UO37,R5_F5_m5f5_P5_Y1_UO554,R5_F5_m5f5_P5_Y0_UO669,FXX,1,53.58243745753778,1,1,0.0,0,0,0,-9999.0,0.5,1,P4_CV0,3,0,2,2,0
5,2535011.582,720257.8531,R5_F5_m5f5_P5_Y3_UO124,R5_F5_m-1f-1_P5_Y-1_U89,R5_F5_m5f5_P5_Y0_UO512,FXX,1,53.58243745753778,1,1,0.0,0,0,0,-9999.0,0.75,1,P4_CV0,3,1,1,1,1
5,2535011.582,720257.8531,R5_F5_m5f5_P5_Y3_UO505,R5_F5_m-1f-1_P5_Y-1_U0,R5_F5_m5f5_P5_Y1_UO43,FXX,1,53.58243745753778,1,1,1.004,0,0,0,-9999.0,0.5,1,P4_CV0,3,1,1,0,2
5,2535011.582,720257.8531,R5_F5_m5f5_P5_Y3_UO75,R5_F5_m5f5_P5_Y0_UO522,R5_F5_m5f5_P5_Y0_UO436,MXY,1,53.58243745753778,1,1,0.0,0,0,0,-9999.0,0.5,1,P4_CV0,3,1,1,1,1
5,2535011.582,720257.8531,R5_F5_m5f5_P5_Y3_UO630,R5_F5_m5f5_P5_Y1_UO330,R5_F5_m5f5_P5_Y1_UO289,MXY,1,53.58243745753778,1,1,0.0,0,0,0,-9999.0,0.375,1,P4_CV0,3,1,1,2,0
5,2535011.582,720257.8531,R5_F5_m5f5_P5_Y3_UO515,R5_F5_m5f5_P5_Y0_UO213,R5_F5_m-1f-1_P5_Y-1_U61,MXY,1,53.58243745753778,1,1,0.0,0,0,0,-9999.0,0.125,1,P4_CV0,3,1,1,1,1
5,2535011.582,720257.8531,R5_F5_m5f5_P5_Y3_UO397,R5_F5_m5f5_P5_Y1_UO281,R5_F5_m-1f-1_P5_Y-1_U7,FXX,1,53.58243745753778,1,1,2.857,0,0,0,-9999.0,0.125,1,P4_CV0,3,0,2,1,1
5,2535011.582,720257.8531,R5_F5_m5f5_P5_Y3_UO643,R5_F5_m5f5_P5_Y1_UO288,R5_F5_m5f5_P5_Y1_UO37,MXY,1,53.58243745753778,1,1,0.0,0,0,0,-9999.0,0.625,1,P4_CV0,3,1,1,0,2
5,2535011.582,720257.8531,R5_F5_m5f5_P5_Y3_UO119,R5_F5_m5f5_P5_Y1_UO227,R5_F5_m-1f-1_P5_Y-1_U11,FXX,1,53.58243745753778,1,1,1.0,0,0,0,-9999.0,0.25,1,P4_CV0,3,1,1,1,1
5,2535011.582,720257.8531,R5_F5_m5f5_P5_Y3_UO442,R5_F5_m-1f-1_P5_Y-1_U102,R5_F5_m5f5_P5_Y0_UO581,FXX,1,53.58243745753778,1,1,1.41,0,0,0,-9999.0,0.125,1,P4_CV0,3,1,1,1,1
5,2535011.582,720257.8531,R5_F5_m5f5_P5_Y3_UO430,R5_F5_m5f5_P5_Y1_UO341,R5_F5_m5f5_P5_Y1_UO107,MXY,1,53.58243745753778,1,1,0.0,0,0,0,-9999.0,0.375,1,P4_CV0,3,0,2,1,1
5,2535011.582,720257.8531,R5_F5_m5f5_P5_Y3_UO524,R5_F5_m5f5_P5_Y1_UO293,R5_F5_m5f5_P5_Y1_UO163,FXX,1,53.58243745753778,1,1,0.0,0,0,0,-9999.0,0.0,1,P4_CV0,3,0,2,1,1
5,2535011.582,720257.8531,R5_F5_m5f5_P5_Y3_UO120,R5_F5_m5f5_P5_Y1_UO227,R5_F5_m-1f-1_P5_Y-1_U11,FXX,1,53.58243745753778,1,1,1.558,0,0,0,-9999.0,0.25,1,P4_CV0,3,2,0,1,1
5,2535011.582,720257.8531,R5_F5_m5f5_P5_Y3_UO305,R5_F5_m-1f-1_P5_Y-1_U42,R5_F5_m5f5_P5_Y0_UO652,FXX,1,53.58243745753778,1,1,2.145,0,0,0,-9999.0,0.25,1,P4_CV0,3,0,2,1,1
5,2535011.582,720257.8531,R5_F5_m5f5_P5_Y3_UO508,R5_F5_m-1f-1_P5_Y-1_U0,R5_F5_m5f5_P5_Y1_UO43,MXY,1,53.58243745753778,1,1,0.0,0,0,0,-9999.0,0.5,1,P4_CV0,3,2,0,1,1
5,2535011.582,720257.8531,R5_F5_m5f5_P5_Y3_UO683,R5_F5_m5f5_P5_Y1_UO392,R5_F5_m5f5_P5_Y1_UO588,MXY,1,53.58243745753778,1,1,0.0,0,0,0,-9999.0,0.25,1,P4_CV0,3,1,1,1,1
5,2535011.582,720257.8531,R5_F5_m5f5_P5_Y3_UO772,R5_F5_m5f5_P5_Y1_UO280,R5_F5_m5f5_P5_Y1_UO504,FXX,1,53.58243745753778,1,1,1.0,0,0,0,-9999.0,0.25,1,P4_CV0,3,1,1,1,1
5,2535011.582,720257.8531,R5_F5_m5f5_P5_Y3_UO491,R5_F5_m5f5_P5_Y0_UO79,R5_F5_m5f5_P5_Y1_UO469,FXX,1,53.58243745753778,1,1,1.667,0,0,0,-9999.0,0.375,1,P4_CV0,3,1,1,1,1
5,2535011.582,720257.8531,R5_F5_m5f5_P5_Y3_UO160,R5_F5_m5f5_P5_Y1_UO411,R5_F5_m5f5_P5_Y0_UO393,MXY,1,53.58243745753778,1,1,0.0,0,0,0,-9999.0,0.375,1,P4_CV0,3,0,2,1,1
5,2535011.582,720257.8531,R5_F5_m5f5_P5_Y3_UO504,R5_F5_m-1f-1_P5_Y-1_U0,R5_F5_m5f5_P5_Y1_UO43,MXY,1,53.58243745753778,1,1,0.0,0,0,0,-9999.0,0.5,1,P4_CV0,3,2,0,1,1
5,2535011.582,720257.8531,R5_F5_m5f5_P5_Y3_UO136,R5_F5_m5f5_P5_Y1_UO553,R5_F5_m5f5_P5_Y0_UO246,FXX,1,53.58243745753778,1,1,0.0,0,0,0,-9999.0,0.5,1,P4_CV0,3,1,1,2,0
5,2535011.582,720257.8531,R5_F5_m5f5_P5_Y3_UO443,R5_F5_m-1f-1_P5_Y-1_U102,R5_F5_m5f5_P5_Y0_UO581,MXY,1,53.58243745753778,1,1,0.0,0,0,0,-9999.0,0.125,1,P4_CV0,3,1,1,2,0
5,2535011.582,720257.8531,R5_F5_m5f5_P5_Y3_UO307,R5_F5_m-1f-1_P5_Y-1_U42,R5_F5_m5f5_P5_Y0_UO652,FXX,1,53.58243745753778,1,1,0.0,0,0,0,-9999.0,0.25,1,P4_CV0,3,0,2,1,1
5,2535011.582,720257.8531,R5_F5_m5f5_P5_Y3_UO489,R5_F5_m5f5_P5_Y0_UO79,R5_F5_m5f5_P5_Y1_UO469,MXY,1,53.58243745753778,1,1,0.0,0,0,0,-9999.0,0.375,1,P4_CV0,3,1,1,1,1
5,2535011.582,720257.8531,R5_F5_m5f5_P5_Y3_UO514,R5_F5_m5f5_P5_Y0_UO213,R5_F5_m-1f-1_P5_Y-1_U61,MXY,1,53.58243745753778,1,1,0.0,0,0,0,-9999.0,0.125,1,P4_CV0,3,1,1,2,0
5,2535011.582,720257.8531,R5_F5_m5f5_P5_Y3_UO72,R5_F5_m5f5_P5_Y0_UO522,R5_F5_m5f5_P5_Y0_UO436,FXX,1,53.58243745753778,1,1,1.0,0,0,0,-9999.0,0.5,1,P4_CV0,3,1,1,1,1
5,2535011.582,720257.8531,R5_F5_m5f5_P5_Y3_UO127,R5_F5_m-1f-1_P5_Y-1_U89,R5_F5_m5f5_P5_Y0_UO512,MXY,1,53.58243745753778,1,1,0.0,0,0,0,-9999.0,0.75,1,P4_CV0,3,1,1,1,1
5,2535011.582,720257.8531,R5_F5_m5f5_P5_Y3_UO298,R5_F5_m5f5_P5_Y1_UO411,R5_F5_m5f5_P5_Y1_UO420,FXX,1,53.58243745753778,1,1,1.0,0,0,0,-9999.0,0.25,1,P4_CV0,3,0,2,0,2
5,2535011.582,720257.8531,R5_F5_m5f5_P5_Y3_UO594,R5_F5_m5f5_P5_Y0_UO213,R5_F5_m5f5_P5_Y1_UO532,MXY,1,53.58243745753778,1,1,0.0,0,0,0,-9999.0,0.375,1,P4_CV0,3,2,0,2,0
5,2535011.582,720257.8531,R5_F5_m5f5_P5_Y3_UO116,R5_F5_m5f5_P5_Y1_UO411,R5_F5_m5f5_P5_Y1_UO410,MXY,1,53.58243745753778,1,1,0.0,0,0,0,-9999.0,0.25,1,P4_CV0,3,1,1,1,1
5,2535011.582,720257.8531,R5_F5_m5f5_P5_Y2_UO517,R5_F5_m-1f-1_P5_Y-1_U12,R5_F5_m-1f-1_P5_Y-1_U44,MXY,2,85.9618688783828,1,0,0.0,0,0,0,-9999.0,0.5,1,P4_CV0,3,1,1,1,1
5,2535011.582,720257.8531,R5_F5_m5f5_P5_Y2_UO838,R5_F5_m5f5_P5_Y0_UO79,R5_F5_m5f5_P5_Y0_UO675,FXX,2,85.9618688783828,1,0,1.654,0,0,0,-9999.0,0.375,1,P4_CV0,3,1,1,2,0
5,2535011.582,720257.8531,R5_F5_m5f5_P5_Y2_UO265,R5_F5_m5f5_P5_Y0_UO766,R5_F5_m-1f-1_P5_Y-1_U43,FXX,2,85.9618688783828,1,0,0.0,0,0,0,-9999.0,0.375,1,P4_CV0,3,0,2,2,0
5,2535011.582,720257.8531,R5_F5_m5f5_P5_Y2_UO516,R5_F5_m-1f-1_P5_Y-1_U12,R5_F5_m-1f-1_P5_Y-1_U44,MXY,2,85.9618688783828,1,0,0.0,0,0,0,-9999.0,0.5,1,P4_CV0,3,1,1,1,1
5,2535011.582,720257.8531,R5_F5_m5f5_P5_Y2_UO541,R5_F5_m5f5_P5_Y0_UO766,R5_F5_m5f5_P5_Y0_UO512,MXY,2,85.9618688783828,1,0,0.0,0,0,0,-9999.0,0.625,1,P4_CV0,3,1,1,2,0
5,2535011.582,720257.8531,R5_F5_m5f5_P5_Y2_UO349,R5_F5_m-1f-1_P5_Y-1_U102,R5_F5_m-1f-1_P5_Y-1_U33,MXY,2,85.9618688783828,1,0,0.0,0,0,0,-9999.0,0.25,1,P4_CV0,3,0,2,2,0
5,2535011.582,720257.8531,R5_F5_m5f5_P5_Y2_UO210,RD5_F1_m-1f-1_P1_Y-1_U17,R5_F5_m-1f-1_P5_Y-1_U37,MXY,2,85.9618688783828,1,0,0.0,0,0,0,-9999.0,0.0,1,P4_CV0,3,0,2,0,2
5,2535011.582,720257.8531,R5_F5_m5f5_P5_Y2_UO351,R5_F5_m-1f-1_P5_Y-1_U102,R5_F5_m-1f-1_P5_Y-1_U33,MXY,2,85.9618688783828,1,0,0.0,0,0,0,-9999.0,0.25,1,P4_CV0,3,0,2,1,1
5,2535011.582,720257.8531,R5_F5_m5f5_P5_Y2_UO363,R5_F5_m5f5_P5_Y0_UO394,R5_F5_m5f5_P5_Y0_UO436,MXY,2,85.9618688783828,1,0,0.0,0,0,0,-9999.0,0.625,1,P4_CV0,3,1,1,1,1
5,2535011.582,720257.8531,R5_F5_m5f5_P5_Y2_UO514,R5_F5_m-1f-1_P5_Y-1_U12,R5_F5_m-1f-1_P5_Y-1_U44,MXY,2,85.9618688783828,1,0,0.0,0,0,0,-9999.0,0.5,1,P4_CV0,3,1,1,1,1
5,2535011.582,720257.8531,R5_F5_m5f5_P5_Y2_UO513,R5_F5_m-1f-1_P5_Y-1_U12,R5_F5_m-1f-1_P5_Y-1_U44,MXY,2,85.9618688783828,1,0,0.0,0,0,0,-9999.0,0.5,1,P4_CV0,3,1,1,0,2
5,2535011.582,720257.8531,R5_F5_m5f5_P5_Y2_UO274,R5_F5_m5f5_P5_Y0_UO213,R5_F5_m-1f-1_P5_Y-1_U123,MXY,2,85.9618688783828,1,0,0.0,0,0,0,-9999.0,0.125,1,P4_CV0,3,1,1,1,1
5,2535011.582,720257.8531,R5_F5_m5f5_P5_Y2_UO41,R5_F5_m5f5_P5_Y0_UO126,R5_F5_m5f5_P5_Y0_UO78,FXX,2,85.9618688783828,1,0,1.466,0,0,0,-9999.0,0.375,1,P4_CV0,3,0,2,0,2
5,2535011.582,720257.8531,R5_F5_m5f5_P5_Y2_UO365,R5_F5_m5f5_P5_Y0_UO394,R5_F5_m5f5_P5_Y0_UO436,MXY,2,85.9618688783828,1,0,0.0,0,0,0,-9999.0,0.625,1,P4_CV0,3,2,0,1,1
5,2535011.582,720257.8531,R5_F5_m5f5_P5_Y2_UO490,R5_F5_m-1f-1_P5_Y-1_U102,R5_F5_m5f5_P5_Y0_UO78,FXX,2,85.9618688783828,1,0,1.135,0,0,0,-9999.0,0.25,1,P4_CV0,3,0,2,1,1
5,2535011.582,720257.8531,R5_F5_m5f5_P5_Y2_UO207,RD5_F1_m-1f-1_P1_Y-1_U17,R5_F5_m-1f-1_P5_Y-1_U37,FXX,2,85.9618688783828,1,0,1.67,0,0,0,-9999.0,0.0,1,P4_CV0,3,0,2,1,1
5,2535011.582,720257.8531,R5_F5_m5f5_P5_Y2_UO37,R5_F5_m5f5_P5_Y0_UO126,R5_F5_m5f5_P5_Y0_UO78,FXX,2,85.9618688783828,1,0,0.0,0,0,0,-9999.0,0.375,1,P4_CV0,3,1,1,0,2
5,2535011.582,720257.8531,R5_F5_m5f5_P5_Y2_UO646,R5_F5_m-1f-1_P5_Y-1_U12,R5_F5_m5f5_P5_Y0_UO44,MXY,2,85.9618688783828,1,0,0.0,0,0,0,-9999.0,0.25,1,P4_CV0,3,1,1,1,1
5,2535011.582,720257.8531,R5_F5_m5f5_P5_Y2_UO184,R5_F5_m5f5_P5_Y0_UO213,R5_F5_m-1f-1_P5_Y-1_U38,FXX,2,85.9618688783828,1,0,2.353,0,0,0,-9999.0,0.625,1,P4_CV0,3,2,0,0,2
5,2535011.582,720257.8531,R5_F5_m5f5_P5_Y2_UO754,R5_F5_m5f5_P5_Y0_UO45,R5_F5_m-1f-1_P5_Y-1_U74,FXX,2,85.9618688783828,1,0,0.0,0,0,0,-9999.0,0.25,1,P4_CV0,3,1,1,1,1
5,2535011.582,720257.8531,R5_F5_m5f5_P5_Y2_UO304,R5_F5_m-1f-1_P5_Y-1_U102,R5_F5_m-1f-1_P5_Y-1_U7,MXY,2,85.9618688783828,1,0,0.0,0,0,0,-9999.0,0.0,1,P4_CV0,3,0,2,2,0
5,2535011.582,720257.8531,R5_F5_m5f5_P5_Y2_UO305,R5_F5_m-1f-1_P5_Y-1_U102,R5_F5_m-1f-1_P5_Y-1_U7,MXY,2,85.9618688783828,1,0,0.0,0,0,0,-9999.0,0.0,1,P4_CV0,3,0,2,1,1
5,2535011.582,720257.8531,R5_F5_m5f5_P5_Y2_UO542,R5_F5_m5f5_P5_Y0_UO766,R5_F5_m5f5_P5_Y0_UO512,MXY,2,85.9618688783828,1,0,0.0,0,0,0,-9999.0,0.625,1,P4_CV0,3,1,1,2,0
5,2535011.582,720257.8531,R5_F5_m5f5_P5_Y1_UO525,R5_F5_m-1f-1_P5_Y-1_U40,R5_F5_m-1f-1_P5_Y-1_U130,MXY,3,107.88961094013857,1,0,0.0,0,0,0,-9999.0,0.0,1,P4_CV0,3,0,2,1,1
5,2535011.582,720257.8531,R5_F5_m5f5_P5_Y1_UO107,R5_F5_m-1f-1_P5_Y-1_U114,R5_F5_m-1f-1_P5_Y-1_U24,MXY,3,107.88961094013857,1,0,0.0,0,0,0,-9999.0,0.5,1,P4_CV0,3,1,1,1,1
5,2535011.582,720257.8531,R5_F5_m5f5_P5_Y1_UO391,R5_F5_m-1f-1_P5_Y-1_U72,R5_F5_m-1f-1_P5_Y-1_U135,MXY,3,107.88961094013857,1,0,0.0,0,0,0,-9999.0,0.5,1,P4_CV0,3,0,2,0,2
5,2535011.582,720257.8531,R5_F5_m5f5_P5_Y1_UO627,R5_F5_m-1f-1_P5_Y-1_U21,R5_F5_m-1f-1_P5_Y-1_U128,MXY,3,107.88961094013857,1,0,0.0,0,0,0,-9999.0,0.5,1,P4_CV0,3,1,1,2,0
5,2535011.582,720257.8531,R5_F5_m5f5_P5_Y1_UO357,R5_F5_m-1f-1_P5_Y-1_U29,R5_F5_m-1f-1_P5_Y-1_U111,MXY,3,107.88961094013857,1,0,0.0,0,0,0,-9999.0,0.75,1,P4_CV0,3,2,0,1,1
5,2535011.582,720257.8531,R5_F5_m5f5_P5_Y1_UO139,R5_F5_m-1f-1_P5_Y-1_U40,R5_F5_m-1f-1_P5_Y-1_U38,MXY,3,107.88961094013857,1,0,0.0,0,0,0,-9999.0,0.5,1,P4_CV0,3,1,1,1,1
5,2535011.582,720257.8531,R5_F5_m5f5_P5_Y1_UO356,R5_F5_m-1f-1_P5_Y-1_U81,R5_F5_m-1f-1_P5_Y-1_U50,FXX,3,107.88961094013857,1,0,1.0,0,0,0,-9999.0,0.5,1,P4_CV0,3,1,1,2,0
5,2535011.582,720257.8531,R5_F5_m5f5_P5_Y1_UO13,R5_F5_m-1f-1_P5_Y-1_U122,R5_F5_m-1f-1_P5_Y-1_U14,FXX,3,107.88961094013857,1,0,1.242,0,0,0,-9999.0,0.75,1,P4_CV0,3,2,0,1,1
5,2535011.582,720257.8531,R5_F5_m5f5_P5_Y1_UO266,R5_F5_m-1f-1_P5_Y-1_U16,R5_F5_m-1f-1_P5_Y-1_U86,FXX,3,107.88961094013857,1,0,0.0,0,0,0,-9999.0,0.25,1,P4_CV0,3,1,1,0,2
5,2535011.582,720257.8531,R5_F5_m5f5_P5_Y1_UO286,R5_F5_m-1f-1_P5_Y-1_U29,R5_F5_m-1f-1_P5_Y-1_U132,MXY,3,107.88961094013857,1,0,0.0,0,0,0,-9999.0,0.5,1,P4_CV0,3,2,0,0,2
5,2535011.582,720257.8531,R5_F5_m5f5_P5_Y1_UO165,R5_F5_m-1f-1_P5_Y-1_U114,R5_F5_m-1f-1_P5_Y-1_U130,FXX,3,107.88961094013857,1,0,1.813,0,0,0,-9999.0,0.25,1,P4_CV0,3,1,1,1,1
5,2535011.582,720257.8531,R5_F5_m5f5_P5_Y1_UO588,R5_F5_m-1f-1_P5_Y-1_U15,R5_F5_m-1f-1_P5_Y-1_U74,MXY,3,107.88961094013857,1,0,0.0,0,0,0,-9999.0,0.0,1,P4_CV0,3,2,0,2,0
5,2535011.582,720257.8531,R5_F5_m5f5_P5_Y1_UO481,R5_F5_m-1f-1_P5_Y-1_U35,R5_F5_m-1f-1_P5_Y-1_U93,FXX,3,107.88961094013857,1,0,0.0,0,0,0,-9999.0,0.5,1,P4_CV0,3,1,1,0,2
5,2535011.582,720257.8531,R5_F5_m5f5_P5_Y1_UO524,R5_F5_m-1f-1_P5_Y-1_U40,R5_F5_m-1f-1_P5_Y-1_U130,MXY,3,107.88961094013857,1,0,0.0,0,0,0,-9999.0,0.0,1,P4_CV0,3,1,1,1,1
5,2535011.582,720257.8531,R5_F5_m5f5_P5_Y1_UO119,R5_F5_m-1f-1_P5_Y-1_U92,R5_F5_m-1f-1_P5_Y-1_U53,FXX,3,107.86913392180413,1,0,0.0,0,0,0,-9999.0,0.75,1,P4_CV0,3,0,2,2,0
5,2535011.582,720257.8531,R5_F5_m5f5_P5_Y1_UO526,R5_F5_m-1f-1_P5_Y-1_U78,R5_F5_m-1f-1_P5_Y-1_U31,MXY,3,107.86913392180413,1,0,0.0,0,0,0,-9999.0,0.5,1,P4_CV0,3,2,0,1,1
5,2535011.582,720257.8531,R5_F5_m5f5_P5_Y0_UO86,R5_F5_m-1f-1_P5_Y-1_U70,R5_F5_m-1f-1_P5_Y-1_U52,FXX,4,122.55671177505653,1,0,0.0,0,0,0,-9999.0,0.5,1,P4_CV0,3,1,1,2,0
5,2535011.582,720257.8531,R5_F5_m5f5_P5_Y0_UO213,R5_F5_m-1f-1_P5_Y-1_U51,R5_F5_m-1f-1_P5_Y-1_U17,FXX,4,122.55671177505653,1,0,1.645,0,0,0,-9999.0,0.25,1,P4_CV0,3,2,0,1,1
5,2535011.582,720257.8531,R5_F5_m5f5_P5_Y0_UO65,R5_F5_m-1f-1_P5_Y-1_U114,R5_F5_m-1f-1_P5_Y-1_U69,FXX,4,122.55671177505653,1,0,0.0,0,0,0,-9999.0,0.5,1,P4_CV0,3,2,0,0,2
5,2535011.582,720257.8531,R5_F5_m5f5_P5_Y0_UO520,R5_F5_m-1f-1_P5_Y-1_U40,R5_F5_m-1f-1_P5_Y-1_U23,MXY,4,122.55671177505653,1,0,0.0,0,0,0,-9999.0,0.25,1,P4_CV0,3,2,0,0,2
5,2535011.582,720257.8531,R5_F5_m5f5_P5_Y0_UO779,R5_F5_m-1f-1_P5_Y-1_U64,R5_F5_m-1f-1_P5_Y-1_U95,FXX,4,122.55671177505653,1,0,0.0,0,0,0,-9999.0,0.25,1,P4_CV0,3,1,1,2,0
5,2535011.582,720257.8531,R5_F5_m5f5_P5_Y0_UO778,R5_F5_m-1f-1_P5_Y-1_U64,R5_F5_m-1f-1_P5_Y-1_U95,MXY,4,122.55671177505653,1,0,0.0,0,0,0,-9999.0,0.25,1,P4_CV0,3,1,1,1,1
5,2535011.582,720257.8531,R5_F5_m5f5_P5_Y0_UO512,R5_F5_m-1f-1_P5_Y-1_U29,R5_F5_m-1f-1_P5_Y-1_U128,MXY,4,122.55671177505653,1,0,0.0,0,0,0,-9999.0,0.5,1,P4_CV0,3,1,1,1,1
5,2535011.582,720257.8531,R5_F5_m5f5_P5_Y0_UO513,R5_F5_m-1f-1_P5_Y-1_U29,R5_F5_m-1f-1_P5_Y-1_U128,FXX,4,122.55671177505653,1,0,1.0,0,0,0,-9999.0,0.5,1,P4_CV0,3,1,1,1,1
5,2535011.582,720257.8531,R5_F5_m5f5_P5_Y0_UO436,R5_F5_m-1f-1_P5_Y-1_U60,R5_F5_m-1f-1_P5_Y-1_U39,MXY,4,122.55671177505653,1,0,0.0,0,0,0,-9999.0,0.75,1,P4_CV0,3,2,0,1,1
5,2535011.582,720257.8531,R5_F5_m5f5_P5_Y0_UO694,R5_F5_m-1f-1_P5_Y-1_U29,R5_F5_m-1f-1_P5_Y-1_U67,FXX,4,122.55671177505653,1,0,1.559,0,0,0,-9999.0,0.5,1,P4_CV0,3,0,2,1,1
5,2535011.582,720257.8531,R5_F5_m5f5_P5_Y0_UO522,R5_F5_m-1f-1_P5_Y-1_U68,R5_F5_m-1f-1_P5_Y-1_U17,FXX,4,122.55671177505653,1,0,1.138,0,0,0,-9999.0,0.25,1,P4_CV0,3,1,1,0,2
5,2535011.582,720257.8531,R5_F5_m-1f-1_P5_Y-1_U33,-9999,-9999,MXY,5,131.24388539371338,1,0,0.0,0,0,0,-9999.0,0.5,1,P4_CV0,3,1,1,2,0
5,2535011.582,720257.8531,R5_F5_m-1f-1_P5_Y-1_U2,-9999,-9999,MXY,5,131.24388539371338,1,0,0.0,0,0,0,-9999.0,0.0,1,P4_CV0,3,0,2,0,2
5,2535011.582,720257.8531,R5_F5_m-1f-1_P5_Y-1_U48,-9999,-9999,FXX,5,131.24388539371338,1,0,0.0,0,0,0,-9999.0,0.5,1,P4_CV0,3,1,1,2,0
5,2535011.582,720257.8531,R5_F5_m-1f-1_P5_Y-1_U7,-9999,-9999,MXY,5,131.24388539371338,1,0,0.0,0,0,0,-9999.0,0.0,1,P4_CV0,3,0,2,1,1
5,2535011.582,720257.8531,R5_F5_m-1f-1_P5_Y-1_U74,-9999,-9999,MXY,5,131.24388539371338,1,0,0.0,0,0,0,-9999.0,0.0,1,P4_CV0,3,0,2,1,1
5,2535011.582,720257.8531,R5_F5_m-1f-1_P5_Y-1_U11,-9999,-9999,MXY,5,131.24388539371338,1,0,0.0,0,0,0,-9999.0,0.5,1,P4_CV0,3,1,1,1,1
6,2545325.475,726552.0418,Age0_F6_m6f6_P6_Y4_UO17,R6_F6_m6f6_P6_Y0_UO24,R6_F6_m6f6_P6_Y2_UO294,FXX,0,31.028211972837692,0,0,0.0,0,0,0,0.0,0.375,1,P5_CV0,3,1,1,0,2
6,2545325.475,726552.0418,Age0_F6_m6f6_P6_Y4_UO18,R6_F6_m6f6_P6_Y0_UO24,R6_F6_m6f6_P6_Y2_UO294,MXY,0,31.028211972837692,0,0,0.0,0,0,0,0.0,0.375,1,P5_CV0,3,1,1,1,1
6,2545325.475,726552.0418,Age0_F6_m6f6_P6_Y4_UO19,R6_F6_m6f6_P6_Y0_UO24,R6_F6_m6f6_P6_Y2_UO294,MXY,0,31.028211972837692,0,0,0.0,0,0,0,0.0,0.375,1,P5_CV0,3,1,1,1,1
6,2545325.475,726552.0418,Age0_F6_m6f6_P6_Y4_UO20,R6_F6_m6f6_P6_Y0_UO24,R6_F6_m6f6_P6_Y2_UO294,MXY,0,31.028211972837692,0,0,0.0,0,0,0,0.0,0.375,1,P5_CV0,3,1,1,1,1
6,2545325.475,726552.0418,Age0_F6_m6f6_P6_Y4_UO21,R6_F6_m6f6_P6_Y0_UO24,R6_F6_m6f6_P6_Y2_UO294,FXX,0,31.028211972837692,0,0,0.0,0,0,0,0.0,0.375,1,P5_CV0,3,1,1,1,1
6,2545325.475,726552.0418,Age0_F6_m6f6_P6_Y4_UO22,R6_F6_m6f6_P6_Y0_UO24,R6_F6_m6f6_P6_Y2_UO294,MXY,0,31.028211972837692,0,0,0.0,0,0,0,0.0,0.375,1,P5_CV0,3,1,1,1,1
6,2545325.475,726552.0418,Age0_F6_m6f6_P6_Y4_UO23,R6_F6_m6f6_P6_Y0_UO24,R6_F6_m6f6_P6_Y2_UO294,MXY,0,31.028211972837692,0,0,0.0,0,0,0,0.0,0.375,1,P5_CV0,3,1,1,2,0
6,2545325.475,726552.0418,Age0_F6_m6f6_P6_Y4_UO24,R6_F6_m6f6_P6_Y0_UO24,R6_F6_m6f6_P6_Y2_UO294,MXY,0,31.028211972837692,0,0,0.0,0,0,0,0.0,0.375,1,P5_CV0,3,1,1,1,1
6,2545325.475,726552.0418,Age0_F6_m6f6_P6_Y4_UO25,R6_F6_m6f6_P6_Y0_UO24,R6_F6_m6f6_P6_Y2_UO294,FXX,0,31.028211972837692,0,0,0.0,0,0,0,0.0,0.375,1,P5_CV0,3,1,1,0,2
6,2545325.475,726552.0418,Age0_F6_m6f6_P6_Y4_UO26,R6_F6_m6f6_P6_Y0_UO24,R6_F6_m6f6_P6_Y2_UO294,MXY,0,31.028211972837692,0,0,0.0,0,0,0,0.0,0.375,1,P5_CV0,3,1,1,0,2
6,2545325.475,726552.0418,Age0_F6_m6f6_P6_Y4_UO27,R6_F6_m6f6_P6_Y0_UO24,R6_F6_m6f6_P6_Y2_UO294,MXY,0,31.028211972837692,0,0,0.0,0,0,0,0.0,0.375,1,P5_CV0,3,1,1,1,1
6,2545325.475,726552.0418,Age0_F6_m6f6_P6_Y4_UO28,R6_F6_m6f6_P6_Y0_UO24,R6_F6_m6f6_P6_Y2_UO294,MXY,0,31.028211972837692,0,0,0.0,0,0,0,0.0,0.375,1,P5_CV0,3,1,1,0,2
6,2545325.475,726552.0418,Age0_F6_m6f6_P6_Y4_UO29,R6_F6_m6f6_P6_Y0_UO506,R6_F6_m6f6_P6_Y2_UO652,FXX,0,31.028211972837692,0,0,0.0,0,0,0,0.0,0.25,1,P5_CV0,3,1,1,2,0
6,2545325.475,726552.0418,Age0_F6_m6f6_P6_Y4_UO30,R6_F6_m6f6_P6_Y0_UO506,R6_F6_m6f6_P6_Y2_UO652,MXY,0,31.028211972837692,0,0,0.0,0,0,0,0.0,0.25,1,P5_CV0,3,1,1,2,0
6,2545325.475,726552.0418,Age0_F6_m6f6_P6_Y4_UO31,R6_F6_m6f6_P6_Y0_UO506,R6_F6_m6f6_P6_Y2_UO652,FXX,0,31.028211972837692,0,0,0.0,0,0,0,0.0,0.25,1,P5_CV0,3,1,1,2,0
6,2545325.475,726552.0418,Age0_F6_m6f6_P6_Y4_UO32,R6_F6_m6f6_P6_Y0_UO506,R6_F6_m6f6_P6_Y2_UO652,MXY,0,31.028211972837692,0,0,0.0,0,0,0,0.0,0.25,1,P5_CV0,3,1,1,2,0
6,2545325.475,726552.0418,Age0_F6_m6f6_P6_Y4_UO33,R6_F6_m6f6_P6_Y0_UO506,R6_F6_m6f6_P6_Y2_UO652,FXX,0,31.028211972837692,0,0,0.0,0,0,0,0.0,0.25,1,P5_CV0,3,1,1,2,0
6,2545325.475,726552.0418,Age0_F6_m6f6_P6_Y4_UO34,R6_F6_m6f6_P6_Y0_UO506,R6_F6_m6f6_P6_Y2_UO652,FXX,0,31.028211972837692,0,0,0.0,0,0,0,0.0,0.25,1,P5_CV0,3,1,1,2,0
6,2545325.475,726552.0418,Age0_F6_m6f6_P6_Y4_UO35,R6_F6_m6f6_P6_Y0_UO506,R6_F6_m6f6_P6_Y2_UO652,MXY,0,31.028211972837692,0,0,0.0,0,0,0,0.0,0.25,1,P5_CV0,3,1,1,2,0
6,2545325.475,726552.0418,Age0_F6_m6f6_P6_Y4_UO36,R6_F6_m6f6_P6_Y0_UO506,R6_F6_m6f6_P6_Y2_UO652,FXX,0,31.028211972837692,0,0,0.0,0,0,0,0.0,0.25,1,P5_CV0,3,1,1,2,0
6,2545325.475,726552.0418,Age0_F6_m6f6_P6_Y4_UO52,R6_F6_m6f6_P6_Y1_UO68,R6_F6_m-1f-1_P6_Y-1_U20,FXX,0,31.028211972837692,0,0,0.0,0,0,0,0.0,0.5,1,P5_CV0,3,0,2,0,2
6,2545325.475,726552.0418,Age0_F6_m6f6_P6_Y4_UO53,R6_F6_m6f6_P6_Y1_UO68,R6_F6_m-1f-1_P6_Y-1_U20,FXX,0,31.028211972837692,0,0,0.0,0,0,0,0.0,0.5,1,P5_CV0,3,1,1,1,1
6,2545325.475,726552.0418,Age0_F6_m6f6_P6_Y4_UO54,R6_F6_m6f6_P6_Y1_UO68,R6_F6_m-1f-1_P6_Y-1_U20,MXY,0,31.028211972837692,0,0,0.0,0,0,0,0.0,0.5,1,P5_CV0,3,0,2,2,0
6,2545325.475,726552.0418,Age0_F6_m6f6_P6_Y4_UO55,R6_F6_m6f6_P6_Y1_UO68,R6_F6_m-1f-1_P6_Y-1_U20,FXX,0,31.028211972837692,0,0,0.0,0,0,0,0.0,0.5,1,P5_CV0,3,0,2,0,2
6,2545325.475,726552.0418,Age0_F6_m6f6_P6_Y4_UO69,R6_F6_m6f6_P6_Y2_UO151,R6_F6_m6f6_P6_Y1_UO144,MXY,0,31.028211972837692,0,0,0.0,0,0,0,0.0,0.375,1,P5_CV0,3,1,1,0,2
6,2545325.475,726552.0418,Age0_F6_m6f6_P6_Y4_UO70,R6_F6_m6f6_P6_Y2_UO151,R6_F6_m6f6_P6_Y1_UO144,FXX,0,31.028211972837692,0,0,0.0,0,0,0,0.0,0.375,1,P5_CV0,3,0,2,1,1
6,2545325.475,726552.0418,Age0_F6_m6f6_P6_Y4_UO71,R6_F6_m6f6_P6_Y2_UO151,R6_F6_m6f6_P6_Y1_UO144,FXX,0,31.028211972837692,0,0,0.0,0,0,0,0.0,0.375,1,P5_CV0,3,1,1,0,2
6,2545325.475,726552.0418,Age0_F6_m6f6_P6_Y4_UO139,R6_F6_m6f6_P6_Y2_UO6,R6_F6_m-1f-1_P6_Y-1_U21,MXY,0,31.028211972837692,0,0,0.0,0,0,0,0.0,0.5,1,P5_CV0,3,2,0,1,1
6,2545325.475,726552.0418,Age0_F6_m6f6_P6_Y4_UO140,R6_F6_m6f6_P6_Y2_UO6,R6_F6_m-1f-1_P6_Y-1_U21,MXY,0,31.028211972837692,0,0,0.0,0,0,0,0.0,0.5,1,P5_CV0,3,1,1,1,1
6,2545325.475,726552.0418,Age0_F6_m6f6_P6_Y4_UO141,R6_F6_m6f6_P6_Y2_UO6,R6_F6_m-1f-1_P6_Y-1_U21,MXY,0,31.028211972837692,0,0,0.0,0,0,0,0.0,0.5,1,P5_CV0,3,2,0,0,2
6,2545325.475,726552.0418,Age0_F6_m6f6_P6_Y4_UO156,R6_F6_m6f6_P6_Y2_UO658,R6_F6_m6f6_P6_Y1_UO167,FXX,0,31.028211972837692,0,0,0.0,0,0,0,0.0,0.375,1,P5_CV0,3,1,1,1,1
6,2545325.475,726552.0418,Age0_F6_m6f6_P6_Y4_UO157,R6_F6_m6f6_P6_Y2_UO658,R6_F6_m6f6_P6_Y1_UO167,MXY,0,31.028211972837692,0,0,0.0,0,0,0,0.0,0.375,1,P5_CV0,3,1,1,0,2
6,2545325.475,726552.0418,Age0_F6_m6f6_P6_Y4_UO158,R6_F6_m6f6_P6_Y2_UO658,R6_F6_m6f6_P6_Y1_UO167,MXY,0,31.028211972837692,0,0,0.0,0,0,0,0.0,0.375,1,P5_CV0,3,1,1,1,1
6,2545325.475,726552.0418,Age0_F6_m6f6_P6_Y4_UO173,R6_F6_m6f6_P6_Y2_UO383,R6_F6_m6f6_P6_Y0_UO804,FXX,0,31.028211972837692,0,0,0.0,0,0,0,0.0,0.375,1,P5_CV0,3,1,1,1,1
6,2545325.475,726552.0418,Age0_F6_m6f6_P6_Y4_UO174,R6_F6_m6f6_P6_Y2_UO383,R6_F6_m6f6_P6_Y0_UO804,MXY,0,31.028211972837692,0,0,0.0,0,0,0,0.0,0.375,1,P5_CV0,3,0,2,1,1
6,2545325.475,726552.0418,Age0_F6_m6f6_P6_Y4_UO175,R6_F6_m6f6_P6_Y2_UO383,R6_F6_m6f6_P6_Y0_UO804,MXY,0,31.028211972837692,0,0,0.0,0,0,0,0.0,0.375,1,P5_CV0,3,1,1,1,1
6,2545325.475,726552.0418,Age0_F6_m6f6_P6_Y4_UO176,R6_F6_m6f6_P6_Y2_UO383,R6_F6_m6f6_P6_Y0_UO804,FXX,0,31.028211972837692,0,0,0.0,0,0,0,0.0,0.375,1,P5_CV0,3,1,1,1,1
6,2545325.475,726552.0418,Age0_F6_m6f6_P6_Y4_UO217,R6_F6_m6f6_P6_Y0_UO120,R6_F6_m6f6_P6_Y0_UO804,FXX,0,31.028211972837692,0,0,0.0,0,0,0,0.0,0.375,1,P5_CV0,3,0,2,0,2
6,2545325.475,726552.0418,Age0_F6_m6f6_P6_Y4_UO218,R6_F6_m6f6_P6_Y0_UO120,R6_F6_m6f6_P6_Y0_UO804,FXX,0,31.028211972837692,0,0,0.0,0,0,0,0.0,0.375,1,P5_CV0,3,0,2,0,2
6,2545325.475,726552.0418,Age0_F6_m6f6_P6_Y4_UO219,R6_F6_m6f6_P6_Y0_UO120,R6_F6_m6f6_P6_Y0_UO804,MXY,0,31.028211972837692,0,0,0.0,0,0,0,0.0,0.375,1,P5_CV0,3,0,2,0,2
6,2545325.475,726552.0418,Age0_F6_m6f6_P6_Y4_UO220,R6_F6_m6f6_P6_Y0_UO120,R6_F6_m6f6_P6_Y0_UO804,MXY,0,31.028211972837692,0,0,0.0,0,0,0,0.0,0.375,1,P5_CV0,3,0,2,0,2
6,2545325.475,726552.0418,Age0_F6_m6f6_P6_Y4_UO221,R6_F6_m6f6_P6_Y0_UO120,R6_F6_m6f6_P6_Y0_UO804,MXY,0,31.028211972837692,0,0,0.0,0,0,0,0.0,0.375,1,P5_CV0,3,0,2,0,2
6,2545325.475,726552.0418,Age0_F6_m6f6_P6_Y4_UO222,R6_F6_m6f6_P6_Y0_UO120,R6_F6_m6f6_P6_Y0_UO804,MXY,0,31.028211972837692,0,0,0.0,0,0,0,0.0,0.375,1,P5_CV0,3,0,2,0,2
6,2545325.475,726552.0418,Age0_F6_m6f6_P6_Y4_UO223,R6_F6_m6f6_P6_Y0_UO120,R6_F6_m6f6_P6_Y0_UO804,FXX,0,31.028211972837692,0,0,0.0,0,0,0,0.0,0.375,1,P5_CV0,3,0,2,0,2
6,2545325.475,726552.0418,Age0_F6_m6f6_P6_Y4_UO234,R6_F6_m6f6_P6_Y2_UO636,R6_F6_m6f6_P6_Y2_UO294,MXY,0,31.028211972837692,0,0,0.0,0,0,0,0.0,0.1875,1,P5_CV0,3,0,2,1,1
6,2545325.475,726552.0418,Age0_F6_m6f6_P6_Y4_UO235,R6_F6_m6f6_P6_Y2_UO636,R6_F6_m6f6_P6_Y2_UO294,FXX,0,31.028211972837692,0,0,0.0,0,0,0,0.0,0.1875,1,P5_CV0,3,0,2,1,1
6,2545325.475,726552.0418,Age0_F6_m6f6_P6_Y4_UO236,R6_F6_m6f6_P6_Y2_UO636,R6_F6_m6f6_P6_Y2_UO294,FXX,0,31.028211972837692,0,0,0.0,0,0,0,0.0,0.1875,1,P5_CV0,3,0,2,0,2
6,2545325.475,726552.0418,Age0_F6_m6f6_P6_Y4_UO239,R6_F6_m6f6_P6_Y0_UO506,R6_F6_m6f6_P6_Y1_UO322,FXX,0,31.028211972837692,0,0,0.0,0,0,0,0.0,0.25,1,P5_CV0,3,2,0,2,0
6,2545325.475,726552.0418,Age0_F6_m6f6_P6_Y4_UO240,R6_F6_m6f6_P6_Y0_UO506,R6_F6_m6f6_P6_Y1_UO322,FXX,0,31.028211972837692,0,0,0.0,0,0,0,0.0,0.25,1,P5_CV0,3,2,0,2,0
6,2545325.475,726552.0418,Age0_F6_m6f6_P6_Y4_UO241,R6_F6_m6f6_P6_Y0_UO506,R6_F6_m6f6_P6_Y1_UO322,FXX,0,31.028211972837692,0,0,0.0,0,0,0,0.0,0.25,1,P5_CV0,3,2,0,2,0
6,2545325.475,726552.0418,Age0_F6_m6f6_P6_Y4_UO242,R6_F6_m6f6_P6_Y0_UO506,R6_F6_m6f6_P6_Y1_UO322,MXY,0,31.028211972837692,0,0,0.0,0,0,0,0.0,0.25,1,P5_CV0,3,2,0,2,0
6,2545325.475,726552.0418,Age0_F6_m6f6_P6_Y4_UO243,R6_F6_m6f6_P6_Y0_UO506,R6_F6_m6f6_P6_Y1_UO322,FXX,0,31.028211972837692,0,0,0.0,0,0,0,0.0,0.25,1,P5_CV0,3,2,0,2,0
6,2545325.475,726552.0418,Age0_F6_m6f6_P6_Y4_UO244,R6_F6_m6f6_P6_Y0_UO506,R6_F6_m6f6_P6_Y1_UO322,MXY,0,31.028211972837692,0,0,0.0,0,0,0,0.0,0.25,1,P5_CV0,3,2,0,2,0
6,2545325.475,726552.0418,Age0_F6_m6f6_P6_Y4_UO245,R6_F6_m6f6_P6_Y0_UO506,R6_F6_m6f6_P6_Y1_UO322,MXY,0,31.028211972837692,0,0,0.0,0,0,0,0.0,0.25,1,P5_CV0,3,2,0,2,0
6,2545325.475,726552.0418,Age0_F6_m6f6_P6_Y4_UO246,R6_F6_m6f6_P6_Y0_UO506,R6_F6_m6f6_P6_Y1_UO322,FXX,0,31.028211972837692,0,0,0.0,0,0,0,0.0,0.25,1,P5_CV0,3,2,0,2,0
6,2545325.475,726552.0418,Age0_F6_m6f6_P6_Y4_UO247,R6_F6_m6f6_P6_Y0_UO506,R6_F6_m6f6_P6_Y1_UO322,MXY,0,31.028211972837692,0,0,0.0,0,0,0,0.0,0.25,1,P5_CV0,3,2,0,2,0
6,2545325.475,726552.0418,Age0_F6_m6f6_P6_Y4_UO248,R6_F6_m6f6_P6_Y0_UO506,R6_F6_m6f6_P6_Y1_UO322,MXY,0,31.028211972837692,0,0,0.0,0,0,0,0.0,0.25,1,P5_CV0,3,2,0,2,0
6,2545325.475,726552.0418,Age0_F6_m6f6_P6_Y4_UO249,R6_F6_m6f6_P6_Y0_UO506,R6_F6_m6f6_P6_Y1_UO322,MXY,0,31.028211972837692,0,0,0.0,0,0,0,0.0,0.25,1,P5_CV0,3,2,0,2,0
6,2545325.475,726552.0418,Age0_F6_m6f6_P6_Y4_UO250,R6_F6_m6f6_P6_Y0_UO506,R6_F6_m6f6_P6_Y1_UO322,MXY,0,31.028211972837692,0,0,0.0,0,0,0,0.0,0.25,1,P5_CV0,3,2,0,2,0
6,2545325.475,726552.0418,Age0_F6_m6f6_P6_Y4_UO251,R6_F6_m6f6_P6_Y0_UO506,R6_F6_m6f6_P6_Y1_UO322,MXY,0,31.028211972837692,0,0,0.0,0,0,0,0.0,0.25,1,P5_CV0,3,2,0,2,0
6,2545325.475,726552.0418,Age0_F6_m6f6_P6_Y4_UO271,R6_F6_m6f6_P6_Y2_UO6,R6_F6_m6f6_P6_Y1_UO147,MXY,0,31.028211972837692,0,0,0.0,0,0,0,0.0,0.375,1,P5_CV0,3,1,1,1,1
6,2545325.475,726552.0418,Age0_F6_m6f6_P6_Y4_UO272,R6_F6_m6f6_P6_Y2_UO6,R6_F6_m6f6_P6_Y1_UO147,MXY,0,31.028211972837692,0,0,0.0,0,0,0,0.0,0.375,1,P5_CV0,3,2,0,1,1
6,2545325.475,726552.0418,Age0_F6_m6f6_P6_Y4_UO275,R6_F6_m6f6_P6_Y2_UO565,R6_F6_m6f6_P6_Y1_UO480,FXX,0,31.028211972837692,0,0,0.0,0,0,0,0.0,0.6875,1,P5_CV0,3,2,0,1,1
6,2545325.475,726552.0418,Age0_F6_m6f6_P6_Y4_UO276,R6_F6_m6f6_P6_Y2_UO565,R6_F6_m6f6_P6_Y1_UO480,MXY,0,31.028211972837692,0,0,0.0,0,0,0,0.0,0.6875,1,P5_CV0,3,2,0,1,1
6,2545325.475,726552.0418,Age0_F6_m6f6_P6_Y4_UO277,R6_F6_m6f6_P6_Y2_UO565,R6_F6_m6f6_P6_Y1_UO480,FXX,0,31.028211972837692,0,0,0.0,0,0,0,0.0,0.6875,1,P5_CV0,3,2,0,1,1
6,2545325.475,726552.0418,Age0_F6_m6f6_P6_Y4_UO278,R6_F6_m6f6_P6_Y2_UO565,R6_F6_m6f6_P6_Y1_UO480,MXY,0,31.028211972837692,0,0,0.0,0,0,0,0.0,0.6875,1,P5_CV0,3,2,0,1,1
6,2545325.475,726552.0418,Age0_F6_m6f6_P6_Y4_UO308,R6_F6_m6f6_P6_Y2_UO422,R6_F6_m6f6_P6_Y2_UO269,FXX,0,31.028211972837692,0,0,0.0,0,0,0,0.0,0.4375,1,P5_CV0,3,0,2,1,1
6,2545325.475,726552.0418,Age0_F6_m6f6_P6_Y4_UO309,R6_F6_m6f6_P6_Y2_UO422,R6_F6_m6f6_P6_Y2_UO269,MXY,0,31.028211972837692,0,0,0.0,0,0,0,0.0,0.4375,1,P5_CV0,3,0,2,2,0
6,2545325.475,726552.0418,Age0_F6_m6f6_P6_Y4_UO310,R6_F6_m6f6_P6_Y2_UO422,R6_F6_m6f6_P6_Y2_UO269,MXY,0,31.028211972837692,0,0,0.0,0,0,0,0.0,0.4375,1,P5_CV0,3,0,2,2,0
6,2545325.475,726552.0418,Age0_F6_m6f6_P6_Y4_UO311,R6_F6_m6f6_P6_Y2_UO422,R6_F6_m6f6_P6_Y2_UO269,FXX,0,31.028211972837692,0,0,0.0,0,0,0,0.0,0.4375,1,P5_CV0,3,0,2,2,0
6,2545325.475,726552.0418,Age0_F6_m6f6_P6_Y4_UO312,R6_F6_m6f6_P6_Y2_UO422,R6_F6_m6f6_P6_Y2_UO269,MXY,0,31.028211972837692,0,0,0.0,0,0,0,0.0,0.4375,1,P5_CV0,3,1,1,2,0
6,2545325.475,726552.0418,Age0_F6_m6f6_P6_Y4_UO313,R6_F6_m6f6_P6_Y2_UO422,R6_F6_m6f6_P6_Y2_UO269,MXY,0,31.028211972837692,0,0,0.0,0,0,0,0.0,0.4375,1,P5_CV0,3,0,2,2,0
6,2545325.475,726552.0418,Age0_F6_m6f6_P6_Y4_UO314,R6_F6_m6f6_P6_Y2_UO422,R6_F6_m6f6_P6_Y2_UO269,MXY,0,31.028211972837692,0,0,0.0,0,0,0,0.0,0.4375,1,P5_CV0,3,1,1,1,1
6,2545325.475,726552.0418,Age0_F6_m6f6_P6_Y4_UO315,R6_F6_m6f6_P6_Y2_UO422,R6_F6_m6f6_P6_Y2_UO269,MXY,0,31.028211972837692,0,0,0.0,0,0,0,0.0,0.4375,1,P5_CV0,3,0,2,2,0
6,2545325.475,726552.0418,Age0_F6_m6f6_P6_Y4_UO387,R6_F6_m6f6_P6_Y2_UO177,R6_F6_m6f6_P6_Y2_UO423,MXY,0,31.028211972837692,0,0,0.0,0,0,0,0.0,0.3125,1,P5_CV0,3,1,1,2,0
6,2545325.475,726552.0418,Age0_F6_m6f6_P6_Y4_UO388,R6_F6_m6f6_P6_Y2_UO177,R6_F6_m6f6_P6_Y2_UO423,FXX,0,31.028211972837692,0,0,0.0,0,0,0,0.0,0.3125,1,P5_CV0,3,1,1,2,0
6,2545325.475,726552.0418,Age0_F6_m6f6_P6_Y4_UO445,R6_F6_m6f6_P6_Y2_UO559,R6_F6_m6f6_P6_Y2_UO267,MXY,0,31.028211972837692,0,0,0.0,0,0,0,0.0,0.375,1,P5_CV0,3,1,1,1,1
6,2545325.475,726552.0418,Age0_F6_m6f6_P6_Y4_UO446,R6_F6_m6f6_P6_Y2_UO559,R6_F6_m6f6_P6_Y2_UO267,MXY,0,31.028211972837692,0,0,0.0,0,0,0,0.0,0.375,1,P5_CV0,3,1,1,2,0
6,2545325.475,726552.0418,Age0_F6_m6f6_P6_Y4_UO447,R6_F6_m6f6_P6_Y2_UO559,R6_F6_m6f6_P6_Y2_UO267,FXX,0,31.028211972837692,0,0,0.0,0,0,0,0.0,0.375,1,P5_CV0,3,0,2,2,0
6,2545325.475,726552.0418,Age0_F6_m6f6_P6_Y4_UO448,R6_F6_m6f6_P6_Y2_UO559,R6_F6_m6f6_P6_Y2_UO267,FXX,0,31.028211972837692,0,0,0.0,0,0,0,0.0,0.375,1,P5_CV0,3,1,1,2,0
6,2545325.475,726552.0418,Age0_F6_m6f6_P6_Y4_UO449,R6_F6_m6f6_P6_Y2_UO559,R6_F6_m6f6_P6_Y2_UO267,MXY,0,31.028211972837692,0,0,0.0,0,0,0,0.0,0.375,1,P5_CV0,3,0,2,1,1
6,2545325.475,726552.0418,Age0_F6_m6f6_P6_Y4_UO504,R6_F6_m6f6_P6_Y2_UO636,R6_F6_m6f6_P6_Y0_UO153,FXX,0,31.028211972837692,0,0,0.0,0,0,0,0.0,0.1875,1,P5_CV0,3,2,0,0,2
6,2545325.475,726552.0418,Age0_F6_m6f6_P6_Y4_UO505,R6_F6_m6f6_P6_Y2_UO636,R6_F6_m6f6_P6_Y0_UO153,FXX,0,31.028211972837692,0,0,0.0,0,0,0,0.0,0.1875,1,P5_CV0,3,0,2,0,2
6,2545325.475,726552.0418,Age0_F6_m6f6_P6_Y4_UO506,R6_F6_m6f6_P6_Y2_UO636,R6_F6_m6f6_P6_Y0_UO153,MXY,0,31.028211972837692,0,0,0.0,0,0,0,0.0,0.1875,1,P5_CV0,3,0,2,0,2
6,2545325.475,726552.0418,Age0_F6_m6f6_P6_Y4_UO507,R6_F6_m6f6_P6_Y2_UO636,R6_F6_m6f6_P6_Y0_UO153,MXY,0,31.028211972837692,0,0,0.0,0,0,0,0.0,0.1875,1,P5_CV0,3,1,1,0,2
6,2545325.475,726552.0418,Age0_F6_m6f6_P6_Y4_UO529,R6_F6_m6f6_P6_Y2_UO383,R6_F6_m-1f-1_P6_Y-1_U20,FXX,0,31.028211972837692,0,0,0.0,0,0,0,0.0,0.5,1,P5_CV0,3,0,2,1,1
6,2545325.475,726552.0418,Age0_F6_m6f6_P6_Y4_UO530,R6_F6_m6f6_P6_Y2_UO383,R6_F6_m-1f-1_P6_Y-1_U20,FXX,0,31.028211972837692,0,0,0.0,0,0,0,0.0,0.5,1,P5_CV0,3,1,1,2,0
6,2545325.475,726552.0418,Age0_F6_m6f6_P6_Y4_UO531,R6_F6_m6f6_P6_Y2_UO383,R6_F6_m-1f-1_P6_Y-1_U20,MXY,0,31.028211972837692,0,0,0.0,0,0,0,0.0,0.5,1,P5_CV0,3,0,2,1,1
6,2545325.475,726552.0418,Age0_F6_m6f6_P6_Y4_UO532,R6_F6_m6f6_P6_Y2_UO383,R6_F6_m-1f-1_P6_Y-1_U20,MXY,0,31.028211972837692,0,0,0.0,0,0,0,0.0,0.5,1,P5_CV0,3,1,1,1,1
6,2545325.475,726552.0418,Age0_F6_m6f6_P6_Y4_UO539,R6_F6_m6f6_P6_Y2_UO801,R6_F6_m6f6_P6_Y2_UO385,MXY,0,31.028211972837692,0,0,0.0,0,0,0,0.0,0.375,1,P5_CV0,3,1,1,1,1
6,2545325.475,726552.0418,Age0_F6_m6f6_P6_Y4_UO540,R6_F6_m6f6_P6_Y2_UO801,R6_F6_m6f6_P6_Y2_UO385,MXY,0,31.028211972837692,0,0,0.0,0,0,0,0.0,0.375,1,P5_CV0,3,1,1,2,0
6,2545325.475,726552.0418,Age0_F6_m6f6_P6_Y4_UO541,R6_F6_m6f6_P6_Y2_UO801,R6_F6_m6f6_P6_Y2_UO385,MXY,0,31.028211972837692,0,0,0.0,0,0,0,0.0,0.375,1,P5_CV0,3,1,1,1,1
6,2545325.475,726552.0418,Age0_F6_m6f6_P6_Y4_UO542,R6_F6_m6f6_P6_Y2_UO801,R6_F6_m6f6_P6_Y2_UO385,FXX,0,31.028211972837692,0,0,0.0,0,0,0,0.0,0.375,1,P5_CV0,3,0,2,1,1
6,2545325.475,726552.0418,Age0_F6_m6f6_P6_Y4_UO552,R6_F6_m6f6_P6_Y1_UO68,R6_F6_m6f6_P6_Y0_UO495,FXX,0,31.028211972837692,0,0,0.0,0,0,0,0.0,0.625,1,P5_CV0,3,1,1,0,2
6,2545325.475,726552.0418,Age0_F6_m6f6_P6_Y4_UO553,R6_F6_m6f6_P6_Y1_UO68,R6_F6_m6f6_P6_Y0_UO495,MXY,0,31.028211972837692,0,0,0.0,0,0,0,0.0,0.625,1,P5_CV0,3,1,1,2,0
6,2545325.475,726552.0418,Age0_F6_m6f6_P6_Y4_UO554,R6_F6_m6f6_P6_Y1_UO68,R6_F6_m6f6_P6_Y0_UO495,FXX,0,31.028211972837692,0,0,0.0,0,0,0,0.0,0.625,1,P5_CV0,3,0,2,1,1
6,2545325.475,726552.0418,Age0_F6_m6f6_P6_Y4_UO555,R6_F6_m6f6_P6_Y1_UO68,R6_F6_m6f6_P6_Y0_UO495,MXY,0,31.028211972837692,0,0,0.0,0,0,0,0.0,0.625,1,P5_CV0,3,0,2,0,2
6,2545325.475,726552.0418,Age0_F6_m6f6_P6_Y4_UO556,R6_F6_m6f6_P6_Y1_UO68,R6_F6_m6f6_P6_Y0_UO495,FXX,0,31.028211972837692,0,0,0.0,0,0,0,0.0,0.625,1,P5_CV0,3,1,1,0,2
6,2545325.475,726552.0418,Age0_F6_m6f6_P6_Y4_UO557,R6_F6_m6f6_P6_Y1_UO68,R6_F6_m6f6_P6_Y0_UO495,FXX,0,31.028211972837692,0,0,0.0,0,0,0,0.0,0.625,1,P5_CV0,3,0,2,0,2
6,2545325.475,726552.0418,Age0_F6_m6f6_P6_Y4_UO568,R6_F6_m6f6_P6_Y2_UO636,R6_F6_m6f6_P6_Y2_UO560,MXY,0,31.028211972837692,0,0,0.0,0,0,0,0.0,0.1875,1,P5_CV0,3,2,0,0,2
6,2545325.475,726552.0418,Age0_F6_m6f6_P6_Y4_UO569,R6_F6_m6f6_P6_Y2_UO636,R6_F6_m6f6_P6_Y2_UO560,MXY,0,31.028211972837692,0,0,0.0,0,0,0,0.0,0.1875,1,P5_CV0,3,1,1,1,1
6,2545325.475,726552.0418,Age0_F6_m6f6_P6_Y4_UO570,R6_F6_m6f6_P6_Y2_UO636,R6_F6_m6f6_P6_Y2_UO560,FXX,0,31.028211972837692,0,0,0.0,0,0,0,0.0,0.1875,1,P5_CV0,3,1,1,0,2
6,2545325.475,726552.0418,Age0_F6_m6f6_P6_Y4_UO571,R6_F6_m6f6_P6_Y2_UO636,R6_F6_m6f6_P6_Y2_UO560,MXY,0,31.028211972837692,0,0,0.0,0,0,0,0.0,0.1875,1,P5_CV0,3,1,1,0,2
6,2545325.475,726552.0418,Age0_F6_m6f6_P6_Y4_UO572,R6_F6_m6f6_P6_Y2_UO636,R6_F6_m6f6_P6_Y2_UO560,FXX,0,31.028211972837692,0,0,0.0,0,0,0,0.0,0.1875,1,P5_CV0,3,2,0,0,2
6,2545325.475,726552.0418,Age0_F6_m6f6_P6_Y4_UO609,R6_F6_m6f6_P6_Y1_UO358,R6_F6_m6f6_P6_Y0_UO153,FXX,0,31.028211972837692,0,0,0.0,0,0,0,0.0,0.375,1,P5_CV0,3,1,1,0,2
6,2545325.475,726552.0418,Age0_F6_m6f6_P6_Y4_UO610,R6_F6_m6f6_P6_Y1_UO358,R6_F6_m6f6_P6_Y0_UO153,MXY,0,31.028211972837692,0,0,0.0,0,0,0,0.0,0.375,1,P5_CV0,3,1,1,0,2
6,2545325.475,726552.0418,Age0_F6_m6f6_P6_Y4_UO611,R6_F6_m6f6_P6_Y1_UO358,R6_F6_m6f6_P6_Y0_UO153,MXY,0,31.028211972837692,0,0,0.0,0,0,0,0.0,0.375,1,P5_CV0,3,2,0,0,2
6,2545325.475,726552.0418,Age0_F6_m6f6_P6_Y4_UO612,R6_F6_m6f6_P6_Y1_UO358,R6_F6_m6f6_P6_Y0_UO153,FXX,0,31.028211972837692,0,0,0.0,0,0,0,0.0,0.375,1,P5_CV0,3,1,1,1,1
6,2545325.475,726552.0418,Age0_F6_m6f6_P6_Y4_UO613,R6_F6_m6f6_P6_Y2_UO658,R6_F6_m6f6_P6_Y1_UO66,MXY,0,31.028211972837692,0,0,0.0,0,0,0,0.0,0.25,1,P5_CV0,3,0,2,1,1
6,2545325.475,726552.0418,Age0_F6_m6f6_P6_Y4_UO614,R6_F6_m6f6_P6_Y2_UO658,R6_F6_m6f6_P6_Y1_UO66,MXY,0,31.028211972837692,0,0,0.0,0,0,0,0.0,0.25,1,P5_CV0,3,0,2,0,2
6,2545325.475,726552.0418,Age0_F6_m6f6_P6_Y4_UO615,R6_F6_m6f6_P6_Y2_UO658,R6_F6_m6f6_P6_Y1_UO66,FXX,0,31.028211972837692,0,0,0.0,0,0,0,0.0,0.25,1,P5_CV0,3,0,2,2,0
6,2545325.475,726552.0418,Age0_F6_m6f6_P6_Y4_UO616,R6_F6_m6f6_P6_Y2_UO658,R6_F6_m6f6_P6_Y1_UO66,FXX,0,31.028211972837692,0,0,0.0,0,0,0,0.0,0.25,1,P5_CV0,3,0,2,1,1
6,2545325.475,726552.0418,Age0_F6_m6f6_P6_Y4_UO617,R6_F6_m6f6_P6_Y2_UO658,R6_F6_m6f6_P6_Y1_UO66,MXY,0,31.028211972837692,0,0,0.0,0,0,0,0.0,0.25,1,P5_CV0,3,0,2,0,2
6,2545325.475,726552.0418,Age0_F6_m6f6_P6_Y4_UO618,R6_F6_m6f6_P6_Y2_UO658,R6_F6_m6f6_P6_Y1_UO66,FXX,0,31.028211972837692,0,0,0.0,0,0,0,0.0,0.25,1,P5_CV0,3,0,2,2,0
6,2545325.475,726552.0418,Age0_F6_m6f6_P6_Y4_UO640,R6_F6_m6f6_P6_Y2_UO561,R6_F6_m6f6_P6_Y0_UO191,FXX,0,31.028211972837692,0,0,0.0,0,0,0,0.0,0.375,1,P5_CV0,3,0,2,1,1
6,2545325.475,726552.0418,Age0_F6_m6f6_P6_Y4_UO641,R6_F6_m6f6_P6_Y2_UO561,R6_F6_m6f6_P6_Y0_UO191,MXY,0,31.028211972837692,0,0,0.0,0,0,0,0.0,0.375,1,P5_CV0,3,1,1,1,1
6,2545325.475,726552.0418,Age0_F6_m6f6_P6_Y4_UO642,R6_F6_m6f6_P6_Y2_UO561,R6_F6_m6f6_P6_Y0_UO191,MXY,0,31.028211972837692,0,0,0.0,0,0,0,0.0,0.375,1,P5_CV0,3,2,0,0,2
6,2545325.475,726552.0418,Age0_F6_m6f6_P6_Y4_UO643,R6_F6_m6f6_P6_Y2_UO561,R6_F6_m6f6_P6_Y0_UO191,FXX,0,31.028211972837692,0,0,0.0,0,0,0,0.0,0.375,1,P5_CV0,3,1,1,1,1
6,2545325.475,726552.0418,Age0_F6_m6f6_P6_Y4_UO644,R6_F6_m6f6_P6_Y2_UO561,R6_F6_m6f6_P6_Y0_UO191,MXY,0,31.028211972837692,0,0,0.0,0,0,0,0.0,0.375,1,P5_CV0,3,1,1,1,1
6,2545325.475,726552.0418,Age0_F6_m6f6_P6_Y4_UO708,R6_F6_m6f6_P6_Y2_UO651,R6_F6_m6f6_P6_Y2_UO473,FXX,0,31.028211972837692,0,0,0.0,0,0,0,0.0,0.5,1,P5_CV0,3,1,1,0,2
6,2545325.475,726552.0418,Age0_F6_m6f6_P6_Y4_UO709,R6_F6_m6f6_P6_Y2_UO651,R6_F6_m6f6_P6_Y2_UO473,FXX,0,31.028211972837692,0,0,0.0,0,0,0,0.0,0.5,1,P5_CV0,3,1,1,0,2
6,2545325.475,726552.0418,Age0_F6_m6f6_P6_Y4_UO720,R6_F6_m6f6_P6_Y1_UO238,R6_F6_m6f6_P6_Y1_UO480,FXX,0,31.028211972837692,0,0,0.0,0,0,0,0.0,0.625,1,P5_CV0,3,0,2,0,2
6,2545325.475,726552.0418,Age0_F6_m6f6_P6_Y4_UO721,R6_F6_m6f6_P6_Y1_UO238,R6_F6_m6f6_P6_Y1_UO480,FXX,0,31.028211972837692,0,0,0.0,0,0,0,0.0,0.625,1,P5_CV0,3,1,1,1,1
6,2545325.475,726552.0418,Age0_F6_m6f6_P6_Y4_UO722,R6_F6_m6f6_P6_Y1_UO238,R6_F6_m6f6_P6_Y1_UO480,MXY,0,31.028211972837692,0,0,0.0,0,0,0,0.0,0.625,1,P5_CV0,3,1,1,2,0
6,2545325.475,726552.0418,Age0_F6_m6f6_P6_Y4_UO777,R6_F6_m6f6_P6_Y1_UO238,R6_F6_m6f6_P6_Y1_UO66,MXY,0,31.028211972837692,0,0,0.0,0,0,0,0.0,0.375,1,P5_CV0,3,1,1,0,2
6,2545325.475,726552.0418,Age0_F6_m6f6_P6_Y4_UO778,R6_F6_m6f6_P6_Y1_UO238,R6_F6_m6f6_P6_Y1_UO66,FXX,0,31.028211972837692,0,0,0.0,0,0,0,0.0,0.375,1,P5_CV0,3,0,2,1,1
6,2545325.475,726552.0418,Age0_F6_m6f6_P6_Y4_UO779,R6_F6_m6f6_P6_Y1_UO238,R6_F6_m6f6_P6_Y1_UO66,MXY,0,31.028211972837692,0,0,0.0,0,0,0,0.0,0.375,1,P5_CV0,3,0,2,1,1
6,2545325.475,726552.0418,Age0_F6_m6f6_P6_Y4_UO780,R6_F6_m6f6_P6_Y1_UO238,R6_F6_m6f6_P6_Y1_UO66,FXX,0,31.028211972837692,0,0,0.0,0,0,0,0.0,0.375,1,P5_CV0,3,1,1,2,0
6,2545325.475,726552.0418,Age0_F6_m6f6_P6_Y4_UO781,R6_F6_m6f6_P6_Y1_UO238,R6_F6_m6f6_P6_Y1_UO66,MXY,0,31.028211972837692,0,0,0.0,0,0,0,0.0,0.375,1,P5_CV0,3,0,2,1,1
6,2545325.475,726552.0418,Age0_F6_m6f6_P6_Y4_UO850,R6_F6_m6f6_P6_Y2_UO636,R6_F6_m6f6_P6_Y2_UO267,FXX,0,31.028211972837692,0,0,0.0,0,0,0,0.0,0.3125,1,P5_CV0,3,0,2,1,1
6,2545325.475,726552.0418,Age0_F6_m6f6_P6_Y4_UO851,R6_F6_m6f6_P6_Y2_UO636,R6_F6_m6f6_P6_Y2_UO267,MXY,0,31.028211972837692,0,0,0.0,0,0,0,0.0,0.3125,1,P5_CV0,3,1,1,1,1
6,2545325.475,726552.0418,Age0_F6_m6f6_P6_Y4_UO852,R6_F6_m6f6_P6_Y2_UO636,R6_F6_m6f6_P6_Y2_UO267,FXX,0,31.028211972837692,0,0,0.0,0,0,0,0.0,0.3125,1,P5_CV0,3,0,2,1,1
6,2545325.475,726552.0418,Age0_F6_m6f6_P6_Y4_UO853,R6_F6_m6f6_P6_Y2_UO636,R6_F6_m6f6_P6_Y2_UO267,FXX,0,31.028211972837692,0,0,0.0,0,0,0,0.0,0.3125,1,P5_CV0,3,0,2,1,1
6,2545325.475,726552.0418,Age0_F6_m6f6_P6_Y4_UO854,R6_F6_m6f6_P6_Y2_UO636,R6_F6_m6f6_P6_Y2_UO267,FXX,0,31.028211972837692,0,0,0.0,0,0,0,0.0,0.3125,1,P5_CV0,3,0,2,1,1
6,2545325.475,726552.0418,Age0_F6_m6f6_P6_Y4_UO855,R6_F6_m6f6_P6_Y2_UO636,R6_F6_m6f6_P6_Y2_UO267,MXY,0,31.028211972837692,0,0,0.0,0,0,0,0.0,0.3125,1,P5_CV0,3,0,2,1,1
6,2545325.475,726552.0418,Age0_F6_m6f6_P6_Y4_UO856,R6_F6_m6f6_P6_Y2_UO650,R6_F6_m6f6_P6_Y2_UO393,MXY,0,31.028211972837692,0,0,0.0,0,0,0,0.0,0.375,1,P5_CV0,3,0,2,2,0
6,2545325.475,726552.0418,Age0_F6_m6f6_P6_Y4_UO857,R6_F6_m6f6_P6_Y2_UO650,R6_F6_m6f6_P6_Y2_UO393,FXX,0,31.028211972837692,0,0,0.0,0,0,0,0.0,0.375,1,P5_CV0,3,1,1,2,0
6,2545325.475,726552.0418,Age0_F6_m6f6_P6_Y4_UO858,R6_F6_m6f6_P6_Y2_UO650,R6_F6_m6f6_P6_Y2_UO393,MXY,0,31.028211972837692,0,0,0.0,0,0,0,0.0,0.375,1,P5_CV0,3,1,1,2,0
6,2545325.475,726552.0418,Age0_F6_m6f6_P6_Y4_UO859,R6_F6_m6f6_P6_Y2_UO650,R6_F6_m6f6_P6_Y2_UO393,FXX,0,31.028211972837692,0,0,0.0,0,0,0,0.0,0.375,1,P5_CV0,3,0,2,1,1
6,2545325.475,726552.0418,Age0_F6_m6f6_P6_Y4_UO860,R6_F6_m6f6_P6_Y2_UO650,R6_F6_m6f6_P6_Y2_UO393,FXX,0,31.028211972837692,0,0,0.0,0,0,0,0.0,0.375,1,P5_CV0,3,1,1,2,0
6,2545325.475,726552.0418,Age0_F6_m6f6_P6_Y4_UO883,R6_F6_m6f6_P6_Y2_UO636,R6_F6_m6f6_P6_Y0_UO495,FXX,0,31.028211972837692,0,0,0.0,0,0,0,0.0,0.4375,1,P5_CV0,3,1,1,1,1
6,2545325.475,726552.0418,Age0_F6_m6f6_P6_Y4_UO884,R6_F6_m6f6_P6_Y2_UO636,R6_F6_m6f6_P6_Y0_UO495,FXX,0,31.028211972837692,0,0,0.0,0,0,0,0.0,0.4375,1,P5_CV0,3,2,0,1,1
6,2545325.475,726552.0418,Age0_F6_m6f6_P6_Y4_UO885,R6_F6_m6f6_P6_Y2_UO636,R6_F6_m6f6_P6_Y0_UO495,FXX,0,31.028211972837692,0,0,0.0,0,0,0,0.0,0.4375,1,P5_CV0,3,1,1,0,2
6,2545325.475,726552.0418,Age0_F6_m6f6_P6_Y4_UO886,R6_F6_m6f6_P6_Y2_UO636,R6_F6_m6f6_P6_Y0_UO495,MXY,0,31.028211972837692,0,0,0.0,0,0,0,0.0,0.4375,1,P5_CV0,3,0,2,1,1
6,2545325.475,726552.0418,Age0_F6_m6f6_P6_Y4_UO887,R6_F6_m6f6_P6_Y2_UO636,R6_F6_m6f6_P6_Y0_UO495,FXX,0,31.028211972837692,0,0,0.0,0,0,0,0.0,0.4375,1,P5_CV0,3,2,0,1,1
6,2545325.475,726552.0418,Age0_F6_m6f6_P6_Y4_UO894,R6_F6_m6f6_P6_Y2_UO429,R6_F6_m6f6_P6_Y2_UO393,FXX,0,31.028211972837692,0,0,0.0,0,0,0,0.0,0.4375,1,P5_CV0,3,1,1,1,1
6,2545325.475,726552.0418,Age0_F6_m6f6_P6_Y4_UO895,R6_F6_m6f6_P6_Y2_UO429,R6_F6_m6f6_P6_Y2_UO393,FXX,0,31.028211972837692,0,0,0.0,0,0,0,0.0,0.4375,1,P5_CV0,3,2,0,1,1
6,2545325.475,726552.0418,Age0_F6_m6f6_P6_Y4_UO896,R6_F6_m6f6_P6_Y2_UO429,R6_F6_m6f6_P6_Y2_UO393,MXY,0,31.028211972837692,0,0,0.0,0,0,0,0.0,0.4375,1,P5_CV0,3,2,0,1,1
6,2545325.475,726552.0418,Age0_F6_m6f6_P6_Y4_UO897,R6_F6_m6f6_P6_Y2_UO429,R6_F6_m6f6_P6_Y2_UO393,FXX,0,31.028211972837692,0,0,0.0,0,0,0,0.0,0.4375,1,P5_CV0,3,2,0,1,1
6,2545325.475,726552.0418,Age0_F6_m6f6_P6_Y4_UO898,R6_F6_m6f6_P6_Y2_UO429,R6_F6_m6f6_P6_Y2_UO393,FXX,0,31.028211972837692,0,0,0.0,0,0,0,0.0,0.4375,1,P5_CV0,3,1,1,0,2
6,2545325.475,726552.0418,Age0_F6_m6f6_P6_Y4_UO909,R6_F6_m6f6_P6_Y0_UO120,R6_F6_m6f6_P6_Y0_UO772,MXY,0,31.028211972837692,0,0,0.0,0,0,0,0.0,0.5,1,P5_CV0,3,0,2,0,2
6,2545325.475,726552.0418,Age0_F6_m6f6_P6_Y4_UO910,R6_F6_m6f6_P6_Y0_UO120,R6_F6_m6f6_P6_Y0_UO772,FXX,0,31.028211972837692,0,0,0.0,0,0,0,0.0,0.5,1,P5_CV0,3,1,1,0,2
6,2545325.475,726552.0418,Age0_F6_m6f6_P6_Y4_UO911,R6_F6_m6f6_P6_Y0_UO120,R6_F6_m6f6_P6_Y0_UO772,FXX,0,31.028211972837692,0,0,0.0,0,0,0,0.0,0.5,1,P5_CV0,3,0,2,0,2
6,2545325.475,726552.0418,Age0_F6_m6f6_P6_Y4_UO912,R6_F6_m6f6_P6_Y0_UO120,R6_F6_m6f6_P6_Y0_UO772,FXX,0,31.028211972837692,0,0,0.0,0,0,0,0.0,0.5,1,P5_CV0,3,0,2,0,2
6,2545325.475,726552.0418,Age0_F6_m6f6_P6_Y4_UO913,R6_F6_m6f6_P6_Y0_UO120,R6_F6_m6f6_P6_Y0_UO772,MXY,0,31.028211972837692,0,0,0.0,0,0,0,0.0,0.5,1,P5_CV0,3,1,1,0,2
6,2545325.475,726552.0418,Age0_F6_m6f6_P6_Y4_UO914,R6_F6_m6f6_P6_Y0_UO120,R6_F6_m6f6_P6_Y0_UO772,MXY,0,31.028211972837692,0,0,0.0,0,0,0,0.0,0.5,1,P5_CV0,3,1,1,0,2
6,2545325.475,726552.0418,Age0_F6_m6f6_P6_Y4_UO915,R6_F6_m6f6_P6_Y0_UO120,R6_F6_m6f6_P6_Y0_UO772,MXY,0,31.028211972837692,0,0,0.0,0,0,0,0.0,0.5,1,P5_CV0,3,0,2,0,2
6,2545325.475,726552.0418,Age0_F6_m6f6_P6_Y4_UO916,R6_F6_m6f6_P6_Y0_UO120,R6_F6_m6f6_P6_Y0_UO772,FXX,0,31.028211972837692,0,0,0.0,0,0,0,0.0,0.5,1,P5_CV0,3,0,2,0,2
6,2545325.475,726552.0418,Age0_F6_m6f6_P6_Y4_UO917,R6_F6_m6f6_P6_Y0_UO120,R6_F6_m6f6_P6_Y0_UO772,FXX,0,31.028211972837692,0,0,0.0,0,0,0,0.0,0.5,1,P5_CV0,3,0,2,0,2
6,2545325.475,726552.0418,Age0_F6_m6f6_P6_Y4_UO935,R6_F6_m-1f-1_P6_Y-1_U1,R6_F6_m6f6_P6_Y1_UO350,FXX,0,31.028211972837692,0,0,0.0,0,0,0,0.0,0.125,1,P5_CV0,3,0,2,0,2
6,2545325.475,726552.0418,Age0_F6_m6f6_P6_Y4_UO936,R6_F6_m-1f-1_P6_Y-1_U1,R6_F6_m6f6_P6_Y1_UO350,FXX,0,31.028211972837692,0,0,0.0,0,0,0,0.0,0.125,1,P5_CV0,3,0,2,1,1
6,2545325.475,726552.0418,Age0_F6_m6f6_P6_Y4_UO937,R6_F6_m-1f-1_P6_Y-1_U1,R6_F6_m6f6_P6_Y1_UO350,MXY,0,31.028211972837692,0,0,0.0,0,0,0,0.0,0.125,1,P5_CV0,3,0,2,1,1
6,2545325.475,726552.0418,Age0_F6_m6f6_P6_Y4_UO938,R6_F6_m-1f-1_P6_Y-1_U1,R6_F6_m6f6_P6_Y1_UO350,FXX,0,31.028211972837692,0,0,0.0,0,0,0,0.0,0.125,1,P5_CV0,3,0,2,1,1
6,2545325.475,726552.0418,Age0_F6_m6f6_P6_Y4_UO939,R6_F6_m-1f-1_P6_Y-1_U1,R6_F6_m6f6_P6_Y1_UO350,MXY,0,31.028211972837692,0,0,0.0,0,0,0,0.0,0.125,1,P5_CV0,3,0,2,1,1
6,2545325.475,726552.0418,Age0_F6_m6f6_P6_Y4_UO940,R6_F6_m-1f-1_P6_Y-1_U1,R6_F6_m6f6_P6_Y1_UO350,MXY,0,31.028211972837692,0,0,0.0,0,0,0,0.0,0.125,1,P5_CV0,3,0,2,0,2
6,2545325.475,726552.0418,Age0_F6_m6f6_P6_Y4_UO954,R6_F6_m-1f-1_P6_Y-1_U103,R6_F6_m-1f-1_P6_Y-1_U128,FXX,0,31.028211972837692,0,0,0.0,0,0,0,0.0,0.25,1,P5_CV0,3,0,2,0,2
6,2545325.475,726552.0418,Age0_F6_m6f6_P6_Y4_UO955,R6_F6_m-1f-1_P6_Y-1_U103,R6_F6_m-1f-1_P6_Y-1_U128,FXX,0,31.028211972837692,0,0,0.0,0,0,0,0.0,0.25,1,P5_CV0,3,0,2,0,2
6,2545325.475,726552.0418,Age0_F6_m6f6_P6_Y4_UO956,R6_F6_m-1f-1_P6_Y-1_U103,R6_F6_m-1f-1_P6_Y-1_U128,FXX,0,31.028211972837692,0,0,0.0,0,0,0,0.0,0.25,1,P5_CV0,3,0,2,0,2
6,2545325.475,726552.0418,Age0_F6_m6f6_P6_Y4_UO957,R6_F6_m-1f-1_P6_Y-1_U103,R6_F6_m-1f-1_P6_Y-1_U128,MXY,0,31.028211972837692,0,0,0.0,0,0,0,0.0,0.25,1,P5_CV0,3,1,1,0,2
6,2545325.475,726552.0418,Age0_F6_m6f6_P6_Y4_UO958,R6_F6_m-1f-1_P6_Y-1_U103,R6_F6_m-1f-1_P6_Y-1_U128,FXX,0,31.028211972837692,0,0,0.0,0,0,0,0.0,0.25,1,P5_CV0,3,1,1,0,2
6,2545325.475,726552.0418,Age0_F6_m6f6_P6_Y4_UO959,R6_F6_m-1f-1_P6_Y-1_U103,R6_F6_m-1f-1_P6_Y-1_U128,MXY,0,31.028211972837692,0,0,0.0,0,0,0,0.0,0.25,1,P5_CV0,3,0,2,0,2
6,2545325.475,726552.0418,Age0_F6_m6f6_P6_Y4_UO960,R6_F6_m-1f-1_P6_Y-1_U103,R6_F6_m-1f-1_P6_Y-1_U128,MXY,0,31.028211972837692,0,0,0.0,0,0,0,0.0,0.25,1,P5_CV0,3,1,1,0,2
6,2545325.475,726552.0418,Age0_F6_m6f6_P6_Y4_UO961,R6_F6_m-1f-1_P6_Y-1_U103,R6_F6_m-1f-1_P6_Y-1_U128,MXY,0,31.028211972837692,0,0,0.0,0,0,0,0.0,0.25,1,P5_CV0,3,1,1,0,2
6,2545325.475,726552.0418,Age0_F6_m6f6_P6_Y4_UO962,R6_F6_m-1f-1_P6_Y-1_U103,R6_F6_m-1f-1_P6_Y-1_U128,FXX,0,31.028211972837692,0,0,0.0,0,0,0,0.0,0.25,1,P5_CV0,3,0,2,0,2
6,2545325.475,726552.0418,Age0_F6_m6f6_P6_Y4_UO963,R6_F6_m-1f-1_P6_Y-1_U103,R6_F6_m-1f-1_P6_Y-1_U128,MXY,0,31.028211972837692,0,0,0.0,0,0,0,0.0,0.25,1,P5_CV0,3,1,1,0,2
6,2545325.475,726552.0418,Age0_F6_m6f6_P6_Y4_UO964,R6_F6_m-1f-1_P6_Y-1_U103,R6_F6_m-1f-1_P6_Y-1_U128,MXY,0,31.028211972837692,0,0,0.0,0,0,0,0.0,0.25,1,P5_CV0,3,1,1,0,2
6,2545325.475,726552.0418,R6_F6_m6f6_P6_Y3_UO667,R6_F6_m6f6_P6_Y1_UO430,R6_F6_m6f6_P6_Y0_UO458,MXY,1,58.13004950069514,1,1,0.0,0,0,0,-9999.0,0.625,1,P5_CV0,3,0,2,0,2
6,2545325.475,726552.0418,R6_F6_m6f6_P6_Y3_UO708,R6_F6_m6f6_P6_Y1_UO174,R6_F6_m6f6_P6_Y1_UO401,MXY,1,58.13004950069514,1,1,0.0,0,0,0,-9999.0,0.375,1,P5_CV0,3,1,1,1,1
6,2545325.475,726552.0418,R6_F6_m6f6_P6_Y3_UO587,R6_F6_m-1f-1_P6_Y-1_U116,R6_F6_m6f6_P6_Y1_UO428,MXY,1,58.13004950069514,1,1,0.0,0,0,0,-9999.0,0.875,1,P5_CV0,3,2,0,1,1
6,2545325.475,726552.0418,R6_F6_m6f6_P6_Y3_UO210,R6_F6_m-1f-1_P6_Y-1_U116,R6_F6_m6f6_P6_Y1_UO378,MXY,1,58.13004950069514,1,1,0.0,0,0,0,-9999.0,1.0,1,P5_CV0,3,2,0,0,2
6,2545325.475,726552.0418,R6_F6_m6f6_P6_Y3_UO488,R6_F6_m-1f-1_P6_Y-1_U93,R6_F6_m6f6_P6_Y1_UO172,MXY,1,58.13004950069514,1,1,0.0,0,0,0,-9999.0,0.625,1,P5_CV0,3,2,0,1,1
6,2545325.475,726552.0418,R6_F6_m6f6_P6_Y3_UO352,R6_F6_m6f6_P6_Y1_UO432,R6_F6_m6f6_P6_Y0_UO353,MXY,1,58.13004950069514,1,1,0.0,0,0,0,-9999.0,0.5,1,P5_CV0,3,1,1,1,1
6,2545325.475,726552.0418,R6_F6_m6f6_P6_Y3_UO470,R6_F6_m6f6_P6_Y1_UO548,R6_F6_m6f6_P6_Y1_UO24,FXX,1,58.13004950069514,1,1,2.078,0,0,0,-9999.0,0.75,1,P5_CV0,3,1,1,0,2
6,2545325.475,726552.0418,R6_F6_m6f6_P6_Y3_UO537,R6_F6_m6f6_P6_Y1_UO161,R6_F6_m-1f-1_P6_Y-1_U70,MXY,1,58.13004950069514,1,1,0.0,0,0,0,-9999.0,0.5,1,P5_CV0,3,0,2,0,2
6,2545325.475,726552.0418,R6_F6_m6f6_P6_Y3_UO579,R6_F6_m-1f-1_P6_Y-1_U7,R6_F6_m6f6_P6_Y1_UO322,FXX,1,58.13004950069514,1,1,1.309,0,0,0,-9999.0,0.375,1,P5_CV0,3,2,0,2,0
6,2545325.475,726552.0418,R6_F6_m6f6_P6_Y3_UO485,R6_F6_m-1f-1_P6_Y-1_U93,R6_F6_m6f6_P6_Y1_UO172,MXY,1,58.13004950069514,1,1,0.0,0,0,0,-9999.0,0.625,1,P5_CV0,3,2,0,1,1
6,2545325.475,726552.0418,R6_F6_m6f6_P6_Y3_UO212,R6_F6_m6f6_P6_Y1_UO430,R6_F6_m6f6_P6_Y1_UO176,MXY,1,58.13004950069514,1,1,0.0,0,0,0,-9999.0,0.375,1,P5_CV0,3,1,1,0,2
6,2545325.475,726552.0418,R6_F6_m6f6_P6_Y3_UO245,R6_F6_m6f6_P6_Y1_UO238,R6_F6_m6f6_P6_Y0_UO539,FXX,1,58.13004950069514,1,1,3.285,0,0,0,-9999.0,0.5,1,P5_CV0,3,1,1,2,0
6,2545325.475,726552.0418,R6_F6_m6f6_P6_Y3_UO761,R6_F6_m-1f-1_P6_Y-1_U116,R6_F6_m6f6_P6_Y1_UO442,MXY,1,58.13004950069514,1,1,0.0,0,0,0,-9999.0,0.75,1,P5_CV0,3,2,0,1,1
6,2545325.475,726552.0418,R6_F6_m6f6_P6_Y3_UO233,R6_F6_m6f6_P6_Y0_UO121,R6_F6_m6f6_P6_Y1_UO376,MXY,1,58.13004950069514,1,1,0.0,0,0,0,-9999.0,0.75,1,P5_CV0,3,2,0,1,1
6,2545325.475,726552.0418,R6_F6_m6f6_P6_Y3_UO550,R6_F6_m-1f-1_P6_Y-1_U30,R6_F6_m6f6_P6_Y1_UO401,FXX,1,58.13004950069514,1,1,1.543,0,0,0,-9999.0,0.75,1,P5_CV0,3,2,0,2,0
6,2545325.475,726552.0418,R6_F6_m6f6_P6_Y3_UO63,R6_F6_m-1f-1_P6_Y-1_U116,R6_F6_m6f6_P6_Y1_UO273,FXX,1,58.13004950069514,1,1,0.0,0,0,0,-9999.0,0.75,1,P5_CV0,3,2,0,0,2
6,2545325.475,726552.0418,R6_F6_m6f6_P6_Y3_UO471,R6_F6_m6f6_P6_Y1_UO299,R6_F6_m6f6_P6_Y1_UO239,MXY,1,58.13004950069514,1,1,0.0,0,0,0,-9999.0,0.625,1,P5_CV0,3,1,1,2,0
6,2545325.475,726552.0418,R6_F6_m6f6_P6_Y3_UO390,RD6_F3_m-1f-1_P3_Y-1_U98,R6_F6_m6f6_P6_Y1_UO611,FXX,1,58.13004950069514,1,1,2.207,0,0,0,-9999.0,0.375,1,P5_CV0,3,1,1,2,0
6,2545325.475,726552.0418,R6_F6_m6f6_P6_Y3_UO737,R6_F6_m6f6_P6_Y0_UO709,R6_F6_m6f6_P6_Y1_UO416,MXY,1,58.13004950069514,1,1,0.0,0,0,0,-9999.0,0.5,1,P5_CV0,3,1,1,2,0
6,2545325.475,726552.0418,R6_F6_m6f6_P6_Y3_UO392,RD6_F3_m-1f-1_P3_Y-1_U98,R6_F6_m6f6_P6_Y1_UO611,MXY,1,58.13004950069514,1,1,0.0,0,0,0,-9999.0,0.375,1,P5_CV0,3,2,0,2,0
6,2545325.475,726552.0418,R6_F6_m6f6_P6_Y3_UO546,R6_F6_m-1f-1_P6_Y-1_U30,R6_F6_m6f6_P6_Y1_UO401,FXX,1,58.13004950069514,1,1,1.69,0,0,0,-9999.0,0.75,1,P5_CV0,3,1,1,2,0
6,2545325.475,726552.0418,R6_F6_m6f6_P6_Y3_UO797,R6_F6_m6f6_P6_Y1_UO549,R6_F6_m6f6_P6_Y1_UO611,FXX,1,58.13004950069514,1,1,1.0,0,0,0,-9999.0,0.375,1,P5_CV0,3,1,1,2,0
6,2545325.475,726552.0418,R6_F6_m6f6_P6_Y3_UO762,R6_F6_m-1f-1_P6_Y-1_U116,R6_F6_m6f6_P6_Y1_UO442,MXY,1,58.13004950069514,1,1,0.0,0,0,0,-9999.0,0.75,1,P5_CV0,3,2,0,1,1
6,2545325.475,726552.0418,R6_F6_m6f6_P6_Y3_UO601,R6_F6_m6f6_P6_Y0_UO506,R6_F6_m6f6_P6_Y1_UO197,FXX,1,58.13004950069514,1,1,1.175,0,0,0,-9999.0,0.375,1,P5_CV0,3,2,0,1,1
6,2545325.475,726552.0418,R6_F6_m6f6_P6_Y3_UO588,R6_F6_m-1f-1_P6_Y-1_U116,R6_F6_m6f6_P6_Y1_UO428,MXY,1,58.13004950069514,1,1,0.0,0,0,0,-9999.0,0.875,1,P5_CV0,3,2,0,1,1
6,2545325.475,726552.0418,R6_F6_m6f6_P6_Y3_UO211,R6_F6_m6f6_P6_Y1_UO430,R6_F6_m6f6_P6_Y1_UO176,MXY,1,58.13004950069514,1,1,0.0,0,0,0,-9999.0,0.375,1,P5_CV0,3,0,2,0,2
6,2545325.475,726552.0418,R6_F6_m6f6_P6_Y3_UO221,R6_F6_m6f6_P6_Y1_UO300,R6_F6_m6f6_P6_Y1_UO172,FXX,1,58.13004950069514,1,1,0.0,0,0,0,-9999.0,0.75,1,P5_CV0,3,1,1,2,0
6,2545325.475,726552.0418,R6_F6_m6f6_P6_Y3_UO26,R6_F6_m6f6_P6_Y1_UO536,R6_F6_m6f6_P6_Y1_UO547,FXX,1,58.13004950069514,1,1,0.0,0,0,0,-9999.0,0.0,1,P5_CV0,3,0,2,0,2
6,2545325.475,726552.0418,R6_F6_m6f6_P6_Y3_UO194,R6_F6_m6f6_P6_Y1_UO300,R6_F6_m6f6_P6_Y1_UO438,FXX,1,58.13004950069514,1,1,2.161,0,0,0,-9999.0,0.625,1,P5_CV0,3,1,1,1,1
6,2545325.475,726552.0418,R6_F6_m6f6_P6_Y3_UO428,R6_F6_m6f6_P6_Y0_UO572,R6_F6_m-1f-1_P6_Y-1_U21,MXY,1,58.13004950069514,1,1,0.0,0,0,0,-9999.0,0.625,1,P5_CV0,3,1,1,2,0
6,2545325.475,726552.0418,R6_F6_m6f6_P6_Y3_UO140,R6_F6_m-1f-1_P6_Y-1_U36,R6_F6_m6f6_P6_Y1_UO27,FXX,1,58.13004950069514,1,1,1.0,0,0,0,-9999.0,0.625,1,P5_CV0,3,1,1,0,2
6,2545325.475,726552.0418,R6_F6_m6f6_P6_Y3_UO170,R6_F6_m-1f-1_P6_Y-1_U80,R6_F6_m6f6_P6_Y1_UO69,MXY,1,58.13004950069514,1,1,0.0,0,0,0,-9999.0,0.5,1,P5_CV0,3,0,2,1,1
6,2545325.475,726552.0418,R6_F6_m6f6_P6_Y3_UO220,R6_F6_m6f6_P6_Y1_UO300,R6_F6_m6f6_P6_Y1_UO172,MXY,1,58.13004950069514,1,1,0.0,0,0,0,-9999.0,0.75,1,P5_CV0,3,2,0,1,1
6,2545325.475,726552.0418,R6_F6_m6f6_P6_Y3_UO580,R6_F6_m-1f-1_P6_Y-1_U7,R6_F6_m6f6_P6_Y1_UO322,MXY,1,58.13004950069514,1,1,0.0,0,0,0,-9999.0,0.375,1,P5_CV0,3,2,0,2,0
6,2545325.475,726552.0418,R6_F6_m6f6_P6_Y3_UO427,R6_F6_m6f6_P6_Y0_UO572,R6_F6_m-1f-1_P6_Y-1_U21,FXX,1,58.13004950069514,1,1,3.453,0,0,0,-9999.0,0.625,1,P5_CV0,3,1,1,1,1
6,2545325.475,726552.0418,R6_F6_m6f6_P6_Y3_UO586,R6_F6_m-1f-1_P6_Y-1_U116,R6_F6_m6f6_P6_Y1_UO428,FXX,1,58.13004950069514,1,1,1.757,0,0,0,-9999.0,0.875,1,P5_CV0,3,2,0,0,2
6,2545325.475,726552.0418,R6_F6_m6f6_P6_Y3_UO774,R6_F6_m6f6_P6_Y1_UO300,R6_F6_m6f6_P6_Y0_UO788,MXY,1,58.13004950069514,1,1,0.0,0,0,0,-9999.0,0.375,1,P5_CV0,3,1,1,0,2
6,2545325.475,726552.0418,R6_F6_m6f6_P6_Y3_UO351,R6_F6_m6f6_P6_Y1_UO432,R6_F6_m6f6_P6_Y0_UO353,FXX,1,58.13004950069514,1,1,0.0,0,0,0,-9999.0,0.5,1,P5_CV0,3,1,1,0,2
6,2545325.475,726552.0418,R6_F6_m6f6_P6_Y3_UO393,RD6_F3_m-1f-1_P3_Y-1_U98,R6_F6_m6f6_P6_Y1_UO611,FXX,1,58.13004950069514,1,1,1.604,0,0,0,-9999.0,0.375,1,P5_CV0,3,2,0,1,1
6,2545325.475,726552.0418,R6_F6_m6f6_P6_Y3_UO736,R6_F6_m6f6_P6_Y0_UO709,R6_F6_m6f6_P6_Y1_UO416,FXX,1,58.13004950069514,1,1,1.011,0,0,0,-9999.0,0.5,1,P5_CV0,3,1,1,1,1
6,2545325.475,726552.0418,R6_F6_m6f6_P6_Y3_UO175,R6_F6_m-1f-1_P6_Y-1_U36,R6_F6_m6f6_P6_Y1_UO188,FXX,1,58.13004950069514,1,1,1.905,0,0,0,-9999.0,0.5,1,P5_CV0,3,2,0,1,1
6,2545325.475,726552.0418,R6_F6_m6f6_P6_Y3_UO385,R6_F6_m6f6_P6_Y1_UO299,R6_F6_m-1f-1_P6_Y-1_U128,MXY,1,58.13004950069514,1,1,0.0,0,0,0,-9999.0,0.625,1,P5_CV0,3,1,1,1,1
6,2545325.475,726552.0418,R6_F6_m6f6_P6_Y3_UO402,R6_F6_m-1f-1_P6_Y-1_U7,R6_F6_m6f6_P6_Y0_UO252,MXY,1,58.13004950069514,1,1,0.0,0,0,0,-9999.0,0.25,1,P5_CV0,3,1,1,1,1
6,2545325.475,726552.0418,R6_F6_m6f6_P6_Y3_UO446,R6_F6_m6f6_P6_Y1_UO379,R6_F6_m6f6_P6_Y1_UO488,FXX,1,58.13004950069514,1,1,0.0,0,0,0,-9999.0,0.625,1,P5_CV0,3,1,1,1,1
6,2545325.475,726552.0418,R6_F6_m6f6_P6_Y3_UO564,R6_F6_m6f6_P6_Y1_UO315,R6_F6_m6f6_P6_Y1_UO167,MXY,1,58.13004950069514,1,1,0.0,0,0,0,-9999.0,0.5,1,P5_CV0,3,1,1,1,1
6,2545325.475,726552.0418,R6_F6_m6f6_P6_Y3_UO738,R6_F6_m6f6_P6_Y0_UO709,R6_F6_m6f6_P6_Y1_UO416,FXX,1,58.13004950069514,1,1,0.0,0,0,0,-9999.0,0.5,1,P5_CV0,3,2,0,1,1
6,2545325.475,726552.0418,R6_F6_m6f6_P6_Y3_UO24,R6_F6_m6f6_P6_Y1_UO536,R6_F6_m6f6_P6_Y1_UO547,MXY,1,58.13004950069514,1,1,0.0,0,0,0,-9999.0,0.0,1,P5_CV0,3,2,0,0,2
6,2545325.475,726552.0418,R6_F6_m6f6_P6_Y3_UO69,R6_F6_m6f6_P6_Y1_UO430,R6_F6_m6f6_P6_Y0_UO539,FXX,1,58.13004950069514,1,1,0.0,0,0,0,-9999.0,0.625,1,P5_CV0,3,2,0,0,2
6,2545325.475,726552.0418,R6_F6_m6f6_P6_Y3_UO421,R6_F6_m6f6_P6_Y1_UO549,R6_F6_m6f6_P6_Y1_UO609,FXX,1,58.13004950069514,1,1,1.111,0,0,0,-9999.0,0.375,1,P5_CV0,3,1,1,0,2
6,2545325.475,726552.0418,R6_F6_m6f6_P6_Y3_UO389,RD6_F3_m-1f-1_P3_Y-1_U98,R6_F6_m6f6_P6_Y1_UO611,FXX,1,58.13004950069514,1,1,1.242,0,0,0,-9999.0,0.375,1,P5_CV0,3,1,1,1,1
6,2545325.475,726552.0418,R6_F6_m6f6_P6_Y3_UO93,R6_F6_m6f6_P6_Y1_UO297,R6_F6_m-1f-1_P6_Y-1_U95,MXY,1,58.13004950069514,1,1,0.0,0,0,0,-9999.0,0.25,1,P5_CV0,3,0,2,1,1
6,2545325.475,726552.0418,R6_F6_m6f6_P6_Y3_UO768,R6_F6_m6f6_P6_Y1_UO219,R6_F6_m6f6_P6_Y1_UO117,FXX,1,58.13004950069514,1,1,2.374,0,0,0,-9999.0,0.5,1,P5_CV0,3,1,1,1,1
6,2545325.475,726552.0418,R6_F6_m6f6_P6_Y3_UO654,R6_F6_m6f6_P6_Y0_UO572,R6_F6_m-1f-1_P6_Y-1_U128,FXX,1,58.13004950069514,1,1,2.216,0,0,0,-9999.0,0.625,1,P5_CV0,3,2,0,1,1
6,2545325.475,726552.0418,R6_F6_m6f6_P6_Y3_UO209,R6_F6_m-1f-1_P6_Y-1_U116,R6_F6_m6f6_P6_Y1_UO378,MXY,1,58.13004950069514,1,1,0.0,0,0,0,-9999.0,1.0,1,P5_CV0,3,1,1,0,2
6,2545325.475,726552.0418,R6_F6_m6f6_P6_Y3_UO313,R6_F6_m6f6_P6_Y1_UO177,R6_F6_m6f6_P6_Y1_UO534,FXX,1,58.13004950069514,1,1,2.53,0,0,0,-9999.0,0.25,1,P5_CV0,3,1,1,1,1
6,2545325.475,726552.0418,R6_F6_m6f6_P6_Y3_UO548,R6_F6_m-1f-1_P6_Y-1_U30,R6_F6_m6f6_P6_Y1_UO401,FXX,1,58.13004950069514,1,1,2.423,0,0,0,-9999.0,0.75,1,P5_CV0,3,1,1,1,1
6,2545325.475,726552.0418,R6_F6_m6f6_P6_Y3_UO53,R6_F6_m6f6_P6_Y1_UO315,R6_F6_m6f6_P6_Y1_UO378,FXX,1,58.13004950069514,1,1,0.0,0,0,0,-9999.0,0.75,1,P5_CV0,3,0,2,0,2
6,2545325.475,726552.0418,R6_F6_m6f6_P6_Y3_UO487,R6_F6_m-1f-1_P6_Y-1_U93,R6_F6_m6f6_P6_Y1_UO172,MXY,1,58.13004950069514,1,1,0.0,0,0,0,-9999.0,0.625,1,P5_CV0,3,1,1,0,2
6,2545325.475,726552.0418,R6_F6_m6f6_P6_Y3_UO195,R6_F6_m6f6_P6_Y1_UO300,R6_F6_m6f6_P6_Y1_UO438,MXY,1,58.13004950069514,1,1,0.0,0,0,0,-9999.0,0.625,1,P5_CV0,3,1,1,2,0
6,2545325.475,726552.0418,R6_F6_m6f6_P6_Y3_UO798,R6_F6_m6f6_P6_Y1_UO549,R6_F6_m6f6_P6_Y1_UO611,MXY,1,58.13004950069514,1,1,0.0,0,0,0,-9999.0,0.375,1,P5_CV0,3,2,0,2,0
6,2545325.475,726552.0418,R6_F6_m6f6_P6_Y3_UO216,R6_F6_m6f6_P6_Y1_UO220,R6_F6_m-1f-1_P6_Y-1_U70,MXY,1,58.13004950069514,1,1,0.0,0,0,0,-9999.0,0.25,1,P5_CV0,3,1,1,0,2
6,2545325.475,726552.0418,R6_F6_m6f6_P6_Y3_UO312,R6_F6_m6f6_P6_Y1_UO177,R6_F6_m6f6_P6_Y1_UO534,FXX,1,58.13004950069514,1,1,0.0,0,0,0,-9999.0,0.25,1,P5_CV0,3,1,1,2,0
6,2545325.475,726552.0418,R6_F6_m6f6_P6_Y3_UO549,R6_F6_m-1f-1_P6_Y-1_U30,R6_F6_m6f6_P6_Y1_UO401,FXX,1,58.13004950069514,1,1,0.0,0,0,0,-9999.0,0.75,1,P5_CV0,3,1,1,1,1
6,2545325.475,726552.0418,R6_F6_m6f6_P6_Y3_UO324,R6_F6_m-1f-1_P6_Y-1_U116,R6_F6_m6f6_P6_Y1_UO167,FXX,1,58.13004950069514,1,1,1.257,0,0,0,-9999.0,0.75,1,P5_CV0,3,2,0,0,2
6,2545325.475,726552.0418,R6_F6_m6f6_P6_Y3_UO576,R6_F6_m-1f-1_P6_Y-1_U7,R6_F6_m6f6_P6_Y1_UO322,FXX,1,58.13004950069514,1,1,1.338,0,0,0,-9999.0,0.375,1,P5_CV0,3,2,0,2,0
6,2545325.475,726552.0418,R6_F6_m6f6_P6_Y3_UO244,R6_F6_m6f6_P6_Y1_UO238,R6_F6_m6f6_P6_Y0_UO539,FXX,1,58.13004950069514,1,1,2.546,0,0,0,-9999.0,0.5,1,P5_CV0,3,2,0,2,0
6,2545325.475,726552.0418,R6_F6_m6f6_P6_Y2_UO648,R6_F6_m-1f-1_P6_Y-1_U133,R6_F6_m-1f-1_P6_Y-1_U95,MXY,2,86.20835954942989,1,0,0.0,0,0,0,-9999.0,0.25,1,P5_CV0,3,1,1,1,1
6,2545325.475,726552.0418,R6_F6_m6f6_P6_Y2_UO452,R6_F6_m6f6_P6_Y0_UO709,R6_F6_m-1f-1_P6_Y-1_U126,FXX,2,86.2021870337923,1,0,0.0,0,0,0,-9999.0,0.5,1,P5_CV0,3,1,1,1,1
6,2545325.475,726552.0418,R6_F6_m6f6_P6_Y2_UO152,R6_F6_m6f6_P6_Y0_UO780,R6_F6_m6f6_P6_Y0_UO458,MXY,2,86.20835954942989,1,0,0.0,0,0,0,-9999.0,0.5,1,P5_CV0,3,1,1,0,2
6,2545325.475,726552.0418,R6_F6_m6f6_P6_Y2_UO50,R6_F6_m-1f-1_P6_Y-1_U67,R6_F6_m-1f-1_P6_Y-1_U84,MXY,2,86.20835954942989,1,0,0.0,0,0,0,-9999.0,0.5,1,P5_CV0,3,2,0,1,1
6,2545325.475,726552.0418,R6_F6_m6f6_P6_Y2_UO173,I6_F7_m-1f-1_P6_Y-1_U135,R6_F6_m-1f-1_P6_Y-1_U95,FXX,2,86.20835954942989,1,0,2.039,0,0,0,-9999.0,0.25,1,P5_CV0,3,1,1,2,0
6,2545325.475,726552.0418,R6_F6_m6f6_P6_Y2_UO321,R6_F6_m6f6_P6_Y0_UO780,R6_F6_m6f6_P6_Y0_UO353,FXX,2,86.20835954942989,1,0,0.0,0,0,0,-9999.0,0.5,1,P5_CV0,3,0,2,2,0
6,2545325.475,726552.0418,R6_F6_m6f6_P6_Y2_UO151,R6_F6_m6f6_P6_Y0_UO780,R6_F6_m6f6_P6_Y0_UO458,FXX,2,86.20835954942989,1,0,0.0,0,0,0,-9999.0,0.5,1,P5_CV0,3,0,2,1,1
6,2545325.475,726552.0418,R6_F6_m6f6_P6_Y2_UO798,R6_F6_m6f6_P6_Y0_UO507,R6_F6_m6f6_P6_Y0_UO493,FXX,2,86.20835954942989,1,0,0.0,0,0,0,-9999.0,0.5,1,P5_CV0,3,2,0,1,1
6,2545325.475,726552.0418,R6_F6_m6f6_P6_Y2_UO424,I6_F7_m-1f-1_P6_Y-1_U135,R6_F6_m6f6_P6_Y0_UO249,FXX,2,86.20835954942989,1,0,1.0,0,0,0,-9999.0,0.375,1,P5_CV0,3,1,1,1,1
6,2545325.475,726552.0418,R6_F6_m6f6_P6_Y2_UO320,R6_F6_m6f6_P6_Y0_UO24,R6_F6_m6f6_P6_Y0_UO490,FXX,2,86.20835954942989,1,0,1.17,0,0,0,-9999.0,0.375,1,P5_CV0,3,1,1,2,0
6,2545325.475,726552.0418,R6_F6_m6f6_P6_Y2_UO658,I6_F7_m-1f-1_P6_Y-1_U135,R6_F6_m-1f-1_P6_Y-1_U70,FXX,2,86.20835954942989,1,0,1.959,0,0,0,-9999.0,0.25,1,P5_CV0,3,0,2,1,1
6,2545325.475,726552.0418,R6_F6_m6f6_P6_Y2_UO561,R6_F6_m6f6_P6_Y0_UO506,R6_F6_m6f6_P6_Y0_UO153,FXX,2,86.20835954942989,1,0,1.919,0,0,0,-9999.0,0.25,1,P5_CV0,3,1,1,1,1
6,2545325.475,726552.0418,R6_F6_m6f6_P6_Y2_UO385,R6_F6_m6f6_P6_Y0_UO780,I6_F7_m-1f-1_P6_Y-1_U14,MXY,2,86.20835954942989,1,0,0.0,0,0,0,-9999.0,0.5,1,P5_CV0,3,1,1,1,1
6,2545325.475,726552.0418,R6_F6_m6f6_P6_Y2_UO567,R6_F6_m-1f-1_P6_Y-1_U67,R6_F6_m6f6_P6_Y0_UO493,MXY,2,86.20835954942989,1,0,0.0,0,0,0,-9999.0,0.625,1,P5_CV0,3,1,1,1,1
6,2545325.475,726552.0418,R6_F6_m6f6_P6_Y2_UO393,R6_F6_m6f6_P6_Y0_UO709,R6_F6_m6f6_P6_Y0_UO772,MXY,2,86.20835954942989,1,0,0.0,0,0,0,-9999.0,0.5,1,P5_CV0,3,1,1,1,1
6,2545325.475,726552.0418,R6_F6_m6f6_P6_Y2_UO80,R6_F6_m6f6_P6_Y0_UO780,I6_F7_m-1f-1_P6_Y-1_U14,FXX,2,86.20835954942989,1,0,0.0,0,0,0,-9999.0,0.5,1,P5_CV0,3,1,1,1,1
6,2545325.475,726552.0418,R6_F6_m6f6_P6_Y2_UO659,I6_F7_m-1f-1_P6_Y-1_U135,R6_F6_m-1f-1_P6_Y-1_U70,FXX,2,86.20835954942989,1,0,0.0,0,0,0,-9999.0,0.25,1,P5_CV0,3,0,2,1,1
6,2545325.475,726552.0418,R6_F6_m6f6_P6_Y2_UO635,R6_F6_m6f6_P6_Y0_UO501,R6_F6_m6f6_P6_Y0_UO252,MXY,2,86.20835954942989,1,0,0.0,0,0,0,-9999.0,0.125,1,P5_CV0,3,1,1,1,1
6,2545325.475,726552.0418,R6_F6_m6f6_P6_Y2_UO383,R6_F6_m6f6_P6_Y0_UO780,I6_F7_m-1f-1_P6_Y-1_U14,FXX,2,86.20835954942989,1,0,1.369,0,0,0,-9999.0,0.5,1,P5_CV0,3,1,1,2,0
6,2545325.475,726552.0418,R6_F6_m6f6_P6_Y2_UO267,R6_F6_m6f6_P6_Y0_UO718,R6_F6_m6f6_P6_Y0_UO490,MXY,2,86.20835954942989,1,0,0.0,0,0,0,-9999.0,0.5,1,P5_CV0,3,0,2,2,0
6,2545325.475,726552.0418,R6_F6_m6f6_P6_Y2_UO553,R6_F6_m-1f-1_P6_Y-1_U93,R6_F6_m6f6_P6_Y0_UO772,MXY,2,86.20835954942989,1,0,0.0,0,0,0,-9999.0,0.5,1,P5_CV0,3,1,1,0,2
6,2545325.475,726552.0418,R6_F6_m6f6_P6_Y2_UO473,R6_F6_m6f6_P6_Y0_UO709,R6_F6_m-1f-1_P6_Y-1_U4,MXY,2,86.20835954942989,1,0,0.0,0,0,0,-9999.0,0.75,1,P5_CV0,3,1,1,1,1
6,2545325.475,726552.0418,R6_F6_m6f6_P6_Y2_UO268,R6_F6_m6f6_P6_Y0_UO718,R6_F6_m6f6_P6_Y0_UO490,MXY,2,86.20835954942989,1,0,0.0,0,0,0,-9999.0,0.5,1,P5_CV0,3,0,2,2,0
6,2545325.475,726552.0418,R6_F6_m6f6_P6_Y2_UO439,R6_F6_m-1f-1_P6_Y-1_U82,R6_F6_m6f6_P6_Y0_UO151,FXX,2,86.20835954942989,1,0,1.812,0,0,0,-9999.0,0.125,1,P5_CV0,3,0,2,2,0
6,2545325.475,726552.0418,R6_F6_m6f6_P6_Y2_UO559,R6_F6_m6f6_P6_Y0_UO506,R6_F6_m6f6_P6_Y0_UO153,FXX,2,86.20835954942989,1,0,1.743,0,0,0,-9999.0,0.25,1,P5_CV0,3,1,1,1,1
6,2545325.475,726552.0418,R6_F6_m6f6_P6_Y2_UO47,R6_F6_m-1f-1_P6_Y-1_U67,R6_F6_m-1f-1_P6_Y-1_U84,MXY,2,86.20835954942989,1,0,0.0,0,0,0,-9999.0,0.5,1,P5_CV0,3,0,2,1,1
6,2545325.475,726552.0418,R6_F6_m6f6_P6_Y2_UO651,R6_F6_m-1f-1_P6_Y-1_U133,R6_F6_m-1f-1_P6_Y-1_U95,FXX,2,86.20835954942989,1,0,1.766,0,0,0,-9999.0,0.25,1,P5_CV0,3,0,2,1,1
6,2545325.475,726552.0418,R6_F6_m6f6_P6_Y2_UO322,R6_F6_m6f6_P6_Y0_UO780,R6_F6_m6f6_P6_Y0_UO353,MXY,2,86.20835954942989,1,0,0.0,0,0,0,-9999.0,0.5,1,P5_CV0,3,2,0,2,0
6,2545325.475,726552.0418,R6_F6_m6f6_P6_Y2_UO447,R6_F6_m-1f-1_P6_Y-1_U67,R6_F6_m6f6_P6_Y0_UO539,FXX,2,86.20835954942989,1,0,0.0,0,0,0,-9999.0,0.5,1,P5_CV0,3,2,0,0,2
6,2545325.475,726552.0418,R6_F6_m6f6_P6_Y2_UO6,R6_F6_m6f6_P6_Y0_UO121,R6_F6_m-1f-1_P6_Y-1_U126,FXX,2,86.20835954942989,1,0,0.0,0,0,0,-9999.0,0.5,1,P5_CV0,3,2,0,1,1
6,2545325.475,726552.0418,R6_F6_m6f6_P6_Y2_UO652,R6_F6_m-1f-1_P6_Y-1_U133,R6_F6_m-1f-1_P6_Y-1_U95,MXY,2,86.20835954942989,1,0,0.0,0,0,0,-9999.0,0.25,1,P5_CV0,3,0,2,2,0
6,2545325.475,726552.0418,R6_F6_m6f6_P6_Y2_UO423,I6_F7_m-1f-1_P6_Y-1_U135,R6_F6_m6f6_P6_Y0_UO249,MXY,2,86.20835954942989,1,0,0.0,0,0,0,-9999.0,0.375,1,P5_CV0,3,2,0,1,1
6,2545325.475,726552.0418,R6_F6_m6f6_P6_Y2_UO650,R6_F6_m-1f-1_P6_Y-1_U133,R6_F6_m-1f-1_P6_Y-1_U95,FXX,2,86.20835954942989,1,0,1.662,0,0,0,-9999.0,0.25,1,P5_CV0,3,0,2,2,0
6,2545325.475,726552.0418,R6_F6_m6f6_P6_Y2_UO426,I6_F7_m-1f-1_P6_Y-1_U135,R6_F6_m6f6_P6_Y0_UO249,MXY,2,86.20835954942989,1,0,0.0,0,0,0,-9999.0,0.375,1,P5_CV0,3,2,0,1,1
6,2545325.475,726552.0418,R6_F6_m6f6_P6_Y2_UO563,R6_F6_m6f6_P6_Y0_UO506,R6_F6_m6f6_P6_Y0_UO153,MXY,2,86.20835954942989,1,0,0.0,0,0,0,-9999.0,0.25,1,P5_CV0,3,1,1,1,1
6,2545325.475,726552.0418,R6_F6_m6f6_P6_Y2_UO632,R6_F6_m6f6_P6_Y0_UO718,R6_F6_m6f6_P6_Y0_UO770,MXY,2,86.20835954942989,1,0,0.0,0,0,0,-9999.0,0.625,1,P5_CV0,3,2,0,1,1
6,2545325.475,726552.0418,R6_F6_m6f6_P6_Y2_UO156,R6_F6_m6f6_P6_Y0_UO780,R6_F6_m6f6_P6_Y0_UO458,FXX,2,86.20835954942989,1,0,1.174,0,0,0,-9999.0,0.5,1,P5_CV0,3,1,1,0,2
6,2545325.475,726552.0418,R6_F6_m6f6_P6_Y2_UO803,R6_F6_m-1f-1_P6_Y-1_U36,R6_F6_m6f6_P6_Y0_UO252,FXX,2,86.20835954942989,1,0,1.37,0,0,0,-9999.0,0.25,1,P5_CV0,3,1,1,1,1
6,2545325.475,726552.0418,R6_F6_m6f6_P6_Y2_UO801,R6_F6_m-1f-1_P6_Y-1_U36,R6_F6_m6f6_P6_Y0_UO252,FXX,2,86.20835954942989,1,0,0.0,0,0,0,-9999.0,0.25,1,P5_CV0,3,1,1,2,0
6,2545325.475,726552.0418,R6_F6_m6f6_P6_Y2_UO269,R6_F6_m6f6_P6_Y0_UO718,R6_F6_m6f6_P6_Y0_UO490,MXY,2,86.20835954942989,1,0,0.0,0,0,0,-9999.0,0.5,1,P5_CV0,3,1,1,2,0
6,2545325.475,726552.0418,R6_F6_m6f6_P6_Y2_UO429,I6_F7_m-1f-1_P6_Y-1_U135,R6_F6_m6f6_P6_Y0_UO249,FXX,2,86.20835954942989,1,0,0.0,0,0,0,-9999.0,0.375,1,P5_CV0,3,2,0,1,1
6,2545325.475,726552.0418,R6_F6_m6f6_P6_Y2_UO177,I6_F7_m-1f-1_P6_Y-1_U135,R6_F6_m-1f-1_P6_Y-1_U95,FXX,2,86.20835954942989,1,0,1.363,0,0,0,-9999.0,0.25,1,P5_CV0,3,0,2,2,0
6,2545325.475,726552.0418,R6_F6_m6f6_P6_Y2_UO7,R6_F6_m6f6_P6_Y0_UO121,R6_F6_m-1f-1_P6_Y-1_U126,FXX,2,86.20835954942989,1,0,1.121,0,0,0,-9999.0,0.5,1,P5_CV0,3,2,0,1,1
6,2545325.475,726552.0418,R6_F6_m6f6_P6_Y2_UO636,R6_F6_m6f6_P6_Y0_UO501,R6_F6_m6f6_P6_Y0_UO252,FXX,2,86.20835954942989,1,0,1.0,0,0,0,-9999.0,0.125,1,P5_CV0,3,1,1,0,2
6,2545325.475,726552.0418,R6_F6_m6f6_P6_Y2_UO560,R6_F6_m6f6_P6_Y0_UO506,R6_F6_m6f6_P6_Y0_UO153,MXY,2,86.20835954942989,1,0,0.0,0,0,0,-9999.0,0.25,1,P5_CV0,3,2,0,1,1
6,2545325.475,726552.0418,R6_F6_m6f6_P6_Y2_UO831,R6_F6_m6f6_P6_Y0_UO718,R6_F6_m6f6_P6_Y0_UO153,FXX,2,86.20835954942989,1,0,1.0,0,0,0,-9999.0,0.5,1,P5_CV0,3,2,0,0,2
6,2545325.475,726552.0418,R6_F6_m6f6_P6_Y1_UO586,R6_F6_m-1f-1_P6_Y-1_U33,R6_F6_m-1f-1_P6_Y-1_U139,FXX,3,104.9803086015789,1,0,3.539,0,0,0,-9999.0,0.5,1,P5_CV0,3,0,2,1,1
6,2545325.475,726552.0418,R6_F6_m6f6_P6_Y1_UO238,R6_F6_m-1f-1_P6_Y-1_U74,R6_F6_m-1f-1_P6_Y-1_U42,FXX,3,104.9803086015789,1,0,1.811,0,0,0,-9999.0,0.5,1,P5_CV0,3,1,1,1,1
6,2545325.475,726552.0418,R6_F6_m6f6_P6_Y1_UO298,R6_F6_m-1f-1_P6_Y-1_U7,R6_F6_m-1f-1_P6_Y-1_U107,MXY,3,104.9803086015789,1,0,0.0,0,0,0,-9999.0,0.5,1,P5_CV0,3,1,1,0,2
6,2545325.475,726552.0418,R6_F6_m6f6_P6_Y1_UO350,R6_F6_m-1f-1_P6_Y-1_U77,R6_F6_m-1f-1_P6_Y-1_U34,MXY,3,104.9803086015789,1,0,0.0,0,0,0,-9999.0,0.25,1,P5_CV0,3,0,2,0,2
6,2545325.475,726552.0418,R6_F6_m6f6_P6_Y1_UO416,R6_F6_m-1f-1_P6_Y-1_U7,R6_F6_m-1f-1_P6_Y-1_U84,MXY,3,104.9803086015789,1,0,0.0,0,0,0,-9999.0,0.5,1,P5_CV0,3,1,1,1,1
6,2545325.475,726552.0418,R6_F6_m6f6_P6_Y1_UO167,R6_F6_m-1f-1_P6_Y-1_U49,R6_F6_m-1f-1_P6_Y-1_U22,MXY,3,104.9803086015789,1,0,0.0,0,0,0,-9999.0,0.5,1,P5_CV0,3,2,0,1,1
6,2545325.475,726552.0418,R6_F6_m6f6_P6_Y1_UO147,R6_F6_m-1f-1_P6_Y-1_U135,R6_F6_m-1f-1_P6_Y-1_U24,MXY,3,104.9803086015789,1,0,0.0,0,0,0,-9999.0,0.25,1,P5_CV0,3,1,1,2,0
6,2545325.475,726552.0418,R6_F6_m6f6_P6_Y1_UO66,R6_F6_m-1f-1_P6_Y-1_U8,R6_F6_m-1f-1_P6_Y-1_U91,MXY,3,104.9803086015789,1,0,0.0,0,0,0,-9999.0,0.25,1,P5_CV0,3,0,2,1,1
6,2545325.475,726552.0418,R6_F6_m6f6_P6_Y1_UO172,R6_F6_m-1f-1_P6_Y-1_U15,R6_F6_m-1f-1_P6_Y-1_U71,MXY,3,104.9803086015789,1,0,0.0,0,0,0,-9999.0,0.75,1,P5_CV0,3,2,0,1,1
6,2545325.475,726552.0418,R6_F6_m6f6_P6_Y1_UO437,R6_F6_m-1f-1_P6_Y-1_U75,R6_F6_m-1f-1_P6_Y-1_U85,MXY,3,104.9803086015789,1,0,0.0,0,0,0,-9999.0,0.5,1,P5_CV0,3,2,0,1,1
6,2545325.475,726552.0418,R6_F6_m6f6_P6_Y1_UO306,R6_F6_m-1f-1_P6_Y-1_U55,R6_F6_m-1f-1_P6_Y-1_U17,MXY,3,104.9803086015789,1,0,0.0,0,0,0,-9999.0,0.75,1,P5_CV0,3,2,0,2,0
6,2545325.475,726552.0418,R6_F6_m6f6_P6_Y1_UO579,R6_F6_m-1f-1_P6_Y-1_U114,R6_F6_m-1f-1_P6_Y-1_U45,FXX,3,104.9803086015789,1,0,0.0,0,0,0,-9999.0,0.5,1,P5_CV0,3,1,1,2,0
6,2545325.475,726552.0418,R6_F6_m6f6_P6_Y1_UO144,R6_F6_m-1f-1_P6_Y-1_U110,R6_F6_m-1f-1_P6_Y-1_U85,MXY,3,104.9803086015789,1,0,0.0,0,0,0,-9999.0,0.25,1,P5_CV0,3,1,1,0,2
6,2545325.475,726552.0418,R6_F6_m6f6_P6_Y1_UO358,R6_F6_m-1f-1_P6_Y-1_U63,R6_F6_m-1f-1_P6_Y-1_U125,FXX,3,104.9803086015789,1,0,0.0,0,0,0,-9999.0,0.5,1,P5_CV0,3,1,1,1,1
6,2545325.475,726552.0418,R6_F6_m6f6_P6_Y1_UO68,R6_F6_m-1f-1_P6_Y-1_U110,R6_F6_m-1f-1_P6_Y-1_U13,FXX,3,104.9803086015789,1,0,1.038,0,0,0,-9999.0,0.5,1,P5_CV0,3,0,2,1,1
6,2545325.475,726552.0418,R6_F6_m6f6_P6_Y1_UO480,R6_F6_m-1f-1_P6_Y-1_U129,R6_F6_m-1f-1_P6_Y-1_U52,MXY,3,104.9803086015789,1,0,0.0,0,0,0,-9999.0,0.75,1,P5_CV0,3,1,1,1,1
6,2545325.475,726552.0418,R6_F6_m6f6_P6_Y1_UO322,R6_F6_m-1f-1_P6_Y-1_U7,R6_F6_m-1f-1_P6_Y-1_U95,MXY,3,104.9803086015789,1,0,0.0,0,0,0,-9999.0,0.25,1,P5_CV0,3,2,0,2,0
6,2545325.475,726552.0418,R6_F6_m6f6_P6_Y1_UO237,R6_F6_m-1f-1_P6_Y-1_U74,R6_F6_m-1f-1_P6_Y-1_U42,FXX,3,104.95826231939519,1,0,1.0,0,0,0,-9999.0,0.5,1,P5_CV0,3,1,1,0,2
6,2545325.475,726552.0418,R6_F6_m6f6_P6_Y0_UO24,R6_F6_m-1f-1_P6_Y-1_U90,R6_F6_m-1f-1_P6_Y-1_U123,FXX,4,119.68157146077547,1,0,1.263,0,0,0,-9999.0,0.5,1,P5_CV0,3,2,0,1,1
6,2545325.475,726552.0418,R6_F6_m6f6_P6_Y0_UO306,R6_F6_m-1f-1_P6_Y-1_U82,R6_F6_m-1f-1_P6_Y-1_U34,FXX,4,119.68157146077547,1,0,1.0,0,0,0,-9999.0,0.25,1,P5_CV0,3,2,0,1,1
6,2545325.475,726552.0418,R6_F6_m6f6_P6_Y0_UO495,R6_F6_m-1f-1_P6_Y-1_U129,R6_F6_m-1f-1_P6_Y-1_U35,MXY,4,119.68157146077547,1,0,0.0,0,0,0,-9999.0,0.75,1,P5_CV0,3,1,1,1,1
6,2545325.475,726552.0418,R6_F6_m6f6_P6_Y0_UO506,R6_F6_m-1f-1_P6_Y-1_U63,R6_F6_m-1f-1_P6_Y-1_U54,FXX,4,119.68157146077547,1,0,1.0,0,0,0,-9999.0,0.25,1,P5_CV0,3,2,0,2,0
6,2545325.475,726552.0418,R6_F6_m6f6_P6_Y0_UO707,R6_F6_m-1f-1_P6_Y-1_U77,R6_F6_m-1f-1_P6_Y-1_U92,MXY,4,119.68157146077547,1,0,0.0,0,0,0,-9999.0,0.5,1,P5_CV0,3,2,0,1,1
6,2545325.475,726552.0418,R6_F6_m6f6_P6_Y0_UO804,R6_F6_m-1f-1_P6_Y-1_U94,R6_F6_m-1f-1_P6_Y-1_U57,MXY,4,119.68157146077547,1,0,0.0,0,0,0,-9999.0,0.25,1,P5_CV0,3,0,2,0,2
6,2545325.475,726552.0418,R6_F6_m6f6_P6_Y0_UO279,R6_F6_m-1f-1_P6_Y-1_U74,R6_F6_m-1f-1_P6_Y-1_U61,MXY,4,119.68157146077547,1,0,0.0,0,0,0,-9999.0,0.25,1,P5_CV0,3,2,0,2,0
6,2545325.475,726552.0418,R6_F6_m6f6_P6_Y0_UO153,R6_F6_m-1f-1_P6_Y-1_U122,R6_F6_m-1f-1_P6_Y-1_U57,MXY,4,119.68157146077547,1,0,0.0,0,0,0,-9999.0,0.25,1,P5_CV0,3,1,1,0,2
6,2545325.475,726552.0418,R6_F6_m6f6_P6_Y0_UO458,R6_F6_m-1f-1_P6_Y-1_U30,R6_F6_m-1f-1_P6_Y-1_U26,MXY,4,119.68157146077547,1,0,0.0,0,0,0,-9999.0,0.5,1,P5_CV0,3,0,2,0,2
6,2545325.475,726552.0418,R6_F6_m6f6_P6_Y0_UO120,R6_F6_m-1f-1_P6_Y-1_U88,R6_F6_m-1f-1_P6_Y-1_U34,FXX,4,119.68157146077547,1,0,1.705,0,0,0,-9999.0,0.5,1,P5_CV0,3,0,2,0,2
6,2545325.475,726552.0418,R6_F6_m6f6_P6_Y0_UO191,R6_F6_m-1f-1_P6_Y-1_U114,R6_F6_m-1f-1_P6_Y-1_U34,MXY,4,119.68157146077547,1,0,0.0,0,0,0,-9999.0,0.5,1,P5_CV0,3,1,1,1,1
6,2545325.475,726552.0418,R6_F6_m-1f-1_P6_Y-1_U20,-9999,-9999,MXY,5,129.8535022526558,1,0,0.0,0,0,0,-9999.0,0.5,1,P5_CV0,3,1,1,1,1
6,2545325.475,726552.0418,R6_F6_m-1f-1_P6_Y-1_U21,-9999,-9999,MXY,5,129.8535022526558,1,0,0.0,0,0,0,-9999.0,0.5,1,P5_CV0,3,1,1,1,1
7,2527429.642,708511.8011,E7_F1_m1f1_P1_Y3_UO789,R1_F1_m1f1_P1_Y1_UO304,R1_F1_m1f1_P1_Y1_UO485,MXY,1,53.66504890410075,1,1,0.0,0,0,0,-9999.0,0.25,1,P0_CV0,3,1,1,1,1
7,2527429.642,708511.8011,E7_F1_m1f1_P1_Y2_UO73,R1_F1_m1f1_P1_Y0_UO773,R1_F1_m1f1_P1_Y0_UO617,FXX,2,77.61838798942678,1,0,1.13,0,0,0,-9999.0,0.375,1,P0_CV0,3,1,1,0,2
7,2527429.642,708511.8011,E7_F2_m2f2_P2_Y2_UO725,R2_F2_m2f2_P2_Y0_UO275,R2_F2_m2f2_P2_Y0_UO471,MXY,2,32.21839940984934,1,0,0.0,0,0,0,-9999.0,0.375,1,P1_CV0,3,1,1,1,1
7,2527429.642,708511.8011,E7_F2_m2f2_P2_Y2_UO197,R2_F2_m-1f-1_P2_Y-1_U123,R2_F2_m-1f-1_P2_Y-1_U67,FXX,2,32.21839940984934,1,0,0.0,0,0,0,-9999.0,0.5,1,P1_CV0,3,1,1,2,0
7,2527429.642,708511.8011,E7_F2_m2f2_P2_Y0_UO405,R2_F2_m-1f-1_P2_Y-1_U61,R2_F2_m-1f-1_P2_Y-1_U57,FXX,4,33.22672753404141,1,0,0.0,0,0,0,-9999.0,0.5,1,P1_CV0,3,0,2,2,0
7,2527429.642,708511.8011,E7_F3_m3f3_P3_Y2_UO233,I3_F7_m-1f-1_P3_Y-1_U95,R3_F3_m-1f-1_P3_Y-1_U38,FXX,2,31.09287088732071,1,0,1.83,0,0,0,-9999.0,0.5,1,P2_CV0,3,1,1,0,2
7,2527429.642,708511.8011,E7_F3_m3f3_P3_Y1_UO474,R3_F3_m-1f-1_P3_Y-1_U39,R3_F3_m-1f-1_P3_Y-1_U6,MXY,3,31.109692277169405,1,0,0.0,0,0,0,-9999.0,1.0,1,P2_CV0,3,0,2,1,1
7,2527429.642,708511.8011,E7_F3_m3f3_P3_Y0_UO317,R3_F3_m-1f-1_P3_Y-1_U73,R3_F3_m-1f-1_P3_Y-1_U112,FXX,4,31.124439151359297,1,0,1.734,0,0,0,-9999.0,0.75,1,P2_CV0,3,0,2,0,2
7,2527429.642,708511.8011,E7_F4_m4f4_P4_Y1_UO230,R4_F4_m-1f-1_P4_Y-1_U58,R4_F4_m-1f-1_P4_Y-1_U33,MXY,3,108.90487582507843,1,0,0.0,0,0,0,-9999.0,0.5,1,P3_CV0,3,1,1,2,0
7,2527429.642,708511.8011,E7_F5_m5f5_P5_Y2_UO538,R5_F5_m5f5_P5_Y0_UO766,R5_F5_m5f5_P5_Y0_UO512,MXY,2,85.98954479702448,1,0,0.0,0,0,0,-9999.0,0.625,1,P4_CV0,3,1,1,1,1
7,2527429.642,708511.8011,E7_F5_m5f5_P5_Y2_UO539,R5_F5_m5f5_P5_Y0_UO766,R5_F5_m5f5_P5_Y0_UO512,FXX,2,85.98954479702448,1,0,1.493,0,0,0,-9999.0,0.625,1,P4_CV0,3,2,0,2,0
7,2527429.642,708511.8011,E7_F5_m5f5_P5_Y1_UO527,R5_F5_m-1f-1_P5_Y-1_U78,R5_F5_m-1f-1_P5_Y-1_U31,FXX,3,107.91239290923556,1,0,0.0,0,0,0,-9999.0,0.5,1,P4_CV0,3,2,0,2,0
7,2527429.642,708511.8011,E7_F5_m-1f-1_P5_Y-1_U37,-9999,-9999,MXY,5,131.25699036807794,1,0,0.0,0,0,0,-9999.0,0.0,1,P4_CV0,3,0,2,1,1
7,2527429.642,708511.8011,E7_F6_m6f6_P6_Y3_UO563,R6_F6_m6f6_P6_Y1_UO315,R6_F6_m6f6_P6_Y1_UO167,FXX,1,58.1351421049822,1,1,2.86,0,0,0,-9999.0,0.5,1,P5_CV0,3,1,1,0,2
7,2527429.642,708511.8011,E7_F6_m6f6_P6_Y3_UO571,R6_F6_m6f6_P6_Y1_UO375,R6_F6_m6f6_P6_Y1_UO416,MXY,1,58.1351421049822,1,1,0.0,0,0,0,-9999.0,0.75,1,P5_CV0,3,1,1,1,1
7,2527429.642,708511.8011,E7_F6_m6f6_P6_Y1_UO188,R6_F6_m-1f-1_P6_Y-1_U90,I6_F7_m-1f-1_P6_Y-1_U101,MXY,3,104.9842081769351,1,0,0.0,0,0,0,-9999.0,0.5,1,P5_CV0,3,1,1,1,1
