PatchID,XCOORD,YCOORD,ID,MID,FID,sex,age,size,mature,newmature,layeggs,capture,recapture,state,CDist,Hindex,Species,ClassFile,SubPatchID,L0A0,L0A1,L1A0,L1A1
1,2540470.832,712452.2021,R1_F1_m1f1_P1_Y3_UO1,R1_F1_m-1f-1_P1_Y-1_U70,R1_F1_m1f1_P1_Y1_UO437,FXX,1,53.62613020747331,0,0,0.0,0,0,0,-9999.0,0.375,1,P0_CV0,1,2,0,1,1
1,2540470.832,712452.2021,R1_F1_m1f1_P1_Y3_UO2,R1_F1_m-1f-1_P1_Y-1_U70,R1_F1_m1f1_P1_Y1_UO437,FXX,1,53.62613020747331,0,0,0.0,0,0,0,-9999.0,0.375,1,P0_CV0,1,2,0,1,1
1,2540470.832,712452.2021,R1_F1_m1f1_P1_Y3_UO3,R1_F1_m-1f-1_P1_Y-1_U70,R1_F1_m1f1_P1_Y1_UO437,FXX,1,53.62613020747331,0,0,0.0,0,0,0,-9999.0,0.375,1,P0_CV0,1,1,1,1,1
1,2540470.832,712452.2021,R1_F1_m1f1_P1_Y3_UO4,R1_F1_m-1f-1_P1_Y-1_U70,R1_F1_m1f1_P1_Y1_UO437,FXX,1,53.62613020747331,0,0,0.0,0,0,0,-9999.0,0.375,1,P0_CV0,1,1,1,1,1
1,2540470.832,712452.2021,R1_F1_m1f1_P1_Y3_UO5,R1_F1_m-1f-1_P1_Y-1_U70,R1_F1_m1f1_P1_Y1_UO437,MXY,1,53.62613020747331,0,0,0.0,0,0,0,-9999.0,0.375,1,P0_CV0,1,1,1,1,1
1,2540470.832,712452.2021,R1_F1_m1f1_P1_Y3_UO13,R1_F1_m1f1_P1_Y0_UO209,R1_F1_m1f1_P1_Y1_UO128,MXY,1,53.62613020747331,0,0,0.0,0,0,0,-9999.0,0.25,1,P0_CV0,1,1,1,2,0
1,2540470.832,712452.2021,R1_F1_m1f1_P1_Y3_UO14,R1_F1_m1f1_P1_Y0_UO209,R1_F1_m1f1_P1_Y1_UO128,MXY,1,53.62613020747331,0,0,0.0,0,0,0,-9999.0,0.25,1,P0_CV0,1,2,0,2,0
1,2540470.832,712452.2021,R1_F1_m1f1_P1_Y3_UO32,R1_F1_m1f1_P1_Y1_UO370,R1_F1_m1f1_P1_Y1_UO404,FXX,1,53.62613020747331,0,0,0.0,0,0,0,-9999.0,0.25,1,P0_CV0,1,0,2,0,2
1,2540470.832,712452.2021,R1_F1_m1f1_P1_Y3_UO33,R1_F1_m1f1_P1_Y1_UO370,R1_F1_m1f1_P1_Y1_UO404,FXX,1,53.62613020747331,0,0,0.0,0,0,0,-9999.0,0.25,1,P0_CV0,1,1,1,0,2
1,2540470.832,712452.2021,R1_F1_m1f1_P1_Y3_UO43,R1_F1_m1f1_P1_Y1_UO439,R1_F1_m1f1_P1_Y1_UO211,FXX,1,53.62613020747331,0,0,0.0,0,0,0,-9999.0,0.25,1,P0_CV0,1,1,1,1,1
1,2540470.832,712452.2021,R1_F1_m1f1_P1_Y3_UO61,R1_F1_m1f1_P1_Y1_UO260,R1_F1_m1f1_P1_Y1_UO128,FXX,1,53.62613020747331,0,0,0.0,0,0,0,-9999.0,0.25,1,P0_CV0,1,2,0,1,1
1,2540470.832,712452.2021,R1_F1_m1f1_P1_Y3_UO76,R1_F1_m1f1_P1_Y1_UO223,R1_F1_m1f1_P1_Y1_UO310,MXY,1,53.62613020747331,0,0,0.0,0,0,0,-9999.0,0.25,1,P0_CV0,1,1,1,2,0
1,2540470.832,712452.2021,R1_F1_m1f1_P1_Y3_UO85,R1_F1_m1f1_P1_Y1_UO203,R1_F1_m1f1_P1_Y0_UO187,FXX,1,53.62613020747331,0,0,0.0,0,0,0,-9999.0,0.25,1,P0_CV0,1,1,1,0,2
1,2540470.832,712452.2021,R1_F1_m1f1_P1_Y3_UO89,R1_F1_m4f4_P4_Y1_UO53,R1_F1_m1f1_P1_Y1_UO540,MXY,1,53.62613020747331,0,0,0.0,0,0,0,-9999.0,0.0,1,P0_CV0,1,0,2,0,2
1,2540470.832,712452.2021,R1_F1_m1f1_P1_Y3_UO98,R1_F1_m1f1_P1_Y0_UO161,R1_F1_m1f1_P1_Y1_UO416,FXX,1,53.62613020747331,0,0,0.0,0,0,0,-9999.0,0.125,1,P0_CV0,1,1,1,2,0
1,2540470.832,712452.2021,R1_F1_m1f1_P1_Y3_UO99,R1_F1_m1f1_P1_Y0_UO161,R1_F1_m1f1_P1_Y1_UO416,FXX,1,53.62613020747331,0,0,0.0,0,0,0,-9999.0,0.125,1,P0_CV0,1,1,1,2,0
1,2540470.832,712452.2021,R1_F1_m1f1_P1_Y3_UO107,R1_F1_m1f1_P1_Y1_UO456,R1_F1_m1f1_P1_Y1_UO292,MXY,1,53.62613020747331,0,0,0.0,0,0,0,-9999.0,0.25,1,P0_CV0,1,1,1,0,2
1,2540470.832,712452.2021,R1_F1_m1f1_P1_Y3_UO131,R1_F1_m1f1_P1_Y0_UO171,R1_F1_m-1f-1_P1_Y-1_U125,MXY,1,53.62613020747331,0,0,0.0,0,0,0,-9999.0,0.25,1,P0_CV0,1,2,0,2,0
1,2540470.832,712452.2021,R1_F1_m1f1_P1_Y3_UO132,R1_F1_m1f1_P1_Y0_UO171,R1_F1_m-1f-1_P1_Y-1_U125,MXY,1,53.62613020747331,0,0,0.0,0,0,0,-9999.0,0.25,1,P0_CV0,1,1,1,1,1
1,2540470.832,712452.2021,R1_F1_m1f1_P1_Y3_UO146,R1_F1_m1f1_P1_Y0_UO174,R1_F1_m1f1_P1_Y0_UO78,MXY,1,53.62613020747331,0,0,0.0,0,0,0,-9999.0,0.125,1,P0_CV0,1,2,0,2,0
1,2540470.832,712452.2021,R1_F1_m1f1_P1_Y3_UO147,R1_F1_m1f1_P1_Y0_UO174,R1_F1_m1f1_P1_Y0_UO78,FXX,1,53.62613020747331,0,0,0.0,0,0,0,-9999.0,0.125,1,P0_CV0,1,2,0,1,1
1,2540470.832,712452.2021,R1_F1_m1f1_P1_Y3_UO160,R1_F1_m1f1_P1_Y0_UO209,R1_F1_m1f1_P1_Y1_UO81,MXY,1,53.62613020747331,0,0,0.0,0,0,0,-9999.0,0.375,1,P0_CV0,1,1,1,2,0
1,2540470.832,712452.2021,R1_F1_m1f1_P1_Y3_UO161,R1_F1_m1f1_P1_Y0_UO209,R1_F1_m1f1_P1_Y1_UO81,MXY,1,53.62613020747331,0,0,0.0,0,0,0,-9999.0,0.375,1,P0_CV0,1,1,1,2,0
1,2540470.832,712452.2021,R1_F1_m1f1_P1_Y3_UO169,R1_F1_m1f1_P1_Y1_UO176,R1_F1_m1f1_P1_Y0_UO611,MXY,1,53.62613020747331,0,0,0.0,0,0,0,-9999.0,0.25,1,P0_CV0,1,0,2,2,0
1,2540470.832,712452.2021,R1_F1_m1f1_P1_Y3_UO172,R1_F1_m1f1_P1_Y0_UO9,R1_F1_m-1f-1_P1_Y-1_U54,FXX,1,53.62613020747331,0,0,0.0,0,0,0,-9999.0,0.125,1,P0_CV0,1,1,1,1,1
1,2540470.832,712452.2021,R1_F1_m1f1_P1_Y3_UO173,R1_F1_m1f1_P1_Y0_UO9,R1_F1_m-1f-1_P1_Y-1_U54,MXY,1,53.62613020747331,0,0,0.0,0,0,0,-9999.0,0.125,1,P0_CV0,1,1,1,1,1
1,2540470.832,712452.2021,R1_F1_m1f1_P1_Y3_UO204,R1_F1_m1f1_P1_Y1_UO14,R1_F1_m-1f-1_P1_Y-1_U98,FXX,1,53.62613020747331,0,0,0.0,0,0,0,-9999.0,0.125,1,P0_CV0,1,1,1,1,1
1,2540470.832,712452.2021,R1_F1_m1f1_P1_Y3_UO205,R1_F1_m1f1_P1_Y1_UO14,R1_F1_m-1f-1_P1_Y-1_U98,FXX,1,53.62613020747331,0,0,0.0,0,0,0,-9999.0,0.125,1,P0_CV0,1,1,1,1,1
1,2540470.832,712452.2021,R1_F1_m1f1_P1_Y3_UO216,R1_F1_m1f1_P1_Y0_UO171,R1_F1_m1f1_P1_Y1_UO458,MXY,1,53.62613020747331,0,0,0.0,0,0,0,-9999.0,0.0,1,P0_CV0,1,1,1,2,0
1,2540470.832,712452.2021,R1_F1_m1f1_P1_Y3_UO217,R1_F1_m-1f-1_P1_Y-1_U100,R1_F1_m1f1_P1_Y1_UO354,FXX,1,53.62613020747331,0,0,0.0,0,0,0,-9999.0,0.25,1,P0_CV0,1,1,1,2,0
1,2540470.832,712452.2021,R1_F1_m1f1_P1_Y3_UO218,R1_F1_m-1f-1_P1_Y-1_U100,R1_F1_m1f1_P1_Y1_UO354,MXY,1,53.62613020747331,0,0,0.0,0,0,0,-9999.0,0.25,1,P0_CV0,1,1,1,1,1
1,2540470.832,712452.2021,R1_F1_m1f1_P1_Y3_UO219,R1_F1_m-1f-1_P1_Y-1_U100,R1_F1_m1f1_P1_Y1_UO354,FXX,1,53.62613020747331,0,0,0.0,0,0,0,-9999.0,0.25,1,P0_CV0,1,1,1,1,1
1,2540470.832,712452.2021,R1_F1_m1f1_P1_Y3_UO226,R1_F1_m4f4_P4_Y1_UO53,R1_F1_m1f1_P1_Y1_UO81,FXX,1,53.62613020747331,0,0,0.0,0,0,0,-9999.0,0.25,1,P0_CV0,1,0,2,1,1
1,2540470.832,712452.2021,R1_F1_m1f1_P1_Y3_UO237,R1_F1_m1f1_P1_Y1_UO370,R1_F1_m1f1_P1_Y1_UO540,FXX,1,53.62613020747331,0,0,0.0,0,0,0,-9999.0,0.125,1,P0_CV0,1,0,2,1,1
1,2540470.832,712452.2021,R1_F1_m1f1_P1_Y3_UO238,R1_F1_m1f1_P1_Y1_UO370,R1_F1_m1f1_P1_Y1_UO540,FXX,1,53.62613020747331,0,0,0.0,0,0,0,-9999.0,0.125,1,P0_CV0,1,0,2,1,1
1,2540470.832,712452.2021,R1_F1_m1f1_P1_Y3_UO239,I1_F7_m1f1_P1_Y1_UO341,R1_F1_m-1f-1_P1_Y-1_U36,MXY,1,53.62613020747331,0,0,0.0,0,0,0,-9999.0,0.5,1,P0_CV0,1,2,0,0,2
1,2540470.832,712452.2021,R1_F1_m1f1_P1_Y3_UO240,I1_F7_m1f1_P1_Y1_UO341,R1_F1_m-1f-1_P1_Y-1_U36,MXY,1,53.62613020747331,0,0,0.0,0,0,0,-9999.0,0.5,1,P0_CV0,1,1,1,0,2
1,2540470.832,712452.2021,R1_F1_m1f1_P1_Y3_UO241,I1_F7_m1f1_P1_Y1_UO341,R1_F1_m-1f-1_P1_Y-1_U36,FXX,1,53.62613020747331,0,0,0.0,0,0,0,-9999.0,0.5,1,P0_CV0,1,1,1,1,1
1,2540470.832,712452.2021,R1_F1_m1f1_P1_Y3_UO242,R1_F1_m1f1_P1_Y1_UO439,R1_F1_m-1f-1_P1_Y-1_U46,FXX,1,53.62613020747331,0,0,0.0,0,0,0,-9999.0,0.375,1,P0_CV0,1,1,1,1,1
1,2540470.832,712452.2021,R1_F1_m1f1_P1_Y3_UO243,R1_F1_m1f1_P1_Y1_UO439,R1_F1_m-1f-1_P1_Y-1_U46,MXY,1,53.62613020747331,0,0,0.0,0,0,0,-9999.0,0.375,1,P0_CV0,1,1,1,2,0
1,2540470.832,712452.2021,R1_F1_m1f1_P1_Y3_UO249,R1_F1_m1f1_P1_Y0_UO161,R1_F1_m1f1_P1_Y0_UO371,MXY,1,53.62613020747331,0,0,0.0,0,0,0,-9999.0,0.25,1,P0_CV0,1,2,0,0,2
1,2540470.832,712452.2021,R1_F1_m1f1_P1_Y3_UO250,R1_F1_m1f1_P1_Y1_UO456,R1_F1_m1f1_P1_Y1_UO451,MXY,1,53.62613020747331,0,0,0.0,0,0,0,-9999.0,0.0,1,P0_CV0,1,0,2,1,1
1,2540470.832,712452.2021,R1_F1_m1f1_P1_Y3_UO251,R1_F1_m1f1_P1_Y1_UO456,R1_F1_m1f1_P1_Y1_UO451,MXY,1,53.62613020747331,0,0,0.0,0,0,0,-9999.0,0.0,1,P0_CV0,1,0,2,0,2
1,2540470.832,712452.2021,R1_F1_m1f1_P1_Y3_UO275,R1_F1_m1f1_P1_Y1_UO260,R1_F1_m1f1_P1_Y1_UO540,MXY,1,53.62613020747331,0,0,0.0,0,0,0,-9999.0,0.125,1,P0_CV0,1,1,1,0,2
1,2540470.832,712452.2021,R1_F1_m1f1_P1_Y3_UO282,R1_F1_m1f1_P1_Y1_UO440,R1_F1_m1f1_P1_Y1_UO540,FXX,1,53.62613020747331,0,0,0.0,0,0,0,-9999.0,0.125,1,P0_CV0,1,0,2,1,1
1,2540470.832,712452.2021,R1_F1_m1f1_P1_Y3_UO288,R1_F1_m1f1_P1_Y1_UO27,R1_F1_m1f1_P1_Y1_UO416,FXX,1,53.62613020747331,0,0,0.0,0,0,0,-9999.0,0.125,1,P0_CV0,1,0,2,1,1
1,2540470.832,712452.2021,R1_F1_m1f1_P1_Y3_UO289,R1_F1_m1f1_P1_Y1_UO27,R1_F1_m1f1_P1_Y1_UO416,FXX,1,53.62613020747331,0,0,0.0,0,0,0,-9999.0,0.125,1,P0_CV0,1,1,1,2,0
1,2540470.832,712452.2021,R1_F1_m1f1_P1_Y3_UO296,R1_F1_m1f1_P1_Y0_UO336,R1_F1_m-1f-1_P1_Y-1_U54,MXY,1,53.62613020747331,0,0,0.0,0,0,0,-9999.0,0.125,1,P0_CV0,1,0,2,1,1
1,2540470.832,712452.2021,R1_F1_m1f1_P1_Y3_UO297,R1_F1_m1f1_P1_Y0_UO336,R1_F1_m-1f-1_P1_Y-1_U54,FXX,1,53.62613020747331,0,0,0.0,0,0,0,-9999.0,0.125,1,P0_CV0,1,0,2,2,0
1,2540470.832,712452.2021,R1_F1_m1f1_P1_Y3_UO321,R1_F1_m1f1_P1_Y1_UO176,RD1_F2_m-1f-1_P2_Y-1_U58,FXX,1,53.62613020747331,0,0,0.0,0,0,0,-9999.0,0.125,1,P0_CV0,1,0,2,1,1
1,2540470.832,712452.2021,R1_F1_m1f1_P1_Y3_UO336,R1_F1_m1f1_P1_Y0_UO171,R1_F1_m1f1_P1_Y1_UO455,FXX,1,53.62613020747331,0,0,0.0,0,0,0,-9999.0,0.0,1,P0_CV0,1,0,2,2,0
1,2540470.832,712452.2021,R1_F1_m1f1_P1_Y3_UO337,R1_F1_m1f1_P1_Y0_UO171,R1_F1_m1f1_P1_Y1_UO455,FXX,1,53.62613020747331,0,0,0.0,0,0,0,-9999.0,0.0,1,P0_CV0,1,2,0,1,1
1,2540470.832,712452.2021,R1_F1_m1f1_P1_Y3_UO346,R1_F1_m1f1_P1_Y0_UO161,R1_F1_m1f1_P1_Y0_UO816,FXX,1,53.62613020747331,0,0,0.0,0,0,0,-9999.0,0.125,1,P0_CV0,1,2,0,1,1
1,2540470.832,712452.2021,R1_F1_m1f1_P1_Y3_UO347,R1_F1_m1f1_P1_Y0_UO161,R1_F1_m1f1_P1_Y0_UO816,MXY,1,53.62613020747331,0,0,0.0,0,0,0,-9999.0,0.125,1,P0_CV0,1,2,0,1,1
1,2540470.832,712452.2021,R1_F1_m1f1_P1_Y3_UO356,R1_F1_m1f1_P1_Y1_UO339,R1_F1_m1f1_P1_Y0_UO352,FXX,1,53.62613020747331,0,0,0.0,0,0,0,-9999.0,0.25,1,P0_CV0,1,1,1,2,0
1,2540470.832,712452.2021,R1_F1_m1f1_P1_Y3_UO357,R1_F1_m1f1_P1_Y1_UO339,R1_F1_m1f1_P1_Y0_UO352,FXX,1,53.62613020747331,0,0,0.0,0,0,0,-9999.0,0.25,1,P0_CV0,1,1,1,1,1
1,2540470.832,712452.2021,R1_F1_m1f1_P1_Y3_UO358,R1_F1_m1f1_P1_Y1_UO339,R1_F1_m1f1_P1_Y0_UO352,MXY,1,53.62613020747331,0,0,0.0,0,0,0,-9999.0,0.25,1,P0_CV0,1,0,2,1,1
1,2540470.832,712452.2021,R1_F1_m1f1_P1_Y3_UO369,R1_F1_m1f1_P1_Y1_UO176,R1_F1_m1f1_P1_Y1_UO540,MXY,1,53.62613020747331,0,0,0.0,0,0,0,-9999.0,0.125,1,P0_CV0,1,1,1,1,1
1,2540470.832,712452.2021,R1_F1_m1f1_P1_Y3_UO395,R1_F1_m-1f-1_P1_Y-1_U70,R1_F1_m1f1_P1_Y1_UO310,FXX,1,53.62613020747331,0,0,0.0,0,0,0,-9999.0,0.375,1,P0_CV0,1,0,2,1,1
1,2540470.832,712452.2021,R1_F1_m1f1_P1_Y3_UO396,R1_F1_m-1f-1_P1_Y-1_U70,R1_F1_m1f1_P1_Y1_UO310,FXX,1,53.62613020747331,0,0,0.0,0,0,0,-9999.0,0.375,1,P0_CV0,1,1,1,1,1
1,2540470.832,712452.2021,R1_F1_m1f1_P1_Y3_UO412,R1_F1_m1f1_P1_Y1_UO27,R1_F1_m1f1_P1_Y0_UO609,MXY,1,53.62613020747331,0,0,0.0,0,0,0,-9999.0,0.25,1,P0_CV0,1,0,2,1,1
1,2540470.832,712452.2021,R1_F1_m1f1_P1_Y3_UO418,R1_F1_m1f1_P1_Y0_UO475,R1_F1_m1f1_P1_Y1_UO287,MXY,1,53.62613020747331,0,0,0.0,0,0,0,-9999.0,0.25,1,P0_CV0,1,0,2,2,0
1,2540470.832,712452.2021,R1_F1_m1f1_P1_Y3_UO419,R1_F1_m1f1_P1_Y0_UO475,R1_F1_m1f1_P1_Y1_UO287,FXX,1,53.62613020747331,0,0,0.0,0,0,0,-9999.0,0.25,1,P0_CV0,1,1,1,1,1
1,2540470.832,712452.2021,R1_F1_m1f1_P1_Y3_UO420,R1_F1_m1f1_P1_Y0_UO475,R1_F1_m1f1_P1_Y1_UO287,FXX,1,53.62613020747331,0,0,0.0,0,0,0,-9999.0,0.25,1,P0_CV0,1,2,0,1,1
1,2540470.832,712452.2021,R1_F1_m1f1_P1_Y3_UO423,R1_F1_m1f1_P1_Y1_UO456,R1_F1_m-1f-1_P1_Y-1_U46,MXY,1,53.62613020747331,0,0,0.0,0,0,0,-9999.0,0.25,1,P0_CV0,1,0,2,1,1
1,2540470.832,712452.2021,R1_F1_m1f1_P1_Y3_UO469,R1_F1_m1f1_P1_Y1_UO428,R1_F1_m1f1_P1_Y1_UO483,MXY,1,53.62613020747331,0,0,0.0,0,0,0,-9999.0,0.375,1,P0_CV0,1,1,1,1,1
1,2540470.832,712452.2021,R1_F1_m1f1_P1_Y3_UO474,R1_F1_m-1f-1_P1_Y-1_U70,R1_F1_m1f1_P1_Y0_UO744,MXY,1,53.62613020747331,0,0,0.0,0,0,0,-9999.0,0.25,1,P0_CV0,1,1,1,1,1
1,2540470.832,712452.2021,R1_F1_m1f1_P1_Y3_UO475,R1_F1_m-1f-1_P1_Y-1_U70,R1_F1_m1f1_P1_Y0_UO744,MXY,1,53.62613020747331,0,0,0.0,0,0,0,-9999.0,0.25,1,P0_CV0,1,1,1,2,0
1,2540470.832,712452.2021,R1_F1_m1f1_P1_Y3_UO476,R1_F1_m-1f-1_P1_Y-1_U70,R1_F1_m1f1_P1_Y0_UO744,MXY,1,53.62613020747331,0,0,0.0,0,0,0,-9999.0,0.25,1,P0_CV0,1,1,1,1,1
1,2540470.832,712452.2021,R1_F1_m1f1_P1_Y3_UO478,R1_F1_m1f1_P1_Y0_UO336,R1_F1_m1f1_P1_Y0_UO165,FXX,1,53.62613020747331,0,0,0.0,0,0,0,-9999.0,0.25,1,P0_CV0,1,0,2,0,2
1,2540470.832,712452.2021,R1_F1_m1f1_P1_Y3_UO479,R1_F1_m1f1_P1_Y0_UO336,R1_F1_m1f1_P1_Y0_UO165,MXY,1,53.62613020747331,0,0,0.0,0,0,0,-9999.0,0.25,1,P0_CV0,1,0,2,1,1
1,2540470.832,712452.2021,R1_F1_m1f1_P1_Y3_UO517,R1_F1_m-1f-1_P1_Y-1_U100,R1_F1_m1f1_P1_Y1_UO310,MXY,1,53.62613020747331,0,0,0.0,0,0,0,-9999.0,0.125,1,P0_CV0,1,0,2,0,2
1,2540470.832,712452.2021,R1_F1_m1f1_P1_Y3_UO518,R1_F1_m-1f-1_P1_Y-1_U100,R1_F1_m1f1_P1_Y1_UO310,MXY,1,53.62613020747331,0,0,0.0,0,0,0,-9999.0,0.125,1,P0_CV0,1,0,2,1,1
1,2540470.832,712452.2021,R1_F1_m1f1_P1_Y3_UO522,R1_F1_m1f1_P1_Y1_UO607,R1_F1_m1f1_P1_Y0_UO207,MXY,1,53.62613020747331,0,0,0.0,0,0,0,-9999.0,0.25,1,P0_CV0,1,2,0,1,1
1,2540470.832,712452.2021,R1_F1_m1f1_P1_Y3_UO523,R1_F1_m1f1_P1_Y1_UO607,R1_F1_m1f1_P1_Y0_UO207,MXY,1,53.62613020747331,0,0,0.0,0,0,0,-9999.0,0.25,1,P0_CV0,1,1,1,1,1
1,2540470.832,712452.2021,R1_F1_m1f1_P1_Y3_UO524,R1_F1_m1f1_P1_Y1_UO607,R1_F1_m1f1_P1_Y0_UO207,FXX,1,53.62613020747331,0,0,0.0,0,0,0,-9999.0,0.25,1,P0_CV0,1,2,0,0,2
1,2540470.832,712452.2021,R1_F1_m1f1_P1_Y3_UO545,R1_F1_m1f1_P1_Y1_UO401,R1_F1_m1f1_P1_Y0_UO207,FXX,1,53.62613020747331,0,0,0.0,0,0,0,-9999.0,0.25,1,P0_CV0,1,2,0,1,1
1,2540470.832,712452.2021,R1_F1_m1f1_P1_Y3_UO552,R1_F1_m1f1_P1_Y1_UO223,R1_F1_m1f1_P1_Y1_UO416,MXY,1,53.62613020747331,0,0,0.0,0,0,0,-9999.0,0.125,1,P0_CV0,1,0,2,1,1
1,2540470.832,712452.2021,R1_F1_m1f1_P1_Y3_UO560,R1_F1_m1f1_P1_Y1_UO482,R1_F1_m1f1_P1_Y0_UO389,FXX,1,53.62613020747331,0,0,0.0,0,0,0,-9999.0,0.375,1,P0_CV0,1,1,1,2,0
1,2540470.832,712452.2021,R1_F1_m1f1_P1_Y3_UO561,R1_F1_m1f1_P1_Y1_UO482,R1_F1_m1f1_P1_Y0_UO389,MXY,1,53.62613020747331,0,0,0.0,0,0,0,-9999.0,0.375,1,P0_CV0,1,1,1,2,0
1,2540470.832,712452.2021,R1_F1_m1f1_P1_Y3_UO563,R1_F1_m1f1_P1_Y1_UO456,R1_F1_m1f1_P1_Y1_UO438,FXX,1,53.62613020747331,0,0,0.0,0,0,0,-9999.0,0.125,1,P0_CV0,1,0,2,1,1
1,2540470.832,712452.2021,R1_F1_m1f1_P1_Y3_UO565,R1_F1_m1f1_P1_Y1_UO176,R1_F1_m1f1_P1_Y0_UO7,FXX,1,53.62613020747331,0,0,0.0,0,0,0,-9999.0,0.25,1,P0_CV0,1,2,0,1,1
1,2540470.832,712452.2021,R1_F1_m1f1_P1_Y3_UO566,R1_F1_m1f1_P1_Y1_UO176,R1_F1_m1f1_P1_Y0_UO7,MXY,1,53.62613020747331,0,0,0.0,0,0,0,-9999.0,0.25,1,P0_CV0,1,1,1,2,0
1,2540470.832,712452.2021,R1_F1_m1f1_P1_Y3_UO567,R1_F1_m1f1_P1_Y1_UO176,R1_F1_m1f1_P1_Y1_UO402,MXY,1,53.62613020747331,0,0,0.0,0,0,0,-9999.0,0.25,1,P0_CV0,1,2,0,1,1
1,2540470.832,712452.2021,R1_F1_m1f1_P1_Y3_UO568,R1_F1_m1f1_P1_Y1_UO176,R1_F1_m1f1_P1_Y1_UO402,FXX,1,53.62613020747331,0,0,0.0,0,0,0,-9999.0,0.25,1,P0_CV0,1,2,0,1,1
1,2540470.832,712452.2021,R1_F1_m1f1_P1_Y3_UO570,R1_F1_m1f1_P1_Y0_UO173,R1_F1_m1f1_P1_Y1_UO468,FXX,1,53.62613020747331,0,0,0.0,0,0,0,-9999.0,0.125,1,P0_CV0,1,2,0,1,1
1,2540470.832,712452.2021,R1_F1_m1f1_P1_Y3_UO585,R1_F1_m-1f-1_P1_Y-1_U85,R1_F1_m1f1_P1_Y1_UO374,FXX,1,53.62613020747331,0,0,0.0,0,0,0,-9999.0,0.125,1,P0_CV0,1,0,2,2,0
1,2540470.832,712452.2021,R1_F1_m1f1_P1_Y3_UO586,R1_F1_m-1f-1_P1_Y-1_U85,R1_F1_m1f1_P1_Y1_UO374,FXX,1,53.62613020747331,0,0,0.0,0,0,0,-9999.0,0.125,1,P0_CV0,1,0,2,1,1
1,2540470.832,712452.2021,R1_F1_m1f1_P1_Y3_UO587,R1_F1_m-1f-1_P1_Y-1_U85,R1_F1_m1f1_P1_Y1_UO374,FXX,1,53.62613020747331,0,0,0.0,0,0,0,-9999.0,0.125,1,P0_CV0,1,1,1,2,0
1,2540470.832,712452.2021,R1_F1_m1f1_P1_Y3_UO588,R1_F1_m1f1_P1_Y0_UO741,R1_F1_m1f1_P1_Y1_UO539,FXX,1,53.62613020747331,0,0,0.0,0,0,0,-9999.0,0.0,1,P0_CV0,1,1,1,0,2
1,2540470.832,712452.2021,R1_F1_m1f1_P1_Y3_UO589,R1_F1_m1f1_P1_Y0_UO741,R1_F1_m1f1_P1_Y1_UO539,FXX,1,53.62613020747331,0,0,0.0,0,0,0,-9999.0,0.0,1,P0_CV0,1,1,1,1,1
1,2540470.832,712452.2021,R1_F1_m1f1_P1_Y3_UO598,R1_F1_m1f1_P1_Y0_UO171,R1_F1_m1f1_P1_Y0_UO816,FXX,1,53.62613020747331,0,0,0.0,0,0,0,-9999.0,0.0,1,P0_CV0,1,0,2,2,0
1,2540470.832,712452.2021,R1_F1_m1f1_P1_Y3_UO599,R1_F1_m1f1_P1_Y0_UO171,R1_F1_m1f1_P1_Y0_UO816,MXY,1,53.62613020747331,0,0,0.0,0,0,0,-9999.0,0.0,1,P0_CV0,1,1,1,2,0
1,2540470.832,712452.2021,R1_F1_m1f1_P1_Y3_UO612,R1_F1_m1f1_P1_Y1_UO456,R1_F1_m1f1_P1_Y0_UO611,FXX,1,53.62613020747331,0,0,0.0,0,0,0,-9999.0,0.125,1,P0_CV0,1,0,2,1,1
1,2540470.832,712452.2021,R1_F1_m1f1_P1_Y3_UO613,R1_F1_m1f1_P1_Y1_UO456,R1_F1_m1f1_P1_Y0_UO611,MXY,1,53.62613020747331,0,0,0.0,0,0,0,-9999.0,0.125,1,P0_CV0,1,0,2,1,1
1,2540470.832,712452.2021,R1_F1_m1f1_P1_Y2_UO201,R1_F1_m-1f-1_P1_Y-1_U132,R1_F1_m1f1_P1_Y0_UO611,FXX,2,77.58253724906278,1,0,1.807,0,0,0,-9999.0,0.125,1,P0_CV0,1,0,2,2,0
1,2540470.832,712452.2021,R1_F1_m1f1_P1_Y2_UO671,R1_F1_m-1f-1_P1_Y-1_U85,R1_F1_m-1f-1_P1_Y-1_U37,MXY,2,77.58253724906278,1,0,0.0,0,0,0,-9999.0,0.0,1,P0_CV0,1,0,2,1,1
1,2540470.832,712452.2021,R1_F1_m1f1_P1_Y2_UO284,R1_F1_m1f1_P1_Y0_UO741,R1_F1_m-1f-1_P1_Y-1_U30,MXY,2,77.58253724906278,1,0,0.0,0,0,0,-9999.0,0.0,1,P0_CV0,1,1,1,0,2
1,2540470.832,712452.2021,R1_F1_m1f1_P1_Y2_UO261,I1_F7_m-1f-1_P1_Y-1_U70,R1_F1_m-1f-1_P1_Y-1_U15,FXX,2,77.58253724906278,1,0,0.0,0,0,0,-9999.0,0.5,1,P0_CV0,1,1,1,1,1
1,2540470.832,712452.2021,R1_F1_m1f1_P1_Y2_UO400,R1_F1_m-1f-1_P1_Y-1_U48,R1_F1_m1f1_P1_Y0_UO7,MXY,2,77.58253724906278,1,0,0.0,0,0,0,-9999.0,0.375,1,P0_CV0,1,0,2,1,1
1,2540470.832,712452.2021,R1_F1_m1f1_P1_Y2_UO552,R1_F1_m-1f-1_P1_Y-1_U132,R1_F1_m-1f-1_P1_Y-1_U125,MXY,2,77.58253724906278,1,0,0.0,0,0,0,-9999.0,0.25,1,P0_CV0,1,0,2,2,0
1,2540470.832,712452.2021,R1_F1_m1f1_P1_Y2_UO159,R1_F1_m-1f-1_P1_Y-1_U134,R1_F1_m-1f-1_P1_Y-1_U40,MXY,2,77.58253724906278,1,0,0.0,0,0,0,-9999.0,0.75,1,P0_CV0,1,2,0,0,2
1,2540470.832,712452.2021,R1_F1_m1f1_P1_Y2_UO475,R1_F1_m-1f-1_P1_Y-1_U48,R1_F1_m3f3_P3_Y0_UO623,MXY,2,77.58253724906278,1,0,0.0,0,0,0,-9999.0,0.5,1,P0_CV0,1,1,1,0,2
1,2540470.832,712452.2021,R1_F1_m1f1_P1_Y2_UO401,R1_F1_m-1f-1_P1_Y-1_U48,R1_F1_m1f1_P1_Y0_UO7,FXX,2,77.58253724906278,1,0,1.0,0,0,0,-9999.0,0.375,1,P0_CV0,1,2,0,1,1
1,2540470.832,712452.2021,R1_F1_m1f1_P1_Y2_UO26,R1_F1_m1f1_P1_Y0_UO189,R1_F1_m-1f-1_P1_Y-1_U98,FXX,2,77.58253724906278,1,0,0.0,0,0,0,-9999.0,0.125,1,P0_CV0,1,1,1,0,2
1,2540470.832,712452.2021,R1_F1_m1f1_P1_Y2_UO482,R1_F1_m1f1_P1_Y0_UO174,R1_F1_m1f1_P1_Y0_UO187,MXY,2,77.58253724906278,1,0,0.0,0,0,0,-9999.0,0.125,1,P0_CV0,1,1,1,1,1
1,2540470.832,712452.2021,R1_F1_m1f1_P1_Y2_UO67,R1_F1_m-1f-1_P1_Y-1_U132,R1_F1_m1f1_P1_Y0_UO187,MXY,2,77.58253724906278,1,0,0.0,0,0,0,-9999.0,0.125,1,P0_CV0,1,0,2,2,0
1,2540470.832,712452.2021,R1_F1_m1f1_P1_Y2_UO55,R1_F1_m-1f-1_P1_Y-1_U48,R1_F1_m-1f-1_P1_Y-1_U98,MXY,2,77.58253724906278,1,0,0.0,0,0,0,-9999.0,0.25,1,P0_CV0,1,0,2,1,1
1,2540470.832,712452.2021,R1_F1_m1f1_P1_Y2_UO237,R1_F1_m-1f-1_P1_Y-1_U85,R1_F1_m1f1_P1_Y0_UO412,FXX,2,77.58253724906278,1,0,1.862,0,0,0,-9999.0,0.375,1,P0_CV0,1,0,2,0,2
1,2540470.832,712452.2021,R1_F1_m1f1_P1_Y2_UO65,R1_F1_m-1f-1_P1_Y-1_U132,R1_F1_m1f1_P1_Y0_UO187,FXX,2,77.58253724906278,1,0,1.293,0,0,0,-9999.0,0.125,1,P0_CV0,1,0,2,2,0
1,2540470.832,712452.2021,R1_F1_m1f1_P1_Y2_UO51,R1_F1_m-1f-1_P1_Y-1_U48,R1_F1_m-1f-1_P1_Y-1_U98,MXY,2,77.58253724906278,1,0,0.0,0,0,0,-9999.0,0.25,1,P0_CV0,1,0,2,1,1
1,2540470.832,712452.2021,R1_F1_m1f1_P1_Y2_UO402,R1_F1_m-1f-1_P1_Y-1_U48,R1_F1_m1f1_P1_Y0_UO7,MXY,2,77.58253724906278,1,0,0.0,0,0,0,-9999.0,0.375,1,P0_CV0,1,2,0,1,1
1,2540470.832,712452.2021,R1_F1_m1f1_P1_Y2_UO202,R1_F1_m-1f-1_P1_Y-1_U132,R1_F1_m1f1_P1_Y0_UO611,FXX,2,77.58253724906278,1,0,0.0,0,0,0,-9999.0,0.125,1,P0_CV0,1,0,2,2,0
1,2540470.832,712452.2021,R1_F1_m1f1_P1_Y2_UO198,R1_F1_m1f1_P1_Y0_UO162,R1_F1_m1f1_P1_Y0_UO207,FXX,2,77.58253724906278,1,0,0.0,0,0,0,-9999.0,0.25,1,P0_CV0,1,0,2,1,1
1,2540470.832,712452.2021,R1_F1_m1f1_P1_Y2_UO69,R1_F1_m-1f-1_P1_Y-1_U132,R1_F1_m1f1_P1_Y0_UO187,MXY,2,77.58253724906278,1,0,0.0,0,0,0,-9999.0,0.125,1,P0_CV0,1,0,2,1,1
1,2540470.832,712452.2021,R1_F1_m1f1_P1_Y2_UO186,R1_F1_m-1f-1_P1_Y-1_U85,R1_F1_m1f1_P1_Y0_UO78,FXX,2,77.58253724906278,1,0,1.0,0,0,0,-9999.0,0.125,1,P0_CV0,1,1,1,1,1
1,2540470.832,712452.2021,R1_F1_m1f1_P1_Y2_UO447,R1_F1_m1f1_P1_Y0_UO183,R1_F1_m-1f-1_P1_Y-1_U36,MXY,2,77.58253724906278,1,0,0.0,0,0,0,-9999.0,0.375,1,P0_CV0,1,2,0,1,1
1,2540470.832,712452.2021,R1_F1_m1f1_P1_Y2_UO157,R1_F1_m-1f-1_P1_Y-1_U134,R1_F1_m-1f-1_P1_Y-1_U40,MXY,2,77.58253724906278,1,0,0.0,0,0,0,-9999.0,0.75,1,P0_CV0,1,1,1,1,1
1,2540470.832,712452.2021,R1_F1_m1f1_P1_Y2_UO528,R1_F1_m-1f-1_P1_Y-1_U48,R1_F1_m1f1_P1_Y0_UO611,MXY,2,77.58253724906278,1,0,0.0,0,0,0,-9999.0,0.375,1,P0_CV0,1,1,1,2,0
1,2540470.832,712452.2021,R1_F1_m1f1_P1_Y2_UO161,R1_F1_m-1f-1_P1_Y-1_U134,R1_F1_m-1f-1_P1_Y-1_U40,FXX,2,77.58253724906278,1,0,0.0,0,0,0,-9999.0,0.75,1,P0_CV0,1,1,1,0,2
1,2540470.832,712452.2021,R1_F1_m1f1_P1_Y2_UO111,R1_F1_m1f1_P1_Y0_UO174,R1_F1_m-1f-1_P1_Y-1_U10,MXY,2,77.58253724906278,1,0,0.0,0,0,0,-9999.0,0.0,1,P0_CV0,1,1,1,1,1
1,2540470.832,712452.2021,R1_F1_m1f1_P1_Y2_UO240,R1_F1_m-1f-1_P1_Y-1_U85,R1_F1_m1f1_P1_Y0_UO412,MXY,2,77.58253724906278,1,0,0.0,0,0,0,-9999.0,0.375,1,P0_CV0,1,0,2,1,1
1,2540470.832,712452.2021,R1_F1_m1f1_P1_Y2_UO45,R1_F1_m1f1_P1_Y0_UO18,R1_F1_m-1f-1_P1_Y-1_U20,FXX,2,77.58253724906278,1,0,1.432,0,0,0,-9999.0,0.25,1,P0_CV0,1,0,2,2,0
1,2540470.832,712452.2021,R1_F1_m1f1_P1_Y2_UO248,R1_F1_m-1f-1_P1_Y-1_U19,R1_F1_m-1f-1_P1_Y-1_U111,FXX,2,77.58253724906278,1,0,1.167,0,0,0,-9999.0,0.25,1,P0_CV0,1,0,2,0,2
1,2540470.832,712452.2021,R1_F1_m1f1_P1_Y2_UO477,R1_F1_m-1f-1_P1_Y-1_U48,R1_F1_m3f3_P3_Y0_UO623,MXY,2,77.58253724906278,1,0,0.0,0,0,0,-9999.0,0.5,1,P0_CV0,1,0,2,1,1
1,2540470.832,712452.2021,R1_F1_m1f1_P1_Y2_UO70,R1_F1_m-1f-1_P1_Y-1_U132,R1_F1_m1f1_P1_Y0_UO187,FXX,2,77.58253724906278,1,0,0.0,0,0,0,-9999.0,0.125,1,P0_CV0,1,0,2,2,0
1,2540470.832,712452.2021,R1_F1_m1f1_P1_Y2_UO52,R1_F1_m-1f-1_P1_Y-1_U48,R1_F1_m-1f-1_P1_Y-1_U98,MXY,2,77.58253724906278,1,0,0.0,0,0,0,-9999.0,0.25,1,P0_CV0,1,1,1,0,2
1,2540470.832,712452.2021,R1_F1_m1f1_P1_Y2_UO82,R1_F1_m1f1_P1_Y0_UO388,R1_F1_m1f1_P1_Y0_UO389,FXX,2,77.58253724906278,1,0,0.0,0,0,0,-9999.0,0.5,1,P0_CV0,1,1,1,1,1
1,2540470.832,712452.2021,R1_F1_m1f1_P1_Y2_UO710,R1_F1_m-1f-1_P1_Y-1_U79,R1_F1_m-1f-1_P1_Y-1_U37,FXX,2,77.58253724906278,1,0,0.0,0,0,0,-9999.0,0.0,1,P0_CV0,1,0,2,1,1
1,2540470.832,712452.2021,R1_F1_m1f1_P1_Y2_UO649,R1_F1_m1f1_P1_Y0_UO742,I1_F7_m-1f-1_P1_Y-1_U46,MXY,2,77.58253724906278,1,0,0.0,0,0,0,-9999.0,0.25,1,P0_CV0,1,0,2,1,1
1,2540470.832,712452.2021,R1_F1_m1f1_P1_Y2_UO372,R1_F1_m-1f-1_P1_Y-1_U24,R1_F1_m-1f-1_P1_Y-1_U125,FXX,2,77.58253724906278,1,0,2.445,0,0,0,-9999.0,0.5,1,P0_CV0,1,1,1,0,2
1,2540470.832,712452.2021,R1_F1_m1f1_P1_Y2_UO110,R1_F1_m1f1_P1_Y0_UO174,R1_F1_m-1f-1_P1_Y-1_U10,MXY,2,77.58253724906278,1,0,0.0,0,0,0,-9999.0,0.0,1,P0_CV0,1,1,1,2,0
1,2540470.832,712452.2021,R1_F1_m1f1_P1_Y2_UO85,R1_F1_m1f1_P1_Y0_UO388,R1_F1_m1f1_P1_Y0_UO389,MXY,2,77.58253724906278,1,0,0.0,0,0,0,-9999.0,0.5,1,P0_CV0,1,1,1,1,1
1,2540470.832,712452.2021,R1_F1_m1f1_P1_Y2_UO470,R1_F1_m-1f-1_P1_Y-1_U132,R1_F1_m-1f-1_P1_Y-1_U98,FXX,2,77.58253724906278,1,0,0.0,0,0,0,-9999.0,0.0,1,P0_CV0,1,0,2,1,1
1,2540470.832,712452.2021,R1_F1_m1f1_P1_Y2_UO320,R1_F1_m-1f-1_P1_Y-1_U24,R1_F1_m-1f-1_P1_Y-1_U111,MXY,2,77.58253724906278,1,0,0.0,0,0,0,-9999.0,0.25,1,P0_CV0,1,1,1,0,2
1,2540470.832,712452.2021,R1_F1_m1f1_P1_Y2_UO551,R1_F1_m-1f-1_P1_Y-1_U132,R1_F1_m-1f-1_P1_Y-1_U125,FXX,2,77.58253724906278,1,0,2.515,0,0,0,-9999.0,0.25,1,P0_CV0,1,1,1,2,0
1,2540470.832,712452.2021,R1_F1_m1f1_P1_Y2_UO471,R1_F1_m-1f-1_P1_Y-1_U132,R1_F1_m-1f-1_P1_Y-1_U98,FXX,2,77.58253724906278,1,0,1.0,0,0,0,-9999.0,0.0,1,P0_CV0,1,0,2,1,1
1,2540470.832,712452.2021,I1_F7_m1f1_P1_Y2_UO405,R1_F1_m-1f-1_P1_Y-1_U48,R1_F1_m1f1_P1_Y0_UO7,FXX,2,77.58019537527015,1,0,1.0,0,0,0,-9999.0,0.375,1,P0_CV0,1,1,1,2,0
1,2540470.832,712452.2021,R1_F1_m1f1_P1_Y1_UO114,R1_F1_m-1f-1_P1_Y-1_U55,R1_F1_m-1f-1_P1_Y-1_U67,FXX,3,97.18394065947172,1,0,1.03,0,0,0,-9999.0,0.0,1,P0_CV0,1,0,2,1,1
1,2540470.832,712452.2021,R1_F1_m1f1_P1_Y1_UO437,R1_F1_m-1f-1_P1_Y-1_U138,R1_F1_m-1f-1_P1_Y-1_U106,MXY,3,97.18394065947172,1,0,0.0,0,0,0,-9999.0,0.25,1,P0_CV0,1,1,1,0,2
1,2540470.832,712452.2021,R1_F1_m1f1_P1_Y1_UO451,R1_F1_m-1f-1_P1_Y-1_U55,R1_F1_m-1f-1_P1_Y-1_U68,MXY,3,97.18394065947172,1,0,0.0,0,0,0,-9999.0,0.0,1,P0_CV0,1,0,2,1,1
1,2540470.832,712452.2021,R1_F1_m1f1_P1_Y1_UO483,R1_F1_m-1f-1_P1_Y-1_U138,R1_F1_m-1f-1_P1_Y-1_U45,MXY,3,97.18394065947172,1,0,0.0,0,0,0,-9999.0,0.25,1,P0_CV0,1,0,2,0,2
1,2540470.832,712452.2021,R1_F1_m1f1_P1_Y1_UO243,R1_F1_m-1f-1_P1_Y-1_U113,R1_F1_m-1f-1_P1_Y-1_U8,MXY,3,97.18394065947172,1,0,0.0,0,0,0,-9999.0,0.5,1,P0_CV0,1,1,1,1,1
1,2540470.832,712452.2021,R1_F1_m1f1_P1_Y1_UO38,R1_F1_m-1f-1_P1_Y-1_U55,R1_F1_m-1f-1_P1_Y-1_U40,FXX,3,97.18394065947172,1,0,1.137,0,0,0,-9999.0,0.5,1,P0_CV0,1,0,2,1,1
1,2540470.832,712452.2021,R1_F1_m1f1_P1_Y1_UO468,R1_F1_m-1f-1_P1_Y-1_U5,R1_F1_m-1f-1_P1_Y-1_U137,MXY,3,97.18394065947172,1,0,0.0,0,0,0,-9999.0,0.25,1,P0_CV0,1,1,1,0,2
1,2540470.832,712452.2021,R1_F1_m1f1_P1_Y1_UO539,R1_F1_m-1f-1_P1_Y-1_U3,R1_F1_m-1f-1_P1_Y-1_U76,MXY,3,97.18394065947172,1,0,0.0,0,0,0,-9999.0,0.0,1,P0_CV0,1,0,2,1,1
1,2540470.832,712452.2021,R1_F1_m1f1_P1_Y1_UO370,R1_F1_m-1f-1_P1_Y-1_U7,R1_F1_m-1f-1_P1_Y-1_U15,FXX,3,97.18394065947172,1,0,1.219,0,0,0,-9999.0,0.25,1,P0_CV0,1,0,2,0,2
1,2540470.832,712452.2021,R1_F1_m1f1_P1_Y1_UO540,R1_F1_m-1f-1_P1_Y-1_U3,R1_F1_m-1f-1_P1_Y-1_U110,MXY,3,97.18394065947172,1,0,0.0,0,0,0,-9999.0,0.0,1,P0_CV0,1,0,2,1,1
1,2540470.832,712452.2021,R1_F1_m1f1_P1_Y1_UO287,R1_F1_m-1f-1_P1_Y-1_U19,R1_F1_m-1f-1_P1_Y-1_U109,MXY,3,97.18394065947172,1,0,0.0,0,0,0,-9999.0,0.5,1,P0_CV0,1,1,1,1,1
1,2540470.832,712452.2021,R1_F1_m1f1_P1_Y1_UO27,R1_F1_m-1f-1_P1_Y-1_U122,R1_F1_m-1f-1_P1_Y-1_U88,FXX,3,97.18394065947172,1,0,0.0,0,0,0,-9999.0,0.25,1,P0_CV0,1,1,1,2,0
1,2540470.832,712452.2021,R1_F1_m1f1_P1_Y1_UO441,R1_F1_m-1f-1_P1_Y-1_U52,R1_F1_m-1f-1_P1_Y-1_U108,FXX,3,97.18394065947172,1,0,1.816,0,0,0,-9999.0,0.25,1,P0_CV0,1,1,1,2,0
1,2540470.832,712452.2021,R1_F1_m1f1_P1_Y1_UO482,R1_F1_m-1f-1_P1_Y-1_U138,R1_F1_m-1f-1_P1_Y-1_U45,FXX,3,97.18394065947172,1,0,1.107,0,0,0,-9999.0,0.25,1,P0_CV0,1,1,1,2,0
1,2540470.832,712452.2021,R1_F1_m1f1_P1_Y1_UO498,R1_F1_m-1f-1_P1_Y-1_U105,R1_F1_m-1f-1_P1_Y-1_U117,FXX,3,97.18394065947172,1,0,0.0,0,0,0,-9999.0,0.0,1,P0_CV0,1,1,1,0,2
1,2540470.832,712452.2021,I1_F7_m1f1_P1_Y1_UO458,R1_F1_m-1f-1_P1_Y-1_U74,R1_F1_m-1f-1_P1_Y-1_U98,MXY,3,97.18178339531386,1,0,0.0,0,0,0,-9999.0,0.0,1,P0_CV0,1,0,2,2,0
1,2540470.832,712452.2021,R1_F1_m1f1_P1_Y0_UO740,R1_F1_m-1f-1_P1_Y-1_U33,R1_F1_m-1f-1_P1_Y-1_U30,FXX,4,111.61798582835895,1,0,1.119,0,0,0,-9999.0,0.0,1,P0_CV0,1,2,0,1,1
1,2540470.832,712452.2021,R1_F1_m1f1_P1_Y0_UO741,R1_F1_m-1f-1_P1_Y-1_U33,R1_F1_m-1f-1_P1_Y-1_U30,FXX,4,111.61798582835895,1,0,0.0,0,0,0,-9999.0,0.0,1,P0_CV0,1,2,0,1,1
1,2540470.832,712452.2021,R1_F1_m1f1_P1_Y0_UO23,R1_F1_m-1f-1_P1_Y-1_U75,R1_F1_m-1f-1_P1_Y-1_U111,FXX,4,111.61798582835895,1,0,1.493,0,0,0,-9999.0,0.25,1,P0_CV0,1,0,2,2,0
1,2540470.832,712452.2021,R1_F1_m1f1_P1_Y0_UO453,R1_F1_m-1f-1_P1_Y-1_U13,R1_F1_m-1f-1_P1_Y-1_U64,MXY,4,111.61798582835895,1,0,0.0,0,0,0,-9999.0,0.25,1,P0_CV0,1,0,2,1,1
1,2540470.832,712452.2021,R1_F1_m1f1_P1_Y0_UO161,R1_F1_m-1f-1_P1_Y-1_U62,R1_F1_m-1f-1_P1_Y-1_U88,FXX,4,111.61798582835895,1,0,0.0,0,0,0,-9999.0,0.25,1,P0_CV0,1,2,0,1,1
1,2540470.832,712452.2021,R1_F1_m1f1_P1_Y0_UO412,R1_F1_m-1f-1_P1_Y-1_U13,R1_F1_m-1f-1_P1_Y-1_U112,MXY,4,111.61798582835895,1,0,0.0,0,0,0,-9999.0,0.75,1,P0_CV0,1,0,2,0,2
1,2540470.832,712452.2021,R1_F1_m-1f-1_P1_Y-1_U125,-9999,-9999,MXY,5,121.64021290552176,1,0,0.0,0,0,0,-9999.0,0.5,1,P0_CV0,1,1,1,1,1
1,2540470.832,712452.2021,R1_F1_m-1f-1_P1_Y-1_U100,-9999,-9999,FXX,5,121.64021290552176,1,0,0.0,0,0,0,-9999.0,0.0,1,P0_CV0,1,0,2,1,1
1,2540470.832,712452.2021,R1_F1_m-1f-1_P1_Y-1_U54,-9999,-9999,MXY,5,121.64021290552176,1,0,0.0,0,0,0,-9999.0,0.0,1,P0_CV0,1,0,2,1,1
1,2540470.832,712452.2021,R1_F1_m-1f-1_P1_Y-1_U98,-9999,-9999,MXY,5,121.64021290552176,1,0,0.0,0,0,0,-9999.0,0.0,1,P0_CV0,1,0,2,0,2
1,2540470.832,712452.2021,R1_F1_m1f1_P1_Y3_UO617,R1_F1_m1f1_P1_Y1_UO439,RD1_F2_m-1f-1_P2_Y-1_U58,MXY,1,53.62613020747331,0,0,0.0,0,0,0,-9999.0,0.125,1,P1_CV0,1,0,2,0,2
1,2540470.832,712452.2021,R1_F1_m1f1_P1_Y3_UO618,R1_F1_m1f1_P1_Y1_UO439,RD1_F2_m-1f-1_P2_Y-1_U58,MXY,1,53.62613020747331,0,0,0.0,0,0,0,-9999.0,0.125,1,P1_CV0,1,0,2,2,0
1,2540470.832,712452.2021,R1_F1_m1f1_P1_Y3_UO125,R1_F1_m1f1_P1_Y1_UO203,R1_F1_m3f3_P3_Y0_UO623,MXY,1,53.62613020747331,0,0,0.0,0,0,0,-9999.0,0.375,1,P2_CV0,1,2,0,0,2
1,2540470.832,712452.2021,R1_F1_m1f1_P1_Y3_UO126,R1_F1_m1f1_P1_Y1_UO203,R1_F1_m3f3_P3_Y0_UO623,MXY,1,53.62613020747331,0,0,0.0,0,0,0,-9999.0,0.375,1,P2_CV0,1,2,0,0,2
1,2540470.832,712452.2021,RD1_F3_m3f3_P3_Y3_UO36,R3_F3_m3f3_P3_Y1_UO13,R3_F3_m-1f-1_P3_Y-1_U61,MXY,1,53.63625005589324,0,0,0.0,0,0,0,-9999.0,1.0,1,P2_CV0,1,2,0,1,1
1,2540470.832,712452.2021,R1_F1_m3f3_P3_Y2_UO418,R3_F3_m3f3_P3_Y0_UO313,R3_F3_m3f3_P3_Y0_UO254,FXX,2,77.57918409915968,1,0,0.0,0,0,0,-9999.0,0.625,1,P2_CV0,1,1,1,1,1
1,2540470.832,712452.2021,R1_F1_m1f1_P1_Y3_UO88,R1_F1_m4f4_P4_Y1_UO53,R1_F1_m1f1_P1_Y1_UO540,MXY,1,53.62613020747331,0,0,0.0,0,0,0,-9999.0,0.0,1,P3_CV0,1,0,2,0,2
1,2540470.832,712452.2021,R1_F1_m4f4_P4_Y1_UO53,R4_F4_m-1f-1_P4_Y-1_U85,R4_F4_m-1f-1_P4_Y-1_U112,FXX,3,97.16589076111838,1,0,1.147,0,0,0,-9999.0,0.0,1,P3_CV0,1,0,2,0,2
1,2540470.832,712452.2021,RD1_F5_m5f5_P5_Y1_UO534,R5_F5_m-1f-1_P5_Y-1_U32,R5_F5_m-1f-1_P5_Y-1_U10,MXY,3,108.9201908615736,1,0,0.0,0,0,0,-9999.0,0.5,1,P4_CV0,1,1,1,1,1
1,2540470.832,712452.2021,R1_F1_m6f6_P6_Y2_UO412,R6_F6_m-1f-1_P6_Y-1_U111,R6_F6_m6f6_P6_Y0_UO64,FXX,2,77.57873017332038,1,0,0.0,0,0,0,-9999.0,0.875,1,P5_CV0,1,1,1,2,0
2,2536859.926,708059.4624,RD2_F1_m1f1_P1_Y1_UO205,R1_F1_m-1f-1_P1_Y-1_U115,R1_F1_m-1f-1_P1_Y-1_U97,MXY,3,78.10162120631868,1,0,0.0,0,0,0,-9999.0,0.5,1,P0_CV0,1,1,1,1,1
2,2536859.926,708059.4624,R2_F2_m2f2_P2_Y3_UO10,R2_F2_m2f2_P2_Y1_UO599,R2_F2_m2f2_P2_Y0_UO810,FXX,1,31.486553447448518,0,0,0.0,0,0,0,-9999.0,0.625,1,P1_CV0,1,1,1,2,0
2,2536859.926,708059.4624,R2_F2_m2f2_P2_Y3_UO25,R2_F2_m2f2_P2_Y0_UO298,R2_F2_m2f2_P2_Y0_UO228,MXY,1,31.486553447448518,0,0,0.0,0,0,0,-9999.0,0.75,1,P1_CV0,1,2,0,2,0
2,2536859.926,708059.4624,R2_F2_m2f2_P2_Y3_UO26,R2_F2_m2f2_P2_Y0_UO298,R2_F2_m2f2_P2_Y0_UO228,FXX,1,31.486553447448518,0,0,0.0,0,0,0,-9999.0,0.75,1,P1_CV0,1,2,0,2,0
2,2536859.926,708059.4624,R2_F2_m2f2_P2_Y3_UO53,R2_F2_m2f2_P2_Y1_UO599,R2_F2_m2f2_P2_Y1_UO448,FXX,1,31.486553447448518,0,0,0.0,0,0,0,-9999.0,0.375,1,P1_CV0,1,0,2,1,1
2,2536859.926,708059.4624,R2_F2_m2f2_P2_Y3_UO54,R2_F2_m2f2_P2_Y1_UO599,R2_F2_m2f2_P2_Y1_UO448,FXX,1,31.486553447448518,0,0,0.0,0,0,0,-9999.0,0.375,1,P1_CV0,1,0,2,2,0
2,2536859.926,708059.4624,R2_F2_m2f2_P2_Y3_UO56,R2_F2_m-1f-1_P2_Y-1_U39,R2_F2_m2f2_P2_Y1_UO396,FXX,1,31.486553447448518,0,0,0.0,0,0,0,-9999.0,0.75,1,P1_CV0,1,1,1,1,1
2,2536859.926,708059.4624,R2_F2_m2f2_P2_Y3_UO57,R2_F2_m-1f-1_P2_Y-1_U39,R2_F2_m2f2_P2_Y1_UO396,FXX,1,31.486553447448518,0,0,0.0,0,0,0,-9999.0,0.75,1,P1_CV0,1,1,1,1,1
2,2536859.926,708059.4624,R2_F2_m2f2_P2_Y3_UO58,R2_F2_m-1f-1_P2_Y-1_U39,R2_F2_m2f2_P2_Y1_UO396,MXY,1,31.486553447448518,0,0,0.0,0,0,0,-9999.0,0.75,1,P1_CV0,1,1,1,1,1
2,2536859.926,708059.4624,R2_F2_m2f2_P2_Y3_UO60,R2_F2_m-1f-1_P2_Y-1_U39,R2_F2_m2f2_P2_Y1_UO396,MXY,1,31.486553447448518,0,0,0.0,0,0,0,-9999.0,0.75,1,P1_CV0,1,2,0,1,1
2,2536859.926,708059.4624,R2_F2_m2f2_P2_Y3_UO62,R2_F2_m-1f-1_P2_Y-1_U46,R2_F2_m2f2_P2_Y1_UO586,MXY,1,31.486553447448518,0,0,0.0,0,0,0,-9999.0,0.625,1,P1_CV0,1,1,1,0,2
2,2536859.926,708059.4624,R2_F2_m2f2_P2_Y3_UO63,R2_F2_m-1f-1_P2_Y-1_U46,R2_F2_m2f2_P2_Y1_UO586,MXY,1,31.486553447448518,0,0,0.0,0,0,0,-9999.0,0.625,1,P1_CV0,1,1,1,0,2
2,2536859.926,708059.4624,R2_F2_m2f2_P2_Y3_UO64,R2_F2_m-1f-1_P2_Y-1_U46,R2_F2_m2f2_P2_Y1_UO586,MXY,1,31.486553447448518,0,0,0.0,0,0,0,-9999.0,0.625,1,P1_CV0,1,0,2,0,2
2,2536859.926,708059.4624,R2_F2_m2f2_P2_Y3_UO73,R2_F2_m-1f-1_P2_Y-1_U98,R2_F2_m2f2_P2_Y1_UO283,MXY,1,31.486553447448518,0,0,0.0,0,0,0,-9999.0,0.5,1,P1_CV0,1,0,2,0,2
2,2536859.926,708059.4624,R2_F2_m2f2_P2_Y3_UO74,R2_F2_m-1f-1_P2_Y-1_U98,R2_F2_m2f2_P2_Y1_UO283,MXY,1,31.486553447448518,0,0,0.0,0,0,0,-9999.0,0.5,1,P1_CV0,1,1,1,1,1
2,2536859.926,708059.4624,R2_F2_m2f2_P2_Y3_UO75,R2_F2_m-1f-1_P2_Y-1_U98,R2_F2_m2f2_P2_Y1_UO283,FXX,1,31.486553447448518,0,0,0.0,0,0,0,-9999.0,0.5,1,P1_CV0,1,1,1,1,1
2,2536859.926,708059.4624,R2_F2_m2f2_P2_Y3_UO79,R2_F2_m-1f-1_P2_Y-1_U46,R2_F2_m2f2_P2_Y1_UO396,MXY,1,31.486553447448518,0,0,0.0,0,0,0,-9999.0,0.75,1,P1_CV0,1,1,1,0,2
2,2536859.926,708059.4624,R2_F2_m2f2_P2_Y3_UO80,R2_F2_m-1f-1_P2_Y-1_U46,R2_F2_m2f2_P2_Y1_UO396,MXY,1,31.486553447448518,0,0,0.0,0,0,0,-9999.0,0.75,1,P1_CV0,1,0,2,0,2
2,2536859.926,708059.4624,R2_F2_m2f2_P2_Y3_UO81,R2_F2_m-1f-1_P2_Y-1_U46,R2_F2_m2f2_P2_Y1_UO396,MXY,1,31.486553447448518,0,0,0.0,0,0,0,-9999.0,0.75,1,P1_CV0,1,0,2,0,2
2,2536859.926,708059.4624,R2_F2_m2f2_P2_Y3_UO86,R2_F2_m2f2_P2_Y1_UO280,R2_F2_m2f2_P2_Y0_UO535,MXY,1,31.486553447448518,0,0,0.0,0,0,0,-9999.0,0.375,1,P1_CV0,1,0,2,0,2
2,2536859.926,708059.4624,R2_F2_m2f2_P2_Y3_UO87,R2_F2_m2f2_P2_Y1_UO280,R2_F2_m2f2_P2_Y0_UO535,MXY,1,31.486553447448518,0,0,0.0,0,0,0,-9999.0,0.375,1,P1_CV0,1,0,2,0,2
2,2536859.926,708059.4624,R2_F2_m2f2_P2_Y3_UO94,R2_F2_m2f2_P2_Y1_UO320,R2_F2_m-1f-1_P2_Y-1_U85,MXY,1,31.486553447448518,0,0,0.0,0,0,0,-9999.0,0.375,1,P1_CV0,1,1,1,1,1
2,2536859.926,708059.4624,R2_F2_m2f2_P2_Y3_UO117,R2_F2_m-1f-1_P2_Y-1_U18,R2_F2_m2f2_P2_Y0_UO656,FXX,1,31.486553447448518,0,0,0.0,0,0,0,-9999.0,0.5,1,P1_CV0,1,0,2,1,1
2,2536859.926,708059.4624,R2_F2_m2f2_P2_Y3_UO118,R2_F2_m-1f-1_P2_Y-1_U18,R2_F2_m2f2_P2_Y0_UO656,MXY,1,31.486553447448518,0,0,0.0,0,0,0,-9999.0,0.5,1,P1_CV0,1,0,2,1,1
2,2536859.926,708059.4624,R2_F2_m2f2_P2_Y3_UO119,R2_F2_m-1f-1_P2_Y-1_U18,R2_F2_m2f2_P2_Y0_UO656,MXY,1,31.486553447448518,0,0,0.0,0,0,0,-9999.0,0.5,1,P1_CV0,1,0,2,0,2
2,2536859.926,708059.4624,R2_F2_m2f2_P2_Y3_UO120,R2_F2_m-1f-1_P2_Y-1_U18,R2_F2_m2f2_P2_Y0_UO656,FXX,1,31.486553447448518,0,0,0.0,0,0,0,-9999.0,0.5,1,P1_CV0,1,0,2,1,1
2,2536859.926,708059.4624,R2_F2_m2f2_P2_Y3_UO121,R2_F2_m-1f-1_P2_Y-1_U18,R2_F2_m2f2_P2_Y0_UO656,MXY,1,31.486553447448518,0,0,0.0,0,0,0,-9999.0,0.5,1,P1_CV0,1,0,2,1,1
2,2536859.926,708059.4624,R2_F2_m2f2_P2_Y3_UO127,R2_F2_m-1f-1_P2_Y-1_U82,R2_F2_m2f2_P2_Y0_UO810,MXY,1,31.486553447448518,0,0,0.0,0,0,0,-9999.0,0.375,1,P1_CV0,1,0,2,1,1
2,2536859.926,708059.4624,R2_F2_m2f2_P2_Y3_UO128,R2_F2_m-1f-1_P2_Y-1_U82,R2_F2_m2f2_P2_Y0_UO810,FXX,1,31.486553447448518,0,0,0.0,0,0,0,-9999.0,0.375,1,P1_CV0,1,0,2,1,1
2,2536859.926,708059.4624,R2_F2_m2f2_P2_Y3_UO129,R2_F2_m-1f-1_P2_Y-1_U82,R2_F2_m2f2_P2_Y0_UO810,MXY,1,31.486553447448518,0,0,0.0,0,0,0,-9999.0,0.375,1,P1_CV0,1,1,1,2,0
2,2536859.926,708059.4624,R2_F2_m2f2_P2_Y3_UO130,R2_F2_m-1f-1_P2_Y-1_U82,R2_F2_m2f2_P2_Y0_UO810,MXY,1,31.486553447448518,0,0,0.0,0,0,0,-9999.0,0.375,1,P1_CV0,1,0,2,1,1
2,2536859.926,708059.4624,R2_F2_m2f2_P2_Y3_UO140,R2_F2_m2f2_P2_Y0_UO458,R2_F2_m2f2_P2_Y1_UO582,MXY,1,31.486553447448518,0,0,0.0,0,0,0,-9999.0,0.625,1,P1_CV0,1,1,1,0,2
2,2536859.926,708059.4624,R2_F2_m2f2_P2_Y3_UO174,R2_F2_m2f2_P2_Y0_UO655,R2_F2_m2f2_P2_Y1_UO283,MXY,1,31.486553447448518,0,0,0.0,0,0,0,-9999.0,0.75,1,P1_CV0,1,1,1,0,2
2,2536859.926,708059.4624,R2_F2_m2f2_P2_Y3_UO175,R2_F2_m2f2_P2_Y0_UO655,R2_F2_m2f2_P2_Y1_UO283,FXX,1,31.486553447448518,0,0,0.0,0,0,0,-9999.0,0.75,1,P1_CV0,1,0,2,0,2
2,2536859.926,708059.4624,R2_F2_m2f2_P2_Y3_UO192,R2_F2_m2f2_P2_Y1_UO348,R2_F2_m-1f-1_P2_Y-1_U80,MXY,1,31.486553447448518,0,0,0.0,0,0,0,-9999.0,0.625,1,P1_CV0,1,2,0,1,1
2,2536859.926,708059.4624,R2_F2_m2f2_P2_Y3_UO193,R2_F2_m2f2_P2_Y1_UO348,R2_F2_m-1f-1_P2_Y-1_U80,MXY,1,31.486553447448518,0,0,0.0,0,0,0,-9999.0,0.625,1,P1_CV0,1,2,0,0,2
2,2536859.926,708059.4624,R2_F2_m2f2_P2_Y3_UO194,R2_F2_m2f2_P2_Y1_UO280,R2_F2_m2f2_P2_Y0_UO98,MXY,1,31.486553447448518,0,0,0.0,0,0,0,-9999.0,0.625,1,P1_CV0,1,0,2,1,1
2,2536859.926,708059.4624,R2_F2_m2f2_P2_Y3_UO195,R2_F2_m2f2_P2_Y1_UO280,R2_F2_m2f2_P2_Y0_UO98,FXX,1,31.486553447448518,0,0,0.0,0,0,0,-9999.0,0.625,1,P1_CV0,1,1,1,0,2
2,2536859.926,708059.4624,R2_F2_m2f2_P2_Y3_UO210,R2_F2_m-1f-1_P2_Y-1_U128,R2_F2_m2f2_P2_Y0_UO98,MXY,1,31.486553447448518,0,0,0.0,0,0,0,-9999.0,0.875,1,P1_CV0,1,2,0,2,0
2,2536859.926,708059.4624,R2_F2_m2f2_P2_Y3_UO211,R2_F2_m-1f-1_P2_Y-1_U128,R2_F2_m2f2_P2_Y0_UO98,FXX,1,31.486553447448518,0,0,0.0,0,0,0,-9999.0,0.875,1,P1_CV0,1,2,0,1,1
2,2536859.926,708059.4624,R2_F2_m2f2_P2_Y3_UO224,R2_F2_m2f2_P2_Y1_UO172,R2_F2_m2f2_P2_Y1_UO605,FXX,1,31.486553447448518,0,0,0.0,0,0,0,-9999.0,0.625,1,P1_CV0,1,0,2,0,2
2,2536859.926,708059.4624,RD2_F2_m2f2_P2_Y3_UO225,R2_F2_m2f2_P2_Y1_UO172,R2_F2_m2f2_P2_Y1_UO605,MXY,1,31.486553447448518,0,0,0.0,0,0,0,-9999.0,0.625,1,P1_CV0,1,0,2,1,1
2,2536859.926,708059.4624,R2_F2_m2f2_P2_Y3_UO276,R2_F2_m2f2_P2_Y0_UO221,R2_F2_m2f2_P2_Y1_UO124,MXY,1,31.486553447448518,0,0,0.0,0,0,0,-9999.0,0.5,1,P1_CV0,1,0,2,0,2
2,2536859.926,708059.4624,R2_F2_m2f2_P2_Y3_UO285,R2_F2_m2f2_P2_Y0_UO812,R2_F2_m2f2_P2_Y0_UO434,MXY,1,31.486553447448518,0,0,0.0,0,0,0,-9999.0,0.875,1,P1_CV0,1,1,1,2,0
2,2536859.926,708059.4624,R2_F2_m2f2_P2_Y3_UO286,R2_F2_m2f2_P2_Y0_UO812,R2_F2_m2f2_P2_Y0_UO434,MXY,1,31.486553447448518,0,0,0.0,0,0,0,-9999.0,0.875,1,P1_CV0,1,1,1,1,1
2,2536859.926,708059.4624,R2_F2_m2f2_P2_Y3_UO287,R2_F2_m2f2_P2_Y0_UO812,R2_F2_m2f2_P2_Y0_UO434,MXY,1,31.486553447448518,0,0,0.0,0,0,0,-9999.0,0.875,1,P1_CV0,1,1,1,2,0
2,2536859.926,708059.4624,R2_F2_m2f2_P2_Y3_UO315,R2_F2_m2f2_P2_Y1_UO280,R2_F2_m2f2_P2_Y0_UO98,MXY,1,31.486553447448518,0,0,0.0,0,0,0,-9999.0,0.625,1,P1_CV0,1,0,2,1,1
2,2536859.926,708059.4624,R2_F2_m2f2_P2_Y3_UO316,R2_F2_m2f2_P2_Y1_UO280,R2_F2_m2f2_P2_Y0_UO98,FXX,1,31.486553447448518,0,0,0.0,0,0,0,-9999.0,0.625,1,P1_CV0,1,1,1,1,1
2,2536859.926,708059.4624,R2_F2_m2f2_P2_Y3_UO331,R2_F2_m2f2_P2_Y1_UO548,R2_F2_m2f2_P2_Y1_UO68,MXY,1,31.486553447448518,0,0,0.0,0,0,0,-9999.0,0.375,1,P1_CV0,1,1,1,2,0
2,2536859.926,708059.4624,R2_F2_m2f2_P2_Y3_UO344,R2_F2_m2f2_P2_Y0_UO144,R2_F2_m3f3_P3_Y0_UO517,FXX,1,31.486553447448518,0,0,0.0,0,0,0,-9999.0,0.375,1,P1_CV0,1,0,2,1,1
2,2536859.926,708059.4624,R2_F2_m2f2_P2_Y3_UO348,R2_F2_m2f2_P2_Y1_UO537,R2_F2_m2f2_P2_Y1_UO538,FXX,1,31.486553447448518,0,0,0.0,0,0,0,-9999.0,0.75,1,P1_CV0,1,1,1,0,2
2,2536859.926,708059.4624,R2_F2_m2f2_P2_Y3_UO349,R2_F2_m2f2_P2_Y1_UO537,R2_F2_m2f2_P2_Y1_UO538,FXX,1,31.486553447448518,0,0,0.0,0,0,0,-9999.0,0.75,1,P1_CV0,1,0,2,0,2
2,2536859.926,708059.4624,R2_F2_m2f2_P2_Y3_UO351,R2_F2_m-1f-1_P2_Y-1_U27,R2_F2_m-1f-1_P2_Y-1_U133,MXY,1,31.486553447448518,0,0,0.0,0,0,0,-9999.0,0.5,1,P1_CV0,1,1,1,1,1
2,2536859.926,708059.4624,R2_F2_m2f2_P2_Y3_UO368,R2_F2_m2f2_P2_Y1_UO548,R2_F2_m2f2_P2_Y1_UO596,MXY,1,31.486553447448518,0,0,0.0,0,0,0,-9999.0,0.25,1,P1_CV0,1,1,1,2,0
2,2536859.926,708059.4624,R2_F2_m2f2_P2_Y3_UO377,R2_F2_m2f2_P2_Y0_UO549,R2_F2_m-1f-1_P2_Y-1_U85,FXX,1,31.486553447448518,0,0,0.0,0,0,0,-9999.0,0.5,1,P1_CV0,1,2,0,2,0
2,2536859.926,708059.4624,R2_F2_m2f2_P2_Y3_UO378,R2_F2_m2f2_P2_Y0_UO549,R2_F2_m-1f-1_P2_Y-1_U85,FXX,1,31.486553447448518,0,0,0.0,0,0,0,-9999.0,0.5,1,P1_CV0,1,2,0,2,0
2,2536859.926,708059.4624,R2_F2_m2f2_P2_Y3_UO384,R2_F2_m2f2_P2_Y0_UO812,R2_F2_m2f2_P2_Y1_UO68,FXX,1,31.486553447448518,0,0,0.0,0,0,0,-9999.0,0.75,1,P1_CV0,1,1,1,2,0
2,2536859.926,708059.4624,R2_F2_m2f2_P2_Y3_UO385,R2_F2_m2f2_P2_Y0_UO812,R2_F2_m2f2_P2_Y1_UO68,MXY,1,31.486553447448518,0,0,0.0,0,0,0,-9999.0,0.75,1,P1_CV0,1,1,1,1,1
2,2536859.926,708059.4624,R2_F2_m2f2_P2_Y3_UO399,R2_F2_m2f2_P2_Y1_UO56,R2_F2_m2f2_P2_Y1_UO213,MXY,1,31.486553447448518,0,0,0.0,0,0,0,-9999.0,0.5,1,P1_CV0,1,2,0,2,0
2,2536859.926,708059.4624,R2_F2_m2f2_P2_Y3_UO413,I2_F7_m2f2_P2_Y1_UO335,R2_F2_m2f2_P2_Y1_UO94,MXY,1,31.486553447448518,0,0,0.0,0,0,0,-9999.0,0.625,1,P1_CV0,1,2,0,0,2
2,2536859.926,708059.4624,R2_F2_m2f2_P2_Y3_UO435,R2_F2_m-1f-1_P2_Y-1_U110,R2_F2_m2f2_P2_Y1_UO94,FXX,1,31.486553447448518,0,0,0.0,0,0,0,-9999.0,0.5,1,P1_CV0,1,1,1,0,2
2,2536859.926,708059.4624,R2_F2_m2f2_P2_Y3_UO436,R2_F2_m-1f-1_P2_Y-1_U110,R2_F2_m2f2_P2_Y1_UO94,MXY,1,31.486553447448518,0,0,0.0,0,0,0,-9999.0,0.5,1,P1_CV0,1,0,2,0,2
2,2536859.926,708059.4624,R2_F2_m2f2_P2_Y3_UO437,R2_F2_m-1f-1_P2_Y-1_U110,R2_F2_m2f2_P2_Y1_UO94,FXX,1,31.486553447448518,0,0,0.0,0,0,0,-9999.0,0.5,1,P1_CV0,1,1,1,0,2
2,2536859.926,708059.4624,R2_F2_m2f2_P2_Y3_UO438,R2_F2_m-1f-1_P2_Y-1_U110,R2_F2_m2f2_P2_Y1_UO94,MXY,1,31.486553447448518,0,0,0.0,0,0,0,-9999.0,0.5,1,P1_CV0,1,1,1,1,1
2,2536859.926,708059.4624,R2_F2_m2f2_P2_Y3_UO439,R2_F2_m-1f-1_P2_Y-1_U110,R2_F2_m2f2_P2_Y1_UO94,MXY,1,31.486553447448518,0,0,0.0,0,0,0,-9999.0,0.5,1,P1_CV0,1,1,1,1,1
2,2536859.926,708059.4624,R2_F2_m2f2_P2_Y3_UO440,R2_F2_m-1f-1_P2_Y-1_U110,R2_F2_m2f2_P2_Y1_UO94,MXY,1,31.486553447448518,0,0,0.0,0,0,0,-9999.0,0.5,1,P1_CV0,1,2,0,0,2
2,2536859.926,708059.4624,R2_F2_m2f2_P2_Y3_UO449,R2_F2_m-1f-1_P2_Y-1_U39,R2_F2_m2f2_P2_Y0_UO654,MXY,1,31.486553447448518,0,0,0.0,0,0,0,-9999.0,0.75,1,P1_CV0,1,1,1,1,1
2,2536859.926,708059.4624,R2_F2_m2f2_P2_Y3_UO484,R2_F2_m2f2_P2_Y1_UO40,R2_F2_m2f2_P2_Y1_UO545,FXX,1,31.486553447448518,0,0,0.0,0,0,0,-9999.0,0.375,1,P1_CV0,1,1,1,1,1
2,2536859.926,708059.4624,R2_F2_m2f2_P2_Y3_UO485,R2_F2_m2f2_P2_Y1_UO40,R2_F2_m2f2_P2_Y1_UO545,FXX,1,31.486553447448518,0,0,0.0,0,0,0,-9999.0,0.375,1,P1_CV0,1,1,1,1,1
2,2536859.926,708059.4624,R2_F2_m2f2_P2_Y3_UO486,R2_F2_m2f2_P2_Y1_UO40,R2_F2_m2f2_P2_Y1_UO545,FXX,1,31.486553447448518,0,0,0.0,0,0,0,-9999.0,0.375,1,P1_CV0,1,0,2,1,1
2,2536859.926,708059.4624,R2_F2_m2f2_P2_Y3_UO487,R2_F2_m-1f-1_P2_Y-1_U82,R2_F2_m2f2_P2_Y0_UO654,FXX,1,31.486553447448518,0,0,0.0,0,0,0,-9999.0,0.5,1,P1_CV0,1,0,2,1,1
2,2536859.926,708059.4624,R2_F2_m2f2_P2_Y3_UO488,R2_F2_m-1f-1_P2_Y-1_U82,R2_F2_m2f2_P2_Y0_UO654,MXY,1,31.486553447448518,0,0,0.0,0,0,0,-9999.0,0.5,1,P1_CV0,1,1,1,1,1
2,2536859.926,708059.4624,R2_F2_m2f2_P2_Y3_UO519,R2_F2_m2f2_P2_Y0_UO568,R2_F2_m-1f-1_P2_Y-1_U133,FXX,1,31.486553447448518,0,0,0.0,0,0,0,-9999.0,0.625,1,P1_CV0,1,1,1,1,1
2,2536859.926,708059.4624,R2_F2_m2f2_P2_Y3_UO521,R2_F2_m2f2_P2_Y1_UO462,R2_F2_m2f2_P2_Y1_UO49,FXX,1,31.486553447448518,0,0,0.0,0,0,0,-9999.0,0.625,1,P1_CV0,1,0,2,0,2
2,2536859.926,708059.4624,R2_F2_m2f2_P2_Y3_UO528,R2_F2_m2f2_P2_Y0_UO615,R2_F2_m2f2_P2_Y1_UO367,FXX,1,31.486553447448518,0,0,0.0,0,0,0,-9999.0,0.5,1,P1_CV0,1,2,0,1,1
2,2536859.926,708059.4624,R2_F2_m2f2_P2_Y3_UO549,R2_F2_m-1f-1_P2_Y-1_U18,R2_F2_m2f2_P2_Y0_UO71,FXX,1,31.486553447448518,0,0,0.0,0,0,0,-9999.0,0.375,1,P1_CV0,1,1,1,1,1
2,2536859.926,708059.4624,R2_F2_m2f2_P2_Y3_UO550,R2_F2_m-1f-1_P2_Y-1_U18,R2_F2_m2f2_P2_Y0_UO71,MXY,1,31.486553447448518,0,0,0.0,0,0,0,-9999.0,0.375,1,P1_CV0,1,0,2,1,1
2,2536859.926,708059.4624,R2_F2_m2f2_P2_Y3_UO551,R2_F2_m-1f-1_P2_Y-1_U18,R2_F2_m2f2_P2_Y0_UO71,MXY,1,31.486553447448518,0,0,0.0,0,0,0,-9999.0,0.375,1,P1_CV0,1,1,1,1,1
2,2536859.926,708059.4624,R2_F2_m2f2_P2_Y3_UO557,R2_F2_m2f2_P2_Y1_UO40,R2_F2_m2f2_P2_Y1_UO380,FXX,1,31.486553447448518,0,0,0.0,0,0,0,-9999.0,0.625,1,P1_CV0,1,0,2,1,1
2,2536859.926,708059.4624,R2_F2_m2f2_P2_Y3_UO558,R2_F2_m2f2_P2_Y1_UO40,R2_F2_m2f2_P2_Y1_UO380,FXX,1,31.486553447448518,0,0,0.0,0,0,0,-9999.0,0.625,1,P1_CV0,1,0,2,2,0
2,2536859.926,708059.4624,R2_F2_m2f2_P2_Y3_UO564,R2_F2_m2f2_P2_Y1_UO578,R2_F2_m2f2_P2_Y0_UO32,MXY,1,31.486553447448518,0,0,0.0,0,0,0,-9999.0,0.625,1,P1_CV0,1,2,0,0,2
2,2536859.926,708059.4624,R2_F2_m2f2_P2_Y3_UO569,R2_F2_m2f2_P2_Y1_UO578,R2_F2_m2f2_P2_Y1_UO249,MXY,1,31.486553447448518,0,0,0.0,0,0,0,-9999.0,0.625,1,P1_CV0,1,2,0,1,1
2,2536859.926,708059.4624,R2_F2_m2f2_P2_Y3_UO590,R2_F2_m2f2_P2_Y0_UO298,R2_F2_m2f2_P2_Y1_UO582,FXX,1,31.486553447448518,0,0,0.0,0,0,0,-9999.0,0.75,1,P1_CV0,1,2,0,1,1
2,2536859.926,708059.4624,R2_F2_m2f2_P2_Y3_UO593,R2_F2_m2f2_P2_Y0_UO144,R2_F2_m2f2_P2_Y1_UO122,MXY,1,31.486553447448518,0,0,0.0,0,0,0,-9999.0,0.25,1,P1_CV0,1,1,1,0,2
2,2536859.926,708059.4624,R2_F2_m2f2_P2_Y3_UO594,R2_F2_m2f2_P2_Y1_UO320,I2_F7_m2f2_P2_Y1_UO264,FXX,1,31.486553447448518,0,0,0.0,0,0,0,-9999.0,0.5,1,P1_CV0,1,1,1,0,2
2,2536859.926,708059.4624,R2_F2_m2f2_P2_Y3_UO595,R2_F2_m2f2_P2_Y1_UO320,I2_F7_m2f2_P2_Y1_UO264,MXY,1,31.486553447448518,0,0,0.0,0,0,0,-9999.0,0.5,1,P1_CV0,1,1,1,0,2
2,2536859.926,708059.4624,R2_F2_m2f2_P2_Y3_UO596,R2_F2_m2f2_P2_Y1_UO320,I2_F7_m2f2_P2_Y1_UO264,MXY,1,31.486553447448518,0,0,0.0,0,0,0,-9999.0,0.5,1,P1_CV0,1,1,1,0,2
2,2536859.926,708059.4624,R2_F2_m2f2_P2_Y3_UO597,R2_F2_m2f2_P2_Y1_UO334,R2_F2_m2f2_P2_Y1_UO100,MXY,1,31.486553447448518,0,0,0.0,0,0,0,-9999.0,0.5,1,P1_CV0,1,1,1,1,1
2,2536859.926,708059.4624,R2_F2_m2f2_P2_Y3_UO601,R2_F2_m2f2_P2_Y0_UO549,R2_F2_m2f2_P2_Y1_UO596,FXX,1,31.486553447448518,0,0,0.0,0,0,0,-9999.0,0.5,1,P1_CV0,1,1,1,2,0
2,2536859.926,708059.4624,R2_F2_m2f2_P2_Y3_UO602,R2_F2_m2f2_P2_Y0_UO549,R2_F2_m2f2_P2_Y1_UO596,MXY,1,31.486553447448518,0,0,0.0,0,0,0,-9999.0,0.5,1,P1_CV0,1,1,1,2,0
2,2536859.926,708059.4624,R2_F2_m2f2_P2_Y3_UO603,R2_F2_m-1f-1_P2_Y-1_U98,R2_F2_m-1f-1_P2_Y-1_U134,MXY,1,31.486553447448518,0,0,0.0,0,0,0,-9999.0,0.25,1,P1_CV0,1,0,2,1,1
2,2536859.926,708059.4624,R2_F2_m2f2_P2_Y3_UO604,R2_F2_m-1f-1_P2_Y-1_U98,R2_F2_m-1f-1_P2_Y-1_U134,MXY,1,31.486553447448518,0,0,0.0,0,0,0,-9999.0,0.25,1,P1_CV0,1,1,1,1,1
2,2536859.926,708059.4624,R2_F2_m2f2_P2_Y3_UO605,R2_F2_m-1f-1_P2_Y-1_U98,R2_F2_m-1f-1_P2_Y-1_U134,MXY,1,31.486553447448518,0,0,0.0,0,0,0,-9999.0,0.25,1,P1_CV0,1,1,1,1,1
2,2536859.926,708059.4624,R2_F2_m2f2_P2_Y3_UO606,R2_F2_m-1f-1_P2_Y-1_U98,R2_F2_m-1f-1_P2_Y-1_U134,FXX,1,31.486553447448518,0,0,0.0,0,0,0,-9999.0,0.25,1,P1_CV0,1,1,1,1,1
2,2536859.926,708059.4624,R2_F2_m2f2_P2_Y3_UO607,R2_F2_m-1f-1_P2_Y-1_U98,R2_F2_m-1f-1_P2_Y-1_U134,MXY,1,31.486553447448518,0,0,0.0,0,0,0,-9999.0,0.25,1,P1_CV0,1,0,2,1,1
2,2536859.926,708059.4624,R2_F2_m2f2_P2_Y3_UO610,R2_F2_m2f2_P2_Y1_UO40,R2_F2_m2f2_P2_Y0_UO810,FXX,1,31.486553447448518,0,0,0.0,0,0,0,-9999.0,0.625,1,P1_CV0,1,0,2,2,0
2,2536859.926,708059.4624,R2_F2_m2f2_P2_Y3_UO611,R2_F2_m2f2_P2_Y1_UO40,R2_F2_m2f2_P2_Y0_UO810,FXX,1,31.486553447448518,0,0,0.0,0,0,0,-9999.0,0.625,1,P1_CV0,1,0,2,1,1
2,2536859.926,708059.4624,R2_F2_m2f2_P2_Y3_UO614,R2_F2_m-1f-1_P2_Y-1_U46,R2_F2_m2f2_P2_Y0_UO574,FXX,1,31.486553447448518,0,0,0.0,0,0,0,-9999.0,0.625,1,P1_CV0,1,1,1,1,1
2,2536859.926,708059.4624,R2_F2_m2f2_P2_Y3_UO615,R2_F2_m-1f-1_P2_Y-1_U46,R2_F2_m2f2_P2_Y0_UO574,FXX,1,31.486553447448518,0,0,0.0,0,0,0,-9999.0,0.625,1,P1_CV0,1,0,2,1,1
2,2536859.926,708059.4624,R2_F2_m2f2_P2_Y3_UO616,R2_F2_m2f2_P2_Y1_UO123,R2_F2_m2f2_P2_Y0_UO434,FXX,1,31.486553447448518,0,0,0.0,0,0,0,-9999.0,0.625,1,P1_CV0,1,1,1,1,1
2,2536859.926,708059.4624,R2_F2_m2f2_P2_Y3_UO625,R2_F2_m-1f-1_P2_Y-1_U110,R2_F2_m-1f-1_P2_Y-1_U51,MXY,1,31.486553447448518,0,0,0.0,0,0,0,-9999.0,0.5,1,P1_CV0,1,0,2,0,2
2,2536859.926,708059.4624,R2_F2_m2f2_P2_Y3_UO626,R2_F2_m-1f-1_P2_Y-1_U110,R2_F2_m-1f-1_P2_Y-1_U51,MXY,1,31.486553447448518,0,0,0.0,0,0,0,-9999.0,0.5,1,P1_CV0,1,1,1,1,1
2,2536859.926,708059.4624,R2_F2_m2f2_P2_Y2_UO354,R2_F2_m-1f-1_P2_Y-1_U2,R2_F2_m-1f-1_P2_Y-1_U80,MXY,2,32.07738464417417,1,0,0.0,0,0,0,-9999.0,0.75,1,P1_CV0,1,1,1,1,1
2,2536859.926,708059.4624,R2_F2_m2f2_P2_Y2_UO389,R2_F2_m-1f-1_P2_Y-1_U39,R2_F2_m-1f-1_P2_Y-1_U80,MXY,2,32.07738464417417,1,0,0.0,0,0,0,-9999.0,0.75,1,P1_CV0,1,2,0,1,1
2,2536859.926,708059.4624,R2_F2_m2f2_P2_Y2_UO306,R2_F2_m-1f-1_P2_Y-1_U128,R2_F2_m-1f-1_P2_Y-1_U80,MXY,2,32.07738464417417,1,0,0.0,0,0,0,-9999.0,1.0,1,P1_CV0,1,2,0,1,1
2,2536859.926,708059.4624,R2_F2_m2f2_P2_Y2_UO309,R2_F2_m-1f-1_P2_Y-1_U128,R2_F2_m-1f-1_P2_Y-1_U80,FXX,2,32.07738464417417,1,0,0.0,0,0,0,-9999.0,1.0,1,P1_CV0,1,2,0,2,0
2,2536859.926,708059.4624,R2_F2_m2f2_P2_Y2_UO370,R2_F2_m2f2_P2_Y0_UO144,R2_F2_m2f2_P2_Y0_UO32,FXX,2,32.07738464417417,1,0,1.342,0,0,0,-9999.0,0.5,1,P1_CV0,1,0,2,0,2
2,2536859.926,708059.4624,R2_F2_m2f2_P2_Y2_UO754,R2_F2_m-1f-1_P2_Y-1_U18,R2_F2_m-1f-1_P2_Y-1_U133,MXY,2,32.07738464417417,1,0,0.0,0,0,0,-9999.0,0.25,1,P1_CV0,1,1,1,1,1
2,2536859.926,708059.4624,R2_F2_m2f2_P2_Y2_UO588,R2_F2_m-1f-1_P2_Y-1_U98,R2_F2_m2f2_P2_Y0_UO228,FXX,2,32.07738464417417,1,0,1.877,0,0,0,-9999.0,0.625,1,P1_CV0,1,1,1,1,1
2,2536859.926,708059.4624,R2_F2_m2f2_P2_Y2_UO62,R2_F2_m-1f-1_P2_Y-1_U82,R2_F2_m-1f-1_P2_Y-1_U76,MXY,2,32.07738464417417,1,0,0.0,0,0,0,-9999.0,0.25,1,P1_CV0,1,1,1,1,1
2,2536859.926,708059.4624,R2_F2_m2f2_P2_Y2_UO63,R2_F2_m-1f-1_P2_Y-1_U82,R2_F2_m-1f-1_P2_Y-1_U76,FXX,2,32.07738464417417,1,0,1.058,0,0,0,-9999.0,0.25,1,P1_CV0,1,0,2,1,1
2,2536859.926,708059.4624,R2_F2_m2f2_P2_Y2_UO574,R2_F2_m2f2_P2_Y0_UO616,R2_F2_m-1f-1_P2_Y-1_U87,FXX,2,32.07738464417417,1,0,1.198,0,0,0,-9999.0,0.5,1,P1_CV0,1,1,1,0,2
2,2536859.926,708059.4624,R2_F2_m2f2_P2_Y2_UO349,R2_F2_m-1f-1_P2_Y-1_U2,R2_F2_m-1f-1_P2_Y-1_U80,FXX,2,32.07738464417417,1,0,0.0,0,0,0,-9999.0,0.75,1,P1_CV0,1,2,0,1,1
2,2536859.926,708059.4624,R2_F2_m2f2_P2_Y2_UO627,R2_F2_m2f2_P2_Y0_UO549,R2_F2_m-1f-1_P2_Y-1_U85,FXX,2,32.07738464417417,1,0,1.0,0,0,0,-9999.0,0.5,1,P1_CV0,1,0,2,2,0
2,2536859.926,708059.4624,R2_F2_m2f2_P2_Y2_UO10,R2_F2_m-1f-1_P2_Y-1_U126,R2_F2_m2f2_P2_Y0_UO71,FXX,2,32.07738464417417,1,0,1.641,0,0,0,-9999.0,0.625,1,P1_CV0,1,2,0,1,1
2,2536859.926,708059.4624,R2_F2_m2f2_P2_Y2_UO579,R2_F2_m2f2_P2_Y0_UO616,R2_F2_m-1f-1_P2_Y-1_U87,MXY,2,32.07738464417417,1,0,0.0,0,0,0,-9999.0,0.5,1,P1_CV0,1,2,0,1,1
2,2536859.926,708059.4624,R2_F2_m2f2_P2_Y2_UO134,R2_F2_m-1f-1_P2_Y-1_U2,R2_F2_m-1f-1_P2_Y-1_U80,FXX,2,32.07738464417417,1,0,0.0,0,0,0,-9999.0,0.75,1,P1_CV0,1,2,0,2,0
2,2536859.926,708059.4624,R2_F2_m2f2_P2_Y2_UO220,R2_F2_m2f2_P2_Y0_UO231,R2_F2_m2f2_P2_Y0_UO434,FXX,2,32.07738464417417,1,0,1.623,0,0,0,-9999.0,0.875,1,P1_CV0,1,2,0,2,0
2,2536859.926,708059.4624,R2_F2_m2f2_P2_Y2_UO347,R2_F2_m-1f-1_P2_Y-1_U2,R2_F2_m-1f-1_P2_Y-1_U80,MXY,2,32.07738464417417,1,0,0.0,0,0,0,-9999.0,0.75,1,P1_CV0,1,2,0,1,1
2,2536859.926,708059.4624,R2_F2_m2f2_P2_Y2_UO753,R2_F2_m-1f-1_P2_Y-1_U18,R2_F2_m-1f-1_P2_Y-1_U133,FXX,2,32.07738464417417,1,0,1.0,0,0,0,-9999.0,0.25,1,P1_CV0,1,0,2,2,0
2,2536859.926,708059.4624,R2_F2_m2f2_P2_Y2_UO662,R2_F2_m-1f-1_P2_Y-1_U39,R2_F2_m2f2_P2_Y0_UO813,MXY,2,32.07738464417417,1,0,0.0,0,0,0,-9999.0,0.625,1,P1_CV0,1,0,2,1,1
2,2536859.926,708059.4624,R2_F2_m2f2_P2_Y2_UO353,R2_F2_m-1f-1_P2_Y-1_U2,R2_F2_m-1f-1_P2_Y-1_U80,MXY,2,32.07738464417417,1,0,0.0,0,0,0,-9999.0,0.75,1,P1_CV0,1,2,0,2,0
2,2536859.926,708059.4624,R2_F2_m2f2_P2_Y2_UO56,R2_F2_m-1f-1_P2_Y-1_U82,R2_F2_m-1f-1_P2_Y-1_U76,FXX,2,32.07738464417417,1,0,0.0,0,0,0,-9999.0,0.25,1,P1_CV0,1,0,2,1,1
2,2536859.926,708059.4624,R2_F2_m2f2_P2_Y2_UO14,R2_F2_m-1f-1_P2_Y-1_U126,R2_F2_m2f2_P2_Y0_UO71,MXY,2,32.07738464417417,1,0,0.0,0,0,0,-9999.0,0.625,1,P1_CV0,1,2,0,0,2
2,2536859.926,708059.4624,R2_F2_m2f2_P2_Y2_UO218,R2_F2_m2f2_P2_Y0_UO231,R2_F2_m2f2_P2_Y0_UO434,FXX,2,32.07738464417417,1,0,0.0,0,0,0,-9999.0,0.875,1,P1_CV0,1,2,0,1,1
2,2536859.926,708059.4624,R2_F2_m2f2_P2_Y2_UO578,R2_F2_m2f2_P2_Y0_UO616,R2_F2_m-1f-1_P2_Y-1_U87,MXY,2,32.07738464417417,1,0,0.0,0,0,0,-9999.0,0.5,1,P1_CV0,1,1,1,0,2
2,2536859.926,708059.4624,R2_F2_m2f2_P2_Y2_UO233,R2_F2_m2f2_P2_Y0_UO298,R2_F2_m2f2_P2_Y0_UO654,FXX,2,32.07738464417417,1,0,1.0,0,0,0,-9999.0,0.875,1,P1_CV0,1,1,1,2,0
2,2536859.926,708059.4624,R2_F2_m2f2_P2_Y2_UO339,R2_F2_m-1f-1_P2_Y-1_U82,RD2_F3_m3f3_P3_Y0_UO517,FXX,2,32.07738464417417,1,0,1.03,0,0,0,-9999.0,0.25,1,P1_CV0,1,0,2,1,1
2,2536859.926,708059.4624,R2_F2_m2f2_P2_Y2_UO760,R2_F2_m-1f-1_P2_Y-1_U64,RD2_F3_m3f3_P3_Y0_UO517,FXX,2,32.07738464417417,1,0,2.614,0,0,0,-9999.0,0.75,1,P1_CV0,1,1,1,2,0
2,2536859.926,708059.4624,R2_F2_m2f2_P2_Y2_UO624,R2_F2_m2f2_P2_Y0_UO549,R2_F2_m-1f-1_P2_Y-1_U85,FXX,2,32.07738464417417,1,0,0.0,0,0,0,-9999.0,0.5,1,P1_CV0,1,1,1,2,0
2,2536859.926,708059.4624,R2_F2_m2f2_P2_Y2_UO391,R2_F2_m-1f-1_P2_Y-1_U39,R2_F2_m-1f-1_P2_Y-1_U80,MXY,2,32.07738464417417,1,0,0.0,0,0,0,-9999.0,0.75,1,P1_CV0,1,1,1,1,1
2,2536859.926,708059.4624,R2_F2_m2f2_P2_Y2_UO308,R2_F2_m-1f-1_P2_Y-1_U128,R2_F2_m-1f-1_P2_Y-1_U80,MXY,2,32.07738464417417,1,0,0.0,0,0,0,-9999.0,1.0,1,P1_CV0,1,2,0,1,1
2,2536859.926,708059.4624,R2_F2_m2f2_P2_Y2_UO696,R2_F2_m-1f-1_P2_Y-1_U17,R2_F2_m2f2_P2_Y0_UO813,FXX,2,32.07738464417417,1,0,2.34,0,0,0,-9999.0,0.875,1,P1_CV0,1,1,1,2,0
2,2536859.926,708059.4624,R2_F2_m2f2_P2_Y2_UO104,R2_F2_m2f2_P2_Y0_UO231,R2_F2_m-1f-1_P2_Y-1_U51,FXX,2,32.07738464417417,1,0,1.838,0,0,0,-9999.0,0.625,1,P1_CV0,1,1,1,1,1
2,2536859.926,708059.4624,R2_F2_m2f2_P2_Y2_UO434,R2_F2_m2f2_P2_Y0_UO144,R2_F2_m-1f-1_P2_Y-1_U100,FXX,2,32.07738464417417,1,0,0.0,0,0,0,-9999.0,0.375,1,P1_CV0,1,2,0,0,2
2,2536859.926,708059.4624,R2_F2_m2f2_P2_Y2_UO59,R2_F2_m-1f-1_P2_Y-1_U82,R2_F2_m-1f-1_P2_Y-1_U76,FXX,2,32.07738464417417,1,0,1.466,0,0,0,-9999.0,0.25,1,P1_CV0,1,1,1,2,0
2,2536859.926,708059.4624,R2_F2_m2f2_P2_Y2_UO368,R2_F2_m2f2_P2_Y0_UO144,R2_F2_m2f2_P2_Y0_UO32,FXX,2,32.07738464417417,1,0,0.0,0,0,0,-9999.0,0.5,1,P1_CV0,1,1,1,0,2
2,2536859.926,708059.4624,R2_F2_m2f2_P2_Y2_UO599,R2_F2_m-1f-1_P2_Y-1_U18,R2_F2_m2f2_P2_Y0_UO574,FXX,2,32.07738464417417,1,0,0.0,0,0,0,-9999.0,0.375,1,P1_CV0,1,0,2,1,1
2,2536859.926,708059.4624,R2_F2_m2f2_P2_Y2_UO690,R2_F2_m-1f-1_P2_Y-1_U17,R2_F2_m2f2_P2_Y0_UO813,MXY,2,32.07738464417417,1,0,0.0,0,0,0,-9999.0,0.875,1,P1_CV0,1,1,1,0,2
2,2536859.926,708059.4624,R2_F2_m2f2_P2_Y2_UO16,R2_F2_m-1f-1_P2_Y-1_U126,R2_F2_m2f2_P2_Y0_UO71,FXX,2,32.07738464417417,1,0,1.558,0,0,0,-9999.0,0.625,1,P1_CV0,1,1,1,0,2
2,2536859.926,708059.4624,I2_F7_m2f2_P2_Y2_UO664,R2_F2_m-1f-1_P2_Y-1_U39,R2_F2_m2f2_P2_Y0_UO813,MXY,2,32.07281945699577,1,0,0.0,0,0,0,-9999.0,0.625,1,P1_CV0,1,1,1,1,1
2,2536859.926,708059.4624,R2_F2_m2f2_P2_Y1_UO67,R2_F2_m-1f-1_P2_Y-1_U2,R2_F2_m-1f-1_P2_Y-1_U85,FXX,3,32.60331786379098,1,0,1.0,0,0,0,-9999.0,0.5,1,P1_CV0,1,0,2,1,1
2,2536859.926,708059.4624,R2_F2_m2f2_P2_Y1_UO448,R2_F2_m-1f-1_P2_Y-1_U82,R2_F2_m-1f-1_P2_Y-1_U90,MXY,3,32.60331786379098,1,0,0.0,0,0,0,-9999.0,0.25,1,P1_CV0,1,0,2,2,0
2,2536859.926,708059.4624,R2_F2_m2f2_P2_Y1_UO56,R2_F2_m-1f-1_P2_Y-1_U66,R2_F2_m-1f-1_P2_Y-1_U89,FXX,3,32.60331786379098,1,0,3.19,0,0,0,-9999.0,0.75,1,P1_CV0,1,2,0,2,0
2,2536859.926,708059.4624,R2_F2_m2f2_P2_Y1_UO547,R2_F2_m-1f-1_P2_Y-1_U9,R2_F2_m-1f-1_P2_Y-1_U79,FXX,3,32.60331786379098,1,0,2.163,0,0,0,-9999.0,1.0,1,P1_CV0,1,1,1,0,2
2,2536859.926,708059.4624,R2_F2_m2f2_P2_Y1_UO605,R2_F2_m-1f-1_P2_Y-1_U98,R2_F2_m-1f-1_P2_Y-1_U35,MXY,3,32.60331786379098,1,0,0.0,0,0,0,-9999.0,0.75,1,P1_CV0,1,0,2,1,1
2,2536859.926,708059.4624,R2_F2_m2f2_P2_Y1_UO125,R2_F2_m-1f-1_P2_Y-1_U48,R2_F2_m-1f-1_P2_Y-1_U96,MXY,3,32.60331786379098,1,0,0.0,0,0,0,-9999.0,0.5,1,P1_CV0,1,1,1,1,1
2,2536859.926,708059.4624,R2_F2_m2f2_P2_Y1_UO40,R2_F2_m-1f-1_P2_Y-1_U39,R2_F2_m-1f-1_P2_Y-1_U36,FXX,3,32.60331786379098,1,0,1.819,0,0,0,-9999.0,0.5,1,P1_CV0,1,0,2,1,1
2,2536859.926,708059.4624,R2_F2_m2f2_P2_Y1_UO48,R2_F2_m-1f-1_P2_Y-1_U34,R2_F2_m-1f-1_P2_Y-1_U41,FXX,3,32.60331786379098,1,0,0.0,0,0,0,-9999.0,0.5,1,P1_CV0,1,2,0,0,2
2,2536859.926,708059.4624,R2_F2_m2f2_P2_Y1_UO521,R2_F2_m-1f-1_P2_Y-1_U64,R2_F2_m-1f-1_P2_Y-1_U79,FXX,3,32.60331786379098,1,0,0.0,0,0,0,-9999.0,1.0,1,P1_CV0,1,2,0,1,1
2,2536859.926,708059.4624,R2_F2_m2f2_P2_Y1_UO45,R2_F2_m-1f-1_P2_Y-1_U45,R2_F2_m-1f-1_P2_Y-1_U26,FXX,3,32.60331786379098,1,0,1.0,0,0,0,-9999.0,0.5,1,P1_CV0,1,1,1,1,1
2,2536859.926,708059.4624,R2_F2_m2f2_P2_Y1_UO122,I2_F7_m-1f-1_P2_Y-1_U3,R2_F2_m-1f-1_P2_Y-1_U96,MXY,3,32.60331786379098,1,0,0.0,0,0,0,-9999.0,0.25,1,P1_CV0,1,1,1,0,2
2,2536859.926,708059.4624,R2_F2_m2f2_P2_Y1_UO334,R2_F2_m-1f-1_P2_Y-1_U110,R2_F2_m-1f-1_P2_Y-1_U47,FXX,3,32.60331786379098,1,0,0.0,0,0,0,-9999.0,0.5,1,P1_CV0,1,1,1,2,0
2,2536859.926,708059.4624,R2_F2_m2f2_P2_Y1_UO509,R2_F2_m-1f-1_P2_Y-1_U20,R2_F2_m-1f-1_P2_Y-1_U120,MXY,3,32.60331786379098,1,0,0.0,0,0,0,-9999.0,0.25,1,P1_CV0,1,2,0,2,0
2,2536859.926,708059.4624,R2_F2_m2f2_P2_Y1_UO49,R2_F2_m-1f-1_P2_Y-1_U34,R2_F2_m-1f-1_P2_Y-1_U41,MXY,3,32.60331786379098,1,0,0.0,0,0,0,-9999.0,0.5,1,P1_CV0,1,1,1,1,1
2,2536859.926,708059.4624,R2_F2_m2f2_P2_Y1_UO94,R2_F2_m-1f-1_P2_Y-1_U20,R2_F2_m-1f-1_P2_Y-1_U67,MXY,3,32.60331786379098,1,0,0.0,0,0,0,-9999.0,0.5,1,P1_CV0,1,1,1,1,1
2,2536859.926,708059.4624,I2_F7_m2f2_P2_Y1_UO520,R2_F2_m-1f-1_P2_Y-1_U125,R2_F2_m-1f-1_P2_Y-1_U49,MXY,3,32.599130534014975,1,0,0.0,0,0,0,-9999.0,0.25,1,P1_CV0,1,1,1,2,0
2,2536859.926,708059.4624,I2_F7_m2f2_P2_Y1_UO601,R2_F2_m-1f-1_P2_Y-1_U46,R2_F2_m-1f-1_P2_Y-1_U99,MXY,3,32.599130534014975,1,0,0.0,0,0,0,-9999.0,0.5,1,P1_CV0,1,2,0,1,1
2,2536859.926,708059.4624,R2_F2_m2f2_P2_Y0_UO480,R2_F2_m-1f-1_P2_Y-1_U93,R2_F2_m-1f-1_P2_Y-1_U30,FXX,4,33.02656951137545,1,0,0.0,0,0,0,-9999.0,0.5,1,P1_CV0,1,0,2,0,2
2,2536859.926,708059.4624,R2_F2_m2f2_P2_Y0_UO221,R2_F2_m-1f-1_P2_Y-1_U33,R2_F2_m-1f-1_P2_Y-1_U97,FXX,4,33.02656951137545,1,0,1.0,0,0,0,-9999.0,0.5,1,P1_CV0,1,1,1,0,2
2,2536859.926,708059.4624,R2_F2_m2f2_P2_Y0_UO72,R2_F2_m-1f-1_P2_Y-1_U119,R2_F2_m-1f-1_P2_Y-1_U65,MXY,4,33.02656951137545,1,0,0.0,0,0,0,-9999.0,0.75,1,P1_CV0,1,2,0,0,2
2,2536859.926,708059.4624,R2_F2_m2f2_P2_Y0_UO653,R2_F2_m-1f-1_P2_Y-1_U119,R2_F2_m-1f-1_P2_Y-1_U78,FXX,4,33.02656951137545,1,0,0.0,0,0,0,-9999.0,1.0,1,P1_CV0,1,2,0,1,1
2,2536859.926,708059.4624,R2_F2_m2f2_P2_Y0_UO98,R2_F2_m-1f-1_P2_Y-1_U50,R2_F2_m-1f-1_P2_Y-1_U59,MXY,4,33.02656951137545,1,0,0.0,0,0,0,-9999.0,0.75,1,P1_CV0,1,1,1,1,1
2,2536859.926,708059.4624,R2_F2_m2f2_P2_Y0_UO229,R2_F2_m-1f-1_P2_Y-1_U33,R2_F2_m-1f-1_P2_Y-1_U8,FXX,4,33.02656951137545,1,0,3.581,0,0,0,-9999.0,0.75,1,P1_CV0,1,0,2,1,1
2,2536859.926,708059.4624,R2_F2_m2f2_P2_Y0_UO535,R2_F2_m-1f-1_P2_Y-1_U118,R2_F2_m-1f-1_P2_Y-1_U12,MXY,4,33.02656951137545,1,0,0.0,0,0,0,-9999.0,0.25,1,P1_CV0,1,0,2,0,2
2,2536859.926,708059.4624,R2_F2_m2f2_P2_Y0_UO813,R2_F2_m-1f-1_P2_Y-1_U69,R2_F2_m-1f-1_P2_Y-1_U65,MXY,4,33.02656951137545,1,0,0.0,0,0,0,-9999.0,0.75,1,P1_CV0,1,0,2,1,1
2,2536859.926,708059.4624,R2_F2_m-1f-1_P2_Y-1_U0,-9999,-9999,MXY,5,33.355853270240026,1,0,0.0,0,0,0,-9999.0,0.5,1,P1_CV0,1,1,1,0,2
2,2536859.926,708059.4624,R2_F2_m-1f-1_P2_Y-1_U87,-9999,-9999,MXY,5,33.355853270240026,1,0,0.0,0,0,0,-9999.0,0.5,1,P1_CV0,1,1,1,0,2
2,2536859.926,708059.4624,R2_F2_m-1f-1_P2_Y-1_U98,-9999,-9999,FXX,5,33.355853270240026,1,0,1.355,0,0,0,-9999.0,0.5,1,P1_CV0,1,1,1,0,2
2,2536859.926,708059.4624,R2_F2_m-1f-1_P2_Y-1_U85,-9999,-9999,MXY,5,33.355853270240026,1,0,0.0,0,0,0,-9999.0,0.5,1,P1_CV0,1,1,1,2,0
2,2536859.926,708059.4624,R2_F2_m-1f-1_P2_Y-1_U133,-9999,-9999,MXY,5,33.355853270240026,1,0,0.0,0,0,0,-9999.0,0.5,1,P1_CV0,1,1,1,1,1
2,2536859.926,708059.4624,R2_F2_m2f2_P2_Y3_UO343,R2_F2_m2f2_P2_Y0_UO144,R2_F2_m3f3_P3_Y0_UO517,FXX,1,31.486553447448518,0,0,0.0,0,0,0,-9999.0,0.375,1,P2_CV0,1,1,1,1,1
2,2536859.926,708059.4624,R2_F2_m2f2_P2_Y3_UO345,R2_F2_m2f2_P2_Y0_UO144,R2_F2_m3f3_P3_Y0_UO517,MXY,1,31.486553447448518,0,0,0.0,0,0,0,-9999.0,0.375,1,P2_CV0,1,1,1,1,1
2,2536859.926,708059.4624,R2_F2_m4f4_P4_Y1_UO154,I4_F7_m-1f-1_P4_Y-1_U104,R4_F4_m-1f-1_P4_Y-1_U116,MXY,3,32.59909119255309,1,0,0.0,0,0,0,-9999.0,0.5,1,P3_CV0,1,2,0,2,0
3,2532969.44,705413.5711,RD3_F2_m2f2_P2_Y3_UO59,R2_F2_m-1f-1_P2_Y-1_U39,R2_F2_m2f2_P2_Y1_UO396,FXX,1,31.031815795408587,0,0,0.0,0,0,0,-9999.0,0.75,1,P1_CV0,2,1,1,1,1
3,2532969.44,705413.5711,R3_F3_m3f3_P3_Y3_UO15,R3_F3_m-1f-1_P3_Y-1_U31,R3_F3_m3f3_P3_Y0_UO426,MXY,1,31.040066269982102,0,0,0.0,0,0,0,-9999.0,0.75,1,P2_CV0,2,2,0,1,1
3,2532969.44,705413.5711,R3_F3_m3f3_P3_Y3_UO16,R3_F3_m-1f-1_P3_Y-1_U31,R3_F3_m3f3_P3_Y0_UO426,MXY,1,31.040066269982102,0,0,0.0,0,0,0,-9999.0,0.75,1,P2_CV0,2,1,1,1,1
3,2532969.44,705413.5711,R3_F3_m3f3_P3_Y3_UO17,R3_F3_m-1f-1_P3_Y-1_U31,R3_F3_m3f3_P3_Y0_UO426,MXY,1,31.040066269982102,0,0,0.0,0,0,0,-9999.0,0.75,1,P2_CV0,2,1,1,1,1
3,2532969.44,705413.5711,R3_F3_m3f3_P3_Y3_UO23,R3_F3_m3f3_P3_Y0_UO117,R3_F3_m3f3_P3_Y1_UO212,FXX,1,31.040066269982102,0,0,0.0,0,0,0,-9999.0,0.5,1,P2_CV0,2,1,1,1,1
3,2532969.44,705413.5711,R3_F3_m3f3_P3_Y3_UO28,R3_F3_m3f3_P3_Y1_UO562,R3_F3_m3f3_P3_Y0_UO290,FXX,1,31.040066269982102,0,0,0.0,0,0,0,-9999.0,0.375,1,P2_CV0,2,1,1,1,1
3,2532969.44,705413.5711,R3_F3_m3f3_P3_Y3_UO29,R3_F3_m3f3_P3_Y1_UO562,R3_F3_m3f3_P3_Y0_UO290,FXX,1,31.040066269982102,0,0,0.0,0,0,0,-9999.0,0.375,1,P2_CV0,2,1,1,1,1
3,2532969.44,705413.5711,R3_F3_m3f3_P3_Y3_UO30,R3_F3_m3f3_P3_Y1_UO562,R3_F3_m3f3_P3_Y0_UO290,MXY,1,31.040066269982102,0,0,0.0,0,0,0,-9999.0,0.375,1,P2_CV0,2,1,1,2,0
3,2532969.44,705413.5711,R3_F3_m3f3_P3_Y3_UO37,R3_F3_m3f3_P3_Y1_UO13,R3_F3_m-1f-1_P3_Y-1_U61,MXY,1,31.040066269982102,0,0,0.0,0,0,0,-9999.0,1.0,1,P2_CV0,2,2,0,1,1
3,2532969.44,705413.5711,R3_F3_m3f3_P3_Y3_UO39,R3_F3_m3f3_P3_Y1_UO333,R3_F3_m3f3_P3_Y1_UO313,FXX,1,31.040066269982102,0,0,0.0,0,0,0,-9999.0,0.875,1,P2_CV0,2,2,0,1,1
3,2532969.44,705413.5711,R3_F3_m3f3_P3_Y3_UO55,R3_F3_m3f3_P3_Y0_UO117,R3_F3_m3f3_P3_Y1_UO575,MXY,1,31.040066269982102,0,0,0.0,0,0,0,-9999.0,0.25,1,P2_CV0,2,1,1,2,0
3,2532969.44,705413.5711,R3_F3_m3f3_P3_Y3_UO65,R3_F3_m3f3_P3_Y1_UO597,R3_F3_m3f3_P3_Y1_UO270,MXY,1,31.040066269982102,0,0,0.0,0,0,0,-9999.0,0.625,1,P2_CV0,2,2,0,1,1
3,2532969.44,705413.5711,R3_F3_m3f3_P3_Y3_UO66,R3_F3_m3f3_P3_Y1_UO272,R3_F3_m3f3_P3_Y0_UO262,MXY,1,31.040066269982102,0,0,0.0,0,0,0,-9999.0,0.625,1,P2_CV0,2,1,1,0,2
3,2532969.44,705413.5711,R3_F3_m3f3_P3_Y3_UO72,R3_F3_m3f3_P3_Y1_UO166,R3_F3_m-1f-1_P3_Y-1_U6,MXY,1,31.040066269982102,0,0,0.0,0,0,0,-9999.0,0.875,1,P2_CV0,2,2,0,1,1
3,2532969.44,705413.5711,R3_F3_m3f3_P3_Y3_UO78,I3_F7_m-1f-1_P3_Y-1_U12,R3_F3_m3f3_P3_Y0_UO538,FXX,1,31.040066269982102,0,0,0.0,0,0,0,-9999.0,0.125,1,P2_CV0,2,1,1,1,1
3,2532969.44,705413.5711,R3_F3_m3f3_P3_Y3_UO82,R3_F3_m-1f-1_P3_Y-1_U107,R3_F3_m3f3_P3_Y0_UO837,MXY,1,31.040066269982102,0,0,0.0,0,0,0,-9999.0,0.375,1,P2_CV0,2,0,2,2,0
3,2532969.44,705413.5711,R3_F3_m3f3_P3_Y3_UO83,R3_F3_m-1f-1_P3_Y-1_U107,R3_F3_m3f3_P3_Y0_UO837,MXY,1,31.040066269982102,0,0,0.0,0,0,0,-9999.0,0.375,1,P2_CV0,2,0,2,1,1
3,2532969.44,705413.5711,R3_F3_m3f3_P3_Y3_UO84,R3_F3_m-1f-1_P3_Y-1_U107,R3_F3_m3f3_P3_Y0_UO837,FXX,1,31.040066269982102,0,0,0.0,0,0,0,-9999.0,0.375,1,P2_CV0,2,1,1,1,1
3,2532969.44,705413.5711,R3_F3_m3f3_P3_Y3_UO100,I3_F7_m-1f-1_P3_Y-1_U12,R3_F3_m3f3_P3_Y1_UO368,MXY,1,31.040066269982102,0,0,0.0,0,0,0,-9999.0,0.375,1,P2_CV0,2,1,1,1,1
3,2532969.44,705413.5711,R3_F3_m3f3_P3_Y3_UO101,I3_F7_m-1f-1_P3_Y-1_U12,R3_F3_m3f3_P3_Y1_UO368,FXX,1,31.040066269982102,0,0,0.0,0,0,0,-9999.0,0.375,1,P2_CV0,2,0,2,2,0
3,2532969.44,705413.5711,R3_F3_m3f3_P3_Y3_UO102,R3_F3_m3f3_P3_Y0_UO519,R3_F3_m3f3_P3_Y1_UO75,FXX,1,31.040066269982102,0,0,0.0,0,0,0,-9999.0,0.375,1,P2_CV0,2,0,2,0,2
3,2532969.44,705413.5711,R3_F3_m3f3_P3_Y3_UO113,I3_F7_m-1f-1_P3_Y-1_U34,R3_F3_m3f3_P3_Y1_UO270,FXX,1,31.040066269982102,0,0,0.0,0,0,0,-9999.0,0.5,1,P2_CV0,2,2,0,2,0
3,2532969.44,705413.5711,R3_F3_m3f3_P3_Y3_UO114,I3_F7_m-1f-1_P3_Y-1_U34,R3_F3_m3f3_P3_Y1_UO270,MXY,1,31.040066269982102,0,0,0.0,0,0,0,-9999.0,0.5,1,P2_CV0,2,1,1,2,0
3,2532969.44,705413.5711,R3_F3_m3f3_P3_Y3_UO115,I3_F7_m-1f-1_P3_Y-1_U34,R3_F3_m3f3_P3_Y1_UO270,MXY,1,31.040066269982102,0,0,0.0,0,0,0,-9999.0,0.5,1,P2_CV0,2,1,1,2,0
3,2532969.44,705413.5711,R3_F3_m3f3_P3_Y3_UO116,I3_F7_m-1f-1_P3_Y-1_U34,R3_F3_m3f3_P3_Y1_UO270,FXX,1,31.040066269982102,0,0,0.0,0,0,0,-9999.0,0.5,1,P2_CV0,2,2,0,2,0
3,2532969.44,705413.5711,R3_F3_m3f3_P3_Y3_UO135,R3_F3_m3f3_P3_Y1_UO453,R3_F3_m3f3_P3_Y1_UO532,MXY,1,31.040066269982102,0,0,0.0,0,0,0,-9999.0,0.375,1,P2_CV0,2,0,2,2,0
3,2532969.44,705413.5711,R3_F3_m3f3_P3_Y3_UO162,R3_F3_m3f3_P3_Y0_UO668,R3_F3_m3f3_P3_Y1_UO532,MXY,1,31.040066269982102,0,0,0.0,0,0,0,-9999.0,0.5,1,P2_CV0,2,0,2,2,0
3,2532969.44,705413.5711,R3_F3_m3f3_P3_Y3_UO163,R3_F3_m-1f-1_P3_Y-1_U111,R3_F3_m3f3_P3_Y1_UO313,FXX,1,31.040066269982102,0,0,0.0,0,0,0,-9999.0,0.625,1,P2_CV0,2,2,0,2,0
3,2532969.44,705413.5711,R3_F3_m3f3_P3_Y3_UO164,R3_F3_m-1f-1_P3_Y-1_U111,R3_F3_m3f3_P3_Y1_UO313,MXY,1,31.040066269982102,0,0,0.0,0,0,0,-9999.0,0.625,1,P2_CV0,2,1,1,2,0
3,2532969.44,705413.5711,R3_F3_m3f3_P3_Y3_UO165,R3_F3_m-1f-1_P3_Y-1_U111,R3_F3_m3f3_P3_Y1_UO313,FXX,1,31.040066269982102,0,0,0.0,0,0,0,-9999.0,0.625,1,P2_CV0,2,2,0,2,0
3,2532969.44,705413.5711,R3_F3_m3f3_P3_Y3_UO166,R3_F3_m-1f-1_P3_Y-1_U111,R3_F3_m3f3_P3_Y1_UO313,MXY,1,31.040066269982102,0,0,0.0,0,0,0,-9999.0,0.625,1,P2_CV0,2,2,0,2,0
3,2532969.44,705413.5711,R3_F3_m3f3_P3_Y3_UO190,R3_F3_m-1f-1_P3_Y-1_U101,R3_F3_m3f3_P3_Y1_UO294,MXY,1,31.040066269982102,0,0,0.0,0,0,0,-9999.0,0.625,1,P2_CV0,2,1,1,2,0
3,2532969.44,705413.5711,R3_F3_m3f3_P3_Y3_UO191,R3_F3_m-1f-1_P3_Y-1_U101,R3_F3_m3f3_P3_Y1_UO294,MXY,1,31.040066269982102,0,0,0.0,0,0,0,-9999.0,0.625,1,P2_CV0,2,2,0,1,1
3,2532969.44,705413.5711,R3_F3_m3f3_P3_Y3_UO196,I3_F7_m-1f-1_P3_Y-1_U34,R3_F3_m-1f-1_P3_Y-1_U54,MXY,1,31.040066269982102,0,0,0.0,0,0,0,-9999.0,0.25,1,P2_CV0,2,1,1,2,0
3,2532969.44,705413.5711,R3_F3_m3f3_P3_Y3_UO197,I3_F7_m-1f-1_P3_Y-1_U34,R3_F3_m-1f-1_P3_Y-1_U54,MXY,1,31.040066269982102,0,0,0.0,0,0,0,-9999.0,0.25,1,P2_CV0,2,0,2,2,0
3,2532969.44,705413.5711,R3_F3_m3f3_P3_Y3_UO200,I3_F7_m-1f-1_P3_Y-1_U12,R3_F3_m3f3_P3_Y1_UO99,MXY,1,31.040066269982102,0,0,0.0,0,0,0,-9999.0,0.25,1,P2_CV0,2,0,2,1,1
3,2532969.44,705413.5711,R3_F3_m3f3_P3_Y3_UO201,I3_F7_m-1f-1_P3_Y-1_U12,R3_F3_m3f3_P3_Y1_UO99,MXY,1,31.040066269982102,0,0,0.0,0,0,0,-9999.0,0.25,1,P2_CV0,2,0,2,2,0
3,2532969.44,705413.5711,R3_F3_m3f3_P3_Y3_UO247,R3_F3_m3f3_P3_Y0_UO293,R3_F3_m3f3_P3_Y1_UO173,FXX,1,31.040066269982102,0,0,0.0,0,0,0,-9999.0,0.875,1,P2_CV0,2,2,0,1,1
3,2532969.44,705413.5711,R3_F3_m3f3_P3_Y3_UO248,R3_F3_m3f3_P3_Y0_UO293,R3_F3_m3f3_P3_Y1_UO173,MXY,1,31.040066269982102,0,0,0.0,0,0,0,-9999.0,0.875,1,P2_CV0,2,1,1,0,2
3,2532969.44,705413.5711,R3_F3_m3f3_P3_Y3_UO256,R3_F3_m3f3_P3_Y0_UO356,R3_F3_m3f3_P3_Y0_UO667,MXY,1,31.040066269982102,0,0,0.0,0,0,0,-9999.0,0.875,1,P2_CV0,2,0,2,1,1
3,2532969.44,705413.5711,R3_F3_m3f3_P3_Y3_UO257,R3_F3_m3f3_P3_Y1_UO453,R3_F3_m3f3_P3_Y1_UO62,FXX,1,31.040066269982102,0,0,0.0,0,0,0,-9999.0,0.625,1,P2_CV0,2,1,1,1,1
3,2532969.44,705413.5711,R3_F3_m3f3_P3_Y3_UO258,R3_F3_m-1f-1_P3_Y-1_U53,R3_F3_m3f3_P3_Y1_UO313,FXX,1,31.040066269982102,0,0,0.0,0,0,0,-9999.0,0.875,1,P2_CV0,2,2,0,1,1
3,2532969.44,705413.5711,R3_F3_m3f3_P3_Y3_UO259,R3_F3_m-1f-1_P3_Y-1_U53,R3_F3_m3f3_P3_Y1_UO313,FXX,1,31.040066269982102,0,0,0.0,0,0,0,-9999.0,0.875,1,P2_CV0,2,2,0,2,0
3,2532969.44,705413.5711,R3_F3_m3f3_P3_Y3_UO267,R3_F3_m3f3_P3_Y0_UO685,R3_F3_m3f3_P3_Y1_UO88,FXX,1,31.040066269982102,0,0,0.0,0,0,0,-9999.0,0.625,1,P2_CV0,2,0,2,1,1
3,2532969.44,705413.5711,R3_F3_m3f3_P3_Y3_UO268,R3_F3_m3f3_P3_Y0_UO685,R3_F3_m3f3_P3_Y1_UO88,MXY,1,31.040066269982102,0,0,0.0,0,0,0,-9999.0,0.625,1,P2_CV0,2,1,1,1,1
3,2532969.44,705413.5711,R3_F3_m3f3_P3_Y3_UO277,R3_F3_m3f3_P3_Y1_UO333,R3_F3_m-1f-1_P3_Y-1_U10,FXX,1,31.040066269982102,0,0,0.0,0,0,0,-9999.0,1.0,1,P2_CV0,2,2,0,0,2
3,2532969.44,705413.5711,R3_F3_m3f3_P3_Y3_UO278,R3_F3_m3f3_P3_Y1_UO333,R3_F3_m-1f-1_P3_Y-1_U10,MXY,1,31.040066269982102,0,0,0.0,0,0,0,-9999.0,1.0,1,P2_CV0,2,2,0,0,2
3,2532969.44,705413.5711,R3_F3_m3f3_P3_Y3_UO279,I3_F7_m-1f-1_P3_Y-1_U34,R3_F3_m-1f-1_P3_Y-1_U41,FXX,1,31.040066269982102,0,0,0.0,0,0,0,-9999.0,0.25,1,P2_CV0,2,1,1,2,0
3,2532969.44,705413.5711,R3_F3_m3f3_P3_Y3_UO280,I3_F7_m-1f-1_P3_Y-1_U34,R3_F3_m-1f-1_P3_Y-1_U41,FXX,1,31.040066269982102,0,0,0.0,0,0,0,-9999.0,0.25,1,P2_CV0,2,0,2,2,0
3,2532969.44,705413.5711,R3_F3_m3f3_P3_Y3_UO281,I3_F7_m-1f-1_P3_Y-1_U34,R3_F3_m-1f-1_P3_Y-1_U41,MXY,1,31.040066269982102,0,0,0.0,0,0,0,-9999.0,0.25,1,P2_CV0,2,1,1,2,0
3,2532969.44,705413.5711,R3_F3_m3f3_P3_Y3_UO292,R3_F3_m3f3_P3_Y0_UO285,R3_F3_m3f3_P3_Y1_UO89,FXX,1,31.040066269982102,0,0,0.0,0,0,0,-9999.0,0.625,1,P2_CV0,2,1,1,1,1
3,2532969.44,705413.5711,R3_F3_m3f3_P3_Y3_UO293,R3_F3_m3f3_P3_Y1_UO562,R3_F3_m3f3_P3_Y1_UO363,MXY,1,31.040066269982102,0,0,0.0,0,0,0,-9999.0,0.375,1,P2_CV0,2,0,2,2,0
3,2532969.44,705413.5711,R3_F3_m3f3_P3_Y3_UO298,R3_F3_m3f3_P3_Y0_UO285,R3_F3_m-1f-1_P3_Y-1_U139,MXY,1,31.040066269982102,0,0,0.0,0,0,0,-9999.0,0.75,1,P2_CV0,2,1,1,1,1
3,2532969.44,705413.5711,R3_F3_m3f3_P3_Y3_UO299,R3_F3_m3f3_P3_Y0_UO285,R3_F3_m-1f-1_P3_Y-1_U139,MXY,1,31.040066269982102,0,0,0.0,0,0,0,-9999.0,0.75,1,P2_CV0,2,1,1,1,1
3,2532969.44,705413.5711,R3_F3_m3f3_P3_Y3_UO333,R3_F3_m3f3_P3_Y0_UO668,R3_F3_m3f3_P3_Y0_UO426,MXY,1,31.040066269982102,0,0,0.0,0,0,0,-9999.0,0.625,1,P2_CV0,2,0,2,0,2
3,2532969.44,705413.5711,R3_F3_m3f3_P3_Y3_UO350,R3_F3_m3f3_P3_Y0_UO117,R3_F3_m3f3_P3_Y1_UO212,FXX,1,31.040066269982102,0,0,0.0,0,0,0,-9999.0,0.5,1,P2_CV0,2,1,1,1,1
3,2532969.44,705413.5711,R3_F3_m3f3_P3_Y3_UO352,I3_F7_m-1f-1_P3_Y-1_U12,R3_F3_m3f3_P3_Y1_UO294,MXY,1,31.040066269982102,0,0,0.0,0,0,0,-9999.0,0.375,1,P2_CV0,2,1,1,2,0
3,2532969.44,705413.5711,R3_F3_m3f3_P3_Y3_UO353,I3_F7_m-1f-1_P3_Y-1_U12,R3_F3_m3f3_P3_Y1_UO294,FXX,1,31.040066269982102,0,0,0.0,0,0,0,-9999.0,0.375,1,P2_CV0,2,1,1,1,1
3,2532969.44,705413.5711,R3_F3_m3f3_P3_Y3_UO354,I3_F7_m-1f-1_P3_Y-1_U12,R3_F3_m3f3_P3_Y1_UO294,FXX,1,31.040066269982102,0,0,0.0,0,0,0,-9999.0,0.375,1,P2_CV0,2,1,1,0,2
3,2532969.44,705413.5711,R3_F3_m3f3_P3_Y3_UO355,R3_F3_m3f3_P3_Y1_UO76,R3_F3_m3f3_P3_Y1_UO270,MXY,1,31.040066269982102,0,0,0.0,0,0,0,-9999.0,0.5,1,P2_CV0,2,2,0,2,0
3,2532969.44,705413.5711,R3_F3_m3f3_P3_Y3_UO359,R3_F3_m3f3_P3_Y0_UO117,R3_F3_m3f3_P3_Y0_UO426,FXX,1,31.040066269982102,0,0,0.0,0,0,0,-9999.0,0.375,1,P2_CV0,2,1,1,1,1
3,2532969.44,705413.5711,R3_F3_m3f3_P3_Y3_UO360,R3_F3_m3f3_P3_Y0_UO117,R3_F3_m3f3_P3_Y0_UO426,FXX,1,31.040066269982102,0,0,0.0,0,0,0,-9999.0,0.375,1,P2_CV0,2,1,1,1,1
3,2532969.44,705413.5711,R3_F3_m3f3_P3_Y3_UO361,R3_F3_m3f3_P3_Y0_UO117,R3_F3_m3f3_P3_Y0_UO426,FXX,1,31.040066269982102,0,0,0.0,0,0,0,-9999.0,0.375,1,P2_CV0,2,0,2,1,1
3,2532969.44,705413.5711,R3_F3_m3f3_P3_Y3_UO391,R3_F3_m3f3_P3_Y1_UO272,R3_F3_m-1f-1_P3_Y-1_U138,MXY,1,31.040066269982102,0,0,0.0,0,0,0,-9999.0,0.375,1,P2_CV0,2,0,2,0,2
3,2532969.44,705413.5711,R3_F3_m3f3_P3_Y3_UO392,R3_F3_m3f3_P3_Y1_UO272,R3_F3_m-1f-1_P3_Y-1_U138,FXX,1,31.040066269982102,0,0,0.0,0,0,0,-9999.0,0.375,1,P2_CV0,2,2,0,1,1
3,2532969.44,705413.5711,R3_F3_m3f3_P3_Y3_UO406,R3_F3_m-1f-1_P3_Y-1_U25,R3_F3_m-1f-1_P3_Y-1_U134,MXY,1,31.040066269982102,0,0,0.0,0,0,0,-9999.0,0.75,1,P2_CV0,2,1,1,0,2
3,2532969.44,705413.5711,R3_F3_m3f3_P3_Y3_UO407,R3_F3_m-1f-1_P3_Y-1_U25,R3_F3_m-1f-1_P3_Y-1_U134,FXX,1,31.040066269982102,0,0,0.0,0,0,0,-9999.0,0.75,1,P2_CV0,2,2,0,1,1
3,2532969.44,705413.5711,R3_F3_m3f3_P3_Y3_UO408,R3_F3_m-1f-1_P3_Y-1_U25,R3_F3_m-1f-1_P3_Y-1_U134,MXY,1,31.040066269982102,0,0,0.0,0,0,0,-9999.0,0.75,1,P2_CV0,2,2,0,1,1
3,2532969.44,705413.5711,R3_F3_m3f3_P3_Y3_UO409,R3_F3_m-1f-1_P3_Y-1_U53,R3_F3_m3f3_P3_Y1_UO290,FXX,1,31.040066269982102,0,0,0.0,0,0,0,-9999.0,0.625,1,P2_CV0,2,1,1,2,0
3,2532969.44,705413.5711,R3_F3_m3f3_P3_Y3_UO410,R3_F3_m-1f-1_P3_Y-1_U53,R3_F3_m3f3_P3_Y1_UO290,FXX,1,31.040066269982102,0,0,0.0,0,0,0,-9999.0,0.625,1,P2_CV0,2,1,1,1,1
3,2532969.44,705413.5711,R3_F3_m3f3_P3_Y3_UO411,R3_F3_m-1f-1_P3_Y-1_U53,R3_F3_m3f3_P3_Y1_UO290,MXY,1,31.040066269982102,0,0,0.0,0,0,0,-9999.0,0.625,1,P2_CV0,2,1,1,2,0
3,2532969.44,705413.5711,R3_F3_m3f3_P3_Y3_UO415,R3_F3_m-1f-1_P3_Y-1_U25,R3_F3_m3f3_P3_Y1_UO290,MXY,1,31.040066269982102,0,0,0.0,0,0,0,-9999.0,0.375,1,P2_CV0,2,1,1,2,0
3,2532969.44,705413.5711,R3_F3_m3f3_P3_Y3_UO416,R3_F3_m-1f-1_P3_Y-1_U25,R3_F3_m3f3_P3_Y1_UO290,FXX,1,31.040066269982102,0,0,0.0,0,0,0,-9999.0,0.375,1,P2_CV0,2,0,2,2,0
3,2532969.44,705413.5711,R3_F3_m3f3_P3_Y3_UO417,R3_F3_m-1f-1_P3_Y-1_U25,R3_F3_m3f3_P3_Y1_UO290,FXX,1,31.040066269982102,0,0,0.0,0,0,0,-9999.0,0.375,1,P2_CV0,2,0,2,1,1
3,2532969.44,705413.5711,R3_F3_m3f3_P3_Y3_UO421,R3_F3_m3f3_P3_Y0_UO356,R3_F3_m3f3_P3_Y0_UO262,MXY,1,31.040066269982102,0,0,0.0,0,0,0,-9999.0,1.0,1,P2_CV0,2,0,2,1,1
3,2532969.44,705413.5711,R3_F3_m3f3_P3_Y3_UO422,R3_F3_m3f3_P3_Y0_UO356,R3_F3_m3f3_P3_Y0_UO262,FXX,1,31.040066269982102,0,0,0.0,0,0,0,-9999.0,1.0,1,P2_CV0,2,1,1,0,2
3,2532969.44,705413.5711,R3_F3_m3f3_P3_Y3_UO428,R3_F3_m3f3_P3_Y0_UO519,R3_F3_m-1f-1_P3_Y-1_U94,FXX,1,31.040066269982102,0,0,0.0,0,0,0,-9999.0,0.25,1,P2_CV0,2,0,2,1,1
3,2532969.44,705413.5711,R3_F3_m3f3_P3_Y3_UO429,R3_F3_m3f3_P3_Y0_UO519,R3_F3_m-1f-1_P3_Y-1_U94,FXX,1,31.040066269982102,0,0,0.0,0,0,0,-9999.0,0.25,1,P2_CV0,2,0,2,1,1
3,2532969.44,705413.5711,R3_F3_m3f3_P3_Y3_UO445,R3_F3_m3f3_P3_Y1_UO191,R3_F3_m3f3_P3_Y1_UO270,FXX,1,31.040066269982102,0,0,0.0,0,0,0,-9999.0,0.625,1,P2_CV0,2,2,0,1,1
3,2532969.44,705413.5711,R3_F3_m3f3_P3_Y3_UO446,R3_F3_m3f3_P3_Y1_UO191,R3_F3_m3f3_P3_Y1_UO270,MXY,1,31.040066269982102,0,0,0.0,0,0,0,-9999.0,0.625,1,P2_CV0,2,2,0,1,1
3,2532969.44,705413.5711,R3_F3_m3f3_P3_Y3_UO470,R3_F3_m-1f-1_P3_Y-1_U17,R3_F3_m-1f-1_P3_Y-1_U49,FXX,1,31.040066269982102,0,0,0.0,0,0,0,-9999.0,0.75,1,P2_CV0,2,1,1,2,0
3,2532969.44,705413.5711,R3_F3_m3f3_P3_Y3_UO471,R3_F3_m-1f-1_P3_Y-1_U17,R3_F3_m-1f-1_P3_Y-1_U49,MXY,1,31.040066269982102,0,0,0.0,0,0,0,-9999.0,0.75,1,P2_CV0,2,2,0,2,0
3,2532969.44,705413.5711,R3_F3_m3f3_P3_Y3_UO472,R3_F3_m-1f-1_P3_Y-1_U17,R3_F3_m-1f-1_P3_Y-1_U49,MXY,1,31.040066269982102,0,0,0.0,0,0,0,-9999.0,0.75,1,P2_CV0,2,2,0,1,1
3,2532969.44,705413.5711,R3_F3_m3f3_P3_Y3_UO473,R3_F3_m-1f-1_P3_Y-1_U17,R3_F3_m-1f-1_P3_Y-1_U49,MXY,1,31.040066269982102,0,0,0.0,0,0,0,-9999.0,0.75,1,P2_CV0,2,1,1,1,1
3,2532969.44,705413.5711,R3_F3_m3f3_P3_Y3_UO477,R3_F3_m3f3_P3_Y1_UO355,R3_F3_m3f3_P3_Y0_UO624,FXX,1,31.040066269982102,0,0,0.0,0,0,0,-9999.0,0.5,1,P2_CV0,2,1,1,1,1
3,2532969.44,705413.5711,R3_F3_m3f3_P3_Y3_UO497,R3_F3_m3f3_P3_Y1_UO272,R3_F3_m3f3_P3_Y1_UO313,MXY,1,31.040066269982102,0,0,0.0,0,0,0,-9999.0,0.5,1,P2_CV0,2,1,1,2,0
3,2532969.44,705413.5711,R3_F3_m3f3_P3_Y3_UO505,I3_F7_m-1f-1_P3_Y-1_U34,R3_F3_m3f3_P3_Y1_UO313,FXX,1,31.040066269982102,0,0,0.0,0,0,0,-9999.0,0.625,1,P2_CV0,2,1,1,2,0
3,2532969.44,705413.5711,R3_F3_m3f3_P3_Y3_UO506,I3_F7_m-1f-1_P3_Y-1_U34,R3_F3_m3f3_P3_Y1_UO313,FXX,1,31.040066269982102,0,0,0.0,0,0,0,-9999.0,0.625,1,P2_CV0,2,2,0,2,0
3,2532969.44,705413.5711,R3_F3_m3f3_P3_Y3_UO507,I3_F7_m-1f-1_P3_Y-1_U34,R3_F3_m3f3_P3_Y1_UO313,FXX,1,31.040066269982102,0,0,0.0,0,0,0,-9999.0,0.625,1,P2_CV0,2,2,0,2,0
3,2532969.44,705413.5711,R3_F3_m3f3_P3_Y3_UO508,I3_F7_m-1f-1_P3_Y-1_U34,R3_F3_m3f3_P3_Y1_UO313,MXY,1,31.040066269982102,0,0,0.0,0,0,0,-9999.0,0.625,1,P2_CV0,2,1,1,2,0
3,2532969.44,705413.5711,R3_F3_m3f3_P3_Y3_UO509,I3_F7_m-1f-1_P3_Y-1_U34,R3_F3_m3f3_P3_Y1_UO313,FXX,1,31.040066269982102,0,0,0.0,0,0,0,-9999.0,0.625,1,P2_CV0,2,2,0,2,0
3,2532969.44,705413.5711,R3_F3_m3f3_P3_Y3_UO525,R3_F3_m3f3_P3_Y1_UO388,R3_F3_m3f3_P3_Y0_UO138,MXY,1,31.040066269982102,0,0,0.0,0,0,0,-9999.0,0.875,1,P2_CV0,2,0,2,0,2
3,2532969.44,705413.5711,R3_F3_m3f3_P3_Y3_UO526,R3_F3_m3f3_P3_Y1_UO388,R3_F3_m3f3_P3_Y0_UO138,MXY,1,31.040066269982102,0,0,0.0,0,0,0,-9999.0,0.875,1,P2_CV0,2,0,2,1,1
3,2532969.44,705413.5711,R3_F3_m3f3_P3_Y3_UO527,R3_F3_m3f3_P3_Y1_UO388,R3_F3_m3f3_P3_Y0_UO138,FXX,1,31.040066269982102,0,0,0.0,0,0,0,-9999.0,0.875,1,P2_CV0,2,0,2,0,2
3,2532969.44,705413.5711,R3_F3_m3f3_P3_Y3_UO529,R3_F3_m3f3_P3_Y0_UO519,R3_F3_m3f3_P3_Y0_UO290,FXX,1,31.040066269982102,0,0,0.0,0,0,0,-9999.0,0.5,1,P2_CV0,2,1,1,2,0
3,2532969.44,705413.5711,R3_F3_m3f3_P3_Y3_UO530,R3_F3_m3f3_P3_Y0_UO519,R3_F3_m3f3_P3_Y0_UO290,MXY,1,31.040066269982102,0,0,0.0,0,0,0,-9999.0,0.5,1,P2_CV0,2,1,1,2,0
3,2532969.44,705413.5711,R3_F3_m3f3_P3_Y3_UO531,R3_F3_m3f3_P3_Y0_UO519,R3_F3_m3f3_P3_Y0_UO290,MXY,1,31.040066269982102,0,0,0.0,0,0,0,-9999.0,0.5,1,P2_CV0,2,1,1,1,1
3,2532969.44,705413.5711,R3_F3_m3f3_P3_Y3_UO579,R3_F3_m3f3_P3_Y0_UO685,R3_F3_m3f3_P3_Y1_UO11,FXX,1,31.040066269982102,0,0,0.0,0,0,0,-9999.0,0.75,1,P2_CV0,2,1,1,1,1
3,2532969.44,705413.5711,R3_F3_m3f3_P3_Y3_UO580,R3_F3_m3f3_P3_Y0_UO685,R3_F3_m3f3_P3_Y1_UO11,MXY,1,31.040066269982102,0,0,0.0,0,0,0,-9999.0,0.75,1,P2_CV0,2,1,1,0,2
3,2532969.44,705413.5711,R3_F3_m3f3_P3_Y3_UO581,R3_F3_m3f3_P3_Y1_UO307,R3_F3_m3f3_P3_Y0_UO624,MXY,1,31.040066269982102,0,0,0.0,0,0,0,-9999.0,0.5,1,P2_CV0,2,0,2,0,2
3,2532969.44,705413.5711,R3_F3_m3f3_P3_Y3_UO582,R3_F3_m3f3_P3_Y0_UO117,R3_F3_m-1f-1_P3_Y-1_U139,MXY,1,31.040066269982102,0,0,0.0,0,0,0,-9999.0,0.625,1,P2_CV0,2,1,1,1,1
3,2532969.44,705413.5711,R3_F3_m3f3_P3_Y3_UO583,R3_F3_m3f3_P3_Y0_UO117,R3_F3_m-1f-1_P3_Y-1_U139,FXX,1,31.040066269982102,0,0,0.0,0,0,0,-9999.0,0.625,1,P2_CV0,2,1,1,1,1
3,2532969.44,705413.5711,R3_F3_m3f3_P3_Y3_UO584,R3_F3_m3f3_P3_Y0_UO117,R3_F3_m-1f-1_P3_Y-1_U139,MXY,1,31.040066269982102,0,0,0.0,0,0,0,-9999.0,0.625,1,P2_CV0,2,1,1,1,1
3,2532969.44,705413.5711,R3_F3_m3f3_P3_Y2_UO223,R3_F3_m3f3_P3_Y0_UO293,R3_F3_m3f3_P3_Y0_UO254,MXY,2,31.074657769614543,1,0,0.0,0,0,0,-9999.0,0.75,1,P2_CV0,2,1,1,1,1
3,2532969.44,705413.5711,R3_F3_m3f3_P3_Y2_UO463,R3_F3_m-1f-1_P3_Y-1_U17,R3_F3_m3f3_P3_Y0_UO667,MXY,2,31.074657769614543,1,0,0.0,0,0,0,-9999.0,0.625,1,P2_CV0,2,1,1,2,0
3,2532969.44,705413.5711,R3_F3_m3f3_P3_Y2_UO101,R3_F3_m-1f-1_P3_Y-1_U53,R3_F3_m3f3_P3_Y0_UO289,MXY,2,31.074657769614543,1,0,0.0,0,0,0,-9999.0,0.75,1,P2_CV0,2,2,0,1,1
3,2532969.44,705413.5711,R3_F3_m3f3_P3_Y2_UO736,R3_F3_m-1f-1_P3_Y-1_U107,R3_F3_m3f3_P3_Y0_UO138,FXX,2,31.074657769614543,1,0,0.0,0,0,0,-9999.0,0.625,1,P2_CV0,2,0,2,0,2
3,2532969.44,705413.5711,R3_F3_m3f3_P3_Y2_UO260,R3_F3_m3f3_P3_Y0_UO285,R3_F3_m-1f-1_P3_Y-1_U57,FXX,2,31.074657769614543,1,0,0.0,0,0,0,-9999.0,0.5,1,P2_CV0,2,1,1,1,1
3,2532969.44,705413.5711,R3_F3_m3f3_P3_Y2_UO592,R3_F3_m-1f-1_P3_Y-1_U95,R3_F3_m-1f-1_P3_Y-1_U94,FXX,2,31.074657769614543,1,0,1.21,0,0,0,-9999.0,0.0,1,P2_CV0,2,0,2,1,1
3,2532969.44,705413.5711,R3_F3_m3f3_P3_Y2_UO541,I3_F7_m-1f-1_P3_Y-1_U25,R3_F3_m3f3_P3_Y0_UO781,FXX,2,31.074657769614543,1,0,1.127,0,0,0,-9999.0,0.75,1,P2_CV0,2,1,1,2,0
3,2532969.44,705413.5711,R3_F3_m3f3_P3_Y2_UO537,I3_F7_m-1f-1_P3_Y-1_U25,R3_F3_m3f3_P3_Y0_UO781,FXX,2,31.074657769614543,1,0,1.058,0,0,0,-9999.0,0.75,1,P2_CV0,2,1,1,1,1
3,2532969.44,705413.5711,R3_F3_m3f3_P3_Y2_UO315,I3_F7_m-1f-1_P3_Y-1_U56,R3_F3_m-1f-1_P3_Y-1_U57,MXY,2,31.074657769614543,1,0,0.0,0,0,0,-9999.0,0.75,1,P2_CV0,2,2,0,2,0
3,2532969.44,705413.5711,R3_F3_m3f3_P3_Y2_UO255,R3_F3_m3f3_P3_Y0_UO292,R3_F3_m-1f-1_P3_Y-1_U61,MXY,2,31.074657769614543,1,0,0.0,0,0,0,-9999.0,1.0,1,P2_CV0,2,2,0,2,0
3,2532969.44,705413.5711,R3_F3_m3f3_P3_Y2_UO545,R3_F3_m-1f-1_P3_Y-1_U111,R3_F3_m3f3_P3_Y0_UO254,FXX,2,31.074657769614543,1,0,1.0,0,0,0,-9999.0,0.5,1,P2_CV0,2,0,2,1,1
3,2532969.44,705413.5711,R3_F3_m3f3_P3_Y2_UO597,R3_F3_m3f3_P3_Y0_UO356,R3_F3_m-1f-1_P3_Y-1_U139,FXX,2,31.074657769614543,1,0,1.852,0,0,0,-9999.0,1.0,1,P2_CV0,2,1,1,1,1
3,2532969.44,705413.5711,R3_F3_m3f3_P3_Y2_UO423,R3_F3_m-1f-1_P3_Y-1_U17,R3_F3_m3f3_P3_Y0_UO289,FXX,2,31.074657769614543,1,0,1.0,0,0,0,-9999.0,0.5,1,P2_CV0,2,2,0,2,0
3,2532969.44,705413.5711,R3_F3_m3f3_P3_Y2_UO318,R3_F3_m3f3_P3_Y0_UO519,R3_F3_m-1f-1_P3_Y-1_U58,FXX,2,31.074657769614543,1,0,0.0,0,0,0,-9999.0,0.25,1,P2_CV0,2,0,2,1,1
3,2532969.44,705413.5711,R3_F3_m3f3_P3_Y2_UO596,R3_F3_m3f3_P3_Y0_UO356,R3_F3_m-1f-1_P3_Y-1_U139,MXY,2,31.074657769614543,1,0,0.0,0,0,0,-9999.0,1.0,1,P2_CV0,2,2,0,1,1
3,2532969.44,705413.5711,R3_F3_m3f3_P3_Y2_UO416,R3_F3_m3f3_P3_Y0_UO313,R3_F3_m3f3_P3_Y0_UO254,FXX,2,31.074657769614543,1,0,3.011,0,0,0,-9999.0,0.625,1,P2_CV0,2,0,2,1,1
3,2532969.44,705413.5711,R3_F3_m3f3_P3_Y2_UO607,R3_F3_m-1f-1_P3_Y-1_U17,R3_F3_m3f3_P3_Y0_UO140,FXX,2,31.074657769614543,1,0,0.0,0,0,0,-9999.0,0.625,1,P2_CV0,2,1,1,2,0
3,2532969.44,705413.5711,R3_F3_m3f3_P3_Y2_UO278,R3_F3_m-1f-1_P3_Y-1_U101,R3_F3_m3f3_P3_Y0_UO140,MXY,2,31.074657769614543,1,0,0.0,0,0,0,-9999.0,0.625,1,P2_CV0,2,0,2,1,1
3,2532969.44,705413.5711,R3_F3_m3f3_P3_Y2_UO256,R3_F3_m-1f-1_P3_Y-1_U53,R3_F3_m3f3_P3_Y0_UO254,MXY,2,31.074657769614543,1,0,0.0,0,0,0,-9999.0,0.75,1,P2_CV0,2,1,1,1,1
3,2532969.44,705413.5711,R3_F3_m3f3_P3_Y2_UO598,R3_F3_m3f3_P3_Y0_UO356,R3_F3_m-1f-1_P3_Y-1_U139,MXY,2,31.074657769614543,1,0,0.0,0,0,0,-9999.0,1.0,1,P2_CV0,2,2,0,0,2
3,2532969.44,705413.5711,R3_F3_m3f3_P3_Y2_UO156,R3_F3_m-1f-1_P3_Y-1_U53,R3_F3_m-1f-1_P3_Y-1_U41,MXY,2,31.074657769614543,1,0,0.0,0,0,0,-9999.0,0.5,1,P2_CV0,2,1,1,1,1
3,2532969.44,705413.5711,R3_F3_m3f3_P3_Y2_UO313,I3_F7_m-1f-1_P3_Y-1_U56,R3_F3_m-1f-1_P3_Y-1_U57,FXX,2,31.074657769614543,1,0,1.156,0,0,0,-9999.0,0.75,1,P2_CV0,2,1,1,2,0
3,2532969.44,705413.5711,R3_F3_m3f3_P3_Y2_UO539,I3_F7_m-1f-1_P3_Y-1_U25,R3_F3_m3f3_P3_Y0_UO781,MXY,2,31.074657769614543,1,0,0.0,0,0,0,-9999.0,0.75,1,P2_CV0,2,1,1,0,2
3,2532969.44,705413.5711,R3_F3_m3f3_P3_Y2_UO536,I3_F7_m-1f-1_P3_Y-1_U25,R3_F3_m3f3_P3_Y0_UO781,MXY,2,31.074657769614543,1,0,0.0,0,0,0,-9999.0,0.75,1,P2_CV0,2,1,1,1,1
3,2532969.44,705413.5711,R3_F3_m3f3_P3_Y2_UO734,R3_F3_m-1f-1_P3_Y-1_U64,I3_F7_m-1f-1_P3_Y-1_U131,MXY,2,31.074657769614543,1,0,0.0,0,0,0,-9999.0,0.25,1,P2_CV0,2,0,2,0,2
3,2532969.44,705413.5711,R3_F3_m3f3_P3_Y2_UO594,R3_F3_m-1f-1_P3_Y-1_U95,R3_F3_m-1f-1_P3_Y-1_U94,FXX,2,31.074657769614543,1,0,0.0,0,0,0,-9999.0,0.0,1,P2_CV0,2,0,2,2,0
3,2532969.44,705413.5711,R3_F3_m3f3_P3_Y2_UO2,R3_F3_m-1f-1_P3_Y-1_U62,R3_F3_m3f3_P3_Y0_UO577,MXY,2,31.074657769614543,1,0,0.0,0,0,0,-9999.0,0.125,1,P2_CV0,2,1,1,0,2
3,2532969.44,705413.5711,R3_F3_m3f3_P3_Y2_UO109,R3_F3_m-1f-1_P3_Y-1_U62,R3_F3_m3f3_P3_Y0_UO290,FXX,2,31.074657769614543,1,0,0.0,0,0,0,-9999.0,0.25,1,P2_CV0,2,1,1,2,0
3,2532969.44,705413.5711,R3_F3_m3f3_P3_Y2_UO206,R3_F3_m-1f-1_P3_Y-1_U104,R3_F3_m3f3_P3_Y0_UO781,FXX,2,31.074657769614543,1,0,0.0,0,0,0,-9999.0,0.75,1,P2_CV0,2,1,1,1,1
3,2532969.44,705413.5711,R3_F3_m3f3_P3_Y2_UO425,R3_F3_m-1f-1_P3_Y-1_U17,R3_F3_m3f3_P3_Y0_UO289,FXX,2,31.074657769614543,1,0,1.525,0,0,0,-9999.0,0.5,1,P2_CV0,2,1,1,2,0
3,2532969.44,705413.5711,R3_F3_m3f3_P3_Y2_UO543,R3_F3_m-1f-1_P3_Y-1_U111,R3_F3_m3f3_P3_Y0_UO254,FXX,2,31.074657769614543,1,0,0.0,0,0,0,-9999.0,0.5,1,P2_CV0,2,0,2,1,1
3,2532969.44,705413.5711,R3_F3_m3f3_P3_Y2_UO224,R3_F3_m3f3_P3_Y0_UO293,R3_F3_m3f3_P3_Y0_UO254,FXX,2,31.074657769614543,1,0,1.938,0,0,0,-9999.0,0.75,1,P2_CV0,2,1,1,1,1
3,2532969.44,705413.5711,R3_F3_m3f3_P3_Y2_UO1,R3_F3_m-1f-1_P3_Y-1_U62,R3_F3_m3f3_P3_Y0_UO577,MXY,2,31.074657769614543,1,0,0.0,0,0,0,-9999.0,0.125,1,P2_CV0,2,1,1,1,1
3,2532969.44,705413.5711,R3_F3_m3f3_P3_Y2_UO737,R3_F3_m-1f-1_P3_Y-1_U62,R3_F3_m-1f-1_P3_Y-1_U94,FXX,2,31.074657769614543,1,0,2.126,0,0,0,-9999.0,0.0,1,P2_CV0,2,0,2,2,0
3,2532969.44,705413.5711,R3_F3_m3f3_P3_Y2_UO212,R3_F3_m-1f-1_P3_Y-1_U104,R3_F3_m3f3_P3_Y0_UO781,MXY,2,31.074657769614543,1,0,0.0,0,0,0,-9999.0,0.75,1,P2_CV0,2,0,2,0,2
3,2532969.44,705413.5711,R3_F3_m3f3_P3_Y2_UO730,R3_F3_m-1f-1_P3_Y-1_U64,I3_F7_m-1f-1_P3_Y-1_U131,MXY,2,31.074657769614543,1,0,0.0,0,0,0,-9999.0,0.25,1,P2_CV0,2,1,1,1,1
3,2532969.44,705413.5711,R3_F3_m3f3_P3_Y2_UO544,R3_F3_m-1f-1_P3_Y-1_U111,R3_F3_m3f3_P3_Y0_UO254,MXY,2,31.074657769614543,1,0,0.0,0,0,0,-9999.0,0.5,1,P2_CV0,2,1,1,1,1
3,2532969.44,705413.5711,R3_F3_m3f3_P3_Y2_UO4,R3_F3_m-1f-1_P3_Y-1_U62,R3_F3_m3f3_P3_Y0_UO577,MXY,2,31.074657769614543,1,0,0.0,0,0,0,-9999.0,0.125,1,P2_CV0,2,1,1,1,1
3,2532969.44,705413.5711,R3_F3_m3f3_P3_Y2_UO9,R3_F3_m-1f-1_P3_Y-1_U104,R3_F3_m-1f-1_P3_Y-1_U58,MXY,2,31.074657769614543,1,0,0.0,0,0,0,-9999.0,0.25,1,P2_CV0,2,1,1,1,1
3,2532969.44,705413.5711,R3_F3_m3f3_P3_Y2_UO591,R3_F3_m-1f-1_P3_Y-1_U95,R3_F3_m-1f-1_P3_Y-1_U94,FXX,2,31.074657769614543,1,0,1.029,0,0,0,-9999.0,0.0,1,P2_CV0,2,0,2,2,0
3,2532969.44,705413.5711,R3_F3_m3f3_P3_Y2_UO605,R3_F3_m-1f-1_P3_Y-1_U17,R3_F3_m3f3_P3_Y0_UO140,FXX,2,31.074657769614543,1,0,1.0,0,0,0,-9999.0,0.625,1,P2_CV0,2,1,1,1,1
3,2532969.44,705413.5711,R3_F3_m3f3_P3_Y2_UO277,R3_F3_m-1f-1_P3_Y-1_U101,R3_F3_m3f3_P3_Y0_UO140,MXY,2,31.074657769614543,1,0,0.0,0,0,0,-9999.0,0.625,1,P2_CV0,2,1,1,2,0
3,2532969.44,705413.5711,R3_F3_m3f3_P3_Y2_UO257,R3_F3_m-1f-1_P3_Y-1_U53,R3_F3_m3f3_P3_Y0_UO254,FXX,2,31.074657769614543,1,0,0.0,0,0,0,-9999.0,0.75,1,P2_CV0,2,1,1,2,0
3,2532969.44,705413.5711,R3_F3_m3f3_P3_Y2_UO739,R3_F3_m-1f-1_P3_Y-1_U62,R3_F3_m-1f-1_P3_Y-1_U94,MXY,2,31.074657769614543,1,0,0.0,0,0,0,-9999.0,0.0,1,P2_CV0,2,0,2,1,1
3,2532969.44,705413.5711,R3_F3_m3f3_P3_Y2_UO221,R3_F3_m3f3_P3_Y0_UO293,R3_F3_m3f3_P3_Y0_UO254,MXY,2,31.074657769614543,1,0,0.0,0,0,0,-9999.0,0.75,1,P2_CV0,2,1,1,1,1
3,2532969.44,705413.5711,R3_F3_m3f3_P3_Y1_UO575,R3_F3_m-1f-1_P3_Y-1_U78,R3_F3_m-1f-1_P3_Y-1_U41,MXY,3,31.097431102617193,1,0,0.0,0,0,0,-9999.0,0.25,1,P2_CV0,2,1,1,2,0
3,2532969.44,705413.5711,R3_F3_m3f3_P3_Y1_UO88,R3_F3_m-1f-1_P3_Y-1_U102,R3_F3_m-1f-1_P3_Y-1_U26,MXY,3,31.097431102617193,1,0,0.0,0,0,0,-9999.0,0.75,1,P2_CV0,2,0,2,2,0
3,2532969.44,705413.5711,R3_F3_m3f3_P3_Y1_UO597,R3_F3_m-1f-1_P3_Y-1_U0,R3_F3_m-1f-1_P3_Y-1_U7,FXX,3,31.097431102617193,1,0,1.402,0,0,0,-9999.0,0.75,1,P2_CV0,2,1,1,0,2
3,2532969.44,705413.5711,R3_F3_m3f3_P3_Y1_UO270,R3_F3_m-1f-1_P3_Y-1_U17,R3_F3_m-1f-1_P3_Y-1_U82,MXY,3,31.097431102617193,1,0,0.0,0,0,0,-9999.0,0.5,1,P2_CV0,2,2,0,2,0
3,2532969.44,705413.5711,R3_F3_m3f3_P3_Y1_UO1,R3_F3_m-1f-1_P3_Y-1_U109,R3_F3_m-1f-1_P3_Y-1_U58,MXY,3,31.097431102617193,1,0,0.0,0,0,0,-9999.0,0.25,1,P2_CV0,2,1,1,0,2
3,2532969.44,705413.5711,R3_F3_m3f3_P3_Y1_UO333,R3_F3_m-1f-1_P3_Y-1_U97,R3_F3_m-1f-1_P3_Y-1_U88,FXX,3,31.097431102617193,1,0,2.359,0,0,0,-9999.0,1.0,1,P2_CV0,2,2,0,0,2
3,2532969.44,705413.5711,R3_F3_m3f3_P3_Y1_UO388,R3_F3_m-1f-1_P3_Y-1_U8,R3_F3_m-1f-1_P3_Y-1_U106,FXX,3,31.097431102617193,1,0,0.0,0,0,0,-9999.0,1.0,1,P2_CV0,2,1,1,1,1
3,2532969.44,705413.5711,R3_F3_m3f3_P3_Y1_UO199,R3_F3_m-1f-1_P3_Y-1_U118,R3_F3_m-1f-1_P3_Y-1_U91,MXY,3,31.097431102617193,1,0,0.0,0,0,0,-9999.0,0.75,1,P2_CV0,2,1,1,0,2
3,2532969.44,705413.5711,R3_F3_m3f3_P3_Y1_UO363,R3_F3_m-1f-1_P3_Y-1_U97,R3_F3_m-1f-1_P3_Y-1_U94,MXY,3,31.097431102617193,1,0,0.0,0,0,0,-9999.0,0.5,1,P2_CV0,2,0,2,2,0
3,2532969.44,705413.5711,R3_F3_m3f3_P3_Y1_UO75,R3_F3_m-1f-1_P3_Y-1_U107,R3_F3_m-1f-1_P3_Y-1_U124,MXY,3,31.097431102617193,1,0,0.0,0,0,0,-9999.0,0.25,1,P2_CV0,2,1,1,1,1
3,2532969.44,705413.5711,R3_F3_m3f3_P3_Y1_UO148,R3_F3_m-1f-1_P3_Y-1_U103,R3_F3_m-1f-1_P3_Y-1_U69,MXY,3,31.097431102617193,1,0,0.0,0,0,0,-9999.0,0.5,1,P2_CV0,2,1,1,1,1
3,2532969.44,705413.5711,R3_F3_m3f3_P3_Y1_UO11,R3_F3_m-1f-1_P3_Y-1_U35,R3_F3_m-1f-1_P3_Y-1_U61,MXY,3,31.097431102617193,1,0,0.0,0,0,0,-9999.0,1.0,1,P2_CV0,2,2,0,1,1
3,2532969.44,705413.5711,R3_F3_m3f3_P3_Y1_UO293,R3_F3_m-1f-1_P3_Y-1_U35,R3_F3_m-1f-1_P3_Y-1_U37,MXY,3,31.097431102617193,1,0,0.0,0,0,0,-9999.0,0.75,1,P2_CV0,2,1,1,0,2
3,2532969.44,705413.5711,R3_F3_m3f3_P3_Y1_UO511,R3_F3_m-1f-1_P3_Y-1_U92,R3_F3_m-1f-1_P3_Y-1_U37,FXX,3,31.097431102617193,1,0,1.0,0,0,0,-9999.0,0.75,1,P2_CV0,2,1,1,2,0
3,2532969.44,705413.5711,R3_F3_m3f3_P3_Y1_UO285,R3_F3_m-1f-1_P3_Y-1_U31,R3_F3_m-1f-1_P3_Y-1_U44,FXX,3,31.097431102617193,1,0,1.0,0,0,0,-9999.0,0.75,1,P2_CV0,2,1,1,0,2
3,2532969.44,705413.5711,R3_F3_m3f3_P3_Y1_UO430,R3_F3_m-1f-1_P3_Y-1_U93,R3_F3_m-1f-1_P3_Y-1_U48,FXX,3,31.097431102617193,1,0,1.208,0,0,0,-9999.0,0.75,1,P2_CV0,2,0,2,2,0
3,2532969.44,705413.5711,R3_F3_m3f3_P3_Y1_UO91,R3_F3_m-1f-1_P3_Y-1_U92,R3_F3_m-1f-1_P3_Y-1_U87,FXX,3,31.097431102617193,1,0,1.405,0,0,0,-9999.0,0.5,1,P2_CV0,2,1,1,1,1
3,2532969.44,705413.5711,R3_F3_m3f3_P3_Y1_UO89,R3_F3_m-1f-1_P3_Y-1_U78,R3_F3_m-1f-1_P3_Y-1_U26,MXY,3,31.097431102617193,1,0,0.0,0,0,0,-9999.0,0.75,1,P2_CV0,2,2,0,1,1
3,2532969.44,705413.5711,R3_F3_m3f3_P3_Y1_UO77,R3_F3_m-1f-1_P3_Y-1_U25,R3_F3_m-1f-1_P3_Y-1_U105,MXY,3,31.097431102617193,1,0,0.0,0,0,0,-9999.0,0.5,1,P2_CV0,2,1,1,1,1
3,2532969.44,705413.5711,R3_F3_m3f3_P3_Y1_UO269,R3_F3_m-1f-1_P3_Y-1_U64,R3_F3_m-1f-1_P3_Y-1_U105,FXX,3,31.097431102617193,1,0,0.0,0,0,0,-9999.0,0.5,1,P2_CV0,2,1,1,2,0
3,2532969.44,705413.5711,R3_F3_m3f3_P3_Y1_UO470,R3_F3_m-1f-1_P3_Y-1_U64,R3_F3_m-1f-1_P3_Y-1_U15,FXX,3,31.097431102617193,1,0,1.316,0,0,0,-9999.0,0.25,1,P2_CV0,2,1,1,0,2
3,2532969.44,705413.5711,R3_F3_m3f3_P3_Y1_UO265,R3_F3_m-1f-1_P3_Y-1_U114,R3_F3_m-1f-1_P3_Y-1_U9,MXY,3,31.097431102617193,1,0,0.0,0,0,0,-9999.0,0.5,1,P2_CV0,2,1,1,1,1
3,2532969.44,705413.5711,R3_F3_m3f3_P3_Y1_UO294,R3_F3_m-1f-1_P3_Y-1_U35,R3_F3_m-1f-1_P3_Y-1_U37,MXY,3,31.097431102617193,1,0,0.0,0,0,0,-9999.0,0.75,1,P2_CV0,2,2,0,1,1
3,2532969.44,705413.5711,R3_F3_m3f3_P3_Y1_UO532,R3_F3_m-1f-1_P3_Y-1_U109,R3_F3_m-1f-1_P3_Y-1_U131,MXY,3,31.097431102617193,1,0,0.0,0,0,0,-9999.0,0.25,1,P2_CV0,2,0,2,2,0
3,2532969.44,705413.5711,R3_F3_m3f3_P3_Y1_UO368,R3_F3_m-1f-1_P3_Y-1_U123,R3_F3_m-1f-1_P3_Y-1_U22,MXY,3,31.097431102617193,1,0,0.0,0,0,0,-9999.0,0.75,1,P2_CV0,2,1,1,1,1
3,2532969.44,705413.5711,R3_F3_m3f3_P3_Y1_UO13,R3_F3_m-1f-1_P3_Y-1_U35,R3_F3_m-1f-1_P3_Y-1_U61,FXX,3,31.097431102617193,1,0,0.0,0,0,0,-9999.0,1.0,1,P2_CV0,2,1,1,2,0
3,2532969.44,705413.5711,I3_F7_m3f3_P3_Y1_UO62,R3_F3_m-1f-1_P3_Y-1_U85,R3_F3_m-1f-1_P3_Y-1_U108,MXY,3,31.084143543956355,1,0,0.0,0,0,0,-9999.0,0.75,1,P2_CV0,2,1,1,1,1
3,2532969.44,705413.5711,R3_F3_m3f3_P3_Y0_UO290,R3_F3_m-1f-1_P3_Y-1_U118,R3_F3_m-1f-1_P3_Y-1_U11,MXY,4,31.119165474800244,1,0,0.0,0,0,0,-9999.0,0.5,1,P2_CV0,2,2,0,1,1
3,2532969.44,705413.5711,R3_F3_m3f3_P3_Y0_UO577,R3_F3_m-1f-1_P3_Y-1_U0,R3_F3_m-1f-1_P3_Y-1_U124,MXY,4,31.119165474800244,1,0,0.0,0,0,0,-9999.0,0.25,1,P2_CV0,2,1,1,0,2
3,2532969.44,705413.5711,R3_F3_m3f3_P3_Y0_UO256,R3_F3_m-1f-1_P3_Y-1_U135,R3_F3_m-1f-1_P3_Y-1_U127,MXY,4,31.119165474800244,1,0,0.0,0,0,0,-9999.0,1.0,1,P2_CV0,2,2,0,0,2
3,2532969.44,705413.5711,R3_F3_m3f3_P3_Y0_UO667,R3_F3_m-1f-1_P3_Y-1_U96,R3_F3_m-1f-1_P3_Y-1_U121,MXY,4,31.119165474800244,1,0,0.0,0,0,0,-9999.0,0.75,1,P2_CV0,2,1,1,1,1
3,2532969.44,705413.5711,R3_F3_m3f3_P3_Y0_UO538,R3_F3_m-1f-1_P3_Y-1_U67,R3_F3_m-1f-1_P3_Y-1_U46,MXY,4,31.119165474800244,1,0,0.0,0,0,0,-9999.0,0.25,1,P2_CV0,2,1,1,1,1
3,2532969.44,705413.5711,R3_F3_m3f3_P3_Y0_UO792,R3_F3_m-1f-1_P3_Y-1_U123,R3_F3_m-1f-1_P3_Y-1_U29,FXX,4,31.119165474800244,1,0,1.431,0,0,0,-9999.0,0.75,1,P2_CV0,2,1,1,0,2
3,2532969.44,705413.5711,R3_F3_m3f3_P3_Y0_UO289,R3_F3_m-1f-1_P3_Y-1_U33,R3_F3_m-1f-1_P3_Y-1_U30,MXY,4,31.119165474800244,1,0,0.0,0,0,0,-9999.0,0.5,1,P2_CV0,2,1,1,1,1
3,2532969.44,705413.5711,R3_F3_m-1f-1_P3_Y-1_U61,-9999,-9999,MXY,5,31.110091613967782,1,0,0.0,0,0,0,-9999.0,1.0,1,P2_CV0,2,2,0,1,1
3,2532969.44,705413.5711,R3_F3_m-1f-1_P3_Y-1_U57,-9999,-9999,MXY,5,31.110091613967782,1,0,0.0,0,0,0,-9999.0,0.5,1,P2_CV0,2,1,1,2,0
3,2532969.44,705413.5711,R3_F3_m-1f-1_P3_Y-1_U53,-9999,-9999,FXX,5,31.110091613967782,1,0,1.0,0,0,0,-9999.0,1.0,1,P2_CV0,2,2,0,1,1
3,2532969.44,705413.5711,I3_F7_m-1f-1_P3_Y-1_U54,-9999,-9999,MXY,5,31.101652386136262,1,0,0.0,0,0,0,-9999.0,0.0,1,P2_CV0,2,0,2,2,0
3,2532969.44,705413.5711,R3_F3_m5f5_P5_Y2_UO380,R5_F5_m-1f-1_P5_Y-1_U39,R5_F5_m5f5_P5_Y0_UO842,FXX,2,31.06966937356385,1,0,1.493,0,0,0,-9999.0,0.625,1,P4_CV0,2,1,1,2,0
3,2532969.44,705413.5711,RD3_F5_m5f5_P5_Y1_UO573,R5_F5_m-1f-1_P5_Y-1_U34,R5_F5_m-1f-1_P5_Y-1_U78,MXY,3,89.35189502885498,1,0,0.0,0,0,0,-9999.0,0.25,1,P4_CV0,2,1,1,1,1
4,2539041.489,728416.6747,RD4_F1_m1f1_P1_Y3_UO0,R1_F1_m-1f-1_P1_Y-1_U70,R1_F1_m1f1_P1_Y1_UO437,FXX,1,56.22525866137305,0,0,0.0,0,0,0,-9999.0,0.375,1,P0_CV0,2,1,1,1,1
4,2539041.489,728416.6747,RD4_F1_m1f1_P1_Y3_UO283,R1_F1_m1f1_P1_Y1_UO440,R1_F1_m1f1_P1_Y1_UO540,MXY,1,56.22525866137305,0,0,0.0,0,0,0,-9999.0,0.125,1,P0_CV0,2,1,1,0,2
4,2539041.489,728416.6747,R4_F4_m1f1_P1_Y1_UO246,R1_F1_m-1f-1_P1_Y-1_U38,R1_F1_m-1f-1_P1_Y-1_U9,MXY,3,102.70768550314838,1,0,0.0,0,0,0,-9999.0,0.25,1,P0_CV0,2,1,1,0,2
4,2539041.489,728416.6747,RD4_F3_m3f3_P3_Y3_UO77,I3_F7_m-1f-1_P3_Y-1_U12,R3_F3_m3f3_P3_Y0_UO538,FXX,1,56.23537850979298,0,0,0.0,0,0,0,-9999.0,0.125,1,P2_CV0,2,1,1,1,1
4,2539041.489,728416.6747,R4_F4_m4f4_P4_Y3_UO6,R4_F4_m4f4_P4_Y0_UO541,R4_F4_m4f4_P4_Y1_UO253,FXX,1,56.24928821519714,0,0,0.0,0,0,0,-9999.0,0.125,1,P3_CV0,2,0,2,0,2
4,2539041.489,728416.6747,R4_F4_m4f4_P4_Y3_UO8,R4_F4_m4f4_P4_Y0_UO541,R4_F4_m4f4_P4_Y1_UO253,MXY,1,56.24928821519714,0,0,0.0,0,0,0,-9999.0,0.125,1,P3_CV0,2,0,2,0,2
4,2539041.489,728416.6747,R4_F4_m4f4_P4_Y3_UO9,R4_F4_m4f4_P4_Y0_UO541,R4_F4_m4f4_P4_Y1_UO253,MXY,1,56.24928821519714,0,0,0.0,0,0,0,-9999.0,0.125,1,P3_CV0,2,1,1,0,2
4,2539041.489,728416.6747,R4_F4_m4f4_P4_Y3_UO20,R4_F4_m4f4_P4_Y1_UO143,R4_F4_m4f4_P4_Y1_UO153,FXX,1,56.24928821519714,0,0,0.0,0,0,0,-9999.0,0.375,1,P3_CV0,2,0,2,2,0
4,2539041.489,728416.6747,R4_F4_m4f4_P4_Y3_UO21,R4_F4_m4f4_P4_Y1_UO143,R4_F4_m4f4_P4_Y1_UO153,MXY,1,56.24928821519714,0,0,0.0,0,0,0,-9999.0,0.375,1,P3_CV0,2,0,2,2,0
4,2539041.489,728416.6747,R4_F4_m4f4_P4_Y3_UO22,R4_F4_m4f4_P4_Y1_UO143,R4_F4_m4f4_P4_Y1_UO153,MXY,1,56.24928821519714,0,0,0.0,0,0,0,-9999.0,0.375,1,P3_CV0,2,0,2,2,0
4,2539041.489,728416.6747,R4_F4_m4f4_P4_Y3_UO24,R4_F4_m4f4_P4_Y0_UO541,R4_F4_m-1f-1_P4_Y-1_U63,MXY,1,56.24928821519714,0,0,0.0,0,0,0,-9999.0,0.125,1,P3_CV0,2,0,2,1,1
4,2539041.489,728416.6747,R4_F4_m4f4_P4_Y3_UO40,R4_F4_m-1f-1_P4_Y-1_U74,R4_F4_m4f4_P4_Y1_UO136,MXY,1,56.24928821519714,0,0,0.0,0,0,0,-9999.0,0.5,1,P3_CV0,2,1,1,1,1
4,2539041.489,728416.6747,R4_F4_m4f4_P4_Y3_UO41,R4_F4_m-1f-1_P4_Y-1_U74,R4_F4_m4f4_P4_Y1_UO136,FXX,1,56.24928821519714,0,0,0.0,0,0,0,-9999.0,0.5,1,P3_CV0,2,2,0,2,0
4,2539041.489,728416.6747,R4_F4_m4f4_P4_Y3_UO42,R4_F4_m-1f-1_P4_Y-1_U74,R4_F4_m4f4_P4_Y1_UO136,FXX,1,56.24928821519714,0,0,0.0,0,0,0,-9999.0,0.5,1,P3_CV0,2,1,1,0,2
4,2539041.489,728416.6747,R4_F4_m4f4_P4_Y3_UO44,R4_F4_m4f4_P4_Y1_UO408,R4_F4_m4f4_P4_Y1_UO436,MXY,1,56.24928821519714,0,0,0.0,0,0,0,-9999.0,0.75,1,P3_CV0,2,1,1,0,2
4,2539041.489,728416.6747,R4_F4_m4f4_P4_Y3_UO45,R4_F4_m4f4_P4_Y1_UO408,R4_F4_m4f4_P4_Y1_UO436,MXY,1,56.24928821519714,0,0,0.0,0,0,0,-9999.0,0.75,1,P3_CV0,2,1,1,1,1
4,2539041.489,728416.6747,R4_F4_m4f4_P4_Y3_UO46,R4_F4_m4f4_P4_Y1_UO408,R4_F4_m4f4_P4_Y1_UO436,FXX,1,56.24928821519714,0,0,0.0,0,0,0,-9999.0,0.75,1,P3_CV0,2,2,0,0,2
4,2539041.489,728416.6747,R4_F4_m4f4_P4_Y3_UO47,R4_F4_m4f4_P4_Y1_UO408,R4_F4_m4f4_P4_Y1_UO436,FXX,1,56.24928821519714,0,0,0.0,0,0,0,-9999.0,0.75,1,P3_CV0,2,1,1,2,0
4,2539041.489,728416.6747,R4_F4_m4f4_P4_Y3_UO70,R4_F4_m4f4_P4_Y0_UO150,R4_F4_m4f4_P4_Y0_UO243,MXY,1,56.24928821519714,0,0,0.0,0,0,0,-9999.0,0.5,1,P3_CV0,2,1,1,1,1
4,2539041.489,728416.6747,R4_F4_m4f4_P4_Y3_UO71,R4_F4_m4f4_P4_Y0_UO150,R4_F4_m4f4_P4_Y0_UO243,MXY,1,56.24928821519714,0,0,0.0,0,0,0,-9999.0,0.5,1,P3_CV0,2,1,1,1,1
4,2539041.489,728416.6747,R4_F4_m4f4_P4_Y3_UO95,R4_F4_m4f4_P4_Y0_UO693,R4_F4_m4f4_P4_Y1_UO622,FXX,1,56.24928821519714,0,0,0.0,0,0,0,-9999.0,1.0,1,P3_CV0,2,0,2,0,2
4,2539041.489,728416.6747,R4_F4_m4f4_P4_Y3_UO96,R4_F4_m4f4_P4_Y0_UO693,R4_F4_m4f4_P4_Y1_UO622,FXX,1,56.24928821519714,0,0,0.0,0,0,0,-9999.0,1.0,1,P3_CV0,2,0,2,1,1
4,2539041.489,728416.6747,R4_F4_m4f4_P4_Y3_UO97,R4_F4_m4f4_P4_Y0_UO693,R4_F4_m4f4_P4_Y1_UO622,MXY,1,56.24928821519714,0,0,0.0,0,0,0,-9999.0,1.0,1,P3_CV0,2,0,2,0,2
4,2539041.489,728416.6747,R4_F4_m4f4_P4_Y3_UO103,R4_F4_m4f4_P4_Y0_UO213,R4_F4_m4f4_P4_Y1_UO252,FXX,1,56.24928821519714,0,0,0.0,0,0,0,-9999.0,0.5,1,P3_CV0,2,1,1,1,1
4,2539041.489,728416.6747,R4_F4_m4f4_P4_Y3_UO104,R4_F4_m4f4_P4_Y0_UO213,R4_F4_m4f4_P4_Y1_UO252,MXY,1,56.24928821519714,0,0,0.0,0,0,0,-9999.0,0.5,1,P3_CV0,2,0,2,1,1
4,2539041.489,728416.6747,R4_F4_m4f4_P4_Y3_UO105,R4_F4_m4f4_P4_Y0_UO213,R4_F4_m4f4_P4_Y1_UO252,FXX,1,56.24928821519714,0,0,0.0,0,0,0,-9999.0,0.5,1,P3_CV0,2,1,1,1,1
4,2539041.489,728416.6747,R4_F4_m4f4_P4_Y3_UO106,R4_F4_m4f4_P4_Y0_UO213,R4_F4_m4f4_P4_Y1_UO252,FXX,1,56.24928821519714,0,0,0.0,0,0,0,-9999.0,0.5,1,P3_CV0,2,1,1,1,1
4,2539041.489,728416.6747,R4_F4_m4f4_P4_Y3_UO133,R4_F4_m4f4_P4_Y0_UO392,R4_F4_m1f1_P1_Y1_UO246,FXX,1,56.24928821519714,0,0,0.0,0,0,0,-9999.0,0.375,1,P3_CV0,2,1,1,0,2
4,2539041.489,728416.6747,R4_F4_m4f4_P4_Y3_UO134,R4_F4_m4f4_P4_Y0_UO392,R4_F4_m1f1_P1_Y1_UO246,FXX,1,56.24928821519714,0,0,0.0,0,0,0,-9999.0,0.375,1,P3_CV0,2,1,1,0,2
4,2539041.489,728416.6747,R4_F4_m4f4_P4_Y3_UO136,R4_F4_m4f4_P4_Y0_UO834,R4_F4_m-1f-1_P4_Y-1_U118,FXX,1,56.24928821519714,0,0,0.0,0,0,0,-9999.0,0.125,1,P3_CV0,2,0,2,0,2
4,2539041.489,728416.6747,R4_F4_m4f4_P4_Y3_UO137,R4_F4_m4f4_P4_Y0_UO834,R4_F4_m-1f-1_P4_Y-1_U118,MXY,1,56.24928821519714,0,0,0.0,0,0,0,-9999.0,0.125,1,P3_CV0,2,1,1,1,1
4,2539041.489,728416.6747,R4_F4_m4f4_P4_Y3_UO138,R4_F4_m4f4_P4_Y0_UO834,R4_F4_m-1f-1_P4_Y-1_U118,MXY,1,56.24928821519714,0,0,0.0,0,0,0,-9999.0,0.125,1,P3_CV0,2,0,2,1,1
4,2539041.489,728416.6747,R4_F4_m4f4_P4_Y3_UO139,R4_F4_m4f4_P4_Y0_UO834,R4_F4_m-1f-1_P4_Y-1_U118,MXY,1,56.24928821519714,0,0,0.0,0,0,0,-9999.0,0.125,1,P3_CV0,2,1,1,1,1
4,2539041.489,728416.6747,R4_F4_m4f4_P4_Y3_UO141,R4_F4_m4f4_P4_Y0_UO834,R4_F4_m4f4_P4_Y1_UO436,FXX,1,56.24928821519714,0,0,0.0,0,0,0,-9999.0,0.5,1,P3_CV0,2,2,0,1,1
4,2539041.489,728416.6747,R4_F4_m4f4_P4_Y3_UO142,R4_F4_m4f4_P4_Y0_UO834,R4_F4_m4f4_P4_Y1_UO436,FXX,1,56.24928821519714,0,0,0.0,0,0,0,-9999.0,0.5,1,P3_CV0,2,1,1,0,2
4,2539041.489,728416.6747,R4_F4_m4f4_P4_Y3_UO143,R4_F4_m4f4_P4_Y0_UO834,R4_F4_m4f4_P4_Y1_UO436,MXY,1,56.24928821519714,0,0,0.0,0,0,0,-9999.0,0.5,1,P3_CV0,2,2,0,1,1
4,2539041.489,728416.6747,R4_F4_m4f4_P4_Y3_UO144,R4_F4_m4f4_P4_Y0_UO834,R4_F4_m4f4_P4_Y1_UO436,FXX,1,56.24928821519714,0,0,0.0,0,0,0,-9999.0,0.5,1,P3_CV0,2,1,1,1,1
4,2539041.489,728416.6747,R4_F4_m4f4_P4_Y3_UO145,R4_F4_m4f4_P4_Y0_UO834,R4_F4_m4f4_P4_Y1_UO436,FXX,1,56.24928821519714,0,0,0.0,0,0,0,-9999.0,0.5,1,P3_CV0,2,2,0,1,1
4,2539041.489,728416.6747,R4_F4_m4f4_P4_Y3_UO148,R4_F4_m4f4_P4_Y1_UO157,R4_F4_m4f4_P4_Y1_UO604,FXX,1,56.24928821519714,0,0,0.0,0,0,0,-9999.0,0.375,1,P3_CV0,2,1,1,0,2
4,2539041.489,728416.6747,R4_F4_m4f4_P4_Y3_UO149,R4_F4_m4f4_P4_Y1_UO157,R4_F4_m4f4_P4_Y1_UO604,FXX,1,56.24928821519714,0,0,0.0,0,0,0,-9999.0,0.375,1,P3_CV0,2,0,2,1,1
4,2539041.489,728416.6747,R4_F4_m4f4_P4_Y3_UO150,R4_F4_m4f4_P4_Y1_UO157,R4_F4_m4f4_P4_Y1_UO604,MXY,1,56.24928821519714,0,0,0.0,0,0,0,-9999.0,0.375,1,P3_CV0,2,0,2,0,2
4,2539041.489,728416.6747,R4_F4_m4f4_P4_Y3_UO170,R4_F4_m4f4_P4_Y0_UO541,R4_F4_m4f4_P4_Y1_UO622,MXY,1,56.24928821519714,0,0,0.0,0,0,0,-9999.0,0.625,1,P3_CV0,2,0,2,0,2
4,2539041.489,728416.6747,R4_F4_m4f4_P4_Y3_UO171,R4_F4_m4f4_P4_Y0_UO541,R4_F4_m4f4_P4_Y1_UO622,MXY,1,56.24928821519714,0,0,0.0,0,0,0,-9999.0,0.625,1,P3_CV0,2,0,2,0,2
4,2539041.489,728416.6747,R4_F4_m4f4_P4_Y3_UO185,R4_F4_m4f4_P4_Y0_UO153,R4_F4_m4f4_P4_Y1_UO558,MXY,1,56.24928821519714,0,0,0.0,0,0,0,-9999.0,0.5,1,P3_CV0,2,1,1,0,2
4,2539041.489,728416.6747,R4_F4_m4f4_P4_Y3_UO186,R4_F4_m4f4_P4_Y0_UO153,R4_F4_m4f4_P4_Y1_UO558,MXY,1,56.24928821519714,0,0,0.0,0,0,0,-9999.0,0.5,1,P3_CV0,2,1,1,0,2
4,2539041.489,728416.6747,R4_F4_m4f4_P4_Y3_UO228,R4_F4_m4f4_P4_Y0_UO758,R4_F4_m4f4_P4_Y0_UO394,FXX,1,56.24928821519714,0,0,0.0,0,0,0,-9999.0,0.375,1,P3_CV0,2,0,2,2,0
4,2539041.489,728416.6747,R4_F4_m4f4_P4_Y3_UO229,R4_F4_m4f4_P4_Y0_UO758,R4_F4_m4f4_P4_Y0_UO394,FXX,1,56.24928821519714,0,0,0.0,0,0,0,-9999.0,0.375,1,P3_CV0,2,1,1,0,2
4,2539041.489,728416.6747,R4_F4_m4f4_P4_Y3_UO230,R4_F4_m4f4_P4_Y0_UO758,R4_F4_m4f4_P4_Y0_UO394,MXY,1,56.24928821519714,0,0,0.0,0,0,0,-9999.0,0.375,1,P3_CV0,2,0,2,1,1
4,2539041.489,728416.6747,R4_F4_m4f4_P4_Y3_UO231,R4_F4_m4f4_P4_Y0_UO758,R4_F4_m4f4_P4_Y0_UO394,FXX,1,56.24928821519714,0,0,0.0,0,0,0,-9999.0,0.375,1,P3_CV0,2,0,2,1,1
4,2539041.489,728416.6747,R4_F4_m4f4_P4_Y3_UO232,R4_F4_m4f4_P4_Y1_UO29,R4_F4_m4f4_P4_Y1_UO230,FXX,1,56.24928821519714,0,0,0.0,0,0,0,-9999.0,0.625,1,P3_CV0,2,2,0,0,2
4,2539041.489,728416.6747,R4_F4_m4f4_P4_Y3_UO233,R4_F4_m4f4_P4_Y1_UO29,R4_F4_m4f4_P4_Y1_UO230,FXX,1,56.24928821519714,0,0,0.0,0,0,0,-9999.0,0.625,1,P3_CV0,2,0,2,1,1
4,2539041.489,728416.6747,R4_F4_m4f4_P4_Y3_UO236,R4_F4_m4f4_P4_Y1_UO399,R4_F4_m4f4_P4_Y1_UO214,MXY,1,56.24928821519714,0,0,0.0,0,0,0,-9999.0,0.5,1,P3_CV0,2,1,1,1,1
4,2539041.489,728416.6747,R4_F4_m4f4_P4_Y3_UO270,R4_F4_m4f4_P4_Y1_UO408,R4_F4_m4f4_P4_Y1_UO558,FXX,1,56.24928821519714,0,0,0.0,0,0,0,-9999.0,0.625,1,P3_CV0,2,1,1,1,1
4,2539041.489,728416.6747,R4_F4_m4f4_P4_Y3_UO271,R4_F4_m4f4_P4_Y1_UO408,R4_F4_m4f4_P4_Y1_UO558,MXY,1,56.24928821519714,0,0,0.0,0,0,0,-9999.0,0.625,1,P3_CV0,2,1,1,0,2
4,2539041.489,728416.6747,R4_F4_m4f4_P4_Y3_UO272,R4_F4_m4f4_P4_Y1_UO408,R4_F4_m4f4_P4_Y1_UO558,FXX,1,56.24928821519714,0,0,0.0,0,0,0,-9999.0,0.625,1,P3_CV0,2,2,0,1,1
4,2539041.489,728416.6747,R4_F4_m4f4_P4_Y3_UO273,R4_F4_m4f4_P4_Y1_UO408,R4_F4_m4f4_P4_Y1_UO558,MXY,1,56.24928821519714,0,0,0.0,0,0,0,-9999.0,0.625,1,P3_CV0,2,1,1,0,2
4,2539041.489,728416.6747,R4_F4_m4f4_P4_Y3_UO274,R4_F4_m4f4_P4_Y1_UO408,R4_F4_m4f4_P4_Y1_UO558,FXX,1,56.24928821519714,0,0,0.0,0,0,0,-9999.0,0.625,1,P3_CV0,2,1,1,1,1
4,2539041.489,728416.6747,R4_F4_m4f4_P4_Y3_UO290,R4_F4_m4f4_P4_Y1_UO395,R4_F4_m4f4_P4_Y1_UO214,MXY,1,56.24928821519714,0,0,0.0,0,0,0,-9999.0,0.75,1,P3_CV0,2,2,0,2,0
4,2539041.489,728416.6747,R4_F4_m4f4_P4_Y3_UO291,R4_F4_m4f4_P4_Y1_UO395,R4_F4_m4f4_P4_Y1_UO214,FXX,1,56.24928821519714,0,0,0.0,0,0,0,-9999.0,0.75,1,P3_CV0,2,0,2,1,1
4,2539041.489,728416.6747,R4_F4_m4f4_P4_Y3_UO322,R4_F4_m4f4_P4_Y1_UO435,R4_F4_m4f4_P4_Y1_UO136,FXX,1,56.24928821519714,0,0,0.0,0,0,0,-9999.0,0.625,1,P3_CV0,2,0,2,1,1
4,2539041.489,728416.6747,R4_F4_m4f4_P4_Y3_UO323,R4_F4_m4f4_P4_Y1_UO435,R4_F4_m4f4_P4_Y1_UO136,MXY,1,56.24928821519714,0,0,0.0,0,0,0,-9999.0,0.625,1,P3_CV0,2,0,2,1,1
4,2539041.489,728416.6747,R4_F4_m4f4_P4_Y3_UO324,R4_F4_m4f4_P4_Y1_UO435,R4_F4_m4f4_P4_Y1_UO136,FXX,1,56.24928821519714,0,0,0.0,0,0,0,-9999.0,0.625,1,P3_CV0,2,1,1,2,0
4,2539041.489,728416.6747,R4_F4_m4f4_P4_Y3_UO325,R4_F4_m4f4_P4_Y1_UO435,R4_F4_m4f4_P4_Y1_UO136,FXX,1,56.24928821519714,0,0,0.0,0,0,0,-9999.0,0.625,1,P3_CV0,2,1,1,1,1
4,2539041.489,728416.6747,R4_F4_m4f4_P4_Y3_UO327,R4_F4_m-1f-1_P4_Y-1_U31,R4_F4_m1f1_P1_Y1_UO246,MXY,1,56.24928821519714,0,0,0.0,0,0,0,-9999.0,0.375,1,P3_CV0,2,2,0,0,2
4,2539041.489,728416.6747,R4_F4_m4f4_P4_Y3_UO328,R4_F4_m-1f-1_P4_Y-1_U31,R4_F4_m1f1_P1_Y1_UO246,MXY,1,56.24928821519714,0,0,0.0,0,0,0,-9999.0,0.375,1,P3_CV0,2,2,0,1,1
4,2539041.489,728416.6747,R4_F4_m4f4_P4_Y3_UO329,R4_F4_m-1f-1_P4_Y-1_U31,R4_F4_m1f1_P1_Y1_UO246,FXX,1,56.24928821519714,0,0,0.0,0,0,0,-9999.0,0.375,1,P3_CV0,2,1,1,1,1
4,2539041.489,728416.6747,R4_F4_m4f4_P4_Y3_UO330,R4_F4_m-1f-1_P4_Y-1_U31,R4_F4_m1f1_P1_Y1_UO246,MXY,1,56.24928821519714,0,0,0.0,0,0,0,-9999.0,0.375,1,P3_CV0,2,0,2,0,2
4,2539041.489,728416.6747,R4_F4_m4f4_P4_Y3_UO332,R4_F4_m4f4_P4_Y0_UO153,R4_F4_m4f4_P4_Y1_UO566,MXY,1,56.24928821519714,0,0,0.0,0,0,0,-9999.0,0.625,1,P3_CV0,2,2,0,0,2
4,2539041.489,728416.6747,R4_F4_m4f4_P4_Y3_UO338,R4_F4_m4f4_P4_Y1_UO157,R4_F4_m4f4_P4_Y0_UO820,MXY,1,56.24928821519714,0,0,0.0,0,0,0,-9999.0,0.5,1,P3_CV0,2,1,1,2,0
4,2539041.489,728416.6747,R4_F4_m4f4_P4_Y3_UO339,R4_F4_m4f4_P4_Y1_UO157,R4_F4_m4f4_P4_Y0_UO820,MXY,1,56.24928821519714,0,0,0.0,0,0,0,-9999.0,0.5,1,P3_CV0,2,1,1,1,1
4,2539041.489,728416.6747,R4_F4_m4f4_P4_Y3_UO340,R4_F4_m4f4_P4_Y1_UO157,R4_F4_m4f4_P4_Y0_UO820,FXX,1,56.24928821519714,0,0,0.0,0,0,0,-9999.0,0.5,1,P3_CV0,2,1,1,0,2
4,2539041.489,728416.6747,R4_F4_m4f4_P4_Y3_UO341,R4_F4_m4f4_P4_Y1_UO157,R4_F4_m4f4_P4_Y0_UO820,FXX,1,56.24928821519714,0,0,0.0,0,0,0,-9999.0,0.5,1,P3_CV0,2,1,1,0,2
4,2539041.489,728416.6747,R4_F4_m4f4_P4_Y3_UO342,R4_F4_m4f4_P4_Y1_UO157,R4_F4_m4f4_P4_Y0_UO820,MXY,1,56.24928821519714,0,0,0.0,0,0,0,-9999.0,0.5,1,P3_CV0,2,1,1,0,2
4,2539041.489,728416.6747,R4_F4_m4f4_P4_Y3_UO363,R4_F4_m-1f-1_P4_Y-1_U74,R4_F4_m4f4_P4_Y1_UO253,FXX,1,56.24928821519714,0,0,0.0,0,0,0,-9999.0,0.25,1,P3_CV0,2,0,2,0,2
4,2539041.489,728416.6747,R4_F4_m4f4_P4_Y3_UO364,R4_F4_m-1f-1_P4_Y-1_U74,R4_F4_m4f4_P4_Y1_UO253,MXY,1,56.24928821519714,0,0,0.0,0,0,0,-9999.0,0.25,1,P3_CV0,2,1,1,1,1
4,2539041.489,728416.6747,R4_F4_m4f4_P4_Y3_UO365,R4_F4_m-1f-1_P4_Y-1_U74,R4_F4_m4f4_P4_Y1_UO253,MXY,1,56.24928821519714,0,0,0.0,0,0,0,-9999.0,0.25,1,P3_CV0,2,1,1,0,2
4,2539041.489,728416.6747,R4_F4_m4f4_P4_Y3_UO366,R4_F4_m-1f-1_P4_Y-1_U74,R4_F4_m4f4_P4_Y1_UO253,FXX,1,56.24928821519714,0,0,0.0,0,0,0,-9999.0,0.25,1,P3_CV0,2,1,1,0,2
4,2539041.489,728416.6747,R4_F4_m4f4_P4_Y3_UO367,R4_F4_m-1f-1_P4_Y-1_U74,R4_F4_m4f4_P4_Y1_UO253,MXY,1,56.24928821519714,0,0,0.0,0,0,0,-9999.0,0.25,1,P3_CV0,2,2,0,1,1
4,2539041.489,728416.6747,R4_F4_m4f4_P4_Y3_UO370,R4_F4_m4f4_P4_Y1_UO408,R4_F4_m4f4_P4_Y1_UO230,MXY,1,56.24928821519714,0,0,0.0,0,0,0,-9999.0,0.75,1,P3_CV0,2,0,2,0,2
4,2539041.489,728416.6747,R4_F4_m4f4_P4_Y3_UO371,R4_F4_m4f4_P4_Y1_UO408,R4_F4_m4f4_P4_Y1_UO230,FXX,1,56.24928821519714,0,0,0.0,0,0,0,-9999.0,0.75,1,P3_CV0,2,0,2,0,2
4,2539041.489,728416.6747,R4_F4_m4f4_P4_Y3_UO372,R4_F4_m4f4_P4_Y1_UO408,R4_F4_m4f4_P4_Y1_UO230,FXX,1,56.24928821519714,0,0,0.0,0,0,0,-9999.0,0.75,1,P3_CV0,2,1,1,0,2
4,2539041.489,728416.6747,R4_F4_m4f4_P4_Y3_UO373,R4_F4_m4f4_P4_Y1_UO408,R4_F4_m4f4_P4_Y1_UO230,MXY,1,56.24928821519714,0,0,0.0,0,0,0,-9999.0,0.75,1,P3_CV0,2,1,1,0,2
4,2539041.489,728416.6747,R4_F4_m4f4_P4_Y3_UO379,R4_F4_m4f4_P4_Y0_UO421,R4_F4_m4f4_P4_Y0_UO331,FXX,1,56.24928821519714,0,0,0.0,0,0,0,-9999.0,0.75,1,P3_CV0,2,1,1,0,2
4,2539041.489,728416.6747,R4_F4_m4f4_P4_Y3_UO386,R4_F4_m4f4_P4_Y0_UO392,R4_F4_m-1f-1_P4_Y-1_U17,FXX,1,56.24928821519714,0,0,0.0,0,0,0,-9999.0,0.75,1,P3_CV0,2,2,0,1,1
4,2539041.489,728416.6747,R4_F4_m4f4_P4_Y3_UO387,R4_F4_m4f4_P4_Y0_UO392,R4_F4_m-1f-1_P4_Y-1_U17,MXY,1,56.24928821519714,0,0,0.0,0,0,0,-9999.0,0.75,1,P3_CV0,2,2,0,0,2
4,2539041.489,728416.6747,R4_F4_m4f4_P4_Y3_UO393,R4_F4_m4f4_P4_Y1_UO408,R4_F4_m-1f-1_P4_Y-1_U71,MXY,1,56.24928821519714,0,0,0.0,0,0,0,-9999.0,0.625,1,P3_CV0,2,2,0,1,1
4,2539041.489,728416.6747,R4_F4_m4f4_P4_Y3_UO394,R4_F4_m4f4_P4_Y1_UO408,R4_F4_m-1f-1_P4_Y-1_U71,FXX,1,56.24928821519714,0,0,0.0,0,0,0,-9999.0,0.625,1,P3_CV0,2,2,0,0,2
4,2539041.489,728416.6747,R4_F4_m4f4_P4_Y3_UO397,R4_F4_m4f4_P4_Y0_UO541,R4_F4_m4f4_P4_Y1_UO3,MXY,1,56.24928821519714,0,0,0.0,0,0,0,-9999.0,0.5,1,P3_CV0,2,1,1,1,1
4,2539041.489,728416.6747,R4_F4_m4f4_P4_Y3_UO398,R4_F4_m4f4_P4_Y0_UO541,R4_F4_m4f4_P4_Y1_UO3,MXY,1,56.24928821519714,0,0,0.0,0,0,0,-9999.0,0.5,1,P3_CV0,2,1,1,1,1
4,2539041.489,728416.6747,R4_F4_m4f4_P4_Y3_UO424,R4_F4_m4f4_P4_Y1_UO435,R4_F4_m4f4_P4_Y1_UO135,MXY,1,56.24928821519714,0,0,0.0,0,0,0,-9999.0,0.625,1,P3_CV0,2,2,0,2,0
4,2539041.489,728416.6747,R4_F4_m4f4_P4_Y3_UO430,R4_F4_m4f4_P4_Y0_UO153,R4_F4_m4f4_P4_Y1_UO436,MXY,1,56.24928821519714,0,0,0.0,0,0,0,-9999.0,0.625,1,P3_CV0,2,1,1,1,1
4,2539041.489,728416.6747,R4_F4_m4f4_P4_Y3_UO431,R4_F4_m4f4_P4_Y0_UO153,R4_F4_m4f4_P4_Y1_UO436,FXX,1,56.24928821519714,0,0,0.0,0,0,0,-9999.0,0.625,1,P3_CV0,2,2,0,1,1
4,2539041.489,728416.6747,R4_F4_m4f4_P4_Y3_UO432,R4_F4_m4f4_P4_Y0_UO153,R4_F4_m4f4_P4_Y1_UO436,MXY,1,56.24928821519714,0,0,0.0,0,0,0,-9999.0,0.625,1,P3_CV0,2,1,1,1,1
4,2539041.489,728416.6747,R4_F4_m4f4_P4_Y3_UO433,R4_F4_m4f4_P4_Y0_UO153,R4_F4_m4f4_P4_Y1_UO436,FXX,1,56.24928821519714,0,0,0.0,0,0,0,-9999.0,0.625,1,P3_CV0,2,2,0,1,1
4,2539041.489,728416.6747,R4_F4_m4f4_P4_Y3_UO434,R4_F4_m4f4_P4_Y0_UO153,R4_F4_m4f4_P4_Y1_UO436,MXY,1,56.24928821519714,0,0,0.0,0,0,0,-9999.0,0.625,1,P3_CV0,2,1,1,0,2
4,2539041.489,728416.6747,R4_F4_m4f4_P4_Y3_UO450,R4_F4_m4f4_P4_Y1_UO157,R4_F4_m-1f-1_P4_Y-1_U118,FXX,1,56.24928821519714,0,0,0.0,0,0,0,-9999.0,0.25,1,P3_CV0,2,0,2,1,1
4,2539041.489,728416.6747,R4_F4_m4f4_P4_Y3_UO451,R4_F4_m4f4_P4_Y1_UO157,R4_F4_m-1f-1_P4_Y-1_U118,FXX,1,56.24928821519714,0,0,0.0,0,0,0,-9999.0,0.25,1,P3_CV0,2,0,2,0,2
4,2539041.489,728416.6747,R4_F4_m4f4_P4_Y3_UO452,R4_F4_m4f4_P4_Y0_UO834,R4_F4_m4f4_P4_Y1_UO566,MXY,1,56.24928821519714,0,0,0.0,0,0,0,-9999.0,0.5,1,P3_CV0,2,2,0,1,1
4,2539041.489,728416.6747,R4_F4_m4f4_P4_Y3_UO453,R4_F4_m4f4_P4_Y0_UO834,R4_F4_m4f4_P4_Y1_UO566,FXX,1,56.24928821519714,0,0,0.0,0,0,0,-9999.0,0.5,1,P3_CV0,2,2,0,0,2
4,2539041.489,728416.6747,R4_F4_m4f4_P4_Y3_UO454,R4_F4_m4f4_P4_Y0_UO834,R4_F4_m4f4_P4_Y1_UO566,FXX,1,56.24928821519714,0,0,0.0,0,0,0,-9999.0,0.5,1,P3_CV0,2,1,1,1,1
4,2539041.489,728416.6747,R4_F4_m4f4_P4_Y3_UO462,R4_F4_m-1f-1_P4_Y-1_U7,R4_F4_m4f4_P4_Y0_UO770,FXX,1,56.24928821519714,0,0,0.0,0,0,0,-9999.0,0.5,1,P3_CV0,2,1,1,1,1
4,2539041.489,728416.6747,R4_F4_m4f4_P4_Y3_UO463,R4_F4_m-1f-1_P4_Y-1_U7,R4_F4_m4f4_P4_Y0_UO770,MXY,1,56.24928821519714,0,0,0.0,0,0,0,-9999.0,0.5,1,P3_CV0,2,1,1,1,1
4,2539041.489,728416.6747,R4_F4_m4f4_P4_Y3_UO464,R4_F4_m-1f-1_P4_Y-1_U7,R4_F4_m4f4_P4_Y0_UO770,MXY,1,56.24928821519714,0,0,0.0,0,0,0,-9999.0,0.5,1,P3_CV0,2,1,1,1,1
4,2539041.489,728416.6747,R4_F4_m4f4_P4_Y3_UO465,R4_F4_m4f4_P4_Y0_UO392,R4_F4_m4f4_P4_Y0_UO107,FXX,1,56.24928821519714,0,0,0.0,0,0,0,-9999.0,0.375,1,P3_CV0,2,1,1,0,2
4,2539041.489,728416.6747,R4_F4_m4f4_P4_Y3_UO466,R4_F4_m4f4_P4_Y0_UO392,R4_F4_m4f4_P4_Y0_UO107,MXY,1,56.24928821519714,0,0,0.0,0,0,0,-9999.0,0.375,1,P3_CV0,2,0,2,0,2
4,2539041.489,728416.6747,R4_F4_m4f4_P4_Y3_UO467,R4_F4_m4f4_P4_Y0_UO392,R4_F4_m4f4_P4_Y0_UO107,FXX,1,56.24928821519714,0,0,0.0,0,0,0,-9999.0,0.375,1,P3_CV0,2,1,1,0,2
4,2539041.489,728416.6747,R4_F4_m4f4_P4_Y3_UO468,R4_F4_m4f4_P4_Y0_UO392,R4_F4_m4f4_P4_Y0_UO107,FXX,1,56.24928821519714,0,0,0.0,0,0,0,-9999.0,0.375,1,P3_CV0,2,1,1,0,2
4,2539041.489,728416.6747,R4_F4_m4f4_P4_Y3_UO489,R4_F4_m-1f-1_P4_Y-1_U31,R4_F4_m4f4_P4_Y0_UO515,MXY,1,56.24928821519714,0,0,0.0,0,0,0,-9999.0,0.5,1,P3_CV0,2,1,1,2,0
4,2539041.489,728416.6747,R4_F4_m4f4_P4_Y3_UO490,R4_F4_m-1f-1_P4_Y-1_U31,R4_F4_m4f4_P4_Y0_UO515,FXX,1,56.24928821519714,0,0,0.0,0,0,0,-9999.0,0.5,1,P3_CV0,2,2,0,1,1
4,2539041.489,728416.6747,R4_F4_m4f4_P4_Y3_UO491,R4_F4_m-1f-1_P4_Y-1_U31,R4_F4_m4f4_P4_Y0_UO515,MXY,1,56.24928821519714,0,0,0.0,0,0,0,-9999.0,0.5,1,P3_CV0,2,2,0,2,0
4,2539041.489,728416.6747,R4_F4_m4f4_P4_Y3_UO492,R4_F4_m-1f-1_P4_Y-1_U31,R4_F4_m4f4_P4_Y0_UO515,MXY,1,56.24928821519714,0,0,0.0,0,0,0,-9999.0,0.5,1,P3_CV0,2,1,1,0,2
4,2539041.489,728416.6747,R4_F4_m4f4_P4_Y3_UO493,R4_F4_m-1f-1_P4_Y-1_U31,R4_F4_m4f4_P4_Y0_UO515,FXX,1,56.24928821519714,0,0,0.0,0,0,0,-9999.0,0.5,1,P3_CV0,2,1,1,1,1
4,2539041.489,728416.6747,R4_F4_m4f4_P4_Y3_UO494,R4_F4_m-1f-1_P4_Y-1_U31,R4_F4_m4f4_P4_Y0_UO515,MXY,1,56.24928821519714,0,0,0.0,0,0,0,-9999.0,0.5,1,P3_CV0,2,1,1,1,1
4,2539041.489,728416.6747,R4_F4_m4f4_P4_Y3_UO495,R4_F4_m-1f-1_P4_Y-1_U31,R4_F4_m4f4_P4_Y0_UO515,MXY,1,56.24928821519714,0,0,0.0,0,0,0,-9999.0,0.5,1,P3_CV0,2,1,1,1,1
4,2539041.489,728416.6747,R4_F4_m4f4_P4_Y3_UO496,R4_F4_m-1f-1_P4_Y-1_U31,R4_F4_m4f4_P4_Y0_UO515,FXX,1,56.24928821519714,0,0,0.0,0,0,0,-9999.0,0.5,1,P3_CV0,2,1,1,2,0
4,2539041.489,728416.6747,R4_F4_m4f4_P4_Y3_UO520,R4_F4_m4f4_P4_Y0_UO213,R4_F4_m4f4_P4_Y1_UO311,MXY,1,56.24928821519714,0,0,0.0,0,0,0,-9999.0,0.25,1,P3_CV0,2,2,0,0,2
4,2539041.489,728416.6747,R4_F4_m4f4_P4_Y3_UO546,R4_F4_m4f4_P4_Y0_UO153,R4_F4_m4f4_P4_Y1_UO502,FXX,1,56.24928821519714,0,0,0.0,0,0,0,-9999.0,0.625,1,P3_CV0,2,2,0,2,0
4,2539041.489,728416.6747,R4_F4_m4f4_P4_Y3_UO547,R4_F4_m4f4_P4_Y0_UO153,R4_F4_m4f4_P4_Y1_UO502,MXY,1,56.24928821519714,0,0,0.0,0,0,0,-9999.0,0.625,1,P3_CV0,2,1,1,2,0
4,2539041.489,728416.6747,R4_F4_m4f4_P4_Y3_UO548,R4_F4_m4f4_P4_Y0_UO153,R4_F4_m4f4_P4_Y1_UO502,FXX,1,56.24928821519714,0,0,0.0,0,0,0,-9999.0,0.625,1,P3_CV0,2,1,1,2,0
4,2539041.489,728416.6747,R4_F4_m4f4_P4_Y3_UO608,R4_F4_m4f4_P4_Y1_UO435,R4_F4_m4f4_P4_Y1_UO566,FXX,1,56.24928821519714,0,0,0.0,0,0,0,-9999.0,0.75,1,P3_CV0,2,1,1,1,1
4,2539041.489,728416.6747,R4_F4_m4f4_P4_Y3_UO609,R4_F4_m4f4_P4_Y1_UO435,R4_F4_m4f4_P4_Y1_UO566,MXY,1,56.24928821519714,0,0,0.0,0,0,0,-9999.0,0.75,1,P3_CV0,2,1,1,2,0
4,2539041.489,728416.6747,R4_F4_m4f4_P4_Y2_UO22,R4_F4_m4f4_P4_Y0_UO151,R4_F4_m-1f-1_P4_Y-1_U88,FXX,2,76.0961511821689,1,0,2.248,0,0,0,-9999.0,0.75,1,P3_CV0,2,2,0,1,1
4,2539041.489,728416.6747,R4_F4_m4f4_P4_Y2_UO203,R4_F4_m-1f-1_P4_Y-1_U80,R4_F4_m4f4_P4_Y0_UO91,MXY,2,76.0961511821689,1,0,0.0,0,0,0,-9999.0,0.75,1,P3_CV0,2,2,0,0,2
4,2539041.489,728416.6747,R4_F4_m4f4_P4_Y2_UO616,R4_F4_m-1f-1_P4_Y-1_U120,R4_F4_m-1f-1_P4_Y-1_U134,FXX,2,76.0961511821689,1,0,1.0,0,0,0,-9999.0,0.25,1,P3_CV0,2,0,2,2,0
4,2539041.489,728416.6747,R4_F4_m4f4_P4_Y2_UO495,R4_F4_m-1f-1_P4_Y-1_U120,R4_F4_m-1f-1_P4_Y-1_U32,MXY,2,76.0961511821689,1,0,0.0,0,0,0,-9999.0,0.25,1,P3_CV0,2,0,2,1,1
4,2539041.489,728416.6747,R4_F4_m4f4_P4_Y2_UO622,R4_F4_m-1f-1_P4_Y-1_U120,R4_F4_m-1f-1_P4_Y-1_U134,FXX,2,76.0961511821689,1,0,3.191,0,0,0,-9999.0,0.25,1,P3_CV0,2,0,2,2,0
4,2539041.489,728416.6747,R4_F4_m4f4_P4_Y2_UO303,R4_F4_m4f4_P4_Y0_UO153,R4_F4_m4f4_P4_Y0_UO620,FXX,2,76.0961511821689,1,0,1.0,0,0,0,-9999.0,0.375,1,P3_CV0,2,1,1,1,1
4,2539041.489,728416.6747,R4_F4_m4f4_P4_Y2_UO112,R4_F4_m4f4_P4_Y0_UO392,R4_F4_m4f4_P4_Y0_UO820,FXX,2,76.0961511821689,1,0,1.0,0,0,0,-9999.0,0.5,1,P3_CV0,2,2,0,0,2
4,2539041.489,728416.6747,R4_F4_m4f4_P4_Y2_UO265,R4_F4_m4f4_P4_Y0_UO603,I4_F7_m4f4_P4_Y0_UO107,FXX,2,76.0961511821689,1,0,1.109,0,0,0,-9999.0,0.5,1,P3_CV0,2,1,1,0,2
4,2539041.489,728416.6747,R4_F4_m4f4_P4_Y2_UO639,R4_F4_m4f4_P4_Y0_UO104,R4_F4_m4f4_P4_Y0_UO770,FXX,2,76.0961511821689,1,0,3.065,0,0,0,-9999.0,0.375,1,P3_CV0,2,1,1,0,2
4,2539041.489,728416.6747,R4_F4_m4f4_P4_Y2_UO468,R4_F4_m4f4_P4_Y0_UO213,R4_F4_m-1f-1_P4_Y-1_U134,MXY,2,76.0961511821689,1,0,0.0,0,0,0,-9999.0,0.5,1,P3_CV0,2,0,2,2,0
4,2539041.489,728416.6747,R4_F4_m4f4_P4_Y2_UO301,R4_F4_m-1f-1_P4_Y-1_U80,R4_F4_m4f4_P4_Y0_UO243,FXX,2,76.0961511821689,1,0,1.415,0,0,0,-9999.0,0.75,1,P3_CV0,2,1,1,1,1
4,2539041.489,728416.6747,R4_F4_m4f4_P4_Y2_UO613,R4_F4_m-1f-1_P4_Y-1_U120,R4_F4_m-1f-1_P4_Y-1_U134,MXY,2,76.0961511821689,1,0,0.0,0,0,0,-9999.0,0.25,1,P3_CV0,2,1,1,2,0
4,2539041.489,728416.6747,R4_F4_m4f4_P4_Y2_UO167,R4_F4_m4f4_P4_Y0_UO833,R4_F4_m4f4_P4_Y0_UO243,MXY,2,76.0961511821689,1,0,0.0,0,0,0,-9999.0,0.375,1,P3_CV0,2,1,1,2,0
4,2539041.489,728416.6747,R4_F4_m4f4_P4_Y2_UO126,R4_F4_m4f4_P4_Y0_UO151,R4_F4_m-1f-1_P4_Y-1_U10,FXX,2,76.0961511821689,1,0,0.0,0,0,0,-9999.0,0.25,1,P3_CV0,2,1,1,2,0
4,2539041.489,728416.6747,R4_F4_m4f4_P4_Y2_UO440,R4_F4_m4f4_P4_Y0_UO392,R4_F4_m4f4_P4_Y0_UO333,FXX,2,76.0961511821689,1,0,1.002,0,0,0,-9999.0,0.75,1,P3_CV0,2,1,1,1,1
4,2539041.489,728416.6747,R4_F4_m4f4_P4_Y2_UO305,R4_F4_m4f4_P4_Y0_UO153,R4_F4_m4f4_P4_Y0_UO620,MXY,2,76.0961511821689,1,0,0.0,0,0,0,-9999.0,0.375,1,P3_CV0,2,1,1,0,2
4,2539041.489,728416.6747,R4_F4_m4f4_P4_Y2_UO19,R4_F4_m4f4_P4_Y0_UO151,R4_F4_m-1f-1_P4_Y-1_U88,FXX,2,76.0961511821689,1,0,1.0,0,0,0,-9999.0,0.75,1,P3_CV0,2,2,0,1,1
4,2539041.489,728416.6747,R4_F4_m4f4_P4_Y2_UO77,R4_F4_m-1f-1_P4_Y-1_U96,R4_F4_m-1f-1_P4_Y-1_U9,MXY,2,76.0961511821689,1,0,0.0,0,0,0,-9999.0,0.75,1,P3_CV0,2,1,1,2,0
4,2539041.489,728416.6747,R4_F4_m4f4_P4_Y2_UO387,R4_F4_m4f4_P4_Y0_UO153,R4_F4_m4f4_P4_Y0_UO243,MXY,2,76.0961511821689,1,0,0.0,0,0,0,-9999.0,0.5,1,P3_CV0,2,2,0,1,1
4,2539041.489,728416.6747,R4_F4_m4f4_P4_Y2_UO395,R4_F4_m4f4_P4_Y0_UO392,R4_F4_m4f4_P4_Y0_UO409,FXX,2,76.0961511821689,1,0,2.44,0,0,0,-9999.0,0.375,1,P3_CV0,2,0,2,1,1
4,2539041.489,728416.6747,R4_F4_m4f4_P4_Y2_UO20,R4_F4_m4f4_P4_Y0_UO151,R4_F4_m-1f-1_P4_Y-1_U88,MXY,2,76.0961511821689,1,0,0.0,0,0,0,-9999.0,0.75,1,P3_CV0,2,2,0,2,0
4,2539041.489,728416.6747,R4_F4_m4f4_P4_Y2_UO171,R4_F4_m4f4_P4_Y0_UO346,R4_F4_m-1f-1_P4_Y-1_U6,FXX,2,76.0961511821689,1,0,1.207,0,0,0,-9999.0,0.5,1,P3_CV0,2,1,1,1,1
4,2539041.489,728416.6747,R4_F4_m4f4_P4_Y2_UO75,R4_F4_m-1f-1_P4_Y-1_U96,R4_F4_m-1f-1_P4_Y-1_U9,MXY,2,76.0961511821689,1,0,0.0,0,0,0,-9999.0,0.75,1,P3_CV0,2,2,0,1,1
4,2539041.489,728416.6747,R4_F4_m4f4_P4_Y2_UO125,R4_F4_m4f4_P4_Y0_UO151,R4_F4_m-1f-1_P4_Y-1_U10,MXY,2,76.0961511821689,1,0,0.0,0,0,0,-9999.0,0.25,1,P3_CV0,2,1,1,2,0
4,2539041.489,728416.6747,R4_F4_m4f4_P4_Y2_UO279,R4_F4_m4f4_P4_Y0_UO151,R4_F4_m-1f-1_P4_Y-1_U88,MXY,2,76.0961511821689,1,0,0.0,0,0,0,-9999.0,0.75,1,P3_CV0,2,2,0,1,1
4,2539041.489,728416.6747,R4_F4_m4f4_P4_Y2_UO116,R4_F4_m4f4_P4_Y0_UO392,R4_F4_m4f4_P4_Y0_UO820,FXX,2,76.0961511821689,1,0,1.482,0,0,0,-9999.0,0.5,1,P3_CV0,2,2,0,1,1
4,2539041.489,728416.6747,R4_F4_m4f4_P4_Y2_UO394,R4_F4_m4f4_P4_Y0_UO392,R4_F4_m4f4_P4_Y0_UO409,FXX,2,76.0961511821689,1,0,0.0,0,0,0,-9999.0,0.375,1,P3_CV0,2,0,2,0,2
4,2539041.489,728416.6747,R4_F4_m4f4_P4_Y2_UO516,R4_F4_m4f4_P4_Y0_UO153,R4_F4_m-1f-1_P4_Y-1_U88,FXX,2,76.0961511821689,1,0,1.704,0,0,0,-9999.0,0.75,1,P3_CV0,2,1,1,1,1
4,2539041.489,728416.6747,R4_F4_m4f4_P4_Y2_UO177,R4_F4_m-1f-1_P4_Y-1_U120,R4_F4_m-1f-1_P4_Y-1_U118,MXY,2,76.0961511821689,1,0,0.0,0,0,0,-9999.0,0.0,1,P3_CV0,2,0,2,1,1
4,2539041.489,728416.6747,R4_F4_m4f4_P4_Y2_UO76,R4_F4_m-1f-1_P4_Y-1_U96,R4_F4_m-1f-1_P4_Y-1_U9,FXX,2,76.0961511821689,1,0,1.142,0,0,0,-9999.0,0.75,1,P3_CV0,2,1,1,1,1
4,2539041.489,728416.6747,R4_F4_m4f4_P4_Y2_UO92,R4_F4_m4f4_P4_Y0_UO108,R4_F4_m-1f-1_P4_Y-1_U86,MXY,2,76.0961511821689,1,0,0.0,0,0,0,-9999.0,0.375,1,P3_CV0,2,1,1,1,1
4,2539041.489,728416.6747,R4_F4_m4f4_P4_Y2_UO290,R4_F4_m4f4_P4_Y0_UO155,R4_F4_m4f4_P4_Y0_UO820,FXX,2,76.0961511821689,1,0,1.04,0,0,0,-9999.0,0.5,1,P3_CV0,2,2,0,1,1
4,2539041.489,728416.6747,R4_F4_m4f4_P4_Y2_UO268,R4_F4_m4f4_P4_Y0_UO603,I4_F7_m4f4_P4_Y0_UO107,FXX,2,76.0961511821689,1,0,1.0,0,0,0,-9999.0,0.5,1,P3_CV0,2,1,1,0,2
4,2539041.489,728416.6747,R4_F4_m4f4_P4_Y2_UO122,R4_F4_m4f4_P4_Y0_UO392,R4_F4_m4f4_P4_Y0_UO241,FXX,2,76.0961511821689,1,0,0.0,0,0,0,-9999.0,0.5,1,P3_CV0,2,2,0,1,1
4,2539041.489,728416.6747,R4_F4_m4f4_P4_Y2_UO515,R4_F4_m4f4_P4_Y0_UO153,R4_F4_m-1f-1_P4_Y-1_U88,MXY,2,76.0961511821689,1,0,0.0,0,0,0,-9999.0,0.75,1,P3_CV0,2,2,0,2,0
4,2539041.489,728416.6747,R4_F4_m4f4_P4_Y2_UO439,R4_F4_m4f4_P4_Y0_UO392,R4_F4_m4f4_P4_Y0_UO333,FXX,2,76.0961511821689,1,0,3.024,0,0,0,-9999.0,0.75,1,P3_CV0,2,1,1,1,1
4,2539041.489,728416.6747,R4_F4_m4f4_P4_Y1_UO238,R4_F4_m-1f-1_P4_Y-1_U85,R4_F4_m-1f-1_P4_Y-1_U90,MXY,3,102.68963560479504,1,0,0.0,0,0,0,-9999.0,0.25,1,P3_CV0,2,1,1,0,2
4,2539041.489,728416.6747,R4_F4_m4f4_P4_Y1_UO408,RD4_F6_m-1f-1_P6_Y-1_U139,R4_F4_m-1f-1_P4_Y-1_U23,FXX,3,102.68963560479504,1,0,1.941,0,0,0,-9999.0,0.75,1,P3_CV0,2,1,1,1,1
4,2539041.489,728416.6747,R4_F4_m4f4_P4_Y1_UO569,I4_F7_m-1f-1_P4_Y-1_U104,R4_F4_m-1f-1_P4_Y-1_U57,FXX,3,102.68963560479504,1,0,0.0,0,0,0,-9999.0,0.75,1,P3_CV0,2,1,1,1,1
4,2539041.489,728416.6747,R4_F4_m4f4_P4_Y1_UO47,R4_F4_m-1f-1_P4_Y-1_U3,R4_F4_m-1f-1_P4_Y-1_U82,FXX,3,102.68963560479504,1,0,2.816,0,0,0,-9999.0,0.25,1,P3_CV0,2,1,1,1,1
4,2539041.489,728416.6747,R4_F4_m4f4_P4_Y1_UO604,R4_F4_m-1f-1_P4_Y-1_U72,R4_F4_m-1f-1_P4_Y-1_U123,MXY,3,102.68963560479504,1,0,0.0,0,0,0,-9999.0,0.25,1,P3_CV0,2,1,1,1,1
4,2539041.489,728416.6747,R4_F4_m4f4_P4_Y1_UO43,R4_F4_m-1f-1_P4_Y-1_U35,R4_F4_m-1f-1_P4_Y-1_U58,MXY,3,102.68963560479504,1,0,0.0,0,0,0,-9999.0,0.5,1,P3_CV0,2,1,1,0,2
4,2539041.489,728416.6747,R4_F4_m4f4_P4_Y1_UO502,R4_F4_m-1f-1_P4_Y-1_U80,R4_F4_m-1f-1_P4_Y-1_U116,MXY,3,102.68963560479504,1,0,0.0,0,0,0,-9999.0,0.75,1,P3_CV0,2,2,0,1,1
4,2539041.489,728416.6747,R4_F4_m4f4_P4_Y1_UO252,R4_F4_m-1f-1_P4_Y-1_U132,R4_F4_m-1f-1_P4_Y-1_U6,MXY,3,102.68963560479504,1,0,0.0,0,0,0,-9999.0,0.5,1,P3_CV0,2,1,1,0,2
4,2539041.489,728416.6747,R4_F4_m4f4_P4_Y1_UO622,R4_F4_m-1f-1_P4_Y-1_U35,R4_F4_m-1f-1_P4_Y-1_U87,MXY,3,102.68963560479504,1,0,0.0,0,0,0,-9999.0,1.0,1,P3_CV0,2,0,2,0,2
4,2539041.489,728416.6747,R4_F4_m4f4_P4_Y1_UO550,R4_F4_m-1f-1_P4_Y-1_U45,R4_F4_m-1f-1_P4_Y-1_U131,MXY,3,102.68963560479504,1,0,0.0,0,0,0,-9999.0,0.5,1,P3_CV0,2,2,0,1,1
4,2539041.489,728416.6747,R4_F4_m4f4_P4_Y1_UO567,I4_F7_m-1f-1_P4_Y-1_U104,R4_F4_m-1f-1_P4_Y-1_U57,MXY,3,102.68963560479504,1,0,0.0,0,0,0,-9999.0,0.75,1,P3_CV0,2,2,0,1,1
4,2539041.489,728416.6747,R4_F4_m4f4_P4_Y1_UO311,R4_F4_m-1f-1_P4_Y-1_U83,R4_F4_m-1f-1_P4_Y-1_U110,MXY,3,102.68963560479504,1,0,0.0,0,0,0,-9999.0,0.0,1,P3_CV0,2,1,1,1,1
4,2539041.489,728416.6747,R4_F4_m4f4_P4_Y1_UO28,R4_F4_m-1f-1_P4_Y-1_U65,R4_F4_m-1f-1_P4_Y-1_U86,MXY,3,102.68963560479504,1,0,0.0,0,0,0,-9999.0,0.5,1,P3_CV0,2,2,0,2,0
4,2539041.489,728416.6747,R4_F4_m4f4_P4_Y1_UO387,R4_F4_m-1f-1_P4_Y-1_U37,R4_F4_m-1f-1_P4_Y-1_U93,FXX,3,102.68963560479504,1,0,0.0,0,0,0,-9999.0,0.25,1,P3_CV0,2,0,2,1,1
4,2539041.489,728416.6747,R4_F4_m4f4_P4_Y1_UO157,I4_F7_m-1f-1_P4_Y-1_U104,R4_F4_m-1f-1_P4_Y-1_U116,FXX,3,102.68963560479504,1,0,0.0,0,0,0,-9999.0,0.5,1,P3_CV0,2,0,2,1,1
4,2539041.489,728416.6747,R4_F4_m4f4_P4_Y1_UO51,R4_F4_m-1f-1_P4_Y-1_U85,R4_F4_m-1f-1_P4_Y-1_U112,FXX,3,102.68963560479504,1,0,1.415,0,0,0,-9999.0,0.0,1,P3_CV0,2,1,1,2,0
4,2539041.489,728416.6747,R4_F4_m4f4_P4_Y1_UO134,R4_F4_m-1f-1_P4_Y-1_U3,I4_F7_m-1f-1_P4_Y-1_U68,FXX,3,102.68963560479504,1,0,2.874,0,0,0,-9999.0,0.5,1,P3_CV0,2,1,1,0,2
4,2539041.489,728416.6747,R4_F4_m4f4_P4_Y1_UO136,R4_F4_m-1f-1_P4_Y-1_U3,I4_F7_m-1f-1_P4_Y-1_U68,MXY,3,102.68963560479504,1,0,0.0,0,0,0,-9999.0,0.5,1,P3_CV0,2,1,1,1,1
4,2539041.489,728416.6747,I4_F7_m4f4_P4_Y1_UO98,R4_F4_m-1f-1_P4_Y-1_U85,R4_F4_m-1f-1_P4_Y-1_U114,MXY,3,102.66109893427054,1,0,0.0,0,0,0,-9999.0,0.0,1,P3_CV0,2,1,1,2,0
4,2539041.489,728416.6747,R4_F4_m4f4_P4_Y0_UO333,R4_F4_m-1f-1_P4_Y-1_U27,R4_F4_m-1f-1_P4_Y-1_U0,MXY,4,115.95634837340464,1,0,0.0,0,0,0,-9999.0,1.0,1,P3_CV0,2,0,2,1,1
4,2539041.489,728416.6747,R4_F4_m4f4_P4_Y0_UO820,R4_F4_m-1f-1_P4_Y-1_U62,R4_F4_m-1f-1_P4_Y-1_U116,MXY,4,115.95634837340464,1,0,0.0,0,0,0,-9999.0,0.5,1,P3_CV0,2,2,0,1,1
4,2539041.489,728416.6747,R4_F4_m4f4_P4_Y0_UO833,R4_F4_m-1f-1_P4_Y-1_U130,R4_F4_m-1f-1_P4_Y-1_U116,FXX,4,115.95634837340464,1,0,0.0,0,0,0,-9999.0,0.25,1,P3_CV0,2,0,2,1,1
4,2539041.489,728416.6747,R4_F4_m4f4_P4_Y0_UO212,R4_F4_m-1f-1_P4_Y-1_U45,R4_F4_m-1f-1_P4_Y-1_U131,MXY,4,115.95634837340464,1,0,0.0,0,0,0,-9999.0,0.5,1,P3_CV0,2,1,1,0,2
4,2539041.489,728416.6747,R4_F4_m4f4_P4_Y0_UO153,R4_F4_m-1f-1_P4_Y-1_U11,R4_F4_m-1f-1_P4_Y-1_U136,FXX,4,115.95634837340464,1,0,1.986,0,0,0,-9999.0,0.5,1,P3_CV0,2,1,1,1,1
4,2539041.489,728416.6747,R4_F4_m4f4_P4_Y0_UO133,R4_F4_m-1f-1_P4_Y-1_U21,R4_F4_m-1f-1_P4_Y-1_U10,FXX,4,115.95634837340464,1,0,0.0,0,0,0,-9999.0,0.5,1,P3_CV0,2,0,2,0,2
4,2539041.489,728416.6747,I4_F7_m4f4_P4_Y0_UO150,R4_F4_m-1f-1_P4_Y-1_U11,R4_F4_m-1f-1_P4_Y-1_U136,FXX,4,115.93291419681067,1,0,1.089,0,0,0,-9999.0,0.5,1,P3_CV0,2,0,2,0,2
4,2539041.489,728416.6747,I4_F7_m4f4_P4_Y0_UO834,R4_F4_m-1f-1_P4_Y-1_U130,R4_F4_m-1f-1_P4_Y-1_U116,FXX,4,115.93291419681067,1,0,2.646,0,0,0,-9999.0,0.25,1,P3_CV0,2,1,1,0,2
4,2539041.489,728416.6747,I4_F7_m4f4_P4_Y0_UO832,R4_F4_m-1f-1_P4_Y-1_U130,R4_F4_m-1f-1_P4_Y-1_U116,FXX,4,115.93291419681067,1,0,1.0,0,0,0,-9999.0,0.25,1,P3_CV0,2,2,0,0,2
4,2539041.489,728416.6747,R4_F4_m-1f-1_P4_Y-1_U74,-9999,-9999,FXX,5,119.68092801057587,1,0,3.236,0,0,0,-9999.0,0.5,1,P3_CV0,2,1,1,1,1
4,2539041.489,728416.6747,R4_F4_m-1f-1_P4_Y-1_U108,-9999,-9999,FXX,5,119.68942293491618,1,0,1.0,0,0,0,-9999.0,0.0,1,P3_CV0,2,0,2,2,0
4,2539041.489,728416.6747,R4_F4_m-1f-1_P4_Y-1_U17,-9999,-9999,MXY,5,119.68092801057587,1,0,0.0,0,0,0,-9999.0,1.0,1,P3_CV0,2,2,0,1,1
4,2539041.489,728416.6747,R4_F4_m-1f-1_P4_Y-1_U106,-9999,-9999,FXX,5,119.68958462052278,1,0,1.821,0,0,0,-9999.0,0.5,1,P3_CV0,2,1,1,0,2
4,2539041.489,728416.6747,R4_F4_m-1f-1_P4_Y-1_U40,-9999,-9999,FXX,5,119.68092801057587,1,0,1.104,0,0,0,-9999.0,0.5,1,P3_CV0,2,1,1,1,1
4,2539041.489,728416.6747,R4_F4_m-1f-1_P4_Y-1_U134,-9999,-9999,MXY,5,119.68092801057587,1,0,0.0,0,0,0,-9999.0,0.5,1,P3_CV0,2,1,1,2,0
4,2539041.489,728416.6747,I4_F7_m-1f-1_P4_Y-1_U6,-9999,-9999,MXY,5,119.66284253402185,1,0,0.0,0,0,0,-9999.0,0.5,1,P3_CV0,2,1,1,0,2
4,2539041.489,728416.6747,I4_F7_m-1f-1_P4_Y-1_U7,-9999,-9999,FXX,5,119.66284253402185,1,0,1.0,0,0,0,-9999.0,0.5,1,P3_CV0,2,1,1,1,1
4,2539041.489,728416.6747,RD4_F5_m5f5_P5_Y3_UO401,R5_F5_m-1f-1_P5_Y-1_U124,R5_F5_m5f5_P5_Y1_UO589,FXX,1,56.22340081757503,0,0,0.0,0,0,0,-9999.0,0.375,1,P4_CV0,2,0,2,0,2
4,2539041.489,728416.6747,R4_F4_m5f5_P5_Y2_UO718,R5_F5_m-1f-1_P5_Y-1_U35,R5_F5_m5f5_P5_Y0_UO44,MXY,2,76.09173801082194,1,0,0.0,0,0,0,-9999.0,0.625,1,P4_CV0,2,0,2,1,1
4,2539041.489,728416.6747,R4_F4_m5f5_P5_Y1_UO515,R5_F5_m-1f-1_P5_Y-1_U21,R5_F5_m-1f-1_P5_Y-1_U116,FXX,3,102.20813434309221,1,0,0.0,0,0,0,-9999.0,0.75,1,P4_CV0,2,1,1,1,1
4,2539041.489,728416.6747,RD4_F5_m5f5_P5_Y1_UO371,R5_F5_m-1f-1_P5_Y-1_U104,R5_F5_m-1f-1_P5_Y-1_U112,MXY,3,109.84753209139525,1,0,0.0,0,0,0,-9999.0,0.25,1,P4_CV0,2,0,2,1,1
5,2535011.582,720257.8531,R5_F5_m5f5_P5_Y2_UO494,RD5_F2_m-1f-1_P2_Y-1_U105,R5_F5_m5f5_P5_Y0_UO113,FXX,2,84.54708408709853,1,0,0.0,0,0,0,-9999.0,0.875,1,P1_CV0,3,2,0,1,1
5,2535011.582,720257.8531,R5_F5_m5f5_P5_Y2_UO750,RD5_F2_m-1f-1_P2_Y-1_U105,R5_F5_m5f5_P5_Y0_UO715,FXX,2,84.54708408709853,1,0,1.159,0,0,0,-9999.0,0.625,1,P1_CV0,3,1,1,2,0
5,2535011.582,720257.8531,R5_F5_m3f3_P3_Y2_UO538,I3_F7_m-1f-1_P3_Y-1_U25,R3_F3_m3f3_P3_Y0_UO781,MXY,2,84.55207248314922,1,0,0.0,0,0,0,-9999.0,0.75,1,P2_CV0,3,0,2,1,1
5,2535011.582,720257.8531,R5_F5_m5f5_P5_Y3_UO34,R5_F5_m5f5_P5_Y1_UO443,R5_F5_m5f5_P5_Y1_UO478,MXY,1,57.19759060304207,0,0,0.0,0,0,0,-9999.0,0.625,1,P4_CV0,3,0,2,1,1
5,2535011.582,720257.8531,R5_F5_m5f5_P5_Y3_UO35,R5_F5_m5f5_P5_Y1_UO443,R5_F5_m5f5_P5_Y1_UO478,FXX,1,57.19759060304207,0,0,0.0,0,0,0,-9999.0,0.625,1,P4_CV0,3,1,1,1,1
5,2535011.582,720257.8531,R5_F5_m5f5_P5_Y3_UO38,R5_F5_m5f5_P5_Y1_UO383,R5_F5_m5f5_P5_Y0_UO551,MXY,1,57.19759060304207,0,0,0.0,0,0,0,-9999.0,1.0,1,P4_CV0,3,2,0,2,0
5,2535011.582,720257.8531,R5_F5_m5f5_P5_Y3_UO50,R5_F5_m-1f-1_P5_Y-1_U124,R5_F5_m5f5_P5_Y1_UO573,FXX,1,57.19759060304207,0,0,0.0,0,0,0,-9999.0,0.125,1,P4_CV0,3,1,1,0,2
5,2535011.582,720257.8531,R5_F5_m5f5_P5_Y3_UO51,R5_F5_m-1f-1_P5_Y-1_U124,R5_F5_m5f5_P5_Y1_UO573,MXY,1,57.19759060304207,0,0,0.0,0,0,0,-9999.0,0.125,1,P4_CV0,3,1,1,0,2
5,2535011.582,720257.8531,R5_F5_m5f5_P5_Y3_UO52,R5_F5_m-1f-1_P5_Y-1_U124,R5_F5_m5f5_P5_Y1_UO573,MXY,1,57.19759060304207,0,0,0.0,0,0,0,-9999.0,0.125,1,P4_CV0,3,0,2,0,2
5,2535011.582,720257.8531,R5_F5_m5f5_P5_Y3_UO67,R5_F5_m5f5_P5_Y1_UO152,R5_F5_m5f5_P5_Y0_UO557,MXY,1,57.19759060304207,0,0,0.0,0,0,0,-9999.0,0.375,1,P4_CV0,3,0,2,0,2
5,2535011.582,720257.8531,R5_F5_m5f5_P5_Y3_UO68,R5_F5_m5f5_P5_Y1_UO152,R5_F5_m5f5_P5_Y0_UO557,MXY,1,57.19759060304207,0,0,0.0,0,0,0,-9999.0,0.375,1,P4_CV0,3,2,0,0,2
5,2535011.582,720257.8531,R5_F5_m5f5_P5_Y3_UO69,R5_F5_m5f5_P5_Y1_UO152,R5_F5_m5f5_P5_Y0_UO557,FXX,1,57.19759060304207,0,0,0.0,0,0,0,-9999.0,0.375,1,P4_CV0,3,1,1,0,2
5,2535011.582,720257.8531,R5_F5_m5f5_P5_Y3_UO151,R5_F5_m5f5_P5_Y1_UO142,R5_F5_m5f5_P5_Y1_UO93,FXX,1,57.19759060304207,0,0,0.0,0,0,0,-9999.0,0.5,1,P4_CV0,3,2,0,1,1
5,2535011.582,720257.8531,R5_F5_m5f5_P5_Y3_UO152,R5_F5_m5f5_P5_Y1_UO142,R5_F5_m5f5_P5_Y1_UO93,MXY,1,57.19759060304207,0,0,0.0,0,0,0,-9999.0,0.5,1,P4_CV0,3,2,0,1,1
5,2535011.582,720257.8531,R5_F5_m5f5_P5_Y3_UO153,R5_F5_m5f5_P5_Y0_UO274,R5_F5_m5f5_P5_Y0_UO113,FXX,1,57.19759060304207,0,0,0.0,0,0,0,-9999.0,0.75,1,P4_CV0,3,1,1,2,0
5,2535011.582,720257.8531,R5_F5_m5f5_P5_Y3_UO154,R5_F5_m5f5_P5_Y0_UO274,R5_F5_m5f5_P5_Y0_UO113,FXX,1,57.19759060304207,0,0,0.0,0,0,0,-9999.0,0.75,1,P4_CV0,3,1,1,2,0
5,2535011.582,720257.8531,R5_F5_m5f5_P5_Y3_UO155,R5_F5_m-1f-1_P5_Y-1_U94,R5_F5_m5f5_P5_Y1_UO217,MXY,1,57.19759060304207,0,0,0.0,0,0,0,-9999.0,0.875,1,P4_CV0,3,2,0,1,1
5,2535011.582,720257.8531,R5_F5_m5f5_P5_Y3_UO156,R5_F5_m-1f-1_P5_Y-1_U94,R5_F5_m5f5_P5_Y1_UO217,MXY,1,57.19759060304207,0,0,0.0,0,0,0,-9999.0,0.875,1,P4_CV0,3,2,0,1,1
5,2535011.582,720257.8531,R5_F5_m5f5_P5_Y3_UO157,R5_F5_m-1f-1_P5_Y-1_U94,R5_F5_m5f5_P5_Y1_UO217,FXX,1,57.19759060304207,0,0,0.0,0,0,0,-9999.0,0.875,1,P4_CV0,3,2,0,1,1
5,2535011.582,720257.8531,R5_F5_m5f5_P5_Y3_UO158,R5_F5_m-1f-1_P5_Y-1_U94,R5_F5_m5f5_P5_Y1_UO217,FXX,1,57.19759060304207,0,0,0.0,0,0,0,-9999.0,0.875,1,P4_CV0,3,2,0,1,1
5,2535011.582,720257.8531,R5_F5_m5f5_P5_Y3_UO159,R5_F5_m-1f-1_P5_Y-1_U94,R5_F5_m5f5_P5_Y1_UO217,MXY,1,57.19759060304207,0,0,0.0,0,0,0,-9999.0,0.875,1,P4_CV0,3,2,0,1,1
5,2535011.582,720257.8531,R5_F5_m5f5_P5_Y3_UO167,R5_F5_m5f5_P5_Y0_UO270,R5_F5_m5f5_P5_Y0_UO784,FXX,1,57.19759060304207,0,0,0.0,0,0,0,-9999.0,0.75,1,P4_CV0,3,1,1,1,1
5,2535011.582,720257.8531,R5_F5_m5f5_P5_Y3_UO168,R5_F5_m5f5_P5_Y0_UO270,R5_F5_m5f5_P5_Y0_UO784,MXY,1,57.19759060304207,0,0,0.0,0,0,0,-9999.0,0.75,1,P4_CV0,3,2,0,1,1
5,2535011.582,720257.8531,R5_F5_m5f5_P5_Y3_UO182,R5_F5_m5f5_P5_Y1_UO279,R5_F5_m5f5_P5_Y0_UO275,FXX,1,57.19759060304207,0,0,0.0,0,0,0,-9999.0,0.375,1,P4_CV0,3,2,0,1,1
5,2535011.582,720257.8531,R5_F5_m5f5_P5_Y3_UO183,R5_F5_m5f5_P5_Y0_UO477,R5_F5_m5f5_P5_Y1_UO525,FXX,1,57.19759060304207,0,0,0.0,0,0,0,-9999.0,0.125,1,P4_CV0,3,0,2,1,1
5,2535011.582,720257.8531,R5_F5_m5f5_P5_Y3_UO184,R5_F5_m5f5_P5_Y0_UO477,R5_F5_m5f5_P5_Y1_UO525,FXX,1,57.19759060304207,0,0,0.0,0,0,0,-9999.0,0.125,1,P4_CV0,3,0,2,1,1
5,2535011.582,720257.8531,R5_F5_m5f5_P5_Y3_UO198,R5_F5_m5f5_P5_Y1_UO237,R5_F5_m5f5_P5_Y0_UO401,MXY,1,57.19759060304207,0,0,0.0,0,0,0,-9999.0,0.625,1,P4_CV0,3,1,1,2,0
5,2535011.582,720257.8531,R5_F5_m5f5_P5_Y3_UO199,R5_F5_m5f5_P5_Y1_UO237,R5_F5_m5f5_P5_Y0_UO401,FXX,1,57.19759060304207,0,0,0.0,0,0,0,-9999.0,0.625,1,P4_CV0,3,1,1,1,1
5,2535011.582,720257.8531,R5_F5_m5f5_P5_Y3_UO220,R5_F5_m-1f-1_P5_Y-1_U94,R5_F5_m5f5_P5_Y0_UO324,MXY,1,57.19759060304207,0,0,0.0,0,0,0,-9999.0,0.875,1,P4_CV0,3,1,1,1,1
5,2535011.582,720257.8531,R5_F5_m5f5_P5_Y3_UO221,R5_F5_m-1f-1_P5_Y-1_U94,R5_F5_m5f5_P5_Y0_UO324,FXX,1,57.19759060304207,0,0,0.0,0,0,0,-9999.0,0.875,1,P4_CV0,3,1,1,1,1
5,2535011.582,720257.8531,R5_F5_m5f5_P5_Y3_UO222,R5_F5_m-1f-1_P5_Y-1_U94,R5_F5_m5f5_P5_Y0_UO324,FXX,1,57.19759060304207,0,0,0.0,0,0,0,-9999.0,0.875,1,P4_CV0,3,1,1,1,1
5,2535011.582,720257.8531,R5_F5_m5f5_P5_Y3_UO223,R5_F5_m-1f-1_P5_Y-1_U94,R5_F5_m5f5_P5_Y0_UO324,FXX,1,57.19759060304207,0,0,0.0,0,0,0,-9999.0,0.875,1,P4_CV0,3,1,1,1,1
5,2535011.582,720257.8531,R5_F5_m5f5_P5_Y3_UO227,R5_F5_m5f5_P5_Y0_UO270,RD5_F6_m6f6_P6_Y0_UO0,MXY,1,57.19759060304207,0,0,0.0,0,0,0,-9999.0,0.375,1,P4_CV0,3,2,0,0,2
5,2535011.582,720257.8531,R5_F5_m5f5_P5_Y3_UO260,R5_F5_m5f5_P5_Y1_UO443,R5_F5_m5f5_P5_Y1_UO217,MXY,1,57.19759060304207,0,0,0.0,0,0,0,-9999.0,0.75,1,P4_CV0,3,2,0,1,1
5,2535011.582,720257.8531,R5_F5_m5f5_P5_Y3_UO284,R5_F5_m5f5_P5_Y0_UO270,R5_F5_m5f5_P5_Y1_UO574,MXY,1,57.19759060304207,0,0,0.0,0,0,0,-9999.0,0.5,1,P4_CV0,3,1,1,1,1
5,2535011.582,720257.8531,R5_F5_m5f5_P5_Y3_UO300,R5_F5_m-1f-1_P5_Y-1_U120,R5_F5_m5f5_P5_Y1_UO16,FXX,1,57.19759060304207,0,0,0.0,0,0,0,-9999.0,0.75,1,P4_CV0,3,1,1,2,0
5,2535011.582,720257.8531,R5_F5_m5f5_P5_Y3_UO301,R5_F5_m-1f-1_P5_Y-1_U120,R5_F5_m5f5_P5_Y1_UO16,MXY,1,57.19759060304207,0,0,0.0,0,0,0,-9999.0,0.75,1,P4_CV0,3,1,1,2,0
5,2535011.582,720257.8531,R5_F5_m5f5_P5_Y3_UO302,R5_F5_m-1f-1_P5_Y-1_U120,R5_F5_m5f5_P5_Y1_UO16,MXY,1,57.19759060304207,0,0,0.0,0,0,0,-9999.0,0.75,1,P4_CV0,3,1,1,2,0
5,2535011.582,720257.8531,R5_F5_m5f5_P5_Y3_UO303,R5_F5_m-1f-1_P5_Y-1_U120,R5_F5_m5f5_P5_Y1_UO16,FXX,1,57.19759060304207,0,0,0.0,0,0,0,-9999.0,0.75,1,P4_CV0,3,1,1,1,1
5,2535011.582,720257.8531,R5_F5_m5f5_P5_Y3_UO304,R5_F5_m-1f-1_P5_Y-1_U120,R5_F5_m5f5_P5_Y1_UO16,FXX,1,57.19759060304207,0,0,0.0,0,0,0,-9999.0,0.75,1,P4_CV0,3,1,1,2,0
5,2535011.582,720257.8531,R5_F5_m5f5_P5_Y3_UO305,R5_F5_m-1f-1_P5_Y-1_U120,R5_F5_m5f5_P5_Y1_UO16,FXX,1,57.19759060304207,0,0,0.0,0,0,0,-9999.0,0.75,1,P4_CV0,3,1,1,1,1
5,2535011.582,720257.8531,R5_F5_m5f5_P5_Y3_UO306,R5_F5_m-1f-1_P5_Y-1_U120,R5_F5_m5f5_P5_Y1_UO16,FXX,1,57.19759060304207,0,0,0.0,0,0,0,-9999.0,0.75,1,P4_CV0,3,1,1,2,0
5,2535011.582,720257.8531,R5_F5_m5f5_P5_Y3_UO312,R5_F5_m5f5_P5_Y1_UO237,R5_F5_m5f5_P5_Y1_UO194,FXX,1,57.19759060304207,0,0,0.0,0,0,0,-9999.0,0.375,1,P4_CV0,3,2,0,1,1
5,2535011.582,720257.8531,R5_F5_m5f5_P5_Y3_UO313,R5_F5_m5f5_P5_Y1_UO237,R5_F5_m5f5_P5_Y1_UO194,FXX,1,57.19759060304207,0,0,0.0,0,0,0,-9999.0,0.375,1,P4_CV0,3,2,0,2,0
5,2535011.582,720257.8531,R5_F5_m5f5_P5_Y3_UO314,R5_F5_m5f5_P5_Y1_UO237,R5_F5_m5f5_P5_Y1_UO194,FXX,1,57.19759060304207,0,0,0.0,0,0,0,-9999.0,0.375,1,P4_CV0,3,1,1,2,0
5,2535011.582,720257.8531,R5_F5_m5f5_P5_Y3_UO317,R5_F5_m5f5_P5_Y1_UO603,R5_F5_m5f5_P5_Y1_UO93,FXX,1,57.19759060304207,0,0,0.0,0,0,0,-9999.0,0.625,1,P4_CV0,3,2,0,1,1
5,2535011.582,720257.8531,R5_F5_m5f5_P5_Y3_UO318,R5_F5_m5f5_P5_Y1_UO305,R5_F5_m5f5_P5_Y1_UO83,FXX,1,57.19759060304207,0,0,0.0,0,0,0,-9999.0,0.5,1,P4_CV0,3,1,1,1,1
5,2535011.582,720257.8531,R5_F5_m5f5_P5_Y3_UO319,R5_F5_m5f5_P5_Y1_UO305,R5_F5_m5f5_P5_Y1_UO83,MXY,1,57.19759060304207,0,0,0.0,0,0,0,-9999.0,0.5,1,P4_CV0,3,1,1,2,0
5,2535011.582,720257.8531,R5_F5_m5f5_P5_Y3_UO320,R5_F5_m5f5_P5_Y1_UO305,R5_F5_m5f5_P5_Y1_UO83,MXY,1,57.19759060304207,0,0,0.0,0,0,0,-9999.0,0.5,1,P4_CV0,3,1,1,2,0
5,2535011.582,720257.8531,R5_F5_m5f5_P5_Y3_UO400,R5_F5_m-1f-1_P5_Y-1_U124,R5_F5_m5f5_P5_Y1_UO589,MXY,1,57.19759060304207,0,0,0.0,0,0,0,-9999.0,0.375,1,P4_CV0,3,0,2,0,2
5,2535011.582,720257.8531,R5_F5_m5f5_P5_Y3_UO402,R5_F5_m-1f-1_P5_Y-1_U124,R5_F5_m5f5_P5_Y1_UO589,FXX,1,57.19759060304207,0,0,0.0,0,0,0,-9999.0,0.375,1,P4_CV0,3,0,2,0,2
5,2535011.582,720257.8531,R5_F5_m5f5_P5_Y3_UO403,R5_F5_m-1f-1_P5_Y-1_U124,R5_F5_m5f5_P5_Y1_UO589,MXY,1,57.19759060304207,0,0,0.0,0,0,0,-9999.0,0.375,1,P4_CV0,3,0,2,1,1
5,2535011.582,720257.8531,R5_F5_m5f5_P5_Y3_UO404,R5_F5_m5f5_P5_Y0_UO477,R5_F5_m5f5_P5_Y0_UO137,FXX,1,57.19759060304207,0,0,0.0,0,0,0,-9999.0,0.375,1,P4_CV0,3,1,1,2,0
5,2535011.582,720257.8531,R5_F5_m5f5_P5_Y3_UO405,R5_F5_m5f5_P5_Y0_UO477,R5_F5_m5f5_P5_Y0_UO137,MXY,1,57.19759060304207,0,0,0.0,0,0,0,-9999.0,0.375,1,P4_CV0,3,1,1,1,1
5,2535011.582,720257.8531,R5_F5_m5f5_P5_Y3_UO425,R5_F5_m5f5_P5_Y1_UO171,R5_F5_m5f5_P5_Y1_UO345,FXX,1,57.19759060304207,0,0,0.0,0,0,0,-9999.0,0.5,1,P4_CV0,3,0,2,2,0
5,2535011.582,720257.8531,R5_F5_m5f5_P5_Y3_UO426,R5_F5_m5f5_P5_Y1_UO171,R5_F5_m5f5_P5_Y1_UO345,FXX,1,57.19759060304207,0,0,0.0,0,0,0,-9999.0,0.5,1,P4_CV0,3,1,1,2,0
5,2535011.582,720257.8531,R5_F5_m5f5_P5_Y3_UO427,R5_F5_m5f5_P5_Y1_UO171,R5_F5_m5f5_P5_Y1_UO345,MXY,1,57.19759060304207,0,0,0.0,0,0,0,-9999.0,0.5,1,P4_CV0,3,2,0,2,0
5,2535011.582,720257.8531,R5_F5_m5f5_P5_Y3_UO441,R5_F5_m-1f-1_P5_Y-1_U124,R5_F5_m5f5_P5_Y1_UO259,FXX,1,57.19759060304207,0,0,0.0,0,0,0,-9999.0,0.25,1,P4_CV0,3,1,1,0,2
5,2535011.582,720257.8531,R5_F5_m5f5_P5_Y3_UO442,R5_F5_m-1f-1_P5_Y-1_U124,R5_F5_m5f5_P5_Y1_UO259,MXY,1,57.19759060304207,0,0,0.0,0,0,0,-9999.0,0.25,1,P4_CV0,3,1,1,0,2
5,2535011.582,720257.8531,R5_F5_m5f5_P5_Y3_UO443,R5_F5_m-1f-1_P5_Y-1_U124,R5_F5_m5f5_P5_Y1_UO259,MXY,1,57.19759060304207,0,0,0.0,0,0,0,-9999.0,0.25,1,P4_CV0,3,0,2,1,1
5,2535011.582,720257.8531,R5_F5_m5f5_P5_Y3_UO444,R5_F5_m-1f-1_P5_Y-1_U124,R5_F5_m5f5_P5_Y1_UO259,FXX,1,57.19759060304207,0,0,0.0,0,0,0,-9999.0,0.25,1,P4_CV0,3,0,2,1,1
5,2535011.582,720257.8531,R5_F5_m5f5_P5_Y3_UO447,R5_F5_m5f5_P5_Y1_UO426,R5_F5_m5f5_P5_Y1_UO259,FXX,1,57.19759060304207,0,0,0.0,0,0,0,-9999.0,0.5,1,P4_CV0,3,1,1,2,0
5,2535011.582,720257.8531,R5_F5_m5f5_P5_Y3_UO448,R5_F5_m5f5_P5_Y1_UO426,R5_F5_m5f5_P5_Y1_UO259,FXX,1,57.19759060304207,0,0,0.0,0,0,0,-9999.0,0.5,1,P4_CV0,3,2,0,2,0
5,2535011.582,720257.8531,R5_F5_m5f5_P5_Y3_UO455,R5_F5_m-1f-1_P5_Y-1_U34,R5_F5_m5f5_P5_Y1_UO514,MXY,1,57.19759060304207,0,0,0.0,0,0,0,-9999.0,0.375,1,P4_CV0,3,1,1,0,2
5,2535011.582,720257.8531,R5_F5_m5f5_P5_Y3_UO456,R5_F5_m-1f-1_P5_Y-1_U34,R5_F5_m5f5_P5_Y1_UO514,MXY,1,57.19759060304207,0,0,0.0,0,0,0,-9999.0,0.375,1,P4_CV0,3,1,1,0,2
5,2535011.582,720257.8531,R5_F5_m5f5_P5_Y3_UO457,R5_F5_m-1f-1_P5_Y-1_U34,R5_F5_m5f5_P5_Y1_UO514,MXY,1,57.19759060304207,0,0,0.0,0,0,0,-9999.0,0.375,1,P4_CV0,3,1,1,0,2
5,2535011.582,720257.8531,R5_F5_m5f5_P5_Y3_UO458,R5_F5_m-1f-1_P5_Y-1_U34,R5_F5_m5f5_P5_Y1_UO514,FXX,1,57.19759060304207,0,0,0.0,0,0,0,-9999.0,0.375,1,P4_CV0,3,1,1,0,2
5,2535011.582,720257.8531,R5_F5_m5f5_P5_Y3_UO459,R5_F5_m-1f-1_P5_Y-1_U34,R5_F5_m5f5_P5_Y1_UO514,MXY,1,57.19759060304207,0,0,0.0,0,0,0,-9999.0,0.375,1,P4_CV0,3,1,1,0,2
5,2535011.582,720257.8531,R5_F5_m5f5_P5_Y3_UO498,R5_F5_m-1f-1_P5_Y-1_U124,R5_F5_m5f5_P5_Y0_UO374,FXX,1,57.19759060304207,0,0,0.0,0,0,0,-9999.0,0.375,1,P4_CV0,3,1,1,0,2
5,2535011.582,720257.8531,R5_F5_m5f5_P5_Y3_UO499,R5_F5_m-1f-1_P5_Y-1_U124,R5_F5_m5f5_P5_Y0_UO374,FXX,1,57.19759060304207,0,0,0.0,0,0,0,-9999.0,0.375,1,P4_CV0,3,1,1,1,1
5,2535011.582,720257.8531,R5_F5_m5f5_P5_Y3_UO500,R5_F5_m-1f-1_P5_Y-1_U124,R5_F5_m5f5_P5_Y0_UO374,FXX,1,57.19759060304207,0,0,0.0,0,0,0,-9999.0,0.375,1,P4_CV0,3,1,1,1,1
5,2535011.582,720257.8531,R5_F5_m5f5_P5_Y3_UO501,R5_F5_m-1f-1_P5_Y-1_U124,R5_F5_m5f5_P5_Y0_UO374,MXY,1,57.19759060304207,0,0,0.0,0,0,0,-9999.0,0.375,1,P4_CV0,3,1,1,0,2
5,2535011.582,720257.8531,R5_F5_m5f5_P5_Y3_UO510,R5_F5_m5f5_P5_Y1_UO603,R5_F5_m-1f-1_P5_Y-1_U108,FXX,1,57.19759060304207,0,0,0.0,0,0,0,-9999.0,0.5,1,P4_CV0,3,1,1,1,1
5,2535011.582,720257.8531,R5_F5_m5f5_P5_Y3_UO511,R5_F5_m5f5_P5_Y1_UO603,R5_F5_m-1f-1_P5_Y-1_U108,FXX,1,57.19759060304207,0,0,0.0,0,0,0,-9999.0,0.5,1,P4_CV0,3,1,1,1,1
5,2535011.582,720257.8531,R5_F5_m5f5_P5_Y3_UO512,R5_F5_m5f5_P5_Y1_UO603,R5_F5_m-1f-1_P5_Y-1_U108,FXX,1,57.19759060304207,0,0,0.0,0,0,0,-9999.0,0.5,1,P4_CV0,3,1,1,1,1
5,2535011.582,720257.8531,R5_F5_m5f5_P5_Y3_UO515,R5_F5_m5f5_P5_Y0_UO274,R5_F5_m5f5_P5_Y1_UO514,FXX,1,57.19759060304207,0,0,0.0,0,0,0,-9999.0,0.75,1,P4_CV0,3,1,1,2,0
5,2535011.582,720257.8531,R5_F5_m5f5_P5_Y3_UO516,R5_F5_m5f5_P5_Y0_UO274,R5_F5_m5f5_P5_Y1_UO514,FXX,1,57.19759060304207,0,0,0.0,0,0,0,-9999.0,0.75,1,P4_CV0,3,1,1,2,0
5,2535011.582,720257.8531,R5_F5_m5f5_P5_Y3_UO532,R5_F5_m-1f-1_P5_Y-1_U32,R5_F5_m5f5_P5_Y1_UO236,MXY,1,57.19759060304207,0,0,0.0,0,0,0,-9999.0,0.5,1,P4_CV0,3,2,0,1,1
5,2535011.582,720257.8531,R5_F5_m5f5_P5_Y3_UO533,R5_F5_m-1f-1_P5_Y-1_U32,R5_F5_m5f5_P5_Y1_UO236,FXX,1,57.19759060304207,0,0,0.0,0,0,0,-9999.0,0.5,1,P4_CV0,3,2,0,2,0
5,2535011.582,720257.8531,R5_F5_m5f5_P5_Y3_UO534,R5_F5_m-1f-1_P5_Y-1_U32,R5_F5_m5f5_P5_Y1_UO236,MXY,1,57.19759060304207,0,0,0.0,0,0,0,-9999.0,0.5,1,P4_CV0,3,1,1,0,2
5,2535011.582,720257.8531,R5_F5_m5f5_P5_Y3_UO535,R5_F5_m-1f-1_P5_Y-1_U32,R5_F5_m5f5_P5_Y1_UO236,FXX,1,57.19759060304207,0,0,0.0,0,0,0,-9999.0,0.5,1,P4_CV0,3,0,2,0,2
5,2535011.582,720257.8531,R5_F5_m5f5_P5_Y3_UO536,R5_F5_m-1f-1_P5_Y-1_U32,R5_F5_m5f5_P5_Y1_UO236,FXX,1,57.19759060304207,0,0,0.0,0,0,0,-9999.0,0.5,1,P4_CV0,3,2,0,1,1
5,2535011.582,720257.8531,R5_F5_m5f5_P5_Y3_UO537,R5_F5_m-1f-1_P5_Y-1_U32,R5_F5_m5f5_P5_Y1_UO236,MXY,1,57.19759060304207,0,0,0.0,0,0,0,-9999.0,0.5,1,P4_CV0,3,0,2,1,1
5,2535011.582,720257.8531,R5_F5_m5f5_P5_Y3_UO538,R5_F5_m-1f-1_P5_Y-1_U32,R5_F5_m5f5_P5_Y1_UO236,MXY,1,57.19759060304207,0,0,0.0,0,0,0,-9999.0,0.5,1,P4_CV0,3,0,2,0,2
5,2535011.582,720257.8531,R5_F5_m5f5_P5_Y3_UO539,R5_F5_m-1f-1_P5_Y-1_U32,R5_F5_m5f5_P5_Y1_UO236,MXY,1,57.19759060304207,0,0,0.0,0,0,0,-9999.0,0.5,1,P4_CV0,3,1,1,0,2
5,2535011.582,720257.8531,R5_F5_m5f5_P5_Y3_UO540,R5_F5_m-1f-1_P5_Y-1_U32,R5_F5_m5f5_P5_Y1_UO236,MXY,1,57.19759060304207,0,0,0.0,0,0,0,-9999.0,0.5,1,P4_CV0,3,2,0,2,0
5,2535011.582,720257.8531,R5_F5_m5f5_P5_Y3_UO559,R5_F5_m5f5_P5_Y1_UO447,R5_F5_m-1f-1_P5_Y-1_U90,MXY,1,57.19759060304207,0,0,0.0,0,0,0,-9999.0,0.5,1,P4_CV0,3,0,2,2,0
5,2535011.582,720257.8531,R5_F5_m5f5_P5_Y3_UO571,R5_F5_m5f5_P5_Y0_UO765,R5_F5_m-1f-1_P5_Y-1_U71,FXX,1,57.19759060304207,0,0,0.0,0,0,0,-9999.0,0.5,1,P4_CV0,3,2,0,1,1
5,2535011.582,720257.8531,R5_F5_m5f5_P5_Y3_UO572,R5_F5_m5f5_P5_Y0_UO765,R5_F5_m-1f-1_P5_Y-1_U71,MXY,1,57.19759060304207,0,0,0.0,0,0,0,-9999.0,0.5,1,P4_CV0,3,1,1,1,1
5,2535011.582,720257.8531,R5_F5_m5f5_P5_Y3_UO573,R5_F5_m5f5_P5_Y0_UO765,R5_F5_m-1f-1_P5_Y-1_U71,FXX,1,57.19759060304207,0,0,0.0,0,0,0,-9999.0,0.5,1,P4_CV0,3,2,0,1,1
5,2535011.582,720257.8531,R5_F5_m5f5_P5_Y3_UO574,R5_F5_m-1f-1_P5_Y-1_U124,R5_F5_m5f5_P5_Y0_UO156,MXY,1,57.19759060304207,0,0,0.0,0,0,0,-9999.0,0.375,1,P4_CV0,3,0,2,1,1
5,2535011.582,720257.8531,R5_F5_m5f5_P5_Y3_UO575,R5_F5_m-1f-1_P5_Y-1_U124,R5_F5_m5f5_P5_Y0_UO156,MXY,1,57.19759060304207,0,0,0.0,0,0,0,-9999.0,0.375,1,P4_CV0,3,0,2,1,1
5,2535011.582,720257.8531,R5_F5_m5f5_P5_Y3_UO576,R5_F5_m-1f-1_P5_Y-1_U124,R5_F5_m5f5_P5_Y0_UO156,MXY,1,57.19759060304207,0,0,0.0,0,0,0,-9999.0,0.375,1,P4_CV0,3,1,1,1,1
5,2535011.582,720257.8531,R5_F5_m5f5_P5_Y3_UO577,R5_F5_m-1f-1_P5_Y-1_U124,R5_F5_m5f5_P5_Y0_UO156,MXY,1,57.19759060304207,0,0,0.0,0,0,0,-9999.0,0.375,1,P4_CV0,3,0,2,0,2
5,2535011.582,720257.8531,R5_F5_m5f5_P5_Y3_UO578,R5_F5_m-1f-1_P5_Y-1_U124,R5_F5_m5f5_P5_Y0_UO156,MXY,1,57.19759060304207,0,0,0.0,0,0,0,-9999.0,0.375,1,P4_CV0,3,1,1,1,1
5,2535011.582,720257.8531,R5_F5_m5f5_P5_Y3_UO600,R5_F5_m5f5_P5_Y0_UO270,R5_F5_m5f5_P5_Y0_UO784,MXY,1,57.19759060304207,0,0,0.0,0,0,0,-9999.0,0.75,1,P4_CV0,3,1,1,0,2
5,2535011.582,720257.8531,R5_F5_m5f5_P5_Y3_UO627,R5_F5_m5f5_P5_Y1_UO279,R5_F5_m5f5_P5_Y1_UO16,MXY,1,57.19759060304207,0,0,0.0,0,0,0,-9999.0,0.25,1,P4_CV0,3,1,1,1,1
5,2535011.582,720257.8531,R5_F5_m5f5_P5_Y3_UO628,R5_F5_m5f5_P5_Y1_UO279,R5_F5_m5f5_P5_Y1_UO16,MXY,1,57.19759060304207,0,0,0.0,0,0,0,-9999.0,0.25,1,P4_CV0,3,0,2,1,1
5,2535011.582,720257.8531,R5_F5_m5f5_P5_Y3_UO629,R5_F5_m-1f-1_P5_Y-1_U94,R5_F5_m-1f-1_P5_Y-1_U108,MXY,1,57.19759060304207,0,0,0.0,0,0,0,-9999.0,0.75,1,P4_CV0,3,2,0,2,0
5,2535011.582,720257.8531,R5_F5_m5f5_P5_Y3_UO630,R5_F5_m-1f-1_P5_Y-1_U94,R5_F5_m-1f-1_P5_Y-1_U108,FXX,1,57.19759060304207,0,0,0.0,0,0,0,-9999.0,0.75,1,P4_CV0,3,2,0,2,0
5,2535011.582,720257.8531,R5_F5_m5f5_P5_Y3_UO631,R5_F5_m-1f-1_P5_Y-1_U94,R5_F5_m-1f-1_P5_Y-1_U108,MXY,1,57.19759060304207,0,0,0.0,0,0,0,-9999.0,0.75,1,P4_CV0,3,2,0,2,0
5,2535011.582,720257.8531,R5_F5_m5f5_P5_Y3_UO632,R5_F5_m-1f-1_P5_Y-1_U94,R5_F5_m-1f-1_P5_Y-1_U108,FXX,1,57.19759060304207,0,0,0.0,0,0,0,-9999.0,0.75,1,P4_CV0,3,1,1,2,0
5,2535011.582,720257.8531,R5_F5_m5f5_P5_Y3_UO633,R5_F5_m-1f-1_P5_Y-1_U94,R5_F5_m-1f-1_P5_Y-1_U108,MXY,1,57.19759060304207,0,0,0.0,0,0,0,-9999.0,0.75,1,P4_CV0,3,2,0,2,0
5,2535011.582,720257.8531,R5_F5_m5f5_P5_Y3_UO634,R5_F5_m-1f-1_P5_Y-1_U28,R5_F5_m-1f-1_P5_Y-1_U22,MXY,1,57.19759060304207,0,0,0.0,0,0,0,-9999.0,0.5,1,P4_CV0,3,1,1,1,1
5,2535011.582,720257.8531,R5_F5_m5f5_P5_Y3_UO635,R5_F5_m-1f-1_P5_Y-1_U28,R5_F5_m-1f-1_P5_Y-1_U22,FXX,1,57.19759060304207,0,0,0.0,0,0,0,-9999.0,0.5,1,P4_CV0,3,1,1,0,2
5,2535011.582,720257.8531,R5_F5_m5f5_P5_Y3_UO636,R5_F5_m-1f-1_P5_Y-1_U28,R5_F5_m-1f-1_P5_Y-1_U22,MXY,1,57.19759060304207,0,0,0.0,0,0,0,-9999.0,0.5,1,P4_CV0,3,1,1,1,1
5,2535011.582,720257.8531,R5_F5_m5f5_P5_Y3_UO637,R5_F5_m-1f-1_P5_Y-1_U28,R5_F5_m-1f-1_P5_Y-1_U22,FXX,1,57.19759060304207,0,0,0.0,0,0,0,-9999.0,0.5,1,P4_CV0,3,1,1,0,2
5,2535011.582,720257.8531,R5_F5_m5f5_P5_Y3_UO638,R5_F5_m-1f-1_P5_Y-1_U28,R5_F5_m-1f-1_P5_Y-1_U22,MXY,1,57.19759060304207,0,0,0.0,0,0,0,-9999.0,0.5,1,P4_CV0,3,1,1,0,2
5,2535011.582,720257.8531,R5_F5_m5f5_P5_Y2_UO675,R5_F5_m5f5_P5_Y0_UO765,R5_F5_m5f5_P5_Y0_UO156,MXY,2,84.54708408709853,1,0,0.0,0,0,0,-9999.0,0.625,1,P4_CV0,3,2,0,0,2
5,2535011.582,720257.8531,R5_F5_m5f5_P5_Y2_UO751,RD5_F2_m-1f-1_P2_Y-1_U105,R5_F5_m5f5_P5_Y0_UO715,FXX,2,84.54708408709853,1,0,1.974,0,0,0,-9999.0,0.625,1,P4_CV0,3,1,1,2,0
5,2535011.582,720257.8531,R5_F5_m5f5_P5_Y2_UO273,R5_F5_m5f5_P5_Y0_UO773,R5_F5_m-1f-1_P5_Y-1_U90,FXX,2,84.54708408709853,1,0,0.0,0,0,0,-9999.0,0.625,1,P4_CV0,3,2,0,2,0
5,2535011.582,720257.8531,R5_F5_m5f5_P5_Y2_UO749,RD5_F2_m-1f-1_P2_Y-1_U105,R5_F5_m5f5_P5_Y0_UO715,FXX,2,84.54708408709853,1,0,1.166,0,0,0,-9999.0,0.625,1,P4_CV0,3,1,1,0,2
5,2535011.582,720257.8531,R5_F5_m5f5_P5_Y2_UO646,R5_F5_m5f5_P5_Y0_UO773,R5_F5_m5f5_P5_Y0_UO678,FXX,2,84.54708408709853,1,0,2.65,0,0,0,-9999.0,0.625,1,P4_CV0,3,0,2,1,1
5,2535011.582,720257.8531,R5_F5_m5f5_P5_Y2_UO330,R5_F5_m-1f-1_P5_Y-1_U32,R5_F5_m5f5_P5_Y0_UO557,MXY,2,84.54708408709853,1,0,0.0,0,0,0,-9999.0,0.5,1,P4_CV0,3,1,1,0,2
5,2535011.582,720257.8531,R5_F5_m5f5_P5_Y2_UO717,R5_F5_m-1f-1_P5_Y-1_U35,R5_F5_m5f5_P5_Y0_UO44,MXY,2,84.54708408709853,1,0,0.0,0,0,0,-9999.0,0.625,1,P4_CV0,3,0,2,1,1
5,2535011.582,720257.8531,R5_F5_m5f5_P5_Y2_UO143,R5_F5_m-1f-1_P5_Y-1_U14,R5_F5_m5f5_P5_Y0_UO553,MXY,2,84.54708408709853,1,0,0.0,0,0,0,-9999.0,1.0,1,P4_CV0,3,2,0,1,1
5,2535011.582,720257.8531,R5_F5_m5f5_P5_Y2_UO291,R5_F5_m-1f-1_P5_Y-1_U39,R5_F5_m-1f-1_P5_Y-1_U18,FXX,2,84.54708408709853,1,0,1.0,0,0,0,-9999.0,0.75,1,P4_CV0,3,1,1,0,2
5,2535011.582,720257.8531,R5_F5_m5f5_P5_Y2_UO374,R5_F5_m-1f-1_P5_Y-1_U39,R5_F5_m5f5_P5_Y0_UO842,MXY,2,84.54708408709853,1,0,0.0,0,0,0,-9999.0,0.625,1,P4_CV0,3,2,0,2,0
5,2535011.582,720257.8531,R5_F5_m5f5_P5_Y2_UO295,R5_F5_m-1f-1_P5_Y-1_U39,R5_F5_m-1f-1_P5_Y-1_U18,FXX,2,84.54708408709853,1,0,1.0,0,0,0,-9999.0,0.75,1,P4_CV0,3,2,0,1,1
5,2535011.582,720257.8531,R5_F5_m5f5_P5_Y2_UO142,R5_F5_m-1f-1_P5_Y-1_U14,R5_F5_m5f5_P5_Y0_UO553,FXX,2,84.54708408709853,1,0,1.223,0,0,0,-9999.0,1.0,1,P4_CV0,3,1,1,2,0
5,2535011.582,720257.8531,R5_F5_m5f5_P5_Y2_UO297,R5_F5_m-1f-1_P5_Y-1_U39,R5_F5_m-1f-1_P5_Y-1_U18,FXX,2,84.54708408709853,1,0,0.0,0,0,0,-9999.0,0.75,1,P4_CV0,3,2,0,2,0
5,2535011.582,720257.8531,R5_F5_m5f5_P5_Y2_UO689,R5_F5_m-1f-1_P5_Y-1_U35,R5_F5_m5f5_P5_Y0_UO715,FXX,2,84.54708408709853,1,0,2.904,0,0,0,-9999.0,0.375,1,P4_CV0,3,0,2,1,1
5,2535011.582,720257.8531,R5_F5_m5f5_P5_Y2_UO38,R5_F5_m-1f-1_P5_Y-1_U35,R5_F5_m5f5_P5_Y0_UO403,MXY,2,84.54708408709853,1,0,0.0,0,0,0,-9999.0,0.625,1,P4_CV0,3,2,0,1,1
5,2535011.582,720257.8531,R5_F5_m5f5_P5_Y2_UO643,R5_F5_m5f5_P5_Y0_UO773,R5_F5_m5f5_P5_Y0_UO678,FXX,2,84.54708408709853,1,0,1.0,0,0,0,-9999.0,0.625,1,P4_CV0,3,1,1,1,1
5,2535011.582,720257.8531,R5_F5_m5f5_P5_Y2_UO32,R5_F5_m-1f-1_P5_Y-1_U35,R5_F5_m5f5_P5_Y0_UO403,FXX,2,84.54708408709853,1,0,0.0,0,0,0,-9999.0,0.625,1,P4_CV0,3,1,1,1,1
5,2535011.582,720257.8531,R5_F5_m5f5_P5_Y2_UO674,R5_F5_m5f5_P5_Y0_UO765,R5_F5_m5f5_P5_Y0_UO156,MXY,2,84.54708408709853,1,0,0.0,0,0,0,-9999.0,0.625,1,P4_CV0,3,1,1,1,1
5,2535011.582,720257.8531,R5_F5_m5f5_P5_Y2_UO656,R5_F5_m-1f-1_P5_Y-1_U66,R5_F5_m5f5_P5_Y0_UO275,MXY,2,84.54708408709853,1,0,0.0,0,0,0,-9999.0,0.625,1,P4_CV0,3,2,0,2,0
5,2535011.582,720257.8531,R5_F5_m5f5_P5_Y2_UO375,R5_F5_m-1f-1_P5_Y-1_U39,R5_F5_m5f5_P5_Y0_UO842,MXY,2,84.54708408709853,1,0,0.0,0,0,0,-9999.0,0.625,1,P4_CV0,3,1,1,1,1
5,2535011.582,720257.8531,R5_F5_m5f5_P5_Y2_UO485,RD5_F2_m-1f-1_P2_Y-1_U105,R5_F5_m5f5_P5_Y0_UO113,FXX,2,84.54708408709853,1,0,3.854,0,0,0,-9999.0,0.875,1,P4_CV0,3,2,0,2,0
5,2535011.582,720257.8531,R5_F5_m5f5_P5_Y2_UO489,RD5_F2_m-1f-1_P2_Y-1_U105,R5_F5_m5f5_P5_Y0_UO113,FXX,2,84.54708408709853,1,0,0.0,0,0,0,-9999.0,0.875,1,P4_CV0,3,1,1,1,1
5,2535011.582,720257.8531,R5_F5_m5f5_P5_Y2_UO704,R5_F5_m-1f-1_P5_Y-1_U35,R5_F5_m5f5_P5_Y0_UO557,MXY,2,84.54708408709853,1,0,0.0,0,0,0,-9999.0,0.5,1,P4_CV0,3,0,2,1,1
5,2535011.582,720257.8531,R5_F5_m5f5_P5_Y2_UO333,R5_F5_m-1f-1_P5_Y-1_U32,R5_F5_m5f5_P5_Y0_UO557,MXY,2,84.54708408709853,1,0,0.0,0,0,0,-9999.0,0.5,1,P4_CV0,3,1,1,0,2
5,2535011.582,720257.8531,R5_F5_m5f5_P5_Y2_UO678,R5_F5_m-1f-1_P5_Y-1_U35,R5_F5_m5f5_P5_Y0_UO715,MXY,2,84.54708408709853,1,0,0.0,0,0,0,-9999.0,0.375,1,P4_CV0,3,1,1,2,0
5,2535011.582,720257.8531,R5_F5_m5f5_P5_Y2_UO381,R5_F5_m-1f-1_P5_Y-1_U39,R5_F5_m5f5_P5_Y0_UO842,MXY,2,84.54708408709853,1,0,0.0,0,0,0,-9999.0,0.625,1,P4_CV0,3,1,1,2,0
5,2535011.582,720257.8531,R5_F5_m5f5_P5_Y2_UO276,R5_F5_m5f5_P5_Y0_UO773,R5_F5_m-1f-1_P5_Y-1_U90,MXY,2,84.54708408709853,1,0,0.0,0,0,0,-9999.0,0.625,1,P4_CV0,3,0,2,2,0
5,2535011.582,720257.8531,R5_F5_m5f5_P5_Y2_UO376,R5_F5_m-1f-1_P5_Y-1_U39,R5_F5_m5f5_P5_Y0_UO842,MXY,2,84.54708408709853,1,0,0.0,0,0,0,-9999.0,0.625,1,P4_CV0,3,2,0,1,1
5,2535011.582,720257.8531,R5_F5_m5f5_P5_Y2_UO487,RD5_F2_m-1f-1_P2_Y-1_U105,R5_F5_m5f5_P5_Y0_UO113,FXX,2,84.54708408709853,1,0,0.0,0,0,0,-9999.0,0.875,1,P4_CV0,3,2,0,2,0
5,2535011.582,720257.8531,R5_F5_m5f5_P5_Y2_UO250,R5_F5_m5f5_P5_Y0_UO398,R5_F5_m5f5_P5_Y0_UO403,MXY,2,84.54708408709853,1,0,0.0,0,0,0,-9999.0,0.75,1,P4_CV0,3,0,2,0,2
5,2535011.582,720257.8531,R5_F5_m5f5_P5_Y2_UO708,R5_F5_m-1f-1_P5_Y-1_U35,R5_F5_m5f5_P5_Y0_UO557,FXX,2,84.54708408709853,1,0,1.203,0,0,0,-9999.0,0.5,1,P4_CV0,3,0,2,1,1
5,2535011.582,720257.8531,R5_F5_m5f5_P5_Y1_UO603,R5_F5_m-1f-1_P5_Y-1_U5,R5_F5_m-1f-1_P5_Y-1_U95,FXX,3,110.6400175705876,1,0,1.0,0,0,0,-9999.0,0.5,1,P4_CV0,3,2,0,0,2
5,2535011.582,720257.8531,R5_F5_m5f5_P5_Y1_UO193,R5_F5_m-1f-1_P5_Y-1_U47,R5_F5_m-1f-1_P5_Y-1_U112,MXY,3,110.6400175705876,1,0,0.0,0,0,0,-9999.0,0.5,1,P4_CV0,3,2,0,0,2
5,2535011.582,720257.8531,R5_F5_m5f5_P5_Y1_UO447,R5_F5_m-1f-1_P5_Y-1_U56,R5_F5_m-1f-1_P5_Y-1_U127,FXX,3,110.6400175705876,1,0,1.933,0,0,0,-9999.0,0.5,1,P4_CV0,3,1,1,2,0
5,2535011.582,720257.8531,R5_F5_m5f5_P5_Y1_UO581,R5_F5_m-1f-1_P5_Y-1_U14,R5_F5_m-1f-1_P5_Y-1_U125,MXY,3,110.6400175705876,1,0,0.0,0,0,0,-9999.0,0.75,1,P4_CV0,3,0,2,2,0
5,2535011.582,720257.8531,R5_F5_m5f5_P5_Y1_UO170,R5_F5_m-1f-1_P5_Y-1_U120,R5_F5_m-1f-1_P5_Y-1_U85,FXX,3,110.6400175705876,1,0,0.0,0,0,0,-9999.0,0.75,1,P4_CV0,3,0,2,1,1
5,2535011.582,720257.8531,R5_F5_m5f5_P5_Y1_UO574,R5_F5_m-1f-1_P5_Y-1_U34,R5_F5_m-1f-1_P5_Y-1_U78,MXY,3,110.6400175705876,1,0,0.0,0,0,0,-9999.0,0.25,1,P4_CV0,3,1,1,1,1
5,2535011.582,720257.8531,R5_F5_m5f5_P5_Y1_UO93,R5_F5_m-1f-1_P5_Y-1_U88,R5_F5_m-1f-1_P5_Y-1_U46,MXY,3,110.6400175705876,1,0,0.0,0,0,0,-9999.0,0.75,1,P4_CV0,3,2,0,2,0
5,2535011.582,720257.8531,R5_F5_m5f5_P5_Y1_UO16,R5_F5_m-1f-1_P5_Y-1_U5,R5_F5_m-1f-1_P5_Y-1_U60,MXY,3,110.6400175705876,1,0,0.0,0,0,0,-9999.0,0.5,1,P4_CV0,3,0,2,2,0
5,2535011.582,720257.8531,R5_F5_m5f5_P5_Y1_UO331,R5_F5_m-1f-1_P5_Y-1_U17,R5_F5_m-1f-1_P5_Y-1_U25,FXX,3,110.6400175705876,1,0,0.0,0,0,0,-9999.0,0.5,1,P4_CV0,3,1,1,1,1
5,2535011.582,720257.8531,R5_F5_m5f5_P5_Y1_UO443,R5_F5_m-1f-1_P5_Y-1_U122,R5_F5_m-1f-1_P5_Y-1_U138,FXX,3,110.6400175705876,1,0,0.0,0,0,0,-9999.0,0.75,1,P4_CV0,3,1,1,1,1
5,2535011.582,720257.8531,R5_F5_m5f5_P5_Y1_UO383,R5_F5_m-1f-1_P5_Y-1_U63,R5_F5_m-1f-1_P5_Y-1_U87,FXX,3,110.6400175705876,1,0,0.0,0,0,0,-9999.0,1.0,1,P4_CV0,3,1,1,2,0
5,2535011.582,720257.8531,R5_F5_m5f5_P5_Y1_UO278,R5_F5_m-1f-1_P5_Y-1_U14,RD5_F5_m-1f-1_P5_Y-1_U3,FXX,3,110.6400175705876,1,0,1.0,0,0,0,-9999.0,0.75,1,P4_CV0,3,0,2,0,2
5,2535011.582,720257.8531,R5_F5_m5f5_P5_Y1_UO171,R5_F5_m-1f-1_P5_Y-1_U120,R5_F5_m-1f-1_P5_Y-1_U85,FXX,3,110.6400175705876,1,0,2.061,0,0,0,-9999.0,0.75,1,P4_CV0,3,1,1,1,1
5,2535011.582,720257.8531,R5_F5_m5f5_P5_Y1_UO305,R5_F5_m-1f-1_P5_Y-1_U37,R5_F5_m-1f-1_P5_Y-1_U41,FXX,3,110.6400175705876,1,0,1.0,0,0,0,-9999.0,0.5,1,P4_CV0,3,0,2,1,1
5,2535011.582,720257.8531,R5_F5_m5f5_P5_Y1_UO83,R5_F5_m-1f-1_P5_Y-1_U24,R5_F5_m-1f-1_P5_Y-1_U105,MXY,3,110.6400175705876,1,0,0.0,0,0,0,-9999.0,0.5,1,P4_CV0,3,2,0,2,0
5,2535011.582,720257.8531,R5_F5_m5f5_P5_Y1_UO142,R5_F5_m-1f-1_P5_Y-1_U106,R5_F5_m-1f-1_P5_Y-1_U38,FXX,3,110.6400175705876,1,0,1.417,0,0,0,-9999.0,0.25,1,P4_CV0,3,1,1,0,2
5,2535011.582,720257.8531,R5_F5_m5f5_P5_Y1_UO236,R5_F5_m-1f-1_P5_Y-1_U122,R5_F5_m-1f-1_P5_Y-1_U61,MXY,3,110.6400175705876,1,0,0.0,0,0,0,-9999.0,0.5,1,P4_CV0,3,1,1,1,1
5,2535011.582,720257.8531,R5_F5_m5f5_P5_Y1_UO71,R5_F5_m-1f-1_P5_Y-1_U101,R5_F5_m-1f-1_P5_Y-1_U108,MXY,3,110.6400175705876,1,0,0.0,0,0,0,-9999.0,0.25,1,P4_CV0,3,0,2,1,1
5,2535011.582,720257.8531,R5_F5_m5f5_P5_Y1_UO376,R5_F5_m-1f-1_P5_Y-1_U97,R5_F5_m-1f-1_P5_Y-1_U30,FXX,3,110.6400175705876,1,0,1.451,0,0,0,-9999.0,0.75,1,P4_CV0,3,0,2,1,1
5,2535011.582,720257.8531,R5_F5_m5f5_P5_Y0_UO326,R5_F5_m-1f-1_P5_Y-1_U96,R5_F5_m-1f-1_P5_Y-1_U78,MXY,4,121.13639659939234,1,0,0.0,0,0,0,-9999.0,0.75,1,P4_CV0,3,1,1,1,1
5,2535011.582,720257.8531,R5_F5_m5f5_P5_Y0_UO44,R5_F5_m-1f-1_P5_Y-1_U27,R5_F5_m-1f-1_P5_Y-1_U67,MXY,4,121.13639659939234,1,0,0.0,0,0,0,-9999.0,0.75,1,P4_CV0,3,1,1,0,2
5,2535011.582,720257.8531,R5_F5_m5f5_P5_Y0_UO477,R5_F5_m-1f-1_P5_Y-1_U33,R5_F5_m-1f-1_P5_Y-1_U50,FXX,4,121.13639659939234,1,0,1.0,0,0,0,-9999.0,0.25,1,P4_CV0,3,1,1,2,0
5,2535011.582,720257.8531,R5_F5_m5f5_P5_Y0_UO269,R5_F5_m-1f-1_P5_Y-1_U97,R5_F5_m-1f-1_P5_Y-1_U139,FXX,4,121.13639659939234,1,0,2.14,0,0,0,-9999.0,0.75,1,P4_CV0,3,2,0,0,2
5,2535011.582,720257.8531,R5_F5_m5f5_P5_Y0_UO275,R5_F5_m-1f-1_P5_Y-1_U97,R5_F5_m-1f-1_P5_Y-1_U92,MXY,4,121.13639659939234,1,0,0.0,0,0,0,-9999.0,0.75,1,P4_CV0,3,2,0,1,1
5,2535011.582,720257.8531,R5_F5_m5f5_P5_Y0_UO765,R5_F5_m-1f-1_P5_Y-1_U62,R5_F5_m-1f-1_P5_Y-1_U83,FXX,4,121.13639659939234,1,0,1.0,0,0,0,-9999.0,0.5,1,P4_CV0,3,2,0,0,2
5,2535011.582,720257.8531,R5_F5_m-1f-1_P5_Y-1_U32,-9999,-9999,FXX,5,129.15486420729727,1,0,0.0,0,0,0,-9999.0,0.5,1,P4_CV0,3,1,1,1,1
5,2535011.582,720257.8531,R5_F5_m-1f-1_P5_Y-1_U30,-9999,-9999,MXY,5,129.15486420729727,1,0,0.0,0,0,0,-9999.0,0.5,1,P4_CV0,3,1,1,2,0
5,2535011.582,720257.8531,R5_F5_m-1f-1_P5_Y-1_U108,-9999,-9999,MXY,5,129.15486420729727,1,0,0.0,0,0,0,-9999.0,0.5,1,P4_CV0,3,1,1,2,0
5,2535011.582,720257.8531,R5_F5_m-1f-1_P5_Y-1_U66,-9999,-9999,FXX,5,129.15486420729727,1,0,1.0,0,0,0,-9999.0,0.5,1,P4_CV0,3,1,1,1,1
6,2545325.475,726552.0418,RD6_F2_m2f2_P2_Y3_UO209,R2_F2_m-1f-1_P2_Y-1_U128,R2_F2_m2f2_P2_Y0_UO98,MXY,1,52.08971676627702,0,0,0.0,0,0,0,-9999.0,0.875,1,P1_CV0,3,1,1,1,1
6,2545325.475,726552.0418,R6_F6_m6f6_P6_Y3_UO11,R6_F6_m3f3_P3_Y1_UO541,R6_F6_m6f6_P6_Y1_UO346,FXX,1,52.07827612167241,0,0,0.0,0,0,0,-9999.0,0.25,1,P2_CV0,3,1,1,1,1
6,2545325.475,726552.0418,R6_F6_m6f6_P6_Y3_UO12,R6_F6_m3f3_P3_Y1_UO541,R6_F6_m6f6_P6_Y1_UO346,MXY,1,52.07827612167241,0,0,0.0,0,0,0,-9999.0,0.25,1,P2_CV0,3,2,0,1,1
6,2545325.475,726552.0418,R6_F6_m6f6_P6_Y3_UO18,R6_F6_m3f3_P3_Y1_UO541,R6_F6_m6f6_P6_Y1_UO347,FXX,1,52.07827612167241,0,0,0.0,0,0,0,-9999.0,0.25,1,P2_CV0,3,0,2,0,2
6,2545325.475,726552.0418,R6_F6_m6f6_P6_Y3_UO179,R6_F6_m3f3_P3_Y1_UO541,R6_F6_m6f6_P6_Y0_UO431,MXY,1,52.07827612167241,0,0,0.0,0,0,0,-9999.0,0.125,1,P2_CV0,3,1,1,0,2
6,2545325.475,726552.0418,R6_F6_m6f6_P6_Y3_UO180,R6_F6_m3f3_P3_Y1_UO541,R6_F6_m6f6_P6_Y0_UO431,FXX,1,52.07827612167241,0,0,0.0,0,0,0,-9999.0,0.125,1,P2_CV0,3,1,1,0,2
6,2545325.475,726552.0418,R6_F6_m6f6_P6_Y3_UO309,R6_F6_m3f3_P3_Y1_UO541,R6_F6_m6f6_P6_Y1_UO347,MXY,1,52.07827612167241,0,0,0.0,0,0,0,-9999.0,0.25,1,P2_CV0,3,1,1,0,2
6,2545325.475,726552.0418,R6_F6_m6f6_P6_Y3_UO310,R6_F6_m3f3_P3_Y1_UO541,R6_F6_m6f6_P6_Y1_UO347,FXX,1,52.07827612167241,0,0,0.0,0,0,0,-9999.0,0.25,1,P2_CV0,3,2,0,1,1
6,2545325.475,726552.0418,R6_F6_m6f6_P6_Y1_UO64,R6_F6_m-1f-1_P6_Y-1_U57,RD6_F3_m-1f-1_P3_Y-1_U125,FXX,3,112.88619312709505,1,0,0.0,0,0,0,-9999.0,1.0,1,P2_CV0,3,1,1,2,0
6,2545325.475,726552.0418,RD6_F4_m4f4_P4_Y3_UO7,R4_F4_m4f4_P4_Y0_UO541,R4_F4_m4f4_P4_Y1_UO253,MXY,1,52.1118769462547,0,0,0.0,0,0,0,-9999.0,0.125,1,P3_CV0,3,0,2,0,2
6,2545325.475,726552.0418,RD6_F4_m4f4_P4_Y3_UO362,R4_F4_m-1f-1_P4_Y-1_U74,R4_F4_m4f4_P4_Y1_UO253,MXY,1,52.1118769462547,0,0,0.0,0,0,0,-9999.0,0.25,1,P3_CV0,3,1,1,0,2
6,2545325.475,726552.0418,R6_F6_m5f5_P5_Y1_UO233,R5_F5_m-1f-1_P5_Y-1_U103,R5_F5_m-1f-1_P5_Y-1_U1,MXY,3,112.93541415464242,1,0,0.0,0,0,0,-9999.0,0.75,1,P4_CV0,3,1,1,2,0
6,2545325.475,726552.0418,R6_F6_m6f6_P6_Y3_UO19,R6_F6_m3f3_P3_Y1_UO541,R6_F6_m6f6_P6_Y1_UO347,MXY,1,52.07827612167241,0,0,0.0,0,0,0,-9999.0,0.25,1,P5_CV0,3,1,1,1,1
6,2545325.475,726552.0418,R6_F6_m6f6_P6_Y3_UO27,R6_F6_m6f6_P6_Y1_UO299,R6_F6_m6f6_P6_Y1_UO35,MXY,1,52.07827612167241,0,0,0.0,0,0,0,-9999.0,0.125,1,P5_CV0,3,1,1,2,0
6,2545325.475,726552.0418,R6_F6_m6f6_P6_Y3_UO31,R6_F6_m6f6_P6_Y1_UO472,R6_F6_m-1f-1_P6_Y-1_U29,MXY,1,52.07827612167241,0,0,0.0,0,0,0,-9999.0,0.375,1,P5_CV0,3,0,2,1,1
6,2545325.475,726552.0418,R6_F6_m6f6_P6_Y3_UO48,R6_F6_m6f6_P6_Y1_UO24,R6_F6_m6f6_P6_Y0_UO431,FXX,1,52.07827612167241,0,0,0.0,0,0,0,-9999.0,0.375,1,P5_CV0,3,2,0,0,2
6,2545325.475,726552.0418,R6_F6_m6f6_P6_Y3_UO49,R6_F6_m6f6_P6_Y1_UO24,R6_F6_m6f6_P6_Y0_UO431,MXY,1,52.07827612167241,0,0,0.0,0,0,0,-9999.0,0.375,1,P5_CV0,3,1,1,0,2
6,2545325.475,726552.0418,R6_F6_m6f6_P6_Y3_UO90,R6_F6_m6f6_P6_Y0_UO558,R6_F6_m6f6_P6_Y1_UO35,FXX,1,52.07827612167241,0,0,0.0,0,0,0,-9999.0,0.375,1,P5_CV0,3,0,2,1,1
6,2545325.475,726552.0418,R6_F6_m6f6_P6_Y3_UO91,R6_F6_m6f6_P6_Y0_UO558,R6_F6_m6f6_P6_Y1_UO35,MXY,1,52.07827612167241,0,0,0.0,0,0,0,-9999.0,0.375,1,P5_CV0,3,0,2,1,1
6,2545325.475,726552.0418,R6_F6_m6f6_P6_Y3_UO92,R6_F6_m6f6_P6_Y0_UO558,R6_F6_m6f6_P6_Y1_UO35,MXY,1,52.07827612167241,0,0,0.0,0,0,0,-9999.0,0.375,1,P5_CV0,3,1,1,1,1
6,2545325.475,726552.0418,R6_F6_m6f6_P6_Y3_UO93,R6_F6_m6f6_P6_Y1_UO621,R6_F6_m-1f-1_P6_Y-1_U97,FXX,1,52.07827612167241,0,0,0.0,0,0,0,-9999.0,0.375,1,P5_CV0,3,1,1,1,1
6,2545325.475,726552.0418,R6_F6_m6f6_P6_Y3_UO108,R6_F6_m-1f-1_P6_Y-1_U70,R6_F6_m6f6_P6_Y1_UO19,MXY,1,52.07827612167241,0,0,0.0,0,0,0,-9999.0,0.375,1,P5_CV0,3,2,0,1,1
6,2545325.475,726552.0418,R6_F6_m6f6_P6_Y3_UO109,R6_F6_m-1f-1_P6_Y-1_U70,R6_F6_m6f6_P6_Y1_UO19,MXY,1,52.07827612167241,0,0,0.0,0,0,0,-9999.0,0.375,1,P5_CV0,3,2,0,1,1
6,2545325.475,726552.0418,R6_F6_m6f6_P6_Y3_UO110,R6_F6_m-1f-1_P6_Y-1_U70,R6_F6_m6f6_P6_Y1_UO19,FXX,1,52.07827612167241,0,0,0.0,0,0,0,-9999.0,0.375,1,P5_CV0,3,1,1,1,1
6,2545325.475,726552.0418,R6_F6_m6f6_P6_Y3_UO111,R6_F6_m-1f-1_P6_Y-1_U70,R6_F6_m6f6_P6_Y1_UO19,FXX,1,52.07827612167241,0,0,0.0,0,0,0,-9999.0,0.375,1,P5_CV0,3,0,2,1,1
6,2545325.475,726552.0418,R6_F6_m6f6_P6_Y3_UO112,R6_F6_m-1f-1_P6_Y-1_U70,R6_F6_m6f6_P6_Y1_UO19,FXX,1,52.07827612167241,0,0,0.0,0,0,0,-9999.0,0.375,1,P5_CV0,3,0,2,1,1
6,2545325.475,726552.0418,R6_F6_m6f6_P6_Y3_UO122,R6_F6_m6f6_P6_Y0_UO630,R6_F6_m-1f-1_P6_Y-1_U53,MXY,1,52.07827612167241,0,0,0.0,0,0,0,-9999.0,0.625,1,P5_CV0,3,2,0,1,1
6,2545325.475,726552.0418,R6_F6_m6f6_P6_Y3_UO123,R6_F6_m6f6_P6_Y0_UO630,R6_F6_m-1f-1_P6_Y-1_U53,MXY,1,52.07827612167241,0,0,0.0,0,0,0,-9999.0,0.625,1,P5_CV0,3,1,1,1,1
6,2545325.475,726552.0418,R6_F6_m6f6_P6_Y3_UO124,R6_F6_m6f6_P6_Y0_UO630,R6_F6_m-1f-1_P6_Y-1_U53,FXX,1,52.07827612167241,0,0,0.0,0,0,0,-9999.0,0.625,1,P5_CV0,3,2,0,1,1
6,2545325.475,726552.0418,R6_F6_m6f6_P6_Y3_UO176,R6_F6_m6f6_P6_Y1_UO324,R6_F6_m6f6_P6_Y0_UO525,FXX,1,52.07827612167241,0,0,0.0,0,0,0,-9999.0,0.125,1,P5_CV0,3,0,2,0,2
6,2545325.475,726552.0418,R6_F6_m6f6_P6_Y3_UO177,R6_F6_m6f6_P6_Y1_UO324,R6_F6_m6f6_P6_Y0_UO525,MXY,1,52.07827612167241,0,0,0.0,0,0,0,-9999.0,0.125,1,P5_CV0,3,1,1,1,1
6,2545325.475,726552.0418,R6_F6_m6f6_P6_Y3_UO178,R6_F6_m6f6_P6_Y1_UO324,R6_F6_m6f6_P6_Y0_UO525,MXY,1,52.07827612167241,0,0,0.0,0,0,0,-9999.0,0.125,1,P5_CV0,3,0,2,1,1
6,2545325.475,726552.0418,R6_F6_m6f6_P6_Y3_UO181,R6_F6_m3f3_P3_Y1_UO541,R6_F6_m6f6_P6_Y0_UO431,MXY,1,52.07827612167241,0,0,0.0,0,0,0,-9999.0,0.125,1,P5_CV0,3,1,1,0,2
6,2545325.475,726552.0418,R6_F6_m6f6_P6_Y3_UO187,R6_F6_m6f6_P6_Y1_UO324,R6_F6_m6f6_P6_Y0_UO5,FXX,1,52.07827612167241,0,0,0.0,0,0,0,-9999.0,0.5,1,P5_CV0,3,1,1,0,2
6,2545325.475,726552.0418,R6_F6_m6f6_P6_Y3_UO188,R6_F6_m6f6_P6_Y1_UO324,R6_F6_m6f6_P6_Y0_UO5,FXX,1,52.07827612167241,0,0,0.0,0,0,0,-9999.0,0.5,1,P5_CV0,3,1,1,0,2
6,2545325.475,726552.0418,R6_F6_m6f6_P6_Y3_UO189,R6_F6_m6f6_P6_Y1_UO324,R6_F6_m6f6_P6_Y0_UO5,FXX,1,52.07827612167241,0,0,0.0,0,0,0,-9999.0,0.5,1,P5_CV0,3,2,0,0,2
6,2545325.475,726552.0418,R6_F6_m6f6_P6_Y3_UO202,R6_F6_m6f6_P6_Y1_UO299,R6_F6_m6f6_P6_Y1_UO35,MXY,1,52.07827612167241,0,0,0.0,0,0,0,-9999.0,0.125,1,P5_CV0,3,0,2,2,0
6,2545325.475,726552.0418,R6_F6_m6f6_P6_Y3_UO203,R6_F6_m6f6_P6_Y1_UO299,R6_F6_m6f6_P6_Y1_UO35,FXX,1,52.07827612167241,0,0,0.0,0,0,0,-9999.0,0.125,1,P5_CV0,3,1,1,2,0
6,2545325.475,726552.0418,R6_F6_m6f6_P6_Y3_UO206,R6_F6_m6f6_P6_Y1_UO227,R6_F6_m6f6_P6_Y0_UO525,MXY,1,52.07827612167241,0,0,0.0,0,0,0,-9999.0,0.25,1,P5_CV0,3,1,1,1,1
6,2545325.475,726552.0418,R6_F6_m6f6_P6_Y3_UO207,R6_F6_m6f6_P6_Y1_UO227,R6_F6_m6f6_P6_Y0_UO525,FXX,1,52.07827612167241,0,0,0.0,0,0,0,-9999.0,0.25,1,P5_CV0,3,1,1,0,2
6,2545325.475,726552.0418,R6_F6_m6f6_P6_Y3_UO208,R6_F6_m6f6_P6_Y1_UO227,R6_F6_m6f6_P6_Y0_UO525,FXX,1,52.07827612167241,0,0,0.0,0,0,0,-9999.0,0.25,1,P5_CV0,3,1,1,1,1
6,2545325.475,726552.0418,R6_F6_m6f6_P6_Y3_UO212,R6_F6_m6f6_P6_Y1_UO405,R6_F6_m-1f-1_P6_Y-1_U97,FXX,1,52.07827612167241,0,0,0.0,0,0,0,-9999.0,0.375,1,P5_CV0,3,0,2,1,1
6,2545325.475,726552.0418,R6_F6_m6f6_P6_Y3_UO213,R6_F6_m6f6_P6_Y1_UO405,R6_F6_m-1f-1_P6_Y-1_U97,FXX,1,52.07827612167241,0,0,0.0,0,0,0,-9999.0,0.375,1,P5_CV0,3,1,1,1,1
6,2545325.475,726552.0418,R6_F6_m6f6_P6_Y3_UO214,R6_F6_m6f6_P6_Y1_UO405,R6_F6_m-1f-1_P6_Y-1_U97,MXY,1,52.07827612167241,0,0,0.0,0,0,0,-9999.0,0.375,1,P5_CV0,3,0,2,0,2
6,2545325.475,726552.0418,R6_F6_m6f6_P6_Y3_UO215,R6_F6_m6f6_P6_Y1_UO405,R6_F6_m-1f-1_P6_Y-1_U97,MXY,1,52.07827612167241,0,0,0.0,0,0,0,-9999.0,0.375,1,P5_CV0,3,0,2,1,1
6,2545325.475,726552.0418,R6_F6_m6f6_P6_Y3_UO234,R6_F6_m6f6_P6_Y1_UO405,R6_F6_m6f6_P6_Y1_UO221,FXX,1,52.07827612167241,0,0,0.0,0,0,0,-9999.0,0.5,1,P5_CV0,3,1,1,0,2
6,2545325.475,726552.0418,R6_F6_m6f6_P6_Y3_UO235,R6_F6_m6f6_P6_Y1_UO405,R6_F6_m6f6_P6_Y1_UO221,MXY,1,52.07827612167241,0,0,0.0,0,0,0,-9999.0,0.5,1,P5_CV0,3,1,1,1,1
6,2545325.475,726552.0418,R6_F6_m6f6_P6_Y3_UO244,R6_F6_m6f6_P6_Y1_UO37,I6_F7_m6f6_P6_Y1_UO481,FXX,1,52.07827612167241,0,0,0.0,0,0,0,-9999.0,0.25,1,P5_CV0,3,1,1,2,0
6,2545325.475,726552.0418,R6_F6_m6f6_P6_Y3_UO245,R6_F6_m6f6_P6_Y1_UO37,I6_F7_m6f6_P6_Y1_UO481,MXY,1,52.07827612167241,0,0,0.0,0,0,0,-9999.0,0.25,1,P5_CV0,3,1,1,2,0
6,2545325.475,726552.0418,R6_F6_m6f6_P6_Y3_UO246,R6_F6_m6f6_P6_Y1_UO37,I6_F7_m6f6_P6_Y1_UO481,MXY,1,52.07827612167241,0,0,0.0,0,0,0,-9999.0,0.25,1,P5_CV0,3,1,1,2,0
6,2545325.475,726552.0418,R6_F6_m6f6_P6_Y3_UO252,R6_F6_m6f6_P6_Y1_UO37,R6_F6_m6f6_P6_Y0_UO284,MXY,1,52.07827612167241,0,0,0.0,0,0,0,-9999.0,0.125,1,P5_CV0,3,2,0,2,0
6,2545325.475,726552.0418,R6_F6_m6f6_P6_Y3_UO253,R6_F6_m6f6_P6_Y1_UO37,R6_F6_m6f6_P6_Y0_UO284,FXX,1,52.07827612167241,0,0,0.0,0,0,0,-9999.0,0.125,1,P5_CV0,3,2,0,2,0
6,2545325.475,726552.0418,R6_F6_m6f6_P6_Y3_UO254,R6_F6_m6f6_P6_Y1_UO37,R6_F6_m6f6_P6_Y0_UO284,FXX,1,52.07827612167241,0,0,0.0,0,0,0,-9999.0,0.125,1,P5_CV0,3,2,0,2,0
6,2545325.475,726552.0418,R6_F6_m6f6_P6_Y3_UO255,R6_F6_m6f6_P6_Y0_UO763,R6_F6_m6f6_P6_Y1_UO474,MXY,1,52.07827612167241,0,0,0.0,0,0,0,-9999.0,0.25,1,P5_CV0,3,1,1,2,0
6,2545325.475,726552.0418,R6_F6_m6f6_P6_Y3_UO261,R6_F6_m-1f-1_P6_Y-1_U15,R6_F6_m6f6_P6_Y0_UO431,FXX,1,52.07827612167241,0,0,0.0,0,0,0,-9999.0,0.5,1,P5_CV0,3,2,0,0,2
6,2545325.475,726552.0418,R6_F6_m6f6_P6_Y3_UO262,R6_F6_m-1f-1_P6_Y-1_U15,R6_F6_m6f6_P6_Y0_UO431,FXX,1,52.07827612167241,0,0,0.0,0,0,0,-9999.0,0.5,1,P5_CV0,3,2,0,0,2
6,2545325.475,726552.0418,R6_F6_m6f6_P6_Y3_UO263,R6_F6_m-1f-1_P6_Y-1_U15,R6_F6_m6f6_P6_Y0_UO431,MXY,1,52.07827612167241,0,0,0.0,0,0,0,-9999.0,0.5,1,P5_CV0,3,2,0,0,2
6,2545325.475,726552.0418,R6_F6_m6f6_P6_Y3_UO264,R6_F6_m-1f-1_P6_Y-1_U15,R6_F6_m6f6_P6_Y0_UO431,FXX,1,52.07827612167241,0,0,0.0,0,0,0,-9999.0,0.5,1,P5_CV0,3,2,0,0,2
6,2545325.475,726552.0418,R6_F6_m6f6_P6_Y3_UO265,R6_F6_m-1f-1_P6_Y-1_U15,R6_F6_m6f6_P6_Y0_UO431,FXX,1,52.07827612167241,0,0,0.0,0,0,0,-9999.0,0.5,1,P5_CV0,3,2,0,0,2
6,2545325.475,726552.0418,R6_F6_m6f6_P6_Y3_UO266,R6_F6_m-1f-1_P6_Y-1_U15,R6_F6_m6f6_P6_Y0_UO431,MXY,1,52.07827612167241,0,0,0.0,0,0,0,-9999.0,0.5,1,P5_CV0,3,2,0,0,2
6,2545325.475,726552.0418,R6_F6_m6f6_P6_Y3_UO269,R6_F6_m6f6_P6_Y0_UO560,R6_F6_m6f6_P6_Y1_UO329,MXY,1,52.07827612167241,0,0,0.0,0,0,0,-9999.0,0.25,1,P5_CV0,3,0,2,2,0
6,2545325.475,726552.0418,R6_F6_m6f6_P6_Y3_UO294,R6_F6_m6f6_P6_Y1_UO247,R6_F6_m6f6_P6_Y1_UO323,MXY,1,52.07827612167241,0,0,0.0,0,0,0,-9999.0,0.625,1,P5_CV0,3,1,1,0,2
6,2545325.475,726552.0418,R6_F6_m6f6_P6_Y3_UO295,R6_F6_m6f6_P6_Y1_UO247,R6_F6_m6f6_P6_Y1_UO323,MXY,1,52.07827612167241,0,0,0.0,0,0,0,-9999.0,0.625,1,P5_CV0,3,2,0,0,2
6,2545325.475,726552.0418,R6_F6_m6f6_P6_Y3_UO307,R6_F6_m3f3_P3_Y1_UO541,R6_F6_m6f6_P6_Y1_UO347,MXY,1,52.07827612167241,0,0,0.0,0,0,0,-9999.0,0.25,1,P5_CV0,3,2,0,1,1
6,2545325.475,726552.0418,R6_F6_m6f6_P6_Y3_UO308,R6_F6_m3f3_P3_Y1_UO541,R6_F6_m6f6_P6_Y1_UO347,MXY,1,52.07827612167241,0,0,0.0,0,0,0,-9999.0,0.25,1,P5_CV0,3,1,1,1,1
6,2545325.475,726552.0418,R6_F6_m6f6_P6_Y3_UO311,R6_F6_m6f6_P6_Y0_UO560,R6_F6_m6f6_P6_Y1_UO275,MXY,1,52.07827612167241,0,0,0.0,0,0,0,-9999.0,0.625,1,P5_CV0,3,0,2,1,1
6,2545325.475,726552.0418,R6_F6_m6f6_P6_Y3_UO326,R6_F6_m6f6_P6_Y1_UO160,R6_F6_m6f6_P6_Y0_UO233,MXY,1,52.07827612167241,0,0,0.0,0,0,0,-9999.0,0.625,1,P5_CV0,3,2,0,1,1
6,2545325.475,726552.0418,R6_F6_m6f6_P6_Y3_UO334,R6_F6_m-1f-1_P6_Y-1_U118,R6_F6_m6f6_P6_Y0_UO431,MXY,1,52.07827612167241,0,0,0.0,0,0,0,-9999.0,0.0,1,P5_CV0,3,1,1,0,2
6,2545325.475,726552.0418,R6_F6_m6f6_P6_Y3_UO335,R6_F6_m-1f-1_P6_Y-1_U118,R6_F6_m6f6_P6_Y0_UO431,FXX,1,52.07827612167241,0,0,0.0,0,0,0,-9999.0,0.0,1,P5_CV0,3,1,1,0,2
6,2545325.475,726552.0418,R6_F6_m6f6_P6_Y3_UO374,R6_F6_m6f6_P6_Y1_UO495,R6_F6_m6f6_P6_Y1_UO275,MXY,1,52.07827612167241,0,0,0.0,0,0,0,-9999.0,0.625,1,P5_CV0,3,0,2,2,0
6,2545325.475,726552.0418,R6_F6_m6f6_P6_Y3_UO375,R6_F6_m6f6_P6_Y1_UO495,R6_F6_m6f6_P6_Y1_UO275,FXX,1,52.07827612167241,0,0,0.0,0,0,0,-9999.0,0.625,1,P5_CV0,3,0,2,1,1
6,2545325.475,726552.0418,R6_F6_m6f6_P6_Y3_UO376,R6_F6_m6f6_P6_Y0_UO524,R6_F6_m6f6_P6_Y1_UO329,MXY,1,52.07827612167241,0,0,0.0,0,0,0,-9999.0,0.0,1,P5_CV0,3,0,2,2,0
6,2545325.475,726552.0418,R6_F6_m6f6_P6_Y3_UO380,R6_F6_m6f6_P6_Y1_UO24,R6_F6_m6f6_P6_Y0_UO5,MXY,1,52.07827612167241,0,0,0.0,0,0,0,-9999.0,0.75,1,P5_CV0,3,1,1,2,0
6,2545325.475,726552.0418,R6_F6_m6f6_P6_Y3_UO381,R6_F6_m6f6_P6_Y1_UO24,R6_F6_m6f6_P6_Y0_UO5,FXX,1,52.07827612167241,0,0,0.0,0,0,0,-9999.0,0.75,1,P5_CV0,3,2,0,0,2
6,2545325.475,726552.0418,R6_F6_m6f6_P6_Y3_UO382,R6_F6_m6f6_P6_Y1_UO25,R6_F6_m6f6_P6_Y1_UO20,FXX,1,52.07827612167241,0,0,0.0,0,0,0,-9999.0,0.5,1,P5_CV0,3,1,1,2,0
6,2545325.475,726552.0418,R6_F6_m6f6_P6_Y3_UO383,R6_F6_m6f6_P6_Y1_UO25,R6_F6_m6f6_P6_Y1_UO20,FXX,1,52.07827612167241,0,0,0.0,0,0,0,-9999.0,0.5,1,P5_CV0,3,1,1,2,0
6,2545325.475,726552.0418,R6_F6_m6f6_P6_Y3_UO388,R6_F6_m6f6_P6_Y1_UO186,R6_F6_m6f6_P6_Y1_UO20,MXY,1,52.07827612167241,0,0,0.0,0,0,0,-9999.0,0.375,1,P5_CV0,3,2,0,1,1
6,2545325.475,726552.0418,R6_F6_m6f6_P6_Y3_UO389,R6_F6_m6f6_P6_Y1_UO186,R6_F6_m6f6_P6_Y1_UO20,FXX,1,52.07827612167241,0,0,0.0,0,0,0,-9999.0,0.375,1,P5_CV0,3,2,0,1,1
6,2545325.475,726552.0418,R6_F6_m6f6_P6_Y3_UO390,R6_F6_m6f6_P6_Y1_UO186,R6_F6_m6f6_P6_Y1_UO20,FXX,1,52.07827612167241,0,0,0.0,0,0,0,-9999.0,0.375,1,P5_CV0,3,2,0,0,2
6,2545325.475,726552.0418,R6_F6_m6f6_P6_Y3_UO414,R6_F6_m6f6_P6_Y1_UO112,R6_F6_m-1f-1_P6_Y-1_U29,MXY,1,52.07827612167241,0,0,0.0,0,0,0,-9999.0,0.25,1,P5_CV0,3,1,1,1,1
6,2545325.475,726552.0418,R6_F6_m6f6_P6_Y3_UO460,R6_F6_m6f6_P6_Y0_UO322,R6_F6_m6f6_P6_Y1_UO275,FXX,1,52.07827612167241,0,0,0.0,0,0,0,-9999.0,0.5,1,P5_CV0,3,1,1,1,1
6,2545325.475,726552.0418,R6_F6_m6f6_P6_Y3_UO461,R6_F6_m6f6_P6_Y0_UO322,R6_F6_m6f6_P6_Y1_UO275,MXY,1,52.07827612167241,0,0,0.0,0,0,0,-9999.0,0.5,1,P5_CV0,3,2,0,1,1
6,2545325.475,726552.0418,R6_F6_m6f6_P6_Y3_UO480,R6_F6_m-1f-1_P6_Y-1_U118,R6_F6_m6f6_P6_Y0_UO501,FXX,1,52.07827612167241,0,0,0.0,0,0,0,-9999.0,0.125,1,P5_CV0,3,0,2,1,1
6,2545325.475,726552.0418,R6_F6_m6f6_P6_Y3_UO481,R6_F6_m-1f-1_P6_Y-1_U118,R6_F6_m6f6_P6_Y0_UO501,FXX,1,52.07827612167241,0,0,0.0,0,0,0,-9999.0,0.125,1,P5_CV0,3,1,1,2,0
6,2545325.475,726552.0418,R6_F6_m6f6_P6_Y3_UO482,R6_F6_m-1f-1_P6_Y-1_U118,R6_F6_m6f6_P6_Y0_UO501,MXY,1,52.07827612167241,0,0,0.0,0,0,0,-9999.0,0.125,1,P5_CV0,3,0,2,1,1
6,2545325.475,726552.0418,R6_F6_m6f6_P6_Y3_UO483,R6_F6_m-1f-1_P6_Y-1_U118,R6_F6_m6f6_P6_Y0_UO501,MXY,1,52.07827612167241,0,0,0.0,0,0,0,-9999.0,0.125,1,P5_CV0,3,1,1,1,1
6,2545325.475,726552.0418,R6_F6_m6f6_P6_Y3_UO502,R6_F6_m6f6_P6_Y1_UO472,R6_F6_m6f6_P6_Y0_UO431,MXY,1,52.07827612167241,0,0,0.0,0,0,0,-9999.0,0.125,1,P5_CV0,3,1,1,1,1
6,2545325.475,726552.0418,R6_F6_m6f6_P6_Y3_UO503,R6_F6_m6f6_P6_Y1_UO472,R6_F6_m6f6_P6_Y0_UO431,FXX,1,52.07827612167241,0,0,0.0,0,0,0,-9999.0,0.125,1,P5_CV0,3,1,1,1,1
6,2545325.475,726552.0418,R6_F6_m6f6_P6_Y3_UO504,R6_F6_m6f6_P6_Y1_UO472,R6_F6_m6f6_P6_Y0_UO431,MXY,1,52.07827612167241,0,0,0.0,0,0,0,-9999.0,0.125,1,P5_CV0,3,1,1,1,1
6,2545325.475,726552.0418,R6_F6_m6f6_P6_Y3_UO513,R6_F6_m6f6_P6_Y1_UO299,R6_F6_m6f6_P6_Y0_UO265,MXY,1,52.07827612167241,0,0,0.0,0,0,0,-9999.0,0.375,1,P5_CV0,3,1,1,0,2
6,2545325.475,726552.0418,R6_F6_m6f6_P6_Y3_UO514,R6_F6_m6f6_P6_Y1_UO299,R6_F6_m6f6_P6_Y0_UO265,FXX,1,52.07827612167241,0,0,0.0,0,0,0,-9999.0,0.375,1,P5_CV0,3,1,1,0,2
6,2545325.475,726552.0418,R6_F6_m6f6_P6_Y3_UO541,R6_F6_m6f6_P6_Y0_UO630,R6_F6_m6f6_P6_Y1_UO471,FXX,1,52.07827612167241,0,0,0.0,0,0,0,-9999.0,0.5,1,P5_CV0,3,2,0,2,0
6,2545325.475,726552.0418,R6_F6_m6f6_P6_Y3_UO542,R6_F6_m6f6_P6_Y0_UO630,R6_F6_m6f6_P6_Y1_UO471,FXX,1,52.07827612167241,0,0,0.0,0,0,0,-9999.0,0.5,1,P5_CV0,3,2,0,2,0
6,2545325.475,726552.0418,R6_F6_m6f6_P6_Y3_UO543,R6_F6_m6f6_P6_Y0_UO630,R6_F6_m6f6_P6_Y1_UO471,FXX,1,52.07827612167241,0,0,0.0,0,0,0,-9999.0,0.5,1,P5_CV0,3,1,1,2,0
6,2545325.475,726552.0418,R6_F6_m6f6_P6_Y3_UO544,R6_F6_m6f6_P6_Y0_UO630,R6_F6_m6f6_P6_Y1_UO471,MXY,1,52.07827612167241,0,0,0.0,0,0,0,-9999.0,0.5,1,P5_CV0,3,1,1,2,0
6,2545325.475,726552.0418,R6_F6_m6f6_P6_Y3_UO553,R6_F6_m6f6_P6_Y1_UO167,R6_F6_m6f6_P6_Y1_UO422,FXX,1,52.07827612167241,0,0,0.0,0,0,0,-9999.0,0.25,1,P5_CV0,3,0,2,0,2
6,2545325.475,726552.0418,R6_F6_m6f6_P6_Y3_UO554,R6_F6_m6f6_P6_Y1_UO484,R6_F6_m6f6_P6_Y0_UO840,FXX,1,52.07827612167241,0,0,0.0,0,0,0,-9999.0,0.375,1,P5_CV0,3,2,0,2,0
6,2545325.475,726552.0418,R6_F6_m6f6_P6_Y3_UO555,R6_F6_m6f6_P6_Y1_UO484,R6_F6_m6f6_P6_Y0_UO840,FXX,1,52.07827612167241,0,0,0.0,0,0,0,-9999.0,0.375,1,P5_CV0,3,0,2,2,0
6,2545325.475,726552.0418,R6_F6_m6f6_P6_Y3_UO556,R6_F6_m6f6_P6_Y1_UO484,R6_F6_m6f6_P6_Y0_UO840,FXX,1,52.07827612167241,0,0,0.0,0,0,0,-9999.0,0.375,1,P5_CV0,3,1,1,1,1
6,2545325.475,726552.0418,R6_F6_m6f6_P6_Y3_UO562,R6_F6_m6f6_P6_Y1_UO167,R6_F6_m-1f-1_P6_Y-1_U39,FXX,1,52.07827612167241,0,0,0.0,0,0,0,-9999.0,0.5,1,P5_CV0,3,1,1,1,1
6,2545325.475,726552.0418,R6_F6_m6f6_P6_Y3_UO591,R6_F6_m6f6_P6_Y1_UO247,R6_F6_m6f6_P6_Y1_UO490,FXX,1,52.07827612167241,0,0,0.0,0,0,0,-9999.0,0.625,1,P5_CV0,3,1,1,0,2
6,2545325.475,726552.0418,R6_F6_m6f6_P6_Y3_UO592,R6_F6_m6f6_P6_Y1_UO247,R6_F6_m6f6_P6_Y1_UO490,MXY,1,52.07827612167241,0,0,0.0,0,0,0,-9999.0,0.625,1,P5_CV0,3,1,1,0,2
6,2545325.475,726552.0418,R6_F6_m6f6_P6_Y3_UO619,R6_F6_m6f6_P6_Y0_UO630,R6_F6_m5f5_P5_Y1_UO233,FXX,1,52.07827612167241,0,0,0.0,0,0,0,-9999.0,0.75,1,P5_CV0,3,2,0,2,0
6,2545325.475,726552.0418,R6_F6_m6f6_P6_Y3_UO620,R6_F6_m-1f-1_P6_Y-1_U15,R6_F6_m6f6_P6_Y1_UO323,FXX,1,52.07827612167241,0,0,0.0,0,0,0,-9999.0,0.75,1,P5_CV0,3,1,1,0,2
6,2545325.475,726552.0418,R6_F6_m6f6_P6_Y3_UO621,R6_F6_m-1f-1_P6_Y-1_U15,R6_F6_m6f6_P6_Y1_UO323,MXY,1,52.07827612167241,0,0,0.0,0,0,0,-9999.0,0.75,1,P5_CV0,3,1,1,0,2
6,2545325.475,726552.0418,R6_F6_m6f6_P6_Y3_UO622,R6_F6_m-1f-1_P6_Y-1_U15,R6_F6_m6f6_P6_Y1_UO323,MXY,1,52.07827612167241,0,0,0.0,0,0,0,-9999.0,0.75,1,P5_CV0,3,2,0,0,2
6,2545325.475,726552.0418,R6_F6_m6f6_P6_Y3_UO623,R6_F6_m-1f-1_P6_Y-1_U15,R6_F6_m6f6_P6_Y1_UO323,MXY,1,52.07827612167241,0,0,0.0,0,0,0,-9999.0,0.75,1,P5_CV0,3,1,1,0,2
6,2545325.475,726552.0418,R6_F6_m6f6_P6_Y3_UO624,R6_F6_m-1f-1_P6_Y-1_U15,R6_F6_m6f6_P6_Y1_UO323,MXY,1,52.07827612167241,0,0,0.0,0,0,0,-9999.0,0.75,1,P5_CV0,3,1,1,0,2
6,2545325.475,726552.0418,R6_F6_m6f6_P6_Y2_UO408,R6_F6_m6f6_P6_Y0_UO263,R6_F6_m6f6_P6_Y0_UO501,MXY,2,88.03373289986413,1,0,0.0,0,0,0,-9999.0,0.5,1,P5_CV0,3,1,1,1,1
6,2545325.475,726552.0418,R6_F6_m6f6_P6_Y2_UO635,R6_F6_m6f6_P6_Y0_UO558,R6_F6_m6f6_P6_Y0_UO64,MXY,2,88.03373289986413,1,0,0.0,0,0,0,-9999.0,0.625,1,P5_CV0,3,0,2,1,1
6,2545325.475,726552.0418,R6_F6_m6f6_P6_Y2_UO636,R6_F6_m-1f-1_P6_Y-1_U57,R6_F6_m-1f-1_P6_Y-1_U29,MXY,2,88.03373289986413,1,0,0.0,0,0,0,-9999.0,0.75,1,P5_CV0,3,2,0,0,2
6,2545325.475,726552.0418,R6_F6_m6f6_P6_Y2_UO407,R6_F6_m6f6_P6_Y0_UO263,R6_F6_m6f6_P6_Y0_UO501,FXX,2,88.03373289986413,1,0,1.0,0,0,0,-9999.0,0.5,1,P5_CV0,3,0,2,1,1
6,2545325.475,726552.0418,R6_F6_m6f6_P6_Y2_UO47,R6_F6_m6f6_P6_Y0_UO176,I6_F7_m-1f-1_P6_Y-1_U104,MXY,2,88.03373289986413,1,0,0.0,0,0,0,-9999.0,0.25,1,P5_CV0,3,1,1,0,2
6,2545325.475,726552.0418,R6_F6_m6f6_P6_Y2_UO420,R6_F6_m-1f-1_P6_Y-1_U101,R6_F6_m-1f-1_P6_Y-1_U97,FXX,2,88.03373289986413,1,0,1.421,0,0,0,-9999.0,0.5,1,P5_CV0,3,1,1,0,2
6,2545325.475,726552.0418,R6_F6_m6f6_P6_Y2_UO609,R6_F6_m-1f-1_P6_Y-1_U5,R6_F6_m-1f-1_P6_Y-1_U59,FXX,2,88.03373289986413,1,0,1.0,0,0,0,-9999.0,0.25,1,P5_CV0,3,1,1,1,1
6,2545325.475,726552.0418,R6_F6_m6f6_P6_Y2_UO562,R6_F6_m6f6_P6_Y0_UO263,R6_F6_m-1f-1_P6_Y-1_U81,FXX,2,88.03373289986413,1,0,1.888,0,0,0,-9999.0,0.875,1,P5_CV0,3,1,1,1,1
6,2545325.475,726552.0418,R6_F6_m6f6_P6_Y2_UO363,R6_F6_m6f6_P6_Y0_UO382,R6_F6_m-1f-1_P6_Y-1_U33,MXY,2,88.03373289986413,1,0,0.0,0,0,0,-9999.0,0.5,1,P5_CV0,3,0,2,0,2
6,2545325.475,726552.0418,R6_F6_m6f6_P6_Y2_UO547,R6_F6_m-1f-1_P6_Y-1_U129,R6_F6_m-1f-1_P6_Y-1_U41,MXY,2,88.03373289986413,1,0,0.0,0,0,0,-9999.0,0.5,1,P5_CV0,3,1,1,1,1
6,2545325.475,726552.0418,R6_F6_m6f6_P6_Y2_UO359,R6_F6_m-1f-1_P6_Y-1_U116,R6_F6_m-1f-1_P6_Y-1_U81,MXY,2,88.03373289986413,1,0,0.0,0,0,0,-9999.0,0.5,1,P5_CV0,3,1,1,2,0
6,2545325.475,726552.0418,R6_F6_m6f6_P6_Y2_UO428,R6_F6_m-1f-1_P6_Y-1_U15,R6_F6_m6f6_P6_Y0_UO265,MXY,2,88.03373289986413,1,0,0.0,0,0,0,-9999.0,0.875,1,P5_CV0,3,2,0,1,1
6,2545325.475,726552.0418,R6_F6_m6f6_P6_Y2_UO326,R6_F6_m-1f-1_P6_Y-1_U57,R6_F6_m-1f-1_P6_Y-1_U97,FXX,2,88.03373289986413,1,0,1.0,0,0,0,-9999.0,0.5,1,P5_CV0,3,1,1,0,2
6,2545325.475,726552.0418,R6_F6_m6f6_P6_Y2_UO192,R6_F6_m-1f-1_P6_Y-1_U111,R6_F6_m-1f-1_P6_Y-1_U33,FXX,2,88.03373289986413,1,0,2.262,0,0,0,-9999.0,0.75,1,P5_CV0,3,2,0,1,1
6,2545325.475,726552.0418,R6_F6_m6f6_P6_Y2_UO149,R6_F6_m-1f-1_P6_Y-1_U83,R6_F6_m-1f-1_P6_Y-1_U97,MXY,2,88.03373289986413,1,0,0.0,0,0,0,-9999.0,0.5,1,P5_CV0,3,1,1,1,1
6,2545325.475,726552.0418,R6_F6_m6f6_P6_Y2_UO148,R6_F6_m-1f-1_P6_Y-1_U83,R6_F6_m-1f-1_P6_Y-1_U97,MXY,2,88.03373289986413,1,0,0.0,0,0,0,-9999.0,0.5,1,P5_CV0,3,1,1,2,0
6,2545325.475,726552.0418,R6_F6_m6f6_P6_Y2_UO431,R6_F6_m-1f-1_P6_Y-1_U15,R6_F6_m6f6_P6_Y0_UO265,FXX,2,88.03373289986413,1,0,1.872,0,0,0,-9999.0,0.875,1,P5_CV0,3,1,1,1,1
6,2545325.475,726552.0418,R6_F6_m6f6_P6_Y2_UO584,R6_F6_m6f6_P6_Y0_UO263,R6_F6_m6f6_P6_Y0_UO0,MXY,2,88.03373289986413,1,0,0.0,0,0,0,-9999.0,0.375,1,P5_CV0,3,1,1,1,1
6,2545325.475,726552.0418,R6_F6_m6f6_P6_Y2_UO426,R6_F6_m-1f-1_P6_Y-1_U15,R6_F6_m6f6_P6_Y0_UO265,MXY,2,88.03373289986413,1,0,0.0,0,0,0,-9999.0,0.875,1,P5_CV0,3,1,1,1,1
6,2545325.475,726552.0418,R6_F6_m6f6_P6_Y2_UO455,R6_F6_m-1f-1_P6_Y-1_U129,R6_F6_m-1f-1_P6_Y-1_U11,FXX,2,88.03373289986413,1,0,1.868,0,0,0,-9999.0,0.5,1,P5_CV0,3,2,0,0,2
6,2545325.475,726552.0418,R6_F6_m6f6_P6_Y2_UO361,R6_F6_m-1f-1_P6_Y-1_U116,R6_F6_m-1f-1_P6_Y-1_U81,FXX,2,88.03373289986413,1,0,1.144,0,0,0,-9999.0,0.5,1,P5_CV0,3,1,1,2,0
6,2545325.475,726552.0418,R6_F6_m6f6_P6_Y2_UO757,R6_F6_m-1f-1_P6_Y-1_U83,R6_F6_m-1f-1_P6_Y-1_U121,MXY,2,88.03373289986413,1,0,0.0,0,0,0,-9999.0,0.75,1,P5_CV0,3,1,1,0,2
6,2545325.475,726552.0418,R6_F6_m6f6_P6_Y2_UO398,R6_F6_m6f6_P6_Y0_UO586,R6_F6_m6f6_P6_Y0_UO431,FXX,2,88.03373289986413,1,0,1.409,0,0,0,-9999.0,0.125,1,P5_CV0,3,1,1,0,2
6,2545325.475,726552.0418,R6_F6_m6f6_P6_Y2_UO98,I6_F7_m-1f-1_P6_Y-1_U118,R6_F6_m-1f-1_P6_Y-1_U59,FXX,2,88.03373289986413,1,0,2.178,0,0,0,-9999.0,0.0,1,P5_CV0,3,0,2,2,0
6,2545325.475,726552.0418,R6_F6_m6f6_P6_Y2_UO558,R6_F6_m6f6_P6_Y0_UO558,R6_F6_m6f6_P6_Y0_UO64,FXX,2,88.03373289986413,1,0,2.906,0,0,0,-9999.0,0.625,1,P5_CV0,3,0,2,1,1
6,2545325.475,726552.0418,R6_F6_m6f6_P6_Y2_UO429,R6_F6_m-1f-1_P6_Y-1_U15,R6_F6_m6f6_P6_Y0_UO265,FXX,2,88.03373289986413,1,0,2.208,0,0,0,-9999.0,0.875,1,P5_CV0,3,1,1,0,2
6,2545325.475,726552.0418,R6_F6_m6f6_P6_Y2_UO568,R6_F6_m6f6_P6_Y0_UO340,R6_F6_m-1f-1_P6_Y-1_U59,MXY,2,88.03373289986413,1,0,0.0,0,0,0,-9999.0,0.125,1,P5_CV0,3,1,1,0,2
6,2545325.475,726552.0418,R6_F6_m6f6_P6_Y2_UO586,R6_F6_m6f6_P6_Y0_UO263,R6_F6_m6f6_P6_Y0_UO0,FXX,2,88.03373289986413,1,0,1.0,0,0,0,-9999.0,0.375,1,P5_CV0,3,2,0,0,2
6,2545325.475,726552.0418,R6_F6_m6f6_P6_Y2_UO193,R6_F6_m-1f-1_P6_Y-1_U111,R6_F6_m-1f-1_P6_Y-1_U33,MXY,2,88.03373289986413,1,0,0.0,0,0,0,-9999.0,0.75,1,P5_CV0,3,2,0,2,0
6,2545325.475,726552.0418,R6_F6_m6f6_P6_Y2_UO548,R6_F6_m6f6_P6_Y0_UO560,R6_F6_m6f6_P6_Y0_UO801,MXY,2,88.03373289986413,1,0,0.0,0,0,0,-9999.0,0.375,1,P5_CV0,3,0,2,2,0
6,2545325.475,726552.0418,R6_F6_m6f6_P6_Y2_UO362,R6_F6_m6f6_P6_Y0_UO382,R6_F6_m-1f-1_P6_Y-1_U33,MXY,2,88.03373289986413,1,0,0.0,0,0,0,-9999.0,0.5,1,P5_CV0,3,0,2,1,1
6,2545325.475,726552.0418,R6_F6_m6f6_P6_Y2_UO386,R6_F6_m6f6_P6_Y0_UO176,R6_F6_m-1f-1_P6_Y-1_U81,MXY,2,88.03373289986413,1,0,0.0,0,0,0,-9999.0,0.5,1,P5_CV0,3,1,1,2,0
6,2545325.475,726552.0418,R6_F6_m6f6_P6_Y2_UO464,R6_F6_m-1f-1_P6_Y-1_U57,R6_F6_m-1f-1_P6_Y-1_U59,FXX,2,88.03373289986413,1,0,0.0,0,0,0,-9999.0,0.5,1,P5_CV0,3,1,1,1,1
6,2545325.475,726552.0418,R6_F6_m6f6_P6_Y2_UO195,R6_F6_m-1f-1_P6_Y-1_U111,R6_F6_m-1f-1_P6_Y-1_U33,FXX,2,88.03373289986413,1,0,1.857,0,0,0,-9999.0,0.75,1,P5_CV0,3,1,1,2,0
6,2545325.475,726552.0418,R6_F6_m6f6_P6_Y2_UO724,R6_F6_m-1f-1_P6_Y-1_U129,R6_F6_m6f6_P6_Y0_UO801,FXX,2,88.03373289986413,1,0,1.0,0,0,0,-9999.0,0.375,1,P5_CV0,3,1,1,2,0
6,2545325.475,726552.0418,R6_F6_m6f6_P6_Y2_UO610,R6_F6_m-1f-1_P6_Y-1_U5,R6_F6_m-1f-1_P6_Y-1_U59,MXY,2,88.03373289986413,1,0,0.0,0,0,0,-9999.0,0.25,1,P5_CV0,3,0,2,1,1
6,2545325.475,726552.0418,R6_F6_m6f6_P6_Y2_UO254,R6_F6_m6f6_P6_Y0_UO735,R6_F6_m6f6_P6_Y0_UO64,MXY,2,88.03373289986413,1,0,0.0,0,0,0,-9999.0,0.625,1,P5_CV0,3,1,1,1,1
6,2545325.475,726552.0418,R6_F6_m6f6_P6_Y2_UO118,R6_F6_m-1f-1_P6_Y-1_U15,R6_F6_m-1f-1_P6_Y-1_U81,MXY,2,88.03373289986413,1,0,0.0,0,0,0,-9999.0,1.0,1,P5_CV0,3,2,0,1,1
6,2545325.475,726552.0418,R6_F6_m6f6_P6_Y2_UO427,R6_F6_m-1f-1_P6_Y-1_U15,R6_F6_m6f6_P6_Y0_UO265,FXX,2,88.03373289986413,1,0,1.0,0,0,0,-9999.0,0.875,1,P5_CV0,3,1,1,1,1
6,2545325.475,726552.0418,R6_F6_m6f6_P6_Y2_UO456,R6_F6_m-1f-1_P6_Y-1_U129,R6_F6_m-1f-1_P6_Y-1_U11,FXX,2,88.03373289986413,1,0,0.0,0,0,0,-9999.0,0.5,1,P5_CV0,3,1,1,0,2
6,2545325.475,726552.0418,R6_F6_m6f6_P6_Y2_UO153,R6_F6_m-1f-1_P6_Y-1_U83,R6_F6_m-1f-1_P6_Y-1_U97,FXX,2,88.03373289986413,1,0,2.348,0,0,0,-9999.0,0.5,1,P5_CV0,3,1,1,0,2
6,2545325.475,726552.0418,I6_F7_m6f6_P6_Y2_UO633,R6_F6_m6f6_P6_Y0_UO558,R6_F6_m6f6_P6_Y0_UO64,FXX,2,88.04285600977796,1,0,0.0,0,0,0,-9999.0,0.625,1,P5_CV0,3,0,2,1,1
6,2545325.475,726552.0418,R6_F6_m6f6_P6_Y1_UO19,R6_F6_m-1f-1_P6_Y-1_U80,R6_F6_m-1f-1_P6_Y-1_U49,MXY,3,112.88619312709505,1,0,0.0,0,0,0,-9999.0,0.25,1,P5_CV0,3,1,1,2,0
6,2545325.475,726552.0418,R6_F6_m6f6_P6_Y1_UO609,R6_F6_m-1f-1_P6_Y-1_U96,R6_F6_m-1f-1_P6_Y-1_U76,FXX,3,112.88619312709505,1,0,1.704,0,0,0,-9999.0,0.5,1,P5_CV0,3,1,1,0,2
6,2545325.475,726552.0418,R6_F6_m6f6_P6_Y1_UO118,R6_F6_m-1f-1_P6_Y-1_U95,RD6_F3_m-1f-1_P3_Y-1_U81,MXY,3,112.88619312709505,1,0,0.0,0,0,0,-9999.0,0.5,1,P5_CV0,3,2,0,2,0
6,2545325.475,726552.0418,R6_F6_m6f6_P6_Y1_UO490,R6_F6_m-1f-1_P6_Y-1_U70,R6_F6_m-1f-1_P6_Y-1_U24,MXY,3,112.88619312709505,1,0,0.0,0,0,0,-9999.0,0.5,1,P5_CV0,3,0,2,1,1
6,2545325.475,726552.0418,R6_F6_m6f6_P6_Y1_UO181,R6_F6_m-1f-1_P6_Y-1_U64,R6_F6_m-1f-1_P6_Y-1_U97,FXX,3,112.88619312709505,1,0,1.215,0,0,0,-9999.0,0.5,1,P5_CV0,3,1,1,0,2
6,2545325.475,726552.0418,R6_F6_m6f6_P6_Y1_UO20,R6_F6_m-1f-1_P6_Y-1_U80,R6_F6_m-1f-1_P6_Y-1_U49,MXY,3,112.88619312709505,1,0,0.0,0,0,0,-9999.0,0.25,1,P5_CV0,3,2,0,1,1
6,2545325.475,726552.0418,R6_F6_m6f6_P6_Y1_UO119,R6_F6_m-1f-1_P6_Y-1_U86,R6_F6_m-1f-1_P6_Y-1_U134,FXX,3,112.88619312709505,1,0,1.457,0,0,0,-9999.0,1.0,1,P5_CV0,3,1,1,1,1
6,2545325.475,726552.0418,R6_F6_m6f6_P6_Y1_UO160,R6_F6_m-1f-1_P6_Y-1_U127,R6_F6_m-1f-1_P6_Y-1_U81,FXX,3,112.88619312709505,1,0,1.225,0,0,0,-9999.0,0.75,1,P5_CV0,3,2,0,2,0
6,2545325.475,726552.0418,R6_F6_m6f6_P6_Y1_UO474,R6_F6_m-1f-1_P6_Y-1_U110,R6_F6_m-1f-1_P6_Y-1_U29,MXY,3,112.88619312709505,1,0,0.0,0,0,0,-9999.0,0.25,1,P5_CV0,3,1,1,1,1
6,2545325.475,726552.0418,R6_F6_m6f6_P6_Y1_UO524,R6_F6_m-1f-1_P6_Y-1_U0,R6_F6_m-1f-1_P6_Y-1_U84,FXX,3,112.88619312709505,1,0,2.575,0,0,0,-9999.0,0.5,1,P5_CV0,3,2,0,2,0
6,2545325.475,726552.0418,R6_F6_m6f6_P6_Y1_UO37,I6_F7_m-1f-1_P6_Y-1_U30,R6_F6_m-1f-1_P6_Y-1_U104,FXX,3,112.88619312709505,1,0,1.219,0,0,0,-9999.0,0.25,1,P5_CV0,3,2,0,2,0
6,2545325.475,726552.0418,R6_F6_m6f6_P6_Y1_UO275,R6_F6_m-1f-1_P6_Y-1_U127,R6_F6_m-1f-1_P6_Y-1_U106,MXY,3,112.88619312709505,1,0,0.0,0,0,0,-9999.0,0.75,1,P5_CV0,3,1,1,2,0
6,2545325.475,726552.0418,R6_F6_m6f6_P6_Y1_UO330,I6_F7_m-1f-1_P6_Y-1_U91,R6_F6_m-1f-1_P6_Y-1_U59,MXY,3,112.88619312709505,1,0,0.0,0,0,0,-9999.0,0.0,1,P5_CV0,3,2,0,0,2
6,2545325.475,726552.0418,R6_F6_m6f6_P6_Y1_UO79,R6_F6_m-1f-1_P6_Y-1_U129,R6_F6_m-1f-1_P6_Y-1_U8,MXY,3,112.88619312709505,1,0,0.0,0,0,0,-9999.0,0.5,1,P5_CV0,3,1,1,0,2
6,2545325.475,726552.0418,R6_F6_m6f6_P6_Y1_UO621,R6_F6_m-1f-1_P6_Y-1_U80,R6_F6_m-1f-1_P6_Y-1_U67,FXX,3,112.88619312709505,1,0,1.764,0,0,0,-9999.0,0.75,1,P5_CV0,3,2,0,2,0
6,2545325.475,726552.0418,R6_F6_m6f6_P6_Y1_UO167,R6_F6_m-1f-1_P6_Y-1_U70,RD6_F3_m-1f-1_P3_Y-1_U81,FXX,3,112.88619312709505,1,0,2.075,0,0,0,-9999.0,0.5,1,P5_CV0,3,1,1,1,1
6,2545325.475,726552.0418,R6_F6_m6f6_P6_Y1_UO405,R6_F6_m-1f-1_P6_Y-1_U64,RD6_F4_m-1f-1_P4_Y-1_U73,FXX,3,112.88619312709505,1,0,1.983,0,0,0,-9999.0,0.75,1,P5_CV0,3,1,1,1,1
6,2545325.475,726552.0418,R6_F6_m6f6_P6_Y1_UO184,R6_F6_m-1f-1_P6_Y-1_U82,R6_F6_m-1f-1_P6_Y-1_U31,MXY,3,112.88619312709505,1,0,0.0,0,0,0,-9999.0,0.5,1,P5_CV0,3,1,1,1,1
6,2545325.475,726552.0418,I6_F7_m6f6_P6_Y1_UO117,R6_F6_m-1f-1_P6_Y-1_U95,RD6_F3_m-1f-1_P3_Y-1_U81,FXX,3,112.89457972443554,1,0,2.34,0,0,0,-9999.0,0.5,1,P5_CV0,3,0,2,1,1
6,2545325.475,726552.0418,R6_F6_m6f6_P6_Y0_UO501,R6_F6_m-1f-1_P6_Y-1_U138,R6_F6_m-1f-1_P6_Y-1_U69,MXY,4,132.02861877992902,1,0,0.0,0,0,0,-9999.0,0.25,1,P5_CV0,3,1,1,2,0
6,2545325.475,726552.0418,R6_F6_m6f6_P6_Y0_UO558,R6_F6_m-1f-1_P6_Y-1_U137,R6_F6_m-1f-1_P6_Y-1_U48,FXX,4,132.02861877992902,1,0,2.509,0,0,0,-9999.0,0.5,1,P5_CV0,3,0,2,0,2
6,2545325.475,726552.0418,R6_F6_m6f6_P6_Y0_UO525,R6_F6_m-1f-1_P6_Y-1_U25,R6_F6_m-1f-1_P6_Y-1_U135,MXY,4,132.02861877992902,1,0,0.0,0,0,0,-9999.0,0.0,1,P5_CV0,3,0,2,1,1
6,2545325.475,726552.0418,R6_F6_m6f6_P6_Y0_UO2,R6_F6_m-1f-1_P6_Y-1_U3,R6_F6_m-1f-1_P6_Y-1_U16,FXX,4,132.02861877992902,1,0,1.251,0,0,0,-9999.0,0.0,1,P5_CV0,3,1,1,0,2
6,2545325.475,726552.0418,R6_F6_m6f6_P6_Y0_UO322,R6_F6_m-1f-1_P6_Y-1_U3,R6_F6_m-1f-1_P6_Y-1_U76,FXX,4,132.02861877992902,1,0,1.023,0,0,0,-9999.0,0.25,1,P5_CV0,3,2,0,0,2
6,2545325.475,726552.0418,R6_F6_m6f6_P6_Y0_UO340,R6_F6_m-1f-1_P6_Y-1_U92,R6_F6_m-1f-1_P6_Y-1_U59,FXX,4,132.02861877992902,1,0,1.0,0,0,0,-9999.0,0.25,1,P5_CV0,3,2,0,0,2
6,2545325.475,726552.0418,R6_F6_m6f6_P6_Y0_UO62,R6_F6_m-1f-1_P6_Y-1_U18,R6_F6_m-1f-1_P6_Y-1_U109,FXX,4,132.02861877992902,1,0,2.334,0,0,0,-9999.0,0.75,1,P5_CV0,3,1,1,0,2
6,2545325.475,726552.0418,R6_F6_m-1f-1_P6_Y-1_U101,-9999,-9999,FXX,5,147.53117676412472,1,0,0.0,0,0,0,-9999.0,1.0,1,P5_CV0,3,2,0,0,2
6,2545325.475,726552.0418,R6_F6_m-1f-1_P6_Y-1_U39,-9999,-9999,MXY,5,147.53117676412472,1,0,0.0,0,0,0,-9999.0,0.5,1,P5_CV0,3,1,1,1,1
6,2545325.475,726552.0418,R6_F6_m-1f-1_P6_Y-1_U57,-9999,-9999,FXX,5,147.53117676412472,1,0,1.988,0,0,0,-9999.0,1.0,1,P5_CV0,3,2,0,1,1
6,2545325.475,726552.0418,R6_F6_m-1f-1_P6_Y-1_U15,-9999,-9999,FXX,5,147.53117676412472,1,0,1.029,0,0,0,-9999.0,1.0,1,P5_CV0,3,2,0,0,2
6,2545325.475,726552.0418,R6_F6_m-1f-1_P6_Y-1_U29,-9999,-9999,MXY,5,147.53117676412472,1,0,0.0,0,0,0,-9999.0,0.5,1,P5_CV0,3,1,1,1,1
6,2545325.475,726552.0418,I6_F7_m-1f-1_P6_Y-1_U128,-9999,-9999,FXX,5,147.53650303166864,1,0,1.0,0,0,0,-9999.0,0.0,1,P5_CV0,3,0,2,2,0
