PatchID,XCOORD,YCOORD,ID,MID,FID,sex,age,size,mature,newmature,layeggs,capture,recapture,state,CDist,Hindex,Species,ClassFile,SubPatchID,L0A0,L0A1,L1A0,L1A1
1,2540470.832,712452.2021,Age0_F1_m1f1_P1_Y1_UO20,R1_F1_m-1f-1_P1_Y-1_U137,R1_F1_m-1f-1_P1_Y-1_U84,MXY,0,31.028997987985097,0,0,0.0,0,0,0,0.0,0.75,1,P0_CV0,1,2,0,1,1
1,2540470.832,712452.2021,Age0_F1_m1f1_P1_Y1_UO21,R1_F1_m-1f-1_P1_Y-1_U137,R1_F1_m-1f-1_P1_Y-1_U84,MXY,0,31.028997987985097,0,0,0.0,0,0,0,0.0,0.75,1,P0_CV0,1,1,1,1,1
1,2540470.832,712452.2021,Age0_F1_m1f1_P1_Y1_UO27,R1_F1_m-1f-1_P1_Y-1_U108,R1_F1_m-1f-1_P1_Y-1_U77,FXX,0,31.028997987985097,0,0,0.0,0,0,0,0.0,0.25,1,P0_CV0,1,0,2,1,1
1,2540470.832,712452.2021,Age0_F1_m1f1_P1_Y1_UO28,R1_F1_m-1f-1_P1_Y-1_U108,R1_F1_m-1f-1_P1_Y-1_U77,FXX,0,31.028997987985097,0,0,0.0,0,0,0,0.0,0.25,1,P0_CV0,1,1,1,2,0
1,2540470.832,712452.2021,Age0_F1_m1f1_P1_Y1_UO38,R1_F1_m-1f-1_P1_Y-1_U62,R1_F1_m-1f-1_P1_Y-1_U129,MXY,0,31.028997987985097,0,0,0.0,0,0,0,0.0,0.0,1,P0_CV0,1,1,1,0,2
1,2540470.832,712452.2021,Age0_F1_m1f1_P1_Y1_UO47,R1_F1_m-1f-1_P1_Y-1_U108,R1_F1_m-1f-1_P1_Y-1_U14,MXY,0,31.028997987985097,0,0,0.0,0,0,0,0.0,0.0,1,P0_CV0,1,1,1,1,1
1,2540470.832,712452.2021,Age0_F1_m1f1_P1_Y1_UO61,R1_F1_m-1f-1_P1_Y-1_U26,R1_F1_m-1f-1_P1_Y-1_U32,MXY,0,31.028997987985097,0,0,0.0,0,0,0,0.0,0.0,1,P0_CV0,1,0,2,0,2
1,2540470.832,712452.2021,Age0_F1_m1f1_P1_Y1_UO68,R1_F1_m-1f-1_P1_Y-1_U51,R1_F1_m-1f-1_P1_Y-1_U60,MXY,0,31.028997987985097,0,0,0.0,0,0,0,0.0,0.5,1,P0_CV0,1,2,0,1,1
1,2540470.832,712452.2021,Age0_F1_m1f1_P1_Y1_UO69,R1_F1_m-1f-1_P1_Y-1_U51,R1_F1_m-1f-1_P1_Y-1_U60,MXY,0,31.028997987985097,0,0,0.0,0,0,0,0.0,0.5,1,P0_CV0,1,0,2,1,1
1,2540470.832,712452.2021,Age0_F1_m1f1_P1_Y1_UO80,R1_F1_m-1f-1_P1_Y-1_U31,R1_F1_m-1f-1_P1_Y-1_U125,MXY,0,31.028997987985097,0,0,0.0,0,0,0,0.0,0.0,1,P0_CV0,1,1,1,2,0
1,2540470.832,712452.2021,Age0_F1_m1f1_P1_Y1_UO81,R1_F1_m-1f-1_P1_Y-1_U31,R1_F1_m-1f-1_P1_Y-1_U125,FXX,0,31.028997987985097,0,0,0.0,0,0,0,0.0,0.0,1,P0_CV0,1,2,0,1,1
1,2540470.832,712452.2021,Age0_F1_m1f1_P1_Y1_UO95,R1_F1_m-1f-1_P1_Y-1_U44,R1_F1_m-1f-1_P1_Y-1_U118,FXX,0,31.028997987985097,0,0,0.0,0,0,0,0.0,0.5,1,P0_CV0,1,0,2,2,0
1,2540470.832,712452.2021,Age0_F1_m1f1_P1_Y1_UO96,R1_F1_m-1f-1_P1_Y-1_U44,R1_F1_m-1f-1_P1_Y-1_U118,MXY,0,31.028997987985097,0,0,0.0,0,0,0,0.0,0.5,1,P0_CV0,1,1,1,2,0
1,2540470.832,712452.2021,Age0_F1_m1f1_P1_Y1_UO118,R1_F1_m-1f-1_P1_Y-1_U45,R1_F1_m-1f-1_P1_Y-1_U89,MXY,0,31.028997987985097,0,0,0.0,0,0,0,0.0,0.0,1,P0_CV0,1,0,2,0,2
1,2540470.832,712452.2021,Age0_F1_m1f1_P1_Y1_UO119,R1_F1_m-1f-1_P1_Y-1_U45,R1_F1_m-1f-1_P1_Y-1_U89,MXY,0,31.028997987985097,0,0,0.0,0,0,0,0.0,0.0,1,P0_CV0,1,1,1,2,0
1,2540470.832,712452.2021,Age0_F1_m1f1_P1_Y1_UO120,R1_F1_m-1f-1_P1_Y-1_U45,R1_F1_m-1f-1_P1_Y-1_U89,FXX,0,31.028997987985097,0,0,0.0,0,0,0,0.0,0.0,1,P0_CV0,1,0,2,1,1
1,2540470.832,712452.2021,Age0_F1_m1f1_P1_Y1_UO121,R1_F1_m-1f-1_P1_Y-1_U45,R1_F1_m-1f-1_P1_Y-1_U89,FXX,0,31.028997987985097,0,0,0.0,0,0,0,0.0,0.0,1,P0_CV0,1,1,1,0,2
1,2540470.832,712452.2021,Age0_F1_m1f1_P1_Y1_UO137,R1_F1_m-1f-1_P1_Y-1_U130,R1_F1_m-1f-1_P1_Y-1_U16,FXX,0,31.028997987985097,0,0,0.0,0,0,0,0.0,0.0,1,P0_CV0,1,0,2,1,1
1,2540470.832,712452.2021,Age0_F1_m1f1_P1_Y1_UO138,R1_F1_m-1f-1_P1_Y-1_U130,R1_F1_m-1f-1_P1_Y-1_U16,FXX,0,31.028997987985097,0,0,0.0,0,0,0,0.0,0.0,1,P0_CV0,1,1,1,1,1
1,2540470.832,712452.2021,Age0_F1_m1f1_P1_Y1_UO139,R1_F1_m-1f-1_P1_Y-1_U136,R1_F1_m-1f-1_P1_Y-1_U3,MXY,0,31.028997987985097,0,0,0.0,0,0,0,0.0,0.25,1,P0_CV0,1,0,2,1,1
1,2540470.832,712452.2021,Age0_F1_m1f1_P1_Y1_UO152,R1_F1_m-1f-1_P1_Y-1_U51,R1_F1_m-1f-1_P1_Y-1_U14,FXX,0,31.028997987985097,0,0,0.0,0,0,0,0.0,0.25,1,P0_CV0,1,0,2,1,1
1,2540470.832,712452.2021,Age0_F1_m1f1_P1_Y1_UO153,R1_F1_m-1f-1_P1_Y-1_U51,R1_F1_m-1f-1_P1_Y-1_U14,FXX,0,31.028997987985097,0,0,0.0,0,0,0,0.0,0.25,1,P0_CV0,1,1,1,2,0
1,2540470.832,712452.2021,Age0_F1_m1f1_P1_Y1_UO157,R1_F1_m-1f-1_P1_Y-1_U72,R1_F1_m-1f-1_P1_Y-1_U6,MXY,0,31.028997987985097,0,0,0.0,0,0,0,0.0,0.25,1,P0_CV0,1,1,1,1,1
1,2540470.832,712452.2021,Age0_F1_m1f1_P1_Y1_UO158,R1_F1_m-1f-1_P1_Y-1_U72,R1_F1_m-1f-1_P1_Y-1_U6,FXX,0,31.028997987985097,0,0,0.0,0,0,0,0.0,0.25,1,P0_CV0,1,2,0,2,0
1,2540470.832,712452.2021,Age0_F1_m1f1_P1_Y1_UO202,R1_F1_m-1f-1_P1_Y-1_U109,R1_F1_m-1f-1_P1_Y-1_U71,FXX,0,31.028997987985097,0,0,0.0,0,0,0,0.0,0.5,1,P0_CV0,1,1,1,1,1
1,2540470.832,712452.2021,Age0_F1_m1f1_P1_Y1_UO229,R1_F1_m-1f-1_P1_Y-1_U45,R1_F1_m-1f-1_P1_Y-1_U49,FXX,0,31.028997987985097,0,0,0.0,0,0,0,0.0,0.0,1,P0_CV0,1,0,2,1,1
1,2540470.832,712452.2021,Age0_F1_m1f1_P1_Y1_UO230,R1_F1_m-1f-1_P1_Y-1_U45,R1_F1_m-1f-1_P1_Y-1_U49,FXX,0,31.028997987985097,0,0,0.0,0,0,0,0.0,0.0,1,P0_CV0,1,1,1,1,1
1,2540470.832,712452.2021,Age0_F1_m1f1_P1_Y1_UO231,R1_F1_m-1f-1_P1_Y-1_U45,R1_F1_m-1f-1_P1_Y-1_U49,MXY,0,31.028997987985097,0,0,0.0,0,0,0,0.0,0.0,1,P0_CV0,1,1,1,1,1
1,2540470.832,712452.2021,Age0_F1_m1f1_P1_Y1_UO232,R1_F1_m-1f-1_P1_Y-1_U45,R1_F1_m-1f-1_P1_Y-1_U49,MXY,0,31.028997987985097,0,0,0.0,0,0,0,0.0,0.0,1,P0_CV0,1,1,1,1,1
1,2540470.832,712452.2021,Age0_F1_m1f1_P1_Y1_UO234,R1_F1_m-1f-1_P1_Y-1_U12,R1_F1_m-1f-1_P1_Y-1_U1,FXX,0,31.028997987985097,0,0,0.0,0,0,0,0.0,0.25,1,P0_CV0,1,2,0,1,1
1,2540470.832,712452.2021,Age0_F1_m1f1_P1_Y1_UO235,R1_F1_m-1f-1_P1_Y-1_U12,R1_F1_m-1f-1_P1_Y-1_U1,MXY,0,31.028997987985097,0,0,0.0,0,0,0,0.0,0.25,1,P0_CV0,1,1,1,1,1
1,2540470.832,712452.2021,Age0_F1_m1f1_P1_Y1_UO239,R1_F1_m-1f-1_P1_Y-1_U12,R1_F1_m-1f-1_P1_Y-1_U95,FXX,0,31.028997987985097,0,0,0.0,0,0,0,0.0,0.25,1,P0_CV0,1,1,1,2,0
1,2540470.832,712452.2021,Age0_F1_m1f1_P1_Y1_UO240,R1_F1_m-1f-1_P1_Y-1_U12,R1_F1_m-1f-1_P1_Y-1_U95,FXX,0,31.028997987985097,0,0,0.0,0,0,0,0.0,0.25,1,P0_CV0,1,0,2,1,1
1,2540470.832,712452.2021,Age0_F1_m1f1_P1_Y1_UO267,R1_F1_m-1f-1_P1_Y-1_U131,R1_F1_m-1f-1_P1_Y-1_U15,MXY,0,31.028997987985097,0,0,0.0,0,0,0,0.0,0.25,1,P0_CV0,1,1,1,0,2
1,2540470.832,712452.2021,Age0_F1_m1f1_P1_Y1_UO269,R1_F1_m-1f-1_P1_Y-1_U44,R1_F1_m-1f-1_P1_Y-1_U56,FXX,0,31.028997987985097,0,0,0.0,0,0,0,0.0,0.25,1,P0_CV0,1,2,0,1,1
1,2540470.832,712452.2021,Age0_F1_m1f1_P1_Y1_UO270,R1_F1_m-1f-1_P1_Y-1_U44,R1_F1_m-1f-1_P1_Y-1_U56,MXY,0,31.028997987985097,0,0,0.0,0,0,0,0.0,0.25,1,P0_CV0,1,1,1,1,1
1,2540470.832,712452.2021,Age0_F1_m1f1_P1_Y1_UO271,R1_F1_m-1f-1_P1_Y-1_U44,R1_F1_m-1f-1_P1_Y-1_U56,FXX,0,31.028997987985097,0,0,0.0,0,0,0,0.0,0.25,1,P0_CV0,1,0,2,1,1
1,2540470.832,712452.2021,Age0_F1_m1f1_P1_Y1_UO289,R1_F1_m-1f-1_P1_Y-1_U45,R1_F1_m-1f-1_P1_Y-1_U105,MXY,0,31.028997987985097,0,0,0.0,0,0,0,0.0,0.0,1,P0_CV0,1,0,2,0,2
1,2540470.832,712452.2021,Age0_F1_m1f1_P1_Y1_UO290,R1_F1_m-1f-1_P1_Y-1_U45,R1_F1_m-1f-1_P1_Y-1_U105,FXX,0,31.028997987985097,0,0,0.0,0,0,0,0.0,0.0,1,P0_CV0,1,1,1,0,2
1,2540470.832,712452.2021,Age0_F1_m1f1_P1_Y1_UO291,R1_F1_m-1f-1_P1_Y-1_U45,R1_F1_m-1f-1_P1_Y-1_U105,MXY,0,31.028997987985097,0,0,0.0,0,0,0,0.0,0.0,1,P0_CV0,1,1,1,1,1
1,2540470.832,712452.2021,Age0_F1_m1f1_P1_Y1_UO292,R1_F1_m-1f-1_P1_Y-1_U45,R1_F1_m-1f-1_P1_Y-1_U105,MXY,0,31.028997987985097,0,0,0.0,0,0,0,0.0,0.0,1,P0_CV0,1,0,2,2,0
1,2540470.832,712452.2021,Age0_F1_m1f1_P1_Y1_UO293,R1_F1_m-1f-1_P1_Y-1_U45,R1_F1_m-1f-1_P1_Y-1_U105,FXX,0,31.028997987985097,0,0,0.0,0,0,0,0.0,0.0,1,P0_CV0,1,1,1,0,2
1,2540470.832,712452.2021,Age0_F1_m1f1_P1_Y1_UO294,R1_F1_m-1f-1_P1_Y-1_U45,R1_F1_m-1f-1_P1_Y-1_U105,FXX,0,31.028997987985097,0,0,0.0,0,0,0,0.0,0.0,1,P0_CV0,1,1,1,1,1
1,2540470.832,712452.2021,Age0_F1_m1f1_P1_Y1_UO334,R1_F1_m-1f-1_P1_Y-1_U121,R1_F1_m-1f-1_P1_Y-1_U70,FXX,0,31.028997987985097,0,0,0.0,0,0,0,0.0,0.0,1,P0_CV0,1,2,0,1,1
1,2540470.832,712452.2021,Age0_F1_m1f1_P1_Y1_UO335,R1_F1_m-1f-1_P1_Y-1_U121,R1_F1_m-1f-1_P1_Y-1_U70,MXY,0,31.028997987985097,0,0,0.0,0,0,0,0.0,0.0,1,P0_CV0,1,0,2,1,1
1,2540470.832,712452.2021,Age0_F1_m1f1_P1_Y1_UO336,R1_F1_m-1f-1_P1_Y-1_U121,R1_F1_m-1f-1_P1_Y-1_U70,FXX,0,31.028997987985097,0,0,0.0,0,0,0,0.0,0.0,1,P0_CV0,1,1,1,2,0
1,2540470.832,712452.2021,Age0_F1_m1f1_P1_Y1_UO337,R1_F1_m-1f-1_P1_Y-1_U121,R1_F1_m-1f-1_P1_Y-1_U70,FXX,0,31.028997987985097,0,0,0.0,0,0,0,0.0,0.0,1,P0_CV0,1,0,2,1,1
1,2540470.832,712452.2021,Age0_F1_m1f1_P1_Y1_UO338,R1_F1_m-1f-1_P1_Y-1_U136,R1_F1_m-1f-1_P1_Y-1_U105,MXY,0,31.028997987985097,0,0,0.0,0,0,0,0.0,0.25,1,P0_CV0,1,1,1,0,2
1,2540470.832,712452.2021,Age0_F1_m1f1_P1_Y1_UO380,R1_F1_m-1f-1_P1_Y-1_U69,R1_F1_m-1f-1_P1_Y-1_U7,FXX,0,31.028997987985097,0,0,0.0,0,0,0,0.0,0.25,1,P0_CV0,1,1,1,1,1
1,2540470.832,712452.2021,Age0_F1_m1f1_P1_Y1_UO381,R1_F1_m-1f-1_P1_Y-1_U69,R1_F1_m-1f-1_P1_Y-1_U7,MXY,0,31.028997987985097,0,0,0.0,0,0,0,0.0,0.25,1,P0_CV0,1,1,1,2,0
1,2540470.832,712452.2021,Age0_F1_m1f1_P1_Y1_UO410,R1_F1_m-1f-1_P1_Y-1_U108,R1_F1_m-1f-1_P1_Y-1_U2,MXY,0,31.028997987985097,0,0,0.0,0,0,0,0.0,0.25,1,P0_CV0,1,1,1,2,0
1,2540470.832,712452.2021,Age0_F1_m1f1_P1_Y1_UO415,R1_F1_m-1f-1_P1_Y-1_U26,R1_F1_m-1f-1_P1_Y-1_U6,FXX,0,31.028997987985097,0,0,0.0,0,0,0,0.0,0.25,1,P0_CV0,1,1,1,0,2
1,2540470.832,712452.2021,Age0_F1_m1f1_P1_Y1_UO416,R1_F1_m-1f-1_P1_Y-1_U26,R1_F1_m-1f-1_P1_Y-1_U6,MXY,0,31.028997987985097,0,0,0.0,0,0,0,0.0,0.25,1,P0_CV0,1,0,2,0,2
1,2540470.832,712452.2021,Age0_F1_m1f1_P1_Y1_UO417,R1_F1_m-1f-1_P1_Y-1_U26,R1_F1_m-1f-1_P1_Y-1_U6,MXY,0,31.028997987985097,0,0,0.0,0,0,0,0.0,0.25,1,P0_CV0,1,0,2,1,1
1,2540470.832,712452.2021,Age0_F1_m1f1_P1_Y1_UO418,R1_F1_m-1f-1_P1_Y-1_U26,R1_F1_m-1f-1_P1_Y-1_U6,FXX,0,31.028997987985097,0,0,0.0,0,0,0,0.0,0.25,1,P0_CV0,1,2,0,1,1
1,2540470.832,712452.2021,Age0_F1_m1f1_P1_Y1_UO426,R1_F1_m-1f-1_P1_Y-1_U27,R1_F1_m-1f-1_P1_Y-1_U1,MXY,0,31.028997987985097,0,0,0.0,0,0,0,0.0,0.25,1,P0_CV0,1,1,1,0,2
1,2540470.832,712452.2021,Age0_F1_m1f1_P1_Y1_UO427,R1_F1_m-1f-1_P1_Y-1_U27,R1_F1_m-1f-1_P1_Y-1_U1,MXY,0,31.028997987985097,0,0,0.0,0,0,0,0.0,0.25,1,P0_CV0,1,1,1,1,1
1,2540470.832,712452.2021,Age0_F1_m1f1_P1_Y1_UO428,R1_F1_m-1f-1_P1_Y-1_U44,R1_F1_m-1f-1_P1_Y-1_U36,MXY,0,31.028997987985097,0,0,0.0,0,0,0,0.0,0.25,1,P0_CV0,1,1,1,1,1
1,2540470.832,712452.2021,Age0_F1_m1f1_P1_Y1_UO431,RD1_F6_m-1f-1_P6_Y-1_U119,R1_F1_m-1f-1_P1_Y-1_U32,MXY,0,31.028997987985097,0,0,0.0,0,0,0,0.0,0.25,1,P0_CV0,1,1,1,0,2
1,2540470.832,712452.2021,Age0_F1_m1f1_P1_Y1_UO432,RD1_F6_m-1f-1_P6_Y-1_U119,R1_F1_m-1f-1_P1_Y-1_U32,MXY,0,31.028997987985097,0,0,0.0,0,0,0,0.0,0.25,1,P0_CV0,1,1,1,0,2
1,2540470.832,712452.2021,Age0_F1_m1f1_P1_Y1_UO446,R1_F1_m-1f-1_P1_Y-1_U130,R1_F1_m-1f-1_P1_Y-1_U22,FXX,0,31.028997987985097,0,0,0.0,0,0,0,0.0,0.25,1,P0_CV0,1,0,2,1,1
1,2540470.832,712452.2021,Age0_F1_m1f1_P1_Y1_UO455,R1_F1_m-1f-1_P1_Y-1_U94,R1_F1_m-1f-1_P1_Y-1_U67,FXX,0,31.028997987985097,0,0,0.0,0,0,0,0.0,0.25,1,P0_CV0,1,1,1,1,1
1,2540470.832,712452.2021,Age0_F1_m1f1_P1_Y1_UO456,R1_F1_m-1f-1_P1_Y-1_U94,R1_F1_m-1f-1_P1_Y-1_U67,FXX,0,31.028997987985097,0,0,0.0,0,0,0,0.0,0.25,1,P0_CV0,1,1,1,2,0
1,2540470.832,712452.2021,Age0_F1_m1f1_P1_Y1_UO463,R1_F1_m-1f-1_P1_Y-1_U12,R1_F1_m-1f-1_P1_Y-1_U115,MXY,0,31.028997987985097,0,0,0.0,0,0,0,0.0,0.5,1,P0_CV0,1,1,1,1,1
1,2540470.832,712452.2021,Age0_F1_m1f1_P1_Y1_UO464,R1_F1_m-1f-1_P1_Y-1_U12,R1_F1_m-1f-1_P1_Y-1_U115,MXY,0,31.028997987985097,0,0,0.0,0,0,0,0.0,0.5,1,P0_CV0,1,0,2,2,0
1,2540470.832,712452.2021,Age0_F1_m1f1_P1_Y1_UO477,R1_F1_m-1f-1_P1_Y-1_U93,R1_F1_m-1f-1_P1_Y-1_U16,MXY,0,31.028997987985097,0,0,0.0,0,0,0,0.0,0.0,1,P0_CV0,1,0,2,2,0
1,2540470.832,712452.2021,Age0_F1_m1f1_P1_Y1_UO478,R1_F1_m-1f-1_P1_Y-1_U93,R1_F1_m-1f-1_P1_Y-1_U16,FXX,0,31.028997987985097,0,0,0.0,0,0,0,0.0,0.0,1,P0_CV0,1,1,1,2,0
1,2540470.832,712452.2021,Age0_F1_m1f1_P1_Y1_UO486,R1_F1_m-1f-1_P1_Y-1_U37,R1_F1_m-1f-1_P1_Y-1_U127,MXY,0,31.028997987985097,0,0,0.0,0,0,0,0.0,0.0,1,P0_CV0,1,0,2,1,1
1,2540470.832,712452.2021,Age0_F1_m1f1_P1_Y1_UO487,R1_F1_m-1f-1_P1_Y-1_U132,R1_F1_m-1f-1_P1_Y-1_U81,FXX,0,31.028997987985097,0,0,0.0,0,0,0,0.0,0.5,1,P0_CV0,1,1,1,1,1
1,2540470.832,712452.2021,Age0_F1_m1f1_P1_Y1_UO488,R1_F1_m-1f-1_P1_Y-1_U132,R1_F1_m-1f-1_P1_Y-1_U81,MXY,0,31.028997987985097,0,0,0.0,0,0,0,0.0,0.5,1,P0_CV0,1,0,2,1,1
1,2540470.832,712452.2021,Age0_F1_m1f1_P1_Y1_UO499,R1_F1_m-1f-1_P1_Y-1_U101,R1_F1_m-1f-1_P1_Y-1_U21,MXY,0,31.028997987985097,0,0,0.0,0,0,0,0.0,0.5,1,P0_CV0,1,0,2,1,1
1,2540470.832,712452.2021,Age0_F1_m1f1_P1_Y1_UO507,R1_F1_m-1f-1_P1_Y-1_U75,R1_F1_m-1f-1_P1_Y-1_U1,FXX,0,31.028997987985097,0,0,0.0,0,0,0,0.0,0.0,1,P0_CV0,1,1,1,0,2
1,2540470.832,712452.2021,Age0_F1_m1f1_P1_Y1_UO516,RD1_F6_m-1f-1_P6_Y-1_U119,R1_F1_m-1f-1_P1_Y-1_U60,MXY,0,31.028997987985097,0,0,0.0,0,0,0,0.0,0.5,1,P0_CV0,1,0,2,0,2
1,2540470.832,712452.2021,Age0_F1_m1f1_P1_Y1_UO518,R1_F1_m-1f-1_P1_Y-1_U106,R1_F1_m-1f-1_P1_Y-1_U68,FXX,0,31.028997987985097,0,0,0.0,0,0,0,0.0,0.0,1,P0_CV0,1,1,1,2,0
1,2540470.832,712452.2021,Age0_F1_m1f1_P1_Y1_UO519,R1_F1_m-1f-1_P1_Y-1_U106,R1_F1_m-1f-1_P1_Y-1_U68,MXY,0,31.028997987985097,0,0,0.0,0,0,0,0.0,0.0,1,P0_CV0,1,0,2,2,0
1,2540470.832,712452.2021,Age0_F1_m1f1_P1_Y1_UO521,R1_F1_m-1f-1_P1_Y-1_U26,R1_F1_m-1f-1_P1_Y-1_U92,MXY,0,31.028997987985097,0,0,0.0,0,0,0,0.0,0.0,1,P0_CV0,1,0,2,0,2
1,2540470.832,712452.2021,Age0_F1_m1f1_P1_Y1_UO522,R1_F1_m-1f-1_P1_Y-1_U62,R1_F1_m-1f-1_P1_Y-1_U138,FXX,0,31.028997987985097,0,0,0.0,0,0,0,0.0,0.5,1,P0_CV0,1,2,0,0,2
1,2540470.832,712452.2021,Age0_F1_m1f1_P1_Y1_UO523,R1_F1_m-1f-1_P1_Y-1_U62,R1_F1_m-1f-1_P1_Y-1_U138,MXY,0,31.028997987985097,0,0,0.0,0,0,0,0.0,0.5,1,P0_CV0,1,0,2,1,1
1,2540470.832,712452.2021,Age0_F1_m1f1_P1_Y1_UO524,R1_F1_m-1f-1_P1_Y-1_U62,R1_F1_m-1f-1_P1_Y-1_U138,FXX,0,31.028997987985097,0,0,0.0,0,0,0,0.0,0.5,1,P0_CV0,1,1,1,1,1
1,2540470.832,712452.2021,Age0_F1_m1f1_P1_Y1_UO525,R1_F1_m-1f-1_P1_Y-1_U62,R1_F1_m-1f-1_P1_Y-1_U138,MXY,0,31.028997987985097,0,0,0.0,0,0,0,0.0,0.5,1,P0_CV0,1,0,2,2,0
1,2540470.832,712452.2021,Age0_F1_m1f1_P1_Y1_UO536,R1_F1_m-1f-1_P1_Y-1_U80,R1_F1_m-1f-1_P1_Y-1_U7,MXY,0,31.028997987985097,0,0,0.0,0,0,0,0.0,0.5,1,P0_CV0,1,1,1,0,2
1,2540470.832,712452.2021,Age0_F1_m1f1_P1_Y1_UO543,R1_F1_m-1f-1_P1_Y-1_U51,R1_F1_m-1f-1_P1_Y-1_U104,MXY,0,31.028997987985097,0,0,0.0,0,0,0,0.0,0.5,1,P0_CV0,1,1,1,1,1
1,2540470.832,712452.2021,Age0_F1_m1f1_P1_Y1_UO544,R1_F1_m-1f-1_P1_Y-1_U51,R1_F1_m-1f-1_P1_Y-1_U104,MXY,0,31.028997987985097,0,0,0.0,0,0,0,0.0,0.5,1,P0_CV0,1,2,0,1,1
1,2540470.832,712452.2021,Age0_F1_m1f1_P1_Y1_UO551,R1_F1_m-1f-1_P1_Y-1_U134,R1_F1_m-1f-1_P1_Y-1_U10,FXX,0,31.028997987985097,0,0,0.0,0,0,0,0.0,0.0,1,P0_CV0,1,2,0,2,0
1,2540470.832,712452.2021,Age0_F1_m1f1_P1_Y1_UO552,R1_F1_m-1f-1_P1_Y-1_U134,R1_F1_m-1f-1_P1_Y-1_U10,MXY,0,31.028997987985097,0,0,0.0,0,0,0,0.0,0.0,1,P0_CV0,1,2,0,0,2
1,2540470.832,712452.2021,Age0_F1_m1f1_P1_Y1_UO563,R1_F1_m-1f-1_P1_Y-1_U101,R1_F1_m-1f-1_P1_Y-1_U56,FXX,0,31.028997987985097,0,0,0.0,0,0,0,0.0,0.25,1,P0_CV0,1,1,1,2,0
1,2540470.832,712452.2021,Age0_F1_m1f1_P1_Y1_UO581,R1_F1_m-1f-1_P1_Y-1_U101,R1_F1_m-1f-1_P1_Y-1_U34,MXY,0,31.028997987985097,0,0,0.0,0,0,0,0.0,0.25,1,P0_CV0,1,1,1,0,2
1,2540470.832,712452.2021,Age0_F1_m1f1_P1_Y1_UO582,R1_F1_m-1f-1_P1_Y-1_U101,R1_F1_m-1f-1_P1_Y-1_U34,FXX,0,31.028997987985097,0,0,0.0,0,0,0,0.0,0.25,1,P0_CV0,1,1,1,1,1
1,2540470.832,712452.2021,Age0_F1_m1f1_P1_Y1_UO600,R1_F1_m-1f-1_P1_Y-1_U75,R1_F1_m-1f-1_P1_Y-1_U124,FXX,0,31.028997987985097,0,0,0.0,0,0,0,0.0,0.0,1,P0_CV0,1,2,0,0,2
1,2540470.832,712452.2021,Age0_F1_m1f1_P1_Y1_UO621,R1_F1_m-1f-1_P1_Y-1_U80,R1_F1_m-1f-1_P1_Y-1_U127,MXY,0,31.028997987985097,0,0,0.0,0,0,0,0.0,0.25,1,P0_CV0,1,0,2,1,1
1,2540470.832,712452.2021,Age0_F1_m1f1_P1_Y1_UO622,R1_F1_m-1f-1_P1_Y-1_U80,R1_F1_m-1f-1_P1_Y-1_U127,FXX,0,31.028997987985097,0,0,0.0,0,0,0,0.0,0.25,1,P0_CV0,1,0,2,0,2
1,2540470.832,712452.2021,Age0_F1_m1f1_P1_Y1_UO623,R1_F1_m-1f-1_P1_Y-1_U80,R1_F1_m-1f-1_P1_Y-1_U127,MXY,0,31.028997987985097,0,0,0.0,0,0,0,0.0,0.25,1,P0_CV0,1,1,1,2,0
1,2540470.832,712452.2021,Age0_F1_m1f1_P1_Y1_UO624,R1_F1_m-1f-1_P1_Y-1_U119,R1_F1_m-1f-1_P1_Y-1_U47,MXY,0,31.028997987985097,0,0,0.0,0,0,0,0.0,0.5,1,P0_CV0,1,2,0,0,2
1,2540470.832,712452.2021,Age0_F1_m1f1_P1_Y1_UO625,R1_F1_m-1f-1_P1_Y-1_U119,R1_F1_m-1f-1_P1_Y-1_U47,MXY,0,31.028997987985097,0,0,0.0,0,0,0,0.0,0.5,1,P0_CV0,1,2,0,2,0
1,2540470.832,712452.2021,R1_F1_m1f1_P1_Y0_UO519,R1_F1_m-1f-1_P1_Y-1_U11,R1_F1_m-1f-1_P1_Y-1_U91,MXY,1,53.66092273482479,1,1,0.0,0,0,0,-9999.0,0.5,1,P0_CV0,1,0,2,2,0
1,2540470.832,712452.2021,R1_F1_m1f1_P1_Y0_UO537,R1_F1_m-1f-1_P1_Y-1_U121,R1_F1_m-1f-1_P1_Y-1_U111,MXY,1,53.66092273482479,1,1,0.0,0,0,0,-9999.0,0.0,1,P0_CV0,1,1,1,0,2
1,2540470.832,712452.2021,R1_F1_m1f1_P1_Y0_UO596,R1_F1_m-1f-1_P1_Y-1_U87,R1_F1_m-1f-1_P1_Y-1_U91,FXX,1,53.66092273482479,1,1,1.373,0,0,0,-9999.0,0.25,1,P0_CV0,1,1,1,1,1
1,2540470.832,712452.2021,R1_F1_m1f1_P1_Y0_UO536,R1_F1_m-1f-1_P1_Y-1_U121,R1_F1_m-1f-1_P1_Y-1_U111,FXX,1,53.66092273482479,1,1,0.0,0,0,0,-9999.0,0.0,1,P0_CV0,1,1,1,1,1
1,2540470.832,712452.2021,R1_F1_m1f1_P1_Y0_UO478,R1_F1_m-1f-1_P1_Y-1_U29,R1_F1_m-1f-1_P1_Y-1_U126,MXY,1,53.66092273482479,1,1,0.0,0,0,0,-9999.0,0.0,1,P0_CV0,1,0,2,2,0
1,2540470.832,712452.2021,R1_F1_m1f1_P1_Y0_UO564,R1_F1_m-1f-1_P1_Y-1_U106,R1_F1_m-1f-1_P1_Y-1_U58,FXX,1,53.66092273482479,1,1,1.036,0,0,0,-9999.0,0.0,1,P0_CV0,1,2,0,1,1
1,2540470.832,712452.2021,R1_F1_m1f1_P1_Y0_UO256,R1_F1_m-1f-1_P1_Y-1_U53,R1_F1_m-1f-1_P1_Y-1_U86,MXY,1,53.66092273482479,1,1,0.0,0,0,0,-9999.0,0.0,1,P0_CV0,1,0,2,1,1
1,2540470.832,712452.2021,R1_F1_m1f1_P1_Y0_UO599,R1_F1_m-1f-1_P1_Y-1_U87,R1_F1_m-1f-1_P1_Y-1_U91,FXX,1,53.66092273482479,1,1,0.0,0,0,0,-9999.0,0.25,1,P0_CV0,1,2,0,1,1
1,2540470.832,712452.2021,R1_F1_m1f1_P1_Y0_UO601,R1_F1_m-1f-1_P1_Y-1_U87,R1_F1_m-1f-1_P1_Y-1_U91,MXY,1,53.66092273482479,1,1,0.0,0,0,0,-9999.0,0.25,1,P0_CV0,1,0,2,1,1
1,2540470.832,712452.2021,R1_F1_m1f1_P1_Y0_UO124,R1_F1_m-1f-1_P1_Y-1_U29,R1_F1_m-1f-1_P1_Y-1_U64,MXY,1,53.66092273482479,1,1,0.0,0,0,0,-9999.0,0.0,1,P0_CV0,1,0,2,1,1
1,2540470.832,712452.2021,R1_F1_m1f1_P1_Y0_UO623,R1_F1_m-1f-1_P1_Y-1_U29,R1_F1_m-1f-1_P1_Y-1_U49,MXY,1,53.66092273482479,1,1,0.0,0,0,0,-9999.0,0.0,1,P0_CV0,1,0,2,2,0
1,2540470.832,712452.2021,R1_F1_m1f1_P1_Y0_UO477,R1_F1_m-1f-1_P1_Y-1_U29,R1_F1_m-1f-1_P1_Y-1_U126,FXX,1,53.66092273482479,1,1,1.0,0,0,0,-9999.0,0.0,1,P0_CV0,1,0,2,1,1
1,2540470.832,712452.2021,R1_F1_m1f1_P1_Y0_UO221,R1_F1_m-1f-1_P1_Y-1_U18,R1_F1_m-1f-1_P1_Y-1_U90,MXY,1,53.66092273482479,1,1,0.0,0,0,0,-9999.0,0.0,1,P0_CV0,1,1,1,1,1
1,2540470.832,712452.2021,R1_F1_m1f1_P1_Y0_UO626,R1_F1_m-1f-1_P1_Y-1_U29,R1_F1_m-1f-1_P1_Y-1_U49,MXY,1,53.66092273482479,1,1,0.0,0,0,0,-9999.0,0.0,1,P0_CV0,1,1,1,1,1
1,2540470.832,712452.2021,R1_F1_m1f1_P1_Y0_UO476,R1_F1_m-1f-1_P1_Y-1_U29,R1_F1_m-1f-1_P1_Y-1_U126,FXX,1,53.66092273482479,1,1,0.0,0,0,0,-9999.0,0.0,1,P0_CV0,1,1,1,1,1
1,2540470.832,712452.2021,R1_F1_m1f1_P1_Y0_UO101,R1_F1_m-1f-1_P1_Y-1_U53,R1_F1_m-1f-1_P1_Y-1_U90,MXY,1,53.66092273482479,1,1,0.0,0,0,0,-9999.0,0.0,1,P0_CV0,1,0,2,1,1
1,2540470.832,712452.2021,R1_F1_m1f1_P1_Y0_UO254,R1_F1_m-1f-1_P1_Y-1_U53,R1_F1_m-1f-1_P1_Y-1_U86,MXY,1,53.66092273482479,1,1,0.0,0,0,0,-9999.0,0.0,1,P0_CV0,1,1,1,0,2
1,2540470.832,712452.2021,R1_F1_m1f1_P1_Y0_UO600,R1_F1_m-1f-1_P1_Y-1_U87,R1_F1_m-1f-1_P1_Y-1_U91,MXY,1,53.66092273482479,1,1,0.0,0,0,0,-9999.0,0.25,1,P0_CV0,1,2,0,2,0
1,2540470.832,712452.2021,R1_F1_m1f1_P1_Y0_UO474,R1_F1_m-1f-1_P1_Y-1_U29,R1_F1_m-1f-1_P1_Y-1_U126,FXX,1,53.66092273482479,1,1,1.833,0,0,0,-9999.0,0.0,1,P0_CV0,1,1,1,1,1
1,2540470.832,712452.2021,R1_F1_m1f1_P1_Y0_UO722,R1_F1_m-1f-1_P1_Y-1_U19,R1_F1_m-1f-1_P1_Y-1_U10,MXY,1,53.66092273482479,1,1,0.0,0,0,0,-9999.0,0.0,1,P0_CV0,1,0,2,1,1
1,2540470.832,712452.2021,R1_F1_m1f1_P1_Y0_UO607,R1_F1_m-1f-1_P1_Y-1_U45,R1_F1_m-1f-1_P1_Y-1_U64,FXX,1,53.66092273482479,1,1,2.174,0,0,0,-9999.0,0.0,1,P0_CV0,1,1,1,2,0
1,2540470.832,712452.2021,R1_F1_m1f1_P1_Y0_UO424,R1_F1_m-1f-1_P1_Y-1_U94,R1_F1_m-1f-1_P1_Y-1_U115,MXY,1,53.66092273482479,1,1,0.0,0,0,0,-9999.0,0.25,1,P0_CV0,1,1,1,0,2
1,2540470.832,712452.2021,R1_F1_m1f1_P1_Y0_UO74,R1_F1_m-1f-1_P1_Y-1_U79,R1_F1_m-1f-1_P1_Y-1_U122,FXX,1,53.66092273482479,1,1,1.042,0,0,0,-9999.0,0.25,1,P0_CV0,1,0,2,1,1
1,2540470.832,712452.2021,R1_F1_m1f1_P1_Y0_UO252,R1_F1_m-1f-1_P1_Y-1_U19,R1_F1_m-1f-1_P1_Y-1_U115,FXX,1,53.66092273482479,1,1,1.46,0,0,0,-9999.0,0.25,1,P0_CV0,1,1,1,0,2
1,2540470.832,712452.2021,R1_F1_m1f1_P1_Y0_UO613,R1_F1_m-1f-1_P1_Y-1_U45,R1_F1_m-1f-1_P1_Y-1_U64,FXX,1,53.66092273482479,1,1,0.0,0,0,0,-9999.0,0.0,1,P0_CV0,1,1,1,2,0
1,2540470.832,712452.2021,R1_F1_m1f1_P1_Y0_UO561,R1_F1_m-1f-1_P1_Y-1_U106,R1_F1_m-1f-1_P1_Y-1_U58,MXY,1,53.66092273482479,1,1,0.0,0,0,0,-9999.0,0.0,1,P0_CV0,1,1,1,1,1
1,2540470.832,712452.2021,R1_F1_m1f1_P1_Y0_UO517,R1_F1_m-1f-1_P1_Y-1_U11,R1_F1_m-1f-1_P1_Y-1_U91,FXX,1,53.66092273482479,1,1,1.0,0,0,0,-9999.0,0.5,1,P0_CV0,1,2,0,2,0
1,2540470.832,712452.2021,R1_F1_m1f1_P1_Y0_UO619,R1_F1_m-1f-1_P1_Y-1_U29,R1_F1_m-1f-1_P1_Y-1_U49,FXX,1,53.66092273482479,1,1,1.253,0,0,0,-9999.0,0.0,1,P0_CV0,1,1,1,1,1
1,2540470.832,712452.2021,R1_F1_m1f1_P1_Y0_UO442,R1_F1_m-1f-1_P1_Y-1_U19,R1_F1_m-1f-1_P1_Y-1_U122,MXY,1,53.66092273482479,1,1,0.0,0,0,0,-9999.0,0.25,1,P0_CV0,1,1,1,2,0
1,2540470.832,712452.2021,R1_F1_m1f1_P1_Y0_UO201,R1_F1_m-1f-1_P1_Y-1_U25,R1_F1_m-1f-1_P1_Y-1_U14,FXX,1,53.66092273482479,1,1,1.0,0,0,0,-9999.0,0.0,1,P0_CV0,1,0,2,2,0
1,2540470.832,712452.2021,R1_F1_m1f1_P1_Y0_UO21,R1_F1_m-1f-1_P1_Y-1_U134,R1_F1_m-1f-1_P1_Y-1_U70,MXY,1,53.66092273482479,1,1,0.0,0,0,0,-9999.0,0.0,1,P0_CV0,1,1,1,1,1
1,2540470.832,712452.2021,R1_F1_m-1f-1_P1_Y-1_U1,-9999,-9999,MXY,2,77.58558909760293,1,0,0.0,0,0,0,-9999.0,0.0,1,P0_CV0,1,0,2,0,2
1,2540470.832,712452.2021,R1_F1_m-1f-1_P1_Y-1_U71,-9999,-9999,MXY,2,77.58558909760293,1,0,0.0,0,0,0,-9999.0,0.5,1,P0_CV0,1,1,1,2,0
1,2540470.832,712452.2021,R1_F1_m-1f-1_P1_Y-1_U135,-9999,-9999,FXX,2,77.58558909760293,1,0,0.0,0,0,0,-9999.0,0.5,1,P0_CV0,1,1,1,1,1
1,2540470.832,712452.2021,R1_F1_m-1f-1_P1_Y-1_U12,-9999,-9999,FXX,2,77.58558909760293,1,0,0.0,0,0,0,-9999.0,0.5,1,P0_CV0,1,1,1,2,0
1,2540470.832,712452.2021,R1_F1_m-1f-1_P1_Y-1_U123,-9999,-9999,FXX,2,77.58558909760293,1,0,0.0,0,0,0,-9999.0,0.5,1,P0_CV0,1,1,1,1,1
1,2540470.832,712452.2021,R1_F1_m-1f-1_P1_Y-1_U110,-9999,-9999,FXX,2,77.58558909760293,1,0,0.0,0,0,0,-9999.0,0.0,1,P0_CV0,1,0,2,1,1
1,2540470.832,712452.2021,R1_F1_m-1f-1_P1_Y-1_U67,-9999,-9999,MXY,2,77.58558909760293,1,0,0.0,0,0,0,-9999.0,0.5,1,P0_CV0,1,1,1,1,1
1,2540470.832,712452.2021,R1_F1_m-1f-1_P1_Y-1_U51,-9999,-9999,FXX,2,77.58558909760293,1,0,1.479,0,0,0,-9999.0,0.5,1,P0_CV0,1,1,1,2,0
1,2540470.832,712452.2021,R1_F1_m-1f-1_P1_Y-1_U33,-9999,-9999,MXY,2,77.58558909760293,1,0,0.0,0,0,0,-9999.0,1.0,1,P0_CV0,1,2,0,1,1
1,2540470.832,712452.2021,R1_F1_m-1f-1_P1_Y-1_U17,-9999,-9999,FXX,2,77.58558909760293,1,0,0.0,0,0,0,-9999.0,0.0,1,P0_CV0,1,0,2,1,1
1,2540470.832,712452.2021,R1_F1_m-1f-1_P1_Y-1_U60,-9999,-9999,MXY,2,77.58558909760293,1,0,0.0,0,0,0,-9999.0,0.5,1,P0_CV0,1,1,1,2,0
1,2540470.832,712452.2021,R1_F1_m-1f-1_P1_Y-1_U34,-9999,-9999,MXY,2,77.58558909760293,1,0,0.0,0,0,0,-9999.0,0.0,1,P0_CV0,1,0,2,0,2
1,2540470.832,712452.2021,R1_F1_m-1f-1_P1_Y-1_U118,-9999,-9999,MXY,2,77.58558909760293,1,0,0.0,0,0,0,-9999.0,0.5,1,P0_CV0,1,1,1,1,1
1,2540470.832,712452.2021,R1_F1_m-1f-1_P1_Y-1_U38,-9999,-9999,FXX,2,77.58558909760293,1,0,2.11,0,0,0,-9999.0,0.0,1,P0_CV0,1,0,2,2,0
1,2540470.832,712452.2021,R1_F1_m-1f-1_P1_Y-1_U77,-9999,-9999,MXY,2,77.58558909760293,1,0,0.0,0,0,0,-9999.0,0.5,1,P0_CV0,1,1,1,0,2
1,2540470.832,712452.2021,R1_F1_m-1f-1_P1_Y-1_U6,-9999,-9999,MXY,3,98.24041923492628,1,0,0.0,0,0,0,-9999.0,0.5,1,P0_CV0,1,1,1,0,2
1,2540470.832,712452.2021,R1_F1_m-1f-1_P1_Y-1_U106,-9999,-9999,FXX,3,98.31941923492627,1,0,1.52,0,0,0,-9999.0,0.0,1,P0_CV0,1,0,2,0,2
1,2540470.832,712452.2021,R1_F1_m-1f-1_P1_Y-1_U18,-9999,-9999,FXX,3,94.28241923492627,1,0,2.111,0,0,0,-9999.0,0.0,1,P0_CV0,1,0,2,1,1
1,2540470.832,712452.2021,R1_F1_m-1f-1_P1_Y-1_U68,-9999,-9999,MXY,3,94.56041923492627,1,0,0.0,0,0,0,-9999.0,0.0,1,P0_CV0,1,0,2,1,1
1,2540470.832,712452.2021,R1_F1_m-1f-1_P1_Y-1_U53,-9999,-9999,FXX,3,99.67341923492627,1,0,0.0,0,0,0,-9999.0,0.0,1,P0_CV0,1,0,2,1,1
1,2540470.832,712452.2021,R1_F1_m-1f-1_P1_Y-1_U134,-9999,-9999,FXX,3,94.09141923492628,1,0,0.0,0,0,0,-9999.0,0.0,1,P0_CV0,1,0,2,1,1
1,2540470.832,712452.2021,R1_F1_m-1f-1_P1_Y-1_U52,-9999,-9999,MXY,3,103.22141923492627,1,0,0.0,0,0,0,-9999.0,0.0,1,P0_CV0,1,0,2,0,2
1,2540470.832,712452.2021,R1_F1_m-1f-1_P1_Y-1_U70,-9999,-9999,MXY,3,89.43041923492628,1,0,0.0,0,0,0,-9999.0,0.0,1,P0_CV0,1,0,2,2,0
1,2540470.832,712452.2021,R1_F1_m-1f-1_P1_Y-1_U26,-9999,-9999,FXX,3,101.06141923492628,1,0,1.812,0,0,0,-9999.0,0.0,1,P0_CV0,1,0,2,0,2
1,2540470.832,712452.2021,R1_F1_m-1f-1_P1_Y-1_U133,-9999,-9999,MXY,4,126.0238375445223,1,0,0.0,0,0,0,-9999.0,0.0,1,P0_CV0,1,0,2,0,2
1,2540470.832,712452.2021,R1_F1_m-1f-1_P1_Y-1_U19,-9999,-9999,FXX,4,126.0238375445223,1,0,1.731,0,0,0,-9999.0,0.0,1,P0_CV0,1,0,2,0,2
1,2540470.832,712452.2021,R1_F1_m-1f-1_P1_Y-1_U43,-9999,-9999,FXX,4,126.0238375445223,1,0,1.0,0,0,0,-9999.0,0.5,1,P0_CV0,1,1,1,1,1
1,2540470.832,712452.2021,R1_F1_m-1f-1_P1_Y-1_U98,-9999,-9999,MXY,4,126.0238375445223,1,0,0.0,0,0,0,-9999.0,0.5,1,P0_CV0,1,1,1,0,2
1,2540470.832,712452.2021,R1_F1_m-1f-1_P1_Y-1_U73,-9999,-9999,FXX,5,125.4760776040367,1,0,1.0,0,0,0,-9999.0,0.5,1,P0_CV0,1,1,1,1,1
1,2540470.832,712452.2021,R1_F1_m-1f-1_P1_Y-1_U121,-9999,-9999,FXX,5,133.0650776040367,1,0,1.383,0,0,0,-9999.0,0.0,1,P0_CV0,1,0,2,1,1
1,2540470.832,712452.2021,R1_F1_m2f2_P2_Y0_UO205,R2_F2_m-1f-1_P2_Y-1_U8,R2_F2_m-1f-1_P2_Y-1_U49,MXY,1,53.66018395225735,1,1,0.0,0,0,0,-9999.0,0.75,1,P1_CV0,1,1,1,1,1
1,2540470.832,712452.2021,Age0_F1_m1f1_P1_Y1_UO422,RD1_F6_m-1f-1_P6_Y-1_U119,R1_F1_m-1f-1_P1_Y-1_U118,MXY,0,31.028997987985097,0,0,0.0,0,0,0,0.0,0.5,1,P5_CV0,1,2,0,2,0
1,2540470.832,712452.2021,Age0_F1_m1f1_P1_Y1_UO429,RD1_F6_m-1f-1_P6_Y-1_U119,R1_F1_m-1f-1_P1_Y-1_U32,FXX,0,31.028997987985097,0,0,0.0,0,0,0,0.0,0.25,1,P5_CV0,1,1,1,2,0
1,2540470.832,712452.2021,Age0_F1_m1f1_P1_Y1_UO430,RD1_F6_m-1f-1_P6_Y-1_U119,R1_F1_m-1f-1_P1_Y-1_U32,FXX,0,31.028997987985097,0,0,0.0,0,0,0,0.0,0.25,1,P5_CV0,1,0,2,2,0
2,2536859.926,708059.4624,Age0_F2_m2f2_P2_Y1_UO5,R2_F2_m-1f-1_P2_Y-1_U122,R2_F2_m-1f-1_P2_Y-1_U61,MXY,0,31.03199909641214,0,0,0.0,0,0,0,0.0,0.75,1,P1_CV0,1,1,1,1,1
2,2536859.926,708059.4624,Age0_F2_m2f2_P2_Y1_UO6,R2_F2_m-1f-1_P2_Y-1_U122,R2_F2_m-1f-1_P2_Y-1_U61,MXY,0,31.03199909641214,0,0,0.0,0,0,0,0.0,0.75,1,P1_CV0,1,2,0,1,1
2,2536859.926,708059.4624,Age0_F2_m2f2_P2_Y1_UO11,R2_F2_m-1f-1_P2_Y-1_U72,R2_F2_m-1f-1_P2_Y-1_U59,MXY,0,31.03199909641214,0,0,0.0,0,0,0,0.0,0.5,1,P1_CV0,1,1,1,1,1
2,2536859.926,708059.4624,Age0_F2_m2f2_P2_Y1_UO16,R2_F2_m-1f-1_P2_Y-1_U65,R2_F2_m-1f-1_P2_Y-1_U130,FXX,0,31.03199909641214,0,0,0.0,0,0,0,0.0,0.25,1,P1_CV0,1,0,2,0,2
2,2536859.926,708059.4624,Age0_F2_m2f2_P2_Y1_UO17,R2_F2_m-1f-1_P2_Y-1_U65,R2_F2_m-1f-1_P2_Y-1_U130,MXY,0,31.03199909641214,0,0,0.0,0,0,0,0.0,0.25,1,P1_CV0,1,1,1,1,1
2,2536859.926,708059.4624,Age0_F2_m2f2_P2_Y1_UO18,R2_F2_m-1f-1_P2_Y-1_U65,R2_F2_m-1f-1_P2_Y-1_U130,MXY,0,31.03199909641214,0,0,0.0,0,0,0,0.0,0.25,1,P1_CV0,1,0,2,2,0
2,2536859.926,708059.4624,Age0_F2_m2f2_P2_Y1_UO19,R2_F2_m-1f-1_P2_Y-1_U65,R2_F2_m-1f-1_P2_Y-1_U130,FXX,0,31.03199909641214,0,0,0.0,0,0,0,0.0,0.25,1,P1_CV0,1,0,2,1,1
2,2536859.926,708059.4624,Age0_F2_m2f2_P2_Y1_UO22,R2_F2_m-1f-1_P2_Y-1_U139,R2_F2_m-1f-1_P2_Y-1_U59,MXY,0,31.03199909641214,0,0,0.0,0,0,0,0.0,0.75,1,P1_CV0,1,0,2,0,2
2,2536859.926,708059.4624,Age0_F2_m2f2_P2_Y1_UO23,R2_F2_m-1f-1_P2_Y-1_U139,R2_F2_m-1f-1_P2_Y-1_U59,FXX,0,31.03199909641214,0,0,0.0,0,0,0,0.0,0.75,1,P1_CV0,1,2,0,1,1
2,2536859.926,708059.4624,Age0_F2_m2f2_P2_Y1_UO60,R2_F2_m-1f-1_P2_Y-1_U110,R2_F2_m-1f-1_P2_Y-1_U31,FXX,0,31.03199909641214,0,0,0.0,0,0,0,0.0,0.25,1,P1_CV0,1,2,0,1,1
2,2536859.926,708059.4624,Age0_F2_m2f2_P2_Y1_UO87,R2_F2_m-1f-1_P2_Y-1_U18,R2_F2_m-1f-1_P2_Y-1_U59,MXY,0,31.03199909641214,0,0,0.0,0,0,0,0.0,0.5,1,P1_CV0,1,0,2,1,1
2,2536859.926,708059.4624,Age0_F2_m2f2_P2_Y1_UO97,R2_F2_m-1f-1_P2_Y-1_U26,R2_F2_m-1f-1_P2_Y-1_U29,FXX,0,31.03199909641214,0,0,0.0,0,0,0,0.0,0.75,1,P1_CV0,1,1,1,1,1
2,2536859.926,708059.4624,Age0_F2_m2f2_P2_Y1_UO98,R2_F2_m-1f-1_P2_Y-1_U26,R2_F2_m-1f-1_P2_Y-1_U29,MXY,0,31.03199909641214,0,0,0.0,0,0,0,0.0,0.75,1,P1_CV0,1,0,2,2,0
2,2536859.926,708059.4624,Age0_F2_m2f2_P2_Y1_UO106,R2_F2_m-1f-1_P2_Y-1_U72,R2_F2_m-1f-1_P2_Y-1_U86,MXY,0,31.03199909641214,0,0,0.0,0,0,0,0.0,0.25,1,P1_CV0,1,1,1,1,1
2,2536859.926,708059.4624,Age0_F2_m2f2_P2_Y1_UO107,R2_F2_m-1f-1_P2_Y-1_U72,R2_F2_m-1f-1_P2_Y-1_U86,FXX,0,31.03199909641214,0,0,0.0,0,0,0,0.0,0.25,1,P1_CV0,1,1,1,0,2
2,2536859.926,708059.4624,Age0_F2_m2f2_P2_Y1_UO108,R2_F2_m-1f-1_P2_Y-1_U56,R2_F2_m-1f-1_P2_Y-1_U74,MXY,0,31.03199909641214,0,0,0.0,0,0,0,0.0,0.25,1,P1_CV0,1,0,2,0,2
2,2536859.926,708059.4624,Age0_F2_m2f2_P2_Y1_UO109,R2_F2_m-1f-1_P2_Y-1_U56,R2_F2_m-1f-1_P2_Y-1_U74,MXY,0,31.03199909641214,0,0,0.0,0,0,0,0.0,0.25,1,P1_CV0,1,1,1,1,1
2,2536859.926,708059.4624,Age0_F2_m2f2_P2_Y1_UO112,R2_F2_m-1f-1_P2_Y-1_U121,R2_F2_m-1f-1_P2_Y-1_U119,MXY,0,31.03199909641214,0,0,0.0,0,0,0,0.0,0.75,1,P1_CV0,1,1,1,0,2
2,2536859.926,708059.4624,Age0_F2_m2f2_P2_Y1_UO113,R2_F2_m-1f-1_P2_Y-1_U113,I2_F7_m-1f-1_P2_Y-1_U117,FXX,0,31.03199909641214,0,0,0.0,0,0,0,0.0,0.25,1,P1_CV0,1,0,2,0,2
2,2536859.926,708059.4624,Age0_F2_m2f2_P2_Y1_UO135,R2_F2_m-1f-1_P2_Y-1_U34,R2_F2_m-1f-1_P2_Y-1_U9,FXX,0,31.03199909641214,0,0,0.0,0,0,0,0.0,1.0,1,P1_CV0,1,0,2,1,1
2,2536859.926,708059.4624,Age0_F2_m2f2_P2_Y1_UO136,R2_F2_m-1f-1_P2_Y-1_U34,R2_F2_m-1f-1_P2_Y-1_U9,MXY,0,31.03199909641214,0,0,0.0,0,0,0,0.0,1.0,1,P1_CV0,1,1,1,1,1
2,2536859.926,708059.4624,Age0_F2_m2f2_P2_Y1_UO140,R2_F2_m-1f-1_P2_Y-1_U40,R2_F2_m-1f-1_P2_Y-1_U96,MXY,0,31.03199909641214,0,0,0.0,0,0,0,0.0,0.5,1,P1_CV0,1,1,1,2,0
2,2536859.926,708059.4624,Age0_F2_m2f2_P2_Y1_UO141,R2_F2_m-1f-1_P2_Y-1_U51,R2_F2_m-1f-1_P2_Y-1_U58,FXX,0,31.03199909641214,0,0,0.0,0,0,0,0.0,0.25,1,P1_CV0,1,1,1,2,0
2,2536859.926,708059.4624,Age0_F2_m2f2_P2_Y1_UO142,R2_F2_m-1f-1_P2_Y-1_U51,R2_F2_m-1f-1_P2_Y-1_U58,FXX,0,31.03199909641214,0,0,0.0,0,0,0,0.0,0.25,1,P1_CV0,1,1,1,1,1
2,2536859.926,708059.4624,Age0_F2_m2f2_P2_Y1_UO159,R2_F2_m-1f-1_P2_Y-1_U56,R2_F2_m-1f-1_P2_Y-1_U79,MXY,0,31.03199909641214,0,0,0.0,0,0,0,0.0,0.25,1,P1_CV0,1,1,1,0,2
2,2536859.926,708059.4624,Age0_F2_m2f2_P2_Y1_UO160,R2_F2_m-1f-1_P2_Y-1_U56,R2_F2_m-1f-1_P2_Y-1_U79,FXX,0,31.03199909641214,0,0,0.0,0,0,0,0.0,0.25,1,P1_CV0,1,1,1,1,1
2,2536859.926,708059.4624,Age0_F2_m2f2_P2_Y1_UO166,R2_F2_m-1f-1_P2_Y-1_U126,R2_F2_m-1f-1_P2_Y-1_U119,FXX,0,31.03199909641214,0,0,0.0,0,0,0,0.0,0.5,1,P1_CV0,1,1,1,0,2
2,2536859.926,708059.4624,Age0_F2_m2f2_P2_Y1_UO175,R2_F2_m-1f-1_P2_Y-1_U11,R2_F2_m-1f-1_P2_Y-1_U15,MXY,0,31.03199909641214,0,0,0.0,0,0,0,0.0,0.75,1,P1_CV0,1,2,0,1,1
2,2536859.926,708059.4624,Age0_F2_m2f2_P2_Y1_UO176,R2_F2_m-1f-1_P2_Y-1_U11,R2_F2_m-1f-1_P2_Y-1_U15,FXX,0,31.03199909641214,0,0,0.0,0,0,0,0.0,0.75,1,P1_CV0,1,1,1,2,0
2,2536859.926,708059.4624,Age0_F2_m2f2_P2_Y1_UO179,R2_F2_m-1f-1_P2_Y-1_U72,R2_F2_m-1f-1_P2_Y-1_U41,MXY,0,31.03199909641214,0,0,0.0,0,0,0,0.0,0.75,1,P1_CV0,1,1,1,1,1
2,2536859.926,708059.4624,Age0_F2_m2f2_P2_Y1_UO187,R2_F2_m-1f-1_P2_Y-1_U121,R2_F2_m-1f-1_P2_Y-1_U73,FXX,0,31.03199909641214,0,0,0.0,0,0,0,0.0,0.75,1,P1_CV0,1,1,1,0,2
2,2536859.926,708059.4624,Age0_F2_m2f2_P2_Y1_UO188,R2_F2_m-1f-1_P2_Y-1_U121,R2_F2_m-1f-1_P2_Y-1_U73,FXX,0,31.03199909641214,0,0,0.0,0,0,0,0.0,0.75,1,P1_CV0,1,2,0,0,2
2,2536859.926,708059.4624,Age0_F2_m2f2_P2_Y1_UO189,R2_F2_m-1f-1_P2_Y-1_U121,R2_F2_m-1f-1_P2_Y-1_U73,FXX,0,31.03199909641214,0,0,0.0,0,0,0,0.0,0.75,1,P1_CV0,1,0,2,0,2
2,2536859.926,708059.4624,Age0_F2_m2f2_P2_Y1_UO196,R2_F2_m-1f-1_P2_Y-1_U40,R2_F2_m-1f-1_P2_Y-1_U59,MXY,0,31.03199909641214,0,0,0.0,0,0,0,0.0,0.75,1,P1_CV0,1,0,2,1,1
2,2536859.926,708059.4624,Age0_F2_m2f2_P2_Y1_UO203,R2_F2_m-1f-1_P2_Y-1_U116,R2_F2_m-1f-1_P2_Y-1_U54,MXY,0,31.03199909641214,0,0,0.0,0,0,0,0.0,0.5,1,P1_CV0,1,0,2,1,1
2,2536859.926,708059.4624,Age0_F2_m2f2_P2_Y1_UO204,R2_F2_m-1f-1_P2_Y-1_U116,R2_F2_m-1f-1_P2_Y-1_U54,FXX,0,31.03199909641214,0,0,0.0,0,0,0,0.0,0.5,1,P1_CV0,1,2,0,1,1
2,2536859.926,708059.4624,Age0_F2_m2f2_P2_Y1_UO214,R2_F2_m-1f-1_P2_Y-1_U116,R2_F2_m-1f-1_P2_Y-1_U41,MXY,0,31.03199909641214,0,0,0.0,0,0,0,0.0,0.75,1,P1_CV0,1,1,1,0,2
2,2536859.926,708059.4624,Age0_F2_m2f2_P2_Y1_UO215,R2_F2_m-1f-1_P2_Y-1_U116,R2_F2_m-1f-1_P2_Y-1_U41,FXX,0,31.03199909641214,0,0,0.0,0,0,0,0.0,0.75,1,P1_CV0,1,1,1,2,0
2,2536859.926,708059.4624,Age0_F2_m2f2_P2_Y1_UO216,R2_F2_m-1f-1_P2_Y-1_U116,R2_F2_m-1f-1_P2_Y-1_U41,MXY,0,31.03199909641214,0,0,0.0,0,0,0,0.0,0.75,1,P1_CV0,1,1,1,1,1
2,2536859.926,708059.4624,Age0_F2_m2f2_P2_Y1_UO223,R2_F2_m-1f-1_P2_Y-1_U113,R2_F2_m-1f-1_P2_Y-1_U86,FXX,0,31.03199909641214,0,0,0.0,0,0,0,0.0,0.25,1,P1_CV0,1,0,2,2,0
2,2536859.926,708059.4624,Age0_F2_m2f2_P2_Y1_UO224,R2_F2_m-1f-1_P2_Y-1_U113,R2_F2_m-1f-1_P2_Y-1_U86,MXY,0,31.03199909641214,0,0,0.0,0,0,0,0.0,0.25,1,P1_CV0,1,1,1,2,0
2,2536859.926,708059.4624,Age0_F2_m2f2_P2_Y1_UO241,R2_F2_m-1f-1_P2_Y-1_U43,R2_F2_m-1f-1_P2_Y-1_U58,FXX,0,31.03199909641214,0,0,0.0,0,0,0,0.0,0.5,1,P1_CV0,1,2,0,2,0
2,2536859.926,708059.4624,Age0_F2_m2f2_P2_Y1_UO242,R2_F2_m-1f-1_P2_Y-1_U43,R2_F2_m-1f-1_P2_Y-1_U58,FXX,0,31.03199909641214,0,0,0.0,0,0,0,0.0,0.5,1,P1_CV0,1,1,1,1,1
2,2536859.926,708059.4624,Age0_F2_m2f2_P2_Y1_UO243,R2_F2_m-1f-1_P2_Y-1_U43,R2_F2_m-1f-1_P2_Y-1_U58,MXY,0,31.03199909641214,0,0,0.0,0,0,0,0.0,0.5,1,P1_CV0,1,1,1,1,1
2,2536859.926,708059.4624,Age0_F2_m2f2_P2_Y1_UO244,R2_F2_m-1f-1_P2_Y-1_U43,R2_F2_m-1f-1_P2_Y-1_U58,MXY,0,31.03199909641214,0,0,0.0,0,0,0,0.0,0.5,1,P1_CV0,1,1,1,0,2
2,2536859.926,708059.4624,Age0_F2_m2f2_P2_Y1_UO256,R2_F2_m-1f-1_P2_Y-1_U120,R2_F2_m-1f-1_P2_Y-1_U58,MXY,0,31.03199909641214,0,0,0.0,0,0,0,0.0,0.25,1,P1_CV0,1,1,1,1,1
2,2536859.926,708059.4624,Age0_F2_m2f2_P2_Y1_UO257,R2_F2_m-1f-1_P2_Y-1_U120,R2_F2_m-1f-1_P2_Y-1_U58,FXX,0,31.03199909641214,0,0,0.0,0,0,0,0.0,0.25,1,P1_CV0,1,0,2,1,1
2,2536859.926,708059.4624,Age0_F2_m2f2_P2_Y1_UO258,R2_F2_m-1f-1_P2_Y-1_U120,R2_F2_m-1f-1_P2_Y-1_U58,FXX,0,31.03199909641214,0,0,0.0,0,0,0,0.0,0.25,1,P1_CV0,1,1,1,1,1
2,2536859.926,708059.4624,Age0_F2_m2f2_P2_Y1_UO268,R2_F2_m-1f-1_P2_Y-1_U104,R2_F2_m-1f-1_P2_Y-1_U80,FXX,0,31.03199909641214,0,0,0.0,0,0,0,0.0,0.5,1,P1_CV0,1,1,1,1,1
2,2536859.926,708059.4624,Age0_F2_m2f2_P2_Y1_UO277,R2_F2_m-1f-1_P2_Y-1_U11,R2_F2_m-1f-1_P2_Y-1_U73,FXX,0,31.03199909641214,0,0,0.0,0,0,0,0.0,0.5,1,P1_CV0,1,1,1,1,1
2,2536859.926,708059.4624,Age0_F2_m2f2_P2_Y1_UO278,R2_F2_m-1f-1_P2_Y-1_U11,R2_F2_m-1f-1_P2_Y-1_U73,MXY,0,31.03199909641214,0,0,0.0,0,0,0,0.0,0.5,1,P1_CV0,1,2,0,1,1
2,2536859.926,708059.4624,Age0_F2_m2f2_P2_Y1_UO279,R2_F2_m-1f-1_P2_Y-1_U11,R2_F2_m-1f-1_P2_Y-1_U73,MXY,0,31.03199909641214,0,0,0.0,0,0,0,0.0,0.5,1,P1_CV0,1,2,0,0,2
2,2536859.926,708059.4624,Age0_F2_m2f2_P2_Y1_UO317,R2_F2_m-1f-1_P2_Y-1_U105,R2_F2_m-1f-1_P2_Y-1_U69,FXX,0,31.03199909641214,0,0,0.0,0,0,0,0.0,0.25,1,P1_CV0,1,1,1,2,0
2,2536859.926,708059.4624,Age0_F2_m2f2_P2_Y1_UO318,R2_F2_m-1f-1_P2_Y-1_U105,R2_F2_m-1f-1_P2_Y-1_U69,FXX,0,31.03199909641214,0,0,0.0,0,0,0,0.0,0.25,1,P1_CV0,1,0,2,1,1
2,2536859.926,708059.4624,Age0_F2_m2f2_P2_Y1_UO319,R2_F2_m-1f-1_P2_Y-1_U105,R2_F2_m-1f-1_P2_Y-1_U69,MXY,0,31.03199909641214,0,0,0.0,0,0,0,0.0,0.25,1,P1_CV0,1,0,2,1,1
2,2536859.926,708059.4624,Age0_F2_m2f2_P2_Y1_UO320,R2_F2_m-1f-1_P2_Y-1_U56,R2_F2_m-1f-1_P2_Y-1_U78,MXY,0,31.03199909641214,0,0,0.0,0,0,0,0.0,0.25,1,P1_CV0,1,1,1,2,0
2,2536859.926,708059.4624,Age0_F2_m2f2_P2_Y1_UO322,R2_F2_m-1f-1_P2_Y-1_U136,R2_F2_m-1f-1_P2_Y-1_U73,FXX,0,31.03199909641214,0,0,0.0,0,0,0,0.0,0.25,1,P1_CV0,1,2,0,1,1
2,2536859.926,708059.4624,Age0_F2_m2f2_P2_Y1_UO323,R2_F2_m-1f-1_P2_Y-1_U136,R2_F2_m-1f-1_P2_Y-1_U73,FXX,0,31.03199909641214,0,0,0.0,0,0,0,0.0,0.25,1,P1_CV0,1,1,1,2,0
2,2536859.926,708059.4624,Age0_F2_m2f2_P2_Y1_UO324,R2_F2_m-1f-1_P2_Y-1_U136,R2_F2_m-1f-1_P2_Y-1_U73,MXY,0,31.03199909641214,0,0,0.0,0,0,0,0.0,0.25,1,P1_CV0,1,0,2,2,0
2,2536859.926,708059.4624,Age0_F2_m2f2_P2_Y1_UO325,R2_F2_m-1f-1_P2_Y-1_U136,R2_F2_m-1f-1_P2_Y-1_U73,FXX,0,31.03199909641214,0,0,0.0,0,0,0,0.0,0.25,1,P1_CV0,1,2,0,1,1
2,2536859.926,708059.4624,Age0_F2_m2f2_P2_Y1_UO342,R2_F2_m-1f-1_P2_Y-1_U116,R2_F2_m-1f-1_P2_Y-1_U93,FXX,0,31.03199909641214,0,0,0.0,0,0,0,0.0,0.5,1,P1_CV0,1,0,2,2,0
2,2536859.926,708059.4624,Age0_F2_m2f2_P2_Y1_UO343,R2_F2_m-1f-1_P2_Y-1_U116,R2_F2_m-1f-1_P2_Y-1_U93,MXY,0,31.03199909641214,0,0,0.0,0,0,0,0.0,0.5,1,P1_CV0,1,1,1,0,2
2,2536859.926,708059.4624,Age0_F2_m2f2_P2_Y1_UO344,R2_F2_m-1f-1_P2_Y-1_U7,R2_F2_m-1f-1_P2_Y-1_U54,FXX,0,31.03199909641214,0,0,0.0,0,0,0,0.0,0.5,1,P1_CV0,1,2,0,1,1
2,2536859.926,708059.4624,Age0_F2_m2f2_P2_Y1_UO345,R2_F2_m-1f-1_P2_Y-1_U7,R2_F2_m-1f-1_P2_Y-1_U54,FXX,0,31.03199909641214,0,0,0.0,0,0,0,0.0,0.5,1,P1_CV0,1,0,2,1,1
2,2536859.926,708059.4624,Age0_F2_m2f2_P2_Y1_UO349,R2_F2_m-1f-1_P2_Y-1_U48,R2_F2_m-1f-1_P2_Y-1_U53,FXX,0,31.03199909641214,0,0,0.0,0,0,0,0.0,1.0,1,P1_CV0,1,0,2,2,0
2,2536859.926,708059.4624,Age0_F2_m2f2_P2_Y1_UO350,R2_F2_m-1f-1_P2_Y-1_U48,R2_F2_m-1f-1_P2_Y-1_U53,MXY,0,31.03199909641214,0,0,0.0,0,0,0,0.0,1.0,1,P1_CV0,1,2,0,2,0
2,2536859.926,708059.4624,Age0_F2_m2f2_P2_Y1_UO351,R2_F2_m-1f-1_P2_Y-1_U47,R2_F2_m-1f-1_P2_Y-1_U27,FXX,0,31.03199909641214,0,0,0.0,0,0,0,0.0,0.5,1,P1_CV0,1,0,2,0,2
2,2536859.926,708059.4624,Age0_F2_m2f2_P2_Y1_UO352,R2_F2_m-1f-1_P2_Y-1_U48,R2_F2_m-1f-1_P2_Y-1_U9,FXX,0,31.03199909641214,0,0,0.0,0,0,0,0.0,1.0,1,P1_CV0,1,1,1,1,1
2,2536859.926,708059.4624,Age0_F2_m2f2_P2_Y1_UO368,R2_F2_m-1f-1_P2_Y-1_U35,R2_F2_m-1f-1_P2_Y-1_U21,FXX,0,31.03199909641214,0,0,0.0,0,0,0,0.0,0.5,1,P1_CV0,1,2,0,2,0
2,2536859.926,708059.4624,Age0_F2_m2f2_P2_Y1_UO375,R2_F2_m-1f-1_P2_Y-1_U56,R2_F2_m-1f-1_P2_Y-1_U21,FXX,0,31.03199909641214,0,0,0.0,0,0,0,0.0,0.5,1,P1_CV0,1,2,0,1,1
2,2536859.926,708059.4624,Age0_F2_m2f2_P2_Y1_UO376,R2_F2_m-1f-1_P2_Y-1_U56,R2_F2_m-1f-1_P2_Y-1_U21,MXY,0,31.03199909641214,0,0,0.0,0,0,0,0.0,0.5,1,P1_CV0,1,2,0,1,1
2,2536859.926,708059.4624,Age0_F2_m2f2_P2_Y1_UO395,R2_F2_m-1f-1_P2_Y-1_U7,R2_F2_m-1f-1_P2_Y-1_U83,MXY,0,31.03199909641214,0,0,0.0,0,0,0,0.0,0.75,1,P1_CV0,1,1,1,1,1
2,2536859.926,708059.4624,Age0_F2_m2f2_P2_Y1_UO396,R2_F2_m-1f-1_P2_Y-1_U7,R2_F2_m-1f-1_P2_Y-1_U83,MXY,0,31.03199909641214,0,0,0.0,0,0,0,0.0,0.75,1,P1_CV0,1,0,2,2,0
2,2536859.926,708059.4624,Age0_F2_m2f2_P2_Y1_UO436,R2_F2_m-1f-1_P2_Y-1_U51,R2_F2_m-1f-1_P2_Y-1_U77,FXX,0,31.03199909641214,0,0,0.0,0,0,0,0.0,0.25,1,P1_CV0,1,2,0,2,0
2,2536859.926,708059.4624,Age0_F2_m2f2_P2_Y1_UO437,R2_F2_m-1f-1_P2_Y-1_U51,R2_F2_m-1f-1_P2_Y-1_U77,FXX,0,31.03199909641214,0,0,0.0,0,0,0,0.0,0.25,1,P1_CV0,1,1,1,2,0
2,2536859.926,708059.4624,Age0_F2_m2f2_P2_Y1_UO438,R2_F2_m-1f-1_P2_Y-1_U51,R2_F2_m-1f-1_P2_Y-1_U77,MXY,0,31.03199909641214,0,0,0.0,0,0,0,0.0,0.25,1,P1_CV0,1,2,0,1,1
2,2536859.926,708059.4624,Age0_F2_m2f2_P2_Y1_UO440,R2_F2_m-1f-1_P2_Y-1_U102,R2_F2_m-1f-1_P2_Y-1_U80,FXX,0,31.03199909641214,0,0,0.0,0,0,0,0.0,0.5,1,P1_CV0,1,2,0,0,2
2,2536859.926,708059.4624,Age0_F2_m2f2_P2_Y1_UO459,R2_F2_m-1f-1_P2_Y-1_U136,R2_F2_m-1f-1_P2_Y-1_U6,FXX,0,31.03199909641214,0,0,0.0,0,0,0,0.0,0.5,1,P1_CV0,1,1,1,2,0
2,2536859.926,708059.4624,Age0_F2_m2f2_P2_Y1_UO460,R2_F2_m-1f-1_P2_Y-1_U136,R2_F2_m-1f-1_P2_Y-1_U6,FXX,0,31.03199909641214,0,0,0.0,0,0,0,0.0,0.5,1,P1_CV0,1,1,1,2,0
2,2536859.926,708059.4624,Age0_F2_m2f2_P2_Y1_UO461,R2_F2_m-1f-1_P2_Y-1_U136,R2_F2_m-1f-1_P2_Y-1_U6,MXY,0,31.03199909641214,0,0,0.0,0,0,0,0.0,0.5,1,P1_CV0,1,1,1,1,1
2,2536859.926,708059.4624,Age0_F2_m2f2_P2_Y1_UO462,R2_F2_m-1f-1_P2_Y-1_U136,R2_F2_m-1f-1_P2_Y-1_U6,MXY,0,31.03199909641214,0,0,0.0,0,0,0,0.0,0.5,1,P1_CV0,1,1,1,0,2
2,2536859.926,708059.4624,Age0_F2_m2f2_P2_Y1_UO465,R2_F2_m-1f-1_P2_Y-1_U44,R2_F2_m-1f-1_P2_Y-1_U95,MXY,0,31.03199909641214,0,0,0.0,0,0,0,0.0,0.0,1,P1_CV0,1,0,2,1,1
2,2536859.926,708059.4624,Age0_F2_m2f2_P2_Y1_UO496,R2_F2_m-1f-1_P2_Y-1_U102,R2_F2_m-1f-1_P2_Y-1_U88,MXY,0,31.03199909641214,0,0,0.0,0,0,0,0.0,0.75,1,P1_CV0,1,1,1,1,1
2,2536859.926,708059.4624,Age0_F2_m2f2_P2_Y1_UO497,R2_F2_m-1f-1_P2_Y-1_U102,R2_F2_m-1f-1_P2_Y-1_U88,FXX,0,31.03199909641214,0,0,0.0,0,0,0,0.0,0.75,1,P1_CV0,1,1,1,1,1
2,2536859.926,708059.4624,Age0_F2_m2f2_P2_Y1_UO498,R2_F2_m-1f-1_P2_Y-1_U107,R2_F2_m-1f-1_P2_Y-1_U0,MXY,0,31.03199909641214,0,0,0.0,0,0,0,0.0,0.25,1,P1_CV0,1,2,0,0,2
2,2536859.926,708059.4624,Age0_F2_m2f2_P2_Y1_UO512,R2_F2_m-1f-1_P2_Y-1_U48,R2_F2_m-1f-1_P2_Y-1_U108,MXY,0,31.03199909641214,0,0,0.0,0,0,0,0.0,0.5,1,P1_CV0,1,1,1,1,1
2,2536859.926,708059.4624,Age0_F2_m2f2_P2_Y1_UO532,R2_F2_m-1f-1_P2_Y-1_U30,R2_F2_m-1f-1_P2_Y-1_U137,FXX,0,31.03199909641214,0,0,0.0,0,0,0,0.0,1.0,1,P1_CV0,1,2,0,2,0
2,2536859.926,708059.4624,Age0_F2_m2f2_P2_Y1_UO533,R2_F2_m-1f-1_P2_Y-1_U30,R2_F2_m-1f-1_P2_Y-1_U137,MXY,0,31.03199909641214,0,0,0.0,0,0,0,0.0,1.0,1,P1_CV0,1,1,1,1,1
2,2536859.926,708059.4624,Age0_F2_m2f2_P2_Y1_UO534,R2_F2_m-1f-1_P2_Y-1_U30,R2_F2_m-1f-1_P2_Y-1_U137,MXY,0,31.03199909641214,0,0,0.0,0,0,0,0.0,1.0,1,P1_CV0,1,1,1,2,0
2,2536859.926,708059.4624,Age0_F2_m2f2_P2_Y1_UO539,R2_F2_m-1f-1_P2_Y-1_U136,R2_F2_m-1f-1_P2_Y-1_U69,FXX,0,31.03199909641214,0,0,0.0,0,0,0,0.0,0.0,1,P1_CV0,1,1,1,2,0
2,2536859.926,708059.4624,Age0_F2_m2f2_P2_Y1_UO558,R2_F2_m-1f-1_P2_Y-1_U109,R2_F2_m-1f-1_P2_Y-1_U130,MXY,0,31.03199909641214,0,0,0.0,0,0,0,0.0,0.5,1,P1_CV0,1,1,1,2,0
2,2536859.926,708059.4624,Age0_F2_m2f2_P2_Y1_UO559,R2_F2_m-1f-1_P2_Y-1_U109,R2_F2_m-1f-1_P2_Y-1_U130,FXX,0,31.03199909641214,0,0,0.0,0,0,0,0.0,0.5,1,P1_CV0,1,2,0,1,1
2,2536859.926,708059.4624,Age0_F2_m2f2_P2_Y1_UO571,R2_F2_m-1f-1_P2_Y-1_U124,R2_F2_m-1f-1_P2_Y-1_U37,FXX,0,31.03199909641214,0,0,0.0,0,0,0,0.0,0.25,1,P1_CV0,1,1,1,2,0
2,2536859.926,708059.4624,Age0_F2_m2f2_P2_Y1_UO572,R2_F2_m-1f-1_P2_Y-1_U124,R2_F2_m-1f-1_P2_Y-1_U37,FXX,0,31.03199909641214,0,0,0.0,0,0,0,0.0,0.25,1,P1_CV0,1,0,2,1,1
2,2536859.926,708059.4624,Age0_F2_m2f2_P2_Y1_UO584,R2_F2_m-1f-1_P2_Y-1_U57,R2_F2_m-1f-1_P2_Y-1_U91,MXY,0,31.03199909641214,0,0,0.0,0,0,0,0.0,0.25,1,P1_CV0,1,1,1,1,1
2,2536859.926,708059.4624,Age0_F2_m2f2_P2_Y1_UO612,R2_F2_m-1f-1_P2_Y-1_U4,R2_F2_m-1f-1_P2_Y-1_U127,FXX,0,31.03199909641214,0,0,0.0,0,0,0,0.0,0.5,1,P1_CV0,1,1,1,0,2
2,2536859.926,708059.4624,Age0_F2_m2f2_P2_Y1_UO613,R2_F2_m-1f-1_P2_Y-1_U4,R2_F2_m-1f-1_P2_Y-1_U127,FXX,0,31.03199909641214,0,0,0.0,0,0,0,0.0,0.5,1,P1_CV0,1,1,1,1,1
2,2536859.926,708059.4624,Age0_F2_m2f2_P2_Y1_UO614,R2_F2_m-1f-1_P2_Y-1_U4,R2_F2_m-1f-1_P2_Y-1_U127,FXX,0,31.03199909641214,0,0,0.0,0,0,0,0.0,0.5,1,P1_CV0,1,1,1,1,1
2,2536859.926,708059.4624,Age0_F2_m2f2_P2_Y1_UO615,R2_F2_m-1f-1_P2_Y-1_U4,R2_F2_m-1f-1_P2_Y-1_U127,MXY,0,31.03199909641214,0,0,0.0,0,0,0,0.0,0.5,1,P1_CV0,1,2,0,1,1
2,2536859.926,708059.4624,Age0_F2_m2f2_P2_Y1_UO629,R2_F2_m-1f-1_P2_Y-1_U72,R2_F2_m-1f-1_P2_Y-1_U21,FXX,0,31.03199909641214,0,0,0.0,0,0,0,0.0,0.75,1,P1_CV0,1,2,0,0,2
2,2536859.926,708059.4624,Age0_F2_m2f2_P2_Y1_UO631,R2_F2_m-1f-1_P2_Y-1_U11,R2_F2_m-1f-1_P2_Y-1_U93,MXY,0,31.03199909641214,0,0,0.0,0,0,0,0.0,0.5,1,P1_CV0,1,1,1,2,0
2,2536859.926,708059.4624,Age0_F2_m2f2_P2_Y1_UO638,R2_F2_m-1f-1_P2_Y-1_U120,R2_F2_m-1f-1_P2_Y-1_U0,MXY,0,31.03199909641214,0,0,0.0,0,0,0,0.0,0.25,1,P1_CV0,1,1,1,1,1
2,2536859.926,708059.4624,Age0_F2_m2f2_P2_Y1_UO639,R2_F2_m-1f-1_P2_Y-1_U120,R2_F2_m-1f-1_P2_Y-1_U0,FXX,0,31.03199909641214,0,0,0.0,0,0,0,0.0,0.25,1,P1_CV0,1,0,2,1,1
2,2536859.926,708059.4624,R2_F2_m2f2_P2_Y0_UO400,R2_F2_m-1f-1_P2_Y-1_U111,R2_F2_m-1f-1_P2_Y-1_U127,MXY,1,31.669034439178464,1,1,0.0,0,0,0,-9999.0,0.5,1,P1_CV0,1,1,1,1,1
2,2536859.926,708059.4624,R2_F2_m2f2_P2_Y0_UO787,R2_F2_m-1f-1_P2_Y-1_U122,R2_F2_m-1f-1_P2_Y-1_U84,MXY,1,31.669034439178464,1,1,0.0,0,0,0,-9999.0,0.75,1,P1_CV0,1,0,2,1,1
2,2536859.926,708059.4624,R2_F2_m2f2_P2_Y0_UO6,R2_F2_m-1f-1_P2_Y-1_U106,R2_F2_m-1f-1_P2_Y-1_U137,MXY,1,31.669034439178464,1,1,0.0,0,0,0,-9999.0,1.0,1,P1_CV0,1,1,1,2,0
2,2536859.926,708059.4624,R2_F2_m2f2_P2_Y0_UO513,R2_F2_m-1f-1_P2_Y-1_U44,R2_F2_m-1f-1_P2_Y-1_U137,MXY,1,31.669034439178464,1,1,0.0,0,0,0,-9999.0,0.5,1,P1_CV0,1,1,1,1,1
2,2536859.926,708059.4624,R2_F2_m2f2_P2_Y0_UO272,R2_F2_m-1f-1_P2_Y-1_U43,R2_F2_m-1f-1_P2_Y-1_U15,FXX,1,31.669034439178464,1,1,0.0,0,0,0,-9999.0,1.0,1,P1_CV0,1,1,1,1,1
2,2536859.926,708059.4624,R2_F2_m2f2_P2_Y0_UO135,R2_F2_m-1f-1_P2_Y-1_U10,R2_F2_m-1f-1_P2_Y-1_U119,FXX,1,31.669034439178464,1,1,1.0,0,0,0,-9999.0,0.25,1,P1_CV0,1,2,0,1,1
2,2536859.926,708059.4624,R2_F2_m2f2_P2_Y0_UO8,R2_F2_m-1f-1_P2_Y-1_U106,R2_F2_m-1f-1_P2_Y-1_U137,FXX,1,31.669034439178464,1,1,0.0,0,0,0,-9999.0,1.0,1,P1_CV0,1,2,0,2,0
2,2536859.926,708059.4624,R2_F2_m2f2_P2_Y0_UO366,R2_F2_m-1f-1_P2_Y-1_U111,R2_F2_m-1f-1_P2_Y-1_U28,MXY,1,31.669034439178464,1,1,0.0,0,0,0,-9999.0,0.5,1,P1_CV0,1,1,1,1,1
2,2536859.926,708059.4624,R2_F2_m2f2_P2_Y0_UO116,R2_F2_m-1f-1_P2_Y-1_U72,R2_F2_m-1f-1_P2_Y-1_U17,MXY,1,31.669034439178464,1,1,0.0,0,0,0,-9999.0,0.25,1,P1_CV0,1,1,1,1,1
2,2536859.926,708059.4624,R2_F2_m2f2_P2_Y0_UO466,R2_F2_m-1f-1_P2_Y-1_U94,R2_F2_m-1f-1_P2_Y-1_U100,MXY,1,31.669034439178464,1,1,0.0,0,0,0,-9999.0,0.5,1,P1_CV0,1,1,1,1,1
2,2536859.926,708059.4624,R2_F2_m2f2_P2_Y0_UO399,R2_F2_m-1f-1_P2_Y-1_U111,R2_F2_m-1f-1_P2_Y-1_U127,MXY,1,31.669034439178464,1,1,0.0,0,0,0,-9999.0,0.5,1,P1_CV0,1,1,1,1,1
2,2536859.926,708059.4624,R2_F2_m2f2_P2_Y0_UO701,R2_F2_m-1f-1_P2_Y-1_U122,R2_F2_m-1f-1_P2_Y-1_U118,FXX,1,31.669034439178464,1,1,0.0,0,0,0,-9999.0,0.25,1,P1_CV0,1,2,0,1,1
2,2536859.926,708059.4624,R2_F2_m2f2_P2_Y0_UO543,R2_F2_m-1f-1_P2_Y-1_U138,R2_F2_m-1f-1_P2_Y-1_U24,MXY,1,31.669034439178464,1,1,0.0,0,0,0,-9999.0,0.25,1,P1_CV0,1,1,1,1,1
2,2536859.926,708059.4624,R2_F2_m2f2_P2_Y0_UO327,R2_F2_m-1f-1_P2_Y-1_U109,R2_F2_m-1f-1_P2_Y-1_U137,FXX,1,31.669034439178464,1,1,1.7,0,0,0,-9999.0,0.75,1,P1_CV0,1,0,2,0,2
2,2536859.926,708059.4624,R2_F2_m2f2_P2_Y0_UO647,R2_F2_m-1f-1_P2_Y-1_U4,R2_F2_m-1f-1_P2_Y-1_U37,FXX,1,31.669034439178464,1,1,1.0,0,0,0,-9999.0,0.25,1,P1_CV0,1,0,2,0,2
2,2536859.926,708059.4624,R2_F2_m2f2_P2_Y0_UO702,R2_F2_m-1f-1_P2_Y-1_U122,R2_F2_m-1f-1_P2_Y-1_U118,MXY,1,31.669034439178464,1,1,0.0,0,0,0,-9999.0,0.25,1,P1_CV0,1,2,0,2,0
2,2536859.926,708059.4624,R2_F2_m2f2_P2_Y0_UO333,R2_F2_m-1f-1_P2_Y-1_U94,R2_F2_m-1f-1_P2_Y-1_U2,FXX,1,31.669034439178464,1,1,2.214,0,0,0,-9999.0,1.0,1,P1_CV0,1,1,1,2,0
2,2536859.926,708059.4624,R2_F2_m2f2_P2_Y0_UO698,R2_F2_m-1f-1_P2_Y-1_U10,R2_F2_m-1f-1_P2_Y-1_U80,MXY,1,31.669034439178464,1,1,0.0,0,0,0,-9999.0,0.25,1,P1_CV0,1,1,1,2,0
2,2536859.926,708059.4624,R2_F2_m2f2_P2_Y0_UO752,R2_F2_m-1f-1_P2_Y-1_U62,R2_F2_m-1f-1_P2_Y-1_U74,MXY,1,31.669034439178464,1,1,0.0,0,0,0,-9999.0,0.5,1,P1_CV0,1,0,2,1,1
2,2536859.926,708059.4624,R2_F2_m2f2_P2_Y0_UO114,R2_F2_m-1f-1_P2_Y-1_U122,R2_F2_m-1f-1_P2_Y-1_U1,MXY,1,31.669034439178464,1,1,0.0,0,0,0,-9999.0,0.25,1,P1_CV0,1,1,1,0,2
2,2536859.926,708059.4624,R2_F2_m2f2_P2_Y0_UO329,R2_F2_m-1f-1_P2_Y-1_U94,R2_F2_m-1f-1_P2_Y-1_U2,MXY,1,31.669034439178464,1,1,0.0,0,0,0,-9999.0,1.0,1,P1_CV0,1,1,1,1,1
2,2536859.926,708059.4624,R2_F2_m2f2_P2_Y0_UO179,R2_F2_m-1f-1_P2_Y-1_U106,R2_F2_m-1f-1_P2_Y-1_U33,FXX,1,31.669034439178464,1,1,1.514,0,0,0,-9999.0,0.5,1,P1_CV0,1,1,1,1,1
2,2536859.926,708059.4624,R2_F2_m2f2_P2_Y0_UO559,R2_F2_m-1f-1_P2_Y-1_U106,R2_F2_m-1f-1_P2_Y-1_U29,MXY,1,31.669034439178464,1,1,0.0,0,0,0,-9999.0,0.75,1,P1_CV0,1,1,1,1,1
2,2536859.926,708059.4624,R2_F2_m2f2_P2_Y0_UO504,R2_F2_m-1f-1_P2_Y-1_U46,R2_F2_m-1f-1_P2_Y-1_U1,MXY,1,31.669034439178464,1,1,0.0,0,0,0,-9999.0,0.5,1,P1_CV0,1,2,0,2,0
2,2536859.926,708059.4624,R2_F2_m2f2_P2_Y0_UO697,R2_F2_m-1f-1_P2_Y-1_U10,R2_F2_m-1f-1_P2_Y-1_U80,MXY,1,31.669034439178464,1,1,0.0,0,0,0,-9999.0,0.25,1,P1_CV0,1,0,2,1,1
2,2536859.926,708059.4624,R2_F2_m2f2_P2_Y0_UO558,R2_F2_m-1f-1_P2_Y-1_U106,R2_F2_m-1f-1_P2_Y-1_U29,MXY,1,31.669034439178464,1,1,0.0,0,0,0,-9999.0,0.75,1,P1_CV0,1,0,2,1,1
2,2536859.926,708059.4624,R2_F2_m2f2_P2_Y0_UO547,R2_F2_m-1f-1_P2_Y-1_U62,R2_F2_m-1f-1_P2_Y-1_U17,FXX,1,31.669034439178464,1,1,1.589,0,0,0,-9999.0,0.25,1,P1_CV0,1,1,1,1,1
2,2536859.926,708059.4624,R2_F2_m2f2_P2_Y0_UO685,R2_F2_m-1f-1_P2_Y-1_U64,R2_F2_m-1f-1_P2_Y-1_U100,FXX,1,31.669034439178464,1,1,1.006,0,0,0,-9999.0,0.0,1,P1_CV0,1,2,0,0,2
2,2536859.926,708059.4624,R2_F2_m2f2_P2_Y0_UO110,R2_F2_m-1f-1_P2_Y-1_U122,R2_F2_m-1f-1_P2_Y-1_U1,FXX,1,31.669034439178464,1,1,1.0,0,0,0,-9999.0,0.25,1,P1_CV0,1,2,0,2,0
2,2536859.926,708059.4624,R2_F2_m2f2_P2_Y0_UO549,R2_F2_m-1f-1_P2_Y-1_U62,R2_F2_m-1f-1_P2_Y-1_U17,FXX,1,31.669034439178464,1,1,0.0,0,0,0,-9999.0,0.25,1,P1_CV0,1,0,2,0,2
2,2536859.926,708059.4624,R2_F2_m2f2_P2_Y0_UO348,R2_F2_m-1f-1_P2_Y-1_U138,R2_F2_m-1f-1_P2_Y-1_U24,MXY,1,31.669034439178464,1,1,0.0,0,0,0,-9999.0,0.25,1,P1_CV0,1,1,1,0,2
2,2536859.926,708059.4624,R2_F2_m2f2_P2_Y0_UO109,R2_F2_m-1f-1_P2_Y-1_U122,R2_F2_m-1f-1_P2_Y-1_U1,FXX,1,31.669034439178464,1,1,2.33,0,0,0,-9999.0,0.25,1,P1_CV0,1,0,2,1,1
2,2536859.926,708059.4624,R2_F2_m2f2_P2_Y0_UO648,R2_F2_m-1f-1_P2_Y-1_U4,R2_F2_m-1f-1_P2_Y-1_U37,MXY,1,31.669034439178464,1,1,0.0,0,0,0,-9999.0,0.25,1,P1_CV0,1,1,1,2,0
2,2536859.926,708059.4624,R2_F2_m2f2_P2_Y0_UO557,R2_F2_m-1f-1_P2_Y-1_U106,R2_F2_m-1f-1_P2_Y-1_U29,MXY,1,31.669034439178464,1,1,0.0,0,0,0,-9999.0,0.75,1,P1_CV0,1,0,2,2,0
2,2536859.926,708059.4624,R2_F2_m2f2_P2_Y0_UO512,R2_F2_m-1f-1_P2_Y-1_U44,R2_F2_m-1f-1_P2_Y-1_U137,MXY,1,31.669034439178464,1,1,0.0,0,0,0,-9999.0,0.5,1,P1_CV0,1,2,0,2,0
2,2536859.926,708059.4624,R2_F2_m2f2_P2_Y0_UO209,R2_F2_m-1f-1_P2_Y-1_U8,R2_F2_m-1f-1_P2_Y-1_U49,MXY,1,31.669034439178464,1,1,0.0,0,0,0,-9999.0,0.75,1,P1_CV0,1,0,2,2,0
2,2536859.926,708059.4624,R2_F2_m2f2_P2_Y0_UO367,R2_F2_m-1f-1_P2_Y-1_U111,R2_F2_m-1f-1_P2_Y-1_U28,MXY,1,31.669034439178464,1,1,0.0,0,0,0,-9999.0,0.5,1,P1_CV0,1,1,1,1,1
2,2536859.926,708059.4624,R2_F2_m2f2_P2_Y0_UO328,R2_F2_m-1f-1_P2_Y-1_U109,R2_F2_m-1f-1_P2_Y-1_U137,FXX,1,31.669034439178464,1,1,0.0,0,0,0,-9999.0,0.75,1,P1_CV0,1,1,1,0,2
2,2536859.926,708059.4624,R2_F2_m2f2_P2_Y0_UO115,R2_F2_m-1f-1_P2_Y-1_U62,R2_F2_m-1f-1_P2_Y-1_U118,FXX,1,31.669034439178464,1,1,1.0,0,0,0,-9999.0,0.25,1,P1_CV0,1,1,1,0,2
2,2536859.926,708059.4624,R2_F2_m2f2_P2_Y0_UO555,R2_F2_m-1f-1_P2_Y-1_U106,R2_F2_m-1f-1_P2_Y-1_U29,MXY,1,31.669034439178464,1,1,0.0,0,0,0,-9999.0,0.75,1,P1_CV0,1,0,2,1,1
2,2536859.926,708059.4624,R2_F2_m2f2_P2_Y0_UO171,R2_F2_m-1f-1_P2_Y-1_U111,R2_F2_m-1f-1_P2_Y-1_U68,FXX,1,31.669034439178464,1,1,1.0,0,0,0,-9999.0,0.25,1,P1_CV0,1,2,0,0,2
2,2536859.926,708059.4624,R2_F2_m2f2_P2_Y0_UO174,R2_F2_m-1f-1_P2_Y-1_U111,R2_F2_m-1f-1_P2_Y-1_U68,FXX,1,31.669034439178464,1,1,1.001,0,0,0,-9999.0,0.25,1,P1_CV0,1,0,2,1,1
2,2536859.926,708059.4624,R2_F2_m-1f-1_P2_Y-1_U53,-9999,-9999,MXY,2,32.14732735756507,1,0,0.0,0,0,0,-9999.0,1.0,1,P1_CV0,1,2,0,1,1
2,2536859.926,708059.4624,R2_F2_m-1f-1_P2_Y-1_U50,-9999,-9999,FXX,2,32.14732735756507,1,0,0.0,0,0,0,-9999.0,0.5,1,P1_CV0,1,1,1,1,1
2,2536859.926,708059.4624,R2_F2_m-1f-1_P2_Y-1_U16,-9999,-9999,FXX,2,32.14732735756507,1,0,1.102,0,0,0,-9999.0,0.0,1,P1_CV0,1,0,2,1,1
2,2536859.926,708059.4624,R2_F2_m-1f-1_P2_Y-1_U21,-9999,-9999,MXY,2,32.14732735756507,1,0,0.0,0,0,0,-9999.0,1.0,1,P1_CV0,1,2,0,1,1
2,2536859.926,708059.4624,R2_F2_m-1f-1_P2_Y-1_U27,-9999,-9999,MXY,2,32.14732735756507,1,0,0.0,0,0,0,-9999.0,0.5,1,P1_CV0,1,1,1,2,0
2,2536859.926,708059.4624,R2_F2_m-1f-1_P2_Y-1_U39,-9999,-9999,MXY,2,32.14732735756507,1,0,0.0,0,0,0,-9999.0,1.0,1,P1_CV0,1,2,0,0,2
2,2536859.926,708059.4624,R2_F2_m-1f-1_P2_Y-1_U14,-9999,-9999,FXX,2,32.14732735756507,1,0,0.0,0,0,0,-9999.0,0.0,1,P1_CV0,1,0,2,1,1
2,2536859.926,708059.4624,R2_F2_m-1f-1_P2_Y-1_U56,-9999,-9999,FXX,2,32.14732735756507,1,0,0.0,0,0,0,-9999.0,0.0,1,P1_CV0,1,0,2,0,2
2,2536859.926,708059.4624,R2_F2_m-1f-1_P2_Y-1_U83,-9999,-9999,MXY,2,32.14732735756507,1,0,0.0,0,0,0,-9999.0,1.0,1,P1_CV0,1,2,0,2,0
2,2536859.926,708059.4624,R2_F2_m-1f-1_P2_Y-1_U133,-9999,-9999,MXY,2,32.14732735756507,1,0,0.0,0,0,0,-9999.0,0.5,1,P1_CV0,1,1,1,0,2
2,2536859.926,708059.4624,R2_F2_m-1f-1_P2_Y-1_U84,-9999,-9999,MXY,3,63.09360895889424,1,0,0.0,0,0,0,-9999.0,1.0,1,P1_CV0,1,2,0,1,1
2,2536859.926,708059.4624,R2_F2_m-1f-1_P2_Y-1_U24,-9999,-9999,MXY,3,57.652608958894234,1,0,0.0,0,0,0,-9999.0,0.5,1,P1_CV0,1,1,1,1,1
2,2536859.926,708059.4624,R2_F2_m-1f-1_P2_Y-1_U109,-9999,-9999,FXX,3,59.61760895889423,1,0,0.0,0,0,0,-9999.0,0.5,1,P1_CV0,1,1,1,1,1
2,2536859.926,708059.4624,R2_F2_m-1f-1_P2_Y-1_U64,-9999,-9999,FXX,3,50.276608958894236,1,0,1.0,0,0,0,-9999.0,0.0,1,P1_CV0,1,0,2,1,1
2,2536859.926,708059.4624,R2_F2_m-1f-1_P2_Y-1_U93,-9999,-9999,MXY,3,57.60560895889424,1,0,0.0,0,0,0,-9999.0,0.5,1,P1_CV0,1,1,1,1,1
2,2536859.926,708059.4624,R2_F2_m-1f-1_P2_Y-1_U51,-9999,-9999,FXX,3,52.68160895889423,1,0,0.0,0,0,0,-9999.0,0.5,1,P1_CV0,1,1,1,2,0
2,2536859.926,708059.4624,R2_F2_m-1f-1_P2_Y-1_U37,-9999,-9999,MXY,3,56.09060895889424,1,0,0.0,0,0,0,-9999.0,0.0,1,P1_CV0,1,0,2,1,1
2,2536859.926,708059.4624,R2_F2_m-1f-1_P2_Y-1_U2,-9999,-9999,MXY,3,59.807608958894235,1,0,0.0,0,0,0,-9999.0,1.0,1,P1_CV0,1,2,0,2,0
2,2536859.926,708059.4624,R2_F2_m-1f-1_P2_Y-1_U3,-9999,-9999,MXY,3,63.993608958894235,1,0,0.0,0,0,0,-9999.0,0.0,1,P1_CV0,1,0,2,1,1
2,2536859.926,708059.4624,R2_F2_m-1f-1_P2_Y-1_U110,-9999,-9999,FXX,3,47.182608958894235,1,0,0.0,0,0,0,-9999.0,0.0,1,P1_CV0,1,0,2,1,1
2,2536859.926,708059.4624,R2_F2_m-1f-1_P2_Y-1_U72,-9999,-9999,FXX,3,50.103608958894235,1,0,0.0,0,0,0,-9999.0,0.5,1,P1_CV0,1,1,1,1,1
2,2536859.926,708059.4624,R2_F2_m-1f-1_P2_Y-1_U59,-9999,-9999,MXY,4,92.96258637375293,1,0,0.0,0,0,0,-9999.0,0.5,1,P1_CV0,1,1,1,0,2
2,2536859.926,708059.4624,R2_F2_m-1f-1_P2_Y-1_U4,-9999,-9999,FXX,4,92.96258637375293,1,0,0.0,0,0,0,-9999.0,0.5,1,P1_CV0,1,1,1,1,1
2,2536859.926,708059.4624,R2_F2_m-1f-1_P2_Y-1_U43,-9999,-9999,FXX,4,92.96258637375293,1,0,1.677,0,0,0,-9999.0,1.0,1,P1_CV0,1,2,0,1,1
2,2536859.926,708059.4624,R2_F2_m-1f-1_P2_Y-1_U96,-9999,-9999,MXY,5,130.89713118582574,1,0,0.0,0,0,0,-9999.0,0.0,1,P1_CV0,1,0,2,1,1
2,2536859.926,708059.4624,R2_F2_m-1f-1_P2_Y-1_U65,-9999,-9999,FXX,5,134.25913118582574,1,0,4.301,0,0,0,-9999.0,0.0,1,P1_CV0,1,0,2,0,2
2,2536859.926,708059.4624,R2_F2_m-1f-1_P2_Y-1_U94,-9999,-9999,FXX,5,135.99013118582573,1,0,1.558,0,0,0,-9999.0,1.0,1,P1_CV0,1,2,0,0,2
2,2536859.926,708059.4624,R2_F2_m-1f-1_P3_Y-1_U104,-9999,-9999,MXY,2,31.78241557624144,1,0,0.0,0,0,0,-9999.0,0.5,1,P2_CV0,1,1,1,0,2
2,2536859.926,708059.4624,R2_F2_m4f4_P4_Y0_UO407,R4_F4_m-1f-1_P4_Y-1_U120,R4_F4_m-1f-1_P4_Y-1_U123,MXY,1,31.645700573392507,1,1,0.0,0,0,0,-9999.0,0.25,1,P3_CV0,1,0,2,1,1
3,2532969.44,705413.5711,Age0_F3_m3f3_P3_Y1_UO1,R3_F3_m-1f-1_P3_Y-1_U45,R3_F3_m-1f-1_P3_Y-1_U39,MXY,0,31.02667736255606,0,0,0.0,0,0,0,0.0,0.75,1,P2_CV0,2,1,1,0,2
3,2532969.44,705413.5711,Age0_F3_m3f3_P3_Y1_UO2,R3_F3_m-1f-1_P3_Y-1_U45,R3_F3_m-1f-1_P3_Y-1_U39,FXX,0,31.02667736255606,0,0,0.0,0,0,0,0.0,0.75,1,P2_CV0,2,2,0,1,1
3,2532969.44,705413.5711,Age0_F3_m3f3_P3_Y1_UO3,I3_F7_m-1f-1_P3_Y-1_U32,R3_F3_m-1f-1_P3_Y-1_U39,MXY,0,31.02667736255606,0,0,0.0,0,0,0,0.0,0.75,1,P2_CV0,2,1,1,0,2
3,2532969.44,705413.5711,Age0_F3_m3f3_P3_Y1_UO4,I3_F7_m-1f-1_P3_Y-1_U32,R3_F3_m-1f-1_P3_Y-1_U39,FXX,0,31.02667736255606,0,0,0.0,0,0,0,0.0,0.75,1,P2_CV0,2,1,1,2,0
3,2532969.44,705413.5711,Age0_F3_m3f3_P3_Y1_UO33,R3_F3_m-1f-1_P3_Y-1_U68,R3_F3_m-1f-1_P3_Y-1_U18,MXY,0,31.02667736255606,0,0,0.0,0,0,0,0.0,0.0,1,P2_CV0,2,2,0,1,1
3,2532969.44,705413.5711,Age0_F3_m3f3_P3_Y1_UO34,R3_F3_m-1f-1_P3_Y-1_U68,R3_F3_m-1f-1_P3_Y-1_U18,FXX,0,31.02667736255606,0,0,0.0,0,0,0,0.0,0.0,1,P2_CV0,2,0,2,1,1
3,2532969.44,705413.5711,Age0_F3_m3f3_P3_Y1_UO35,R3_F3_m-1f-1_P3_Y-1_U68,R3_F3_m-1f-1_P3_Y-1_U18,FXX,0,31.02667736255606,0,0,0.0,0,0,0,0.0,0.0,1,P2_CV0,2,0,2,1,1
3,2532969.44,705413.5711,Age0_F3_m3f3_P3_Y1_UO70,R3_F3_m-1f-1_P3_Y-1_U69,R3_F3_m-1f-1_P3_Y-1_U107,FXX,0,31.02667736255606,0,0,0.0,0,0,0,0.0,0.75,1,P2_CV0,2,2,0,1,1
3,2532969.44,705413.5711,Age0_F3_m3f3_P3_Y1_UO71,R3_F3_m-1f-1_P3_Y-1_U69,R3_F3_m-1f-1_P3_Y-1_U107,FXX,0,31.02667736255606,0,0,0.0,0,0,0,0.0,0.75,1,P2_CV0,2,2,0,0,2
3,2532969.44,705413.5711,Age0_F3_m3f3_P3_Y1_UO72,R3_F3_m-1f-1_P3_Y-1_U69,R3_F3_m-1f-1_P3_Y-1_U107,MXY,0,31.02667736255606,0,0,0.0,0,0,0,0.0,0.75,1,P2_CV0,2,1,1,0,2
3,2532969.44,705413.5711,Age0_F3_m3f3_P3_Y1_UO73,R3_F3_m-1f-1_P3_Y-1_U69,R3_F3_m-1f-1_P3_Y-1_U107,MXY,0,31.02667736255606,0,0,0.0,0,0,0,0.0,0.75,1,P2_CV0,2,1,1,0,2
3,2532969.44,705413.5711,Age0_F3_m3f3_P3_Y1_UO102,R3_F3_m-1f-1_P3_Y-1_U28,R3_F3_m-1f-1_P3_Y-1_U34,MXY,0,31.02667736255606,0,0,0.0,0,0,0,0.0,0.5,1,P2_CV0,2,0,2,0,2
3,2532969.44,705413.5711,Age0_F3_m3f3_P3_Y1_UO103,R3_F3_m-1f-1_P3_Y-1_U28,R3_F3_m-1f-1_P3_Y-1_U34,MXY,0,31.02667736255606,0,0,0.0,0,0,0,0.0,0.5,1,P2_CV0,2,1,1,0,2
3,2532969.44,705413.5711,Age0_F3_m3f3_P3_Y1_UO104,R3_F3_m-1f-1_P3_Y-1_U132,R3_F3_m-1f-1_P3_Y-1_U108,MXY,0,31.02667736255606,0,0,0.0,0,0,0,0.0,1.0,1,P2_CV0,2,1,1,1,1
3,2532969.44,705413.5711,Age0_F3_m3f3_P3_Y1_UO105,R3_F3_m-1f-1_P3_Y-1_U132,R3_F3_m-1f-1_P3_Y-1_U108,MXY,0,31.02667736255606,0,0,0.0,0,0,0,0.0,1.0,1,P2_CV0,2,1,1,1,1
3,2532969.44,705413.5711,Age0_F3_m3f3_P3_Y1_UO110,R3_F3_m-1f-1_P3_Y-1_U28,I3_F7_m-1f-1_P3_Y-1_U65,FXX,0,31.02667736255606,0,0,0.0,0,0,0,0.0,0.75,1,P2_CV0,2,2,0,0,2
3,2532969.44,705413.5711,Age0_F3_m3f3_P3_Y1_UO111,R3_F3_m-1f-1_P3_Y-1_U28,I3_F7_m-1f-1_P3_Y-1_U65,FXX,0,31.02667736255606,0,0,0.0,0,0,0,0.0,0.75,1,P2_CV0,2,0,2,2,0
3,2532969.44,705413.5711,Age0_F3_m3f3_P3_Y1_UO133,R3_F3_m-1f-1_P3_Y-1_U114,R3_F3_m-1f-1_P3_Y-1_U63,FXX,0,31.02667736255606,0,0,0.0,0,0,0,0.0,0.5,1,P2_CV0,2,1,1,0,2
3,2532969.44,705413.5711,Age0_F3_m3f3_P3_Y1_UO154,R3_F3_m-1f-1_P3_Y-1_U92,R3_F3_m-1f-1_P3_Y-1_U36,MXY,0,31.02667736255606,0,0,0.0,0,0,0,0.0,0.5,1,P2_CV0,2,1,1,1,1
3,2532969.44,705413.5711,Age0_F3_m3f3_P3_Y1_UO167,R3_F3_m-1f-1_P3_Y-1_U105,R3_F3_m-1f-1_P3_Y-1_U126,MXY,0,31.02667736255606,0,0,0.0,0,0,0,0.0,0.25,1,P2_CV0,2,1,1,2,0
3,2532969.44,705413.5711,Age0_F3_m3f3_P3_Y1_UO168,R3_F3_m-1f-1_P3_Y-1_U92,R3_F3_m-1f-1_P3_Y-1_U76,MXY,0,31.02667736255606,0,0,0.0,0,0,0,0.0,0.5,1,P2_CV0,2,1,1,1,1
3,2532969.44,705413.5711,Age0_F3_m3f3_P3_Y1_UO169,R3_F3_m-1f-1_P3_Y-1_U100,R3_F3_m-1f-1_P3_Y-1_U121,MXY,0,31.02667736255606,0,0,0.0,0,0,0,0.0,0.5,1,P2_CV0,2,1,1,0,2
3,2532969.44,705413.5711,Age0_F3_m3f3_P3_Y1_UO177,R3_F3_m-1f-1_P3_Y-1_U27,R3_F3_m-1f-1_P3_Y-1_U7,FXX,0,31.02667736255606,0,0,0.0,0,0,0,0.0,0.5,1,P2_CV0,2,1,1,1,1
3,2532969.44,705413.5711,Age0_F3_m3f3_P3_Y1_UO178,R3_F3_m-1f-1_P3_Y-1_U27,R3_F3_m-1f-1_P3_Y-1_U7,FXX,0,31.02667736255606,0,0,0.0,0,0,0,0.0,0.5,1,P2_CV0,2,1,1,1,1
3,2532969.44,705413.5711,Age0_F3_m3f3_P3_Y1_UO185,R3_F3_m-1f-1_P3_Y-1_U100,R3_F3_m-1f-1_P3_Y-1_U125,FXX,0,31.02667736255606,0,0,0.0,0,0,0,0.0,0.25,1,P2_CV0,2,0,2,0,2
3,2532969.44,705413.5711,Age0_F3_m3f3_P3_Y1_UO186,R3_F3_m-1f-1_P3_Y-1_U100,R3_F3_m-1f-1_P3_Y-1_U125,FXX,0,31.02667736255606,0,0,0.0,0,0,0,0.0,0.25,1,P2_CV0,2,2,0,1,1
3,2532969.44,705413.5711,Age0_F3_m3f3_P3_Y1_UO207,R3_F3_m-1f-1_P3_Y-1_U68,R3_F3_m-1f-1_P3_Y-1_U23,FXX,0,31.02667736255606,0,0,0.0,0,0,0,0.0,0.5,1,P2_CV0,2,0,2,1,1
3,2532969.44,705413.5711,Age0_F3_m3f3_P3_Y1_UO208,R3_F3_m-1f-1_P3_Y-1_U68,R3_F3_m-1f-1_P3_Y-1_U23,FXX,0,31.02667736255606,0,0,0.0,0,0,0,0.0,0.5,1,P2_CV0,2,1,1,0,2
3,2532969.44,705413.5711,Age0_F3_m3f3_P3_Y1_UO225,R3_F3_m-1f-1_P3_Y-1_U27,R3_F3_m-1f-1_P3_Y-1_U7,MXY,0,31.02667736255606,0,0,0.0,0,0,0,0.0,0.5,1,P2_CV0,2,1,1,1,1
3,2532969.44,705413.5711,Age0_F3_m3f3_P3_Y1_UO226,R3_F3_m-1f-1_P3_Y-1_U27,R3_F3_m-1f-1_P3_Y-1_U7,MXY,0,31.02667736255606,0,0,0.0,0,0,0,0.0,0.5,1,P2_CV0,2,1,1,1,1
3,2532969.44,705413.5711,Age0_F3_m3f3_P3_Y1_UO227,R3_F3_m-1f-1_P3_Y-1_U61,R3_F3_m-1f-1_P3_Y-1_U24,MXY,0,31.02667736255606,0,0,0.0,0,0,0,0.0,0.25,1,P2_CV0,2,2,0,0,2
3,2532969.44,705413.5711,Age0_F3_m3f3_P3_Y1_UO228,R3_F3_m-1f-1_P3_Y-1_U61,R3_F3_m-1f-1_P3_Y-1_U24,FXX,0,31.02667736255606,0,0,0.0,0,0,0,0.0,0.25,1,P2_CV0,2,2,0,0,2
3,2532969.44,705413.5711,Age0_F3_m3f3_P3_Y1_UO233,R3_F3_m-1f-1_P3_Y-1_U68,R3_F3_m-1f-1_P3_Y-1_U82,MXY,0,31.02667736255606,0,0,0.0,0,0,0,0.0,0.25,1,P2_CV0,2,1,1,0,2
3,2532969.44,705413.5711,Age0_F3_m3f3_P3_Y1_UO236,R3_F3_m-1f-1_P3_Y-1_U10,R3_F3_m-1f-1_P3_Y-1_U91,FXX,0,31.02667736255606,0,0,0.0,0,0,0,0.0,0.5,1,P2_CV0,2,1,1,1,1
3,2532969.44,705413.5711,Age0_F3_m3f3_P3_Y1_UO237,R3_F3_m-1f-1_P3_Y-1_U10,R3_F3_m-1f-1_P3_Y-1_U91,FXX,0,31.02667736255606,0,0,0.0,0,0,0,0.0,0.5,1,P2_CV0,2,1,1,2,0
3,2532969.44,705413.5711,Age0_F3_m3f3_P3_Y1_UO238,R3_F3_m-1f-1_P3_Y-1_U10,R3_F3_m-1f-1_P3_Y-1_U91,MXY,0,31.02667736255606,0,0,0.0,0,0,0,0.0,0.5,1,P2_CV0,2,1,1,1,1
3,2532969.44,705413.5711,Age0_F3_m3f3_P3_Y1_UO246,R3_F3_m-1f-1_P3_Y-1_U134,R3_F3_m-1f-1_P3_Y-1_U6,MXY,0,31.02667736255606,0,0,0.0,0,0,0,0.0,0.5,1,P2_CV0,2,1,1,2,0
3,2532969.44,705413.5711,Age0_F3_m3f3_P3_Y1_UO247,R3_F3_m-1f-1_P3_Y-1_U134,R3_F3_m-1f-1_P3_Y-1_U6,MXY,0,31.02667736255606,0,0,0.0,0,0,0,0.0,0.5,1,P2_CV0,2,2,0,0,2
3,2532969.44,705413.5711,Age0_F3_m3f3_P3_Y1_UO251,R3_F3_m-1f-1_P3_Y-1_U29,R3_F3_m-1f-1_P3_Y-1_U138,FXX,0,31.02667736255606,0,0,0.0,0,0,0,0.0,0.25,1,P2_CV0,2,2,0,1,1
3,2532969.44,705413.5711,Age0_F3_m3f3_P3_Y1_UO252,R3_F3_m-1f-1_P3_Y-1_U29,R3_F3_m-1f-1_P3_Y-1_U138,MXY,0,31.02667736255606,0,0,0.0,0,0,0,0.0,0.25,1,P2_CV0,2,1,1,0,2
3,2532969.44,705413.5711,Age0_F3_m3f3_P3_Y1_UO253,R3_F3_m-1f-1_P3_Y-1_U29,R3_F3_m-1f-1_P3_Y-1_U138,MXY,0,31.02667736255606,0,0,0.0,0,0,0,0.0,0.25,1,P2_CV0,2,0,2,1,1
3,2532969.44,705413.5711,Age0_F3_m3f3_P3_Y1_UO280,R3_F3_m-1f-1_P3_Y-1_U134,R3_F3_m-1f-1_P3_Y-1_U14,MXY,0,31.02667736255606,0,0,0.0,0,0,0,0.0,1.0,1,P2_CV0,2,2,0,1,1
3,2532969.44,705413.5711,Age0_F3_m3f3_P3_Y1_UO281,R3_F3_m-1f-1_P3_Y-1_U134,R3_F3_m-1f-1_P3_Y-1_U14,FXX,0,31.02667736255606,0,0,0.0,0,0,0,0.0,1.0,1,P2_CV0,2,2,0,0,2
3,2532969.44,705413.5711,Age0_F3_m3f3_P3_Y1_UO287,R3_F3_m-1f-1_P3_Y-1_U59,R3_F3_m-1f-1_P3_Y-1_U109,FXX,0,31.02667736255606,0,0,0.0,0,0,0,0.0,0.5,1,P2_CV0,2,2,0,0,2
3,2532969.44,705413.5711,Age0_F3_m3f3_P3_Y1_UO288,R3_F3_m-1f-1_P3_Y-1_U59,R3_F3_m-1f-1_P3_Y-1_U109,FXX,0,31.02667736255606,0,0,0.0,0,0,0,0.0,0.5,1,P2_CV0,2,2,0,1,1
3,2532969.44,705413.5711,Age0_F3_m3f3_P3_Y1_UO310,R3_F3_m-1f-1_P3_Y-1_U95,R3_F3_m-1f-1_P3_Y-1_U42,FXX,0,31.02667736255606,0,0,0.0,0,0,0,0.0,0.25,1,P2_CV0,2,1,1,0,2
3,2532969.44,705413.5711,Age0_F3_m3f3_P3_Y1_UO311,R3_F3_m-1f-1_P3_Y-1_U95,R3_F3_m-1f-1_P3_Y-1_U42,FXX,0,31.02667736255606,0,0,0.0,0,0,0,0.0,0.25,1,P2_CV0,2,1,1,1,1
3,2532969.44,705413.5711,Age0_F3_m3f3_P3_Y1_UO340,R3_F3_m-1f-1_P3_Y-1_U60,R3_F3_m-1f-1_P3_Y-1_U58,MXY,0,31.02667736255606,0,0,0.0,0,0,0,0.0,0.25,1,P2_CV0,2,0,2,1,1
3,2532969.44,705413.5711,Age0_F3_m3f3_P3_Y1_UO341,R3_F3_m-1f-1_P3_Y-1_U60,R3_F3_m-1f-1_P3_Y-1_U58,FXX,0,31.02667736255606,0,0,0.0,0,0,0,0.0,0.25,1,P2_CV0,2,0,2,1,1
3,2532969.44,705413.5711,Age0_F3_m3f3_P3_Y1_UO359,R3_F3_m-1f-1_P3_Y-1_U56,R3_F3_m-1f-1_P3_Y-1_U9,FXX,0,31.02667736255606,0,0,0.0,0,0,0,0.0,0.75,1,P2_CV0,2,0,2,0,2
3,2532969.44,705413.5711,Age0_F3_m3f3_P3_Y1_UO360,R3_F3_m-1f-1_P3_Y-1_U56,R3_F3_m-1f-1_P3_Y-1_U9,FXX,0,31.02667736255606,0,0,0.0,0,0,0,0.0,0.75,1,P2_CV0,2,1,1,1,1
3,2532969.44,705413.5711,Age0_F3_m3f3_P3_Y1_UO361,R3_F3_m-1f-1_P3_Y-1_U56,R3_F3_m-1f-1_P3_Y-1_U9,FXX,0,31.02667736255606,0,0,0.0,0,0,0,0.0,0.75,1,P2_CV0,2,1,1,1,1
3,2532969.44,705413.5711,Age0_F3_m3f3_P3_Y1_UO362,R3_F3_m-1f-1_P3_Y-1_U56,R3_F3_m-1f-1_P3_Y-1_U9,MXY,0,31.02667736255606,0,0,0.0,0,0,0,0.0,0.75,1,P2_CV0,2,2,0,0,2
3,2532969.44,705413.5711,Age0_F3_m3f3_P3_Y1_UO363,R3_F3_m-1f-1_P3_Y-1_U56,R3_F3_m-1f-1_P3_Y-1_U9,FXX,0,31.02667736255606,0,0,0.0,0,0,0,0.0,0.75,1,P2_CV0,2,2,0,0,2
3,2532969.44,705413.5711,Age0_F3_m3f3_P3_Y1_UO374,R3_F3_m-1f-1_P3_Y-1_U136,R3_F3_m-1f-1_P3_Y-1_U88,MXY,0,31.02667736255606,0,0,0.0,0,0,0,0.0,0.75,1,P2_CV0,2,1,1,2,0
3,2532969.44,705413.5711,Age0_F3_m3f3_P3_Y1_UO393,R3_F3_m-1f-1_P3_Y-1_U122,R3_F3_m-1f-1_P3_Y-1_U75,MXY,0,31.02667736255606,0,0,0.0,0,0,0,0.0,0.25,1,P2_CV0,2,1,1,0,2
3,2532969.44,705413.5711,Age0_F3_m3f3_P3_Y1_UO394,R3_F3_m-1f-1_P3_Y-1_U122,R3_F3_m-1f-1_P3_Y-1_U75,FXX,0,31.02667736255606,0,0,0.0,0,0,0,0.0,0.25,1,P2_CV0,2,2,0,0,2
3,2532969.44,705413.5711,Age0_F3_m3f3_P3_Y1_UO399,R3_F3_m-1f-1_P3_Y-1_U3,R3_F3_m-1f-1_P3_Y-1_U7,MXY,0,31.02667736255606,0,0,0.0,0,0,0,0.0,0.25,1,P2_CV0,2,1,1,1,1
3,2532969.44,705413.5711,Age0_F3_m3f3_P3_Y1_UO400,R3_F3_m-1f-1_P3_Y-1_U3,R3_F3_m-1f-1_P3_Y-1_U7,MXY,0,31.02667736255606,0,0,0.0,0,0,0,0.0,0.25,1,P2_CV0,2,0,2,1,1
3,2532969.44,705413.5711,Age0_F3_m3f3_P3_Y1_UO401,R3_F3_m-1f-1_P3_Y-1_U3,R3_F3_m-1f-1_P3_Y-1_U7,MXY,0,31.02667736255606,0,0,0.0,0,0,0,0.0,0.25,1,P2_CV0,2,0,2,1,1
3,2532969.44,705413.5711,Age0_F3_m3f3_P3_Y1_UO423,R3_F3_m-1f-1_P3_Y-1_U45,R3_F3_m-1f-1_P3_Y-1_U67,MXY,0,31.02667736255606,0,0,0.0,0,0,0,0.0,0.75,1,P2_CV0,2,1,1,1,1
3,2532969.44,705413.5711,Age0_F3_m3f3_P3_Y1_UO466,R3_F3_m-1f-1_P3_Y-1_U129,R3_F3_m-1f-1_P3_Y-1_U93,MXY,0,31.02667736255606,0,0,0.0,0,0,0,0.0,0.75,1,P2_CV0,2,0,2,0,2
3,2532969.44,705413.5711,Age0_F3_m3f3_P3_Y1_UO467,R3_F3_m-1f-1_P3_Y-1_U129,R3_F3_m-1f-1_P3_Y-1_U93,MXY,0,31.02667736255606,0,0,0.0,0,0,0,0.0,0.75,1,P2_CV0,2,1,1,1,1
3,2532969.44,705413.5711,Age0_F3_m3f3_P3_Y1_UO501,R3_F3_m-1f-1_P3_Y-1_U56,R3_F3_m-1f-1_P3_Y-1_U6,FXX,0,31.02667736255606,0,0,0.0,0,0,0,0.0,0.25,1,P2_CV0,2,2,0,1,1
3,2532969.44,705413.5711,Age0_F3_m3f3_P3_Y1_UO502,R3_F3_m-1f-1_P3_Y-1_U56,R3_F3_m-1f-1_P3_Y-1_U6,MXY,0,31.02667736255606,0,0,0.0,0,0,0,0.0,0.25,1,P2_CV0,2,0,2,0,2
3,2532969.44,705413.5711,Age0_F3_m3f3_P3_Y1_UO503,R3_F3_m-1f-1_P3_Y-1_U56,R3_F3_m-1f-1_P3_Y-1_U6,MXY,0,31.02667736255606,0,0,0.0,0,0,0,0.0,0.25,1,P2_CV0,2,0,2,1,1
3,2532969.44,705413.5711,Age0_F3_m3f3_P3_Y1_UO504,R3_F3_m-1f-1_P3_Y-1_U56,R3_F3_m-1f-1_P3_Y-1_U6,MXY,0,31.02667736255606,0,0,0.0,0,0,0,0.0,0.25,1,P2_CV0,2,0,2,1,1
3,2532969.44,705413.5711,Age0_F3_m3f3_P3_Y1_UO514,R3_F3_m-1f-1_P3_Y-1_U114,R3_F3_m-1f-1_P3_Y-1_U7,FXX,0,31.02667736255606,0,0,0.0,0,0,0,0.0,0.5,1,P2_CV0,2,1,1,1,1
3,2532969.44,705413.5711,Age0_F3_m3f3_P3_Y1_UO515,R3_F3_m-1f-1_P3_Y-1_U114,R3_F3_m-1f-1_P3_Y-1_U7,FXX,0,31.02667736255606,0,0,0.0,0,0,0,0.0,0.5,1,P2_CV0,2,2,0,2,0
3,2532969.44,705413.5711,Age0_F3_m3f3_P3_Y1_UO517,R3_F3_m-1f-1_P3_Y-1_U59,R3_F3_m-1f-1_P3_Y-1_U66,FXX,0,31.02667736255606,0,0,0.0,0,0,0,0.0,0.75,1,P2_CV0,2,1,1,0,2
3,2532969.44,705413.5711,Age0_F3_m3f3_P3_Y1_UO520,R3_F3_m-1f-1_P3_Y-1_U41,R3_F3_m-1f-1_P3_Y-1_U8,FXX,0,31.02667736255606,0,0,0.0,0,0,0,0.0,0.25,1,P2_CV0,2,1,1,1,1
3,2532969.44,705413.5711,Age0_F3_m3f3_P3_Y1_UO526,R3_F3_m-1f-1_P3_Y-1_U19,R3_F3_m-1f-1_P3_Y-1_U82,MXY,0,31.02667736255606,0,0,0.0,0,0,0,0.0,0.75,1,P2_CV0,2,0,2,2,0
3,2532969.44,705413.5711,Age0_F3_m3f3_P3_Y1_UO527,R3_F3_m-1f-1_P3_Y-1_U19,R3_F3_m-1f-1_P3_Y-1_U82,MXY,0,31.02667736255606,0,0,0.0,0,0,0,0.0,0.75,1,P2_CV0,2,2,0,1,1
3,2532969.44,705413.5711,Age0_F3_m3f3_P3_Y1_UO535,R3_F3_m-1f-1_P3_Y-1_U28,R3_F3_m-1f-1_P3_Y-1_U75,MXY,0,31.02667736255606,0,0,0.0,0,0,0,0.0,0.25,1,P2_CV0,2,1,1,0,2
3,2532969.44,705413.5711,Age0_F3_m3f3_P3_Y1_UO537,R3_F3_m-1f-1_P3_Y-1_U132,R3_F3_m-1f-1_P3_Y-1_U30,FXX,0,31.02667736255606,0,0,0.0,0,0,0,0.0,0.75,1,P2_CV0,2,2,0,1,1
3,2532969.44,705413.5711,Age0_F3_m3f3_P3_Y1_UO538,R3_F3_m-1f-1_P3_Y-1_U132,R3_F3_m-1f-1_P3_Y-1_U30,MXY,0,31.02667736255606,0,0,0.0,0,0,0,0.0,0.75,1,P2_CV0,2,1,1,2,0
3,2532969.44,705413.5711,Age0_F3_m3f3_P3_Y1_UO547,R3_F3_m-1f-1_P3_Y-1_U87,R3_F3_m-1f-1_P3_Y-1_U24,FXX,0,31.02667736255606,0,0,0.0,0,0,0,0.0,0.25,1,P2_CV0,2,2,0,0,2
3,2532969.44,705413.5711,Age0_F3_m3f3_P3_Y1_UO560,R3_F3_m-1f-1_P3_Y-1_U62,R3_F3_m-1f-1_P3_Y-1_U111,FXX,0,31.02667736255606,0,0,0.0,0,0,0,0.0,0.5,1,P2_CV0,2,1,1,1,1
3,2532969.44,705413.5711,Age0_F3_m3f3_P3_Y1_UO561,R3_F3_m-1f-1_P3_Y-1_U3,R3_F3_m-1f-1_P3_Y-1_U14,FXX,0,31.02667736255606,0,0,0.0,0,0,0,0.0,0.5,1,P2_CV0,2,2,0,0,2
3,2532969.44,705413.5711,Age0_F3_m3f3_P3_Y1_UO562,R3_F3_m-1f-1_P3_Y-1_U10,R3_F3_m-1f-1_P3_Y-1_U67,FXX,0,31.02667736255606,0,0,0.0,0,0,0,0.0,0.5,1,P2_CV0,2,0,2,2,0
3,2532969.44,705413.5711,Age0_F3_m3f3_P3_Y1_UO567,R3_F3_m-1f-1_P3_Y-1_U136,R3_F3_m-1f-1_P3_Y-1_U48,MXY,0,31.02667736255606,0,0,0.0,0,0,0,0.0,0.5,1,P2_CV0,2,1,1,1,1
3,2532969.44,705413.5711,Age0_F3_m3f3_P3_Y1_UO568,R3_F3_m-1f-1_P3_Y-1_U136,R3_F3_m-1f-1_P3_Y-1_U48,FXX,0,31.02667736255606,0,0,0.0,0,0,0,0.0,0.5,1,P2_CV0,2,1,1,2,0
3,2532969.44,705413.5711,Age0_F3_m3f3_P3_Y1_UO569,R3_F3_m-1f-1_P3_Y-1_U103,R3_F3_m-1f-1_P3_Y-1_U112,MXY,0,31.02667736255606,0,0,0.0,0,0,0,0.0,0.25,1,P2_CV0,2,0,2,0,2
3,2532969.44,705413.5711,Age0_F3_m3f3_P3_Y1_UO570,R3_F3_m-1f-1_P3_Y-1_U103,R3_F3_m-1f-1_P3_Y-1_U112,MXY,0,31.02667736255606,0,0,0.0,0,0,0,0.0,0.25,1,P2_CV0,2,1,1,1,1
3,2532969.44,705413.5711,Age0_F3_m3f3_P3_Y1_UO573,R3_F3_m-1f-1_P3_Y-1_U132,R3_F3_m-1f-1_P3_Y-1_U66,MXY,0,31.02667736255606,0,0,0.0,0,0,0,0.0,1.0,1,P2_CV0,2,1,1,1,1
3,2532969.44,705413.5711,Age0_F3_m3f3_P3_Y1_UO579,R3_F3_m-1f-1_P3_Y-1_U122,R3_F3_m-1f-1_P3_Y-1_U74,MXY,0,31.02667736255606,0,0,0.0,0,0,0,0.0,0.75,1,P2_CV0,2,1,1,1,1
3,2532969.44,705413.5711,Age0_F3_m3f3_P3_Y1_UO580,R3_F3_m-1f-1_P3_Y-1_U122,R3_F3_m-1f-1_P3_Y-1_U74,MXY,0,31.02667736255606,0,0,0.0,0,0,0,0.0,0.75,1,P2_CV0,2,2,0,1,1
3,2532969.44,705413.5711,Age0_F3_m3f3_P3_Y1_UO585,R3_F3_m-1f-1_P3_Y-1_U83,R3_F3_m-1f-1_P3_Y-1_U72,FXX,0,31.02667736255606,0,0,0.0,0,0,0,0.0,0.5,1,P2_CV0,2,1,1,0,2
3,2532969.44,705413.5711,Age0_F3_m3f3_P3_Y1_UO586,R3_F3_m-1f-1_P3_Y-1_U10,R3_F3_m-1f-1_P3_Y-1_U23,FXX,0,31.02667736255606,0,0,0.0,0,0,0,0.0,0.75,1,P2_CV0,2,1,1,1,1
3,2532969.44,705413.5711,Age0_F3_m3f3_P3_Y1_UO587,R3_F3_m-1f-1_P3_Y-1_U10,R3_F3_m-1f-1_P3_Y-1_U23,FXX,0,31.02667736255606,0,0,0.0,0,0,0,0.0,0.75,1,P2_CV0,2,0,2,1,1
3,2532969.44,705413.5711,Age0_F3_m3f3_P3_Y1_UO590,R3_F3_m-1f-1_P3_Y-1_U95,R3_F3_m-1f-1_P3_Y-1_U13,FXX,0,31.02667736255606,0,0,0.0,0,0,0,0.0,0.0,1,P2_CV0,2,1,1,1,1
3,2532969.44,705413.5711,Age0_F3_m3f3_P3_Y1_UO591,R3_F3_m-1f-1_P3_Y-1_U95,R3_F3_m-1f-1_P3_Y-1_U13,FXX,0,31.02667736255606,0,0,0.0,0,0,0,0.0,0.0,1,P2_CV0,2,1,1,1,1
3,2532969.44,705413.5711,Age0_F3_m3f3_P3_Y1_UO592,R3_F3_m-1f-1_P3_Y-1_U59,R3_F3_m-1f-1_P3_Y-1_U55,MXY,0,31.02667736255606,0,0,0.0,0,0,0,0.0,0.25,1,P2_CV0,2,0,2,0,2
3,2532969.44,705413.5711,Age0_F3_m3f3_P3_Y1_UO595,R3_F3_m-1f-1_P3_Y-1_U29,R3_F3_m-1f-1_P3_Y-1_U8,FXX,0,31.02667736255606,0,0,0.0,0,0,0,0.0,0.25,1,P2_CV0,2,1,1,1,1
3,2532969.44,705413.5711,Age0_F3_m3f3_P3_Y1_UO596,R3_F3_m-1f-1_P3_Y-1_U29,R3_F3_m-1f-1_P3_Y-1_U8,FXX,0,31.02667736255606,0,0,0.0,0,0,0,0.0,0.25,1,P2_CV0,2,1,1,1,1
3,2532969.44,705413.5711,Age0_F3_m3f3_P3_Y1_UO597,R3_F3_m-1f-1_P3_Y-1_U29,R3_F3_m-1f-1_P3_Y-1_U8,MXY,0,31.02667736255606,0,0,0.0,0,0,0,0.0,0.25,1,P2_CV0,2,0,2,2,0
3,2532969.44,705413.5711,Age0_F3_m3f3_P3_Y1_UO606,R3_F3_m-1f-1_P3_Y-1_U105,R3_F3_m-1f-1_P3_Y-1_U88,MXY,0,31.02667736255606,0,0,0.0,0,0,0,0.0,0.5,1,P2_CV0,2,2,0,0,2
3,2532969.44,705413.5711,Age0_F3_m3f3_P3_Y1_UO607,R3_F3_m-1f-1_P3_Y-1_U105,R3_F3_m-1f-1_P3_Y-1_U88,MXY,0,31.02667736255606,0,0,0.0,0,0,0,0.0,0.5,1,P2_CV0,2,0,2,0,2
3,2532969.44,705413.5711,Age0_F3_m3f3_P3_Y1_UO608,R3_F3_m-1f-1_P3_Y-1_U105,R3_F3_m-1f-1_P3_Y-1_U88,FXX,0,31.02667736255606,0,0,0.0,0,0,0,0.0,0.5,1,P2_CV0,2,2,0,2,0
3,2532969.44,705413.5711,Age0_F3_m3f3_P3_Y1_UO609,R3_F3_m-1f-1_P3_Y-1_U1,R3_F3_m-1f-1_P3_Y-1_U17,FXX,0,31.02667736255606,0,0,0.0,0,0,0,0.0,0.75,1,P2_CV0,2,0,2,1,1
3,2532969.44,705413.5711,Age0_F3_m3f3_P3_Y1_UO610,R3_F3_m-1f-1_P3_Y-1_U1,R3_F3_m-1f-1_P3_Y-1_U17,MXY,0,31.02667736255606,0,0,0.0,0,0,0,0.0,0.75,1,P2_CV0,2,1,1,1,1
3,2532969.44,705413.5711,Age0_F3_m3f3_P3_Y1_UO611,R3_F3_m-1f-1_P3_Y-1_U1,R3_F3_m-1f-1_P3_Y-1_U17,MXY,0,31.02667736255606,0,0,0.0,0,0,0,0.0,0.75,1,P2_CV0,2,2,0,2,0
3,2532969.44,705413.5711,Age0_F3_m3f3_P3_Y1_UO626,R3_F3_m-1f-1_P3_Y-1_U62,R3_F3_m-1f-1_P3_Y-1_U112,FXX,0,31.02667736255606,0,0,0.0,0,0,0,0.0,0.25,1,P2_CV0,2,1,1,0,2
3,2532969.44,705413.5711,Age0_F3_m3f3_P3_Y1_UO627,R3_F3_m-1f-1_P3_Y-1_U62,R3_F3_m-1f-1_P3_Y-1_U112,MXY,0,31.02667736255606,0,0,0.0,0,0,0,0.0,0.25,1,P2_CV0,2,1,1,1,1
3,2532969.44,705413.5711,Age0_F3_m3f3_P3_Y1_UO634,R3_F3_m-1f-1_P3_Y-1_U68,R3_F3_m-1f-1_P3_Y-1_U36,MXY,0,31.02667736255606,0,0,0.0,0,0,0,0.0,0.5,1,P2_CV0,2,0,2,1,1
3,2532969.44,705413.5711,Age0_F3_m3f3_P3_Y1_UO635,R3_F3_m-1f-1_P3_Y-1_U68,R3_F3_m-1f-1_P3_Y-1_U36,MXY,0,31.02667736255606,0,0,0.0,0,0,0,0.0,0.5,1,P2_CV0,2,2,0,2,0
3,2532969.44,705413.5711,Age0_F3_m3f3_P3_Y1_UO636,R3_F3_m-1f-1_P3_Y-1_U68,R3_F3_m-1f-1_P3_Y-1_U36,FXX,0,31.02667736255606,0,0,0.0,0,0,0,0.0,0.5,1,P2_CV0,2,0,2,1,1
3,2532969.44,705413.5711,Age0_F3_m3f3_P3_Y1_UO637,R3_F3_m-1f-1_P3_Y-1_U68,R3_F3_m-1f-1_P3_Y-1_U36,FXX,0,31.02667736255606,0,0,0.0,0,0,0,0.0,0.5,1,P2_CV0,2,1,1,0,2
3,2532969.44,705413.5711,R3_F3_m3f3_P3_Y0_UO86,R3_F3_m-1f-1_P3_Y-1_U53,R3_F3_m-1f-1_P3_Y-1_U38,MXY,1,31.06227003080061,1,1,0.0,0,0,0,-9999.0,0.25,1,P2_CV0,2,1,1,0,2
3,2532969.44,705413.5711,R3_F3_m3f3_P3_Y0_UO38,R3_F3_m-1f-1_P3_Y-1_U43,R3_F3_m-1f-1_P3_Y-1_U89,FXX,1,31.06227003080061,1,1,1.97,0,0,0,-9999.0,0.0,1,P2_CV0,2,0,2,0,2
3,2532969.44,705413.5711,R3_F3_m3f3_P3_Y0_UO688,R3_F3_m-1f-1_P3_Y-1_U3,R3_F3_m-1f-1_P3_Y-1_U50,FXX,1,31.06227003080061,1,1,1.0,0,0,0,-9999.0,0.0,1,P2_CV0,2,1,1,1,1
3,2532969.44,705413.5711,R3_F3_m3f3_P3_Y0_UO377,R3_F3_m-1f-1_P3_Y-1_U69,R3_F3_m-1f-1_P3_Y-1_U124,FXX,1,31.06227003080061,1,1,2.18,0,0,0,-9999.0,0.75,1,P2_CV0,2,1,1,2,0
3,2532969.44,705413.5711,R3_F3_m3f3_P3_Y0_UO340,R3_F3_m-1f-1_P3_Y-1_U131,R3_F3_m-1f-1_P3_Y-1_U23,FXX,1,31.06227003080061,1,1,0.0,0,0,0,-9999.0,0.75,1,P2_CV0,2,2,0,2,0
3,2532969.44,705413.5711,R3_F3_m3f3_P3_Y0_UO771,R3_F3_m-1f-1_P3_Y-1_U53,R3_F3_m-1f-1_P3_Y-1_U109,MXY,1,31.06227003080061,1,1,0.0,0,0,0,-9999.0,0.5,1,P2_CV0,2,1,1,1,1
3,2532969.44,705413.5711,R3_F3_m3f3_P3_Y0_UO150,R3_F3_m-1f-1_P3_Y-1_U43,R3_F3_m-1f-1_P3_Y-1_U108,MXY,1,31.06227003080061,1,1,0.0,0,0,0,-9999.0,0.5,1,P2_CV0,2,0,2,2,0
3,2532969.44,705413.5711,R3_F3_m3f3_P3_Y0_UO191,R3_F3_m-1f-1_P3_Y-1_U49,R3_F3_m-1f-1_P3_Y-1_U71,MXY,1,31.06227003080061,1,1,0.0,0,0,0,-9999.0,0.75,1,P2_CV0,2,2,0,2,0
3,2532969.44,705413.5711,R3_F3_m3f3_P3_Y0_UO339,R3_F3_m-1f-1_P3_Y-1_U131,R3_F3_m-1f-1_P3_Y-1_U23,FXX,1,31.06227003080061,1,1,1.778,0,0,0,-9999.0,0.75,1,P2_CV0,2,0,2,1,1
3,2532969.44,705413.5711,R3_F3_m3f3_P3_Y0_UO641,R3_F3_m-1f-1_P3_Y-1_U59,R3_F3_m-1f-1_P3_Y-1_U23,MXY,1,31.06227003080061,1,1,0.0,0,0,0,-9999.0,0.75,1,P2_CV0,2,2,0,1,1
3,2532969.44,705413.5711,R3_F3_m3f3_P3_Y0_UO314,R3_F3_m-1f-1_P3_Y-1_U59,R3_F3_m-1f-1_P3_Y-1_U23,MXY,1,31.06227003080061,1,1,0.0,0,0,0,-9999.0,0.75,1,P2_CV0,2,1,1,0,2
3,2532969.44,705413.5711,R3_F3_m3f3_P3_Y0_UO147,R3_F3_m-1f-1_P3_Y-1_U43,R3_F3_m-1f-1_P3_Y-1_U108,MXY,1,31.06227003080061,1,1,0.0,0,0,0,-9999.0,0.5,1,P2_CV0,2,1,1,1,1
3,2532969.44,705413.5711,R3_F3_m3f3_P3_Y0_UO769,R3_F3_m-1f-1_P3_Y-1_U53,R3_F3_m-1f-1_P3_Y-1_U109,FXX,1,31.06227003080061,1,1,1.406,0,0,0,-9999.0,0.5,1,P2_CV0,2,1,1,1,1
3,2532969.44,705413.5711,R3_F3_m3f3_P3_Y0_UO714,R3_F3_m-1f-1_P3_Y-1_U43,R3_F3_m-1f-1_P3_Y-1_U125,MXY,1,31.06227003080061,1,1,0.0,0,0,0,-9999.0,0.0,1,P2_CV0,2,0,2,2,0
3,2532969.44,705413.5711,R3_F3_m3f3_P3_Y0_UO711,R3_F3_m-1f-1_P3_Y-1_U32,R3_F3_m-1f-1_P3_Y-1_U123,MXY,1,31.06227003080061,1,1,0.0,0,0,0,-9999.0,0.5,1,P2_CV0,2,1,1,0,2
3,2532969.44,705413.5711,R3_F3_m3f3_P3_Y0_UO773,R3_F3_m-1f-1_P3_Y-1_U53,R3_F3_m-1f-1_P3_Y-1_U109,FXX,1,31.06227003080061,1,1,0.0,0,0,0,-9999.0,0.5,1,P2_CV0,2,1,1,1,1
3,2532969.44,705413.5711,R3_F3_m3f3_P3_Y0_UO335,R3_F3_m-1f-1_P3_Y-1_U131,R3_F3_m-1f-1_P3_Y-1_U23,MXY,1,31.06227003080061,1,1,0.0,0,0,0,-9999.0,0.75,1,P2_CV0,2,1,1,1,1
3,2532969.44,705413.5711,R3_F3_m3f3_P3_Y0_UO193,R3_F3_m-1f-1_P3_Y-1_U3,R3_F3_m-1f-1_P3_Y-1_U89,MXY,1,31.06227003080061,1,1,0.0,0,0,0,-9999.0,0.0,1,P2_CV0,2,2,0,2,0
3,2532969.44,705413.5711,R3_F3_m3f3_P3_Y0_UO56,R3_F3_m-1f-1_P3_Y-1_U52,R3_F3_m-1f-1_P3_Y-1_U109,MXY,1,31.06227003080061,1,1,0.0,0,0,0,-9999.0,0.5,1,P2_CV0,2,1,1,1,1
3,2532969.44,705413.5711,R3_F3_m3f3_P3_Y0_UO741,R3_F3_m-1f-1_P3_Y-1_U45,R3_F3_m-1f-1_P3_Y-1_U138,MXY,1,31.06227003080061,1,1,0.0,0,0,0,-9999.0,0.5,1,P2_CV0,2,0,2,0,2
3,2532969.44,705413.5711,R3_F3_m3f3_P3_Y0_UO586,R3_F3_m-1f-1_P3_Y-1_U43,R3_F3_m-1f-1_P3_Y-1_U125,FXX,1,31.06227003080061,1,1,1.0,0,0,0,-9999.0,0.0,1,P2_CV0,2,1,1,1,1
3,2532969.44,705413.5711,R3_F3_m3f3_P3_Y0_UO93,R3_F3_m-1f-1_P3_Y-1_U52,R3_F3_m-1f-1_P3_Y-1_U25,FXX,1,31.06227003080061,1,1,0.0,0,0,0,-9999.0,0.5,1,P2_CV0,2,1,1,2,0
3,2532969.44,705413.5711,R3_F3_m3f3_P3_Y0_UO411,R3_F3_m-1f-1_P3_Y-1_U32,R3_F3_m-1f-1_P3_Y-1_U65,MXY,1,31.06227003080061,1,1,0.0,0,0,0,-9999.0,1.0,1,P2_CV0,2,1,1,0,2
3,2532969.44,705413.5711,R3_F3_m3f3_P3_Y0_UO36,R3_F3_m-1f-1_P3_Y-1_U43,R3_F3_m-1f-1_P3_Y-1_U89,MXY,1,31.06227003080061,1,1,0.0,0,0,0,-9999.0,0.0,1,P2_CV0,2,1,1,0,2
3,2532969.44,705413.5711,R3_F3_m3f3_P3_Y0_UO588,R3_F3_m-1f-1_P3_Y-1_U43,R3_F3_m-1f-1_P3_Y-1_U125,MXY,1,31.06227003080061,1,1,0.0,0,0,0,-9999.0,0.0,1,P2_CV0,2,0,2,1,1
3,2532969.44,705413.5711,R3_F3_m3f3_P3_Y0_UO10,R3_F3_m-1f-1_P3_Y-1_U131,R3_F3_m-1f-1_P3_Y-1_U108,FXX,1,31.06227003080061,1,1,1.743,0,0,0,-9999.0,0.75,1,P2_CV0,2,2,0,2,0
3,2532969.44,705413.5711,R3_F3_m3f3_P3_Y0_UO492,R3_F3_m-1f-1_P3_Y-1_U122,R3_F3_m-1f-1_P3_Y-1_U112,MXY,1,31.06227003080061,1,1,0.0,0,0,0,-9999.0,0.25,1,P2_CV0,2,0,2,2,0
3,2532969.44,705413.5711,R3_F3_m3f3_P3_Y0_UO15,R3_F3_m-1f-1_P3_Y-1_U131,R3_F3_m-1f-1_P3_Y-1_U108,MXY,1,31.06227003080061,1,1,0.0,0,0,0,-9999.0,0.75,1,P2_CV0,2,1,1,0,2
3,2532969.44,705413.5711,R3_F3_m3f3_P3_Y0_UO186,R3_F3_m-1f-1_P3_Y-1_U49,R3_F3_m-1f-1_P3_Y-1_U71,FXX,1,31.06227003080061,1,1,1.679,0,0,0,-9999.0,0.75,1,P2_CV0,2,1,1,0,2
3,2532969.44,705413.5711,R3_F3_m3f3_P3_Y0_UO157,R3_F3_m-1f-1_P3_Y-1_U52,R3_F3_m-1f-1_P3_Y-1_U89,MXY,1,31.06227003080061,1,1,0.0,0,0,0,-9999.0,0.25,1,P2_CV0,2,2,0,1,1
3,2532969.44,705413.5711,R3_F3_m3f3_P3_Y0_UO90,R3_F3_m-1f-1_P3_Y-1_U53,R3_F3_m-1f-1_P3_Y-1_U38,MXY,1,31.06227003080061,1,1,0.0,0,0,0,-9999.0,0.25,1,P2_CV0,2,2,0,0,2
3,2532969.44,705413.5711,R3_F3_m3f3_P3_Y0_UO192,R3_F3_m-1f-1_P3_Y-1_U49,R3_F3_m-1f-1_P3_Y-1_U71,MXY,1,31.06227003080061,1,1,0.0,0,0,0,-9999.0,0.75,1,P2_CV0,2,0,2,1,1
3,2532969.44,705413.5711,R3_F3_m3f3_P3_Y0_UO718,R3_F3_m-1f-1_P3_Y-1_U43,R3_F3_m-1f-1_P3_Y-1_U125,FXX,1,31.06227003080061,1,1,1.0,0,0,0,-9999.0,0.0,1,P2_CV0,2,2,0,0,2
3,2532969.44,705413.5711,R3_F3_m3f3_P3_Y0_UO375,R3_F3_m-1f-1_P3_Y-1_U69,R3_F3_m-1f-1_P3_Y-1_U124,FXX,1,31.06227003080061,1,1,1.001,0,0,0,-9999.0,0.75,1,P2_CV0,2,1,1,0,2
3,2532969.44,705413.5711,R3_F3_m-1f-1_P3_Y-1_U96,-9999,-9999,MXY,2,31.066647516355946,1,0,0.0,0,0,0,-9999.0,0.0,1,P2_CV0,2,0,2,0,2
3,2532969.44,705413.5711,R3_F3_m-1f-1_P3_Y-1_U132,-9999,-9999,FXX,2,31.066647516355946,1,0,1.668,0,0,0,-9999.0,1.0,1,P2_CV0,2,2,0,2,0
3,2532969.44,705413.5711,R3_F3_m-1f-1_P3_Y-1_U17,-9999,-9999,MXY,2,31.066647516355946,1,0,0.0,0,0,0,-9999.0,0.5,1,P2_CV0,2,1,1,2,0
3,2532969.44,705413.5711,R3_F3_m-1f-1_P3_Y-1_U36,-9999,-9999,MXY,2,31.066647516355946,1,0,0.0,0,0,0,-9999.0,1.0,1,P2_CV0,2,2,0,0,2
3,2532969.44,705413.5711,R3_F3_m-1f-1_P3_Y-1_U62,-9999,-9999,FXX,2,31.066647516355946,1,0,1.61,0,0,0,-9999.0,0.5,1,P2_CV0,2,1,1,0,2
3,2532969.44,705413.5711,R3_F3_m-1f-1_P3_Y-1_U100,-9999,-9999,FXX,2,31.066647516355946,1,0,0.0,0,0,0,-9999.0,0.5,1,P2_CV0,2,1,1,0,2
3,2532969.44,705413.5711,R3_F3_m-1f-1_P3_Y-1_U105,-9999,-9999,FXX,2,31.066647516355946,1,0,0.0,0,0,0,-9999.0,0.5,1,P2_CV0,2,1,1,1,1
3,2532969.44,705413.5711,R3_F3_m-1f-1_P3_Y-1_U120,-9999,-9999,MXY,2,31.066647516355946,1,0,0.0,0,0,0,-9999.0,1.0,1,P2_CV0,2,2,0,2,0
3,2532969.44,705413.5711,R3_F3_m-1f-1_P3_Y-1_U57,-9999,-9999,MXY,2,31.066647516355946,1,0,0.0,0,0,0,-9999.0,0.5,1,P2_CV0,2,1,1,0,2
3,2532969.44,705413.5711,R3_F3_m-1f-1_P3_Y-1_U48,-9999,-9999,MXY,2,31.066647516355946,1,0,0.0,0,0,0,-9999.0,0.0,1,P2_CV0,2,0,2,1,1
3,2532969.44,705413.5711,R3_F3_m-1f-1_P3_Y-1_U31,-9999,-9999,FXX,2,31.066647516355946,1,0,2.39,0,0,0,-9999.0,0.5,1,P2_CV0,2,1,1,2,0
3,2532969.44,705413.5711,R3_F3_m-1f-1_P3_Y-1_U129,-9999,-9999,FXX,2,31.066647516355946,1,0,1.222,0,0,0,-9999.0,0.5,1,P2_CV0,2,1,1,0,2
3,2532969.44,705413.5711,R3_F3_m-1f-1_P3_Y-1_U61,-9999,-9999,FXX,2,31.066647516355946,1,0,0.0,0,0,0,-9999.0,0.0,1,P2_CV0,2,0,2,2,0
3,2532969.44,705413.5711,R3_F3_m-1f-1_P3_Y-1_U84,-9999,-9999,FXX,2,31.066647516355946,1,0,1.291,0,0,0,-9999.0,0.0,1,P2_CV0,2,0,2,1,1
3,2532969.44,705413.5711,R3_F3_m-1f-1_P3_Y-1_U16,-9999,-9999,MXY,2,31.066647516355946,1,0,0.0,0,0,0,-9999.0,0.0,1,P2_CV0,2,0,2,1,1
3,2532969.44,705413.5711,R3_F3_m-1f-1_P3_Y-1_U137,-9999,-9999,MXY,3,47.2607602199729,1,0,0.0,0,0,0,-9999.0,0.0,1,P2_CV0,2,0,2,1,1
3,2532969.44,705413.5711,R3_F3_m-1f-1_P3_Y-1_U23,-9999,-9999,MXY,3,53.0927602199729,1,0,0.0,0,0,0,-9999.0,1.0,1,P2_CV0,2,2,0,1,1
3,2532969.44,705413.5711,R3_F3_m-1f-1_P3_Y-1_U125,-9999,-9999,MXY,3,48.853760219972905,1,0,0.0,0,0,0,-9999.0,0.0,1,P2_CV0,2,0,2,2,0
3,2532969.44,705413.5711,R3_F3_m-1f-1_P3_Y-1_U50,-9999,-9999,MXY,3,52.8397602199729,1,0,0.0,0,0,0,-9999.0,0.0,1,P2_CV0,2,0,2,2,0
3,2532969.44,705413.5711,R3_F3_m-1f-1_P3_Y-1_U135,-9999,-9999,MXY,3,49.08176021997291,1,0,0.0,0,0,0,-9999.0,1.0,1,P2_CV0,2,2,0,1,1
3,2532969.44,705413.5711,R3_F3_m-1f-1_P3_Y-1_U21,-9999,-9999,MXY,3,56.9437602199729,1,0,0.0,0,0,0,-9999.0,0.5,1,P2_CV0,2,1,1,1,1
3,2532969.44,705413.5711,R3_F3_m-1f-1_P3_Y-1_U82,-9999,-9999,MXY,3,49.33476021997291,1,0,0.0,0,0,0,-9999.0,0.5,1,P2_CV0,2,1,1,0,2
3,2532969.44,705413.5711,R3_F3_m-1f-1_P3_Y-1_U45,-9999,-9999,FXX,3,45.9857602199729,1,0,0.0,0,0,0,-9999.0,1.0,1,P2_CV0,2,2,0,0,2
3,2532969.44,705413.5711,R3_F3_m-1f-1_P3_Y-1_U99,-9999,-9999,MXY,4,92.0473002602747,1,0,0.0,0,0,0,-9999.0,1.0,1,P2_CV0,2,2,0,1,1
3,2532969.44,705413.5711,R3_F3_m-1f-1_P3_Y-1_U3,-9999,-9999,FXX,4,92.0473002602747,1,0,0.0,0,0,0,-9999.0,0.0,1,P2_CV0,2,0,2,2,0
3,2532969.44,705413.5711,R3_F3_m-1f-1_P3_Y-1_U85,-9999,-9999,MXY,4,92.0473002602747,1,0,0.0,0,0,0,-9999.0,0.5,1,P2_CV0,2,1,1,1,1
3,2532969.44,705413.5711,R3_F3_m-1f-1_P3_Y-1_U56,-9999,-9999,FXX,4,92.0473002602747,1,0,1.423,0,0,0,-9999.0,0.5,1,P2_CV0,2,1,1,1,1
3,2532969.44,705413.5711,R3_F3_m-1f-1_P3_Y-1_U65,-9999,-9999,MXY,4,92.04413257728619,1,0,0.0,0,0,0,-9999.0,1.0,1,P2_CV0,2,2,0,0,2
3,2532969.44,705413.5711,R3_F3_m-1f-1_P3_Y-1_U86,-9999,-9999,FXX,4,92.0473002602747,1,0,1.6,0,0,0,-9999.0,0.5,1,P2_CV0,2,1,1,1,1
3,2532969.44,705413.5711,R3_F3_m-1f-1_P3_Y-1_U58,-9999,-9999,MXY,4,92.0473002602747,1,0,0.0,0,0,0,-9999.0,0.5,1,P2_CV0,2,1,1,0,2
3,2532969.44,705413.5711,R3_F3_m-1f-1_P3_Y-1_U69,-9999,-9999,FXX,5,114.94810053026464,1,0,2.512,0,0,0,-9999.0,0.5,1,P2_CV0,2,1,1,1,1
3,2532969.44,705413.5711,R3_F3_m-1f-1_P3_Y-1_U38,-9999,-9999,MXY,5,120.48410053026463,1,0,0.0,0,0,0,-9999.0,0.0,1,P2_CV0,2,0,2,2,0
3,2532969.44,705413.5711,R3_F3_m-1f-1_P3_Y-1_U108,-9999,-9999,MXY,5,122.38010053026463,1,0,0.0,0,0,0,-9999.0,1.0,1,P2_CV0,2,2,0,1,1
4,2539041.489,728416.6747,R4_F4_m1f1_P1_Y0_UO122,R1_F1_m-1f-1_P1_Y-1_U29,R1_F1_m-1f-1_P1_Y-1_U64,FXX,1,53.50085486268945,1,1,1.321,0,0,0,-9999.0,0.0,1,P0_CV0,2,1,1,0,2
4,2539041.489,728416.6747,Age0_F4_m4f4_P4_Y1_UO13,R4_F4_m-1f-1_P4_Y-1_U83,R4_F4_m-1f-1_P4_Y-1_U62,MXY,0,31.002763152636064,0,0,0.0,0,0,0,0.0,0.5,1,P3_CV0,2,2,0,0,2
4,2539041.489,728416.6747,Age0_F4_m4f4_P4_Y1_UO14,R4_F4_m-1f-1_P4_Y-1_U83,R4_F4_m-1f-1_P4_Y-1_U62,MXY,0,31.002763152636064,0,0,0.0,0,0,0,0.0,0.5,1,P3_CV0,2,1,1,1,1
4,2539041.489,728416.6747,Age0_F4_m4f4_P4_Y1_UO15,R4_F4_m-1f-1_P4_Y-1_U83,R4_F4_m-1f-1_P4_Y-1_U62,MXY,0,31.002763152636064,0,0,0.0,0,0,0,0.0,0.5,1,P3_CV0,2,1,1,1,1
4,2539041.489,728416.6747,Age0_F4_m4f4_P4_Y1_UO24,R4_F4_m-1f-1_P4_Y-1_U94,R4_F4_m-1f-1_P4_Y-1_U72,FXX,0,31.002763152636064,0,0,0.0,0,0,0,0.0,0.5,1,P3_CV0,2,1,1,0,2
4,2539041.489,728416.6747,Age0_F4_m4f4_P4_Y1_UO29,R4_F4_m-1f-1_P4_Y-1_U129,R4_F4_m-1f-1_P4_Y-1_U133,MXY,0,31.002763152636064,0,0,0.0,0,0,0,0.0,0.5,1,P3_CV0,2,2,0,1,1
4,2539041.489,728416.6747,Age0_F4_m4f4_P4_Y1_UO30,R4_F4_m-1f-1_P4_Y-1_U129,R4_F4_m-1f-1_P4_Y-1_U133,MXY,0,31.002763152636064,0,0,0.0,0,0,0,0.0,0.5,1,P3_CV0,2,0,2,0,2
4,2539041.489,728416.6747,Age0_F4_m4f4_P4_Y1_UO31,R4_F4_m-1f-1_P4_Y-1_U60,R4_F4_m-1f-1_P4_Y-1_U48,MXY,0,31.002763152636064,0,0,0.0,0,0,0,0.0,0.5,1,P3_CV0,2,1,1,2,0
4,2539041.489,728416.6747,Age0_F4_m4f4_P4_Y1_UO32,R4_F4_m-1f-1_P4_Y-1_U60,R4_F4_m-1f-1_P4_Y-1_U48,MXY,0,31.002763152636064,0,0,0.0,0,0,0,0.0,0.5,1,P3_CV0,2,1,1,1,1
4,2539041.489,728416.6747,Age0_F4_m4f4_P4_Y1_UO65,R4_F4_m-1f-1_P4_Y-1_U114,R4_F4_m-1f-1_P4_Y-1_U75,MXY,0,31.002763152636064,0,0,0.0,0,0,0,0.0,0.75,1,P3_CV0,2,1,1,2,0
4,2539041.489,728416.6747,Age0_F4_m4f4_P4_Y1_UO66,R4_F4_m-1f-1_P4_Y-1_U114,R4_F4_m-1f-1_P4_Y-1_U75,MXY,0,31.002763152636064,0,0,0.0,0,0,0,0.0,0.75,1,P3_CV0,2,1,1,1,1
4,2539041.489,728416.6747,Age0_F4_m4f4_P4_Y1_UO67,R4_F4_m-1f-1_P4_Y-1_U114,R4_F4_m-1f-1_P4_Y-1_U75,FXX,0,31.002763152636064,0,0,0.0,0,0,0,0.0,0.75,1,P3_CV0,2,2,0,1,1
4,2539041.489,728416.6747,Age0_F4_m4f4_P4_Y1_UO76,R4_F4_m-1f-1_P4_Y-1_U71,R4_F4_m-1f-1_P4_Y-1_U123,MXY,0,31.002763152636064,0,0,0.0,0,0,0,0.0,0.25,1,P3_CV0,2,1,1,1,1
4,2539041.489,728416.6747,Age0_F4_m4f4_P4_Y1_UO77,R4_F4_m-1f-1_P4_Y-1_U3,R4_F4_m-1f-1_P4_Y-1_U26,FXX,0,31.002763152636064,0,0,0.0,0,0,0,0.0,0.75,1,P3_CV0,2,2,0,2,0
4,2539041.489,728416.6747,Age0_F4_m4f4_P4_Y1_UO78,R4_F4_m-1f-1_P4_Y-1_U3,R4_F4_m-1f-1_P4_Y-1_U26,MXY,0,31.002763152636064,0,0,0.0,0,0,0,0.0,0.75,1,P3_CV0,2,1,1,1,1
4,2539041.489,728416.6747,Age0_F4_m4f4_P4_Y1_UO99,R4_F4_m-1f-1_P4_Y-1_U76,R4_F4_m-1f-1_P4_Y-1_U34,MXY,0,31.002763152636064,0,0,0.0,0,0,0,0.0,0.75,1,P3_CV0,2,1,1,1,1
4,2539041.489,728416.6747,Age0_F4_m4f4_P4_Y1_UO114,R4_F4_m-1f-1_P4_Y-1_U52,R4_F4_m-1f-1_P4_Y-1_U19,FXX,0,31.002763152636064,0,0,0.0,0,0,0,0.0,1.0,1,P3_CV0,2,2,0,1,1
4,2539041.489,728416.6747,Age0_F4_m4f4_P4_Y1_UO115,R4_F4_m-1f-1_P4_Y-1_U52,R4_F4_m-1f-1_P4_Y-1_U19,MXY,0,31.002763152636064,0,0,0.0,0,0,0,0.0,1.0,1,P3_CV0,2,2,0,0,2
4,2539041.489,728416.6747,Age0_F4_m4f4_P4_Y1_UO116,R4_F4_m-1f-1_P4_Y-1_U52,R4_F4_m-1f-1_P4_Y-1_U19,MXY,0,31.002763152636064,0,0,0.0,0,0,0,0.0,1.0,1,P3_CV0,2,1,1,1,1
4,2539041.489,728416.6747,Age0_F4_m4f4_P4_Y1_UO117,R4_F4_m-1f-1_P4_Y-1_U52,R4_F4_m-1f-1_P4_Y-1_U19,MXY,0,31.002763152636064,0,0,0.0,0,0,0,0.0,1.0,1,P3_CV0,2,2,0,0,2
4,2539041.489,728416.6747,Age0_F4_m4f4_P4_Y1_UO122,R4_F4_m-1f-1_P4_Y-1_U42,R4_F4_m-1f-1_P4_Y-1_U58,FXX,0,31.002763152636064,0,0,0.0,0,0,0,0.0,0.5,1,P3_CV0,2,2,0,0,2
4,2539041.489,728416.6747,Age0_F4_m4f4_P4_Y1_UO123,R4_F4_m-1f-1_P4_Y-1_U42,R4_F4_m-1f-1_P4_Y-1_U58,FXX,0,31.002763152636064,0,0,0.0,0,0,0,0.0,0.5,1,P3_CV0,2,2,0,0,2
4,2539041.489,728416.6747,Age0_F4_m4f4_P4_Y1_UO129,R4_F4_m-1f-1_P4_Y-1_U82,R4_F4_m-1f-1_P4_Y-1_U22,MXY,0,31.002763152636064,0,0,0.0,0,0,0,0.0,0.5,1,P3_CV0,2,1,1,2,0
4,2539041.489,728416.6747,Age0_F4_m4f4_P4_Y1_UO130,R4_F4_m-1f-1_P4_Y-1_U82,R4_F4_m-1f-1_P4_Y-1_U22,MXY,0,31.002763152636064,0,0,0.0,0,0,0,0.0,0.5,1,P3_CV0,2,2,0,1,1
4,2539041.489,728416.6747,Age0_F4_m4f4_P4_Y1_UO134,R4_F4_m-1f-1_P4_Y-1_U3,R4_F4_m-1f-1_P4_Y-1_U62,MXY,0,31.002763152636064,0,0,0.0,0,0,0,0.0,0.5,1,P3_CV0,2,0,2,0,2
4,2539041.489,728416.6747,Age0_F4_m4f4_P4_Y1_UO144,R4_F4_m-1f-1_P4_Y-1_U128,R4_F4_m-1f-1_P4_Y-1_U30,MXY,0,31.002763152636064,0,0,0.0,0,0,0,0.0,0.5,1,P3_CV0,2,2,0,0,2
4,2539041.489,728416.6747,Age0_F4_m4f4_P4_Y1_UO145,R4_F4_m-1f-1_P4_Y-1_U128,R4_F4_m-1f-1_P4_Y-1_U30,FXX,0,31.002763152636064,0,0,0.0,0,0,0,0.0,0.5,1,P3_CV0,2,1,1,1,1
4,2539041.489,728416.6747,Age0_F4_m4f4_P4_Y1_UO146,R4_F4_m-1f-1_P4_Y-1_U128,R4_F4_m-1f-1_P4_Y-1_U30,MXY,0,31.002763152636064,0,0,0.0,0,0,0,0.0,0.5,1,P3_CV0,2,1,1,0,2
4,2539041.489,728416.6747,Age0_F4_m4f4_P4_Y1_UO147,R4_F4_m-1f-1_P4_Y-1_U128,R4_F4_m-1f-1_P4_Y-1_U30,FXX,0,31.002763152636064,0,0,0.0,0,0,0,0.0,0.5,1,P3_CV0,2,1,1,2,0
4,2539041.489,728416.6747,Age0_F4_m4f4_P4_Y1_UO148,R4_F4_m-1f-1_P4_Y-1_U128,R4_F4_m-1f-1_P4_Y-1_U30,FXX,0,31.002763152636064,0,0,0.0,0,0,0,0.0,0.5,1,P3_CV0,2,2,0,0,2
4,2539041.489,728416.6747,Age0_F4_m4f4_P4_Y1_UO161,R4_F4_m-1f-1_P4_Y-1_U42,R4_F4_m-1f-1_P4_Y-1_U110,FXX,0,31.002763152636064,0,0,0.0,0,0,0,0.0,0.75,1,P3_CV0,2,2,0,1,1
4,2539041.489,728416.6747,Age0_F4_m4f4_P4_Y1_UO162,R4_F4_m-1f-1_P4_Y-1_U42,R4_F4_m-1f-1_P4_Y-1_U110,FXX,0,31.002763152636064,0,0,0.0,0,0,0,0.0,0.75,1,P3_CV0,2,1,1,1,1
4,2539041.489,728416.6747,Age0_F4_m4f4_P4_Y1_UO163,R4_F4_m-1f-1_P4_Y-1_U42,R4_F4_m-1f-1_P4_Y-1_U110,MXY,0,31.002763152636064,0,0,0.0,0,0,0,0.0,0.75,1,P3_CV0,2,0,2,1,1
4,2539041.489,728416.6747,Age0_F4_m4f4_P4_Y1_UO164,R4_F4_m-1f-1_P4_Y-1_U42,R4_F4_m-1f-1_P4_Y-1_U110,FXX,0,31.002763152636064,0,0,0.0,0,0,0,0.0,0.75,1,P3_CV0,2,2,0,1,1
4,2539041.489,728416.6747,Age0_F4_m4f4_P4_Y1_UO193,R4_F4_m-1f-1_P4_Y-1_U49,R4_F4_m-1f-1_P4_Y-1_U110,MXY,0,31.002763152636064,0,0,0.0,0,0,0,0.0,1.0,1,P3_CV0,2,1,1,2,0
4,2539041.489,728416.6747,Age0_F4_m4f4_P4_Y1_UO194,R4_F4_m-1f-1_P4_Y-1_U49,R4_F4_m-1f-1_P4_Y-1_U110,MXY,0,31.002763152636064,0,0,0.0,0,0,0,0.0,1.0,1,P3_CV0,2,1,1,2,0
4,2539041.489,728416.6747,Age0_F4_m4f4_P4_Y1_UO195,R4_F4_m-1f-1_P4_Y-1_U49,R4_F4_m-1f-1_P4_Y-1_U110,FXX,0,31.002763152636064,0,0,0.0,0,0,0,0.0,1.0,1,P3_CV0,2,0,2,1,1
4,2539041.489,728416.6747,Age0_F4_m4f4_P4_Y1_UO197,R4_F4_m-1f-1_P4_Y-1_U33,R4_F4_m-1f-1_P4_Y-1_U63,FXX,0,31.002763152636064,0,0,0.0,0,0,0,0.0,0.25,1,P3_CV0,2,1,1,2,0
4,2539041.489,728416.6747,Age0_F4_m4f4_P4_Y1_UO198,R4_F4_m-1f-1_P4_Y-1_U83,R4_F4_m-1f-1_P4_Y-1_U115,FXX,0,31.002763152636064,0,0,0.0,0,0,0,0.0,0.75,1,P3_CV0,2,2,0,1,1
4,2539041.489,728416.6747,Age0_F4_m4f4_P4_Y1_UO199,R4_F4_m-1f-1_P4_Y-1_U83,R4_F4_m-1f-1_P4_Y-1_U115,FXX,0,31.002763152636064,0,0,0.0,0,0,0,0.0,0.75,1,P3_CV0,2,0,2,1,1
4,2539041.489,728416.6747,Age0_F4_m4f4_P4_Y1_UO217,R4_F4_m-1f-1_P4_Y-1_U128,R4_F4_m-1f-1_P4_Y-1_U23,FXX,0,31.002763152636064,0,0,0.0,0,0,0,0.0,0.5,1,P3_CV0,2,1,1,1,1
4,2539041.489,728416.6747,Age0_F4_m4f4_P4_Y1_UO218,R4_F4_m-1f-1_P4_Y-1_U128,R4_F4_m-1f-1_P4_Y-1_U23,MXY,0,31.002763152636064,0,0,0.0,0,0,0,0.0,0.5,1,P3_CV0,2,2,0,0,2
4,2539041.489,728416.6747,Age0_F4_m4f4_P4_Y1_UO219,R4_F4_m-1f-1_P4_Y-1_U54,R4_F4_m-1f-1_P4_Y-1_U8,FXX,0,31.002763152636064,0,0,0.0,0,0,0,0.0,1.0,1,P3_CV0,2,1,1,1,1
4,2539041.489,728416.6747,Age0_F4_m4f4_P4_Y1_UO220,R4_F4_m-1f-1_P4_Y-1_U54,R4_F4_m-1f-1_P4_Y-1_U8,MXY,0,31.002763152636064,0,0,0.0,0,0,0,0.0,1.0,1,P3_CV0,2,1,1,0,2
4,2539041.489,728416.6747,Age0_F4_m4f4_P4_Y1_UO245,R4_F4_m-1f-1_P4_Y-1_U54,R4_F4_m-1f-1_P4_Y-1_U75,MXY,0,31.002763152636064,0,0,0.0,0,0,0,0.0,0.75,1,P3_CV0,2,1,1,0,2
4,2539041.489,728416.6747,Age0_F4_m4f4_P4_Y1_UO248,R4_F4_m-1f-1_P4_Y-1_U45,R4_F4_m-1f-1_P4_Y-1_U68,MXY,0,31.002763152636064,0,0,0.0,0,0,0,0.0,0.25,1,P3_CV0,2,1,1,0,2
4,2539041.489,728416.6747,Age0_F4_m4f4_P4_Y1_UO249,R4_F4_m-1f-1_P4_Y-1_U45,R4_F4_m-1f-1_P4_Y-1_U68,FXX,0,31.002763152636064,0,0,0.0,0,0,0,0.0,0.25,1,P3_CV0,2,1,1,1,1
4,2539041.489,728416.6747,Age0_F4_m4f4_P4_Y1_UO250,R4_F4_m-1f-1_P4_Y-1_U45,R4_F4_m-1f-1_P4_Y-1_U68,MXY,0,31.002763152636064,0,0,0.0,0,0,0,0.0,0.25,1,P3_CV0,2,2,0,1,1
4,2539041.489,728416.6747,Age0_F4_m4f4_P4_Y1_UO259,R4_F4_m-1f-1_P4_Y-1_U43,R4_F4_m-1f-1_P4_Y-1_U105,MXY,0,31.002763152636064,0,0,0.0,0,0,0,0.0,0.25,1,P3_CV0,2,0,2,0,2
4,2539041.489,728416.6747,Age0_F4_m4f4_P4_Y1_UO260,R4_F4_m-1f-1_P4_Y-1_U43,R4_F4_m-1f-1_P4_Y-1_U105,MXY,0,31.002763152636064,0,0,0.0,0,0,0,0.0,0.25,1,P3_CV0,2,2,0,2,0
4,2539041.489,728416.6747,Age0_F4_m4f4_P4_Y1_UO295,R4_F4_m-1f-1_P4_Y-1_U4,R4_F4_m-1f-1_P4_Y-1_U35,MXY,0,31.002763152636064,0,0,0.0,0,0,0,0.0,0.75,1,P3_CV0,2,2,0,1,1
4,2539041.489,728416.6747,Age0_F4_m4f4_P4_Y1_UO301,R4_F4_m-1f-1_P4_Y-1_U43,R4_F4_m-1f-1_P4_Y-1_U79,FXX,0,31.002763152636064,0,0,0.0,0,0,0,0.0,0.25,1,P3_CV0,2,1,1,0,2
4,2539041.489,728416.6747,Age0_F4_m4f4_P4_Y1_UO302,R4_F4_m-1f-1_P4_Y-1_U43,R4_F4_m-1f-1_P4_Y-1_U79,MXY,0,31.002763152636064,0,0,0.0,0,0,0,0.0,0.25,1,P3_CV0,2,0,2,2,0
4,2539041.489,728416.6747,Age0_F4_m4f4_P4_Y1_UO312,R4_F4_m-1f-1_P4_Y-1_U52,R4_F4_m-1f-1_P4_Y-1_U102,FXX,0,31.002763152636064,0,0,0.0,0,0,0,0.0,0.5,1,P3_CV0,2,1,1,2,0
4,2539041.489,728416.6747,Age0_F4_m4f4_P4_Y1_UO313,R4_F4_m-1f-1_P4_Y-1_U52,R4_F4_m-1f-1_P4_Y-1_U102,FXX,0,31.002763152636064,0,0,0.0,0,0,0,0.0,0.5,1,P3_CV0,2,0,2,0,2
4,2539041.489,728416.6747,Age0_F4_m4f4_P4_Y1_UO314,R4_F4_m-1f-1_P4_Y-1_U52,R4_F4_m-1f-1_P4_Y-1_U102,FXX,0,31.002763152636064,0,0,0.0,0,0,0,0.0,0.5,1,P3_CV0,2,2,0,1,1
4,2539041.489,728416.6747,Age0_F4_m4f4_P4_Y1_UO333,R4_F4_m-1f-1_P4_Y-1_U60,R4_F4_m-1f-1_P4_Y-1_U88,FXX,0,31.002763152636064,0,0,0.0,0,0,0,0.0,0.5,1,P3_CV0,2,1,1,0,2
4,2539041.489,728416.6747,Age0_F4_m4f4_P4_Y1_UO339,R4_F4_m-1f-1_P4_Y-1_U60,R4_F4_m-1f-1_P4_Y-1_U139,MXY,0,31.002763152636064,0,0,0.0,0,0,0,0.0,0.5,1,P3_CV0,2,1,1,1,1
4,2539041.489,728416.6747,Age0_F4_m4f4_P4_Y1_UO346,R4_F4_m-1f-1_P4_Y-1_U43,R4_F4_m-1f-1_P4_Y-1_U122,MXY,0,31.002763152636064,0,0,0.0,0,0,0,0.0,0.75,1,P3_CV0,2,2,0,0,2
4,2539041.489,728416.6747,Age0_F4_m4f4_P4_Y1_UO347,R4_F4_m-1f-1_P4_Y-1_U43,R4_F4_m-1f-1_P4_Y-1_U122,MXY,0,31.002763152636064,0,0,0.0,0,0,0,0.0,0.75,1,P3_CV0,2,1,1,1,1
4,2539041.489,728416.6747,Age0_F4_m4f4_P4_Y1_UO348,R4_F4_m-1f-1_P4_Y-1_U43,R4_F4_m-1f-1_P4_Y-1_U122,FXX,0,31.002763152636064,0,0,0.0,0,0,0,0.0,0.75,1,P3_CV0,2,2,0,2,0
4,2539041.489,728416.6747,Age0_F4_m4f4_P4_Y1_UO353,R4_F4_m-1f-1_P4_Y-1_U4,R4_F4_m-1f-1_P4_Y-1_U18,FXX,0,31.002763152636064,0,0,0.0,0,0,0,0.0,0.5,1,P3_CV0,2,0,2,2,0
4,2539041.489,728416.6747,Age0_F4_m4f4_P4_Y1_UO354,R4_F4_m-1f-1_P4_Y-1_U4,R4_F4_m-1f-1_P4_Y-1_U58,MXY,0,31.002763152636064,0,0,0.0,0,0,0,0.0,0.75,1,P3_CV0,2,1,1,0,2
4,2539041.489,728416.6747,Age0_F4_m4f4_P4_Y1_UO355,R4_F4_m-1f-1_P4_Y-1_U4,R4_F4_m-1f-1_P4_Y-1_U58,FXX,0,31.002763152636064,0,0,0.0,0,0,0,0.0,0.75,1,P3_CV0,2,2,0,0,2
4,2539041.489,728416.6747,Age0_F4_m4f4_P4_Y1_UO364,R4_F4_m-1f-1_P4_Y-1_U46,R4_F4_m-1f-1_P4_Y-1_U34,FXX,0,31.002763152636064,0,0,0.0,0,0,0,0.0,0.5,1,P3_CV0,2,0,2,1,1
4,2539041.489,728416.6747,Age0_F4_m4f4_P4_Y1_UO365,R4_F4_m-1f-1_P4_Y-1_U46,R4_F4_m-1f-1_P4_Y-1_U34,FXX,0,31.002763152636064,0,0,0.0,0,0,0,0.0,0.5,1,P3_CV0,2,1,1,2,0
4,2539041.489,728416.6747,Age0_F4_m4f4_P4_Y1_UO386,R4_F4_m-1f-1_P4_Y-1_U107,R4_F4_m-1f-1_P4_Y-1_U132,FXX,0,31.002763152636064,0,0,0.0,0,0,0,0.0,0.5,1,P3_CV0,2,1,1,0,2
4,2539041.489,728416.6747,Age0_F4_m4f4_P4_Y1_UO387,R4_F4_m-1f-1_P4_Y-1_U107,R4_F4_m-1f-1_P4_Y-1_U132,FXX,0,31.002763152636064,0,0,0.0,0,0,0,0.0,0.5,1,P3_CV0,2,1,1,1,1
4,2539041.489,728416.6747,Age0_F4_m4f4_P4_Y1_UO388,R4_F4_m-1f-1_P4_Y-1_U107,R4_F4_m-1f-1_P4_Y-1_U132,FXX,0,31.002763152636064,0,0,0.0,0,0,0,0.0,0.5,1,P3_CV0,2,2,0,2,0
4,2539041.489,728416.6747,Age0_F4_m4f4_P4_Y1_UO404,R4_F4_m-1f-1_P4_Y-1_U104,R4_F4_m-1f-1_P4_Y-1_U6,MXY,0,31.002763152636064,0,0,0.0,0,0,0,0.0,0.75,1,P3_CV0,2,1,1,2,0
4,2539041.489,728416.6747,Age0_F4_m4f4_P4_Y1_UO405,R4_F4_m-1f-1_P4_Y-1_U104,R4_F4_m-1f-1_P4_Y-1_U6,FXX,0,31.002763152636064,0,0,0.0,0,0,0,0.0,0.75,1,P3_CV0,2,0,2,0,2
4,2539041.489,728416.6747,Age0_F4_m4f4_P4_Y1_UO406,R4_F4_m-1f-1_P4_Y-1_U104,R4_F4_m-1f-1_P4_Y-1_U6,MXY,0,31.002763152636064,0,0,0.0,0,0,0,0.0,0.75,1,P3_CV0,2,1,1,0,2
4,2539041.489,728416.6747,Age0_F4_m4f4_P4_Y1_UO433,R4_F4_m-1f-1_P4_Y-1_U17,R4_F4_m-1f-1_P4_Y-1_U68,MXY,0,31.002763152636064,0,0,0.0,0,0,0,0.0,0.0,1,P3_CV0,2,1,1,1,1
4,2539041.489,728416.6747,Age0_F4_m4f4_P4_Y1_UO434,R4_F4_m-1f-1_P4_Y-1_U17,R4_F4_m-1f-1_P4_Y-1_U68,FXX,0,31.002763152636064,0,0,0.0,0,0,0,0.0,0.0,1,P3_CV0,2,0,2,2,0
4,2539041.489,728416.6747,Age0_F4_m4f4_P4_Y1_UO435,R4_F4_m-1f-1_P4_Y-1_U17,R4_F4_m-1f-1_P4_Y-1_U68,FXX,0,31.002763152636064,0,0,0.0,0,0,0,0.0,0.0,1,P3_CV0,2,2,0,0,2
4,2539041.489,728416.6747,Age0_F4_m4f4_P4_Y1_UO439,R4_F4_m-1f-1_P4_Y-1_U103,R4_F4_m-1f-1_P4_Y-1_U6,FXX,0,31.002763152636064,0,0,0.0,0,0,0,0.0,0.5,1,P3_CV0,2,2,0,0,2
4,2539041.489,728416.6747,Age0_F4_m4f4_P4_Y1_UO442,R4_F4_m-1f-1_P4_Y-1_U81,R4_F4_m-1f-1_P4_Y-1_U8,MXY,0,31.002763152636064,0,0,0.0,0,0,0,0.0,1.0,1,P3_CV0,2,2,0,0,2
4,2539041.489,728416.6747,Age0_F4_m4f4_P4_Y1_UO443,R4_F4_m-1f-1_P4_Y-1_U81,R4_F4_m-1f-1_P4_Y-1_U8,MXY,0,31.002763152636064,0,0,0.0,0,0,0,0.0,1.0,1,P3_CV0,2,0,2,2,0
4,2539041.489,728416.6747,Age0_F4_m4f4_P4_Y1_UO444,R4_F4_m-1f-1_P4_Y-1_U81,R4_F4_m-1f-1_P4_Y-1_U8,FXX,0,31.002763152636064,0,0,0.0,0,0,0,0.0,1.0,1,P3_CV0,2,2,0,2,0
4,2539041.489,728416.6747,Age0_F4_m4f4_P4_Y1_UO445,R4_F4_m-1f-1_P4_Y-1_U81,R4_F4_m-1f-1_P4_Y-1_U8,FXX,0,31.002763152636064,0,0,0.0,0,0,0,0.0,1.0,1,P3_CV0,2,0,2,0,2
4,2539041.489,728416.6747,Age0_F4_m4f4_P4_Y1_UO457,R4_F4_m-1f-1_P4_Y-1_U71,R4_F4_m-1f-1_P4_Y-1_U70,FXX,0,31.002763152636064,0,0,0.0,0,0,0,0.0,0.5,1,P3_CV0,2,1,1,1,1
4,2539041.489,728416.6747,Age0_F4_m4f4_P4_Y1_UO458,R4_F4_m-1f-1_P4_Y-1_U71,R4_F4_m-1f-1_P4_Y-1_U70,MXY,0,31.002763152636064,0,0,0.0,0,0,0,0.0,0.5,1,P3_CV0,2,1,1,0,2
4,2539041.489,728416.6747,Age0_F4_m4f4_P4_Y1_UO481,R4_F4_m-1f-1_P4_Y-1_U59,R4_F4_m-1f-1_P4_Y-1_U0,MXY,0,31.002763152636064,0,0,0.0,0,0,0,0.0,0.5,1,P3_CV0,2,1,1,2,0
4,2539041.489,728416.6747,Age0_F4_m4f4_P4_Y1_UO482,R4_F4_m-1f-1_P4_Y-1_U59,R4_F4_m-1f-1_P4_Y-1_U0,FXX,0,31.002763152636064,0,0,0.0,0,0,0,0.0,0.5,1,P3_CV0,2,1,1,1,1
4,2539041.489,728416.6747,Age0_F4_m4f4_P4_Y1_UO500,R4_F4_m-1f-1_P4_Y-1_U31,R4_F4_m-1f-1_P4_Y-1_U15,MXY,0,31.002763152636064,0,0,0.0,0,0,0,0.0,0.25,1,P3_CV0,2,0,2,0,2
4,2539041.489,728416.6747,Age0_F4_m4f4_P4_Y1_UO508,R4_F4_m-1f-1_P4_Y-1_U4,R4_F4_m-1f-1_P4_Y-1_U8,FXX,0,31.002763152636064,0,0,0.0,0,0,0,0.0,1.0,1,P3_CV0,2,1,1,2,0
4,2539041.489,728416.6747,Age0_F4_m4f4_P4_Y1_UO509,R4_F4_m-1f-1_P4_Y-1_U4,R4_F4_m-1f-1_P4_Y-1_U8,MXY,0,31.002763152636064,0,0,0.0,0,0,0,0.0,1.0,1,P3_CV0,2,2,0,2,0
4,2539041.489,728416.6747,Age0_F4_m4f4_P4_Y1_UO545,R4_F4_m-1f-1_P4_Y-1_U3,R4_F4_m-1f-1_P4_Y-1_U117,MXY,0,31.002763152636064,0,0,0.0,0,0,0,0.0,1.0,1,P3_CV0,2,2,0,2,0
4,2539041.489,728416.6747,Age0_F4_m4f4_P4_Y1_UO546,R4_F4_m-1f-1_P4_Y-1_U3,R4_F4_m-1f-1_P4_Y-1_U117,MXY,0,31.002763152636064,0,0,0.0,0,0,0,0.0,1.0,1,P3_CV0,2,2,0,1,1
4,2539041.489,728416.6747,Age0_F4_m4f4_P4_Y1_UO574,R4_F4_m-1f-1_P4_Y-1_U4,R4_F4_m-1f-1_P4_Y-1_U85,FXX,0,31.002763152636064,0,0,0.0,0,0,0,0.0,0.75,1,P3_CV0,2,0,2,0,2
4,2539041.489,728416.6747,Age0_F4_m4f4_P4_Y1_UO575,R4_F4_m-1f-1_P4_Y-1_U4,R4_F4_m-1f-1_P4_Y-1_U85,FXX,0,31.002763152636064,0,0,0.0,0,0,0,0.0,0.75,1,P3_CV0,2,0,2,2,0
4,2539041.489,728416.6747,Age0_F4_m4f4_P4_Y1_UO588,R4_F4_m-1f-1_P4_Y-1_U36,R4_F4_m-1f-1_P4_Y-1_U137,FXX,0,31.002763152636064,0,0,0.0,0,0,0,0.0,0.5,1,P3_CV0,2,0,2,1,1
4,2539041.489,728416.6747,Age0_F4_m4f4_P4_Y1_UO589,R4_F4_m-1f-1_P4_Y-1_U36,R4_F4_m-1f-1_P4_Y-1_U137,MXY,0,31.002763152636064,0,0,0.0,0,0,0,0.0,0.5,1,P3_CV0,2,2,0,0,2
4,2539041.489,728416.6747,Age0_F4_m4f4_P4_Y1_UO593,R4_F4_m-1f-1_P4_Y-1_U57,R4_F4_m-1f-1_P4_Y-1_U11,MXY,0,31.002763152636064,0,0,0.0,0,0,0,0.0,0.75,1,P3_CV0,2,0,2,2,0
4,2539041.489,728416.6747,Age0_F4_m4f4_P4_Y1_UO594,R4_F4_m-1f-1_P4_Y-1_U57,R4_F4_m-1f-1_P4_Y-1_U11,MXY,0,31.002763152636064,0,0,0.0,0,0,0,0.0,0.75,1,P3_CV0,2,1,1,2,0
4,2539041.489,728416.6747,Age0_F4_m4f4_P4_Y1_UO598,R4_F4_m-1f-1_P4_Y-1_U52,R4_F4_m-1f-1_P4_Y-1_U131,FXX,0,31.002763152636064,0,0,0.0,0,0,0,0.0,1.0,1,P3_CV0,2,2,0,1,1
4,2539041.489,728416.6747,Age0_F4_m4f4_P4_Y1_UO599,R4_F4_m-1f-1_P4_Y-1_U52,R4_F4_m-1f-1_P4_Y-1_U131,MXY,0,31.002763152636064,0,0,0.0,0,0,0,0.0,1.0,1,P3_CV0,2,2,0,2,0
4,2539041.489,728416.6747,Age0_F4_m4f4_P4_Y1_UO601,R4_F4_m-1f-1_P4_Y-1_U3,R4_F4_m-1f-1_P4_Y-1_U55,MXY,0,31.002763152636064,0,0,0.0,0,0,0,0.0,1.0,1,P3_CV0,2,2,0,2,0
4,2539041.489,728416.6747,Age0_F4_m4f4_P4_Y1_UO602,R4_F4_m-1f-1_P4_Y-1_U3,R4_F4_m-1f-1_P4_Y-1_U55,FXX,0,31.002763152636064,0,0,0.0,0,0,0,0.0,1.0,1,P3_CV0,2,1,1,2,0
4,2539041.489,728416.6747,Age0_F4_m4f4_P4_Y1_UO603,R4_F4_m-1f-1_P4_Y-1_U3,R4_F4_m-1f-1_P4_Y-1_U55,MXY,0,31.002763152636064,0,0,0.0,0,0,0,0.0,1.0,1,P3_CV0,2,1,1,1,1
4,2539041.489,728416.6747,Age0_F4_m4f4_P4_Y1_UO604,R4_F4_m-1f-1_P4_Y-1_U59,R4_F4_m-1f-1_P4_Y-1_U132,MXY,0,31.002763152636064,0,0,0.0,0,0,0,0.0,0.75,1,P3_CV0,2,0,2,1,1
4,2539041.489,728416.6747,Age0_F4_m4f4_P4_Y1_UO605,R4_F4_m-1f-1_P4_Y-1_U59,R4_F4_m-1f-1_P4_Y-1_U132,FXX,0,31.002763152636064,0,0,0.0,0,0,0,0.0,0.75,1,P3_CV0,2,2,0,1,1
4,2539041.489,728416.6747,Age0_F4_m4f4_P4_Y1_UO619,R4_F4_m-1f-1_P4_Y-1_U46,R4_F4_m-1f-1_P4_Y-1_U11,FXX,0,31.002763152636064,0,0,0.0,0,0,0,0.0,0.5,1,P3_CV0,2,1,1,1,1
4,2539041.489,728416.6747,Age0_F4_m4f4_P4_Y1_UO620,R4_F4_m-1f-1_P4_Y-1_U46,R4_F4_m-1f-1_P4_Y-1_U11,MXY,0,31.002763152636064,0,0,0.0,0,0,0,0.0,0.5,1,P3_CV0,2,1,1,1,1
4,2539041.489,728416.6747,Age0_F4_m4f4_P4_Y1_UO628,R4_F4_m-1f-1_P4_Y-1_U7,R4_F4_m-1f-1_P4_Y-1_U8,MXY,0,31.002763152636064,0,0,0.0,0,0,0,0.0,1.0,1,P3_CV0,2,1,1,1,1
4,2539041.489,728416.6747,Age0_F4_m4f4_P4_Y1_UO630,R4_F4_m-1f-1_P4_Y-1_U82,R4_F4_m-1f-1_P4_Y-1_U68,FXX,0,31.002763152636064,0,0,0.0,0,0,0,0.0,0.0,1,P3_CV0,2,1,1,1,1
4,2539041.489,728416.6747,Age0_F4_m4f4_P4_Y1_UO632,R4_F4_m-1f-1_P4_Y-1_U7,R4_F4_m-1f-1_P4_Y-1_U72,MXY,0,31.002763152636064,0,0,0.0,0,0,0,0.0,0.5,1,P3_CV0,2,1,1,1,1
4,2539041.489,728416.6747,Age0_F4_m4f4_P4_Y1_UO633,R4_F4_m-1f-1_P4_Y-1_U7,R4_F4_m-1f-1_P4_Y-1_U72,FXX,0,31.002763152636064,0,0,0.0,0,0,0,0.0,0.5,1,P3_CV0,2,2,0,1,1
4,2539041.489,728416.6747,R4_F4_m4f4_P4_Y0_UO691,R4_F4_m-1f-1_P4_Y-1_U101,R4_F4_m-1f-1_P4_Y-1_U97,FXX,1,53.47678221433605,1,1,0.0,0,0,0,-9999.0,0.25,1,P3_CV0,2,1,1,1,1
4,2539041.489,728416.6747,R4_F4_m4f4_P4_Y0_UO382,R4_F4_m-1f-1_P4_Y-1_U45,R4_F4_m-1f-1_P4_Y-1_U37,FXX,1,53.47678221433605,1,1,0.0,0,0,0,-9999.0,0.5,1,P3_CV0,2,1,1,0,2
4,2539041.489,728416.6747,R4_F4_m4f4_P4_Y0_UO405,R4_F4_m-1f-1_P4_Y-1_U120,R4_F4_m-1f-1_P4_Y-1_U123,MXY,1,53.47678221433605,1,1,0.0,0,0,0,-9999.0,0.25,1,P3_CV0,2,0,2,1,1
4,2539041.489,728416.6747,R4_F4_m4f4_P4_Y0_UO326,R4_F4_m-1f-1_P4_Y-1_U113,R4_F4_m-1f-1_P4_Y-1_U115,MXY,1,53.47678221433605,1,1,0.0,0,0,0,-9999.0,0.5,1,P3_CV0,2,1,1,1,1
4,2539041.489,728416.6747,R4_F4_m4f4_P4_Y0_UO22,R4_F4_m-1f-1_P4_Y-1_U91,R4_F4_m-1f-1_P4_Y-1_U18,MXY,1,53.47678221433605,1,1,0.0,0,0,0,-9999.0,0.0,1,P3_CV0,2,2,0,0,2
4,2539041.489,728416.6747,R4_F4_m4f4_P4_Y0_UO409,R4_F4_m-1f-1_P4_Y-1_U42,R4_F4_m-1f-1_P4_Y-1_U40,FXX,1,53.47678221433605,1,1,1.32,0,0,0,-9999.0,0.25,1,P3_CV0,2,2,0,1,1
4,2539041.489,728416.6747,R4_F4_m4f4_P4_Y0_UO696,R4_F4_m-1f-1_P4_Y-1_U104,R4_F4_m-1f-1_P4_Y-1_U37,MXY,1,53.47678221433605,1,1,0.0,0,0,0,-9999.0,0.75,1,P3_CV0,2,1,1,1,1
4,2539041.489,728416.6747,R4_F4_m4f4_P4_Y0_UO635,R4_F4_m-1f-1_P4_Y-1_U45,R4_F4_m-1f-1_P4_Y-1_U37,FXX,1,53.47678221433605,1,1,0.0,0,0,0,-9999.0,0.5,1,P3_CV0,2,1,1,2,0
4,2539041.489,728416.6747,R4_F4_m4f4_P4_Y0_UO52,R4_F4_m-1f-1_P4_Y-1_U78,R4_F4_m-1f-1_P4_Y-1_U97,FXX,1,53.47678221433605,1,1,2.293,0,0,0,-9999.0,0.75,1,P3_CV0,2,1,1,1,1
4,2539041.489,728416.6747,R4_F4_m4f4_P4_Y0_UO632,R4_F4_m-1f-1_P4_Y-1_U73,R4_F4_m-1f-1_P4_Y-1_U21,FXX,1,53.47678221433605,1,1,1.339,0,0,0,-9999.0,1.0,1,P3_CV0,2,2,0,1,1
4,2539041.489,728416.6747,R4_F4_m4f4_P4_Y0_UO24,R4_F4_m-1f-1_P4_Y-1_U91,R4_F4_m-1f-1_P4_Y-1_U18,MXY,1,53.47678221433605,1,1,0.0,0,0,0,-9999.0,0.0,1,P3_CV0,2,0,2,1,1
4,2539041.489,728416.6747,R4_F4_m4f4_P4_Y0_UO132,R4_F4_m-1f-1_P4_Y-1_U134,R4_F4_m-1f-1_P4_Y-1_U97,MXY,1,53.47678221433605,1,1,0.0,0,0,0,-9999.0,0.5,1,P3_CV0,2,0,2,2,0
4,2539041.489,728416.6747,R4_F4_m4f4_P4_Y0_UO755,R4_F4_m-1f-1_P4_Y-1_U128,R4_F4_m-1f-1_P4_Y-1_U135,MXY,1,53.47678221433605,1,1,0.0,0,0,0,-9999.0,0.25,1,P3_CV0,2,2,0,1,1
4,2539041.489,728416.6747,R4_F4_m4f4_P4_Y0_UO130,R4_F4_m-1f-1_P4_Y-1_U134,R4_F4_m-1f-1_P4_Y-1_U97,FXX,1,53.47678221433605,1,1,0.0,0,0,0,-9999.0,0.5,1,P3_CV0,2,1,1,2,0
4,2539041.489,728416.6747,R4_F4_m4f4_P4_Y0_UO289,R4_F4_m-1f-1_P4_Y-1_U134,R4_F4_m-1f-1_P4_Y-1_U90,FXX,1,53.47678221433605,1,1,1.0,0,0,0,-9999.0,0.5,1,P3_CV0,2,2,0,1,1
4,2539041.489,728416.6747,R4_F4_m4f4_P4_Y0_UO545,R4_F4_m-1f-1_P4_Y-1_U73,R4_F4_m-1f-1_P4_Y-1_U40,MXY,1,53.47678221433605,1,1,0.0,0,0,0,-9999.0,0.5,1,P3_CV0,2,1,1,0,2
4,2539041.489,728416.6747,R4_F4_m4f4_P4_Y0_UO133,R4_F4_m-1f-1_P4_Y-1_U134,R4_F4_m-1f-1_P4_Y-1_U97,MXY,1,53.47678221433605,1,1,0.0,0,0,0,-9999.0,0.5,1,P3_CV0,2,1,1,2,0
4,2539041.489,728416.6747,R4_F4_m4f4_P4_Y0_UO161,R4_F4_m-1f-1_P4_Y-1_U93,R4_F4_m-1f-1_P4_Y-1_U121,FXX,1,53.47678221433605,1,1,1.0,0,0,0,-9999.0,0.25,1,P3_CV0,2,1,1,2,0
4,2539041.489,728416.6747,R4_F4_m4f4_P4_Y0_UO631,R4_F4_m-1f-1_P4_Y-1_U73,R4_F4_m-1f-1_P4_Y-1_U21,MXY,1,53.47678221433605,1,1,0.0,0,0,0,-9999.0,1.0,1,P3_CV0,2,0,2,0,2
4,2539041.489,728416.6747,R4_F4_m4f4_P4_Y0_UO141,R4_F4_m-1f-1_P4_Y-1_U101,R4_F4_m-1f-1_P4_Y-1_U18,MXY,1,53.47678221433605,1,1,0.0,0,0,0,-9999.0,0.0,1,P3_CV0,2,2,0,2,0
4,2539041.489,728416.6747,R4_F4_m4f4_P4_Y0_UO724,R4_F4_m-1f-1_P4_Y-1_U78,R4_F4_m-1f-1_P4_Y-1_U68,FXX,1,53.47678221433605,1,1,1.488,0,0,0,-9999.0,0.5,1,P3_CV0,2,2,0,0,2
4,2539041.489,728416.6747,R4_F4_m4f4_P4_Y0_UO25,R4_F4_m-1f-1_P4_Y-1_U91,R4_F4_m-1f-1_P4_Y-1_U18,MXY,1,53.47678221433605,1,1,0.0,0,0,0,-9999.0,0.0,1,P3_CV0,2,0,2,1,1
4,2539041.489,728416.6747,R4_F4_m4f4_P4_Y0_UO270,R4_F4_m-1f-1_P4_Y-1_U78,R4_F4_m-1f-1_P4_Y-1_U64,FXX,1,53.47678221433605,1,1,0.0,0,0,0,-9999.0,0.75,1,P3_CV0,2,2,0,1,1
4,2539041.489,728416.6747,R4_F4_m4f4_P4_Y0_UO403,R4_F4_m-1f-1_P4_Y-1_U104,R4_F4_m-1f-1_P4_Y-1_U23,MXY,1,53.47678221433605,1,1,0.0,0,0,0,-9999.0,0.75,1,P3_CV0,2,1,1,0,2
4,2539041.489,728416.6747,R4_F4_m4f4_P4_Y0_UO634,R4_F4_m-1f-1_P4_Y-1_U45,R4_F4_m-1f-1_P4_Y-1_U37,FXX,1,53.47678221433605,1,1,1.322,0,0,0,-9999.0,0.5,1,P3_CV0,2,1,1,2,0
4,2539041.489,728416.6747,R4_F4_m4f4_P4_Y0_UO203,R4_F4_m-1f-1_P4_Y-1_U49,R4_F4_m-1f-1_P4_Y-1_U11,MXY,1,53.47678221433605,1,1,0.0,0,0,0,-9999.0,0.75,1,P3_CV0,2,0,2,1,1
4,2539041.489,728416.6747,R4_F4_m4f4_P4_Y0_UO51,R4_F4_m-1f-1_P4_Y-1_U60,R4_F4_m-1f-1_P4_Y-1_U13,MXY,1,53.47678221433605,1,1,0.0,0,0,0,-9999.0,0.5,1,P3_CV0,2,2,0,2,0
4,2539041.489,728416.6747,R4_F4_m4f4_P4_Y0_UO2,R4_F4_m-1f-1_P4_Y-1_U87,R4_F4_m-1f-1_P4_Y-1_U40,FXX,1,53.47678221433605,1,1,1.688,0,0,0,-9999.0,0.0,1,P3_CV0,2,1,1,1,1
4,2539041.489,728416.6747,R4_F4_m4f4_P4_Y0_UO459,R4_F4_m-1f-1_P4_Y-1_U92,R4_F4_m-1f-1_P4_Y-1_U41,FXX,1,53.47678221433605,1,1,1.473,0,0,0,-9999.0,0.5,1,P3_CV0,2,1,1,1,1
4,2539041.489,728416.6747,R4_F4_m4f4_P4_Y0_UO384,R4_F4_m-1f-1_P4_Y-1_U45,R4_F4_m-1f-1_P4_Y-1_U37,FXX,1,53.47678221433605,1,1,1.356,0,0,0,-9999.0,0.5,1,P3_CV0,2,1,1,0,2
4,2539041.489,728416.6747,R4_F4_m4f4_P4_Y0_UO661,R4_F4_m-1f-1_P4_Y-1_U78,R4_F4_m-1f-1_P4_Y-1_U28,MXY,1,53.47678221433605,1,1,0.0,0,0,0,-9999.0,0.75,1,P3_CV0,2,0,2,1,1
4,2539041.489,728416.6747,R4_F4_m4f4_P4_Y0_UO0,R4_F4_m-1f-1_P4_Y-1_U87,R4_F4_m-1f-1_P4_Y-1_U40,FXX,1,53.47678221433605,1,1,1.353,0,0,0,-9999.0,0.0,1,P3_CV0,2,1,1,1,1
4,2539041.489,728416.6747,R4_F4_m4f4_P4_Y0_UO129,R4_F4_m-1f-1_P4_Y-1_U134,R4_F4_m-1f-1_P4_Y-1_U97,FXX,1,53.47678221433605,1,1,1.882,0,0,0,-9999.0,0.5,1,P3_CV0,2,0,2,0,2
4,2539041.489,728416.6747,R4_F4_m4f4_P4_Y0_UO689,R4_F4_m-1f-1_P4_Y-1_U101,R4_F4_m-1f-1_P4_Y-1_U97,FXX,1,53.47678221433605,1,1,1.0,0,0,0,-9999.0,0.25,1,P3_CV0,2,1,1,1,1
4,2539041.489,728416.6747,R4_F4_m4f4_P4_Y0_UO279,R4_F4_m-1f-1_P4_Y-1_U92,R4_F4_m-1f-1_P4_Y-1_U123,MXY,1,53.47678221433605,1,1,0.0,0,0,0,-9999.0,0.5,1,P3_CV0,2,1,1,1,1
4,2539041.489,728416.6747,R4_F4_m4f4_P4_Y0_UO758,R4_F4_m-1f-1_P4_Y-1_U128,R4_F4_m-1f-1_P4_Y-1_U135,FXX,1,53.47678221433605,1,1,1.0,0,0,0,-9999.0,0.25,1,P3_CV0,2,0,2,1,1
4,2539041.489,728416.6747,R4_F4_m4f4_P4_Y0_UO134,R4_F4_m-1f-1_P4_Y-1_U134,R4_F4_m-1f-1_P4_Y-1_U97,FXX,1,53.47678221433605,1,1,0.0,0,0,0,-9999.0,0.5,1,P3_CV0,2,2,0,1,1
4,2539041.489,728416.6747,R4_F4_m4f4_P4_Y0_UO636,R4_F4_m-1f-1_P4_Y-1_U45,R4_F4_m-1f-1_P4_Y-1_U37,FXX,1,53.47678221433605,1,1,1.0,0,0,0,-9999.0,0.5,1,P3_CV0,2,2,0,2,0
4,2539041.489,728416.6747,R4_F4_m4f4_P4_Y0_UO175,R4_F4_m-1f-1_P4_Y-1_U77,R4_F4_m-1f-1_P4_Y-1_U23,FXX,1,53.47678221433605,1,1,0.0,0,0,0,-9999.0,0.5,1,P3_CV0,2,1,1,1,1
4,2539041.489,728416.6747,R4_F4_m4f4_P4_Y0_UO204,R4_F4_m-1f-1_P4_Y-1_U49,R4_F4_m-1f-1_P4_Y-1_U11,FXX,1,53.47678221433605,1,1,1.0,0,0,0,-9999.0,0.75,1,P3_CV0,2,2,0,1,1
4,2539041.489,728416.6747,R4_F4_m4f4_P4_Y0_UO725,R4_F4_m-1f-1_P4_Y-1_U78,R4_F4_m-1f-1_P4_Y-1_U68,FXX,1,53.47678221433605,1,1,2.077,0,0,0,-9999.0,0.5,1,P3_CV0,2,0,2,0,2
4,2539041.489,728416.6747,R4_F4_m-1f-1_P4_Y-1_U126,-9999,-9999,FXX,2,83.3589542532251,1,0,0.0,0,0,0,-9999.0,1.0,1,P3_CV0,2,2,0,1,1
4,2539041.489,728416.6747,R4_F4_m-1f-1_P4_Y-1_U118,-9999,-9999,MXY,2,83.3589542532251,1,0,0.0,0,0,0,-9999.0,0.5,1,P3_CV0,2,1,1,2,0
4,2539041.489,728416.6747,R4_F4_m-1f-1_P4_Y-1_U86,-9999,-9999,MXY,2,83.3589542532251,1,0,0.0,0,0,0,-9999.0,0.0,1,P3_CV0,2,0,2,2,0
4,2539041.489,728416.6747,R4_F4_m-1f-1_P4_Y-1_U2,-9999,-9999,FXX,2,83.3589542532251,1,0,2.262,0,0,0,-9999.0,0.5,1,P3_CV0,2,1,1,1,1
4,2539041.489,728416.6747,R4_F4_m-1f-1_P4_Y-1_U102,-9999,-9999,MXY,2,83.3589542532251,1,0,0.0,0,0,0,-9999.0,0.0,1,P3_CV0,2,0,2,1,1
4,2539041.489,728416.6747,R4_F4_m-1f-1_P4_Y-1_U125,-9999,-9999,FXX,2,83.3589542532251,1,0,1.535,0,0,0,-9999.0,1.0,1,P3_CV0,2,2,0,2,0
4,2539041.489,728416.6747,R4_F4_m-1f-1_P4_Y-1_U96,-9999,-9999,FXX,2,83.3589542532251,1,0,1.0,0,0,0,-9999.0,0.5,1,P3_CV0,2,1,1,1,1
4,2539041.489,728416.6747,R4_F4_m-1f-1_P4_Y-1_U88,-9999,-9999,MXY,2,83.3589542532251,1,0,0.0,0,0,0,-9999.0,0.5,1,P3_CV0,2,1,1,0,2
4,2539041.489,728416.6747,R4_F4_m-1f-1_P4_Y-1_U48,-9999,-9999,MXY,2,83.3589542532251,1,0,0.0,0,0,0,-9999.0,0.5,1,P3_CV0,2,1,1,2,0
4,2539041.489,728416.6747,R4_F4_m-1f-1_P4_Y-1_U58,-9999,-9999,MXY,2,83.3589542532251,1,0,0.0,0,0,0,-9999.0,0.5,1,P3_CV0,2,1,1,0,2
4,2539041.489,728416.6747,R4_F4_m-1f-1_P4_Y-1_U65,-9999,-9999,FXX,2,83.3589542532251,1,0,1.325,0,0,0,-9999.0,1.0,1,P3_CV0,2,2,0,1,1
4,2539041.489,728416.6747,R4_F4_m-1f-1_P4_Y-1_U9,-9999,-9999,MXY,2,83.3589542532251,1,0,0.0,0,0,0,-9999.0,0.0,1,P3_CV0,2,0,2,0,2
4,2539041.489,728416.6747,R4_F4_m-1f-1_P4_Y-1_U1,-9999,-9999,MXY,2,83.3589542532251,1,0,0.0,0,0,0,-9999.0,0.0,1,P3_CV0,2,0,2,1,1
4,2539041.489,728416.6747,R4_F4_m-1f-1_P4_Y-1_U16,-9999,-9999,FXX,2,83.3589542532251,1,0,2.94,0,0,0,-9999.0,1.0,1,P3_CV0,2,2,0,0,2
4,2539041.489,728416.6747,R4_F4_m-1f-1_P4_Y-1_U54,-9999,-9999,FXX,2,83.3589542532251,1,0,1.082,0,0,0,-9999.0,1.0,1,P3_CV0,2,2,0,2,0
4,2539041.489,728416.6747,R4_F4_m-1f-1_P4_Y-1_U105,-9999,-9999,MXY,2,83.3589542532251,1,0,0.0,0,0,0,-9999.0,0.0,1,P3_CV0,2,0,2,1,1
4,2539041.489,728416.6747,R4_F4_m-1f-1_P4_Y-1_U35,-9999,-9999,MXY,2,83.3589542532251,1,0,0.0,0,0,0,-9999.0,0.5,1,P3_CV0,2,1,1,2,0
4,2539041.489,728416.6747,R4_F4_m-1f-1_P4_Y-1_U11,-9999,-9999,MXY,3,102.22251719904827,1,0,0.0,0,0,0,-9999.0,0.5,1,P3_CV0,2,1,1,1,1
4,2539041.489,728416.6747,R4_F4_m-1f-1_P4_Y-1_U79,-9999,-9999,MXY,3,95.71451719904827,1,0,0.0,0,0,0,-9999.0,0.0,1,P3_CV0,2,0,2,0,2
4,2539041.489,728416.6747,R4_F4_m-1f-1_P4_Y-1_U120,-9999,-9999,FXX,3,102.66951719904827,1,0,0.0,0,0,0,-9999.0,0.5,1,P3_CV0,2,1,1,1,1
4,2539041.489,728416.6747,R4_F4_m-1f-1_P4_Y-1_U74,-9999,-9999,MXY,3,104.86951719904827,1,0,0.0,0,0,0,-9999.0,0.5,1,P3_CV0,2,1,1,2,0
4,2539041.489,728416.6747,R4_F4_m-1f-1_P4_Y-1_U26,-9999,-9999,MXY,3,97.93351719904827,1,0,0.0,0,0,0,-9999.0,0.5,1,P3_CV0,2,1,1,1,1
4,2539041.489,728416.6747,R4_F4_m-1f-1_P4_Y-1_U14,-9999,-9999,MXY,3,94.10851719904828,1,0,0.0,0,0,0,-9999.0,1.0,1,P3_CV0,2,2,0,1,1
4,2539041.489,728416.6747,R4_F4_m-1f-1_P4_Y-1_U23,-9999,-9999,MXY,3,110.95851719904827,1,0,0.0,0,0,0,-9999.0,0.5,1,P3_CV0,2,1,1,1,1
4,2539041.489,728416.6747,R4_F4_m-1f-1_P4_Y-1_U76,-9999,-9999,FXX,3,113.54251719904828,1,0,1.0,0,0,0,-9999.0,1.0,1,P3_CV0,2,2,0,1,1
4,2539041.489,728416.6747,R4_F4_m-1f-1_P4_Y-1_U77,-9999,-9999,FXX,4,128.9976185720088,1,0,0.0,0,0,0,-9999.0,0.5,1,P3_CV0,2,1,1,0,2
4,2539041.489,728416.6747,R4_F4_m-1f-1_P4_Y-1_U107,-9999,-9999,FXX,4,128.9976185720088,1,0,1.493,0,0,0,-9999.0,0.0,1,P3_CV0,2,0,2,1,1
4,2539041.489,728416.6747,R4_F4_m-1f-1_P4_Y-1_U121,-9999,-9999,MXY,4,128.9976185720088,1,0,0.0,0,0,0,-9999.0,0.0,1,P3_CV0,2,0,2,1,1
4,2539041.489,728416.6747,R4_F4_m-1f-1_P4_Y-1_U45,-9999,-9999,FXX,4,128.9976185720088,1,0,1.65,0,0,0,-9999.0,0.5,1,P3_CV0,2,1,1,2,0
4,2539041.489,728416.6747,R4_F4_m-1f-1_P4_Y-1_U134,-9999,-9999,FXX,5,141.96400545487552,1,0,2.34,0,0,0,-9999.0,0.5,1,P3_CV0,2,1,1,2,0
5,2535011.582,720257.8531,R5_F5_m1f1_P1_Y0_UO363,R1_F1_m-1f-1_P1_Y-1_U45,R1_F1_m-1f-1_P1_Y-1_U92,MXY,1,59.09502718043489,1,1,0.0,0,0,0,-9999.0,0.0,1,P0_CV0,3,1,1,1,1
5,2535011.582,720257.8531,Age0_F5_m5f5_P5_Y1_UO88,RD5_F4_m-1f-1_P4_Y-1_U92,I5_F7_m-1f-1_P5_Y-1_U39,MXY,0,31.020568074261625,0,0,0.0,0,0,0,0.0,0.5,1,P3_CV0,3,0,2,1,1
5,2535011.582,720257.8531,Age0_F5_m5f5_P5_Y1_UO89,RD5_F4_m-1f-1_P4_Y-1_U92,I5_F7_m-1f-1_P5_Y-1_U39,MXY,0,31.020568074261625,0,0,0.0,0,0,0,0.0,0.5,1,P3_CV0,3,1,1,0,2
5,2535011.582,720257.8531,Age0_F5_m5f5_P5_Y1_UO0,R5_F5_m-1f-1_P5_Y-1_U45,I5_F7_m-1f-1_P5_Y-1_U39,MXY,0,31.020568074261625,0,0,0.0,0,0,0,0.0,0.25,1,P4_CV0,3,0,2,0,2
5,2535011.582,720257.8531,Age0_F5_m5f5_P5_Y1_UO7,R5_F5_m-1f-1_P5_Y-1_U29,R5_F5_m-1f-1_P5_Y-1_U37,MXY,0,31.020568074261625,0,0,0.0,0,0,0,0.0,0.75,1,P4_CV0,3,0,2,1,1
5,2535011.582,720257.8531,Age0_F5_m5f5_P5_Y1_UO8,R5_F5_m-1f-1_P5_Y-1_U25,R5_F5_m-1f-1_P5_Y-1_U95,FXX,0,31.020568074261625,0,0,0.0,0,0,0,0.0,1.0,1,P4_CV0,3,1,1,2,0
5,2535011.582,720257.8531,Age0_F5_m5f5_P5_Y1_UO9,R5_F5_m-1f-1_P5_Y-1_U25,R5_F5_m-1f-1_P5_Y-1_U95,FXX,0,31.020568074261625,0,0,0.0,0,0,0,0.0,1.0,1,P4_CV0,3,2,0,1,1
5,2535011.582,720257.8531,Age0_F5_m5f5_P5_Y1_UO10,R5_F5_m-1f-1_P5_Y-1_U25,R5_F5_m-1f-1_P5_Y-1_U95,MXY,0,31.020568074261625,0,0,0.0,0,0,0,0.0,1.0,1,P4_CV0,3,0,2,2,0
5,2535011.582,720257.8531,Age0_F5_m5f5_P5_Y1_UO25,R5_F5_m-1f-1_P5_Y-1_U129,R5_F5_m-1f-1_P5_Y-1_U53,MXY,0,31.020568074261625,0,0,0.0,0,0,0,0.0,0.25,1,P4_CV0,3,0,2,1,1
5,2535011.582,720257.8531,Age0_F5_m5f5_P5_Y1_UO26,R5_F5_m-1f-1_P5_Y-1_U119,R5_F5_m-1f-1_P5_Y-1_U139,FXX,0,31.020568074261625,0,0,0.0,0,0,0,0.0,0.25,1,P4_CV0,3,0,2,1,1
5,2535011.582,720257.8531,Age0_F5_m5f5_P5_Y1_UO36,R5_F5_m-1f-1_P5_Y-1_U61,R5_F5_m-1f-1_P5_Y-1_U6,MXY,0,31.020568074261625,0,0,0.0,0,0,0,0.0,0.75,1,P4_CV0,3,1,1,0,2
5,2535011.582,720257.8531,Age0_F5_m5f5_P5_Y1_UO37,R5_F5_m-1f-1_P5_Y-1_U61,R5_F5_m-1f-1_P5_Y-1_U6,MXY,0,31.020568074261625,0,0,0.0,0,0,0,0.0,0.75,1,P4_CV0,3,1,1,2,0
5,2535011.582,720257.8531,Age0_F5_m5f5_P5_Y1_UO39,R5_F5_m-1f-1_P5_Y-1_U101,R5_F5_m-1f-1_P5_Y-1_U27,MXY,0,31.020568074261625,0,0,0.0,0,0,0,0.0,1.0,1,P4_CV0,3,1,1,1,1
5,2535011.582,720257.8531,Age0_F5_m5f5_P5_Y1_UO40,R5_F5_m-1f-1_P5_Y-1_U101,R5_F5_m-1f-1_P5_Y-1_U27,MXY,0,31.020568074261625,0,0,0.0,0,0,0,0.0,1.0,1,P4_CV0,3,2,0,1,1
5,2535011.582,720257.8531,Age0_F5_m5f5_P5_Y1_UO45,R5_F5_m-1f-1_P5_Y-1_U61,R5_F5_m-1f-1_P5_Y-1_U97,FXX,0,31.020568074261625,0,0,0.0,0,0,0,0.0,0.5,1,P4_CV0,3,1,1,1,1
5,2535011.582,720257.8531,Age0_F5_m5f5_P5_Y1_UO46,R5_F5_m-1f-1_P5_Y-1_U61,R5_F5_m-1f-1_P5_Y-1_U97,MXY,0,31.020568074261625,0,0,0.0,0,0,0,0.0,0.5,1,P4_CV0,3,1,1,1,1
5,2535011.582,720257.8531,Age0_F5_m5f5_P5_Y1_UO48,R5_F5_m-1f-1_P5_Y-1_U47,R5_F5_m-1f-1_P5_Y-1_U102,MXY,0,31.020568074261625,0,0,0.0,0,0,0,0.0,0.75,1,P4_CV0,3,2,0,1,1
5,2535011.582,720257.8531,Age0_F5_m5f5_P5_Y1_UO49,R5_F5_m-1f-1_P5_Y-1_U129,R5_F5_m-1f-1_P5_Y-1_U38,MXY,0,31.020568074261625,0,0,0.0,0,0,0,0.0,0.5,1,P4_CV0,3,1,1,0,2
5,2535011.582,720257.8531,Age0_F5_m5f5_P5_Y1_UO50,R5_F5_m-1f-1_P5_Y-1_U129,R5_F5_m-1f-1_P5_Y-1_U38,FXX,0,31.020568074261625,0,0,0.0,0,0,0,0.0,0.5,1,P4_CV0,3,1,1,1,1
5,2535011.582,720257.8531,Age0_F5_m5f5_P5_Y1_UO62,R5_F5_m-1f-1_P5_Y-1_U99,R5_F5_m-1f-1_P5_Y-1_U105,FXX,0,31.020568074261625,0,0,0.0,0,0,0,0.0,0.25,1,P4_CV0,3,0,2,1,1
5,2535011.582,720257.8531,Age0_F5_m5f5_P5_Y1_UO63,R5_F5_m-1f-1_P5_Y-1_U99,R5_F5_m-1f-1_P5_Y-1_U105,MXY,0,31.020568074261625,0,0,0.0,0,0,0,0.0,0.25,1,P4_CV0,3,2,0,0,2
5,2535011.582,720257.8531,Age0_F5_m5f5_P5_Y1_UO64,R5_F5_m-1f-1_P5_Y-1_U99,R5_F5_m-1f-1_P5_Y-1_U105,MXY,0,31.020568074261625,0,0,0.0,0,0,0,0.0,0.25,1,P4_CV0,3,2,0,1,1
5,2535011.582,720257.8531,Age0_F5_m5f5_P5_Y1_UO74,R5_F5_m-1f-1_P5_Y-1_U41,R5_F5_m-1f-1_P5_Y-1_U136,MXY,0,31.020568074261625,0,0,0.0,0,0,0,0.0,0.25,1,P4_CV0,3,1,1,0,2
5,2535011.582,720257.8531,Age0_F5_m5f5_P5_Y1_UO75,R5_F5_m-1f-1_P5_Y-1_U41,R5_F5_m-1f-1_P5_Y-1_U136,MXY,0,31.020568074261625,0,0,0.0,0,0,0,0.0,0.25,1,P4_CV0,3,1,1,1,1
5,2535011.582,720257.8531,Age0_F5_m5f5_P5_Y1_UO100,R5_F5_m-1f-1_P5_Y-1_U78,R5_F5_m-1f-1_P5_Y-1_U42,FXX,0,31.020568074261625,0,0,0.0,0,0,0,0.0,0.5,1,P4_CV0,3,1,1,0,2
5,2535011.582,720257.8531,Age0_F5_m5f5_P5_Y1_UO101,R5_F5_m-1f-1_P5_Y-1_U78,R5_F5_m-1f-1_P5_Y-1_U42,FXX,0,31.020568074261625,0,0,0.0,0,0,0,0.0,0.5,1,P4_CV0,3,1,1,2,0
5,2535011.582,720257.8531,Age0_F5_m5f5_P5_Y1_UO124,R5_F5_m-1f-1_P5_Y-1_U106,R5_F5_m-1f-1_P5_Y-1_U92,FXX,0,31.020568074261625,0,0,0.0,0,0,0,0.0,0.25,1,P4_CV0,3,1,1,1,1
5,2535011.582,720257.8531,Age0_F5_m5f5_P5_Y1_UO125,R5_F5_m-1f-1_P5_Y-1_U106,R5_F5_m-1f-1_P5_Y-1_U92,MXY,0,31.020568074261625,0,0,0.0,0,0,0,0.0,0.25,1,P4_CV0,3,2,0,1,1
5,2535011.582,720257.8531,Age0_F5_m5f5_P5_Y1_UO126,R5_F5_m-1f-1_P5_Y-1_U129,R5_F5_m-1f-1_P5_Y-1_U108,MXY,0,31.020568074261625,0,0,0.0,0,0,0,0.0,0.75,1,P4_CV0,3,1,1,2,0
5,2535011.582,720257.8531,Age0_F5_m5f5_P5_Y1_UO127,R5_F5_m-1f-1_P5_Y-1_U129,R5_F5_m-1f-1_P5_Y-1_U108,MXY,0,31.020568074261625,0,0,0.0,0,0,0,0.0,0.75,1,P4_CV0,3,1,1,2,0
5,2535011.582,720257.8531,Age0_F5_m5f5_P5_Y1_UO128,R5_F5_m-1f-1_P5_Y-1_U129,R5_F5_m-1f-1_P5_Y-1_U108,FXX,0,31.020568074261625,0,0,0.0,0,0,0,0.0,0.75,1,P4_CV0,3,0,2,0,2
5,2535011.582,720257.8531,Age0_F5_m5f5_P5_Y1_UO131,R5_F5_m-1f-1_P5_Y-1_U56,R5_F5_m-1f-1_P5_Y-1_U97,FXX,0,31.020568074261625,0,0,0.0,0,0,0,0.0,0.25,1,P4_CV0,3,1,1,1,1
5,2535011.582,720257.8531,Age0_F5_m5f5_P5_Y1_UO132,R5_F5_m-1f-1_P5_Y-1_U56,R5_F5_m-1f-1_P5_Y-1_U97,MXY,0,31.020568074261625,0,0,0.0,0,0,0,0.0,0.25,1,P4_CV0,3,0,2,0,2
5,2535011.582,720257.8531,Age0_F5_m5f5_P5_Y1_UO143,R5_F5_m-1f-1_P5_Y-1_U104,R5_F5_m-1f-1_P5_Y-1_U92,FXX,0,31.020568074261625,0,0,0.0,0,0,0,0.0,0.25,1,P4_CV0,3,0,2,1,1
5,2535011.582,720257.8531,Age0_F5_m5f5_P5_Y1_UO149,R5_F5_m-1f-1_P5_Y-1_U25,R5_F5_m-1f-1_P5_Y-1_U80,MXY,0,31.020568074261625,0,0,0.0,0,0,0,0.0,1.0,1,P4_CV0,3,1,1,2,0
5,2535011.582,720257.8531,Age0_F5_m5f5_P5_Y1_UO150,R5_F5_m-1f-1_P5_Y-1_U25,R5_F5_m-1f-1_P5_Y-1_U80,MXY,0,31.020568074261625,0,0,0.0,0,0,0,0.0,1.0,1,P4_CV0,3,2,0,1,1
5,2535011.582,720257.8531,Age0_F5_m5f5_P5_Y1_UO151,R5_F5_m-1f-1_P5_Y-1_U25,R5_F5_m-1f-1_P5_Y-1_U80,MXY,0,31.020568074261625,0,0,0.0,0,0,0,0.0,1.0,1,P4_CV0,3,2,0,0,2
5,2535011.582,720257.8531,Age0_F5_m5f5_P5_Y1_UO155,R5_F5_m-1f-1_P5_Y-1_U66,RD5_F6_m-1f-1_P6_Y-1_U64,MXY,0,31.020568074261625,0,0,0.0,0,0,0,0.0,0.5,1,P4_CV0,3,1,1,1,1
5,2535011.582,720257.8531,Age0_F5_m5f5_P5_Y1_UO156,R5_F5_m-1f-1_P5_Y-1_U66,RD5_F6_m-1f-1_P6_Y-1_U64,FXX,0,31.020568074261625,0,0,0.0,0,0,0,0.0,0.5,1,P4_CV0,3,1,1,1,1
5,2535011.582,720257.8531,Age0_F5_m5f5_P5_Y1_UO184,R5_F5_m-1f-1_P5_Y-1_U3,R5_F5_m-1f-1_P5_Y-1_U22,MXY,0,31.020568074261625,0,0,0.0,0,0,0,0.0,0.25,1,P4_CV0,3,2,0,1,1
5,2535011.582,720257.8531,Age0_F5_m5f5_P5_Y1_UO190,R5_F5_m-1f-1_P5_Y-1_U116,R5_F5_m-1f-1_P5_Y-1_U68,FXX,0,31.020568074261625,0,0,0.0,0,0,0,0.0,0.0,1,P4_CV0,3,1,1,0,2
5,2535011.582,720257.8531,Age0_F5_m5f5_P5_Y1_UO191,R5_F5_m-1f-1_P5_Y-1_U116,R5_F5_m-1f-1_P5_Y-1_U68,FXX,0,31.020568074261625,0,0,0.0,0,0,0,0.0,0.0,1,P4_CV0,3,2,0,1,1
5,2535011.582,720257.8531,Age0_F5_m5f5_P5_Y1_UO192,R5_F5_m-1f-1_P5_Y-1_U116,R5_F5_m-1f-1_P5_Y-1_U68,FXX,0,31.020568074261625,0,0,0.0,0,0,0,0.0,0.0,1,P4_CV0,3,0,2,2,0
5,2535011.582,720257.8531,Age0_F5_m5f5_P5_Y1_UO200,R5_F5_m-1f-1_P5_Y-1_U47,R5_F5_m-1f-1_P5_Y-1_U38,FXX,0,31.020568074261625,0,0,0.0,0,0,0,0.0,0.5,1,P4_CV0,3,2,0,1,1
5,2535011.582,720257.8531,Age0_F5_m5f5_P5_Y1_UO201,R5_F5_m-1f-1_P5_Y-1_U47,R5_F5_m-1f-1_P5_Y-1_U38,FXX,0,31.020568074261625,0,0,0.0,0,0,0,0.0,0.5,1,P4_CV0,3,2,0,1,1
5,2535011.582,720257.8531,Age0_F5_m5f5_P5_Y1_UO254,R5_F5_m-1f-1_P5_Y-1_U57,R5_F5_m-1f-1_P5_Y-1_U2,MXY,0,31.020568074261625,0,0,0.0,0,0,0,0.0,0.25,1,P4_CV0,3,1,1,1,1
5,2535011.582,720257.8531,Age0_F5_m5f5_P5_Y1_UO255,R5_F5_m-1f-1_P5_Y-1_U57,R5_F5_m-1f-1_P5_Y-1_U2,FXX,0,31.020568074261625,0,0,0.0,0,0,0,0.0,0.25,1,P4_CV0,3,1,1,0,2
5,2535011.582,720257.8531,Age0_F5_m5f5_P5_Y1_UO276,R5_F5_m-1f-1_P5_Y-1_U104,R5_F5_m-1f-1_P5_Y-1_U40,MXY,0,31.020568074261625,0,0,0.0,0,0,0,0.0,0.5,1,P4_CV0,3,2,0,1,1
5,2535011.582,720257.8531,Age0_F5_m5f5_P5_Y1_UO282,R5_F5_m-1f-1_P5_Y-1_U29,R5_F5_m-1f-1_P5_Y-1_U136,FXX,0,31.020568074261625,0,0,0.0,0,0,0,0.0,0.5,1,P4_CV0,3,1,1,1,1
5,2535011.582,720257.8531,Age0_F5_m5f5_P5_Y1_UO283,R5_F5_m-1f-1_P5_Y-1_U29,R5_F5_m-1f-1_P5_Y-1_U136,FXX,0,31.020568074261625,0,0,0.0,0,0,0,0.0,0.5,1,P4_CV0,3,1,1,2,0
5,2535011.582,720257.8531,Age0_F5_m5f5_P5_Y1_UO284,R5_F5_m-1f-1_P5_Y-1_U29,R5_F5_m-1f-1_P5_Y-1_U136,MXY,0,31.020568074261625,0,0,0.0,0,0,0,0.0,0.5,1,P4_CV0,3,1,1,1,1
5,2535011.582,720257.8531,Age0_F5_m5f5_P5_Y1_UO285,R5_F5_m-1f-1_P5_Y-1_U12,R5_F5_m-1f-1_P5_Y-1_U55,MXY,0,31.020568074261625,0,0,0.0,0,0,0,0.0,0.25,1,P4_CV0,3,0,2,2,0
5,2535011.582,720257.8531,Age0_F5_m5f5_P5_Y1_UO286,R5_F5_m-1f-1_P5_Y-1_U12,R5_F5_m-1f-1_P5_Y-1_U55,MXY,0,31.020568074261625,0,0,0.0,0,0,0,0.0,0.25,1,P4_CV0,3,1,1,0,2
5,2535011.582,720257.8531,Age0_F5_m5f5_P5_Y1_UO307,R5_F5_m-1f-1_P5_Y-1_U124,R5_F5_m-1f-1_P5_Y-1_U76,MXY,0,31.020568074261625,0,0,0.0,0,0,0,0.0,0.25,1,P4_CV0,3,2,0,2,0
5,2535011.582,720257.8531,Age0_F5_m5f5_P5_Y1_UO308,R5_F5_m-1f-1_P5_Y-1_U124,R5_F5_m-1f-1_P5_Y-1_U76,MXY,0,31.020568074261625,0,0,0.0,0,0,0,0.0,0.25,1,P4_CV0,3,0,2,2,0
5,2535011.582,720257.8531,Age0_F5_m5f5_P5_Y1_UO309,R5_F5_m-1f-1_P5_Y-1_U124,R5_F5_m-1f-1_P5_Y-1_U76,MXY,0,31.020568074261625,0,0,0.0,0,0,0,0.0,0.25,1,P4_CV0,3,1,1,2,0
5,2535011.582,720257.8531,Age0_F5_m5f5_P5_Y1_UO326,R5_F5_m-1f-1_P5_Y-1_U70,R5_F5_m-1f-1_P5_Y-1_U51,MXY,0,31.020568074261625,0,0,0.0,0,0,0,0.0,0.5,1,P4_CV0,3,1,1,0,2
5,2535011.582,720257.8531,Age0_F5_m5f5_P5_Y1_UO356,R5_F5_m-1f-1_P5_Y-1_U25,R5_F5_m-1f-1_P5_Y-1_U49,MXY,0,31.020568074261625,0,0,0.0,0,0,0,0.0,1.0,1,P4_CV0,3,1,1,1,1
5,2535011.582,720257.8531,Age0_F5_m5f5_P5_Y1_UO357,R5_F5_m-1f-1_P5_Y-1_U25,R5_F5_m-1f-1_P5_Y-1_U49,FXX,0,31.020568074261625,0,0,0.0,0,0,0,0.0,1.0,1,P4_CV0,3,1,1,0,2
5,2535011.582,720257.8531,Age0_F5_m5f5_P5_Y1_UO358,R5_F5_m-1f-1_P5_Y-1_U25,R5_F5_m-1f-1_P5_Y-1_U49,MXY,0,31.020568074261625,0,0,0.0,0,0,0,0.0,1.0,1,P4_CV0,3,1,1,0,2
5,2535011.582,720257.8531,Age0_F5_m5f5_P5_Y1_UO369,R5_F5_m-1f-1_P5_Y-1_U106,R5_F5_m-1f-1_P5_Y-1_U96,MXY,0,31.020568074261625,0,0,0.0,0,0,0,0.0,0.5,1,P4_CV0,3,1,1,1,1
5,2535011.582,720257.8531,Age0_F5_m5f5_P5_Y1_UO370,R5_F5_m-1f-1_P5_Y-1_U106,R5_F5_m-1f-1_P5_Y-1_U96,FXX,0,31.020568074261625,0,0,0.0,0,0,0,0.0,0.5,1,P4_CV0,3,2,0,1,1
5,2535011.582,720257.8531,Age0_F5_m5f5_P5_Y1_UO371,R5_F5_m-1f-1_P5_Y-1_U106,R5_F5_m-1f-1_P5_Y-1_U96,FXX,0,31.020568074261625,0,0,0.0,0,0,0,0.0,0.5,1,P4_CV0,3,1,1,1,1
5,2535011.582,720257.8531,Age0_F5_m5f5_P5_Y1_UO372,R5_F5_m-1f-1_P5_Y-1_U124,R5_F5_m-1f-1_P5_Y-1_U0,MXY,0,31.020568074261625,0,0,0.0,0,0,0,0.0,0.75,1,P4_CV0,3,2,0,0,2
5,2535011.582,720257.8531,Age0_F5_m5f5_P5_Y1_UO373,R5_F5_m-1f-1_P5_Y-1_U124,R5_F5_m-1f-1_P5_Y-1_U0,FXX,0,31.020568074261625,0,0,0.0,0,0,0,0.0,0.75,1,P4_CV0,3,2,0,2,0
5,2535011.582,720257.8531,Age0_F5_m5f5_P5_Y1_UO377,R5_F5_m-1f-1_P5_Y-1_U12,R5_F5_m-1f-1_P5_Y-1_U80,MXY,0,31.020568074261625,0,0,0.0,0,0,0,0.0,0.75,1,P4_CV0,3,2,0,1,1
5,2535011.582,720257.8531,Age0_F5_m5f5_P5_Y1_UO378,R5_F5_m-1f-1_P5_Y-1_U12,R5_F5_m-1f-1_P5_Y-1_U80,FXX,0,31.020568074261625,0,0,0.0,0,0,0,0.0,0.75,1,P4_CV0,3,0,2,1,1
5,2535011.582,720257.8531,Age0_F5_m5f5_P5_Y1_UO379,R5_F5_m-1f-1_P5_Y-1_U12,R5_F5_m-1f-1_P5_Y-1_U80,FXX,0,31.020568074261625,0,0,0.0,0,0,0,0.0,0.75,1,P4_CV0,3,1,1,1,1
5,2535011.582,720257.8531,Age0_F5_m5f5_P5_Y1_UO385,R5_F5_m-1f-1_P5_Y-1_U110,R5_F5_m-1f-1_P5_Y-1_U42,MXY,0,31.020568074261625,0,0,0.0,0,0,0,0.0,0.75,1,P4_CV0,3,1,1,1,1
5,2535011.582,720257.8531,Age0_F5_m5f5_P5_Y1_UO397,R5_F5_m-1f-1_P5_Y-1_U61,R5_F5_m-1f-1_P5_Y-1_U53,FXX,0,31.020568074261625,0,0,0.0,0,0,0,0.0,0.5,1,P4_CV0,3,1,1,1,1
5,2535011.582,720257.8531,Age0_F5_m5f5_P5_Y1_UO398,R5_F5_m-1f-1_P5_Y-1_U61,R5_F5_m-1f-1_P5_Y-1_U53,MXY,0,31.020568074261625,0,0,0.0,0,0,0,0.0,0.5,1,P4_CV0,3,2,0,1,1
5,2535011.582,720257.8531,Age0_F5_m5f5_P5_Y1_UO402,R5_F5_m-1f-1_P5_Y-1_U45,R5_F5_m-1f-1_P5_Y-1_U108,FXX,0,31.020568074261625,0,0,0.0,0,0,0,0.0,0.75,1,P4_CV0,3,0,2,1,1
5,2535011.582,720257.8531,Age0_F5_m5f5_P5_Y1_UO403,R5_F5_m-1f-1_P5_Y-1_U45,R5_F5_m-1f-1_P5_Y-1_U108,FXX,0,31.020568074261625,0,0,0.0,0,0,0,0.0,0.75,1,P4_CV0,3,1,1,2,0
5,2535011.582,720257.8531,Age0_F5_m5f5_P5_Y1_UO407,R5_F5_m-1f-1_P5_Y-1_U20,R5_F5_m-1f-1_P5_Y-1_U30,FXX,0,31.020568074261625,0,0,0.0,0,0,0,0.0,0.75,1,P4_CV0,3,0,2,0,2
5,2535011.582,720257.8531,Age0_F5_m5f5_P5_Y1_UO408,R5_F5_m-1f-1_P5_Y-1_U20,R5_F5_m-1f-1_P5_Y-1_U30,FXX,0,31.020568074261625,0,0,0.0,0,0,0,0.0,0.75,1,P4_CV0,3,1,1,1,1
5,2535011.582,720257.8531,Age0_F5_m5f5_P5_Y1_UO409,R5_F5_m-1f-1_P5_Y-1_U20,R5_F5_m-1f-1_P5_Y-1_U30,FXX,0,31.020568074261625,0,0,0.0,0,0,0,0.0,0.75,1,P4_CV0,3,0,2,1,1
5,2535011.582,720257.8531,Age0_F5_m5f5_P5_Y1_UO411,R5_F5_m-1f-1_P5_Y-1_U99,R5_F5_m-1f-1_P5_Y-1_U49,FXX,0,31.020568074261625,0,0,0.0,0,0,0,0.0,0.5,1,P4_CV0,3,1,1,0,2
5,2535011.582,720257.8531,Age0_F5_m5f5_P5_Y1_UO412,R5_F5_m-1f-1_P5_Y-1_U99,R5_F5_m-1f-1_P5_Y-1_U49,MXY,0,31.020568074261625,0,0,0.0,0,0,0,0.0,0.5,1,P4_CV0,3,1,1,1,1
5,2535011.582,720257.8531,Age0_F5_m5f5_P5_Y1_UO413,R5_F5_m-1f-1_P5_Y-1_U99,R5_F5_m-1f-1_P5_Y-1_U49,MXY,0,31.020568074261625,0,0,0.0,0,0,0,0.0,0.5,1,P4_CV0,3,1,1,1,1
5,2535011.582,720257.8531,Age0_F5_m5f5_P5_Y1_UO414,R5_F5_m-1f-1_P5_Y-1_U99,R5_F5_m-1f-1_P5_Y-1_U49,FXX,0,31.020568074261625,0,0,0.0,0,0,0,0.0,0.5,1,P4_CV0,3,1,1,0,2
5,2535011.582,720257.8531,Age0_F5_m5f5_P5_Y1_UO419,R5_F5_m-1f-1_P5_Y-1_U29,R5_F5_m-1f-1_P5_Y-1_U89,FXX,0,31.020568074261625,0,0,0.0,0,0,0,0.0,1.0,1,P4_CV0,3,2,0,1,1
5,2535011.582,720257.8531,Age0_F5_m5f5_P5_Y1_UO420,R5_F5_m-1f-1_P5_Y-1_U20,R5_F5_m-1f-1_P5_Y-1_U51,FXX,0,31.020568074261625,0,0,0.0,0,0,0,0.0,0.75,1,P4_CV0,3,2,0,0,2
5,2535011.582,720257.8531,Age0_F5_m5f5_P5_Y1_UO421,R5_F5_m-1f-1_P5_Y-1_U20,R5_F5_m-1f-1_P5_Y-1_U51,MXY,0,31.020568074261625,0,0,0.0,0,0,0,0.0,0.75,1,P4_CV0,3,1,1,1,1
5,2535011.582,720257.8531,Age0_F5_m5f5_P5_Y1_UO441,R5_F5_m-1f-1_P5_Y-1_U121,R5_F5_m-1f-1_P5_Y-1_U33,MXY,0,31.020568074261625,0,0,0.0,0,0,0,0.0,0.25,1,P4_CV0,3,1,1,0,2
5,2535011.582,720257.8531,Age0_F5_m5f5_P5_Y1_UO489,R5_F5_m-1f-1_P5_Y-1_U123,R5_F5_m-1f-1_P5_Y-1_U31,FXX,0,31.020568074261625,0,0,0.0,0,0,0,0.0,0.25,1,P4_CV0,3,0,2,1,1
5,2535011.582,720257.8531,Age0_F5_m5f5_P5_Y1_UO490,R5_F5_m-1f-1_P5_Y-1_U123,R5_F5_m-1f-1_P5_Y-1_U31,MXY,0,31.020568074261625,0,0,0.0,0,0,0,0.0,0.25,1,P4_CV0,3,0,2,0,2
5,2535011.582,720257.8531,Age0_F5_m5f5_P5_Y1_UO491,R5_F5_m-1f-1_P5_Y-1_U123,R5_F5_m-1f-1_P5_Y-1_U31,MXY,0,31.020568074261625,0,0,0.0,0,0,0,0.0,0.25,1,P4_CV0,3,1,1,2,0
5,2535011.582,720257.8531,Age0_F5_m5f5_P5_Y1_UO505,R5_F5_m-1f-1_P5_Y-1_U101,R5_F5_m-1f-1_P5_Y-1_U136,MXY,0,31.020568074261625,0,0,0.0,0,0,0,0.0,0.5,1,P4_CV0,3,1,1,0,2
5,2535011.582,720257.8531,Age0_F5_m5f5_P5_Y1_UO506,R5_F5_m-1f-1_P5_Y-1_U101,R5_F5_m-1f-1_P5_Y-1_U136,MXY,0,31.020568074261625,0,0,0.0,0,0,0,0.0,0.5,1,P4_CV0,3,0,2,0,2
5,2535011.582,720257.8531,Age0_F5_m5f5_P5_Y1_UO513,R5_F5_m-1f-1_P5_Y-1_U56,R5_F5_m-1f-1_P5_Y-1_U53,FXX,0,31.020568074261625,0,0,0.0,0,0,0,0.0,0.25,1,P4_CV0,3,1,1,0,2
5,2535011.582,720257.8531,Age0_F5_m5f5_P5_Y1_UO530,R5_F5_m-1f-1_P5_Y-1_U34,R5_F5_m-1f-1_P5_Y-1_U122,FXX,0,31.020568074261625,0,0,0.0,0,0,0,0.0,0.5,1,P4_CV0,3,1,1,1,1
5,2535011.582,720257.8531,Age0_F5_m5f5_P5_Y1_UO531,R5_F5_m-1f-1_P5_Y-1_U34,R5_F5_m-1f-1_P5_Y-1_U122,FXX,0,31.020568074261625,0,0,0.0,0,0,0,0.0,0.5,1,P4_CV0,3,0,2,1,1
5,2535011.582,720257.8531,Age0_F5_m5f5_P5_Y1_UO540,R5_F5_m-1f-1_P5_Y-1_U121,R5_F5_m-1f-1_P5_Y-1_U1,MXY,0,31.020568074261625,0,0,0.0,0,0,0,0.0,0.5,1,P4_CV0,3,1,1,1,1
5,2535011.582,720257.8531,Age0_F5_m5f5_P5_Y1_UO541,R5_F5_m-1f-1_P5_Y-1_U126,R5_F5_m-1f-1_P5_Y-1_U27,FXX,0,31.020568074261625,0,0,0.0,0,0,0,0.0,0.75,1,P4_CV0,3,2,0,2,0
5,2535011.582,720257.8531,Age0_F5_m5f5_P5_Y1_UO542,R5_F5_m-1f-1_P5_Y-1_U126,R5_F5_m-1f-1_P5_Y-1_U27,MXY,0,31.020568074261625,0,0,0.0,0,0,0,0.0,0.75,1,P4_CV0,3,1,1,1,1
5,2535011.582,720257.8531,Age0_F5_m5f5_P5_Y1_UO548,R5_F5_m-1f-1_P5_Y-1_U107,R5_F5_m-1f-1_P5_Y-1_U35,FXX,0,31.020568074261625,0,0,0.0,0,0,0,0.0,0.25,1,P4_CV0,3,1,1,1,1
5,2535011.582,720257.8531,Age0_F5_m5f5_P5_Y1_UO549,R5_F5_m-1f-1_P5_Y-1_U107,R5_F5_m-1f-1_P5_Y-1_U35,MXY,0,31.020568074261625,0,0,0.0,0,0,0,0.0,0.25,1,P4_CV0,3,0,2,1,1
5,2535011.582,720257.8531,Age0_F5_m5f5_P5_Y1_UO550,R5_F5_m-1f-1_P5_Y-1_U107,R5_F5_m-1f-1_P5_Y-1_U35,FXX,0,31.020568074261625,0,0,0.0,0,0,0,0.0,0.25,1,P4_CV0,3,1,1,0,2
5,2535011.582,720257.8531,Age0_F5_m5f5_P5_Y1_UO564,R5_F5_m-1f-1_P5_Y-1_U70,R5_F5_m-1f-1_P5_Y-1_U6,MXY,0,31.020568074261625,0,0,0.0,0,0,0,0.0,0.25,1,P4_CV0,3,2,0,0,2
5,2535011.582,720257.8531,Age0_F5_m5f5_P5_Y1_UO565,R5_F5_m-1f-1_P5_Y-1_U70,R5_F5_m-1f-1_P5_Y-1_U6,FXX,0,31.020568074261625,0,0,0.0,0,0,0,0.0,0.25,1,P4_CV0,3,1,1,1,1
5,2535011.582,720257.8531,Age0_F5_m5f5_P5_Y1_UO566,R5_F5_m-1f-1_P5_Y-1_U70,R5_F5_m-1f-1_P5_Y-1_U6,FXX,0,31.020568074261625,0,0,0.0,0,0,0,0.0,0.25,1,P4_CV0,3,1,1,0,2
5,2535011.582,720257.8531,Age0_F5_m5f5_P5_Y1_UO576,R5_F5_m-1f-1_P5_Y-1_U41,R5_F5_m-1f-1_P5_Y-1_U96,FXX,0,31.020568074261625,0,0,0.0,0,0,0,0.0,0.5,1,P4_CV0,3,0,2,1,1
5,2535011.582,720257.8531,Age0_F5_m5f5_P5_Y1_UO577,R5_F5_m-1f-1_P5_Y-1_U41,R5_F5_m-1f-1_P5_Y-1_U96,FXX,0,31.020568074261625,0,0,0.0,0,0,0,0.0,0.5,1,P4_CV0,3,0,2,1,1
5,2535011.582,720257.8531,Age0_F5_m5f5_P5_Y1_UO578,R5_F5_m-1f-1_P5_Y-1_U41,R5_F5_m-1f-1_P5_Y-1_U96,MXY,0,31.020568074261625,0,0,0.0,0,0,0,0.0,0.5,1,P4_CV0,3,0,2,1,1
5,2535011.582,720257.8531,Age0_F5_m5f5_P5_Y1_UO583,R5_F5_m-1f-1_P5_Y-1_U9,R5_F5_m-1f-1_P5_Y-1_U32,FXX,0,31.020568074261625,0,0,0.0,0,0,0,0.0,0.25,1,P4_CV0,3,2,0,0,2
5,2535011.582,720257.8531,Age0_F5_m5f5_P5_Y1_UO616,R5_F5_m-1f-1_P5_Y-1_U25,R5_F5_m-1f-1_P5_Y-1_U23,MXY,0,31.020568074261625,0,0,0.0,0,0,0,0.0,0.5,1,P4_CV0,3,2,0,0,2
5,2535011.582,720257.8531,Age0_F5_m5f5_P5_Y1_UO617,R5_F5_m-1f-1_P5_Y-1_U25,R5_F5_m-1f-1_P5_Y-1_U23,MXY,0,31.020568074261625,0,0,0.0,0,0,0,0.0,0.5,1,P4_CV0,3,1,1,1,1
5,2535011.582,720257.8531,Age0_F5_m5f5_P5_Y1_UO618,R5_F5_m-1f-1_P5_Y-1_U25,R5_F5_m-1f-1_P5_Y-1_U23,FXX,0,31.020568074261625,0,0,0.0,0,0,0,0.0,0.5,1,P4_CV0,3,1,1,1,1
5,2535011.582,720257.8531,Age0_F5_m5f5_P5_Y1_UO640,R5_F5_m-1f-1_P5_Y-1_U16,R5_F5_m-1f-1_P5_Y-1_U137,FXX,0,31.020568074261625,0,0,0.0,0,0,0,0.0,0.25,1,P4_CV0,3,0,2,0,2
5,2535011.582,720257.8531,Age0_F5_m5f5_P5_Y1_UO641,R5_F5_m-1f-1_P5_Y-1_U16,R5_F5_m-1f-1_P5_Y-1_U137,MXY,0,31.020568074261625,0,0,0.0,0,0,0,0.0,0.25,1,P4_CV0,3,1,1,0,2
5,2535011.582,720257.8531,R5_F5_m5f5_P5_Y0_UO708,R5_F5_m-1f-1_P5_Y-1_U47,R5_F5_m-1f-1_P5_Y-1_U67,FXX,1,59.07288619068585,1,1,1.0,0,0,0,-9999.0,0.5,1,P4_CV0,3,0,2,1,1
5,2535011.582,720257.8531,R5_F5_m5f5_P5_Y0_UO709,R5_F5_m-1f-1_P5_Y-1_U47,R5_F5_m-1f-1_P5_Y-1_U67,MXY,1,59.07288619068585,1,1,0.0,0,0,0,-9999.0,0.5,1,P4_CV0,3,0,2,2,0
5,2535011.582,720257.8531,R5_F5_m5f5_P5_Y0_UO231,R5_F5_m-1f-1_P5_Y-1_U64,R5_F5_m-1f-1_P5_Y-1_U40,FXX,1,59.07288619068585,1,1,1.479,0,0,0,-9999.0,0.25,1,P4_CV0,3,1,1,2,0
5,2535011.582,720257.8531,R5_F5_m5f5_P5_Y0_UO455,R5_F5_m-1f-1_P5_Y-1_U10,R5_F5_m-1f-1_P5_Y-1_U26,FXX,1,59.07288619068585,1,1,0.0,0,0,0,-9999.0,0.5,1,P4_CV0,3,0,2,2,0
5,2535011.582,720257.8531,R5_F5_m5f5_P5_Y0_UO777,R5_F5_m-1f-1_P5_Y-1_U47,R5_F5_m-1f-1_P5_Y-1_U68,FXX,1,59.07288619068585,1,1,2.408,0,0,0,-9999.0,0.25,1,P4_CV0,3,2,0,2,0
5,2535011.582,720257.8531,R5_F5_m5f5_P5_Y0_UO47,R5_F5_m-1f-1_P5_Y-1_U45,R5_F5_m-1f-1_P5_Y-1_U40,MXY,1,59.07288619068585,1,1,0.0,0,0,0,-9999.0,0.5,1,P4_CV0,3,0,2,1,1
5,2535011.582,720257.8531,R5_F5_m5f5_P5_Y0_UO746,R5_F5_m-1f-1_P5_Y-1_U28,R5_F5_m-1f-1_P5_Y-1_U50,MXY,1,59.07288619068585,1,1,0.0,0,0,0,-9999.0,0.5,1,P4_CV0,3,1,1,1,1
5,2535011.582,720257.8531,R5_F5_m5f5_P5_Y0_UO792,R5_F5_m-1f-1_P5_Y-1_U64,R5_F5_m-1f-1_P5_Y-1_U96,FXX,1,59.07288619068585,1,1,1.297,0,0,0,-9999.0,0.25,1,P4_CV0,3,1,1,1,1
5,2535011.582,720257.8531,R5_F5_m5f5_P5_Y0_UO501,R5_F5_m-1f-1_P5_Y-1_U15,R5_F5_m-1f-1_P5_Y-1_U31,MXY,1,59.07288619068585,1,1,0.0,0,0,0,-9999.0,0.25,1,P4_CV0,3,1,1,1,1
5,2535011.582,720257.8531,R5_F5_m5f5_P5_Y0_UO705,R5_F5_m-1f-1_P5_Y-1_U47,R5_F5_m-1f-1_P5_Y-1_U67,MXY,1,59.07288619068585,1,1,0.0,0,0,0,-9999.0,0.5,1,P4_CV0,3,0,2,1,1
5,2535011.582,720257.8531,R5_F5_m5f5_P5_Y0_UO44,R5_F5_m-1f-1_P5_Y-1_U45,R5_F5_m-1f-1_P5_Y-1_U40,MXY,1,59.07288619068585,1,1,0.0,0,0,0,-9999.0,0.5,1,P4_CV0,3,0,2,2,0
5,2535011.582,720257.8531,R5_F5_m5f5_P5_Y0_UO30,R5_F5_m-1f-1_P5_Y-1_U15,R5_F5_m-1f-1_P5_Y-1_U33,FXX,1,59.07288619068585,1,1,1.577,0,0,0,-9999.0,0.0,1,P4_CV0,3,1,1,1,1
5,2535011.582,720257.8531,R5_F5_m5f5_P5_Y0_UO457,R5_F5_m-1f-1_P5_Y-1_U10,R5_F5_m-1f-1_P5_Y-1_U26,MXY,1,59.07288619068585,1,1,0.0,0,0,0,-9999.0,0.5,1,P4_CV0,3,0,2,2,0
5,2535011.582,720257.8531,R5_F5_m5f5_P5_Y0_UO581,R5_F5_m-1f-1_P5_Y-1_U85,R5_F5_m-1f-1_P5_Y-1_U36,MXY,1,59.07288619068585,1,1,0.0,0,0,0,-9999.0,0.25,1,P4_CV0,3,2,0,2,0
5,2535011.582,720257.8531,R5_F5_m5f5_P5_Y0_UO72,R5_F5_m-1f-1_P5_Y-1_U99,R5_F5_m-1f-1_P5_Y-1_U71,FXX,1,59.07288619068585,1,1,0.0,0,0,0,-9999.0,0.0,1,P4_CV0,3,1,1,2,0
5,2535011.582,720257.8531,R5_F5_m5f5_P5_Y0_UO452,R5_F5_m-1f-1_P5_Y-1_U10,R5_F5_m-1f-1_P5_Y-1_U26,MXY,1,59.07288619068585,1,1,0.0,0,0,0,-9999.0,0.5,1,P4_CV0,3,1,1,1,1
5,2535011.582,720257.8531,R5_F5_m5f5_P5_Y0_UO576,R5_F5_m-1f-1_P5_Y-1_U85,R5_F5_m-1f-1_P5_Y-1_U36,FXX,1,59.07288619068585,1,1,1.122,0,0,0,-9999.0,0.25,1,P4_CV0,3,0,2,1,1
5,2535011.582,720257.8531,R5_F5_m5f5_P5_Y0_UO71,R5_F5_m-1f-1_P5_Y-1_U99,R5_F5_m-1f-1_P5_Y-1_U71,FXX,1,59.07288619068585,1,1,1.547,0,0,0,-9999.0,0.0,1,P4_CV0,3,1,1,1,1
5,2535011.582,720257.8531,R5_F5_m5f5_P5_Y0_UO70,R5_F5_m-1f-1_P5_Y-1_U99,R5_F5_m-1f-1_P5_Y-1_U71,MXY,1,59.07288619068585,1,1,0.0,0,0,0,-9999.0,0.0,1,P4_CV0,3,1,1,1,1
5,2535011.582,720257.8531,R5_F5_m5f5_P5_Y0_UO583,R5_F5_m-1f-1_P5_Y-1_U85,R5_F5_m-1f-1_P5_Y-1_U36,MXY,1,59.07288619068585,1,1,0.0,0,0,0,-9999.0,0.25,1,P4_CV0,3,1,1,1,1
5,2535011.582,720257.8531,R5_F5_m5f5_P5_Y0_UO33,R5_F5_m-1f-1_P5_Y-1_U15,R5_F5_m-1f-1_P5_Y-1_U33,FXX,1,59.07288619068585,1,1,0.0,0,0,0,-9999.0,0.0,1,P4_CV0,3,0,2,1,1
5,2535011.582,720257.8531,R5_F5_m5f5_P5_Y0_UO499,R5_F5_m-1f-1_P5_Y-1_U15,R5_F5_m-1f-1_P5_Y-1_U31,FXX,1,59.07288619068585,1,1,0.0,0,0,0,-9999.0,0.25,1,P4_CV0,3,0,2,1,1
5,2535011.582,720257.8531,R5_F5_m5f5_P5_Y0_UO456,R5_F5_m-1f-1_P5_Y-1_U10,R5_F5_m-1f-1_P5_Y-1_U26,MXY,1,59.07288619068585,1,1,0.0,0,0,0,-9999.0,0.5,1,P4_CV0,3,1,1,0,2
5,2535011.582,720257.8531,R5_F5_m5f5_P5_Y0_UO580,R5_F5_m-1f-1_P5_Y-1_U85,R5_F5_m-1f-1_P5_Y-1_U36,FXX,1,59.07288619068585,1,1,0.0,0,0,0,-9999.0,0.25,1,P4_CV0,3,0,2,2,0
5,2535011.582,720257.8531,R5_F5_m5f5_P5_Y0_UO296,R5_F5_m-1f-1_P5_Y-1_U120,R5_F5_m-1f-1_P5_Y-1_U83,FXX,1,59.07288619068585,1,1,2.531,0,0,0,-9999.0,0.5,1,P4_CV0,3,1,1,0,2
5,2535011.582,720257.8531,R5_F5_m5f5_P5_Y0_UO506,R5_F5_m-1f-1_P5_Y-1_U69,R5_F5_m-1f-1_P5_Y-1_U14,FXX,1,59.07288619068585,1,1,2.161,0,0,0,-9999.0,0.25,1,P4_CV0,3,2,0,2,0
5,2535011.582,720257.8531,R5_F5_m5f5_P5_Y0_UO779,R5_F5_m-1f-1_P5_Y-1_U47,R5_F5_m-1f-1_P5_Y-1_U68,FXX,1,59.07288619068585,1,1,1.464,0,0,0,-9999.0,0.25,1,P4_CV0,3,1,1,0,2
5,2535011.582,720257.8531,R5_F5_m5f5_P5_Y0_UO710,R5_F5_m-1f-1_P5_Y-1_U47,R5_F5_m-1f-1_P5_Y-1_U67,MXY,1,59.07288619068585,1,1,0.0,0,0,0,-9999.0,0.5,1,P4_CV0,3,0,2,2,0
5,2535011.582,720257.8531,R5_F5_m5f5_P5_Y0_UO743,R5_F5_m-1f-1_P5_Y-1_U28,R5_F5_m-1f-1_P5_Y-1_U50,FXX,1,59.07288619068585,1,1,0.0,0,0,0,-9999.0,0.5,1,P4_CV0,3,1,1,1,1
5,2535011.582,720257.8531,R5_F5_m5f5_P5_Y0_UO67,R5_F5_m-1f-1_P5_Y-1_U99,R5_F5_m-1f-1_P5_Y-1_U71,MXY,1,59.07288619068585,1,1,0.0,0,0,0,-9999.0,0.0,1,P4_CV0,3,1,1,0,2
5,2535011.582,720257.8531,R5_F5_m5f5_P5_Y0_UO767,R5_F5_m-1f-1_P5_Y-1_U56,R5_F5_m-1f-1_P5_Y-1_U32,FXX,1,59.07288619068585,1,1,0.0,0,0,0,-9999.0,0.5,1,P4_CV0,3,1,1,0,2
5,2535011.582,720257.8531,R5_F5_m5f5_P5_Y0_UO68,R5_F5_m-1f-1_P5_Y-1_U99,R5_F5_m-1f-1_P5_Y-1_U71,MXY,1,59.07288619068585,1,1,0.0,0,0,0,-9999.0,0.0,1,P4_CV0,3,1,1,2,0
5,2535011.582,720257.8531,R5_F5_m5f5_P5_Y0_UO706,R5_F5_m-1f-1_P5_Y-1_U47,R5_F5_m-1f-1_P5_Y-1_U67,FXX,1,59.07288619068585,1,1,1.256,0,0,0,-9999.0,0.5,1,P4_CV0,3,0,2,0,2
5,2535011.582,720257.8531,R5_F5_m5f5_P5_Y0_UO31,R5_F5_m-1f-1_P5_Y-1_U15,R5_F5_m-1f-1_P5_Y-1_U33,FXX,1,59.07288619068585,1,1,1.0,0,0,0,-9999.0,0.0,1,P4_CV0,3,1,1,1,1
5,2535011.582,720257.8531,R5_F5_m5f5_P5_Y0_UO42,R5_F5_m-1f-1_P5_Y-1_U45,R5_F5_m-1f-1_P5_Y-1_U40,FXX,1,59.07288619068585,1,1,1.725,0,0,0,-9999.0,0.5,1,P4_CV0,3,1,1,1,1
5,2535011.582,720257.8531,R5_F5_m5f5_P5_Y0_UO66,R5_F5_m-1f-1_P5_Y-1_U99,R5_F5_m-1f-1_P5_Y-1_U71,MXY,1,59.07288619068585,1,1,0.0,0,0,0,-9999.0,0.0,1,P4_CV0,3,1,1,2,0
5,2535011.582,720257.8531,R5_F5_m5f5_P5_Y0_UO471,R5_F5_m-1f-1_P5_Y-1_U121,R5_F5_m-1f-1_P5_Y-1_U44,MXY,1,59.07288619068585,1,1,0.0,0,0,0,-9999.0,0.25,1,P4_CV0,3,0,2,2,0
5,2535011.582,720257.8531,R5_F5_m5f5_P5_Y0_UO45,R5_F5_m-1f-1_P5_Y-1_U45,R5_F5_m-1f-1_P5_Y-1_U40,FXX,1,59.07288619068585,1,1,1.295,0,0,0,-9999.0,0.5,1,P4_CV0,3,1,1,1,1
5,2535011.582,720257.8531,R5_F5_m5f5_P5_Y0_UO235,R5_F5_m-1f-1_P5_Y-1_U64,R5_F5_m-1f-1_P5_Y-1_U40,MXY,1,59.07288619068585,1,1,0.0,0,0,0,-9999.0,0.25,1,P4_CV0,3,1,1,0,2
5,2535011.582,720257.8531,R5_F5_m5f5_P5_Y0_UO575,R5_F5_m-1f-1_P5_Y-1_U85,R5_F5_m-1f-1_P5_Y-1_U36,MXY,1,59.07288619068585,1,1,0.0,0,0,0,-9999.0,0.25,1,P4_CV0,3,2,0,1,1
5,2535011.582,720257.8531,R5_F5_m5f5_P5_Y0_UO34,R5_F5_m-1f-1_P5_Y-1_U15,R5_F5_m-1f-1_P5_Y-1_U33,FXX,1,59.07288619068585,1,1,0.0,0,0,0,-9999.0,0.0,1,P4_CV0,3,1,1,2,0
5,2535011.582,720257.8531,R5_F5_m5f5_P5_Y0_UO485,R5_F5_m-1f-1_P5_Y-1_U121,R5_F5_m-1f-1_P5_Y-1_U68,MXY,1,59.07288619068585,1,1,0.0,0,0,0,-9999.0,0.25,1,P4_CV0,3,1,1,1,1
5,2535011.582,720257.8531,R5_F5_m5f5_P5_Y0_UO447,R5_F5_m-1f-1_P5_Y-1_U10,R5_F5_m-1f-1_P5_Y-1_U26,FXX,1,59.07288619068585,1,1,1.0,0,0,0,-9999.0,0.5,1,P4_CV0,3,1,1,2,0
5,2535011.582,720257.8531,R5_F5_m5f5_P5_Y0_UO507,R5_F5_m-1f-1_P5_Y-1_U69,R5_F5_m-1f-1_P5_Y-1_U14,FXX,1,59.07288619068585,1,1,2.742,0,0,0,-9999.0,0.25,1,P4_CV0,3,1,1,1,1
5,2535011.582,720257.8531,R5_F5_m5f5_P5_Y0_UO46,R5_F5_m-1f-1_P5_Y-1_U45,R5_F5_m-1f-1_P5_Y-1_U40,MXY,1,59.07288619068585,1,1,0.0,0,0,0,-9999.0,0.5,1,P4_CV0,3,0,2,1,1
5,2535011.582,720257.8531,R5_F5_m5f5_P5_Y0_UO481,R5_F5_m-1f-1_P5_Y-1_U121,R5_F5_m-1f-1_P5_Y-1_U68,FXX,1,59.07288619068585,1,1,1.146,0,0,0,-9999.0,0.25,1,P4_CV0,3,0,2,0,2
5,2535011.582,720257.8531,R5_F5_m5f5_P5_Y0_UO232,R5_F5_m-1f-1_P5_Y-1_U64,R5_F5_m-1f-1_P5_Y-1_U40,MXY,1,59.07288619068585,1,1,0.0,0,0,0,-9999.0,0.25,1,P4_CV0,3,1,1,1,1
5,2535011.582,720257.8531,R5_F5_m5f5_P5_Y0_UO765,R5_F5_m-1f-1_P5_Y-1_U56,R5_F5_m-1f-1_P5_Y-1_U32,MXY,1,59.07288619068585,1,1,0.0,0,0,0,-9999.0,0.5,1,P4_CV0,3,1,1,2,0
5,2535011.582,720257.8531,R5_F5_m5f5_P5_Y0_UO32,R5_F5_m-1f-1_P5_Y-1_U15,R5_F5_m-1f-1_P5_Y-1_U33,MXY,1,59.07288619068585,1,1,0.0,0,0,0,-9999.0,0.0,1,P4_CV0,3,0,2,2,0
5,2535011.582,720257.8531,R5_F5_m-1f-1_P5_Y-1_U38,-9999,-9999,MXY,2,84.208518741294,1,0,0.0,0,0,0,-9999.0,0.5,1,P4_CV0,3,1,1,1,1
5,2535011.582,720257.8531,R5_F5_m-1f-1_P5_Y-1_U104,-9999,-9999,FXX,2,84.208518741294,1,0,2.687,0,0,0,-9999.0,0.5,1,P4_CV0,3,1,1,0,2
5,2535011.582,720257.8531,R5_F5_m-1f-1_P5_Y-1_U48,-9999,-9999,MXY,2,84.208518741294,1,0,0.0,0,0,0,-9999.0,0.5,1,P4_CV0,3,1,1,0,2
5,2535011.582,720257.8531,R5_F5_m-1f-1_P5_Y-1_U51,-9999,-9999,MXY,2,84.208518741294,1,0,0.0,0,0,0,-9999.0,1.0,1,P4_CV0,3,2,0,0,2
5,2535011.582,720257.8531,R5_F5_m-1f-1_P5_Y-1_U122,-9999,-9999,MXY,2,84.208518741294,1,0,0.0,0,0,0,-9999.0,0.5,1,P4_CV0,3,1,1,0,2
5,2535011.582,720257.8531,R5_F5_m-1f-1_P5_Y-1_U102,-9999,-9999,MXY,2,84.208518741294,1,0,0.0,0,0,0,-9999.0,1.0,1,P4_CV0,3,2,0,1,1
5,2535011.582,720257.8531,R5_F5_m-1f-1_P5_Y-1_U135,-9999,-9999,MXY,2,84.208518741294,1,0,0.0,0,0,0,-9999.0,1.0,1,P4_CV0,3,2,0,2,0
5,2535011.582,720257.8531,R5_F5_m-1f-1_P5_Y-1_U9,-9999,-9999,FXX,2,84.208518741294,1,0,0.0,0,0,0,-9999.0,0.0,1,P4_CV0,3,0,2,0,2
5,2535011.582,720257.8531,R5_F5_m-1f-1_P5_Y-1_U37,-9999,-9999,MXY,2,84.208518741294,1,0,0.0,0,0,0,-9999.0,0.5,1,P4_CV0,3,1,1,1,1
5,2535011.582,720257.8531,R5_F5_m-1f-1_P5_Y-1_U52,-9999,-9999,MXY,2,84.208518741294,1,0,0.0,0,0,0,-9999.0,0.5,1,P4_CV0,3,1,1,1,1
5,2535011.582,720257.8531,R5_F5_m-1f-1_P5_Y-1_U108,-9999,-9999,MXY,2,84.208518741294,1,0,0.0,0,0,0,-9999.0,1.0,1,P4_CV0,3,2,0,1,1
5,2535011.582,720257.8531,R5_F5_m-1f-1_P5_Y-1_U70,-9999,-9999,FXX,2,84.208518741294,1,0,1.0,0,0,0,-9999.0,0.0,1,P4_CV0,3,0,2,1,1
5,2535011.582,720257.8531,R5_F5_m-1f-1_P5_Y-1_U16,-9999,-9999,FXX,2,84.208518741294,1,0,1.0,0,0,0,-9999.0,0.5,1,P4_CV0,3,1,1,0,2
5,2535011.582,720257.8531,R5_F5_m-1f-1_P5_Y-1_U59,-9999,-9999,FXX,2,84.208518741294,1,0,0.0,0,0,0,-9999.0,0.5,1,P4_CV0,3,1,1,1,1
5,2535011.582,720257.8531,R5_F5_m-1f-1_P5_Y-1_U46,-9999,-9999,MXY,2,84.208518741294,1,0,0.0,0,0,0,-9999.0,1.0,1,P4_CV0,3,2,0,1,1
5,2535011.582,720257.8531,R5_F5_m-1f-1_P5_Y-1_U97,-9999,-9999,MXY,2,84.208518741294,1,0,0.0,0,0,0,-9999.0,0.0,1,P4_CV0,3,0,2,1,1
5,2535011.582,720257.8531,R5_F5_m-1f-1_P5_Y-1_U65,-9999,-9999,MXY,3,104.35020985392839,1,0,0.0,0,0,0,-9999.0,0.5,1,P4_CV0,3,1,1,1,1
5,2535011.582,720257.8531,R5_F5_m-1f-1_P5_Y-1_U53,-9999,-9999,MXY,3,103.42720985392839,1,0,0.0,0,0,0,-9999.0,0.0,1,P4_CV0,3,0,2,0,2
5,2535011.582,720257.8531,R5_F5_m-1f-1_P5_Y-1_U43,-9999,-9999,FXX,3,99.0182098539284,1,0,2.383,0,0,0,-9999.0,0.5,1,P4_CV0,3,1,1,1,1
5,2535011.582,720257.8531,R5_F5_m-1f-1_P5_Y-1_U137,-9999,-9999,MXY,3,101.34920985392839,1,0,0.0,0,0,0,-9999.0,0.0,1,P4_CV0,3,0,2,2,0
5,2535011.582,720257.8531,R5_F5_m-1f-1_P5_Y-1_U29,-9999,-9999,FXX,3,107.24020985392838,1,0,0.0,0,0,0,-9999.0,1.0,1,P4_CV0,3,2,0,2,0
5,2535011.582,720257.8531,R5_F5_m-1f-1_P5_Y-1_U15,-9999,-9999,FXX,3,99.80820985392839,1,0,0.0,0,0,0,-9999.0,0.0,1,P4_CV0,3,0,2,0,2
5,2535011.582,720257.8531,R5_F5_m-1f-1_P5_Y-1_U21,-9999,-9999,FXX,3,113.79620985392839,1,0,0.0,0,0,0,-9999.0,0.5,1,P4_CV0,3,1,1,0,2
5,2535011.582,720257.8531,R5_F5_m-1f-1_P5_Y-1_U68,-9999,-9999,MXY,3,110.29520985392838,1,0,0.0,0,0,0,-9999.0,0.0,1,P4_CV0,3,0,2,2,0
5,2535011.582,720257.8531,R5_F5_m-1f-1_P5_Y-1_U98,-9999,-9999,FXX,4,128.29753147046517,1,0,2.695,0,0,0,-9999.0,1.0,1,P4_CV0,3,2,0,0,2
5,2535011.582,720257.8531,R5_F5_m-1f-1_P5_Y-1_U139,-9999,-9999,MXY,4,128.29753147046517,1,0,0.0,0,0,0,-9999.0,0.0,1,P4_CV0,3,0,2,2,0
5,2535011.582,720257.8531,R5_F5_m-1f-1_P5_Y-1_U8,-9999,-9999,FXX,4,128.29753147046517,1,0,1.237,0,0,0,-9999.0,1.0,1,P4_CV0,3,2,0,1,1
5,2535011.582,720257.8531,R5_F5_m-1f-1_P5_Y-1_U23,-9999,-9999,MXY,4,128.29753147046517,1,0,0.0,0,0,0,-9999.0,0.0,1,P4_CV0,3,0,2,1,1
5,2535011.582,720257.8531,R5_F5_m-1f-1_P5_Y-1_U88,-9999,-9999,MXY,4,128.29753147046517,1,0,0.0,0,0,0,-9999.0,1.0,1,P4_CV0,3,2,0,0,2
5,2535011.582,720257.8531,R5_F5_m-1f-1_P5_Y-1_U85,-9999,-9999,FXX,5,144.69193767079372,1,0,1.0,0,0,0,-9999.0,0.5,1,P4_CV0,3,1,1,1,1
5,2535011.582,720257.8531,R5_F5_m-1f-1_P5_Y-1_U95,-9999,-9999,MXY,5,150.20193767079377,1,0,0.0,0,0,0,-9999.0,1.0,1,P4_CV0,3,2,0,2,0
5,2535011.582,720257.8531,R5_F5_m-1f-1_P5_Y-1_U99,-9999,-9999,FXX,5,146.95393767079372,1,0,1.154,0,0,0,-9999.0,0.0,1,P4_CV0,3,0,2,0,2
5,2535011.582,720257.8531,R5_F5_m-1f-1_P5_Y-1_U138,-9999,-9999,FXX,5,161.24693767079373,1,0,1.98,0,0,0,-9999.0,0.0,1,P4_CV0,3,0,2,1,1
6,2545325.475,726552.0418,Age0_F6_m6f6_P6_Y1_UO12,R6_F6_m-1f-1_P6_Y-1_U20,R6_F6_m-1f-1_P6_Y-1_U17,FXX,0,31.017616965280244,0,0,0.0,0,0,0,0.0,0.5,1,P5_CV0,3,1,1,1,1
6,2545325.475,726552.0418,Age0_F6_m6f6_P6_Y1_UO41,R6_F6_m-1f-1_P6_Y-1_U62,R6_F6_m-1f-1_P6_Y-1_U138,FXX,0,31.017616965280244,0,0,0.0,0,0,0,0.0,0.0,1,P5_CV0,3,1,1,2,0
6,2545325.475,726552.0418,Age0_F6_m6f6_P6_Y1_UO42,R6_F6_m-1f-1_P6_Y-1_U62,R6_F6_m-1f-1_P6_Y-1_U138,MXY,0,31.017616965280244,0,0,0.0,0,0,0,0.0,0.0,1,P5_CV0,3,1,1,1,1
6,2545325.475,726552.0418,Age0_F6_m6f6_P6_Y1_UO43,R6_F6_m-1f-1_P6_Y-1_U62,R6_F6_m-1f-1_P6_Y-1_U138,MXY,0,31.017616965280244,0,0,0.0,0,0,0,0.0,0.0,1,P5_CV0,3,1,1,0,2
6,2545325.475,726552.0418,Age0_F6_m6f6_P6_Y1_UO44,R6_F6_m-1f-1_P6_Y-1_U62,R6_F6_m-1f-1_P6_Y-1_U138,FXX,0,31.017616965280244,0,0,0.0,0,0,0,0.0,0.0,1,P5_CV0,3,1,1,2,0
6,2545325.475,726552.0418,Age0_F6_m6f6_P6_Y1_UO51,R6_F6_m-1f-1_P6_Y-1_U132,R6_F6_m-1f-1_P6_Y-1_U77,MXY,0,31.017616965280244,0,0,0.0,0,0,0,0.0,0.25,1,P5_CV0,3,0,2,0,2
6,2545325.475,726552.0418,Age0_F6_m6f6_P6_Y1_UO52,R6_F6_m-1f-1_P6_Y-1_U132,R6_F6_m-1f-1_P6_Y-1_U77,FXX,0,31.017616965280244,0,0,0.0,0,0,0,0.0,0.25,1,P5_CV0,3,0,2,2,0
6,2545325.475,726552.0418,Age0_F6_m6f6_P6_Y1_UO53,R6_F6_m-1f-1_P6_Y-1_U132,R6_F6_m-1f-1_P6_Y-1_U77,MXY,0,31.017616965280244,0,0,0.0,0,0,0,0.0,0.25,1,P5_CV0,3,1,1,2,0
6,2545325.475,726552.0418,Age0_F6_m6f6_P6_Y1_UO54,R6_F6_m-1f-1_P6_Y-1_U132,R6_F6_m-1f-1_P6_Y-1_U77,MXY,0,31.017616965280244,0,0,0.0,0,0,0,0.0,0.25,1,P5_CV0,3,2,0,1,1
6,2545325.475,726552.0418,Age0_F6_m6f6_P6_Y1_UO55,R6_F6_m-1f-1_P6_Y-1_U132,R6_F6_m-1f-1_P6_Y-1_U77,FXX,0,31.017616965280244,0,0,0.0,0,0,0,0.0,0.25,1,P5_CV0,3,0,2,0,2
6,2545325.475,726552.0418,Age0_F6_m6f6_P6_Y1_UO56,R6_F6_m-1f-1_P6_Y-1_U132,R6_F6_m-1f-1_P6_Y-1_U77,FXX,0,31.017616965280244,0,0,0.0,0,0,0,0.0,0.25,1,P5_CV0,3,0,2,0,2
6,2545325.475,726552.0418,Age0_F6_m6f6_P6_Y1_UO57,R6_F6_m-1f-1_P6_Y-1_U132,R6_F6_m-1f-1_P6_Y-1_U77,FXX,0,31.017616965280244,0,0,0.0,0,0,0,0.0,0.25,1,P5_CV0,3,1,1,2,0
6,2545325.475,726552.0418,Age0_F6_m6f6_P6_Y1_UO58,R6_F6_m-1f-1_P6_Y-1_U132,R6_F6_m-1f-1_P6_Y-1_U77,FXX,0,31.017616965280244,0,0,0.0,0,0,0,0.0,0.25,1,P5_CV0,3,1,1,1,1
6,2545325.475,726552.0418,Age0_F6_m6f6_P6_Y1_UO59,R6_F6_m-1f-1_P6_Y-1_U132,R6_F6_m-1f-1_P6_Y-1_U77,MXY,0,31.017616965280244,0,0,0.0,0,0,0,0.0,0.25,1,P5_CV0,3,1,1,0,2
6,2545325.475,726552.0418,Age0_F6_m6f6_P6_Y1_UO79,R6_F6_m-1f-1_P6_Y-1_U83,R6_F6_m-1f-1_P6_Y-1_U4,MXY,0,31.017616965280244,0,0,0.0,0,0,0,0.0,0.25,1,P5_CV0,3,0,2,0,2
6,2545325.475,726552.0418,Age0_F6_m6f6_P6_Y1_UO82,R6_F6_m-1f-1_P6_Y-1_U19,R6_F6_m-1f-1_P6_Y-1_U4,MXY,0,31.017616965280244,0,0,0.0,0,0,0,0.0,0.5,1,P5_CV0,3,0,2,2,0
6,2545325.475,726552.0418,Age0_F6_m6f6_P6_Y1_UO83,R6_F6_m-1f-1_P6_Y-1_U65,R6_F6_m-1f-1_P6_Y-1_U85,FXX,0,31.017616965280244,0,0,0.0,0,0,0,0.0,0.75,1,P5_CV0,3,1,1,0,2
6,2545325.475,726552.0418,Age0_F6_m6f6_P6_Y1_UO84,R6_F6_m-1f-1_P6_Y-1_U65,R6_F6_m-1f-1_P6_Y-1_U85,FXX,0,31.017616965280244,0,0,0.0,0,0,0,0.0,0.75,1,P5_CV0,3,0,2,1,1
6,2545325.475,726552.0418,Age0_F6_m6f6_P6_Y1_UO85,R6_F6_m-1f-1_P6_Y-1_U65,R6_F6_m-1f-1_P6_Y-1_U85,FXX,0,31.017616965280244,0,0,0.0,0,0,0,0.0,0.75,1,P5_CV0,3,1,1,0,2
6,2545325.475,726552.0418,Age0_F6_m6f6_P6_Y1_UO86,R6_F6_m-1f-1_P6_Y-1_U65,R6_F6_m-1f-1_P6_Y-1_U85,FXX,0,31.017616965280244,0,0,0.0,0,0,0,0.0,0.75,1,P5_CV0,3,2,0,2,0
6,2545325.475,726552.0418,Age0_F6_m6f6_P6_Y1_UO90,R6_F6_m-1f-1_P6_Y-1_U23,R6_F6_m-1f-1_P6_Y-1_U43,MXY,0,31.017616965280244,0,0,0.0,0,0,0,0.0,0.5,1,P5_CV0,3,2,0,2,0
6,2545325.475,726552.0418,Age0_F6_m6f6_P6_Y1_UO91,R6_F6_m-1f-1_P6_Y-1_U23,R6_F6_m-1f-1_P6_Y-1_U43,MXY,0,31.017616965280244,0,0,0.0,0,0,0,0.0,0.5,1,P5_CV0,3,2,0,1,1
6,2545325.475,726552.0418,Age0_F6_m6f6_P6_Y1_UO92,R6_F6_m-1f-1_P6_Y-1_U23,R6_F6_m-1f-1_P6_Y-1_U43,MXY,0,31.017616965280244,0,0,0.0,0,0,0,0.0,0.5,1,P5_CV0,3,2,0,1,1
6,2545325.475,726552.0418,Age0_F6_m6f6_P6_Y1_UO93,R6_F6_m-1f-1_P6_Y-1_U23,R6_F6_m-1f-1_P6_Y-1_U43,MXY,0,31.017616965280244,0,0,0.0,0,0,0,0.0,0.5,1,P5_CV0,3,1,1,1,1
6,2545325.475,726552.0418,Age0_F6_m6f6_P6_Y1_UO94,R6_F6_m-1f-1_P6_Y-1_U23,R6_F6_m-1f-1_P6_Y-1_U43,MXY,0,31.017616965280244,0,0,0.0,0,0,0,0.0,0.5,1,P5_CV0,3,1,1,1,1
6,2545325.475,726552.0418,Age0_F6_m6f6_P6_Y1_UO165,R6_F6_m-1f-1_P6_Y-1_U20,R6_F6_m-1f-1_P6_Y-1_U53,FXX,0,31.017616965280244,0,0,0.0,0,0,0,0.0,0.5,1,P5_CV0,3,1,1,0,2
6,2545325.475,726552.0418,Age0_F6_m6f6_P6_Y1_UO170,R6_F6_m-1f-1_P6_Y-1_U132,R6_F6_m-1f-1_P6_Y-1_U54,MXY,0,31.017616965280244,0,0,0.0,0,0,0,0.0,0.25,1,P5_CV0,3,1,1,1,1
6,2545325.475,726552.0418,Age0_F6_m6f6_P6_Y1_UO171,R6_F6_m-1f-1_P6_Y-1_U132,R6_F6_m-1f-1_P6_Y-1_U54,FXX,0,31.017616965280244,0,0,0.0,0,0,0,0.0,0.25,1,P5_CV0,3,1,1,1,1
6,2545325.475,726552.0418,Age0_F6_m6f6_P6_Y1_UO172,R6_F6_m-1f-1_P6_Y-1_U132,R6_F6_m-1f-1_P6_Y-1_U54,MXY,0,31.017616965280244,0,0,0.0,0,0,0,0.0,0.25,1,P5_CV0,3,1,1,1,1
6,2545325.475,726552.0418,Age0_F6_m6f6_P6_Y1_UO173,R6_F6_m-1f-1_P6_Y-1_U132,R6_F6_m-1f-1_P6_Y-1_U54,FXX,0,31.017616965280244,0,0,0.0,0,0,0,0.0,0.25,1,P5_CV0,3,0,2,1,1
6,2545325.475,726552.0418,Age0_F6_m6f6_P6_Y1_UO174,R6_F6_m-1f-1_P6_Y-1_U132,R6_F6_m-1f-1_P6_Y-1_U54,FXX,0,31.017616965280244,0,0,0.0,0,0,0,0.0,0.25,1,P5_CV0,3,0,2,1,1
6,2545325.475,726552.0418,Age0_F6_m6f6_P6_Y1_UO180,R6_F6_m-1f-1_P6_Y-1_U22,R6_F6_m-1f-1_P6_Y-1_U114,FXX,0,31.017616965280244,0,0,0.0,0,0,0,0.0,0.25,1,P5_CV0,3,1,1,1,1
6,2545325.475,726552.0418,Age0_F6_m6f6_P6_Y1_UO181,R6_F6_m-1f-1_P6_Y-1_U22,R6_F6_m-1f-1_P6_Y-1_U114,MXY,0,31.017616965280244,0,0,0.0,0,0,0,0.0,0.25,1,P5_CV0,3,0,2,2,0
6,2545325.475,726552.0418,Age0_F6_m6f6_P6_Y1_UO182,R6_F6_m-1f-1_P6_Y-1_U22,R6_F6_m-1f-1_P6_Y-1_U114,MXY,0,31.017616965280244,0,0,0.0,0,0,0,0.0,0.25,1,P5_CV0,3,1,1,1,1
6,2545325.475,726552.0418,Age0_F6_m6f6_P6_Y1_UO183,R6_F6_m-1f-1_P6_Y-1_U22,R6_F6_m-1f-1_P6_Y-1_U114,FXX,0,31.017616965280244,0,0,0.0,0,0,0,0.0,0.25,1,P5_CV0,3,1,1,1,1
6,2545325.475,726552.0418,Age0_F6_m6f6_P6_Y1_UO205,R6_F6_m-1f-1_P6_Y-1_U136,R6_F6_m-1f-1_P6_Y-1_U97,MXY,0,31.017616965280244,0,0,0.0,0,0,0,0.0,0.5,1,P5_CV0,3,0,2,0,2
6,2545325.475,726552.0418,Age0_F6_m6f6_P6_Y1_UO206,R6_F6_m-1f-1_P6_Y-1_U136,R6_F6_m-1f-1_P6_Y-1_U97,MXY,0,31.017616965280244,0,0,0.0,0,0,0,0.0,0.5,1,P5_CV0,3,1,1,0,2
6,2545325.475,726552.0418,Age0_F6_m6f6_P6_Y1_UO209,R6_F6_m-1f-1_P6_Y-1_U79,R6_F6_m-1f-1_P6_Y-1_U94,FXX,0,31.017616965280244,0,0,0.0,0,0,0,0.0,0.5,1,P5_CV0,3,1,1,0,2
6,2545325.475,726552.0418,Age0_F6_m6f6_P6_Y1_UO210,R6_F6_m-1f-1_P6_Y-1_U79,R6_F6_m-1f-1_P6_Y-1_U94,MXY,0,31.017616965280244,0,0,0.0,0,0,0,0.0,0.5,1,P5_CV0,3,0,2,1,1
6,2545325.475,726552.0418,Age0_F6_m6f6_P6_Y1_UO211,R6_F6_m-1f-1_P6_Y-1_U79,R6_F6_m-1f-1_P6_Y-1_U94,MXY,0,31.017616965280244,0,0,0.0,0,0,0,0.0,0.5,1,P5_CV0,3,1,1,0,2
6,2545325.475,726552.0418,Age0_F6_m6f6_P6_Y1_UO212,R6_F6_m-1f-1_P6_Y-1_U79,R6_F6_m-1f-1_P6_Y-1_U94,MXY,0,31.017616965280244,0,0,0.0,0,0,0,0.0,0.5,1,P5_CV0,3,1,1,1,1
6,2545325.475,726552.0418,Age0_F6_m6f6_P6_Y1_UO213,R6_F6_m-1f-1_P6_Y-1_U79,R6_F6_m-1f-1_P6_Y-1_U94,FXX,0,31.017616965280244,0,0,0.0,0,0,0,0.0,0.5,1,P5_CV0,3,1,1,1,1
6,2545325.475,726552.0418,Age0_F6_m6f6_P6_Y1_UO221,R6_F6_m-1f-1_P6_Y-1_U135,R6_F6_m-1f-1_P6_Y-1_U21,MXY,0,31.017616965280244,0,0,0.0,0,0,0,0.0,0.5,1,P5_CV0,3,1,1,1,1
6,2545325.475,726552.0418,Age0_F6_m6f6_P6_Y1_UO222,R6_F6_m-1f-1_P6_Y-1_U135,R6_F6_m-1f-1_P6_Y-1_U21,MXY,0,31.017616965280244,0,0,0.0,0,0,0,0.0,0.5,1,P5_CV0,3,0,2,2,0
6,2545325.475,726552.0418,Age0_F6_m6f6_P6_Y1_UO261,R6_F6_m-1f-1_P6_Y-1_U22,R6_F6_m-1f-1_P6_Y-1_U94,MXY,0,31.017616965280244,0,0,0.0,0,0,0,0.0,0.75,1,P5_CV0,3,2,0,1,1
6,2545325.475,726552.0418,Age0_F6_m6f6_P6_Y1_UO262,R6_F6_m-1f-1_P6_Y-1_U22,R6_F6_m-1f-1_P6_Y-1_U94,FXX,0,31.017616965280244,0,0,0.0,0,0,0,0.0,0.75,1,P5_CV0,3,2,0,0,2
6,2545325.475,726552.0418,Age0_F6_m6f6_P6_Y1_UO263,R6_F6_m-1f-1_P6_Y-1_U22,R6_F6_m-1f-1_P6_Y-1_U94,MXY,0,31.017616965280244,0,0,0.0,0,0,0,0.0,0.75,1,P5_CV0,3,1,1,0,2
6,2545325.475,726552.0418,Age0_F6_m6f6_P6_Y1_UO264,R6_F6_m-1f-1_P6_Y-1_U22,R6_F6_m-1f-1_P6_Y-1_U94,FXX,0,31.017616965280244,0,0,0.0,0,0,0,0.0,0.75,1,P5_CV0,3,0,2,0,2
6,2545325.475,726552.0418,Age0_F6_m6f6_P6_Y1_UO265,R6_F6_m-1f-1_P6_Y-1_U88,R6_F6_m-1f-1_P6_Y-1_U40,FXX,0,31.017616965280244,0,0,0.0,0,0,0,0.0,0.25,1,P5_CV0,3,1,1,0,2
6,2545325.475,726552.0418,Age0_F6_m6f6_P6_Y1_UO266,R6_F6_m-1f-1_P6_Y-1_U88,R6_F6_m-1f-1_P6_Y-1_U40,FXX,0,31.017616965280244,0,0,0.0,0,0,0,0.0,0.25,1,P5_CV0,3,1,1,1,1
6,2545325.475,726552.0418,Age0_F6_m6f6_P6_Y1_UO272,R6_F6_m-1f-1_P6_Y-1_U47,R6_F6_m-1f-1_P6_Y-1_U118,MXY,0,31.017616965280244,0,0,0.0,0,0,0,0.0,0.5,1,P5_CV0,3,2,0,0,2
6,2545325.475,726552.0418,Age0_F6_m6f6_P6_Y1_UO273,R6_F6_m-1f-1_P6_Y-1_U47,R6_F6_m-1f-1_P6_Y-1_U118,MXY,0,31.017616965280244,0,0,0.0,0,0,0,0.0,0.5,1,P5_CV0,3,1,1,1,1
6,2545325.475,726552.0418,Age0_F6_m6f6_P6_Y1_UO274,R6_F6_m-1f-1_P6_Y-1_U47,R6_F6_m-1f-1_P6_Y-1_U118,FXX,0,31.017616965280244,0,0,0.0,0,0,0,0.0,0.5,1,P5_CV0,3,0,2,0,2
6,2545325.475,726552.0418,Age0_F6_m6f6_P6_Y1_UO275,R6_F6_m-1f-1_P6_Y-1_U47,R6_F6_m-1f-1_P6_Y-1_U118,FXX,0,31.017616965280244,0,0,0.0,0,0,0,0.0,0.5,1,P5_CV0,3,1,1,0,2
6,2545325.475,726552.0418,Age0_F6_m6f6_P6_Y1_UO296,R6_F6_m-1f-1_P6_Y-1_U69,R6_F6_m-1f-1_P6_Y-1_U101,FXX,0,31.017616965280244,0,0,0.0,0,0,0,0.0,0.25,1,P5_CV0,3,0,2,1,1
6,2545325.475,726552.0418,Age0_F6_m6f6_P6_Y1_UO297,R6_F6_m-1f-1_P6_Y-1_U69,R6_F6_m-1f-1_P6_Y-1_U101,FXX,0,31.017616965280244,0,0,0.0,0,0,0,0.0,0.25,1,P5_CV0,3,2,0,0,2
6,2545325.475,726552.0418,Age0_F6_m6f6_P6_Y1_UO298,R6_F6_m-1f-1_P6_Y-1_U69,R6_F6_m-1f-1_P6_Y-1_U101,FXX,0,31.017616965280244,0,0,0.0,0,0,0,0.0,0.25,1,P5_CV0,3,1,1,1,1
6,2545325.475,726552.0418,Age0_F6_m6f6_P6_Y1_UO299,R6_F6_m-1f-1_P6_Y-1_U69,R6_F6_m-1f-1_P6_Y-1_U101,MXY,0,31.017616965280244,0,0,0.0,0,0,0,0.0,0.25,1,P5_CV0,3,0,2,1,1
6,2545325.475,726552.0418,Age0_F6_m6f6_P6_Y1_UO300,R6_F6_m-1f-1_P6_Y-1_U69,R6_F6_m-1f-1_P6_Y-1_U101,MXY,0,31.017616965280244,0,0,0.0,0,0,0,0.0,0.25,1,P5_CV0,3,1,1,1,1
6,2545325.475,726552.0418,Age0_F6_m6f6_P6_Y1_UO303,R6_F6_m-1f-1_P6_Y-1_U88,R6_F6_m-1f-1_P6_Y-1_U63,FXX,0,31.017616965280244,0,0,0.0,0,0,0,0.0,0.5,1,P5_CV0,3,0,2,2,0
6,2545325.475,726552.0418,Age0_F6_m6f6_P6_Y1_UO304,R6_F6_m-1f-1_P6_Y-1_U88,R6_F6_m-1f-1_P6_Y-1_U63,MXY,0,31.017616965280244,0,0,0.0,0,0,0,0.0,0.5,1,P5_CV0,3,1,1,0,2
6,2545325.475,726552.0418,Age0_F6_m6f6_P6_Y1_UO305,R6_F6_m-1f-1_P6_Y-1_U88,R6_F6_m-1f-1_P6_Y-1_U63,FXX,0,31.017616965280244,0,0,0.0,0,0,0,0.0,0.5,1,P5_CV0,3,1,1,2,0
6,2545325.475,726552.0418,Age0_F6_m6f6_P6_Y1_UO306,R6_F6_m-1f-1_P6_Y-1_U88,R6_F6_m-1f-1_P6_Y-1_U63,FXX,0,31.017616965280244,0,0,0.0,0,0,0,0.0,0.5,1,P5_CV0,3,1,1,1,1
6,2545325.475,726552.0418,Age0_F6_m6f6_P6_Y1_UO315,R6_F6_m-1f-1_P6_Y-1_U109,R6_F6_m-1f-1_P6_Y-1_U38,MXY,0,31.017616965280244,0,0,0.0,0,0,0,0.0,0.5,1,P5_CV0,3,1,1,2,0
6,2545325.475,726552.0418,Age0_F6_m6f6_P6_Y1_UO316,R6_F6_m-1f-1_P6_Y-1_U109,R6_F6_m-1f-1_P6_Y-1_U38,FXX,0,31.017616965280244,0,0,0.0,0,0,0,0.0,0.5,1,P5_CV0,3,1,1,2,0
6,2545325.475,726552.0418,Age0_F6_m6f6_P6_Y1_UO321,R6_F6_m-1f-1_P6_Y-1_U136,R6_F6_m-1f-1_P6_Y-1_U49,FXX,0,31.017616965280244,0,0,0.0,0,0,0,0.0,0.0,1,P5_CV0,3,1,1,1,1
6,2545325.475,726552.0418,Age0_F6_m6f6_P6_Y1_UO327,R6_F6_m-1f-1_P6_Y-1_U132,R6_F6_m-1f-1_P6_Y-1_U50,MXY,0,31.017616965280244,0,0,0.0,0,0,0,0.0,0.25,1,P5_CV0,3,0,2,1,1
6,2545325.475,726552.0418,Age0_F6_m6f6_P6_Y1_UO328,R6_F6_m-1f-1_P6_Y-1_U132,R6_F6_m-1f-1_P6_Y-1_U50,MXY,0,31.017616965280244,0,0,0.0,0,0,0,0.0,0.25,1,P5_CV0,3,1,1,0,2
6,2545325.475,726552.0418,Age0_F6_m6f6_P6_Y1_UO329,R6_F6_m-1f-1_P6_Y-1_U132,R6_F6_m-1f-1_P6_Y-1_U50,FXX,0,31.017616965280244,0,0,0.0,0,0,0,0.0,0.25,1,P5_CV0,3,1,1,0,2
6,2545325.475,726552.0418,Age0_F6_m6f6_P6_Y1_UO330,R6_F6_m-1f-1_P6_Y-1_U132,R6_F6_m-1f-1_P6_Y-1_U50,MXY,0,31.017616965280244,0,0,0.0,0,0,0,0.0,0.25,1,P5_CV0,3,0,2,1,1
6,2545325.475,726552.0418,Age0_F6_m6f6_P6_Y1_UO331,R6_F6_m-1f-1_P6_Y-1_U132,R6_F6_m-1f-1_P6_Y-1_U50,FXX,0,31.017616965280244,0,0,0.0,0,0,0,0.0,0.25,1,P5_CV0,3,0,2,0,2
6,2545325.475,726552.0418,Age0_F6_m6f6_P6_Y1_UO332,R6_F6_m-1f-1_P6_Y-1_U132,R6_F6_m-1f-1_P6_Y-1_U50,FXX,0,31.017616965280244,0,0,0.0,0,0,0,0.0,0.25,1,P5_CV0,3,2,0,1,1
6,2545325.475,726552.0418,Age0_F6_m6f6_P6_Y1_UO366,R6_F6_m-1f-1_P6_Y-1_U76,R6_F6_m-1f-1_P6_Y-1_U70,FXX,0,31.017616965280244,0,0,0.0,0,0,0,0.0,0.75,1,P5_CV0,3,2,0,1,1
6,2545325.475,726552.0418,Age0_F6_m6f6_P6_Y1_UO367,R6_F6_m-1f-1_P6_Y-1_U76,R6_F6_m-1f-1_P6_Y-1_U70,MXY,0,31.017616965280244,0,0,0.0,0,0,0,0.0,0.75,1,P5_CV0,3,1,1,2,0
6,2545325.475,726552.0418,Age0_F6_m6f6_P6_Y1_UO382,R6_F6_m-1f-1_P6_Y-1_U83,R6_F6_m-1f-1_P6_Y-1_U107,MXY,0,31.017616965280244,0,0,0.0,0,0,0,0.0,0.5,1,P5_CV0,3,1,1,1,1
6,2545325.475,726552.0418,Age0_F6_m6f6_P6_Y1_UO383,R6_F6_m-1f-1_P6_Y-1_U83,R6_F6_m-1f-1_P6_Y-1_U107,FXX,0,31.017616965280244,0,0,0.0,0,0,0,0.0,0.5,1,P5_CV0,3,1,1,1,1
6,2545325.475,726552.0418,Age0_F6_m6f6_P6_Y1_UO384,R6_F6_m-1f-1_P6_Y-1_U83,R6_F6_m-1f-1_P6_Y-1_U107,MXY,0,31.017616965280244,0,0,0.0,0,0,0,0.0,0.5,1,P5_CV0,3,1,1,0,2
6,2545325.475,726552.0418,Age0_F6_m6f6_P6_Y1_UO389,R6_F6_m-1f-1_P6_Y-1_U98,R6_F6_m-1f-1_P6_Y-1_U40,FXX,0,31.017616965280244,0,0,0.0,0,0,0,0.0,0.25,1,P5_CV0,3,2,0,1,1
6,2545325.475,726552.0418,Age0_F6_m6f6_P6_Y1_UO390,R6_F6_m-1f-1_P6_Y-1_U98,R6_F6_m-1f-1_P6_Y-1_U40,FXX,0,31.017616965280244,0,0,0.0,0,0,0,0.0,0.25,1,P5_CV0,3,0,2,0,2
6,2545325.475,726552.0418,Age0_F6_m6f6_P6_Y1_UO391,R6_F6_m-1f-1_P6_Y-1_U98,R6_F6_m-1f-1_P6_Y-1_U40,FXX,0,31.017616965280244,0,0,0.0,0,0,0,0.0,0.25,1,P5_CV0,3,0,2,0,2
6,2545325.475,726552.0418,Age0_F6_m6f6_P6_Y1_UO392,R6_F6_m-1f-1_P6_Y-1_U98,R6_F6_m-1f-1_P6_Y-1_U40,FXX,0,31.017616965280244,0,0,0.0,0,0,0,0.0,0.25,1,P5_CV0,3,1,1,1,1
6,2545325.475,726552.0418,Age0_F6_m6f6_P6_Y1_UO424,R6_F6_m-1f-1_P6_Y-1_U112,R6_F6_m-1f-1_P6_Y-1_U12,MXY,0,31.017616965280244,0,0,0.0,0,0,0,0.0,0.75,1,P5_CV0,3,1,1,0,2
6,2545325.475,726552.0418,Age0_F6_m6f6_P6_Y1_UO425,R6_F6_m-1f-1_P6_Y-1_U112,R6_F6_m-1f-1_P6_Y-1_U12,FXX,0,31.017616965280244,0,0,0.0,0,0,0,0.0,0.75,1,P5_CV0,3,1,1,2,0
6,2545325.475,726552.0418,Age0_F6_m6f6_P6_Y1_UO447,R6_F6_m-1f-1_P6_Y-1_U84,R6_F6_m-1f-1_P6_Y-1_U139,MXY,0,31.017616965280244,0,0,0.0,0,0,0,0.0,0.25,1,P5_CV0,3,0,2,2,0
6,2545325.475,726552.0418,Age0_F6_m6f6_P6_Y1_UO448,R6_F6_m-1f-1_P6_Y-1_U84,R6_F6_m-1f-1_P6_Y-1_U139,MXY,0,31.017616965280244,0,0,0.0,0,0,0,0.0,0.25,1,P5_CV0,3,1,1,1,1
6,2545325.475,726552.0418,Age0_F6_m6f6_P6_Y1_UO449,R6_F6_m-1f-1_P6_Y-1_U84,R6_F6_m-1f-1_P6_Y-1_U139,FXX,0,31.017616965280244,0,0,0.0,0,0,0,0.0,0.25,1,P5_CV0,3,0,2,2,0
6,2545325.475,726552.0418,Age0_F6_m6f6_P6_Y1_UO450,R6_F6_m-1f-1_P6_Y-1_U84,R6_F6_m-1f-1_P6_Y-1_U139,MXY,0,31.017616965280244,0,0,0.0,0,0,0,0.0,0.25,1,P5_CV0,3,1,1,1,1
6,2545325.475,726552.0418,Age0_F6_m6f6_P6_Y1_UO451,R6_F6_m-1f-1_P6_Y-1_U84,R6_F6_m-1f-1_P6_Y-1_U139,FXX,0,31.017616965280244,0,0,0.0,0,0,0,0.0,0.25,1,P5_CV0,3,0,2,0,2
6,2545325.475,726552.0418,Age0_F6_m6f6_P6_Y1_UO452,R6_F6_m-1f-1_P6_Y-1_U84,R6_F6_m-1f-1_P6_Y-1_U139,FXX,0,31.017616965280244,0,0,0.0,0,0,0,0.0,0.25,1,P5_CV0,3,1,1,1,1
6,2545325.475,726552.0418,Age0_F6_m6f6_P6_Y1_UO453,R6_F6_m-1f-1_P6_Y-1_U84,R6_F6_m-1f-1_P6_Y-1_U139,MXY,0,31.017616965280244,0,0,0.0,0,0,0,0.0,0.25,1,P5_CV0,3,0,2,1,1
6,2545325.475,726552.0418,Age0_F6_m6f6_P6_Y1_UO454,R6_F6_m-1f-1_P6_Y-1_U84,R6_F6_m-1f-1_P6_Y-1_U139,MXY,0,31.017616965280244,0,0,0.0,0,0,0,0.0,0.25,1,P5_CV0,3,0,2,1,1
6,2545325.475,726552.0418,Age0_F6_m6f6_P6_Y1_UO468,R6_F6_m-1f-1_P6_Y-1_U88,R6_F6_m-1f-1_P6_Y-1_U97,MXY,0,31.017616965280244,0,0,0.0,0,0,0,0.0,0.75,1,P5_CV0,3,2,0,1,1
6,2545325.475,726552.0418,Age0_F6_m6f6_P6_Y1_UO469,R6_F6_m-1f-1_P6_Y-1_U88,R6_F6_m-1f-1_P6_Y-1_U97,MXY,0,31.017616965280244,0,0,0.0,0,0,0,0.0,0.75,1,P5_CV0,3,2,0,1,1
6,2545325.475,726552.0418,Age0_F6_m6f6_P6_Y1_UO470,R6_F6_m-1f-1_P6_Y-1_U88,R6_F6_m-1f-1_P6_Y-1_U97,FXX,0,31.017616965280244,0,0,0.0,0,0,0,0.0,0.75,1,P5_CV0,3,1,1,2,0
6,2545325.475,726552.0418,Age0_F6_m6f6_P6_Y1_UO471,R6_F6_m-1f-1_P6_Y-1_U88,R6_F6_m-1f-1_P6_Y-1_U97,MXY,0,31.017616965280244,0,0,0.0,0,0,0,0.0,0.75,1,P5_CV0,3,1,1,0,2
6,2545325.475,726552.0418,Age0_F6_m6f6_P6_Y1_UO472,R6_F6_m-1f-1_P6_Y-1_U88,R6_F6_m-1f-1_P6_Y-1_U97,MXY,0,31.017616965280244,0,0,0.0,0,0,0,0.0,0.75,1,P5_CV0,3,2,0,1,1
6,2545325.475,726552.0418,Age0_F6_m6f6_P6_Y1_UO473,R6_F6_m-1f-1_P6_Y-1_U115,R6_F6_m-1f-1_P6_Y-1_U70,MXY,0,31.017616965280244,0,0,0.0,0,0,0,0.0,0.5,1,P5_CV0,3,1,1,1,1
6,2545325.475,726552.0418,Age0_F6_m6f6_P6_Y1_UO474,R6_F6_m-1f-1_P6_Y-1_U115,R6_F6_m-1f-1_P6_Y-1_U70,MXY,0,31.017616965280244,0,0,0.0,0,0,0,0.0,0.5,1,P5_CV0,3,2,0,1,1
6,2545325.475,726552.0418,Age0_F6_m6f6_P6_Y1_UO475,R6_F6_m-1f-1_P6_Y-1_U115,R6_F6_m-1f-1_P6_Y-1_U70,MXY,0,31.017616965280244,0,0,0.0,0,0,0,0.0,0.5,1,P5_CV0,3,1,1,1,1
6,2545325.475,726552.0418,Age0_F6_m6f6_P6_Y1_UO476,R6_F6_m-1f-1_P6_Y-1_U115,R6_F6_m-1f-1_P6_Y-1_U70,FXX,0,31.017616965280244,0,0,0.0,0,0,0,0.0,0.5,1,P5_CV0,3,1,1,1,1
6,2545325.475,726552.0418,Age0_F6_m6f6_P6_Y1_UO479,R6_F6_m-1f-1_P6_Y-1_U129,R6_F6_m-1f-1_P6_Y-1_U43,MXY,0,31.017616965280244,0,0,0.0,0,0,0,0.0,0.5,1,P5_CV0,3,1,1,2,0
6,2545325.475,726552.0418,Age0_F6_m6f6_P6_Y1_UO480,R6_F6_m-1f-1_P6_Y-1_U129,R6_F6_m-1f-1_P6_Y-1_U43,MXY,0,31.017616965280244,0,0,0.0,0,0,0,0.0,0.5,1,P5_CV0,3,1,1,1,1
6,2545325.475,726552.0418,Age0_F6_m6f6_P6_Y1_UO483,R6_F6_m-1f-1_P6_Y-1_U88,R6_F6_m-1f-1_P6_Y-1_U104,FXX,0,31.017616965280244,0,0,0.0,0,0,0,0.0,0.5,1,P5_CV0,3,1,1,1,1
6,2545325.475,726552.0418,Age0_F6_m6f6_P6_Y1_UO484,R6_F6_m-1f-1_P6_Y-1_U88,R6_F6_m-1f-1_P6_Y-1_U104,MXY,0,31.017616965280244,0,0,0.0,0,0,0,0.0,0.5,1,P5_CV0,3,2,0,0,2
6,2545325.475,726552.0418,Age0_F6_m6f6_P6_Y1_UO485,R6_F6_m-1f-1_P6_Y-1_U88,R6_F6_m-1f-1_P6_Y-1_U104,MXY,0,31.017616965280244,0,0,0.0,0,0,0,0.0,0.5,1,P5_CV0,3,2,0,2,0
6,2545325.475,726552.0418,Age0_F6_m6f6_P6_Y1_UO492,R6_F6_m-1f-1_P6_Y-1_U83,R6_F6_m-1f-1_P6_Y-1_U40,FXX,0,31.017616965280244,0,0,0.0,0,0,0,0.0,0.25,1,P5_CV0,3,1,1,1,1
6,2545325.475,726552.0418,Age0_F6_m6f6_P6_Y1_UO493,R6_F6_m-1f-1_P6_Y-1_U83,R6_F6_m-1f-1_P6_Y-1_U40,FXX,0,31.017616965280244,0,0,0.0,0,0,0,0.0,0.25,1,P5_CV0,3,1,1,1,1
6,2545325.475,726552.0418,Age0_F6_m6f6_P6_Y1_UO494,R6_F6_m-1f-1_P6_Y-1_U83,R6_F6_m-1f-1_P6_Y-1_U40,MXY,0,31.017616965280244,0,0,0.0,0,0,0,0.0,0.25,1,P5_CV0,3,1,1,0,2
6,2545325.475,726552.0418,Age0_F6_m6f6_P6_Y1_UO495,R6_F6_m-1f-1_P6_Y-1_U83,R6_F6_m-1f-1_P6_Y-1_U40,MXY,0,31.017616965280244,0,0,0.0,0,0,0,0.0,0.25,1,P5_CV0,3,0,2,1,1
6,2545325.475,726552.0418,Age0_F6_m6f6_P6_Y1_UO510,R6_F6_m-1f-1_P6_Y-1_U88,R6_F6_m-1f-1_P6_Y-1_U82,MXY,0,31.017616965280244,0,0,0.0,0,0,0,0.0,0.5,1,P5_CV0,3,0,2,1,1
6,2545325.475,726552.0418,Age0_F6_m6f6_P6_Y1_UO511,R6_F6_m-1f-1_P6_Y-1_U88,R6_F6_m-1f-1_P6_Y-1_U82,FXX,0,31.017616965280244,0,0,0.0,0,0,0,0.0,0.5,1,P5_CV0,3,0,2,1,1
6,2545325.475,726552.0418,Age0_F6_m6f6_P6_Y1_UO528,R6_F6_m-1f-1_P6_Y-1_U20,R6_F6_m-1f-1_P6_Y-1_U4,MXY,0,31.017616965280244,0,0,0.0,0,0,0,0.0,0.25,1,P5_CV0,3,1,1,0,2
6,2545325.475,726552.0418,Age0_F6_m6f6_P6_Y1_UO529,R6_F6_m-1f-1_P6_Y-1_U20,R6_F6_m-1f-1_P6_Y-1_U4,MXY,0,31.017616965280244,0,0,0.0,0,0,0,0.0,0.25,1,P5_CV0,3,2,0,2,0
6,2545325.475,726552.0418,Age0_F6_m6f6_P6_Y1_UO553,R6_F6_m-1f-1_P6_Y-1_U137,R6_F6_m-1f-1_P6_Y-1_U17,FXX,0,31.017616965280244,0,0,0.0,0,0,0,0.0,0.75,1,P5_CV0,3,1,1,1,1
6,2545325.475,726552.0418,Age0_F6_m6f6_P6_Y1_UO554,R6_F6_m-1f-1_P6_Y-1_U137,R6_F6_m-1f-1_P6_Y-1_U17,FXX,0,31.017616965280244,0,0,0.0,0,0,0,0.0,0.75,1,P5_CV0,3,2,0,2,0
6,2545325.475,726552.0418,Age0_F6_m6f6_P6_Y1_UO555,R6_F6_m-1f-1_P6_Y-1_U137,R6_F6_m-1f-1_P6_Y-1_U17,MXY,0,31.017616965280244,0,0,0.0,0,0,0,0.0,0.75,1,P5_CV0,3,0,2,1,1
6,2545325.475,726552.0418,Age0_F6_m6f6_P6_Y1_UO556,R6_F6_m-1f-1_P6_Y-1_U137,R6_F6_m-1f-1_P6_Y-1_U17,MXY,0,31.017616965280244,0,0,0.0,0,0,0,0.0,0.75,1,P5_CV0,3,2,0,2,0
6,2545325.475,726552.0418,Age0_F6_m6f6_P6_Y1_UO557,R6_F6_m-1f-1_P6_Y-1_U137,R6_F6_m-1f-1_P6_Y-1_U17,MXY,0,31.017616965280244,0,0,0.0,0,0,0,0.0,0.75,1,P5_CV0,3,1,1,2,0
6,2545325.475,726552.0418,R6_F6_m6f6_P6_Y0_UO213,R6_F6_m-1f-1_P6_Y-1_U112,R6_F6_m-1f-1_P6_Y-1_U82,MXY,1,53.22156786409753,1,1,0.0,0,0,0,-9999.0,0.75,1,P5_CV0,3,2,0,1,1
6,2545325.475,726552.0418,R6_F6_m6f6_P6_Y0_UO267,R6_F6_m-1f-1_P6_Y-1_U135,R6_F6_m-1f-1_P6_Y-1_U7,FXX,1,53.22156786409753,1,1,0.0,0,0,0,-9999.0,0.5,1,P5_CV0,3,1,1,1,1
6,2545325.475,726552.0418,R6_F6_m6f6_P6_Y0_UO731,R6_F6_m-1f-1_P6_Y-1_U119,R6_F6_m-1f-1_P6_Y-1_U4,MXY,1,53.22156786409753,1,1,0.0,0,0,0,-9999.0,0.25,1,P5_CV0,3,2,0,0,2
6,2545325.475,726552.0418,R6_F6_m6f6_P6_Y0_UO242,R6_F6_m-1f-1_P6_Y-1_U128,R6_F6_m-1f-1_P6_Y-1_U13,MXY,1,53.22156786409753,1,1,0.0,0,0,0,-9999.0,0.5,1,P5_CV0,3,0,2,0,2
6,2545325.475,726552.0418,R6_F6_m6f6_P6_Y0_UO553,R6_F6_m-1f-1_P6_Y-1_U111,R6_F6_m-1f-1_P6_Y-1_U82,FXX,1,53.22156786409753,1,1,1.0,0,0,0,-9999.0,0.5,1,P5_CV0,3,0,2,2,0
6,2545325.475,726552.0418,R6_F6_m6f6_P6_Y0_UO226,R6_F6_m-1f-1_P6_Y-1_U44,R6_F6_m-1f-1_P6_Y-1_U127,MXY,1,53.22156786409753,1,1,0.0,0,0,0,-9999.0,0.5,1,P5_CV0,3,1,1,1,1
6,2545325.475,726552.0418,R6_F6_m6f6_P6_Y0_UO461,R6_F6_m-1f-1_P6_Y-1_U78,R6_F6_m-1f-1_P6_Y-1_U86,MXY,1,53.22156786409753,1,1,0.0,0,0,0,-9999.0,1.0,1,P5_CV0,3,2,0,0,2
6,2545325.475,726552.0418,R6_F6_m6f6_P6_Y0_UO638,R6_F6_m-1f-1_P6_Y-1_U119,R6_F6_m-1f-1_P6_Y-1_U96,MXY,1,53.22156786409753,1,1,0.0,0,0,0,-9999.0,0.25,1,P5_CV0,3,1,1,1,1
6,2545325.475,726552.0418,R6_F6_m6f6_P6_Y0_UO728,R6_F6_m-1f-1_P6_Y-1_U119,R6_F6_m-1f-1_P6_Y-1_U4,MXY,1,53.22156786409753,1,1,0.0,0,0,0,-9999.0,0.25,1,P5_CV0,3,2,0,0,2
6,2545325.475,726552.0418,R6_F6_m6f6_P6_Y0_UO489,R6_F6_m-1f-1_P6_Y-1_U111,R6_F6_m-1f-1_P6_Y-1_U82,MXY,1,53.22156786409753,1,1,0.0,0,0,0,-9999.0,0.5,1,P5_CV0,3,0,2,2,0
6,2545325.475,726552.0418,R6_F6_m6f6_P6_Y0_UO277,R6_F6_m-1f-1_P6_Y-1_U115,R6_F6_m-1f-1_P6_Y-1_U120,FXX,1,53.22156786409753,1,1,1.035,0,0,0,-9999.0,0.5,1,P5_CV0,3,0,2,2,0
6,2545325.475,726552.0418,R6_F6_m6f6_P6_Y0_UO465,R6_F6_m-1f-1_P6_Y-1_U78,R6_F6_m-1f-1_P6_Y-1_U86,FXX,1,53.22156786409753,1,1,1.0,0,0,0,-9999.0,1.0,1,P5_CV0,3,2,0,2,0
6,2545325.475,726552.0418,R6_F6_m6f6_P6_Y0_UO210,R6_F6_m-1f-1_P6_Y-1_U115,R6_F6_m-1f-1_P6_Y-1_U72,MXY,1,53.22156786409753,1,1,0.0,0,0,0,-9999.0,0.75,1,P5_CV0,3,0,2,1,1
6,2545325.475,726552.0418,R6_F6_m6f6_P6_Y0_UO371,R6_F6_m-1f-1_P6_Y-1_U119,R6_F6_m-1f-1_P6_Y-1_U60,MXY,1,53.22156786409753,1,1,0.0,0,0,0,-9999.0,0.25,1,P5_CV0,3,2,0,1,1
6,2545325.475,726552.0418,R6_F6_m6f6_P6_Y0_UO654,R6_F6_m-1f-1_P6_Y-1_U27,R6_F6_m-1f-1_P6_Y-1_U14,MXY,1,53.22156786409753,1,1,0.0,0,0,0,-9999.0,0.25,1,P5_CV0,3,1,1,0,2
6,2545325.475,726552.0418,R6_F6_m6f6_P6_Y0_UO540,R6_F6_m-1f-1_P6_Y-1_U44,R6_F6_m-1f-1_P6_Y-1_U21,FXX,1,53.22156786409753,1,1,0.0,0,0,0,-9999.0,0.75,1,P5_CV0,3,2,0,1,1
6,2545325.475,726552.0418,R6_F6_m6f6_P6_Y0_UO343,R6_F6_m-1f-1_P6_Y-1_U27,R6_F6_m-1f-1_P6_Y-1_U50,MXY,1,53.22156786409753,1,1,0.0,0,0,0,-9999.0,0.5,1,P5_CV0,3,1,1,1,1
6,2545325.475,726552.0418,R6_F6_m6f6_P6_Y0_UO274,R6_F6_m-1f-1_P6_Y-1_U115,R6_F6_m-1f-1_P6_Y-1_U120,MXY,1,53.22156786409753,1,1,0.0,0,0,0,-9999.0,0.5,1,P5_CV0,3,2,0,1,1
6,2545325.475,726552.0418,R6_F6_m6f6_P6_Y0_UO430,R6_F6_m-1f-1_P6_Y-1_U119,R6_F6_m-1f-1_P6_Y-1_U13,MXY,1,53.22156786409753,1,1,0.0,0,0,0,-9999.0,0.5,1,P5_CV0,3,0,2,1,1
6,2545325.475,726552.0418,R6_F6_m6f6_P6_Y0_UO275,R6_F6_m-1f-1_P6_Y-1_U115,R6_F6_m-1f-1_P6_Y-1_U120,MXY,1,53.22156786409753,1,1,0.0,0,0,0,-9999.0,0.5,1,P5_CV0,3,1,1,2,0
6,2545325.475,726552.0418,R6_F6_m6f6_P6_Y0_UO550,R6_F6_m-1f-1_P6_Y-1_U111,R6_F6_m-1f-1_P6_Y-1_U82,MXY,1,53.22156786409753,1,1,0.0,0,0,0,-9999.0,0.5,1,P5_CV0,3,0,2,0,2
6,2545325.475,726552.0418,R6_F6_m6f6_P6_Y0_UO388,R6_F6_m-1f-1_P6_Y-1_U84,R6_F6_m-1f-1_P6_Y-1_U42,FXX,1,53.22156786409753,1,1,2.246,0,0,0,-9999.0,0.25,1,P5_CV0,3,1,1,1,1
6,2545325.475,726552.0418,R6_F6_m6f6_P6_Y0_UO216,R6_F6_m-1f-1_P6_Y-1_U112,R6_F6_m-1f-1_P6_Y-1_U82,FXX,1,53.22156786409753,1,1,2.329,0,0,0,-9999.0,0.75,1,P5_CV0,3,0,2,1,1
6,2545325.475,726552.0418,R6_F6_m6f6_P6_Y0_UO679,R6_F6_m-1f-1_P6_Y-1_U22,R6_F6_m-1f-1_P6_Y-1_U130,MXY,1,53.22156786409753,1,1,0.0,0,0,0,-9999.0,0.75,1,P5_CV0,3,1,1,2,0
6,2545325.475,726552.0418,R6_F6_m6f6_P6_Y0_UO225,R6_F6_m-1f-1_P6_Y-1_U44,R6_F6_m-1f-1_P6_Y-1_U127,FXX,1,53.22156786409753,1,1,1.0,0,0,0,-9999.0,0.5,1,P5_CV0,3,2,0,2,0
6,2545325.475,726552.0418,R6_F6_m6f6_P6_Y0_UO83,R6_F6_m-1f-1_P6_Y-1_U69,R6_F6_m-1f-1_P6_Y-1_U113,MXY,1,53.22156786409753,1,1,0.0,0,0,0,-9999.0,0.25,1,P5_CV0,3,2,0,2,0
6,2545325.475,726552.0418,R6_F6_m6f6_P6_Y0_UO360,R6_F6_m-1f-1_P6_Y-1_U22,R6_F6_m-1f-1_P6_Y-1_U121,MXY,1,53.22156786409753,1,1,0.0,0,0,0,-9999.0,0.5,1,P5_CV0,3,0,2,1,1
6,2545325.475,726552.0418,R6_F6_m6f6_P6_Y0_UO573,R6_F6_m-1f-1_P6_Y-1_U3,R6_F6_m-1f-1_P6_Y-1_U96,MXY,1,53.22156786409753,1,1,0.0,0,0,0,-9999.0,0.0,1,P5_CV0,3,2,0,0,2
6,2545325.475,726552.0418,R6_F6_m6f6_P6_Y0_UO658,R6_F6_m-1f-1_P6_Y-1_U27,R6_F6_m-1f-1_P6_Y-1_U14,FXX,1,53.22156786409753,1,1,2.179,0,0,0,-9999.0,0.25,1,P5_CV0,3,2,0,1,1
6,2545325.475,726552.0418,R6_F6_m6f6_P6_Y0_UO584,R6_F6_m-1f-1_P6_Y-1_U135,R6_F6_m-1f-1_P6_Y-1_U13,MXY,1,53.22156786409753,1,1,0.0,0,0,0,-9999.0,0.5,1,P5_CV0,3,2,0,2,0
6,2545325.475,726552.0418,R6_F6_m6f6_P6_Y0_UO387,R6_F6_m-1f-1_P6_Y-1_U84,R6_F6_m-1f-1_P6_Y-1_U42,MXY,1,53.22156786409753,1,1,0.0,0,0,0,-9999.0,0.25,1,P5_CV0,3,1,1,1,1
6,2545325.475,726552.0418,R6_F6_m6f6_P6_Y0_UO574,R6_F6_m-1f-1_P6_Y-1_U3,R6_F6_m-1f-1_P6_Y-1_U96,FXX,1,53.22156786409753,1,1,0.0,0,0,0,-9999.0,0.0,1,P5_CV0,3,2,0,0,2
6,2545325.475,726552.0418,R6_F6_m-1f-1_P6_Y-1_U133,-9999,-9999,FXX,2,78.65476810377999,1,0,1.0,0,0,0,-9999.0,0.5,1,P5_CV0,3,1,1,2,0
6,2545325.475,726552.0418,R6_F6_m-1f-1_P6_Y-1_U105,-9999,-9999,FXX,2,78.65476810377999,1,0,1.036,0,0,0,-9999.0,0.5,1,P5_CV0,3,1,1,1,1
6,2545325.475,726552.0418,R6_F6_m-1f-1_P6_Y-1_U80,-9999,-9999,MXY,2,78.65476810377999,1,0,0.0,0,0,0,-9999.0,0.5,1,P5_CV0,3,1,1,1,1
6,2545325.475,726552.0418,R6_F6_m-1f-1_P6_Y-1_U66,-9999,-9999,FXX,2,78.65476810377999,1,0,1.756,0,0,0,-9999.0,0.5,1,P5_CV0,3,1,1,0,2
6,2545325.475,726552.0418,R6_F6_m-1f-1_P6_Y-1_U37,-9999,-9999,FXX,2,78.65476810377999,1,0,0.0,0,0,0,-9999.0,0.5,1,P5_CV0,3,1,1,1,1
6,2545325.475,726552.0418,R6_F6_m-1f-1_P6_Y-1_U125,-9999,-9999,MXY,2,78.65476810377999,1,0,0.0,0,0,0,-9999.0,0.5,1,P5_CV0,3,1,1,1,1
6,2545325.475,726552.0418,R6_F6_m-1f-1_P6_Y-1_U18,-9999,-9999,MXY,2,78.65476810377999,1,0,0.0,0,0,0,-9999.0,0.0,1,P5_CV0,3,0,2,1,1
6,2545325.475,726552.0418,R6_F6_m-1f-1_P6_Y-1_U0,-9999,-9999,MXY,2,78.65476810377999,1,0,0.0,0,0,0,-9999.0,0.5,1,P5_CV0,3,1,1,1,1
6,2545325.475,726552.0418,R6_F6_m-1f-1_P6_Y-1_U118,-9999,-9999,MXY,2,78.65476810377999,1,0,0.0,0,0,0,-9999.0,0.5,1,P5_CV0,3,1,1,1,1
6,2545325.475,726552.0418,R6_F6_m-1f-1_P6_Y-1_U34,-9999,-9999,MXY,2,78.65476810377999,1,0,0.0,0,0,0,-9999.0,0.5,1,P5_CV0,3,1,1,2,0
6,2545325.475,726552.0418,R6_F6_m-1f-1_P6_Y-1_U39,-9999,-9999,FXX,2,78.65476810377999,1,0,1.173,0,0,0,-9999.0,0.5,1,P5_CV0,3,1,1,1,1
6,2545325.475,726552.0418,R6_F6_m-1f-1_P6_Y-1_U73,-9999,-9999,MXY,2,78.65476810377999,1,0,0.0,0,0,0,-9999.0,1.0,1,P5_CV0,3,2,0,1,1
6,2545325.475,726552.0418,R6_F6_m-1f-1_P6_Y-1_U124,-9999,-9999,MXY,2,78.65476810377999,1,0,0.0,0,0,0,-9999.0,1.0,1,P5_CV0,3,2,0,1,1
6,2545325.475,726552.0418,R6_F6_m-1f-1_P6_Y-1_U129,-9999,-9999,FXX,2,78.65476810377999,1,0,1.434,0,0,0,-9999.0,0.5,1,P5_CV0,3,1,1,1,1
6,2545325.475,726552.0418,R6_F6_m-1f-1_P6_Y-1_U63,-9999,-9999,MXY,2,78.65476810377999,1,0,0.0,0,0,0,-9999.0,0.5,1,P5_CV0,3,1,1,0,2
6,2545325.475,726552.0418,R6_F6_m-1f-1_P6_Y-1_U98,-9999,-9999,FXX,2,78.65476810377999,1,0,1.326,0,0,0,-9999.0,0.5,1,P5_CV0,3,1,1,1,1
6,2545325.475,726552.0418,R6_F6_m-1f-1_P6_Y-1_U19,-9999,-9999,FXX,2,78.65476810377999,1,0,0.0,0,0,0,-9999.0,1.0,1,P5_CV0,3,2,0,0,2
6,2545325.475,726552.0418,R6_F6_m-1f-1_P6_Y-1_U54,-9999,-9999,MXY,2,78.65476810377999,1,0,0.0,0,0,0,-9999.0,0.5,1,P5_CV0,3,1,1,1,1
6,2545325.475,726552.0418,R6_F6_m-1f-1_P6_Y-1_U138,-9999,-9999,MXY,2,78.65476810377999,1,0,0.0,0,0,0,-9999.0,0.0,1,P5_CV0,3,0,2,0,2
6,2545325.475,726552.0418,R6_F6_m-1f-1_P6_Y-1_U94,-9999,-9999,MXY,2,78.65476810377999,1,0,0.0,0,0,0,-9999.0,1.0,1,P5_CV0,3,2,0,1,1
6,2545325.475,726552.0418,R6_F6_m-1f-1_P6_Y-1_U45,-9999,-9999,FXX,3,103.90693101713632,1,0,0.0,0,0,0,-9999.0,1.0,1,P5_CV0,3,2,0,1,1
6,2545325.475,726552.0418,R6_F6_m-1f-1_P6_Y-1_U42,-9999,-9999,MXY,3,93.98593101713631,1,0,0.0,0,0,0,-9999.0,0.5,1,P5_CV0,3,1,1,1,1
6,2545325.475,726552.0418,R6_F6_m-1f-1_P6_Y-1_U130,-9999,-9999,MXY,3,84.36393101713632,1,0,0.0,0,0,0,-9999.0,1.0,1,P5_CV0,3,2,0,1,1
6,2545325.475,726552.0418,R6_F6_m-1f-1_P6_Y-1_U47,-9999,-9999,FXX,3,92.62093101713631,1,0,2.911,0,0,0,-9999.0,0.5,1,P5_CV0,3,1,1,0,2
6,2545325.475,726552.0418,R6_F6_m-1f-1_P6_Y-1_U112,-9999,-9999,FXX,3,90.8599310171363,1,0,2.439,0,0,0,-9999.0,1.0,1,P5_CV0,3,2,0,2,0
6,2545325.475,726552.0418,R6_F6_m-1f-1_P6_Y-1_U62,-9999,-9999,FXX,3,94.99893101713631,1,0,0.0,0,0,0,-9999.0,0.0,1,P5_CV0,3,0,2,1,1
6,2545325.475,726552.0418,R6_F6_m-1f-1_P6_Y-1_U31,-9999,-9999,MXY,3,92.64493101713632,1,0,0.0,0,0,0,-9999.0,0.0,1,P5_CV0,3,0,2,0,2
6,2545325.475,726552.0418,R6_F6_m-1f-1_P6_Y-1_U29,-9999,-9999,FXX,3,101.8839310171363,1,0,1.403,0,0,0,-9999.0,1.0,1,P5_CV0,3,2,0,1,1
6,2545325.475,726552.0418,R6_F6_m-1f-1_P6_Y-1_U32,-9999,-9999,MXY,3,99.21493101713632,1,0,0.0,0,0,0,-9999.0,1.0,1,P5_CV0,3,2,0,2,0
6,2545325.475,726552.0418,R6_F6_m-1f-1_P6_Y-1_U103,-9999,-9999,MXY,3,91.27293101713632,1,0,0.0,0,0,0,-9999.0,0.5,1,P5_CV0,3,1,1,2,0
6,2545325.475,726552.0418,R6_F6_m-1f-1_P6_Y-1_U136,-9999,-9999,FXX,3,97.78693101713633,1,0,0.0,0,0,0,-9999.0,0.0,1,P5_CV0,3,0,2,0,2
6,2545325.475,726552.0418,R6_F6_m-1f-1_P6_Y-1_U89,-9999,-9999,FXX,4,125.23954169250675,1,0,2.246,0,0,0,-9999.0,1.0,1,P5_CV0,3,2,0,0,2
6,2545325.475,726552.0418,R6_F6_m-1f-1_P6_Y-1_U132,-9999,-9999,FXX,4,125.23954169250675,1,0,0.0,0,0,0,-9999.0,0.0,1,P5_CV0,3,0,2,1,1
6,2545325.475,726552.0418,R6_F6_m-1f-1_P6_Y-1_U22,-9999,-9999,FXX,5,139.5289389274893,1,0,1.212,0,0,0,-9999.0,0.5,1,P5_CV0,3,1,1,1,1
6,2545325.475,726552.0418,R6_F6_m-1f-1_P6_Y-1_U84,-9999,-9999,FXX,5,152.15693892748928,1,0,0.0,0,0,0,-9999.0,0.0,1,P5_CV0,3,0,2,1,1
6,2545325.475,726552.0418,R6_F6_m-1f-1_P6_Y-1_U86,-9999,-9999,MXY,5,160.3549389274893,1,0,0.0,0,0,0,-9999.0,1.0,1,P5_CV0,3,2,0,0,2
6,2545325.475,726552.0418,R6_F6_m-1f-1_P6_Y-1_U4,-9999,-9999,MXY,5,139.7909389274893,1,0,0.0,0,0,0,-9999.0,0.0,1,P5_CV0,3,0,2,1,1
7,2527429.642,708511.8011,E7_F1_m1f1_P1_Y0_UO78,R1_F1_m-1f-1_P1_Y-1_U79,R1_F1_m-1f-1_P1_Y-1_U122,FXX,1,53.65999500891805,1,1,1.0,0,0,0,-9999.0,0.25,1,P0_CV0,3,0,2,0,2
7,2527429.642,708511.8011,E7_F1_m-1f-1_P1_Y-1_U3,-9999,-9999,MXY,2,77.58473450421997,1,0,0.0,0,0,0,-9999.0,0.0,1,P0_CV0,3,0,2,1,1
7,2527429.642,708511.8011,E7_F1_m-1f-1_P1_Y-1_U92,-9999,-9999,MXY,4,126.02329255376334,1,0,0.0,0,0,0,-9999.0,0.0,1,P0_CV0,3,0,2,0,2
7,2527429.642,708511.8011,E7_F1_m-1f-1_P1_Y-1_U7,-9999,-9999,MXY,5,142.47267207193605,1,0,0.0,0,0,0,-9999.0,0.5,1,P0_CV0,3,1,1,2,0
7,2527429.642,708511.8011,E7_F2_m-1f-1_P2_Y-1_U79,-9999,-9999,MXY,2,32.14319947282286,1,0,0.0,0,0,0,-9999.0,0.5,1,P1_CV0,3,1,1,1,1
7,2527429.642,708511.8011,E7_F2_m-1f-1_P2_Y-1_U46,-9999,-9999,FXX,4,92.95998153640761,1,0,1.112,0,0,0,-9999.0,1.0,1,P1_CV0,3,2,0,0,2
7,2527429.642,708511.8011,E7_F3_m3f3_P3_Y0_UO169,R3_F3_m-1f-1_P3_Y-1_U92,R3_F3_m-1f-1_P3_Y-1_U124,FXX,1,31.06413510018846,1,1,1.077,0,0,0,-9999.0,0.5,1,P2_CV0,3,2,0,1,1
7,2527429.642,708511.8011,E7_F3_m-1f-1_P3_Y-1_U44,-9999,-9999,MXY,2,31.068373314701056,1,0,0.0,0,0,0,-9999.0,0.0,1,P2_CV0,3,0,2,2,0
7,2527429.642,708511.8011,E7_F3_m-1f-1_P3_Y-1_U64,-9999,-9999,FXX,2,31.068373314701056,1,0,0.0,0,0,0,-9999.0,1.0,1,P2_CV0,3,2,0,1,1
7,2527429.642,708511.8011,E7_F3_m-1f-1_P3_Y-1_U97,-9999,-9999,FXX,3,57.49518822032896,1,0,0.0,0,0,0,-9999.0,0.5,1,P2_CV0,3,1,1,0,2
7,2527429.642,708511.8011,E7_F3_m-1f-1_P3_Y-1_U89,-9999,-9999,MXY,4,92.04841066282866,1,0,0.0,0,0,0,-9999.0,0.0,1,P2_CV0,3,0,2,2,0
7,2527429.642,708511.8011,E7_F3_m-1f-1_P3_Y-1_U112,-9999,-9999,MXY,4,92.04841066282866,1,0,0.0,0,0,0,-9999.0,0.0,1,P2_CV0,3,0,2,0,2
7,2527429.642,708511.8011,E7_F3_m-1f-1_P3_Y-1_U126,-9999,-9999,MXY,4,92.04841066282866,1,0,0.0,0,0,0,-9999.0,0.0,1,P2_CV0,3,0,2,1,1
7,2527429.642,708511.8011,E7_F4_m-1f-1_P4_Y-1_U129,-9999,-9999,FXX,2,83.38707286580137,1,0,0.0,0,0,0,-9999.0,0.5,1,P3_CV0,3,1,1,2,0
7,2527429.642,708511.8011,E7_F4_m-1f-1_P4_Y-1_U113,-9999,-9999,FXX,4,129.0155358598981,1,0,0.0,0,0,0,-9999.0,0.5,1,P3_CV0,3,1,1,0,2
7,2527429.642,708511.8011,E7_F5_m-1f-1_P5_Y-1_U45,-9999,-9999,FXX,3,103.89915043338983,1,0,1.0,0,0,0,-9999.0,0.5,1,P4_CV0,3,1,1,0,2
7,2527429.642,708511.8011,E7_F5_m-1f-1_P5_Y-1_U121,-9999,-9999,FXX,3,106.20115043338983,1,0,0.0,0,0,0,-9999.0,0.5,1,P4_CV0,3,1,1,0,2
7,2527429.642,708511.8011,E7_F6_m-1f-1_P6_Y-1_U10,-9999,-9999,FXX,2,78.6664826180015,1,0,1.039,0,0,0,-9999.0,1.0,1,P5_CV0,3,2,0,1,1
7,2527429.642,708511.8011,E7_F6_m-1f-1_P6_Y-1_U30,-9999,-9999,MXY,2,78.6664826180015,1,0,0.0,0,0,0,-9999.0,1.0,1,P5_CV0,3,2,0,1,1
7,2527429.642,708511.8011,E7_F6_m-1f-1_P6_Y-1_U87,-9999,-9999,FXX,2,78.6664826180015,1,0,1.975,0,0,0,-9999.0,0.0,1,P5_CV0,3,0,2,0,2
7,2527429.642,708511.8011,E7_F6_m-1f-1_P6_Y-1_U114,-9999,-9999,MXY,2,78.6664826180015,1,0,0.0,0,0,0,-9999.0,0.0,1,P5_CV0,3,0,2,2,0
7,2527429.642,708511.8011,E7_F1_m-1f-1_P6_Y-1_U119,-9999,-9999,FXX,3,101.57021781841698,1,0,0.0,0,0,0,-9999.0,0.5,1,P5_CV0,3,1,1,1,1
7,2527429.642,708511.8011,E7_F6_m-1f-1_P6_Y-1_U38,-9999,-9999,MXY,5,135.70249100013086,1,0,0.0,0,0,0,-9999.0,0.5,1,P5_CV0,3,1,1,1,1
7,2527429.642,708511.8011,E7_F6_m-1f-1_P6_Y-1_U113,-9999,-9999,MXY,5,142.60549100013085,1,0,0.0,0,0,0,-9999.0,0.5,1,P5_CV0,3,1,1,1,1
