PatchID,XCOORD,YCOORD,ID,MID,FID,sex,age,size,mature,newmature,layeggs,capture,recapture,state,CDist,Hindex,Species,ClassFile,SubPatchID,L0A0,L0A1,L1A0,L1A1
1,2540470.832,712452.2021,R1_F1_m1f1_P1_Y3_UO23,R1_F1_m1f1_P1_Y0_UO484,R1_F1_m1f1_P1_Y0_UO678,MXY,1,53.62613020747331,0,0,0.0,0,0,0,-9999.0,0.25,1,P0_CV0,1,2,0,0,2
1,2540470.832,712452.2021,R1_F1_m1f1_P1_Y3_UO24,R1_F1_m1f1_P1_Y0_UO484,R1_F1_m1f1_P1_Y0_UO678,FXX,1,53.62613020747331,0,0,0.0,0,0,0,-9999.0,0.25,1,P0_CV0,1,2,0,0,2
1,2540470.832,712452.2021,R1_F1_m1f1_P1_Y3_UO25,R1_F1_m1f1_P1_Y0_UO484,R1_F1_m1f1_P1_Y0_UO678,MXY,1,53.62613020747331,0,0,0.0,0,0,0,-9999.0,0.25,1,P0_CV0,1,2,0,1,1
1,2540470.832,712452.2021,R1_F1_m1f1_P1_Y3_UO29,R1_F1_m-1f-1_P1_Y-1_U59,R1_F1_m1f1_P1_Y1_UO451,MXY,1,53.62613020747331,0,0,0.0,0,0,0,-9999.0,0.0,1,P0_CV0,1,0,2,1,1
1,2540470.832,712452.2021,R1_F1_m1f1_P1_Y3_UO30,R1_F1_m-1f-1_P1_Y-1_U59,R1_F1_m1f1_P1_Y1_UO451,MXY,1,53.62613020747331,0,0,0.0,0,0,0,-9999.0,0.0,1,P0_CV0,1,0,2,1,1
1,2540470.832,712452.2021,R1_F1_m1f1_P1_Y3_UO31,R1_F1_m-1f-1_P1_Y-1_U59,R1_F1_m1f1_P1_Y1_UO451,MXY,1,53.62613020747331,0,0,0.0,0,0,0,-9999.0,0.0,1,P0_CV0,1,1,1,2,0
1,2540470.832,712452.2021,R1_F1_m1f1_P1_Y3_UO32,R1_F1_m-1f-1_P1_Y-1_U59,R1_F1_m1f1_P1_Y1_UO451,FXX,1,53.62613020747331,0,0,0.0,0,0,0,-9999.0,0.0,1,P0_CV0,1,1,1,2,0
1,2540470.832,712452.2021,R1_F1_m1f1_P1_Y3_UO33,R1_F1_m-1f-1_P1_Y-1_U59,R1_F1_m1f1_P1_Y1_UO451,FXX,1,53.62613020747331,0,0,0.0,0,0,0,-9999.0,0.0,1,P0_CV0,1,0,2,1,1
1,2540470.832,712452.2021,R1_F1_m1f1_P1_Y3_UO34,R1_F1_m-1f-1_P1_Y-1_U59,R1_F1_m1f1_P1_Y1_UO451,FXX,1,53.62613020747331,0,0,0.0,0,0,0,-9999.0,0.0,1,P0_CV0,1,1,1,0,2
1,2540470.832,712452.2021,R1_F1_m1f1_P1_Y3_UO35,R1_F1_m-1f-1_P1_Y-1_U59,R1_F1_m1f1_P1_Y1_UO451,MXY,1,53.62613020747331,0,0,0.0,0,0,0,-9999.0,0.0,1,P0_CV0,1,0,2,0,2
1,2540470.832,712452.2021,R1_F1_m1f1_P1_Y3_UO36,R1_F1_m-1f-1_P1_Y-1_U59,R1_F1_m1f1_P1_Y1_UO451,MXY,1,53.62613020747331,0,0,0.0,0,0,0,-9999.0,0.0,1,P0_CV0,1,1,1,1,1
1,2540470.832,712452.2021,R1_F1_m1f1_P1_Y3_UO37,R1_F1_m-1f-1_P1_Y-1_U59,R1_F1_m1f1_P1_Y1_UO451,MXY,1,53.62613020747331,0,0,0.0,0,0,0,-9999.0,0.0,1,P0_CV0,1,0,2,0,2
1,2540470.832,712452.2021,R1_F1_m1f1_P1_Y3_UO38,R1_F1_m-1f-1_P1_Y-1_U59,R1_F1_m1f1_P1_Y1_UO451,MXY,1,53.62613020747331,0,0,0.0,0,0,0,-9999.0,0.0,1,P0_CV0,1,1,1,2,0
1,2540470.832,712452.2021,R1_F1_m1f1_P1_Y3_UO73,R1_F1_m1f1_P1_Y0_UO566,R1_F1_m1f1_P1_Y0_UO400,MXY,1,53.62613020747331,0,0,0.0,0,0,0,-9999.0,0.125,1,P0_CV0,1,1,1,2,0
1,2540470.832,712452.2021,R1_F1_m1f1_P1_Y3_UO74,R1_F1_m1f1_P1_Y0_UO566,R1_F1_m1f1_P1_Y0_UO400,FXX,1,53.62613020747331,0,0,0.0,0,0,0,-9999.0,0.125,1,P0_CV0,1,1,1,2,0
1,2540470.832,712452.2021,R1_F1_m1f1_P1_Y3_UO75,R1_F1_m1f1_P1_Y0_UO566,R1_F1_m1f1_P1_Y0_UO400,MXY,1,53.62613020747331,0,0,0.0,0,0,0,-9999.0,0.125,1,P0_CV0,1,1,1,2,0
1,2540470.832,712452.2021,R1_F1_m1f1_P1_Y3_UO76,R1_F1_m1f1_P1_Y0_UO566,R1_F1_m1f1_P1_Y0_UO400,FXX,1,53.62613020747331,0,0,0.0,0,0,0,-9999.0,0.125,1,P0_CV0,1,1,1,2,0
1,2540470.832,712452.2021,R1_F1_m1f1_P1_Y3_UO77,R1_F1_m1f1_P1_Y1_UO52,R1_F1_m1f1_P1_Y0_UO678,FXX,1,53.62613020747331,0,0,0.0,0,0,0,-9999.0,0.25,1,P0_CV0,1,1,1,0,2
1,2540470.832,712452.2021,R1_F1_m1f1_P1_Y3_UO78,R1_F1_m1f1_P1_Y1_UO52,R1_F1_m1f1_P1_Y0_UO678,FXX,1,53.62613020747331,0,0,0.0,0,0,0,-9999.0,0.25,1,P0_CV0,1,1,1,0,2
1,2540470.832,712452.2021,R1_F1_m1f1_P1_Y3_UO79,R1_F1_m1f1_P1_Y1_UO52,R1_F1_m1f1_P1_Y0_UO678,FXX,1,53.62613020747331,0,0,0.0,0,0,0,-9999.0,0.25,1,P0_CV0,1,1,1,0,2
1,2540470.832,712452.2021,R1_F1_m1f1_P1_Y3_UO91,R1_F1_m1f1_P1_Y0_UO484,R1_F1_m1f1_P1_Y1_UO219,FXX,1,53.62613020747331,0,0,0.0,0,0,0,-9999.0,0.375,1,P0_CV0,1,1,1,0,2
1,2540470.832,712452.2021,R1_F1_m1f1_P1_Y3_UO92,R1_F1_m1f1_P1_Y0_UO484,R1_F1_m1f1_P1_Y1_UO219,MXY,1,53.62613020747331,0,0,0.0,0,0,0,-9999.0,0.375,1,P0_CV0,1,1,1,1,1
1,2540470.832,712452.2021,R1_F1_m1f1_P1_Y3_UO93,R1_F1_m1f1_P1_Y0_UO484,R1_F1_m1f1_P1_Y1_UO219,MXY,1,53.62613020747331,0,0,0.0,0,0,0,-9999.0,0.375,1,P0_CV0,1,1,1,0,2
1,2540470.832,712452.2021,R1_F1_m1f1_P1_Y3_UO94,R1_F1_m1f1_P1_Y0_UO484,R1_F1_m1f1_P1_Y1_UO219,MXY,1,53.62613020747331,0,0,0.0,0,0,0,-9999.0,0.375,1,P0_CV0,1,1,1,0,2
1,2540470.832,712452.2021,R1_F1_m1f1_P1_Y3_UO107,R1_F1_m1f1_P1_Y0_UO566,R1_F1_m1f1_P1_Y0_UO521,MXY,1,53.62613020747331,0,0,0.0,0,0,0,-9999.0,0.25,1,P0_CV0,1,1,1,1,1
1,2540470.832,712452.2021,R1_F1_m1f1_P1_Y3_UO116,R1_F1_m-1f-1_P1_Y-1_U15,R1_F1_m-1f-1_P1_Y-1_U90,FXX,1,53.62613020747331,0,0,0.0,0,0,0,-9999.0,0.5,1,P0_CV0,1,0,2,1,1
1,2540470.832,712452.2021,R1_F1_m1f1_P1_Y3_UO117,R1_F1_m-1f-1_P1_Y-1_U15,R1_F1_m-1f-1_P1_Y-1_U90,MXY,1,53.62613020747331,0,0,0.0,0,0,0,-9999.0,0.5,1,P0_CV0,1,1,1,2,0
1,2540470.832,712452.2021,R1_F1_m1f1_P1_Y3_UO118,R1_F1_m-1f-1_P1_Y-1_U15,R1_F1_m-1f-1_P1_Y-1_U90,FXX,1,53.62613020747331,0,0,0.0,0,0,0,-9999.0,0.5,1,P0_CV0,1,0,2,1,1
1,2540470.832,712452.2021,R1_F1_m1f1_P1_Y3_UO119,R1_F1_m-1f-1_P1_Y-1_U15,R1_F1_m-1f-1_P1_Y-1_U90,MXY,1,53.62613020747331,0,0,0.0,0,0,0,-9999.0,0.5,1,P0_CV0,1,1,1,1,1
1,2540470.832,712452.2021,R1_F1_m1f1_P1_Y3_UO120,R1_F1_m-1f-1_P1_Y-1_U15,R1_F1_m-1f-1_P1_Y-1_U90,FXX,1,53.62613020747331,0,0,0.0,0,0,0,-9999.0,0.5,1,P0_CV0,1,1,1,1,1
1,2540470.832,712452.2021,R1_F1_m1f1_P1_Y3_UO121,R1_F1_m-1f-1_P1_Y-1_U15,R1_F1_m-1f-1_P1_Y-1_U90,FXX,1,53.62613020747331,0,0,0.0,0,0,0,-9999.0,0.5,1,P0_CV0,1,1,1,2,0
1,2540470.832,712452.2021,R1_F1_m1f1_P1_Y3_UO122,R1_F1_m-1f-1_P1_Y-1_U15,R1_F1_m-1f-1_P1_Y-1_U90,FXX,1,53.62613020747331,0,0,0.0,0,0,0,-9999.0,0.5,1,P0_CV0,1,2,0,1,1
1,2540470.832,712452.2021,R1_F1_m1f1_P1_Y3_UO153,R1_F1_m1f1_P1_Y0_UO519,R1_F1_m1f1_P1_Y0_UO521,MXY,1,53.62613020747331,0,0,0.0,0,0,0,-9999.0,0.25,1,P0_CV0,1,0,2,2,0
1,2540470.832,712452.2021,R1_F1_m1f1_P1_Y3_UO154,R1_F1_m1f1_P1_Y0_UO519,R1_F1_m1f1_P1_Y0_UO521,FXX,1,53.62613020747331,0,0,0.0,0,0,0,-9999.0,0.25,1,P0_CV0,1,0,2,1,1
1,2540470.832,712452.2021,R1_F1_m1f1_P1_Y3_UO155,R1_F1_m1f1_P1_Y0_UO519,R1_F1_m1f1_P1_Y0_UO521,FXX,1,53.62613020747331,0,0,0.0,0,0,0,-9999.0,0.25,1,P0_CV0,1,0,2,1,1
1,2540470.832,712452.2021,R1_F1_m1f1_P1_Y3_UO156,R1_F1_m1f1_P1_Y0_UO519,R1_F1_m1f1_P1_Y0_UO521,MXY,1,53.62613020747331,0,0,0.0,0,0,0,-9999.0,0.25,1,P0_CV0,1,0,2,1,1
1,2540470.832,712452.2021,R1_F1_m1f1_P1_Y3_UO157,R1_F1_m1f1_P1_Y0_UO519,R1_F1_m1f1_P1_Y0_UO521,MXY,1,53.62613020747331,0,0,0.0,0,0,0,-9999.0,0.25,1,P0_CV0,1,0,2,1,1
1,2540470.832,712452.2021,R1_F1_m1f1_P1_Y3_UO158,R1_F1_m1f1_P1_Y1_UO452,R1_F1_m1f1_P1_Y0_UO435,FXX,1,53.62613020747331,0,0,0.0,0,0,0,-9999.0,0.0,1,P0_CV0,1,2,0,1,1
1,2540470.832,712452.2021,R1_F1_m1f1_P1_Y3_UO159,R1_F1_m1f1_P1_Y1_UO452,R1_F1_m1f1_P1_Y0_UO435,MXY,1,53.62613020747331,0,0,0.0,0,0,0,-9999.0,0.0,1,P0_CV0,1,2,0,1,1
1,2540470.832,712452.2021,R1_F1_m1f1_P1_Y3_UO162,R1_F1_m1f1_P1_Y1_UO52,R1_F1_m1f1_P1_Y1_UO232,FXX,1,53.62613020747331,0,0,0.0,0,0,0,-9999.0,0.25,1,P0_CV0,1,0,2,0,2
1,2540470.832,712452.2021,R1_F1_m1f1_P1_Y3_UO163,R1_F1_m1f1_P1_Y1_UO52,R1_F1_m1f1_P1_Y1_UO232,MXY,1,53.62613020747331,0,0,0.0,0,0,0,-9999.0,0.25,1,P0_CV0,1,0,2,0,2
1,2540470.832,712452.2021,R1_F1_m1f1_P1_Y3_UO164,R1_F1_m1f1_P1_Y1_UO52,R1_F1_m1f1_P1_Y1_UO232,MXY,1,53.62613020747331,0,0,0.0,0,0,0,-9999.0,0.25,1,P0_CV0,1,1,1,1,1
1,2540470.832,712452.2021,R1_F1_m1f1_P1_Y3_UO167,R1_F1_m1f1_P1_Y0_UO565,R1_F1_m1f1_P1_Y0_UO374,MXY,1,53.62613020747331,0,0,0.0,0,0,0,-9999.0,0.125,1,P0_CV0,1,1,1,1,1
1,2540470.832,712452.2021,R1_F1_m1f1_P1_Y3_UO168,R1_F1_m1f1_P1_Y0_UO565,R1_F1_m1f1_P1_Y0_UO374,FXX,1,53.62613020747331,0,0,0.0,0,0,0,-9999.0,0.125,1,P0_CV0,1,2,0,2,0
1,2540470.832,712452.2021,R1_F1_m1f1_P1_Y3_UO169,R1_F1_m1f1_P1_Y0_UO565,R1_F1_m1f1_P1_Y0_UO374,MXY,1,53.62613020747331,0,0,0.0,0,0,0,-9999.0,0.125,1,P0_CV0,1,2,0,2,0
1,2540470.832,712452.2021,R1_F1_m1f1_P1_Y3_UO180,R1_F1_m1f1_P1_Y1_UO322,R1_F1_m1f1_P1_Y1_UO451,FXX,1,53.62613020747331,0,0,0.0,0,0,0,-9999.0,0.0,1,P0_CV0,1,0,2,1,1
1,2540470.832,712452.2021,R1_F1_m1f1_P1_Y3_UO181,R1_F1_m1f1_P1_Y1_UO322,R1_F1_m1f1_P1_Y1_UO451,MXY,1,53.62613020747331,0,0,0.0,0,0,0,-9999.0,0.0,1,P0_CV0,1,1,1,2,0
1,2540470.832,712452.2021,R1_F1_m1f1_P1_Y3_UO182,R1_F1_m1f1_P1_Y1_UO322,R1_F1_m1f1_P1_Y1_UO451,MXY,1,53.62613020747331,0,0,0.0,0,0,0,-9999.0,0.0,1,P0_CV0,1,0,2,2,0
1,2540470.832,712452.2021,R1_F1_m1f1_P1_Y3_UO183,R1_F1_m-1f-1_P1_Y-1_U26,R1_F1_m1f1_P1_Y1_UO325,MXY,1,53.62613020747331,0,0,0.0,0,0,0,-9999.0,0.5,1,P0_CV0,1,1,1,2,0
1,2540470.832,712452.2021,R1_F1_m1f1_P1_Y3_UO184,R1_F1_m-1f-1_P1_Y-1_U26,R1_F1_m1f1_P1_Y1_UO325,MXY,1,53.62613020747331,0,0,0.0,0,0,0,-9999.0,0.5,1,P0_CV0,1,1,1,1,1
1,2540470.832,712452.2021,R1_F1_m1f1_P1_Y3_UO185,R1_F1_m-1f-1_P1_Y-1_U26,R1_F1_m1f1_P1_Y1_UO325,MXY,1,53.62613020747331,0,0,0.0,0,0,0,-9999.0,0.5,1,P0_CV0,1,1,1,2,0
1,2540470.832,712452.2021,R1_F1_m1f1_P1_Y3_UO186,R1_F1_m-1f-1_P1_Y-1_U26,R1_F1_m1f1_P1_Y1_UO325,MXY,1,53.62613020747331,0,0,0.0,0,0,0,-9999.0,0.5,1,P0_CV0,1,1,1,2,0
1,2540470.832,712452.2021,R1_F1_m1f1_P1_Y3_UO195,R1_F1_m1f1_P1_Y0_UO484,R1_F1_m1f1_P1_Y1_UO16,MXY,1,53.62613020747331,0,0,0.0,0,0,0,-9999.0,0.125,1,P0_CV0,1,1,1,0,2
1,2540470.832,712452.2021,R1_F1_m1f1_P1_Y3_UO218,R1_F1_m1f1_P1_Y1_UO155,R1_F1_m3f3_P3_Y0_UO656,FXX,1,53.62613020747331,0,0,0.0,0,0,0,-9999.0,0.5,1,P0_CV0,1,2,0,1,1
1,2540470.832,712452.2021,R1_F1_m1f1_P1_Y3_UO220,R1_F1_m1f1_P1_Y1_UO155,R1_F1_m3f3_P3_Y0_UO656,MXY,1,53.62613020747331,0,0,0.0,0,0,0,-9999.0,0.5,1,P0_CV0,1,1,1,1,1
1,2540470.832,712452.2021,R1_F1_m1f1_P1_Y3_UO222,R1_F1_m1f1_P1_Y1_UO155,R1_F1_m3f3_P3_Y0_UO656,MXY,1,53.62613020747331,0,0,0.0,0,0,0,-9999.0,0.5,1,P0_CV0,1,2,0,0,2
1,2540470.832,712452.2021,R1_F1_m1f1_P1_Y3_UO224,R1_F1_m1f1_P1_Y0_UO484,R1_F1_m1f1_P1_Y0_UO510,MXY,1,53.62613020747331,0,0,0.0,0,0,0,-9999.0,0.25,1,P0_CV0,1,2,0,1,1
1,2540470.832,712452.2021,R1_F1_m1f1_P1_Y3_UO229,R1_F1_m1f1_P1_Y1_UO149,R1_F1_m-1f-1_P3_Y-1_U52,FXX,1,53.62613020747331,0,0,0.0,0,0,0,-9999.0,0.5,1,P0_CV0,1,1,1,1,1
1,2540470.832,712452.2021,R1_F1_m1f1_P1_Y3_UO268,R1_F1_m1f1_P1_Y0_UO4,R1_F1_m1f1_P1_Y1_UO220,FXX,1,53.62613020747331,0,0,0.0,0,0,0,-9999.0,0.375,1,P0_CV0,1,1,1,1,1
1,2540470.832,712452.2021,R1_F1_m1f1_P1_Y3_UO269,R1_F1_m1f1_P1_Y0_UO4,R1_F1_m1f1_P1_Y1_UO220,MXY,1,53.62613020747331,0,0,0.0,0,0,0,-9999.0,0.375,1,P0_CV0,1,2,0,1,1
1,2540470.832,712452.2021,R1_F1_m1f1_P1_Y3_UO270,R1_F1_m1f1_P1_Y0_UO4,R1_F1_m1f1_P1_Y1_UO220,MXY,1,53.62613020747331,0,0,0.0,0,0,0,-9999.0,0.375,1,P0_CV0,1,2,0,1,1
1,2540470.832,712452.2021,R1_F1_m1f1_P1_Y3_UO289,R1_F1_m1f1_P1_Y1_UO322,R1_F1_m1f1_P1_Y1_UO363,MXY,1,53.62613020747331,0,0,0.0,0,0,0,-9999.0,0.125,1,P0_CV0,1,1,1,1,1
1,2540470.832,712452.2021,R1_F1_m1f1_P1_Y3_UO290,R1_F1_m1f1_P1_Y1_UO322,R1_F1_m1f1_P1_Y1_UO363,FXX,1,53.62613020747331,0,0,0.0,0,0,0,-9999.0,0.125,1,P0_CV0,1,0,2,2,0
1,2540470.832,712452.2021,R1_F1_m1f1_P1_Y3_UO291,R1_F1_m1f1_P1_Y1_UO322,R1_F1_m1f1_P1_Y1_UO363,FXX,1,53.62613020747331,0,0,0.0,0,0,0,-9999.0,0.125,1,P0_CV0,1,0,2,2,0
1,2540470.832,712452.2021,R1_F1_m1f1_P1_Y3_UO292,R1_F1_m1f1_P1_Y1_UO322,R1_F1_m1f1_P1_Y1_UO363,MXY,1,53.62613020747331,0,0,0.0,0,0,0,-9999.0,0.125,1,P0_CV0,1,0,2,1,1
1,2540470.832,712452.2021,R1_F1_m1f1_P1_Y3_UO293,R1_F1_m1f1_P1_Y1_UO322,R1_F1_m1f1_P1_Y1_UO363,MXY,1,53.62613020747331,0,0,0.0,0,0,0,-9999.0,0.125,1,P0_CV0,1,0,2,2,0
1,2540470.832,712452.2021,R1_F1_m1f1_P1_Y3_UO301,R1_F1_m1f1_P1_Y1_UO322,R1_F1_m1f1_P1_Y0_UO510,FXX,1,53.62613020747331,0,0,0.0,0,0,0,-9999.0,0.125,1,P0_CV0,1,1,1,2,0
1,2540470.832,712452.2021,R1_F1_m1f1_P1_Y3_UO304,R1_F1_m1f1_P1_Y0_UO519,R1_F1_m1f1_P1_Y0_UO61,FXX,1,53.62613020747331,0,0,0.0,0,0,0,-9999.0,0.25,1,P0_CV0,1,0,2,0,2
1,2540470.832,712452.2021,R1_F1_m1f1_P1_Y3_UO305,R1_F1_m1f1_P1_Y0_UO519,R1_F1_m1f1_P1_Y0_UO61,FXX,1,53.62613020747331,0,0,0.0,0,0,0,-9999.0,0.25,1,P0_CV0,1,0,2,2,0
1,2540470.832,712452.2021,R1_F1_m1f1_P1_Y3_UO306,R1_F1_m1f1_P1_Y0_UO519,R1_F1_m1f1_P1_Y0_UO61,FXX,1,53.62613020747331,0,0,0.0,0,0,0,-9999.0,0.25,1,P0_CV0,1,0,2,0,2
1,2540470.832,712452.2021,R1_F1_m1f1_P1_Y3_UO307,R1_F1_m1f1_P1_Y0_UO519,R1_F1_m1f1_P1_Y0_UO61,FXX,1,53.62613020747331,0,0,0.0,0,0,0,-9999.0,0.25,1,P0_CV0,1,1,1,0,2
1,2540470.832,712452.2021,R1_F1_m1f1_P1_Y3_UO308,R1_F1_m1f1_P1_Y0_UO519,R1_F1_m1f1_P1_Y0_UO61,MXY,1,53.62613020747331,0,0,0.0,0,0,0,-9999.0,0.25,1,P0_CV0,1,0,2,1,1
1,2540470.832,712452.2021,R1_F1_m1f1_P1_Y3_UO349,R1_F1_m1f1_P1_Y0_UO484,R1_F1_m1f1_P1_Y0_UO146,FXX,1,53.62613020747331,0,0,0.0,0,0,0,-9999.0,0.25,1,P0_CV0,1,1,1,0,2
1,2540470.832,712452.2021,R1_F1_m1f1_P1_Y3_UO350,R1_F1_m1f1_P1_Y0_UO484,R1_F1_m1f1_P1_Y0_UO146,MXY,1,53.62613020747331,0,0,0.0,0,0,0,-9999.0,0.25,1,P0_CV0,1,1,1,0,2
1,2540470.832,712452.2021,R1_F1_m1f1_P1_Y3_UO351,R1_F1_m1f1_P1_Y0_UO484,R1_F1_m1f1_P1_Y0_UO146,MXY,1,53.62613020747331,0,0,0.0,0,0,0,-9999.0,0.25,1,P0_CV0,1,1,1,0,2
1,2540470.832,712452.2021,R1_F1_m1f1_P1_Y3_UO352,R1_F1_m1f1_P1_Y0_UO484,R1_F1_m1f1_P1_Y0_UO146,FXX,1,53.62613020747331,0,0,0.0,0,0,0,-9999.0,0.25,1,P0_CV0,1,1,1,0,2
1,2540470.832,712452.2021,R1_F1_m1f1_P1_Y3_UO353,R1_F1_m1f1_P1_Y0_UO484,R1_F1_m1f1_P1_Y0_UO146,MXY,1,53.62613020747331,0,0,0.0,0,0,0,-9999.0,0.25,1,P0_CV0,1,1,1,0,2
1,2540470.832,712452.2021,R1_F1_m1f1_P1_Y3_UO355,R1_F1_m1f1_P1_Y1_UO411,RD1_F1_m-1f-1_P1_Y-1_U54,FXX,1,53.62613020747331,0,0,0.0,0,0,0,-9999.0,0.125,1,P0_CV0,1,1,1,1,1
1,2540470.832,712452.2021,R1_F1_m1f1_P1_Y3_UO395,R1_F1_m1f1_P1_Y1_UO14,R1_F1_m1f1_P1_Y0_UO146,MXY,1,53.62613020747331,0,0,0.0,0,0,0,-9999.0,0.25,1,P0_CV0,1,0,2,0,2
1,2540470.832,712452.2021,R1_F1_m1f1_P1_Y3_UO396,R1_F1_m1f1_P1_Y1_UO14,R1_F1_m1f1_P1_Y0_UO146,FXX,1,53.62613020747331,0,0,0.0,0,0,0,-9999.0,0.25,1,P0_CV0,1,0,2,0,2
1,2540470.832,712452.2021,R1_F1_m1f1_P1_Y3_UO419,R1_F1_m1f1_P1_Y1_UO452,R1_F1_m1f1_P1_Y0_UO43,MXY,1,53.62613020747331,0,0,0.0,0,0,0,-9999.0,0.25,1,P0_CV0,1,1,1,1,1
1,2540470.832,712452.2021,R1_F1_m1f1_P1_Y3_UO420,R1_F1_m1f1_P1_Y1_UO452,R1_F1_m1f1_P1_Y0_UO43,FXX,1,53.62613020747331,0,0,0.0,0,0,0,-9999.0,0.25,1,P0_CV0,1,0,2,2,0
1,2540470.832,712452.2021,R1_F1_m1f1_P1_Y3_UO421,R1_F1_m1f1_P1_Y1_UO452,R1_F1_m1f1_P1_Y0_UO43,FXX,1,53.62613020747331,0,0,0.0,0,0,0,-9999.0,0.25,1,P0_CV0,1,0,2,1,1
1,2540470.832,712452.2021,R1_F1_m1f1_P1_Y3_UO422,R1_F1_m1f1_P1_Y1_UO452,R1_F1_m1f1_P1_Y0_UO43,FXX,1,53.62613020747331,0,0,0.0,0,0,0,-9999.0,0.25,1,P0_CV0,1,0,2,2,0
1,2540470.832,712452.2021,R1_F1_m1f1_P1_Y3_UO423,R1_F1_m1f1_P1_Y1_UO452,R1_F1_m1f1_P1_Y0_UO43,FXX,1,53.62613020747331,0,0,0.0,0,0,0,-9999.0,0.25,1,P0_CV0,1,1,1,1,1
1,2540470.832,712452.2021,R1_F1_m1f1_P1_Y3_UO424,R1_F1_m1f1_P1_Y1_UO452,R1_F1_m1f1_P1_Y0_UO43,MXY,1,53.62613020747331,0,0,0.0,0,0,0,-9999.0,0.25,1,P0_CV0,1,0,2,2,0
1,2540470.832,712452.2021,R1_F1_m1f1_P1_Y3_UO425,R1_F1_m1f1_P1_Y1_UO452,R1_F1_m1f1_P1_Y0_UO43,FXX,1,53.62613020747331,0,0,0.0,0,0,0,-9999.0,0.25,1,P0_CV0,1,1,1,1,1
1,2540470.832,712452.2021,R1_F1_m1f1_P1_Y3_UO444,R1_F1_m1f1_P1_Y0_UO519,R1_F1_m1f1_P1_Y0_UO437,FXX,1,53.62613020747331,0,0,0.0,0,0,0,-9999.0,0.125,1,P0_CV0,1,1,1,2,0
1,2540470.832,712452.2021,R1_F1_m1f1_P1_Y3_UO445,R1_F1_m1f1_P1_Y0_UO519,R1_F1_m1f1_P1_Y0_UO437,FXX,1,53.62613020747331,0,0,0.0,0,0,0,-9999.0,0.125,1,P0_CV0,1,1,1,2,0
1,2540470.832,712452.2021,R1_F1_m1f1_P1_Y3_UO446,R1_F1_m1f1_P1_Y0_UO519,R1_F1_m1f1_P1_Y0_UO437,FXX,1,53.62613020747331,0,0,0.0,0,0,0,-9999.0,0.125,1,P0_CV0,1,1,1,1,1
1,2540470.832,712452.2021,R1_F1_m1f1_P1_Y3_UO447,R1_F1_m1f1_P1_Y0_UO519,R1_F1_m1f1_P1_Y0_UO437,FXX,1,53.62613020747331,0,0,0.0,0,0,0,-9999.0,0.125,1,P0_CV0,1,1,1,1,1
1,2540470.832,712452.2021,R1_F1_m1f1_P1_Y3_UO456,R1_F1_m1f1_P1_Y1_UO218,R1_F1_m1f1_P1_Y1_UO410,FXX,1,53.62613020747331,0,0,0.0,0,0,0,-9999.0,0.125,1,P0_CV0,1,1,1,1,1
1,2540470.832,712452.2021,R1_F1_m1f1_P1_Y3_UO472,R1_F1_m1f1_P1_Y0_UO44,R1_F1_m1f1_P1_Y1_UO211,FXX,1,53.62613020747331,0,0,0.0,0,0,0,-9999.0,0.625,1,P0_CV0,1,1,1,2,0
1,2540470.832,712452.2021,R1_F1_m1f1_P1_Y3_UO473,R1_F1_m1f1_P1_Y0_UO44,R1_F1_m1f1_P1_Y1_UO211,FXX,1,53.62613020747331,0,0,0.0,0,0,0,-9999.0,0.625,1,P0_CV0,1,2,0,1,1
1,2540470.832,712452.2021,R1_F1_m1f1_P1_Y3_UO474,R1_F1_m1f1_P1_Y0_UO44,R1_F1_m1f1_P1_Y1_UO211,FXX,1,53.62613020747331,0,0,0.0,0,0,0,-9999.0,0.625,1,P0_CV0,1,1,1,1,1
1,2540470.832,712452.2021,R1_F1_m1f1_P1_Y3_UO483,R1_F1_m1f1_P1_Y0_UO653,R1_F1_m1f1_P1_Y0_UO435,MXY,1,53.62613020747331,0,0,0.0,0,0,0,-9999.0,0.125,1,P0_CV0,1,0,2,1,1
1,2540470.832,712452.2021,R1_F1_m1f1_P1_Y3_UO484,R1_F1_m1f1_P1_Y0_UO653,R1_F1_m1f1_P1_Y0_UO435,MXY,1,53.62613020747331,0,0,0.0,0,0,0,-9999.0,0.125,1,P0_CV0,1,1,1,1,1
1,2540470.832,712452.2021,R1_F1_m1f1_P1_Y3_UO485,R1_F1_m1f1_P1_Y0_UO653,R1_F1_m1f1_P1_Y0_UO435,MXY,1,53.62613020747331,0,0,0.0,0,0,0,-9999.0,0.125,1,P0_CV0,1,1,1,1,1
1,2540470.832,712452.2021,R1_F1_m1f1_P1_Y3_UO486,R1_F1_m1f1_P1_Y0_UO653,R1_F1_m1f1_P1_Y0_UO435,MXY,1,53.62613020747331,0,0,0.0,0,0,0,-9999.0,0.125,1,P0_CV0,1,1,1,1,1
1,2540470.832,712452.2021,R1_F1_m1f1_P1_Y3_UO496,R1_F1_m1f1_P1_Y0_UO702,R1_F1_m1f1_P1_Y1_UO72,MXY,1,53.62613020747331,0,0,0.0,0,0,0,-9999.0,0.0,1,P0_CV0,1,1,1,0,2
1,2540470.832,712452.2021,R1_F1_m1f1_P1_Y3_UO497,R1_F1_m1f1_P1_Y0_UO702,R1_F1_m1f1_P1_Y1_UO72,FXX,1,53.62613020747331,0,0,0.0,0,0,0,-9999.0,0.0,1,P0_CV0,1,1,1,0,2
1,2540470.832,712452.2021,R1_F1_m1f1_P1_Y3_UO498,R1_F1_m1f1_P1_Y0_UO702,R1_F1_m1f1_P1_Y1_UO72,MXY,1,53.62613020747331,0,0,0.0,0,0,0,-9999.0,0.0,1,P0_CV0,1,1,1,0,2
1,2540470.832,712452.2021,R1_F1_m1f1_P1_Y3_UO499,R1_F1_m1f1_P1_Y0_UO702,R1_F1_m1f1_P1_Y1_UO72,FXX,1,53.62613020747331,0,0,0.0,0,0,0,-9999.0,0.0,1,P0_CV0,1,1,1,0,2
1,2540470.832,712452.2021,R1_F1_m1f1_P1_Y3_UO500,R1_F1_m1f1_P1_Y0_UO702,R1_F1_m1f1_P1_Y1_UO72,FXX,1,53.62613020747331,0,0,0.0,0,0,0,-9999.0,0.0,1,P0_CV0,1,1,1,0,2
1,2540470.832,712452.2021,R1_F1_m1f1_P1_Y3_UO522,R1_F1_m1f1_P1_Y1_UO452,R1_F1_m1f1_P1_Y0_UO521,FXX,1,53.62613020747331,0,0,0.0,0,0,0,-9999.0,0.125,1,P0_CV0,1,0,2,1,1
1,2540470.832,712452.2021,R1_F1_m1f1_P1_Y3_UO541,RD1_F2_m-1f-1_P2_Y-1_U77,R1_F1_m1f1_P1_Y0_UO400,FXX,1,53.62613020747331,0,0,0.0,0,0,0,-9999.0,0.25,1,P0_CV0,1,1,1,1,1
1,2540470.832,712452.2021,R1_F1_m1f1_P1_Y2_UO127,R1_F1_m-1f-1_P1_Y-1_U64,R1_F1_m1f1_P1_Y0_UO374,MXY,2,77.58253724906278,1,0,0.0,0,0,0,-9999.0,0.0,1,P0_CV0,1,0,2,1,1
1,2540470.832,712452.2021,R1_F1_m1f1_P1_Y2_UO88,R1_F1_m-1f-1_P1_Y-1_U33,R1_F1_m1f1_P1_Y0_UO43,FXX,2,77.58253724906278,1,0,0.0,0,0,0,-9999.0,0.25,1,P0_CV0,1,0,2,1,1
1,2540470.832,712452.2021,R1_F1_m1f1_P1_Y2_UO92,R1_F1_m-1f-1_P1_Y-1_U33,R1_F1_m1f1_P1_Y0_UO43,FXX,2,77.58253724906278,1,0,1.272,0,0,0,-9999.0,0.25,1,P0_CV0,1,0,2,1,1
1,2540470.832,712452.2021,R1_F1_m1f1_P1_Y2_UO166,R1_F1_m-1f-1_P1_Y-1_U26,R1_F1_m-1f-1_P1_Y-1_U48,FXX,2,77.58253724906278,1,0,0.0,0,0,0,-9999.0,0.5,1,P0_CV0,1,1,1,0,2
1,2540470.832,712452.2021,R1_F1_m1f1_P1_Y2_UO487,R1_F1_m1f1_P1_Y0_UO565,R1_F1_m1f1_P1_Y0_UO61,MXY,2,77.58253724906278,1,0,0.0,0,0,0,-9999.0,0.25,1,P0_CV0,1,1,1,1,1
1,2540470.832,712452.2021,R1_F1_m1f1_P1_Y2_UO475,R1_F1_m1f1_P1_Y0_UO14,R1_F1_m1f1_P1_Y0_UO61,FXX,2,77.58253724906278,1,0,1.749,0,0,0,-9999.0,0.125,1,P0_CV0,1,1,1,2,0
1,2540470.832,712452.2021,R1_F1_m1f1_P1_Y2_UO167,R1_F1_m-1f-1_P1_Y-1_U26,R1_F1_m-1f-1_P1_Y-1_U48,MXY,2,77.58253724906278,1,0,0.0,0,0,0,-9999.0,0.5,1,P0_CV0,1,1,1,1,1
1,2540470.832,712452.2021,R1_F1_m1f1_P1_Y2_UO577,R1_F1_m-1f-1_P1_Y-1_U64,R1_F1_m1f1_P1_Y0_UO678,MXY,2,77.58253724906278,1,0,0.0,0,0,0,-9999.0,0.125,1,P0_CV0,1,1,1,2,0
1,2540470.832,712452.2021,R1_F1_m1f1_P1_Y2_UO505,R1_F1_m-1f-1_P1_Y-1_U41,R1_F1_m1f1_P1_Y0_UO681,MXY,2,77.58253724906278,1,0,0.0,0,0,0,-9999.0,0.125,1,P0_CV0,1,1,1,2,0
1,2540470.832,712452.2021,R1_F1_m1f1_P1_Y2_UO484,R1_F1_m1f1_P1_Y0_UO565,R1_F1_m1f1_P1_Y0_UO61,MXY,2,77.58253724906278,1,0,0.0,0,0,0,-9999.0,0.25,1,P0_CV0,1,1,1,1,1
1,2540470.832,712452.2021,R1_F1_m1f1_P1_Y2_UO6,R1_F1_m-1f-1_P1_Y-1_U64,RD1_F3_m3f3_P3_Y0_UO656,FXX,2,77.58253724906278,1,0,0.0,0,0,0,-9999.0,0.5,1,P0_CV0,1,1,1,1,1
1,2540470.832,712452.2021,R1_F1_m1f1_P1_Y2_UO126,R1_F1_m-1f-1_P1_Y-1_U64,R1_F1_m1f1_P1_Y0_UO374,MXY,2,77.58253724906278,1,0,0.0,0,0,0,-9999.0,0.0,1,P0_CV0,1,0,2,1,1
1,2540470.832,712452.2021,R1_F1_m1f1_P1_Y2_UO161,R1_F1_m-1f-1_P1_Y-1_U26,R1_F1_m-1f-1_P1_Y-1_U48,MXY,2,77.58253724906278,1,0,0.0,0,0,0,-9999.0,0.5,1,P0_CV0,1,1,1,1,1
1,2540470.832,712452.2021,R1_F1_m1f1_P1_Y2_UO299,R1_F1_m1f1_P1_Y0_UO14,R1_F1_m1f1_P1_Y0_UO61,MXY,2,77.58253724906278,1,0,0.0,0,0,0,-9999.0,0.125,1,P0_CV0,1,0,2,2,0
1,2540470.832,712452.2021,R1_F1_m1f1_P1_Y2_UO510,R1_F1_m-1f-1_P1_Y-1_U41,R1_F1_m1f1_P1_Y0_UO681,MXY,2,77.58253724906278,1,0,0.0,0,0,0,-9999.0,0.125,1,P0_CV0,1,0,2,2,0
1,2540470.832,712452.2021,R1_F1_m1f1_P1_Y2_UO552,R1_F1_m-1f-1_P1_Y-1_U33,R1_F1_m1f1_P1_Y0_UO500,FXX,2,77.58253724906278,1,0,1.0,0,0,0,-9999.0,0.125,1,P0_CV0,1,0,2,0,2
1,2540470.832,712452.2021,R1_F1_m1f1_P1_Y2_UO70,R1_F1_m-1f-1_P1_Y-1_U64,R1_F1_m-1f-1_P1_Y-1_U76,FXX,2,77.58253724906278,1,0,3.098,0,0,0,-9999.0,0.0,1,P0_CV0,1,0,2,2,0
1,2540470.832,712452.2021,R1_F1_m1f1_P1_Y2_UO162,R1_F1_m-1f-1_P1_Y-1_U26,R1_F1_m-1f-1_P1_Y-1_U48,MXY,2,77.58253724906278,1,0,0.0,0,0,0,-9999.0,0.5,1,P0_CV0,1,1,1,0,2
1,2540470.832,712452.2021,R1_F1_m1f1_P1_Y2_UO85,R1_F1_m-1f-1_P1_Y-1_U33,R1_F1_m1f1_P1_Y0_UO43,FXX,2,77.58253724906278,1,0,0.0,0,0,0,-9999.0,0.25,1,P0_CV0,1,0,2,1,1
1,2540470.832,712452.2021,R1_F1_m1f1_P1_Y2_UO169,R1_F1_m-1f-1_P1_Y-1_U26,R1_F1_m-1f-1_P1_Y-1_U48,MXY,2,77.58253724906278,1,0,0.0,0,0,0,-9999.0,0.5,1,P0_CV0,1,1,1,1,1
1,2540470.832,712452.2021,R1_F1_m1f1_P1_Y2_UO469,R1_F1_m1f1_P1_Y0_UO14,R1_F1_m1f1_P1_Y0_UO61,FXX,2,77.58253724906278,1,0,2.555,0,0,0,-9999.0,0.125,1,P0_CV0,1,1,1,0,2
1,2540470.832,712452.2021,R1_F1_m1f1_P1_Y2_UO468,R1_F1_m1f1_P1_Y0_UO14,R1_F1_m1f1_P1_Y0_UO61,FXX,2,77.58253724906278,1,0,1.0,0,0,0,-9999.0,0.125,1,P0_CV0,1,1,1,1,1
1,2540470.832,712452.2021,R1_F1_m1f1_P1_Y2_UO509,R1_F1_m-1f-1_P1_Y-1_U41,R1_F1_m1f1_P1_Y0_UO681,MXY,2,77.58253724906278,1,0,0.0,0,0,0,-9999.0,0.125,1,P0_CV0,1,0,2,1,1
1,2540470.832,712452.2021,R1_F1_m1f1_P1_Y2_UO553,R1_F1_m-1f-1_P1_Y-1_U33,R1_F1_m1f1_P1_Y0_UO500,FXX,2,77.58253724906278,1,0,1.0,0,0,0,-9999.0,0.125,1,P0_CV0,1,0,2,1,1
1,2540470.832,712452.2021,R1_F1_m1f1_P1_Y2_UO158,R1_F1_m-1f-1_P1_Y-1_U26,R1_F1_m-1f-1_P1_Y-1_U48,MXY,2,77.58253724906278,1,0,0.0,0,0,0,-9999.0,0.5,1,P0_CV0,1,1,1,0,2
1,2540470.832,712452.2021,R1_F1_m1f1_P1_Y2_UO164,R1_F1_m-1f-1_P1_Y-1_U26,R1_F1_m-1f-1_P1_Y-1_U48,MXY,2,77.58253724906278,1,0,0.0,0,0,0,-9999.0,0.5,1,P0_CV0,1,1,1,2,0
1,2540470.832,712452.2021,R1_F1_m1f1_P1_Y2_UO570,R1_F1_m-1f-1_P1_Y-1_U64,R1_F1_m1f1_P1_Y0_UO678,MXY,2,77.58253724906278,1,0,0.0,0,0,0,-9999.0,0.125,1,P0_CV0,1,1,1,2,0
1,2540470.832,712452.2021,R1_F1_m1f1_P1_Y2_UO488,R1_F1_m1f1_P1_Y0_UO565,R1_F1_m1f1_P1_Y0_UO61,MXY,2,77.58253724906278,1,0,0.0,0,0,0,-9999.0,0.25,1,P0_CV0,1,1,1,1,1
1,2540470.832,712452.2021,R1_F1_m1f1_P1_Y2_UO550,R1_F1_m-1f-1_P1_Y-1_U33,R1_F1_m1f1_P1_Y0_UO500,FXX,2,77.58253724906278,1,0,0.0,0,0,0,-9999.0,0.125,1,P0_CV0,1,0,2,1,1
1,2540470.832,712452.2021,R1_F1_m1f1_P1_Y2_UO160,R1_F1_m-1f-1_P1_Y-1_U26,R1_F1_m-1f-1_P1_Y-1_U48,MXY,2,77.58253724906278,1,0,0.0,0,0,0,-9999.0,0.5,1,P0_CV0,1,1,1,1,1
1,2540470.832,712452.2021,R1_F1_m1f1_P1_Y2_UO71,R1_F1_m-1f-1_P1_Y-1_U64,R1_F1_m-1f-1_P1_Y-1_U76,MXY,2,77.58253724906278,1,0,0.0,0,0,0,-9999.0,0.0,1,P0_CV0,1,0,2,2,0
1,2540470.832,712452.2021,R1_F1_m1f1_P1_Y2_UO554,R1_F1_m-1f-1_P1_Y-1_U33,R1_F1_m1f1_P1_Y0_UO500,MXY,2,77.58253724906278,1,0,0.0,0,0,0,-9999.0,0.125,1,P0_CV0,1,0,2,1,1
1,2540470.832,712452.2021,R1_F1_m1f1_P1_Y2_UO573,R1_F1_m-1f-1_P1_Y-1_U64,R1_F1_m1f1_P1_Y0_UO678,FXX,2,77.58253724906278,1,0,2.505,0,0,0,-9999.0,0.125,1,P0_CV0,1,1,1,1,1
1,2540470.832,712452.2021,R1_F1_m1f1_P1_Y2_UO604,R1_F1_m1f1_P1_Y0_UO566,R1_F1_m1f1_P1_Y0_UO146,FXX,2,77.58253724906278,1,0,1.0,0,0,0,-9999.0,0.25,1,P0_CV0,1,1,1,1,1
1,2540470.832,712452.2021,R1_F1_m1f1_P1_Y2_UO486,R1_F1_m1f1_P1_Y0_UO565,R1_F1_m1f1_P1_Y0_UO61,MXY,2,77.58253724906278,1,0,0.0,0,0,0,-9999.0,0.25,1,P0_CV0,1,2,0,1,1
1,2540470.832,712452.2021,R1_F1_m1f1_P1_Y2_UO72,R1_F1_m-1f-1_P1_Y-1_U64,R1_F1_m-1f-1_P1_Y-1_U76,FXX,2,77.58253724906278,1,0,4.056,0,0,0,-9999.0,0.0,1,P0_CV0,1,0,2,1,1
1,2540470.832,712452.2021,R1_F1_m1f1_P1_Y2_UO1,R1_F1_m-1f-1_P1_Y-1_U64,RD1_F3_m3f3_P3_Y0_UO656,MXY,2,77.58253724906278,1,0,0.0,0,0,0,-9999.0,0.5,1,P0_CV0,1,1,1,1,1
1,2540470.832,712452.2021,R1_F1_m1f1_P1_Y2_UO78,R1_F1_m-1f-1_P1_Y-1_U64,R1_F1_m-1f-1_P1_Y-1_U76,MXY,2,77.58253724906278,1,0,0.0,0,0,0,-9999.0,0.0,1,P0_CV0,1,0,2,1,1
1,2540470.832,712452.2021,R1_F1_m1f1_P1_Y2_UO129,R1_F1_m-1f-1_P1_Y-1_U64,R1_F1_m1f1_P1_Y0_UO374,FXX,2,77.58253724906278,1,0,0.0,0,0,0,-9999.0,0.0,1,P0_CV0,1,1,1,1,1
1,2540470.832,712452.2021,I1_F7_m1f1_P1_Y2_UO5,R1_F1_m-1f-1_P1_Y-1_U64,RD1_F3_m3f3_P3_Y0_UO656,FXX,2,77.57709794246419,1,0,0.0,0,0,0,-9999.0,0.5,1,P0_CV0,1,1,1,2,0
1,2540470.832,712452.2021,I1_F7_m1f1_P1_Y2_UO77,R1_F1_m-1f-1_P1_Y-1_U64,R1_F1_m-1f-1_P1_Y-1_U76,FXX,2,77.57709794246419,1,0,2.617,0,0,0,-9999.0,0.0,1,P0_CV0,1,0,2,1,1
1,2540470.832,712452.2021,R1_F1_m1f1_P1_Y1_UO452,R1_F1_m-1f-1_P1_Y-1_U109,R1_F1_m-1f-1_P1_Y-1_U12,FXX,3,97.18394065947172,1,0,1.744,0,0,0,-9999.0,0.0,1,P0_CV0,1,1,1,2,0
1,2540470.832,712452.2021,R1_F1_m1f1_P1_Y1_UO21,R1_F1_m-1f-1_P1_Y-1_U116,R1_F1_m-1f-1_P1_Y-1_U25,FXX,3,97.18394065947172,1,0,2.151,0,0,0,-9999.0,0.0,1,P0_CV0,1,2,0,1,1
1,2540470.832,712452.2021,R1_F1_m1f1_P1_Y1_UO394,R1_F1_m-1f-1_P1_Y-1_U114,R1_F1_m-1f-1_P1_Y-1_U76,FXX,3,97.18394065947172,1,0,2.357,0,0,0,-9999.0,0.0,1,P0_CV0,1,1,1,0,2
1,2540470.832,712452.2021,R1_F1_m1f1_P1_Y1_UO53,R1_F1_m-1f-1_P1_Y-1_U86,R1_F1_m-1f-1_P1_Y-1_U121,FXX,3,97.18394065947172,1,0,1.0,0,0,0,-9999.0,0.25,1,P0_CV0,1,0,2,0,2
1,2540470.832,712452.2021,R1_F1_m1f1_P1_Y1_UO430,R1_F1_m-1f-1_P1_Y-1_U38,R1_F1_m-1f-1_P1_Y-1_U101,MXY,3,97.18394065947172,1,0,0.0,0,0,0,-9999.0,0.25,1,P0_CV0,1,2,0,1,1
1,2540470.832,712452.2021,R1_F1_m1f1_P1_Y1_UO149,R1_F1_m-1f-1_P1_Y-1_U17,R1_F1_m-1f-1_P1_Y-1_U84,FXX,3,97.18394065947172,1,0,1.0,0,0,0,-9999.0,0.0,1,P0_CV0,1,0,2,1,1
1,2540470.832,712452.2021,R1_F1_m1f1_P1_Y1_UO453,R1_F1_m-1f-1_P1_Y-1_U109,R1_F1_m-1f-1_P1_Y-1_U12,MXY,3,97.18394065947172,1,0,0.0,0,0,0,-9999.0,0.0,1,P0_CV0,1,0,2,1,1
1,2540470.832,712452.2021,R1_F1_m1f1_P1_Y1_UO23,R1_F1_m-1f-1_P1_Y-1_U66,R1_F1_m-1f-1_P1_Y-1_U113,MXY,3,97.18394065947172,1,0,0.0,0,0,0,-9999.0,0.25,1,P0_CV0,1,2,0,1,1
1,2540470.832,712452.2021,R1_F1_m1f1_P1_Y1_UO345,R1_F1_m-1f-1_P1_Y-1_U95,R1_F1_m-1f-1_P1_Y-1_U74,MXY,3,97.18394065947172,1,0,0.0,0,0,0,-9999.0,0.0,1,P0_CV0,1,1,1,0,2
1,2540470.832,712452.2021,R1_F1_m1f1_P1_Y1_UO232,R1_F1_m-1f-1_P1_Y-1_U7,R1_F1_m-1f-1_P1_Y-1_U88,MXY,3,97.18394065947172,1,0,0.0,0,0,0,-9999.0,0.25,1,P0_CV0,1,1,1,0,2
1,2540470.832,712452.2021,R1_F1_m1f1_P1_Y1_UO47,R1_F1_m-1f-1_P1_Y-1_U4,R1_F1_m-1f-1_P1_Y-1_U72,MXY,3,97.18394065947172,1,0,0.0,0,0,0,-9999.0,0.75,1,P0_CV0,1,0,2,1,1
1,2540470.832,712452.2021,R1_F1_m1f1_P1_Y1_UO393,R1_F1_m-1f-1_P1_Y-1_U114,R1_F1_m-1f-1_P1_Y-1_U76,FXX,3,97.18394065947172,1,0,1.252,0,0,0,-9999.0,0.0,1,P0_CV0,1,0,2,2,0
1,2540470.832,712452.2021,R1_F1_m1f1_P1_Y1_UO314,R1_F1_m-1f-1_P1_Y-1_U50,R1_F1_m-1f-1_P1_Y-1_U99,MXY,3,97.18394065947172,1,0,0.0,0,0,0,-9999.0,0.25,1,P0_CV0,1,1,1,2,0
1,2540470.832,712452.2021,R1_F1_m1f1_P1_Y1_UO150,R1_F1_m-1f-1_P1_Y-1_U17,R1_F1_m-1f-1_P1_Y-1_U84,FXX,3,97.18394065947172,1,0,1.0,0,0,0,-9999.0,0.0,1,P0_CV0,1,1,1,1,1
1,2540470.832,712452.2021,R1_F1_m1f1_P1_Y1_UO54,R1_F1_m-1f-1_P1_Y-1_U86,R1_F1_m-1f-1_P1_Y-1_U121,FXX,3,97.18394065947172,1,0,1.853,0,0,0,-9999.0,0.25,1,P0_CV0,1,1,1,0,2
1,2540470.832,712452.2021,R1_F1_m1f1_P1_Y1_UO16,R1_F1_m-1f-1_P1_Y-1_U66,R1_F1_m-1f-1_P1_Y-1_U0,MXY,3,97.18394065947172,1,0,0.0,0,0,0,-9999.0,0.0,1,P0_CV0,1,0,2,0,2
1,2540470.832,712452.2021,R1_F1_m1f1_P1_Y1_UO326,R1_F1_m-1f-1_P1_Y-1_U38,R1_F1_m-1f-1_P1_Y-1_U79,MXY,3,97.18394065947172,1,0,0.0,0,0,0,-9999.0,0.0,1,P0_CV0,1,1,1,2,0
1,2540470.832,712452.2021,I1_F7_m1f1_P1_Y1_UO376,R1_F1_m-1f-1_P1_Y-1_U114,R1_F1_m-1f-1_P1_Y-1_U76,FXX,3,97.17893013277055,1,0,1.0,0,0,0,-9999.0,0.0,1,P0_CV0,1,1,1,2,0
1,2540470.832,712452.2021,R1_F1_m1f1_P1_Y0_UO437,R1_F1_m-1f-1_P1_Y-1_U64,R1_F1_m-1f-1_P1_Y-1_U10,MXY,4,111.61798582835895,1,0,0.0,0,0,0,-9999.0,0.0,1,P0_CV0,1,2,0,2,0
1,2540470.832,712452.2021,R1_F1_m1f1_P1_Y0_UO521,R1_F1_m-1f-1_P1_Y-1_U110,R1_F1_m-1f-1_P1_Y-1_U51,MXY,4,111.61798582835895,1,0,0.0,0,0,0,-9999.0,0.25,1,P0_CV0,1,0,2,1,1
1,2540470.832,712452.2021,R1_F1_m1f1_P1_Y0_UO681,R1_F1_m-1f-1_P1_Y-1_U92,R1_F1_m-1f-1_P1_Y-1_U5,MXY,4,111.61798582835895,1,0,0.0,0,0,0,-9999.0,0.25,1,P0_CV0,1,1,1,1,1
1,2540470.832,712452.2021,R1_F1_m1f1_P1_Y0_UO14,R1_F1_m-1f-1_P1_Y-1_U86,R1_F1_m-1f-1_P1_Y-1_U0,FXX,4,111.61798582835895,1,0,1.637,0,0,0,-9999.0,0.0,1,P0_CV0,1,1,1,1,1
1,2540470.832,712452.2021,I1_F7_m1f1_P1_Y0_UO89,R1_F1_m-1f-1_P1_Y-1_U52,R1_F1_m-1f-1_P1_Y-1_U42,MXY,4,111.61385836674161,1,0,0.0,0,0,0,-9999.0,0.25,1,P0_CV0,1,2,0,1,1
1,2540470.832,712452.2021,R1_F1_m-1f-1_P1_Y-1_U37,-9999,-9999,MXY,5,121.64021290552176,1,0,0.0,0,0,0,-9999.0,0.0,1,P0_CV0,1,0,2,1,1
1,2540470.832,712452.2021,R1_F1_m-1f-1_P1_Y-1_U54,-9999,-9999,MXY,5,121.64021290552176,1,0,0.0,0,0,0,-9999.0,0.0,1,P0_CV0,1,0,2,0,2
1,2540470.832,712452.2021,R1_F1_m-1f-1_P1_Y-1_U120,-9999,-9999,MXY,5,121.64021290552176,1,0,0.0,0,0,0,-9999.0,0.0,1,P0_CV0,1,0,2,1,1
1,2540470.832,712452.2021,R1_F1_m-1f-1_P1_Y-1_U80,-9999,-9999,MXY,5,121.64021290552176,1,0,0.0,0,0,0,-9999.0,0.0,1,P0_CV0,1,0,2,1,1
1,2540470.832,712452.2021,I1_F7_m-1f-1_P1_Y-1_U90,-9999,-9999,MXY,5,121.63701759556022,1,0,0.0,0,0,0,-9999.0,0.5,1,P0_CV0,1,1,1,1,1
1,2540470.832,712452.2021,I1_F7_m-1f-1_P1_Y-1_U25,-9999,-9999,MXY,5,121.63701759556022,1,0,0.0,0,0,0,-9999.0,0.0,1,P0_CV0,1,0,2,2,0
1,2540470.832,712452.2021,R1_F1_m1f1_P1_Y3_UO543,RD1_F2_m-1f-1_P2_Y-1_U77,R1_F1_m1f1_P1_Y0_UO400,MXY,1,53.62613020747331,0,0,0.0,0,0,0,-9999.0,0.25,1,P1_CV0,1,0,2,1,1
1,2540470.832,712452.2021,RD1_F2_m2f2_P2_Y2_UO324,R2_F2_m2f2_P2_Y0_UO557,R2_F2_m-1f-1_P2_Y-1_U43,FXX,2,55.36874413309542,1,0,1.064,0,0,0,-9999.0,0.25,1,P1_CV0,1,1,1,1,1
1,2540470.832,712452.2021,R1_F1_m-1f-1_P2_Y-1_U77,-9999,-9999,FXX,5,56.90661172838175,1,0,2.145,0,0,0,-9999.0,0.5,1,P1_CV0,1,1,1,1,1
1,2540470.832,712452.2021,R1_F1_m1f1_P1_Y3_UO219,R1_F1_m1f1_P1_Y1_UO155,R1_F1_m3f3_P3_Y0_UO656,FXX,1,53.62613020747331,0,0,0.0,0,0,0,-9999.0,0.5,1,P2_CV0,1,1,1,1,1
1,2540470.832,712452.2021,R1_F1_m1f1_P1_Y3_UO221,R1_F1_m1f1_P1_Y1_UO155,R1_F1_m3f3_P3_Y0_UO656,MXY,1,53.62613020747331,0,0,0.0,0,0,0,-9999.0,0.5,1,P2_CV0,1,1,1,1,1
1,2540470.832,712452.2021,R1_F1_m1f1_P1_Y3_UO230,R1_F1_m1f1_P1_Y1_UO149,R1_F1_m-1f-1_P3_Y-1_U52,FXX,1,53.62613020747331,0,0,0.0,0,0,0,-9999.0,0.5,1,P2_CV0,1,1,1,1,1
1,2540470.832,712452.2021,R1_F1_m1f1_P1_Y3_UO231,R1_F1_m1f1_P1_Y1_UO149,R1_F1_m-1f-1_P3_Y-1_U52,FXX,1,53.62613020747331,0,0,0.0,0,0,0,-9999.0,0.5,1,P2_CV0,1,1,1,1,1
1,2540470.832,712452.2021,R1_F1_m1f1_P1_Y2_UO8,R1_F1_m-1f-1_P1_Y-1_U64,RD1_F3_m3f3_P3_Y0_UO656,MXY,2,77.58253724906278,1,0,0.0,0,0,0,-9999.0,0.5,1,P2_CV0,1,1,1,2,0
2,2536859.926,708059.4624,R2_F2_m1f1_P1_Y2_UO157,R1_F1_m-1f-1_P1_Y-1_U26,R1_F1_m-1f-1_P1_Y-1_U48,FXX,2,31.948811282948057,1,0,1.0,0,0,0,-9999.0,0.5,1,P0_CV0,1,1,1,2,0
2,2536859.926,708059.4624,R2_F2_m2f2_P2_Y3_UO9,R2_F2_m2f2_P2_Y1_UO383,R2_F2_m2f2_P2_Y0_UO180,MXY,1,31.462738984758726,0,0,0.0,0,0,0,-9999.0,0.625,1,P1_CV0,1,1,1,1,1
2,2536859.926,708059.4624,R2_F2_m2f2_P2_Y3_UO10,R2_F2_m2f2_P2_Y1_UO383,R2_F2_m2f2_P2_Y0_UO180,FXX,1,31.462738984758726,0,0,0.0,0,0,0,-9999.0,0.625,1,P1_CV0,1,1,1,2,0
2,2536859.926,708059.4624,R2_F2_m2f2_P2_Y3_UO11,R2_F2_m2f2_P2_Y1_UO383,R2_F2_m2f2_P2_Y0_UO180,FXX,1,31.462738984758726,0,0,0.0,0,0,0,-9999.0,0.625,1,P1_CV0,1,1,1,1,1
2,2536859.926,708059.4624,R2_F2_m2f2_P2_Y3_UO12,R2_F2_m2f2_P2_Y1_UO383,R2_F2_m2f2_P2_Y0_UO180,FXX,1,31.462738984758726,0,0,0.0,0,0,0,-9999.0,0.625,1,P1_CV0,1,1,1,2,0
2,2536859.926,708059.4624,R2_F2_m2f2_P2_Y3_UO13,R2_F2_m2f2_P2_Y1_UO383,R2_F2_m2f2_P2_Y0_UO180,FXX,1,31.462738984758726,0,0,0.0,0,0,0,-9999.0,0.625,1,P1_CV0,1,1,1,2,0
2,2536859.926,708059.4624,R2_F2_m2f2_P2_Y3_UO14,R2_F2_m2f2_P2_Y1_UO383,R2_F2_m2f2_P2_Y0_UO180,MXY,1,31.462738984758726,0,0,0.0,0,0,0,-9999.0,0.625,1,P1_CV0,1,1,1,1,1
2,2536859.926,708059.4624,R2_F2_m2f2_P2_Y3_UO15,R2_F2_m2f2_P2_Y1_UO383,R2_F2_m2f2_P2_Y0_UO180,FXX,1,31.462738984758726,0,0,0.0,0,0,0,-9999.0,0.625,1,P1_CV0,1,1,1,1,1
2,2536859.926,708059.4624,R2_F2_m2f2_P2_Y3_UO16,R2_F2_m2f2_P2_Y1_UO383,R2_F2_m2f2_P2_Y0_UO180,MXY,1,31.462738984758726,0,0,0.0,0,0,0,-9999.0,0.625,1,P1_CV0,1,1,1,2,0
2,2536859.926,708059.4624,R2_F2_m2f2_P2_Y3_UO39,R2_F2_m2f2_P2_Y1_UO0,R2_F2_m2f2_P2_Y1_UO398,FXX,1,31.462738984758726,0,0,0.0,0,0,0,-9999.0,0.375,1,P1_CV0,1,1,1,1,1
2,2536859.926,708059.4624,R2_F2_m2f2_P2_Y3_UO40,R2_F2_m2f2_P2_Y1_UO0,R2_F2_m2f2_P2_Y1_UO398,FXX,1,31.462738984758726,0,0,0.0,0,0,0,-9999.0,0.375,1,P1_CV0,1,1,1,1,1
2,2536859.926,708059.4624,R2_F2_m2f2_P2_Y3_UO46,R2_F2_m2f2_P2_Y1_UO436,R2_F2_m-1f-1_P2_Y-1_U76,FXX,1,31.462738984758726,0,0,0.0,0,0,0,-9999.0,0.625,1,P1_CV0,1,1,1,2,0
2,2536859.926,708059.4624,R2_F2_m2f2_P2_Y3_UO47,R2_F2_m2f2_P2_Y1_UO436,R2_F2_m-1f-1_P2_Y-1_U76,MXY,1,31.462738984758726,0,0,0.0,0,0,0,-9999.0,0.625,1,P1_CV0,1,1,1,1,1
2,2536859.926,708059.4624,R2_F2_m2f2_P2_Y3_UO48,R2_F2_m2f2_P2_Y1_UO436,R2_F2_m-1f-1_P2_Y-1_U76,MXY,1,31.462738984758726,0,0,0.0,0,0,0,-9999.0,0.625,1,P1_CV0,1,0,2,2,0
2,2536859.926,708059.4624,R2_F2_m2f2_P2_Y3_UO49,R2_F2_m2f2_P2_Y1_UO436,R2_F2_m-1f-1_P2_Y-1_U76,FXX,1,31.462738984758726,0,0,0.0,0,0,0,-9999.0,0.625,1,P1_CV0,1,1,1,1,1
2,2536859.926,708059.4624,R2_F2_m2f2_P2_Y3_UO60,R2_F2_m-1f-1_P2_Y-1_U95,RD2_F6_m-1f-1_P6_Y-1_U26,MXY,1,31.462738984758726,0,0,0.0,0,0,0,-9999.0,0.5,1,P1_CV0,1,1,1,2,0
2,2536859.926,708059.4624,R2_F2_m2f2_P2_Y3_UO62,R2_F2_m-1f-1_P2_Y-1_U95,RD2_F6_m-1f-1_P6_Y-1_U26,MXY,1,31.462738984758726,0,0,0.0,0,0,0,-9999.0,0.5,1,P1_CV0,1,0,2,2,0
2,2536859.926,708059.4624,R2_F2_m2f2_P2_Y3_UO63,R2_F2_m-1f-1_P2_Y-1_U95,RD2_F6_m-1f-1_P6_Y-1_U26,MXY,1,31.462738984758726,0,0,0.0,0,0,0,-9999.0,0.5,1,P1_CV0,1,1,1,2,0
2,2536859.926,708059.4624,R2_F2_m2f2_P2_Y3_UO64,R2_F2_m-1f-1_P2_Y-1_U95,RD2_F6_m-1f-1_P6_Y-1_U26,MXY,1,31.462738984758726,0,0,0.0,0,0,0,-9999.0,0.5,1,P1_CV0,1,2,0,2,0
2,2536859.926,708059.4624,R2_F2_m2f2_P2_Y3_UO66,R2_F2_m-1f-1_P2_Y-1_U95,RD2_F6_m-1f-1_P6_Y-1_U26,FXX,1,31.462738984758726,0,0,0.0,0,0,0,-9999.0,0.5,1,P1_CV0,1,1,1,2,0
2,2536859.926,708059.4624,R2_F2_m2f2_P2_Y3_UO68,R2_F2_m-1f-1_P2_Y-1_U95,RD2_F6_m-1f-1_P6_Y-1_U26,MXY,1,31.462738984758726,0,0,0.0,0,0,0,-9999.0,0.5,1,P1_CV0,1,0,2,2,0
2,2536859.926,708059.4624,R2_F2_m2f2_P2_Y3_UO69,R2_F2_m-1f-1_P2_Y-1_U95,RD2_F6_m-1f-1_P6_Y-1_U26,FXX,1,31.462738984758726,0,0,0.0,0,0,0,-9999.0,0.5,1,P1_CV0,1,1,1,1,1
2,2536859.926,708059.4624,R2_F2_m2f2_P2_Y3_UO70,R2_F2_m-1f-1_P2_Y-1_U95,RD2_F6_m-1f-1_P6_Y-1_U26,MXY,1,31.462738984758726,0,0,0.0,0,0,0,-9999.0,0.5,1,P1_CV0,1,2,0,2,0
2,2536859.926,708059.4624,R2_F2_m2f2_P2_Y3_UO84,R2_F2_m2f2_P2_Y0_UO325,R2_F2_m2f2_P2_Y1_UO516,FXX,1,31.462738984758726,0,0,0.0,0,0,0,-9999.0,0.25,1,P1_CV0,1,2,0,1,1
2,2536859.926,708059.4624,R2_F2_m2f2_P2_Y3_UO85,R2_F2_m2f2_P2_Y0_UO325,R2_F2_m2f2_P2_Y1_UO516,FXX,1,31.462738984758726,0,0,0.0,0,0,0,-9999.0,0.25,1,P1_CV0,1,2,0,2,0
2,2536859.926,708059.4624,R2_F2_m2f2_P2_Y3_UO86,R2_F2_m2f2_P2_Y0_UO325,R2_F2_m2f2_P2_Y1_UO516,FXX,1,31.462738984758726,0,0,0.0,0,0,0,-9999.0,0.25,1,P1_CV0,1,2,0,1,1
2,2536859.926,708059.4624,R2_F2_m2f2_P2_Y3_UO87,R2_F2_m2f2_P2_Y0_UO325,R2_F2_m2f2_P2_Y1_UO516,FXX,1,31.462738984758726,0,0,0.0,0,0,0,-9999.0,0.25,1,P1_CV0,1,1,1,1,1
2,2536859.926,708059.4624,R2_F2_m2f2_P2_Y3_UO88,R2_F2_m2f2_P2_Y0_UO325,R2_F2_m2f2_P2_Y1_UO516,MXY,1,31.462738984758726,0,0,0.0,0,0,0,-9999.0,0.25,1,P1_CV0,1,1,1,2,0
2,2536859.926,708059.4624,R2_F2_m2f2_P2_Y3_UO89,R2_F2_m2f2_P2_Y0_UO325,R2_F2_m2f2_P2_Y1_UO516,MXY,1,31.462738984758726,0,0,0.0,0,0,0,-9999.0,0.25,1,P1_CV0,1,1,1,1,1
2,2536859.926,708059.4624,R2_F2_m2f2_P2_Y3_UO101,R2_F2_m2f2_P2_Y1_UO510,R2_F2_m-1f-1_P2_Y-1_U43,MXY,1,31.462738984758726,0,0,0.0,0,0,0,-9999.0,0.625,1,P1_CV0,1,0,2,1,1
2,2536859.926,708059.4624,R2_F2_m2f2_P2_Y3_UO102,R2_F2_m2f2_P2_Y1_UO510,R2_F2_m-1f-1_P2_Y-1_U43,FXX,1,31.462738984758726,0,0,0.0,0,0,0,-9999.0,0.625,1,P1_CV0,1,1,1,2,0
2,2536859.926,708059.4624,R2_F2_m2f2_P2_Y3_UO103,R2_F2_m2f2_P2_Y1_UO510,R2_F2_m-1f-1_P2_Y-1_U43,FXX,1,31.462738984758726,0,0,0.0,0,0,0,-9999.0,0.625,1,P1_CV0,1,1,1,1,1
2,2536859.926,708059.4624,R2_F2_m2f2_P2_Y3_UO104,R2_F2_m2f2_P2_Y1_UO510,R2_F2_m-1f-1_P2_Y-1_U43,FXX,1,31.462738984758726,0,0,0.0,0,0,0,-9999.0,0.625,1,P1_CV0,1,1,1,1,1
2,2536859.926,708059.4624,R2_F2_m2f2_P2_Y3_UO105,R2_F2_m2f2_P2_Y1_UO510,R2_F2_m-1f-1_P2_Y-1_U43,MXY,1,31.462738984758726,0,0,0.0,0,0,0,-9999.0,0.625,1,P1_CV0,1,2,0,2,0
2,2536859.926,708059.4624,R2_F2_m2f2_P2_Y3_UO106,R2_F2_m2f2_P2_Y1_UO510,R2_F2_m-1f-1_P2_Y-1_U43,MXY,1,31.462738984758726,0,0,0.0,0,0,0,-9999.0,0.625,1,P1_CV0,1,2,0,2,0
2,2536859.926,708059.4624,R2_F2_m2f2_P2_Y3_UO188,R2_F2_m2f2_P2_Y1_UO318,R2_F2_m2f2_P2_Y0_UO646,FXX,1,31.462738984758726,0,0,0.0,0,0,0,-9999.0,0.25,1,P1_CV0,1,2,0,2,0
2,2536859.926,708059.4624,R2_F2_m2f2_P2_Y3_UO189,R2_F2_m2f2_P2_Y1_UO318,R2_F2_m2f2_P2_Y0_UO646,MXY,1,31.462738984758726,0,0,0.0,0,0,0,-9999.0,0.25,1,P1_CV0,1,2,0,2,0
2,2536859.926,708059.4624,R2_F2_m2f2_P2_Y3_UO190,R2_F2_m2f2_P2_Y1_UO318,R2_F2_m2f2_P2_Y0_UO646,MXY,1,31.462738984758726,0,0,0.0,0,0,0,-9999.0,0.25,1,P1_CV0,1,2,0,2,0
2,2536859.926,708059.4624,R2_F2_m2f2_P2_Y3_UO191,R2_F2_m2f2_P2_Y1_UO318,R2_F2_m2f2_P2_Y0_UO646,FXX,1,31.462738984758726,0,0,0.0,0,0,0,-9999.0,0.25,1,P1_CV0,1,1,1,2,0
2,2536859.926,708059.4624,R2_F2_m2f2_P2_Y3_UO212,R2_F2_m2f2_P2_Y1_UO276,R2_F2_m2f2_P2_Y1_UO403,MXY,1,31.462738984758726,0,0,0.0,0,0,0,-9999.0,0.5,1,P1_CV0,1,1,1,1,1
2,2536859.926,708059.4624,R2_F2_m2f2_P2_Y3_UO213,R2_F2_m2f2_P2_Y1_UO276,R2_F2_m2f2_P2_Y1_UO403,FXX,1,31.462738984758726,0,0,0.0,0,0,0,-9999.0,0.5,1,P1_CV0,1,2,0,2,0
2,2536859.926,708059.4624,R2_F2_m2f2_P2_Y3_UO214,R2_F2_m2f2_P2_Y1_UO276,R2_F2_m2f2_P2_Y1_UO403,MXY,1,31.462738984758726,0,0,0.0,0,0,0,-9999.0,0.5,1,P1_CV0,1,2,0,2,0
2,2536859.926,708059.4624,R2_F2_m2f2_P2_Y3_UO215,R2_F2_m2f2_P2_Y1_UO276,R2_F2_m2f2_P2_Y1_UO403,MXY,1,31.462738984758726,0,0,0.0,0,0,0,-9999.0,0.5,1,P1_CV0,1,2,0,2,0
2,2536859.926,708059.4624,R2_F2_m2f2_P2_Y3_UO216,R2_F2_m2f2_P2_Y1_UO276,R2_F2_m2f2_P2_Y1_UO403,FXX,1,31.462738984758726,0,0,0.0,0,0,0,-9999.0,0.5,1,P1_CV0,1,1,1,2,0
2,2536859.926,708059.4624,R2_F2_m2f2_P2_Y3_UO217,R2_F2_m2f2_P2_Y1_UO276,R2_F2_m2f2_P2_Y1_UO403,MXY,1,31.462738984758726,0,0,0.0,0,0,0,-9999.0,0.5,1,P1_CV0,1,1,1,2,0
2,2536859.926,708059.4624,R2_F2_m2f2_P2_Y3_UO242,R2_F2_m2f2_P2_Y0_UO212,R2_F2_m2f2_P2_Y0_UO137,FXX,1,31.462738984758726,0,0,0.0,0,0,0,-9999.0,0.75,1,P1_CV0,1,0,2,1,1
2,2536859.926,708059.4624,R2_F2_m2f2_P2_Y3_UO243,R2_F2_m2f2_P2_Y0_UO212,R2_F2_m2f2_P2_Y0_UO137,FXX,1,31.462738984758726,0,0,0.0,0,0,0,-9999.0,0.75,1,P1_CV0,1,1,1,1,1
2,2536859.926,708059.4624,R2_F2_m2f2_P2_Y3_UO244,R2_F2_m2f2_P2_Y0_UO212,R2_F2_m2f2_P2_Y0_UO137,FXX,1,31.462738984758726,0,0,0.0,0,0,0,-9999.0,0.75,1,P1_CV0,1,0,2,2,0
2,2536859.926,708059.4624,R2_F2_m2f2_P2_Y3_UO279,R2_F2_m2f2_P2_Y0_UO212,R2_F2_m2f2_P2_Y0_UO413,FXX,1,31.462738984758726,0,0,0.0,0,0,0,-9999.0,0.75,1,P1_CV0,1,0,2,1,1
2,2536859.926,708059.4624,R2_F2_m2f2_P2_Y3_UO280,R2_F2_m2f2_P2_Y0_UO212,R2_F2_m2f2_P2_Y0_UO413,MXY,1,31.462738984758726,0,0,0.0,0,0,0,-9999.0,0.75,1,P1_CV0,1,0,2,1,1
2,2536859.926,708059.4624,R2_F2_m2f2_P2_Y3_UO281,R2_F2_m2f2_P2_Y0_UO212,R2_F2_m2f2_P2_Y0_UO413,FXX,1,31.462738984758726,0,0,0.0,0,0,0,-9999.0,0.75,1,P1_CV0,1,0,2,2,0
2,2536859.926,708059.4624,R2_F2_m2f2_P2_Y3_UO282,R2_F2_m2f2_P2_Y0_UO212,R2_F2_m2f2_P2_Y0_UO413,MXY,1,31.462738984758726,0,0,0.0,0,0,0,-9999.0,0.75,1,P1_CV0,1,1,1,1,1
2,2536859.926,708059.4624,R2_F2_m2f2_P2_Y3_UO283,R2_F2_m2f2_P2_Y0_UO212,R2_F2_m2f2_P2_Y0_UO413,FXX,1,31.462738984758726,0,0,0.0,0,0,0,-9999.0,0.75,1,P1_CV0,1,1,1,2,0
2,2536859.926,708059.4624,R2_F2_m2f2_P2_Y3_UO284,R2_F2_m2f2_P2_Y0_UO212,R2_F2_m2f2_P2_Y0_UO413,FXX,1,31.462738984758726,0,0,0.0,0,0,0,-9999.0,0.75,1,P1_CV0,1,0,2,1,1
2,2536859.926,708059.4624,R2_F2_m2f2_P2_Y3_UO285,R2_F2_m2f2_P2_Y0_UO212,R2_F2_m2f2_P2_Y0_UO413,MXY,1,31.462738984758726,0,0,0.0,0,0,0,-9999.0,0.75,1,P1_CV0,1,0,2,2,0
2,2536859.926,708059.4624,R2_F2_m2f2_P2_Y3_UO312,R2_F2_m2f2_P2_Y1_UO0,R2_F2_m-1f-1_P2_Y-1_U84,MXY,1,31.462738984758726,0,0,0.0,0,0,0,-9999.0,0.25,1,P1_CV0,1,0,2,1,1
2,2536859.926,708059.4624,R2_F2_m2f2_P2_Y3_UO313,R2_F2_m2f2_P2_Y1_UO0,R2_F2_m-1f-1_P2_Y-1_U84,FXX,1,31.462738984758726,0,0,0.0,0,0,0,-9999.0,0.25,1,P1_CV0,1,1,1,1,1
2,2536859.926,708059.4624,R2_F2_m2f2_P2_Y3_UO314,R2_F2_m2f2_P2_Y1_UO0,R2_F2_m-1f-1_P2_Y-1_U84,MXY,1,31.462738984758726,0,0,0.0,0,0,0,-9999.0,0.25,1,P1_CV0,1,1,1,1,1
2,2536859.926,708059.4624,R2_F2_m2f2_P2_Y3_UO315,R2_F2_m2f2_P2_Y1_UO0,R2_F2_m-1f-1_P2_Y-1_U84,MXY,1,31.462738984758726,0,0,0.0,0,0,0,-9999.0,0.25,1,P1_CV0,1,0,2,1,1
2,2536859.926,708059.4624,R2_F2_m2f2_P2_Y3_UO316,R2_F2_m2f2_P2_Y1_UO0,R2_F2_m-1f-1_P2_Y-1_U84,MXY,1,31.462738984758726,0,0,0.0,0,0,0,-9999.0,0.25,1,P1_CV0,1,0,2,1,1
2,2536859.926,708059.4624,R2_F2_m2f2_P2_Y3_UO317,R2_F2_m2f2_P2_Y1_UO0,R2_F2_m-1f-1_P2_Y-1_U84,MXY,1,31.462738984758726,0,0,0.0,0,0,0,-9999.0,0.25,1,P1_CV0,1,1,1,1,1
2,2536859.926,708059.4624,R2_F2_m2f2_P2_Y3_UO318,R2_F2_m2f2_P2_Y1_UO0,R2_F2_m-1f-1_P2_Y-1_U84,FXX,1,31.462738984758726,0,0,0.0,0,0,0,-9999.0,0.25,1,P1_CV0,1,1,1,1,1
2,2536859.926,708059.4624,R2_F2_m2f2_P2_Y3_UO376,R2_F2_m2f2_P2_Y1_UO258,R2_F2_m2f2_P2_Y1_UO90,MXY,1,31.462738984758726,0,0,0.0,0,0,0,-9999.0,0.5,1,P1_CV0,1,1,1,1,1
2,2536859.926,708059.4624,R2_F2_m2f2_P2_Y3_UO377,R2_F2_m2f2_P2_Y1_UO258,R2_F2_m2f2_P2_Y1_UO90,MXY,1,31.462738984758726,0,0,0.0,0,0,0,-9999.0,0.5,1,P1_CV0,1,1,1,1,1
2,2536859.926,708059.4624,R2_F2_m2f2_P2_Y3_UO378,R2_F2_m2f2_P2_Y1_UO258,R2_F2_m2f2_P2_Y1_UO90,FXX,1,31.462738984758726,0,0,0.0,0,0,0,-9999.0,0.5,1,P1_CV0,1,2,0,2,0
2,2536859.926,708059.4624,R2_F2_m2f2_P2_Y3_UO379,R2_F2_m2f2_P2_Y1_UO258,R2_F2_m2f2_P2_Y1_UO90,MXY,1,31.462738984758726,0,0,0.0,0,0,0,-9999.0,0.5,1,P1_CV0,1,1,1,2,0
2,2536859.926,708059.4624,R2_F2_m2f2_P2_Y3_UO380,R2_F2_m2f2_P2_Y1_UO258,R2_F2_m2f2_P2_Y1_UO90,MXY,1,31.462738984758726,0,0,0.0,0,0,0,-9999.0,0.5,1,P1_CV0,1,1,1,1,1
2,2536859.926,708059.4624,R2_F2_m2f2_P2_Y3_UO381,R2_F2_m2f2_P2_Y1_UO258,R2_F2_m2f2_P2_Y1_UO90,FXX,1,31.462738984758726,0,0,0.0,0,0,0,-9999.0,0.5,1,P1_CV0,1,2,0,1,1
2,2536859.926,708059.4624,R2_F2_m2f2_P2_Y3_UO400,R2_F2_m2f2_P2_Y1_UO108,R2_F2_m2f2_P2_Y1_UO259,FXX,1,31.462738984758726,0,0,0.0,0,0,0,-9999.0,0.5,1,P1_CV0,1,1,1,1,1
2,2536859.926,708059.4624,R2_F2_m2f2_P2_Y3_UO401,R2_F2_m2f2_P2_Y1_UO108,R2_F2_m2f2_P2_Y1_UO259,FXX,1,31.462738984758726,0,0,0.0,0,0,0,-9999.0,0.5,1,P1_CV0,1,1,1,2,0
2,2536859.926,708059.4624,R2_F2_m2f2_P2_Y3_UO407,R2_F2_m2f2_P2_Y0_UO325,R2_F2_m2f2_P2_Y0_UO137,MXY,1,31.462738984758726,0,0,0.0,0,0,0,-9999.0,0.375,1,P1_CV0,1,1,1,1,1
2,2536859.926,708059.4624,R2_F2_m2f2_P2_Y3_UO408,R2_F2_m2f2_P2_Y0_UO325,R2_F2_m2f2_P2_Y0_UO137,MXY,1,31.462738984758726,0,0,0.0,0,0,0,-9999.0,0.375,1,P1_CV0,1,0,2,2,0
2,2536859.926,708059.4624,R2_F2_m2f2_P2_Y3_UO409,R2_F2_m2f2_P2_Y0_UO325,R2_F2_m2f2_P2_Y0_UO137,MXY,1,31.462738984758726,0,0,0.0,0,0,0,-9999.0,0.375,1,P1_CV0,1,1,1,2,0
2,2536859.926,708059.4624,R2_F2_m2f2_P2_Y3_UO410,R2_F2_m2f2_P2_Y0_UO325,R2_F2_m2f2_P2_Y0_UO137,FXX,1,31.462738984758726,0,0,0.0,0,0,0,-9999.0,0.375,1,P1_CV0,1,0,2,1,1
2,2536859.926,708059.4624,R2_F2_m2f2_P2_Y3_UO411,R2_F2_m2f2_P2_Y0_UO325,R2_F2_m2f2_P2_Y0_UO137,FXX,1,31.462738984758726,0,0,0.0,0,0,0,-9999.0,0.375,1,P1_CV0,1,0,2,1,1
2,2536859.926,708059.4624,R2_F2_m2f2_P2_Y3_UO412,R2_F2_m2f2_P2_Y0_UO325,R2_F2_m2f2_P2_Y0_UO137,MXY,1,31.462738984758726,0,0,0.0,0,0,0,-9999.0,0.375,1,P1_CV0,1,0,2,1,1
2,2536859.926,708059.4624,R2_F2_m2f2_P2_Y3_UO450,R2_F2_m2f2_P2_Y1_UO318,R2_F2_m2f2_P2_Y1_UO82,FXX,1,31.462738984758726,0,0,0.0,0,0,0,-9999.0,0.5,1,P1_CV0,1,1,1,2,0
2,2536859.926,708059.4624,R2_F2_m2f2_P2_Y3_UO451,R2_F2_m2f2_P2_Y1_UO318,R2_F2_m2f2_P2_Y1_UO82,MXY,1,31.462738984758726,0,0,0.0,0,0,0,-9999.0,0.5,1,P1_CV0,1,1,1,1,1
2,2536859.926,708059.4624,R2_F2_m2f2_P2_Y3_UO452,R2_F2_m2f2_P2_Y1_UO318,R2_F2_m2f2_P2_Y1_UO82,FXX,1,31.462738984758726,0,0,0.0,0,0,0,-9999.0,0.5,1,P1_CV0,1,1,1,1,1
2,2536859.926,708059.4624,R2_F2_m2f2_P2_Y3_UO453,R2_F2_m2f2_P2_Y1_UO318,R2_F2_m2f2_P2_Y1_UO82,FXX,1,31.462738984758726,0,0,0.0,0,0,0,-9999.0,0.5,1,P1_CV0,1,0,2,2,0
2,2536859.926,708059.4624,R2_F2_m2f2_P2_Y3_UO454,R2_F2_m2f2_P2_Y1_UO318,R2_F2_m2f2_P2_Y1_UO82,FXX,1,31.462738984758726,0,0,0.0,0,0,0,-9999.0,0.5,1,P1_CV0,1,2,0,1,1
2,2536859.926,708059.4624,R2_F2_m2f2_P2_Y3_UO455,R2_F2_m2f2_P2_Y1_UO318,R2_F2_m2f2_P2_Y1_UO82,MXY,1,31.462738984758726,0,0,0.0,0,0,0,-9999.0,0.5,1,P1_CV0,1,2,0,1,1
2,2536859.926,708059.4624,R2_F2_m2f2_P2_Y3_UO534,R2_F2_m2f2_P2_Y1_UO477,R2_F2_m2f2_P2_Y1_UO186,FXX,1,31.462738984758726,0,0,0.0,0,0,0,-9999.0,0.625,1,P1_CV0,1,1,1,0,2
2,2536859.926,708059.4624,R2_F2_m2f2_P2_Y3_UO535,R2_F2_m2f2_P2_Y1_UO477,R2_F2_m2f2_P2_Y1_UO186,MXY,1,31.462738984758726,0,0,0.0,0,0,0,-9999.0,0.625,1,P1_CV0,1,2,0,1,1
2,2536859.926,708059.4624,R2_F2_m2f2_P2_Y3_UO536,R2_F2_m2f2_P2_Y1_UO477,R2_F2_m2f2_P2_Y1_UO186,FXX,1,31.462738984758726,0,0,0.0,0,0,0,-9999.0,0.625,1,P1_CV0,1,1,1,0,2
2,2536859.926,708059.4624,R2_F2_m2f2_P2_Y3_UO537,R2_F2_m2f2_P2_Y0_UO217,R2_F2_m2f2_P2_Y0_UO465,MXY,1,31.462738984758726,0,0,0.0,0,0,0,-9999.0,0.375,1,P1_CV0,1,1,1,0,2
2,2536859.926,708059.4624,R2_F2_m2f2_P2_Y3_UO538,R2_F2_m2f2_P2_Y0_UO217,R2_F2_m2f2_P2_Y0_UO465,FXX,1,31.462738984758726,0,0,0.0,0,0,0,-9999.0,0.375,1,P1_CV0,1,1,1,0,2
2,2536859.926,708059.4624,R2_F2_m2f2_P2_Y3_UO539,R2_F2_m2f2_P2_Y0_UO217,R2_F2_m2f2_P2_Y0_UO465,FXX,1,31.462738984758726,0,0,0.0,0,0,0,-9999.0,0.375,1,P1_CV0,1,0,2,1,1
2,2536859.926,708059.4624,R2_F2_m2f2_P2_Y3_UO540,R2_F2_m2f2_P2_Y0_UO217,R2_F2_m2f2_P2_Y0_UO465,FXX,1,31.462738984758726,0,0,0.0,0,0,0,-9999.0,0.375,1,P1_CV0,1,0,2,0,2
2,2536859.926,708059.4624,R2_F2_m2f2_P2_Y3_UO545,R2_F2_m2f2_P2_Y0_UO556,R2_F2_m2f2_P2_Y1_UO274,MXY,1,31.462738984758726,0,0,0.0,0,0,0,-9999.0,0.25,1,P1_CV0,1,0,2,1,1
2,2536859.926,708059.4624,R2_F2_m2f2_P2_Y3_UO546,R2_F2_m2f2_P2_Y0_UO556,R2_F2_m2f2_P2_Y1_UO274,FXX,1,31.462738984758726,0,0,0.0,0,0,0,-9999.0,0.25,1,P1_CV0,1,2,0,2,0
2,2536859.926,708059.4624,R2_F2_m2f2_P2_Y3_UO547,R2_F2_m2f2_P2_Y0_UO556,R2_F2_m2f2_P2_Y1_UO274,FXX,1,31.462738984758726,0,0,0.0,0,0,0,-9999.0,0.25,1,P1_CV0,1,0,2,0,2
2,2536859.926,708059.4624,R2_F2_m2f2_P2_Y3_UO562,R2_F2_m2f2_P2_Y0_UO212,R2_F2_m2f2_P2_Y1_UO331,MXY,1,31.462738984758726,0,0,0.0,0,0,0,-9999.0,0.75,1,P1_CV0,1,1,1,2,0
2,2536859.926,708059.4624,R2_F2_m2f2_P2_Y3_UO571,R2_F2_m-1f-1_P2_Y-1_U35,R2_F2_m2f2_P2_Y1_UO261,MXY,1,31.462738984758726,0,0,0.0,0,0,0,-9999.0,0.75,1,P1_CV0,1,2,0,2,0
2,2536859.926,708059.4624,R2_F2_m2f2_P2_Y3_UO572,R2_F2_m-1f-1_P2_Y-1_U35,R2_F2_m2f2_P2_Y1_UO261,FXX,1,31.462738984758726,0,0,0.0,0,0,0,-9999.0,0.75,1,P1_CV0,1,1,1,0,2
2,2536859.926,708059.4624,R2_F2_m2f2_P2_Y3_UO573,R2_F2_m-1f-1_P2_Y-1_U35,R2_F2_m2f2_P2_Y1_UO261,FXX,1,31.462738984758726,0,0,0.0,0,0,0,-9999.0,0.75,1,P1_CV0,1,2,0,1,1
2,2536859.926,708059.4624,R2_F2_m2f2_P2_Y3_UO574,R2_F2_m-1f-1_P2_Y-1_U35,R2_F2_m2f2_P2_Y1_UO261,MXY,1,31.462738984758726,0,0,0.0,0,0,0,-9999.0,0.75,1,P1_CV0,1,1,1,1,1
2,2536859.926,708059.4624,R2_F2_m2f2_P2_Y3_UO580,R2_F2_m2f2_P2_Y1_UO318,R2_F2_m2f2_P2_Y0_UO214,FXX,1,31.462738984758726,0,0,0.0,0,0,0,-9999.0,0.375,1,P1_CV0,1,0,2,1,1
2,2536859.926,708059.4624,R2_F2_m2f2_P2_Y3_UO581,R2_F2_m2f2_P2_Y1_UO318,R2_F2_m2f2_P2_Y0_UO214,FXX,1,31.462738984758726,0,0,0.0,0,0,0,-9999.0,0.375,1,P1_CV0,1,2,0,1,1
2,2536859.926,708059.4624,R2_F2_m2f2_P2_Y3_UO582,R2_F2_m2f2_P2_Y1_UO318,R2_F2_m2f2_P2_Y0_UO214,MXY,1,31.462738984758726,0,0,0.0,0,0,0,-9999.0,0.375,1,P1_CV0,1,1,1,1,1
2,2536859.926,708059.4624,R2_F2_m2f2_P2_Y3_UO583,R2_F2_m2f2_P2_Y1_UO318,R2_F2_m2f2_P2_Y0_UO214,MXY,1,31.462738984758726,0,0,0.0,0,0,0,-9999.0,0.375,1,P1_CV0,1,0,2,1,1
2,2536859.926,708059.4624,R2_F2_m2f2_P2_Y3_UO584,R2_F2_m2f2_P2_Y1_UO318,R2_F2_m2f2_P2_Y0_UO214,MXY,1,31.462738984758726,0,0,0.0,0,0,0,-9999.0,0.375,1,P1_CV0,1,2,0,1,1
2,2536859.926,708059.4624,R2_F2_m2f2_P2_Y2_UO151,R2_F2_m-1f-1_P2_Y-1_U81,R2_F2_m2f2_P2_Y0_UO222,MXY,2,31.954370807647237,1,0,0.0,0,0,0,-9999.0,0.5,1,P1_CV0,1,1,1,2,0
2,2536859.926,708059.4624,R2_F2_m2f2_P2_Y2_UO323,R2_F2_m2f2_P2_Y0_UO557,R2_F2_m-1f-1_P2_Y-1_U43,MXY,2,31.954370807647237,1,0,0.0,0,0,0,-9999.0,0.25,1,P1_CV0,1,0,2,1,1
2,2536859.926,708059.4624,R2_F2_m2f2_P2_Y2_UO68,R2_F2_m2f2_P2_Y0_UO557,R2_F2_m2f2_P2_Y0_UO366,MXY,2,31.954370807647237,1,0,0.0,0,0,0,-9999.0,0.25,1,P1_CV0,1,0,2,1,1
2,2536859.926,708059.4624,R2_F2_m2f2_P2_Y2_UO98,R2_F2_m2f2_P2_Y0_UO1,R2_F2_m2f2_P2_Y0_UO155,MXY,2,31.954370807647237,1,0,0.0,0,0,0,-9999.0,0.625,1,P1_CV0,1,1,1,0,2
2,2536859.926,708059.4624,R2_F2_m2f2_P2_Y2_UO568,R2_F2_m-1f-1_P2_Y-1_U67,R2_F2_m-1f-1_P2_Y-1_U88,MXY,2,31.954370807647237,1,0,0.0,0,0,0,-9999.0,0.75,1,P1_CV0,1,2,0,2,0
2,2536859.926,708059.4624,R2_F2_m2f2_P2_Y2_UO598,R2_F2_m2f2_P2_Y0_UO547,R2_F2_m2f2_P2_Y0_UO326,MXY,2,31.954370807647237,1,0,0.0,0,0,0,-9999.0,0.625,1,P1_CV0,1,1,1,2,0
2,2536859.926,708059.4624,R2_F2_m2f2_P2_Y2_UO643,R2_F2_m2f2_P2_Y0_UO217,R2_F2_m2f2_P2_Y0_UO214,FXX,2,31.954370807647237,1,0,0.0,0,0,0,-9999.0,0.375,1,P1_CV0,1,1,1,1,1
2,2536859.926,708059.4624,R2_F2_m2f2_P2_Y2_UO152,R2_F2_m-1f-1_P2_Y-1_U81,R2_F2_m2f2_P2_Y0_UO222,MXY,2,31.954370807647237,1,0,0.0,0,0,0,-9999.0,0.5,1,P1_CV0,1,2,0,2,0
2,2536859.926,708059.4624,R2_F2_m2f2_P2_Y2_UO69,R2_F2_m2f2_P2_Y0_UO557,R2_F2_m2f2_P2_Y0_UO366,MXY,2,31.954370807647237,1,0,0.0,0,0,0,-9999.0,0.25,1,P1_CV0,1,0,2,2,0
2,2536859.926,708059.4624,R2_F2_m2f2_P2_Y2_UO320,R2_F2_m2f2_P2_Y0_UO547,R2_F2_m2f2_P2_Y0_UO413,MXY,2,31.954370807647237,1,0,0.0,0,0,0,-9999.0,0.75,1,P1_CV0,1,1,1,0,2
2,2536859.926,708059.4624,R2_F2_m2f2_P2_Y2_UO148,R2_F2_m-1f-1_P2_Y-1_U81,R2_F2_m2f2_P2_Y0_UO222,FXX,2,31.954370807647237,1,0,1.0,0,0,0,-9999.0,0.5,1,P1_CV0,1,1,1,1,1
2,2536859.926,708059.4624,R2_F2_m2f2_P2_Y2_UO566,R2_F2_m-1f-1_P2_Y-1_U67,R2_F2_m-1f-1_P2_Y-1_U88,MXY,2,31.954370807647237,1,0,0.0,0,0,0,-9999.0,0.75,1,P1_CV0,1,2,0,2,0
2,2536859.926,708059.4624,R2_F2_m2f2_P2_Y2_UO385,R2_F2_m2f2_P2_Y0_UO0,R2_F2_m-1f-1_P2_Y-1_U88,FXX,2,31.954370807647237,1,0,1.0,0,0,0,-9999.0,0.875,1,P1_CV0,1,2,0,2,0
2,2536859.926,708059.4624,R2_F2_m2f2_P2_Y2_UO94,R2_F2_m2f2_P2_Y0_UO1,R2_F2_m2f2_P2_Y0_UO155,MXY,2,31.954370807647237,1,0,0.0,0,0,0,-9999.0,0.625,1,P1_CV0,1,1,1,1,1
2,2536859.926,708059.4624,R2_F2_m2f2_P2_Y2_UO585,R2_F2_m2f2_P2_Y0_UO547,R2_F2_m2f2_P2_Y0_UO546,MXY,2,31.954370807647237,1,0,0.0,0,0,0,-9999.0,1.0,1,P1_CV0,1,2,0,1,1
2,2536859.926,708059.4624,R2_F2_m2f2_P2_Y2_UO543,R2_F2_m2f2_P2_Y0_UO0,R2_F2_m-1f-1_P2_Y-1_U15,FXX,2,31.954370807647237,1,0,1.0,0,0,0,-9999.0,0.375,1,P1_CV0,1,1,1,2,0
2,2536859.926,708059.4624,R2_F2_m2f2_P2_Y2_UO599,R2_F2_m2f2_P2_Y0_UO547,R2_F2_m2f2_P2_Y0_UO326,MXY,2,31.954370807647237,1,0,0.0,0,0,0,-9999.0,0.625,1,P1_CV0,1,0,2,1,1
2,2536859.926,708059.4624,R2_F2_m2f2_P2_Y2_UO639,R2_F2_m2f2_P2_Y0_UO217,R2_F2_m2f2_P2_Y0_UO214,MXY,2,31.954370807647237,1,0,0.0,0,0,0,-9999.0,0.375,1,P1_CV0,1,1,1,1,1
2,2536859.926,708059.4624,R2_F2_m2f2_P2_Y2_UO95,R2_F2_m2f2_P2_Y0_UO1,R2_F2_m2f2_P2_Y0_UO155,MXY,2,31.954370807647237,1,0,0.0,0,0,0,-9999.0,0.625,1,P1_CV0,1,1,1,0,2
2,2536859.926,708059.4624,R2_F2_m2f2_P2_Y2_UO142,R2_F2_m-1f-1_P2_Y-1_U4,R2_F2_m2f2_P2_Y0_UO209,FXX,2,31.954370807647237,1,0,2.346,0,0,0,-9999.0,1.0,1,P1_CV0,1,2,0,2,0
2,2536859.926,708059.4624,R2_F2_m2f2_P2_Y2_UO432,R2_F2_m-1f-1_P2_Y-1_U81,R2_F2_m2f2_P2_Y0_UO367,FXX,2,31.954370807647237,1,0,0.0,0,0,0,-9999.0,0.5,1,P1_CV0,1,1,1,1,1
2,2536859.926,708059.4624,RD2_F2_m2f2_P2_Y2_UO153,R2_F2_m-1f-1_P2_Y-1_U81,R2_F2_m2f2_P2_Y0_UO222,MXY,2,31.954370807647237,1,0,0.0,0,0,0,-9999.0,0.5,1,P1_CV0,1,1,1,1,1
2,2536859.926,708059.4624,R2_F2_m2f2_P2_Y2_UO600,R2_F2_m2f2_P2_Y0_UO547,R2_F2_m2f2_P2_Y0_UO326,FXX,2,31.954370807647237,1,0,1.11,0,0,0,-9999.0,0.625,1,P1_CV0,1,0,2,1,1
2,2536859.926,708059.4624,R2_F2_m2f2_P2_Y2_UO96,R2_F2_m2f2_P2_Y0_UO1,R2_F2_m2f2_P2_Y0_UO155,MXY,2,31.954370807647237,1,0,0.0,0,0,0,-9999.0,0.625,1,P1_CV0,1,1,1,1,1
2,2536859.926,708059.4624,R2_F2_m2f2_P2_Y2_UO258,R2_F2_m-1f-1_P2_Y-1_U23,R2_F2_m2f2_P2_Y0_UO198,FXX,2,31.954370807647237,1,0,1.434,0,0,0,-9999.0,0.75,1,P1_CV0,1,1,1,0,2
2,2536859.926,708059.4624,R2_F2_m2f2_P2_Y2_UO259,R2_F2_m-1f-1_P2_Y-1_U23,R2_F2_m2f2_P2_Y0_UO198,FXX,2,31.954370807647237,1,0,1.127,0,0,0,-9999.0,0.75,1,P1_CV0,1,2,0,0,2
2,2536859.926,708059.4624,R2_F2_m2f2_P2_Y2_UO641,R2_F2_m2f2_P2_Y0_UO217,R2_F2_m2f2_P2_Y0_UO214,MXY,2,31.954370807647237,1,0,0.0,0,0,0,-9999.0,0.375,1,P1_CV0,1,1,1,1,1
2,2536859.926,708059.4624,R2_F2_m2f2_P2_Y2_UO322,R2_F2_m2f2_P2_Y0_UO557,R2_F2_m-1f-1_P2_Y-1_U43,FXX,2,31.954370807647237,1,0,1.0,0,0,0,-9999.0,0.25,1,P1_CV0,1,1,1,2,0
2,2536859.926,708059.4624,R2_F2_m2f2_P2_Y2_UO143,R2_F2_m-1f-1_P2_Y-1_U4,R2_F2_m2f2_P2_Y0_UO209,MXY,2,31.954370807647237,1,0,0.0,0,0,0,-9999.0,1.0,1,P1_CV0,1,2,0,2,0
2,2536859.926,708059.4624,R2_F2_m2f2_P2_Y2_UO602,R2_F2_m2f2_P2_Y0_UO547,R2_F2_m2f2_P2_Y0_UO326,FXX,2,31.954370807647237,1,0,1.0,0,0,0,-9999.0,0.625,1,P1_CV0,1,1,1,2,0
2,2536859.926,708059.4624,R2_F2_m2f2_P2_Y2_UO382,R2_F2_m2f2_P2_Y0_UO0,R2_F2_m-1f-1_P2_Y-1_U88,FXX,2,31.954370807647237,1,0,1.275,0,0,0,-9999.0,0.875,1,P1_CV0,1,2,0,2,0
2,2536859.926,708059.4624,R2_F2_m2f2_P2_Y2_UO316,R2_F2_m2f2_P2_Y0_UO547,R2_F2_m2f2_P2_Y0_UO413,MXY,2,31.954370807647237,1,0,0.0,0,0,0,-9999.0,0.75,1,P1_CV0,1,0,2,0,2
2,2536859.926,708059.4624,R2_F2_m2f2_P2_Y2_UO435,R2_F2_m-1f-1_P2_Y-1_U81,R2_F2_m2f2_P2_Y0_UO367,MXY,2,31.954370807647237,1,0,0.0,0,0,0,-9999.0,0.5,1,P1_CV0,1,2,0,1,1
2,2536859.926,708059.4624,R2_F2_m2f2_P2_Y2_UO429,R2_F2_m-1f-1_P2_Y-1_U81,R2_F2_m2f2_P2_Y0_UO367,MXY,2,31.954370807647237,1,0,0.0,0,0,0,-9999.0,0.5,1,P1_CV0,1,2,0,1,1
2,2536859.926,708059.4624,R2_F2_m2f2_P2_Y2_UO428,R2_F2_m-1f-1_P2_Y-1_U81,R2_F2_m2f2_P2_Y0_UO367,MXY,2,31.954370807647237,1,0,0.0,0,0,0,-9999.0,0.5,1,P1_CV0,1,2,0,1,1
2,2536859.926,708059.4624,R2_F2_m2f2_P2_Y2_UO547,R2_F2_m2f2_P2_Y0_UO0,R2_F2_m-1f-1_P2_Y-1_U15,MXY,2,31.954370807647237,1,0,0.0,0,0,0,-9999.0,0.375,1,P1_CV0,1,1,1,2,0
2,2536859.926,708059.4624,R2_F2_m2f2_P2_Y2_UO262,R2_F2_m-1f-1_P2_Y-1_U23,R2_F2_m2f2_P2_Y0_UO198,MXY,2,31.954370807647237,1,0,0.0,0,0,0,-9999.0,0.75,1,P1_CV0,1,2,0,0,2
2,2536859.926,708059.4624,R2_F2_m2f2_P2_Y2_UO321,R2_F2_m2f2_P2_Y0_UO547,R2_F2_m2f2_P2_Y0_UO413,FXX,2,31.954370807647237,1,0,0.0,0,0,0,-9999.0,0.75,1,P1_CV0,1,0,2,1,1
2,2536859.926,708059.4624,R2_F2_m2f2_P2_Y2_UO544,R2_F2_m2f2_P2_Y0_UO0,R2_F2_m-1f-1_P2_Y-1_U15,FXX,2,31.954370807647237,1,0,0.0,0,0,0,-9999.0,0.375,1,P1_CV0,1,1,1,2,0
2,2536859.926,708059.4624,R2_F2_m2f2_P2_Y2_UO546,R2_F2_m2f2_P2_Y0_UO0,R2_F2_m-1f-1_P2_Y-1_U15,FXX,2,31.954370807647237,1,0,1.0,0,0,0,-9999.0,0.375,1,P1_CV0,1,1,1,2,0
2,2536859.926,708059.4624,R2_F2_m2f2_P2_Y2_UO384,R2_F2_m2f2_P2_Y0_UO0,R2_F2_m-1f-1_P2_Y-1_U88,FXX,2,31.954370807647237,1,0,0.0,0,0,0,-9999.0,0.875,1,P1_CV0,1,2,0,2,0
2,2536859.926,708059.4624,R2_F2_m2f2_P2_Y2_UO569,R2_F2_m-1f-1_P2_Y-1_U67,R2_F2_m-1f-1_P2_Y-1_U88,MXY,2,31.954370807647237,1,0,0.0,0,0,0,-9999.0,0.75,1,P1_CV0,1,2,0,2,0
2,2536859.926,708059.4624,I2_F7_m2f2_P2_Y2_UO189,R2_F2_m2f2_P2_Y0_UO410,R2_F2_m2f2_P2_Y0_UO366,MXY,2,31.944382901741374,1,0,0.0,0,0,0,-9999.0,0.5,1,P1_CV0,1,1,1,2,0
2,2536859.926,708059.4624,R2_F2_m2f2_P2_Y1_UO182,R2_F2_m-1f-1_P2_Y-1_U81,R2_F2_m-1f-1_P2_Y-1_U126,MXY,3,32.4204324654932,1,0,0.0,0,0,0,-9999.0,0.5,1,P1_CV0,1,0,2,0,2
2,2536859.926,708059.4624,R2_F2_m2f2_P2_Y1_UO114,R2_F2_m-1f-1_P2_Y-1_U127,R2_F2_m-1f-1_P2_Y-1_U111,MXY,3,32.4204324654932,1,0,0.0,0,0,0,-9999.0,0.25,1,P1_CV0,1,1,1,0,2
2,2536859.926,708059.4624,R2_F2_m2f2_P2_Y1_UO398,R2_F2_m-1f-1_P2_Y-1_U62,R2_F2_m-1f-1_P2_Y-1_U114,MXY,3,32.4204324654932,1,0,0.0,0,0,0,-9999.0,0.25,1,P1_CV0,1,1,1,1,1
2,2536859.926,708059.4624,R2_F2_m2f2_P2_Y1_UO347,R2_F2_m-1f-1_P2_Y-1_U36,R2_F2_m-1f-1_P2_Y-1_U12,MXY,3,32.4204324654932,1,0,0.0,0,0,0,-9999.0,0.5,1,P1_CV0,1,1,1,1,1
2,2536859.926,708059.4624,R2_F2_m2f2_P2_Y1_UO477,R2_F2_m-1f-1_P2_Y-1_U94,R2_F2_m-1f-1_P2_Y-1_U39,FXX,3,32.4204324654932,1,0,1.095,0,0,0,-9999.0,0.5,1,P1_CV0,1,2,0,1,1
2,2536859.926,708059.4624,R2_F2_m2f2_P2_Y1_UO551,R2_F2_m-1f-1_P2_Y-1_U72,R2_F2_m-1f-1_P2_Y-1_U76,MXY,3,32.4204324654932,1,0,0.0,0,0,0,-9999.0,0.5,1,P1_CV0,1,1,1,0,2
2,2536859.926,708059.4624,R2_F2_m2f2_P2_Y1_UO510,R2_F2_m-1f-1_P2_Y-1_U46,R2_F2_m-1f-1_P2_Y-1_U43,FXX,3,32.4204324654932,1,0,0.0,0,0,0,-9999.0,0.75,1,P1_CV0,1,1,1,1,1
2,2536859.926,708059.4624,R2_F2_m2f2_P2_Y1_UO108,R2_F2_m-1f-1_P2_Y-1_U23,R2_F2_m-1f-1_P2_Y-1_U90,FXX,3,32.4204324654932,1,0,1.931,0,0,0,-9999.0,0.75,1,P1_CV0,1,2,0,1,1
2,2536859.926,708059.4624,R2_F2_m2f2_P2_Y1_UO441,R2_F2_m-1f-1_P2_Y-1_U58,I2_F7_m-1f-1_P2_Y-1_U52,MXY,3,32.4204324654932,1,0,0.0,0,0,0,-9999.0,0.25,1,P1_CV0,1,2,0,1,1
2,2536859.926,708059.4624,R2_F2_m2f2_P2_Y1_UO332,R2_F2_m-1f-1_P2_Y-1_U68,R2_F2_m-1f-1_P2_Y-1_U80,MXY,3,32.4204324654932,1,0,0.0,0,0,0,-9999.0,0.5,1,P1_CV0,1,1,1,2,0
2,2536859.926,708059.4624,R2_F2_m2f2_P2_Y1_UO383,R2_F2_m-1f-1_P2_Y-1_U49,R2_F2_m-1f-1_P2_Y-1_U3,FXX,3,32.4204324654932,1,0,1.0,0,0,0,-9999.0,0.75,1,P1_CV0,1,0,2,1,1
2,2536859.926,708059.4624,R2_F2_m2f2_P2_Y1_UO258,R2_F2_m-1f-1_P2_Y-1_U58,R2_F2_m-1f-1_P2_Y-1_U15,FXX,3,32.4204324654932,1,0,1.378,0,0,0,-9999.0,0.25,1,P1_CV0,1,1,1,2,0
2,2536859.926,708059.4624,R2_F2_m2f2_P2_Y1_UO366,R2_F2_m-1f-1_P2_Y-1_U123,R2_F2_m-1f-1_P2_Y-1_U70,FXX,3,32.4204324654932,1,0,0.0,0,0,0,-9999.0,1.0,1,P1_CV0,1,2,0,0,2
2,2536859.926,708059.4624,R2_F2_m2f2_P2_Y1_UO516,R2_F2_m-1f-1_P2_Y-1_U67,R2_F2_m-1f-1_P2_Y-1_U113,MXY,3,32.4204324654932,1,0,0.0,0,0,0,-9999.0,0.25,1,P1_CV0,1,2,0,2,0
2,2536859.926,708059.4624,R2_F2_m2f2_P2_Y1_UO331,R2_F2_m-1f-1_P2_Y-1_U68,R2_F2_m-1f-1_P2_Y-1_U80,MXY,3,32.4204324654932,1,0,0.0,0,0,0,-9999.0,0.5,1,P1_CV0,1,1,1,2,0
2,2536859.926,708059.4624,R2_F2_m2f2_P2_Y1_UO467,R2_F2_m-1f-1_P2_Y-1_U95,R2_F2_m-1f-1_P2_Y-1_U89,MXY,3,32.4204324654932,1,0,0.0,0,0,0,-9999.0,0.25,1,P1_CV0,1,1,1,1,1
2,2536859.926,708059.4624,R2_F2_m2f2_P2_Y1_UO82,R2_F2_m-1f-1_P2_Y-1_U4,R2_F2_m-1f-1_P2_Y-1_U80,MXY,3,32.4204324654932,1,0,0.0,0,0,0,-9999.0,0.75,1,P1_CV0,1,1,1,1,1
2,2536859.926,708059.4624,R2_F2_m2f2_P2_Y1_UO440,R2_F2_m-1f-1_P2_Y-1_U58,I2_F7_m-1f-1_P2_Y-1_U52,FXX,3,32.4204324654932,1,0,1.762,0,0,0,-9999.0,0.25,1,P1_CV0,1,2,0,1,1
2,2536859.926,708059.4624,R2_F2_m2f2_P2_Y1_UO406,R2_F2_m-1f-1_P2_Y-1_U26,R2_F2_m-1f-1_P2_Y-1_U114,FXX,3,32.4204324654932,1,0,2.052,0,0,0,-9999.0,0.25,1,P1_CV0,1,2,0,1,1
2,2536859.926,708059.4624,R2_F2_m2f2_P2_Y1_UO274,R2_F2_m-1f-1_P2_Y-1_U68,R2_F2_m-1f-1_P2_Y-1_U114,MXY,3,32.4204324654932,1,0,0.0,0,0,0,-9999.0,0.5,1,P1_CV0,1,1,1,1,1
2,2536859.926,708059.4624,R2_F2_m2f2_P2_Y1_UO550,R2_F2_m-1f-1_P2_Y-1_U72,R2_F2_m-1f-1_P2_Y-1_U76,MXY,3,32.4204324654932,1,0,0.0,0,0,0,-9999.0,0.5,1,P1_CV0,1,0,2,2,0
2,2536859.926,708059.4624,R2_F2_m2f2_P2_Y1_UO349,R2_F2_m-1f-1_P2_Y-1_U36,R2_F2_m-1f-1_P2_Y-1_U12,MXY,3,32.4204324654932,1,0,0.0,0,0,0,-9999.0,0.5,1,P1_CV0,1,1,1,1,1
2,2536859.926,708059.4624,I2_F7_m2f2_P2_Y1_UO367,R2_F2_m-1f-1_P2_Y-1_U123,R2_F2_m-1f-1_P2_Y-1_U70,FXX,3,32.41123694027871,1,0,0.0,0,0,0,-9999.0,1.0,1,P1_CV0,1,2,0,1,1
2,2536859.926,708059.4624,R2_F2_m2f2_P2_Y0_UO544,R2_F2_m-1f-1_P2_Y-1_U1,R2_F2_m-1f-1_P2_Y-1_U97,FXX,4,32.77028914499299,1,0,1.392,0,0,0,-9999.0,1.0,1,P1_CV0,1,2,0,2,0
2,2536859.926,708059.4624,R2_F2_m2f2_P2_Y0_UO646,R2_F2_m-1f-1_P2_Y-1_U68,R2_F2_m-1f-1_P2_Y-1_U52,MXY,4,32.77028914499299,1,0,0.0,0,0,0,-9999.0,0.25,1,P1_CV0,1,2,0,2,0
2,2536859.926,708059.4624,R2_F2_m2f2_P2_Y0_UO556,R2_F2_m-1f-1_P2_Y-1_U6,R2_F2_m-1f-1_P2_Y-1_U16,FXX,4,32.77028914499299,1,0,1.814,0,0,0,-9999.0,0.0,1,P1_CV0,1,1,1,1,1
2,2536859.926,708059.4624,R2_F2_m2f2_P2_Y0_UO214,R2_F2_m-1f-1_P2_Y-1_U6,R2_F2_m-1f-1_P2_Y-1_U82,MXY,4,32.77028914499299,1,0,0.0,0,0,0,-9999.0,0.5,1,P1_CV0,1,1,1,0,2
2,2536859.926,708059.4624,R2_F2_m2f2_P2_Y0_UO325,R2_F2_m-1f-1_P2_Y-1_U34,R2_F2_m-1f-1_P2_Y-1_U99,FXX,4,32.77028914499299,1,0,0.0,0,0,0,-9999.0,0.25,1,P1_CV0,1,1,1,1,1
2,2536859.926,708059.4624,R2_F2_m2f2_P2_Y0_UO1,R2_F2_m-1f-1_P2_Y-1_U36,R2_F2_m-1f-1_P2_Y-1_U18,FXX,4,32.77028914499299,1,0,0.0,0,0,0,-9999.0,0.75,1,P1_CV0,1,0,2,1,1
2,2536859.926,708059.4624,R2_F2_m-1f-1_P2_Y-1_U23,-9999,-9999,FXX,5,33.06906661480491,1,0,0.0,0,0,0,-9999.0,1.0,1,P1_CV0,1,2,0,0,2
2,2536859.926,708059.4624,R2_F2_m-1f-1_P2_Y-1_U102,-9999,-9999,MXY,5,33.07762321404914,1,0,0.0,0,0,0,-9999.0,0.5,1,P1_CV0,1,1,1,2,0
2,2536859.926,708059.4624,I2_F7_m-1f-1_P2_Y-1_U92,-9999,-9999,FXX,5,33.071765434288515,1,0,2.771,0,0,0,-9999.0,1.0,1,P1_CV0,1,2,0,1,1
2,2536859.926,708059.4624,I2_F7_m-1f-1_P2_Y-1_U43,-9999,-9999,MXY,5,33.071765434288515,1,0,0.0,0,0,0,-9999.0,0.5,1,P1_CV0,1,1,1,2,0
2,2536859.926,708059.4624,RD2_F3_m3f3_P3_Y3_UO585,R3_F3_m3f3_P3_Y1_UO189,R3_F3_m3f3_P3_Y0_UO476,MXY,1,31.46002662110584,0,0,0.0,0,0,0,-9999.0,0.5,1,P2_CV0,1,1,1,1,1
2,2536859.926,708059.4624,R2_F2_m3f3_P3_Y2_UO314,R3_F3_m-1f-1_P3_Y-1_U57,R3_F3_m-1f-1_P3_Y-1_U53,FXX,2,31.946091930533612,1,0,1.625,0,0,0,-9999.0,0.5,1,P2_CV0,1,2,0,2,0
2,2536859.926,708059.4624,I2_F7_m4f4_P4_Y1_UO111,R4_F4_m-1f-1_P4_Y-1_U70,I4_F7_m-1f-1_P4_Y-1_U48,MXY,3,32.381003642474205,1,0,0.0,0,0,0,-9999.0,0.25,1,P3_CV0,1,0,2,1,1
2,2536859.926,708059.4624,RD2_F5_m5f5_P5_Y2_UO50,R5_F5_m-1f-1_P5_Y-1_U38,R5_F5_m-1f-1_P5_Y-1_U80,MXY,2,66.2073125397885,1,0,0.0,0,0,0,-9999.0,0.75,1,P4_CV0,1,1,1,1,1
2,2536859.926,708059.4624,RD2_F5_m5f5_P5_Y2_UO49,R5_F5_m-1f-1_P5_Y-1_U38,R5_F5_m-1f-1_P5_Y-1_U80,MXY,2,66.2073125397885,1,0,0.0,0,0,0,-9999.0,0.75,1,P4_CV0,1,1,1,0,2
2,2536859.926,708059.4624,R2_F2_m2f2_P2_Y3_UO61,R2_F2_m-1f-1_P2_Y-1_U95,RD2_F6_m-1f-1_P6_Y-1_U26,MXY,1,31.462738984758726,0,0,0.0,0,0,0,-9999.0,0.5,1,P5_CV0,1,0,2,2,0
2,2536859.926,708059.4624,R2_F2_m2f2_P2_Y3_UO65,R2_F2_m-1f-1_P2_Y-1_U95,RD2_F6_m-1f-1_P6_Y-1_U26,MXY,1,31.462738984758726,0,0,0.0,0,0,0,-9999.0,0.5,1,P5_CV0,1,1,1,2,0
2,2536859.926,708059.4624,R2_F2_m2f2_P2_Y3_UO67,R2_F2_m-1f-1_P2_Y-1_U95,RD2_F6_m-1f-1_P6_Y-1_U26,FXX,1,31.462738984758726,0,0,0.0,0,0,0,-9999.0,0.5,1,P5_CV0,1,2,0,2,0
2,2536859.926,708059.4624,R2_F2_m2f2_P2_Y3_UO108,R2_F2_m2f2_P2_Y1_UO276,RD2_F6_m-1f-1_P6_Y-1_U26,MXY,1,31.462738984758726,0,0,0.0,0,0,0,-9999.0,0.625,1,P5_CV0,1,2,0,2,0
2,2536859.926,708059.4624,R2_F2_m2f2_P2_Y3_UO109,R2_F2_m2f2_P2_Y1_UO276,RD2_F6_m-1f-1_P6_Y-1_U26,MXY,1,31.462738984758726,0,0,0.0,0,0,0,-9999.0,0.625,1,P5_CV0,1,2,0,2,0
2,2536859.926,708059.4624,R2_F2_m2f2_P2_Y3_UO110,R2_F2_m2f2_P2_Y1_UO276,RD2_F6_m-1f-1_P6_Y-1_U26,FXX,1,31.462738984758726,0,0,0.0,0,0,0,-9999.0,0.625,1,P5_CV0,1,2,0,2,0
3,2532969.44,705413.5711,R3_F3_m3f3_P3_Y2_UO609,R3_F3_m-1f-1_P1_Y-1_U124,R3_F3_m-1f-1_P3_Y-1_U14,MXY,2,31.06441980251544,1,0,0.0,0,0,0,-9999.0,0.5,1,P0_CV0,2,1,1,1,1
3,2532969.44,705413.5711,R3_F3_m3f3_P3_Y2_UO292,R3_F3_m-1f-1_P1_Y-1_U124,RD3_F4_m4f4_P4_Y0_UO53,FXX,2,31.06441980251544,1,0,0.0,0,0,0,-9999.0,0.125,1,P0_CV0,2,0,2,0,2
3,2532969.44,705413.5711,R3_F3_m3f3_P3_Y2_UO633,R3_F3_m-1f-1_P1_Y-1_U124,R3_F3_m3f3_P3_Y0_UO184,MXY,2,31.06441980251544,1,0,0.0,0,0,0,-9999.0,0.125,1,P0_CV0,2,0,2,0,2
3,2532969.44,705413.5711,R3_F3_m3f3_P3_Y2_UO634,R3_F3_m-1f-1_P1_Y-1_U124,R3_F3_m3f3_P3_Y0_UO184,MXY,2,31.06441980251544,1,0,0.0,0,0,0,-9999.0,0.125,1,P0_CV0,2,0,2,1,1
3,2532969.44,705413.5711,R3_F3_m3f3_P3_Y2_UO297,R3_F3_m-1f-1_P1_Y-1_U124,RD3_F4_m4f4_P4_Y0_UO53,MXY,2,31.06441980251544,1,0,0.0,0,0,0,-9999.0,0.125,1,P0_CV0,2,0,2,1,1
3,2532969.44,705413.5711,RD3_F1_m1f1_P1_Y3_UO542,RD1_F2_m-1f-1_P2_Y-1_U77,R1_F1_m1f1_P1_Y0_UO400,MXY,1,31.029856443103856,0,0,0.0,0,0,0,-9999.0,0.25,1,P1_CV0,2,1,1,1,1
3,2532969.44,705413.5711,R3_F3_m3f3_P3_Y3_UO0,R3_F3_m3f3_P3_Y0_UO305,R3_F3_m3f3_P3_Y0_UO286,FXX,1,31.03093970338259,0,0,0.0,0,0,0,-9999.0,0.5,1,P2_CV0,2,0,2,1,1
3,2532969.44,705413.5711,R3_F3_m3f3_P3_Y3_UO1,R3_F3_m3f3_P3_Y0_UO305,R3_F3_m3f3_P3_Y0_UO286,FXX,1,31.03093970338259,0,0,0.0,0,0,0,-9999.0,0.5,1,P2_CV0,2,2,0,1,1
3,2532969.44,705413.5711,R3_F3_m3f3_P3_Y3_UO3,R3_F3_m-1f-1_P3_Y-1_U72,R3_F3_m3f3_P3_Y1_UO422,FXX,1,31.03093970338259,0,0,0.0,0,0,0,-9999.0,0.875,1,P2_CV0,2,2,0,0,2
3,2532969.44,705413.5711,R3_F3_m3f3_P3_Y3_UO4,R3_F3_m-1f-1_P3_Y-1_U72,R3_F3_m3f3_P3_Y1_UO422,MXY,1,31.03093970338259,0,0,0.0,0,0,0,-9999.0,0.875,1,P2_CV0,2,2,0,1,1
3,2532969.44,705413.5711,R3_F3_m3f3_P3_Y3_UO5,R3_F3_m-1f-1_P3_Y-1_U72,R3_F3_m3f3_P3_Y1_UO422,FXX,1,31.03093970338259,0,0,0.0,0,0,0,-9999.0,0.875,1,P2_CV0,2,2,0,0,2
3,2532969.44,705413.5711,R3_F3_m3f3_P3_Y3_UO6,R3_F3_m-1f-1_P3_Y-1_U72,R3_F3_m3f3_P3_Y1_UO422,MXY,1,31.03093970338259,0,0,0.0,0,0,0,-9999.0,0.875,1,P2_CV0,2,1,1,1,1
3,2532969.44,705413.5711,R3_F3_m3f3_P3_Y3_UO96,R3_F3_m3f3_P3_Y0_UO305,R3_F3_m3f3_P3_Y1_UO178,MXY,1,31.03093970338259,0,0,0.0,0,0,0,-9999.0,0.625,1,P2_CV0,2,1,1,1,1
3,2532969.44,705413.5711,R3_F3_m3f3_P3_Y3_UO97,R3_F3_m3f3_P3_Y0_UO305,R3_F3_m3f3_P3_Y1_UO178,MXY,1,31.03093970338259,0,0,0.0,0,0,0,-9999.0,0.625,1,P2_CV0,2,2,0,1,1
3,2532969.44,705413.5711,R3_F3_m3f3_P3_Y3_UO114,R3_F3_m3f3_P3_Y1_UO369,R3_F3_m3f3_P3_Y1_UO147,FXX,1,31.03093970338259,0,0,0.0,0,0,0,-9999.0,0.375,1,P2_CV0,2,2,0,1,1
3,2532969.44,705413.5711,R3_F3_m3f3_P3_Y3_UO115,R3_F3_m3f3_P3_Y1_UO369,R3_F3_m3f3_P3_Y1_UO147,MXY,1,31.03093970338259,0,0,0.0,0,0,0,-9999.0,0.375,1,P2_CV0,2,1,1,1,1
3,2532969.44,705413.5711,R3_F3_m3f3_P3_Y3_UO125,R3_F3_m-1f-1_P3_Y-1_U72,R3_F3_m3f3_P3_Y1_UO364,FXX,1,31.03093970338259,0,0,0.0,0,0,0,-9999.0,0.75,1,P2_CV0,2,1,1,0,2
3,2532969.44,705413.5711,R3_F3_m3f3_P3_Y3_UO126,R3_F3_m-1f-1_P3_Y-1_U72,R3_F3_m3f3_P3_Y1_UO364,FXX,1,31.03093970338259,0,0,0.0,0,0,0,-9999.0,0.75,1,P2_CV0,2,1,1,1,1
3,2532969.44,705413.5711,R3_F3_m3f3_P3_Y3_UO127,R3_F3_m-1f-1_P3_Y-1_U72,R3_F3_m3f3_P3_Y1_UO364,MXY,1,31.03093970338259,0,0,0.0,0,0,0,-9999.0,0.75,1,P2_CV0,2,1,1,0,2
3,2532969.44,705413.5711,R3_F3_m3f3_P3_Y3_UO128,R3_F3_m-1f-1_P3_Y-1_U72,R3_F3_m3f3_P3_Y1_UO364,FXX,1,31.03093970338259,0,0,0.0,0,0,0,-9999.0,0.75,1,P2_CV0,2,1,1,1,1
3,2532969.44,705413.5711,R3_F3_m3f3_P3_Y3_UO129,R3_F3_m-1f-1_P3_Y-1_U72,R3_F3_m3f3_P3_Y1_UO364,FXX,1,31.03093970338259,0,0,0.0,0,0,0,-9999.0,0.75,1,P2_CV0,2,1,1,0,2
3,2532969.44,705413.5711,R3_F3_m3f3_P3_Y3_UO130,R3_F3_m-1f-1_P3_Y-1_U72,R3_F3_m3f3_P3_Y1_UO364,MXY,1,31.03093970338259,0,0,0.0,0,0,0,-9999.0,0.75,1,P2_CV0,2,1,1,0,2
3,2532969.44,705413.5711,R3_F3_m3f3_P3_Y3_UO131,R3_F3_m-1f-1_P3_Y-1_U72,R3_F3_m3f3_P3_Y1_UO364,FXX,1,31.03093970338259,0,0,0.0,0,0,0,-9999.0,0.75,1,P2_CV0,2,1,1,0,2
3,2532969.44,705413.5711,R3_F3_m3f3_P3_Y3_UO135,R3_F3_m3f3_P3_Y1_UO473,R3_F3_m3f3_P3_Y0_UO304,MXY,1,31.03093970338259,0,0,0.0,0,0,0,-9999.0,0.5,1,P2_CV0,2,0,2,0,2
3,2532969.44,705413.5711,R3_F3_m3f3_P3_Y3_UO136,R3_F3_m3f3_P3_Y1_UO473,R3_F3_m3f3_P3_Y0_UO304,MXY,1,31.03093970338259,0,0,0.0,0,0,0,-9999.0,0.5,1,P2_CV0,2,1,1,1,1
3,2532969.44,705413.5711,R3_F3_m3f3_P3_Y3_UO137,R3_F3_m3f3_P3_Y1_UO473,R3_F3_m3f3_P3_Y0_UO304,FXX,1,31.03093970338259,0,0,0.0,0,0,0,-9999.0,0.5,1,P2_CV0,2,1,1,2,0
3,2532969.44,705413.5711,R3_F3_m3f3_P3_Y3_UO144,R3_F3_m3f3_P3_Y1_UO69,R3_F3_m3f3_P3_Y1_UO178,MXY,1,31.03093970338259,0,0,0.0,0,0,0,-9999.0,0.5,1,P2_CV0,2,1,1,1,1
3,2532969.44,705413.5711,R3_F3_m3f3_P3_Y3_UO145,R3_F3_m3f3_P3_Y1_UO69,R3_F3_m3f3_P3_Y1_UO178,MXY,1,31.03093970338259,0,0,0.0,0,0,0,-9999.0,0.5,1,P2_CV0,2,1,1,0,2
3,2532969.44,705413.5711,R3_F3_m3f3_P3_Y3_UO146,R3_F3_m3f3_P3_Y1_UO69,R3_F3_m3f3_P3_Y1_UO178,FXX,1,31.03093970338259,0,0,0.0,0,0,0,-9999.0,0.5,1,P2_CV0,2,1,1,1,1
3,2532969.44,705413.5711,R3_F3_m3f3_P3_Y3_UO234,R3_F3_m3f3_P3_Y1_UO369,R3_F3_m3f3_P3_Y1_UO167,MXY,1,31.03093970338259,0,0,0.0,0,0,0,-9999.0,0.5,1,P2_CV0,2,2,0,1,1
3,2532969.44,705413.5711,R3_F3_m3f3_P3_Y3_UO235,R3_F3_m3f3_P3_Y1_UO369,R3_F3_m3f3_P3_Y1_UO167,FXX,1,31.03093970338259,0,0,0.0,0,0,0,-9999.0,0.5,1,P2_CV0,2,1,1,1,1
3,2532969.44,705413.5711,R3_F3_m3f3_P3_Y3_UO236,R3_F3_m3f3_P3_Y1_UO369,R3_F3_m3f3_P3_Y1_UO167,FXX,1,31.03093970338259,0,0,0.0,0,0,0,-9999.0,0.5,1,P2_CV0,2,1,1,1,1
3,2532969.44,705413.5711,R3_F3_m3f3_P3_Y3_UO240,R3_F3_m3f3_P3_Y1_UO148,I3_F7_m3f3_P3_Y1_UO143,MXY,1,31.03093970338259,0,0,0.0,0,0,0,-9999.0,0.5,1,P2_CV0,2,0,2,1,1
3,2532969.44,705413.5711,R3_F3_m3f3_P3_Y3_UO241,R3_F3_m3f3_P3_Y1_UO148,I3_F7_m3f3_P3_Y1_UO143,MXY,1,31.03093970338259,0,0,0.0,0,0,0,-9999.0,0.5,1,P2_CV0,2,2,0,0,2
3,2532969.44,705413.5711,R3_F3_m3f3_P3_Y3_UO262,R3_F3_m3f3_P3_Y0_UO331,R3_F3_m3f3_P3_Y0_UO647,MXY,1,31.03093970338259,0,0,0.0,0,0,0,-9999.0,0.375,1,P2_CV0,2,1,1,1,1
3,2532969.44,705413.5711,R3_F3_m3f3_P3_Y3_UO263,R3_F3_m3f3_P3_Y0_UO331,R3_F3_m3f3_P3_Y0_UO647,MXY,1,31.03093970338259,0,0,0.0,0,0,0,-9999.0,0.375,1,P2_CV0,2,1,1,1,1
3,2532969.44,705413.5711,R3_F3_m3f3_P3_Y3_UO271,R3_F3_m3f3_P3_Y0_UO2,R3_F3_m-1f-1_P3_Y-1_U126,MXY,1,31.03093970338259,0,0,0.0,0,0,0,-9999.0,0.375,1,P2_CV0,2,1,1,0,2
3,2532969.44,705413.5711,R3_F3_m3f3_P3_Y3_UO272,R3_F3_m3f3_P3_Y0_UO2,R3_F3_m-1f-1_P3_Y-1_U126,MXY,1,31.03093970338259,0,0,0.0,0,0,0,-9999.0,0.375,1,P2_CV0,2,1,1,2,0
3,2532969.44,705413.5711,R3_F3_m3f3_P3_Y3_UO299,R3_F3_m3f3_P3_Y1_UO138,R3_F3_m3f3_P3_Y1_UO262,MXY,1,31.03093970338259,0,0,0.0,0,0,0,-9999.0,0.625,1,P2_CV0,2,1,1,0,2
3,2532969.44,705413.5711,R3_F3_m3f3_P3_Y3_UO300,R3_F3_m3f3_P3_Y1_UO138,R3_F3_m3f3_P3_Y1_UO262,FXX,1,31.03093970338259,0,0,0.0,0,0,0,-9999.0,0.625,1,P2_CV0,2,2,0,1,1
3,2532969.44,705413.5711,R3_F3_m3f3_P3_Y3_UO320,R3_F3_m-1f-1_P3_Y-1_U2,R3_F3_m3f3_P3_Y1_UO506,FXX,1,31.03093970338259,0,0,0.0,0,0,0,-9999.0,0.125,1,P2_CV0,2,1,1,1,1
3,2532969.44,705413.5711,R3_F3_m3f3_P3_Y3_UO321,R3_F3_m-1f-1_P3_Y-1_U2,R3_F3_m3f3_P3_Y1_UO506,MXY,1,31.03093970338259,0,0,0.0,0,0,0,-9999.0,0.125,1,P2_CV0,2,1,1,2,0
3,2532969.44,705413.5711,R3_F3_m3f3_P3_Y3_UO322,R3_F3_m-1f-1_P3_Y-1_U2,R3_F3_m3f3_P3_Y1_UO506,FXX,1,31.03093970338259,0,0,0.0,0,0,0,-9999.0,0.125,1,P2_CV0,2,0,2,0,2
3,2532969.44,705413.5711,R3_F3_m3f3_P3_Y3_UO323,R3_F3_m3f3_P3_Y1_UO168,R3_F3_m-1f-1_P3_Y-1_U126,MXY,1,31.03093970338259,0,0,0.0,0,0,0,-9999.0,0.625,1,P2_CV0,2,2,0,1,1
3,2532969.44,705413.5711,R3_F3_m3f3_P3_Y3_UO324,R3_F3_m3f3_P3_Y1_UO168,R3_F3_m-1f-1_P3_Y-1_U126,MXY,1,31.03093970338259,0,0,0.0,0,0,0,-9999.0,0.625,1,P2_CV0,2,1,1,1,1
3,2532969.44,705413.5711,R3_F3_m3f3_P3_Y3_UO325,R3_F3_m3f3_P3_Y1_UO168,R3_F3_m-1f-1_P3_Y-1_U126,FXX,1,31.03093970338259,0,0,0.0,0,0,0,-9999.0,0.625,1,P2_CV0,2,2,0,1,1
3,2532969.44,705413.5711,R3_F3_m3f3_P3_Y3_UO326,R3_F3_m3f3_P3_Y0_UO2,R3_F3_m-1f-1_P3_Y-1_U0,MXY,1,31.03093970338259,0,0,0.0,0,0,0,-9999.0,0.625,1,P2_CV0,2,1,1,1,1
3,2532969.44,705413.5711,R3_F3_m3f3_P3_Y3_UO327,R3_F3_m3f3_P3_Y0_UO2,R3_F3_m-1f-1_P3_Y-1_U0,FXX,1,31.03093970338259,0,0,0.0,0,0,0,-9999.0,0.625,1,P2_CV0,2,2,0,1,1
3,2532969.44,705413.5711,R3_F3_m3f3_P3_Y3_UO328,R3_F3_m3f3_P3_Y0_UO2,R3_F3_m-1f-1_P3_Y-1_U0,FXX,1,31.03093970338259,0,0,0.0,0,0,0,-9999.0,0.625,1,P2_CV0,2,1,1,0,2
3,2532969.44,705413.5711,R3_F3_m3f3_P3_Y3_UO338,R3_F3_m3f3_P3_Y1_UO527,R3_F3_m-1f-1_P3_Y-1_U112,MXY,1,31.03093970338259,0,0,0.0,0,0,0,-9999.0,0.875,1,P2_CV0,2,1,1,0,2
3,2532969.44,705413.5711,R3_F3_m3f3_P3_Y3_UO339,R3_F3_m3f3_P3_Y1_UO527,R3_F3_m-1f-1_P3_Y-1_U112,MXY,1,31.03093970338259,0,0,0.0,0,0,0,-9999.0,0.875,1,P2_CV0,2,2,0,0,2
3,2532969.44,705413.5711,R3_F3_m3f3_P3_Y3_UO340,R3_F3_m3f3_P3_Y1_UO527,R3_F3_m-1f-1_P3_Y-1_U112,MXY,1,31.03093970338259,0,0,0.0,0,0,0,-9999.0,0.875,1,P2_CV0,2,2,0,0,2
3,2532969.44,705413.5711,R3_F3_m3f3_P3_Y3_UO341,R3_F3_m3f3_P3_Y1_UO527,R3_F3_m-1f-1_P3_Y-1_U112,MXY,1,31.03093970338259,0,0,0.0,0,0,0,-9999.0,0.875,1,P2_CV0,2,2,0,0,2
3,2532969.44,705413.5711,R3_F3_m3f3_P3_Y3_UO346,R3_F3_m3f3_P3_Y0_UO2,R3_F3_m3f3_P3_Y1_UO178,MXY,1,31.03093970338259,0,0,0.0,0,0,0,-9999.0,0.5,1,P2_CV0,2,1,1,1,1
3,2532969.44,705413.5711,R3_F3_m3f3_P3_Y3_UO347,R3_F3_m3f3_P3_Y0_UO2,R3_F3_m3f3_P3_Y1_UO178,FXX,1,31.03093970338259,0,0,0.0,0,0,0,-9999.0,0.5,1,P2_CV0,2,2,0,1,1
3,2532969.44,705413.5711,R3_F3_m3f3_P3_Y3_UO348,R3_F3_m3f3_P3_Y0_UO2,R3_F3_m3f3_P3_Y1_UO178,MXY,1,31.03093970338259,0,0,0.0,0,0,0,-9999.0,0.5,1,P2_CV0,2,2,0,1,1
3,2532969.44,705413.5711,R3_F3_m3f3_P3_Y3_UO358,R3_F3_m3f3_P3_Y0_UO2,R3_F3_m3f3_P3_Y0_UO647,MXY,1,31.03093970338259,0,0,0.0,0,0,0,-9999.0,0.25,1,P2_CV0,2,2,0,1,1
3,2532969.44,705413.5711,R3_F3_m3f3_P3_Y3_UO359,R3_F3_m3f3_P3_Y0_UO2,R3_F3_m3f3_P3_Y0_UO647,FXX,1,31.03093970338259,0,0,0.0,0,0,0,-9999.0,0.25,1,P2_CV0,2,1,1,1,1
3,2532969.44,705413.5711,R3_F3_m3f3_P3_Y3_UO360,R3_F3_m3f3_P3_Y0_UO2,R3_F3_m3f3_P3_Y0_UO647,MXY,1,31.03093970338259,0,0,0.0,0,0,0,-9999.0,0.25,1,P2_CV0,2,1,1,1,1
3,2532969.44,705413.5711,R3_F3_m3f3_P3_Y3_UO366,R3_F3_m3f3_P3_Y0_UO421,R3_F3_m3f3_P3_Y1_UO178,FXX,1,31.03093970338259,0,0,0.0,0,0,0,-9999.0,0.75,1,P2_CV0,2,2,0,2,0
3,2532969.44,705413.5711,R3_F3_m3f3_P3_Y3_UO367,R3_F3_m3f3_P3_Y0_UO421,R3_F3_m3f3_P3_Y1_UO178,FXX,1,31.03093970338259,0,0,0.0,0,0,0,-9999.0,0.75,1,P2_CV0,2,2,0,1,1
3,2532969.44,705413.5711,R3_F3_m3f3_P3_Y3_UO368,R3_F3_m3f3_P3_Y0_UO421,R3_F3_m3f3_P3_Y1_UO178,FXX,1,31.03093970338259,0,0,0.0,0,0,0,-9999.0,0.75,1,P2_CV0,2,2,0,2,0
3,2532969.44,705413.5711,R3_F3_m3f3_P3_Y3_UO369,R3_F3_m3f3_P3_Y0_UO421,R3_F3_m3f3_P3_Y1_UO178,MXY,1,31.03093970338259,0,0,0.0,0,0,0,-9999.0,0.75,1,P2_CV0,2,2,0,2,0
3,2532969.44,705413.5711,R3_F3_m3f3_P3_Y3_UO370,R3_F3_m-1f-1_P3_Y-1_U10,R3_F3_m3f3_P3_Y1_UO364,MXY,1,31.03093970338259,0,0,0.0,0,0,0,-9999.0,0.75,1,P2_CV0,2,1,1,0,2
3,2532969.44,705413.5711,R3_F3_m3f3_P3_Y3_UO371,R3_F3_m-1f-1_P3_Y-1_U10,R3_F3_m3f3_P3_Y1_UO364,MXY,1,31.03093970338259,0,0,0.0,0,0,0,-9999.0,0.75,1,P2_CV0,2,1,1,1,1
3,2532969.44,705413.5711,R3_F3_m3f3_P3_Y3_UO392,R3_F3_m-1f-1_P3_Y-1_U72,R3_F3_m3f3_P3_Y1_UO357,MXY,1,31.03093970338259,0,0,0.0,0,0,0,-9999.0,0.75,1,P2_CV0,2,2,0,0,2
3,2532969.44,705413.5711,R3_F3_m3f3_P3_Y3_UO393,R3_F3_m-1f-1_P3_Y-1_U72,R3_F3_m3f3_P3_Y1_UO357,FXX,1,31.03093970338259,0,0,0.0,0,0,0,-9999.0,0.75,1,P2_CV0,2,1,1,1,1
3,2532969.44,705413.5711,R3_F3_m3f3_P3_Y3_UO394,R3_F3_m-1f-1_P3_Y-1_U72,R3_F3_m3f3_P3_Y1_UO357,MXY,1,31.03093970338259,0,0,0.0,0,0,0,-9999.0,0.75,1,P2_CV0,2,2,0,0,2
3,2532969.44,705413.5711,R3_F3_m3f3_P3_Y3_UO397,R3_F3_m3f3_P3_Y1_UO556,R3_F3_m-1f-1_P3_Y-1_U112,FXX,1,31.03093970338259,0,0,0.0,0,0,0,-9999.0,0.75,1,P2_CV0,2,1,1,1,1
3,2532969.44,705413.5711,R3_F3_m3f3_P3_Y3_UO398,R3_F3_m3f3_P3_Y1_UO556,R3_F3_m-1f-1_P3_Y-1_U112,FXX,1,31.03093970338259,0,0,0.0,0,0,0,-9999.0,0.75,1,P2_CV0,2,1,1,1,1
3,2532969.44,705413.5711,R3_F3_m3f3_P3_Y3_UO402,R3_F3_m3f3_P3_Y0_UO240,R3_F3_m-1f-1_P3_Y-1_U47,MXY,1,31.03093970338259,0,0,0.0,0,0,0,-9999.0,0.375,1,P2_CV0,2,0,2,0,2
3,2532969.44,705413.5711,R3_F3_m3f3_P3_Y3_UO403,R3_F3_m3f3_P3_Y0_UO240,R3_F3_m-1f-1_P3_Y-1_U47,MXY,1,31.03093970338259,0,0,0.0,0,0,0,-9999.0,0.375,1,P2_CV0,2,2,0,0,2
3,2532969.44,705413.5711,R3_F3_m3f3_P3_Y3_UO426,R3_F3_m3f3_P3_Y0_UO421,R3_F3_m3f3_P3_Y1_UO167,MXY,1,31.03093970338259,0,0,0.0,0,0,0,-9999.0,0.75,1,P2_CV0,2,2,0,1,1
3,2532969.44,705413.5711,R3_F3_m3f3_P3_Y3_UO427,R3_F3_m3f3_P3_Y0_UO421,R3_F3_m3f3_P3_Y1_UO167,MXY,1,31.03093970338259,0,0,0.0,0,0,0,-9999.0,0.75,1,P2_CV0,2,2,0,1,1
3,2532969.44,705413.5711,R3_F3_m3f3_P3_Y3_UO432,R3_F3_m-1f-1_P3_Y-1_U10,R3_F3_m3f3_P3_Y0_UO476,MXY,1,31.03093970338259,0,0,0.0,0,0,0,-9999.0,0.875,1,P2_CV0,2,1,1,1,1
3,2532969.44,705413.5711,R3_F3_m3f3_P3_Y3_UO433,R3_F3_m-1f-1_P3_Y-1_U10,R3_F3_m3f3_P3_Y0_UO476,FXX,1,31.03093970338259,0,0,0.0,0,0,0,-9999.0,0.875,1,P2_CV0,2,1,1,1,1
3,2532969.44,705413.5711,R3_F3_m3f3_P3_Y3_UO434,R3_F3_m-1f-1_P3_Y-1_U10,R3_F3_m3f3_P3_Y0_UO476,FXX,1,31.03093970338259,0,0,0.0,0,0,0,-9999.0,0.875,1,P2_CV0,2,1,1,1,1
3,2532969.44,705413.5711,R3_F3_m3f3_P3_Y3_UO435,R3_F3_m-1f-1_P3_Y-1_U10,R3_F3_m3f3_P3_Y0_UO476,MXY,1,31.03093970338259,0,0,0.0,0,0,0,-9999.0,0.875,1,P2_CV0,2,1,1,2,0
3,2532969.44,705413.5711,R3_F3_m3f3_P3_Y3_UO442,R3_F3_m3f3_P3_Y1_UO462,R3_F3_m3f3_P3_Y1_UO66,FXX,1,31.03093970338259,0,0,0.0,0,0,0,-9999.0,0.375,1,P2_CV0,2,1,1,2,0
3,2532969.44,705413.5711,R3_F3_m3f3_P3_Y3_UO443,R3_F3_m3f3_P3_Y1_UO462,R3_F3_m3f3_P3_Y1_UO66,FXX,1,31.03093970338259,0,0,0.0,0,0,0,-9999.0,0.375,1,P2_CV0,2,1,1,2,0
3,2532969.44,705413.5711,R3_F3_m3f3_P3_Y3_UO466,R3_F3_m-1f-1_P3_Y-1_U10,I3_F7_m3f3_P3_Y1_UO143,MXY,1,31.03093970338259,0,0,0.0,0,0,0,-9999.0,0.75,1,P2_CV0,2,2,0,0,2
3,2532969.44,705413.5711,R3_F3_m3f3_P3_Y3_UO467,R3_F3_m-1f-1_P3_Y-1_U10,I3_F7_m3f3_P3_Y1_UO143,FXX,1,31.03093970338259,0,0,0.0,0,0,0,-9999.0,0.75,1,P2_CV0,2,2,0,0,2
3,2532969.44,705413.5711,R3_F3_m3f3_P3_Y3_UO468,R3_F3_m-1f-1_P3_Y-1_U10,I3_F7_m3f3_P3_Y1_UO143,FXX,1,31.03093970338259,0,0,0.0,0,0,0,-9999.0,0.75,1,P2_CV0,2,2,0,1,1
3,2532969.44,705413.5711,R3_F3_m3f3_P3_Y3_UO469,R3_F3_m-1f-1_P3_Y-1_U10,I3_F7_m3f3_P3_Y1_UO143,FXX,1,31.03093970338259,0,0,0.0,0,0,0,-9999.0,0.75,1,P2_CV0,2,1,1,0,2
3,2532969.44,705413.5711,R3_F3_m3f3_P3_Y3_UO470,R3_F3_m-1f-1_P3_Y-1_U10,I3_F7_m3f3_P3_Y1_UO143,MXY,1,31.03093970338259,0,0,0.0,0,0,0,-9999.0,0.75,1,P2_CV0,2,1,1,1,1
3,2532969.44,705413.5711,R3_F3_m3f3_P3_Y3_UO471,R3_F3_m-1f-1_P3_Y-1_U10,I3_F7_m3f3_P3_Y1_UO143,MXY,1,31.03093970338259,0,0,0.0,0,0,0,-9999.0,0.75,1,P2_CV0,2,1,1,1,1
3,2532969.44,705413.5711,R3_F3_m3f3_P3_Y3_UO489,R3_F3_m3f3_P3_Y0_UO305,R3_F3_m3f3_P3_Y0_UO321,FXX,1,31.03093970338259,0,0,0.0,0,0,0,-9999.0,0.625,1,P2_CV0,2,0,2,2,0
3,2532969.44,705413.5711,R3_F3_m3f3_P3_Y3_UO490,R3_F3_m3f3_P3_Y0_UO305,R3_F3_m3f3_P3_Y0_UO321,MXY,1,31.03093970338259,0,0,0.0,0,0,0,-9999.0,0.625,1,P2_CV0,2,1,1,2,0
3,2532969.44,705413.5711,R3_F3_m3f3_P3_Y3_UO491,R3_F3_m3f3_P3_Y0_UO305,R3_F3_m3f3_P3_Y0_UO321,MXY,1,31.03093970338259,0,0,0.0,0,0,0,-9999.0,0.625,1,P2_CV0,2,1,1,2,0
3,2532969.44,705413.5711,R3_F3_m3f3_P3_Y3_UO501,R3_F3_m3f3_P3_Y1_UO421,R3_F3_m3f3_P3_Y0_UO476,MXY,1,31.03093970338259,0,0,0.0,0,0,0,-9999.0,0.75,1,P2_CV0,2,0,2,2,0
3,2532969.44,705413.5711,R3_F3_m3f3_P3_Y3_UO502,R3_F3_m3f3_P3_Y1_UO421,R3_F3_m3f3_P3_Y0_UO476,MXY,1,31.03093970338259,0,0,0.0,0,0,0,-9999.0,0.75,1,P2_CV0,2,0,2,2,0
3,2532969.44,705413.5711,R3_F3_m3f3_P3_Y3_UO503,R3_F3_m3f3_P3_Y1_UO421,R3_F3_m3f3_P3_Y0_UO476,MXY,1,31.03093970338259,0,0,0.0,0,0,0,-9999.0,0.75,1,P2_CV0,2,0,2,2,0
3,2532969.44,705413.5711,R3_F3_m3f3_P3_Y3_UO514,R3_F3_m3f3_P3_Y1_UO168,R3_F3_m3f3_P3_Y1_UO266,MXY,1,31.03093970338259,0,0,0.0,0,0,0,-9999.0,0.5,1,P2_CV0,2,1,1,1,1
3,2532969.44,705413.5711,R3_F3_m3f3_P3_Y3_UO515,R3_F3_m3f3_P3_Y1_UO168,R3_F3_m3f3_P3_Y1_UO266,MXY,1,31.03093970338259,0,0,0.0,0,0,0,-9999.0,0.5,1,P2_CV0,2,0,2,2,0
3,2532969.44,705413.5711,R3_F3_m3f3_P3_Y3_UO544,R3_F3_m3f3_P3_Y1_UO138,R3_F3_m3f3_P3_Y0_UO615,FXX,1,31.03093970338259,0,0,0.0,0,0,0,-9999.0,0.625,1,P2_CV0,2,1,1,1,1
3,2532969.44,705413.5711,R3_F3_m3f3_P3_Y3_UO552,R3_F3_m3f3_P3_Y0_UO240,R3_F3_m3f3_P3_Y1_UO28,FXX,1,31.03093970338259,0,0,0.0,0,0,0,-9999.0,0.375,1,P2_CV0,2,1,1,2,0
3,2532969.44,705413.5711,R3_F3_m3f3_P3_Y3_UO553,R3_F3_m3f3_P3_Y0_UO240,R3_F3_m3f3_P3_Y1_UO28,FXX,1,31.03093970338259,0,0,0.0,0,0,0,-9999.0,0.375,1,P2_CV0,2,1,1,1,1
3,2532969.44,705413.5711,R3_F3_m3f3_P3_Y3_UO554,R3_F3_m3f3_P3_Y0_UO240,R3_F3_m3f3_P3_Y1_UO28,FXX,1,31.03093970338259,0,0,0.0,0,0,0,-9999.0,0.375,1,P2_CV0,2,0,2,1,1
3,2532969.44,705413.5711,R3_F3_m3f3_P3_Y3_UO555,R3_F3_m3f3_P3_Y1_UO138,R3_F3_m-1f-1_P3_Y-1_U113,FXX,1,31.03093970338259,0,0,0.0,0,0,0,-9999.0,0.375,1,P2_CV0,2,1,1,1,1
3,2532969.44,705413.5711,R3_F3_m3f3_P3_Y3_UO556,R3_F3_m3f3_P3_Y1_UO138,R3_F3_m-1f-1_P3_Y-1_U113,MXY,1,31.03093970338259,0,0,0.0,0,0,0,-9999.0,0.375,1,P2_CV0,2,1,1,0,2
3,2532969.44,705413.5711,R3_F3_m3f3_P3_Y3_UO557,R3_F3_m3f3_P3_Y1_UO138,R3_F3_m-1f-1_P3_Y-1_U113,MXY,1,31.03093970338259,0,0,0.0,0,0,0,-9999.0,0.375,1,P2_CV0,2,1,1,0,2
3,2532969.44,705413.5711,R3_F3_m3f3_P3_Y3_UO558,R3_F3_m3f3_P3_Y1_UO138,R3_F3_m-1f-1_P3_Y-1_U113,MXY,1,31.03093970338259,0,0,0.0,0,0,0,-9999.0,0.375,1,P2_CV0,2,1,1,1,1
3,2532969.44,705413.5711,R3_F3_m3f3_P3_Y3_UO559,R3_F3_m3f3_P3_Y1_UO138,R3_F3_m-1f-1_P3_Y-1_U113,MXY,1,31.03093970338259,0,0,0.0,0,0,0,-9999.0,0.375,1,P2_CV0,2,1,1,1,1
3,2532969.44,705413.5711,R3_F3_m3f3_P3_Y3_UO576,R3_F3_m3f3_P3_Y0_UO331,R3_F3_m4f4_P4_Y0_UO53,MXY,1,31.03093970338259,0,0,0.0,0,0,0,-9999.0,0.375,1,P2_CV0,2,1,1,1,1
3,2532969.44,705413.5711,R3_F3_m3f3_P3_Y3_UO577,R3_F3_m3f3_P3_Y0_UO331,R3_F3_m4f4_P4_Y0_UO53,FXX,1,31.03093970338259,0,0,0.0,0,0,0,-9999.0,0.375,1,P2_CV0,2,0,2,1,1
3,2532969.44,705413.5711,R3_F3_m3f3_P3_Y3_UO578,R3_F3_m3f3_P3_Y0_UO331,R3_F3_m4f4_P4_Y0_UO53,MXY,1,31.03093970338259,0,0,0.0,0,0,0,-9999.0,0.375,1,P2_CV0,2,1,1,1,1
3,2532969.44,705413.5711,R3_F3_m3f3_P3_Y3_UO586,R3_F3_m3f3_P3_Y1_UO189,R3_F3_m3f3_P3_Y0_UO476,FXX,1,31.03093970338259,0,0,0.0,0,0,0,-9999.0,0.5,1,P2_CV0,2,1,1,1,1
3,2532969.44,705413.5711,R3_F3_m3f3_P3_Y2_UO503,R3_F3_m3f3_P3_Y0_UO467,R3_F3_m-1f-1_P3_Y-1_U47,MXY,2,31.06441980251544,1,0,0.0,0,0,0,-9999.0,0.625,1,P2_CV0,2,1,1,0,2
3,2532969.44,705413.5711,R3_F3_m3f3_P3_Y2_UO638,R3_F3_m3f3_P3_Y0_UO320,R3_F3_m-1f-1_P3_Y-1_U79,MXY,2,31.06441980251544,1,0,0.0,0,0,0,-9999.0,0.625,1,P2_CV0,2,2,0,1,1
3,2532969.44,705413.5711,R3_F3_m3f3_P3_Y2_UO257,I3_F7_m-1f-1_P3_Y-1_U10,R3_F3_m3f3_P3_Y0_UO184,FXX,2,31.06441980251544,1,0,0.0,0,0,0,-9999.0,0.625,1,P2_CV0,2,1,1,2,0
3,2532969.44,705413.5711,R3_F3_m3f3_P3_Y2_UO419,R3_F3_m-1f-1_P3_Y-1_U57,R3_F3_m3f3_P3_Y0_UO448,FXX,2,31.06441980251544,1,0,1.0,0,0,0,-9999.0,0.375,1,P2_CV0,2,2,0,2,0
3,2532969.44,705413.5711,R3_F3_m3f3_P3_Y2_UO396,R3_F3_m3f3_P3_Y0_UO320,R3_F3_m-1f-1_P3_Y-1_U65,FXX,2,31.06441980251544,1,0,1.677,0,0,0,-9999.0,0.875,1,P2_CV0,2,1,1,1,1
3,2532969.44,705413.5711,R3_F3_m3f3_P3_Y2_UO175,R3_F3_m-1f-1_P3_Y-1_U118,R3_F3_m-1f-1_P3_Y-1_U96,MXY,2,31.06441980251544,1,0,0.0,0,0,0,-9999.0,0.75,1,P2_CV0,2,2,0,2,0
3,2532969.44,705413.5711,RD3_F3_m3f3_P3_Y2_UO650,R3_F3_m-1f-1_P3_Y-1_U38,R3_F3_m-1f-1_P3_Y-1_U113,FXX,2,31.06441980251544,1,0,0.0,0,0,0,-9999.0,0.0,1,P2_CV0,2,0,2,1,1
3,2532969.44,705413.5711,R3_F3_m3f3_P3_Y2_UO248,R3_F3_m3f3_P3_Y0_UO207,R3_F3_m-1f-1_P3_Y-1_U126,FXX,2,31.06441980251544,1,0,1.23,0,0,0,-9999.0,0.625,1,P2_CV0,2,2,0,1,1
3,2532969.44,705413.5711,R3_F3_m3f3_P3_Y2_UO651,R3_F3_m3f3_P3_Y0_UO320,R3_F3_m-1f-1_P3_Y-1_U5,MXY,2,31.06441980251544,1,0,0.0,0,0,0,-9999.0,0.625,1,P2_CV0,2,0,2,0,2
3,2532969.44,705413.5711,R3_F3_m3f3_P3_Y2_UO611,R3_F3_m-1f-1_P3_Y-1_U118,I3_F7_m-1f-1_P3_Y-1_U54,MXY,2,31.06441980251544,1,0,0.0,0,0,0,-9999.0,0.75,1,P2_CV0,2,1,1,2,0
3,2532969.44,705413.5711,R3_F3_m3f3_P3_Y2_UO411,R3_F3_m6f6_P6_Y0_UO591,R3_F3_m-1f-1_P3_Y-1_U47,FXX,2,31.06441980251544,1,0,1.329,0,0,0,-9999.0,0.375,1,P2_CV0,2,1,1,0,2
3,2532969.44,705413.5711,R3_F3_m3f3_P3_Y2_UO178,R3_F3_m-1f-1_P3_Y-1_U118,R3_F3_m-1f-1_P3_Y-1_U96,FXX,2,31.06441980251544,1,0,1.056,0,0,0,-9999.0,0.75,1,P2_CV0,2,1,1,2,0
3,2532969.44,705413.5711,R3_F3_m3f3_P3_Y2_UO635,R3_F3_m-1f-1_P1_Y-1_U124,R3_F3_m3f3_P3_Y0_UO184,MXY,2,31.06441980251544,1,0,0.0,0,0,0,-9999.0,0.125,1,P2_CV0,2,0,2,1,1
3,2532969.44,705413.5711,R3_F3_m3f3_P3_Y2_UO110,R3_F3_m-1f-1_P1_Y-1_U124,R3_F3_m3f3_P3_Y0_UO477,MXY,2,31.06441980251544,1,0,0.0,0,0,0,-9999.0,0.375,1,P2_CV0,2,1,1,2,0
3,2532969.44,705413.5711,R3_F3_m3f3_P3_Y2_UO106,R3_F3_m3f3_P3_Y0_UO2,R3_F3_m-1f-1_P3_Y-1_U0,MXY,2,31.06441980251544,1,0,0.0,0,0,0,-9999.0,0.625,1,P2_CV0,2,1,1,0,2
3,2532969.44,705413.5711,R3_F3_m3f3_P3_Y2_UO288,R3_F3_m-1f-1_P3_Y-1_U72,R3_F3_m-1f-1_P3_Y-1_U53,MXY,2,31.06441980251544,1,0,0.0,0,0,0,-9999.0,0.75,1,P2_CV0,2,1,1,1,1
3,2532969.44,705413.5711,R3_F3_m3f3_P3_Y2_UO612,R3_F3_m-1f-1_P3_Y-1_U118,I3_F7_m-1f-1_P3_Y-1_U54,MXY,2,31.06441980251544,1,0,0.0,0,0,0,-9999.0,0.75,1,P2_CV0,2,1,1,1,1
3,2532969.44,705413.5711,R3_F3_m3f3_P3_Y2_UO141,R3_F3_m3f3_P3_Y0_UO2,R3_F3_m3f3_P3_Y0_UO690,MXY,2,31.06441980251544,1,0,0.0,0,0,0,-9999.0,0.375,1,P2_CV0,2,1,1,0,2
3,2532969.44,705413.5711,R3_F3_m3f3_P3_Y2_UO644,R3_F3_m3f3_P3_Y0_UO467,R3_F3_m3f3_P3_Y0_UO304,FXX,2,31.06441980251544,1,0,1.268,0,0,0,-9999.0,0.625,1,P2_CV0,2,0,2,1,1
3,2532969.44,705413.5711,R3_F3_m3f3_P3_Y2_UO417,R3_F3_m-1f-1_P3_Y-1_U57,R3_F3_m3f3_P3_Y0_UO448,MXY,2,31.06441980251544,1,0,0.0,0,0,0,-9999.0,0.375,1,P2_CV0,2,1,1,2,0
3,2532969.44,705413.5711,R3_F3_m3f3_P3_Y2_UO177,R3_F3_m-1f-1_P3_Y-1_U118,R3_F3_m-1f-1_P3_Y-1_U96,MXY,2,31.06441980251544,1,0,0.0,0,0,0,-9999.0,0.75,1,P2_CV0,2,2,0,2,0
3,2532969.44,705413.5711,R3_F3_m3f3_P3_Y2_UO423,R3_F3_m-1f-1_P3_Y-1_U118,R3_F3_m3f3_P3_Y0_UO184,MXY,2,31.06441980251544,1,0,0.0,0,0,0,-9999.0,0.375,1,P2_CV0,2,0,2,1,1
3,2532969.44,705413.5711,R3_F3_m3f3_P3_Y2_UO632,R3_F3_m3f3_P3_Y0_UO320,R3_F3_m-1f-1_P3_Y-1_U113,FXX,2,31.06441980251544,1,0,0.0,0,0,0,-9999.0,0.375,1,P2_CV0,2,0,2,1,1
3,2532969.44,705413.5711,R3_F3_m3f3_P3_Y2_UO613,R3_F3_m-1f-1_P3_Y-1_U118,I3_F7_m-1f-1_P3_Y-1_U54,FXX,2,31.06441980251544,1,0,1.106,0,0,0,-9999.0,0.75,1,P2_CV0,2,2,0,1,1
3,2532969.44,705413.5711,R3_F3_m3f3_P3_Y2_UO253,I3_F7_m-1f-1_P3_Y-1_U10,R3_F3_m3f3_P3_Y0_UO184,MXY,2,31.06441980251544,1,0,0.0,0,0,0,-9999.0,0.625,1,P2_CV0,2,1,1,0,2
3,2532969.44,705413.5711,R3_F3_m3f3_P3_Y2_UO315,R3_F3_m-1f-1_P3_Y-1_U57,R3_F3_m-1f-1_P3_Y-1_U53,FXX,2,31.06441980251544,1,0,0.0,0,0,0,-9999.0,0.5,1,P2_CV0,2,1,1,1,1
3,2532969.44,705413.5711,R3_F3_m3f3_P3_Y2_UO268,R3_F3_m-1f-1_P3_Y-1_U118,R3_F3_m-1f-1_P3_Y-1_U41,MXY,2,31.06441980251544,1,0,0.0,0,0,0,-9999.0,0.25,1,P2_CV0,2,1,1,1,1
3,2532969.44,705413.5711,R3_F3_m3f3_P3_Y2_UO360,R3_F3_m3f3_P3_Y0_UO320,R3_F3_m-1f-1_P3_Y-1_U106,MXY,2,31.06441980251544,1,0,0.0,0,0,0,-9999.0,0.625,1,P2_CV0,2,1,1,2,0
3,2532969.44,705413.5711,R3_F3_m3f3_P3_Y2_UO482,R3_F3_m3f3_P3_Y0_UO320,R3_F3_m-1f-1_P3_Y-1_U112,FXX,2,31.06441980251544,1,0,1.807,0,0,0,-9999.0,0.875,1,P2_CV0,2,1,1,0,2
3,2532969.44,705413.5711,R3_F3_m3f3_P3_Y2_UO267,R3_F3_m-1f-1_P3_Y-1_U118,R3_F3_m-1f-1_P3_Y-1_U41,FXX,2,31.06441980251544,1,0,1.0,0,0,0,-9999.0,0.25,1,P2_CV0,2,0,2,1,1
3,2532969.44,705413.5711,R3_F3_m3f3_P3_Y2_UO563,R3_F3_m3f3_P3_Y0_UO332,R3_F3_m3f3_P3_Y0_UO69,FXX,2,31.06441980251544,1,0,1.18,0,0,0,-9999.0,0.625,1,P2_CV0,2,2,0,2,0
3,2532969.44,705413.5711,R3_F3_m3f3_P3_Y2_UO427,R3_F3_m-1f-1_P3_Y-1_U118,R3_F3_m3f3_P3_Y0_UO184,MXY,2,31.06441980251544,1,0,0.0,0,0,0,-9999.0,0.375,1,P2_CV0,2,1,1,2,0
3,2532969.44,705413.5711,R3_F3_m3f3_P3_Y2_UO645,R3_F3_m3f3_P3_Y0_UO467,R3_F3_m3f3_P3_Y0_UO304,MXY,2,31.06441980251544,1,0,0.0,0,0,0,-9999.0,0.625,1,P2_CV0,2,0,2,2,0
3,2532969.44,705413.5711,R3_F3_m3f3_P3_Y2_UO351,I3_F7_m-1f-1_P3_Y-1_U10,R3_F3_m3f3_P3_Y0_UO448,FXX,2,31.06441980251544,1,0,1.0,0,0,0,-9999.0,0.625,1,P2_CV0,2,2,0,2,0
3,2532969.44,705413.5711,R3_F3_m3f3_P3_Y2_UO397,R3_F3_m3f3_P3_Y0_UO320,R3_F3_m-1f-1_P3_Y-1_U65,MXY,2,31.06441980251544,1,0,0.0,0,0,0,-9999.0,0.875,1,P2_CV0,2,1,1,0,2
3,2532969.44,705413.5711,R3_F3_m3f3_P3_Y1_UO506,R3_F3_m-1f-1_P3_Y-1_U94,R3_F3_m-1f-1_P3_Y-1_U45,MXY,3,31.090084294673456,1,0,0.0,0,0,0,-9999.0,0.25,1,P2_CV0,2,1,1,1,1
3,2532969.44,705413.5711,R3_F3_m3f3_P3_Y1_UO499,R3_F3_m-1f-1_P3_Y-1_U51,R3_F3_m-1f-1_P3_Y-1_U41,MXY,3,31.090084294673456,1,0,0.0,0,0,0,-9999.0,0.25,1,P2_CV0,2,1,1,1,1
3,2532969.44,705413.5711,R3_F3_m3f3_P3_Y1_UO9,R3_F3_m-1f-1_P3_Y-1_U35,R3_F3_m-1f-1_P3_Y-1_U75,MXY,3,31.090084294673456,1,0,0.0,0,0,0,-9999.0,0.25,1,P2_CV0,2,2,0,0,2
3,2532969.44,705413.5711,R3_F3_m3f3_P3_Y1_UO69,R3_F3_m-1f-1_P3_Y-1_U104,R3_F3_m-1f-1_P3_Y-1_U64,FXX,3,31.090084294673456,1,0,2.128,0,0,0,-9999.0,0.25,1,P2_CV0,2,0,2,0,2
3,2532969.44,705413.5711,R3_F3_m3f3_P3_Y1_UO190,R3_F3_m-1f-1_P3_Y-1_U12,R3_F3_m-1f-1_P3_Y-1_U106,FXX,3,31.090084294673456,1,0,2.202,0,0,0,-9999.0,0.25,1,P2_CV0,2,1,1,1,1
3,2532969.44,705413.5711,R3_F3_m3f3_P3_Y1_UO10,R3_F3_m-1f-1_P3_Y-1_U35,R3_F3_m-1f-1_P3_Y-1_U75,MXY,3,31.090084294673456,1,0,0.0,0,0,0,-9999.0,0.25,1,P2_CV0,2,2,0,1,1
3,2532969.44,705413.5711,R3_F3_m3f3_P3_Y1_UO438,R3_F3_m-1f-1_P3_Y-1_U24,R3_F3_m-1f-1_P3_Y-1_U22,MXY,3,31.090084294673456,1,0,0.0,0,0,0,-9999.0,1.0,1,P2_CV0,2,1,1,0,2
3,2532969.44,705413.5711,R3_F3_m3f3_P3_Y1_UO148,R3_F3_m-1f-1_P3_Y-1_U24,R3_F3_m-1f-1_P3_Y-1_U109,FXX,3,31.090084294673456,1,0,1.411,0,0,0,-9999.0,0.5,1,P2_CV0,2,1,1,1,1
3,2532969.44,705413.5711,R3_F3_m3f3_P3_Y1_UO139,R3_F3_m-1f-1_P3_Y-1_U78,R3_F3_m-1f-1_P3_Y-1_U126,FXX,3,31.090084294673456,1,0,0.0,0,0,0,-9999.0,0.75,1,P2_CV0,2,1,1,1,1
3,2532969.44,705413.5711,R3_F3_m3f3_P3_Y1_UO329,R3_F3_m-1f-1_P3_Y-1_U16,R3_F3_m-1f-1_P3_Y-1_U82,MXY,3,31.090084294673456,1,0,0.0,0,0,0,-9999.0,0.25,1,P2_CV0,2,2,0,0,2
3,2532969.44,705413.5711,R3_F3_m3f3_P3_Y1_UO421,R3_F3_m-1f-1_P3_Y-1_U78,R3_F3_m-1f-1_P3_Y-1_U70,FXX,3,31.090084294673456,1,0,2.423,0,0,0,-9999.0,0.75,1,P2_CV0,2,1,1,2,0
3,2532969.44,705413.5711,R3_F3_m3f3_P3_Y1_UO167,R3_F3_m-1f-1_P3_Y-1_U10,R3_F3_m-1f-1_P3_Y-1_U115,MXY,3,31.090084294673456,1,0,0.0,0,0,0,-9999.0,0.75,1,P2_CV0,2,2,0,0,2
3,2532969.44,705413.5711,R3_F3_m3f3_P3_Y1_UO132,R3_F3_m-1f-1_P3_Y-1_U108,R3_F3_m-1f-1_P3_Y-1_U83,MXY,3,31.090084294673456,1,0,0.0,0,0,0,-9999.0,0.75,1,P2_CV0,2,0,2,0,2
3,2532969.44,705413.5711,R3_F3_m3f3_P3_Y1_UO357,R3_F3_m-1f-1_P3_Y-1_U102,R3_F3_m-1f-1_P3_Y-1_U3,MXY,3,31.090084294673456,1,0,0.0,0,0,0,-9999.0,0.5,1,P2_CV0,2,1,1,1,1
3,2532969.44,705413.5711,R3_F3_m3f3_P3_Y1_UO267,R3_F3_m-1f-1_P3_Y-1_U2,R3_F3_m-1f-1_P3_Y-1_U125,MXY,3,31.090084294673456,1,0,0.0,0,0,0,-9999.0,0.25,1,P2_CV0,2,1,1,1,1
3,2532969.44,705413.5711,R3_F3_m3f3_P3_Y1_UO240,R3_F3_m-1f-1_P3_Y-1_U49,R3_F3_m-1f-1_P3_Y-1_U96,FXX,3,31.090084294673456,1,0,0.0,0,0,0,-9999.0,0.5,1,P2_CV0,2,0,2,1,1
3,2532969.44,705413.5711,R3_F3_m3f3_P3_Y1_UO422,R3_F3_m-1f-1_P3_Y-1_U78,R3_F3_m-1f-1_P3_Y-1_U70,MXY,3,31.090084294673456,1,0,0.0,0,0,0,-9999.0,0.75,1,P2_CV0,2,1,1,1,1
3,2532969.44,705413.5711,R3_F3_m3f3_P3_Y0_UO421,R3_F3_m-1f-1_P3_Y-1_U46,R3_F3_m-1f-1_P3_Y-1_U87,FXX,4,31.12316373679246,1,0,3.205,0,0,0,-9999.0,0.75,1,P2_CV0,2,2,0,2,0
3,2532969.44,705413.5711,R3_F3_m3f3_P3_Y0_UO321,R3_F3_m-1f-1_P3_Y-1_U78,R3_F3_m-1f-1_P3_Y-1_U36,MXY,4,31.12316373679246,1,0,0.0,0,0,0,-9999.0,0.75,1,P2_CV0,2,1,1,2,0
3,2532969.44,705413.5711,R3_F3_m3f3_P3_Y0_UO331,R3_F3_m-1f-1_P3_Y-1_U121,R3_F3_m-1f-1_P3_Y-1_U127,FXX,4,31.12316373679246,1,0,1.484,0,0,0,-9999.0,0.5,1,P2_CV0,2,0,2,2,0
3,2532969.44,705413.5711,R3_F3_m3f3_P3_Y0_UO657,R3_F3_m-1f-1_P3_Y-1_U78,R3_F3_m-1f-1_P3_Y-1_U127,MXY,4,31.12316373679246,1,0,0.0,0,0,0,-9999.0,1.0,1,P2_CV0,2,0,2,1,1
3,2532969.44,705413.5711,R3_F3_m3f3_P3_Y0_UO647,R3_F3_m-1f-1_P3_Y-1_U118,R3_F3_m-1f-1_P3_Y-1_U97,MXY,4,31.12316373679246,1,0,0.0,0,0,0,-9999.0,0.25,1,P2_CV0,2,2,0,0,2
3,2532969.44,705413.5711,R3_F3_m3f3_P3_Y0_UO69,R3_F3_m-1f-1_P3_Y-1_U78,R3_F3_m-1f-1_P3_Y-1_U124,MXY,4,31.12316373679246,1,0,0.0,0,0,0,-9999.0,0.75,1,P2_CV0,2,1,1,1,1
3,2532969.44,705413.5711,I3_F7_m3f3_P3_Y0_UO304,R3_F3_m-1f-1_P3_Y-1_U99,R3_F3_m-1f-1_P3_Y-1_U25,MXY,4,31.1180914253967,1,0,0.0,0,0,0,-9999.0,0.5,1,P2_CV0,2,1,1,1,1
3,2532969.44,705413.5711,R3_F3_m-1f-1_P3_Y-1_U79,-9999,-9999,MXY,5,31.11648035038683,1,0,0.0,0,0,0,-9999.0,0.5,1,P2_CV0,2,1,1,2,0
3,2532969.44,705413.5711,R3_F3_m-1f-1_P3_Y-1_U21,-9999,-9999,FXX,5,31.12318489562842,1,0,1.0,0,0,0,-9999.0,0.5,1,P2_CV0,2,1,1,1,1
3,2532969.44,705413.5711,R3_F3_m-1f-1_P3_Y-1_U114,-9999,-9999,FXX,5,31.11754716819732,1,0,1.588,0,0,0,-9999.0,1.0,1,P2_CV0,2,2,0,2,0
3,2532969.44,705413.5711,R3_F3_m3f3_P3_Y3_UO579,R3_F3_m3f3_P3_Y0_UO331,R3_F3_m4f4_P4_Y0_UO53,FXX,1,31.03093970338259,0,0,0.0,0,0,0,-9999.0,0.375,1,P3_CV0,2,0,2,1,1
3,2532969.44,705413.5711,R3_F3_m3f3_P3_Y2_UO296,R3_F3_m-1f-1_P1_Y-1_U124,RD3_F4_m4f4_P4_Y0_UO53,FXX,2,31.06441980251544,1,0,1.0,0,0,0,-9999.0,0.125,1,P3_CV0,2,1,1,1,1
3,2532969.44,705413.5711,R3_F3_m3f3_P3_Y2_UO295,R3_F3_m-1f-1_P1_Y-1_U124,RD3_F4_m4f4_P4_Y0_UO53,MXY,2,31.06441980251544,1,0,0.0,0,0,0,-9999.0,0.125,1,P3_CV0,2,0,2,0,2
4,2539041.489,728416.6747,RD4_F1_m1f1_P1_Y1_UO451,R1_F1_m-1f-1_P1_Y-1_U109,R1_F1_m-1f-1_P1_Y-1_U12,MXY,3,98.36412909200772,1,0,0.0,0,0,0,-9999.0,0.0,1,P0_CV0,2,1,1,1,1
4,2539041.489,728416.6747,R4_F4_m4f4_P4_Y3_UO227,R4_F4_m2f2_P2_Y0_UO406,R4_F4_m4f4_P4_Y1_UO249,FXX,1,56.5113063619879,0,0,0.0,0,0,0,-9999.0,0.875,1,P1_CV0,2,1,1,0,2
4,2539041.489,728416.6747,R4_F4_m4f4_P4_Y3_UO566,R4_F4_m2f2_P2_Y0_UO406,R4_F4_m4f4_P4_Y1_UO107,FXX,1,56.5113063619879,0,0,0.0,0,0,0,-9999.0,0.625,1,P1_CV0,2,0,2,1,1
4,2539041.489,728416.6747,R4_F4_m2f2_P2_Y0_UO406,R2_F2_m-1f-1_P2_Y-1_U123,R2_F2_m-1f-1_P2_Y-1_U21,FXX,4,93.39032711955842,1,0,3.283,0,0,0,-9999.0,0.75,1,P1_CV0,2,1,1,0,2
4,2539041.489,728416.6747,R4_F4_m4f4_P4_Y3_UO7,R4_F4_m-1f-1_P4_Y-1_U36,R4_F4_m4f4_P4_Y0_UO270,MXY,1,56.5113063619879,0,0,0.0,0,0,0,-9999.0,0.375,1,P3_CV0,2,0,2,2,0
4,2539041.489,728416.6747,R4_F4_m4f4_P4_Y3_UO8,R4_F4_m-1f-1_P4_Y-1_U36,R4_F4_m4f4_P4_Y0_UO270,FXX,1,56.5113063619879,0,0,0.0,0,0,0,-9999.0,0.375,1,P3_CV0,2,0,2,1,1
4,2539041.489,728416.6747,R4_F4_m4f4_P4_Y3_UO22,R4_F4_m4f4_P4_Y0_UO271,R4_F4_m4f4_P4_Y0_UO269,MXY,1,56.5113063619879,0,0,0.0,0,0,0,-9999.0,0.75,1,P3_CV0,2,0,2,1,1
4,2539041.489,728416.6747,R4_F4_m4f4_P4_Y3_UO26,R4_F4_m-1f-1_P4_Y-1_U36,R4_F4_m4f4_P4_Y0_UO619,MXY,1,56.5113063619879,0,0,0.0,0,0,0,-9999.0,0.375,1,P3_CV0,2,1,1,0,2
4,2539041.489,728416.6747,R4_F4_m4f4_P4_Y3_UO27,R4_F4_m-1f-1_P4_Y-1_U36,R4_F4_m4f4_P4_Y0_UO619,MXY,1,56.5113063619879,0,0,0.0,0,0,0,-9999.0,0.375,1,P3_CV0,2,1,1,2,0
4,2539041.489,728416.6747,R4_F4_m4f4_P4_Y3_UO28,R4_F4_m-1f-1_P4_Y-1_U36,R4_F4_m4f4_P4_Y0_UO619,MXY,1,56.5113063619879,0,0,0.0,0,0,0,-9999.0,0.375,1,P3_CV0,2,1,1,1,1
4,2539041.489,728416.6747,R4_F4_m4f4_P4_Y3_UO43,R4_F4_m4f4_P4_Y1_UO302,R4_F4_m4f4_P4_Y0_UO269,FXX,1,56.5113063619879,0,0,0.0,0,0,0,-9999.0,0.75,1,P3_CV0,2,0,2,0,2
4,2539041.489,728416.6747,R4_F4_m4f4_P4_Y3_UO50,R4_F4_m4f4_P4_Y1_UO250,R4_F4_m-1f-1_P4_Y-1_U102,FXX,1,56.5113063619879,0,0,0.0,0,0,0,-9999.0,0.75,1,P3_CV0,2,1,1,1,1
4,2539041.489,728416.6747,R4_F4_m4f4_P4_Y3_UO51,R4_F4_m4f4_P4_Y1_UO250,R4_F4_m-1f-1_P4_Y-1_U102,MXY,1,56.5113063619879,0,0,0.0,0,0,0,-9999.0,0.75,1,P3_CV0,2,1,1,0,2
4,2539041.489,728416.6747,R4_F4_m4f4_P4_Y3_UO52,R4_F4_m4f4_P4_Y0_UO357,R4_F4_m4f4_P4_Y1_UO464,FXX,1,56.5113063619879,0,0,0.0,0,0,0,-9999.0,0.5,1,P3_CV0,2,1,1,1,1
4,2539041.489,728416.6747,R4_F4_m4f4_P4_Y3_UO53,R4_F4_m4f4_P4_Y0_UO357,R4_F4_m4f4_P4_Y1_UO464,FXX,1,56.5113063619879,0,0,0.0,0,0,0,-9999.0,0.5,1,P3_CV0,2,2,0,1,1
4,2539041.489,728416.6747,R4_F4_m4f4_P4_Y3_UO98,R4_F4_m-1f-1_P4_Y-1_U60,R4_F4_m4f4_P4_Y1_UO157,FXX,1,56.5113063619879,0,0,0.0,0,0,0,-9999.0,0.375,1,P3_CV0,2,1,1,1,1
4,2539041.489,728416.6747,R4_F4_m4f4_P4_Y3_UO99,R4_F4_m-1f-1_P4_Y-1_U60,R4_F4_m4f4_P4_Y1_UO157,FXX,1,56.5113063619879,0,0,0.0,0,0,0,-9999.0,0.375,1,P3_CV0,2,1,1,1,1
4,2539041.489,728416.6747,R4_F4_m4f4_P4_Y3_UO100,R4_F4_m-1f-1_P4_Y-1_U60,R4_F4_m4f4_P4_Y1_UO157,FXX,1,56.5113063619879,0,0,0.0,0,0,0,-9999.0,0.375,1,P3_CV0,2,1,1,1,1
4,2539041.489,728416.6747,R4_F4_m4f4_P4_Y3_UO140,R4_F4_m4f4_P4_Y0_UO47,R4_F4_m-1f-1_P4_Y-1_U105,FXX,1,56.5113063619879,0,0,0.0,0,0,0,-9999.0,0.375,1,P3_CV0,2,1,1,0,2
4,2539041.489,728416.6747,R4_F4_m4f4_P4_Y3_UO141,R4_F4_m4f4_P4_Y0_UO47,R4_F4_m-1f-1_P4_Y-1_U105,MXY,1,56.5113063619879,0,0,0.0,0,0,0,-9999.0,0.375,1,P3_CV0,2,0,2,1,1
4,2539041.489,728416.6747,R4_F4_m4f4_P4_Y3_UO142,R4_F4_m4f4_P4_Y0_UO47,R4_F4_m-1f-1_P4_Y-1_U105,FXX,1,56.5113063619879,0,0,0.0,0,0,0,-9999.0,0.375,1,P3_CV0,2,2,0,0,2
4,2539041.489,728416.6747,R4_F4_m4f4_P4_Y3_UO160,R4_F4_m4f4_P4_Y0_UO357,R4_F4_m4f4_P4_Y0_UO270,MXY,1,56.5113063619879,0,0,0.0,0,0,0,-9999.0,0.625,1,P3_CV0,2,1,1,2,0
4,2539041.489,728416.6747,R4_F4_m4f4_P4_Y3_UO161,R4_F4_m4f4_P4_Y1_UO505,R4_F4_m4f4_P4_Y0_UO269,MXY,1,56.5113063619879,0,0,0.0,0,0,0,-9999.0,0.875,1,P3_CV0,2,0,2,1,1
4,2539041.489,728416.6747,R4_F4_m4f4_P4_Y3_UO165,R4_F4_m4f4_P4_Y1_UO337,R4_F4_m-1f-1_P4_Y-1_U107,FXX,1,56.5113063619879,0,0,0.0,0,0,0,-9999.0,0.75,1,P3_CV0,2,1,1,2,0
4,2539041.489,728416.6747,R4_F4_m4f4_P4_Y3_UO166,R4_F4_m4f4_P4_Y1_UO337,R4_F4_m-1f-1_P4_Y-1_U107,MXY,1,56.5113063619879,0,0,0.0,0,0,0,-9999.0,0.75,1,P3_CV0,2,1,1,2,0
4,2539041.489,728416.6747,R4_F4_m4f4_P4_Y3_UO170,R4_F4_m4f4_P4_Y1_UO151,R4_F4_m4f4_P4_Y1_UO29,FXX,1,56.5113063619879,0,0,0.0,0,0,0,-9999.0,0.75,1,P3_CV0,2,2,0,2,0
4,2539041.489,728416.6747,R4_F4_m4f4_P4_Y3_UO171,R4_F4_m4f4_P4_Y1_UO151,R4_F4_m4f4_P4_Y1_UO29,FXX,1,56.5113063619879,0,0,0.0,0,0,0,-9999.0,0.75,1,P3_CV0,2,2,0,1,1
4,2539041.489,728416.6747,R4_F4_m4f4_P4_Y3_UO174,R4_F4_m4f4_P4_Y0_UO47,R4_F4_m4f4_P4_Y1_UO62,MXY,1,56.5113063619879,0,0,0.0,0,0,0,-9999.0,0.25,1,P3_CV0,2,1,1,0,2
4,2539041.489,728416.6747,R4_F4_m4f4_P4_Y3_UO175,R4_F4_m4f4_P4_Y0_UO666,R4_F4_m-1f-1_P4_Y-1_U83,MXY,1,56.5113063619879,0,0,0.0,0,0,0,-9999.0,0.75,1,P3_CV0,2,1,1,2,0
4,2539041.489,728416.6747,R4_F4_m4f4_P4_Y3_UO176,R4_F4_m4f4_P4_Y0_UO666,R4_F4_m-1f-1_P4_Y-1_U83,MXY,1,56.5113063619879,0,0,0.0,0,0,0,-9999.0,0.75,1,P3_CV0,2,1,1,2,0
4,2539041.489,728416.6747,R4_F4_m4f4_P4_Y3_UO193,R4_F4_m4f4_P4_Y0_UO577,R4_F4_m-1f-1_P4_Y-1_U50,FXX,1,56.5113063619879,0,0,0.0,0,0,0,-9999.0,0.375,1,P3_CV0,2,2,0,1,1
4,2539041.489,728416.6747,R4_F4_m4f4_P4_Y3_UO194,R4_F4_m4f4_P4_Y0_UO577,R4_F4_m-1f-1_P4_Y-1_U50,FXX,1,56.5113063619879,0,0,0.0,0,0,0,-9999.0,0.375,1,P3_CV0,2,0,2,1,1
4,2539041.489,728416.6747,R4_F4_m4f4_P4_Y3_UO199,R4_F4_m4f4_P4_Y0_UO524,R4_F4_m4f4_P4_Y1_UO523,MXY,1,56.5113063619879,0,0,0.0,0,0,0,-9999.0,0.875,1,P3_CV0,2,1,1,0,2
4,2539041.489,728416.6747,R4_F4_m4f4_P4_Y3_UO203,R4_F4_m4f4_P4_Y1_UO465,R4_F4_m4f4_P4_Y0_UO445,FXX,1,56.5113063619879,0,0,0.0,0,0,0,-9999.0,0.25,1,P3_CV0,2,1,1,0,2
4,2539041.489,728416.6747,R4_F4_m4f4_P4_Y3_UO204,R4_F4_m4f4_P4_Y1_UO465,R4_F4_m4f4_P4_Y1_UO62,FXX,1,56.5113063619879,0,0,0.0,0,0,0,-9999.0,0.25,1,P3_CV0,2,0,2,1,1
4,2539041.489,728416.6747,R4_F4_m4f4_P4_Y3_UO205,R4_F4_m4f4_P4_Y1_UO466,R4_F4_m-1f-1_P4_Y-1_U31,FXX,1,56.5113063619879,0,0,0.0,0,0,0,-9999.0,0.375,1,P3_CV0,2,1,1,2,0
4,2539041.489,728416.6747,R4_F4_m4f4_P4_Y3_UO209,R4_F4_m4f4_P4_Y0_UO47,R4_F4_m4f4_P4_Y1_UO464,MXY,1,56.5113063619879,0,0,0.0,0,0,0,-9999.0,0.375,1,P3_CV0,2,1,1,1,1
4,2539041.489,728416.6747,R4_F4_m4f4_P4_Y3_UO210,R4_F4_m4f4_P4_Y0_UO47,R4_F4_m4f4_P4_Y1_UO464,FXX,1,56.5113063619879,0,0,0.0,0,0,0,-9999.0,0.375,1,P3_CV0,2,1,1,1,1
4,2539041.489,728416.6747,R4_F4_m4f4_P4_Y3_UO232,R4_F4_m4f4_P4_Y1_UO341,R4_F4_m4f4_P4_Y1_UO279,MXY,1,56.5113063619879,0,0,0.0,0,0,0,-9999.0,0.5,1,P3_CV0,2,0,2,0,2
4,2539041.489,728416.6747,R4_F4_m4f4_P4_Y3_UO233,I4_F7_m4f4_P4_Y0_UO571,R4_F4_m4f4_P4_Y0_UO360,FXX,1,56.5113063619879,0,0,0.0,0,0,0,-9999.0,0.375,1,P3_CV0,2,1,1,1,1
4,2539041.489,728416.6747,R4_F4_m4f4_P4_Y3_UO237,R4_F4_m-1f-1_P4_Y-1_U52,R4_F4_m-1f-1_P4_Y-1_U108,FXX,1,56.5113063619879,0,0,0.0,0,0,0,-9999.0,1.0,1,P3_CV0,2,2,0,0,2
4,2539041.489,728416.6747,R4_F4_m4f4_P4_Y3_UO238,R4_F4_m-1f-1_P4_Y-1_U52,R4_F4_m-1f-1_P4_Y-1_U108,FXX,1,56.5113063619879,0,0,0.0,0,0,0,-9999.0,1.0,1,P3_CV0,2,2,0,0,2
4,2539041.489,728416.6747,R4_F4_m4f4_P4_Y3_UO239,R4_F4_m-1f-1_P4_Y-1_U52,R4_F4_m-1f-1_P4_Y-1_U108,MXY,1,56.5113063619879,0,0,0.0,0,0,0,-9999.0,1.0,1,P3_CV0,2,2,0,0,2
4,2539041.489,728416.6747,R4_F4_m4f4_P4_Y3_UO286,R4_F4_m4f4_P4_Y1_UO522,R4_F4_m4f4_P4_Y1_UO105,MXY,1,56.5113063619879,0,0,0.0,0,0,0,-9999.0,0.75,1,P3_CV0,2,1,1,1,1
4,2539041.489,728416.6747,R4_F4_m4f4_P4_Y3_UO287,R4_F4_m4f4_P4_Y1_UO522,R4_F4_m4f4_P4_Y1_UO105,FXX,1,56.5113063619879,0,0,0.0,0,0,0,-9999.0,0.75,1,P3_CV0,2,2,0,0,2
4,2539041.489,728416.6747,R4_F4_m4f4_P4_Y3_UO295,R4_F4_m4f4_P4_Y0_UO175,R4_F4_m4f4_P4_Y1_UO445,FXX,1,56.5113063619879,0,0,0.0,0,0,0,-9999.0,0.625,1,P3_CV0,2,1,1,1,1
4,2539041.489,728416.6747,R4_F4_m4f4_P4_Y3_UO296,R4_F4_m4f4_P4_Y0_UO175,R4_F4_m4f4_P4_Y1_UO445,FXX,1,56.5113063619879,0,0,0.0,0,0,0,-9999.0,0.625,1,P3_CV0,2,1,1,1,1
4,2539041.489,728416.6747,R4_F4_m4f4_P4_Y3_UO297,R4_F4_m4f4_P4_Y1_UO151,R4_F4_m-1f-1_P4_Y-1_U31,MXY,1,56.5113063619879,0,0,0.0,0,0,0,-9999.0,0.75,1,P3_CV0,2,2,0,0,2
4,2539041.489,728416.6747,R4_F4_m4f4_P4_Y3_UO298,R4_F4_m4f4_P4_Y1_UO151,R4_F4_m-1f-1_P4_Y-1_U31,FXX,1,56.5113063619879,0,0,0.0,0,0,0,-9999.0,0.75,1,P3_CV0,2,1,1,1,1
4,2539041.489,728416.6747,R4_F4_m4f4_P4_Y3_UO309,R4_F4_m-1f-1_P4_Y-1_U60,R4_F4_m4f4_P4_Y1_UO107,MXY,1,56.5113063619879,0,0,0.0,0,0,0,-9999.0,0.5,1,P3_CV0,2,1,1,1,1
4,2539041.489,728416.6747,R4_F4_m4f4_P4_Y3_UO310,R4_F4_m-1f-1_P4_Y-1_U60,R4_F4_m4f4_P4_Y1_UO107,FXX,1,56.5113063619879,0,0,0.0,0,0,0,-9999.0,0.5,1,P3_CV0,2,1,1,1,1
4,2539041.489,728416.6747,R4_F4_m4f4_P4_Y3_UO311,R4_F4_m-1f-1_P4_Y-1_U60,R4_F4_m4f4_P4_Y1_UO107,FXX,1,56.5113063619879,0,0,0.0,0,0,0,-9999.0,0.5,1,P3_CV0,2,0,2,1,1
4,2539041.489,728416.6747,R4_F4_m4f4_P4_Y3_UO319,R4_F4_m4f4_P4_Y0_UO306,R4_F4_m4f4_P4_Y1_UO523,MXY,1,56.5113063619879,0,0,0.0,0,0,0,-9999.0,0.5,1,P3_CV0,2,1,1,2,0
4,2539041.489,728416.6747,R4_F4_m4f4_P4_Y3_UO329,R4_F4_m-1f-1_P4_Y-1_U60,R4_F4_m-1f-1_P4_Y-1_U99,MXY,1,56.5113063619879,0,0,0.0,0,0,0,-9999.0,0.5,1,P3_CV0,2,1,1,1,1
4,2539041.489,728416.6747,R4_F4_m4f4_P4_Y3_UO330,R4_F4_m-1f-1_P4_Y-1_U60,R4_F4_m-1f-1_P4_Y-1_U99,MXY,1,56.5113063619879,0,0,0.0,0,0,0,-9999.0,0.5,1,P3_CV0,2,0,2,1,1
4,2539041.489,728416.6747,R4_F4_m4f4_P4_Y3_UO342,R4_F4_m4f4_P4_Y0_UO666,R4_F4_m4f4_P4_Y0_UO579,MXY,1,56.5113063619879,0,0,0.0,0,0,0,-9999.0,0.375,1,P3_CV0,2,0,2,2,0
4,2539041.489,728416.6747,R4_F4_m4f4_P4_Y3_UO343,R4_F4_m4f4_P4_Y0_UO666,R4_F4_m4f4_P4_Y0_UO579,MXY,1,56.5113063619879,0,0,0.0,0,0,0,-9999.0,0.375,1,P3_CV0,2,0,2,1,1
4,2539041.489,728416.6747,R4_F4_m4f4_P4_Y3_UO361,R4_F4_m4f4_P4_Y1_UO454,R4_F4_m4f4_P4_Y1_UO523,FXX,1,56.5113063619879,0,0,0.0,0,0,0,-9999.0,0.625,1,P3_CV0,2,2,0,2,0
4,2539041.489,728416.6747,R4_F4_m4f4_P4_Y3_UO362,R4_F4_m4f4_P4_Y1_UO454,R4_F4_m4f4_P4_Y1_UO523,MXY,1,56.5113063619879,0,0,0.0,0,0,0,-9999.0,0.625,1,P3_CV0,2,2,0,2,0
4,2539041.489,728416.6747,R4_F4_m4f4_P4_Y3_UO375,R4_F4_m4f4_P4_Y1_UO250,R4_F4_m4f4_P4_Y1_UO126,MXY,1,56.5113063619879,0,0,0.0,0,0,0,-9999.0,0.75,1,P3_CV0,2,2,0,2,0
4,2539041.489,728416.6747,R4_F4_m4f4_P4_Y3_UO384,R4_F4_m4f4_P4_Y0_UO524,R4_F4_m4f4_P4_Y0_UO269,FXX,1,56.5113063619879,0,0,0.0,0,0,0,-9999.0,0.75,1,P3_CV0,2,1,1,0,2
4,2539041.489,728416.6747,R4_F4_m4f4_P4_Y3_UO385,R4_F4_m4f4_P4_Y0_UO524,R4_F4_m4f4_P4_Y0_UO269,FXX,1,56.5113063619879,0,0,0.0,0,0,0,-9999.0,0.75,1,P3_CV0,2,1,1,0,2
4,2539041.489,728416.6747,R4_F4_m4f4_P4_Y3_UO388,R4_F4_m4f4_P4_Y1_UO250,R4_F4_m4f4_P4_Y1_UO279,FXX,1,56.5113063619879,0,0,0.0,0,0,0,-9999.0,0.75,1,P3_CV0,2,1,1,1,1
4,2539041.489,728416.6747,R4_F4_m4f4_P4_Y3_UO391,R4_F4_m4f4_P4_Y0_UO8,R4_F4_m4f4_P4_Y1_UO521,MXY,1,56.5113063619879,0,0,0.0,0,0,0,-9999.0,0.75,1,P3_CV0,2,1,1,1,1
4,2539041.489,728416.6747,R4_F4_m4f4_P4_Y3_UO399,R4_F4_m4f4_P4_Y1_UO341,R4_F4_m4f4_P4_Y0_UO579,MXY,1,56.5113063619879,0,0,0.0,0,0,0,-9999.0,0.375,1,P3_CV0,2,0,2,1,1
4,2539041.489,728416.6747,R4_F4_m4f4_P4_Y3_UO413,R4_F4_m4f4_P4_Y0_UO158,R4_F4_m4f4_P4_Y1_UO249,FXX,1,56.5113063619879,0,0,0.0,0,0,0,-9999.0,0.875,1,P3_CV0,2,2,0,1,1
4,2539041.489,728416.6747,R4_F4_m4f4_P4_Y3_UO436,R4_F4_m4f4_P4_Y1_UO282,R4_F4_m4f4_P4_Y1_UO295,FXX,1,56.5113063619879,0,0,0.0,0,0,0,-9999.0,0.625,1,P3_CV0,2,0,2,0,2
4,2539041.489,728416.6747,R4_F4_m4f4_P4_Y3_UO438,R4_F4_m4f4_P4_Y1_UO110,R4_F4_m4f4_P4_Y1_UO277,FXX,1,56.5113063619879,0,0,0.0,0,0,0,-9999.0,0.375,1,P3_CV0,2,0,2,1,1
4,2539041.489,728416.6747,R4_F4_m4f4_P4_Y3_UO439,R4_F4_m4f4_P4_Y1_UO110,R4_F4_m4f4_P4_Y1_UO277,MXY,1,56.5113063619879,0,0,0.0,0,0,0,-9999.0,0.375,1,P3_CV0,2,0,2,0,2
4,2539041.489,728416.6747,R4_F4_m4f4_P4_Y3_UO475,R4_F4_m4f4_P4_Y0_UO528,R4_F4_m-1f-1_P4_Y-1_U87,FXX,1,56.5113063619879,0,0,0.0,0,0,0,-9999.0,0.875,1,P3_CV0,2,2,0,1,1
4,2539041.489,728416.6747,R4_F4_m4f4_P4_Y3_UO476,R4_F4_m4f4_P4_Y1_UO282,R4_F4_m4f4_P4_Y0_UO269,FXX,1,56.5113063619879,0,0,0.0,0,0,0,-9999.0,0.75,1,P3_CV0,2,1,1,1,1
4,2539041.489,728416.6747,R4_F4_m4f4_P4_Y3_UO477,R4_F4_m4f4_P4_Y1_UO282,R4_F4_m4f4_P4_Y0_UO269,FXX,1,56.5113063619879,0,0,0.0,0,0,0,-9999.0,0.75,1,P3_CV0,2,1,1,1,1
4,2539041.489,728416.6747,R4_F4_m4f4_P4_Y3_UO487,R4_F4_m4f4_P4_Y1_UO250,I4_F7_m4f4_P4_Y1_UO136,MXY,1,56.5113063619879,0,0,0.0,0,0,0,-9999.0,0.875,1,P3_CV0,2,2,0,1,1
4,2539041.489,728416.6747,R4_F4_m4f4_P4_Y3_UO488,R4_F4_m4f4_P4_Y1_UO250,I4_F7_m4f4_P4_Y1_UO136,FXX,1,56.5113063619879,0,0,0.0,0,0,0,-9999.0,0.875,1,P3_CV0,2,1,1,2,0
4,2539041.489,728416.6747,R4_F4_m4f4_P4_Y3_UO492,R4_F4_m4f4_P4_Y0_UO528,R4_F4_m-1f-1_P4_Y-1_U110,MXY,1,56.5113063619879,0,0,0.0,0,0,0,-9999.0,0.875,1,P3_CV0,2,2,0,2,0
4,2539041.489,728416.6747,R4_F4_m4f4_P4_Y3_UO493,R4_F4_m4f4_P4_Y1_UO291,R4_F4_m4f4_P4_Y1_UO523,FXX,1,56.5113063619879,0,0,0.0,0,0,0,-9999.0,0.875,1,P3_CV0,2,1,1,2,0
4,2539041.489,728416.6747,R4_F4_m4f4_P4_Y3_UO506,R4_F4_m4f4_P4_Y1_UO341,R4_F4_m4f4_P4_Y0_UO447,MXY,1,56.5113063619879,0,0,0.0,0,0,0,-9999.0,0.375,1,P3_CV0,2,1,1,1,1
4,2539041.489,728416.6747,R4_F4_m4f4_P4_Y3_UO507,R4_F4_m4f4_P4_Y1_UO341,R4_F4_m4f4_P4_Y0_UO447,MXY,1,56.5113063619879,0,0,0.0,0,0,0,-9999.0,0.375,1,P3_CV0,2,1,1,1,1
4,2539041.489,728416.6747,R4_F4_m4f4_P4_Y3_UO508,R4_F4_m4f4_P4_Y0_UO528,R4_F4_m4f4_P4_Y0_UO132,MXY,1,56.5113063619879,0,0,0.0,0,0,0,-9999.0,0.625,1,P3_CV0,2,1,1,1,1
4,2539041.489,728416.6747,R4_F4_m4f4_P4_Y3_UO521,R4_F4_m4f4_P4_Y0_UO47,R4_F4_m-1f-1_P4_Y-1_U107,FXX,1,56.5113063619879,0,0,0.0,0,0,0,-9999.0,0.625,1,P3_CV0,2,2,0,1,1
4,2539041.489,728416.6747,R4_F4_m4f4_P4_Y3_UO523,R4_F4_m4f4_P4_Y0_UO577,R4_F4_m-1f-1_P4_Y-1_U32,MXY,1,56.5113063619879,0,0,0.0,0,0,0,-9999.0,0.625,1,P3_CV0,2,2,0,2,0
4,2539041.489,728416.6747,R4_F4_m4f4_P4_Y3_UO527,R4_F4_m4f4_P4_Y0_UO524,R4_F4_m4f4_P4_Y0_UO348,FXX,1,56.5113063619879,0,0,0.0,0,0,0,-9999.0,0.5,1,P3_CV0,2,2,0,0,2
4,2539041.489,728416.6747,R4_F4_m4f4_P4_Y3_UO528,R4_F4_m4f4_P4_Y1_UO446,R4_F4_m4f4_P4_Y1_UO295,FXX,1,56.5113063619879,0,0,0.0,0,0,0,-9999.0,0.5,1,P3_CV0,2,1,1,2,0
4,2539041.489,728416.6747,R4_F4_m4f4_P4_Y3_UO532,R4_F4_m4f4_P4_Y0_UO524,R4_F4_m4f4_P4_Y1_UO523,FXX,1,56.5113063619879,0,0,0.0,0,0,0,-9999.0,0.875,1,P3_CV0,2,1,1,2,0
4,2539041.489,728416.6747,R4_F4_m4f4_P4_Y3_UO533,R4_F4_m4f4_P4_Y0_UO524,R4_F4_m4f4_P4_Y1_UO523,FXX,1,56.5113063619879,0,0,0.0,0,0,0,-9999.0,0.875,1,P3_CV0,2,2,0,2,0
4,2539041.489,728416.6747,R4_F4_m4f4_P4_Y3_UO550,R4_F4_m4f4_P4_Y1_UO151,R4_F4_m4f4_P4_Y1_UO105,FXX,1,56.5113063619879,0,0,0.0,0,0,0,-9999.0,0.75,1,P3_CV0,2,2,0,0,2
4,2539041.489,728416.6747,R4_F4_m4f4_P4_Y3_UO551,R4_F4_m4f4_P4_Y1_UO151,R4_F4_m4f4_P4_Y1_UO105,FXX,1,56.5113063619879,0,0,0.0,0,0,0,-9999.0,0.75,1,P3_CV0,2,2,0,1,1
4,2539041.489,728416.6747,R4_F4_m4f4_P4_Y3_UO567,R4_F4_m4f4_P4_Y0_UO359,R4_F4_m-1f-1_P4_Y-1_U87,MXY,1,56.5113063619879,0,0,0.0,0,0,0,-9999.0,0.75,1,P3_CV0,2,2,0,0,2
4,2539041.489,728416.6747,R4_F4_m4f4_P4_Y3_UO568,R4_F4_m4f4_P4_Y0_UO359,R4_F4_m-1f-1_P4_Y-1_U87,FXX,1,56.5113063619879,0,0,0.0,0,0,0,-9999.0,0.75,1,P3_CV0,2,1,1,1,1
4,2539041.489,728416.6747,R4_F4_m4f4_P4_Y3_UO569,R4_F4_m4f4_P4_Y0_UO357,R4_F4_m-1f-1_P4_Y-1_U105,FXX,1,56.5113063619879,0,0,0.0,0,0,0,-9999.0,0.5,1,P3_CV0,2,1,1,0,2
4,2539041.489,728416.6747,R4_F4_m4f4_P4_Y2_UO279,R4_F4_m4f4_P4_Y0_UO570,R4_F4_m4f4_P4_Y0_UO24,FXX,2,85.61008132380776,1,0,0.0,0,0,0,-9999.0,0.25,1,P3_CV0,2,1,1,1,1
4,2539041.489,728416.6747,R4_F4_m4f4_P4_Y2_UO29,R4_F4_m-1f-1_P4_Y-1_U82,R4_F4_m4f4_P4_Y0_UO269,FXX,2,85.61008132380776,1,0,2.703,0,0,0,-9999.0,0.625,1,P3_CV0,2,1,1,0,2
4,2539041.489,728416.6747,R4_F4_m4f4_P4_Y2_UO327,R4_F4_m4f4_P4_Y0_UO716,R4_F4_m4f4_P4_Y0_UO269,MXY,2,85.61008132380776,1,0,0.0,0,0,0,-9999.0,0.625,1,P3_CV0,2,1,1,0,2
4,2539041.489,728416.6747,R4_F4_m4f4_P4_Y2_UO587,R4_F4_m4f4_P4_Y0_UO523,R4_F4_m-1f-1_P4_Y-1_U110,MXY,2,85.61008132380776,1,0,0.0,0,0,0,-9999.0,0.875,1,P3_CV0,2,1,1,1,1
4,2539041.489,728416.6747,R4_F4_m4f4_P4_Y2_UO490,R4_F4_m-1f-1_P4_Y-1_U82,R4_F4_m-1f-1_P4_Y-1_U32,FXX,2,85.61008132380776,1,0,1.608,0,0,0,-9999.0,0.75,1,P3_CV0,2,2,0,0,2
4,2539041.489,728416.6747,R4_F4_m4f4_P4_Y2_UO35,R4_F4_m-1f-1_P4_Y-1_U82,R4_F4_m4f4_P4_Y0_UO269,FXX,2,85.61008132380776,1,0,1.451,0,0,0,-9999.0,0.625,1,P3_CV0,2,1,1,0,2
4,2539041.489,728416.6747,R4_F4_m4f4_P4_Y2_UO283,R4_F4_m4f4_P4_Y0_UO666,R4_F4_m4f4_P4_Y0_UO132,MXY,2,85.61008132380776,1,0,0.0,0,0,0,-9999.0,0.5,1,P3_CV0,2,0,2,2,0
4,2539041.489,728416.6747,R4_F4_m4f4_P4_Y2_UO461,R4_F4_m-1f-1_P4_Y-1_U60,R4_F4_m4f4_P4_Y0_UO623,MXY,2,85.61008132380776,1,0,0.0,0,0,0,-9999.0,0.25,1,P3_CV0,2,1,1,1,1
4,2539041.489,728416.6747,R4_F4_m4f4_P4_Y2_UO497,R4_F4_m-1f-1_P4_Y-1_U82,R4_F4_m-1f-1_P4_Y-1_U32,MXY,2,85.61008132380776,1,0,0.0,0,0,0,-9999.0,0.75,1,P3_CV0,2,2,0,1,1
4,2539041.489,728416.6747,R4_F4_m4f4_P4_Y2_UO109,R4_F4_m4f4_P4_Y0_UO570,R4_F4_m-1f-1_P4_Y-1_U99,MXY,2,85.61008132380776,1,0,0.0,0,0,0,-9999.0,0.375,1,P3_CV0,2,0,2,2,0
4,2539041.489,728416.6747,R4_F4_m4f4_P4_Y2_UO23,R4_F4_m4f4_P4_Y0_UO47,R4_F4_m-1f-1_P4_Y-1_U43,MXY,2,85.61008132380776,1,0,0.0,0,0,0,-9999.0,0.625,1,P3_CV0,2,1,1,1,1
4,2539041.489,728416.6747,R4_F4_m4f4_P4_Y2_UO498,R4_F4_m-1f-1_P4_Y-1_U82,R4_F4_m-1f-1_P4_Y-1_U32,MXY,2,85.61008132380776,1,0,0.0,0,0,0,-9999.0,0.75,1,P3_CV0,2,2,0,0,2
4,2539041.489,728416.6747,R4_F4_m4f4_P4_Y2_UO339,R4_F4_m4f4_P4_Y0_UO271,R4_F4_m-1f-1_P4_Y-1_U107,MXY,2,85.61008132380776,1,0,0.0,0,0,0,-9999.0,0.875,1,P3_CV0,2,1,1,2,0
4,2539041.489,728416.6747,R4_F4_m4f4_P4_Y2_UO593,R4_F4_m4f4_P4_Y0_UO523,R4_F4_m-1f-1_P4_Y-1_U110,MXY,2,85.61008132380776,1,0,0.0,0,0,0,-9999.0,0.875,1,P3_CV0,2,2,0,2,0
4,2539041.489,728416.6747,R4_F4_m4f4_P4_Y2_UO371,R4_F4_m-1f-1_P4_Y-1_U124,I4_F7_m-1f-1_P4_Y-1_U102,MXY,2,85.61008132380776,1,0,0.0,0,0,0,-9999.0,0.5,1,P3_CV0,2,2,0,1,1
4,2539041.489,728416.6747,R4_F4_m4f4_P4_Y2_UO458,R4_F4_m-1f-1_P4_Y-1_U60,R4_F4_m4f4_P4_Y0_UO623,FXX,2,85.61008132380776,1,0,1.261,0,0,0,-9999.0,0.25,1,P3_CV0,2,2,0,1,1
4,2539041.489,728416.6747,R4_F4_m4f4_P4_Y2_UO21,R4_F4_m4f4_P4_Y0_UO47,R4_F4_m-1f-1_P4_Y-1_U43,MXY,2,85.61008132380776,1,0,0.0,0,0,0,-9999.0,0.625,1,P3_CV0,2,2,0,1,1
4,2539041.489,728416.6747,R4_F4_m4f4_P4_Y2_UO264,R4_F4_m-1f-1_P4_Y-1_U52,R4_F4_m-1f-1_P4_Y-1_U46,FXX,2,85.61008132380776,1,0,0.0,0,0,0,-9999.0,0.5,1,P3_CV0,2,1,1,0,2
4,2539041.489,728416.6747,R4_F4_m4f4_P4_Y2_UO216,R4_F4_m4f4_P4_Y0_UO577,R4_F4_m4f4_P4_Y0_UO236,FXX,2,85.61008132380776,1,0,1.959,0,0,0,-9999.0,0.5,1,P3_CV0,2,2,0,1,1
4,2539041.489,728416.6747,R4_F4_m4f4_P4_Y2_UO465,R4_F4_m-1f-1_P4_Y-1_U60,R4_F4_m4f4_P4_Y0_UO623,FXX,2,85.61008132380776,1,0,1.055,0,0,0,-9999.0,0.25,1,P3_CV0,2,0,2,1,1
4,2539041.489,728416.6747,R4_F4_m4f4_P4_Y2_UO32,R4_F4_m-1f-1_P4_Y-1_U82,R4_F4_m4f4_P4_Y0_UO269,FXX,2,85.61008132380776,1,0,1.82,0,0,0,-9999.0,0.625,1,P3_CV0,2,1,1,1,1
4,2539041.489,728416.6747,R4_F4_m4f4_P4_Y2_UO38,R4_F4_m-1f-1_P4_Y-1_U82,R4_F4_m4f4_P4_Y0_UO269,FXX,2,85.61008132380776,1,0,2.068,0,0,0,-9999.0,0.625,1,P3_CV0,2,1,1,0,2
4,2539041.489,728416.6747,R4_F4_m4f4_P4_Y2_UO365,R4_F4_m-1f-1_P4_Y-1_U124,I4_F7_m-1f-1_P4_Y-1_U102,FXX,2,85.61008132380776,1,0,0.0,0,0,0,-9999.0,0.5,1,P3_CV0,2,2,0,0,2
4,2539041.489,728416.6747,R4_F4_m4f4_P4_Y2_UO278,R4_F4_m4f4_P4_Y0_UO570,R4_F4_m4f4_P4_Y0_UO24,MXY,2,85.61008132380776,1,0,0.0,0,0,0,-9999.0,0.25,1,P3_CV0,2,2,0,2,0
4,2539041.489,728416.6747,R4_F4_m4f4_P4_Y2_UO589,R4_F4_m4f4_P4_Y0_UO523,R4_F4_m-1f-1_P4_Y-1_U110,FXX,2,85.61008132380776,1,0,2.481,0,0,0,-9999.0,0.875,1,P3_CV0,2,1,1,2,0
4,2539041.489,728416.6747,R4_F4_m4f4_P4_Y2_UO392,R4_F4_m-1f-1_P4_Y-1_U121,R4_F4_m4f4_P4_Y0_UO236,MXY,2,85.61008132380776,1,0,0.0,0,0,0,-9999.0,0.625,1,P3_CV0,2,1,1,0,2
4,2539041.489,728416.6747,R4_F4_m4f4_P4_Y2_UO466,R4_F4_m-1f-1_P4_Y-1_U60,R4_F4_m4f4_P4_Y0_UO623,MXY,2,85.61008132380776,1,0,0.0,0,0,0,-9999.0,0.25,1,P3_CV0,2,1,1,1,1
4,2539041.489,728416.6747,R4_F4_m4f4_P4_Y2_UO57,R4_F4_m-1f-1_P4_Y-1_U82,R4_F4_m-1f-1_P4_Y-1_U46,MXY,2,85.61008132380776,1,0,0.0,0,0,0,-9999.0,0.25,1,P3_CV0,2,1,1,1,1
4,2539041.489,728416.6747,R4_F4_m4f4_P4_Y2_UO336,R4_F4_m4f4_P4_Y0_UO271,R4_F4_m-1f-1_P4_Y-1_U107,MXY,2,85.61008132380776,1,0,0.0,0,0,0,-9999.0,0.875,1,P3_CV0,2,1,1,2,0
4,2539041.489,728416.6747,R4_F4_m4f4_P4_Y2_UO393,R4_F4_m-1f-1_P4_Y-1_U121,R4_F4_m4f4_P4_Y0_UO236,MXY,2,85.61008132380776,1,0,0.0,0,0,0,-9999.0,0.625,1,P3_CV0,2,1,1,0,2
4,2539041.489,728416.6747,R4_F4_m4f4_P4_Y2_UO36,R4_F4_m-1f-1_P4_Y-1_U82,R4_F4_m4f4_P4_Y0_UO269,FXX,2,85.61008132380776,1,0,1.54,0,0,0,-9999.0,0.625,1,P3_CV0,2,0,2,0,2
4,2539041.489,728416.6747,I4_F7_m4f4_P4_Y2_UO242,R4_F4_m-1f-1_P4_Y-1_U52,R4_F4_m4f4_P4_Y0_UO579,FXX,2,85.63434746518931,1,0,2.497,0,0,0,-9999.0,0.625,1,P3_CV0,2,1,1,2,0
4,2539041.489,728416.6747,I4_F7_m4f4_P4_Y2_UO464,R4_F4_m-1f-1_P4_Y-1_U60,R4_F4_m4f4_P4_Y0_UO623,MXY,2,85.63434746518931,1,0,0.0,0,0,0,-9999.0,0.25,1,P3_CV0,2,0,2,1,1
4,2539041.489,728416.6747,R4_F4_m4f4_P4_Y1_UO110,R4_F4_m-1f-1_P4_Y-1_U70,I4_F7_m-1f-1_P4_Y-1_U48,FXX,3,104.23751256021919,1,0,0.0,0,0,0,-9999.0,0.25,1,P3_CV0,2,1,1,1,1
4,2539041.489,728416.6747,R4_F4_m4f4_P4_Y1_UO327,R4_F4_m-1f-1_P4_Y-1_U112,R4_F4_m-1f-1_P4_Y-1_U71,FXX,3,104.23751256021919,1,0,1.7,0,0,0,-9999.0,0.5,1,P3_CV0,2,1,1,2,0
4,2539041.489,728416.6747,R4_F4_m4f4_P4_Y1_UO126,R4_F4_m-1f-1_P4_Y-1_U116,R4_F4_m-1f-1_P4_Y-1_U14,MXY,3,104.23751256021919,1,0,0.0,0,0,0,-9999.0,0.5,1,P3_CV0,2,1,1,2,0
4,2539041.489,728416.6747,R4_F4_m4f4_P4_Y1_UO522,R4_F4_m-1f-1_P4_Y-1_U92,R4_F4_m-1f-1_P4_Y-1_U40,FXX,3,104.23751256021919,1,0,1.748,0,0,0,-9999.0,1.0,1,P3_CV0,2,1,1,0,2
4,2539041.489,728416.6747,R4_F4_m4f4_P4_Y1_UO8,R4_F4_m-1f-1_P4_Y-1_U96,R4_F4_m-1f-1_P4_Y-1_U32,MXY,3,104.23751256021919,1,0,0.0,0,0,0,-9999.0,1.0,1,P3_CV0,2,2,0,0,2
4,2539041.489,728416.6747,R4_F4_m4f4_P4_Y1_UO447,R4_F4_m-1f-1_P4_Y-1_U93,R4_F4_m-1f-1_P4_Y-1_U21,FXX,3,104.23751256021919,1,0,2.12,0,0,0,-9999.0,0.5,1,P3_CV0,2,0,2,1,1
4,2539041.489,728416.6747,R4_F4_m4f4_P4_Y1_UO505,R4_F4_m-1f-1_P4_Y-1_U96,R4_F4_m-1f-1_P4_Y-1_U75,FXX,3,104.23751256021919,1,0,1.785,0,0,0,-9999.0,1.0,1,P3_CV0,2,1,1,2,0
4,2539041.489,728416.6747,R4_F4_m4f4_P4_Y1_UO337,R4_F4_m-1f-1_P4_Y-1_U124,R4_F4_m-1f-1_P4_Y-1_U50,FXX,3,104.23751256021919,1,0,1.0,0,0,0,-9999.0,0.5,1,P3_CV0,2,1,1,2,0
4,2539041.489,728416.6747,R4_F4_m4f4_P4_Y1_UO464,R4_F4_m-1f-1_P4_Y-1_U70,R4_F4_m-1f-1_P4_Y-1_U114,MXY,3,104.23751256021919,1,0,0.0,0,0,0,-9999.0,0.5,1,P3_CV0,2,2,0,2,0
4,2539041.489,728416.6747,R4_F4_m4f4_P4_Y1_UO455,R4_F4_m-1f-1_P4_Y-1_U10,R4_F4_m-1f-1_P4_Y-1_U63,FXX,3,104.23751256021919,1,0,0.0,0,0,0,-9999.0,0.25,1,P3_CV0,2,0,2,1,1
4,2539041.489,728416.6747,R4_F4_m4f4_P4_Y1_UO157,R4_F4_m-1f-1_P4_Y-1_U93,R4_F4_m-1f-1_P4_Y-1_U46,MXY,3,104.23751256021919,1,0,0.0,0,0,0,-9999.0,0.25,1,P3_CV0,2,0,2,2,0
4,2539041.489,728416.6747,R4_F4_m4f4_P4_Y1_UO112,R4_F4_m-1f-1_P4_Y-1_U70,I4_F7_m-1f-1_P4_Y-1_U48,MXY,3,104.23751256021919,1,0,0.0,0,0,0,-9999.0,0.25,1,P3_CV0,2,2,0,1,1
4,2539041.489,728416.6747,R4_F4_m4f4_P4_Y1_UO445,R4_F4_m-1f-1_P4_Y-1_U60,R4_F4_m-1f-1_P4_Y-1_U54,MXY,3,104.23751256021919,1,0,0.0,0,0,0,-9999.0,0.5,1,P3_CV0,2,1,1,0,2
4,2539041.489,728416.6747,R4_F4_m4f4_P4_Y1_UO351,R4_F4_m-1f-1_P4_Y-1_U123,R4_F4_m-1f-1_P4_Y-1_U42,FXX,3,104.23751256021919,1,0,2.053,0,0,0,-9999.0,0.0,1,P3_CV0,2,1,1,1,1
4,2539041.489,728416.6747,R4_F4_m4f4_P4_Y1_UO279,R4_F4_m-1f-1_P4_Y-1_U18,R4_F4_m-1f-1_P4_Y-1_U58,MXY,3,104.23751256021919,1,0,0.0,0,0,0,-9999.0,0.5,1,P3_CV0,2,0,2,1,1
4,2539041.489,728416.6747,R4_F4_m4f4_P4_Y1_UO250,R4_F4_m-1f-1_P4_Y-1_U56,R4_F4_m-1f-1_P4_Y-1_U26,FXX,3,104.23751256021919,1,0,2.791,0,0,0,-9999.0,1.0,1,P3_CV0,2,2,0,1,1
4,2539041.489,728416.6747,R4_F4_m4f4_P4_Y1_UO185,R4_F4_m-1f-1_P4_Y-1_U88,R4_F4_m-1f-1_P4_Y-1_U14,MXY,3,104.23751256021919,1,0,0.0,0,0,0,-9999.0,0.5,1,P3_CV0,2,0,2,2,0
4,2539041.489,728416.6747,R4_F4_m4f4_P4_Y0_UO445,R4_F4_m-1f-1_P4_Y-1_U84,R4_F4_m-1f-1_P4_Y-1_U51,MXY,4,116.35465823408015,1,0,0.0,0,0,0,-9999.0,0.25,1,P3_CV0,2,2,0,0,2
4,2539041.489,728416.6747,R4_F4_m4f4_P4_Y0_UO359,R4_F4_m-1f-1_P4_Y-1_U116,R4_F4_m-1f-1_P4_Y-1_U98,FXX,4,116.35465823408015,1,0,1.486,0,0,0,-9999.0,0.5,1,P3_CV0,2,1,1,1,1
4,2539041.489,728416.6747,R4_F4_m4f4_P4_Y0_UO269,R4_F4_m-1f-1_P4_Y-1_U116,R4_F4_m-1f-1_P4_Y-1_U115,MXY,4,116.35465823408015,1,0,0.0,0,0,0,-9999.0,0.75,1,P3_CV0,2,0,2,0,2
4,2539041.489,728416.6747,R4_F4_m4f4_P4_Y0_UO22,R4_F4_m-1f-1_P4_Y-1_U80,R4_F4_m-1f-1_P4_Y-1_U63,MXY,4,116.35465823408015,1,0,0.0,0,0,0,-9999.0,0.25,1,P3_CV0,2,2,0,0,2
4,2539041.489,728416.6747,R4_F4_m4f4_P4_Y0_UO132,R4_F4_m-1f-1_P4_Y-1_U84,R4_F4_m-1f-1_P4_Y-1_U58,MXY,4,116.35465823408015,1,0,0.0,0,0,0,-9999.0,0.5,1,P3_CV0,2,1,1,1,1
4,2539041.489,728416.6747,R4_F4_m-1f-1_P4_Y-1_U32,-9999,-9999,MXY,5,120.08503898575928,1,0,0.0,0,0,0,-9999.0,1.0,1,P3_CV0,2,2,0,1,1
4,2539041.489,728416.6747,R4_F4_m-1f-1_P4_Y-1_U36,-9999,-9999,FXX,5,120.08503898575928,1,0,1.0,0,0,0,-9999.0,0.0,1,P3_CV0,2,0,2,1,1
4,2539041.489,728416.6747,R4_F4_m-1f-1_P4_Y-1_U1,-9999,-9999,FXX,5,120.08503898575928,1,0,1.709,0,0,0,-9999.0,0.5,1,P3_CV0,2,1,1,1,1
4,2539041.489,728416.6747,R4_F4_m-1f-1_P4_Y-1_U110,-9999,-9999,MXY,5,120.08503898575928,1,0,0.0,0,0,0,-9999.0,1.0,1,P3_CV0,2,2,0,2,0
4,2539041.489,728416.6747,R4_F4_m-1f-1_P4_Y-1_U47,-9999,-9999,MXY,5,120.08503898575928,1,0,0.0,0,0,0,-9999.0,0.5,1,P3_CV0,2,1,1,1,1
4,2539041.489,728416.6747,I4_F7_m-1f-1_P4_Y-1_U107,-9999,-9999,MXY,5,120.09926186591728,1,0,0.0,0,0,0,-9999.0,1.0,1,P3_CV0,2,2,0,2,0
4,2539041.489,728416.6747,RD4_F6_m6f6_P6_Y3_UO248,R6_F6_m-1f-1_P6_Y-1_U2,R6_F6_m6f6_P6_Y1_UO475,MXY,1,56.532552390559566,0,0,0.0,0,0,0,-9999.0,0.625,1,P5_CV0,2,2,0,1,1
5,2535011.582,720257.8531,R5_F5_m5f5_P5_Y3_UO266,R5_F5_m5f5_P5_Y0_UO660,R5_F5_m3f3_P3_Y1_UO472,MXY,1,57.12343831074038,0,0,0.0,0,0,0,-9999.0,0.625,1,P2_CV0,3,0,2,0,2
5,2535011.582,720257.8531,R5_F5_m5f5_P5_Y3_UO2,R5_F5_m5f5_P5_Y0_UO114,R5_F5_m-1f-1_P5_Y-1_U112,MXY,1,57.12343831074038,0,0,0.0,0,0,0,-9999.0,0.75,1,P4_CV0,3,2,0,0,2
5,2535011.582,720257.8531,R5_F5_m5f5_P5_Y3_UO17,R5_F5_m5f5_P5_Y1_UO296,R5_F5_m5f5_P5_Y1_UO163,MXY,1,57.12343831074038,0,0,0.0,0,0,0,-9999.0,0.625,1,P4_CV0,3,2,0,0,2
5,2535011.582,720257.8531,R5_F5_m5f5_P5_Y3_UO18,R5_F5_m5f5_P5_Y1_UO382,R5_F5_m5f5_P5_Y0_UO121,FXX,1,57.12343831074038,0,0,0.0,0,0,0,-9999.0,0.25,1,P4_CV0,3,1,1,1,1
5,2535011.582,720257.8531,R5_F5_m5f5_P5_Y3_UO19,R5_F5_m5f5_P5_Y1_UO382,R5_F5_m5f5_P5_Y0_UO121,MXY,1,57.12343831074038,0,0,0.0,0,0,0,-9999.0,0.25,1,P4_CV0,3,1,1,1,1
5,2535011.582,720257.8531,R5_F5_m5f5_P5_Y3_UO21,R5_F5_m5f5_P5_Y1_UO38,R5_F5_m-1f-1_P5_Y-1_U21,MXY,1,57.12343831074038,0,0,0.0,0,0,0,-9999.0,0.75,1,P4_CV0,3,1,1,2,0
5,2535011.582,720257.8531,R5_F5_m5f5_P5_Y3_UO44,R5_F5_m-1f-1_P5_Y-1_U97,R5_F5_m-1f-1_P5_Y-1_U29,FXX,1,57.12343831074038,0,0,0.0,0,0,0,-9999.0,0.5,1,P4_CV0,3,1,1,1,1
5,2535011.582,720257.8531,R5_F5_m5f5_P5_Y3_UO45,R5_F5_m-1f-1_P5_Y-1_U97,R5_F5_m-1f-1_P5_Y-1_U29,MXY,1,57.12343831074038,0,0,0.0,0,0,0,-9999.0,0.5,1,P4_CV0,3,1,1,1,1
5,2535011.582,720257.8531,R5_F5_m5f5_P5_Y3_UO54,R5_F5_m5f5_P5_Y1_UO384,R5_F5_m5f5_P5_Y0_UO100,MXY,1,57.12343831074038,0,0,0.0,0,0,0,-9999.0,0.5,1,P4_CV0,3,1,1,1,1
5,2535011.582,720257.8531,R5_F5_m5f5_P5_Y3_UO55,R5_F5_m5f5_P5_Y1_UO384,R5_F5_m5f5_P5_Y0_UO100,FXX,1,57.12343831074038,0,0,0.0,0,0,0,-9999.0,0.5,1,P4_CV0,3,1,1,1,1
5,2535011.582,720257.8531,R5_F5_m5f5_P5_Y3_UO71,R5_F5_m-1f-1_P5_Y-1_U28,R5_F5_m-1f-1_P5_Y-1_U112,FXX,1,57.12343831074038,0,0,0.0,0,0,0,-9999.0,0.75,1,P4_CV0,3,1,1,1,1
5,2535011.582,720257.8531,R5_F5_m5f5_P5_Y3_UO72,R5_F5_m-1f-1_P5_Y-1_U28,R5_F5_m-1f-1_P5_Y-1_U112,FXX,1,57.12343831074038,0,0,0.0,0,0,0,-9999.0,0.75,1,P4_CV0,3,1,1,1,1
5,2535011.582,720257.8531,R5_F5_m5f5_P5_Y3_UO80,R5_F5_m5f5_P5_Y1_UO296,R5_F5_m5f5_P5_Y0_UO123,FXX,1,57.12343831074038,0,0,0.0,0,0,0,-9999.0,0.25,1,P4_CV0,3,1,1,0,2
5,2535011.582,720257.8531,R5_F5_m5f5_P5_Y3_UO81,R5_F5_m5f5_P5_Y1_UO42,R5_F5_m-1f-1_P5_Y-1_U112,FXX,1,57.12343831074038,0,0,0.0,0,0,0,-9999.0,0.875,1,P4_CV0,3,1,1,1,1
5,2535011.582,720257.8531,R5_F5_m5f5_P5_Y3_UO90,R5_F5_m5f5_P5_Y0_UO126,R5_F5_m5f5_P5_Y1_UO199,MXY,1,57.12343831074038,0,0,0.0,0,0,0,-9999.0,0.125,1,P4_CV0,3,1,1,1,1
5,2535011.582,720257.8531,R5_F5_m5f5_P5_Y3_UO111,R5_F5_m5f5_P5_Y1_UO450,R5_F5_m5f5_P5_Y1_UO59,MXY,1,57.12343831074038,0,0,0.0,0,0,0,-9999.0,0.5,1,P4_CV0,3,0,2,1,1
5,2535011.582,720257.8531,R5_F5_m5f5_P5_Y3_UO123,R5_F5_m5f5_P5_Y0_UO660,R5_F5_m5f5_P5_Y0_UO664,FXX,1,57.12343831074038,0,0,0.0,0,0,0,-9999.0,0.75,1,P4_CV0,3,1,1,1,1
5,2535011.582,720257.8531,R5_F5_m5f5_P5_Y3_UO124,R5_F5_m5f5_P5_Y0_UO660,R5_F5_m5f5_P5_Y0_UO664,FXX,1,57.12343831074038,0,0,0.0,0,0,0,-9999.0,0.75,1,P4_CV0,3,2,0,1,1
5,2535011.582,720257.8531,R5_F5_m5f5_P5_Y3_UO138,R5_F5_m5f5_P5_Y1_UO384,R5_F5_m5f5_P5_Y0_UO95,MXY,1,57.12343831074038,0,0,0.0,0,0,0,-9999.0,0.5,1,P4_CV0,3,1,1,1,1
5,2535011.582,720257.8531,R5_F5_m5f5_P5_Y3_UO139,R5_F5_m5f5_P5_Y1_UO384,R5_F5_m5f5_P5_Y0_UO95,MXY,1,57.12343831074038,0,0,0.0,0,0,0,-9999.0,0.5,1,P4_CV0,3,2,0,1,1
5,2535011.582,720257.8531,R5_F5_m5f5_P5_Y3_UO147,R5_F5_m5f5_P5_Y1_UO38,R5_F5_m-1f-1_P5_Y-1_U31,MXY,1,57.12343831074038,0,0,0.0,0,0,0,-9999.0,0.5,1,P4_CV0,3,0,2,2,0
5,2535011.582,720257.8531,R5_F5_m5f5_P5_Y3_UO148,R5_F5_m5f5_P5_Y1_UO38,R5_F5_m-1f-1_P5_Y-1_U31,FXX,1,57.12343831074038,0,0,0.0,0,0,0,-9999.0,0.5,1,P4_CV0,3,0,2,2,0
5,2535011.582,720257.8531,R5_F5_m5f5_P5_Y3_UO192,R5_F5_m5f5_P5_Y1_UO210,R5_F5_m5f5_P5_Y1_UO19,FXX,1,57.12343831074038,0,0,0.0,0,0,0,-9999.0,0.375,1,P4_CV0,3,1,1,2,0
5,2535011.582,720257.8531,R5_F5_m5f5_P5_Y3_UO200,R5_F5_m5f5_P5_Y0_UO395,R5_F5_m5f5_P5_Y0_UO267,FXX,1,57.12343831074038,0,0,0.0,0,0,0,-9999.0,0.375,1,P4_CV0,3,1,1,0,2
5,2535011.582,720257.8531,R5_F5_m5f5_P5_Y3_UO201,R5_F5_m5f5_P5_Y0_UO126,R5_F5_m5f5_P5_Y0_UO339,FXX,1,57.12343831074038,0,0,0.0,0,0,0,-9999.0,0.0,1,P4_CV0,3,1,1,2,0
5,2535011.582,720257.8531,R5_F5_m5f5_P5_Y3_UO206,R5_F5_m5f5_P5_Y1_UO42,R5_F5_m5f5_P5_Y1_UO342,FXX,1,57.12343831074038,0,0,0.0,0,0,0,-9999.0,0.625,1,P4_CV0,3,1,1,2,0
5,2535011.582,720257.8531,R5_F5_m5f5_P5_Y3_UO207,R5_F5_m5f5_P5_Y1_UO42,R5_F5_m5f5_P5_Y1_UO342,FXX,1,57.12343831074038,0,0,0.0,0,0,0,-9999.0,0.625,1,P4_CV0,3,1,1,2,0
5,2535011.582,720257.8531,R5_F5_m5f5_P5_Y3_UO223,R5_F5_m5f5_P5_Y0_UO660,R5_F5_m-1f-1_P5_Y-1_U31,FXX,1,57.12343831074038,0,0,0.0,0,0,0,-9999.0,0.625,1,P4_CV0,3,1,1,1,1
5,2535011.582,720257.8531,R5_F5_m5f5_P5_Y3_UO228,R5_F5_m5f5_P5_Y1_UO384,R5_F5_m5f5_P5_Y0_UO659,FXX,1,57.12343831074038,0,0,0.0,0,0,0,-9999.0,0.625,1,P4_CV0,3,1,1,2,0
5,2535011.582,720257.8531,R5_F5_m5f5_P5_Y3_UO249,R5_F5_m5f5_P5_Y0_UO340,R5_F5_m-1f-1_P5_Y-1_U9,FXX,1,57.12343831074038,0,0,0.0,0,0,0,-9999.0,0.25,1,P4_CV0,3,1,1,1,1
5,2535011.582,720257.8531,R5_F5_m5f5_P5_Y3_UO250,R5_F5_m5f5_P5_Y0_UO340,R5_F5_m-1f-1_P5_Y-1_U9,FXX,1,57.12343831074038,0,0,0.0,0,0,0,-9999.0,0.25,1,P4_CV0,3,0,2,2,0
5,2535011.582,720257.8531,R5_F5_m5f5_P5_Y3_UO251,R5_F5_m-1f-1_P5_Y-1_U14,R5_F5_m-1f-1_P5_Y-1_U48,FXX,1,57.12343831074038,0,0,0.0,0,0,0,-9999.0,0.25,1,P4_CV0,3,1,1,1,1
5,2535011.582,720257.8531,R5_F5_m5f5_P5_Y3_UO252,R5_F5_m-1f-1_P5_Y-1_U14,R5_F5_m-1f-1_P5_Y-1_U48,MXY,1,57.12343831074038,0,0,0.0,0,0,0,-9999.0,0.25,1,P4_CV0,3,0,2,2,0
5,2535011.582,720257.8531,R5_F5_m5f5_P5_Y3_UO253,R5_F5_m5f5_P5_Y0_UO487,R5_F5_m5f5_P5_Y1_UO517,MXY,1,57.12343831074038,0,0,0.0,0,0,0,-9999.0,0.5,1,P4_CV0,3,1,1,1,1
5,2535011.582,720257.8531,R5_F5_m5f5_P5_Y3_UO254,R5_F5_m5f5_P5_Y0_UO487,R5_F5_m5f5_P5_Y1_UO517,MXY,1,57.12343831074038,0,0,0.0,0,0,0,-9999.0,0.5,1,P4_CV0,3,1,1,1,1
5,2535011.582,720257.8531,R5_F5_m5f5_P5_Y3_UO256,R5_F5_m5f5_P5_Y0_UO660,R5_F5_m5f5_P5_Y0_UO659,MXY,1,57.12343831074038,0,0,0.0,0,0,0,-9999.0,0.75,1,P4_CV0,3,0,2,1,1
5,2535011.582,720257.8531,R5_F5_m5f5_P5_Y3_UO257,R5_F5_m5f5_P5_Y0_UO597,R5_F5_m5f5_P5_Y0_UO119,MXY,1,57.12343831074038,0,0,0.0,0,0,0,-9999.0,0.375,1,P4_CV0,3,2,0,0,2
5,2535011.582,720257.8531,R5_F5_m5f5_P5_Y3_UO267,R5_F5_m5f5_P5_Y0_UO660,R5_F5_m3f3_P3_Y1_UO472,FXX,1,57.12343831074038,0,0,0.0,0,0,0,-9999.0,0.625,1,P4_CV0,3,1,1,0,2
5,2535011.582,720257.8531,R5_F5_m5f5_P5_Y3_UO274,I5_F7_m5f5_P5_Y1_UO209,R5_F5_m5f5_P5_Y1_UO385,FXX,1,57.12343831074038,0,0,0.0,0,0,0,-9999.0,0.375,1,P4_CV0,3,2,0,0,2
5,2535011.582,720257.8531,R5_F5_m5f5_P5_Y3_UO275,I5_F7_m5f5_P5_Y1_UO209,R5_F5_m5f5_P5_Y1_UO385,FXX,1,57.12343831074038,0,0,0.0,0,0,0,-9999.0,0.375,1,P4_CV0,3,2,0,0,2
5,2535011.582,720257.8531,R5_F5_m5f5_P5_Y3_UO288,R5_F5_m5f5_P5_Y1_UO227,R5_F5_m5f5_P5_Y1_UO193,MXY,1,57.12343831074038,0,0,0.0,0,0,0,-9999.0,0.625,1,P4_CV0,3,1,1,0,2
5,2535011.582,720257.8531,R5_F5_m5f5_P5_Y3_UO294,R5_F5_m-1f-1_P5_Y-1_U34,R5_F5_m5f5_P5_Y1_UO385,MXY,1,57.12343831074038,0,0,0.0,0,0,0,-9999.0,0.75,1,P4_CV0,3,2,0,0,2
5,2535011.582,720257.8531,R5_F5_m5f5_P5_Y3_UO302,R5_F5_m5f5_P5_Y0_UO597,R5_F5_m-1f-1_P5_Y-1_U93,FXX,1,57.12343831074038,0,0,0.0,0,0,0,-9999.0,0.375,1,P4_CV0,3,1,1,0,2
5,2535011.582,720257.8531,R5_F5_m5f5_P5_Y3_UO303,R5_F5_m5f5_P5_Y0_UO597,R5_F5_m-1f-1_P5_Y-1_U93,MXY,1,57.12343831074038,0,0,0.0,0,0,0,-9999.0,0.375,1,P4_CV0,3,1,1,0,2
5,2535011.582,720257.8531,R5_F5_m5f5_P5_Y3_UO331,R5_F5_m5f5_P5_Y1_UO419,R5_F5_m-1f-1_P5_Y-1_U21,MXY,1,57.12343831074038,0,0,0.0,0,0,0,-9999.0,0.875,1,P4_CV0,3,2,0,1,1
5,2535011.582,720257.8531,R5_F5_m5f5_P5_Y3_UO334,R5_F5_m5f5_P5_Y0_UO660,R5_F5_m5f5_P5_Y1_UO385,FXX,1,57.12343831074038,0,0,0.0,0,0,0,-9999.0,0.625,1,P4_CV0,3,2,0,0,2
5,2535011.582,720257.8531,R5_F5_m5f5_P5_Y3_UO336,R5_F5_m5f5_P5_Y1_UO30,R5_F5_m5f5_P5_Y1_UO297,MXY,1,57.12343831074038,0,0,0.0,0,0,0,-9999.0,0.5,1,P4_CV0,3,1,1,1,1
5,2535011.582,720257.8531,R5_F5_m5f5_P5_Y3_UO337,R5_F5_m5f5_P5_Y1_UO30,R5_F5_m5f5_P5_Y1_UO297,MXY,1,57.12343831074038,0,0,0.0,0,0,0,-9999.0,0.5,1,P4_CV0,3,2,0,1,1
5,2535011.582,720257.8531,R5_F5_m5f5_P5_Y3_UO345,R5_F5_m5f5_P5_Y0_UO395,R5_F5_m-1f-1_P5_Y-1_U29,MXY,1,57.12343831074038,0,0,0.0,0,0,0,-9999.0,0.625,1,P4_CV0,3,1,1,1,1
5,2535011.582,720257.8531,R5_F5_m5f5_P5_Y3_UO354,R5_F5_m5f5_P5_Y1_UO38,R5_F5_m-1f-1_P5_Y-1_U93,MXY,1,57.12343831074038,0,0,0.0,0,0,0,-9999.0,0.5,1,P4_CV0,3,0,2,1,1
5,2535011.582,720257.8531,R5_F5_m5f5_P5_Y3_UO356,R5_F5_m5f5_P5_Y1_UO417,R5_F5_m5f5_P5_Y0_UO78,MXY,1,57.12343831074038,0,0,0.0,0,0,0,-9999.0,0.625,1,P4_CV0,3,2,0,1,1
5,2535011.582,720257.8531,R5_F5_m5f5_P5_Y3_UO357,R5_F5_m5f5_P5_Y1_UO417,R5_F5_m5f5_P5_Y0_UO78,FXX,1,57.12343831074038,0,0,0.0,0,0,0,-9999.0,0.625,1,P4_CV0,3,2,0,1,1
5,2535011.582,720257.8531,R5_F5_m5f5_P5_Y3_UO387,R5_F5_m5f5_P5_Y0_UO340,R5_F5_m5f5_P5_Y1_UO59,FXX,1,57.12343831074038,0,0,0.0,0,0,0,-9999.0,0.125,1,P4_CV0,3,0,2,1,1
5,2535011.582,720257.8531,R5_F5_m5f5_P5_Y3_UO404,R5_F5_m5f5_P5_Y0_UO340,R5_F5_m5f5_P5_Y1_UO19,FXX,1,57.12343831074038,0,0,0.0,0,0,0,-9999.0,0.25,1,P4_CV0,3,2,0,2,0
5,2535011.582,720257.8531,R5_F5_m5f5_P5_Y3_UO405,R5_F5_m5f5_P5_Y0_UO340,R5_F5_m5f5_P5_Y1_UO19,MXY,1,57.12343831074038,0,0,0.0,0,0,0,-9999.0,0.25,1,P4_CV0,3,1,1,1,1
5,2535011.582,720257.8531,R5_F5_m5f5_P5_Y3_UO414,R5_F5_m-1f-1_P5_Y-1_U28,R5_F5_m5f5_P5_Y1_UO163,MXY,1,57.12343831074038,0,0,0.0,0,0,0,-9999.0,0.625,1,P4_CV0,3,1,1,1,1
5,2535011.582,720257.8531,R5_F5_m5f5_P5_Y3_UO415,R5_F5_m-1f-1_P5_Y-1_U28,R5_F5_m5f5_P5_Y1_UO163,MXY,1,57.12343831074038,0,0,0.0,0,0,0,-9999.0,0.625,1,P4_CV0,3,1,1,1,1
5,2535011.582,720257.8531,R5_F5_m5f5_P5_Y3_UO416,R5_F5_m5f5_P5_Y0_UO395,R5_F5_m5f5_P5_Y1_UO200,MXY,1,57.12343831074038,0,0,0.0,0,0,0,-9999.0,0.25,1,P4_CV0,3,1,1,0,2
5,2535011.582,720257.8531,R5_F5_m5f5_P5_Y3_UO417,R5_F5_m5f5_P5_Y0_UO395,R5_F5_m5f5_P5_Y1_UO200,MXY,1,57.12343831074038,0,0,0.0,0,0,0,-9999.0,0.25,1,P4_CV0,3,1,1,0,2
5,2535011.582,720257.8531,R5_F5_m5f5_P5_Y3_UO418,R5_F5_m5f5_P5_Y0_UO395,R5_F5_m5f5_P5_Y1_UO200,FXX,1,57.12343831074038,0,0,0.0,0,0,0,-9999.0,0.25,1,P4_CV0,3,0,2,0,2
5,2535011.582,720257.8531,R5_F5_m5f5_P5_Y3_UO428,R5_F5_m5f5_P5_Y1_UO381,R5_F5_m5f5_P5_Y1_UO31,MXY,1,57.12343831074038,0,0,0.0,0,0,0,-9999.0,0.5,1,P4_CV0,3,1,1,1,1
5,2535011.582,720257.8531,R5_F5_m5f5_P5_Y3_UO429,R5_F5_m5f5_P5_Y1_UO381,R5_F5_m5f5_P5_Y1_UO31,FXX,1,57.12343831074038,0,0,0.0,0,0,0,-9999.0,0.5,1,P4_CV0,3,1,1,1,1
5,2535011.582,720257.8531,R5_F5_m5f5_P5_Y3_UO430,R5_F5_m-1f-1_P5_Y-1_U7,R5_F5_m5f5_P5_Y1_UO19,FXX,1,57.12343831074038,0,0,0.0,0,0,0,-9999.0,0.5,1,P4_CV0,3,1,1,1,1
5,2535011.582,720257.8531,R5_F5_m5f5_P5_Y3_UO431,R5_F5_m-1f-1_P5_Y-1_U7,R5_F5_m5f5_P5_Y1_UO19,MXY,1,57.12343831074038,0,0,0.0,0,0,0,-9999.0,0.5,1,P4_CV0,3,2,0,2,0
5,2535011.582,720257.8531,R5_F5_m5f5_P5_Y3_UO437,R5_F5_m5f5_P5_Y1_UO524,R5_F5_m5f5_P5_Y1_UO103,MXY,1,57.12343831074038,0,0,0.0,0,0,0,-9999.0,0.5,1,P4_CV0,3,0,2,2,0
5,2535011.582,720257.8531,R5_F5_m5f5_P5_Y3_UO440,R5_F5_m-1f-1_P5_Y-1_U28,R5_F5_m5f5_P5_Y1_UO163,MXY,1,57.12343831074038,0,0,0.0,0,0,0,-9999.0,0.625,1,P4_CV0,3,2,0,1,1
5,2535011.582,720257.8531,R5_F5_m5f5_P5_Y3_UO441,R5_F5_m-1f-1_P5_Y-1_U28,R5_F5_m5f5_P5_Y1_UO163,MXY,1,57.12343831074038,0,0,0.0,0,0,0,-9999.0,0.625,1,P4_CV0,3,1,1,1,1
5,2535011.582,720257.8531,R5_F5_m5f5_P5_Y3_UO457,R5_F5_m5f5_P5_Y1_UO50,R5_F5_m5f5_P5_Y0_UO664,MXY,1,57.12343831074038,0,0,0.0,0,0,0,-9999.0,0.75,1,P4_CV0,3,2,0,2,0
5,2535011.582,720257.8531,R5_F5_m5f5_P5_Y3_UO458,R5_F5_m5f5_P5_Y0_UO336,R5_F5_m-1f-1_P5_Y-1_U29,FXX,1,57.12343831074038,0,0,0.0,0,0,0,-9999.0,0.5,1,P4_CV0,3,2,0,2,0
5,2535011.582,720257.8531,R5_F5_m5f5_P5_Y3_UO459,R5_F5_m5f5_P5_Y0_UO336,R5_F5_m-1f-1_P5_Y-1_U29,MXY,1,57.12343831074038,0,0,0.0,0,0,0,-9999.0,0.5,1,P4_CV0,3,2,0,2,0
5,2535011.582,720257.8531,R5_F5_m5f5_P5_Y3_UO461,R5_F5_m-1f-1_P5_Y-1_U46,I5_F7_m5f5_P5_Y0_UO116,FXX,1,57.12343831074038,0,0,0.0,0,0,0,-9999.0,0.25,1,P4_CV0,3,0,2,1,1
5,2535011.582,720257.8531,R5_F5_m5f5_P5_Y3_UO478,R5_F5_m5f5_P5_Y1_UO296,R5_F5_m5f5_P5_Y0_UO95,FXX,1,57.12343831074038,0,0,0.0,0,0,0,-9999.0,0.5,1,P4_CV0,3,1,1,0,2
5,2535011.582,720257.8531,R5_F5_m5f5_P5_Y3_UO479,R5_F5_m5f5_P5_Y1_UO296,R5_F5_m5f5_P5_Y0_UO95,MXY,1,57.12343831074038,0,0,0.0,0,0,0,-9999.0,0.5,1,P4_CV0,3,1,1,1,1
5,2535011.582,720257.8531,R5_F5_m5f5_P5_Y3_UO480,R5_F5_m5f5_P5_Y1_UO546,R5_F5_m5f5_P5_Y1_UO199,FXX,1,57.12343831074038,0,0,0.0,0,0,0,-9999.0,0.5,1,P4_CV0,3,2,0,1,1
5,2535011.582,720257.8531,R5_F5_m5f5_P5_Y3_UO481,R5_F5_m5f5_P5_Y0_UO660,R5_F5_m5f5_P5_Y0_UO119,FXX,1,57.12343831074038,0,0,0.0,0,0,0,-9999.0,0.625,1,P4_CV0,3,1,1,1,1
5,2535011.582,720257.8531,R5_F5_m5f5_P5_Y3_UO482,R5_F5_m5f5_P5_Y0_UO660,R5_F5_m5f5_P5_Y0_UO119,MXY,1,57.12343831074038,0,0,0.0,0,0,0,-9999.0,0.625,1,P4_CV0,3,1,1,1,1
5,2535011.582,720257.8531,R5_F5_m5f5_P5_Y3_UO494,R5_F5_m5f5_P5_Y1_UO417,R5_F5_m-1f-1_P5_Y-1_U21,FXX,1,57.12343831074038,0,0,0.0,0,0,0,-9999.0,0.875,1,P4_CV0,3,2,0,1,1
5,2535011.582,720257.8531,R5_F5_m5f5_P5_Y3_UO495,R5_F5_m5f5_P5_Y1_UO417,R5_F5_m-1f-1_P5_Y-1_U21,FXX,1,57.12343831074038,0,0,0.0,0,0,0,-9999.0,0.875,1,P4_CV0,3,2,0,2,0
5,2535011.582,720257.8531,R5_F5_m5f5_P5_Y3_UO504,R5_F5_m5f5_P5_Y0_UO126,R5_F5_m-1f-1_P5_Y-1_U68,FXX,1,57.12343831074038,0,0,0.0,0,0,0,-9999.0,0.0,1,P4_CV0,3,0,2,2,0
5,2535011.582,720257.8531,R5_F5_m5f5_P5_Y3_UO505,R5_F5_m5f5_P5_Y0_UO126,R5_F5_m-1f-1_P5_Y-1_U68,MXY,1,57.12343831074038,0,0,0.0,0,0,0,-9999.0,0.0,1,P4_CV0,3,0,2,1,1
5,2535011.582,720257.8531,R5_F5_m5f5_P5_Y3_UO509,R5_F5_m5f5_P5_Y0_UO126,R5_F5_m5f5_P5_Y1_UO492,FXX,1,57.12343831074038,0,0,0.0,0,0,0,-9999.0,0.25,1,P4_CV0,3,0,2,0,2
5,2535011.582,720257.8531,R5_F5_m5f5_P5_Y3_UO510,R5_F5_m5f5_P5_Y0_UO126,R5_F5_m5f5_P5_Y1_UO439,MXY,1,57.12343831074038,0,0,0.0,0,0,0,-9999.0,0.125,1,P4_CV0,3,1,1,1,1
5,2535011.582,720257.8531,R5_F5_m5f5_P5_Y3_UO511,R5_F5_m5f5_P5_Y0_UO126,R5_F5_m5f5_P5_Y1_UO439,MXY,1,57.12343831074038,0,0,0.0,0,0,0,-9999.0,0.125,1,P4_CV0,3,1,1,0,2
5,2535011.582,720257.8531,R5_F5_m5f5_P5_Y3_UO519,R5_F5_m5f5_P5_Y0_UO395,R5_F5_m5f5_P5_Y1_UO420,MXY,1,57.12343831074038,0,0,0.0,0,0,0,-9999.0,0.5,1,P4_CV0,3,1,1,0,2
5,2535011.582,720257.8531,R5_F5_m5f5_P5_Y3_UO524,R5_F5_m-1f-1_P5_Y-1_U40,R5_F5_m5f5_P5_Y1_UO193,MXY,1,57.12343831074038,0,0,0.0,0,0,0,-9999.0,0.75,1,P4_CV0,3,2,0,1,1
5,2535011.582,720257.8531,R5_F5_m5f5_P5_Y3_UO525,R5_F5_m-1f-1_P5_Y-1_U40,R5_F5_m5f5_P5_Y1_UO193,FXX,1,57.12343831074038,0,0,0.0,0,0,0,-9999.0,0.75,1,P4_CV0,3,1,1,1,1
5,2535011.582,720257.8531,R5_F5_m5f5_P5_Y3_UO526,R5_F5_m-1f-1_P5_Y-1_U40,R5_F5_m5f5_P5_Y1_UO193,FXX,1,57.12343831074038,0,0,0.0,0,0,0,-9999.0,0.75,1,P4_CV0,3,1,1,1,1
5,2535011.582,720257.8531,R5_F5_m5f5_P5_Y3_UO548,R5_F5_m5f5_P5_Y1_UO450,R5_F5_m5f5_P5_Y0_UO100,MXY,1,57.12343831074038,0,0,0.0,0,0,0,-9999.0,0.625,1,P4_CV0,3,1,1,1,1
5,2535011.582,720257.8531,R5_F5_m5f5_P5_Y3_UO549,R5_F5_m5f5_P5_Y1_UO450,R5_F5_m5f5_P5_Y0_UO100,FXX,1,57.12343831074038,0,0,0.0,0,0,0,-9999.0,0.625,1,P4_CV0,3,1,1,1,1
5,2535011.582,720257.8531,R5_F5_m5f5_P5_Y3_UO575,R5_F5_m5f5_P5_Y0_UO259,R5_F5_m5f5_P5_Y0_UO659,FXX,1,57.12343831074038,0,0,0.0,0,0,0,-9999.0,0.625,1,P4_CV0,3,1,1,1,1
5,2535011.582,720257.8531,R5_F5_m5f5_P5_Y2_UO233,R5_F5_m-1f-1_P5_Y-1_U28,R5_F5_m-1f-1_P5_Y-1_U31,FXX,2,92.4121409390294,1,0,0.0,0,0,0,-9999.0,0.5,1,P4_CV0,3,0,2,2,0
5,2535011.582,720257.8531,R5_F5_m5f5_P5_Y2_UO306,R5_F5_m5f5_P5_Y0_UO609,R5_F5_m-1f-1_P5_Y-1_U1,MXY,2,92.4121409390294,1,0,0.0,0,0,0,-9999.0,0.5,1,P4_CV0,3,0,2,0,2
5,2535011.582,720257.8531,R5_F5_m5f5_P5_Y2_UO26,R5_F5_m-1f-1_P5_Y-1_U14,R5_F5_m5f5_P5_Y0_UO123,MXY,2,92.4121409390294,1,0,0.0,0,0,0,-9999.0,0.25,1,P4_CV0,3,0,2,0,2
5,2535011.582,720257.8531,R5_F5_m5f5_P5_Y2_UO120,R5_F5_m-1f-1_P5_Y-1_U38,R5_F5_m5f5_P5_Y0_UO530,FXX,2,92.4121409390294,1,0,0.0,0,0,0,-9999.0,0.625,1,P4_CV0,3,2,0,1,1
5,2535011.582,720257.8531,R5_F5_m5f5_P5_Y2_UO533,R5_F5_m5f5_P5_Y0_UO114,I5_F7_m-1f-1_P5_Y-1_U93,MXY,2,92.4121409390294,1,0,0.0,0,0,0,-9999.0,0.5,1,P4_CV0,3,1,1,0,2
5,2535011.582,720257.8531,R5_F5_m5f5_P5_Y2_UO202,R5_F5_m5f5_P5_Y0_UO114,R5_F5_m-1f-1_P5_Y-1_U53,MXY,2,92.4121409390294,1,0,0.0,0,0,0,-9999.0,0.75,1,P4_CV0,3,2,0,2,0
5,2535011.582,720257.8531,R5_F5_m5f5_P5_Y2_UO621,R5_F5_m5f5_P5_Y0_UO608,R5_F5_m5f5_P5_Y0_UO489,MXY,2,92.4121409390294,1,0,0.0,0,0,0,-9999.0,0.5,1,P4_CV0,3,0,2,0,2
5,2535011.582,720257.8531,R5_F5_m5f5_P5_Y2_UO46,R5_F5_m-1f-1_P5_Y-1_U38,R5_F5_m-1f-1_P5_Y-1_U80,FXX,2,92.4121409390294,1,0,2.729,0,0,0,-9999.0,0.75,1,P4_CV0,3,2,0,1,1
5,2535011.582,720257.8531,R5_F5_m5f5_P5_Y2_UO622,R5_F5_m5f5_P5_Y0_UO608,R5_F5_m5f5_P5_Y0_UO489,FXX,2,92.4121409390294,1,0,0.0,0,0,0,-9999.0,0.5,1,P4_CV0,3,2,0,0,2
5,2535011.582,720257.8531,R5_F5_m5f5_P5_Y2_UO624,R5_F5_m-1f-1_P5_Y-1_U7,R5_F5_m5f5_P5_Y0_UO100,FXX,2,92.4121409390294,1,0,1.541,0,0,0,-9999.0,0.5,1,P4_CV0,3,0,2,1,1
5,2535011.582,720257.8531,R5_F5_m5f5_P5_Y2_UO629,R5_F5_m-1f-1_P5_Y-1_U7,R5_F5_m5f5_P5_Y0_UO100,FXX,2,92.4121409390294,1,0,2.002,0,0,0,-9999.0,0.5,1,P4_CV0,3,1,1,1,1
5,2535011.582,720257.8531,R5_F5_m5f5_P5_Y2_UO625,R5_F5_m-1f-1_P5_Y-1_U7,R5_F5_m5f5_P5_Y0_UO100,MXY,2,92.4121409390294,1,0,0.0,0,0,0,-9999.0,0.5,1,P4_CV0,3,1,1,1,1
5,2535011.582,720257.8531,R5_F5_m5f5_P5_Y2_UO522,R5_F5_m5f5_P5_Y0_UO608,R5_F5_m-1f-1_P5_Y-1_U66,MXY,2,92.4121409390294,1,0,0.0,0,0,0,-9999.0,0.5,1,P4_CV0,3,2,0,0,2
5,2535011.582,720257.8531,R5_F5_m5f5_P5_Y2_UO230,R5_F5_m-1f-1_P5_Y-1_U28,R5_F5_m-1f-1_P5_Y-1_U31,FXX,2,92.4121409390294,1,0,1.169,0,0,0,-9999.0,0.5,1,P4_CV0,3,2,0,2,0
5,2535011.582,720257.8531,R5_F5_m5f5_P5_Y2_UO208,R5_F5_m-1f-1_P5_Y-1_U28,R5_F5_m5f5_P5_Y0_UO390,MXY,2,92.4121409390294,1,0,0.0,0,0,0,-9999.0,0.375,1,P4_CV0,3,2,0,1,1
5,2535011.582,720257.8531,R5_F5_m5f5_P5_Y2_UO188,R5_F5_m5f5_P5_Y0_UO608,R5_F5_m-1f-1_P5_Y-1_U9,MXY,2,92.4121409390294,1,0,0.0,0,0,0,-9999.0,0.5,1,P4_CV0,3,0,2,0,2
5,2535011.582,720257.8531,R5_F5_m5f5_P5_Y2_UO623,R5_F5_m5f5_P5_Y0_UO608,R5_F5_m5f5_P5_Y0_UO489,MXY,2,92.4121409390294,1,0,0.0,0,0,0,-9999.0,0.5,1,P4_CV0,3,0,2,0,2
5,2535011.582,720257.8531,R5_F5_m5f5_P5_Y2_UO238,R5_F5_m5f5_P5_Y0_UO660,R5_F5_m-1f-1_P5_Y-1_U4,MXY,2,92.4121409390294,1,0,0.0,0,0,0,-9999.0,0.625,1,P4_CV0,3,1,1,1,1
5,2535011.582,720257.8531,R5_F5_m5f5_P5_Y2_UO540,R5_F5_m5f5_P5_Y0_UO114,R5_F5_m-1f-1_P5_Y-1_U53,FXX,2,92.4121409390294,1,0,2.015,0,0,0,-9999.0,0.75,1,P4_CV0,3,2,0,1,1
5,2535011.582,720257.8531,R5_F5_m5f5_P5_Y2_UO628,R5_F5_m-1f-1_P5_Y-1_U7,R5_F5_m5f5_P5_Y0_UO100,FXX,2,92.4121409390294,1,0,2.074,0,0,0,-9999.0,0.5,1,P4_CV0,3,0,2,1,1
5,2535011.582,720257.8531,R5_F5_m5f5_P5_Y2_UO455,R5_F5_m5f5_P5_Y0_UO259,R5_F5_m5f5_P5_Y0_UO121,MXY,2,92.4121409390294,1,0,0.0,0,0,0,-9999.0,0.25,1,P4_CV0,3,1,1,0,2
5,2535011.582,720257.8531,R5_F5_m5f5_P5_Y2_UO223,R5_F5_m-1f-1_P5_Y-1_U7,I5_F7_m-1f-1_P5_Y-1_U21,FXX,2,92.4121409390294,1,0,1.035,0,0,0,-9999.0,0.75,1,P4_CV0,3,1,1,2,0
5,2535011.582,720257.8531,R5_F5_m5f5_P5_Y2_UO536,R5_F5_m5f5_P5_Y0_UO114,I5_F7_m-1f-1_P5_Y-1_U93,MXY,2,92.4121409390294,1,0,0.0,0,0,0,-9999.0,0.5,1,P4_CV0,3,1,1,0,2
5,2535011.582,720257.8531,R5_F5_m5f5_P5_Y2_UO199,R5_F5_m5f5_P5_Y0_UO114,R5_F5_m-1f-1_P5_Y-1_U53,MXY,2,92.4121409390294,1,0,0.0,0,0,0,-9999.0,0.75,1,P4_CV0,3,2,0,1,1
5,2535011.582,720257.8531,R5_F5_m5f5_P5_Y2_UO119,R5_F5_m-1f-1_P5_Y-1_U38,R5_F5_m5f5_P5_Y0_UO530,FXX,2,92.4121409390294,1,0,0.0,0,0,0,-9999.0,0.625,1,P4_CV0,3,1,1,2,0
5,2535011.582,720257.8531,R5_F5_m5f5_P5_Y2_UO444,R5_F5_m-1f-1_P5_Y-1_U7,R5_F5_m5f5_P5_Y0_UO78,FXX,2,92.4121409390294,1,0,0.0,0,0,0,-9999.0,0.5,1,P4_CV0,3,2,0,1,1
5,2535011.582,720257.8531,R5_F5_m5f5_P5_Y2_UO450,R5_F5_m5f5_P5_Y0_UO608,R5_F5_m-1f-1_P5_Y-1_U68,MXY,2,92.4121409390294,1,0,0.0,0,0,0,-9999.0,0.25,1,P4_CV0,3,0,2,0,2
5,2535011.582,720257.8531,R5_F5_m5f5_P5_Y2_UO358,R5_F5_m5f5_P5_Y0_UO42,R5_F5_m-1f-1_P5_Y-1_U112,MXY,2,92.4121409390294,1,0,0.0,0,0,0,-9999.0,0.625,1,P4_CV0,3,1,1,0,2
5,2535011.582,720257.8531,R5_F5_m5f5_P5_Y2_UO205,R5_F5_m-1f-1_P5_Y-1_U28,R5_F5_m5f5_P5_Y0_UO390,FXX,2,92.4121409390294,1,0,1.703,0,0,0,-9999.0,0.375,1,P4_CV0,3,1,1,1,1
5,2535011.582,720257.8531,R5_F5_m5f5_P5_Y2_UO24,R5_F5_m-1f-1_P5_Y-1_U14,R5_F5_m5f5_P5_Y0_UO123,FXX,2,92.4121409390294,1,0,0.0,0,0,0,-9999.0,0.25,1,P4_CV0,3,1,1,1,1
5,2535011.582,720257.8531,I5_F7_m5f5_P5_Y2_UO237,R5_F5_m5f5_P5_Y0_UO660,R5_F5_m-1f-1_P5_Y-1_U4,FXX,2,92.39961440666781,1,0,1.09,0,0,0,-9999.0,0.625,1,P4_CV0,3,2,0,0,2
5,2535011.582,720257.8531,R5_F5_m5f5_P5_Y1_UO419,R5_F5_m-1f-1_P5_Y-1_U114,R5_F5_m-1f-1_P5_Y-1_U35,FXX,3,112.43102610080717,1,0,1.386,0,0,0,-9999.0,0.75,1,P4_CV0,3,2,0,2,0
5,2535011.582,720257.8531,R5_F5_m5f5_P5_Y1_UO299,R5_F5_m-1f-1_P5_Y-1_U0,R5_F5_m-1f-1_P5_Y-1_U32,MXY,3,112.43102610080717,1,0,0.0,0,0,0,-9999.0,0.25,1,P4_CV0,3,1,1,1,1
5,2535011.582,720257.8531,R5_F5_m5f5_P5_Y1_UO524,R5_F5_m-1f-1_P5_Y-1_U51,R5_F5_m-1f-1_P5_Y-1_U95,FXX,3,112.43102610080717,1,0,0.0,0,0,0,-9999.0,0.75,1,P4_CV0,3,1,1,2,0
5,2535011.582,720257.8531,R5_F5_m5f5_P5_Y1_UO59,R5_F5_m-1f-1_P5_Y-1_U0,R5_F5_m-1f-1_P5_Y-1_U98,MXY,3,112.43102610080717,1,0,0.0,0,0,0,-9999.0,0.25,1,P4_CV0,3,0,2,0,2
5,2535011.582,720257.8531,R5_F5_m5f5_P5_Y1_UO449,R5_F5_m-1f-1_P5_Y-1_U87,R5_F5_m-1f-1_P5_Y-1_U118,MXY,3,112.43102610080717,1,0,0.0,0,0,0,-9999.0,0.75,1,P4_CV0,3,2,0,1,1
5,2535011.582,720257.8531,R5_F5_m5f5_P5_Y1_UO252,R5_F5_m-1f-1_P5_Y-1_U51,R5_F5_m-1f-1_P5_Y-1_U58,FXX,3,112.43102610080717,1,0,2.225,0,0,0,-9999.0,0.75,1,P4_CV0,3,0,2,1,1
5,2535011.582,720257.8531,R5_F5_m5f5_P5_Y1_UO19,R5_F5_m-1f-1_P5_Y-1_U0,R5_F5_m-1f-1_P5_Y-1_U53,MXY,3,112.43102610080717,1,0,0.0,0,0,0,-9999.0,0.5,1,P4_CV0,3,1,1,1,1
5,2535011.582,720257.8531,R5_F5_m5f5_P5_Y1_UO405,R5_F5_m-1f-1_P5_Y-1_U91,R5_F5_m-1f-1_P5_Y-1_U33,FXX,3,112.43102610080717,1,0,1.985,0,0,0,-9999.0,0.0,1,P4_CV0,3,1,1,0,2
5,2535011.582,720257.8531,R5_F5_m5f5_P5_Y1_UO80,R5_F5_m-1f-1_P5_Y-1_U10,R5_F5_m-1f-1_P5_Y-1_U73,MXY,3,112.43102610080717,1,0,0.0,0,0,0,-9999.0,0.75,1,P4_CV0,3,0,2,0,2
5,2535011.582,720257.8531,R5_F5_m5f5_P5_Y1_UO296,R5_F5_m-1f-1_P5_Y-1_U46,R5_F5_m-1f-1_P5_Y-1_U53,FXX,3,112.43102610080717,1,0,1.856,0,0,0,-9999.0,0.5,1,P4_CV0,3,1,1,1,1
5,2535011.582,720257.8531,R5_F5_m5f5_P5_Y1_UO420,R5_F5_m-1f-1_P5_Y-1_U16,R5_F5_m-1f-1_P5_Y-1_U126,MXY,3,112.43102610080717,1,0,0.0,0,0,0,-9999.0,0.75,1,P4_CV0,3,1,1,0,2
5,2535011.582,720257.8531,R5_F5_m5f5_P5_Y1_UO210,R5_F5_m-1f-1_P5_Y-1_U78,R5_F5_m-1f-1_P5_Y-1_U102,FXX,3,112.43102610080717,1,0,3.28,0,0,0,-9999.0,0.25,1,P4_CV0,3,1,1,2,0
5,2535011.582,720257.8531,R5_F5_m5f5_P5_Y1_UO342,R5_F5_m-1f-1_P5_Y-1_U0,R5_F5_m-1f-1_P5_Y-1_U35,MXY,3,112.43102610080717,1,0,0.0,0,0,0,-9999.0,0.5,1,P4_CV0,3,1,1,1,1
5,2535011.582,720257.8531,R5_F5_m5f5_P5_Y1_UO386,R5_F5_m-1f-1_P5_Y-1_U2,R5_F5_m-1f-1_P5_Y-1_U48,FXX,3,112.43102610080717,1,0,1.153,0,0,0,-9999.0,0.5,1,P4_CV0,3,1,1,1,1
5,2535011.582,720257.8531,R5_F5_m5f5_P5_Y1_UO51,R5_F5_m-1f-1_P5_Y-1_U11,R5_F5_m-1f-1_P5_Y-1_U79,FXX,3,112.43102610080717,1,0,0.0,0,0,0,-9999.0,0.75,1,P4_CV0,3,1,1,2,0
5,2535011.582,720257.8531,R5_F5_m5f5_P5_Y0_UO597,R5_F5_m-1f-1_P5_Y-1_U122,R5_F5_m-1f-1_P5_Y-1_U50,FXX,4,126.84173066165744,1,0,1.0,0,0,0,-9999.0,0.25,1,P4_CV0,3,1,1,0,2
5,2535011.582,720257.8531,R5_F5_m5f5_P5_Y0_UO664,R5_F5_m-1f-1_P5_Y-1_U76,R5_F5_m-1f-1_P5_Y-1_U17,MXY,4,126.84173066165744,1,0,0.0,0,0,0,-9999.0,0.75,1,P4_CV0,3,2,0,1,1
5,2535011.582,720257.8531,R5_F5_m5f5_P5_Y0_UO116,R5_F5_m-1f-1_P5_Y-1_U84,R5_F5_m-1f-1_P5_Y-1_U117,MXY,4,126.83526185157804,1,0,0.0,0,0,0,-9999.0,0.5,1,P4_CV0,3,1,1,1,1
5,2535011.582,720257.8531,R5_F5_m5f5_P5_Y0_UO259,R5_F5_m-1f-1_P5_Y-1_U76,R5_F5_m-1f-1_P5_Y-1_U69,FXX,4,126.84173066165744,1,0,0.0,0,0,0,-9999.0,0.5,1,P4_CV0,3,1,1,1,1
5,2535011.582,720257.8531,R5_F5_m5f5_P5_Y0_UO95,R5_F5_m-1f-1_P5_Y-1_U44,R5_F5_m-1f-1_P5_Y-1_U95,MXY,4,126.84173066165744,1,0,0.0,0,0,0,-9999.0,0.5,1,P4_CV0,3,1,1,0,2
5,2535011.582,720257.8531,R5_F5_m5f5_P5_Y0_UO336,R5_F5_m-1f-1_P5_Y-1_U44,R5_F5_m-1f-1_P5_Y-1_U37,FXX,4,126.84173066165744,1,0,1.0,0,0,0,-9999.0,0.0,1,P4_CV0,3,2,0,1,1
5,2535011.582,720257.8531,R5_F5_m5f5_P5_Y0_UO114,R5_F5_m-1f-1_P5_Y-1_U84,R5_F5_m-1f-1_P5_Y-1_U117,FXX,4,126.84173066165744,1,0,1.373,0,0,0,-9999.0,0.5,1,P4_CV0,3,2,0,1,1
5,2535011.582,720257.8531,R5_F5_m-1f-1_P5_Y-1_U68,-9999,-9999,MXY,5,131.8044687598019,1,0,0.0,0,0,0,-9999.0,0.0,1,P4_CV0,3,0,2,1,1
5,2535011.582,720257.8531,R5_F5_m-1f-1_P5_Y-1_U46,-9999,-9999,FXX,5,131.8044687598019,1,0,1.851,0,0,0,-9999.0,0.0,1,P4_CV0,3,0,2,1,1
5,2535011.582,720257.8531,R5_F5_m-1f-1_P5_Y-1_U38,-9999,-9999,FXX,5,131.8044687598019,1,0,2.348,0,0,0,-9999.0,0.5,1,P4_CV0,3,1,1,1,1
5,2535011.582,720257.8531,R5_F5_m-1f-1_P5_Y-1_U29,-9999,-9999,MXY,5,131.8095459328582,1,0,0.0,0,0,0,-9999.0,1.0,1,P4_CV0,3,2,0,2,0
5,2535011.582,720257.8531,I5_F7_m-1f-1_P5_Y-1_U59,-9999,-9999,MXY,5,131.79711739326854,1,0,0.0,0,0,0,-9999.0,0.5,1,P4_CV0,3,1,1,1,1
6,2545325.475,726552.0418,R6_F6_m6f6_P6_Y1_UO216,R6_F6_m-1f-1_P6_Y-1_U62,RD6_F1_m-1f-1_P1_Y-1_U125,FXX,3,112.98239402898459,1,0,1.799,0,0,0,-9999.0,0.5,1,P0_CV0,3,1,1,2,0
6,2545325.475,726552.0418,R6_F6_m6f6_P6_Y3_UO560,R6_F6_m-1f-1_P6_Y-1_U68,R6_F6_m5f5_P5_Y0_UO495,MXY,1,60.161579654323845,0,0,0.0,0,0,0,-9999.0,0.125,1,P4_CV0,3,1,1,1,1
6,2545325.475,726552.0418,R6_F6_m6f6_P6_Y3_UO561,R6_F6_m-1f-1_P6_Y-1_U68,R6_F6_m5f5_P5_Y0_UO495,FXX,1,60.161579654323845,0,0,0.0,0,0,0,-9999.0,0.125,1,P4_CV0,3,0,2,2,0
6,2545325.475,726552.0418,R6_F6_m6f6_P6_Y2_UO116,R6_F6_m-1f-1_P6_Y-1_U123,R6_F6_m5f5_P5_Y0_UO495,MXY,2,87.18653164657196,1,0,0.0,0,0,0,-9999.0,0.125,1,P4_CV0,3,0,2,1,1
6,2545325.475,726552.0418,R6_F6_m6f6_P6_Y3_UO20,R6_F6_m6f6_P6_Y1_UO479,R6_F6_m6f6_P6_Y1_UO308,FXX,1,60.161579654323845,0,0,0.0,0,0,0,-9999.0,0.5,1,P5_CV0,3,1,1,0,2
6,2545325.475,726552.0418,R6_F6_m6f6_P6_Y3_UO41,R6_F6_m6f6_P6_Y1_UO304,R6_F6_m6f6_P6_Y0_UO168,MXY,1,60.161579654323845,0,0,0.0,0,0,0,-9999.0,0.375,1,P5_CV0,3,2,0,1,1
6,2545325.475,726552.0418,R6_F6_m6f6_P6_Y3_UO42,R6_F6_m6f6_P6_Y1_UO304,R6_F6_m6f6_P6_Y0_UO168,FXX,1,60.161579654323845,0,0,0.0,0,0,0,-9999.0,0.375,1,P5_CV0,3,1,1,2,0
6,2545325.475,726552.0418,R6_F6_m6f6_P6_Y3_UO56,R6_F6_m-1f-1_P6_Y-1_U123,R6_F6_m6f6_P6_Y0_UO226,MXY,1,60.161579654323845,0,0,0.0,0,0,0,-9999.0,0.125,1,P5_CV0,3,0,2,1,1
6,2545325.475,726552.0418,R6_F6_m6f6_P6_Y3_UO57,R6_F6_m-1f-1_P6_Y-1_U123,R6_F6_m6f6_P6_Y0_UO226,FXX,1,60.161579654323845,0,0,0.0,0,0,0,-9999.0,0.125,1,P5_CV0,3,0,2,1,1
6,2545325.475,726552.0418,R6_F6_m6f6_P6_Y3_UO58,R6_F6_m-1f-1_P6_Y-1_U123,R6_F6_m6f6_P6_Y0_UO226,FXX,1,60.161579654323845,0,0,0.0,0,0,0,-9999.0,0.125,1,P5_CV0,3,0,2,1,1
6,2545325.475,726552.0418,R6_F6_m6f6_P6_Y3_UO59,R6_F6_m-1f-1_P6_Y-1_U123,R6_F6_m6f6_P6_Y0_UO226,FXX,1,60.161579654323845,0,0,0.0,0,0,0,-9999.0,0.125,1,P5_CV0,3,1,1,1,1
6,2545325.475,726552.0418,R6_F6_m6f6_P6_Y3_UO82,R6_F6_m6f6_P6_Y0_UO576,R6_F6_m6f6_P6_Y1_UO475,FXX,1,60.161579654323845,0,0,0.0,0,0,0,-9999.0,0.625,1,P5_CV0,3,2,0,2,0
6,2545325.475,726552.0418,R6_F6_m6f6_P6_Y3_UO83,R6_F6_m6f6_P6_Y0_UO576,R6_F6_m6f6_P6_Y1_UO475,MXY,1,60.161579654323845,0,0,0.0,0,0,0,-9999.0,0.625,1,P5_CV0,3,1,1,1,1
6,2545325.475,726552.0418,R6_F6_m6f6_P6_Y3_UO95,R6_F6_m6f6_P6_Y1_UO304,R6_F6_m6f6_P6_Y1_UO20,FXX,1,60.161579654323845,0,0,0.0,0,0,0,-9999.0,0.5,1,P5_CV0,3,1,1,1,1
6,2545325.475,726552.0418,R6_F6_m6f6_P6_Y3_UO112,R6_F6_m6f6_P6_Y1_UO5,R6_F6_m6f6_P6_Y1_UO480,FXX,1,60.161579654323845,0,0,0.0,0,0,0,-9999.0,0.375,1,P5_CV0,3,0,2,0,2
6,2545325.475,726552.0418,R6_F6_m6f6_P6_Y3_UO113,R6_F6_m6f6_P6_Y1_UO5,R6_F6_m6f6_P6_Y1_UO480,MXY,1,60.161579654323845,0,0,0.0,0,0,0,-9999.0,0.375,1,P5_CV0,3,0,2,1,1
6,2545325.475,726552.0418,R6_F6_m6f6_P6_Y3_UO132,R6_F6_m-1f-1_P6_Y-1_U68,R6_F6_m6f6_P6_Y1_UO474,MXY,1,60.161579654323845,0,0,0.0,0,0,0,-9999.0,0.125,1,P5_CV0,3,0,2,1,1
6,2545325.475,726552.0418,R6_F6_m6f6_P6_Y3_UO133,R6_F6_m-1f-1_P6_Y-1_U68,R6_F6_m6f6_P6_Y1_UO474,MXY,1,60.161579654323845,0,0,0.0,0,0,0,-9999.0,0.125,1,P5_CV0,3,0,2,2,0
6,2545325.475,726552.0418,R6_F6_m6f6_P6_Y3_UO134,R6_F6_m-1f-1_P6_Y-1_U68,R6_F6_m6f6_P6_Y1_UO474,MXY,1,60.161579654323845,0,0,0.0,0,0,0,-9999.0,0.125,1,P5_CV0,3,0,2,1,1
6,2545325.475,726552.0418,R6_F6_m6f6_P6_Y3_UO143,R6_F6_m6f6_P6_Y1_UO536,R6_F6_m6f6_P6_Y1_UO215,MXY,1,60.161579654323845,0,0,0.0,0,0,0,-9999.0,0.5,1,P5_CV0,3,2,0,1,1
6,2545325.475,726552.0418,R6_F6_m6f6_P6_Y3_UO149,R6_F6_m-1f-1_P6_Y-1_U73,R6_F6_m6f6_P6_Y1_UO141,FXX,1,60.161579654323845,0,0,0.0,0,0,0,-9999.0,0.625,1,P5_CV0,3,1,1,1,1
6,2545325.475,726552.0418,R6_F6_m6f6_P6_Y3_UO150,R6_F6_m-1f-1_P6_Y-1_U73,R6_F6_m6f6_P6_Y1_UO141,FXX,1,60.161579654323845,0,0,0.0,0,0,0,-9999.0,0.625,1,P5_CV0,3,1,1,0,2
6,2545325.475,726552.0418,R6_F6_m6f6_P6_Y3_UO151,R6_F6_m-1f-1_P6_Y-1_U73,R6_F6_m6f6_P6_Y1_UO141,FXX,1,60.161579654323845,0,0,0.0,0,0,0,-9999.0,0.625,1,P5_CV0,3,1,1,1,1
6,2545325.475,726552.0418,R6_F6_m6f6_P6_Y3_UO152,R6_F6_m-1f-1_P6_Y-1_U73,R6_F6_m6f6_P6_Y1_UO141,FXX,1,60.161579654323845,0,0,0.0,0,0,0,-9999.0,0.625,1,P5_CV0,3,1,1,1,1
6,2545325.475,726552.0418,R6_F6_m6f6_P6_Y3_UO172,R6_F6_m6f6_P6_Y1_UO536,R6_F6_m6f6_P6_Y1_UO141,MXY,1,60.161579654323845,0,0,0.0,0,0,0,-9999.0,0.625,1,P5_CV0,3,1,1,1,1
6,2545325.475,726552.0418,R6_F6_m6f6_P6_Y3_UO173,R6_F6_m6f6_P6_Y1_UO536,R6_F6_m6f6_P6_Y1_UO141,MXY,1,60.161579654323845,0,0,0.0,0,0,0,-9999.0,0.625,1,P5_CV0,3,1,1,0,2
6,2545325.475,726552.0418,R6_F6_m6f6_P6_Y3_UO177,R6_F6_m6f6_P6_Y0_UO459,R6_F6_m6f6_P6_Y0_UO423,FXX,1,60.161579654323845,0,0,0.0,0,0,0,-9999.0,0.625,1,P5_CV0,3,1,1,1,1
6,2545325.475,726552.0418,R6_F6_m6f6_P6_Y3_UO178,R6_F6_m6f6_P6_Y1_UO304,R6_F6_m6f6_P6_Y0_UO343,FXX,1,60.161579654323845,0,0,0.0,0,0,0,-9999.0,0.625,1,P5_CV0,3,1,1,2,0
6,2545325.475,726552.0418,R6_F6_m6f6_P6_Y3_UO179,R6_F6_m6f6_P6_Y1_UO304,R6_F6_m6f6_P6_Y0_UO343,MXY,1,60.161579654323845,0,0,0.0,0,0,0,-9999.0,0.625,1,P5_CV0,3,1,1,1,1
6,2545325.475,726552.0418,R6_F6_m6f6_P6_Y3_UO187,I6_F7_m6f6_P6_Y1_UO265,R6_F6_m6f6_P6_Y0_UO507,FXX,1,60.161579654323845,0,0,0.0,0,0,0,-9999.0,0.125,1,P5_CV0,3,2,0,1,1
6,2545325.475,726552.0418,R6_F6_m6f6_P6_Y3_UO196,R6_F6_m6f6_P6_Y1_UO479,R6_F6_m6f6_P6_Y0_UO12,FXX,1,60.161579654323845,0,0,0.0,0,0,0,-9999.0,0.25,1,P5_CV0,3,1,1,1,1
6,2545325.475,726552.0418,R6_F6_m6f6_P6_Y3_UO197,R6_F6_m6f6_P6_Y1_UO479,R6_F6_m6f6_P6_Y0_UO12,FXX,1,60.161579654323845,0,0,0.0,0,0,0,-9999.0,0.25,1,P5_CV0,3,0,2,1,1
6,2545325.475,726552.0418,R6_F6_m6f6_P6_Y3_UO198,R6_F6_m6f6_P6_Y1_UO479,R6_F6_m6f6_P6_Y0_UO12,FXX,1,60.161579654323845,0,0,0.0,0,0,0,-9999.0,0.25,1,P5_CV0,3,1,1,1,1
6,2545325.475,726552.0418,R6_F6_m6f6_P6_Y3_UO202,R6_F6_m6f6_P6_Y1_UO479,R6_F6_m-1f-1_P6_Y-1_U97,FXX,1,60.161579654323845,0,0,0.0,0,0,0,-9999.0,0.5,1,P5_CV0,3,1,1,0,2
6,2545325.475,726552.0418,R6_F6_m6f6_P6_Y3_UO208,R6_F6_m6f6_P6_Y1_UO64,R6_F6_m6f6_P6_Y1_UO228,MXY,1,60.161579654323845,0,0,0.0,0,0,0,-9999.0,0.375,1,P5_CV0,3,0,2,2,0
6,2545325.475,726552.0418,R6_F6_m6f6_P6_Y3_UO211,R6_F6_m6f6_P6_Y1_UO64,R6_F6_m6f6_P6_Y1_UO228,MXY,1,60.161579654323845,0,0,0.0,0,0,0,-9999.0,0.375,1,P5_CV0,3,1,1,2,0
6,2545325.475,726552.0418,R6_F6_m6f6_P6_Y3_UO225,R6_F6_m6f6_P6_Y1_UO24,R6_F6_m6f6_P6_Y1_UO202,MXY,1,60.161579654323845,0,0,0.0,0,0,0,-9999.0,0.625,1,P5_CV0,3,2,0,1,1
6,2545325.475,726552.0418,R6_F6_m6f6_P6_Y3_UO226,R6_F6_m6f6_P6_Y1_UO24,R6_F6_m6f6_P6_Y1_UO202,MXY,1,60.161579654323845,0,0,0.0,0,0,0,-9999.0,0.625,1,P5_CV0,3,1,1,1,1
6,2545325.475,726552.0418,R6_F6_m6f6_P6_Y3_UO245,R6_F6_m-1f-1_P6_Y-1_U2,R6_F6_m6f6_P6_Y1_UO475,FXX,1,60.161579654323845,0,0,0.0,0,0,0,-9999.0,0.625,1,P5_CV0,3,2,0,1,1
6,2545325.475,726552.0418,R6_F6_m6f6_P6_Y3_UO246,R6_F6_m-1f-1_P6_Y-1_U2,R6_F6_m6f6_P6_Y1_UO475,FXX,1,60.161579654323845,0,0,0.0,0,0,0,-9999.0,0.625,1,P5_CV0,3,2,0,1,1
6,2545325.475,726552.0418,R6_F6_m6f6_P6_Y3_UO247,R6_F6_m-1f-1_P6_Y-1_U2,R6_F6_m6f6_P6_Y1_UO475,FXX,1,60.161579654323845,0,0,0.0,0,0,0,-9999.0,0.625,1,P5_CV0,3,2,0,1,1
6,2545325.475,726552.0418,R6_F6_m6f6_P6_Y3_UO255,R6_F6_m-1f-1_P6_Y-1_U2,R6_F6_m6f6_P6_Y1_UO242,FXX,1,60.161579654323845,0,0,0.0,0,0,0,-9999.0,0.625,1,P5_CV0,3,1,1,1,1
6,2545325.475,726552.0418,R6_F6_m6f6_P6_Y3_UO258,R6_F6_m-1f-1_P6_Y-1_U79,R6_F6_m6f6_P6_Y1_UO96,FXX,1,60.161579654323845,0,0,0.0,0,0,0,-9999.0,0.25,1,P5_CV0,3,1,1,1,1
6,2545325.475,726552.0418,R6_F6_m6f6_P6_Y3_UO259,R6_F6_m-1f-1_P6_Y-1_U79,R6_F6_m6f6_P6_Y1_UO96,MXY,1,60.161579654323845,0,0,0.0,0,0,0,-9999.0,0.25,1,P5_CV0,3,1,1,1,1
6,2545325.475,726552.0418,R6_F6_m6f6_P6_Y3_UO260,R6_F6_m-1f-1_P6_Y-1_U79,R6_F6_m6f6_P6_Y1_UO96,FXX,1,60.161579654323845,0,0,0.0,0,0,0,-9999.0,0.25,1,P5_CV0,3,2,0,1,1
6,2545325.475,726552.0418,R6_F6_m6f6_P6_Y3_UO261,R6_F6_m-1f-1_P6_Y-1_U79,R6_F6_m6f6_P6_Y1_UO96,FXX,1,60.161579654323845,0,0,0.0,0,0,0,-9999.0,0.25,1,P5_CV0,3,1,1,1,1
6,2545325.475,726552.0418,R6_F6_m6f6_P6_Y3_UO264,R6_F6_m6f6_P6_Y1_UO530,R6_F6_m-1f-1_P6_Y-1_U116,MXY,1,60.161579654323845,0,0,0.0,0,0,0,-9999.0,0.875,1,P5_CV0,3,2,0,2,0
6,2545325.475,726552.0418,R6_F6_m6f6_P6_Y3_UO265,R6_F6_m6f6_P6_Y1_UO530,R6_F6_m-1f-1_P6_Y-1_U116,MXY,1,60.161579654323845,0,0,0.0,0,0,0,-9999.0,0.875,1,P5_CV0,3,2,0,2,0
6,2545325.475,726552.0418,R6_F6_m6f6_P6_Y3_UO273,R6_F6_m6f6_P6_Y0_UO695,R6_F6_m6f6_P6_Y1_UO442,FXX,1,60.161579654323845,0,0,0.0,0,0,0,-9999.0,0.125,1,P5_CV0,3,2,0,1,1
6,2545325.475,726552.0418,R6_F6_m6f6_P6_Y3_UO276,R6_F6_m6f6_P6_Y0_UO248,R6_F6_m6f6_P6_Y0_UO426,MXY,1,60.161579654323845,0,0,0.0,0,0,0,-9999.0,0.5,1,P5_CV0,3,1,1,0,2
6,2545325.475,726552.0418,R6_F6_m6f6_P6_Y3_UO277,R6_F6_m6f6_P6_Y0_UO74,R6_F6_m6f6_P6_Y0_UO168,FXX,1,60.161579654323845,0,0,0.0,0,0,0,-9999.0,0.25,1,P5_CV0,3,1,1,1,1
6,2545325.475,726552.0418,R6_F6_m6f6_P6_Y3_UO278,R6_F6_m6f6_P6_Y0_UO74,R6_F6_m6f6_P6_Y0_UO168,FXX,1,60.161579654323845,0,0,0.0,0,0,0,-9999.0,0.25,1,P5_CV0,3,2,0,1,1
6,2545325.475,726552.0418,R6_F6_m6f6_P6_Y3_UO332,R6_F6_m6f6_P6_Y0_UO695,R6_F6_m6f6_P6_Y0_UO342,MXY,1,60.161579654323845,0,0,0.0,0,0,0,-9999.0,0.5,1,P5_CV0,3,1,1,1,1
6,2545325.475,726552.0418,R6_F6_m6f6_P6_Y3_UO333,R6_F6_m6f6_P6_Y0_UO695,R6_F6_m6f6_P6_Y0_UO342,FXX,1,60.161579654323845,0,0,0.0,0,0,0,-9999.0,0.5,1,P5_CV0,3,2,0,0,2
6,2545325.475,726552.0418,R6_F6_m6f6_P6_Y3_UO335,R6_F6_m6f6_P6_Y0_UO29,R6_F6_m6f6_P6_Y1_UO228,MXY,1,60.161579654323845,0,0,0.0,0,0,0,-9999.0,0.25,1,P5_CV0,3,1,1,2,0
6,2545325.475,726552.0418,R6_F6_m6f6_P6_Y3_UO344,R6_F6_m6f6_P6_Y1_UO5,R6_F6_m6f6_P6_Y1_UO94,FXX,1,60.161579654323845,0,0,0.0,0,0,0,-9999.0,0.5,1,P5_CV0,3,0,2,1,1
6,2545325.475,726552.0418,R6_F6_m6f6_P6_Y3_UO363,R6_F6_m-1f-1_P6_Y-1_U79,R6_F6_m6f6_P6_Y1_UO475,FXX,1,60.161579654323845,0,0,0.0,0,0,0,-9999.0,0.375,1,P5_CV0,3,1,1,2,0
6,2545325.475,726552.0418,R6_F6_m6f6_P6_Y3_UO364,R6_F6_m-1f-1_P6_Y-1_U79,R6_F6_m6f6_P6_Y1_UO475,MXY,1,60.161579654323845,0,0,0.0,0,0,0,-9999.0,0.375,1,P5_CV0,3,1,1,2,0
6,2545325.475,726552.0418,R6_F6_m6f6_P6_Y3_UO365,R6_F6_m-1f-1_P6_Y-1_U79,R6_F6_m6f6_P6_Y1_UO475,MXY,1,60.161579654323845,0,0,0.0,0,0,0,-9999.0,0.375,1,P5_CV0,3,2,0,2,0
6,2545325.475,726552.0418,R6_F6_m6f6_P6_Y3_UO372,R6_F6_m-1f-1_P6_Y-1_U45,R6_F6_m6f6_P6_Y0_UO343,FXX,1,60.161579654323845,0,0,0.0,0,0,0,-9999.0,0.625,1,P5_CV0,3,0,2,1,1
6,2545325.475,726552.0418,R6_F6_m6f6_P6_Y3_UO373,R6_F6_m6f6_P6_Y0_UO430,R6_F6_m6f6_P6_Y1_UO474,FXX,1,60.161579654323845,0,0,0.0,0,0,0,-9999.0,0.25,1,P5_CV0,3,1,1,1,1
6,2545325.475,726552.0418,R6_F6_m6f6_P6_Y3_UO374,R6_F6_m6f6_P6_Y0_UO430,R6_F6_m6f6_P6_Y1_UO474,MXY,1,60.161579654323845,0,0,0.0,0,0,0,-9999.0,0.25,1,P5_CV0,3,1,1,1,1
6,2545325.475,726552.0418,R6_F6_m6f6_P6_Y3_UO382,R6_F6_m6f6_P6_Y0_UO430,R6_F6_m-1f-1_P6_Y-1_U76,MXY,1,60.161579654323845,0,0,0.0,0,0,0,-9999.0,0.625,1,P5_CV0,3,1,1,1,1
6,2545325.475,726552.0418,R6_F6_m6f6_P6_Y3_UO383,R6_F6_m6f6_P6_Y0_UO430,R6_F6_m-1f-1_P6_Y-1_U76,FXX,1,60.161579654323845,0,0,0.0,0,0,0,-9999.0,0.625,1,P5_CV0,3,2,0,0,2
6,2545325.475,726552.0418,R6_F6_m6f6_P6_Y3_UO386,R6_F6_m6f6_P6_Y1_UO304,R6_F6_m5f5_P5_Y0_UO495,MXY,1,60.161579654323845,0,0,0.0,0,0,0,-9999.0,0.375,1,P5_CV0,3,2,0,0,2
6,2545325.475,726552.0418,R6_F6_m6f6_P6_Y3_UO389,R6_F6_m6f6_P6_Y1_UO78,R6_F6_m6f6_P6_Y0_UO560,MXY,1,60.161579654323845,0,0,0.0,0,0,0,-9999.0,0.625,1,P5_CV0,3,2,0,2,0
6,2545325.475,726552.0418,R6_F6_m6f6_P6_Y3_UO390,R6_F6_m6f6_P6_Y1_UO78,R6_F6_m6f6_P6_Y0_UO560,MXY,1,60.161579654323845,0,0,0.0,0,0,0,-9999.0,0.625,1,P5_CV0,3,2,0,2,0
6,2545325.475,726552.0418,R6_F6_m6f6_P6_Y3_UO406,R6_F6_m6f6_P6_Y1_UO78,R6_F6_m6f6_P6_Y1_UO141,FXX,1,60.161579654323845,0,0,0.0,0,0,0,-9999.0,0.75,1,P5_CV0,3,1,1,1,1
6,2545325.475,726552.0418,R6_F6_m6f6_P6_Y3_UO448,R6_F6_m-1f-1_P6_Y-1_U70,R6_F6_m6f6_P6_Y0_UO458,FXX,1,60.161579654323845,0,0,0.0,0,0,0,-9999.0,0.375,1,P5_CV0,3,1,1,2,0
6,2545325.475,726552.0418,R6_F6_m6f6_P6_Y3_UO449,R6_F6_m-1f-1_P6_Y-1_U70,R6_F6_m6f6_P6_Y0_UO458,FXX,1,60.161579654323845,0,0,0.0,0,0,0,-9999.0,0.375,1,P5_CV0,3,0,2,2,0
6,2545325.475,726552.0418,R6_F6_m6f6_P6_Y3_UO460,R6_F6_m6f6_P6_Y1_UO175,R6_F6_m6f6_P6_Y0_UO560,MXY,1,60.161579654323845,0,0,0.0,0,0,0,-9999.0,0.75,1,P5_CV0,3,2,0,2,0
6,2545325.475,726552.0418,R6_F6_m6f6_P6_Y3_UO462,R6_F6_m6f6_P6_Y0_UO29,R6_F6_m6f6_P6_Y0_UO168,FXX,1,60.161579654323845,0,0,0.0,0,0,0,-9999.0,0.25,1,P5_CV0,3,0,2,2,0
6,2545325.475,726552.0418,R6_F6_m6f6_P6_Y3_UO463,R6_F6_m-1f-1_P6_Y-1_U117,R6_F6_m6f6_P6_Y0_UO278,MXY,1,60.161579654323845,0,0,0.0,0,0,0,-9999.0,0.75,1,P5_CV0,3,0,2,0,2
6,2545325.475,726552.0418,R6_F6_m6f6_P6_Y3_UO464,R6_F6_m-1f-1_P6_Y-1_U117,R6_F6_m6f6_P6_Y0_UO278,FXX,1,60.161579654323845,0,0,0.0,0,0,0,-9999.0,0.75,1,P5_CV0,3,1,1,1,1
6,2545325.475,726552.0418,R6_F6_m6f6_P6_Y3_UO465,R6_F6_m-1f-1_P6_Y-1_U117,R6_F6_m6f6_P6_Y0_UO278,MXY,1,60.161579654323845,0,0,0.0,0,0,0,-9999.0,0.75,1,P5_CV0,3,1,1,2,0
6,2545325.475,726552.0418,R6_F6_m6f6_P6_Y3_UO512,R6_F6_m6f6_P6_Y1_UO304,R6_F6_m6f6_P6_Y1_UO442,FXX,1,60.161579654323845,0,0,0.0,0,0,0,-9999.0,0.25,1,P5_CV0,3,2,0,1,1
6,2545325.475,726552.0418,R6_F6_m6f6_P6_Y3_UO513,R6_F6_m6f6_P6_Y1_UO304,R6_F6_m6f6_P6_Y1_UO442,FXX,1,60.161579654323845,0,0,0.0,0,0,0,-9999.0,0.25,1,P5_CV0,3,2,0,1,1
6,2545325.475,726552.0418,R6_F6_m6f6_P6_Y3_UO516,R6_F6_m6f6_P6_Y1_UO514,R6_F6_m6f6_P6_Y1_UO65,FXX,1,60.161579654323845,0,0,0.0,0,0,0,-9999.0,0.5,1,P5_CV0,3,1,1,1,1
6,2545325.475,726552.0418,R6_F6_m6f6_P6_Y3_UO517,R6_F6_m6f6_P6_Y0_UO459,R6_F6_m6f6_P6_Y0_UO274,FXX,1,60.161579654323845,0,0,0.0,0,0,0,-9999.0,0.75,1,P5_CV0,3,0,2,1,1
6,2545325.475,726552.0418,R6_F6_m6f6_P6_Y3_UO518,R6_F6_m6f6_P6_Y0_UO459,R6_F6_m6f6_P6_Y0_UO274,MXY,1,60.161579654323845,0,0,0.0,0,0,0,-9999.0,0.75,1,P5_CV0,3,0,2,1,1
6,2545325.475,726552.0418,R6_F6_m6f6_P6_Y3_UO520,R6_F6_m6f6_P6_Y0_UO588,R6_F6_m6f6_P6_Y0_UO226,MXY,1,60.161579654323845,0,0,0.0,0,0,0,-9999.0,0.25,1,P5_CV0,3,1,1,2,0
6,2545325.475,726552.0418,R6_F6_m6f6_P6_Y3_UO529,R6_F6_m-1f-1_P6_Y-1_U117,R6_F6_m6f6_P6_Y1_UO215,FXX,1,60.161579654323845,0,0,0.0,0,0,0,-9999.0,0.5,1,P5_CV0,3,1,1,0,2
6,2545325.475,726552.0418,R6_F6_m6f6_P6_Y3_UO530,R6_F6_m-1f-1_P6_Y-1_U117,R6_F6_m6f6_P6_Y1_UO215,MXY,1,60.161579654323845,0,0,0.0,0,0,0,-9999.0,0.5,1,P5_CV0,3,1,1,2,0
6,2545325.475,726552.0418,R6_F6_m6f6_P6_Y3_UO531,R6_F6_m-1f-1_P6_Y-1_U117,R6_F6_m6f6_P6_Y1_UO215,MXY,1,60.161579654323845,0,0,0.0,0,0,0,-9999.0,0.5,1,P5_CV0,3,2,0,1,1
6,2545325.475,726552.0418,R6_F6_m6f6_P6_Y3_UO563,R6_F6_m-1f-1_P6_Y-1_U70,R6_F6_m6f6_P6_Y0_UO440,MXY,1,60.161579654323845,0,0,0.0,0,0,0,-9999.0,0.375,1,P5_CV0,3,0,2,1,1
6,2545325.475,726552.0418,R6_F6_m6f6_P6_Y3_UO564,R6_F6_m-1f-1_P6_Y-1_U70,R6_F6_m6f6_P6_Y0_UO440,FXX,1,60.161579654323845,0,0,0.0,0,0,0,-9999.0,0.375,1,P5_CV0,3,0,2,0,2
6,2545325.475,726552.0418,R6_F6_m6f6_P6_Y3_UO565,R6_F6_m6f6_P6_Y1_UO177,R6_F6_m6f6_P6_Y1_UO247,MXY,1,60.161579654323845,0,0,0.0,0,0,0,-9999.0,0.75,1,P5_CV0,3,2,0,0,2
6,2545325.475,726552.0418,R6_F6_m6f6_P6_Y3_UO570,R6_F6_m6f6_P6_Y1_UO397,R6_F6_m6f6_P6_Y1_UO156,FXX,1,60.161579654323845,0,0,0.0,0,0,0,-9999.0,0.5,1,P5_CV0,3,2,0,1,1
6,2545325.475,726552.0418,R6_F6_m6f6_P6_Y2_UO182,R6_F6_m6f6_P6_Y0_UO84,R6_F6_m-1f-1_P6_Y-1_U26,MXY,2,87.18653164657196,1,0,0.0,0,0,0,-9999.0,0.625,1,P5_CV0,3,1,1,1,1
6,2545325.475,726552.0418,R6_F6_m6f6_P6_Y2_UO284,R6_F6_m-1f-1_P6_Y-1_U2,R6_F6_m6f6_P6_Y0_UO342,FXX,2,87.18653164657196,1,0,1.0,0,0,0,-9999.0,0.875,1,P5_CV0,3,2,0,0,2
6,2545325.475,726552.0418,R6_F6_m6f6_P6_Y2_UO380,R6_F6_m6f6_P6_Y0_UO135,R6_F6_m6f6_P6_Y0_UO168,FXX,2,87.18653164657196,1,0,2.524,0,0,0,-9999.0,0.375,1,P5_CV0,3,2,0,1,1
6,2545325.475,726552.0418,R6_F6_m6f6_P6_Y2_UO421,R6_F6_m6f6_P6_Y0_UO459,R6_F6_m6f6_P6_Y0_UO343,MXY,2,87.18653164657196,1,0,0.0,0,0,0,-9999.0,0.75,1,P5_CV0,3,0,2,1,1
6,2545325.475,726552.0418,R6_F6_m6f6_P6_Y2_UO581,R6_F6_m-1f-1_P6_Y-1_U2,R6_F6_m-1f-1_P6_Y-1_U14,MXY,2,87.18653164657196,1,0,0.0,0,0,0,-9999.0,0.75,1,P5_CV0,3,1,1,0,2
6,2545325.475,726552.0418,R6_F6_m6f6_P6_Y2_UO436,R6_F6_m-1f-1_P6_Y-1_U2,R6_F6_m-1f-1_P6_Y-1_U116,MXY,2,87.18653164657196,1,0,0.0,0,0,0,-9999.0,1.0,1,P5_CV0,3,2,0,1,1
6,2545325.475,726552.0418,R6_F6_m6f6_P6_Y2_UO596,R6_F6_m6f6_P6_Y0_UO459,R6_F6_m6f6_P6_Y0_UO342,FXX,2,87.18653164657196,1,0,2.061,0,0,0,-9999.0,0.75,1,P5_CV0,3,1,1,2,0
6,2545325.475,726552.0418,R6_F6_m6f6_P6_Y2_UO558,I6_F7_m-1f-1_P6_Y-1_U38,R6_F6_m6f6_P6_Y0_UO507,MXY,2,87.18653164657196,1,0,0.0,0,0,0,-9999.0,0.5,1,P5_CV0,3,2,0,1,1
6,2545325.475,726552.0418,R6_F6_m6f6_P6_Y2_UO219,R6_F6_m-1f-1_P6_Y-1_U68,R6_F6_m6f6_P6_Y0_UO507,MXY,2,87.18653164657196,1,0,0.0,0,0,0,-9999.0,0.0,1,P5_CV0,3,1,1,1,1
6,2545325.475,726552.0418,R6_F6_m6f6_P6_Y2_UO344,R6_F6_m6f6_P6_Y0_UO84,R6_F6_m6f6_P6_Y0_UO423,MXY,2,87.18653164657196,1,0,0.0,0,0,0,-9999.0,0.625,1,P5_CV0,3,1,1,2,0
6,2545325.475,726552.0418,R6_F6_m6f6_P6_Y2_UO52,I6_F7_m-1f-1_P6_Y-1_U38,R6_F6_m6f6_P6_Y0_UO590,FXX,2,87.18653164657196,1,0,0.0,0,0,0,-9999.0,0.625,1,P5_CV0,3,1,1,0,2
6,2545325.475,726552.0418,R6_F6_m6f6_P6_Y2_UO181,R6_F6_m6f6_P6_Y0_UO84,R6_F6_m-1f-1_P6_Y-1_U26,MXY,2,87.18653164657196,1,0,0.0,0,0,0,-9999.0,0.625,1,P5_CV0,3,1,1,1,1
6,2545325.475,726552.0418,R6_F6_m6f6_P6_Y2_UO285,R6_F6_m-1f-1_P6_Y-1_U2,R6_F6_m6f6_P6_Y0_UO342,MXY,2,87.18653164657196,1,0,0.0,0,0,0,-9999.0,0.875,1,P5_CV0,3,2,0,0,2
6,2545325.475,726552.0418,R6_F6_m6f6_P6_Y2_UO561,I6_F7_m-1f-1_P6_Y-1_U38,R6_F6_m6f6_P6_Y0_UO507,MXY,2,87.18653164657196,1,0,0.0,0,0,0,-9999.0,0.5,1,P5_CV0,3,2,0,1,1
6,2545325.475,726552.0418,R6_F6_m6f6_P6_Y2_UO402,R6_F6_m6f6_P6_Y0_UO84,R6_F6_m-1f-1_P6_Y-1_U26,MXY,2,87.18653164657196,1,0,0.0,0,0,0,-9999.0,0.625,1,P5_CV0,3,0,2,2,0
6,2545325.475,726552.0418,R6_F6_m6f6_P6_Y2_UO440,R6_F6_m-1f-1_P6_Y-1_U2,R6_F6_m-1f-1_P6_Y-1_U116,FXX,2,87.18653164657196,1,0,0.0,0,0,0,-9999.0,1.0,1,P5_CV0,3,2,0,1,1
6,2545325.475,726552.0418,R6_F6_m6f6_P6_Y2_UO251,R6_F6_m6f6_P6_Y0_UO135,R6_F6_m-1f-1_P6_Y-1_U116,MXY,2,87.18653164657196,1,0,0.0,0,0,0,-9999.0,0.75,1,P5_CV0,3,2,0,1,1
6,2545325.475,726552.0418,R6_F6_m6f6_P6_Y2_UO247,R6_F6_m-1f-1_P6_Y-1_U45,R6_F6_m6f6_P6_Y0_UO30,MXY,2,87.18653164657196,1,0,0.0,0,0,0,-9999.0,0.375,1,P5_CV0,3,0,2,1,1
6,2545325.475,726552.0418,R6_F6_m6f6_P6_Y2_UO334,R6_F6_m6f6_P6_Y0_UO135,R6_F6_m6f6_P6_Y0_UO83,FXX,2,87.18653164657196,1,0,2.505,0,0,0,-9999.0,0.375,1,P5_CV0,3,1,1,1,1
6,2545325.475,726552.0418,R6_F6_m6f6_P6_Y2_UO578,R6_F6_m-1f-1_P6_Y-1_U2,R6_F6_m-1f-1_P6_Y-1_U14,MXY,2,87.18653164657196,1,0,0.0,0,0,0,-9999.0,0.75,1,P5_CV0,3,1,1,1,1
6,2545325.475,726552.0418,R6_F6_m6f6_P6_Y2_UO437,R6_F6_m-1f-1_P6_Y-1_U2,R6_F6_m-1f-1_P6_Y-1_U116,FXX,2,87.18653164657196,1,0,0.0,0,0,0,-9999.0,1.0,1,P5_CV0,3,2,0,1,1
6,2545325.475,726552.0418,R6_F6_m6f6_P6_Y2_UO41,R6_F6_m-1f-1_P6_Y-1_U2,R6_F6_m6f6_P6_Y0_UO168,FXX,2,87.18653164657196,1,0,0.0,0,0,0,-9999.0,0.625,1,P5_CV0,3,2,0,1,1
6,2545325.475,726552.0418,R6_F6_m6f6_P6_Y2_UO562,I6_F7_m-1f-1_P6_Y-1_U38,R6_F6_m6f6_P6_Y0_UO507,MXY,2,87.18653164657196,1,0,0.0,0,0,0,-9999.0,0.5,1,P5_CV0,3,2,0,1,1
6,2545325.475,726552.0418,R6_F6_m6f6_P6_Y2_UO439,R6_F6_m-1f-1_P6_Y-1_U2,R6_F6_m-1f-1_P6_Y-1_U116,MXY,2,87.18653164657196,1,0,0.0,0,0,0,-9999.0,1.0,1,P5_CV0,3,2,0,1,1
6,2545325.475,726552.0418,R6_F6_m6f6_P6_Y2_UO183,R6_F6_m6f6_P6_Y0_UO11,R6_F6_m-1f-1_P6_Y-1_U7,MXY,2,87.18653164657196,1,0,0.0,0,0,0,-9999.0,0.25,1,P5_CV0,3,1,1,2,0
6,2545325.475,726552.0418,R6_F6_m6f6_P6_Y2_UO559,I6_F7_m-1f-1_P6_Y-1_U38,R6_F6_m6f6_P6_Y0_UO507,FXX,2,87.18653164657196,1,0,0.0,0,0,0,-9999.0,0.5,1,P5_CV0,3,2,0,0,2
6,2545325.475,726552.0418,R6_F6_m6f6_P6_Y2_UO514,R6_F6_m-1f-1_P6_Y-1_U2,R6_F6_m6f6_P6_Y0_UO426,FXX,2,87.18653164657196,1,0,1.0,0,0,0,-9999.0,0.75,1,P5_CV0,3,2,0,1,1
6,2545325.475,726552.0418,R6_F6_m6f6_P6_Y2_UO140,R6_F6_m6f6_P6_Y0_UO555,R6_F6_m6f6_P6_Y0_UO458,FXX,2,87.18653164657196,1,0,1.97,0,0,0,-9999.0,0.75,1,P5_CV0,3,1,1,1,1
6,2545325.475,726552.0418,R6_F6_m6f6_P6_Y2_UO44,R6_F6_m-1f-1_P6_Y-1_U2,R6_F6_m6f6_P6_Y0_UO168,FXX,2,87.18653164657196,1,0,0.0,0,0,0,-9999.0,0.625,1,P5_CV0,3,2,0,1,1
6,2545325.475,726552.0418,R6_F6_m6f6_P6_Y2_UO53,I6_F7_m-1f-1_P6_Y-1_U38,R6_F6_m6f6_P6_Y0_UO590,FXX,2,87.18653164657196,1,0,1.0,0,0,0,-9999.0,0.625,1,P5_CV0,3,2,0,0,2
6,2545325.475,726552.0418,R6_F6_m6f6_P6_Y2_UO287,R6_F6_m-1f-1_P6_Y-1_U2,R6_F6_m6f6_P6_Y0_UO342,FXX,2,87.18653164657196,1,0,2.752,0,0,0,-9999.0,0.875,1,P5_CV0,3,1,1,0,2
6,2545325.475,726552.0418,R6_F6_m6f6_P6_Y2_UO10,R6_F6_m-1f-1_P6_Y-1_U47,R6_F6_m6f6_P6_Y0_UO426,MXY,2,87.18653164657196,1,0,0.0,0,0,0,-9999.0,0.75,1,P5_CV0,3,2,0,1,1
6,2545325.475,726552.0418,R6_F6_m6f6_P6_Y2_UO438,R6_F6_m-1f-1_P6_Y-1_U2,R6_F6_m-1f-1_P6_Y-1_U116,FXX,2,87.18653164657196,1,0,1.654,0,0,0,-9999.0,1.0,1,P5_CV0,3,2,0,1,1
6,2545325.475,726552.0418,R6_F6_m6f6_P6_Y2_UO597,R6_F6_m6f6_P6_Y0_UO459,R6_F6_m6f6_P6_Y0_UO342,FXX,2,87.18653164657196,1,0,2.481,0,0,0,-9999.0,0.75,1,P5_CV0,3,1,1,1,1
6,2545325.475,726552.0418,R6_F6_m6f6_P6_Y2_UO139,R6_F6_m6f6_P6_Y0_UO555,R6_F6_m6f6_P6_Y0_UO458,FXX,2,87.18653164657196,1,0,1.0,0,0,0,-9999.0,0.75,1,P5_CV0,3,1,1,1,1
6,2545325.475,726552.0418,R6_F6_m6f6_P6_Y2_UO104,R6_F6_m6f6_P6_Y0_UO576,R6_F6_m5f5_P5_Y0_UO495,MXY,2,87.18653164657196,1,0,0.0,0,0,0,-9999.0,0.625,1,P5_CV0,3,2,0,1,1
6,2545325.475,726552.0418,R6_F6_m6f6_P6_Y2_UO220,R6_F6_m6f6_P6_Y0_UO84,R6_F6_m6f6_P6_Y0_UO12,MXY,2,87.18653164657196,1,0,0.0,0,0,0,-9999.0,0.375,1,P5_CV0,3,0,2,2,0
6,2545325.475,726552.0418,R6_F6_m6f6_P6_Y2_UO454,R6_F6_m-1f-1_P6_Y-1_U2,R6_F6_m6f6_P6_Y0_UO343,MXY,2,87.18653164657196,1,0,0.0,0,0,0,-9999.0,0.875,1,P5_CV0,3,1,1,0,2
6,2545325.475,726552.0418,R6_F6_m6f6_P6_Y2_UO291,R6_F6_m-1f-1_P6_Y-1_U68,R6_F6_m6f6_P6_Y0_UO343,MXY,2,87.18653164657196,1,0,0.0,0,0,0,-9999.0,0.375,1,P5_CV0,3,0,2,2,0
6,2545325.475,726552.0418,R6_F6_m6f6_P6_Y2_UO102,R6_F6_m-1f-1_P6_Y-1_U2,R6_F6_m6f6_P6_Y0_UO226,MXY,2,87.18653164657196,1,0,0.0,0,0,0,-9999.0,0.625,1,P5_CV0,3,2,0,1,1
6,2545325.475,726552.0418,R6_F6_m6f6_P6_Y2_UO420,R6_F6_m6f6_P6_Y0_UO459,R6_F6_m6f6_P6_Y0_UO343,FXX,2,87.18653164657196,1,0,0.0,0,0,0,-9999.0,0.75,1,P5_CV0,3,0,2,1,1
6,2545325.475,726552.0418,R6_F6_m6f6_P6_Y2_UO100,R6_F6_m-1f-1_P6_Y-1_U2,R6_F6_m6f6_P6_Y0_UO226,MXY,2,87.18653164657196,1,0,0.0,0,0,0,-9999.0,0.625,1,P5_CV0,3,2,0,1,1
6,2545325.475,726552.0418,I6_F7_m6f6_P6_Y2_UO406,R6_F6_m6f6_P6_Y0_UO11,R6_F6_m-1f-1_P6_Y-1_U30,FXX,2,87.18532943596988,1,0,2.228,0,0,0,-9999.0,0.25,1,P5_CV0,3,2,0,2,0
6,2545325.475,726552.0418,R6_F6_m6f6_P6_Y1_UO242,R6_F6_m-1f-1_P6_Y-1_U92,R6_F6_m-1f-1_P6_Y-1_U96,MXY,3,112.98239402898459,1,0,0.0,0,0,0,-9999.0,0.25,1,P5_CV0,3,1,1,1,1
6,2545325.475,726552.0418,R6_F6_m6f6_P6_Y1_UO20,R6_F6_m-1f-1_P6_Y-1_U94,R6_F6_m-1f-1_P6_Y-1_U102,MXY,3,112.98239402898459,1,0,0.0,0,0,0,-9999.0,0.5,1,P5_CV0,3,0,2,0,2
6,2545325.475,726552.0418,R6_F6_m6f6_P6_Y1_UO480,R6_F6_m-1f-1_P6_Y-1_U9,R6_F6_m-1f-1_P6_Y-1_U105,MXY,3,112.98239402898459,1,0,0.0,0,0,0,-9999.0,0.5,1,P5_CV0,3,1,1,0,2
6,2545325.475,726552.0418,R6_F6_m6f6_P6_Y1_UO64,R6_F6_m-1f-1_P6_Y-1_U52,R6_F6_m-1f-1_P6_Y-1_U96,FXX,3,112.98239402898459,1,0,0.0,0,0,0,-9999.0,0.5,1,P5_CV0,3,1,1,2,0
6,2545325.475,726552.0418,R6_F6_m6f6_P6_Y1_UO92,R6_F6_m-1f-1_P6_Y-1_U62,R6_F6_m-1f-1_P6_Y-1_U23,MXY,3,112.98239402898459,1,0,0.0,0,0,0,-9999.0,0.75,1,P5_CV0,3,2,0,1,1
6,2545325.475,726552.0418,R6_F6_m6f6_P6_Y1_UO308,R6_F6_m-1f-1_P6_Y-1_U123,R6_F6_m-1f-1_P6_Y-1_U116,MXY,3,112.98239402898459,1,0,0.0,0,0,0,-9999.0,0.5,1,P5_CV0,3,2,0,0,2
6,2545325.475,726552.0418,R6_F6_m6f6_P6_Y1_UO442,R6_F6_m-1f-1_P6_Y-1_U19,R6_F6_m-1f-1_P6_Y-1_U118,MXY,3,112.98239402898459,1,0,0.0,0,0,0,-9999.0,0.0,1,P5_CV0,3,2,0,1,1
6,2545325.475,726552.0418,R6_F6_m6f6_P6_Y1_UO26,R6_F6_m-1f-1_P6_Y-1_U95,R6_F6_m-1f-1_P6_Y-1_U55,FXX,3,112.98239402898459,1,0,2.438,0,0,0,-9999.0,0.75,1,P5_CV0,3,0,2,2,0
6,2545325.475,726552.0418,R6_F6_m6f6_P6_Y1_UO156,R6_F6_m-1f-1_P6_Y-1_U117,R6_F6_m-1f-1_P6_Y-1_U11,MXY,3,112.98239402898459,1,0,0.0,0,0,0,-9999.0,0.5,1,P5_CV0,3,1,1,0,2
6,2545325.475,726552.0418,R6_F6_m6f6_P6_Y1_UO265,R6_F6_m-1f-1_P6_Y-1_U113,R6_F6_m-1f-1_P6_Y-1_U60,FXX,3,112.97993065062745,1,0,0.0,0,0,0,-9999.0,0.25,1,P5_CV0,3,1,1,1,1
6,2545325.475,726552.0418,R6_F6_m6f6_P6_Y1_UO253,R6_F6_m-1f-1_P6_Y-1_U61,R6_F6_m-1f-1_P6_Y-1_U54,FXX,3,112.98239402898459,1,0,1.292,0,0,0,-9999.0,0.25,1,P5_CV0,3,0,2,0,2
6,2545325.475,726552.0418,R6_F6_m6f6_P6_Y1_UO137,R6_F6_m-1f-1_P6_Y-1_U9,R6_F6_m-1f-1_P6_Y-1_U63,MXY,3,112.98239402898459,1,0,0.0,0,0,0,-9999.0,0.5,1,P5_CV0,3,0,2,1,1
6,2545325.475,726552.0418,R6_F6_m6f6_P6_Y1_UO408,R6_F6_m-1f-1_P6_Y-1_U84,R6_F6_m-1f-1_P6_Y-1_U109,MXY,3,112.98239402898459,1,0,0.0,0,0,0,-9999.0,0.75,1,P5_CV0,3,1,1,0,2
6,2545325.475,726552.0418,R6_F6_m6f6_P6_Y1_UO25,R6_F6_m-1f-1_P6_Y-1_U95,R6_F6_m-1f-1_P6_Y-1_U55,MXY,3,112.98239402898459,1,0,0.0,0,0,0,-9999.0,0.75,1,P5_CV0,3,2,0,1,1
6,2545325.475,726552.0418,R6_F6_m6f6_P6_Y1_UO432,R6_F6_m-1f-1_P6_Y-1_U37,R6_F6_m-1f-1_P6_Y-1_U97,FXX,3,112.98239402898459,1,0,3.597,0,0,0,-9999.0,0.5,1,P5_CV0,3,2,0,1,1
6,2545325.475,726552.0418,R6_F6_m6f6_P6_Y1_UO65,R6_F6_m-1f-1_P6_Y-1_U52,R6_F6_m-1f-1_P6_Y-1_U96,MXY,3,112.98239402898459,1,0,0.0,0,0,0,-9999.0,0.5,1,P5_CV0,3,0,2,1,1
6,2545325.475,726552.0418,R6_F6_m6f6_P6_Y1_UO536,R6_F6_m-1f-1_P6_Y-1_U117,R6_F6_m-1f-1_P6_Y-1_U26,FXX,3,112.98239402898459,1,0,1.769,0,0,0,-9999.0,0.5,1,P5_CV0,3,1,1,1,1
6,2545325.475,726552.0418,R6_F6_m6f6_P6_Y0_UO86,R6_F6_m-1f-1_P6_Y-1_U106,R6_F6_m-1f-1_P6_Y-1_U59,FXX,4,125.47648399484251,1,0,1.678,0,0,0,-9999.0,0.75,1,P5_CV0,3,0,2,1,1
6,2545325.475,726552.0418,R6_F6_m6f6_P6_Y0_UO458,R6_F6_m-1f-1_P6_Y-1_U67,R6_F6_m-1f-1_P6_Y-1_U7,MXY,4,125.47648399484251,1,0,0.0,0,0,0,-9999.0,0.75,1,P5_CV0,3,1,1,2,0
6,2545325.475,726552.0418,R6_F6_m6f6_P6_Y0_UO560,R6_F6_m-1f-1_P6_Y-1_U92,R6_F6_m-1f-1_P6_Y-1_U114,MXY,4,125.47648399484251,1,0,0.0,0,0,0,-9999.0,0.5,1,P5_CV0,3,2,0,2,0
6,2545325.475,726552.0418,R6_F6_m6f6_P6_Y0_UO135,R6_F6_m-1f-1_P6_Y-1_U48,R6_F6_m-1f-1_P6_Y-1_U13,FXX,4,125.47648399484251,1,0,1.322,0,0,0,-9999.0,0.5,1,P5_CV0,3,2,0,0,2
6,2545325.475,726552.0418,R6_F6_m6f6_P6_Y0_UO695,R6_F6_m-1f-1_P6_Y-1_U32,R6_F6_m-1f-1_P6_Y-1_U30,FXX,4,125.47648399484251,1,0,1.378,0,0,0,-9999.0,0.25,1,P5_CV0,3,2,0,1,1
6,2545325.475,726552.0418,R6_F6_m6f6_P6_Y0_UO225,R6_F6_m-1f-1_P6_Y-1_U86,R6_F6_m-1f-1_P6_Y-1_U15,FXX,4,125.47648399484251,1,0,0.0,0,0,0,-9999.0,0.25,1,P5_CV0,3,1,1,2,0
6,2545325.475,726552.0418,I6_F7_m6f6_P6_Y0_UO81,R6_F6_m-1f-1_P6_Y-1_U86,R6_F6_m-1f-1_P6_Y-1_U13,FXX,4,125.47557917964528,1,0,2.348,0,0,0,-9999.0,0.25,1,P5_CV0,3,2,0,1,1
6,2545325.475,726552.0418,R6_F6_m-1f-1_P6_Y-1_U100,-9999,-9999,FXX,5,132.58416928359782,1,0,0.0,0,0,0,-9999.0,0.5,1,P5_CV0,3,1,1,0,2
6,2545325.475,726552.0418,R6_F6_m-1f-1_P6_Y-1_U14,-9999,-9999,MXY,5,132.5823053676769,1,0,0.0,0,0,0,-9999.0,0.5,1,P5_CV0,3,1,1,1,1
6,2545325.475,726552.0418,R6_F6_m-1f-1_P6_Y-1_U47,-9999,-9999,FXX,5,132.58416928359782,1,0,0.0,0,0,0,-9999.0,1.0,1,P5_CV0,3,2,0,0,2
6,2545325.475,726552.0418,R6_F6_m-1f-1_P6_Y-1_U45,-9999,-9999,FXX,5,132.58416928359782,1,0,1.0,0,0,0,-9999.0,0.5,1,P5_CV0,3,1,1,2,0
6,2545325.475,726552.0418,R6_F6_m-1f-1_P6_Y-1_U16,-9999,-9999,FXX,5,132.58416928359782,1,0,4.361,0,0,0,-9999.0,0.0,1,P5_CV0,3,0,2,2,0
