PatchID,XCOORD,YCOORD,ID,MID,FID,sex,age,size,mature,newmature,layeggs,capture,recapture,state,CDist,Hindex,Species,ClassFile,SubPatchID,L0A0,L0A1,L1A0,L1A1
1,2540470.832,712452.2021,R1_F1_m1f1_P1_Y0_UO6,R1_F1_m-1f-1_P1_Y-1_U100,R1_F1_m-1f-1_P1_Y-1_U29,FXX,1,53.62613020747331,0,0,0.0,0,0,0,-9999.0,0.5,1,P0_CV0,1,1,1,1,1
1,2540470.832,712452.2021,R1_F1_m1f1_P1_Y0_UO15,R1_F1_m-1f-1_P1_Y-1_U120,R1_F1_m-1f-1_P1_Y-1_U101,FXX,1,53.62613020747331,0,0,0.0,0,0,0,-9999.0,0.25,1,P0_CV0,1,0,2,1,1
1,2540470.832,712452.2021,R1_F1_m1f1_P1_Y0_UO16,R1_F1_m-1f-1_P1_Y-1_U120,R1_F1_m-1f-1_P1_Y-1_U101,FXX,1,53.62613020747331,0,0,0.0,0,0,0,-9999.0,0.25,1,P0_CV0,1,1,1,2,0
1,2540470.832,712452.2021,R1_F1_m1f1_P1_Y0_UO17,R1_F1_m-1f-1_P1_Y-1_U120,R1_F1_m-1f-1_P1_Y-1_U101,FXX,1,53.62613020747331,0,0,0.0,0,0,0,-9999.0,0.25,1,P0_CV0,1,2,0,1,1
1,2540470.832,712452.2021,R1_F1_m1f1_P1_Y0_UO73,R1_F1_m-1f-1_P1_Y-1_U117,R1_F1_m-1f-1_P1_Y-1_U78,FXX,1,53.62613020747331,0,0,0.0,0,0,0,-9999.0,0.25,1,P0_CV0,1,1,1,2,0
1,2540470.832,712452.2021,R1_F1_m1f1_P1_Y0_UO74,R1_F1_m-1f-1_P1_Y-1_U117,R1_F1_m-1f-1_P1_Y-1_U78,FXX,1,53.62613020747331,0,0,0.0,0,0,0,-9999.0,0.25,1,P0_CV0,1,2,0,1,1
1,2540470.832,712452.2021,R1_F1_m1f1_P1_Y0_UO75,R1_F1_m-1f-1_P1_Y-1_U120,R1_F1_m-1f-1_P1_Y-1_U55,MXY,1,53.62613020747331,0,0,0.0,0,0,0,-9999.0,0.25,1,P0_CV0,1,1,1,1,1
1,2540470.832,712452.2021,R1_F1_m1f1_P1_Y0_UO76,R1_F1_m-1f-1_P1_Y-1_U120,R1_F1_m-1f-1_P1_Y-1_U55,MXY,1,53.62613020747331,0,0,0.0,0,0,0,-9999.0,0.25,1,P0_CV0,1,1,1,1,1
1,2540470.832,712452.2021,R1_F1_m1f1_P1_Y0_UO78,R1_F1_m-1f-1_P1_Y-1_U125,R1_F1_m-1f-1_P1_Y-1_U29,MXY,1,53.62613020747331,0,0,0.0,0,0,0,-9999.0,0.25,1,P0_CV0,1,1,1,1,1
1,2540470.832,712452.2021,R1_F1_m1f1_P1_Y0_UO79,R1_F1_m-1f-1_P1_Y-1_U125,R1_F1_m-1f-1_P1_Y-1_U29,FXX,1,53.62613020747331,0,0,0.0,0,0,0,-9999.0,0.25,1,P0_CV0,1,0,2,1,1
1,2540470.832,712452.2021,R1_F1_m1f1_P1_Y0_UO84,R1_F1_m-1f-1_P1_Y-1_U72,R1_F1_m-1f-1_P1_Y-1_U44,MXY,1,53.62613020747331,0,0,0.0,0,0,0,-9999.0,0.25,1,P0_CV0,1,1,1,2,0
1,2540470.832,712452.2021,R1_F1_m1f1_P1_Y0_UO85,R1_F1_m-1f-1_P1_Y-1_U72,R1_F1_m-1f-1_P1_Y-1_U44,MXY,1,53.62613020747331,0,0,0.0,0,0,0,-9999.0,0.25,1,P0_CV0,1,1,1,1,1
1,2540470.832,712452.2021,R1_F1_m1f1_P1_Y0_UO107,R1_F1_m-1f-1_P1_Y-1_U87,R1_F1_m-1f-1_P1_Y-1_U55,FXX,1,53.62613020747331,0,0,0.0,0,0,0,-9999.0,0.0,1,P0_CV0,1,2,0,0,2
1,2540470.832,712452.2021,R1_F1_m1f1_P1_Y0_UO112,R1_F1_m-1f-1_P1_Y-1_U137,R1_F1_m-1f-1_P1_Y-1_U138,FXX,1,53.62613020747331,0,0,0.0,0,0,0,-9999.0,0.0,1,P0_CV0,1,2,0,0,2
1,2540470.832,712452.2021,R1_F1_m1f1_P1_Y0_UO121,R1_F1_m-1f-1_P1_Y-1_U1,R1_F1_m-1f-1_P1_Y-1_U12,MXY,1,53.62613020747331,0,0,0.0,0,0,0,-9999.0,0.25,1,P0_CV0,1,0,2,0,2
1,2540470.832,712452.2021,R1_F1_m1f1_P1_Y0_UO122,R1_F1_m-1f-1_P1_Y-1_U1,R1_F1_m-1f-1_P1_Y-1_U12,FXX,1,53.62613020747331,0,0,0.0,0,0,0,-9999.0,0.25,1,P0_CV0,1,0,2,2,0
1,2540470.832,712452.2021,R1_F1_m1f1_P1_Y0_UO123,R1_F1_m-1f-1_P1_Y-1_U1,R1_F1_m-1f-1_P1_Y-1_U12,FXX,1,53.62613020747331,0,0,0.0,0,0,0,-9999.0,0.25,1,P0_CV0,1,1,1,2,0
1,2540470.832,712452.2021,R1_F1_m1f1_P1_Y0_UO124,R1_F1_m-1f-1_P1_Y-1_U1,R1_F1_m-1f-1_P1_Y-1_U12,FXX,1,53.62613020747331,0,0,0.0,0,0,0,-9999.0,0.25,1,P0_CV0,1,0,2,0,2
1,2540470.832,712452.2021,R1_F1_m1f1_P1_Y0_UO125,R1_F1_m-1f-1_P1_Y-1_U23,R1_F1_m-1f-1_P1_Y-1_U11,MXY,1,53.62613020747331,0,0,0.0,0,0,0,-9999.0,0.5,1,P0_CV0,1,1,1,1,1
1,2540470.832,712452.2021,R1_F1_m1f1_P1_Y0_UO126,R1_F1_m-1f-1_P1_Y-1_U23,R1_F1_m-1f-1_P1_Y-1_U11,MXY,1,53.62613020747331,0,0,0.0,0,0,0,-9999.0,0.5,1,P0_CV0,1,1,1,0,2
1,2540470.832,712452.2021,R1_F1_m1f1_P1_Y0_UO132,R1_F1_m-1f-1_P1_Y-1_U108,R1_F1_m-1f-1_P1_Y-1_U32,FXX,1,53.62613020747331,0,0,0.0,0,0,0,-9999.0,0.5,1,P0_CV0,1,0,2,0,2
1,2540470.832,712452.2021,R1_F1_m1f1_P1_Y0_UO133,R1_F1_m-1f-1_P1_Y-1_U95,R1_F1_m-1f-1_P1_Y-1_U88,MXY,1,53.62613020747331,0,0,0.0,0,0,0,-9999.0,0.0,1,P0_CV0,1,0,2,1,1
1,2540470.832,712452.2021,R1_F1_m1f1_P1_Y0_UO154,R1_F1_m-1f-1_P1_Y-1_U71,R1_F1_m-1f-1_P1_Y-1_U112,FXX,1,53.62613020747331,0,0,0.0,0,0,0,-9999.0,0.5,1,P0_CV0,1,0,2,2,0
1,2540470.832,712452.2021,R1_F1_m1f1_P1_Y0_UO155,R1_F1_m-1f-1_P1_Y-1_U71,R1_F1_m-1f-1_P1_Y-1_U112,FXX,1,53.62613020747331,0,0,0.0,0,0,0,-9999.0,0.5,1,P0_CV0,1,2,0,0,2
1,2540470.832,712452.2021,R1_F1_m1f1_P1_Y0_UO165,R1_F1_m-1f-1_P1_Y-1_U127,R1_F1_m-1f-1_P1_Y-1_U101,FXX,1,53.62613020747331,0,0,0.0,0,0,0,-9999.0,0.0,1,P0_CV0,1,1,1,0,2
1,2540470.832,712452.2021,R1_F1_m1f1_P1_Y0_UO203,R1_F1_m-1f-1_P1_Y-1_U95,R1_F1_m-1f-1_P1_Y-1_U44,MXY,1,53.62613020747331,0,0,0.0,0,0,0,-9999.0,0.25,1,P0_CV0,1,2,0,2,0
1,2540470.832,712452.2021,R1_F1_m1f1_P1_Y0_UO204,R1_F1_m-1f-1_P1_Y-1_U125,R1_F1_m-1f-1_P1_Y-1_U32,FXX,1,53.62613020747331,0,0,0.0,0,0,0,-9999.0,0.25,1,P0_CV0,1,0,2,2,0
1,2540470.832,712452.2021,R1_F1_m1f1_P1_Y0_UO205,R1_F1_m-1f-1_P1_Y-1_U125,R1_F1_m-1f-1_P1_Y-1_U32,FXX,1,53.62613020747331,0,0,0.0,0,0,0,-9999.0,0.25,1,P0_CV0,1,1,1,1,1
1,2540470.832,712452.2021,R1_F1_m1f1_P1_Y0_UO206,R1_F1_m-1f-1_P1_Y-1_U37,R1_F1_m-1f-1_P1_Y-1_U133,FXX,1,53.62613020747331,0,0,0.0,0,0,0,-9999.0,0.75,1,P0_CV0,1,1,1,2,0
1,2540470.832,712452.2021,R1_F1_m1f1_P1_Y0_UO207,R1_F1_m-1f-1_P1_Y-1_U37,R1_F1_m-1f-1_P1_Y-1_U133,MXY,1,53.62613020747331,0,0,0.0,0,0,0,-9999.0,0.75,1,P0_CV0,1,1,1,1,1
1,2540470.832,712452.2021,R1_F1_m1f1_P1_Y0_UO208,R1_F1_m-1f-1_P1_Y-1_U37,R1_F1_m-1f-1_P1_Y-1_U133,MXY,1,53.62613020747331,0,0,0.0,0,0,0,-9999.0,0.75,1,P0_CV0,1,1,1,2,0
1,2540470.832,712452.2021,R1_F1_m1f1_P1_Y0_UO209,R1_F1_m-1f-1_P1_Y-1_U37,R1_F1_m-1f-1_P1_Y-1_U133,MXY,1,53.62613020747331,0,0,0.0,0,0,0,-9999.0,0.75,1,P0_CV0,1,1,1,1,1
1,2540470.832,712452.2021,R1_F1_m1f1_P1_Y0_UO210,R1_F1_m-1f-1_P1_Y-1_U37,R1_F1_m-1f-1_P1_Y-1_U133,MXY,1,53.62613020747331,0,0,0.0,0,0,0,-9999.0,0.75,1,P0_CV0,1,1,1,0,2
1,2540470.832,712452.2021,R1_F1_m1f1_P1_Y0_UO211,R1_F1_m-1f-1_P1_Y-1_U37,R1_F1_m-1f-1_P1_Y-1_U133,FXX,1,53.62613020747331,0,0,0.0,0,0,0,-9999.0,0.75,1,P0_CV0,1,0,2,2,0
1,2540470.832,712452.2021,R1_F1_m1f1_P1_Y0_UO226,R1_F1_m-1f-1_P1_Y-1_U72,R1_F1_m-1f-1_P1_Y-1_U44,MXY,1,53.62613020747331,0,0,0.0,0,0,0,-9999.0,0.25,1,P0_CV0,1,2,0,1,1
1,2540470.832,712452.2021,R1_F1_m1f1_P1_Y0_UO237,R1_F1_m-1f-1_P1_Y-1_U109,R1_F1_m-1f-1_P1_Y-1_U140,MXY,1,53.62613020747331,0,0,0.0,0,0,0,-9999.0,0.75,1,P0_CV0,1,2,0,2,0
1,2540470.832,712452.2021,R1_F1_m1f1_P1_Y0_UO238,R1_F1_m-1f-1_P1_Y-1_U109,R1_F1_m-1f-1_P1_Y-1_U140,FXX,1,53.62613020747331,0,0,0.0,0,0,0,-9999.0,0.75,1,P0_CV0,1,2,0,0,2
1,2540470.832,712452.2021,R1_F1_m1f1_P1_Y0_UO239,R1_F1_m-1f-1_P1_Y-1_U109,R1_F1_m-1f-1_P1_Y-1_U140,MXY,1,53.62613020747331,0,0,0.0,0,0,0,-9999.0,0.75,1,P0_CV0,1,1,1,2,0
1,2540470.832,712452.2021,R1_F1_m1f1_P1_Y0_UO243,R1_F1_m-1f-1_P1_Y-1_U108,R1_F1_m-1f-1_P1_Y-1_U101,MXY,1,53.62613020747331,0,0,0.0,0,0,0,-9999.0,0.25,1,P0_CV0,1,1,1,2,0
1,2540470.832,712452.2021,R1_F1_m1f1_P1_Y0_UO244,R1_F1_m-1f-1_P1_Y-1_U131,R1_F1_m-1f-1_P1_Y-1_U28,FXX,1,53.62613020747331,0,0,0.0,0,0,0,-9999.0,0.5,1,P0_CV0,1,1,1,1,1
1,2540470.832,712452.2021,R1_F1_m1f1_P1_Y0_UO245,R1_F1_m-1f-1_P1_Y-1_U4,R1_F1_m-1f-1_P1_Y-1_U44,FXX,1,53.62613020747331,0,0,0.0,0,0,0,-9999.0,0.25,1,P0_CV0,1,1,1,1,1
1,2540470.832,712452.2021,R1_F1_m1f1_P1_Y0_UO246,R1_F1_m-1f-1_P1_Y-1_U4,R1_F1_m-1f-1_P1_Y-1_U44,FXX,1,53.62613020747331,0,0,0.0,0,0,0,-9999.0,0.25,1,P0_CV0,1,1,1,0,2
1,2540470.832,712452.2021,R1_F1_m1f1_P1_Y0_UO247,R1_F1_m-1f-1_P1_Y-1_U117,R1_F1_m-1f-1_P1_Y-1_U78,FXX,1,53.62613020747331,0,0,0.0,0,0,0,-9999.0,0.25,1,P0_CV0,1,0,2,1,1
1,2540470.832,712452.2021,R1_F1_m1f1_P1_Y0_UO264,R1_F1_m-1f-1_P1_Y-1_U37,R1_F1_m-1f-1_P1_Y-1_U9,MXY,1,53.62613020747331,0,0,0.0,0,0,0,-9999.0,0.5,1,P0_CV0,1,1,1,0,2
1,2540470.832,712452.2021,R1_F1_m1f1_P1_Y0_UO265,R1_F1_m-1f-1_P1_Y-1_U37,R1_F1_m-1f-1_P1_Y-1_U9,MXY,1,53.62613020747331,0,0,0.0,0,0,0,-9999.0,0.5,1,P0_CV0,1,2,0,0,2
1,2540470.832,712452.2021,R1_F1_m1f1_P1_Y0_UO282,R1_F1_m-1f-1_P1_Y-1_U45,R1_F1_m-1f-1_P1_Y-1_U140,MXY,1,53.62613020747331,0,0,0.0,0,0,0,-9999.0,0.5,1,P0_CV0,1,1,1,1,1
1,2540470.832,712452.2021,R1_F1_m1f1_P1_Y0_UO283,R1_F1_m-1f-1_P1_Y-1_U45,R1_F1_m-1f-1_P1_Y-1_U140,MXY,1,53.62613020747331,0,0,0.0,0,0,0,-9999.0,0.5,1,P0_CV0,1,1,1,2,0
1,2540470.832,712452.2021,R1_F1_m1f1_P1_Y0_UO284,R1_F1_m-1f-1_P1_Y-1_U45,R1_F1_m-1f-1_P1_Y-1_U140,FXX,1,53.62613020747331,0,0,0.0,0,0,0,-9999.0,0.5,1,P0_CV0,1,2,0,1,1
1,2540470.832,712452.2021,R1_F1_m1f1_P1_Y0_UO344,R1_F1_m-1f-1_P1_Y-1_U7,R1_F1_m-1f-1_P1_Y-1_U28,MXY,1,53.62613020747331,0,0,0.0,0,0,0,-9999.0,0.5,1,P0_CV0,1,1,1,1,1
1,2540470.832,712452.2021,R1_F1_m1f1_P1_Y0_UO346,R1_F1_m-1f-1_P1_Y-1_U108,R1_F1_m-1f-1_P1_Y-1_U29,MXY,1,53.62613020747331,0,0,0.0,0,0,0,-9999.0,0.5,1,P0_CV0,1,1,1,0,2
1,2540470.832,712452.2021,R1_F1_m1f1_P1_Y0_UO347,R1_F1_m-1f-1_P1_Y-1_U108,R1_F1_m-1f-1_P1_Y-1_U29,MXY,1,53.62613020747331,0,0,0.0,0,0,0,-9999.0,0.5,1,P0_CV0,1,2,0,1,1
1,2540470.832,712452.2021,R1_F1_m1f1_P1_Y0_UO348,R1_F1_m-1f-1_P1_Y-1_U108,R1_F1_m-1f-1_P1_Y-1_U29,MXY,1,53.62613020747331,0,0,0.0,0,0,0,-9999.0,0.5,1,P0_CV0,1,1,1,0,2
1,2540470.832,712452.2021,R1_F1_m1f1_P1_Y0_UO349,R1_F1_m-1f-1_P1_Y-1_U108,R1_F1_m-1f-1_P1_Y-1_U29,FXX,1,53.62613020747331,0,0,0.0,0,0,0,-9999.0,0.5,1,P0_CV0,1,0,2,1,1
1,2540470.832,712452.2021,R1_F1_m1f1_P1_Y0_UO371,R1_F1_m-1f-1_P1_Y-1_U114,R1_F1_m-1f-1_P1_Y-1_U88,FXX,1,53.62613020747331,0,0,0.0,0,0,0,-9999.0,0.5,1,P0_CV0,1,1,1,1,1
1,2540470.832,712452.2021,R1_F1_m1f1_P1_Y0_UO378,R1_F1_m-1f-1_P1_Y-1_U37,R1_F1_m-1f-1_P1_Y-1_U41,MXY,1,53.62613020747331,0,0,0.0,0,0,0,-9999.0,0.5,1,P0_CV0,1,2,0,0,2
1,2540470.832,712452.2021,R1_F1_m1f1_P1_Y0_UO379,R1_F1_m-1f-1_P1_Y-1_U37,R1_F1_m-1f-1_P1_Y-1_U41,FXX,1,53.62613020747331,0,0,0.0,0,0,0,-9999.0,0.5,1,P0_CV0,1,0,2,1,1
1,2540470.832,712452.2021,R1_F1_m1f1_P1_Y0_UO380,R1_F1_m-1f-1_P1_Y-1_U37,R1_F1_m-1f-1_P1_Y-1_U41,FXX,1,53.62613020747331,0,0,0.0,0,0,0,-9999.0,0.5,1,P0_CV0,1,1,1,1,1
1,2540470.832,712452.2021,R1_F1_m1f1_P1_Y0_UO381,R1_F1_m-1f-1_P1_Y-1_U37,R1_F1_m-1f-1_P1_Y-1_U41,MXY,1,53.62613020747331,0,0,0.0,0,0,0,-9999.0,0.5,1,P0_CV0,1,1,1,1,1
1,2540470.832,712452.2021,R1_F1_m1f1_P1_Y0_UO382,R1_F1_m-1f-1_P1_Y-1_U125,R1_F1_m-1f-1_P1_Y-1_U112,MXY,1,53.62613020747331,0,0,0.0,0,0,0,-9999.0,0.0,1,P0_CV0,1,0,2,1,1
1,2540470.832,712452.2021,R1_F1_m1f1_P1_Y0_UO383,R1_F1_m-1f-1_P1_Y-1_U125,R1_F1_m-1f-1_P1_Y-1_U112,MXY,1,53.62613020747331,0,0,0.0,0,0,0,-9999.0,0.0,1,P0_CV0,1,1,1,1,1
1,2540470.832,712452.2021,R1_F1_m1f1_P1_Y0_UO384,R1_F1_m-1f-1_P1_Y-1_U125,R1_F1_m-1f-1_P1_Y-1_U112,FXX,1,53.62613020747331,0,0,0.0,0,0,0,-9999.0,0.0,1,P0_CV0,1,1,1,1,1
1,2540470.832,712452.2021,R1_F1_m1f1_P1_Y0_UO385,R1_F1_m-1f-1_P1_Y-1_U125,R1_F1_m-1f-1_P1_Y-1_U112,FXX,1,53.62613020747331,0,0,0.0,0,0,0,-9999.0,0.0,1,P0_CV0,1,2,0,2,0
1,2540470.832,712452.2021,R1_F1_m1f1_P1_Y0_UO391,R1_F1_m-1f-1_P1_Y-1_U6,R1_F1_m-1f-1_P1_Y-1_U46,FXX,1,53.62613020747331,0,0,0.0,0,0,0,-9999.0,0.25,1,P0_CV0,1,0,2,2,0
1,2540470.832,712452.2021,R1_F1_m1f1_P1_Y0_UO392,R1_F1_m-1f-1_P1_Y-1_U6,R1_F1_m-1f-1_P1_Y-1_U46,FXX,1,53.62613020747331,0,0,0.0,0,0,0,-9999.0,0.25,1,P0_CV0,1,1,1,0,2
1,2540470.832,712452.2021,R1_F1_m1f1_P1_Y0_UO393,R1_F1_m-1f-1_P1_Y-1_U6,R1_F1_m-1f-1_P1_Y-1_U46,FXX,1,53.62613020747331,0,0,0.0,0,0,0,-9999.0,0.25,1,P0_CV0,1,1,1,2,0
1,2540470.832,712452.2021,R1_F1_m1f1_P1_Y0_UO394,R1_F1_m-1f-1_P1_Y-1_U6,R1_F1_m-1f-1_P1_Y-1_U46,FXX,1,53.62613020747331,0,0,0.0,0,0,0,-9999.0,0.25,1,P0_CV0,1,2,0,1,1
1,2540470.832,712452.2021,R1_F1_m1f1_P1_Y0_UO399,R1_F1_m-1f-1_P1_Y-1_U71,R1_F1_m-1f-1_P1_Y-1_U33,FXX,1,53.62613020747331,0,0,0.0,0,0,0,-9999.0,0.5,1,P0_CV0,1,1,1,1,1
1,2540470.832,712452.2021,R1_F1_m1f1_P1_Y0_UO400,R1_F1_m-1f-1_P1_Y-1_U122,R1_F1_m-1f-1_P1_Y-1_U41,MXY,1,53.62613020747331,0,0,0.0,0,0,0,-9999.0,0.0,1,P0_CV0,1,2,0,1,1
1,2540470.832,712452.2021,R1_F1_m1f1_P1_Y0_UO401,R1_F1_m-1f-1_P1_Y-1_U117,R1_F1_m-1f-1_P1_Y-1_U14,FXX,1,53.62613020747331,0,0,0.0,0,0,0,-9999.0,0.25,1,P0_CV0,1,0,2,0,2
1,2540470.832,712452.2021,R1_F1_m1f1_P1_Y0_UO402,R1_F1_m-1f-1_P1_Y-1_U87,R1_F1_m-1f-1_P1_Y-1_U138,FXX,1,53.62613020747331,0,0,0.0,0,0,0,-9999.0,0.0,1,P0_CV0,1,2,0,0,2
1,2540470.832,712452.2021,R1_F1_m1f1_P1_Y0_UO447,R1_F1_m-1f-1_P1_Y-1_U71,R1_F1_m-1f-1_P1_Y-1_U129,MXY,1,53.62613020747331,0,0,0.0,0,0,0,-9999.0,0.5,1,P0_CV0,1,1,1,1,1
1,2540470.832,712452.2021,R1_F1_m1f1_P1_Y0_UO448,R1_F1_m-1f-1_P1_Y-1_U71,R1_F1_m-1f-1_P1_Y-1_U129,FXX,1,53.62613020747331,0,0,0.0,0,0,0,-9999.0,0.5,1,P0_CV0,1,1,1,1,1
1,2540470.832,712452.2021,R1_F1_m1f1_P1_Y0_UO461,R1_F1_m-1f-1_P1_Y-1_U137,R1_F1_m-1f-1_P1_Y-1_U14,MXY,1,53.62613020747331,0,0,0.0,0,0,0,-9999.0,0.0,1,P0_CV0,1,2,0,2,0
1,2540470.832,712452.2021,R1_F1_m1f1_P1_Y0_UO462,R1_F1_m-1f-1_P1_Y-1_U1,R1_F1_m-1f-1_P1_Y-1_U129,FXX,1,53.62613020747331,0,0,0.0,0,0,0,-9999.0,0.25,1,P0_CV0,1,1,1,0,2
1,2540470.832,712452.2021,R1_F1_m1f1_P1_Y0_UO463,R1_F1_m-1f-1_P1_Y-1_U1,R1_F1_m-1f-1_P1_Y-1_U129,FXX,1,53.62613020747331,0,0,0.0,0,0,0,-9999.0,0.25,1,P0_CV0,1,1,1,1,1
1,2540470.832,712452.2021,R1_F1_m1f1_P1_Y0_UO464,R1_F1_m-1f-1_P1_Y-1_U1,R1_F1_m-1f-1_P1_Y-1_U129,MXY,1,53.62613020747331,0,0,0.0,0,0,0,-9999.0,0.25,1,P0_CV0,1,0,2,2,0
1,2540470.832,712452.2021,R1_F1_m1f1_P1_Y0_UO465,R1_F1_m-1f-1_P1_Y-1_U1,R1_F1_m-1f-1_P1_Y-1_U129,FXX,1,53.62613020747331,0,0,0.0,0,0,0,-9999.0,0.25,1,P0_CV0,1,1,1,1,1
1,2540470.832,712452.2021,R1_F1_m1f1_P1_Y0_UO466,R1_F1_m-1f-1_P1_Y-1_U1,R1_F1_m-1f-1_P1_Y-1_U129,FXX,1,53.62613020747331,0,0,0.0,0,0,0,-9999.0,0.25,1,P0_CV0,1,2,0,0,2
1,2540470.832,712452.2021,R1_F1_m1f1_P1_Y0_UO492,R1_F1_m-1f-1_P1_Y-1_U85,R1_F1_m-1f-1_P1_Y-1_U46,MXY,1,53.62613020747331,0,0,0.0,0,0,0,-9999.0,0.25,1,P0_CV0,1,2,0,1,1
1,2540470.832,712452.2021,R1_F1_m1f1_P1_Y0_UO493,R1_F1_m-1f-1_P1_Y-1_U85,R1_F1_m-1f-1_P1_Y-1_U46,MXY,1,53.62613020747331,0,0,0.0,0,0,0,-9999.0,0.25,1,P0_CV0,1,2,0,1,1
1,2540470.832,712452.2021,R1_F1_m1f1_P1_Y0_UO494,R1_F1_m-1f-1_P1_Y-1_U6,R1_F1_m-1f-1_P1_Y-1_U11,MXY,1,53.62613020747331,0,0,0.0,0,0,0,-9999.0,0.25,1,P0_CV0,1,0,2,0,2
1,2540470.832,712452.2021,R1_F1_m1f1_P1_Y0_UO495,R1_F1_m-1f-1_P1_Y-1_U6,R1_F1_m-1f-1_P1_Y-1_U11,MXY,1,53.62613020747331,0,0,0.0,0,0,0,-9999.0,0.25,1,P0_CV0,1,0,2,2,0
1,2540470.832,712452.2021,R1_F1_m1f1_P1_Y0_UO496,R1_F1_m-1f-1_P1_Y-1_U6,R1_F1_m-1f-1_P1_Y-1_U11,FXX,1,53.62613020747331,0,0,0.0,0,0,0,-9999.0,0.25,1,P0_CV0,1,1,1,1,1
1,2540470.832,712452.2021,R1_F1_m1f1_P1_Y0_UO497,R1_F1_m-1f-1_P1_Y-1_U6,R1_F1_m-1f-1_P1_Y-1_U11,MXY,1,53.62613020747331,0,0,0.0,0,0,0,-9999.0,0.25,1,P0_CV0,1,2,0,1,1
1,2540470.832,712452.2021,R1_F1_m1f1_P1_Y0_UO498,R1_F1_m-1f-1_P1_Y-1_U6,R1_F1_m-1f-1_P1_Y-1_U11,MXY,1,53.62613020747331,0,0,0.0,0,0,0,-9999.0,0.25,1,P0_CV0,1,1,1,0,2
1,2540470.832,712452.2021,R1_F1_m1f1_P1_Y0_UO514,R1_F1_m-1f-1_P1_Y-1_U23,R1_F1_m-1f-1_P1_Y-1_U29,FXX,1,53.62613020747331,0,0,0.0,0,0,0,-9999.0,0.5,1,P0_CV0,1,0,2,2,0
1,2540470.832,712452.2021,R1_F1_m1f1_P1_Y0_UO515,R1_F1_m-1f-1_P1_Y-1_U6,R1_F1_m-1f-1_P1_Y-1_U32,FXX,1,53.62613020747331,0,0,0.0,0,0,0,-9999.0,0.25,1,P0_CV0,1,1,1,1,1
1,2540470.832,712452.2021,R1_F1_m1f1_P1_Y0_UO516,R1_F1_m-1f-1_P1_Y-1_U6,R1_F1_m-1f-1_P1_Y-1_U32,FXX,1,53.62613020747331,0,0,0.0,0,0,0,-9999.0,0.25,1,P0_CV0,1,2,0,1,1
1,2540470.832,712452.2021,R1_F1_m1f1_P1_Y0_UO517,R1_F1_m-1f-1_P1_Y-1_U6,R1_F1_m-1f-1_P1_Y-1_U32,FXX,1,53.62613020747331,0,0,0.0,0,0,0,-9999.0,0.25,1,P0_CV0,1,0,2,1,1
1,2540470.832,712452.2021,R1_F1_m1f1_P1_Y0_UO518,R1_F1_m-1f-1_P1_Y-1_U6,R1_F1_m-1f-1_P1_Y-1_U32,MXY,1,53.62613020747331,0,0,0.0,0,0,0,-9999.0,0.25,1,P0_CV0,1,1,1,1,1
1,2540470.832,712452.2021,R1_F1_m1f1_P1_Y0_UO526,R1_F1_m-1f-1_P1_Y-1_U120,R1_F1_m-1f-1_P1_Y-1_U101,MXY,1,53.62613020747331,0,0,0.0,0,0,0,-9999.0,0.25,1,P0_CV0,1,2,0,2,0
1,2540470.832,712452.2021,R1_F1_m1f1_P1_Y0_UO527,R1_F1_m-1f-1_P1_Y-1_U120,R1_F1_m-1f-1_P1_Y-1_U101,MXY,1,53.62613020747331,0,0,0.0,0,0,0,-9999.0,0.25,1,P0_CV0,1,1,1,1,1
1,2540470.832,712452.2021,R1_F1_m1f1_P1_Y0_UO542,R1_F1_m-1f-1_P1_Y-1_U120,R1_F1_m-1f-1_P1_Y-1_U90,FXX,1,53.62613020747331,0,0,0.0,0,0,0,-9999.0,0.25,1,P0_CV0,1,0,2,2,0
1,2540470.832,712452.2021,R1_F1_m1f1_P1_Y0_UO576,R1_F1_m-1f-1_P1_Y-1_U1,R1_F1_m-1f-1_P1_Y-1_U32,FXX,1,53.62613020747331,0,0,0.0,0,0,0,-9999.0,0.5,1,P0_CV0,1,1,1,1,1
1,2540470.832,712452.2021,R1_F1_m1f1_P1_Y0_UO577,R1_F1_m-1f-1_P1_Y-1_U1,R1_F1_m-1f-1_P1_Y-1_U32,MXY,1,53.62613020747331,0,0,0.0,0,0,0,-9999.0,0.5,1,P0_CV0,1,0,2,0,2
1,2540470.832,712452.2021,R1_F1_m1f1_P1_Y0_UO578,R1_F1_m-1f-1_P1_Y-1_U1,R1_F1_m-1f-1_P1_Y-1_U32,FXX,1,53.62613020747331,0,0,0.0,0,0,0,-9999.0,0.5,1,P0_CV0,1,0,2,1,1
1,2540470.832,712452.2021,R1_F1_m1f1_P1_Y0_UO579,R1_F1_m-1f-1_P1_Y-1_U1,R1_F1_m-1f-1_P1_Y-1_U32,MXY,1,53.62613020747331,0,0,0.0,0,0,0,-9999.0,0.5,1,P0_CV0,1,0,2,1,1
1,2540470.832,712452.2021,R1_F1_m1f1_P1_Y0_UO619,R1_F1_m-1f-1_P1_Y-1_U48,R1_F1_m-1f-1_P1_Y-1_U50,MXY,1,53.62613020747331,0,0,0.0,0,0,0,-9999.0,0.5,1,P0_CV0,1,2,0,1,1
1,2540470.832,712452.2021,R1_F1_m1f1_P1_Y0_UO620,R1_F1_m-1f-1_P1_Y-1_U48,R1_F1_m-1f-1_P1_Y-1_U50,FXX,1,53.62613020747331,0,0,0.0,0,0,0,-9999.0,0.5,1,P0_CV0,1,0,2,1,1
1,2540470.832,712452.2021,R1_F1_m1f1_P1_Y0_UO621,R1_F1_m-1f-1_P1_Y-1_U48,R1_F1_m-1f-1_P1_Y-1_U50,MXY,1,53.62613020747331,0,0,0.0,0,0,0,-9999.0,0.5,1,P0_CV0,1,1,1,1,1
1,2540470.832,712452.2021,R1_F1_m1f1_P1_Y0_UO647,R1_F1_m-1f-1_P1_Y-1_U1,R1_F1_m-1f-1_P1_Y-1_U133,FXX,1,53.62613020747331,0,0,0.0,0,0,0,-9999.0,0.5,1,P0_CV0,1,1,1,2,0
1,2540470.832,712452.2021,R1_F1_m1f1_P1_Y0_UO648,R1_F1_m-1f-1_P1_Y-1_U1,R1_F1_m-1f-1_P1_Y-1_U133,FXX,1,53.62613020747331,0,0,0.0,0,0,0,-9999.0,0.5,1,P0_CV0,1,2,0,0,2
1,2540470.832,712452.2021,R1_F1_m1f1_P1_Y0_UO649,R1_F1_m-1f-1_P1_Y-1_U1,R1_F1_m-1f-1_P1_Y-1_U133,MXY,1,53.62613020747331,0,0,0.0,0,0,0,-9999.0,0.5,1,P0_CV0,1,2,0,0,2
1,2540470.832,712452.2021,R1_F1_m1f1_P1_Y0_UO650,R1_F1_m-1f-1_P1_Y-1_U1,R1_F1_m-1f-1_P1_Y-1_U133,MXY,1,53.62613020747331,0,0,0.0,0,0,0,-9999.0,0.5,1,P0_CV0,1,0,2,1,1
1,2540470.832,712452.2021,R1_F1_m1f1_P1_Y0_UO681,R1_F1_m-1f-1_P1_Y-1_U125,R1_F1_m-1f-1_P1_Y-1_U28,FXX,1,53.62613020747331,0,0,0.0,0,0,0,-9999.0,0.25,1,P0_CV0,1,1,1,1,1
1,2540470.832,712452.2021,R1_F1_m1f1_P1_Y0_UO682,R1_F1_m-1f-1_P1_Y-1_U125,R1_F1_m-1f-1_P1_Y-1_U28,MXY,1,53.62613020747331,0,0,0.0,0,0,0,-9999.0,0.25,1,P0_CV0,1,1,1,1,1
1,2540470.832,712452.2021,R1_F1_m1f1_P1_Y0_UO687,R1_F1_m-1f-1_P1_Y-1_U117,R1_F1_m-1f-1_P1_Y-1_U46,FXX,1,53.62613020747331,0,0,0.0,0,0,0,-9999.0,0.5,1,P0_CV0,1,1,1,1,1
1,2540470.832,712452.2021,R1_F1_m1f1_P1_Y0_UO695,R1_F1_m-1f-1_P1_Y-1_U109,R1_F1_m-1f-1_P1_Y-1_U90,MXY,1,53.62613020747331,0,0,0.0,0,0,0,-9999.0,0.25,1,P0_CV0,1,0,2,0,2
1,2540470.832,712452.2021,R1_F1_m1f1_P1_Y0_UO696,R1_F1_m-1f-1_P1_Y-1_U109,R1_F1_m-1f-1_P1_Y-1_U90,MXY,1,53.62613020747331,0,0,0.0,0,0,0,-9999.0,0.25,1,P0_CV0,1,1,1,1,1
1,2540470.832,712452.2021,R1_F1_m1f1_P1_Y0_UO697,R1_F1_m-1f-1_P1_Y-1_U109,R1_F1_m-1f-1_P1_Y-1_U90,FXX,1,53.62613020747331,0,0,0.0,0,0,0,-9999.0,0.25,1,P0_CV0,1,1,1,0,2
1,2540470.832,712452.2021,R1_F1_m1f1_P1_Y0_UO698,R1_F1_m-1f-1_P1_Y-1_U109,R1_F1_m-1f-1_P1_Y-1_U90,MXY,1,53.62613020747331,0,0,0.0,0,0,0,-9999.0,0.25,1,P0_CV0,1,1,1,2,0
1,2540470.832,712452.2021,R1_F1_m1f1_P1_Y0_UO727,R1_F1_m-1f-1_P1_Y-1_U109,R1_F1_m-1f-1_P1_Y-1_U138,MXY,1,53.62613020747331,0,0,0.0,0,0,0,-9999.0,0.25,1,P0_CV0,1,1,1,2,0
1,2540470.832,712452.2021,R1_F1_m1f1_P1_Y0_UO728,R1_F1_m-1f-1_P1_Y-1_U109,R1_F1_m-1f-1_P1_Y-1_U138,MXY,1,53.62613020747331,0,0,0.0,0,0,0,-9999.0,0.25,1,P0_CV0,1,1,1,2,0
1,2540470.832,712452.2021,R1_F1_m1f1_P1_Y0_UO733,R1_F1_m-1f-1_P1_Y-1_U26,R1_F1_m-1f-1_P1_Y-1_U101,MXY,1,53.62613020747331,0,0,0.0,0,0,0,-9999.0,0.25,1,P0_CV0,1,0,2,2,0
1,2540470.832,712452.2021,R1_F1_m1f1_P1_Y0_UO734,R1_F1_m-1f-1_P1_Y-1_U26,R1_F1_m-1f-1_P1_Y-1_U101,MXY,1,53.62613020747331,0,0,0.0,0,0,0,-9999.0,0.25,1,P0_CV0,1,1,1,1,1
1,2540470.832,712452.2021,R1_F1_m1f1_P1_Y0_UO735,R1_F1_m-1f-1_P1_Y-1_U26,R1_F1_m-1f-1_P1_Y-1_U101,MXY,1,53.62613020747331,0,0,0.0,0,0,0,-9999.0,0.25,1,P0_CV0,1,1,1,0,2
1,2540470.832,712452.2021,R1_F1_m1f1_P1_Y0_UO736,R1_F1_m-1f-1_P1_Y-1_U117,R1_F1_m-1f-1_P1_Y-1_U14,MXY,1,53.62613020747331,0,0,0.0,0,0,0,-9999.0,0.25,1,P0_CV0,1,0,2,1,1
1,2540470.832,712452.2021,R1_F1_m1f1_P1_Y0_UO737,R1_F1_m-1f-1_P1_Y-1_U117,R1_F1_m-1f-1_P1_Y-1_U14,FXX,1,53.62613020747331,0,0,0.0,0,0,0,-9999.0,0.25,1,P0_CV0,1,1,1,1,1
1,2540470.832,712452.2021,R1_F1_m1f1_P1_Y0_UO738,R1_F1_m-1f-1_P1_Y-1_U117,R1_F1_m-1f-1_P1_Y-1_U14,FXX,1,53.62613020747331,0,0,0.0,0,0,0,-9999.0,0.25,1,P0_CV0,1,1,1,0,2
1,2540470.832,712452.2021,R1_F1_m1f1_P1_Y0_UO739,R1_F1_m-1f-1_P1_Y-1_U117,R1_F1_m-1f-1_P1_Y-1_U14,FXX,1,53.62613020747331,0,0,0.0,0,0,0,-9999.0,0.25,1,P0_CV0,1,2,0,1,1
1,2540470.832,712452.2021,R1_F1_m1f1_P1_Y0_UO809,R1_F1_m-1f-1_P1_Y-1_U37,R1_F1_m-1f-1_P1_Y-1_U13,FXX,1,53.62613020747331,0,0,0.0,0,0,0,-9999.0,0.75,1,P0_CV0,1,0,2,1,1
1,2540470.832,712452.2021,R1_F1_m1f1_P1_Y0_UO810,R1_F1_m-1f-1_P1_Y-1_U37,R1_F1_m-1f-1_P1_Y-1_U13,MXY,1,53.62613020747331,0,0,0.0,0,0,0,-9999.0,0.75,1,P0_CV0,1,0,2,2,0
1,2540470.832,712452.2021,R1_F1_m-1f-1_P1_Y-1_U2,-9999,-9999,FXX,2,77.55353926107769,1,0,1.403,0,0,0,-9999.0,0.0,1,P0_CV0,1,0,2,1,1
1,2540470.832,712452.2021,R1_F1_m-1f-1_P1_Y-1_U3,-9999,-9999,MXY,2,77.55353926107769,1,0,0.0,0,0,0,-9999.0,0.0,1,P0_CV0,1,0,2,1,1
1,2540470.832,712452.2021,R1_F1_m-1f-1_P1_Y-1_U5,-9999,-9999,MXY,2,77.55353926107769,1,0,0.0,0,0,0,-9999.0,0.0,1,P0_CV0,1,0,2,1,1
1,2540470.832,712452.2021,R1_F1_m-1f-1_P1_Y-1_U8,-9999,-9999,MXY,2,77.55353926107769,1,0,0.0,0,0,0,-9999.0,0.5,1,P0_CV0,1,1,1,1,1
1,2540470.832,712452.2021,R1_F1_m-1f-1_P1_Y-1_U15,-9999,-9999,FXX,2,77.55353926107769,1,0,2.907,0,0,0,-9999.0,0.5,1,P0_CV0,1,1,1,2,0
1,2540470.832,712452.2021,R1_F1_m-1f-1_P1_Y-1_U16,-9999,-9999,FXX,2,77.55353926107769,1,0,0.0,0,0,0,-9999.0,0.5,1,P0_CV0,1,1,1,1,1
1,2540470.832,712452.2021,R1_F1_m-1f-1_P1_Y-1_U17,-9999,-9999,MXY,2,77.55353926107769,1,0,0.0,0,0,0,-9999.0,0.0,1,P0_CV0,1,0,2,1,1
1,2540470.832,712452.2021,R1_F1_m-1f-1_P1_Y-1_U18,-9999,-9999,MXY,2,77.55353926107769,1,0,0.0,0,0,0,-9999.0,0.5,1,P0_CV0,1,1,1,2,0
1,2540470.832,712452.2021,R1_F1_m-1f-1_P1_Y-1_U19,-9999,-9999,FXX,2,77.55353926107769,1,0,0.0,0,0,0,-9999.0,0.0,1,P0_CV0,1,0,2,1,1
1,2540470.832,712452.2021,R1_F1_m-1f-1_P1_Y-1_U20,-9999,-9999,FXX,2,77.55353926107769,1,0,1.0,0,0,0,-9999.0,0.0,1,P0_CV0,1,0,2,1,1
1,2540470.832,712452.2021,R1_F1_m-1f-1_P1_Y-1_U22,-9999,-9999,MXY,2,77.55353926107769,1,0,0.0,0,0,0,-9999.0,0.5,1,P0_CV0,1,1,1,1,1
1,2540470.832,712452.2021,R1_F1_m-1f-1_P1_Y-1_U24,-9999,-9999,MXY,2,77.55353926107769,1,0,0.0,0,0,0,-9999.0,0.0,1,P0_CV0,1,0,2,1,1
1,2540470.832,712452.2021,R1_F1_m-1f-1_P1_Y-1_U31,-9999,-9999,MXY,2,77.55353926107769,1,0,0.0,0,0,0,-9999.0,0.0,1,P0_CV0,1,0,2,2,0
1,2540470.832,712452.2021,R1_F1_m-1f-1_P1_Y-1_U34,-9999,-9999,FXX,2,77.55353926107769,1,0,1.593,0,0,0,-9999.0,0.0,1,P0_CV0,1,0,2,1,1
1,2540470.832,712452.2021,R1_F1_m-1f-1_P1_Y-1_U35,-9999,-9999,MXY,2,77.55353926107769,1,0,0.0,0,0,0,-9999.0,0.0,1,P0_CV0,1,0,2,2,0
1,2540470.832,712452.2021,R1_F1_m-1f-1_P1_Y-1_U36,-9999,-9999,MXY,2,77.55353926107769,1,0,0.0,0,0,0,-9999.0,0.5,1,P0_CV0,1,1,1,2,0
1,2540470.832,712452.2021,R1_F1_m-1f-1_P1_Y-1_U38,-9999,-9999,FXX,2,77.55353926107769,1,0,3.533,0,0,0,-9999.0,0.0,1,P0_CV0,1,0,2,1,1
1,2540470.832,712452.2021,R1_F1_m-1f-1_P1_Y-1_U40,-9999,-9999,MXY,2,77.55353926107769,1,0,0.0,0,0,0,-9999.0,0.0,1,P0_CV0,1,0,2,1,1
1,2540470.832,712452.2021,R1_F1_m-1f-1_P1_Y-1_U42,-9999,-9999,MXY,2,77.55353926107769,1,0,0.0,0,0,0,-9999.0,0.0,1,P0_CV0,1,0,2,1,1
1,2540470.832,712452.2021,R1_F1_m-1f-1_P1_Y-1_U43,-9999,-9999,FXX,2,77.55353926107769,1,0,0.0,0,0,0,-9999.0,0.5,1,P0_CV0,1,1,1,1,1
1,2540470.832,712452.2021,R1_F1_m-1f-1_P1_Y-1_U49,-9999,-9999,MXY,2,77.55353926107769,1,0,0.0,0,0,0,-9999.0,0.0,1,P0_CV0,1,0,2,0,2
1,2540470.832,712452.2021,R1_F1_m-1f-1_P1_Y-1_U52,-9999,-9999,MXY,2,77.55353926107769,1,0,0.0,0,0,0,-9999.0,0.0,1,P0_CV0,1,0,2,0,2
1,2540470.832,712452.2021,R1_F1_m-1f-1_P1_Y-1_U53,-9999,-9999,MXY,2,77.55353926107769,1,0,0.0,0,0,0,-9999.0,0.0,1,P0_CV0,1,0,2,0,2
1,2540470.832,712452.2021,R1_F1_m-1f-1_P1_Y-1_U56,-9999,-9999,FXX,2,77.55353926107769,1,0,1.187,0,0,0,-9999.0,0.0,1,P0_CV0,1,0,2,1,1
1,2540470.832,712452.2021,R1_F1_m-1f-1_P1_Y-1_U57,-9999,-9999,FXX,2,77.55353926107769,1,0,1.032,0,0,0,-9999.0,0.0,1,P0_CV0,1,0,2,2,0
1,2540470.832,712452.2021,R1_F1_m-1f-1_P1_Y-1_U58,-9999,-9999,FXX,2,77.55353926107769,1,0,1.571,0,0,0,-9999.0,0.5,1,P0_CV0,1,1,1,2,0
1,2540470.832,712452.2021,R1_F1_m-1f-1_P1_Y-1_U60,-9999,-9999,FXX,2,77.55353926107769,1,0,1.345,0,0,0,-9999.0,0.5,1,P0_CV0,1,1,1,2,0
1,2540470.832,712452.2021,R1_F1_m-1f-1_P1_Y-1_U61,-9999,-9999,MXY,2,77.55353926107769,1,0,0.0,0,0,0,-9999.0,1.0,1,P0_CV0,1,2,0,0,2
1,2540470.832,712452.2021,R1_F1_m-1f-1_P1_Y-1_U62,-9999,-9999,FXX,2,77.55353926107769,1,0,0.0,0,0,0,-9999.0,0.0,1,P0_CV0,1,0,2,0,2
1,2540470.832,712452.2021,R1_F1_m-1f-1_P1_Y-1_U64,-9999,-9999,MXY,2,77.55353926107769,1,0,0.0,0,0,0,-9999.0,0.0,1,P0_CV0,1,0,2,1,1
1,2540470.832,712452.2021,R1_F1_m-1f-1_P1_Y-1_U67,-9999,-9999,FXX,2,77.55353926107769,1,0,2.013,0,0,0,-9999.0,0.0,1,P0_CV0,1,0,2,1,1
1,2540470.832,712452.2021,R1_F1_m-1f-1_P1_Y-1_U68,-9999,-9999,FXX,2,77.55353926107769,1,0,0.0,0,0,0,-9999.0,0.5,1,P0_CV0,1,1,1,1,1
1,2540470.832,712452.2021,R1_F1_m-1f-1_P1_Y-1_U70,-9999,-9999,FXX,2,77.55353926107769,1,0,0.0,0,0,0,-9999.0,0.0,1,P0_CV0,1,0,2,1,1
1,2540470.832,712452.2021,R1_F1_m-1f-1_P1_Y-1_U74,-9999,-9999,FXX,2,77.55353926107769,1,0,0.0,0,0,0,-9999.0,0.5,1,P0_CV0,1,1,1,0,2
1,2540470.832,712452.2021,R1_F1_m-1f-1_P1_Y-1_U75,-9999,-9999,MXY,2,77.55353926107769,1,0,0.0,0,0,0,-9999.0,0.5,1,P0_CV0,1,1,1,1,1
1,2540470.832,712452.2021,R1_F1_m-1f-1_P1_Y-1_U77,-9999,-9999,FXX,2,77.55353926107769,1,0,1.0,0,0,0,-9999.0,0.0,1,P0_CV0,1,0,2,0,2
1,2540470.832,712452.2021,R1_F1_m-1f-1_P1_Y-1_U79,-9999,-9999,MXY,2,77.55353926107769,1,0,0.0,0,0,0,-9999.0,0.0,1,P0_CV0,1,0,2,0,2
1,2540470.832,712452.2021,R1_F1_m-1f-1_P1_Y-1_U80,-9999,-9999,MXY,2,77.55353926107769,1,0,0.0,0,0,0,-9999.0,0.5,1,P0_CV0,1,1,1,1,1
1,2540470.832,712452.2021,R1_F1_m-1f-1_P1_Y-1_U82,-9999,-9999,MXY,2,77.55353926107769,1,0,0.0,0,0,0,-9999.0,0.5,1,P0_CV0,1,1,1,1,1
1,2540470.832,712452.2021,R1_F1_m-1f-1_P1_Y-1_U83,-9999,-9999,MXY,2,77.55353926107769,1,0,0.0,0,0,0,-9999.0,0.0,1,P0_CV0,1,0,2,2,0
1,2540470.832,712452.2021,R1_F1_m-1f-1_P1_Y-1_U84,-9999,-9999,MXY,2,77.55353926107769,1,0,0.0,0,0,0,-9999.0,0.0,1,P0_CV0,1,0,2,1,1
1,2540470.832,712452.2021,R1_F1_m-1f-1_P1_Y-1_U86,-9999,-9999,MXY,2,77.55353926107769,1,0,0.0,0,0,0,-9999.0,0.0,1,P0_CV0,1,0,2,1,1
1,2540470.832,712452.2021,R1_F1_m-1f-1_P1_Y-1_U89,-9999,-9999,MXY,2,77.55353926107769,1,0,0.0,0,0,0,-9999.0,0.0,1,P0_CV0,1,0,2,1,1
1,2540470.832,712452.2021,R1_F1_m-1f-1_P1_Y-1_U91,-9999,-9999,MXY,2,77.55353926107769,1,0,0.0,0,0,0,-9999.0,0.0,1,P0_CV0,1,0,2,1,1
1,2540470.832,712452.2021,R1_F1_m-1f-1_P1_Y-1_U93,-9999,-9999,MXY,2,77.55353926107769,1,0,0.0,0,0,0,-9999.0,0.0,1,P0_CV0,1,0,2,1,1
1,2540470.832,712452.2021,R1_F1_m-1f-1_P1_Y-1_U96,-9999,-9999,MXY,2,77.55353926107769,1,0,0.0,0,0,0,-9999.0,0.5,1,P0_CV0,1,1,1,1,1
1,2540470.832,712452.2021,R1_F1_m-1f-1_P1_Y-1_U97,-9999,-9999,FXX,2,77.55353926107769,1,0,3.067,0,0,0,-9999.0,0.5,1,P0_CV0,1,1,1,1,1
1,2540470.832,712452.2021,R1_F1_m-1f-1_P1_Y-1_U98,-9999,-9999,FXX,2,77.55353926107769,1,0,1.698,0,0,0,-9999.0,0.5,1,P0_CV0,1,1,1,0,2
1,2540470.832,712452.2021,R1_F1_m-1f-1_P1_Y-1_U99,-9999,-9999,MXY,2,77.55353926107769,1,0,0.0,0,0,0,-9999.0,0.0,1,P0_CV0,1,0,2,1,1
1,2540470.832,712452.2021,R1_F1_m-1f-1_P1_Y-1_U102,-9999,-9999,FXX,2,77.55353926107769,1,0,1.623,0,0,0,-9999.0,1.0,1,P0_CV0,1,2,0,1,1
1,2540470.832,712452.2021,R1_F1_m-1f-1_P1_Y-1_U103,-9999,-9999,FXX,2,77.55353926107769,1,0,0.0,0,0,0,-9999.0,0.0,1,P0_CV0,1,0,2,0,2
1,2540470.832,712452.2021,R1_F1_m-1f-1_P1_Y-1_U104,-9999,-9999,MXY,2,77.55353926107769,1,0,0.0,0,0,0,-9999.0,0.5,1,P0_CV0,1,1,1,1,1
1,2540470.832,712452.2021,R1_F1_m-1f-1_P1_Y-1_U106,-9999,-9999,FXX,2,77.55353926107769,1,0,1.816,0,0,0,-9999.0,0.5,1,P0_CV0,1,1,1,1,1
1,2540470.832,712452.2021,R1_F1_m-1f-1_P1_Y-1_U107,-9999,-9999,FXX,2,77.55353926107769,1,0,1.417,0,0,0,-9999.0,0.5,1,P0_CV0,1,1,1,1,1
1,2540470.832,712452.2021,R1_F1_m-1f-1_P1_Y-1_U111,-9999,-9999,MXY,2,77.55353926107769,1,0,0.0,0,0,0,-9999.0,0.0,1,P0_CV0,1,0,2,2,0
1,2540470.832,712452.2021,R1_F1_m-1f-1_P1_Y-1_U113,-9999,-9999,MXY,2,77.55353926107769,1,0,0.0,0,0,0,-9999.0,0.5,1,P0_CV0,1,1,1,2,0
1,2540470.832,712452.2021,R1_F1_m-1f-1_P1_Y-1_U116,-9999,-9999,MXY,2,77.55353926107769,1,0,0.0,0,0,0,-9999.0,0.5,1,P0_CV0,1,1,1,1,1
1,2540470.832,712452.2021,R1_F1_m-1f-1_P1_Y-1_U118,-9999,-9999,FXX,2,77.55353926107769,1,0,1.768,0,0,0,-9999.0,0.0,1,P0_CV0,1,0,2,1,1
1,2540470.832,712452.2021,R1_F1_m-1f-1_P1_Y-1_U119,-9999,-9999,MXY,2,77.55353926107769,1,0,0.0,0,0,0,-9999.0,0.0,1,P0_CV0,1,0,2,1,1
1,2540470.832,712452.2021,R1_F1_m-1f-1_P1_Y-1_U123,-9999,-9999,FXX,2,77.55353926107769,1,0,1.159,0,0,0,-9999.0,0.0,1,P0_CV0,1,0,2,1,1
1,2540470.832,712452.2021,R1_F1_m-1f-1_P1_Y-1_U126,-9999,-9999,MXY,2,77.55353926107769,1,0,0.0,0,0,0,-9999.0,0.0,1,P0_CV0,1,0,2,1,1
1,2540470.832,712452.2021,R1_F1_m-1f-1_P1_Y-1_U130,-9999,-9999,MXY,2,77.55353926107769,1,0,0.0,0,0,0,-9999.0,0.0,1,P0_CV0,1,0,2,1,1
1,2540470.832,712452.2021,R1_F1_m-1f-1_P1_Y-1_U132,-9999,-9999,FXX,2,77.55353926107769,1,0,0.0,0,0,0,-9999.0,0.5,1,P0_CV0,1,1,1,0,2
1,2540470.832,712452.2021,R1_F1_m-1f-1_P1_Y-1_U136,-9999,-9999,FXX,2,77.55353926107769,1,0,1.041,0,0,0,-9999.0,0.0,1,P0_CV0,1,0,2,0,2
1,2540470.832,712452.2021,R1_F1_m-1f-1_P1_Y-1_U139,-9999,-9999,FXX,2,77.55353926107769,1,0,1.923,0,0,0,-9999.0,0.0,1,P0_CV0,1,0,2,2,0
1,2540470.832,712452.2021,R1_F1_m-1f-1_P1_Y-1_U32,-9999,-9999,MXY,3,80.43301792464692,1,0,0.0,0,0,0,-9999.0,0.5,1,P0_CV0,1,1,1,1,1
1,2540470.832,712452.2021,R1_F1_m-1f-1_P1_Y-1_U92,-9999,-9999,FXX,3,82.60501792464693,1,0,2.33,0,0,0,-9999.0,0.0,1,P0_CV0,1,0,2,1,1
1,2540470.832,712452.2021,R1_F1_m-1f-1_P1_Y-1_U9,-9999,-9999,MXY,3,89.95201792464694,1,0,0.0,0,0,0,-9999.0,0.0,1,P0_CV0,1,0,2,2,0
1,2540470.832,712452.2021,R1_F1_m-1f-1_P1_Y-1_U50,-9999,-9999,MXY,3,91.57301792464692,1,0,0.0,0,0,0,-9999.0,0.5,1,P0_CV0,1,1,1,0,2
1,2540470.832,712452.2021,R1_F1_m-1f-1_P1_Y-1_U127,-9999,-9999,FXX,3,91.25601792464693,1,0,1.0,0,0,0,-9999.0,0.0,1,P0_CV0,1,0,2,0,2
1,2540470.832,712452.2021,R1_F1_m-1f-1_P1_Y-1_U33,-9999,-9999,MXY,3,92.04901792464693,1,0,0.0,0,0,0,-9999.0,0.0,1,P0_CV0,1,0,2,2,0
1,2540470.832,712452.2021,R1_F1_m-1f-1_P1_Y-1_U13,-9999,-9999,MXY,3,84.71301792464693,1,0,0.0,0,0,0,-9999.0,0.5,1,P0_CV0,1,1,1,2,0
1,2540470.832,712452.2021,R1_F1_m-1f-1_P1_Y-1_U81,-9999,-9999,FXX,3,89.73401792464692,1,0,1.0,0,0,0,-9999.0,0.0,1,P0_CV0,1,0,2,1,1
1,2540470.832,712452.2021,R1_F1_m-1f-1_P1_Y-1_U131,-9999,-9999,FXX,3,91.34601792464693,1,0,0.0,0,0,0,-9999.0,0.5,1,P0_CV0,1,1,1,2,0
1,2540470.832,712452.2021,R1_F1_m-1f-1_P1_Y-1_U41,-9999,-9999,MXY,3,91.93101792464692,1,0,0.0,0,0,0,-9999.0,0.0,1,P0_CV0,1,0,2,1,1
1,2540470.832,712452.2021,R1_F1_m-1f-1_P1_Y-1_U114,-9999,-9999,FXX,3,90.50501792464694,1,0,1.0,0,0,0,-9999.0,1.0,1,P0_CV0,1,2,0,1,1
1,2540470.832,712452.2021,R1_F1_m-1f-1_P1_Y-1_U47,-9999,-9999,FXX,3,88.99501792464693,1,0,1.0,0,0,0,-9999.0,0.5,1,P0_CV0,1,1,1,1,1
1,2540470.832,712452.2021,R1_F1_m-1f-1_P1_Y-1_U115,-9999,-9999,FXX,3,104.71601792464692,1,0,1.13,0,0,0,-9999.0,0.0,1,P0_CV0,1,0,2,1,1
1,2540470.832,712452.2021,R1_F1_m-1f-1_P1_Y-1_U117,-9999,-9999,FXX,3,100.84401792464693,1,0,4.079,0,0,0,-9999.0,0.5,1,P0_CV0,1,1,1,2,0
1,2540470.832,712452.2021,R1_F1_m-1f-1_P1_Y-1_U27,-9999,-9999,MXY,3,92.69001792464694,1,0,0.0,0,0,0,-9999.0,0.0,1,P0_CV0,1,0,2,1,1
1,2540470.832,712452.2021,R1_F1_m-1f-1_P1_Y-1_U73,-9999,-9999,FXX,3,100.89601792464693,1,0,0.0,0,0,0,-9999.0,0.0,1,P0_CV0,1,0,2,2,0
1,2540470.832,712452.2021,R1_F1_m-1f-1_P1_Y-1_U4,-9999,-9999,FXX,3,94.34501792464694,1,0,1.0,0,0,0,-9999.0,0.0,1,P0_CV0,1,0,2,2,0
1,2540470.832,712452.2021,R1_F1_m-1f-1_P1_Y-1_U63,-9999,-9999,FXX,3,101.25201792464692,1,0,1.896,0,0,0,-9999.0,0.5,1,P0_CV0,1,1,1,0,2
1,2540470.832,712452.2021,R1_F1_m-1f-1_P1_Y-1_U95,-9999,-9999,FXX,3,101.20801792464694,1,0,1.0,0,0,0,-9999.0,0.0,1,P0_CV0,1,0,2,2,0
1,2540470.832,712452.2021,R1_F1_m-1f-1_P1_Y-1_U121,-9999,-9999,FXX,3,93.88901792464692,1,0,2.838,0,0,0,-9999.0,0.0,1,P0_CV0,1,0,2,1,1
1,2540470.832,712452.2021,R1_F1_m-1f-1_P1_Y-1_U30,-9999,-9999,FXX,3,99.48401792464692,1,0,1.0,0,0,0,-9999.0,0.0,1,P0_CV0,1,0,2,1,1
1,2540470.832,712452.2021,R1_F1_m-1f-1_P1_Y-1_U137,-9999,-9999,FXX,3,100.37701792464692,1,0,0.0,0,0,0,-9999.0,0.0,1,P0_CV0,1,0,2,1,1
1,2540470.832,712452.2021,R1_F1_m-1f-1_P1_Y-1_U54,-9999,-9999,MXY,3,94.83701792464693,1,0,0.0,0,0,0,-9999.0,0.5,1,P0_CV0,1,1,1,2,0
1,2540470.832,712452.2021,R1_F1_m-1f-1_P1_Y-1_U110,-9999,-9999,FXX,3,99.96601792464692,1,0,1.362,0,0,0,-9999.0,0.5,1,P0_CV0,1,1,1,1,1
1,2540470.832,712452.2021,R1_F1_m-1f-1_P1_Y-1_U51,-9999,-9999,FXX,3,105.49201792464693,1,0,1.0,0,0,0,-9999.0,0.0,1,P0_CV0,1,0,2,1,1
1,2540470.832,712452.2021,R1_F1_m-1f-1_P1_Y-1_U46,-9999,-9999,MXY,3,92.37801792464693,1,0,0.0,0,0,0,-9999.0,0.5,1,P0_CV0,1,1,1,0,2
1,2540470.832,712452.2021,R1_F1_m-1f-1_P1_Y-1_U28,-9999,-9999,MXY,3,98.19001792464694,1,0,0.0,0,0,0,-9999.0,0.5,1,P0_CV0,1,1,1,0,2
1,2540470.832,712452.2021,R1_F1_m-1f-1_P1_Y-1_U21,-9999,-9999,FXX,3,96.67401792464693,1,0,1.123,0,0,0,-9999.0,0.5,1,P0_CV0,1,1,1,1,1
1,2540470.832,712452.2021,R1_F1_m-1f-1_P1_Y-1_U44,-9999,-9999,MXY,3,96.38901792464692,1,0,0.0,0,0,0,-9999.0,0.5,1,P0_CV0,1,1,1,2,0
1,2540470.832,712452.2021,R1_F1_m-1f-1_P1_Y-1_U66,-9999,-9999,MXY,3,92.19201792464692,1,0,0.0,0,0,0,-9999.0,0.0,1,P0_CV0,1,0,2,0,2
1,2540470.832,712452.2021,R1_F1_m-1f-1_P1_Y-1_U105,-9999,-9999,MXY,3,97.52601792464692,1,0,0.0,0,0,0,-9999.0,1.0,1,P0_CV0,1,2,0,1,1
1,2540470.832,712452.2021,R1_F1_m-1f-1_P1_Y-1_U108,-9999,-9999,FXX,3,94.71601792464692,1,0,0.0,0,0,0,-9999.0,0.5,1,P0_CV0,1,1,1,0,2
1,2540470.832,712452.2021,R1_F1_m-1f-1_P1_Y-1_U133,-9999,-9999,MXY,3,94.49701792464693,1,0,0.0,0,0,0,-9999.0,0.5,1,P0_CV0,1,1,1,1,1
1,2540470.832,712452.2021,R1_F1_m-1f-1_P1_Y-1_U23,-9999,-9999,FXX,3,94.56701792464692,1,0,0.0,0,0,0,-9999.0,0.5,1,P0_CV0,1,1,1,1,1
1,2540470.832,712452.2021,R1_F1_m-1f-1_P1_Y-1_U65,-9999,-9999,FXX,3,95.77701792464693,1,0,0.0,0,0,0,-9999.0,0.0,1,P0_CV0,1,0,2,1,1
1,2540470.832,712452.2021,R1_F1_m-1f-1_P1_Y-1_U0,-9999,-9999,FXX,3,100.31201792464692,1,0,1.961,0,0,0,-9999.0,0.0,1,P0_CV0,1,0,2,0,2
1,2540470.832,712452.2021,R1_F1_m-1f-1_P1_Y-1_U120,-9999,-9999,FXX,3,92.29801792464693,1,0,1.0,0,0,0,-9999.0,0.5,1,P0_CV0,1,1,1,1,1
1,2540470.832,712452.2021,R1_F1_m-1f-1_P1_Y-1_U87,-9999,-9999,FXX,3,98.14601792464693,1,0,1.464,0,0,0,-9999.0,0.0,1,P0_CV0,1,0,2,0,2
1,2540470.832,712452.2021,R1_F1_m-1f-1_P1_Y-1_U76,-9999,-9999,MXY,3,103.12601792464693,1,0,0.0,0,0,0,-9999.0,0.0,1,P0_CV0,1,0,2,1,1
1,2540470.832,712452.2021,R1_F1_m-1f-1_P1_Y-1_U7,-9999,-9999,FXX,4,126.00339874277093,1,0,1.0,0,0,0,-9999.0,0.5,1,P0_CV0,1,1,1,1,1
1,2540470.832,712452.2021,R1_F1_m-1f-1_P1_Y-1_U10,-9999,-9999,MXY,4,126.00339874277093,1,0,0.0,0,0,0,-9999.0,0.0,1,P0_CV0,1,0,2,0,2
1,2540470.832,712452.2021,R1_F1_m-1f-1_P1_Y-1_U14,-9999,-9999,MXY,4,126.00339874277093,1,0,0.0,0,0,0,-9999.0,0.0,1,P0_CV0,1,0,2,1,1
1,2540470.832,712452.2021,R1_F1_m-1f-1_P1_Y-1_U29,-9999,-9999,MXY,4,126.00339874277093,1,0,0.0,0,0,0,-9999.0,0.5,1,P0_CV0,1,1,1,2,0
1,2540470.832,712452.2021,R1_F1_m-1f-1_P1_Y-1_U69,-9999,-9999,MXY,4,126.00339874277093,1,0,0.0,0,0,0,-9999.0,0.0,1,P0_CV0,1,0,2,0,2
1,2540470.832,712452.2021,R1_F1_m-1f-1_P1_Y-1_U72,-9999,-9999,FXX,4,126.00339874277093,1,0,2.054,0,0,0,-9999.0,0.0,1,P0_CV0,1,0,2,2,0
1,2540470.832,712452.2021,R1_F1_m-1f-1_P1_Y-1_U85,-9999,-9999,FXX,4,126.00339874277093,1,0,0.0,0,0,0,-9999.0,0.0,1,P0_CV0,1,0,2,1,1
1,2540470.832,712452.2021,R1_F1_m-1f-1_P1_Y-1_U100,-9999,-9999,FXX,4,126.00339874277093,1,0,0.0,0,0,0,-9999.0,0.5,1,P0_CV0,1,1,1,1,1
1,2540470.832,712452.2021,R1_F1_m-1f-1_P1_Y-1_U101,-9999,-9999,MXY,4,126.00339874277093,1,0,0.0,0,0,0,-9999.0,0.0,1,P0_CV0,1,0,2,2,0
1,2540470.832,712452.2021,R1_F1_m-1f-1_P1_Y-1_U122,-9999,-9999,FXX,4,126.00339874277093,1,0,1.436,0,0,0,-9999.0,0.0,1,P0_CV0,1,0,2,0,2
1,2540470.832,712452.2021,R1_F1_m-1f-1_P1_Y-1_U124,-9999,-9999,FXX,4,126.00339874277093,1,0,0.0,0,0,0,-9999.0,0.5,1,P0_CV0,1,1,1,1,1
1,2540470.832,712452.2021,R1_F1_m-1f-1_P1_Y-1_U125,-9999,-9999,FXX,4,126.00339874277093,1,0,1.0,0,0,0,-9999.0,0.0,1,P0_CV0,1,0,2,0,2
1,2540470.832,712452.2021,R1_F1_m-1f-1_P1_Y-1_U140,-9999,-9999,MXY,4,126.00339874277093,1,0,0.0,0,0,0,-9999.0,1.0,1,P0_CV0,1,2,0,1,1
1,2540470.832,712452.2021,I1_F7_m-1f-1_P1_Y-1_U71,-9999,-9999,FXX,4,125.99800963918429,1,0,0.0,0,0,0,-9999.0,1.0,1,P0_CV0,1,2,0,1,1
1,2540470.832,712452.2021,R1_F1_m-1f-1_P1_Y-1_U37,-9999,-9999,FXX,5,143.44286892375578,1,0,1.0,0,0,0,-9999.0,1.0,1,P0_CV0,1,2,0,0,2
1,2540470.832,712452.2021,R1_F1_m-1f-1_P1_Y-1_U138,-9999,-9999,MXY,5,151.5228689237558,1,0,0.0,0,0,0,-9999.0,0.0,1,P0_CV0,1,0,2,1,1
1,2540470.832,712452.2021,R1_F1_m-1f-1_P1_Y-1_U128,-9999,-9999,MXY,5,148.3038689237558,1,0,0.0,0,0,0,-9999.0,0.5,1,P0_CV0,1,1,1,0,2
1,2540470.832,712452.2021,R1_F1_m-1f-1_P1_Y-1_U78,-9999,-9999,MXY,5,149.8318689237558,1,0,0.0,0,0,0,-9999.0,0.0,1,P0_CV0,1,0,2,1,1
1,2540470.832,712452.2021,R1_F1_m-1f-1_P1_Y-1_U55,-9999,-9999,MXY,5,155.58086892375582,1,0,0.0,0,0,0,-9999.0,0.0,1,P0_CV0,1,0,2,2,0
1,2540470.832,712452.2021,R1_F1_m-1f-1_P1_Y-1_U25,-9999,-9999,FXX,5,145.4938689237558,1,0,1.428,0,0,0,-9999.0,0.5,1,P0_CV0,1,1,1,0,2
1,2540470.832,712452.2021,RD1_F2_m-1f-1_P2_Y-1_U72,-9999,-9999,FXX,2,55.38224527295121,1,0,1.475,0,0,0,-9999.0,1.0,1,P1_CV0,1,2,0,2,0
1,2540470.832,712452.2021,RD1_F6_m-1f-1_P6_Y-1_U120,-9999,-9999,MXY,2,84.65909712655309,1,0,0.0,0,0,0,-9999.0,0.0,1,P5_CV0,1,0,2,2,0
2,2536859.926,708059.4624,R2_F2_m2f2_P2_Y0_UO0,R2_F2_m-1f-1_P2_Y-1_U107,R2_F2_m-1f-1_P2_Y-1_U124,MXY,1,31.468334481292697,0,0,0.0,0,0,0,-9999.0,0.5,1,P1_CV0,1,0,2,1,1
2,2536859.926,708059.4624,R2_F2_m2f2_P2_Y0_UO1,R2_F2_m-1f-1_P2_Y-1_U107,R2_F2_m-1f-1_P2_Y-1_U124,FXX,1,31.468334481292697,0,0,0.0,0,0,0,-9999.0,0.5,1,P1_CV0,1,0,2,0,2
2,2536859.926,708059.4624,R2_F2_m2f2_P2_Y0_UO2,R2_F2_m-1f-1_P2_Y-1_U107,R2_F2_m-1f-1_P2_Y-1_U124,FXX,1,31.468334481292697,0,0,0.0,0,0,0,-9999.0,0.5,1,P1_CV0,1,1,1,1,1
2,2536859.926,708059.4624,R2_F2_m2f2_P2_Y0_UO3,R2_F2_m-1f-1_P2_Y-1_U107,R2_F2_m-1f-1_P2_Y-1_U124,MXY,1,31.468334481292697,0,0,0.0,0,0,0,-9999.0,0.5,1,P1_CV0,1,0,2,2,0
2,2536859.926,708059.4624,R2_F2_m2f2_P2_Y0_UO61,R2_F2_m-1f-1_P2_Y-1_U136,R2_F2_m-1f-1_P2_Y-1_U130,FXX,1,31.468334481292697,0,0,0.0,0,0,0,-9999.0,0.25,1,P1_CV0,1,0,2,2,0
2,2536859.926,708059.4624,R2_F2_m2f2_P2_Y0_UO62,R2_F2_m-1f-1_P2_Y-1_U136,R2_F2_m-1f-1_P2_Y-1_U130,FXX,1,31.468334481292697,0,0,0.0,0,0,0,-9999.0,0.25,1,P1_CV0,1,0,2,1,1
2,2536859.926,708059.4624,R2_F2_m2f2_P2_Y0_UO63,R2_F2_m-1f-1_P2_Y-1_U136,R2_F2_m-1f-1_P2_Y-1_U130,FXX,1,31.468334481292697,0,0,0.0,0,0,0,-9999.0,0.25,1,P1_CV0,1,0,2,1,1
2,2536859.926,708059.4624,R2_F2_m2f2_P2_Y0_UO64,R2_F2_m-1f-1_P2_Y-1_U136,R2_F2_m-1f-1_P2_Y-1_U130,MXY,1,31.468334481292697,0,0,0.0,0,0,0,-9999.0,0.25,1,P1_CV0,1,1,1,0,2
2,2536859.926,708059.4624,R2_F2_m2f2_P2_Y0_UO97,R2_F2_m-1f-1_P2_Y-1_U134,R2_F2_m-1f-1_P2_Y-1_U132,MXY,1,31.468334481292697,0,0,0.0,0,0,0,-9999.0,0.75,1,P1_CV0,1,1,1,2,0
2,2536859.926,708059.4624,R2_F2_m2f2_P2_Y0_UO98,R2_F2_m-1f-1_P2_Y-1_U134,R2_F2_m-1f-1_P2_Y-1_U132,MXY,1,31.468334481292697,0,0,0.0,0,0,0,-9999.0,0.75,1,P1_CV0,1,1,1,1,1
2,2536859.926,708059.4624,R2_F2_m2f2_P2_Y0_UO99,R2_F2_m-1f-1_P2_Y-1_U134,R2_F2_m-1f-1_P2_Y-1_U132,MXY,1,31.468334481292697,0,0,0.0,0,0,0,-9999.0,0.75,1,P1_CV0,1,1,1,1,1
2,2536859.926,708059.4624,R2_F2_m2f2_P2_Y0_UO127,R2_F2_m-1f-1_P2_Y-1_U117,R2_F2_m-1f-1_P2_Y-1_U63,MXY,1,31.468334481292697,0,0,0.0,0,0,0,-9999.0,0.5,1,P1_CV0,1,0,2,0,2
2,2536859.926,708059.4624,R2_F2_m2f2_P2_Y0_UO129,R2_F2_m-1f-1_P2_Y-1_U117,R2_F2_m-1f-1_P2_Y-1_U63,FXX,1,31.468334481292697,0,0,0.0,0,0,0,-9999.0,0.5,1,P1_CV0,1,0,2,1,1
2,2536859.926,708059.4624,R2_F2_m2f2_P2_Y0_UO130,R2_F2_m-1f-1_P2_Y-1_U117,R2_F2_m-1f-1_P2_Y-1_U63,FXX,1,31.468334481292697,0,0,0.0,0,0,0,-9999.0,0.5,1,P1_CV0,1,0,2,1,1
2,2536859.926,708059.4624,R2_F2_m2f2_P2_Y0_UO131,R2_F2_m-1f-1_P2_Y-1_U117,R2_F2_m-1f-1_P2_Y-1_U63,MXY,1,31.468334481292697,0,0,0.0,0,0,0,-9999.0,0.5,1,P1_CV0,1,1,1,1,1
2,2536859.926,708059.4624,R2_F2_m2f2_P2_Y0_UO140,R2_F2_m-1f-1_P2_Y-1_U28,R2_F2_m-1f-1_P2_Y-1_U77,MXY,1,31.468334481292697,0,0,0.0,0,0,0,-9999.0,0.5,1,P1_CV0,1,1,1,1,1
2,2536859.926,708059.4624,R2_F2_m2f2_P2_Y0_UO141,R2_F2_m-1f-1_P2_Y-1_U28,R2_F2_m-1f-1_P2_Y-1_U77,MXY,1,31.468334481292697,0,0,0.0,0,0,0,-9999.0,0.5,1,P1_CV0,1,1,1,2,0
2,2536859.926,708059.4624,R2_F2_m2f2_P2_Y0_UO142,R2_F2_m-1f-1_P2_Y-1_U28,R2_F2_m-1f-1_P2_Y-1_U77,MXY,1,31.468334481292697,0,0,0.0,0,0,0,-9999.0,0.5,1,P1_CV0,1,1,1,2,0
2,2536859.926,708059.4624,R2_F2_m2f2_P2_Y0_UO143,R2_F2_m-1f-1_P2_Y-1_U28,R2_F2_m-1f-1_P2_Y-1_U77,MXY,1,31.468334481292697,0,0,0.0,0,0,0,-9999.0,0.5,1,P1_CV0,1,0,2,1,1
2,2536859.926,708059.4624,R2_F2_m2f2_P2_Y0_UO156,R2_F2_m-1f-1_P2_Y-1_U14,R2_F2_m-1f-1_P2_Y-1_U58,MXY,1,31.468334481292697,0,0,0.0,0,0,0,-9999.0,0.5,1,P1_CV0,1,2,0,1,1
2,2536859.926,708059.4624,R2_F2_m2f2_P2_Y0_UO157,R2_F2_m-1f-1_P2_Y-1_U14,R2_F2_m-1f-1_P2_Y-1_U58,MXY,1,31.468334481292697,0,0,0.0,0,0,0,-9999.0,0.5,1,P1_CV0,1,2,0,1,1
2,2536859.926,708059.4624,R2_F2_m2f2_P2_Y0_UO158,R2_F2_m-1f-1_P2_Y-1_U14,R2_F2_m-1f-1_P2_Y-1_U58,FXX,1,31.468334481292697,0,0,0.0,0,0,0,-9999.0,0.5,1,P1_CV0,1,1,1,1,1
2,2536859.926,708059.4624,R2_F2_m2f2_P2_Y0_UO159,R2_F2_m-1f-1_P2_Y-1_U14,R2_F2_m-1f-1_P2_Y-1_U58,FXX,1,31.468334481292697,0,0,0.0,0,0,0,-9999.0,0.5,1,P1_CV0,1,1,1,1,1
2,2536859.926,708059.4624,R2_F2_m2f2_P2_Y0_UO160,R2_F2_m-1f-1_P2_Y-1_U118,R2_F2_m-1f-1_P2_Y-1_U139,FXX,1,31.468334481292697,0,0,0.0,0,0,0,-9999.0,0.25,1,P1_CV0,1,0,2,1,1
2,2536859.926,708059.4624,R2_F2_m2f2_P2_Y0_UO161,R2_F2_m-1f-1_P2_Y-1_U118,R2_F2_m-1f-1_P2_Y-1_U139,MXY,1,31.468334481292697,0,0,0.0,0,0,0,-9999.0,0.25,1,P1_CV0,1,1,1,0,2
2,2536859.926,708059.4624,R2_F2_m2f2_P2_Y0_UO172,R2_F2_m-1f-1_P2_Y-1_U52,R2_F2_m-1f-1_P2_Y-1_U87,MXY,1,31.468334481292697,0,0,0.0,0,0,0,-9999.0,1.0,1,P1_CV0,1,1,1,1,1
2,2536859.926,708059.4624,R2_F2_m2f2_P2_Y0_UO173,R2_F2_m-1f-1_P2_Y-1_U52,R2_F2_m-1f-1_P2_Y-1_U87,MXY,1,31.468334481292697,0,0,0.0,0,0,0,-9999.0,1.0,1,P1_CV0,1,1,1,2,0
2,2536859.926,708059.4624,R2_F2_m2f2_P2_Y0_UO174,R2_F2_m-1f-1_P2_Y-1_U52,R2_F2_m-1f-1_P2_Y-1_U87,FXX,1,31.468334481292697,0,0,0.0,0,0,0,-9999.0,1.0,1,P1_CV0,1,1,1,1,1
2,2536859.926,708059.4624,R2_F2_m2f2_P2_Y0_UO215,R2_F2_m-1f-1_P2_Y-1_U69,R2_F2_m-1f-1_P2_Y-1_U77,FXX,1,31.468334481292697,0,0,0.0,0,0,0,-9999.0,0.25,1,P1_CV0,1,0,2,1,1
2,2536859.926,708059.4624,R2_F2_m2f2_P2_Y0_UO227,R2_F2_m-1f-1_P2_Y-1_U69,R2_F2_m-1f-1_P2_Y-1_U105,FXX,1,31.468334481292697,0,0,0.0,0,0,0,-9999.0,0.0,1,P1_CV0,1,0,2,2,0
2,2536859.926,708059.4624,R2_F2_m2f2_P2_Y0_UO228,R2_F2_m-1f-1_P2_Y-1_U69,R2_F2_m-1f-1_P2_Y-1_U105,FXX,1,31.468334481292697,0,0,0.0,0,0,0,-9999.0,0.0,1,P1_CV0,1,1,1,0,2
2,2536859.926,708059.4624,R2_F2_m2f2_P2_Y0_UO229,R2_F2_m-1f-1_P2_Y-1_U69,R2_F2_m-1f-1_P2_Y-1_U105,MXY,1,31.468334481292697,0,0,0.0,0,0,0,-9999.0,0.0,1,P1_CV0,1,2,0,1,1
2,2536859.926,708059.4624,R2_F2_m2f2_P2_Y0_UO266,R2_F2_m-1f-1_P2_Y-1_U117,R2_F2_m-1f-1_P2_Y-1_U49,MXY,1,31.468334481292697,0,0,0.0,0,0,0,-9999.0,0.5,1,P1_CV0,1,1,1,1,1
2,2536859.926,708059.4624,R2_F2_m2f2_P2_Y0_UO267,R2_F2_m-1f-1_P2_Y-1_U117,R2_F2_m-1f-1_P2_Y-1_U49,FXX,1,31.468334481292697,0,0,0.0,0,0,0,-9999.0,0.5,1,P1_CV0,1,0,2,1,1
2,2536859.926,708059.4624,R2_F2_m2f2_P2_Y0_UO268,R2_F2_m-1f-1_P2_Y-1_U117,R2_F2_m-1f-1_P2_Y-1_U49,FXX,1,31.468334481292697,0,0,0.0,0,0,0,-9999.0,0.5,1,P1_CV0,1,1,1,2,0
2,2536859.926,708059.4624,R2_F2_m2f2_P2_Y0_UO269,R2_F2_m-1f-1_P2_Y-1_U117,R2_F2_m-1f-1_P2_Y-1_U49,MXY,1,31.468334481292697,0,0,0.0,0,0,0,-9999.0,0.5,1,P1_CV0,1,2,0,0,2
2,2536859.926,708059.4624,R2_F2_m2f2_P2_Y0_UO290,R2_F2_m-1f-1_P2_Y-1_U14,R2_F2_m-1f-1_P2_Y-1_U92,FXX,1,31.468334481292697,0,0,0.0,0,0,0,-9999.0,0.5,1,P1_CV0,1,1,1,1,1
2,2536859.926,708059.4624,R2_F2_m2f2_P2_Y0_UO291,R2_F2_m-1f-1_P2_Y-1_U14,R2_F2_m-1f-1_P2_Y-1_U92,FXX,1,31.468334481292697,0,0,0.0,0,0,0,-9999.0,0.5,1,P1_CV0,1,1,1,1,1
2,2536859.926,708059.4624,R2_F2_m2f2_P2_Y0_UO292,R2_F2_m-1f-1_P2_Y-1_U14,R2_F2_m-1f-1_P2_Y-1_U92,FXX,1,31.468334481292697,0,0,0.0,0,0,0,-9999.0,0.5,1,P1_CV0,1,0,2,1,1
2,2536859.926,708059.4624,R2_F2_m2f2_P2_Y0_UO293,R2_F2_m-1f-1_P2_Y-1_U14,R2_F2_m-1f-1_P2_Y-1_U92,MXY,1,31.468334481292697,0,0,0.0,0,0,0,-9999.0,0.5,1,P1_CV0,1,2,0,0,2
2,2536859.926,708059.4624,R2_F2_m2f2_P2_Y0_UO316,R2_F2_m-1f-1_P2_Y-1_U7,R2_F2_m-1f-1_P2_Y-1_U94,MXY,1,31.468334481292697,0,0,0.0,0,0,0,-9999.0,0.0,1,P1_CV0,1,2,0,1,1
2,2536859.926,708059.4624,R2_F2_m2f2_P2_Y0_UO317,R2_F2_m-1f-1_P2_Y-1_U7,R2_F2_m-1f-1_P2_Y-1_U94,MXY,1,31.468334481292697,0,0,0.0,0,0,0,-9999.0,0.0,1,P1_CV0,1,2,0,1,1
2,2536859.926,708059.4624,R2_F2_m2f2_P2_Y0_UO318,R2_F2_m-1f-1_P2_Y-1_U7,R2_F2_m-1f-1_P2_Y-1_U94,FXX,1,31.468334481292697,0,0,0.0,0,0,0,-9999.0,0.0,1,P1_CV0,1,1,1,1,1
2,2536859.926,708059.4624,R2_F2_m2f2_P2_Y0_UO319,R2_F2_m-1f-1_P2_Y-1_U7,R2_F2_m-1f-1_P2_Y-1_U94,MXY,1,31.468334481292697,0,0,0.0,0,0,0,-9999.0,0.0,1,P1_CV0,1,0,2,2,0
2,2536859.926,708059.4624,R2_F2_m2f2_P2_Y0_UO320,R2_F2_m-1f-1_P2_Y-1_U7,R2_F2_m-1f-1_P2_Y-1_U94,FXX,1,31.468334481292697,0,0,0.0,0,0,0,-9999.0,0.0,1,P1_CV0,1,0,2,2,0
2,2536859.926,708059.4624,R2_F2_m2f2_P2_Y0_UO321,R2_F2_m-1f-1_P2_Y-1_U28,R2_F2_m-1f-1_P2_Y-1_U65,FXX,1,31.468334481292697,0,0,0.0,0,0,0,-9999.0,0.75,1,P1_CV0,1,1,1,1,1
2,2536859.926,708059.4624,R2_F2_m2f2_P2_Y0_UO322,R2_F2_m-1f-1_P2_Y-1_U28,R2_F2_m-1f-1_P2_Y-1_U65,MXY,1,31.468334481292697,0,0,0.0,0,0,0,-9999.0,0.75,1,P1_CV0,1,1,1,0,2
2,2536859.926,708059.4624,R2_F2_m2f2_P2_Y0_UO323,R2_F2_m-1f-1_P2_Y-1_U28,R2_F2_m-1f-1_P2_Y-1_U65,MXY,1,31.468334481292697,0,0,0.0,0,0,0,-9999.0,0.75,1,P1_CV0,1,1,1,0,2
2,2536859.926,708059.4624,R2_F2_m2f2_P2_Y0_UO332,R2_F2_m-1f-1_P2_Y-1_U117,R2_F2_m-1f-1_P2_Y-1_U34,MXY,1,31.468334481292697,0,0,0.0,0,0,0,-9999.0,0.5,1,P1_CV0,1,1,1,1,1
2,2536859.926,708059.4624,R2_F2_m2f2_P2_Y0_UO333,R2_F2_m-1f-1_P2_Y-1_U117,R2_F2_m-1f-1_P2_Y-1_U34,MXY,1,31.468334481292697,0,0,0.0,0,0,0,-9999.0,0.5,1,P1_CV0,1,1,1,1,1
2,2536859.926,708059.4624,R2_F2_m2f2_P2_Y0_UO345,R2_F2_m-1f-1_P2_Y-1_U79,R2_F2_m-1f-1_P2_Y-1_U33,MXY,1,31.468334481292697,0,0,0.0,0,0,0,-9999.0,0.75,1,P1_CV0,1,1,1,1,1
2,2536859.926,708059.4624,R2_F2_m2f2_P2_Y0_UO359,R2_F2_m-1f-1_P2_Y-1_U7,R2_F2_m-1f-1_P2_Y-1_U63,FXX,1,31.468334481292697,0,0,0.0,0,0,0,-9999.0,0.25,1,P1_CV0,1,0,2,0,2
2,2536859.926,708059.4624,R2_F2_m2f2_P2_Y0_UO360,R2_F2_m-1f-1_P2_Y-1_U7,R2_F2_m-1f-1_P2_Y-1_U63,MXY,1,31.468334481292697,0,0,0.0,0,0,0,-9999.0,0.25,1,P1_CV0,1,1,1,1,1
2,2536859.926,708059.4624,R2_F2_m2f2_P2_Y0_UO361,R2_F2_m-1f-1_P2_Y-1_U7,R2_F2_m-1f-1_P2_Y-1_U63,FXX,1,31.468334481292697,0,0,0.0,0,0,0,-9999.0,0.25,1,P1_CV0,1,1,1,0,2
2,2536859.926,708059.4624,R2_F2_m2f2_P2_Y0_UO362,R2_F2_m-1f-1_P2_Y-1_U7,R2_F2_m-1f-1_P2_Y-1_U63,MXY,1,31.468334481292697,0,0,0.0,0,0,0,-9999.0,0.25,1,P1_CV0,1,1,1,1,1
2,2536859.926,708059.4624,R2_F2_m2f2_P2_Y0_UO363,R2_F2_m-1f-1_P2_Y-1_U7,R2_F2_m-1f-1_P2_Y-1_U63,FXX,1,31.468334481292697,0,0,0.0,0,0,0,-9999.0,0.25,1,P1_CV0,1,0,2,2,0
2,2536859.926,708059.4624,R2_F2_m2f2_P2_Y0_UO416,R2_F2_m-1f-1_P2_Y-1_U51,R2_F2_m-1f-1_P2_Y-1_U120,MXY,1,31.468334481292697,0,0,0.0,0,0,0,-9999.0,0.75,1,P1_CV0,1,2,0,2,0
2,2536859.926,708059.4624,R2_F2_m2f2_P2_Y0_UO417,R2_F2_m-1f-1_P2_Y-1_U51,R2_F2_m-1f-1_P2_Y-1_U120,FXX,1,31.468334481292697,0,0,0.0,0,0,0,-9999.0,0.75,1,P1_CV0,1,1,1,0,2
2,2536859.926,708059.4624,R2_F2_m2f2_P2_Y0_UO418,R2_F2_m-1f-1_P2_Y-1_U51,R2_F2_m-1f-1_P2_Y-1_U120,MXY,1,31.468334481292697,0,0,0.0,0,0,0,-9999.0,0.75,1,P1_CV0,1,1,1,1,1
2,2536859.926,708059.4624,R2_F2_m2f2_P2_Y0_UO419,R2_F2_m-1f-1_P2_Y-1_U51,R2_F2_m-1f-1_P2_Y-1_U120,FXX,1,31.468334481292697,0,0,0.0,0,0,0,-9999.0,0.75,1,P1_CV0,1,1,1,1,1
2,2536859.926,708059.4624,R2_F2_m2f2_P2_Y0_UO420,R2_F2_m-1f-1_P2_Y-1_U51,R2_F2_m-1f-1_P2_Y-1_U120,FXX,1,31.468334481292697,0,0,0.0,0,0,0,-9999.0,0.75,1,P1_CV0,1,1,1,1,1
2,2536859.926,708059.4624,R2_F2_m2f2_P2_Y0_UO425,R2_F2_m-1f-1_P2_Y-1_U52,R2_F2_m-1f-1_P2_Y-1_U124,MXY,1,31.468334481292697,0,0,0.0,0,0,0,-9999.0,0.75,1,P1_CV0,1,2,0,2,0
2,2536859.926,708059.4624,R2_F2_m2f2_P2_Y0_UO426,R2_F2_m-1f-1_P2_Y-1_U52,R2_F2_m-1f-1_P2_Y-1_U124,FXX,1,31.468334481292697,0,0,0.0,0,0,0,-9999.0,0.75,1,P1_CV0,1,2,0,0,2
2,2536859.926,708059.4624,R2_F2_m2f2_P2_Y0_UO427,R2_F2_m-1f-1_P2_Y-1_U52,R2_F2_m-1f-1_P2_Y-1_U124,MXY,1,31.468334481292697,0,0,0.0,0,0,0,-9999.0,0.75,1,P1_CV0,1,1,1,0,2
2,2536859.926,708059.4624,R2_F2_m2f2_P2_Y0_UO455,R2_F2_m-1f-1_P2_Y-1_U84,R2_F2_m-1f-1_P2_Y-1_U8,FXX,1,31.468334481292697,0,0,0.0,0,0,0,-9999.0,0.25,1,P1_CV0,1,1,1,0,2
2,2536859.926,708059.4624,R2_F2_m2f2_P2_Y0_UO456,R2_F2_m-1f-1_P2_Y-1_U84,R2_F2_m-1f-1_P2_Y-1_U8,MXY,1,31.468334481292697,0,0,0.0,0,0,0,-9999.0,0.25,1,P1_CV0,1,1,1,0,2
2,2536859.926,708059.4624,R2_F2_m2f2_P2_Y0_UO457,R2_F2_m-1f-1_P2_Y-1_U84,R2_F2_m-1f-1_P2_Y-1_U8,FXX,1,31.468334481292697,0,0,0.0,0,0,0,-9999.0,0.25,1,P1_CV0,1,0,2,1,1
2,2536859.926,708059.4624,R2_F2_m2f2_P2_Y0_UO489,R2_F2_m-1f-1_P2_Y-1_U52,R2_F2_m-1f-1_P2_Y-1_U55,FXX,1,31.468334481292697,0,0,0.0,0,0,0,-9999.0,0.75,1,P1_CV0,1,1,1,0,2
2,2536859.926,708059.4624,R2_F2_m2f2_P2_Y0_UO490,R2_F2_m-1f-1_P2_Y-1_U52,R2_F2_m-1f-1_P2_Y-1_U55,MXY,1,31.468334481292697,0,0,0.0,0,0,0,-9999.0,0.75,1,P1_CV0,1,1,1,1,1
2,2536859.926,708059.4624,R2_F2_m2f2_P2_Y0_UO499,R2_F2_m-1f-1_P2_Y-1_U84,R2_F2_m-1f-1_P2_Y-1_U63,MXY,1,31.468334481292697,0,0,0.0,0,0,0,-9999.0,0.25,1,P1_CV0,1,0,2,2,0
2,2536859.926,708059.4624,R2_F2_m2f2_P2_Y0_UO500,R2_F2_m-1f-1_P2_Y-1_U84,R2_F2_m-1f-1_P2_Y-1_U63,MXY,1,31.468334481292697,0,0,0.0,0,0,0,-9999.0,0.25,1,P1_CV0,1,0,2,2,0
2,2536859.926,708059.4624,R2_F2_m2f2_P2_Y0_UO501,R2_F2_m-1f-1_P2_Y-1_U84,R2_F2_m-1f-1_P2_Y-1_U63,MXY,1,31.468334481292697,0,0,0.0,0,0,0,-9999.0,0.25,1,P1_CV0,1,0,2,0,2
2,2536859.926,708059.4624,R2_F2_m2f2_P2_Y0_UO502,R2_F2_m-1f-1_P2_Y-1_U84,R2_F2_m-1f-1_P2_Y-1_U63,MXY,1,31.468334481292697,0,0,0.0,0,0,0,-9999.0,0.25,1,P1_CV0,1,0,2,1,1
2,2536859.926,708059.4624,R2_F2_m2f2_P2_Y0_UO503,R2_F2_m-1f-1_P2_Y-1_U84,R2_F2_m-1f-1_P2_Y-1_U63,MXY,1,31.468334481292697,0,0,0.0,0,0,0,-9999.0,0.25,1,P1_CV0,1,2,0,0,2
2,2536859.926,708059.4624,R2_F2_m2f2_P2_Y0_UO504,R2_F2_m-1f-1_P2_Y-1_U84,R2_F2_m-1f-1_P2_Y-1_U63,FXX,1,31.468334481292697,0,0,0.0,0,0,0,-9999.0,0.25,1,P1_CV0,1,0,2,2,0
2,2536859.926,708059.4624,R2_F2_m2f2_P2_Y0_UO506,R2_F2_m-1f-1_P2_Y-1_U7,R2_F2_m-1f-1_P2_Y-1_U139,MXY,1,31.468334481292697,0,0,0.0,0,0,0,-9999.0,0.25,1,P1_CV0,1,1,1,1,1
2,2536859.926,708059.4624,R2_F2_m2f2_P2_Y0_UO507,R2_F2_m-1f-1_P2_Y-1_U7,R2_F2_m-1f-1_P2_Y-1_U139,FXX,1,31.468334481292697,0,0,0.0,0,0,0,-9999.0,0.25,1,P1_CV0,1,1,1,1,1
2,2536859.926,708059.4624,R2_F2_m2f2_P2_Y0_UO508,R2_F2_m-1f-1_P2_Y-1_U7,R2_F2_m-1f-1_P2_Y-1_U139,MXY,1,31.468334481292697,0,0,0.0,0,0,0,-9999.0,0.25,1,P1_CV0,1,1,1,0,2
2,2536859.926,708059.4624,R2_F2_m2f2_P2_Y0_UO509,R2_F2_m-1f-1_P2_Y-1_U7,R2_F2_m-1f-1_P2_Y-1_U139,FXX,1,31.468334481292697,0,0,0.0,0,0,0,-9999.0,0.25,1,P1_CV0,1,1,1,2,0
2,2536859.926,708059.4624,R2_F2_m2f2_P2_Y0_UO510,R2_F2_m-1f-1_P2_Y-1_U7,R2_F2_m-1f-1_P2_Y-1_U139,FXX,1,31.468334481292697,0,0,0.0,0,0,0,-9999.0,0.25,1,P1_CV0,1,0,2,1,1
2,2536859.926,708059.4624,R2_F2_m2f2_P2_Y0_UO511,R2_F2_m-1f-1_P2_Y-1_U7,R2_F2_m-1f-1_P2_Y-1_U139,FXX,1,31.468334481292697,0,0,0.0,0,0,0,-9999.0,0.25,1,P1_CV0,1,1,1,0,2
2,2536859.926,708059.4624,R2_F2_m2f2_P2_Y0_UO512,R2_F2_m-1f-1_P2_Y-1_U7,R2_F2_m-1f-1_P2_Y-1_U139,FXX,1,31.468334481292697,0,0,0.0,0,0,0,-9999.0,0.25,1,P1_CV0,1,2,0,2,0
2,2536859.926,708059.4624,R2_F2_m2f2_P2_Y0_UO513,R2_F2_m-1f-1_P2_Y-1_U7,R2_F2_m-1f-1_P2_Y-1_U139,MXY,1,31.468334481292697,0,0,0.0,0,0,0,-9999.0,0.25,1,P1_CV0,1,1,1,0,2
2,2536859.926,708059.4624,R2_F2_m2f2_P2_Y0_UO519,R2_F2_m-1f-1_P2_Y-1_U103,R2_F2_m-1f-1_P2_Y-1_U113,FXX,1,31.468334481292697,0,0,0.0,0,0,0,-9999.0,0.75,1,P1_CV0,1,0,2,1,1
2,2536859.926,708059.4624,R2_F2_m2f2_P2_Y0_UO520,R2_F2_m-1f-1_P2_Y-1_U103,R2_F2_m-1f-1_P2_Y-1_U113,FXX,1,31.468334481292697,0,0,0.0,0,0,0,-9999.0,0.75,1,P1_CV0,1,0,2,2,0
2,2536859.926,708059.4624,R2_F2_m2f2_P2_Y0_UO521,R2_F2_m-1f-1_P2_Y-1_U103,R2_F2_m-1f-1_P2_Y-1_U113,FXX,1,31.468334481292697,0,0,0.0,0,0,0,-9999.0,0.75,1,P1_CV0,1,2,0,2,0
2,2536859.926,708059.4624,R2_F2_m2f2_P2_Y0_UO532,R2_F2_m-1f-1_P2_Y-1_U136,R2_F2_m-1f-1_P2_Y-1_U8,FXX,1,31.468334481292697,0,0,0.0,0,0,0,-9999.0,0.5,1,P1_CV0,1,2,0,1,1
2,2536859.926,708059.4624,R2_F2_m2f2_P2_Y0_UO533,R2_F2_m-1f-1_P2_Y-1_U136,R2_F2_m-1f-1_P2_Y-1_U8,FXX,1,31.468334481292697,0,0,0.0,0,0,0,-9999.0,0.5,1,P1_CV0,1,1,1,2,0
2,2536859.926,708059.4624,R2_F2_m2f2_P2_Y0_UO534,R2_F2_m-1f-1_P2_Y-1_U136,R2_F2_m-1f-1_P2_Y-1_U8,FXX,1,31.468334481292697,0,0,0.0,0,0,0,-9999.0,0.5,1,P1_CV0,1,1,1,0,2
2,2536859.926,708059.4624,R2_F2_m2f2_P2_Y0_UO535,R2_F2_m-1f-1_P2_Y-1_U136,R2_F2_m-1f-1_P2_Y-1_U8,FXX,1,31.468334481292697,0,0,0.0,0,0,0,-9999.0,0.5,1,P1_CV0,1,1,1,1,1
2,2536859.926,708059.4624,R2_F2_m2f2_P2_Y0_UO536,R2_F2_m-1f-1_P2_Y-1_U136,R2_F2_m-1f-1_P2_Y-1_U8,MXY,1,31.468334481292697,0,0,0.0,0,0,0,-9999.0,0.5,1,P1_CV0,1,1,1,2,0
2,2536859.926,708059.4624,R2_F2_m2f2_P2_Y0_UO541,R2_F2_m-1f-1_P2_Y-1_U79,R2_F2_m-1f-1_P2_Y-1_U77,MXY,1,31.468334481292697,0,0,0.0,0,0,0,-9999.0,0.5,1,P1_CV0,1,1,1,1,1
2,2536859.926,708059.4624,R2_F2_m2f2_P2_Y0_UO569,R2_F2_m-1f-1_P2_Y-1_U107,R2_F2_m-1f-1_P2_Y-1_U132,MXY,1,31.468334481292697,0,0,0.0,0,0,0,-9999.0,0.75,1,P1_CV0,1,1,1,1,1
2,2536859.926,708059.4624,R2_F2_m2f2_P2_Y0_UO570,R2_F2_m-1f-1_P2_Y-1_U107,R2_F2_m-1f-1_P2_Y-1_U132,MXY,1,31.468334481292697,0,0,0.0,0,0,0,-9999.0,0.75,1,P1_CV0,1,1,1,1,1
2,2536859.926,708059.4624,R2_F2_m2f2_P2_Y0_UO580,R2_F2_m-1f-1_P2_Y-1_U14,R2_F2_m-1f-1_P2_Y-1_U105,MXY,1,31.468334481292697,0,0,0.0,0,0,0,-9999.0,0.0,1,P1_CV0,1,0,2,0,2
2,2536859.926,708059.4624,R2_F2_m2f2_P2_Y0_UO581,R2_F2_m-1f-1_P2_Y-1_U14,R2_F2_m-1f-1_P2_Y-1_U105,MXY,1,31.468334481292697,0,0,0.0,0,0,0,-9999.0,0.0,1,P1_CV0,1,1,1,1,1
2,2536859.926,708059.4624,R2_F2_m2f2_P2_Y0_UO582,R2_F2_m-1f-1_P2_Y-1_U14,R2_F2_m-1f-1_P2_Y-1_U105,MXY,1,31.468334481292697,0,0,0.0,0,0,0,-9999.0,0.0,1,P1_CV0,1,0,2,0,2
2,2536859.926,708059.4624,R2_F2_m2f2_P2_Y0_UO583,R2_F2_m-1f-1_P2_Y-1_U14,R2_F2_m-1f-1_P2_Y-1_U105,MXY,1,31.468334481292697,0,0,0.0,0,0,0,-9999.0,0.0,1,P1_CV0,1,1,1,0,2
2,2536859.926,708059.4624,R2_F2_m2f2_P2_Y0_UO584,R2_F2_m-1f-1_P2_Y-1_U14,R2_F2_m-1f-1_P2_Y-1_U105,MXY,1,31.468334481292697,0,0,0.0,0,0,0,-9999.0,0.0,1,P1_CV0,1,2,0,2,0
2,2536859.926,708059.4624,R2_F2_m2f2_P2_Y0_UO585,R2_F2_m-1f-1_P2_Y-1_U14,R2_F2_m-1f-1_P2_Y-1_U105,MXY,1,31.468334481292697,0,0,0.0,0,0,0,-9999.0,0.0,1,P1_CV0,1,1,1,0,2
2,2536859.926,708059.4624,R2_F2_m2f2_P2_Y0_UO615,R2_F2_m-1f-1_P2_Y-1_U28,R2_F2_m-1f-1_P2_Y-1_U120,FXX,1,31.468334481292697,0,0,0.0,0,0,0,-9999.0,0.5,1,P1_CV0,1,1,1,2,0
2,2536859.926,708059.4624,R2_F2_m2f2_P2_Y0_UO616,R2_F2_m-1f-1_P2_Y-1_U28,R2_F2_m-1f-1_P2_Y-1_U120,MXY,1,31.468334481292697,0,0,0.0,0,0,0,-9999.0,0.5,1,P1_CV0,1,1,1,1,1
2,2536859.926,708059.4624,R2_F2_m2f2_P2_Y0_UO617,R2_F2_m-1f-1_P2_Y-1_U28,R2_F2_m-1f-1_P2_Y-1_U120,FXX,1,31.468334481292697,0,0,0.0,0,0,0,-9999.0,0.5,1,P1_CV0,1,2,0,0,2
2,2536859.926,708059.4624,R2_F2_m2f2_P2_Y0_UO618,R2_F2_m-1f-1_P2_Y-1_U28,R2_F2_m-1f-1_P2_Y-1_U120,FXX,1,31.468334481292697,0,0,0.0,0,0,0,-9999.0,0.5,1,P1_CV0,1,2,0,1,1
2,2536859.926,708059.4624,R2_F2_m2f2_P2_Y0_UO625,R2_F2_m-1f-1_P2_Y-1_U107,R2_F2_m-1f-1_P2_Y-1_U24,FXX,1,31.468334481292697,0,0,0.0,0,0,0,-9999.0,0.75,1,P1_CV0,1,2,0,1,1
2,2536859.926,708059.4624,R2_F2_m2f2_P2_Y0_UO626,R2_F2_m-1f-1_P2_Y-1_U107,R2_F2_m-1f-1_P2_Y-1_U24,FXX,1,31.468334481292697,0,0,0.0,0,0,0,-9999.0,0.75,1,P1_CV0,1,1,1,2,0
2,2536859.926,708059.4624,R2_F2_m2f2_P2_Y0_UO627,R2_F2_m-1f-1_P2_Y-1_U60,R2_F2_m-1f-1_P2_Y-1_U139,MXY,1,31.468334481292697,0,0,0.0,0,0,0,-9999.0,0.5,1,P1_CV0,1,1,1,0,2
2,2536859.926,708059.4624,R2_F2_m2f2_P2_Y0_UO628,R2_F2_m-1f-1_P2_Y-1_U60,R2_F2_m-1f-1_P2_Y-1_U139,MXY,1,31.468334481292697,0,0,0.0,0,0,0,-9999.0,0.5,1,P1_CV0,1,1,1,1,1
2,2536859.926,708059.4624,R2_F2_m2f2_P2_Y0_UO670,R2_F2_m-1f-1_P2_Y-1_U107,R2_F2_m-1f-1_P2_Y-1_U92,MXY,1,31.468334481292697,0,0,0.0,0,0,0,-9999.0,0.75,1,P1_CV0,1,0,2,1,1
2,2536859.926,708059.4624,R2_F2_m2f2_P2_Y0_UO671,R2_F2_m-1f-1_P2_Y-1_U36,R2_F2_m-1f-1_P2_Y-1_U132,FXX,1,31.468334481292697,0,0,0.0,0,0,0,-9999.0,0.5,1,P1_CV0,1,0,2,2,0
2,2536859.926,708059.4624,R2_F2_m2f2_P2_Y0_UO672,R2_F2_m-1f-1_P2_Y-1_U36,R2_F2_m-1f-1_P2_Y-1_U132,MXY,1,31.468334481292697,0,0,0.0,0,0,0,-9999.0,0.5,1,P1_CV0,1,0,2,1,1
2,2536859.926,708059.4624,R2_F2_m2f2_P2_Y0_UO673,R2_F2_m-1f-1_P2_Y-1_U36,R2_F2_m-1f-1_P2_Y-1_U132,FXX,1,31.468334481292697,0,0,0.0,0,0,0,-9999.0,0.5,1,P1_CV0,1,2,0,2,0
2,2536859.926,708059.4624,R2_F2_m2f2_P2_Y0_UO722,R2_F2_m-1f-1_P2_Y-1_U134,R2_F2_m-1f-1_P2_Y-1_U125,FXX,1,31.468334481292697,0,0,0.0,0,0,0,-9999.0,0.5,1,P1_CV0,1,2,0,2,0
2,2536859.926,708059.4624,R2_F2_m2f2_P2_Y0_UO723,R2_F2_m-1f-1_P2_Y-1_U134,R2_F2_m-1f-1_P2_Y-1_U125,FXX,1,31.468334481292697,0,0,0.0,0,0,0,-9999.0,0.5,1,P1_CV0,1,1,1,2,0
2,2536859.926,708059.4624,R2_F2_m2f2_P2_Y0_UO724,R2_F2_m-1f-1_P2_Y-1_U134,R2_F2_m-1f-1_P2_Y-1_U125,FXX,1,31.468334481292697,0,0,0.0,0,0,0,-9999.0,0.5,1,P1_CV0,1,1,1,1,1
2,2536859.926,708059.4624,R2_F2_m2f2_P2_Y0_UO725,R2_F2_m-1f-1_P2_Y-1_U134,R2_F2_m-1f-1_P2_Y-1_U125,MXY,1,31.468334481292697,0,0,0.0,0,0,0,-9999.0,0.5,1,P1_CV0,1,1,1,1,1
2,2536859.926,708059.4624,R2_F2_m2f2_P2_Y0_UO726,R2_F2_m-1f-1_P2_Y-1_U134,R2_F2_m-1f-1_P2_Y-1_U125,FXX,1,31.468334481292697,0,0,0.0,0,0,0,-9999.0,0.5,1,P1_CV0,1,0,2,2,0
2,2536859.926,708059.4624,R2_F2_m2f2_P2_Y0_UO731,R2_F2_m-1f-1_P2_Y-1_U137,R2_F2_m-1f-1_P2_Y-1_U55,FXX,1,31.468334481292697,0,0,0.0,0,0,0,-9999.0,0.5,1,P1_CV0,1,1,1,1,1
2,2536859.926,708059.4624,R2_F2_m2f2_P2_Y0_UO732,R2_F2_m-1f-1_P2_Y-1_U137,R2_F2_m-1f-1_P2_Y-1_U55,MXY,1,31.468334481292697,0,0,0.0,0,0,0,-9999.0,0.5,1,P1_CV0,1,1,1,1,1
2,2536859.926,708059.4624,R2_F2_m2f2_P2_Y0_UO800,R2_F2_m-1f-1_P2_Y-1_U14,R2_F2_m-1f-1_P2_Y-1_U49,MXY,1,31.468334481292697,0,0,0.0,0,0,0,-9999.0,0.25,1,P1_CV0,1,0,2,1,1
2,2536859.926,708059.4624,R2_F2_m2f2_P2_Y0_UO801,R2_F2_m-1f-1_P2_Y-1_U14,R2_F2_m-1f-1_P2_Y-1_U49,FXX,1,31.468334481292697,0,0,0.0,0,0,0,-9999.0,0.25,1,P1_CV0,1,1,1,1,1
2,2536859.926,708059.4624,R2_F2_m2f2_P2_Y0_UO802,R2_F2_m-1f-1_P2_Y-1_U14,R2_F2_m-1f-1_P2_Y-1_U49,MXY,1,31.468334481292697,0,0,0.0,0,0,0,-9999.0,0.25,1,P1_CV0,1,1,1,1,1
2,2536859.926,708059.4624,R2_F2_m2f2_P2_Y0_UO803,R2_F2_m-1f-1_P2_Y-1_U14,R2_F2_m-1f-1_P2_Y-1_U49,MXY,1,31.468334481292697,0,0,0.0,0,0,0,-9999.0,0.25,1,P1_CV0,1,2,0,1,1
2,2536859.926,708059.4624,R2_F2_m2f2_P2_Y0_UO804,R2_F2_m-1f-1_P2_Y-1_U14,R2_F2_m-1f-1_P2_Y-1_U49,FXX,1,31.468334481292697,0,0,0.0,0,0,0,-9999.0,0.25,1,P1_CV0,1,1,1,0,2
2,2536859.926,708059.4624,R2_F2_m-1f-1_P2_Y-1_U0,-9999,-9999,MXY,2,31.96817364463997,1,0,0.0,0,0,0,-9999.0,0.5,1,P1_CV0,1,1,1,1,1
2,2536859.926,708059.4624,R2_F2_m-1f-1_P2_Y-1_U1,-9999,-9999,MXY,2,31.96817364463997,1,0,0.0,0,0,0,-9999.0,0.5,1,P1_CV0,1,1,1,2,0
2,2536859.926,708059.4624,R2_F2_m-1f-1_P2_Y-1_U4,-9999,-9999,FXX,2,31.96817364463997,1,0,0.0,0,0,0,-9999.0,0.5,1,P1_CV0,1,1,1,1,1
2,2536859.926,708059.4624,R2_F2_m-1f-1_P2_Y-1_U5,-9999,-9999,MXY,2,31.96817364463997,1,0,0.0,0,0,0,-9999.0,0.5,1,P1_CV0,1,1,1,1,1
2,2536859.926,708059.4624,R2_F2_m-1f-1_P2_Y-1_U6,-9999,-9999,MXY,2,31.96817364463997,1,0,0.0,0,0,0,-9999.0,0.5,1,P1_CV0,1,1,1,0,2
2,2536859.926,708059.4624,R2_F2_m-1f-1_P2_Y-1_U9,-9999,-9999,FXX,2,31.96817364463997,1,0,0.0,0,0,0,-9999.0,1.0,1,P1_CV0,1,2,0,2,0
2,2536859.926,708059.4624,R2_F2_m-1f-1_P2_Y-1_U10,-9999,-9999,FXX,2,31.96817364463997,1,0,1.0,0,0,0,-9999.0,0.5,1,P1_CV0,1,1,1,0,2
2,2536859.926,708059.4624,R2_F2_m-1f-1_P2_Y-1_U11,-9999,-9999,MXY,2,31.96817364463997,1,0,0.0,0,0,0,-9999.0,0.5,1,P1_CV0,1,1,1,2,0
2,2536859.926,708059.4624,R2_F2_m-1f-1_P2_Y-1_U12,-9999,-9999,MXY,2,31.96817364463997,1,0,0.0,0,0,0,-9999.0,1.0,1,P1_CV0,1,2,0,1,1
2,2536859.926,708059.4624,R2_F2_m-1f-1_P2_Y-1_U15,-9999,-9999,FXX,2,31.96817364463997,1,0,1.327,0,0,0,-9999.0,1.0,1,P1_CV0,1,2,0,1,1
2,2536859.926,708059.4624,R2_F2_m-1f-1_P2_Y-1_U16,-9999,-9999,FXX,2,31.96817364463997,1,0,0.0,0,0,0,-9999.0,0.5,1,P1_CV0,1,1,1,2,0
2,2536859.926,708059.4624,R2_F2_m-1f-1_P2_Y-1_U17,-9999,-9999,MXY,2,31.96817364463997,1,0,0.0,0,0,0,-9999.0,1.0,1,P1_CV0,1,2,0,1,1
2,2536859.926,708059.4624,R2_F2_m-1f-1_P2_Y-1_U18,-9999,-9999,MXY,2,31.96817364463997,1,0,0.0,0,0,0,-9999.0,0.0,1,P1_CV0,1,0,2,0,2
2,2536859.926,708059.4624,R2_F2_m-1f-1_P2_Y-1_U20,-9999,-9999,MXY,2,31.96817364463997,1,0,0.0,0,0,0,-9999.0,1.0,1,P1_CV0,1,2,0,2,0
2,2536859.926,708059.4624,R2_F2_m-1f-1_P2_Y-1_U21,-9999,-9999,MXY,2,31.96817364463997,1,0,0.0,0,0,0,-9999.0,0.5,1,P1_CV0,1,1,1,1,1
2,2536859.926,708059.4624,R2_F2_m-1f-1_P2_Y-1_U23,-9999,-9999,FXX,2,31.96817364463997,1,0,1.0,0,0,0,-9999.0,0.5,1,P1_CV0,1,1,1,0,2
2,2536859.926,708059.4624,R2_F2_m-1f-1_P2_Y-1_U25,-9999,-9999,MXY,2,31.96817364463997,1,0,0.0,0,0,0,-9999.0,0.5,1,P1_CV0,1,1,1,2,0
2,2536859.926,708059.4624,R2_F2_m-1f-1_P2_Y-1_U27,-9999,-9999,FXX,2,31.96817364463997,1,0,0.0,0,0,0,-9999.0,0.5,1,P1_CV0,1,1,1,2,0
2,2536859.926,708059.4624,R2_F2_m-1f-1_P2_Y-1_U29,-9999,-9999,FXX,2,31.96817364463997,1,0,1.0,0,0,0,-9999.0,1.0,1,P1_CV0,1,2,0,1,1
2,2536859.926,708059.4624,R2_F2_m-1f-1_P2_Y-1_U30,-9999,-9999,FXX,2,31.96817364463997,1,0,1.233,0,0,0,-9999.0,0.0,1,P1_CV0,1,0,2,2,0
2,2536859.926,708059.4624,R2_F2_m-1f-1_P2_Y-1_U31,-9999,-9999,FXX,2,31.96817364463997,1,0,1.725,0,0,0,-9999.0,0.0,1,P1_CV0,1,0,2,0,2
2,2536859.926,708059.4624,R2_F2_m-1f-1_P2_Y-1_U32,-9999,-9999,FXX,2,31.96817364463997,1,0,1.0,0,0,0,-9999.0,0.5,1,P1_CV0,1,1,1,0,2
2,2536859.926,708059.4624,R2_F2_m-1f-1_P2_Y-1_U35,-9999,-9999,MXY,2,31.96817364463997,1,0,0.0,0,0,0,-9999.0,0.0,1,P1_CV0,1,0,2,0,2
2,2536859.926,708059.4624,R2_F2_m-1f-1_P2_Y-1_U37,-9999,-9999,FXX,2,31.96817364463997,1,0,1.092,0,0,0,-9999.0,1.0,1,P1_CV0,1,2,0,1,1
2,2536859.926,708059.4624,R2_F2_m-1f-1_P2_Y-1_U38,-9999,-9999,MXY,2,31.96817364463997,1,0,0.0,0,0,0,-9999.0,0.5,1,P1_CV0,1,1,1,0,2
2,2536859.926,708059.4624,R2_F2_m-1f-1_P2_Y-1_U39,-9999,-9999,MXY,2,31.96817364463997,1,0,0.0,0,0,0,-9999.0,0.5,1,P1_CV0,1,1,1,1,1
2,2536859.926,708059.4624,R2_F2_m-1f-1_P2_Y-1_U40,-9999,-9999,FXX,2,31.96817364463997,1,0,1.0,0,0,0,-9999.0,0.0,1,P1_CV0,1,0,2,1,1
2,2536859.926,708059.4624,R2_F2_m-1f-1_P2_Y-1_U41,-9999,-9999,FXX,2,31.96817364463997,1,0,1.038,0,0,0,-9999.0,0.5,1,P1_CV0,1,1,1,0,2
2,2536859.926,708059.4624,R2_F2_m-1f-1_P2_Y-1_U43,-9999,-9999,FXX,2,31.96817364463997,1,0,1.856,0,0,0,-9999.0,0.5,1,P1_CV0,1,1,1,2,0
2,2536859.926,708059.4624,R2_F2_m-1f-1_P2_Y-1_U45,-9999,-9999,FXX,2,31.96817364463997,1,0,0.0,0,0,0,-9999.0,0.5,1,P1_CV0,1,1,1,1,1
2,2536859.926,708059.4624,R2_F2_m-1f-1_P2_Y-1_U47,-9999,-9999,MXY,2,31.96817364463997,1,0,0.0,0,0,0,-9999.0,0.5,1,P1_CV0,1,1,1,1,1
2,2536859.926,708059.4624,R2_F2_m-1f-1_P2_Y-1_U50,-9999,-9999,FXX,2,31.96817364463997,1,0,0.0,0,0,0,-9999.0,0.0,1,P1_CV0,1,0,2,1,1
2,2536859.926,708059.4624,R2_F2_m-1f-1_P2_Y-1_U53,-9999,-9999,MXY,2,31.96817364463997,1,0,0.0,0,0,0,-9999.0,0.5,1,P1_CV0,1,1,1,1,1
2,2536859.926,708059.4624,R2_F2_m-1f-1_P2_Y-1_U54,-9999,-9999,MXY,2,31.96817364463997,1,0,0.0,0,0,0,-9999.0,0.0,1,P1_CV0,1,0,2,0,2
2,2536859.926,708059.4624,R2_F2_m-1f-1_P2_Y-1_U56,-9999,-9999,MXY,2,31.96817364463997,1,0,0.0,0,0,0,-9999.0,1.0,1,P1_CV0,1,2,0,1,1
2,2536859.926,708059.4624,R2_F2_m-1f-1_P2_Y-1_U57,-9999,-9999,FXX,2,31.96817364463997,1,0,1.293,0,0,0,-9999.0,0.5,1,P1_CV0,1,1,1,1,1
2,2536859.926,708059.4624,R2_F2_m-1f-1_P2_Y-1_U59,-9999,-9999,MXY,2,31.96817364463997,1,0,0.0,0,0,0,-9999.0,0.5,1,P1_CV0,1,1,1,1,1
2,2536859.926,708059.4624,R2_F2_m-1f-1_P2_Y-1_U61,-9999,-9999,MXY,2,31.96817364463997,1,0,0.0,0,0,0,-9999.0,1.0,1,P1_CV0,1,2,0,0,2
2,2536859.926,708059.4624,R2_F2_m-1f-1_P2_Y-1_U62,-9999,-9999,MXY,2,31.96817364463997,1,0,0.0,0,0,0,-9999.0,0.5,1,P1_CV0,1,1,1,0,2
2,2536859.926,708059.4624,R2_F2_m-1f-1_P2_Y-1_U68,-9999,-9999,MXY,2,31.96817364463997,1,0,0.0,0,0,0,-9999.0,1.0,1,P1_CV0,1,2,0,0,2
2,2536859.926,708059.4624,R2_F2_m-1f-1_P2_Y-1_U70,-9999,-9999,FXX,2,31.96817364463997,1,0,1.0,0,0,0,-9999.0,0.5,1,P1_CV0,1,1,1,1,1
2,2536859.926,708059.4624,R2_F2_m-1f-1_P2_Y-1_U71,-9999,-9999,MXY,2,31.96817364463997,1,0,0.0,0,0,0,-9999.0,0.5,1,P1_CV0,1,1,1,1,1
2,2536859.926,708059.4624,R2_F2_m-1f-1_P2_Y-1_U73,-9999,-9999,MXY,2,31.96817364463997,1,0,0.0,0,0,0,-9999.0,0.0,1,P1_CV0,1,0,2,2,0
2,2536859.926,708059.4624,R2_F2_m-1f-1_P2_Y-1_U74,-9999,-9999,MXY,2,31.96817364463997,1,0,0.0,0,0,0,-9999.0,0.0,1,P1_CV0,1,0,2,1,1
2,2536859.926,708059.4624,R2_F2_m-1f-1_P2_Y-1_U75,-9999,-9999,FXX,2,31.96817364463997,1,0,1.853,0,0,0,-9999.0,0.0,1,P1_CV0,1,0,2,1,1
2,2536859.926,708059.4624,R2_F2_m-1f-1_P2_Y-1_U76,-9999,-9999,MXY,2,31.96817364463997,1,0,0.0,0,0,0,-9999.0,1.0,1,P1_CV0,1,2,0,0,2
2,2536859.926,708059.4624,R2_F2_m-1f-1_P2_Y-1_U78,-9999,-9999,FXX,2,31.96817364463997,1,0,0.0,0,0,0,-9999.0,0.0,1,P1_CV0,1,0,2,2,0
2,2536859.926,708059.4624,R2_F2_m-1f-1_P2_Y-1_U80,-9999,-9999,MXY,2,31.96817364463997,1,0,0.0,0,0,0,-9999.0,0.5,1,P1_CV0,1,1,1,1,1
2,2536859.926,708059.4624,R2_F2_m-1f-1_P2_Y-1_U81,-9999,-9999,MXY,2,31.96817364463997,1,0,0.0,0,0,0,-9999.0,0.5,1,P1_CV0,1,1,1,1,1
2,2536859.926,708059.4624,R2_F2_m-1f-1_P2_Y-1_U83,-9999,-9999,MXY,2,31.96817364463997,1,0,0.0,0,0,0,-9999.0,1.0,1,P1_CV0,1,2,0,0,2
2,2536859.926,708059.4624,R2_F2_m-1f-1_P2_Y-1_U85,-9999,-9999,MXY,2,31.96817364463997,1,0,0.0,0,0,0,-9999.0,1.0,1,P1_CV0,1,2,0,1,1
2,2536859.926,708059.4624,R2_F2_m-1f-1_P2_Y-1_U88,-9999,-9999,MXY,2,31.96817364463997,1,0,0.0,0,0,0,-9999.0,0.5,1,P1_CV0,1,1,1,1,1
2,2536859.926,708059.4624,R2_F2_m-1f-1_P2_Y-1_U91,-9999,-9999,FXX,2,31.96817364463997,1,0,1.018,0,0,0,-9999.0,0.5,1,P1_CV0,1,1,1,1,1
2,2536859.926,708059.4624,R2_F2_m-1f-1_P2_Y-1_U93,-9999,-9999,MXY,2,31.96817364463997,1,0,0.0,0,0,0,-9999.0,1.0,1,P1_CV0,1,2,0,0,2
2,2536859.926,708059.4624,R2_F2_m-1f-1_P2_Y-1_U97,-9999,-9999,MXY,2,31.96817364463997,1,0,0.0,0,0,0,-9999.0,0.5,1,P1_CV0,1,1,1,0,2
2,2536859.926,708059.4624,R2_F2_m-1f-1_P2_Y-1_U98,-9999,-9999,FXX,2,31.96817364463997,1,0,2.233,0,0,0,-9999.0,1.0,1,P1_CV0,1,2,0,0,2
2,2536859.926,708059.4624,R2_F2_m-1f-1_P2_Y-1_U101,-9999,-9999,MXY,2,31.96817364463997,1,0,0.0,0,0,0,-9999.0,0.5,1,P1_CV0,1,1,1,1,1
2,2536859.926,708059.4624,R2_F2_m-1f-1_P2_Y-1_U104,-9999,-9999,FXX,2,31.96817364463997,1,0,2.572,0,0,0,-9999.0,0.0,1,P1_CV0,1,0,2,1,1
2,2536859.926,708059.4624,R2_F2_m-1f-1_P2_Y-1_U108,-9999,-9999,MXY,2,31.96817364463997,1,0,0.0,0,0,0,-9999.0,0.0,1,P1_CV0,1,0,2,2,0
2,2536859.926,708059.4624,R2_F2_m-1f-1_P2_Y-1_U109,-9999,-9999,FXX,2,31.96817364463997,1,0,2.545,0,0,0,-9999.0,0.5,1,P1_CV0,1,1,1,0,2
2,2536859.926,708059.4624,R2_F2_m-1f-1_P2_Y-1_U112,-9999,-9999,MXY,2,31.96817364463997,1,0,0.0,0,0,0,-9999.0,1.0,1,P1_CV0,1,2,0,2,0
2,2536859.926,708059.4624,R2_F2_m-1f-1_P2_Y-1_U115,-9999,-9999,FXX,2,31.96817364463997,1,0,0.0,0,0,0,-9999.0,0.5,1,P1_CV0,1,1,1,1,1
2,2536859.926,708059.4624,R2_F2_m-1f-1_P2_Y-1_U116,-9999,-9999,FXX,2,31.96817364463997,1,0,1.207,0,0,0,-9999.0,0.5,1,P1_CV0,1,1,1,2,0
2,2536859.926,708059.4624,R2_F2_m-1f-1_P2_Y-1_U119,-9999,-9999,MXY,2,31.96817364463997,1,0,0.0,0,0,0,-9999.0,0.5,1,P1_CV0,1,1,1,2,0
2,2536859.926,708059.4624,R2_F2_m-1f-1_P2_Y-1_U121,-9999,-9999,FXX,2,31.96817364463997,1,0,0.0,0,0,0,-9999.0,0.5,1,P1_CV0,1,1,1,1,1
2,2536859.926,708059.4624,R2_F2_m-1f-1_P2_Y-1_U123,-9999,-9999,FXX,2,31.96817364463997,1,0,2.19,0,0,0,-9999.0,0.5,1,P1_CV0,1,1,1,1,1
2,2536859.926,708059.4624,R2_F2_m-1f-1_P2_Y-1_U127,-9999,-9999,MXY,2,31.96817364463997,1,0,0.0,0,0,0,-9999.0,0.5,1,P1_CV0,1,1,1,1,1
2,2536859.926,708059.4624,R2_F2_m-1f-1_P2_Y-1_U128,-9999,-9999,FXX,2,31.96817364463997,1,0,0.0,0,0,0,-9999.0,0.0,1,P1_CV0,1,0,2,1,1
2,2536859.926,708059.4624,R2_F2_m-1f-1_P2_Y-1_U129,-9999,-9999,MXY,2,31.96817364463997,1,0,0.0,0,0,0,-9999.0,1.0,1,P1_CV0,1,2,0,1,1
2,2536859.926,708059.4624,R2_F2_m-1f-1_P2_Y-1_U131,-9999,-9999,MXY,2,31.96817364463997,1,0,0.0,0,0,0,-9999.0,0.5,1,P1_CV0,1,1,1,0,2
2,2536859.926,708059.4624,R2_F2_m-1f-1_P2_Y-1_U135,-9999,-9999,FXX,2,31.96817364463997,1,0,0.0,0,0,0,-9999.0,0.0,1,P1_CV0,1,0,2,1,1
2,2536859.926,708059.4624,R2_F2_m-1f-1_P2_Y-1_U138,-9999,-9999,FXX,2,31.96817364463997,1,0,1.67,0,0,0,-9999.0,0.5,1,P1_CV0,1,1,1,1,1
2,2536859.926,708059.4624,R2_F2_m-1f-1_P2_Y-1_U140,-9999,-9999,MXY,2,31.96817364463997,1,0,0.0,0,0,0,-9999.0,1.0,1,P1_CV0,1,2,0,1,1
2,2536859.926,708059.4624,R2_F2_m-1f-1_P2_Y-1_U36,-9999,-9999,FXX,3,41.79838692026894,1,0,0.0,0,0,0,-9999.0,0.0,1,P1_CV0,1,0,2,0,2
2,2536859.926,708059.4624,R2_F2_m-1f-1_P2_Y-1_U13,-9999,-9999,MXY,3,44.39038692026894,1,0,0.0,0,0,0,-9999.0,0.5,1,P1_CV0,1,1,1,1,1
2,2536859.926,708059.4624,R2_F2_m-1f-1_P2_Y-1_U22,-9999,-9999,FXX,3,45.90138692026893,1,0,0.0,0,0,0,-9999.0,0.0,1,P1_CV0,1,0,2,2,0
2,2536859.926,708059.4624,R2_F2_m-1f-1_P2_Y-1_U24,-9999,-9999,MXY,3,54.62738692026894,1,0,0.0,0,0,0,-9999.0,1.0,1,P1_CV0,1,2,0,1,1
2,2536859.926,708059.4624,R2_F2_m-1f-1_P2_Y-1_U26,-9999,-9999,FXX,3,63.910386920268934,1,0,1.88,0,0,0,-9999.0,0.5,1,P1_CV0,1,1,1,0,2
2,2536859.926,708059.4624,R2_F2_m-1f-1_P2_Y-1_U34,-9999,-9999,MXY,3,51.464386920268936,1,0,0.0,0,0,0,-9999.0,0.5,1,P1_CV0,1,1,1,0,2
2,2536859.926,708059.4624,R2_F2_m-1f-1_P2_Y-1_U46,-9999,-9999,FXX,3,56.47538692026894,1,0,0.0,0,0,0,-9999.0,0.5,1,P1_CV0,1,1,1,0,2
2,2536859.926,708059.4624,R2_F2_m-1f-1_P2_Y-1_U48,-9999,-9999,FXX,3,66.71138692026895,1,0,0.0,0,0,0,-9999.0,0.0,1,P1_CV0,1,0,2,0,2
2,2536859.926,708059.4624,R2_F2_m-1f-1_P2_Y-1_U51,-9999,-9999,FXX,3,47.38638692026894,1,0,1.393,0,0,0,-9999.0,1.0,1,P1_CV0,1,2,0,0,2
2,2536859.926,708059.4624,R2_F2_m-1f-1_P2_Y-1_U52,-9999,-9999,FXX,3,51.77738692026894,1,0,2.283,0,0,0,-9999.0,1.0,1,P1_CV0,1,2,0,2,0
2,2536859.926,708059.4624,R2_F2_m-1f-1_P2_Y-1_U55,-9999,-9999,MXY,3,52.56338692026894,1,0,0.0,0,0,0,-9999.0,0.5,1,P1_CV0,1,1,1,2,0
2,2536859.926,708059.4624,R2_F2_m-1f-1_P2_Y-1_U60,-9999,-9999,FXX,3,58.24438692026894,1,0,1.642,0,0,0,-9999.0,0.5,1,P1_CV0,1,1,1,1,1
2,2536859.926,708059.4624,R2_F2_m-1f-1_P2_Y-1_U63,-9999,-9999,MXY,3,62.80738692026894,1,0,0.0,0,0,0,-9999.0,0.5,1,P1_CV0,1,1,1,1,1
2,2536859.926,708059.4624,R2_F2_m-1f-1_P2_Y-1_U66,-9999,-9999,FXX,3,57.791386920268934,1,0,0.0,0,0,0,-9999.0,0.0,1,P1_CV0,1,0,2,2,0
2,2536859.926,708059.4624,R2_F2_m-1f-1_P2_Y-1_U67,-9999,-9999,MXY,3,57.68338692026894,1,0,0.0,0,0,0,-9999.0,0.5,1,P1_CV0,1,1,1,2,0
2,2536859.926,708059.4624,R2_F2_m-1f-1_P2_Y-1_U69,-9999,-9999,FXX,3,54.708386920268936,1,0,1.22,0,0,0,-9999.0,0.0,1,P1_CV0,1,0,2,2,0
2,2536859.926,708059.4624,R2_F2_m-1f-1_P2_Y-1_U77,-9999,-9999,MXY,3,54.10338692026894,1,0,0.0,0,0,0,-9999.0,0.5,1,P1_CV0,1,1,1,0,2
2,2536859.926,708059.4624,R2_F2_m-1f-1_P2_Y-1_U82,-9999,-9999,FXX,3,48.69838692026894,1,0,0.0,0,0,0,-9999.0,0.5,1,P1_CV0,1,1,1,2,0
2,2536859.926,708059.4624,R2_F2_m-1f-1_P2_Y-1_U86,-9999,-9999,MXY,3,51.00938692026894,1,0,0.0,0,0,0,-9999.0,0.5,1,P1_CV0,1,1,1,1,1
2,2536859.926,708059.4624,R2_F2_m-1f-1_P2_Y-1_U90,-9999,-9999,MXY,3,51.077386920268935,1,0,0.0,0,0,0,-9999.0,0.5,1,P1_CV0,1,1,1,2,0
2,2536859.926,708059.4624,R2_F2_m-1f-1_P2_Y-1_U94,-9999,-9999,MXY,3,60.84138692026894,1,0,0.0,0,0,0,-9999.0,0.0,1,P1_CV0,1,0,2,1,1
2,2536859.926,708059.4624,R2_F2_m-1f-1_P2_Y-1_U95,-9999,-9999,FXX,3,58.29838692026894,1,0,2.241,0,0,0,-9999.0,0.0,1,P1_CV0,1,0,2,0,2
2,2536859.926,708059.4624,R2_F2_m-1f-1_P2_Y-1_U102,-9999,-9999,MXY,3,53.858386920268934,1,0,0.0,0,0,0,-9999.0,0.5,1,P1_CV0,1,1,1,1,1
2,2536859.926,708059.4624,R2_F2_m-1f-1_P2_Y-1_U105,-9999,-9999,MXY,3,49.24938692026894,1,0,0.0,0,0,0,-9999.0,0.0,1,P1_CV0,1,0,2,0,2
2,2536859.926,708059.4624,R2_F2_m-1f-1_P2_Y-1_U107,-9999,-9999,FXX,3,59.397386920268936,1,0,1.543,0,0,0,-9999.0,0.5,1,P1_CV0,1,1,1,0,2
2,2536859.926,708059.4624,R2_F2_m-1f-1_P2_Y-1_U111,-9999,-9999,FXX,3,44.971386920268934,1,0,1.0,0,0,0,-9999.0,0.5,1,P1_CV0,1,1,1,1,1
2,2536859.926,708059.4624,R2_F2_m-1f-1_P2_Y-1_U117,-9999,-9999,FXX,3,53.29238692026894,1,0,0.0,0,0,0,-9999.0,0.5,1,P1_CV0,1,1,1,1,1
2,2536859.926,708059.4624,R2_F2_m-1f-1_P2_Y-1_U118,-9999,-9999,FXX,3,58.382386920268935,1,0,0.0,0,0,0,-9999.0,0.0,1,P1_CV0,1,0,2,1,1
2,2536859.926,708059.4624,R2_F2_m-1f-1_P2_Y-1_U122,-9999,-9999,FXX,3,50.39038692026894,1,0,1.559,0,0,0,-9999.0,1.0,1,P1_CV0,1,2,0,2,0
2,2536859.926,708059.4624,R2_F2_m-1f-1_P2_Y-1_U124,-9999,-9999,MXY,3,48.07538692026894,1,0,0.0,0,0,0,-9999.0,0.5,1,P1_CV0,1,1,1,1,1
2,2536859.926,708059.4624,R2_F2_m-1f-1_P2_Y-1_U126,-9999,-9999,FXX,3,59.07038692026894,1,0,0.0,0,0,0,-9999.0,0.0,1,P1_CV0,1,0,2,0,2
2,2536859.926,708059.4624,R2_F2_m-1f-1_P2_Y-1_U132,-9999,-9999,MXY,3,58.02038692026894,1,0,0.0,0,0,0,-9999.0,1.0,1,P1_CV0,1,2,0,1,1
2,2536859.926,708059.4624,R2_F2_m-1f-1_P2_Y-1_U134,-9999,-9999,FXX,3,50.23138692026894,1,0,0.0,0,0,0,-9999.0,0.5,1,P1_CV0,1,1,1,0,2
2,2536859.926,708059.4624,R2_F2_m-1f-1_P2_Y-1_U137,-9999,-9999,FXX,3,51.83238692026894,1,0,0.0,0,0,0,-9999.0,0.5,1,P1_CV0,1,1,1,0,2
2,2536859.926,708059.4624,R2_F2_m-1f-1_P2_Y-1_U139,-9999,-9999,MXY,3,59.11838692026894,1,0,0.0,0,0,0,-9999.0,0.5,1,P1_CV0,1,1,1,0,2
2,2536859.926,708059.4624,I2_F7_m-1f-1_P2_Y-1_U106,-9999,-9999,MXY,3,51.706803607544465,1,0,0.0,0,0,0,-9999.0,0.5,1,P1_CV0,1,1,1,0,2
2,2536859.926,708059.4624,R2_F2_m-1f-1_P2_Y-1_U3,-9999,-9999,MXY,4,92.85065231282768,1,0,0.0,0,0,0,-9999.0,0.5,1,P1_CV0,1,1,1,2,0
2,2536859.926,708059.4624,R2_F2_m-1f-1_P2_Y-1_U19,-9999,-9999,FXX,4,92.85065231282768,1,0,0.0,0,0,0,-9999.0,0.0,1,P1_CV0,1,0,2,1,1
2,2536859.926,708059.4624,R2_F2_m-1f-1_P2_Y-1_U28,-9999,-9999,FXX,4,92.85065231282768,1,0,0.0,0,0,0,-9999.0,0.5,1,P1_CV0,1,1,1,1,1
2,2536859.926,708059.4624,R2_F2_m-1f-1_P2_Y-1_U42,-9999,-9999,FXX,4,92.85065231282768,1,0,0.0,0,0,0,-9999.0,1.0,1,P1_CV0,1,2,0,0,2
2,2536859.926,708059.4624,R2_F2_m-1f-1_P2_Y-1_U44,-9999,-9999,FXX,4,92.85065231282768,1,0,1.053,0,0,0,-9999.0,0.5,1,P1_CV0,1,1,1,1,1
2,2536859.926,708059.4624,R2_F2_m-1f-1_P2_Y-1_U49,-9999,-9999,MXY,4,92.85065231282768,1,0,0.0,0,0,0,-9999.0,0.5,1,P1_CV0,1,1,1,2,0
2,2536859.926,708059.4624,R2_F2_m-1f-1_P2_Y-1_U64,-9999,-9999,FXX,4,92.85065231282768,1,0,0.0,0,0,0,-9999.0,0.5,1,P1_CV0,1,1,1,1,1
2,2536859.926,708059.4624,R2_F2_m-1f-1_P2_Y-1_U65,-9999,-9999,MXY,4,92.85065231282768,1,0,0.0,0,0,0,-9999.0,1.0,1,P1_CV0,1,2,0,1,1
2,2536859.926,708059.4624,R2_F2_m-1f-1_P2_Y-1_U79,-9999,-9999,FXX,4,92.85065231282768,1,0,1.524,0,0,0,-9999.0,0.5,1,P1_CV0,1,1,1,2,0
2,2536859.926,708059.4624,R2_F2_m-1f-1_P2_Y-1_U84,-9999,-9999,FXX,4,92.85065231282768,1,0,2.741,0,0,0,-9999.0,0.0,1,P1_CV0,1,0,2,2,0
2,2536859.926,708059.4624,R2_F2_m-1f-1_P2_Y-1_U87,-9999,-9999,MXY,4,92.85065231282768,1,0,0.0,0,0,0,-9999.0,1.0,1,P1_CV0,1,2,0,1,1
2,2536859.926,708059.4624,R2_F2_m-1f-1_P2_Y-1_U89,-9999,-9999,MXY,4,92.85065231282768,1,0,0.0,0,0,0,-9999.0,0.5,1,P1_CV0,1,1,1,2,0
2,2536859.926,708059.4624,R2_F2_m-1f-1_P2_Y-1_U103,-9999,-9999,FXX,4,92.85065231282768,1,0,0.0,0,0,0,-9999.0,0.5,1,P1_CV0,1,1,1,1,1
2,2536859.926,708059.4624,R2_F2_m-1f-1_P2_Y-1_U120,-9999,-9999,MXY,4,92.85065231282768,1,0,0.0,0,0,0,-9999.0,0.5,1,P1_CV0,1,1,1,1,1
2,2536859.926,708059.4624,R2_F2_m-1f-1_P2_Y-1_U125,-9999,-9999,MXY,4,92.85065231282768,1,0,0.0,0,0,0,-9999.0,0.5,1,P1_CV0,1,1,1,0,2
2,2536859.926,708059.4624,R2_F2_m-1f-1_P2_Y-1_U133,-9999,-9999,MXY,4,92.85065231282768,1,0,0.0,0,0,0,-9999.0,0.5,1,P1_CV0,1,1,1,0,2
2,2536859.926,708059.4624,R2_F2_m-1f-1_P2_Y-1_U136,-9999,-9999,FXX,4,92.85065231282768,1,0,1.781,0,0,0,-9999.0,0.5,1,P1_CV0,1,1,1,0,2
2,2536859.926,708059.4624,R2_F2_m-1f-1_P2_Y-1_U33,-9999,-9999,MXY,5,117.08084666658226,1,0,0.0,0,0,0,-9999.0,1.0,1,P1_CV0,1,2,0,0,2
2,2536859.926,708059.4624,R2_F2_m-1f-1_P2_Y-1_U7,-9999,-9999,FXX,5,132.37184666658226,1,0,1.311,0,0,0,-9999.0,0.0,1,P1_CV0,1,0,2,2,0
2,2536859.926,708059.4624,R2_F2_m-1f-1_P2_Y-1_U110,-9999,-9999,MXY,5,119.29384666658225,1,0,0.0,0,0,0,-9999.0,1.0,1,P1_CV0,1,2,0,0,2
2,2536859.926,708059.4624,R2_F2_m-1f-1_P2_Y-1_U58,-9999,-9999,MXY,5,121.36784666658225,1,0,0.0,0,0,0,-9999.0,1.0,1,P1_CV0,1,2,0,1,1
2,2536859.926,708059.4624,R2_F2_m-1f-1_P2_Y-1_U99,-9999,-9999,FXX,5,125.47084666658226,1,0,0.0,0,0,0,-9999.0,1.0,1,P1_CV0,1,2,0,2,0
2,2536859.926,708059.4624,R2_F2_m-1f-1_P2_Y-1_U100,-9999,-9999,MXY,5,118.01784666658226,1,0,0.0,0,0,0,-9999.0,0.5,1,P1_CV0,1,1,1,1,1
2,2536859.926,708059.4624,R2_F2_m-1f-1_P2_Y-1_U96,-9999,-9999,FXX,5,124.42084666658226,1,0,0.0,0,0,0,-9999.0,0.0,1,P1_CV0,1,0,2,2,0
2,2536859.926,708059.4624,R2_F2_m-1f-1_P2_Y-1_U14,-9999,-9999,FXX,5,138.81384666658226,1,0,1.0,0,0,0,-9999.0,0.0,1,P1_CV0,1,0,2,1,1
2,2536859.926,708059.4624,R2_F2_m-1f-1_P2_Y-1_U92,-9999,-9999,MXY,5,141.55984666658225,1,0,0.0,0,0,0,-9999.0,1.0,1,P1_CV0,1,2,0,2,0
2,2536859.926,708059.4624,RD2_F3_m-1f-1_P3_Y-1_U82,-9999,-9999,FXX,2,31.533674606301393,1,0,0.0,0,0,0,-9999.0,1.0,1,P2_CV0,1,2,0,2,0
3,2532969.44,705413.5711,R3_F3_m3f3_P3_Y0_UO4,R3_F3_m-1f-1_P3_Y-1_U123,R3_F3_m-1f-1_P3_Y-1_U115,FXX,1,31.021933860880445,0,0,0.0,0,0,0,-9999.0,0.75,1,P2_CV0,2,0,2,1,1
3,2532969.44,705413.5711,R3_F3_m3f3_P3_Y0_UO5,R3_F3_m-1f-1_P3_Y-1_U123,R3_F3_m-1f-1_P3_Y-1_U115,FXX,1,31.021933860880445,0,0,0.0,0,0,0,-9999.0,0.75,1,P2_CV0,2,1,1,0,2
3,2532969.44,705413.5711,R3_F3_m3f3_P3_Y0_UO7,R3_F3_m-1f-1_P3_Y-1_U140,R3_F3_m-1f-1_P3_Y-1_U36,FXX,1,31.021933860880445,0,0,0.0,0,0,0,-9999.0,0.25,1,P2_CV0,2,2,0,2,0
3,2532969.44,705413.5711,R3_F3_m3f3_P3_Y0_UO8,R3_F3_m-1f-1_P3_Y-1_U140,R3_F3_m-1f-1_P3_Y-1_U36,FXX,1,31.021933860880445,0,0,0.0,0,0,0,-9999.0,0.25,1,P2_CV0,2,1,1,1,1
3,2532969.44,705413.5711,R3_F3_m3f3_P3_Y0_UO9,R3_F3_m-1f-1_P3_Y-1_U140,R3_F3_m-1f-1_P3_Y-1_U36,MXY,1,31.021933860880445,0,0,0.0,0,0,0,-9999.0,0.25,1,P2_CV0,2,1,1,1,1
3,2532969.44,705413.5711,R3_F3_m3f3_P3_Y0_UO23,R3_F3_m-1f-1_P3_Y-1_U71,R3_F3_m-1f-1_P3_Y-1_U24,MXY,1,31.021933860880445,0,0,0.0,0,0,0,-9999.0,0.5,1,P2_CV0,2,2,0,2,0
3,2532969.44,705413.5711,R3_F3_m3f3_P3_Y0_UO24,R3_F3_m-1f-1_P3_Y-1_U71,R3_F3_m-1f-1_P3_Y-1_U24,FXX,1,31.021933860880445,0,0,0.0,0,0,0,-9999.0,0.5,1,P2_CV0,2,2,0,0,2
3,2532969.44,705413.5711,R3_F3_m3f3_P3_Y0_UO25,R3_F3_m-1f-1_P3_Y-1_U71,R3_F3_m-1f-1_P3_Y-1_U24,MXY,1,31.021933860880445,0,0,0.0,0,0,0,-9999.0,0.5,1,P2_CV0,2,0,2,1,1
3,2532969.44,705413.5711,R3_F3_m3f3_P3_Y0_UO26,R3_F3_m-1f-1_P3_Y-1_U71,R3_F3_m-1f-1_P3_Y-1_U24,FXX,1,31.021933860880445,0,0,0.0,0,0,0,-9999.0,0.5,1,P2_CV0,2,2,0,2,0
3,2532969.44,705413.5711,R3_F3_m3f3_P3_Y0_UO27,R3_F3_m-1f-1_P3_Y-1_U71,R3_F3_m-1f-1_P3_Y-1_U24,FXX,1,31.021933860880445,0,0,0.0,0,0,0,-9999.0,0.5,1,P2_CV0,2,1,1,1,1
3,2532969.44,705413.5711,R3_F3_m3f3_P3_Y0_UO28,R3_F3_m-1f-1_P3_Y-1_U71,R3_F3_m-1f-1_P3_Y-1_U24,MXY,1,31.021933860880445,0,0,0.0,0,0,0,-9999.0,0.5,1,P2_CV0,2,0,2,2,0
3,2532969.44,705413.5711,R3_F3_m3f3_P3_Y0_UO35,R3_F3_m-1f-1_P3_Y-1_U90,R3_F3_m-1f-1_P3_Y-1_U93,MXY,1,31.021933860880445,0,0,0.0,0,0,0,-9999.0,0.75,1,P2_CV0,2,1,1,1,1
3,2532969.44,705413.5711,R3_F3_m3f3_P3_Y0_UO36,R3_F3_m-1f-1_P3_Y-1_U90,R3_F3_m-1f-1_P3_Y-1_U93,FXX,1,31.021933860880445,0,0,0.0,0,0,0,-9999.0,0.75,1,P2_CV0,2,0,2,1,1
3,2532969.44,705413.5711,R3_F3_m3f3_P3_Y0_UO37,R3_F3_m-1f-1_P3_Y-1_U90,R3_F3_m-1f-1_P3_Y-1_U93,MXY,1,31.021933860880445,0,0,0.0,0,0,0,-9999.0,0.75,1,P2_CV0,2,2,0,1,1
3,2532969.44,705413.5711,R3_F3_m3f3_P3_Y0_UO38,R3_F3_m-1f-1_P3_Y-1_U90,R3_F3_m-1f-1_P3_Y-1_U93,MXY,1,31.021933860880445,0,0,0.0,0,0,0,-9999.0,0.75,1,P2_CV0,2,1,1,2,0
3,2532969.44,705413.5711,R3_F3_m3f3_P3_Y0_UO39,R3_F3_m-1f-1_P3_Y-1_U90,R3_F3_m-1f-1_P3_Y-1_U93,FXX,1,31.021933860880445,0,0,0.0,0,0,0,-9999.0,0.75,1,P2_CV0,2,2,0,2,0
3,2532969.44,705413.5711,R3_F3_m3f3_P3_Y0_UO40,R3_F3_m-1f-1_P3_Y-1_U90,R3_F3_m-1f-1_P3_Y-1_U93,FXX,1,31.021933860880445,0,0,0.0,0,0,0,-9999.0,0.75,1,P2_CV0,2,1,1,2,0
3,2532969.44,705413.5711,R3_F3_m3f3_P3_Y0_UO41,R3_F3_m-1f-1_P3_Y-1_U90,R3_F3_m-1f-1_P3_Y-1_U93,FXX,1,31.021933860880445,0,0,0.0,0,0,0,-9999.0,0.75,1,P2_CV0,2,0,2,0,2
3,2532969.44,705413.5711,R3_F3_m3f3_P3_Y0_UO42,R3_F3_m-1f-1_P3_Y-1_U90,R3_F3_m-1f-1_P3_Y-1_U93,FXX,1,31.021933860880445,0,0,0.0,0,0,0,-9999.0,0.75,1,P2_CV0,2,2,0,1,1
3,2532969.44,705413.5711,R3_F3_m3f3_P3_Y0_UO59,R3_F3_m-1f-1_P3_Y-1_U53,R3_F3_m-1f-1_P3_Y-1_U36,MXY,1,31.021933860880445,0,0,0.0,0,0,0,-9999.0,0.25,1,P2_CV0,2,2,0,1,1
3,2532969.44,705413.5711,R3_F3_m3f3_P3_Y0_UO86,R3_F3_m-1f-1_P3_Y-1_U42,R3_F3_m-1f-1_P3_Y-1_U56,FXX,1,31.021933860880445,0,0,0.0,0,0,0,-9999.0,0.0,1,P2_CV0,2,0,2,1,1
3,2532969.44,705413.5711,R3_F3_m3f3_P3_Y0_UO87,R3_F3_m-1f-1_P3_Y-1_U42,R3_F3_m-1f-1_P3_Y-1_U56,FXX,1,31.021933860880445,0,0,0.0,0,0,0,-9999.0,0.0,1,P2_CV0,2,1,1,0,2
3,2532969.44,705413.5711,R3_F3_m3f3_P3_Y0_UO88,R3_F3_m-1f-1_P3_Y-1_U42,R3_F3_m-1f-1_P3_Y-1_U56,FXX,1,31.021933860880445,0,0,0.0,0,0,0,-9999.0,0.0,1,P2_CV0,2,0,2,2,0
3,2532969.44,705413.5711,R3_F3_m3f3_P3_Y0_UO89,R3_F3_m-1f-1_P3_Y-1_U42,R3_F3_m-1f-1_P3_Y-1_U56,FXX,1,31.021933860880445,0,0,0.0,0,0,0,-9999.0,0.0,1,P2_CV0,2,2,0,2,0
3,2532969.44,705413.5711,R3_F3_m3f3_P3_Y0_UO90,R3_F3_m-1f-1_P3_Y-1_U126,R3_F3_m-1f-1_P3_Y-1_U11,MXY,1,31.021933860880445,0,0,0.0,0,0,0,-9999.0,0.5,1,P2_CV0,2,1,1,1,1
3,2532969.44,705413.5711,R3_F3_m3f3_P3_Y0_UO91,R3_F3_m-1f-1_P3_Y-1_U126,R3_F3_m-1f-1_P3_Y-1_U11,FXX,1,31.021933860880445,0,0,0.0,0,0,0,-9999.0,0.5,1,P2_CV0,2,1,1,2,0
3,2532969.44,705413.5711,R3_F3_m3f3_P3_Y0_UO92,R3_F3_m-1f-1_P3_Y-1_U126,R3_F3_m-1f-1_P3_Y-1_U11,FXX,1,31.021933860880445,0,0,0.0,0,0,0,-9999.0,0.5,1,P2_CV0,2,2,0,1,1
3,2532969.44,705413.5711,R3_F3_m3f3_P3_Y0_UO94,R3_F3_m-1f-1_P3_Y-1_U126,R3_F3_m-1f-1_P3_Y-1_U11,MXY,1,31.021933860880445,0,0,0.0,0,0,0,-9999.0,0.5,1,P2_CV0,2,1,1,1,1
3,2532969.44,705413.5711,R3_F3_m3f3_P3_Y0_UO95,R3_F3_m-1f-1_P3_Y-1_U126,R3_F3_m-1f-1_P3_Y-1_U11,FXX,1,31.021933860880445,0,0,0.0,0,0,0,-9999.0,0.5,1,P2_CV0,2,0,2,0,2
3,2532969.44,705413.5711,R3_F3_m3f3_P3_Y0_UO96,R3_F3_m-1f-1_P3_Y-1_U10,R3_F3_m-1f-1_P3_Y-1_U1,FXX,1,31.021933860880445,0,0,0.0,0,0,0,-9999.0,0.75,1,P2_CV0,2,1,1,2,0
3,2532969.44,705413.5711,R3_F3_m3f3_P3_Y0_UO100,R3_F3_m-1f-1_P3_Y-1_U90,R3_F3_m-1f-1_P3_Y-1_U18,FXX,1,31.021933860880445,0,0,0.0,0,0,0,-9999.0,0.5,1,P2_CV0,2,1,1,0,2
3,2532969.44,705413.5711,R3_F3_m3f3_P3_Y0_UO101,R3_F3_m-1f-1_P3_Y-1_U90,R3_F3_m-1f-1_P3_Y-1_U18,FXX,1,31.021933860880445,0,0,0.0,0,0,0,-9999.0,0.5,1,P2_CV0,2,1,1,1,1
3,2532969.44,705413.5711,R3_F3_m3f3_P3_Y0_UO102,R3_F3_m-1f-1_P3_Y-1_U90,R3_F3_m-1f-1_P3_Y-1_U18,FXX,1,31.021933860880445,0,0,0.0,0,0,0,-9999.0,0.5,1,P2_CV0,2,1,1,1,1
3,2532969.44,705413.5711,R3_F3_m3f3_P3_Y0_UO103,R3_F3_m-1f-1_P3_Y-1_U90,R3_F3_m-1f-1_P3_Y-1_U18,MXY,1,31.021933860880445,0,0,0.0,0,0,0,-9999.0,0.5,1,P2_CV0,2,0,2,1,1
3,2532969.44,705413.5711,R3_F3_m3f3_P3_Y0_UO104,R3_F3_m-1f-1_P3_Y-1_U90,R3_F3_m-1f-1_P3_Y-1_U18,MXY,1,31.021933860880445,0,0,0.0,0,0,0,-9999.0,0.5,1,P2_CV0,2,2,0,2,0
3,2532969.44,705413.5711,R3_F3_m3f3_P3_Y0_UO105,R3_F3_m-1f-1_P3_Y-1_U90,R3_F3_m-1f-1_P3_Y-1_U18,FXX,1,31.021933860880445,0,0,0.0,0,0,0,-9999.0,0.5,1,P2_CV0,2,0,2,2,0
3,2532969.44,705413.5711,R3_F3_m3f3_P3_Y0_UO106,R3_F3_m-1f-1_P3_Y-1_U90,R3_F3_m-1f-1_P3_Y-1_U18,MXY,1,31.021933860880445,0,0,0.0,0,0,0,-9999.0,0.5,1,P2_CV0,2,1,1,0,2
3,2532969.44,705413.5711,R3_F3_m3f3_P3_Y0_UO190,R3_F3_m-1f-1_P3_Y-1_U123,R3_F3_m-1f-1_P3_Y-1_U36,FXX,1,31.021933860880445,0,0,0.0,0,0,0,-9999.0,0.75,1,P2_CV0,2,2,0,2,0
3,2532969.44,705413.5711,R3_F3_m3f3_P3_Y0_UO191,R3_F3_m-1f-1_P3_Y-1_U123,R3_F3_m-1f-1_P3_Y-1_U36,FXX,1,31.021933860880445,0,0,0.0,0,0,0,-9999.0,0.75,1,P2_CV0,2,1,1,1,1
3,2532969.44,705413.5711,R3_F3_m3f3_P3_Y0_UO199,R3_F3_m-1f-1_P3_Y-1_U81,R3_F3_m-1f-1_P3_Y-1_U27,MXY,1,31.021933860880445,0,0,0.0,0,0,0,-9999.0,0.5,1,P2_CV0,2,0,2,1,1
3,2532969.44,705413.5711,R3_F3_m3f3_P3_Y0_UO200,R3_F3_m-1f-1_P3_Y-1_U81,R3_F3_m-1f-1_P3_Y-1_U27,FXX,1,31.021933860880445,0,0,0.0,0,0,0,-9999.0,0.5,1,P2_CV0,2,0,2,2,0
3,2532969.44,705413.5711,R3_F3_m3f3_P3_Y0_UO201,R3_F3_m-1f-1_P3_Y-1_U81,R3_F3_m-1f-1_P3_Y-1_U27,FXX,1,31.021933860880445,0,0,0.0,0,0,0,-9999.0,0.5,1,P2_CV0,2,2,0,0,2
3,2532969.44,705413.5711,R3_F3_m3f3_P3_Y0_UO202,R3_F3_m-1f-1_P3_Y-1_U81,R3_F3_m-1f-1_P3_Y-1_U27,FXX,1,31.021933860880445,0,0,0.0,0,0,0,-9999.0,0.5,1,P2_CV0,2,2,0,1,1
3,2532969.44,705413.5711,R3_F3_m3f3_P3_Y0_UO216,R3_F3_m-1f-1_P3_Y-1_U138,R3_F3_m-1f-1_P3_Y-1_U115,FXX,1,31.021933860880445,0,0,0.0,0,0,0,-9999.0,0.5,1,P2_CV0,2,1,1,0,2
3,2532969.44,705413.5711,R3_F3_m3f3_P3_Y0_UO217,R3_F3_m-1f-1_P3_Y-1_U138,R3_F3_m-1f-1_P3_Y-1_U115,FXX,1,31.021933860880445,0,0,0.0,0,0,0,-9999.0,0.5,1,P2_CV0,2,1,1,1,1
3,2532969.44,705413.5711,R3_F3_m3f3_P3_Y0_UO218,R3_F3_m-1f-1_P3_Y-1_U138,R3_F3_m-1f-1_P3_Y-1_U115,FXX,1,31.021933860880445,0,0,0.0,0,0,0,-9999.0,0.5,1,P2_CV0,2,0,2,0,2
3,2532969.44,705413.5711,R3_F3_m3f3_P3_Y0_UO219,R3_F3_m-1f-1_P3_Y-1_U138,R3_F3_m-1f-1_P3_Y-1_U115,FXX,1,31.021933860880445,0,0,0.0,0,0,0,-9999.0,0.5,1,P2_CV0,2,0,2,1,1
3,2532969.44,705413.5711,R3_F3_m3f3_P3_Y0_UO223,R3_F3_m-1f-1_P3_Y-1_U87,R3_F3_m-1f-1_P3_Y-1_U36,MXY,1,31.021933860880445,0,0,0.0,0,0,0,-9999.0,0.5,1,P2_CV0,2,1,1,2,0
3,2532969.44,705413.5711,R3_F3_m3f3_P3_Y0_UO224,R3_F3_m-1f-1_P3_Y-1_U87,R3_F3_m-1f-1_P3_Y-1_U36,FXX,1,31.021933860880445,0,0,0.0,0,0,0,-9999.0,0.5,1,P2_CV0,2,0,2,0,2
3,2532969.44,705413.5711,R3_F3_m3f3_P3_Y0_UO225,R3_F3_m-1f-1_P3_Y-1_U87,R3_F3_m-1f-1_P3_Y-1_U36,FXX,1,31.021933860880445,0,0,0.0,0,0,0,-9999.0,0.5,1,P2_CV0,2,1,1,2,0
3,2532969.44,705413.5711,R3_F3_m3f3_P3_Y0_UO230,R3_F3_m-1f-1_P3_Y-1_U138,R3_F3_m-1f-1_P3_Y-1_U36,MXY,1,31.021933860880445,0,0,0.0,0,0,0,-9999.0,0.5,1,P2_CV0,2,1,1,1,1
3,2532969.44,705413.5711,R3_F3_m3f3_P3_Y0_UO231,R3_F3_m-1f-1_P3_Y-1_U138,R3_F3_m-1f-1_P3_Y-1_U36,MXY,1,31.021933860880445,0,0,0.0,0,0,0,-9999.0,0.5,1,P2_CV0,2,0,2,2,0
3,2532969.44,705413.5711,R3_F3_m3f3_P3_Y0_UO232,R3_F3_m-1f-1_P3_Y-1_U138,R3_F3_m-1f-1_P3_Y-1_U36,FXX,1,31.021933860880445,0,0,0.0,0,0,0,-9999.0,0.5,1,P2_CV0,2,1,1,1,1
3,2532969.44,705413.5711,R3_F3_m3f3_P3_Y0_UO240,R3_F3_m-1f-1_P3_Y-1_U20,R3_F3_m-1f-1_P3_Y-1_U30,FXX,1,31.021933860880445,0,0,0.0,0,0,0,-9999.0,0.75,1,P2_CV0,2,0,2,1,1
3,2532969.44,705413.5711,R3_F3_m3f3_P3_Y0_UO241,R3_F3_m-1f-1_P3_Y-1_U20,R3_F3_m-1f-1_P3_Y-1_U30,MXY,1,31.021933860880445,0,0,0.0,0,0,0,-9999.0,0.75,1,P2_CV0,2,0,2,2,0
3,2532969.44,705413.5711,R3_F3_m3f3_P3_Y0_UO242,R3_F3_m-1f-1_P3_Y-1_U20,R3_F3_m-1f-1_P3_Y-1_U30,FXX,1,31.021933860880445,0,0,0.0,0,0,0,-9999.0,0.75,1,P2_CV0,2,0,2,1,1
3,2532969.44,705413.5711,R3_F3_m3f3_P3_Y0_UO255,R3_F3_m-1f-1_P3_Y-1_U116,R3_F3_m-1f-1_P3_Y-1_U78,MXY,1,31.021933860880445,0,0,0.0,0,0,0,-9999.0,0.5,1,P2_CV0,2,0,2,1,1
3,2532969.44,705413.5711,R3_F3_m3f3_P3_Y0_UO263,R3_F3_m-1f-1_P3_Y-1_U87,R3_F3_m-1f-1_P3_Y-1_U27,FXX,1,31.021933860880445,0,0,0.0,0,0,0,-9999.0,0.5,1,P2_CV0,2,1,1,1,1
3,2532969.44,705413.5711,R3_F3_m3f3_P3_Y0_UO274,R3_F3_m-1f-1_P3_Y-1_U138,R3_F3_m-1f-1_P3_Y-1_U120,FXX,1,31.021933860880445,0,0,0.0,0,0,0,-9999.0,0.25,1,P2_CV0,2,0,2,1,1
3,2532969.44,705413.5711,R3_F3_m3f3_P3_Y0_UO275,R3_F3_m-1f-1_P3_Y-1_U138,R3_F3_m-1f-1_P3_Y-1_U120,FXX,1,31.021933860880445,0,0,0.0,0,0,0,-9999.0,0.25,1,P2_CV0,2,0,2,1,1
3,2532969.44,705413.5711,R3_F3_m3f3_P3_Y0_UO305,R3_F3_m-1f-1_P3_Y-1_U71,R3_F3_m-1f-1_P3_Y-1_U24,MXY,1,31.021933860880445,0,0,0.0,0,0,0,-9999.0,0.5,1,P2_CV0,2,1,1,0,2
3,2532969.44,705413.5711,R3_F3_m3f3_P3_Y0_UO306,R3_F3_m-1f-1_P3_Y-1_U71,R3_F3_m-1f-1_P3_Y-1_U24,FXX,1,31.021933860880445,0,0,0.0,0,0,0,-9999.0,0.5,1,P2_CV0,2,1,1,1,1
3,2532969.44,705413.5711,R3_F3_m3f3_P3_Y0_UO307,R3_F3_m-1f-1_P3_Y-1_U71,R3_F3_m-1f-1_P3_Y-1_U24,FXX,1,31.021933860880445,0,0,0.0,0,0,0,-9999.0,0.5,1,P2_CV0,2,0,2,2,0
3,2532969.44,705413.5711,R3_F3_m3f3_P3_Y0_UO308,R3_F3_m-1f-1_P3_Y-1_U71,R3_F3_m-1f-1_P3_Y-1_U24,FXX,1,31.021933860880445,0,0,0.0,0,0,0,-9999.0,0.5,1,P2_CV0,2,0,2,1,1
3,2532969.44,705413.5711,R3_F3_m3f3_P3_Y0_UO309,R3_F3_m-1f-1_P3_Y-1_U71,R3_F3_m-1f-1_P3_Y-1_U129,FXX,1,31.021933860880445,0,0,0.0,0,0,0,-9999.0,0.25,1,P2_CV0,2,1,1,2,0
3,2532969.44,705413.5711,R3_F3_m3f3_P3_Y0_UO310,R3_F3_m-1f-1_P3_Y-1_U71,R3_F3_m-1f-1_P3_Y-1_U129,FXX,1,31.021933860880445,0,0,0.0,0,0,0,-9999.0,0.25,1,P2_CV0,2,1,1,2,0
3,2532969.44,705413.5711,R3_F3_m3f3_P3_Y0_UO311,R3_F3_m-1f-1_P3_Y-1_U71,R3_F3_m-1f-1_P3_Y-1_U129,FXX,1,31.021933860880445,0,0,0.0,0,0,0,-9999.0,0.25,1,P2_CV0,2,0,2,0,2
3,2532969.44,705413.5711,R3_F3_m3f3_P3_Y0_UO312,R3_F3_m-1f-1_P3_Y-1_U71,R3_F3_m-1f-1_P3_Y-1_U129,MXY,1,31.021933860880445,0,0,0.0,0,0,0,-9999.0,0.25,1,P2_CV0,2,2,0,1,1
3,2532969.44,705413.5711,R3_F3_m3f3_P3_Y0_UO324,R3_F3_m-1f-1_P3_Y-1_U138,R3_F3_m-1f-1_P3_Y-1_U115,MXY,1,31.021933860880445,0,0,0.0,0,0,0,-9999.0,0.5,1,P2_CV0,2,1,1,1,1
3,2532969.44,705413.5711,R3_F3_m3f3_P3_Y0_UO325,R3_F3_m-1f-1_P3_Y-1_U138,R3_F3_m-1f-1_P3_Y-1_U115,FXX,1,31.021933860880445,0,0,0.0,0,0,0,-9999.0,0.5,1,P2_CV0,2,1,1,0,2
3,2532969.44,705413.5711,R3_F3_m3f3_P3_Y0_UO326,R3_F3_m-1f-1_P3_Y-1_U138,R3_F3_m-1f-1_P3_Y-1_U115,FXX,1,31.021933860880445,0,0,0.0,0,0,0,-9999.0,0.5,1,P2_CV0,2,1,1,0,2
3,2532969.44,705413.5711,R3_F3_m3f3_P3_Y0_UO327,R3_F3_m-1f-1_P3_Y-1_U138,R3_F3_m-1f-1_P3_Y-1_U115,FXX,1,31.021933860880445,0,0,0.0,0,0,0,-9999.0,0.5,1,P2_CV0,2,1,1,0,2
3,2532969.44,705413.5711,R3_F3_m3f3_P3_Y0_UO335,R3_F3_m-1f-1_P3_Y-1_U102,R3_F3_m-1f-1_P3_Y-1_U129,MXY,1,31.021933860880445,0,0,0.0,0,0,0,-9999.0,0.5,1,P2_CV0,2,1,1,2,0
3,2532969.44,705413.5711,R3_F3_m3f3_P3_Y0_UO336,R3_F3_m-1f-1_P3_Y-1_U102,R3_F3_m-1f-1_P3_Y-1_U129,MXY,1,31.021933860880445,0,0,0.0,0,0,0,-9999.0,0.5,1,P2_CV0,2,2,0,0,2
3,2532969.44,705413.5711,R3_F3_m3f3_P3_Y0_UO337,R3_F3_m-1f-1_P3_Y-1_U102,R3_F3_m-1f-1_P3_Y-1_U129,FXX,1,31.021933860880445,0,0,0.0,0,0,0,-9999.0,0.5,1,P2_CV0,2,1,1,2,0
3,2532969.44,705413.5711,R3_F3_m3f3_P3_Y0_UO338,R3_F3_m-1f-1_P3_Y-1_U102,R3_F3_m-1f-1_P3_Y-1_U129,FXX,1,31.021933860880445,0,0,0.0,0,0,0,-9999.0,0.5,1,P2_CV0,2,1,1,0,2
3,2532969.44,705413.5711,R3_F3_m3f3_P3_Y0_UO350,R3_F3_m-1f-1_P3_Y-1_U57,R3_F3_m-1f-1_P3_Y-1_U66,FXX,1,31.021933860880445,0,0,0.0,0,0,0,-9999.0,0.75,1,P2_CV0,2,2,0,2,0
3,2532969.44,705413.5711,R3_F3_m3f3_P3_Y0_UO351,R3_F3_m-1f-1_P3_Y-1_U57,R3_F3_m-1f-1_P3_Y-1_U66,MXY,1,31.021933860880445,0,0,0.0,0,0,0,-9999.0,0.75,1,P2_CV0,2,0,2,0,2
3,2532969.44,705413.5711,R3_F3_m3f3_P3_Y0_UO352,R3_F3_m-1f-1_P3_Y-1_U57,R3_F3_m-1f-1_P3_Y-1_U66,MXY,1,31.021933860880445,0,0,0.0,0,0,0,-9999.0,0.75,1,P2_CV0,2,1,1,0,2
3,2532969.44,705413.5711,R3_F3_m3f3_P3_Y0_UO353,R3_F3_m-1f-1_P3_Y-1_U57,R3_F3_m-1f-1_P3_Y-1_U66,MXY,1,31.021933860880445,0,0,0.0,0,0,0,-9999.0,0.75,1,P2_CV0,2,1,1,1,1
3,2532969.44,705413.5711,R3_F3_m3f3_P3_Y0_UO376,R3_F3_m-1f-1_P3_Y-1_U133,R3_F3_m-1f-1_P3_Y-1_U11,FXX,1,31.021933860880445,0,0,0.0,0,0,0,-9999.0,0.5,1,P2_CV0,2,0,2,1,1
3,2532969.44,705413.5711,R3_F3_m3f3_P3_Y0_UO377,R3_F3_m-1f-1_P3_Y-1_U133,R3_F3_m-1f-1_P3_Y-1_U11,MXY,1,31.021933860880445,0,0,0.0,0,0,0,-9999.0,0.5,1,P2_CV0,2,1,1,1,1
3,2532969.44,705413.5711,R3_F3_m3f3_P3_Y0_UO410,R3_F3_m-1f-1_P3_Y-1_U35,R3_F3_m-1f-1_P3_Y-1_U24,FXX,1,31.021933860880445,0,0,0.0,0,0,0,-9999.0,1.0,1,P2_CV0,2,1,1,0,2
3,2532969.44,705413.5711,R3_F3_m3f3_P3_Y0_UO411,R3_F3_m-1f-1_P3_Y-1_U35,R3_F3_m-1f-1_P3_Y-1_U24,MXY,1,31.021933860880445,0,0,0.0,0,0,0,-9999.0,1.0,1,P2_CV0,2,1,1,1,1
3,2532969.44,705413.5711,R3_F3_m3f3_P3_Y0_UO412,R3_F3_m-1f-1_P3_Y-1_U35,R3_F3_m-1f-1_P3_Y-1_U24,FXX,1,31.021933860880445,0,0,0.0,0,0,0,-9999.0,1.0,1,P2_CV0,2,1,1,1,1
3,2532969.44,705413.5711,R3_F3_m3f3_P3_Y0_UO413,R3_F3_m-1f-1_P3_Y-1_U123,R3_F3_m-1f-1_P3_Y-1_U27,MXY,1,31.021933860880445,0,0,0.0,0,0,0,-9999.0,0.75,1,P2_CV0,2,1,1,2,0
3,2532969.44,705413.5711,R3_F3_m3f3_P3_Y0_UO414,R3_F3_m-1f-1_P3_Y-1_U123,R3_F3_m-1f-1_P3_Y-1_U27,FXX,1,31.021933860880445,0,0,0.0,0,0,0,-9999.0,0.75,1,P2_CV0,2,2,0,0,2
3,2532969.44,705413.5711,R3_F3_m3f3_P3_Y0_UO415,R3_F3_m-1f-1_P3_Y-1_U123,R3_F3_m-1f-1_P3_Y-1_U27,FXX,1,31.021933860880445,0,0,0.0,0,0,0,-9999.0,0.75,1,P2_CV0,2,1,1,2,0
3,2532969.44,705413.5711,R3_F3_m3f3_P3_Y0_UO440,R3_F3_m-1f-1_P3_Y-1_U20,R3_F3_m-1f-1_P3_Y-1_U56,FXX,1,31.021933860880445,0,0,0.0,0,0,0,-9999.0,0.25,1,P2_CV0,2,0,2,1,1
3,2532969.44,705413.5711,R3_F3_m3f3_P3_Y0_UO441,R3_F3_m-1f-1_P3_Y-1_U20,R3_F3_m-1f-1_P3_Y-1_U56,MXY,1,31.021933860880445,0,0,0.0,0,0,0,-9999.0,0.25,1,P2_CV0,2,2,0,1,1
3,2532969.44,705413.5711,R3_F3_m3f3_P3_Y0_UO442,R3_F3_m-1f-1_P3_Y-1_U20,R3_F3_m-1f-1_P3_Y-1_U56,MXY,1,31.021933860880445,0,0,0.0,0,0,0,-9999.0,0.25,1,P2_CV0,2,1,1,1,1
3,2532969.44,705413.5711,R3_F3_m3f3_P3_Y0_UO445,R3_F3_m-1f-1_P3_Y-1_U53,R3_F3_m-1f-1_P3_Y-1_U55,MXY,1,31.021933860880445,0,0,0.0,0,0,0,-9999.0,0.0,1,P2_CV0,2,1,1,0,2
3,2532969.44,705413.5711,R3_F3_m3f3_P3_Y0_UO446,R3_F3_m-1f-1_P3_Y-1_U53,R3_F3_m-1f-1_P3_Y-1_U55,FXX,1,31.021933860880445,0,0,0.0,0,0,0,-9999.0,0.0,1,P2_CV0,2,2,0,1,1
3,2532969.44,705413.5711,R3_F3_m3f3_P3_Y0_UO475,R3_F3_m-1f-1_P3_Y-1_U112,R3_F3_m-1f-1_P3_Y-1_U30,FXX,1,31.021933860880445,0,0,0.0,0,0,0,-9999.0,0.75,1,P2_CV0,2,1,1,0,2
3,2532969.44,705413.5711,R3_F3_m3f3_P3_Y0_UO476,R3_F3_m-1f-1_P3_Y-1_U112,R3_F3_m-1f-1_P3_Y-1_U30,MXY,1,31.021933860880445,0,0,0.0,0,0,0,-9999.0,0.75,1,P2_CV0,2,2,0,1,1
3,2532969.44,705413.5711,R3_F3_m3f3_P3_Y0_UO477,R3_F3_m-1f-1_P3_Y-1_U112,R3_F3_m-1f-1_P3_Y-1_U30,FXX,1,31.021933860880445,0,0,0.0,0,0,0,-9999.0,0.75,1,P2_CV0,2,2,0,1,1
3,2532969.44,705413.5711,R3_F3_m3f3_P3_Y0_UO478,R3_F3_m-1f-1_P3_Y-1_U112,R3_F3_m-1f-1_P3_Y-1_U30,FXX,1,31.021933860880445,0,0,0.0,0,0,0,-9999.0,0.75,1,P2_CV0,2,1,1,0,2
3,2532969.44,705413.5711,R3_F3_m3f3_P3_Y0_UO479,R3_F3_m-1f-1_P3_Y-1_U138,R3_F3_m-1f-1_P3_Y-1_U78,FXX,1,31.021933860880445,0,0,0.0,0,0,0,-9999.0,0.5,1,P2_CV0,2,0,2,1,1
3,2532969.44,705413.5711,R3_F3_m3f3_P3_Y0_UO480,R3_F3_m-1f-1_P3_Y-1_U138,R3_F3_m-1f-1_P3_Y-1_U78,MXY,1,31.021933860880445,0,0,0.0,0,0,0,-9999.0,0.5,1,P2_CV0,2,1,1,0,2
3,2532969.44,705413.5711,R3_F3_m3f3_P3_Y0_UO481,R3_F3_m-1f-1_P3_Y-1_U138,R3_F3_m-1f-1_P3_Y-1_U78,MXY,1,31.021933860880445,0,0,0.0,0,0,0,-9999.0,0.5,1,P2_CV0,2,1,1,1,1
3,2532969.44,705413.5711,R3_F3_m3f3_P3_Y0_UO482,R3_F3_m-1f-1_P3_Y-1_U138,R3_F3_m-1f-1_P3_Y-1_U78,MXY,1,31.021933860880445,0,0,0.0,0,0,0,-9999.0,0.5,1,P2_CV0,2,1,1,2,0
3,2532969.44,705413.5711,R3_F3_m3f3_P3_Y0_UO552,R3_F3_m-1f-1_P3_Y-1_U126,R3_F3_m-1f-1_P3_Y-1_U55,FXX,1,31.021933860880445,0,0,0.0,0,0,0,-9999.0,0.25,1,P2_CV0,2,0,2,2,0
3,2532969.44,705413.5711,R3_F3_m3f3_P3_Y0_UO553,R3_F3_m-1f-1_P3_Y-1_U126,R3_F3_m-1f-1_P3_Y-1_U55,FXX,1,31.021933860880445,0,0,0.0,0,0,0,-9999.0,0.25,1,P2_CV0,2,2,0,2,0
3,2532969.44,705413.5711,R3_F3_m3f3_P3_Y0_UO554,R3_F3_m-1f-1_P3_Y-1_U126,R3_F3_m-1f-1_P3_Y-1_U55,FXX,1,31.021933860880445,0,0,0.0,0,0,0,-9999.0,0.25,1,P2_CV0,2,1,1,1,1
3,2532969.44,705413.5711,R3_F3_m3f3_P3_Y0_UO555,R3_F3_m-1f-1_P3_Y-1_U126,R3_F3_m-1f-1_P3_Y-1_U55,FXX,1,31.021933860880445,0,0,0.0,0,0,0,-9999.0,0.25,1,P2_CV0,2,0,2,0,2
3,2532969.44,705413.5711,R3_F3_m3f3_P3_Y0_UO556,R3_F3_m-1f-1_P3_Y-1_U126,R3_F3_m-1f-1_P3_Y-1_U55,MXY,1,31.021933860880445,0,0,0.0,0,0,0,-9999.0,0.25,1,P2_CV0,2,2,0,1,1
3,2532969.44,705413.5711,R3_F3_m3f3_P3_Y0_UO557,R3_F3_m-1f-1_P3_Y-1_U126,R3_F3_m-1f-1_P3_Y-1_U55,FXX,1,31.021933860880445,0,0,0.0,0,0,0,-9999.0,0.25,1,P2_CV0,2,0,2,1,1
3,2532969.44,705413.5711,R3_F3_m3f3_P3_Y0_UO558,R3_F3_m-1f-1_P3_Y-1_U126,R3_F3_m-1f-1_P3_Y-1_U55,FXX,1,31.021933860880445,0,0,0.0,0,0,0,-9999.0,0.25,1,P2_CV0,2,2,0,0,2
3,2532969.44,705413.5711,R3_F3_m3f3_P3_Y0_UO559,R3_F3_m-1f-1_P3_Y-1_U126,R3_F3_m-1f-1_P3_Y-1_U55,MXY,1,31.021933860880445,0,0,0.0,0,0,0,-9999.0,0.25,1,P2_CV0,2,1,1,0,2
3,2532969.44,705413.5711,R3_F3_m3f3_P3_Y0_UO560,R3_F3_m-1f-1_P3_Y-1_U126,R3_F3_m-1f-1_P3_Y-1_U55,FXX,1,31.021933860880445,0,0,0.0,0,0,0,-9999.0,0.25,1,P2_CV0,2,1,1,1,1
3,2532969.44,705413.5711,R3_F3_m3f3_P3_Y0_UO667,R3_F3_m-1f-1_P3_Y-1_U102,R3_F3_m-1f-1_P3_Y-1_U24,FXX,1,31.021933860880445,0,0,0.0,0,0,0,-9999.0,0.75,1,P2_CV0,2,1,1,1,1
3,2532969.44,705413.5711,R3_F3_m3f3_P3_Y0_UO668,R3_F3_m-1f-1_P3_Y-1_U102,R3_F3_m-1f-1_P3_Y-1_U24,MXY,1,31.021933860880445,0,0,0.0,0,0,0,-9999.0,0.75,1,P2_CV0,2,2,0,0,2
3,2532969.44,705413.5711,R3_F3_m3f3_P3_Y0_UO669,R3_F3_m-1f-1_P3_Y-1_U102,R3_F3_m-1f-1_P3_Y-1_U24,FXX,1,31.021933860880445,0,0,0.0,0,0,0,-9999.0,0.75,1,P2_CV0,2,0,2,1,1
3,2532969.44,705413.5711,R3_F3_m3f3_P3_Y0_UO691,R3_F3_m-1f-1_P3_Y-1_U81,R3_F3_m-1f-1_P3_Y-1_U120,FXX,1,31.021933860880445,0,0,0.0,0,0,0,-9999.0,0.25,1,P2_CV0,2,2,0,2,0
3,2532969.44,705413.5711,R3_F3_m3f3_P3_Y0_UO692,R3_F3_m-1f-1_P3_Y-1_U81,R3_F3_m-1f-1_P3_Y-1_U120,MXY,1,31.021933860880445,0,0,0.0,0,0,0,-9999.0,0.25,1,P2_CV0,2,1,1,0,2
3,2532969.44,705413.5711,R3_F3_m3f3_P3_Y0_UO693,R3_F3_m-1f-1_P3_Y-1_U81,R3_F3_m-1f-1_P3_Y-1_U120,MXY,1,31.021933860880445,0,0,0.0,0,0,0,-9999.0,0.25,1,P2_CV0,2,1,1,2,0
3,2532969.44,705413.5711,R3_F3_m3f3_P3_Y0_UO694,R3_F3_m-1f-1_P3_Y-1_U81,R3_F3_m-1f-1_P3_Y-1_U120,MXY,1,31.021933860880445,0,0,0.0,0,0,0,-9999.0,0.25,1,P2_CV0,2,0,2,1,1
3,2532969.44,705413.5711,R3_F3_m3f3_P3_Y0_UO699,R3_F3_m-1f-1_P3_Y-1_U123,R3_F3_m-1f-1_P3_Y-1_U18,MXY,1,31.021933860880445,0,0,0.0,0,0,0,-9999.0,0.5,1,P2_CV0,2,1,1,1,1
3,2532969.44,705413.5711,R3_F3_m3f3_P3_Y0_UO700,R3_F3_m-1f-1_P3_Y-1_U123,R3_F3_m-1f-1_P3_Y-1_U18,MXY,1,31.021933860880445,0,0,0.0,0,0,0,-9999.0,0.5,1,P2_CV0,2,1,1,2,0
3,2532969.44,705413.5711,R3_F3_m3f3_P3_Y0_UO701,R3_F3_m-1f-1_P3_Y-1_U29,R3_F3_m-1f-1_P3_Y-1_U26,FXX,1,31.021933860880445,0,0,0.0,0,0,0,-9999.0,0.75,1,P2_CV0,2,1,1,0,2
3,2532969.44,705413.5711,R3_F3_m3f3_P3_Y0_UO702,R3_F3_m-1f-1_P3_Y-1_U29,R3_F3_m-1f-1_P3_Y-1_U26,MXY,1,31.021933860880445,0,0,0.0,0,0,0,-9999.0,0.75,1,P2_CV0,2,0,2,0,2
3,2532969.44,705413.5711,R3_F3_m3f3_P3_Y0_UO703,R3_F3_m-1f-1_P3_Y-1_U29,R3_F3_m-1f-1_P3_Y-1_U26,MXY,1,31.021933860880445,0,0,0.0,0,0,0,-9999.0,0.75,1,P2_CV0,2,2,0,0,2
3,2532969.44,705413.5711,R3_F3_m3f3_P3_Y0_UO719,R3_F3_m-1f-1_P3_Y-1_U134,R3_F3_m-1f-1_P3_Y-1_U49,FXX,1,31.021933860880445,0,0,0.0,0,0,0,-9999.0,0.5,1,P2_CV0,2,2,0,1,1
3,2532969.44,705413.5711,R3_F3_m3f3_P3_Y0_UO720,R3_F3_m-1f-1_P3_Y-1_U134,R3_F3_m-1f-1_P3_Y-1_U49,MXY,1,31.021933860880445,0,0,0.0,0,0,0,-9999.0,0.5,1,P2_CV0,2,0,2,2,0
3,2532969.44,705413.5711,R3_F3_m3f3_P3_Y0_UO721,R3_F3_m-1f-1_P3_Y-1_U134,R3_F3_m-1f-1_P3_Y-1_U49,FXX,1,31.021933860880445,0,0,0.0,0,0,0,-9999.0,0.5,1,P2_CV0,2,1,1,1,1
3,2532969.44,705413.5711,R3_F3_m3f3_P3_Y0_UO740,R3_F3_m-1f-1_P3_Y-1_U81,R3_F3_m-1f-1_P3_Y-1_U36,FXX,1,31.021933860880445,0,0,0.0,0,0,0,-9999.0,0.5,1,P2_CV0,2,0,2,0,2
3,2532969.44,705413.5711,R3_F3_m3f3_P3_Y0_UO766,R3_F3_m-1f-1_P3_Y-1_U140,R3_F3_m-1f-1_P3_Y-1_U27,MXY,1,31.021933860880445,0,0,0.0,0,0,0,-9999.0,0.25,1,P2_CV0,2,1,1,1,1
3,2532969.44,705413.5711,R3_F3_m3f3_P3_Y0_UO767,R3_F3_m-1f-1_P3_Y-1_U140,R3_F3_m-1f-1_P3_Y-1_U27,MXY,1,31.021933860880445,0,0,0.0,0,0,0,-9999.0,0.25,1,P2_CV0,2,1,1,1,1
3,2532969.44,705413.5711,R3_F3_m3f3_P3_Y0_UO776,R3_F3_m-1f-1_P3_Y-1_U71,R3_F3_m-1f-1_P3_Y-1_U26,MXY,1,31.021933860880445,0,0,0.0,0,0,0,-9999.0,0.5,1,P2_CV0,2,2,0,2,0
3,2532969.44,705413.5711,R3_F3_m3f3_P3_Y0_UO777,R3_F3_m-1f-1_P3_Y-1_U71,R3_F3_m-1f-1_P3_Y-1_U26,MXY,1,31.021933860880445,0,0,0.0,0,0,0,-9999.0,0.5,1,P2_CV0,2,1,1,1,1
3,2532969.44,705413.5711,R3_F3_m3f3_P3_Y0_UO778,R3_F3_m-1f-1_P3_Y-1_U71,R3_F3_m-1f-1_P3_Y-1_U26,FXX,1,31.021933860880445,0,0,0.0,0,0,0,-9999.0,0.5,1,P2_CV0,2,1,1,1,1
3,2532969.44,705413.5711,R3_F3_m3f3_P3_Y0_UO782,R3_F3_m-1f-1_P3_Y-1_U112,R3_F3_m-1f-1_P3_Y-1_U36,MXY,1,31.021933860880445,0,0,0.0,0,0,0,-9999.0,0.5,1,P2_CV0,2,2,0,1,1
3,2532969.44,705413.5711,R3_F3_m3f3_P3_Y0_UO783,R3_F3_m-1f-1_P3_Y-1_U112,R3_F3_m-1f-1_P3_Y-1_U36,MXY,1,31.021933860880445,0,0,0.0,0,0,0,-9999.0,0.5,1,P2_CV0,2,0,2,1,1
3,2532969.44,705413.5711,R3_F3_m3f3_P3_Y0_UO784,R3_F3_m-1f-1_P3_Y-1_U112,R3_F3_m-1f-1_P3_Y-1_U36,FXX,1,31.021933860880445,0,0,0.0,0,0,0,-9999.0,0.5,1,P2_CV0,2,2,0,0,2
3,2532969.44,705413.5711,R3_F3_m3f3_P3_Y0_UO785,R3_F3_m-1f-1_P3_Y-1_U112,R3_F3_m-1f-1_P3_Y-1_U36,MXY,1,31.021933860880445,0,0,0.0,0,0,0,-9999.0,0.5,1,P2_CV0,2,2,0,0,2
3,2532969.44,705413.5711,R3_F3_m3f3_P3_Y0_UO798,R3_F3_m-1f-1_P3_Y-1_U81,R3_F3_m-1f-1_P3_Y-1_U39,MXY,1,31.021933860880445,0,0,0.0,0,0,0,-9999.0,0.5,1,P2_CV0,2,2,0,0,2
3,2532969.44,705413.5711,R3_F3_m3f3_P3_Y0_UO799,R3_F3_m-1f-1_P3_Y-1_U81,R3_F3_m-1f-1_P3_Y-1_U39,FXX,1,31.021933860880445,0,0,0.0,0,0,0,-9999.0,0.5,1,P2_CV0,2,2,0,2,0
3,2532969.44,705413.5711,R3_F3_m-1f-1_P3_Y-1_U0,-9999,-9999,FXX,2,31.027057845351983,1,0,2.768,0,0,0,-9999.0,0.5,1,P2_CV0,2,1,1,1,1
3,2532969.44,705413.5711,R3_F3_m-1f-1_P3_Y-1_U2,-9999,-9999,FXX,2,31.027057845351983,1,0,0.0,0,0,0,-9999.0,1.0,1,P2_CV0,2,2,0,0,2
3,2532969.44,705413.5711,R3_F3_m-1f-1_P3_Y-1_U3,-9999,-9999,MXY,2,31.027057845351983,1,0,0.0,0,0,0,-9999.0,0.5,1,P2_CV0,2,1,1,1,1
3,2532969.44,705413.5711,R3_F3_m-1f-1_P3_Y-1_U5,-9999,-9999,MXY,2,31.027057845351983,1,0,0.0,0,0,0,-9999.0,1.0,1,P2_CV0,2,2,0,2,0
3,2532969.44,705413.5711,R3_F3_m-1f-1_P3_Y-1_U7,-9999,-9999,MXY,2,31.027057845351983,1,0,0.0,0,0,0,-9999.0,0.5,1,P2_CV0,2,1,1,1,1
3,2532969.44,705413.5711,R3_F3_m-1f-1_P3_Y-1_U9,-9999,-9999,FXX,2,31.027057845351983,1,0,0.0,0,0,0,-9999.0,0.5,1,P2_CV0,2,1,1,1,1
3,2532969.44,705413.5711,R3_F3_m-1f-1_P3_Y-1_U13,-9999,-9999,MXY,2,31.027057845351983,1,0,0.0,0,0,0,-9999.0,0.0,1,P2_CV0,2,0,2,1,1
3,2532969.44,705413.5711,R3_F3_m-1f-1_P3_Y-1_U14,-9999,-9999,FXX,2,31.027057845351983,1,0,1.379,0,0,0,-9999.0,1.0,1,P2_CV0,2,2,0,1,1
3,2532969.44,705413.5711,R3_F3_m-1f-1_P3_Y-1_U15,-9999,-9999,FXX,2,31.027057845351983,1,0,2.936,0,0,0,-9999.0,0.5,1,P2_CV0,2,1,1,1,1
3,2532969.44,705413.5711,R3_F3_m-1f-1_P3_Y-1_U17,-9999,-9999,MXY,2,31.027057845351983,1,0,0.0,0,0,0,-9999.0,0.5,1,P2_CV0,2,1,1,1,1
3,2532969.44,705413.5711,R3_F3_m-1f-1_P3_Y-1_U22,-9999,-9999,MXY,2,31.027057845351983,1,0,0.0,0,0,0,-9999.0,0.5,1,P2_CV0,2,1,1,1,1
3,2532969.44,705413.5711,R3_F3_m-1f-1_P3_Y-1_U25,-9999,-9999,FXX,2,31.027057845351983,1,0,1.914,0,0,0,-9999.0,0.5,1,P2_CV0,2,1,1,2,0
3,2532969.44,705413.5711,R3_F3_m-1f-1_P3_Y-1_U32,-9999,-9999,MXY,2,31.027057845351983,1,0,0.0,0,0,0,-9999.0,1.0,1,P2_CV0,2,2,0,1,1
3,2532969.44,705413.5711,R3_F3_m-1f-1_P3_Y-1_U33,-9999,-9999,FXX,2,31.027057845351983,1,0,0.0,0,0,0,-9999.0,0.0,1,P2_CV0,2,0,2,1,1
3,2532969.44,705413.5711,R3_F3_m-1f-1_P3_Y-1_U34,-9999,-9999,FXX,2,31.027057845351983,1,0,1.0,0,0,0,-9999.0,1.0,1,P2_CV0,2,2,0,2,0
3,2532969.44,705413.5711,R3_F3_m-1f-1_P3_Y-1_U37,-9999,-9999,FXX,2,31.027057845351983,1,0,0.0,0,0,0,-9999.0,1.0,1,P2_CV0,2,2,0,1,1
3,2532969.44,705413.5711,R3_F3_m-1f-1_P3_Y-1_U40,-9999,-9999,MXY,2,31.027057845351983,1,0,0.0,0,0,0,-9999.0,0.0,1,P2_CV0,2,0,2,0,2
3,2532969.44,705413.5711,R3_F3_m-1f-1_P3_Y-1_U41,-9999,-9999,MXY,2,31.027057845351983,1,0,0.0,0,0,0,-9999.0,1.0,1,P2_CV0,2,2,0,0,2
3,2532969.44,705413.5711,R3_F3_m-1f-1_P3_Y-1_U43,-9999,-9999,MXY,2,31.027057845351983,1,0,0.0,0,0,0,-9999.0,0.5,1,P2_CV0,2,1,1,1,1
3,2532969.44,705413.5711,R3_F3_m-1f-1_P3_Y-1_U44,-9999,-9999,FXX,2,31.027057845351983,1,0,0.0,0,0,0,-9999.0,0.0,1,P2_CV0,2,0,2,1,1
3,2532969.44,705413.5711,R3_F3_m-1f-1_P3_Y-1_U45,-9999,-9999,MXY,2,31.027057845351983,1,0,0.0,0,0,0,-9999.0,0.5,1,P2_CV0,2,1,1,0,2
3,2532969.44,705413.5711,R3_F3_m-1f-1_P3_Y-1_U48,-9999,-9999,MXY,2,31.027057845351983,1,0,0.0,0,0,0,-9999.0,0.5,1,P2_CV0,2,1,1,0,2
3,2532969.44,705413.5711,R3_F3_m-1f-1_P3_Y-1_U50,-9999,-9999,FXX,2,31.027057845351983,1,0,0.0,0,0,0,-9999.0,0.5,1,P2_CV0,2,1,1,2,0
3,2532969.44,705413.5711,R3_F3_m-1f-1_P3_Y-1_U51,-9999,-9999,MXY,2,31.027057845351983,1,0,0.0,0,0,0,-9999.0,0.5,1,P2_CV0,2,1,1,1,1
3,2532969.44,705413.5711,R3_F3_m-1f-1_P3_Y-1_U52,-9999,-9999,FXX,2,31.027057845351983,1,0,1.0,0,0,0,-9999.0,1.0,1,P2_CV0,2,2,0,2,0
3,2532969.44,705413.5711,R3_F3_m-1f-1_P3_Y-1_U54,-9999,-9999,MXY,2,31.027057845351983,1,0,0.0,0,0,0,-9999.0,0.5,1,P2_CV0,2,1,1,1,1
3,2532969.44,705413.5711,R3_F3_m-1f-1_P3_Y-1_U58,-9999,-9999,MXY,2,31.027057845351983,1,0,0.0,0,0,0,-9999.0,0.5,1,P2_CV0,2,1,1,2,0
3,2532969.44,705413.5711,R3_F3_m-1f-1_P3_Y-1_U59,-9999,-9999,MXY,2,31.027057845351983,1,0,0.0,0,0,0,-9999.0,0.5,1,P2_CV0,2,1,1,1,1
3,2532969.44,705413.5711,R3_F3_m-1f-1_P3_Y-1_U61,-9999,-9999,MXY,2,31.027057845351983,1,0,0.0,0,0,0,-9999.0,0.5,1,P2_CV0,2,1,1,1,1
3,2532969.44,705413.5711,R3_F3_m-1f-1_P3_Y-1_U64,-9999,-9999,MXY,2,31.027057845351983,1,0,0.0,0,0,0,-9999.0,0.0,1,P2_CV0,2,0,2,1,1
3,2532969.44,705413.5711,R3_F3_m-1f-1_P3_Y-1_U65,-9999,-9999,FXX,2,31.027057845351983,1,0,1.62,0,0,0,-9999.0,0.5,1,P2_CV0,2,1,1,1,1
3,2532969.44,705413.5711,R3_F3_m-1f-1_P3_Y-1_U68,-9999,-9999,FXX,2,31.027057845351983,1,0,1.372,0,0,0,-9999.0,0.5,1,P2_CV0,2,1,1,0,2
3,2532969.44,705413.5711,R3_F3_m-1f-1_P3_Y-1_U70,-9999,-9999,FXX,2,31.027057845351983,1,0,1.0,0,0,0,-9999.0,0.0,1,P2_CV0,2,0,2,1,1
3,2532969.44,705413.5711,R3_F3_m-1f-1_P3_Y-1_U72,-9999,-9999,FXX,2,31.027057845351983,1,0,0.0,0,0,0,-9999.0,0.5,1,P2_CV0,2,1,1,1,1
3,2532969.44,705413.5711,R3_F3_m-1f-1_P3_Y-1_U73,-9999,-9999,MXY,2,31.027057845351983,1,0,0.0,0,0,0,-9999.0,0.5,1,P2_CV0,2,1,1,1,1
3,2532969.44,705413.5711,R3_F3_m-1f-1_P3_Y-1_U76,-9999,-9999,MXY,2,31.027057845351983,1,0,0.0,0,0,0,-9999.0,0.0,1,P2_CV0,2,0,2,1,1
3,2532969.44,705413.5711,R3_F3_m-1f-1_P3_Y-1_U80,-9999,-9999,FXX,2,31.027057845351983,1,0,1.0,0,0,0,-9999.0,0.5,1,P2_CV0,2,1,1,2,0
3,2532969.44,705413.5711,R3_F3_m-1f-1_P3_Y-1_U83,-9999,-9999,MXY,2,31.027057845351983,1,0,0.0,0,0,0,-9999.0,0.5,1,P2_CV0,2,1,1,1,1
3,2532969.44,705413.5711,R3_F3_m-1f-1_P3_Y-1_U84,-9999,-9999,MXY,2,31.027057845351983,1,0,0.0,0,0,0,-9999.0,0.5,1,P2_CV0,2,1,1,0,2
3,2532969.44,705413.5711,R3_F3_m-1f-1_P3_Y-1_U85,-9999,-9999,MXY,2,31.027057845351983,1,0,0.0,0,0,0,-9999.0,0.5,1,P2_CV0,2,1,1,1,1
3,2532969.44,705413.5711,R3_F3_m-1f-1_P3_Y-1_U86,-9999,-9999,FXX,2,31.027057845351983,1,0,1.782,0,0,0,-9999.0,0.0,1,P2_CV0,2,0,2,1,1
3,2532969.44,705413.5711,R3_F3_m-1f-1_P3_Y-1_U88,-9999,-9999,FXX,2,31.027057845351983,1,0,2.788,0,0,0,-9999.0,1.0,1,P2_CV0,2,2,0,1,1
3,2532969.44,705413.5711,R3_F3_m-1f-1_P3_Y-1_U89,-9999,-9999,FXX,2,31.027057845351983,1,0,1.228,0,0,0,-9999.0,1.0,1,P2_CV0,2,2,0,0,2
3,2532969.44,705413.5711,R3_F3_m-1f-1_P3_Y-1_U91,-9999,-9999,FXX,2,31.027057845351983,1,0,1.434,0,0,0,-9999.0,0.0,1,P2_CV0,2,0,2,1,1
3,2532969.44,705413.5711,R3_F3_m-1f-1_P3_Y-1_U92,-9999,-9999,MXY,2,31.027057845351983,1,0,0.0,0,0,0,-9999.0,0.5,1,P2_CV0,2,1,1,0,2
3,2532969.44,705413.5711,R3_F3_m-1f-1_P3_Y-1_U97,-9999,-9999,FXX,2,31.027057845351983,1,0,1.289,0,0,0,-9999.0,0.5,1,P2_CV0,2,1,1,2,0
3,2532969.44,705413.5711,R3_F3_m-1f-1_P3_Y-1_U98,-9999,-9999,FXX,2,31.027057845351983,1,0,1.473,0,0,0,-9999.0,1.0,1,P2_CV0,2,2,0,0,2
3,2532969.44,705413.5711,R3_F3_m-1f-1_P3_Y-1_U99,-9999,-9999,FXX,2,31.027057845351983,1,0,2.823,0,0,0,-9999.0,1.0,1,P2_CV0,2,2,0,1,1
3,2532969.44,705413.5711,R3_F3_m-1f-1_P3_Y-1_U100,-9999,-9999,FXX,2,31.027057845351983,1,0,3.166,0,0,0,-9999.0,0.0,1,P2_CV0,2,0,2,2,0
3,2532969.44,705413.5711,R3_F3_m-1f-1_P3_Y-1_U101,-9999,-9999,MXY,2,31.027057845351983,1,0,0.0,0,0,0,-9999.0,0.5,1,P2_CV0,2,1,1,1,1
3,2532969.44,705413.5711,R3_F3_m-1f-1_P3_Y-1_U103,-9999,-9999,MXY,2,31.027057845351983,1,0,0.0,0,0,0,-9999.0,0.5,1,P2_CV0,2,1,1,2,0
3,2532969.44,705413.5711,R3_F3_m-1f-1_P3_Y-1_U104,-9999,-9999,FXX,2,31.027057845351983,1,0,0.0,0,0,0,-9999.0,0.0,1,P2_CV0,2,0,2,1,1
3,2532969.44,705413.5711,R3_F3_m-1f-1_P3_Y-1_U106,-9999,-9999,FXX,2,31.027057845351983,1,0,1.0,0,0,0,-9999.0,0.5,1,P2_CV0,2,1,1,0,2
3,2532969.44,705413.5711,R3_F3_m-1f-1_P3_Y-1_U109,-9999,-9999,FXX,2,31.027057845351983,1,0,2.94,0,0,0,-9999.0,0.0,1,P2_CV0,2,0,2,0,2
3,2532969.44,705413.5711,R3_F3_m-1f-1_P3_Y-1_U110,-9999,-9999,FXX,2,31.027057845351983,1,0,1.0,0,0,0,-9999.0,0.5,1,P2_CV0,2,1,1,0,2
3,2532969.44,705413.5711,R3_F3_m-1f-1_P3_Y-1_U111,-9999,-9999,FXX,2,31.027057845351983,1,0,2.142,0,0,0,-9999.0,0.5,1,P2_CV0,2,1,1,0,2
3,2532969.44,705413.5711,R3_F3_m-1f-1_P3_Y-1_U114,-9999,-9999,FXX,2,31.027057845351983,1,0,1.397,0,0,0,-9999.0,0.5,1,P2_CV0,2,1,1,2,0
3,2532969.44,705413.5711,R3_F3_m-1f-1_P3_Y-1_U117,-9999,-9999,MXY,2,31.027057845351983,1,0,0.0,0,0,0,-9999.0,1.0,1,P2_CV0,2,2,0,0,2
3,2532969.44,705413.5711,R3_F3_m-1f-1_P3_Y-1_U118,-9999,-9999,MXY,2,31.027057845351983,1,0,0.0,0,0,0,-9999.0,1.0,1,P2_CV0,2,2,0,1,1
3,2532969.44,705413.5711,R3_F3_m-1f-1_P3_Y-1_U119,-9999,-9999,MXY,2,31.027057845351983,1,0,0.0,0,0,0,-9999.0,1.0,1,P2_CV0,2,2,0,1,1
3,2532969.44,705413.5711,R3_F3_m-1f-1_P3_Y-1_U122,-9999,-9999,MXY,2,31.027057845351983,1,0,0.0,0,0,0,-9999.0,0.5,1,P2_CV0,2,1,1,0,2
3,2532969.44,705413.5711,R3_F3_m-1f-1_P3_Y-1_U124,-9999,-9999,MXY,2,31.027057845351983,1,0,0.0,0,0,0,-9999.0,1.0,1,P2_CV0,2,2,0,1,1
3,2532969.44,705413.5711,R3_F3_m-1f-1_P3_Y-1_U127,-9999,-9999,MXY,2,31.027057845351983,1,0,0.0,0,0,0,-9999.0,1.0,1,P2_CV0,2,2,0,0,2
3,2532969.44,705413.5711,R3_F3_m-1f-1_P3_Y-1_U128,-9999,-9999,MXY,2,31.027057845351983,1,0,0.0,0,0,0,-9999.0,0.0,1,P2_CV0,2,0,2,0,2
3,2532969.44,705413.5711,R3_F3_m-1f-1_P3_Y-1_U130,-9999,-9999,FXX,2,31.027057845351983,1,0,0.0,0,0,0,-9999.0,0.0,1,P2_CV0,2,0,2,0,2
3,2532969.44,705413.5711,R3_F3_m-1f-1_P3_Y-1_U131,-9999,-9999,FXX,2,31.027057845351983,1,0,0.0,0,0,0,-9999.0,0.0,1,P2_CV0,2,0,2,0,2
3,2532969.44,705413.5711,R3_F3_m-1f-1_P3_Y-1_U132,-9999,-9999,MXY,2,31.027057845351983,1,0,0.0,0,0,0,-9999.0,0.5,1,P2_CV0,2,1,1,2,0
3,2532969.44,705413.5711,R3_F3_m-1f-1_P3_Y-1_U135,-9999,-9999,FXX,2,31.027057845351983,1,0,1.007,0,0,0,-9999.0,1.0,1,P2_CV0,2,2,0,2,0
3,2532969.44,705413.5711,R3_F3_m-1f-1_P3_Y-1_U136,-9999,-9999,FXX,2,31.027057845351983,1,0,0.0,0,0,0,-9999.0,0.5,1,P2_CV0,2,1,1,1,1
3,2532969.44,705413.5711,R3_F3_m-1f-1_P3_Y-1_U137,-9999,-9999,MXY,2,31.027057845351983,1,0,0.0,0,0,0,-9999.0,0.5,1,P2_CV0,2,1,1,2,0
3,2532969.44,705413.5711,R3_F3_m-1f-1_P3_Y-1_U4,-9999,-9999,MXY,3,48.03814405432908,1,0,0.0,0,0,0,-9999.0,0.5,1,P2_CV0,2,1,1,1,1
3,2532969.44,705413.5711,R3_F3_m-1f-1_P3_Y-1_U8,-9999,-9999,FXX,3,53.832144054329085,1,0,1.0,0,0,0,-9999.0,0.0,1,P2_CV0,2,0,2,1,1
3,2532969.44,705413.5711,R3_F3_m-1f-1_P3_Y-1_U11,-9999,-9999,MXY,3,48.31314405432908,1,0,0.0,0,0,0,-9999.0,0.5,1,P2_CV0,2,1,1,0,2
3,2532969.44,705413.5711,R3_F3_m-1f-1_P3_Y-1_U12,-9999,-9999,MXY,3,46.57414405432908,1,0,0.0,0,0,0,-9999.0,1.0,1,P2_CV0,2,2,0,0,2
3,2532969.44,705413.5711,R3_F3_m-1f-1_P3_Y-1_U20,-9999,-9999,FXX,3,53.10814405432908,1,0,1.671,0,0,0,-9999.0,0.5,1,P2_CV0,2,1,1,1,1
3,2532969.44,705413.5711,R3_F3_m-1f-1_P3_Y-1_U24,-9999,-9999,MXY,3,55.07514405432908,1,0,0.0,0,0,0,-9999.0,1.0,1,P2_CV0,2,2,0,0,2
3,2532969.44,705413.5711,R3_F3_m-1f-1_P3_Y-1_U26,-9999,-9999,MXY,3,53.09014405432908,1,0,0.0,0,0,0,-9999.0,1.0,1,P2_CV0,2,2,0,0,2
3,2532969.44,705413.5711,R3_F3_m-1f-1_P3_Y-1_U27,-9999,-9999,MXY,3,48.850144054329085,1,0,0.0,0,0,0,-9999.0,0.5,1,P2_CV0,2,1,1,1,1
3,2532969.44,705413.5711,R3_F3_m-1f-1_P3_Y-1_U28,-9999,-9999,MXY,3,52.113144054329084,1,0,0.0,0,0,0,-9999.0,0.0,1,P2_CV0,2,0,2,2,0
3,2532969.44,705413.5711,R3_F3_m-1f-1_P3_Y-1_U29,-9999,-9999,FXX,3,56.829144054329085,1,0,1.0,0,0,0,-9999.0,0.5,1,P2_CV0,2,1,1,0,2
3,2532969.44,705413.5711,R3_F3_m-1f-1_P3_Y-1_U30,-9999,-9999,MXY,3,55.256144054329084,1,0,0.0,0,0,0,-9999.0,1.0,1,P2_CV0,2,2,0,0,2
3,2532969.44,705413.5711,R3_F3_m-1f-1_P3_Y-1_U42,-9999,-9999,FXX,3,50.728144054329086,1,0,1.712,0,0,0,-9999.0,0.0,1,P2_CV0,2,0,2,2,0
3,2532969.44,705413.5711,R3_F3_m-1f-1_P3_Y-1_U53,-9999,-9999,FXX,3,55.02914405432908,1,0,1.004,0,0,0,-9999.0,0.0,1,P2_CV0,2,0,2,2,0
3,2532969.44,705413.5711,R3_F3_m-1f-1_P3_Y-1_U55,-9999,-9999,MXY,3,61.51314405432908,1,0,0.0,0,0,0,-9999.0,0.0,1,P2_CV0,2,0,2,2,0
3,2532969.44,705413.5711,R3_F3_m-1f-1_P3_Y-1_U57,-9999,-9999,FXX,3,53.362144054329086,1,0,1.0,0,0,0,-9999.0,1.0,1,P2_CV0,2,2,0,1,1
3,2532969.44,705413.5711,R3_F3_m-1f-1_P3_Y-1_U66,-9999,-9999,MXY,3,65.81314405432907,1,0,0.0,0,0,0,-9999.0,0.5,1,P2_CV0,2,1,1,0,2
3,2532969.44,705413.5711,R3_F3_m-1f-1_P3_Y-1_U69,-9999,-9999,MXY,3,62.622144054329084,1,0,0.0,0,0,0,-9999.0,1.0,1,P2_CV0,2,2,0,0,2
3,2532969.44,705413.5711,R3_F3_m-1f-1_P3_Y-1_U71,-9999,-9999,FXX,3,54.430144054329084,1,0,0.0,0,0,0,-9999.0,0.0,1,P2_CV0,2,0,2,0,2
3,2532969.44,705413.5711,R3_F3_m-1f-1_P3_Y-1_U75,-9999,-9999,MXY,3,47.048144054329086,1,0,0.0,0,0,0,-9999.0,0.5,1,P2_CV0,2,1,1,0,2
3,2532969.44,705413.5711,R3_F3_m-1f-1_P3_Y-1_U77,-9999,-9999,FXX,3,51.826144054329085,1,0,0.0,0,0,0,-9999.0,0.5,1,P2_CV0,2,1,1,1,1
3,2532969.44,705413.5711,R3_F3_m-1f-1_P3_Y-1_U78,-9999,-9999,MXY,3,51.725144054329085,1,0,0.0,0,0,0,-9999.0,0.5,1,P2_CV0,2,1,1,1,1
3,2532969.44,705413.5711,R3_F3_m-1f-1_P3_Y-1_U81,-9999,-9999,FXX,3,49.93114405432908,1,0,1.168,0,0,0,-9999.0,0.5,1,P2_CV0,2,1,1,0,2
3,2532969.44,705413.5711,R3_F3_m-1f-1_P3_Y-1_U93,-9999,-9999,MXY,3,52.47014405432908,1,0,0.0,0,0,0,-9999.0,0.5,1,P2_CV0,2,1,1,1,1
3,2532969.44,705413.5711,R3_F3_m-1f-1_P3_Y-1_U94,-9999,-9999,FXX,3,55.933144054329084,1,0,2.665,0,0,0,-9999.0,0.0,1,P2_CV0,2,0,2,1,1
3,2532969.44,705413.5711,R3_F3_m-1f-1_P3_Y-1_U95,-9999,-9999,FXX,3,54.643144054329085,1,0,1.0,0,0,0,-9999.0,0.5,1,P2_CV0,2,1,1,1,1
3,2532969.44,705413.5711,R3_F3_m-1f-1_P3_Y-1_U96,-9999,-9999,MXY,3,45.469144054329085,1,0,0.0,0,0,0,-9999.0,1.0,1,P2_CV0,2,2,0,2,0
3,2532969.44,705413.5711,R3_F3_m-1f-1_P3_Y-1_U105,-9999,-9999,FXX,3,55.241144054329084,1,0,2.167,0,0,0,-9999.0,1.0,1,P2_CV0,2,2,0,1,1
3,2532969.44,705413.5711,R3_F3_m-1f-1_P3_Y-1_U107,-9999,-9999,FXX,3,48.082144054329085,1,0,1.0,0,0,0,-9999.0,0.0,1,P2_CV0,2,0,2,2,0
3,2532969.44,705413.5711,R3_F3_m-1f-1_P3_Y-1_U116,-9999,-9999,FXX,3,45.64114405432908,1,0,1.076,0,0,0,-9999.0,0.5,1,P2_CV0,2,1,1,2,0
3,2532969.44,705413.5711,R3_F3_m-1f-1_P3_Y-1_U123,-9999,-9999,FXX,3,47.69014405432908,1,0,2.127,0,0,0,-9999.0,1.0,1,P2_CV0,2,2,0,1,1
3,2532969.44,705413.5711,R3_F3_m-1f-1_P3_Y-1_U125,-9999,-9999,FXX,3,49.61414405432908,1,0,1.719,0,0,0,-9999.0,0.0,1,P2_CV0,2,0,2,2,0
3,2532969.44,705413.5711,R3_F3_m-1f-1_P3_Y-1_U129,-9999,-9999,MXY,3,43.978144054329086,1,0,0.0,0,0,0,-9999.0,0.5,1,P2_CV0,2,1,1,0,2
3,2532969.44,705413.5711,R3_F3_m-1f-1_P3_Y-1_U133,-9999,-9999,FXX,3,58.02214405432908,1,0,0.0,0,0,0,-9999.0,0.5,1,P2_CV0,2,1,1,0,2
3,2532969.44,705413.5711,R3_F3_m-1f-1_P3_Y-1_U134,-9999,-9999,FXX,3,60.228144054329086,1,0,1.0,0,0,0,-9999.0,0.5,1,P2_CV0,2,1,1,1,1
3,2532969.44,705413.5711,I3_F7_m-1f-1_P3_Y-1_U102,-9999,-9999,FXX,3,67.9402414261901,1,0,0.0,0,0,0,-9999.0,0.5,1,P2_CV0,2,1,1,0,2
3,2532969.44,705413.5711,R3_F3_m-1f-1_P3_Y-1_U6,-9999,-9999,FXX,4,92.02081197081266,1,0,1.459,0,0,0,-9999.0,0.5,1,P2_CV0,2,1,1,0,2
3,2532969.44,705413.5711,R3_F3_m-1f-1_P3_Y-1_U10,-9999,-9999,FXX,4,92.02081197081266,1,0,0.0,0,0,0,-9999.0,1.0,1,P2_CV0,2,2,0,1,1
3,2532969.44,705413.5711,R3_F3_m-1f-1_P3_Y-1_U19,-9999,-9999,MXY,4,92.02081197081266,1,0,0.0,0,0,0,-9999.0,0.5,1,P2_CV0,2,1,1,1,1
3,2532969.44,705413.5711,R3_F3_m-1f-1_P3_Y-1_U23,-9999,-9999,FXX,4,92.02081197081266,1,0,0.0,0,0,0,-9999.0,1.0,1,P2_CV0,2,2,0,1,1
3,2532969.44,705413.5711,R3_F3_m-1f-1_P3_Y-1_U35,-9999,-9999,FXX,4,92.02081197081266,1,0,0.0,0,0,0,-9999.0,1.0,1,P2_CV0,2,2,0,1,1
3,2532969.44,705413.5711,R3_F3_m-1f-1_P3_Y-1_U46,-9999,-9999,MXY,4,92.02081197081266,1,0,0.0,0,0,0,-9999.0,0.0,1,P2_CV0,2,0,2,1,1
3,2532969.44,705413.5711,R3_F3_m-1f-1_P3_Y-1_U49,-9999,-9999,MXY,4,92.02081197081266,1,0,0.0,0,0,0,-9999.0,0.5,1,P2_CV0,2,1,1,2,0
3,2532969.44,705413.5711,R3_F3_m-1f-1_P3_Y-1_U60,-9999,-9999,FXX,4,92.02081197081266,1,0,0.0,0,0,0,-9999.0,0.5,1,P2_CV0,2,1,1,2,0
3,2532969.44,705413.5711,R3_F3_m-1f-1_P3_Y-1_U63,-9999,-9999,FXX,4,92.02081197081266,1,0,2.46,0,0,0,-9999.0,1.0,1,P2_CV0,2,2,0,1,1
3,2532969.44,705413.5711,R3_F3_m-1f-1_P3_Y-1_U87,-9999,-9999,FXX,4,92.02081197081266,1,0,1.046,0,0,0,-9999.0,0.5,1,P2_CV0,2,1,1,0,2
3,2532969.44,705413.5711,R3_F3_m-1f-1_P3_Y-1_U108,-9999,-9999,FXX,4,92.02081197081266,1,0,1.0,0,0,0,-9999.0,0.0,1,P2_CV0,2,0,2,2,0
3,2532969.44,705413.5711,R3_F3_m-1f-1_P3_Y-1_U113,-9999,-9999,MXY,4,92.02081197081266,1,0,0.0,0,0,0,-9999.0,0.5,1,P2_CV0,2,1,1,1,1
3,2532969.44,705413.5711,R3_F3_m-1f-1_P3_Y-1_U138,-9999,-9999,FXX,4,92.02081197081266,1,0,0.0,0,0,0,-9999.0,0.5,1,P2_CV0,2,1,1,0,2
3,2532969.44,705413.5711,R3_F3_m-1f-1_P3_Y-1_U139,-9999,-9999,FXX,4,92.02081197081266,1,0,0.0,0,0,0,-9999.0,0.5,1,P2_CV0,2,1,1,2,0
3,2532969.44,705413.5711,R3_F3_m-1f-1_P3_Y-1_U140,-9999,-9999,FXX,4,92.02081197081266,1,0,0.0,0,0,0,-9999.0,0.0,1,P2_CV0,2,0,2,0,2
3,2532969.44,705413.5711,R3_F3_m-1f-1_P3_Y-1_U121,-9999,-9999,MXY,5,106.37916298025182,1,0,0.0,0,0,0,-9999.0,0.0,1,P2_CV0,2,0,2,1,1
3,2532969.44,705413.5711,R3_F3_m-1f-1_P3_Y-1_U120,-9999,-9999,MXY,5,128.38816298025182,1,0,0.0,0,0,0,-9999.0,0.0,1,P2_CV0,2,0,2,1,1
3,2532969.44,705413.5711,R3_F3_m-1f-1_P3_Y-1_U38,-9999,-9999,MXY,5,122.22716298025182,1,0,0.0,0,0,0,-9999.0,0.5,1,P2_CV0,2,1,1,2,0
3,2532969.44,705413.5711,R3_F3_m-1f-1_P3_Y-1_U18,-9999,-9999,MXY,5,117.22716298025182,1,0,0.0,0,0,0,-9999.0,0.0,1,P2_CV0,2,0,2,2,0
3,2532969.44,705413.5711,R3_F3_m-1f-1_P3_Y-1_U1,-9999,-9999,MXY,5,127.02516298025182,1,0,0.0,0,0,0,-9999.0,0.5,1,P2_CV0,2,1,1,1,1
3,2532969.44,705413.5711,R3_F3_m-1f-1_P3_Y-1_U47,-9999,-9999,FXX,5,116.75016298025182,1,0,1.049,0,0,0,-9999.0,0.5,1,P2_CV0,2,1,1,2,0
3,2532969.44,705413.5711,R3_F3_m-1f-1_P3_Y-1_U16,-9999,-9999,MXY,5,109.08616298025181,1,0,0.0,0,0,0,-9999.0,1.0,1,P2_CV0,2,2,0,1,1
3,2532969.44,705413.5711,R3_F3_m-1f-1_P3_Y-1_U36,-9999,-9999,MXY,5,134.00016298025182,1,0,0.0,0,0,0,-9999.0,0.5,1,P2_CV0,2,1,1,1,1
3,2532969.44,705413.5711,R3_F3_m-1f-1_P3_Y-1_U112,-9999,-9999,FXX,5,119.82016298025182,1,0,1.0,0,0,0,-9999.0,0.5,1,P2_CV0,2,1,1,2,0
3,2532969.44,705413.5711,RD3_F5_m-1f-1_P5_Y-1_U92,-9999,-9999,FXX,3,80.26051528398999,1,0,1.072,0,0,0,-9999.0,1.0,1,P4_CV0,2,2,0,1,1
4,2539041.489,728416.6747,RD4_F1_m1f1_P1_Y0_UO491,R1_F1_m-1f-1_P1_Y-1_U108,R1_F1_m-1f-1_P1_Y-1_U32,FXX,1,55.983073718202746,0,0,0.0,0,0,0,-9999.0,0.5,1,P0_CV0,2,2,0,1,1
4,2539041.489,728416.6747,RD4_F3_m3f3_P3_Y0_UO93,R3_F3_m-1f-1_P3_Y-1_U126,R3_F3_m-1f-1_P3_Y-1_U11,MXY,1,55.97524118268501,0,0,0.0,0,0,0,-9999.0,0.5,1,P2_CV0,2,1,1,2,0
4,2539041.489,728416.6747,R4_F4_m4f4_P4_Y0_UO29,R4_F4_m-1f-1_P4_Y-1_U126,R4_F4_m-1f-1_P4_Y-1_U114,MXY,1,55.977320915438966,0,0,0.0,0,0,0,-9999.0,0.5,1,P3_CV0,2,1,1,0,2
4,2539041.489,728416.6747,R4_F4_m4f4_P4_Y0_UO30,R4_F4_m-1f-1_P4_Y-1_U126,R4_F4_m-1f-1_P4_Y-1_U114,MXY,1,55.977320915438966,0,0,0.0,0,0,0,-9999.0,0.5,1,P3_CV0,2,1,1,0,2
4,2539041.489,728416.6747,R4_F4_m4f4_P4_Y0_UO31,R4_F4_m-1f-1_P4_Y-1_U126,R4_F4_m-1f-1_P4_Y-1_U114,FXX,1,55.977320915438966,0,0,0.0,0,0,0,-9999.0,0.5,1,P3_CV0,2,1,1,1,1
4,2539041.489,728416.6747,R4_F4_m4f4_P4_Y0_UO32,R4_F4_m-1f-1_P4_Y-1_U126,R4_F4_m-1f-1_P4_Y-1_U114,MXY,1,55.977320915438966,0,0,0.0,0,0,0,-9999.0,0.5,1,P3_CV0,2,1,1,1,1
4,2539041.489,728416.6747,R4_F4_m4f4_P4_Y0_UO33,R4_F4_m-1f-1_P4_Y-1_U126,R4_F4_m-1f-1_P4_Y-1_U114,FXX,1,55.977320915438966,0,0,0.0,0,0,0,-9999.0,0.5,1,P3_CV0,2,2,0,0,2
4,2539041.489,728416.6747,R4_F4_m4f4_P4_Y0_UO34,R4_F4_m-1f-1_P4_Y-1_U126,R4_F4_m-1f-1_P4_Y-1_U114,FXX,1,55.977320915438966,0,0,0.0,0,0,0,-9999.0,0.5,1,P3_CV0,2,1,1,0,2
4,2539041.489,728416.6747,R4_F4_m4f4_P4_Y0_UO45,R4_F4_m-1f-1_P4_Y-1_U130,R4_F4_m-1f-1_P4_Y-1_U30,MXY,1,55.977320915438966,0,0,0.0,0,0,0,-9999.0,0.5,1,P3_CV0,2,0,2,1,1
4,2539041.489,728416.6747,R4_F4_m4f4_P4_Y0_UO46,R4_F4_m-1f-1_P4_Y-1_U130,R4_F4_m-1f-1_P4_Y-1_U30,FXX,1,55.977320915438966,0,0,0.0,0,0,0,-9999.0,0.5,1,P3_CV0,2,0,2,1,1
4,2539041.489,728416.6747,R4_F4_m4f4_P4_Y0_UO47,R4_F4_m-1f-1_P4_Y-1_U130,R4_F4_m-1f-1_P4_Y-1_U30,MXY,1,55.977320915438966,0,0,0.0,0,0,0,-9999.0,0.5,1,P3_CV0,2,1,1,0,2
4,2539041.489,728416.6747,R4_F4_m4f4_P4_Y0_UO70,R4_F4_m-1f-1_P4_Y-1_U99,R4_F4_m-1f-1_P4_Y-1_U75,FXX,1,55.977320915438966,0,0,0.0,0,0,0,-9999.0,0.5,1,P3_CV0,2,0,2,0,2
4,2539041.489,728416.6747,R4_F4_m4f4_P4_Y0_UO72,R4_F4_m-1f-1_P4_Y-1_U61,R4_F4_m-1f-1_P4_Y-1_U83,FXX,1,55.977320915438966,0,0,0.0,0,0,0,-9999.0,0.25,1,P3_CV0,2,2,0,1,1
4,2539041.489,728416.6747,R4_F4_m4f4_P4_Y0_UO80,R4_F4_m-1f-1_P4_Y-1_U71,R4_F4_m-1f-1_P4_Y-1_U75,FXX,1,55.977320915438966,0,0,0.0,0,0,0,-9999.0,0.5,1,P3_CV0,2,1,1,2,0
4,2539041.489,728416.6747,R4_F4_m4f4_P4_Y0_UO81,R4_F4_m-1f-1_P4_Y-1_U71,R4_F4_m-1f-1_P4_Y-1_U75,MXY,1,55.977320915438966,0,0,0.0,0,0,0,-9999.0,0.5,1,P3_CV0,2,1,1,2,0
4,2539041.489,728416.6747,R4_F4_m4f4_P4_Y0_UO82,R4_F4_m-1f-1_P4_Y-1_U71,R4_F4_m-1f-1_P4_Y-1_U75,FXX,1,55.977320915438966,0,0,0.0,0,0,0,-9999.0,0.5,1,P3_CV0,2,0,2,0,2
4,2539041.489,728416.6747,R4_F4_m4f4_P4_Y0_UO83,R4_F4_m-1f-1_P4_Y-1_U71,R4_F4_m-1f-1_P4_Y-1_U75,MXY,1,55.977320915438966,0,0,0.0,0,0,0,-9999.0,0.5,1,P3_CV0,2,2,0,2,0
4,2539041.489,728416.6747,R4_F4_m4f4_P4_Y0_UO111,R4_F4_m-1f-1_P4_Y-1_U17,R4_F4_m-1f-1_P4_Y-1_U90,FXX,1,55.977320915438966,0,0,0.0,0,0,0,-9999.0,0.75,1,P3_CV0,2,2,0,2,0
4,2539041.489,728416.6747,R4_F4_m4f4_P4_Y0_UO134,R4_F4_m-1f-1_P4_Y-1_U38,R4_F4_m-1f-1_P4_Y-1_U51,FXX,1,55.977320915438966,0,0,0.0,0,0,0,-9999.0,0.5,1,P3_CV0,2,1,1,1,1
4,2539041.489,728416.6747,R4_F4_m4f4_P4_Y0_UO135,R4_F4_m-1f-1_P4_Y-1_U38,R4_F4_m-1f-1_P4_Y-1_U51,FXX,1,55.977320915438966,0,0,0.0,0,0,0,-9999.0,0.5,1,P3_CV0,2,0,2,0,2
4,2539041.489,728416.6747,R4_F4_m4f4_P4_Y0_UO136,R4_F4_m-1f-1_P4_Y-1_U17,R4_F4_m-1f-1_P4_Y-1_U16,FXX,1,55.977320915438966,0,0,0.0,0,0,0,-9999.0,0.5,1,P3_CV0,2,2,0,2,0
4,2539041.489,728416.6747,R4_F4_m4f4_P4_Y0_UO137,R4_F4_m-1f-1_P4_Y-1_U17,R4_F4_m-1f-1_P4_Y-1_U16,MXY,1,55.977320915438966,0,0,0.0,0,0,0,-9999.0,0.5,1,P3_CV0,2,1,1,0,2
4,2539041.489,728416.6747,R4_F4_m4f4_P4_Y0_UO138,R4_F4_m-1f-1_P4_Y-1_U17,R4_F4_m-1f-1_P4_Y-1_U16,FXX,1,55.977320915438966,0,0,0.0,0,0,0,-9999.0,0.5,1,P3_CV0,2,1,1,2,0
4,2539041.489,728416.6747,R4_F4_m4f4_P4_Y0_UO139,R4_F4_m-1f-1_P4_Y-1_U17,R4_F4_m-1f-1_P4_Y-1_U16,FXX,1,55.977320915438966,0,0,0.0,0,0,0,-9999.0,0.5,1,P3_CV0,2,1,1,0,2
4,2539041.489,728416.6747,R4_F4_m4f4_P4_Y0_UO166,R4_F4_m-1f-1_P4_Y-1_U2,R4_F4_m-1f-1_P4_Y-1_U84,MXY,1,55.977320915438966,0,0,0.0,0,0,0,-9999.0,0.5,1,P3_CV0,2,0,2,1,1
4,2539041.489,728416.6747,R4_F4_m4f4_P4_Y0_UO167,R4_F4_m-1f-1_P4_Y-1_U2,R4_F4_m-1f-1_P4_Y-1_U84,FXX,1,55.977320915438966,0,0,0.0,0,0,0,-9999.0,0.5,1,P3_CV0,2,1,1,1,1
4,2539041.489,728416.6747,R4_F4_m4f4_P4_Y0_UO168,R4_F4_m-1f-1_P4_Y-1_U2,R4_F4_m-1f-1_P4_Y-1_U84,MXY,1,55.977320915438966,0,0,0.0,0,0,0,-9999.0,0.5,1,P3_CV0,2,2,0,1,1
4,2539041.489,728416.6747,R4_F4_m4f4_P4_Y0_UO175,R4_F4_m-1f-1_P4_Y-1_U120,R4_F4_m-1f-1_P4_Y-1_U89,FXX,1,55.977320915438966,0,0,0.0,0,0,0,-9999.0,0.5,1,P3_CV0,2,2,0,0,2
4,2539041.489,728416.6747,R4_F4_m4f4_P4_Y0_UO176,R4_F4_m-1f-1_P4_Y-1_U120,R4_F4_m-1f-1_P4_Y-1_U89,FXX,1,55.977320915438966,0,0,0.0,0,0,0,-9999.0,0.5,1,P3_CV0,2,0,2,1,1
4,2539041.489,728416.6747,R4_F4_m4f4_P4_Y0_UO177,R4_F4_m-1f-1_P4_Y-1_U120,R4_F4_m-1f-1_P4_Y-1_U89,MXY,1,55.977320915438966,0,0,0.0,0,0,0,-9999.0,0.5,1,P3_CV0,2,1,1,0,2
4,2539041.489,728416.6747,R4_F4_m4f4_P4_Y0_UO182,R4_F4_m-1f-1_P4_Y-1_U32,R4_F4_m-1f-1_P4_Y-1_U114,MXY,1,55.977320915438966,0,0,0.0,0,0,0,-9999.0,0.25,1,P3_CV0,2,1,1,2,0
4,2539041.489,728416.6747,R4_F4_m4f4_P4_Y0_UO183,R4_F4_m-1f-1_P4_Y-1_U32,R4_F4_m-1f-1_P4_Y-1_U114,MXY,1,55.977320915438966,0,0,0.0,0,0,0,-9999.0,0.25,1,P3_CV0,2,1,1,0,2
4,2539041.489,728416.6747,R4_F4_m4f4_P4_Y0_UO184,R4_F4_m-1f-1_P4_Y-1_U32,R4_F4_m-1f-1_P4_Y-1_U114,FXX,1,55.977320915438966,0,0,0.0,0,0,0,-9999.0,0.25,1,P3_CV0,2,1,1,2,0
4,2539041.489,728416.6747,R4_F4_m4f4_P4_Y0_UO185,R4_F4_m-1f-1_P4_Y-1_U32,R4_F4_m-1f-1_P4_Y-1_U114,MXY,1,55.977320915438966,0,0,0.0,0,0,0,-9999.0,0.25,1,P3_CV0,2,1,1,1,1
4,2539041.489,728416.6747,R4_F4_m4f4_P4_Y0_UO212,R4_F4_m-1f-1_P4_Y-1_U120,R4_F4_m-1f-1_P4_Y-1_U30,MXY,1,55.977320915438966,0,0,0.0,0,0,0,-9999.0,0.25,1,P3_CV0,2,0,2,0,2
4,2539041.489,728416.6747,R4_F4_m4f4_P4_Y0_UO213,R4_F4_m-1f-1_P4_Y-1_U120,R4_F4_m-1f-1_P4_Y-1_U30,FXX,1,55.977320915438966,0,0,0.0,0,0,0,-9999.0,0.25,1,P3_CV0,2,1,1,1,1
4,2539041.489,728416.6747,R4_F4_m4f4_P4_Y0_UO214,R4_F4_m-1f-1_P4_Y-1_U120,R4_F4_m-1f-1_P4_Y-1_U30,FXX,1,55.977320915438966,0,0,0.0,0,0,0,-9999.0,0.25,1,P3_CV0,2,2,0,1,1
4,2539041.489,728416.6747,R4_F4_m4f4_P4_Y0_UO270,R4_F4_m-1f-1_P4_Y-1_U14,R4_F4_m-1f-1_P4_Y-1_U83,FXX,1,55.977320915438966,0,0,0.0,0,0,0,-9999.0,0.25,1,P3_CV0,2,2,0,1,1
4,2539041.489,728416.6747,R4_F4_m4f4_P4_Y0_UO271,R4_F4_m-1f-1_P4_Y-1_U14,R4_F4_m-1f-1_P4_Y-1_U83,FXX,1,55.977320915438966,0,0,0.0,0,0,0,-9999.0,0.25,1,P3_CV0,2,1,1,0,2
4,2539041.489,728416.6747,R4_F4_m4f4_P4_Y0_UO272,R4_F4_m-1f-1_P4_Y-1_U14,R4_F4_m-1f-1_P4_Y-1_U83,FXX,1,55.977320915438966,0,0,0.0,0,0,0,-9999.0,0.25,1,P3_CV0,2,1,1,1,1
4,2539041.489,728416.6747,R4_F4_m4f4_P4_Y0_UO273,R4_F4_m-1f-1_P4_Y-1_U14,R4_F4_m-1f-1_P4_Y-1_U83,MXY,1,55.977320915438966,0,0,0.0,0,0,0,-9999.0,0.25,1,P3_CV0,2,1,1,1,1
4,2539041.489,728416.6747,R4_F4_m4f4_P4_Y0_UO339,R4_F4_m-1f-1_P4_Y-1_U53,R4_F4_m-1f-1_P4_Y-1_U83,FXX,1,55.977320915438966,0,0,0.0,0,0,0,-9999.0,0.25,1,P3_CV0,2,2,0,0,2
4,2539041.489,728416.6747,R4_F4_m4f4_P4_Y0_UO340,R4_F4_m-1f-1_P4_Y-1_U53,R4_F4_m-1f-1_P4_Y-1_U83,MXY,1,55.977320915438966,0,0,0.0,0,0,0,-9999.0,0.25,1,P3_CV0,2,1,1,1,1
4,2539041.489,728416.6747,R4_F4_m4f4_P4_Y0_UO341,R4_F4_m-1f-1_P4_Y-1_U53,R4_F4_m-1f-1_P4_Y-1_U83,MXY,1,55.977320915438966,0,0,0.0,0,0,0,-9999.0,0.25,1,P3_CV0,2,2,0,0,2
4,2539041.489,728416.6747,R4_F4_m4f4_P4_Y0_UO342,R4_F4_m-1f-1_P4_Y-1_U53,R4_F4_m-1f-1_P4_Y-1_U83,FXX,1,55.977320915438966,0,0,0.0,0,0,0,-9999.0,0.25,1,P3_CV0,2,2,0,1,1
4,2539041.489,728416.6747,R4_F4_m4f4_P4_Y0_UO343,R4_F4_m-1f-1_P4_Y-1_U53,R4_F4_m-1f-1_P4_Y-1_U83,MXY,1,55.977320915438966,0,0,0.0,0,0,0,-9999.0,0.25,1,P3_CV0,2,0,2,1,1
4,2539041.489,728416.6747,R4_F4_m4f4_P4_Y0_UO354,R4_F4_m-1f-1_P4_Y-1_U17,R4_F4_m-1f-1_P4_Y-1_U129,FXX,1,55.977320915438966,0,0,0.0,0,0,0,-9999.0,1.0,1,P3_CV0,2,1,1,1,1
4,2539041.489,728416.6747,R4_F4_m4f4_P4_Y0_UO355,R4_F4_m-1f-1_P4_Y-1_U17,R4_F4_m-1f-1_P4_Y-1_U129,MXY,1,55.977320915438966,0,0,0.0,0,0,0,-9999.0,1.0,1,P3_CV0,2,1,1,1,1
4,2539041.489,728416.6747,R4_F4_m4f4_P4_Y0_UO356,R4_F4_m-1f-1_P4_Y-1_U17,R4_F4_m-1f-1_P4_Y-1_U129,FXX,1,55.977320915438966,0,0,0.0,0,0,0,-9999.0,1.0,1,P3_CV0,2,1,1,1,1
4,2539041.489,728416.6747,R4_F4_m4f4_P4_Y0_UO357,R4_F4_m-1f-1_P4_Y-1_U17,R4_F4_m-1f-1_P4_Y-1_U129,FXX,1,55.977320915438966,0,0,0.0,0,0,0,-9999.0,1.0,1,P3_CV0,2,0,2,1,1
4,2539041.489,728416.6747,R4_F4_m4f4_P4_Y0_UO358,R4_F4_m-1f-1_P4_Y-1_U17,R4_F4_m-1f-1_P4_Y-1_U129,FXX,1,55.977320915438966,0,0,0.0,0,0,0,-9999.0,1.0,1,P3_CV0,2,1,1,1,1
4,2539041.489,728416.6747,R4_F4_m4f4_P4_Y0_UO364,R4_F4_m-1f-1_P4_Y-1_U73,R4_F4_m-1f-1_P4_Y-1_U60,MXY,1,55.977320915438966,0,0,0.0,0,0,0,-9999.0,1.0,1,P3_CV0,2,0,2,1,1
4,2539041.489,728416.6747,R4_F4_m4f4_P4_Y0_UO365,R4_F4_m-1f-1_P4_Y-1_U73,R4_F4_m-1f-1_P4_Y-1_U60,FXX,1,55.977320915438966,0,0,0.0,0,0,0,-9999.0,1.0,1,P3_CV0,2,0,2,0,2
4,2539041.489,728416.6747,R4_F4_m4f4_P4_Y0_UO366,R4_F4_m-1f-1_P4_Y-1_U73,R4_F4_m-1f-1_P4_Y-1_U60,MXY,1,55.977320915438966,0,0,0.0,0,0,0,-9999.0,1.0,1,P3_CV0,2,0,2,1,1
4,2539041.489,728416.6747,R4_F4_m4f4_P4_Y0_UO367,R4_F4_m-1f-1_P4_Y-1_U73,R4_F4_m-1f-1_P4_Y-1_U60,MXY,1,55.977320915438966,0,0,0.0,0,0,0,-9999.0,1.0,1,P3_CV0,2,1,1,1,1
4,2539041.489,728416.6747,R4_F4_m4f4_P4_Y0_UO403,R4_F4_m-1f-1_P4_Y-1_U101,R4_F4_m-1f-1_P4_Y-1_U119,MXY,1,55.977320915438966,0,0,0.0,0,0,0,-9999.0,1.0,1,P3_CV0,2,2,0,0,2
4,2539041.489,728416.6747,R4_F4_m4f4_P4_Y0_UO404,R4_F4_m-1f-1_P4_Y-1_U101,R4_F4_m-1f-1_P4_Y-1_U119,FXX,1,55.977320915438966,0,0,0.0,0,0,0,-9999.0,1.0,1,P3_CV0,2,2,0,0,2
4,2539041.489,728416.6747,R4_F4_m4f4_P4_Y0_UO405,R4_F4_m-1f-1_P4_Y-1_U101,R4_F4_m-1f-1_P4_Y-1_U119,MXY,1,55.977320915438966,0,0,0.0,0,0,0,-9999.0,1.0,1,P3_CV0,2,1,1,2,0
4,2539041.489,728416.6747,R4_F4_m4f4_P4_Y0_UO433,R4_F4_m-1f-1_P4_Y-1_U20,R4_F4_m-1f-1_P4_Y-1_U90,FXX,1,55.977320915438966,0,0,0.0,0,0,0,-9999.0,0.5,1,P3_CV0,2,2,0,2,0
4,2539041.489,728416.6747,R4_F4_m4f4_P4_Y0_UO434,R4_F4_m-1f-1_P4_Y-1_U20,R4_F4_m-1f-1_P4_Y-1_U90,FXX,1,55.977320915438966,0,0,0.0,0,0,0,-9999.0,0.5,1,P3_CV0,2,1,1,1,1
4,2539041.489,728416.6747,R4_F4_m4f4_P4_Y0_UO435,R4_F4_m-1f-1_P4_Y-1_U20,R4_F4_m-1f-1_P4_Y-1_U90,MXY,1,55.977320915438966,0,0,0.0,0,0,0,-9999.0,0.5,1,P3_CV0,2,0,2,2,0
4,2539041.489,728416.6747,R4_F4_m4f4_P4_Y0_UO436,R4_F4_m-1f-1_P4_Y-1_U20,R4_F4_m-1f-1_P4_Y-1_U90,FXX,1,55.977320915438966,0,0,0.0,0,0,0,-9999.0,0.5,1,P3_CV0,2,1,1,1,1
4,2539041.489,728416.6747,R4_F4_m4f4_P4_Y0_UO437,R4_F4_m-1f-1_P4_Y-1_U20,R4_F4_m-1f-1_P4_Y-1_U90,FXX,1,55.977320915438966,0,0,0.0,0,0,0,-9999.0,0.5,1,P3_CV0,2,1,1,0,2
4,2539041.489,728416.6747,R4_F4_m4f4_P4_Y0_UO438,R4_F4_m-1f-1_P4_Y-1_U20,R4_F4_m-1f-1_P4_Y-1_U90,MXY,1,55.977320915438966,0,0,0.0,0,0,0,-9999.0,0.5,1,P3_CV0,2,2,0,2,0
4,2539041.489,728416.6747,R4_F4_m4f4_P4_Y0_UO439,R4_F4_m-1f-1_P4_Y-1_U20,R4_F4_m-1f-1_P4_Y-1_U90,MXY,1,55.977320915438966,0,0,0.0,0,0,0,-9999.0,0.5,1,P3_CV0,2,1,1,0,2
4,2539041.489,728416.6747,R4_F4_m4f4_P4_Y0_UO449,R4_F4_m-1f-1_P4_Y-1_U17,R4_F4_m-1f-1_P4_Y-1_U18,FXX,1,55.977320915438966,0,0,0.0,0,0,0,-9999.0,0.5,1,P3_CV0,2,1,1,2,0
4,2539041.489,728416.6747,R4_F4_m4f4_P4_Y0_UO450,R4_F4_m-1f-1_P4_Y-1_U17,R4_F4_m-1f-1_P4_Y-1_U18,FXX,1,55.977320915438966,0,0,0.0,0,0,0,-9999.0,0.5,1,P3_CV0,2,0,2,0,2
4,2539041.489,728416.6747,R4_F4_m4f4_P4_Y0_UO451,R4_F4_m-1f-1_P4_Y-1_U17,R4_F4_m-1f-1_P4_Y-1_U18,FXX,1,55.977320915438966,0,0,0.0,0,0,0,-9999.0,0.5,1,P3_CV0,2,1,1,1,1
4,2539041.489,728416.6747,R4_F4_m4f4_P4_Y0_UO452,R4_F4_m-1f-1_P4_Y-1_U17,R4_F4_m-1f-1_P4_Y-1_U18,FXX,1,55.977320915438966,0,0,0.0,0,0,0,-9999.0,0.5,1,P3_CV0,2,2,0,1,1
4,2539041.489,728416.6747,R4_F4_m4f4_P4_Y0_UO453,R4_F4_m-1f-1_P4_Y-1_U17,R4_F4_m-1f-1_P4_Y-1_U18,FXX,1,55.977320915438966,0,0,0.0,0,0,0,-9999.0,0.5,1,P3_CV0,2,1,1,2,0
4,2539041.489,728416.6747,R4_F4_m4f4_P4_Y0_UO454,R4_F4_m-1f-1_P4_Y-1_U17,R4_F4_m-1f-1_P4_Y-1_U18,MXY,1,55.977320915438966,0,0,0.0,0,0,0,-9999.0,0.5,1,P3_CV0,2,1,1,1,1
4,2539041.489,728416.6747,R4_F4_m4f4_P4_Y0_UO458,R4_F4_m-1f-1_P4_Y-1_U38,R4_F4_m-1f-1_P4_Y-1_U103,FXX,1,55.977320915438966,0,0,0.0,0,0,0,-9999.0,0.25,1,P3_CV0,2,0,2,0,2
4,2539041.489,728416.6747,R4_F4_m4f4_P4_Y0_UO459,R4_F4_m-1f-1_P4_Y-1_U38,R4_F4_m-1f-1_P4_Y-1_U103,FXX,1,55.977320915438966,0,0,0.0,0,0,0,-9999.0,0.25,1,P3_CV0,2,0,2,2,0
4,2539041.489,728416.6747,R4_F4_m4f4_P4_Y0_UO460,R4_F4_m-1f-1_P4_Y-1_U38,R4_F4_m-1f-1_P4_Y-1_U103,FXX,1,55.977320915438966,0,0,0.0,0,0,0,-9999.0,0.25,1,P3_CV0,2,0,2,1,1
4,2539041.489,728416.6747,R4_F4_m4f4_P4_Y0_UO483,R4_F4_m-1f-1_P4_Y-1_U71,R4_F4_m-1f-1_P4_Y-1_U125,MXY,1,55.977320915438966,0,0,0.0,0,0,0,-9999.0,0.5,1,P3_CV0,2,2,0,1,1
4,2539041.489,728416.6747,R4_F4_m4f4_P4_Y0_UO484,R4_F4_m-1f-1_P4_Y-1_U71,R4_F4_m-1f-1_P4_Y-1_U125,MXY,1,55.977320915438966,0,0,0.0,0,0,0,-9999.0,0.5,1,P3_CV0,2,0,2,1,1
4,2539041.489,728416.6747,R4_F4_m4f4_P4_Y0_UO485,R4_F4_m-1f-1_P4_Y-1_U71,R4_F4_m-1f-1_P4_Y-1_U125,FXX,1,55.977320915438966,0,0,0.0,0,0,0,-9999.0,0.5,1,P3_CV0,2,1,1,1,1
4,2539041.489,728416.6747,R4_F4_m4f4_P4_Y0_UO486,R4_F4_m-1f-1_P4_Y-1_U71,R4_F4_m-1f-1_P4_Y-1_U125,MXY,1,55.977320915438966,0,0,0.0,0,0,0,-9999.0,0.5,1,P3_CV0,2,1,1,1,1
4,2539041.489,728416.6747,R4_F4_m4f4_P4_Y0_UO487,R4_F4_m-1f-1_P4_Y-1_U71,R4_F4_m-1f-1_P4_Y-1_U125,MXY,1,55.977320915438966,0,0,0.0,0,0,0,-9999.0,0.5,1,P3_CV0,2,2,0,2,0
4,2539041.489,728416.6747,R4_F4_m4f4_P4_Y0_UO488,R4_F4_m-1f-1_P4_Y-1_U71,R4_F4_m-1f-1_P4_Y-1_U125,MXY,1,55.977320915438966,0,0,0.0,0,0,0,-9999.0,0.5,1,P3_CV0,2,1,1,1,1
4,2539041.489,728416.6747,R4_F4_m4f4_P4_Y0_UO528,R4_F4_m-1f-1_P4_Y-1_U73,R4_F4_m-1f-1_P4_Y-1_U119,FXX,1,55.977320915438966,0,0,0.0,0,0,0,-9999.0,1.0,1,P3_CV0,2,1,1,2,0
4,2539041.489,728416.6747,R4_F4_m4f4_P4_Y0_UO529,R4_F4_m-1f-1_P4_Y-1_U73,R4_F4_m-1f-1_P4_Y-1_U119,FXX,1,55.977320915438966,0,0,0.0,0,0,0,-9999.0,1.0,1,P3_CV0,2,1,1,2,0
4,2539041.489,728416.6747,R4_F4_m4f4_P4_Y0_UO530,R4_F4_m-1f-1_P4_Y-1_U73,R4_F4_m-1f-1_P4_Y-1_U119,FXX,1,55.977320915438966,0,0,0.0,0,0,0,-9999.0,1.0,1,P3_CV0,2,1,1,1,1
4,2539041.489,728416.6747,R4_F4_m4f4_P4_Y0_UO531,R4_F4_m-1f-1_P4_Y-1_U73,R4_F4_m-1f-1_P4_Y-1_U119,MXY,1,55.977320915438966,0,0,0.0,0,0,0,-9999.0,1.0,1,P3_CV0,2,0,2,0,2
4,2539041.489,728416.6747,R4_F4_m4f4_P4_Y0_UO543,R4_F4_m-1f-1_P4_Y-1_U87,R4_F4_m-1f-1_P4_Y-1_U3,FXX,1,55.977320915438966,0,0,0.0,0,0,0,-9999.0,0.75,1,P3_CV0,2,1,1,1,1
4,2539041.489,728416.6747,R4_F4_m4f4_P4_Y0_UO544,R4_F4_m-1f-1_P4_Y-1_U87,R4_F4_m-1f-1_P4_Y-1_U3,FXX,1,55.977320915438966,0,0,0.0,0,0,0,-9999.0,0.75,1,P3_CV0,2,2,0,2,0
4,2539041.489,728416.6747,R4_F4_m4f4_P4_Y0_UO545,R4_F4_m-1f-1_P4_Y-1_U87,R4_F4_m-1f-1_P4_Y-1_U3,MXY,1,55.977320915438966,0,0,0.0,0,0,0,-9999.0,0.75,1,P3_CV0,2,1,1,0,2
4,2539041.489,728416.6747,R4_F4_m4f4_P4_Y0_UO546,R4_F4_m-1f-1_P4_Y-1_U87,R4_F4_m-1f-1_P4_Y-1_U3,FXX,1,55.977320915438966,0,0,0.0,0,0,0,-9999.0,0.75,1,P3_CV0,2,2,0,2,0
4,2539041.489,728416.6747,R4_F4_m4f4_P4_Y0_UO547,R4_F4_m-1f-1_P4_Y-1_U87,R4_F4_m-1f-1_P4_Y-1_U3,MXY,1,55.977320915438966,0,0,0.0,0,0,0,-9999.0,0.75,1,P3_CV0,2,1,1,2,0
4,2539041.489,728416.6747,R4_F4_m4f4_P4_Y0_UO548,R4_F4_m-1f-1_P4_Y-1_U87,R4_F4_m-1f-1_P4_Y-1_U3,FXX,1,55.977320915438966,0,0,0.0,0,0,0,-9999.0,0.75,1,P3_CV0,2,1,1,0,2
4,2539041.489,728416.6747,R4_F4_m4f4_P4_Y0_UO549,R4_F4_m-1f-1_P4_Y-1_U87,R4_F4_m-1f-1_P4_Y-1_U3,MXY,1,55.977320915438966,0,0,0.0,0,0,0,-9999.0,0.75,1,P3_CV0,2,1,1,1,1
4,2539041.489,728416.6747,R4_F4_m4f4_P4_Y0_UO550,R4_F4_m-1f-1_P4_Y-1_U87,R4_F4_m-1f-1_P4_Y-1_U3,MXY,1,55.977320915438966,0,0,0.0,0,0,0,-9999.0,0.75,1,P3_CV0,2,0,2,1,1
4,2539041.489,728416.6747,R4_F4_m4f4_P4_Y0_UO551,R4_F4_m-1f-1_P4_Y-1_U87,R4_F4_m-1f-1_P4_Y-1_U3,FXX,1,55.977320915438966,0,0,0.0,0,0,0,-9999.0,0.75,1,P3_CV0,2,1,1,0,2
4,2539041.489,728416.6747,R4_F4_m4f4_P4_Y0_UO571,R4_F4_m-1f-1_P4_Y-1_U38,R4_F4_m-1f-1_P4_Y-1_U40,FXX,1,55.977320915438966,0,0,0.0,0,0,0,-9999.0,0.25,1,P3_CV0,2,2,0,1,1
4,2539041.489,728416.6747,R4_F4_m4f4_P4_Y0_UO572,R4_F4_m-1f-1_P4_Y-1_U38,R4_F4_m-1f-1_P4_Y-1_U40,MXY,1,55.977320915438966,0,0,0.0,0,0,0,-9999.0,0.25,1,P3_CV0,2,1,1,0,2
4,2539041.489,728416.6747,R4_F4_m4f4_P4_Y0_UO573,R4_F4_m-1f-1_P4_Y-1_U38,R4_F4_m-1f-1_P4_Y-1_U40,FXX,1,55.977320915438966,0,0,0.0,0,0,0,-9999.0,0.25,1,P3_CV0,2,1,1,0,2
4,2539041.489,728416.6747,R4_F4_m4f4_P4_Y0_UO574,R4_F4_m-1f-1_P4_Y-1_U38,R4_F4_m-1f-1_P4_Y-1_U40,FXX,1,55.977320915438966,0,0,0.0,0,0,0,-9999.0,0.25,1,P3_CV0,2,2,0,1,1
4,2539041.489,728416.6747,R4_F4_m4f4_P4_Y0_UO575,R4_F4_m-1f-1_P4_Y-1_U38,R4_F4_m-1f-1_P4_Y-1_U40,FXX,1,55.977320915438966,0,0,0.0,0,0,0,-9999.0,0.25,1,P3_CV0,2,1,1,2,0
4,2539041.489,728416.6747,R4_F4_m4f4_P4_Y0_UO608,R4_F4_m-1f-1_P4_Y-1_U45,R4_F4_m-1f-1_P4_Y-1_U127,MXY,1,55.977320915438966,0,0,0.0,0,0,0,-9999.0,0.25,1,P3_CV0,2,2,0,2,0
4,2539041.489,728416.6747,R4_F4_m4f4_P4_Y0_UO609,R4_F4_m-1f-1_P4_Y-1_U45,R4_F4_m-1f-1_P4_Y-1_U127,FXX,1,55.977320915438966,0,0,0.0,0,0,0,-9999.0,0.25,1,P3_CV0,2,1,1,2,0
4,2539041.489,728416.6747,R4_F4_m4f4_P4_Y0_UO610,R4_F4_m-1f-1_P4_Y-1_U45,R4_F4_m-1f-1_P4_Y-1_U127,MXY,1,55.977320915438966,0,0,0.0,0,0,0,-9999.0,0.25,1,P3_CV0,2,1,1,1,1
4,2539041.489,728416.6747,R4_F4_m4f4_P4_Y0_UO611,R4_F4_m-1f-1_P4_Y-1_U14,R4_F4_m-1f-1_P4_Y-1_U51,FXX,1,55.977320915438966,0,0,0.0,0,0,0,-9999.0,0.75,1,P3_CV0,2,2,0,1,1
4,2539041.489,728416.6747,R4_F4_m4f4_P4_Y0_UO612,R4_F4_m-1f-1_P4_Y-1_U14,R4_F4_m-1f-1_P4_Y-1_U51,MXY,1,55.977320915438966,0,0,0.0,0,0,0,-9999.0,0.75,1,P3_CV0,2,0,2,1,1
4,2539041.489,728416.6747,R4_F4_m4f4_P4_Y0_UO613,R4_F4_m-1f-1_P4_Y-1_U14,R4_F4_m-1f-1_P4_Y-1_U51,FXX,1,55.977320915438966,0,0,0.0,0,0,0,-9999.0,0.75,1,P3_CV0,2,1,1,1,1
4,2539041.489,728416.6747,R4_F4_m4f4_P4_Y0_UO614,R4_F4_m-1f-1_P4_Y-1_U14,R4_F4_m-1f-1_P4_Y-1_U51,FXX,1,55.977320915438966,0,0,0.0,0,0,0,-9999.0,0.75,1,P3_CV0,2,0,2,1,1
4,2539041.489,728416.6747,R4_F4_m4f4_P4_Y0_UO632,R4_F4_m-1f-1_P4_Y-1_U126,R4_F4_m-1f-1_P4_Y-1_U121,FXX,1,55.977320915438966,0,0,0.0,0,0,0,-9999.0,0.25,1,P3_CV0,2,1,1,1,1
4,2539041.489,728416.6747,R4_F4_m4f4_P4_Y0_UO633,R4_F4_m-1f-1_P4_Y-1_U126,R4_F4_m-1f-1_P4_Y-1_U121,MXY,1,55.977320915438966,0,0,0.0,0,0,0,-9999.0,0.25,1,P3_CV0,2,1,1,0,2
4,2539041.489,728416.6747,R4_F4_m4f4_P4_Y0_UO634,R4_F4_m-1f-1_P4_Y-1_U126,R4_F4_m-1f-1_P4_Y-1_U121,MXY,1,55.977320915438966,0,0,0.0,0,0,0,-9999.0,0.25,1,P3_CV0,2,0,2,1,1
4,2539041.489,728416.6747,R4_F4_m4f4_P4_Y0_UO635,R4_F4_m-1f-1_P4_Y-1_U126,R4_F4_m-1f-1_P4_Y-1_U121,MXY,1,55.977320915438966,0,0,0.0,0,0,0,-9999.0,0.25,1,P3_CV0,2,1,1,1,1
4,2539041.489,728416.6747,R4_F4_m4f4_P4_Y0_UO636,R4_F4_m-1f-1_P4_Y-1_U126,R4_F4_m-1f-1_P4_Y-1_U121,MXY,1,55.977320915438966,0,0,0.0,0,0,0,-9999.0,0.25,1,P3_CV0,2,0,2,1,1
4,2539041.489,728416.6747,R4_F4_m4f4_P4_Y0_UO637,R4_F4_m-1f-1_P4_Y-1_U126,R4_F4_m-1f-1_P4_Y-1_U121,FXX,1,55.977320915438966,0,0,0.0,0,0,0,-9999.0,0.25,1,P3_CV0,2,1,1,0,2
4,2539041.489,728416.6747,R4_F4_m4f4_P4_Y0_UO638,R4_F4_m-1f-1_P4_Y-1_U126,R4_F4_m-1f-1_P4_Y-1_U121,MXY,1,55.977320915438966,0,0,0.0,0,0,0,-9999.0,0.25,1,P3_CV0,2,1,1,1,1
4,2539041.489,728416.6747,R4_F4_m4f4_P4_Y0_UO639,R4_F4_m-1f-1_P4_Y-1_U126,R4_F4_m-1f-1_P4_Y-1_U121,FXX,1,55.977320915438966,0,0,0.0,0,0,0,-9999.0,0.25,1,P3_CV0,2,0,2,2,0
4,2539041.489,728416.6747,R4_F4_m4f4_P4_Y0_UO640,R4_F4_m-1f-1_P4_Y-1_U126,R4_F4_m-1f-1_P4_Y-1_U121,MXY,1,55.977320915438966,0,0,0.0,0,0,0,-9999.0,0.25,1,P3_CV0,2,1,1,1,1
4,2539041.489,728416.6747,R4_F4_m4f4_P4_Y0_UO641,R4_F4_m-1f-1_P4_Y-1_U126,R4_F4_m-1f-1_P4_Y-1_U121,FXX,1,55.977320915438966,0,0,0.0,0,0,0,-9999.0,0.25,1,P3_CV0,2,0,2,2,0
4,2539041.489,728416.6747,R4_F4_m4f4_P4_Y0_UO642,R4_F4_m-1f-1_P4_Y-1_U126,R4_F4_m-1f-1_P4_Y-1_U121,FXX,1,55.977320915438966,0,0,0.0,0,0,0,-9999.0,0.25,1,P3_CV0,2,2,0,1,1
4,2539041.489,728416.6747,R4_F4_m4f4_P4_Y0_UO643,R4_F4_m-1f-1_P4_Y-1_U126,R4_F4_m-1f-1_P4_Y-1_U121,FXX,1,55.977320915438966,0,0,0.0,0,0,0,-9999.0,0.25,1,P3_CV0,2,0,2,2,0
4,2539041.489,728416.6747,R4_F4_m4f4_P4_Y0_UO651,R4_F4_m-1f-1_P4_Y-1_U126,R4_F4_m-1f-1_P4_Y-1_U63,MXY,1,55.977320915438966,0,0,0.0,0,0,0,-9999.0,0.5,1,P3_CV0,2,1,1,1,1
4,2539041.489,728416.6747,R4_F4_m4f4_P4_Y0_UO652,R4_F4_m-1f-1_P4_Y-1_U126,R4_F4_m-1f-1_P4_Y-1_U63,MXY,1,55.977320915438966,0,0,0.0,0,0,0,-9999.0,0.5,1,P3_CV0,2,1,1,0,2
4,2539041.489,728416.6747,R4_F4_m4f4_P4_Y0_UO653,R4_F4_m-1f-1_P4_Y-1_U126,R4_F4_m-1f-1_P4_Y-1_U63,MXY,1,55.977320915438966,0,0,0.0,0,0,0,-9999.0,0.5,1,P3_CV0,2,1,1,2,0
4,2539041.489,728416.6747,R4_F4_m4f4_P4_Y0_UO654,R4_F4_m-1f-1_P4_Y-1_U126,R4_F4_m-1f-1_P4_Y-1_U63,MXY,1,55.977320915438966,0,0,0.0,0,0,0,-9999.0,0.5,1,P3_CV0,2,1,1,2,0
4,2539041.489,728416.6747,R4_F4_m4f4_P4_Y0_UO655,R4_F4_m-1f-1_P4_Y-1_U126,R4_F4_m-1f-1_P4_Y-1_U63,MXY,1,55.977320915438966,0,0,0.0,0,0,0,-9999.0,0.5,1,P3_CV0,2,1,1,1,1
4,2539041.489,728416.6747,R4_F4_m4f4_P4_Y0_UO656,R4_F4_m-1f-1_P4_Y-1_U126,R4_F4_m-1f-1_P4_Y-1_U63,FXX,1,55.977320915438966,0,0,0.0,0,0,0,-9999.0,0.5,1,P3_CV0,2,1,1,1,1
4,2539041.489,728416.6747,R4_F4_m4f4_P4_Y0_UO657,R4_F4_m-1f-1_P4_Y-1_U126,R4_F4_m-1f-1_P4_Y-1_U63,MXY,1,55.977320915438966,0,0,0.0,0,0,0,-9999.0,0.5,1,P3_CV0,2,2,0,1,1
4,2539041.489,728416.6747,R4_F4_m4f4_P4_Y0_UO658,R4_F4_m-1f-1_P4_Y-1_U126,R4_F4_m-1f-1_P4_Y-1_U63,MXY,1,55.977320915438966,0,0,0.0,0,0,0,-9999.0,0.5,1,P3_CV0,2,1,1,1,1
4,2539041.489,728416.6747,R4_F4_m4f4_P4_Y0_UO659,R4_F4_m-1f-1_P4_Y-1_U126,R4_F4_m-1f-1_P4_Y-1_U63,MXY,1,55.977320915438966,0,0,0.0,0,0,0,-9999.0,0.5,1,P3_CV0,2,1,1,0,2
4,2539041.489,728416.6747,R4_F4_m4f4_P4_Y0_UO660,R4_F4_m-1f-1_P4_Y-1_U120,R4_F4_m-1f-1_P4_Y-1_U23,MXY,1,55.977320915438966,0,0,0.0,0,0,0,-9999.0,0.0,1,P3_CV0,2,1,1,1,1
4,2539041.489,728416.6747,R4_F4_m4f4_P4_Y0_UO661,R4_F4_m-1f-1_P4_Y-1_U120,R4_F4_m-1f-1_P4_Y-1_U23,MXY,1,55.977320915438966,0,0,0.0,0,0,0,-9999.0,0.0,1,P3_CV0,2,1,1,1,1
4,2539041.489,728416.6747,R4_F4_m4f4_P4_Y0_UO711,R4_F4_m-1f-1_P4_Y-1_U134,R4_F4_m-1f-1_P4_Y-1_U26,FXX,1,55.977320915438966,0,0,0.0,0,0,0,-9999.0,0.5,1,P3_CV0,2,0,2,1,1
4,2539041.489,728416.6747,R4_F4_m4f4_P4_Y0_UO712,R4_F4_m-1f-1_P4_Y-1_U87,R4_F4_m-1f-1_P4_Y-1_U109,FXX,1,55.977320915438966,0,0,0.0,0,0,0,-9999.0,0.75,1,P3_CV0,2,1,1,1,1
4,2539041.489,728416.6747,R4_F4_m4f4_P4_Y0_UO713,R4_F4_m-1f-1_P4_Y-1_U87,R4_F4_m-1f-1_P4_Y-1_U109,FXX,1,55.977320915438966,0,0,0.0,0,0,0,-9999.0,0.75,1,P3_CV0,2,2,0,0,2
4,2539041.489,728416.6747,R4_F4_m4f4_P4_Y0_UO714,R4_F4_m-1f-1_P4_Y-1_U87,R4_F4_m-1f-1_P4_Y-1_U109,MXY,1,55.977320915438966,0,0,0.0,0,0,0,-9999.0,0.75,1,P3_CV0,2,1,1,1,1
4,2539041.489,728416.6747,R4_F4_m4f4_P4_Y0_UO715,R4_F4_m-1f-1_P4_Y-1_U87,R4_F4_m-1f-1_P4_Y-1_U109,MXY,1,55.977320915438966,0,0,0.0,0,0,0,-9999.0,0.75,1,P3_CV0,2,1,1,1,1
4,2539041.489,728416.6747,R4_F4_m4f4_P4_Y0_UO716,R4_F4_m-1f-1_P4_Y-1_U57,R4_F4_m-1f-1_P4_Y-1_U63,MXY,1,55.977320915438966,0,0,0.0,0,0,0,-9999.0,0.75,1,P3_CV0,2,2,0,1,1
4,2539041.489,728416.6747,R4_F4_m4f4_P4_Y0_UO717,R4_F4_m-1f-1_P4_Y-1_U57,R4_F4_m-1f-1_P4_Y-1_U63,FXX,1,55.977320915438966,0,0,0.0,0,0,0,-9999.0,0.75,1,P3_CV0,2,1,1,0,2
4,2539041.489,728416.6747,R4_F4_m4f4_P4_Y0_UO718,R4_F4_m-1f-1_P4_Y-1_U57,R4_F4_m-1f-1_P4_Y-1_U63,MXY,1,55.977320915438966,0,0,0.0,0,0,0,-9999.0,0.75,1,P3_CV0,2,0,2,1,1
4,2539041.489,728416.6747,R4_F4_m4f4_P4_Y0_UO741,R4_F4_m-1f-1_P4_Y-1_U130,R4_F4_m-1f-1_P4_Y-1_U13,FXX,1,55.977320915438966,0,0,0.0,0,0,0,-9999.0,0.75,1,P3_CV0,2,2,0,1,1
4,2539041.489,728416.6747,R4_F4_m4f4_P4_Y0_UO742,R4_F4_m-1f-1_P4_Y-1_U130,R4_F4_m-1f-1_P4_Y-1_U13,FXX,1,55.977320915438966,0,0,0.0,0,0,0,-9999.0,0.75,1,P3_CV0,2,2,0,0,2
4,2539041.489,728416.6747,R4_F4_m4f4_P4_Y0_UO743,R4_F4_m-1f-1_P4_Y-1_U130,R4_F4_m-1f-1_P4_Y-1_U13,FXX,1,55.977320915438966,0,0,0.0,0,0,0,-9999.0,0.75,1,P3_CV0,2,1,1,1,1
4,2539041.489,728416.6747,R4_F4_m4f4_P4_Y0_UO744,R4_F4_m-1f-1_P4_Y-1_U130,R4_F4_m-1f-1_P4_Y-1_U13,MXY,1,55.977320915438966,0,0,0.0,0,0,0,-9999.0,0.75,1,P3_CV0,2,2,0,2,0
4,2539041.489,728416.6747,R4_F4_m4f4_P4_Y0_UO745,R4_F4_m-1f-1_P4_Y-1_U130,R4_F4_m-1f-1_P4_Y-1_U13,MXY,1,55.977320915438966,0,0,0.0,0,0,0,-9999.0,0.75,1,P3_CV0,2,1,1,1,1
4,2539041.489,728416.6747,R4_F4_m4f4_P4_Y0_UO746,R4_F4_m-1f-1_P4_Y-1_U130,R4_F4_m-1f-1_P4_Y-1_U13,FXX,1,55.977320915438966,0,0,0.0,0,0,0,-9999.0,0.75,1,P3_CV0,2,0,2,1,1
4,2539041.489,728416.6747,R4_F4_m4f4_P4_Y0_UO768,R4_F4_m-1f-1_P4_Y-1_U68,R4_F4_m-1f-1_P4_Y-1_U127,FXX,1,55.977320915438966,0,0,0.0,0,0,0,-9999.0,0.5,1,P3_CV0,2,1,1,2,0
4,2539041.489,728416.6747,R4_F4_m4f4_P4_Y0_UO769,R4_F4_m-1f-1_P4_Y-1_U68,R4_F4_m-1f-1_P4_Y-1_U127,FXX,1,55.977320915438966,0,0,0.0,0,0,0,-9999.0,0.5,1,P3_CV0,2,0,2,1,1
4,2539041.489,728416.6747,R4_F4_m4f4_P4_Y0_UO770,R4_F4_m-1f-1_P4_Y-1_U68,R4_F4_m-1f-1_P4_Y-1_U127,FXX,1,55.977320915438966,0,0,0.0,0,0,0,-9999.0,0.5,1,P3_CV0,2,2,0,0,2
4,2539041.489,728416.6747,R4_F4_m4f4_P4_Y0_UO771,R4_F4_m-1f-1_P4_Y-1_U68,R4_F4_m-1f-1_P4_Y-1_U127,FXX,1,55.977320915438966,0,0,0.0,0,0,0,-9999.0,0.5,1,P3_CV0,2,2,0,2,0
4,2539041.489,728416.6747,R4_F4_m4f4_P4_Y0_UO772,R4_F4_m-1f-1_P4_Y-1_U68,R4_F4_m-1f-1_P4_Y-1_U127,FXX,1,55.977320915438966,0,0,0.0,0,0,0,-9999.0,0.5,1,P3_CV0,2,1,1,1,1
4,2539041.489,728416.6747,R4_F4_m4f4_P4_Y0_UO773,R4_F4_m-1f-1_P4_Y-1_U68,R4_F4_m-1f-1_P4_Y-1_U127,MXY,1,55.977320915438966,0,0,0.0,0,0,0,-9999.0,0.5,1,P3_CV0,2,1,1,1,1
4,2539041.489,728416.6747,R4_F4_m4f4_P4_Y0_UO774,R4_F4_m-1f-1_P4_Y-1_U68,R4_F4_m-1f-1_P4_Y-1_U127,MXY,1,55.977320915438966,0,0,0.0,0,0,0,-9999.0,0.5,1,P3_CV0,2,1,1,0,2
4,2539041.489,728416.6747,R4_F4_m4f4_P4_Y0_UO775,R4_F4_m-1f-1_P4_Y-1_U68,R4_F4_m-1f-1_P4_Y-1_U127,FXX,1,55.977320915438966,0,0,0.0,0,0,0,-9999.0,0.5,1,P3_CV0,2,1,1,0,2
4,2539041.489,728416.6747,R4_F4_m4f4_P4_Y0_UO786,R4_F4_m-1f-1_P4_Y-1_U17,R4_F4_m-1f-1_P4_Y-1_U125,FXX,1,55.977320915438966,0,0,0.0,0,0,0,-9999.0,1.0,1,P3_CV0,2,1,1,1,1
4,2539041.489,728416.6747,R4_F4_m4f4_P4_Y0_UO787,R4_F4_m-1f-1_P4_Y-1_U17,R4_F4_m-1f-1_P4_Y-1_U125,MXY,1,55.977320915438966,0,0,0.0,0,0,0,-9999.0,1.0,1,P3_CV0,2,0,2,2,0
4,2539041.489,728416.6747,R4_F4_m4f4_P4_Y0_UO788,R4_F4_m-1f-1_P4_Y-1_U17,R4_F4_m-1f-1_P4_Y-1_U125,FXX,1,55.977320915438966,0,0,0.0,0,0,0,-9999.0,1.0,1,P3_CV0,2,0,2,1,1
4,2539041.489,728416.6747,R4_F4_m4f4_P4_Y0_UO789,R4_F4_m-1f-1_P4_Y-1_U17,R4_F4_m-1f-1_P4_Y-1_U125,FXX,1,55.977320915438966,0,0,0.0,0,0,0,-9999.0,1.0,1,P3_CV0,2,1,1,1,1
4,2539041.489,728416.6747,R4_F4_m4f4_P4_Y0_UO790,R4_F4_m-1f-1_P4_Y-1_U2,R4_F4_m-1f-1_P4_Y-1_U11,MXY,1,55.977320915438966,0,0,0.0,0,0,0,-9999.0,0.5,1,P3_CV0,2,1,1,2,0
4,2539041.489,728416.6747,R4_F4_m4f4_P4_Y0_UO791,R4_F4_m-1f-1_P4_Y-1_U2,R4_F4_m-1f-1_P4_Y-1_U11,FXX,1,55.977320915438966,0,0,0.0,0,0,0,-9999.0,0.5,1,P3_CV0,2,2,0,1,1
4,2539041.489,728416.6747,R4_F4_m4f4_P4_Y0_UO792,R4_F4_m-1f-1_P4_Y-1_U2,R4_F4_m-1f-1_P4_Y-1_U11,MXY,1,55.977320915438966,0,0,0.0,0,0,0,-9999.0,0.5,1,P3_CV0,2,0,2,1,1
4,2539041.489,728416.6747,R4_F4_m4f4_P4_Y0_UO793,R4_F4_m-1f-1_P4_Y-1_U2,R4_F4_m-1f-1_P4_Y-1_U11,FXX,1,55.977320915438966,0,0,0.0,0,0,0,-9999.0,0.5,1,P3_CV0,2,0,2,2,0
4,2539041.489,728416.6747,R4_F4_m4f4_P4_Y0_UO805,R4_F4_m-1f-1_P4_Y-1_U57,R4_F4_m-1f-1_P4_Y-1_U30,FXX,1,55.977320915438966,0,0,0.0,0,0,0,-9999.0,0.75,1,P3_CV0,2,0,2,1,1
4,2539041.489,728416.6747,R4_F4_m4f4_P4_Y0_UO806,R4_F4_m-1f-1_P4_Y-1_U57,R4_F4_m-1f-1_P4_Y-1_U30,MXY,1,55.977320915438966,0,0,0.0,0,0,0,-9999.0,0.75,1,P3_CV0,2,1,1,2,0
4,2539041.489,728416.6747,R4_F4_m4f4_P4_Y0_UO807,R4_F4_m-1f-1_P4_Y-1_U57,R4_F4_m-1f-1_P4_Y-1_U30,MXY,1,55.977320915438966,0,0,0.0,0,0,0,-9999.0,0.75,1,P3_CV0,2,1,1,1,1
4,2539041.489,728416.6747,R4_F4_m4f4_P4_Y0_UO808,R4_F4_m-1f-1_P4_Y-1_U57,R4_F4_m-1f-1_P4_Y-1_U30,FXX,1,55.977320915438966,0,0,0.0,0,0,0,-9999.0,0.75,1,P3_CV0,2,2,0,1,1
4,2539041.489,728416.6747,R4_F4_m-1f-1_P4_Y-1_U5,-9999,-9999,FXX,2,76.82486635634278,1,0,1.136,0,0,0,-9999.0,0.0,1,P3_CV0,2,0,2,0,2
4,2539041.489,728416.6747,R4_F4_m-1f-1_P4_Y-1_U7,-9999,-9999,MXY,2,76.82486635634278,1,0,0.0,0,0,0,-9999.0,0.0,1,P3_CV0,2,0,2,1,1
4,2539041.489,728416.6747,R4_F4_m-1f-1_P4_Y-1_U9,-9999,-9999,FXX,2,76.82486635634278,1,0,0.0,0,0,0,-9999.0,0.5,1,P3_CV0,2,1,1,2,0
4,2539041.489,728416.6747,R4_F4_m-1f-1_P4_Y-1_U12,-9999,-9999,FXX,2,76.82486635634278,1,0,2.133,0,0,0,-9999.0,0.5,1,P3_CV0,2,1,1,0,2
4,2539041.489,728416.6747,R4_F4_m-1f-1_P4_Y-1_U15,-9999,-9999,MXY,2,76.82486635634278,1,0,0.0,0,0,0,-9999.0,0.5,1,P3_CV0,2,1,1,2,0
4,2539041.489,728416.6747,R4_F4_m-1f-1_P4_Y-1_U19,-9999,-9999,FXX,2,76.82486635634278,1,0,1.0,0,0,0,-9999.0,1.0,1,P3_CV0,2,2,0,1,1
4,2539041.489,728416.6747,R4_F4_m-1f-1_P4_Y-1_U21,-9999,-9999,FXX,2,76.82486635634278,1,0,1.147,0,0,0,-9999.0,0.0,1,P3_CV0,2,0,2,1,1
4,2539041.489,728416.6747,R4_F4_m-1f-1_P4_Y-1_U24,-9999,-9999,MXY,2,76.82486635634278,1,0,0.0,0,0,0,-9999.0,0.0,1,P3_CV0,2,0,2,2,0
4,2539041.489,728416.6747,R4_F4_m-1f-1_P4_Y-1_U27,-9999,-9999,FXX,2,76.82486635634278,1,0,1.646,0,0,0,-9999.0,1.0,1,P3_CV0,2,2,0,1,1
4,2539041.489,728416.6747,R4_F4_m-1f-1_P4_Y-1_U28,-9999,-9999,FXX,2,76.82486635634278,1,0,0.0,0,0,0,-9999.0,0.5,1,P3_CV0,2,1,1,2,0
4,2539041.489,728416.6747,R4_F4_m-1f-1_P4_Y-1_U29,-9999,-9999,FXX,2,76.82486635634278,1,0,0.0,0,0,0,-9999.0,0.5,1,P3_CV0,2,1,1,0,2
4,2539041.489,728416.6747,R4_F4_m-1f-1_P4_Y-1_U31,-9999,-9999,MXY,2,76.82486635634278,1,0,0.0,0,0,0,-9999.0,0.5,1,P3_CV0,2,1,1,1,1
4,2539041.489,728416.6747,R4_F4_m-1f-1_P4_Y-1_U33,-9999,-9999,FXX,2,76.82486635634278,1,0,0.0,0,0,0,-9999.0,1.0,1,P3_CV0,2,2,0,0,2
4,2539041.489,728416.6747,R4_F4_m-1f-1_P4_Y-1_U34,-9999,-9999,MXY,2,76.82486635634278,1,0,0.0,0,0,0,-9999.0,0.0,1,P3_CV0,2,0,2,2,0
4,2539041.489,728416.6747,R4_F4_m-1f-1_P4_Y-1_U36,-9999,-9999,MXY,2,76.82486635634278,1,0,0.0,0,0,0,-9999.0,0.0,1,P3_CV0,2,0,2,1,1
4,2539041.489,728416.6747,R4_F4_m-1f-1_P4_Y-1_U37,-9999,-9999,MXY,2,76.82486635634278,1,0,0.0,0,0,0,-9999.0,0.0,1,P3_CV0,2,0,2,2,0
4,2539041.489,728416.6747,R4_F4_m-1f-1_P4_Y-1_U39,-9999,-9999,MXY,2,76.82486635634278,1,0,0.0,0,0,0,-9999.0,0.0,1,P3_CV0,2,0,2,1,1
4,2539041.489,728416.6747,R4_F4_m-1f-1_P4_Y-1_U43,-9999,-9999,MXY,2,76.82486635634278,1,0,0.0,0,0,0,-9999.0,0.0,1,P3_CV0,2,0,2,0,2
4,2539041.489,728416.6747,R4_F4_m-1f-1_P4_Y-1_U44,-9999,-9999,FXX,2,76.82486635634278,1,0,3.063,0,0,0,-9999.0,0.5,1,P3_CV0,2,1,1,1,1
4,2539041.489,728416.6747,R4_F4_m-1f-1_P4_Y-1_U46,-9999,-9999,FXX,2,76.82486635634278,1,0,0.0,0,0,0,-9999.0,1.0,1,P3_CV0,2,2,0,1,1
4,2539041.489,728416.6747,R4_F4_m-1f-1_P4_Y-1_U47,-9999,-9999,MXY,2,76.82486635634278,1,0,0.0,0,0,0,-9999.0,0.0,1,P3_CV0,2,0,2,0,2
4,2539041.489,728416.6747,R4_F4_m-1f-1_P4_Y-1_U49,-9999,-9999,FXX,2,76.82486635634278,1,0,2.179,0,0,0,-9999.0,0.5,1,P3_CV0,2,1,1,1,1
4,2539041.489,728416.6747,R4_F4_m-1f-1_P4_Y-1_U52,-9999,-9999,MXY,2,76.82486635634278,1,0,0.0,0,0,0,-9999.0,0.0,1,P3_CV0,2,0,2,0,2
4,2539041.489,728416.6747,R4_F4_m-1f-1_P4_Y-1_U55,-9999,-9999,FXX,2,76.82486635634278,1,0,1.535,0,0,0,-9999.0,1.0,1,P3_CV0,2,2,0,2,0
4,2539041.489,728416.6747,R4_F4_m-1f-1_P4_Y-1_U59,-9999,-9999,MXY,2,76.82486635634278,1,0,0.0,0,0,0,-9999.0,0.5,1,P3_CV0,2,1,1,0,2
4,2539041.489,728416.6747,R4_F4_m-1f-1_P4_Y-1_U64,-9999,-9999,FXX,2,76.82486635634278,1,0,0.0,0,0,0,-9999.0,0.0,1,P3_CV0,2,0,2,2,0
4,2539041.489,728416.6747,R4_F4_m-1f-1_P4_Y-1_U65,-9999,-9999,FXX,2,76.82486635634278,1,0,1.0,0,0,0,-9999.0,0.5,1,P3_CV0,2,1,1,0,2
4,2539041.489,728416.6747,R4_F4_m-1f-1_P4_Y-1_U66,-9999,-9999,FXX,2,76.82486635634278,1,0,1.956,0,0,0,-9999.0,0.5,1,P3_CV0,2,1,1,1,1
4,2539041.489,728416.6747,R4_F4_m-1f-1_P4_Y-1_U67,-9999,-9999,MXY,2,76.82486635634278,1,0,0.0,0,0,0,-9999.0,0.5,1,P3_CV0,2,1,1,1,1
4,2539041.489,728416.6747,R4_F4_m-1f-1_P4_Y-1_U69,-9999,-9999,MXY,2,76.82486635634278,1,0,0.0,0,0,0,-9999.0,0.5,1,P3_CV0,2,1,1,1,1
4,2539041.489,728416.6747,R4_F4_m-1f-1_P4_Y-1_U70,-9999,-9999,FXX,2,76.82486635634278,1,0,0.0,0,0,0,-9999.0,0.5,1,P3_CV0,2,1,1,0,2
4,2539041.489,728416.6747,R4_F4_m-1f-1_P4_Y-1_U72,-9999,-9999,FXX,2,76.82486635634278,1,0,0.0,0,0,0,-9999.0,0.5,1,P3_CV0,2,1,1,2,0
4,2539041.489,728416.6747,R4_F4_m-1f-1_P4_Y-1_U74,-9999,-9999,FXX,2,76.82486635634278,1,0,1.778,0,0,0,-9999.0,0.0,1,P3_CV0,2,0,2,1,1
4,2539041.489,728416.6747,R4_F4_m-1f-1_P4_Y-1_U77,-9999,-9999,FXX,2,76.82486635634278,1,0,0.0,0,0,0,-9999.0,0.0,1,P3_CV0,2,0,2,1,1
4,2539041.489,728416.6747,R4_F4_m-1f-1_P4_Y-1_U78,-9999,-9999,FXX,2,76.82486635634278,1,0,0.0,0,0,0,-9999.0,0.5,1,P3_CV0,2,1,1,1,1
4,2539041.489,728416.6747,R4_F4_m-1f-1_P4_Y-1_U79,-9999,-9999,MXY,2,76.82486635634278,1,0,0.0,0,0,0,-9999.0,1.0,1,P3_CV0,2,2,0,0,2
4,2539041.489,728416.6747,R4_F4_m-1f-1_P4_Y-1_U80,-9999,-9999,FXX,2,76.82486635634278,1,0,1.317,0,0,0,-9999.0,0.5,1,P3_CV0,2,1,1,1,1
4,2539041.489,728416.6747,R4_F4_m-1f-1_P4_Y-1_U81,-9999,-9999,MXY,2,76.82486635634278,1,0,0.0,0,0,0,-9999.0,0.5,1,P3_CV0,2,1,1,1,1
4,2539041.489,728416.6747,R4_F4_m-1f-1_P4_Y-1_U85,-9999,-9999,FXX,2,76.82486635634278,1,0,1.0,0,0,0,-9999.0,1.0,1,P3_CV0,2,2,0,1,1
4,2539041.489,728416.6747,R4_F4_m-1f-1_P4_Y-1_U88,-9999,-9999,FXX,2,76.82486635634278,1,0,1.0,0,0,0,-9999.0,1.0,1,P3_CV0,2,2,0,2,0
4,2539041.489,728416.6747,R4_F4_m-1f-1_P4_Y-1_U91,-9999,-9999,MXY,2,76.82486635634278,1,0,0.0,0,0,0,-9999.0,0.5,1,P3_CV0,2,1,1,0,2
4,2539041.489,728416.6747,R4_F4_m-1f-1_P4_Y-1_U92,-9999,-9999,FXX,2,76.82486635634278,1,0,1.752,0,0,0,-9999.0,0.0,1,P3_CV0,2,0,2,2,0
4,2539041.489,728416.6747,R4_F4_m-1f-1_P4_Y-1_U93,-9999,-9999,MXY,2,76.82486635634278,1,0,0.0,0,0,0,-9999.0,0.5,1,P3_CV0,2,1,1,2,0
4,2539041.489,728416.6747,R4_F4_m-1f-1_P4_Y-1_U97,-9999,-9999,FXX,2,76.82486635634278,1,0,1.987,0,0,0,-9999.0,0.5,1,P3_CV0,2,1,1,1,1
4,2539041.489,728416.6747,R4_F4_m-1f-1_P4_Y-1_U100,-9999,-9999,FXX,2,76.82486635634278,1,0,0.0,0,0,0,-9999.0,0.5,1,P3_CV0,2,1,1,1,1
4,2539041.489,728416.6747,R4_F4_m-1f-1_P4_Y-1_U104,-9999,-9999,FXX,2,76.82486635634278,1,0,0.0,0,0,0,-9999.0,0.0,1,P3_CV0,2,0,2,1,1
4,2539041.489,728416.6747,R4_F4_m-1f-1_P4_Y-1_U105,-9999,-9999,FXX,2,76.82486635634278,1,0,0.0,0,0,0,-9999.0,0.5,1,P3_CV0,2,1,1,1,1
4,2539041.489,728416.6747,R4_F4_m-1f-1_P4_Y-1_U106,-9999,-9999,MXY,2,76.82486635634278,1,0,0.0,0,0,0,-9999.0,0.0,1,P3_CV0,2,0,2,1,1
4,2539041.489,728416.6747,R4_F4_m-1f-1_P4_Y-1_U108,-9999,-9999,FXX,2,76.82486635634278,1,0,1.0,0,0,0,-9999.0,0.5,1,P3_CV0,2,1,1,0,2
4,2539041.489,728416.6747,R4_F4_m-1f-1_P4_Y-1_U110,-9999,-9999,MXY,2,76.82486635634278,1,0,0.0,0,0,0,-9999.0,0.5,1,P3_CV0,2,1,1,1,1
4,2539041.489,728416.6747,R4_F4_m-1f-1_P4_Y-1_U111,-9999,-9999,FXX,2,76.82486635634278,1,0,1.0,0,0,0,-9999.0,0.5,1,P3_CV0,2,1,1,2,0
4,2539041.489,728416.6747,R4_F4_m-1f-1_P4_Y-1_U112,-9999,-9999,FXX,2,76.82486635634278,1,0,2.015,0,0,0,-9999.0,1.0,1,P3_CV0,2,2,0,1,1
4,2539041.489,728416.6747,R4_F4_m-1f-1_P4_Y-1_U113,-9999,-9999,MXY,2,76.82486635634278,1,0,0.0,0,0,0,-9999.0,0.5,1,P3_CV0,2,1,1,2,0
4,2539041.489,728416.6747,R4_F4_m-1f-1_P4_Y-1_U117,-9999,-9999,MXY,2,76.82486635634278,1,0,0.0,0,0,0,-9999.0,0.5,1,P3_CV0,2,1,1,1,1
4,2539041.489,728416.6747,R4_F4_m-1f-1_P4_Y-1_U118,-9999,-9999,FXX,2,76.82486635634278,1,0,1.0,0,0,0,-9999.0,0.0,1,P3_CV0,2,0,2,1,1
4,2539041.489,728416.6747,R4_F4_m-1f-1_P4_Y-1_U122,-9999,-9999,FXX,2,76.82486635634278,1,0,1.801,0,0,0,-9999.0,0.5,1,P3_CV0,2,1,1,1,1
4,2539041.489,728416.6747,R4_F4_m-1f-1_P4_Y-1_U123,-9999,-9999,MXY,2,76.82486635634278,1,0,0.0,0,0,0,-9999.0,0.5,1,P3_CV0,2,1,1,1,1
4,2539041.489,728416.6747,R4_F4_m-1f-1_P4_Y-1_U124,-9999,-9999,FXX,2,76.82486635634278,1,0,1.0,0,0,0,-9999.0,0.5,1,P3_CV0,2,1,1,1,1
4,2539041.489,728416.6747,R4_F4_m-1f-1_P4_Y-1_U128,-9999,-9999,FXX,2,76.82486635634278,1,0,1.0,0,0,0,-9999.0,0.5,1,P3_CV0,2,1,1,0,2
4,2539041.489,728416.6747,R4_F4_m-1f-1_P4_Y-1_U131,-9999,-9999,FXX,2,76.82486635634278,1,0,1.074,0,0,0,-9999.0,1.0,1,P3_CV0,2,2,0,1,1
4,2539041.489,728416.6747,R4_F4_m-1f-1_P4_Y-1_U132,-9999,-9999,MXY,2,76.82486635634278,1,0,0.0,0,0,0,-9999.0,0.0,1,P3_CV0,2,0,2,1,1
4,2539041.489,728416.6747,R4_F4_m-1f-1_P4_Y-1_U133,-9999,-9999,FXX,2,76.82486635634278,1,0,0.0,0,0,0,-9999.0,0.5,1,P3_CV0,2,1,1,1,1
4,2539041.489,728416.6747,R4_F4_m-1f-1_P4_Y-1_U135,-9999,-9999,MXY,2,76.82486635634278,1,0,0.0,0,0,0,-9999.0,0.0,1,P3_CV0,2,0,2,2,0
4,2539041.489,728416.6747,R4_F4_m-1f-1_P4_Y-1_U136,-9999,-9999,MXY,2,76.82486635634278,1,0,0.0,0,0,0,-9999.0,1.0,1,P3_CV0,2,2,0,0,2
4,2539041.489,728416.6747,R4_F4_m-1f-1_P4_Y-1_U137,-9999,-9999,FXX,2,76.82486635634278,1,0,1.0,0,0,0,-9999.0,0.5,1,P3_CV0,2,1,1,1,1
4,2539041.489,728416.6747,R4_F4_m-1f-1_P4_Y-1_U138,-9999,-9999,FXX,2,76.82486635634278,1,0,0.0,0,0,0,-9999.0,0.0,1,P3_CV0,2,0,2,1,1
4,2539041.489,728416.6747,R4_F4_m-1f-1_P4_Y-1_U139,-9999,-9999,FXX,2,76.82486635634278,1,0,1.596,0,0,0,-9999.0,0.5,1,P3_CV0,2,1,1,1,1
4,2539041.489,728416.6747,R4_F4_m-1f-1_P4_Y-1_U140,-9999,-9999,MXY,2,76.82486635634278,1,0,0.0,0,0,0,-9999.0,0.5,1,P3_CV0,2,1,1,1,1
4,2539041.489,728416.6747,I4_F7_m-1f-1_P4_Y-1_U10,-9999,-9999,MXY,2,76.8246483350224,1,0,0.0,0,0,0,-9999.0,0.5,1,P3_CV0,2,1,1,2,0
4,2539041.489,728416.6747,R4_F4_m-1f-1_P4_Y-1_U6,-9999,-9999,FXX,3,85.54977295905809,1,0,0.0,0,0,0,-9999.0,1.0,1,P3_CV0,2,2,0,2,0
4,2539041.489,728416.6747,R4_F4_m-1f-1_P4_Y-1_U14,-9999,-9999,FXX,3,92.47677295905811,1,0,1.175,0,0,0,-9999.0,0.5,1,P3_CV0,2,1,1,2,0
4,2539041.489,728416.6747,R4_F4_m-1f-1_P4_Y-1_U18,-9999,-9999,MXY,3,90.94077295905811,1,0,0.0,0,0,0,-9999.0,0.0,1,P3_CV0,2,0,2,1,1
4,2539041.489,728416.6747,R4_F4_m-1f-1_P4_Y-1_U22,-9999,-9999,MXY,3,91.2947729590581,1,0,0.0,0,0,0,-9999.0,0.5,1,P3_CV0,2,1,1,2,0
4,2539041.489,728416.6747,R4_F4_m-1f-1_P4_Y-1_U23,-9999,-9999,MXY,3,86.01277295905811,1,0,0.0,0,0,0,-9999.0,0.0,1,P3_CV0,2,0,2,0,2
4,2539041.489,728416.6747,R4_F4_m-1f-1_P4_Y-1_U26,-9999,-9999,MXY,3,91.7187729590581,1,0,0.0,0,0,0,-9999.0,0.5,1,P3_CV0,2,1,1,1,1
4,2539041.489,728416.6747,R4_F4_m-1f-1_P4_Y-1_U30,-9999,-9999,MXY,3,83.93577295905811,1,0,0.0,0,0,0,-9999.0,0.5,1,P3_CV0,2,1,1,1,1
4,2539041.489,728416.6747,R4_F4_m-1f-1_P4_Y-1_U32,-9999,-9999,FXX,3,85.91277295905809,1,0,1.971,0,0,0,-9999.0,0.0,1,P3_CV0,2,0,2,0,2
4,2539041.489,728416.6747,R4_F4_m-1f-1_P4_Y-1_U38,-9999,-9999,FXX,3,89.0507729590581,1,0,1.0,0,0,0,-9999.0,0.0,1,P3_CV0,2,0,2,0,2
4,2539041.489,728416.6747,R4_F4_m-1f-1_P4_Y-1_U48,-9999,-9999,FXX,3,91.6997729590581,1,0,0.0,0,0,0,-9999.0,0.5,1,P3_CV0,2,1,1,2,0
4,2539041.489,728416.6747,R4_F4_m-1f-1_P4_Y-1_U51,-9999,-9999,MXY,3,87.85777295905811,1,0,0.0,0,0,0,-9999.0,1.0,1,P3_CV0,2,2,0,1,1
4,2539041.489,728416.6747,R4_F4_m-1f-1_P4_Y-1_U54,-9999,-9999,FXX,3,91.87077295905809,1,0,1.0,0,0,0,-9999.0,0.5,1,P3_CV0,2,1,1,1,1
4,2539041.489,728416.6747,R4_F4_m-1f-1_P4_Y-1_U57,-9999,-9999,FXX,3,90.1357729590581,1,0,3.026,0,0,0,-9999.0,1.0,1,P3_CV0,2,2,0,0,2
4,2539041.489,728416.6747,R4_F4_m-1f-1_P4_Y-1_U71,-9999,-9999,FXX,3,85.0527729590581,1,0,0.0,0,0,0,-9999.0,0.0,1,P3_CV0,2,0,2,0,2
4,2539041.489,728416.6747,R4_F4_m-1f-1_P4_Y-1_U96,-9999,-9999,MXY,3,87.24077295905809,1,0,0.0,0,0,0,-9999.0,0.5,1,P3_CV0,2,1,1,2,0
4,2539041.489,728416.6747,I4_F7_m-1f-1_P4_Y-1_U115,-9999,-9999,MXY,3,90.92655518476386,1,0,0.0,0,0,0,-9999.0,0.5,1,P3_CV0,2,1,1,1,1
4,2539041.489,728416.6747,R4_F4_m-1f-1_P4_Y-1_U2,-9999,-9999,FXX,3,94.2307729590581,1,0,1.0,0,0,0,-9999.0,0.5,1,P3_CV0,2,1,1,1,1
4,2539041.489,728416.6747,R4_F4_m-1f-1_P4_Y-1_U3,-9999,-9999,MXY,3,99.73377295905809,1,0,0.0,0,0,0,-9999.0,1.0,1,P3_CV0,2,2,0,0,2
4,2539041.489,728416.6747,R4_F4_m-1f-1_P4_Y-1_U4,-9999,-9999,MXY,3,97.99577295905809,1,0,0.0,0,0,0,-9999.0,0.5,1,P3_CV0,2,1,1,0,2
4,2539041.489,728416.6747,R4_F4_m-1f-1_P4_Y-1_U13,-9999,-9999,MXY,3,99.35777295905811,1,0,0.0,0,0,0,-9999.0,1.0,1,P3_CV0,2,2,0,0,2
4,2539041.489,728416.6747,R4_F4_m-1f-1_P4_Y-1_U40,-9999,-9999,MXY,3,94.75677295905811,1,0,0.0,0,0,0,-9999.0,0.5,1,P3_CV0,2,1,1,1,1
4,2539041.489,728416.6747,R4_F4_m-1f-1_P4_Y-1_U45,-9999,-9999,FXX,3,100.6997729590581,1,0,0.0,0,0,0,-9999.0,0.0,1,P3_CV0,2,0,2,1,1
4,2539041.489,728416.6747,R4_F4_m-1f-1_P4_Y-1_U60,-9999,-9999,MXY,3,95.5457729590581,1,0,0.0,0,0,0,-9999.0,1.0,1,P3_CV0,2,2,0,1,1
4,2539041.489,728416.6747,R4_F4_m-1f-1_P4_Y-1_U61,-9999,-9999,FXX,3,95.6357729590581,1,0,1.0,0,0,0,-9999.0,0.5,1,P3_CV0,2,1,1,1,1
4,2539041.489,728416.6747,R4_F4_m-1f-1_P4_Y-1_U62,-9999,-9999,MXY,3,97.6167729590581,1,0,0.0,0,0,0,-9999.0,1.0,1,P3_CV0,2,2,0,1,1
4,2539041.489,728416.6747,R4_F4_m-1f-1_P4_Y-1_U73,-9999,-9999,FXX,3,95.7067729590581,1,0,1.0,0,0,0,-9999.0,1.0,1,P3_CV0,2,2,0,1,1
4,2539041.489,728416.6747,R4_F4_m-1f-1_P4_Y-1_U76,-9999,-9999,FXX,3,95.2127729590581,1,0,1.0,0,0,0,-9999.0,0.0,1,P3_CV0,2,0,2,1,1
4,2539041.489,728416.6747,R4_F4_m-1f-1_P4_Y-1_U86,-9999,-9999,FXX,3,102.41277295905809,1,0,1.914,0,0,0,-9999.0,0.0,1,P3_CV0,2,0,2,1,1
4,2539041.489,728416.6747,R4_F4_m-1f-1_P4_Y-1_U90,-9999,-9999,MXY,3,98.6487729590581,1,0,0.0,0,0,0,-9999.0,0.5,1,P3_CV0,2,1,1,1,1
4,2539041.489,728416.6747,R4_F4_m-1f-1_P4_Y-1_U95,-9999,-9999,MXY,3,105.45477295905809,1,0,0.0,0,0,0,-9999.0,0.5,1,P3_CV0,2,1,1,1,1
4,2539041.489,728416.6747,R4_F4_m-1f-1_P4_Y-1_U99,-9999,-9999,FXX,3,97.35977295905809,1,0,1.0,0,0,0,-9999.0,0.0,1,P3_CV0,2,0,2,1,1
4,2539041.489,728416.6747,R4_F4_m-1f-1_P4_Y-1_U101,-9999,-9999,FXX,3,93.10277295905809,1,0,2.72,0,0,0,-9999.0,1.0,1,P3_CV0,2,2,0,2,0
4,2539041.489,728416.6747,R4_F4_m-1f-1_P4_Y-1_U103,-9999,-9999,MXY,3,97.3557729590581,1,0,0.0,0,0,0,-9999.0,0.5,1,P3_CV0,2,1,1,0,2
4,2539041.489,728416.6747,R4_F4_m-1f-1_P4_Y-1_U109,-9999,-9999,MXY,3,95.0177729590581,1,0,0.0,0,0,0,-9999.0,1.0,1,P3_CV0,2,2,0,1,1
4,2539041.489,728416.6747,R4_F4_m-1f-1_P4_Y-1_U119,-9999,-9999,MXY,3,96.29177295905811,1,0,0.0,0,0,0,-9999.0,1.0,1,P3_CV0,2,2,0,1,1
4,2539041.489,728416.6747,R4_F4_m-1f-1_P4_Y-1_U125,-9999,-9999,MXY,3,101.54977295905809,1,0,0.0,0,0,0,-9999.0,1.0,1,P3_CV0,2,2,0,0,2
4,2539041.489,728416.6747,R4_F4_m-1f-1_P4_Y-1_U129,-9999,-9999,MXY,3,96.38377295905809,1,0,0.0,0,0,0,-9999.0,1.0,1,P3_CV0,2,2,0,0,2
4,2539041.489,728416.6747,R4_F4_m-1f-1_P4_Y-1_U0,-9999,-9999,FXX,4,123.06268757690955,1,0,2.058,0,0,0,-9999.0,0.5,1,P3_CV0,2,1,1,0,2
4,2539041.489,728416.6747,R4_F4_m-1f-1_P4_Y-1_U1,-9999,-9999,FXX,4,123.06268757690955,1,0,1.276,0,0,0,-9999.0,1.0,1,P3_CV0,2,2,0,2,0
4,2539041.489,728416.6747,R4_F4_m-1f-1_P4_Y-1_U11,-9999,-9999,MXY,4,123.06268757690955,1,0,0.0,0,0,0,-9999.0,0.5,1,P3_CV0,2,1,1,0,2
4,2539041.489,728416.6747,R4_F4_m-1f-1_P4_Y-1_U17,-9999,-9999,FXX,4,123.06268757690955,1,0,1.0,0,0,0,-9999.0,1.0,1,P3_CV0,2,2,0,2,0
4,2539041.489,728416.6747,R4_F4_m-1f-1_P4_Y-1_U35,-9999,-9999,MXY,4,123.06268757690955,1,0,0.0,0,0,0,-9999.0,1.0,1,P3_CV0,2,2,0,1,1
4,2539041.489,728416.6747,R4_F4_m-1f-1_P4_Y-1_U50,-9999,-9999,FXX,4,123.06268757690955,1,0,0.0,0,0,0,-9999.0,1.0,1,P3_CV0,2,2,0,0,2
4,2539041.489,728416.6747,R4_F4_m-1f-1_P4_Y-1_U53,-9999,-9999,FXX,4,123.06268757690955,1,0,0.0,0,0,0,-9999.0,0.5,1,P3_CV0,2,1,1,2,0
4,2539041.489,728416.6747,R4_F4_m-1f-1_P4_Y-1_U56,-9999,-9999,MXY,4,123.06268757690955,1,0,0.0,0,0,0,-9999.0,0.5,1,P3_CV0,2,1,1,1,1
4,2539041.489,728416.6747,R4_F4_m-1f-1_P4_Y-1_U58,-9999,-9999,MXY,4,123.06268757690955,1,0,0.0,0,0,0,-9999.0,1.0,1,P3_CV0,2,2,0,1,1
4,2539041.489,728416.6747,R4_F4_m-1f-1_P4_Y-1_U63,-9999,-9999,MXY,4,123.06268757690955,1,0,0.0,0,0,0,-9999.0,0.5,1,P3_CV0,2,1,1,1,1
4,2539041.489,728416.6747,RD4_F4_m-1f-1_P4_Y-1_U75,-9999,-9999,MXY,4,123.06268757690955,1,0,0.0,0,0,0,-9999.0,1.0,1,P3_CV0,2,2,0,1,1
4,2539041.489,728416.6747,R4_F4_m-1f-1_P4_Y-1_U84,-9999,-9999,MXY,4,123.06268757690955,1,0,0.0,0,0,0,-9999.0,0.5,1,P3_CV0,2,1,1,1,1
4,2539041.489,728416.6747,R4_F4_m-1f-1_P4_Y-1_U94,-9999,-9999,FXX,4,123.06268757690955,1,0,2.212,0,0,0,-9999.0,0.0,1,P3_CV0,2,0,2,2,0
4,2539041.489,728416.6747,R4_F4_m-1f-1_P4_Y-1_U116,-9999,-9999,MXY,4,123.06268757690955,1,0,0.0,0,0,0,-9999.0,0.0,1,P3_CV0,2,0,2,0,2
4,2539041.489,728416.6747,R4_F4_m-1f-1_P4_Y-1_U120,-9999,-9999,FXX,4,123.06268757690955,1,0,0.0,0,0,0,-9999.0,0.0,1,P3_CV0,2,0,2,2,0
4,2539041.489,728416.6747,R4_F4_m-1f-1_P4_Y-1_U130,-9999,-9999,FXX,4,123.06268757690955,1,0,2.102,0,0,0,-9999.0,0.5,1,P3_CV0,2,1,1,1,1
4,2539041.489,728416.6747,R4_F4_m-1f-1_P4_Y-1_U134,-9999,-9999,FXX,4,123.06268757690955,1,0,1.721,0,0,0,-9999.0,0.5,1,P3_CV0,2,1,1,1,1
4,2539041.489,728416.6747,I4_F7_m-1f-1_P4_Y-1_U8,-9999,-9999,FXX,4,123.06249426864329,1,0,0.0,0,0,0,-9999.0,0.0,1,P3_CV0,2,0,2,1,1
4,2539041.489,728416.6747,R4_F4_m-1f-1_P4_Y-1_U16,-9999,-9999,MXY,5,138.020658793746,1,0,0.0,0,0,0,-9999.0,0.0,1,P3_CV0,2,0,2,1,1
4,2539041.489,728416.6747,R4_F4_m-1f-1_P4_Y-1_U41,-9999,-9999,FXX,5,149.044658793746,1,0,0.0,0,0,0,-9999.0,1.0,1,P3_CV0,2,2,0,1,1
4,2539041.489,728416.6747,R4_F4_m-1f-1_P4_Y-1_U83,-9999,-9999,MXY,5,156.00665879374603,1,0,0.0,0,0,0,-9999.0,0.0,1,P3_CV0,2,0,2,0,2
4,2539041.489,728416.6747,R4_F4_m-1f-1_P4_Y-1_U102,-9999,-9999,FXX,5,152.43865879374601,1,0,1.0,0,0,0,-9999.0,0.0,1,P3_CV0,2,0,2,1,1
4,2539041.489,728416.6747,R4_F4_m-1f-1_P4_Y-1_U121,-9999,-9999,MXY,5,154.554658793746,1,0,0.0,0,0,0,-9999.0,0.0,1,P3_CV0,2,0,2,1,1
4,2539041.489,728416.6747,R4_F4_m-1f-1_P4_Y-1_U127,-9999,-9999,MXY,5,150.884658793746,1,0,0.0,0,0,0,-9999.0,0.5,1,P3_CV0,2,1,1,2,0
5,2535011.582,720257.8531,RD5_F2_m2f2_P2_Y0_UO128,R2_F2_m-1f-1_P2_Y-1_U117,R2_F2_m-1f-1_P2_Y-1_U63,FXX,1,54.34051461566527,0,0,0.0,0,0,0,-9999.0,0.5,1,P1_CV0,3,1,1,2,0
5,2535011.582,720257.8531,RD5_F4_m4f4_P4_Y0_UO69,R4_F4_m-1f-1_P4_Y-1_U99,R4_F4_m-1f-1_P4_Y-1_U75,MXY,1,54.325626415533485,0,0,0.0,0,0,0,-9999.0,0.5,1,P3_CV0,3,1,1,2,0
5,2535011.582,720257.8531,R5_F5_m5f5_P5_Y0_UO43,R5_F5_m-1f-1_P5_Y-1_U126,R5_F5_m-1f-1_P5_Y-1_U118,FXX,1,54.34065536004286,0,0,0.0,0,0,0,-9999.0,0.5,1,P4_CV0,3,2,0,0,2
5,2535011.582,720257.8531,R5_F5_m5f5_P5_Y0_UO44,R5_F5_m-1f-1_P5_Y-1_U126,R5_F5_m-1f-1_P5_Y-1_U118,MXY,1,54.34065536004286,0,0,0.0,0,0,0,-9999.0,0.5,1,P4_CV0,3,0,2,0,2
5,2535011.582,720257.8531,R5_F5_m5f5_P5_Y0_UO48,R5_F5_m-1f-1_P5_Y-1_U12,R5_F5_m-1f-1_P5_Y-1_U71,MXY,1,54.34065536004286,0,0,0.0,0,0,0,-9999.0,0.5,1,P4_CV0,3,0,2,2,0
5,2535011.582,720257.8531,R5_F5_m5f5_P5_Y0_UO49,R5_F5_m-1f-1_P5_Y-1_U12,R5_F5_m-1f-1_P5_Y-1_U71,MXY,1,54.34065536004286,0,0,0.0,0,0,0,-9999.0,0.5,1,P4_CV0,3,1,1,1,1
5,2535011.582,720257.8531,R5_F5_m5f5_P5_Y0_UO50,R5_F5_m-1f-1_P5_Y-1_U12,R5_F5_m-1f-1_P5_Y-1_U71,FXX,1,54.34065536004286,0,0,0.0,0,0,0,-9999.0,0.5,1,P4_CV0,3,1,1,2,0
5,2535011.582,720257.8531,R5_F5_m5f5_P5_Y0_UO51,R5_F5_m-1f-1_P5_Y-1_U93,R5_F5_m-1f-1_P5_Y-1_U40,MXY,1,54.34065536004286,0,0,0.0,0,0,0,-9999.0,0.75,1,P4_CV0,3,1,1,2,0
5,2535011.582,720257.8531,R5_F5_m5f5_P5_Y0_UO52,R5_F5_m-1f-1_P5_Y-1_U93,R5_F5_m-1f-1_P5_Y-1_U40,MXY,1,54.34065536004286,0,0,0.0,0,0,0,-9999.0,0.75,1,P4_CV0,3,1,1,0,2
5,2535011.582,720257.8531,R5_F5_m5f5_P5_Y0_UO71,R5_F5_m-1f-1_P5_Y-1_U92,R5_F5_m-1f-1_P5_Y-1_U76,FXX,1,54.34065536004286,0,0,0.0,0,0,0,-9999.0,0.75,1,P4_CV0,3,0,2,2,0
5,2535011.582,720257.8531,R5_F5_m5f5_P5_Y0_UO77,R5_F5_m-1f-1_P5_Y-1_U113,R5_F5_m-1f-1_P5_Y-1_U38,FXX,1,54.34065536004286,0,0,0.0,0,0,0,-9999.0,0.75,1,P4_CV0,3,1,1,2,0
5,2535011.582,720257.8531,R5_F5_m5f5_P5_Y0_UO113,R5_F5_m-1f-1_P5_Y-1_U86,R5_F5_m-1f-1_P5_Y-1_U84,FXX,1,54.34065536004286,0,0,0.0,0,0,0,-9999.0,0.25,1,P4_CV0,3,2,0,0,2
5,2535011.582,720257.8531,R5_F5_m5f5_P5_Y0_UO114,R5_F5_m-1f-1_P5_Y-1_U86,R5_F5_m-1f-1_P5_Y-1_U84,FXX,1,54.34065536004286,0,0,0.0,0,0,0,-9999.0,0.25,1,P4_CV0,3,0,2,1,1
5,2535011.582,720257.8531,R5_F5_m5f5_P5_Y0_UO115,R5_F5_m-1f-1_P5_Y-1_U86,R5_F5_m-1f-1_P5_Y-1_U84,MXY,1,54.34065536004286,0,0,0.0,0,0,0,-9999.0,0.25,1,P4_CV0,3,0,2,1,1
5,2535011.582,720257.8531,R5_F5_m5f5_P5_Y0_UO116,R5_F5_m-1f-1_P5_Y-1_U86,R5_F5_m-1f-1_P5_Y-1_U84,FXX,1,54.34065536004286,0,0,0.0,0,0,0,-9999.0,0.25,1,P4_CV0,3,0,2,1,1
5,2535011.582,720257.8531,R5_F5_m5f5_P5_Y0_UO117,R5_F5_m-1f-1_P5_Y-1_U32,R5_F5_m-1f-1_P5_Y-1_U71,MXY,1,54.34065536004286,0,0,0.0,0,0,0,-9999.0,0.75,1,P4_CV0,3,1,1,0,2
5,2535011.582,720257.8531,R5_F5_m5f5_P5_Y0_UO118,R5_F5_m-1f-1_P5_Y-1_U32,R5_F5_m-1f-1_P5_Y-1_U71,FXX,1,54.34065536004286,0,0,0.0,0,0,0,-9999.0,0.75,1,P4_CV0,3,1,1,2,0
5,2535011.582,720257.8531,R5_F5_m5f5_P5_Y0_UO119,R5_F5_m-1f-1_P5_Y-1_U32,R5_F5_m-1f-1_P5_Y-1_U71,MXY,1,54.34065536004286,0,0,0.0,0,0,0,-9999.0,0.75,1,P4_CV0,3,1,1,0,2
5,2535011.582,720257.8531,R5_F5_m5f5_P5_Y0_UO120,R5_F5_m-1f-1_P5_Y-1_U32,R5_F5_m-1f-1_P5_Y-1_U71,MXY,1,54.34065536004286,0,0,0.0,0,0,0,-9999.0,0.75,1,P4_CV0,3,1,1,1,1
5,2535011.582,720257.8531,R5_F5_m5f5_P5_Y0_UO144,R5_F5_m-1f-1_P5_Y-1_U72,R5_F5_m-1f-1_P5_Y-1_U85,FXX,1,54.34065536004286,0,0,0.0,0,0,0,-9999.0,0.5,1,P4_CV0,3,0,2,1,1
5,2535011.582,720257.8531,R5_F5_m5f5_P5_Y0_UO145,R5_F5_m-1f-1_P5_Y-1_U72,R5_F5_m-1f-1_P5_Y-1_U85,MXY,1,54.34065536004286,0,0,0.0,0,0,0,-9999.0,0.5,1,P4_CV0,3,1,1,1,1
5,2535011.582,720257.8531,R5_F5_m5f5_P5_Y0_UO146,R5_F5_m-1f-1_P5_Y-1_U72,R5_F5_m-1f-1_P5_Y-1_U85,FXX,1,54.34065536004286,0,0,0.0,0,0,0,-9999.0,0.5,1,P4_CV0,3,0,2,1,1
5,2535011.582,720257.8531,R5_F5_m5f5_P5_Y0_UO147,R5_F5_m-1f-1_P5_Y-1_U72,R5_F5_m-1f-1_P5_Y-1_U85,MXY,1,54.34065536004286,0,0,0.0,0,0,0,-9999.0,0.5,1,P4_CV0,3,0,2,0,2
5,2535011.582,720257.8531,R5_F5_m5f5_P5_Y0_UO148,R5_F5_m-1f-1_P5_Y-1_U72,R5_F5_m-1f-1_P5_Y-1_U85,FXX,1,54.34065536004286,0,0,0.0,0,0,0,-9999.0,0.5,1,P4_CV0,3,0,2,1,1
5,2535011.582,720257.8531,R5_F5_m5f5_P5_Y0_UO149,R5_F5_m-1f-1_P5_Y-1_U114,R5_F5_m-1f-1_P5_Y-1_U70,FXX,1,54.34065536004286,0,0,0.0,0,0,0,-9999.0,0.75,1,P4_CV0,3,0,2,1,1
5,2535011.582,720257.8531,R5_F5_m5f5_P5_Y0_UO150,R5_F5_m-1f-1_P5_Y-1_U114,R5_F5_m-1f-1_P5_Y-1_U70,MXY,1,54.34065536004286,0,0,0.0,0,0,0,-9999.0,0.75,1,P4_CV0,3,1,1,0,2
5,2535011.582,720257.8531,R5_F5_m5f5_P5_Y0_UO151,R5_F5_m-1f-1_P5_Y-1_U114,R5_F5_m-1f-1_P5_Y-1_U70,MXY,1,54.34065536004286,0,0,0.0,0,0,0,-9999.0,0.75,1,P4_CV0,3,1,1,1,1
5,2535011.582,720257.8531,R5_F5_m5f5_P5_Y0_UO152,R5_F5_m-1f-1_P5_Y-1_U114,R5_F5_m-1f-1_P5_Y-1_U70,FXX,1,54.34065536004286,0,0,0.0,0,0,0,-9999.0,0.75,1,P4_CV0,3,0,2,2,0
5,2535011.582,720257.8531,R5_F5_m5f5_P5_Y0_UO153,R5_F5_m-1f-1_P5_Y-1_U114,R5_F5_m-1f-1_P5_Y-1_U70,MXY,1,54.34065536004286,0,0,0.0,0,0,0,-9999.0,0.75,1,P4_CV0,3,0,2,2,0
5,2535011.582,720257.8531,R5_F5_m5f5_P5_Y0_UO162,R5_F5_m-1f-1_P5_Y-1_U114,R5_F5_m-1f-1_P5_Y-1_U70,FXX,1,54.34065536004286,0,0,0.0,0,0,0,-9999.0,0.75,1,P4_CV0,3,1,1,1,1
5,2535011.582,720257.8531,R5_F5_m5f5_P5_Y0_UO163,R5_F5_m-1f-1_P5_Y-1_U114,R5_F5_m-1f-1_P5_Y-1_U70,MXY,1,54.34065536004286,0,0,0.0,0,0,0,-9999.0,0.75,1,P4_CV0,3,1,1,2,0
5,2535011.582,720257.8531,R5_F5_m5f5_P5_Y0_UO164,R5_F5_m-1f-1_P5_Y-1_U114,R5_F5_m-1f-1_P5_Y-1_U70,MXY,1,54.34065536004286,0,0,0.0,0,0,0,-9999.0,0.75,1,P4_CV0,3,2,0,1,1
5,2535011.582,720257.8531,R5_F5_m5f5_P5_Y0_UO186,R5_F5_m-1f-1_P5_Y-1_U32,R5_F5_m-1f-1_P5_Y-1_U111,FXX,1,54.34065536004286,0,0,0.0,0,0,0,-9999.0,0.75,1,P4_CV0,3,0,2,2,0
5,2535011.582,720257.8531,R5_F5_m5f5_P5_Y0_UO187,R5_F5_m-1f-1_P5_Y-1_U32,R5_F5_m-1f-1_P5_Y-1_U111,MXY,1,54.34065536004286,0,0,0.0,0,0,0,-9999.0,0.75,1,P4_CV0,3,0,2,1,1
5,2535011.582,720257.8531,R5_F5_m5f5_P5_Y0_UO188,R5_F5_m-1f-1_P5_Y-1_U32,R5_F5_m-1f-1_P5_Y-1_U111,FXX,1,54.34065536004286,0,0,0.0,0,0,0,-9999.0,0.75,1,P4_CV0,3,0,2,2,0
5,2535011.582,720257.8531,R5_F5_m5f5_P5_Y0_UO189,R5_F5_m-1f-1_P5_Y-1_U32,R5_F5_m-1f-1_P5_Y-1_U111,MXY,1,54.34065536004286,0,0,0.0,0,0,0,-9999.0,0.75,1,P4_CV0,3,1,1,2,0
5,2535011.582,720257.8531,R5_F5_m5f5_P5_Y0_UO248,R5_F5_m-1f-1_P5_Y-1_U113,R5_F5_m-1f-1_P5_Y-1_U100,FXX,1,54.34065536004286,0,0,0.0,0,0,0,-9999.0,0.25,1,P4_CV0,3,0,2,2,0
5,2535011.582,720257.8531,R5_F5_m5f5_P5_Y0_UO249,R5_F5_m-1f-1_P5_Y-1_U113,R5_F5_m-1f-1_P5_Y-1_U100,MXY,1,54.34065536004286,0,0,0.0,0,0,0,-9999.0,0.25,1,P4_CV0,3,1,1,0,2
5,2535011.582,720257.8531,R5_F5_m5f5_P5_Y0_UO250,R5_F5_m-1f-1_P5_Y-1_U113,R5_F5_m-1f-1_P5_Y-1_U100,FXX,1,54.34065536004286,0,0,0.0,0,0,0,-9999.0,0.25,1,P4_CV0,3,1,1,1,1
5,2535011.582,720257.8531,R5_F5_m5f5_P5_Y0_UO251,R5_F5_m-1f-1_P5_Y-1_U93,R5_F5_m-1f-1_P5_Y-1_U111,MXY,1,54.34065536004286,0,0,0.0,0,0,0,-9999.0,0.5,1,P4_CV0,3,2,0,1,1
5,2535011.582,720257.8531,R5_F5_m5f5_P5_Y0_UO252,R5_F5_m-1f-1_P5_Y-1_U93,R5_F5_m-1f-1_P5_Y-1_U111,FXX,1,54.34065536004286,0,0,0.0,0,0,0,-9999.0,0.5,1,P4_CV0,3,2,0,1,1
5,2535011.582,720257.8531,R5_F5_m5f5_P5_Y0_UO253,R5_F5_m-1f-1_P5_Y-1_U93,R5_F5_m-1f-1_P5_Y-1_U111,FXX,1,54.34065536004286,0,0,0.0,0,0,0,-9999.0,0.5,1,P4_CV0,3,1,1,0,2
5,2535011.582,720257.8531,R5_F5_m5f5_P5_Y0_UO254,R5_F5_m-1f-1_P5_Y-1_U93,R5_F5_m-1f-1_P5_Y-1_U111,FXX,1,54.34065536004286,0,0,0.0,0,0,0,-9999.0,0.5,1,P4_CV0,3,1,1,1,1
5,2535011.582,720257.8531,R5_F5_m5f5_P5_Y0_UO256,R5_F5_m-1f-1_P5_Y-1_U31,R5_F5_m-1f-1_P5_Y-1_U43,FXX,1,54.34065536004286,0,0,0.0,0,0,0,-9999.0,0.75,1,P4_CV0,3,0,2,0,2
5,2535011.582,720257.8531,R5_F5_m5f5_P5_Y0_UO257,R5_F5_m-1f-1_P5_Y-1_U31,R5_F5_m-1f-1_P5_Y-1_U43,FXX,1,54.34065536004286,0,0,0.0,0,0,0,-9999.0,0.75,1,P4_CV0,3,1,1,1,1
5,2535011.582,720257.8531,R5_F5_m5f5_P5_Y0_UO258,R5_F5_m-1f-1_P5_Y-1_U31,R5_F5_m-1f-1_P5_Y-1_U43,FXX,1,54.34065536004286,0,0,0.0,0,0,0,-9999.0,0.75,1,P4_CV0,3,1,1,1,1
5,2535011.582,720257.8531,R5_F5_m5f5_P5_Y0_UO259,R5_F5_m-1f-1_P5_Y-1_U31,R5_F5_m-1f-1_P5_Y-1_U43,FXX,1,54.34065536004286,0,0,0.0,0,0,0,-9999.0,0.75,1,P4_CV0,3,1,1,2,0
5,2535011.582,720257.8531,R5_F5_m5f5_P5_Y0_UO260,R5_F5_m-1f-1_P5_Y-1_U31,R5_F5_m-1f-1_P5_Y-1_U43,MXY,1,54.34065536004286,0,0,0.0,0,0,0,-9999.0,0.75,1,P4_CV0,3,1,1,2,0
5,2535011.582,720257.8531,R5_F5_m5f5_P5_Y0_UO261,R5_F5_m-1f-1_P5_Y-1_U31,R5_F5_m-1f-1_P5_Y-1_U43,MXY,1,54.34065536004286,0,0,0.0,0,0,0,-9999.0,0.75,1,P4_CV0,3,2,0,1,1
5,2535011.582,720257.8531,R5_F5_m5f5_P5_Y0_UO262,R5_F5_m-1f-1_P5_Y-1_U31,R5_F5_m-1f-1_P5_Y-1_U43,MXY,1,54.34065536004286,0,0,0.0,0,0,0,-9999.0,0.75,1,P4_CV0,3,1,1,2,0
5,2535011.582,720257.8531,R5_F5_m5f5_P5_Y0_UO276,R5_F5_m-1f-1_P5_Y-1_U3,R5_F5_m-1f-1_P5_Y-1_U71,FXX,1,54.34065536004286,0,0,0.0,0,0,0,-9999.0,0.5,1,P4_CV0,3,0,2,1,1
5,2535011.582,720257.8531,R5_F5_m5f5_P5_Y0_UO277,R5_F5_m-1f-1_P5_Y-1_U3,R5_F5_m-1f-1_P5_Y-1_U71,MXY,1,54.34065536004286,0,0,0.0,0,0,0,-9999.0,0.5,1,P4_CV0,3,2,0,0,2
5,2535011.582,720257.8531,R5_F5_m5f5_P5_Y0_UO278,R5_F5_m-1f-1_P5_Y-1_U3,R5_F5_m-1f-1_P5_Y-1_U71,FXX,1,54.34065536004286,0,0,0.0,0,0,0,-9999.0,0.5,1,P4_CV0,3,1,1,2,0
5,2535011.582,720257.8531,R5_F5_m5f5_P5_Y0_UO279,R5_F5_m-1f-1_P5_Y-1_U3,R5_F5_m-1f-1_P5_Y-1_U71,FXX,1,54.34065536004286,0,0,0.0,0,0,0,-9999.0,0.5,1,P4_CV0,3,1,1,2,0
5,2535011.582,720257.8531,R5_F5_m5f5_P5_Y0_UO285,R5_F5_m-1f-1_P5_Y-1_U137,R5_F5_m-1f-1_P5_Y-1_U14,MXY,1,54.34065536004286,0,0,0.0,0,0,0,-9999.0,0.25,1,P4_CV0,3,1,1,1,1
5,2535011.582,720257.8531,R5_F5_m5f5_P5_Y0_UO286,R5_F5_m-1f-1_P5_Y-1_U137,R5_F5_m-1f-1_P5_Y-1_U14,FXX,1,54.34065536004286,0,0,0.0,0,0,0,-9999.0,0.25,1,P4_CV0,3,1,1,1,1
5,2535011.582,720257.8531,R5_F5_m5f5_P5_Y0_UO287,R5_F5_m-1f-1_P5_Y-1_U126,R5_F5_m-1f-1_P5_Y-1_U83,MXY,1,54.34065536004286,0,0,0.0,0,0,0,-9999.0,0.25,1,P4_CV0,3,1,1,0,2
5,2535011.582,720257.8531,R5_F5_m5f5_P5_Y0_UO288,R5_F5_m-1f-1_P5_Y-1_U126,R5_F5_m-1f-1_P5_Y-1_U83,FXX,1,54.34065536004286,0,0,0.0,0,0,0,-9999.0,0.25,1,P4_CV0,3,1,1,0,2
5,2535011.582,720257.8531,R5_F5_m5f5_P5_Y0_UO289,R5_F5_m-1f-1_P5_Y-1_U126,R5_F5_m-1f-1_P5_Y-1_U83,FXX,1,54.34065536004286,0,0,0.0,0,0,0,-9999.0,0.25,1,P4_CV0,3,0,2,0,2
5,2535011.582,720257.8531,R5_F5_m5f5_P5_Y0_UO296,R5_F5_m-1f-1_P5_Y-1_U12,R5_F5_m-1f-1_P5_Y-1_U89,FXX,1,54.34065536004286,0,0,0.0,0,0,0,-9999.0,0.75,1,P4_CV0,3,1,1,1,1
5,2535011.582,720257.8531,R5_F5_m5f5_P5_Y0_UO297,R5_F5_m-1f-1_P5_Y-1_U12,R5_F5_m-1f-1_P5_Y-1_U89,FXX,1,54.34065536004286,0,0,0.0,0,0,0,-9999.0,0.75,1,P4_CV0,3,0,2,1,1
5,2535011.582,720257.8531,R5_F5_m5f5_P5_Y0_UO298,R5_F5_m-1f-1_P5_Y-1_U12,R5_F5_m-1f-1_P5_Y-1_U89,FXX,1,54.34065536004286,0,0,0.0,0,0,0,-9999.0,0.75,1,P4_CV0,3,0,2,1,1
5,2535011.582,720257.8531,R5_F5_m5f5_P5_Y0_UO299,R5_F5_m-1f-1_P5_Y-1_U12,R5_F5_m-1f-1_P5_Y-1_U89,FXX,1,54.34065536004286,0,0,0.0,0,0,0,-9999.0,0.75,1,P4_CV0,3,2,0,1,1
5,2535011.582,720257.8531,R5_F5_m5f5_P5_Y0_UO300,R5_F5_m-1f-1_P5_Y-1_U12,R5_F5_m-1f-1_P5_Y-1_U89,MXY,1,54.34065536004286,0,0,0.0,0,0,0,-9999.0,0.75,1,P4_CV0,3,1,1,2,0
5,2535011.582,720257.8531,R5_F5_m5f5_P5_Y0_UO301,R5_F5_m-1f-1_P5_Y-1_U12,R5_F5_m-1f-1_P5_Y-1_U89,FXX,1,54.34065536004286,0,0,0.0,0,0,0,-9999.0,0.75,1,P4_CV0,3,2,0,0,2
5,2535011.582,720257.8531,R5_F5_m5f5_P5_Y0_UO302,R5_F5_m-1f-1_P5_Y-1_U12,R5_F5_m-1f-1_P5_Y-1_U89,FXX,1,54.34065536004286,0,0,0.0,0,0,0,-9999.0,0.75,1,P4_CV0,3,2,0,0,2
5,2535011.582,720257.8531,R5_F5_m5f5_P5_Y0_UO303,R5_F5_m-1f-1_P5_Y-1_U12,R5_F5_m-1f-1_P5_Y-1_U89,MXY,1,54.34065536004286,0,0,0.0,0,0,0,-9999.0,0.75,1,P4_CV0,3,1,1,1,1
5,2535011.582,720257.8531,R5_F5_m5f5_P5_Y0_UO304,R5_F5_m-1f-1_P5_Y-1_U12,R5_F5_m-1f-1_P5_Y-1_U89,MXY,1,54.34065536004286,0,0,0.0,0,0,0,-9999.0,0.75,1,P4_CV0,3,1,1,2,0
5,2535011.582,720257.8531,R5_F5_m5f5_P5_Y0_UO313,R5_F5_m-1f-1_P5_Y-1_U53,R5_F5_m-1f-1_P5_Y-1_U118,MXY,1,54.34065536004286,0,0,0.0,0,0,0,-9999.0,0.5,1,P4_CV0,3,2,0,0,2
5,2535011.582,720257.8531,R5_F5_m5f5_P5_Y0_UO314,R5_F5_m-1f-1_P5_Y-1_U53,R5_F5_m-1f-1_P5_Y-1_U118,FXX,1,54.34065536004286,0,0,0.0,0,0,0,-9999.0,0.5,1,P4_CV0,3,0,2,1,1
5,2535011.582,720257.8531,R5_F5_m5f5_P5_Y0_UO315,R5_F5_m-1f-1_P5_Y-1_U53,R5_F5_m-1f-1_P5_Y-1_U118,FXX,1,54.34065536004286,0,0,0.0,0,0,0,-9999.0,0.5,1,P4_CV0,3,1,1,1,1
5,2535011.582,720257.8531,R5_F5_m5f5_P5_Y0_UO334,R5_F5_m-1f-1_P5_Y-1_U113,R5_F5_m-1f-1_P5_Y-1_U43,FXX,1,54.34065536004286,0,0,0.0,0,0,0,-9999.0,0.5,1,P4_CV0,3,0,2,1,1
5,2535011.582,720257.8531,R5_F5_m5f5_P5_Y0_UO368,R5_F5_m-1f-1_P5_Y-1_U92,R5_F5_m-1f-1_P5_Y-1_U118,MXY,1,54.34065536004286,0,0,0.0,0,0,0,-9999.0,1.0,1,P4_CV0,3,2,0,0,2
5,2535011.582,720257.8531,R5_F5_m5f5_P5_Y0_UO369,R5_F5_m-1f-1_P5_Y-1_U92,R5_F5_m-1f-1_P5_Y-1_U118,FXX,1,54.34065536004286,0,0,0.0,0,0,0,-9999.0,1.0,1,P4_CV0,3,2,0,2,0
5,2535011.582,720257.8531,R5_F5_m5f5_P5_Y0_UO370,R5_F5_m-1f-1_P5_Y-1_U92,R5_F5_m-1f-1_P5_Y-1_U118,FXX,1,54.34065536004286,0,0,0.0,0,0,0,-9999.0,1.0,1,P4_CV0,3,1,1,1,1
5,2535011.582,720257.8531,R5_F5_m5f5_P5_Y0_UO389,R5_F5_m-1f-1_P5_Y-1_U74,R5_F5_m-1f-1_P5_Y-1_U136,MXY,1,54.34065536004286,0,0,0.0,0,0,0,-9999.0,0.5,1,P4_CV0,3,1,1,1,1
5,2535011.582,720257.8531,R5_F5_m5f5_P5_Y0_UO390,R5_F5_m-1f-1_P5_Y-1_U74,R5_F5_m-1f-1_P5_Y-1_U136,FXX,1,54.34065536004286,0,0,0.0,0,0,0,-9999.0,0.5,1,P4_CV0,3,1,1,2,0
5,2535011.582,720257.8531,R5_F5_m5f5_P5_Y0_UO395,R5_F5_m-1f-1_P5_Y-1_U92,R5_F5_m-1f-1_P5_Y-1_U24,FXX,1,54.34065536004286,0,0,0.0,0,0,0,-9999.0,0.5,1,P4_CV0,3,1,1,1,1
5,2535011.582,720257.8531,R5_F5_m5f5_P5_Y0_UO396,R5_F5_m-1f-1_P5_Y-1_U92,R5_F5_m-1f-1_P5_Y-1_U24,FXX,1,54.34065536004286,0,0,0.0,0,0,0,-9999.0,0.5,1,P4_CV0,3,2,0,1,1
5,2535011.582,720257.8531,R5_F5_m5f5_P5_Y0_UO397,R5_F5_m-1f-1_P5_Y-1_U92,R5_F5_m-1f-1_P5_Y-1_U24,MXY,1,54.34065536004286,0,0,0.0,0,0,0,-9999.0,0.5,1,P4_CV0,3,1,1,1,1
5,2535011.582,720257.8531,R5_F5_m5f5_P5_Y0_UO398,R5_F5_m-1f-1_P5_Y-1_U92,R5_F5_m-1f-1_P5_Y-1_U24,FXX,1,54.34065536004286,0,0,0.0,0,0,0,-9999.0,0.5,1,P4_CV0,3,1,1,1,1
5,2535011.582,720257.8531,R5_F5_m5f5_P5_Y0_UO406,R5_F5_m-1f-1_P5_Y-1_U80,R5_F5_m-1f-1_P5_Y-1_U39,MXY,1,54.34065536004286,0,0,0.0,0,0,0,-9999.0,1.0,1,P4_CV0,3,0,2,2,0
5,2535011.582,720257.8531,R5_F5_m5f5_P5_Y0_UO407,R5_F5_m-1f-1_P5_Y-1_U80,R5_F5_m-1f-1_P5_Y-1_U39,MXY,1,54.34065536004286,0,0,0.0,0,0,0,-9999.0,1.0,1,P4_CV0,3,1,1,1,1
5,2535011.582,720257.8531,R5_F5_m5f5_P5_Y0_UO408,R5_F5_m-1f-1_P5_Y-1_U80,R5_F5_m-1f-1_P5_Y-1_U39,FXX,1,54.34065536004286,0,0,0.0,0,0,0,-9999.0,1.0,1,P4_CV0,3,1,1,0,2
5,2535011.582,720257.8531,R5_F5_m5f5_P5_Y0_UO409,R5_F5_m-1f-1_P5_Y-1_U80,R5_F5_m-1f-1_P5_Y-1_U39,MXY,1,54.34065536004286,0,0,0.0,0,0,0,-9999.0,1.0,1,P4_CV0,3,0,2,1,1
5,2535011.582,720257.8531,R5_F5_m5f5_P5_Y0_UO467,R5_F5_m-1f-1_P5_Y-1_U53,R5_F5_m-1f-1_P5_Y-1_U14,FXX,1,54.34065536004286,0,0,0.0,0,0,0,-9999.0,0.0,1,P4_CV0,3,1,1,1,1
5,2535011.582,720257.8531,R5_F5_m5f5_P5_Y0_UO468,R5_F5_m-1f-1_P5_Y-1_U53,R5_F5_m-1f-1_P5_Y-1_U14,FXX,1,54.34065536004286,0,0,0.0,0,0,0,-9999.0,0.0,1,P4_CV0,3,1,1,1,1
5,2535011.582,720257.8531,R5_F5_m5f5_P5_Y0_UO522,R5_F5_m-1f-1_P5_Y-1_U86,R5_F5_m-1f-1_P5_Y-1_U20,FXX,1,54.34065536004286,0,0,0.0,0,0,0,-9999.0,0.25,1,P4_CV0,3,2,0,1,1
5,2535011.582,720257.8531,R5_F5_m5f5_P5_Y0_UO523,R5_F5_m-1f-1_P5_Y-1_U86,R5_F5_m-1f-1_P5_Y-1_U20,MXY,1,54.34065536004286,0,0,0.0,0,0,0,-9999.0,0.25,1,P4_CV0,3,1,1,1,1
5,2535011.582,720257.8531,R5_F5_m5f5_P5_Y0_UO524,R5_F5_m-1f-1_P5_Y-1_U86,R5_F5_m-1f-1_P5_Y-1_U20,FXX,1,54.34065536004286,0,0,0.0,0,0,0,-9999.0,0.25,1,P4_CV0,3,0,2,0,2
5,2535011.582,720257.8531,R5_F5_m5f5_P5_Y0_UO525,R5_F5_m-1f-1_P5_Y-1_U86,R5_F5_m-1f-1_P5_Y-1_U20,MXY,1,54.34065536004286,0,0,0.0,0,0,0,-9999.0,0.25,1,P4_CV0,3,2,0,1,1
5,2535011.582,720257.8531,R5_F5_m5f5_P5_Y0_UO561,R5_F5_m-1f-1_P5_Y-1_U72,R5_F5_m-1f-1_P5_Y-1_U84,FXX,1,54.34065536004286,0,0,0.0,0,0,0,-9999.0,0.25,1,P4_CV0,3,0,2,2,0
5,2535011.582,720257.8531,R5_F5_m5f5_P5_Y0_UO562,R5_F5_m-1f-1_P5_Y-1_U72,R5_F5_m-1f-1_P5_Y-1_U84,FXX,1,54.34065536004286,0,0,0.0,0,0,0,-9999.0,0.25,1,P4_CV0,3,1,1,2,0
5,2535011.582,720257.8531,R5_F5_m5f5_P5_Y0_UO563,R5_F5_m-1f-1_P5_Y-1_U72,R5_F5_m-1f-1_P5_Y-1_U84,FXX,1,54.34065536004286,0,0,0.0,0,0,0,-9999.0,0.25,1,P4_CV0,3,1,1,2,0
5,2535011.582,720257.8531,R5_F5_m5f5_P5_Y0_UO564,R5_F5_m-1f-1_P5_Y-1_U72,R5_F5_m-1f-1_P5_Y-1_U84,FXX,1,54.34065536004286,0,0,0.0,0,0,0,-9999.0,0.25,1,P4_CV0,3,2,0,0,2
5,2535011.582,720257.8531,R5_F5_m5f5_P5_Y0_UO565,R5_F5_m-1f-1_P5_Y-1_U114,R5_F5_m-1f-1_P5_Y-1_U71,FXX,1,54.34065536004286,0,0,0.0,0,0,0,-9999.0,0.5,1,P4_CV0,3,2,0,0,2
5,2535011.582,720257.8531,R5_F5_m5f5_P5_Y0_UO566,R5_F5_m-1f-1_P5_Y-1_U114,R5_F5_m-1f-1_P5_Y-1_U71,MXY,1,54.34065536004286,0,0,0.0,0,0,0,-9999.0,0.5,1,P4_CV0,3,2,0,2,0
5,2535011.582,720257.8531,R5_F5_m5f5_P5_Y0_UO567,R5_F5_m-1f-1_P5_Y-1_U114,R5_F5_m-1f-1_P5_Y-1_U71,MXY,1,54.34065536004286,0,0,0.0,0,0,0,-9999.0,0.5,1,P4_CV0,3,1,1,2,0
5,2535011.582,720257.8531,R5_F5_m5f5_P5_Y0_UO568,R5_F5_m-1f-1_P5_Y-1_U114,R5_F5_m-1f-1_P5_Y-1_U71,FXX,1,54.34065536004286,0,0,0.0,0,0,0,-9999.0,0.5,1,P4_CV0,3,1,1,1,1
5,2535011.582,720257.8531,R5_F5_m5f5_P5_Y0_UO595,R5_F5_m-1f-1_P5_Y-1_U0,R5_F5_m-1f-1_P5_Y-1_U123,MXY,1,54.34065536004286,0,0,0.0,0,0,0,-9999.0,0.25,1,P4_CV0,3,0,2,0,2
5,2535011.582,720257.8531,R5_F5_m5f5_P5_Y0_UO596,R5_F5_m-1f-1_P5_Y-1_U0,R5_F5_m-1f-1_P5_Y-1_U123,FXX,1,54.34065536004286,0,0,0.0,0,0,0,-9999.0,0.25,1,P4_CV0,3,2,0,2,0
5,2535011.582,720257.8531,R5_F5_m5f5_P5_Y0_UO597,R5_F5_m-1f-1_P5_Y-1_U0,R5_F5_m-1f-1_P5_Y-1_U123,FXX,1,54.34065536004286,0,0,0.0,0,0,0,-9999.0,0.25,1,P4_CV0,3,1,1,0,2
5,2535011.582,720257.8531,R5_F5_m5f5_P5_Y0_UO598,R5_F5_m-1f-1_P5_Y-1_U0,R5_F5_m-1f-1_P5_Y-1_U123,FXX,1,54.34065536004286,0,0,0.0,0,0,0,-9999.0,0.25,1,P4_CV0,3,1,1,1,1
5,2535011.582,720257.8531,R5_F5_m5f5_P5_Y0_UO599,R5_F5_m-1f-1_P5_Y-1_U0,R5_F5_m-1f-1_P5_Y-1_U123,FXX,1,54.34065536004286,0,0,0.0,0,0,0,-9999.0,0.25,1,P4_CV0,3,0,2,1,1
5,2535011.582,720257.8531,R5_F5_m5f5_P5_Y0_UO600,R5_F5_m-1f-1_P5_Y-1_U0,R5_F5_m-1f-1_P5_Y-1_U123,FXX,1,54.34065536004286,0,0,0.0,0,0,0,-9999.0,0.25,1,P4_CV0,3,1,1,1,1
5,2535011.582,720257.8531,R5_F5_m5f5_P5_Y0_UO601,R5_F5_m-1f-1_P5_Y-1_U0,R5_F5_m-1f-1_P5_Y-1_U123,MXY,1,54.34065536004286,0,0,0.0,0,0,0,-9999.0,0.25,1,P4_CV0,3,1,1,1,1
5,2535011.582,720257.8531,R5_F5_m5f5_P5_Y0_UO602,R5_F5_m-1f-1_P5_Y-1_U0,R5_F5_m-1f-1_P5_Y-1_U123,MXY,1,54.34065536004286,0,0,0.0,0,0,0,-9999.0,0.25,1,P4_CV0,3,2,0,2,0
5,2535011.582,720257.8531,R5_F5_m5f5_P5_Y0_UO603,R5_F5_m-1f-1_P5_Y-1_U114,R5_F5_m-1f-1_P5_Y-1_U118,MXY,1,54.34065536004286,0,0,0.0,0,0,0,-9999.0,0.75,1,P4_CV0,3,0,2,1,1
5,2535011.582,720257.8531,R5_F5_m5f5_P5_Y0_UO604,R5_F5_m-1f-1_P5_Y-1_U114,R5_F5_m-1f-1_P5_Y-1_U118,MXY,1,54.34065536004286,0,0,0.0,0,0,0,-9999.0,0.75,1,P4_CV0,3,2,0,1,1
5,2535011.582,720257.8531,R5_F5_m5f5_P5_Y0_UO622,R5_F5_m-1f-1_P5_Y-1_U74,R5_F5_m-1f-1_P5_Y-1_U60,MXY,1,54.34065536004286,0,0,0.0,0,0,0,-9999.0,0.5,1,P4_CV0,3,0,2,2,0
5,2535011.582,720257.8531,R5_F5_m5f5_P5_Y0_UO623,R5_F5_m-1f-1_P5_Y-1_U74,R5_F5_m-1f-1_P5_Y-1_U60,FXX,1,54.34065536004286,0,0,0.0,0,0,0,-9999.0,0.5,1,P4_CV0,3,1,1,1,1
5,2535011.582,720257.8531,R5_F5_m5f5_P5_Y0_UO624,R5_F5_m-1f-1_P5_Y-1_U74,R5_F5_m-1f-1_P5_Y-1_U60,FXX,1,54.34065536004286,0,0,0.0,0,0,0,-9999.0,0.5,1,P4_CV0,3,1,1,1,1
5,2535011.582,720257.8531,R5_F5_m5f5_P5_Y0_UO629,R5_F5_m-1f-1_P5_Y-1_U32,R5_F5_m-1f-1_P5_Y-1_U70,MXY,1,54.34065536004286,0,0,0.0,0,0,0,-9999.0,1.0,1,P4_CV0,3,0,2,1,1
5,2535011.582,720257.8531,R5_F5_m5f5_P5_Y0_UO630,R5_F5_m-1f-1_P5_Y-1_U32,R5_F5_m-1f-1_P5_Y-1_U70,MXY,1,54.34065536004286,0,0,0.0,0,0,0,-9999.0,1.0,1,P4_CV0,3,2,0,1,1
5,2535011.582,720257.8531,R5_F5_m5f5_P5_Y0_UO631,R5_F5_m-1f-1_P5_Y-1_U32,R5_F5_m-1f-1_P5_Y-1_U70,MXY,1,54.34065536004286,0,0,0.0,0,0,0,-9999.0,1.0,1,P4_CV0,3,2,0,1,1
5,2535011.582,720257.8531,R5_F5_m5f5_P5_Y0_UO644,R5_F5_m-1f-1_P5_Y-1_U113,R5_F5_m-1f-1_P5_Y-1_U43,FXX,1,54.34065536004286,0,0,0.0,0,0,0,-9999.0,0.5,1,P4_CV0,3,1,1,1,1
5,2535011.582,720257.8531,R5_F5_m5f5_P5_Y0_UO645,R5_F5_m-1f-1_P5_Y-1_U113,R5_F5_m-1f-1_P5_Y-1_U43,FXX,1,54.34065536004286,0,0,0.0,0,0,0,-9999.0,0.5,1,P4_CV0,3,2,0,1,1
5,2535011.582,720257.8531,R5_F5_m5f5_P5_Y0_UO646,R5_F5_m-1f-1_P5_Y-1_U113,R5_F5_m-1f-1_P5_Y-1_U43,FXX,1,54.34065536004286,0,0,0.0,0,0,0,-9999.0,0.5,1,P4_CV0,3,1,1,1,1
5,2535011.582,720257.8531,R5_F5_m5f5_P5_Y0_UO665,R5_F5_m-1f-1_P5_Y-1_U93,R5_F5_m-1f-1_P5_Y-1_U133,FXX,1,54.34065536004286,0,0,0.0,0,0,0,-9999.0,0.5,1,P4_CV0,3,1,1,1,1
5,2535011.582,720257.8531,R5_F5_m5f5_P5_Y0_UO666,R5_F5_m-1f-1_P5_Y-1_U93,R5_F5_m-1f-1_P5_Y-1_U133,MXY,1,54.34065536004286,0,0,0.0,0,0,0,-9999.0,0.5,1,P4_CV0,3,0,2,1,1
5,2535011.582,720257.8531,R5_F5_m5f5_P5_Y0_UO674,R5_F5_m-1f-1_P5_Y-1_U31,R5_F5_m-1f-1_P5_Y-1_U58,MXY,1,54.34065536004286,0,0,0.0,0,0,0,-9999.0,1.0,1,P4_CV0,3,0,2,1,1
5,2535011.582,720257.8531,R5_F5_m5f5_P5_Y0_UO675,R5_F5_m-1f-1_P5_Y-1_U31,R5_F5_m-1f-1_P5_Y-1_U58,FXX,1,54.34065536004286,0,0,0.0,0,0,0,-9999.0,1.0,1,P4_CV0,3,0,2,1,1
5,2535011.582,720257.8531,R5_F5_m5f5_P5_Y0_UO676,R5_F5_m-1f-1_P5_Y-1_U31,R5_F5_m-1f-1_P5_Y-1_U58,MXY,1,54.34065536004286,0,0,0.0,0,0,0,-9999.0,1.0,1,P4_CV0,3,2,0,2,0
5,2535011.582,720257.8531,R5_F5_m5f5_P5_Y0_UO677,R5_F5_m-1f-1_P5_Y-1_U31,R5_F5_m-1f-1_P5_Y-1_U58,FXX,1,54.34065536004286,0,0,0.0,0,0,0,-9999.0,1.0,1,P4_CV0,3,1,1,1,1
5,2535011.582,720257.8531,R5_F5_m5f5_P5_Y0_UO678,R5_F5_m-1f-1_P5_Y-1_U31,R5_F5_m-1f-1_P5_Y-1_U58,FXX,1,54.34065536004286,0,0,0.0,0,0,0,-9999.0,1.0,1,P4_CV0,3,1,1,2,0
5,2535011.582,720257.8531,R5_F5_m5f5_P5_Y0_UO679,R5_F5_m-1f-1_P5_Y-1_U31,R5_F5_m-1f-1_P5_Y-1_U58,MXY,1,54.34065536004286,0,0,0.0,0,0,0,-9999.0,1.0,1,P4_CV0,3,1,1,0,2
5,2535011.582,720257.8531,R5_F5_m5f5_P5_Y0_UO680,R5_F5_m-1f-1_P5_Y-1_U31,R5_F5_m-1f-1_P5_Y-1_U58,MXY,1,54.34065536004286,0,0,0.0,0,0,0,-9999.0,1.0,1,P4_CV0,3,1,1,0,2
5,2535011.582,720257.8531,R5_F5_m5f5_P5_Y0_UO704,R5_F5_m-1f-1_P5_Y-1_U137,R5_F5_m-1f-1_P5_Y-1_U38,FXX,1,54.34065536004286,0,0,0.0,0,0,0,-9999.0,0.75,1,P4_CV0,3,0,2,1,1
5,2535011.582,720257.8531,R5_F5_m5f5_P5_Y0_UO705,R5_F5_m-1f-1_P5_Y-1_U137,R5_F5_m-1f-1_P5_Y-1_U38,MXY,1,54.34065536004286,0,0,0.0,0,0,0,-9999.0,0.75,1,P4_CV0,3,1,1,1,1
5,2535011.582,720257.8531,R5_F5_m5f5_P5_Y0_UO706,R5_F5_m-1f-1_P5_Y-1_U137,R5_F5_m-1f-1_P5_Y-1_U38,FXX,1,54.34065536004286,0,0,0.0,0,0,0,-9999.0,0.75,1,P4_CV0,3,1,1,0,2
5,2535011.582,720257.8531,R5_F5_m5f5_P5_Y0_UO707,R5_F5_m-1f-1_P5_Y-1_U137,R5_F5_m-1f-1_P5_Y-1_U38,MXY,1,54.34065536004286,0,0,0.0,0,0,0,-9999.0,0.75,1,P4_CV0,3,0,2,0,2
5,2535011.582,720257.8531,R5_F5_m5f5_P5_Y0_UO708,R5_F5_m-1f-1_P5_Y-1_U137,R5_F5_m-1f-1_P5_Y-1_U38,FXX,1,54.34065536004286,0,0,0.0,0,0,0,-9999.0,0.75,1,P4_CV0,3,1,1,2,0
5,2535011.582,720257.8531,R5_F5_m5f5_P5_Y0_UO729,R5_F5_m-1f-1_P5_Y-1_U101,R5_F5_m-1f-1_P5_Y-1_U76,MXY,1,54.34065536004286,0,0,0.0,0,0,0,-9999.0,0.5,1,P4_CV0,3,1,1,2,0
5,2535011.582,720257.8531,R5_F5_m5f5_P5_Y0_UO730,R5_F5_m-1f-1_P5_Y-1_U101,R5_F5_m-1f-1_P5_Y-1_U76,FXX,1,54.34065536004286,0,0,0.0,0,0,0,-9999.0,0.5,1,P4_CV0,3,2,0,2,0
5,2535011.582,720257.8531,R5_F5_m5f5_P5_Y0_UO747,R5_F5_m-1f-1_P5_Y-1_U137,R5_F5_m-1f-1_P5_Y-1_U87,MXY,1,54.34065536004286,0,0,0.0,0,0,0,-9999.0,0.5,1,P4_CV0,3,1,1,0,2
5,2535011.582,720257.8531,R5_F5_m5f5_P5_Y0_UO748,R5_F5_m-1f-1_P5_Y-1_U137,R5_F5_m-1f-1_P5_Y-1_U87,MXY,1,54.34065536004286,0,0,0.0,0,0,0,-9999.0,0.5,1,P4_CV0,3,0,2,1,1
5,2535011.582,720257.8531,R5_F5_m-1f-1_P5_Y-1_U1,-9999,-9999,FXX,2,82.30770075459374,1,0,0.0,0,0,0,-9999.0,0.5,1,P4_CV0,3,1,1,0,2
5,2535011.582,720257.8531,R5_F5_m-1f-1_P5_Y-1_U2,-9999,-9999,MXY,2,82.30770075459374,1,0,0.0,0,0,0,-9999.0,0.0,1,P4_CV0,3,0,2,2,0
5,2535011.582,720257.8531,R5_F5_m-1f-1_P5_Y-1_U4,-9999,-9999,FXX,2,82.30770075459374,1,0,0.0,0,0,0,-9999.0,0.5,1,P4_CV0,3,1,1,0,2
5,2535011.582,720257.8531,R5_F5_m-1f-1_P5_Y-1_U6,-9999,-9999,FXX,2,82.30770075459374,1,0,1.734,0,0,0,-9999.0,0.5,1,P4_CV0,3,1,1,2,0
5,2535011.582,720257.8531,R5_F5_m-1f-1_P5_Y-1_U7,-9999,-9999,MXY,2,82.30770075459374,1,0,0.0,0,0,0,-9999.0,0.0,1,P4_CV0,3,0,2,0,2
5,2535011.582,720257.8531,R5_F5_m-1f-1_P5_Y-1_U9,-9999,-9999,FXX,2,82.30770075459374,1,0,1.0,0,0,0,-9999.0,0.5,1,P4_CV0,3,1,1,1,1
5,2535011.582,720257.8531,R5_F5_m-1f-1_P5_Y-1_U10,-9999,-9999,MXY,2,82.30770075459374,1,0,0.0,0,0,0,-9999.0,0.5,1,P4_CV0,3,1,1,1,1
5,2535011.582,720257.8531,R5_F5_m-1f-1_P5_Y-1_U11,-9999,-9999,FXX,2,82.30770075459374,1,0,0.0,0,0,0,-9999.0,1.0,1,P4_CV0,3,2,0,2,0
5,2535011.582,720257.8531,R5_F5_m-1f-1_P5_Y-1_U15,-9999,-9999,MXY,2,82.30770075459374,1,0,0.0,0,0,0,-9999.0,0.5,1,P4_CV0,3,1,1,0,2
5,2535011.582,720257.8531,R5_F5_m-1f-1_P5_Y-1_U17,-9999,-9999,FXX,2,82.30770075459374,1,0,0.0,0,0,0,-9999.0,0.5,1,P4_CV0,3,1,1,0,2
5,2535011.582,720257.8531,R5_F5_m-1f-1_P5_Y-1_U19,-9999,-9999,MXY,2,82.30770075459374,1,0,0.0,0,0,0,-9999.0,0.5,1,P4_CV0,3,1,1,2,0
5,2535011.582,720257.8531,R5_F5_m-1f-1_P5_Y-1_U21,-9999,-9999,MXY,2,82.30770075459374,1,0,0.0,0,0,0,-9999.0,0.5,1,P4_CV0,3,1,1,1,1
5,2535011.582,720257.8531,R5_F5_m-1f-1_P5_Y-1_U22,-9999,-9999,MXY,2,82.30770075459374,1,0,0.0,0,0,0,-9999.0,0.5,1,P4_CV0,3,1,1,0,2
5,2535011.582,720257.8531,R5_F5_m-1f-1_P5_Y-1_U23,-9999,-9999,MXY,2,82.30770075459374,1,0,0.0,0,0,0,-9999.0,0.5,1,P4_CV0,3,1,1,0,2
5,2535011.582,720257.8531,R5_F5_m-1f-1_P5_Y-1_U26,-9999,-9999,FXX,2,82.30770075459374,1,0,1.973,0,0,0,-9999.0,0.5,1,P4_CV0,3,1,1,2,0
5,2535011.582,720257.8531,R5_F5_m-1f-1_P5_Y-1_U27,-9999,-9999,FXX,2,82.30770075459374,1,0,1.136,0,0,0,-9999.0,0.5,1,P4_CV0,3,1,1,1,1
5,2535011.582,720257.8531,R5_F5_m-1f-1_P5_Y-1_U30,-9999,-9999,FXX,2,82.30770075459374,1,0,1.0,0,0,0,-9999.0,1.0,1,P4_CV0,3,2,0,1,1
5,2535011.582,720257.8531,R5_F5_m-1f-1_P5_Y-1_U34,-9999,-9999,MXY,2,82.30770075459374,1,0,0.0,0,0,0,-9999.0,0.5,1,P4_CV0,3,1,1,1,1
5,2535011.582,720257.8531,R5_F5_m-1f-1_P5_Y-1_U35,-9999,-9999,MXY,2,82.30770075459374,1,0,0.0,0,0,0,-9999.0,0.0,1,P4_CV0,3,0,2,1,1
5,2535011.582,720257.8531,R5_F5_m-1f-1_P5_Y-1_U37,-9999,-9999,FXX,2,82.30770075459374,1,0,0.0,0,0,0,-9999.0,1.0,1,P4_CV0,3,2,0,0,2
5,2535011.582,720257.8531,R5_F5_m-1f-1_P5_Y-1_U44,-9999,-9999,FXX,2,82.30770075459374,1,0,2.125,0,0,0,-9999.0,1.0,1,P4_CV0,3,2,0,0,2
5,2535011.582,720257.8531,R5_F5_m-1f-1_P5_Y-1_U45,-9999,-9999,FXX,2,82.30770075459374,1,0,1.64,0,0,0,-9999.0,0.0,1,P4_CV0,3,0,2,1,1
5,2535011.582,720257.8531,R5_F5_m-1f-1_P5_Y-1_U46,-9999,-9999,MXY,2,82.30770075459374,1,0,0.0,0,0,0,-9999.0,0.5,1,P4_CV0,3,1,1,1,1
5,2535011.582,720257.8531,R5_F5_m-1f-1_P5_Y-1_U48,-9999,-9999,MXY,2,82.30770075459374,1,0,0.0,0,0,0,-9999.0,0.5,1,P4_CV0,3,1,1,0,2
5,2535011.582,720257.8531,R5_F5_m-1f-1_P5_Y-1_U50,-9999,-9999,MXY,2,82.30770075459374,1,0,0.0,0,0,0,-9999.0,1.0,1,P4_CV0,3,2,0,1,1
5,2535011.582,720257.8531,R5_F5_m-1f-1_P5_Y-1_U51,-9999,-9999,MXY,2,82.30770075459374,1,0,0.0,0,0,0,-9999.0,0.5,1,P4_CV0,3,1,1,1,1
5,2535011.582,720257.8531,R5_F5_m-1f-1_P5_Y-1_U52,-9999,-9999,FXX,2,82.30770075459374,1,0,0.0,0,0,0,-9999.0,1.0,1,P4_CV0,3,2,0,1,1
5,2535011.582,720257.8531,R5_F5_m-1f-1_P5_Y-1_U55,-9999,-9999,FXX,2,82.30770075459374,1,0,3.275,0,0,0,-9999.0,0.0,1,P4_CV0,3,0,2,1,1
5,2535011.582,720257.8531,R5_F5_m-1f-1_P5_Y-1_U56,-9999,-9999,FXX,2,82.30770075459374,1,0,2.365,0,0,0,-9999.0,0.0,1,P4_CV0,3,0,2,1,1
5,2535011.582,720257.8531,R5_F5_m-1f-1_P5_Y-1_U59,-9999,-9999,MXY,2,82.30770075459374,1,0,0.0,0,0,0,-9999.0,1.0,1,P4_CV0,3,2,0,2,0
5,2535011.582,720257.8531,R5_F5_m-1f-1_P5_Y-1_U61,-9999,-9999,FXX,2,82.30770075459374,1,0,0.0,0,0,0,-9999.0,1.0,1,P4_CV0,3,2,0,1,1
5,2535011.582,720257.8531,R5_F5_m-1f-1_P5_Y-1_U64,-9999,-9999,FXX,2,82.30770075459374,1,0,1.786,0,0,0,-9999.0,0.5,1,P4_CV0,3,1,1,0,2
5,2535011.582,720257.8531,R5_F5_m-1f-1_P5_Y-1_U65,-9999,-9999,FXX,2,82.30770075459374,1,0,1.825,0,0,0,-9999.0,0.5,1,P4_CV0,3,1,1,0,2
5,2535011.582,720257.8531,R5_F5_m-1f-1_P5_Y-1_U66,-9999,-9999,MXY,2,82.30770075459374,1,0,0.0,0,0,0,-9999.0,0.0,1,P4_CV0,3,0,2,1,1
5,2535011.582,720257.8531,R5_F5_m-1f-1_P5_Y-1_U67,-9999,-9999,MXY,2,82.30770075459374,1,0,0.0,0,0,0,-9999.0,0.0,1,P4_CV0,3,0,2,1,1
5,2535011.582,720257.8531,R5_F5_m-1f-1_P5_Y-1_U68,-9999,-9999,MXY,2,82.30770075459374,1,0,0.0,0,0,0,-9999.0,0.5,1,P4_CV0,3,1,1,1,1
5,2535011.582,720257.8531,R5_F5_m-1f-1_P5_Y-1_U69,-9999,-9999,MXY,2,82.30770075459374,1,0,0.0,0,0,0,-9999.0,0.5,1,P4_CV0,3,1,1,1,1
5,2535011.582,720257.8531,R5_F5_m-1f-1_P5_Y-1_U73,-9999,-9999,FXX,2,82.30770075459374,1,0,0.0,0,0,0,-9999.0,1.0,1,P4_CV0,3,2,0,1,1
5,2535011.582,720257.8531,R5_F5_m-1f-1_P5_Y-1_U75,-9999,-9999,MXY,2,82.30770075459374,1,0,0.0,0,0,0,-9999.0,0.0,1,P4_CV0,3,0,2,1,1
5,2535011.582,720257.8531,R5_F5_m-1f-1_P5_Y-1_U77,-9999,-9999,MXY,2,82.30770075459374,1,0,0.0,0,0,0,-9999.0,1.0,1,P4_CV0,3,2,0,1,1
5,2535011.582,720257.8531,R5_F5_m-1f-1_P5_Y-1_U78,-9999,-9999,FXX,2,82.30770075459374,1,0,0.0,0,0,0,-9999.0,0.5,1,P4_CV0,3,1,1,2,0
5,2535011.582,720257.8531,R5_F5_m-1f-1_P5_Y-1_U88,-9999,-9999,MXY,2,82.30770075459374,1,0,0.0,0,0,0,-9999.0,0.5,1,P4_CV0,3,1,1,1,1
5,2535011.582,720257.8531,R5_F5_m-1f-1_P5_Y-1_U95,-9999,-9999,MXY,2,82.30770075459374,1,0,0.0,0,0,0,-9999.0,1.0,1,P4_CV0,3,2,0,1,1
5,2535011.582,720257.8531,R5_F5_m-1f-1_P5_Y-1_U96,-9999,-9999,FXX,2,82.30770075459374,1,0,1.255,0,0,0,-9999.0,1.0,1,P4_CV0,3,2,0,2,0
5,2535011.582,720257.8531,R5_F5_m-1f-1_P5_Y-1_U97,-9999,-9999,FXX,2,82.30770075459374,1,0,1.425,0,0,0,-9999.0,1.0,1,P4_CV0,3,2,0,1,1
5,2535011.582,720257.8531,R5_F5_m-1f-1_P5_Y-1_U99,-9999,-9999,FXX,2,82.30770075459374,1,0,1.307,0,0,0,-9999.0,0.5,1,P4_CV0,3,1,1,0,2
5,2535011.582,720257.8531,R5_F5_m-1f-1_P5_Y-1_U102,-9999,-9999,MXY,2,82.30770075459374,1,0,0.0,0,0,0,-9999.0,1.0,1,P4_CV0,3,2,0,1,1
5,2535011.582,720257.8531,R5_F5_m-1f-1_P5_Y-1_U104,-9999,-9999,MXY,2,82.30770075459374,1,0,0.0,0,0,0,-9999.0,0.0,1,P4_CV0,3,0,2,1,1
5,2535011.582,720257.8531,R5_F5_m-1f-1_P5_Y-1_U106,-9999,-9999,MXY,2,82.30770075459374,1,0,0.0,0,0,0,-9999.0,0.5,1,P4_CV0,3,1,1,2,0
5,2535011.582,720257.8531,R5_F5_m-1f-1_P5_Y-1_U107,-9999,-9999,MXY,2,82.30770075459374,1,0,0.0,0,0,0,-9999.0,0.5,1,P4_CV0,3,1,1,1,1
5,2535011.582,720257.8531,R5_F5_m-1f-1_P5_Y-1_U108,-9999,-9999,MXY,2,82.30770075459374,1,0,0.0,0,0,0,-9999.0,0.5,1,P4_CV0,3,1,1,0,2
5,2535011.582,720257.8531,R5_F5_m-1f-1_P5_Y-1_U109,-9999,-9999,FXX,2,82.30770075459374,1,0,1.0,0,0,0,-9999.0,0.0,1,P4_CV0,3,0,2,1,1
5,2535011.582,720257.8531,R5_F5_m-1f-1_P5_Y-1_U110,-9999,-9999,MXY,2,82.30770075459374,1,0,0.0,0,0,0,-9999.0,1.0,1,P4_CV0,3,2,0,2,0
5,2535011.582,720257.8531,R5_F5_m-1f-1_P5_Y-1_U115,-9999,-9999,MXY,2,82.30770075459374,1,0,0.0,0,0,0,-9999.0,0.5,1,P4_CV0,3,1,1,1,1
5,2535011.582,720257.8531,R5_F5_m-1f-1_P5_Y-1_U116,-9999,-9999,FXX,2,82.30770075459374,1,0,0.0,0,0,0,-9999.0,0.5,1,P4_CV0,3,1,1,1,1
5,2535011.582,720257.8531,R5_F5_m-1f-1_P5_Y-1_U117,-9999,-9999,MXY,2,82.30770075459374,1,0,0.0,0,0,0,-9999.0,0.0,1,P4_CV0,3,0,2,0,2
5,2535011.582,720257.8531,R5_F5_m-1f-1_P5_Y-1_U119,-9999,-9999,FXX,2,82.30770075459374,1,0,2.048,0,0,0,-9999.0,0.0,1,P4_CV0,3,0,2,1,1
5,2535011.582,720257.8531,R5_F5_m-1f-1_P5_Y-1_U121,-9999,-9999,FXX,2,82.30770075459374,1,0,2.148,0,0,0,-9999.0,0.5,1,P4_CV0,3,1,1,1,1
5,2535011.582,720257.8531,R5_F5_m-1f-1_P5_Y-1_U122,-9999,-9999,FXX,2,82.30770075459374,1,0,3.296,0,0,0,-9999.0,1.0,1,P4_CV0,3,2,0,1,1
5,2535011.582,720257.8531,R5_F5_m-1f-1_P5_Y-1_U125,-9999,-9999,MXY,2,82.30770075459374,1,0,0.0,0,0,0,-9999.0,0.0,1,P4_CV0,3,0,2,2,0
5,2535011.582,720257.8531,R5_F5_m-1f-1_P5_Y-1_U129,-9999,-9999,FXX,2,82.30770075459374,1,0,3.941,0,0,0,-9999.0,0.0,1,P4_CV0,3,0,2,2,0
5,2535011.582,720257.8531,R5_F5_m-1f-1_P5_Y-1_U131,-9999,-9999,FXX,2,82.30770075459374,1,0,1.835,0,0,0,-9999.0,0.5,1,P4_CV0,3,1,1,2,0
5,2535011.582,720257.8531,R5_F5_m-1f-1_P5_Y-1_U132,-9999,-9999,FXX,2,82.30770075459374,1,0,1.485,0,0,0,-9999.0,1.0,1,P4_CV0,3,2,0,1,1
5,2535011.582,720257.8531,R5_F5_m-1f-1_P5_Y-1_U135,-9999,-9999,MXY,2,82.30770075459374,1,0,0.0,0,0,0,-9999.0,0.5,1,P4_CV0,3,1,1,1,1
5,2535011.582,720257.8531,R5_F5_m-1f-1_P5_Y-1_U139,-9999,-9999,FXX,2,82.30770075459374,1,0,1.0,0,0,0,-9999.0,0.5,1,P4_CV0,3,1,1,1,1
5,2535011.582,720257.8531,I5_F7_m-1f-1_P5_Y-1_U57,-9999,-9999,FXX,2,82.28951393248654,1,0,1.93,0,0,0,-9999.0,0.0,1,P4_CV0,3,0,2,2,0
5,2535011.582,720257.8531,I5_F7_m-1f-1_P5_Y-1_U81,-9999,-9999,MXY,2,82.28951393248654,1,0,0.0,0,0,0,-9999.0,0.5,1,P4_CV0,3,1,1,0,2
5,2535011.582,720257.8531,R5_F5_m-1f-1_P5_Y-1_U93,-9999,-9999,FXX,3,91.12071701330986,1,0,1.0,0,0,0,-9999.0,0.5,1,P4_CV0,3,1,1,2,0
5,2535011.582,720257.8531,R5_F5_m-1f-1_P5_Y-1_U126,-9999,-9999,FXX,3,102.67571701330985,1,0,1.447,0,0,0,-9999.0,0.0,1,P4_CV0,3,0,2,1,1
5,2535011.582,720257.8531,R5_F5_m-1f-1_P5_Y-1_U86,-9999,-9999,FXX,3,97.32171701330986,1,0,2.227,0,0,0,-9999.0,0.0,1,P4_CV0,3,0,2,1,1
5,2535011.582,720257.8531,R5_F5_m-1f-1_P5_Y-1_U24,-9999,-9999,MXY,3,104.28771701330986,1,0,0.0,0,0,0,-9999.0,0.0,1,P4_CV0,3,0,2,0,2
5,2535011.582,720257.8531,R5_F5_m-1f-1_P5_Y-1_U133,-9999,-9999,MXY,3,103.69771701330987,1,0,0.0,0,0,0,-9999.0,0.5,1,P4_CV0,3,1,1,1,1
5,2535011.582,720257.8531,R5_F5_m-1f-1_P5_Y-1_U112,-9999,-9999,FXX,3,102.75271701330986,1,0,2.464,0,0,0,-9999.0,0.5,1,P4_CV0,3,1,1,1,1
5,2535011.582,720257.8531,R5_F5_m-1f-1_P5_Y-1_U100,-9999,-9999,MXY,3,99.85771701330987,1,0,0.0,0,0,0,-9999.0,0.0,1,P4_CV0,3,0,2,2,0
5,2535011.582,720257.8531,R5_F5_m-1f-1_P5_Y-1_U128,-9999,-9999,FXX,3,101.22771701330986,1,0,2.14,0,0,0,-9999.0,0.0,1,P4_CV0,3,0,2,1,1
5,2535011.582,720257.8531,R5_F5_m-1f-1_P5_Y-1_U16,-9999,-9999,FXX,3,97.33271701330986,1,0,1.459,0,0,0,-9999.0,0.5,1,P4_CV0,3,1,1,1,1
5,2535011.582,720257.8531,R5_F5_m-1f-1_P5_Y-1_U138,-9999,-9999,FXX,3,103.21271701330986,1,0,1.434,0,0,0,-9999.0,0.0,1,P4_CV0,3,0,2,2,0
5,2535011.582,720257.8531,R5_F5_m-1f-1_P5_Y-1_U124,-9999,-9999,FXX,3,98.84571701330987,1,0,1.0,0,0,0,-9999.0,0.0,1,P4_CV0,3,0,2,0,2
5,2535011.582,720257.8531,R5_F5_m-1f-1_P5_Y-1_U53,-9999,-9999,FXX,3,102.84671701330986,1,0,1.0,0,0,0,-9999.0,0.0,1,P4_CV0,3,0,2,1,1
5,2535011.582,720257.8531,R5_F5_m-1f-1_P5_Y-1_U74,-9999,-9999,FXX,3,104.62171701330986,1,0,3.107,0,0,0,-9999.0,0.5,1,P4_CV0,3,1,1,1,1
5,2535011.582,720257.8531,R5_F5_m-1f-1_P5_Y-1_U72,-9999,-9999,FXX,3,101.16871701330986,1,0,2.047,0,0,0,-9999.0,0.0,1,P4_CV0,3,0,2,1,1
5,2535011.582,720257.8531,R5_F5_m-1f-1_P5_Y-1_U58,-9999,-9999,MXY,3,103.52671701330985,1,0,0.0,0,0,0,-9999.0,1.0,1,P4_CV0,3,2,0,2,0
5,2535011.582,720257.8531,R5_F5_m-1f-1_P5_Y-1_U113,-9999,-9999,FXX,3,113.06371701330986,1,0,2.27,0,0,0,-9999.0,0.5,1,P4_CV0,3,1,1,2,0
5,2535011.582,720257.8531,R5_F5_m-1f-1_P5_Y-1_U62,-9999,-9999,FXX,3,100.22971701330985,1,0,0.0,0,0,0,-9999.0,0.5,1,P4_CV0,3,1,1,2,0
5,2535011.582,720257.8531,R5_F5_m-1f-1_P5_Y-1_U60,-9999,-9999,MXY,3,102.12171701330986,1,0,0.0,0,0,0,-9999.0,0.5,1,P4_CV0,3,1,1,1,1
5,2535011.582,720257.8531,R5_F5_m-1f-1_P5_Y-1_U32,-9999,-9999,FXX,3,102.80471701330987,1,0,1.0,0,0,0,-9999.0,1.0,1,P4_CV0,3,2,0,0,2
5,2535011.582,720257.8531,R5_F5_m-1f-1_P5_Y-1_U13,-9999,-9999,MXY,3,105.67871701330986,1,0,0.0,0,0,0,-9999.0,0.0,1,P4_CV0,3,0,2,1,1
5,2535011.582,720257.8531,R5_F5_m-1f-1_P5_Y-1_U84,-9999,-9999,MXY,3,101.53871701330985,1,0,0.0,0,0,0,-9999.0,0.5,1,P4_CV0,3,1,1,2,0
5,2535011.582,720257.8531,R5_F5_m-1f-1_P5_Y-1_U70,-9999,-9999,MXY,3,103.97571701330986,1,0,0.0,0,0,0,-9999.0,1.0,1,P4_CV0,3,2,0,0,2
5,2535011.582,720257.8531,R5_F5_m-1f-1_P5_Y-1_U101,-9999,-9999,FXX,3,100.54171701330986,1,0,0.0,0,0,0,-9999.0,0.5,1,P4_CV0,3,1,1,2,0
5,2535011.582,720257.8531,R5_F5_m-1f-1_P5_Y-1_U118,-9999,-9999,MXY,3,109.29771701330986,1,0,0.0,0,0,0,-9999.0,1.0,1,P4_CV0,3,2,0,0,2
5,2535011.582,720257.8531,R5_F5_m-1f-1_P5_Y-1_U91,-9999,-9999,FXX,3,93.63371701330986,1,0,1.0,0,0,0,-9999.0,0.5,1,P4_CV0,3,1,1,0,2
5,2535011.582,720257.8531,R5_F5_m-1f-1_P5_Y-1_U127,-9999,-9999,MXY,3,97.78971701330985,1,0,0.0,0,0,0,-9999.0,1.0,1,P4_CV0,3,2,0,1,1
5,2535011.582,720257.8531,R5_F5_m-1f-1_P5_Y-1_U38,-9999,-9999,MXY,3,100.42071701330985,1,0,0.0,0,0,0,-9999.0,1.0,1,P4_CV0,3,2,0,1,1
5,2535011.582,720257.8531,R5_F5_m-1f-1_P5_Y-1_U47,-9999,-9999,FXX,3,107.01871701330987,1,0,1.0,0,0,0,-9999.0,1.0,1,P4_CV0,3,2,0,1,1
5,2535011.582,720257.8531,R5_F5_m-1f-1_P5_Y-1_U83,-9999,-9999,MXY,3,101.37271701330985,1,0,0.0,0,0,0,-9999.0,0.5,1,P4_CV0,3,1,1,1,1
5,2535011.582,720257.8531,R5_F5_m-1f-1_P5_Y-1_U33,-9999,-9999,MXY,3,98.67271701330986,1,0,0.0,0,0,0,-9999.0,1.0,1,P4_CV0,3,2,0,1,1
5,2535011.582,720257.8531,R5_F5_m-1f-1_P5_Y-1_U123,-9999,-9999,MXY,3,97.97271701330986,1,0,0.0,0,0,0,-9999.0,0.0,1,P4_CV0,3,0,2,1,1
5,2535011.582,720257.8531,R5_F5_m-1f-1_P5_Y-1_U90,-9999,-9999,MXY,3,101.36671701330985,1,0,0.0,0,0,0,-9999.0,1.0,1,P4_CV0,3,2,0,0,2
5,2535011.582,720257.8531,R5_F5_m-1f-1_P5_Y-1_U14,-9999,-9999,MXY,4,127.93306262180636,1,0,0.0,0,0,0,-9999.0,0.0,1,P4_CV0,3,0,2,2,0
5,2535011.582,720257.8531,R5_F5_m-1f-1_P5_Y-1_U20,-9999,-9999,MXY,4,127.93306262180636,1,0,0.0,0,0,0,-9999.0,0.5,1,P4_CV0,3,1,1,2,0
5,2535011.582,720257.8531,R5_F5_m-1f-1_P5_Y-1_U25,-9999,-9999,MXY,4,127.93306262180636,1,0,0.0,0,0,0,-9999.0,0.0,1,P4_CV0,3,0,2,2,0
5,2535011.582,720257.8531,R5_F5_m-1f-1_P5_Y-1_U28,-9999,-9999,FXX,4,127.93306262180636,1,0,1.0,0,0,0,-9999.0,0.5,1,P4_CV0,3,1,1,1,1
5,2535011.582,720257.8531,R5_F5_m-1f-1_P5_Y-1_U40,-9999,-9999,MXY,4,127.93306262180636,1,0,0.0,0,0,0,-9999.0,1.0,1,P4_CV0,3,2,0,0,2
5,2535011.582,720257.8531,R5_F5_m-1f-1_P5_Y-1_U41,-9999,-9999,FXX,4,127.93306262180636,1,0,0.0,0,0,0,-9999.0,0.0,1,P4_CV0,3,0,2,1,1
5,2535011.582,720257.8531,R5_F5_m-1f-1_P5_Y-1_U49,-9999,-9999,FXX,4,127.93306262180636,1,0,1.906,0,0,0,-9999.0,0.0,1,P4_CV0,3,0,2,2,0
5,2535011.582,720257.8531,R5_F5_m-1f-1_P5_Y-1_U63,-9999,-9999,MXY,4,127.93306262180636,1,0,0.0,0,0,0,-9999.0,1.0,1,P4_CV0,3,2,0,0,2
5,2535011.582,720257.8531,R5_F5_m-1f-1_P5_Y-1_U76,-9999,-9999,MXY,4,127.93306262180636,1,0,0.0,0,0,0,-9999.0,0.5,1,P4_CV0,3,1,1,0,2
5,2535011.582,720257.8531,R5_F5_m-1f-1_P5_Y-1_U79,-9999,-9999,FXX,4,127.93306262180636,1,0,0.0,0,0,0,-9999.0,0.0,1,P4_CV0,3,0,2,2,0
5,2535011.582,720257.8531,R5_F5_m-1f-1_P5_Y-1_U80,-9999,-9999,FXX,4,127.93306262180636,1,0,1.433,0,0,0,-9999.0,1.0,1,P4_CV0,3,2,0,0,2
5,2535011.582,720257.8531,R5_F5_m-1f-1_P5_Y-1_U103,-9999,-9999,FXX,4,127.93306262180636,1,0,1.0,0,0,0,-9999.0,1.0,1,P4_CV0,3,2,0,2,0
5,2535011.582,720257.8531,R5_F5_m-1f-1_P5_Y-1_U105,-9999,-9999,MXY,4,127.93306262180636,1,0,0.0,0,0,0,-9999.0,0.5,1,P4_CV0,3,1,1,1,1
5,2535011.582,720257.8531,R5_F5_m-1f-1_P5_Y-1_U111,-9999,-9999,MXY,4,127.93306262180636,1,0,0.0,0,0,0,-9999.0,0.5,1,P4_CV0,3,1,1,1,1
5,2535011.582,720257.8531,R5_F5_m-1f-1_P5_Y-1_U114,-9999,-9999,FXX,4,127.93306262180636,1,0,1.0,0,0,0,-9999.0,0.5,1,P4_CV0,3,1,1,1,1
5,2535011.582,720257.8531,R5_F5_m-1f-1_P5_Y-1_U120,-9999,-9999,MXY,4,127.93306262180636,1,0,0.0,0,0,0,-9999.0,0.5,1,P4_CV0,3,1,1,2,0
5,2535011.582,720257.8531,R5_F5_m-1f-1_P5_Y-1_U130,-9999,-9999,FXX,4,127.93306262180636,1,0,0.0,0,0,0,-9999.0,0.5,1,P4_CV0,3,1,1,2,0
5,2535011.582,720257.8531,R5_F5_m-1f-1_P5_Y-1_U140,-9999,-9999,FXX,4,127.93306262180636,1,0,1.44,0,0,0,-9999.0,0.5,1,P4_CV0,3,1,1,0,2
5,2535011.582,720257.8531,R5_F5_m-1f-1_P5_Y-1_U0,-9999,-9999,FXX,5,136.80866102736343,1,0,0.0,0,0,0,-9999.0,0.5,1,P4_CV0,3,1,1,0,2
5,2535011.582,720257.8531,R5_F5_m-1f-1_P5_Y-1_U5,-9999,-9999,MXY,5,136.16366102736345,1,0,0.0,0,0,0,-9999.0,1.0,1,P4_CV0,3,2,0,0,2
5,2535011.582,720257.8531,R5_F5_m-1f-1_P5_Y-1_U31,-9999,-9999,FXX,5,128.09766102736344,1,0,0.0,0,0,0,-9999.0,1.0,1,P4_CV0,3,2,0,1,1
5,2535011.582,720257.8531,R5_F5_m-1f-1_P5_Y-1_U85,-9999,-9999,MXY,5,140.77266102736343,1,0,0.0,0,0,0,-9999.0,1.0,1,P4_CV0,3,2,0,1,1
5,2535011.582,720257.8531,R5_F5_m-1f-1_P5_Y-1_U98,-9999,-9999,FXX,5,129.71666102736344,1,0,0.0,0,0,0,-9999.0,0.0,1,P4_CV0,3,0,2,1,1
5,2535011.582,720257.8531,R5_F5_m-1f-1_P5_Y-1_U54,-9999,-9999,FXX,5,153.84666102736344,1,0,1.187,0,0,0,-9999.0,0.0,1,P4_CV0,3,0,2,0,2
5,2535011.582,720257.8531,R5_F5_m-1f-1_P5_Y-1_U82,-9999,-9999,MXY,5,160.14066102736342,1,0,0.0,0,0,0,-9999.0,1.0,1,P4_CV0,3,2,0,2,0
5,2535011.582,720257.8531,R5_F5_m-1f-1_P5_Y-1_U89,-9999,-9999,MXY,5,160.61466102736344,1,0,0.0,0,0,0,-9999.0,1.0,1,P4_CV0,3,2,0,0,2
5,2535011.582,720257.8531,R5_F5_m-1f-1_P5_Y-1_U136,-9999,-9999,MXY,5,160.76866102736344,1,0,0.0,0,0,0,-9999.0,0.5,1,P4_CV0,3,1,1,0,2
6,2545325.475,726552.0418,R6_F6_m6f6_P6_Y0_UO10,R6_F6_m-1f-1_P6_Y-1_U16,R6_F6_m-1f-1_P6_Y-1_U62,FXX,1,57.19834424640297,0,0,0.0,0,0,0,-9999.0,0.0,1,P5_CV0,3,1,1,1,1
6,2545325.475,726552.0418,R6_F6_m6f6_P6_Y0_UO11,R6_F6_m-1f-1_P6_Y-1_U16,R6_F6_m-1f-1_P6_Y-1_U62,FXX,1,57.19834424640297,0,0,0.0,0,0,0,-9999.0,0.0,1,P5_CV0,3,1,1,1,1
6,2545325.475,726552.0418,R6_F6_m6f6_P6_Y0_UO12,R6_F6_m-1f-1_P6_Y-1_U16,R6_F6_m-1f-1_P6_Y-1_U62,FXX,1,57.19834424640297,0,0,0.0,0,0,0,-9999.0,0.0,1,P5_CV0,3,1,1,1,1
6,2545325.475,726552.0418,R6_F6_m6f6_P6_Y0_UO13,R6_F6_m-1f-1_P6_Y-1_U16,R6_F6_m-1f-1_P6_Y-1_U62,MXY,1,57.19834424640297,0,0,0.0,0,0,0,-9999.0,0.0,1,P5_CV0,3,0,2,1,1
6,2545325.475,726552.0418,R6_F6_m6f6_P6_Y0_UO14,R6_F6_m-1f-1_P6_Y-1_U16,R6_F6_m-1f-1_P6_Y-1_U62,FXX,1,57.19834424640297,0,0,0.0,0,0,0,-9999.0,0.0,1,P5_CV0,3,0,2,0,2
6,2545325.475,726552.0418,R6_F6_m6f6_P6_Y0_UO18,R6_F6_m-1f-1_P6_Y-1_U34,R6_F6_m-1f-1_P6_Y-1_U26,MXY,1,57.19834424640297,0,0,0.0,0,0,0,-9999.0,0.5,1,P5_CV0,3,1,1,1,1
6,2545325.475,726552.0418,R6_F6_m6f6_P6_Y0_UO19,R6_F6_m-1f-1_P6_Y-1_U34,R6_F6_m-1f-1_P6_Y-1_U26,FXX,1,57.19834424640297,0,0,0.0,0,0,0,-9999.0,0.5,1,P5_CV0,3,1,1,0,2
6,2545325.475,726552.0418,R6_F6_m6f6_P6_Y0_UO20,R6_F6_m-1f-1_P6_Y-1_U34,R6_F6_m-1f-1_P6_Y-1_U26,FXX,1,57.19834424640297,0,0,0.0,0,0,0,-9999.0,0.5,1,P5_CV0,3,1,1,1,1
6,2545325.475,726552.0418,R6_F6_m6f6_P6_Y0_UO21,R6_F6_m-1f-1_P6_Y-1_U34,R6_F6_m-1f-1_P6_Y-1_U26,FXX,1,57.19834424640297,0,0,0.0,0,0,0,-9999.0,0.5,1,P5_CV0,3,1,1,1,1
6,2545325.475,726552.0418,R6_F6_m6f6_P6_Y0_UO22,R6_F6_m-1f-1_P6_Y-1_U34,R6_F6_m-1f-1_P6_Y-1_U26,MXY,1,57.19834424640297,0,0,0.0,0,0,0,-9999.0,0.5,1,P5_CV0,3,2,0,1,1
6,2545325.475,726552.0418,R6_F6_m6f6_P6_Y0_UO53,R6_F6_m-1f-1_P6_Y-1_U38,R6_F6_m-1f-1_P6_Y-1_U4,FXX,1,57.19834424640297,0,0,0.0,0,0,0,-9999.0,1.0,1,P5_CV0,3,1,1,0,2
6,2545325.475,726552.0418,R6_F6_m6f6_P6_Y0_UO54,R6_F6_m-1f-1_P6_Y-1_U27,R6_F6_m-1f-1_P6_Y-1_U83,MXY,1,57.19834424640297,0,0,0.0,0,0,0,-9999.0,0.5,1,P5_CV0,3,2,0,1,1
6,2545325.475,726552.0418,R6_F6_m6f6_P6_Y0_UO55,R6_F6_m-1f-1_P6_Y-1_U27,R6_F6_m-1f-1_P6_Y-1_U83,FXX,1,57.19834424640297,0,0,0.0,0,0,0,-9999.0,0.5,1,P5_CV0,3,1,1,1,1
6,2545325.475,726552.0418,R6_F6_m6f6_P6_Y0_UO56,R6_F6_m-1f-1_P6_Y-1_U27,R6_F6_m-1f-1_P6_Y-1_U83,FXX,1,57.19834424640297,0,0,0.0,0,0,0,-9999.0,0.5,1,P5_CV0,3,1,1,2,0
6,2545325.475,726552.0418,R6_F6_m6f6_P6_Y0_UO57,R6_F6_m-1f-1_P6_Y-1_U27,R6_F6_m-1f-1_P6_Y-1_U83,MXY,1,57.19834424640297,0,0,0.0,0,0,0,-9999.0,0.5,1,P5_CV0,3,1,1,0,2
6,2545325.475,726552.0418,R6_F6_m6f6_P6_Y0_UO58,R6_F6_m-1f-1_P6_Y-1_U27,R6_F6_m-1f-1_P6_Y-1_U83,FXX,1,57.19834424640297,0,0,0.0,0,0,0,-9999.0,0.5,1,P5_CV0,3,0,2,1,1
6,2545325.475,726552.0418,R6_F6_m6f6_P6_Y0_UO60,R6_F6_m-1f-1_P6_Y-1_U125,R6_F6_m-1f-1_P6_Y-1_U4,MXY,1,57.19834424640297,0,0,0.0,0,0,0,-9999.0,1.0,1,P5_CV0,3,2,0,0,2
6,2545325.475,726552.0418,R6_F6_m6f6_P6_Y0_UO65,R6_F6_m-1f-1_P6_Y-1_U50,R6_F6_m-1f-1_P6_Y-1_U62,FXX,1,57.19834424640297,0,0,0.0,0,0,0,-9999.0,0.25,1,P5_CV0,3,2,0,2,0
6,2545325.475,726552.0418,R6_F6_m6f6_P6_Y0_UO66,R6_F6_m-1f-1_P6_Y-1_U50,R6_F6_m-1f-1_P6_Y-1_U62,FXX,1,57.19834424640297,0,0,0.0,0,0,0,-9999.0,0.25,1,P5_CV0,3,1,1,1,1
6,2545325.475,726552.0418,R6_F6_m6f6_P6_Y0_UO67,R6_F6_m-1f-1_P6_Y-1_U50,R6_F6_m-1f-1_P6_Y-1_U62,FXX,1,57.19834424640297,0,0,0.0,0,0,0,-9999.0,0.25,1,P5_CV0,3,1,1,1,1
6,2545325.475,726552.0418,R6_F6_m6f6_P6_Y0_UO68,R6_F6_m-1f-1_P6_Y-1_U50,R6_F6_m-1f-1_P6_Y-1_U62,MXY,1,57.19834424640297,0,0,0.0,0,0,0,-9999.0,0.25,1,P5_CV0,3,2,0,2,0
6,2545325.475,726552.0418,R6_F6_m6f6_P6_Y0_UO108,R6_F6_m-1f-1_P6_Y-1_U38,R6_F6_m-1f-1_P6_Y-1_U100,FXX,1,57.19834424640297,0,0,0.0,0,0,0,-9999.0,1.0,1,P5_CV0,3,0,2,1,1
6,2545325.475,726552.0418,R6_F6_m6f6_P6_Y0_UO109,R6_F6_m-1f-1_P6_Y-1_U38,R6_F6_m-1f-1_P6_Y-1_U100,MXY,1,57.19834424640297,0,0,0.0,0,0,0,-9999.0,1.0,1,P5_CV0,3,1,1,1,1
6,2545325.475,726552.0418,R6_F6_m6f6_P6_Y0_UO110,R6_F6_m-1f-1_P6_Y-1_U38,R6_F6_m-1f-1_P6_Y-1_U100,MXY,1,57.19834424640297,0,0,0.0,0,0,0,-9999.0,1.0,1,P5_CV0,3,2,0,1,1
6,2545325.475,726552.0418,R6_F6_m6f6_P6_Y0_UO169,R6_F6_m-1f-1_P6_Y-1_U67,R6_F6_m-1f-1_P6_Y-1_U41,MXY,1,57.19834424640297,0,0,0.0,0,0,0,-9999.0,0.75,1,P5_CV0,3,1,1,0,2
6,2545325.475,726552.0418,R6_F6_m6f6_P6_Y0_UO170,R6_F6_m-1f-1_P6_Y-1_U67,R6_F6_m-1f-1_P6_Y-1_U41,FXX,1,57.19834424640297,0,0,0.0,0,0,0,-9999.0,0.75,1,P5_CV0,3,2,0,1,1
6,2545325.475,726552.0418,R6_F6_m6f6_P6_Y0_UO171,R6_F6_m-1f-1_P6_Y-1_U67,R6_F6_m-1f-1_P6_Y-1_U41,MXY,1,57.19834424640297,0,0,0.0,0,0,0,-9999.0,0.75,1,P5_CV0,3,1,1,1,1
6,2545325.475,726552.0418,R6_F6_m6f6_P6_Y0_UO178,R6_F6_m-1f-1_P6_Y-1_U101,R6_F6_m-1f-1_P6_Y-1_U31,FXX,1,57.19834424640297,0,0,0.0,0,0,0,-9999.0,0.75,1,P5_CV0,3,2,0,2,0
6,2545325.475,726552.0418,R6_F6_m6f6_P6_Y0_UO179,R6_F6_m-1f-1_P6_Y-1_U101,R6_F6_m-1f-1_P6_Y-1_U31,MXY,1,57.19834424640297,0,0,0.0,0,0,0,-9999.0,0.75,1,P5_CV0,3,1,1,1,1
6,2545325.475,726552.0418,R6_F6_m6f6_P6_Y0_UO180,R6_F6_m-1f-1_P6_Y-1_U101,R6_F6_m-1f-1_P6_Y-1_U31,MXY,1,57.19834424640297,0,0,0.0,0,0,0,-9999.0,0.75,1,P5_CV0,3,0,2,2,0
6,2545325.475,726552.0418,R6_F6_m6f6_P6_Y0_UO181,R6_F6_m-1f-1_P6_Y-1_U101,R6_F6_m-1f-1_P6_Y-1_U31,FXX,1,57.19834424640297,0,0,0.0,0,0,0,-9999.0,0.75,1,P5_CV0,3,1,1,2,0
6,2545325.475,726552.0418,R6_F6_m6f6_P6_Y0_UO192,R6_F6_m-1f-1_P6_Y-1_U38,R6_F6_m-1f-1_P6_Y-1_U9,MXY,1,57.19834424640297,0,0,0.0,0,0,0,-9999.0,0.75,1,P5_CV0,3,0,2,1,1
6,2545325.475,726552.0418,R6_F6_m6f6_P6_Y0_UO193,R6_F6_m-1f-1_P6_Y-1_U38,R6_F6_m-1f-1_P6_Y-1_U9,FXX,1,57.19834424640297,0,0,0.0,0,0,0,-9999.0,0.75,1,P5_CV0,3,0,2,2,0
6,2545325.475,726552.0418,R6_F6_m6f6_P6_Y0_UO194,R6_F6_m-1f-1_P6_Y-1_U38,R6_F6_m-1f-1_P6_Y-1_U9,MXY,1,57.19834424640297,0,0,0.0,0,0,0,-9999.0,0.75,1,P5_CV0,3,1,1,1,1
6,2545325.475,726552.0418,R6_F6_m6f6_P6_Y0_UO195,R6_F6_m-1f-1_P6_Y-1_U15,R6_F6_m-1f-1_P6_Y-1_U9,MXY,1,57.19834424640297,0,0,0.0,0,0,0,-9999.0,0.25,1,P5_CV0,3,1,1,2,0
6,2545325.475,726552.0418,R6_F6_m6f6_P6_Y0_UO196,R6_F6_m-1f-1_P6_Y-1_U15,R6_F6_m-1f-1_P6_Y-1_U9,FXX,1,57.19834424640297,0,0,0.0,0,0,0,-9999.0,0.25,1,P5_CV0,3,1,1,0,2
6,2545325.475,726552.0418,R6_F6_m6f6_P6_Y0_UO197,R6_F6_m-1f-1_P6_Y-1_U15,R6_F6_m-1f-1_P6_Y-1_U9,FXX,1,57.19834424640297,0,0,0.0,0,0,0,-9999.0,0.25,1,P5_CV0,3,2,0,1,1
6,2545325.475,726552.0418,R6_F6_m6f6_P6_Y0_UO198,R6_F6_m-1f-1_P6_Y-1_U15,R6_F6_m-1f-1_P6_Y-1_U9,FXX,1,57.19834424640297,0,0,0.0,0,0,0,-9999.0,0.25,1,P5_CV0,3,1,1,1,1
6,2545325.475,726552.0418,R6_F6_m6f6_P6_Y0_UO220,R6_F6_m-1f-1_P6_Y-1_U102,R6_F6_m-1f-1_P6_Y-1_U134,FXX,1,57.19834424640297,0,0,0.0,0,0,0,-9999.0,0.25,1,P5_CV0,3,1,1,0,2
6,2545325.475,726552.0418,R6_F6_m6f6_P6_Y0_UO221,R6_F6_m-1f-1_P6_Y-1_U102,R6_F6_m-1f-1_P6_Y-1_U134,FXX,1,57.19834424640297,0,0,0.0,0,0,0,-9999.0,0.25,1,P5_CV0,3,1,1,1,1
6,2545325.475,726552.0418,R6_F6_m6f6_P6_Y0_UO222,R6_F6_m-1f-1_P6_Y-1_U102,R6_F6_m-1f-1_P6_Y-1_U134,FXX,1,57.19834424640297,0,0,0.0,0,0,0,-9999.0,0.25,1,P5_CV0,3,1,1,2,0
6,2545325.475,726552.0418,R6_F6_m6f6_P6_Y0_UO233,R6_F6_m-1f-1_P6_Y-1_U34,R6_F6_m-1f-1_P6_Y-1_U88,FXX,1,57.19834424640297,0,0,0.0,0,0,0,-9999.0,0.5,1,P5_CV0,3,0,2,0,2
6,2545325.475,726552.0418,R6_F6_m6f6_P6_Y0_UO234,R6_F6_m-1f-1_P6_Y-1_U34,R6_F6_m-1f-1_P6_Y-1_U88,FXX,1,57.19834424640297,0,0,0.0,0,0,0,-9999.0,0.5,1,P5_CV0,3,2,0,2,0
6,2545325.475,726552.0418,R6_F6_m6f6_P6_Y0_UO235,R6_F6_m-1f-1_P6_Y-1_U34,R6_F6_m-1f-1_P6_Y-1_U88,FXX,1,57.19834424640297,0,0,0.0,0,0,0,-9999.0,0.5,1,P5_CV0,3,1,1,0,2
6,2545325.475,726552.0418,R6_F6_m6f6_P6_Y0_UO236,R6_F6_m-1f-1_P6_Y-1_U34,R6_F6_m-1f-1_P6_Y-1_U88,FXX,1,57.19834424640297,0,0,0.0,0,0,0,-9999.0,0.5,1,P5_CV0,3,1,1,1,1
6,2545325.475,726552.0418,R6_F6_m6f6_P6_Y0_UO280,R6_F6_m-1f-1_P6_Y-1_U102,R6_F6_m-1f-1_P6_Y-1_U62,FXX,1,57.19834424640297,0,0,0.0,0,0,0,-9999.0,0.0,1,P5_CV0,3,1,1,1,1
6,2545325.475,726552.0418,R6_F6_m6f6_P6_Y0_UO281,R6_F6_m-1f-1_P6_Y-1_U102,R6_F6_m-1f-1_P6_Y-1_U62,FXX,1,57.19834424640297,0,0,0.0,0,0,0,-9999.0,0.0,1,P5_CV0,3,0,2,0,2
6,2545325.475,726552.0418,R6_F6_m6f6_P6_Y0_UO294,R6_F6_m-1f-1_P6_Y-1_U102,R6_F6_m-1f-1_P6_Y-1_U51,FXX,1,57.19834424640297,0,0,0.0,0,0,0,-9999.0,0.25,1,P5_CV0,3,1,1,1,1
6,2545325.475,726552.0418,R6_F6_m6f6_P6_Y0_UO295,R6_F6_m-1f-1_P6_Y-1_U102,R6_F6_m-1f-1_P6_Y-1_U51,MXY,1,57.19834424640297,0,0,0.0,0,0,0,-9999.0,0.25,1,P5_CV0,3,2,0,0,2
6,2545325.475,726552.0418,R6_F6_m6f6_P6_Y0_UO328,R6_F6_m-1f-1_P6_Y-1_U102,R6_F6_m-1f-1_P6_Y-1_U5,FXX,1,57.19834424640297,0,0,0.0,0,0,0,-9999.0,0.5,1,P5_CV0,3,1,1,0,2
6,2545325.475,726552.0418,R6_F6_m6f6_P6_Y0_UO329,R6_F6_m-1f-1_P6_Y-1_U102,R6_F6_m-1f-1_P6_Y-1_U5,MXY,1,57.19834424640297,0,0,0.0,0,0,0,-9999.0,0.5,1,P5_CV0,3,1,1,1,1
6,2545325.475,726552.0418,R6_F6_m6f6_P6_Y0_UO330,R6_F6_m-1f-1_P6_Y-1_U102,R6_F6_m-1f-1_P6_Y-1_U5,FXX,1,57.19834424640297,0,0,0.0,0,0,0,-9999.0,0.5,1,P5_CV0,3,0,2,1,1
6,2545325.475,726552.0418,R6_F6_m6f6_P6_Y0_UO331,R6_F6_m-1f-1_P6_Y-1_U102,R6_F6_m-1f-1_P6_Y-1_U5,MXY,1,57.19834424640297,0,0,0.0,0,0,0,-9999.0,0.5,1,P5_CV0,3,2,0,0,2
6,2545325.475,726552.0418,R6_F6_m6f6_P6_Y0_UO372,R6_F6_m-1f-1_P6_Y-1_U50,R6_F6_m-1f-1_P6_Y-1_U119,MXY,1,57.19834424640297,0,0,0.0,0,0,0,-9999.0,0.75,1,P5_CV0,3,2,0,1,1
6,2545325.475,726552.0418,R6_F6_m6f6_P6_Y0_UO373,R6_F6_m-1f-1_P6_Y-1_U50,R6_F6_m-1f-1_P6_Y-1_U119,MXY,1,57.19834424640297,0,0,0.0,0,0,0,-9999.0,0.75,1,P5_CV0,3,1,1,2,0
6,2545325.475,726552.0418,R6_F6_m6f6_P6_Y0_UO374,R6_F6_m-1f-1_P6_Y-1_U50,R6_F6_m-1f-1_P6_Y-1_U119,MXY,1,57.19834424640297,0,0,0.0,0,0,0,-9999.0,0.75,1,P5_CV0,3,2,0,1,1
6,2545325.475,726552.0418,R6_F6_m6f6_P6_Y0_UO375,R6_F6_m-1f-1_P6_Y-1_U50,R6_F6_m-1f-1_P6_Y-1_U119,MXY,1,57.19834424640297,0,0,0.0,0,0,0,-9999.0,0.75,1,P5_CV0,3,0,2,1,1
6,2545325.475,726552.0418,R6_F6_m6f6_P6_Y0_UO386,R6_F6_m-1f-1_P6_Y-1_U50,R6_F6_m-1f-1_P6_Y-1_U41,FXX,1,57.19834424640297,0,0,0.0,0,0,0,-9999.0,0.5,1,P5_CV0,3,1,1,1,1
6,2545325.475,726552.0418,R6_F6_m6f6_P6_Y0_UO387,R6_F6_m-1f-1_P6_Y-1_U50,R6_F6_m-1f-1_P6_Y-1_U41,FXX,1,57.19834424640297,0,0,0.0,0,0,0,-9999.0,0.5,1,P5_CV0,3,1,1,1,1
6,2545325.475,726552.0418,R6_F6_m6f6_P6_Y0_UO388,R6_F6_m-1f-1_P6_Y-1_U50,R6_F6_m-1f-1_P6_Y-1_U41,MXY,1,57.19834424640297,0,0,0.0,0,0,0,-9999.0,0.5,1,P5_CV0,3,2,0,0,2
6,2545325.475,726552.0418,R6_F6_m6f6_P6_Y0_UO421,R6_F6_m-1f-1_P6_Y-1_U138,R6_F6_m-1f-1_P6_Y-1_U41,FXX,1,57.19834424640297,0,0,0.0,0,0,0,-9999.0,0.5,1,P5_CV0,3,1,1,1,1
6,2545325.475,726552.0418,R6_F6_m6f6_P6_Y0_UO422,R6_F6_m-1f-1_P6_Y-1_U138,R6_F6_m-1f-1_P6_Y-1_U41,FXX,1,57.19834424640297,0,0,0.0,0,0,0,-9999.0,0.5,1,P5_CV0,3,0,2,2,0
6,2545325.475,726552.0418,R6_F6_m6f6_P6_Y0_UO423,R6_F6_m-1f-1_P6_Y-1_U138,R6_F6_m-1f-1_P6_Y-1_U41,FXX,1,57.19834424640297,0,0,0.0,0,0,0,-9999.0,0.5,1,P5_CV0,3,2,0,1,1
6,2545325.475,726552.0418,R6_F6_m6f6_P6_Y0_UO424,R6_F6_m-1f-1_P6_Y-1_U138,R6_F6_m-1f-1_P6_Y-1_U41,MXY,1,57.19834424640297,0,0,0.0,0,0,0,-9999.0,0.5,1,P5_CV0,3,1,1,2,0
6,2545325.475,726552.0418,R6_F6_m6f6_P6_Y0_UO428,R6_F6_m-1f-1_P6_Y-1_U27,R6_F6_m-1f-1_P6_Y-1_U31,FXX,1,57.19834424640297,0,0,0.0,0,0,0,-9999.0,0.5,1,P5_CV0,3,0,2,2,0
6,2545325.475,726552.0418,R6_F6_m6f6_P6_Y0_UO429,R6_F6_m-1f-1_P6_Y-1_U27,R6_F6_m-1f-1_P6_Y-1_U31,MXY,1,57.19834424640297,0,0,0.0,0,0,0,-9999.0,0.5,1,P5_CV0,3,1,1,0,2
6,2545325.475,726552.0418,R6_F6_m6f6_P6_Y0_UO430,R6_F6_m-1f-1_P6_Y-1_U27,R6_F6_m-1f-1_P6_Y-1_U31,MXY,1,57.19834424640297,0,0,0.0,0,0,0,-9999.0,0.5,1,P5_CV0,3,2,0,2,0
6,2545325.475,726552.0418,R6_F6_m6f6_P6_Y0_UO431,R6_F6_m-1f-1_P6_Y-1_U27,R6_F6_m-1f-1_P6_Y-1_U31,MXY,1,57.19834424640297,0,0,0.0,0,0,0,-9999.0,0.5,1,P5_CV0,3,0,2,0,2
6,2545325.475,726552.0418,R6_F6_m6f6_P6_Y0_UO432,R6_F6_m-1f-1_P6_Y-1_U27,R6_F6_m-1f-1_P6_Y-1_U31,MXY,1,57.19834424640297,0,0,0.0,0,0,0,-9999.0,0.5,1,P5_CV0,3,0,2,0,2
6,2545325.475,726552.0418,R6_F6_m6f6_P6_Y0_UO443,R6_F6_m-1f-1_P6_Y-1_U138,R6_F6_m-1f-1_P6_Y-1_U70,FXX,1,57.19834424640297,0,0,0.0,0,0,0,-9999.0,0.25,1,P5_CV0,3,1,1,0,2
6,2545325.475,726552.0418,R6_F6_m6f6_P6_Y0_UO444,R6_F6_m-1f-1_P6_Y-1_U138,R6_F6_m-1f-1_P6_Y-1_U70,FXX,1,57.19834424640297,0,0,0.0,0,0,0,-9999.0,0.25,1,P5_CV0,3,2,0,1,1
6,2545325.475,726552.0418,R6_F6_m6f6_P6_Y0_UO469,R6_F6_m-1f-1_P6_Y-1_U34,R6_F6_m-1f-1_P6_Y-1_U9,FXX,1,57.19834424640297,0,0,0.0,0,0,0,-9999.0,0.5,1,P5_CV0,3,1,1,0,2
6,2545325.475,726552.0418,R6_F6_m6f6_P6_Y0_UO470,R6_F6_m-1f-1_P6_Y-1_U34,R6_F6_m-1f-1_P6_Y-1_U9,MXY,1,57.19834424640297,0,0,0.0,0,0,0,-9999.0,0.5,1,P5_CV0,3,1,1,1,1
6,2545325.475,726552.0418,R6_F6_m6f6_P6_Y0_UO471,R6_F6_m-1f-1_P6_Y-1_U34,R6_F6_m-1f-1_P6_Y-1_U9,FXX,1,57.19834424640297,0,0,0.0,0,0,0,-9999.0,0.5,1,P5_CV0,3,0,2,0,2
6,2545325.475,726552.0418,R6_F6_m6f6_P6_Y0_UO472,R6_F6_m-1f-1_P6_Y-1_U34,R6_F6_m-1f-1_P6_Y-1_U9,MXY,1,57.19834424640297,0,0,0.0,0,0,0,-9999.0,0.5,1,P5_CV0,3,0,2,1,1
6,2545325.475,726552.0418,R6_F6_m6f6_P6_Y0_UO473,R6_F6_m-1f-1_P6_Y-1_U34,R6_F6_m-1f-1_P6_Y-1_U9,MXY,1,57.19834424640297,0,0,0.0,0,0,0,-9999.0,0.5,1,P5_CV0,3,2,0,1,1
6,2545325.475,726552.0418,R6_F6_m6f6_P6_Y0_UO474,R6_F6_m-1f-1_P6_Y-1_U34,R6_F6_m-1f-1_P6_Y-1_U9,MXY,1,57.19834424640297,0,0,0.0,0,0,0,-9999.0,0.5,1,P5_CV0,3,1,1,1,1
6,2545325.475,726552.0418,R6_F6_m6f6_P6_Y0_UO505,R6_F6_m-1f-1_P6_Y-1_U50,R6_F6_m-1f-1_P6_Y-1_U100,MXY,1,57.19834424640297,0,0,0.0,0,0,0,-9999.0,0.75,1,P5_CV0,3,1,1,2,0
6,2545325.475,726552.0418,R6_F6_m6f6_P6_Y0_UO537,R6_F6_m-1f-1_P6_Y-1_U67,R6_F6_m-1f-1_P6_Y-1_U33,FXX,1,57.19834424640297,0,0,0.0,0,0,0,-9999.0,0.75,1,P5_CV0,3,1,1,1,1
6,2545325.475,726552.0418,R6_F6_m6f6_P6_Y0_UO538,R6_F6_m-1f-1_P6_Y-1_U67,R6_F6_m-1f-1_P6_Y-1_U33,FXX,1,57.19834424640297,0,0,0.0,0,0,0,-9999.0,0.75,1,P5_CV0,3,1,1,0,2
6,2545325.475,726552.0418,R6_F6_m6f6_P6_Y0_UO539,R6_F6_m-1f-1_P6_Y-1_U67,R6_F6_m-1f-1_P6_Y-1_U33,MXY,1,57.19834424640297,0,0,0.0,0,0,0,-9999.0,0.75,1,P5_CV0,3,2,0,0,2
6,2545325.475,726552.0418,R6_F6_m6f6_P6_Y0_UO540,R6_F6_m-1f-1_P6_Y-1_U67,R6_F6_m-1f-1_P6_Y-1_U33,FXX,1,57.19834424640297,0,0,0.0,0,0,0,-9999.0,0.75,1,P5_CV0,3,2,0,2,0
6,2545325.475,726552.0418,R6_F6_m6f6_P6_Y0_UO586,R6_F6_m-1f-1_P6_Y-1_U105,R6_F6_m-1f-1_P6_Y-1_U76,FXX,1,57.19834424640297,0,0,0.0,0,0,0,-9999.0,0.5,1,P5_CV0,3,1,1,0,2
6,2545325.475,726552.0418,R6_F6_m6f6_P6_Y0_UO587,R6_F6_m-1f-1_P6_Y-1_U105,R6_F6_m-1f-1_P6_Y-1_U76,MXY,1,57.19834424640297,0,0,0.0,0,0,0,-9999.0,0.5,1,P5_CV0,3,1,1,2,0
6,2545325.475,726552.0418,R6_F6_m6f6_P6_Y0_UO588,R6_F6_m-1f-1_P6_Y-1_U105,R6_F6_m-1f-1_P6_Y-1_U76,MXY,1,57.19834424640297,0,0,0.0,0,0,0,-9999.0,0.5,1,P5_CV0,3,1,1,2,0
6,2545325.475,726552.0418,R6_F6_m6f6_P6_Y0_UO589,R6_F6_m-1f-1_P6_Y-1_U125,R6_F6_m-1f-1_P6_Y-1_U19,FXX,1,57.19834424640297,0,0,0.0,0,0,0,-9999.0,0.75,1,P5_CV0,3,1,1,1,1
6,2545325.475,726552.0418,R6_F6_m6f6_P6_Y0_UO590,R6_F6_m-1f-1_P6_Y-1_U125,R6_F6_m-1f-1_P6_Y-1_U19,FXX,1,57.19834424640297,0,0,0.0,0,0,0,-9999.0,0.75,1,P5_CV0,3,1,1,2,0
6,2545325.475,726552.0418,R6_F6_m6f6_P6_Y0_UO591,R6_F6_m-1f-1_P6_Y-1_U125,R6_F6_m-1f-1_P6_Y-1_U19,MXY,1,57.19834424640297,0,0,0.0,0,0,0,-9999.0,0.75,1,P5_CV0,3,2,0,2,0
6,2545325.475,726552.0418,R6_F6_m6f6_P6_Y0_UO592,R6_F6_m-1f-1_P6_Y-1_U102,R6_F6_m-1f-1_P6_Y-1_U97,MXY,1,57.19834424640297,0,0,0.0,0,0,0,-9999.0,0.25,1,P5_CV0,3,1,1,1,1
6,2545325.475,726552.0418,R6_F6_m6f6_P6_Y0_UO593,R6_F6_m-1f-1_P6_Y-1_U102,R6_F6_m-1f-1_P6_Y-1_U97,FXX,1,57.19834424640297,0,0,0.0,0,0,0,-9999.0,0.25,1,P5_CV0,3,2,0,0,2
6,2545325.475,726552.0418,R6_F6_m6f6_P6_Y0_UO594,R6_F6_m-1f-1_P6_Y-1_U102,R6_F6_m-1f-1_P6_Y-1_U97,MXY,1,57.19834424640297,0,0,0.0,0,0,0,-9999.0,0.25,1,P5_CV0,3,0,2,1,1
6,2545325.475,726552.0418,R6_F6_m6f6_P6_Y0_UO605,R6_F6_m-1f-1_P6_Y-1_U114,R6_F6_m-1f-1_P6_Y-1_U4,FXX,1,57.19834424640297,0,0,0.0,0,0,0,-9999.0,0.75,1,P5_CV0,3,0,2,0,2
6,2545325.475,726552.0418,R6_F6_m6f6_P6_Y0_UO606,R6_F6_m-1f-1_P6_Y-1_U114,R6_F6_m-1f-1_P6_Y-1_U4,FXX,1,57.19834424640297,0,0,0.0,0,0,0,-9999.0,0.75,1,P5_CV0,3,1,1,1,1
6,2545325.475,726552.0418,R6_F6_m6f6_P6_Y0_UO607,R6_F6_m-1f-1_P6_Y-1_U64,R6_F6_m-1f-1_P6_Y-1_U9,MXY,1,57.19834424640297,0,0,0.0,0,0,0,-9999.0,0.5,1,P5_CV0,3,1,1,1,1
6,2545325.475,726552.0418,R6_F6_m6f6_P6_Y0_UO662,R6_F6_m-1f-1_P6_Y-1_U108,R6_F6_m-1f-1_P6_Y-1_U93,FXX,1,57.19834424640297,0,0,0.0,0,0,0,-9999.0,0.75,1,P5_CV0,3,1,1,1,1
6,2545325.475,726552.0418,R6_F6_m6f6_P6_Y0_UO663,R6_F6_m-1f-1_P6_Y-1_U108,R6_F6_m-1f-1_P6_Y-1_U93,FXX,1,57.19834424640297,0,0,0.0,0,0,0,-9999.0,0.75,1,P5_CV0,3,1,1,0,2
6,2545325.475,726552.0418,R6_F6_m6f6_P6_Y0_UO664,R6_F6_m-1f-1_P6_Y-1_U108,R6_F6_m-1f-1_P6_Y-1_U93,MXY,1,57.19834424640297,0,0,0.0,0,0,0,-9999.0,0.75,1,P5_CV0,3,0,2,0,2
6,2545325.475,726552.0418,R6_F6_m6f6_P6_Y0_UO683,R6_F6_m-1f-1_P6_Y-1_U27,R6_F6_m-1f-1_P6_Y-1_U62,FXX,1,57.19834424640297,0,0,0.0,0,0,0,-9999.0,0.25,1,P5_CV0,3,2,0,0,2
6,2545325.475,726552.0418,R6_F6_m6f6_P6_Y0_UO684,R6_F6_m-1f-1_P6_Y-1_U27,R6_F6_m-1f-1_P6_Y-1_U62,MXY,1,57.19834424640297,0,0,0.0,0,0,0,-9999.0,0.25,1,P5_CV0,3,1,1,1,1
6,2545325.475,726552.0418,R6_F6_m6f6_P6_Y0_UO685,R6_F6_m-1f-1_P6_Y-1_U27,R6_F6_m-1f-1_P6_Y-1_U62,MXY,1,57.19834424640297,0,0,0.0,0,0,0,-9999.0,0.25,1,P5_CV0,3,1,1,1,1
6,2545325.475,726552.0418,R6_F6_m6f6_P6_Y0_UO686,R6_F6_m-1f-1_P6_Y-1_U27,R6_F6_m-1f-1_P6_Y-1_U62,MXY,1,57.19834424640297,0,0,0.0,0,0,0,-9999.0,0.25,1,P5_CV0,3,0,2,1,1
6,2545325.475,726552.0418,R6_F6_m6f6_P6_Y0_UO688,R6_F6_m-1f-1_P6_Y-1_U57,R6_F6_m-1f-1_P6_Y-1_U4,FXX,1,57.19834424640297,0,0,0.0,0,0,0,-9999.0,1.0,1,P5_CV0,3,2,0,2,0
6,2545325.475,726552.0418,R6_F6_m6f6_P6_Y0_UO689,R6_F6_m-1f-1_P6_Y-1_U57,R6_F6_m-1f-1_P6_Y-1_U4,MXY,1,57.19834424640297,0,0,0.0,0,0,0,-9999.0,1.0,1,P5_CV0,3,2,0,1,1
6,2545325.475,726552.0418,R6_F6_m6f6_P6_Y0_UO690,R6_F6_m-1f-1_P6_Y-1_U57,R6_F6_m-1f-1_P6_Y-1_U4,MXY,1,57.19834424640297,0,0,0.0,0,0,0,-9999.0,1.0,1,P5_CV0,3,2,0,2,0
6,2545325.475,726552.0418,R6_F6_m6f6_P6_Y0_UO709,R6_F6_m-1f-1_P6_Y-1_U114,R6_F6_m-1f-1_P6_Y-1_U116,FXX,1,57.19834424640297,0,0,0.0,0,0,0,-9999.0,0.5,1,P5_CV0,3,1,1,2,0
6,2545325.475,726552.0418,R6_F6_m6f6_P6_Y0_UO710,R6_F6_m-1f-1_P6_Y-1_U114,R6_F6_m-1f-1_P6_Y-1_U116,FXX,1,57.19834424640297,0,0,0.0,0,0,0,-9999.0,0.5,1,P5_CV0,3,2,0,1,1
6,2545325.475,726552.0418,R6_F6_m6f6_P6_Y0_UO749,R6_F6_m-1f-1_P6_Y-1_U27,R6_F6_m-1f-1_P6_Y-1_U26,MXY,1,57.19834424640297,0,0,0.0,0,0,0,-9999.0,0.5,1,P5_CV0,3,0,2,1,1
6,2545325.475,726552.0418,R6_F6_m6f6_P6_Y0_UO750,R6_F6_m-1f-1_P6_Y-1_U27,R6_F6_m-1f-1_P6_Y-1_U26,FXX,1,57.19834424640297,0,0,0.0,0,0,0,-9999.0,0.5,1,P5_CV0,3,2,0,1,1
6,2545325.475,726552.0418,R6_F6_m6f6_P6_Y0_UO751,R6_F6_m-1f-1_P6_Y-1_U27,R6_F6_m-1f-1_P6_Y-1_U26,MXY,1,57.19834424640297,0,0,0.0,0,0,0,-9999.0,0.5,1,P5_CV0,3,0,2,1,1
6,2545325.475,726552.0418,R6_F6_m6f6_P6_Y0_UO752,R6_F6_m-1f-1_P6_Y-1_U27,R6_F6_m-1f-1_P6_Y-1_U26,FXX,1,57.19834424640297,0,0,0.0,0,0,0,-9999.0,0.5,1,P5_CV0,3,0,2,1,1
6,2545325.475,726552.0418,R6_F6_m6f6_P6_Y0_UO753,R6_F6_m-1f-1_P6_Y-1_U27,R6_F6_m-1f-1_P6_Y-1_U26,FXX,1,57.19834424640297,0,0,0.0,0,0,0,-9999.0,0.5,1,P5_CV0,3,1,1,2,0
6,2545325.475,726552.0418,R6_F6_m6f6_P6_Y0_UO754,R6_F6_m-1f-1_P6_Y-1_U27,R6_F6_m-1f-1_P6_Y-1_U26,MXY,1,57.19834424640297,0,0,0.0,0,0,0,-9999.0,0.5,1,P5_CV0,3,0,2,1,1
6,2545325.475,726552.0418,R6_F6_m6f6_P6_Y0_UO755,R6_F6_m-1f-1_P6_Y-1_U27,R6_F6_m-1f-1_P6_Y-1_U26,FXX,1,57.19834424640297,0,0,0.0,0,0,0,-9999.0,0.5,1,P5_CV0,3,0,2,1,1
6,2545325.475,726552.0418,R6_F6_m6f6_P6_Y0_UO756,R6_F6_m-1f-1_P6_Y-1_U27,R6_F6_m-1f-1_P6_Y-1_U26,MXY,1,57.19834424640297,0,0,0.0,0,0,0,-9999.0,0.5,1,P5_CV0,3,1,1,1,1
6,2545325.475,726552.0418,R6_F6_m6f6_P6_Y0_UO757,R6_F6_m-1f-1_P6_Y-1_U27,R6_F6_m-1f-1_P6_Y-1_U26,MXY,1,57.19834424640297,0,0,0.0,0,0,0,-9999.0,0.5,1,P5_CV0,3,0,2,1,1
6,2545325.475,726552.0418,R6_F6_m6f6_P6_Y0_UO758,R6_F6_m-1f-1_P6_Y-1_U131,R6_F6_m-1f-1_P6_Y-1_U88,MXY,1,57.19834424640297,0,0,0.0,0,0,0,-9999.0,0.25,1,P5_CV0,3,0,2,1,1
6,2545325.475,726552.0418,R6_F6_m6f6_P6_Y0_UO759,R6_F6_m-1f-1_P6_Y-1_U131,R6_F6_m-1f-1_P6_Y-1_U88,MXY,1,57.19834424640297,0,0,0.0,0,0,0,-9999.0,0.25,1,P5_CV0,3,1,1,1,1
6,2545325.475,726552.0418,R6_F6_m6f6_P6_Y0_UO760,R6_F6_m-1f-1_P6_Y-1_U131,R6_F6_m-1f-1_P6_Y-1_U88,MXY,1,57.19834424640297,0,0,0.0,0,0,0,-9999.0,0.25,1,P5_CV0,3,2,0,1,1
6,2545325.475,726552.0418,R6_F6_m6f6_P6_Y0_UO761,R6_F6_m-1f-1_P6_Y-1_U131,R6_F6_m-1f-1_P6_Y-1_U88,MXY,1,57.19834424640297,0,0,0.0,0,0,0,-9999.0,0.25,1,P5_CV0,3,2,0,0,2
6,2545325.475,726552.0418,R6_F6_m6f6_P6_Y0_UO762,R6_F6_m-1f-1_P6_Y-1_U131,R6_F6_m-1f-1_P6_Y-1_U88,FXX,1,57.19834424640297,0,0,0.0,0,0,0,-9999.0,0.25,1,P5_CV0,3,2,0,1,1
6,2545325.475,726552.0418,R6_F6_m6f6_P6_Y0_UO763,R6_F6_m-1f-1_P6_Y-1_U64,R6_F6_m-1f-1_P6_Y-1_U21,MXY,1,57.19834424640297,0,0,0.0,0,0,0,-9999.0,0.5,1,P5_CV0,3,2,0,2,0
6,2545325.475,726552.0418,R6_F6_m6f6_P6_Y0_UO764,R6_F6_m-1f-1_P6_Y-1_U64,R6_F6_m-1f-1_P6_Y-1_U21,FXX,1,57.19834424640297,0,0,0.0,0,0,0,-9999.0,0.5,1,P5_CV0,3,2,0,2,0
6,2545325.475,726552.0418,R6_F6_m6f6_P6_Y0_UO765,R6_F6_m-1f-1_P6_Y-1_U64,R6_F6_m-1f-1_P6_Y-1_U21,FXX,1,57.19834424640297,0,0,0.0,0,0,0,-9999.0,0.5,1,P5_CV0,3,0,2,0,2
6,2545325.475,726552.0418,R6_F6_m6f6_P6_Y0_UO779,R6_F6_m-1f-1_P6_Y-1_U29,R6_F6_m-1f-1_P6_Y-1_U97,MXY,1,57.19834424640297,0,0,0.0,0,0,0,-9999.0,0.75,1,P5_CV0,3,1,1,2,0
6,2545325.475,726552.0418,R6_F6_m6f6_P6_Y0_UO780,R6_F6_m-1f-1_P6_Y-1_U29,R6_F6_m-1f-1_P6_Y-1_U97,FXX,1,57.19834424640297,0,0,0.0,0,0,0,-9999.0,0.75,1,P5_CV0,3,0,2,0,2
6,2545325.475,726552.0418,R6_F6_m6f6_P6_Y0_UO781,R6_F6_m-1f-1_P6_Y-1_U29,R6_F6_m-1f-1_P6_Y-1_U97,MXY,1,57.19834424640297,0,0,0.0,0,0,0,-9999.0,0.75,1,P5_CV0,3,1,1,1,1
6,2545325.475,726552.0418,R6_F6_m6f6_P6_Y0_UO794,R6_F6_m-1f-1_P6_Y-1_U27,R6_F6_m-1f-1_P6_Y-1_U21,MXY,1,57.19834424640297,0,0,0.0,0,0,0,-9999.0,0.5,1,P5_CV0,3,1,1,0,2
6,2545325.475,726552.0418,R6_F6_m6f6_P6_Y0_UO795,R6_F6_m-1f-1_P6_Y-1_U27,R6_F6_m-1f-1_P6_Y-1_U21,MXY,1,57.19834424640297,0,0,0.0,0,0,0,-9999.0,0.5,1,P5_CV0,3,1,1,2,0
6,2545325.475,726552.0418,R6_F6_m6f6_P6_Y0_UO796,R6_F6_m-1f-1_P6_Y-1_U27,R6_F6_m-1f-1_P6_Y-1_U21,FXX,1,57.19834424640297,0,0,0.0,0,0,0,-9999.0,0.5,1,P5_CV0,3,2,0,2,0
6,2545325.475,726552.0418,R6_F6_m6f6_P6_Y0_UO797,R6_F6_m-1f-1_P6_Y-1_U27,R6_F6_m-1f-1_P6_Y-1_U21,FXX,1,57.19834424640297,0,0,0.0,0,0,0,-9999.0,0.5,1,P5_CV0,3,0,2,1,1
6,2545325.475,726552.0418,R6_F6_m-1f-1_P6_Y-1_U0,-9999,-9999,FXX,2,87.53656958332286,1,0,1.0,0,0,0,-9999.0,0.5,1,P5_CV0,3,1,1,1,1
6,2545325.475,726552.0418,R6_F6_m-1f-1_P6_Y-1_U1,-9999,-9999,FXX,2,87.53656958332286,1,0,1.0,0,0,0,-9999.0,1.0,1,P5_CV0,3,2,0,2,0
6,2545325.475,726552.0418,R6_F6_m-1f-1_P6_Y-1_U3,-9999,-9999,MXY,2,87.53656958332286,1,0,0.0,0,0,0,-9999.0,0.5,1,P5_CV0,3,1,1,2,0
6,2545325.475,726552.0418,R6_F6_m-1f-1_P6_Y-1_U7,-9999,-9999,FXX,2,87.53656958332286,1,0,1.0,0,0,0,-9999.0,1.0,1,P5_CV0,3,2,0,2,0
6,2545325.475,726552.0418,R6_F6_m-1f-1_P6_Y-1_U8,-9999,-9999,MXY,2,87.53656958332286,1,0,0.0,0,0,0,-9999.0,0.5,1,P5_CV0,3,1,1,1,1
6,2545325.475,726552.0418,R6_F6_m-1f-1_P6_Y-1_U10,-9999,-9999,FXX,2,87.53656958332286,1,0,1.774,0,0,0,-9999.0,0.0,1,P5_CV0,3,0,2,0,2
6,2545325.475,726552.0418,R6_F6_m-1f-1_P6_Y-1_U11,-9999,-9999,FXX,2,87.53656958332286,1,0,2.495,0,0,0,-9999.0,0.5,1,P5_CV0,3,1,1,1,1
6,2545325.475,726552.0418,R6_F6_m-1f-1_P6_Y-1_U12,-9999,-9999,FXX,2,87.53656958332286,1,0,2.201,0,0,0,-9999.0,0.0,1,P5_CV0,3,0,2,2,0
6,2545325.475,726552.0418,R6_F6_m-1f-1_P6_Y-1_U14,-9999,-9999,MXY,2,87.53656958332286,1,0,0.0,0,0,0,-9999.0,0.5,1,P5_CV0,3,1,1,0,2
6,2545325.475,726552.0418,R6_F6_m-1f-1_P6_Y-1_U17,-9999,-9999,MXY,2,87.53656958332286,1,0,0.0,0,0,0,-9999.0,1.0,1,P5_CV0,3,2,0,1,1
6,2545325.475,726552.0418,R6_F6_m-1f-1_P6_Y-1_U18,-9999,-9999,FXX,2,87.53656958332286,1,0,1.0,0,0,0,-9999.0,0.0,1,P5_CV0,3,0,2,1,1
6,2545325.475,726552.0418,R6_F6_m-1f-1_P6_Y-1_U20,-9999,-9999,MXY,2,87.53656958332286,1,0,0.0,0,0,0,-9999.0,1.0,1,P5_CV0,3,2,0,1,1
6,2545325.475,726552.0418,R6_F6_m-1f-1_P6_Y-1_U22,-9999,-9999,MXY,2,87.53656958332286,1,0,0.0,0,0,0,-9999.0,1.0,1,P5_CV0,3,2,0,1,1
6,2545325.475,726552.0418,R6_F6_m-1f-1_P6_Y-1_U24,-9999,-9999,FXX,2,87.53656958332286,1,0,0.0,0,0,0,-9999.0,1.0,1,P5_CV0,3,2,0,0,2
6,2545325.475,726552.0418,R6_F6_m-1f-1_P6_Y-1_U28,-9999,-9999,MXY,2,87.53656958332286,1,0,0.0,0,0,0,-9999.0,0.5,1,P5_CV0,3,1,1,1,1
6,2545325.475,726552.0418,R6_F6_m-1f-1_P6_Y-1_U32,-9999,-9999,FXX,2,87.53656958332286,1,0,1.857,0,0,0,-9999.0,0.5,1,P5_CV0,3,1,1,1,1
6,2545325.475,726552.0418,R6_F6_m-1f-1_P6_Y-1_U36,-9999,-9999,MXY,2,87.53656958332286,1,0,0.0,0,0,0,-9999.0,0.5,1,P5_CV0,3,1,1,0,2
6,2545325.475,726552.0418,R6_F6_m-1f-1_P6_Y-1_U37,-9999,-9999,FXX,2,87.53656958332286,1,0,1.706,0,0,0,-9999.0,0.0,1,P5_CV0,3,0,2,1,1
6,2545325.475,726552.0418,R6_F6_m-1f-1_P6_Y-1_U40,-9999,-9999,FXX,2,87.53656958332286,1,0,1.0,0,0,0,-9999.0,0.5,1,P5_CV0,3,1,1,0,2
6,2545325.475,726552.0418,R6_F6_m-1f-1_P6_Y-1_U42,-9999,-9999,FXX,2,87.53656958332286,1,0,1.127,0,0,0,-9999.0,0.0,1,P5_CV0,3,0,2,2,0
6,2545325.475,726552.0418,R6_F6_m-1f-1_P6_Y-1_U44,-9999,-9999,MXY,2,87.53656958332286,1,0,0.0,0,0,0,-9999.0,0.0,1,P5_CV0,3,0,2,1,1
6,2545325.475,726552.0418,R6_F6_m-1f-1_P6_Y-1_U45,-9999,-9999,MXY,2,87.53656958332286,1,0,0.0,0,0,0,-9999.0,0.5,1,P5_CV0,3,1,1,2,0
6,2545325.475,726552.0418,R6_F6_m-1f-1_P6_Y-1_U46,-9999,-9999,FXX,2,87.53656958332286,1,0,1.0,0,0,0,-9999.0,0.0,1,P5_CV0,3,0,2,2,0
6,2545325.475,726552.0418,R6_F6_m-1f-1_P6_Y-1_U47,-9999,-9999,FXX,2,87.53656958332286,1,0,2.356,0,0,0,-9999.0,0.0,1,P5_CV0,3,0,2,1,1
6,2545325.475,726552.0418,R6_F6_m-1f-1_P6_Y-1_U48,-9999,-9999,FXX,2,87.53656958332286,1,0,1.972,0,0,0,-9999.0,0.0,1,P5_CV0,3,0,2,2,0
6,2545325.475,726552.0418,R6_F6_m-1f-1_P6_Y-1_U49,-9999,-9999,MXY,2,87.53656958332286,1,0,0.0,0,0,0,-9999.0,0.5,1,P5_CV0,3,1,1,1,1
6,2545325.475,726552.0418,R6_F6_m-1f-1_P6_Y-1_U53,-9999,-9999,MXY,2,87.53656958332286,1,0,0.0,0,0,0,-9999.0,0.5,1,P5_CV0,3,1,1,0,2
6,2545325.475,726552.0418,R6_F6_m-1f-1_P6_Y-1_U54,-9999,-9999,FXX,2,87.53656958332286,1,0,2.932,0,0,0,-9999.0,1.0,1,P5_CV0,3,2,0,2,0
6,2545325.475,726552.0418,R6_F6_m-1f-1_P6_Y-1_U55,-9999,-9999,MXY,2,87.53656958332286,1,0,0.0,0,0,0,-9999.0,0.5,1,P5_CV0,3,1,1,1,1
6,2545325.475,726552.0418,R6_F6_m-1f-1_P6_Y-1_U56,-9999,-9999,FXX,2,87.53656958332286,1,0,0.0,0,0,0,-9999.0,0.5,1,P5_CV0,3,1,1,1,1
6,2545325.475,726552.0418,R6_F6_m-1f-1_P6_Y-1_U58,-9999,-9999,MXY,2,87.53656958332286,1,0,0.0,0,0,0,-9999.0,1.0,1,P5_CV0,3,2,0,0,2
6,2545325.475,726552.0418,R6_F6_m-1f-1_P6_Y-1_U59,-9999,-9999,MXY,2,87.53656958332286,1,0,0.0,0,0,0,-9999.0,0.5,1,P5_CV0,3,1,1,1,1
6,2545325.475,726552.0418,R6_F6_m-1f-1_P6_Y-1_U60,-9999,-9999,FXX,2,87.53656958332286,1,0,0.0,0,0,0,-9999.0,1.0,1,P5_CV0,3,2,0,0,2
6,2545325.475,726552.0418,R6_F6_m-1f-1_P6_Y-1_U61,-9999,-9999,MXY,2,87.53656958332286,1,0,0.0,0,0,0,-9999.0,0.0,1,P5_CV0,3,0,2,0,2
6,2545325.475,726552.0418,R6_F6_m-1f-1_P6_Y-1_U68,-9999,-9999,FXX,2,87.53656958332286,1,0,1.132,0,0,0,-9999.0,0.5,1,P5_CV0,3,1,1,1,1
6,2545325.475,726552.0418,R6_F6_m-1f-1_P6_Y-1_U71,-9999,-9999,MXY,2,87.53656958332286,1,0,0.0,0,0,0,-9999.0,0.5,1,P5_CV0,3,1,1,1,1
6,2545325.475,726552.0418,R6_F6_m-1f-1_P6_Y-1_U72,-9999,-9999,MXY,2,87.53656958332286,1,0,0.0,0,0,0,-9999.0,0.5,1,P5_CV0,3,1,1,1,1
6,2545325.475,726552.0418,R6_F6_m-1f-1_P6_Y-1_U73,-9999,-9999,FXX,2,87.53656958332286,1,0,1.0,0,0,0,-9999.0,0.0,1,P5_CV0,3,0,2,0,2
6,2545325.475,726552.0418,R6_F6_m-1f-1_P6_Y-1_U74,-9999,-9999,MXY,2,87.53656958332286,1,0,0.0,0,0,0,-9999.0,0.5,1,P5_CV0,3,1,1,0,2
6,2545325.475,726552.0418,R6_F6_m-1f-1_P6_Y-1_U77,-9999,-9999,FXX,2,87.53656958332286,1,0,1.0,0,0,0,-9999.0,0.5,1,P5_CV0,3,1,1,1,1
6,2545325.475,726552.0418,R6_F6_m-1f-1_P6_Y-1_U78,-9999,-9999,FXX,2,87.53656958332286,1,0,0.0,0,0,0,-9999.0,0.5,1,P5_CV0,3,1,1,0,2
6,2545325.475,726552.0418,R6_F6_m-1f-1_P6_Y-1_U79,-9999,-9999,FXX,2,87.53656958332286,1,0,1.0,0,0,0,-9999.0,0.5,1,P5_CV0,3,1,1,2,0
6,2545325.475,726552.0418,R6_F6_m-1f-1_P6_Y-1_U80,-9999,-9999,FXX,2,87.53656958332286,1,0,1.529,0,0,0,-9999.0,1.0,1,P5_CV0,3,2,0,2,0
6,2545325.475,726552.0418,R6_F6_m-1f-1_P6_Y-1_U81,-9999,-9999,MXY,2,87.53656958332286,1,0,0.0,0,0,0,-9999.0,1.0,1,P5_CV0,3,2,0,1,1
6,2545325.475,726552.0418,R6_F6_m-1f-1_P6_Y-1_U82,-9999,-9999,MXY,2,87.53656958332286,1,0,0.0,0,0,0,-9999.0,0.0,1,P5_CV0,3,0,2,1,1
6,2545325.475,726552.0418,R6_F6_m-1f-1_P6_Y-1_U84,-9999,-9999,MXY,2,87.53656958332286,1,0,0.0,0,0,0,-9999.0,0.5,1,P5_CV0,3,1,1,1,1
6,2545325.475,726552.0418,R6_F6_m-1f-1_P6_Y-1_U86,-9999,-9999,MXY,2,87.53656958332286,1,0,0.0,0,0,0,-9999.0,0.5,1,P5_CV0,3,1,1,2,0
6,2545325.475,726552.0418,R6_F6_m-1f-1_P6_Y-1_U87,-9999,-9999,FXX,2,87.53656958332286,1,0,1.199,0,0,0,-9999.0,0.5,1,P5_CV0,3,1,1,1,1
6,2545325.475,726552.0418,R6_F6_m-1f-1_P6_Y-1_U89,-9999,-9999,FXX,2,87.53656958332286,1,0,0.0,0,0,0,-9999.0,0.0,1,P5_CV0,3,0,2,2,0
6,2545325.475,726552.0418,R6_F6_m-1f-1_P6_Y-1_U90,-9999,-9999,MXY,2,87.53656958332286,1,0,0.0,0,0,0,-9999.0,0.5,1,P5_CV0,3,1,1,1,1
6,2545325.475,726552.0418,R6_F6_m-1f-1_P6_Y-1_U94,-9999,-9999,FXX,2,87.53656958332286,1,0,0.0,0,0,0,-9999.0,0.5,1,P5_CV0,3,1,1,0,2
6,2545325.475,726552.0418,R6_F6_m-1f-1_P6_Y-1_U95,-9999,-9999,MXY,2,87.53656958332286,1,0,0.0,0,0,0,-9999.0,0.5,1,P5_CV0,3,1,1,1,1
6,2545325.475,726552.0418,R6_F6_m-1f-1_P6_Y-1_U96,-9999,-9999,FXX,2,87.53656958332286,1,0,1.48,0,0,0,-9999.0,0.5,1,P5_CV0,3,1,1,1,1
6,2545325.475,726552.0418,R6_F6_m-1f-1_P6_Y-1_U98,-9999,-9999,MXY,2,87.53656958332286,1,0,0.0,0,0,0,-9999.0,0.0,1,P5_CV0,3,0,2,1,1
6,2545325.475,726552.0418,R6_F6_m-1f-1_P6_Y-1_U99,-9999,-9999,FXX,2,87.53656958332286,1,0,0.0,0,0,0,-9999.0,0.5,1,P5_CV0,3,1,1,0,2
6,2545325.475,726552.0418,R6_F6_m-1f-1_P6_Y-1_U103,-9999,-9999,FXX,2,87.53656958332286,1,0,1.059,0,0,0,-9999.0,0.0,1,P5_CV0,3,0,2,1,1
6,2545325.475,726552.0418,R6_F6_m-1f-1_P6_Y-1_U106,-9999,-9999,FXX,2,87.53656958332286,1,0,0.0,0,0,0,-9999.0,1.0,1,P5_CV0,3,2,0,2,0
6,2545325.475,726552.0418,R6_F6_m-1f-1_P6_Y-1_U107,-9999,-9999,MXY,2,87.53656958332286,1,0,0.0,0,0,0,-9999.0,1.0,1,P5_CV0,3,2,0,1,1
6,2545325.475,726552.0418,R6_F6_m-1f-1_P6_Y-1_U109,-9999,-9999,FXX,2,87.53656958332286,1,0,1.518,0,0,0,-9999.0,0.5,1,P5_CV0,3,1,1,0,2
6,2545325.475,726552.0418,R6_F6_m-1f-1_P6_Y-1_U112,-9999,-9999,FXX,2,87.53656958332286,1,0,3.133,0,0,0,-9999.0,0.5,1,P5_CV0,3,1,1,0,2
6,2545325.475,726552.0418,R6_F6_m-1f-1_P6_Y-1_U113,-9999,-9999,MXY,2,87.53656958332286,1,0,0.0,0,0,0,-9999.0,1.0,1,P5_CV0,3,2,0,0,2
6,2545325.475,726552.0418,R6_F6_m-1f-1_P6_Y-1_U115,-9999,-9999,MXY,2,87.53656958332286,1,0,0.0,0,0,0,-9999.0,1.0,1,P5_CV0,3,2,0,1,1
6,2545325.475,726552.0418,R6_F6_m-1f-1_P6_Y-1_U121,-9999,-9999,FXX,2,87.53656958332286,1,0,1.0,0,0,0,-9999.0,0.5,1,P5_CV0,3,1,1,0,2
6,2545325.475,726552.0418,R6_F6_m-1f-1_P6_Y-1_U122,-9999,-9999,FXX,2,87.53656958332286,1,0,1.925,0,0,0,-9999.0,0.5,1,P5_CV0,3,1,1,1,1
6,2545325.475,726552.0418,R6_F6_m-1f-1_P6_Y-1_U123,-9999,-9999,FXX,2,87.53656958332286,1,0,2.839,0,0,0,-9999.0,0.5,1,P5_CV0,3,1,1,1,1
6,2545325.475,726552.0418,R6_F6_m-1f-1_P6_Y-1_U124,-9999,-9999,FXX,2,87.53656958332286,1,0,1.0,0,0,0,-9999.0,0.5,1,P5_CV0,3,1,1,1,1
6,2545325.475,726552.0418,R6_F6_m-1f-1_P6_Y-1_U127,-9999,-9999,FXX,2,87.53656958332286,1,0,1.419,0,0,0,-9999.0,1.0,1,P5_CV0,3,2,0,1,1
6,2545325.475,726552.0418,R6_F6_m-1f-1_P6_Y-1_U128,-9999,-9999,MXY,2,87.53656958332286,1,0,0.0,0,0,0,-9999.0,0.5,1,P5_CV0,3,1,1,0,2
6,2545325.475,726552.0418,R6_F6_m-1f-1_P6_Y-1_U129,-9999,-9999,FXX,2,87.53656958332286,1,0,1.526,0,0,0,-9999.0,0.5,1,P5_CV0,3,1,1,1,1
6,2545325.475,726552.0418,R6_F6_m-1f-1_P6_Y-1_U133,-9999,-9999,FXX,2,87.53656958332286,1,0,1.673,0,0,0,-9999.0,1.0,1,P5_CV0,3,2,0,0,2
6,2545325.475,726552.0418,R6_F6_m-1f-1_P6_Y-1_U135,-9999,-9999,FXX,2,87.53656958332286,1,0,1.32,0,0,0,-9999.0,0.5,1,P5_CV0,3,1,1,1,1
6,2545325.475,726552.0418,R6_F6_m-1f-1_P6_Y-1_U139,-9999,-9999,MXY,2,87.53656958332286,1,0,0.0,0,0,0,-9999.0,0.0,1,P5_CV0,3,0,2,1,1
6,2545325.475,726552.0418,R6_F6_m-1f-1_P6_Y-1_U140,-9999,-9999,MXY,2,87.53656958332286,1,0,0.0,0,0,0,-9999.0,1.0,1,P5_CV0,3,2,0,1,1
6,2545325.475,726552.0418,I6_F7_m-1f-1_P6_Y-1_U30,-9999,-9999,FXX,2,87.53445662764705,1,0,1.666,0,0,0,-9999.0,0.5,1,P5_CV0,3,1,1,1,1
6,2545325.475,726552.0418,R6_F6_m-1f-1_P6_Y-1_U2,-9999,-9999,MXY,3,103.62186085287232,1,0,0.0,0,0,0,-9999.0,0.5,1,P5_CV0,3,1,1,1,1
6,2545325.475,726552.0418,R6_F6_m-1f-1_P6_Y-1_U4,-9999,-9999,MXY,3,108.55986085287232,1,0,0.0,0,0,0,-9999.0,1.0,1,P5_CV0,3,2,0,1,1
6,2545325.475,726552.0418,R6_F6_m-1f-1_P6_Y-1_U15,-9999,-9999,FXX,3,110.07486085287232,1,0,1.711,0,0,0,-9999.0,0.0,1,P5_CV0,3,0,2,2,0
6,2545325.475,726552.0418,R6_F6_m-1f-1_P6_Y-1_U19,-9999,-9999,MXY,3,107.40286085287232,1,0,0.0,0,0,0,-9999.0,0.5,1,P5_CV0,3,1,1,1,1
6,2545325.475,726552.0418,R6_F6_m-1f-1_P6_Y-1_U23,-9999,-9999,MXY,3,93.94686085287232,1,0,0.0,0,0,0,-9999.0,1.0,1,P5_CV0,3,2,0,0,2
6,2545325.475,726552.0418,R6_F6_m-1f-1_P6_Y-1_U26,-9999,-9999,MXY,3,114.30486085287232,1,0,0.0,0,0,0,-9999.0,0.5,1,P5_CV0,3,1,1,0,2
6,2545325.475,726552.0418,R6_F6_m-1f-1_P6_Y-1_U31,-9999,-9999,MXY,3,107.45586085287232,1,0,0.0,0,0,0,-9999.0,0.5,1,P5_CV0,3,1,1,1,1
6,2545325.475,726552.0418,R6_F6_m-1f-1_P6_Y-1_U33,-9999,-9999,MXY,3,106.10686085287232,1,0,0.0,0,0,0,-9999.0,0.5,1,P5_CV0,3,1,1,0,2
6,2545325.475,726552.0418,R6_F6_m-1f-1_P6_Y-1_U35,-9999,-9999,FXX,3,108.22786085287233,1,0,1.298,0,0,0,-9999.0,0.5,1,P5_CV0,3,1,1,0,2
6,2545325.475,726552.0418,R6_F6_m-1f-1_P6_Y-1_U41,-9999,-9999,MXY,3,104.59086085287232,1,0,0.0,0,0,0,-9999.0,0.5,1,P5_CV0,3,1,1,1,1
6,2545325.475,726552.0418,R6_F6_m-1f-1_P6_Y-1_U50,-9999,-9999,FXX,3,109.65186085287232,1,0,1.232,0,0,0,-9999.0,0.5,1,P5_CV0,3,1,1,0,2
6,2545325.475,726552.0418,R6_F6_m-1f-1_P6_Y-1_U51,-9999,-9999,MXY,3,111.62486085287232,1,0,0.0,0,0,0,-9999.0,0.5,1,P5_CV0,3,1,1,1,1
6,2545325.475,726552.0418,R6_F6_m-1f-1_P6_Y-1_U57,-9999,-9999,FXX,3,104.04986085287233,1,0,2.688,0,0,0,-9999.0,1.0,1,P5_CV0,3,2,0,2,0
6,2545325.475,726552.0418,R6_F6_m-1f-1_P6_Y-1_U63,-9999,-9999,FXX,3,107.36386085287232,1,0,0.0,0,0,0,-9999.0,0.0,1,P5_CV0,3,0,2,0,2
6,2545325.475,726552.0418,R6_F6_m-1f-1_P6_Y-1_U64,-9999,-9999,FXX,3,95.51586085287232,1,0,1.153,0,0,0,-9999.0,0.5,1,P5_CV0,3,1,1,1,1
6,2545325.475,726552.0418,R6_F6_m-1f-1_P6_Y-1_U65,-9999,-9999,FXX,3,110.11786085287233,1,0,1.629,0,0,0,-9999.0,1.0,1,P5_CV0,3,2,0,2,0
6,2545325.475,726552.0418,R6_F6_m-1f-1_P6_Y-1_U66,-9999,-9999,FXX,3,103.16686085287232,1,0,0.0,0,0,0,-9999.0,0.5,1,P5_CV0,3,1,1,0,2
6,2545325.475,726552.0418,R6_F6_m-1f-1_P6_Y-1_U67,-9999,-9999,FXX,3,103.10186085287232,1,0,2.568,0,0,0,-9999.0,1.0,1,P5_CV0,3,2,0,0,2
6,2545325.475,726552.0418,R6_F6_m-1f-1_P6_Y-1_U69,-9999,-9999,MXY,3,98.34386085287233,1,0,0.0,0,0,0,-9999.0,0.5,1,P5_CV0,3,1,1,1,1
6,2545325.475,726552.0418,R6_F6_m-1f-1_P6_Y-1_U70,-9999,-9999,MXY,3,106.17186085287233,1,0,0.0,0,0,0,-9999.0,0.0,1,P5_CV0,3,0,2,2,0
6,2545325.475,726552.0418,R6_F6_m-1f-1_P6_Y-1_U75,-9999,-9999,FXX,3,95.80386085287232,1,0,2.047,0,0,0,-9999.0,1.0,1,P5_CV0,3,2,0,2,0
6,2545325.475,726552.0418,R6_F6_m-1f-1_P6_Y-1_U76,-9999,-9999,MXY,3,109.09386085287233,1,0,0.0,0,0,0,-9999.0,0.0,1,P5_CV0,3,0,2,1,1
6,2545325.475,726552.0418,R6_F6_m-1f-1_P6_Y-1_U85,-9999,-9999,FXX,3,102.01186085287232,1,0,2.497,0,0,0,-9999.0,0.0,1,P5_CV0,3,0,2,0,2
6,2545325.475,726552.0418,R6_F6_m-1f-1_P6_Y-1_U88,-9999,-9999,MXY,3,106.65486085287232,1,0,0.0,0,0,0,-9999.0,0.5,1,P5_CV0,3,1,1,0,2
6,2545325.475,726552.0418,R6_F6_m-1f-1_P6_Y-1_U91,-9999,-9999,FXX,3,103.50286085287232,1,0,2.052,0,0,0,-9999.0,0.5,1,P5_CV0,3,1,1,1,1
6,2545325.475,726552.0418,R6_F6_m-1f-1_P6_Y-1_U97,-9999,-9999,MXY,3,97.72486085287233,1,0,0.0,0,0,0,-9999.0,0.5,1,P5_CV0,3,1,1,1,1
6,2545325.475,726552.0418,R6_F6_m-1f-1_P6_Y-1_U100,-9999,-9999,MXY,3,111.29886085287232,1,0,0.0,0,0,0,-9999.0,1.0,1,P5_CV0,3,2,0,1,1
6,2545325.475,726552.0418,R6_F6_m-1f-1_P6_Y-1_U105,-9999,-9999,FXX,3,101.40586085287232,1,0,3.13,0,0,0,-9999.0,1.0,1,P5_CV0,3,2,0,2,0
6,2545325.475,726552.0418,R6_F6_m-1f-1_P6_Y-1_U108,-9999,-9999,FXX,3,109.34886085287232,1,0,1.122,0,0,0,-9999.0,1.0,1,P5_CV0,3,2,0,1,1
6,2545325.475,726552.0418,R6_F6_m-1f-1_P6_Y-1_U110,-9999,-9999,FXX,3,93.85886085287233,1,0,1.655,0,0,0,-9999.0,0.5,1,P5_CV0,3,1,1,2,0
6,2545325.475,726552.0418,R6_F6_m-1f-1_P6_Y-1_U119,-9999,-9999,MXY,3,100.92686085287232,1,0,0.0,0,0,0,-9999.0,1.0,1,P5_CV0,3,2,0,1,1
6,2545325.475,726552.0418,R6_F6_m-1f-1_P6_Y-1_U125,-9999,-9999,FXX,3,98.89886085287232,1,0,1.0,0,0,0,-9999.0,1.0,1,P5_CV0,3,2,0,2,0
6,2545325.475,726552.0418,R6_F6_m-1f-1_P6_Y-1_U126,-9999,-9999,MXY,3,104.82686085287233,1,0,0.0,0,0,0,-9999.0,0.5,1,P5_CV0,3,1,1,0,2
6,2545325.475,726552.0418,R6_F6_m-1f-1_P6_Y-1_U130,-9999,-9999,MXY,3,99.20586085287232,1,0,0.0,0,0,0,-9999.0,0.0,1,P5_CV0,3,0,2,0,2
6,2545325.475,726552.0418,R6_F6_m-1f-1_P6_Y-1_U134,-9999,-9999,MXY,3,107.64586085287232,1,0,0.0,0,0,0,-9999.0,0.5,1,P5_CV0,3,1,1,1,1
6,2545325.475,726552.0418,R6_F6_m-1f-1_P6_Y-1_U136,-9999,-9999,FXX,3,106.71586085287232,1,0,0.0,0,0,0,-9999.0,0.0,1,P5_CV0,3,0,2,1,1
6,2545325.475,726552.0418,I6_F7_m-1f-1_P6_Y-1_U25,-9999,-9999,FXX,3,107.80090152421563,1,0,1.0,0,0,0,-9999.0,0.5,1,P5_CV0,3,1,1,1,1
6,2545325.475,726552.0418,R6_F6_m-1f-1_P6_Y-1_U5,-9999,-9999,MXY,4,131.47271351129072,1,0,0.0,0,0,0,-9999.0,1.0,1,P5_CV0,3,2,0,1,1
6,2545325.475,726552.0418,R6_F6_m-1f-1_P6_Y-1_U6,-9999,-9999,MXY,4,131.47271351129072,1,0,0.0,0,0,0,-9999.0,0.5,1,P5_CV0,3,1,1,0,2
6,2545325.475,726552.0418,R6_F6_m-1f-1_P6_Y-1_U9,-9999,-9999,MXY,4,131.47271351129072,1,0,0.0,0,0,0,-9999.0,0.5,1,P5_CV0,3,1,1,1,1
6,2545325.475,726552.0418,R6_F6_m-1f-1_P6_Y-1_U13,-9999,-9999,MXY,4,131.47271351129072,1,0,0.0,0,0,0,-9999.0,1.0,1,P5_CV0,3,2,0,1,1
6,2545325.475,726552.0418,R6_F6_m-1f-1_P6_Y-1_U16,-9999,-9999,FXX,4,131.47271351129072,1,0,0.0,0,0,0,-9999.0,0.0,1,P5_CV0,3,0,2,2,0
6,2545325.475,726552.0418,R6_F6_m-1f-1_P6_Y-1_U29,-9999,-9999,FXX,4,131.47271351129072,1,0,0.0,0,0,0,-9999.0,1.0,1,P5_CV0,3,2,0,0,2
6,2545325.475,726552.0418,R6_F6_m-1f-1_P6_Y-1_U38,-9999,-9999,FXX,4,131.47271351129072,1,0,1.504,0,0,0,-9999.0,1.0,1,P5_CV0,3,2,0,1,1
6,2545325.475,726552.0418,R6_F6_m-1f-1_P6_Y-1_U43,-9999,-9999,FXX,4,131.47271351129072,1,0,0.0,0,0,0,-9999.0,0.0,1,P5_CV0,3,0,2,1,1
6,2545325.475,726552.0418,R6_F6_m-1f-1_P6_Y-1_U62,-9999,-9999,MXY,4,131.47271351129072,1,0,0.0,0,0,0,-9999.0,0.0,1,P5_CV0,3,0,2,0,2
6,2545325.475,726552.0418,R6_F6_m-1f-1_P6_Y-1_U101,-9999,-9999,FXX,4,131.47271351129072,1,0,1.446,0,0,0,-9999.0,1.0,1,P5_CV0,3,2,0,1,1
6,2545325.475,726552.0418,R6_F6_m-1f-1_P6_Y-1_U102,-9999,-9999,FXX,4,131.47271351129072,1,0,1.0,0,0,0,-9999.0,0.0,1,P5_CV0,3,0,2,1,1
6,2545325.475,726552.0418,R6_F6_m-1f-1_P6_Y-1_U104,-9999,-9999,FXX,4,131.47271351129072,1,0,0.0,0,0,0,-9999.0,0.0,1,P5_CV0,3,0,2,1,1
6,2545325.475,726552.0418,R6_F6_m-1f-1_P6_Y-1_U114,-9999,-9999,FXX,4,131.47271351129072,1,0,0.0,0,0,0,-9999.0,0.5,1,P5_CV0,3,1,1,2,0
6,2545325.475,726552.0418,R6_F6_m-1f-1_P6_Y-1_U117,-9999,-9999,FXX,4,131.47271351129072,1,0,0.0,0,0,0,-9999.0,0.0,1,P5_CV0,3,0,2,1,1
6,2545325.475,726552.0418,R6_F6_m-1f-1_P6_Y-1_U118,-9999,-9999,FXX,4,131.47271351129072,1,0,0.0,0,0,0,-9999.0,0.0,1,P5_CV0,3,0,2,1,1
6,2545325.475,726552.0418,R6_F6_m-1f-1_P6_Y-1_U137,-9999,-9999,MXY,4,131.47271351129072,1,0,0.0,0,0,0,-9999.0,0.5,1,P5_CV0,3,1,1,1,1
6,2545325.475,726552.0418,R6_F6_m-1f-1_P6_Y-1_U131,-9999,-9999,FXX,5,145.0325241560274,1,0,2.142,0,0,0,-9999.0,0.0,1,P5_CV0,3,0,2,1,1
6,2545325.475,726552.0418,R6_F6_m-1f-1_P6_Y-1_U34,-9999,-9999,FXX,5,151.6675241560274,1,0,0.0,0,0,0,-9999.0,0.5,1,P5_CV0,3,1,1,0,2
6,2545325.475,726552.0418,R6_F6_m-1f-1_P6_Y-1_U83,-9999,-9999,MXY,5,153.1665241560274,1,0,0.0,0,0,0,-9999.0,0.5,1,P5_CV0,3,1,1,1,1
6,2545325.475,726552.0418,R6_F6_m-1f-1_P6_Y-1_U92,-9999,-9999,MXY,5,153.0985241560274,1,0,0.0,0,0,0,-9999.0,1.0,1,P5_CV0,3,2,0,1,1
6,2545325.475,726552.0418,R6_F6_m-1f-1_P6_Y-1_U111,-9999,-9999,FXX,5,163.4635241560274,1,0,1.094,0,0,0,-9999.0,0.5,1,P5_CV0,3,1,1,2,0
