PatchID,XCOORD,YCOORD,ID,MID,FID,sex,age,size,mature,newmature,layeggs,capture,recapture,state,CDist,Hindex,Species,ClassFile,SubPatchID,L0A0,L0A1,L1A0,L1A1
1,2540470.832,712452.2021,Age0_F1_m1f1_P1_Y0_UO0,R1_F1_m-1f-1_P1_Y-1_U29,R1_F1_m-1f-1_P1_Y-1_U24,FXX,0,31.028997987985097,0,0,0.0,0,0,0,0.0,0.0,1,P0_CV0,1,2,0,1,1
1,2540470.832,712452.2021,Age0_F1_m1f1_P1_Y0_UO20,R1_F1_m-1f-1_P1_Y-1_U123,R1_F1_m-1f-1_P1_Y-1_U87,MXY,0,31.028997987985097,0,0,0.0,0,0,0,0.0,0.25,1,P0_CV0,1,1,1,0,2
1,2540470.832,712452.2021,Age0_F1_m1f1_P1_Y0_UO21,R1_F1_m-1f-1_P1_Y-1_U123,R1_F1_m-1f-1_P1_Y-1_U87,MXY,0,31.028997987985097,0,0,0.0,0,0,0,0.0,0.25,1,P0_CV0,1,0,2,2,0
1,2540470.832,712452.2021,Age0_F1_m1f1_P1_Y0_UO22,R1_F1_m-1f-1_P1_Y-1_U123,R1_F1_m-1f-1_P1_Y-1_U85,MXY,0,31.028997987985097,0,0,0.0,0,0,0,0.0,0.75,1,P0_CV0,1,0,2,2,0
1,2540470.832,712452.2021,Age0_F1_m1f1_P1_Y0_UO23,R1_F1_m-1f-1_P1_Y-1_U123,R1_F1_m-1f-1_P1_Y-1_U85,MXY,0,31.028997987985097,0,0,0.0,0,0,0,0.0,0.75,1,P0_CV0,1,1,1,0,2
1,2540470.832,712452.2021,Age0_F1_m1f1_P1_Y0_UO24,R1_F1_m-1f-1_P1_Y-1_U123,R1_F1_m-1f-1_P1_Y-1_U85,FXX,0,31.028997987985097,0,0,0.0,0,0,0,0.0,0.75,1,P0_CV0,1,1,1,2,0
1,2540470.832,712452.2021,Age0_F1_m1f1_P1_Y0_UO25,R1_F1_m-1f-1_P1_Y-1_U123,R1_F1_m-1f-1_P1_Y-1_U85,MXY,0,31.028997987985097,0,0,0.0,0,0,0,0.0,0.75,1,P0_CV0,1,0,2,1,1
1,2540470.832,712452.2021,Age0_F1_m1f1_P1_Y0_UO97,R1_F1_m-1f-1_P1_Y-1_U147,R1_F1_m-1f-1_P1_Y-1_U24,MXY,0,31.028997987985097,0,0,0.0,0,0,0,0.0,0.0,1,P0_CV0,1,1,1,2,0
1,2540470.832,712452.2021,Age0_F1_m1f1_P1_Y0_UO98,R1_F1_m-1f-1_P1_Y-1_U147,R1_F1_m-1f-1_P1_Y-1_U24,MXY,0,31.028997987985097,0,0,0.0,0,0,0,0.0,0.0,1,P0_CV0,1,1,1,1,1
1,2540470.832,712452.2021,Age0_F1_m1f1_P1_Y0_UO99,R1_F1_m-1f-1_P1_Y-1_U147,R1_F1_m-1f-1_P1_Y-1_U24,MXY,0,31.028997987985097,0,0,0.0,0,0,0,0.0,0.0,1,P0_CV0,1,1,1,0,2
1,2540470.832,712452.2021,Age0_F1_m1f1_P1_Y0_UO100,R1_F1_m-1f-1_P1_Y-1_U147,R1_F1_m-1f-1_P1_Y-1_U24,FXX,0,31.028997987985097,0,0,0.0,0,0,0,0.0,0.0,1,P0_CV0,1,0,2,0,2
1,2540470.832,712452.2021,Age0_F1_m1f1_P1_Y0_UO101,R1_F1_m-1f-1_P1_Y-1_U147,R1_F1_m-1f-1_P1_Y-1_U24,MXY,0,31.028997987985097,0,0,0.0,0,0,0,0.0,0.0,1,P0_CV0,1,0,2,2,0
1,2540470.832,712452.2021,Age0_F1_m1f1_P1_Y0_UO184,R1_F1_m-1f-1_P1_Y-1_U74,R1_F1_m-1f-1_P1_Y-1_U88,MXY,0,31.028997987985097,0,0,0.0,0,0,0,0.0,0.5,1,P0_CV0,1,2,0,1,1
1,2540470.832,712452.2021,Age0_F1_m1f1_P1_Y0_UO185,R1_F1_m-1f-1_P1_Y-1_U74,R1_F1_m-1f-1_P1_Y-1_U88,MXY,0,31.028997987985097,0,0,0.0,0,0,0,0.0,0.5,1,P0_CV0,1,1,1,1,1
1,2540470.832,712452.2021,Age0_F1_m1f1_P1_Y0_UO186,R1_F1_m-1f-1_P1_Y-1_U135,R1_F1_m-1f-1_P1_Y-1_U104,MXY,0,31.028997987985097,0,0,0.0,0,0,0,0.0,0.5,1,P0_CV0,1,2,0,0,2
1,2540470.832,712452.2021,Age0_F1_m1f1_P1_Y0_UO187,R1_F1_m-1f-1_P1_Y-1_U135,R1_F1_m-1f-1_P1_Y-1_U104,FXX,0,31.028997987985097,0,0,0.0,0,0,0,0.0,0.5,1,P0_CV0,1,1,1,2,0
1,2540470.832,712452.2021,Age0_F1_m1f1_P1_Y0_UO188,R1_F1_m-1f-1_P1_Y-1_U135,R1_F1_m-1f-1_P1_Y-1_U104,MXY,0,31.028997987985097,0,0,0.0,0,0,0,0.0,0.5,1,P0_CV0,1,1,1,1,1
1,2540470.832,712452.2021,Age0_F1_m1f1_P1_Y0_UO189,R1_F1_m-1f-1_P1_Y-1_U135,R1_F1_m-1f-1_P1_Y-1_U104,FXX,0,31.028997987985097,0,0,0.0,0,0,0,0.0,0.5,1,P0_CV0,1,2,0,2,0
1,2540470.832,712452.2021,Age0_F1_m1f1_P1_Y0_UO190,R1_F1_m-1f-1_P1_Y-1_U135,R1_F1_m-1f-1_P1_Y-1_U104,FXX,0,31.028997987985097,0,0,0.0,0,0,0,0.0,0.5,1,P0_CV0,1,0,2,2,0
1,2540470.832,712452.2021,Age0_F1_m1f1_P1_Y0_UO191,R1_F1_m-1f-1_P1_Y-1_U135,R1_F1_m-1f-1_P1_Y-1_U104,MXY,0,31.028997987985097,0,0,0.0,0,0,0,0.0,0.5,1,P0_CV0,1,0,2,0,2
1,2540470.832,712452.2021,Age0_F1_m1f1_P1_Y0_UO238,R1_F1_m-1f-1_P1_Y-1_U29,R1_F1_m-1f-1_P1_Y-1_U5,FXX,0,31.028997987985097,0,0,0.0,0,0,0,0.0,0.25,1,P0_CV0,1,0,2,2,0
1,2540470.832,712452.2021,Age0_F1_m1f1_P1_Y0_UO239,R1_F1_m-1f-1_P1_Y-1_U29,R1_F1_m-1f-1_P1_Y-1_U5,MXY,0,31.028997987985097,0,0,0.0,0,0,0,0.0,0.25,1,P0_CV0,1,2,0,0,2
1,2540470.832,712452.2021,Age0_F1_m1f1_P1_Y0_UO240,R1_F1_m-1f-1_P1_Y-1_U29,R1_F1_m-1f-1_P1_Y-1_U5,MXY,0,31.028997987985097,0,0,0.0,0,0,0,0.0,0.25,1,P0_CV0,1,1,1,0,2
1,2540470.832,712452.2021,Age0_F1_m1f1_P1_Y0_UO259,R1_F1_m-1f-1_P1_Y-1_U74,R1_F1_m-1f-1_P1_Y-1_U104,FXX,0,31.028997987985097,0,0,0.0,0,0,0,0.0,0.25,1,P0_CV0,1,2,0,1,1
1,2540470.832,712452.2021,Age0_F1_m1f1_P1_Y0_UO284,R1_F1_m-1f-1_P1_Y-1_U69,R1_F1_m-1f-1_P1_Y-1_U117,FXX,0,31.028997987985097,0,0,0.0,0,0,0,0.0,0.0,1,P0_CV0,1,2,0,1,1
1,2540470.832,712452.2021,Age0_F1_m1f1_P1_Y0_UO285,R1_F1_m-1f-1_P1_Y-1_U69,R1_F1_m-1f-1_P1_Y-1_U117,MXY,0,31.028997987985097,0,0,0.0,0,0,0,0.0,0.0,1,P0_CV0,1,0,2,1,1
1,2540470.832,712452.2021,Age0_F1_m1f1_P1_Y0_UO286,R1_F1_m-1f-1_P1_Y-1_U69,R1_F1_m-1f-1_P1_Y-1_U117,MXY,0,31.028997987985097,0,0,0.0,0,0,0,0.0,0.0,1,P0_CV0,1,1,1,1,1
1,2540470.832,712452.2021,Age0_F1_m1f1_P1_Y0_UO287,R1_F1_m-1f-1_P1_Y-1_U69,R1_F1_m-1f-1_P1_Y-1_U117,FXX,0,31.028997987985097,0,0,0.0,0,0,0,0.0,0.0,1,P0_CV0,1,2,0,0,2
1,2540470.832,712452.2021,Age0_F1_m1f1_P1_Y0_UO288,R1_F1_m-1f-1_P1_Y-1_U69,R1_F1_m-1f-1_P1_Y-1_U117,FXX,0,31.028997987985097,0,0,0.0,0,0,0,0.0,0.0,1,P0_CV0,1,1,1,1,1
1,2540470.832,712452.2021,Age0_F1_m1f1_P1_Y0_UO322,R1_F1_m-1f-1_P1_Y-1_U135,R1_F1_m-1f-1_P1_Y-1_U17,MXY,0,31.028997987985097,0,0,0.0,0,0,0,0.0,0.5,1,P0_CV0,1,1,1,1,1
1,2540470.832,712452.2021,Age0_F1_m1f1_P1_Y0_UO323,R1_F1_m-1f-1_P1_Y-1_U135,R1_F1_m-1f-1_P1_Y-1_U17,MXY,0,31.028997987985097,0,0,0.0,0,0,0,0.0,0.5,1,P0_CV0,1,1,1,1,1
1,2540470.832,712452.2021,Age0_F1_m1f1_P1_Y0_UO324,R1_F1_m-1f-1_P1_Y-1_U135,R1_F1_m-1f-1_P1_Y-1_U17,FXX,0,31.028997987985097,0,0,0.0,0,0,0,0.0,0.5,1,P0_CV0,1,1,1,0,2
1,2540470.832,712452.2021,Age0_F1_m1f1_P1_Y0_UO325,R1_F1_m-1f-1_P1_Y-1_U135,R1_F1_m-1f-1_P1_Y-1_U17,FXX,0,31.028997987985097,0,0,0.0,0,0,0,0.0,0.5,1,P0_CV0,1,1,1,1,1
1,2540470.832,712452.2021,Age0_F1_m1f1_P1_Y0_UO326,R1_F1_m-1f-1_P1_Y-1_U135,R1_F1_m-1f-1_P1_Y-1_U17,MXY,0,31.028997987985097,0,0,0.0,0,0,0,0.0,0.5,1,P0_CV0,1,1,1,1,1
1,2540470.832,712452.2021,Age0_F1_m1f1_P1_Y0_UO327,R1_F1_m-1f-1_P1_Y-1_U135,R1_F1_m-1f-1_P1_Y-1_U17,MXY,0,31.028997987985097,0,0,0.0,0,0,0,0.0,0.5,1,P0_CV0,1,0,2,0,2
1,2540470.832,712452.2021,Age0_F1_m1f1_P1_Y0_UO328,R1_F1_m-1f-1_P1_Y-1_U135,R1_F1_m-1f-1_P1_Y-1_U17,MXY,0,31.028997987985097,0,0,0.0,0,0,0,0.0,0.5,1,P0_CV0,1,1,1,1,1
1,2540470.832,712452.2021,Age0_F1_m1f1_P1_Y0_UO329,R1_F1_m-1f-1_P1_Y-1_U135,R1_F1_m-1f-1_P1_Y-1_U17,MXY,0,31.028997987985097,0,0,0.0,0,0,0,0.0,0.5,1,P0_CV0,1,2,0,1,1
1,2540470.832,712452.2021,Age0_F1_m1f1_P1_Y0_UO345,R1_F1_m-1f-1_P1_Y-1_U15,R1_F1_m-1f-1_P1_Y-1_U112,FXX,0,31.028997987985097,0,0,0.0,0,0,0,0.0,0.0,1,P0_CV0,1,2,0,2,0
1,2540470.832,712452.2021,Age0_F1_m1f1_P1_Y0_UO346,R1_F1_m-1f-1_P1_Y-1_U15,R1_F1_m-1f-1_P1_Y-1_U112,FXX,0,31.028997987985097,0,0,0.0,0,0,0,0.0,0.0,1,P0_CV0,1,1,1,1,1
1,2540470.832,712452.2021,Age0_F1_m1f1_P1_Y0_UO347,R1_F1_m-1f-1_P1_Y-1_U15,R1_F1_m-1f-1_P1_Y-1_U112,MXY,0,31.028997987985097,0,0,0.0,0,0,0,0.0,0.0,1,P0_CV0,1,2,0,1,1
1,2540470.832,712452.2021,Age0_F1_m1f1_P1_Y0_UO348,R1_F1_m-1f-1_P1_Y-1_U15,R1_F1_m-1f-1_P1_Y-1_U112,MXY,0,31.028997987985097,0,0,0.0,0,0,0,0.0,0.0,1,P0_CV0,1,2,0,0,2
1,2540470.832,712452.2021,Age0_F1_m1f1_P1_Y0_UO384,R1_F1_m-1f-1_P1_Y-1_U79,R1_F1_m-1f-1_P1_Y-1_U36,MXY,0,31.028997987985097,0,0,0.0,0,0,0,0.0,0.0,1,P0_CV0,1,1,1,0,2
1,2540470.832,712452.2021,Age0_F1_m1f1_P1_Y0_UO385,R1_F1_m-1f-1_P1_Y-1_U79,R1_F1_m-1f-1_P1_Y-1_U36,MXY,0,31.028997987985097,0,0,0.0,0,0,0,0.0,0.0,1,P0_CV0,1,0,2,2,0
1,2540470.832,712452.2021,Age0_F1_m1f1_P1_Y0_UO386,R1_F1_m-1f-1_P1_Y-1_U79,R1_F1_m-1f-1_P1_Y-1_U36,MXY,0,31.028997987985097,0,0,0.0,0,0,0,0.0,0.0,1,P0_CV0,1,0,2,2,0
1,2540470.832,712452.2021,Age0_F1_m1f1_P1_Y0_UO387,R1_F1_m-1f-1_P1_Y-1_U79,R1_F1_m-1f-1_P1_Y-1_U36,FXX,0,31.028997987985097,0,0,0.0,0,0,0,0.0,0.0,1,P0_CV0,1,2,0,2,0
1,2540470.832,712452.2021,Age0_F1_m1f1_P1_Y0_UO388,R1_F1_m-1f-1_P1_Y-1_U79,R1_F1_m-1f-1_P1_Y-1_U36,MXY,0,31.028997987985097,0,0,0.0,0,0,0,0.0,0.0,1,P0_CV0,1,0,2,0,2
1,2540470.832,712452.2021,Age0_F1_m1f1_P1_Y0_UO389,R1_F1_m-1f-1_P1_Y-1_U79,R1_F1_m-1f-1_P1_Y-1_U36,FXX,0,31.028997987985097,0,0,0.0,0,0,0,0.0,0.0,1,P0_CV0,1,2,0,2,0
1,2540470.832,712452.2021,Age0_F1_m1f1_P1_Y0_UO390,R1_F1_m-1f-1_P1_Y-1_U79,R1_F1_m-1f-1_P1_Y-1_U36,MXY,0,31.028997987985097,0,0,0.0,0,0,0,0.0,0.0,1,P0_CV0,1,1,1,2,0
1,2540470.832,712452.2021,Age0_F1_m1f1_P1_Y0_UO391,R1_F1_m-1f-1_P1_Y-1_U79,R1_F1_m-1f-1_P1_Y-1_U36,MXY,0,31.028997987985097,0,0,0.0,0,0,0,0.0,0.0,1,P0_CV0,1,1,1,1,1
1,2540470.832,712452.2021,Age0_F1_m1f1_P1_Y0_UO430,R1_F1_m-1f-1_P1_Y-1_U90,R1_F1_m-1f-1_P1_Y-1_U88,MXY,0,31.028997987985097,0,0,0.0,0,0,0,0.0,0.5,1,P0_CV0,1,1,1,1,1
1,2540470.832,712452.2021,Age0_F1_m1f1_P1_Y0_UO431,R1_F1_m-1f-1_P1_Y-1_U90,R1_F1_m-1f-1_P1_Y-1_U88,FXX,0,31.028997987985097,0,0,0.0,0,0,0,0.0,0.5,1,P0_CV0,1,0,2,1,1
1,2540470.832,712452.2021,Age0_F1_m1f1_P1_Y0_UO432,R1_F1_m-1f-1_P1_Y-1_U90,R1_F1_m-1f-1_P1_Y-1_U88,FXX,0,31.028997987985097,0,0,0.0,0,0,0,0.0,0.5,1,P0_CV0,1,2,0,2,0
1,2540470.832,712452.2021,Age0_F1_m1f1_P1_Y0_UO433,R1_F1_m-1f-1_P1_Y-1_U90,R1_F1_m-1f-1_P1_Y-1_U88,MXY,0,31.028997987985097,0,0,0.0,0,0,0,0.0,0.5,1,P0_CV0,1,1,1,0,2
1,2540470.832,712452.2021,Age0_F1_m1f1_P1_Y0_UO434,R1_F1_m-1f-1_P1_Y-1_U90,R1_F1_m-1f-1_P1_Y-1_U88,MXY,0,31.028997987985097,0,0,0.0,0,0,0,0.0,0.5,1,P0_CV0,1,2,0,1,1
1,2540470.832,712452.2021,Age0_F1_m1f1_P1_Y0_UO435,R1_F1_m-1f-1_P1_Y-1_U90,R1_F1_m-1f-1_P1_Y-1_U88,FXX,0,31.028997987985097,0,0,0.0,0,0,0,0.0,0.5,1,P0_CV0,1,2,0,0,2
1,2540470.832,712452.2021,Age0_F1_m1f1_P1_Y0_UO453,R1_F1_m-1f-1_P1_Y-1_U41,R1_F1_m-1f-1_P1_Y-1_U18,MXY,0,31.028997987985097,0,0,0.0,0,0,0,0.0,0.25,1,P0_CV0,1,0,2,0,2
1,2540470.832,712452.2021,Age0_F1_m1f1_P1_Y0_UO454,R1_F1_m-1f-1_P1_Y-1_U41,R1_F1_m-1f-1_P1_Y-1_U18,FXX,0,31.028997987985097,0,0,0.0,0,0,0,0.0,0.25,1,P0_CV0,1,1,1,0,2
1,2540470.832,712452.2021,Age0_F1_m1f1_P1_Y0_UO455,R1_F1_m-1f-1_P1_Y-1_U41,R1_F1_m-1f-1_P1_Y-1_U18,MXY,0,31.028997987985097,0,0,0.0,0,0,0,0.0,0.25,1,P0_CV0,1,0,2,1,1
1,2540470.832,712452.2021,Age0_F1_m1f1_P1_Y0_UO456,R1_F1_m-1f-1_P1_Y-1_U41,R1_F1_m-1f-1_P1_Y-1_U18,MXY,0,31.028997987985097,0,0,0.0,0,0,0,0.0,0.25,1,P0_CV0,1,0,2,1,1
1,2540470.832,712452.2021,Age0_F1_m1f1_P1_Y0_UO457,R1_F1_m-1f-1_P1_Y-1_U41,R1_F1_m-1f-1_P1_Y-1_U18,MXY,0,31.028997987985097,0,0,0.0,0,0,0,0.0,0.25,1,P0_CV0,1,1,1,2,0
1,2540470.832,712452.2021,Age0_F1_m1f1_P1_Y0_UO458,R1_F1_m-1f-1_P1_Y-1_U41,R1_F1_m-1f-1_P1_Y-1_U18,MXY,0,31.028997987985097,0,0,0.0,0,0,0,0.0,0.25,1,P0_CV0,1,2,0,0,2
1,2540470.832,712452.2021,Age0_F1_m1f1_P1_Y0_UO459,R1_F1_m-1f-1_P1_Y-1_U41,R1_F1_m-1f-1_P1_Y-1_U18,FXX,0,31.028997987985097,0,0,0.0,0,0,0,0.0,0.25,1,P0_CV0,1,0,2,1,1
1,2540470.832,712452.2021,Age0_F1_m1f1_P1_Y0_UO460,R1_F1_m-1f-1_P1_Y-1_U41,R1_F1_m-1f-1_P1_Y-1_U18,MXY,0,31.028997987985097,0,0,0.0,0,0,0,0.0,0.25,1,P0_CV0,1,2,0,1,1
1,2540470.832,712452.2021,Age0_F1_m1f1_P1_Y0_UO461,R1_F1_m-1f-1_P1_Y-1_U41,R1_F1_m-1f-1_P1_Y-1_U18,MXY,0,31.028997987985097,0,0,0.0,0,0,0,0.0,0.25,1,P0_CV0,1,2,0,1,1
1,2540470.832,712452.2021,Age0_F1_m1f1_P1_Y0_UO465,R1_F1_m-1f-1_P1_Y-1_U90,R1_F1_m-1f-1_P1_Y-1_U81,MXY,0,31.028997987985097,0,0,0.0,0,0,0,0.0,0.25,1,P0_CV0,1,1,1,1,1
1,2540470.832,712452.2021,Age0_F1_m1f1_P1_Y0_UO466,R1_F1_m-1f-1_P1_Y-1_U90,R1_F1_m-1f-1_P1_Y-1_U81,FXX,0,31.028997987985097,0,0,0.0,0,0,0,0.0,0.25,1,P0_CV0,1,1,1,1,1
1,2540470.832,712452.2021,Age0_F1_m1f1_P1_Y0_UO467,R1_F1_m-1f-1_P1_Y-1_U90,R1_F1_m-1f-1_P1_Y-1_U81,MXY,0,31.028997987985097,0,0,0.0,0,0,0,0.0,0.25,1,P0_CV0,1,2,0,2,0
1,2540470.832,712452.2021,Age0_F1_m1f1_P1_Y0_UO468,R1_F1_m-1f-1_P1_Y-1_U90,R1_F1_m-1f-1_P1_Y-1_U81,MXY,0,31.028997987985097,0,0,0.0,0,0,0,0.0,0.25,1,P0_CV0,1,0,2,1,1
1,2540470.832,712452.2021,Age0_F1_m1f1_P1_Y0_UO469,R1_F1_m-1f-1_P1_Y-1_U90,R1_F1_m-1f-1_P1_Y-1_U81,FXX,0,31.028997987985097,0,0,0.0,0,0,0,0.0,0.25,1,P0_CV0,1,1,1,1,1
1,2540470.832,712452.2021,Age0_F1_m1f1_P1_Y0_UO470,R1_F1_m-1f-1_P1_Y-1_U52,R1_F1_m-1f-1_P1_Y-1_U143,MXY,0,31.028997987985097,0,0,0.0,0,0,0,0.0,0.25,1,P0_CV0,1,2,0,1,1
1,2540470.832,712452.2021,Age0_F1_m1f1_P1_Y0_UO471,R1_F1_m-1f-1_P1_Y-1_U52,R1_F1_m-1f-1_P1_Y-1_U143,MXY,0,31.028997987985097,0,0,0.0,0,0,0,0.0,0.25,1,P0_CV0,1,1,1,1,1
1,2540470.832,712452.2021,Age0_F1_m1f1_P1_Y0_UO472,R1_F1_m-1f-1_P1_Y-1_U52,R1_F1_m-1f-1_P1_Y-1_U143,MXY,0,31.028997987985097,0,0,0.0,0,0,0,0.0,0.25,1,P0_CV0,1,2,0,1,1
1,2540470.832,712452.2021,Age0_F1_m1f1_P1_Y0_UO473,R1_F1_m-1f-1_P1_Y-1_U52,R1_F1_m-1f-1_P1_Y-1_U143,FXX,0,31.028997987985097,0,0,0.0,0,0,0,0.0,0.25,1,P0_CV0,1,2,0,2,0
1,2540470.832,712452.2021,Age0_F1_m1f1_P1_Y0_UO474,R1_F1_m-1f-1_P1_Y-1_U52,R1_F1_m-1f-1_P1_Y-1_U143,MXY,0,31.028997987985097,0,0,0.0,0,0,0,0.0,0.25,1,P0_CV0,1,1,1,0,2
1,2540470.832,712452.2021,Age0_F1_m1f1_P1_Y0_UO475,R1_F1_m-1f-1_P1_Y-1_U52,R1_F1_m-1f-1_P1_Y-1_U143,FXX,0,31.028997987985097,0,0,0.0,0,0,0,0.0,0.25,1,P0_CV0,1,1,1,2,0
1,2540470.832,712452.2021,Age0_F1_m1f1_P1_Y0_UO476,R1_F1_m-1f-1_P1_Y-1_U52,R1_F1_m-1f-1_P1_Y-1_U143,FXX,0,31.028997987985097,0,0,0.0,0,0,0,0.0,0.25,1,P0_CV0,1,0,2,2,0
1,2540470.832,712452.2021,Age0_F1_m1f1_P1_Y0_UO477,R1_F1_m-1f-1_P1_Y-1_U52,R1_F1_m-1f-1_P1_Y-1_U143,FXX,0,31.028997987985097,0,0,0.0,0,0,0,0.0,0.25,1,P0_CV0,1,1,1,1,1
1,2540470.832,712452.2021,Age0_F1_m1f1_P1_Y0_UO478,R1_F1_m-1f-1_P1_Y-1_U52,R1_F1_m-1f-1_P1_Y-1_U143,MXY,0,31.028997987985097,0,0,0.0,0,0,0,0.0,0.25,1,P0_CV0,1,2,0,1,1
1,2540470.832,712452.2021,Age0_F1_m1f1_P1_Y0_UO479,R1_F1_m-1f-1_P1_Y-1_U95,R1_F1_m-1f-1_P1_Y-1_U5,MXY,0,31.028997987985097,0,0,0.0,0,0,0,0.0,0.5,1,P0_CV0,1,2,0,1,1
1,2540470.832,712452.2021,Age0_F1_m1f1_P1_Y0_UO480,R1_F1_m-1f-1_P1_Y-1_U95,R1_F1_m-1f-1_P1_Y-1_U5,MXY,0,31.028997987985097,0,0,0.0,0,0,0,0.0,0.5,1,P0_CV0,1,1,1,2,0
1,2540470.832,712452.2021,Age0_F1_m1f1_P1_Y0_UO481,R1_F1_m-1f-1_P1_Y-1_U95,R1_F1_m-1f-1_P1_Y-1_U5,MXY,0,31.028997987985097,0,0,0.0,0,0,0,0.0,0.5,1,P0_CV0,1,1,1,1,1
1,2540470.832,712452.2021,Age0_F1_m1f1_P1_Y0_UO482,R1_F1_m-1f-1_P1_Y-1_U95,R1_F1_m-1f-1_P1_Y-1_U5,MXY,0,31.028997987985097,0,0,0.0,0,0,0,0.0,0.5,1,P0_CV0,1,2,0,1,1
1,2540470.832,712452.2021,Age0_F1_m1f1_P1_Y0_UO483,R1_F1_m-1f-1_P1_Y-1_U95,R1_F1_m-1f-1_P1_Y-1_U5,MXY,0,31.028997987985097,0,0,0.0,0,0,0,0.0,0.5,1,P0_CV0,1,2,0,0,2
1,2540470.832,712452.2021,Age0_F1_m1f1_P1_Y0_UO523,R1_F1_m-1f-1_P1_Y-1_U69,R1_F1_m-1f-1_P1_Y-1_U27,FXX,0,31.028997987985097,0,0,0.0,0,0,0,0.0,0.0,1,P0_CV0,1,2,0,1,1
1,2540470.832,712452.2021,Age0_F1_m1f1_P1_Y0_UO524,R1_F1_m-1f-1_P1_Y-1_U69,R1_F1_m-1f-1_P1_Y-1_U27,MXY,0,31.028997987985097,0,0,0.0,0,0,0,0.0,0.0,1,P0_CV0,1,2,0,1,1
1,2540470.832,712452.2021,Age0_F1_m1f1_P1_Y0_UO525,R1_F1_m-1f-1_P1_Y-1_U69,R1_F1_m-1f-1_P1_Y-1_U27,FXX,0,31.028997987985097,0,0,0.0,0,0,0,0.0,0.0,1,P0_CV0,1,0,2,0,2
1,2540470.832,712452.2021,Age0_F1_m1f1_P1_Y0_UO526,R1_F1_m-1f-1_P1_Y-1_U69,R1_F1_m-1f-1_P1_Y-1_U27,FXX,0,31.028997987985097,0,0,0.0,0,0,0,0.0,0.0,1,P0_CV0,1,2,0,0,2
1,2540470.832,712452.2021,Age0_F1_m1f1_P1_Y0_UO527,R1_F1_m-1f-1_P1_Y-1_U69,R1_F1_m-1f-1_P1_Y-1_U27,MXY,0,31.028997987985097,0,0,0.0,0,0,0,0.0,0.0,1,P0_CV0,1,1,1,0,2
1,2540470.832,712452.2021,Age0_F1_m1f1_P1_Y0_UO564,R1_F1_m-1f-1_P1_Y-1_U55,R1_F1_m-1f-1_P1_Y-1_U130,MXY,0,31.028997987985097,0,0,0.0,0,0,0,0.0,0.25,1,P0_CV0,1,1,1,1,1
1,2540470.832,712452.2021,Age0_F1_m1f1_P1_Y0_UO565,R1_F1_m-1f-1_P1_Y-1_U55,R1_F1_m-1f-1_P1_Y-1_U130,MXY,0,31.028997987985097,0,0,0.0,0,0,0,0.0,0.25,1,P0_CV0,1,1,1,1,1
1,2540470.832,712452.2021,Age0_F1_m1f1_P1_Y0_UO566,R1_F1_m-1f-1_P1_Y-1_U55,R1_F1_m-1f-1_P1_Y-1_U130,FXX,0,31.028997987985097,0,0,0.0,0,0,0,0.0,0.25,1,P0_CV0,1,0,2,1,1
1,2540470.832,712452.2021,Age0_F1_m1f1_P1_Y0_UO567,R1_F1_m-1f-1_P1_Y-1_U55,R1_F1_m-1f-1_P1_Y-1_U130,MXY,0,31.028997987985097,0,0,0.0,0,0,0,0.0,0.25,1,P0_CV0,1,0,2,1,1
1,2540470.832,712452.2021,Age0_F1_m1f1_P1_Y0_UO568,R1_F1_m-1f-1_P1_Y-1_U55,R1_F1_m-1f-1_P1_Y-1_U130,MXY,0,31.028997987985097,0,0,0.0,0,0,0,0.0,0.25,1,P0_CV0,1,1,1,0,2
1,2540470.832,712452.2021,Age0_F1_m1f1_P1_Y0_UO569,R1_F1_m-1f-1_P1_Y-1_U55,R1_F1_m-1f-1_P1_Y-1_U130,FXX,0,31.028997987985097,0,0,0.0,0,0,0,0.0,0.25,1,P0_CV0,1,1,1,0,2
1,2540470.832,712452.2021,Age0_F1_m1f1_P1_Y0_UO570,R1_F1_m-1f-1_P1_Y-1_U55,R1_F1_m-1f-1_P1_Y-1_U130,MXY,0,31.028997987985097,0,0,0.0,0,0,0,0.0,0.25,1,P0_CV0,1,1,1,1,1
1,2540470.832,712452.2021,Age0_F1_m1f1_P1_Y0_UO571,R1_F1_m-1f-1_P1_Y-1_U55,R1_F1_m-1f-1_P1_Y-1_U130,MXY,0,31.028997987985097,0,0,0.0,0,0,0,0.0,0.25,1,P0_CV0,1,2,0,2,0
1,2540470.832,712452.2021,Age0_F1_m1f1_P1_Y0_UO572,R1_F1_m-1f-1_P1_Y-1_U55,R1_F1_m-1f-1_P1_Y-1_U130,MXY,0,31.028997987985097,0,0,0.0,0,0,0,0.0,0.25,1,P0_CV0,1,1,1,1,1
1,2540470.832,712452.2021,Age0_F1_m1f1_P1_Y0_UO573,R1_F1_m-1f-1_P1_Y-1_U55,R1_F1_m-1f-1_P1_Y-1_U130,FXX,0,31.028997987985097,0,0,0.0,0,0,0,0.0,0.25,1,P0_CV0,1,0,2,2,0
1,2540470.832,712452.2021,Age0_F1_m1f1_P1_Y0_UO574,R1_F1_m-1f-1_P1_Y-1_U55,R1_F1_m-1f-1_P1_Y-1_U130,FXX,0,31.028997987985097,0,0,0.0,0,0,0,0.0,0.25,1,P0_CV0,1,0,2,2,0
1,2540470.832,712452.2021,Age0_F1_m1f1_P1_Y0_UO575,R1_F1_m-1f-1_P1_Y-1_U55,R1_F1_m-1f-1_P1_Y-1_U130,MXY,0,31.028997987985097,0,0,0.0,0,0,0,0.0,0.25,1,P0_CV0,1,2,0,0,2
1,2540470.832,712452.2021,Age0_F1_m1f1_P1_Y0_UO576,R1_F1_m-1f-1_P1_Y-1_U55,R1_F1_m-1f-1_P1_Y-1_U130,MXY,0,31.028997987985097,0,0,0.0,0,0,0,0.0,0.25,1,P0_CV0,1,1,1,1,1
1,2540470.832,712452.2021,Age0_F1_m1f1_P1_Y0_UO580,R1_F1_m-1f-1_P1_Y-1_U33,R1_F1_m-1f-1_P1_Y-1_U73,FXX,0,31.028997987985097,0,0,0.0,0,0,0,0.0,0.25,1,P0_CV0,1,1,1,2,0
1,2540470.832,712452.2021,Age0_F1_m1f1_P1_Y0_UO581,R1_F1_m-1f-1_P1_Y-1_U33,R1_F1_m-1f-1_P1_Y-1_U73,FXX,0,31.028997987985097,0,0,0.0,0,0,0,0.0,0.25,1,P0_CV0,1,1,1,1,1
1,2540470.832,712452.2021,Age0_F1_m1f1_P1_Y0_UO582,R1_F1_m-1f-1_P1_Y-1_U33,R1_F1_m-1f-1_P1_Y-1_U73,MXY,0,31.028997987985097,0,0,0.0,0,0,0,0.0,0.25,1,P0_CV0,1,1,1,1,1
1,2540470.832,712452.2021,Age0_F1_m1f1_P1_Y0_UO607,R1_F1_m-1f-1_P1_Y-1_U56,R1_F1_m-1f-1_P1_Y-1_U96,MXY,0,31.028997987985097,0,0,0.0,0,0,0,0.0,0.25,1,P0_CV0,1,1,1,1,1
1,2540470.832,712452.2021,Age0_F1_m1f1_P1_Y0_UO608,R1_F1_m-1f-1_P1_Y-1_U56,R1_F1_m-1f-1_P1_Y-1_U96,MXY,0,31.028997987985097,0,0,0.0,0,0,0,0.0,0.25,1,P0_CV0,1,0,2,2,0
1,2540470.832,712452.2021,Age0_F1_m1f1_P1_Y0_UO609,R1_F1_m-1f-1_P1_Y-1_U56,R1_F1_m-1f-1_P1_Y-1_U96,FXX,0,31.028997987985097,0,0,0.0,0,0,0,0.0,0.25,1,P0_CV0,1,2,0,2,0
1,2540470.832,712452.2021,Age0_F1_m1f1_P1_Y0_UO610,R1_F1_m-1f-1_P1_Y-1_U56,R1_F1_m-1f-1_P1_Y-1_U96,MXY,0,31.028997987985097,0,0,0.0,0,0,0,0.0,0.25,1,P0_CV0,1,2,0,0,2
1,2540470.832,712452.2021,Age0_F1_m1f1_P1_Y0_UO611,R1_F1_m-1f-1_P1_Y-1_U56,R1_F1_m-1f-1_P1_Y-1_U96,MXY,0,31.028997987985097,0,0,0.0,0,0,0,0.0,0.25,1,P0_CV0,1,1,1,1,1
1,2540470.832,712452.2021,Age0_F1_m1f1_P1_Y0_UO612,R1_F1_m-1f-1_P1_Y-1_U56,R1_F1_m-1f-1_P1_Y-1_U96,FXX,0,31.028997987985097,0,0,0.0,0,0,0,0.0,0.25,1,P0_CV0,1,0,2,0,2
1,2540470.832,712452.2021,Age0_F1_m1f1_P1_Y0_UO613,R1_F1_m-1f-1_P1_Y-1_U56,R1_F1_m-1f-1_P1_Y-1_U96,FXX,0,31.028997987985097,0,0,0.0,0,0,0,0.0,0.25,1,P0_CV0,1,2,0,2,0
1,2540470.832,712452.2021,Age0_F1_m1f1_P1_Y0_UO614,R1_F1_m-1f-1_P1_Y-1_U56,R1_F1_m-1f-1_P1_Y-1_U96,FXX,0,31.028997987985097,0,0,0.0,0,0,0,0.0,0.25,1,P0_CV0,1,1,1,0,2
1,2540470.832,712452.2021,Age0_F1_m1f1_P1_Y0_UO615,R1_F1_m-1f-1_P1_Y-1_U56,R1_F1_m-1f-1_P1_Y-1_U96,FXX,0,31.028997987985097,0,0,0.0,0,0,0,0.0,0.25,1,P0_CV0,1,1,1,2,0
1,2540470.832,712452.2021,Age0_F1_m1f1_P1_Y0_UO616,R1_F1_m-1f-1_P1_Y-1_U56,R1_F1_m-1f-1_P1_Y-1_U96,MXY,0,31.028997987985097,0,0,0.0,0,0,0,0.0,0.25,1,P0_CV0,1,1,1,1,1
1,2540470.832,712452.2021,Age0_F1_m1f1_P1_Y0_UO617,R1_F1_m-1f-1_P1_Y-1_U56,R1_F1_m-1f-1_P1_Y-1_U96,FXX,0,31.028997987985097,0,0,0.0,0,0,0,0.0,0.25,1,P0_CV0,1,0,2,0,2
1,2540470.832,712452.2021,Age0_F1_m1f1_P1_Y0_UO618,R1_F1_m-1f-1_P1_Y-1_U56,R1_F1_m-1f-1_P1_Y-1_U96,MXY,0,31.028997987985097,0,0,0.0,0,0,0,0.0,0.25,1,P0_CV0,1,1,1,1,1
1,2540470.832,712452.2021,Age0_F1_m1f1_P1_Y0_UO619,R1_F1_m-1f-1_P1_Y-1_U56,R1_F1_m-1f-1_P1_Y-1_U96,MXY,0,31.028997987985097,0,0,0.0,0,0,0,0.0,0.25,1,P0_CV0,1,0,2,1,1
1,2540470.832,712452.2021,Age0_F1_m1f1_P1_Y0_UO620,R1_F1_m-1f-1_P1_Y-1_U56,R1_F1_m-1f-1_P1_Y-1_U96,FXX,0,31.028997987985097,0,0,0.0,0,0,0,0.0,0.25,1,P0_CV0,1,1,1,1,1
1,2540470.832,712452.2021,Age0_F1_m1f1_P1_Y0_UO631,R1_F1_m-1f-1_P1_Y-1_U90,R1_F1_m-1f-1_P1_Y-1_U96,MXY,0,31.028997987985097,0,0,0.0,0,0,0,0.0,0.25,1,P0_CV0,1,1,1,1,1
1,2540470.832,712452.2021,Age0_F1_m1f1_P1_Y0_UO632,R1_F1_m-1f-1_P1_Y-1_U90,R1_F1_m-1f-1_P1_Y-1_U96,MXY,0,31.028997987985097,0,0,0.0,0,0,0,0.0,0.25,1,P0_CV0,1,1,1,2,0
1,2540470.832,712452.2021,Age0_F1_m1f1_P1_Y0_UO633,R1_F1_m-1f-1_P1_Y-1_U90,R1_F1_m-1f-1_P1_Y-1_U96,FXX,0,31.028997987985097,0,0,0.0,0,0,0,0.0,0.25,1,P0_CV0,1,1,1,1,1
1,2540470.832,712452.2021,Age0_F1_m1f1_P1_Y0_UO634,R1_F1_m-1f-1_P1_Y-1_U90,R1_F1_m-1f-1_P1_Y-1_U96,MXY,0,31.028997987985097,0,0,0.0,0,0,0,0.0,0.25,1,P0_CV0,1,2,0,1,1
1,2540470.832,712452.2021,Age0_F1_m1f1_P1_Y0_UO635,R1_F1_m-1f-1_P1_Y-1_U90,R1_F1_m-1f-1_P1_Y-1_U96,FXX,0,31.028997987985097,0,0,0.0,0,0,0,0.0,0.25,1,P0_CV0,1,2,0,1,1
1,2540470.832,712452.2021,Age0_F1_m1f1_P1_Y0_UO636,R1_F1_m-1f-1_P1_Y-1_U90,R1_F1_m-1f-1_P1_Y-1_U96,FXX,0,31.028997987985097,0,0,0.0,0,0,0,0.0,0.25,1,P0_CV0,1,2,0,1,1
1,2540470.832,712452.2021,Age0_F1_m1f1_P1_Y0_UO637,R1_F1_m-1f-1_P1_Y-1_U90,R1_F1_m-1f-1_P1_Y-1_U96,FXX,0,31.028997987985097,0,0,0.0,0,0,0,0.0,0.25,1,P0_CV0,1,1,1,1,1
1,2540470.832,712452.2021,Age0_F1_m1f1_P1_Y0_UO648,R1_F1_m-1f-1_P1_Y-1_U74,R1_F1_m-1f-1_P1_Y-1_U94,MXY,0,31.028997987985097,0,0,0.0,0,0,0,0.0,0.25,1,P0_CV0,1,1,1,2,0
1,2540470.832,712452.2021,Age0_F1_m1f1_P1_Y0_UO649,R1_F1_m-1f-1_P1_Y-1_U74,R1_F1_m-1f-1_P1_Y-1_U94,FXX,0,31.028997987985097,0,0,0.0,0,0,0,0.0,0.25,1,P0_CV0,1,0,2,2,0
1,2540470.832,712452.2021,Age0_F1_m1f1_P1_Y0_UO650,R1_F1_m-1f-1_P1_Y-1_U74,R1_F1_m-1f-1_P1_Y-1_U94,MXY,0,31.028997987985097,0,0,0.0,0,0,0,0.0,0.25,1,P0_CV0,1,2,0,1,1
1,2540470.832,712452.2021,Age0_F1_m1f1_P1_Y0_UO651,R1_F1_m-1f-1_P1_Y-1_U74,R1_F1_m-1f-1_P1_Y-1_U94,MXY,0,31.028997987985097,0,0,0.0,0,0,0,0.0,0.25,1,P0_CV0,1,2,0,1,1
1,2540470.832,712452.2021,Age0_F1_m1f1_P1_Y0_UO652,R1_F1_m-1f-1_P1_Y-1_U74,R1_F1_m-1f-1_P1_Y-1_U94,MXY,0,31.028997987985097,0,0,0.0,0,0,0,0.0,0.25,1,P0_CV0,1,1,1,0,2
1,2540470.832,712452.2021,Age0_F1_m1f1_P1_Y0_UO653,R1_F1_m-1f-1_P1_Y-1_U74,R1_F1_m-1f-1_P1_Y-1_U94,MXY,0,31.028997987985097,0,0,0.0,0,0,0,0.0,0.25,1,P0_CV0,1,2,0,0,2
1,2540470.832,712452.2021,Age0_F1_m1f1_P1_Y0_UO753,R1_F1_m-1f-1_P1_Y-1_U74,R1_F1_m-1f-1_P1_Y-1_U5,MXY,0,31.028997987985097,0,0,0.0,0,0,0,0.0,0.25,1,P0_CV0,1,2,0,2,0
1,2540470.832,712452.2021,Age0_F1_m1f1_P1_Y0_UO754,R1_F1_m-1f-1_P1_Y-1_U74,R1_F1_m-1f-1_P1_Y-1_U5,FXX,0,31.028997987985097,0,0,0.0,0,0,0,0.0,0.25,1,P0_CV0,1,2,0,2,0
1,2540470.832,712452.2021,Age0_F1_m1f1_P1_Y0_UO755,R1_F1_m-1f-1_P1_Y-1_U74,R1_F1_m-1f-1_P1_Y-1_U5,MXY,0,31.028997987985097,0,0,0.0,0,0,0,0.0,0.25,1,P0_CV0,1,0,2,2,0
1,2540470.832,712452.2021,Age0_F1_m1f1_P1_Y0_UO756,R1_F1_m-1f-1_P1_Y-1_U74,R1_F1_m-1f-1_P1_Y-1_U5,FXX,0,31.028997987985097,0,0,0.0,0,0,0,0.0,0.25,1,P0_CV0,1,2,0,1,1
1,2540470.832,712452.2021,Age0_F1_m1f1_P1_Y0_UO757,R1_F1_m-1f-1_P1_Y-1_U74,R1_F1_m-1f-1_P1_Y-1_U5,FXX,0,31.028997987985097,0,0,0.0,0,0,0,0.0,0.25,1,P0_CV0,1,2,0,1,1
1,2540470.832,712452.2021,Age0_F1_m1f1_P1_Y0_UO774,R1_F1_m-1f-1_P1_Y-1_U52,R1_F1_m-1f-1_P1_Y-1_U87,FXX,0,31.028997987985097,0,0,0.0,0,0,0,0.0,0.25,1,P0_CV0,1,1,1,1,1
1,2540470.832,712452.2021,Age0_F1_m1f1_P1_Y0_UO775,R1_F1_m-1f-1_P1_Y-1_U52,R1_F1_m-1f-1_P1_Y-1_U87,FXX,0,31.028997987985097,0,0,0.0,0,0,0,0.0,0.25,1,P0_CV0,1,1,1,1,1
1,2540470.832,712452.2021,Age0_F1_m1f1_P1_Y0_UO776,R1_F1_m-1f-1_P1_Y-1_U52,R1_F1_m-1f-1_P1_Y-1_U87,FXX,0,31.028997987985097,0,0,0.0,0,0,0,0.0,0.25,1,P0_CV0,1,2,0,0,2
1,2540470.832,712452.2021,Age0_F1_m1f1_P1_Y0_UO777,R1_F1_m-1f-1_P1_Y-1_U52,R1_F1_m-1f-1_P1_Y-1_U87,FXX,0,31.028997987985097,0,0,0.0,0,0,0,0.0,0.25,1,P0_CV0,1,0,2,2,0
1,2540470.832,712452.2021,Age0_F1_m1f1_P1_Y0_UO778,R1_F1_m-1f-1_P1_Y-1_U95,R1_F1_m-1f-1_P1_Y-1_U18,FXX,0,31.028997987985097,0,0,0.0,0,0,0,0.0,0.25,1,P0_CV0,1,1,1,1,1
1,2540470.832,712452.2021,Age0_F1_m1f1_P1_Y0_UO779,R1_F1_m-1f-1_P1_Y-1_U95,R1_F1_m-1f-1_P1_Y-1_U18,MXY,0,31.028997987985097,0,0,0.0,0,0,0,0.0,0.25,1,P0_CV0,1,1,1,0,2
1,2540470.832,712452.2021,Age0_F1_m1f1_P1_Y0_UO780,R1_F1_m-1f-1_P1_Y-1_U95,R1_F1_m-1f-1_P1_Y-1_U18,FXX,0,31.028997987985097,0,0,0.0,0,0,0,0.0,0.25,1,P0_CV0,1,1,1,0,2
1,2540470.832,712452.2021,Age0_F1_m1f1_P1_Y0_UO781,R1_F1_m-1f-1_P1_Y-1_U95,R1_F1_m-1f-1_P1_Y-1_U18,FXX,0,31.028997987985097,0,0,0.0,0,0,0,0.0,0.25,1,P0_CV0,1,2,0,1,1
1,2540470.832,712452.2021,Age0_F1_m1f1_P1_Y0_UO782,R1_F1_m-1f-1_P1_Y-1_U42,R1_F1_m-1f-1_P1_Y-1_U11,MXY,0,31.028997987985097,0,0,0.0,0,0,0,0.0,0.0,1,P0_CV0,1,1,1,0,2
1,2540470.832,712452.2021,Age0_F1_m1f1_P1_Y0_UO783,R1_F1_m-1f-1_P1_Y-1_U42,R1_F1_m-1f-1_P1_Y-1_U11,FXX,0,31.028997987985097,0,0,0.0,0,0,0,0.0,0.0,1,P0_CV0,1,1,1,2,0
1,2540470.832,712452.2021,Age0_F1_m1f1_P1_Y0_UO784,R1_F1_m-1f-1_P1_Y-1_U42,R1_F1_m-1f-1_P1_Y-1_U11,MXY,0,31.028997987985097,0,0,0.0,0,0,0,0.0,0.0,1,P0_CV0,1,0,2,1,1
1,2540470.832,712452.2021,Age0_F1_m1f1_P1_Y0_UO785,R1_F1_m-1f-1_P1_Y-1_U42,R1_F1_m-1f-1_P1_Y-1_U11,FXX,0,31.028997987985097,0,0,0.0,0,0,0,0.0,0.0,1,P0_CV0,1,1,1,1,1
1,2540470.832,712452.2021,Age0_F1_m1f1_P1_Y0_UO801,R1_F1_m-1f-1_P1_Y-1_U55,R1_F1_m-1f-1_P1_Y-1_U5,FXX,0,31.028997987985097,0,0,0.0,0,0,0,0.0,0.25,1,P0_CV0,1,0,2,1,1
1,2540470.832,712452.2021,Age0_F1_m1f1_P1_Y0_UO802,R1_F1_m-1f-1_P1_Y-1_U55,R1_F1_m-1f-1_P1_Y-1_U5,MXY,0,31.028997987985097,0,0,0.0,0,0,0,0.0,0.25,1,P0_CV0,1,2,0,0,2
1,2540470.832,712452.2021,Age0_F1_m1f1_P1_Y0_UO803,R1_F1_m-1f-1_P1_Y-1_U55,R1_F1_m-1f-1_P1_Y-1_U5,FXX,0,31.028997987985097,0,0,0.0,0,0,0,0.0,0.25,1,P0_CV0,1,1,1,1,1
1,2540470.832,712452.2021,Age0_F1_m1f1_P1_Y0_UO804,R1_F1_m-1f-1_P1_Y-1_U55,R1_F1_m-1f-1_P1_Y-1_U5,MXY,0,31.028997987985097,0,0,0.0,0,0,0,0.0,0.25,1,P0_CV0,1,1,1,2,0
1,2540470.832,712452.2021,Age0_F1_m1f1_P1_Y0_UO805,R1_F1_m-1f-1_P1_Y-1_U55,R1_F1_m-1f-1_P1_Y-1_U5,FXX,0,31.028997987985097,0,0,0.0,0,0,0,0.0,0.25,1,P0_CV0,1,1,1,1,1
1,2540470.832,712452.2021,Age0_F1_m1f1_P1_Y0_UO806,R1_F1_m-1f-1_P1_Y-1_U55,R1_F1_m-1f-1_P1_Y-1_U5,MXY,0,31.028997987985097,0,0,0.0,0,0,0,0.0,0.25,1,P0_CV0,1,2,0,1,1
1,2540470.832,712452.2021,Age0_F1_m1f1_P1_Y0_UO807,R1_F1_m-1f-1_P1_Y-1_U55,R1_F1_m-1f-1_P1_Y-1_U5,MXY,0,31.028997987985097,0,0,0.0,0,0,0,0.0,0.25,1,P0_CV0,1,1,1,1,1
1,2540470.832,712452.2021,Age0_F1_m1f1_P1_Y0_UO808,R1_F1_m-1f-1_P1_Y-1_U55,R1_F1_m-1f-1_P1_Y-1_U5,MXY,0,31.028997987985097,0,0,0.0,0,0,0,0.0,0.25,1,P0_CV0,1,1,1,2,0
1,2540470.832,712452.2021,Age0_F1_m1f1_P1_Y0_UO809,R1_F1_m-1f-1_P1_Y-1_U55,R1_F1_m-1f-1_P1_Y-1_U5,MXY,0,31.028997987985097,0,0,0.0,0,0,0,0.0,0.25,1,P0_CV0,1,1,1,0,2
1,2540470.832,712452.2021,Age0_F1_m1f1_P1_Y0_UO810,R1_F1_m-1f-1_P1_Y-1_U55,R1_F1_m-1f-1_P1_Y-1_U5,MXY,0,31.028997987985097,0,0,0.0,0,0,0,0.0,0.25,1,P0_CV0,1,1,1,2,0
1,2540470.832,712452.2021,Age0_F1_m1f1_P1_Y0_UO811,R1_F1_m-1f-1_P1_Y-1_U55,R1_F1_m-1f-1_P1_Y-1_U5,MXY,0,31.028997987985097,0,0,0.0,0,0,0,0.0,0.25,1,P0_CV0,1,1,1,1,1
1,2540470.832,712452.2021,Age0_F1_m1f1_P1_Y0_UO830,R1_F1_m-1f-1_P1_Y-1_U95,R1_F1_m-1f-1_P1_Y-1_U68,MXY,0,31.028997987985097,0,0,0.0,0,0,0,0.0,0.5,1,P0_CV0,1,2,0,2,0
1,2540470.832,712452.2021,Age0_F1_m1f1_P1_Y0_UO831,R1_F1_m-1f-1_P1_Y-1_U95,R1_F1_m-1f-1_P1_Y-1_U68,FXX,0,31.028997987985097,0,0,0.0,0,0,0,0.0,0.5,1,P0_CV0,1,0,2,1,1
1,2540470.832,712452.2021,Age0_F1_m1f1_P1_Y0_UO832,R1_F1_m-1f-1_P1_Y-1_U95,R1_F1_m-1f-1_P1_Y-1_U68,MXY,0,31.028997987985097,0,0,0.0,0,0,0,0.0,0.5,1,P0_CV0,1,0,2,1,1
1,2540470.832,712452.2021,Age0_F1_m1f1_P1_Y0_UO833,R1_F1_m-1f-1_P1_Y-1_U95,R1_F1_m-1f-1_P1_Y-1_U68,FXX,0,31.028997987985097,0,0,0.0,0,0,0,0.0,0.5,1,P0_CV0,1,1,1,1,1
1,2540470.832,712452.2021,Age0_F1_m1f1_P1_Y0_UO834,R1_F1_m-1f-1_P1_Y-1_U95,R1_F1_m-1f-1_P1_Y-1_U68,FXX,0,31.028997987985097,0,0,0.0,0,0,0,0.0,0.5,1,P0_CV0,1,2,0,0,2
1,2540470.832,712452.2021,Age0_F1_m1f1_P1_Y0_UO866,R1_F1_m-1f-1_P1_Y-1_U74,R1_F1_m-1f-1_P1_Y-1_U124,FXX,0,31.028997987985097,0,0,0.0,0,0,0,0.0,0.25,1,P0_CV0,1,1,1,0,2
1,2540470.832,712452.2021,Age0_F1_m1f1_P1_Y0_UO867,R1_F1_m-1f-1_P1_Y-1_U74,R1_F1_m-1f-1_P1_Y-1_U124,FXX,0,31.028997987985097,0,0,0.0,0,0,0,0.0,0.25,1,P0_CV0,1,1,1,2,0
1,2540470.832,712452.2021,Age0_F1_m1f1_P1_Y0_UO868,R1_F1_m-1f-1_P1_Y-1_U74,R1_F1_m-1f-1_P1_Y-1_U124,MXY,0,31.028997987985097,0,0,0.0,0,0,0,0.0,0.25,1,P0_CV0,1,1,1,2,0
1,2540470.832,712452.2021,Age0_F1_m1f1_P1_Y0_UO869,R1_F1_m-1f-1_P1_Y-1_U31,R1_F1_m-1f-1_P1_Y-1_U73,FXX,0,31.028997987985097,0,0,0.0,0,0,0,0.0,0.0,1,P0_CV0,1,1,1,1,1
1,2540470.832,712452.2021,Age0_F1_m1f1_P1_Y0_UO870,R1_F1_m-1f-1_P1_Y-1_U31,R1_F1_m-1f-1_P1_Y-1_U73,MXY,0,31.028997987985097,0,0,0.0,0,0,0,0.0,0.0,1,P0_CV0,1,2,0,1,1
1,2540470.832,712452.2021,Age0_F1_m1f1_P1_Y0_UO871,R1_F1_m-1f-1_P1_Y-1_U69,R1_F1_m-1f-1_P1_Y-1_U17,FXX,0,31.028997987985097,0,0,0.0,0,0,0,0.0,0.25,1,P0_CV0,1,1,1,1,1
1,2540470.832,712452.2021,Age0_F1_m1f1_P1_Y0_UO872,R1_F1_m-1f-1_P1_Y-1_U69,R1_F1_m-1f-1_P1_Y-1_U17,MXY,0,31.028997987985097,0,0,0.0,0,0,0,0.0,0.25,1,P0_CV0,1,1,1,0,2
1,2540470.832,712452.2021,Age0_F1_m1f1_P1_Y0_UO873,R1_F1_m-1f-1_P1_Y-1_U69,R1_F1_m-1f-1_P1_Y-1_U17,MXY,0,31.028997987985097,0,0,0.0,0,0,0,0.0,0.25,1,P0_CV0,1,1,1,1,1
1,2540470.832,712452.2021,Age0_F1_m1f1_P1_Y0_UO874,R1_F1_m-1f-1_P1_Y-1_U69,R1_F1_m-1f-1_P1_Y-1_U17,MXY,0,31.028997987985097,0,0,0.0,0,0,0,0.0,0.25,1,P0_CV0,1,1,1,1,1
1,2540470.832,712452.2021,Age0_F1_m1f1_P1_Y0_UO875,R1_F1_m-1f-1_P1_Y-1_U69,R1_F1_m-1f-1_P1_Y-1_U17,FXX,0,31.028997987985097,0,0,0.0,0,0,0,0.0,0.25,1,P0_CV0,1,0,2,2,0
1,2540470.832,712452.2021,Age0_F1_m1f1_P1_Y0_UO918,R1_F1_m-1f-1_P1_Y-1_U52,R1_F1_m-1f-1_P1_Y-1_U20,MXY,0,31.028997987985097,0,0,0.0,0,0,0,0.0,0.25,1,P0_CV0,1,2,0,2,0
1,2540470.832,712452.2021,Age0_F1_m1f1_P1_Y0_UO919,R1_F1_m-1f-1_P1_Y-1_U52,R1_F1_m-1f-1_P1_Y-1_U20,FXX,0,31.028997987985097,0,0,0.0,0,0,0,0.0,0.25,1,P0_CV0,1,2,0,1,1
1,2540470.832,712452.2021,Age0_F1_m1f1_P1_Y0_UO920,R1_F1_m-1f-1_P1_Y-1_U52,R1_F1_m-1f-1_P1_Y-1_U20,FXX,0,31.028997987985097,0,0,0.0,0,0,0,0.0,0.25,1,P0_CV0,1,0,2,0,2
1,2540470.832,712452.2021,Age0_F1_m1f1_P1_Y0_UO921,R1_F1_m-1f-1_P1_Y-1_U52,R1_F1_m-1f-1_P1_Y-1_U20,MXY,0,31.028997987985097,0,0,0.0,0,0,0,0.0,0.25,1,P0_CV0,1,0,2,2,0
1,2540470.832,712452.2021,Age0_F1_m1f1_P1_Y0_UO922,R1_F1_m-1f-1_P1_Y-1_U52,R1_F1_m-1f-1_P1_Y-1_U20,FXX,0,31.028997987985097,0,0,0.0,0,0,0,0.0,0.25,1,P0_CV0,1,2,0,1,1
1,2540470.832,712452.2021,Age0_F1_m1f1_P1_Y0_UO923,R1_F1_m-1f-1_P1_Y-1_U80,R1_F1_m-1f-1_P1_Y-1_U24,FXX,0,31.028997987985097,0,0,0.0,0,0,0,0.0,0.5,1,P0_CV0,1,1,1,2,0
1,2540470.832,712452.2021,Age0_F1_m1f1_P1_Y0_UO924,R1_F1_m-1f-1_P1_Y-1_U80,R1_F1_m-1f-1_P1_Y-1_U24,MXY,0,31.028997987985097,0,0,0.0,0,0,0,0.0,0.5,1,P0_CV0,1,0,2,1,1
1,2540470.832,712452.2021,Age0_F1_m1f1_P1_Y0_UO925,R1_F1_m-1f-1_P1_Y-1_U80,R1_F1_m-1f-1_P1_Y-1_U24,FXX,0,31.028997987985097,0,0,0.0,0,0,0,0.0,0.5,1,P0_CV0,1,0,2,2,0
1,2540470.832,712452.2021,Age0_F1_m1f1_P1_Y0_UO926,R1_F1_m-1f-1_P1_Y-1_U80,R1_F1_m-1f-1_P1_Y-1_U24,FXX,0,31.028997987985097,0,0,0.0,0,0,0,0.0,0.5,1,P0_CV0,1,1,1,0,2
1,2540470.832,712452.2021,Age0_F1_m1f1_P1_Y0_UO927,R1_F1_m-1f-1_P1_Y-1_U80,R1_F1_m-1f-1_P1_Y-1_U24,FXX,0,31.028997987985097,0,0,0.0,0,0,0,0.0,0.5,1,P0_CV0,1,1,1,1,1
1,2540470.832,712452.2021,Age0_F1_m1f1_P1_Y0_UO928,R1_F1_m-1f-1_P1_Y-1_U80,R1_F1_m-1f-1_P1_Y-1_U24,FXX,0,31.028997987985097,0,0,0.0,0,0,0,0.0,0.5,1,P0_CV0,1,2,0,1,1
1,2540470.832,712452.2021,Age0_F1_m1f1_P1_Y0_UO929,R1_F1_m-1f-1_P1_Y-1_U80,R1_F1_m-1f-1_P1_Y-1_U24,MXY,0,31.028997987985097,0,0,0.0,0,0,0,0.0,0.5,1,P0_CV0,1,2,0,2,0
1,2540470.832,712452.2021,Age0_F1_m1f1_P1_Y0_UO930,R1_F1_m-1f-1_P1_Y-1_U80,R1_F1_m-1f-1_P1_Y-1_U24,FXX,0,31.028997987985097,0,0,0.0,0,0,0,0.0,0.5,1,P0_CV0,1,1,1,1,1
1,2540470.832,712452.2021,Age0_F1_m1f1_P1_Y0_UO931,R1_F1_m-1f-1_P1_Y-1_U80,R1_F1_m-1f-1_P1_Y-1_U24,FXX,0,31.028997987985097,0,0,0.0,0,0,0,0.0,0.5,1,P0_CV0,1,1,1,0,2
1,2540470.832,712452.2021,Age0_F1_m1f1_P1_Y0_UO962,R1_F1_m-1f-1_P1_Y-1_U80,R1_F1_m-1f-1_P1_Y-1_U36,FXX,0,31.028997987985097,0,0,0.0,0,0,0,0.0,0.5,1,P0_CV0,1,1,1,1,1
1,2540470.832,712452.2021,Age0_F1_m1f1_P1_Y0_UO963,R1_F1_m-1f-1_P1_Y-1_U80,R1_F1_m-1f-1_P1_Y-1_U36,FXX,0,31.028997987985097,0,0,0.0,0,0,0,0.0,0.5,1,P0_CV0,1,1,1,2,0
1,2540470.832,712452.2021,Age0_F1_m1f1_P1_Y0_UO964,R1_F1_m-1f-1_P1_Y-1_U80,R1_F1_m-1f-1_P1_Y-1_U36,MXY,0,31.028997987985097,0,0,0.0,0,0,0,0.0,0.5,1,P0_CV0,1,1,1,1,1
1,2540470.832,712452.2021,Age0_F1_m1f1_P1_Y0_UO965,R1_F1_m-1f-1_P1_Y-1_U80,R1_F1_m-1f-1_P1_Y-1_U36,FXX,0,31.028997987985097,0,0,0.0,0,0,0,0.0,0.5,1,P0_CV0,1,1,1,2,0
1,2540470.832,712452.2021,Age0_F1_m1f1_P1_Y0_UO966,R1_F1_m-1f-1_P1_Y-1_U80,R1_F1_m-1f-1_P1_Y-1_U36,MXY,0,31.028997987985097,0,0,0.0,0,0,0,0.0,0.5,1,P0_CV0,1,2,0,2,0
1,2540470.832,712452.2021,Age0_F1_m1f1_P1_Y0_UO967,R1_F1_m-1f-1_P1_Y-1_U80,R1_F1_m-1f-1_P1_Y-1_U36,MXY,0,31.028997987985097,0,0,0.0,0,0,0,0.0,0.5,1,P0_CV0,1,0,2,1,1
1,2540470.832,712452.2021,Age0_F1_m1f1_P1_Y0_UO968,R1_F1_m-1f-1_P1_Y-1_U80,R1_F1_m-1f-1_P1_Y-1_U36,MXY,0,31.028997987985097,0,0,0.0,0,0,0,0.0,0.5,1,P0_CV0,1,0,2,2,0
1,2540470.832,712452.2021,Age0_F1_m1f1_P1_Y0_UO969,R1_F1_m-1f-1_P1_Y-1_U80,R1_F1_m-1f-1_P1_Y-1_U36,MXY,0,31.028997987985097,0,0,0.0,0,0,0,0.0,0.5,1,P0_CV0,1,1,1,1,1
1,2540470.832,712452.2021,Age0_F1_m1f1_P1_Y0_UO1032,R1_F1_m-1f-1_P1_Y-1_U79,R1_F1_m-1f-1_P1_Y-1_U73,FXX,0,31.028997987985097,0,0,0.0,0,0,0,0.0,0.0,1,P0_CV0,1,2,0,2,0
1,2540470.832,712452.2021,Age0_F1_m1f1_P1_Y0_UO1033,R1_F1_m-1f-1_P1_Y-1_U79,R1_F1_m-1f-1_P1_Y-1_U73,FXX,0,31.028997987985097,0,0,0.0,0,0,0,0.0,0.0,1,P0_CV0,1,2,0,1,1
1,2540470.832,712452.2021,Age0_F1_m1f1_P1_Y0_UO1034,R1_F1_m-1f-1_P1_Y-1_U79,R1_F1_m-1f-1_P1_Y-1_U73,FXX,0,31.028997987985097,0,0,0.0,0,0,0,0.0,0.0,1,P0_CV0,1,2,0,1,1
1,2540470.832,712452.2021,Age0_F1_m1f1_P1_Y0_UO1120,R1_F1_m-1f-1_P1_Y-1_U56,R1_F1_m-1f-1_P1_Y-1_U2,MXY,0,31.028997987985097,0,0,0.0,0,0,0,0.0,0.25,1,P0_CV0,1,0,2,0,2
1,2540470.832,712452.2021,Age0_F1_m1f1_P1_Y0_UO1121,R1_F1_m-1f-1_P1_Y-1_U56,R1_F1_m-1f-1_P1_Y-1_U2,FXX,0,31.028997987985097,0,0,0.0,0,0,0,0.0,0.25,1,P0_CV0,1,2,0,1,1
1,2540470.832,712452.2021,Age0_F1_m1f1_P1_Y0_UO1122,R1_F1_m-1f-1_P1_Y-1_U56,R1_F1_m-1f-1_P1_Y-1_U2,MXY,0,31.028997987985097,0,0,0.0,0,0,0,0.0,0.25,1,P0_CV0,1,2,0,0,2
1,2540470.832,712452.2021,Age0_F1_m1f1_P1_Y0_UO1123,R1_F1_m-1f-1_P1_Y-1_U56,R1_F1_m-1f-1_P1_Y-1_U2,FXX,0,31.028997987985097,0,0,0.0,0,0,0,0.0,0.25,1,P0_CV0,1,1,1,2,0
1,2540470.832,712452.2021,Age0_F1_m1f1_P1_Y0_UO1124,R1_F1_m-1f-1_P1_Y-1_U56,R1_F1_m-1f-1_P1_Y-1_U2,FXX,0,31.028997987985097,0,0,0.0,0,0,0,0.0,0.25,1,P0_CV0,1,1,1,2,0
1,2540470.832,712452.2021,Age0_F1_m1f1_P1_Y0_UO1125,R1_F1_m-1f-1_P1_Y-1_U56,R1_F1_m-1f-1_P1_Y-1_U2,MXY,0,31.028997987985097,0,0,0.0,0,0,0,0.0,0.25,1,P0_CV0,1,2,0,1,1
1,2540470.832,712452.2021,Age0_F1_m1f1_P1_Y0_UO1126,R1_F1_m-1f-1_P1_Y-1_U56,R1_F1_m-1f-1_P1_Y-1_U2,FXX,0,31.028997987985097,0,0,0.0,0,0,0,0.0,0.25,1,P0_CV0,1,2,0,1,1
1,2540470.832,712452.2021,Age0_F1_m1f1_P1_Y0_UO1138,R1_F1_m-1f-1_P1_Y-1_U79,R1_F1_m-1f-1_P1_Y-1_U68,FXX,0,31.028997987985097,0,0,0.0,0,0,0,0.0,0.25,1,P0_CV0,1,0,2,1,1
1,2540470.832,712452.2021,Age0_F1_m1f1_P1_Y0_UO1139,R1_F1_m-1f-1_P1_Y-1_U79,R1_F1_m-1f-1_P1_Y-1_U68,FXX,0,31.028997987985097,0,0,0.0,0,0,0,0.0,0.25,1,P0_CV0,1,0,2,1,1
1,2540470.832,712452.2021,Age0_F1_m1f1_P1_Y0_UO1140,R1_F1_m-1f-1_P1_Y-1_U79,R1_F1_m-1f-1_P1_Y-1_U68,FXX,0,31.028997987985097,0,0,0.0,0,0,0,0.0,0.25,1,P0_CV0,1,1,1,1,1
1,2540470.832,712452.2021,Age0_F1_m1f1_P1_Y0_UO1141,R1_F1_m-1f-1_P1_Y-1_U79,R1_F1_m-1f-1_P1_Y-1_U68,FXX,0,31.028997987985097,0,0,0.0,0,0,0,0.0,0.25,1,P0_CV0,1,1,1,2,0
1,2540470.832,712452.2021,Age0_F1_m1f1_P1_Y0_UO1142,R1_F1_m-1f-1_P1_Y-1_U79,R1_F1_m-1f-1_P1_Y-1_U68,MXY,0,31.028997987985097,0,0,0.0,0,0,0,0.0,0.25,1,P0_CV0,1,1,1,2,0
1,2540470.832,712452.2021,R1_F1_m-1f-1_P1_Y-1_U1,-9999,-9999,FXX,1,53.631924746839694,1,1,2.297,0,0,0,-9999.0,0.0,1,P0_CV0,1,0,2,1,1
1,2540470.832,712452.2021,R1_F1_m-1f-1_P1_Y-1_U4,-9999,-9999,FXX,1,53.631924746839694,1,1,1.0,0,0,0,-9999.0,0.0,1,P0_CV0,1,0,2,1,1
1,2540470.832,712452.2021,R1_F1_m-1f-1_P1_Y-1_U6,-9999,-9999,FXX,1,53.631924746839694,1,1,0.0,0,0,0,-9999.0,0.0,1,P0_CV0,1,0,2,1,1
1,2540470.832,712452.2021,R1_F1_m-1f-1_P1_Y-1_U7,-9999,-9999,MXY,1,53.631924746839694,1,1,0.0,0,0,0,-9999.0,0.5,1,P0_CV0,1,1,1,1,1
1,2540470.832,712452.2021,R1_F1_m-1f-1_P1_Y-1_U8,-9999,-9999,MXY,1,53.631924746839694,1,1,0.0,0,0,0,-9999.0,0.0,1,P0_CV0,1,0,2,1,1
1,2540470.832,712452.2021,R1_F1_m-1f-1_P1_Y-1_U12,-9999,-9999,MXY,1,53.631924746839694,1,1,0.0,0,0,0,-9999.0,0.0,1,P0_CV0,1,0,2,1,1
1,2540470.832,712452.2021,R1_F1_m-1f-1_P1_Y-1_U13,-9999,-9999,MXY,1,53.631924746839694,1,1,0.0,0,0,0,-9999.0,0.0,1,P0_CV0,1,0,2,1,1
1,2540470.832,712452.2021,R1_F1_m-1f-1_P1_Y-1_U14,-9999,-9999,FXX,1,53.631924746839694,1,1,0.0,0,0,0,-9999.0,0.0,1,P0_CV0,1,0,2,0,2
1,2540470.832,712452.2021,R1_F1_m-1f-1_P1_Y-1_U16,-9999,-9999,FXX,1,53.631924746839694,1,1,1.661,0,0,0,-9999.0,0.5,1,P0_CV0,1,1,1,0,2
1,2540470.832,712452.2021,R1_F1_m-1f-1_P1_Y-1_U21,-9999,-9999,FXX,1,53.631924746839694,1,1,0.0,0,0,0,-9999.0,0.0,1,P0_CV0,1,0,2,1,1
1,2540470.832,712452.2021,R1_F1_m-1f-1_P1_Y-1_U22,-9999,-9999,FXX,1,53.631924746839694,1,1,0.0,0,0,0,-9999.0,0.5,1,P0_CV0,1,1,1,2,0
1,2540470.832,712452.2021,R1_F1_m-1f-1_P1_Y-1_U25,-9999,-9999,FXX,1,53.631924746839694,1,1,1.704,0,0,0,-9999.0,0.5,1,P0_CV0,1,1,1,1,1
1,2540470.832,712452.2021,R1_F1_m-1f-1_P1_Y-1_U26,-9999,-9999,FXX,1,53.631924746839694,1,1,1.092,0,0,0,-9999.0,0.0,1,P0_CV0,1,0,2,0,2
1,2540470.832,712452.2021,R1_F1_m-1f-1_P1_Y-1_U30,-9999,-9999,MXY,1,53.631924746839694,1,1,0.0,0,0,0,-9999.0,0.0,1,P0_CV0,1,0,2,2,0
1,2540470.832,712452.2021,R1_F1_m-1f-1_P1_Y-1_U32,-9999,-9999,FXX,1,53.631924746839694,1,1,1.0,0,0,0,-9999.0,0.5,1,P0_CV0,1,1,1,2,0
1,2540470.832,712452.2021,R1_F1_m-1f-1_P1_Y-1_U35,-9999,-9999,MXY,1,53.631924746839694,1,1,0.0,0,0,0,-9999.0,0.0,1,P0_CV0,1,0,2,0,2
1,2540470.832,712452.2021,R1_F1_m-1f-1_P1_Y-1_U40,-9999,-9999,FXX,1,53.631924746839694,1,1,1.822,0,0,0,-9999.0,0.0,1,P0_CV0,1,0,2,2,0
1,2540470.832,712452.2021,R1_F1_m-1f-1_P1_Y-1_U44,-9999,-9999,FXX,1,53.631924746839694,1,1,1.716,0,0,0,-9999.0,0.5,1,P0_CV0,1,1,1,1,1
1,2540470.832,712452.2021,R1_F1_m-1f-1_P1_Y-1_U45,-9999,-9999,MXY,1,53.631924746839694,1,1,0.0,0,0,0,-9999.0,0.0,1,P0_CV0,1,0,2,0,2
1,2540470.832,712452.2021,R1_F1_m-1f-1_P1_Y-1_U49,-9999,-9999,FXX,1,53.631924746839694,1,1,1.073,0,0,0,-9999.0,0.5,1,P0_CV0,1,1,1,1,1
1,2540470.832,712452.2021,R1_F1_m-1f-1_P1_Y-1_U50,-9999,-9999,FXX,1,53.631924746839694,1,1,1.22,0,0,0,-9999.0,0.0,1,P0_CV0,1,0,2,1,1
1,2540470.832,712452.2021,R1_F1_m-1f-1_P1_Y-1_U51,-9999,-9999,MXY,1,53.631924746839694,1,1,0.0,0,0,0,-9999.0,0.0,1,P0_CV0,1,0,2,1,1
1,2540470.832,712452.2021,R1_F1_m-1f-1_P1_Y-1_U58,-9999,-9999,MXY,1,53.631924746839694,1,1,0.0,0,0,0,-9999.0,0.0,1,P0_CV0,1,0,2,1,1
1,2540470.832,712452.2021,R1_F1_m-1f-1_P1_Y-1_U59,-9999,-9999,MXY,1,53.631924746839694,1,1,0.0,0,0,0,-9999.0,0.5,1,P0_CV0,1,1,1,2,0
1,2540470.832,712452.2021,R1_F1_m-1f-1_P1_Y-1_U60,-9999,-9999,FXX,1,53.631924746839694,1,1,0.0,0,0,0,-9999.0,0.5,1,P0_CV0,1,1,1,1,1
1,2540470.832,712452.2021,R1_F1_m-1f-1_P1_Y-1_U61,-9999,-9999,MXY,1,53.631924746839694,1,1,0.0,0,0,0,-9999.0,0.0,1,P0_CV0,1,0,2,1,1
1,2540470.832,712452.2021,R1_F1_m-1f-1_P1_Y-1_U62,-9999,-9999,FXX,1,53.631924746839694,1,1,2.392,0,0,0,-9999.0,0.0,1,P0_CV0,1,0,2,2,0
1,2540470.832,712452.2021,R1_F1_m-1f-1_P1_Y-1_U63,-9999,-9999,FXX,1,53.631924746839694,1,1,0.0,0,0,0,-9999.0,0.5,1,P0_CV0,1,1,1,1,1
1,2540470.832,712452.2021,R1_F1_m-1f-1_P1_Y-1_U64,-9999,-9999,MXY,1,53.631924746839694,1,1,0.0,0,0,0,-9999.0,0.5,1,P0_CV0,1,1,1,1,1
1,2540470.832,712452.2021,R1_F1_m-1f-1_P1_Y-1_U66,-9999,-9999,FXX,1,53.631924746839694,1,1,0.0,0,0,0,-9999.0,0.5,1,P0_CV0,1,1,1,1,1
1,2540470.832,712452.2021,R1_F1_m-1f-1_P1_Y-1_U70,-9999,-9999,MXY,1,53.631924746839694,1,1,0.0,0,0,0,-9999.0,1.0,1,P0_CV0,1,2,0,0,2
1,2540470.832,712452.2021,R1_F1_m-1f-1_P1_Y-1_U75,-9999,-9999,MXY,1,53.631924746839694,1,1,0.0,0,0,0,-9999.0,0.5,1,P0_CV0,1,1,1,0,2
1,2540470.832,712452.2021,R1_F1_m-1f-1_P1_Y-1_U77,-9999,-9999,FXX,1,53.631924746839694,1,1,2.432,0,0,0,-9999.0,0.5,1,P0_CV0,1,1,1,2,0
1,2540470.832,712452.2021,R1_F1_m-1f-1_P1_Y-1_U78,-9999,-9999,MXY,1,53.631924746839694,1,1,0.0,0,0,0,-9999.0,0.0,1,P0_CV0,1,0,2,1,1
1,2540470.832,712452.2021,R1_F1_m-1f-1_P1_Y-1_U82,-9999,-9999,FXX,1,53.631924746839694,1,1,1.0,0,0,0,-9999.0,0.0,1,P0_CV0,1,0,2,0,2
1,2540470.832,712452.2021,R1_F1_m-1f-1_P1_Y-1_U89,-9999,-9999,MXY,1,53.631924746839694,1,1,0.0,0,0,0,-9999.0,0.5,1,P0_CV0,1,1,1,1,1
1,2540470.832,712452.2021,R1_F1_m-1f-1_P1_Y-1_U91,-9999,-9999,FXX,1,53.631924746839694,1,1,0.0,0,0,0,-9999.0,0.0,1,P0_CV0,1,0,2,1,1
1,2540470.832,712452.2021,R1_F1_m-1f-1_P1_Y-1_U92,-9999,-9999,FXX,1,53.631924746839694,1,1,0.0,0,0,0,-9999.0,0.0,1,P0_CV0,1,0,2,2,0
1,2540470.832,712452.2021,R1_F1_m-1f-1_P1_Y-1_U93,-9999,-9999,MXY,1,53.631924746839694,1,1,0.0,0,0,0,-9999.0,0.5,1,P0_CV0,1,1,1,1,1
1,2540470.832,712452.2021,R1_F1_m-1f-1_P1_Y-1_U98,-9999,-9999,FXX,1,53.631924746839694,1,1,1.316,0,0,0,-9999.0,0.5,1,P0_CV0,1,1,1,1,1
1,2540470.832,712452.2021,R1_F1_m-1f-1_P1_Y-1_U101,-9999,-9999,MXY,1,53.631924746839694,1,1,0.0,0,0,0,-9999.0,0.0,1,P0_CV0,1,0,2,0,2
1,2540470.832,712452.2021,R1_F1_m-1f-1_P1_Y-1_U103,-9999,-9999,FXX,1,53.631924746839694,1,1,0.0,0,0,0,-9999.0,0.0,1,P0_CV0,1,0,2,0,2
1,2540470.832,712452.2021,R1_F1_m-1f-1_P1_Y-1_U107,-9999,-9999,FXX,1,53.631924746839694,1,1,1.23,0,0,0,-9999.0,0.5,1,P0_CV0,1,1,1,0,2
1,2540470.832,712452.2021,R1_F1_m-1f-1_P1_Y-1_U109,-9999,-9999,FXX,1,53.631924746839694,1,1,0.0,0,0,0,-9999.0,0.0,1,P0_CV0,1,0,2,0,2
1,2540470.832,712452.2021,R1_F1_m-1f-1_P1_Y-1_U111,-9999,-9999,MXY,1,53.631924746839694,1,1,0.0,0,0,0,-9999.0,0.5,1,P0_CV0,1,1,1,1,1
1,2540470.832,712452.2021,R1_F1_m-1f-1_P1_Y-1_U114,-9999,-9999,MXY,1,53.631924746839694,1,1,0.0,0,0,0,-9999.0,0.5,1,P0_CV0,1,1,1,1,1
1,2540470.832,712452.2021,R1_F1_m-1f-1_P1_Y-1_U116,-9999,-9999,MXY,1,53.631924746839694,1,1,0.0,0,0,0,-9999.0,0.0,1,P0_CV0,1,0,2,0,2
1,2540470.832,712452.2021,R1_F1_m-1f-1_P1_Y-1_U118,-9999,-9999,MXY,1,53.631924746839694,1,1,0.0,0,0,0,-9999.0,0.5,1,P0_CV0,1,1,1,1,1
1,2540470.832,712452.2021,R1_F1_m-1f-1_P1_Y-1_U121,-9999,-9999,MXY,1,53.631924746839694,1,1,0.0,0,0,0,-9999.0,0.0,1,P0_CV0,1,0,2,1,1
1,2540470.832,712452.2021,R1_F1_m-1f-1_P1_Y-1_U122,-9999,-9999,FXX,1,53.631924746839694,1,1,1.1,0,0,0,-9999.0,0.0,1,P0_CV0,1,0,2,0,2
1,2540470.832,712452.2021,R1_F1_m-1f-1_P1_Y-1_U126,-9999,-9999,FXX,1,53.631924746839694,1,1,1.374,0,0,0,-9999.0,0.0,1,P0_CV0,1,0,2,2,0
1,2540470.832,712452.2021,R1_F1_m-1f-1_P1_Y-1_U127,-9999,-9999,MXY,1,53.631924746839694,1,1,0.0,0,0,0,-9999.0,0.0,1,P0_CV0,1,0,2,1,1
1,2540470.832,712452.2021,R1_F1_m-1f-1_P1_Y-1_U129,-9999,-9999,MXY,1,53.631924746839694,1,1,0.0,0,0,0,-9999.0,0.0,1,P0_CV0,1,0,2,2,0
1,2540470.832,712452.2021,R1_F1_m-1f-1_P1_Y-1_U133,-9999,-9999,MXY,1,53.631924746839694,1,1,0.0,0,0,0,-9999.0,0.0,1,P0_CV0,1,0,2,2,0
1,2540470.832,712452.2021,R1_F1_m-1f-1_P1_Y-1_U136,-9999,-9999,MXY,1,53.631924746839694,1,1,0.0,0,0,0,-9999.0,0.0,1,P0_CV0,1,0,2,0,2
1,2540470.832,712452.2021,R1_F1_m-1f-1_P1_Y-1_U141,-9999,-9999,MXY,1,53.631924746839694,1,1,0.0,0,0,0,-9999.0,0.5,1,P0_CV0,1,1,1,1,1
1,2540470.832,712452.2021,R1_F1_m-1f-1_P1_Y-1_U144,-9999,-9999,MXY,1,53.631924746839694,1,1,0.0,0,0,0,-9999.0,0.0,1,P0_CV0,1,0,2,1,1
1,2540470.832,712452.2021,R1_F1_m-1f-1_P1_Y-1_U145,-9999,-9999,FXX,1,53.631924746839694,1,1,0.0,0,0,0,-9999.0,1.0,1,P0_CV0,1,2,0,2,0
1,2540470.832,712452.2021,R1_F1_m-1f-1_P1_Y-1_U148,-9999,-9999,FXX,1,53.631924746839694,1,1,0.0,0,0,0,-9999.0,0.5,1,P0_CV0,1,1,1,2,0
1,2540470.832,712452.2021,R1_F1_m-1f-1_P1_Y-1_U87,-9999,-9999,MXY,2,72.31066435076325,1,0,0.0,0,0,0,-9999.0,0.0,1,P0_CV0,1,0,2,1,1
1,2540470.832,712452.2021,R1_F1_m-1f-1_P1_Y-1_U97,-9999,-9999,FXX,2,69.40866435076323,1,0,1.68,0,0,0,-9999.0,0.0,1,P0_CV0,1,0,2,0,2
1,2540470.832,712452.2021,R1_F1_m-1f-1_P1_Y-1_U117,-9999,-9999,MXY,2,69.40866435076323,1,0,0.0,0,0,0,-9999.0,0.0,1,P0_CV0,1,0,2,2,0
1,2540470.832,712452.2021,R1_F1_m-1f-1_P1_Y-1_U135,-9999,-9999,FXX,2,72.51866435076325,1,0,1.0,0,0,0,-9999.0,0.5,1,P0_CV0,1,1,1,1,1
1,2540470.832,712452.2021,R1_F1_m-1f-1_P1_Y-1_U139,-9999,-9999,FXX,2,70.02466435076325,1,0,1.326,0,0,0,-9999.0,0.5,1,P0_CV0,1,1,1,1,1
1,2540470.832,712452.2021,R1_F1_m-1f-1_P1_Y-1_U10,-9999,-9999,FXX,2,83.07866435076325,1,0,1.92,0,0,0,-9999.0,0.0,1,P0_CV0,1,0,2,1,1
1,2540470.832,712452.2021,R1_F1_m-1f-1_P1_Y-1_U17,-9999,-9999,MXY,2,81.18666435076324,1,0,0.0,0,0,0,-9999.0,0.5,1,P0_CV0,1,1,1,2,0
1,2540470.832,712452.2021,R1_F1_m-1f-1_P1_Y-1_U29,-9999,-9999,FXX,2,80.34066435076325,1,0,0.0,0,0,0,-9999.0,0.0,1,P0_CV0,1,0,2,1,1
1,2540470.832,712452.2021,R1_F1_m-1f-1_P1_Y-1_U31,-9999,-9999,FXX,2,75.55866435076324,1,0,1.601,0,0,0,-9999.0,0.0,1,P0_CV0,1,0,2,2,0
1,2540470.832,712452.2021,R1_F1_m-1f-1_P1_Y-1_U33,-9999,-9999,FXX,2,79.35266435076325,1,0,1.298,0,0,0,-9999.0,0.5,1,P0_CV0,1,1,1,0,2
1,2540470.832,712452.2021,R1_F1_m-1f-1_P1_Y-1_U48,-9999,-9999,MXY,2,76.14966435076325,1,0,0.0,0,0,0,-9999.0,0.5,1,P0_CV0,1,1,1,0,2
1,2540470.832,712452.2021,R1_F1_m-1f-1_P1_Y-1_U52,-9999,-9999,FXX,2,80.90966435076324,1,0,2.074,0,0,0,-9999.0,0.5,1,P0_CV0,1,1,1,0,2
1,2540470.832,712452.2021,R1_F1_m-1f-1_P1_Y-1_U53,-9999,-9999,FXX,2,74.18066435076324,1,0,2.067,0,0,0,-9999.0,0.0,1,P0_CV0,1,0,2,2,0
1,2540470.832,712452.2021,R1_F1_m-1f-1_P1_Y-1_U54,-9999,-9999,FXX,2,73.34866435076324,1,0,0.0,0,0,0,-9999.0,0.0,1,P0_CV0,1,0,2,1,1
1,2540470.832,712452.2021,R1_F1_m-1f-1_P1_Y-1_U69,-9999,-9999,FXX,2,80.98166435076324,1,0,0.0,0,0,0,-9999.0,0.0,1,P0_CV0,1,0,2,2,0
1,2540470.832,712452.2021,R1_F1_m-1f-1_P1_Y-1_U71,-9999,-9999,MXY,2,78.86366435076324,1,0,0.0,0,0,0,-9999.0,0.0,1,P0_CV0,1,0,2,0,2
1,2540470.832,712452.2021,R1_F1_m-1f-1_P1_Y-1_U81,-9999,-9999,MXY,2,77.95666435076323,1,0,0.0,0,0,0,-9999.0,0.5,1,P0_CV0,1,1,1,1,1
1,2540470.832,712452.2021,R1_F1_m-1f-1_P1_Y-1_U83,-9999,-9999,MXY,2,82.30166435076323,1,0,0.0,0,0,0,-9999.0,0.5,1,P0_CV0,1,1,1,0,2
1,2540470.832,712452.2021,R1_F1_m-1f-1_P1_Y-1_U85,-9999,-9999,MXY,2,77.05666435076324,1,0,0.0,0,0,0,-9999.0,1.0,1,P0_CV0,1,2,0,2,0
1,2540470.832,712452.2021,R1_F1_m-1f-1_P1_Y-1_U86,-9999,-9999,FXX,2,88.80366435076324,1,0,1.474,0,0,0,-9999.0,0.5,1,P0_CV0,1,1,1,0,2
1,2540470.832,712452.2021,R1_F1_m-1f-1_P1_Y-1_U88,-9999,-9999,MXY,2,74.50866435076324,1,0,0.0,0,0,0,-9999.0,1.0,1,P0_CV0,1,2,0,1,1
1,2540470.832,712452.2021,R1_F1_m-1f-1_P1_Y-1_U95,-9999,-9999,FXX,2,77.88566435076324,1,0,1.762,0,0,0,-9999.0,0.5,1,P0_CV0,1,1,1,0,2
1,2540470.832,712452.2021,R1_F1_m-1f-1_P1_Y-1_U100,-9999,-9999,FXX,2,79.63466435076323,1,0,1.654,0,0,0,-9999.0,0.0,1,P0_CV0,1,0,2,1,1
1,2540470.832,712452.2021,R1_F1_m-1f-1_P1_Y-1_U105,-9999,-9999,FXX,2,76.92266435076324,1,0,0.0,0,0,0,-9999.0,0.5,1,P0_CV0,1,1,1,2,0
1,2540470.832,712452.2021,R1_F1_m-1f-1_P1_Y-1_U108,-9999,-9999,FXX,2,78.83466435076325,1,0,1.379,0,0,0,-9999.0,0.5,1,P0_CV0,1,1,1,1,1
1,2540470.832,712452.2021,R1_F1_m-1f-1_P1_Y-1_U110,-9999,-9999,FXX,2,79.92766435076324,1,0,1.067,0,0,0,-9999.0,0.0,1,P0_CV0,1,0,2,0,2
1,2540470.832,712452.2021,R1_F1_m-1f-1_P1_Y-1_U112,-9999,-9999,MXY,2,78.90966435076324,1,0,0.0,0,0,0,-9999.0,0.0,1,P0_CV0,1,0,2,2,0
1,2540470.832,712452.2021,R1_F1_m-1f-1_P1_Y-1_U113,-9999,-9999,FXX,2,77.47966435076324,1,0,0.0,0,0,0,-9999.0,0.5,1,P0_CV0,1,1,1,1,1
1,2540470.832,712452.2021,R1_F1_m-1f-1_P1_Y-1_U119,-9999,-9999,FXX,2,79.58266435076324,1,0,0.0,0,0,0,-9999.0,0.5,1,P0_CV0,1,1,1,0,2
1,2540470.832,712452.2021,R1_F1_m-1f-1_P1_Y-1_U123,-9999,-9999,FXX,2,76.99766435076323,1,0,0.0,0,0,0,-9999.0,0.5,1,P0_CV0,1,1,1,1,1
1,2540470.832,712452.2021,R1_F1_m-1f-1_P1_Y-1_U124,-9999,-9999,MXY,2,77.16366435076324,1,0,0.0,0,0,0,-9999.0,0.5,1,P0_CV0,1,1,1,1,1
1,2540470.832,712452.2021,R1_F1_m-1f-1_P1_Y-1_U128,-9999,-9999,MXY,2,74.40666435076325,1,0,0.0,0,0,0,-9999.0,0.5,1,P0_CV0,1,1,1,1,1
1,2540470.832,712452.2021,R1_F1_m-1f-1_P1_Y-1_U130,-9999,-9999,MXY,2,85.31066435076325,1,0,0.0,0,0,0,-9999.0,0.5,1,P0_CV0,1,1,1,1,1
1,2540470.832,712452.2021,R1_F1_m-1f-1_P1_Y-1_U131,-9999,-9999,MXY,2,77.50166435076325,1,0,0.0,0,0,0,-9999.0,0.5,1,P0_CV0,1,1,1,1,1
1,2540470.832,712452.2021,R1_F1_m-1f-1_P1_Y-1_U143,-9999,-9999,MXY,2,78.25366435076323,1,0,0.0,0,0,0,-9999.0,0.0,1,P0_CV0,1,0,2,0,2
1,2540470.832,712452.2021,R1_F1_m-1f-1_P1_Y-1_U149,-9999,-9999,FXX,2,82.43366435076324,1,0,1.152,0,0,0,-9999.0,0.5,1,P0_CV0,1,1,1,1,1
1,2540470.832,712452.2021,R1_F1_m-1f-1_P1_Y-1_U18,-9999,-9999,MXY,3,111.59575488416303,1,0,0.0,0,0,0,-9999.0,0.0,1,P0_CV0,1,0,2,2,0
1,2540470.832,712452.2021,R1_F1_m-1f-1_P1_Y-1_U19,-9999,-9999,FXX,3,111.59575488416303,1,0,0.0,0,0,0,-9999.0,0.0,1,P0_CV0,1,0,2,1,1
1,2540470.832,712452.2021,R1_F1_m-1f-1_P1_Y-1_U73,-9999,-9999,MXY,3,111.59575488416303,1,0,0.0,0,0,0,-9999.0,0.0,1,P0_CV0,1,0,2,0,2
1,2540470.832,712452.2021,R1_F1_m-1f-1_P1_Y-1_U80,-9999,-9999,FXX,3,111.59575488416303,1,0,1.204,0,0,0,-9999.0,1.0,1,P0_CV0,1,2,0,1,1
1,2540470.832,712452.2021,R1_F1_m-1f-1_P1_Y-1_U106,-9999,-9999,FXX,3,111.59575488416303,1,0,0.0,0,0,0,-9999.0,0.0,1,P0_CV0,1,0,2,1,1
1,2540470.832,712452.2021,R1_F1_m-1f-1_P1_Y-1_U132,-9999,-9999,FXX,3,111.59575488416303,1,0,1.539,0,0,0,-9999.0,0.0,1,P0_CV0,1,0,2,1,1
1,2540470.832,712452.2021,R1_F1_m-1f-1_P1_Y-1_U134,-9999,-9999,FXX,3,111.59575488416303,1,0,0.0,0,0,0,-9999.0,0.5,1,P0_CV0,1,1,1,1,1
1,2540470.832,712452.2021,R1_F1_m-1f-1_P1_Y-1_U142,-9999,-9999,FXX,3,111.59575488416303,1,0,1.447,0,0,0,-9999.0,0.5,1,P0_CV0,1,1,1,1,1
2,2536859.926,708059.4624,Age0_F2_m2f2_P2_Y0_UO4,R2_F2_m-1f-1_P2_Y-1_U83,R2_F2_m-1f-1_P2_Y-1_U86,MXY,0,31.020387887471585,0,0,0.0,0,0,0,0.0,1.0,1,P1_CV0,1,0,2,0,2
2,2536859.926,708059.4624,Age0_F2_m2f2_P2_Y0_UO5,R2_F2_m-1f-1_P2_Y-1_U83,R2_F2_m-1f-1_P2_Y-1_U86,MXY,0,31.020387887471585,0,0,0.0,0,0,0,0.0,1.0,1,P1_CV0,1,2,0,0,2
2,2536859.926,708059.4624,Age0_F2_m2f2_P2_Y0_UO6,R2_F2_m-1f-1_P2_Y-1_U83,R2_F2_m-1f-1_P2_Y-1_U86,FXX,0,31.020387887471585,0,0,0.0,0,0,0,0.0,1.0,1,P1_CV0,1,2,0,1,1
2,2536859.926,708059.4624,Age0_F2_m2f2_P2_Y0_UO26,R2_F2_m-1f-1_P2_Y-1_U56,R2_F2_m-1f-1_P2_Y-1_U125,FXX,0,31.020387887471585,0,0,0.0,0,0,0,0.0,0.5,1,P1_CV0,1,1,1,1,1
2,2536859.926,708059.4624,Age0_F2_m2f2_P2_Y0_UO27,R2_F2_m-1f-1_P2_Y-1_U56,R2_F2_m-1f-1_P2_Y-1_U125,MXY,0,31.020387887471585,0,0,0.0,0,0,0,0.0,0.5,1,P1_CV0,1,1,1,0,2
2,2536859.926,708059.4624,Age0_F2_m2f2_P2_Y0_UO49,R2_F2_m-1f-1_P2_Y-1_U134,R2_F2_m-1f-1_P2_Y-1_U108,FXX,0,31.020387887471585,0,0,0.0,0,0,0,0.0,0.75,1,P1_CV0,1,2,0,1,1
2,2536859.926,708059.4624,Age0_F2_m2f2_P2_Y0_UO50,R2_F2_m-1f-1_P2_Y-1_U134,R2_F2_m-1f-1_P2_Y-1_U108,MXY,0,31.020387887471585,0,0,0.0,0,0,0,0.0,0.75,1,P1_CV0,1,2,0,1,1
2,2536859.926,708059.4624,Age0_F2_m2f2_P2_Y0_UO51,R2_F2_m-1f-1_P2_Y-1_U134,R2_F2_m-1f-1_P2_Y-1_U108,FXX,0,31.020387887471585,0,0,0.0,0,0,0,0.0,0.75,1,P1_CV0,1,1,1,1,1
2,2536859.926,708059.4624,Age0_F2_m2f2_P2_Y0_UO52,R2_F2_m-1f-1_P2_Y-1_U134,R2_F2_m-1f-1_P2_Y-1_U108,FXX,0,31.020387887471585,0,0,0.0,0,0,0,0.0,0.75,1,P1_CV0,1,1,1,2,0
2,2536859.926,708059.4624,Age0_F2_m2f2_P2_Y0_UO53,R2_F2_m-1f-1_P2_Y-1_U134,R2_F2_m-1f-1_P2_Y-1_U108,MXY,0,31.020387887471585,0,0,0.0,0,0,0,0.0,0.75,1,P1_CV0,1,2,0,0,2
2,2536859.926,708059.4624,Age0_F2_m2f2_P2_Y0_UO80,R2_F2_m-1f-1_P2_Y-1_U100,R2_F2_m-1f-1_P2_Y-1_U13,FXX,0,31.020387887471585,0,0,0.0,0,0,0,0.0,0.75,1,P1_CV0,1,0,2,2,0
2,2536859.926,708059.4624,Age0_F2_m2f2_P2_Y0_UO81,R2_F2_m-1f-1_P2_Y-1_U100,R2_F2_m-1f-1_P2_Y-1_U13,FXX,0,31.020387887471585,0,0,0.0,0,0,0,0.0,0.75,1,P1_CV0,1,0,2,0,2
2,2536859.926,708059.4624,Age0_F2_m2f2_P2_Y0_UO82,R2_F2_m-1f-1_P2_Y-1_U100,R2_F2_m-1f-1_P2_Y-1_U13,MXY,0,31.020387887471585,0,0,0.0,0,0,0,0.0,0.75,1,P1_CV0,1,1,1,1,1
2,2536859.926,708059.4624,Age0_F2_m2f2_P2_Y0_UO83,R2_F2_m-1f-1_P2_Y-1_U100,R2_F2_m-1f-1_P2_Y-1_U13,MXY,0,31.020387887471585,0,0,0.0,0,0,0,0.0,0.75,1,P1_CV0,1,1,1,1,1
2,2536859.926,708059.4624,Age0_F2_m2f2_P2_Y0_UO84,R2_F2_m-1f-1_P2_Y-1_U100,R2_F2_m-1f-1_P2_Y-1_U13,FXX,0,31.020387887471585,0,0,0.0,0,0,0,0.0,0.75,1,P1_CV0,1,2,0,2,0
2,2536859.926,708059.4624,Age0_F2_m2f2_P2_Y0_UO93,R2_F2_m-1f-1_P2_Y-1_U81,R2_F2_m-1f-1_P2_Y-1_U41,FXX,0,31.020387887471585,0,0,0.0,0,0,0,0.0,0.5,1,P1_CV0,1,0,2,1,1
2,2536859.926,708059.4624,Age0_F2_m2f2_P2_Y0_UO94,R2_F2_m-1f-1_P2_Y-1_U81,R2_F2_m-1f-1_P2_Y-1_U41,FXX,0,31.020387887471585,0,0,0.0,0,0,0,0.0,0.5,1,P1_CV0,1,0,2,1,1
2,2536859.926,708059.4624,Age0_F2_m2f2_P2_Y0_UO95,R2_F2_m-1f-1_P2_Y-1_U81,R2_F2_m-1f-1_P2_Y-1_U41,MXY,0,31.020387887471585,0,0,0.0,0,0,0,0.0,0.5,1,P1_CV0,1,1,1,0,2
2,2536859.926,708059.4624,Age0_F2_m2f2_P2_Y0_UO96,R2_F2_m-1f-1_P2_Y-1_U81,R2_F2_m-1f-1_P2_Y-1_U41,MXY,0,31.020387887471585,0,0,0.0,0,0,0,0.0,0.5,1,P1_CV0,1,2,0,2,0
2,2536859.926,708059.4624,Age0_F2_m2f2_P2_Y0_UO152,R2_F2_m-1f-1_P2_Y-1_U81,R2_F2_m-1f-1_P2_Y-1_U67,FXX,0,31.020387887471585,0,0,0.0,0,0,0,0.0,0.75,1,P1_CV0,1,2,0,1,1
2,2536859.926,708059.4624,Age0_F2_m2f2_P2_Y0_UO164,R2_F2_m-1f-1_P2_Y-1_U121,R2_F2_m-1f-1_P2_Y-1_U105,FXX,0,31.020387887471585,0,0,0.0,0,0,0,0.0,0.75,1,P1_CV0,1,2,0,0,2
2,2536859.926,708059.4624,Age0_F2_m2f2_P2_Y0_UO165,R2_F2_m-1f-1_P2_Y-1_U121,R2_F2_m-1f-1_P2_Y-1_U105,MXY,0,31.020387887471585,0,0,0.0,0,0,0,0.0,0.75,1,P1_CV0,1,0,2,1,1
2,2536859.926,708059.4624,Age0_F2_m2f2_P2_Y0_UO166,R2_F2_m-1f-1_P2_Y-1_U121,R2_F2_m-1f-1_P2_Y-1_U105,FXX,0,31.020387887471585,0,0,0.0,0,0,0,0.0,0.75,1,P1_CV0,1,0,2,2,0
2,2536859.926,708059.4624,Age0_F2_m2f2_P2_Y0_UO167,R2_F2_m-1f-1_P2_Y-1_U26,R2_F2_m-1f-1_P2_Y-1_U103,FXX,0,31.020387887471585,0,0,0.0,0,0,0,0.0,0.75,1,P1_CV0,1,2,0,2,0
2,2536859.926,708059.4624,Age0_F2_m2f2_P2_Y0_UO168,R2_F2_m-1f-1_P2_Y-1_U26,R2_F2_m-1f-1_P2_Y-1_U103,FXX,0,31.020387887471585,0,0,0.0,0,0,0,0.0,0.75,1,P1_CV0,1,0,2,1,1
2,2536859.926,708059.4624,Age0_F2_m2f2_P2_Y0_UO169,R2_F2_m-1f-1_P2_Y-1_U26,R2_F2_m-1f-1_P2_Y-1_U103,FXX,0,31.020387887471585,0,0,0.0,0,0,0,0.0,0.75,1,P1_CV0,1,1,1,1,1
2,2536859.926,708059.4624,Age0_F2_m2f2_P2_Y0_UO203,R2_F2_m-1f-1_P2_Y-1_U28,R2_F2_m-1f-1_P2_Y-1_U82,MXY,0,31.020387887471585,0,0,0.0,0,0,0,0.0,0.5,1,P1_CV0,1,2,0,0,2
2,2536859.926,708059.4624,Age0_F2_m2f2_P2_Y0_UO204,R2_F2_m-1f-1_P2_Y-1_U28,R2_F2_m-1f-1_P2_Y-1_U82,FXX,0,31.020387887471585,0,0,0.0,0,0,0,0.0,0.5,1,P1_CV0,1,0,2,1,1
2,2536859.926,708059.4624,Age0_F2_m2f2_P2_Y0_UO205,R2_F2_m-1f-1_P2_Y-1_U28,R2_F2_m-1f-1_P2_Y-1_U82,MXY,0,31.020387887471585,0,0,0.0,0,0,0,0.0,0.5,1,P1_CV0,1,1,1,2,0
2,2536859.926,708059.4624,Age0_F2_m2f2_P2_Y0_UO253,R2_F2_m-1f-1_P2_Y-1_U121,R2_F2_m-1f-1_P2_Y-1_U103,MXY,0,31.020387887471585,0,0,0.0,0,0,0,0.0,0.5,1,P1_CV0,1,0,2,0,2
2,2536859.926,708059.4624,Age0_F2_m2f2_P2_Y0_UO254,R2_F2_m-1f-1_P2_Y-1_U121,R2_F2_m-1f-1_P2_Y-1_U103,FXX,0,31.020387887471585,0,0,0.0,0,0,0,0.0,0.5,1,P1_CV0,1,1,1,1,1
2,2536859.926,708059.4624,Age0_F2_m2f2_P2_Y0_UO255,R2_F2_m-1f-1_P2_Y-1_U121,R2_F2_m-1f-1_P2_Y-1_U103,FXX,0,31.020387887471585,0,0,0.0,0,0,0,0.0,0.5,1,P1_CV0,1,1,1,1,1
2,2536859.926,708059.4624,Age0_F2_m2f2_P2_Y0_UO267,R2_F2_m-1f-1_P2_Y-1_U66,R2_F2_m-1f-1_P2_Y-1_U139,MXY,0,31.020387887471585,0,0,0.0,0,0,0,0.0,0.5,1,P1_CV0,1,0,2,2,0
2,2536859.926,708059.4624,Age0_F2_m2f2_P2_Y0_UO268,R2_F2_m-1f-1_P2_Y-1_U66,R2_F2_m-1f-1_P2_Y-1_U139,FXX,0,31.020387887471585,0,0,0.0,0,0,0,0.0,0.5,1,P1_CV0,1,2,0,2,0
2,2536859.926,708059.4624,Age0_F2_m2f2_P2_Y0_UO269,R2_F2_m-1f-1_P2_Y-1_U66,R2_F2_m-1f-1_P2_Y-1_U139,MXY,0,31.020387887471585,0,0,0.0,0,0,0,0.0,0.5,1,P1_CV0,1,0,2,2,0
2,2536859.926,708059.4624,Age0_F2_m2f2_P2_Y0_UO270,R2_F2_m-1f-1_P2_Y-1_U66,R2_F2_m-1f-1_P2_Y-1_U139,MXY,0,31.020387887471585,0,0,0.0,0,0,0,0.0,0.5,1,P1_CV0,1,0,2,2,0
2,2536859.926,708059.4624,Age0_F2_m2f2_P2_Y0_UO271,R2_F2_m-1f-1_P2_Y-1_U66,R2_F2_m-1f-1_P2_Y-1_U139,FXX,0,31.020387887471585,0,0,0.0,0,0,0,0.0,0.5,1,P1_CV0,1,2,0,1,1
2,2536859.926,708059.4624,Age0_F2_m2f2_P2_Y0_UO272,R2_F2_m-1f-1_P2_Y-1_U66,R2_F2_m-1f-1_P2_Y-1_U139,FXX,0,31.020387887471585,0,0,0.0,0,0,0,0.0,0.5,1,P1_CV0,1,2,0,0,2
2,2536859.926,708059.4624,Age0_F2_m2f2_P2_Y0_UO273,R2_F2_m-1f-1_P2_Y-1_U66,R2_F2_m-1f-1_P2_Y-1_U139,FXX,0,31.020387887471585,0,0,0.0,0,0,0,0.0,0.5,1,P1_CV0,1,2,0,2,0
2,2536859.926,708059.4624,Age0_F2_m2f2_P2_Y0_UO274,R2_F2_m-1f-1_P2_Y-1_U66,R2_F2_m-1f-1_P2_Y-1_U139,FXX,0,31.020387887471585,0,0,0.0,0,0,0,0.0,0.5,1,P1_CV0,1,2,0,0,2
2,2536859.926,708059.4624,Age0_F2_m2f2_P2_Y0_UO275,R2_F2_m-1f-1_P2_Y-1_U66,R2_F2_m-1f-1_P2_Y-1_U139,FXX,0,31.020387887471585,0,0,0.0,0,0,0,0.0,0.5,1,P1_CV0,1,1,1,0,2
2,2536859.926,708059.4624,Age0_F2_m2f2_P2_Y0_UO276,R2_F2_m-1f-1_P2_Y-1_U66,R2_F2_m-1f-1_P2_Y-1_U139,FXX,0,31.020387887471585,0,0,0.0,0,0,0,0.0,0.5,1,P1_CV0,1,0,2,2,0
2,2536859.926,708059.4624,Age0_F2_m2f2_P2_Y0_UO277,R2_F2_m-1f-1_P2_Y-1_U66,R2_F2_m-1f-1_P2_Y-1_U139,FXX,0,31.020387887471585,0,0,0.0,0,0,0,0.0,0.5,1,P1_CV0,1,2,0,1,1
2,2536859.926,708059.4624,Age0_F2_m2f2_P2_Y0_UO278,R2_F2_m-1f-1_P2_Y-1_U66,R2_F2_m-1f-1_P2_Y-1_U139,FXX,0,31.020387887471585,0,0,0.0,0,0,0,0.0,0.5,1,P1_CV0,1,1,1,0,2
2,2536859.926,708059.4624,Age0_F2_m2f2_P2_Y0_UO292,R2_F2_m-1f-1_P2_Y-1_U100,R2_F2_m-1f-1_P2_Y-1_U39,MXY,0,31.020387887471585,0,0,0.0,0,0,0,0.0,1.0,1,P1_CV0,1,1,1,1,1
2,2536859.926,708059.4624,Age0_F2_m2f2_P2_Y0_UO293,R2_F2_m-1f-1_P2_Y-1_U100,R2_F2_m-1f-1_P2_Y-1_U39,FXX,0,31.020387887471585,0,0,0.0,0,0,0,0.0,1.0,1,P1_CV0,1,0,2,2,0
2,2536859.926,708059.4624,Age0_F2_m2f2_P2_Y0_UO294,R2_F2_m-1f-1_P2_Y-1_U98,R2_F2_m-1f-1_P2_Y-1_U88,MXY,0,31.020387887471585,0,0,0.0,0,0,0,0.0,0.25,1,P1_CV0,1,1,1,1,1
2,2536859.926,708059.4624,Age0_F2_m2f2_P2_Y0_UO295,R2_F2_m-1f-1_P2_Y-1_U98,R2_F2_m-1f-1_P2_Y-1_U88,MXY,0,31.020387887471585,0,0,0.0,0,0,0,0.0,0.25,1,P1_CV0,1,2,0,0,2
2,2536859.926,708059.4624,Age0_F2_m2f2_P2_Y0_UO296,R2_F2_m-1f-1_P2_Y-1_U98,R2_F2_m-1f-1_P2_Y-1_U88,MXY,0,31.020387887471585,0,0,0.0,0,0,0,0.0,0.25,1,P1_CV0,1,2,0,2,0
2,2536859.926,708059.4624,Age0_F2_m2f2_P2_Y0_UO297,R2_F2_m-1f-1_P2_Y-1_U98,R2_F2_m-1f-1_P2_Y-1_U88,FXX,0,31.020387887471585,0,0,0.0,0,0,0,0.0,0.25,1,P1_CV0,1,1,1,0,2
2,2536859.926,708059.4624,Age0_F2_m2f2_P2_Y0_UO298,R2_F2_m-1f-1_P2_Y-1_U98,R2_F2_m-1f-1_P2_Y-1_U88,FXX,0,31.020387887471585,0,0,0.0,0,0,0,0.0,0.25,1,P1_CV0,1,2,0,1,1
2,2536859.926,708059.4624,Age0_F2_m2f2_P2_Y0_UO304,R2_F2_m-1f-1_P2_Y-1_U35,R2_F2_m-1f-1_P2_Y-1_U55,FXX,0,31.020387887471585,0,0,0.0,0,0,0,0.0,0.75,1,P1_CV0,1,0,2,1,1
2,2536859.926,708059.4624,Age0_F2_m2f2_P2_Y0_UO305,R2_F2_m-1f-1_P2_Y-1_U35,R2_F2_m-1f-1_P2_Y-1_U55,FXX,0,31.020387887471585,0,0,0.0,0,0,0,0.0,0.75,1,P1_CV0,1,0,2,1,1
2,2536859.926,708059.4624,Age0_F2_m2f2_P2_Y0_UO306,R2_F2_m-1f-1_P2_Y-1_U35,R2_F2_m-1f-1_P2_Y-1_U55,MXY,0,31.020387887471585,0,0,0.0,0,0,0,0.0,0.75,1,P1_CV0,1,1,1,0,2
2,2536859.926,708059.4624,Age0_F2_m2f2_P2_Y0_UO310,R2_F2_m-1f-1_P2_Y-1_U98,R2_F2_m-1f-1_P2_Y-1_U33,FXX,0,31.020387887471585,0,0,0.0,0,0,0,0.0,0.75,1,P1_CV0,1,0,2,0,2
2,2536859.926,708059.4624,Age0_F2_m2f2_P2_Y0_UO311,R2_F2_m-1f-1_P2_Y-1_U98,R2_F2_m-1f-1_P2_Y-1_U33,FXX,0,31.020387887471585,0,0,0.0,0,0,0,0.0,0.75,1,P1_CV0,1,1,1,1,1
2,2536859.926,708059.4624,Age0_F2_m2f2_P2_Y0_UO312,R2_F2_m-1f-1_P2_Y-1_U98,R2_F2_m-1f-1_P2_Y-1_U33,MXY,0,31.020387887471585,0,0,0.0,0,0,0,0.0,0.75,1,P1_CV0,1,1,1,1,1
2,2536859.926,708059.4624,Age0_F2_m2f2_P2_Y0_UO313,R2_F2_m-1f-1_P2_Y-1_U98,R2_F2_m-1f-1_P2_Y-1_U33,FXX,0,31.020387887471585,0,0,0.0,0,0,0,0.0,0.75,1,P1_CV0,1,1,1,1,1
2,2536859.926,708059.4624,Age0_F2_m2f2_P2_Y0_UO314,R2_F2_m-1f-1_P2_Y-1_U98,R2_F2_m-1f-1_P2_Y-1_U33,MXY,0,31.020387887471585,0,0,0.0,0,0,0,0.0,0.75,1,P1_CV0,1,2,0,2,0
2,2536859.926,708059.4624,Age0_F2_m2f2_P2_Y0_UO315,R2_F2_m-1f-1_P2_Y-1_U98,R2_F2_m-1f-1_P2_Y-1_U33,FXX,0,31.020387887471585,0,0,0.0,0,0,0,0.0,0.75,1,P1_CV0,1,0,2,2,0
2,2536859.926,708059.4624,Age0_F2_m2f2_P2_Y0_UO316,R2_F2_m-1f-1_P2_Y-1_U98,R2_F2_m-1f-1_P2_Y-1_U33,MXY,0,31.020387887471585,0,0,0.0,0,0,0,0.0,0.75,1,P1_CV0,1,0,2,1,1
2,2536859.926,708059.4624,Age0_F2_m2f2_P2_Y0_UO317,R2_F2_m-1f-1_P2_Y-1_U98,R2_F2_m-1f-1_P2_Y-1_U33,FXX,0,31.020387887471585,0,0,0.0,0,0,0,0.0,0.75,1,P1_CV0,1,2,0,1,1
2,2536859.926,708059.4624,Age0_F2_m2f2_P2_Y0_UO360,R2_F2_m-1f-1_P2_Y-1_U101,R2_F2_m-1f-1_P2_Y-1_U111,MXY,0,31.020387887471585,0,0,0.0,0,0,0,0.0,0.75,1,P1_CV0,1,0,2,2,0
2,2536859.926,708059.4624,Age0_F2_m2f2_P2_Y0_UO361,R2_F2_m-1f-1_P2_Y-1_U101,R2_F2_m-1f-1_P2_Y-1_U111,MXY,0,31.020387887471585,0,0,0.0,0,0,0,0.0,0.75,1,P1_CV0,1,1,1,2,0
2,2536859.926,708059.4624,Age0_F2_m2f2_P2_Y0_UO406,R2_F2_m-1f-1_P2_Y-1_U143,R2_F2_m-1f-1_P2_Y-1_U114,MXY,0,31.020387887471585,0,0,0.0,0,0,0,0.0,0.5,1,P1_CV0,1,1,1,1,1
2,2536859.926,708059.4624,Age0_F2_m2f2_P2_Y0_UO407,R2_F2_m-1f-1_P2_Y-1_U143,R2_F2_m-1f-1_P2_Y-1_U114,MXY,0,31.020387887471585,0,0,0.0,0,0,0,0.0,0.5,1,P1_CV0,1,0,2,1,1
2,2536859.926,708059.4624,Age0_F2_m2f2_P2_Y0_UO416,R2_F2_m-1f-1_P2_Y-1_U66,R2_F2_m-1f-1_P2_Y-1_U59,MXY,0,31.020387887471585,0,0,0.0,0,0,0,0.0,0.5,1,P1_CV0,1,2,0,1,1
2,2536859.926,708059.4624,Age0_F2_m2f2_P2_Y0_UO417,R2_F2_m-1f-1_P2_Y-1_U66,R2_F2_m-1f-1_P2_Y-1_U59,MXY,0,31.020387887471585,0,0,0.0,0,0,0,0.0,0.5,1,P1_CV0,1,2,0,1,1
2,2536859.926,708059.4624,Age0_F2_m2f2_P2_Y0_UO418,R2_F2_m-1f-1_P2_Y-1_U66,R2_F2_m-1f-1_P2_Y-1_U59,MXY,0,31.020387887471585,0,0,0.0,0,0,0,0.0,0.5,1,P1_CV0,1,1,1,1,1
2,2536859.926,708059.4624,Age0_F2_m2f2_P2_Y0_UO419,R2_F2_m-1f-1_P2_Y-1_U66,R2_F2_m-1f-1_P2_Y-1_U59,MXY,0,31.020387887471585,0,0,0.0,0,0,0,0.0,0.5,1,P1_CV0,1,1,1,2,0
2,2536859.926,708059.4624,Age0_F2_m2f2_P2_Y0_UO420,R2_F2_m-1f-1_P2_Y-1_U66,R2_F2_m-1f-1_P2_Y-1_U59,MXY,0,31.020387887471585,0,0,0.0,0,0,0,0.0,0.5,1,P1_CV0,1,2,0,2,0
2,2536859.926,708059.4624,Age0_F2_m2f2_P2_Y0_UO421,R2_F2_m-1f-1_P2_Y-1_U81,R2_F2_m-1f-1_P2_Y-1_U59,MXY,0,31.020387887471585,0,0,0.0,0,0,0,0.0,0.5,1,P1_CV0,1,0,2,1,1
2,2536859.926,708059.4624,Age0_F2_m2f2_P2_Y0_UO422,R2_F2_m-1f-1_P2_Y-1_U81,R2_F2_m-1f-1_P2_Y-1_U59,MXY,0,31.020387887471585,0,0,0.0,0,0,0,0.0,0.5,1,P1_CV0,1,1,1,0,2
2,2536859.926,708059.4624,Age0_F2_m2f2_P2_Y0_UO491,R2_F2_m-1f-1_P2_Y-1_U56,R2_F2_m-1f-1_P2_Y-1_U114,FXX,0,31.020387887471585,0,0,0.0,0,0,0,0.0,0.25,1,P1_CV0,1,1,1,1,1
2,2536859.926,708059.4624,Age0_F2_m2f2_P2_Y0_UO492,R2_F2_m-1f-1_P2_Y-1_U56,R2_F2_m-1f-1_P2_Y-1_U114,FXX,0,31.020387887471585,0,0,0.0,0,0,0,0.0,0.25,1,P1_CV0,1,2,0,1,1
2,2536859.926,708059.4624,Age0_F2_m2f2_P2_Y0_UO493,R2_F2_m-1f-1_P2_Y-1_U56,R2_F2_m-1f-1_P2_Y-1_U114,FXX,0,31.020387887471585,0,0,0.0,0,0,0,0.0,0.25,1,P1_CV0,1,1,1,0,2
2,2536859.926,708059.4624,Age0_F2_m2f2_P2_Y0_UO500,R2_F2_m-1f-1_P2_Y-1_U35,R2_F2_m-1f-1_P2_Y-1_U132,MXY,0,31.020387887471585,0,0,0.0,0,0,0,0.0,0.5,1,P1_CV0,1,1,1,2,0
2,2536859.926,708059.4624,Age0_F2_m2f2_P2_Y0_UO501,R2_F2_m-1f-1_P2_Y-1_U35,R2_F2_m-1f-1_P2_Y-1_U132,MXY,0,31.020387887471585,0,0,0.0,0,0,0,0.0,0.5,1,P1_CV0,1,1,1,0,2
2,2536859.926,708059.4624,Age0_F2_m2f2_P2_Y0_UO502,R2_F2_m-1f-1_P2_Y-1_U35,R2_F2_m-1f-1_P2_Y-1_U132,MXY,0,31.020387887471585,0,0,0.0,0,0,0,0.0,0.5,1,P1_CV0,1,0,2,1,1
2,2536859.926,708059.4624,Age0_F2_m2f2_P2_Y0_UO503,R2_F2_m-1f-1_P2_Y-1_U101,R2_F2_m-1f-1_P2_Y-1_U96,FXX,0,31.020387887471585,0,0,0.0,0,0,0,0.0,0.75,1,P1_CV0,1,2,0,2,0
2,2536859.926,708059.4624,Age0_F2_m2f2_P2_Y0_UO504,R2_F2_m-1f-1_P2_Y-1_U101,R2_F2_m-1f-1_P2_Y-1_U96,MXY,0,31.020387887471585,0,0,0.0,0,0,0,0.0,0.75,1,P1_CV0,1,2,0,1,1
2,2536859.926,708059.4624,Age0_F2_m2f2_P2_Y0_UO511,R2_F2_m-1f-1_P2_Y-1_U121,R2_F2_m-1f-1_P2_Y-1_U48,MXY,0,31.020387887471585,0,0,0.0,0,0,0,0.0,0.75,1,P1_CV0,1,1,1,1,1
2,2536859.926,708059.4624,Age0_F2_m2f2_P2_Y0_UO512,R2_F2_m-1f-1_P2_Y-1_U121,R2_F2_m-1f-1_P2_Y-1_U48,FXX,0,31.020387887471585,0,0,0.0,0,0,0,0.0,0.75,1,P1_CV0,1,2,0,0,2
2,2536859.926,708059.4624,Age0_F2_m2f2_P2_Y0_UO513,R2_F2_m-1f-1_P2_Y-1_U121,R2_F2_m-1f-1_P2_Y-1_U48,MXY,0,31.020387887471585,0,0,0.0,0,0,0,0.0,0.75,1,P1_CV0,1,0,2,0,2
2,2536859.926,708059.4624,Age0_F2_m2f2_P2_Y0_UO528,R2_F2_m-1f-1_P2_Y-1_U101,R2_F2_m-1f-1_P2_Y-1_U108,FXX,0,31.020387887471585,0,0,0.0,0,0,0,0.0,0.75,1,P1_CV0,1,1,1,2,0
2,2536859.926,708059.4624,Age0_F2_m2f2_P2_Y0_UO529,R2_F2_m-1f-1_P2_Y-1_U101,R2_F2_m-1f-1_P2_Y-1_U108,MXY,0,31.020387887471585,0,0,0.0,0,0,0,0.0,0.75,1,P1_CV0,1,2,0,1,1
2,2536859.926,708059.4624,Age0_F2_m2f2_P2_Y0_UO530,R2_F2_m-1f-1_P2_Y-1_U101,R2_F2_m-1f-1_P2_Y-1_U108,MXY,0,31.020387887471585,0,0,0.0,0,0,0,0.0,0.75,1,P1_CV0,1,2,0,2,0
2,2536859.926,708059.4624,Age0_F2_m2f2_P2_Y0_UO535,R2_F2_m-1f-1_P2_Y-1_U137,R2_F2_m-1f-1_P2_Y-1_U13,MXY,0,31.020387887471585,0,0,0.0,0,0,0,0.0,0.75,1,P1_CV0,1,0,2,0,2
2,2536859.926,708059.4624,Age0_F2_m2f2_P2_Y0_UO536,R2_F2_m-1f-1_P2_Y-1_U137,R2_F2_m-1f-1_P2_Y-1_U13,FXX,0,31.020387887471585,0,0,0.0,0,0,0,0.0,0.75,1,P1_CV0,1,2,0,0,2
2,2536859.926,708059.4624,Age0_F2_m2f2_P2_Y0_UO577,R2_F2_m-1f-1_P2_Y-1_U134,R2_F2_m-1f-1_P2_Y-1_U108,FXX,0,31.020387887471585,0,0,0.0,0,0,0,0.0,0.75,1,P1_CV0,1,1,1,1,1
2,2536859.926,708059.4624,Age0_F2_m2f2_P2_Y0_UO578,R2_F2_m-1f-1_P2_Y-1_U134,R2_F2_m-1f-1_P2_Y-1_U108,FXX,0,31.020387887471585,0,0,0.0,0,0,0,0.0,0.75,1,P1_CV0,1,1,1,1,1
2,2536859.926,708059.4624,Age0_F2_m2f2_P2_Y0_UO579,R2_F2_m-1f-1_P2_Y-1_U134,R2_F2_m-1f-1_P2_Y-1_U108,MXY,0,31.020387887471585,0,0,0.0,0,0,0,0.0,0.75,1,P1_CV0,1,1,1,2,0
2,2536859.926,708059.4624,Age0_F2_m2f2_P2_Y0_UO591,R2_F2_m-1f-1_P2_Y-1_U44,R2_F2_m-1f-1_P2_Y-1_U65,FXX,0,31.020387887471585,0,0,0.0,0,0,0,0.0,0.75,1,P1_CV0,1,1,1,1,1
2,2536859.926,708059.4624,Age0_F2_m2f2_P2_Y0_UO592,R2_F2_m-1f-1_P2_Y-1_U44,R2_F2_m-1f-1_P2_Y-1_U65,MXY,0,31.020387887471585,0,0,0.0,0,0,0,0.0,0.75,1,P1_CV0,1,1,1,2,0
2,2536859.926,708059.4624,Age0_F2_m2f2_P2_Y0_UO593,R2_F2_m-1f-1_P2_Y-1_U44,R2_F2_m-1f-1_P2_Y-1_U65,MXY,0,31.020387887471585,0,0,0.0,0,0,0,0.0,0.75,1,P1_CV0,1,1,1,1,1
2,2536859.926,708059.4624,Age0_F2_m2f2_P2_Y0_UO600,R2_F2_m-1f-1_P2_Y-1_U121,R2_F2_m-1f-1_P2_Y-1_U65,FXX,0,31.020387887471585,0,0,0.0,0,0,0,0.0,0.75,1,P1_CV0,1,0,2,1,1
2,2536859.926,708059.4624,Age0_F2_m2f2_P2_Y0_UO601,R2_F2_m-1f-1_P2_Y-1_U121,R2_F2_m-1f-1_P2_Y-1_U65,MXY,0,31.020387887471585,0,0,0.0,0,0,0,0.0,0.75,1,P1_CV0,1,2,0,0,2
2,2536859.926,708059.4624,Age0_F2_m2f2_P2_Y0_UO602,R2_F2_m-1f-1_P2_Y-1_U121,R2_F2_m-1f-1_P2_Y-1_U65,FXX,0,31.020387887471585,0,0,0.0,0,0,0,0.0,0.75,1,P1_CV0,1,1,1,1,1
2,2536859.926,708059.4624,Age0_F2_m2f2_P2_Y0_UO603,R2_F2_m-1f-1_P2_Y-1_U121,R2_F2_m-1f-1_P2_Y-1_U65,FXX,0,31.020387887471585,0,0,0.0,0,0,0,0.0,0.75,1,P1_CV0,1,1,1,0,2
2,2536859.926,708059.4624,Age0_F2_m2f2_P2_Y0_UO604,R2_F2_m-1f-1_P2_Y-1_U121,R2_F2_m-1f-1_P2_Y-1_U65,FXX,0,31.020387887471585,0,0,0.0,0,0,0,0.0,0.75,1,P1_CV0,1,2,0,1,1
2,2536859.926,708059.4624,Age0_F2_m2f2_P2_Y0_UO605,R2_F2_m-1f-1_P2_Y-1_U121,R2_F2_m-1f-1_P2_Y-1_U65,MXY,0,31.020387887471585,0,0,0.0,0,0,0,0.0,0.75,1,P1_CV0,1,1,1,1,1
2,2536859.926,708059.4624,Age0_F2_m2f2_P2_Y0_UO621,R2_F2_m-1f-1_P2_Y-1_U66,R2_F2_m-1f-1_P2_Y-1_U89,MXY,0,31.020387887471585,0,0,0.0,0,0,0,0.0,0.75,1,P1_CV0,1,2,0,1,1
2,2536859.926,708059.4624,Age0_F2_m2f2_P2_Y0_UO622,R2_F2_m-1f-1_P2_Y-1_U66,R2_F2_m-1f-1_P2_Y-1_U89,FXX,0,31.020387887471585,0,0,0.0,0,0,0,0.0,0.75,1,P1_CV0,1,2,0,2,0
2,2536859.926,708059.4624,Age0_F2_m2f2_P2_Y0_UO623,R2_F2_m-1f-1_P2_Y-1_U66,R2_F2_m-1f-1_P2_Y-1_U89,FXX,0,31.020387887471585,0,0,0.0,0,0,0,0.0,0.75,1,P1_CV0,1,1,1,1,1
2,2536859.926,708059.4624,Age0_F2_m2f2_P2_Y0_UO624,R2_F2_m-1f-1_P2_Y-1_U66,R2_F2_m-1f-1_P2_Y-1_U89,FXX,0,31.020387887471585,0,0,0.0,0,0,0,0.0,0.75,1,P1_CV0,1,1,1,2,0
2,2536859.926,708059.4624,Age0_F2_m2f2_P2_Y0_UO625,R2_F2_m-1f-1_P2_Y-1_U66,R2_F2_m-1f-1_P2_Y-1_U89,MXY,0,31.020387887471585,0,0,0.0,0,0,0,0.0,0.75,1,P1_CV0,1,1,1,1,1
2,2536859.926,708059.4624,Age0_F2_m2f2_P2_Y0_UO626,R2_F2_m-1f-1_P2_Y-1_U66,R2_F2_m-1f-1_P2_Y-1_U89,FXX,0,31.020387887471585,0,0,0.0,0,0,0,0.0,0.75,1,P1_CV0,1,0,2,0,2
2,2536859.926,708059.4624,Age0_F2_m2f2_P2_Y0_UO627,R2_F2_m-1f-1_P2_Y-1_U66,R2_F2_m-1f-1_P2_Y-1_U89,MXY,0,31.020387887471585,0,0,0.0,0,0,0,0.0,0.75,1,P1_CV0,1,0,2,1,1
2,2536859.926,708059.4624,Age0_F2_m2f2_P2_Y0_UO628,R2_F2_m-1f-1_P2_Y-1_U66,R2_F2_m-1f-1_P2_Y-1_U89,FXX,0,31.020387887471585,0,0,0.0,0,0,0,0.0,0.75,1,P1_CV0,1,2,0,0,2
2,2536859.926,708059.4624,Age0_F2_m2f2_P2_Y0_UO629,R2_F2_m-1f-1_P2_Y-1_U66,R2_F2_m-1f-1_P2_Y-1_U89,FXX,0,31.020387887471585,0,0,0.0,0,0,0,0.0,0.75,1,P1_CV0,1,1,1,1,1
2,2536859.926,708059.4624,Age0_F2_m2f2_P2_Y0_UO630,R2_F2_m-1f-1_P2_Y-1_U66,R2_F2_m-1f-1_P2_Y-1_U89,MXY,0,31.020387887471585,0,0,0.0,0,0,0,0.0,0.75,1,P1_CV0,1,1,1,2,0
2,2536859.926,708059.4624,Age0_F2_m2f2_P2_Y0_UO638,R2_F2_m-1f-1_P2_Y-1_U0,R2_F2_m-1f-1_P2_Y-1_U92,FXX,0,31.020387887471585,0,0,0.0,0,0,0,0.0,0.25,1,P1_CV0,1,2,0,2,0
2,2536859.926,708059.4624,Age0_F2_m2f2_P2_Y0_UO639,R2_F2_m-1f-1_P2_Y-1_U0,R2_F2_m-1f-1_P2_Y-1_U92,MXY,0,31.020387887471585,0,0,0.0,0,0,0,0.0,0.25,1,P1_CV0,1,1,1,1,1
2,2536859.926,708059.4624,Age0_F2_m2f2_P2_Y0_UO640,R2_F2_m-1f-1_P2_Y-1_U0,R2_F2_m-1f-1_P2_Y-1_U92,FXX,0,31.020387887471585,0,0,0.0,0,0,0,0.0,0.25,1,P1_CV0,1,0,2,2,0
2,2536859.926,708059.4624,Age0_F2_m2f2_P2_Y0_UO641,R2_F2_m-1f-1_P2_Y-1_U0,R2_F2_m-1f-1_P2_Y-1_U92,FXX,0,31.020387887471585,0,0,0.0,0,0,0,0.0,0.25,1,P1_CV0,1,1,1,2,0
2,2536859.926,708059.4624,Age0_F2_m2f2_P2_Y0_UO642,R2_F2_m-1f-1_P2_Y-1_U0,R2_F2_m-1f-1_P2_Y-1_U92,FXX,0,31.020387887471585,0,0,0.0,0,0,0,0.0,0.25,1,P1_CV0,1,1,1,2,0
2,2536859.926,708059.4624,Age0_F2_m2f2_P2_Y0_UO643,R2_F2_m-1f-1_P2_Y-1_U0,R2_F2_m-1f-1_P2_Y-1_U92,FXX,0,31.020387887471585,0,0,0.0,0,0,0,0.0,0.25,1,P1_CV0,1,2,0,0,2
2,2536859.926,708059.4624,Age0_F2_m2f2_P2_Y0_UO644,R2_F2_m-1f-1_P2_Y-1_U0,R2_F2_m-1f-1_P2_Y-1_U92,MXY,0,31.020387887471585,0,0,0.0,0,0,0,0.0,0.25,1,P1_CV0,1,1,1,0,2
2,2536859.926,708059.4624,Age0_F2_m2f2_P2_Y0_UO645,R2_F2_m-1f-1_P2_Y-1_U0,R2_F2_m-1f-1_P2_Y-1_U92,FXX,0,31.020387887471585,0,0,0.0,0,0,0,0.0,0.25,1,P1_CV0,1,1,1,0,2
2,2536859.926,708059.4624,Age0_F2_m2f2_P2_Y0_UO646,R2_F2_m-1f-1_P2_Y-1_U0,R2_F2_m-1f-1_P2_Y-1_U92,FXX,0,31.020387887471585,0,0,0.0,0,0,0,0.0,0.25,1,P1_CV0,1,1,1,1,1
2,2536859.926,708059.4624,Age0_F2_m2f2_P2_Y0_UO647,R2_F2_m-1f-1_P2_Y-1_U0,R2_F2_m-1f-1_P2_Y-1_U92,FXX,0,31.020387887471585,0,0,0.0,0,0,0,0.0,0.25,1,P1_CV0,1,2,0,2,0
2,2536859.926,708059.4624,Age0_F2_m2f2_P2_Y0_UO654,R2_F2_m-1f-1_P2_Y-1_U100,R2_F2_m-1f-1_P2_Y-1_U113,MXY,0,31.020387887471585,0,0,0.0,0,0,0,0.0,1.0,1,P1_CV0,1,2,0,1,1
2,2536859.926,708059.4624,Age0_F2_m2f2_P2_Y0_UO655,R2_F2_m-1f-1_P2_Y-1_U100,R2_F2_m-1f-1_P2_Y-1_U113,FXX,0,31.020387887471585,0,0,0.0,0,0,0,0.0,1.0,1,P1_CV0,1,1,1,1,1
2,2536859.926,708059.4624,Age0_F2_m2f2_P2_Y0_UO656,R2_F2_m-1f-1_P2_Y-1_U100,R2_F2_m-1f-1_P2_Y-1_U113,FXX,0,31.020387887471585,0,0,0.0,0,0,0,0.0,1.0,1,P1_CV0,1,2,0,1,1
2,2536859.926,708059.4624,Age0_F2_m2f2_P2_Y0_UO668,R2_F2_m-1f-1_P2_Y-1_U101,R2_F2_m-1f-1_P2_Y-1_U67,FXX,0,31.020387887471585,0,0,0.0,0,0,0,0.0,0.75,1,P1_CV0,1,1,1,0,2
2,2536859.926,708059.4624,Age0_F2_m2f2_P2_Y0_UO748,R2_F2_m-1f-1_P2_Y-1_U100,R2_F2_m-1f-1_P2_Y-1_U88,MXY,0,31.020387887471585,0,0,0.0,0,0,0,0.0,0.5,1,P1_CV0,1,0,2,0,2
2,2536859.926,708059.4624,Age0_F2_m2f2_P2_Y0_UO749,R2_F2_m-1f-1_P2_Y-1_U100,R2_F2_m-1f-1_P2_Y-1_U88,MXY,0,31.020387887471585,0,0,0.0,0,0,0,0.0,0.5,1,P1_CV0,1,1,1,1,1
2,2536859.926,708059.4624,Age0_F2_m2f2_P2_Y0_UO750,R2_F2_m-1f-1_P2_Y-1_U100,R2_F2_m-1f-1_P2_Y-1_U88,MXY,0,31.020387887471585,0,0,0.0,0,0,0,0.0,0.5,1,P1_CV0,1,0,2,2,0
2,2536859.926,708059.4624,Age0_F2_m2f2_P2_Y0_UO751,R2_F2_m-1f-1_P2_Y-1_U100,R2_F2_m-1f-1_P2_Y-1_U88,FXX,0,31.020387887471585,0,0,0.0,0,0,0,0.0,0.5,1,P1_CV0,1,0,2,1,1
2,2536859.926,708059.4624,Age0_F2_m2f2_P2_Y0_UO752,R2_F2_m-1f-1_P2_Y-1_U100,R2_F2_m-1f-1_P2_Y-1_U88,MXY,0,31.020387887471585,0,0,0.0,0,0,0,0.0,0.5,1,P1_CV0,1,1,1,2,0
2,2536859.926,708059.4624,Age0_F2_m2f2_P2_Y0_UO770,R2_F2_m-1f-1_P2_Y-1_U35,R2_F2_m-1f-1_P2_Y-1_U96,MXY,0,31.020387887471585,0,0,0.0,0,0,0,0.0,1.0,1,P1_CV0,1,0,2,1,1
2,2536859.926,708059.4624,Age0_F2_m2f2_P2_Y0_UO771,R2_F2_m-1f-1_P2_Y-1_U35,R2_F2_m-1f-1_P2_Y-1_U96,FXX,0,31.020387887471585,0,0,0.0,0,0,0,0.0,1.0,1,P1_CV0,1,2,0,0,2
2,2536859.926,708059.4624,Age0_F2_m2f2_P2_Y0_UO772,R2_F2_m-1f-1_P2_Y-1_U35,R2_F2_m-1f-1_P2_Y-1_U96,MXY,0,31.020387887471585,0,0,0.0,0,0,0,0.0,1.0,1,P1_CV0,1,2,0,1,1
2,2536859.926,708059.4624,Age0_F2_m2f2_P2_Y0_UO773,R2_F2_m-1f-1_P2_Y-1_U35,R2_F2_m-1f-1_P2_Y-1_U96,FXX,0,31.020387887471585,0,0,0.0,0,0,0,0.0,1.0,1,P1_CV0,1,1,1,1,1
2,2536859.926,708059.4624,Age0_F2_m2f2_P2_Y0_UO786,R2_F2_m-1f-1_P2_Y-1_U83,R2_F2_m-1f-1_P2_Y-1_U33,MXY,0,31.020387887471585,0,0,0.0,0,0,0,0.0,1.0,1,P1_CV0,1,1,1,1,1
2,2536859.926,708059.4624,Age0_F2_m2f2_P2_Y0_UO787,R2_F2_m-1f-1_P2_Y-1_U83,R2_F2_m-1f-1_P2_Y-1_U33,MXY,0,31.020387887471585,0,0,0.0,0,0,0,0.0,1.0,1,P1_CV0,1,1,1,0,2
2,2536859.926,708059.4624,Age0_F2_m2f2_P2_Y0_UO788,R2_F2_m-1f-1_P2_Y-1_U83,R2_F2_m-1f-1_P2_Y-1_U33,MXY,0,31.020387887471585,0,0,0.0,0,0,0,0.0,1.0,1,P1_CV0,1,1,1,0,2
2,2536859.926,708059.4624,Age0_F2_m2f2_P2_Y0_UO815,R2_F2_m-1f-1_P2_Y-1_U121,R2_F2_m-1f-1_P2_Y-1_U49,MXY,0,31.020387887471585,0,0,0.0,0,0,0,0.0,0.5,1,P1_CV0,1,1,1,0,2
2,2536859.926,708059.4624,Age0_F2_m2f2_P2_Y0_UO816,R2_F2_m-1f-1_P2_Y-1_U26,R2_F2_m-1f-1_P2_Y-1_U146,MXY,0,31.020387887471585,0,0,0.0,0,0,0,0.0,1.0,1,P1_CV0,1,1,1,0,2
2,2536859.926,708059.4624,Age0_F2_m2f2_P2_Y0_UO817,R2_F2_m-1f-1_P2_Y-1_U26,R2_F2_m-1f-1_P2_Y-1_U146,FXX,0,31.020387887471585,0,0,0.0,0,0,0,0.0,1.0,1,P1_CV0,1,2,0,0,2
2,2536859.926,708059.4624,Age0_F2_m2f2_P2_Y0_UO818,R2_F2_m-1f-1_P2_Y-1_U26,R2_F2_m-1f-1_P2_Y-1_U146,FXX,0,31.020387887471585,0,0,0.0,0,0,0,0.0,1.0,1,P1_CV0,1,1,1,1,1
2,2536859.926,708059.4624,Age0_F2_m2f2_P2_Y0_UO837,R2_F2_m-1f-1_P2_Y-1_U66,R2_F2_m-1f-1_P2_Y-1_U94,MXY,0,31.020387887471585,0,0,0.0,0,0,0,0.0,0.5,1,P1_CV0,1,2,0,2,0
2,2536859.926,708059.4624,Age0_F2_m2f2_P2_Y0_UO838,R2_F2_m-1f-1_P2_Y-1_U66,R2_F2_m-1f-1_P2_Y-1_U94,MXY,0,31.020387887471585,0,0,0.0,0,0,0,0.0,0.5,1,P1_CV0,1,1,1,2,0
2,2536859.926,708059.4624,Age0_F2_m2f2_P2_Y0_UO839,R2_F2_m-1f-1_P2_Y-1_U66,R2_F2_m-1f-1_P2_Y-1_U94,MXY,0,31.020387887471585,0,0,0.0,0,0,0,0.0,0.5,1,P1_CV0,1,1,1,1,1
2,2536859.926,708059.4624,Age0_F2_m2f2_P2_Y0_UO840,R2_F2_m-1f-1_P2_Y-1_U66,R2_F2_m-1f-1_P2_Y-1_U94,MXY,0,31.020387887471585,0,0,0.0,0,0,0,0.0,0.5,1,P1_CV0,1,2,0,0,2
2,2536859.926,708059.4624,Age0_F2_m2f2_P2_Y0_UO841,R2_F2_m-1f-1_P2_Y-1_U66,R2_F2_m-1f-1_P2_Y-1_U94,MXY,0,31.020387887471585,0,0,0.0,0,0,0,0.0,0.5,1,P1_CV0,1,1,1,2,0
2,2536859.926,708059.4624,Age0_F2_m2f2_P2_Y0_UO876,R2_F2_m-1f-1_P2_Y-1_U26,R2_F2_m-1f-1_P2_Y-1_U103,FXX,0,31.020387887471585,0,0,0.0,0,0,0,0.0,0.75,1,P1_CV0,1,1,1,0,2
2,2536859.926,708059.4624,Age0_F2_m2f2_P2_Y0_UO877,R2_F2_m-1f-1_P2_Y-1_U26,R2_F2_m-1f-1_P2_Y-1_U48,FXX,0,31.020387887471585,0,0,0.0,0,0,0,0.0,1.0,1,P1_CV0,1,1,1,1,1
2,2536859.926,708059.4624,Age0_F2_m2f2_P2_Y0_UO878,R2_F2_m-1f-1_P2_Y-1_U44,R2_F2_m-1f-1_P2_Y-1_U119,MXY,0,31.020387887471585,0,0,0.0,0,0,0,0.0,0.5,1,P1_CV0,1,1,1,2,0
2,2536859.926,708059.4624,Age0_F2_m2f2_P2_Y0_UO879,R2_F2_m-1f-1_P2_Y-1_U44,R2_F2_m-1f-1_P2_Y-1_U119,FXX,0,31.020387887471585,0,0,0.0,0,0,0,0.0,0.5,1,P1_CV0,1,1,1,2,0
2,2536859.926,708059.4624,Age0_F2_m2f2_P2_Y0_UO880,R2_F2_m-1f-1_P2_Y-1_U0,R2_F2_m-1f-1_P2_Y-1_U67,FXX,0,31.020387887471585,0,0,0.0,0,0,0,0.0,0.5,1,P1_CV0,1,1,1,2,0
2,2536859.926,708059.4624,Age0_F2_m2f2_P2_Y0_UO881,R2_F2_m-1f-1_P2_Y-1_U0,R2_F2_m-1f-1_P2_Y-1_U67,MXY,0,31.020387887471585,0,0,0.0,0,0,0,0.0,0.5,1,P1_CV0,1,2,0,2,0
2,2536859.926,708059.4624,Age0_F2_m2f2_P2_Y0_UO882,R2_F2_m-1f-1_P2_Y-1_U0,R2_F2_m-1f-1_P2_Y-1_U67,FXX,0,31.020387887471585,0,0,0.0,0,0,0,0.0,0.5,1,P1_CV0,1,0,2,1,1
2,2536859.926,708059.4624,Age0_F2_m2f2_P2_Y0_UO883,R2_F2_m-1f-1_P2_Y-1_U0,R2_F2_m-1f-1_P2_Y-1_U67,MXY,0,31.020387887471585,0,0,0.0,0,0,0,0.0,0.5,1,P1_CV0,1,0,2,2,0
2,2536859.926,708059.4624,Age0_F2_m2f2_P2_Y0_UO884,R2_F2_m-1f-1_P2_Y-1_U0,R2_F2_m-1f-1_P2_Y-1_U67,FXX,0,31.020387887471585,0,0,0.0,0,0,0,0.0,0.5,1,P1_CV0,1,1,1,2,0
2,2536859.926,708059.4624,Age0_F2_m2f2_P2_Y0_UO885,R2_F2_m-1f-1_P2_Y-1_U0,R2_F2_m-1f-1_P2_Y-1_U67,FXX,0,31.020387887471585,0,0,0.0,0,0,0,0.0,0.5,1,P1_CV0,1,1,1,1,1
2,2536859.926,708059.4624,Age0_F2_m2f2_P2_Y0_UO886,R2_F2_m-1f-1_P2_Y-1_U0,R2_F2_m-1f-1_P2_Y-1_U67,MXY,0,31.020387887471585,0,0,0.0,0,0,0,0.0,0.5,1,P1_CV0,1,1,1,1,1
2,2536859.926,708059.4624,Age0_F2_m2f2_P2_Y0_UO887,R2_F2_m-1f-1_P2_Y-1_U0,R2_F2_m-1f-1_P2_Y-1_U67,FXX,0,31.020387887471585,0,0,0.0,0,0,0,0.0,0.5,1,P1_CV0,1,2,0,1,1
2,2536859.926,708059.4624,Age0_F2_m2f2_P2_Y0_UO888,R2_F2_m-1f-1_P2_Y-1_U35,R2_F2_m-1f-1_P2_Y-1_U108,FXX,0,31.020387887471585,0,0,0.0,0,0,0,0.0,1.0,1,P1_CV0,1,0,2,0,2
2,2536859.926,708059.4624,Age0_F2_m2f2_P2_Y0_UO889,R2_F2_m-1f-1_P2_Y-1_U35,R2_F2_m-1f-1_P2_Y-1_U108,MXY,0,31.020387887471585,0,0,0.0,0,0,0,0.0,1.0,1,P1_CV0,1,2,0,1,1
2,2536859.926,708059.4624,Age0_F2_m2f2_P2_Y0_UO890,R2_F2_m-1f-1_P2_Y-1_U35,R2_F2_m-1f-1_P2_Y-1_U108,MXY,0,31.020387887471585,0,0,0.0,0,0,0,0.0,1.0,1,P1_CV0,1,1,1,0,2
2,2536859.926,708059.4624,Age0_F2_m2f2_P2_Y0_UO932,R2_F2_m-1f-1_P2_Y-1_U52,R2_F2_m-1f-1_P2_Y-1_U41,FXX,0,31.020387887471585,0,0,0.0,0,0,0,0.0,0.75,1,P1_CV0,1,1,1,2,0
2,2536859.926,708059.4624,Age0_F2_m2f2_P2_Y0_UO933,R2_F2_m-1f-1_P2_Y-1_U52,R2_F2_m-1f-1_P2_Y-1_U41,FXX,0,31.020387887471585,0,0,0.0,0,0,0,0.0,0.75,1,P1_CV0,1,0,2,1,1
2,2536859.926,708059.4624,Age0_F2_m2f2_P2_Y0_UO934,R2_F2_m-1f-1_P2_Y-1_U52,R2_F2_m-1f-1_P2_Y-1_U41,MXY,0,31.020387887471585,0,0,0.0,0,0,0,0.0,0.75,1,P1_CV0,1,0,2,1,1
2,2536859.926,708059.4624,Age0_F2_m2f2_P2_Y0_UO935,R2_F2_m-1f-1_P2_Y-1_U52,R2_F2_m-1f-1_P2_Y-1_U41,MXY,0,31.020387887471585,0,0,0.0,0,0,0,0.0,0.75,1,P1_CV0,1,2,0,0,2
2,2536859.926,708059.4624,Age0_F2_m2f2_P2_Y0_UO936,R2_F2_m-1f-1_P2_Y-1_U52,R2_F2_m-1f-1_P2_Y-1_U41,MXY,0,31.020387887471585,0,0,0.0,0,0,0,0.0,0.75,1,P1_CV0,1,0,2,0,2
2,2536859.926,708059.4624,Age0_F2_m2f2_P2_Y0_UO937,R2_F2_m-1f-1_P2_Y-1_U52,R2_F2_m-1f-1_P2_Y-1_U41,MXY,0,31.020387887471585,0,0,0.0,0,0,0,0.0,0.75,1,P1_CV0,1,1,1,1,1
2,2536859.926,708059.4624,Age0_F2_m2f2_P2_Y0_UO938,R2_F2_m-1f-1_P2_Y-1_U52,R2_F2_m-1f-1_P2_Y-1_U41,MXY,0,31.020387887471585,0,0,0.0,0,0,0,0.0,0.75,1,P1_CV0,1,1,1,2,0
2,2536859.926,708059.4624,Age0_F2_m2f2_P2_Y0_UO973,R2_F2_m-1f-1_P2_Y-1_U115,R2_F2_m-1f-1_P2_Y-1_U29,MXY,0,31.020387887471585,0,0,0.0,0,0,0,0.0,0.0,1,P1_CV0,1,1,1,1,1
2,2536859.926,708059.4624,Age0_F2_m2f2_P2_Y0_UO974,R2_F2_m-1f-1_P2_Y-1_U115,R2_F2_m-1f-1_P2_Y-1_U29,MXY,0,31.020387887471585,0,0,0.0,0,0,0,0.0,0.0,1,P1_CV0,1,1,1,1,1
2,2536859.926,708059.4624,Age0_F2_m2f2_P2_Y0_UO975,R2_F2_m-1f-1_P2_Y-1_U115,R2_F2_m-1f-1_P2_Y-1_U29,MXY,0,31.020387887471585,0,0,0.0,0,0,0,0.0,0.0,1,P1_CV0,1,1,1,2,0
2,2536859.926,708059.4624,Age0_F2_m2f2_P2_Y0_UO976,R2_F2_m-1f-1_P2_Y-1_U115,R2_F2_m-1f-1_P2_Y-1_U125,FXX,0,31.020387887471585,0,0,0.0,0,0,0,0.0,0.5,1,P1_CV0,1,2,0,2,0
2,2536859.926,708059.4624,Age0_F2_m2f2_P2_Y0_UO977,R2_F2_m-1f-1_P2_Y-1_U115,R2_F2_m-1f-1_P2_Y-1_U125,FXX,0,31.020387887471585,0,0,0.0,0,0,0,0.0,0.5,1,P1_CV0,1,1,1,0,2
2,2536859.926,708059.4624,Age0_F2_m2f2_P2_Y0_UO978,R2_F2_m-1f-1_P2_Y-1_U115,R2_F2_m-1f-1_P2_Y-1_U125,MXY,0,31.020387887471585,0,0,0.0,0,0,0,0.0,0.5,1,P1_CV0,1,2,0,2,0
2,2536859.926,708059.4624,Age0_F2_m2f2_P2_Y0_UO979,R2_F2_m-1f-1_P2_Y-1_U115,R2_F2_m-1f-1_P2_Y-1_U125,FXX,0,31.020387887471585,0,0,0.0,0,0,0,0.0,0.5,1,P1_CV0,1,0,2,1,1
2,2536859.926,708059.4624,Age0_F2_m2f2_P2_Y0_UO980,R2_F2_m-1f-1_P2_Y-1_U115,R2_F2_m-1f-1_P2_Y-1_U125,MXY,0,31.020387887471585,0,0,0.0,0,0,0,0.0,0.5,1,P1_CV0,1,1,1,0,2
2,2536859.926,708059.4624,Age0_F2_m2f2_P2_Y0_UO981,R2_F2_m-1f-1_P2_Y-1_U115,R2_F2_m-1f-1_P2_Y-1_U125,FXX,0,31.020387887471585,0,0,0.0,0,0,0,0.0,0.5,1,P1_CV0,1,1,1,1,1
2,2536859.926,708059.4624,Age0_F2_m2f2_P2_Y0_UO982,R2_F2_m-1f-1_P2_Y-1_U115,R2_F2_m-1f-1_P2_Y-1_U125,FXX,0,31.020387887471585,0,0,0.0,0,0,0,0.0,0.5,1,P1_CV0,1,0,2,1,1
2,2536859.926,708059.4624,Age0_F2_m2f2_P2_Y0_UO996,R2_F2_m-1f-1_P2_Y-1_U66,R2_F2_m-1f-1_P2_Y-1_U125,MXY,0,31.020387887471585,0,0,0.0,0,0,0,0.0,0.75,1,P1_CV0,1,0,2,1,1
2,2536859.926,708059.4624,Age0_F2_m2f2_P2_Y0_UO997,R2_F2_m-1f-1_P2_Y-1_U66,R2_F2_m-1f-1_P2_Y-1_U125,FXX,0,31.020387887471585,0,0,0.0,0,0,0,0.0,0.75,1,P1_CV0,1,1,1,1,1
2,2536859.926,708059.4624,Age0_F2_m2f2_P2_Y0_UO998,R2_F2_m-1f-1_P2_Y-1_U66,R2_F2_m-1f-1_P2_Y-1_U125,FXX,0,31.020387887471585,0,0,0.0,0,0,0,0.0,0.75,1,P1_CV0,1,1,1,1,1
2,2536859.926,708059.4624,Age0_F2_m2f2_P2_Y0_UO999,R2_F2_m-1f-1_P2_Y-1_U66,R2_F2_m-1f-1_P2_Y-1_U125,MXY,0,31.020387887471585,0,0,0.0,0,0,0,0.0,0.75,1,P1_CV0,1,1,1,0,2
2,2536859.926,708059.4624,Age0_F2_m2f2_P2_Y0_UO1000,R2_F2_m-1f-1_P2_Y-1_U66,R2_F2_m-1f-1_P2_Y-1_U125,FXX,0,31.020387887471585,0,0,0.0,0,0,0,0.0,0.75,1,P1_CV0,1,1,1,2,0
2,2536859.926,708059.4624,Age0_F2_m2f2_P2_Y0_UO1001,R2_F2_m-1f-1_P2_Y-1_U66,R2_F2_m-1f-1_P2_Y-1_U125,MXY,0,31.020387887471585,0,0,0.0,0,0,0,0.0,0.75,1,P1_CV0,1,0,2,1,1
2,2536859.926,708059.4624,Age0_F2_m2f2_P2_Y0_UO1002,R2_F2_m-1f-1_P2_Y-1_U66,R2_F2_m-1f-1_P2_Y-1_U125,FXX,0,31.020387887471585,0,0,0.0,0,0,0,0.0,0.75,1,P1_CV0,1,1,1,1,1
2,2536859.926,708059.4624,Age0_F2_m2f2_P2_Y0_UO1003,R2_F2_m-1f-1_P2_Y-1_U66,R2_F2_m-1f-1_P2_Y-1_U125,MXY,0,31.020387887471585,0,0,0.0,0,0,0,0.0,0.75,1,P1_CV0,1,2,0,1,1
2,2536859.926,708059.4624,Age0_F2_m2f2_P2_Y0_UO1004,R2_F2_m-1f-1_P2_Y-1_U17,R2_F2_m-1f-1_P2_Y-1_U104,MXY,0,31.020387887471585,0,0,0.0,0,0,0,0.0,0.25,1,P1_CV0,1,1,1,2,0
2,2536859.926,708059.4624,Age0_F2_m2f2_P2_Y0_UO1005,R2_F2_m-1f-1_P2_Y-1_U17,R2_F2_m-1f-1_P2_Y-1_U104,FXX,0,31.020387887471585,0,0,0.0,0,0,0,0.0,0.25,1,P1_CV0,1,1,1,1,1
2,2536859.926,708059.4624,Age0_F2_m2f2_P2_Y0_UO1006,R2_F2_m-1f-1_P2_Y-1_U17,R2_F2_m-1f-1_P2_Y-1_U104,FXX,0,31.020387887471585,0,0,0.0,0,0,0,0.0,0.25,1,P1_CV0,1,1,1,1,1
2,2536859.926,708059.4624,Age0_F2_m2f2_P2_Y0_UO1007,R2_F2_m-1f-1_P2_Y-1_U17,R2_F2_m-1f-1_P2_Y-1_U104,FXX,0,31.020387887471585,0,0,0.0,0,0,0,0.0,0.25,1,P1_CV0,1,1,1,2,0
2,2536859.926,708059.4624,Age0_F2_m2f2_P2_Y0_UO1016,R2_F2_m-1f-1_P2_Y-1_U98,R2_F2_m-1f-1_P2_Y-1_U102,MXY,0,31.020387887471585,0,0,0.0,0,0,0,0.0,0.5,1,P1_CV0,1,1,1,0,2
2,2536859.926,708059.4624,Age0_F2_m2f2_P2_Y0_UO1017,R2_F2_m-1f-1_P2_Y-1_U98,R2_F2_m-1f-1_P2_Y-1_U102,MXY,0,31.020387887471585,0,0,0.0,0,0,0,0.0,0.5,1,P1_CV0,1,0,2,1,1
2,2536859.926,708059.4624,Age0_F2_m2f2_P2_Y0_UO1018,R2_F2_m-1f-1_P2_Y-1_U98,R2_F2_m-1f-1_P2_Y-1_U102,MXY,0,31.020387887471585,0,0,0.0,0,0,0,0.0,0.5,1,P1_CV0,1,1,1,0,2
2,2536859.926,708059.4624,Age0_F2_m2f2_P2_Y0_UO1019,R2_F2_m-1f-1_P2_Y-1_U98,R2_F2_m-1f-1_P2_Y-1_U102,MXY,0,31.020387887471585,0,0,0.0,0,0,0,0.0,0.5,1,P1_CV0,1,2,0,0,2
2,2536859.926,708059.4624,Age0_F2_m2f2_P2_Y0_UO1020,R2_F2_m-1f-1_P2_Y-1_U98,R2_F2_m-1f-1_P2_Y-1_U102,MXY,0,31.020387887471585,0,0,0.0,0,0,0,0.0,0.5,1,P1_CV0,1,0,2,1,1
2,2536859.926,708059.4624,Age0_F2_m2f2_P2_Y0_UO1021,R2_F2_m-1f-1_P2_Y-1_U98,R2_F2_m-1f-1_P2_Y-1_U102,FXX,0,31.020387887471585,0,0,0.0,0,0,0,0.0,0.5,1,P1_CV0,1,0,2,1,1
2,2536859.926,708059.4624,Age0_F2_m2f2_P2_Y0_UO1022,R2_F2_m-1f-1_P2_Y-1_U98,R2_F2_m-1f-1_P2_Y-1_U102,FXX,0,31.020387887471585,0,0,0.0,0,0,0,0.0,0.5,1,P1_CV0,1,1,1,2,0
2,2536859.926,708059.4624,Age0_F2_m2f2_P2_Y0_UO1023,R2_F2_m-1f-1_P2_Y-1_U98,R2_F2_m-1f-1_P2_Y-1_U102,FXX,0,31.020387887471585,0,0,0.0,0,0,0,0.0,0.5,1,P1_CV0,1,1,1,0,2
2,2536859.926,708059.4624,Age0_F2_m2f2_P2_Y0_UO1024,R2_F2_m-1f-1_P2_Y-1_U56,R2_F2_m-1f-1_P2_Y-1_U29,MXY,0,31.020387887471585,0,0,0.0,0,0,0,0.0,0.0,1,P1_CV0,1,2,0,2,0
2,2536859.926,708059.4624,Age0_F2_m2f2_P2_Y0_UO1025,R2_F2_m-1f-1_P2_Y-1_U56,R2_F2_m-1f-1_P2_Y-1_U29,MXY,0,31.020387887471585,0,0,0.0,0,0,0,0.0,0.0,1,P1_CV0,1,1,1,2,0
2,2536859.926,708059.4624,Age0_F2_m2f2_P2_Y0_UO1072,R2_F2_m-1f-1_P2_Y-1_U52,R2_F2_m-1f-1_P2_Y-1_U119,FXX,0,31.020387887471585,0,0,0.0,0,0,0,0.0,0.75,1,P1_CV0,1,0,2,2,0
2,2536859.926,708059.4624,Age0_F2_m2f2_P2_Y0_UO1073,R2_F2_m-1f-1_P2_Y-1_U52,R2_F2_m-1f-1_P2_Y-1_U119,MXY,0,31.020387887471585,0,0,0.0,0,0,0,0.0,0.75,1,P1_CV0,1,1,1,1,1
2,2536859.926,708059.4624,Age0_F2_m2f2_P2_Y0_UO1074,R2_F2_m-1f-1_P2_Y-1_U52,R2_F2_m-1f-1_P2_Y-1_U119,MXY,0,31.020387887471585,0,0,0.0,0,0,0,0.0,0.75,1,P1_CV0,1,2,0,1,1
2,2536859.926,708059.4624,Age0_F2_m2f2_P2_Y0_UO1075,R2_F2_m-1f-1_P2_Y-1_U52,R2_F2_m-1f-1_P2_Y-1_U119,FXX,0,31.020387887471585,0,0,0.0,0,0,0,0.0,0.75,1,P1_CV0,1,1,1,2,0
2,2536859.926,708059.4624,Age0_F2_m2f2_P2_Y0_UO1076,R2_F2_m-1f-1_P2_Y-1_U52,R2_F2_m-1f-1_P2_Y-1_U119,FXX,0,31.020387887471585,0,0,0.0,0,0,0,0.0,0.75,1,P1_CV0,1,1,1,1,1
2,2536859.926,708059.4624,Age0_F2_m2f2_P2_Y0_UO1077,R2_F2_m-1f-1_P2_Y-1_U52,R2_F2_m-1f-1_P2_Y-1_U119,MXY,0,31.020387887471585,0,0,0.0,0,0,0,0.0,0.75,1,P1_CV0,1,2,0,2,0
2,2536859.926,708059.4624,Age0_F2_m2f2_P2_Y0_UO1078,R2_F2_m-1f-1_P2_Y-1_U52,R2_F2_m-1f-1_P2_Y-1_U119,MXY,0,31.020387887471585,0,0,0.0,0,0,0,0.0,0.75,1,P1_CV0,1,1,1,1,1
2,2536859.926,708059.4624,Age0_F2_m2f2_P2_Y0_UO1127,R2_F2_m-1f-1_P2_Y-1_U121,R2_F2_m-1f-1_P2_Y-1_U59,FXX,0,31.020387887471585,0,0,0.0,0,0,0,0.0,0.5,1,P1_CV0,1,0,2,0,2
2,2536859.926,708059.4624,Age0_F2_m2f2_P2_Y0_UO1128,R2_F2_m-1f-1_P2_Y-1_U121,R2_F2_m-1f-1_P2_Y-1_U59,MXY,0,31.020387887471585,0,0,0.0,0,0,0,0.0,0.5,1,P1_CV0,1,1,1,1,1
2,2536859.926,708059.4624,Age0_F2_m2f2_P2_Y0_UO1129,R2_F2_m-1f-1_P2_Y-1_U121,R2_F2_m-1f-1_P2_Y-1_U59,FXX,0,31.020387887471585,0,0,0.0,0,0,0,0.0,0.5,1,P1_CV0,1,2,0,1,1
2,2536859.926,708059.4624,Age0_F2_m2f2_P2_Y0_UO1130,R2_F2_m-1f-1_P2_Y-1_U121,R2_F2_m-1f-1_P2_Y-1_U59,FXX,0,31.020387887471585,0,0,0.0,0,0,0,0.0,0.5,1,P1_CV0,1,2,0,2,0
2,2536859.926,708059.4624,Age0_F2_m2f2_P2_Y0_UO1131,R2_F2_m-1f-1_P2_Y-1_U121,R2_F2_m-1f-1_P2_Y-1_U59,FXX,0,31.020387887471585,0,0,0.0,0,0,0,0.0,0.5,1,P1_CV0,1,1,1,1,1
2,2536859.926,708059.4624,R2_F2_m-1f-1_P2_Y-1_U1,-9999,-9999,FXX,1,31.475935710356314,1,1,1.057,0,0,0,-9999.0,0.5,1,P1_CV0,1,1,1,0,2
2,2536859.926,708059.4624,R2_F2_m-1f-1_P2_Y-1_U3,-9999,-9999,FXX,1,31.475935710356314,1,1,2.963,0,0,0,-9999.0,0.5,1,P1_CV0,1,1,1,1,1
2,2536859.926,708059.4624,R2_F2_m-1f-1_P2_Y-1_U4,-9999,-9999,FXX,1,31.475935710356314,1,1,0.0,0,0,0,-9999.0,0.0,1,P1_CV0,1,0,2,1,1
2,2536859.926,708059.4624,R2_F2_m-1f-1_P2_Y-1_U5,-9999,-9999,FXX,1,31.475935710356314,1,1,1.0,0,0,0,-9999.0,1.0,1,P1_CV0,1,2,0,2,0
2,2536859.926,708059.4624,R2_F2_m-1f-1_P2_Y-1_U6,-9999,-9999,FXX,1,31.475935710356314,1,1,1.0,0,0,0,-9999.0,0.0,1,P1_CV0,1,0,2,1,1
2,2536859.926,708059.4624,R2_F2_m-1f-1_P2_Y-1_U7,-9999,-9999,MXY,1,31.475935710356314,1,1,0.0,0,0,0,-9999.0,0.5,1,P1_CV0,1,1,1,1,1
2,2536859.926,708059.4624,R2_F2_m-1f-1_P2_Y-1_U8,-9999,-9999,MXY,1,31.475935710356314,1,1,0.0,0,0,0,-9999.0,0.5,1,P1_CV0,1,1,1,1,1
2,2536859.926,708059.4624,R2_F2_m-1f-1_P2_Y-1_U10,-9999,-9999,FXX,1,31.475935710356314,1,1,1.595,0,0,0,-9999.0,0.5,1,P1_CV0,1,1,1,0,2
2,2536859.926,708059.4624,R2_F2_m-1f-1_P2_Y-1_U14,-9999,-9999,FXX,1,31.475935710356314,1,1,2.706,0,0,0,-9999.0,1.0,1,P1_CV0,1,2,0,1,1
2,2536859.926,708059.4624,R2_F2_m-1f-1_P2_Y-1_U15,-9999,-9999,MXY,1,31.475935710356314,1,1,0.0,0,0,0,-9999.0,0.5,1,P1_CV0,1,1,1,1,1
2,2536859.926,708059.4624,R2_F2_m-1f-1_P2_Y-1_U16,-9999,-9999,MXY,1,31.475935710356314,1,1,0.0,0,0,0,-9999.0,0.5,1,P1_CV0,1,1,1,1,1
2,2536859.926,708059.4624,R2_F2_m-1f-1_P2_Y-1_U19,-9999,-9999,MXY,1,31.475935710356314,1,1,0.0,0,0,0,-9999.0,0.0,1,P1_CV0,1,0,2,1,1
2,2536859.926,708059.4624,R2_F2_m-1f-1_P2_Y-1_U20,-9999,-9999,MXY,1,31.475935710356314,1,1,0.0,0,0,0,-9999.0,0.5,1,P1_CV0,1,1,1,1,1
2,2536859.926,708059.4624,R2_F2_m-1f-1_P2_Y-1_U21,-9999,-9999,MXY,1,31.475935710356314,1,1,0.0,0,0,0,-9999.0,0.5,1,P1_CV0,1,1,1,1,1
2,2536859.926,708059.4624,R2_F2_m-1f-1_P2_Y-1_U22,-9999,-9999,MXY,1,31.475935710356314,1,1,0.0,0,0,0,-9999.0,0.0,1,P1_CV0,1,0,2,1,1
2,2536859.926,708059.4624,R2_F2_m-1f-1_P2_Y-1_U23,-9999,-9999,MXY,1,31.475935710356314,1,1,0.0,0,0,0,-9999.0,0.0,1,P1_CV0,1,0,2,0,2
2,2536859.926,708059.4624,R2_F2_m-1f-1_P2_Y-1_U25,-9999,-9999,FXX,1,31.475935710356314,1,1,0.0,0,0,0,-9999.0,0.5,1,P1_CV0,1,1,1,1,1
2,2536859.926,708059.4624,R2_F2_m-1f-1_P2_Y-1_U31,-9999,-9999,FXX,1,31.475935710356314,1,1,0.0,0,0,0,-9999.0,1.0,1,P1_CV0,1,2,0,1,1
2,2536859.926,708059.4624,R2_F2_m-1f-1_P2_Y-1_U32,-9999,-9999,MXY,1,31.475935710356314,1,1,0.0,0,0,0,-9999.0,0.5,1,P1_CV0,1,1,1,0,2
2,2536859.926,708059.4624,R2_F2_m-1f-1_P2_Y-1_U34,-9999,-9999,MXY,1,31.475935710356314,1,1,0.0,0,0,0,-9999.0,0.5,1,P1_CV0,1,1,1,2,0
2,2536859.926,708059.4624,R2_F2_m-1f-1_P2_Y-1_U38,-9999,-9999,MXY,1,31.475935710356314,1,1,0.0,0,0,0,-9999.0,0.0,1,P1_CV0,1,0,2,1,1
2,2536859.926,708059.4624,R2_F2_m-1f-1_P2_Y-1_U40,-9999,-9999,MXY,1,31.475935710356314,1,1,0.0,0,0,0,-9999.0,1.0,1,P1_CV0,1,2,0,0,2
2,2536859.926,708059.4624,R2_F2_m-1f-1_P2_Y-1_U42,-9999,-9999,FXX,1,31.475935710356314,1,1,0.0,0,0,0,-9999.0,0.5,1,P1_CV0,1,1,1,0,2
2,2536859.926,708059.4624,R2_F2_m-1f-1_P2_Y-1_U43,-9999,-9999,MXY,1,31.475935710356314,1,1,0.0,0,0,0,-9999.0,0.0,1,P1_CV0,1,0,2,2,0
2,2536859.926,708059.4624,R2_F2_m-1f-1_P2_Y-1_U45,-9999,-9999,FXX,1,31.475935710356314,1,1,1.506,0,0,0,-9999.0,1.0,1,P1_CV0,1,2,0,1,1
2,2536859.926,708059.4624,R2_F2_m-1f-1_P2_Y-1_U46,-9999,-9999,MXY,1,31.475935710356314,1,1,0.0,0,0,0,-9999.0,0.5,1,P1_CV0,1,1,1,1,1
2,2536859.926,708059.4624,R2_F2_m-1f-1_P2_Y-1_U47,-9999,-9999,MXY,1,31.475935710356314,1,1,0.0,0,0,0,-9999.0,0.5,1,P1_CV0,1,1,1,2,0
2,2536859.926,708059.4624,R2_F2_m-1f-1_P2_Y-1_U50,-9999,-9999,MXY,1,31.475935710356314,1,1,0.0,0,0,0,-9999.0,1.0,1,P1_CV0,1,2,0,0,2
2,2536859.926,708059.4624,R2_F2_m-1f-1_P2_Y-1_U51,-9999,-9999,MXY,1,31.475935710356314,1,1,0.0,0,0,0,-9999.0,0.5,1,P1_CV0,1,1,1,1,1
2,2536859.926,708059.4624,R2_F2_m-1f-1_P2_Y-1_U53,-9999,-9999,MXY,1,31.475935710356314,1,1,0.0,0,0,0,-9999.0,0.0,1,P1_CV0,1,0,2,0,2
2,2536859.926,708059.4624,R2_F2_m-1f-1_P2_Y-1_U57,-9999,-9999,FXX,1,31.475935710356314,1,1,1.123,0,0,0,-9999.0,0.5,1,P1_CV0,1,1,1,1,1
2,2536859.926,708059.4624,R2_F2_m-1f-1_P2_Y-1_U58,-9999,-9999,MXY,1,31.475935710356314,1,1,0.0,0,0,0,-9999.0,0.5,1,P1_CV0,1,1,1,1,1
2,2536859.926,708059.4624,R2_F2_m-1f-1_P2_Y-1_U63,-9999,-9999,MXY,1,31.475935710356314,1,1,0.0,0,0,0,-9999.0,1.0,1,P1_CV0,1,2,0,0,2
2,2536859.926,708059.4624,R2_F2_m-1f-1_P2_Y-1_U68,-9999,-9999,MXY,1,31.475935710356314,1,1,0.0,0,0,0,-9999.0,0.5,1,P1_CV0,1,1,1,1,1
2,2536859.926,708059.4624,R2_F2_m-1f-1_P2_Y-1_U69,-9999,-9999,FXX,1,31.475935710356314,1,1,1.0,0,0,0,-9999.0,0.5,1,P1_CV0,1,1,1,0,2
2,2536859.926,708059.4624,R2_F2_m-1f-1_P2_Y-1_U74,-9999,-9999,MXY,1,31.475935710356314,1,1,0.0,0,0,0,-9999.0,0.5,1,P1_CV0,1,1,1,1,1
2,2536859.926,708059.4624,R2_F2_m-1f-1_P2_Y-1_U75,-9999,-9999,MXY,1,31.475935710356314,1,1,0.0,0,0,0,-9999.0,1.0,1,P1_CV0,1,2,0,0,2
2,2536859.926,708059.4624,R2_F2_m-1f-1_P2_Y-1_U76,-9999,-9999,MXY,1,31.475935710356314,1,1,0.0,0,0,0,-9999.0,0.5,1,P1_CV0,1,1,1,2,0
2,2536859.926,708059.4624,R2_F2_m-1f-1_P2_Y-1_U77,-9999,-9999,MXY,1,31.475935710356314,1,1,0.0,0,0,0,-9999.0,0.0,1,P1_CV0,1,0,2,0,2
2,2536859.926,708059.4624,R2_F2_m-1f-1_P2_Y-1_U79,-9999,-9999,FXX,1,31.475935710356314,1,1,1.0,0,0,0,-9999.0,0.0,1,P1_CV0,1,0,2,2,0
2,2536859.926,708059.4624,R2_F2_m-1f-1_P2_Y-1_U80,-9999,-9999,MXY,1,31.475935710356314,1,1,0.0,0,0,0,-9999.0,1.0,1,P1_CV0,1,2,0,1,1
2,2536859.926,708059.4624,R2_F2_m-1f-1_P2_Y-1_U84,-9999,-9999,FXX,1,31.475935710356314,1,1,1.153,0,0,0,-9999.0,1.0,1,P1_CV0,1,2,0,0,2
2,2536859.926,708059.4624,R2_F2_m-1f-1_P2_Y-1_U87,-9999,-9999,FXX,1,31.475935710356314,1,1,0.0,0,0,0,-9999.0,0.0,1,P1_CV0,1,0,2,0,2
2,2536859.926,708059.4624,R2_F2_m-1f-1_P2_Y-1_U90,-9999,-9999,FXX,1,31.475935710356314,1,1,1.0,0,0,0,-9999.0,0.5,1,P1_CV0,1,1,1,1,1
2,2536859.926,708059.4624,R2_F2_m-1f-1_P2_Y-1_U91,-9999,-9999,MXY,1,31.475935710356314,1,1,0.0,0,0,0,-9999.0,1.0,1,P1_CV0,1,2,0,0,2
2,2536859.926,708059.4624,R2_F2_m-1f-1_P2_Y-1_U93,-9999,-9999,MXY,1,31.475935710356314,1,1,0.0,0,0,0,-9999.0,0.5,1,P1_CV0,1,1,1,0,2
2,2536859.926,708059.4624,R2_F2_m-1f-1_P2_Y-1_U99,-9999,-9999,FXX,1,31.475935710356314,1,1,2.965,0,0,0,-9999.0,0.5,1,P1_CV0,1,1,1,0,2
2,2536859.926,708059.4624,R2_F2_m-1f-1_P2_Y-1_U106,-9999,-9999,FXX,1,31.475935710356314,1,1,1.768,0,0,0,-9999.0,0.5,1,P1_CV0,1,1,1,1,1
2,2536859.926,708059.4624,R2_F2_m-1f-1_P2_Y-1_U109,-9999,-9999,FXX,1,31.475935710356314,1,1,1.235,0,0,0,-9999.0,1.0,1,P1_CV0,1,2,0,1,1
2,2536859.926,708059.4624,R2_F2_m-1f-1_P2_Y-1_U110,-9999,-9999,FXX,1,31.475935710356314,1,1,1.342,0,0,0,-9999.0,1.0,1,P1_CV0,1,2,0,1,1
2,2536859.926,708059.4624,R2_F2_m-1f-1_P2_Y-1_U112,-9999,-9999,MXY,1,31.475935710356314,1,1,0.0,0,0,0,-9999.0,0.0,1,P1_CV0,1,0,2,1,1
2,2536859.926,708059.4624,R2_F2_m-1f-1_P2_Y-1_U116,-9999,-9999,MXY,1,31.475935710356314,1,1,0.0,0,0,0,-9999.0,0.5,1,P1_CV0,1,1,1,1,1
2,2536859.926,708059.4624,R2_F2_m-1f-1_P2_Y-1_U117,-9999,-9999,MXY,1,31.475935710356314,1,1,0.0,0,0,0,-9999.0,1.0,1,P1_CV0,1,2,0,1,1
2,2536859.926,708059.4624,R2_F2_m-1f-1_P2_Y-1_U120,-9999,-9999,MXY,1,31.475935710356314,1,1,0.0,0,0,0,-9999.0,0.5,1,P1_CV0,1,1,1,1,1
2,2536859.926,708059.4624,R2_F2_m-1f-1_P2_Y-1_U123,-9999,-9999,MXY,1,31.475935710356314,1,1,0.0,0,0,0,-9999.0,0.0,1,P1_CV0,1,0,2,0,2
2,2536859.926,708059.4624,R2_F2_m-1f-1_P2_Y-1_U126,-9999,-9999,FXX,1,31.475935710356314,1,1,1.056,0,0,0,-9999.0,0.0,1,P1_CV0,1,0,2,1,1
2,2536859.926,708059.4624,R2_F2_m-1f-1_P2_Y-1_U129,-9999,-9999,MXY,1,31.475935710356314,1,1,0.0,0,0,0,-9999.0,1.0,1,P1_CV0,1,2,0,2,0
2,2536859.926,708059.4624,R2_F2_m-1f-1_P2_Y-1_U130,-9999,-9999,FXX,1,31.475935710356314,1,1,0.0,0,0,0,-9999.0,0.5,1,P1_CV0,1,1,1,2,0
2,2536859.926,708059.4624,R2_F2_m-1f-1_P2_Y-1_U133,-9999,-9999,FXX,1,31.475935710356314,1,1,1.0,0,0,0,-9999.0,0.5,1,P1_CV0,1,1,1,1,1
2,2536859.926,708059.4624,R2_F2_m-1f-1_P2_Y-1_U135,-9999,-9999,FXX,1,31.475935710356314,1,1,1.593,0,0,0,-9999.0,0.5,1,P1_CV0,1,1,1,0,2
2,2536859.926,708059.4624,R2_F2_m-1f-1_P2_Y-1_U136,-9999,-9999,FXX,1,31.475935710356314,1,1,1.127,0,0,0,-9999.0,0.0,1,P1_CV0,1,0,2,0,2
2,2536859.926,708059.4624,R2_F2_m-1f-1_P2_Y-1_U138,-9999,-9999,FXX,1,31.475935710356314,1,1,0.0,0,0,0,-9999.0,0.5,1,P1_CV0,1,1,1,1,1
2,2536859.926,708059.4624,R2_F2_m-1f-1_P2_Y-1_U140,-9999,-9999,MXY,1,31.475935710356314,1,1,0.0,0,0,0,-9999.0,1.0,1,P1_CV0,1,2,0,2,0
2,2536859.926,708059.4624,R2_F2_m-1f-1_P2_Y-1_U141,-9999,-9999,MXY,1,31.475935710356314,1,1,0.0,0,0,0,-9999.0,0.5,1,P1_CV0,1,1,1,1,1
2,2536859.926,708059.4624,R2_F2_m-1f-1_P2_Y-1_U148,-9999,-9999,MXY,1,31.475935710356314,1,1,0.0,0,0,0,-9999.0,0.5,1,P1_CV0,1,1,1,0,2
2,2536859.926,708059.4624,R2_F2_m-1f-1_P2_Y-1_U149,-9999,-9999,FXX,1,31.475935710356314,1,1,1.597,0,0,0,-9999.0,0.5,1,P1_CV0,1,1,1,1,1
2,2536859.926,708059.4624,R2_F2_m-1f-1_P2_Y-1_U9,-9999,-9999,FXX,2,58.323186543085534,1,0,1.351,0,0,0,-9999.0,1.0,1,P1_CV0,1,2,0,1,1
2,2536859.926,708059.4624,R2_F2_m-1f-1_P2_Y-1_U12,-9999,-9999,FXX,2,55.929186543085535,1,0,1.529,0,0,0,-9999.0,0.0,1,P1_CV0,1,0,2,1,1
2,2536859.926,708059.4624,R2_F2_m-1f-1_P2_Y-1_U28,-9999,-9999,FXX,2,54.31518654308553,1,0,0.0,0,0,0,-9999.0,1.0,1,P1_CV0,1,2,0,1,1
2,2536859.926,708059.4624,R2_F2_m-1f-1_P2_Y-1_U29,-9999,-9999,MXY,2,54.493186543085535,1,0,0.0,0,0,0,-9999.0,0.0,1,P1_CV0,1,0,2,1,1
2,2536859.926,708059.4624,R2_F2_m-1f-1_P2_Y-1_U33,-9999,-9999,MXY,2,57.634186543085534,1,0,0.0,0,0,0,-9999.0,1.0,1,P1_CV0,1,2,0,2,0
2,2536859.926,708059.4624,R2_F2_m-1f-1_P2_Y-1_U49,-9999,-9999,MXY,2,48.41318654308553,1,0,0.0,0,0,0,-9999.0,0.5,1,P1_CV0,1,1,1,1,1
2,2536859.926,708059.4624,R2_F2_m-1f-1_P2_Y-1_U55,-9999,-9999,MXY,2,50.762186543085534,1,0,0.0,0,0,0,-9999.0,0.5,1,P1_CV0,1,1,1,2,0
2,2536859.926,708059.4624,R2_F2_m-1f-1_P2_Y-1_U56,-9999,-9999,FXX,2,52.112186543085535,1,0,0.0,0,0,0,-9999.0,0.0,1,P1_CV0,1,0,2,2,0
2,2536859.926,708059.4624,R2_F2_m-1f-1_P2_Y-1_U64,-9999,-9999,MXY,2,50.98318654308553,1,0,0.0,0,0,0,-9999.0,0.5,1,P1_CV0,1,1,1,2,0
2,2536859.926,708059.4624,R2_F2_m-1f-1_P2_Y-1_U65,-9999,-9999,MXY,2,55.89718654308553,1,0,0.0,0,0,0,-9999.0,1.0,1,P1_CV0,1,2,0,1,1
2,2536859.926,708059.4624,R2_F2_m-1f-1_P2_Y-1_U67,-9999,-9999,MXY,2,53.569186543085536,1,0,0.0,0,0,0,-9999.0,1.0,1,P1_CV0,1,2,0,0,2
2,2536859.926,708059.4624,R2_F2_m-1f-1_P2_Y-1_U71,-9999,-9999,FXX,2,53.94318654308553,1,0,0.0,0,0,0,-9999.0,0.5,1,P1_CV0,1,1,1,2,0
2,2536859.926,708059.4624,R2_F2_m-1f-1_P2_Y-1_U73,-9999,-9999,FXX,2,56.612186543085535,1,0,0.0,0,0,0,-9999.0,1.0,1,P1_CV0,1,2,0,1,1
2,2536859.926,708059.4624,R2_F2_m-1f-1_P2_Y-1_U82,-9999,-9999,MXY,2,47.59818654308553,1,0,0.0,0,0,0,-9999.0,0.0,1,P1_CV0,1,0,2,1,1
2,2536859.926,708059.4624,R2_F2_m-1f-1_P2_Y-1_U83,-9999,-9999,FXX,2,63.06118654308553,1,0,0.0,0,0,0,-9999.0,1.0,1,P1_CV0,1,2,0,0,2
2,2536859.926,708059.4624,R2_F2_m-1f-1_P2_Y-1_U85,-9999,-9999,MXY,2,60.893186543085534,1,0,0.0,0,0,0,-9999.0,1.0,1,P1_CV0,1,2,0,2,0
2,2536859.926,708059.4624,R2_F2_m-1f-1_P2_Y-1_U89,-9999,-9999,MXY,2,56.27818654308553,1,0,0.0,0,0,0,-9999.0,1.0,1,P1_CV0,1,2,0,2,0
2,2536859.926,708059.4624,R2_F2_m-1f-1_P2_Y-1_U101,-9999,-9999,FXX,2,60.11718654308553,1,0,1.0,0,0,0,-9999.0,0.5,1,P1_CV0,1,1,1,1,1
2,2536859.926,708059.4624,R2_F2_m-1f-1_P2_Y-1_U105,-9999,-9999,MXY,2,51.98618654308553,1,0,0.0,0,0,0,-9999.0,1.0,1,P1_CV0,1,2,0,2,0
2,2536859.926,708059.4624,R2_F2_m-1f-1_P2_Y-1_U107,-9999,-9999,FXX,2,56.88218654308553,1,0,0.0,0,0,0,-9999.0,0.0,1,P1_CV0,1,0,2,2,0
2,2536859.926,708059.4624,R2_F2_m-1f-1_P2_Y-1_U119,-9999,-9999,MXY,2,43.594186543085534,1,0,0.0,0,0,0,-9999.0,0.5,1,P1_CV0,1,1,1,0,2
2,2536859.926,708059.4624,R2_F2_m-1f-1_P2_Y-1_U121,-9999,-9999,FXX,2,46.86018654308553,1,0,2.311,0,0,0,-9999.0,0.5,1,P1_CV0,1,1,1,0,2
2,2536859.926,708059.4624,R2_F2_m-1f-1_P2_Y-1_U122,-9999,-9999,FXX,2,47.002186543085536,1,0,1.0,0,0,0,-9999.0,0.0,1,P1_CV0,1,0,2,0,2
2,2536859.926,708059.4624,R2_F2_m-1f-1_P2_Y-1_U132,-9999,-9999,MXY,2,60.53718654308553,1,0,0.0,0,0,0,-9999.0,0.0,1,P1_CV0,1,0,2,2,0
2,2536859.926,708059.4624,R2_F2_m-1f-1_P2_Y-1_U139,-9999,-9999,MXY,2,53.97418654308553,1,0,0.0,0,0,0,-9999.0,0.5,1,P1_CV0,1,1,1,2,0
2,2536859.926,708059.4624,R2_F2_m-1f-1_P2_Y-1_U144,-9999,-9999,FXX,2,60.99418654308553,1,0,0.0,0,0,0,-9999.0,0.5,1,P1_CV0,1,1,1,2,0
2,2536859.926,708059.4624,R2_F2_m-1f-1_P2_Y-1_U147,-9999,-9999,MXY,2,51.203186543085536,1,0,0.0,0,0,0,-9999.0,1.0,1,P1_CV0,1,2,0,1,1
2,2536859.926,708059.4624,R2_F2_m-1f-1_P2_Y-1_U2,-9999,-9999,FXX,3,92.50111785778904,1,0,1.291,0,0,0,-9999.0,0.5,1,P1_CV0,1,1,1,2,0
2,2536859.926,708059.4624,R2_F2_m-1f-1_P2_Y-1_U30,-9999,-9999,MXY,3,92.50111785778904,1,0,0.0,0,0,0,-9999.0,0.5,1,P1_CV0,1,1,1,1,1
2,2536859.926,708059.4624,R2_F2_m-1f-1_P2_Y-1_U37,-9999,-9999,FXX,3,92.50111785778904,1,0,2.144,0,0,0,-9999.0,0.5,1,P1_CV0,1,1,1,1,1
2,2536859.926,708059.4624,R2_F2_m-1f-1_P2_Y-1_U61,-9999,-9999,MXY,3,92.50111785778904,1,0,0.0,0,0,0,-9999.0,1.0,1,P1_CV0,1,2,0,1,1
2,2536859.926,708059.4624,R2_F2_m-1f-1_P2_Y-1_U88,-9999,-9999,MXY,3,92.50111785778904,1,0,0.0,0,0,0,-9999.0,0.0,1,P1_CV0,1,0,2,0,2
2,2536859.926,708059.4624,R2_F2_m-1f-1_P2_Y-1_U97,-9999,-9999,MXY,3,92.50111785778904,1,0,0.0,0,0,0,-9999.0,0.0,1,P1_CV0,1,0,2,2,0
2,2536859.926,708059.4624,R2_F2_m-1f-1_P2_Y-1_U103,-9999,-9999,MXY,3,92.50111785778904,1,0,0.0,0,0,0,-9999.0,0.5,1,P1_CV0,1,1,1,1,1
2,2536859.926,708059.4624,R2_F2_m-1f-1_P2_Y-1_U115,-9999,-9999,FXX,3,92.50111785778904,1,0,1.504,0,0,0,-9999.0,0.0,1,P1_CV0,1,0,2,0,2
2,2536859.926,708059.4624,R2_F2_m-1f-1_P2_Y-1_U127,-9999,-9999,MXY,3,92.50111785778904,1,0,0.0,0,0,0,-9999.0,0.5,1,P1_CV0,1,1,1,2,0
2,2536859.926,708059.4624,R2_F2_m-1f-1_P2_Y-1_U134,-9999,-9999,FXX,3,92.50111785778904,1,0,0.0,0,0,0,-9999.0,0.5,1,P1_CV0,1,1,1,1,1
3,2532969.44,705413.5711,Age0_F3_m3f3_P3_Y0_UO13,R3_F3_m-1f-1_P3_Y-1_U138,R3_F3_m-1f-1_P3_Y-1_U40,FXX,0,31.02464701732801,0,0,0.0,0,0,0,0.0,0.5,1,P2_CV0,2,1,1,1,1
3,2532969.44,705413.5711,Age0_F3_m3f3_P3_Y0_UO14,R3_F3_m-1f-1_P3_Y-1_U138,R3_F3_m-1f-1_P3_Y-1_U40,FXX,0,31.02464701732801,0,0,0.0,0,0,0,0.0,0.5,1,P2_CV0,2,2,0,1,1
3,2532969.44,705413.5711,Age0_F3_m3f3_P3_Y0_UO15,R3_F3_m-1f-1_P3_Y-1_U138,R3_F3_m-1f-1_P3_Y-1_U40,FXX,0,31.02464701732801,0,0,0.0,0,0,0,0.0,0.5,1,P2_CV0,2,2,0,1,1
3,2532969.44,705413.5711,Age0_F3_m3f3_P3_Y0_UO16,R3_F3_m-1f-1_P3_Y-1_U138,R3_F3_m-1f-1_P3_Y-1_U40,FXX,0,31.02464701732801,0,0,0.0,0,0,0,0.0,0.5,1,P2_CV0,2,2,0,0,2
3,2532969.44,705413.5711,Age0_F3_m3f3_P3_Y0_UO17,R3_F3_m-1f-1_P3_Y-1_U138,R3_F3_m-1f-1_P3_Y-1_U40,FXX,0,31.02464701732801,0,0,0.0,0,0,0,0.0,0.5,1,P2_CV0,2,2,0,1,1
3,2532969.44,705413.5711,Age0_F3_m3f3_P3_Y0_UO18,R3_F3_m-1f-1_P3_Y-1_U138,R3_F3_m-1f-1_P3_Y-1_U40,FXX,0,31.02464701732801,0,0,0.0,0,0,0,0.0,0.5,1,P2_CV0,2,2,0,1,1
3,2532969.44,705413.5711,Age0_F3_m3f3_P3_Y0_UO19,R3_F3_m-1f-1_P3_Y-1_U138,R3_F3_m-1f-1_P3_Y-1_U40,MXY,0,31.02464701732801,0,0,0.0,0,0,0,0.0,0.5,1,P2_CV0,2,2,0,1,1
3,2532969.44,705413.5711,Age0_F3_m3f3_P3_Y0_UO170,R3_F3_m-1f-1_P3_Y-1_U125,R3_F3_m-1f-1_P3_Y-1_U32,FXX,0,31.02464701732801,0,0,0.0,0,0,0,0.0,0.5,1,P2_CV0,2,2,0,0,2
3,2532969.44,705413.5711,Age0_F3_m3f3_P3_Y0_UO171,R3_F3_m-1f-1_P3_Y-1_U125,R3_F3_m-1f-1_P3_Y-1_U32,FXX,0,31.02464701732801,0,0,0.0,0,0,0,0.0,0.5,1,P2_CV0,2,2,0,1,1
3,2532969.44,705413.5711,Age0_F3_m3f3_P3_Y0_UO172,R3_F3_m-1f-1_P3_Y-1_U125,R3_F3_m-1f-1_P3_Y-1_U32,FXX,0,31.02464701732801,0,0,0.0,0,0,0,0.0,0.5,1,P2_CV0,2,1,1,0,2
3,2532969.44,705413.5711,Age0_F3_m3f3_P3_Y0_UO219,R3_F3_m-1f-1_P3_Y-1_U138,R3_F3_m-1f-1_P3_Y-1_U131,FXX,0,31.02464701732801,0,0,0.0,0,0,0,0.0,0.25,1,P2_CV0,2,0,2,1,1
3,2532969.44,705413.5711,Age0_F3_m3f3_P3_Y0_UO220,R3_F3_m-1f-1_P3_Y-1_U138,R3_F3_m-1f-1_P3_Y-1_U131,FXX,0,31.02464701732801,0,0,0.0,0,0,0,0.0,0.25,1,P2_CV0,2,2,0,1,1
3,2532969.44,705413.5711,Age0_F3_m3f3_P3_Y0_UO221,R3_F3_m-1f-1_P3_Y-1_U138,R3_F3_m-1f-1_P3_Y-1_U131,FXX,0,31.02464701732801,0,0,0.0,0,0,0,0.0,0.25,1,P2_CV0,2,1,1,2,0
3,2532969.44,705413.5711,Age0_F3_m3f3_P3_Y0_UO222,R3_F3_m-1f-1_P3_Y-1_U138,R3_F3_m-1f-1_P3_Y-1_U131,MXY,0,31.02464701732801,0,0,0.0,0,0,0,0.0,0.25,1,P2_CV0,2,1,1,1,1
3,2532969.44,705413.5711,Age0_F3_m3f3_P3_Y0_UO223,R3_F3_m-1f-1_P3_Y-1_U138,R3_F3_m-1f-1_P3_Y-1_U131,MXY,0,31.02464701732801,0,0,0.0,0,0,0,0.0,0.25,1,P2_CV0,2,1,1,2,0
3,2532969.44,705413.5711,Age0_F3_m3f3_P3_Y0_UO487,R3_F3_m-1f-1_P3_Y-1_U113,R3_F3_m-1f-1_P3_Y-1_U55,MXY,0,31.02464701732801,0,0,0.0,0,0,0,0.0,0.75,1,P2_CV0,2,0,2,1,1
3,2532969.44,705413.5711,Age0_F3_m3f3_P3_Y0_UO488,R3_F3_m-1f-1_P3_Y-1_U113,R3_F3_m-1f-1_P3_Y-1_U55,FXX,0,31.02464701732801,0,0,0.0,0,0,0,0.0,0.75,1,P2_CV0,2,1,1,1,1
3,2532969.44,705413.5711,Age0_F3_m3f3_P3_Y0_UO489,R3_F3_m-1f-1_P3_Y-1_U113,R3_F3_m-1f-1_P3_Y-1_U55,FXX,0,31.02464701732801,0,0,0.0,0,0,0,0.0,0.75,1,P2_CV0,2,2,0,1,1
3,2532969.44,705413.5711,Age0_F3_m3f3_P3_Y0_UO490,R3_F3_m-1f-1_P3_Y-1_U113,R3_F3_m-1f-1_P3_Y-1_U55,MXY,0,31.02464701732801,0,0,0.0,0,0,0,0.0,0.75,1,P2_CV0,2,2,0,1,1
3,2532969.44,705413.5711,Age0_F3_m3f3_P3_Y0_UO558,R3_F3_m-1f-1_P3_Y-1_U4,R3_F3_m-1f-1_P3_Y-1_U3,MXY,0,31.02464701732801,0,0,0.0,0,0,0,0.0,0.0,1,P2_CV0,2,2,0,1,1
3,2532969.44,705413.5711,Age0_F3_m3f3_P3_Y0_UO718,R3_F3_m-1f-1_P3_Y-1_U87,R3_F3_m-1f-1_P3_Y-1_U32,MXY,0,31.02464701732801,0,0,0.0,0,0,0,0.0,0.25,1,P2_CV0,2,1,1,2,0
3,2532969.44,705413.5711,Age0_F3_m3f3_P3_Y0_UO719,R3_F3_m-1f-1_P3_Y-1_U87,R3_F3_m-1f-1_P3_Y-1_U32,FXX,0,31.02464701732801,0,0,0.0,0,0,0,0.0,0.25,1,P2_CV0,2,1,1,0,2
3,2532969.44,705413.5711,Age0_F3_m3f3_P3_Y0_UO720,R3_F3_m-1f-1_P3_Y-1_U87,R3_F3_m-1f-1_P3_Y-1_U32,MXY,0,31.02464701732801,0,0,0.0,0,0,0,0.0,0.25,1,P2_CV0,2,1,1,2,0
3,2532969.44,705413.5711,Age0_F3_m3f3_P3_Y0_UO721,R3_F3_m-1f-1_P3_Y-1_U87,R3_F3_m-1f-1_P3_Y-1_U32,MXY,0,31.02464701732801,0,0,0.0,0,0,0,0.0,0.25,1,P2_CV0,2,1,1,2,0
3,2532969.44,705413.5711,Age0_F3_m3f3_P3_Y0_UO722,R3_F3_m-1f-1_P3_Y-1_U87,R3_F3_m-1f-1_P3_Y-1_U32,FXX,0,31.02464701732801,0,0,0.0,0,0,0,0.0,0.25,1,P2_CV0,2,1,1,0,2
3,2532969.44,705413.5711,Age0_F3_m3f3_P3_Y0_UO723,R3_F3_m-1f-1_P3_Y-1_U87,R3_F3_m-1f-1_P3_Y-1_U32,FXX,0,31.02464701732801,0,0,0.0,0,0,0,0.0,0.25,1,P2_CV0,2,1,1,0,2
3,2532969.44,705413.5711,Age0_F3_m3f3_P3_Y0_UO724,R3_F3_m-1f-1_P3_Y-1_U87,R3_F3_m-1f-1_P3_Y-1_U32,FXX,0,31.02464701732801,0,0,0.0,0,0,0,0.0,0.25,1,P2_CV0,2,0,2,0,2
3,2532969.44,705413.5711,Age0_F3_m3f3_P3_Y0_UO725,R3_F3_m-1f-1_P3_Y-1_U87,R3_F3_m-1f-1_P3_Y-1_U32,MXY,0,31.02464701732801,0,0,0.0,0,0,0,0.0,0.25,1,P2_CV0,2,2,0,1,1
3,2532969.44,705413.5711,Age0_F3_m3f3_P3_Y0_UO734,R3_F3_m-1f-1_P3_Y-1_U107,R3_F3_m-1f-1_P3_Y-1_U131,MXY,0,31.02464701732801,0,0,0.0,0,0,0,0.0,0.0,1,P2_CV0,2,1,1,2,0
3,2532969.44,705413.5711,Age0_F3_m3f3_P3_Y0_UO735,R3_F3_m-1f-1_P3_Y-1_U107,R3_F3_m-1f-1_P3_Y-1_U131,FXX,0,31.02464701732801,0,0,0.0,0,0,0,0.0,0.0,1,P2_CV0,2,1,1,1,1
3,2532969.44,705413.5711,Age0_F3_m3f3_P3_Y0_UO736,R3_F3_m-1f-1_P3_Y-1_U107,R3_F3_m-1f-1_P3_Y-1_U131,FXX,0,31.02464701732801,0,0,0.0,0,0,0,0.0,0.0,1,P2_CV0,2,0,2,2,0
3,2532969.44,705413.5711,Age0_F3_m3f3_P3_Y0_UO737,R3_F3_m-1f-1_P3_Y-1_U107,R3_F3_m-1f-1_P3_Y-1_U131,FXX,0,31.02464701732801,0,0,0.0,0,0,0,0.0,0.0,1,P2_CV0,2,1,1,1,1
3,2532969.44,705413.5711,Age0_F3_m3f3_P3_Y0_UO738,R3_F3_m-1f-1_P3_Y-1_U107,R3_F3_m-1f-1_P3_Y-1_U131,MXY,0,31.02464701732801,0,0,0.0,0,0,0,0.0,0.0,1,P2_CV0,2,1,1,1,1
3,2532969.44,705413.5711,Age0_F3_m3f3_P3_Y0_UO739,R3_F3_m-1f-1_P3_Y-1_U107,R3_F3_m-1f-1_P3_Y-1_U131,MXY,0,31.02464701732801,0,0,0.0,0,0,0,0.0,0.0,1,P2_CV0,2,0,2,1,1
3,2532969.44,705413.5711,Age0_F3_m3f3_P3_Y0_UO740,R3_F3_m-1f-1_P3_Y-1_U107,R3_F3_m-1f-1_P3_Y-1_U131,FXX,0,31.02464701732801,0,0,0.0,0,0,0,0.0,0.0,1,P2_CV0,2,2,0,1,1
3,2532969.44,705413.5711,Age0_F3_m3f3_P3_Y0_UO741,R3_F3_m-1f-1_P3_Y-1_U107,R3_F3_m-1f-1_P3_Y-1_U131,FXX,0,31.02464701732801,0,0,0.0,0,0,0,0.0,0.0,1,P2_CV0,2,2,0,1,1
3,2532969.44,705413.5711,Age0_F3_m3f3_P3_Y0_UO761,R3_F3_m-1f-1_P3_Y-1_U87,R3_F3_m-1f-1_P3_Y-1_U39,MXY,0,31.02464701732801,0,0,0.0,0,0,0,0.0,0.25,1,P2_CV0,2,0,2,2,0
3,2532969.44,705413.5711,Age0_F3_m3f3_P3_Y0_UO762,R3_F3_m-1f-1_P3_Y-1_U87,R3_F3_m-1f-1_P3_Y-1_U39,FXX,0,31.02464701732801,0,0,0.0,0,0,0,0.0,0.25,1,P2_CV0,2,1,1,0,2
3,2532969.44,705413.5711,Age0_F3_m3f3_P3_Y0_UO763,R3_F3_m-1f-1_P3_Y-1_U87,R3_F3_m-1f-1_P3_Y-1_U39,FXX,0,31.02464701732801,0,0,0.0,0,0,0,0.0,0.25,1,P2_CV0,2,1,1,1,1
3,2532969.44,705413.5711,Age0_F3_m3f3_P3_Y0_UO764,R3_F3_m-1f-1_P3_Y-1_U87,R3_F3_m-1f-1_P3_Y-1_U39,FXX,0,31.02464701732801,0,0,0.0,0,0,0,0.0,0.25,1,P2_CV0,2,2,0,0,2
3,2532969.44,705413.5711,Age0_F3_m3f3_P3_Y0_UO765,R3_F3_m-1f-1_P3_Y-1_U87,R3_F3_m-1f-1_P3_Y-1_U39,MXY,0,31.02464701732801,0,0,0.0,0,0,0,0.0,0.25,1,P2_CV0,2,1,1,0,2
3,2532969.44,705413.5711,Age0_F3_m3f3_P3_Y0_UO795,R3_F3_m-1f-1_P3_Y-1_U125,R3_F3_m-1f-1_P3_Y-1_U130,MXY,0,31.02464701732801,0,0,0.0,0,0,0,0.0,0.5,1,P2_CV0,2,1,1,1,1
3,2532969.44,705413.5711,Age0_F3_m3f3_P3_Y0_UO796,R3_F3_m-1f-1_P3_Y-1_U125,R3_F3_m-1f-1_P3_Y-1_U130,MXY,0,31.02464701732801,0,0,0.0,0,0,0,0.0,0.5,1,P2_CV0,2,2,0,1,1
3,2532969.44,705413.5711,Age0_F3_m3f3_P3_Y0_UO797,R3_F3_m-1f-1_P3_Y-1_U125,R3_F3_m-1f-1_P3_Y-1_U130,FXX,0,31.02464701732801,0,0,0.0,0,0,0,0.0,0.5,1,P2_CV0,2,1,1,1,1
3,2532969.44,705413.5711,Age0_F3_m3f3_P3_Y0_UO798,R3_F3_m-1f-1_P3_Y-1_U125,R3_F3_m-1f-1_P3_Y-1_U130,FXX,0,31.02464701732801,0,0,0.0,0,0,0,0.0,0.5,1,P2_CV0,2,2,0,1,1
3,2532969.44,705413.5711,Age0_F3_m3f3_P3_Y0_UO799,R3_F3_m-1f-1_P3_Y-1_U125,R3_F3_m-1f-1_P3_Y-1_U130,FXX,0,31.02464701732801,0,0,0.0,0,0,0,0.0,0.5,1,P2_CV0,2,1,1,1,1
3,2532969.44,705413.5711,Age0_F3_m3f3_P3_Y0_UO800,R3_F3_m-1f-1_P3_Y-1_U125,R3_F3_m-1f-1_P3_Y-1_U130,FXX,0,31.02464701732801,0,0,0.0,0,0,0,0.0,0.5,1,P2_CV0,2,1,1,1,1
3,2532969.44,705413.5711,Age0_F3_m3f3_P3_Y0_UO891,R3_F3_m-1f-1_P3_Y-1_U125,R3_F3_m-1f-1_P3_Y-1_U134,FXX,0,31.02464701732801,0,0,0.0,0,0,0,0.0,0.5,1,P2_CV0,2,0,2,1,1
3,2532969.44,705413.5711,Age0_F3_m3f3_P3_Y0_UO892,R3_F3_m-1f-1_P3_Y-1_U125,R3_F3_m-1f-1_P3_Y-1_U134,FXX,0,31.02464701732801,0,0,0.0,0,0,0,0.0,0.5,1,P2_CV0,2,0,2,0,2
3,2532969.44,705413.5711,Age0_F3_m3f3_P3_Y0_UO893,R3_F3_m-1f-1_P3_Y-1_U125,R3_F3_m-1f-1_P3_Y-1_U134,MXY,0,31.02464701732801,0,0,0.0,0,0,0,0.0,0.5,1,P2_CV0,2,0,2,0,2
3,2532969.44,705413.5711,Age0_F3_m3f3_P3_Y0_UO894,R3_F3_m-1f-1_P3_Y-1_U125,R3_F3_m-1f-1_P3_Y-1_U134,MXY,0,31.02464701732801,0,0,0.0,0,0,0,0.0,0.5,1,P2_CV0,2,2,0,1,1
3,2532969.44,705413.5711,Age0_F3_m3f3_P3_Y0_UO895,R3_F3_m-1f-1_P3_Y-1_U125,R3_F3_m-1f-1_P3_Y-1_U134,FXX,0,31.02464701732801,0,0,0.0,0,0,0,0.0,0.5,1,P2_CV0,2,2,0,1,1
3,2532969.44,705413.5711,Age0_F3_m3f3_P3_Y0_UO896,R3_F3_m-1f-1_P3_Y-1_U125,R3_F3_m-1f-1_P3_Y-1_U134,FXX,0,31.02464701732801,0,0,0.0,0,0,0,0.0,0.5,1,P2_CV0,2,1,1,2,0
3,2532969.44,705413.5711,Age0_F3_m3f3_P3_Y0_UO897,R3_F3_m-1f-1_P3_Y-1_U125,R3_F3_m-1f-1_P3_Y-1_U134,FXX,0,31.02464701732801,0,0,0.0,0,0,0,0.0,0.5,1,P2_CV0,2,2,0,1,1
3,2532969.44,705413.5711,Age0_F3_m3f3_P3_Y0_UO898,R3_F3_m-1f-1_P3_Y-1_U125,R3_F3_m-1f-1_P3_Y-1_U134,FXX,0,31.02464701732801,0,0,0.0,0,0,0,0.0,0.5,1,P2_CV0,2,0,2,1,1
3,2532969.44,705413.5711,Age0_F3_m3f3_P3_Y0_UO899,R3_F3_m-1f-1_P3_Y-1_U125,R3_F3_m-1f-1_P3_Y-1_U134,FXX,0,31.02464701732801,0,0,0.0,0,0,0,0.0,0.5,1,P2_CV0,2,1,1,1,1
3,2532969.44,705413.5711,Age0_F3_m3f3_P3_Y0_UO970,R3_F3_m-1f-1_P3_Y-1_U7,R3_F3_m-1f-1_P3_Y-1_U18,FXX,0,31.02464701732801,0,0,0.0,0,0,0,0.0,0.25,1,P2_CV0,2,1,1,1,1
3,2532969.44,705413.5711,Age0_F3_m3f3_P3_Y0_UO971,R3_F3_m-1f-1_P3_Y-1_U7,R3_F3_m-1f-1_P3_Y-1_U18,MXY,0,31.02464701732801,0,0,0.0,0,0,0,0.0,0.25,1,P2_CV0,2,2,0,1,1
3,2532969.44,705413.5711,Age0_F3_m3f3_P3_Y0_UO972,R3_F3_m-1f-1_P3_Y-1_U7,R3_F3_m-1f-1_P3_Y-1_U18,MXY,0,31.02464701732801,0,0,0.0,0,0,0,0.0,0.25,1,P2_CV0,2,1,1,2,0
3,2532969.44,705413.5711,Age0_F3_m3f3_P3_Y0_UO983,R3_F3_m-1f-1_P3_Y-1_U16,R3_F3_m-1f-1_P3_Y-1_U131,FXX,0,31.02464701732801,0,0,0.0,0,0,0,0.0,0.25,1,P2_CV0,2,2,0,2,0
3,2532969.44,705413.5711,Age0_F3_m3f3_P3_Y0_UO984,R3_F3_m-1f-1_P3_Y-1_U16,R3_F3_m-1f-1_P3_Y-1_U131,MXY,0,31.02464701732801,0,0,0.0,0,0,0,0.0,0.25,1,P2_CV0,2,1,1,1,1
3,2532969.44,705413.5711,Age0_F3_m3f3_P3_Y0_UO985,R3_F3_m-1f-1_P3_Y-1_U16,R3_F3_m-1f-1_P3_Y-1_U131,MXY,0,31.02464701732801,0,0,0.0,0,0,0,0.0,0.25,1,P2_CV0,2,0,2,1,1
3,2532969.44,705413.5711,Age0_F3_m3f3_P3_Y0_UO986,R3_F3_m-1f-1_P3_Y-1_U16,R3_F3_m-1f-1_P3_Y-1_U131,MXY,0,31.02464701732801,0,0,0.0,0,0,0,0.0,0.25,1,P2_CV0,2,1,1,2,0
3,2532969.44,705413.5711,Age0_F3_m3f3_P3_Y0_UO987,R3_F3_m-1f-1_P3_Y-1_U16,R3_F3_m-1f-1_P3_Y-1_U131,FXX,0,31.02464701732801,0,0,0.0,0,0,0,0.0,0.25,1,P2_CV0,2,1,1,1,1
3,2532969.44,705413.5711,Age0_F3_m3f3_P3_Y0_UO988,R3_F3_m-1f-1_P3_Y-1_U16,R3_F3_m-1f-1_P3_Y-1_U131,FXX,0,31.02464701732801,0,0,0.0,0,0,0,0.0,0.25,1,P2_CV0,2,1,1,2,0
3,2532969.44,705413.5711,Age0_F3_m3f3_P3_Y0_UO989,R3_F3_m-1f-1_P3_Y-1_U16,R3_F3_m-1f-1_P3_Y-1_U131,FXX,0,31.02464701732801,0,0,0.0,0,0,0,0.0,0.25,1,P2_CV0,2,1,1,1,1
3,2532969.44,705413.5711,Age0_F3_m3f3_P3_Y0_UO990,R3_F3_m-1f-1_P3_Y-1_U16,R3_F3_m-1f-1_P3_Y-1_U131,MXY,0,31.02464701732801,0,0,0.0,0,0,0,0.0,0.25,1,P2_CV0,2,0,2,0,2
3,2532969.44,705413.5711,Age0_F3_m3f3_P3_Y0_UO991,R3_F3_m-1f-1_P3_Y-1_U16,R3_F3_m-1f-1_P3_Y-1_U131,FXX,0,31.02464701732801,0,0,0.0,0,0,0,0.0,0.25,1,P2_CV0,2,2,0,2,0
3,2532969.44,705413.5711,Age0_F3_m3f3_P3_Y0_UO1008,R3_F3_m-1f-1_P3_Y-1_U125,R3_F3_m-1f-1_P3_Y-1_U45,FXX,0,31.02464701732801,0,0,0.0,0,0,0,0.0,0.5,1,P2_CV0,2,0,2,1,1
3,2532969.44,705413.5711,Age0_F3_m3f3_P3_Y0_UO1009,R3_F3_m-1f-1_P3_Y-1_U125,R3_F3_m-1f-1_P3_Y-1_U45,MXY,0,31.02464701732801,0,0,0.0,0,0,0,0.0,0.5,1,P2_CV0,2,2,0,2,0
3,2532969.44,705413.5711,Age0_F3_m3f3_P3_Y0_UO1010,R3_F3_m-1f-1_P3_Y-1_U125,R3_F3_m-1f-1_P3_Y-1_U45,MXY,0,31.02464701732801,0,0,0.0,0,0,0,0.0,0.5,1,P2_CV0,2,2,0,0,2
3,2532969.44,705413.5711,Age0_F3_m3f3_P3_Y0_UO1011,R3_F3_m-1f-1_P3_Y-1_U125,R3_F3_m-1f-1_P3_Y-1_U45,MXY,0,31.02464701732801,0,0,0.0,0,0,0,0.0,0.5,1,P2_CV0,2,2,0,1,1
3,2532969.44,705413.5711,Age0_F3_m3f3_P3_Y0_UO1012,R3_F3_m-1f-1_P3_Y-1_U125,R3_F3_m-1f-1_P3_Y-1_U45,MXY,0,31.02464701732801,0,0,0.0,0,0,0,0.0,0.5,1,P2_CV0,2,1,1,1,1
3,2532969.44,705413.5711,Age0_F3_m3f3_P3_Y0_UO1013,R3_F3_m-1f-1_P3_Y-1_U125,R3_F3_m-1f-1_P3_Y-1_U45,FXX,0,31.02464701732801,0,0,0.0,0,0,0,0.0,0.5,1,P2_CV0,2,1,1,1,1
3,2532969.44,705413.5711,Age0_F3_m3f3_P3_Y0_UO1054,R3_F3_m-1f-1_P3_Y-1_U7,R3_F3_m-1f-1_P3_Y-1_U45,FXX,0,31.02464701732801,0,0,0.0,0,0,0,0.0,0.25,1,P2_CV0,2,1,1,1,1
3,2532969.44,705413.5711,Age0_F3_m3f3_P3_Y0_UO1055,R3_F3_m-1f-1_P3_Y-1_U7,R3_F3_m-1f-1_P3_Y-1_U45,FXX,0,31.02464701732801,0,0,0.0,0,0,0,0.0,0.25,1,P2_CV0,2,1,1,2,0
3,2532969.44,705413.5711,Age0_F3_m3f3_P3_Y0_UO1056,R3_F3_m-1f-1_P3_Y-1_U7,R3_F3_m-1f-1_P3_Y-1_U45,FXX,0,31.02464701732801,0,0,0.0,0,0,0,0.0,0.25,1,P2_CV0,2,2,0,0,2
3,2532969.44,705413.5711,Age0_F3_m3f3_P3_Y0_UO1057,R3_F3_m-1f-1_P3_Y-1_U7,R3_F3_m-1f-1_P3_Y-1_U45,MXY,0,31.02464701732801,0,0,0.0,0,0,0,0.0,0.25,1,P2_CV0,2,1,1,1,1
3,2532969.44,705413.5711,Age0_F3_m3f3_P3_Y0_UO1058,R3_F3_m-1f-1_P3_Y-1_U7,R3_F3_m-1f-1_P3_Y-1_U45,FXX,0,31.02464701732801,0,0,0.0,0,0,0,0.0,0.25,1,P2_CV0,2,1,1,1,1
3,2532969.44,705413.5711,Age0_F3_m3f3_P3_Y0_UO1059,R3_F3_m-1f-1_P3_Y-1_U7,R3_F3_m-1f-1_P3_Y-1_U45,MXY,0,31.02464701732801,0,0,0.0,0,0,0,0.0,0.25,1,P2_CV0,2,0,2,2,0
3,2532969.44,705413.5711,Age0_F3_m3f3_P3_Y0_UO1060,R3_F3_m-1f-1_P3_Y-1_U7,R3_F3_m-1f-1_P3_Y-1_U45,FXX,0,31.02464701732801,0,0,0.0,0,0,0,0.0,0.25,1,P2_CV0,2,1,1,1,1
3,2532969.44,705413.5711,Age0_F3_m3f3_P3_Y0_UO1061,R3_F3_m-1f-1_P3_Y-1_U7,R3_F3_m-1f-1_P3_Y-1_U45,FXX,0,31.02464701732801,0,0,0.0,0,0,0,0.0,0.25,1,P2_CV0,2,1,1,1,1
3,2532969.44,705413.5711,Age0_F3_m3f3_P3_Y0_UO1062,R3_F3_m-1f-1_P3_Y-1_U7,R3_F3_m-1f-1_P3_Y-1_U45,MXY,0,31.02464701732801,0,0,0.0,0,0,0,0.0,0.25,1,P2_CV0,2,1,1,2,0
3,2532969.44,705413.5711,Age0_F3_m3f3_P3_Y0_UO1063,R3_F3_m-1f-1_P3_Y-1_U7,R3_F3_m-1f-1_P3_Y-1_U45,MXY,0,31.02464701732801,0,0,0.0,0,0,0,0.0,0.25,1,P2_CV0,2,1,1,0,2
3,2532969.44,705413.5711,Age0_F3_m3f3_P3_Y0_UO1064,R3_F3_m-1f-1_P3_Y-1_U107,R3_F3_m-1f-1_P3_Y-1_U19,MXY,0,31.02464701732801,0,0,0.0,0,0,0,0.0,0.25,1,P2_CV0,2,0,2,2,0
3,2532969.44,705413.5711,Age0_F3_m3f3_P3_Y0_UO1065,R3_F3_m-1f-1_P3_Y-1_U107,R3_F3_m-1f-1_P3_Y-1_U19,MXY,0,31.02464701732801,0,0,0.0,0,0,0,0.0,0.25,1,P2_CV0,2,0,2,0,2
3,2532969.44,705413.5711,R3_F3_m-1f-1_P3_Y-1_U1,-9999,-9999,MXY,1,31.030528651599,1,1,0.0,0,0,0,-9999.0,0.5,1,P2_CV0,2,1,1,2,0
3,2532969.44,705413.5711,R3_F3_m-1f-1_P3_Y-1_U5,-9999,-9999,MXY,1,31.030528651599,1,1,0.0,0,0,0,-9999.0,0.0,1,P2_CV0,2,0,2,1,1
3,2532969.44,705413.5711,R3_F3_m-1f-1_P3_Y-1_U8,-9999,-9999,MXY,1,31.030528651599,1,1,0.0,0,0,0,-9999.0,1.0,1,P2_CV0,2,2,0,0,2
3,2532969.44,705413.5711,R3_F3_m-1f-1_P3_Y-1_U10,-9999,-9999,MXY,1,31.030528651599,1,1,0.0,0,0,0,-9999.0,0.0,1,P2_CV0,2,0,2,0,2
3,2532969.44,705413.5711,R3_F3_m-1f-1_P3_Y-1_U13,-9999,-9999,MXY,1,31.030528651599,1,1,0.0,0,0,0,-9999.0,0.5,1,P2_CV0,2,1,1,1,1
3,2532969.44,705413.5711,R3_F3_m-1f-1_P3_Y-1_U14,-9999,-9999,MXY,1,31.030528651599,1,1,0.0,0,0,0,-9999.0,0.5,1,P2_CV0,2,1,1,2,0
3,2532969.44,705413.5711,R3_F3_m-1f-1_P3_Y-1_U15,-9999,-9999,MXY,1,31.030528651599,1,1,0.0,0,0,0,-9999.0,0.5,1,P2_CV0,2,1,1,1,1
3,2532969.44,705413.5711,R3_F3_m-1f-1_P3_Y-1_U20,-9999,-9999,FXX,1,31.030528651599,1,1,0.0,0,0,0,-9999.0,0.5,1,P2_CV0,2,1,1,1,1
3,2532969.44,705413.5711,R3_F3_m-1f-1_P3_Y-1_U21,-9999,-9999,MXY,1,31.030528651599,1,1,0.0,0,0,0,-9999.0,0.0,1,P2_CV0,2,0,2,2,0
3,2532969.44,705413.5711,R3_F3_m-1f-1_P3_Y-1_U23,-9999,-9999,MXY,1,31.030528651599,1,1,0.0,0,0,0,-9999.0,1.0,1,P2_CV0,2,2,0,1,1
3,2532969.44,705413.5711,R3_F3_m-1f-1_P3_Y-1_U24,-9999,-9999,FXX,1,31.030528651599,1,1,1.174,0,0,0,-9999.0,0.0,1,P2_CV0,2,0,2,2,0
3,2532969.44,705413.5711,R3_F3_m-1f-1_P3_Y-1_U25,-9999,-9999,FXX,1,31.030528651599,1,1,1.246,0,0,0,-9999.0,1.0,1,P2_CV0,2,2,0,0,2
3,2532969.44,705413.5711,R3_F3_m-1f-1_P3_Y-1_U27,-9999,-9999,FXX,1,31.030528651599,1,1,1.231,0,0,0,-9999.0,0.0,1,P2_CV0,2,0,2,0,2
3,2532969.44,705413.5711,R3_F3_m-1f-1_P3_Y-1_U31,-9999,-9999,MXY,1,31.030528651599,1,1,0.0,0,0,0,-9999.0,1.0,1,P2_CV0,2,2,0,1,1
3,2532969.44,705413.5711,R3_F3_m-1f-1_P3_Y-1_U33,-9999,-9999,FXX,1,31.030528651599,1,1,1.821,0,0,0,-9999.0,0.5,1,P2_CV0,2,1,1,0,2
3,2532969.44,705413.5711,R3_F3_m-1f-1_P3_Y-1_U38,-9999,-9999,MXY,1,31.030528651599,1,1,0.0,0,0,0,-9999.0,0.5,1,P2_CV0,2,1,1,1,1
3,2532969.44,705413.5711,R3_F3_m-1f-1_P3_Y-1_U41,-9999,-9999,FXX,1,31.030528651599,1,1,1.071,0,0,0,-9999.0,1.0,1,P2_CV0,2,2,0,2,0
3,2532969.44,705413.5711,R3_F3_m-1f-1_P3_Y-1_U42,-9999,-9999,MXY,1,31.030528651599,1,1,0.0,0,0,0,-9999.0,0.0,1,P2_CV0,2,0,2,1,1
3,2532969.44,705413.5711,R3_F3_m-1f-1_P3_Y-1_U44,-9999,-9999,FXX,1,31.030528651599,1,1,0.0,0,0,0,-9999.0,0.0,1,P2_CV0,2,0,2,0,2
3,2532969.44,705413.5711,R3_F3_m-1f-1_P3_Y-1_U46,-9999,-9999,MXY,1,31.030528651599,1,1,0.0,0,0,0,-9999.0,0.5,1,P2_CV0,2,1,1,1,1
3,2532969.44,705413.5711,R3_F3_m-1f-1_P3_Y-1_U48,-9999,-9999,FXX,1,31.030528651599,1,1,0.0,0,0,0,-9999.0,1.0,1,P2_CV0,2,2,0,1,1
3,2532969.44,705413.5711,R3_F3_m-1f-1_P3_Y-1_U49,-9999,-9999,MXY,1,31.030528651599,1,1,0.0,0,0,0,-9999.0,0.0,1,P2_CV0,2,0,2,1,1
3,2532969.44,705413.5711,R3_F3_m-1f-1_P3_Y-1_U50,-9999,-9999,FXX,1,31.030528651599,1,1,1.389,0,0,0,-9999.0,1.0,1,P2_CV0,2,2,0,2,0
3,2532969.44,705413.5711,R3_F3_m-1f-1_P3_Y-1_U51,-9999,-9999,MXY,1,31.030528651599,1,1,0.0,0,0,0,-9999.0,1.0,1,P2_CV0,2,2,0,1,1
3,2532969.44,705413.5711,R3_F3_m-1f-1_P3_Y-1_U52,-9999,-9999,MXY,1,31.030528651599,1,1,0.0,0,0,0,-9999.0,1.0,1,P2_CV0,2,2,0,2,0
3,2532969.44,705413.5711,R3_F3_m-1f-1_P3_Y-1_U53,-9999,-9999,FXX,1,31.030528651599,1,1,1.0,0,0,0,-9999.0,0.0,1,P2_CV0,2,0,2,0,2
3,2532969.44,705413.5711,R3_F3_m-1f-1_P3_Y-1_U57,-9999,-9999,MXY,1,31.030528651599,1,1,0.0,0,0,0,-9999.0,0.5,1,P2_CV0,2,1,1,1,1
3,2532969.44,705413.5711,R3_F3_m-1f-1_P3_Y-1_U59,-9999,-9999,FXX,1,31.030528651599,1,1,2.585,0,0,0,-9999.0,1.0,1,P2_CV0,2,2,0,1,1
3,2532969.44,705413.5711,R3_F3_m-1f-1_P3_Y-1_U60,-9999,-9999,FXX,1,31.030528651599,1,1,3.686,0,0,0,-9999.0,0.5,1,P2_CV0,2,1,1,2,0
3,2532969.44,705413.5711,R3_F3_m-1f-1_P3_Y-1_U61,-9999,-9999,FXX,1,31.030528651599,1,1,1.0,0,0,0,-9999.0,0.5,1,P2_CV0,2,1,1,2,0
3,2532969.44,705413.5711,R3_F3_m-1f-1_P3_Y-1_U63,-9999,-9999,MXY,1,31.030528651599,1,1,0.0,0,0,0,-9999.0,1.0,1,P2_CV0,2,2,0,0,2
3,2532969.44,705413.5711,R3_F3_m-1f-1_P3_Y-1_U64,-9999,-9999,MXY,1,31.030528651599,1,1,0.0,0,0,0,-9999.0,1.0,1,P2_CV0,2,2,0,1,1
3,2532969.44,705413.5711,R3_F3_m-1f-1_P3_Y-1_U65,-9999,-9999,MXY,1,31.030528651599,1,1,0.0,0,0,0,-9999.0,0.5,1,P2_CV0,2,1,1,1,1
3,2532969.44,705413.5711,R3_F3_m-1f-1_P3_Y-1_U66,-9999,-9999,MXY,1,31.030528651599,1,1,0.0,0,0,0,-9999.0,1.0,1,P2_CV0,2,2,0,0,2
3,2532969.44,705413.5711,R3_F3_m-1f-1_P3_Y-1_U67,-9999,-9999,MXY,1,31.030528651599,1,1,0.0,0,0,0,-9999.0,0.5,1,P2_CV0,2,1,1,0,2
3,2532969.44,705413.5711,R3_F3_m-1f-1_P3_Y-1_U69,-9999,-9999,MXY,1,31.030528651599,1,1,0.0,0,0,0,-9999.0,0.5,1,P2_CV0,2,1,1,1,1
3,2532969.44,705413.5711,R3_F3_m-1f-1_P3_Y-1_U71,-9999,-9999,FXX,1,31.030528651599,1,1,0.0,0,0,0,-9999.0,0.0,1,P2_CV0,2,0,2,1,1
3,2532969.44,705413.5711,R3_F3_m-1f-1_P3_Y-1_U73,-9999,-9999,FXX,1,31.030528651599,1,1,1.595,0,0,0,-9999.0,0.0,1,P2_CV0,2,0,2,0,2
3,2532969.44,705413.5711,R3_F3_m-1f-1_P3_Y-1_U74,-9999,-9999,MXY,1,31.030528651599,1,1,0.0,0,0,0,-9999.0,0.5,1,P2_CV0,2,1,1,0,2
3,2532969.44,705413.5711,R3_F3_m-1f-1_P3_Y-1_U76,-9999,-9999,MXY,1,31.030528651599,1,1,0.0,0,0,0,-9999.0,0.5,1,P2_CV0,2,1,1,1,1
3,2532969.44,705413.5711,R3_F3_m-1f-1_P3_Y-1_U77,-9999,-9999,FXX,1,31.030528651599,1,1,1.507,0,0,0,-9999.0,0.0,1,P2_CV0,2,0,2,0,2
3,2532969.44,705413.5711,R3_F3_m-1f-1_P3_Y-1_U79,-9999,-9999,MXY,1,31.030528651599,1,1,0.0,0,0,0,-9999.0,0.5,1,P2_CV0,2,1,1,1,1
3,2532969.44,705413.5711,R3_F3_m-1f-1_P3_Y-1_U83,-9999,-9999,FXX,1,31.030528651599,1,1,1.411,0,0,0,-9999.0,0.5,1,P2_CV0,2,1,1,0,2
3,2532969.44,705413.5711,R3_F3_m-1f-1_P3_Y-1_U84,-9999,-9999,MXY,1,31.030528651599,1,1,0.0,0,0,0,-9999.0,0.5,1,P2_CV0,2,1,1,0,2
3,2532969.44,705413.5711,R3_F3_m-1f-1_P3_Y-1_U85,-9999,-9999,MXY,1,31.030528651599,1,1,0.0,0,0,0,-9999.0,0.5,1,P2_CV0,2,1,1,1,1
3,2532969.44,705413.5711,R3_F3_m-1f-1_P3_Y-1_U89,-9999,-9999,FXX,1,31.030528651599,1,1,4.115,0,0,0,-9999.0,1.0,1,P2_CV0,2,2,0,0,2
3,2532969.44,705413.5711,R3_F3_m-1f-1_P3_Y-1_U90,-9999,-9999,FXX,1,31.030528651599,1,1,0.0,0,0,0,-9999.0,1.0,1,P2_CV0,2,2,0,1,1
3,2532969.44,705413.5711,R3_F3_m-1f-1_P3_Y-1_U91,-9999,-9999,MXY,1,31.030528651599,1,1,0.0,0,0,0,-9999.0,1.0,1,P2_CV0,2,2,0,1,1
3,2532969.44,705413.5711,R3_F3_m-1f-1_P3_Y-1_U92,-9999,-9999,MXY,1,31.030528651599,1,1,0.0,0,0,0,-9999.0,1.0,1,P2_CV0,2,2,0,0,2
3,2532969.44,705413.5711,R3_F3_m-1f-1_P3_Y-1_U93,-9999,-9999,MXY,1,31.030528651599,1,1,0.0,0,0,0,-9999.0,0.0,1,P2_CV0,2,0,2,1,1
3,2532969.44,705413.5711,R3_F3_m-1f-1_P3_Y-1_U96,-9999,-9999,FXX,1,31.030528651599,1,1,1.043,0,0,0,-9999.0,0.5,1,P2_CV0,2,1,1,1,1
3,2532969.44,705413.5711,R3_F3_m-1f-1_P3_Y-1_U97,-9999,-9999,FXX,1,31.030528651599,1,1,1.076,0,0,0,-9999.0,1.0,1,P2_CV0,2,2,0,2,0
3,2532969.44,705413.5711,R3_F3_m-1f-1_P3_Y-1_U98,-9999,-9999,FXX,1,31.030528651599,1,1,2.113,0,0,0,-9999.0,0.5,1,P2_CV0,2,1,1,1,1
3,2532969.44,705413.5711,R3_F3_m-1f-1_P3_Y-1_U99,-9999,-9999,FXX,1,31.030528651599,1,1,0.0,0,0,0,-9999.0,0.5,1,P2_CV0,2,1,1,1,1
3,2532969.44,705413.5711,R3_F3_m-1f-1_P3_Y-1_U103,-9999,-9999,MXY,1,31.030528651599,1,1,0.0,0,0,0,-9999.0,0.0,1,P2_CV0,2,0,2,1,1
3,2532969.44,705413.5711,R3_F3_m-1f-1_P3_Y-1_U104,-9999,-9999,FXX,1,31.030528651599,1,1,1.679,0,0,0,-9999.0,0.5,1,P2_CV0,2,1,1,2,0
3,2532969.44,705413.5711,R3_F3_m-1f-1_P3_Y-1_U112,-9999,-9999,MXY,1,31.030528651599,1,1,0.0,0,0,0,-9999.0,0.5,1,P2_CV0,2,1,1,1,1
3,2532969.44,705413.5711,R3_F3_m-1f-1_P3_Y-1_U114,-9999,-9999,FXX,1,31.030528651599,1,1,0.0,0,0,0,-9999.0,0.5,1,P2_CV0,2,1,1,0,2
3,2532969.44,705413.5711,R3_F3_m-1f-1_P3_Y-1_U115,-9999,-9999,FXX,1,31.030528651599,1,1,2.331,0,0,0,-9999.0,0.5,1,P2_CV0,2,1,1,1,1
3,2532969.44,705413.5711,R3_F3_m-1f-1_P3_Y-1_U116,-9999,-9999,MXY,1,31.030528651599,1,1,0.0,0,0,0,-9999.0,0.5,1,P2_CV0,2,1,1,0,2
3,2532969.44,705413.5711,R3_F3_m-1f-1_P3_Y-1_U117,-9999,-9999,FXX,1,31.030528651599,1,1,1.861,0,0,0,-9999.0,0.0,1,P2_CV0,2,0,2,1,1
3,2532969.44,705413.5711,R3_F3_m-1f-1_P3_Y-1_U120,-9999,-9999,MXY,1,31.030528651599,1,1,0.0,0,0,0,-9999.0,0.5,1,P2_CV0,2,1,1,1,1
3,2532969.44,705413.5711,R3_F3_m-1f-1_P3_Y-1_U122,-9999,-9999,MXY,1,31.030528651599,1,1,0.0,0,0,0,-9999.0,0.5,1,P2_CV0,2,1,1,1,1
3,2532969.44,705413.5711,R3_F3_m-1f-1_P3_Y-1_U124,-9999,-9999,FXX,1,31.030528651599,1,1,0.0,0,0,0,-9999.0,0.5,1,P2_CV0,2,1,1,0,2
3,2532969.44,705413.5711,R3_F3_m-1f-1_P3_Y-1_U127,-9999,-9999,MXY,1,31.030528651599,1,1,0.0,0,0,0,-9999.0,0.5,1,P2_CV0,2,1,1,2,0
3,2532969.44,705413.5711,R3_F3_m-1f-1_P3_Y-1_U129,-9999,-9999,MXY,1,31.030528651599,1,1,0.0,0,0,0,-9999.0,0.0,1,P2_CV0,2,0,2,2,0
3,2532969.44,705413.5711,R3_F3_m-1f-1_P3_Y-1_U132,-9999,-9999,FXX,1,31.030528651599,1,1,0.0,0,0,0,-9999.0,0.5,1,P2_CV0,2,1,1,1,1
3,2532969.44,705413.5711,R3_F3_m-1f-1_P3_Y-1_U135,-9999,-9999,MXY,1,31.030528651599,1,1,0.0,0,0,0,-9999.0,0.5,1,P2_CV0,2,1,1,1,1
3,2532969.44,705413.5711,R3_F3_m-1f-1_P3_Y-1_U136,-9999,-9999,FXX,1,31.030528651599,1,1,2.384,0,0,0,-9999.0,1.0,1,P2_CV0,2,2,0,1,1
3,2532969.44,705413.5711,R3_F3_m-1f-1_P3_Y-1_U141,-9999,-9999,FXX,1,31.030528651599,1,1,1.0,0,0,0,-9999.0,0.5,1,P2_CV0,2,1,1,1,1
3,2532969.44,705413.5711,R3_F3_m-1f-1_P3_Y-1_U142,-9999,-9999,FXX,1,31.030528651599,1,1,3.033,0,0,0,-9999.0,0.5,1,P2_CV0,2,1,1,2,0
3,2532969.44,705413.5711,R3_F3_m-1f-1_P3_Y-1_U143,-9999,-9999,MXY,1,31.030528651599,1,1,0.0,0,0,0,-9999.0,0.5,1,P2_CV0,2,1,1,0,2
3,2532969.44,705413.5711,R3_F3_m-1f-1_P3_Y-1_U145,-9999,-9999,FXX,1,31.030528651599,1,1,1.0,0,0,0,-9999.0,1.0,1,P2_CV0,2,2,0,1,1
3,2532969.44,705413.5711,R3_F3_m-1f-1_P3_Y-1_U146,-9999,-9999,FXX,1,31.030528651599,1,1,0.0,0,0,0,-9999.0,0.5,1,P2_CV0,2,1,1,2,0
3,2532969.44,705413.5711,R3_F3_m-1f-1_P3_Y-1_U147,-9999,-9999,FXX,1,31.030528651599,1,1,0.0,0,0,0,-9999.0,0.5,1,P2_CV0,2,1,1,0,2
3,2532969.44,705413.5711,R3_F3_m-1f-1_P3_Y-1_U148,-9999,-9999,MXY,1,31.030528651599,1,1,0.0,0,0,0,-9999.0,0.0,1,P2_CV0,2,0,2,2,0
3,2532969.44,705413.5711,R3_F3_m-1f-1_P3_Y-1_U7,-9999,-9999,FXX,2,51.69139218692584,1,0,0.0,0,0,0,-9999.0,0.0,1,P2_CV0,2,0,2,1,1
3,2532969.44,705413.5711,R3_F3_m-1f-1_P3_Y-1_U11,-9999,-9999,MXY,2,58.795392186925845,1,0,0.0,0,0,0,-9999.0,0.0,1,P2_CV0,2,0,2,0,2
3,2532969.44,705413.5711,R3_F3_m-1f-1_P3_Y-1_U17,-9999,-9999,MXY,2,51.31539218692584,1,0,0.0,0,0,0,-9999.0,1.0,1,P2_CV0,2,2,0,1,1
3,2532969.44,705413.5711,R3_F3_m-1f-1_P3_Y-1_U18,-9999,-9999,MXY,2,44.99239218692584,1,0,0.0,0,0,0,-9999.0,0.5,1,P2_CV0,2,1,1,1,1
3,2532969.44,705413.5711,R3_F3_m-1f-1_P3_Y-1_U22,-9999,-9999,MXY,2,57.384392186925844,1,0,0.0,0,0,0,-9999.0,0.0,1,P2_CV0,2,0,2,1,1
3,2532969.44,705413.5711,R3_F3_m-1f-1_P3_Y-1_U28,-9999,-9999,MXY,2,49.77839218692584,1,0,0.0,0,0,0,-9999.0,0.5,1,P2_CV0,2,1,1,2,0
3,2532969.44,705413.5711,R3_F3_m-1f-1_P3_Y-1_U29,-9999,-9999,FXX,2,46.80939218692584,1,0,1.313,0,0,0,-9999.0,0.5,1,P2_CV0,2,1,1,2,0
3,2532969.44,705413.5711,R3_F3_m-1f-1_P3_Y-1_U30,-9999,-9999,MXY,2,55.31339218692584,1,0,0.0,0,0,0,-9999.0,0.0,1,P2_CV0,2,0,2,2,0
3,2532969.44,705413.5711,R3_F3_m-1f-1_P3_Y-1_U35,-9999,-9999,FXX,2,49.24739218692584,1,0,2.745,0,0,0,-9999.0,0.5,1,P2_CV0,2,1,1,1,1
3,2532969.44,705413.5711,R3_F3_m-1f-1_P3_Y-1_U36,-9999,-9999,MXY,2,47.417392186925845,1,0,0.0,0,0,0,-9999.0,0.0,1,P2_CV0,2,0,2,1,1
3,2532969.44,705413.5711,R3_F3_m-1f-1_P3_Y-1_U45,-9999,-9999,MXY,2,55.19639218692584,1,0,0.0,0,0,0,-9999.0,0.5,1,P2_CV0,2,1,1,1,1
3,2532969.44,705413.5711,R3_F3_m-1f-1_P3_Y-1_U54,-9999,-9999,FXX,2,53.942392186925844,1,0,2.278,0,0,0,-9999.0,0.5,1,P2_CV0,2,1,1,0,2
3,2532969.44,705413.5711,R3_F3_m-1f-1_P3_Y-1_U55,-9999,-9999,MXY,2,56.72939218692584,1,0,0.0,0,0,0,-9999.0,1.0,1,P2_CV0,2,2,0,0,2
3,2532969.44,705413.5711,R3_F3_m-1f-1_P3_Y-1_U58,-9999,-9999,FXX,2,52.45939218692584,1,0,0.0,0,0,0,-9999.0,0.0,1,P2_CV0,2,0,2,0,2
3,2532969.44,705413.5711,R3_F3_m-1f-1_P3_Y-1_U62,-9999,-9999,MXY,2,53.93539218692584,1,0,0.0,0,0,0,-9999.0,0.5,1,P2_CV0,2,1,1,1,1
3,2532969.44,705413.5711,R3_F3_m-1f-1_P3_Y-1_U72,-9999,-9999,FXX,2,50.84239218692584,1,0,1.162,0,0,0,-9999.0,0.0,1,P2_CV0,2,0,2,2,0
3,2532969.44,705413.5711,R3_F3_m-1f-1_P3_Y-1_U78,-9999,-9999,MXY,2,52.734392186925845,1,0,0.0,0,0,0,-9999.0,0.5,1,P2_CV0,2,1,1,0,2
3,2532969.44,705413.5711,R3_F3_m-1f-1_P3_Y-1_U82,-9999,-9999,FXX,2,56.11739218692584,1,0,2.922,0,0,0,-9999.0,1.0,1,P2_CV0,2,2,0,0,2
3,2532969.44,705413.5711,R3_F3_m-1f-1_P3_Y-1_U86,-9999,-9999,MXY,2,60.25139218692584,1,0,0.0,0,0,0,-9999.0,0.5,1,P2_CV0,2,1,1,2,0
3,2532969.44,705413.5711,R3_F3_m-1f-1_P3_Y-1_U87,-9999,-9999,FXX,2,53.61739218692584,1,0,1.377,0,0,0,-9999.0,0.0,1,P2_CV0,2,0,2,1,1
3,2532969.44,705413.5711,R3_F3_m-1f-1_P3_Y-1_U88,-9999,-9999,MXY,2,52.02839218692584,1,0,0.0,0,0,0,-9999.0,0.5,1,P2_CV0,2,1,1,0,2
3,2532969.44,705413.5711,R3_F3_m-1f-1_P3_Y-1_U102,-9999,-9999,FXX,2,48.08339218692584,1,0,1.0,0,0,0,-9999.0,0.5,1,P2_CV0,2,1,1,2,0
3,2532969.44,705413.5711,R3_F3_m-1f-1_P3_Y-1_U108,-9999,-9999,MXY,2,49.283392186925845,1,0,0.0,0,0,0,-9999.0,0.5,1,P2_CV0,2,1,1,0,2
3,2532969.44,705413.5711,R3_F3_m-1f-1_P3_Y-1_U111,-9999,-9999,MXY,2,60.600392186925845,1,0,0.0,0,0,0,-9999.0,0.0,1,P2_CV0,2,0,2,1,1
3,2532969.44,705413.5711,R3_F3_m-1f-1_P3_Y-1_U118,-9999,-9999,MXY,2,46.04339218692584,1,0,0.0,0,0,0,-9999.0,0.0,1,P2_CV0,2,0,2,0,2
3,2532969.44,705413.5711,R3_F3_m-1f-1_P3_Y-1_U121,-9999,-9999,MXY,2,66.02539218692583,1,0,0.0,0,0,0,-9999.0,1.0,1,P2_CV0,2,2,0,1,1
3,2532969.44,705413.5711,R3_F3_m-1f-1_P3_Y-1_U125,-9999,-9999,FXX,2,70.85639218692583,1,0,1.0,0,0,0,-9999.0,0.5,1,P2_CV0,2,1,1,1,1
3,2532969.44,705413.5711,R3_F3_m-1f-1_P3_Y-1_U126,-9999,-9999,MXY,2,47.22639218692584,1,0,0.0,0,0,0,-9999.0,0.5,1,P2_CV0,2,1,1,1,1
3,2532969.44,705413.5711,R3_F3_m-1f-1_P3_Y-1_U12,-9999,-9999,MXY,3,92.02350376715863,1,0,0.0,0,0,0,-9999.0,1.0,1,P2_CV0,2,2,0,0,2
3,2532969.44,705413.5711,R3_F3_m-1f-1_P3_Y-1_U39,-9999,-9999,MXY,3,92.02350376715863,1,0,0.0,0,0,0,-9999.0,0.5,1,P2_CV0,2,1,1,1,1
3,2532969.44,705413.5711,R3_F3_m-1f-1_P3_Y-1_U68,-9999,-9999,FXX,3,92.02350376715863,1,0,0.0,0,0,0,-9999.0,0.0,1,P2_CV0,2,0,2,1,1
3,2532969.44,705413.5711,R3_F3_m-1f-1_P3_Y-1_U81,-9999,-9999,MXY,3,92.02350376715863,1,0,0.0,0,0,0,-9999.0,0.5,1,P2_CV0,2,1,1,1,1
3,2532969.44,705413.5711,R3_F3_m-1f-1_P3_Y-1_U113,-9999,-9999,FXX,3,92.02350376715863,1,0,1.0,0,0,0,-9999.0,0.5,1,P2_CV0,2,1,1,1,1
3,2532969.44,705413.5711,R3_F3_m-1f-1_P3_Y-1_U123,-9999,-9999,MXY,3,92.02350376715863,1,0,0.0,0,0,0,-9999.0,0.5,1,P2_CV0,2,1,1,1,1
3,2532969.44,705413.5711,R3_F3_m-1f-1_P3_Y-1_U134,-9999,-9999,MXY,3,92.02350376715863,1,0,0.0,0,0,0,-9999.0,0.5,1,P2_CV0,2,1,1,1,1
3,2532969.44,705413.5711,R3_F3_m-1f-1_P3_Y-1_U139,-9999,-9999,MXY,3,92.02350376715863,1,0,0.0,0,0,0,-9999.0,0.5,1,P2_CV0,2,1,1,1,1
3,2532969.44,705413.5711,R3_F3_m-1f-1_P3_Y-1_U140,-9999,-9999,MXY,3,92.02350376715863,1,0,0.0,0,0,0,-9999.0,0.0,1,P2_CV0,2,0,2,2,0
3,2532969.44,705413.5711,R3_F3_m-1f-1_P3_Y-1_U144,-9999,-9999,MXY,3,92.02350376715863,1,0,0.0,0,0,0,-9999.0,0.5,1,P2_CV0,2,1,1,1,1
4,2539041.489,728416.6747,Age0_F4_m4f4_P4_Y0_UO1,R4_F4_m-1f-1_P4_Y-1_U79,R4_F4_m-1f-1_P4_Y-1_U111,FXX,0,31.010726906514392,0,0,0.0,0,0,0,0.0,0.5,1,P3_CV0,2,1,1,1,1
4,2539041.489,728416.6747,Age0_F4_m4f4_P4_Y0_UO2,R4_F4_m-1f-1_P4_Y-1_U79,R4_F4_m-1f-1_P4_Y-1_U111,FXX,0,31.010726906514392,0,0,0.0,0,0,0,0.0,0.5,1,P3_CV0,2,0,2,1,1
4,2539041.489,728416.6747,Age0_F4_m4f4_P4_Y0_UO3,R4_F4_m-1f-1_P4_Y-1_U79,R4_F4_m-1f-1_P4_Y-1_U111,FXX,0,31.010726906514392,0,0,0.0,0,0,0,0.0,0.5,1,P3_CV0,2,1,1,1,1
4,2539041.489,728416.6747,Age0_F4_m4f4_P4_Y0_UO34,R4_F4_m-1f-1_P4_Y-1_U130,R4_F4_m-1f-1_P4_Y-1_U38,MXY,0,31.010726906514392,0,0,0.0,0,0,0,0.0,0.25,1,P3_CV0,2,0,2,2,0
4,2539041.489,728416.6747,Age0_F4_m4f4_P4_Y0_UO35,R4_F4_m-1f-1_P4_Y-1_U130,R4_F4_m-1f-1_P4_Y-1_U38,FXX,0,31.010726906514392,0,0,0.0,0,0,0,0.0,0.25,1,P3_CV0,2,1,1,1,1
4,2539041.489,728416.6747,Age0_F4_m4f4_P4_Y0_UO58,R4_F4_m-1f-1_P4_Y-1_U66,R4_F4_m-1f-1_P4_Y-1_U102,FXX,0,31.010726906514392,0,0,0.0,0,0,0,0.0,0.75,1,P3_CV0,2,1,1,0,2
4,2539041.489,728416.6747,Age0_F4_m4f4_P4_Y0_UO59,R4_F4_m-1f-1_P4_Y-1_U66,R4_F4_m-1f-1_P4_Y-1_U102,MXY,0,31.010726906514392,0,0,0.0,0,0,0,0.0,0.75,1,P3_CV0,2,2,0,0,2
4,2539041.489,728416.6747,Age0_F4_m4f4_P4_Y0_UO60,R4_F4_m-1f-1_P4_Y-1_U66,R4_F4_m-1f-1_P4_Y-1_U102,MXY,0,31.010726906514392,0,0,0.0,0,0,0,0.0,0.75,1,P3_CV0,2,0,2,0,2
4,2539041.489,728416.6747,Age0_F4_m4f4_P4_Y0_UO89,R4_F4_m-1f-1_P4_Y-1_U78,R4_F4_m-1f-1_P4_Y-1_U125,FXX,0,31.010726906514392,0,0,0.0,0,0,0,0.0,0.75,1,P3_CV0,2,2,0,1,1
4,2539041.489,728416.6747,Age0_F4_m4f4_P4_Y0_UO90,R4_F4_m-1f-1_P4_Y-1_U78,R4_F4_m-1f-1_P4_Y-1_U125,MXY,0,31.010726906514392,0,0,0.0,0,0,0,0.0,0.75,1,P3_CV0,2,1,1,2,0
4,2539041.489,728416.6747,Age0_F4_m4f4_P4_Y0_UO91,R4_F4_m-1f-1_P4_Y-1_U78,R4_F4_m-1f-1_P4_Y-1_U125,MXY,0,31.010726906514392,0,0,0.0,0,0,0,0.0,0.75,1,P3_CV0,2,1,1,1,1
4,2539041.489,728416.6747,Age0_F4_m4f4_P4_Y0_UO92,R4_F4_m-1f-1_P4_Y-1_U78,R4_F4_m-1f-1_P4_Y-1_U125,FXX,0,31.010726906514392,0,0,0.0,0,0,0,0.0,0.75,1,P3_CV0,2,1,1,1,1
4,2539041.489,728416.6747,Age0_F4_m4f4_P4_Y0_UO102,R4_F4_m-1f-1_P4_Y-1_U137,R4_F4_m-1f-1_P4_Y-1_U38,MXY,0,31.010726906514392,0,0,0.0,0,0,0,0.0,0.5,1,P3_CV0,2,2,0,1,1
4,2539041.489,728416.6747,Age0_F4_m4f4_P4_Y0_UO103,R4_F4_m-1f-1_P4_Y-1_U37,R4_F4_m-1f-1_P4_Y-1_U47,MXY,0,31.010726906514392,0,0,0.0,0,0,0,0.0,1.0,1,P3_CV0,2,0,2,2,0
4,2539041.489,728416.6747,Age0_F4_m4f4_P4_Y0_UO104,R4_F4_m-1f-1_P4_Y-1_U37,R4_F4_m-1f-1_P4_Y-1_U47,MXY,0,31.010726906514392,0,0,0.0,0,0,0,0.0,1.0,1,P3_CV0,2,1,1,1,1
4,2539041.489,728416.6747,Age0_F4_m4f4_P4_Y0_UO105,R4_F4_m-1f-1_P4_Y-1_U37,R4_F4_m-1f-1_P4_Y-1_U47,FXX,0,31.010726906514392,0,0,0.0,0,0,0,0.0,1.0,1,P3_CV0,2,0,2,1,1
4,2539041.489,728416.6747,Age0_F4_m4f4_P4_Y0_UO109,R4_F4_m-1f-1_P4_Y-1_U101,R4_F4_m-1f-1_P4_Y-1_U140,MXY,0,31.010726906514392,0,0,0.0,0,0,0,0.0,0.25,1,P3_CV0,2,0,2,0,2
4,2539041.489,728416.6747,Age0_F4_m4f4_P4_Y0_UO110,R4_F4_m-1f-1_P4_Y-1_U101,R4_F4_m-1f-1_P4_Y-1_U140,FXX,0,31.010726906514392,0,0,0.0,0,0,0,0.0,0.25,1,P3_CV0,2,1,1,1,1
4,2539041.489,728416.6747,Age0_F4_m4f4_P4_Y0_UO111,R4_F4_m-1f-1_P4_Y-1_U101,R4_F4_m-1f-1_P4_Y-1_U140,MXY,0,31.010726906514392,0,0,0.0,0,0,0,0.0,0.25,1,P3_CV0,2,0,2,1,1
4,2539041.489,728416.6747,Age0_F4_m4f4_P4_Y0_UO112,R4_F4_m-1f-1_P4_Y-1_U101,R4_F4_m-1f-1_P4_Y-1_U140,FXX,0,31.010726906514392,0,0,0.0,0,0,0,0.0,0.25,1,P3_CV0,2,1,1,1,1
4,2539041.489,728416.6747,Age0_F4_m4f4_P4_Y0_UO113,R4_F4_m-1f-1_P4_Y-1_U101,R4_F4_m-1f-1_P4_Y-1_U140,MXY,0,31.010726906514392,0,0,0.0,0,0,0,0.0,0.25,1,P3_CV0,2,1,1,2,0
4,2539041.489,728416.6747,Age0_F4_m4f4_P4_Y0_UO114,R4_F4_m-1f-1_P4_Y-1_U101,R4_F4_m-1f-1_P4_Y-1_U140,MXY,0,31.010726906514392,0,0,0.0,0,0,0,0.0,0.25,1,P3_CV0,2,1,1,0,2
4,2539041.489,728416.6747,Age0_F4_m4f4_P4_Y0_UO115,R4_F4_m-1f-1_P4_Y-1_U101,R4_F4_m-1f-1_P4_Y-1_U140,MXY,0,31.010726906514392,0,0,0.0,0,0,0,0.0,0.25,1,P3_CV0,2,0,2,1,1
4,2539041.489,728416.6747,Age0_F4_m4f4_P4_Y0_UO116,R4_F4_m-1f-1_P4_Y-1_U101,R4_F4_m-1f-1_P4_Y-1_U140,FXX,0,31.010726906514392,0,0,0.0,0,0,0,0.0,0.25,1,P3_CV0,2,2,0,1,1
4,2539041.489,728416.6747,Age0_F4_m4f4_P4_Y0_UO120,R4_F4_m-1f-1_P4_Y-1_U79,R4_F4_m-1f-1_P4_Y-1_U17,FXX,0,31.010726906514392,0,0,0.0,0,0,0,0.0,0.75,1,P3_CV0,2,1,1,2,0
4,2539041.489,728416.6747,Age0_F4_m4f4_P4_Y0_UO121,R4_F4_m-1f-1_P4_Y-1_U79,R4_F4_m-1f-1_P4_Y-1_U17,FXX,0,31.010726906514392,0,0,0.0,0,0,0,0.0,0.75,1,P3_CV0,2,0,2,0,2
4,2539041.489,728416.6747,Age0_F4_m4f4_P4_Y0_UO122,R4_F4_m-1f-1_P4_Y-1_U79,R4_F4_m-1f-1_P4_Y-1_U17,FXX,0,31.010726906514392,0,0,0.0,0,0,0,0.0,0.75,1,P3_CV0,2,2,0,1,1
4,2539041.489,728416.6747,Age0_F4_m4f4_P4_Y0_UO155,R4_F4_m-1f-1_P4_Y-1_U22,R4_F4_m-1f-1_P4_Y-1_U4,MXY,0,31.010726906514392,0,0,0.0,0,0,0,0.0,0.75,1,P3_CV0,2,1,1,0,2
4,2539041.489,728416.6747,Age0_F4_m4f4_P4_Y0_UO156,R4_F4_m-1f-1_P4_Y-1_U22,R4_F4_m-1f-1_P4_Y-1_U4,FXX,0,31.010726906514392,0,0,0.0,0,0,0,0.0,0.75,1,P3_CV0,2,2,0,0,2
4,2539041.489,728416.6747,Age0_F4_m4f4_P4_Y0_UO157,R4_F4_m-1f-1_P4_Y-1_U22,R4_F4_m-1f-1_P4_Y-1_U4,MXY,0,31.010726906514392,0,0,0.0,0,0,0,0.0,0.75,1,P3_CV0,2,0,2,1,1
4,2539041.489,728416.6747,Age0_F4_m4f4_P4_Y0_UO158,R4_F4_m-1f-1_P4_Y-1_U22,R4_F4_m-1f-1_P4_Y-1_U4,MXY,0,31.010726906514392,0,0,0.0,0,0,0,0.0,0.75,1,P3_CV0,2,1,1,2,0
4,2539041.489,728416.6747,Age0_F4_m4f4_P4_Y0_UO159,R4_F4_m-1f-1_P4_Y-1_U22,R4_F4_m-1f-1_P4_Y-1_U4,MXY,0,31.010726906514392,0,0,0.0,0,0,0,0.0,0.75,1,P3_CV0,2,1,1,0,2
4,2539041.489,728416.6747,Age0_F4_m4f4_P4_Y0_UO160,R4_F4_m-1f-1_P4_Y-1_U22,R4_F4_m-1f-1_P4_Y-1_U4,FXX,0,31.010726906514392,0,0,0.0,0,0,0,0.0,0.75,1,P3_CV0,2,1,1,0,2
4,2539041.489,728416.6747,Age0_F4_m4f4_P4_Y0_UO173,R4_F4_m-1f-1_P4_Y-1_U43,R4_F4_m-1f-1_P4_Y-1_U131,FXX,0,31.010726906514392,0,0,0.0,0,0,0,0.0,0.5,1,P3_CV0,2,0,2,0,2
4,2539041.489,728416.6747,Age0_F4_m4f4_P4_Y0_UO174,R4_F4_m-1f-1_P4_Y-1_U43,R4_F4_m-1f-1_P4_Y-1_U131,MXY,0,31.010726906514392,0,0,0.0,0,0,0,0.0,0.5,1,P3_CV0,2,2,0,1,1
4,2539041.489,728416.6747,Age0_F4_m4f4_P4_Y0_UO175,R4_F4_m-1f-1_P4_Y-1_U43,R4_F4_m-1f-1_P4_Y-1_U131,MXY,0,31.010726906514392,0,0,0.0,0,0,0,0.0,0.5,1,P3_CV0,2,0,2,2,0
4,2539041.489,728416.6747,Age0_F4_m4f4_P4_Y0_UO176,R4_F4_m-1f-1_P4_Y-1_U43,R4_F4_m-1f-1_P4_Y-1_U131,MXY,0,31.010726906514392,0,0,0.0,0,0,0,0.0,0.5,1,P3_CV0,2,2,0,0,2
4,2539041.489,728416.6747,Age0_F4_m4f4_P4_Y0_UO177,R4_F4_m-1f-1_P4_Y-1_U43,R4_F4_m-1f-1_P4_Y-1_U131,FXX,0,31.010726906514392,0,0,0.0,0,0,0,0.0,0.5,1,P3_CV0,2,0,2,0,2
4,2539041.489,728416.6747,Age0_F4_m4f4_P4_Y0_UO178,R4_F4_m-1f-1_P4_Y-1_U43,R4_F4_m-1f-1_P4_Y-1_U131,FXX,0,31.010726906514392,0,0,0.0,0,0,0,0.0,0.5,1,P3_CV0,2,1,1,2,0
4,2539041.489,728416.6747,Age0_F4_m4f4_P4_Y0_UO179,R4_F4_m-1f-1_P4_Y-1_U43,R4_F4_m-1f-1_P4_Y-1_U131,FXX,0,31.010726906514392,0,0,0.0,0,0,0,0.0,0.5,1,P3_CV0,2,1,1,1,1
4,2539041.489,728416.6747,Age0_F4_m4f4_P4_Y0_UO180,R4_F4_m-1f-1_P4_Y-1_U43,R4_F4_m-1f-1_P4_Y-1_U131,MXY,0,31.010726906514392,0,0,0.0,0,0,0,0.0,0.5,1,P3_CV0,2,2,0,2,0
4,2539041.489,728416.6747,Age0_F4_m4f4_P4_Y0_UO181,R4_F4_m-1f-1_P4_Y-1_U43,R4_F4_m-1f-1_P4_Y-1_U131,MXY,0,31.010726906514392,0,0,0.0,0,0,0,0.0,0.5,1,P3_CV0,2,0,2,1,1
4,2539041.489,728416.6747,Age0_F4_m4f4_P4_Y0_UO182,R4_F4_m-1f-1_P4_Y-1_U43,R4_F4_m-1f-1_P4_Y-1_U131,MXY,0,31.010726906514392,0,0,0.0,0,0,0,0.0,0.5,1,P3_CV0,2,1,1,2,0
4,2539041.489,728416.6747,Age0_F4_m4f4_P4_Y0_UO183,R4_F4_m-1f-1_P4_Y-1_U43,R4_F4_m-1f-1_P4_Y-1_U131,FXX,0,31.010726906514392,0,0,0.0,0,0,0,0.0,0.5,1,P3_CV0,2,2,0,0,2
4,2539041.489,728416.6747,Age0_F4_m4f4_P4_Y0_UO241,R4_F4_m-1f-1_P4_Y-1_U43,R4_F4_m-1f-1_P4_Y-1_U12,FXX,0,31.010726906514392,0,0,0.0,0,0,0,0.0,0.5,1,P3_CV0,2,1,1,1,1
4,2539041.489,728416.6747,Age0_F4_m4f4_P4_Y0_UO242,R4_F4_m-1f-1_P4_Y-1_U43,R4_F4_m-1f-1_P4_Y-1_U12,MXY,0,31.010726906514392,0,0,0.0,0,0,0,0.0,0.5,1,P3_CV0,2,1,1,1,1
4,2539041.489,728416.6747,Age0_F4_m4f4_P4_Y0_UO243,R4_F4_m-1f-1_P4_Y-1_U43,R4_F4_m-1f-1_P4_Y-1_U12,MXY,0,31.010726906514392,0,0,0.0,0,0,0,0.0,0.5,1,P3_CV0,2,1,1,1,1
4,2539041.489,728416.6747,Age0_F4_m4f4_P4_Y0_UO244,R4_F4_m-1f-1_P4_Y-1_U43,R4_F4_m-1f-1_P4_Y-1_U12,FXX,0,31.010726906514392,0,0,0.0,0,0,0,0.0,0.5,1,P3_CV0,2,0,2,1,1
4,2539041.489,728416.6747,Age0_F4_m4f4_P4_Y0_UO245,R4_F4_m-1f-1_P4_Y-1_U43,R4_F4_m-1f-1_P4_Y-1_U12,FXX,0,31.010726906514392,0,0,0.0,0,0,0,0.0,0.5,1,P3_CV0,2,1,1,1,1
4,2539041.489,728416.6747,Age0_F4_m4f4_P4_Y0_UO246,R4_F4_m-1f-1_P4_Y-1_U43,R4_F4_m-1f-1_P4_Y-1_U12,MXY,0,31.010726906514392,0,0,0.0,0,0,0,0.0,0.5,1,P3_CV0,2,0,2,1,1
4,2539041.489,728416.6747,Age0_F4_m4f4_P4_Y0_UO249,R4_F4_m-1f-1_P4_Y-1_U120,R4_F4_m-1f-1_P4_Y-1_U54,MXY,0,31.010726906514392,0,0,0.0,0,0,0,0.0,0.5,1,P3_CV0,2,1,1,1,1
4,2539041.489,728416.6747,Age0_F4_m4f4_P4_Y0_UO250,R4_F4_m-1f-1_P4_Y-1_U120,R4_F4_m-1f-1_P4_Y-1_U54,MXY,0,31.010726906514392,0,0,0.0,0,0,0,0.0,0.5,1,P3_CV0,2,0,2,1,1
4,2539041.489,728416.6747,Age0_F4_m4f4_P4_Y0_UO251,R4_F4_m-1f-1_P4_Y-1_U120,R4_F4_m-1f-1_P4_Y-1_U54,FXX,0,31.010726906514392,0,0,0.0,0,0,0,0.0,0.5,1,P3_CV0,2,2,0,0,2
4,2539041.489,728416.6747,Age0_F4_m4f4_P4_Y0_UO252,R4_F4_m-1f-1_P4_Y-1_U120,R4_F4_m-1f-1_P4_Y-1_U54,MXY,0,31.010726906514392,0,0,0.0,0,0,0,0.0,0.5,1,P3_CV0,2,1,1,1,1
4,2539041.489,728416.6747,Age0_F4_m4f4_P4_Y0_UO256,R4_F4_m-1f-1_P4_Y-1_U37,R4_F4_m-1f-1_P4_Y-1_U27,MXY,0,31.010726906514392,0,0,0.0,0,0,0,0.0,1.0,1,P3_CV0,2,1,1,0,2
4,2539041.489,728416.6747,Age0_F4_m4f4_P4_Y0_UO257,R4_F4_m-1f-1_P4_Y-1_U37,R4_F4_m-1f-1_P4_Y-1_U27,MXY,0,31.010726906514392,0,0,0.0,0,0,0,0.0,1.0,1,P3_CV0,2,1,1,0,2
4,2539041.489,728416.6747,Age0_F4_m4f4_P4_Y0_UO258,R4_F4_m-1f-1_P4_Y-1_U37,R4_F4_m-1f-1_P4_Y-1_U27,MXY,0,31.010726906514392,0,0,0.0,0,0,0,0.0,1.0,1,P3_CV0,2,1,1,0,2
4,2539041.489,728416.6747,Age0_F4_m4f4_P4_Y0_UO279,R4_F4_m-1f-1_P4_Y-1_U117,R4_F4_m-1f-1_P4_Y-1_U73,FXX,0,31.010726906514392,0,0,0.0,0,0,0,0.0,0.25,1,P3_CV0,2,2,0,0,2
4,2539041.489,728416.6747,Age0_F4_m4f4_P4_Y0_UO280,R4_F4_m-1f-1_P4_Y-1_U117,R4_F4_m-1f-1_P4_Y-1_U73,FXX,0,31.010726906514392,0,0,0.0,0,0,0,0.0,0.25,1,P3_CV0,2,1,1,2,0
4,2539041.489,728416.6747,Age0_F4_m4f4_P4_Y0_UO281,R4_F4_m-1f-1_P4_Y-1_U117,R4_F4_m-1f-1_P4_Y-1_U73,MXY,0,31.010726906514392,0,0,0.0,0,0,0,0.0,0.25,1,P3_CV0,2,1,1,1,1
4,2539041.489,728416.6747,Age0_F4_m4f4_P4_Y0_UO282,R4_F4_m-1f-1_P4_Y-1_U117,R4_F4_m-1f-1_P4_Y-1_U73,FXX,0,31.010726906514392,0,0,0.0,0,0,0,0.0,0.25,1,P3_CV0,2,1,1,0,2
4,2539041.489,728416.6747,Age0_F4_m4f4_P4_Y0_UO283,R4_F4_m-1f-1_P4_Y-1_U117,R4_F4_m-1f-1_P4_Y-1_U73,MXY,0,31.010726906514392,0,0,0.0,0,0,0,0.0,0.25,1,P3_CV0,2,1,1,2,0
4,2539041.489,728416.6747,Age0_F4_m4f4_P4_Y0_UO289,R4_F4_m-1f-1_P4_Y-1_U37,R4_F4_m-1f-1_P4_Y-1_U116,MXY,0,31.010726906514392,0,0,0.0,0,0,0,0.0,0.75,1,P3_CV0,2,1,1,2,0
4,2539041.489,728416.6747,Age0_F4_m4f4_P4_Y0_UO290,R4_F4_m-1f-1_P4_Y-1_U37,R4_F4_m-1f-1_P4_Y-1_U116,MXY,0,31.010726906514392,0,0,0.0,0,0,0,0.0,0.75,1,P3_CV0,2,1,1,1,1
4,2539041.489,728416.6747,Age0_F4_m4f4_P4_Y0_UO291,R4_F4_m-1f-1_P4_Y-1_U37,R4_F4_m-1f-1_P4_Y-1_U116,FXX,0,31.010726906514392,0,0,0.0,0,0,0,0.0,0.75,1,P3_CV0,2,1,1,1,1
4,2539041.489,728416.6747,Age0_F4_m4f4_P4_Y0_UO299,R4_F4_m-1f-1_P4_Y-1_U87,R4_F4_m-1f-1_P4_Y-1_U128,FXX,0,31.010726906514392,0,0,0.0,0,0,0,0.0,0.5,1,P3_CV0,2,0,2,0,2
4,2539041.489,728416.6747,Age0_F4_m4f4_P4_Y0_UO300,R4_F4_m-1f-1_P4_Y-1_U87,R4_F4_m-1f-1_P4_Y-1_U128,FXX,0,31.010726906514392,0,0,0.0,0,0,0,0.0,0.5,1,P3_CV0,2,1,1,2,0
4,2539041.489,728416.6747,Age0_F4_m4f4_P4_Y0_UO301,R4_F4_m-1f-1_P4_Y-1_U87,R4_F4_m-1f-1_P4_Y-1_U128,FXX,0,31.010726906514392,0,0,0.0,0,0,0,0.0,0.5,1,P3_CV0,2,0,2,1,1
4,2539041.489,728416.6747,Age0_F4_m4f4_P4_Y0_UO302,R4_F4_m-1f-1_P4_Y-1_U87,R4_F4_m-1f-1_P4_Y-1_U128,FXX,0,31.010726906514392,0,0,0.0,0,0,0,0.0,0.5,1,P3_CV0,2,1,1,0,2
4,2539041.489,728416.6747,Age0_F4_m4f4_P4_Y0_UO303,R4_F4_m-1f-1_P4_Y-1_U87,R4_F4_m-1f-1_P4_Y-1_U128,FXX,0,31.010726906514392,0,0,0.0,0,0,0,0.0,0.5,1,P3_CV0,2,1,1,1,1
4,2539041.489,728416.6747,Age0_F4_m4f4_P4_Y0_UO307,R4_F4_m-1f-1_P4_Y-1_U117,R4_F4_m-1f-1_P4_Y-1_U149,FXX,0,31.010726906514392,0,0,0.0,0,0,0,0.0,0.0,1,P3_CV0,2,1,1,0,2
4,2539041.489,728416.6747,Age0_F4_m4f4_P4_Y0_UO308,R4_F4_m-1f-1_P4_Y-1_U117,R4_F4_m-1f-1_P4_Y-1_U149,FXX,0,31.010726906514392,0,0,0.0,0,0,0,0.0,0.0,1,P3_CV0,2,1,1,1,1
4,2539041.489,728416.6747,Age0_F4_m4f4_P4_Y0_UO309,R4_F4_m-1f-1_P4_Y-1_U117,R4_F4_m-1f-1_P4_Y-1_U149,MXY,0,31.010726906514392,0,0,0.0,0,0,0,0.0,0.0,1,P3_CV0,2,2,0,1,1
4,2539041.489,728416.6747,Age0_F4_m4f4_P4_Y0_UO371,R4_F4_m-1f-1_P4_Y-1_U79,R4_F4_m-1f-1_P4_Y-1_U27,FXX,0,31.010726906514392,0,0,0.0,0,0,0,0.0,1.0,1,P3_CV0,2,2,0,1,1
4,2539041.489,728416.6747,Age0_F4_m4f4_P4_Y0_UO372,R4_F4_m-1f-1_P4_Y-1_U79,R4_F4_m-1f-1_P4_Y-1_U27,MXY,0,31.010726906514392,0,0,0.0,0,0,0,0.0,1.0,1,P3_CV0,2,1,1,0,2
4,2539041.489,728416.6747,Age0_F4_m4f4_P4_Y0_UO373,R4_F4_m-1f-1_P4_Y-1_U79,R4_F4_m-1f-1_P4_Y-1_U27,MXY,0,31.010726906514392,0,0,0.0,0,0,0,0.0,1.0,1,P3_CV0,2,1,1,1,1
4,2539041.489,728416.6747,Age0_F4_m4f4_P4_Y0_UO374,R4_F4_m-1f-1_P4_Y-1_U99,R4_F4_m-1f-1_P4_Y-1_U55,MXY,0,31.010726906514392,0,0,0.0,0,0,0,0.0,0.5,1,P3_CV0,2,1,1,1,1
4,2539041.489,728416.6747,Age0_F4_m4f4_P4_Y0_UO375,R4_F4_m-1f-1_P4_Y-1_U99,R4_F4_m-1f-1_P4_Y-1_U55,MXY,0,31.010726906514392,0,0,0.0,0,0,0,0.0,0.5,1,P3_CV0,2,2,0,1,1
4,2539041.489,728416.6747,Age0_F4_m4f4_P4_Y0_UO376,R4_F4_m-1f-1_P4_Y-1_U99,R4_F4_m-1f-1_P4_Y-1_U55,FXX,0,31.010726906514392,0,0,0.0,0,0,0,0.0,0.5,1,P3_CV0,2,1,1,1,1
4,2539041.489,728416.6747,Age0_F4_m4f4_P4_Y0_UO377,R4_F4_m-1f-1_P4_Y-1_U99,R4_F4_m-1f-1_P4_Y-1_U55,FXX,0,31.010726906514392,0,0,0.0,0,0,0,0.0,0.5,1,P3_CV0,2,0,2,0,2
4,2539041.489,728416.6747,Age0_F4_m4f4_P4_Y0_UO462,R4_F4_m-1f-1_P4_Y-1_U64,R4_F4_m-1f-1_P4_Y-1_U47,FXX,0,31.010726906514392,0,0,0.0,0,0,0,0.0,0.5,1,P3_CV0,2,1,1,1,1
4,2539041.489,728416.6747,Age0_F4_m4f4_P4_Y0_UO463,R4_F4_m-1f-1_P4_Y-1_U64,R4_F4_m-1f-1_P4_Y-1_U47,MXY,0,31.010726906514392,0,0,0.0,0,0,0,0.0,0.5,1,P3_CV0,2,1,1,1,1
4,2539041.489,728416.6747,Age0_F4_m4f4_P4_Y0_UO464,R4_F4_m-1f-1_P4_Y-1_U64,R4_F4_m-1f-1_P4_Y-1_U47,FXX,0,31.010726906514392,0,0,0.0,0,0,0,0.0,0.5,1,P3_CV0,2,2,0,1,1
4,2539041.489,728416.6747,Age0_F4_m4f4_P4_Y0_UO484,R4_F4_m-1f-1_P4_Y-1_U84,R4_F4_m-1f-1_P4_Y-1_U45,FXX,0,31.010726906514392,0,0,0.0,0,0,0,0.0,0.0,1,P3_CV0,2,0,2,0,2
4,2539041.489,728416.6747,Age0_F4_m4f4_P4_Y0_UO485,R4_F4_m-1f-1_P4_Y-1_U84,R4_F4_m-1f-1_P4_Y-1_U45,MXY,0,31.010726906514392,0,0,0.0,0,0,0,0.0,0.0,1,P3_CV0,2,0,2,2,0
4,2539041.489,728416.6747,Age0_F4_m4f4_P4_Y0_UO486,R4_F4_m-1f-1_P4_Y-1_U84,R4_F4_m-1f-1_P4_Y-1_U45,FXX,0,31.010726906514392,0,0,0.0,0,0,0,0.0,0.0,1,P3_CV0,2,2,0,0,2
4,2539041.489,728416.6747,Age0_F4_m4f4_P4_Y0_UO494,R4_F4_m-1f-1_P4_Y-1_U137,R4_F4_m-1f-1_P4_Y-1_U38,FXX,0,31.010726906514392,0,0,0.0,0,0,0,0.0,0.5,1,P3_CV0,2,1,1,1,1
4,2539041.489,728416.6747,Age0_F4_m4f4_P4_Y0_UO495,R4_F4_m-1f-1_P4_Y-1_U137,R4_F4_m-1f-1_P4_Y-1_U38,FXX,0,31.010726906514392,0,0,0.0,0,0,0,0.0,0.5,1,P3_CV0,2,1,1,1,1
4,2539041.489,728416.6747,Age0_F4_m4f4_P4_Y0_UO496,R4_F4_m-1f-1_P4_Y-1_U137,R4_F4_m-1f-1_P4_Y-1_U38,MXY,0,31.010726906514392,0,0,0.0,0,0,0,0.0,0.5,1,P3_CV0,2,1,1,1,1
4,2539041.489,728416.6747,Age0_F4_m4f4_P4_Y0_UO497,R4_F4_m-1f-1_P4_Y-1_U137,R4_F4_m-1f-1_P4_Y-1_U38,MXY,0,31.010726906514392,0,0,0.0,0,0,0,0.0,0.5,1,P3_CV0,2,1,1,1,1
4,2539041.489,728416.6747,Age0_F4_m4f4_P4_Y0_UO498,R4_F4_m-1f-1_P4_Y-1_U137,R4_F4_m-1f-1_P4_Y-1_U38,FXX,0,31.010726906514392,0,0,0.0,0,0,0,0.0,0.5,1,P3_CV0,2,1,1,2,0
4,2539041.489,728416.6747,Age0_F4_m4f4_P4_Y0_UO499,R4_F4_m-1f-1_P4_Y-1_U137,R4_F4_m-1f-1_P4_Y-1_U38,MXY,0,31.010726906514392,0,0,0.0,0,0,0,0.0,0.5,1,P3_CV0,2,0,2,1,1
4,2539041.489,728416.6747,Age0_F4_m4f4_P4_Y0_UO541,R4_F4_m-1f-1_P4_Y-1_U130,R4_F4_m-1f-1_P4_Y-1_U114,MXY,0,31.010726906514392,0,0,0.0,0,0,0,0.0,0.0,1,P3_CV0,2,2,0,1,1
4,2539041.489,728416.6747,Age0_F4_m4f4_P4_Y0_UO542,R4_F4_m-1f-1_P4_Y-1_U130,R4_F4_m-1f-1_P4_Y-1_U114,FXX,0,31.010726906514392,0,0,0.0,0,0,0,0.0,0.0,1,P3_CV0,2,2,0,2,0
4,2539041.489,728416.6747,Age0_F4_m4f4_P4_Y0_UO543,R4_F4_m-1f-1_P4_Y-1_U130,R4_F4_m-1f-1_P4_Y-1_U114,MXY,0,31.010726906514392,0,0,0.0,0,0,0,0.0,0.0,1,P3_CV0,2,0,2,2,0
4,2539041.489,728416.6747,Age0_F4_m4f4_P4_Y0_UO544,R4_F4_m-1f-1_P4_Y-1_U130,R4_F4_m-1f-1_P4_Y-1_U114,FXX,0,31.010726906514392,0,0,0.0,0,0,0,0.0,0.0,1,P3_CV0,2,2,0,2,0
4,2539041.489,728416.6747,Age0_F4_m4f4_P4_Y0_UO551,R4_F4_m-1f-1_P4_Y-1_U78,R4_F4_m-1f-1_P4_Y-1_U12,FXX,0,31.010726906514392,0,0,0.0,0,0,0,0.0,0.5,1,P3_CV0,2,2,0,1,1
4,2539041.489,728416.6747,Age0_F4_m4f4_P4_Y0_UO552,R4_F4_m-1f-1_P4_Y-1_U78,R4_F4_m-1f-1_P4_Y-1_U12,MXY,0,31.010726906514392,0,0,0.0,0,0,0,0.0,0.5,1,P3_CV0,2,0,2,2,0
4,2539041.489,728416.6747,Age0_F4_m4f4_P4_Y0_UO553,R4_F4_m-1f-1_P4_Y-1_U78,R4_F4_m-1f-1_P4_Y-1_U12,MXY,0,31.010726906514392,0,0,0.0,0,0,0,0.0,0.5,1,P3_CV0,2,0,2,1,1
4,2539041.489,728416.6747,Age0_F4_m4f4_P4_Y0_UO554,R4_F4_m-1f-1_P4_Y-1_U78,R4_F4_m-1f-1_P4_Y-1_U12,FXX,0,31.010726906514392,0,0,0.0,0,0,0,0.0,0.5,1,P3_CV0,2,1,1,1,1
4,2539041.489,728416.6747,Age0_F4_m4f4_P4_Y0_UO555,R4_F4_m-1f-1_P4_Y-1_U78,R4_F4_m-1f-1_P4_Y-1_U12,MXY,0,31.010726906514392,0,0,0.0,0,0,0,0.0,0.5,1,P3_CV0,2,2,0,2,0
4,2539041.489,728416.6747,Age0_F4_m4f4_P4_Y0_UO556,R4_F4_m-1f-1_P4_Y-1_U78,R4_F4_m-1f-1_P4_Y-1_U12,FXX,0,31.010726906514392,0,0,0.0,0,0,0,0.0,0.5,1,P3_CV0,2,1,1,1,1
4,2539041.489,728416.6747,Age0_F4_m4f4_P4_Y0_UO557,R4_F4_m-1f-1_P4_Y-1_U78,R4_F4_m-1f-1_P4_Y-1_U12,MXY,0,31.010726906514392,0,0,0.0,0,0,0,0.0,0.5,1,P3_CV0,2,2,0,2,0
4,2539041.489,728416.6747,Age0_F4_m4f4_P4_Y0_UO587,R4_F4_m-1f-1_P4_Y-1_U64,R4_F4_m-1f-1_P4_Y-1_U73,FXX,0,31.010726906514392,0,0,0.0,0,0,0,0.0,0.25,1,P3_CV0,2,2,0,1,1
4,2539041.489,728416.6747,Age0_F4_m4f4_P4_Y0_UO588,R4_F4_m-1f-1_P4_Y-1_U64,R4_F4_m-1f-1_P4_Y-1_U73,MXY,0,31.010726906514392,0,0,0.0,0,0,0,0.0,0.25,1,P3_CV0,2,1,1,0,2
4,2539041.489,728416.6747,Age0_F4_m4f4_P4_Y0_UO589,R4_F4_m-1f-1_P4_Y-1_U64,R4_F4_m-1f-1_P4_Y-1_U73,MXY,0,31.010726906514392,0,0,0.0,0,0,0,0.0,0.25,1,P3_CV0,2,2,0,1,1
4,2539041.489,728416.6747,Age0_F4_m4f4_P4_Y0_UO590,R4_F4_m-1f-1_P4_Y-1_U64,R4_F4_m-1f-1_P4_Y-1_U73,FXX,0,31.010726906514392,0,0,0.0,0,0,0,0.0,0.25,1,P3_CV0,2,1,1,1,1
4,2539041.489,728416.6747,Age0_F4_m4f4_P4_Y0_UO657,R4_F4_m-1f-1_P4_Y-1_U78,R4_F4_m-1f-1_P4_Y-1_U140,MXY,0,31.010726906514392,0,0,0.0,0,0,0,0.0,0.5,1,P3_CV0,2,2,0,0,2
4,2539041.489,728416.6747,Age0_F4_m4f4_P4_Y0_UO658,R4_F4_m-1f-1_P4_Y-1_U78,R4_F4_m-1f-1_P4_Y-1_U140,MXY,0,31.010726906514392,0,0,0.0,0,0,0,0.0,0.5,1,P3_CV0,2,1,1,1,1
4,2539041.489,728416.6747,Age0_F4_m4f4_P4_Y0_UO659,R4_F4_m-1f-1_P4_Y-1_U78,R4_F4_m-1f-1_P4_Y-1_U140,FXX,0,31.010726906514392,0,0,0.0,0,0,0,0.0,0.5,1,P3_CV0,2,1,1,1,1
4,2539041.489,728416.6747,Age0_F4_m4f4_P4_Y0_UO660,R4_F4_m-1f-1_P4_Y-1_U78,R4_F4_m-1f-1_P4_Y-1_U140,MXY,0,31.010726906514392,0,0,0.0,0,0,0,0.0,0.5,1,P3_CV0,2,1,1,2,0
4,2539041.489,728416.6747,Age0_F4_m4f4_P4_Y0_UO661,R4_F4_m-1f-1_P4_Y-1_U78,R4_F4_m-1f-1_P4_Y-1_U140,MXY,0,31.010726906514392,0,0,0.0,0,0,0,0.0,0.5,1,P3_CV0,2,1,1,1,1
4,2539041.489,728416.6747,Age0_F4_m4f4_P4_Y0_UO662,R4_F4_m-1f-1_P4_Y-1_U78,R4_F4_m-1f-1_P4_Y-1_U140,MXY,0,31.010726906514392,0,0,0.0,0,0,0,0.0,0.5,1,P3_CV0,2,0,2,1,1
4,2539041.489,728416.6747,Age0_F4_m4f4_P4_Y0_UO663,R4_F4_m-1f-1_P4_Y-1_U78,R4_F4_m-1f-1_P4_Y-1_U140,FXX,0,31.010726906514392,0,0,0.0,0,0,0,0.0,0.5,1,P3_CV0,2,1,1,1,1
4,2539041.489,728416.6747,Age0_F4_m4f4_P4_Y0_UO664,R4_F4_m-1f-1_P4_Y-1_U78,R4_F4_m-1f-1_P4_Y-1_U140,MXY,0,31.010726906514392,0,0,0.0,0,0,0,0.0,0.5,1,P3_CV0,2,1,1,0,2
4,2539041.489,728416.6747,Age0_F4_m4f4_P4_Y0_UO665,R4_F4_m-1f-1_P4_Y-1_U78,R4_F4_m-1f-1_P4_Y-1_U140,FXX,0,31.010726906514392,0,0,0.0,0,0,0,0.0,0.5,1,P3_CV0,2,1,1,1,1
4,2539041.489,728416.6747,Age0_F4_m4f4_P4_Y0_UO666,R4_F4_m-1f-1_P4_Y-1_U78,R4_F4_m-1f-1_P4_Y-1_U140,FXX,0,31.010726906514392,0,0,0.0,0,0,0,0.0,0.5,1,P3_CV0,2,1,1,0,2
4,2539041.489,728416.6747,Age0_F4_m4f4_P4_Y0_UO667,R4_F4_m-1f-1_P4_Y-1_U78,R4_F4_m-1f-1_P4_Y-1_U140,FXX,0,31.010726906514392,0,0,0.0,0,0,0,0.0,0.5,1,P3_CV0,2,1,1,1,1
4,2539041.489,728416.6747,Age0_F4_m4f4_P4_Y0_UO669,R4_F4_m-1f-1_P4_Y-1_U108,R4_F4_m-1f-1_P4_Y-1_U141,MXY,0,31.010726906514392,0,0,0.0,0,0,0,0.0,0.5,1,P3_CV0,2,1,1,1,1
4,2539041.489,728416.6747,Age0_F4_m4f4_P4_Y0_UO670,R4_F4_m-1f-1_P4_Y-1_U108,R4_F4_m-1f-1_P4_Y-1_U141,FXX,0,31.010726906514392,0,0,0.0,0,0,0,0.0,0.5,1,P3_CV0,2,1,1,1,1
4,2539041.489,728416.6747,Age0_F4_m4f4_P4_Y0_UO671,R4_F4_m-1f-1_P4_Y-1_U108,R4_F4_m-1f-1_P4_Y-1_U141,MXY,0,31.010726906514392,0,0,0.0,0,0,0,0.0,0.5,1,P3_CV0,2,1,1,0,2
4,2539041.489,728416.6747,Age0_F4_m4f4_P4_Y0_UO690,R4_F4_m-1f-1_P4_Y-1_U25,R4_F4_m-1f-1_P4_Y-1_U80,FXX,0,31.010726906514392,0,0,0.0,0,0,0,0.0,0.75,1,P3_CV0,2,1,1,1,1
4,2539041.489,728416.6747,Age0_F4_m4f4_P4_Y0_UO691,R4_F4_m-1f-1_P4_Y-1_U25,R4_F4_m-1f-1_P4_Y-1_U80,FXX,0,31.010726906514392,0,0,0.0,0,0,0,0.0,0.75,1,P3_CV0,2,2,0,1,1
4,2539041.489,728416.6747,Age0_F4_m4f4_P4_Y0_UO692,R4_F4_m-1f-1_P4_Y-1_U25,R4_F4_m-1f-1_P4_Y-1_U80,MXY,0,31.010726906514392,0,0,0.0,0,0,0,0.0,0.75,1,P3_CV0,2,1,1,2,0
4,2539041.489,728416.6747,Age0_F4_m4f4_P4_Y0_UO693,R4_F4_m-1f-1_P4_Y-1_U25,R4_F4_m-1f-1_P4_Y-1_U80,MXY,0,31.010726906514392,0,0,0.0,0,0,0,0.0,0.75,1,P3_CV0,2,0,2,1,1
4,2539041.489,728416.6747,Age0_F4_m4f4_P4_Y0_UO694,R4_F4_m-1f-1_P4_Y-1_U25,R4_F4_m-1f-1_P4_Y-1_U80,FXX,0,31.010726906514392,0,0,0.0,0,0,0,0.0,0.75,1,P3_CV0,2,1,1,2,0
4,2539041.489,728416.6747,Age0_F4_m4f4_P4_Y0_UO695,R4_F4_m-1f-1_P4_Y-1_U25,R4_F4_m-1f-1_P4_Y-1_U80,MXY,0,31.010726906514392,0,0,0.0,0,0,0,0.0,0.75,1,P3_CV0,2,0,2,1,1
4,2539041.489,728416.6747,Age0_F4_m4f4_P4_Y0_UO726,R4_F4_m-1f-1_P4_Y-1_U66,R4_F4_m-1f-1_P4_Y-1_U54,MXY,0,31.010726906514392,0,0,0.0,0,0,0,0.0,0.75,1,P3_CV0,2,1,1,1,1
4,2539041.489,728416.6747,Age0_F4_m4f4_P4_Y0_UO727,R4_F4_m-1f-1_P4_Y-1_U66,R4_F4_m-1f-1_P4_Y-1_U54,MXY,0,31.010726906514392,0,0,0.0,0,0,0,0.0,0.75,1,P3_CV0,2,1,1,1,1
4,2539041.489,728416.6747,Age0_F4_m4f4_P4_Y0_UO728,R4_F4_m-1f-1_P4_Y-1_U66,R4_F4_m-1f-1_P4_Y-1_U54,FXX,0,31.010726906514392,0,0,0.0,0,0,0,0.0,0.75,1,P3_CV0,2,0,2,0,2
4,2539041.489,728416.6747,Age0_F4_m4f4_P4_Y0_UO729,R4_F4_m-1f-1_P4_Y-1_U66,R4_F4_m-1f-1_P4_Y-1_U54,FXX,0,31.010726906514392,0,0,0.0,0,0,0,0.0,0.75,1,P3_CV0,2,2,0,0,2
4,2539041.489,728416.6747,Age0_F4_m4f4_P4_Y0_UO789,R4_F4_m-1f-1_P4_Y-1_U110,R4_F4_m-1f-1_P4_Y-1_U54,FXX,0,31.010726906514392,0,0,0.0,0,0,0,0.0,0.75,1,P3_CV0,2,0,2,2,0
4,2539041.489,728416.6747,Age0_F4_m4f4_P4_Y0_UO790,R4_F4_m-1f-1_P4_Y-1_U110,R4_F4_m-1f-1_P4_Y-1_U54,MXY,0,31.010726906514392,0,0,0.0,0,0,0,0.0,0.75,1,P3_CV0,2,2,0,1,1
4,2539041.489,728416.6747,Age0_F4_m4f4_P4_Y0_UO791,R4_F4_m-1f-1_P4_Y-1_U110,R4_F4_m-1f-1_P4_Y-1_U54,MXY,0,31.010726906514392,0,0,0.0,0,0,0,0.0,0.75,1,P3_CV0,2,1,1,1,1
4,2539041.489,728416.6747,Age0_F4_m4f4_P4_Y0_UO792,R4_F4_m-1f-1_P4_Y-1_U110,R4_F4_m-1f-1_P4_Y-1_U54,MXY,0,31.010726906514392,0,0,0.0,0,0,0,0.0,0.75,1,P3_CV0,2,0,2,1,1
4,2539041.489,728416.6747,Age0_F4_m4f4_P4_Y0_UO793,R4_F4_m-1f-1_P4_Y-1_U110,R4_F4_m-1f-1_P4_Y-1_U54,MXY,0,31.010726906514392,0,0,0.0,0,0,0,0.0,0.75,1,P3_CV0,2,1,1,1,1
4,2539041.489,728416.6747,Age0_F4_m4f4_P4_Y0_UO794,R4_F4_m-1f-1_P4_Y-1_U110,R4_F4_m-1f-1_P4_Y-1_U54,MXY,0,31.010726906514392,0,0,0.0,0,0,0,0.0,0.75,1,P3_CV0,2,2,0,2,0
4,2539041.489,728416.6747,Age0_F4_m4f4_P4_Y0_UO819,R4_F4_m-1f-1_P4_Y-1_U79,R4_F4_m-1f-1_P4_Y-1_U112,MXY,0,31.010726906514392,0,0,0.0,0,0,0,0.0,0.75,1,P3_CV0,2,0,2,2,0
4,2539041.489,728416.6747,Age0_F4_m4f4_P4_Y0_UO820,R4_F4_m-1f-1_P4_Y-1_U79,R4_F4_m-1f-1_P4_Y-1_U112,MXY,0,31.010726906514392,0,0,0.0,0,0,0,0.0,0.75,1,P3_CV0,2,1,1,1,1
4,2539041.489,728416.6747,Age0_F4_m4f4_P4_Y0_UO821,R4_F4_m-1f-1_P4_Y-1_U79,R4_F4_m-1f-1_P4_Y-1_U112,MXY,0,31.010726906514392,0,0,0.0,0,0,0,0.0,0.75,1,P3_CV0,2,2,0,2,0
4,2539041.489,728416.6747,Age0_F4_m4f4_P4_Y0_UO822,R4_F4_m-1f-1_P4_Y-1_U79,R4_F4_m-1f-1_P4_Y-1_U112,FXX,0,31.010726906514392,0,0,0.0,0,0,0,0.0,0.75,1,P3_CV0,2,0,2,1,1
4,2539041.489,728416.6747,Age0_F4_m4f4_P4_Y0_UO823,R4_F4_m-1f-1_P4_Y-1_U101,R4_F4_m-1f-1_P4_Y-1_U45,FXX,0,31.010726906514392,0,0,0.0,0,0,0,0.0,0.0,1,P3_CV0,2,0,2,2,0
4,2539041.489,728416.6747,Age0_F4_m4f4_P4_Y0_UO824,R4_F4_m-1f-1_P4_Y-1_U101,R4_F4_m-1f-1_P4_Y-1_U45,FXX,0,31.010726906514392,0,0,0.0,0,0,0,0.0,0.0,1,P3_CV0,2,2,0,0,2
4,2539041.489,728416.6747,Age0_F4_m4f4_P4_Y0_UO825,R4_F4_m-1f-1_P4_Y-1_U101,R4_F4_m-1f-1_P4_Y-1_U45,FXX,0,31.010726906514392,0,0,0.0,0,0,0,0.0,0.0,1,P3_CV0,2,1,1,2,0
4,2539041.489,728416.6747,Age0_F4_m4f4_P4_Y0_UO826,R4_F4_m-1f-1_P4_Y-1_U101,R4_F4_m-1f-1_P4_Y-1_U45,MXY,0,31.010726906514392,0,0,0.0,0,0,0,0.0,0.0,1,P3_CV0,2,1,1,1,1
4,2539041.489,728416.6747,Age0_F4_m4f4_P4_Y0_UO827,R4_F4_m-1f-1_P4_Y-1_U101,R4_F4_m-1f-1_P4_Y-1_U45,MXY,0,31.010726906514392,0,0,0.0,0,0,0,0.0,0.0,1,P3_CV0,2,1,1,2,0
4,2539041.489,728416.6747,Age0_F4_m4f4_P4_Y0_UO828,R4_F4_m-1f-1_P4_Y-1_U101,R4_F4_m-1f-1_P4_Y-1_U45,MXY,0,31.010726906514392,0,0,0.0,0,0,0,0.0,0.0,1,P3_CV0,2,0,2,1,1
4,2539041.489,728416.6747,Age0_F4_m4f4_P4_Y0_UO829,R4_F4_m-1f-1_P4_Y-1_U101,R4_F4_m-1f-1_P4_Y-1_U45,FXX,0,31.010726906514392,0,0,0.0,0,0,0,0.0,0.0,1,P3_CV0,2,2,0,0,2
4,2539041.489,728416.6747,Age0_F4_m4f4_P4_Y0_UO835,R4_F4_m-1f-1_P4_Y-1_U137,R4_F4_m-1f-1_P4_Y-1_U27,FXX,0,31.010726906514392,0,0,0.0,0,0,0,0.0,0.75,1,P3_CV0,2,1,1,1,1
4,2539041.489,728416.6747,Age0_F4_m4f4_P4_Y0_UO836,R4_F4_m-1f-1_P4_Y-1_U137,R4_F4_m-1f-1_P4_Y-1_U27,MXY,0,31.010726906514392,0,0,0.0,0,0,0,0.0,0.75,1,P3_CV0,2,1,1,1,1
4,2539041.489,728416.6747,Age0_F4_m4f4_P4_Y0_UO842,R4_F4_m-1f-1_P4_Y-1_U58,R4_F4_m-1f-1_P4_Y-1_U122,FXX,0,31.010726906514392,0,0,0.0,0,0,0,0.0,0.25,1,P3_CV0,2,0,2,0,2
4,2539041.489,728416.6747,Age0_F4_m4f4_P4_Y0_UO843,R4_F4_m-1f-1_P4_Y-1_U58,R4_F4_m-1f-1_P4_Y-1_U122,MXY,0,31.010726906514392,0,0,0.0,0,0,0,0.0,0.25,1,P3_CV0,2,0,2,0,2
4,2539041.489,728416.6747,Age0_F4_m4f4_P4_Y0_UO844,R4_F4_m-1f-1_P4_Y-1_U58,R4_F4_m-1f-1_P4_Y-1_U122,MXY,0,31.010726906514392,0,0,0.0,0,0,0,0.0,0.25,1,P3_CV0,2,1,1,1,1
4,2539041.489,728416.6747,Age0_F4_m4f4_P4_Y0_UO845,R4_F4_m-1f-1_P4_Y-1_U58,R4_F4_m-1f-1_P4_Y-1_U122,MXY,0,31.010726906514392,0,0,0.0,0,0,0,0.0,0.25,1,P3_CV0,2,1,1,1,1
4,2539041.489,728416.6747,Age0_F4_m4f4_P4_Y0_UO846,R4_F4_m-1f-1_P4_Y-1_U58,R4_F4_m-1f-1_P4_Y-1_U122,MXY,0,31.010726906514392,0,0,0.0,0,0,0,0.0,0.25,1,P3_CV0,2,1,1,1,1
4,2539041.489,728416.6747,Age0_F4_m4f4_P4_Y0_UO847,R4_F4_m-1f-1_P4_Y-1_U58,R4_F4_m-1f-1_P4_Y-1_U122,FXX,0,31.010726906514392,0,0,0.0,0,0,0,0.0,0.25,1,P3_CV0,2,0,2,1,1
4,2539041.489,728416.6747,Age0_F4_m4f4_P4_Y0_UO848,R4_F4_m-1f-1_P4_Y-1_U58,R4_F4_m-1f-1_P4_Y-1_U122,FXX,0,31.010726906514392,0,0,0.0,0,0,0,0.0,0.25,1,P3_CV0,2,1,1,0,2
4,2539041.489,728416.6747,Age0_F4_m4f4_P4_Y0_UO849,R4_F4_m-1f-1_P4_Y-1_U58,R4_F4_m-1f-1_P4_Y-1_U122,MXY,0,31.010726906514392,0,0,0.0,0,0,0,0.0,0.25,1,P3_CV0,2,0,2,0,2
4,2539041.489,728416.6747,Age0_F4_m4f4_P4_Y0_UO850,R4_F4_m-1f-1_P4_Y-1_U66,R4_F4_m-1f-1_P4_Y-1_U112,MXY,0,31.010726906514392,0,0,0.0,0,0,0,0.0,0.5,1,P3_CV0,2,1,1,2,0
4,2539041.489,728416.6747,Age0_F4_m4f4_P4_Y0_UO851,R4_F4_m-1f-1_P4_Y-1_U66,R4_F4_m-1f-1_P4_Y-1_U112,FXX,0,31.010726906514392,0,0,0.0,0,0,0,0.0,0.5,1,P3_CV0,2,2,0,2,0
4,2539041.489,728416.6747,Age0_F4_m4f4_P4_Y0_UO852,R4_F4_m-1f-1_P4_Y-1_U66,R4_F4_m-1f-1_P4_Y-1_U112,MXY,0,31.010726906514392,0,0,0.0,0,0,0,0.0,0.5,1,P3_CV0,2,2,0,0,2
4,2539041.489,728416.6747,Age0_F4_m4f4_P4_Y0_UO853,R4_F4_m-1f-1_P4_Y-1_U66,R4_F4_m-1f-1_P4_Y-1_U112,FXX,0,31.010726906514392,0,0,0.0,0,0,0,0.0,0.5,1,P3_CV0,2,2,0,0,2
4,2539041.489,728416.6747,Age0_F4_m4f4_P4_Y0_UO854,R4_F4_m-1f-1_P4_Y-1_U66,R4_F4_m-1f-1_P4_Y-1_U112,MXY,0,31.010726906514392,0,0,0.0,0,0,0,0.0,0.5,1,P3_CV0,2,0,2,1,1
4,2539041.489,728416.6747,Age0_F4_m4f4_P4_Y0_UO855,R4_F4_m-1f-1_P4_Y-1_U66,R4_F4_m-1f-1_P4_Y-1_U112,MXY,0,31.010726906514392,0,0,0.0,0,0,0,0.0,0.5,1,P3_CV0,2,1,1,1,1
4,2539041.489,728416.6747,Age0_F4_m4f4_P4_Y0_UO856,R4_F4_m-1f-1_P4_Y-1_U88,R4_F4_m-1f-1_P4_Y-1_U54,MXY,0,31.010726906514392,0,0,0.0,0,0,0,0.0,0.75,1,P3_CV0,2,2,0,1,1
4,2539041.489,728416.6747,Age0_F4_m4f4_P4_Y0_UO857,R4_F4_m-1f-1_P4_Y-1_U88,R4_F4_m-1f-1_P4_Y-1_U54,FXX,0,31.010726906514392,0,0,0.0,0,0,0,0.0,0.75,1,P3_CV0,2,1,1,2,0
4,2539041.489,728416.6747,Age0_F4_m4f4_P4_Y0_UO858,R4_F4_m-1f-1_P4_Y-1_U88,R4_F4_m-1f-1_P4_Y-1_U54,FXX,0,31.010726906514392,0,0,0.0,0,0,0,0.0,0.75,1,P3_CV0,2,2,0,1,1
4,2539041.489,728416.6747,Age0_F4_m4f4_P4_Y0_UO859,R4_F4_m-1f-1_P4_Y-1_U88,R4_F4_m-1f-1_P4_Y-1_U54,MXY,0,31.010726906514392,0,0,0.0,0,0,0,0.0,0.75,1,P3_CV0,2,2,0,1,1
4,2539041.489,728416.6747,Age0_F4_m4f4_P4_Y0_UO860,R4_F4_m-1f-1_P4_Y-1_U88,R4_F4_m-1f-1_P4_Y-1_U54,FXX,0,31.010726906514392,0,0,0.0,0,0,0,0.0,0.75,1,P3_CV0,2,2,0,2,0
4,2539041.489,728416.6747,Age0_F4_m4f4_P4_Y0_UO861,R4_F4_m-1f-1_P4_Y-1_U88,R4_F4_m-1f-1_P4_Y-1_U54,MXY,0,31.010726906514392,0,0,0.0,0,0,0,0.0,0.75,1,P3_CV0,2,1,1,1,1
4,2539041.489,728416.6747,Age0_F4_m4f4_P4_Y0_UO862,R4_F4_m-1f-1_P4_Y-1_U88,R4_F4_m-1f-1_P4_Y-1_U54,FXX,0,31.010726906514392,0,0,0.0,0,0,0,0.0,0.75,1,P3_CV0,2,1,1,2,0
4,2539041.489,728416.6747,Age0_F4_m4f4_P4_Y0_UO863,R4_F4_m-1f-1_P4_Y-1_U22,R4_F4_m-1f-1_P4_Y-1_U8,FXX,0,31.010726906514392,0,0,0.0,0,0,0,0.0,0.75,1,P3_CV0,2,1,1,0,2
4,2539041.489,728416.6747,Age0_F4_m4f4_P4_Y0_UO864,R4_F4_m-1f-1_P4_Y-1_U22,R4_F4_m-1f-1_P4_Y-1_U8,FXX,0,31.010726906514392,0,0,0.0,0,0,0,0.0,0.75,1,P3_CV0,2,2,0,0,2
4,2539041.489,728416.6747,Age0_F4_m4f4_P4_Y0_UO865,R4_F4_m-1f-1_P4_Y-1_U22,R4_F4_m-1f-1_P4_Y-1_U8,FXX,0,31.010726906514392,0,0,0.0,0,0,0,0.0,0.75,1,P3_CV0,2,2,0,1,1
4,2539041.489,728416.6747,Age0_F4_m4f4_P4_Y0_UO913,R4_F4_m-1f-1_P4_Y-1_U5,R4_F4_m-1f-1_P4_Y-1_U75,FXX,0,31.010726906514392,0,0,0.0,0,0,0,0.0,0.5,1,P3_CV0,2,0,2,2,0
4,2539041.489,728416.6747,Age0_F4_m4f4_P4_Y0_UO914,R4_F4_m-1f-1_P4_Y-1_U5,R4_F4_m-1f-1_P4_Y-1_U75,MXY,0,31.010726906514392,0,0,0.0,0,0,0,0.0,0.5,1,P3_CV0,2,1,1,2,0
4,2539041.489,728416.6747,Age0_F4_m4f4_P4_Y0_UO915,R4_F4_m-1f-1_P4_Y-1_U5,R4_F4_m-1f-1_P4_Y-1_U75,FXX,0,31.010726906514392,0,0,0.0,0,0,0,0.0,0.5,1,P3_CV0,2,1,1,1,1
4,2539041.489,728416.6747,Age0_F4_m4f4_P4_Y0_UO916,R4_F4_m-1f-1_P4_Y-1_U5,R4_F4_m-1f-1_P4_Y-1_U75,MXY,0,31.010726906514392,0,0,0.0,0,0,0,0.0,0.5,1,P3_CV0,2,2,0,2,0
4,2539041.489,728416.6747,Age0_F4_m4f4_P4_Y0_UO917,R4_F4_m-1f-1_P4_Y-1_U5,R4_F4_m-1f-1_P4_Y-1_U75,FXX,0,31.010726906514392,0,0,0.0,0,0,0,0.0,0.5,1,P3_CV0,2,1,1,2,0
4,2539041.489,728416.6747,Age0_F4_m4f4_P4_Y0_UO942,R4_F4_m-1f-1_P4_Y-1_U110,R4_F4_m-1f-1_P4_Y-1_U49,FXX,0,31.010726906514392,0,0,0.0,0,0,0,0.0,0.25,1,P3_CV0,2,1,1,0,2
4,2539041.489,728416.6747,Age0_F4_m4f4_P4_Y0_UO943,R4_F4_m-1f-1_P4_Y-1_U110,R4_F4_m-1f-1_P4_Y-1_U49,MXY,0,31.010726906514392,0,0,0.0,0,0,0,0.0,0.25,1,P3_CV0,2,1,1,2,0
4,2539041.489,728416.6747,Age0_F4_m4f4_P4_Y0_UO944,R4_F4_m-1f-1_P4_Y-1_U110,R4_F4_m-1f-1_P4_Y-1_U49,FXX,0,31.010726906514392,0,0,0.0,0,0,0,0.0,0.25,1,P3_CV0,2,2,0,1,1
4,2539041.489,728416.6747,Age0_F4_m4f4_P4_Y0_UO945,R4_F4_m-1f-1_P4_Y-1_U110,R4_F4_m-1f-1_P4_Y-1_U49,MXY,0,31.010726906514392,0,0,0.0,0,0,0,0.0,0.25,1,P3_CV0,2,0,2,1,1
4,2539041.489,728416.6747,Age0_F4_m4f4_P4_Y0_UO946,R4_F4_m-1f-1_P4_Y-1_U110,R4_F4_m-1f-1_P4_Y-1_U49,FXX,0,31.010726906514392,0,0,0.0,0,0,0,0.0,0.25,1,P3_CV0,2,1,1,2,0
4,2539041.489,728416.6747,Age0_F4_m4f4_P4_Y0_UO947,R4_F4_m-1f-1_P4_Y-1_U110,R4_F4_m-1f-1_P4_Y-1_U49,FXX,0,31.010726906514392,0,0,0.0,0,0,0,0.0,0.25,1,P3_CV0,2,1,1,1,1
4,2539041.489,728416.6747,Age0_F4_m4f4_P4_Y0_UO955,R4_F4_m-1f-1_P4_Y-1_U64,R4_F4_m-1f-1_P4_Y-1_U55,MXY,0,31.010726906514392,0,0,0.0,0,0,0,0.0,0.25,1,P3_CV0,2,1,1,0,2
4,2539041.489,728416.6747,Age0_F4_m4f4_P4_Y0_UO956,R4_F4_m-1f-1_P4_Y-1_U64,R4_F4_m-1f-1_P4_Y-1_U55,FXX,0,31.010726906514392,0,0,0.0,0,0,0,0.0,0.25,1,P3_CV0,2,1,1,0,2
4,2539041.489,728416.6747,Age0_F4_m4f4_P4_Y0_UO957,R4_F4_m-1f-1_P4_Y-1_U64,R4_F4_m-1f-1_P4_Y-1_U55,FXX,0,31.010726906514392,0,0,0.0,0,0,0,0.0,0.25,1,P3_CV0,2,2,0,1,1
4,2539041.489,728416.6747,Age0_F4_m4f4_P4_Y0_UO958,R4_F4_m-1f-1_P4_Y-1_U64,R4_F4_m-1f-1_P4_Y-1_U55,MXY,0,31.010726906514392,0,0,0.0,0,0,0,0.0,0.25,1,P3_CV0,2,2,0,2,0
4,2539041.489,728416.6747,Age0_F4_m4f4_P4_Y0_UO959,R4_F4_m-1f-1_P4_Y-1_U64,R4_F4_m-1f-1_P4_Y-1_U55,FXX,0,31.010726906514392,0,0,0.0,0,0,0,0.0,0.25,1,P3_CV0,2,0,2,0,2
4,2539041.489,728416.6747,Age0_F4_m4f4_P4_Y0_UO1026,R4_F4_m-1f-1_P4_Y-1_U120,R4_F4_m-1f-1_P4_Y-1_U65,MXY,0,31.010726906514392,0,0,0.0,0,0,0,0.0,0.0,1,P3_CV0,2,2,0,2,0
4,2539041.489,728416.6747,Age0_F4_m4f4_P4_Y0_UO1079,R4_F4_m-1f-1_P4_Y-1_U117,R4_F4_m-1f-1_P4_Y-1_U134,FXX,0,31.010726906514392,0,0,0.0,0,0,0,0.0,0.25,1,P3_CV0,2,2,0,1,1
4,2539041.489,728416.6747,Age0_F4_m4f4_P4_Y0_UO1080,R4_F4_m-1f-1_P4_Y-1_U117,R4_F4_m-1f-1_P4_Y-1_U134,MXY,0,31.010726906514392,0,0,0.0,0,0,0,0.0,0.25,1,P3_CV0,2,2,0,0,2
4,2539041.489,728416.6747,Age0_F4_m4f4_P4_Y0_UO1081,R4_F4_m-1f-1_P4_Y-1_U117,R4_F4_m-1f-1_P4_Y-1_U134,MXY,0,31.010726906514392,0,0,0.0,0,0,0,0.0,0.25,1,P3_CV0,2,2,0,1,1
4,2539041.489,728416.6747,Age0_F4_m4f4_P4_Y0_UO1082,R4_F4_m-1f-1_P4_Y-1_U117,R4_F4_m-1f-1_P4_Y-1_U134,FXX,0,31.010726906514392,0,0,0.0,0,0,0,0.0,0.25,1,P3_CV0,2,1,1,0,2
4,2539041.489,728416.6747,Age0_F4_m4f4_P4_Y0_UO1083,R4_F4_m-1f-1_P4_Y-1_U117,R4_F4_m-1f-1_P4_Y-1_U134,MXY,0,31.010726906514392,0,0,0.0,0,0,0,0.0,0.25,1,P3_CV0,2,1,1,2,0
4,2539041.489,728416.6747,Age0_F4_m4f4_P4_Y0_UO1084,R4_F4_m-1f-1_P4_Y-1_U117,R4_F4_m-1f-1_P4_Y-1_U134,FXX,0,31.010726906514392,0,0,0.0,0,0,0,0.0,0.25,1,P3_CV0,2,0,2,0,2
4,2539041.489,728416.6747,Age0_F4_m4f4_P4_Y0_UO1086,R4_F4_m-1f-1_P4_Y-1_U78,R4_F4_m-1f-1_P4_Y-1_U125,MXY,0,31.010726906514392,0,0,0.0,0,0,0,0.0,0.75,1,P3_CV0,2,1,1,1,1
4,2539041.489,728416.6747,Age0_F4_m4f4_P4_Y0_UO1087,R4_F4_m-1f-1_P4_Y-1_U78,R4_F4_m-1f-1_P4_Y-1_U125,FXX,0,31.010726906514392,0,0,0.0,0,0,0,0.0,0.75,1,P3_CV0,2,0,2,1,1
4,2539041.489,728416.6747,Age0_F4_m4f4_P4_Y0_UO1088,R4_F4_m-1f-1_P4_Y-1_U78,R4_F4_m-1f-1_P4_Y-1_U125,FXX,0,31.010726906514392,0,0,0.0,0,0,0,0.0,0.75,1,P3_CV0,2,0,2,0,2
4,2539041.489,728416.6747,Age0_F4_m4f4_P4_Y0_UO1089,R4_F4_m-1f-1_P4_Y-1_U78,R4_F4_m-1f-1_P4_Y-1_U125,MXY,0,31.010726906514392,0,0,0.0,0,0,0,0.0,0.75,1,P3_CV0,2,1,1,1,1
4,2539041.489,728416.6747,Age0_F4_m4f4_P4_Y0_UO1090,R4_F4_m-1f-1_P4_Y-1_U78,R4_F4_m-1f-1_P4_Y-1_U125,MXY,0,31.010726906514392,0,0,0.0,0,0,0,0.0,0.75,1,P3_CV0,2,2,0,1,1
4,2539041.489,728416.6747,Age0_F4_m4f4_P4_Y0_UO1091,R4_F4_m-1f-1_P4_Y-1_U78,R4_F4_m-1f-1_P4_Y-1_U125,MXY,0,31.010726906514392,0,0,0.0,0,0,0,0.0,0.75,1,P3_CV0,2,2,0,1,1
4,2539041.489,728416.6747,Age0_F4_m4f4_P4_Y0_UO1092,R4_F4_m-1f-1_P4_Y-1_U43,R4_F4_m-1f-1_P4_Y-1_U65,FXX,0,31.010726906514392,0,0,0.0,0,0,0,0.0,0.25,1,P3_CV0,2,1,1,0,2
4,2539041.489,728416.6747,Age0_F4_m4f4_P4_Y0_UO1093,R4_F4_m-1f-1_P4_Y-1_U43,R4_F4_m-1f-1_P4_Y-1_U65,MXY,0,31.010726906514392,0,0,0.0,0,0,0,0.0,0.25,1,P3_CV0,2,1,1,1,1
4,2539041.489,728416.6747,Age0_F4_m4f4_P4_Y0_UO1094,R4_F4_m-1f-1_P4_Y-1_U43,R4_F4_m-1f-1_P4_Y-1_U65,FXX,0,31.010726906514392,0,0,0.0,0,0,0,0.0,0.25,1,P3_CV0,2,2,0,2,0
4,2539041.489,728416.6747,Age0_F4_m4f4_P4_Y0_UO1095,R4_F4_m-1f-1_P4_Y-1_U43,R4_F4_m-1f-1_P4_Y-1_U65,FXX,0,31.010726906514392,0,0,0.0,0,0,0,0.0,0.25,1,P3_CV0,2,1,1,0,2
4,2539041.489,728416.6747,Age0_F4_m4f4_P4_Y0_UO1096,R4_F4_m-1f-1_P4_Y-1_U43,R4_F4_m-1f-1_P4_Y-1_U65,FXX,0,31.010726906514392,0,0,0.0,0,0,0,0.0,0.25,1,P3_CV0,2,2,0,1,1
4,2539041.489,728416.6747,Age0_F4_m4f4_P4_Y0_UO1097,R4_F4_m-1f-1_P4_Y-1_U43,R4_F4_m-1f-1_P4_Y-1_U65,FXX,0,31.010726906514392,0,0,0.0,0,0,0,0.0,0.25,1,P3_CV0,2,0,2,1,1
4,2539041.489,728416.6747,Age0_F4_m4f4_P4_Y0_UO1132,R4_F4_m-1f-1_P4_Y-1_U101,R4_F4_m-1f-1_P4_Y-1_U27,MXY,0,31.010726906514392,0,0,0.0,0,0,0,0.0,0.5,1,P3_CV0,2,2,0,1,1
4,2539041.489,728416.6747,Age0_F4_m4f4_P4_Y0_UO1133,R4_F4_m-1f-1_P4_Y-1_U101,R4_F4_m-1f-1_P4_Y-1_U27,MXY,0,31.010726906514392,0,0,0.0,0,0,0,0.0,0.5,1,P3_CV0,2,2,0,1,1
4,2539041.489,728416.6747,Age0_F4_m4f4_P4_Y0_UO1134,R4_F4_m-1f-1_P4_Y-1_U101,R4_F4_m-1f-1_P4_Y-1_U27,FXX,0,31.010726906514392,0,0,0.0,0,0,0,0.0,0.5,1,P3_CV0,2,2,0,1,1
4,2539041.489,728416.6747,Age0_F4_m4f4_P4_Y0_UO1135,R4_F4_m-1f-1_P4_Y-1_U101,R4_F4_m-1f-1_P4_Y-1_U27,FXX,0,31.010726906514392,0,0,0.0,0,0,0,0.0,0.5,1,P3_CV0,2,0,2,2,0
4,2539041.489,728416.6747,Age0_F4_m4f4_P4_Y0_UO1136,R4_F4_m-1f-1_P4_Y-1_U101,R4_F4_m-1f-1_P4_Y-1_U27,MXY,0,31.010726906514392,0,0,0.0,0,0,0,0.0,0.5,1,P3_CV0,2,1,1,1,1
4,2539041.489,728416.6747,Age0_F4_m4f4_P4_Y0_UO1137,R4_F4_m-1f-1_P4_Y-1_U101,R4_F4_m-1f-1_P4_Y-1_U27,FXX,0,31.010726906514392,0,0,0.0,0,0,0,0.0,0.5,1,P3_CV0,2,1,1,1,1
4,2539041.489,728416.6747,R4_F4_m-1f-1_P4_Y-1_U1,-9999,-9999,MXY,1,47.78327111179478,1,1,0.0,0,0,0,-9999.0,0.0,1,P3_CV0,2,0,2,0,2
4,2539041.489,728416.6747,R4_F4_m-1f-1_P4_Y-1_U2,-9999,-9999,MXY,1,47.78327111179478,1,1,0.0,0,0,0,-9999.0,0.5,1,P3_CV0,2,1,1,0,2
4,2539041.489,728416.6747,R4_F4_m-1f-1_P4_Y-1_U3,-9999,-9999,FXX,1,47.78327111179478,1,1,1.0,0,0,0,-9999.0,0.0,1,P3_CV0,2,0,2,1,1
4,2539041.489,728416.6747,R4_F4_m-1f-1_P4_Y-1_U6,-9999,-9999,MXY,1,47.78327111179478,1,1,0.0,0,0,0,-9999.0,1.0,1,P3_CV0,2,2,0,0,2
4,2539041.489,728416.6747,R4_F4_m-1f-1_P4_Y-1_U7,-9999,-9999,FXX,1,47.78327111179478,1,1,2.271,0,0,0,-9999.0,0.0,1,P3_CV0,2,0,2,1,1
4,2539041.489,728416.6747,R4_F4_m-1f-1_P4_Y-1_U10,-9999,-9999,MXY,1,47.78327111179478,1,1,0.0,0,0,0,-9999.0,0.0,1,P3_CV0,2,0,2,0,2
4,2539041.489,728416.6747,R4_F4_m-1f-1_P4_Y-1_U11,-9999,-9999,MXY,1,47.78327111179478,1,1,0.0,0,0,0,-9999.0,0.0,1,P3_CV0,2,0,2,1,1
4,2539041.489,728416.6747,R4_F4_m-1f-1_P4_Y-1_U13,-9999,-9999,MXY,1,47.78327111179478,1,1,0.0,0,0,0,-9999.0,1.0,1,P3_CV0,2,2,0,0,2
4,2539041.489,728416.6747,R4_F4_m-1f-1_P4_Y-1_U14,-9999,-9999,FXX,1,47.78327111179478,1,1,1.923,0,0,0,-9999.0,0.5,1,P3_CV0,2,1,1,0,2
4,2539041.489,728416.6747,R4_F4_m-1f-1_P4_Y-1_U15,-9999,-9999,MXY,1,47.78327111179478,1,1,0.0,0,0,0,-9999.0,1.0,1,P3_CV0,2,2,0,1,1
4,2539041.489,728416.6747,R4_F4_m-1f-1_P4_Y-1_U16,-9999,-9999,MXY,1,47.78327111179478,1,1,0.0,0,0,0,-9999.0,0.5,1,P3_CV0,2,1,1,2,0
4,2539041.489,728416.6747,R4_F4_m-1f-1_P4_Y-1_U21,-9999,-9999,MXY,1,47.78327111179478,1,1,0.0,0,0,0,-9999.0,1.0,1,P3_CV0,2,2,0,1,1
4,2539041.489,728416.6747,R4_F4_m-1f-1_P4_Y-1_U24,-9999,-9999,MXY,1,47.78327111179478,1,1,0.0,0,0,0,-9999.0,0.5,1,P3_CV0,2,1,1,1,1
4,2539041.489,728416.6747,R4_F4_m-1f-1_P4_Y-1_U26,-9999,-9999,FXX,1,47.78327111179478,1,1,1.0,0,0,0,-9999.0,0.5,1,P3_CV0,2,1,1,2,0
4,2539041.489,728416.6747,R4_F4_m-1f-1_P4_Y-1_U28,-9999,-9999,MXY,1,47.78327111179478,1,1,0.0,0,0,0,-9999.0,0.0,1,P3_CV0,2,0,2,0,2
4,2539041.489,728416.6747,R4_F4_m-1f-1_P4_Y-1_U29,-9999,-9999,FXX,1,47.78327111179478,1,1,1.0,0,0,0,-9999.0,0.5,1,P3_CV0,2,1,1,0,2
4,2539041.489,728416.6747,R4_F4_m-1f-1_P4_Y-1_U30,-9999,-9999,FXX,1,47.78327111179478,1,1,0.0,0,0,0,-9999.0,0.5,1,P3_CV0,2,1,1,2,0
4,2539041.489,728416.6747,R4_F4_m-1f-1_P4_Y-1_U31,-9999,-9999,FXX,1,47.78327111179478,1,1,1.011,0,0,0,-9999.0,0.5,1,P3_CV0,2,1,1,2,0
4,2539041.489,728416.6747,R4_F4_m-1f-1_P4_Y-1_U35,-9999,-9999,MXY,1,47.78327111179478,1,1,0.0,0,0,0,-9999.0,0.5,1,P3_CV0,2,1,1,0,2
4,2539041.489,728416.6747,R4_F4_m-1f-1_P4_Y-1_U36,-9999,-9999,MXY,1,47.78327111179478,1,1,0.0,0,0,0,-9999.0,1.0,1,P3_CV0,2,2,0,1,1
4,2539041.489,728416.6747,R4_F4_m-1f-1_P4_Y-1_U42,-9999,-9999,FXX,1,47.78327111179478,1,1,1.601,0,0,0,-9999.0,0.5,1,P3_CV0,2,1,1,2,0
4,2539041.489,728416.6747,R4_F4_m-1f-1_P4_Y-1_U44,-9999,-9999,FXX,1,47.78327111179478,1,1,2.9,0,0,0,-9999.0,0.5,1,P3_CV0,2,1,1,2,0
4,2539041.489,728416.6747,R4_F4_m-1f-1_P4_Y-1_U46,-9999,-9999,FXX,1,47.78327111179478,1,1,1.0,0,0,0,-9999.0,0.5,1,P3_CV0,2,1,1,1,1
4,2539041.489,728416.6747,R4_F4_m-1f-1_P4_Y-1_U48,-9999,-9999,MXY,1,47.78327111179478,1,1,0.0,0,0,0,-9999.0,0.5,1,P3_CV0,2,1,1,1,1
4,2539041.489,728416.6747,R4_F4_m-1f-1_P4_Y-1_U50,-9999,-9999,MXY,1,47.78327111179478,1,1,0.0,0,0,0,-9999.0,1.0,1,P3_CV0,2,2,0,2,0
4,2539041.489,728416.6747,R4_F4_m-1f-1_P4_Y-1_U52,-9999,-9999,MXY,1,47.78327111179478,1,1,0.0,0,0,0,-9999.0,0.5,1,P3_CV0,2,1,1,2,0
4,2539041.489,728416.6747,R4_F4_m-1f-1_P4_Y-1_U53,-9999,-9999,FXX,1,47.78327111179478,1,1,0.0,0,0,0,-9999.0,1.0,1,P3_CV0,2,2,0,1,1
4,2539041.489,728416.6747,R4_F4_m-1f-1_P4_Y-1_U57,-9999,-9999,MXY,1,47.78327111179478,1,1,0.0,0,0,0,-9999.0,0.0,1,P3_CV0,2,0,2,1,1
4,2539041.489,728416.6747,R4_F4_m-1f-1_P4_Y-1_U59,-9999,-9999,MXY,1,47.78327111179478,1,1,0.0,0,0,0,-9999.0,0.5,1,P3_CV0,2,1,1,0,2
4,2539041.489,728416.6747,R4_F4_m-1f-1_P4_Y-1_U61,-9999,-9999,FXX,1,47.78327111179478,1,1,0.0,0,0,0,-9999.0,0.5,1,P3_CV0,2,1,1,0,2
4,2539041.489,728416.6747,R4_F4_m-1f-1_P4_Y-1_U62,-9999,-9999,FXX,1,47.78327111179478,1,1,1.826,0,0,0,-9999.0,0.0,1,P3_CV0,2,0,2,1,1
4,2539041.489,728416.6747,R4_F4_m-1f-1_P4_Y-1_U69,-9999,-9999,MXY,1,47.78327111179478,1,1,0.0,0,0,0,-9999.0,0.5,1,P3_CV0,2,1,1,1,1
4,2539041.489,728416.6747,R4_F4_m-1f-1_P4_Y-1_U70,-9999,-9999,MXY,1,47.78327111179478,1,1,0.0,0,0,0,-9999.0,1.0,1,P3_CV0,2,2,0,2,0
4,2539041.489,728416.6747,R4_F4_m-1f-1_P4_Y-1_U71,-9999,-9999,MXY,1,47.78327111179478,1,1,0.0,0,0,0,-9999.0,0.5,1,P3_CV0,2,1,1,1,1
4,2539041.489,728416.6747,R4_F4_m-1f-1_P4_Y-1_U72,-9999,-9999,MXY,1,47.78327111179478,1,1,0.0,0,0,0,-9999.0,0.5,1,P3_CV0,2,1,1,2,0
4,2539041.489,728416.6747,R4_F4_m-1f-1_P4_Y-1_U76,-9999,-9999,FXX,1,47.78327111179478,1,1,1.678,0,0,0,-9999.0,0.5,1,P3_CV0,2,1,1,1,1
4,2539041.489,728416.6747,R4_F4_m-1f-1_P4_Y-1_U77,-9999,-9999,FXX,1,47.78327111179478,1,1,1.0,0,0,0,-9999.0,0.5,1,P3_CV0,2,1,1,1,1
4,2539041.489,728416.6747,R4_F4_m-1f-1_P4_Y-1_U81,-9999,-9999,MXY,1,47.78327111179478,1,1,0.0,0,0,0,-9999.0,0.0,1,P3_CV0,2,0,2,1,1
4,2539041.489,728416.6747,R4_F4_m-1f-1_P4_Y-1_U82,-9999,-9999,FXX,1,47.78327111179478,1,1,0.0,0,0,0,-9999.0,1.0,1,P3_CV0,2,2,0,0,2
4,2539041.489,728416.6747,R4_F4_m-1f-1_P4_Y-1_U91,-9999,-9999,MXY,1,47.78327111179478,1,1,0.0,0,0,0,-9999.0,0.5,1,P3_CV0,2,1,1,1,1
4,2539041.489,728416.6747,R4_F4_m-1f-1_P4_Y-1_U92,-9999,-9999,FXX,1,47.78327111179478,1,1,0.0,0,0,0,-9999.0,0.0,1,P3_CV0,2,0,2,0,2
4,2539041.489,728416.6747,R4_F4_m-1f-1_P4_Y-1_U93,-9999,-9999,FXX,1,47.78327111179478,1,1,1.979,0,0,0,-9999.0,0.5,1,P3_CV0,2,1,1,0,2
4,2539041.489,728416.6747,R4_F4_m-1f-1_P4_Y-1_U97,-9999,-9999,FXX,1,47.78327111179478,1,1,1.097,0,0,0,-9999.0,0.5,1,P3_CV0,2,1,1,0,2
4,2539041.489,728416.6747,R4_F4_m-1f-1_P4_Y-1_U100,-9999,-9999,MXY,1,47.78327111179478,1,1,0.0,0,0,0,-9999.0,0.5,1,P3_CV0,2,1,1,1,1
4,2539041.489,728416.6747,R4_F4_m-1f-1_P4_Y-1_U103,-9999,-9999,FXX,1,47.78327111179478,1,1,1.97,0,0,0,-9999.0,0.5,1,P3_CV0,2,1,1,0,2
4,2539041.489,728416.6747,R4_F4_m-1f-1_P4_Y-1_U109,-9999,-9999,FXX,1,47.78327111179478,1,1,1.0,0,0,0,-9999.0,1.0,1,P3_CV0,2,2,0,1,1
4,2539041.489,728416.6747,R4_F4_m-1f-1_P4_Y-1_U123,-9999,-9999,FXX,1,47.78327111179478,1,1,0.0,0,0,0,-9999.0,0.5,1,P3_CV0,2,1,1,1,1
4,2539041.489,728416.6747,R4_F4_m-1f-1_P4_Y-1_U127,-9999,-9999,FXX,1,47.78327111179478,1,1,0.0,0,0,0,-9999.0,0.5,1,P3_CV0,2,1,1,0,2
4,2539041.489,728416.6747,R4_F4_m-1f-1_P4_Y-1_U129,-9999,-9999,FXX,1,47.78327111179478,1,1,0.0,0,0,0,-9999.0,0.0,1,P3_CV0,2,0,2,0,2
4,2539041.489,728416.6747,R4_F4_m-1f-1_P4_Y-1_U132,-9999,-9999,FXX,1,47.78327111179478,1,1,1.67,0,0,0,-9999.0,1.0,1,P3_CV0,2,2,0,0,2
4,2539041.489,728416.6747,R4_F4_m-1f-1_P4_Y-1_U135,-9999,-9999,MXY,1,47.78327111179478,1,1,0.0,0,0,0,-9999.0,0.0,1,P3_CV0,2,0,2,2,0
4,2539041.489,728416.6747,R4_F4_m-1f-1_P4_Y-1_U139,-9999,-9999,MXY,1,47.78327111179478,1,1,0.0,0,0,0,-9999.0,0.5,1,P3_CV0,2,1,1,2,0
4,2539041.489,728416.6747,R4_F4_m-1f-1_P4_Y-1_U143,-9999,-9999,FXX,1,47.78327111179478,1,1,1.0,0,0,0,-9999.0,0.5,1,P3_CV0,2,1,1,0,2
4,2539041.489,728416.6747,R4_F4_m-1f-1_P4_Y-1_U145,-9999,-9999,MXY,1,47.78327111179478,1,1,0.0,0,0,0,-9999.0,0.5,1,P3_CV0,2,1,1,1,1
4,2539041.489,728416.6747,R4_F4_m-1f-1_P4_Y-1_U146,-9999,-9999,MXY,1,47.78327111179478,1,1,0.0,0,0,0,-9999.0,0.5,1,P3_CV0,2,1,1,0,2
4,2539041.489,728416.6747,R4_F4_m-1f-1_P4_Y-1_U147,-9999,-9999,MXY,1,47.78327111179478,1,1,0.0,0,0,0,-9999.0,0.5,1,P3_CV0,2,1,1,1,1
4,2539041.489,728416.6747,R4_F4_m-1f-1_P4_Y-1_U148,-9999,-9999,FXX,1,47.78327111179478,1,1,1.0,0,0,0,-9999.0,0.5,1,P3_CV0,2,1,1,2,0
4,2539041.489,728416.6747,R4_F4_m-1f-1_P4_Y-1_U4,-9999,-9999,MXY,2,67.79510901452012,1,0,0.0,0,0,0,-9999.0,0.5,1,P3_CV0,2,1,1,1,1
4,2539041.489,728416.6747,R4_F4_m-1f-1_P4_Y-1_U20,-9999,-9999,FXX,2,70.06810901452012,1,0,0.0,0,0,0,-9999.0,0.0,1,P3_CV0,2,0,2,1,1
4,2539041.489,728416.6747,R4_F4_m-1f-1_P4_Y-1_U37,-9999,-9999,FXX,2,71.82510901452012,1,0,1.0,0,0,0,-9999.0,1.0,1,P3_CV0,2,2,0,1,1
4,2539041.489,728416.6747,R4_F4_m-1f-1_P4_Y-1_U38,-9999,-9999,MXY,2,70.02210901452011,1,0,0.0,0,0,0,-9999.0,0.5,1,P3_CV0,2,1,1,1,1
4,2539041.489,728416.6747,R4_F4_m-1f-1_P4_Y-1_U39,-9999,-9999,FXX,2,60.454109014520114,1,0,0.0,0,0,0,-9999.0,0.0,1,P3_CV0,2,0,2,1,1
4,2539041.489,728416.6747,R4_F4_m-1f-1_P4_Y-1_U40,-9999,-9999,FXX,2,63.487109014520115,1,0,1.524,0,0,0,-9999.0,0.5,1,P3_CV0,2,1,1,1,1
4,2539041.489,728416.6747,R4_F4_m-1f-1_P4_Y-1_U45,-9999,-9999,MXY,2,67.49310901452012,1,0,0.0,0,0,0,-9999.0,0.0,1,P3_CV0,2,0,2,0,2
4,2539041.489,728416.6747,R4_F4_m-1f-1_P4_Y-1_U49,-9999,-9999,MXY,2,69.4101090145201,1,0,0.0,0,0,0,-9999.0,0.0,1,P3_CV0,2,0,2,2,0
4,2539041.489,728416.6747,R4_F4_m-1f-1_P4_Y-1_U51,-9999,-9999,MXY,2,72.50910901452012,1,0,0.0,0,0,0,-9999.0,0.5,1,P3_CV0,2,1,1,1,1
4,2539041.489,728416.6747,R4_F4_m-1f-1_P4_Y-1_U56,-9999,-9999,FXX,2,68.49710901452012,1,0,1.0,0,0,0,-9999.0,0.5,1,P3_CV0,2,1,1,1,1
4,2539041.489,728416.6747,R4_F4_m-1f-1_P4_Y-1_U66,-9999,-9999,FXX,2,64.66410901452012,1,0,1.705,0,0,0,-9999.0,0.5,1,P3_CV0,2,1,1,1,1
4,2539041.489,728416.6747,R4_F4_m-1f-1_P4_Y-1_U75,-9999,-9999,MXY,2,65.66110901452011,1,0,0.0,0,0,0,-9999.0,0.5,1,P3_CV0,2,1,1,2,0
4,2539041.489,728416.6747,R4_F4_m-1f-1_P4_Y-1_U79,-9999,-9999,FXX,2,70.20910901452011,1,0,0.0,0,0,0,-9999.0,1.0,1,P3_CV0,2,2,0,0,2
4,2539041.489,728416.6747,R4_F4_m-1f-1_P4_Y-1_U112,-9999,-9999,MXY,2,69.00210901452012,1,0,0.0,0,0,0,-9999.0,0.5,1,P3_CV0,2,1,1,0,2
4,2539041.489,728416.6747,R4_F4_m-1f-1_P4_Y-1_U116,-9999,-9999,MXY,2,68.91510901452011,1,0,0.0,0,0,0,-9999.0,0.5,1,P3_CV0,2,1,1,2,0
4,2539041.489,728416.6747,R4_F4_m-1f-1_P4_Y-1_U119,-9999,-9999,FXX,2,65.75210901452012,1,0,1.084,0,0,0,-9999.0,0.5,1,P3_CV0,2,1,1,2,0
4,2539041.489,728416.6747,R4_F4_m-1f-1_P4_Y-1_U122,-9999,-9999,MXY,2,69.87310901452011,1,0,0.0,0,0,0,-9999.0,0.0,1,P3_CV0,2,0,2,1,1
4,2539041.489,728416.6747,R4_F4_m-1f-1_P4_Y-1_U124,-9999,-9999,FXX,2,70.3151090145201,1,0,1.8,0,0,0,-9999.0,1.0,1,P3_CV0,2,2,0,2,0
4,2539041.489,728416.6747,R4_F4_m-1f-1_P4_Y-1_U130,-9999,-9999,FXX,2,70.90710901452012,1,0,3.034,0,0,0,-9999.0,0.0,1,P3_CV0,2,0,2,0,2
4,2539041.489,728416.6747,R4_F4_m-1f-1_P4_Y-1_U131,-9999,-9999,MXY,2,66.07810901452011,1,0,0.0,0,0,0,-9999.0,0.5,1,P3_CV0,2,1,1,0,2
4,2539041.489,728416.6747,R4_F4_m-1f-1_P4_Y-1_U133,-9999,-9999,FXX,2,72.14710901452011,1,0,0.0,0,0,0,-9999.0,0.5,1,P3_CV0,2,1,1,1,1
4,2539041.489,728416.6747,R4_F4_m-1f-1_P4_Y-1_U149,-9999,-9999,MXY,2,66.0891090145201,1,0,0.0,0,0,0,-9999.0,0.0,1,P3_CV0,2,0,2,0,2
4,2539041.489,728416.6747,R4_F4_m-1f-1_P4_Y-1_U23,-9999,-9999,MXY,2,72.81610901452011,1,0,0.0,0,0,0,-9999.0,0.0,1,P3_CV0,2,0,2,2,0
4,2539041.489,728416.6747,R4_F4_m-1f-1_P4_Y-1_U54,-9999,-9999,MXY,2,73.29310901452011,1,0,0.0,0,0,0,-9999.0,1.0,1,P3_CV0,2,2,0,2,0
4,2539041.489,728416.6747,R4_F4_m-1f-1_P4_Y-1_U64,-9999,-9999,FXX,2,81.60010901452011,1,0,0.0,0,0,0,-9999.0,0.0,1,P3_CV0,2,0,2,1,1
4,2539041.489,728416.6747,R4_F4_m-1f-1_P4_Y-1_U80,-9999,-9999,MXY,2,80.48310901452011,1,0,0.0,0,0,0,-9999.0,0.5,1,P3_CV0,2,1,1,1,1
4,2539041.489,728416.6747,R4_F4_m-1f-1_P4_Y-1_U84,-9999,-9999,FXX,2,73.86510901452012,1,0,0.0,0,0,0,-9999.0,0.0,1,P3_CV0,2,0,2,2,0
4,2539041.489,728416.6747,R4_F4_m-1f-1_P4_Y-1_U89,-9999,-9999,FXX,2,76.13010901452012,1,0,1.308,0,0,0,-9999.0,0.0,1,P3_CV0,2,0,2,0,2
4,2539041.489,728416.6747,R4_F4_m-1f-1_P4_Y-1_U106,-9999,-9999,MXY,2,74.73010901452011,1,0,0.0,0,0,0,-9999.0,1.0,1,P3_CV0,2,2,0,1,1
4,2539041.489,728416.6747,R4_F4_m-1f-1_P4_Y-1_U110,-9999,-9999,FXX,2,74.5531090145201,1,0,1.279,0,0,0,-9999.0,0.5,1,P3_CV0,2,1,1,1,1
4,2539041.489,728416.6747,R4_F4_m-1f-1_P4_Y-1_U111,-9999,-9999,MXY,2,78.1781090145201,1,0,0.0,0,0,0,-9999.0,0.0,1,P3_CV0,2,0,2,1,1
4,2539041.489,728416.6747,R4_F4_m-1f-1_P4_Y-1_U114,-9999,-9999,MXY,2,76.33710901452012,1,0,0.0,0,0,0,-9999.0,0.0,1,P3_CV0,2,0,2,0,2
4,2539041.489,728416.6747,R4_F4_m-1f-1_P4_Y-1_U5,-9999,-9999,FXX,3,105.65222297348913,1,0,1.871,0,0,0,-9999.0,0.5,1,P3_CV0,2,1,1,1,1
4,2539041.489,728416.6747,R4_F4_m-1f-1_P4_Y-1_U12,-9999,-9999,MXY,3,105.65222297348913,1,0,0.0,0,0,0,-9999.0,0.5,1,P3_CV0,2,1,1,1,1
4,2539041.489,728416.6747,R4_F4_m-1f-1_P4_Y-1_U33,-9999,-9999,FXX,3,105.65222297348913,1,0,2.162,0,0,0,-9999.0,0.5,1,P3_CV0,2,1,1,2,0
4,2539041.489,728416.6747,R4_F4_m-1f-1_P4_Y-1_U63,-9999,-9999,MXY,3,105.65222297348913,1,0,0.0,0,0,0,-9999.0,0.5,1,P3_CV0,2,1,1,2,0
4,2539041.489,728416.6747,R4_F4_m-1f-1_P4_Y-1_U65,-9999,-9999,MXY,3,105.65222297348913,1,0,0.0,0,0,0,-9999.0,0.0,1,P3_CV0,2,0,2,0,2
4,2539041.489,728416.6747,R4_F4_m-1f-1_P4_Y-1_U87,-9999,-9999,FXX,3,105.65222297348913,1,0,2.651,0,0,0,-9999.0,0.5,1,P3_CV0,2,1,1,1,1
4,2539041.489,728416.6747,R4_F4_m-1f-1_P4_Y-1_U96,-9999,-9999,FXX,3,105.65222297348913,1,0,1.108,0,0,0,-9999.0,1.0,1,P3_CV0,2,2,0,1,1
4,2539041.489,728416.6747,R4_F4_m-1f-1_P4_Y-1_U115,-9999,-9999,FXX,3,105.65222297348913,1,0,2.827,0,0,0,-9999.0,0.5,1,P3_CV0,2,1,1,0,2
4,2539041.489,728416.6747,R4_F4_m-1f-1_P4_Y-1_U120,-9999,-9999,FXX,3,105.65222297348913,1,0,0.0,0,0,0,-9999.0,0.0,1,P3_CV0,2,0,2,1,1
4,2539041.489,728416.6747,R4_F4_m-1f-1_P4_Y-1_U140,-9999,-9999,MXY,3,105.65222297348913,1,0,0.0,0,0,0,-9999.0,0.5,1,P3_CV0,2,1,1,2,0
5,2535011.582,720257.8531,Age0_F5_m5f5_P5_Y0_UO28,R5_F5_m-1f-1_P5_Y-1_U24,R5_F5_m-1f-1_P5_Y-1_U12,FXX,0,31.024465503116872,0,0,0.0,0,0,0,0.0,0.5,1,P4_CV0,3,0,2,1,1
5,2535011.582,720257.8531,Age0_F5_m5f5_P5_Y0_UO29,R5_F5_m-1f-1_P5_Y-1_U24,R5_F5_m-1f-1_P5_Y-1_U12,FXX,0,31.024465503116872,0,0,0.0,0,0,0,0.0,0.5,1,P4_CV0,3,1,1,0,2
5,2535011.582,720257.8531,Age0_F5_m5f5_P5_Y0_UO30,R5_F5_m-1f-1_P5_Y-1_U24,R5_F5_m-1f-1_P5_Y-1_U12,FXX,0,31.024465503116872,0,0,0.0,0,0,0,0.0,0.5,1,P4_CV0,3,1,1,2,0
5,2535011.582,720257.8531,Age0_F5_m5f5_P5_Y0_UO31,R5_F5_m-1f-1_P5_Y-1_U24,R5_F5_m-1f-1_P5_Y-1_U12,FXX,0,31.024465503116872,0,0,0.0,0,0,0,0.0,0.5,1,P4_CV0,3,2,0,1,1
5,2535011.582,720257.8531,Age0_F5_m5f5_P5_Y0_UO32,R5_F5_m-1f-1_P5_Y-1_U24,R5_F5_m-1f-1_P5_Y-1_U12,FXX,0,31.024465503116872,0,0,0.0,0,0,0,0.0,0.5,1,P4_CV0,3,0,2,2,0
5,2535011.582,720257.8531,Age0_F5_m5f5_P5_Y0_UO33,R5_F5_m-1f-1_P5_Y-1_U24,R5_F5_m-1f-1_P5_Y-1_U12,MXY,0,31.024465503116872,0,0,0.0,0,0,0,0.0,0.5,1,P4_CV0,3,0,2,2,0
5,2535011.582,720257.8531,Age0_F5_m5f5_P5_Y0_UO40,R5_F5_m-1f-1_P5_Y-1_U67,R5_F5_m-1f-1_P5_Y-1_U130,MXY,0,31.024465503116872,0,0,0.0,0,0,0,0.0,0.5,1,P4_CV0,3,0,2,2,0
5,2535011.582,720257.8531,Age0_F5_m5f5_P5_Y0_UO41,R5_F5_m-1f-1_P5_Y-1_U67,R5_F5_m-1f-1_P5_Y-1_U130,MXY,0,31.024465503116872,0,0,0.0,0,0,0,0.0,0.5,1,P4_CV0,3,2,0,1,1
5,2535011.582,720257.8531,Age0_F5_m5f5_P5_Y0_UO42,R5_F5_m-1f-1_P5_Y-1_U67,R5_F5_m-1f-1_P5_Y-1_U130,FXX,0,31.024465503116872,0,0,0.0,0,0,0,0.0,0.5,1,P4_CV0,3,0,2,1,1
5,2535011.582,720257.8531,Age0_F5_m5f5_P5_Y0_UO43,R5_F5_m-1f-1_P5_Y-1_U67,R5_F5_m-1f-1_P5_Y-1_U130,FXX,0,31.024465503116872,0,0,0.0,0,0,0,0.0,0.5,1,P4_CV0,3,0,2,2,0
5,2535011.582,720257.8531,Age0_F5_m5f5_P5_Y0_UO44,R5_F5_m-1f-1_P5_Y-1_U67,R5_F5_m-1f-1_P5_Y-1_U130,FXX,0,31.024465503116872,0,0,0.0,0,0,0,0.0,0.5,1,P4_CV0,3,2,0,2,0
5,2535011.582,720257.8531,Age0_F5_m5f5_P5_Y0_UO45,R5_F5_m-1f-1_P5_Y-1_U67,R5_F5_m-1f-1_P5_Y-1_U130,FXX,0,31.024465503116872,0,0,0.0,0,0,0,0.0,0.5,1,P4_CV0,3,1,1,1,1
5,2535011.582,720257.8531,Age0_F5_m5f5_P5_Y0_UO46,R5_F5_m-1f-1_P5_Y-1_U67,R5_F5_m-1f-1_P5_Y-1_U130,FXX,0,31.024465503116872,0,0,0.0,0,0,0,0.0,0.5,1,P4_CV0,3,1,1,0,2
5,2535011.582,720257.8531,Age0_F5_m5f5_P5_Y0_UO47,R5_F5_m-1f-1_P5_Y-1_U67,R5_F5_m-1f-1_P5_Y-1_U130,FXX,0,31.024465503116872,0,0,0.0,0,0,0,0.0,0.5,1,P4_CV0,3,1,1,1,1
5,2535011.582,720257.8531,Age0_F5_m5f5_P5_Y0_UO48,R5_F5_m-1f-1_P5_Y-1_U24,R5_F5_m-1f-1_P5_Y-1_U104,MXY,0,31.024465503116872,0,0,0.0,0,0,0,0.0,0.5,1,P4_CV0,3,1,1,1,1
5,2535011.582,720257.8531,Age0_F5_m5f5_P5_Y0_UO61,R5_F5_m-1f-1_P5_Y-1_U99,R5_F5_m-1f-1_P5_Y-1_U60,FXX,0,31.024465503116872,0,0,0.0,0,0,0,0.0,0.25,1,P4_CV0,3,1,1,2,0
5,2535011.582,720257.8531,Age0_F5_m5f5_P5_Y0_UO62,R5_F5_m-1f-1_P5_Y-1_U99,R5_F5_m-1f-1_P5_Y-1_U60,FXX,0,31.024465503116872,0,0,0.0,0,0,0,0.0,0.25,1,P4_CV0,3,0,2,1,1
5,2535011.582,720257.8531,Age0_F5_m5f5_P5_Y0_UO63,R5_F5_m-1f-1_P5_Y-1_U99,R5_F5_m-1f-1_P5_Y-1_U60,FXX,0,31.024465503116872,0,0,0.0,0,0,0,0.0,0.25,1,P4_CV0,3,1,1,2,0
5,2535011.582,720257.8531,Age0_F5_m5f5_P5_Y0_UO64,R5_F5_m-1f-1_P5_Y-1_U99,R5_F5_m-1f-1_P5_Y-1_U60,FXX,0,31.024465503116872,0,0,0.0,0,0,0,0.0,0.25,1,P4_CV0,3,0,2,0,2
5,2535011.582,720257.8531,Age0_F5_m5f5_P5_Y0_UO65,R5_F5_m-1f-1_P5_Y-1_U99,R5_F5_m-1f-1_P5_Y-1_U60,FXX,0,31.024465503116872,0,0,0.0,0,0,0,0.0,0.25,1,P4_CV0,3,1,1,2,0
5,2535011.582,720257.8531,Age0_F5_m5f5_P5_Y0_UO66,R5_F5_m-1f-1_P5_Y-1_U99,R5_F5_m-1f-1_P5_Y-1_U60,FXX,0,31.024465503116872,0,0,0.0,0,0,0,0.0,0.25,1,P4_CV0,3,1,1,1,1
5,2535011.582,720257.8531,Age0_F5_m5f5_P5_Y0_UO67,R5_F5_m-1f-1_P5_Y-1_U99,R5_F5_m-1f-1_P5_Y-1_U60,MXY,0,31.024465503116872,0,0,0.0,0,0,0,0.0,0.25,1,P4_CV0,3,2,0,1,1
5,2535011.582,720257.8531,Age0_F5_m5f5_P5_Y0_UO68,R5_F5_m-1f-1_P5_Y-1_U99,R5_F5_m-1f-1_P5_Y-1_U60,MXY,0,31.024465503116872,0,0,0.0,0,0,0,0.0,0.25,1,P4_CV0,3,1,1,2,0
5,2535011.582,720257.8531,Age0_F5_m5f5_P5_Y0_UO69,R5_F5_m-1f-1_P5_Y-1_U99,R5_F5_m-1f-1_P5_Y-1_U60,FXX,0,31.024465503116872,0,0,0.0,0,0,0,0.0,0.25,1,P4_CV0,3,0,2,1,1
5,2535011.582,720257.8531,Age0_F5_m5f5_P5_Y0_UO70,R5_F5_m-1f-1_P5_Y-1_U126,R5_F5_m-1f-1_P5_Y-1_U82,MXY,0,31.024465503116872,0,0,0.0,0,0,0,0.0,0.0,1,P4_CV0,3,1,1,2,0
5,2535011.582,720257.8531,Age0_F5_m5f5_P5_Y0_UO71,R5_F5_m-1f-1_P5_Y-1_U126,R5_F5_m-1f-1_P5_Y-1_U82,FXX,0,31.024465503116872,0,0,0.0,0,0,0,0.0,0.0,1,P4_CV0,3,0,2,1,1
5,2535011.582,720257.8531,Age0_F5_m5f5_P5_Y0_UO72,R5_F5_m-1f-1_P5_Y-1_U126,R5_F5_m-1f-1_P5_Y-1_U82,MXY,0,31.024465503116872,0,0,0.0,0,0,0,0.0,0.0,1,P4_CV0,3,0,2,0,2
5,2535011.582,720257.8531,Age0_F5_m5f5_P5_Y0_UO73,R5_F5_m-1f-1_P5_Y-1_U126,R5_F5_m-1f-1_P5_Y-1_U82,MXY,0,31.024465503116872,0,0,0.0,0,0,0,0.0,0.0,1,P4_CV0,3,0,2,1,1
5,2535011.582,720257.8531,Age0_F5_m5f5_P5_Y0_UO74,R5_F5_m-1f-1_P5_Y-1_U126,R5_F5_m-1f-1_P5_Y-1_U82,MXY,0,31.024465503116872,0,0,0.0,0,0,0,0.0,0.0,1,P4_CV0,3,1,1,1,1
5,2535011.582,720257.8531,Age0_F5_m5f5_P5_Y0_UO75,R5_F5_m-1f-1_P5_Y-1_U126,R5_F5_m-1f-1_P5_Y-1_U82,FXX,0,31.024465503116872,0,0,0.0,0,0,0,0.0,0.0,1,P4_CV0,3,2,0,1,1
5,2535011.582,720257.8531,Age0_F5_m5f5_P5_Y0_UO76,R5_F5_m-1f-1_P5_Y-1_U126,R5_F5_m-1f-1_P5_Y-1_U82,FXX,0,31.024465503116872,0,0,0.0,0,0,0,0.0,0.0,1,P4_CV0,3,0,2,2,0
5,2535011.582,720257.8531,Age0_F5_m5f5_P5_Y0_UO77,R5_F5_m-1f-1_P5_Y-1_U126,R5_F5_m-1f-1_P5_Y-1_U82,MXY,0,31.024465503116872,0,0,0.0,0,0,0,0.0,0.0,1,P4_CV0,3,1,1,2,0
5,2535011.582,720257.8531,Age0_F5_m5f5_P5_Y0_UO78,R5_F5_m-1f-1_P5_Y-1_U126,R5_F5_m-1f-1_P5_Y-1_U82,FXX,0,31.024465503116872,0,0,0.0,0,0,0,0.0,0.0,1,P4_CV0,3,1,1,1,1
5,2535011.582,720257.8531,Age0_F5_m5f5_P5_Y0_UO79,R5_F5_m-1f-1_P5_Y-1_U126,R5_F5_m-1f-1_P5_Y-1_U82,MXY,0,31.024465503116872,0,0,0.0,0,0,0,0.0,0.0,1,P4_CV0,3,0,2,1,1
5,2535011.582,720257.8531,Age0_F5_m5f5_P5_Y0_UO85,R5_F5_m-1f-1_P5_Y-1_U139,R5_F5_m-1f-1_P5_Y-1_U60,MXY,0,31.024465503116872,0,0,0.0,0,0,0,0.0,0.75,1,P4_CV0,3,1,1,1,1
5,2535011.582,720257.8531,Age0_F5_m5f5_P5_Y0_UO86,R5_F5_m-1f-1_P5_Y-1_U139,R5_F5_m-1f-1_P5_Y-1_U60,MXY,0,31.024465503116872,0,0,0.0,0,0,0,0.0,0.75,1,P4_CV0,3,2,0,0,2
5,2535011.582,720257.8531,Age0_F5_m5f5_P5_Y0_UO87,R5_F5_m-1f-1_P5_Y-1_U139,R5_F5_m-1f-1_P5_Y-1_U60,MXY,0,31.024465503116872,0,0,0.0,0,0,0,0.0,0.75,1,P4_CV0,3,1,1,0,2
5,2535011.582,720257.8531,Age0_F5_m5f5_P5_Y0_UO88,R5_F5_m-1f-1_P5_Y-1_U139,R5_F5_m-1f-1_P5_Y-1_U60,MXY,0,31.024465503116872,0,0,0.0,0,0,0,0.0,0.75,1,P4_CV0,3,0,2,1,1
5,2535011.582,720257.8531,Age0_F5_m5f5_P5_Y0_UO106,R5_F5_m-1f-1_P5_Y-1_U67,R5_F5_m-1f-1_P5_Y-1_U107,FXX,0,31.024465503116872,0,0,0.0,0,0,0,0.0,0.25,1,P4_CV0,3,2,0,0,2
5,2535011.582,720257.8531,Age0_F5_m5f5_P5_Y0_UO107,R5_F5_m-1f-1_P5_Y-1_U67,R5_F5_m-1f-1_P5_Y-1_U107,FXX,0,31.024465503116872,0,0,0.0,0,0,0,0.0,0.25,1,P4_CV0,3,2,0,0,2
5,2535011.582,720257.8531,Age0_F5_m5f5_P5_Y0_UO108,R5_F5_m-1f-1_P5_Y-1_U67,R5_F5_m-1f-1_P5_Y-1_U107,MXY,0,31.024465503116872,0,0,0.0,0,0,0,0.0,0.25,1,P4_CV0,3,1,1,1,1
5,2535011.582,720257.8531,Age0_F5_m5f5_P5_Y0_UO117,R5_F5_m-1f-1_P5_Y-1_U67,R5_F5_m-1f-1_P5_Y-1_U34,MXY,0,31.024465503116872,0,0,0.0,0,0,0,0.0,0.0,1,P4_CV0,3,2,0,1,1
5,2535011.582,720257.8531,Age0_F5_m5f5_P5_Y0_UO118,R5_F5_m-1f-1_P5_Y-1_U67,R5_F5_m-1f-1_P5_Y-1_U34,FXX,0,31.024465503116872,0,0,0.0,0,0,0,0.0,0.0,1,P4_CV0,3,2,0,0,2
5,2535011.582,720257.8531,Age0_F5_m5f5_P5_Y0_UO119,R5_F5_m-1f-1_P5_Y-1_U67,R5_F5_m-1f-1_P5_Y-1_U34,MXY,0,31.024465503116872,0,0,0.0,0,0,0,0.0,0.0,1,P4_CV0,3,0,2,2,0
5,2535011.582,720257.8531,Age0_F5_m5f5_P5_Y0_UO136,R5_F5_m-1f-1_P5_Y-1_U99,R5_F5_m-1f-1_P5_Y-1_U82,FXX,0,31.024465503116872,0,0,0.0,0,0,0,0.0,0.0,1,P4_CV0,3,0,2,1,1
5,2535011.582,720257.8531,Age0_F5_m5f5_P5_Y0_UO137,R5_F5_m-1f-1_P5_Y-1_U99,R5_F5_m-1f-1_P5_Y-1_U82,FXX,0,31.024465503116872,0,0,0.0,0,0,0,0.0,0.0,1,P4_CV0,3,0,2,1,1
5,2535011.582,720257.8531,Age0_F5_m5f5_P5_Y0_UO138,R5_F5_m-1f-1_P5_Y-1_U99,R5_F5_m-1f-1_P5_Y-1_U82,FXX,0,31.024465503116872,0,0,0.0,0,0,0,0.0,0.0,1,P4_CV0,3,1,1,1,1
5,2535011.582,720257.8531,Age0_F5_m5f5_P5_Y0_UO139,R5_F5_m-1f-1_P5_Y-1_U99,R5_F5_m-1f-1_P5_Y-1_U82,MXY,0,31.024465503116872,0,0,0.0,0,0,0,0.0,0.0,1,P4_CV0,3,2,0,1,1
5,2535011.582,720257.8531,Age0_F5_m5f5_P5_Y0_UO140,R5_F5_m-1f-1_P5_Y-1_U99,R5_F5_m-1f-1_P5_Y-1_U82,MXY,0,31.024465503116872,0,0,0.0,0,0,0,0.0,0.0,1,P4_CV0,3,0,2,1,1
5,2535011.582,720257.8531,Age0_F5_m5f5_P5_Y0_UO141,R5_F5_m-1f-1_P5_Y-1_U99,R5_F5_m-1f-1_P5_Y-1_U82,MXY,0,31.024465503116872,0,0,0.0,0,0,0,0.0,0.0,1,P4_CV0,3,1,1,0,2
5,2535011.582,720257.8531,Age0_F5_m5f5_P5_Y0_UO142,R5_F5_m-1f-1_P5_Y-1_U99,R5_F5_m-1f-1_P5_Y-1_U82,FXX,0,31.024465503116872,0,0,0.0,0,0,0,0.0,0.0,1,P4_CV0,3,0,2,1,1
5,2535011.582,720257.8531,Age0_F5_m5f5_P5_Y0_UO143,R5_F5_m-1f-1_P5_Y-1_U99,R5_F5_m-1f-1_P5_Y-1_U82,MXY,0,31.024465503116872,0,0,0.0,0,0,0,0.0,0.0,1,P4_CV0,3,2,0,2,0
5,2535011.582,720257.8531,Age0_F5_m5f5_P5_Y0_UO144,R5_F5_m-1f-1_P5_Y-1_U113,R5_F5_m-1f-1_P5_Y-1_U111,MXY,0,31.024465503116872,0,0,0.0,0,0,0,0.0,0.0,1,P4_CV0,3,0,2,0,2
5,2535011.582,720257.8531,Age0_F5_m5f5_P5_Y0_UO145,R5_F5_m-1f-1_P5_Y-1_U113,R5_F5_m-1f-1_P5_Y-1_U111,MXY,0,31.024465503116872,0,0,0.0,0,0,0,0.0,0.0,1,P4_CV0,3,1,1,2,0
5,2535011.582,720257.8531,Age0_F5_m5f5_P5_Y0_UO146,R5_F5_m-1f-1_P5_Y-1_U113,R5_F5_m-1f-1_P5_Y-1_U111,MXY,0,31.024465503116872,0,0,0.0,0,0,0,0.0,0.0,1,P4_CV0,3,2,0,1,1
5,2535011.582,720257.8531,Age0_F5_m5f5_P5_Y0_UO147,R5_F5_m-1f-1_P5_Y-1_U113,R5_F5_m-1f-1_P5_Y-1_U111,FXX,0,31.024465503116872,0,0,0.0,0,0,0,0.0,0.0,1,P4_CV0,3,1,1,2,0
5,2535011.582,720257.8531,Age0_F5_m5f5_P5_Y0_UO148,R5_F5_m-1f-1_P5_Y-1_U113,R5_F5_m-1f-1_P5_Y-1_U111,FXX,0,31.024465503116872,0,0,0.0,0,0,0,0.0,0.0,1,P4_CV0,3,2,0,2,0
5,2535011.582,720257.8531,Age0_F5_m5f5_P5_Y0_UO149,R5_F5_m-1f-1_P5_Y-1_U113,R5_F5_m-1f-1_P5_Y-1_U111,FXX,0,31.024465503116872,0,0,0.0,0,0,0,0.0,0.0,1,P4_CV0,3,2,0,1,1
5,2535011.582,720257.8531,Age0_F5_m5f5_P5_Y0_UO150,R5_F5_m-1f-1_P5_Y-1_U113,R5_F5_m-1f-1_P5_Y-1_U111,MXY,0,31.024465503116872,0,0,0.0,0,0,0,0.0,0.0,1,P4_CV0,3,1,1,2,0
5,2535011.582,720257.8531,Age0_F5_m5f5_P5_Y0_UO151,R5_F5_m-1f-1_P5_Y-1_U113,R5_F5_m-1f-1_P5_Y-1_U111,FXX,0,31.024465503116872,0,0,0.0,0,0,0,0.0,0.0,1,P4_CV0,3,2,0,1,1
5,2535011.582,720257.8531,Age0_F5_m5f5_P5_Y0_UO192,R5_F5_m-1f-1_P5_Y-1_U114,R5_F5_m-1f-1_P5_Y-1_U76,MXY,0,31.024465503116872,0,0,0.0,0,0,0,0.0,0.0,1,P4_CV0,3,1,1,1,1
5,2535011.582,720257.8531,Age0_F5_m5f5_P5_Y0_UO193,R5_F5_m-1f-1_P5_Y-1_U114,R5_F5_m-1f-1_P5_Y-1_U76,MXY,0,31.024465503116872,0,0,0.0,0,0,0,0.0,0.0,1,P4_CV0,3,0,2,0,2
5,2535011.582,720257.8531,Age0_F5_m5f5_P5_Y0_UO194,R5_F5_m-1f-1_P5_Y-1_U114,R5_F5_m-1f-1_P5_Y-1_U76,FXX,0,31.024465503116872,0,0,0.0,0,0,0,0.0,0.0,1,P4_CV0,3,1,1,2,0
5,2535011.582,720257.8531,Age0_F5_m5f5_P5_Y0_UO195,R5_F5_m-1f-1_P5_Y-1_U114,R5_F5_m-1f-1_P5_Y-1_U76,FXX,0,31.024465503116872,0,0,0.0,0,0,0,0.0,0.0,1,P4_CV0,3,0,2,2,0
5,2535011.582,720257.8531,Age0_F5_m5f5_P5_Y0_UO206,R5_F5_m-1f-1_P5_Y-1_U45,R5_F5_m-1f-1_P5_Y-1_U72,FXX,0,31.024465503116872,0,0,0.0,0,0,0,0.0,0.0,1,P4_CV0,3,1,1,2,0
5,2535011.582,720257.8531,Age0_F5_m5f5_P5_Y0_UO207,R5_F5_m-1f-1_P5_Y-1_U45,R5_F5_m-1f-1_P5_Y-1_U72,MXY,0,31.024465503116872,0,0,0.0,0,0,0,0.0,0.0,1,P4_CV0,3,2,0,1,1
5,2535011.582,720257.8531,Age0_F5_m5f5_P5_Y0_UO208,R5_F5_m-1f-1_P5_Y-1_U45,R5_F5_m-1f-1_P5_Y-1_U72,FXX,0,31.024465503116872,0,0,0.0,0,0,0,0.0,0.0,1,P4_CV0,3,2,0,1,1
5,2535011.582,720257.8531,Age0_F5_m5f5_P5_Y0_UO209,R5_F5_m-1f-1_P5_Y-1_U45,R5_F5_m-1f-1_P5_Y-1_U72,MXY,0,31.024465503116872,0,0,0.0,0,0,0,0.0,0.0,1,P4_CV0,3,2,0,0,2
5,2535011.582,720257.8531,Age0_F5_m5f5_P5_Y0_UO210,R5_F5_m-1f-1_P5_Y-1_U45,R5_F5_m-1f-1_P5_Y-1_U72,FXX,0,31.024465503116872,0,0,0.0,0,0,0,0.0,0.0,1,P4_CV0,3,1,1,1,1
5,2535011.582,720257.8531,Age0_F5_m5f5_P5_Y0_UO211,R5_F5_m-1f-1_P5_Y-1_U45,R5_F5_m-1f-1_P5_Y-1_U72,FXX,0,31.024465503116872,0,0,0.0,0,0,0,0.0,0.0,1,P4_CV0,3,1,1,1,1
5,2535011.582,720257.8531,Age0_F5_m5f5_P5_Y0_UO230,R5_F5_m-1f-1_P5_Y-1_U139,R5_F5_m-1f-1_P5_Y-1_U130,FXX,0,31.024465503116872,0,0,0.0,0,0,0,0.0,1.0,1,P4_CV0,3,1,1,1,1
5,2535011.582,720257.8531,Age0_F5_m5f5_P5_Y0_UO231,R5_F5_m-1f-1_P5_Y-1_U139,R5_F5_m-1f-1_P5_Y-1_U130,FXX,0,31.024465503116872,0,0,0.0,0,0,0,0.0,1.0,1,P4_CV0,3,0,2,1,1
5,2535011.582,720257.8531,Age0_F5_m5f5_P5_Y0_UO232,R5_F5_m-1f-1_P5_Y-1_U139,R5_F5_m-1f-1_P5_Y-1_U130,FXX,0,31.024465503116872,0,0,0.0,0,0,0,0.0,1.0,1,P4_CV0,3,0,2,1,1
5,2535011.582,720257.8531,Age0_F5_m5f5_P5_Y0_UO233,R5_F5_m-1f-1_P5_Y-1_U139,R5_F5_m-1f-1_P5_Y-1_U130,FXX,0,31.024465503116872,0,0,0.0,0,0,0,0.0,1.0,1,P4_CV0,3,1,1,1,1
5,2535011.582,720257.8531,Age0_F5_m5f5_P5_Y0_UO234,R5_F5_m-1f-1_P5_Y-1_U139,R5_F5_m-1f-1_P5_Y-1_U130,FXX,0,31.024465503116872,0,0,0.0,0,0,0,0.0,1.0,1,P4_CV0,3,1,1,0,2
5,2535011.582,720257.8531,Age0_F5_m5f5_P5_Y0_UO235,R5_F5_m-1f-1_P5_Y-1_U139,R5_F5_m-1f-1_P5_Y-1_U130,MXY,0,31.024465503116872,0,0,0.0,0,0,0,0.0,1.0,1,P4_CV0,3,2,0,1,1
5,2535011.582,720257.8531,Age0_F5_m5f5_P5_Y0_UO318,R5_F5_m-1f-1_P5_Y-1_U67,R5_F5_m-1f-1_P5_Y-1_U138,MXY,0,31.024465503116872,0,0,0.0,0,0,0,0.0,0.25,1,P4_CV0,3,0,2,0,2
5,2535011.582,720257.8531,Age0_F5_m5f5_P5_Y0_UO319,R5_F5_m-1f-1_P5_Y-1_U67,R5_F5_m-1f-1_P5_Y-1_U138,FXX,0,31.024465503116872,0,0,0.0,0,0,0,0.0,0.25,1,P4_CV0,3,1,1,2,0
5,2535011.582,720257.8531,Age0_F5_m5f5_P5_Y0_UO320,R5_F5_m-1f-1_P5_Y-1_U67,R5_F5_m-1f-1_P5_Y-1_U138,FXX,0,31.024465503116872,0,0,0.0,0,0,0,0.0,0.25,1,P4_CV0,3,1,1,1,1
5,2535011.582,720257.8531,Age0_F5_m5f5_P5_Y0_UO321,R5_F5_m-1f-1_P5_Y-1_U67,R5_F5_m-1f-1_P5_Y-1_U138,FXX,0,31.024465503116872,0,0,0.0,0,0,0,0.0,0.25,1,P4_CV0,3,1,1,0,2
5,2535011.582,720257.8531,Age0_F5_m5f5_P5_Y0_UO333,R5_F5_m-1f-1_P5_Y-1_U21,R5_F5_m-1f-1_P5_Y-1_U10,MXY,0,31.024465503116872,0,0,0.0,0,0,0,0.0,0.75,1,P4_CV0,3,1,1,1,1
5,2535011.582,720257.8531,Age0_F5_m5f5_P5_Y0_UO334,R5_F5_m-1f-1_P5_Y-1_U21,R5_F5_m-1f-1_P5_Y-1_U10,MXY,0,31.024465503116872,0,0,0.0,0,0,0,0.0,0.75,1,P4_CV0,3,0,2,1,1
5,2535011.582,720257.8531,Age0_F5_m5f5_P5_Y0_UO335,R5_F5_m-1f-1_P5_Y-1_U21,R5_F5_m-1f-1_P5_Y-1_U10,MXY,0,31.024465503116872,0,0,0.0,0,0,0,0.0,0.75,1,P4_CV0,3,1,1,1,1
5,2535011.582,720257.8531,Age0_F5_m5f5_P5_Y0_UO336,R5_F5_m-1f-1_P5_Y-1_U21,R5_F5_m-1f-1_P5_Y-1_U10,MXY,0,31.024465503116872,0,0,0.0,0,0,0,0.0,0.75,1,P4_CV0,3,1,1,1,1
5,2535011.582,720257.8531,Age0_F5_m5f5_P5_Y0_UO337,R5_F5_m-1f-1_P5_Y-1_U21,R5_F5_m-1f-1_P5_Y-1_U10,FXX,0,31.024465503116872,0,0,0.0,0,0,0,0.0,0.75,1,P4_CV0,3,1,1,2,0
5,2535011.582,720257.8531,Age0_F5_m5f5_P5_Y0_UO338,R5_F5_m-1f-1_P5_Y-1_U21,R5_F5_m-1f-1_P5_Y-1_U10,MXY,0,31.024465503116872,0,0,0.0,0,0,0,0.0,0.75,1,P4_CV0,3,0,2,0,2
5,2535011.582,720257.8531,Age0_F5_m5f5_P5_Y0_UO339,R5_F5_m-1f-1_P5_Y-1_U21,R5_F5_m-1f-1_P5_Y-1_U34,MXY,0,31.024465503116872,0,0,0.0,0,0,0,0.0,0.25,1,P4_CV0,3,1,1,2,0
5,2535011.582,720257.8531,Age0_F5_m5f5_P5_Y0_UO340,R5_F5_m-1f-1_P5_Y-1_U21,R5_F5_m-1f-1_P5_Y-1_U34,MXY,0,31.024465503116872,0,0,0.0,0,0,0,0.0,0.25,1,P4_CV0,3,2,0,1,1
5,2535011.582,720257.8531,Age0_F5_m5f5_P5_Y0_UO341,R5_F5_m-1f-1_P5_Y-1_U21,R5_F5_m-1f-1_P5_Y-1_U34,FXX,0,31.024465503116872,0,0,0.0,0,0,0,0.0,0.25,1,P4_CV0,3,0,2,1,1
5,2535011.582,720257.8531,Age0_F5_m5f5_P5_Y0_UO342,R5_F5_m-1f-1_P5_Y-1_U21,R5_F5_m-1f-1_P5_Y-1_U34,FXX,0,31.024465503116872,0,0,0.0,0,0,0,0.0,0.25,1,P4_CV0,3,1,1,0,2
5,2535011.582,720257.8531,Age0_F5_m5f5_P5_Y0_UO343,R5_F5_m-1f-1_P5_Y-1_U21,R5_F5_m-1f-1_P5_Y-1_U34,MXY,0,31.024465503116872,0,0,0.0,0,0,0,0.0,0.25,1,P4_CV0,3,0,2,2,0
5,2535011.582,720257.8531,Age0_F5_m5f5_P5_Y0_UO344,R5_F5_m-1f-1_P5_Y-1_U21,R5_F5_m-1f-1_P5_Y-1_U34,FXX,0,31.024465503116872,0,0,0.0,0,0,0,0.0,0.25,1,P4_CV0,3,2,0,0,2
5,2535011.582,720257.8531,Age0_F5_m5f5_P5_Y0_UO349,R5_F5_m-1f-1_P5_Y-1_U67,R5_F5_m-1f-1_P5_Y-1_U127,MXY,0,31.024465503116872,0,0,0.0,0,0,0,0.0,0.5,1,P4_CV0,3,0,2,0,2
5,2535011.582,720257.8531,Age0_F5_m5f5_P5_Y0_UO350,R5_F5_m-1f-1_P5_Y-1_U67,R5_F5_m-1f-1_P5_Y-1_U127,FXX,0,31.024465503116872,0,0,0.0,0,0,0,0.0,0.5,1,P4_CV0,3,1,1,1,1
5,2535011.582,720257.8531,Age0_F5_m5f5_P5_Y0_UO351,R5_F5_m-1f-1_P5_Y-1_U67,R5_F5_m-1f-1_P5_Y-1_U127,FXX,0,31.024465503116872,0,0,0.0,0,0,0,0.0,0.5,1,P4_CV0,3,1,1,0,2
5,2535011.582,720257.8531,Age0_F5_m5f5_P5_Y0_UO352,R5_F5_m-1f-1_P5_Y-1_U67,R5_F5_m-1f-1_P5_Y-1_U127,MXY,0,31.024465503116872,0,0,0.0,0,0,0,0.0,0.5,1,P4_CV0,3,2,0,1,1
5,2535011.582,720257.8531,Age0_F5_m5f5_P5_Y0_UO353,R5_F5_m-1f-1_P5_Y-1_U133,R5_F5_m-1f-1_P5_Y-1_U146,MXY,0,31.024465503116872,0,0,0.0,0,0,0,0.0,0.75,1,P4_CV0,3,1,1,1,1
5,2535011.582,720257.8531,Age0_F5_m5f5_P5_Y0_UO354,R5_F5_m-1f-1_P5_Y-1_U133,R5_F5_m-1f-1_P5_Y-1_U146,FXX,0,31.024465503116872,0,0,0.0,0,0,0,0.0,0.75,1,P4_CV0,3,1,1,1,1
5,2535011.582,720257.8531,Age0_F5_m5f5_P5_Y0_UO355,R5_F5_m-1f-1_P5_Y-1_U133,R5_F5_m-1f-1_P5_Y-1_U146,FXX,0,31.024465503116872,0,0,0.0,0,0,0,0.0,0.75,1,P4_CV0,3,0,2,1,1
5,2535011.582,720257.8531,Age0_F5_m5f5_P5_Y0_UO356,R5_F5_m-1f-1_P5_Y-1_U133,R5_F5_m-1f-1_P5_Y-1_U146,MXY,0,31.024465503116872,0,0,0.0,0,0,0,0.0,0.75,1,P4_CV0,3,1,1,1,1
5,2535011.582,720257.8531,Age0_F5_m5f5_P5_Y0_UO357,R5_F5_m-1f-1_P5_Y-1_U133,R5_F5_m-1f-1_P5_Y-1_U146,FXX,0,31.024465503116872,0,0,0.0,0,0,0,0.0,0.75,1,P4_CV0,3,1,1,2,0
5,2535011.582,720257.8531,Age0_F5_m5f5_P5_Y0_UO358,R5_F5_m-1f-1_P5_Y-1_U133,R5_F5_m-1f-1_P5_Y-1_U146,FXX,0,31.024465503116872,0,0,0.0,0,0,0,0.0,0.75,1,P4_CV0,3,1,1,2,0
5,2535011.582,720257.8531,Age0_F5_m5f5_P5_Y0_UO359,R5_F5_m-1f-1_P5_Y-1_U133,R5_F5_m-1f-1_P5_Y-1_U146,FXX,0,31.024465503116872,0,0,0.0,0,0,0,0.0,0.75,1,P4_CV0,3,0,2,0,2
5,2535011.582,720257.8531,Age0_F5_m5f5_P5_Y0_UO409,R5_F5_m-1f-1_P5_Y-1_U67,R5_F5_m-1f-1_P5_Y-1_U131,MXY,0,31.024465503116872,0,0,0.0,0,0,0,0.0,0.5,1,P4_CV0,3,0,2,1,1
5,2535011.582,720257.8531,Age0_F5_m5f5_P5_Y0_UO410,R5_F5_m-1f-1_P5_Y-1_U67,R5_F5_m-1f-1_P5_Y-1_U131,FXX,0,31.024465503116872,0,0,0.0,0,0,0,0.0,0.5,1,P4_CV0,3,2,0,0,2
5,2535011.582,720257.8531,Age0_F5_m5f5_P5_Y0_UO411,R5_F5_m-1f-1_P5_Y-1_U67,R5_F5_m-1f-1_P5_Y-1_U131,FXX,0,31.024465503116872,0,0,0.0,0,0,0,0.0,0.5,1,P4_CV0,3,1,1,2,0
5,2535011.582,720257.8531,Age0_F5_m5f5_P5_Y0_UO412,R5_F5_m-1f-1_P5_Y-1_U67,R5_F5_m-1f-1_P5_Y-1_U131,FXX,0,31.024465503116872,0,0,0.0,0,0,0,0.0,0.5,1,P4_CV0,3,0,2,1,1
5,2535011.582,720257.8531,Age0_F5_m5f5_P5_Y0_UO413,R5_F5_m-1f-1_P5_Y-1_U67,R5_F5_m-1f-1_P5_Y-1_U131,MXY,0,31.024465503116872,0,0,0.0,0,0,0,0.0,0.5,1,P4_CV0,3,2,0,1,1
5,2535011.582,720257.8531,Age0_F5_m5f5_P5_Y0_UO414,R5_F5_m-1f-1_P5_Y-1_U67,R5_F5_m-1f-1_P5_Y-1_U131,MXY,0,31.024465503116872,0,0,0.0,0,0,0,0.0,0.5,1,P4_CV0,3,1,1,1,1
5,2535011.582,720257.8531,Age0_F5_m5f5_P5_Y0_UO415,R5_F5_m-1f-1_P5_Y-1_U67,R5_F5_m-1f-1_P5_Y-1_U131,FXX,0,31.024465503116872,0,0,0.0,0,0,0,0.0,0.5,1,P4_CV0,3,2,0,1,1
5,2535011.582,720257.8531,Age0_F5_m5f5_P5_Y0_UO423,R5_F5_m-1f-1_P5_Y-1_U139,R5_F5_m-1f-1_P5_Y-1_U82,MXY,0,31.024465503116872,0,0,0.0,0,0,0,0.0,0.5,1,P4_CV0,3,0,2,2,0
5,2535011.582,720257.8531,Age0_F5_m5f5_P5_Y0_UO424,R5_F5_m-1f-1_P5_Y-1_U139,R5_F5_m-1f-1_P5_Y-1_U82,MXY,0,31.024465503116872,0,0,0.0,0,0,0,0.0,0.5,1,P4_CV0,3,1,1,1,1
5,2535011.582,720257.8531,Age0_F5_m5f5_P5_Y0_UO425,R5_F5_m-1f-1_P5_Y-1_U139,R5_F5_m-1f-1_P5_Y-1_U82,MXY,0,31.024465503116872,0,0,0.0,0,0,0,0.0,0.5,1,P4_CV0,3,1,1,1,1
5,2535011.582,720257.8531,Age0_F5_m5f5_P5_Y0_UO426,R5_F5_m-1f-1_P5_Y-1_U139,R5_F5_m-1f-1_P5_Y-1_U82,FXX,0,31.024465503116872,0,0,0.0,0,0,0,0.0,0.5,1,P4_CV0,3,1,1,0,2
5,2535011.582,720257.8531,Age0_F5_m5f5_P5_Y0_UO427,R5_F5_m-1f-1_P5_Y-1_U139,R5_F5_m-1f-1_P5_Y-1_U82,MXY,0,31.024465503116872,0,0,0.0,0,0,0,0.0,0.5,1,P4_CV0,3,0,2,1,1
5,2535011.582,720257.8531,Age0_F5_m5f5_P5_Y0_UO428,R5_F5_m-1f-1_P5_Y-1_U139,R5_F5_m-1f-1_P5_Y-1_U82,FXX,0,31.024465503116872,0,0,0.0,0,0,0,0.0,0.5,1,P4_CV0,3,0,2,1,1
5,2535011.582,720257.8531,Age0_F5_m5f5_P5_Y0_UO429,R5_F5_m-1f-1_P5_Y-1_U139,R5_F5_m-1f-1_P5_Y-1_U82,FXX,0,31.024465503116872,0,0,0.0,0,0,0,0.0,0.5,1,P4_CV0,3,2,0,1,1
5,2535011.582,720257.8531,Age0_F5_m5f5_P5_Y0_UO439,R5_F5_m-1f-1_P5_Y-1_U99,R5_F5_m-1f-1_P5_Y-1_U82,FXX,0,31.024465503116872,0,0,0.0,0,0,0,0.0,0.0,1,P4_CV0,3,1,1,0,2
5,2535011.582,720257.8531,Age0_F5_m5f5_P5_Y0_UO440,R5_F5_m-1f-1_P5_Y-1_U99,R5_F5_m-1f-1_P5_Y-1_U82,MXY,0,31.024465503116872,0,0,0.0,0,0,0,0.0,0.0,1,P4_CV0,3,1,1,1,1
5,2535011.582,720257.8531,Age0_F5_m5f5_P5_Y0_UO441,R5_F5_m-1f-1_P5_Y-1_U99,R5_F5_m-1f-1_P5_Y-1_U82,FXX,0,31.024465503116872,0,0,0.0,0,0,0,0.0,0.0,1,P4_CV0,3,1,1,1,1
5,2535011.582,720257.8531,Age0_F5_m5f5_P5_Y0_UO442,R5_F5_m-1f-1_P5_Y-1_U99,R5_F5_m-1f-1_P5_Y-1_U82,MXY,0,31.024465503116872,0,0,0.0,0,0,0,0.0,0.0,1,P4_CV0,3,0,2,0,2
5,2535011.582,720257.8531,Age0_F5_m5f5_P5_Y0_UO443,R5_F5_m-1f-1_P5_Y-1_U99,R5_F5_m-1f-1_P5_Y-1_U82,MXY,0,31.024465503116872,0,0,0.0,0,0,0,0.0,0.0,1,P4_CV0,3,0,2,1,1
5,2535011.582,720257.8531,Age0_F5_m5f5_P5_Y0_UO450,R5_F5_m-1f-1_P5_Y-1_U24,R5_F5_m-1f-1_P5_Y-1_U72,MXY,0,31.024465503116872,0,0,0.0,0,0,0,0.0,0.25,1,P4_CV0,3,2,0,1,1
5,2535011.582,720257.8531,Age0_F5_m5f5_P5_Y0_UO451,R5_F5_m-1f-1_P5_Y-1_U24,R5_F5_m-1f-1_P5_Y-1_U72,FXX,0,31.024465503116872,0,0,0.0,0,0,0,0.0,0.25,1,P4_CV0,3,1,1,1,1
5,2535011.582,720257.8531,Age0_F5_m5f5_P5_Y0_UO452,R5_F5_m-1f-1_P5_Y-1_U24,R5_F5_m-1f-1_P5_Y-1_U72,MXY,0,31.024465503116872,0,0,0.0,0,0,0,0.0,0.25,1,P4_CV0,3,2,0,1,1
5,2535011.582,720257.8531,Age0_F5_m5f5_P5_Y0_UO514,R5_F5_m-1f-1_P5_Y-1_U37,R5_F5_m-1f-1_P5_Y-1_U12,FXX,0,31.024465503116872,0,0,0.0,0,0,0,0.0,0.5,1,P4_CV0,3,2,0,0,2
5,2535011.582,720257.8531,Age0_F5_m5f5_P5_Y0_UO515,R5_F5_m-1f-1_P5_Y-1_U37,R5_F5_m-1f-1_P5_Y-1_U12,MXY,0,31.024465503116872,0,0,0.0,0,0,0,0.0,0.5,1,P4_CV0,3,0,2,1,1
5,2535011.582,720257.8531,Age0_F5_m5f5_P5_Y0_UO516,R5_F5_m-1f-1_P5_Y-1_U37,R5_F5_m-1f-1_P5_Y-1_U12,MXY,0,31.024465503116872,0,0,0.0,0,0,0,0.0,0.5,1,P4_CV0,3,1,1,1,1
5,2535011.582,720257.8531,Age0_F5_m5f5_P5_Y0_UO517,R5_F5_m-1f-1_P5_Y-1_U37,R5_F5_m-1f-1_P5_Y-1_U12,FXX,0,31.024465503116872,0,0,0.0,0,0,0,0.0,0.5,1,P4_CV0,3,1,1,1,1
5,2535011.582,720257.8531,Age0_F5_m5f5_P5_Y0_UO518,R5_F5_m-1f-1_P5_Y-1_U37,R5_F5_m-1f-1_P5_Y-1_U12,MXY,0,31.024465503116872,0,0,0.0,0,0,0,0.0,0.5,1,P4_CV0,3,0,2,1,1
5,2535011.582,720257.8531,Age0_F5_m5f5_P5_Y0_UO519,R5_F5_m-1f-1_P5_Y-1_U37,R5_F5_m-1f-1_P5_Y-1_U12,FXX,0,31.024465503116872,0,0,0.0,0,0,0,0.0,0.5,1,P4_CV0,3,1,1,1,1
5,2535011.582,720257.8531,Age0_F5_m5f5_P5_Y0_UO545,R5_F5_m-1f-1_P5_Y-1_U114,R5_F5_m-1f-1_P5_Y-1_U23,FXX,0,31.024465503116872,0,0,0.0,0,0,0,0.0,0.5,1,P4_CV0,3,1,1,1,1
5,2535011.582,720257.8531,Age0_F5_m5f5_P5_Y0_UO546,R5_F5_m-1f-1_P5_Y-1_U114,R5_F5_m-1f-1_P5_Y-1_U23,FXX,0,31.024465503116872,0,0,0.0,0,0,0,0.0,0.5,1,P4_CV0,3,1,1,0,2
5,2535011.582,720257.8531,Age0_F5_m5f5_P5_Y0_UO547,R5_F5_m-1f-1_P5_Y-1_U114,R5_F5_m-1f-1_P5_Y-1_U23,MXY,0,31.024465503116872,0,0,0.0,0,0,0,0.0,0.5,1,P4_CV0,3,1,1,1,1
5,2535011.582,720257.8531,Age0_F5_m5f5_P5_Y0_UO548,R5_F5_m-1f-1_P5_Y-1_U114,R5_F5_m-1f-1_P5_Y-1_U23,MXY,0,31.024465503116872,0,0,0.0,0,0,0,0.0,0.5,1,P4_CV0,3,2,0,1,1
5,2535011.582,720257.8531,Age0_F5_m5f5_P5_Y0_UO549,R5_F5_m-1f-1_P5_Y-1_U114,R5_F5_m-1f-1_P5_Y-1_U23,MXY,0,31.024465503116872,0,0,0.0,0,0,0,0.0,0.5,1,P4_CV0,3,0,2,1,1
5,2535011.582,720257.8531,Age0_F5_m5f5_P5_Y0_UO550,R5_F5_m-1f-1_P5_Y-1_U114,R5_F5_m-1f-1_P5_Y-1_U23,FXX,0,31.024465503116872,0,0,0.0,0,0,0,0.0,0.5,1,P4_CV0,3,1,1,1,1
5,2535011.582,720257.8531,Age0_F5_m5f5_P5_Y0_UO559,R5_F5_m-1f-1_P5_Y-1_U24,R5_F5_m-1f-1_P5_Y-1_U80,MXY,0,31.024465503116872,0,0,0.0,0,0,0,0.0,0.5,1,P4_CV0,3,1,1,1,1
5,2535011.582,720257.8531,Age0_F5_m5f5_P5_Y0_UO560,R5_F5_m-1f-1_P5_Y-1_U24,R5_F5_m-1f-1_P5_Y-1_U80,FXX,0,31.024465503116872,0,0,0.0,0,0,0,0.0,0.5,1,P4_CV0,3,1,1,2,0
5,2535011.582,720257.8531,Age0_F5_m5f5_P5_Y0_UO561,R5_F5_m-1f-1_P5_Y-1_U24,R5_F5_m-1f-1_P5_Y-1_U80,FXX,0,31.024465503116872,0,0,0.0,0,0,0,0.0,0.5,1,P4_CV0,3,1,1,0,2
5,2535011.582,720257.8531,Age0_F5_m5f5_P5_Y0_UO562,R5_F5_m-1f-1_P5_Y-1_U24,R5_F5_m-1f-1_P5_Y-1_U80,FXX,0,31.024465503116872,0,0,0.0,0,0,0,0.0,0.5,1,P4_CV0,3,1,1,1,1
5,2535011.582,720257.8531,Age0_F5_m5f5_P5_Y0_UO563,R5_F5_m-1f-1_P5_Y-1_U24,R5_F5_m-1f-1_P5_Y-1_U80,MXY,0,31.024465503116872,0,0,0.0,0,0,0,0.0,0.5,1,P4_CV0,3,1,1,0,2
5,2535011.582,720257.8531,Age0_F5_m5f5_P5_Y0_UO594,R5_F5_m-1f-1_P5_Y-1_U99,R5_F5_m-1f-1_P5_Y-1_U60,MXY,0,31.024465503116872,0,0,0.0,0,0,0,0.0,0.25,1,P4_CV0,3,0,2,1,1
5,2535011.582,720257.8531,Age0_F5_m5f5_P5_Y0_UO595,R5_F5_m-1f-1_P5_Y-1_U99,R5_F5_m-1f-1_P5_Y-1_U60,MXY,0,31.024465503116872,0,0,0.0,0,0,0,0.0,0.25,1,P4_CV0,3,0,2,2,0
5,2535011.582,720257.8531,Age0_F5_m5f5_P5_Y0_UO596,R5_F5_m-1f-1_P5_Y-1_U99,R5_F5_m-1f-1_P5_Y-1_U60,FXX,0,31.024465503116872,0,0,0.0,0,0,0,0.0,0.25,1,P4_CV0,3,1,1,2,0
5,2535011.582,720257.8531,Age0_F5_m5f5_P5_Y0_UO597,R5_F5_m-1f-1_P5_Y-1_U99,R5_F5_m-1f-1_P5_Y-1_U60,FXX,0,31.024465503116872,0,0,0.0,0,0,0,0.0,0.25,1,P4_CV0,3,1,1,1,1
5,2535011.582,720257.8531,Age0_F5_m5f5_P5_Y0_UO598,R5_F5_m-1f-1_P5_Y-1_U99,R5_F5_m-1f-1_P5_Y-1_U60,MXY,0,31.024465503116872,0,0,0.0,0,0,0,0.0,0.25,1,P4_CV0,3,2,0,1,1
5,2535011.582,720257.8531,Age0_F5_m5f5_P5_Y0_UO599,R5_F5_m-1f-1_P5_Y-1_U99,R5_F5_m-1f-1_P5_Y-1_U60,MXY,0,31.024465503116872,0,0,0.0,0,0,0,0.0,0.25,1,P4_CV0,3,1,1,1,1
5,2535011.582,720257.8531,Age0_F5_m5f5_P5_Y0_UO673,R5_F5_m-1f-1_P5_Y-1_U24,R5_F5_m-1f-1_P5_Y-1_U11,MXY,0,31.024465503116872,0,0,0.0,0,0,0,0.0,0.25,1,P4_CV0,3,1,1,0,2
5,2535011.582,720257.8531,Age0_F5_m5f5_P5_Y0_UO674,R5_F5_m-1f-1_P5_Y-1_U24,R5_F5_m-1f-1_P5_Y-1_U11,MXY,0,31.024465503116872,0,0,0.0,0,0,0,0.0,0.25,1,P4_CV0,3,2,0,1,1
5,2535011.582,720257.8531,Age0_F5_m5f5_P5_Y0_UO696,R5_F5_m-1f-1_P5_Y-1_U114,R5_F5_m-1f-1_P5_Y-1_U135,MXY,0,31.024465503116872,0,0,0.0,0,0,0,0.0,0.5,1,P4_CV0,3,1,1,1,1
5,2535011.582,720257.8531,Age0_F5_m5f5_P5_Y0_UO697,R5_F5_m-1f-1_P5_Y-1_U114,R5_F5_m-1f-1_P5_Y-1_U135,FXX,0,31.024465503116872,0,0,0.0,0,0,0,0.0,0.5,1,P4_CV0,3,0,2,1,1
5,2535011.582,720257.8531,Age0_F5_m5f5_P5_Y0_UO698,R5_F5_m-1f-1_P5_Y-1_U114,R5_F5_m-1f-1_P5_Y-1_U135,FXX,0,31.024465503116872,0,0,0.0,0,0,0,0.0,0.5,1,P4_CV0,3,1,1,0,2
5,2535011.582,720257.8531,Age0_F5_m5f5_P5_Y0_UO699,R5_F5_m-1f-1_P5_Y-1_U114,R5_F5_m-1f-1_P5_Y-1_U135,FXX,0,31.024465503116872,0,0,0.0,0,0,0,0.0,0.5,1,P4_CV0,3,1,1,2,0
5,2535011.582,720257.8531,Age0_F5_m5f5_P5_Y0_UO700,R5_F5_m-1f-1_P5_Y-1_U133,R5_F5_m-1f-1_P5_Y-1_U98,MXY,0,31.024465503116872,0,0,0.0,0,0,0,0.0,0.75,1,P4_CV0,3,0,2,2,0
5,2535011.582,720257.8531,Age0_F5_m5f5_P5_Y0_UO701,R5_F5_m-1f-1_P5_Y-1_U133,R5_F5_m-1f-1_P5_Y-1_U98,FXX,0,31.024465503116872,0,0,0.0,0,0,0,0.0,0.75,1,P4_CV0,3,1,1,1,1
5,2535011.582,720257.8531,Age0_F5_m5f5_P5_Y0_UO702,R5_F5_m-1f-1_P5_Y-1_U133,R5_F5_m-1f-1_P5_Y-1_U98,FXX,0,31.024465503116872,0,0,0.0,0,0,0,0.0,0.75,1,P4_CV0,3,0,2,1,1
5,2535011.582,720257.8531,Age0_F5_m5f5_P5_Y0_UO703,R5_F5_m-1f-1_P5_Y-1_U133,R5_F5_m-1f-1_P5_Y-1_U98,FXX,0,31.024465503116872,0,0,0.0,0,0,0,0.0,0.75,1,P4_CV0,3,1,1,1,1
5,2535011.582,720257.8531,Age0_F5_m5f5_P5_Y0_UO704,R5_F5_m-1f-1_P5_Y-1_U133,R5_F5_m-1f-1_P5_Y-1_U98,MXY,0,31.024465503116872,0,0,0.0,0,0,0,0.0,0.75,1,P4_CV0,3,0,2,1,1
5,2535011.582,720257.8531,Age0_F5_m5f5_P5_Y0_UO742,R5_F5_m-1f-1_P5_Y-1_U113,R5_F5_m-1f-1_P5_Y-1_U11,MXY,0,31.024465503116872,0,0,0.0,0,0,0,0.0,0.0,1,P4_CV0,3,2,0,1,1
5,2535011.582,720257.8531,Age0_F5_m5f5_P5_Y0_UO743,R5_F5_m-1f-1_P5_Y-1_U113,R5_F5_m-1f-1_P5_Y-1_U11,FXX,0,31.024465503116872,0,0,0.0,0,0,0,0.0,0.0,1,P4_CV0,3,2,0,1,1
5,2535011.582,720257.8531,Age0_F5_m5f5_P5_Y0_UO744,R5_F5_m-1f-1_P5_Y-1_U113,R5_F5_m-1f-1_P5_Y-1_U11,MXY,0,31.024465503116872,0,0,0.0,0,0,0,0.0,0.0,1,P4_CV0,3,1,1,0,2
5,2535011.582,720257.8531,Age0_F5_m5f5_P5_Y0_UO745,R5_F5_m-1f-1_P5_Y-1_U113,R5_F5_m-1f-1_P5_Y-1_U11,MXY,0,31.024465503116872,0,0,0.0,0,0,0,0.0,0.0,1,P4_CV0,3,1,1,1,1
5,2535011.582,720257.8531,Age0_F5_m5f5_P5_Y0_UO746,R5_F5_m-1f-1_P5_Y-1_U113,R5_F5_m-1f-1_P5_Y-1_U11,FXX,0,31.024465503116872,0,0,0.0,0,0,0,0.0,0.0,1,P4_CV0,3,0,2,0,2
5,2535011.582,720257.8531,Age0_F5_m5f5_P5_Y0_UO747,R5_F5_m-1f-1_P5_Y-1_U113,R5_F5_m-1f-1_P5_Y-1_U11,FXX,0,31.024465503116872,0,0,0.0,0,0,0,0.0,0.0,1,P4_CV0,3,1,1,1,1
5,2535011.582,720257.8531,Age0_F5_m5f5_P5_Y0_UO906,R5_F5_m-1f-1_P5_Y-1_U24,R5_F5_m-1f-1_P5_Y-1_U147,FXX,0,31.024465503116872,0,0,0.0,0,0,0,0.0,0.25,1,P4_CV0,3,1,1,1,1
5,2535011.582,720257.8531,Age0_F5_m5f5_P5_Y0_UO907,R5_F5_m-1f-1_P5_Y-1_U24,R5_F5_m-1f-1_P5_Y-1_U147,FXX,0,31.024465503116872,0,0,0.0,0,0,0,0.0,0.25,1,P4_CV0,3,2,0,1,1
5,2535011.582,720257.8531,Age0_F5_m5f5_P5_Y0_UO908,R5_F5_m-1f-1_P5_Y-1_U24,R5_F5_m-1f-1_P5_Y-1_U147,FXX,0,31.024465503116872,0,0,0.0,0,0,0,0.0,0.25,1,P4_CV0,3,1,1,0,2
5,2535011.582,720257.8531,Age0_F5_m5f5_P5_Y0_UO909,R5_F5_m-1f-1_P5_Y-1_U24,R5_F5_m-1f-1_P5_Y-1_U147,MXY,0,31.024465503116872,0,0,0.0,0,0,0,0.0,0.25,1,P4_CV0,3,1,1,1,1
5,2535011.582,720257.8531,Age0_F5_m5f5_P5_Y0_UO910,R5_F5_m-1f-1_P5_Y-1_U24,R5_F5_m-1f-1_P5_Y-1_U147,FXX,0,31.024465503116872,0,0,0.0,0,0,0,0.0,0.25,1,P4_CV0,3,1,1,1,1
5,2535011.582,720257.8531,Age0_F5_m5f5_P5_Y0_UO911,R5_F5_m-1f-1_P5_Y-1_U24,R5_F5_m-1f-1_P5_Y-1_U147,MXY,0,31.024465503116872,0,0,0.0,0,0,0,0.0,0.25,1,P4_CV0,3,1,1,1,1
5,2535011.582,720257.8531,Age0_F5_m5f5_P5_Y0_UO912,R5_F5_m-1f-1_P5_Y-1_U24,R5_F5_m-1f-1_P5_Y-1_U147,FXX,0,31.024465503116872,0,0,0.0,0,0,0,0.0,0.25,1,P4_CV0,3,0,2,1,1
5,2535011.582,720257.8531,Age0_F5_m5f5_P5_Y0_UO948,R5_F5_m-1f-1_P5_Y-1_U39,R5_F5_m-1f-1_P5_Y-1_U76,MXY,0,31.024465503116872,0,0,0.0,0,0,0,0.0,0.0,1,P4_CV0,3,1,1,2,0
5,2535011.582,720257.8531,Age0_F5_m5f5_P5_Y0_UO949,R5_F5_m-1f-1_P5_Y-1_U39,R5_F5_m-1f-1_P5_Y-1_U76,FXX,0,31.024465503116872,0,0,0.0,0,0,0,0.0,0.0,1,P4_CV0,3,1,1,1,1
5,2535011.582,720257.8531,Age0_F5_m5f5_P5_Y0_UO950,R5_F5_m-1f-1_P5_Y-1_U39,R5_F5_m-1f-1_P5_Y-1_U76,FXX,0,31.024465503116872,0,0,0.0,0,0,0,0.0,0.0,1,P4_CV0,3,2,0,0,2
5,2535011.582,720257.8531,Age0_F5_m5f5_P5_Y0_UO951,R5_F5_m-1f-1_P5_Y-1_U39,R5_F5_m-1f-1_P5_Y-1_U76,FXX,0,31.024465503116872,0,0,0.0,0,0,0,0.0,0.0,1,P4_CV0,3,1,1,0,2
5,2535011.582,720257.8531,Age0_F5_m5f5_P5_Y0_UO952,R5_F5_m-1f-1_P5_Y-1_U39,R5_F5_m-1f-1_P5_Y-1_U76,FXX,0,31.024465503116872,0,0,0.0,0,0,0,0.0,0.0,1,P4_CV0,3,1,1,1,1
5,2535011.582,720257.8531,Age0_F5_m5f5_P5_Y0_UO953,R5_F5_m-1f-1_P5_Y-1_U39,R5_F5_m-1f-1_P5_Y-1_U76,MXY,0,31.024465503116872,0,0,0.0,0,0,0,0.0,0.0,1,P4_CV0,3,2,0,1,1
5,2535011.582,720257.8531,Age0_F5_m5f5_P5_Y0_UO954,R5_F5_m-1f-1_P5_Y-1_U39,R5_F5_m-1f-1_P5_Y-1_U76,FXX,0,31.024465503116872,0,0,0.0,0,0,0,0.0,0.0,1,P4_CV0,3,1,1,1,1
5,2535011.582,720257.8531,Age0_F5_m5f5_P5_Y0_UO992,R5_F5_m-1f-1_P5_Y-1_U99,R5_F5_m-1f-1_P5_Y-1_U72,MXY,0,31.024465503116872,0,0,0.0,0,0,0,0.0,0.0,1,P4_CV0,3,0,2,1,1
5,2535011.582,720257.8531,Age0_F5_m5f5_P5_Y0_UO993,R5_F5_m-1f-1_P5_Y-1_U99,R5_F5_m-1f-1_P5_Y-1_U72,MXY,0,31.024465503116872,0,0,0.0,0,0,0,0.0,0.0,1,P4_CV0,3,1,1,1,1
5,2535011.582,720257.8531,Age0_F5_m5f5_P5_Y0_UO994,R5_F5_m-1f-1_P5_Y-1_U99,R5_F5_m-1f-1_P5_Y-1_U72,MXY,0,31.024465503116872,0,0,0.0,0,0,0,0.0,0.0,1,P4_CV0,3,1,1,2,0
5,2535011.582,720257.8531,Age0_F5_m5f5_P5_Y0_UO995,R5_F5_m-1f-1_P5_Y-1_U99,R5_F5_m-1f-1_P5_Y-1_U72,FXX,0,31.024465503116872,0,0,0.0,0,0,0,0.0,0.0,1,P4_CV0,3,1,1,2,0
5,2535011.582,720257.8531,Age0_F5_m5f5_P5_Y0_UO1043,R5_F5_m-1f-1_P5_Y-1_U114,R5_F5_m-1f-1_P5_Y-1_U60,FXX,0,31.024465503116872,0,0,0.0,0,0,0,0.0,0.25,1,P4_CV0,3,0,2,0,2
5,2535011.582,720257.8531,Age0_F5_m5f5_P5_Y0_UO1044,R5_F5_m-1f-1_P5_Y-1_U114,R5_F5_m-1f-1_P5_Y-1_U60,FXX,0,31.024465503116872,0,0,0.0,0,0,0,0.0,0.25,1,P4_CV0,3,2,0,1,1
5,2535011.582,720257.8531,Age0_F5_m5f5_P5_Y0_UO1045,R5_F5_m-1f-1_P5_Y-1_U114,R5_F5_m-1f-1_P5_Y-1_U60,FXX,0,31.024465503116872,0,0,0.0,0,0,0,0.0,0.25,1,P4_CV0,3,2,0,2,0
5,2535011.582,720257.8531,Age0_F5_m5f5_P5_Y0_UO1046,R5_F5_m-1f-1_P5_Y-1_U114,R5_F5_m-1f-1_P5_Y-1_U60,FXX,0,31.024465503116872,0,0,0.0,0,0,0,0.0,0.25,1,P4_CV0,3,1,1,1,1
5,2535011.582,720257.8531,Age0_F5_m5f5_P5_Y0_UO1047,R5_F5_m-1f-1_P5_Y-1_U114,R5_F5_m-1f-1_P5_Y-1_U60,FXX,0,31.024465503116872,0,0,0.0,0,0,0,0.0,0.25,1,P4_CV0,3,1,1,0,2
5,2535011.582,720257.8531,Age0_F5_m5f5_P5_Y0_UO1048,R5_F5_m-1f-1_P5_Y-1_U99,R5_F5_m-1f-1_P5_Y-1_U72,FXX,0,31.024465503116872,0,0,0.0,0,0,0,0.0,0.0,1,P4_CV0,3,2,0,0,2
5,2535011.582,720257.8531,Age0_F5_m5f5_P5_Y0_UO1049,R5_F5_m-1f-1_P5_Y-1_U99,R5_F5_m-1f-1_P5_Y-1_U72,FXX,0,31.024465503116872,0,0,0.0,0,0,0,0.0,0.0,1,P4_CV0,3,2,0,1,1
5,2535011.582,720257.8531,Age0_F5_m5f5_P5_Y0_UO1050,R5_F5_m-1f-1_P5_Y-1_U99,R5_F5_m-1f-1_P5_Y-1_U72,FXX,0,31.024465503116872,0,0,0.0,0,0,0,0.0,0.0,1,P4_CV0,3,0,2,0,2
5,2535011.582,720257.8531,Age0_F5_m5f5_P5_Y0_UO1051,R5_F5_m-1f-1_P5_Y-1_U99,R5_F5_m-1f-1_P5_Y-1_U72,MXY,0,31.024465503116872,0,0,0.0,0,0,0,0.0,0.0,1,P4_CV0,3,1,1,2,0
5,2535011.582,720257.8531,Age0_F5_m5f5_P5_Y0_UO1052,R5_F5_m-1f-1_P5_Y-1_U99,R5_F5_m-1f-1_P5_Y-1_U72,FXX,0,31.024465503116872,0,0,0.0,0,0,0,0.0,0.0,1,P4_CV0,3,0,2,0,2
5,2535011.582,720257.8531,Age0_F5_m5f5_P5_Y0_UO1053,R5_F5_m-1f-1_P5_Y-1_U99,R5_F5_m-1f-1_P5_Y-1_U72,FXX,0,31.024465503116872,0,0,0.0,0,0,0,0.0,0.0,1,P4_CV0,3,1,1,1,1
5,2535011.582,720257.8531,Age0_F5_m5f5_P5_Y0_UO1068,R5_F5_m-1f-1_P5_Y-1_U139,R5_F5_m-1f-1_P5_Y-1_U102,FXX,0,31.024465503116872,0,0,0.0,0,0,0,0.0,0.75,1,P4_CV0,3,0,2,1,1
5,2535011.582,720257.8531,Age0_F5_m5f5_P5_Y0_UO1069,R5_F5_m-1f-1_P5_Y-1_U139,R5_F5_m-1f-1_P5_Y-1_U102,FXX,0,31.024465503116872,0,0,0.0,0,0,0,0.0,0.75,1,P4_CV0,3,0,2,2,0
5,2535011.582,720257.8531,Age0_F5_m5f5_P5_Y0_UO1070,R5_F5_m-1f-1_P5_Y-1_U139,R5_F5_m-1f-1_P5_Y-1_U102,FXX,0,31.024465503116872,0,0,0.0,0,0,0,0.0,0.75,1,P4_CV0,3,1,1,2,0
5,2535011.582,720257.8531,Age0_F5_m5f5_P5_Y0_UO1071,R5_F5_m-1f-1_P5_Y-1_U139,R5_F5_m-1f-1_P5_Y-1_U102,MXY,0,31.024465503116872,0,0,0.0,0,0,0,0.0,0.75,1,P4_CV0,3,1,1,2,0
5,2535011.582,720257.8531,Age0_F5_m5f5_P5_Y0_UO1107,R5_F5_m-1f-1_P5_Y-1_U113,R5_F5_m-1f-1_P5_Y-1_U18,FXX,0,31.024465503116872,0,0,0.0,0,0,0,0.0,0.25,1,P4_CV0,3,1,1,2,0
5,2535011.582,720257.8531,Age0_F5_m5f5_P5_Y0_UO1108,R5_F5_m-1f-1_P5_Y-1_U113,R5_F5_m-1f-1_P5_Y-1_U18,FXX,0,31.024465503116872,0,0,0.0,0,0,0,0.0,0.25,1,P4_CV0,3,1,1,1,1
5,2535011.582,720257.8531,Age0_F5_m5f5_P5_Y0_UO1109,R5_F5_m-1f-1_P5_Y-1_U113,R5_F5_m-1f-1_P5_Y-1_U18,MXY,0,31.024465503116872,0,0,0.0,0,0,0,0.0,0.25,1,P4_CV0,3,0,2,0,2
5,2535011.582,720257.8531,Age0_F5_m5f5_P5_Y0_UO1110,R5_F5_m-1f-1_P5_Y-1_U113,R5_F5_m-1f-1_P5_Y-1_U18,MXY,0,31.024465503116872,0,0,0.0,0,0,0,0.0,0.25,1,P4_CV0,3,1,1,2,0
5,2535011.582,720257.8531,Age0_F5_m5f5_P5_Y0_UO1111,R5_F5_m-1f-1_P5_Y-1_U113,R5_F5_m-1f-1_P5_Y-1_U18,FXX,0,31.024465503116872,0,0,0.0,0,0,0,0.0,0.25,1,P4_CV0,3,2,0,2,0
5,2535011.582,720257.8531,Age0_F5_m5f5_P5_Y0_UO1112,R5_F5_m-1f-1_P5_Y-1_U113,R5_F5_m-1f-1_P5_Y-1_U18,MXY,0,31.024465503116872,0,0,0.0,0,0,0,0.0,0.25,1,P4_CV0,3,2,0,1,1
5,2535011.582,720257.8531,Age0_F5_m5f5_P5_Y0_UO1113,R5_F5_m-1f-1_P5_Y-1_U113,R5_F5_m-1f-1_P5_Y-1_U18,FXX,0,31.024465503116872,0,0,0.0,0,0,0,0.0,0.25,1,P4_CV0,3,0,2,1,1
5,2535011.582,720257.8531,Age0_F5_m5f5_P5_Y0_UO1114,R5_F5_m-1f-1_P5_Y-1_U113,R5_F5_m-1f-1_P5_Y-1_U18,FXX,0,31.024465503116872,0,0,0.0,0,0,0,0.0,0.25,1,P4_CV0,3,0,2,1,1
5,2535011.582,720257.8531,Age0_F5_m5f5_P5_Y0_UO1115,R5_F5_m-1f-1_P5_Y-1_U113,R5_F5_m-1f-1_P5_Y-1_U18,FXX,0,31.024465503116872,0,0,0.0,0,0,0,0.0,0.25,1,P4_CV0,3,1,1,0,2
5,2535011.582,720257.8531,Age0_F5_m5f5_P5_Y0_UO1116,R5_F5_m-1f-1_P5_Y-1_U113,R5_F5_m-1f-1_P5_Y-1_U18,MXY,0,31.024465503116872,0,0,0.0,0,0,0,0.0,0.25,1,P4_CV0,3,0,2,2,0
5,2535011.582,720257.8531,Age0_F5_m5f5_P5_Y0_UO1117,R5_F5_m-1f-1_P5_Y-1_U113,R5_F5_m-1f-1_P5_Y-1_U18,MXY,0,31.024465503116872,0,0,0.0,0,0,0,0.0,0.25,1,P4_CV0,3,1,1,2,0
5,2535011.582,720257.8531,Age0_F5_m5f5_P5_Y0_UO1118,R5_F5_m-1f-1_P5_Y-1_U113,R5_F5_m-1f-1_P5_Y-1_U18,MXY,0,31.024465503116872,0,0,0.0,0,0,0,0.0,0.25,1,P4_CV0,3,1,1,1,1
5,2535011.582,720257.8531,Age0_F5_m5f5_P5_Y0_UO1119,R5_F5_m-1f-1_P5_Y-1_U113,R5_F5_m-1f-1_P5_Y-1_U18,MXY,0,31.024465503116872,0,0,0.0,0,0,0,0.0,0.25,1,P4_CV0,3,1,1,2,0
5,2535011.582,720257.8531,R5_F5_m-1f-1_P5_Y-1_U0,-9999,-9999,MXY,1,52.546009685399,1,1,0.0,0,0,0,-9999.0,0.0,1,P4_CV0,3,0,2,1,1
5,2535011.582,720257.8531,R5_F5_m-1f-1_P5_Y-1_U1,-9999,-9999,FXX,1,52.546009685399,1,1,4.124,0,0,0,-9999.0,1.0,1,P4_CV0,3,2,0,2,0
5,2535011.582,720257.8531,R5_F5_m-1f-1_P5_Y-1_U2,-9999,-9999,FXX,1,52.546009685399,1,1,1.0,0,0,0,-9999.0,1.0,1,P4_CV0,3,2,0,2,0
5,2535011.582,720257.8531,R5_F5_m-1f-1_P5_Y-1_U3,-9999,-9999,MXY,1,52.546009685399,1,1,0.0,0,0,0,-9999.0,0.0,1,P4_CV0,3,0,2,1,1
5,2535011.582,720257.8531,R5_F5_m-1f-1_P5_Y-1_U5,-9999,-9999,FXX,1,52.546009685399,1,1,1.0,0,0,0,-9999.0,1.0,1,P4_CV0,3,2,0,1,1
5,2535011.582,720257.8531,R5_F5_m-1f-1_P5_Y-1_U6,-9999,-9999,MXY,1,52.546009685399,1,1,0.0,0,0,0,-9999.0,0.5,1,P4_CV0,3,1,1,0,2
5,2535011.582,720257.8531,R5_F5_m-1f-1_P5_Y-1_U7,-9999,-9999,MXY,1,52.546009685399,1,1,0.0,0,0,0,-9999.0,0.0,1,P4_CV0,3,0,2,0,2
5,2535011.582,720257.8531,R5_F5_m-1f-1_P5_Y-1_U9,-9999,-9999,MXY,1,52.546009685399,1,1,0.0,0,0,0,-9999.0,0.0,1,P4_CV0,3,0,2,1,1
5,2535011.582,720257.8531,R5_F5_m-1f-1_P5_Y-1_U13,-9999,-9999,MXY,1,52.546009685399,1,1,0.0,0,0,0,-9999.0,1.0,1,P4_CV0,3,2,0,1,1
5,2535011.582,720257.8531,R5_F5_m-1f-1_P5_Y-1_U14,-9999,-9999,MXY,1,52.546009685399,1,1,0.0,0,0,0,-9999.0,1.0,1,P4_CV0,3,2,0,0,2
5,2535011.582,720257.8531,R5_F5_m-1f-1_P5_Y-1_U16,-9999,-9999,FXX,1,52.546009685399,1,1,1.726,0,0,0,-9999.0,1.0,1,P4_CV0,3,2,0,1,1
5,2535011.582,720257.8531,R5_F5_m-1f-1_P5_Y-1_U19,-9999,-9999,MXY,1,52.546009685399,1,1,0.0,0,0,0,-9999.0,0.5,1,P4_CV0,3,1,1,1,1
5,2535011.582,720257.8531,R5_F5_m-1f-1_P5_Y-1_U20,-9999,-9999,FXX,1,52.546009685399,1,1,1.0,0,0,0,-9999.0,0.5,1,P4_CV0,3,1,1,2,0
5,2535011.582,720257.8531,R5_F5_m-1f-1_P5_Y-1_U22,-9999,-9999,MXY,1,52.546009685399,1,1,0.0,0,0,0,-9999.0,0.5,1,P4_CV0,3,1,1,0,2
5,2535011.582,720257.8531,R5_F5_m-1f-1_P5_Y-1_U26,-9999,-9999,MXY,1,52.546009685399,1,1,0.0,0,0,0,-9999.0,0.5,1,P4_CV0,3,1,1,1,1
5,2535011.582,720257.8531,R5_F5_m-1f-1_P5_Y-1_U27,-9999,-9999,MXY,1,52.546009685399,1,1,0.0,0,0,0,-9999.0,0.0,1,P4_CV0,3,0,2,1,1
5,2535011.582,720257.8531,R5_F5_m-1f-1_P5_Y-1_U28,-9999,-9999,MXY,1,52.546009685399,1,1,0.0,0,0,0,-9999.0,0.5,1,P4_CV0,3,1,1,2,0
5,2535011.582,720257.8531,R5_F5_m-1f-1_P5_Y-1_U29,-9999,-9999,MXY,1,52.546009685399,1,1,0.0,0,0,0,-9999.0,0.0,1,P4_CV0,3,0,2,0,2
5,2535011.582,720257.8531,R5_F5_m-1f-1_P5_Y-1_U31,-9999,-9999,MXY,1,52.546009685399,1,1,0.0,0,0,0,-9999.0,0.5,1,P4_CV0,3,1,1,1,1
5,2535011.582,720257.8531,R5_F5_m-1f-1_P5_Y-1_U33,-9999,-9999,MXY,1,52.546009685399,1,1,0.0,0,0,0,-9999.0,0.5,1,P4_CV0,3,1,1,1,1
5,2535011.582,720257.8531,R5_F5_m-1f-1_P5_Y-1_U35,-9999,-9999,FXX,1,52.546009685399,1,1,1.466,0,0,0,-9999.0,0.0,1,P4_CV0,3,0,2,1,1
5,2535011.582,720257.8531,R5_F5_m-1f-1_P5_Y-1_U36,-9999,-9999,MXY,1,52.546009685399,1,1,0.0,0,0,0,-9999.0,0.5,1,P4_CV0,3,1,1,1,1
5,2535011.582,720257.8531,R5_F5_m-1f-1_P5_Y-1_U38,-9999,-9999,FXX,1,52.546009685399,1,1,0.0,0,0,0,-9999.0,0.5,1,P4_CV0,3,1,1,2,0
5,2535011.582,720257.8531,R5_F5_m-1f-1_P5_Y-1_U41,-9999,-9999,FXX,1,52.546009685399,1,1,1.658,0,0,0,-9999.0,0.5,1,P4_CV0,3,1,1,1,1
5,2535011.582,720257.8531,R5_F5_m-1f-1_P5_Y-1_U42,-9999,-9999,MXY,1,52.546009685399,1,1,0.0,0,0,0,-9999.0,1.0,1,P4_CV0,3,2,0,1,1
5,2535011.582,720257.8531,R5_F5_m-1f-1_P5_Y-1_U43,-9999,-9999,FXX,1,52.546009685399,1,1,1.232,0,0,0,-9999.0,0.5,1,P4_CV0,3,1,1,0,2
5,2535011.582,720257.8531,R5_F5_m-1f-1_P5_Y-1_U47,-9999,-9999,FXX,1,52.546009685399,1,1,4.12,0,0,0,-9999.0,0.0,1,P4_CV0,3,0,2,1,1
5,2535011.582,720257.8531,R5_F5_m-1f-1_P5_Y-1_U48,-9999,-9999,FXX,1,52.546009685399,1,1,0.0,0,0,0,-9999.0,0.5,1,P4_CV0,3,1,1,1,1
5,2535011.582,720257.8531,R5_F5_m-1f-1_P5_Y-1_U49,-9999,-9999,MXY,1,52.546009685399,1,1,0.0,0,0,0,-9999.0,1.0,1,P4_CV0,3,2,0,2,0
5,2535011.582,720257.8531,R5_F5_m-1f-1_P5_Y-1_U50,-9999,-9999,FXX,1,52.546009685399,1,1,0.0,0,0,0,-9999.0,0.0,1,P4_CV0,3,0,2,2,0
5,2535011.582,720257.8531,R5_F5_m-1f-1_P5_Y-1_U51,-9999,-9999,MXY,1,52.546009685399,1,1,0.0,0,0,0,-9999.0,0.5,1,P4_CV0,3,1,1,2,0
5,2535011.582,720257.8531,R5_F5_m-1f-1_P5_Y-1_U52,-9999,-9999,MXY,1,52.546009685399,1,1,0.0,0,0,0,-9999.0,0.5,1,P4_CV0,3,1,1,1,1
5,2535011.582,720257.8531,R5_F5_m-1f-1_P5_Y-1_U53,-9999,-9999,FXX,1,52.546009685399,1,1,1.464,0,0,0,-9999.0,0.0,1,P4_CV0,3,0,2,1,1
5,2535011.582,720257.8531,R5_F5_m-1f-1_P5_Y-1_U55,-9999,-9999,FXX,1,52.546009685399,1,1,0.0,0,0,0,-9999.0,0.0,1,P4_CV0,3,0,2,1,1
5,2535011.582,720257.8531,R5_F5_m-1f-1_P5_Y-1_U56,-9999,-9999,MXY,1,52.546009685399,1,1,0.0,0,0,0,-9999.0,0.5,1,P4_CV0,3,1,1,1,1
5,2535011.582,720257.8531,R5_F5_m-1f-1_P5_Y-1_U57,-9999,-9999,FXX,1,52.546009685399,1,1,1.365,0,0,0,-9999.0,0.0,1,P4_CV0,3,0,2,1,1
5,2535011.582,720257.8531,R5_F5_m-1f-1_P5_Y-1_U58,-9999,-9999,FXX,1,52.546009685399,1,1,1.329,0,0,0,-9999.0,0.5,1,P4_CV0,3,1,1,1,1
5,2535011.582,720257.8531,R5_F5_m-1f-1_P5_Y-1_U59,-9999,-9999,FXX,1,52.546009685399,1,1,1.793,0,0,0,-9999.0,1.0,1,P4_CV0,3,2,0,1,1
5,2535011.582,720257.8531,R5_F5_m-1f-1_P5_Y-1_U61,-9999,-9999,FXX,1,52.546009685399,1,1,0.0,0,0,0,-9999.0,1.0,1,P4_CV0,3,2,0,0,2
5,2535011.582,720257.8531,R5_F5_m-1f-1_P5_Y-1_U68,-9999,-9999,FXX,1,52.546009685399,1,1,0.0,0,0,0,-9999.0,0.5,1,P4_CV0,3,1,1,2,0
5,2535011.582,720257.8531,R5_F5_m-1f-1_P5_Y-1_U73,-9999,-9999,FXX,1,52.546009685399,1,1,1.0,0,0,0,-9999.0,0.5,1,P4_CV0,3,1,1,1,1
5,2535011.582,720257.8531,R5_F5_m-1f-1_P5_Y-1_U75,-9999,-9999,FXX,1,52.546009685399,1,1,0.0,0,0,0,-9999.0,0.5,1,P4_CV0,3,1,1,0,2
5,2535011.582,720257.8531,R5_F5_m-1f-1_P5_Y-1_U77,-9999,-9999,FXX,1,52.546009685399,1,1,0.0,0,0,0,-9999.0,1.0,1,P4_CV0,3,2,0,2,0
5,2535011.582,720257.8531,R5_F5_m-1f-1_P5_Y-1_U79,-9999,-9999,FXX,1,52.546009685399,1,1,2.204,0,0,0,-9999.0,0.5,1,P4_CV0,3,1,1,2,0
5,2535011.582,720257.8531,R5_F5_m-1f-1_P5_Y-1_U81,-9999,-9999,FXX,1,52.546009685399,1,1,0.0,0,0,0,-9999.0,0.5,1,P4_CV0,3,1,1,1,1
5,2535011.582,720257.8531,R5_F5_m-1f-1_P5_Y-1_U83,-9999,-9999,MXY,1,52.546009685399,1,1,0.0,0,0,0,-9999.0,0.5,1,P4_CV0,3,1,1,1,1
5,2535011.582,720257.8531,R5_F5_m-1f-1_P5_Y-1_U84,-9999,-9999,FXX,1,52.546009685399,1,1,0.0,0,0,0,-9999.0,0.5,1,P4_CV0,3,1,1,1,1
5,2535011.582,720257.8531,R5_F5_m-1f-1_P5_Y-1_U86,-9999,-9999,FXX,1,52.546009685399,1,1,0.0,0,0,0,-9999.0,0.5,1,P4_CV0,3,1,1,2,0
5,2535011.582,720257.8531,R5_F5_m-1f-1_P5_Y-1_U88,-9999,-9999,MXY,1,52.546009685399,1,1,0.0,0,0,0,-9999.0,0.5,1,P4_CV0,3,1,1,1,1
5,2535011.582,720257.8531,R5_F5_m-1f-1_P5_Y-1_U89,-9999,-9999,MXY,1,52.546009685399,1,1,0.0,0,0,0,-9999.0,0.5,1,P4_CV0,3,1,1,1,1
5,2535011.582,720257.8531,R5_F5_m-1f-1_P5_Y-1_U91,-9999,-9999,MXY,1,52.546009685399,1,1,0.0,0,0,0,-9999.0,1.0,1,P4_CV0,3,2,0,0,2
5,2535011.582,720257.8531,R5_F5_m-1f-1_P5_Y-1_U92,-9999,-9999,MXY,1,52.546009685399,1,1,0.0,0,0,0,-9999.0,1.0,1,P4_CV0,3,2,0,2,0
5,2535011.582,720257.8531,R5_F5_m-1f-1_P5_Y-1_U93,-9999,-9999,FXX,1,52.546009685399,1,1,1.748,0,0,0,-9999.0,0.5,1,P4_CV0,3,1,1,0,2
5,2535011.582,720257.8531,R5_F5_m-1f-1_P5_Y-1_U94,-9999,-9999,MXY,1,52.546009685399,1,1,0.0,0,0,0,-9999.0,0.0,1,P4_CV0,3,0,2,1,1
5,2535011.582,720257.8531,R5_F5_m-1f-1_P5_Y-1_U106,-9999,-9999,FXX,1,52.546009685399,1,1,0.0,0,0,0,-9999.0,0.0,1,P4_CV0,3,0,2,1,1
5,2535011.582,720257.8531,R5_F5_m-1f-1_P5_Y-1_U109,-9999,-9999,MXY,1,52.546009685399,1,1,0.0,0,0,0,-9999.0,0.5,1,P4_CV0,3,1,1,0,2
5,2535011.582,720257.8531,R5_F5_m-1f-1_P5_Y-1_U110,-9999,-9999,MXY,1,52.546009685399,1,1,0.0,0,0,0,-9999.0,1.0,1,P4_CV0,3,2,0,2,0
5,2535011.582,720257.8531,R5_F5_m-1f-1_P5_Y-1_U112,-9999,-9999,MXY,1,52.546009685399,1,1,0.0,0,0,0,-9999.0,0.0,1,P4_CV0,3,0,2,1,1
5,2535011.582,720257.8531,R5_F5_m-1f-1_P5_Y-1_U115,-9999,-9999,FXX,1,52.546009685399,1,1,2.08,0,0,0,-9999.0,0.0,1,P4_CV0,3,0,2,0,2
5,2535011.582,720257.8531,R5_F5_m-1f-1_P5_Y-1_U116,-9999,-9999,FXX,1,52.546009685399,1,1,1.0,0,0,0,-9999.0,0.0,1,P4_CV0,3,0,2,2,0
5,2535011.582,720257.8531,R5_F5_m-1f-1_P5_Y-1_U117,-9999,-9999,MXY,1,52.546009685399,1,1,0.0,0,0,0,-9999.0,0.5,1,P4_CV0,3,1,1,1,1
5,2535011.582,720257.8531,R5_F5_m-1f-1_P5_Y-1_U118,-9999,-9999,MXY,1,52.546009685399,1,1,0.0,0,0,0,-9999.0,0.0,1,P4_CV0,3,0,2,1,1
5,2535011.582,720257.8531,R5_F5_m-1f-1_P5_Y-1_U121,-9999,-9999,MXY,1,52.546009685399,1,1,0.0,0,0,0,-9999.0,0.0,1,P4_CV0,3,0,2,1,1
5,2535011.582,720257.8531,R5_F5_m-1f-1_P5_Y-1_U122,-9999,-9999,MXY,1,52.546009685399,1,1,0.0,0,0,0,-9999.0,0.5,1,P4_CV0,3,1,1,1,1
5,2535011.582,720257.8531,R5_F5_m-1f-1_P5_Y-1_U123,-9999,-9999,FXX,1,52.546009685399,1,1,1.755,0,0,0,-9999.0,0.5,1,P4_CV0,3,1,1,1,1
5,2535011.582,720257.8531,R5_F5_m-1f-1_P5_Y-1_U128,-9999,-9999,FXX,1,52.546009685399,1,1,1.176,0,0,0,-9999.0,0.5,1,P4_CV0,3,1,1,2,0
5,2535011.582,720257.8531,R5_F5_m-1f-1_P5_Y-1_U132,-9999,-9999,FXX,1,52.546009685399,1,1,0.0,0,0,0,-9999.0,1.0,1,P4_CV0,3,2,0,2,0
5,2535011.582,720257.8531,R5_F5_m-1f-1_P5_Y-1_U134,-9999,-9999,MXY,1,52.546009685399,1,1,0.0,0,0,0,-9999.0,0.5,1,P4_CV0,3,1,1,1,1
5,2535011.582,720257.8531,R5_F5_m-1f-1_P5_Y-1_U136,-9999,-9999,FXX,1,52.546009685399,1,1,1.791,0,0,0,-9999.0,0.5,1,P4_CV0,3,1,1,2,0
5,2535011.582,720257.8531,R5_F5_m-1f-1_P5_Y-1_U141,-9999,-9999,MXY,1,52.546009685399,1,1,0.0,0,0,0,-9999.0,0.5,1,P4_CV0,3,1,1,1,1
5,2535011.582,720257.8531,R5_F5_m-1f-1_P5_Y-1_U142,-9999,-9999,FXX,1,52.546009685399,1,1,2.276,0,0,0,-9999.0,0.0,1,P4_CV0,3,0,2,0,2
5,2535011.582,720257.8531,R5_F5_m-1f-1_P5_Y-1_U143,-9999,-9999,FXX,1,52.546009685399,1,1,1.0,0,0,0,-9999.0,0.0,1,P4_CV0,3,0,2,1,1
5,2535011.582,720257.8531,R5_F5_m-1f-1_P5_Y-1_U145,-9999,-9999,FXX,1,52.546009685399,1,1,1.0,0,0,0,-9999.0,0.5,1,P4_CV0,3,1,1,2,0
5,2535011.582,720257.8531,R5_F5_m-1f-1_P5_Y-1_U148,-9999,-9999,FXX,1,52.546009685399,1,1,1.535,0,0,0,-9999.0,1.0,1,P4_CV0,3,2,0,0,2
5,2535011.582,720257.8531,R5_F5_m-1f-1_P5_Y-1_U15,-9999,-9999,MXY,2,69.46996732311766,1,0,0.0,0,0,0,-9999.0,0.5,1,P4_CV0,3,1,1,1,1
5,2535011.582,720257.8531,R5_F5_m-1f-1_P5_Y-1_U17,-9999,-9999,FXX,2,71.47796732311767,1,0,1.0,0,0,0,-9999.0,0.0,1,P4_CV0,3,0,2,0,2
5,2535011.582,720257.8531,R5_F5_m-1f-1_P5_Y-1_U18,-9999,-9999,MXY,2,63.71896732311766,1,0,0.0,0,0,0,-9999.0,0.5,1,P4_CV0,3,1,1,0,2
5,2535011.582,720257.8531,R5_F5_m-1f-1_P5_Y-1_U39,-9999,-9999,FXX,2,66.81196732311766,1,0,1.0,0,0,0,-9999.0,0.0,1,P4_CV0,3,0,2,1,1
5,2535011.582,720257.8531,R5_F5_m-1f-1_P5_Y-1_U45,-9999,-9999,FXX,2,70.85296732311767,1,0,1.344,0,0,0,-9999.0,0.0,1,P4_CV0,3,0,2,1,1
5,2535011.582,720257.8531,R5_F5_m-1f-1_P5_Y-1_U60,-9999,-9999,MXY,2,68.14496732311767,1,0,0.0,0,0,0,-9999.0,0.5,1,P4_CV0,3,1,1,0,2
5,2535011.582,720257.8531,R5_F5_m-1f-1_P5_Y-1_U90,-9999,-9999,MXY,2,68.96896732311765,1,0,0.0,0,0,0,-9999.0,1.0,1,P4_CV0,3,2,0,1,1
5,2535011.582,720257.8531,R5_F5_m-1f-1_P5_Y-1_U98,-9999,-9999,MXY,2,71.49896732311765,1,0,0.0,0,0,0,-9999.0,1.0,1,P4_CV0,3,2,0,1,1
5,2535011.582,720257.8531,R5_F5_m-1f-1_P5_Y-1_U140,-9999,-9999,FXX,2,69.65396732311766,1,0,0.0,0,0,0,-9999.0,1.0,1,P4_CV0,3,2,0,1,1
5,2535011.582,720257.8531,R5_F5_m-1f-1_P5_Y-1_U144,-9999,-9999,FXX,2,69.74096732311766,1,0,2.097,0,0,0,-9999.0,0.0,1,P4_CV0,3,0,2,0,2
5,2535011.582,720257.8531,R5_F5_m-1f-1_P5_Y-1_U21,-9999,-9999,FXX,2,74.64996732311766,1,0,2.012,0,0,0,-9999.0,0.5,1,P4_CV0,3,1,1,1,1
5,2535011.582,720257.8531,R5_F5_m-1f-1_P5_Y-1_U23,-9999,-9999,MXY,2,76.50696732311766,1,0,0.0,0,0,0,-9999.0,1.0,1,P4_CV0,3,2,0,0,2
5,2535011.582,720257.8531,R5_F5_m-1f-1_P5_Y-1_U40,-9999,-9999,FXX,2,77.59696732311767,1,0,1.0,0,0,0,-9999.0,1.0,1,P4_CV0,3,2,0,1,1
5,2535011.582,720257.8531,R5_F5_m-1f-1_P5_Y-1_U46,-9999,-9999,MXY,2,80.08996732311766,1,0,0.0,0,0,0,-9999.0,1.0,1,P4_CV0,3,2,0,2,0
5,2535011.582,720257.8531,R5_F5_m-1f-1_P5_Y-1_U64,-9999,-9999,MXY,2,79.37696732311767,1,0,0.0,0,0,0,-9999.0,1.0,1,P4_CV0,3,2,0,2,0
5,2535011.582,720257.8531,R5_F5_m-1f-1_P5_Y-1_U72,-9999,-9999,MXY,2,72.77696732311766,1,0,0.0,0,0,0,-9999.0,0.0,1,P4_CV0,3,0,2,1,1
5,2535011.582,720257.8531,R5_F5_m-1f-1_P5_Y-1_U76,-9999,-9999,MXY,2,80.80996732311766,1,0,0.0,0,0,0,-9999.0,0.0,1,P4_CV0,3,0,2,2,0
5,2535011.582,720257.8531,R5_F5_m-1f-1_P5_Y-1_U99,-9999,-9999,FXX,2,80.16096732311766,1,0,1.535,0,0,0,-9999.0,0.0,1,P4_CV0,3,0,2,1,1
5,2535011.582,720257.8531,R5_F5_m-1f-1_P5_Y-1_U101,-9999,-9999,FXX,2,75.07696732311766,1,0,1.0,0,0,0,-9999.0,0.5,1,P4_CV0,3,1,1,1,1
5,2535011.582,720257.8531,R5_F5_m-1f-1_P5_Y-1_U102,-9999,-9999,MXY,2,83.21896732311765,1,0,0.0,0,0,0,-9999.0,0.5,1,P4_CV0,3,1,1,1,1
5,2535011.582,720257.8531,R5_F5_m-1f-1_P5_Y-1_U104,-9999,-9999,MXY,2,83.49296732311765,1,0,0.0,0,0,0,-9999.0,0.5,1,P4_CV0,3,1,1,2,0
5,2535011.582,720257.8531,R5_F5_m-1f-1_P5_Y-1_U111,-9999,-9999,MXY,2,79.16796732311767,1,0,0.0,0,0,0,-9999.0,0.0,1,P4_CV0,3,0,2,2,0
5,2535011.582,720257.8531,R5_F5_m-1f-1_P5_Y-1_U114,-9999,-9999,FXX,2,80.66696732311766,1,0,1.0,0,0,0,-9999.0,0.0,1,P4_CV0,3,0,2,2,0
5,2535011.582,720257.8531,R5_F5_m-1f-1_P5_Y-1_U127,-9999,-9999,MXY,2,73.30596732311766,1,0,0.0,0,0,0,-9999.0,1.0,1,P4_CV0,3,2,0,2,0
5,2535011.582,720257.8531,R5_F5_m-1f-1_P5_Y-1_U133,-9999,-9999,FXX,2,81.09996732311765,1,0,0.0,0,0,0,-9999.0,0.5,1,P4_CV0,3,1,1,1,1
5,2535011.582,720257.8531,R5_F5_m-1f-1_P5_Y-1_U146,-9999,-9999,MXY,2,76.94896732311766,1,0,0.0,0,0,0,-9999.0,1.0,1,P4_CV0,3,2,0,2,0
5,2535011.582,720257.8531,R5_F5_m-1f-1_P5_Y-1_U147,-9999,-9999,MXY,2,79.88796732311766,1,0,0.0,0,0,0,-9999.0,0.0,1,P4_CV0,3,0,2,2,0
5,2535011.582,720257.8531,R5_F5_m-1f-1_P5_Y-1_U149,-9999,-9999,FXX,2,72.56896732311766,1,0,1.526,0,0,0,-9999.0,0.5,1,P4_CV0,3,1,1,1,1
5,2535011.582,720257.8531,R5_F5_m-1f-1_P5_Y-1_U11,-9999,-9999,MXY,3,109.52568530777889,1,0,0.0,0,0,0,-9999.0,0.0,1,P4_CV0,3,0,2,1,1
5,2535011.582,720257.8531,R5_F5_m-1f-1_P5_Y-1_U69,-9999,-9999,FXX,3,109.52568530777889,1,0,1.013,0,0,0,-9999.0,0.0,1,P4_CV0,3,0,2,1,1
5,2535011.582,720257.8531,R5_F5_m-1f-1_P5_Y-1_U96,-9999,-9999,MXY,3,109.52568530777889,1,0,0.0,0,0,0,-9999.0,1.0,1,P4_CV0,3,2,0,0,2
5,2535011.582,720257.8531,R5_F5_m-1f-1_P5_Y-1_U103,-9999,-9999,MXY,3,109.52568530777889,1,0,0.0,0,0,0,-9999.0,0.0,1,P4_CV0,3,0,2,1,1
5,2535011.582,720257.8531,R5_F5_m-1f-1_P5_Y-1_U126,-9999,-9999,FXX,3,109.52568530777889,1,0,1.598,0,0,0,-9999.0,0.0,1,P4_CV0,3,0,2,0,2
5,2535011.582,720257.8531,R5_F5_m-1f-1_P5_Y-1_U131,-9999,-9999,MXY,3,109.52568530777889,1,0,0.0,0,0,0,-9999.0,1.0,1,P4_CV0,3,2,0,2,0
5,2535011.582,720257.8531,R5_F5_m-1f-1_P5_Y-1_U138,-9999,-9999,MXY,3,109.52568530777889,1,0,0.0,0,0,0,-9999.0,0.5,1,P4_CV0,3,1,1,1,1
5,2535011.582,720257.8531,R5_F5_m-1f-1_P5_Y-1_U139,-9999,-9999,FXX,3,109.52568530777889,1,0,1.064,0,0,0,-9999.0,1.0,1,P4_CV0,3,2,0,0,2
6,2545325.475,726552.0418,Age0_F6_m6f6_P6_Y0_UO7,R6_F6_m-1f-1_P6_Y-1_U71,R6_F6_m-1f-1_P6_Y-1_U132,FXX,0,31.038064096311356,0,0,0.0,0,0,0,0.0,0.25,1,P5_CV0,3,0,2,2,0
6,2545325.475,726552.0418,Age0_F6_m6f6_P6_Y0_UO8,R6_F6_m-1f-1_P6_Y-1_U71,R6_F6_m-1f-1_P6_Y-1_U132,MXY,0,31.038064096311356,0,0,0.0,0,0,0,0.0,0.25,1,P5_CV0,3,1,1,0,2
6,2545325.475,726552.0418,Age0_F6_m6f6_P6_Y0_UO9,R6_F6_m-1f-1_P6_Y-1_U71,R6_F6_m-1f-1_P6_Y-1_U132,MXY,0,31.038064096311356,0,0,0.0,0,0,0,0.0,0.25,1,P5_CV0,3,1,1,1,1
6,2545325.475,726552.0418,Age0_F6_m6f6_P6_Y0_UO10,R6_F6_m-1f-1_P6_Y-1_U71,R6_F6_m-1f-1_P6_Y-1_U132,MXY,0,31.038064096311356,0,0,0.0,0,0,0,0.0,0.25,1,P5_CV0,3,1,1,0,2
6,2545325.475,726552.0418,Age0_F6_m6f6_P6_Y0_UO11,R6_F6_m-1f-1_P6_Y-1_U71,R6_F6_m-1f-1_P6_Y-1_U132,FXX,0,31.038064096311356,0,0,0.0,0,0,0,0.0,0.25,1,P5_CV0,3,1,1,2,0
6,2545325.475,726552.0418,Age0_F6_m6f6_P6_Y0_UO12,R6_F6_m-1f-1_P6_Y-1_U71,R6_F6_m-1f-1_P6_Y-1_U132,MXY,0,31.038064096311356,0,0,0.0,0,0,0,0.0,0.25,1,P5_CV0,3,1,1,2,0
6,2545325.475,726552.0418,Age0_F6_m6f6_P6_Y0_UO36,R6_F6_m-1f-1_P6_Y-1_U24,R6_F6_m-1f-1_P6_Y-1_U108,MXY,0,31.038064096311356,0,0,0.0,0,0,0,0.0,0.5,1,P5_CV0,3,1,1,2,0
6,2545325.475,726552.0418,Age0_F6_m6f6_P6_Y0_UO37,R6_F6_m-1f-1_P6_Y-1_U24,R6_F6_m-1f-1_P6_Y-1_U108,MXY,0,31.038064096311356,0,0,0.0,0,0,0,0.0,0.5,1,P5_CV0,3,1,1,1,1
6,2545325.475,726552.0418,Age0_F6_m6f6_P6_Y0_UO38,R6_F6_m-1f-1_P6_Y-1_U24,R6_F6_m-1f-1_P6_Y-1_U108,MXY,0,31.038064096311356,0,0,0.0,0,0,0,0.0,0.5,1,P5_CV0,3,1,1,0,2
6,2545325.475,726552.0418,Age0_F6_m6f6_P6_Y0_UO39,R6_F6_m-1f-1_P6_Y-1_U24,R6_F6_m-1f-1_P6_Y-1_U108,MXY,0,31.038064096311356,0,0,0.0,0,0,0,0.0,0.5,1,P5_CV0,3,1,1,1,1
6,2545325.475,726552.0418,Age0_F6_m6f6_P6_Y0_UO54,R6_F6_m-1f-1_P6_Y-1_U86,R6_F6_m-1f-1_P6_Y-1_U25,FXX,0,31.038064096311356,0,0,0.0,0,0,0,0.0,0.5,1,P5_CV0,3,1,1,2,0
6,2545325.475,726552.0418,Age0_F6_m6f6_P6_Y0_UO55,R6_F6_m-1f-1_P6_Y-1_U86,R6_F6_m-1f-1_P6_Y-1_U25,FXX,0,31.038064096311356,0,0,0.0,0,0,0,0.0,0.5,1,P5_CV0,3,1,1,0,2
6,2545325.475,726552.0418,Age0_F6_m6f6_P6_Y0_UO56,R6_F6_m-1f-1_P6_Y-1_U86,R6_F6_m-1f-1_P6_Y-1_U25,FXX,0,31.038064096311356,0,0,0.0,0,0,0,0.0,0.5,1,P5_CV0,3,2,0,2,0
6,2545325.475,726552.0418,Age0_F6_m6f6_P6_Y0_UO57,R6_F6_m-1f-1_P6_Y-1_U86,R6_F6_m-1f-1_P6_Y-1_U25,MXY,0,31.038064096311356,0,0,0.0,0,0,0,0.0,0.5,1,P5_CV0,3,2,0,0,2
6,2545325.475,726552.0418,Age0_F6_m6f6_P6_Y0_UO123,R6_F6_m-1f-1_P6_Y-1_U77,R6_F6_m-1f-1_P6_Y-1_U88,FXX,0,31.038064096311356,0,0,0.0,0,0,0,0.0,0.5,1,P5_CV0,3,1,1,0,2
6,2545325.475,726552.0418,Age0_F6_m6f6_P6_Y0_UO124,R6_F6_m-1f-1_P6_Y-1_U77,R6_F6_m-1f-1_P6_Y-1_U88,MXY,0,31.038064096311356,0,0,0.0,0,0,0,0.0,0.5,1,P5_CV0,3,2,0,1,1
6,2545325.475,726552.0418,Age0_F6_m6f6_P6_Y0_UO125,R6_F6_m-1f-1_P6_Y-1_U77,R6_F6_m-1f-1_P6_Y-1_U88,MXY,0,31.038064096311356,0,0,0.0,0,0,0,0.0,0.5,1,P5_CV0,3,1,1,2,0
6,2545325.475,726552.0418,Age0_F6_m6f6_P6_Y0_UO126,R6_F6_m-1f-1_P6_Y-1_U77,R6_F6_m-1f-1_P6_Y-1_U88,FXX,0,31.038064096311356,0,0,0.0,0,0,0,0.0,0.5,1,P5_CV0,3,1,1,1,1
6,2545325.475,726552.0418,Age0_F6_m6f6_P6_Y0_UO127,R6_F6_m-1f-1_P6_Y-1_U71,R6_F6_m-1f-1_P6_Y-1_U31,FXX,0,31.038064096311356,0,0,0.0,0,0,0,0.0,0.25,1,P5_CV0,3,2,0,1,1
6,2545325.475,726552.0418,Age0_F6_m6f6_P6_Y0_UO128,R6_F6_m-1f-1_P6_Y-1_U71,R6_F6_m-1f-1_P6_Y-1_U31,MXY,0,31.038064096311356,0,0,0.0,0,0,0,0.0,0.25,1,P5_CV0,3,0,2,0,2
6,2545325.475,726552.0418,Age0_F6_m6f6_P6_Y0_UO129,R6_F6_m-1f-1_P6_Y-1_U71,R6_F6_m-1f-1_P6_Y-1_U31,FXX,0,31.038064096311356,0,0,0.0,0,0,0,0.0,0.25,1,P5_CV0,3,2,0,0,2
6,2545325.475,726552.0418,Age0_F6_m6f6_P6_Y0_UO130,R6_F6_m-1f-1_P6_Y-1_U71,R6_F6_m-1f-1_P6_Y-1_U31,MXY,0,31.038064096311356,0,0,0.0,0,0,0,0.0,0.25,1,P5_CV0,3,1,1,2,0
6,2545325.475,726552.0418,Age0_F6_m6f6_P6_Y0_UO131,R6_F6_m-1f-1_P6_Y-1_U71,R6_F6_m-1f-1_P6_Y-1_U31,MXY,0,31.038064096311356,0,0,0.0,0,0,0,0.0,0.25,1,P5_CV0,3,0,2,1,1
6,2545325.475,726552.0418,Age0_F6_m6f6_P6_Y0_UO132,R6_F6_m-1f-1_P6_Y-1_U71,R6_F6_m-1f-1_P6_Y-1_U31,FXX,0,31.038064096311356,0,0,0.0,0,0,0,0.0,0.25,1,P5_CV0,3,0,2,2,0
6,2545325.475,726552.0418,Age0_F6_m6f6_P6_Y0_UO133,R6_F6_m-1f-1_P6_Y-1_U71,R6_F6_m-1f-1_P6_Y-1_U31,FXX,0,31.038064096311356,0,0,0.0,0,0,0,0.0,0.25,1,P5_CV0,3,1,1,2,0
6,2545325.475,726552.0418,Age0_F6_m6f6_P6_Y0_UO134,R6_F6_m-1f-1_P6_Y-1_U71,R6_F6_m-1f-1_P6_Y-1_U31,FXX,0,31.038064096311356,0,0,0.0,0,0,0,0.0,0.25,1,P5_CV0,3,1,1,1,1
6,2545325.475,726552.0418,Age0_F6_m6f6_P6_Y0_UO135,R6_F6_m-1f-1_P6_Y-1_U71,R6_F6_m-1f-1_P6_Y-1_U31,MXY,0,31.038064096311356,0,0,0.0,0,0,0,0.0,0.25,1,P5_CV0,3,2,0,2,0
6,2545325.475,726552.0418,Age0_F6_m6f6_P6_Y0_UO153,R6_F6_m-1f-1_P6_Y-1_U119,R6_F6_m-1f-1_P6_Y-1_U31,FXX,0,31.038064096311356,0,0,0.0,0,0,0,0.0,0.5,1,P5_CV0,3,0,2,1,1
6,2545325.475,726552.0418,Age0_F6_m6f6_P6_Y0_UO154,R6_F6_m-1f-1_P6_Y-1_U119,R6_F6_m-1f-1_P6_Y-1_U31,FXX,0,31.038064096311356,0,0,0.0,0,0,0,0.0,0.5,1,P5_CV0,3,0,2,2,0
6,2545325.475,726552.0418,Age0_F6_m6f6_P6_Y0_UO161,R6_F6_m-1f-1_P6_Y-1_U116,R6_F6_m-1f-1_P6_Y-1_U103,MXY,0,31.038064096311356,0,0,0.0,0,0,0,0.0,0.25,1,P5_CV0,3,1,1,0,2
6,2545325.475,726552.0418,Age0_F6_m6f6_P6_Y0_UO162,R6_F6_m-1f-1_P6_Y-1_U116,R6_F6_m-1f-1_P6_Y-1_U103,FXX,0,31.038064096311356,0,0,0.0,0,0,0,0.0,0.25,1,P5_CV0,3,0,2,1,1
6,2545325.475,726552.0418,Age0_F6_m6f6_P6_Y0_UO163,R6_F6_m-1f-1_P6_Y-1_U116,R6_F6_m-1f-1_P6_Y-1_U103,MXY,0,31.038064096311356,0,0,0.0,0,0,0,0.0,0.25,1,P5_CV0,3,1,1,1,1
6,2545325.475,726552.0418,Age0_F6_m6f6_P6_Y0_UO196,R6_F6_m-1f-1_P6_Y-1_U143,R6_F6_m-1f-1_P6_Y-1_U25,MXY,0,31.038064096311356,0,0,0.0,0,0,0,0.0,0.75,1,P5_CV0,3,1,1,1,1
6,2545325.475,726552.0418,Age0_F6_m6f6_P6_Y0_UO197,R6_F6_m-1f-1_P6_Y-1_U143,R6_F6_m-1f-1_P6_Y-1_U25,FXX,0,31.038064096311356,0,0,0.0,0,0,0,0.0,0.75,1,P5_CV0,3,1,1,2,0
6,2545325.475,726552.0418,Age0_F6_m6f6_P6_Y0_UO198,R6_F6_m-1f-1_P6_Y-1_U143,R6_F6_m-1f-1_P6_Y-1_U25,MXY,0,31.038064096311356,0,0,0.0,0,0,0,0.0,0.75,1,P5_CV0,3,0,2,2,0
6,2545325.475,726552.0418,Age0_F6_m6f6_P6_Y0_UO199,R6_F6_m-1f-1_P6_Y-1_U143,R6_F6_m-1f-1_P6_Y-1_U25,FXX,0,31.038064096311356,0,0,0.0,0,0,0,0.0,0.75,1,P5_CV0,3,1,1,2,0
6,2545325.475,726552.0418,Age0_F6_m6f6_P6_Y0_UO200,R6_F6_m-1f-1_P6_Y-1_U143,R6_F6_m-1f-1_P6_Y-1_U25,FXX,0,31.038064096311356,0,0,0.0,0,0,0,0.0,0.75,1,P5_CV0,3,1,1,0,2
6,2545325.475,726552.0418,Age0_F6_m6f6_P6_Y0_UO201,R6_F6_m-1f-1_P6_Y-1_U143,R6_F6_m-1f-1_P6_Y-1_U25,FXX,0,31.038064096311356,0,0,0.0,0,0,0,0.0,0.75,1,P5_CV0,3,1,1,0,2
6,2545325.475,726552.0418,Age0_F6_m6f6_P6_Y0_UO202,R6_F6_m-1f-1_P6_Y-1_U143,R6_F6_m-1f-1_P6_Y-1_U25,MXY,0,31.038064096311356,0,0,0.0,0,0,0,0.0,0.75,1,P5_CV0,3,0,2,1,1
6,2545325.475,726552.0418,Age0_F6_m6f6_P6_Y0_UO212,R6_F6_m-1f-1_P6_Y-1_U135,R6_F6_m-1f-1_P6_Y-1_U65,FXX,0,31.038064096311356,0,0,0.0,0,0,0,0.0,0.5,1,P5_CV0,3,1,1,0,2
6,2545325.475,726552.0418,Age0_F6_m6f6_P6_Y0_UO213,R6_F6_m-1f-1_P6_Y-1_U135,R6_F6_m-1f-1_P6_Y-1_U65,FXX,0,31.038064096311356,0,0,0.0,0,0,0,0.0,0.5,1,P5_CV0,3,2,0,1,1
6,2545325.475,726552.0418,Age0_F6_m6f6_P6_Y0_UO214,R6_F6_m-1f-1_P6_Y-1_U135,R6_F6_m-1f-1_P6_Y-1_U65,MXY,0,31.038064096311356,0,0,0.0,0,0,0,0.0,0.5,1,P5_CV0,3,1,1,1,1
6,2545325.475,726552.0418,Age0_F6_m6f6_P6_Y0_UO215,R6_F6_m-1f-1_P6_Y-1_U135,R6_F6_m-1f-1_P6_Y-1_U65,FXX,0,31.038064096311356,0,0,0.0,0,0,0,0.0,0.5,1,P5_CV0,3,1,1,1,1
6,2545325.475,726552.0418,Age0_F6_m6f6_P6_Y0_UO216,R6_F6_m-1f-1_P6_Y-1_U135,R6_F6_m-1f-1_P6_Y-1_U65,FXX,0,31.038064096311356,0,0,0.0,0,0,0,0.0,0.5,1,P5_CV0,3,2,0,1,1
6,2545325.475,726552.0418,Age0_F6_m6f6_P6_Y0_UO217,R6_F6_m-1f-1_P6_Y-1_U135,R6_F6_m-1f-1_P6_Y-1_U65,MXY,0,31.038064096311356,0,0,0.0,0,0,0,0.0,0.5,1,P5_CV0,3,0,2,1,1
6,2545325.475,726552.0418,Age0_F6_m6f6_P6_Y0_UO218,R6_F6_m-1f-1_P6_Y-1_U135,R6_F6_m-1f-1_P6_Y-1_U65,MXY,0,31.038064096311356,0,0,0.0,0,0,0,0.0,0.5,1,P5_CV0,3,0,2,1,1
6,2545325.475,726552.0418,Age0_F6_m6f6_P6_Y0_UO224,R6_F6_m-1f-1_P6_Y-1_U116,R6_F6_m-1f-1_P6_Y-1_U18,MXY,0,31.038064096311356,0,0,0.0,0,0,0,0.0,0.75,1,P5_CV0,3,1,1,1,1
6,2545325.475,726552.0418,Age0_F6_m6f6_P6_Y0_UO225,R6_F6_m-1f-1_P6_Y-1_U116,R6_F6_m-1f-1_P6_Y-1_U18,MXY,0,31.038064096311356,0,0,0.0,0,0,0,0.0,0.75,1,P5_CV0,3,0,2,1,1
6,2545325.475,726552.0418,Age0_F6_m6f6_P6_Y0_UO226,R6_F6_m-1f-1_P6_Y-1_U116,R6_F6_m-1f-1_P6_Y-1_U18,FXX,0,31.038064096311356,0,0,0.0,0,0,0,0.0,0.75,1,P5_CV0,3,1,1,1,1
6,2545325.475,726552.0418,Age0_F6_m6f6_P6_Y0_UO227,R6_F6_m-1f-1_P6_Y-1_U39,R6_F6_m-1f-1_P6_Y-1_U118,FXX,0,31.038064096311356,0,0,0.0,0,0,0,0.0,0.5,1,P5_CV0,3,2,0,0,2
6,2545325.475,726552.0418,Age0_F6_m6f6_P6_Y0_UO228,R6_F6_m-1f-1_P6_Y-1_U39,R6_F6_m-1f-1_P6_Y-1_U118,FXX,0,31.038064096311356,0,0,0.0,0,0,0,0.0,0.5,1,P5_CV0,3,2,0,1,1
6,2545325.475,726552.0418,Age0_F6_m6f6_P6_Y0_UO229,R6_F6_m-1f-1_P6_Y-1_U39,R6_F6_m-1f-1_P6_Y-1_U118,FXX,0,31.038064096311356,0,0,0.0,0,0,0,0.0,0.5,1,P5_CV0,3,1,1,0,2
6,2545325.475,726552.0418,Age0_F6_m6f6_P6_Y0_UO236,R6_F6_m-1f-1_P6_Y-1_U47,R6_F6_m-1f-1_P6_Y-1_U41,FXX,0,31.038064096311356,0,0,0.0,0,0,0,0.0,0.5,1,P5_CV0,3,1,1,2,0
6,2545325.475,726552.0418,Age0_F6_m6f6_P6_Y0_UO237,R6_F6_m-1f-1_P6_Y-1_U47,R6_F6_m-1f-1_P6_Y-1_U41,FXX,0,31.038064096311356,0,0,0.0,0,0,0,0.0,0.5,1,P5_CV0,3,1,1,1,1
6,2545325.475,726552.0418,Age0_F6_m6f6_P6_Y0_UO247,R6_F6_m-1f-1_P6_Y-1_U39,R6_F6_m-1f-1_P6_Y-1_U88,MXY,0,31.038064096311356,0,0,0.0,0,0,0,0.0,0.5,1,P5_CV0,3,0,2,1,1
6,2545325.475,726552.0418,Age0_F6_m6f6_P6_Y0_UO248,R6_F6_m-1f-1_P6_Y-1_U39,R6_F6_m-1f-1_P6_Y-1_U88,FXX,0,31.038064096311356,0,0,0.0,0,0,0,0.0,0.5,1,P5_CV0,3,2,0,0,2
6,2545325.475,726552.0418,Age0_F6_m6f6_P6_Y0_UO260,R6_F6_m-1f-1_P6_Y-1_U127,R6_F6_m-1f-1_P6_Y-1_U132,FXX,0,31.038064096311356,0,0,0.0,0,0,0,0.0,0.5,1,P5_CV0,3,2,0,2,0
6,2545325.475,726552.0418,Age0_F6_m6f6_P6_Y0_UO261,R6_F6_m-1f-1_P6_Y-1_U127,R6_F6_m-1f-1_P6_Y-1_U132,MXY,0,31.038064096311356,0,0,0.0,0,0,0,0.0,0.5,1,P5_CV0,3,1,1,1,1
6,2545325.475,726552.0418,Age0_F6_m6f6_P6_Y0_UO262,R6_F6_m-1f-1_P6_Y-1_U127,R6_F6_m-1f-1_P6_Y-1_U132,FXX,0,31.038064096311356,0,0,0.0,0,0,0,0.0,0.5,1,P5_CV0,3,2,0,0,2
6,2545325.475,726552.0418,Age0_F6_m6f6_P6_Y0_UO263,R6_F6_m-1f-1_P6_Y-1_U127,R6_F6_m-1f-1_P6_Y-1_U132,MXY,0,31.038064096311356,0,0,0.0,0,0,0,0.0,0.5,1,P5_CV0,3,0,2,2,0
6,2545325.475,726552.0418,Age0_F6_m6f6_P6_Y0_UO264,R6_F6_m-1f-1_P6_Y-1_U127,R6_F6_m-1f-1_P6_Y-1_U132,FXX,0,31.038064096311356,0,0,0.0,0,0,0,0.0,0.5,1,P5_CV0,3,0,2,1,1
6,2545325.475,726552.0418,Age0_F6_m6f6_P6_Y0_UO265,R6_F6_m-1f-1_P6_Y-1_U127,R6_F6_m-1f-1_P6_Y-1_U132,MXY,0,31.038064096311356,0,0,0.0,0,0,0,0.0,0.5,1,P5_CV0,3,1,1,0,2
6,2545325.475,726552.0418,Age0_F6_m6f6_P6_Y0_UO266,R6_F6_m-1f-1_P6_Y-1_U127,R6_F6_m-1f-1_P6_Y-1_U132,MXY,0,31.038064096311356,0,0,0.0,0,0,0,0.0,0.5,1,P5_CV0,3,2,0,1,1
6,2545325.475,726552.0418,Age0_F6_m6f6_P6_Y0_UO330,R6_F6_m-1f-1_P6_Y-1_U43,R6_F6_m-1f-1_P6_Y-1_U74,FXX,0,31.038064096311356,0,0,0.0,0,0,0,0.0,0.5,1,P5_CV0,3,1,1,1,1
6,2545325.475,726552.0418,Age0_F6_m6f6_P6_Y0_UO331,R6_F6_m-1f-1_P6_Y-1_U43,R6_F6_m-1f-1_P6_Y-1_U74,MXY,0,31.038064096311356,0,0,0.0,0,0,0,0.0,0.5,1,P5_CV0,3,0,2,0,2
6,2545325.475,726552.0418,Age0_F6_m6f6_P6_Y0_UO332,R6_F6_m-1f-1_P6_Y-1_U43,R6_F6_m-1f-1_P6_Y-1_U74,MXY,0,31.038064096311356,0,0,0.0,0,0,0,0.0,0.5,1,P5_CV0,3,0,2,0,2
6,2545325.475,726552.0418,Age0_F6_m6f6_P6_Y0_UO362,R6_F6_m-1f-1_P6_Y-1_U75,R6_F6_m-1f-1_P6_Y-1_U34,MXY,0,31.038064096311356,0,0,0.0,0,0,0,0.0,0.75,1,P5_CV0,3,0,2,1,1
6,2545325.475,726552.0418,Age0_F6_m6f6_P6_Y0_UO363,R6_F6_m-1f-1_P6_Y-1_U75,R6_F6_m-1f-1_P6_Y-1_U34,MXY,0,31.038064096311356,0,0,0.0,0,0,0,0.0,0.75,1,P5_CV0,3,2,0,2,0
6,2545325.475,726552.0418,Age0_F6_m6f6_P6_Y0_UO364,R6_F6_m-1f-1_P6_Y-1_U75,R6_F6_m-1f-1_P6_Y-1_U34,FXX,0,31.038064096311356,0,0,0.0,0,0,0,0.0,0.75,1,P5_CV0,3,0,2,1,1
6,2545325.475,726552.0418,Age0_F6_m6f6_P6_Y0_UO365,R6_F6_m-1f-1_P6_Y-1_U75,R6_F6_m-1f-1_P6_Y-1_U34,FXX,0,31.038064096311356,0,0,0.0,0,0,0,0.0,0.75,1,P5_CV0,3,0,2,1,1
6,2545325.475,726552.0418,Age0_F6_m6f6_P6_Y0_UO366,R6_F6_m-1f-1_P6_Y-1_U75,R6_F6_m-1f-1_P6_Y-1_U34,MXY,0,31.038064096311356,0,0,0.0,0,0,0,0.0,0.75,1,P5_CV0,3,1,1,1,1
6,2545325.475,726552.0418,Age0_F6_m6f6_P6_Y0_UO367,R6_F6_m-1f-1_P6_Y-1_U75,R6_F6_m-1f-1_P6_Y-1_U34,FXX,0,31.038064096311356,0,0,0.0,0,0,0,0.0,0.75,1,P5_CV0,3,0,2,1,1
6,2545325.475,726552.0418,Age0_F6_m6f6_P6_Y0_UO368,R6_F6_m-1f-1_P6_Y-1_U73,R6_F6_m-1f-1_P6_Y-1_U74,MXY,0,31.038064096311356,0,0,0.0,0,0,0,0.0,0.75,1,P5_CV0,3,0,2,1,1
6,2545325.475,726552.0418,Age0_F6_m6f6_P6_Y0_UO369,R6_F6_m-1f-1_P6_Y-1_U73,R6_F6_m-1f-1_P6_Y-1_U74,MXY,0,31.038064096311356,0,0,0.0,0,0,0,0.0,0.75,1,P5_CV0,3,0,2,2,0
6,2545325.475,726552.0418,Age0_F6_m6f6_P6_Y0_UO370,R6_F6_m-1f-1_P6_Y-1_U73,R6_F6_m-1f-1_P6_Y-1_U74,FXX,0,31.038064096311356,0,0,0.0,0,0,0,0.0,0.75,1,P5_CV0,3,0,2,1,1
6,2545325.475,726552.0418,Age0_F6_m6f6_P6_Y0_UO378,R6_F6_m-1f-1_P6_Y-1_U43,R6_F6_m-1f-1_P6_Y-1_U29,MXY,0,31.038064096311356,0,0,0.0,0,0,0,0.0,0.5,1,P5_CV0,3,1,1,2,0
6,2545325.475,726552.0418,Age0_F6_m6f6_P6_Y0_UO379,R6_F6_m-1f-1_P6_Y-1_U43,R6_F6_m-1f-1_P6_Y-1_U29,MXY,0,31.038064096311356,0,0,0.0,0,0,0,0.0,0.5,1,P5_CV0,3,2,0,2,0
6,2545325.475,726552.0418,Age0_F6_m6f6_P6_Y0_UO380,R6_F6_m-1f-1_P6_Y-1_U43,R6_F6_m-1f-1_P6_Y-1_U29,FXX,0,31.038064096311356,0,0,0.0,0,0,0,0.0,0.5,1,P5_CV0,3,1,1,1,1
6,2545325.475,726552.0418,Age0_F6_m6f6_P6_Y0_UO381,R6_F6_m-1f-1_P6_Y-1_U43,R6_F6_m-1f-1_P6_Y-1_U29,MXY,0,31.038064096311356,0,0,0.0,0,0,0,0.0,0.5,1,P5_CV0,3,0,2,1,1
6,2545325.475,726552.0418,Age0_F6_m6f6_P6_Y0_UO382,R6_F6_m-1f-1_P6_Y-1_U43,R6_F6_m-1f-1_P6_Y-1_U29,MXY,0,31.038064096311356,0,0,0.0,0,0,0,0.0,0.5,1,P5_CV0,3,2,0,2,0
6,2545325.475,726552.0418,Age0_F6_m6f6_P6_Y0_UO383,R6_F6_m-1f-1_P6_Y-1_U43,R6_F6_m-1f-1_P6_Y-1_U29,MXY,0,31.038064096311356,0,0,0.0,0,0,0,0.0,0.5,1,P5_CV0,3,0,2,0,2
6,2545325.475,726552.0418,Age0_F6_m6f6_P6_Y0_UO392,R6_F6_m-1f-1_P6_Y-1_U73,R6_F6_m-1f-1_P6_Y-1_U55,FXX,0,31.038064096311356,0,0,0.0,0,0,0,0.0,0.75,1,P5_CV0,3,0,2,0,2
6,2545325.475,726552.0418,Age0_F6_m6f6_P6_Y0_UO393,R6_F6_m-1f-1_P6_Y-1_U73,R6_F6_m-1f-1_P6_Y-1_U55,MXY,0,31.038064096311356,0,0,0.0,0,0,0,0.0,0.75,1,P5_CV0,3,2,0,0,2
6,2545325.475,726552.0418,Age0_F6_m6f6_P6_Y0_UO394,R6_F6_m-1f-1_P6_Y-1_U73,R6_F6_m-1f-1_P6_Y-1_U55,FXX,0,31.038064096311356,0,0,0.0,0,0,0,0.0,0.75,1,P5_CV0,3,0,2,2,0
6,2545325.475,726552.0418,Age0_F6_m6f6_P6_Y0_UO395,R6_F6_m-1f-1_P6_Y-1_U73,R6_F6_m-1f-1_P6_Y-1_U55,FXX,0,31.038064096311356,0,0,0.0,0,0,0,0.0,0.75,1,P5_CV0,3,0,2,1,1
6,2545325.475,726552.0418,Age0_F6_m6f6_P6_Y0_UO396,R6_F6_m-1f-1_P6_Y-1_U73,R6_F6_m-1f-1_P6_Y-1_U55,MXY,0,31.038064096311356,0,0,0.0,0,0,0,0.0,0.75,1,P5_CV0,3,1,1,0,2
6,2545325.475,726552.0418,Age0_F6_m6f6_P6_Y0_UO397,R6_F6_m-1f-1_P6_Y-1_U73,R6_F6_m-1f-1_P6_Y-1_U55,MXY,0,31.038064096311356,0,0,0.0,0,0,0,0.0,0.75,1,P5_CV0,3,1,1,1,1
6,2545325.475,726552.0418,Age0_F6_m6f6_P6_Y0_UO398,R6_F6_m-1f-1_P6_Y-1_U73,R6_F6_m-1f-1_P6_Y-1_U55,MXY,0,31.038064096311356,0,0,0.0,0,0,0,0.0,0.75,1,P5_CV0,3,1,1,0,2
6,2545325.475,726552.0418,Age0_F6_m6f6_P6_Y0_UO399,R6_F6_m-1f-1_P6_Y-1_U73,R6_F6_m-1f-1_P6_Y-1_U55,FXX,0,31.038064096311356,0,0,0.0,0,0,0,0.0,0.75,1,P5_CV0,3,1,1,1,1
6,2545325.475,726552.0418,Age0_F6_m6f6_P6_Y0_UO400,R6_F6_m-1f-1_P6_Y-1_U73,R6_F6_m-1f-1_P6_Y-1_U55,FXX,0,31.038064096311356,0,0,0.0,0,0,0,0.0,0.75,1,P5_CV0,3,2,0,2,0
6,2545325.475,726552.0418,Age0_F6_m6f6_P6_Y0_UO401,R6_F6_m-1f-1_P6_Y-1_U73,R6_F6_m-1f-1_P6_Y-1_U55,MXY,0,31.038064096311356,0,0,0.0,0,0,0,0.0,0.75,1,P5_CV0,3,0,2,1,1
6,2545325.475,726552.0418,Age0_F6_m6f6_P6_Y0_UO402,R6_F6_m-1f-1_P6_Y-1_U73,R6_F6_m-1f-1_P6_Y-1_U55,FXX,0,31.038064096311356,0,0,0.0,0,0,0,0.0,0.75,1,P5_CV0,3,1,1,1,1
6,2545325.475,726552.0418,Age0_F6_m6f6_P6_Y0_UO403,R6_F6_m-1f-1_P6_Y-1_U73,R6_F6_m-1f-1_P6_Y-1_U55,MXY,0,31.038064096311356,0,0,0.0,0,0,0,0.0,0.75,1,P5_CV0,3,1,1,2,0
6,2545325.475,726552.0418,Age0_F6_m6f6_P6_Y0_UO404,R6_F6_m-1f-1_P6_Y-1_U73,R6_F6_m-1f-1_P6_Y-1_U55,FXX,0,31.038064096311356,0,0,0.0,0,0,0,0.0,0.75,1,P5_CV0,3,2,0,0,2
6,2545325.475,726552.0418,Age0_F6_m6f6_P6_Y0_UO405,R6_F6_m-1f-1_P6_Y-1_U73,R6_F6_m-1f-1_P6_Y-1_U55,MXY,0,31.038064096311356,0,0,0.0,0,0,0,0.0,0.75,1,P5_CV0,3,1,1,1,1
6,2545325.475,726552.0418,Age0_F6_m6f6_P6_Y0_UO408,R6_F6_m-1f-1_P6_Y-1_U50,R6_F6_m-1f-1_P6_Y-1_U34,FXX,0,31.038064096311356,0,0,0.0,0,0,0,0.0,0.75,1,P5_CV0,3,1,1,1,1
6,2545325.475,726552.0418,Age0_F6_m6f6_P6_Y0_UO436,R6_F6_m-1f-1_P6_Y-1_U39,R6_F6_m-1f-1_P6_Y-1_U88,MXY,0,31.038064096311356,0,0,0.0,0,0,0,0.0,0.5,1,P5_CV0,3,1,1,0,2
6,2545325.475,726552.0418,Age0_F6_m6f6_P6_Y0_UO437,R6_F6_m-1f-1_P6_Y-1_U39,R6_F6_m-1f-1_P6_Y-1_U88,FXX,0,31.038064096311356,0,0,0.0,0,0,0,0.0,0.5,1,P5_CV0,3,0,2,2,0
6,2545325.475,726552.0418,Age0_F6_m6f6_P6_Y0_UO438,R6_F6_m-1f-1_P6_Y-1_U39,R6_F6_m-1f-1_P6_Y-1_U88,MXY,0,31.038064096311356,0,0,0.0,0,0,0,0.0,0.5,1,P5_CV0,3,1,1,2,0
6,2545325.475,726552.0418,Age0_F6_m6f6_P6_Y0_UO444,R6_F6_m-1f-1_P6_Y-1_U6,R6_F6_m-1f-1_P6_Y-1_U3,MXY,0,31.038064096311356,0,0,0.0,0,0,0,0.0,0.0,1,P5_CV0,3,0,2,0,2
6,2545325.475,726552.0418,Age0_F6_m6f6_P6_Y0_UO445,R6_F6_m-1f-1_P6_Y-1_U6,R6_F6_m-1f-1_P6_Y-1_U3,FXX,0,31.038064096311356,0,0,0.0,0,0,0,0.0,0.0,1,P5_CV0,3,0,2,1,1
6,2545325.475,726552.0418,Age0_F6_m6f6_P6_Y0_UO446,R6_F6_m-1f-1_P6_Y-1_U6,R6_F6_m-1f-1_P6_Y-1_U3,MXY,0,31.038064096311356,0,0,0.0,0,0,0,0.0,0.0,1,P5_CV0,3,0,2,2,0
6,2545325.475,726552.0418,Age0_F6_m6f6_P6_Y0_UO447,R6_F6_m-1f-1_P6_Y-1_U6,R6_F6_m-1f-1_P6_Y-1_U3,FXX,0,31.038064096311356,0,0,0.0,0,0,0,0.0,0.0,1,P5_CV0,3,2,0,1,1
6,2545325.475,726552.0418,Age0_F6_m6f6_P6_Y0_UO448,R6_F6_m-1f-1_P6_Y-1_U6,R6_F6_m-1f-1_P6_Y-1_U3,MXY,0,31.038064096311356,0,0,0.0,0,0,0,0.0,0.0,1,P5_CV0,3,0,2,0,2
6,2545325.475,726552.0418,Age0_F6_m6f6_P6_Y0_UO449,R6_F6_m-1f-1_P6_Y-1_U6,R6_F6_m-1f-1_P6_Y-1_U3,FXX,0,31.038064096311356,0,0,0.0,0,0,0,0.0,0.0,1,P5_CV0,3,1,1,0,2
6,2545325.475,726552.0418,Age0_F6_m6f6_P6_Y0_UO505,R6_F6_m-1f-1_P6_Y-1_U23,R6_F6_m-1f-1_P6_Y-1_U87,MXY,0,31.038064096311356,0,0,0.0,0,0,0,0.0,0.5,1,P5_CV0,3,2,0,1,1
6,2545325.475,726552.0418,Age0_F6_m6f6_P6_Y0_UO506,R6_F6_m-1f-1_P6_Y-1_U23,R6_F6_m-1f-1_P6_Y-1_U87,FXX,0,31.038064096311356,0,0,0.0,0,0,0,0.0,0.5,1,P5_CV0,3,2,0,2,0
6,2545325.475,726552.0418,Age0_F6_m6f6_P6_Y0_UO507,R6_F6_m-1f-1_P6_Y-1_U23,R6_F6_m-1f-1_P6_Y-1_U87,MXY,0,31.038064096311356,0,0,0.0,0,0,0,0.0,0.5,1,P5_CV0,3,2,0,1,1
6,2545325.475,726552.0418,Age0_F6_m6f6_P6_Y0_UO508,R6_F6_m-1f-1_P6_Y-1_U23,R6_F6_m-1f-1_P6_Y-1_U87,MXY,0,31.038064096311356,0,0,0.0,0,0,0,0.0,0.5,1,P5_CV0,3,0,2,1,1
6,2545325.475,726552.0418,Age0_F6_m6f6_P6_Y0_UO509,R6_F6_m-1f-1_P6_Y-1_U23,R6_F6_m-1f-1_P6_Y-1_U87,MXY,0,31.038064096311356,0,0,0.0,0,0,0,0.0,0.5,1,P5_CV0,3,2,0,2,0
6,2545325.475,726552.0418,Age0_F6_m6f6_P6_Y0_UO510,R6_F6_m-1f-1_P6_Y-1_U23,R6_F6_m-1f-1_P6_Y-1_U87,FXX,0,31.038064096311356,0,0,0.0,0,0,0,0.0,0.5,1,P5_CV0,3,1,1,1,1
6,2545325.475,726552.0418,Age0_F6_m6f6_P6_Y0_UO520,R6_F6_m-1f-1_P6_Y-1_U116,R6_F6_m-1f-1_P6_Y-1_U126,FXX,0,31.038064096311356,0,0,0.0,0,0,0,0.0,0.25,1,P5_CV0,3,1,1,1,1
6,2545325.475,726552.0418,Age0_F6_m6f6_P6_Y0_UO521,R6_F6_m-1f-1_P6_Y-1_U116,R6_F6_m-1f-1_P6_Y-1_U126,MXY,0,31.038064096311356,0,0,0.0,0,0,0,0.0,0.25,1,P5_CV0,3,0,2,1,1
6,2545325.475,726552.0418,Age0_F6_m6f6_P6_Y0_UO522,R6_F6_m-1f-1_P6_Y-1_U116,R6_F6_m-1f-1_P6_Y-1_U126,MXY,0,31.038064096311356,0,0,0.0,0,0,0,0.0,0.25,1,P5_CV0,3,1,1,1,1
6,2545325.475,726552.0418,Age0_F6_m6f6_P6_Y0_UO531,R6_F6_m-1f-1_P6_Y-1_U57,R6_F6_m-1f-1_P6_Y-1_U103,MXY,0,31.038064096311356,0,0,0.0,0,0,0,0.0,0.0,1,P5_CV0,3,1,1,1,1
6,2545325.475,726552.0418,Age0_F6_m6f6_P6_Y0_UO532,R6_F6_m-1f-1_P6_Y-1_U57,R6_F6_m-1f-1_P6_Y-1_U103,MXY,0,31.038064096311356,0,0,0.0,0,0,0,0.0,0.0,1,P5_CV0,3,0,2,1,1
6,2545325.475,726552.0418,Age0_F6_m6f6_P6_Y0_UO533,R6_F6_m-1f-1_P6_Y-1_U57,R6_F6_m-1f-1_P6_Y-1_U103,FXX,0,31.038064096311356,0,0,0.0,0,0,0,0.0,0.0,1,P5_CV0,3,0,2,1,1
6,2545325.475,726552.0418,Age0_F6_m6f6_P6_Y0_UO534,R6_F6_m-1f-1_P6_Y-1_U57,R6_F6_m-1f-1_P6_Y-1_U103,FXX,0,31.038064096311356,0,0,0.0,0,0,0,0.0,0.0,1,P5_CV0,3,1,1,1,1
6,2545325.475,726552.0418,Age0_F6_m6f6_P6_Y0_UO537,R6_F6_m-1f-1_P6_Y-1_U127,R6_F6_m-1f-1_P6_Y-1_U136,MXY,0,31.038064096311356,0,0,0.0,0,0,0,0.0,1.0,1,P5_CV0,3,0,2,0,2
6,2545325.475,726552.0418,Age0_F6_m6f6_P6_Y0_UO538,R6_F6_m-1f-1_P6_Y-1_U127,R6_F6_m-1f-1_P6_Y-1_U136,FXX,0,31.038064096311356,0,0,0.0,0,0,0,0.0,1.0,1,P5_CV0,3,0,2,0,2
6,2545325.475,726552.0418,Age0_F6_m6f6_P6_Y0_UO539,R6_F6_m-1f-1_P6_Y-1_U127,R6_F6_m-1f-1_P6_Y-1_U136,MXY,0,31.038064096311356,0,0,0.0,0,0,0,0.0,1.0,1,P5_CV0,3,1,1,1,1
6,2545325.475,726552.0418,Age0_F6_m6f6_P6_Y0_UO540,R6_F6_m-1f-1_P6_Y-1_U127,R6_F6_m-1f-1_P6_Y-1_U136,MXY,0,31.038064096311356,0,0,0.0,0,0,0,0.0,1.0,1,P5_CV0,3,2,0,1,1
6,2545325.475,726552.0418,Age0_F6_m6f6_P6_Y0_UO583,R6_F6_m-1f-1_P6_Y-1_U23,R6_F6_m-1f-1_P6_Y-1_U108,FXX,0,31.038064096311356,0,0,0.0,0,0,0,0.0,1.0,1,P5_CV0,3,1,1,1,1
6,2545325.475,726552.0418,Age0_F6_m6f6_P6_Y0_UO584,R6_F6_m-1f-1_P6_Y-1_U23,R6_F6_m-1f-1_P6_Y-1_U108,MXY,0,31.038064096311356,0,0,0.0,0,0,0,0.0,1.0,1,P5_CV0,3,0,2,1,1
6,2545325.475,726552.0418,Age0_F6_m6f6_P6_Y0_UO585,R6_F6_m-1f-1_P6_Y-1_U23,R6_F6_m-1f-1_P6_Y-1_U108,MXY,0,31.038064096311356,0,0,0.0,0,0,0,0.0,1.0,1,P5_CV0,3,1,1,1,1
6,2545325.475,726552.0418,Age0_F6_m6f6_P6_Y0_UO586,R6_F6_m-1f-1_P6_Y-1_U23,R6_F6_m-1f-1_P6_Y-1_U108,MXY,0,31.038064096311356,0,0,0.0,0,0,0,0.0,1.0,1,P5_CV0,3,2,0,2,0
6,2545325.475,726552.0418,Age0_F6_m6f6_P6_Y0_UO606,R6_F6_m-1f-1_P6_Y-1_U52,R6_F6_m-1f-1_P6_Y-1_U76,MXY,0,31.038064096311356,0,0,0.0,0,0,0,0.0,0.75,1,P5_CV0,3,1,1,1,1
6,2545325.475,726552.0418,Age0_F6_m6f6_P6_Y0_UO672,R6_F6_m-1f-1_P6_Y-1_U143,R6_F6_m-1f-1_P6_Y-1_U76,FXX,0,31.038064096311356,0,0,0.0,0,0,0,0.0,0.75,1,P5_CV0,3,0,2,1,1
6,2545325.475,726552.0418,Age0_F6_m6f6_P6_Y0_UO675,R6_F6_m-1f-1_P6_Y-1_U23,R6_F6_m-1f-1_P6_Y-1_U74,MXY,0,31.038064096311356,0,0,0.0,0,0,0,0.0,0.75,1,P5_CV0,3,0,2,1,1
6,2545325.475,726552.0418,Age0_F6_m6f6_P6_Y0_UO676,R6_F6_m-1f-1_P6_Y-1_U23,R6_F6_m-1f-1_P6_Y-1_U74,FXX,0,31.038064096311356,0,0,0.0,0,0,0,0.0,0.75,1,P5_CV0,3,1,1,1,1
6,2545325.475,726552.0418,Age0_F6_m6f6_P6_Y0_UO677,R6_F6_m-1f-1_P6_Y-1_U23,R6_F6_m-1f-1_P6_Y-1_U74,FXX,0,31.038064096311356,0,0,0.0,0,0,0,0.0,0.75,1,P5_CV0,3,2,0,1,1
6,2545325.475,726552.0418,Age0_F6_m6f6_P6_Y0_UO678,R6_F6_m-1f-1_P6_Y-1_U23,R6_F6_m-1f-1_P6_Y-1_U74,FXX,0,31.038064096311356,0,0,0.0,0,0,0,0.0,0.75,1,P5_CV0,3,1,1,0,2
6,2545325.475,726552.0418,Age0_F6_m6f6_P6_Y0_UO679,R6_F6_m-1f-1_P6_Y-1_U23,R6_F6_m-1f-1_P6_Y-1_U74,MXY,0,31.038064096311356,0,0,0.0,0,0,0,0.0,0.75,1,P5_CV0,3,0,2,1,1
6,2545325.475,726552.0418,Age0_F6_m6f6_P6_Y0_UO680,R6_F6_m-1f-1_P6_Y-1_U82,R6_F6_m-1f-1_P6_Y-1_U18,FXX,0,31.038064096311356,0,0,0.0,0,0,0,0.0,1.0,1,P5_CV0,3,2,0,2,0
6,2545325.475,726552.0418,Age0_F6_m6f6_P6_Y0_UO681,R6_F6_m-1f-1_P6_Y-1_U82,R6_F6_m-1f-1_P6_Y-1_U18,MXY,0,31.038064096311356,0,0,0.0,0,0,0,0.0,1.0,1,P5_CV0,3,0,2,1,1
6,2545325.475,726552.0418,Age0_F6_m6f6_P6_Y0_UO682,R6_F6_m-1f-1_P6_Y-1_U82,R6_F6_m-1f-1_P6_Y-1_U18,MXY,0,31.038064096311356,0,0,0.0,0,0,0,0.0,1.0,1,P5_CV0,3,2,0,2,0
6,2545325.475,726552.0418,Age0_F6_m6f6_P6_Y0_UO683,R6_F6_m-1f-1_P6_Y-1_U82,R6_F6_m-1f-1_P6_Y-1_U18,MXY,0,31.038064096311356,0,0,0.0,0,0,0,0.0,1.0,1,P5_CV0,3,1,1,2,0
6,2545325.475,726552.0418,Age0_F6_m6f6_P6_Y0_UO684,R6_F6_m-1f-1_P6_Y-1_U82,R6_F6_m-1f-1_P6_Y-1_U18,FXX,0,31.038064096311356,0,0,0.0,0,0,0,0.0,1.0,1,P5_CV0,3,1,1,1,1
6,2545325.475,726552.0418,Age0_F6_m6f6_P6_Y0_UO685,R6_F6_m-1f-1_P6_Y-1_U82,R6_F6_m-1f-1_P6_Y-1_U18,MXY,0,31.038064096311356,0,0,0.0,0,0,0,0.0,1.0,1,P5_CV0,3,1,1,1,1
6,2545325.475,726552.0418,Age0_F6_m6f6_P6_Y0_UO686,R6_F6_m-1f-1_P6_Y-1_U43,R6_F6_m-1f-1_P6_Y-1_U76,FXX,0,31.038064096311356,0,0,0.0,0,0,0,0.0,0.75,1,P5_CV0,3,1,1,1,1
6,2545325.475,726552.0418,Age0_F6_m6f6_P6_Y0_UO687,R6_F6_m-1f-1_P6_Y-1_U43,R6_F6_m-1f-1_P6_Y-1_U76,MXY,0,31.038064096311356,0,0,0.0,0,0,0,0.0,0.75,1,P5_CV0,3,1,1,1,1
6,2545325.475,726552.0418,Age0_F6_m6f6_P6_Y0_UO688,R6_F6_m-1f-1_P6_Y-1_U43,R6_F6_m-1f-1_P6_Y-1_U76,MXY,0,31.038064096311356,0,0,0.0,0,0,0,0.0,0.75,1,P5_CV0,3,0,2,0,2
6,2545325.475,726552.0418,Age0_F6_m6f6_P6_Y0_UO689,R6_F6_m-1f-1_P6_Y-1_U43,R6_F6_m-1f-1_P6_Y-1_U76,FXX,0,31.038064096311356,0,0,0.0,0,0,0,0.0,0.75,1,P5_CV0,3,2,0,0,2
6,2545325.475,726552.0418,Age0_F6_m6f6_P6_Y0_UO705,R6_F6_m-1f-1_P6_Y-1_U119,R6_F6_m-1f-1_P6_Y-1_U34,FXX,0,31.038064096311356,0,0,0.0,0,0,0,0.0,1.0,1,P5_CV0,3,0,2,1,1
6,2545325.475,726552.0418,Age0_F6_m6f6_P6_Y0_UO706,R6_F6_m-1f-1_P6_Y-1_U119,R6_F6_m-1f-1_P6_Y-1_U34,FXX,0,31.038064096311356,0,0,0.0,0,0,0,0.0,1.0,1,P5_CV0,3,1,1,0,2
6,2545325.475,726552.0418,Age0_F6_m6f6_P6_Y0_UO707,R6_F6_m-1f-1_P6_Y-1_U119,R6_F6_m-1f-1_P6_Y-1_U34,MXY,0,31.038064096311356,0,0,0.0,0,0,0,0.0,1.0,1,P5_CV0,3,1,1,1,1
6,2545325.475,726552.0418,Age0_F6_m6f6_P6_Y0_UO708,R6_F6_m-1f-1_P6_Y-1_U119,R6_F6_m-1f-1_P6_Y-1_U34,FXX,0,31.038064096311356,0,0,0.0,0,0,0,0.0,1.0,1,P5_CV0,3,1,1,2,0
6,2545325.475,726552.0418,Age0_F6_m6f6_P6_Y0_UO709,R6_F6_m-1f-1_P6_Y-1_U142,R6_F6_m-1f-1_P6_Y-1_U103,MXY,0,31.038064096311356,0,0,0.0,0,0,0,0.0,0.25,1,P5_CV0,3,1,1,0,2
6,2545325.475,726552.0418,Age0_F6_m6f6_P6_Y0_UO710,R6_F6_m-1f-1_P6_Y-1_U142,R6_F6_m-1f-1_P6_Y-1_U103,FXX,0,31.038064096311356,0,0,0.0,0,0,0,0.0,0.25,1,P5_CV0,3,2,0,1,1
6,2545325.475,726552.0418,Age0_F6_m6f6_P6_Y0_UO711,R6_F6_m-1f-1_P6_Y-1_U142,R6_F6_m-1f-1_P6_Y-1_U103,MXY,0,31.038064096311356,0,0,0.0,0,0,0,0.0,0.25,1,P5_CV0,3,1,1,1,1
6,2545325.475,726552.0418,Age0_F6_m6f6_P6_Y0_UO712,R6_F6_m-1f-1_P6_Y-1_U142,R6_F6_m-1f-1_P6_Y-1_U103,MXY,0,31.038064096311356,0,0,0.0,0,0,0,0.0,0.25,1,P5_CV0,3,0,2,1,1
6,2545325.475,726552.0418,Age0_F6_m6f6_P6_Y0_UO713,R6_F6_m-1f-1_P6_Y-1_U142,R6_F6_m-1f-1_P6_Y-1_U103,FXX,0,31.038064096311356,0,0,0.0,0,0,0,0.0,0.25,1,P5_CV0,3,2,0,1,1
6,2545325.475,726552.0418,Age0_F6_m6f6_P6_Y0_UO714,R6_F6_m-1f-1_P6_Y-1_U142,R6_F6_m-1f-1_P6_Y-1_U103,MXY,0,31.038064096311356,0,0,0.0,0,0,0,0.0,0.25,1,P5_CV0,3,0,2,0,2
6,2545325.475,726552.0418,Age0_F6_m6f6_P6_Y0_UO715,R6_F6_m-1f-1_P6_Y-1_U142,R6_F6_m-1f-1_P6_Y-1_U103,FXX,0,31.038064096311356,0,0,0.0,0,0,0,0.0,0.25,1,P5_CV0,3,1,1,2,0
6,2545325.475,726552.0418,Age0_F6_m6f6_P6_Y0_UO716,R6_F6_m-1f-1_P6_Y-1_U142,R6_F6_m-1f-1_P6_Y-1_U103,MXY,0,31.038064096311356,0,0,0.0,0,0,0,0.0,0.25,1,P5_CV0,3,2,0,2,0
6,2545325.475,726552.0418,Age0_F6_m6f6_P6_Y0_UO717,R6_F6_m-1f-1_P6_Y-1_U142,R6_F6_m-1f-1_P6_Y-1_U103,MXY,0,31.038064096311356,0,0,0.0,0,0,0,0.0,0.25,1,P5_CV0,3,2,0,0,2
6,2545325.475,726552.0418,Age0_F6_m6f6_P6_Y0_UO730,R6_F6_m-1f-1_P6_Y-1_U36,R6_F6_m-1f-1_P6_Y-1_U3,FXX,0,31.038064096311356,0,0,0.0,0,0,0,0.0,0.5,1,P5_CV0,3,1,1,1,1
6,2545325.475,726552.0418,Age0_F6_m6f6_P6_Y0_UO731,R6_F6_m-1f-1_P6_Y-1_U36,R6_F6_m-1f-1_P6_Y-1_U3,FXX,0,31.038064096311356,0,0,0.0,0,0,0,0.0,0.5,1,P5_CV0,3,1,1,1,1
6,2545325.475,726552.0418,Age0_F6_m6f6_P6_Y0_UO732,R6_F6_m-1f-1_P6_Y-1_U36,R6_F6_m-1f-1_P6_Y-1_U3,FXX,0,31.038064096311356,0,0,0.0,0,0,0,0.0,0.5,1,P5_CV0,3,2,0,2,0
6,2545325.475,726552.0418,Age0_F6_m6f6_P6_Y0_UO733,R6_F6_m-1f-1_P6_Y-1_U36,R6_F6_m-1f-1_P6_Y-1_U3,MXY,0,31.038064096311356,0,0,0.0,0,0,0,0.0,0.5,1,P5_CV0,3,0,2,1,1
6,2545325.475,726552.0418,Age0_F6_m6f6_P6_Y0_UO758,R6_F6_m-1f-1_P6_Y-1_U75,R6_F6_m-1f-1_P6_Y-1_U88,MXY,0,31.038064096311356,0,0,0.0,0,0,0,0.0,0.5,1,P5_CV0,3,1,1,2,0
6,2545325.475,726552.0418,Age0_F6_m6f6_P6_Y0_UO759,R6_F6_m-1f-1_P6_Y-1_U75,R6_F6_m-1f-1_P6_Y-1_U88,FXX,0,31.038064096311356,0,0,0.0,0,0,0,0.0,0.5,1,P5_CV0,3,1,1,0,2
6,2545325.475,726552.0418,Age0_F6_m6f6_P6_Y0_UO760,R6_F6_m-1f-1_P6_Y-1_U75,R6_F6_m-1f-1_P6_Y-1_U88,FXX,0,31.038064096311356,0,0,0.0,0,0,0,0.0,0.5,1,P5_CV0,3,1,1,0,2
6,2545325.475,726552.0418,Age0_F6_m6f6_P6_Y0_UO766,R6_F6_m-1f-1_P6_Y-1_U24,R6_F6_m-1f-1_P6_Y-1_U74,FXX,0,31.038064096311356,0,0,0.0,0,0,0,0.0,0.25,1,P5_CV0,3,2,0,0,2
6,2545325.475,726552.0418,Age0_F6_m6f6_P6_Y0_UO767,R6_F6_m-1f-1_P6_Y-1_U24,R6_F6_m-1f-1_P6_Y-1_U74,MXY,0,31.038064096311356,0,0,0.0,0,0,0,0.0,0.25,1,P5_CV0,3,1,1,0,2
6,2545325.475,726552.0418,Age0_F6_m6f6_P6_Y0_UO768,R6_F6_m-1f-1_P6_Y-1_U24,R6_F6_m-1f-1_P6_Y-1_U74,FXX,0,31.038064096311356,0,0,0.0,0,0,0,0.0,0.25,1,P5_CV0,3,2,0,1,1
6,2545325.475,726552.0418,Age0_F6_m6f6_P6_Y0_UO769,R6_F6_m-1f-1_P6_Y-1_U24,R6_F6_m-1f-1_P6_Y-1_U74,MXY,0,31.038064096311356,0,0,0.0,0,0,0,0.0,0.25,1,P5_CV0,3,2,0,1,1
6,2545325.475,726552.0418,Age0_F6_m6f6_P6_Y0_UO812,R6_F6_m-1f-1_P6_Y-1_U24,R6_F6_m-1f-1_P6_Y-1_U132,MXY,0,31.038064096311356,0,0,0.0,0,0,0,0.0,0.0,1,P5_CV0,3,2,0,0,2
6,2545325.475,726552.0418,Age0_F6_m6f6_P6_Y0_UO813,R6_F6_m-1f-1_P6_Y-1_U24,R6_F6_m-1f-1_P6_Y-1_U132,FXX,0,31.038064096311356,0,0,0.0,0,0,0,0.0,0.0,1,P5_CV0,3,2,0,1,1
6,2545325.475,726552.0418,Age0_F6_m6f6_P6_Y0_UO814,R6_F6_m-1f-1_P6_Y-1_U24,R6_F6_m-1f-1_P6_Y-1_U132,FXX,0,31.038064096311356,0,0,0.0,0,0,0,0.0,0.0,1,P5_CV0,3,1,1,2,0
6,2545325.475,726552.0418,Age0_F6_m6f6_P6_Y0_UO900,R6_F6_m-1f-1_P6_Y-1_U116,R6_F6_m-1f-1_P6_Y-1_U103,MXY,0,31.038064096311356,0,0,0.0,0,0,0,0.0,0.25,1,P5_CV0,3,1,1,1,1
6,2545325.475,726552.0418,Age0_F6_m6f6_P6_Y0_UO901,R6_F6_m-1f-1_P6_Y-1_U116,R6_F6_m-1f-1_P6_Y-1_U103,FXX,0,31.038064096311356,0,0,0.0,0,0,0,0.0,0.25,1,P5_CV0,3,1,1,0,2
6,2545325.475,726552.0418,Age0_F6_m6f6_P6_Y0_UO902,R6_F6_m-1f-1_P6_Y-1_U116,R6_F6_m-1f-1_P6_Y-1_U103,MXY,0,31.038064096311356,0,0,0.0,0,0,0,0.0,0.25,1,P5_CV0,3,1,1,1,1
6,2545325.475,726552.0418,Age0_F6_m6f6_P6_Y0_UO903,R6_F6_m-1f-1_P6_Y-1_U116,R6_F6_m-1f-1_P6_Y-1_U103,FXX,0,31.038064096311356,0,0,0.0,0,0,0,0.0,0.25,1,P5_CV0,3,1,1,1,1
6,2545325.475,726552.0418,Age0_F6_m6f6_P6_Y0_UO904,R6_F6_m-1f-1_P6_Y-1_U116,R6_F6_m-1f-1_P6_Y-1_U103,FXX,0,31.038064096311356,0,0,0.0,0,0,0,0.0,0.25,1,P5_CV0,3,1,1,1,1
6,2545325.475,726552.0418,Age0_F6_m6f6_P6_Y0_UO905,R6_F6_m-1f-1_P6_Y-1_U116,R6_F6_m-1f-1_P6_Y-1_U103,MXY,0,31.038064096311356,0,0,0.0,0,0,0,0.0,0.25,1,P5_CV0,3,2,0,2,0
6,2545325.475,726552.0418,Age0_F6_m6f6_P6_Y0_UO939,R6_F6_m-1f-1_P6_Y-1_U43,R6_F6_m-1f-1_P6_Y-1_U53,MXY,0,31.038064096311356,0,0,0.0,0,0,0,0.0,0.75,1,P5_CV0,3,1,1,1,1
6,2545325.475,726552.0418,Age0_F6_m6f6_P6_Y0_UO940,R6_F6_m-1f-1_P6_Y-1_U43,R6_F6_m-1f-1_P6_Y-1_U53,MXY,0,31.038064096311356,0,0,0.0,0,0,0,0.0,0.75,1,P5_CV0,3,2,0,2,0
6,2545325.475,726552.0418,Age0_F6_m6f6_P6_Y0_UO941,R6_F6_m-1f-1_P6_Y-1_U43,R6_F6_m-1f-1_P6_Y-1_U53,MXY,0,31.038064096311356,0,0,0.0,0,0,0,0.0,0.75,1,P5_CV0,3,1,1,0,2
6,2545325.475,726552.0418,Age0_F6_m6f6_P6_Y0_UO960,R6_F6_m-1f-1_P6_Y-1_U86,R6_F6_m-1f-1_P6_Y-1_U74,FXX,0,31.038064096311356,0,0,0.0,0,0,0,0.0,0.25,1,P5_CV0,3,1,1,0,2
6,2545325.475,726552.0418,Age0_F6_m6f6_P6_Y0_UO961,R6_F6_m-1f-1_P6_Y-1_U86,R6_F6_m-1f-1_P6_Y-1_U74,MXY,0,31.038064096311356,0,0,0.0,0,0,0,0.0,0.25,1,P5_CV0,3,1,1,2,0
6,2545325.475,726552.0418,Age0_F6_m6f6_P6_Y0_UO1014,R6_F6_m-1f-1_P6_Y-1_U39,R6_F6_m-1f-1_P6_Y-1_U88,FXX,0,31.038064096311356,0,0,0.0,0,0,0,0.0,0.5,1,P5_CV0,3,0,2,1,1
6,2545325.475,726552.0418,Age0_F6_m6f6_P6_Y0_UO1015,R6_F6_m-1f-1_P6_Y-1_U39,R6_F6_m-1f-1_P6_Y-1_U88,MXY,0,31.038064096311356,0,0,0.0,0,0,0,0.0,0.5,1,P5_CV0,3,2,0,1,1
6,2545325.475,726552.0418,Age0_F6_m6f6_P6_Y0_UO1027,R6_F6_m-1f-1_P6_Y-1_U36,R6_F6_m-1f-1_P6_Y-1_U87,FXX,0,31.038064096311356,0,0,0.0,0,0,0,0.0,0.5,1,P5_CV0,3,1,1,0,2
6,2545325.475,726552.0418,Age0_F6_m6f6_P6_Y0_UO1028,R6_F6_m-1f-1_P6_Y-1_U36,R6_F6_m-1f-1_P6_Y-1_U87,FXX,0,31.038064096311356,0,0,0.0,0,0,0,0.0,0.5,1,P5_CV0,3,1,1,0,2
6,2545325.475,726552.0418,Age0_F6_m6f6_P6_Y0_UO1029,R6_F6_m-1f-1_P6_Y-1_U36,R6_F6_m-1f-1_P6_Y-1_U87,MXY,0,31.038064096311356,0,0,0.0,0,0,0,0.0,0.5,1,P5_CV0,3,0,2,2,0
6,2545325.475,726552.0418,Age0_F6_m6f6_P6_Y0_UO1030,R6_F6_m-1f-1_P6_Y-1_U36,R6_F6_m-1f-1_P6_Y-1_U87,FXX,0,31.038064096311356,0,0,0.0,0,0,0,0.0,0.5,1,P5_CV0,3,1,1,1,1
6,2545325.475,726552.0418,Age0_F6_m6f6_P6_Y0_UO1031,R6_F6_m-1f-1_P6_Y-1_U36,R6_F6_m-1f-1_P6_Y-1_U87,MXY,0,31.038064096311356,0,0,0.0,0,0,0,0.0,0.5,1,P5_CV0,3,1,1,0,2
6,2545325.475,726552.0418,Age0_F6_m6f6_P6_Y0_UO1035,R6_F6_m-1f-1_P6_Y-1_U142,R6_F6_m-1f-1_P6_Y-1_U29,MXY,0,31.038064096311356,0,0,0.0,0,0,0,0.0,0.5,1,P5_CV0,3,1,1,1,1
6,2545325.475,726552.0418,Age0_F6_m6f6_P6_Y0_UO1036,R6_F6_m-1f-1_P6_Y-1_U142,R6_F6_m-1f-1_P6_Y-1_U29,MXY,0,31.038064096311356,0,0,0.0,0,0,0,0.0,0.5,1,P5_CV0,3,0,2,2,0
6,2545325.475,726552.0418,Age0_F6_m6f6_P6_Y0_UO1037,R6_F6_m-1f-1_P6_Y-1_U142,R6_F6_m-1f-1_P6_Y-1_U29,MXY,0,31.038064096311356,0,0,0.0,0,0,0,0.0,0.5,1,P5_CV0,3,2,0,1,1
6,2545325.475,726552.0418,Age0_F6_m6f6_P6_Y0_UO1038,R6_F6_m-1f-1_P6_Y-1_U142,R6_F6_m-1f-1_P6_Y-1_U29,FXX,0,31.038064096311356,0,0,0.0,0,0,0,0.0,0.5,1,P5_CV0,3,1,1,1,1
6,2545325.475,726552.0418,Age0_F6_m6f6_P6_Y0_UO1039,R6_F6_m-1f-1_P6_Y-1_U142,R6_F6_m-1f-1_P6_Y-1_U29,MXY,0,31.038064096311356,0,0,0.0,0,0,0,0.0,0.5,1,P5_CV0,3,2,0,1,1
6,2545325.475,726552.0418,Age0_F6_m6f6_P6_Y0_UO1040,R6_F6_m-1f-1_P6_Y-1_U142,R6_F6_m-1f-1_P6_Y-1_U29,FXX,0,31.038064096311356,0,0,0.0,0,0,0,0.0,0.5,1,P5_CV0,3,0,2,2,0
6,2545325.475,726552.0418,Age0_F6_m6f6_P6_Y0_UO1041,R6_F6_m-1f-1_P6_Y-1_U137,R6_F6_m-1f-1_P6_Y-1_U55,MXY,0,31.038064096311356,0,0,0.0,0,0,0,0.0,0.25,1,P5_CV0,3,2,0,2,0
6,2545325.475,726552.0418,Age0_F6_m6f6_P6_Y0_UO1042,R6_F6_m-1f-1_P6_Y-1_U137,R6_F6_m-1f-1_P6_Y-1_U55,MXY,0,31.038064096311356,0,0,0.0,0,0,0,0.0,0.25,1,P5_CV0,3,1,1,1,1
6,2545325.475,726552.0418,Age0_F6_m6f6_P6_Y0_UO1066,R6_F6_m-1f-1_P6_Y-1_U52,R6_F6_m-1f-1_P6_Y-1_U126,MXY,0,31.038064096311356,0,0,0.0,0,0,0,0.0,0.25,1,P5_CV0,3,1,1,2,0
6,2545325.475,726552.0418,Age0_F6_m6f6_P6_Y0_UO1067,R6_F6_m-1f-1_P6_Y-1_U52,R6_F6_m-1f-1_P6_Y-1_U126,FXX,0,31.038064096311356,0,0,0.0,0,0,0,0.0,0.25,1,P5_CV0,3,1,1,2,0
6,2545325.475,726552.0418,Age0_F6_m6f6_P6_Y0_UO1085,R6_F6_m-1f-1_P6_Y-1_U47,R6_F6_m-1f-1_P6_Y-1_U65,MXY,0,31.038064096311356,0,0,0.0,0,0,0,0.0,0.25,1,P5_CV0,3,1,1,2,0
6,2545325.475,726552.0418,Age0_F6_m6f6_P6_Y0_UO1098,R6_F6_m-1f-1_P6_Y-1_U11,R6_F6_m-1f-1_P6_Y-1_U134,MXY,0,31.038064096311356,0,0,0.0,0,0,0,0.0,0.75,1,P5_CV0,3,1,1,2,0
6,2545325.475,726552.0418,Age0_F6_m6f6_P6_Y0_UO1099,R6_F6_m-1f-1_P6_Y-1_U11,R6_F6_m-1f-1_P6_Y-1_U134,MXY,0,31.038064096311356,0,0,0.0,0,0,0,0.0,0.75,1,P5_CV0,3,1,1,0,2
6,2545325.475,726552.0418,Age0_F6_m6f6_P6_Y0_UO1100,R6_F6_m-1f-1_P6_Y-1_U11,R6_F6_m-1f-1_P6_Y-1_U134,MXY,0,31.038064096311356,0,0,0.0,0,0,0,0.0,0.75,1,P5_CV0,3,2,0,0,2
6,2545325.475,726552.0418,Age0_F6_m6f6_P6_Y0_UO1101,R6_F6_m-1f-1_P6_Y-1_U11,R6_F6_m-1f-1_P6_Y-1_U134,MXY,0,31.038064096311356,0,0,0.0,0,0,0,0.0,0.75,1,P5_CV0,3,1,1,1,1
6,2545325.475,726552.0418,Age0_F6_m6f6_P6_Y0_UO1102,R6_F6_m-1f-1_P6_Y-1_U11,R6_F6_m-1f-1_P6_Y-1_U134,FXX,0,31.038064096311356,0,0,0.0,0,0,0,0.0,0.75,1,P5_CV0,3,1,1,2,0
6,2545325.475,726552.0418,Age0_F6_m6f6_P6_Y0_UO1103,R6_F6_m-1f-1_P6_Y-1_U11,R6_F6_m-1f-1_P6_Y-1_U134,FXX,0,31.038064096311356,0,0,0.0,0,0,0,0.0,0.75,1,P5_CV0,3,2,0,0,2
6,2545325.475,726552.0418,Age0_F6_m6f6_P6_Y0_UO1104,R6_F6_m-1f-1_P6_Y-1_U11,R6_F6_m-1f-1_P6_Y-1_U134,MXY,0,31.038064096311356,0,0,0.0,0,0,0,0.0,0.75,1,P5_CV0,3,0,2,1,1
6,2545325.475,726552.0418,Age0_F6_m6f6_P6_Y0_UO1105,R6_F6_m-1f-1_P6_Y-1_U11,R6_F6_m-1f-1_P6_Y-1_U134,FXX,0,31.038064096311356,0,0,0.0,0,0,0,0.0,0.75,1,P5_CV0,3,1,1,1,1
6,2545325.475,726552.0418,Age0_F6_m6f6_P6_Y0_UO1106,R6_F6_m-1f-1_P6_Y-1_U11,R6_F6_m-1f-1_P6_Y-1_U134,MXY,0,31.038064096311356,0,0,0.0,0,0,0,0.0,0.75,1,P5_CV0,3,0,2,1,1
6,2545325.475,726552.0418,R6_F6_m-1f-1_P6_Y-1_U0,-9999,-9999,FXX,1,58.154017064510036,1,1,1.899,0,0,0,-9999.0,0.0,1,P5_CV0,3,0,2,1,1
6,2545325.475,726552.0418,R6_F6_m-1f-1_P6_Y-1_U4,-9999,-9999,FXX,1,58.154017064510036,1,1,1.738,0,0,0,-9999.0,0.5,1,P5_CV0,3,1,1,2,0
6,2545325.475,726552.0418,R6_F6_m-1f-1_P6_Y-1_U5,-9999,-9999,MXY,1,58.154017064510036,1,1,0.0,0,0,0,-9999.0,0.5,1,P5_CV0,3,1,1,1,1
6,2545325.475,726552.0418,R6_F6_m-1f-1_P6_Y-1_U7,-9999,-9999,MXY,1,58.154017064510036,1,1,0.0,0,0,0,-9999.0,0.0,1,P5_CV0,3,0,2,1,1
6,2545325.475,726552.0418,R6_F6_m-1f-1_P6_Y-1_U8,-9999,-9999,FXX,1,58.154017064510036,1,1,1.0,0,0,0,-9999.0,1.0,1,P5_CV0,3,2,0,2,0
6,2545325.475,726552.0418,R6_F6_m-1f-1_P6_Y-1_U9,-9999,-9999,FXX,1,58.154017064510036,1,1,0.0,0,0,0,-9999.0,0.5,1,P5_CV0,3,1,1,0,2
6,2545325.475,726552.0418,R6_F6_m-1f-1_P6_Y-1_U10,-9999,-9999,MXY,1,58.154017064510036,1,1,0.0,0,0,0,-9999.0,0.0,1,P5_CV0,3,0,2,1,1
6,2545325.475,726552.0418,R6_F6_m-1f-1_P6_Y-1_U12,-9999,-9999,MXY,1,58.154017064510036,1,1,0.0,0,0,0,-9999.0,0.0,1,P5_CV0,3,0,2,2,0
6,2545325.475,726552.0418,R6_F6_m-1f-1_P6_Y-1_U19,-9999,-9999,MXY,1,58.154017064510036,1,1,0.0,0,0,0,-9999.0,0.5,1,P5_CV0,3,1,1,1,1
6,2545325.475,726552.0418,R6_F6_m-1f-1_P6_Y-1_U21,-9999,-9999,MXY,1,58.154017064510036,1,1,0.0,0,0,0,-9999.0,0.5,1,P5_CV0,3,1,1,0,2
6,2545325.475,726552.0418,R6_F6_m-1f-1_P6_Y-1_U26,-9999,-9999,MXY,1,58.154017064510036,1,1,0.0,0,0,0,-9999.0,0.0,1,P5_CV0,3,0,2,2,0
6,2545325.475,726552.0418,R6_F6_m-1f-1_P6_Y-1_U27,-9999,-9999,MXY,1,58.154017064510036,1,1,0.0,0,0,0,-9999.0,1.0,1,P5_CV0,3,2,0,1,1
6,2545325.475,726552.0418,R6_F6_m-1f-1_P6_Y-1_U32,-9999,-9999,FXX,1,58.154017064510036,1,1,0.0,0,0,0,-9999.0,0.5,1,P5_CV0,3,1,1,1,1
6,2545325.475,726552.0418,R6_F6_m-1f-1_P6_Y-1_U33,-9999,-9999,MXY,1,58.154017064510036,1,1,0.0,0,0,0,-9999.0,0.5,1,P5_CV0,3,1,1,1,1
6,2545325.475,726552.0418,R6_F6_m-1f-1_P6_Y-1_U35,-9999,-9999,MXY,1,58.154017064510036,1,1,0.0,0,0,0,-9999.0,1.0,1,P5_CV0,3,2,0,1,1
6,2545325.475,726552.0418,R6_F6_m-1f-1_P6_Y-1_U38,-9999,-9999,MXY,1,58.154017064510036,1,1,0.0,0,0,0,-9999.0,0.0,1,P5_CV0,3,0,2,2,0
6,2545325.475,726552.0418,R6_F6_m-1f-1_P6_Y-1_U40,-9999,-9999,MXY,1,58.154017064510036,1,1,0.0,0,0,0,-9999.0,0.5,1,P5_CV0,3,1,1,1,1
6,2545325.475,726552.0418,R6_F6_m-1f-1_P6_Y-1_U44,-9999,-9999,FXX,1,58.154017064510036,1,1,1.626,0,0,0,-9999.0,0.5,1,P5_CV0,3,1,1,1,1
6,2545325.475,726552.0418,R6_F6_m-1f-1_P6_Y-1_U45,-9999,-9999,MXY,1,58.154017064510036,1,1,0.0,0,0,0,-9999.0,0.5,1,P5_CV0,3,1,1,1,1
6,2545325.475,726552.0418,R6_F6_m-1f-1_P6_Y-1_U46,-9999,-9999,FXX,1,58.154017064510036,1,1,1.699,0,0,0,-9999.0,0.0,1,P5_CV0,3,0,2,1,1
6,2545325.475,726552.0418,R6_F6_m-1f-1_P6_Y-1_U49,-9999,-9999,FXX,1,58.154017064510036,1,1,1.407,0,0,0,-9999.0,0.0,1,P5_CV0,3,0,2,1,1
6,2545325.475,726552.0418,R6_F6_m-1f-1_P6_Y-1_U54,-9999,-9999,FXX,1,58.154017064510036,1,1,0.0,0,0,0,-9999.0,0.5,1,P5_CV0,3,1,1,1,1
6,2545325.475,726552.0418,R6_F6_m-1f-1_P6_Y-1_U56,-9999,-9999,FXX,1,58.154017064510036,1,1,0.0,0,0,0,-9999.0,0.0,1,P5_CV0,3,0,2,1,1
6,2545325.475,726552.0418,R6_F6_m-1f-1_P6_Y-1_U58,-9999,-9999,FXX,1,58.154017064510036,1,1,0.0,0,0,0,-9999.0,0.0,1,P5_CV0,3,0,2,1,1
6,2545325.475,726552.0418,R6_F6_m-1f-1_P6_Y-1_U59,-9999,-9999,FXX,1,58.154017064510036,1,1,0.0,0,0,0,-9999.0,1.0,1,P5_CV0,3,2,0,2,0
6,2545325.475,726552.0418,R6_F6_m-1f-1_P6_Y-1_U60,-9999,-9999,FXX,1,58.154017064510036,1,1,0.0,0,0,0,-9999.0,1.0,1,P5_CV0,3,2,0,1,1
6,2545325.475,726552.0418,R6_F6_m-1f-1_P6_Y-1_U61,-9999,-9999,FXX,1,58.154017064510036,1,1,1.28,0,0,0,-9999.0,0.5,1,P5_CV0,3,1,1,0,2
6,2545325.475,726552.0418,R6_F6_m-1f-1_P6_Y-1_U62,-9999,-9999,MXY,1,58.154017064510036,1,1,0.0,0,0,0,-9999.0,0.5,1,P5_CV0,3,1,1,1,1
6,2545325.475,726552.0418,R6_F6_m-1f-1_P6_Y-1_U63,-9999,-9999,MXY,1,58.154017064510036,1,1,0.0,0,0,0,-9999.0,0.5,1,P5_CV0,3,1,1,0,2
6,2545325.475,726552.0418,R6_F6_m-1f-1_P6_Y-1_U64,-9999,-9999,FXX,1,58.154017064510036,1,1,1.631,0,0,0,-9999.0,1.0,1,P5_CV0,3,2,0,1,1
6,2545325.475,726552.0418,R6_F6_m-1f-1_P6_Y-1_U66,-9999,-9999,FXX,1,58.154017064510036,1,1,1.092,0,0,0,-9999.0,0.5,1,P5_CV0,3,1,1,0,2
6,2545325.475,726552.0418,R6_F6_m-1f-1_P6_Y-1_U68,-9999,-9999,FXX,1,58.154017064510036,1,1,1.0,0,0,0,-9999.0,0.5,1,P5_CV0,3,1,1,1,1
6,2545325.475,726552.0418,R6_F6_m-1f-1_P6_Y-1_U69,-9999,-9999,MXY,1,58.154017064510036,1,1,0.0,0,0,0,-9999.0,0.0,1,P5_CV0,3,0,2,2,0
6,2545325.475,726552.0418,R6_F6_m-1f-1_P6_Y-1_U70,-9999,-9999,FXX,1,58.154017064510036,1,1,1.0,0,0,0,-9999.0,0.5,1,P5_CV0,3,1,1,1,1
6,2545325.475,726552.0418,R6_F6_m-1f-1_P6_Y-1_U72,-9999,-9999,MXY,1,58.154017064510036,1,1,0.0,0,0,0,-9999.0,0.5,1,P5_CV0,3,1,1,0,2
6,2545325.475,726552.0418,R6_F6_m-1f-1_P6_Y-1_U79,-9999,-9999,MXY,1,58.154017064510036,1,1,0.0,0,0,0,-9999.0,1.0,1,P5_CV0,3,2,0,1,1
6,2545325.475,726552.0418,R6_F6_m-1f-1_P6_Y-1_U80,-9999,-9999,MXY,1,58.154017064510036,1,1,0.0,0,0,0,-9999.0,1.0,1,P5_CV0,3,2,0,2,0
6,2545325.475,726552.0418,R6_F6_m-1f-1_P6_Y-1_U81,-9999,-9999,FXX,1,58.154017064510036,1,1,0.0,0,0,0,-9999.0,1.0,1,P5_CV0,3,2,0,1,1
6,2545325.475,726552.0418,R6_F6_m-1f-1_P6_Y-1_U85,-9999,-9999,MXY,1,58.154017064510036,1,1,0.0,0,0,0,-9999.0,1.0,1,P5_CV0,3,2,0,1,1
6,2545325.475,726552.0418,R6_F6_m-1f-1_P6_Y-1_U89,-9999,-9999,FXX,1,58.154017064510036,1,1,1.138,0,0,0,-9999.0,0.5,1,P5_CV0,3,1,1,1,1
6,2545325.475,726552.0418,R6_F6_m-1f-1_P6_Y-1_U90,-9999,-9999,MXY,1,58.154017064510036,1,1,0.0,0,0,0,-9999.0,0.5,1,P5_CV0,3,1,1,1,1
6,2545325.475,726552.0418,R6_F6_m-1f-1_P6_Y-1_U91,-9999,-9999,MXY,1,58.154017064510036,1,1,0.0,0,0,0,-9999.0,1.0,1,P5_CV0,3,2,0,2,0
6,2545325.475,726552.0418,R6_F6_m-1f-1_P6_Y-1_U92,-9999,-9999,FXX,1,58.154017064510036,1,1,0.0,0,0,0,-9999.0,0.5,1,P5_CV0,3,1,1,1,1
6,2545325.475,726552.0418,R6_F6_m-1f-1_P6_Y-1_U94,-9999,-9999,FXX,1,58.154017064510036,1,1,1.47,0,0,0,-9999.0,0.0,1,P5_CV0,3,0,2,1,1
6,2545325.475,726552.0418,R6_F6_m-1f-1_P6_Y-1_U98,-9999,-9999,MXY,1,58.154017064510036,1,1,0.0,0,0,0,-9999.0,0.5,1,P5_CV0,3,1,1,0,2
6,2545325.475,726552.0418,R6_F6_m-1f-1_P6_Y-1_U99,-9999,-9999,MXY,1,58.154017064510036,1,1,0.0,0,0,0,-9999.0,0.5,1,P5_CV0,3,1,1,0,2
6,2545325.475,726552.0418,R6_F6_m-1f-1_P6_Y-1_U100,-9999,-9999,MXY,1,58.154017064510036,1,1,0.0,0,0,0,-9999.0,1.0,1,P5_CV0,3,2,0,1,1
6,2545325.475,726552.0418,R6_F6_m-1f-1_P6_Y-1_U101,-9999,-9999,FXX,1,58.154017064510036,1,1,1.94,0,0,0,-9999.0,0.5,1,P5_CV0,3,1,1,2,0
6,2545325.475,726552.0418,R6_F6_m-1f-1_P6_Y-1_U104,-9999,-9999,MXY,1,58.154017064510036,1,1,0.0,0,0,0,-9999.0,0.0,1,P5_CV0,3,0,2,1,1
6,2545325.475,726552.0418,R6_F6_m-1f-1_P6_Y-1_U105,-9999,-9999,FXX,1,58.154017064510036,1,1,1.482,0,0,0,-9999.0,0.5,1,P5_CV0,3,1,1,1,1
6,2545325.475,726552.0418,R6_F6_m-1f-1_P6_Y-1_U106,-9999,-9999,MXY,1,58.154017064510036,1,1,0.0,0,0,0,-9999.0,0.5,1,P5_CV0,3,1,1,1,1
6,2545325.475,726552.0418,R6_F6_m-1f-1_P6_Y-1_U107,-9999,-9999,MXY,1,58.154017064510036,1,1,0.0,0,0,0,-9999.0,0.5,1,P5_CV0,3,1,1,1,1
6,2545325.475,726552.0418,R6_F6_m-1f-1_P6_Y-1_U109,-9999,-9999,MXY,1,58.154017064510036,1,1,0.0,0,0,0,-9999.0,0.5,1,P5_CV0,3,1,1,2,0
6,2545325.475,726552.0418,R6_F6_m-1f-1_P6_Y-1_U110,-9999,-9999,MXY,1,58.154017064510036,1,1,0.0,0,0,0,-9999.0,1.0,1,P5_CV0,3,2,0,2,0
6,2545325.475,726552.0418,R6_F6_m-1f-1_P6_Y-1_U111,-9999,-9999,MXY,1,58.154017064510036,1,1,0.0,0,0,0,-9999.0,0.0,1,P5_CV0,3,0,2,2,0
6,2545325.475,726552.0418,R6_F6_m-1f-1_P6_Y-1_U112,-9999,-9999,FXX,1,58.154017064510036,1,1,1.064,0,0,0,-9999.0,0.5,1,P5_CV0,3,1,1,1,1
6,2545325.475,726552.0418,R6_F6_m-1f-1_P6_Y-1_U113,-9999,-9999,MXY,1,58.154017064510036,1,1,0.0,0,0,0,-9999.0,0.5,1,P5_CV0,3,1,1,1,1
6,2545325.475,726552.0418,R6_F6_m-1f-1_P6_Y-1_U115,-9999,-9999,FXX,1,58.154017064510036,1,1,1.567,0,0,0,-9999.0,0.5,1,P5_CV0,3,1,1,2,0
6,2545325.475,726552.0418,R6_F6_m-1f-1_P6_Y-1_U117,-9999,-9999,FXX,1,58.154017064510036,1,1,1.63,0,0,0,-9999.0,1.0,1,P5_CV0,3,2,0,1,1
6,2545325.475,726552.0418,R6_F6_m-1f-1_P6_Y-1_U120,-9999,-9999,MXY,1,58.154017064510036,1,1,0.0,0,0,0,-9999.0,1.0,1,P5_CV0,3,2,0,2,0
6,2545325.475,726552.0418,R6_F6_m-1f-1_P6_Y-1_U123,-9999,-9999,MXY,1,58.154017064510036,1,1,0.0,0,0,0,-9999.0,0.5,1,P5_CV0,3,1,1,1,1
6,2545325.475,726552.0418,R6_F6_m-1f-1_P6_Y-1_U124,-9999,-9999,MXY,1,58.154017064510036,1,1,0.0,0,0,0,-9999.0,0.0,1,P5_CV0,3,0,2,2,0
6,2545325.475,726552.0418,R6_F6_m-1f-1_P6_Y-1_U125,-9999,-9999,FXX,1,58.154017064510036,1,1,3.261,0,0,0,-9999.0,0.5,1,P5_CV0,3,1,1,1,1
6,2545325.475,726552.0418,R6_F6_m-1f-1_P6_Y-1_U131,-9999,-9999,MXY,1,58.154017064510036,1,1,0.0,0,0,0,-9999.0,1.0,1,P5_CV0,3,2,0,1,1
6,2545325.475,726552.0418,R6_F6_m-1f-1_P6_Y-1_U133,-9999,-9999,FXX,1,58.154017064510036,1,1,2.993,0,0,0,-9999.0,0.0,1,P5_CV0,3,0,2,0,2
6,2545325.475,726552.0418,R6_F6_m-1f-1_P6_Y-1_U138,-9999,-9999,FXX,1,58.154017064510036,1,1,1.527,0,0,0,-9999.0,1.0,1,P5_CV0,3,2,0,0,2
6,2545325.475,726552.0418,R6_F6_m-1f-1_P6_Y-1_U139,-9999,-9999,FXX,1,58.154017064510036,1,1,2.47,0,0,0,-9999.0,0.0,1,P5_CV0,3,0,2,0,2
6,2545325.475,726552.0418,R6_F6_m-1f-1_P6_Y-1_U140,-9999,-9999,MXY,1,58.154017064510036,1,1,0.0,0,0,0,-9999.0,0.0,1,P5_CV0,3,0,2,1,1
6,2545325.475,726552.0418,R6_F6_m-1f-1_P6_Y-1_U141,-9999,-9999,FXX,1,58.154017064510036,1,1,1.0,0,0,0,-9999.0,0.5,1,P5_CV0,3,1,1,1,1
6,2545325.475,726552.0418,R6_F6_m-1f-1_P6_Y-1_U144,-9999,-9999,MXY,1,58.154017064510036,1,1,0.0,0,0,0,-9999.0,0.5,1,P5_CV0,3,1,1,2,0
6,2545325.475,726552.0418,R6_F6_m-1f-1_P6_Y-1_U145,-9999,-9999,FXX,1,58.154017064510036,1,1,1.063,0,0,0,-9999.0,1.0,1,P5_CV0,3,2,0,0,2
6,2545325.475,726552.0418,R6_F6_m-1f-1_P6_Y-1_U146,-9999,-9999,MXY,1,58.154017064510036,1,1,0.0,0,0,0,-9999.0,0.0,1,P5_CV0,3,0,2,0,2
6,2545325.475,726552.0418,R6_F6_m-1f-1_P6_Y-1_U147,-9999,-9999,FXX,1,58.154017064510036,1,1,1.0,0,0,0,-9999.0,0.5,1,P5_CV0,3,1,1,1,1
6,2545325.475,726552.0418,R6_F6_m-1f-1_P6_Y-1_U148,-9999,-9999,MXY,1,58.154017064510036,1,1,0.0,0,0,0,-9999.0,1.0,1,P5_CV0,3,2,0,1,1
6,2545325.475,726552.0418,R6_F6_m-1f-1_P6_Y-1_U1,-9999,-9999,MXY,2,79.61931737542706,1,0,0.0,0,0,0,-9999.0,0.0,1,P5_CV0,3,0,2,1,1
6,2545325.475,726552.0418,R6_F6_m-1f-1_P6_Y-1_U6,-9999,-9999,FXX,2,77.64231737542706,1,0,0.0,0,0,0,-9999.0,0.0,1,P5_CV0,3,0,2,2,0
6,2545325.475,726552.0418,R6_F6_m-1f-1_P6_Y-1_U13,-9999,-9999,FXX,2,81.48731737542705,1,0,3.291,0,0,0,-9999.0,1.0,1,P5_CV0,3,2,0,2,0
6,2545325.475,726552.0418,R6_F6_m-1f-1_P6_Y-1_U20,-9999,-9999,MXY,2,74.39531737542707,1,0,0.0,0,0,0,-9999.0,1.0,1,P5_CV0,3,2,0,1,1
6,2545325.475,726552.0418,R6_F6_m-1f-1_P6_Y-1_U22,-9999,-9999,FXX,2,82.00631737542706,1,0,1.0,0,0,0,-9999.0,1.0,1,P5_CV0,3,2,0,1,1
6,2545325.475,726552.0418,R6_F6_m-1f-1_P6_Y-1_U24,-9999,-9999,FXX,2,84.58431737542706,1,0,2.501,0,0,0,-9999.0,0.0,1,P5_CV0,3,0,2,0,2
6,2545325.475,726552.0418,R6_F6_m-1f-1_P6_Y-1_U28,-9999,-9999,FXX,2,86.57631737542705,1,0,2.522,0,0,0,-9999.0,0.5,1,P5_CV0,3,1,1,1,1
6,2545325.475,726552.0418,R6_F6_m-1f-1_P6_Y-1_U29,-9999,-9999,MXY,2,82.11131737542706,1,0,0.0,0,0,0,-9999.0,0.5,1,P5_CV0,3,1,1,2,0
6,2545325.475,726552.0418,R6_F6_m-1f-1_P6_Y-1_U31,-9999,-9999,MXY,2,77.15331737542705,1,0,0.0,0,0,0,-9999.0,0.0,1,P5_CV0,3,0,2,1,1
6,2545325.475,726552.0418,R6_F6_m-1f-1_P6_Y-1_U36,-9999,-9999,FXX,2,84.74231737542706,1,0,1.0,0,0,0,-9999.0,1.0,1,P5_CV0,3,2,0,2,0
6,2545325.475,726552.0418,R6_F6_m-1f-1_P6_Y-1_U39,-9999,-9999,FXX,2,85.01331737542706,1,0,1.0,0,0,0,-9999.0,0.5,1,P5_CV0,3,1,1,0,2
6,2545325.475,726552.0418,R6_F6_m-1f-1_P6_Y-1_U42,-9999,-9999,FXX,2,76.81631737542706,1,0,1.0,0,0,0,-9999.0,0.5,1,P5_CV0,3,1,1,1,1
6,2545325.475,726552.0418,R6_F6_m-1f-1_P6_Y-1_U43,-9999,-9999,FXX,2,76.24831737542706,1,0,1.0,0,0,0,-9999.0,0.5,1,P5_CV0,3,1,1,0,2
6,2545325.475,726552.0418,R6_F6_m-1f-1_P6_Y-1_U47,-9999,-9999,FXX,2,83.25231737542707,1,0,1.516,0,0,0,-9999.0,0.0,1,P5_CV0,3,0,2,0,2
6,2545325.475,726552.0418,R6_F6_m-1f-1_P6_Y-1_U53,-9999,-9999,MXY,2,79.85731737542706,1,0,0.0,0,0,0,-9999.0,1.0,1,P5_CV0,3,2,0,2,0
6,2545325.475,726552.0418,R6_F6_m-1f-1_P6_Y-1_U55,-9999,-9999,MXY,2,73.79931737542707,1,0,0.0,0,0,0,-9999.0,0.5,1,P5_CV0,3,1,1,1,1
6,2545325.475,726552.0418,R6_F6_m-1f-1_P6_Y-1_U57,-9999,-9999,FXX,2,77.86031737542706,1,0,0.0,0,0,0,-9999.0,0.0,1,P5_CV0,3,0,2,1,1
6,2545325.475,726552.0418,R6_F6_m-1f-1_P6_Y-1_U75,-9999,-9999,FXX,2,86.55431737542706,1,0,0.0,0,0,0,-9999.0,0.5,1,P5_CV0,3,1,1,2,0
6,2545325.475,726552.0418,R6_F6_m-1f-1_P6_Y-1_U88,-9999,-9999,MXY,2,82.08631737542706,1,0,0.0,0,0,0,-9999.0,0.5,1,P5_CV0,3,1,1,1,1
6,2545325.475,726552.0418,R6_F6_m-1f-1_P6_Y-1_U95,-9999,-9999,FXX,2,83.45131737542705,1,0,1.188,0,0,0,-9999.0,0.5,1,P5_CV0,3,1,1,2,0
6,2545325.475,726552.0418,R6_F6_m-1f-1_P6_Y-1_U102,-9999,-9999,FXX,2,78.28231737542707,1,0,0.0,0,0,0,-9999.0,1.0,1,P5_CV0,3,2,0,2,0
6,2545325.475,726552.0418,R6_F6_m-1f-1_P6_Y-1_U119,-9999,-9999,FXX,2,81.92731737542705,1,0,2.026,0,0,0,-9999.0,1.0,1,P5_CV0,3,2,0,2,0
6,2545325.475,726552.0418,R6_F6_m-1f-1_P6_Y-1_U126,-9999,-9999,MXY,2,79.69731737542706,1,0,0.0,0,0,0,-9999.0,0.0,1,P5_CV0,3,0,2,0,2
6,2545325.475,726552.0418,R6_F6_m-1f-1_P6_Y-1_U127,-9999,-9999,FXX,2,83.99331737542705,1,0,0.0,0,0,0,-9999.0,1.0,1,P5_CV0,3,2,0,0,2
6,2545325.475,726552.0418,R6_F6_m-1f-1_P6_Y-1_U130,-9999,-9999,FXX,2,81.81131737542707,1,0,2.045,0,0,0,-9999.0,0.5,1,P5_CV0,3,1,1,1,1
6,2545325.475,726552.0418,R6_F6_m-1f-1_P6_Y-1_U136,-9999,-9999,MXY,2,85.74331737542705,1,0,0.0,0,0,0,-9999.0,1.0,1,P5_CV0,3,2,0,1,1
6,2545325.475,726552.0418,R6_F6_m-1f-1_P6_Y-1_U137,-9999,-9999,FXX,2,89.86331737542706,1,0,1.0,0,0,0,-9999.0,0.0,1,P5_CV0,3,0,2,0,2
6,2545325.475,726552.0418,R6_F6_m-1f-1_P6_Y-1_U149,-9999,-9999,FXX,2,80.04731737542706,1,0,0.0,0,0,0,-9999.0,0.5,1,P5_CV0,3,1,1,2,0
6,2545325.475,726552.0418,R6_F6_m-1f-1_P6_Y-1_U18,-9999,-9999,MXY,3,114.08677284989506,1,0,0.0,0,0,0,-9999.0,1.0,1,P5_CV0,3,2,0,0,2
6,2545325.475,726552.0418,R6_F6_m-1f-1_P6_Y-1_U52,-9999,-9999,FXX,3,114.08677284989506,1,0,1.0,0,0,0,-9999.0,0.5,1,P5_CV0,3,1,1,2,0
6,2545325.475,726552.0418,R6_F6_m-1f-1_P6_Y-1_U84,-9999,-9999,MXY,3,114.08677284989506,1,0,0.0,0,0,0,-9999.0,1.0,1,P5_CV0,3,2,0,1,1
6,2545325.475,726552.0418,R6_F6_m-1f-1_P6_Y-1_U86,-9999,-9999,FXX,3,114.08677284989506,1,0,0.0,0,0,0,-9999.0,0.0,1,P5_CV0,3,0,2,2,0
6,2545325.475,726552.0418,R6_F6_m-1f-1_P6_Y-1_U97,-9999,-9999,FXX,3,114.08677284989506,1,0,0.0,0,0,0,-9999.0,1.0,1,P5_CV0,3,2,0,2,0
6,2545325.475,726552.0418,R6_F6_m-1f-1_P6_Y-1_U132,-9999,-9999,MXY,3,114.08677284989506,1,0,0.0,0,0,0,-9999.0,0.0,1,P5_CV0,3,0,2,1,1
7,2527429.642,708511.8011,E7_F1_m-1f-1_P1_Y-1_U38,-9999,-9999,MXY,1,53.62513571464779,1,1,0.0,0,0,0,-9999.0,0.5,1,P0_CV0,3,1,1,2,0
7,2527429.642,708511.8011,E7_F1_m-1f-1_P1_Y-1_U39,-9999,-9999,FXX,1,53.62513571464779,1,1,1.0,0,0,0,-9999.0,0.0,1,P0_CV0,3,0,2,2,0
7,2527429.642,708511.8011,E7_F1_m-1f-1_P1_Y-1_U65,-9999,-9999,FXX,1,53.62513571464779,1,1,0.0,0,0,0,-9999.0,0.0,1,P0_CV0,3,0,2,1,1
7,2527429.642,708511.8011,E7_F1_m-1f-1_P1_Y-1_U72,-9999,-9999,MXY,1,53.62513571464779,1,1,0.0,0,0,0,-9999.0,0.5,1,P0_CV0,3,1,1,1,1
7,2527429.642,708511.8011,E7_F1_m-1f-1_P1_Y-1_U76,-9999,-9999,MXY,1,53.62513571464779,1,1,0.0,0,0,0,-9999.0,0.0,1,P0_CV0,3,0,2,2,0
7,2527429.642,708511.8011,E7_F1_m-1f-1_P1_Y-1_U137,-9999,-9999,MXY,1,53.62513571464779,1,1,0.0,0,0,0,-9999.0,0.5,1,P0_CV0,3,1,1,2,0
7,2527429.642,708511.8011,E7_F1_m-1f-1_P1_Y-1_U146,-9999,-9999,MXY,1,53.62513571464779,1,1,0.0,0,0,0,-9999.0,0.5,1,P0_CV0,3,1,1,0,2
7,2527429.642,708511.8011,E7_F1_m-1f-1_P1_Y-1_U94,-9999,-9999,MXY,2,69.66741049717804,1,0,0.0,0,0,0,-9999.0,0.5,1,P0_CV0,3,1,1,2,0
7,2527429.642,708511.8011,E7_F1_m-1f-1_P1_Y-1_U11,-9999,-9999,MXY,2,75.70141049717803,1,0,0.0,0,0,0,-9999.0,0.0,1,P0_CV0,3,0,2,1,1
7,2527429.642,708511.8011,E7_F1_m-1f-1_P1_Y-1_U20,-9999,-9999,MXY,2,73.57741049717804,1,0,0.0,0,0,0,-9999.0,0.0,1,P0_CV0,3,0,2,1,1
7,2527429.642,708511.8011,E7_F1_m-1f-1_P1_Y-1_U23,-9999,-9999,FXX,2,82.63641049717803,1,0,0.0,0,0,0,-9999.0,0.5,1,P0_CV0,3,1,1,1,1
7,2527429.642,708511.8011,E7_F1_m-1f-1_P1_Y-1_U27,-9999,-9999,MXY,2,72.61741049717803,1,0,0.0,0,0,0,-9999.0,0.0,1,P0_CV0,3,0,2,1,1
7,2527429.642,708511.8011,E7_F1_m-1f-1_P1_Y-1_U41,-9999,-9999,FXX,2,76.63241049717804,1,0,2.355,0,0,0,-9999.0,0.5,1,P0_CV0,3,1,1,1,1
7,2527429.642,708511.8011,E7_F1_m-1f-1_P1_Y-1_U42,-9999,-9999,FXX,2,75.91341049717803,1,0,1.463,0,0,0,-9999.0,0.0,1,P0_CV0,3,0,2,2,0
7,2527429.642,708511.8011,E7_F1_m-1f-1_P1_Y-1_U46,-9999,-9999,FXX,2,83.69641049717804,1,0,1.025,0,0,0,-9999.0,0.5,1,P0_CV0,3,1,1,0,2
7,2527429.642,708511.8011,E7_F1_m-1f-1_P1_Y-1_U57,-9999,-9999,MXY,2,75.91241049717804,1,0,0.0,0,0,0,-9999.0,0.0,1,P0_CV0,3,0,2,2,0
7,2527429.642,708511.8011,E7_F1_m-1f-1_P1_Y-1_U99,-9999,-9999,MXY,2,79.62041049717804,1,0,0.0,0,0,0,-9999.0,0.5,1,P0_CV0,3,1,1,1,1
7,2527429.642,708511.8011,E7_F1_m-1f-1_P1_Y-1_U104,-9999,-9999,MXY,2,72.97941049717802,1,0,0.0,0,0,0,-9999.0,0.5,1,P0_CV0,3,1,1,1,1
7,2527429.642,708511.8011,E7_F1_m-1f-1_P1_Y-1_U36,-9999,-9999,MXY,3,111.59060322203788,1,0,0.0,0,0,0,-9999.0,0.0,1,P0_CV0,3,0,2,1,1
7,2527429.642,708511.8011,E7_F1_m-1f-1_P1_Y-1_U74,-9999,-9999,FXX,3,111.59060322203788,1,0,1.078,0,0,0,-9999.0,0.0,1,P0_CV0,3,0,2,2,0
7,2527429.642,708511.8011,E7_F1_m-1f-1_P1_Y-1_U90,-9999,-9999,FXX,3,111.59060322203788,1,0,1.363,0,0,0,-9999.0,0.0,1,P0_CV0,3,0,2,0,2
7,2527429.642,708511.8011,E7_F1_m-1f-1_P1_Y-1_U120,-9999,-9999,FXX,3,111.59060322203788,1,0,0.0,0,0,0,-9999.0,0.0,1,P0_CV0,3,0,2,1,1
7,2527429.642,708511.8011,E7_F1_m-1f-1_P1_Y-1_U140,-9999,-9999,FXX,3,111.59060322203788,1,0,0.0,0,0,0,-9999.0,0.5,1,P0_CV0,3,1,1,1,1
7,2527429.642,708511.8011,E7_F1_m-1f-1_P1_Y-1_U24,-9999,-9999,MXY,3,111.59060322203788,1,0,0.0,0,0,0,-9999.0,0.0,1,P0_CV0,3,0,2,2,0
7,2527429.642,708511.8011,E7_F1_m-1f-1_P1_Y-1_U79,-9999,-9999,FXX,3,111.59060322203788,1,0,1.681,0,0,0,-9999.0,0.0,1,P0_CV0,3,0,2,1,1
7,2527429.642,708511.8011,E7_F1_m-1f-1_P1_Y-1_U37,-9999,-9999,FXX,3,111.59060322203788,1,0,2.175,0,0,0,-9999.0,0.0,1,P0_CV0,3,0,2,2,0
7,2527429.642,708511.8011,E7_F1_m-1f-1_P1_Y-1_U2,-9999,-9999,MXY,3,111.59060322203788,1,0,0.0,0,0,0,-9999.0,0.5,1,P0_CV0,3,1,1,1,1
7,2527429.642,708511.8011,E7_F1_m-1f-1_P1_Y-1_U9,-9999,-9999,FXX,3,111.59060322203788,1,0,1.139,0,0,0,-9999.0,0.5,1,P0_CV0,3,1,1,1,1
7,2527429.642,708511.8011,E7_F1_m-1f-1_P1_Y-1_U28,-9999,-9999,FXX,3,111.59060322203788,1,0,0.0,0,0,0,-9999.0,0.5,1,P0_CV0,3,1,1,1,1
7,2527429.642,708511.8011,E7_F1_m-1f-1_P1_Y-1_U125,-9999,-9999,FXX,4,145.315094456753,1,0,0.0,0,0,0,-9999.0,0.0,1,P0_CV0,3,0,2,1,1
7,2527429.642,708511.8011,E7_F2_m-1f-1_P2_Y-1_U11,-9999,-9999,FXX,1,31.479457675368817,1,1,0.0,0,0,0,-9999.0,0.0,1,P1_CV0,3,0,2,1,1
7,2527429.642,708511.8011,E7_F2_m-1f-1_P2_Y-1_U36,-9999,-9999,MXY,1,31.479457675368817,1,1,0.0,0,0,0,-9999.0,0.5,1,P1_CV0,3,1,1,1,1
7,2527429.642,708511.8011,E7_F2_m-1f-1_P2_Y-1_U70,-9999,-9999,FXX,1,31.479457675368817,1,1,0.0,0,0,0,-9999.0,1.0,1,P1_CV0,3,2,0,1,1
7,2527429.642,708511.8011,E7_F2_m-1f-1_P2_Y-1_U95,-9999,-9999,MXY,1,31.479457675368817,1,1,0.0,0,0,0,-9999.0,0.5,1,P1_CV0,3,1,1,1,1
7,2527429.642,708511.8011,E7_F2_m-1f-1_P2_Y-1_U142,-9999,-9999,MXY,1,31.479457675368817,1,1,0.0,0,0,0,-9999.0,0.5,1,P1_CV0,3,1,1,2,0
7,2527429.642,708511.8011,E7_F2_m-1f-1_P2_Y-1_U13,-9999,-9999,MXY,2,58.29741284433283,1,0,0.0,0,0,0,-9999.0,0.5,1,P1_CV0,3,1,1,1,1
7,2527429.642,708511.8011,E7_F2_m-1f-1_P2_Y-1_U18,-9999,-9999,FXX,2,49.72241284433284,1,0,0.0,0,0,0,-9999.0,0.5,1,P1_CV0,3,1,1,0,2
7,2527429.642,708511.8011,E7_F2_m-1f-1_P2_Y-1_U26,-9999,-9999,FXX,2,55.543412844332835,1,0,1.0,0,0,0,-9999.0,1.0,1,P1_CV0,3,2,0,2,0
7,2527429.642,708511.8011,E7_F2_m-1f-1_P2_Y-1_U41,-9999,-9999,MXY,2,61.93541284433284,1,0,0.0,0,0,0,-9999.0,0.5,1,P1_CV0,3,1,1,0,2
7,2527429.642,708511.8011,E7_F2_m-1f-1_P2_Y-1_U60,-9999,-9999,MXY,2,49.08841284433284,1,0,0.0,0,0,0,-9999.0,1.0,1,P1_CV0,3,2,0,2,0
7,2527429.642,708511.8011,E7_F2_m-1f-1_P2_Y-1_U72,-9999,-9999,FXX,2,49.939412844332836,1,0,1.592,0,0,0,-9999.0,1.0,1,P1_CV0,3,2,0,2,0
7,2527429.642,708511.8011,E7_F2_m-1f-1_P2_Y-1_U86,-9999,-9999,MXY,2,58.96241284433284,1,0,0.0,0,0,0,-9999.0,1.0,1,P1_CV0,3,2,0,2,0
7,2527429.642,708511.8011,E7_F2_m-1f-1_P2_Y-1_U94,-9999,-9999,MXY,2,55.68441284433283,1,0,0.0,0,0,0,-9999.0,0.5,1,P1_CV0,3,1,1,2,0
7,2527429.642,708511.8011,E7_F2_m-1f-1_P2_Y-1_U100,-9999,-9999,FXX,2,55.29541284433284,1,0,1.0,0,0,0,-9999.0,1.0,1,P1_CV0,3,2,0,2,0
7,2527429.642,708511.8011,E7_F2_m-1f-1_P2_Y-1_U102,-9999,-9999,MXY,2,45.35041284433284,1,0,0.0,0,0,0,-9999.0,0.5,1,P1_CV0,3,1,1,2,0
7,2527429.642,708511.8011,E7_F2_m-1f-1_P2_Y-1_U125,-9999,-9999,MXY,2,46.336412844332834,1,0,0.0,0,0,0,-9999.0,1.0,1,P1_CV0,3,2,0,1,1
7,2527429.642,708511.8011,E7_F2_m-1f-1_P2_Y-1_U131,-9999,-9999,MXY,2,51.077412844332834,1,0,0.0,0,0,0,-9999.0,0.5,1,P1_CV0,3,1,1,2,0
7,2527429.642,708511.8011,E7_F2_m-1f-1_P2_Y-1_U143,-9999,-9999,FXX,2,53.53941284433284,1,0,2.559,0,0,0,-9999.0,0.5,1,P1_CV0,3,1,1,2,0
7,2527429.642,708511.8011,E7_F2_m-1f-1_P2_Y-1_U146,-9999,-9999,MXY,2,57.90841284433284,1,0,0.0,0,0,0,-9999.0,1.0,1,P1_CV0,3,2,0,2,0
7,2527429.642,708511.8011,E7_F2_m-1f-1_P2_Y-1_U24,-9999,-9999,FXX,3,92.50376073780197,1,0,0.0,0,0,0,-9999.0,0.5,1,P1_CV0,3,1,1,1,1
7,2527429.642,708511.8011,E7_F2_m-1f-1_P2_Y-1_U44,-9999,-9999,FXX,3,92.50376073780197,1,0,1.681,0,0,0,-9999.0,0.5,1,P1_CV0,3,1,1,1,1
7,2527429.642,708511.8011,E7_F2_m-1f-1_P2_Y-1_U59,-9999,-9999,MXY,3,92.50376073780197,1,0,0.0,0,0,0,-9999.0,0.5,1,P1_CV0,3,1,1,2,0
7,2527429.642,708511.8011,E7_F2_m-1f-1_P2_Y-1_U114,-9999,-9999,MXY,3,92.50376073780197,1,0,0.0,0,0,0,-9999.0,0.5,1,P1_CV0,3,1,1,1,1
7,2527429.642,708511.8011,E7_F2_m-1f-1_P2_Y-1_U39,-9999,-9999,MXY,3,92.50376073780197,1,0,0.0,0,0,0,-9999.0,1.0,1,P1_CV0,3,2,0,1,1
7,2527429.642,708511.8011,E7_F2_m-1f-1_P2_Y-1_U137,-9999,-9999,FXX,3,92.50376073780197,1,0,2.409,0,0,0,-9999.0,1.0,1,P1_CV0,3,2,0,2,0
7,2527429.642,708511.8011,E7_F2_m-1f-1_P2_Y-1_U81,-9999,-9999,FXX,3,92.50376073780197,1,0,1.238,0,0,0,-9999.0,0.5,1,P1_CV0,3,1,1,0,2
7,2527429.642,708511.8011,E7_F2_m-1f-1_P2_Y-1_U54,-9999,-9999,FXX,3,92.50376073780197,1,0,1.642,0,0,0,-9999.0,0.0,1,P1_CV0,3,0,2,2,0
7,2527429.642,708511.8011,E7_F2_m-1f-1_P2_Y-1_U124,-9999,-9999,FXX,3,92.50376073780197,1,0,1.222,0,0,0,-9999.0,0.5,1,P1_CV0,3,1,1,1,1
7,2527429.642,708511.8011,E7_F2_m-1f-1_P2_Y-1_U35,-9999,-9999,FXX,3,92.50376073780197,1,0,0.0,0,0,0,-9999.0,1.0,1,P1_CV0,3,2,0,1,1
7,2527429.642,708511.8011,E7_F2_m-1f-1_P2_Y-1_U0,-9999,-9999,FXX,4,125.25340751061833,1,0,0.0,0,0,0,-9999.0,0.0,1,P1_CV0,3,0,2,1,1
7,2527429.642,708511.8011,E7_F3_m-1f-1_P3_Y-1_U2,-9999,-9999,FXX,1,31.02896259238682,1,1,1.0,0,0,0,-9999.0,1.0,1,P2_CV0,3,2,0,1,1
7,2527429.642,708511.8011,E7_F3_m-1f-1_P3_Y-1_U70,-9999,-9999,MXY,1,31.02896259238682,1,1,0.0,0,0,0,-9999.0,1.0,1,P2_CV0,3,2,0,1,1
7,2527429.642,708511.8011,E7_F3_m-1f-1_P3_Y-1_U106,-9999,-9999,MXY,1,31.02896259238682,1,1,0.0,0,0,0,-9999.0,0.5,1,P2_CV0,3,1,1,1,1
7,2527429.642,708511.8011,E7_F3_m-1f-1_P3_Y-1_U3,-9999,-9999,MXY,2,60.15795193579367,1,0,0.0,0,0,0,-9999.0,0.0,1,P2_CV0,3,0,2,1,1
7,2527429.642,708511.8011,E7_F3_m-1f-1_P3_Y-1_U19,-9999,-9999,MXY,2,47.93595193579367,1,0,0.0,0,0,0,-9999.0,0.5,1,P2_CV0,3,1,1,1,1
7,2527429.642,708511.8011,E7_F3_m-1f-1_P3_Y-1_U32,-9999,-9999,MXY,2,56.26995193579367,1,0,0.0,0,0,0,-9999.0,0.5,1,P2_CV0,3,1,1,1,1
7,2527429.642,708511.8011,E7_F3_m-1f-1_P3_Y-1_U37,-9999,-9999,MXY,2,54.17795193579367,1,0,0.0,0,0,0,-9999.0,1.0,1,P2_CV0,3,2,0,1,1
7,2527429.642,708511.8011,E7_F3_m-1f-1_P3_Y-1_U40,-9999,-9999,MXY,2,55.96895193579367,1,0,0.0,0,0,0,-9999.0,0.5,1,P2_CV0,3,1,1,2,0
7,2527429.642,708511.8011,E7_F3_m-1f-1_P3_Y-1_U43,-9999,-9999,MXY,2,51.518951935793666,1,0,0.0,0,0,0,-9999.0,0.0,1,P2_CV0,3,0,2,2,0
7,2527429.642,708511.8011,E7_F3_m-1f-1_P3_Y-1_U56,-9999,-9999,MXY,2,51.02895193579367,1,0,0.0,0,0,0,-9999.0,0.5,1,P2_CV0,3,1,1,0,2
7,2527429.642,708511.8011,E7_F3_m-1f-1_P3_Y-1_U94,-9999,-9999,MXY,2,55.07795193579367,1,0,0.0,0,0,0,-9999.0,0.0,1,P2_CV0,3,0,2,0,2
7,2527429.642,708511.8011,E7_F3_m-1f-1_P3_Y-1_U133,-9999,-9999,MXY,2,52.000951935793665,1,0,0.0,0,0,0,-9999.0,1.0,1,P2_CV0,3,2,0,2,0
7,2527429.642,708511.8011,E7_F3_m-1f-1_P3_Y-1_U80,-9999,-9999,FXX,3,92.02231928196208,1,0,1.565,0,0,0,-9999.0,0.0,1,P2_CV0,3,0,2,1,1
7,2527429.642,708511.8011,E7_F3_m-1f-1_P3_Y-1_U100,-9999,-9999,MXY,3,92.02231928196208,1,0,0.0,0,0,0,-9999.0,0.0,1,P2_CV0,3,0,2,0,2
7,2527429.642,708511.8011,E7_F3_m-1f-1_P3_Y-1_U75,-9999,-9999,MXY,3,92.02231928196208,1,0,0.0,0,0,0,-9999.0,0.5,1,P2_CV0,3,1,1,1,1
7,2527429.642,708511.8011,E7_F3_m-1f-1_P3_Y-1_U4,-9999,-9999,FXX,3,92.02231928196208,1,0,1.566,0,0,0,-9999.0,0.0,1,P2_CV0,3,0,2,2,0
7,2527429.642,708511.8011,E7_F3_m-1f-1_P3_Y-1_U47,-9999,-9999,MXY,3,92.02231928196208,1,0,0.0,0,0,0,-9999.0,0.5,1,P2_CV0,3,1,1,1,1
7,2527429.642,708511.8011,E7_F3_m-1f-1_P3_Y-1_U101,-9999,-9999,FXX,3,92.02231928196208,1,0,0.0,0,0,0,-9999.0,0.0,1,P2_CV0,3,0,2,2,0
7,2527429.642,708511.8011,E7_F3_m-1f-1_P3_Y-1_U131,-9999,-9999,MXY,3,92.02231928196208,1,0,0.0,0,0,0,-9999.0,0.0,1,P2_CV0,3,0,2,1,1
7,2527429.642,708511.8011,E7_F3_m-1f-1_P3_Y-1_U137,-9999,-9999,MXY,3,92.02231928196208,1,0,0.0,0,0,0,-9999.0,1.0,1,P2_CV0,3,2,0,0,2
7,2527429.642,708511.8011,E7_F3_m-1f-1_P3_Y-1_U107,-9999,-9999,FXX,3,92.02231928196208,1,0,1.354,0,0,0,-9999.0,0.0,1,P2_CV0,3,0,2,0,2
7,2527429.642,708511.8011,E7_F3_m-1f-1_P3_Y-1_U105,-9999,-9999,FXX,3,92.02231928196208,1,0,1.368,0,0,0,-9999.0,0.5,1,P2_CV0,3,1,1,1,1
7,2527429.642,708511.8011,E7_F3_m-1f-1_P3_Y-1_U138,-9999,-9999,FXX,3,92.02231928196208,1,0,1.0,0,0,0,-9999.0,0.5,1,P2_CV0,3,1,1,0,2
7,2527429.642,708511.8011,E7_F4_m-1f-1_P4_Y-1_U0,-9999,-9999,MXY,1,47.79837408875543,1,1,0.0,0,0,0,-9999.0,0.0,1,P3_CV0,3,0,2,1,1
7,2527429.642,708511.8011,E7_F4_m-1f-1_P4_Y-1_U41,-9999,-9999,MXY,1,47.79837408875543,1,1,0.0,0,0,0,-9999.0,0.0,1,P3_CV0,3,0,2,1,1
7,2527429.642,708511.8011,E7_F4_m-1f-1_P4_Y-1_U95,-9999,-9999,FXX,1,47.79837408875543,1,1,2.296,0,0,0,-9999.0,0.5,1,P3_CV0,3,1,1,1,1
7,2527429.642,708511.8011,E7_F4_m-1f-1_P4_Y-1_U104,-9999,-9999,FXX,1,47.79837408875543,1,1,1.386,0,0,0,-9999.0,0.5,1,P3_CV0,3,1,1,1,1
7,2527429.642,708511.8011,E7_F4_m-1f-1_P4_Y-1_U121,-9999,-9999,MXY,1,47.79837408875543,1,1,0.0,0,0,0,-9999.0,0.5,1,P3_CV0,3,1,1,2,0
7,2527429.642,708511.8011,E7_F4_m-1f-1_P4_Y-1_U126,-9999,-9999,FXX,1,47.79837408875543,1,1,1.0,0,0,0,-9999.0,0.5,1,P3_CV0,3,1,1,1,1
7,2527429.642,708511.8011,E7_F4_m-1f-1_P4_Y-1_U138,-9999,-9999,MXY,1,47.79837408875543,1,1,0.0,0,0,0,-9999.0,0.5,1,P3_CV0,3,1,1,1,1
7,2527429.642,708511.8011,E7_F4_m-1f-1_P4_Y-1_U142,-9999,-9999,MXY,1,47.79837408875543,1,1,0.0,0,0,0,-9999.0,0.5,1,P3_CV0,3,1,1,1,1
7,2527429.642,708511.8011,E7_F4_m-1f-1_P4_Y-1_U8,-9999,-9999,MXY,2,69.37399371237082,1,0,0.0,0,0,0,-9999.0,0.5,1,P3_CV0,3,1,1,2,0
7,2527429.642,708511.8011,E7_F4_m-1f-1_P4_Y-1_U34,-9999,-9999,MXY,2,68.5199937123708,1,0,0.0,0,0,0,-9999.0,1.0,1,P3_CV0,3,2,0,2,0
7,2527429.642,708511.8011,E7_F4_m-1f-1_P4_Y-1_U60,-9999,-9999,FXX,2,68.2989937123708,1,0,0.0,0,0,0,-9999.0,0.5,1,P3_CV0,3,1,1,1,1
7,2527429.642,708511.8011,E7_F4_m-1f-1_P4_Y-1_U83,-9999,-9999,MXY,2,69.3469937123708,1,0,0.0,0,0,0,-9999.0,0.5,1,P3_CV0,3,1,1,0,2
7,2527429.642,708511.8011,E7_F4_m-1f-1_P4_Y-1_U94,-9999,-9999,FXX,2,71.89099371237081,1,0,3.136,0,0,0,-9999.0,0.5,1,P3_CV0,3,1,1,2,0
7,2527429.642,708511.8011,E7_F4_m-1f-1_P4_Y-1_U107,-9999,-9999,FXX,2,62.75799371237081,1,0,1.625,0,0,0,-9999.0,0.5,1,P3_CV0,3,1,1,0,2
7,2527429.642,708511.8011,E7_F4_m-1f-1_P4_Y-1_U108,-9999,-9999,FXX,2,71.1149937123708,1,0,0.0,0,0,0,-9999.0,0.0,1,P3_CV0,3,0,2,1,1
7,2527429.642,708511.8011,E7_F4_m-1f-1_P4_Y-1_U118,-9999,-9999,MXY,2,66.88999371237081,1,0,0.0,0,0,0,-9999.0,0.0,1,P3_CV0,3,0,2,0,2
7,2527429.642,708511.8011,E7_F4_m-1f-1_P4_Y-1_U128,-9999,-9999,MXY,2,70.07699371237082,1,0,0.0,0,0,0,-9999.0,0.5,1,P3_CV0,3,1,1,0,2
7,2527429.642,708511.8011,E7_F4_m-1f-1_P4_Y-1_U22,-9999,-9999,FXX,2,74.12799371237081,1,0,1.0,0,0,0,-9999.0,1.0,1,P3_CV0,3,2,0,2,0
7,2527429.642,708511.8011,E7_F4_m-1f-1_P4_Y-1_U86,-9999,-9999,FXX,2,75.78299371237081,1,0,2.215,0,0,0,-9999.0,0.5,1,P3_CV0,3,1,1,1,1
7,2527429.642,708511.8011,E7_F4_m-1f-1_P4_Y-1_U88,-9999,-9999,FXX,3,105.66363778890799,1,0,1.359,0,0,0,-9999.0,0.5,1,P3_CV0,3,1,1,1,1
7,2527429.642,708511.8011,E7_F4_m-1f-1_P4_Y-1_U85,-9999,-9999,MXY,3,105.66363778890799,1,0,0.0,0,0,0,-9999.0,0.0,1,P3_CV0,3,0,2,2,0
7,2527429.642,708511.8011,E7_F4_m-1f-1_P4_Y-1_U17,-9999,-9999,MXY,3,105.66363778890799,1,0,0.0,0,0,0,-9999.0,0.5,1,P3_CV0,3,1,1,1,1
7,2527429.642,708511.8011,E7_F4_m-1f-1_P4_Y-1_U137,-9999,-9999,FXX,3,105.66363778890799,1,0,0.0,0,0,0,-9999.0,0.5,1,P3_CV0,3,1,1,0,2
7,2527429.642,708511.8011,E7_F4_m-1f-1_P4_Y-1_U141,-9999,-9999,MXY,3,105.66363778890799,1,0,0.0,0,0,0,-9999.0,1.0,1,P3_CV0,3,2,0,1,1
7,2527429.642,708511.8011,E7_F4_m-1f-1_P4_Y-1_U105,-9999,-9999,MXY,3,105.66363778890799,1,0,0.0,0,0,0,-9999.0,0.0,1,P3_CV0,3,0,2,2,0
7,2527429.642,708511.8011,E7_F4_m-1f-1_P4_Y-1_U113,-9999,-9999,FXX,3,105.66363778890799,1,0,1.218,0,0,0,-9999.0,0.0,1,P3_CV0,3,0,2,1,1
7,2527429.642,708511.8011,E7_F4_m-1f-1_P4_Y-1_U117,-9999,-9999,FXX,3,105.66363778890799,1,0,0.0,0,0,0,-9999.0,0.0,1,P3_CV0,3,0,2,2,0
7,2527429.642,708511.8011,E7_F4_m-1f-1_P4_Y-1_U32,-9999,-9999,FXX,3,105.66363778890799,1,0,1.247,0,0,0,-9999.0,0.0,1,P3_CV0,3,0,2,2,0
7,2527429.642,708511.8011,E7_F4_m-1f-1_P4_Y-1_U74,-9999,-9999,MXY,3,105.66363778890799,1,0,0.0,0,0,0,-9999.0,0.5,1,P3_CV0,3,1,1,2,0
7,2527429.642,708511.8011,E7_F4_m-1f-1_P4_Y-1_U99,-9999,-9999,FXX,3,105.66363778890799,1,0,1.329,0,0,0,-9999.0,0.5,1,P3_CV0,3,1,1,2,0
7,2527429.642,708511.8011,E7_F4_m-1f-1_P4_Y-1_U19,-9999,-9999,MXY,3,105.66363778890799,1,0,0.0,0,0,0,-9999.0,1.0,1,P3_CV0,3,2,0,0,2
7,2527429.642,708511.8011,E7_F4_m-1f-1_P4_Y-1_U27,-9999,-9999,MXY,3,105.66363778890799,1,0,0.0,0,0,0,-9999.0,1.0,1,P3_CV0,3,2,0,0,2
7,2527429.642,708511.8011,E7_F4_m-1f-1_P4_Y-1_U68,-9999,-9999,FXX,3,105.66363778890799,1,0,1.92,0,0,0,-9999.0,0.5,1,P3_CV0,3,1,1,1,1
7,2527429.642,708511.8011,E7_F4_m-1f-1_P4_Y-1_U55,-9999,-9999,MXY,3,105.66363778890799,1,0,0.0,0,0,0,-9999.0,0.5,1,P3_CV0,3,1,1,2,0
7,2527429.642,708511.8011,E7_F5_m-1f-1_P5_Y-1_U4,-9999,-9999,FXX,1,52.54465397361477,1,1,0.0,0,0,0,-9999.0,0.5,1,P4_CV0,3,1,1,2,0
7,2527429.642,708511.8011,E7_F5_m-1f-1_P5_Y-1_U8,-9999,-9999,FXX,1,52.54465397361477,1,1,2.348,0,0,0,-9999.0,1.0,1,P4_CV0,3,2,0,2,0
7,2527429.642,708511.8011,E7_F5_m-1f-1_P5_Y-1_U62,-9999,-9999,FXX,1,52.54465397361477,1,1,1.949,0,0,0,-9999.0,0.5,1,P4_CV0,3,1,1,0,2
7,2527429.642,708511.8011,E7_F5_m-1f-1_P5_Y-1_U63,-9999,-9999,MXY,1,52.54465397361477,1,1,0.0,0,0,0,-9999.0,0.5,1,P4_CV0,3,1,1,1,1
7,2527429.642,708511.8011,E7_F5_m-1f-1_P5_Y-1_U74,-9999,-9999,FXX,1,52.54465397361477,1,1,2.125,0,0,0,-9999.0,0.0,1,P4_CV0,3,0,2,1,1
7,2527429.642,708511.8011,E7_F5_m-1f-1_P5_Y-1_U78,-9999,-9999,FXX,1,52.54465397361477,1,1,0.0,0,0,0,-9999.0,0.0,1,P4_CV0,3,0,2,0,2
7,2527429.642,708511.8011,E7_F5_m-1f-1_P5_Y-1_U87,-9999,-9999,MXY,1,52.54465397361477,1,1,0.0,0,0,0,-9999.0,0.0,1,P4_CV0,3,0,2,2,0
7,2527429.642,708511.8011,E7_F5_m-1f-1_P5_Y-1_U95,-9999,-9999,MXY,1,52.54465397361477,1,1,0.0,0,0,0,-9999.0,0.0,1,P4_CV0,3,0,2,2,0
7,2527429.642,708511.8011,E7_F5_m-1f-1_P5_Y-1_U105,-9999,-9999,FXX,1,52.54465397361477,1,1,0.0,0,0,0,-9999.0,1.0,1,P4_CV0,3,2,0,0,2
7,2527429.642,708511.8011,E7_F5_m-1f-1_P5_Y-1_U108,-9999,-9999,FXX,1,52.54465397361477,1,1,0.0,0,0,0,-9999.0,0.5,1,P4_CV0,3,1,1,0,2
7,2527429.642,708511.8011,E7_F5_m-1f-1_P5_Y-1_U124,-9999,-9999,MXY,1,52.54465397361477,1,1,0.0,0,0,0,-9999.0,0.0,1,P4_CV0,3,0,2,0,2
7,2527429.642,708511.8011,E7_F5_m-1f-1_P5_Y-1_U129,-9999,-9999,FXX,1,52.54465397361477,1,1,1.0,0,0,0,-9999.0,1.0,1,P4_CV0,3,2,0,2,0
7,2527429.642,708511.8011,E7_F5_m-1f-1_P5_Y-1_U137,-9999,-9999,FXX,1,52.54465397361477,1,1,1.0,0,0,0,-9999.0,1.0,1,P4_CV0,3,2,0,0,2
7,2527429.642,708511.8011,E7_F5_m-1f-1_P5_Y-1_U10,-9999,-9999,MXY,2,71.2657140105771,1,0,0.0,0,0,0,-9999.0,1.0,1,P4_CV0,3,2,0,2,0
7,2527429.642,708511.8011,E7_F5_m-1f-1_P5_Y-1_U24,-9999,-9999,FXX,2,63.677714010577105,1,0,1.0,0,0,0,-9999.0,0.5,1,P4_CV0,3,1,1,2,0
7,2527429.642,708511.8011,E7_F5_m-1f-1_P5_Y-1_U66,-9999,-9999,MXY,2,71.5627140105771,1,0,0.0,0,0,0,-9999.0,0.5,1,P4_CV0,3,1,1,0,2
7,2527429.642,708511.8011,E7_F5_m-1f-1_P5_Y-1_U71,-9999,-9999,FXX,2,71.7117140105771,1,0,1.0,0,0,0,-9999.0,0.5,1,P4_CV0,3,1,1,2,0
7,2527429.642,708511.8011,E7_F5_m-1f-1_P5_Y-1_U97,-9999,-9999,MXY,2,70.23171401057711,1,0,0.0,0,0,0,-9999.0,0.0,1,P4_CV0,3,0,2,1,1
7,2527429.642,708511.8011,E7_F5_m-1f-1_P5_Y-1_U44,-9999,-9999,FXX,2,84.5967140105771,1,0,1.0,0,0,0,-9999.0,1.0,1,P4_CV0,3,2,0,0,2
7,2527429.642,708511.8011,E7_F5_m-1f-1_P5_Y-1_U54,-9999,-9999,MXY,2,80.4987140105771,1,0,0.0,0,0,0,-9999.0,0.5,1,P4_CV0,3,1,1,2,0
7,2527429.642,708511.8011,E7_F5_m-1f-1_P5_Y-1_U82,-9999,-9999,MXY,2,81.5377140105771,1,0,0.0,0,0,0,-9999.0,0.0,1,P4_CV0,3,0,2,0,2
7,2527429.642,708511.8011,E7_F5_m-1f-1_P5_Y-1_U130,-9999,-9999,MXY,2,76.01171401057711,1,0,0.0,0,0,0,-9999.0,1.0,1,P4_CV0,3,2,0,0,2
7,2527429.642,708511.8011,E7_F5_m-1f-1_P5_Y-1_U120,-9999,-9999,MXY,3,109.52464921095908,1,0,0.0,0,0,0,-9999.0,1.0,1,P4_CV0,3,2,0,1,1
7,2527429.642,708511.8011,E7_F5_m-1f-1_P5_Y-1_U37,-9999,-9999,FXX,3,109.52464921095908,1,0,1.0,0,0,0,-9999.0,0.5,1,P4_CV0,3,1,1,1,1
7,2527429.642,708511.8011,E7_F5_m-1f-1_P5_Y-1_U80,-9999,-9999,MXY,3,109.52464921095908,1,0,0.0,0,0,0,-9999.0,0.5,1,P4_CV0,3,1,1,1,1
7,2527429.642,708511.8011,E7_F5_m-1f-1_P5_Y-1_U107,-9999,-9999,MXY,3,109.52464921095908,1,0,0.0,0,0,0,-9999.0,0.5,1,P4_CV0,3,1,1,1,1
7,2527429.642,708511.8011,E7_F5_m-1f-1_P5_Y-1_U119,-9999,-9999,MXY,3,109.52464921095908,1,0,0.0,0,0,0,-9999.0,0.5,1,P4_CV0,3,1,1,1,1
7,2527429.642,708511.8011,E7_F5_m-1f-1_P5_Y-1_U67,-9999,-9999,FXX,3,109.52464921095908,1,0,3.163,0,0,0,-9999.0,0.0,1,P4_CV0,3,0,2,2,0
7,2527429.642,708511.8011,E7_F5_m-1f-1_P5_Y-1_U65,-9999,-9999,FXX,3,109.52464921095908,1,0,1.633,0,0,0,-9999.0,0.0,1,P4_CV0,3,0,2,2,0
7,2527429.642,708511.8011,E7_F5_m-1f-1_P5_Y-1_U34,-9999,-9999,MXY,3,109.52464921095908,1,0,0.0,0,0,0,-9999.0,0.0,1,P4_CV0,3,0,2,1,1
7,2527429.642,708511.8011,E7_F5_m-1f-1_P5_Y-1_U70,-9999,-9999,MXY,3,109.52464921095908,1,0,0.0,0,0,0,-9999.0,0.5,1,P4_CV0,3,1,1,2,0
7,2527429.642,708511.8011,E7_F5_m-1f-1_P5_Y-1_U25,-9999,-9999,FXX,3,109.52464921095908,1,0,1.505,0,0,0,-9999.0,0.5,1,P4_CV0,3,1,1,1,1
7,2527429.642,708511.8011,E7_F6_m-1f-1_P6_Y-1_U14,-9999,-9999,MXY,1,58.13636709187593,1,1,0.0,0,0,0,-9999.0,0.0,1,P5_CV0,3,0,2,1,1
7,2527429.642,708511.8011,E7_F6_m-1f-1_P6_Y-1_U30,-9999,-9999,MXY,1,58.13636709187593,1,1,0.0,0,0,0,-9999.0,0.5,1,P5_CV0,3,1,1,2,0
7,2527429.642,708511.8011,E7_F6_m-1f-1_P6_Y-1_U37,-9999,-9999,FXX,1,58.13636709187593,1,1,1.0,0,0,0,-9999.0,1.0,1,P5_CV0,3,2,0,2,0
7,2527429.642,708511.8011,E7_F6_m-1f-1_P6_Y-1_U83,-9999,-9999,MXY,1,58.13636709187593,1,1,0.0,0,0,0,-9999.0,0.0,1,P5_CV0,3,0,2,1,1
7,2527429.642,708511.8011,E7_F6_m-1f-1_P6_Y-1_U93,-9999,-9999,FXX,1,58.13636709187593,1,1,0.0,0,0,0,-9999.0,1.0,1,P5_CV0,3,2,0,0,2
7,2527429.642,708511.8011,E7_F6_m-1f-1_P6_Y-1_U121,-9999,-9999,MXY,1,58.13636709187593,1,1,0.0,0,0,0,-9999.0,1.0,1,P5_CV0,3,2,0,1,1
7,2527429.642,708511.8011,E7_F6_m-1f-1_P6_Y-1_U25,-9999,-9999,MXY,2,83.81207416669555,1,0,0.0,0,0,0,-9999.0,1.0,1,P5_CV0,3,2,0,1,1
7,2527429.642,708511.8011,E7_F6_m-1f-1_P6_Y-1_U34,-9999,-9999,MXY,2,79.45107416669555,1,0,0.0,0,0,0,-9999.0,1.0,1,P5_CV0,3,2,0,1,1
7,2527429.642,708511.8011,E7_F6_m-1f-1_P6_Y-1_U41,-9999,-9999,MXY,2,76.47107416669554,1,0,0.0,0,0,0,-9999.0,1.0,1,P5_CV0,3,2,0,1,1
7,2527429.642,708511.8011,E7_F6_m-1f-1_P6_Y-1_U50,-9999,-9999,FXX,2,72.90007416669555,1,0,1.477,0,0,0,-9999.0,0.5,1,P5_CV0,3,1,1,0,2
7,2527429.642,708511.8011,E7_F6_m-1f-1_P6_Y-1_U76,-9999,-9999,MXY,2,85.93207416669556,1,0,0.0,0,0,0,-9999.0,1.0,1,P5_CV0,3,2,0,1,1
7,2527429.642,708511.8011,E7_F6_m-1f-1_P6_Y-1_U122,-9999,-9999,MXY,2,79.13407416669556,1,0,0.0,0,0,0,-9999.0,0.5,1,P5_CV0,3,1,1,2,0
7,2527429.642,708511.8011,E7_F6_m-1f-1_P6_Y-1_U143,-9999,-9999,FXX,2,81.95907416669554,1,0,2.312,0,0,0,-9999.0,0.5,1,P5_CV0,3,1,1,1,1
7,2527429.642,708511.8011,E7_F6_m-1f-1_P6_Y-1_U82,-9999,-9999,FXX,3,114.07340502439318,1,0,0.0,0,0,0,-9999.0,1.0,1,P5_CV0,3,2,0,1,1
7,2527429.642,708511.8011,E7_F6_m-1f-1_P6_Y-1_U134,-9999,-9999,MXY,3,114.07340502439318,1,0,0.0,0,0,0,-9999.0,0.5,1,P5_CV0,3,1,1,1,1
7,2527429.642,708511.8011,E7_F6_m-1f-1_P6_Y-1_U96,-9999,-9999,FXX,3,114.07340502439318,1,0,1.77,0,0,0,-9999.0,1.0,1,P5_CV0,3,2,0,1,1
7,2527429.642,708511.8011,E7_F6_m-1f-1_P6_Y-1_U23,-9999,-9999,FXX,3,114.07340502439318,1,0,1.0,0,0,0,-9999.0,1.0,1,P5_CV0,3,2,0,2,0
7,2527429.642,708511.8011,E7_F6_m-1f-1_P6_Y-1_U118,-9999,-9999,MXY,3,114.07340502439318,1,0,0.0,0,0,0,-9999.0,0.5,1,P5_CV0,3,1,1,1,1
7,2527429.642,708511.8011,E7_F6_m-1f-1_P6_Y-1_U15,-9999,-9999,FXX,3,114.07340502439318,1,0,0.0,0,0,0,-9999.0,0.5,1,P5_CV0,3,1,1,0,2
7,2527429.642,708511.8011,E7_F6_m-1f-1_P6_Y-1_U77,-9999,-9999,FXX,3,114.07340502439318,1,0,0.0,0,0,0,-9999.0,0.5,1,P5_CV0,3,1,1,2,0
7,2527429.642,708511.8011,E7_F6_m-1f-1_P6_Y-1_U2,-9999,-9999,FXX,3,114.07340502439318,1,0,1.0,0,0,0,-9999.0,0.0,1,P5_CV0,3,0,2,1,1
7,2527429.642,708511.8011,E7_F6_m-1f-1_P6_Y-1_U128,-9999,-9999,FXX,3,114.07340502439318,1,0,0.0,0,0,0,-9999.0,0.0,1,P5_CV0,3,0,2,1,1
7,2527429.642,708511.8011,E7_F6_m-1f-1_P6_Y-1_U116,-9999,-9999,FXX,3,114.07340502439318,1,0,0.0,0,0,0,-9999.0,0.5,1,P5_CV0,3,1,1,0,2
