PatchID,XCOORD,YCOORD,ID,MID,FID,sex,age,size,mature,newmature,layeggs,capture,recapture,state,CDist,Hindex,Species,ClassFile,SubPatchID,L0A0,L0A1,L1A0,L1A1
1,2540470.832,712452.2021,R1_F1_m1f1_P1_Y3_UO21,R1_F1_m1f1_P1_Y1_UO269,R1_F1_m1f1_P1_Y1_UO519,FXX,1,53.62613020747331,0,0,0.0,0,0,0,-9999.0,0.375,1,P0_CV0,1,0,2,0,2
1,2540470.832,712452.2021,R1_F1_m1f1_P1_Y3_UO22,R1_F1_m1f1_P1_Y1_UO269,R1_F1_m1f1_P1_Y1_UO519,MXY,1,53.62613020747331,0,0,0.0,0,0,0,-9999.0,0.375,1,P0_CV0,1,0,2,0,2
1,2540470.832,712452.2021,R1_F1_m1f1_P1_Y3_UO23,R1_F1_m1f1_P1_Y0_UO437,R1_F1_m1f1_P1_Y1_UO360,MXY,1,53.62613020747331,0,0,0.0,0,0,0,-9999.0,0.375,1,P0_CV0,1,2,0,1,1
1,2540470.832,712452.2021,R1_F1_m1f1_P1_Y3_UO24,R1_F1_m1f1_P1_Y0_UO437,R1_F1_m1f1_P1_Y1_UO360,FXX,1,53.62613020747331,0,0,0.0,0,0,0,-9999.0,0.375,1,P0_CV0,1,2,0,1,1
1,2540470.832,712452.2021,R1_F1_m1f1_P1_Y3_UO25,R1_F1_m1f1_P1_Y0_UO437,R1_F1_m1f1_P1_Y1_UO360,MXY,1,53.62613020747331,0,0,0.0,0,0,0,-9999.0,0.375,1,P0_CV0,1,2,0,0,2
1,2540470.832,712452.2021,R1_F1_m1f1_P1_Y3_UO26,R1_F1_m1f1_P1_Y1_UO594,R1_F1_m1f1_P1_Y0_UO379,MXY,1,53.62613020747331,0,0,0.0,0,0,0,-9999.0,0.625,1,P0_CV0,1,2,0,0,2
1,2540470.832,712452.2021,R1_F1_m1f1_P1_Y3_UO27,R1_F1_m1f1_P1_Y1_UO594,R1_F1_m1f1_P1_Y0_UO379,FXX,1,53.62613020747331,0,0,0.0,0,0,0,-9999.0,0.625,1,P0_CV0,1,2,0,0,2
1,2540470.832,712452.2021,R1_F1_m1f1_P1_Y3_UO49,R1_F1_m-1f-1_P1_Y-1_U37,R1_F1_m1f1_P1_Y1_UO288,FXX,1,53.62613020747331,0,0,0.0,0,0,0,-9999.0,0.375,1,P0_CV0,1,0,2,1,1
1,2540470.832,712452.2021,R1_F1_m1f1_P1_Y3_UO50,R1_F1_m-1f-1_P1_Y-1_U37,R1_F1_m1f1_P1_Y1_UO288,MXY,1,53.62613020747331,0,0,0.0,0,0,0,-9999.0,0.375,1,P0_CV0,1,1,1,1,1
1,2540470.832,712452.2021,R1_F1_m1f1_P1_Y3_UO51,R1_F1_m-1f-1_P1_Y-1_U37,R1_F1_m1f1_P1_Y1_UO288,MXY,1,53.62613020747331,0,0,0.0,0,0,0,-9999.0,0.375,1,P0_CV0,1,2,0,1,1
1,2540470.832,712452.2021,R1_F1_m1f1_P1_Y3_UO68,R1_F1_m-1f-1_P1_Y-1_U102,R1_F1_m1f1_P1_Y0_UO386,FXX,1,53.62613020747331,0,0,0.0,0,0,0,-9999.0,0.125,1,P0_CV0,1,0,2,0,2
1,2540470.832,712452.2021,R1_F1_m1f1_P1_Y3_UO69,R1_F1_m-1f-1_P1_Y-1_U102,R1_F1_m1f1_P1_Y0_UO386,FXX,1,53.62613020747331,0,0,0.0,0,0,0,-9999.0,0.125,1,P0_CV0,1,0,2,0,2
1,2540470.832,712452.2021,R1_F1_m1f1_P1_Y3_UO70,R1_F1_m1f1_P1_Y1_UO294,R1_F1_m1f1_P1_Y1_UO484,FXX,1,53.62613020747331,0,0,0.0,0,0,0,-9999.0,0.25,1,P0_CV0,1,1,1,0,2
1,2540470.832,712452.2021,R1_F1_m1f1_P1_Y3_UO72,R1_F1_m1f1_P1_Y1_UO31,R1_F1_m1f1_P1_Y0_UO157,MXY,1,53.62613020747331,0,0,0.0,0,0,0,-9999.0,0.125,1,P0_CV0,1,2,0,1,1
1,2540470.832,712452.2021,R1_F1_m1f1_P1_Y3_UO107,R1_F1_m1f1_P1_Y1_UO269,R1_F1_m1f1_P1_Y0_UO380,FXX,1,53.62613020747331,0,0,0.0,0,0,0,-9999.0,0.625,1,P0_CV0,1,0,2,1,1
1,2540470.832,712452.2021,R1_F1_m1f1_P1_Y3_UO118,R1_F1_m1f1_P1_Y1_UO548,R1_F1_m1f1_P1_Y0_UO208,MXY,1,53.62613020747331,0,0,0.0,0,0,0,-9999.0,0.0,1,P0_CV0,1,1,1,1,1
1,2540470.832,712452.2021,R1_F1_m1f1_P1_Y3_UO127,R1_F1_m1f1_P1_Y1_UO71,R1_F1_m-1f-1_P1_Y-1_U31,FXX,1,53.62613020747331,0,0,0.0,0,0,0,-9999.0,0.25,1,P0_CV0,1,0,2,1,1
1,2540470.832,712452.2021,R1_F1_m1f1_P1_Y3_UO128,R1_F1_m1f1_P1_Y1_UO71,R1_F1_m-1f-1_P1_Y-1_U31,MXY,1,53.62613020747331,0,0,0.0,0,0,0,-9999.0,0.25,1,P0_CV0,1,0,2,0,2
1,2540470.832,712452.2021,R1_F1_m1f1_P1_Y3_UO130,R1_F1_m1f1_P1_Y1_UO581,R1_F1_m1f1_P1_Y0_UO386,FXX,1,53.62613020747331,0,0,0.0,0,0,0,-9999.0,0.375,1,P0_CV0,1,1,1,1,1
1,2540470.832,712452.2021,R1_F1_m1f1_P1_Y3_UO139,R1_F1_m1f1_P1_Y1_UO268,R1_F1_m-1f-1_P1_Y-1_U124,FXX,1,53.62613020747331,0,0,0.0,0,0,0,-9999.0,0.25,1,P0_CV0,1,0,2,1,1
1,2540470.832,712452.2021,R1_F1_m1f1_P1_Y3_UO154,R1_F1_m1f1_P1_Y1_UO8,R1_F1_m1f1_P1_Y1_UO604,MXY,1,53.62613020747331,0,0,0.0,0,0,0,-9999.0,0.125,1,P0_CV0,1,1,1,2,0
1,2540470.832,712452.2021,R1_F1_m1f1_P1_Y3_UO155,R1_F1_m1f1_P1_Y1_UO8,R1_F1_m1f1_P1_Y1_UO604,FXX,1,53.62613020747331,0,0,0.0,0,0,0,-9999.0,0.125,1,P0_CV0,1,2,0,2,0
1,2540470.832,712452.2021,R1_F1_m1f1_P1_Y3_UO156,R1_F1_m1f1_P1_Y1_UO8,R1_F1_m1f1_P1_Y1_UO604,MXY,1,53.62613020747331,0,0,0.0,0,0,0,-9999.0,0.125,1,P0_CV0,1,2,0,2,0
1,2540470.832,712452.2021,R1_F1_m1f1_P1_Y3_UO176,R1_F1_m1f1_P1_Y1_UO287,R1_F1_m1f1_P1_Y0_UO208,FXX,1,53.62613020747331,0,0,0.0,0,0,0,-9999.0,0.125,1,P0_CV0,1,0,2,1,1
1,2540470.832,712452.2021,R1_F1_m1f1_P1_Y3_UO177,R1_F1_m1f1_P1_Y1_UO287,R1_F1_m1f1_P1_Y0_UO208,MXY,1,53.62613020747331,0,0,0.0,0,0,0,-9999.0,0.125,1,P0_CV0,1,1,1,1,1
1,2540470.832,712452.2021,R1_F1_m1f1_P1_Y3_UO178,R1_F1_m1f1_P1_Y1_UO287,R1_F1_m1f1_P1_Y0_UO208,FXX,1,53.62613020747331,0,0,0.0,0,0,0,-9999.0,0.125,1,P0_CV0,1,1,1,1,1
1,2540470.832,712452.2021,R1_F1_m1f1_P1_Y3_UO180,R1_F1_m-1f-1_P1_Y-1_U130,R1_F1_m-1f-1_P1_Y-1_U54,MXY,1,53.62613020747331,0,0,0.0,0,0,0,-9999.0,0.25,1,P0_CV0,1,0,2,2,0
1,2540470.832,712452.2021,R1_F1_m1f1_P1_Y3_UO181,R1_F1_m-1f-1_P1_Y-1_U130,R1_F1_m-1f-1_P1_Y-1_U54,FXX,1,53.62613020747331,0,0,0.0,0,0,0,-9999.0,0.25,1,P0_CV0,1,0,2,2,0
1,2540470.832,712452.2021,R1_F1_m1f1_P1_Y3_UO182,R1_F1_m-1f-1_P1_Y-1_U130,R1_F1_m-1f-1_P1_Y-1_U54,FXX,1,53.62613020747331,0,0,0.0,0,0,0,-9999.0,0.25,1,P0_CV0,1,1,1,2,0
1,2540470.832,712452.2021,R1_F1_m1f1_P1_Y3_UO183,R1_F1_m-1f-1_P1_Y-1_U130,R1_F1_m-1f-1_P1_Y-1_U54,FXX,1,53.62613020747331,0,0,0.0,0,0,0,-9999.0,0.25,1,P0_CV0,1,1,1,2,0
1,2540470.832,712452.2021,R1_F1_m1f1_P1_Y3_UO195,R1_F1_m-1f-1_P1_Y-1_U130,R1_F1_m1f1_P1_Y1_UO522,MXY,1,53.62613020747331,0,0,0.0,0,0,0,-9999.0,0.375,1,P0_CV0,1,1,1,1,1
1,2540470.832,712452.2021,R1_F1_m1f1_P1_Y3_UO197,R1_F1_m1f1_P1_Y1_UO286,R1_F1_m1f1_P1_Y0_UO139,MXY,1,53.62613020747331,0,0,0.0,0,0,0,-9999.0,0.25,1,P0_CV0,1,2,0,1,1
1,2540470.832,712452.2021,R1_F1_m1f1_P1_Y3_UO198,R1_F1_m1f1_P1_Y1_UO287,R1_F1_m1f1_P1_Y0_UO380,FXX,1,53.62613020747331,0,0,0.0,0,0,0,-9999.0,0.5,1,P0_CV0,1,0,2,0,2
1,2540470.832,712452.2021,R1_F1_m1f1_P1_Y3_UO250,R1_F1_m1f1_P1_Y0_UO694,R1_F1_m1f1_P1_Y0_UO139,FXX,1,53.62613020747331,0,0,0.0,0,0,0,-9999.0,0.375,1,P0_CV0,1,2,0,1,1
1,2540470.832,712452.2021,R1_F1_m1f1_P1_Y3_UO251,R1_F1_m1f1_P1_Y0_UO694,R1_F1_m1f1_P1_Y0_UO139,MXY,1,53.62613020747331,0,0,0.0,0,0,0,-9999.0,0.375,1,P0_CV0,1,2,0,1,1
1,2540470.832,712452.2021,R1_F1_m1f1_P1_Y3_UO268,R1_F1_m1f1_P1_Y1_UO260,R1_F1_m1f1_P1_Y0_UO58,MXY,1,53.62613020747331,0,0,0.0,0,0,0,-9999.0,0.25,1,P0_CV0,1,1,1,0,2
1,2540470.832,712452.2021,R1_F1_m1f1_P1_Y3_UO285,R1_F1_m1f1_P1_Y0_UO551,R1_F1_m1f1_P1_Y1_UO101,FXX,1,53.62613020747331,0,0,0.0,0,0,0,-9999.0,0.25,1,P0_CV0,1,0,2,1,1
1,2540470.832,712452.2021,R1_F1_m1f1_P1_Y3_UO286,R1_F1_m1f1_P1_Y0_UO551,R1_F1_m1f1_P1_Y1_UO101,FXX,1,53.62613020747331,0,0,0.0,0,0,0,-9999.0,0.25,1,P0_CV0,1,0,2,1,1
1,2540470.832,712452.2021,R1_F1_m1f1_P1_Y3_UO303,R1_F1_m-1f-1_P1_Y-1_U24,R1_F1_m1f1_P1_Y0_UO160,MXY,1,53.62613020747331,0,0,0.0,0,0,0,-9999.0,0.125,1,P0_CV0,1,1,1,1,1
1,2540470.832,712452.2021,R1_F1_m1f1_P1_Y3_UO304,R1_F1_m-1f-1_P1_Y-1_U24,R1_F1_m1f1_P1_Y0_UO160,FXX,1,53.62613020747331,0,0,0.0,0,0,0,-9999.0,0.125,1,P0_CV0,1,1,1,2,0
1,2540470.832,712452.2021,R1_F1_m1f1_P1_Y3_UO305,R1_F1_m-1f-1_P1_Y-1_U24,R1_F1_m1f1_P1_Y0_UO160,MXY,1,53.62613020747331,0,0,0.0,0,0,0,-9999.0,0.125,1,P0_CV0,1,1,1,2,0
1,2540470.832,712452.2021,R1_F1_m1f1_P1_Y3_UO313,R1_F1_m-1f-1_P1_Y-1_U37,R1_F1_m1f1_P1_Y0_UO208,MXY,1,53.62613020747331,0,0,0.0,0,0,0,-9999.0,0.25,1,P0_CV0,1,1,1,2,0
1,2540470.832,712452.2021,R1_F1_m1f1_P1_Y3_UO314,R1_F1_m-1f-1_P1_Y-1_U37,R1_F1_m1f1_P1_Y0_UO208,FXX,1,53.62613020747331,0,0,0.0,0,0,0,-9999.0,0.25,1,P0_CV0,1,2,0,1,1
1,2540470.832,712452.2021,R1_F1_m1f1_P1_Y3_UO328,R1_F1_m1f1_P1_Y0_UO305,R1_F1_m1f1_P1_Y1_UO558,FXX,1,53.62613020747331,0,0,0.0,0,0,0,-9999.0,0.375,1,P0_CV0,1,1,1,1,1
1,2540470.832,712452.2021,R1_F1_m1f1_P1_Y3_UO331,R1_F1_m1f1_P1_Y0_UO745,R1_F1_m1f1_P1_Y1_UO98,FXX,1,53.62613020747331,0,0,0.0,0,0,0,-9999.0,0.375,1,P0_CV0,1,0,2,2,0
1,2540470.832,712452.2021,R1_F1_m1f1_P1_Y3_UO332,R1_F1_m1f1_P1_Y0_UO745,R1_F1_m1f1_P1_Y1_UO98,FXX,1,53.62613020747331,0,0,0.0,0,0,0,-9999.0,0.375,1,P0_CV0,1,1,1,2,0
1,2540470.832,712452.2021,R1_F1_m1f1_P1_Y3_UO333,R1_F1_m1f1_P1_Y0_UO745,R1_F1_m1f1_P1_Y1_UO98,MXY,1,53.62613020747331,0,0,0.0,0,0,0,-9999.0,0.375,1,P0_CV0,1,0,2,1,1
1,2540470.832,712452.2021,R1_F1_m1f1_P1_Y3_UO334,R1_F1_m1f1_P1_Y0_UO694,R1_F1_m1f1_P1_Y1_UO495,FXX,1,53.62613020747331,0,0,0.0,0,0,0,-9999.0,0.375,1,P0_CV0,1,1,1,0,2
1,2540470.832,712452.2021,R1_F1_m1f1_P1_Y3_UO335,R1_F1_m1f1_P1_Y0_UO694,R1_F1_m1f1_P1_Y1_UO495,FXX,1,53.62613020747331,0,0,0.0,0,0,0,-9999.0,0.375,1,P0_CV0,1,1,1,1,1
1,2540470.832,712452.2021,R1_F1_m1f1_P1_Y3_UO338,R1_F1_m1f1_P1_Y1_UO99,R1_F1_m1f1_P1_Y0_UO160,FXX,1,53.62613020747331,0,0,0.0,0,0,0,-9999.0,0.375,1,P0_CV0,1,1,1,0,2
1,2540470.832,712452.2021,R1_F1_m1f1_P1_Y3_UO371,R1_F1_m-1f-1_P1_Y-1_U37,I1_F7_m1f1_P1_Y0_UO272,MXY,1,53.62613020747331,0,0,0.0,0,0,0,-9999.0,0.375,1,P0_CV0,1,0,2,0,2
1,2540470.832,712452.2021,R1_F1_m1f1_P1_Y3_UO372,R1_F1_m-1f-1_P1_Y-1_U37,I1_F7_m1f1_P1_Y0_UO272,MXY,1,53.62613020747331,0,0,0.0,0,0,0,-9999.0,0.375,1,P0_CV0,1,1,1,2,0
1,2540470.832,712452.2021,R1_F1_m1f1_P1_Y3_UO373,R1_F1_m-1f-1_P1_Y-1_U37,I1_F7_m1f1_P1_Y0_UO272,MXY,1,53.62613020747331,0,0,0.0,0,0,0,-9999.0,0.375,1,P0_CV0,1,0,2,1,1
1,2540470.832,712452.2021,R1_F1_m1f1_P1_Y3_UO376,R1_F1_m1f1_P1_Y0_UO207,R1_F1_m1f1_P1_Y1_UO285,MXY,1,53.62613020747331,0,0,0.0,0,0,0,-9999.0,0.125,1,P0_CV0,1,0,2,0,2
1,2540470.832,712452.2021,R1_F1_m1f1_P1_Y3_UO377,R1_F1_m1f1_P1_Y0_UO207,R1_F1_m1f1_P1_Y1_UO285,MXY,1,53.62613020747331,0,0,0.0,0,0,0,-9999.0,0.125,1,P0_CV0,1,1,1,0,2
1,2540470.832,712452.2021,R1_F1_m1f1_P1_Y3_UO380,R1_F1_m-1f-1_P1_Y-1_U102,R1_F1_m1f1_P1_Y0_UO139,FXX,1,53.62613020747331,0,0,0.0,0,0,0,-9999.0,0.125,1,P0_CV0,1,1,1,2,0
1,2540470.832,712452.2021,R1_F1_m1f1_P1_Y3_UO381,R1_F1_m-1f-1_P1_Y-1_U102,R1_F1_m1f1_P1_Y0_UO139,MXY,1,53.62613020747331,0,0,0.0,0,0,0,-9999.0,0.125,1,P0_CV0,1,1,1,0,2
1,2540470.832,712452.2021,R1_F1_m1f1_P1_Y3_UO386,R1_F1_m1f1_P1_Y1_UO355,R1_F1_m1f1_P1_Y0_UO380,MXY,1,53.62613020747331,0,0,0.0,0,0,0,-9999.0,0.5,1,P0_CV0,1,0,2,1,1
1,2540470.832,712452.2021,R1_F1_m1f1_P1_Y3_UO410,R1_F1_m1f1_P1_Y0_UO757,R1_F1_m1f1_P1_Y1_UO551,MXY,1,53.62613020747331,0,0,0.0,0,0,0,-9999.0,0.5,1,P0_CV0,1,1,1,2,0
1,2540470.832,712452.2021,R1_F1_m1f1_P1_Y3_UO411,R1_F1_m1f1_P1_Y0_UO757,R1_F1_m1f1_P1_Y1_UO551,FXX,1,53.62613020747331,0,0,0.0,0,0,0,-9999.0,0.5,1,P0_CV0,1,1,1,2,0
1,2540470.832,712452.2021,R1_F1_m1f1_P1_Y3_UO412,R1_F1_m1f1_P1_Y1_UO548,R1_F1_m1f1_P1_Y1_UO180,FXX,1,53.62613020747331,0,0,0.0,0,0,0,-9999.0,0.125,1,P0_CV0,1,0,2,1,1
1,2540470.832,712452.2021,R1_F1_m1f1_P1_Y3_UO421,R1_F1_m-1f-1_P1_Y-1_U85,R1_F1_m1f1_P1_Y1_UO285,FXX,1,53.62613020747331,0,0,0.0,0,0,0,-9999.0,0.125,1,P0_CV0,1,0,2,0,2
1,2540470.832,712452.2021,R1_F1_m1f1_P1_Y3_UO422,R1_F1_m-1f-1_P1_Y-1_U85,R1_F1_m1f1_P1_Y1_UO285,FXX,1,53.62613020747331,0,0,0.0,0,0,0,-9999.0,0.125,1,P0_CV0,1,0,2,0,2
1,2540470.832,712452.2021,R1_F1_m1f1_P1_Y3_UO423,R1_F1_m1f1_P1_Y1_UO557,R1_F1_m1f1_P1_Y1_UO522,FXX,1,53.62613020747331,0,0,0.0,0,0,0,-9999.0,0.375,1,P0_CV0,1,2,0,0,2
1,2540470.832,712452.2021,R1_F1_m1f1_P1_Y3_UO424,R1_F1_m1f1_P1_Y0_UO694,R1_F1_m1f1_P1_Y1_UO285,MXY,1,53.62613020747331,0,0,0.0,0,0,0,-9999.0,0.375,1,P0_CV0,1,0,2,0,2
1,2540470.832,712452.2021,R1_F1_m1f1_P1_Y3_UO425,R1_F1_m1f1_P1_Y1_UO269,R1_F1_m1f1_P1_Y0_UO516,MXY,1,53.62613020747331,0,0,0.0,0,0,0,-9999.0,0.5,1,P0_CV0,1,0,2,0,2
1,2540470.832,712452.2021,R1_F1_m1f1_P1_Y3_UO428,R1_F1_m-1f-1_P1_Y-1_U82,R1_F1_m-1f-1_P1_Y-1_U124,MXY,1,53.62613020747331,0,0,0.0,0,0,0,-9999.0,0.25,1,P0_CV0,1,0,2,1,1
1,2540470.832,712452.2021,R1_F1_m1f1_P1_Y3_UO429,R1_F1_m-1f-1_P1_Y-1_U82,R1_F1_m-1f-1_P1_Y-1_U124,FXX,1,53.62613020747331,0,0,0.0,0,0,0,-9999.0,0.25,1,P0_CV0,1,1,1,1,1
1,2540470.832,712452.2021,R1_F1_m1f1_P1_Y3_UO430,R1_F1_m-1f-1_P1_Y-1_U82,R1_F1_m-1f-1_P1_Y-1_U124,MXY,1,53.62613020747331,0,0,0.0,0,0,0,-9999.0,0.25,1,P0_CV0,1,1,1,1,1
1,2540470.832,712452.2021,R1_F1_m1f1_P1_Y3_UO439,R1_F1_m1f1_P1_Y0_UO207,R1_F1_m1f1_P1_Y0_UO126,FXX,1,53.62613020747331,0,0,0.0,0,0,0,-9999.0,0.125,1,P0_CV0,1,1,1,2,0
1,2540470.832,712452.2021,R1_F1_m1f1_P1_Y3_UO446,R1_F1_m1f1_P1_Y1_UO269,R1_F1_m1f1_P1_Y1_UO285,MXY,1,53.62613020747331,0,0,0.0,0,0,0,-9999.0,0.375,1,P0_CV0,1,1,1,1,1
1,2540470.832,712452.2021,R1_F1_m1f1_P1_Y3_UO447,R1_F1_m1f1_P1_Y1_UO269,R1_F1_m1f1_P1_Y1_UO285,FXX,1,53.62613020747331,0,0,0.0,0,0,0,-9999.0,0.375,1,P0_CV0,1,0,2,0,2
1,2540470.832,712452.2021,R1_F1_m1f1_P1_Y3_UO453,R1_F1_m-1f-1_P1_Y-1_U118,R1_F1_m1f1_P1_Y1_UO484,FXX,1,53.62613020747331,0,0,0.0,0,0,0,-9999.0,0.125,1,P0_CV0,1,1,1,2,0
1,2540470.832,712452.2021,R1_F1_m1f1_P1_Y3_UO454,R1_F1_m-1f-1_P1_Y-1_U118,R1_F1_m1f1_P1_Y1_UO484,FXX,1,53.62613020747331,0,0,0.0,0,0,0,-9999.0,0.125,1,P0_CV0,1,1,1,0,2
1,2540470.832,712452.2021,R1_F1_m1f1_P1_Y3_UO455,R1_F1_m1f1_P1_Y1_UO287,R1_F1_m-1f-1_P1_Y-1_U95,MXY,1,53.62613020747331,0,0,0.0,0,0,0,-9999.0,0.125,1,P0_CV0,1,0,2,0,2
1,2540470.832,712452.2021,R1_F1_m1f1_P1_Y3_UO469,R1_F1_m1f1_P1_Y1_UO557,R1_F1_m-1f-1_P1_Y-1_U31,MXY,1,53.62613020747331,0,0,0.0,0,0,0,-9999.0,0.25,1,P0_CV0,1,1,1,1,1
1,2540470.832,712452.2021,R1_F1_m1f1_P1_Y3_UO478,R1_F1_m1f1_P1_Y0_UO305,R1_F1_m1f1_P1_Y1_UO522,FXX,1,53.62613020747331,0,0,0.0,0,0,0,-9999.0,0.25,1,P0_CV0,1,2,0,0,2
1,2540470.832,712452.2021,R1_F1_m1f1_P1_Y3_UO479,R1_F1_m1f1_P1_Y0_UO305,R1_F1_m1f1_P1_Y1_UO522,MXY,1,53.62613020747331,0,0,0.0,0,0,0,-9999.0,0.25,1,P0_CV0,1,2,0,1,1
1,2540470.832,712452.2021,R1_F1_m1f1_P1_Y3_UO483,R1_F1_m1f1_P1_Y0_UO763,R1_F1_m1f1_P1_Y1_UO29,FXX,1,53.62613020747331,0,0,0.0,0,0,0,-9999.0,0.375,1,P0_CV0,1,0,2,1,1
1,2540470.832,712452.2021,R1_F1_m1f1_P1_Y3_UO484,R1_F1_m1f1_P1_Y0_UO763,R1_F1_m1f1_P1_Y1_UO29,FXX,1,53.62613020747331,0,0,0.0,0,0,0,-9999.0,0.375,1,P0_CV0,1,0,2,1,1
1,2540470.832,712452.2021,R1_F1_m1f1_P1_Y3_UO494,R1_F1_m1f1_P1_Y0_UO437,R1_F1_m1f1_P1_Y1_UO495,MXY,1,53.62613020747331,0,0,0.0,0,0,0,-9999.0,0.375,1,P0_CV0,1,2,0,1,1
1,2540470.832,712452.2021,R1_F1_m1f1_P1_Y3_UO495,R1_F1_m1f1_P1_Y0_UO437,R1_F1_m1f1_P1_Y1_UO495,FXX,1,53.62613020747331,0,0,0.0,0,0,0,-9999.0,0.375,1,P0_CV0,1,2,0,0,2
1,2540470.832,712452.2021,R1_F1_m1f1_P1_Y3_UO503,R1_F1_m1f1_P1_Y0_UO202,R1_F1_m1f1_P1_Y0_UO691,FXX,1,53.62613020747331,0,0,0.0,0,0,0,-9999.0,0.375,1,P0_CV0,1,1,1,2,0
1,2540470.832,712452.2021,R1_F1_m1f1_P1_Y3_UO504,R1_F1_m1f1_P1_Y0_UO202,R1_F1_m1f1_P1_Y0_UO691,FXX,1,53.62613020747331,0,0,0.0,0,0,0,-9999.0,0.375,1,P0_CV0,1,1,1,1,1
1,2540470.832,712452.2021,R1_F1_m1f1_P1_Y3_UO510,R1_F1_m-1f-1_P1_Y-1_U102,R1_F1_m1f1_P1_Y1_UO101,FXX,1,53.62613020747331,0,0,0.0,0,0,0,-9999.0,0.125,1,P0_CV0,1,0,2,0,2
1,2540470.832,712452.2021,R1_F1_m1f1_P1_Y3_UO511,R1_F1_m-1f-1_P1_Y-1_U102,R1_F1_m1f1_P1_Y1_UO101,FXX,1,53.62613020747331,0,0,0.0,0,0,0,-9999.0,0.125,1,P0_CV0,1,0,2,0,2
1,2540470.832,712452.2021,R1_F1_m1f1_P1_Y3_UO512,R1_F1_m-1f-1_P1_Y-1_U102,R1_F1_m1f1_P1_Y1_UO101,MXY,1,53.62613020747331,0,0,0.0,0,0,0,-9999.0,0.125,1,P0_CV0,1,0,2,0,2
1,2540470.832,712452.2021,R1_F1_m1f1_P1_Y3_UO513,R1_F1_m-1f-1_P1_Y-1_U102,R1_F1_m1f1_P1_Y1_UO101,FXX,1,53.62613020747331,0,0,0.0,0,0,0,-9999.0,0.125,1,P0_CV0,1,0,2,0,2
1,2540470.832,712452.2021,R1_F1_m1f1_P1_Y3_UO568,R1_F1_m1f1_P1_Y1_UO355,R1_F1_m-1f-1_P1_Y-1_U124,MXY,1,53.62613020747331,0,0,0.0,0,0,0,-9999.0,0.125,1,P0_CV0,1,0,2,1,1
1,2540470.832,712452.2021,R1_F1_m1f1_P1_Y3_UO570,R1_F1_m1f1_P1_Y0_UO694,R1_F1_m1f1_P1_Y1_UO98,MXY,1,53.62613020747331,0,0,0.0,0,0,0,-9999.0,0.5,1,P0_CV0,1,1,1,2,0
1,2540470.832,712452.2021,R1_F1_m1f1_P1_Y3_UO571,R1_F1_m1f1_P1_Y0_UO694,R1_F1_m1f1_P1_Y1_UO98,FXX,1,53.62613020747331,0,0,0.0,0,0,0,-9999.0,0.5,1,P0_CV0,1,0,2,1,1
1,2540470.832,712452.2021,R1_F1_m1f1_P1_Y3_UO589,R1_F1_m1f1_P1_Y1_UO355,R1_F1_m-1f-1_P1_Y-1_U54,FXX,1,53.62613020747331,0,0,0.0,0,0,0,-9999.0,0.125,1,P0_CV0,1,0,2,1,1
1,2540470.832,712452.2021,R1_F1_m1f1_P1_Y3_UO597,R1_F1_m1f1_P1_Y0_UO763,R1_F1_m1f1_P1_Y0_UO726,MXY,1,53.62613020747331,0,0,0.0,0,0,0,-9999.0,0.25,1,P0_CV0,1,2,0,0,2
1,2540470.832,712452.2021,R1_F1_m1f1_P1_Y3_UO621,R1_F1_m1f1_P1_Y1_UO287,R1_F1_m1f1_P1_Y1_UO261,FXX,1,53.62613020747331,0,0,0.0,0,0,0,-9999.0,0.25,1,P0_CV0,1,1,1,0,2
1,2540470.832,712452.2021,R1_F1_m1f1_P1_Y2_UO339,R1_F1_m1f1_P1_Y0_UO745,R1_F1_m-1f-1_P1_Y-1_U2,MXY,2,77.58253724906278,1,0,0.0,0,0,0,-9999.0,0.125,1,P0_CV0,1,0,2,2,0
1,2540470.832,712452.2021,R1_F1_m1f1_P1_Y2_UO381,R1_F1_m1f1_P1_Y0_UO207,R1_F1_m-1f-1_P1_Y-1_U31,FXX,2,77.58253724906278,1,0,1.637,0,0,0,-9999.0,0.0,1,P0_CV0,1,0,2,2,0
1,2540470.832,712452.2021,R1_F1_m1f1_P1_Y2_UO474,R1_F1_m1f1_P1_Y0_UO551,R1_F1_m-1f-1_P1_Y-1_U90,FXX,2,77.58253724906278,1,0,1.0,0,0,0,-9999.0,0.125,1,P0_CV0,1,0,2,1,1
1,2540470.832,712452.2021,R1_F1_m1f1_P1_Y2_UO562,R1_F1_m-1f-1_P1_Y-1_U137,R1_F1_m-1f-1_P1_Y-1_U34,FXX,2,77.58253724906278,1,0,0.0,0,0,0,-9999.0,0.0,1,P0_CV0,1,0,2,2,0
1,2540470.832,712452.2021,R1_F1_m1f1_P1_Y2_UO631,R1_F1_m1f1_P1_Y0_UO718,R1_F1_m1f1_P1_Y0_UO157,MXY,2,77.58253724906278,1,0,0.0,0,0,0,-9999.0,0.125,1,P0_CV0,1,0,2,0,2
1,2540470.832,712452.2021,R1_F1_m1f1_P1_Y2_UO373,R1_F1_m-1f-1_P1_Y-1_U125,R1_F1_m1f1_P1_Y0_UO379,FXX,2,77.58253724906278,1,0,1.967,0,0,0,-9999.0,0.625,1,P0_CV0,1,2,0,0,2
1,2540470.832,712452.2021,R1_F1_m1f1_P1_Y2_UO116,R1_F1_m-1f-1_P1_Y-1_U134,R1_F1_m-1f-1_P1_Y-1_U29,MXY,2,77.58253724906278,1,0,0.0,0,0,0,-9999.0,0.25,1,P0_CV0,1,1,1,1,1
1,2540470.832,712452.2021,R1_F1_m1f1_P1_Y2_UO632,R1_F1_m1f1_P1_Y0_UO718,R1_F1_m1f1_P1_Y0_UO157,MXY,2,77.58253724906278,1,0,0.0,0,0,0,-9999.0,0.125,1,P0_CV0,1,1,1,1,1
1,2540470.832,712452.2021,R1_F1_m1f1_P1_Y2_UO247,R1_F1_m1f1_P1_Y0_UO745,R1_F1_m1f1_P1_Y0_UO726,FXX,2,77.58253724906278,1,0,1.652,0,0,0,-9999.0,0.125,1,P0_CV0,1,1,1,1,1
1,2540470.832,712452.2021,R1_F1_m1f1_P1_Y2_UO172,R1_F1_m1f1_P1_Y0_UO551,R1_F1_m-1f-1_P1_Y-1_U34,FXX,2,77.58253724906278,1,0,2.336,0,0,0,-9999.0,0.125,1,P0_CV0,1,0,2,2,0
1,2540470.832,712452.2021,R1_F1_m1f1_P1_Y2_UO52,R1_F1_m-1f-1_P1_Y-1_U119,R1_F1_m1f1_P1_Y0_UO386,MXY,2,77.58253724906278,1,0,0.0,0,0,0,-9999.0,0.125,1,P0_CV0,1,0,2,1,1
1,2540470.832,712452.2021,R1_F1_m1f1_P1_Y2_UO271,R1_F1_m-1f-1_P1_Y-1_U77,R1_F1_m-1f-1_P1_Y-1_U42,FXX,2,77.58253724906278,1,0,1.382,0,0,0,-9999.0,0.25,1,P0_CV0,1,0,2,0,2
1,2540470.832,712452.2021,R1_F1_m1f1_P1_Y2_UO94,R1_F1_m-1f-1_P1_Y-1_U125,R1_F1_m1f1_P1_Y0_UO176,MXY,2,77.58253724906278,1,0,0.0,0,0,0,-9999.0,0.375,1,P0_CV0,1,0,2,0,2
1,2540470.832,712452.2021,R1_F1_m1f1_P1_Y2_UO677,R1_F1_m-1f-1_P1_Y-1_U125,R1_F1_m-1f-1_P1_Y-1_U29,MXY,2,77.58253724906278,1,0,0.0,0,0,0,-9999.0,0.5,1,P0_CV0,1,2,0,1,1
1,2540470.832,712452.2021,R1_F1_m1f1_P1_Y2_UO76,R1_F1_m1f1_P1_Y0_UO71,R1_F1_m1f1_P1_Y0_UO99,MXY,2,77.58253724906278,1,0,0.0,0,0,0,-9999.0,0.5,1,P0_CV0,1,0,2,2,0
1,2540470.832,712452.2021,R1_F1_m1f1_P1_Y2_UO641,R1_F1_m1f1_P1_Y0_UO57,R1_F1_m-1f-1_P1_Y-1_U124,FXX,2,77.58253724906278,1,0,1.881,0,0,0,-9999.0,0.125,1,P0_CV0,1,0,2,2,0
1,2540470.832,712452.2021,R1_F1_m1f1_P1_Y2_UO473,R1_F1_m1f1_P1_Y0_UO551,R1_F1_m-1f-1_P1_Y-1_U90,MXY,2,77.58253724906278,1,0,0.0,0,0,0,-9999.0,0.125,1,P0_CV0,1,1,1,1,1
1,2540470.832,712452.2021,R1_F1_m1f1_P1_Y2_UO565,R1_F1_m-1f-1_P1_Y-1_U137,R1_F1_m-1f-1_P1_Y-1_U34,MXY,2,77.58253724906278,1,0,0.0,0,0,0,-9999.0,0.0,1,P0_CV0,1,0,2,0,2
1,2540470.832,712452.2021,R1_F1_m1f1_P1_Y2_UO66,R1_F1_m-1f-1_P1_Y-1_U118,R1_F1_m1f1_P1_Y0_UO379,FXX,2,77.58253724906278,1,0,2.986,0,0,0,-9999.0,0.375,1,P0_CV0,1,1,1,0,2
1,2540470.832,712452.2021,R1_F1_m1f1_P1_Y2_UO442,R1_F1_m1f1_P1_Y0_UO71,R1_F1_m-1f-1_P1_Y-1_U90,FXX,2,77.58253724906278,1,0,0.0,0,0,0,-9999.0,0.25,1,P0_CV0,1,0,2,1,1
1,2540470.832,712452.2021,R1_F1_m1f1_P1_Y2_UO63,R1_F1_m-1f-1_P1_Y-1_U118,R1_F1_m1f1_P1_Y0_UO379,MXY,2,77.58253724906278,1,0,0.0,0,0,0,-9999.0,0.375,1,P0_CV0,1,1,1,0,2
1,2540470.832,712452.2021,R1_F1_m1f1_P1_Y2_UO248,R1_F1_m1f1_P1_Y0_UO745,R1_F1_m1f1_P1_Y0_UO726,FXX,2,77.58253724906278,1,0,2.026,0,0,0,-9999.0,0.125,1,P0_CV0,1,1,1,1,1
1,2540470.832,712452.2021,R1_F1_m1f1_P1_Y2_UO151,R1_F1_m1f1_P1_Y0_UO239,R1_F1_m1f1_P1_Y0_UO691,FXX,2,77.58253724906278,1,0,3.451,0,0,0,-9999.0,0.5,1,P0_CV0,1,0,2,1,1
1,2540470.832,712452.2021,R1_F1_m1f1_P1_Y2_UO143,R1_F1_m1f1_P1_Y0_UO551,R1_F1_m1f1_P1_Y0_UO272,FXX,2,77.58253724906278,1,0,1.407,0,0,0,-9999.0,0.25,1,P0_CV0,1,1,1,2,0
1,2540470.832,712452.2021,R1_F1_m1f1_P1_Y2_UO140,R1_F1_m1f1_P1_Y0_UO551,R1_F1_m1f1_P1_Y0_UO272,MXY,2,77.58253724906278,1,0,0.0,0,0,0,-9999.0,0.25,1,P0_CV0,1,0,2,1,1
1,2540470.832,712452.2021,R1_F1_m1f1_P1_Y2_UO134,R1_F1_m1f1_P1_Y0_UO550,R1_F1_m1f1_P1_Y0_UO101,FXX,2,77.58253724906278,1,0,1.598,0,0,0,-9999.0,0.375,1,P0_CV0,1,2,0,0,2
1,2540470.832,712452.2021,R1_F1_m1f1_P1_Y2_UO616,R1_F1_m1f1_P1_Y0_UO718,R1_F1_m-1f-1_P1_Y-1_U54,MXY,2,77.58253724906278,1,0,0.0,0,0,0,-9999.0,0.0,1,P0_CV0,1,1,1,1,1
1,2540470.832,712452.2021,R1_F1_m1f1_P1_Y2_UO88,R1_F1_m-1f-1_P1_Y-1_U125,R1_F1_m1f1_P1_Y0_UO176,FXX,2,77.58253724906278,1,0,1.492,0,0,0,-9999.0,0.375,1,P0_CV0,1,1,1,0,2
1,2540470.832,712452.2021,R1_F1_m1f1_P1_Y2_UO182,R1_F1_m1f1_P1_Y0_UO551,R1_F1_m1f1_P1_Y0_UO139,FXX,2,77.58253724906278,1,0,1.174,0,0,0,-9999.0,0.25,1,P0_CV0,1,2,0,1,1
1,2540470.832,712452.2021,R1_F1_m1f1_P1_Y2_UO173,R1_F1_m1f1_P1_Y0_UO551,R1_F1_m-1f-1_P1_Y-1_U34,MXY,2,77.58253724906278,1,0,0.0,0,0,0,-9999.0,0.125,1,P0_CV0,1,0,2,1,1
1,2540470.832,712452.2021,R1_F1_m1f1_P1_Y2_UO374,R1_F1_m-1f-1_P1_Y-1_U125,R1_F1_m1f1_P1_Y0_UO379,MXY,2,77.58253724906278,1,0,0.0,0,0,0,-9999.0,0.625,1,P0_CV0,1,1,1,0,2
1,2540470.832,712452.2021,R1_F1_m1f1_P1_Y2_UO238,R1_F1_m-1f-1_P1_Y-1_U82,R1_F1_m1f1_P1_Y0_UO516,FXX,2,77.58253724906278,1,0,1.894,0,0,0,-9999.0,0.5,1,P0_CV0,1,1,1,0,2
1,2540470.832,712452.2021,R1_F1_m1f1_P1_Y2_UO411,R1_F1_m1f1_P1_Y0_UO71,R1_F1_m1f1_P1_Y0_UO160,FXX,2,77.58253724906278,1,0,0.0,0,0,0,-9999.0,0.375,1,P0_CV0,1,1,1,0,2
1,2540470.832,712452.2021,R1_F1_m1f1_P1_Y2_UO67,R1_F1_m-1f-1_P1_Y-1_U118,R1_F1_m1f1_P1_Y0_UO379,FXX,2,77.58253724906278,1,0,0.0,0,0,0,-9999.0,0.375,1,P0_CV0,1,1,1,0,2
1,2540470.832,712452.2021,R1_F1_m1f1_P1_Y2_UO142,R1_F1_m1f1_P1_Y0_UO551,R1_F1_m1f1_P1_Y0_UO272,FXX,2,77.58253724906278,1,0,0.0,0,0,0,-9999.0,0.25,1,P0_CV0,1,1,1,2,0
1,2540470.832,712452.2021,R1_F1_m1f1_P1_Y2_UO120,R1_F1_m-1f-1_P1_Y-1_U134,R1_F1_m-1f-1_P1_Y-1_U29,FXX,2,77.58253724906278,1,0,1.0,0,0,0,-9999.0,0.25,1,P0_CV0,1,1,1,1,1
1,2540470.832,712452.2021,R1_F1_m1f1_P1_Y2_UO240,R1_F1_m-1f-1_P1_Y-1_U82,R1_F1_m1f1_P1_Y0_UO516,FXX,2,77.58253724906278,1,0,0.0,0,0,0,-9999.0,0.5,1,P0_CV0,1,2,0,0,2
1,2540470.832,712452.2021,R1_F1_m1f1_P1_Y2_UO75,R1_F1_m1f1_P1_Y0_UO71,R1_F1_m1f1_P1_Y0_UO99,MXY,2,77.58253724906278,1,0,0.0,0,0,0,-9999.0,0.5,1,P0_CV0,1,0,2,2,0
1,2540470.832,712452.2021,R1_F1_m1f1_P1_Y2_UO440,R1_F1_m1f1_P1_Y0_UO71,R1_F1_m-1f-1_P1_Y-1_U90,FXX,2,77.58253724906278,1,0,1.0,0,0,0,-9999.0,0.25,1,P0_CV0,1,0,2,0,2
1,2540470.832,712452.2021,R1_F1_m1f1_P1_Y2_UO639,R1_F1_m1f1_P1_Y0_UO57,R1_F1_m-1f-1_P1_Y-1_U124,FXX,2,77.58253724906278,1,0,2.489,0,0,0,-9999.0,0.125,1,P0_CV0,1,0,2,2,0
1,2540470.832,712452.2021,R1_F1_m1f1_P1_Y2_UO296,R1_F1_m-1f-1_P1_Y-1_U85,R1_F1_m1f1_P1_Y0_UO58,MXY,2,77.58253724906278,1,0,0.0,0,0,0,-9999.0,0.125,1,P0_CV0,1,1,1,1,1
1,2540470.832,712452.2021,R1_F1_m1f1_P1_Y2_UO566,R1_F1_m-1f-1_P1_Y-1_U137,R1_F1_m-1f-1_P1_Y-1_U34,MXY,2,77.58253724906278,1,0,0.0,0,0,0,-9999.0,0.0,1,P0_CV0,1,0,2,2,0
1,2540470.832,712452.2021,R1_F1_m1f1_P1_Y1_UO29,R1_F1_m-1f-1_P1_Y-1_U69,R1_F1_m-1f-1_P1_Y-1_U39,MXY,3,97.18394065947172,1,0,0.0,0,0,0,-9999.0,0.25,1,P0_CV0,1,1,1,1,1
1,2540470.832,712452.2021,R1_F1_m1f1_P1_Y1_UO133,R1_F1_m-1f-1_P1_Y-1_U16,R1_F1_m-1f-1_P1_Y-1_U68,FXX,3,97.18394065947172,1,0,3.273,0,0,0,-9999.0,0.0,1,P0_CV0,1,0,2,2,0
1,2540470.832,712452.2021,R1_F1_m1f1_P1_Y1_UO99,R1_F1_m-1f-1_P1_Y-1_U23,R1_F1_m-1f-1_P1_Y-1_U18,FXX,3,97.18394065947172,1,0,0.0,0,0,0,-9999.0,0.5,1,P0_CV0,1,1,1,0,2
1,2540470.832,712452.2021,R1_F1_m1f1_P1_Y1_UO416,R1_F1_m-1f-1_P1_Y-1_U130,R1_F1_m-1f-1_P1_Y-1_U58,FXX,3,97.18394065947172,1,0,1.118,0,0,0,-9999.0,0.5,1,P0_CV0,1,0,2,0,2
1,2540470.832,712452.2021,R1_F1_m1f1_P1_Y1_UO581,R1_F1_m-1f-1_P1_Y-1_U76,R1_F1_m-1f-1_P1_Y-1_U26,FXX,3,97.18394065947172,1,0,1.305,0,0,0,-9999.0,0.5,1,P0_CV0,1,1,1,2,0
1,2540470.832,712452.2021,R1_F1_m1f1_P1_Y1_UO604,R1_F1_m-1f-1_P1_Y-1_U110,R1_F1_m-1f-1_P1_Y-1_U71,MXY,3,97.18394065947172,1,0,0.0,0,0,0,-9999.0,0.0,1,P0_CV0,1,2,0,2,0
1,2540470.832,712452.2021,R1_F1_m1f1_P1_Y1_UO98,R1_F1_m-1f-1_P1_Y-1_U23,R1_F1_m-1f-1_P1_Y-1_U18,MXY,3,97.18394065947172,1,0,0.0,0,0,0,-9999.0,0.5,1,P0_CV0,1,1,1,1,1
1,2540470.832,712452.2021,R1_F1_m1f1_P1_Y1_UO285,R1_F1_m-1f-1_P1_Y-1_U98,R1_F1_m-1f-1_P1_Y-1_U64,MXY,3,97.18394065947172,1,0,0.0,0,0,0,-9999.0,0.25,1,P0_CV0,1,1,1,0,2
1,2540470.832,712452.2021,R1_F1_m1f1_P1_Y1_UO551,R1_F1_m-1f-1_P1_Y-1_U65,R1_F1_m-1f-1_P1_Y-1_U116,MXY,3,97.18394065947172,1,0,0.0,0,0,0,-9999.0,0.25,1,P0_CV0,1,0,2,2,0
1,2540470.832,712452.2021,R1_F1_m1f1_P1_Y1_UO260,R1_F1_m-1f-1_P1_Y-1_U8,R1_F1_m-1f-1_P1_Y-1_U91,FXX,3,97.18394065947172,1,0,1.419,0,0,0,-9999.0,0.25,1,P0_CV0,1,1,1,0,2
1,2540470.832,712452.2021,R1_F1_m1f1_P1_Y1_UO71,R1_F1_m-1f-1_P1_Y-1_U140,R1_F1_m-1f-1_P1_Y-1_U1,FXX,3,97.18394065947172,1,0,1.0,0,0,0,-9999.0,0.5,1,P0_CV0,1,0,2,0,2
1,2540470.832,712452.2021,R1_F1_m1f1_P1_Y1_UO328,R1_F1_m-1f-1_P1_Y-1_U65,R1_F1_m-1f-1_P1_Y-1_U105,FXX,3,97.18394065947172,1,0,1.0,0,0,0,-9999.0,0.25,1,P0_CV0,1,1,1,2,0
1,2540470.832,712452.2021,R1_F1_m1f1_P1_Y1_UO8,R1_F1_m-1f-1_P1_Y-1_U57,R1_F1_m-1f-1_P1_Y-1_U31,FXX,3,97.18394065947172,1,0,1.343,0,0,0,-9999.0,0.25,1,P0_CV0,1,1,1,2,0
1,2540470.832,712452.2021,R1_F1_m1f1_P1_Y1_UO1,R1_F1_m-1f-1_P1_Y-1_U92,R1_F1_m-1f-1_P1_Y-1_U93,MXY,3,97.18394065947172,1,0,0.0,0,0,0,-9999.0,0.5,1,P0_CV0,1,1,1,0,2
1,2540470.832,712452.2021,R1_F1_m1f1_P1_Y1_UO286,R1_F1_m-1f-1_P1_Y-1_U98,R1_F1_m-1f-1_P1_Y-1_U64,FXX,3,97.18394065947172,1,0,1.0,0,0,0,-9999.0,0.25,1,P0_CV0,1,1,1,2,0
1,2540470.832,712452.2021,R1_F1_m1f1_P1_Y1_UO135,R1_F1_m-1f-1_P1_Y-1_U16,R1_F1_m-1f-1_P1_Y-1_U68,FXX,3,97.18394065947172,1,0,0.0,0,0,0,-9999.0,0.0,1,P0_CV0,1,1,1,1,1
1,2540470.832,712452.2021,R1_F1_m1f1_P1_Y1_UO484,R1_F1_m-1f-1_P1_Y-1_U57,R1_F1_m-1f-1_P1_Y-1_U94,MXY,3,97.18394065947172,1,0,0.0,0,0,0,-9999.0,0.25,1,P0_CV0,1,1,1,1,1
1,2540470.832,712452.2021,R1_F1_m1f1_P1_Y1_UO134,R1_F1_m-1f-1_P1_Y-1_U16,R1_F1_m-1f-1_P1_Y-1_U68,FXX,3,97.18394065947172,1,0,2.212,0,0,0,-9999.0,0.0,1,P0_CV0,1,1,1,2,0
1,2540470.832,712452.2021,R1_F1_m1f1_P1_Y1_UO558,R1_F1_m-1f-1_P1_Y-1_U98,R1_F1_m-1f-1_P1_Y-1_U1,MXY,3,97.18394065947172,1,0,0.0,0,0,0,-9999.0,0.5,1,P0_CV0,1,2,0,1,1
1,2540470.832,712452.2021,R1_F1_m1f1_P1_Y1_UO360,R1_F1_m-1f-1_P1_Y-1_U104,R1_F1_m-1f-1_P1_Y-1_U93,MXY,3,97.18394065947172,1,0,0.0,0,0,0,-9999.0,0.25,1,P0_CV0,1,1,1,0,2
1,2540470.832,712452.2021,R1_F1_m1f1_P1_Y1_UO365,R1_F1_m-1f-1_P1_Y-1_U110,R1_F1_m-1f-1_P1_Y-1_U88,FXX,3,97.18394065947172,1,0,1.522,0,0,0,-9999.0,0.25,1,P0_CV0,1,0,2,2,0
1,2540470.832,712452.2021,R1_F1_m1f1_P1_Y1_UO338,R1_F1_m-1f-1_P1_Y-1_U65,R1_F1_m-1f-1_P1_Y-1_U32,FXX,3,97.18394065947172,1,0,0.0,0,0,0,-9999.0,0.25,1,P0_CV0,1,1,1,0,2
1,2540470.832,712452.2021,R1_F1_m1f1_P1_Y1_UO557,R1_F1_m-1f-1_P1_Y-1_U98,R1_F1_m-1f-1_P1_Y-1_U1,FXX,3,97.18394065947172,1,0,1.605,0,0,0,-9999.0,0.5,1,P0_CV0,1,2,0,1,1
1,2540470.832,712452.2021,R1_F1_m1f1_P1_Y1_UO288,R1_F1_m-1f-1_P1_Y-1_U133,R1_F1_m-1f-1_P1_Y-1_U109,MXY,3,97.18394065947172,1,0,0.0,0,0,0,-9999.0,0.25,1,P0_CV0,1,1,1,1,1
1,2540470.832,712452.2021,R1_F1_m1f1_P1_Y1_UO0,R1_F1_m-1f-1_P1_Y-1_U92,R1_F1_m-1f-1_P1_Y-1_U93,FXX,3,97.18394065947172,1,0,0.0,0,0,0,-9999.0,0.5,1,P0_CV0,1,2,0,1,1
1,2540470.832,712452.2021,R1_F1_m1f1_P1_Y1_UO261,R1_F1_m-1f-1_P1_Y-1_U8,R1_F1_m-1f-1_P1_Y-1_U91,MXY,3,97.18394065947172,1,0,0.0,0,0,0,-9999.0,0.25,1,P0_CV0,1,1,1,0,2
1,2540470.832,712452.2021,I1_F7_m1f1_P1_Y1_UO97,R1_F1_m-1f-1_P1_Y-1_U23,R1_F1_m-1f-1_P1_Y-1_U18,FXX,3,97.18867452371306,1,0,2.716,0,0,0,-9999.0,0.5,1,P0_CV0,1,1,1,1,1
1,2540470.832,712452.2021,R1_F1_m1f1_P1_Y0_UO76,R1_F1_m-1f-1_P1_Y-1_U37,R1_F1_m-1f-1_P1_Y-1_U49,FXX,4,111.61798582835895,1,0,0.0,0,0,0,-9999.0,0.5,1,P0_CV0,1,2,0,2,0
1,2540470.832,712452.2021,R1_F1_m1f1_P1_Y0_UO691,R1_F1_m-1f-1_P1_Y-1_U27,R1_F1_m-1f-1_P1_Y-1_U29,MXY,4,111.61798582835895,1,0,0.0,0,0,0,-9999.0,0.5,1,P0_CV0,1,0,2,1,1
1,2540470.832,712452.2021,R1_F1_m1f1_P1_Y0_UO518,R1_F1_m-1f-1_P1_Y-1_U115,R1_F1_m-1f-1_P1_Y-1_U74,MXY,4,111.61798582835895,1,0,0.0,0,0,0,-9999.0,0.5,1,P0_CV0,1,2,0,1,1
1,2540470.832,712452.2021,R1_F1_m1f1_P1_Y0_UO57,R1_F1_m-1f-1_P1_Y-1_U80,R1_F1_m-1f-1_P1_Y-1_U41,FXX,4,111.61798582835895,1,0,0.0,0,0,0,-9999.0,0.25,1,P0_CV0,1,0,2,1,1
1,2540470.832,712452.2021,R1_F1_m1f1_P1_Y0_UO162,R1_F1_m-1f-1_P1_Y-1_U37,R1_F1_m-1f-1_P1_Y-1_U94,FXX,4,111.61798582835895,1,0,2.156,0,0,0,-9999.0,0.25,1,P0_CV0,1,1,1,0,2
1,2540470.832,712452.2021,R1_F1_m1f1_P1_Y0_UO208,R1_F1_m-1f-1_P1_Y-1_U59,R1_F1_m-1f-1_P1_Y-1_U5,MXY,4,111.61798582835895,1,0,0.0,0,0,0,-9999.0,0.0,1,P0_CV0,1,1,1,2,0
1,2540470.832,712452.2021,R1_F1_m1f1_P1_Y0_UO207,R1_F1_m-1f-1_P1_Y-1_U59,R1_F1_m-1f-1_P1_Y-1_U5,FXX,4,111.61798582835895,1,0,2.06,0,0,0,-9999.0,0.0,1,P0_CV0,1,0,2,1,1
1,2540470.832,712452.2021,I1_F7_m1f1_P1_Y0_UO503,R1_F1_m-1f-1_P1_Y-1_U137,R1_F1_m-1f-1_P1_Y-1_U97,FXX,4,111.62188538705273,1,0,1.185,0,0,0,-9999.0,0.25,1,P0_CV0,1,1,1,2,0
1,2540470.832,712452.2021,R1_F1_m-1f-1_P1_Y-1_U118,-9999,-9999,FXX,5,121.64021290552176,1,0,1.625,0,0,0,-9999.0,0.0,1,P0_CV0,1,0,2,1,1
1,2540470.832,712452.2021,R1_F1_m-1f-1_P1_Y-1_U95,-9999,-9999,MXY,5,121.64021290552176,1,0,0.0,0,0,0,-9999.0,0.0,1,P0_CV0,1,0,2,1,1
1,2540470.832,712452.2021,R1_F1_m-1f-1_P1_Y-1_U85,-9999,-9999,FXX,5,121.64021290552176,1,0,1.171,0,0,0,-9999.0,0.0,1,P0_CV0,1,0,2,1,1
1,2540470.832,712452.2021,I1_F7_m-1f-1_P1_Y-1_U134,-9999,-9999,FXX,5,121.64323178247206,1,0,1.505,0,0,0,-9999.0,0.0,1,P0_CV0,1,0,2,0,2
1,2540470.832,712452.2021,I1_F7_m-1f-1_P1_Y-1_U77,-9999,-9999,FXX,5,121.64323178247206,1,0,2.506,0,0,0,-9999.0,0.5,1,P0_CV0,1,1,1,0,2
2,2536859.926,708059.4624,R2_F2_m2f2_P2_Y3_UO4,R2_F2_m2f2_P2_Y1_UO350,R2_F2_m2f2_P2_Y1_UO299,MXY,1,31.482344212751126,0,0,0.0,0,0,0,-9999.0,0.375,1,P1_CV0,1,1,1,2,0
2,2536859.926,708059.4624,R2_F2_m2f2_P2_Y3_UO5,R2_F2_m-1f-1_P2_Y-1_U56,R2_F2_m2f2_P2_Y0_UO548,FXX,1,31.482344212751126,0,0,0.0,0,0,0,-9999.0,0.625,1,P1_CV0,1,1,1,1,1
2,2536859.926,708059.4624,R2_F2_m2f2_P2_Y3_UO6,R2_F2_m-1f-1_P2_Y-1_U56,R2_F2_m2f2_P2_Y0_UO548,MXY,1,31.482344212751126,0,0,0.0,0,0,0,-9999.0,0.625,1,P1_CV0,1,0,2,1,1
2,2536859.926,708059.4624,R2_F2_m2f2_P2_Y3_UO9,R2_F2_m2f2_P2_Y0_UO265,R2_F2_m2f2_P2_Y1_UO40,FXX,1,31.482344212751126,0,0,0.0,0,0,0,-9999.0,0.875,1,P1_CV0,1,2,0,2,0
2,2536859.926,708059.4624,R2_F2_m2f2_P2_Y3_UO10,R2_F2_m2f2_P2_Y0_UO265,R2_F2_m2f2_P2_Y1_UO40,FXX,1,31.482344212751126,0,0,0.0,0,0,0,-9999.0,0.875,1,P1_CV0,1,2,0,2,0
2,2536859.926,708059.4624,R2_F2_m2f2_P2_Y3_UO11,R2_F2_m2f2_P2_Y0_UO265,R2_F2_m2f2_P2_Y1_UO40,FXX,1,31.482344212751126,0,0,0.0,0,0,0,-9999.0,0.875,1,P1_CV0,1,2,0,2,0
2,2536859.926,708059.4624,R2_F2_m2f2_P2_Y3_UO12,R2_F2_m2f2_P2_Y0_UO265,R2_F2_m2f2_P2_Y1_UO40,FXX,1,31.482344212751126,0,0,0.0,0,0,0,-9999.0,0.875,1,P1_CV0,1,2,0,2,0
2,2536859.926,708059.4624,R2_F2_m2f2_P2_Y3_UO13,R2_F2_m2f2_P2_Y0_UO265,R2_F2_m2f2_P2_Y1_UO40,MXY,1,31.482344212751126,0,0,0.0,0,0,0,-9999.0,0.875,1,P1_CV0,1,2,0,2,0
2,2536859.926,708059.4624,R2_F2_m2f2_P2_Y3_UO14,R2_F2_m2f2_P2_Y1_UO350,R2_F2_m2f2_P2_Y0_UO216,FXX,1,31.482344212751126,0,0,0.0,0,0,0,-9999.0,0.25,1,P1_CV0,1,2,0,2,0
2,2536859.926,708059.4624,RD2_F2_m2f2_P2_Y3_UO15,R2_F2_m2f2_P2_Y1_UO350,R2_F2_m2f2_P2_Y0_UO216,FXX,1,31.482344212751126,0,0,0.0,0,0,0,-9999.0,0.25,1,P1_CV0,1,1,1,2,0
2,2536859.926,708059.4624,R2_F2_m2f2_P2_Y3_UO16,R2_F2_m2f2_P2_Y1_UO350,R2_F2_m2f2_P2_Y0_UO216,MXY,1,31.482344212751126,0,0,0.0,0,0,0,-9999.0,0.25,1,P1_CV0,1,2,0,1,1
2,2536859.926,708059.4624,R2_F2_m2f2_P2_Y3_UO17,R2_F2_m2f2_P2_Y1_UO589,R2_F2_m2f2_P2_Y0_UO132,FXX,1,31.482344212751126,0,0,0.0,0,0,0,-9999.0,0.75,1,P1_CV0,1,2,0,1,1
2,2536859.926,708059.4624,R2_F2_m2f2_P2_Y3_UO18,R2_F2_m2f2_P2_Y1_UO589,R2_F2_m2f2_P2_Y0_UO132,MXY,1,31.482344212751126,0,0,0.0,0,0,0,-9999.0,0.75,1,P1_CV0,1,2,0,0,2
2,2536859.926,708059.4624,R2_F2_m2f2_P2_Y3_UO28,R2_F2_m2f2_P2_Y1_UO149,R2_F2_m2f2_P2_Y1_UO217,FXX,1,31.482344212751126,0,0,0.0,0,0,0,-9999.0,0.375,1,P1_CV0,1,1,1,2,0
2,2536859.926,708059.4624,R2_F2_m2f2_P2_Y3_UO29,R2_F2_m2f2_P2_Y1_UO149,R2_F2_m2f2_P2_Y1_UO217,FXX,1,31.482344212751126,0,0,0.0,0,0,0,-9999.0,0.375,1,P1_CV0,1,1,1,2,0
2,2536859.926,708059.4624,R2_F2_m2f2_P2_Y3_UO30,R2_F2_m2f2_P2_Y1_UO149,R2_F2_m2f2_P2_Y1_UO217,MXY,1,31.482344212751126,0,0,0.0,0,0,0,-9999.0,0.375,1,P1_CV0,1,0,2,2,0
2,2536859.926,708059.4624,R2_F2_m2f2_P2_Y3_UO33,R2_F2_m2f2_P2_Y0_UO432,R2_F2_m2f2_P2_Y1_UO550,MXY,1,31.482344212751126,0,0,0.0,0,0,0,-9999.0,0.5,1,P1_CV0,1,0,2,1,1
2,2536859.926,708059.4624,R2_F2_m2f2_P2_Y3_UO34,R2_F2_m2f2_P2_Y0_UO432,R2_F2_m2f2_P2_Y1_UO550,FXX,1,31.482344212751126,0,0,0.0,0,0,0,-9999.0,0.5,1,P1_CV0,1,0,2,1,1
2,2536859.926,708059.4624,R2_F2_m2f2_P2_Y3_UO35,R2_F2_m2f2_P2_Y0_UO432,R2_F2_m2f2_P2_Y1_UO550,FXX,1,31.482344212751126,0,0,0.0,0,0,0,-9999.0,0.5,1,P1_CV0,1,0,2,1,1
2,2536859.926,708059.4624,R2_F2_m2f2_P2_Y3_UO36,R2_F2_m2f2_P2_Y0_UO432,R2_F2_m2f2_P2_Y1_UO550,MXY,1,31.482344212751126,0,0,0.0,0,0,0,-9999.0,0.5,1,P1_CV0,1,0,2,1,1
2,2536859.926,708059.4624,R2_F2_m2f2_P2_Y3_UO37,R2_F2_m2f2_P2_Y1_UO602,R2_F2_m2f2_P2_Y1_UO299,MXY,1,31.482344212751126,0,0,0.0,0,0,0,-9999.0,0.25,1,P1_CV0,1,0,2,2,0
2,2536859.926,708059.4624,R2_F2_m2f2_P2_Y3_UO44,R2_F2_m-1f-1_P2_Y-1_U70,R2_F2_m2f2_P2_Y0_UO675,MXY,1,31.482344212751126,0,0,0.0,0,0,0,-9999.0,0.125,1,P1_CV0,1,1,1,1,1
2,2536859.926,708059.4624,R2_F2_m2f2_P2_Y3_UO45,R2_F2_m-1f-1_P2_Y-1_U70,R2_F2_m2f2_P2_Y0_UO675,FXX,1,31.482344212751126,0,0,0.0,0,0,0,-9999.0,0.125,1,P1_CV0,1,1,1,0,2
2,2536859.926,708059.4624,R2_F2_m2f2_P2_Y3_UO46,R2_F2_m-1f-1_P2_Y-1_U70,R2_F2_m2f2_P2_Y0_UO675,FXX,1,31.482344212751126,0,0,0.0,0,0,0,-9999.0,0.125,1,P1_CV0,1,1,1,1,1
2,2536859.926,708059.4624,R2_F2_m2f2_P2_Y3_UO47,R2_F2_m-1f-1_P2_Y-1_U70,R2_F2_m2f2_P2_Y0_UO675,FXX,1,31.482344212751126,0,0,0.0,0,0,0,-9999.0,0.125,1,P1_CV0,1,1,1,1,1
2,2536859.926,708059.4624,R2_F2_m2f2_P2_Y3_UO48,R2_F2_m-1f-1_P2_Y-1_U70,R2_F2_m2f2_P2_Y0_UO675,MXY,1,31.482344212751126,0,0,0.0,0,0,0,-9999.0,0.125,1,P1_CV0,1,1,1,1,1
2,2536859.926,708059.4624,R2_F2_m2f2_P2_Y3_UO56,R2_F2_m2f2_P2_Y0_UO317,R2_F2_m2f2_P2_Y0_UO477,FXX,1,31.482344212751126,0,0,0.0,0,0,0,-9999.0,0.25,1,P1_CV0,1,0,2,2,0
2,2536859.926,708059.4624,R2_F2_m2f2_P2_Y3_UO57,R2_F2_m2f2_P2_Y0_UO317,R2_F2_m2f2_P2_Y0_UO477,MXY,1,31.482344212751126,0,0,0.0,0,0,0,-9999.0,0.25,1,P1_CV0,1,1,1,2,0
2,2536859.926,708059.4624,R2_F2_m2f2_P2_Y3_UO58,R2_F2_m2f2_P2_Y0_UO317,R2_F2_m2f2_P2_Y0_UO477,MXY,1,31.482344212751126,0,0,0.0,0,0,0,-9999.0,0.25,1,P1_CV0,1,0,2,2,0
2,2536859.926,708059.4624,R2_F2_m2f2_P2_Y3_UO59,R2_F2_m2f2_P2_Y0_UO317,R2_F2_m2f2_P2_Y0_UO477,MXY,1,31.482344212751126,0,0,0.0,0,0,0,-9999.0,0.25,1,P1_CV0,1,0,2,2,0
2,2536859.926,708059.4624,R2_F2_m2f2_P2_Y3_UO60,R2_F2_m2f2_P2_Y0_UO317,R2_F2_m2f2_P2_Y0_UO477,MXY,1,31.482344212751126,0,0,0.0,0,0,0,-9999.0,0.25,1,P1_CV0,1,1,1,2,0
2,2536859.926,708059.4624,R2_F2_m2f2_P2_Y3_UO61,R2_F2_m2f2_P2_Y1_UO617,R2_F2_m2f2_P2_Y1_UO603,FXX,1,31.482344212751126,0,0,0.0,0,0,0,-9999.0,0.375,1,P1_CV0,1,2,0,1,1
2,2536859.926,708059.4624,R2_F2_m2f2_P2_Y3_UO62,R2_F2_m2f2_P2_Y1_UO617,R2_F2_m2f2_P2_Y1_UO603,MXY,1,31.482344212751126,0,0,0.0,0,0,0,-9999.0,0.375,1,P1_CV0,1,2,0,1,1
2,2536859.926,708059.4624,R2_F2_m2f2_P2_Y3_UO64,R2_F2_m2f2_P2_Y1_UO617,R2_F2_m2f2_P2_Y1_UO603,FXX,1,31.482344212751126,0,0,0.0,0,0,0,-9999.0,0.375,1,P1_CV0,1,1,1,1,1
2,2536859.926,708059.4624,R2_F2_m2f2_P2_Y3_UO74,R2_F2_m2f2_P2_Y0_UO628,R2_F2_m2f2_P2_Y0_UO375,FXX,1,31.482344212751126,0,0,0.0,0,0,0,-9999.0,0.625,1,P1_CV0,1,1,1,2,0
2,2536859.926,708059.4624,R2_F2_m2f2_P2_Y3_UO75,R2_F2_m2f2_P2_Y0_UO628,R2_F2_m2f2_P2_Y0_UO375,FXX,1,31.482344212751126,0,0,0.0,0,0,0,-9999.0,0.625,1,P1_CV0,1,1,1,2,0
2,2536859.926,708059.4624,R2_F2_m2f2_P2_Y3_UO76,R2_F2_m2f2_P2_Y0_UO628,R2_F2_m2f2_P2_Y0_UO375,FXX,1,31.482344212751126,0,0,0.0,0,0,0,-9999.0,0.625,1,P1_CV0,1,1,1,2,0
2,2536859.926,708059.4624,R2_F2_m2f2_P2_Y3_UO77,R2_F2_m2f2_P2_Y0_UO628,R2_F2_m2f2_P2_Y0_UO375,FXX,1,31.482344212751126,0,0,0.0,0,0,0,-9999.0,0.625,1,P1_CV0,1,1,1,2,0
2,2536859.926,708059.4624,R2_F2_m2f2_P2_Y3_UO78,R2_F2_m2f2_P2_Y0_UO628,R2_F2_m2f2_P2_Y0_UO375,MXY,1,31.482344212751126,0,0,0.0,0,0,0,-9999.0,0.625,1,P1_CV0,1,1,1,2,0
2,2536859.926,708059.4624,R2_F2_m2f2_P2_Y3_UO96,RD2_F4_m4f4_P4_Y1_UO354,R2_F2_m2f2_P2_Y1_UO550,MXY,1,31.482344212751126,0,0,0.0,0,0,0,-9999.0,0.375,1,P1_CV0,1,1,1,1,1
2,2536859.926,708059.4624,R2_F2_m2f2_P2_Y3_UO111,R2_F2_m2f2_P2_Y0_UO318,R2_F2_m2f2_P2_Y1_UO291,MXY,1,31.482344212751126,0,0,0.0,0,0,0,-9999.0,0.5,1,P1_CV0,1,0,2,2,0
2,2536859.926,708059.4624,R2_F2_m2f2_P2_Y3_UO112,R2_F2_m2f2_P2_Y0_UO318,R2_F2_m2f2_P2_Y1_UO291,MXY,1,31.482344212751126,0,0,0.0,0,0,0,-9999.0,0.5,1,P1_CV0,1,1,1,2,0
2,2536859.926,708059.4624,R2_F2_m2f2_P2_Y3_UO113,R2_F2_m2f2_P2_Y0_UO318,R2_F2_m2f2_P2_Y1_UO291,FXX,1,31.482344212751126,0,0,0.0,0,0,0,-9999.0,0.5,1,P1_CV0,1,1,1,1,1
2,2536859.926,708059.4624,R2_F2_m2f2_P2_Y3_UO114,R2_F2_m2f2_P2_Y0_UO318,R2_F2_m2f2_P2_Y1_UO291,MXY,1,31.482344212751126,0,0,0.0,0,0,0,-9999.0,0.5,1,P1_CV0,1,0,2,1,1
2,2536859.926,708059.4624,R2_F2_m2f2_P2_Y3_UO131,R2_F2_m2f2_P2_Y1_UO65,R2_F2_m2f2_P2_Y1_UO9,FXX,1,31.482344212751126,0,0,0.0,0,0,0,-9999.0,0.5,1,P1_CV0,1,1,1,1,1
2,2536859.926,708059.4624,R2_F2_m2f2_P2_Y3_UO140,R2_F2_m2f2_P2_Y0_UO656,R2_F2_m2f2_P2_Y0_UO443,FXX,1,31.482344212751126,0,0,0.0,0,0,0,-9999.0,0.375,1,P1_CV0,1,0,2,1,1
2,2536859.926,708059.4624,R2_F2_m2f2_P2_Y3_UO141,R2_F2_m2f2_P2_Y0_UO656,R2_F2_m2f2_P2_Y0_UO443,MXY,1,31.482344212751126,0,0,0.0,0,0,0,-9999.0,0.375,1,P1_CV0,1,0,2,1,1
2,2536859.926,708059.4624,R2_F2_m2f2_P2_Y3_UO142,R2_F2_m2f2_P2_Y0_UO656,R2_F2_m2f2_P2_Y0_UO443,MXY,1,31.482344212751126,0,0,0.0,0,0,0,-9999.0,0.375,1,P1_CV0,1,1,1,1,1
2,2536859.926,708059.4624,R2_F2_m2f2_P2_Y3_UO204,R2_F2_m2f2_P2_Y1_UO39,R2_F2_m2f2_P2_Y1_UO216,FXX,1,31.482344212751126,0,0,0.0,0,0,0,-9999.0,0.625,1,P1_CV0,1,0,2,0,2
2,2536859.926,708059.4624,R2_F2_m2f2_P2_Y3_UO205,R2_F2_m2f2_P2_Y1_UO39,R2_F2_m2f2_P2_Y1_UO216,FXX,1,31.482344212751126,0,0,0.0,0,0,0,-9999.0,0.625,1,P1_CV0,1,0,2,0,2
2,2536859.926,708059.4624,R2_F2_m2f2_P2_Y3_UO206,R2_F2_m2f2_P2_Y1_UO39,R2_F2_m2f2_P2_Y1_UO216,MXY,1,31.482344212751126,0,0,0.0,0,0,0,-9999.0,0.625,1,P1_CV0,1,0,2,1,1
2,2536859.926,708059.4624,R2_F2_m2f2_P2_Y3_UO207,R2_F2_m2f2_P2_Y1_UO39,R2_F2_m2f2_P2_Y1_UO216,FXX,1,31.482344212751126,0,0,0.0,0,0,0,-9999.0,0.625,1,P1_CV0,1,0,2,0,2
2,2536859.926,708059.4624,R2_F2_m2f2_P2_Y3_UO208,R2_F2_m2f2_P2_Y1_UO39,R2_F2_m2f2_P2_Y1_UO216,FXX,1,31.482344212751126,0,0,0.0,0,0,0,-9999.0,0.625,1,P1_CV0,1,0,2,1,1
2,2536859.926,708059.4624,R2_F2_m2f2_P2_Y3_UO209,R2_F2_m2f2_P2_Y1_UO70,R2_F2_m2f2_P2_Y1_UO616,FXX,1,31.482344212751126,0,0,0.0,0,0,0,-9999.0,0.5,1,P1_CV0,1,1,1,1,1
2,2536859.926,708059.4624,R2_F2_m2f2_P2_Y3_UO210,R2_F2_m2f2_P2_Y1_UO70,R2_F2_m2f2_P2_Y1_UO616,FXX,1,31.482344212751126,0,0,0.0,0,0,0,-9999.0,0.5,1,P1_CV0,1,0,2,2,0
2,2536859.926,708059.4624,R2_F2_m2f2_P2_Y3_UO211,R2_F2_m2f2_P2_Y1_UO70,R2_F2_m2f2_P2_Y1_UO616,MXY,1,31.482344212751126,0,0,0.0,0,0,0,-9999.0,0.5,1,P1_CV0,1,0,2,1,1
2,2536859.926,708059.4624,R2_F2_m2f2_P2_Y3_UO230,R2_F2_m2f2_P2_Y0_UO265,R2_F2_m2f2_P2_Y1_UO603,MXY,1,31.482344212751126,0,0,0.0,0,0,0,-9999.0,0.5,1,P1_CV0,1,2,0,2,0
2,2536859.926,708059.4624,R2_F2_m2f2_P2_Y3_UO231,R2_F2_m2f2_P2_Y0_UO265,R2_F2_m2f2_P2_Y1_UO603,MXY,1,31.482344212751126,0,0,0.0,0,0,0,-9999.0,0.5,1,P1_CV0,1,2,0,1,1
2,2536859.926,708059.4624,R2_F2_m2f2_P2_Y3_UO232,R2_F2_m2f2_P2_Y0_UO265,R2_F2_m2f2_P2_Y1_UO603,MXY,1,31.482344212751126,0,0,0.0,0,0,0,-9999.0,0.5,1,P1_CV0,1,2,0,1,1
2,2536859.926,708059.4624,R2_F2_m2f2_P2_Y3_UO233,R2_F2_m2f2_P2_Y0_UO265,R2_F2_m2f2_P2_Y1_UO603,MXY,1,31.482344212751126,0,0,0.0,0,0,0,-9999.0,0.5,1,P1_CV0,1,2,0,1,1
2,2536859.926,708059.4624,R2_F2_m2f2_P2_Y3_UO234,R2_F2_m2f2_P2_Y0_UO265,R2_F2_m2f2_P2_Y1_UO603,MXY,1,31.482344212751126,0,0,0.0,0,0,0,-9999.0,0.5,1,P1_CV0,1,2,0,2,0
2,2536859.926,708059.4624,R2_F2_m2f2_P2_Y3_UO272,R2_F2_m2f2_P2_Y1_UO65,R2_F2_m2f2_P2_Y0_UO682,FXX,1,31.482344212751126,0,0,0.0,0,0,0,-9999.0,0.375,1,P1_CV0,1,2,0,2,0
2,2536859.926,708059.4624,R2_F2_m2f2_P2_Y3_UO273,R2_F2_m2f2_P2_Y1_UO65,R2_F2_m2f2_P2_Y0_UO682,MXY,1,31.482344212751126,0,0,0.0,0,0,0,-9999.0,0.375,1,P1_CV0,1,1,1,2,0
2,2536859.926,708059.4624,R2_F2_m2f2_P2_Y3_UO274,R2_F2_m2f2_P2_Y1_UO65,R2_F2_m2f2_P2_Y0_UO682,MXY,1,31.482344212751126,0,0,0.0,0,0,0,-9999.0,0.375,1,P1_CV0,1,1,1,2,0
2,2536859.926,708059.4624,R2_F2_m2f2_P2_Y3_UO275,R2_F2_m2f2_P2_Y1_UO65,R2_F2_m2f2_P2_Y0_UO682,FXX,1,31.482344212751126,0,0,0.0,0,0,0,-9999.0,0.375,1,P1_CV0,1,1,1,2,0
2,2536859.926,708059.4624,R2_F2_m2f2_P2_Y3_UO287,R2_F2_m2f2_P2_Y0_UO265,R2_F2_m2f2_P2_Y1_UO397,FXX,1,31.482344212751126,0,0,0.0,0,0,0,-9999.0,0.625,1,P1_CV0,1,1,1,2,0
2,2536859.926,708059.4624,R2_F2_m2f2_P2_Y3_UO288,R2_F2_m2f2_P2_Y0_UO265,R2_F2_m2f2_P2_Y1_UO397,MXY,1,31.482344212751126,0,0,0.0,0,0,0,-9999.0,0.625,1,P1_CV0,1,2,0,2,0
2,2536859.926,708059.4624,R2_F2_m2f2_P2_Y3_UO289,R2_F2_m2f2_P2_Y0_UO265,R2_F2_m2f2_P2_Y1_UO397,FXX,1,31.482344212751126,0,0,0.0,0,0,0,-9999.0,0.625,1,P1_CV0,1,1,1,1,1
2,2536859.926,708059.4624,R2_F2_m2f2_P2_Y3_UO290,R2_F2_m2f2_P2_Y0_UO265,R2_F2_m2f2_P2_Y1_UO397,FXX,1,31.482344212751126,0,0,0.0,0,0,0,-9999.0,0.625,1,P1_CV0,1,2,0,1,1
2,2536859.926,708059.4624,R2_F2_m2f2_P2_Y3_UO291,R2_F2_m2f2_P2_Y0_UO265,R2_F2_m2f2_P2_Y1_UO397,FXX,1,31.482344212751126,0,0,0.0,0,0,0,-9999.0,0.625,1,P1_CV0,1,1,1,2,0
2,2536859.926,708059.4624,R2_F2_m2f2_P2_Y3_UO292,R2_F2_m2f2_P2_Y1_UO334,R2_F2_m2f2_P2_Y1_UO9,FXX,1,31.482344212751126,0,0,0.0,0,0,0,-9999.0,0.375,1,P1_CV0,1,2,0,2,0
2,2536859.926,708059.4624,R2_F2_m2f2_P2_Y3_UO293,R2_F2_m2f2_P2_Y1_UO334,R2_F2_m2f2_P2_Y1_UO9,FXX,1,31.482344212751126,0,0,0.0,0,0,0,-9999.0,0.375,1,P1_CV0,1,1,1,2,0
2,2536859.926,708059.4624,R2_F2_m2f2_P2_Y3_UO296,R2_F2_m2f2_P2_Y1_UO39,R2_F2_m2f2_P2_Y1_UO308,FXX,1,31.482344212751126,0,0,0.0,0,0,0,-9999.0,0.875,1,P1_CV0,1,1,1,0,2
2,2536859.926,708059.4624,R2_F2_m2f2_P2_Y3_UO297,R2_F2_m2f2_P2_Y1_UO39,R2_F2_m2f2_P2_Y1_UO308,MXY,1,31.482344212751126,0,0,0.0,0,0,0,-9999.0,0.875,1,P1_CV0,1,1,1,0,2
2,2536859.926,708059.4624,R2_F2_m2f2_P2_Y3_UO315,R2_F2_m2f2_P2_Y0_UO130,R2_F2_m2f2_P2_Y1_UO277,MXY,1,31.482344212751126,0,0,0.0,0,0,0,-9999.0,0.375,1,P1_CV0,1,2,0,2,0
2,2536859.926,708059.4624,R2_F2_m2f2_P2_Y3_UO329,R2_F2_m2f2_P2_Y1_UO350,R2_F2_m2f2_P2_Y1_UO616,FXX,1,31.482344212751126,0,0,0.0,0,0,0,-9999.0,0.5,1,P1_CV0,1,1,1,1,1
2,2536859.926,708059.4624,R2_F2_m2f2_P2_Y3_UO330,R2_F2_m2f2_P2_Y1_UO350,R2_F2_m2f2_P2_Y1_UO616,MXY,1,31.482344212751126,0,0,0.0,0,0,0,-9999.0,0.5,1,P1_CV0,1,1,1,1,1
2,2536859.926,708059.4624,R2_F2_m2f2_P2_Y3_UO341,R2_F2_m2f2_P2_Y0_UO316,R2_F2_m-1f-1_P2_Y-1_U113,FXX,1,31.482344212751126,0,0,0.0,0,0,0,-9999.0,0.5,1,P1_CV0,1,2,0,2,0
2,2536859.926,708059.4624,R2_F2_m2f2_P2_Y3_UO342,R2_F2_m2f2_P2_Y0_UO316,R2_F2_m-1f-1_P2_Y-1_U113,MXY,1,31.482344212751126,0,0,0.0,0,0,0,-9999.0,0.5,1,P1_CV0,1,1,1,1,1
2,2536859.926,708059.4624,R2_F2_m2f2_P2_Y3_UO343,R2_F2_m2f2_P2_Y0_UO316,R2_F2_m-1f-1_P2_Y-1_U113,FXX,1,31.482344212751126,0,0,0.0,0,0,0,-9999.0,0.5,1,P1_CV0,1,1,1,2,0
2,2536859.926,708059.4624,R2_F2_m2f2_P2_Y3_UO344,R2_F2_m2f2_P2_Y0_UO316,R2_F2_m-1f-1_P2_Y-1_U113,FXX,1,31.482344212751126,0,0,0.0,0,0,0,-9999.0,0.5,1,P1_CV0,1,2,0,2,0
2,2536859.926,708059.4624,R2_F2_m2f2_P2_Y3_UO345,R2_F2_m2f2_P2_Y0_UO316,R2_F2_m-1f-1_P2_Y-1_U113,MXY,1,31.482344212751126,0,0,0.0,0,0,0,-9999.0,0.5,1,P1_CV0,1,1,1,2,0
2,2536859.926,708059.4624,R2_F2_m2f2_P2_Y3_UO352,R2_F2_m-1f-1_P2_Y-1_U51,R2_F2_m2f2_P2_Y1_UO114,MXY,1,31.482344212751126,0,0,0.0,0,0,0,-9999.0,0.625,1,P1_CV0,1,0,2,1,1
2,2536859.926,708059.4624,R2_F2_m2f2_P2_Y3_UO353,R2_F2_m-1f-1_P2_Y-1_U51,R2_F2_m2f2_P2_Y1_UO114,FXX,1,31.482344212751126,0,0,0.0,0,0,0,-9999.0,0.625,1,P1_CV0,1,1,1,1,1
2,2536859.926,708059.4624,R2_F2_m2f2_P2_Y3_UO354,R2_F2_m-1f-1_P2_Y-1_U51,R2_F2_m2f2_P2_Y1_UO114,FXX,1,31.482344212751126,0,0,0.0,0,0,0,-9999.0,0.625,1,P1_CV0,1,2,0,1,1
2,2536859.926,708059.4624,R2_F2_m2f2_P2_Y3_UO355,R2_F2_m-1f-1_P2_Y-1_U51,R2_F2_m2f2_P2_Y1_UO114,MXY,1,31.482344212751126,0,0,0.0,0,0,0,-9999.0,0.625,1,P1_CV0,1,0,2,1,1
2,2536859.926,708059.4624,R2_F2_m2f2_P2_Y3_UO382,R2_F2_m2f2_P2_Y1_UO389,R2_F2_m2f2_P2_Y0_UO434,FXX,1,31.482344212751126,0,0,0.0,0,0,0,-9999.0,0.375,1,P1_CV0,1,1,1,0,2
2,2536859.926,708059.4624,R2_F2_m2f2_P2_Y3_UO383,R2_F2_m2f2_P2_Y1_UO389,R2_F2_m2f2_P2_Y0_UO434,MXY,1,31.482344212751126,0,0,0.0,0,0,0,-9999.0,0.375,1,P1_CV0,1,0,2,2,0
2,2536859.926,708059.4624,R2_F2_m2f2_P2_Y3_UO420,R2_F2_m2f2_P2_Y1_UO149,R2_F2_m2f2_P2_Y1_UO586,MXY,1,31.482344212751126,0,0,0.0,0,0,0,-9999.0,0.5,1,P1_CV0,1,0,2,2,0
2,2536859.926,708059.4624,R2_F2_m2f2_P2_Y3_UO441,R2_F2_m2f2_P2_Y1_UO50,R2_F2_m-1f-1_P2_Y-1_U58,MXY,1,31.482344212751126,0,0,0.0,0,0,0,-9999.0,0.75,1,P1_CV0,1,2,0,1,1
2,2536859.926,708059.4624,R2_F2_m2f2_P2_Y3_UO442,R2_F2_m2f2_P2_Y1_UO50,R2_F2_m-1f-1_P2_Y-1_U58,MXY,1,31.482344212751126,0,0,0.0,0,0,0,-9999.0,0.75,1,P1_CV0,1,2,0,1,1
2,2536859.926,708059.4624,R2_F2_m2f2_P2_Y3_UO443,R2_F2_m2f2_P2_Y1_UO50,R2_F2_m-1f-1_P2_Y-1_U58,MXY,1,31.482344212751126,0,0,0.0,0,0,0,-9999.0,0.75,1,P1_CV0,1,2,0,1,1
2,2536859.926,708059.4624,R2_F2_m2f2_P2_Y3_UO448,RD2_F5_m5f5_P5_Y1_UO28,R2_F2_m2f2_P2_Y1_UO296,MXY,1,31.482344212751126,0,0,0.0,0,0,0,-9999.0,0.625,1,P1_CV0,1,1,1,1,1
2,2536859.926,708059.4624,R2_F2_m2f2_P2_Y3_UO461,R2_F2_m2f2_P2_Y0_UO676,R2_F2_m-1f-1_P2_Y-1_U94,MXY,1,31.482344212751126,0,0,0.0,0,0,0,-9999.0,0.625,1,P1_CV0,1,1,1,1,1
2,2536859.926,708059.4624,R2_F2_m2f2_P2_Y3_UO462,R2_F2_m2f2_P2_Y0_UO676,R2_F2_m-1f-1_P2_Y-1_U94,FXX,1,31.482344212751126,0,0,0.0,0,0,0,-9999.0,0.625,1,P1_CV0,1,1,1,2,0
2,2536859.926,708059.4624,R2_F2_m2f2_P2_Y3_UO463,R2_F2_m2f2_P2_Y0_UO676,R2_F2_m-1f-1_P2_Y-1_U94,MXY,1,31.482344212751126,0,0,0.0,0,0,0,-9999.0,0.625,1,P1_CV0,1,1,1,1,1
2,2536859.926,708059.4624,R2_F2_m2f2_P2_Y3_UO488,R2_F2_m2f2_P2_Y1_UO617,R2_F2_m2f2_P2_Y1_UO291,MXY,1,31.482344212751126,0,0,0.0,0,0,0,-9999.0,0.5,1,P1_CV0,1,0,2,1,1
2,2536859.926,708059.4624,R2_F2_m2f2_P2_Y3_UO489,R2_F2_m2f2_P2_Y1_UO617,R2_F2_m2f2_P2_Y1_UO291,MXY,1,31.482344212751126,0,0,0.0,0,0,0,-9999.0,0.5,1,P1_CV0,1,1,1,2,0
2,2536859.926,708059.4624,R2_F2_m2f2_P2_Y3_UO490,R2_F2_m2f2_P2_Y1_UO617,R2_F2_m2f2_P2_Y1_UO291,FXX,1,31.482344212751126,0,0,0.0,0,0,0,-9999.0,0.5,1,P1_CV0,1,1,1,1,1
2,2536859.926,708059.4624,R2_F2_m2f2_P2_Y3_UO500,RD2_F5_m5f5_P5_Y1_UO28,R2_F2_m2f2_P2_Y0_UO216,MXY,1,31.482344212751126,0,0,0.0,0,0,0,-9999.0,0.5,1,P1_CV0,1,2,0,1,1
2,2536859.926,708059.4624,R2_F2_m2f2_P2_Y3_UO501,RD2_F5_m5f5_P5_Y1_UO28,R2_F2_m2f2_P2_Y0_UO216,MXY,1,31.482344212751126,0,0,0.0,0,0,0,-9999.0,0.5,1,P1_CV0,1,1,1,1,1
2,2536859.926,708059.4624,R2_F2_m2f2_P2_Y3_UO565,R2_F2_m2f2_P2_Y0_UO131,R2_F2_m2f2_P2_Y0_UO654,FXX,1,31.482344212751126,0,0,0.0,0,0,0,-9999.0,0.375,1,P1_CV0,1,2,0,1,1
2,2536859.926,708059.4624,R2_F2_m2f2_P2_Y3_UO579,R2_F2_m2f2_P2_Y1_UO149,R2_F2_m-1f-1_P2_Y-1_U72,MXY,1,31.482344212751126,0,0,0.0,0,0,0,-9999.0,0.25,1,P1_CV0,1,0,2,2,0
2,2536859.926,708059.4624,R2_F2_m2f2_P2_Y3_UO580,R2_F2_m2f2_P2_Y1_UO149,R2_F2_m-1f-1_P2_Y-1_U72,MXY,1,31.482344212751126,0,0,0.0,0,0,0,-9999.0,0.25,1,P1_CV0,1,0,2,2,0
2,2536859.926,708059.4624,R2_F2_m2f2_P2_Y3_UO581,R2_F2_m2f2_P2_Y1_UO149,R2_F2_m-1f-1_P2_Y-1_U72,MXY,1,31.482344212751126,0,0,0.0,0,0,0,-9999.0,0.25,1,P1_CV0,1,0,2,2,0
2,2536859.926,708059.4624,R2_F2_m2f2_P2_Y3_UO582,R2_F2_m2f2_P2_Y1_UO149,R2_F2_m-1f-1_P2_Y-1_U72,FXX,1,31.482344212751126,0,0,0.0,0,0,0,-9999.0,0.25,1,P1_CV0,1,0,2,2,0
2,2536859.926,708059.4624,R2_F2_m2f2_P2_Y3_UO583,R2_F2_m2f2_P2_Y1_UO149,R2_F2_m-1f-1_P2_Y-1_U72,MXY,1,31.482344212751126,0,0,0.0,0,0,0,-9999.0,0.25,1,P1_CV0,1,0,2,2,0
2,2536859.926,708059.4624,R2_F2_m2f2_P2_Y3_UO585,R2_F2_m2f2_P2_Y1_UO70,R2_F2_m2f2_P2_Y0_UO132,FXX,1,31.482344212751126,0,0,0.0,0,0,0,-9999.0,0.5,1,P1_CV0,1,1,1,1,1
2,2536859.926,708059.4624,R2_F2_m2f2_P2_Y3_UO586,R2_F2_m2f2_P2_Y1_UO70,R2_F2_m2f2_P2_Y0_UO132,MXY,1,31.482344212751126,0,0,0.0,0,0,0,-9999.0,0.5,1,P1_CV0,1,2,0,1,1
2,2536859.926,708059.4624,R2_F2_m2f2_P2_Y3_UO601,R2_F2_m2f2_P2_Y0_UO432,R2_F2_m2f2_P2_Y0_UO444,FXX,1,31.482344212751126,0,0,0.0,0,0,0,-9999.0,0.5,1,P1_CV0,1,0,2,1,1
2,2536859.926,708059.4624,R2_F2_m2f2_P2_Y3_UO602,R2_F2_m2f2_P2_Y0_UO432,R2_F2_m2f2_P2_Y0_UO444,MXY,1,31.482344212751126,0,0,0.0,0,0,0,-9999.0,0.5,1,P1_CV0,1,1,1,1,1
2,2536859.926,708059.4624,R2_F2_m2f2_P2_Y3_UO603,R2_F2_m2f2_P2_Y0_UO432,R2_F2_m2f2_P2_Y0_UO444,FXX,1,31.482344212751126,0,0,0.0,0,0,0,-9999.0,0.5,1,P1_CV0,1,0,2,1,1
2,2536859.926,708059.4624,R2_F2_m2f2_P2_Y3_UO604,R2_F2_m2f2_P2_Y0_UO432,R2_F2_m2f2_P2_Y0_UO444,FXX,1,31.482344212751126,0,0,0.0,0,0,0,-9999.0,0.5,1,P1_CV0,1,0,2,1,1
2,2536859.926,708059.4624,R2_F2_m2f2_P2_Y3_UO605,R2_F2_m2f2_P2_Y0_UO432,R2_F2_m2f2_P2_Y0_UO444,FXX,1,31.482344212751126,0,0,0.0,0,0,0,-9999.0,0.5,1,P1_CV0,1,1,1,1,1
2,2536859.926,708059.4624,R2_F2_m2f2_P2_Y3_UO606,R2_F2_m2f2_P2_Y0_UO432,R2_F2_m2f2_P2_Y0_UO444,MXY,1,31.482344212751126,0,0,0.0,0,0,0,-9999.0,0.5,1,P1_CV0,1,0,2,1,1
2,2536859.926,708059.4624,R2_F2_m2f2_P2_Y3_UO607,R2_F2_m2f2_P2_Y0_UO432,R2_F2_m2f2_P2_Y0_UO444,MXY,1,31.482344212751126,0,0,0.0,0,0,0,-9999.0,0.5,1,P1_CV0,1,1,1,1,1
2,2536859.926,708059.4624,R2_F2_m2f2_P2_Y3_UO609,R2_F2_m2f2_P2_Y1_UO589,R2_F2_m-1f-1_P2_Y-1_U94,FXX,1,31.482344212751126,0,0,0.0,0,0,0,-9999.0,1.0,1,P1_CV0,1,2,0,1,1
2,2536859.926,708059.4624,R2_F2_m2f2_P2_Y3_UO610,R2_F2_m2f2_P2_Y1_UO589,R2_F2_m-1f-1_P2_Y-1_U94,FXX,1,31.482344212751126,0,0,0.0,0,0,0,-9999.0,1.0,1,P1_CV0,1,2,0,1,1
2,2536859.926,708059.4624,R2_F2_m2f2_P2_Y3_UO611,R2_F2_m2f2_P2_Y1_UO589,R2_F2_m-1f-1_P2_Y-1_U94,MXY,1,31.482344212751126,0,0,0.0,0,0,0,-9999.0,1.0,1,P1_CV0,1,2,0,1,1
2,2536859.926,708059.4624,R2_F2_m2f2_P2_Y2_UO583,R2_F2_m-1f-1_P2_Y-1_U70,R2_F2_m2f2_P2_Y0_UO102,MXY,2,32.076715890007264,1,0,0.0,0,0,0,-9999.0,0.125,1,P1_CV0,1,0,2,1,1
2,2536859.926,708059.4624,R2_F2_m2f2_P2_Y2_UO557,R2_F2_m-1f-1_P2_Y-1_U16,R2_F2_m-1f-1_P2_Y-1_U44,MXY,2,32.076715890007264,1,0,0.0,0,0,0,-9999.0,0.5,1,P1_CV0,1,0,2,0,2
2,2536859.926,708059.4624,R2_F2_m2f2_P2_Y2_UO18,R2_F2_m-1f-1_P2_Y-1_U16,R2_F2_m2f2_P2_Y0_UO509,MXY,2,32.076715890007264,1,0,0.0,0,0,0,-9999.0,0.375,1,P1_CV0,1,1,1,1,1
2,2536859.926,708059.4624,R2_F2_m2f2_P2_Y2_UO584,R2_F2_m-1f-1_P2_Y-1_U70,R2_F2_m2f2_P2_Y0_UO102,FXX,2,32.076715890007264,1,0,1.808,0,0,0,-9999.0,0.125,1,P1_CV0,1,0,2,1,1
2,2536859.926,708059.4624,R2_F2_m2f2_P2_Y2_UO174,R2_F2_m-1f-1_P2_Y-1_U60,R2_F2_m2f2_P2_Y0_UO140,FXX,2,32.076715890007264,1,0,1.804,0,0,0,-9999.0,0.5,1,P1_CV0,1,1,1,1,1
2,2536859.926,708059.4624,R2_F2_m2f2_P2_Y2_UO105,R2_F2_m-1f-1_P2_Y-1_U33,R2_F2_m2f2_P2_Y0_UO730,MXY,2,32.076715890007264,1,0,0.0,0,0,0,-9999.0,0.75,1,P1_CV0,1,2,0,2,0
2,2536859.926,708059.4624,R2_F2_m2f2_P2_Y2_UO102,R2_F2_m-1f-1_P2_Y-1_U33,R2_F2_m2f2_P2_Y0_UO730,FXX,2,32.076715890007264,1,0,1.0,0,0,0,-9999.0,0.75,1,P1_CV0,1,2,0,0,2
2,2536859.926,708059.4624,R2_F2_m2f2_P2_Y2_UO490,R2_F2_m2f2_P2_Y0_UO731,R2_F2_m-1f-1_P2_Y-1_U5,FXX,2,32.076715890007264,1,0,2.81,0,0,0,-9999.0,0.375,1,P1_CV0,1,0,2,1,1
2,2536859.926,708059.4624,R2_F2_m2f2_P2_Y2_UO585,R2_F2_m-1f-1_P2_Y-1_U70,R2_F2_m2f2_P2_Y0_UO102,FXX,2,32.076715890007264,1,0,1.0,0,0,0,-9999.0,0.125,1,P1_CV0,1,0,2,1,1
2,2536859.926,708059.4624,R2_F2_m2f2_P2_Y2_UO192,R2_F2_m-1f-1_P2_Y-1_U16,R2_F2_m2f2_P2_Y0_UO443,FXX,2,32.076715890007264,1,0,0.0,0,0,0,-9999.0,0.5,1,P1_CV0,1,1,1,1,1
2,2536859.926,708059.4624,R2_F2_m2f2_P2_Y2_UO289,R2_F2_m2f2_P2_Y0_UO378,R2_F2_m2f2_P2_Y0_UO215,MXY,2,32.076715890007264,1,0,0.0,0,0,0,-9999.0,0.125,1,P1_CV0,1,1,1,1,1
2,2536859.926,708059.4624,R2_F2_m2f2_P2_Y2_UO15,R2_F2_m-1f-1_P2_Y-1_U16,R2_F2_m2f2_P2_Y0_UO509,FXX,2,32.076715890007264,1,0,1.853,0,0,0,-9999.0,0.375,1,P1_CV0,1,2,0,0,2
2,2536859.926,708059.4624,R2_F2_m2f2_P2_Y2_UO580,R2_F2_m-1f-1_P2_Y-1_U70,R2_F2_m2f2_P2_Y0_UO102,MXY,2,32.076715890007264,1,0,0.0,0,0,0,-9999.0,0.125,1,P1_CV0,1,0,2,1,1
2,2536859.926,708059.4624,R2_F2_m2f2_P2_Y2_UO492,R2_F2_m2f2_P2_Y0_UO610,R2_F2_m2f2_P2_Y0_UO140,MXY,2,32.076715890007264,1,0,0.0,0,0,0,-9999.0,0.375,1,P1_CV0,1,2,0,1,1
2,2536859.926,708059.4624,R2_F2_m2f2_P2_Y2_UO599,R2_F2_m2f2_P2_Y0_UO656,R2_F2_m2f2_P2_Y0_UO242,MXY,2,32.076715890007264,1,0,0.0,0,0,0,-9999.0,0.5,1,P1_CV0,1,1,1,1,1
2,2536859.926,708059.4624,R2_F2_m2f2_P2_Y2_UO96,R2_F2_m-1f-1_P2_Y-1_U33,R2_F2_m2f2_P2_Y0_UO730,MXY,2,32.076715890007264,1,0,0.0,0,0,0,-9999.0,0.75,1,P1_CV0,1,1,1,1,1
2,2536859.926,708059.4624,R2_F2_m2f2_P2_Y2_UO291,R2_F2_m2f2_P2_Y0_UO378,R2_F2_m2f2_P2_Y0_UO215,FXX,2,32.076715890007264,1,0,2.954,0,0,0,-9999.0,0.125,1,P1_CV0,1,1,1,1,1
2,2536859.926,708059.4624,R2_F2_m2f2_P2_Y2_UO98,R2_F2_m-1f-1_P2_Y-1_U33,R2_F2_m2f2_P2_Y0_UO730,MXY,2,32.076715890007264,1,0,0.0,0,0,0,-9999.0,0.75,1,P1_CV0,1,2,0,2,0
2,2536859.926,708059.4624,R2_F2_m2f2_P2_Y2_UO290,R2_F2_m2f2_P2_Y0_UO378,R2_F2_m2f2_P2_Y0_UO215,FXX,2,32.076715890007264,1,0,1.695,0,0,0,-9999.0,0.125,1,P1_CV0,1,1,1,0,2
2,2536859.926,708059.4624,R2_F2_m2f2_P2_Y2_UO698,R2_F2_m-1f-1_P2_Y-1_U47,R2_F2_m-1f-1_P2_Y-1_U117,FXX,2,32.076715890007264,1,0,0.0,0,0,0,-9999.0,0.5,1,P1_CV0,1,1,1,1,1
2,2536859.926,708059.4624,R2_F2_m2f2_P2_Y2_UO236,R2_F2_m-1f-1_P2_Y-1_U97,R2_F2_m2f2_P2_Y0_UO477,MXY,2,32.076715890007264,1,0,0.0,0,0,0,-9999.0,0.5,1,P1_CV0,1,1,1,1,1
2,2536859.926,708059.4624,R2_F2_m2f2_P2_Y2_UO550,R2_F2_m-1f-1_P2_Y-1_U16,R2_F2_m-1f-1_P2_Y-1_U44,MXY,2,32.076715890007264,1,0,0.0,0,0,0,-9999.0,0.5,1,P1_CV0,1,1,1,2,0
2,2536859.926,708059.4624,R2_F2_m2f2_P2_Y2_UO106,R2_F2_m-1f-1_P2_Y-1_U33,R2_F2_m2f2_P2_Y0_UO730,MXY,2,32.076715890007264,1,0,0.0,0,0,0,-9999.0,0.75,1,P1_CV0,1,2,0,1,1
2,2536859.926,708059.4624,R2_F2_m2f2_P2_Y2_UO556,R2_F2_m-1f-1_P2_Y-1_U16,R2_F2_m-1f-1_P2_Y-1_U44,MXY,2,32.076715890007264,1,0,0.0,0,0,0,-9999.0,0.5,1,P1_CV0,1,1,1,1,1
2,2536859.926,708059.4624,R2_F2_m2f2_P2_Y2_UO699,R2_F2_m-1f-1_P2_Y-1_U47,R2_F2_m-1f-1_P2_Y-1_U117,FXX,2,32.076715890007264,1,0,0.0,0,0,0,-9999.0,0.5,1,P1_CV0,1,1,1,1,1
2,2536859.926,708059.4624,R2_F2_m2f2_P2_Y2_UO423,R2_F2_m2f2_P2_Y0_UO337,R2_F2_m2f2_P2_Y0_UO730,FXX,2,32.076715890007264,1,0,1.868,0,0,0,-9999.0,0.5,1,P1_CV0,1,1,1,1,1
2,2536859.926,708059.4624,R2_F2_m2f2_P2_Y2_UO714,R2_F2_m2f2_P2_Y0_UO731,R2_F2_m2f2_P2_Y0_UO442,MXY,2,32.076715890007264,1,0,0.0,0,0,0,-9999.0,0.375,1,P1_CV0,1,0,2,1,1
2,2536859.926,708059.4624,R2_F2_m2f2_P2_Y2_UO700,R2_F2_m-1f-1_P2_Y-1_U47,R2_F2_m-1f-1_P2_Y-1_U117,FXX,2,32.076715890007264,1,0,2.805,0,0,0,-9999.0,0.5,1,P1_CV0,1,1,1,1,1
2,2536859.926,708059.4624,R2_F2_m2f2_P2_Y2_UO703,R2_F2_m-1f-1_P2_Y-1_U123,R2_F2_m2f2_P2_Y0_UO549,FXX,2,32.076715890007264,1,0,0.0,0,0,0,-9999.0,0.625,1,P1_CV0,1,2,0,1,1
2,2536859.926,708059.4624,R2_F2_m2f2_P2_Y2_UO108,R2_F2_m-1f-1_P2_Y-1_U60,R2_F2_m-1f-1_P2_Y-1_U65,FXX,2,32.076715890007264,1,0,1.0,0,0,0,-9999.0,0.5,1,P1_CV0,1,2,0,2,0
2,2536859.926,708059.4624,R2_F2_m2f2_P2_Y2_UO509,R2_F2_m2f2_P2_Y0_UO131,R2_F2_m2f2_P2_Y0_UO212,MXY,2,32.076715890007264,1,0,0.0,0,0,0,-9999.0,0.5,1,P1_CV0,1,1,1,1,1
2,2536859.926,708059.4624,R2_F2_m2f2_P2_Y2_UO707,R2_F2_m2f2_P2_Y0_UO610,R2_F2_m-1f-1_P2_Y-1_U5,FXX,2,32.076715890007264,1,0,0.0,0,0,0,-9999.0,0.375,1,P1_CV0,1,0,2,2,0
2,2536859.926,708059.4624,R2_F2_m2f2_P2_Y2_UO581,R2_F2_m-1f-1_P2_Y-1_U70,R2_F2_m2f2_P2_Y0_UO102,FXX,2,32.076715890007264,1,0,1.784,0,0,0,-9999.0,0.125,1,P1_CV0,1,0,2,0,2
2,2536859.926,708059.4624,R2_F2_m2f2_P2_Y2_UO546,R2_F2_m-1f-1_P2_Y-1_U123,R2_F2_m2f2_P2_Y0_UO442,FXX,2,32.076715890007264,1,0,1.211,0,0,0,-9999.0,0.5,1,P1_CV0,1,1,1,1,1
2,2536859.926,708059.4624,R2_F2_m2f2_P2_Y2_UO232,R2_F2_m-1f-1_P2_Y-1_U97,R2_F2_m2f2_P2_Y0_UO477,FXX,2,32.076715890007264,1,0,1.838,0,0,0,-9999.0,0.5,1,P1_CV0,1,1,1,2,0
2,2536859.926,708059.4624,I2_F7_m2f2_P2_Y2_UO13,R2_F2_m-1f-1_P2_Y-1_U16,R2_F2_m2f2_P2_Y0_UO509,MXY,2,32.074388021390284,1,0,0.0,0,0,0,-9999.0,0.375,1,P1_CV0,1,2,0,1,1
2,2536859.926,708059.4624,I2_F7_m2f2_P2_Y2_UO697,R2_F2_m-1f-1_P2_Y-1_U47,R2_F2_m-1f-1_P2_Y-1_U117,MXY,2,32.074388021390284,1,0,0.0,0,0,0,-9999.0,0.5,1,P1_CV0,1,1,1,1,1
2,2536859.926,708059.4624,R2_F2_m2f2_P2_Y1_UO603,R2_F2_m-1f-1_P2_Y-1_U15,R2_F2_m-1f-1_P2_Y-1_U115,MXY,3,32.6614280601697,1,0,0.0,0,0,0,-9999.0,0.25,1,P1_CV0,1,2,0,1,1
2,2536859.926,708059.4624,R2_F2_m2f2_P2_Y1_UO168,R2_F2_m-1f-1_P2_Y-1_U98,R2_F2_m-1f-1_P2_Y-1_U7,FXX,3,32.6614280601697,1,0,0.0,0,0,0,-9999.0,0.5,1,P1_CV0,1,2,0,1,1
2,2536859.926,708059.4624,R2_F2_m2f2_P2_Y1_UO602,R2_F2_m-1f-1_P2_Y-1_U15,R2_F2_m-1f-1_P2_Y-1_U115,FXX,3,32.6614280601697,1,0,1.551,0,0,0,-9999.0,0.25,1,P1_CV0,1,0,2,2,0
2,2536859.926,708059.4624,R2_F2_m2f2_P2_Y1_UO512,R2_F2_m-1f-1_P2_Y-1_U87,R2_F2_m-1f-1_P2_Y-1_U106,MXY,3,32.6614280601697,1,0,0.0,0,0,0,-9999.0,0.25,1,P1_CV0,1,0,2,1,1
2,2536859.926,708059.4624,R2_F2_m2f2_P2_Y1_UO86,R2_F2_m-1f-1_P2_Y-1_U57,R2_F2_m-1f-1_P2_Y-1_U140,MXY,3,32.6614280601697,1,0,0.0,0,0,0,-9999.0,0.5,1,P1_CV0,1,1,1,0,2
2,2536859.926,708059.4624,R2_F2_m2f2_P2_Y1_UO114,R2_F2_m-1f-1_P2_Y-1_U35,R2_F2_m-1f-1_P2_Y-1_U134,MXY,3,32.6614280601697,1,0,0.0,0,0,0,-9999.0,0.75,1,P1_CV0,1,1,1,2,0
2,2536859.926,708059.4624,R2_F2_m2f2_P2_Y1_UO127,R2_F2_m-1f-1_P2_Y-1_U32,R2_F2_m-1f-1_P2_Y-1_U121,MXY,3,32.6614280601697,1,0,0.0,0,0,0,-9999.0,0.5,1,P1_CV0,1,0,2,1,1
2,2536859.926,708059.4624,R2_F2_m2f2_P2_Y1_UO589,R2_F2_m-1f-1_P2_Y-1_U82,R2_F2_m-1f-1_P2_Y-1_U48,FXX,3,32.6614280601697,1,0,0.0,0,0,0,-9999.0,1.0,1,P1_CV0,1,2,0,1,1
2,2536859.926,708059.4624,R2_F2_m2f2_P2_Y1_UO139,R2_F2_m-1f-1_P2_Y-1_U16,R2_F2_m-1f-1_P2_Y-1_U108,MXY,3,32.6614280601697,1,0,0.0,0,0,0,-9999.0,0.25,1,P1_CV0,1,1,1,0,2
2,2536859.926,708059.4624,R2_F2_m2f2_P2_Y1_UO308,R2_F2_m-1f-1_P2_Y-1_U76,R2_F2_m-1f-1_P2_Y-1_U130,MXY,3,32.6614280601697,1,0,0.0,0,0,0,-9999.0,0.75,1,P1_CV0,1,1,1,1,1
2,2536859.926,708059.4624,R2_F2_m2f2_P2_Y1_UO277,R2_F2_m-1f-1_P2_Y-1_U122,R2_F2_m-1f-1_P2_Y-1_U130,MXY,3,32.6614280601697,1,0,0.0,0,0,0,-9999.0,0.5,1,P1_CV0,1,2,0,1,1
2,2536859.926,708059.4624,R2_F2_m2f2_P2_Y1_UO263,R2_F2_m-1f-1_P2_Y-1_U18,R2_F2_m-1f-1_P2_Y-1_U110,MXY,3,32.6614280601697,1,0,0.0,0,0,0,-9999.0,0.75,1,P1_CV0,1,1,1,0,2
2,2536859.926,708059.4624,R2_F2_m2f2_P2_Y1_UO334,R2_F2_m-1f-1_P2_Y-1_U122,R2_F2_m-1f-1_P2_Y-1_U91,FXX,3,32.6614280601697,1,0,0.0,0,0,0,-9999.0,0.0,1,P1_CV0,1,1,1,2,0
2,2536859.926,708059.4624,R2_F2_m2f2_P2_Y1_UO617,R2_F2_m-1f-1_P2_Y-1_U57,R2_F2_m-1f-1_P2_Y-1_U140,FXX,3,32.6614280601697,1,0,1.585,0,0,0,-9999.0,0.5,1,P1_CV0,1,1,1,1,1
2,2536859.926,708059.4624,R2_F2_m2f2_P2_Y1_UO291,R2_F2_m-1f-1_P2_Y-1_U70,R2_F2_m-1f-1_P2_Y-1_U67,MXY,3,32.6614280601697,1,0,0.0,0,0,0,-9999.0,0.5,1,P1_CV0,1,0,2,2,0
2,2536859.926,708059.4624,R2_F2_m2f2_P2_Y1_UO350,R2_F2_m-1f-1_P2_Y-1_U28,R2_F2_m-1f-1_P2_Y-1_U104,FXX,3,32.6614280601697,1,0,0.0,0,0,0,-9999.0,0.5,1,P1_CV0,1,2,0,2,0
2,2536859.926,708059.4624,R2_F2_m2f2_P2_Y1_UO278,R2_F2_m-1f-1_P2_Y-1_U122,R2_F2_m-1f-1_P2_Y-1_U130,MXY,3,32.6614280601697,1,0,0.0,0,0,0,-9999.0,0.5,1,P1_CV0,1,0,2,1,1
2,2536859.926,708059.4624,R2_F2_m2f2_P2_Y1_UO216,R2_F2_m-1f-1_P2_Y-1_U57,R2_F2_m-1f-1_P2_Y-1_U19,MXY,3,32.6614280601697,1,0,0.0,0,0,0,-9999.0,0.25,1,P1_CV0,1,0,2,1,1
2,2536859.926,708059.4624,R2_F2_m2f2_P2_Y1_UO550,R2_F2_m-1f-1_P2_Y-1_U95,R2_F2_m-1f-1_P2_Y-1_U74,MXY,3,32.6614280601697,1,0,0.0,0,0,0,-9999.0,0.5,1,P1_CV0,1,0,2,2,0
2,2536859.926,708059.4624,R2_F2_m2f2_P2_Y1_UO65,R2_F2_m-1f-1_P2_Y-1_U32,R2_F2_m-1f-1_P2_Y-1_U0,FXX,3,32.6614280601697,1,0,0.0,0,0,0,-9999.0,0.25,1,P1_CV0,1,1,1,2,0
2,2536859.926,708059.4624,R2_F2_m2f2_P2_Y1_UO40,R2_F2_m-1f-1_P2_Y-1_U137,R2_F2_m-1f-1_P2_Y-1_U67,MXY,3,32.6614280601697,1,0,0.0,0,0,0,-9999.0,1.0,1,P1_CV0,1,2,0,2,0
2,2536859.926,708059.4624,I2_F7_m2f2_P2_Y1_UO576,R2_F2_m-1f-1_P2_Y-1_U77,R2_F2_m-1f-1_P2_Y-1_U111,FXX,3,32.659318519983344,1,0,0.0,0,0,0,-9999.0,0.25,1,P1_CV0,1,2,0,1,1
2,2536859.926,708059.4624,I2_F7_m2f2_P2_Y1_UO397,R2_F2_m-1f-1_P2_Y-1_U77,R2_F2_m-1f-1_P2_Y-1_U78,MXY,3,32.659318519983344,1,0,0.0,0,0,0,-9999.0,0.5,1,P1_CV0,1,1,1,1,1
2,2536859.926,708059.4624,R2_F2_m2f2_P2_Y0_UO265,R2_F2_m-1f-1_P2_Y-1_U129,R2_F2_m-1f-1_P2_Y-1_U21,FXX,4,33.145744224946505,1,0,2.395,0,0,0,-9999.0,0.75,1,P1_CV0,1,2,0,2,0
2,2536859.926,708059.4624,R2_F2_m2f2_P2_Y0_UO122,R2_F2_m-1f-1_P2_Y-1_U107,R2_F2_m-1f-1_P2_Y-1_U0,FXX,4,33.145744224946505,1,0,1.261,0,0,0,-9999.0,0.25,1,P1_CV0,1,1,1,0,2
2,2536859.926,708059.4624,R2_F2_m2f2_P2_Y0_UO676,R2_F2_m-1f-1_P2_Y-1_U139,R2_F2_m-1f-1_P2_Y-1_U71,FXX,4,33.145744224946505,1,0,1.0,0,0,0,-9999.0,0.25,1,P1_CV0,1,0,2,1,1
2,2536859.926,708059.4624,R2_F2_m2f2_P2_Y0_UO549,R2_F2_m-1f-1_P2_Y-1_U129,R2_F2_m-1f-1_P2_Y-1_U62,MXY,4,33.145744224946505,1,0,0.0,0,0,0,-9999.0,0.75,1,P1_CV0,1,2,0,1,1
2,2536859.926,708059.4624,R2_F2_m2f2_P2_Y0_UO140,R2_F2_m-1f-1_P2_Y-1_U138,R2_F2_m-1f-1_P2_Y-1_U134,MXY,4,33.145744224946505,1,0,0.0,0,0,0,-9999.0,0.5,1,P1_CV0,1,1,1,0,2
2,2536859.926,708059.4624,R2_F2_m2f2_P2_Y0_UO444,R2_F2_m-1f-1_P2_Y-1_U15,R2_F2_m-1f-1_P2_Y-1_U103,MXY,4,33.145744224946505,1,0,0.0,0,0,0,-9999.0,0.5,1,P1_CV0,1,1,1,2,0
2,2536859.926,708059.4624,R2_F2_m2f2_P2_Y0_UO131,R2_F2_m-1f-1_P2_Y-1_U82,R2_F2_m-1f-1_P2_Y-1_U64,FXX,4,33.145744224946505,1,0,0.0,0,0,0,-9999.0,0.5,1,P1_CV0,1,2,0,2,0
2,2536859.926,708059.4624,I2_F7_m2f2_P2_Y0_UO675,R2_F2_m-1f-1_P2_Y-1_U139,R2_F2_m-1f-1_P2_Y-1_U71,MXY,4,33.144035019749325,1,0,0.0,0,0,0,-9999.0,0.25,1,P1_CV0,1,2,0,0,2
2,2536859.926,708059.4624,R2_F2_m-1f-1_P2_Y-1_U11,-9999,-9999,FXX,5,33.33671862821622,1,0,1.0,0,0,0,-9999.0,0.5,1,P1_CV0,1,1,1,2,0
2,2536859.926,708059.4624,R2_F2_m-1f-1_P2_Y-1_U60,-9999,-9999,FXX,5,33.33671862821622,1,0,0.0,0,0,0,-9999.0,0.5,1,P1_CV0,1,1,1,2,0
2,2536859.926,708059.4624,R2_F2_m-1f-1_P2_Y-1_U65,-9999,-9999,MXY,5,33.33671862821622,1,0,0.0,0,0,0,-9999.0,0.5,1,P1_CV0,1,1,1,1,1
2,2536859.926,708059.4624,R2_F2_m-1f-1_P2_Y-1_U111,-9999,-9999,MXY,5,33.33671862821622,1,0,0.0,0,0,0,-9999.0,0.0,1,P1_CV0,1,0,2,1,1
2,2536859.926,708059.4624,R2_F2_m-1f-1_P2_Y-1_U94,-9999,-9999,MXY,5,33.33671862821622,1,0,0.0,0,0,0,-9999.0,1.0,1,P1_CV0,1,2,0,2,0
2,2536859.926,708059.4624,R2_F2_m4f4_P4_Y1_UO354,R4_F4_m-1f-1_P4_Y-1_U119,R4_F4_m-1f-1_P4_Y-1_U63,FXX,3,55.645517761043905,1,0,1.624,0,0,0,-9999.0,0.25,1,P3_CV0,1,1,1,1,1
2,2536859.926,708059.4624,R2_F2_m2f2_P2_Y3_UO449,RD2_F5_m5f5_P5_Y1_UO28,R2_F2_m2f2_P2_Y1_UO296,FXX,1,31.482344212751126,0,0,0.0,0,0,0,-9999.0,0.625,1,P4_CV0,1,1,1,1,1
2,2536859.926,708059.4624,R2_F2_m2f2_P2_Y3_UO450,RD2_F5_m5f5_P5_Y1_UO28,R2_F2_m2f2_P2_Y1_UO296,FXX,1,31.482344212751126,0,0,0.0,0,0,0,-9999.0,0.625,1,P4_CV0,1,1,1,1,1
2,2536859.926,708059.4624,R2_F2_m2f2_P2_Y3_UO498,RD2_F5_m5f5_P5_Y1_UO28,R2_F2_m2f2_P2_Y0_UO216,FXX,1,31.482344212751126,0,0,0.0,0,0,0,-9999.0,0.5,1,P4_CV0,1,1,1,0,2
2,2536859.926,708059.4624,R2_F2_m2f2_P2_Y3_UO499,RD2_F5_m5f5_P5_Y1_UO28,R2_F2_m2f2_P2_Y0_UO216,FXX,1,31.482344212751126,0,0,0.0,0,0,0,-9999.0,0.5,1,P4_CV0,1,1,1,2,0
3,2532969.44,705413.5711,R3_F3_m3f3_P3_Y3_UO158,RD3_F1_m1f1_P1_Y1_UO83,R3_F3_m3f3_P3_Y1_UO300,FXX,1,31.02854017695569,0,0,0.0,0,0,0,-9999.0,0.375,1,P0_CV0,2,0,2,0,2
3,2532969.44,705413.5711,R3_F3_m3f3_P3_Y3_UO159,RD3_F1_m1f1_P1_Y1_UO83,R3_F3_m3f3_P3_Y1_UO300,MXY,1,31.02854017695569,0,0,0.0,0,0,0,-9999.0,0.375,1,P0_CV0,2,1,1,1,1
3,2532969.44,705413.5711,R3_F3_m3f3_P3_Y3_UO225,RD3_F1_m1f1_P1_Y1_UO83,R3_F3_m3f3_P3_Y1_UO158,FXX,1,31.02854017695569,0,0,0.0,0,0,0,-9999.0,0.25,1,P0_CV0,2,1,1,2,0
3,2532969.44,705413.5711,R3_F3_m3f3_P3_Y3_UO348,RD3_F1_m1f1_P1_Y1_UO83,R3_F3_m3f3_P3_Y1_UO306,MXY,1,31.02854017695569,0,0,0.0,0,0,0,-9999.0,0.125,1,P0_CV0,2,1,1,0,2
3,2532969.44,705413.5711,R3_F3_m3f3_P3_Y3_UO569,RD3_F1_m1f1_P1_Y1_UO83,R3_F3_m3f3_P3_Y1_UO154,FXX,1,31.02854017695569,0,0,0.0,0,0,0,-9999.0,0.375,1,P0_CV0,2,2,0,1,1
3,2532969.44,705413.5711,R3_F3_m1f1_P1_Y1_UO83,R1_F1_m-1f-1_P1_Y-1_U40,R1_F1_m-1f-1_P1_Y-1_U2,FXX,3,53.69370163959363,1,0,0.0,0,0,0,-9999.0,0.25,1,P0_CV0,2,1,1,1,1
3,2532969.44,705413.5711,RD3_F2_m2f2_P2_Y3_UO63,R2_F2_m2f2_P2_Y1_UO617,R2_F2_m2f2_P2_Y1_UO603,FXX,1,31.036180996874435,0,0,0.0,0,0,0,-9999.0,0.375,1,P1_CV0,2,1,1,0,2
3,2532969.44,705413.5711,R3_F3_m2f2_P2_Y2_UO525,R2_F2_m-1f-1_P2_Y-1_U60,R2_F2_m2f2_P2_Y0_UO467,FXX,2,31.06923233917534,1,0,1.0,0,0,0,-9999.0,0.5,1,P1_CV0,2,0,2,1,1
3,2532969.44,705413.5711,RD3_F2_m2f2_P2_Y0_UO317,R2_F2_m-1f-1_P2_Y-1_U15,R2_F2_m-1f-1_P2_Y-1_U13,FXX,4,32.7594220097708,1,0,1.407,0,0,0,-9999.0,0.5,1,P1_CV0,2,0,2,2,0
3,2532969.44,705413.5711,R3_F3_m3f3_P3_Y3_UO52,R3_F3_m3f3_P3_Y1_UO560,R3_F3_m3f3_P3_Y1_UO506,FXX,1,31.02854017695569,0,0,0.0,0,0,0,-9999.0,0.625,1,P2_CV0,2,2,0,2,0
3,2532969.44,705413.5711,R3_F3_m3f3_P3_Y3_UO53,R3_F3_m3f3_P3_Y1_UO560,R3_F3_m3f3_P3_Y1_UO506,MXY,1,31.02854017695569,0,0,0.0,0,0,0,-9999.0,0.625,1,P2_CV0,2,0,2,2,0
3,2532969.44,705413.5711,R3_F3_m3f3_P3_Y3_UO54,R3_F3_m3f3_P3_Y0_UO346,R3_F3_m3f3_P3_Y1_UO331,FXX,1,31.02854017695569,0,0,0.0,0,0,0,-9999.0,0.375,1,P2_CV0,2,0,2,2,0
3,2532969.44,705413.5711,R3_F3_m3f3_P3_Y3_UO71,R3_F3_m3f3_P3_Y0_UO346,R3_F3_m3f3_P3_Y0_UO574,MXY,1,31.02854017695569,0,0,0.0,0,0,0,-9999.0,0.875,1,P2_CV0,2,0,2,2,0
3,2532969.44,705413.5711,R3_F3_m3f3_P3_Y3_UO79,R3_F3_m3f3_P3_Y1_UO560,R3_F3_m3f3_P3_Y0_UO204,MXY,1,31.02854017695569,0,0,0.0,0,0,0,-9999.0,0.375,1,P2_CV0,2,1,1,1,1
3,2532969.44,705413.5711,R3_F3_m3f3_P3_Y3_UO87,R3_F3_m3f3_P3_Y0_UO780,R3_F3_m3f3_P3_Y1_UO430,FXX,1,31.02854017695569,0,0,0.0,0,0,0,-9999.0,0.875,1,P2_CV0,2,0,2,2,0
3,2532969.44,705413.5711,R3_F3_m3f3_P3_Y3_UO119,R3_F3_m3f3_P3_Y0_UO145,R3_F3_m3f3_P3_Y0_UO339,MXY,1,31.02854017695569,0,0,0.0,0,0,0,-9999.0,0.5,1,P2_CV0,2,2,0,1,1
3,2532969.44,705413.5711,R3_F3_m3f3_P3_Y3_UO120,R3_F3_m3f3_P3_Y0_UO145,R3_F3_m3f3_P3_Y0_UO339,FXX,1,31.02854017695569,0,0,0.0,0,0,0,-9999.0,0.5,1,P2_CV0,2,2,0,1,1
3,2532969.44,705413.5711,R3_F3_m3f3_P3_Y3_UO121,R3_F3_m3f3_P3_Y0_UO145,R3_F3_m3f3_P3_Y0_UO339,MXY,1,31.02854017695569,0,0,0.0,0,0,0,-9999.0,0.5,1,P2_CV0,2,1,1,1,1
3,2532969.44,705413.5711,R3_F3_m3f3_P3_Y3_UO132,R3_F3_m-1f-1_P3_Y-1_U116,R3_F3_m3f3_P3_Y1_UO35,FXX,1,31.02854017695569,0,0,0.0,0,0,0,-9999.0,0.875,1,P2_CV0,2,2,0,1,1
3,2532969.44,705413.5711,R3_F3_m3f3_P3_Y3_UO133,R3_F3_m-1f-1_P3_Y-1_U116,R3_F3_m3f3_P3_Y1_UO35,FXX,1,31.02854017695569,0,0,0.0,0,0,0,-9999.0,0.875,1,P2_CV0,2,2,0,1,1
3,2532969.44,705413.5711,R3_F3_m3f3_P3_Y3_UO134,R3_F3_m-1f-1_P3_Y-1_U116,R3_F3_m3f3_P3_Y1_UO35,FXX,1,31.02854017695569,0,0,0.0,0,0,0,-9999.0,0.875,1,P2_CV0,2,2,0,0,2
3,2532969.44,705413.5711,R3_F3_m3f3_P3_Y3_UO150,R3_F3_m3f3_P3_Y0_UO145,R3_F3_m3f3_P3_Y0_UO472,MXY,1,31.02854017695569,0,0,0.0,0,0,0,-9999.0,0.625,1,P2_CV0,2,2,0,1,1
3,2532969.44,705413.5711,R3_F3_m3f3_P3_Y3_UO151,R3_F3_m3f3_P3_Y0_UO145,R3_F3_m3f3_P3_Y0_UO472,MXY,1,31.02854017695569,0,0,0.0,0,0,0,-9999.0,0.625,1,P2_CV0,2,2,0,0,2
3,2532969.44,705413.5711,R3_F3_m3f3_P3_Y3_UO152,R3_F3_m3f3_P3_Y0_UO145,R3_F3_m3f3_P3_Y0_UO472,MXY,1,31.02854017695569,0,0,0.0,0,0,0,-9999.0,0.625,1,P2_CV0,2,2,0,0,2
3,2532969.44,705413.5711,R3_F3_m3f3_P3_Y3_UO157,RD3_F1_m1f1_P1_Y1_UO83,R3_F3_m3f3_P3_Y1_UO300,MXY,1,31.02854017695569,0,0,0.0,0,0,0,-9999.0,0.375,1,P2_CV0,2,2,0,1,1
3,2532969.44,705413.5711,R3_F3_m3f3_P3_Y3_UO160,R3_F3_m-1f-1_P3_Y-1_U117,R3_F3_m3f3_P3_Y1_UO430,FXX,1,31.02854017695569,0,0,0.0,0,0,0,-9999.0,0.5,1,P2_CV0,2,0,2,1,1
3,2532969.44,705413.5711,R3_F3_m3f3_P3_Y3_UO161,R3_F3_m-1f-1_P3_Y-1_U117,R3_F3_m3f3_P3_Y1_UO430,FXX,1,31.02854017695569,0,0,0.0,0,0,0,-9999.0,0.5,1,P2_CV0,2,0,2,1,1
3,2532969.44,705413.5711,R3_F3_m3f3_P3_Y3_UO162,R3_F3_m-1f-1_P3_Y-1_U117,R3_F3_m3f3_P3_Y1_UO430,MXY,1,31.02854017695569,0,0,0.0,0,0,0,-9999.0,0.5,1,P2_CV0,2,0,2,1,1
3,2532969.44,705413.5711,R3_F3_m3f3_P3_Y3_UO163,R3_F3_m-1f-1_P3_Y-1_U117,R3_F3_m3f3_P3_Y1_UO430,MXY,1,31.02854017695569,0,0,0.0,0,0,0,-9999.0,0.5,1,P2_CV0,2,0,2,1,1
3,2532969.44,705413.5711,R3_F3_m3f3_P3_Y3_UO220,R3_F3_m3f3_P3_Y1_UO433,R3_F3_m3f3_P3_Y1_UO47,FXX,1,31.02854017695569,0,0,0.0,0,0,0,-9999.0,0.875,1,P2_CV0,2,1,1,1,1
3,2532969.44,705413.5711,R3_F3_m3f3_P3_Y3_UO221,R3_F3_m3f3_P3_Y1_UO433,R3_F3_m3f3_P3_Y1_UO47,MXY,1,31.02854017695569,0,0,0.0,0,0,0,-9999.0,0.875,1,P2_CV0,2,1,1,1,1
3,2532969.44,705413.5711,R3_F3_m3f3_P3_Y3_UO240,I3_F7_m3f3_P3_Y1_UO452,R3_F3_m3f3_P3_Y0_UO622,FXX,1,31.02854017695569,0,0,0.0,0,0,0,-9999.0,0.625,1,P2_CV0,2,2,0,1,1
3,2532969.44,705413.5711,R3_F3_m3f3_P3_Y3_UO241,I3_F7_m3f3_P3_Y1_UO452,R3_F3_m3f3_P3_Y0_UO622,FXX,1,31.02854017695569,0,0,0.0,0,0,0,-9999.0,0.625,1,P2_CV0,2,2,0,2,0
3,2532969.44,705413.5711,R3_F3_m3f3_P3_Y3_UO242,I3_F7_m3f3_P3_Y1_UO452,R3_F3_m3f3_P3_Y0_UO622,FXX,1,31.02854017695569,0,0,0.0,0,0,0,-9999.0,0.625,1,P2_CV0,2,1,1,1,1
3,2532969.44,705413.5711,R3_F3_m3f3_P3_Y3_UO243,I3_F7_m3f3_P3_Y1_UO452,R3_F3_m3f3_P3_Y0_UO622,FXX,1,31.02854017695569,0,0,0.0,0,0,0,-9999.0,0.625,1,P2_CV0,2,1,1,1,1
3,2532969.44,705413.5711,R3_F3_m3f3_P3_Y3_UO244,I3_F7_m3f3_P3_Y1_UO452,R3_F3_m3f3_P3_Y0_UO622,MXY,1,31.02854017695569,0,0,0.0,0,0,0,-9999.0,0.625,1,P2_CV0,2,0,2,2,0
3,2532969.44,705413.5711,R3_F3_m3f3_P3_Y3_UO247,R3_F3_m3f3_P3_Y0_UO391,R3_F3_m3f3_P3_Y0_UO574,FXX,1,31.02854017695569,0,0,0.0,0,0,0,-9999.0,0.75,1,P2_CV0,2,1,1,1,1
3,2532969.44,705413.5711,R3_F3_m3f3_P3_Y3_UO248,R3_F3_m3f3_P3_Y0_UO391,R3_F3_m3f3_P3_Y0_UO574,MXY,1,31.02854017695569,0,0,0.0,0,0,0,-9999.0,0.75,1,P2_CV0,2,1,1,1,1
3,2532969.44,705413.5711,R3_F3_m3f3_P3_Y3_UO249,R3_F3_m3f3_P3_Y0_UO391,R3_F3_m3f3_P3_Y0_UO574,FXX,1,31.02854017695569,0,0,0.0,0,0,0,-9999.0,0.75,1,P2_CV0,2,0,2,1,1
3,2532969.44,705413.5711,R3_F3_m3f3_P3_Y3_UO255,R3_F3_m3f3_P3_Y1_UO578,R3_F3_m3f3_P3_Y0_UO475,MXY,1,31.02854017695569,0,0,0.0,0,0,0,-9999.0,0.625,1,P2_CV0,2,0,2,2,0
3,2532969.44,705413.5711,R3_F3_m3f3_P3_Y3_UO256,R3_F3_m3f3_P3_Y1_UO578,R3_F3_m3f3_P3_Y0_UO475,FXX,1,31.02854017695569,0,0,0.0,0,0,0,-9999.0,0.625,1,P2_CV0,2,0,2,1,1
3,2532969.44,705413.5711,R3_F3_m3f3_P3_Y3_UO263,R3_F3_m3f3_P3_Y0_UO391,R3_F3_m3f3_P3_Y1_UO228,MXY,1,31.02854017695569,0,0,0.0,0,0,0,-9999.0,0.625,1,P2_CV0,2,1,1,2,0
3,2532969.44,705413.5711,R3_F3_m3f3_P3_Y3_UO264,R3_F3_m3f3_P3_Y0_UO391,R3_F3_m3f3_P3_Y1_UO228,MXY,1,31.02854017695569,0,0,0.0,0,0,0,-9999.0,0.625,1,P2_CV0,2,0,2,2,0
3,2532969.44,705413.5711,R3_F3_m3f3_P3_Y3_UO265,R3_F3_m3f3_P3_Y1_UO433,R3_F3_m3f3_P3_Y1_UO451,FXX,1,31.02854017695569,0,0,0.0,0,0,0,-9999.0,0.875,1,P2_CV0,2,2,0,2,0
3,2532969.44,705413.5711,R3_F3_m3f3_P3_Y3_UO298,R3_F3_m3f3_P3_Y1_UO433,R3_F3_m3f3_P3_Y1_UO247,FXX,1,31.02854017695569,0,0,0.0,0,0,0,-9999.0,0.75,1,P2_CV0,2,1,1,2,0
3,2532969.44,705413.5711,R3_F3_m3f3_P3_Y3_UO299,R3_F3_m3f3_P3_Y1_UO433,R3_F3_m3f3_P3_Y1_UO247,MXY,1,31.02854017695569,0,0,0.0,0,0,0,-9999.0,0.75,1,P2_CV0,2,0,2,2,0
3,2532969.44,705413.5711,R3_F3_m3f3_P3_Y3_UO300,R3_F3_m3f3_P3_Y1_UO433,R3_F3_m3f3_P3_Y1_UO247,FXX,1,31.02854017695569,0,0,0.0,0,0,0,-9999.0,0.75,1,P2_CV0,2,1,1,2,0
3,2532969.44,705413.5711,R3_F3_m3f3_P3_Y3_UO306,R3_F3_m3f3_P3_Y0_UO25,R3_F3_m3f3_P3_Y1_UO300,FXX,1,31.02854017695569,0,0,0.0,0,0,0,-9999.0,0.5,1,P2_CV0,2,0,2,1,1
3,2532969.44,705413.5711,R3_F3_m3f3_P3_Y3_UO307,R3_F3_m3f3_P3_Y0_UO25,R3_F3_m3f3_P3_Y1_UO300,MXY,1,31.02854017695569,0,0,0.0,0,0,0,-9999.0,0.5,1,P2_CV0,2,1,1,1,1
3,2532969.44,705413.5711,R3_F3_m3f3_P3_Y3_UO308,R3_F3_m3f3_P3_Y1_UO102,R3_F3_m3f3_P3_Y0_UO708,FXX,1,31.02854017695569,0,0,0.0,0,0,0,-9999.0,0.5,1,P2_CV0,2,0,2,0,2
3,2532969.44,705413.5711,R3_F3_m3f3_P3_Y3_UO309,R3_F3_m3f3_P3_Y1_UO102,R3_F3_m3f3_P3_Y0_UO708,MXY,1,31.02854017695569,0,0,0.0,0,0,0,-9999.0,0.5,1,P2_CV0,2,0,2,0,2
3,2532969.44,705413.5711,R3_F3_m3f3_P3_Y3_UO310,R3_F3_m3f3_P3_Y1_UO102,R3_F3_m3f3_P3_Y0_UO708,FXX,1,31.02854017695569,0,0,0.0,0,0,0,-9999.0,0.5,1,P2_CV0,2,0,2,0,2
3,2532969.44,705413.5711,R3_F3_m3f3_P3_Y3_UO311,R3_F3_m3f3_P3_Y1_UO102,R3_F3_m3f3_P3_Y0_UO708,FXX,1,31.02854017695569,0,0,0.0,0,0,0,-9999.0,0.5,1,P2_CV0,2,1,1,1,1
3,2532969.44,705413.5711,R3_F3_m3f3_P3_Y3_UO312,R3_F3_m3f3_P3_Y1_UO20,R3_F3_m3f3_P3_Y1_UO245,MXY,1,31.02854017695569,0,0,0.0,0,0,0,-9999.0,0.625,1,P2_CV0,2,2,0,0,2
3,2532969.44,705413.5711,R3_F3_m3f3_P3_Y3_UO316,R3_F3_m3f3_P3_Y0_UO301,R3_F3_m3f3_P3_Y1_UO35,MXY,1,31.02854017695569,0,0,0.0,0,0,0,-9999.0,0.625,1,P2_CV0,2,1,1,1,1
3,2532969.44,705413.5711,R3_F3_m3f3_P3_Y3_UO317,R3_F3_m3f3_P3_Y0_UO301,R3_F3_m3f3_P3_Y1_UO35,MXY,1,31.02854017695569,0,0,0.0,0,0,0,-9999.0,0.625,1,P2_CV0,2,1,1,0,2
3,2532969.44,705413.5711,R3_F3_m3f3_P3_Y3_UO318,R3_F3_m3f3_P3_Y0_UO301,R3_F3_m3f3_P3_Y1_UO35,MXY,1,31.02854017695569,0,0,0.0,0,0,0,-9999.0,0.625,1,P2_CV0,2,2,0,0,2
3,2532969.44,705413.5711,R3_F3_m3f3_P3_Y3_UO324,R3_F3_m-1f-1_P3_Y-1_U67,R3_F3_m3f3_P3_Y0_UO475,MXY,1,31.02854017695569,0,0,0.0,0,0,0,-9999.0,0.25,1,P2_CV0,2,0,2,1,1
3,2532969.44,705413.5711,R3_F3_m3f3_P3_Y3_UO325,R3_F3_m-1f-1_P3_Y-1_U67,R3_F3_m3f3_P3_Y0_UO475,MXY,1,31.02854017695569,0,0,0.0,0,0,0,-9999.0,0.25,1,P2_CV0,2,0,2,2,0
3,2532969.44,705413.5711,R3_F3_m3f3_P3_Y3_UO326,R3_F3_m-1f-1_P3_Y-1_U67,R3_F3_m3f3_P3_Y0_UO475,FXX,1,31.02854017695569,0,0,0.0,0,0,0,-9999.0,0.25,1,P2_CV0,2,0,2,2,0
3,2532969.44,705413.5711,R3_F3_m3f3_P3_Y3_UO327,R3_F3_m-1f-1_P3_Y-1_U67,R3_F3_m3f3_P3_Y0_UO475,MXY,1,31.02854017695569,0,0,0.0,0,0,0,-9999.0,0.25,1,P2_CV0,2,0,2,2,0
3,2532969.44,705413.5711,R3_F3_m3f3_P3_Y3_UO349,RD3_F1_m1f1_P1_Y1_UO83,R3_F3_m3f3_P3_Y1_UO306,MXY,1,31.02854017695569,0,0,0.0,0,0,0,-9999.0,0.125,1,P2_CV0,2,1,1,1,1
3,2532969.44,705413.5711,R3_F3_m3f3_P3_Y3_UO387,R3_F3_m3f3_P3_Y1_UO20,R3_F3_m3f3_P3_Y0_UO475,FXX,1,31.02854017695569,0,0,0.0,0,0,0,-9999.0,0.625,1,P2_CV0,2,0,2,1,1
3,2532969.44,705413.5711,R3_F3_m3f3_P3_Y3_UO388,R3_F3_m-1f-1_P3_Y-1_U82,R3_F3_m3f3_P3_Y0_UO708,FXX,1,31.02854017695569,0,0,0.0,0,0,0,-9999.0,0.375,1,P2_CV0,2,1,1,0,2
3,2532969.44,705413.5711,R3_F3_m3f3_P3_Y3_UO389,R3_F3_m-1f-1_P3_Y-1_U82,R3_F3_m3f3_P3_Y0_UO708,FXX,1,31.02854017695569,0,0,0.0,0,0,0,-9999.0,0.375,1,P2_CV0,2,1,1,0,2
3,2532969.44,705413.5711,R3_F3_m3f3_P3_Y3_UO390,R3_F3_m-1f-1_P3_Y-1_U82,R3_F3_m3f3_P3_Y0_UO708,MXY,1,31.02854017695569,0,0,0.0,0,0,0,-9999.0,0.375,1,P2_CV0,2,0,2,0,2
3,2532969.44,705413.5711,R3_F3_m3f3_P3_Y3_UO391,R3_F3_m-1f-1_P3_Y-1_U82,R3_F3_m3f3_P3_Y0_UO708,MXY,1,31.02854017695569,0,0,0.0,0,0,0,-9999.0,0.375,1,P2_CV0,2,1,1,0,2
3,2532969.44,705413.5711,R3_F3_m3f3_P3_Y3_UO392,R3_F3_m-1f-1_P3_Y-1_U82,R3_F3_m3f3_P3_Y0_UO708,FXX,1,31.02854017695569,0,0,0.0,0,0,0,-9999.0,0.375,1,P2_CV0,2,0,2,0,2
3,2532969.44,705413.5711,R3_F3_m3f3_P3_Y3_UO393,R3_F3_m3f3_P3_Y1_UO102,R3_F3_m3f3_P3_Y1_UO154,MXY,1,31.02854017695569,0,0,0.0,0,0,0,-9999.0,0.375,1,P2_CV0,2,1,1,0,2
3,2532969.44,705413.5711,R3_F3_m3f3_P3_Y3_UO394,R3_F3_m3f3_P3_Y1_UO102,R3_F3_m3f3_P3_Y1_UO154,FXX,1,31.02854017695569,0,0,0.0,0,0,0,-9999.0,0.375,1,P2_CV0,2,1,1,1,1
3,2532969.44,705413.5711,R3_F3_m3f3_P3_Y3_UO395,R3_F3_m3f3_P3_Y1_UO102,R3_F3_m3f3_P3_Y1_UO154,FXX,1,31.02854017695569,0,0,0.0,0,0,0,-9999.0,0.375,1,P2_CV0,2,1,1,0,2
3,2532969.44,705413.5711,R3_F3_m3f3_P3_Y3_UO404,R3_F3_m3f3_P3_Y1_UO144,R3_F3_m3f3_P3_Y0_UO401,FXX,1,31.02854017695569,0,0,0.0,0,0,0,-9999.0,0.5,1,P2_CV0,2,1,1,1,1
3,2532969.44,705413.5711,R3_F3_m3f3_P3_Y3_UO405,R3_F3_m3f3_P3_Y1_UO144,R3_F3_m3f3_P3_Y0_UO401,FXX,1,31.02854017695569,0,0,0.0,0,0,0,-9999.0,0.5,1,P2_CV0,2,1,1,1,1
3,2532969.44,705413.5711,R3_F3_m3f3_P3_Y3_UO413,R3_F3_m3f3_P3_Y0_UO25,R3_F3_m3f3_P3_Y1_UO453,FXX,1,31.02854017695569,0,0,0.0,0,0,0,-9999.0,0.625,1,P2_CV0,2,2,0,2,0
3,2532969.44,705413.5711,R3_F3_m3f3_P3_Y3_UO414,R3_F3_m3f3_P3_Y0_UO25,R3_F3_m3f3_P3_Y1_UO453,MXY,1,31.02854017695569,0,0,0.0,0,0,0,-9999.0,0.625,1,P2_CV0,2,1,1,1,1
3,2532969.44,705413.5711,R3_F3_m3f3_P3_Y3_UO415,R3_F3_m3f3_P3_Y1_UO560,R3_F3_m3f3_P3_Y0_UO574,MXY,1,31.02854017695569,0,0,0.0,0,0,0,-9999.0,0.75,1,P2_CV0,2,0,2,0,2
3,2532969.44,705413.5711,R3_F3_m3f3_P3_Y3_UO416,R3_F3_m3f3_P3_Y1_UO560,R3_F3_m3f3_P3_Y0_UO574,FXX,1,31.02854017695569,0,0,0.0,0,0,0,-9999.0,0.75,1,P2_CV0,2,0,2,1,1
3,2532969.44,705413.5711,R3_F3_m3f3_P3_Y3_UO417,R3_F3_m3f3_P3_Y1_UO560,R3_F3_m3f3_P3_Y0_UO574,MXY,1,31.02854017695569,0,0,0.0,0,0,0,-9999.0,0.75,1,P2_CV0,2,0,2,2,0
3,2532969.44,705413.5711,R3_F3_m3f3_P3_Y3_UO418,R3_F3_m3f3_P3_Y1_UO560,R3_F3_m3f3_P3_Y0_UO574,MXY,1,31.02854017695569,0,0,0.0,0,0,0,-9999.0,0.75,1,P2_CV0,2,0,2,1,1
3,2532969.44,705413.5711,R3_F3_m3f3_P3_Y3_UO426,R3_F3_m3f3_P3_Y0_UO391,R3_F3_m3f3_P3_Y0_UO424,MXY,1,31.02854017695569,0,0,0.0,0,0,0,-9999.0,0.375,1,P2_CV0,2,2,0,2,0
3,2532969.44,705413.5711,R3_F3_m3f3_P3_Y3_UO427,R3_F3_m3f3_P3_Y0_UO391,R3_F3_m3f3_P3_Y0_UO424,FXX,1,31.02854017695569,0,0,0.0,0,0,0,-9999.0,0.375,1,P2_CV0,2,1,1,2,0
3,2532969.44,705413.5711,R3_F3_m3f3_P3_Y3_UO433,R3_F3_m3f3_P3_Y1_UO102,R3_F3_m3f3_P3_Y1_UO361,MXY,1,31.02854017695569,0,0,0.0,0,0,0,-9999.0,0.375,1,P2_CV0,2,0,2,0,2
3,2532969.44,705413.5711,R3_F3_m3f3_P3_Y3_UO434,R3_F3_m3f3_P3_Y1_UO102,R3_F3_m3f3_P3_Y1_UO361,MXY,1,31.02854017695569,0,0,0.0,0,0,0,-9999.0,0.375,1,P2_CV0,2,1,1,0,2
3,2532969.44,705413.5711,R3_F3_m3f3_P3_Y3_UO435,R3_F3_m3f3_P3_Y1_UO102,R3_F3_m3f3_P3_Y1_UO361,MXY,1,31.02854017695569,0,0,0.0,0,0,0,-9999.0,0.375,1,P2_CV0,2,0,2,0,2
3,2532969.44,705413.5711,R3_F3_m3f3_P3_Y3_UO440,R3_F3_m3f3_P3_Y1_UO44,R3_F3_m3f3_P3_Y0_UO344,MXY,1,31.02854017695569,0,0,0.0,0,0,0,-9999.0,0.75,1,P2_CV0,2,0,2,2,0
3,2532969.44,705413.5711,R3_F3_m3f3_P3_Y3_UO445,R3_F3_m3f3_P3_Y1_UO433,R3_F3_m-1f-1_P3_Y-1_U56,MXY,1,31.02854017695569,0,0,0.0,0,0,0,-9999.0,0.5,1,P2_CV0,2,0,2,1,1
3,2532969.44,705413.5711,R3_F3_m3f3_P3_Y3_UO451,R3_F3_m3f3_P3_Y0_UO301,R3_F3_m-1f-1_P3_Y-1_U27,FXX,1,31.02854017695569,0,0,0.0,0,0,0,-9999.0,0.5,1,P2_CV0,2,1,1,1,1
3,2532969.44,705413.5711,R3_F3_m3f3_P3_Y3_UO457,R3_F3_m3f3_P3_Y0_UO389,R3_F3_m3f3_P3_Y0_UO588,MXY,1,31.02854017695569,0,0,0.0,0,0,0,-9999.0,0.625,1,P2_CV0,2,2,0,1,1
3,2532969.44,705413.5711,R3_F3_m3f3_P3_Y3_UO458,R3_F3_m3f3_P3_Y0_UO389,R3_F3_m3f3_P3_Y0_UO588,MXY,1,31.02854017695569,0,0,0.0,0,0,0,-9999.0,0.625,1,P2_CV0,2,0,2,1,1
3,2532969.44,705413.5711,R3_F3_m3f3_P3_Y3_UO464,R3_F3_m3f3_P3_Y0_UO389,R3_F3_m3f3_P3_Y0_UO401,MXY,1,31.02854017695569,0,0,0.0,0,0,0,-9999.0,0.625,1,P2_CV0,2,1,1,2,0
3,2532969.44,705413.5711,R3_F3_m3f3_P3_Y3_UO465,R3_F3_m3f3_P3_Y0_UO389,R3_F3_m3f3_P3_Y0_UO401,FXX,1,31.02854017695569,0,0,0.0,0,0,0,-9999.0,0.625,1,P2_CV0,2,0,2,2,0
3,2532969.44,705413.5711,R3_F3_m3f3_P3_Y3_UO466,R3_F3_m3f3_P3_Y0_UO389,R3_F3_m3f3_P3_Y0_UO401,MXY,1,31.02854017695569,0,0,0.0,0,0,0,-9999.0,0.625,1,P2_CV0,2,1,1,2,0
3,2532969.44,705413.5711,R3_F3_m3f3_P3_Y3_UO507,R3_F3_m3f3_P3_Y0_UO422,R3_F3_m3f3_P3_Y1_UO331,FXX,1,31.02854017695569,0,0,0.0,0,0,0,-9999.0,0.125,1,P2_CV0,2,0,2,2,0
3,2532969.44,705413.5711,R3_F3_m3f3_P3_Y3_UO508,R3_F3_m3f3_P3_Y0_UO422,R3_F3_m3f3_P3_Y1_UO331,MXY,1,31.02854017695569,0,0,0.0,0,0,0,-9999.0,0.125,1,P2_CV0,2,0,2,1,1
3,2532969.44,705413.5711,R3_F3_m3f3_P3_Y3_UO509,R3_F3_m3f3_P3_Y0_UO422,R3_F3_m3f3_P3_Y1_UO331,MXY,1,31.02854017695569,0,0,0.0,0,0,0,-9999.0,0.125,1,P2_CV0,2,0,2,1,1
3,2532969.44,705413.5711,R3_F3_m3f3_P3_Y3_UO514,R3_F3_m3f3_P3_Y1_UO560,R3_F3_m3f3_P3_Y1_UO228,FXX,1,31.02854017695569,0,0,0.0,0,0,0,-9999.0,0.625,1,P2_CV0,2,2,0,1,1
3,2532969.44,705413.5711,R3_F3_m3f3_P3_Y3_UO531,R3_F3_m3f3_P3_Y0_UO780,R3_F3_m3f3_P3_Y0_UO343,FXX,1,31.02854017695569,0,0,0.0,0,0,0,-9999.0,0.75,1,P2_CV0,2,0,2,1,1
3,2532969.44,705413.5711,R3_F3_m3f3_P3_Y3_UO532,R3_F3_m3f3_P3_Y0_UO780,R3_F3_m3f3_P3_Y0_UO343,FXX,1,31.02854017695569,0,0,0.0,0,0,0,-9999.0,0.75,1,P2_CV0,2,1,1,2,0
3,2532969.44,705413.5711,R3_F3_m3f3_P3_Y3_UO538,R3_F3_m3f3_P3_Y1_UO102,R3_F3_m3f3_P3_Y0_UO127,FXX,1,31.02854017695569,0,0,0.0,0,0,0,-9999.0,0.375,1,P2_CV0,2,1,1,1,1
3,2532969.44,705413.5711,R3_F3_m3f3_P3_Y3_UO539,R3_F3_m3f3_P3_Y1_UO102,R3_F3_m3f3_P3_Y0_UO127,MXY,1,31.02854017695569,0,0,0.0,0,0,0,-9999.0,0.375,1,P2_CV0,2,0,2,1,1
3,2532969.44,705413.5711,R3_F3_m3f3_P3_Y3_UO540,R3_F3_m3f3_P3_Y1_UO102,R3_F3_m3f3_P3_Y0_UO127,FXX,1,31.02854017695569,0,0,0.0,0,0,0,-9999.0,0.375,1,P2_CV0,2,1,1,1,1
3,2532969.44,705413.5711,R3_F3_m3f3_P3_Y3_UO572,R3_F3_m3f3_P3_Y1_UO433,R3_F3_m3f3_P3_Y1_UO613,MXY,1,31.02854017695569,0,0,0.0,0,0,0,-9999.0,0.75,1,P2_CV0,2,1,1,1,1
3,2532969.44,705413.5711,R3_F3_m3f3_P3_Y3_UO573,R3_F3_m3f3_P3_Y1_UO433,R3_F3_m3f3_P3_Y1_UO613,MXY,1,31.02854017695569,0,0,0.0,0,0,0,-9999.0,0.75,1,P2_CV0,2,1,1,1,1
3,2532969.44,705413.5711,R3_F3_m3f3_P3_Y3_UO574,R3_F3_m3f3_P3_Y1_UO433,R3_F3_m3f3_P3_Y1_UO613,MXY,1,31.02854017695569,0,0,0.0,0,0,0,-9999.0,0.75,1,P2_CV0,2,1,1,1,1
3,2532969.44,705413.5711,R3_F3_m3f3_P3_Y3_UO590,R3_F3_m-1f-1_P3_Y-1_U82,R3_F3_m3f3_P3_Y1_UO615,MXY,1,31.02854017695569,0,0,0.0,0,0,0,-9999.0,0.25,1,P2_CV0,2,1,1,0,2
3,2532969.44,705413.5711,R3_F3_m3f3_P3_Y3_UO591,R3_F3_m-1f-1_P3_Y-1_U82,R3_F3_m3f3_P3_Y1_UO615,FXX,1,31.02854017695569,0,0,0.0,0,0,0,-9999.0,0.25,1,P2_CV0,2,1,1,0,2
3,2532969.44,705413.5711,R3_F3_m3f3_P3_Y3_UO592,R3_F3_m-1f-1_P3_Y-1_U82,R3_F3_m3f3_P3_Y1_UO615,MXY,1,31.02854017695569,0,0,0.0,0,0,0,-9999.0,0.25,1,P2_CV0,2,0,2,0,2
3,2532969.44,705413.5711,R3_F3_m3f3_P3_Y3_UO593,R3_F3_m-1f-1_P3_Y-1_U82,R3_F3_m3f3_P3_Y1_UO615,FXX,1,31.02854017695569,0,0,0.0,0,0,0,-9999.0,0.25,1,P2_CV0,2,1,1,0,2
3,2532969.44,705413.5711,R3_F3_m3f3_P3_Y3_UO594,R3_F3_m3f3_P3_Y1_UO560,R3_F3_m3f3_P3_Y1_UO228,MXY,1,31.02854017695569,0,0,0.0,0,0,0,-9999.0,0.625,1,P2_CV0,2,2,0,1,1
3,2532969.44,705413.5711,R3_F3_m3f3_P3_Y3_UO595,R3_F3_m3f3_P3_Y1_UO560,R3_F3_m3f3_P3_Y1_UO228,MXY,1,31.02854017695569,0,0,0.0,0,0,0,-9999.0,0.625,1,P2_CV0,2,2,0,1,1
3,2532969.44,705413.5711,R3_F3_m3f3_P3_Y3_UO596,R3_F3_m3f3_P3_Y1_UO560,R3_F3_m3f3_P3_Y1_UO228,FXX,1,31.02854017695569,0,0,0.0,0,0,0,-9999.0,0.625,1,P2_CV0,2,1,1,1,1
3,2532969.44,705413.5711,R3_F3_m3f3_P3_Y3_UO613,R3_F3_m3f3_P3_Y1_UO102,R3_F3_m3f3_P3_Y0_UO574,FXX,1,31.02854017695569,0,0,0.0,0,0,0,-9999.0,0.625,1,P2_CV0,2,0,2,0,2
3,2532969.44,705413.5711,R3_F3_m3f3_P3_Y2_UO354,R3_F3_m3f3_P3_Y0_UO780,R3_F3_m3f3_P3_Y0_UO344,MXY,2,31.063158401255194,1,0,0.0,0,0,0,-9999.0,0.75,1,P2_CV0,2,0,2,1,1
3,2532969.44,705413.5711,R3_F3_m3f3_P3_Y2_UO186,R3_F3_m-1f-1_P3_Y-1_U57,R3_F3_m3f3_P3_Y0_UO349,MXY,2,31.063158401255194,1,0,0.0,0,0,0,-9999.0,0.375,1,P2_CV0,2,1,1,0,2
3,2532969.44,705413.5711,R3_F3_m3f3_P3_Y2_UO621,R3_F3_m-1f-1_P3_Y-1_U82,R3_F3_m3f3_P3_Y0_UO204,MXY,2,31.063158401255194,1,0,0.0,0,0,0,-9999.0,0.125,1,P2_CV0,2,1,1,1,1
3,2532969.44,705413.5711,R3_F3_m3f3_P3_Y2_UO161,I3_F7_m-1f-1_P3_Y-1_U67,R3_F3_m3f3_P3_Y0_UO203,FXX,2,31.063158401255194,1,0,2.473,0,0,0,-9999.0,0.125,1,P2_CV0,2,1,1,1,1
3,2532969.44,705413.5711,R3_F3_m3f3_P3_Y2_UO622,R3_F3_m-1f-1_P3_Y-1_U82,R3_F3_m3f3_P3_Y0_UO204,MXY,2,31.063158401255194,1,0,0.0,0,0,0,-9999.0,0.125,1,P2_CV0,2,0,2,1,1
3,2532969.44,705413.5711,R3_F3_m3f3_P3_Y2_UO620,R3_F3_m3f3_P3_Y0_UO391,R3_F3_m3f3_P3_Y0_UO708,FXX,2,31.063158401255194,1,0,1.788,0,0,0,-9999.0,0.625,1,P2_CV0,2,0,2,1,1
3,2532969.44,705413.5711,R3_F3_m3f3_P3_Y2_UO461,R3_F3_m-1f-1_P3_Y-1_U53,R3_F3_m3f3_P3_Y0_UO80,MXY,2,31.063158401255194,1,0,0.0,0,0,0,-9999.0,0.75,1,P2_CV0,2,2,0,1,1
3,2532969.44,705413.5711,R3_F3_m3f3_P3_Y2_UO675,R3_F3_m-1f-1_P3_Y-1_U100,R3_F3_m3f3_P3_Y0_UO203,MXY,2,31.063158401255194,1,0,0.0,0,0,0,-9999.0,0.375,1,P2_CV0,2,1,1,1,1
3,2532969.44,705413.5711,R3_F3_m3f3_P3_Y2_UO664,RD3_F5_m5f5_P5_Y0_UO45,R3_F3_m-1f-1_P3_Y-1_U98,MXY,2,31.063158401255194,1,0,0.0,0,0,0,-9999.0,0.5,1,P2_CV0,2,1,1,2,0
3,2532969.44,705413.5711,R3_F3_m3f3_P3_Y2_UO130,R3_F3_m-1f-1_P3_Y-1_U116,R3_F3_m3f3_P3_Y0_UO782,MXY,2,31.063158401255194,1,0,0.0,0,0,0,-9999.0,0.875,1,P2_CV0,2,1,1,1,1
3,2532969.44,705413.5711,R3_F3_m3f3_P3_Y2_UO128,R3_F3_m-1f-1_P3_Y-1_U116,R3_F3_m3f3_P3_Y0_UO782,MXY,2,31.063158401255194,1,0,0.0,0,0,0,-9999.0,0.875,1,P2_CV0,2,1,1,1,1
3,2532969.44,705413.5711,R3_F3_m3f3_P3_Y2_UO29,R3_F3_m3f3_P3_Y0_UO422,R3_F3_m-1f-1_P3_Y-1_U56,FXX,2,31.063158401255194,1,0,0.0,0,0,0,-9999.0,0.125,1,P2_CV0,2,0,2,1,1
3,2532969.44,705413.5711,R3_F3_m3f3_P3_Y2_UO666,R3_F3_m-1f-1_P3_Y-1_U100,R3_F3_m-1f-1_P3_Y-1_U27,FXX,2,31.063158401255194,1,0,1.0,0,0,0,-9999.0,0.5,1,P2_CV0,2,0,2,2,0
3,2532969.44,705413.5711,R3_F3_m3f3_P3_Y2_UO372,R3_F3_m-1f-1_P3_Y-1_U100,R3_F3_m3f3_P3_Y0_UO418,MXY,2,31.063158401255194,1,0,0.0,0,0,0,-9999.0,0.625,1,P2_CV0,2,2,0,2,0
3,2532969.44,705413.5711,R3_F3_m3f3_P3_Y2_UO569,R3_F3_m-1f-1_P3_Y-1_U82,R3_F3_m3f3_P3_Y0_UO424,MXY,2,31.063158401255194,1,0,0.0,0,0,0,-9999.0,0.125,1,P2_CV0,2,1,1,1,1
3,2532969.44,705413.5711,R3_F3_m3f3_P3_Y2_UO600,R3_F3_m-1f-1_P3_Y-1_U100,R3_F3_m3f3_P3_Y0_UO401,MXY,2,31.063158401255194,1,0,0.0,0,0,0,-9999.0,0.625,1,P2_CV0,2,0,2,0,2
3,2532969.44,705413.5711,R3_F3_m3f3_P3_Y2_UO577,R3_F3_m3f3_P3_Y0_UO26,R3_F3_m3f3_P3_Y0_UO203,FXX,2,31.063158401255194,1,0,0.0,0,0,0,-9999.0,0.375,1,P2_CV0,2,2,0,2,0
3,2532969.44,705413.5711,R3_F3_m3f3_P3_Y2_UO619,R3_F3_m3f3_P3_Y0_UO391,R3_F3_m3f3_P3_Y0_UO708,FXX,2,31.063158401255194,1,0,2.49,0,0,0,-9999.0,0.625,1,P2_CV0,2,1,1,0,2
3,2532969.44,705413.5711,R3_F3_m3f3_P3_Y2_UO222,R3_F3_m-1f-1_P3_Y-1_U51,R3_F3_m3f3_P3_Y0_UO475,FXX,2,31.063158401255194,1,0,1.212,0,0,0,-9999.0,0.75,1,P2_CV0,2,1,1,2,0
3,2532969.44,705413.5711,R3_F3_m3f3_P3_Y2_UO368,R3_F3_m3f3_P3_Y0_UO400,R3_F3_m3f3_P3_Y0_UO344,FXX,2,31.063158401255194,1,0,0.0,0,0,0,-9999.0,0.75,1,P2_CV0,2,0,2,0,2
3,2532969.44,705413.5711,R3_F3_m3f3_P3_Y2_UO250,R3_F3_m3f3_P3_Y0_UO301,R3_F3_m3f3_P3_Y0_UO150,FXX,2,31.063158401255194,1,0,1.0,0,0,0,-9999.0,0.5,1,P2_CV0,2,2,0,1,1
3,2532969.44,705413.5711,R3_F3_m3f3_P3_Y2_UO642,R3_F3_m-1f-1_P3_Y-1_U116,R3_F3_m3f3_P3_Y0_UO782,FXX,2,31.063158401255194,1,0,1.0,0,0,0,-9999.0,0.875,1,P2_CV0,2,1,1,0,2
3,2532969.44,705413.5711,R3_F3_m3f3_P3_Y2_UO574,I3_F7_m-1f-1_P3_Y-1_U67,R3_F3_m3f3_P3_Y0_UO373,MXY,2,31.063158401255194,1,0,0.0,0,0,0,-9999.0,0.375,1,P2_CV0,2,0,2,2,0
3,2532969.44,705413.5711,R3_F3_m3f3_P3_Y2_UO671,R3_F3_m-1f-1_P3_Y-1_U100,R3_F3_m3f3_P3_Y0_UO203,MXY,2,31.063158401255194,1,0,0.0,0,0,0,-9999.0,0.375,1,P2_CV0,2,2,0,2,0
3,2532969.44,705413.5711,R3_F3_m3f3_P3_Y2_UO578,R3_F3_m3f3_P3_Y0_UO26,R3_F3_m3f3_P3_Y0_UO203,FXX,2,31.063158401255194,1,0,1.1,0,0,0,-9999.0,0.375,1,P2_CV0,2,1,1,2,0
3,2532969.44,705413.5711,R3_F3_m3f3_P3_Y2_UO459,R3_F3_m-1f-1_P3_Y-1_U53,R3_F3_m3f3_P3_Y0_UO80,FXX,2,31.063158401255194,1,0,0.0,0,0,0,-9999.0,0.75,1,P2_CV0,2,1,1,1,1
3,2532969.44,705413.5711,R3_F3_m3f3_P3_Y2_UO273,R3_F3_m-1f-1_P3_Y-1_U57,R3_F3_m-1f-1_P3_Y-1_U66,MXY,2,31.063158401255194,1,0,0.0,0,0,0,-9999.0,0.5,1,P2_CV0,2,0,2,0,2
3,2532969.44,705413.5711,R3_F3_m3f3_P3_Y2_UO503,R3_F3_m-1f-1_P3_Y-1_U82,R3_F3_m3f3_P3_Y0_UO204,MXY,2,31.063158401255194,1,0,0.0,0,0,0,-9999.0,0.125,1,P2_CV0,2,0,2,1,1
3,2532969.44,705413.5711,R3_F3_m3f3_P3_Y2_UO672,R3_F3_m-1f-1_P3_Y-1_U100,R3_F3_m3f3_P3_Y0_UO203,FXX,2,31.063158401255194,1,0,1.34,0,0,0,-9999.0,0.375,1,P2_CV0,2,1,1,1,1
3,2532969.44,705413.5711,R3_F3_m3f3_P3_Y2_UO624,R3_F3_m-1f-1_P3_Y-1_U82,R3_F3_m3f3_P3_Y0_UO204,MXY,2,31.063158401255194,1,0,0.0,0,0,0,-9999.0,0.125,1,P2_CV0,2,1,1,1,1
3,2532969.44,705413.5711,R3_F3_m3f3_P3_Y2_UO529,R3_F3_m-1f-1_P3_Y-1_U7,R3_F3_m3f3_P3_Y0_UO343,MXY,2,31.063158401255194,1,0,0.0,0,0,0,-9999.0,0.625,1,P2_CV0,2,0,2,2,0
3,2532969.44,705413.5711,R3_F3_m3f3_P3_Y2_UO5,R3_F3_m3f3_P3_Y0_UO60,R3_F3_m3f3_P3_Y0_UO347,FXX,2,31.063158401255194,1,0,0.0,0,0,0,-9999.0,0.625,1,P2_CV0,2,1,1,1,1
3,2532969.44,705413.5711,R3_F3_m3f3_P3_Y2_UO129,R3_F3_m-1f-1_P3_Y-1_U116,R3_F3_m3f3_P3_Y0_UO782,FXX,2,31.063158401255194,1,0,1.0,0,0,0,-9999.0,0.875,1,P2_CV0,2,2,0,2,0
3,2532969.44,705413.5711,R3_F3_m3f3_P3_Y2_UO185,R3_F3_m-1f-1_P3_Y-1_U57,R3_F3_m3f3_P3_Y0_UO349,FXX,2,31.063158401255194,1,0,1.175,0,0,0,-9999.0,0.375,1,P2_CV0,2,1,1,1,1
3,2532969.44,705413.5711,R3_F3_m3f3_P3_Y2_UO571,R3_F3_m-1f-1_P3_Y-1_U82,R3_F3_m3f3_P3_Y0_UO424,FXX,2,31.063158401255194,1,0,0.0,0,0,0,-9999.0,0.125,1,P2_CV0,2,0,2,1,1
3,2532969.44,705413.5711,R3_F3_m3f3_P3_Y2_UO669,R3_F3_m-1f-1_P3_Y-1_U100,R3_F3_m-1f-1_P3_Y-1_U27,FXX,2,31.063158401255194,1,0,2.488,0,0,0,-9999.0,0.5,1,P2_CV0,2,1,1,2,0
3,2532969.44,705413.5711,R3_F3_m3f3_P3_Y2_UO532,R3_F3_m-1f-1_P3_Y-1_U100,R3_F3_m-1f-1_P3_Y-1_U56,MXY,2,31.063158401255194,1,0,0.0,0,0,0,-9999.0,0.25,1,P2_CV0,2,1,1,0,2
3,2532969.44,705413.5711,R3_F3_m3f3_P3_Y2_UO570,R3_F3_m-1f-1_P3_Y-1_U82,R3_F3_m3f3_P3_Y0_UO424,FXX,2,31.063158401255194,1,0,1.0,0,0,0,-9999.0,0.125,1,P2_CV0,2,0,2,1,1
3,2532969.44,705413.5711,R3_F3_m3f3_P3_Y2_UO530,R3_F3_m-1f-1_P3_Y-1_U100,R3_F3_m-1f-1_P3_Y-1_U56,FXX,2,31.063158401255194,1,0,1.664,0,0,0,-9999.0,0.25,1,P2_CV0,2,0,2,0,2
3,2532969.44,705413.5711,R3_F3_m3f3_P3_Y2_UO223,R3_F3_m-1f-1_P3_Y-1_U51,R3_F3_m3f3_P3_Y0_UO475,MXY,2,31.063158401255194,1,0,0.0,0,0,0,-9999.0,0.75,1,P2_CV0,2,1,1,2,0
3,2532969.44,705413.5711,R3_F3_m3f3_P3_Y2_UO184,R3_F3_m3f3_P3_Y0_UO60,R3_F3_m3f3_P3_Y0_UO373,FXX,2,31.063158401255194,1,0,1.732,0,0,0,-9999.0,0.625,1,P2_CV0,2,0,2,2,0
3,2532969.44,705413.5711,R3_F3_m3f3_P3_Y2_UO446,R3_F3_m3f3_P3_Y0_UO389,R3_F3_m-1f-1_P3_Y-1_U66,FXX,2,31.063158401255194,1,0,0.0,0,0,0,-9999.0,0.5,1,P2_CV0,2,1,1,1,1
3,2532969.44,705413.5711,R3_F3_m3f3_P3_Y2_UO460,R3_F3_m-1f-1_P3_Y-1_U53,R3_F3_m3f3_P3_Y0_UO80,MXY,2,31.063158401255194,1,0,0.0,0,0,0,-9999.0,0.75,1,P2_CV0,2,2,0,1,1
3,2532969.44,705413.5711,R3_F3_m3f3_P3_Y2_UO708,RD3_F3_m-1f-1_P3_Y-1_U59,R3_F3_m3f3_P3_Y0_UO203,FXX,2,31.063158401255194,1,0,2.842,0,0,0,-9999.0,0.375,1,P2_CV0,2,1,1,1,1
3,2532969.44,705413.5711,I3_F7_m3f3_P3_Y2_UO576,R3_F3_m3f3_P3_Y0_UO26,R3_F3_m3f3_P3_Y0_UO203,FXX,2,31.069946922442828,1,0,0.0,0,0,0,-9999.0,0.375,1,P2_CV0,2,1,1,2,0
3,2532969.44,705413.5711,R3_F3_m3f3_P3_Y1_UO566,R3_F3_m-1f-1_P3_Y-1_U91,R3_F3_m-1f-1_P3_Y-1_U75,FXX,3,31.097960122431076,1,0,1.847,0,0,0,-9999.0,0.5,1,P2_CV0,2,2,0,2,0
3,2532969.44,705413.5711,R3_F3_m3f3_P3_Y1_UO44,R3_F3_m-1f-1_P3_Y-1_U109,R3_F3_m-1f-1_P3_Y-1_U48,FXX,3,31.097960122431076,1,0,0.0,0,0,0,-9999.0,0.75,1,P2_CV0,2,1,1,2,0
3,2532969.44,705413.5711,R3_F3_m3f3_P3_Y1_UO35,R3_F3_m-1f-1_P3_Y-1_U102,R3_F3_m-1f-1_P3_Y-1_U45,MXY,3,31.097960122431076,1,0,0.0,0,0,0,-9999.0,0.75,1,P2_CV0,2,2,0,1,1
3,2532969.44,705413.5711,R3_F3_m3f3_P3_Y1_UO567,R3_F3_m-1f-1_P3_Y-1_U91,R3_F3_m-1f-1_P3_Y-1_U75,FXX,3,31.097960122431076,1,0,1.161,0,0,0,-9999.0,0.5,1,P2_CV0,2,1,1,2,0
3,2532969.44,705413.5711,R3_F3_m3f3_P3_Y1_UO565,R3_F3_m-1f-1_P3_Y-1_U91,R3_F3_m-1f-1_P3_Y-1_U75,MXY,3,31.097960122431076,1,0,0.0,0,0,0,-9999.0,0.5,1,P2_CV0,2,1,1,2,0
3,2532969.44,705413.5711,R3_F3_m3f3_P3_Y1_UO450,R3_F3_m-1f-1_P3_Y-1_U93,R3_F3_m-1f-1_P3_Y-1_U68,MXY,3,31.097960122431076,1,0,0.0,0,0,0,-9999.0,0.75,1,P2_CV0,2,2,0,1,1
3,2532969.44,705413.5711,R3_F3_m3f3_P3_Y1_UO506,R3_F3_m-1f-1_P3_Y-1_U31,R3_F3_m-1f-1_P3_Y-1_U99,MXY,3,31.097960122431076,1,0,0.0,0,0,0,-9999.0,0.75,1,P2_CV0,2,1,1,2,0
3,2532969.44,705413.5711,R3_F3_m3f3_P3_Y1_UO16,R3_F3_m-1f-1_P3_Y-1_U35,R3_F3_m-1f-1_P3_Y-1_U2,FXX,3,31.097960122431076,1,0,2.054,0,0,0,-9999.0,0.5,1,P2_CV0,2,1,1,1,1
3,2532969.44,705413.5711,R3_F3_m3f3_P3_Y1_UO315,R3_F3_m-1f-1_P3_Y-1_U49,R3_F3_m-1f-1_P3_Y-1_U65,MXY,3,31.097960122431076,1,0,0.0,0,0,0,-9999.0,0.5,1,P2_CV0,2,0,2,1,1
3,2532969.44,705413.5711,R3_F3_m3f3_P3_Y1_UO331,R3_F3_m-1f-1_P3_Y-1_U63,R3_F3_m-1f-1_P3_Y-1_U56,MXY,3,31.097960122431076,1,0,0.0,0,0,0,-9999.0,0.0,1,P2_CV0,2,0,2,2,0
3,2532969.44,705413.5711,R3_F3_m3f3_P3_Y1_UO158,R3_F3_m-1f-1_P3_Y-1_U33,R3_F3_m-1f-1_P3_Y-1_U50,MXY,3,31.097960122431076,1,0,0.0,0,0,0,-9999.0,0.25,1,P2_CV0,2,1,1,1,1
3,2532969.44,705413.5711,R3_F3_m3f3_P3_Y1_UO451,R3_F3_m-1f-1_P3_Y-1_U93,R3_F3_m-1f-1_P3_Y-1_U68,MXY,3,31.097960122431076,1,0,0.0,0,0,0,-9999.0,0.75,1,P2_CV0,2,2,0,2,0
3,2532969.44,705413.5711,R3_F3_m3f3_P3_Y1_UO433,R3_F3_m-1f-1_P3_Y-1_U110,R3_F3_m-1f-1_P3_Y-1_U28,FXX,3,31.097960122431076,1,0,2.093,0,0,0,-9999.0,1.0,1,P2_CV0,2,1,1,2,0
3,2532969.44,705413.5711,R3_F3_m3f3_P3_Y1_UO144,R3_F3_m-1f-1_P3_Y-1_U18,R3_F3_m-1f-1_P3_Y-1_U29,FXX,3,31.097960122431076,1,0,2.209,0,0,0,-9999.0,0.25,1,P2_CV0,2,0,2,1,1
3,2532969.44,705413.5711,R3_F3_m3f3_P3_Y1_UO247,R3_F3_m-1f-1_P3_Y-1_U91,I3_F7_m-1f-1_P3_Y-1_U19,MXY,3,31.097960122431076,1,0,0.0,0,0,0,-9999.0,0.5,1,P2_CV0,2,1,1,2,0
3,2532969.44,705413.5711,R3_F3_m3f3_P3_Y1_UO504,R3_F3_m-1f-1_P3_Y-1_U31,R3_F3_m-1f-1_P3_Y-1_U99,FXX,3,31.097960122431076,1,0,1.0,0,0,0,-9999.0,0.75,1,P2_CV0,2,0,2,0,2
3,2532969.44,705413.5711,R3_F3_m3f3_P3_Y1_UO267,R3_F3_m-1f-1_P3_Y-1_U90,R3_F3_m-1f-1_P3_Y-1_U38,FXX,3,31.097960122431076,1,0,1.737,0,0,0,-9999.0,0.25,1,P2_CV0,2,1,1,1,1
3,2532969.44,705413.5711,R3_F3_m3f3_P3_Y1_UO393,R3_F3_m-1f-1_P3_Y-1_U14,R3_F3_m-1f-1_P3_Y-1_U94,FXX,3,31.097960122431076,1,0,1.607,0,0,0,-9999.0,0.5,1,P2_CV0,2,1,1,1,1
3,2532969.44,705413.5711,R3_F3_m3f3_P3_Y0_UO422,R3_F3_m-1f-1_P3_Y-1_U126,R3_F3_m-1f-1_P3_Y-1_U70,FXX,4,31.13035077299131,1,0,0.0,0,0,0,-9999.0,0.25,1,P2_CV0,2,0,2,1,1
3,2532969.44,705413.5711,R3_F3_m3f3_P3_Y0_UO344,R3_F3_m-1f-1_P3_Y-1_U3,R3_F3_m-1f-1_P3_Y-1_U20,MXY,4,31.13035077299131,1,0,0.0,0,0,0,-9999.0,0.75,1,P2_CV0,2,0,2,1,1
3,2532969.44,705413.5711,R3_F3_m3f3_P3_Y0_UO698,R3_F3_m-1f-1_P3_Y-1_U3,R3_F3_m-1f-1_P3_Y-1_U23,FXX,4,31.13035077299131,1,0,0.0,0,0,0,-9999.0,0.5,1,P2_CV0,2,2,0,2,0
3,2532969.44,705413.5711,R3_F3_m3f3_P3_Y0_UO576,R3_F3_m-1f-1_P3_Y-1_U49,R3_F3_m-1f-1_P3_Y-1_U19,MXY,4,31.13035077299131,1,0,0.0,0,0,0,-9999.0,1.0,1,P2_CV0,2,1,1,1,1
3,2532969.44,705413.5711,R3_F3_m3f3_P3_Y0_UO418,R3_F3_m-1f-1_P3_Y-1_U49,R3_F3_m-1f-1_P3_Y-1_U23,MXY,4,31.13035077299131,1,0,0.0,0,0,0,-9999.0,0.75,1,P2_CV0,2,1,1,2,0
3,2532969.44,705413.5711,R3_F3_m3f3_P3_Y0_UO424,R3_F3_m-1f-1_P3_Y-1_U126,R3_F3_m-1f-1_P3_Y-1_U70,MXY,4,31.13035077299131,1,0,0.0,0,0,0,-9999.0,0.25,1,P2_CV0,2,1,1,2,0
3,2532969.44,705413.5711,S3_F7_m3f3_P3_Y0_UO782,R3_F3_m-1f-1_P3_Y-1_U119,R3_F3_m-1f-1_P3_Y-1_U46,MXY,4,31.135481998017298,1,0,0.0,0,0,0,-9999.0,0.75,1,P2_CV0,2,1,1,1,1
3,2532969.44,705413.5711,R3_F3_m-1f-1_P3_Y-1_U117,-9999,-9999,FXX,5,31.123514161637484,1,0,0.0,0,0,0,-9999.0,0.0,1,P2_CV0,2,0,2,1,1
3,2532969.44,705413.5711,R3_F3_m-1f-1_P3_Y-1_U59,-9999,-9999,FXX,5,31.123514161637484,1,0,2.107,0,0,0,-9999.0,0.5,1,P2_CV0,2,1,1,0,2
3,2532969.44,705413.5711,R3_F3_m-1f-1_P3_Y-1_U116,-9999,-9999,FXX,5,31.123514161637484,1,0,0.0,0,0,0,-9999.0,1.0,1,P2_CV0,2,2,0,1,1
3,2532969.44,705413.5711,R3_F3_m-1f-1_P3_Y-1_U39,-9999,-9999,FXX,5,31.123514161637484,1,0,1.584,0,0,0,-9999.0,0.0,1,P2_CV0,2,0,2,1,1
3,2532969.44,705413.5711,R3_F3_m-1f-1_P3_Y-1_U56,-9999,-9999,MXY,5,31.123514161637484,1,0,0.0,0,0,0,-9999.0,0.0,1,P2_CV0,2,0,2,0,2
3,2532969.44,705413.5711,R3_F3_m-1f-1_P3_Y-1_U52,-9999,-9999,FXX,5,31.123514161637484,1,0,0.0,0,0,0,-9999.0,0.5,1,P2_CV0,2,1,1,0,2
3,2532969.44,705413.5711,R3_F3_m-1f-1_P3_Y-1_U98,-9999,-9999,MXY,5,31.123514161637484,1,0,0.0,0,0,0,-9999.0,0.5,1,P2_CV0,2,1,1,1,1
3,2532969.44,705413.5711,I3_F7_m-1f-1_P3_Y-1_U81,-9999,-9999,MXY,5,31.1274788198045,1,0,0.0,0,0,0,-9999.0,0.5,1,P2_CV0,2,1,1,1,1
3,2532969.44,705413.5711,RD3_F5_m5f5_P5_Y3_UO518,R5_F5_m5f5_P5_Y1_UO367,R5_F5_m5f5_P5_Y1_UO487,MXY,1,31.030415618454995,0,0,0.0,0,0,0,-9999.0,0.625,1,P4_CV0,2,1,1,0,2
4,2539041.489,728416.6747,R4_F4_m2f2_P2_Y2_UO202,R2_F2_m-1f-1_P2_Y-1_U16,R2_F2_m2f2_P2_Y0_UO443,MXY,2,85.81157031830489,1,0,0.0,0,0,0,-9999.0,0.5,1,P1_CV0,2,0,2,0,2
4,2539041.489,728416.6747,R4_F4_m4f4_P4_Y3_UO2,R4_F4_m4f4_P4_Y1_UO137,R4_F4_m-1f-1_P4_Y-1_U32,MXY,1,63.715448151596576,0,0,0.0,0,0,0,-9999.0,0.375,1,P3_CV0,2,1,1,1,1
4,2539041.489,728416.6747,R4_F4_m4f4_P4_Y3_UO3,R4_F4_m4f4_P4_Y1_UO137,R4_F4_m-1f-1_P4_Y-1_U32,MXY,1,63.715448151596576,0,0,0.0,0,0,0,-9999.0,0.375,1,P3_CV0,2,1,1,1,1
4,2539041.489,728416.6747,R4_F4_m4f4_P4_Y3_UO20,R4_F4_m4f4_P4_Y0_UO22,R4_F4_m4f4_P4_Y0_UO223,FXX,1,63.715448151596576,0,0,0.0,0,0,0,-9999.0,0.75,1,P3_CV0,2,1,1,1,1
4,2539041.489,728416.6747,R4_F4_m4f4_P4_Y3_UO38,R4_F4_m-1f-1_P4_Y-1_U15,R4_F4_m4f4_P4_Y0_UO221,FXX,1,63.715448151596576,0,0,0.0,0,0,0,-9999.0,0.625,1,P3_CV0,2,0,2,0,2
4,2539041.489,728416.6747,R4_F4_m4f4_P4_Y3_UO39,R4_F4_m-1f-1_P4_Y-1_U15,R4_F4_m4f4_P4_Y0_UO221,FXX,1,63.715448151596576,0,0,0.0,0,0,0,-9999.0,0.625,1,P3_CV0,2,1,1,0,2
4,2539041.489,728416.6747,R4_F4_m4f4_P4_Y3_UO88,R4_F4_m4f4_P4_Y1_UO384,R4_F4_m-1f-1_P4_Y-1_U103,MXY,1,63.715448151596576,0,0,0.0,0,0,0,-9999.0,0.125,1,P3_CV0,2,0,2,1,1
4,2539041.489,728416.6747,R4_F4_m4f4_P4_Y3_UO93,R4_F4_m-1f-1_P4_Y-1_U52,R4_F4_m4f4_P4_Y1_UO340,FXX,1,63.715448151596576,0,0,0.0,0,0,0,-9999.0,0.5,1,P3_CV0,2,2,0,1,1
4,2539041.489,728416.6747,R4_F4_m4f4_P4_Y3_UO94,R4_F4_m-1f-1_P4_Y-1_U52,R4_F4_m4f4_P4_Y1_UO340,MXY,1,63.715448151596576,0,0,0.0,0,0,0,-9999.0,0.5,1,P3_CV0,2,2,0,0,2
4,2539041.489,728416.6747,R4_F4_m4f4_P4_Y3_UO95,R4_F4_m-1f-1_P4_Y-1_U52,R4_F4_m4f4_P4_Y1_UO340,FXX,1,63.715448151596576,0,0,0.0,0,0,0,-9999.0,0.5,1,P3_CV0,2,2,0,1,1
4,2539041.489,728416.6747,R4_F4_m4f4_P4_Y3_UO97,R4_F4_m4f4_P4_Y0_UO566,R4_F4_m4f4_P4_Y0_UO739,FXX,1,63.715448151596576,0,0,0.0,0,0,0,-9999.0,0.25,1,P3_CV0,2,2,0,1,1
4,2539041.489,728416.6747,R4_F4_m4f4_P4_Y3_UO98,R4_F4_m4f4_P4_Y0_UO566,R4_F4_m4f4_P4_Y0_UO739,FXX,1,63.715448151596576,0,0,0.0,0,0,0,-9999.0,0.25,1,P3_CV0,2,0,2,1,1
4,2539041.489,728416.6747,R4_F4_m4f4_P4_Y3_UO99,R4_F4_m4f4_P4_Y0_UO566,R4_F4_m4f4_P4_Y0_UO739,FXX,1,63.715448151596576,0,0,0.0,0,0,0,-9999.0,0.25,1,P3_CV0,2,1,1,1,1
4,2539041.489,728416.6747,R4_F4_m4f4_P4_Y3_UO135,R4_F4_m-1f-1_P4_Y-1_U67,R4_F4_m4f4_P4_Y0_UO92,FXX,1,63.715448151596576,0,0,0.0,0,0,0,-9999.0,0.5,1,P3_CV0,2,2,0,0,2
4,2539041.489,728416.6747,R4_F4_m4f4_P4_Y3_UO136,R4_F4_m-1f-1_P4_Y-1_U67,R4_F4_m4f4_P4_Y0_UO92,FXX,1,63.715448151596576,0,0,0.0,0,0,0,-9999.0,0.5,1,P3_CV0,2,0,2,0,2
4,2539041.489,728416.6747,R4_F4_m4f4_P4_Y3_UO137,R4_F4_m-1f-1_P4_Y-1_U67,R4_F4_m4f4_P4_Y0_UO92,MXY,1,63.715448151596576,0,0,0.0,0,0,0,-9999.0,0.5,1,P3_CV0,2,2,0,0,2
4,2539041.489,728416.6747,R4_F4_m4f4_P4_Y3_UO138,R4_F4_m-1f-1_P4_Y-1_U67,R4_F4_m4f4_P4_Y0_UO92,MXY,1,63.715448151596576,0,0,0.0,0,0,0,-9999.0,0.5,1,P3_CV0,2,1,1,0,2
4,2539041.489,728416.6747,R4_F4_m4f4_P4_Y3_UO143,R4_F4_m4f4_P4_Y1_UO175,R4_F4_m4f4_P4_Y1_UO51,MXY,1,63.715448151596576,0,0,0.0,0,0,0,-9999.0,0.5,1,P3_CV0,2,1,1,1,1
4,2539041.489,728416.6747,R4_F4_m4f4_P4_Y3_UO144,R4_F4_m4f4_P4_Y1_UO175,R4_F4_m4f4_P4_Y1_UO51,FXX,1,63.715448151596576,0,0,0.0,0,0,0,-9999.0,0.5,1,P3_CV0,2,1,1,0,2
4,2539041.489,728416.6747,R4_F4_m4f4_P4_Y3_UO148,R4_F4_m4f4_P4_Y1_UO151,R4_F4_m4f4_P4_Y0_UO613,FXX,1,63.715448151596576,0,0,0.0,0,0,0,-9999.0,0.5,1,P3_CV0,2,1,1,1,1
4,2539041.489,728416.6747,R4_F4_m4f4_P4_Y3_UO149,R4_F4_m4f4_P4_Y1_UO151,R4_F4_m4f4_P4_Y0_UO613,FXX,1,63.715448151596576,0,0,0.0,0,0,0,-9999.0,0.5,1,P3_CV0,2,1,1,1,1
4,2539041.489,728416.6747,R4_F4_m4f4_P4_Y3_UO153,R4_F4_m4f4_P4_Y1_UO310,R4_F4_m4f4_P4_Y1_UO544,FXX,1,63.715448151596576,0,0,0.0,0,0,0,-9999.0,0.5,1,P3_CV0,2,0,2,1,1
4,2539041.489,728416.6747,R4_F4_m4f4_P4_Y3_UO169,R4_F4_m-1f-1_P4_Y-1_U52,R4_F4_m4f4_P4_Y0_UO23,FXX,1,63.715448151596576,0,0,0.0,0,0,0,-9999.0,0.625,1,P3_CV0,2,1,1,1,1
4,2539041.489,728416.6747,R4_F4_m4f4_P4_Y3_UO170,R4_F4_m-1f-1_P4_Y-1_U52,R4_F4_m4f4_P4_Y0_UO23,MXY,1,63.715448151596576,0,0,0.0,0,0,0,-9999.0,0.625,1,P3_CV0,2,1,1,0,2
4,2539041.489,728416.6747,R4_F4_m4f4_P4_Y3_UO171,R4_F4_m-1f-1_P4_Y-1_U52,R4_F4_m4f4_P4_Y0_UO23,FXX,1,63.715448151596576,0,0,0.0,0,0,0,-9999.0,0.625,1,P3_CV0,2,0,2,0,2
4,2539041.489,728416.6747,R4_F4_m4f4_P4_Y3_UO172,R4_F4_m-1f-1_P4_Y-1_U52,R4_F4_m4f4_P4_Y0_UO23,FXX,1,63.715448151596576,0,0,0.0,0,0,0,-9999.0,0.625,1,P3_CV0,2,1,1,0,2
4,2539041.489,728416.6747,R4_F4_m4f4_P4_Y3_UO184,R4_F4_m4f4_P4_Y1_UO137,R4_F4_m4f4_P4_Y1_UO258,FXX,1,63.715448151596576,0,0,0.0,0,0,0,-9999.0,0.5,1,P3_CV0,2,1,1,1,1
4,2539041.489,728416.6747,R4_F4_m4f4_P4_Y3_UO189,R4_F4_m-1f-1_P4_Y-1_U67,R4_F4_m-1f-1_P4_Y-1_U18,MXY,1,63.715448151596576,0,0,0.0,0,0,0,-9999.0,0.25,1,P3_CV0,2,1,1,0,2
4,2539041.489,728416.6747,R4_F4_m4f4_P4_Y3_UO190,R4_F4_m-1f-1_P4_Y-1_U67,R4_F4_m-1f-1_P4_Y-1_U18,FXX,1,63.715448151596576,0,0,0.0,0,0,0,-9999.0,0.25,1,P3_CV0,2,0,2,0,2
4,2539041.489,728416.6747,R4_F4_m4f4_P4_Y3_UO191,R4_F4_m-1f-1_P4_Y-1_U67,R4_F4_m-1f-1_P4_Y-1_U18,FXX,1,63.715448151596576,0,0,0.0,0,0,0,-9999.0,0.25,1,P3_CV0,2,0,2,0,2
4,2539041.489,728416.6747,R4_F4_m4f4_P4_Y3_UO192,R4_F4_m-1f-1_P4_Y-1_U67,R4_F4_m-1f-1_P4_Y-1_U18,FXX,1,63.715448151596576,0,0,0.0,0,0,0,-9999.0,0.25,1,P3_CV0,2,1,1,0,2
4,2539041.489,728416.6747,R4_F4_m4f4_P4_Y3_UO212,R4_F4_m4f4_P4_Y1_UO384,R4_F4_m4f4_P4_Y1_UO311,FXX,1,63.715448151596576,0,0,0.0,0,0,0,-9999.0,0.375,1,P3_CV0,2,1,1,1,1
4,2539041.489,728416.6747,R4_F4_m4f4_P4_Y3_UO215,R4_F4_m-1f-1_P4_Y-1_U124,R4_F4_m-1f-1_P4_Y-1_U16,MXY,1,63.715448151596576,0,0,0.0,0,0,0,-9999.0,0.25,1,P3_CV0,2,1,1,1,1
4,2539041.489,728416.6747,R4_F4_m4f4_P4_Y3_UO216,R4_F4_m-1f-1_P4_Y-1_U124,R4_F4_m-1f-1_P4_Y-1_U16,MXY,1,63.715448151596576,0,0,0.0,0,0,0,-9999.0,0.25,1,P3_CV0,2,1,1,1,1
4,2539041.489,728416.6747,R4_F4_m4f4_P4_Y3_UO219,R4_F4_m4f4_P4_Y1_UO342,R4_F4_m4f4_P4_Y0_UO221,MXY,1,63.715448151596576,0,0,0.0,0,0,0,-9999.0,0.625,1,P3_CV0,2,0,2,1,1
4,2539041.489,728416.6747,R4_F4_m4f4_P4_Y3_UO222,R4_F4_m4f4_P4_Y0_UO19,R4_F4_m4f4_P4_Y0_UO61,MXY,1,63.715448151596576,0,0,0.0,0,0,0,-9999.0,0.5,1,P3_CV0,2,1,1,1,1
4,2539041.489,728416.6747,R4_F4_m4f4_P4_Y3_UO223,R4_F4_m4f4_P4_Y0_UO19,R4_F4_m4f4_P4_Y0_UO61,FXX,1,63.715448151596576,0,0,0.0,0,0,0,-9999.0,0.5,1,P3_CV0,2,1,1,2,0
4,2539041.489,728416.6747,R4_F4_m4f4_P4_Y3_UO224,R4_F4_m4f4_P4_Y0_UO19,R4_F4_m4f4_P4_Y0_UO61,FXX,1,63.715448151596576,0,0,0.0,0,0,0,-9999.0,0.5,1,P3_CV0,2,1,1,2,0
4,2539041.489,728416.6747,R4_F4_m4f4_P4_Y3_UO252,R4_F4_m4f4_P4_Y1_UO463,R4_F4_m4f4_P4_Y1_UO165,FXX,1,63.715448151596576,0,0,0.0,0,0,0,-9999.0,0.5,1,P3_CV0,2,1,1,1,1
4,2539041.489,728416.6747,R4_F4_m4f4_P4_Y3_UO281,R4_F4_m4f4_P4_Y1_UO153,R4_F4_m4f4_P4_Y0_UO23,MXY,1,63.715448151596576,0,0,0.0,0,0,0,-9999.0,0.75,1,P3_CV0,2,1,1,1,1
4,2539041.489,728416.6747,R4_F4_m4f4_P4_Y3_UO282,R4_F4_m4f4_P4_Y0_UO17,R4_F4_m-1f-1_P4_Y-1_U18,MXY,1,63.715448151596576,0,0,0.0,0,0,0,-9999.0,0.375,1,P3_CV0,2,1,1,0,2
4,2539041.489,728416.6747,R4_F4_m4f4_P4_Y3_UO283,R4_F4_m4f4_P4_Y1_UO197,R4_F4_m4f4_P4_Y1_UO165,MXY,1,63.715448151596576,0,0,0.0,0,0,0,-9999.0,0.25,1,P3_CV0,2,0,2,2,0
4,2539041.489,728416.6747,R4_F4_m4f4_P4_Y3_UO284,R4_F4_m4f4_P4_Y1_UO197,R4_F4_m4f4_P4_Y1_UO165,FXX,1,63.715448151596576,0,0,0.0,0,0,0,-9999.0,0.25,1,P3_CV0,2,2,0,1,1
4,2539041.489,728416.6747,R4_F4_m4f4_P4_Y3_UO356,R4_F4_m-1f-1_P4_Y-1_U102,R4_F4_m4f4_P4_Y0_UO269,MXY,1,63.715448151596576,0,0,0.0,0,0,0,-9999.0,0.625,1,P3_CV0,2,2,0,2,0
4,2539041.489,728416.6747,R4_F4_m4f4_P4_Y3_UO357,R4_F4_m-1f-1_P4_Y-1_U102,R4_F4_m4f4_P4_Y0_UO269,MXY,1,63.715448151596576,0,0,0.0,0,0,0,-9999.0,0.625,1,P3_CV0,2,1,1,2,0
4,2539041.489,728416.6747,R4_F4_m4f4_P4_Y3_UO358,R4_F4_m-1f-1_P4_Y-1_U102,R4_F4_m4f4_P4_Y0_UO269,MXY,1,63.715448151596576,0,0,0.0,0,0,0,-9999.0,0.625,1,P3_CV0,2,0,2,1,1
4,2539041.489,728416.6747,R4_F4_m4f4_P4_Y3_UO359,R4_F4_m-1f-1_P4_Y-1_U52,R4_F4_m4f4_P4_Y0_UO270,FXX,1,63.715448151596576,0,0,0.0,0,0,0,-9999.0,0.625,1,P3_CV0,2,1,1,1,1
4,2539041.489,728416.6747,R4_F4_m4f4_P4_Y3_UO360,R4_F4_m-1f-1_P4_Y-1_U52,R4_F4_m4f4_P4_Y0_UO270,MXY,1,63.715448151596576,0,0,0.0,0,0,0,-9999.0,0.625,1,P3_CV0,2,1,1,2,0
4,2539041.489,728416.6747,R4_F4_m4f4_P4_Y3_UO361,R4_F4_m-1f-1_P4_Y-1_U52,R4_F4_m4f4_P4_Y0_UO270,MXY,1,63.715448151596576,0,0,0.0,0,0,0,-9999.0,0.625,1,P3_CV0,2,0,2,0,2
4,2539041.489,728416.6747,R4_F4_m4f4_P4_Y3_UO362,R4_F4_m-1f-1_P4_Y-1_U52,R4_F4_m4f4_P4_Y0_UO270,FXX,1,63.715448151596576,0,0,0.0,0,0,0,-9999.0,0.625,1,P3_CV0,2,0,2,2,0
4,2539041.489,728416.6747,R4_F4_m4f4_P4_Y3_UO378,R4_F4_m4f4_P4_Y1_UO197,R4_F4_m-1f-1_P4_Y-1_U88,MXY,1,63.715448151596576,0,0,0.0,0,0,0,-9999.0,0.5,1,P3_CV0,2,0,2,2,0
4,2539041.489,728416.6747,R4_F4_m4f4_P4_Y3_UO379,R4_F4_m4f4_P4_Y1_UO197,R4_F4_m-1f-1_P4_Y-1_U88,MXY,1,63.715448151596576,0,0,0.0,0,0,0,-9999.0,0.5,1,P3_CV0,2,0,2,2,0
4,2539041.489,728416.6747,R4_F4_m4f4_P4_Y3_UO384,R4_F4_m4f4_P4_Y0_UO566,R4_F4_m4f4_P4_Y1_UO584,MXY,1,63.715448151596576,0,0,0.0,0,0,0,-9999.0,0.5,1,P3_CV0,2,0,2,2,0
4,2539041.489,728416.6747,R4_F4_m4f4_P4_Y3_UO398,R4_F4_m4f4_P4_Y0_UO481,R4_F4_m-1f-1_P4_Y-1_U40,FXX,1,63.715448151596576,0,0,0.0,0,0,0,-9999.0,0.75,1,P3_CV0,2,1,1,0,2
4,2539041.489,728416.6747,R4_F4_m4f4_P4_Y3_UO399,R4_F4_m4f4_P4_Y0_UO481,R4_F4_m-1f-1_P4_Y-1_U40,MXY,1,63.715448151596576,0,0,0.0,0,0,0,-9999.0,0.75,1,P3_CV0,2,1,1,0,2
4,2539041.489,728416.6747,R4_F4_m4f4_P4_Y3_UO400,R4_F4_m4f4_P4_Y0_UO481,R4_F4_m-1f-1_P4_Y-1_U40,MXY,1,63.715448151596576,0,0,0.0,0,0,0,-9999.0,0.75,1,P3_CV0,2,1,1,0,2
4,2539041.489,728416.6747,R4_F4_m4f4_P4_Y3_UO444,R4_F4_m4f4_P4_Y1_UO384,R4_F4_m4f4_P4_Y0_UO615,FXX,1,63.715448151596576,0,0,0.0,0,0,0,-9999.0,0.25,1,P3_CV0,2,1,1,0,2
4,2539041.489,728416.6747,R4_F4_m4f4_P4_Y3_UO456,R4_F4_m4f4_P4_Y1_UO477,R4_F4_m4f4_P4_Y0_UO221,FXX,1,63.715448151596576,0,0,0.0,0,0,0,-9999.0,0.625,1,P3_CV0,2,0,2,2,0
4,2539041.489,728416.6747,R4_F4_m4f4_P4_Y3_UO476,R4_F4_m4f4_P4_Y1_UO151,R4_F4_m4f4_P4_Y0_UO485,FXX,1,63.715448151596576,0,0,0.0,0,0,0,-9999.0,0.625,1,P3_CV0,2,2,0,2,0
4,2539041.489,728416.6747,R4_F4_m4f4_P4_Y3_UO477,R4_F4_m4f4_P4_Y1_UO151,R4_F4_m4f4_P4_Y0_UO485,FXX,1,63.715448151596576,0,0,0.0,0,0,0,-9999.0,0.625,1,P3_CV0,2,2,0,2,0
4,2539041.489,728416.6747,R4_F4_m4f4_P4_Y3_UO482,R4_F4_m4f4_P4_Y1_UO384,R4_F4_m4f4_P4_Y0_UO70,FXX,1,63.715448151596576,0,0,0.0,0,0,0,-9999.0,0.25,1,P3_CV0,2,0,2,0,2
4,2539041.489,728416.6747,R4_F4_m4f4_P4_Y3_UO485,R4_F4_m4f4_P4_Y0_UO17,R4_F4_m-1f-1_P4_Y-1_U16,FXX,1,63.715448151596576,0,0,0.0,0,0,0,-9999.0,0.375,1,P3_CV0,2,0,2,2,0
4,2539041.489,728416.6747,R4_F4_m4f4_P4_Y3_UO486,R4_F4_m4f4_P4_Y0_UO17,R4_F4_m-1f-1_P4_Y-1_U16,FXX,1,63.715448151596576,0,0,0.0,0,0,0,-9999.0,0.375,1,P3_CV0,2,1,1,1,1
4,2539041.489,728416.6747,R4_F4_m4f4_P4_Y3_UO493,R4_F4_m4f4_P4_Y1_UO175,R4_F4_m4f4_P4_Y1_UO311,FXX,1,63.715448151596576,0,0,0.0,0,0,0,-9999.0,0.375,1,P3_CV0,2,1,1,2,0
4,2539041.489,728416.6747,R4_F4_m4f4_P4_Y3_UO496,R4_F4_m4f4_P4_Y1_UO90,R4_F4_m4f4_P4_Y0_UO92,FXX,1,63.715448151596576,0,0,0.0,0,0,0,-9999.0,0.5,1,P3_CV0,2,0,2,2,0
4,2539041.489,728416.6747,R4_F4_m4f4_P4_Y3_UO497,R4_F4_m4f4_P4_Y1_UO90,R4_F4_m4f4_P4_Y0_UO92,MXY,1,63.715448151596576,0,0,0.0,0,0,0,-9999.0,0.5,1,P3_CV0,2,0,2,2,0
4,2539041.489,728416.6747,R4_F4_m4f4_P4_Y3_UO515,R4_F4_m-1f-1_P4_Y-1_U67,R4_F4_m-1f-1_P4_Y-1_U134,MXY,1,63.715448151596576,0,0,0.0,0,0,0,-9999.0,0.75,1,P3_CV0,2,2,0,1,1
4,2539041.489,728416.6747,R4_F4_m4f4_P4_Y3_UO516,R4_F4_m-1f-1_P4_Y-1_U67,R4_F4_m-1f-1_P4_Y-1_U134,FXX,1,63.715448151596576,0,0,0.0,0,0,0,-9999.0,0.75,1,P3_CV0,2,1,1,1,1
4,2539041.489,728416.6747,R4_F4_m4f4_P4_Y3_UO517,R4_F4_m-1f-1_P4_Y-1_U67,R4_F4_m-1f-1_P4_Y-1_U134,FXX,1,63.715448151596576,0,0,0.0,0,0,0,-9999.0,0.75,1,P3_CV0,2,2,0,1,1
4,2539041.489,728416.6747,R4_F4_m4f4_P4_Y3_UO523,R4_F4_m-1f-1_P4_Y-1_U67,R4_F4_m4f4_P4_Y1_UO340,FXX,1,63.715448151596576,0,0,0.0,0,0,0,-9999.0,0.5,1,P3_CV0,2,2,0,0,2
4,2539041.489,728416.6747,R4_F4_m4f4_P4_Y3_UO524,R4_F4_m-1f-1_P4_Y-1_U67,R4_F4_m4f4_P4_Y1_UO340,FXX,1,63.715448151596576,0,0,0.0,0,0,0,-9999.0,0.5,1,P3_CV0,2,1,1,1,1
4,2539041.489,728416.6747,R4_F4_m4f4_P4_Y3_UO525,R4_F4_m-1f-1_P4_Y-1_U67,R4_F4_m4f4_P4_Y1_UO340,MXY,1,63.715448151596576,0,0,0.0,0,0,0,-9999.0,0.5,1,P3_CV0,2,2,0,0,2
4,2539041.489,728416.6747,R4_F4_m4f4_P4_Y3_UO528,R4_F4_m-1f-1_P4_Y-1_U67,R4_F4_m4f4_P4_Y1_UO136,FXX,1,63.715448151596576,0,0,0.0,0,0,0,-9999.0,0.375,1,P3_CV0,2,0,2,0,2
4,2539041.489,728416.6747,R4_F4_m4f4_P4_Y3_UO529,R4_F4_m-1f-1_P4_Y-1_U67,R4_F4_m4f4_P4_Y1_UO136,MXY,1,63.715448151596576,0,0,0.0,0,0,0,-9999.0,0.375,1,P3_CV0,2,0,2,0,2
4,2539041.489,728416.6747,R4_F4_m4f4_P4_Y3_UO530,R4_F4_m-1f-1_P4_Y-1_U67,R4_F4_m4f4_P4_Y1_UO136,FXX,1,63.715448151596576,0,0,0.0,0,0,0,-9999.0,0.375,1,P3_CV0,2,1,1,0,2
4,2539041.489,728416.6747,R4_F4_m4f4_P4_Y3_UO533,R4_F4_m-1f-1_P4_Y-1_U124,R4_F4_m4f4_P4_Y1_UO207,FXX,1,63.715448151596576,0,0,0.0,0,0,0,-9999.0,0.5,1,P3_CV0,2,0,2,2,0
4,2539041.489,728416.6747,R4_F4_m4f4_P4_Y3_UO534,R4_F4_m-1f-1_P4_Y-1_U124,R4_F4_m4f4_P4_Y1_UO207,FXX,1,63.715448151596576,0,0,0.0,0,0,0,-9999.0,0.5,1,P3_CV0,2,1,1,2,0
4,2539041.489,728416.6747,R4_F4_m4f4_P4_Y3_UO535,R4_F4_m-1f-1_P4_Y-1_U124,R4_F4_m4f4_P4_Y1_UO207,MXY,1,63.715448151596576,0,0,0.0,0,0,0,-9999.0,0.5,1,P3_CV0,2,0,2,2,0
4,2539041.489,728416.6747,R4_F4_m4f4_P4_Y3_UO541,R4_F4_m4f4_P4_Y1_UO384,R4_F4_m4f4_P4_Y0_UO269,MXY,1,63.715448151596576,0,0,0.0,0,0,0,-9999.0,0.5,1,P3_CV0,2,1,1,1,1
4,2539041.489,728416.6747,R4_F4_m4f4_P4_Y3_UO542,R4_F4_m4f4_P4_Y1_UO384,R4_F4_m4f4_P4_Y0_UO269,MXY,1,63.715448151596576,0,0,0.0,0,0,0,-9999.0,0.5,1,P3_CV0,2,2,0,1,1
4,2539041.489,728416.6747,R4_F4_m4f4_P4_Y3_UO547,R4_F4_m-1f-1_P4_Y-1_U15,R4_F4_m4f4_P4_Y0_UO739,FXX,1,63.715448151596576,0,0,0.0,0,0,0,-9999.0,0.375,1,P3_CV0,2,1,1,0,2
4,2539041.489,728416.6747,R4_F4_m4f4_P4_Y3_UO548,R4_F4_m-1f-1_P4_Y-1_U15,R4_F4_m4f4_P4_Y0_UO739,FXX,1,63.715448151596576,0,0,0.0,0,0,0,-9999.0,0.375,1,P3_CV0,2,1,1,0,2
4,2539041.489,728416.6747,R4_F4_m4f4_P4_Y3_UO549,R4_F4_m-1f-1_P4_Y-1_U15,R4_F4_m4f4_P4_Y0_UO739,FXX,1,63.715448151596576,0,0,0.0,0,0,0,-9999.0,0.375,1,P3_CV0,2,0,2,1,1
4,2539041.489,728416.6747,R4_F4_m4f4_P4_Y3_UO550,R4_F4_m-1f-1_P4_Y-1_U15,R4_F4_m4f4_P4_Y0_UO739,MXY,1,63.715448151596576,0,0,0.0,0,0,0,-9999.0,0.375,1,P3_CV0,2,0,2,0,2
4,2539041.489,728416.6747,R4_F4_m4f4_P4_Y3_UO562,R4_F4_m4f4_P4_Y0_UO454,R4_F4_m4f4_P4_Y1_UO340,MXY,1,63.715448151596576,0,0,0.0,0,0,0,-9999.0,0.375,1,P3_CV0,2,2,0,0,2
4,2539041.489,728416.6747,R4_F4_m4f4_P4_Y3_UO563,R4_F4_m4f4_P4_Y0_UO454,R4_F4_m4f4_P4_Y1_UO340,MXY,1,63.715448151596576,0,0,0.0,0,0,0,-9999.0,0.375,1,P3_CV0,2,2,0,0,2
4,2539041.489,728416.6747,R4_F4_m4f4_P4_Y3_UO564,R4_F4_m4f4_P4_Y1_UO176,R4_F4_m4f4_P4_Y1_UO556,FXX,1,63.715448151596576,0,0,0.0,0,0,0,-9999.0,0.5,1,P3_CV0,2,1,1,2,0
4,2539041.489,728416.6747,R4_F4_m4f4_P4_Y3_UO575,R4_F4_m4f4_P4_Y1_UO598,R4_F4_m4f4_P4_Y0_UO248,FXX,1,63.715448151596576,0,0,0.0,0,0,0,-9999.0,0.25,1,P3_CV0,2,0,2,0,2
4,2539041.489,728416.6747,R4_F4_m4f4_P4_Y3_UO576,R4_F4_m4f4_P4_Y1_UO598,R4_F4_m4f4_P4_Y0_UO248,FXX,1,63.715448151596576,0,0,0.0,0,0,0,-9999.0,0.25,1,P3_CV0,2,1,1,0,2
4,2539041.489,728416.6747,R4_F4_m4f4_P4_Y3_UO577,R4_F4_m4f4_P4_Y1_UO598,R4_F4_m4f4_P4_Y0_UO248,MXY,1,63.715448151596576,0,0,0.0,0,0,0,-9999.0,0.25,1,P3_CV0,2,1,1,1,1
4,2539041.489,728416.6747,R4_F4_m4f4_P4_Y3_UO578,R4_F4_m4f4_P4_Y0_UO19,R4_F4_m4f4_P4_Y0_UO485,MXY,1,63.715448151596576,0,0,0.0,0,0,0,-9999.0,0.625,1,P3_CV0,2,2,0,2,0
4,2539041.489,728416.6747,R4_F4_m4f4_P4_Y3_UO618,R4_F4_m4f4_P4_Y1_UO598,R4_F4_m-1f-1_P4_Y-1_U113,FXX,1,63.715448151596576,0,0,0.0,0,0,0,-9999.0,0.375,1,P3_CV0,2,0,2,1,1
4,2539041.489,728416.6747,R4_F4_m4f4_P4_Y3_UO619,R4_F4_m4f4_P4_Y1_UO598,R4_F4_m-1f-1_P4_Y-1_U113,FXX,1,63.715448151596576,0,0,0.0,0,0,0,-9999.0,0.375,1,P3_CV0,2,0,2,1,1
4,2539041.489,728416.6747,R4_F4_m4f4_P4_Y3_UO624,R4_F4_m4f4_P4_Y0_UO685,R4_F4_m4f4_P4_Y0_UO739,MXY,1,63.715448151596576,0,0,0.0,0,0,0,-9999.0,0.375,1,P3_CV0,2,1,1,0,2
4,2539041.489,728416.6747,R4_F4_m4f4_P4_Y3_UO625,R4_F4_m4f4_P4_Y0_UO685,R4_F4_m4f4_P4_Y0_UO739,MXY,1,63.715448151596576,0,0,0.0,0,0,0,-9999.0,0.375,1,P3_CV0,2,1,1,2,0
4,2539041.489,728416.6747,R4_F4_m4f4_P4_Y3_UO626,R4_F4_m4f4_P4_Y0_UO685,R4_F4_m4f4_P4_Y0_UO739,FXX,1,63.715448151596576,0,0,0.0,0,0,0,-9999.0,0.375,1,P3_CV0,2,0,2,1,1
4,2539041.489,728416.6747,R4_F4_m4f4_P4_Y3_UO628,R4_F4_m-1f-1_P4_Y-1_U15,R4_F4_m4f4_P4_Y0_UO733,FXX,1,63.715448151596576,0,0,0.0,0,0,0,-9999.0,0.375,1,P3_CV0,2,1,1,0,2
4,2539041.489,728416.6747,R4_F4_m4f4_P4_Y3_UO629,R4_F4_m-1f-1_P4_Y-1_U15,R4_F4_m4f4_P4_Y0_UO733,MXY,1,63.715448151596576,0,0,0.0,0,0,0,-9999.0,0.375,1,P3_CV0,2,2,0,0,2
4,2539041.489,728416.6747,R4_F4_m4f4_P4_Y3_UO634,R4_F4_m4f4_P4_Y0_UO19,R4_F4_m4f4_P4_Y1_UO165,FXX,1,63.715448151596576,0,0,0.0,0,0,0,-9999.0,0.375,1,P3_CV0,2,2,0,1,1
4,2539041.489,728416.6747,R4_F4_m4f4_P4_Y3_UO635,R4_F4_m4f4_P4_Y0_UO19,R4_F4_m4f4_P4_Y1_UO165,FXX,1,63.715448151596576,0,0,0.0,0,0,0,-9999.0,0.375,1,P3_CV0,2,1,1,2,0
4,2539041.489,728416.6747,R4_F4_m4f4_P4_Y2_UO464,R4_F4_m4f4_P4_Y0_UO65,R4_F4_m4f4_P4_Y0_UO92,MXY,2,85.78071212748031,1,0,0.0,0,0,0,-9999.0,0.375,1,P3_CV0,2,2,0,1,1
4,2539041.489,728416.6747,R4_F4_m4f4_P4_Y2_UO258,R4_F4_m-1f-1_P4_Y-1_U52,R4_F4_m-1f-1_P4_Y-1_U16,MXY,2,85.78071212748031,1,0,0.0,0,0,0,-9999.0,0.25,1,P3_CV0,2,0,2,0,2
4,2539041.489,728416.6747,R4_F4_m4f4_P4_Y2_UO498,R4_F4_m-1f-1_P4_Y-1_U29,R4_F4_m-1f-1_P4_Y-1_U73,FXX,2,85.78071212748031,1,0,3.237,0,0,0,-9999.0,0.5,1,P3_CV0,2,1,1,1,1
4,2539041.489,728416.6747,R4_F4_m4f4_P4_Y2_UO449,R4_F4_m4f4_P4_Y0_UO683,R4_F4_m-1f-1_P4_Y-1_U73,MXY,2,85.78071212748031,1,0,0.0,0,0,0,-9999.0,0.75,1,P3_CV0,2,1,1,1,1
4,2539041.489,728416.6747,R4_F4_m4f4_P4_Y2_UO604,R4_F4_m-1f-1_P4_Y-1_U14,R4_F4_m4f4_P4_Y0_UO70,FXX,2,85.78071212748031,1,0,1.689,0,0,0,-9999.0,0.625,1,P3_CV0,2,1,1,1,1
4,2539041.489,728416.6747,R4_F4_m4f4_P4_Y2_UO661,R4_F4_m-1f-1_P4_Y-1_U102,R4_F4_m4f4_P4_Y0_UO23,MXY,2,85.78071212748031,1,0,0.0,0,0,0,-9999.0,0.625,1,P3_CV0,2,0,2,1,1
4,2539041.489,728416.6747,R4_F4_m4f4_P4_Y2_UO451,R4_F4_m4f4_P4_Y0_UO683,R4_F4_m-1f-1_P4_Y-1_U73,FXX,2,85.78071212748031,1,0,2.858,0,0,0,-9999.0,0.75,1,P3_CV0,2,1,1,1,1
4,2539041.489,728416.6747,R4_F4_m4f4_P4_Y2_UO257,R4_F4_m-1f-1_P4_Y-1_U52,R4_F4_m-1f-1_P4_Y-1_U16,FXX,2,85.78071212748031,1,0,0.0,0,0,0,-9999.0,0.25,1,P3_CV0,2,1,1,0,2
4,2539041.489,728416.6747,R4_F4_m4f4_P4_Y2_UO356,R4_F4_m-1f-1_P4_Y-1_U102,R4_F4_m4f4_P4_Y0_UO223,FXX,2,85.78071212748031,1,0,0.0,0,0,0,-9999.0,0.625,1,P3_CV0,2,1,1,2,0
4,2539041.489,728416.6747,R4_F4_m4f4_P4_Y2_UO469,R4_F4_m4f4_P4_Y0_UO65,R4_F4_m4f4_P4_Y0_UO92,MXY,2,85.78071212748031,1,0,0.0,0,0,0,-9999.0,0.375,1,P3_CV0,2,2,0,2,0
4,2539041.489,728416.6747,R4_F4_m4f4_P4_Y2_UO136,R4_F4_m4f4_P4_Y0_UO17,R4_F4_m4f4_P4_Y0_UO222,FXX,2,85.78071212748031,1,0,1.915,0,0,0,-9999.0,0.75,1,P3_CV0,2,1,1,2,0
4,2539041.489,728416.6747,R4_F4_m4f4_P4_Y2_UO608,R4_F4_m-1f-1_P4_Y-1_U14,R4_F4_m4f4_P4_Y0_UO70,MXY,2,85.78071212748031,1,0,0.0,0,0,0,-9999.0,0.625,1,P3_CV0,2,2,0,0,2
4,2539041.489,728416.6747,R4_F4_m4f4_P4_Y2_UO495,R4_F4_m-1f-1_P4_Y-1_U29,R4_F4_m-1f-1_P4_Y-1_U73,FXX,2,85.78071212748031,1,0,1.749,0,0,0,-9999.0,0.5,1,P3_CV0,2,1,1,1,1
4,2539041.489,728416.6747,R4_F4_m4f4_P4_Y2_UO457,R4_F4_m4f4_P4_Y0_UO683,R4_F4_m-1f-1_P4_Y-1_U73,MXY,2,85.78071212748031,1,0,0.0,0,0,0,-9999.0,0.75,1,P3_CV0,2,2,0,1,1
4,2539041.489,728416.6747,R4_F4_m4f4_P4_Y2_UO467,R4_F4_m4f4_P4_Y0_UO65,R4_F4_m4f4_P4_Y0_UO92,MXY,2,85.78071212748031,1,0,0.0,0,0,0,-9999.0,0.375,1,P3_CV0,2,1,1,2,0
4,2539041.489,728416.6747,R4_F4_m4f4_P4_Y2_UO256,R4_F4_m-1f-1_P4_Y-1_U52,R4_F4_m-1f-1_P4_Y-1_U16,FXX,2,85.78071212748031,1,0,0.0,0,0,0,-9999.0,0.25,1,P3_CV0,2,0,2,2,0
4,2539041.489,728416.6747,R4_F4_m4f4_P4_Y2_UO57,R4_F4_m-1f-1_P4_Y-1_U52,R4_F4_m4f4_P4_Y0_UO222,MXY,2,85.78071212748031,1,0,0.0,0,0,0,-9999.0,0.625,1,P3_CV0,2,2,0,0,2
4,2539041.489,728416.6747,R4_F4_m4f4_P4_Y2_UO454,R4_F4_m4f4_P4_Y0_UO683,R4_F4_m-1f-1_P4_Y-1_U73,MXY,2,85.78071212748031,1,0,0.0,0,0,0,-9999.0,0.75,1,P3_CV0,2,2,0,2,0
4,2539041.489,728416.6747,R4_F4_m4f4_P4_Y2_UO334,R4_F4_m4f4_P4_Y0_UO19,R4_F4_m-1f-1_P4_Y-1_U23,FXX,2,85.78071212748031,1,0,0.0,0,0,0,-9999.0,0.625,1,P3_CV0,2,2,0,1,1
4,2539041.489,728416.6747,R4_F4_m4f4_P4_Y2_UO693,R4_F4_m4f4_P4_Y0_UO685,R4_F4_m-1f-1_P4_Y-1_U99,MXY,2,85.78071212748031,1,0,0.0,0,0,0,-9999.0,0.75,1,P3_CV0,2,1,1,2,0
4,2539041.489,728416.6747,R4_F4_m4f4_P4_Y2_UO687,R4_F4_m4f4_P4_Y0_UO754,R4_F4_m4f4_P4_Y0_UO248,MXY,2,85.78071212748031,1,0,0.0,0,0,0,-9999.0,0.625,1,P3_CV0,2,2,0,1,1
4,2539041.489,728416.6747,R4_F4_m4f4_P4_Y2_UO453,R4_F4_m4f4_P4_Y0_UO683,R4_F4_m-1f-1_P4_Y-1_U73,MXY,2,85.78071212748031,1,0,0.0,0,0,0,-9999.0,0.75,1,P3_CV0,2,1,1,2,0
4,2539041.489,728416.6747,R4_F4_m4f4_P4_Y2_UO424,R4_F4_m-1f-1_P4_Y-1_U67,R4_F4_m4f4_P4_Y0_UO615,FXX,2,85.78071212748031,1,0,2.8,0,0,0,-9999.0,0.375,1,P3_CV0,2,0,2,0,2
4,2539041.489,728416.6747,R4_F4_m4f4_P4_Y2_UO227,R4_F4_m-1f-1_P4_Y-1_U38,R4_F4_m4f4_P4_Y0_UO271,FXX,2,85.78071212748031,1,0,3.429,0,0,0,-9999.0,0.625,1,P3_CV0,2,0,2,2,0
4,2539041.489,728416.6747,R4_F4_m4f4_P4_Y2_UO452,R4_F4_m4f4_P4_Y0_UO683,R4_F4_m-1f-1_P4_Y-1_U73,FXX,2,85.78071212748031,1,0,0.0,0,0,0,-9999.0,0.75,1,P3_CV0,2,2,0,2,0
4,2539041.489,728416.6747,R4_F4_m4f4_P4_Y2_UO607,R4_F4_m-1f-1_P4_Y-1_U14,R4_F4_m4f4_P4_Y0_UO70,MXY,2,85.78071212748031,1,0,0.0,0,0,0,-9999.0,0.625,1,P3_CV0,2,1,1,0,2
4,2539041.489,728416.6747,R4_F4_m4f4_P4_Y2_UO450,R4_F4_m4f4_P4_Y0_UO683,R4_F4_m-1f-1_P4_Y-1_U73,FXX,2,85.78071212748031,1,0,0.0,0,0,0,-9999.0,0.75,1,P3_CV0,2,1,1,1,1
4,2539041.489,728416.6747,R4_F4_m4f4_P4_Y2_UO135,R4_F4_m4f4_P4_Y0_UO17,R4_F4_m4f4_P4_Y0_UO222,FXX,2,85.78071212748031,1,0,1.0,0,0,0,-9999.0,0.75,1,P3_CV0,2,1,1,0,2
4,2539041.489,728416.6747,R4_F4_m4f4_P4_Y2_UO500,R4_F4_m-1f-1_P4_Y-1_U29,R4_F4_m-1f-1_P4_Y-1_U73,FXX,2,85.78071212748031,1,0,2.733,0,0,0,-9999.0,0.5,1,P3_CV0,2,1,1,1,1
4,2539041.489,728416.6747,R4_F4_m4f4_P4_Y2_UO606,R4_F4_m-1f-1_P4_Y-1_U14,R4_F4_m4f4_P4_Y0_UO70,FXX,2,85.78071212748031,1,0,0.0,0,0,0,-9999.0,0.625,1,P3_CV0,2,1,1,1,1
4,2539041.489,728416.6747,R4_F4_m4f4_P4_Y2_UO304,R4_F4_m4f4_P4_Y0_UO683,R4_F4_m4f4_P4_Y0_UO92,MXY,2,85.78071212748031,1,0,0.0,0,0,0,-9999.0,0.5,1,P3_CV0,2,1,1,2,0
4,2539041.489,728416.6747,R4_F4_m4f4_P4_Y2_UO709,R4_F4_m4f4_P4_Y0_UO19,R4_F4_m4f4_P4_Y0_UO739,FXX,2,85.78071212748031,1,0,1.0,0,0,0,-9999.0,0.5,1,P3_CV0,2,1,1,2,0
4,2539041.489,728416.6747,R4_F4_m4f4_P4_Y2_UO137,R4_F4_m4f4_P4_Y0_UO17,R4_F4_m4f4_P4_Y0_UO222,FXX,2,85.78071212748031,1,0,1.019,0,0,0,-9999.0,0.75,1,P3_CV0,2,2,0,2,0
4,2539041.489,728416.6747,R4_F4_m4f4_P4_Y2_UO61,R4_F4_m-1f-1_P4_Y-1_U52,R4_F4_m4f4_P4_Y0_UO222,MXY,2,85.78071212748031,1,0,0.0,0,0,0,-9999.0,0.625,1,P3_CV0,2,0,2,1,1
4,2539041.489,728416.6747,R4_F4_m4f4_P4_Y2_UO308,R4_F4_m4f4_P4_Y0_UO754,R4_F4_m-1f-1_P4_Y-1_U73,MXY,2,85.78071212748031,1,0,0.0,0,0,0,-9999.0,1.0,1,P3_CV0,2,2,0,2,0
4,2539041.489,728416.6747,R4_F4_m4f4_P4_Y2_UO610,R4_F4_m-1f-1_P4_Y-1_U14,R4_F4_m4f4_P4_Y0_UO70,FXX,2,85.78071212748031,1,0,1.25,0,0,0,-9999.0,0.625,1,P3_CV0,2,2,0,1,1
4,2539041.489,728416.6747,R4_F4_m4f4_P4_Y2_UO58,R4_F4_m-1f-1_P4_Y-1_U52,R4_F4_m4f4_P4_Y0_UO222,MXY,2,85.78071212748031,1,0,0.0,0,0,0,-9999.0,0.625,1,P3_CV0,2,1,1,0,2
4,2539041.489,728416.6747,R4_F4_m4f4_P4_Y2_UO466,R4_F4_m4f4_P4_Y0_UO65,R4_F4_m4f4_P4_Y0_UO92,FXX,2,85.78071212748031,1,0,2.895,0,0,0,-9999.0,0.375,1,P3_CV0,2,2,0,1,1
4,2539041.489,728416.6747,R4_F4_m4f4_P4_Y2_UO343,R4_F4_m4f4_P4_Y0_UO683,R4_F4_m-1f-1_P4_Y-1_U134,MXY,2,85.78071212748031,1,0,0.0,0,0,0,-9999.0,0.75,1,P3_CV0,2,2,0,1,1
4,2539041.489,728416.6747,R4_F4_m4f4_P4_Y2_UO497,R4_F4_m-1f-1_P4_Y-1_U29,R4_F4_m-1f-1_P4_Y-1_U73,FXX,2,85.78071212748031,1,0,1.369,0,0,0,-9999.0,0.5,1,P3_CV0,2,1,1,1,1
4,2539041.489,728416.6747,R4_F4_m4f4_P4_Y2_UO710,R4_F4_m4f4_P4_Y0_UO19,R4_F4_m4f4_P4_Y0_UO739,MXY,2,85.78071212748031,1,0,0.0,0,0,0,-9999.0,0.5,1,P3_CV0,2,2,0,2,0
4,2539041.489,728416.6747,R4_F4_m4f4_P4_Y2_UO689,R4_F4_m4f4_P4_Y0_UO754,R4_F4_m4f4_P4_Y0_UO248,FXX,2,85.78071212748031,1,0,1.221,0,0,0,-9999.0,0.625,1,P3_CV0,2,1,1,1,1
4,2539041.489,728416.6747,R4_F4_m4f4_P4_Y2_UO711,R4_F4_m4f4_P4_Y0_UO19,R4_F4_m4f4_P4_Y0_UO739,FXX,2,85.78071212748031,1,0,0.0,0,0,0,-9999.0,0.5,1,P3_CV0,2,2,0,2,0
4,2539041.489,728416.6747,R4_F4_m4f4_P4_Y2_UO138,R4_F4_m4f4_P4_Y0_UO17,R4_F4_m4f4_P4_Y0_UO222,FXX,2,85.78071212748031,1,0,2.161,0,0,0,-9999.0,0.75,1,P3_CV0,2,1,1,2,0
4,2539041.489,728416.6747,R4_F4_m4f4_P4_Y2_UO502,R4_F4_m-1f-1_P4_Y-1_U29,R4_F4_m-1f-1_P4_Y-1_U73,MXY,2,85.78071212748031,1,0,0.0,0,0,0,-9999.0,0.5,1,P3_CV0,2,1,1,1,1
4,2539041.489,728416.6747,R4_F4_m4f4_P4_Y2_UO471,R4_F4_m4f4_P4_Y0_UO65,R4_F4_m4f4_P4_Y0_UO92,FXX,2,85.78071212748031,1,0,0.0,0,0,0,-9999.0,0.375,1,P3_CV0,2,2,0,2,0
4,2539041.489,728416.6747,R4_F4_m4f4_P4_Y2_UO358,R4_F4_m-1f-1_P4_Y-1_U102,R4_F4_m4f4_P4_Y0_UO223,FXX,2,85.78071212748031,1,0,0.0,0,0,0,-9999.0,0.625,1,P3_CV0,2,1,1,1,1
4,2539041.489,728416.6747,R4_F4_m4f4_P4_Y2_UO335,R4_F4_m4f4_P4_Y0_UO19,R4_F4_m-1f-1_P4_Y-1_U23,MXY,2,85.78071212748031,1,0,0.0,0,0,0,-9999.0,0.625,1,P3_CV0,2,2,0,1,1
4,2539041.489,728416.6747,R4_F4_m4f4_P4_Y2_UO333,R4_F4_m4f4_P4_Y0_UO19,R4_F4_m-1f-1_P4_Y-1_U23,FXX,2,85.78071212748031,1,0,1.165,0,0,0,-9999.0,0.625,1,P3_CV0,2,1,1,1,1
4,2539041.489,728416.6747,R4_F4_m4f4_P4_Y2_UO468,R4_F4_m4f4_P4_Y0_UO65,R4_F4_m4f4_P4_Y0_UO92,FXX,2,85.78071212748031,1,0,0.0,0,0,0,-9999.0,0.375,1,P3_CV0,2,2,0,1,1
4,2539041.489,728416.6747,R4_F4_m4f4_P4_Y2_UO60,R4_F4_m-1f-1_P4_Y-1_U52,R4_F4_m4f4_P4_Y0_UO222,FXX,2,85.78071212748031,1,0,1.963,0,0,0,-9999.0,0.625,1,P3_CV0,2,1,1,0,2
4,2539041.489,728416.6747,R4_F4_m4f4_P4_Y2_UO663,R4_F4_m-1f-1_P4_Y-1_U102,R4_F4_m4f4_P4_Y0_UO23,MXY,2,85.78071212748031,1,0,0.0,0,0,0,-9999.0,0.625,1,P3_CV0,2,1,1,1,1
4,2539041.489,728416.6747,R4_F4_m4f4_P4_Y2_UO496,R4_F4_m-1f-1_P4_Y-1_U29,R4_F4_m-1f-1_P4_Y-1_U73,MXY,2,85.78071212748031,1,0,0.0,0,0,0,-9999.0,0.5,1,P3_CV0,2,1,1,1,1
4,2539041.489,728416.6747,R4_F4_m4f4_P4_Y2_UO344,R4_F4_m4f4_P4_Y0_UO683,R4_F4_m-1f-1_P4_Y-1_U134,MXY,2,85.78071212748031,1,0,0.0,0,0,0,-9999.0,0.75,1,P3_CV0,2,1,1,1,1
4,2539041.489,728416.6747,R4_F4_m4f4_P4_Y2_UO228,R4_F4_m-1f-1_P4_Y-1_U38,R4_F4_m4f4_P4_Y0_UO271,FXX,2,85.78071212748031,1,0,1.0,0,0,0,-9999.0,0.625,1,P3_CV0,2,1,1,2,0
4,2539041.489,728416.6747,R4_F4_m4f4_P4_Y2_UO62,R4_F4_m-1f-1_P4_Y-1_U52,R4_F4_m4f4_P4_Y0_UO222,MXY,2,85.78071212748031,1,0,0.0,0,0,0,-9999.0,0.625,1,P3_CV0,2,2,0,0,2
4,2539041.489,728416.6747,R4_F4_m4f4_P4_Y2_UO139,R4_F4_m4f4_P4_Y0_UO17,R4_F4_m4f4_P4_Y0_UO222,FXX,2,85.78071212748031,1,0,1.0,0,0,0,-9999.0,0.75,1,P3_CV0,2,0,2,0,2
4,2539041.489,728416.6747,R4_F4_m4f4_P4_Y1_UO212,I4_F7_m-1f-1_P4_Y-1_U64,R4_F4_m-1f-1_P4_Y-1_U88,MXY,3,102.9736046767586,1,0,0.0,0,0,0,-9999.0,0.5,1,P3_CV0,2,2,0,1,1
4,2539041.489,728416.6747,R4_F4_m4f4_P4_Y1_UO490,R4_F4_m-1f-1_P4_Y-1_U129,R4_F4_m-1f-1_P4_Y-1_U72,FXX,3,102.9736046767586,1,0,1.369,0,0,0,-9999.0,0.75,1,P3_CV0,2,2,0,0,2
4,2539041.489,728416.6747,R4_F4_m4f4_P4_Y1_UO544,R4_F4_m-1f-1_P4_Y-1_U119,R4_F4_m-1f-1_P4_Y-1_U4,MXY,3,102.9736046767586,1,0,0.0,0,0,0,-9999.0,0.5,1,P3_CV0,2,1,1,0,2
4,2539041.489,728416.6747,R4_F4_m4f4_P4_Y1_UO311,R4_F4_m-1f-1_P4_Y-1_U114,R4_F4_m-1f-1_P4_Y-1_U133,MXY,3,102.9736046767586,1,0,0.0,0,0,0,-9999.0,0.5,1,P3_CV0,2,1,1,1,1
4,2539041.489,728416.6747,R4_F4_m4f4_P4_Y1_UO253,R4_F4_m-1f-1_P4_Y-1_U22,R4_F4_m-1f-1_P4_Y-1_U30,FXX,3,102.9736046767586,1,0,0.0,0,0,0,-9999.0,0.5,1,P3_CV0,2,1,1,1,1
4,2539041.489,728416.6747,R4_F4_m4f4_P4_Y1_UO390,R4_F4_m-1f-1_P4_Y-1_U91,R4_F4_m-1f-1_P4_Y-1_U126,FXX,3,102.9736046767586,1,0,0.0,0,0,0,-9999.0,1.0,1,P3_CV0,2,2,0,0,2
4,2539041.489,728416.6747,R4_F4_m4f4_P4_Y1_UO208,R4_F4_m-1f-1_P4_Y-1_U29,R4_F4_m-1f-1_P4_Y-1_U36,FXX,3,102.9736046767586,1,0,1.904,0,0,0,-9999.0,0.5,1,P3_CV0,2,2,0,0,2
4,2539041.489,728416.6747,R4_F4_m4f4_P4_Y1_UO477,R4_F4_m-1f-1_P4_Y-1_U129,R4_F4_m-1f-1_P4_Y-1_U109,FXX,3,102.9736046767586,1,0,1.716,0,0,0,-9999.0,0.5,1,P3_CV0,2,0,2,1,1
4,2539041.489,728416.6747,R4_F4_m4f4_P4_Y1_UO117,R4_F4_m-1f-1_P4_Y-1_U92,R4_F4_m-1f-1_P4_Y-1_U109,MXY,3,102.9736046767586,1,0,0.0,0,0,0,-9999.0,0.25,1,P3_CV0,2,0,2,1,1
4,2539041.489,728416.6747,R4_F4_m4f4_P4_Y1_UO175,R4_F4_m-1f-1_P4_Y-1_U58,R4_F4_m-1f-1_P4_Y-1_U11,FXX,3,102.9736046767586,1,0,0.0,0,0,0,-9999.0,0.25,1,P3_CV0,2,0,2,1,1
4,2539041.489,728416.6747,R4_F4_m4f4_P4_Y1_UO380,R4_F4_m-1f-1_P4_Y-1_U43,R4_F4_m-1f-1_P4_Y-1_U97,MXY,3,102.9736046767586,1,0,0.0,0,0,0,-9999.0,0.5,1,P3_CV0,2,2,0,1,1
4,2539041.489,728416.6747,R4_F4_m4f4_P4_Y1_UO90,R4_F4_m-1f-1_P4_Y-1_U38,R4_F4_m-1f-1_P4_Y-1_U108,FXX,3,102.9736046767586,1,0,1.0,0,0,0,-9999.0,0.5,1,P3_CV0,2,1,1,1,1
4,2539041.489,728416.6747,R4_F4_m4f4_P4_Y1_UO136,R4_F4_m-1f-1_P4_Y-1_U10,R4_F4_m-1f-1_P4_Y-1_U48,MXY,3,102.9736046767586,1,0,0.0,0,0,0,-9999.0,0.25,1,P3_CV0,2,0,2,1,1
4,2539041.489,728416.6747,R4_F4_m4f4_P4_Y1_UO340,R4_F4_m-1f-1_P4_Y-1_U22,R4_F4_m-1f-1_P4_Y-1_U0,MXY,3,102.9736046767586,1,0,0.0,0,0,0,-9999.0,0.5,1,P3_CV0,2,2,0,1,1
4,2539041.489,728416.6747,R4_F4_m4f4_P4_Y1_UO280,R4_F4_m-1f-1_P4_Y-1_U66,R4_F4_m-1f-1_P4_Y-1_U42,MXY,3,102.9736046767586,1,0,0.0,0,0,0,-9999.0,0.0,1,P3_CV0,2,0,2,0,2
4,2539041.489,728416.6747,R4_F4_m4f4_P4_Y1_UO153,R4_F4_m-1f-1_P4_Y-1_U54,R4_F4_m-1f-1_P4_Y-1_U47,FXX,3,102.9736046767586,1,0,0.0,0,0,0,-9999.0,0.75,1,P3_CV0,2,0,2,1,1
4,2539041.489,728416.6747,R4_F4_m4f4_P4_Y0_UO490,R4_F4_m-1f-1_P4_Y-1_U104,R4_F4_m-1f-1_P4_Y-1_U30,FXX,4,110.14951358906316,1,0,1.0,0,0,0,-9999.0,0.5,1,P3_CV0,2,1,1,1,1
4,2539041.489,728416.6747,R4_F4_m4f4_P4_Y0_UO739,R4_F4_m-1f-1_P4_Y-1_U29,R4_F4_m-1f-1_P4_Y-1_U98,MXY,4,110.14951358906316,1,0,0.0,0,0,0,-9999.0,0.25,1,P3_CV0,2,1,1,1,1
4,2539041.489,728416.6747,R4_F4_m4f4_P4_Y0_UO246,R4_F4_m-1f-1_P4_Y-1_U130,R4_F4_m-1f-1_P4_Y-1_U116,MXY,4,110.14951358906316,1,0,0.0,0,0,0,-9999.0,0.25,1,P3_CV0,2,2,0,1,1
4,2539041.489,728416.6747,R4_F4_m4f4_P4_Y0_UO737,R4_F4_m-1f-1_P4_Y-1_U29,R4_F4_m-1f-1_P4_Y-1_U98,MXY,4,110.14951358906316,1,0,0.0,0,0,0,-9999.0,0.25,1,P3_CV0,2,1,1,2,0
4,2539041.489,728416.6747,R4_F4_m4f4_P4_Y0_UO271,R4_F4_m-1f-1_P4_Y-1_U71,R4_F4_m-1f-1_P4_Y-1_U99,MXY,4,110.14951358906316,1,0,0.0,0,0,0,-9999.0,0.75,1,P3_CV0,2,1,1,2,0
4,2539041.489,728416.6747,R4_F4_m4f4_P4_Y0_UO248,R4_F4_m-1f-1_P4_Y-1_U130,R4_F4_m-1f-1_P4_Y-1_U116,MXY,4,110.14951358906316,1,0,0.0,0,0,0,-9999.0,0.25,1,P3_CV0,2,1,1,0,2
4,2539041.489,728416.6747,R4_F4_m4f4_P4_Y0_UO295,R4_F4_m-1f-1_P4_Y-1_U1,R4_F4_m-1f-1_P4_Y-1_U16,FXX,4,110.14951358906316,1,0,2.465,0,0,0,-9999.0,0.0,1,P3_CV0,2,2,0,1,1
4,2539041.489,728416.6747,R4_F4_m4f4_P4_Y0_UO481,R4_F4_m-1f-1_P4_Y-1_U104,R4_F4_m-1f-1_P4_Y-1_U30,FXX,4,110.14951358906316,1,0,0.0,0,0,0,-9999.0,0.5,1,P3_CV0,2,1,1,0,2
4,2539041.489,728416.6747,R4_F4_m-1f-1_P4_Y-1_U52,-9999,-9999,FXX,5,123.0002522988425,1,0,0.0,0,0,0,-9999.0,0.5,1,P3_CV0,2,1,1,1,1
4,2539041.489,728416.6747,R4_F4_m-1f-1_P4_Y-1_U15,-9999,-9999,FXX,5,123.0002522988425,1,0,1.995,0,0,0,-9999.0,0.5,1,P3_CV0,2,1,1,0,2
4,2539041.489,728416.6747,R4_F4_m-1f-1_P4_Y-1_U32,-9999,-9999,MXY,5,123.0002522988425,1,0,0.0,0,0,0,-9999.0,0.5,1,P3_CV0,2,1,1,2,0
4,2539041.489,728416.6747,R4_F4_m-1f-1_P4_Y-1_U88,-9999,-9999,MXY,5,123.0002522988425,1,0,0.0,0,0,0,-9999.0,0.5,1,P3_CV0,2,1,1,2,0
4,2539041.489,728416.6747,R4_F4_m5f5_P5_Y2_UO268,RD5_F4_m-1f-1_P4_Y-1_U43,R5_F5_m5f5_P5_Y0_UO49,FXX,2,85.79378744917788,1,0,2.829,0,0,0,-9999.0,0.5,1,P4_CV0,2,0,2,1,1
5,2535011.582,720257.8531,R5_F5_m5f5_P5_Y3_UO470,RD5_F1_m1f1_P1_Y1_UO518,R5_F5_m5f5_P5_Y0_UO49,MXY,1,56.51306607459426,0,0,0.0,0,0,0,-9999.0,0.375,1,P0_CV0,3,2,0,2,0
5,2535011.582,720257.8531,R5_F5_m5f5_P5_Y3_UO472,RD5_F1_m1f1_P1_Y1_UO518,R5_F5_m5f5_P5_Y0_UO49,FXX,1,56.51306607459426,0,0,0.0,0,0,0,-9999.0,0.375,1,P0_CV0,3,1,1,1,1
5,2535011.582,720257.8531,R5_F5_m5f5_P5_Y3_UO125,R5_F5_m5f5_P5_Y0_UO583,R5_F5_m-1f-1_P3_Y-1_U0,FXX,1,56.51306607459426,0,0,0.0,0,0,0,-9999.0,0.625,1,P2_CV0,3,2,0,2,0
5,2535011.582,720257.8531,R5_F5_m5f5_P5_Y3_UO200,R5_F5_m-1f-1_P5_Y-1_U56,R5_F5_m-1f-1_P3_Y-1_U61,MXY,1,56.51306607459426,0,0,0.0,0,0,0,-9999.0,0.25,1,P2_CV0,3,1,1,2,0
5,2535011.582,720257.8531,R5_F5_m5f5_P5_Y3_UO201,R5_F5_m-1f-1_P5_Y-1_U56,R5_F5_m-1f-1_P3_Y-1_U61,FXX,1,56.51306607459426,0,0,0.0,0,0,0,-9999.0,0.25,1,P2_CV0,3,0,2,1,1
5,2535011.582,720257.8531,R5_F5_m5f5_P5_Y3_UO202,R5_F5_m-1f-1_P5_Y-1_U56,R5_F5_m-1f-1_P3_Y-1_U61,MXY,1,56.51306607459426,0,0,0.0,0,0,0,-9999.0,0.25,1,P2_CV0,3,1,1,1,1
5,2535011.582,720257.8531,R5_F5_m5f5_P5_Y3_UO612,R5_F5_m5f5_P5_Y1_UO54,R5_F5_m5f5_P5_Y1_UO368,FXX,1,56.51306607459426,0,0,0.0,0,0,0,-9999.0,0.75,1,P2_CV0,3,2,0,1,1
5,2535011.582,720257.8531,R5_F5_m5f5_P5_Y3_UO622,R5_F5_m5f5_P5_Y0_UO175,R5_F5_m-1f-1_P3_Y-1_U0,FXX,1,56.51306607459426,0,0,0.0,0,0,0,-9999.0,0.625,1,P2_CV0,3,1,1,2,0
5,2535011.582,720257.8531,R5_F5_m5f5_P5_Y3_UO630,R5_F5_m5f5_P5_Y0_UO182,R5_F5_m-1f-1_P3_Y-1_U61,MXY,1,56.51306607459426,0,0,0.0,0,0,0,-9999.0,0.125,1,P2_CV0,3,0,2,1,1
5,2535011.582,720257.8531,R5_F5_m5f5_P5_Y2_UO50,RD5_F6_m-1f-1_P6_Y-1_U46,RD5_F3_m-1f-1_P3_Y-1_U61,FXX,2,83.02073361981671,1,0,1.315,0,0,0,-9999.0,0.25,1,P2_CV0,3,0,2,1,1
5,2535011.582,720257.8531,R5_F5_m3f3_P3_Y2_UO667,R3_F3_m-1f-1_P3_Y-1_U100,R3_F3_m-1f-1_P3_Y-1_U27,FXX,2,83.03244255102358,1,0,1.621,0,0,0,-9999.0,0.5,1,P2_CV0,3,1,1,2,0
5,2535011.582,720257.8531,R5_F5_m5f5_P5_Y2_UO493,R5_F5_m5f5_P5_Y0_UO178,R5_F5_m-1f-1_P3_Y-1_U0,FXX,2,83.02073361981671,1,0,1.0,0,0,0,-9999.0,0.25,1,P2_CV0,3,0,2,1,1
5,2535011.582,720257.8531,R5_F5_m5f5_P5_Y2_UO282,R5_F5_m5f5_P5_Y0_UO54,R5_F5_m3f3_P3_Y0_UO374,FXX,2,83.02073361981671,1,0,1.631,0,0,0,-9999.0,0.625,1,P2_CV0,3,2,0,1,1
5,2535011.582,720257.8531,R5_F5_m5f5_P5_Y1_UO368,R5_F5_m-1f-1_P5_Y-1_U46,RD5_F3_m-1f-1_P3_Y-1_U0,MXY,3,109.36729738287386,1,0,0.0,0,0,0,-9999.0,0.75,1,P2_CV0,3,2,0,2,0
5,2535011.582,720257.8531,RD5_F4_m4f4_P4_Y3_UO19,R4_F4_m4f4_P4_Y0_UO22,R4_F4_m4f4_P4_Y0_UO223,FXX,1,56.48907182338566,0,0,0.0,0,0,0,-9999.0,0.75,1,P3_CV0,3,0,2,1,1
5,2535011.582,720257.8531,R5_F5_m5f5_P5_Y2_UO260,RD5_F4_m-1f-1_P4_Y-1_U43,R5_F5_m5f5_P5_Y0_UO49,FXX,2,83.02073361981671,1,0,0.0,0,0,0,-9999.0,0.5,1,P3_CV0,3,1,1,1,1
5,2535011.582,720257.8531,R5_F5_m5f5_P5_Y3_UO40,R5_F5_m5f5_P5_Y1_UO454,R5_F5_m5f5_P5_Y0_UO12,MXY,1,56.51306607459426,0,0,0.0,0,0,0,-9999.0,0.375,1,P4_CV0,3,1,1,1,1
5,2535011.582,720257.8531,R5_F5_m5f5_P5_Y3_UO41,R5_F5_m5f5_P5_Y1_UO375,R5_F5_m-1f-1_P5_Y-1_U117,FXX,1,56.51306607459426,0,0,0.0,0,0,0,-9999.0,0.375,1,P4_CV0,3,1,1,2,0
5,2535011.582,720257.8531,R5_F5_m5f5_P5_Y3_UO42,R5_F5_m5f5_P5_Y1_UO375,R5_F5_m-1f-1_P5_Y-1_U117,FXX,1,56.51306607459426,0,0,0.0,0,0,0,-9999.0,0.375,1,P4_CV0,3,0,2,2,0
5,2535011.582,720257.8531,R5_F5_m5f5_P5_Y3_UO80,R5_F5_m5f5_P5_Y0_UO723,R5_F5_m5f5_P5_Y1_UO424,FXX,1,56.51306607459426,0,0,0.0,0,0,0,-9999.0,0.625,1,P4_CV0,3,1,1,0,2
5,2535011.582,720257.8531,R5_F5_m5f5_P5_Y3_UO81,R5_F5_m5f5_P5_Y0_UO723,R5_F5_m5f5_P5_Y1_UO424,MXY,1,56.51306607459426,0,0,0.0,0,0,0,-9999.0,0.625,1,P4_CV0,3,2,0,0,2
5,2535011.582,720257.8531,R5_F5_m5f5_P5_Y3_UO82,R5_F5_m5f5_P5_Y0_UO723,R5_F5_m5f5_P5_Y1_UO424,MXY,1,56.51306607459426,0,0,0.0,0,0,0,-9999.0,0.625,1,P4_CV0,3,1,1,1,1
5,2535011.582,720257.8531,R5_F5_m5f5_P5_Y3_UO83,R5_F5_m5f5_P5_Y0_UO723,R5_F5_m5f5_P5_Y1_UO424,FXX,1,56.51306607459426,0,0,0.0,0,0,0,-9999.0,0.625,1,P4_CV0,3,1,1,2,0
5,2535011.582,720257.8531,R5_F5_m5f5_P5_Y3_UO84,R5_F5_m5f5_P5_Y0_UO723,R5_F5_m5f5_P5_Y1_UO424,FXX,1,56.51306607459426,0,0,0.0,0,0,0,-9999.0,0.625,1,P4_CV0,3,1,1,1,1
5,2535011.582,720257.8531,R5_F5_m5f5_P5_Y3_UO100,R5_F5_m5f5_P5_Y1_UO265,R5_F5_m5f5_P5_Y0_UO177,FXX,1,56.51306607459426,0,0,0.0,0,0,0,-9999.0,0.125,1,P4_CV0,3,2,0,0,2
5,2535011.582,720257.8531,R5_F5_m5f5_P5_Y3_UO101,R5_F5_m5f5_P5_Y1_UO265,R5_F5_m5f5_P5_Y0_UO177,FXX,1,56.51306607459426,0,0,0.0,0,0,0,-9999.0,0.125,1,P4_CV0,3,1,1,2,0
5,2535011.582,720257.8531,R5_F5_m5f5_P5_Y3_UO102,R5_F5_m5f5_P5_Y1_UO265,R5_F5_m5f5_P5_Y0_UO177,FXX,1,56.51306607459426,0,0,0.0,0,0,0,-9999.0,0.125,1,P4_CV0,3,1,1,1,1
5,2535011.582,720257.8531,R5_F5_m5f5_P5_Y3_UO103,R5_F5_m5f5_P5_Y0_UO52,R5_F5_m5f5_P5_Y1_UO536,MXY,1,56.51306607459426,0,0,0.0,0,0,0,-9999.0,0.5,1,P4_CV0,3,1,1,1,1
5,2535011.582,720257.8531,R5_F5_m5f5_P5_Y3_UO104,R5_F5_m5f5_P5_Y1_UO223,R5_F5_m5f5_P5_Y1_UO276,MXY,1,56.51306607459426,0,0,0.0,0,0,0,-9999.0,0.5,1,P4_CV0,3,1,1,0,2
5,2535011.582,720257.8531,R5_F5_m5f5_P5_Y3_UO105,R5_F5_m5f5_P5_Y1_UO375,R5_F5_m-1f-1_P5_Y-1_U103,FXX,1,56.51306607459426,0,0,0.0,0,0,0,-9999.0,0.625,1,P4_CV0,3,1,1,1,1
5,2535011.582,720257.8531,R5_F5_m5f5_P5_Y3_UO106,R5_F5_m5f5_P5_Y1_UO375,R5_F5_m-1f-1_P5_Y-1_U103,MXY,1,56.51306607459426,0,0,0.0,0,0,0,-9999.0,0.625,1,P4_CV0,3,1,1,2,0
5,2535011.582,720257.8531,R5_F5_m5f5_P5_Y3_UO108,R5_F5_m5f5_P5_Y1_UO265,R5_F5_m-1f-1_P5_Y-1_U1,FXX,1,56.51306607459426,0,0,0.0,0,0,0,-9999.0,0.625,1,P4_CV0,3,1,1,1,1
5,2535011.582,720257.8531,R5_F5_m5f5_P5_Y3_UO109,R5_F5_m5f5_P5_Y1_UO265,R5_F5_m-1f-1_P5_Y-1_U1,FXX,1,56.51306607459426,0,0,0.0,0,0,0,-9999.0,0.625,1,P4_CV0,3,2,0,2,0
5,2535011.582,720257.8531,R5_F5_m5f5_P5_Y3_UO110,R5_F5_m5f5_P5_Y1_UO265,R5_F5_m-1f-1_P5_Y-1_U1,FXX,1,56.51306607459426,0,0,0.0,0,0,0,-9999.0,0.625,1,P4_CV0,3,1,1,2,0
5,2535011.582,720257.8531,R5_F5_m5f5_P5_Y3_UO122,R5_F5_m5f5_P5_Y1_UO202,R5_F5_m5f5_P5_Y1_UO255,FXX,1,56.51306607459426,0,0,0.0,0,0,0,-9999.0,0.75,1,P4_CV0,3,2,0,2,0
5,2535011.582,720257.8531,R5_F5_m5f5_P5_Y3_UO123,R5_F5_m5f5_P5_Y1_UO202,R5_F5_m5f5_P5_Y1_UO255,MXY,1,56.51306607459426,0,0,0.0,0,0,0,-9999.0,0.75,1,P4_CV0,3,2,0,2,0
5,2535011.582,720257.8531,R5_F5_m5f5_P5_Y3_UO124,R5_F5_m5f5_P5_Y1_UO202,R5_F5_m5f5_P5_Y1_UO255,FXX,1,56.51306607459426,0,0,0.0,0,0,0,-9999.0,0.75,1,P4_CV0,3,2,0,2,0
5,2535011.582,720257.8531,R5_F5_m5f5_P5_Y3_UO126,R5_F5_m5f5_P5_Y1_UO219,R5_F5_m5f5_P5_Y1_UO224,FXX,1,56.51306607459426,0,0,0.0,0,0,0,-9999.0,0.875,1,P4_CV0,3,2,0,0,2
5,2535011.582,720257.8531,R5_F5_m5f5_P5_Y3_UO164,R5_F5_m-1f-1_P5_Y-1_U127,R5_F5_m-1f-1_P5_Y-1_U119,MXY,1,56.51306607459426,0,0,0.0,0,0,0,-9999.0,0.5,1,P4_CV0,3,1,1,2,0
5,2535011.582,720257.8531,R5_F5_m5f5_P5_Y3_UO165,R5_F5_m-1f-1_P5_Y-1_U127,R5_F5_m-1f-1_P5_Y-1_U119,MXY,1,56.51306607459426,0,0,0.0,0,0,0,-9999.0,0.5,1,P4_CV0,3,1,1,2,0
5,2535011.582,720257.8531,R5_F5_m5f5_P5_Y3_UO166,R5_F5_m-1f-1_P5_Y-1_U127,R5_F5_m-1f-1_P5_Y-1_U119,FXX,1,56.51306607459426,0,0,0.0,0,0,0,-9999.0,0.5,1,P4_CV0,3,1,1,2,0
5,2535011.582,720257.8531,R5_F5_m5f5_P5_Y3_UO167,R5_F5_m5f5_P5_Y1_UO202,R5_F5_m-1f-1_P5_Y-1_U117,MXY,1,56.51306607459426,0,0,0.0,0,0,0,-9999.0,0.5,1,P4_CV0,3,1,1,2,0
5,2535011.582,720257.8531,R5_F5_m5f5_P5_Y3_UO168,R5_F5_m5f5_P5_Y1_UO202,R5_F5_m-1f-1_P5_Y-1_U117,FXX,1,56.51306607459426,0,0,0.0,0,0,0,-9999.0,0.5,1,P4_CV0,3,1,1,2,0
5,2535011.582,720257.8531,R5_F5_m5f5_P5_Y3_UO179,R5_F5_m5f5_P5_Y1_UO510,R5_F5_m-1f-1_P5_Y-1_U103,FXX,1,56.51306607459426,0,0,0.0,0,0,0,-9999.0,0.5,1,P4_CV0,3,1,1,2,0
5,2535011.582,720257.8531,R5_F5_m5f5_P5_Y3_UO185,R5_F5_m5f5_P5_Y0_UO52,R5_F5_m5f5_P5_Y1_UO222,FXX,1,56.51306607459426,0,0,0.0,0,0,0,-9999.0,0.25,1,P4_CV0,3,0,2,2,0
5,2535011.582,720257.8531,R5_F5_m5f5_P5_Y3_UO186,R5_F5_m5f5_P5_Y0_UO52,R5_F5_m5f5_P5_Y1_UO222,FXX,1,56.51306607459426,0,0,0.0,0,0,0,-9999.0,0.25,1,P4_CV0,3,0,2,1,1
5,2535011.582,720257.8531,R5_F5_m5f5_P5_Y3_UO187,R5_F5_m5f5_P5_Y0_UO52,R5_F5_m5f5_P5_Y1_UO222,FXX,1,56.51306607459426,0,0,0.0,0,0,0,-9999.0,0.25,1,P4_CV0,3,0,2,2,0
5,2535011.582,720257.8531,R5_F5_m5f5_P5_Y3_UO193,R5_F5_m5f5_P5_Y0_UO28,R5_F5_m5f5_P5_Y1_UO536,MXY,1,56.51306607459426,0,0,0.0,0,0,0,-9999.0,0.375,1,P4_CV0,3,2,0,1,1
5,2535011.582,720257.8531,R5_F5_m5f5_P5_Y3_UO194,R5_F5_m5f5_P5_Y0_UO28,R5_F5_m5f5_P5_Y1_UO536,MXY,1,56.51306607459426,0,0,0.0,0,0,0,-9999.0,0.375,1,P4_CV0,3,2,0,1,1
5,2535011.582,720257.8531,R5_F5_m5f5_P5_Y3_UO196,R5_F5_m5f5_P5_Y1_UO385,R5_F5_m-1f-1_P5_Y-1_U113,MXY,1,56.51306607459426,0,0,0.0,0,0,0,-9999.0,0.25,1,P4_CV0,3,1,1,1,1
5,2535011.582,720257.8531,R5_F5_m5f5_P5_Y3_UO199,R5_F5_m-1f-1_P5_Y-1_U56,R5_F5_m-1f-1_P3_Y-1_U61,MXY,1,56.51306607459426,0,0,0.0,0,0,0,-9999.0,0.25,1,P4_CV0,3,1,1,1,1
5,2535011.582,720257.8531,R5_F5_m5f5_P5_Y3_UO203,R5_F5_m-1f-1_P5_Y-1_U56,R5_F5_m-1f-1_P3_Y-1_U61,MXY,1,56.51306607459426,0,0,0.0,0,0,0,-9999.0,0.25,1,P4_CV0,3,0,2,0,2
5,2535011.582,720257.8531,R5_F5_m5f5_P5_Y3_UO217,R5_F5_m5f5_P5_Y0_UO586,R5_F5_m5f5_P5_Y1_UO479,FXX,1,56.51306607459426,0,0,0.0,0,0,0,-9999.0,0.625,1,P4_CV0,3,0,2,2,0
5,2535011.582,720257.8531,R5_F5_m5f5_P5_Y3_UO218,R5_F5_m5f5_P5_Y0_UO586,R5_F5_m5f5_P5_Y1_UO479,FXX,1,56.51306607459426,0,0,0.0,0,0,0,-9999.0,0.625,1,P4_CV0,3,0,2,2,0
5,2535011.582,720257.8531,R5_F5_m5f5_P5_Y3_UO226,R5_F5_m-1f-1_P5_Y-1_U88,R5_F5_m5f5_P5_Y1_UO611,MXY,1,56.51306607459426,0,0,0.0,0,0,0,-9999.0,0.5,1,P4_CV0,3,1,1,2,0
5,2535011.582,720257.8531,R5_F5_m5f5_P5_Y3_UO227,R5_F5_m-1f-1_P5_Y-1_U88,R5_F5_m5f5_P5_Y1_UO611,FXX,1,56.51306607459426,0,0,0.0,0,0,0,-9999.0,0.5,1,P4_CV0,3,2,0,1,1
5,2535011.582,720257.8531,R5_F5_m5f5_P5_Y3_UO228,R5_F5_m-1f-1_P5_Y-1_U88,R5_F5_m5f5_P5_Y1_UO611,FXX,1,56.51306607459426,0,0,0.0,0,0,0,-9999.0,0.5,1,P4_CV0,3,0,2,1,1
5,2535011.582,720257.8531,R5_F5_m5f5_P5_Y3_UO235,R5_F5_m-1f-1_P5_Y-1_U74,R5_F5_m5f5_P5_Y0_UO1,MXY,1,56.51306607459426,0,0,0.0,0,0,0,-9999.0,0.875,1,P4_CV0,3,2,0,1,1
5,2535011.582,720257.8531,R5_F5_m5f5_P5_Y3_UO236,R5_F5_m-1f-1_P5_Y-1_U74,R5_F5_m5f5_P5_Y0_UO1,MXY,1,56.51306607459426,0,0,0.0,0,0,0,-9999.0,0.875,1,P4_CV0,3,1,1,0,2
5,2535011.582,720257.8531,R5_F5_m5f5_P5_Y3_UO237,R5_F5_m-1f-1_P5_Y-1_U74,R5_F5_m5f5_P5_Y0_UO1,FXX,1,56.51306607459426,0,0,0.0,0,0,0,-9999.0,0.875,1,P4_CV0,3,1,1,1,1
5,2535011.582,720257.8531,R5_F5_m5f5_P5_Y3_UO238,R5_F5_m-1f-1_P5_Y-1_U74,R5_F5_m5f5_P5_Y0_UO1,FXX,1,56.51306607459426,0,0,0.0,0,0,0,-9999.0,0.875,1,P4_CV0,3,2,0,0,2
5,2535011.582,720257.8531,R5_F5_m5f5_P5_Y3_UO239,R5_F5_m-1f-1_P5_Y-1_U74,R5_F5_m5f5_P5_Y0_UO1,FXX,1,56.51306607459426,0,0,0.0,0,0,0,-9999.0,0.875,1,P4_CV0,3,1,1,0,2
5,2535011.582,720257.8531,R5_F5_m5f5_P5_Y3_UO245,R5_F5_m5f5_P5_Y0_UO723,R5_F5_m-1f-1_P5_Y-1_U58,MXY,1,56.51306607459426,0,0,0.0,0,0,0,-9999.0,0.375,1,P4_CV0,3,2,0,0,2
5,2535011.582,720257.8531,R5_F5_m5f5_P5_Y3_UO246,R5_F5_m5f5_P5_Y0_UO723,R5_F5_m-1f-1_P5_Y-1_U58,MXY,1,56.51306607459426,0,0,0.0,0,0,0,-9999.0,0.375,1,P4_CV0,3,2,0,2,0
5,2535011.582,720257.8531,R5_F5_m5f5_P5_Y3_UO257,R5_F5_m5f5_P5_Y1_UO202,R5_F5_m-1f-1_P5_Y-1_U113,FXX,1,56.51306607459426,0,0,0.0,0,0,0,-9999.0,0.75,1,P4_CV0,3,2,0,1,1
5,2535011.582,720257.8531,R5_F5_m5f5_P5_Y3_UO258,R5_F5_m5f5_P5_Y1_UO202,R5_F5_m-1f-1_P5_Y-1_U113,FXX,1,56.51306607459426,0,0,0.0,0,0,0,-9999.0,0.75,1,P4_CV0,3,2,0,1,1
5,2535011.582,720257.8531,R5_F5_m5f5_P5_Y3_UO259,R5_F5_m-1f-1_P5_Y-1_U127,R5_F5_m5f5_P5_Y1_UO255,MXY,1,56.51306607459426,0,0,0.0,0,0,0,-9999.0,0.5,1,P4_CV0,3,1,1,2,0
5,2535011.582,720257.8531,R5_F5_m5f5_P5_Y3_UO260,R5_F5_m-1f-1_P5_Y-1_U127,R5_F5_m5f5_P5_Y1_UO255,FXX,1,56.51306607459426,0,0,0.0,0,0,0,-9999.0,0.5,1,P4_CV0,3,2,0,2,0
5,2535011.582,720257.8531,R5_F5_m5f5_P5_Y3_UO261,R5_F5_m-1f-1_P5_Y-1_U127,R5_F5_m5f5_P5_Y1_UO255,MXY,1,56.51306607459426,0,0,0.0,0,0,0,-9999.0,0.5,1,P4_CV0,3,2,0,2,0
5,2535011.582,720257.8531,R5_F5_m5f5_P5_Y3_UO262,R5_F5_m-1f-1_P5_Y-1_U127,R5_F5_m5f5_P5_Y1_UO255,MXY,1,56.51306607459426,0,0,0.0,0,0,0,-9999.0,0.5,1,P4_CV0,3,1,1,2,0
5,2535011.582,720257.8531,R5_F5_m5f5_P5_Y3_UO319,R5_F5_m-1f-1_P5_Y-1_U74,R5_F5_m5f5_P5_Y1_UO611,MXY,1,56.51306607459426,0,0,0.0,0,0,0,-9999.0,0.75,1,P4_CV0,3,2,0,2,0
5,2535011.582,720257.8531,R5_F5_m5f5_P5_Y3_UO320,R5_F5_m-1f-1_P5_Y-1_U74,R5_F5_m5f5_P5_Y1_UO611,FXX,1,56.51306607459426,0,0,0.0,0,0,0,-9999.0,0.75,1,P4_CV0,3,1,1,2,0
5,2535011.582,720257.8531,R5_F5_m5f5_P5_Y3_UO321,R5_F5_m-1f-1_P5_Y-1_U74,R5_F5_m5f5_P5_Y1_UO611,FXX,1,56.51306607459426,0,0,0.0,0,0,0,-9999.0,0.75,1,P4_CV0,3,2,0,2,0
5,2535011.582,720257.8531,R5_F5_m5f5_P5_Y3_UO322,R5_F5_m-1f-1_P5_Y-1_U74,R5_F5_m5f5_P5_Y1_UO611,MXY,1,56.51306607459426,0,0,0.0,0,0,0,-9999.0,0.75,1,P4_CV0,3,1,1,1,1
5,2535011.582,720257.8531,R5_F5_m5f5_P5_Y3_UO323,R5_F5_m-1f-1_P5_Y-1_U74,R5_F5_m5f5_P5_Y1_UO611,FXX,1,56.51306607459426,0,0,0.0,0,0,0,-9999.0,0.75,1,P4_CV0,3,2,0,1,1
5,2535011.582,720257.8531,R5_F5_m5f5_P5_Y3_UO396,R5_F5_m5f5_P5_Y1_UO219,R5_F5_m5f5_P5_Y1_UO224,MXY,1,56.51306607459426,0,0,0.0,0,0,0,-9999.0,0.875,1,P4_CV0,3,2,0,0,2
5,2535011.582,720257.8531,R5_F5_m5f5_P5_Y3_UO397,R5_F5_m5f5_P5_Y1_UO219,R5_F5_m5f5_P5_Y1_UO224,MXY,1,56.51306607459426,0,0,0.0,0,0,0,-9999.0,0.875,1,P4_CV0,3,1,1,0,2
5,2535011.582,720257.8531,R5_F5_m5f5_P5_Y3_UO406,R5_F5_m5f5_P5_Y1_UO202,R5_F5_m-1f-1_P5_Y-1_U117,MXY,1,56.51306607459426,0,0,0.0,0,0,0,-9999.0,0.5,1,P4_CV0,3,1,1,2,0
5,2535011.582,720257.8531,R5_F5_m5f5_P5_Y3_UO432,R5_F5_m5f5_P5_Y0_UO182,R5_F5_m5f5_P5_Y0_UO12,MXY,1,56.51306607459426,0,0,0.0,0,0,0,-9999.0,0.25,1,P4_CV0,3,0,2,1,1
5,2535011.582,720257.8531,R5_F5_m5f5_P5_Y3_UO436,R5_F5_m5f5_P5_Y1_UO219,R5_F5_m5f5_P5_Y0_UO324,FXX,1,56.51306607459426,0,0,0.0,0,0,0,-9999.0,0.625,1,P4_CV0,3,0,2,0,2
5,2535011.582,720257.8531,R5_F5_m5f5_P5_Y3_UO452,R5_F5_m5f5_P5_Y1_UO205,R5_F5_m5f5_P5_Y1_UO499,MXY,1,56.51306607459426,0,0,0.0,0,0,0,-9999.0,0.125,1,P4_CV0,3,1,1,0,2
5,2535011.582,720257.8531,R5_F5_m5f5_P5_Y3_UO471,RD5_F1_m1f1_P1_Y1_UO518,R5_F5_m5f5_P5_Y0_UO49,MXY,1,56.51306607459426,0,0,0.0,0,0,0,-9999.0,0.375,1,P4_CV0,3,2,0,1,1
5,2535011.582,720257.8531,R5_F5_m5f5_P5_Y3_UO473,R5_F5_m5f5_P5_Y1_UO454,R5_F5_m5f5_P5_Y1_UO93,MXY,1,56.51306607459426,0,0,0.0,0,0,0,-9999.0,0.5,1,P4_CV0,3,2,0,1,1
5,2535011.582,720257.8531,R5_F5_m5f5_P5_Y3_UO474,R5_F5_m-1f-1_P5_Y-1_U74,R5_F5_m5f5_P5_Y0_UO1,MXY,1,56.51306607459426,0,0,0.0,0,0,0,-9999.0,0.875,1,P4_CV0,3,2,0,0,2
5,2535011.582,720257.8531,R5_F5_m5f5_P5_Y3_UO475,R5_F5_m-1f-1_P5_Y-1_U74,R5_F5_m5f5_P5_Y0_UO1,FXX,1,56.51306607459426,0,0,0.0,0,0,0,-9999.0,0.875,1,P4_CV0,3,2,0,1,1
5,2535011.582,720257.8531,R5_F5_m5f5_P5_Y3_UO487,R5_F5_m5f5_P5_Y1_UO214,R5_F5_m5f5_P5_Y0_UO49,FXX,1,56.51306607459426,0,0,0.0,0,0,0,-9999.0,0.375,1,P4_CV0,3,0,2,2,0
5,2535011.582,720257.8531,R5_F5_m5f5_P5_Y3_UO519,R5_F5_m5f5_P5_Y1_UO367,R5_F5_m5f5_P5_Y1_UO487,FXX,1,56.51306607459426,0,0,0.0,0,0,0,-9999.0,0.625,1,P4_CV0,3,0,2,1,1
5,2535011.582,720257.8531,R5_F5_m5f5_P5_Y3_UO520,R5_F5_m5f5_P5_Y1_UO367,R5_F5_m5f5_P5_Y1_UO487,FXX,1,56.51306607459426,0,0,0.0,0,0,0,-9999.0,0.625,1,P4_CV0,3,0,2,2,0
5,2535011.582,720257.8531,R5_F5_m5f5_P5_Y3_UO521,R5_F5_m5f5_P5_Y1_UO367,R5_F5_m5f5_P5_Y1_UO487,MXY,1,56.51306607459426,0,0,0.0,0,0,0,-9999.0,0.625,1,P4_CV0,3,2,0,0,2
5,2535011.582,720257.8531,R5_F5_m5f5_P5_Y3_UO526,R5_F5_m5f5_P5_Y0_UO28,R5_F5_m5f5_P5_Y1_UO509,FXX,1,56.51306607459426,0,0,0.0,0,0,0,-9999.0,0.25,1,P4_CV0,3,2,0,1,1
5,2535011.582,720257.8531,R5_F5_m5f5_P5_Y3_UO527,R5_F5_m5f5_P5_Y0_UO28,R5_F5_m5f5_P5_Y1_UO509,FXX,1,56.51306607459426,0,0,0.0,0,0,0,-9999.0,0.25,1,P4_CV0,3,1,1,1,1
5,2535011.582,720257.8531,R5_F5_m5f5_P5_Y3_UO536,R5_F5_m5f5_P5_Y0_UO28,R5_F5_m5f5_P5_Y0_UO5,MXY,1,56.51306607459426,0,0,0.0,0,0,0,-9999.0,0.5,1,P4_CV0,3,2,0,1,1
5,2535011.582,720257.8531,R5_F5_m5f5_P5_Y3_UO537,R5_F5_m5f5_P5_Y0_UO28,R5_F5_m5f5_P5_Y0_UO5,FXX,1,56.51306607459426,0,0,0.0,0,0,0,-9999.0,0.5,1,P4_CV0,3,2,0,1,1
5,2535011.582,720257.8531,R5_F5_m5f5_P5_Y3_UO551,R5_F5_m-1f-1_P5_Y-1_U110,R5_F5_m5f5_P5_Y1_UO231,MXY,1,56.51306607459426,0,0,0.0,0,0,0,-9999.0,0.625,1,P4_CV0,3,1,1,2,0
5,2535011.582,720257.8531,R5_F5_m5f5_P5_Y3_UO552,R5_F5_m-1f-1_P5_Y-1_U110,R5_F5_m5f5_P5_Y1_UO231,MXY,1,56.51306607459426,0,0,0.0,0,0,0,-9999.0,0.625,1,P4_CV0,3,1,1,2,0
5,2535011.582,720257.8531,R5_F5_m5f5_P5_Y3_UO553,R5_F5_m-1f-1_P5_Y-1_U110,R5_F5_m5f5_P5_Y1_UO231,FXX,1,56.51306607459426,0,0,0.0,0,0,0,-9999.0,0.625,1,P4_CV0,3,2,0,2,0
5,2535011.582,720257.8531,R5_F5_m5f5_P5_Y3_UO554,R5_F5_m-1f-1_P5_Y-1_U110,R5_F5_m5f5_P5_Y1_UO231,FXX,1,56.51306607459426,0,0,0.0,0,0,0,-9999.0,0.625,1,P4_CV0,3,1,1,2,0
5,2535011.582,720257.8531,R5_F5_m5f5_P5_Y3_UO555,R5_F5_m-1f-1_P5_Y-1_U110,R5_F5_m5f5_P5_Y1_UO231,FXX,1,56.51306607459426,0,0,0.0,0,0,0,-9999.0,0.625,1,P4_CV0,3,1,1,1,1
5,2535011.582,720257.8531,R5_F5_m5f5_P5_Y3_UO556,R5_F5_m5f5_P5_Y1_UO563,R5_F5_m5f5_P5_Y0_UO535,MXY,1,56.51306607459426,0,0,0.0,0,0,0,-9999.0,0.75,1,P4_CV0,3,1,1,0,2
5,2535011.582,720257.8531,R5_F5_m5f5_P5_Y3_UO557,R5_F5_m5f5_P5_Y1_UO563,R5_F5_m5f5_P5_Y0_UO535,MXY,1,56.51306607459426,0,0,0.0,0,0,0,-9999.0,0.75,1,P4_CV0,3,1,1,0,2
5,2535011.582,720257.8531,R5_F5_m5f5_P5_Y3_UO558,R5_F5_m5f5_P5_Y1_UO563,R5_F5_m5f5_P5_Y0_UO535,FXX,1,56.51306607459426,0,0,0.0,0,0,0,-9999.0,0.75,1,P4_CV0,3,1,1,0,2
5,2535011.582,720257.8531,R5_F5_m5f5_P5_Y3_UO559,R5_F5_m5f5_P5_Y1_UO563,R5_F5_m5f5_P5_Y0_UO535,MXY,1,56.51306607459426,0,0,0.0,0,0,0,-9999.0,0.75,1,P4_CV0,3,1,1,1,1
5,2535011.582,720257.8531,R5_F5_m5f5_P5_Y3_UO560,R5_F5_m5f5_P5_Y1_UO510,R5_F5_m5f5_P5_Y1_UO93,FXX,1,56.51306607459426,0,0,0.0,0,0,0,-9999.0,0.5,1,P4_CV0,3,1,1,2,0
5,2535011.582,720257.8531,R5_F5_m5f5_P5_Y3_UO561,R5_F5_m5f5_P5_Y1_UO510,R5_F5_m5f5_P5_Y1_UO93,FXX,1,56.51306607459426,0,0,0.0,0,0,0,-9999.0,0.5,1,P4_CV0,3,1,1,1,1
5,2535011.582,720257.8531,R5_F5_m5f5_P5_Y3_UO587,R5_F5_m5f5_P5_Y1_UO367,R5_F5_m5f5_P5_Y1_UO184,MXY,1,56.51306607459426,0,0,0.0,0,0,0,-9999.0,0.625,1,P4_CV0,3,2,0,0,2
5,2535011.582,720257.8531,R5_F5_m5f5_P5_Y3_UO588,R5_F5_m5f5_P5_Y1_UO367,R5_F5_m5f5_P5_Y1_UO184,MXY,1,56.51306607459426,0,0,0.0,0,0,0,-9999.0,0.625,1,P4_CV0,3,1,1,0,2
5,2535011.582,720257.8531,R5_F5_m5f5_P5_Y3_UO598,R5_F5_m5f5_P5_Y0_UO291,R5_F5_m-1f-1_P5_Y-1_U131,FXX,1,56.51306607459426,0,0,0.0,0,0,0,-9999.0,0.875,1,P4_CV0,3,1,1,0,2
5,2535011.582,720257.8531,R5_F5_m5f5_P5_Y3_UO599,R5_F5_m5f5_P5_Y0_UO583,R5_F5_m-1f-1_P5_Y-1_U117,MXY,1,56.51306607459426,0,0,0.0,0,0,0,-9999.0,0.375,1,P4_CV0,3,1,1,2,0
5,2535011.582,720257.8531,R5_F5_m5f5_P5_Y3_UO600,R5_F5_m5f5_P5_Y0_UO583,R5_F5_m-1f-1_P5_Y-1_U117,MXY,1,56.51306607459426,0,0,0.0,0,0,0,-9999.0,0.375,1,P4_CV0,3,0,2,1,1
5,2535011.582,720257.8531,R5_F5_m5f5_P5_Y3_UO608,R5_F5_m5f5_P5_Y1_UO375,R5_F5_m5f5_P5_Y0_UO5,MXY,1,56.51306607459426,0,0,0.0,0,0,0,-9999.0,0.75,1,P4_CV0,3,1,1,2,0
5,2535011.582,720257.8531,R5_F5_m5f5_P5_Y3_UO623,R5_F5_m5f5_P5_Y0_UO175,R5_F5_m-1f-1_P3_Y-1_U0,FXX,1,56.51306607459426,0,0,0.0,0,0,0,-9999.0,0.625,1,P4_CV0,3,0,2,1,1
5,2535011.582,720257.8531,R5_F5_m5f5_P5_Y3_UO631,R5_F5_m5f5_P5_Y0_UO182,R5_F5_m-1f-1_P3_Y-1_U61,MXY,1,56.51306607459426,0,0,0.0,0,0,0,-9999.0,0.125,1,P4_CV0,3,0,2,2,0
5,2535011.582,720257.8531,R5_F5_m5f5_P5_Y3_UO636,R5_F5_m5f5_P5_Y0_UO54,R5_F5_m5f5_P5_Y1_UO409,FXX,1,56.51306607459426,0,0,0.0,0,0,0,-9999.0,0.5,1,P4_CV0,3,2,0,0,2
5,2535011.582,720257.8531,R5_F5_m5f5_P5_Y3_UO637,R5_F5_m5f5_P5_Y0_UO54,R5_F5_m5f5_P5_Y1_UO409,FXX,1,56.51306607459426,0,0,0.0,0,0,0,-9999.0,0.5,1,P4_CV0,3,2,0,1,1
5,2535011.582,720257.8531,R5_F5_m5f5_P5_Y2_UO523,R5_F5_m5f5_P5_Y0_UO53,R5_F5_m5f5_P5_Y0_UO714,MXY,2,83.02073361981671,1,0,0.0,0,0,0,-9999.0,0.375,1,P4_CV0,3,1,1,1,1
5,2535011.582,720257.8531,R5_F5_m5f5_P5_Y2_UO589,R5_F5_m-1f-1_P5_Y-1_U114,R5_F5_m5f5_P5_Y0_UO49,MXY,2,83.02073361981671,1,0,0.0,0,0,0,-9999.0,0.25,1,P4_CV0,3,0,2,1,1
5,2535011.582,720257.8531,R5_F5_m5f5_P5_Y2_UO42,R5_F5_m-1f-1_P5_Y-1_U18,R5_F5_m5f5_P5_Y0_UO714,FXX,2,83.02073361981671,1,0,0.0,0,0,0,-9999.0,0.375,1,P4_CV0,3,1,1,2,0
5,2535011.582,720257.8531,R5_F5_m5f5_P5_Y2_UO543,R5_F5_m5f5_P5_Y0_UO291,R5_F5_m-1f-1_P5_Y-1_U58,MXY,2,83.02073361981671,1,0,0.0,0,0,0,-9999.0,0.625,1,P4_CV0,3,1,1,0,2
5,2535011.582,720257.8531,R5_F5_m5f5_P5_Y2_UO494,R5_F5_m5f5_P5_Y0_UO178,R5_F5_m-1f-1_P3_Y-1_U0,FXX,2,83.02073361981671,1,0,1.0,0,0,0,-9999.0,0.25,1,P4_CV0,3,0,2,1,1
5,2535011.582,720257.8531,R5_F5_m5f5_P5_Y2_UO653,RD5_F6_m-1f-1_P6_Y-1_U46,R5_F5_m-1f-1_P5_Y-1_U140,MXY,2,83.02073361981671,1,0,0.0,0,0,0,-9999.0,0.25,1,P4_CV0,3,1,1,1,1
5,2535011.582,720257.8531,R5_F5_m5f5_P5_Y2_UO179,R5_F5_m-1f-1_P5_Y-1_U56,R5_F5_m-1f-1_P5_Y-1_U60,FXX,2,83.02073361981671,1,0,0.0,0,0,0,-9999.0,0.5,1,P4_CV0,3,0,2,1,1
5,2535011.582,720257.8531,R5_F5_m5f5_P5_Y2_UO414,R5_F5_m5f5_P5_Y0_UO171,R5_F5_m5f5_P5_Y0_UO177,MXY,2,83.02073361981671,1,0,0.0,0,0,0,-9999.0,0.375,1,P4_CV0,3,2,0,0,2
5,2535011.582,720257.8531,R5_F5_m5f5_P5_Y2_UO594,R5_F5_m-1f-1_P5_Y-1_U114,R5_F5_m5f5_P5_Y0_UO49,FXX,2,83.02073361981671,1,0,1.5,0,0,0,-9999.0,0.25,1,P4_CV0,3,0,2,1,1
5,2535011.582,720257.8531,R5_F5_m5f5_P5_Y2_UO684,R5_F5_m-1f-1_P5_Y-1_U56,R5_F5_m-1f-1_P5_Y-1_U119,FXX,2,83.02073361981671,1,0,1.707,0,0,0,-9999.0,0.5,1,P4_CV0,3,1,1,1,1
5,2535011.582,720257.8531,R5_F5_m5f5_P5_Y2_UO429,R5_F5_m-1f-1_P6_Y-1_U125,R5_F5_m-1f-1_P5_Y-1_U60,MXY,2,83.02073361981671,1,0,0.0,0,0,0,-9999.0,0.5,1,P4_CV0,3,0,2,1,1
5,2535011.582,720257.8531,R5_F5_m5f5_P5_Y2_UO325,R5_F5_m5f5_P5_Y0_UO586,R5_F5_m-1f-1_P5_Y-1_U58,MXY,2,83.02073361981671,1,0,0.0,0,0,0,-9999.0,0.625,1,P4_CV0,3,1,1,0,2
5,2535011.582,720257.8531,R5_F5_m5f5_P5_Y2_UO213,RD5_F6_m-1f-1_P6_Y-1_U46,R5_F5_m-1f-1_P5_Y-1_U20,MXY,2,83.02073361981671,1,0,0.0,0,0,0,-9999.0,0.25,1,P4_CV0,3,0,2,1,1
5,2535011.582,720257.8531,R5_F5_m5f5_P5_Y2_UO478,R5_F5_m-1f-1_P5_Y-1_U79,R5_F5_m-1f-1_P5_Y-1_U131,FXX,2,83.02073361981671,1,0,0.0,0,0,0,-9999.0,0.75,1,P4_CV0,3,1,1,1,1
5,2535011.582,720257.8531,R5_F5_m5f5_P5_Y2_UO590,R5_F5_m-1f-1_P5_Y-1_U114,R5_F5_m5f5_P5_Y0_UO49,MXY,2,83.02073361981671,1,0,0.0,0,0,0,-9999.0,0.25,1,P4_CV0,3,0,2,0,2
5,2535011.582,720257.8531,R5_F5_m5f5_P5_Y2_UO648,RD5_F6_m-1f-1_P6_Y-1_U46,R5_F5_m-1f-1_P5_Y-1_U140,FXX,2,83.02073361981671,1,0,0.0,0,0,0,-9999.0,0.25,1,P4_CV0,3,0,2,2,0
5,2535011.582,720257.8531,R5_F5_m5f5_P5_Y2_UO540,R5_F5_m5f5_P5_Y0_UO53,R5_F5_m3f3_P3_Y0_UO374,FXX,2,83.02073361981671,1,0,1.067,0,0,0,-9999.0,0.625,1,P4_CV0,3,1,1,0,2
5,2535011.582,720257.8531,R5_F5_m5f5_P5_Y2_UO479,R5_F5_m-1f-1_P5_Y-1_U79,R5_F5_m-1f-1_P5_Y-1_U131,MXY,2,83.02073361981671,1,0,0.0,0,0,0,-9999.0,0.75,1,P4_CV0,3,1,1,1,1
5,2535011.582,720257.8531,R5_F5_m5f5_P5_Y2_UO596,R5_F5_m-1f-1_P5_Y-1_U114,R5_F5_m5f5_P5_Y0_UO49,MXY,2,83.02073361981671,1,0,0.0,0,0,0,-9999.0,0.25,1,P4_CV0,3,0,2,1,1
5,2535011.582,720257.8531,R5_F5_m5f5_P5_Y2_UO261,RD5_F4_m-1f-1_P4_Y-1_U43,R5_F5_m5f5_P5_Y0_UO49,FXX,2,83.02073361981671,1,0,1.048,0,0,0,-9999.0,0.5,1,P4_CV0,3,1,1,1,1
5,2535011.582,720257.8531,R5_F5_m5f5_P5_Y2_UO165,R5_F5_m-1f-1_P5_Y-1_U129,R5_F5_m5f5_P5_Y0_UO1,FXX,2,83.02073361981671,1,0,1.091,0,0,0,-9999.0,0.875,1,P4_CV0,3,2,0,0,2
5,2535011.582,720257.8531,R5_F5_m5f5_P5_Y2_UO593,R5_F5_m-1f-1_P5_Y-1_U114,R5_F5_m5f5_P5_Y0_UO49,FXX,2,83.02073361981671,1,0,1.0,0,0,0,-9999.0,0.25,1,P4_CV0,3,1,1,1,1
5,2535011.582,720257.8531,R5_F5_m5f5_P5_Y2_UO591,R5_F5_m-1f-1_P5_Y-1_U114,R5_F5_m5f5_P5_Y0_UO49,FXX,2,83.02073361981671,1,0,0.0,0,0,0,-9999.0,0.25,1,P4_CV0,3,1,1,1,1
5,2535011.582,720257.8531,R5_F5_m5f5_P5_Y2_UO254,I5_F7_m-1f-1_P5_Y-1_U127,I5_F7_m-1f-1_P5_Y-1_U103,MXY,2,83.02073361981671,1,0,0.0,0,0,0,-9999.0,0.5,1,P4_CV0,3,1,1,2,0
5,2535011.582,720257.8531,R5_F5_m5f5_P5_Y2_UO646,RD5_F6_m-1f-1_P6_Y-1_U46,R5_F5_m-1f-1_P5_Y-1_U140,MXY,2,83.02073361981671,1,0,0.0,0,0,0,-9999.0,0.25,1,P4_CV0,3,1,1,1,1
5,2535011.582,720257.8531,R5_F5_m5f5_P5_Y2_UO541,R5_F5_m5f5_P5_Y0_UO53,R5_F5_m3f3_P3_Y0_UO374,MXY,2,83.02073361981671,1,0,0.0,0,0,0,-9999.0,0.625,1,P4_CV0,3,1,1,1,1
5,2535011.582,720257.8531,R5_F5_m5f5_P5_Y2_UO402,R5_F5_m5f5_P5_Y0_UO178,R5_F5_m-1f-1_P5_Y-1_U113,MXY,2,83.02073361981671,1,0,0.0,0,0,0,-9999.0,0.25,1,P4_CV0,3,2,0,0,2
5,2535011.582,720257.8531,R5_F5_m5f5_P5_Y1_UO202,R5_F5_m-1f-1_P5_Y-1_U25,I5_F7_m-1f-1_P5_Y-1_U99,FXX,3,109.36729738287386,1,0,1.825,0,0,0,-9999.0,1.0,1,P4_CV0,3,2,0,2,0
5,2535011.582,720257.8531,R5_F5_m5f5_P5_Y1_UO222,R5_F5_m-1f-1_P5_Y-1_U89,R5_F5_m-1f-1_P5_Y-1_U48,MXY,3,109.36729738287386,1,0,0.0,0,0,0,-9999.0,0.0,1,P4_CV0,3,0,2,2,0
5,2535011.582,720257.8531,R5_F5_m5f5_P5_Y1_UO509,R5_F5_m-1f-1_P5_Y-1_U110,R5_F5_m-1f-1_P5_Y-1_U85,MXY,3,109.36729738287386,1,0,0.0,0,0,0,-9999.0,0.25,1,P4_CV0,3,1,1,2,0
5,2535011.582,720257.8531,R5_F5_m5f5_P5_Y1_UO367,R5_F5_m-1f-1_P5_Y-1_U24,R5_F5_m-1f-1_P5_Y-1_U54,FXX,3,109.36729738287386,1,0,1.39,0,0,0,-9999.0,0.5,1,P4_CV0,3,1,1,1,1
5,2535011.582,720257.8531,R5_F5_m5f5_P5_Y1_UO41,R5_F5_m-1f-1_P5_Y-1_U10,R5_F5_m-1f-1_P5_Y-1_U137,FXX,3,109.36729738287386,1,0,1.522,0,0,0,-9999.0,0.25,1,P4_CV0,3,1,1,2,0
5,2535011.582,720257.8531,R5_F5_m5f5_P5_Y1_UO326,R5_F5_m-1f-1_P5_Y-1_U67,R5_F5_m-1f-1_P5_Y-1_U58,FXX,3,109.36729738287386,1,0,0.0,0,0,0,-9999.0,0.5,1,P4_CV0,3,2,0,2,0
5,2535011.582,720257.8531,R5_F5_m5f5_P5_Y1_UO284,R5_F5_m-1f-1_P5_Y-1_U50,R5_F5_m-1f-1_P5_Y-1_U80,FXX,3,109.36729738287386,1,0,0.0,0,0,0,-9999.0,0.75,1,P4_CV0,3,1,1,1,1
5,2535011.582,720257.8531,R5_F5_m5f5_P5_Y1_UO205,R5_F5_m-1f-1_P5_Y-1_U29,R5_F5_m-1f-1_P5_Y-1_U61,FXX,3,109.36729738287386,1,0,0.0,0,0,0,-9999.0,0.25,1,P4_CV0,3,1,1,1,1
5,2535011.582,720257.8531,R5_F5_m5f5_P5_Y1_UO223,R5_F5_m-1f-1_P5_Y-1_U89,R5_F5_m-1f-1_P5_Y-1_U48,FXX,3,109.36729738287386,1,0,1.26,0,0,0,-9999.0,0.0,1,P4_CV0,3,1,1,0,2
5,2535011.582,720257.8531,R5_F5_m5f5_P5_Y1_UO563,R5_F5_m-1f-1_P5_Y-1_U53,R5_F5_m-1f-1_P5_Y-1_U61,FXX,3,109.36729738287386,1,0,1.0,0,0,0,-9999.0,0.5,1,P4_CV0,3,2,0,1,1
5,2535011.582,720257.8531,R5_F5_m5f5_P5_Y1_UO231,R5_F5_m-1f-1_P5_Y-1_U132,R5_F5_m-1f-1_P5_Y-1_U61,MXY,3,109.36729738287386,1,0,0.0,0,0,0,-9999.0,0.75,1,P4_CV0,3,2,0,1,1
5,2535011.582,720257.8531,R5_F5_m5f5_P5_Y1_UO493,R5_F5_m-1f-1_P5_Y-1_U64,R5_F5_m-1f-1_P5_Y-1_U106,FXX,3,109.36729738287386,1,0,0.0,0,0,0,-9999.0,0.75,1,P4_CV0,3,1,1,0,2
5,2535011.582,720257.8531,R5_F5_m5f5_P5_Y1_UO54,R5_F5_m-1f-1_P5_Y-1_U127,R5_F5_m-1f-1_P5_Y-1_U75,FXX,3,109.36729738287386,1,0,1.0,0,0,0,-9999.0,0.75,1,P4_CV0,3,1,1,0,2
5,2535011.582,720257.8531,R5_F5_m5f5_P5_Y1_UO348,R5_F5_m-1f-1_P5_Y-1_U138,R5_F5_m-1f-1_P5_Y-1_U137,MXY,3,109.36729738287386,1,0,0.0,0,0,0,-9999.0,0.25,1,P4_CV0,3,0,2,0,2
5,2535011.582,720257.8531,R5_F5_m5f5_P5_Y1_UO500,R5_F5_m-1f-1_P5_Y-1_U95,R5_F5_m-1f-1_P5_Y-1_U124,MXY,3,109.36729738287386,1,0,0.0,0,0,0,-9999.0,0.0,1,P4_CV0,3,2,0,0,2
5,2535011.582,720257.8531,R5_F5_m5f5_P5_Y1_UO93,R5_F5_m-1f-1_P5_Y-1_U132,R5_F5_m-1f-1_P5_Y-1_U22,MXY,3,109.36729738287386,1,0,0.0,0,0,0,-9999.0,0.5,1,P4_CV0,3,2,0,1,1
5,2535011.582,720257.8531,R5_F5_m5f5_P5_Y1_UO454,R5_F5_m-1f-1_P5_Y-1_U72,R5_F5_m-1f-1_P5_Y-1_U2,FXX,3,109.36729738287386,1,0,2.293,0,0,0,-9999.0,0.5,1,P4_CV0,3,1,1,0,2
5,2535011.582,720257.8531,R5_F5_m5f5_P5_Y1_UO148,R5_F5_m-1f-1_P5_Y-1_U46,R5_F5_m-1f-1_P5_Y-1_U32,MXY,3,109.36729738287386,1,0,0.0,0,0,0,-9999.0,0.5,1,P4_CV0,3,0,2,0,2
5,2535011.582,720257.8531,R5_F5_m5f5_P5_Y1_UO499,R5_F5_m-1f-1_P5_Y-1_U95,R5_F5_m-1f-1_P5_Y-1_U124,MXY,3,109.36729738287386,1,0,0.0,0,0,0,-9999.0,0.0,1,P4_CV0,3,1,1,0,2
5,2535011.582,720257.8531,R5_F5_m5f5_P5_Y1_UO492,R5_F5_m-1f-1_P5_Y-1_U64,R5_F5_m-1f-1_P5_Y-1_U106,MXY,3,109.36729738287386,1,0,0.0,0,0,0,-9999.0,0.75,1,P4_CV0,3,2,0,0,2
5,2535011.582,720257.8531,R5_F5_m5f5_P5_Y0_UO535,R5_F5_m-1f-1_P5_Y-1_U57,R5_F5_m-1f-1_P5_Y-1_U2,MXY,4,123.54161165199973,1,0,0.0,0,0,0,-9999.0,1.0,1,P4_CV0,3,1,1,0,2
5,2535011.582,720257.8531,R5_F5_m5f5_P5_Y0_UO291,R5_F5_m-1f-1_P5_Y-1_U62,R5_F5_m-1f-1_P5_Y-1_U59,FXX,4,123.54161165199973,1,0,0.0,0,0,0,-9999.0,0.75,1,P4_CV0,3,1,1,0,2
5,2535011.582,720257.8531,R5_F5_m5f5_P5_Y0_UO181,R5_F5_m-1f-1_P5_Y-1_U89,R5_F5_m-1f-1_P5_Y-1_U39,MXY,4,123.54161165199973,1,0,0.0,0,0,0,-9999.0,0.0,1,P4_CV0,3,0,2,1,1
5,2535011.582,720257.8531,R5_F5_m5f5_P5_Y0_UO178,R5_F5_m-1f-1_P5_Y-1_U89,R5_F5_m-1f-1_P5_Y-1_U39,FXX,4,123.54161165199973,1,0,2.109,0,0,0,-9999.0,0.0,1,P4_CV0,3,1,1,1,1
5,2535011.582,720257.8531,R5_F5_m5f5_P5_Y0_UO723,R5_F5_m-1f-1_P5_Y-1_U139,R5_F5_m-1f-1_P5_Y-1_U68,FXX,4,123.54161165199973,1,0,1.452,0,0,0,-9999.0,0.25,1,P4_CV0,3,2,0,1,1
5,2535011.582,720257.8531,R5_F5_m5f5_P5_Y0_UO0,R5_F5_m-1f-1_P5_Y-1_U138,R5_F5_m-1f-1_P5_Y-1_U2,FXX,4,123.54161165199973,1,0,3.052,0,0,0,-9999.0,0.75,1,P4_CV0,3,1,1,1,1
5,2535011.582,720257.8531,R5_F5_m5f5_P5_Y0_UO545,R5_F5_m-1f-1_P5_Y-1_U14,R5_F5_m-1f-1_P5_Y-1_U22,MXY,4,123.54161165199973,1,0,0.0,0,0,0,-9999.0,0.5,1,P4_CV0,3,1,1,1,1
5,2535011.582,720257.8531,R5_F5_m-1f-1_P5_Y-1_U131,-9999,-9999,MXY,5,136.14441292070353,1,0,0.0,0,0,0,-9999.0,1.0,1,P4_CV0,3,2,0,1,1
5,2535011.582,720257.8531,R5_F5_m-1f-1_P5_Y-1_U110,-9999,-9999,FXX,5,136.14441292070353,1,0,2.135,0,0,0,-9999.0,0.5,1,P4_CV0,3,1,1,2,0
5,2535011.582,720257.8531,R5_F5_m-1f-1_P5_Y-1_U79,-9999,-9999,FXX,5,136.14441292070353,1,0,2.256,0,0,0,-9999.0,0.5,1,P4_CV0,3,1,1,0,2
5,2535011.582,720257.8531,R5_F5_m-1f-1_P5_Y-1_U127,-9999,-9999,FXX,5,136.1641917370484,1,0,1.0,0,0,0,-9999.0,0.5,1,P4_CV0,3,1,1,2,0
5,2535011.582,720257.8531,R5_F5_m5f5_P5_Y2_UO655,RD5_F6_m-1f-1_P6_Y-1_U46,R5_F5_m-1f-1_P5_Y-1_U140,FXX,2,83.02073361981671,1,0,0.0,0,0,0,-9999.0,0.25,1,P5_CV0,3,1,1,2,0
5,2535011.582,720257.8531,R5_F5_m5f5_P5_Y2_UO360,R5_F5_m-1f-1_P6_Y-1_U125,R5_F5_m-1f-1_P5_Y-1_U131,MXY,2,83.02073361981671,1,0,0.0,0,0,0,-9999.0,0.75,1,P5_CV0,3,1,1,0,2
5,2535011.582,720257.8531,R5_F5_m5f5_P5_Y2_UO209,RD5_F6_m-1f-1_P6_Y-1_U46,R5_F5_m-1f-1_P5_Y-1_U20,MXY,2,83.02073361981671,1,0,0.0,0,0,0,-9999.0,0.25,1,P5_CV0,3,0,2,1,1
5,2535011.582,720257.8531,R5_F5_m5f5_P5_Y2_UO49,RD5_F6_m-1f-1_P6_Y-1_U46,RD5_F3_m-1f-1_P3_Y-1_U61,FXX,2,83.02073361981671,1,0,1.331,0,0,0,-9999.0,0.25,1,P5_CV0,3,0,2,1,1
5,2535011.582,720257.8531,R5_F5_m5f5_P5_Y2_UO206,RD5_F6_m-1f-1_P6_Y-1_U46,R5_F5_m-1f-1_P5_Y-1_U20,MXY,2,83.02073361981671,1,0,0.0,0,0,0,-9999.0,0.25,1,P5_CV0,3,1,1,1,1
5,2535011.582,720257.8531,RD5_F6_m6f6_P6_Y2_UO7,R6_F6_m-1f-1_P6_Y-1_U84,R6_F6_m-1f-1_P6_Y-1_U102,FXX,2,77.44950306811512,1,0,3.352,0,0,0,-9999.0,0.5,1,P5_CV0,3,0,2,1,1
6,2545325.475,726552.0418,RD6_F1_m1f1_P1_Y3_UO213,R1_F1_m1f1_P1_Y0_UO763,R1_F1_m1f1_P1_Y0_UO208,FXX,1,60.251966545603324,0,0,0.0,0,0,0,-9999.0,0.25,1,P0_CV0,3,0,2,1,1
6,2545325.475,726552.0418,R6_F6_m6f6_P6_Y3_UO0,R6_F6_m6f6_P6_Y1_UO618,R6_F6_m6f6_P6_Y1_UO14,FXX,1,60.23300623266188,0,0,0.0,0,0,0,-9999.0,0.25,1,P5_CV0,3,1,1,1,1
6,2545325.475,726552.0418,R6_F6_m6f6_P6_Y3_UO1,R6_F6_m6f6_P6_Y1_UO618,R6_F6_m6f6_P6_Y1_UO14,MXY,1,60.23300623266188,0,0,0.0,0,0,0,-9999.0,0.25,1,P5_CV0,3,1,1,0,2
6,2545325.475,726552.0418,R6_F6_m6f6_P6_Y3_UO7,R6_F6_m6f6_P6_Y1_UO177,R6_F6_m6f6_P6_Y1_UO373,FXX,1,60.23300623266188,0,0,0.0,0,0,0,-9999.0,0.625,1,P5_CV0,3,0,2,1,1
6,2545325.475,726552.0418,R6_F6_m6f6_P6_Y3_UO8,R6_F6_m6f6_P6_Y1_UO177,R6_F6_m6f6_P6_Y1_UO373,FXX,1,60.23300623266188,0,0,0.0,0,0,0,-9999.0,0.625,1,P5_CV0,3,1,1,1,1
6,2545325.475,726552.0418,R6_F6_m6f6_P6_Y3_UO31,R6_F6_m6f6_P6_Y1_UO142,R6_F6_m-1f-1_P6_Y-1_U45,MXY,1,60.23300623266188,0,0,0.0,0,0,0,-9999.0,0.625,1,P5_CV0,3,1,1,1,1
6,2545325.475,726552.0418,R6_F6_m6f6_P6_Y3_UO32,R6_F6_m6f6_P6_Y1_UO142,R6_F6_m-1f-1_P6_Y-1_U45,FXX,1,60.23300623266188,0,0,0.0,0,0,0,-9999.0,0.625,1,P5_CV0,3,0,2,1,1
6,2545325.475,726552.0418,R6_F6_m6f6_P6_Y3_UO43,R6_F6_m6f6_P6_Y0_UO775,R6_F6_m6f6_P6_Y0_UO106,FXX,1,60.23300623266188,0,0,0.0,0,0,0,-9999.0,0.25,1,P5_CV0,3,0,2,2,0
6,2545325.475,726552.0418,R6_F6_m6f6_P6_Y3_UO55,R6_F6_m6f6_P6_Y0_UO602,R6_F6_m6f6_P6_Y1_UO43,FXX,1,60.23300623266188,0,0,0.0,0,0,0,-9999.0,0.625,1,P5_CV0,3,0,2,1,1
6,2545325.475,726552.0418,R6_F6_m6f6_P6_Y3_UO65,R6_F6_m6f6_P6_Y1_UO516,R6_F6_m6f6_P6_Y1_UO5,MXY,1,60.23300623266188,0,0,0.0,0,0,0,-9999.0,0.625,1,P5_CV0,3,2,0,0,2
6,2545325.475,726552.0418,R6_F6_m6f6_P6_Y3_UO66,R6_F6_m6f6_P6_Y1_UO516,R6_F6_m6f6_P6_Y1_UO5,FXX,1,60.23300623266188,0,0,0.0,0,0,0,-9999.0,0.625,1,P5_CV0,3,0,2,1,1
6,2545325.475,726552.0418,R6_F6_m6f6_P6_Y3_UO67,R6_F6_m6f6_P6_Y1_UO516,R6_F6_m6f6_P6_Y1_UO5,FXX,1,60.23300623266188,0,0,0.0,0,0,0,-9999.0,0.625,1,P5_CV0,3,0,2,0,2
6,2545325.475,726552.0418,R6_F6_m6f6_P6_Y3_UO73,R6_F6_m6f6_P6_Y1_UO370,R6_F6_m6f6_P6_Y1_UO14,FXX,1,60.23300623266188,0,0,0.0,0,0,0,-9999.0,0.625,1,P5_CV0,3,1,1,0,2
6,2545325.475,726552.0418,R6_F6_m6f6_P6_Y3_UO85,R6_F6_m6f6_P6_Y0_UO670,R6_F6_m6f6_P6_Y1_UO249,FXX,1,60.23300623266188,0,0,0.0,0,0,0,-9999.0,0.625,1,P5_CV0,3,0,2,0,2
6,2545325.475,726552.0418,R6_F6_m6f6_P6_Y3_UO86,R6_F6_m6f6_P6_Y0_UO670,R6_F6_m6f6_P6_Y1_UO249,MXY,1,60.23300623266188,0,0,0.0,0,0,0,-9999.0,0.625,1,P5_CV0,3,0,2,1,1
6,2545325.475,726552.0418,R6_F6_m6f6_P6_Y3_UO89,R6_F6_m-1f-1_P6_Y-1_U11,I6_F7_m-1f-1_P6_Y-1_U47,FXX,1,60.23300623266188,0,0,0.0,0,0,0,-9999.0,0.5,1,P5_CV0,3,2,0,1,1
6,2545325.475,726552.0418,R6_F6_m6f6_P6_Y3_UO90,R6_F6_m-1f-1_P6_Y-1_U11,I6_F7_m-1f-1_P6_Y-1_U47,FXX,1,60.23300623266188,0,0,0.0,0,0,0,-9999.0,0.5,1,P5_CV0,3,1,1,0,2
6,2545325.475,726552.0418,R6_F6_m6f6_P6_Y3_UO91,R6_F6_m-1f-1_P6_Y-1_U11,I6_F7_m-1f-1_P6_Y-1_U47,MXY,1,60.23300623266188,0,0,0.0,0,0,0,-9999.0,0.5,1,P5_CV0,3,2,0,2,0
6,2545325.475,726552.0418,R6_F6_m6f6_P6_Y3_UO92,R6_F6_m-1f-1_P6_Y-1_U11,I6_F7_m-1f-1_P6_Y-1_U47,FXX,1,60.23300623266188,0,0,0.0,0,0,0,-9999.0,0.5,1,P5_CV0,3,1,1,2,0
6,2545325.475,726552.0418,R6_F6_m6f6_P6_Y3_UO115,R6_F6_m-1f-1_P6_Y-1_U55,RD6_F6_m6f6_P6_Y1_UO481,MXY,1,60.23300623266188,0,0,0.0,0,0,0,-9999.0,0.75,1,P5_CV0,3,1,1,1,1
6,2545325.475,726552.0418,R6_F6_m6f6_P6_Y3_UO116,R6_F6_m-1f-1_P6_Y-1_U55,RD6_F6_m6f6_P6_Y1_UO481,MXY,1,60.23300623266188,0,0,0.0,0,0,0,-9999.0,0.75,1,P5_CV0,3,1,1,1,1
6,2545325.475,726552.0418,R6_F6_m6f6_P6_Y3_UO117,R6_F6_m-1f-1_P6_Y-1_U55,RD6_F6_m6f6_P6_Y1_UO481,MXY,1,60.23300623266188,0,0,0.0,0,0,0,-9999.0,0.75,1,P5_CV0,3,0,2,1,1
6,2545325.475,726552.0418,R6_F6_m6f6_P6_Y3_UO129,R6_F6_m6f6_P6_Y1_UO177,R6_F6_m6f6_P6_Y1_UO414,FXX,1,60.23300623266188,0,0,0.0,0,0,0,-9999.0,0.625,1,P5_CV0,3,1,1,1,1
6,2545325.475,726552.0418,R6_F6_m6f6_P6_Y3_UO145,R6_F6_m-1f-1_P6_Y-1_U11,R6_F6_m-1f-1_P6_Y-1_U16,MXY,1,60.23300623266188,0,0,0.0,0,0,0,-9999.0,0.25,1,P5_CV0,3,1,1,1,1
6,2545325.475,726552.0418,R6_F6_m6f6_P6_Y3_UO146,R6_F6_m-1f-1_P6_Y-1_U11,R6_F6_m-1f-1_P6_Y-1_U16,FXX,1,60.23300623266188,0,0,0.0,0,0,0,-9999.0,0.25,1,P5_CV0,3,0,2,1,1
6,2545325.475,726552.0418,R6_F6_m6f6_P6_Y3_UO147,R6_F6_m-1f-1_P6_Y-1_U11,R6_F6_m-1f-1_P6_Y-1_U16,MXY,1,60.23300623266188,0,0,0.0,0,0,0,-9999.0,0.25,1,P5_CV0,3,1,1,1,1
6,2545325.475,726552.0418,R6_F6_m6f6_P6_Y3_UO173,R6_F6_m6f6_P6_Y0_UO120,R6_F6_m6f6_P6_Y1_UO572,MXY,1,60.23300623266188,0,0,0.0,0,0,0,-9999.0,0.5,1,P5_CV0,3,2,0,2,0
6,2545325.475,726552.0418,R6_F6_m6f6_P6_Y3_UO174,R6_F6_m6f6_P6_Y0_UO120,R6_F6_m6f6_P6_Y1_UO572,FXX,1,60.23300623266188,0,0,0.0,0,0,0,-9999.0,0.5,1,P5_CV0,3,1,1,1,1
6,2545325.475,726552.0418,R6_F6_m6f6_P6_Y3_UO175,R6_F6_m6f6_P6_Y1_UO618,R6_F6_m6f6_P6_Y1_UO249,MXY,1,60.23300623266188,0,0,0.0,0,0,0,-9999.0,0.625,1,P5_CV0,3,1,1,1,1
6,2545325.475,726552.0418,R6_F6_m6f6_P6_Y3_UO188,R6_F6_m6f6_P6_Y1_UO516,R6_F6_m6f6_P6_Y0_UO119,FXX,1,60.23300623266188,0,0,0.0,0,0,0,-9999.0,0.5,1,P5_CV0,3,2,0,2,0
6,2545325.475,726552.0418,R6_F6_m6f6_P6_Y3_UO214,R6_F6_m6f6_P6_Y0_UO526,R6_F6_m6f6_P6_Y1_UO525,FXX,1,60.23300623266188,0,0,0.0,0,0,0,-9999.0,0.5,1,P5_CV0,3,1,1,1,1
6,2545325.475,726552.0418,R6_F6_m6f6_P6_Y3_UO229,R6_F6_m6f6_P6_Y1_UO422,R6_F6_m6f6_P6_Y1_UO358,MXY,1,60.23300623266188,0,0,0.0,0,0,0,-9999.0,0.5,1,P5_CV0,3,1,1,2,0
6,2545325.475,726552.0418,R6_F6_m6f6_P6_Y3_UO253,R6_F6_m6f6_P6_Y0_UO602,R6_F6_m6f6_P6_Y0_UO672,FXX,1,60.23300623266188,0,0,0.0,0,0,0,-9999.0,0.375,1,P5_CV0,3,0,2,1,1
6,2545325.475,726552.0418,R6_F6_m6f6_P6_Y3_UO254,R6_F6_m6f6_P6_Y0_UO602,R6_F6_m6f6_P6_Y0_UO672,MXY,1,60.23300623266188,0,0,0.0,0,0,0,-9999.0,0.375,1,P5_CV0,3,0,2,1,1
6,2545325.475,726552.0418,R6_F6_m6f6_P6_Y3_UO266,R6_F6_m6f6_P6_Y0_UO281,I6_F7_m-1f-1_P6_Y-1_U47,MXY,1,60.23300623266188,0,0,0.0,0,0,0,-9999.0,0.5,1,P5_CV0,3,2,0,1,1
6,2545325.475,726552.0418,R6_F6_m6f6_P6_Y3_UO267,R6_F6_m6f6_P6_Y0_UO281,I6_F7_m-1f-1_P6_Y-1_U47,MXY,1,60.23300623266188,0,0,0.0,0,0,0,-9999.0,0.5,1,P5_CV0,3,1,1,1,1
6,2545325.475,726552.0418,R6_F6_m6f6_P6_Y3_UO269,R6_F6_m-1f-1_P6_Y-1_U99,R6_F6_m6f6_P6_Y0_UO747,FXX,1,60.23300623266188,0,0,0.0,0,0,0,-9999.0,0.5,1,P5_CV0,3,1,1,1,1
6,2545325.475,726552.0418,R6_F6_m6f6_P6_Y3_UO270,R6_F6_m-1f-1_P6_Y-1_U99,R6_F6_m6f6_P6_Y0_UO747,FXX,1,60.23300623266188,0,0,0.0,0,0,0,-9999.0,0.5,1,P5_CV0,3,1,1,1,1
6,2545325.475,726552.0418,R6_F6_m6f6_P6_Y3_UO271,R6_F6_m6f6_P6_Y1_UO240,R6_F6_m6f6_P6_Y1_UO402,FXX,1,60.23300623266188,0,0,0.0,0,0,0,-9999.0,0.625,1,P5_CV0,3,0,2,1,1
6,2545325.475,726552.0418,R6_F6_m6f6_P6_Y3_UO276,R6_F6_m6f6_P6_Y1_UO458,R6_F6_m-1f-1_P6_Y-1_U72,FXX,1,60.23300623266188,0,0,0.0,0,0,0,-9999.0,0.625,1,P5_CV0,3,2,0,0,2
6,2545325.475,726552.0418,R6_F6_m6f6_P6_Y3_UO277,R6_F6_m6f6_P6_Y1_UO458,R6_F6_m-1f-1_P6_Y-1_U72,FXX,1,60.23300623266188,0,0,0.0,0,0,0,-9999.0,0.625,1,P5_CV0,3,2,0,0,2
6,2545325.475,726552.0418,R6_F6_m6f6_P6_Y3_UO278,R6_F6_m6f6_P6_Y0_UO645,R6_F6_m6f6_P6_Y1_UO122,FXX,1,60.23300623266188,0,0,0.0,0,0,0,-9999.0,0.875,1,P5_CV0,3,1,1,2,0
6,2545325.475,726552.0418,R6_F6_m6f6_P6_Y3_UO279,R6_F6_m6f6_P6_Y0_UO645,R6_F6_m6f6_P6_Y1_UO122,MXY,1,60.23300623266188,0,0,0.0,0,0,0,-9999.0,0.875,1,P5_CV0,3,0,2,2,0
6,2545325.475,726552.0418,R6_F6_m6f6_P6_Y3_UO280,R6_F6_m6f6_P6_Y0_UO645,R6_F6_m6f6_P6_Y1_UO122,FXX,1,60.23300623266188,0,0,0.0,0,0,0,-9999.0,0.875,1,P5_CV0,3,1,1,2,0
6,2545325.475,726552.0418,R6_F6_m6f6_P6_Y3_UO294,R6_F6_m6f6_P6_Y1_UO618,R6_F6_m6f6_P6_Y0_UO371,FXX,1,60.23300623266188,0,0,0.0,0,0,0,-9999.0,0.5,1,P5_CV0,3,2,0,0,2
6,2545325.475,726552.0418,R6_F6_m6f6_P6_Y3_UO295,R6_F6_m6f6_P6_Y1_UO618,R6_F6_m6f6_P6_Y0_UO371,MXY,1,60.23300623266188,0,0,0.0,0,0,0,-9999.0,0.5,1,P5_CV0,3,2,0,1,1
6,2545325.475,726552.0418,R6_F6_m6f6_P6_Y3_UO301,R6_F6_m6f6_P6_Y0_UO775,R6_F6_m6f6_P6_Y1_UO373,MXY,1,60.23300623266188,0,0,0.0,0,0,0,-9999.0,0.375,1,P5_CV0,3,1,1,1,1
6,2545325.475,726552.0418,R6_F6_m6f6_P6_Y3_UO302,R6_F6_m6f6_P6_Y0_UO775,R6_F6_m6f6_P6_Y1_UO373,MXY,1,60.23300623266188,0,0,0.0,0,0,0,-9999.0,0.375,1,P5_CV0,3,2,0,2,0
6,2545325.475,726552.0418,R6_F6_m6f6_P6_Y3_UO336,R6_F6_m6f6_P6_Y0_UO645,R6_F6_m6f6_P6_Y1_UO414,MXY,1,60.23300623266188,0,0,0.0,0,0,0,-9999.0,0.75,1,P5_CV0,3,1,1,1,1
6,2545325.475,726552.0418,R6_F6_m6f6_P6_Y3_UO337,R6_F6_m6f6_P6_Y0_UO645,R6_F6_m6f6_P6_Y1_UO414,FXX,1,60.23300623266188,0,0,0.0,0,0,0,-9999.0,0.75,1,P5_CV0,3,0,2,2,0
6,2545325.475,726552.0418,R6_F6_m6f6_P6_Y3_UO339,R6_F6_m-1f-1_P6_Y-1_U55,R6_F6_m6f6_P6_Y1_UO414,MXY,1,60.23300623266188,0,0,0.0,0,0,0,-9999.0,0.625,1,P5_CV0,3,2,0,1,1
6,2545325.475,726552.0418,R6_F6_m6f6_P6_Y3_UO340,R6_F6_m-1f-1_P6_Y-1_U55,R6_F6_m6f6_P6_Y1_UO414,MXY,1,60.23300623266188,0,0,0.0,0,0,0,-9999.0,0.625,1,P5_CV0,3,1,1,1,1
6,2545325.475,726552.0418,R6_F6_m6f6_P6_Y3_UO346,R6_F6_m6f6_P6_Y1_UO305,R6_F6_m6f6_P6_Y1_UO473,FXX,1,60.23300623266188,0,0,0.0,0,0,0,-9999.0,0.5,1,P5_CV0,3,1,1,1,1
6,2545325.475,726552.0418,R6_F6_m6f6_P6_Y3_UO347,R6_F6_m6f6_P6_Y1_UO305,R6_F6_m6f6_P6_Y1_UO473,FXX,1,60.23300623266188,0,0,0.0,0,0,0,-9999.0,0.5,1,P5_CV0,3,2,0,1,1
6,2545325.475,726552.0418,R6_F6_m6f6_P6_Y3_UO350,R6_F6_m6f6_P6_Y1_UO370,I6_F7_m-1f-1_P6_Y-1_U47,FXX,1,60.23300623266188,0,0,0.0,0,0,0,-9999.0,0.75,1,P5_CV0,3,2,0,1,1
6,2545325.475,726552.0418,R6_F6_m6f6_P6_Y3_UO351,R6_F6_m6f6_P6_Y1_UO370,I6_F7_m-1f-1_P6_Y-1_U47,FXX,1,60.23300623266188,0,0,0.0,0,0,0,-9999.0,0.75,1,P5_CV0,3,2,0,0,2
6,2545325.475,726552.0418,R6_F6_m6f6_P6_Y3_UO363,R6_F6_m6f6_P6_Y1_UO182,R6_F6_m-1f-1_P6_Y-1_U16,FXX,1,60.23300623266188,0,0,0.0,0,0,0,-9999.0,0.125,1,P5_CV0,3,0,2,0,2
6,2545325.475,726552.0418,R6_F6_m6f6_P6_Y3_UO364,R6_F6_m-1f-1_P6_Y-1_U22,R6_F6_m6f6_P6_Y0_UO672,MXY,1,60.23300623266188,0,0,0.0,0,0,0,-9999.0,0.625,1,P5_CV0,3,1,1,2,0
6,2545325.475,726552.0418,R6_F6_m6f6_P6_Y3_UO365,R6_F6_m-1f-1_P6_Y-1_U22,R6_F6_m6f6_P6_Y0_UO672,FXX,1,60.23300623266188,0,0,0.0,0,0,0,-9999.0,0.625,1,P5_CV0,3,1,1,2,0
6,2545325.475,726552.0418,R6_F6_m6f6_P6_Y3_UO366,R6_F6_m-1f-1_P6_Y-1_U22,R6_F6_m6f6_P6_Y0_UO672,MXY,1,60.23300623266188,0,0,0.0,0,0,0,-9999.0,0.625,1,P5_CV0,3,1,1,1,1
6,2545325.475,726552.0418,R6_F6_m6f6_P6_Y3_UO367,R6_F6_m6f6_P6_Y0_UO120,R6_F6_m6f6_P6_Y0_UO742,MXY,1,60.23300623266188,0,0,0.0,0,0,0,-9999.0,0.375,1,P5_CV0,3,1,1,2,0
6,2545325.475,726552.0418,R6_F6_m6f6_P6_Y3_UO368,R6_F6_m-1f-1_P6_Y-1_U134,R6_F6_m6f6_P6_Y1_UO414,FXX,1,60.23300623266188,0,0,0.0,0,0,0,-9999.0,0.625,1,P5_CV0,3,1,1,0,2
6,2545325.475,726552.0418,R6_F6_m6f6_P6_Y3_UO369,R6_F6_m-1f-1_P6_Y-1_U134,R6_F6_m6f6_P6_Y1_UO414,FXX,1,60.23300623266188,0,0,0.0,0,0,0,-9999.0,0.625,1,P5_CV0,3,2,0,1,1
6,2545325.475,726552.0418,R6_F6_m6f6_P6_Y3_UO370,R6_F6_m-1f-1_P6_Y-1_U134,R6_F6_m6f6_P6_Y1_UO414,MXY,1,60.23300623266188,0,0,0.0,0,0,0,-9999.0,0.625,1,P5_CV0,3,1,1,1,1
6,2545325.475,726552.0418,R6_F6_m6f6_P6_Y3_UO374,R6_F6_m6f6_P6_Y1_UO370,R6_F6_m6f6_P6_Y1_UO402,MXY,1,60.23300623266188,0,0,0.0,0,0,0,-9999.0,0.875,1,P5_CV0,3,1,1,0,2
6,2545325.475,726552.0418,R6_F6_m6f6_P6_Y3_UO375,R6_F6_m6f6_P6_Y1_UO370,R6_F6_m6f6_P6_Y1_UO402,MXY,1,60.23300623266188,0,0,0.0,0,0,0,-9999.0,0.875,1,P5_CV0,3,2,0,0,2
6,2545325.475,726552.0418,R6_F6_m6f6_P6_Y3_UO385,R6_F6_m6f6_P6_Y0_UO741,R6_F6_m6f6_P6_Y1_UO21,MXY,1,60.23300623266188,0,0,0.0,0,0,0,-9999.0,0.25,1,P5_CV0,3,1,1,1,1
6,2545325.475,726552.0418,R6_F6_m6f6_P6_Y3_UO401,R6_F6_m6f6_P6_Y1_UO458,R6_F6_m6f6_P6_Y1_UO358,FXX,1,60.23300623266188,0,0,0.0,0,0,0,-9999.0,0.625,1,P5_CV0,3,2,0,1,1
6,2545325.475,726552.0418,R6_F6_m6f6_P6_Y3_UO402,R6_F6_m6f6_P6_Y1_UO458,R6_F6_m6f6_P6_Y1_UO358,MXY,1,60.23300623266188,0,0,0.0,0,0,0,-9999.0,0.625,1,P5_CV0,3,2,0,1,1
6,2545325.475,726552.0418,R6_F6_m6f6_P6_Y3_UO403,R6_F6_m6f6_P6_Y1_UO458,R6_F6_m6f6_P6_Y1_UO358,FXX,1,60.23300623266188,0,0,0.0,0,0,0,-9999.0,0.625,1,P5_CV0,3,1,1,1,1
6,2545325.475,726552.0418,R6_F6_m6f6_P6_Y3_UO407,R6_F6_m-1f-1_P6_Y-1_U132,R6_F6_m6f6_P6_Y0_UO106,MXY,1,60.23300623266188,0,0,0.0,0,0,0,-9999.0,0.5,1,P5_CV0,3,2,0,0,2
6,2545325.475,726552.0418,R6_F6_m6f6_P6_Y3_UO408,R6_F6_m-1f-1_P6_Y-1_U132,R6_F6_m6f6_P6_Y0_UO106,MXY,1,60.23300623266188,0,0,0.0,0,0,0,-9999.0,0.5,1,P5_CV0,3,1,1,1,1
6,2545325.475,726552.0418,R6_F6_m6f6_P6_Y3_UO409,R6_F6_m-1f-1_P6_Y-1_U132,R6_F6_m6f6_P6_Y0_UO106,MXY,1,60.23300623266188,0,0,0.0,0,0,0,-9999.0,0.5,1,P5_CV0,3,0,2,0,2
6,2545325.475,726552.0418,R6_F6_m6f6_P6_Y3_UO419,R6_F6_m6f6_P6_Y1_UO179,R6_F6_m6f6_P6_Y1_UO12,MXY,1,60.23300623266188,0,0,0.0,0,0,0,-9999.0,0.25,1,P5_CV0,3,0,2,0,2
6,2545325.475,726552.0418,R6_F6_m6f6_P6_Y3_UO431,I6_F7_m6f6_P6_Y0_UO333,R6_F6_m6f6_P6_Y1_UO472,FXX,1,60.23300623266188,0,0,0.0,0,0,0,-9999.0,0.625,1,P5_CV0,3,1,1,2,0
6,2545325.475,726552.0418,R6_F6_m6f6_P6_Y3_UO437,R6_F6_m6f6_P6_Y1_UO305,R6_F6_m6f6_P6_Y1_UO37,FXX,1,60.23300623266188,0,0,0.0,0,0,0,-9999.0,0.5,1,P5_CV0,3,1,1,0,2
6,2545325.475,726552.0418,R6_F6_m6f6_P6_Y3_UO438,R6_F6_m6f6_P6_Y1_UO305,R6_F6_m6f6_P6_Y1_UO37,MXY,1,60.23300623266188,0,0,0.0,0,0,0,-9999.0,0.5,1,P5_CV0,3,2,0,0,2
6,2545325.475,726552.0418,R6_F6_m6f6_P6_Y3_UO459,R6_F6_m6f6_P6_Y1_UO27,R6_F6_m6f6_P6_Y0_UO106,MXY,1,60.23300623266188,0,0,0.0,0,0,0,-9999.0,0.5,1,P5_CV0,3,1,1,1,1
6,2545325.475,726552.0418,R6_F6_m6f6_P6_Y3_UO460,R6_F6_m6f6_P6_Y1_UO27,R6_F6_m6f6_P6_Y0_UO106,MXY,1,60.23300623266188,0,0,0.0,0,0,0,-9999.0,0.5,1,P5_CV0,3,1,1,1,1
6,2545325.475,726552.0418,R6_F6_m6f6_P6_Y3_UO467,R6_F6_m6f6_P6_Y1_UO27,R6_F6_m6f6_P6_Y0_UO671,MXY,1,60.23300623266188,0,0,0.0,0,0,0,-9999.0,0.375,1,P5_CV0,3,0,2,1,1
6,2545325.475,726552.0418,R6_F6_m6f6_P6_Y3_UO468,R6_F6_m6f6_P6_Y1_UO27,R6_F6_m6f6_P6_Y0_UO671,FXX,1,60.23300623266188,0,0,0.0,0,0,0,-9999.0,0.375,1,P5_CV0,3,1,1,0,2
6,2545325.475,726552.0418,R6_F6_m6f6_P6_Y3_UO480,R6_F6_m6f6_P6_Y0_UO645,R6_F6_m6f6_P6_Y1_UO472,MXY,1,60.23300623266188,0,0,0.0,0,0,0,-9999.0,0.625,1,P5_CV0,3,1,1,2,0
6,2545325.475,726552.0418,R6_F6_m6f6_P6_Y3_UO481,R6_F6_m6f6_P6_Y0_UO645,R6_F6_m6f6_P6_Y1_UO472,FXX,1,60.23300623266188,0,0,0.0,0,0,0,-9999.0,0.625,1,P5_CV0,3,1,1,1,1
6,2545325.475,726552.0418,R6_F6_m6f6_P6_Y3_UO491,R6_F6_m6f6_P6_Y1_UO179,R6_F6_m6f6_P6_Y0_UO371,FXX,1,60.23300623266188,0,0,0.0,0,0,0,-9999.0,0.5,1,P5_CV0,3,1,1,0,2
6,2545325.475,726552.0418,R6_F6_m6f6_P6_Y3_UO492,R6_F6_m6f6_P6_Y1_UO179,R6_F6_m6f6_P6_Y0_UO371,FXX,1,60.23300623266188,0,0,0.0,0,0,0,-9999.0,0.5,1,P5_CV0,3,0,2,1,1
6,2545325.475,726552.0418,R6_F6_m6f6_P6_Y3_UO502,R6_F6_m6f6_P6_Y0_UO120,R6_F6_m6f6_P6_Y1_UO554,FXX,1,60.23300623266188,0,0,0.0,0,0,0,-9999.0,0.5,1,P5_CV0,3,1,1,1,1
6,2545325.475,726552.0418,R6_F6_m6f6_P6_Y3_UO505,R6_F6_m6f6_P6_Y1_UO22,R6_F6_m6f6_P6_Y1_UO21,FXX,1,60.23300623266188,0,0,0.0,0,0,0,-9999.0,0.25,1,P5_CV0,3,1,1,2,0
6,2545325.475,726552.0418,R6_F6_m6f6_P6_Y3_UO506,R6_F6_m6f6_P6_Y1_UO22,R6_F6_m6f6_P6_Y1_UO21,FXX,1,60.23300623266188,0,0,0.0,0,0,0,-9999.0,0.25,1,P5_CV0,3,1,1,1,1
6,2545325.475,726552.0418,R6_F6_m6f6_P6_Y3_UO522,R6_F6_m6f6_P6_Y0_UO741,R6_F6_m6f6_P6_Y1_UO147,FXX,1,60.23300623266188,0,0,0.0,0,0,0,-9999.0,0.25,1,P5_CV0,3,1,1,1,1
6,2545325.475,726552.0418,R6_F6_m6f6_P6_Y3_UO543,R6_F6_m-1f-1_P6_Y-1_U22,R6_F6_m6f6_P6_Y1_UO402,MXY,1,60.23300623266188,0,0,0.0,0,0,0,-9999.0,0.875,1,P5_CV0,3,1,1,2,0
6,2545325.475,726552.0418,R6_F6_m6f6_P6_Y3_UO544,R6_F6_m-1f-1_P6_Y-1_U22,R6_F6_m6f6_P6_Y1_UO402,FXX,1,60.23300623266188,0,0,0.0,0,0,0,-9999.0,0.875,1,P5_CV0,3,1,1,1,1
6,2545325.475,726552.0418,R6_F6_m6f6_P6_Y3_UO545,R6_F6_m-1f-1_P6_Y-1_U22,R6_F6_m6f6_P6_Y1_UO402,FXX,1,60.23300623266188,0,0,0.0,0,0,0,-9999.0,0.875,1,P5_CV0,3,2,0,1,1
6,2545325.475,726552.0418,R6_F6_m6f6_P6_Y3_UO546,R6_F6_m-1f-1_P6_Y-1_U22,R6_F6_m6f6_P6_Y1_UO402,FXX,1,60.23300623266188,0,0,0.0,0,0,0,-9999.0,0.875,1,P5_CV0,3,1,1,1,1
6,2545325.475,726552.0418,R6_F6_m6f6_P6_Y3_UO566,R6_F6_m6f6_P6_Y0_UO741,R6_F6_m6f6_P6_Y1_UO23,FXX,1,60.23300623266188,0,0,0.0,0,0,0,-9999.0,0.375,1,P5_CV0,3,1,1,0,2
6,2545325.475,726552.0418,R6_F6_m6f6_P6_Y3_UO567,R6_F6_m6f6_P6_Y0_UO741,R6_F6_m6f6_P6_Y1_UO23,FXX,1,60.23300623266188,0,0,0.0,0,0,0,-9999.0,0.375,1,P5_CV0,3,1,1,0,2
6,2545325.475,726552.0418,R6_F6_m6f6_P6_Y3_UO584,R6_F6_m6f6_P6_Y1_UO240,R6_F6_m6f6_P6_Y1_UO358,FXX,1,60.23300623266188,0,0,0.0,0,0,0,-9999.0,0.5,1,P5_CV0,3,0,2,1,1
6,2545325.475,726552.0418,R6_F6_m6f6_P6_Y3_UO614,R6_F6_m-1f-1_P6_Y-1_U111,R6_F6_m6f6_P6_Y0_UO538,MXY,1,60.23300623266188,0,0,0.0,0,0,0,-9999.0,0.5,1,P5_CV0,3,1,1,1,1
6,2545325.475,726552.0418,R6_F6_m6f6_P6_Y3_UO615,R6_F6_m-1f-1_P6_Y-1_U111,R6_F6_m6f6_P6_Y0_UO538,MXY,1,60.23300623266188,0,0,0.0,0,0,0,-9999.0,0.5,1,P5_CV0,3,0,2,0,2
6,2545325.475,726552.0418,R6_F6_m6f6_P6_Y3_UO616,R6_F6_m-1f-1_P6_Y-1_U111,R6_F6_m6f6_P6_Y0_UO538,MXY,1,60.23300623266188,0,0,0.0,0,0,0,-9999.0,0.5,1,P5_CV0,3,1,1,0,2
6,2545325.475,726552.0418,R6_F6_m6f6_P6_Y3_UO617,R6_F6_m6f6_P6_Y0_UO645,R6_F6_m6f6_P6_Y1_UO12,FXX,1,60.23300623266188,0,0,0.0,0,0,0,-9999.0,0.5,1,P5_CV0,3,0,2,1,1
6,2545325.475,726552.0418,R6_F6_m6f6_P6_Y3_UO620,R6_F6_m6f6_P6_Y1_UO121,R6_F6_m6f6_P6_Y1_UO553,FXX,1,60.23300623266188,0,0,0.0,0,0,0,-9999.0,0.75,1,P5_CV0,3,1,1,1,1
6,2545325.475,726552.0418,R6_F6_m6f6_P6_Y3_UO627,R6_F6_m6f6_P6_Y0_UO741,R6_F6_m6f6_P6_Y0_UO672,MXY,1,60.23300623266188,0,0,0.0,0,0,0,-9999.0,0.25,1,P5_CV0,3,1,1,1,1
6,2545325.475,726552.0418,R6_F6_m6f6_P6_Y3_UO632,R6_F6_m6f6_P6_Y0_UO643,R6_F6_m6f6_P6_Y1_UO572,FXX,1,60.23300623266188,0,0,0.0,0,0,0,-9999.0,0.75,1,P5_CV0,3,1,1,1,1
6,2545325.475,726552.0418,R6_F6_m6f6_P6_Y3_UO633,R6_F6_m6f6_P6_Y0_UO643,R6_F6_m6f6_P6_Y1_UO572,FXX,1,60.23300623266188,0,0,0.0,0,0,0,-9999.0,0.75,1,P5_CV0,3,0,2,2,0
6,2545325.475,726552.0418,R6_F6_m6f6_P6_Y2_UO398,R6_F6_m-1f-1_P6_Y-1_U52,R6_F6_m-1f-1_P6_Y-1_U4,MXY,2,81.27826791910613,1,0,0.0,0,0,0,-9999.0,0.5,1,P5_CV0,3,1,1,0,2
6,2545325.475,726552.0418,R6_F6_m6f6_P6_Y2_UO685,R6_F6_m-1f-1_P6_Y-1_U55,R6_F6_m-1f-1_P6_Y-1_U45,MXY,2,81.27826791910613,1,0,0.0,0,0,0,-9999.0,0.5,1,P5_CV0,3,2,0,1,1
6,2545325.475,726552.0418,R6_F6_m6f6_P6_Y2_UO329,R6_F6_m6f6_P6_Y0_UO775,R6_F6_m6f6_P6_Y0_UO604,FXX,2,81.27826791910613,1,0,1.343,0,0,0,-9999.0,0.25,1,P5_CV0,3,0,2,1,1
6,2545325.475,726552.0418,R6_F6_m6f6_P6_Y2_UO328,R6_F6_m-1f-1_P6_Y-1_U132,R6_F6_m6f6_P6_Y0_UO663,FXX,2,81.27826791910613,1,0,0.0,0,0,0,-9999.0,0.5,1,P5_CV0,3,2,0,1,1
6,2545325.475,726552.0418,R6_F6_m6f6_P6_Y2_UO82,I6_F7_m-1f-1_P6_Y-1_U61,R6_F6_m-1f-1_P6_Y-1_U100,MXY,2,81.27826791910613,1,0,0.0,0,0,0,-9999.0,0.25,1,P5_CV0,3,0,2,2,0
6,2545325.475,726552.0418,R6_F6_m6f6_P6_Y2_UO81,I6_F7_m-1f-1_P6_Y-1_U61,R6_F6_m-1f-1_P6_Y-1_U100,MXY,2,81.27826791910613,1,0,0.0,0,0,0,-9999.0,0.25,1,P5_CV0,3,1,1,2,0
6,2545325.475,726552.0418,R6_F6_m6f6_P6_Y2_UO22,I6_F7_m-1f-1_P6_Y-1_U61,R6_F6_m-1f-1_P6_Y-1_U110,FXX,2,81.27826791910613,1,0,1.0,0,0,0,-9999.0,0.25,1,P5_CV0,3,0,2,1,1
6,2545325.475,726552.0418,R6_F6_m6f6_P6_Y2_UO219,I6_F7_m-1f-1_P6_Y-1_U61,R6_F6_m6f6_P6_Y0_UO492,FXX,2,81.27826791910613,1,0,1.0,0,0,0,-9999.0,0.5,1,P5_CV0,3,1,1,1,1
6,2545325.475,726552.0418,R6_F6_m6f6_P6_Y2_UO380,R6_F6_m6f6_P6_Y0_UO334,R6_F6_m-1f-1_P6_Y-1_U110,MXY,2,81.27826791910613,1,0,0.0,0,0,0,-9999.0,0.625,1,P5_CV0,3,0,2,1,1
6,2545325.475,726552.0418,R6_F6_m6f6_P6_Y2_UO8,R6_F6_m-1f-1_P6_Y-1_U84,R6_F6_m-1f-1_P6_Y-1_U102,MXY,2,81.27826791910613,1,0,0.0,0,0,0,-9999.0,0.5,1,P5_CV0,3,0,2,2,0
6,2545325.475,726552.0418,R6_F6_m6f6_P6_Y2_UO327,R6_F6_m6f6_P6_Y0_UO258,R6_F6_m6f6_P6_Y0_UO642,FXX,2,81.27826791910613,1,0,2.067,0,0,0,-9999.0,1.0,1,P5_CV0,3,1,1,2,0
6,2545325.475,726552.0418,R6_F6_m6f6_P6_Y2_UO657,R6_F6_m6f6_P6_Y0_UO524,R6_F6_m-1f-1_P6_Y-1_U100,MXY,2,81.27826791910613,1,0,0.0,0,0,0,-9999.0,0.5,1,P5_CV0,3,1,1,0,2
6,2545325.475,726552.0418,R6_F6_m6f6_P6_Y2_UO114,R6_F6_m-1f-1_P6_Y-1_U27,R6_F6_m-1f-1_P6_Y-1_U100,MXY,2,81.27826791910613,1,0,0.0,0,0,0,-9999.0,0.5,1,P5_CV0,3,1,1,2,0
6,2545325.475,726552.0418,R6_F6_m6f6_P6_Y2_UO628,R6_F6_m-1f-1_P6_Y-1_U81,R6_F6_m-1f-1_P6_Y-1_U139,FXX,2,81.27826791910613,1,0,0.0,0,0,0,-9999.0,0.5,1,P5_CV0,3,0,2,1,1
6,2545325.475,726552.0418,R6_F6_m6f6_P6_Y2_UO635,R6_F6_m-1f-1_P6_Y-1_U84,R6_F6_m6f6_P6_Y0_UO672,MXY,2,81.27826791910613,1,0,0.0,0,0,0,-9999.0,0.375,1,P5_CV0,3,0,2,2,0
6,2545325.475,726552.0418,R6_F6_m6f6_P6_Y2_UO315,R6_F6_m-1f-1_P6_Y-1_U111,R6_F6_m6f6_P6_Y0_UO538,MXY,2,81.27826791910613,1,0,0.0,0,0,0,-9999.0,0.5,1,P5_CV0,3,1,1,0,2
6,2545325.475,726552.0418,R6_F6_m6f6_P6_Y2_UO280,R6_F6_m6f6_P6_Y0_UO258,R6_F6_m6f6_P6_Y0_UO119,MXY,2,81.27826791910613,1,0,0.0,0,0,0,-9999.0,0.75,1,P5_CV0,3,2,0,2,0
6,2545325.475,726552.0418,R6_F6_m6f6_P6_Y2_UO10,R6_F6_m6f6_P6_Y0_UO465,R6_F6_m6f6_P6_Y0_UO672,MXY,2,81.27826791910613,1,0,0.0,0,0,0,-9999.0,0.5,1,P5_CV0,3,1,1,1,1
6,2545325.475,726552.0418,R6_F6_m6f6_P6_Y2_UO396,R6_F6_m-1f-1_P6_Y-1_U52,R6_F6_m-1f-1_P6_Y-1_U4,MXY,2,81.27826791910613,1,0,0.0,0,0,0,-9999.0,0.5,1,P5_CV0,3,1,1,0,2
6,2545325.475,726552.0418,R6_F6_m6f6_P6_Y2_UO180,R6_F6_m-1f-1_P6_Y-1_U18,R6_F6_m-1f-1_P6_Y-1_U4,MXY,2,81.27826791910613,1,0,0.0,0,0,0,-9999.0,0.5,1,P5_CV0,3,0,2,1,1
6,2545325.475,726552.0418,R6_F6_m6f6_P6_Y2_UO272,R6_F6_m-1f-1_P6_Y-1_U22,R6_F6_m6f6_P6_Y0_UO663,FXX,2,81.27826791910613,1,0,1.0,0,0,0,-9999.0,0.75,1,P5_CV0,3,2,0,0,2
6,2545325.475,726552.0418,R6_F6_m6f6_P6_Y2_UO84,R6_F6_m-1f-1_P6_Y-1_U56,R6_F6_m6f6_P6_Y0_UO642,FXX,2,81.27826791910613,1,0,1.0,0,0,0,-9999.0,0.5,1,P5_CV0,3,1,1,2,0
6,2545325.475,726552.0418,R6_F6_m6f6_P6_Y2_UO71,R6_F6_m-1f-1_P6_Y-1_U55,R6_F6_m-1f-1_P6_Y-1_U139,FXX,2,81.27826791910613,1,0,1.391,0,0,0,-9999.0,0.5,1,P5_CV0,3,1,1,0,2
6,2545325.475,726552.0418,R6_F6_m6f6_P6_Y2_UO659,R6_F6_m6f6_P6_Y0_UO524,R6_F6_m-1f-1_P6_Y-1_U100,FXX,2,81.27826791910613,1,0,0.0,0,0,0,-9999.0,0.5,1,P5_CV0,3,1,1,2,0
6,2545325.475,726552.0418,R6_F6_m6f6_P6_Y2_UO123,R6_F6_m-1f-1_P6_Y-1_U22,R6_F6_m6f6_P6_Y0_UO769,MXY,2,81.27826791910613,1,0,0.0,0,0,0,-9999.0,0.625,1,P5_CV0,3,1,1,0,2
6,2545325.475,726552.0418,R6_F6_m6f6_P6_Y2_UO629,R6_F6_m-1f-1_P6_Y-1_U81,R6_F6_m-1f-1_P6_Y-1_U139,MXY,2,81.27826791910613,1,0,0.0,0,0,0,-9999.0,0.5,1,P5_CV0,3,1,1,1,1
6,2545325.475,726552.0418,R6_F6_m6f6_P6_Y2_UO111,R6_F6_m-1f-1_P6_Y-1_U27,R6_F6_m-1f-1_P6_Y-1_U100,MXY,2,81.27826791910613,1,0,0.0,0,0,0,-9999.0,0.5,1,P5_CV0,3,1,1,2,0
6,2545325.475,726552.0418,R6_F6_m6f6_P6_Y2_UO695,I6_F7_m-1f-1_P6_Y-1_U61,R6_F6_m-1f-1_P6_Y-1_U139,FXX,2,81.27826791910613,1,0,2.968,0,0,0,-9999.0,0.25,1,P5_CV0,3,0,2,2,0
6,2545325.475,726552.0418,R6_F6_m6f6_P6_Y2_UO85,R6_F6_m-1f-1_P6_Y-1_U56,R6_F6_m6f6_P6_Y0_UO642,FXX,2,81.27826791910613,1,0,1.152,0,0,0,-9999.0,0.5,1,P5_CV0,3,1,1,1,1
6,2545325.475,726552.0418,R6_F6_m6f6_P6_Y2_UO392,R6_F6_m-1f-1_P6_Y-1_U132,R6_F6_m-1f-1_P6_Y-1_U16,FXX,2,81.27826791910613,1,0,0.0,0,0,0,-9999.0,0.25,1,P5_CV0,3,1,1,0,2
6,2545325.475,726552.0418,R6_F6_m6f6_P6_Y2_UO617,R6_F6_m6f6_P6_Y0_UO602,R6_F6_m-1f-1_P6_Y-1_U45,FXX,2,81.27826791910613,1,0,1.872,0,0,0,-9999.0,0.5,1,P5_CV0,3,0,2,2,0
6,2545325.475,726552.0418,R6_F6_m6f6_P6_Y2_UO79,I6_F7_m-1f-1_P6_Y-1_U61,R6_F6_m-1f-1_P6_Y-1_U100,MXY,2,81.27826791910613,1,0,0.0,0,0,0,-9999.0,0.25,1,P5_CV0,3,1,1,2,0
6,2545325.475,726552.0418,R6_F6_m6f6_P6_Y2_UO70,R6_F6_m6f6_P6_Y0_UO670,R6_F6_m6f6_P6_Y0_UO747,FXX,2,81.27826791910613,1,0,1.331,0,0,0,-9999.0,0.625,1,P5_CV0,3,1,1,2,0
6,2545325.475,726552.0418,R6_F6_m6f6_P6_Y2_UO367,R6_F6_m-1f-1_P6_Y-1_U132,R6_F6_m6f6_P6_Y0_UO604,FXX,2,81.27826791910613,1,0,1.0,0,0,0,-9999.0,0.5,1,P5_CV0,3,0,2,0,2
6,2545325.475,726552.0418,R6_F6_m6f6_P6_Y2_UO1,R6_F6_m-1f-1_P6_Y-1_U97,R6_F6_m6f6_P6_Y0_UO527,MXY,2,81.27826791910613,1,0,0.0,0,0,0,-9999.0,0.75,1,P5_CV0,3,2,0,1,1
6,2545325.475,726552.0418,R6_F6_m6f6_P6_Y2_UO399,R6_F6_m-1f-1_P6_Y-1_U52,R6_F6_m-1f-1_P6_Y-1_U4,MXY,2,81.27826791910613,1,0,0.0,0,0,0,-9999.0,0.5,1,P5_CV0,3,1,1,0,2
6,2545325.475,726552.0418,R6_F6_m6f6_P6_Y2_UO21,I6_F7_m-1f-1_P6_Y-1_U61,R6_F6_m-1f-1_P6_Y-1_U110,MXY,2,81.27826791910613,1,0,0.0,0,0,0,-9999.0,0.25,1,P5_CV0,3,0,2,1,1
6,2545325.475,726552.0418,R6_F6_m6f6_P6_Y2_UO618,R6_F6_m6f6_P6_Y0_UO602,R6_F6_m-1f-1_P6_Y-1_U45,FXX,2,81.27826791910613,1,0,0.0,0,0,0,-9999.0,0.5,1,P5_CV0,3,0,2,0,2
6,2545325.475,726552.0418,R6_F6_m6f6_P6_Y2_UO6,R6_F6_m-1f-1_P6_Y-1_U84,R6_F6_m-1f-1_P6_Y-1_U102,MXY,2,81.27826791910613,1,0,0.0,0,0,0,-9999.0,0.5,1,P5_CV0,3,1,1,1,1
6,2545325.475,726552.0418,R6_F6_m6f6_P6_Y2_UO147,I6_F7_m-1f-1_P6_Y-1_U113,R6_F6_m6f6_P6_Y0_UO119,MXY,2,81.27826791910613,1,0,0.0,0,0,0,-9999.0,0.5,1,P5_CV0,3,2,0,1,1
6,2545325.475,726552.0418,R6_F6_m6f6_P6_Y2_UO686,R6_F6_m-1f-1_P6_Y-1_U55,R6_F6_m-1f-1_P6_Y-1_U45,FXX,2,81.27826791910613,1,0,1.499,0,0,0,-9999.0,0.5,1,P5_CV0,3,2,0,0,2
6,2545325.475,726552.0418,R6_F6_m6f6_P6_Y2_UO447,R6_F6_m6f6_P6_Y0_UO772,R6_F6_m6f6_P6_Y0_UO769,MXY,2,81.27826791910613,1,0,0.0,0,0,0,-9999.0,0.5,1,P5_CV0,3,1,1,1,1
6,2545325.475,726552.0418,R6_F6_m6f6_P6_Y2_UO0,R6_F6_m6f6_P6_Y0_UO281,R6_F6_m-1f-1_P6_Y-1_U45,FXX,2,81.27826791910613,1,0,1.713,0,0,0,-9999.0,0.5,1,P5_CV0,3,1,1,1,1
6,2545325.475,726552.0418,R6_F6_m6f6_P6_Y2_UO2,R6_F6_m-1f-1_P6_Y-1_U97,R6_F6_m6f6_P6_Y0_UO527,MXY,2,81.27826791910613,1,0,0.0,0,0,0,-9999.0,0.75,1,P5_CV0,3,2,0,1,1
6,2545325.475,726552.0418,R6_F6_m6f6_P6_Y2_UO56,R6_F6_m6f6_P6_Y0_UO770,R6_F6_m6f6_P6_Y0_UO119,FXX,2,81.27826791910613,1,0,1.011,0,0,0,-9999.0,0.625,1,P5_CV0,3,2,0,1,1
6,2545325.475,726552.0418,R6_F6_m6f6_P6_Y2_UO391,R6_F6_m-1f-1_P6_Y-1_U132,R6_F6_m-1f-1_P6_Y-1_U16,FXX,2,81.27826791910613,1,0,2.016,0,0,0,-9999.0,0.25,1,P5_CV0,3,0,2,0,2
6,2545325.475,726552.0418,R6_F6_m6f6_P6_Y2_UO246,R6_F6_m6f6_P6_Y0_UO120,R6_F6_m6f6_P6_Y0_UO371,MXY,2,81.27826791910613,1,0,0.0,0,0,0,-9999.0,0.625,1,P5_CV0,3,2,0,1,1
6,2545325.475,726552.0418,R6_F6_m6f6_P6_Y2_UO349,R6_F6_m-1f-1_P6_Y-1_U111,R6_F6_m6f6_P6_Y0_UO371,FXX,2,81.27826791910613,1,0,1.0,0,0,0,-9999.0,0.625,1,P5_CV0,3,2,0,1,1
6,2545325.475,726552.0418,I6_F7_m6f6_P6_Y2_UO83,R6_F6_m-1f-1_P6_Y-1_U56,R6_F6_m6f6_P6_Y0_UO642,FXX,2,81.30613176580022,1,0,1.0,0,0,0,-9999.0,0.5,1,P5_CV0,3,0,2,0,2
6,2545325.475,726552.0418,R6_F6_m6f6_P6_Y1_UO177,R6_F6_m-1f-1_P6_Y-1_U71,R6_F6_m-1f-1_P6_Y-1_U39,FXX,3,98.75696111932307,1,0,1.166,0,0,0,-9999.0,0.5,1,P5_CV0,3,0,2,1,1
6,2545325.475,726552.0418,R6_F6_m6f6_P6_Y1_UO553,R6_F6_m-1f-1_P6_Y-1_U36,R6_F6_m-1f-1_P6_Y-1_U128,MXY,3,98.75696111932307,1,0,0.0,0,0,0,-9999.0,0.5,1,P5_CV0,3,0,2,2,0
6,2545325.475,726552.0418,R6_F6_m6f6_P6_Y1_UO497,R6_F6_m-1f-1_P6_Y-1_U52,R6_F6_m-1f-1_P6_Y-1_U49,FXX,3,98.75696111932307,1,0,1.0,0,0,0,-9999.0,0.5,1,P5_CV0,3,1,1,1,1
6,2545325.475,726552.0418,R6_F6_m6f6_P6_Y1_UO61,R6_F6_m-1f-1_P6_Y-1_U48,R6_F6_m-1f-1_P6_Y-1_U28,FXX,3,98.75696111932307,1,0,2.198,0,0,0,-9999.0,0.5,1,P5_CV0,3,2,0,2,0
6,2545325.475,726552.0418,R6_F6_m6f6_P6_Y1_UO5,R6_F6_m-1f-1_P6_Y-1_U42,R6_F6_m-1f-1_P6_Y-1_U3,MXY,3,98.75696111932307,1,0,0.0,0,0,0,-9999.0,0.75,1,P5_CV0,3,1,1,1,1
6,2545325.475,726552.0418,R6_F6_m6f6_P6_Y1_UO442,R6_F6_m-1f-1_P6_Y-1_U80,R6_F6_m-1f-1_P6_Y-1_U106,MXY,3,98.75696111932307,1,0,0.0,0,0,0,-9999.0,0.5,1,P5_CV0,3,1,1,1,1
6,2545325.475,726552.0418,R6_F6_m6f6_P6_Y1_UO121,R6_F6_m-1f-1_P6_Y-1_U130,R6_F6_m-1f-1_P6_Y-1_U76,FXX,3,98.75696111932307,1,0,1.201,0,0,0,-9999.0,1.0,1,P5_CV0,3,2,0,1,1
6,2545325.475,726552.0418,R6_F6_m6f6_P6_Y1_UO481,R6_F6_m-1f-1_P6_Y-1_U60,R6_F6_m-1f-1_P6_Y-1_U112,MXY,3,98.75696111932307,1,0,0.0,0,0,0,-9999.0,1.0,1,P5_CV0,3,1,1,2,0
6,2545325.475,726552.0418,R6_F6_m6f6_P6_Y1_UO124,R6_F6_m-1f-1_P6_Y-1_U9,R6_F6_m-1f-1_P6_Y-1_U5,FXX,3,98.75696111932307,1,0,0.0,0,0,0,-9999.0,0.5,1,P5_CV0,3,2,0,1,1
6,2545325.475,726552.0418,R6_F6_m6f6_P6_Y1_UO182,R6_F6_m-1f-1_P6_Y-1_U56,R6_F6_m-1f-1_P6_Y-1_U139,FXX,3,98.75696111932307,1,0,1.397,0,0,0,-9999.0,0.25,1,P5_CV0,3,0,2,0,2
6,2545325.475,726552.0418,R6_F6_m6f6_P6_Y1_UO516,R6_F6_m-1f-1_P6_Y-1_U75,R6_F6_m-1f-1_P6_Y-1_U70,FXX,3,98.75696111932307,1,0,0.0,0,0,0,-9999.0,0.5,1,P5_CV0,3,1,1,1,1
6,2545325.475,726552.0418,R6_F6_m6f6_P6_Y1_UO14,R6_F6_m-1f-1_P6_Y-1_U63,R6_F6_m-1f-1_P6_Y-1_U16,MXY,3,98.75696111932307,1,0,0.0,0,0,0,-9999.0,0.25,1,P5_CV0,3,0,2,1,1
6,2545325.475,726552.0418,R6_F6_m6f6_P6_Y1_UO444,R6_F6_m-1f-1_P6_Y-1_U80,R6_F6_m-1f-1_P6_Y-1_U106,FXX,3,98.75696111932307,1,0,1.666,0,0,0,-9999.0,0.5,1,P5_CV0,3,2,0,1,1
6,2545325.475,726552.0418,R6_F6_m6f6_P6_Y1_UO472,R6_F6_m-1f-1_P6_Y-1_U0,R6_F6_m-1f-1_P6_Y-1_U10,MXY,3,98.75696111932307,1,0,0.0,0,0,0,-9999.0,0.5,1,P5_CV0,3,2,0,1,1
6,2545325.475,726552.0418,R6_F6_m6f6_P6_Y1_UO23,R6_F6_m-1f-1_P6_Y-1_U42,R6_F6_m-1f-1_P6_Y-1_U10,MXY,3,98.75696111932307,1,0,0.0,0,0,0,-9999.0,0.5,1,P5_CV0,3,0,2,0,2
6,2545325.475,726552.0418,R6_F6_m6f6_P6_Y1_UO179,R6_F6_m-1f-1_P6_Y-1_U43,R6_F6_m-1f-1_P6_Y-1_U118,FXX,3,98.75696111932307,1,0,2.276,0,0,0,-9999.0,0.25,1,P5_CV0,3,1,1,0,2
6,2545325.475,726552.0418,R6_F6_m6f6_P6_Y1_UO618,R6_F6_m-1f-1_P6_Y-1_U1,R6_F6_m-1f-1_P6_Y-1_U121,FXX,3,98.75696111932307,1,0,2.311,0,0,0,-9999.0,0.25,1,P5_CV0,3,2,0,0,2
6,2545325.475,726552.0418,R6_F6_m6f6_P6_Y1_UO249,R6_F6_m-1f-1_P6_Y-1_U75,R6_F6_m-1f-1_P6_Y-1_U24,MXY,3,98.75696111932307,1,0,0.0,0,0,0,-9999.0,1.0,1,P5_CV0,3,0,2,1,1
6,2545325.475,726552.0418,I6_F7_m6f6_P6_Y1_UO373,R6_F6_m-1f-1_P6_Y-1_U75,R6_F6_m-1f-1_P6_Y-1_U57,MXY,3,98.78260620131782,1,0,0.0,0,0,0,-9999.0,0.75,1,P5_CV0,3,1,1,1,1
6,2545325.475,726552.0418,R6_F6_m6f6_P6_Y0_UO120,R6_F6_m-1f-1_P6_Y-1_U136,R6_F6_m-1f-1_P6_Y-1_U29,FXX,4,114.37442328855536,1,0,0.0,0,0,0,-9999.0,0.5,1,P5_CV0,3,2,0,2,0
6,2545325.475,726552.0418,R6_F6_m6f6_P6_Y0_UO775,R6_F6_m-1f-1_P6_Y-1_U17,R6_F6_m-1f-1_P6_Y-1_U117,FXX,4,114.37442328855536,1,0,0.0,0,0,0,-9999.0,0.0,1,P5_CV0,3,1,1,1,1
6,2545325.475,726552.0418,R6_F6_m6f6_P6_Y0_UO526,R6_F6_m-1f-1_P6_Y-1_U90,R6_F6_m-1f-1_P6_Y-1_U50,FXX,4,114.37442328855536,1,0,0.0,0,0,0,-9999.0,0.5,1,P5_CV0,3,1,1,0,2
6,2545325.475,726552.0418,R6_F6_m6f6_P6_Y0_UO524,R6_F6_m-1f-1_P6_Y-1_U90,R6_F6_m-1f-1_P6_Y-1_U50,FXX,4,114.37442328855536,1,0,1.219,0,0,0,-9999.0,0.5,1,P5_CV0,3,0,2,1,1
6,2545325.475,726552.0418,R6_F6_m6f6_P6_Y0_UO333,R6_F6_m-1f-1_P6_Y-1_U35,R6_F6_m-1f-1_P6_Y-1_U102,FXX,4,114.34971218352254,1,0,0.0,0,0,0,-9999.0,0.75,1,P5_CV0,3,1,1,2,0
6,2545325.475,726552.0418,R6_F6_m6f6_P6_Y0_UO768,R6_F6_m-1f-1_P6_Y-1_U48,R6_F6_m-1f-1_P6_Y-1_U117,FXX,4,114.37442328855536,1,0,1.881,0,0,0,-9999.0,0.25,1,P5_CV0,3,2,0,2,0
6,2545325.475,726552.0418,I6_F7_m6f6_P6_Y0_UO748,R6_F6_m-1f-1_P6_Y-1_U7,R6_F6_m-1f-1_P6_Y-1_U123,FXX,4,114.39553031173926,1,0,0.0,0,0,0,-9999.0,1.0,1,P5_CV0,3,0,2,2,0
6,2545325.475,726552.0418,R6_F6_m-1f-1_P6_Y-1_U18,-9999,-9999,FXX,5,126.33265535106408,1,0,0.0,0,0,0,-9999.0,0.5,1,P5_CV0,3,1,1,1,1
6,2545325.475,726552.0418,R6_F6_m-1f-1_P6_Y-1_U127,-9999,-9999,FXX,5,126.33265535106408,1,0,1.228,0,0,0,-9999.0,0.5,1,P5_CV0,3,1,1,1,1
6,2545325.475,726552.0418,R6_F6_m-1f-1_P6_Y-1_U72,-9999,-9999,MXY,5,126.33265535106408,1,0,0.0,0,0,0,-9999.0,0.5,1,P5_CV0,3,1,1,1,1
6,2545325.475,726552.0418,R6_F6_m-1f-1_P6_Y-1_U4,-9999,-9999,MXY,5,126.33945151386943,1,0,0.0,0,0,0,-9999.0,0.5,1,P5_CV0,3,1,1,0,2
