PatchID,XCOORD,YCOORD,ID,MID,FID,sex,age,size,mature,newmature,layeggs,capture,recapture,state,CDist,Hindex,Species,ClassFile,SubPatchID,L0A0,L0A1,L1A0,L1A1
1,2540470.832,712452.2021,R1_F1_m1f1_P1_Y3_UO18,R1_F1_m-1f-1_P1_Y-1_U67,R1_F1_m1f1_P1_Y0_UO102,MXY,1,53.62613020747331,0,0,0.0,0,0,0,-9999.0,0.375,1,P0_CV0,1,1,1,1,1
1,2540470.832,712452.2021,R1_F1_m1f1_P1_Y3_UO19,R1_F1_m-1f-1_P1_Y-1_U67,R1_F1_m1f1_P1_Y0_UO102,MXY,1,53.62613020747331,0,0,0.0,0,0,0,-9999.0,0.375,1,P0_CV0,1,0,2,2,0
1,2540470.832,712452.2021,R1_F1_m1f1_P1_Y3_UO27,R1_F1_m1f1_P1_Y1_UO513,R1_F1_m1f1_P1_Y0_UO199,MXY,1,53.62613020747331,0,0,0.0,0,0,0,-9999.0,0.125,1,P0_CV0,1,1,1,0,2
1,2540470.832,712452.2021,R1_F1_m1f1_P1_Y3_UO28,R1_F1_m1f1_P1_Y1_UO513,R1_F1_m1f1_P1_Y0_UO199,FXX,1,53.62613020747331,0,0,0.0,0,0,0,-9999.0,0.125,1,P0_CV0,1,1,1,0,2
1,2540470.832,712452.2021,R1_F1_m1f1_P1_Y3_UO39,R1_F1_m-1f-1_P1_Y-1_U53,R1_F1_m-1f-1_P1_Y-1_U14,FXX,1,53.62613020747331,0,0,0.0,0,0,0,-9999.0,0.25,1,P0_CV0,1,1,1,2,0
1,2540470.832,712452.2021,R1_F1_m1f1_P1_Y3_UO40,R1_F1_m-1f-1_P1_Y-1_U53,R1_F1_m-1f-1_P1_Y-1_U14,MXY,1,53.62613020747331,0,0,0.0,0,0,0,-9999.0,0.25,1,P0_CV0,1,0,2,1,1
1,2540470.832,712452.2021,R1_F1_m1f1_P1_Y3_UO41,R1_F1_m-1f-1_P1_Y-1_U53,R1_F1_m-1f-1_P1_Y-1_U14,MXY,1,53.62613020747331,0,0,0.0,0,0,0,-9999.0,0.25,1,P0_CV0,1,0,2,2,0
1,2540470.832,712452.2021,R1_F1_m1f1_P1_Y3_UO42,R1_F1_m-1f-1_P1_Y-1_U53,R1_F1_m-1f-1_P1_Y-1_U14,MXY,1,53.62613020747331,0,0,0.0,0,0,0,-9999.0,0.25,1,P0_CV0,1,0,2,1,1
1,2540470.832,712452.2021,R1_F1_m1f1_P1_Y3_UO48,R1_F1_m1f1_P1_Y0_UO566,R1_F1_m1f1_P1_Y1_UO349,FXX,1,53.62613020747331,0,0,0.0,0,0,0,-9999.0,0.25,1,P0_CV0,1,0,2,2,0
1,2540470.832,712452.2021,R1_F1_m1f1_P1_Y3_UO51,R1_F1_m-1f-1_P1_Y-1_U101,R1_F1_m1f1_P1_Y1_UO275,FXX,1,53.62613020747331,0,0,0.0,0,0,0,-9999.0,0.5,1,P0_CV0,1,1,1,0,2
1,2540470.832,712452.2021,R1_F1_m1f1_P1_Y3_UO52,R1_F1_m-1f-1_P1_Y-1_U101,R1_F1_m1f1_P1_Y1_UO275,MXY,1,53.62613020747331,0,0,0.0,0,0,0,-9999.0,0.5,1,P0_CV0,1,0,2,0,2
1,2540470.832,712452.2021,R1_F1_m1f1_P1_Y3_UO55,R1_F1_m1f1_P1_Y1_UO288,R1_F1_m1f1_P1_Y1_UO110,FXX,1,53.62613020747331,0,0,0.0,0,0,0,-9999.0,0.125,1,P0_CV0,1,0,2,1,1
1,2540470.832,712452.2021,R1_F1_m1f1_P1_Y3_UO64,R1_F1_m1f1_P1_Y0_UO176,R1_F1_m1f1_P1_Y1_UO159,FXX,1,53.62613020747331,0,0,0.0,0,0,0,-9999.0,0.125,1,P0_CV0,1,0,2,1,1
1,2540470.832,712452.2021,R1_F1_m1f1_P1_Y3_UO73,R1_F1_m1f1_P1_Y1_UO531,R1_F1_m1f1_P1_Y1_UO349,FXX,1,53.62613020747331,0,0,0.0,0,0,0,-9999.0,0.125,1,P0_CV0,1,2,0,1,1
1,2540470.832,712452.2021,R1_F1_m1f1_P1_Y3_UO74,R1_F1_m1f1_P1_Y0_UO177,R1_F1_m1f1_P1_Y0_UO588,FXX,1,53.62613020747331,0,0,0.0,0,0,0,-9999.0,0.25,1,P0_CV0,1,2,0,1,1
1,2540470.832,712452.2021,R1_F1_m1f1_P1_Y3_UO75,R1_F1_m1f1_P1_Y0_UO177,R1_F1_m1f1_P1_Y0_UO588,MXY,1,53.62613020747331,0,0,0.0,0,0,0,-9999.0,0.25,1,P0_CV0,1,1,1,1,1
1,2540470.832,712452.2021,R1_F1_m1f1_P1_Y3_UO87,R1_F1_m-1f-1_P1_Y-1_U115,R1_F1_m-1f-1_P1_Y-1_U47,MXY,1,53.62613020747331,0,0,0.0,0,0,0,-9999.0,0.5,1,P0_CV0,1,2,0,1,1
1,2540470.832,712452.2021,R1_F1_m1f1_P1_Y3_UO88,R1_F1_m-1f-1_P1_Y-1_U115,R1_F1_m-1f-1_P1_Y-1_U47,FXX,1,53.62613020747331,0,0,0.0,0,0,0,-9999.0,0.5,1,P0_CV0,1,2,0,1,1
1,2540470.832,712452.2021,R1_F1_m1f1_P1_Y3_UO89,R1_F1_m-1f-1_P1_Y-1_U115,R1_F1_m-1f-1_P1_Y-1_U47,FXX,1,53.62613020747331,0,0,0.0,0,0,0,-9999.0,0.5,1,P0_CV0,1,1,1,1,1
1,2540470.832,712452.2021,R1_F1_m1f1_P1_Y3_UO95,R1_F1_m1f1_P1_Y1_UO520,R1_F1_m1f1_P1_Y0_UO114,MXY,1,53.62613020747331,0,0,0.0,0,0,0,-9999.0,0.0,1,P0_CV0,1,1,1,0,2
1,2540470.832,712452.2021,R1_F1_m1f1_P1_Y3_UO97,R1_F1_m1f1_P1_Y0_UO391,R1_F1_m1f1_P1_Y1_UO422,FXX,1,53.62613020747331,0,0,0.0,0,0,0,-9999.0,0.25,1,P0_CV0,1,0,2,1,1
1,2540470.832,712452.2021,R1_F1_m1f1_P1_Y3_UO120,R1_F1_m1f1_P1_Y1_UO423,R1_F1_m1f1_P1_Y1_UO85,MXY,1,53.62613020747331,0,0,0.0,0,0,0,-9999.0,0.25,1,P0_CV0,1,1,1,0,2
1,2540470.832,712452.2021,R1_F1_m1f1_P1_Y3_UO129,R1_F1_m1f1_P1_Y1_UO111,R1_F1_m1f1_P1_Y1_UO540,FXX,1,53.62613020747331,0,0,0.0,0,0,0,-9999.0,0.25,1,P0_CV0,1,1,1,0,2
1,2540470.832,712452.2021,R1_F1_m1f1_P1_Y3_UO130,R1_F1_m1f1_P1_Y1_UO111,R1_F1_m1f1_P1_Y1_UO540,FXX,1,53.62613020747331,0,0,0.0,0,0,0,-9999.0,0.25,1,P0_CV0,1,1,1,0,2
1,2540470.832,712452.2021,R1_F1_m1f1_P1_Y3_UO136,R1_F1_m1f1_P1_Y1_UO122,R1_F1_m1f1_P1_Y1_UO159,FXX,1,53.62613020747331,0,0,0.0,0,0,0,-9999.0,0.25,1,P0_CV0,1,0,2,2,0
1,2540470.832,712452.2021,R1_F1_m1f1_P1_Y3_UO143,R1_F1_m-1f-1_P1_Y-1_U62,R1_F1_m1f1_P1_Y1_UO275,MXY,1,53.62613020747331,0,0,0.0,0,0,0,-9999.0,0.5,1,P0_CV0,1,0,2,1,1
1,2540470.832,712452.2021,R1_F1_m1f1_P1_Y3_UO144,R1_F1_m-1f-1_P1_Y-1_U62,R1_F1_m1f1_P1_Y1_UO275,MXY,1,53.62613020747331,0,0,0.0,0,0,0,-9999.0,0.5,1,P0_CV0,1,1,1,1,1
1,2540470.832,712452.2021,R1_F1_m1f1_P1_Y3_UO160,R1_F1_m1f1_P1_Y1_UO95,R1_F1_m1f1_P1_Y1_UO85,MXY,1,53.62613020747331,0,0,0.0,0,0,0,-9999.0,0.375,1,P0_CV0,1,1,1,0,2
1,2540470.832,712452.2021,R1_F1_m1f1_P1_Y3_UO161,R1_F1_m1f1_P1_Y1_UO95,R1_F1_m1f1_P1_Y1_UO85,MXY,1,53.62613020747331,0,0,0.0,0,0,0,-9999.0,0.375,1,P0_CV0,1,2,0,1,1
1,2540470.832,712452.2021,R1_F1_m1f1_P1_Y3_UO177,R1_F1_m1f1_P1_Y1_UO520,R1_F1_m-1f-1_P1_Y-1_U39,FXX,1,53.62613020747331,0,0,0.0,0,0,0,-9999.0,0.25,1,P0_CV0,1,0,2,1,1
1,2540470.832,712452.2021,R1_F1_m1f1_P1_Y3_UO178,R1_F1_m1f1_P1_Y1_UO520,R1_F1_m-1f-1_P1_Y-1_U39,FXX,1,53.62613020747331,0,0,0.0,0,0,0,-9999.0,0.25,1,P0_CV0,1,0,2,1,1
1,2540470.832,712452.2021,R1_F1_m1f1_P1_Y3_UO192,R1_F1_m1f1_P1_Y1_UO372,R1_F1_m-1f-1_P1_Y-1_U42,FXX,1,53.62613020747331,0,0,0.0,0,0,0,-9999.0,0.375,1,P0_CV0,1,2,0,1,1
1,2540470.832,712452.2021,R1_F1_m1f1_P1_Y3_UO220,R1_F1_m1f1_P1_Y1_UO372,R1_F1_m1f1_P1_Y0_UO114,MXY,1,53.62613020747331,0,0,0.0,0,0,0,-9999.0,0.125,1,P0_CV0,1,0,2,1,1
1,2540470.832,712452.2021,R1_F1_m1f1_P1_Y3_UO225,R1_F1_m1f1_P1_Y0_UO566,R1_F1_m-1f-1_P1_Y-1_U65,MXY,1,53.62613020747331,0,0,0.0,0,0,0,-9999.0,0.125,1,P0_CV0,1,0,2,1,1
1,2540470.832,712452.2021,R1_F1_m1f1_P1_Y3_UO229,R1_F1_m1f1_P1_Y0_UO176,R1_F1_m1f1_P1_Y1_UO422,FXX,1,53.62613020747331,0,0,0.0,0,0,0,-9999.0,0.0,1,P0_CV0,1,0,2,0,2
1,2540470.832,712452.2021,R1_F1_m1f1_P1_Y3_UO236,R1_F1_m1f1_P1_Y0_UO282,R1_F1_m1f1_P1_Y1_UO59,FXX,1,53.62613020747331,0,0,0.0,0,0,0,-9999.0,0.125,1,P0_CV0,1,2,0,0,2
1,2540470.832,712452.2021,R1_F1_m1f1_P1_Y3_UO243,R1_F1_m1f1_P1_Y0_UO394,R1_F1_m-1f-1_P1_Y-1_U14,FXX,1,53.62613020747331,0,0,0.0,0,0,0,-9999.0,0.25,1,P0_CV0,1,0,2,2,0
1,2540470.832,712452.2021,R1_F1_m1f1_P1_Y3_UO269,R1_F1_m-1f-1_P1_Y-1_U62,R1_F1_m-1f-1_P1_Y-1_U65,FXX,1,53.62613020747331,0,0,0.0,0,0,0,-9999.0,0.25,1,P0_CV0,1,1,1,2,0
1,2540470.832,712452.2021,R1_F1_m1f1_P1_Y3_UO270,R1_F1_m-1f-1_P1_Y-1_U62,R1_F1_m-1f-1_P1_Y-1_U65,MXY,1,53.62613020747331,0,0,0.0,0,0,0,-9999.0,0.25,1,P0_CV0,1,0,2,2,0
1,2540470.832,712452.2021,R1_F1_m1f1_P1_Y3_UO271,R1_F1_m-1f-1_P1_Y-1_U62,R1_F1_m-1f-1_P1_Y-1_U65,MXY,1,53.62613020747331,0,0,0.0,0,0,0,-9999.0,0.25,1,P0_CV0,1,0,2,2,0
1,2540470.832,712452.2021,R1_F1_m1f1_P1_Y3_UO278,R1_F1_m1f1_P1_Y0_UO503,R1_F1_m-1f-1_P1_Y-1_U42,MXY,1,53.62613020747331,0,0,0.0,0,0,0,-9999.0,0.25,1,P0_CV0,1,1,1,2,0
1,2540470.832,712452.2021,R1_F1_m1f1_P1_Y3_UO279,R1_F1_m1f1_P1_Y1_UO96,R1_F1_m1f1_P1_Y1_UO159,FXX,1,53.62613020747331,0,0,0.0,0,0,0,-9999.0,0.25,1,P0_CV0,1,0,2,2,0
1,2540470.832,712452.2021,R1_F1_m1f1_P1_Y3_UO283,R1_F1_m1f1_P1_Y1_UO111,R1_F1_m1f1_P1_Y1_UO437,MXY,1,53.62613020747331,0,0,0.0,0,0,0,-9999.0,0.375,1,P0_CV0,1,1,1,1,1
1,2540470.832,712452.2021,R1_F1_m1f1_P1_Y3_UO286,R1_F1_m1f1_P1_Y1_UO288,R1_F1_m1f1_P1_Y1_UO349,MXY,1,53.62613020747331,0,0,0.0,0,0,0,-9999.0,0.25,1,P0_CV0,1,0,2,2,0
1,2540470.832,712452.2021,R1_F1_m1f1_P1_Y3_UO287,R1_F1_m1f1_P1_Y1_UO288,R1_F1_m1f1_P1_Y1_UO349,MXY,1,53.62613020747331,0,0,0.0,0,0,0,-9999.0,0.25,1,P0_CV0,1,1,1,2,0
1,2540470.832,712452.2021,R1_F1_m1f1_P1_Y3_UO288,R1_F1_m1f1_P1_Y1_UO423,R1_F1_m1f1_P1_Y0_UO114,FXX,1,53.62613020747331,0,0,0.0,0,0,0,-9999.0,0.0,1,P0_CV0,1,1,1,1,1
1,2540470.832,712452.2021,R1_F1_m1f1_P1_Y3_UO299,R1_F1_m1f1_P1_Y0_UO178,R1_F1_m1f1_P1_Y0_UO482,MXY,1,53.62613020747331,0,0,0.0,0,0,0,-9999.0,0.0,1,P0_CV0,1,2,0,1,1
1,2540470.832,712452.2021,R1_F1_m1f1_P1_Y3_UO305,R1_F1_m1f1_P1_Y1_UO331,R1_F1_m-1f-1_P1_Y-1_U65,FXX,1,53.62613020747331,0,0,0.0,0,0,0,-9999.0,0.0,1,P0_CV0,1,0,2,1,1
1,2540470.832,712452.2021,R1_F1_m1f1_P1_Y3_UO309,R1_F1_m1f1_P1_Y0_UO129,R1_F1_m1f1_P1_Y1_UO123,MXY,1,53.62613020747331,0,0,0.0,0,0,0,-9999.0,0.5,1,P0_CV0,1,1,1,1,1
1,2540470.832,712452.2021,R1_F1_m1f1_P1_Y3_UO310,R1_F1_m1f1_P1_Y0_UO129,R1_F1_m1f1_P1_Y1_UO123,FXX,1,53.62613020747331,0,0,0.0,0,0,0,-9999.0,0.5,1,P0_CV0,1,1,1,0,2
1,2540470.832,712452.2021,R1_F1_m1f1_P1_Y3_UO336,R1_F1_m-1f-1_P1_Y-1_U53,R1_F1_m1f1_P1_Y0_UO406,FXX,1,53.62613020747331,0,0,0.0,0,0,0,-9999.0,0.5,1,P0_CV0,1,0,2,2,0
1,2540470.832,712452.2021,R1_F1_m1f1_P1_Y3_UO337,R1_F1_m-1f-1_P1_Y-1_U53,R1_F1_m1f1_P1_Y0_UO406,FXX,1,53.62613020747331,0,0,0.0,0,0,0,-9999.0,0.5,1,P0_CV0,1,0,2,2,0
1,2540470.832,712452.2021,R1_F1_m1f1_P1_Y3_UO341,R1_F1_m1f1_P1_Y1_UO531,R1_F1_m1f1_P1_Y1_UO85,MXY,1,53.62613020747331,0,0,0.0,0,0,0,-9999.0,0.25,1,P0_CV0,1,0,2,1,1
1,2540470.832,712452.2021,R1_F1_m1f1_P1_Y3_UO367,R1_F1_m1f1_P1_Y0_UO566,R1_F1_m1f1_P1_Y1_UO539,MXY,1,53.62613020747331,0,0,0.0,0,0,0,-9999.0,0.125,1,P0_CV0,1,0,2,0,2
1,2540470.832,712452.2021,R1_F1_m1f1_P1_Y3_UO376,R1_F1_m1f1_P1_Y0_UO353,R1_F1_m1f1_P1_Y1_UO349,MXY,1,53.62613020747331,0,0,0.0,0,0,0,-9999.0,0.125,1,P0_CV0,1,1,1,1,1
1,2540470.832,712452.2021,R1_F1_m1f1_P1_Y3_UO377,R1_F1_m1f1_P1_Y0_UO178,R1_F1_m1f1_P1_Y1_UO191,FXX,1,53.62613020747331,0,0,0.0,0,0,0,-9999.0,0.125,1,P0_CV0,1,1,1,1,1
1,2540470.832,712452.2021,R1_F1_m1f1_P1_Y3_UO378,R1_F1_m1f1_P1_Y0_UO178,R1_F1_m1f1_P1_Y1_UO191,FXX,1,53.62613020747331,0,0,0.0,0,0,0,-9999.0,0.125,1,P0_CV0,1,1,1,1,1
1,2540470.832,712452.2021,R1_F1_m1f1_P1_Y3_UO391,R1_F1_m1f1_P1_Y1_UO361,R1_F1_m1f1_P1_Y1_UO566,FXX,1,53.62613020747331,0,0,0.0,0,0,0,-9999.0,0.375,1,P0_CV0,1,1,1,1,1
1,2540470.832,712452.2021,R1_F1_m1f1_P1_Y3_UO395,R1_F1_m1f1_P1_Y1_UO513,R1_F1_m1f1_P1_Y0_UO230,FXX,1,53.62613020747331,0,0,0.0,0,0,0,-9999.0,0.125,1,P0_CV0,1,0,2,1,1
1,2540470.832,712452.2021,R1_F1_m1f1_P1_Y3_UO396,R1_F1_m-1f-1_P1_Y-1_U114,R1_F1_m1f1_P1_Y1_UO47,MXY,1,53.62613020747331,0,0,0.0,0,0,0,-9999.0,0.125,1,P0_CV0,1,0,2,0,2
1,2540470.832,712452.2021,R1_F1_m1f1_P1_Y3_UO397,R1_F1_m-1f-1_P1_Y-1_U114,R1_F1_m1f1_P1_Y1_UO47,MXY,1,53.62613020747331,0,0,0.0,0,0,0,-9999.0,0.125,1,P0_CV0,1,1,1,0,2
1,2540470.832,712452.2021,R1_F1_m1f1_P1_Y3_UO401,R1_F1_m1f1_P1_Y0_UO566,R1_F1_m1f1_P1_Y1_UO540,MXY,1,53.62613020747331,0,0,0.0,0,0,0,-9999.0,0.125,1,P0_CV0,1,0,2,2,0
1,2540470.832,712452.2021,R1_F1_m1f1_P1_Y3_UO402,R1_F1_m1f1_P1_Y1_UO443,R1_F1_m-1f-1_P1_Y-1_U77,FXX,1,53.62613020747331,0,0,0.0,0,0,0,-9999.0,0.25,1,P0_CV0,1,0,2,1,1
1,2540470.832,712452.2021,R1_F1_m1f1_P1_Y3_UO410,R1_F1_m1f1_P1_Y1_UO321,R1_F1_m-1f-1_P1_Y-1_U30,FXX,1,53.62613020747331,0,0,0.0,0,0,0,-9999.0,0.125,1,P0_CV0,1,0,2,1,1
1,2540470.832,712452.2021,R1_F1_m1f1_P1_Y3_UO417,R1_F1_m1f1_P1_Y0_UO282,R1_F1_m1f1_P1_Y1_UO47,MXY,1,53.62613020747331,0,0,0.0,0,0,0,-9999.0,0.25,1,P0_CV0,1,0,2,0,2
1,2540470.832,712452.2021,R1_F1_m1f1_P1_Y3_UO418,R1_F1_m1f1_P1_Y0_UO539,R1_F1_m-1f-1_P1_Y-1_U118,MXY,1,53.62613020747331,0,0,0.0,0,0,0,-9999.0,0.25,1,P0_CV0,1,0,2,0,2
1,2540470.832,712452.2021,R1_F1_m1f1_P1_Y3_UO419,R1_F1_m1f1_P1_Y1_UO361,R1_F1_m1f1_P1_Y1_UO566,FXX,1,53.62613020747331,0,0,0.0,0,0,0,-9999.0,0.375,1,P0_CV0,1,1,1,1,1
1,2540470.832,712452.2021,R1_F1_m1f1_P1_Y3_UO422,R1_F1_m1f1_P1_Y0_UO282,R1_F1_m1f1_P1_Y0_UO102,FXX,1,53.62613020747331,0,0,0.0,0,0,0,-9999.0,0.25,1,P0_CV0,1,1,1,2,0
1,2540470.832,712452.2021,R1_F1_m1f1_P1_Y3_UO423,R1_F1_m1f1_P1_Y0_UO282,R1_F1_m1f1_P1_Y0_UO102,MXY,1,53.62613020747331,0,0,0.0,0,0,0,-9999.0,0.25,1,P0_CV0,1,1,1,2,0
1,2540470.832,712452.2021,R1_F1_m1f1_P1_Y3_UO427,R1_F1_m1f1_P1_Y1_UO331,R1_F1_m1f1_P1_Y1_UO440,MXY,1,53.62613020747331,0,0,0.0,0,0,0,-9999.0,0.125,1,P0_CV0,1,2,0,1,1
1,2540470.832,712452.2021,R1_F1_m1f1_P1_Y3_UO428,R1_F1_m1f1_P1_Y0_UO394,R1_F1_m-1f-1_P1_Y-1_U30,FXX,1,53.62613020747331,0,0,0.0,0,0,0,-9999.0,0.25,1,P0_CV0,1,0,2,1,1
1,2540470.832,712452.2021,R1_F1_m1f1_P1_Y3_UO435,R1_F1_m1f1_P1_Y1_UO423,R1_F1_m-1f-1_P1_Y-1_U65,MXY,1,53.62613020747331,0,0,0.0,0,0,0,-9999.0,0.0,1,P0_CV0,1,0,2,1,1
1,2540470.832,712452.2021,R1_F1_m1f1_P1_Y3_UO486,R1_F1_m-1f-1_P1_Y-1_U104,R1_F1_m1f1_P1_Y0_UO736,FXX,1,53.62613020747331,0,0,0.0,0,0,0,-9999.0,0.0,1,P0_CV0,1,0,2,2,0
1,2540470.832,712452.2021,R1_F1_m1f1_P1_Y3_UO487,R1_F1_m-1f-1_P1_Y-1_U104,R1_F1_m1f1_P1_Y0_UO736,MXY,1,53.62613020747331,0,0,0.0,0,0,0,-9999.0,0.0,1,P0_CV0,1,0,2,1,1
1,2540470.832,712452.2021,R1_F1_m1f1_P1_Y3_UO488,R1_F1_m-1f-1_P1_Y-1_U104,R1_F1_m1f1_P1_Y0_UO736,MXY,1,53.62613020747331,0,0,0.0,0,0,0,-9999.0,0.0,1,P0_CV0,1,0,2,0,2
1,2540470.832,712452.2021,R1_F1_m1f1_P1_Y3_UO494,R1_F1_m1f1_P1_Y0_UO177,R1_F1_m-1f-1_P1_Y-1_U14,MXY,1,53.62613020747331,0,0,0.0,0,0,0,-9999.0,0.0,1,P0_CV0,1,1,1,1,1
1,2540470.832,712452.2021,R1_F1_m1f1_P1_Y3_UO497,R1_F1_m1f1_P1_Y1_UO520,R1_F1_m1f1_P1_Y1_UO191,FXX,1,53.62613020747331,0,0,0.0,0,0,0,-9999.0,0.125,1,P0_CV0,1,1,1,1,1
1,2540470.832,712452.2021,R1_F1_m1f1_P1_Y3_UO504,R1_F1_m1f1_P1_Y1_UO531,R1_F1_m1f1_P1_Y1_UO540,MXY,1,53.62613020747331,0,0,0.0,0,0,0,-9999.0,0.0,1,P0_CV0,1,1,1,1,1
1,2540470.832,712452.2021,R1_F1_m1f1_P1_Y3_UO506,R1_F1_m1f1_P1_Y1_UO520,R1_F1_m-1f-1_P1_Y-1_U19,FXX,1,53.62613020747331,0,0,0.0,0,0,0,-9999.0,0.5,1,P0_CV0,1,2,0,1,1
1,2540470.832,712452.2021,R1_F1_m1f1_P1_Y2_UO114,R1_F1_m1f1_P1_Y0_UO539,R1_F1_m1f1_P1_Y0_UO114,MXY,2,77.58253724906278,1,0,0.0,0,0,0,-9999.0,0.25,1,P0_CV0,1,0,2,1,1
1,2540470.832,712452.2021,R1_F1_m1f1_P1_Y2_UO624,R1_F1_m1f1_P1_Y0_UO430,R1_F1_m1f1_P1_Y0_UO588,FXX,2,77.58253724906278,1,0,2.023,0,0,0,-9999.0,0.375,1,P0_CV0,1,2,0,1,1
1,2540470.832,712452.2021,R1_F1_m1f1_P1_Y2_UO659,R1_F1_m1f1_P1_Y0_UO539,R1_F1_m1f1_P1_Y0_UO628,FXX,2,77.58253724906278,1,0,0.0,0,0,0,-9999.0,0.375,1,P0_CV0,1,1,1,1,1
1,2540470.832,712452.2021,R1_F1_m1f1_P1_Y2_UO398,R1_F1_m1f1_P1_Y0_UO430,R1_F1_m-1f-1_P1_Y-1_U106,MXY,2,77.58253724906278,1,0,0.0,0,0,0,-9999.0,0.125,1,P0_CV0,1,1,1,1,1
1,2540470.832,712452.2021,R1_F1_m1f1_P1_Y2_UO392,R1_F1_m1f1_P1_Y0_UO634,R1_F1_m-1f-1_P1_Y-1_U40,MXY,2,77.58253724906278,1,0,0.0,0,0,0,-9999.0,0.375,1,P0_CV0,1,2,0,0,2
1,2540470.832,712452.2021,R1_F1_m1f1_P1_Y2_UO421,R1_F1_m1f1_P1_Y0_UO391,R1_F1_m1f1_P1_Y0_UO199,MXY,2,77.58253724906278,1,0,0.0,0,0,0,-9999.0,0.25,1,P0_CV0,1,0,2,2,0
1,2540470.832,712452.2021,R1_F1_m1f1_P1_Y2_UO649,R1_F1_m1f1_P1_Y0_UO394,R1_F1_m1f1_P1_Y0_UO367,MXY,2,77.58253724906278,1,0,0.0,0,0,0,-9999.0,0.5,1,P0_CV0,1,1,1,1,1
1,2540470.832,712452.2021,R1_F1_m1f1_P1_Y2_UO265,R1_F1_m1f1_P1_Y0_UO566,R1_F1_m1f1_P1_Y0_UO199,MXY,2,77.58253724906278,1,0,0.0,0,0,0,-9999.0,0.125,1,P0_CV0,1,0,2,1,1
1,2540470.832,712452.2021,R1_F1_m1f1_P1_Y2_UO467,R1_F1_m1f1_P1_Y0_UO480,R1_F1_m1f1_P1_Y0_UO114,FXX,2,77.58253724906278,1,0,1.02,0,0,0,-9999.0,0.0,1,P0_CV0,1,1,1,1,1
1,2540470.832,712452.2021,R1_F1_m1f1_P1_Y2_UO650,R1_F1_m1f1_P1_Y0_UO394,R1_F1_m1f1_P1_Y0_UO367,MXY,2,77.58253724906278,1,0,0.0,0,0,0,-9999.0,0.5,1,P0_CV0,1,1,1,0,2
1,2540470.832,712452.2021,R1_F1_m1f1_P1_Y2_UO143,R1_F1_m1f1_P1_Y0_UO257,R1_F1_m-1f-1_P1_Y-1_U77,FXX,2,77.58253724906278,1,0,2.267,0,0,0,-9999.0,0.375,1,P0_CV0,1,1,1,0,2
1,2540470.832,712452.2021,R1_F1_m1f1_P1_Y2_UO186,R1_F1_m1f1_P1_Y0_UO566,R1_F1_m1f1_P1_Y0_UO199,MXY,2,77.58253724906278,1,0,0.0,0,0,0,-9999.0,0.125,1,P0_CV0,1,1,1,1,1
1,2540470.832,712452.2021,R1_F1_m1f1_P1_Y2_UO324,R1_F1_m1f1_P1_Y0_UO353,R1_F1_m-1f-1_P1_Y-1_U65,MXY,2,77.58253724906278,1,0,0.0,0,0,0,-9999.0,0.0,1,P0_CV0,1,1,1,2,0
1,2540470.832,712452.2021,R1_F1_m1f1_P1_Y2_UO594,R1_F1_m1f1_P1_Y0_UO435,R1_F1_m1f1_P1_Y0_UO23,MXY,2,77.58253724906278,1,0,0.0,0,0,0,-9999.0,0.125,1,P0_CV0,1,1,1,1,1
1,2540470.832,712452.2021,R1_F1_m1f1_P1_Y2_UO397,R1_F1_m1f1_P1_Y0_UO430,R1_F1_m-1f-1_P1_Y-1_U106,FXX,2,77.58253724906278,1,0,1.906,0,0,0,-9999.0,0.125,1,P0_CV0,1,0,2,0,2
1,2540470.832,712452.2021,R1_F1_m1f1_P1_Y2_UO548,R1_F1_m1f1_P1_Y0_UO634,R1_F1_m1f1_P1_Y0_UO23,FXX,2,77.58253724906278,1,0,0.0,0,0,0,-9999.0,0.125,1,P0_CV0,1,2,0,1,1
1,2540470.832,712452.2021,R1_F1_m1f1_P1_Y2_UO327,R1_F1_m1f1_P1_Y0_UO353,R1_F1_m-1f-1_P1_Y-1_U65,FXX,2,77.58253724906278,1,0,2.086,0,0,0,-9999.0,0.0,1,P0_CV0,1,1,1,1,1
1,2540470.832,712452.2021,R1_F1_m1f1_P1_Y2_UO422,R1_F1_m1f1_P1_Y0_UO391,R1_F1_m1f1_P1_Y0_UO199,FXX,2,77.58253724906278,1,0,3.087,0,0,0,-9999.0,0.25,1,P0_CV0,1,0,2,2,0
1,2540470.832,712452.2021,R1_F1_m1f1_P1_Y2_UO394,R1_F1_m1f1_P1_Y0_UO634,R1_F1_m-1f-1_P1_Y-1_U40,MXY,2,77.58253724906278,1,0,0.0,0,0,0,-9999.0,0.375,1,P0_CV0,1,2,0,0,2
1,2540470.832,712452.2021,R1_F1_m1f1_P1_Y2_UO653,R1_F1_m1f1_P1_Y0_UO394,R1_F1_m1f1_P1_Y0_UO367,FXX,2,77.58253724906278,1,0,0.0,0,0,0,-9999.0,0.5,1,P0_CV0,1,1,1,0,2
1,2540470.832,712452.2021,R1_F1_m1f1_P1_Y2_UO651,R1_F1_m1f1_P1_Y0_UO394,R1_F1_m1f1_P1_Y0_UO367,MXY,2,77.58253724906278,1,0,0.0,0,0,0,-9999.0,0.5,1,P0_CV0,1,1,1,0,2
1,2540470.832,712452.2021,R1_F1_m1f1_P1_Y2_UO308,R1_F1_m1f1_P1_Y0_UO567,R1_F1_m1f1_P1_Y0_UO736,MXY,2,77.58253724906278,1,0,0.0,0,0,0,-9999.0,0.125,1,P0_CV0,1,0,2,0,2
1,2540470.832,712452.2021,R1_F1_m1f1_P1_Y2_UO50,R1_F1_m1f1_P1_Y0_UO391,R1_F1_m-1f-1_P1_Y-1_U39,FXX,2,77.58253724906278,1,0,1.741,0,0,0,-9999.0,0.5,1,P0_CV0,1,2,0,2,0
1,2540470.832,712452.2021,R1_F1_m1f1_P1_Y2_UO129,R1_F1_m-1f-1_P1_Y-1_U88,R1_F1_m-1f-1_P1_Y-1_U30,MXY,2,77.58253724906278,1,0,0.0,0,0,0,-9999.0,0.25,1,P0_CV0,1,0,2,0,2
1,2540470.832,712452.2021,R1_F1_m1f1_P1_Y2_UO274,R1_F1_m1f1_P1_Y0_UO391,R1_F1_m-1f-1_P1_Y-1_U19,MXY,2,77.58253724906278,1,0,0.0,0,0,0,-9999.0,0.75,1,P0_CV0,1,2,0,2,0
1,2540470.832,712452.2021,R1_F1_m1f1_P1_Y2_UO264,R1_F1_m1f1_P1_Y0_UO566,R1_F1_m1f1_P1_Y0_UO199,MXY,2,77.58253724906278,1,0,0.0,0,0,0,-9999.0,0.125,1,P0_CV0,1,0,2,0,2
1,2540470.832,712452.2021,R1_F1_m1f1_P1_Y2_UO99,R1_F1_m1f1_P1_Y0_UO480,R1_F1_m-1f-1_P1_Y-1_U30,MXY,2,77.58253724906278,1,0,0.0,0,0,0,-9999.0,0.0,1,P0_CV0,1,0,2,1,1
1,2540470.832,712452.2021,R1_F1_m1f1_P1_Y2_UO596,R1_F1_m1f1_P1_Y0_UO435,R1_F1_m1f1_P1_Y0_UO23,MXY,2,77.58253724906278,1,0,0.0,0,0,0,-9999.0,0.125,1,P0_CV0,1,1,1,1,1
1,2540470.832,712452.2021,R1_F1_m1f1_P1_Y2_UO116,R1_F1_m1f1_P1_Y0_UO539,R1_F1_m1f1_P1_Y0_UO114,FXX,2,77.58253724906278,1,0,1.0,0,0,0,-9999.0,0.25,1,P0_CV0,1,1,1,1,1
1,2540470.832,712452.2021,R1_F1_m1f1_P1_Y2_UO276,R1_F1_m1f1_P1_Y0_UO391,R1_F1_m-1f-1_P1_Y-1_U19,MXY,2,77.58253724906278,1,0,0.0,0,0,0,-9999.0,0.75,1,P0_CV0,1,2,0,2,0
1,2540470.832,712452.2021,R1_F1_m1f1_P1_Y2_UO658,R1_F1_m1f1_P1_Y0_UO539,R1_F1_m1f1_P1_Y0_UO628,FXX,2,77.58253724906278,1,0,1.174,0,0,0,-9999.0,0.375,1,P0_CV0,1,0,2,1,1
1,2540470.832,712452.2021,R1_F1_m1f1_P1_Y2_UO395,R1_F1_m1f1_P1_Y0_UO430,R1_F1_m-1f-1_P1_Y-1_U106,FXX,2,77.58253724906278,1,0,0.0,0,0,0,-9999.0,0.125,1,P0_CV0,1,0,2,1,1
1,2540470.832,712452.2021,R1_F1_m1f1_P1_Y2_UO283,R1_F1_m-1f-1_P1_Y-1_U115,R1_F1_m1f1_P1_Y0_UO580,FXX,2,77.58253724906278,1,0,1.0,0,0,0,-9999.0,0.375,1,P0_CV0,1,1,1,2,0
1,2540470.832,712452.2021,R1_F1_m1f1_P1_Y1_UO110,R1_F1_m-1f-1_P1_Y-1_U114,R1_F1_m-1f-1_P1_Y-1_U105,MXY,3,97.18394065947172,1,0,0.0,0,0,0,-9999.0,0.0,1,P0_CV0,1,0,2,1,1
1,2540470.832,712452.2021,R1_F1_m1f1_P1_Y1_UO201,R1_F1_m-1f-1_P1_Y-1_U83,R1_F1_m-1f-1_P1_Y-1_U66,FXX,3,97.18394065947172,1,0,1.727,0,0,0,-9999.0,0.0,1,P0_CV0,1,1,1,1,1
1,2540470.832,712452.2021,R1_F1_m1f1_P1_Y1_UO361,R1_F1_m-1f-1_P1_Y-1_U48,R1_F1_m-1f-1_P1_Y-1_U103,FXX,3,97.18394065947172,1,0,2.636,0,0,0,-9999.0,0.25,1,P0_CV0,1,0,2,0,2
1,2540470.832,712452.2021,R1_F1_m1f1_P1_Y1_UO514,R1_F1_m-1f-1_P1_Y-1_U123,R1_F1_m-1f-1_P1_Y-1_U107,MXY,3,97.18394065947172,1,0,0.0,0,0,0,-9999.0,0.25,1,P0_CV0,1,0,2,2,0
1,2540470.832,712452.2021,R1_F1_m1f1_P1_Y1_UO123,R1_F1_m-1f-1_P1_Y-1_U41,R1_F1_m-1f-1_P1_Y-1_U42,MXY,3,97.18394065947172,1,0,0.0,0,0,0,-9999.0,0.75,1,P0_CV0,1,2,0,1,1
1,2540470.832,712452.2021,R1_F1_m1f1_P1_Y1_UO309,R1_F1_m-1f-1_P1_Y-1_U79,R1_F1_m-1f-1_P1_Y-1_U72,MXY,3,97.18394065947172,1,0,0.0,0,0,0,-9999.0,0.25,1,P0_CV0,1,1,1,1,1
1,2540470.832,712452.2021,R1_F1_m1f1_P1_Y1_UO437,R1_F1_m-1f-1_P1_Y-1_U90,R1_F1_m-1f-1_P1_Y-1_U34,MXY,3,97.18394065947172,1,0,0.0,0,0,0,-9999.0,0.25,1,P0_CV0,1,1,1,2,0
1,2540470.832,712452.2021,R1_F1_m1f1_P1_Y1_UO540,R1_F1_m-1f-1_P1_Y-1_U112,R1_F1_m-1f-1_P1_Y-1_U65,MXY,3,97.18394065947172,1,0,0.0,0,0,0,-9999.0,0.0,1,P0_CV0,1,0,2,1,1
1,2540470.832,712452.2021,R1_F1_m1f1_P1_Y1_UO568,R1_F1_m-1f-1_P1_Y-1_U96,R1_F1_m-1f-1_P1_Y-1_U61,MXY,3,97.18394065947172,1,0,0.0,0,0,0,-9999.0,0.5,1,P0_CV0,1,0,2,2,0
1,2540470.832,712452.2021,R1_F1_m1f1_P1_Y1_UO85,R1_F1_m-1f-1_P1_Y-1_U122,R1_F1_m-1f-1_P1_Y-1_U19,MXY,3,97.18394065947172,1,0,0.0,0,0,0,-9999.0,0.5,1,P0_CV0,1,1,1,1,1
1,2540470.832,712452.2021,R1_F1_m1f1_P1_Y1_UO533,R1_F1_m-1f-1_P1_Y-1_U81,R1_F1_m-1f-1_P1_Y-1_U39,FXX,3,97.18394065947172,1,0,1.578,0,0,0,-9999.0,0.25,1,P0_CV0,1,1,1,1,1
1,2540470.832,712452.2021,R1_F1_m1f1_P1_Y1_UO566,R1_F1_m-1f-1_P1_Y-1_U67,R1_F1_m-1f-1_P1_Y-1_U93,MXY,3,97.18394065947172,1,0,0.0,0,0,0,-9999.0,0.5,1,P0_CV0,1,1,1,2,0
1,2540470.832,712452.2021,R1_F1_m1f1_P1_Y1_UO513,R1_F1_m-1f-1_P1_Y-1_U123,R1_F1_m-1f-1_P1_Y-1_U107,FXX,3,97.18394065947172,1,0,2.113,0,0,0,-9999.0,0.25,1,P0_CV0,1,0,2,0,2
1,2540470.832,712452.2021,R1_F1_m1f1_P1_Y1_UO553,R1_F1_m-1f-1_P1_Y-1_U68,R1_F1_m-1f-1_P1_Y-1_U85,FXX,3,97.18394065947172,1,0,1.122,0,0,0,-9999.0,0.5,1,P0_CV0,1,0,2,1,1
1,2540470.832,712452.2021,R1_F1_m1f1_P1_Y1_UO275,R1_F1_m-1f-1_P1_Y-1_U67,R1_F1_m-1f-1_P1_Y-1_U17,MXY,3,97.18394065947172,1,0,0.0,0,0,0,-9999.0,0.5,1,P0_CV0,1,0,2,0,2
1,2540470.832,712452.2021,R1_F1_m1f1_P1_Y1_UO422,R1_F1_m-1f-1_P1_Y-1_U54,R1_F1_m-1f-1_P1_Y-1_U29,MXY,3,97.18394065947172,1,0,0.0,0,0,0,-9999.0,0.0,1,P0_CV0,1,1,1,0,2
1,2540470.832,712452.2021,R1_F1_m1f1_P1_Y1_UO372,R1_F1_m-1f-1_P1_Y-1_U52,R1_F1_m-1f-1_P1_Y-1_U118,FXX,3,97.18394065947172,1,0,1.425,0,0,0,-9999.0,0.25,1,P0_CV0,1,1,1,2,0
1,2540470.832,712452.2021,R1_F1_m1f1_P1_Y1_UO3,R1_F1_m-1f-1_P1_Y-1_U108,R1_F1_m-1f-1_P1_Y-1_U49,FXX,3,97.18394065947172,1,0,0.0,0,0,0,-9999.0,0.25,1,P0_CV0,1,1,1,2,0
1,2540470.832,712452.2021,R1_F1_m1f1_P1_Y1_UO288,R1_F1_m-1f-1_P1_Y-1_U44,R1_F1_m-1f-1_P1_Y-1_U50,FXX,3,97.18394065947172,1,0,1.0,0,0,0,-9999.0,0.25,1,P0_CV0,1,1,1,1,1
1,2540470.832,712452.2021,R1_F1_m1f1_P1_Y1_UO122,R1_F1_m-1f-1_P1_Y-1_U126,R1_F1_m-1f-1_P1_Y-1_U42,FXX,3,97.18394065947172,1,0,1.472,0,0,0,-9999.0,0.25,1,P0_CV0,1,0,2,1,1
1,2540470.832,712452.2021,R1_F1_m1f1_P1_Y1_UO520,R1_F1_m-1f-1_P1_Y-1_U33,R1_F1_m-1f-1_P1_Y-1_U116,FXX,3,97.18394065947172,1,0,1.83,0,0,0,-9999.0,0.0,1,P0_CV0,1,1,1,0,2
1,2540470.832,712452.2021,I1_F7_m1f1_P1_Y1_UO349,R1_F1_m-1f-1_P1_Y-1_U76,R1_F1_m-1f-1_P1_Y-1_U91,MXY,3,97.17519229473915,1,0,0.0,0,0,0,-9999.0,0.25,1,P0_CV0,1,1,1,2,0
1,2540470.832,712452.2021,R1_F1_m1f1_P1_Y0_UO430,R1_F1_m-1f-1_P1_Y-1_U71,R1_F1_m-1f-1_P1_Y-1_U56,FXX,4,111.61798582835895,1,0,1.331,0,0,0,-9999.0,0.25,1,P0_CV0,1,1,1,1,1
1,2540470.832,712452.2021,R1_F1_m1f1_P1_Y0_UO634,R1_F1_m-1f-1_P1_Y-1_U82,R1_F1_m-1f-1_P1_Y-1_U93,FXX,4,111.61798582835895,1,0,1.0,0,0,0,-9999.0,0.25,1,P0_CV0,1,2,0,0,2
1,2540470.832,712452.2021,R1_F1_m1f1_P1_Y0_UO178,R1_F1_m-1f-1_P1_Y-1_U24,R1_F1_m-1f-1_P1_Y-1_U27,FXX,4,111.61798582835895,1,0,0.0,0,0,0,-9999.0,0.0,1,P0_CV0,1,1,1,1,1
1,2540470.832,712452.2021,R1_F1_m1f1_P1_Y0_UO435,R1_F1_m-1f-1_P1_Y-1_U71,R1_F1_m-1f-1_P1_Y-1_U56,FXX,4,111.61798582835895,1,0,1.0,0,0,0,-9999.0,0.25,1,P0_CV0,1,1,1,0,2
1,2540470.832,712452.2021,R1_F1_m1f1_P1_Y0_UO406,R1_F1_m-1f-1_P1_Y-1_U90,R1_F1_m-1f-1_P1_Y-1_U92,MXY,4,111.61798582835895,1,0,0.0,0,0,0,-9999.0,0.5,1,P0_CV0,1,1,1,2,0
1,2540470.832,712452.2021,R1_F1_m1f1_P1_Y0_UO23,R1_F1_m-1f-1_P1_Y-1_U24,R1_F1_m-1f-1_P1_Y-1_U63,MXY,4,111.61798582835895,1,0,0.0,0,0,0,-9999.0,0.0,1,P0_CV0,1,1,1,2,0
1,2540470.832,712452.2021,I1_F7_m1f1_P1_Y0_UO580,R1_F1_m-1f-1_P1_Y-1_U0,R1_F1_m-1f-1_P1_Y-1_U27,MXY,4,111.6107792926389,1,0,0.0,0,0,0,-9999.0,0.25,1,P0_CV0,1,1,1,1,1
1,2540470.832,712452.2021,I1_F7_m1f1_P1_Y0_UO628,R1_F1_m-1f-1_P1_Y-1_U82,R1_F1_m-1f-1_P1_Y-1_U93,MXY,4,111.6107792926389,1,0,0.0,0,0,0,-9999.0,0.25,1,P0_CV0,1,0,2,2,0
1,2540470.832,712452.2021,R1_F1_m-1f-1_P1_Y-1_U110,-9999,-9999,FXX,5,121.64021290552176,1,0,1.0,0,0,0,-9999.0,0.5,1,P0_CV0,1,1,1,2,0
1,2540470.832,712452.2021,R1_F1_m-1f-1_P1_Y-1_U39,-9999,-9999,MXY,5,121.64021290552176,1,0,0.0,0,0,0,-9999.0,0.5,1,P0_CV0,1,1,1,2,0
1,2540470.832,712452.2021,R1_F1_m1f1_P1_Y1_UO376,R1_F1_m-1f-1_P1_Y-1_U53,RD1_F2_m-1f-1_P2_Y-1_U84,FXX,3,97.18394065947172,1,0,1.0,0,0,0,-9999.0,0.5,1,P1_CV0,1,0,2,1,1
1,2540470.832,712452.2021,RD1_F3_m3f3_P3_Y3_UO400,R3_F3_m3f3_P3_Y0_UO357,R3_F3_m3f3_P3_Y1_UO229,MXY,1,53.62866643634068,0,0,0.0,0,0,0,-9999.0,0.875,1,P2_CV0,1,2,0,2,0
1,2540470.832,712452.2021,RD1_F6_m6f6_P6_Y3_UO77,R6_F6_m6f6_P6_Y1_UO108,R6_F6_m-1f-1_P6_Y-1_U83,FXX,1,53.628124973411786,0,0,0.0,0,0,0,-9999.0,0.625,1,P5_CV0,1,2,0,1,1
1,2540470.832,712452.2021,RD1_F6_m6f6_P6_Y3_UO411,R6_F6_m6f6_P6_Y0_UO655,R6_F6_m6f6_P6_Y0_UO662,FXX,1,53.628124973411786,0,0,0.0,0,0,0,-9999.0,0.625,1,P5_CV0,1,1,1,1,1
1,2540470.832,712452.2021,RD1_F6_m6f6_P6_Y2_UO251,R6_F6_m-1f-1_P6_Y-1_U9,R6_F6_m-1f-1_P6_Y-1_U63,FXX,2,84.38560697987239,1,0,0.0,0,0,0,-9999.0,0.75,1,P5_CV0,1,1,1,0,2
2,2536859.926,708059.4624,RD2_F1_m1f1_P1_Y1_UO287,R1_F1_m-1f-1_P1_Y-1_U20,I1_F7_m-1f-1_P1_Y-1_U15,FXX,3,78.14847474200928,1,0,1.0,0,0,0,-9999.0,0.5,1,P0_CV0,1,1,1,1,1
2,2536859.926,708059.4624,R2_F2_m2f2_P2_Y3_UO17,R2_F2_m2f2_P2_Y0_UO558,R2_F2_m2f2_P2_Y0_UO361,FXX,1,31.522399125420424,0,0,0.0,0,0,0,-9999.0,0.375,1,P1_CV0,1,2,0,0,2
2,2536859.926,708059.4624,R2_F2_m2f2_P2_Y3_UO20,R2_F2_m2f2_P2_Y1_UO484,R2_F2_m2f2_P2_Y1_UO232,MXY,1,31.522399125420424,0,0,0.0,0,0,0,-9999.0,0.75,1,P1_CV0,1,1,1,1,1
2,2536859.926,708059.4624,R2_F2_m2f2_P2_Y3_UO46,R2_F2_m2f2_P2_Y0_UO283,R2_F2_m2f2_P2_Y1_UO525,FXX,1,31.522399125420424,0,0,0.0,0,0,0,-9999.0,0.5,1,P1_CV0,1,1,1,2,0
2,2536859.926,708059.4624,R2_F2_m2f2_P2_Y3_UO47,R2_F2_m2f2_P2_Y0_UO283,R2_F2_m2f2_P2_Y1_UO525,FXX,1,31.522399125420424,0,0,0.0,0,0,0,-9999.0,0.5,1,P1_CV0,1,1,1,1,1
2,2536859.926,708059.4624,R2_F2_m2f2_P2_Y3_UO63,R2_F2_m2f2_P2_Y1_UO186,R2_F2_m2f2_P2_Y0_UO564,FXX,1,31.522399125420424,0,0,0.0,0,0,0,-9999.0,0.25,1,P1_CV0,1,0,2,0,2
2,2536859.926,708059.4624,R2_F2_m2f2_P2_Y3_UO80,R2_F2_m2f2_P2_Y1_UO327,R2_F2_m-1f-1_P2_Y-1_U65,MXY,1,31.522399125420424,0,0,0.0,0,0,0,-9999.0,0.625,1,P1_CV0,1,2,0,1,1
2,2536859.926,708059.4624,R2_F2_m2f2_P2_Y3_UO90,R2_F2_m2f2_P2_Y1_UO186,R2_F2_m2f2_P2_Y0_UO552,FXX,1,31.522399125420424,0,0,0.0,0,0,0,-9999.0,0.25,1,P1_CV0,1,1,1,0,2
2,2536859.926,708059.4624,R2_F2_m2f2_P2_Y3_UO91,R2_F2_m2f2_P2_Y1_UO186,R2_F2_m2f2_P2_Y0_UO552,FXX,1,31.522399125420424,0,0,0.0,0,0,0,-9999.0,0.25,1,P1_CV0,1,1,1,0,2
2,2536859.926,708059.4624,R2_F2_m2f2_P2_Y3_UO111,R2_F2_m-1f-1_P2_Y-1_U14,R2_F2_m2f2_P2_Y1_UO525,MXY,1,31.522399125420424,0,0,0.0,0,0,0,-9999.0,0.625,1,P1_CV0,1,1,1,0,2
2,2536859.926,708059.4624,R2_F2_m2f2_P2_Y3_UO112,R2_F2_m-1f-1_P2_Y-1_U14,R2_F2_m2f2_P2_Y1_UO525,FXX,1,31.522399125420424,0,0,0.0,0,0,0,-9999.0,0.625,1,P1_CV0,1,0,2,1,1
2,2536859.926,708059.4624,R2_F2_m2f2_P2_Y3_UO113,R2_F2_m-1f-1_P2_Y-1_U14,R2_F2_m2f2_P2_Y1_UO525,FXX,1,31.522399125420424,0,0,0.0,0,0,0,-9999.0,0.625,1,P1_CV0,1,0,2,0,2
2,2536859.926,708059.4624,R2_F2_m2f2_P2_Y3_UO114,R2_F2_m-1f-1_P2_Y-1_U14,R2_F2_m2f2_P2_Y1_UO525,MXY,1,31.522399125420424,0,0,0.0,0,0,0,-9999.0,0.625,1,P1_CV0,1,0,2,1,1
2,2536859.926,708059.4624,R2_F2_m2f2_P2_Y3_UO169,R2_F2_m2f2_P2_Y1_UO327,I2_F7_m-1f-1_P2_Y-1_U46,FXX,1,31.522399125420424,0,0,0.0,0,0,0,-9999.0,0.625,1,P1_CV0,1,2,0,2,0
2,2536859.926,708059.4624,R2_F2_m2f2_P2_Y3_UO170,R2_F2_m2f2_P2_Y1_UO327,I2_F7_m-1f-1_P2_Y-1_U46,FXX,1,31.522399125420424,0,0,0.0,0,0,0,-9999.0,0.625,1,P1_CV0,1,1,1,1,1
2,2536859.926,708059.4624,R2_F2_m2f2_P2_Y3_UO171,R2_F2_m2f2_P2_Y1_UO327,I2_F7_m-1f-1_P2_Y-1_U46,MXY,1,31.522399125420424,0,0,0.0,0,0,0,-9999.0,0.625,1,P1_CV0,1,1,1,1,1
2,2536859.926,708059.4624,R2_F2_m2f2_P2_Y3_UO183,R2_F2_m-1f-1_P6_Y-1_U93,R2_F2_m2f2_P2_Y0_UO649,FXX,1,31.522399125420424,0,0,0.0,0,0,0,-9999.0,0.25,1,P1_CV0,1,1,1,2,0
2,2536859.926,708059.4624,R2_F2_m2f2_P2_Y3_UO185,R2_F2_m-1f-1_P6_Y-1_U93,R2_F2_m2f2_P2_Y0_UO649,FXX,1,31.522399125420424,0,0,0.0,0,0,0,-9999.0,0.25,1,P1_CV0,1,1,1,1,1
2,2536859.926,708059.4624,R2_F2_m2f2_P2_Y3_UO193,R2_F2_m2f2_P2_Y1_UO23,R2_F2_m2f2_P2_Y0_UO561,FXX,1,31.522399125420424,0,0,0.0,0,0,0,-9999.0,0.375,1,P1_CV0,1,2,0,1,1
2,2536859.926,708059.4624,R2_F2_m2f2_P2_Y3_UO194,R2_F2_m2f2_P2_Y1_UO23,R2_F2_m2f2_P2_Y0_UO561,FXX,1,31.522399125420424,0,0,0.0,0,0,0,-9999.0,0.375,1,P1_CV0,1,2,0,0,2
2,2536859.926,708059.4624,R2_F2_m2f2_P2_Y3_UO195,R2_F2_m2f2_P2_Y1_UO484,R2_F2_m2f2_P2_Y0_UO450,FXX,1,31.522399125420424,0,0,0.0,0,0,0,-9999.0,0.75,1,P1_CV0,1,2,0,1,1
2,2536859.926,708059.4624,R2_F2_m2f2_P2_Y3_UO209,R2_F2_m2f2_P2_Y0_UO283,R2_F2_m-1f-1_P2_Y-1_U114,FXX,1,31.522399125420424,0,0,0.0,0,0,0,-9999.0,0.125,1,P1_CV0,1,1,1,2,0
2,2536859.926,708059.4624,R2_F2_m2f2_P2_Y3_UO217,R2_F2_m-1f-1_P2_Y-1_U2,R2_F2_m2f2_P2_Y0_UO485,MXY,1,31.522399125420424,0,0,0.0,0,0,0,-9999.0,0.75,1,P1_CV0,1,1,1,1,1
2,2536859.926,708059.4624,R2_F2_m2f2_P2_Y3_UO218,R2_F2_m-1f-1_P2_Y-1_U2,R2_F2_m2f2_P2_Y0_UO485,FXX,1,31.522399125420424,0,0,0.0,0,0,0,-9999.0,0.75,1,P1_CV0,1,1,1,1,1
2,2536859.926,708059.4624,R2_F2_m2f2_P2_Y3_UO219,R2_F2_m-1f-1_P2_Y-1_U2,R2_F2_m2f2_P2_Y0_UO485,MXY,1,31.522399125420424,0,0,0.0,0,0,0,-9999.0,0.75,1,P1_CV0,1,2,0,1,1
2,2536859.926,708059.4624,R2_F2_m2f2_P2_Y3_UO253,R2_F2_m2f2_P2_Y0_UO283,R2_F2_m2f2_P2_Y0_UO400,FXX,1,31.522399125420424,0,0,0.0,0,0,0,-9999.0,0.5,1,P1_CV0,1,1,1,1,1
2,2536859.926,708059.4624,R2_F2_m2f2_P2_Y3_UO254,R2_F2_m2f2_P2_Y0_UO283,R2_F2_m2f2_P2_Y0_UO400,FXX,1,31.522399125420424,0,0,0.0,0,0,0,-9999.0,0.5,1,P1_CV0,1,1,1,2,0
2,2536859.926,708059.4624,R2_F2_m2f2_P2_Y3_UO255,R2_F2_m2f2_P2_Y0_UO283,R2_F2_m2f2_P2_Y0_UO400,FXX,1,31.522399125420424,0,0,0.0,0,0,0,-9999.0,0.5,1,P1_CV0,1,1,1,1,1
2,2536859.926,708059.4624,R2_F2_m2f2_P2_Y3_UO256,R2_F2_m2f2_P2_Y0_UO283,R2_F2_m2f2_P2_Y0_UO400,FXX,1,31.522399125420424,0,0,0.0,0,0,0,-9999.0,0.5,1,P1_CV0,1,0,2,1,1
2,2536859.926,708059.4624,R2_F2_m2f2_P2_Y3_UO266,R2_F2_m2f2_P2_Y1_UO327,R2_F2_m2f2_P2_Y0_UO34,MXY,1,31.522399125420424,0,0,0.0,0,0,0,-9999.0,0.75,1,P1_CV0,1,2,0,1,1
2,2536859.926,708059.4624,R2_F2_m2f2_P2_Y3_UO267,R2_F2_m2f2_P2_Y1_UO327,R2_F2_m2f2_P2_Y0_UO34,MXY,1,31.522399125420424,0,0,0.0,0,0,0,-9999.0,0.75,1,P1_CV0,1,2,0,1,1
2,2536859.926,708059.4624,R2_F2_m2f2_P2_Y3_UO268,R2_F2_m2f2_P2_Y1_UO327,R2_F2_m2f2_P2_Y0_UO34,FXX,1,31.522399125420424,0,0,0.0,0,0,0,-9999.0,0.75,1,P1_CV0,1,2,0,1,1
2,2536859.926,708059.4624,R2_F2_m2f2_P2_Y3_UO295,R2_F2_m2f2_P2_Y0_UO32,R2_F2_m2f2_P2_Y1_UO9,MXY,1,31.522399125420424,0,0,0.0,0,0,0,-9999.0,0.375,1,P1_CV0,1,0,2,2,0
2,2536859.926,708059.4624,R2_F2_m2f2_P2_Y3_UO296,R2_F2_m2f2_P2_Y0_UO32,R2_F2_m2f2_P2_Y1_UO9,MXY,1,31.522399125420424,0,0,0.0,0,0,0,-9999.0,0.375,1,P1_CV0,1,1,1,2,0
2,2536859.926,708059.4624,R2_F2_m2f2_P2_Y3_UO297,R2_F2_m2f2_P2_Y0_UO58,R2_F2_m2f2_P2_Y0_UO561,MXY,1,31.522399125420424,0,0,0.0,0,0,0,-9999.0,0.625,1,P1_CV0,1,1,1,2,0
2,2536859.926,708059.4624,R2_F2_m2f2_P2_Y3_UO298,R2_F2_m2f2_P2_Y0_UO58,R2_F2_m2f2_P2_Y0_UO561,FXX,1,31.522399125420424,0,0,0.0,0,0,0,-9999.0,0.625,1,P1_CV0,1,1,1,2,0
2,2536859.926,708059.4624,R2_F2_m2f2_P2_Y3_UO300,R2_F2_m2f2_P2_Y0_UO32,R2_F2_m2f2_P2_Y1_UO337,MXY,1,31.522399125420424,0,0,0.0,0,0,0,-9999.0,0.375,1,P1_CV0,1,1,1,2,0
2,2536859.926,708059.4624,R2_F2_m2f2_P2_Y3_UO301,R2_F2_m2f2_P2_Y0_UO32,R2_F2_m2f2_P2_Y1_UO337,FXX,1,31.522399125420424,0,0,0.0,0,0,0,-9999.0,0.375,1,P1_CV0,1,1,1,2,0
2,2536859.926,708059.4624,R2_F2_m2f2_P2_Y3_UO306,R2_F2_m-1f-1_P2_Y-1_U94,R2_F2_m2f2_P2_Y1_UO66,MXY,1,31.522399125420424,0,0,0.0,0,0,0,-9999.0,0.25,1,P1_CV0,1,0,2,2,0
2,2536859.926,708059.4624,R2_F2_m2f2_P2_Y3_UO307,R2_F2_m-1f-1_P2_Y-1_U94,R2_F2_m2f2_P2_Y1_UO66,MXY,1,31.522399125420424,0,0,0.0,0,0,0,-9999.0,0.25,1,P1_CV0,1,1,1,2,0
2,2536859.926,708059.4624,R2_F2_m2f2_P2_Y3_UO308,R2_F2_m-1f-1_P2_Y-1_U94,R2_F2_m2f2_P2_Y1_UO66,MXY,1,31.522399125420424,0,0,0.0,0,0,0,-9999.0,0.25,1,P1_CV0,1,1,1,2,0
2,2536859.926,708059.4624,R2_F2_m2f2_P2_Y3_UO314,R2_F2_m2f2_P2_Y1_UO73,R2_F2_m2f2_P2_Y0_UO552,MXY,1,31.522399125420424,0,0,0.0,0,0,0,-9999.0,0.375,1,P1_CV0,1,1,1,1,1
2,2536859.926,708059.4624,R2_F2_m2f2_P2_Y3_UO315,R2_F2_m2f2_P2_Y1_UO73,R2_F2_m2f2_P2_Y0_UO552,MXY,1,31.522399125420424,0,0,0.0,0,0,0,-9999.0,0.375,1,P1_CV0,1,1,1,1,1
2,2536859.926,708059.4624,R2_F2_m2f2_P2_Y3_UO320,R2_F2_m2f2_P2_Y0_UO550,R2_F2_m2f2_P2_Y0_UO400,MXY,1,31.522399125420424,0,0,0.0,0,0,0,-9999.0,0.625,1,P1_CV0,1,1,1,2,0
2,2536859.926,708059.4624,R2_F2_m2f2_P2_Y3_UO321,R2_F2_m2f2_P2_Y0_UO550,R2_F2_m2f2_P2_Y0_UO400,FXX,1,31.522399125420424,0,0,0.0,0,0,0,-9999.0,0.625,1,P1_CV0,1,1,1,2,0
2,2536859.926,708059.4624,R2_F2_m2f2_P2_Y3_UO322,R2_F2_m2f2_P2_Y0_UO550,R2_F2_m2f2_P2_Y0_UO400,FXX,1,31.522399125420424,0,0,0.0,0,0,0,-9999.0,0.625,1,P1_CV0,1,2,0,2,0
2,2536859.926,708059.4624,R2_F2_m2f2_P2_Y3_UO327,R2_F2_m2f2_P2_Y1_UO327,R2_F2_m-1f-1_P2_Y-1_U22,MXY,1,31.522399125420424,0,0,0.0,0,0,0,-9999.0,0.375,1,P1_CV0,1,1,1,0,2
2,2536859.926,708059.4624,R2_F2_m2f2_P2_Y3_UO328,R2_F2_m2f2_P2_Y1_UO327,R2_F2_m-1f-1_P2_Y-1_U22,MXY,1,31.522399125420424,0,0,0.0,0,0,0,-9999.0,0.375,1,P1_CV0,1,1,1,0,2
2,2536859.926,708059.4624,R2_F2_m2f2_P2_Y3_UO329,R2_F2_m2f2_P2_Y1_UO327,R2_F2_m-1f-1_P2_Y-1_U22,MXY,1,31.522399125420424,0,0,0.0,0,0,0,-9999.0,0.375,1,P1_CV0,1,1,1,1,1
2,2536859.926,708059.4624,R2_F2_m2f2_P2_Y3_UO334,R2_F2_m2f2_P2_Y1_UO67,R2_F2_m2f2_P2_Y0_UO552,FXX,1,31.522399125420424,0,0,0.0,0,0,0,-9999.0,0.5,1,P1_CV0,1,1,1,0,2
2,2536859.926,708059.4624,R2_F2_m2f2_P2_Y3_UO335,R2_F2_m2f2_P2_Y1_UO67,R2_F2_m2f2_P2_Y0_UO552,FXX,1,31.522399125420424,0,0,0.0,0,0,0,-9999.0,0.5,1,P1_CV0,1,1,1,0,2
2,2536859.926,708059.4624,R2_F2_m2f2_P2_Y3_UO343,R2_F2_m2f2_P2_Y1_UO187,R2_F2_m2f2_P2_Y1_UO555,MXY,1,31.522399125420424,0,0,0.0,0,0,0,-9999.0,0.375,1,P1_CV0,1,1,1,2,0
2,2536859.926,708059.4624,R2_F2_m2f2_P2_Y3_UO344,R2_F2_m2f2_P2_Y1_UO187,R2_F2_m2f2_P2_Y1_UO555,MXY,1,31.522399125420424,0,0,0.0,0,0,0,-9999.0,0.375,1,P1_CV0,1,1,1,2,0
2,2536859.926,708059.4624,R2_F2_m2f2_P2_Y3_UO349,R2_F2_m2f2_P2_Y0_UO283,R2_F2_m2f2_P2_Y0_UO175,MXY,1,31.522399125420424,0,0,0.0,0,0,0,-9999.0,0.125,1,P1_CV0,1,0,2,1,1
2,2536859.926,708059.4624,R2_F2_m2f2_P2_Y3_UO350,R2_F2_m2f2_P2_Y0_UO283,R2_F2_m2f2_P2_Y0_UO175,MXY,1,31.522399125420424,0,0,0.0,0,0,0,-9999.0,0.125,1,P1_CV0,1,1,1,1,1
2,2536859.926,708059.4624,R2_F2_m2f2_P2_Y3_UO356,R2_F2_m2f2_P2_Y1_UO115,R2_F2_m2f2_P2_Y1_UO493,MXY,1,31.522399125420424,0,0,0.0,0,0,0,-9999.0,0.625,1,P1_CV0,1,2,0,0,2
2,2536859.926,708059.4624,R2_F2_m2f2_P2_Y3_UO357,R2_F2_m2f2_P2_Y1_UO115,R2_F2_m2f2_P2_Y1_UO493,MXY,1,31.522399125420424,0,0,0.0,0,0,0,-9999.0,0.625,1,P1_CV0,1,2,0,0,2
2,2536859.926,708059.4624,R2_F2_m2f2_P2_Y3_UO368,R2_F2_m2f2_P2_Y1_UO171,R2_F2_m2f2_P2_Y0_UO334,FXX,1,31.522399125420424,0,0,0.0,0,0,0,-9999.0,0.625,1,P1_CV0,1,1,1,1,1
2,2536859.926,708059.4624,R2_F2_m2f2_P2_Y3_UO369,R2_F2_m2f2_P2_Y1_UO171,R2_F2_m2f2_P2_Y0_UO334,FXX,1,31.522399125420424,0,0,0.0,0,0,0,-9999.0,0.625,1,P1_CV0,1,1,1,1,1
2,2536859.926,708059.4624,R2_F2_m2f2_P2_Y3_UO370,R2_F2_m2f2_P2_Y1_UO171,R2_F2_m2f2_P2_Y0_UO334,FXX,1,31.522399125420424,0,0,0.0,0,0,0,-9999.0,0.625,1,P1_CV0,1,1,1,1,1
2,2536859.926,708059.4624,R2_F2_m2f2_P2_Y3_UO373,R2_F2_m2f2_P2_Y0_UO58,R2_F2_m2f2_P2_Y0_UO377,FXX,1,31.522399125420424,0,0,0.0,0,0,0,-9999.0,0.5,1,P1_CV0,1,1,1,2,0
2,2536859.926,708059.4624,R2_F2_m2f2_P2_Y3_UO392,R2_F2_m2f2_P2_Y1_UO559,R2_F2_m2f2_P2_Y1_UO525,MXY,1,31.522399125420424,0,0,0.0,0,0,0,-9999.0,0.75,1,P1_CV0,1,0,2,0,2
2,2536859.926,708059.4624,R2_F2_m2f2_P2_Y3_UO403,R2_F2_m2f2_P2_Y0_UO283,R2_F2_m2f2_P2_Y0_UO424,MXY,1,31.522399125420424,0,0,0.0,0,0,0,-9999.0,0.25,1,P1_CV0,1,1,1,1,1
2,2536859.926,708059.4624,R2_F2_m2f2_P2_Y3_UO404,R2_F2_m2f2_P2_Y0_UO283,R2_F2_m2f2_P2_Y0_UO424,MXY,1,31.522399125420424,0,0,0.0,0,0,0,-9999.0,0.25,1,P1_CV0,1,2,0,1,1
2,2536859.926,708059.4624,R2_F2_m2f2_P2_Y3_UO420,R2_F2_m2f2_P2_Y1_UO23,R2_F2_m2f2_P2_Y0_UO361,FXX,1,31.522399125420424,0,0,0.0,0,0,0,-9999.0,0.375,1,P1_CV0,1,1,1,1,1
2,2536859.926,708059.4624,R2_F2_m2f2_P2_Y3_UO421,R2_F2_m2f2_P2_Y1_UO23,R2_F2_m2f2_P2_Y0_UO361,FXX,1,31.522399125420424,0,0,0.0,0,0,0,-9999.0,0.375,1,P1_CV0,1,1,1,0,2
2,2536859.926,708059.4624,R2_F2_m2f2_P2_Y3_UO424,R2_F2_m-1f-1_P2_Y-1_U94,R2_F2_m2f2_P2_Y0_UO332,FXX,1,31.522399125420424,0,0,0.0,0,0,0,-9999.0,0.25,1,P1_CV0,1,1,1,1,1
2,2536859.926,708059.4624,R2_F2_m2f2_P2_Y3_UO425,R2_F2_m-1f-1_P2_Y-1_U94,R2_F2_m2f2_P2_Y0_UO332,FXX,1,31.522399125420424,0,0,0.0,0,0,0,-9999.0,0.25,1,P1_CV0,1,1,1,1,1
2,2536859.926,708059.4624,R2_F2_m2f2_P2_Y3_UO426,R2_F2_m-1f-1_P2_Y-1_U94,R2_F2_m2f2_P2_Y0_UO332,MXY,1,31.522399125420424,0,0,0.0,0,0,0,-9999.0,0.25,1,P1_CV0,1,1,1,1,1
2,2536859.926,708059.4624,R2_F2_m2f2_P2_Y3_UO441,R2_F2_m-1f-1_P2_Y-1_U20,R2_F2_m2f2_P2_Y1_UO337,FXX,1,31.522399125420424,0,0,0.0,0,0,0,-9999.0,0.375,1,P1_CV0,1,1,1,1,1
2,2536859.926,708059.4624,R2_F2_m2f2_P2_Y3_UO442,R2_F2_m-1f-1_P2_Y-1_U20,R2_F2_m2f2_P2_Y1_UO337,FXX,1,31.522399125420424,0,0,0.0,0,0,0,-9999.0,0.375,1,P1_CV0,1,0,2,1,1
2,2536859.926,708059.4624,R2_F2_m2f2_P2_Y3_UO443,R2_F2_m-1f-1_P2_Y-1_U20,R2_F2_m2f2_P2_Y1_UO337,FXX,1,31.522399125420424,0,0,0.0,0,0,0,-9999.0,0.375,1,P1_CV0,1,1,1,1,1
2,2536859.926,708059.4624,R2_F2_m2f2_P2_Y3_UO444,R2_F2_m-1f-1_P2_Y-1_U20,R2_F2_m2f2_P2_Y1_UO337,FXX,1,31.522399125420424,0,0,0.0,0,0,0,-9999.0,0.375,1,P1_CV0,1,1,1,1,1
2,2536859.926,708059.4624,R2_F2_m2f2_P2_Y3_UO450,R2_F2_m2f2_P2_Y1_UO559,R2_F2_m-1f-1_P2_Y-1_U22,MXY,1,31.522399125420424,0,0,0.0,0,0,0,-9999.0,0.375,1,P1_CV0,1,0,2,0,2
2,2536859.926,708059.4624,R2_F2_m2f2_P2_Y3_UO451,R2_F2_m2f2_P2_Y1_UO559,R2_F2_m-1f-1_P2_Y-1_U22,FXX,1,31.522399125420424,0,0,0.0,0,0,0,-9999.0,0.375,1,P1_CV0,1,1,1,0,2
2,2536859.926,708059.4624,R2_F2_m2f2_P2_Y3_UO459,R2_F2_m2f2_P2_Y1_UO484,R2_F2_m2f2_P2_Y1_UO503,FXX,1,31.522399125420424,0,0,0.0,0,0,0,-9999.0,0.75,1,P1_CV0,1,0,2,0,2
2,2536859.926,708059.4624,R2_F2_m2f2_P2_Y3_UO460,R2_F2_m2f2_P2_Y1_UO484,R2_F2_m2f2_P2_Y1_UO503,FXX,1,31.522399125420424,0,0,0.0,0,0,0,-9999.0,0.75,1,P1_CV0,1,1,1,0,2
2,2536859.926,708059.4624,R2_F2_m2f2_P2_Y3_UO479,R2_F2_m2f2_P2_Y1_UO171,R2_F2_m2f2_P2_Y0_UO332,MXY,1,31.522399125420424,0,0,0.0,0,0,0,-9999.0,0.625,1,P1_CV0,1,1,1,0,2
2,2536859.926,708059.4624,R2_F2_m2f2_P2_Y3_UO480,R2_F2_m2f2_P2_Y1_UO171,R2_F2_m2f2_P2_Y0_UO332,FXX,1,31.522399125420424,0,0,0.0,0,0,0,-9999.0,0.625,1,P1_CV0,1,1,1,0,2
2,2536859.926,708059.4624,R2_F2_m2f2_P2_Y3_UO490,R2_F2_m-1f-1_P2_Y-1_U2,R2_F2_m2f2_P2_Y0_UO175,FXX,1,31.522399125420424,0,0,0.0,0,0,0,-9999.0,0.5,1,P1_CV0,1,1,1,2,0
2,2536859.926,708059.4624,R2_F2_m2f2_P2_Y3_UO491,R2_F2_m-1f-1_P2_Y-1_U2,R2_F2_m2f2_P2_Y0_UO175,MXY,1,31.522399125420424,0,0,0.0,0,0,0,-9999.0,0.5,1,P1_CV0,1,2,0,2,0
2,2536859.926,708059.4624,R2_F2_m2f2_P2_Y3_UO492,R2_F2_m-1f-1_P2_Y-1_U2,R2_F2_m2f2_P2_Y0_UO175,FXX,1,31.522399125420424,0,0,0.0,0,0,0,-9999.0,0.5,1,P1_CV0,1,1,1,2,0
2,2536859.926,708059.4624,R2_F2_m2f2_P2_Y3_UO493,R2_F2_m-1f-1_P2_Y-1_U2,R2_F2_m2f2_P2_Y0_UO175,FXX,1,31.522399125420424,0,0,0.0,0,0,0,-9999.0,0.5,1,P1_CV0,1,2,0,1,1
2,2536859.926,708059.4624,R2_F2_m2f2_P2_Y3_UO495,R2_F2_m2f2_P2_Y0_UO58,R2_F2_m2f2_P2_Y0_UO334,FXX,1,31.522399125420424,0,0,0.0,0,0,0,-9999.0,0.625,1,P1_CV0,1,1,1,2,0
2,2536859.926,708059.4624,R2_F2_m2f2_P2_Y3_UO496,R2_F2_m2f2_P2_Y0_UO58,R2_F2_m2f2_P2_Y0_UO334,MXY,1,31.522399125420424,0,0,0.0,0,0,0,-9999.0,0.625,1,P1_CV0,1,1,1,2,0
2,2536859.926,708059.4624,R2_F2_m2f2_P2_Y3_UO512,R2_F2_m2f2_P2_Y1_UO166,R2_F2_m2f2_P2_Y1_UO116,MXY,1,31.522399125420424,0,0,0.0,0,0,0,-9999.0,0.625,1,P1_CV0,1,2,0,2,0
2,2536859.926,708059.4624,R2_F2_m2f2_P2_Y3_UO513,R2_F2_m2f2_P2_Y1_UO166,R2_F2_m2f2_P2_Y1_UO116,FXX,1,31.522399125420424,0,0,0.0,0,0,0,-9999.0,0.625,1,P1_CV0,1,2,0,2,0
2,2536859.926,708059.4624,R2_F2_m2f2_P2_Y2_UO208,R2_F2_m-1f-1_P2_Y-1_U55,R2_F2_m2f2_P2_Y0_UO361,MXY,2,32.14084421364201,1,0,0.0,0,0,0,-9999.0,0.5,1,P1_CV0,1,2,0,1,1
2,2536859.926,708059.4624,R2_F2_m2f2_P2_Y2_UO445,R2_F2_m2f2_P2_Y0_UO318,R2_F2_m2f2_P2_Y0_UO450,FXX,2,32.14084421364201,1,0,1.487,0,0,0,-9999.0,0.375,1,P1_CV0,1,1,1,2,0
2,2536859.926,708059.4624,R2_F2_m2f2_P2_Y2_UO449,R2_F2_m2f2_P2_Y0_UO318,R2_F2_m2f2_P2_Y0_UO450,MXY,2,32.14084421364201,1,0,0.0,0,0,0,-9999.0,0.375,1,P1_CV0,1,1,1,1,1
2,2536859.926,708059.4624,R2_F2_m2f2_P2_Y2_UO444,R2_F2_m2f2_P2_Y0_UO318,R2_F2_m2f2_P2_Y0_UO450,FXX,2,32.14084421364201,1,0,1.0,0,0,0,-9999.0,0.375,1,P1_CV0,1,1,1,2,0
2,2536859.926,708059.4624,R2_F2_m2f2_P2_Y2_UO518,R2_F2_m-1f-1_P2_Y-1_U14,R2_F2_m-1f-1_P2_Y-1_U46,MXY,2,32.14084421364201,1,0,0.0,0,0,0,-9999.0,0.5,1,P1_CV0,1,2,0,1,1
2,2536859.926,708059.4624,R2_F2_m2f2_P2_Y2_UO523,R2_F2_m-1f-1_P2_Y-1_U14,R2_F2_m-1f-1_P2_Y-1_U46,FXX,2,32.14084421364201,1,0,0.0,0,0,0,-9999.0,0.5,1,P1_CV0,1,2,0,1,1
2,2536859.926,708059.4624,R2_F2_m2f2_P2_Y2_UO7,R2_F2_m2f2_P2_Y0_UO54,R2_F2_m2f2_P2_Y0_UO57,MXY,2,32.14084421364201,1,0,0.0,0,0,0,-9999.0,0.75,1,P1_CV0,1,1,1,0,2
2,2536859.926,708059.4624,R2_F2_m2f2_P2_Y2_UO522,R2_F2_m-1f-1_P2_Y-1_U14,R2_F2_m-1f-1_P2_Y-1_U46,MXY,2,32.14084421364201,1,0,0.0,0,0,0,-9999.0,0.5,1,P1_CV0,1,1,1,1,1
2,2536859.926,708059.4624,R2_F2_m2f2_P2_Y2_UO372,R2_F2_m-1f-1_P2_Y-1_U120,R2_F2_m2f2_P2_Y0_UO450,FXX,2,32.14084421364201,1,0,1.535,0,0,0,-9999.0,0.25,1,P1_CV0,1,1,1,2,0
2,2536859.926,708059.4624,R2_F2_m2f2_P2_Y2_UO17,R2_F2_m2f2_P2_Y0_UO333,R2_F2_m-1f-1_P2_Y-1_U114,FXX,2,32.14084421364201,1,0,0.0,0,0,0,-9999.0,0.25,1,P1_CV0,1,0,2,1,1
2,2536859.926,708059.4624,R2_F2_m2f2_P2_Y2_UO352,R2_F2_m2f2_P2_Y0_UO318,R2_F2_m2f2_P2_Y0_UO125,MXY,2,32.14084421364201,1,0,0.0,0,0,0,-9999.0,0.375,1,P1_CV0,1,0,2,1,1
2,2536859.926,708059.4624,R2_F2_m2f2_P2_Y2_UO171,R2_F2_m2f2_P2_Y0_UO558,R2_F2_m2f2_P2_Y0_UO485,FXX,2,32.14084421364201,1,0,1.0,0,0,0,-9999.0,0.375,1,P1_CV0,1,1,1,0,2
2,2536859.926,708059.4624,R2_F2_m2f2_P2_Y2_UO364,R2_F2_m-1f-1_P2_Y-1_U120,R2_F2_m2f2_P2_Y0_UO450,FXX,2,32.14084421364201,1,0,2.58,0,0,0,-9999.0,0.25,1,P1_CV0,1,1,1,2,0
2,2536859.926,708059.4624,R2_F2_m2f2_P2_Y2_UO207,R2_F2_m-1f-1_P2_Y-1_U55,R2_F2_m2f2_P2_Y0_UO361,FXX,2,32.14084421364201,1,0,1.0,0,0,0,-9999.0,0.5,1,P1_CV0,1,1,1,0,2
2,2536859.926,708059.4624,R2_F2_m2f2_P2_Y2_UO142,R2_F2_m2f2_P2_Y0_UO318,R2_F2_m2f2_P2_Y0_UO469,FXX,2,32.14084421364201,1,0,2.308,0,0,0,-9999.0,0.5,1,P1_CV0,1,0,2,2,0
2,2536859.926,708059.4624,R2_F2_m2f2_P2_Y2_UO641,R2_F2_m2f2_P2_Y0_UO318,R2_F2_m-1f-1_P2_Y-1_U10,FXX,2,32.14084421364201,1,0,2.608,0,0,0,-9999.0,0.625,1,P1_CV0,1,1,1,1,1
2,2536859.926,708059.4624,R2_F2_m2f2_P2_Y2_UO519,R2_F2_m-1f-1_P2_Y-1_U14,R2_F2_m-1f-1_P2_Y-1_U46,MXY,2,32.14084421364201,1,0,0.0,0,0,0,-9999.0,0.5,1,P1_CV0,1,1,1,1,1
2,2536859.926,708059.4624,R2_F2_m2f2_P2_Y2_UO409,R2_F2_m2f2_P2_Y0_UO318,R2_F2_m2f2_P2_Y0_UO400,MXY,2,32.14084421364201,1,0,0.0,0,0,0,-9999.0,0.5,1,P1_CV0,1,0,2,1,1
2,2536859.926,708059.4624,R2_F2_m2f2_P2_Y2_UO545,R2_F2_m-1f-1_P2_Y-1_U40,R2_F2_m2f2_P2_Y0_UO713,FXX,2,32.14084421364201,1,0,1.655,0,0,0,-9999.0,0.375,1,P1_CV0,1,1,1,1,1
2,2536859.926,708059.4624,R2_F2_m2f2_P2_Y2_UO516,R2_F2_m-1f-1_P2_Y-1_U14,R2_F2_m-1f-1_P2_Y-1_U46,MXY,2,32.14084421364201,1,0,0.0,0,0,0,-9999.0,0.5,1,P1_CV0,1,1,1,1,1
2,2536859.926,708059.4624,R2_F2_m2f2_P2_Y2_UO527,R2_F2_m-1f-1_P2_Y-1_U14,R2_F2_m-1f-1_P2_Y-1_U46,FXX,2,32.14084421364201,1,0,1.0,0,0,0,-9999.0,0.5,1,P1_CV0,1,1,1,1,1
2,2536859.926,708059.4624,R2_F2_m2f2_P2_Y2_UO158,R2_F2_m-1f-1_P2_Y-1_U120,R2_F2_m2f2_P2_Y0_UO426,FXX,2,32.14084421364201,1,0,1.0,0,0,0,-9999.0,0.25,1,P1_CV0,1,1,1,1,1
2,2536859.926,708059.4624,R2_F2_m2f2_P2_Y2_UO204,R2_F2_m-1f-1_P2_Y-1_U55,R2_F2_m2f2_P2_Y0_UO361,FXX,2,32.14084421364201,1,0,1.0,0,0,0,-9999.0,0.5,1,P1_CV0,1,0,2,1,1
2,2536859.926,708059.4624,R2_F2_m2f2_P2_Y2_UO93,R2_F2_m2f2_P2_Y0_UO318,R2_F2_m-1f-1_P2_Y-1_U126,MXY,2,32.14084421364201,1,0,0.0,0,0,0,-9999.0,0.375,1,P1_CV0,1,1,1,1,1
2,2536859.926,708059.4624,R2_F2_m2f2_P2_Y2_UO513,R2_F2_m-1f-1_P2_Y-1_U14,R2_F2_m-1f-1_P2_Y-1_U46,MXY,2,32.14084421364201,1,0,0.0,0,0,0,-9999.0,0.5,1,P1_CV0,1,1,1,1,1
2,2536859.926,708059.4624,R2_F2_m2f2_P2_Y2_UO366,R2_F2_m-1f-1_P2_Y-1_U120,R2_F2_m2f2_P2_Y0_UO450,FXX,2,32.14084421364201,1,0,1.963,0,0,0,-9999.0,0.25,1,P1_CV0,1,1,1,2,0
2,2536859.926,708059.4624,R2_F2_m2f2_P2_Y2_UO154,R2_F2_m-1f-1_P2_Y-1_U120,R2_F2_m2f2_P2_Y0_UO426,FXX,2,32.14084421364201,1,0,0.0,0,0,0,-9999.0,0.25,1,P1_CV0,1,1,1,1,1
2,2536859.926,708059.4624,R2_F2_m2f2_P2_Y2_UO368,R2_F2_m-1f-1_P2_Y-1_U120,R2_F2_m2f2_P2_Y0_UO450,MXY,2,32.14084421364201,1,0,0.0,0,0,0,-9999.0,0.25,1,P1_CV0,1,1,1,1,1
2,2536859.926,708059.4624,R2_F2_m2f2_P2_Y2_UO8,R2_F2_m2f2_P2_Y0_UO54,R2_F2_m2f2_P2_Y0_UO57,MXY,2,32.14084421364201,1,0,0.0,0,0,0,-9999.0,0.75,1,P1_CV0,1,1,1,0,2
2,2536859.926,708059.4624,R2_F2_m2f2_P2_Y2_UO160,R2_F2_m-1f-1_P2_Y-1_U120,R2_F2_m2f2_P2_Y0_UO426,FXX,2,32.14084421364201,1,0,1.353,0,0,0,-9999.0,0.25,1,P1_CV0,1,0,2,0,2
2,2536859.926,708059.4624,R2_F2_m2f2_P2_Y2_UO210,R2_F2_m2f2_P2_Y0_UO333,R2_F2_m2f2_P2_Y0_UO334,FXX,2,32.14084421364201,1,0,1.0,0,0,0,-9999.0,0.5,1,P1_CV0,1,1,1,2,0
2,2536859.926,708059.4624,R2_F2_m2f2_P2_Y2_UO348,R2_F2_m2f2_P2_Y0_UO318,R2_F2_m2f2_P2_Y0_UO125,MXY,2,32.14084421364201,1,0,0.0,0,0,0,-9999.0,0.375,1,P1_CV0,1,1,1,0,2
2,2536859.926,708059.4624,R2_F2_m2f2_P2_Y1_UO504,R2_F2_m-1f-1_P2_Y-1_U31,R2_F2_m-1f-1_P2_Y-1_U114,FXX,3,32.721953319583456,1,0,0.0,0,0,0,-9999.0,0.5,1,P1_CV0,1,1,1,1,1
2,2536859.926,708059.4624,R2_F2_m2f2_P2_Y1_UO336,R2_F2_m-1f-1_P2_Y-1_U125,R2_F2_m-1f-1_P2_Y-1_U41,FXX,3,32.721953319583456,1,0,1.347,0,0,0,-9999.0,0.25,1,P1_CV0,1,0,2,0,2
2,2536859.926,708059.4624,R2_F2_m2f2_P2_Y1_UO234,R2_F2_m-1f-1_P2_Y-1_U72,R2_F2_m-1f-1_P2_Y-1_U8,MXY,3,32.709524357464474,1,0,0.0,0,0,0,-9999.0,0.5,1,P1_CV0,1,2,0,1,1
2,2536859.926,708059.4624,R2_F2_m2f2_P2_Y1_UO555,R2_F2_m-1f-1_P2_Y-1_U100,R2_F2_m-1f-1_P2_Y-1_U24,MXY,3,32.721953319583456,1,0,0.0,0,0,0,-9999.0,0.75,1,P1_CV0,1,1,1,1,1
2,2536859.926,708059.4624,R2_F2_m2f2_P2_Y1_UO532,R2_F2_m-1f-1_P2_Y-1_U9,R2_F2_m-1f-1_P2_Y-1_U30,MXY,3,32.721953319583456,1,0,0.0,0,0,0,-9999.0,0.25,1,P1_CV0,1,1,1,1,1
2,2536859.926,708059.4624,R2_F2_m2f2_P2_Y1_UO337,R2_F2_m-1f-1_P2_Y-1_U125,R2_F2_m-1f-1_P2_Y-1_U41,MXY,3,32.721953319583456,1,0,0.0,0,0,0,-9999.0,0.25,1,P1_CV0,1,0,2,2,0
2,2536859.926,708059.4624,R2_F2_m2f2_P2_Y1_UO193,R2_F2_m-1f-1_P2_Y-1_U100,R2_F2_m-1f-1_P2_Y-1_U19,FXX,3,32.721953319583456,1,0,0.0,0,0,0,-9999.0,1.0,1,P1_CV0,1,0,2,0,2
2,2536859.926,708059.4624,R2_F2_m2f2_P2_Y1_UO73,R2_F2_m-1f-1_P2_Y-1_U34,R2_F2_m-1f-1_P2_Y-1_U0,FXX,3,32.721953319583456,1,0,0.0,0,0,0,-9999.0,0.25,1,P1_CV0,1,1,1,1,1
2,2536859.926,708059.4624,R2_F2_m2f2_P2_Y1_UO189,R2_F2_m-1f-1_P2_Y-1_U91,R2_F2_m-1f-1_P2_Y-1_U92,MXY,3,32.721953319583456,1,0,0.0,0,0,0,-9999.0,0.0,1,P1_CV0,1,1,1,1,1
2,2536859.926,708059.4624,R2_F2_m2f2_P2_Y1_UO165,R2_F2_m-1f-1_P2_Y-1_U105,R2_F2_m-1f-1_P2_Y-1_U52,MXY,3,32.721953319583456,1,0,0.0,0,0,0,-9999.0,0.75,1,P1_CV0,1,2,0,1,1
2,2536859.926,708059.4624,R2_F2_m2f2_P2_Y1_UO477,R2_F2_m-1f-1_P2_Y-1_U100,R2_F2_m-1f-1_P2_Y-1_U123,MXY,3,32.721953319583456,1,0,0.0,0,0,0,-9999.0,0.5,1,P1_CV0,1,1,1,0,2
2,2536859.926,708059.4624,R2_F2_m2f2_P2_Y1_UO186,R2_F2_m-1f-1_P2_Y-1_U91,R2_F2_m-1f-1_P2_Y-1_U92,FXX,3,32.721953319583456,1,0,1.255,0,0,0,-9999.0,0.0,1,P1_CV0,1,1,1,0,2
2,2536859.926,708059.4624,R2_F2_m2f2_P2_Y1_UO171,R2_F2_m-1f-1_P2_Y-1_U67,R2_F2_m-1f-1_P2_Y-1_U119,FXX,3,32.721953319583456,1,0,1.0,0,0,0,-9999.0,0.75,1,P1_CV0,1,1,1,0,2
2,2536859.926,708059.4624,R2_F2_m2f2_P2_Y1_UO327,R2_F2_m-1f-1_P2_Y-1_U100,R2_F2_m-1f-1_P2_Y-1_U0,FXX,3,32.721953319583456,1,0,0.0,0,0,0,-9999.0,0.75,1,P1_CV0,1,2,0,1,1
2,2536859.926,708059.4624,R2_F2_m2f2_P2_Y1_UO116,R2_F2_m-1f-1_P2_Y-1_U6,R2_F2_m-1f-1_P2_Y-1_U69,MXY,3,32.721953319583456,1,0,0.0,0,0,0,-9999.0,0.5,1,P1_CV0,1,2,0,1,1
2,2536859.926,708059.4624,R2_F2_m2f2_P2_Y1_UO8,R2_F2_m-1f-1_P2_Y-1_U72,R2_F2_m-1f-1_P2_Y-1_U3,MXY,3,32.721953319583456,1,0,0.0,0,0,0,-9999.0,0.25,1,P1_CV0,1,0,2,2,0
2,2536859.926,708059.4624,R2_F2_m2f2_P2_Y1_UO237,R2_F2_m-1f-1_P2_Y-1_U42,R2_F2_m-1f-1_P2_Y-1_U126,FXX,3,32.721953319583456,1,0,0.0,0,0,0,-9999.0,0.5,1,P1_CV0,1,0,2,1,1
2,2536859.926,708059.4624,R2_F2_m2f2_P2_Y1_UO571,R2_F2_m-1f-1_P2_Y-1_U72,R2_F2_m-1f-1_P2_Y-1_U22,MXY,3,32.721953319583456,1,0,0.0,0,0,0,-9999.0,0.0,1,P1_CV0,1,2,0,0,2
2,2536859.926,708059.4624,R2_F2_m2f2_P2_Y1_UO264,R2_F2_m-1f-1_P2_Y-1_U60,R2_F2_m-1f-1_P2_Y-1_U17,MXY,3,32.721953319583456,1,0,0.0,0,0,0,-9999.0,0.25,1,P1_CV0,1,1,1,0,2
2,2536859.926,708059.4624,R2_F2_m2f2_P2_Y1_UO326,R2_F2_m-1f-1_P2_Y-1_U100,R2_F2_m-1f-1_P2_Y-1_U0,FXX,3,32.721953319583456,1,0,1.632,0,0,0,-9999.0,0.75,1,P1_CV0,1,2,0,1,1
2,2536859.926,708059.4624,R2_F2_m2f2_P2_Y0_UO485,R2_F2_m-1f-1_P2_Y-1_U88,R2_F2_m-1f-1_P2_Y-1_U36,MXY,4,33.13953804735152,1,0,0.0,0,0,0,-9999.0,0.5,1,P1_CV0,1,1,1,0,2
2,2536859.926,708059.4624,R2_F2_m2f2_P2_Y0_UO58,R2_F2_m-1f-1_P2_Y-1_U88,R2_F2_m-1f-1_P2_Y-1_U73,FXX,4,33.13953804735152,1,0,0.0,0,0,0,-9999.0,0.75,1,P1_CV0,1,1,1,1,1
2,2536859.926,708059.4624,R2_F2_m2f2_P2_Y0_UO560,R2_F2_m-1f-1_P2_Y-1_U93,R2_F2_m-1f-1_P2_Y-1_U74,MXY,4,33.13953804735152,1,0,0.0,0,0,0,-9999.0,0.25,1,P1_CV0,1,1,1,2,0
2,2536859.926,708059.4624,R2_F2_m2f2_P2_Y0_UO56,R2_F2_m-1f-1_P2_Y-1_U88,R2_F2_m-1f-1_P2_Y-1_U73,FXX,4,33.13953804735152,1,0,0.0,0,0,0,-9999.0,0.75,1,P1_CV0,1,2,0,1,1
2,2536859.926,708059.4624,R2_F2_m-1f-1_P2_Y-1_U10,-9999,-9999,MXY,5,33.39714822287733,1,0,0.0,0,0,0,-9999.0,1.0,1,P1_CV0,1,2,0,1,1
2,2536859.926,708059.4624,R2_F2_m-1f-1_P2_Y-1_U4,-9999,-9999,MXY,5,33.39714822287733,1,0,0.0,0,0,0,-9999.0,1.0,1,P1_CV0,1,2,0,1,1
2,2536859.926,708059.4624,R2_F2_m-1f-1_P2_Y-1_U106,-9999,-9999,MXY,5,33.39714822287733,1,0,0.0,0,0,0,-9999.0,1.0,1,P1_CV0,1,2,0,2,0
2,2536859.926,708059.4624,R2_F2_m-1f-1_P3_Y-1_U106,-9999,-9999,MXY,5,31.868325499589133,1,0,0.0,0,0,0,-9999.0,0.0,1,P2_CV0,1,0,2,1,1
2,2536859.926,708059.4624,RD2_F4_m4f4_P4_Y3_UO476,R4_F4_m-1f-1_P4_Y-1_U21,R4_F4_m4f4_P4_Y1_UO388,FXX,1,31.524238447201586,0,0,0.0,0,0,0,-9999.0,0.625,1,P3_CV0,1,1,1,2,0
2,2536859.926,708059.4624,RD2_F5_m5f5_P5_Y2_UO459,R5_F5_m5f5_P5_Y0_UO161,I5_F7_m5f5_P5_Y0_UO145,FXX,2,52.151705863034245,1,0,2.166,0,0,0,-9999.0,0.375,1,P4_CV0,1,2,0,1,1
2,2536859.926,708059.4624,R2_F2_m2f2_P2_Y3_UO184,R2_F2_m-1f-1_P6_Y-1_U93,R2_F2_m2f2_P2_Y0_UO649,MXY,1,31.522399125420424,0,0,0.0,0,0,0,-9999.0,0.25,1,P5_CV0,1,1,1,1,1
2,2536859.926,708059.4624,R2_F2_m2f2_P2_Y3_UO186,R2_F2_m-1f-1_P6_Y-1_U93,R2_F2_m2f2_P2_Y0_UO649,FXX,1,31.522399125420424,0,0,0.0,0,0,0,-9999.0,0.25,1,P5_CV0,1,1,1,1,1
2,2536859.926,708059.4624,RD2_F6_m6f6_P6_Y3_UO498,R6_F6_m6f6_P6_Y0_UO655,R6_F6_m-1f-1_P6_Y-1_U83,FXX,1,31.530516639331974,0,0,0.0,0,0,0,-9999.0,0.625,1,P5_CV0,1,2,0,1,1
2,2536859.926,708059.4624,R2_F2_m-1f-1_P6_Y-1_U93,-9999,-9999,FXX,5,59.69970326149602,1,0,1.0,0,0,0,-9999.0,0.0,1,P5_CV0,1,0,2,1,1
3,2532969.44,705413.5711,R3_F3_m3f3_P3_Y2_UO644,R3_F3_m3f3_P3_Y0_UO242,RD3_F2_m-1f-1_P2_Y-1_U58,FXX,2,31.067366580245416,1,0,1.0,0,0,0,-9999.0,0.25,1,P1_CV0,2,1,1,0,2
3,2532969.44,705413.5711,R3_F3_m3f3_P3_Y2_UO645,R3_F3_m3f3_P3_Y0_UO242,RD3_F2_m-1f-1_P2_Y-1_U58,FXX,2,31.067366580245416,1,0,1.116,0,0,0,-9999.0,0.25,1,P1_CV0,2,1,1,0,2
3,2532969.44,705413.5711,R3_F3_m3f3_P3_Y3_UO5,R3_F3_m3f3_P3_Y0_UO524,R3_F3_m3f3_P3_Y1_UO229,FXX,1,31.032459787563575,0,0,0.0,0,0,0,-9999.0,0.625,1,P2_CV0,2,1,1,1,1
3,2532969.44,705413.5711,R3_F3_m3f3_P3_Y3_UO10,R3_F3_m-1f-1_P3_Y-1_U101,R3_F3_m3f3_P3_Y0_UO64,FXX,1,31.032459787563575,0,0,0.0,0,0,0,-9999.0,0.25,1,P2_CV0,2,2,0,0,2
3,2532969.44,705413.5711,R3_F3_m3f3_P3_Y3_UO11,R3_F3_m-1f-1_P3_Y-1_U101,R3_F3_m3f3_P3_Y0_UO64,MXY,1,31.032459787563575,0,0,0.0,0,0,0,-9999.0,0.25,1,P2_CV0,2,1,1,1,1
3,2532969.44,705413.5711,R3_F3_m3f3_P3_Y3_UO13,R3_F3_m3f3_P3_Y0_UO666,R3_F3_m3f3_P3_Y1_UO358,MXY,1,31.032459787563575,0,0,0.0,0,0,0,-9999.0,0.375,1,P2_CV0,2,1,1,1,1
3,2532969.44,705413.5711,R3_F3_m3f3_P3_Y3_UO21,R3_F3_m3f3_P3_Y0_UO670,R3_F3_m3f3_P3_Y1_UO358,MXY,1,31.032459787563575,0,0,0.0,0,0,0,-9999.0,0.5,1,P2_CV0,2,1,1,2,0
3,2532969.44,705413.5711,R3_F3_m3f3_P3_Y3_UO22,R3_F3_m3f3_P3_Y0_UO670,R3_F3_m3f3_P3_Y1_UO358,FXX,1,31.032459787563575,0,0,0.0,0,0,0,-9999.0,0.5,1,P2_CV0,2,1,1,1,1
3,2532969.44,705413.5711,R3_F3_m3f3_P3_Y3_UO29,R3_F3_m3f3_P3_Y1_UO347,R3_F3_m3f3_P3_Y0_UO268,FXX,1,31.032459787563575,0,0,0.0,0,0,0,-9999.0,0.5,1,P2_CV0,2,1,1,2,0
3,2532969.44,705413.5711,R3_F3_m3f3_P3_Y3_UO50,R3_F3_m3f3_P3_Y0_UO272,R3_F3_m3f3_P3_Y1_UO161,MXY,1,31.032459787563575,0,0,0.0,0,0,0,-9999.0,0.625,1,P2_CV0,2,1,1,1,1
3,2532969.44,705413.5711,R3_F3_m3f3_P3_Y3_UO60,R3_F3_m3f3_P3_Y0_UO273,R3_F3_m3f3_P3_Y1_UO536,FXX,1,31.032459787563575,0,0,0.0,0,0,0,-9999.0,0.625,1,P2_CV0,2,0,2,0,2
3,2532969.44,705413.5711,R3_F3_m3f3_P3_Y3_UO61,R3_F3_m3f3_P3_Y0_UO273,R3_F3_m3f3_P3_Y1_UO536,MXY,1,31.032459787563575,0,0,0.0,0,0,0,-9999.0,0.625,1,P2_CV0,2,1,1,0,2
3,2532969.44,705413.5711,R3_F3_m3f3_P3_Y3_UO62,R3_F3_m3f3_P3_Y0_UO273,R3_F3_m3f3_P3_Y1_UO536,FXX,1,31.032459787563575,0,0,0.0,0,0,0,-9999.0,0.625,1,P2_CV0,2,1,1,0,2
3,2532969.44,705413.5711,R3_F3_m3f3_P3_Y3_UO98,R3_F3_m3f3_P3_Y1_UO347,R3_F3_m3f3_P3_Y0_UO526,FXX,1,31.032459787563575,0,0,0.0,0,0,0,-9999.0,0.25,1,P2_CV0,2,0,2,1,1
3,2532969.44,705413.5711,R3_F3_m3f3_P3_Y3_UO99,R3_F3_m3f3_P3_Y1_UO347,R3_F3_m3f3_P3_Y0_UO526,MXY,1,31.032459787563575,0,0,0.0,0,0,0,-9999.0,0.25,1,P2_CV0,2,1,1,2,0
3,2532969.44,705413.5711,R3_F3_m3f3_P3_Y3_UO121,R3_F3_m3f3_P3_Y1_UO10,R3_F3_m3f3_P3_Y1_UO516,MXY,1,31.032459787563575,0,0,0.0,0,0,0,-9999.0,0.25,1,P2_CV0,2,1,1,0,2
3,2532969.44,705413.5711,R3_F3_m3f3_P3_Y3_UO122,R3_F3_m3f3_P3_Y1_UO10,R3_F3_m3f3_P3_Y1_UO516,MXY,1,31.032459787563575,0,0,0.0,0,0,0,-9999.0,0.25,1,P2_CV0,2,1,1,0,2
3,2532969.44,705413.5711,R3_F3_m3f3_P3_Y3_UO123,R3_F3_m3f3_P3_Y1_UO10,R3_F3_m3f3_P3_Y1_UO516,MXY,1,31.032459787563575,0,0,0.0,0,0,0,-9999.0,0.25,1,P2_CV0,2,1,1,0,2
3,2532969.44,705413.5711,R3_F3_m3f3_P3_Y3_UO124,R3_F3_m3f3_P3_Y1_UO10,R3_F3_m3f3_P3_Y1_UO516,FXX,1,31.032459787563575,0,0,0.0,0,0,0,-9999.0,0.25,1,P2_CV0,2,1,1,0,2
3,2532969.44,705413.5711,R3_F3_m3f3_P3_Y3_UO145,R3_F3_m3f3_P3_Y1_UO319,R3_F3_m3f3_P3_Y1_UO551,FXX,1,31.032459787563575,0,0,0.0,0,0,0,-9999.0,0.875,1,P2_CV0,2,1,1,1,1
3,2532969.44,705413.5711,R3_F3_m3f3_P3_Y3_UO165,R3_F3_m3f3_P3_Y0_UO273,I3_F7_m3f3_P3_Y0_UO671,FXX,1,31.032459787563575,0,0,0.0,0,0,0,-9999.0,0.625,1,P2_CV0,2,0,2,1,1
3,2532969.44,705413.5711,R3_F3_m3f3_P3_Y3_UO166,R3_F3_m3f3_P3_Y0_UO273,I3_F7_m3f3_P3_Y0_UO671,MXY,1,31.032459787563575,0,0,0.0,0,0,0,-9999.0,0.625,1,P2_CV0,2,0,2,1,1
3,2532969.44,705413.5711,R3_F3_m3f3_P3_Y3_UO174,R3_F3_m3f3_P3_Y1_UO52,R3_F3_m3f3_P3_Y1_UO358,FXX,1,31.032459787563575,0,0,0.0,0,0,0,-9999.0,0.375,1,P2_CV0,2,1,1,2,0
3,2532969.44,705413.5711,R3_F3_m3f3_P3_Y3_UO175,R3_F3_m3f3_P3_Y1_UO52,R3_F3_m3f3_P3_Y1_UO358,FXX,1,31.032459787563575,0,0,0.0,0,0,0,-9999.0,0.375,1,P2_CV0,2,1,1,2,0
3,2532969.44,705413.5711,R3_F3_m3f3_P3_Y3_UO179,R3_F3_m-1f-1_P3_Y-1_U12,I3_F7_m-1f-1_P3_Y-1_U126,MXY,1,31.032459787563575,0,0,0.0,0,0,0,-9999.0,0.75,1,P2_CV0,2,1,1,1,1
3,2532969.44,705413.5711,R3_F3_m3f3_P3_Y3_UO180,R3_F3_m-1f-1_P3_Y-1_U12,I3_F7_m-1f-1_P3_Y-1_U126,MXY,1,31.032459787563575,0,0,0.0,0,0,0,-9999.0,0.75,1,P2_CV0,2,2,0,1,1
3,2532969.44,705413.5711,R3_F3_m3f3_P3_Y3_UO181,R3_F3_m-1f-1_P3_Y-1_U12,I3_F7_m-1f-1_P3_Y-1_U126,FXX,1,31.032459787563575,0,0,0.0,0,0,0,-9999.0,0.75,1,P2_CV0,2,2,0,1,1
3,2532969.44,705413.5711,R3_F3_m3f3_P3_Y3_UO182,R3_F3_m-1f-1_P3_Y-1_U12,I3_F7_m-1f-1_P3_Y-1_U126,MXY,1,31.032459787563575,0,0,0.0,0,0,0,-9999.0,0.75,1,P2_CV0,2,2,0,1,1
3,2532969.44,705413.5711,R3_F3_m3f3_P3_Y3_UO206,R3_F3_m3f3_P3_Y1_UO10,R3_F3_m-1f-1_P3_Y-1_U98,MXY,1,31.032459787563575,0,0,0.0,0,0,0,-9999.0,0.375,1,P2_CV0,2,2,0,1,1
3,2532969.44,705413.5711,R3_F3_m3f3_P3_Y3_UO207,R3_F3_m3f3_P3_Y1_UO10,R3_F3_m-1f-1_P3_Y-1_U98,FXX,1,31.032459787563575,0,0,0.0,0,0,0,-9999.0,0.375,1,P2_CV0,2,2,0,0,2
3,2532969.44,705413.5711,R3_F3_m3f3_P3_Y3_UO222,R3_F3_m3f3_P3_Y1_UO311,R3_F3_m4f4_P4_Y1_UO254,FXX,1,31.032459787563575,0,0,0.0,0,0,0,-9999.0,0.5,1,P2_CV0,2,2,0,2,0
3,2532969.44,705413.5711,R3_F3_m3f3_P3_Y3_UO228,R3_F3_m3f3_P3_Y1_UO334,R3_F3_m3f3_P3_Y1_UO445,FXX,1,31.032459787563575,0,0,0.0,0,0,0,-9999.0,0.25,1,P2_CV0,2,0,2,0,2
3,2532969.44,705413.5711,R3_F3_m3f3_P3_Y3_UO237,R3_F3_m-1f-1_P3_Y-1_U41,R3_F3_m3f3_P3_Y0_UO545,MXY,1,31.032459787563575,0,0,0.0,0,0,0,-9999.0,0.0,1,P2_CV0,2,0,2,2,0
3,2532969.44,705413.5711,R3_F3_m3f3_P3_Y3_UO238,R3_F3_m-1f-1_P3_Y-1_U41,R3_F3_m3f3_P3_Y0_UO545,FXX,1,31.032459787563575,0,0,0.0,0,0,0,-9999.0,0.0,1,P2_CV0,2,1,1,1,1
3,2532969.44,705413.5711,R3_F3_m3f3_P3_Y3_UO239,R3_F3_m-1f-1_P3_Y-1_U41,R3_F3_m3f3_P3_Y0_UO545,FXX,1,31.032459787563575,0,0,0.0,0,0,0,-9999.0,0.0,1,P2_CV0,2,0,2,1,1
3,2532969.44,705413.5711,R3_F3_m3f3_P3_Y3_UO240,R3_F3_m-1f-1_P3_Y-1_U41,R3_F3_m3f3_P3_Y0_UO545,FXX,1,31.032459787563575,0,0,0.0,0,0,0,-9999.0,0.0,1,P2_CV0,2,0,2,1,1
3,2532969.44,705413.5711,R3_F3_m3f3_P3_Y3_UO241,R3_F3_m-1f-1_P3_Y-1_U41,R3_F3_m3f3_P3_Y0_UO545,MXY,1,31.032459787563575,0,0,0.0,0,0,0,-9999.0,0.0,1,P2_CV0,2,0,2,2,0
3,2532969.44,705413.5711,R3_F3_m3f3_P3_Y3_UO242,R3_F3_m-1f-1_P3_Y-1_U41,R3_F3_m3f3_P3_Y0_UO545,MXY,1,31.032459787563575,0,0,0.0,0,0,0,-9999.0,0.0,1,P2_CV0,2,0,2,1,1
3,2532969.44,705413.5711,R3_F3_m3f3_P3_Y3_UO293,R3_F3_m3f3_P3_Y1_UO319,R3_F3_m3f3_P3_Y0_UO545,FXX,1,31.032459787563575,0,0,0.0,0,0,0,-9999.0,0.5,1,P2_CV0,2,1,1,1,1
3,2532969.44,705413.5711,R3_F3_m3f3_P3_Y3_UO294,R3_F3_m3f3_P3_Y1_UO319,R3_F3_m3f3_P3_Y0_UO545,FXX,1,31.032459787563575,0,0,0.0,0,0,0,-9999.0,0.5,1,P2_CV0,2,0,2,1,1
3,2532969.44,705413.5711,R3_F3_m3f3_P3_Y3_UO316,R3_F3_m3f3_P3_Y1_UO199,R3_F3_m3f3_P3_Y1_UO516,FXX,1,31.032459787563575,0,0,0.0,0,0,0,-9999.0,0.375,1,P2_CV0,2,0,2,1,1
3,2532969.44,705413.5711,R3_F3_m3f3_P3_Y3_UO317,R3_F3_m3f3_P3_Y1_UO199,R3_F3_m3f3_P3_Y1_UO516,FXX,1,31.032459787563575,0,0,0.0,0,0,0,-9999.0,0.375,1,P2_CV0,2,0,2,1,1
3,2532969.44,705413.5711,R3_F3_m3f3_P3_Y3_UO318,R3_F3_m3f3_P3_Y1_UO199,R3_F3_m3f3_P3_Y1_UO516,FXX,1,31.032459787563575,0,0,0.0,0,0,0,-9999.0,0.375,1,P2_CV0,2,1,1,0,2
3,2532969.44,705413.5711,R3_F3_m3f3_P3_Y3_UO319,R3_F3_m3f3_P3_Y1_UO199,R3_F3_m3f3_P3_Y1_UO516,MXY,1,31.032459787563575,0,0,0.0,0,0,0,-9999.0,0.375,1,P2_CV0,2,0,2,1,1
3,2532969.44,705413.5711,R3_F3_m3f3_P3_Y3_UO325,R3_F3_m3f3_P3_Y1_UO52,I3_F7_m3f3_P3_Y1_UO544,MXY,1,31.032459787563575,0,0,0.0,0,0,0,-9999.0,0.375,1,P2_CV0,2,1,1,1,1
3,2532969.44,705413.5711,R3_F3_m3f3_P3_Y3_UO326,R3_F3_m3f3_P3_Y1_UO52,I3_F7_m3f3_P3_Y1_UO544,MXY,1,31.032459787563575,0,0,0.0,0,0,0,-9999.0,0.375,1,P2_CV0,2,1,1,1,1
3,2532969.44,705413.5711,R3_F3_m3f3_P3_Y3_UO347,R3_F3_m3f3_P3_Y1_UO10,R3_F3_m3f3_P3_Y1_UO551,FXX,1,31.032459787563575,0,0,0.0,0,0,0,-9999.0,0.5,1,P2_CV0,2,2,0,1,1
3,2532969.44,705413.5711,R3_F3_m3f3_P3_Y3_UO348,R3_F3_m3f3_P3_Y1_UO10,R3_F3_m3f3_P3_Y1_UO551,MXY,1,31.032459787563575,0,0,0.0,0,0,0,-9999.0,0.5,1,P2_CV0,2,2,0,1,1
3,2532969.44,705413.5711,R3_F3_m3f3_P3_Y3_UO352,R3_F3_m3f3_P3_Y0_UO272,R3_F3_m3f3_P3_Y1_UO53,FXX,1,31.032459787563575,0,0,0.0,0,0,0,-9999.0,0.875,1,P2_CV0,2,2,0,2,0
3,2532969.44,705413.5711,R3_F3_m3f3_P3_Y3_UO353,R3_F3_m3f3_P3_Y0_UO272,R3_F3_m3f3_P3_Y1_UO53,FXX,1,31.032459787563575,0,0,0.0,0,0,0,-9999.0,0.875,1,P2_CV0,2,2,0,2,0
3,2532969.44,705413.5711,R3_F3_m3f3_P3_Y3_UO354,R3_F3_m3f3_P3_Y0_UO272,R3_F3_m3f3_P3_Y1_UO53,FXX,1,31.032459787563575,0,0,0.0,0,0,0,-9999.0,0.875,1,P2_CV0,2,2,0,2,0
3,2532969.44,705413.5711,R3_F3_m3f3_P3_Y3_UO360,R3_F3_m3f3_P3_Y1_UO10,R3_F3_m-1f-1_P3_Y-1_U15,MXY,1,31.032459787563575,0,0,0.0,0,0,0,-9999.0,0.625,1,P2_CV0,2,2,0,1,1
3,2532969.44,705413.5711,R3_F3_m3f3_P3_Y3_UO361,R3_F3_m3f3_P3_Y1_UO10,R3_F3_m-1f-1_P3_Y-1_U15,MXY,1,31.032459787563575,0,0,0.0,0,0,0,-9999.0,0.625,1,P2_CV0,2,2,0,1,1
3,2532969.44,705413.5711,R3_F3_m3f3_P3_Y3_UO364,R3_F3_m3f3_P3_Y1_UO162,R3_F3_m3f3_P3_Y0_UO20,FXX,1,31.032459787563575,0,0,0.0,0,0,0,-9999.0,0.375,1,P2_CV0,2,0,2,1,1
3,2532969.44,705413.5711,R3_F3_m3f3_P3_Y3_UO365,R3_F3_m3f3_P3_Y1_UO162,R3_F3_m3f3_P3_Y0_UO20,FXX,1,31.032459787563575,0,0,0.0,0,0,0,-9999.0,0.375,1,P2_CV0,2,1,1,0,2
3,2532969.44,705413.5711,R3_F3_m3f3_P3_Y3_UO366,R3_F3_m3f3_P3_Y0_UO708,R3_F3_m-1f-1_P3_Y-1_U100,FXX,1,31.032459787563575,0,0,0.0,0,0,0,-9999.0,0.625,1,P2_CV0,2,1,1,1,1
3,2532969.44,705413.5711,R3_F3_m3f3_P3_Y3_UO371,R3_F3_m3f3_P3_Y1_UO125,R3_F3_m3f3_P3_Y0_UO36,MXY,1,31.032459787563575,0,0,0.0,0,0,0,-9999.0,0.25,1,P2_CV0,2,1,1,2,0
3,2532969.44,705413.5711,R3_F3_m3f3_P3_Y3_UO372,R3_F3_m3f3_P3_Y1_UO125,R3_F3_m3f3_P3_Y0_UO36,FXX,1,31.032459787563575,0,0,0.0,0,0,0,-9999.0,0.25,1,P2_CV0,2,0,2,2,0
3,2532969.44,705413.5711,R3_F3_m3f3_P3_Y3_UO393,R3_F3_m3f3_P3_Y1_UO497,R3_F3_m3f3_P3_Y0_UO64,FXX,1,31.032459787563575,0,0,0.0,0,0,0,-9999.0,0.125,1,P2_CV0,2,2,0,0,2
3,2532969.44,705413.5711,R3_F3_m3f3_P3_Y3_UO394,R3_F3_m3f3_P3_Y1_UO497,R3_F3_m3f3_P3_Y0_UO64,FXX,1,31.032459787563575,0,0,0.0,0,0,0,-9999.0,0.125,1,P2_CV0,2,1,1,1,1
3,2532969.44,705413.5711,R3_F3_m3f3_P3_Y3_UO398,R3_F3_m3f3_P3_Y0_UO357,R3_F3_m3f3_P3_Y1_UO229,MXY,1,31.032459787563575,0,0,0.0,0,0,0,-9999.0,0.875,1,P2_CV0,2,2,0,1,1
3,2532969.44,705413.5711,R3_F3_m3f3_P3_Y3_UO399,R3_F3_m3f3_P3_Y0_UO357,R3_F3_m3f3_P3_Y1_UO229,FXX,1,31.032459787563575,0,0,0.0,0,0,0,-9999.0,0.875,1,P2_CV0,2,1,1,1,1
3,2532969.44,705413.5711,R3_F3_m3f3_P3_Y3_UO408,R3_F3_m3f3_P3_Y1_UO319,R3_F3_m3f3_P3_Y1_UO7,MXY,1,31.032459787563575,0,0,0.0,0,0,0,-9999.0,0.625,1,P2_CV0,2,1,1,1,1
3,2532969.44,705413.5711,R3_F3_m3f3_P3_Y3_UO409,R3_F3_m3f3_P3_Y1_UO319,R3_F3_m3f3_P3_Y1_UO7,FXX,1,31.032459787563575,0,0,0.0,0,0,0,-9999.0,0.625,1,P2_CV0,2,0,2,1,1
3,2532969.44,705413.5711,R3_F3_m3f3_P3_Y3_UO429,R3_F3_m3f3_P3_Y1_UO51,R3_F3_m3f3_P3_Y1_UO53,MXY,1,31.032459787563575,0,0,0.0,0,0,0,-9999.0,0.875,1,P2_CV0,2,2,0,2,0
3,2532969.44,705413.5711,R3_F3_m3f3_P3_Y3_UO430,R3_F3_m3f3_P3_Y1_UO51,R3_F3_m3f3_P3_Y1_UO53,FXX,1,31.032459787563575,0,0,0.0,0,0,0,-9999.0,0.875,1,P2_CV0,2,1,1,2,0
3,2532969.44,705413.5711,R3_F3_m3f3_P3_Y3_UO431,R3_F3_m3f3_P3_Y0_UO273,R3_F3_m3f3_P3_Y1_UO521,FXX,1,31.032459787563575,0,0,0.0,0,0,0,-9999.0,0.625,1,P2_CV0,2,0,2,1,1
3,2532969.44,705413.5711,R3_F3_m3f3_P3_Y3_UO432,R3_F3_m3f3_P3_Y0_UO273,R3_F3_m3f3_P3_Y1_UO521,MXY,1,31.032459787563575,0,0,0.0,0,0,0,-9999.0,0.625,1,P2_CV0,2,1,1,1,1
3,2532969.44,705413.5711,R3_F3_m3f3_P3_Y3_UO433,R3_F3_m3f3_P3_Y0_UO273,R3_F3_m3f3_P3_Y1_UO521,MXY,1,31.032459787563575,0,0,0.0,0,0,0,-9999.0,0.625,1,P2_CV0,2,1,1,0,2
3,2532969.44,705413.5711,R3_F3_m3f3_P3_Y3_UO439,R3_F3_m3f3_P3_Y1_UO497,R3_F3_m3f3_P3_Y1_UO7,MXY,1,31.032459787563575,0,0,0.0,0,0,0,-9999.0,0.25,1,P2_CV0,2,1,1,1,1
3,2532969.44,705413.5711,R3_F3_m3f3_P3_Y3_UO445,R3_F3_m-1f-1_P3_Y-1_U114,R3_F3_m3f3_P3_Y0_UO225,MXY,1,31.032459787563575,0,0,0.0,0,0,0,-9999.0,0.375,1,P2_CV0,2,0,2,1,1
3,2532969.44,705413.5711,R3_F3_m3f3_P3_Y3_UO446,R3_F3_m-1f-1_P3_Y-1_U114,R3_F3_m3f3_P3_Y0_UO225,MXY,1,31.032459787563575,0,0,0.0,0,0,0,-9999.0,0.375,1,P2_CV0,2,1,1,1,1
3,2532969.44,705413.5711,R3_F3_m3f3_P3_Y3_UO447,R3_F3_m-1f-1_P3_Y-1_U114,R3_F3_m3f3_P3_Y0_UO225,FXX,1,31.032459787563575,0,0,0.0,0,0,0,-9999.0,0.375,1,P2_CV0,2,0,2,2,0
3,2532969.44,705413.5711,R3_F3_m3f3_P3_Y3_UO448,R3_F3_m-1f-1_P3_Y-1_U114,R3_F3_m3f3_P3_Y0_UO225,FXX,1,31.032459787563575,0,0,0.0,0,0,0,-9999.0,0.375,1,P2_CV0,2,1,1,1,1
3,2532969.44,705413.5711,R3_F3_m3f3_P3_Y3_UO449,R3_F3_m-1f-1_P3_Y-1_U114,R3_F3_m3f3_P3_Y0_UO225,MXY,1,31.032459787563575,0,0,0.0,0,0,0,-9999.0,0.375,1,P2_CV0,2,1,1,2,0
3,2532969.44,705413.5711,R3_F3_m3f3_P3_Y3_UO461,R3_F3_m3f3_P3_Y0_UO708,R3_F3_m3f3_P3_Y1_UO243,FXX,1,31.032459787563575,0,0,0.0,0,0,0,-9999.0,0.625,1,P2_CV0,2,1,1,1,1
3,2532969.44,705413.5711,R3_F3_m3f3_P3_Y3_UO462,R3_F3_m3f3_P3_Y0_UO708,R3_F3_m3f3_P3_Y1_UO243,MXY,1,31.032459787563575,0,0,0.0,0,0,0,-9999.0,0.625,1,P2_CV0,2,1,1,1,1
3,2532969.44,705413.5711,R3_F3_m3f3_P3_Y3_UO463,R3_F3_m3f3_P3_Y0_UO708,R3_F3_m3f3_P3_Y1_UO243,MXY,1,31.032459787563575,0,0,0.0,0,0,0,-9999.0,0.625,1,P2_CV0,2,0,2,1,1
3,2532969.44,705413.5711,R3_F3_m3f3_P3_Y3_UO464,R3_F3_m3f3_P3_Y0_UO708,R3_F3_m3f3_P3_Y1_UO243,MXY,1,31.032459787563575,0,0,0.0,0,0,0,-9999.0,0.625,1,P2_CV0,2,1,1,1,1
3,2532969.44,705413.5711,R3_F3_m3f3_P3_Y3_UO467,R3_F3_m3f3_P3_Y1_UO162,R3_F3_m3f3_P3_Y0_UO665,MXY,1,31.032459787563575,0,0,0.0,0,0,0,-9999.0,0.375,1,P2_CV0,2,0,2,0,2
3,2532969.44,705413.5711,R3_F3_m3f3_P3_Y3_UO468,R3_F3_m3f3_P3_Y1_UO162,R3_F3_m3f3_P3_Y0_UO665,MXY,1,31.032459787563575,0,0,0.0,0,0,0,-9999.0,0.375,1,P2_CV0,2,1,1,0,2
3,2532969.44,705413.5711,R3_F3_m3f3_P3_Y3_UO472,R3_F3_m3f3_P3_Y1_UO497,R3_F3_m3f3_P3_Y0_UO545,FXX,1,31.032459787563575,0,0,0.0,0,0,0,-9999.0,0.125,1,P2_CV0,2,1,1,2,0
3,2532969.44,705413.5711,R3_F3_m3f3_P3_Y3_UO485,R3_F3_m3f3_P3_Y0_UO666,R3_F3_m3f3_P3_Y0_UO545,FXX,1,31.032459787563575,0,0,0.0,0,0,0,-9999.0,0.25,1,P2_CV0,2,1,1,0,2
3,2532969.44,705413.5711,R3_F3_m3f3_P3_Y3_UO499,R3_F3_m3f3_P3_Y1_UO522,R3_F3_m3f3_P3_Y1_UO487,MXY,1,31.032459787563575,0,0,0.0,0,0,0,-9999.0,0.625,1,P2_CV0,2,2,0,1,1
3,2532969.44,705413.5711,R3_F3_m3f3_P3_Y3_UO500,R3_F3_m3f3_P3_Y1_UO522,R3_F3_m3f3_P3_Y1_UO487,MXY,1,31.032459787563575,0,0,0.0,0,0,0,-9999.0,0.625,1,P2_CV0,2,2,0,1,1
3,2532969.44,705413.5711,R3_F3_m3f3_P3_Y3_UO514,R3_F3_m3f3_P3_Y0_UO357,R3_F3_m3f3_P3_Y1_UO243,FXX,1,31.032459787563575,0,0,0.0,0,0,0,-9999.0,0.75,1,P2_CV0,2,1,1,1,1
3,2532969.44,705413.5711,R3_F3_m3f3_P3_Y3_UO515,R3_F3_m3f3_P3_Y0_UO357,R3_F3_m3f3_P3_Y1_UO243,FXX,1,31.032459787563575,0,0,0.0,0,0,0,-9999.0,0.75,1,P2_CV0,2,1,1,0,2
3,2532969.44,705413.5711,R3_F3_m3f3_P3_Y3_UO516,R3_F3_m3f3_P3_Y1_UO222,R3_F3_m-1f-1_P3_Y-1_U87,FXX,1,31.032459787563575,0,0,0.0,0,0,0,-9999.0,0.375,1,P2_CV0,2,1,1,0,2
3,2532969.44,705413.5711,R3_F3_m3f3_P3_Y3_UO517,R3_F3_m3f3_P3_Y1_UO222,R3_F3_m-1f-1_P3_Y-1_U87,MXY,1,31.032459787563575,0,0,0.0,0,0,0,-9999.0,0.375,1,P2_CV0,2,2,0,0,2
3,2532969.44,705413.5711,R3_F3_m3f3_P3_Y2_UO582,I3_F7_m3f3_P3_Y0_UO622,R3_F3_m3f3_P3_Y0_UO36,FXX,2,31.067366580245416,1,0,2.619,0,0,0,-9999.0,0.5,1,P2_CV0,2,2,0,1,1
3,2532969.44,705413.5711,R3_F3_m3f3_P3_Y2_UO581,I3_F7_m3f3_P3_Y0_UO622,R3_F3_m3f3_P3_Y0_UO36,MXY,2,31.067366580245416,1,0,0.0,0,0,0,-9999.0,0.5,1,P2_CV0,2,1,1,0,2
3,2532969.44,705413.5711,R3_F3_m3f3_P3_Y2_UO338,R3_F3_m3f3_P3_Y0_UO73,R3_F3_m-1f-1_P3_Y-1_U58,FXX,2,31.067366580245416,1,0,2.289,0,0,0,-9999.0,0.875,1,P2_CV0,2,2,0,2,0
3,2532969.44,705413.5711,R3_F3_m3f3_P3_Y2_UO63,R3_F3_m3f3_P3_Y0_UO728,R3_F3_m-1f-1_P3_Y-1_U98,MXY,2,31.067366580245416,1,0,0.0,0,0,0,-9999.0,0.5,1,P2_CV0,2,2,0,0,2
3,2532969.44,705413.5711,R3_F3_m3f3_P3_Y2_UO250,R3_F3_m-1f-1_P3_Y-1_U68,R3_F3_m3f3_P3_Y0_UO665,FXX,2,31.067366580245416,1,0,1.0,0,0,0,-9999.0,0.5,1,P2_CV0,2,1,1,1,1
3,2532969.44,705413.5711,R3_F3_m3f3_P3_Y2_UO608,R3_F3_m-1f-1_P3_Y-1_U12,R3_F3_m-1f-1_P3_Y-1_U28,FXX,2,31.067366580245416,1,0,2.715,0,0,0,-9999.0,0.5,1,P2_CV0,2,1,1,1,1
3,2532969.44,705413.5711,R3_F3_m3f3_P3_Y2_UO224,R3_F3_m-1f-1_P3_Y-1_U41,R3_F3_m3f3_P3_Y0_UO665,FXX,2,31.067366580245416,1,0,0.0,0,0,0,-9999.0,0.25,1,P2_CV0,2,1,1,1,1
3,2532969.44,705413.5711,R3_F3_m3f3_P3_Y2_UO184,R3_F3_m-1f-1_P3_Y-1_U12,R3_F3_m-1f-1_P3_Y-1_U106,MXY,2,31.067366580245416,1,0,0.0,0,0,0,-9999.0,0.25,1,P2_CV0,2,1,1,2,0
3,2532969.44,705413.5711,R3_F3_m3f3_P3_Y2_UO35,R3_F3_m-1f-1_P3_Y-1_U67,R3_F3_m3f3_P3_Y0_UO63,FXX,2,31.067366580245416,1,0,1.0,0,0,0,-9999.0,0.0,1,P2_CV0,2,1,1,1,1
3,2532969.44,705413.5711,R3_F3_m3f3_P3_Y2_UO183,R3_F3_m3f3_P3_Y0_UO98,R3_F3_m4f4_P4_Y0_UO683,MXY,2,31.067366580245416,1,0,0.0,0,0,0,-9999.0,0.125,1,P2_CV0,2,1,1,1,1
3,2532969.44,705413.5711,R3_F3_m3f3_P3_Y2_UO192,R3_F3_m3f3_P3_Y0_UO666,R3_F3_m-1f-1_P3_Y-1_U98,FXX,2,31.067366580245416,1,0,2.688,0,0,0,-9999.0,0.5,1,P2_CV0,2,2,0,1,1
3,2532969.44,705413.5711,R3_F3_m3f3_P3_Y2_UO193,R3_F3_m3f3_P3_Y0_UO666,R3_F3_m-1f-1_P3_Y-1_U98,FXX,2,31.067366580245416,1,0,1.299,0,0,0,-9999.0,0.5,1,P2_CV0,2,1,1,1,1
3,2532969.44,705413.5711,R3_F3_m3f3_P3_Y2_UO248,R3_F3_m-1f-1_P3_Y-1_U68,R3_F3_m3f3_P3_Y0_UO665,MXY,2,31.067366580245416,1,0,0.0,0,0,0,-9999.0,0.5,1,P2_CV0,2,0,2,1,1
3,2532969.44,705413.5711,R3_F3_m3f3_P3_Y2_UO134,R3_F3_m-1f-1_P3_Y-1_U68,R3_F3_m-1f-1_P3_Y-1_U50,FXX,2,31.067366580245416,1,0,1.78,0,0,0,-9999.0,0.25,1,P2_CV0,2,1,1,2,0
3,2532969.44,705413.5711,R3_F3_m3f3_P3_Y2_UO657,R3_F3_m3f3_P3_Y0_UO267,R3_F3_m-1f-1_P3_Y-1_U36,MXY,2,31.067366580245416,1,0,0.0,0,0,0,-9999.0,0.75,1,P2_CV0,2,2,0,2,0
3,2532969.44,705413.5711,R3_F3_m3f3_P3_Y2_UO226,R3_F3_m-1f-1_P3_Y-1_U41,R3_F3_m3f3_P3_Y0_UO665,MXY,2,31.067366580245416,1,0,0.0,0,0,0,-9999.0,0.25,1,P2_CV0,2,0,2,0,2
3,2532969.44,705413.5711,R3_F3_m3f3_P3_Y2_UO656,R3_F3_m3f3_P3_Y0_UO267,R3_F3_m-1f-1_P3_Y-1_U36,FXX,2,31.067366580245416,1,0,1.031,0,0,0,-9999.0,0.75,1,P2_CV0,2,1,1,1,1
3,2532969.44,705413.5711,R3_F3_m3f3_P3_Y2_UO400,R3_F3_m3f3_P3_Y0_UO666,R3_F3_m3f3_P3_Y0_UO441,FXX,2,31.067366580245416,1,0,1.442,0,0,0,-9999.0,0.625,1,P2_CV0,2,0,2,0,2
3,2532969.44,705413.5711,R3_F3_m3f3_P3_Y2_UO530,R3_F3_m-1f-1_P3_Y-1_U103,R3_F3_m3f3_P3_Y0_UO225,FXX,2,31.067366580245416,1,0,2.521,0,0,0,-9999.0,0.875,1,P2_CV0,2,1,1,1,1
3,2532969.44,705413.5711,R3_F3_m3f3_P3_Y2_UO62,R3_F3_m3f3_P3_Y0_UO728,R3_F3_m-1f-1_P3_Y-1_U98,MXY,2,31.067366580245416,1,0,0.0,0,0,0,-9999.0,0.5,1,P2_CV0,2,1,1,1,1
3,2532969.44,705413.5711,R3_F3_m3f3_P3_Y2_UO490,R3_F3_m-1f-1_P3_Y-1_U35,R3_F3_m4f4_P4_Y0_UO683,MXY,2,31.067366580245416,1,0,0.0,0,0,0,-9999.0,0.375,1,P2_CV0,2,0,2,1,1
3,2532969.44,705413.5711,R3_F3_m3f3_P3_Y2_UO456,R3_F3_m3f3_P3_Y0_UO98,R3_F3_m-1f-1_P3_Y-1_U100,FXX,2,31.067366580245416,1,0,2.067,0,0,0,-9999.0,0.25,1,P2_CV0,2,1,1,0,2
3,2532969.44,705413.5711,R3_F3_m3f3_P3_Y2_UO223,R3_F3_m-1f-1_P3_Y-1_U41,R3_F3_m3f3_P3_Y0_UO665,FXX,2,31.067366580245416,1,0,0.0,0,0,0,-9999.0,0.25,1,P2_CV0,2,0,2,1,1
3,2532969.44,705413.5711,R3_F3_m3f3_P3_Y2_UO489,R3_F3_m-1f-1_P3_Y-1_U35,R3_F3_m4f4_P4_Y0_UO683,MXY,2,31.067366580245416,1,0,0.0,0,0,0,-9999.0,0.375,1,P2_CV0,2,0,2,1,1
3,2532969.44,705413.5711,R3_F3_m3f3_P3_Y2_UO539,R3_F3_m3f3_P3_Y0_UO267,R3_F3_m-1f-1_P3_Y-1_U100,MXY,2,31.067366580245416,1,0,0.0,0,0,0,-9999.0,0.75,1,P2_CV0,2,1,1,2,0
3,2532969.44,705413.5711,R3_F3_m3f3_P3_Y2_UO136,R3_F3_m3f3_P3_Y0_UO275,R3_F3_m-1f-1_P3_Y-1_U106,FXX,2,31.067366580245416,1,0,1.561,0,0,0,-9999.0,0.25,1,P2_CV0,2,1,1,2,0
3,2532969.44,705413.5711,R3_F3_m3f3_P3_Y2_UO402,R3_F3_m3f3_P3_Y0_UO666,R3_F3_m3f3_P3_Y0_UO441,MXY,2,31.067366580245416,1,0,0.0,0,0,0,-9999.0,0.625,1,P2_CV0,2,1,1,0,2
3,2532969.44,705413.5711,R3_F3_m3f3_P3_Y2_UO297,R3_F3_m-1f-1_P3_Y-1_U35,R3_F3_m-1f-1_P3_Y-1_U58,MXY,2,31.067366580245416,1,0,0.0,0,0,0,-9999.0,0.75,1,P2_CV0,2,2,0,0,2
3,2532969.44,705413.5711,R3_F3_m3f3_P3_Y2_UO463,R3_F3_m-1f-1_P3_Y-1_U12,R3_F3_m3f3_P3_Y0_UO36,MXY,2,31.067366580245416,1,0,0.0,0,0,0,-9999.0,0.5,1,P2_CV0,2,0,2,2,0
3,2532969.44,705413.5711,R3_F3_m3f3_P3_Y2_UO401,R3_F3_m3f3_P3_Y0_UO666,R3_F3_m3f3_P3_Y0_UO441,MXY,2,31.067366580245416,1,0,0.0,0,0,0,-9999.0,0.625,1,P2_CV0,2,1,1,0,2
3,2532969.44,705413.5711,R3_F3_m3f3_P3_Y1_UO536,R3_F3_m-1f-1_P3_Y-1_U111,R3_F3_m-1f-1_P3_Y-1_U42,MXY,3,31.099031335044106,1,0,0.0,0,0,0,-9999.0,0.75,1,P2_CV0,2,0,2,0,2
3,2532969.44,705413.5711,R3_F3_m3f3_P3_Y1_UO199,R3_F3_m-1f-1_P3_Y-1_U17,R3_F3_m-1f-1_P3_Y-1_U48,FXX,3,31.099031335044106,1,0,1.508,0,0,0,-9999.0,0.5,1,P2_CV0,2,1,1,1,1
3,2532969.44,705413.5711,R3_F3_m3f3_P3_Y1_UO10,R3_F3_m-1f-1_P3_Y-1_U43,R3_F3_m-1f-1_P3_Y-1_U13,FXX,3,31.099031335044106,1,0,1.531,0,0,0,-9999.0,0.25,1,P2_CV0,2,2,0,1,1
3,2532969.44,705413.5711,R3_F3_m3f3_P3_Y1_UO360,R3_F3_m-1f-1_P3_Y-1_U81,R3_F3_m-1f-1_P3_Y-1_U106,FXX,3,31.099031335044106,1,0,2.287,0,0,0,-9999.0,0.25,1,P2_CV0,2,0,2,1,1
3,2532969.44,705413.5711,R3_F3_m3f3_P3_Y1_UO221,R3_F3_m-1f-1_P3_Y-1_U71,R3_F3_m-1f-1_P3_Y-1_U126,FXX,3,31.099031335044106,1,0,1.305,0,0,0,-9999.0,0.75,1,P2_CV0,2,2,0,2,0
3,2532969.44,705413.5711,R3_F3_m3f3_P3_Y1_UO395,R3_F3_m-1f-1_P3_Y-1_U75,R3_F3_m-1f-1_P3_Y-1_U36,FXX,3,31.099031335044106,1,0,1.0,0,0,0,-9999.0,0.75,1,P2_CV0,2,1,1,0,2
3,2532969.44,705413.5711,R3_F3_m3f3_P3_Y1_UO359,R3_F3_m-1f-1_P3_Y-1_U81,R3_F3_m-1f-1_P3_Y-1_U106,FXX,3,31.099031335044106,1,0,0.0,0,0,0,-9999.0,0.25,1,P2_CV0,2,1,1,1,1
3,2532969.44,705413.5711,R3_F3_m3f3_P3_Y1_UO527,R3_F3_m-1f-1_P3_Y-1_U55,R3_F3_m-1f-1_P3_Y-1_U73,MXY,3,31.099031335044106,1,0,0.0,0,0,0,-9999.0,0.75,1,P2_CV0,2,0,2,1,1
3,2532969.44,705413.5711,R3_F3_m3f3_P3_Y1_UO544,R3_F3_m-1f-1_P3_Y-1_U104,R3_F3_m-1f-1_P3_Y-1_U124,MXY,3,31.10386889893265,1,0,0.0,0,0,0,-9999.0,0.25,1,P2_CV0,2,0,2,1,1
3,2532969.44,705413.5711,R3_F3_m3f3_P3_Y1_UO534,R3_F3_m-1f-1_P3_Y-1_U109,R3_F3_m-1f-1_P3_Y-1_U92,MXY,3,31.099031335044106,1,0,0.0,0,0,0,-9999.0,0.0,1,P2_CV0,2,0,2,1,1
3,2532969.44,705413.5711,R3_F3_m3f3_P3_Y1_UO551,R3_F3_m-1f-1_P3_Y-1_U43,R3_F3_m-1f-1_P3_Y-1_U15,MXY,3,31.099031335044106,1,0,0.0,0,0,0,-9999.0,0.75,1,P2_CV0,2,1,1,1,1
3,2532969.44,705413.5711,R3_F3_m3f3_P3_Y1_UO420,R3_F3_m-1f-1_P3_Y-1_U75,R3_F3_m-1f-1_P3_Y-1_U54,FXX,3,31.099031335044106,1,0,0.0,0,0,0,-9999.0,1.0,1,P2_CV0,2,1,1,0,2
3,2532969.44,705413.5711,R3_F3_m3f3_P3_Y1_UO6,R3_F3_m-1f-1_P3_Y-1_U4,R3_F3_m-1f-1_P3_Y-1_U40,FXX,3,31.099031335044106,1,0,2.688,0,0,0,-9999.0,0.25,1,P2_CV0,2,1,1,0,2
3,2532969.44,705413.5711,R3_F3_m3f3_P3_Y1_UO358,R3_F3_m-1f-1_P3_Y-1_U81,R3_F3_m-1f-1_P3_Y-1_U106,MXY,3,31.099031335044106,1,0,0.0,0,0,0,-9999.0,0.25,1,P2_CV0,2,2,0,1,1
3,2532969.44,705413.5711,R3_F3_m3f3_P3_Y1_UO334,R3_F3_m-1f-1_P3_Y-1_U32,R3_F3_m-1f-1_P3_Y-1_U116,FXX,3,31.099031335044106,1,0,1.426,0,0,0,-9999.0,0.25,1,P2_CV0,2,0,2,1,1
3,2532969.44,705413.5711,R3_F3_m3f3_P3_Y1_UO22,R3_F3_m-1f-1_P3_Y-1_U97,R3_F3_m-1f-1_P3_Y-1_U126,MXY,3,31.099031335044106,1,0,0.0,0,0,0,-9999.0,0.75,1,P2_CV0,2,2,0,2,0
3,2532969.44,705413.5711,R3_F3_m3f3_P3_Y0_UO728,R3_F3_m-1f-1_P3_Y-1_U57,R3_F3_m-1f-1_P3_Y-1_U8,FXX,4,31.135250528619387,1,0,1.473,0,0,0,-9999.0,0.5,1,P2_CV0,2,1,1,0,2
3,2532969.44,705413.5711,R3_F3_m3f3_P3_Y0_UO242,R3_F3_m-1f-1_P3_Y-1_U127,R3_F3_m-1f-1_P3_Y-1_U10,FXX,4,31.135250528619387,1,0,1.783,0,0,0,-9999.0,0.5,1,P2_CV0,2,2,0,0,2
3,2532969.44,705413.5711,R3_F3_m3f3_P3_Y0_UO665,R3_F3_m-1f-1_P3_Y-1_U31,R3_F3_m-1f-1_P3_Y-1_U66,MXY,4,31.135250528619387,1,0,0.0,0,0,0,-9999.0,0.5,1,P2_CV0,2,1,1,0,2
3,2532969.44,705413.5711,R3_F3_m3f3_P3_Y0_UO63,R3_F3_m-1f-1_P3_Y-1_U31,R3_F3_m-1f-1_P3_Y-1_U50,MXY,4,31.135250528619387,1,0,0.0,0,0,0,-9999.0,0.0,1,P2_CV0,2,2,0,0,2
3,2532969.44,705413.5711,R3_F3_m3f3_P3_Y0_UO524,R3_F3_m-1f-1_P3_Y-1_U74,R3_F3_m-1f-1_P3_Y-1_U89,FXX,4,31.135250528619387,1,0,2.261,0,0,0,-9999.0,0.5,1,P2_CV0,2,1,1,1,1
3,2532969.44,705413.5711,I3_F7_m3f3_P3_Y0_UO64,R3_F3_m-1f-1_P3_Y-1_U31,R3_F3_m-1f-1_P3_Y-1_U50,MXY,4,31.125747597193957,1,0,0.0,0,0,0,-9999.0,0.0,1,P2_CV0,2,2,0,0,2
3,2532969.44,705413.5711,I3_F7_m3f3_P3_Y0_UO335,R3_F3_m-1f-1_P3_Y-1_U102,R3_F3_m-1f-1_P3_Y-1_U10,MXY,4,31.125747597193957,1,0,0.0,0,0,0,-9999.0,0.25,1,P2_CV0,2,0,2,2,0
3,2532969.44,705413.5711,R3_F3_m-1f-1_P3_Y-1_U28,-9999,-9999,MXY,5,31.128994785759495,1,0,0.0,0,0,0,-9999.0,0.5,1,P2_CV0,2,1,1,1,1
3,2532969.44,705413.5711,R3_F3_m-1f-1_P3_Y-1_U12,-9999,-9999,FXX,5,31.128994785759495,1,0,0.0,0,0,0,-9999.0,0.5,1,P2_CV0,2,1,1,2,0
3,2532969.44,705413.5711,R3_F3_m-1f-1_P3_Y-1_U15,-9999,-9999,MXY,5,31.12243530174907,1,0,0.0,0,0,0,-9999.0,1.0,1,P2_CV0,2,2,0,2,0
3,2532969.44,705413.5711,R3_F3_m-1f-1_P3_Y-1_U17,-9999,-9999,FXX,5,31.128994785759495,1,0,0.0,0,0,0,-9999.0,0.5,1,P2_CV0,2,1,1,0,2
3,2532969.44,705413.5711,R3_F3_m3f3_P3_Y3_UO221,R3_F3_m3f3_P3_Y1_UO311,R3_F3_m4f4_P4_Y1_UO254,FXX,1,31.032459787563575,0,0,0.0,0,0,0,-9999.0,0.5,1,P3_CV0,2,1,1,2,0
3,2532969.44,705413.5711,R3_F3_m3f3_P3_Y2_UO494,R3_F3_m-1f-1_P3_Y-1_U35,R3_F3_m4f4_P4_Y0_UO683,MXY,2,31.067366580245416,1,0,0.0,0,0,0,-9999.0,0.375,1,P3_CV0,2,0,2,1,1
3,2532969.44,705413.5711,R3_F3_m4f4_P4_Y1_UO254,R4_F4_m-1f-1_P4_Y-1_U85,R4_F4_m-1f-1_P4_Y-1_U10,MXY,3,31.287439149699033,1,0,0.0,0,0,0,-9999.0,0.75,1,P3_CV0,2,1,1,2,0
4,2539041.489,728416.6747,RD4_F3_m3f3_P3_Y2_UO61,R3_F3_m3f3_P3_Y0_UO728,R3_F3_m-1f-1_P3_Y-1_U98,MXY,2,58.662793902766566,1,0,0.0,0,0,0,-9999.0,0.5,1,P2_CV0,2,2,0,1,1
4,2539041.489,728416.6747,R4_F4_m4f4_P4_Y3_UO0,R4_F4_m-1f-1_P4_Y-1_U21,R4_F4_m4f4_P4_Y0_UO90,MXY,1,57.97707154251517,0,0,0.0,0,0,0,-9999.0,0.5,1,P3_CV0,2,1,1,2,0
4,2539041.489,728416.6747,R4_F4_m4f4_P4_Y3_UO1,R4_F4_m-1f-1_P4_Y-1_U21,R4_F4_m4f4_P4_Y0_UO90,FXX,1,57.97707154251517,0,0,0.0,0,0,0,-9999.0,0.5,1,P3_CV0,2,1,1,1,1
4,2539041.489,728416.6747,R4_F4_m4f4_P4_Y3_UO2,R4_F4_m-1f-1_P4_Y-1_U21,R4_F4_m4f4_P4_Y0_UO90,MXY,1,57.97707154251517,0,0,0.0,0,0,0,-9999.0,0.5,1,P3_CV0,2,0,2,1,1
4,2539041.489,728416.6747,R4_F4_m4f4_P4_Y3_UO3,R4_F4_m-1f-1_P4_Y-1_U21,R4_F4_m4f4_P4_Y0_UO90,MXY,1,57.97707154251517,0,0,0.0,0,0,0,-9999.0,0.5,1,P3_CV0,2,1,1,2,0
4,2539041.489,728416.6747,R4_F4_m4f4_P4_Y3_UO4,R4_F4_m-1f-1_P4_Y-1_U21,R4_F4_m4f4_P4_Y0_UO90,FXX,1,57.97707154251517,0,0,0.0,0,0,0,-9999.0,0.5,1,P3_CV0,2,0,2,2,0
4,2539041.489,728416.6747,R4_F4_m4f4_P4_Y3_UO12,R4_F4_m4f4_P4_Y0_UO139,R4_F4_m4f4_P4_Y1_UO268,FXX,1,57.97707154251517,0,0,0.0,0,0,0,-9999.0,0.375,1,P3_CV0,2,2,0,1,1
4,2539041.489,728416.6747,R4_F4_m4f4_P4_Y3_UO14,R4_F4_m4f4_P4_Y0_UO727,R4_F4_m4f4_P4_Y0_UO472,FXX,1,57.97707154251517,0,0,0.0,0,0,0,-9999.0,0.25,1,P3_CV0,2,1,1,1,1
4,2539041.489,728416.6747,R4_F4_m4f4_P4_Y3_UO15,R4_F4_m4f4_P4_Y0_UO727,R4_F4_m4f4_P4_Y0_UO472,FXX,1,57.97707154251517,0,0,0.0,0,0,0,-9999.0,0.25,1,P3_CV0,2,1,1,1,1
4,2539041.489,728416.6747,R4_F4_m4f4_P4_Y3_UO16,R4_F4_m4f4_P4_Y1_UO413,R4_F4_m-1f-1_P4_Y-1_U22,FXX,1,57.97707154251517,0,0,0.0,0,0,0,-9999.0,0.5,1,P3_CV0,2,1,1,2,0
4,2539041.489,728416.6747,R4_F4_m4f4_P4_Y3_UO23,R4_F4_m-1f-1_P4_Y-1_U43,R4_F4_m4f4_P4_Y1_UO268,FXX,1,57.97707154251517,0,0,0.0,0,0,0,-9999.0,0.5,1,P3_CV0,2,2,0,0,2
4,2539041.489,728416.6747,R4_F4_m4f4_P4_Y3_UO24,R4_F4_m-1f-1_P4_Y-1_U43,R4_F4_m4f4_P4_Y1_UO268,FXX,1,57.97707154251517,0,0,0.0,0,0,0,-9999.0,0.5,1,P3_CV0,2,0,2,0,2
4,2539041.489,728416.6747,R4_F4_m4f4_P4_Y3_UO25,R4_F4_m-1f-1_P4_Y-1_U43,R4_F4_m4f4_P4_Y1_UO268,FXX,1,57.97707154251517,0,0,0.0,0,0,0,-9999.0,0.5,1,P3_CV0,2,1,1,0,2
4,2539041.489,728416.6747,R4_F4_m4f4_P4_Y3_UO30,R4_F4_m4f4_P4_Y1_UO563,R4_F4_m4f4_P4_Y0_UO473,FXX,1,57.97707154251517,0,0,0.0,0,0,0,-9999.0,0.375,1,P3_CV0,2,2,0,1,1
4,2539041.489,728416.6747,R4_F4_m4f4_P4_Y3_UO31,R4_F4_m4f4_P4_Y1_UO563,R4_F4_m4f4_P4_Y0_UO473,MXY,1,57.97707154251517,0,0,0.0,0,0,0,-9999.0,0.375,1,P3_CV0,2,2,0,0,2
4,2539041.489,728416.6747,R4_F4_m4f4_P4_Y3_UO36,R4_F4_m-1f-1_P4_Y-1_U71,R4_F4_m-1f-1_P4_Y-1_U3,MXY,1,57.97707154251517,0,0,0.0,0,0,0,-9999.0,0.5,1,P3_CV0,2,1,1,0,2
4,2539041.489,728416.6747,R4_F4_m4f4_P4_Y3_UO37,R4_F4_m-1f-1_P4_Y-1_U71,R4_F4_m-1f-1_P4_Y-1_U3,FXX,1,57.97707154251517,0,0,0.0,0,0,0,-9999.0,0.5,1,P3_CV0,2,1,1,1,1
4,2539041.489,728416.6747,R4_F4_m4f4_P4_Y3_UO38,R4_F4_m-1f-1_P4_Y-1_U71,R4_F4_m-1f-1_P4_Y-1_U3,MXY,1,57.97707154251517,0,0,0.0,0,0,0,-9999.0,0.5,1,P3_CV0,2,1,1,0,2
4,2539041.489,728416.6747,R4_F4_m4f4_P4_Y3_UO43,R4_F4_m4f4_P4_Y1_UO563,R4_F4_m4f4_P4_Y0_UO370,MXY,1,57.97707154251517,0,0,0.0,0,0,0,-9999.0,0.5,1,P3_CV0,2,1,1,0,2
4,2539041.489,728416.6747,R4_F4_m4f4_P4_Y3_UO44,R4_F4_m4f4_P4_Y1_UO563,R4_F4_m4f4_P4_Y0_UO370,FXX,1,57.97707154251517,0,0,0.0,0,0,0,-9999.0,0.5,1,P3_CV0,2,2,0,1,1
4,2539041.489,728416.6747,R4_F4_m4f4_P4_Y3_UO45,R4_F4_m4f4_P4_Y1_UO563,R4_F4_m4f4_P4_Y0_UO370,MXY,1,57.97707154251517,0,0,0.0,0,0,0,-9999.0,0.5,1,P3_CV0,2,1,1,1,1
4,2539041.489,728416.6747,R4_F4_m4f4_P4_Y3_UO49,I4_F7_m4f4_P4_Y0_UO135,R4_F4_m4f4_P4_Y1_UO139,FXX,1,57.97707154251517,0,0,0.0,0,0,0,-9999.0,0.625,1,P3_CV0,2,1,1,0,2
4,2539041.489,728416.6747,R4_F4_m4f4_P4_Y3_UO65,R4_F4_m-1f-1_P4_Y-1_U43,R4_F4_m-1f-1_P4_Y-1_U74,MXY,1,57.97707154251517,0,0,0.0,0,0,0,-9999.0,0.5,1,P3_CV0,2,2,0,0,2
4,2539041.489,728416.6747,R4_F4_m4f4_P4_Y3_UO66,R4_F4_m-1f-1_P4_Y-1_U43,R4_F4_m-1f-1_P4_Y-1_U74,MXY,1,57.97707154251517,0,0,0.0,0,0,0,-9999.0,0.5,1,P3_CV0,2,2,0,0,2
4,2539041.489,728416.6747,R4_F4_m4f4_P4_Y3_UO67,R4_F4_m-1f-1_P4_Y-1_U43,R4_F4_m-1f-1_P4_Y-1_U74,MXY,1,57.97707154251517,0,0,0.0,0,0,0,-9999.0,0.5,1,P3_CV0,2,1,1,0,2
4,2539041.489,728416.6747,R4_F4_m4f4_P4_Y3_UO68,R4_F4_m4f4_P4_Y1_UO413,I4_F7_m4f4_P4_Y1_UO467,FXX,1,57.97707154251517,0,0,0.0,0,0,0,-9999.0,0.75,1,P3_CV0,2,1,1,1,1
4,2539041.489,728416.6747,R4_F4_m4f4_P4_Y3_UO69,R4_F4_m4f4_P4_Y1_UO290,R4_F4_m4f4_P4_Y1_UO468,MXY,1,57.97707154251517,0,0,0.0,0,0,0,-9999.0,0.75,1,P3_CV0,2,0,2,2,0
4,2539041.489,728416.6747,R4_F4_m4f4_P4_Y3_UO70,R4_F4_m4f4_P4_Y1_UO290,R4_F4_m4f4_P4_Y1_UO468,FXX,1,57.97707154251517,0,0,0.0,0,0,0,-9999.0,0.75,1,P3_CV0,2,0,2,2,0
4,2539041.489,728416.6747,R4_F4_m4f4_P4_Y3_UO71,R4_F4_m4f4_P4_Y1_UO290,R4_F4_m4f4_P4_Y1_UO468,MXY,1,57.97707154251517,0,0,0.0,0,0,0,-9999.0,0.75,1,P3_CV0,2,0,2,2,0
4,2539041.489,728416.6747,R4_F4_m4f4_P4_Y3_UO72,R4_F4_m4f4_P4_Y0_UO139,R4_F4_m4f4_P4_Y0_UO472,MXY,1,57.97707154251517,0,0,0.0,0,0,0,-9999.0,0.25,1,P3_CV0,2,1,1,1,1
4,2539041.489,728416.6747,R4_F4_m4f4_P4_Y3_UO79,R4_F4_m4f4_P4_Y1_UO27,R4_F4_m4f4_P4_Y0_UO306,FXX,1,57.97707154251517,0,0,0.0,0,0,0,-9999.0,0.75,1,P3_CV0,2,2,0,1,1
4,2539041.489,728416.6747,R4_F4_m4f4_P4_Y3_UO85,R4_F4_m-1f-1_P4_Y-1_U43,R4_F4_m-1f-1_P4_Y-1_U26,FXX,1,57.97707154251517,0,0,0.0,0,0,0,-9999.0,0.5,1,P3_CV0,2,1,1,1,1
4,2539041.489,728416.6747,R4_F4_m4f4_P4_Y3_UO86,R4_F4_m-1f-1_P4_Y-1_U43,R4_F4_m-1f-1_P4_Y-1_U26,MXY,1,57.97707154251517,0,0,0.0,0,0,0,-9999.0,0.5,1,P3_CV0,2,2,0,1,1
4,2539041.489,728416.6747,R4_F4_m4f4_P4_Y3_UO96,R4_F4_m4f4_P4_Y0_UO139,R4_F4_m4f4_P4_Y1_UO103,MXY,1,57.97707154251517,0,0,0.0,0,0,0,-9999.0,0.25,1,P3_CV0,2,1,1,1,1
4,2539041.489,728416.6747,R4_F4_m4f4_P4_Y3_UO104,R4_F4_m4f4_P4_Y0_UO572,R4_F4_m4f4_P4_Y0_UO370,FXX,1,57.97707154251517,0,0,0.0,0,0,0,-9999.0,0.5,1,P3_CV0,2,1,1,0,2
4,2539041.489,728416.6747,R4_F4_m4f4_P4_Y3_UO105,R4_F4_m4f4_P4_Y0_UO572,R4_F4_m4f4_P4_Y0_UO370,FXX,1,57.97707154251517,0,0,0.0,0,0,0,-9999.0,0.5,1,P3_CV0,2,1,1,1,1
4,2539041.489,728416.6747,R4_F4_m4f4_P4_Y3_UO106,R4_F4_m4f4_P4_Y0_UO572,R4_F4_m4f4_P4_Y0_UO370,FXX,1,57.97707154251517,0,0,0.0,0,0,0,-9999.0,0.5,1,P3_CV0,2,0,2,0,2
4,2539041.489,728416.6747,R4_F4_m4f4_P4_Y3_UO125,R4_F4_m-1f-1_P4_Y-1_U71,R4_F4_m4f4_P4_Y1_UO383,FXX,1,57.97707154251517,0,0,0.0,0,0,0,-9999.0,0.75,1,P3_CV0,2,2,0,1,1
4,2539041.489,728416.6747,R4_F4_m4f4_P4_Y3_UO126,R4_F4_m-1f-1_P4_Y-1_U71,R4_F4_m4f4_P4_Y1_UO383,FXX,1,57.97707154251517,0,0,0.0,0,0,0,-9999.0,0.75,1,P3_CV0,2,1,1,0,2
4,2539041.489,728416.6747,R4_F4_m4f4_P4_Y3_UO127,R4_F4_m-1f-1_P4_Y-1_U71,R4_F4_m4f4_P4_Y1_UO383,FXX,1,57.97707154251517,0,0,0.0,0,0,0,-9999.0,0.75,1,P3_CV0,2,2,0,1,1
4,2539041.489,728416.6747,R4_F4_m4f4_P4_Y3_UO128,R4_F4_m-1f-1_P4_Y-1_U71,R4_F4_m4f4_P4_Y1_UO383,MXY,1,57.97707154251517,0,0,0.0,0,0,0,-9999.0,0.75,1,P3_CV0,2,2,0,1,1
4,2539041.489,728416.6747,R4_F4_m4f4_P4_Y3_UO162,R4_F4_m4f4_P4_Y1_UO563,R4_F4_m4f4_P4_Y1_UO139,FXX,1,57.97707154251517,0,0,0.0,0,0,0,-9999.0,0.5,1,P3_CV0,2,2,0,1,1
4,2539041.489,728416.6747,R4_F4_m4f4_P4_Y3_UO163,R4_F4_m4f4_P4_Y1_UO563,R4_F4_m4f4_P4_Y1_UO139,FXX,1,57.97707154251517,0,0,0.0,0,0,0,-9999.0,0.5,1,P3_CV0,2,2,0,1,1
4,2539041.489,728416.6747,R4_F4_m4f4_P4_Y3_UO164,R4_F4_m4f4_P4_Y1_UO541,R4_F4_m4f4_P4_Y1_UO468,MXY,1,57.97707154251517,0,0,0.0,0,0,0,-9999.0,0.875,1,P3_CV0,2,1,1,1,1
4,2539041.489,728416.6747,R4_F4_m4f4_P4_Y3_UO167,R4_F4_m4f4_P4_Y1_UO290,R4_F4_m4f4_P4_Y0_UO206,MXY,1,57.97707154251517,0,0,0.0,0,0,0,-9999.0,0.5,1,P3_CV0,2,0,2,1,1
4,2539041.489,728416.6747,R4_F4_m4f4_P4_Y3_UO168,R4_F4_m4f4_P4_Y1_UO290,R4_F4_m4f4_P4_Y0_UO206,MXY,1,57.97707154251517,0,0,0.0,0,0,0,-9999.0,0.5,1,P3_CV0,2,0,2,1,1
4,2539041.489,728416.6747,R4_F4_m4f4_P4_Y3_UO187,R4_F4_m4f4_P4_Y0_UO139,R4_F4_m4f4_P4_Y1_UO103,MXY,1,57.97707154251517,0,0,0.0,0,0,0,-9999.0,0.25,1,P3_CV0,2,1,1,1,1
4,2539041.489,728416.6747,R4_F4_m4f4_P4_Y3_UO188,R4_F4_m4f4_P4_Y0_UO139,R4_F4_m-1f-1_P4_Y-1_U96,FXX,1,57.97707154251517,0,0,0.0,0,0,0,-9999.0,0.125,1,P3_CV0,2,0,2,1,1
4,2539041.489,728416.6747,R4_F4_m4f4_P4_Y3_UO191,R4_F4_m4f4_P4_Y1_UO102,R4_F4_m4f4_P4_Y1_UO145,FXX,1,57.97707154251517,0,0,0.0,0,0,0,-9999.0,0.5,1,P3_CV0,2,0,2,1,1
4,2539041.489,728416.6747,R4_F4_m4f4_P4_Y3_UO208,R4_F4_m4f4_P4_Y1_UO27,R4_F4_m-1f-1_P4_Y-1_U74,MXY,1,57.97707154251517,0,0,0.0,0,0,0,-9999.0,0.5,1,P3_CV0,2,1,1,0,2
4,2539041.489,728416.6747,R4_F4_m4f4_P4_Y3_UO230,R4_F4_m-1f-1_P4_Y-1_U43,R4_F4_m4f4_P4_Y0_UO137,FXX,1,57.97707154251517,0,0,0.0,0,0,0,-9999.0,0.625,1,P3_CV0,2,2,0,0,2
4,2539041.489,728416.6747,R4_F4_m4f4_P4_Y3_UO231,R4_F4_m-1f-1_P4_Y-1_U43,R4_F4_m4f4_P4_Y0_UO137,MXY,1,57.97707154251517,0,0,0.0,0,0,0,-9999.0,0.625,1,P3_CV0,2,1,1,1,1
4,2539041.489,728416.6747,R4_F4_m4f4_P4_Y3_UO232,R4_F4_m-1f-1_P4_Y-1_U43,R4_F4_m4f4_P4_Y0_UO137,MXY,1,57.97707154251517,0,0,0.0,0,0,0,-9999.0,0.625,1,P3_CV0,2,2,0,0,2
4,2539041.489,728416.6747,R4_F4_m4f4_P4_Y3_UO244,R4_F4_m-1f-1_P4_Y-1_U21,R4_F4_m4f4_P4_Y1_UO18,MXY,1,57.97707154251517,0,0,0.0,0,0,0,-9999.0,0.5,1,P3_CV0,2,0,2,2,0
4,2539041.489,728416.6747,R4_F4_m4f4_P4_Y3_UO245,R4_F4_m-1f-1_P4_Y-1_U21,R4_F4_m4f4_P4_Y1_UO18,FXX,1,57.97707154251517,0,0,0.0,0,0,0,-9999.0,0.5,1,P3_CV0,2,1,1,2,0
4,2539041.489,728416.6747,R4_F4_m4f4_P4_Y3_UO246,R4_F4_m-1f-1_P4_Y-1_U21,R4_F4_m4f4_P4_Y1_UO18,FXX,1,57.97707154251517,0,0,0.0,0,0,0,-9999.0,0.5,1,P3_CV0,2,1,1,2,0
4,2539041.489,728416.6747,R4_F4_m4f4_P4_Y3_UO247,R4_F4_m-1f-1_P4_Y-1_U21,R4_F4_m4f4_P4_Y1_UO18,MXY,1,57.97707154251517,0,0,0.0,0,0,0,-9999.0,0.5,1,P3_CV0,2,1,1,2,0
4,2539041.489,728416.6747,R4_F4_m4f4_P4_Y3_UO248,R4_F4_m4f4_P4_Y1_UO251,R4_F4_m4f4_P4_Y1_UO18,MXY,1,57.97707154251517,0,0,0.0,0,0,0,-9999.0,0.5,1,P3_CV0,2,0,2,2,0
4,2539041.489,728416.6747,R4_F4_m4f4_P4_Y3_UO249,R4_F4_m4f4_P4_Y1_UO251,R4_F4_m4f4_P4_Y1_UO18,MXY,1,57.97707154251517,0,0,0.0,0,0,0,-9999.0,0.5,1,P3_CV0,2,0,2,1,1
4,2539041.489,728416.6747,R4_F4_m4f4_P4_Y3_UO272,R4_F4_m-1f-1_P4_Y-1_U71,R4_F4_m4f4_P4_Y1_UO268,MXY,1,57.97707154251517,0,0,0.0,0,0,0,-9999.0,0.75,1,P3_CV0,2,1,1,2,0
4,2539041.489,728416.6747,R4_F4_m4f4_P4_Y3_UO273,R4_F4_m-1f-1_P4_Y-1_U71,R4_F4_m4f4_P4_Y1_UO268,MXY,1,57.97707154251517,0,0,0.0,0,0,0,-9999.0,0.75,1,P3_CV0,2,2,0,0,2
4,2539041.489,728416.6747,R4_F4_m4f4_P4_Y3_UO274,R4_F4_m-1f-1_P4_Y-1_U71,R4_F4_m4f4_P4_Y1_UO268,FXX,1,57.97707154251517,0,0,0.0,0,0,0,-9999.0,0.75,1,P3_CV0,2,2,0,0,2
4,2539041.489,728416.6747,R4_F4_m4f4_P4_Y3_UO275,R4_F4_m-1f-1_P4_Y-1_U71,R4_F4_m4f4_P4_Y1_UO268,MXY,1,57.97707154251517,0,0,0.0,0,0,0,-9999.0,0.75,1,P3_CV0,2,2,0,1,1
4,2539041.489,728416.6747,R4_F4_m4f4_P4_Y3_UO276,R4_F4_m4f4_P4_Y1_UO27,R4_F4_m4f4_P4_Y1_UO18,FXX,1,57.97707154251517,0,0,0.0,0,0,0,-9999.0,0.5,1,P3_CV0,2,1,1,2,0
4,2539041.489,728416.6747,R4_F4_m4f4_P4_Y3_UO277,R4_F4_m4f4_P4_Y1_UO27,R4_F4_m4f4_P4_Y1_UO18,FXX,1,57.97707154251517,0,0,0.0,0,0,0,-9999.0,0.5,1,P3_CV0,2,1,1,2,0
4,2539041.489,728416.6747,R4_F4_m4f4_P4_Y3_UO302,R4_F4_m4f4_P4_Y0_UO507,R4_F4_m4f4_P4_Y0_UO143,FXX,1,57.97707154251517,0,0,0.0,0,0,0,-9999.0,0.25,1,P3_CV0,2,2,0,1,1
4,2539041.489,728416.6747,R4_F4_m4f4_P4_Y3_UO303,R4_F4_m4f4_P4_Y0_UO507,R4_F4_m4f4_P4_Y0_UO143,FXX,1,57.97707154251517,0,0,0.0,0,0,0,-9999.0,0.25,1,P3_CV0,2,2,0,1,1
4,2539041.489,728416.6747,R4_F4_m4f4_P4_Y3_UO304,R4_F4_m4f4_P4_Y0_UO507,R4_F4_m4f4_P4_Y0_UO143,FXX,1,57.97707154251517,0,0,0.0,0,0,0,-9999.0,0.25,1,P3_CV0,2,2,0,0,2
4,2539041.489,728416.6747,R4_F4_m4f4_P4_Y3_UO311,R4_F4_m-1f-1_P4_Y-1_U86,R4_F4_m4f4_P4_Y1_UO101,FXX,1,57.97707154251517,0,0,0.0,0,0,0,-9999.0,0.625,1,P3_CV0,2,2,0,1,1
4,2539041.489,728416.6747,R4_F4_m4f4_P4_Y3_UO312,R4_F4_m4f4_P4_Y0_UO139,R4_F4_m4f4_P4_Y0_UO143,MXY,1,57.97707154251517,0,0,0.0,0,0,0,-9999.0,0.25,1,P3_CV0,2,0,2,1,1
4,2539041.489,728416.6747,R4_F4_m4f4_P4_Y3_UO313,R4_F4_m4f4_P4_Y0_UO139,R4_F4_m4f4_P4_Y0_UO143,MXY,1,57.97707154251517,0,0,0.0,0,0,0,-9999.0,0.25,1,P3_CV0,2,2,0,2,0
4,2539041.489,728416.6747,R4_F4_m4f4_P4_Y3_UO323,R4_F4_m4f4_P4_Y1_UO255,R4_F4_m4f4_P4_Y0_UO90,FXX,1,57.97707154251517,0,0,0.0,0,0,0,-9999.0,0.625,1,P3_CV0,2,0,2,1,1
4,2539041.489,728416.6747,R4_F4_m4f4_P4_Y3_UO324,R4_F4_m4f4_P4_Y1_UO255,R4_F4_m4f4_P4_Y0_UO90,FXX,1,57.97707154251517,0,0,0.0,0,0,0,-9999.0,0.625,1,P3_CV0,2,0,2,1,1
4,2539041.489,728416.6747,R4_F4_m4f4_P4_Y3_UO346,I4_F7_m4f4_P4_Y0_UO135,R4_F4_m-1f-1_P4_Y-1_U67,MXY,1,57.97707154251517,0,0,0.0,0,0,0,-9999.0,0.875,1,P3_CV0,2,2,0,2,0
4,2539041.489,728416.6747,R4_F4_m4f4_P4_Y3_UO351,R4_F4_m4f4_P4_Y0_UO727,R4_F4_m4f4_P4_Y0_UO370,FXX,1,57.97707154251517,0,0,0.0,0,0,0,-9999.0,0.375,1,P3_CV0,2,1,1,1,1
4,2539041.489,728416.6747,R4_F4_m4f4_P4_Y3_UO384,R4_F4_m4f4_P4_Y0_UO139,R4_F4_m4f4_P4_Y0_UO143,MXY,1,57.97707154251517,0,0,0.0,0,0,0,-9999.0,0.25,1,P3_CV0,2,1,1,1,1
4,2539041.489,728416.6747,R4_F4_m4f4_P4_Y3_UO385,R4_F4_m4f4_P4_Y1_UO413,R4_F4_m-1f-1_P4_Y-1_U96,FXX,1,57.97707154251517,0,0,0.0,0,0,0,-9999.0,0.25,1,P3_CV0,2,0,2,1,1
4,2539041.489,728416.6747,R4_F4_m4f4_P4_Y3_UO386,R4_F4_m4f4_P4_Y1_UO413,R4_F4_m-1f-1_P4_Y-1_U96,FXX,1,57.97707154251517,0,0,0.0,0,0,0,-9999.0,0.25,1,P3_CV0,2,1,1,1,1
4,2539041.489,728416.6747,R4_F4_m4f4_P4_Y3_UO387,R4_F4_m4f4_P4_Y0_UO139,R4_F4_m4f4_P4_Y1_UO105,FXX,1,57.97707154251517,0,0,0.0,0,0,0,-9999.0,0.375,1,P3_CV0,2,1,1,1,1
4,2539041.489,728416.6747,R4_F4_m4f4_P4_Y3_UO436,R4_F4_m4f4_P4_Y1_UO255,R4_F4_m4f4_P4_Y1_UO353,FXX,1,57.97707154251517,0,0,0.0,0,0,0,-9999.0,0.625,1,P3_CV0,2,0,2,1,1
4,2539041.489,728416.6747,R4_F4_m4f4_P4_Y3_UO437,R4_F4_m4f4_P4_Y1_UO541,R4_F4_m-1f-1_P4_Y-1_U60,FXX,1,57.97707154251517,0,0,0.0,0,0,0,-9999.0,0.375,1,P3_CV0,2,1,1,1,1
4,2539041.489,728416.6747,R4_F4_m4f4_P4_Y3_UO438,R4_F4_m4f4_P4_Y1_UO541,R4_F4_m-1f-1_P4_Y-1_U60,MXY,1,57.97707154251517,0,0,0.0,0,0,0,-9999.0,0.375,1,P3_CV0,2,1,1,1,1
4,2539041.489,728416.6747,R4_F4_m4f4_P4_Y3_UO473,R4_F4_m-1f-1_P4_Y-1_U21,R4_F4_m4f4_P4_Y1_UO388,MXY,1,57.97707154251517,0,0,0.0,0,0,0,-9999.0,0.625,1,P3_CV0,2,2,0,2,0
4,2539041.489,728416.6747,R4_F4_m4f4_P4_Y3_UO474,R4_F4_m-1f-1_P4_Y-1_U21,R4_F4_m4f4_P4_Y1_UO388,FXX,1,57.97707154251517,0,0,0.0,0,0,0,-9999.0,0.625,1,P3_CV0,2,1,1,1,1
4,2539041.489,728416.6747,R4_F4_m4f4_P4_Y3_UO475,R4_F4_m-1f-1_P4_Y-1_U21,R4_F4_m4f4_P4_Y1_UO388,MXY,1,57.97707154251517,0,0,0.0,0,0,0,-9999.0,0.625,1,P3_CV0,2,2,0,1,1
4,2539041.489,728416.6747,R4_F4_m4f4_P4_Y3_UO481,R4_F4_m4f4_P4_Y0_UO727,R4_F4_m4f4_P4_Y1_UO457,MXY,1,57.97707154251517,0,0,0.0,0,0,0,-9999.0,0.375,1,P3_CV0,2,0,2,2,0
4,2539041.489,728416.6747,R4_F4_m4f4_P4_Y2_UO13,R4_F4_m-1f-1_P4_Y-1_U87,R4_F4_m4f4_P4_Y0_UO733,FXX,2,79.1364693778541,1,0,1.727,0,0,0,-9999.0,0.625,1,P3_CV0,2,1,1,0,2
4,2539041.489,728416.6747,R4_F4_m4f4_P4_Y2_UO439,R4_F4_m-1f-1_P4_Y-1_U46,R4_F4_m4f4_P4_Y0_UO370,FXX,2,79.1364693778541,1,0,0.0,0,0,0,-9999.0,0.25,1,P3_CV0,2,0,2,1,1
4,2539041.489,728416.6747,R4_F4_m4f4_P4_Y2_UO378,R4_F4_m-1f-1_P4_Y-1_U87,R4_F4_m4f4_P4_Y0_UO90,MXY,2,79.1364693778541,1,0,0.0,0,0,0,-9999.0,0.5,1,P3_CV0,2,0,2,1,1
4,2539041.489,728416.6747,R4_F4_m4f4_P4_Y2_UO177,R4_F4_m4f4_P4_Y0_UO186,R4_F4_m-1f-1_P4_Y-1_U62,FXX,2,79.1364693778541,1,0,0.0,0,0,0,-9999.0,0.25,1,P3_CV0,2,1,1,0,2
4,2539041.489,728416.6747,R4_F4_m4f4_P4_Y2_UO436,R4_F4_m4f4_P4_Y0_UO379,R4_F4_m-1f-1_P4_Y-1_U63,FXX,2,79.1364693778541,1,0,2.498,0,0,0,-9999.0,0.25,1,P3_CV0,2,0,2,0,2
4,2539041.489,728416.6747,R4_F4_m4f4_P4_Y2_UO630,R4_F4_m4f4_P4_Y0_UO585,R4_F4_m4f4_P4_Y0_UO306,MXY,2,79.1364693778541,1,0,0.0,0,0,0,-9999.0,0.5,1,P3_CV0,2,1,1,0,2
4,2539041.489,728416.6747,R4_F4_m4f4_P4_Y2_UO440,R4_F4_m-1f-1_P4_Y-1_U46,R4_F4_m4f4_P4_Y0_UO370,MXY,2,79.1364693778541,1,0,0.0,0,0,0,-9999.0,0.25,1,P3_CV0,2,0,2,0,2
4,2539041.489,728416.6747,R4_F4_m4f4_P4_Y2_UO178,R4_F4_m4f4_P4_Y0_UO186,R4_F4_m-1f-1_P4_Y-1_U62,FXX,2,79.1364693778541,1,0,1.084,0,0,0,-9999.0,0.25,1,P3_CV0,2,1,1,2,0
4,2539041.489,728416.6747,R4_F4_m4f4_P4_Y2_UO620,R4_F4_m4f4_P4_Y0_UO80,R4_F4_m4f4_P4_Y0_UO90,MXY,2,79.1364693778541,1,0,0.0,0,0,0,-9999.0,0.375,1,P3_CV0,2,1,1,1,1
4,2539041.489,728416.6747,R4_F4_m4f4_P4_Y2_UO437,R4_F4_m4f4_P4_Y0_UO379,R4_F4_m-1f-1_P4_Y-1_U63,MXY,2,79.1364693778541,1,0,0.0,0,0,0,-9999.0,0.25,1,P3_CV0,2,0,2,0,2
4,2539041.489,728416.6747,R4_F4_m4f4_P4_Y2_UO244,I4_F7_m-1f-1_P4_Y-1_U109,R4_F4_m4f4_P4_Y0_UO320,FXX,2,79.1364693778541,1,0,1.287,0,0,0,-9999.0,0.625,1,P3_CV0,2,2,0,2,0
4,2539041.489,728416.6747,R4_F4_m4f4_P4_Y2_UO419,R4_F4_m4f4_P4_Y0_UO379,R4_F4_m4f4_P4_Y0_UO306,FXX,2,79.1364693778541,1,0,1.0,0,0,0,-9999.0,0.5,1,P3_CV0,2,0,2,0,2
4,2539041.489,728416.6747,R4_F4_m4f4_P4_Y2_UO203,R4_F4_m4f4_P4_Y0_UO186,R4_F4_m-1f-1_P4_Y-1_U45,MXY,2,79.1364693778541,1,0,0.0,0,0,0,-9999.0,0.5,1,P3_CV0,2,1,1,2,0
4,2539041.489,728416.6747,R4_F4_m4f4_P4_Y2_UO258,R4_F4_m4f4_P4_Y0_UO255,R4_F4_m-1f-1_P4_Y-1_U106,FXX,2,79.1364693778541,1,0,0.0,0,0,0,-9999.0,0.875,1,P3_CV0,2,1,1,0,2
4,2539041.489,728416.6747,R4_F4_m4f4_P4_Y2_UO416,R4_F4_m4f4_P4_Y0_UO307,R4_F4_m4f4_P4_Y0_UO137,MXY,2,79.1364693778541,1,0,0.0,0,0,0,-9999.0,0.875,1,P3_CV0,2,1,1,1,1
4,2539041.489,728416.6747,R4_F4_m4f4_P4_Y2_UO586,R4_F4_m-1f-1_P4_Y-1_U86,R4_F4_m4f4_P4_Y0_UO733,FXX,2,79.1364693778541,1,0,1.964,0,0,0,-9999.0,0.875,1,P3_CV0,2,1,1,0,2
4,2539041.489,728416.6747,R4_F4_m4f4_P4_Y2_UO549,R4_F4_m4f4_P4_Y0_UO730,R4_F4_m4f4_P4_Y0_UO370,FXX,2,79.1364693778541,1,0,1.446,0,0,0,-9999.0,0.625,1,P3_CV0,2,1,1,1,1
4,2539041.489,728416.6747,R4_F4_m4f4_P4_Y2_UO237,I4_F7_m-1f-1_P4_Y-1_U109,R4_F4_m-1f-1_P4_Y-1_U2,FXX,2,79.1364693778541,1,0,1.826,0,0,0,-9999.0,0.75,1,P3_CV0,2,1,1,2,0
4,2539041.489,728416.6747,R4_F4_m4f4_P4_Y2_UO565,R4_F4_m4f4_P4_Y0_UO80,R4_F4_m-1f-1_P4_Y-1_U26,MXY,2,79.1364693778541,1,0,0.0,0,0,0,-9999.0,0.375,1,P3_CV0,2,2,0,1,1
4,2539041.489,728416.6747,R4_F4_m4f4_P4_Y2_UO130,R4_F4_m4f4_P4_Y0_UO80,R4_F4_m-1f-1_P4_Y-1_U62,FXX,2,79.1364693778541,1,0,0.0,0,0,0,-9999.0,0.125,1,P3_CV0,2,1,1,1,1
4,2539041.489,728416.6747,R4_F4_m4f4_P4_Y2_UO452,R4_F4_m-1f-1_P4_Y-1_U86,R4_F4_m-1f-1_P4_Y-1_U62,MXY,2,79.1364693778541,1,0,0.0,0,0,0,-9999.0,0.5,1,P3_CV0,2,1,1,0,2
4,2539041.489,728416.6747,R4_F4_m4f4_P4_Y2_UO387,R4_F4_m-1f-1_P4_Y-1_U86,R4_F4_m-1f-1_P4_Y-1_U74,FXX,2,79.1364693778541,1,0,2.631,0,0,0,-9999.0,0.75,1,P3_CV0,2,2,0,0,2
4,2539041.489,728416.6747,R4_F4_m4f4_P4_Y2_UO168,R4_F4_m4f4_P4_Y0_UO89,R4_F4_m4f4_P4_Y0_UO643,FXX,2,79.1364693778541,1,0,2.362,0,0,0,-9999.0,0.625,1,P3_CV0,2,0,2,2,0
4,2539041.489,728416.6747,R4_F4_m4f4_P4_Y2_UO86,R4_F4_m4f4_P4_Y0_UO380,R4_F4_m4f4_P4_Y0_UO320,FXX,2,79.1364693778541,1,0,1.914,0,0,0,-9999.0,0.125,1,P3_CV0,2,1,1,1,1
4,2539041.489,728416.6747,R4_F4_m4f4_P4_Y2_UO613,R4_F4_m4f4_P4_Y0_UO685,R4_F4_m4f4_P4_Y0_UO733,MXY,2,79.1364693778541,1,0,0.0,0,0,0,-9999.0,0.5,1,P3_CV0,2,1,1,1,1
4,2539041.489,728416.6747,R4_F4_m4f4_P4_Y2_UO614,R4_F4_m4f4_P4_Y0_UO685,R4_F4_m4f4_P4_Y0_UO733,MXY,2,79.1364693778541,1,0,0.0,0,0,0,-9999.0,0.5,1,P3_CV0,2,0,2,1,1
4,2539041.489,728416.6747,R4_F4_m4f4_P4_Y2_UO453,R4_F4_m-1f-1_P4_Y-1_U86,R4_F4_m-1f-1_P4_Y-1_U62,FXX,2,79.1364693778541,1,0,1.347,0,0,0,-9999.0,0.5,1,P3_CV0,2,1,1,1,1
4,2539041.489,728416.6747,R4_F4_m4f4_P4_Y2_UO238,I4_F7_m-1f-1_P4_Y-1_U109,R4_F4_m-1f-1_P4_Y-1_U2,FXX,2,79.1364693778541,1,0,1.442,0,0,0,-9999.0,0.75,1,P3_CV0,2,1,1,2,0
4,2539041.489,728416.6747,R4_F4_m4f4_P4_Y2_UO243,I4_F7_m-1f-1_P4_Y-1_U109,R4_F4_m4f4_P4_Y0_UO320,MXY,2,79.1364693778541,1,0,0.0,0,0,0,-9999.0,0.625,1,P3_CV0,2,2,0,2,0
4,2539041.489,728416.6747,R4_F4_m4f4_P4_Y2_UO2,R4_F4_m4f4_P4_Y0_UO88,R4_F4_m4f4_P4_Y0_UO370,MXY,2,79.1364693778541,1,0,0.0,0,0,0,-9999.0,0.5,1,P3_CV0,2,1,1,0,2
4,2539041.489,728416.6747,R4_F4_m4f4_P4_Y2_UO167,R4_F4_m4f4_P4_Y0_UO89,R4_F4_m4f4_P4_Y0_UO643,FXX,2,79.1364693778541,1,0,0.0,0,0,0,-9999.0,0.625,1,P3_CV0,2,0,2,1,1
4,2539041.489,728416.6747,R4_F4_m4f4_P4_Y2_UO587,R4_F4_m-1f-1_P4_Y-1_U86,R4_F4_m4f4_P4_Y0_UO733,FXX,2,79.1364693778541,1,0,0.0,0,0,0,-9999.0,0.875,1,P3_CV0,2,2,0,0,2
4,2539041.489,728416.6747,R4_F4_m4f4_P4_Y2_UO166,R4_F4_m4f4_P4_Y0_UO89,R4_F4_m4f4_P4_Y0_UO643,FXX,2,79.1364693778541,1,0,0.0,0,0,0,-9999.0,0.625,1,P3_CV0,2,0,2,1,1
4,2539041.489,728416.6747,R4_F4_m4f4_P4_Y2_UO417,R4_F4_m4f4_P4_Y0_UO307,R4_F4_m4f4_P4_Y0_UO137,FXX,2,79.1364693778541,1,0,1.0,0,0,0,-9999.0,0.875,1,P3_CV0,2,1,1,2,0
4,2539041.489,728416.6747,R4_F4_m4f4_P4_Y2_UO388,R4_F4_m-1f-1_P4_Y-1_U86,R4_F4_m-1f-1_P4_Y-1_U74,MXY,2,79.1364693778541,1,0,0.0,0,0,0,-9999.0,0.75,1,P3_CV0,2,2,0,0,2
4,2539041.489,728416.6747,R4_F4_m4f4_P4_Y2_UO418,R4_F4_m4f4_P4_Y0_UO379,R4_F4_m4f4_P4_Y0_UO306,MXY,2,79.1364693778541,1,0,0.0,0,0,0,-9999.0,0.5,1,P3_CV0,2,1,1,0,2
4,2539041.489,728416.6747,R4_F4_m4f4_P4_Y2_UO246,I4_F7_m-1f-1_P4_Y-1_U109,R4_F4_m4f4_P4_Y0_UO320,MXY,2,79.1364693778541,1,0,0.0,0,0,0,-9999.0,0.625,1,P3_CV0,2,2,0,2,0
4,2539041.489,728416.6747,R4_F4_m4f4_P4_Y2_UO560,I4_F7_m-1f-1_P4_Y-1_U109,R4_F4_m4f4_P4_Y0_UO306,MXY,2,79.1364693778541,1,0,0.0,0,0,0,-9999.0,1.0,1,P3_CV0,2,2,0,2,0
4,2539041.489,728416.6747,R4_F4_m4f4_P4_Y1_UO413,R4_F4_m-1f-1_P4_Y-1_U8,R4_F4_m-1f-1_P4_Y-1_U20,FXX,3,105.35174292876191,1,0,1.0,0,0,0,-9999.0,0.5,1,P3_CV0,2,1,1,1,1
4,2539041.489,728416.6747,R4_F4_m4f4_P4_Y1_UO554,R4_F4_m-1f-1_P4_Y-1_U47,R4_F4_m-1f-1_P4_Y-1_U17,MXY,3,105.35174292876191,1,0,0.0,0,0,0,-9999.0,1.0,1,P3_CV0,2,1,1,1,1
4,2539041.489,728416.6747,R4_F4_m4f4_P4_Y1_UO492,R4_F4_m-1f-1_P4_Y-1_U44,R4_F4_m-1f-1_P4_Y-1_U37,FXX,3,105.35174292876191,1,0,1.382,0,0,0,-9999.0,0.25,1,P3_CV0,2,1,1,1,1
4,2539041.489,728416.6747,R4_F4_m4f4_P4_Y1_UO70,R4_F4_m-1f-1_P4_Y-1_U118,R4_F4_m-1f-1_P4_Y-1_U73,FXX,3,105.35174292876191,1,0,1.155,0,0,0,-9999.0,0.5,1,P3_CV0,2,1,1,2,0
4,2539041.489,728416.6747,R4_F4_m4f4_P4_Y1_UO290,R4_F4_m-1f-1_P4_Y-1_U32,R4_F4_m-1f-1_P4_Y-1_U49,FXX,3,105.35174292876191,1,0,1.251,0,0,0,-9999.0,0.5,1,P3_CV0,2,0,2,2,0
4,2539041.489,728416.6747,R4_F4_m4f4_P4_Y1_UO103,R4_F4_m-1f-1_P4_Y-1_U95,R4_F4_m-1f-1_P4_Y-1_U51,MXY,3,105.35174292876191,1,0,0.0,0,0,0,-9999.0,0.25,1,P3_CV0,2,2,0,0,2
4,2539041.489,728416.6747,R4_F4_m4f4_P4_Y1_UO251,R4_F4_m-1f-1_P4_Y-1_U113,R4_F4_m-1f-1_P4_Y-1_U49,FXX,3,105.35174292876191,1,0,2.331,0,0,0,-9999.0,0.5,1,P3_CV0,2,0,2,1,1
4,2539041.489,728416.6747,R4_F4_m4f4_P4_Y1_UO105,R4_F4_m-1f-1_P4_Y-1_U15,R4_F4_m-1f-1_P4_Y-1_U17,MXY,3,105.35174292876191,1,0,0.0,0,0,0,-9999.0,0.5,1,P3_CV0,2,0,2,0,2
4,2539041.489,728416.6747,R4_F4_m4f4_P4_Y1_UO16,R4_F4_m-1f-1_P4_Y-1_U57,R4_F4_m-1f-1_P4_Y-1_U1,FXX,3,105.35174292876191,1,0,0.0,0,0,0,-9999.0,0.5,1,P3_CV0,2,2,0,2,0
4,2539041.489,728416.6747,R4_F4_m4f4_P4_Y1_UO353,R4_F4_m-1f-1_P4_Y-1_U111,R4_F4_m-1f-1_P4_Y-1_U2,MXY,3,105.35174292876191,1,0,0.0,0,0,0,-9999.0,0.5,1,P3_CV0,2,1,1,0,2
4,2539041.489,728416.6747,R4_F4_m4f4_P4_Y1_UO127,R4_F4_m-1f-1_P4_Y-1_U47,R4_F4_m-1f-1_P4_Y-1_U61,FXX,3,105.35174292876191,1,0,2.772,0,0,0,-9999.0,1.0,1,P3_CV0,2,1,1,2,0
4,2539041.489,728416.6747,R4_F4_m4f4_P4_Y1_UO286,R4_F4_m-1f-1_P4_Y-1_U23,R4_F4_m-1f-1_P4_Y-1_U17,FXX,3,105.35174292876191,1,0,1.164,0,0,0,-9999.0,0.5,1,P3_CV0,2,0,2,1,1
4,2539041.489,728416.6747,R4_F4_m4f4_P4_Y1_UO563,R4_F4_m-1f-1_P4_Y-1_U39,R4_F4_m-1f-1_P4_Y-1_U31,FXX,3,105.35174292876191,1,0,1.0,0,0,0,-9999.0,0.5,1,P3_CV0,2,2,0,1,1
4,2539041.489,728416.6747,R4_F4_m4f4_P4_Y1_UO467,R4_F4_m-1f-1_P4_Y-1_U108,R4_F4_m-1f-1_P4_Y-1_U61,MXY,3,105.29401779546424,1,0,0.0,0,0,0,-9999.0,1.0,1,P3_CV0,2,2,0,0,2
4,2539041.489,728416.6747,R4_F4_m4f4_P4_Y1_UO426,R4_F4_m-1f-1_P4_Y-1_U83,R4_F4_m-1f-1_P4_Y-1_U92,FXX,3,105.35174292876191,1,0,1.437,0,0,0,-9999.0,0.25,1,P3_CV0,2,1,1,1,1
4,2539041.489,728416.6747,R4_F4_m4f4_P4_Y1_UO438,R4_F4_m-1f-1_P4_Y-1_U57,R4_F4_m-1f-1_P4_Y-1_U50,MXY,3,105.35174292876191,1,0,0.0,0,0,0,-9999.0,0.5,1,P3_CV0,2,0,2,0,2
4,2539041.489,728416.6747,R4_F4_m4f4_P4_Y1_UO146,R4_F4_m-1f-1_P4_Y-1_U118,R4_F4_m-1f-1_P4_Y-1_U72,MXY,3,105.35174292876191,1,0,0.0,0,0,0,-9999.0,0.5,1,P3_CV0,2,1,1,1,1
4,2539041.489,728416.6747,R4_F4_m4f4_P4_Y1_UO383,R4_F4_m-1f-1_P4_Y-1_U23,R4_F4_m-1f-1_P4_Y-1_U17,MXY,3,105.35174292876191,1,0,0.0,0,0,0,-9999.0,0.5,1,P3_CV0,2,1,1,0,2
4,2539041.489,728416.6747,R4_F4_m4f4_P4_Y1_UO457,R4_F4_m-1f-1_P4_Y-1_U42,R4_F4_m-1f-1_P4_Y-1_U9,MXY,3,105.35174292876191,1,0,0.0,0,0,0,-9999.0,0.5,1,P3_CV0,2,0,2,2,0
4,2539041.489,728416.6747,R4_F4_m4f4_P4_Y1_UO140,R4_F4_m-1f-1_P4_Y-1_U81,R4_F4_m-1f-1_P4_Y-1_U123,FXX,3,105.35174292876191,1,0,1.0,0,0,0,-9999.0,0.5,1,P3_CV0,2,2,0,2,0
4,2539041.489,728416.6747,R4_F4_m4f4_P4_Y1_UO432,R4_F4_m-1f-1_P4_Y-1_U119,R4_F4_m-1f-1_P4_Y-1_U6,FXX,3,105.35174292876191,1,0,1.251,0,0,0,-9999.0,0.75,1,P3_CV0,2,1,1,2,0
4,2539041.489,728416.6747,R4_F4_m4f4_P4_Y1_UO411,R4_F4_m-1f-1_P4_Y-1_U23,R4_F4_m-1f-1_P4_Y-1_U124,MXY,3,105.35174292876191,1,0,0.0,0,0,0,-9999.0,0.25,1,P3_CV0,2,1,1,2,0
4,2539041.489,728416.6747,R4_F4_m4f4_P4_Y1_UO414,R4_F4_m-1f-1_P4_Y-1_U83,R4_F4_m-1f-1_P4_Y-1_U66,MXY,3,105.35174292876191,1,0,0.0,0,0,0,-9999.0,0.0,1,P3_CV0,2,1,1,1,1
4,2539041.489,728416.6747,R4_F4_m4f4_P4_Y1_UO459,R4_F4_m-1f-1_P4_Y-1_U39,R4_F4_m-1f-1_P4_Y-1_U67,MXY,3,105.35174292876191,1,0,0.0,0,0,0,-9999.0,1.0,1,P3_CV0,2,1,1,1,1
4,2539041.489,728416.6747,I4_F7_m4f4_P4_Y1_UO565,R4_F4_m-1f-1_P4_Y-1_U113,R4_F4_m-1f-1_P4_Y-1_U9,MXY,3,105.34770496246738,1,0,0.0,0,0,0,-9999.0,0.5,1,P3_CV0,2,1,1,1,1
4,2539041.489,728416.6747,R4_F4_m4f4_P4_Y0_UO473,R4_F4_m-1f-1_P4_Y-1_U15,R4_F4_m-1f-1_P4_Y-1_U93,MXY,4,126.99002845624202,1,0,0.0,0,0,0,-9999.0,0.25,1,P3_CV0,2,1,1,0,2
4,2539041.489,728416.6747,R4_F4_m4f4_P4_Y0_UO143,R4_F4_m-1f-1_P4_Y-1_U24,R4_F4_m-1f-1_P4_Y-1_U104,MXY,4,126.99002845624202,1,0,0.0,0,0,0,-9999.0,0.25,1,P3_CV0,2,1,1,1,1
4,2539041.489,728416.6747,R4_F4_m4f4_P4_Y0_UO137,R4_F4_m-1f-1_P4_Y-1_U53,R4_F4_m-1f-1_P4_Y-1_U64,MXY,4,126.99002845624202,1,0,0.0,0,0,0,-9999.0,0.75,1,P3_CV0,2,2,0,1,1
4,2539041.489,728416.6747,R4_F4_m4f4_P4_Y0_UO62,R4_F4_m-1f-1_P4_Y-1_U25,R4_F4_m-1f-1_P4_Y-1_U64,FXX,4,126.99002845624202,1,0,0.0,0,0,0,-9999.0,0.5,1,P3_CV0,2,2,0,1,1
4,2539041.489,728416.6747,R4_F4_m4f4_P4_Y0_UO585,R4_F4_m-1f-1_P4_Y-1_U107,R4_F4_m-1f-1_P4_Y-1_U51,FXX,4,126.99002845624202,1,0,0.0,0,0,0,-9999.0,0.0,1,P3_CV0,2,1,1,0,2
4,2539041.489,728416.6747,R4_F4_m4f4_P4_Y0_UO472,R4_F4_m-1f-1_P4_Y-1_U15,R4_F4_m-1f-1_P4_Y-1_U93,MXY,4,126.99002845624202,1,0,0.0,0,0,0,-9999.0,0.25,1,P3_CV0,2,1,1,0,2
4,2539041.489,728416.6747,R4_F4_m4f4_P4_Y0_UO323,R4_F4_m-1f-1_P4_Y-1_U15,R4_F4_m-1f-1_P4_Y-1_U2,FXX,4,126.99002845624202,1,0,1.0,0,0,0,-9999.0,0.25,1,P3_CV0,2,1,1,1,1
4,2539041.489,728416.6747,R4_F4_m4f4_P4_Y0_UO90,R4_F4_m-1f-1_P4_Y-1_U75,R4_F4_m-1f-1_P4_Y-1_U94,MXY,4,126.99002845624202,1,0,0.0,0,0,0,-9999.0,0.5,1,P3_CV0,2,0,2,1,1
4,2539041.489,728416.6747,R4_F4_m-1f-1_P4_Y-1_U62,-9999,-9999,MXY,5,130.08510192861996,1,0,0.0,0,0,0,-9999.0,0.0,1,P3_CV0,2,0,2,1,1
4,2539041.489,728416.6747,R4_F4_m-1f-1_P4_Y-1_U67,-9999,-9999,MXY,5,130.08510192861996,1,0,0.0,0,0,0,-9999.0,1.0,1,P3_CV0,2,2,0,2,0
5,2535011.582,720257.8531,RD5_F1_m1f1_P1_Y3_UO355,R1_F1_m1f1_P1_Y0_UO634,R1_F1_m1f1_P1_Y1_UO85,FXX,1,58.23273680845347,0,0,0.0,0,0,0,-9999.0,0.375,1,P0_CV0,3,2,0,0,2
5,2535011.582,720257.8531,R5_F5_m3f3_P3_Y2_UO266,R3_F3_m3f3_P3_Y0_UO73,RD3_F2_m-1f-1_P2_Y-1_U58,FXX,2,79.43804052509276,1,0,1.005,0,0,0,-9999.0,0.375,1,P2_CV0,3,0,2,0,2
5,2535011.582,720257.8531,R5_F5_m5f5_P5_Y3_UO32,R5_F5_m-1f-1_P5_Y-1_U105,R5_F5_m-1f-1_P5_Y-1_U115,FXX,1,58.2164608930475,0,0,0.0,0,0,0,-9999.0,0.5,1,P4_CV0,3,0,2,1,1
5,2535011.582,720257.8531,R5_F5_m5f5_P5_Y3_UO33,R5_F5_m-1f-1_P5_Y-1_U105,R5_F5_m-1f-1_P5_Y-1_U115,FXX,1,58.2164608930475,0,0,0.0,0,0,0,-9999.0,0.5,1,P4_CV0,3,1,1,1,1
5,2535011.582,720257.8531,R5_F5_m5f5_P5_Y3_UO34,R5_F5_m-1f-1_P5_Y-1_U105,R5_F5_m-1f-1_P5_Y-1_U115,MXY,1,58.2164608930475,0,0,0.0,0,0,0,-9999.0,0.5,1,P4_CV0,3,0,2,0,2
5,2535011.582,720257.8531,R5_F5_m5f5_P5_Y3_UO35,R5_F5_m-1f-1_P5_Y-1_U105,R5_F5_m-1f-1_P5_Y-1_U115,MXY,1,58.2164608930475,0,0,0.0,0,0,0,-9999.0,0.5,1,P4_CV0,3,1,1,0,2
5,2535011.582,720257.8531,R5_F5_m5f5_P5_Y3_UO56,R5_F5_m-1f-1_P5_Y-1_U3,R5_F5_m5f5_P5_Y1_UO505,MXY,1,58.2164608930475,0,0,0.0,0,0,0,-9999.0,0.75,1,P4_CV0,3,2,0,1,1
5,2535011.582,720257.8531,R5_F5_m5f5_P5_Y3_UO57,R5_F5_m-1f-1_P5_Y-1_U3,R5_F5_m5f5_P5_Y1_UO505,MXY,1,58.2164608930475,0,0,0.0,0,0,0,-9999.0,0.75,1,P4_CV0,3,1,1,1,1
5,2535011.582,720257.8531,R5_F5_m5f5_P5_Y3_UO58,R5_F5_m-1f-1_P5_Y-1_U3,R5_F5_m5f5_P5_Y1_UO505,MXY,1,58.2164608930475,0,0,0.0,0,0,0,-9999.0,0.75,1,P4_CV0,3,1,1,1,1
5,2535011.582,720257.8531,R5_F5_m5f5_P5_Y3_UO59,R5_F5_m-1f-1_P5_Y-1_U3,R5_F5_m5f5_P5_Y1_UO505,FXX,1,58.2164608930475,0,0,0.0,0,0,0,-9999.0,0.75,1,P4_CV0,3,2,0,1,1
5,2535011.582,720257.8531,R5_F5_m5f5_P5_Y3_UO81,R5_F5_m5f5_P5_Y0_UO679,R5_F5_m5f5_P5_Y0_UO145,MXY,1,58.2164608930475,0,0,0.0,0,0,0,-9999.0,0.5,1,P4_CV0,3,0,2,1,1
5,2535011.582,720257.8531,R5_F5_m5f5_P5_Y3_UO82,R5_F5_m5f5_P5_Y0_UO679,R5_F5_m5f5_P5_Y0_UO145,MXY,1,58.2164608930475,0,0,0.0,0,0,0,-9999.0,0.5,1,P4_CV0,3,1,1,1,1
5,2535011.582,720257.8531,R5_F5_m5f5_P5_Y3_UO100,R5_F5_m-1f-1_P5_Y-1_U61,R5_F5_m5f5_P5_Y0_UO248,MXY,1,58.2164608930475,0,0,0.0,0,0,0,-9999.0,0.625,1,P4_CV0,3,0,2,1,1
5,2535011.582,720257.8531,R5_F5_m5f5_P5_Y3_UO101,R5_F5_m-1f-1_P5_Y-1_U61,R5_F5_m5f5_P5_Y0_UO248,MXY,1,58.2164608930475,0,0,0.0,0,0,0,-9999.0,0.625,1,P4_CV0,3,1,1,1,1
5,2535011.582,720257.8531,R5_F5_m5f5_P5_Y3_UO102,R5_F5_m-1f-1_P5_Y-1_U61,R5_F5_m5f5_P5_Y0_UO248,FXX,1,58.2164608930475,0,0,0.0,0,0,0,-9999.0,0.625,1,P4_CV0,3,1,1,1,1
5,2535011.582,720257.8531,R5_F5_m5f5_P5_Y3_UO103,R5_F5_m-1f-1_P5_Y-1_U61,R5_F5_m5f5_P5_Y0_UO248,MXY,1,58.2164608930475,0,0,0.0,0,0,0,-9999.0,0.625,1,P4_CV0,3,1,1,1,1
5,2535011.582,720257.8531,R5_F5_m5f5_P5_Y3_UO147,R5_F5_m5f5_P5_Y1_UO270,R5_F5_m-1f-1_P5_Y-1_U96,FXX,1,58.2164608930475,0,0,0.0,0,0,0,-9999.0,0.375,1,P4_CV0,3,0,2,2,0
5,2535011.582,720257.8531,R5_F5_m5f5_P5_Y3_UO148,R5_F5_m5f5_P5_Y1_UO270,R5_F5_m-1f-1_P5_Y-1_U96,MXY,1,58.2164608930475,0,0,0.0,0,0,0,-9999.0,0.375,1,P4_CV0,3,0,2,2,0
5,2535011.582,720257.8531,R5_F5_m5f5_P5_Y3_UO149,R5_F5_m5f5_P5_Y1_UO296,R5_F5_m5f5_P5_Y1_UO272,MXY,1,58.2164608930475,0,0,0.0,0,0,0,-9999.0,0.25,1,P4_CV0,3,1,1,0,2
5,2535011.582,720257.8531,R5_F5_m5f5_P5_Y3_UO150,R5_F5_m5f5_P5_Y1_UO296,R5_F5_m5f5_P5_Y1_UO272,MXY,1,58.2164608930475,0,0,0.0,0,0,0,-9999.0,0.25,1,P4_CV0,3,0,2,0,2
5,2535011.582,720257.8531,R5_F5_m5f5_P5_Y3_UO151,R5_F5_m5f5_P5_Y1_UO296,R5_F5_m5f5_P5_Y1_UO272,FXX,1,58.2164608930475,0,0,0.0,0,0,0,-9999.0,0.25,1,P4_CV0,3,0,2,0,2
5,2535011.582,720257.8531,R5_F5_m5f5_P5_Y3_UO155,R5_F5_m5f5_P5_Y1_UO151,R5_F5_m5f5_P5_Y0_UO188,MXY,1,58.2164608930475,0,0,0.0,0,0,0,-9999.0,0.5,1,P4_CV0,3,1,1,1,1
5,2535011.582,720257.8531,R5_F5_m5f5_P5_Y3_UO156,R5_F5_m5f5_P5_Y1_UO297,R5_F5_m-1f-1_P5_Y-1_U115,FXX,1,58.2164608930475,0,0,0.0,0,0,0,-9999.0,0.375,1,P4_CV0,3,1,1,2,0
5,2535011.582,720257.8531,R5_F5_m5f5_P5_Y3_UO172,R5_F5_m5f5_P5_Y1_UO151,R5_F5_m5f5_P5_Y0_UO49,MXY,1,58.2164608930475,0,0,0.0,0,0,0,-9999.0,0.375,1,P4_CV0,3,1,1,0,2
5,2535011.582,720257.8531,R5_F5_m5f5_P5_Y3_UO173,R5_F5_m5f5_P5_Y1_UO151,R5_F5_m5f5_P5_Y0_UO49,MXY,1,58.2164608930475,0,0,0.0,0,0,0,-9999.0,0.375,1,P4_CV0,3,1,1,0,2
5,2535011.582,720257.8531,R5_F5_m5f5_P5_Y3_UO176,R5_F5_m5f5_P5_Y1_UO152,R5_F5_m5f5_P5_Y1_UO43,FXX,1,58.2164608930475,0,0,0.0,0,0,0,-9999.0,0.375,1,P4_CV0,3,2,0,2,0
5,2535011.582,720257.8531,R5_F5_m5f5_P5_Y3_UO196,R5_F5_m5f5_P5_Y1_UO213,R5_F5_m5f5_P5_Y0_UO189,MXY,1,58.2164608930475,0,0,0.0,0,0,0,-9999.0,0.75,1,P4_CV0,3,1,1,2,0
5,2535011.582,720257.8531,R5_F5_m5f5_P5_Y3_UO197,R5_F5_m5f5_P5_Y1_UO213,R5_F5_m5f5_P5_Y0_UO189,MXY,1,58.2164608930475,0,0,0.0,0,0,0,-9999.0,0.75,1,P4_CV0,3,1,1,1,1
5,2535011.582,720257.8531,R5_F5_m5f5_P5_Y3_UO198,R5_F5_m-1f-1_P5_Y-1_U50,R5_F5_m5f5_P5_Y0_UO211,FXX,1,58.2164608930475,0,0,0.0,0,0,0,-9999.0,0.625,1,P4_CV0,3,1,1,1,1
5,2535011.582,720257.8531,R5_F5_m5f5_P5_Y3_UO199,R5_F5_m-1f-1_P5_Y-1_U50,R5_F5_m5f5_P5_Y0_UO211,MXY,1,58.2164608930475,0,0,0.0,0,0,0,-9999.0,0.625,1,P4_CV0,3,2,0,0,2
5,2535011.582,720257.8531,R5_F5_m5f5_P5_Y3_UO200,R5_F5_m-1f-1_P5_Y-1_U50,R5_F5_m5f5_P5_Y0_UO211,FXX,1,58.2164608930475,0,0,0.0,0,0,0,-9999.0,0.625,1,P4_CV0,3,1,1,1,1
5,2535011.582,720257.8531,R5_F5_m5f5_P5_Y3_UO201,R5_F5_m-1f-1_P5_Y-1_U50,R5_F5_m5f5_P5_Y0_UO211,FXX,1,58.2164608930475,0,0,0.0,0,0,0,-9999.0,0.625,1,P4_CV0,3,1,1,1,1
5,2535011.582,720257.8531,R5_F5_m5f5_P5_Y3_UO202,R5_F5_m-1f-1_P5_Y-1_U50,R5_F5_m5f5_P5_Y0_UO211,MXY,1,58.2164608930475,0,0,0.0,0,0,0,-9999.0,0.625,1,P4_CV0,3,1,1,1,1
5,2535011.582,720257.8531,R5_F5_m5f5_P5_Y3_UO203,R5_F5_m5f5_P5_Y1_UO479,R5_F5_m-1f-1_P5_Y-1_U98,MXY,1,58.2164608930475,0,0,0.0,0,0,0,-9999.0,0.375,1,P4_CV0,3,0,2,2,0
5,2535011.582,720257.8531,R5_F5_m5f5_P5_Y3_UO204,R5_F5_m5f5_P5_Y1_UO479,R5_F5_m-1f-1_P5_Y-1_U98,FXX,1,58.2164608930475,0,0,0.0,0,0,0,-9999.0,0.375,1,P4_CV0,3,0,2,1,1
5,2535011.582,720257.8531,R5_F5_m5f5_P5_Y3_UO205,R5_F5_m5f5_P5_Y1_UO431,R5_F5_m5f5_P5_Y1_UO143,FXX,1,58.2164608930475,0,0,0.0,0,0,0,-9999.0,0.25,1,P4_CV0,3,0,2,1,1
5,2535011.582,720257.8531,R5_F5_m5f5_P5_Y3_UO213,R5_F5_m-1f-1_P5_Y-1_U105,R5_F5_m5f5_P5_Y0_UO439,FXX,1,58.2164608930475,0,0,0.0,0,0,0,-9999.0,0.5,1,P4_CV0,3,0,2,0,2
5,2535011.582,720257.8531,R5_F5_m5f5_P5_Y3_UO214,R5_F5_m-1f-1_P5_Y-1_U105,R5_F5_m5f5_P5_Y0_UO439,FXX,1,58.2164608930475,0,0,0.0,0,0,0,-9999.0,0.5,1,P4_CV0,3,1,1,0,2
5,2535011.582,720257.8531,R5_F5_m5f5_P5_Y3_UO215,R5_F5_m-1f-1_P5_Y-1_U105,R5_F5_m5f5_P5_Y0_UO439,FXX,1,58.2164608930475,0,0,0.0,0,0,0,-9999.0,0.5,1,P4_CV0,3,1,1,0,2
5,2535011.582,720257.8531,R5_F5_m5f5_P5_Y3_UO216,R5_F5_m-1f-1_P5_Y-1_U105,R5_F5_m5f5_P5_Y0_UO439,FXX,1,58.2164608930475,0,0,0.0,0,0,0,-9999.0,0.5,1,P4_CV0,3,0,2,0,2
5,2535011.582,720257.8531,R5_F5_m5f5_P5_Y3_UO223,R5_F5_m5f5_P5_Y1_UO499,R5_F5_m5f5_P5_Y1_UO424,MXY,1,58.2164608930475,0,0,0.0,0,0,0,-9999.0,0.375,1,P4_CV0,3,2,0,1,1
5,2535011.582,720257.8531,R5_F5_m5f5_P5_Y3_UO224,R5_F5_m5f5_P5_Y1_UO499,R5_F5_m5f5_P5_Y1_UO424,FXX,1,58.2164608930475,0,0,0.0,0,0,0,-9999.0,0.375,1,P4_CV0,3,0,2,1,1
5,2535011.582,720257.8531,R5_F5_m5f5_P5_Y3_UO233,R5_F5_m-1f-1_P5_Y-1_U4,R5_F5_m5f5_P5_Y0_UO212,FXX,1,58.2164608930475,0,0,0.0,0,0,0,-9999.0,0.625,1,P4_CV0,3,1,1,0,2
5,2535011.582,720257.8531,R5_F5_m5f5_P5_Y3_UO234,R5_F5_m-1f-1_P5_Y-1_U4,R5_F5_m5f5_P5_Y0_UO212,FXX,1,58.2164608930475,0,0,0.0,0,0,0,-9999.0,0.625,1,P4_CV0,3,0,2,1,1
5,2535011.582,720257.8531,R5_F5_m5f5_P5_Y3_UO235,R5_F5_m-1f-1_P5_Y-1_U4,R5_F5_m5f5_P5_Y0_UO212,FXX,1,58.2164608930475,0,0,0.0,0,0,0,-9999.0,0.625,1,P4_CV0,3,1,1,2,0
5,2535011.582,720257.8531,R5_F5_m5f5_P5_Y3_UO260,R5_F5_m-1f-1_P5_Y-1_U61,R5_F5_m5f5_P5_Y1_UO149,FXX,1,58.2164608930475,0,0,0.0,0,0,0,-9999.0,0.375,1,P4_CV0,3,2,0,1,1
5,2535011.582,720257.8531,R5_F5_m5f5_P5_Y3_UO261,R5_F5_m-1f-1_P5_Y-1_U61,R5_F5_m5f5_P5_Y1_UO149,MXY,1,58.2164608930475,0,0,0.0,0,0,0,-9999.0,0.375,1,P4_CV0,3,1,1,1,1
5,2535011.582,720257.8531,R5_F5_m5f5_P5_Y3_UO262,R5_F5_m-1f-1_P5_Y-1_U61,R5_F5_m5f5_P5_Y1_UO149,MXY,1,58.2164608930475,0,0,0.0,0,0,0,-9999.0,0.375,1,P4_CV0,3,0,2,1,1
5,2535011.582,720257.8531,R5_F5_m5f5_P5_Y3_UO263,R5_F5_m-1f-1_P5_Y-1_U61,R5_F5_m5f5_P5_Y1_UO149,MXY,1,58.2164608930475,0,0,0.0,0,0,0,-9999.0,0.375,1,P4_CV0,3,1,1,1,1
5,2535011.582,720257.8531,R5_F5_m5f5_P5_Y3_UO264,R5_F5_m-1f-1_P5_Y-1_U61,R5_F5_m5f5_P5_Y1_UO149,MXY,1,58.2164608930475,0,0,0.0,0,0,0,-9999.0,0.375,1,P4_CV0,3,2,0,1,1
5,2535011.582,720257.8531,R5_F5_m5f5_P5_Y3_UO265,R5_F5_m-1f-1_P5_Y-1_U61,R5_F5_m5f5_P5_Y1_UO149,MXY,1,58.2164608930475,0,0,0.0,0,0,0,-9999.0,0.375,1,P4_CV0,3,1,1,1,1
5,2535011.582,720257.8531,R5_F5_m5f5_P5_Y3_UO280,R5_F5_m5f5_P5_Y0_UO0,R5_F5_m-1f-1_P5_Y-1_U1,FXX,1,58.2164608930475,0,0,0.0,0,0,0,-9999.0,0.625,1,P4_CV0,3,1,1,0,2
5,2535011.582,720257.8531,R5_F5_m5f5_P5_Y3_UO281,R5_F5_m5f5_P5_Y0_UO0,R5_F5_m-1f-1_P5_Y-1_U1,FXX,1,58.2164608930475,0,0,0.0,0,0,0,-9999.0,0.625,1,P4_CV0,3,2,0,2,0
5,2535011.582,720257.8531,R5_F5_m5f5_P5_Y3_UO282,R5_F5_m5f5_P5_Y0_UO0,R5_F5_m-1f-1_P5_Y-1_U1,FXX,1,58.2164608930475,0,0,0.0,0,0,0,-9999.0,0.625,1,P4_CV0,3,2,0,1,1
5,2535011.582,720257.8531,R5_F5_m5f5_P5_Y3_UO284,R5_F5_m5f5_P5_Y1_UO269,R5_F5_m-1f-1_P5_Y-1_U1,MXY,1,58.2164608930475,0,0,0.0,0,0,0,-9999.0,0.375,1,P4_CV0,3,1,1,0,2
5,2535011.582,720257.8531,R5_F5_m5f5_P5_Y3_UO285,R5_F5_m5f5_P5_Y1_UO269,R5_F5_m-1f-1_P5_Y-1_U1,FXX,1,58.2164608930475,0,0,0.0,0,0,0,-9999.0,0.375,1,P4_CV0,3,1,1,1,1
5,2535011.582,720257.8531,R5_F5_m5f5_P5_Y3_UO289,R5_F5_m-1f-1_P5_Y-1_U14,R5_F5_m5f5_P5_Y0_UO145,MXY,1,58.2164608930475,0,0,0.0,0,0,0,-9999.0,0.625,1,P4_CV0,3,2,0,2,0
5,2535011.582,720257.8531,R5_F5_m5f5_P5_Y3_UO290,R5_F5_m-1f-1_P5_Y-1_U14,R5_F5_m5f5_P5_Y0_UO145,FXX,1,58.2164608930475,0,0,0.0,0,0,0,-9999.0,0.625,1,P4_CV0,3,2,0,2,0
5,2535011.582,720257.8531,R5_F5_m5f5_P5_Y3_UO291,R5_F5_m-1f-1_P5_Y-1_U14,R5_F5_m5f5_P5_Y0_UO145,FXX,1,58.2164608930475,0,0,0.0,0,0,0,-9999.0,0.625,1,P4_CV0,3,2,0,1,1
5,2535011.582,720257.8531,R5_F5_m5f5_P5_Y3_UO292,R5_F5_m-1f-1_P5_Y-1_U14,R5_F5_m5f5_P5_Y0_UO145,MXY,1,58.2164608930475,0,0,0.0,0,0,0,-9999.0,0.625,1,P4_CV0,3,1,1,1,1
5,2535011.582,720257.8531,R5_F5_m5f5_P5_Y3_UO332,R5_F5_m5f5_P5_Y0_UO0,R5_F5_m5f5_P5_Y0_UO601,FXX,1,58.2164608930475,0,0,0.0,0,0,0,-9999.0,0.625,1,P4_CV0,3,1,1,0,2
5,2535011.582,720257.8531,R5_F5_m5f5_P5_Y3_UO333,R5_F5_m5f5_P5_Y1_UO479,R5_F5_m5f5_P5_Y1_UO424,MXY,1,58.2164608930475,0,0,0.0,0,0,0,-9999.0,0.375,1,P4_CV0,3,1,1,2,0
5,2535011.582,720257.8531,R5_F5_m5f5_P5_Y3_UO338,R5_F5_m5f5_P5_Y1_UO499,R5_F5_m-1f-1_P5_Y-1_U81,FXX,1,58.2164608930475,0,0,0.0,0,0,0,-9999.0,0.375,1,P4_CV0,3,1,1,0,2
5,2535011.582,720257.8531,R5_F5_m5f5_P5_Y3_UO339,R5_F5_m5f5_P5_Y1_UO499,R5_F5_m-1f-1_P5_Y-1_U81,MXY,1,58.2164608930475,0,0,0.0,0,0,0,-9999.0,0.375,1,P4_CV0,3,1,1,0,2
5,2535011.582,720257.8531,R5_F5_m5f5_P5_Y3_UO340,R5_F5_m5f5_P5_Y1_UO499,R5_F5_m-1f-1_P5_Y-1_U81,FXX,1,58.2164608930475,0,0,0.0,0,0,0,-9999.0,0.375,1,P4_CV0,3,1,1,0,2
5,2535011.582,720257.8531,R5_F5_m5f5_P5_Y3_UO362,R5_F5_m-1f-1_P5_Y-1_U67,R5_F5_m-1f-1_P5_Y-1_U81,MXY,1,58.2164608930475,0,0,0.0,0,0,0,-9999.0,0.25,1,P4_CV0,3,0,2,0,2
5,2535011.582,720257.8531,R5_F5_m5f5_P5_Y3_UO363,R5_F5_m-1f-1_P5_Y-1_U67,R5_F5_m-1f-1_P5_Y-1_U81,MXY,1,58.2164608930475,0,0,0.0,0,0,0,-9999.0,0.25,1,P4_CV0,3,0,2,1,1
5,2535011.582,720257.8531,R5_F5_m5f5_P5_Y3_UO374,R5_F5_m5f5_P5_Y1_UO431,R5_F5_m5f5_P5_Y0_UO72,MXY,1,58.2164608930475,0,0,0.0,0,0,0,-9999.0,0.375,1,P4_CV0,3,0,2,1,1
5,2535011.582,720257.8531,R5_F5_m5f5_P5_Y3_UO375,R5_F5_m5f5_P5_Y1_UO431,R5_F5_m5f5_P5_Y0_UO72,MXY,1,58.2164608930475,0,0,0.0,0,0,0,-9999.0,0.375,1,P4_CV0,3,0,2,2,0
5,2535011.582,720257.8531,R5_F5_m5f5_P5_Y3_UO379,R5_F5_m-1f-1_P5_Y-1_U14,I5_F7_m5f5_P5_Y1_UO215,MXY,1,58.2164608930475,0,0,0.0,0,0,0,-9999.0,0.875,1,P4_CV0,3,1,1,1,1
5,2535011.582,720257.8531,R5_F5_m5f5_P5_Y3_UO380,R5_F5_m-1f-1_P5_Y-1_U14,I5_F7_m5f5_P5_Y1_UO215,MXY,1,58.2164608930475,0,0,0.0,0,0,0,-9999.0,0.875,1,P4_CV0,3,1,1,0,2
5,2535011.582,720257.8531,R5_F5_m5f5_P5_Y3_UO381,R5_F5_m-1f-1_P5_Y-1_U14,I5_F7_m5f5_P5_Y1_UO215,MXY,1,58.2164608930475,0,0,0.0,0,0,0,-9999.0,0.875,1,P4_CV0,3,1,1,2,0
5,2535011.582,720257.8531,R5_F5_m5f5_P5_Y3_UO382,R5_F5_m-1f-1_P5_Y-1_U14,I5_F7_m5f5_P5_Y1_UO215,MXY,1,58.2164608930475,0,0,0.0,0,0,0,-9999.0,0.875,1,P4_CV0,3,1,1,1,1
5,2535011.582,720257.8531,R5_F5_m5f5_P5_Y3_UO383,R5_F5_m-1f-1_P5_Y-1_U14,I5_F7_m5f5_P5_Y1_UO215,FXX,1,58.2164608930475,0,0,0.0,0,0,0,-9999.0,0.875,1,P4_CV0,3,1,1,0,2
5,2535011.582,720257.8531,R5_F5_m5f5_P5_Y3_UO405,R5_F5_m5f5_P5_Y0_UO679,R5_F5_m5f5_P5_Y0_UO72,FXX,1,58.2164608930475,0,0,0.0,0,0,0,-9999.0,0.625,1,P4_CV0,3,0,2,1,1
5,2535011.582,720257.8531,R5_F5_m5f5_P5_Y3_UO406,R5_F5_m5f5_P5_Y0_UO679,R5_F5_m5f5_P5_Y0_UO72,MXY,1,58.2164608930475,0,0,0.0,0,0,0,-9999.0,0.625,1,P4_CV0,3,0,2,1,1
5,2535011.582,720257.8531,R5_F5_m5f5_P5_Y3_UO407,R5_F5_m5f5_P5_Y0_UO679,R5_F5_m5f5_P5_Y0_UO72,FXX,1,58.2164608930475,0,0,0.0,0,0,0,-9999.0,0.625,1,P4_CV0,3,0,2,1,1
5,2535011.582,720257.8531,R5_F5_m5f5_P5_Y3_UO440,R5_F5_m5f5_P5_Y0_UO676,R5_F5_m5f5_P5_Y0_UO601,FXX,1,58.2164608930475,0,0,0.0,0,0,0,-9999.0,0.5,1,P4_CV0,3,0,2,1,1
5,2535011.582,720257.8531,R5_F5_m5f5_P5_Y3_UO477,R5_F5_m5f5_P5_Y0_UO677,R5_F5_m-1f-1_P5_Y-1_U1,FXX,1,58.2164608930475,0,0,0.0,0,0,0,-9999.0,0.5,1,P4_CV0,3,1,1,0,2
5,2535011.582,720257.8531,R5_F5_m5f5_P5_Y3_UO478,R5_F5_m5f5_P5_Y0_UO677,R5_F5_m-1f-1_P5_Y-1_U1,FXX,1,58.2164608930475,0,0,0.0,0,0,0,-9999.0,0.5,1,P4_CV0,3,2,0,0,2
5,2535011.582,720257.8531,R5_F5_m5f5_P5_Y3_UO482,R5_F5_m5f5_P5_Y1_UO480,R5_F5_m5f5_P5_Y0_UO248,FXX,1,58.2164608930475,0,0,0.0,0,0,0,-9999.0,0.5,1,P4_CV0,3,1,1,0,2
5,2535011.582,720257.8531,R5_F5_m5f5_P5_Y3_UO483,R5_F5_m5f5_P5_Y1_UO480,R5_F5_m5f5_P5_Y0_UO248,MXY,1,58.2164608930475,0,0,0.0,0,0,0,-9999.0,0.5,1,P4_CV0,3,1,1,0,2
5,2535011.582,720257.8531,R5_F5_m5f5_P5_Y3_UO484,R5_F5_m5f5_P5_Y1_UO480,R5_F5_m5f5_P5_Y0_UO248,FXX,1,58.2164608930475,0,0,0.0,0,0,0,-9999.0,0.5,1,P4_CV0,3,1,1,0,2
5,2535011.582,720257.8531,R5_F5_m5f5_P5_Y3_UO489,R5_F5_m5f5_P5_Y0_UO160,R5_F5_m5f5_P5_Y0_UO211,FXX,1,58.2164608930475,0,0,0.0,0,0,0,-9999.0,0.625,1,P4_CV0,3,1,1,0,2
5,2535011.582,720257.8531,R5_F5_m5f5_P5_Y3_UO501,R5_F5_m-1f-1_P5_Y-1_U14,R5_F5_m5f5_P5_Y0_UO77,MXY,1,58.2164608930475,0,0,0.0,0,0,0,-9999.0,0.625,1,P4_CV0,3,2,0,1,1
5,2535011.582,720257.8531,R5_F5_m5f5_P5_Y3_UO502,R5_F5_m-1f-1_P5_Y-1_U14,R5_F5_m5f5_P5_Y0_UO77,MXY,1,58.2164608930475,0,0,0.0,0,0,0,-9999.0,0.625,1,P4_CV0,3,2,0,2,0
5,2535011.582,720257.8531,R5_F5_m5f5_P5_Y3_UO503,R5_F5_m-1f-1_P5_Y-1_U14,R5_F5_m5f5_P5_Y0_UO77,MXY,1,58.2164608930475,0,0,0.0,0,0,0,-9999.0,0.625,1,P4_CV0,3,2,0,2,0
5,2535011.582,720257.8531,R5_F5_m5f5_P5_Y3_UO507,R5_F5_m5f5_P5_Y1_UO36,R5_F5_m5f5_P5_Y1_UO488,FXX,1,58.2164608930475,0,0,0.0,0,0,0,-9999.0,0.5,1,P4_CV0,3,1,1,2,0
5,2535011.582,720257.8531,R5_F5_m5f5_P5_Y3_UO508,R5_F5_m5f5_P5_Y1_UO36,R5_F5_m5f5_P5_Y1_UO488,FXX,1,58.2164608930475,0,0,0.0,0,0,0,-9999.0,0.5,1,P4_CV0,3,0,2,1,1
5,2535011.582,720257.8531,R5_F5_m5f5_P5_Y2_UO503,R5_F5_m-1f-1_P5_Y-1_U67,R5_F5_m-1f-1_P5_Y-1_U81,MXY,2,79.41631026061111,1,0,0.0,0,0,0,-9999.0,0.25,1,P4_CV0,3,0,2,0,2
5,2535011.582,720257.8531,R5_F5_m5f5_P5_Y2_UO509,R5_F5_m-1f-1_P5_Y-1_U84,R5_F5_m5f5_P5_Y0_UO6,FXX,2,79.41631026061111,1,0,0.0,0,0,0,-9999.0,0.375,1,P4_CV0,3,1,1,1,1
5,2535011.582,720257.8531,R5_F5_m5f5_P5_Y2_UO430,R5_F5_m-1f-1_P5_Y-1_U35,R5_F5_m5f5_P5_Y0_UO6,MXY,2,79.41631026061111,1,0,0.0,0,0,0,-9999.0,0.375,1,P4_CV0,3,1,1,0,2
5,2535011.582,720257.8531,R5_F5_m5f5_P5_Y2_UO505,R5_F5_m-1f-1_P5_Y-1_U84,R5_F5_m5f5_P5_Y0_UO6,FXX,2,79.41631026061111,1,0,2.074,0,0,0,-9999.0,0.375,1,P4_CV0,3,1,1,1,1
5,2535011.582,720257.8531,R5_F5_m5f5_P5_Y2_UO635,R5_F5_m-1f-1_P5_Y-1_U123,R5_F5_m5f5_P5_Y0_UO212,FXX,2,79.41631026061111,1,0,2.196,0,0,0,-9999.0,0.375,1,P4_CV0,3,1,1,1,1
5,2535011.582,720257.8531,R5_F5_m5f5_P5_Y2_UO32,R5_F5_m5f5_P5_Y0_UO676,R5_F5_m5f5_P5_Y0_UO251,FXX,2,79.41631026061111,1,0,1.061,0,0,0,-9999.0,0.375,1,P4_CV0,3,0,2,0,2
5,2535011.582,720257.8531,R5_F5_m5f5_P5_Y2_UO472,R5_F5_m-1f-1_P5_Y-1_U123,RD5_F6_m-1f-1_P6_Y-1_U45,MXY,2,79.41631026061111,1,0,0.0,0,0,0,-9999.0,0.25,1,P4_CV0,3,0,2,0,2
5,2535011.582,720257.8531,R5_F5_m5f5_P5_Y2_UO415,R5_F5_m5f5_P5_Y0_UO456,I5_F7_m-1f-1_P5_Y-1_U27,FXX,2,79.41631026061111,1,0,0.0,0,0,0,-9999.0,0.75,1,P4_CV0,3,1,1,0,2
5,2535011.582,720257.8531,R5_F5_m5f5_P5_Y2_UO406,R5_F5_m-1f-1_P5_Y-1_U57,R5_F5_m5f5_P5_Y0_UO249,MXY,2,79.41631026061111,1,0,0.0,0,0,0,-9999.0,0.375,1,P4_CV0,3,1,1,0,2
5,2535011.582,720257.8531,R5_F5_m5f5_P5_Y2_UO212,R5_F5_m5f5_P5_Y0_UO0,R5_F5_m-1f-1_P5_Y-1_U15,MXY,2,79.41631026061111,1,0,0.0,0,0,0,-9999.0,0.875,1,P4_CV0,3,2,0,2,0
5,2535011.582,720257.8531,R5_F5_m5f5_P5_Y2_UO90,R5_F5_m5f5_P5_Y0_UO457,R5_F5_m5f5_P5_Y0_UO249,MXY,2,79.41631026061111,1,0,0.0,0,0,0,-9999.0,0.375,1,P4_CV0,3,1,1,2,0
5,2535011.582,720257.8531,R5_F5_m5f5_P5_Y2_UO390,R5_F5_m5f5_P5_Y0_UO457,R5_F5_m5f5_P5_Y0_UO148,MXY,2,79.41631026061111,1,0,0.0,0,0,0,-9999.0,0.375,1,P4_CV0,3,1,1,0,2
5,2535011.582,720257.8531,R5_F5_m5f5_P5_Y2_UO391,R5_F5_m5f5_P5_Y0_UO457,R5_F5_m5f5_P5_Y0_UO148,MXY,2,79.41631026061111,1,0,0.0,0,0,0,-9999.0,0.375,1,P4_CV0,3,1,1,1,1
5,2535011.582,720257.8531,R5_F5_m5f5_P5_Y2_UO33,R5_F5_m5f5_P5_Y0_UO676,R5_F5_m5f5_P5_Y0_UO251,MXY,2,79.41631026061111,1,0,0.0,0,0,0,-9999.0,0.375,1,P4_CV0,3,1,1,1,1
5,2535011.582,720257.8531,R5_F5_m5f5_P5_Y2_UO293,R5_F5_m-1f-1_P5_Y-1_U66,R5_F5_m-1f-1_P5_Y-1_U81,MXY,2,79.41631026061111,1,0,0.0,0,0,0,-9999.0,0.25,1,P4_CV0,3,0,2,1,1
5,2535011.582,720257.8531,R5_F5_m5f5_P5_Y2_UO173,R5_F5_m5f5_P5_Y0_UO457,R5_F5_m-1f-1_P5_Y-1_U65,MXY,2,79.41631026061111,1,0,0.0,0,0,0,-9999.0,0.5,1,P4_CV0,3,0,2,1,1
5,2535011.582,720257.8531,R5_F5_m5f5_P5_Y2_UO461,R5_F5_m5f5_P5_Y0_UO161,I5_F7_m5f5_P5_Y0_UO145,MXY,2,79.41631026061111,1,0,0.0,0,0,0,-9999.0,0.375,1,P4_CV0,3,1,1,1,1
5,2535011.582,720257.8531,R5_F5_m5f5_P5_Y2_UO507,R5_F5_m-1f-1_P5_Y-1_U84,R5_F5_m5f5_P5_Y0_UO6,MXY,2,79.41631026061111,1,0,0.0,0,0,0,-9999.0,0.375,1,P4_CV0,3,1,1,1,1
5,2535011.582,720257.8531,R5_F5_m5f5_P5_Y2_UO598,R5_F5_m5f5_P5_Y0_UO289,RD5_F6_m-1f-1_P6_Y-1_U45,MXY,2,79.41631026061111,1,0,0.0,0,0,0,-9999.0,0.625,1,P4_CV0,3,1,1,0,2
5,2535011.582,720257.8531,R5_F5_m5f5_P5_Y2_UO259,R5_F5_m5f5_P5_Y0_UO456,R5_F5_m-1f-1_P5_Y-1_U109,FXX,2,79.41631026061111,1,0,0.0,0,0,0,-9999.0,0.5,1,P4_CV0,3,1,1,1,1
5,2535011.582,720257.8531,R5_F5_m5f5_P5_Y2_UO148,R5_F5_m5f5_P5_Y0_UO161,R5_F5_m5f5_P5_Y0_UO248,MXY,2,79.41631026061111,1,0,0.0,0,0,0,-9999.0,0.625,1,P4_CV0,3,1,1,1,1
5,2535011.582,720257.8531,R5_F5_m5f5_P5_Y2_UO496,R5_F5_m-1f-1_P5_Y-1_U67,R5_F5_m-1f-1_P5_Y-1_U81,MXY,2,79.41631026061111,1,0,0.0,0,0,0,-9999.0,0.25,1,P4_CV0,3,1,1,1,1
5,2535011.582,720257.8531,R5_F5_m5f5_P5_Y2_UO37,R5_F5_m5f5_P5_Y0_UO82,R5_F5_m-1f-1_P5_Y-1_U1,MXY,2,79.41631026061111,1,0,0.0,0,0,0,-9999.0,0.5,1,P4_CV0,3,2,0,1,1
5,2535011.582,720257.8531,R5_F5_m5f5_P5_Y2_UO89,R5_F5_m5f5_P5_Y0_UO457,R5_F5_m5f5_P5_Y0_UO249,MXY,2,79.41631026061111,1,0,0.0,0,0,0,-9999.0,0.375,1,P4_CV0,3,1,1,0,2
5,2535011.582,720257.8531,R5_F5_m5f5_P5_Y2_UO296,R5_F5_m-1f-1_P5_Y-1_U66,R5_F5_m-1f-1_P5_Y-1_U81,FXX,2,79.41631026061111,1,0,1.37,0,0,0,-9999.0,0.25,1,P4_CV0,3,1,1,1,1
5,2535011.582,720257.8531,R5_F5_m5f5_P5_Y2_UO215,R5_F5_m5f5_P5_Y0_UO0,R5_F5_m-1f-1_P5_Y-1_U15,MXY,2,79.41631026061111,1,0,0.0,0,0,0,-9999.0,0.875,1,P4_CV0,3,2,0,2,0
5,2535011.582,720257.8531,R5_F5_m5f5_P5_Y2_UO261,R5_F5_m5f5_P5_Y0_UO456,R5_F5_m-1f-1_P5_Y-1_U109,MXY,2,79.41631026061111,1,0,0.0,0,0,0,-9999.0,0.5,1,P4_CV0,3,0,2,1,1
5,2535011.582,720257.8531,R5_F5_m5f5_P5_Y2_UO28,R5_F5_m-1f-1_P5_Y-1_U35,I5_F7_m5f5_P5_Y0_UO189,FXX,2,79.41631026061111,1,0,1.375,0,0,0,-9999.0,0.375,1,P4_CV0,3,0,2,1,1
5,2535011.582,720257.8531,R5_F5_m5f5_P5_Y2_UO501,R5_F5_m-1f-1_P5_Y-1_U67,R5_F5_m-1f-1_P5_Y-1_U81,MXY,2,79.41631026061111,1,0,0.0,0,0,0,-9999.0,0.25,1,P4_CV0,3,0,2,1,1
5,2535011.582,720257.8531,R5_F5_m5f5_P5_Y2_UO499,R5_F5_m-1f-1_P5_Y-1_U67,R5_F5_m-1f-1_P5_Y-1_U81,FXX,2,79.41631026061111,1,0,1.844,0,0,0,-9999.0,0.25,1,P4_CV0,3,1,1,1,1
5,2535011.582,720257.8531,R5_F5_m5f5_P5_Y2_UO56,R5_F5_m-1f-1_P5_Y-1_U24,R5_F5_m5f5_P5_Y0_UO49,FXX,2,79.41631026061111,1,0,1.471,0,0,0,-9999.0,0.25,1,P4_CV0,3,1,1,0,2
5,2535011.582,720257.8531,I5_F7_m5f5_P5_Y2_UO414,R5_F5_m5f5_P5_Y0_UO456,I5_F7_m-1f-1_P5_Y-1_U27,FXX,2,79.4263142586329,1,0,1.202,0,0,0,-9999.0,0.75,1,P4_CV0,3,1,1,0,2
5,2535011.582,720257.8531,I5_F7_m5f5_P5_Y2_UO429,R5_F5_m-1f-1_P5_Y-1_U35,R5_F5_m5f5_P5_Y0_UO6,MXY,2,79.4263142586329,1,0,0.0,0,0,0,-9999.0,0.375,1,P4_CV0,3,1,1,0,2
5,2535011.582,720257.8531,R5_F5_m5f5_P5_Y1_UO149,R5_F5_m-1f-1_P5_Y-1_U78,R5_F5_m-1f-1_P5_Y-1_U79,MXY,3,97.07156246235141,1,0,0.0,0,0,0,-9999.0,0.25,1,P4_CV0,3,1,1,0,2
5,2535011.582,720257.8531,R5_F5_m5f5_P5_Y1_UO143,R5_F5_m-1f-1_P5_Y-1_U90,R5_F5_m-1f-1_P5_Y-1_U115,MXY,3,97.07156246235141,1,0,0.0,0,0,0,-9999.0,0.25,1,P4_CV0,3,0,2,2,0
5,2535011.582,720257.8531,R5_F5_m5f5_P5_Y1_UO297,R5_F5_m-1f-1_P5_Y-1_U116,R5_F5_m-1f-1_P5_Y-1_U81,FXX,3,97.07156246235141,1,0,1.0,0,0,0,-9999.0,0.25,1,P4_CV0,3,2,0,1,1
5,2535011.582,720257.8531,R5_F5_m5f5_P5_Y1_UO480,R5_F5_m-1f-1_P5_Y-1_U84,R5_F5_m-1f-1_P5_Y-1_U69,FXX,3,97.07156246235141,1,0,1.372,0,0,0,-9999.0,0.25,1,P4_CV0,3,2,0,0,2
5,2535011.582,720257.8531,R5_F5_m5f5_P5_Y1_UO431,R5_F5_m-1f-1_P5_Y-1_U90,R5_F5_m-1f-1_P5_Y-1_U81,FXX,3,97.07156246235141,1,0,2.937,0,0,0,-9999.0,0.25,1,P4_CV0,3,0,2,1,1
5,2535011.582,720257.8531,R5_F5_m5f5_P5_Y1_UO547,R5_F5_m-1f-1_P5_Y-1_U12,R5_F5_m-1f-1_P5_Y-1_U74,MXY,3,97.07156246235141,1,0,0.0,0,0,0,-9999.0,0.5,1,P4_CV0,3,1,1,1,1
5,2535011.582,720257.8531,R5_F5_m5f5_P5_Y1_UO43,R5_F5_m-1f-1_P5_Y-1_U12,R5_F5_m-1f-1_P5_Y-1_U59,MXY,3,97.07156246235141,1,0,0.0,0,0,0,-9999.0,0.5,1,P4_CV0,3,1,1,1,1
5,2535011.582,720257.8531,R5_F5_m5f5_P5_Y1_UO248,R5_F5_m-1f-1_P5_Y-1_U84,R5_F5_m-1f-1_P5_Y-1_U40,FXX,3,97.07156246235141,1,0,1.878,0,0,0,-9999.0,0.0,1,P4_CV0,3,1,1,1,1
5,2535011.582,720257.8531,R5_F5_m5f5_P5_Y1_UO256,R5_F5_m-1f-1_P5_Y-1_U77,R5_F5_m-1f-1_P5_Y-1_U87,FXX,3,97.07156246235141,1,0,2.66,0,0,0,-9999.0,0.5,1,P4_CV0,3,1,1,1,1
5,2535011.582,720257.8531,R5_F5_m5f5_P5_Y1_UO518,R5_F5_m-1f-1_P5_Y-1_U73,R5_F5_m-1f-1_P5_Y-1_U48,MXY,3,97.07156246235141,1,0,0.0,0,0,0,-9999.0,0.25,1,P4_CV0,3,1,1,1,1
5,2535011.582,720257.8531,R5_F5_m5f5_P5_Y1_UO148,R5_F5_m-1f-1_P5_Y-1_U78,R5_F5_m-1f-1_P5_Y-1_U79,FXX,3,97.07156246235141,1,0,1.0,0,0,0,-9999.0,0.25,1,P4_CV0,3,1,1,1,1
5,2535011.582,720257.8531,R5_F5_m5f5_P5_Y1_UO155,R5_F5_m-1f-1_P5_Y-1_U78,R5_F5_m-1f-1_P5_Y-1_U86,MXY,3,97.07156246235141,1,0,0.0,0,0,0,-9999.0,0.25,1,P4_CV0,3,1,1,1,1
5,2535011.582,720257.8531,R5_F5_m5f5_P5_Y1_UO488,R5_F5_m-1f-1_P5_Y-1_U10,R5_F5_m-1f-1_P5_Y-1_U109,MXY,3,97.07156246235141,1,0,0.0,0,0,0,-9999.0,0.5,1,P4_CV0,3,1,1,1,1
5,2535011.582,720257.8531,R5_F5_m5f5_P5_Y1_UO32,R5_F5_m-1f-1_P5_Y-1_U57,R5_F5_m-1f-1_P5_Y-1_U49,FXX,3,97.07156246235141,1,0,0.0,0,0,0,-9999.0,0.5,1,P4_CV0,3,1,1,0,2
5,2535011.582,720257.8531,R5_F5_m5f5_P5_Y1_UO93,R5_F5_m-1f-1_P5_Y-1_U62,R5_F5_m-1f-1_P5_Y-1_U99,FXX,3,97.07156246235141,1,0,1.0,0,0,0,-9999.0,0.5,1,P4_CV0,3,1,1,1,1
5,2535011.582,720257.8531,R5_F5_m5f5_P5_Y1_UO269,R5_F5_m-1f-1_P5_Y-1_U57,R5_F5_m-1f-1_P5_Y-1_U104,FXX,3,97.07156246235141,1,0,2.585,0,0,0,-9999.0,0.25,1,P4_CV0,3,1,1,1,1
5,2535011.582,720257.8531,R5_F5_m5f5_P5_Y1_UO153,R5_F5_m-1f-1_P5_Y-1_U126,R5_F5_m-1f-1_P5_Y-1_U122,FXX,3,97.07156246235141,1,0,0.0,0,0,0,-9999.0,0.25,1,P4_CV0,3,1,1,1,1
5,2535011.582,720257.8531,R5_F5_m5f5_P5_Y1_UO433,R5_F5_m-1f-1_P5_Y-1_U116,R5_F5_m-1f-1_P5_Y-1_U115,FXX,3,97.07156246235141,1,0,2.398,0,0,0,-9999.0,0.25,1,P4_CV0,3,0,2,1,1
5,2535011.582,720257.8531,R5_F5_m5f5_P5_Y1_UO213,R5_F5_m-1f-1_P5_Y-1_U38,R5_F5_m-1f-1_P5_Y-1_U121,FXX,3,97.07156246235141,1,0,1.0,0,0,0,-9999.0,0.75,1,P4_CV0,3,2,0,1,1
5,2535011.582,720257.8531,R5_F5_m5f5_P5_Y1_UO500,R5_F5_m-1f-1_P5_Y-1_U50,R5_F5_m-1f-1_P5_Y-1_U48,FXX,3,97.07156246235141,1,0,2.423,0,0,0,-9999.0,0.25,1,P4_CV0,3,0,2,0,2
5,2535011.582,720257.8531,R5_F5_m5f5_P5_Y1_UO215,R5_F5_m-1f-1_P5_Y-1_U38,R5_F5_m-1f-1_P5_Y-1_U121,MXY,3,97.102455963971,1,0,0.0,0,0,0,-9999.0,0.75,1,P4_CV0,3,0,2,1,1
5,2535011.582,720257.8531,R5_F5_m5f5_P5_Y1_UO380,R5_F5_m-1f-1_P5_Y-1_U50,R5_F5_m-1f-1_P5_Y-1_U87,MXY,3,97.07156246235141,1,0,0.0,0,0,0,-9999.0,0.5,1,P4_CV0,3,2,0,0,2
5,2535011.582,720257.8531,R5_F5_m5f5_P5_Y0_UO456,R5_F5_m-1f-1_P5_Y-1_U13,R5_F5_m-1f-1_P5_Y-1_U69,FXX,4,113.70404885403505,1,0,0.0,0,0,0,-9999.0,0.5,1,P4_CV0,3,0,2,0,2
5,2535011.582,720257.8531,R5_F5_m5f5_P5_Y0_UO262,R5_F5_m-1f-1_P5_Y-1_U22,R5_F5_m-1f-1_P5_Y-1_U113,FXX,4,113.70404885403505,1,0,0.0,0,0,0,-9999.0,0.25,1,P4_CV0,3,1,1,2,0
5,2535011.582,720257.8531,R5_F5_m5f5_P5_Y0_UO49,R5_F5_m-1f-1_P5_Y-1_U88,R5_F5_m-1f-1_P5_Y-1_U53,MXY,4,113.70404885403505,1,0,0.0,0,0,0,-9999.0,0.5,1,P4_CV0,3,2,0,0,2
5,2535011.582,720257.8531,R5_F5_m5f5_P5_Y0_UO6,R5_F5_m-1f-1_P5_Y-1_U127,R5_F5_m-1f-1_P5_Y-1_U42,MXY,4,113.70404885403505,1,0,0.0,0,0,0,-9999.0,0.75,1,P4_CV0,3,2,0,0,2
5,2535011.582,720257.8531,R5_F5_m5f5_P5_Y0_UO234,R5_F5_m-1f-1_P5_Y-1_U88,R5_F5_m-1f-1_P5_Y-1_U98,MXY,4,113.70404885403505,1,0,0.0,0,0,0,-9999.0,0.5,1,P4_CV0,3,0,2,2,0
5,2535011.582,720257.8531,R5_F5_m5f5_P5_Y0_UO251,R5_F5_m-1f-1_P5_Y-1_U84,R5_F5_m-1f-1_P5_Y-1_U113,MXY,4,113.70404885403505,1,0,0.0,0,0,0,-9999.0,0.25,1,P4_CV0,3,0,2,0,2
5,2535011.582,720257.8531,I5_F7_m5f5_P5_Y0_UO145,R5_F5_m-1f-1_P5_Y-1_U84,R5_F5_m-1f-1_P5_Y-1_U118,MXY,4,113.70720232695597,1,0,0.0,0,0,0,-9999.0,0.25,1,P4_CV0,3,1,1,2,0
5,2535011.582,720257.8531,I5_F7_m5f5_P5_Y0_UO160,R5_F5_m-1f-1_P5_Y-1_U57,R5_F5_m-1f-1_P5_Y-1_U7,FXX,4,113.7115988281014,1,0,2.232,0,0,0,-9999.0,0.5,1,P4_CV0,3,1,1,1,1
5,2535011.582,720257.8531,R5_F5_m-1f-1_P5_Y-1_U1,-9999,-9999,MXY,5,119.81215394789017,1,0,0.0,0,0,0,-9999.0,0.5,1,P4_CV0,3,1,1,1,1
5,2535011.582,720257.8531,R5_F5_m-1f-1_P5_Y-1_U115,-9999,-9999,MXY,5,119.81215394789017,1,0,0.0,0,0,0,-9999.0,0.5,1,P4_CV0,3,1,1,1,1
5,2535011.582,720257.8531,R5_F5_m5f5_P5_Y2_UO474,R5_F5_m-1f-1_P5_Y-1_U123,RD5_F6_m-1f-1_P6_Y-1_U45,FXX,2,79.41631026061111,1,0,2.197,0,0,0,-9999.0,0.25,1,P5_CV0,3,1,1,0,2
5,2535011.582,720257.8531,R5_F5_m6f6_P6_Y2_UO79,R6_F6_m6f6_P6_Y0_UO246,R6_F6_m-1f-1_P6_Y-1_U39,FXX,2,79.43363682542896,1,0,1.0,0,0,0,-9999.0,0.5,1,P5_CV0,3,1,1,1,1
6,2545325.475,726552.0418,R6_F6_m6f6_P6_Y3_UO511,R6_F6_m6f6_P6_Y1_UO172,RD6_F1_m-1f-1_P1_Y-1_U40,FXX,1,56.70651392666542,0,0,0.0,0,0,0,-9999.0,0.375,1,P0_CV0,3,1,1,1,1
6,2545325.475,726552.0418,RD6_F2_m2f2_P2_Y2_UO153,R2_F2_m-1f-1_P2_Y-1_U120,R2_F2_m2f2_P2_Y0_UO426,FXX,2,57.84070516942883,1,0,0.0,0,0,0,-9999.0,0.25,1,P1_CV0,3,0,2,0,2
6,2545325.475,726552.0418,R6_F6_m6f6_P6_Y3_UO152,R6_F6_m6f6_P6_Y1_UO404,R6_F6_m3f3_P3_Y0_UO19,FXX,1,56.70651392666542,0,0,0.0,0,0,0,-9999.0,0.625,1,P2_CV0,3,1,1,1,1
6,2545325.475,726552.0418,R6_F6_m6f6_P6_Y3_UO154,R6_F6_m6f6_P6_Y1_UO404,R6_F6_m3f3_P3_Y0_UO19,FXX,1,56.70651392666542,0,0,0.0,0,0,0,-9999.0,0.625,1,P2_CV0,3,2,0,2,0
6,2545325.475,726552.0418,R6_F6_m4f4_P4_Y2_UO380,R4_F4_m-1f-1_P4_Y-1_U87,R4_F4_m4f4_P4_Y0_UO90,MXY,2,86.8100740419933,1,0,0.0,0,0,0,-9999.0,0.5,1,P3_CV0,3,1,1,1,1
6,2545325.475,726552.0418,RD6_F5_m5f5_P5_Y1_UO507,R5_F5_m-1f-1_P5_Y-1_U50,R5_F5_m-1f-1_P5_Y-1_U82,MXY,3,95.82838550347154,1,0,0.0,0,0,0,-9999.0,0.5,1,P4_CV0,3,2,0,2,0
6,2545325.475,726552.0418,R6_F6_m6f6_P6_Y3_UO6,R6_F6_m6f6_P6_Y0_UO655,R6_F6_m-1f-1_P6_Y-1_U83,FXX,1,56.70651392666542,0,0,0.0,0,0,0,-9999.0,0.625,1,P5_CV0,3,1,1,1,1
6,2545325.475,726552.0418,R6_F6_m6f6_P6_Y3_UO7,R6_F6_m6f6_P6_Y0_UO655,R6_F6_m-1f-1_P6_Y-1_U83,MXY,1,56.70651392666542,0,0,0.0,0,0,0,-9999.0,0.625,1,P5_CV0,3,1,1,1,1
6,2545325.475,726552.0418,R6_F6_m6f6_P6_Y3_UO8,R6_F6_m6f6_P6_Y0_UO655,R6_F6_m-1f-1_P6_Y-1_U83,MXY,1,56.70651392666542,0,0,0.0,0,0,0,-9999.0,0.625,1,P5_CV0,3,1,1,0,2
6,2545325.475,726552.0418,R6_F6_m6f6_P6_Y3_UO9,R6_F6_m6f6_P6_Y0_UO655,R6_F6_m-1f-1_P6_Y-1_U83,MXY,1,56.70651392666542,0,0,0.0,0,0,0,-9999.0,0.625,1,P5_CV0,3,1,1,1,1
6,2545325.475,726552.0418,R6_F6_m6f6_P6_Y3_UO26,R6_F6_m6f6_P6_Y1_UO1,R6_F6_m-1f-1_P6_Y-1_U51,MXY,1,56.70651392666542,0,0,0.0,0,0,0,-9999.0,0.25,1,P5_CV0,3,0,2,0,2
6,2545325.475,726552.0418,R6_F6_m6f6_P6_Y3_UO53,R6_F6_m6f6_P6_Y1_UO172,R6_F6_m-1f-1_P6_Y-1_U57,FXX,1,56.70651392666542,0,0,0.0,0,0,0,-9999.0,0.375,1,P5_CV0,3,1,1,2,0
6,2545325.475,726552.0418,R6_F6_m6f6_P6_Y3_UO54,R6_F6_m6f6_P6_Y1_UO172,R6_F6_m-1f-1_P6_Y-1_U57,MXY,1,56.70651392666542,0,0,0.0,0,0,0,-9999.0,0.375,1,P5_CV0,3,2,0,2,0
6,2545325.475,726552.0418,R6_F6_m6f6_P6_Y3_UO76,R6_F6_m6f6_P6_Y1_UO108,R6_F6_m-1f-1_P6_Y-1_U83,MXY,1,56.70651392666542,0,0,0.0,0,0,0,-9999.0,0.625,1,P5_CV0,3,1,1,0,2
6,2545325.475,726552.0418,R6_F6_m6f6_P6_Y3_UO78,R6_F6_m6f6_P6_Y1_UO108,R6_F6_m-1f-1_P6_Y-1_U83,FXX,1,56.70651392666542,0,0,0.0,0,0,0,-9999.0,0.625,1,P5_CV0,3,1,1,0,2
6,2545325.475,726552.0418,R6_F6_m6f6_P6_Y3_UO83,R6_F6_m6f6_P6_Y1_UO1,R6_F6_m6f6_P6_Y0_UO718,MXY,1,56.70651392666542,0,0,0.0,0,0,0,-9999.0,0.375,1,P5_CV0,3,2,0,0,2
6,2545325.475,726552.0418,R6_F6_m6f6_P6_Y3_UO84,R6_F6_m6f6_P6_Y1_UO1,R6_F6_m6f6_P6_Y0_UO718,FXX,1,56.70651392666542,0,0,0.0,0,0,0,-9999.0,0.375,1,P5_CV0,3,2,0,0,2
6,2545325.475,726552.0418,R6_F6_m6f6_P6_Y3_UO92,R6_F6_m-1f-1_P6_Y-1_U82,R6_F6_m-1f-1_P6_Y-1_U102,FXX,1,56.70651392666542,0,0,0.0,0,0,0,-9999.0,0.5,1,P5_CV0,3,1,1,0,2
6,2545325.475,726552.0418,R6_F6_m6f6_P6_Y3_UO93,R6_F6_m-1f-1_P6_Y-1_U82,R6_F6_m-1f-1_P6_Y-1_U102,FXX,1,56.70651392666542,0,0,0.0,0,0,0,-9999.0,0.5,1,P5_CV0,3,2,0,2,0
6,2545325.475,726552.0418,R6_F6_m6f6_P6_Y3_UO94,R6_F6_m-1f-1_P6_Y-1_U82,R6_F6_m-1f-1_P6_Y-1_U102,MXY,1,56.70651392666542,0,0,0.0,0,0,0,-9999.0,0.5,1,P5_CV0,3,2,0,2,0
6,2545325.475,726552.0418,R6_F6_m6f6_P6_Y3_UO107,R6_F6_m6f6_P6_Y1_UO449,R6_F6_m-1f-1_P6_Y-1_U39,FXX,1,56.70651392666542,0,0,0.0,0,0,0,-9999.0,0.625,1,P5_CV0,3,1,1,0,2
6,2545325.475,726552.0418,R6_F6_m6f6_P6_Y3_UO108,R6_F6_m6f6_P6_Y1_UO449,R6_F6_m-1f-1_P6_Y-1_U39,FXX,1,56.70651392666542,0,0,0.0,0,0,0,-9999.0,0.625,1,P5_CV0,3,1,1,0,2
6,2545325.475,726552.0418,R6_F6_m6f6_P6_Y3_UO109,R6_F6_m6f6_P6_Y1_UO449,R6_F6_m-1f-1_P6_Y-1_U39,FXX,1,56.70651392666542,0,0,0.0,0,0,0,-9999.0,0.625,1,P5_CV0,3,2,0,0,2
6,2545325.475,726552.0418,R6_F6_m6f6_P6_Y3_UO110,R6_F6_m6f6_P6_Y1_UO449,R6_F6_m-1f-1_P6_Y-1_U39,FXX,1,56.70651392666542,0,0,0.0,0,0,0,-9999.0,0.625,1,P5_CV0,3,0,2,0,2
6,2545325.475,726552.0418,R6_F6_m6f6_P6_Y3_UO115,R6_F6_m6f6_P6_Y1_UO207,R6_F6_m6f6_P6_Y1_UO84,FXX,1,56.70651392666542,0,0,0.0,0,0,0,-9999.0,0.375,1,P5_CV0,3,0,2,1,1
6,2545325.475,726552.0418,R6_F6_m6f6_P6_Y3_UO116,R6_F6_m6f6_P6_Y1_UO418,R6_F6_m6f6_P6_Y0_UO218,MXY,1,56.70651392666542,0,0,0.0,0,0,0,-9999.0,0.625,1,P5_CV0,3,1,1,2,0
6,2545325.475,726552.0418,R6_F6_m6f6_P6_Y3_UO117,R6_F6_m6f6_P6_Y1_UO418,R6_F6_m6f6_P6_Y0_UO218,FXX,1,56.70651392666542,0,0,0.0,0,0,0,-9999.0,0.625,1,P5_CV0,3,0,2,2,0
6,2545325.475,726552.0418,R6_F6_m6f6_P6_Y3_UO118,R6_F6_m6f6_P6_Y1_UO418,R6_F6_m6f6_P6_Y0_UO218,MXY,1,56.70651392666542,0,0,0.0,0,0,0,-9999.0,0.625,1,P5_CV0,3,1,1,2,0
6,2545325.475,726552.0418,R6_F6_m6f6_P6_Y3_UO119,R6_F6_m6f6_P6_Y1_UO418,R6_F6_m6f6_P6_Y0_UO218,FXX,1,56.70651392666542,0,0,0.0,0,0,0,-9999.0,0.625,1,P5_CV0,3,1,1,2,0
6,2545325.475,726552.0418,R6_F6_m6f6_P6_Y3_UO131,R6_F6_m6f6_P6_Y0_UO374,R6_F6_m6f6_P6_Y0_UO718,FXX,1,56.70651392666542,0,0,0.0,0,0,0,-9999.0,0.5,1,P5_CV0,3,1,1,0,2
6,2545325.475,726552.0418,R6_F6_m6f6_P6_Y3_UO132,R6_F6_m-1f-1_P6_Y-1_U72,R6_F6_m6f6_P6_Y1_UO511,MXY,1,56.70651392666542,0,0,0.0,0,0,0,-9999.0,0.0,1,P5_CV0,3,1,1,0,2
6,2545325.475,726552.0418,R6_F6_m6f6_P6_Y3_UO133,R6_F6_m-1f-1_P6_Y-1_U72,R6_F6_m6f6_P6_Y1_UO511,MXY,1,56.70651392666542,0,0,0.0,0,0,0,-9999.0,0.0,1,P5_CV0,3,1,1,2,0
6,2545325.475,726552.0418,R6_F6_m6f6_P6_Y3_UO134,R6_F6_m-1f-1_P6_Y-1_U72,R6_F6_m6f6_P6_Y1_UO511,MXY,1,56.70651392666542,0,0,0.0,0,0,0,-9999.0,0.0,1,P5_CV0,3,0,2,1,1
6,2545325.475,726552.0418,R6_F6_m6f6_P6_Y3_UO135,R6_F6_m-1f-1_P6_Y-1_U72,R6_F6_m6f6_P6_Y1_UO511,MXY,1,56.70651392666542,0,0,0.0,0,0,0,-9999.0,0.0,1,P5_CV0,3,0,2,0,2
6,2545325.475,726552.0418,R6_F6_m6f6_P6_Y3_UO137,R6_F6_m-1f-1_P6_Y-1_U115,R6_F6_m6f6_P6_Y1_UO511,FXX,1,56.70651392666542,0,0,0.0,0,0,0,-9999.0,0.0,1,P5_CV0,3,1,1,1,1
6,2545325.475,726552.0418,R6_F6_m6f6_P6_Y3_UO138,R6_F6_m-1f-1_P6_Y-1_U115,R6_F6_m6f6_P6_Y1_UO511,FXX,1,56.70651392666542,0,0,0.0,0,0,0,-9999.0,0.0,1,P5_CV0,3,1,1,0,2
6,2545325.475,726552.0418,R6_F6_m6f6_P6_Y3_UO139,R6_F6_m-1f-1_P6_Y-1_U115,R6_F6_m6f6_P6_Y1_UO511,MXY,1,56.70651392666542,0,0,0.0,0,0,0,-9999.0,0.0,1,P5_CV0,3,0,2,2,0
6,2545325.475,726552.0418,R6_F6_m6f6_P6_Y3_UO140,R6_F6_m-1f-1_P6_Y-1_U115,R6_F6_m6f6_P6_Y1_UO511,FXX,1,56.70651392666542,0,0,0.0,0,0,0,-9999.0,0.0,1,P5_CV0,3,1,1,1,1
6,2545325.475,726552.0418,R6_F6_m6f6_P6_Y3_UO141,R6_F6_m-1f-1_P6_Y-1_U115,R6_F6_m6f6_P6_Y1_UO511,MXY,1,56.70651392666542,0,0,0.0,0,0,0,-9999.0,0.0,1,P5_CV0,3,0,2,1,1
6,2545325.475,726552.0418,R6_F6_m6f6_P6_Y3_UO142,R6_F6_m6f6_P6_Y0_UO655,R6_F6_m6f6_P6_Y1_UO98,FXX,1,56.70651392666542,0,0,0.0,0,0,0,-9999.0,0.75,1,P5_CV0,3,1,1,2,0
6,2545325.475,726552.0418,R6_F6_m6f6_P6_Y3_UO146,R6_F6_m6f6_P6_Y0_UO374,R6_F6_m6f6_P6_Y0_UO597,MXY,1,56.70651392666542,0,0,0.0,0,0,0,-9999.0,0.625,1,P5_CV0,3,1,1,2,0
6,2545325.475,726552.0418,R6_F6_m6f6_P6_Y3_UO153,R6_F6_m6f6_P6_Y1_UO404,R6_F6_m3f3_P3_Y0_UO19,MXY,1,56.70651392666542,0,0,0.0,0,0,0,-9999.0,0.625,1,P5_CV0,3,1,1,2,0
6,2545325.475,726552.0418,R6_F6_m6f6_P6_Y3_UO157,R6_F6_m6f6_P6_Y0_UO46,R6_F6_m-1f-1_P6_Y-1_U57,MXY,1,56.70651392666542,0,0,0.0,0,0,0,-9999.0,0.625,1,P5_CV0,3,1,1,2,0
6,2545325.475,726552.0418,R6_F6_m6f6_P6_Y3_UO158,R6_F6_m6f6_P6_Y0_UO46,R6_F6_m-1f-1_P6_Y-1_U57,MXY,1,56.70651392666542,0,0,0.0,0,0,0,-9999.0,0.625,1,P5_CV0,3,0,2,2,0
6,2545325.475,726552.0418,R6_F6_m6f6_P6_Y3_UO159,R6_F6_m6f6_P6_Y0_UO46,R6_F6_m-1f-1_P6_Y-1_U57,FXX,1,56.70651392666542,0,0,0.0,0,0,0,-9999.0,0.625,1,P5_CV0,3,1,1,1,1
6,2545325.475,726552.0418,R6_F6_m6f6_P6_Y3_UO189,R6_F6_m6f6_P6_Y0_UO29,R6_F6_m6f6_P6_Y1_UO228,FXX,1,56.70651392666542,0,0,0.0,0,0,0,-9999.0,0.125,1,P5_CV0,3,0,2,1,1
6,2545325.475,726552.0418,R6_F6_m6f6_P6_Y3_UO190,R6_F6_m6f6_P6_Y0_UO29,R6_F6_m6f6_P6_Y1_UO228,MXY,1,56.70651392666542,0,0,0.0,0,0,0,-9999.0,0.125,1,P5_CV0,3,0,2,1,1
6,2545325.475,726552.0418,R6_F6_m6f6_P6_Y3_UO210,R6_F6_m6f6_P6_Y1_UO88,R6_F6_m6f6_P6_Y0_UO417,FXX,1,56.70651392666542,0,0,0.0,0,0,0,-9999.0,0.5,1,P5_CV0,3,1,1,1,1
6,2545325.475,726552.0418,R6_F6_m6f6_P6_Y3_UO211,R6_F6_m6f6_P6_Y1_UO88,R6_F6_m6f6_P6_Y0_UO417,MXY,1,56.70651392666542,0,0,0.0,0,0,0,-9999.0,0.5,1,P5_CV0,3,1,1,1,1
6,2545325.475,726552.0418,R6_F6_m6f6_P6_Y3_UO212,R6_F6_m6f6_P6_Y1_UO88,R6_F6_m6f6_P6_Y0_UO417,MXY,1,56.70651392666542,0,0,0.0,0,0,0,-9999.0,0.5,1,P5_CV0,3,1,1,1,1
6,2545325.475,726552.0418,R6_F6_m6f6_P6_Y3_UO226,R6_F6_m6f6_P6_Y1_UO172,R6_F6_m-1f-1_P6_Y-1_U23,FXX,1,56.70651392666542,0,0,0.0,0,0,0,-9999.0,0.375,1,P5_CV0,3,0,2,2,0
6,2545325.475,726552.0418,R6_F6_m6f6_P6_Y3_UO227,R6_F6_m6f6_P6_Y1_UO172,R6_F6_m-1f-1_P6_Y-1_U23,MXY,1,56.70651392666542,0,0,0.0,0,0,0,-9999.0,0.375,1,P5_CV0,3,2,0,2,0
6,2545325.475,726552.0418,R6_F6_m6f6_P6_Y3_UO250,R6_F6_m6f6_P6_Y1_UO245,R6_F6_m6f6_P6_Y1_UO98,MXY,1,56.70651392666542,0,0,0.0,0,0,0,-9999.0,0.5,1,P5_CV0,3,0,2,1,1
6,2545325.475,726552.0418,R6_F6_m6f6_P6_Y3_UO251,R6_F6_m6f6_P6_Y1_UO245,R6_F6_m6f6_P6_Y1_UO98,FXX,1,56.70651392666542,0,0,0.0,0,0,0,-9999.0,0.5,1,P5_CV0,3,1,1,1,1
6,2545325.475,726552.0418,R6_F6_m6f6_P6_Y3_UO252,R6_F6_m6f6_P6_Y1_UO245,R6_F6_m6f6_P6_Y1_UO98,FXX,1,56.70651392666542,0,0,0.0,0,0,0,-9999.0,0.5,1,P5_CV0,3,0,2,1,1
6,2545325.475,726552.0418,R6_F6_m6f6_P6_Y3_UO257,R6_F6_m6f6_P6_Y1_UO393,R6_F6_m6f6_P6_Y0_UO718,FXX,1,56.70651392666542,0,0,0.0,0,0,0,-9999.0,0.5,1,P5_CV0,3,2,0,1,1
6,2545325.475,726552.0418,R6_F6_m6f6_P6_Y3_UO258,R6_F6_m6f6_P6_Y1_UO393,R6_F6_m6f6_P6_Y0_UO718,MXY,1,56.70651392666542,0,0,0.0,0,0,0,-9999.0,0.5,1,P5_CV0,3,1,1,1,1
6,2545325.475,726552.0418,R6_F6_m6f6_P6_Y3_UO259,R6_F6_m6f6_P6_Y1_UO393,R6_F6_m6f6_P6_Y0_UO718,MXY,1,56.70651392666542,0,0,0.0,0,0,0,-9999.0,0.5,1,P5_CV0,3,1,1,1,1
6,2545325.475,726552.0418,R6_F6_m6f6_P6_Y3_UO330,R6_F6_m6f6_P6_Y0_UO260,R6_F6_m6f6_P6_Y0_UO417,MXY,1,56.70651392666542,0,0,0.0,0,0,0,-9999.0,0.75,1,P5_CV0,3,1,1,1,1
6,2545325.475,726552.0418,R6_F6_m6f6_P6_Y3_UO331,R6_F6_m6f6_P6_Y0_UO260,R6_F6_m6f6_P6_Y0_UO417,MXY,1,56.70651392666542,0,0,0.0,0,0,0,-9999.0,0.75,1,P5_CV0,3,0,2,1,1
6,2545325.475,726552.0418,R6_F6_m6f6_P6_Y3_UO342,R6_F6_m6f6_P6_Y1_UO99,R6_F6_m6f6_P6_Y1_UO83,MXY,1,56.70651392666542,0,0,0.0,0,0,0,-9999.0,0.375,1,P5_CV0,3,1,1,2,0
6,2545325.475,726552.0418,R6_F6_m6f6_P6_Y3_UO345,R6_F6_m6f6_P6_Y1_UO418,R6_F6_m6f6_P6_Y0_UO522,MXY,1,56.70651392666542,0,0,0.0,0,0,0,-9999.0,0.5,1,P5_CV0,3,0,2,1,1
6,2545325.475,726552.0418,R6_F6_m6f6_P6_Y3_UO358,R6_F6_m6f6_P6_Y0_UO46,R6_F6_m6f6_P6_Y1_UO305,MXY,1,56.70651392666542,0,0,0.0,0,0,0,-9999.0,0.5,1,P5_CV0,3,1,1,2,0
6,2545325.475,726552.0418,R6_F6_m6f6_P6_Y3_UO359,R6_F6_m6f6_P6_Y0_UO46,R6_F6_m6f6_P6_Y1_UO305,FXX,1,56.70651392666542,0,0,0.0,0,0,0,-9999.0,0.5,1,P5_CV0,3,1,1,2,0
6,2545325.475,726552.0418,R6_F6_m6f6_P6_Y3_UO388,R6_F6_m6f6_P6_Y0_UO655,R6_F6_m6f6_P6_Y1_UO83,FXX,1,56.70651392666542,0,0,0.0,0,0,0,-9999.0,0.375,1,P5_CV0,3,2,0,1,1
6,2545325.475,726552.0418,R6_F6_m6f6_P6_Y3_UO389,R6_F6_m6f6_P6_Y0_UO655,R6_F6_m6f6_P6_Y1_UO83,FXX,1,56.70651392666542,0,0,0.0,0,0,0,-9999.0,0.375,1,P5_CV0,3,1,1,2,0
6,2545325.475,726552.0418,R6_F6_m6f6_P6_Y3_UO390,R6_F6_m6f6_P6_Y0_UO655,R6_F6_m6f6_P6_Y1_UO83,FXX,1,56.70651392666542,0,0,0.0,0,0,0,-9999.0,0.375,1,P5_CV0,3,2,0,1,1
6,2545325.475,726552.0418,R6_F6_m6f6_P6_Y3_UO412,R6_F6_m6f6_P6_Y0_UO655,R6_F6_m6f6_P6_Y0_UO662,FXX,1,56.70651392666542,0,0,0.0,0,0,0,-9999.0,0.625,1,P5_CV0,3,2,0,2,0
6,2545325.475,726552.0418,R6_F6_m6f6_P6_Y3_UO413,R6_F6_m6f6_P6_Y0_UO655,R6_F6_m6f6_P6_Y0_UO662,FXX,1,56.70651392666542,0,0,0.0,0,0,0,-9999.0,0.625,1,P5_CV0,3,2,0,2,0
6,2545325.475,726552.0418,R6_F6_m6f6_P6_Y3_UO414,R6_F6_m6f6_P6_Y1_UO1,R6_F6_m-1f-1_P6_Y-1_U51,MXY,1,56.70651392666542,0,0,0.0,0,0,0,-9999.0,0.25,1,P5_CV0,3,1,1,0,2
6,2545325.475,726552.0418,R6_F6_m6f6_P6_Y3_UO415,R6_F6_m6f6_P6_Y1_UO1,R6_F6_m-1f-1_P6_Y-1_U51,MXY,1,56.70651392666542,0,0,0.0,0,0,0,-9999.0,0.25,1,P5_CV0,3,0,2,0,2
6,2545325.475,726552.0418,R6_F6_m6f6_P6_Y3_UO416,R6_F6_m6f6_P6_Y1_UO1,R6_F6_m-1f-1_P6_Y-1_U51,MXY,1,56.70651392666542,0,0,0.0,0,0,0,-9999.0,0.25,1,P5_CV0,3,1,1,0,2
6,2545325.475,726552.0418,R6_F6_m6f6_P6_Y3_UO434,R6_F6_m6f6_P6_Y1_UO62,R6_F6_m-1f-1_P6_Y-1_U39,MXY,1,56.70651392666542,0,0,0.0,0,0,0,-9999.0,0.75,1,P5_CV0,3,1,1,1,1
6,2545325.475,726552.0418,R6_F6_m6f6_P6_Y3_UO452,R6_F6_m-1f-1_P6_Y-1_U40,R6_F6_m-1f-1_P6_Y-1_U102,MXY,1,56.70651392666542,0,0,0.0,0,0,0,-9999.0,0.5,1,P5_CV0,3,1,1,1,1
6,2545325.475,726552.0418,R6_F6_m6f6_P6_Y3_UO453,R6_F6_m-1f-1_P6_Y-1_U40,R6_F6_m-1f-1_P6_Y-1_U102,FXX,1,56.70651392666542,0,0,0.0,0,0,0,-9999.0,0.5,1,P5_CV0,3,2,0,2,0
6,2545325.475,726552.0418,R6_F6_m6f6_P6_Y3_UO454,R6_F6_m-1f-1_P6_Y-1_U40,R6_F6_m-1f-1_P6_Y-1_U102,FXX,1,56.70651392666542,0,0,0.0,0,0,0,-9999.0,0.5,1,P5_CV0,3,0,2,1,1
6,2545325.475,726552.0418,R6_F6_m6f6_P6_Y3_UO455,R6_F6_m-1f-1_P6_Y-1_U40,R6_F6_m-1f-1_P6_Y-1_U102,MXY,1,56.70651392666542,0,0,0.0,0,0,0,-9999.0,0.5,1,P5_CV0,3,2,0,1,1
6,2545325.475,726552.0418,R6_F6_m6f6_P6_Y3_UO456,R6_F6_m-1f-1_P6_Y-1_U40,R6_F6_m-1f-1_P6_Y-1_U102,MXY,1,56.70651392666542,0,0,0.0,0,0,0,-9999.0,0.5,1,P5_CV0,3,1,1,1,1
6,2545325.475,726552.0418,R6_F6_m6f6_P6_Y3_UO457,R6_F6_m-1f-1_P6_Y-1_U40,R6_F6_m-1f-1_P6_Y-1_U102,FXX,1,56.70651392666542,0,0,0.0,0,0,0,-9999.0,0.5,1,P5_CV0,3,1,1,2,0
6,2545325.475,726552.0418,R6_F6_m6f6_P6_Y3_UO458,R6_F6_m-1f-1_P6_Y-1_U40,R6_F6_m-1f-1_P6_Y-1_U102,FXX,1,56.70651392666542,0,0,0.0,0,0,0,-9999.0,0.5,1,P5_CV0,3,1,1,1,1
6,2545325.475,726552.0418,R6_F6_m6f6_P6_Y3_UO465,R6_F6_m6f6_P6_Y1_UO449,R6_F6_m-1f-1_P6_Y-1_U23,MXY,1,56.70651392666542,0,0,0.0,0,0,0,-9999.0,0.625,1,P5_CV0,3,1,1,1,1
6,2545325.475,726552.0418,R6_F6_m6f6_P6_Y3_UO466,R6_F6_m6f6_P6_Y1_UO449,R6_F6_m-1f-1_P6_Y-1_U23,MXY,1,56.70651392666542,0,0,0.0,0,0,0,-9999.0,0.625,1,P5_CV0,3,1,1,2,0
6,2545325.475,726552.0418,R6_F6_m6f6_P6_Y3_UO469,R6_F6_m6f6_P6_Y0_UO655,R6_F6_m-1f-1_P6_Y-1_U102,MXY,1,56.70651392666542,0,0,0.0,0,0,0,-9999.0,0.625,1,P5_CV0,3,1,1,2,0
6,2545325.475,726552.0418,R6_F6_m6f6_P6_Y3_UO470,R6_F6_m6f6_P6_Y0_UO655,R6_F6_m-1f-1_P6_Y-1_U102,MXY,1,56.70651392666542,0,0,0.0,0,0,0,-9999.0,0.625,1,P5_CV0,3,1,1,2,0
6,2545325.475,726552.0418,R6_F6_m6f6_P6_Y3_UO471,R6_F6_m6f6_P6_Y0_UO655,R6_F6_m-1f-1_P6_Y-1_U102,FXX,1,56.70651392666542,0,0,0.0,0,0,0,-9999.0,0.625,1,P5_CV0,3,2,0,2,0
6,2545325.475,726552.0418,R6_F6_m6f6_P6_Y3_UO505,R6_F6_m6f6_P6_Y0_UO29,R6_F6_m6f6_P6_Y1_UO217,MXY,1,56.70651392666542,0,0,0.0,0,0,0,-9999.0,0.5,1,P5_CV0,3,1,1,1,1
6,2545325.475,726552.0418,R6_F6_m6f6_P6_Y3_UO509,R6_F6_m6f6_P6_Y1_UO208,I6_F7_m-1f-1_P6_Y-1_U124,FXX,1,56.70651392666542,0,0,0.0,0,0,0,-9999.0,0.625,1,P5_CV0,3,1,1,0,2
6,2545325.475,726552.0418,R6_F6_m6f6_P6_Y3_UO510,R6_F6_m6f6_P6_Y1_UO172,RD6_F1_m-1f-1_P1_Y-1_U40,FXX,1,56.70651392666542,0,0,0.0,0,0,0,-9999.0,0.375,1,P5_CV0,3,2,0,1,1
6,2545325.475,726552.0418,R6_F6_m6f6_P6_Y2_UO356,R6_F6_m6f6_P6_Y0_UO111,R6_F6_m-1f-1_P6_Y-1_U23,FXX,2,86.75318198609115,1,0,1.146,0,0,0,-9999.0,0.625,1,P5_CV0,3,2,0,2,0
6,2545325.475,726552.0418,R6_F6_m6f6_P6_Y2_UO557,R6_F6_m-1f-1_P6_Y-1_U9,R6_F6_m6f6_P6_Y0_UO202,MXY,2,86.75318198609115,1,0,0.0,0,0,0,-9999.0,0.5,1,P5_CV0,3,1,1,1,1
6,2545325.475,726552.0418,R6_F6_m6f6_P6_Y2_UO354,R6_F6_m6f6_P6_Y0_UO111,R6_F6_m-1f-1_P6_Y-1_U23,FXX,2,86.75318198609115,1,0,0.0,0,0,0,-9999.0,0.625,1,P5_CV0,3,1,1,2,0
6,2545325.475,726552.0418,R6_F6_m6f6_P6_Y2_UO234,R6_F6_m-1f-1_P6_Y-1_U99,R6_F6_m-1f-1_P6_Y-1_U124,FXX,2,86.75318198609115,1,0,1.0,0,0,0,-9999.0,0.5,1,P5_CV0,3,0,2,2,0
6,2545325.475,726552.0418,R6_F6_m6f6_P6_Y2_UO572,I6_F7_m-1f-1_P6_Y-1_U100,R6_F6_m6f6_P6_Y0_UO662,FXX,2,86.75318198609115,1,0,0.0,0,0,0,-9999.0,0.5,1,P5_CV0,3,1,1,2,0
6,2545325.475,726552.0418,R6_F6_m6f6_P6_Y2_UO306,R6_F6_m-1f-1_P6_Y-1_U82,R6_F6_m-1f-1_P6_Y-1_U102,FXX,2,86.75318198609115,1,0,0.0,0,0,0,-9999.0,0.5,1,P5_CV0,3,1,1,1,1
6,2545325.475,726552.0418,R6_F6_m6f6_P6_Y2_UO77,R6_F6_m6f6_P6_Y0_UO246,R6_F6_m-1f-1_P6_Y-1_U39,FXX,2,86.75318198609115,1,0,0.0,0,0,0,-9999.0,0.5,1,P5_CV0,3,1,1,0,2
6,2545325.475,726552.0418,R6_F6_m6f6_P6_Y2_UO315,R6_F6_m-1f-1_P6_Y-1_U9,R6_F6_m6f6_P6_Y0_UO218,FXX,2,86.75318198609115,1,0,1.536,0,0,0,-9999.0,0.625,1,P5_CV0,3,0,2,1,1
6,2545325.475,726552.0418,R6_F6_m6f6_P6_Y2_UO441,R6_F6_m6f6_P6_Y0_UO111,R6_F6_m6f6_P6_Y0_UO662,MXY,2,86.75318198609115,1,0,0.0,0,0,0,-9999.0,0.625,1,P5_CV0,3,1,1,2,0
6,2545325.475,726552.0418,R6_F6_m6f6_P6_Y2_UO195,R6_F6_m-1f-1_P6_Y-1_U99,R6_F6_m6f6_P6_Y0_UO202,FXX,2,86.75318198609115,1,0,2.001,0,0,0,-9999.0,0.5,1,P5_CV0,3,2,0,1,1
6,2545325.475,726552.0418,R6_F6_m6f6_P6_Y2_UO553,R6_F6_m6f6_P6_Y0_UO655,R6_F6_m-1f-1_P6_Y-1_U51,MXY,2,86.75318198609115,1,0,0.0,0,0,0,-9999.0,0.375,1,P5_CV0,3,1,1,0,2
6,2545325.475,726552.0418,R6_F6_m6f6_P6_Y2_UO578,R6_F6_m6f6_P6_Y0_UO345,R6_F6_m6f6_P6_Y0_UO417,MXY,2,86.75318198609115,1,0,0.0,0,0,0,-9999.0,0.75,1,P5_CV0,3,1,1,1,1
6,2545325.475,726552.0418,R6_F6_m6f6_P6_Y2_UO72,R6_F6_m6f6_P6_Y0_UO246,R6_F6_m-1f-1_P6_Y-1_U39,MXY,2,86.75318198609115,1,0,0.0,0,0,0,-9999.0,0.5,1,P5_CV0,3,0,2,0,2
6,2545325.475,726552.0418,R6_F6_m6f6_P6_Y2_UO486,R6_F6_m6f6_P6_Y0_UO413,R6_F6_m-1f-1_P6_Y-1_U23,FXX,2,86.75318198609115,1,0,1.68,0,0,0,-9999.0,0.625,1,P5_CV0,3,1,1,1,1
6,2545325.475,726552.0418,R6_F6_m6f6_P6_Y2_UO221,R6_F6_m6f6_P6_Y0_UO413,R6_F6_m6f6_P6_Y0_UO294,MXY,2,86.75318198609115,1,0,0.0,0,0,0,-9999.0,0.625,1,P5_CV0,3,2,0,1,1
6,2545325.475,726552.0418,R6_F6_m6f6_P6_Y2_UO253,R6_F6_m-1f-1_P6_Y-1_U9,R6_F6_m-1f-1_P6_Y-1_U63,MXY,2,86.75318198609115,1,0,0.0,0,0,0,-9999.0,0.75,1,P5_CV0,3,2,0,0,2
6,2545325.475,726552.0418,R6_F6_m6f6_P6_Y2_UO554,R6_F6_m6f6_P6_Y0_UO655,R6_F6_m-1f-1_P6_Y-1_U51,FXX,2,86.75318198609115,1,0,0.0,0,0,0,-9999.0,0.375,1,P5_CV0,3,1,1,0,2
6,2545325.475,726552.0418,R6_F6_m6f6_P6_Y2_UO84,I6_F7_m-1f-1_P6_Y-1_U86,R6_F6_m6f6_P6_Y0_UO108,MXY,2,86.75318198609115,1,0,0.0,0,0,0,-9999.0,0.375,1,P5_CV0,3,1,1,1,1
6,2545325.475,726552.0418,R6_F6_m6f6_P6_Y2_UO383,R6_F6_m-1f-1_P6_Y-1_U40,R6_F6_m-1f-1_P6_Y-1_U87,FXX,2,86.75318198609115,1,0,1.0,0,0,0,-9999.0,0.5,1,P5_CV0,3,1,1,2,0
6,2545325.475,726552.0418,R6_F6_m6f6_P6_Y2_UO555,R6_F6_m6f6_P6_Y0_UO655,R6_F6_m-1f-1_P6_Y-1_U51,FXX,2,86.75318198609115,1,0,1.0,0,0,0,-9999.0,0.375,1,P5_CV0,3,1,1,0,2
6,2545325.475,726552.0418,R6_F6_m6f6_P6_Y2_UO577,R6_F6_m6f6_P6_Y0_UO345,R6_F6_m6f6_P6_Y0_UO417,MXY,2,86.75318198609115,1,0,0.0,0,0,0,-9999.0,0.75,1,P5_CV0,3,0,2,1,1
6,2545325.475,726552.0418,R6_F6_m6f6_P6_Y2_UO199,R6_F6_m-1f-1_P6_Y-1_U40,R6_F6_m6f6_P6_Y0_UO108,MXY,2,86.75318198609115,1,0,0.0,0,0,0,-9999.0,0.625,1,P5_CV0,3,2,0,1,1
6,2545325.475,726552.0418,R6_F6_m6f6_P6_Y2_UO567,R6_F6_m6f6_P6_Y0_UO413,R6_F6_m-1f-1_P6_Y-1_U26,FXX,2,86.75318198609115,1,0,1.0,0,0,0,-9999.0,0.875,1,P5_CV0,3,2,0,1,1
6,2545325.475,726552.0418,R6_F6_m6f6_P6_Y2_UO189,R6_F6_m-1f-1_P6_Y-1_U40,R6_F6_m6f6_P6_Y0_UO718,MXY,2,86.75318198609115,1,0,0.0,0,0,0,-9999.0,0.375,1,P5_CV0,3,0,2,1,1
6,2545325.475,726552.0418,R6_F6_m6f6_P6_Y2_UO231,R6_F6_m-1f-1_P6_Y-1_U99,R6_F6_m-1f-1_P6_Y-1_U124,MXY,2,86.75318198609115,1,0,0.0,0,0,0,-9999.0,0.5,1,P5_CV0,3,2,0,2,0
6,2545325.475,726552.0418,R6_F6_m6f6_P6_Y2_UO200,R6_F6_m-1f-1_P6_Y-1_U40,R6_F6_m6f6_P6_Y0_UO108,MXY,2,86.75318198609115,1,0,0.0,0,0,0,-9999.0,0.625,1,P5_CV0,3,1,1,2,0
6,2545325.475,726552.0418,R6_F6_m6f6_P6_Y2_UO219,R6_F6_m6f6_P6_Y0_UO413,R6_F6_m6f6_P6_Y0_UO294,FXX,2,86.75318198609115,1,0,1.0,0,0,0,-9999.0,0.625,1,P5_CV0,3,1,1,0,2
6,2545325.475,726552.0418,R6_F6_m6f6_P6_Y2_UO485,R6_F6_m6f6_P6_Y0_UO413,R6_F6_m-1f-1_P6_Y-1_U23,FXX,2,86.75318198609115,1,0,1.612,0,0,0,-9999.0,0.625,1,P5_CV0,3,0,2,1,1
6,2545325.475,726552.0418,R6_F6_m6f6_P6_Y2_UO254,R6_F6_m-1f-1_P6_Y-1_U9,R6_F6_m-1f-1_P6_Y-1_U63,FXX,2,86.75318198609115,1,0,1.784,0,0,0,-9999.0,0.75,1,P5_CV0,3,1,1,0,2
6,2545325.475,726552.0418,R6_F6_m6f6_P6_Y1_UO208,R6_F6_m-1f-1_P6_Y-1_U27,RD6_F6_m-1f-1_P6_Y-1_U57,FXX,3,105.46516445075123,1,0,1.747,0,0,0,-9999.0,0.75,1,P5_CV0,3,2,0,1,1
6,2545325.475,726552.0418,R6_F6_m6f6_P6_Y1_UO511,R6_F6_m-1f-1_P6_Y-1_U12,R6_F6_m-1f-1_P6_Y-1_U50,MXY,3,105.46516445075123,1,0,0.0,0,0,0,-9999.0,0.0,1,P5_CV0,3,1,1,1,1
6,2545325.475,726552.0418,R6_F6_m6f6_P6_Y1_UO357,R6_F6_m-1f-1_P6_Y-1_U29,R6_F6_m-1f-1_P6_Y-1_U63,FXX,3,105.46516445075123,1,0,0.0,0,0,0,-9999.0,1.0,1,P5_CV0,3,1,1,1,1
6,2545325.475,726552.0418,R6_F6_m6f6_P6_Y1_UO84,R6_F6_m-1f-1_P6_Y-1_U4,R6_F6_m-1f-1_P6_Y-1_U90,MXY,3,105.46516445075123,1,0,0.0,0,0,0,-9999.0,0.0,1,P5_CV0,3,1,1,2,0
6,2545325.475,726552.0418,R6_F6_m6f6_P6_Y1_UO80,R6_F6_m-1f-1_P6_Y-1_U34,R6_F6_m-1f-1_P6_Y-1_U101,FXX,3,105.46516445075123,1,0,2.54,0,0,0,-9999.0,0.25,1,P5_CV0,3,1,1,0,2
6,2545325.475,726552.0418,R6_F6_m6f6_P6_Y1_UO305,R6_F6_m-1f-1_P6_Y-1_U118,R6_F6_m-1f-1_P6_Y-1_U124,MXY,3,105.46516445075123,1,0,0.0,0,0,0,-9999.0,0.25,1,P5_CV0,3,2,0,2,0
6,2545325.475,726552.0418,R6_F6_m6f6_P6_Y1_UO99,R6_F6_m-1f-1_P6_Y-1_U27,R6_F6_m-1f-1_P6_Y-1_U22,FXX,3,105.46516445075123,1,0,1.0,0,0,0,-9999.0,0.75,1,P5_CV0,3,2,0,2,0
6,2545325.475,726552.0418,R6_F6_m6f6_P6_Y1_UO217,R6_F6_m-1f-1_P6_Y-1_U84,I6_F7_m-1f-1_P6_Y-1_U92,MXY,3,105.46516445075123,1,0,0.0,0,0,0,-9999.0,0.75,1,P5_CV0,3,1,1,1,1
6,2545325.475,726552.0418,R6_F6_m6f6_P6_Y1_UO98,R6_F6_m-1f-1_P6_Y-1_U27,R6_F6_m-1f-1_P6_Y-1_U22,MXY,3,105.46516445075123,1,0,0.0,0,0,0,-9999.0,0.75,1,P5_CV0,3,0,2,1,1
6,2545325.475,726552.0418,R6_F6_m6f6_P6_Y1_UO0,R6_F6_m-1f-1_P6_Y-1_U88,R6_F6_m-1f-1_P6_Y-1_U59,MXY,3,105.46516445075123,1,0,0.0,0,0,0,-9999.0,0.5,1,P5_CV0,3,1,1,2,0
6,2545325.475,726552.0418,R6_F6_m6f6_P6_Y1_UO177,R6_F6_m-1f-1_P6_Y-1_U125,I6_F7_m-1f-1_P6_Y-1_U51,MXY,3,105.46516445075123,1,0,0.0,0,0,0,-9999.0,0.0,1,P5_CV0,3,0,2,1,1
6,2545325.475,726552.0418,R6_F6_m6f6_P6_Y1_UO276,R6_F6_m-1f-1_P6_Y-1_U35,R6_F6_m-1f-1_P6_Y-1_U83,MXY,3,105.46516445075123,1,0,0.0,0,0,0,-9999.0,0.75,1,P5_CV0,3,1,1,1,1
6,2545325.475,726552.0418,R6_F6_m6f6_P6_Y1_UO549,R6_F6_m-1f-1_P6_Y-1_U12,R6_F6_m-1f-1_P6_Y-1_U124,FXX,3,105.46516445075123,1,0,2.133,0,0,0,-9999.0,0.25,1,P5_CV0,3,1,1,0,2
6,2545325.475,726552.0418,R6_F6_m6f6_P6_Y1_UO362,R6_F6_m-1f-1_P6_Y-1_U86,R6_F6_m-1f-1_P6_Y-1_U60,MXY,3,105.46516445075123,1,0,0.0,0,0,0,-9999.0,0.0,1,P5_CV0,3,0,2,1,1
6,2545325.475,726552.0418,R6_F6_m6f6_P6_Y1_UO119,R6_F6_m-1f-1_P6_Y-1_U110,I6_F7_m-1f-1_P6_Y-1_U51,MXY,3,105.46516445075123,1,0,0.0,0,0,0,-9999.0,0.5,1,P5_CV0,3,1,1,2,0
6,2545325.475,726552.0418,R6_F6_m6f6_P6_Y1_UO107,R6_F6_m-1f-1_P6_Y-1_U88,R6_F6_m-1f-1_P6_Y-1_U26,MXY,3,105.46516445075123,1,0,0.0,0,0,0,-9999.0,0.75,1,P5_CV0,3,1,1,1,1
6,2545325.475,726552.0418,ID6_F7_m6f6_P6_Y1_UO450,R6_F6_m-1f-1_P6_Y-1_U110,R6_F6_m-1f-1_P6_Y-1_U17,FXX,3,105.4542257649385,1,0,1.0,0,0,0,-9999.0,0.75,1,P5_CV0,3,1,1,0,2
6,2545325.475,726552.0418,R6_F6_m6f6_P6_Y0_UO459,R6_F6_m-1f-1_P6_Y-1_U49,R6_F6_m-1f-1_P6_Y-1_U90,FXX,4,124.23445036574198,1,0,0.0,0,0,0,-9999.0,0.25,1,P5_CV0,3,1,1,1,1
6,2545325.475,726552.0418,R6_F6_m6f6_P6_Y0_UO294,R6_F6_m-1f-1_P6_Y-1_U89,R6_F6_m-1f-1_P6_Y-1_U122,MXY,4,124.23445036574198,1,0,0.0,0,0,0,-9999.0,0.5,1,P5_CV0,3,1,1,1,1
6,2545325.475,726552.0418,R6_F6_m6f6_P6_Y0_UO108,R6_F6_m-1f-1_P6_Y-1_U33,R6_F6_m-1f-1_P6_Y-1_U105,MXY,4,124.23445036574198,1,0,0.0,0,0,0,-9999.0,0.75,1,P5_CV0,3,1,1,1,1
6,2545325.475,726552.0418,R6_F6_m6f6_P6_Y0_UO616,R6_F6_m-1f-1_P6_Y-1_U32,R6_F6_m-1f-1_P6_Y-1_U55,FXX,4,124.23445036574198,1,0,0.0,0,0,0,-9999.0,0.25,1,P5_CV0,3,1,1,2,0
6,2545325.475,726552.0418,R6_F6_m6f6_P6_Y0_UO374,R6_F6_m-1f-1_P6_Y-1_U58,R6_F6_m-1f-1_P6_Y-1_U122,FXX,4,124.23445036574198,1,0,1.851,0,0,0,-9999.0,0.75,1,P5_CV0,3,1,1,1,1
6,2545325.475,726552.0418,R6_F6_m6f6_P6_Y0_UO522,R6_F6_m-1f-1_P6_Y-1_U84,R6_F6_m-1f-1_P6_Y-1_U77,MXY,4,124.23445036574198,1,0,0.0,0,0,0,-9999.0,0.5,1,P5_CV0,3,0,2,0,2
6,2545325.475,726552.0418,I6_F7_m6f6_P6_Y0_UO655,R6_F6_m-1f-1_P6_Y-1_U78,R6_F6_m-1f-1_P6_Y-1_U59,FXX,4,124.22544542344743,1,0,0.0,0,0,0,-9999.0,0.75,1,P5_CV0,3,2,0,1,1
6,2545325.475,726552.0418,R6_F6_m-1f-1_P6_Y-1_U39,-9999,-9999,MXY,5,135.217339346311,1,0,0.0,0,0,0,-9999.0,0.5,1,P5_CV0,3,1,1,0,2
6,2545325.475,726552.0418,R6_F6_m-1f-1_P6_Y-1_U126,-9999,-9999,MXY,5,135.217339346311,1,0,0.0,0,0,0,-9999.0,0.0,1,P5_CV0,3,0,2,1,1
