Rep	Year	RepSeason	x	y	Species	NInd
0	0	0	90	70	0	5
0	1	0	90	70	0	10
0	2	0	90	70	0	18
0	3	0	90	70	0	15
0	4	0	91	71	0	1
0	4	0	90	70	0	14
0	5	0	91	71	0	0
0	5	0	90	70	0	12
0	6	0	91	71	0	0
0	6	0	90	70	0	6
0	7	0	91	71	0	0
0	7	0	90	70	0	4
0	8	0	91	71	0	0
0	8	0	90	70	0	2
0	9	0	91	71	0	0
0	9	0	90	70	0	2
0	10	0	91	71	0	0
0	10	0	90	70	0	3
0	11	0	91	71	0	0
0	11	0	90	70	0	2
0	12	0	91	71	0	0
0	12	0	90	70	0	1
0	13	0	91	71	0	0
0	13	0	90	70	0	2
0	14	0	91	71	0	0
0	14	0	90	70	0	3
0	15	0	90	71	0	1
0	15	0	91	71	0	0
0	15	0	89	70	0	1
0	15	0	90	70	0	3
0	16	0	90	71	0	1
0	16	0	91	71	0	0
0	16	0	89	70	0	2
0	16	0	90	70	0	3
0	17	0	90	71	0	0
0	17	0	91	71	0	0
0	17	0	89	70	0	5
0	17	0	90	70	0	1
0	17	0	91	69	0	1
0	18	0	90	71	0	0
0	18	0	91	71	0	0
0	18	0	89	70	0	7
0	18	0	90	70	0	0
0	18	0	91	69	0	1
0	19	0	90	71	0	0
0	19	0	91	71	0	0
0	19	0	89	70	0	8
0	19	0	90	70	0	1
0	19	0	88	69	0	1
0	19	0	91	69	0	1
0	20	0	90	71	0	0
0	20	0	91	71	0	0
0	20	0	89	70	0	7
0	20	0	90	70	0	1
0	20	0	88	69	0	1
0	20	0	91	69	0	5
0	21	0	90	71	0	0
0	21	0	91	71	0	0
0	21	0	93	71	0	2
0	21	0	89	70	0	12
0	21	0	90	70	0	2
0	21	0	88	69	0	2
0	21	0	91	69	0	5
0	22	0	90	71	0	0
0	22	0	91	71	0	0
0	22	0	93	71	0	5
0	22	0	89	70	0	6
0	22	0	90	70	0	4
0	22	0	88	69	0	4
0	22	0	91	69	0	5
0	23	0	90	71	0	0
0	23	0	91	71	0	0
0	23	0	93	71	0	7
0	23	0	89	70	0	2
0	23	0	90	70	0	4
0	23	0	88	69	0	2
0	23	0	91	69	0	7
0	23	0	90	68	0	1
0	23	0	91	68	0	1
0	23	0	90	62	0	1
0	24	0	90	71	0	1
0	24	0	91	71	0	0
0	24	0	93	71	0	3
0	24	0	89	70	0	3
0	24	0	90	70	0	6
0	24	0	88	69	0	3
0	24	0	91	69	0	8
0	24	0	90	68	0	1
0	24	0	91	68	0	2
0	24	0	90	62	0	2
0	25	0	90	71	0	1
0	25	0	91	71	0	0
0	25	0	93	71	0	2
0	25	0	89	70	0	5
0	25	0	90	70	0	8
0	25	0	88	69	0	2
0	25	0	91	69	0	3
0	25	0	90	68	0	1
0	25	0	91	68	0	3
0	25	0	93	68	0	1
0	25	0	90	62	0	1
0	25	0	91	61	0	1
0	26	0	90	71	0	1
0	26	0	91	71	0	0
0	26	0	93	71	0	0
0	26	0	89	70	0	8
0	26	0	90	70	0	5
0	26	0	88	69	0	3
0	26	0	91	69	0	4
0	26	0	90	68	0	2
0	26	0	91	68	0	3
0	26	0	93	68	0	0
0	26	0	90	62	0	3
0	26	0	91	61	0	0
0	27	0	90	71	0	2
0	27	0	91	71	0	0
0	27	0	93	71	0	0
0	27	0	89	70	0	8
0	27	0	90	70	0	0
0	27	0	92	70	0	1
0	27	0	88	69	0	3
0	27	0	91	69	0	9
0	27	0	90	68	0	3
0	27	0	91	68	0	2
0	27	0	93	68	0	0
0	27	0	90	62	0	5
0	27	0	91	61	0	0
0	28	0	90	71	0	4
0	28	0	91	71	0	0
0	28	0	93	71	0	0
0	28	0	89	70	0	16
0	28	0	90	70	0	0
0	28	0	92	70	0	1
0	28	0	88	69	0	4
0	28	0	89	69	0	1
0	28	0	91	69	0	10
0	28	0	90	68	0	10
0	28	0	91	68	0	1
0	28	0	93	68	0	0
0	28	0	89	65	0	1
0	28	0	90	62	0	6
0	28	0	91	61	0	0
0	29	0	90	71	0	4
0	29	0	91	71	0	0
0	29	0	93	71	0	0
0	29	0	89	70	0	11
0	29	0	90	70	0	0
0	29	0	92	70	0	1
0	29	0	88	69	0	7
0	29	0	89	69	0	0
0	29	0	91	69	0	10
0	29	0	90	68	0	6
0	29	0	91	68	0	4
0	29	0	93	68	0	0
0	29	0	89	67	0	1
0	29	0	97	66	0	1
0	29	0	89	65	0	2
0	29	0	90	62	0	5
0	29	0	91	61	0	0
0	30	0	90	71	0	4
0	30	0	91	71	0	0
0	30	0	93	71	0	0
0	30	0	89	70	0	9
0	30	0	90	70	0	0
0	30	0	92	70	0	3
0	30	0	88	69	0	8
0	30	0	89	69	0	0
0	30	0	91	69	0	10
0	30	0	90	68	0	5
0	30	0	91	68	0	6
0	30	0	93	68	0	0
0	30	0	89	67	0	1
0	30	0	97	66	0	1
0	30	0	89	65	0	6
0	30	0	93	65	0	1
0	30	0	90	62	0	2
0	30	0	91	61	0	0
0	31	0	90	71	0	0
0	31	0	91	71	0	1
0	31	0	93	71	0	0
0	31	0	89	70	0	5
0	31	0	90	70	0	0
0	31	0	92	70	0	6
0	31	0	88	69	0	10
0	31	0	89	69	0	1
0	31	0	91	69	0	5
0	31	0	90	68	0	8
0	31	0	91	68	0	5
0	31	0	93	68	0	0
0	31	0	89	67	0	2
0	31	0	97	66	0	2
0	31	0	89	65	0	5
0	31	0	93	65	0	0
0	31	0	90	62	0	0
0	31	0	91	61	0	0
0	32	0	90	71	0	0
0	32	0	91	71	0	1
0	32	0	93	71	0	0
0	32	0	89	70	0	4
0	32	0	90	70	0	0
0	32	0	92	70	0	3
0	32	0	88	69	0	9
0	32	0	89	69	0	3
0	32	0	91	69	0	7
0	32	0	89	68	0	1
0	32	0	90	68	0	5
0	32	0	91	68	0	4
0	32	0	93	68	0	0
0	32	0	89	67	0	1
0	32	0	91	67	0	1
0	32	0	89	66	0	1
0	32	0	97	66	0	2
0	32	0	89	65	0	6
0	32	0	90	65	0	1
0	32	0	93	65	0	0
0	32	0	90	62	0	0
0	32	0	91	61	0	0
0	33	0	90	71	0	0
0	33	0	91	71	0	0
0	33	0	93	71	0	0
0	33	0	89	70	0	4
0	33	0	90	70	0	0
0	33	0	92	70	0	4
0	33	0	88	69	0	11
0	33	0	89	69	0	4
0	33	0	91	69	0	6
0	33	0	89	68	0	0
0	33	0	90	68	0	2
0	33	0	91	68	0	7
0	33	0	93	68	0	0
0	33	0	89	67	0	1
0	33	0	91	67	0	1
0	33	0	97	67	0	1
0	33	0	89	66	0	3
0	33	0	97	66	0	1
0	33	0	89	65	0	4
0	33	0	90	65	0	0
0	33	0	93	65	0	0
0	33	0	97	64	0	1
0	33	0	90	62	0	0
0	33	0	91	61	0	0
0	34	0	90	71	0	2
0	34	0	91	71	0	0
0	34	0	93	71	0	0
0	34	0	89	70	0	2
0	34	0	90	70	0	0
0	34	0	92	70	0	4
0	34	0	88	69	0	14
0	34	0	89	69	0	7
0	34	0	91	69	0	6
0	34	0	89	68	0	0
0	34	0	90	68	0	2
0	34	0	91	68	0	7
0	34	0	92	68	0	1
0	34	0	93	68	0	0
0	34	0	89	67	0	2
0	34	0	91	67	0	1
0	34	0	97	67	0	3
0	34	0	89	66	0	7
0	34	0	97	66	0	0
0	34	0	89	65	0	4
0	34	0	90	65	0	0
0	34	0	93	65	0	0
0	34	0	97	64	0	1
0	34	0	90	62	0	0
0	34	0	91	61	0	0
0	35	0	90	71	0	2
0	35	0	91	71	0	0
0	35	0	93	71	0	0
0	35	0	89	70	0	4
0	35	0	90	70	0	0
0	35	0	92	70	0	3
0	35	0	88	69	0	11
0	35	0	89	69	0	6
0	35	0	91	69	0	3
0	35	0	89	68	0	0
0	35	0	90	68	0	3
0	35	0	91	68	0	5
0	35	0	92	68	0	2
0	35	0	93	68	0	0
0	35	0	89	67	0	0
0	35	0	90	67	0	1
0	35	0	91	67	0	1
0	35	0	97	67	0	3
0	35	0	87	66	0	1
0	35	0	88	66	0	1
0	35	0	89	66	0	9
0	35	0	97	66	0	0
0	35	0	89	65	0	2
0	35	0	90	65	0	0
0	35	0	93	65	0	0
0	35	0	95	64	0	1
0	35	0	97	64	0	1
0	35	0	90	62	0	0
0	35	0	91	61	0	0
0	36	0	90	71	0	5
0	36	0	91	71	0	0
0	36	0	93	71	0	0
0	36	0	89	70	0	7
0	36	0	90	70	0	0
0	36	0	91	70	0	1
0	36	0	92	70	0	7
0	36	0	88	69	0	17
0	36	0	89	69	0	7
0	36	0	91	69	0	3
0	36	0	97	69	0	1
0	36	0	89	68	0	0
0	36	0	90	68	0	4
0	36	0	91	68	0	2
0	36	0	92	68	0	3
0	36	0	93	68	0	0
0	36	0	89	67	0	0
0	36	0	90	67	0	2
0	36	0	91	67	0	1
0	36	0	92	67	0	1
0	36	0	97	67	0	3
0	36	0	87	66	0	0
0	36	0	88	66	0	2
0	36	0	89	66	0	12
0	36	0	97	66	0	0
0	36	0	89	65	0	7
0	36	0	90	65	0	0
0	36	0	93	65	0	0
0	36	0	95	64	0	2
0	36	0	97	64	0	1
0	36	0	88	63	0	1
0	36	0	90	62	0	0
0	36	0	91	61	0	0
0	37	0	90	71	0	13
0	37	0	91	71	0	0
0	37	0	92	71	0	1
0	37	0	93	71	0	0
0	37	0	89	70	0	6
0	37	0	90	70	0	0
0	37	0	91	70	0	0
0	37	0	92	70	0	11
0	37	0	88	69	0	14
0	37	0	89	69	0	15
0	37	0	91	69	0	2
0	37	0	97	69	0	1
0	37	0	89	68	0	0
0	37	0	90	68	0	7
0	37	0	91	68	0	3
0	37	0	92	68	0	4
0	37	0	93	68	0	0
0	37	0	89	67	0	1
0	37	0	90	67	0	4
0	37	0	91	67	0	0
0	37	0	92	67	0	0
0	37	0	97	67	0	3
0	37	0	87	66	0	0
0	37	0	88	66	0	2
0	37	0	89	66	0	8
0	37	0	97	66	0	0
0	37	0	89	65	0	10
0	37	0	90	65	0	0
0	37	0	93	65	0	0
0	37	0	89	64	0	2
0	37	0	95	64	0	5
0	37	0	97	64	0	0
0	37	0	88	63	0	2
0	37	0	90	62	0	0
0	37	0	91	61	0	0
0	38	0	90	71	0	5
0	38	0	91	71	0	1
0	38	0	92	71	0	1
0	38	0	93	71	0	0
0	38	0	89	70	0	8
0	38	0	90	70	0	0
0	38	0	91	70	0	0
0	38	0	92	70	0	8
0	38	0	87	69	0	1
0	38	0	88	69	0	9
0	38	0	89	69	0	6
0	38	0	91	69	0	2
0	38	0	97	69	0	1
0	38	0	89	68	0	0
0	38	0	90	68	0	6
0	38	0	91	68	0	2
0	38	0	92	68	0	4
0	38	0	93	68	0	1
0	38	0	89	67	0	0
0	38	0	90	67	0	5
0	38	0	91	67	0	0
0	38	0	92	67	0	1
0	38	0	97	67	0	4
0	38	0	87	66	0	0
0	38	0	88	66	0	5
0	38	0	89	66	0	6
0	38	0	97	66	0	0
0	38	0	89	65	0	6
0	38	0	90	65	0	1
0	38	0	93	65	0	0
0	38	0	89	64	0	3
0	38	0	95	64	0	7
0	38	0	97	64	0	0
0	38	0	88	63	0	1
0	38	0	90	62	0	0
0	38	0	91	61	0	0
0	39	0	90	71	0	3
0	39	0	91	71	0	2
0	39	0	92	71	0	0
0	39	0	93	71	0	1
0	39	0	89	70	0	8
0	39	0	90	70	0	0
0	39	0	91	70	0	1
0	39	0	92	70	0	10
0	39	0	87	69	0	1
0	39	0	88	69	0	8
0	39	0	89	69	0	6
0	39	0	91	69	0	2
0	39	0	93	69	0	1
0	39	0	97	69	0	1
0	39	0	89	68	0	0
0	39	0	90	68	0	12
0	39	0	91	68	0	3
0	39	0	92	68	0	5
0	39	0	93	68	0	1
0	39	0	89	67	0	1
0	39	0	90	67	0	7
0	39	0	91	67	0	0
0	39	0	92	67	0	0
0	39	0	97	67	0	7
0	39	0	87	66	0	0
0	39	0	88	66	0	5
0	39	0	89	66	0	8
0	39	0	97	66	0	0
0	39	0	88	65	0	1
0	39	0	89	65	0	4
0	39	0	90	65	0	2
0	39	0	93	65	0	0
0	39	0	89	64	0	4
0	39	0	95	64	0	5
0	39	0	97	64	0	0
0	39	0	88	63	0	1
0	39	0	90	62	0	0
0	39	0	91	61	0	0
0	40	0	90	71	0	7
0	40	0	91	71	0	2
0	40	0	92	71	0	0
0	40	0	93	71	0	2
0	40	0	89	70	0	10
0	40	0	90	70	0	1
0	40	0	91	70	0	2
0	40	0	92	70	0	10
0	40	0	87	69	0	2
0	40	0	88	69	0	12
0	40	0	89	69	0	4
0	40	0	91	69	0	2
0	40	0	93	69	0	2
0	40	0	97	69	0	1
0	40	0	89	68	0	0
0	40	0	90	68	0	12
0	40	0	91	68	0	1
0	40	0	92	68	0	5
0	40	0	93	68	0	2
0	40	0	89	67	0	1
0	40	0	90	67	0	9
0	40	0	91	67	0	0
0	40	0	92	67	0	1
0	40	0	97	67	0	9
0	40	0	87	66	0	1
0	40	0	88	66	0	10
0	40	0	89	66	0	7
0	40	0	91	66	0	1
0	40	0	97	66	0	0
0	40	0	88	65	0	3
0	40	0	89	65	0	3
0	40	0	90	65	0	2
0	40	0	93	65	0	0
0	40	0	89	64	0	7
0	40	0	95	64	0	4
0	40	0	97	64	0	0
0	40	0	87	63	0	1
0	40	0	88	63	0	1
0	40	0	89	63	0	1
0	40	0	90	62	0	0
0	40	0	91	61	0	0
0	41	0	90	71	0	4
0	41	0	91	71	0	1
0	41	0	92	71	0	1
0	41	0	93	71	0	3
0	41	0	89	70	0	3
0	41	0	90	70	0	1
0	41	0	91	70	0	1
0	41	0	92	70	0	10
0	41	0	87	69	0	2
0	41	0	88	69	0	3
0	41	0	89	69	0	2
0	41	0	91	69	0	4
0	41	0	93	69	0	4
0	41	0	97	69	0	1
0	41	0	89	68	0	1
0	41	0	90	68	0	14
0	41	0	91	68	0	0
0	41	0	92	68	0	5
0	41	0	93	68	0	4
0	41	0	94	68	0	1
0	41	0	96	68	0	1
0	41	0	89	67	0	1
0	41	0	90	67	0	5
0	41	0	91	67	0	0
0	41	0	92	67	0	1
0	41	0	97	67	0	5
0	41	0	87	66	0	1
0	41	0	88	66	0	10
0	41	0	89	66	0	3
0	41	0	91	66	0	1
0	41	0	92	66	0	1
0	41	0	97	66	0	0
0	41	0	88	65	0	0
0	41	0	89	65	0	3
0	41	0	90	65	0	0
0	41	0	93	65	0	0
0	41	0	95	65	0	1
0	41	0	89	64	0	6
0	41	0	92	64	0	1
0	41	0	95	64	0	5
0	41	0	97	64	0	0
0	41	0	87	63	0	2
0	41	0	88	63	0	2
0	41	0	89	63	0	2
0	41	0	90	62	0	0
0	41	0	91	61	0	0
0	42	0	90	71	0	1
0	42	0	91	71	0	1
0	42	0	92	71	0	2
0	42	0	93	71	0	1
0	42	0	89	70	0	1
0	42	0	90	70	0	1
0	42	0	91	70	0	1
0	42	0	92	70	0	10
0	42	0	96	70	0	1
0	42	0	87	69	0	0
0	42	0	88	69	0	5
0	42	0	89	69	0	2
0	42	0	91	69	0	6
0	42	0	93	69	0	3
0	42	0	97	69	0	0
0	42	0	89	68	0	2
0	42	0	90	68	0	9
0	42	0	91	68	0	0
0	42	0	92	68	0	4
0	42	0	93	68	0	7
0	42	0	94	68	0	1
0	42	0	96	68	0	0
0	42	0	97	68	0	1
0	42	0	89	67	0	0
0	42	0	90	67	0	9
0	42	0	91	67	0	0
0	42	0	92	67	0	1
0	42	0	97	67	0	7
0	42	0	87	66	0	0
0	42	0	88	66	0	5
0	42	0	89	66	0	4
0	42	0	90	66	0	1
0	42	0	91	66	0	0
0	42	0	92	66	0	1
0	42	0	97	66	0	0
0	42	0	88	65	0	0
0	42	0	89	65	0	3
0	42	0	90	65	0	0
0	42	0	93	65	0	0
0	42	0	95	65	0	1
0	42	0	89	64	0	8
0	42	0	92	64	0	1
0	42	0	95	64	0	5
0	42	0	97	64	0	0
0	42	0	87	63	0	1
0	42	0	88	63	0	1
0	42	0	89	63	0	2
0	42	0	90	62	0	0
0	42	0	91	61	0	0
0	42	0	93	61	0	1
0	43	0	90	71	0	1
0	43	0	91	71	0	2
0	43	0	92	71	0	3
0	43	0	93	71	0	0
0	43	0	97	71	0	1
0	43	0	89	70	0	0
0	43	0	90	70	0	1
0	43	0	91	70	0	1
0	43	0	92	70	0	12
0	43	0	96	70	0	1
0	43	0	87	69	0	0
0	43	0	88	69	0	8
0	43	0	89	69	0	3
0	43	0	91	69	0	10
0	43	0	93	69	0	6
0	43	0	97	69	0	0
0	43	0	89	68	0	5
0	43	0	90	68	0	12
0	43	0	91	68	0	0
0	43	0	92	68	0	4
0	43	0	93	68	0	10
0	43	0	94	68	0	3
0	43	0	96	68	0	0
0	43	0	97	68	0	0
0	43	0	89	67	0	0
0	43	0	90	67	0	11
0	43	0	91	67	0	0
0	43	0	92	67	0	3
0	43	0	97	67	0	2
0	43	0	87	66	0	1
0	43	0	88	66	0	9
0	43	0	89	66	0	5
0	43	0	90	66	0	0
0	43	0	91	66	0	0
0	43	0	92	66	0	1
0	43	0	97	66	0	0
0	43	0	88	65	0	0
0	43	0	89	65	0	6
0	43	0	90	65	0	1
0	43	0	93	65	0	1
0	43	0	95	65	0	3
0	43	0	89	64	0	3
0	43	0	92	64	0	3
0	43	0	95	64	0	8
0	43	0	97	64	0	0
0	43	0	87	63	0	1
0	43	0	88	63	0	1
0	43	0	89	63	0	9
0	43	0	90	62	0	0
0	43	0	91	61	0	0
0	43	0	93	61	0	1
0	44	0	90	71	0	0
0	44	0	91	71	0	1
0	44	0	92	71	0	4
0	44	0	93	71	0	0
0	44	0	97	71	0	0
0	44	0	89	70	0	0
0	44	0	90	70	0	4
0	44	0	91	70	0	2
0	44	0	92	70	0	14
0	44	0	96	70	0	1
0	44	0	87	69	0	0
0	44	0	88	69	0	7
0	44	0	89	69	0	3
0	44	0	91	69	0	4
0	44	0	93	69	0	11
0	44	0	97	69	0	0
0	44	0	89	68	0	6
0	44	0	90	68	0	13
0	44	0	91	68	0	0
0	44	0	92	68	0	6
0	44	0	93	68	0	7
0	44	0	94	68	0	4
0	44	0	96	68	0	0
0	44	0	97	68	0	0
0	44	0	89	67	0	0
0	44	0	90	67	0	10
0	44	0	91	67	0	0
0	44	0	92	67	0	4
0	44	0	95	67	0	1
0	44	0	97	67	0	2
0	44	0	87	66	0	0
0	44	0	88	66	0	13
0	44	0	89	66	0	7
0	44	0	90	66	0	0
0	44	0	91	66	0	0
0	44	0	92	66	0	1
0	44	0	95	66	0	1
0	44	0	97	66	0	0
0	44	0	88	65	0	1
0	44	0	89	65	0	6
0	44	0	90	65	0	3
0	44	0	93	65	0	2
0	44	0	95	65	0	4
0	44	0	89	64	0	5
0	44	0	92	64	0	2
0	44	0	95	64	0	8
0	44	0	97	64	0	1
0	44	0	87	63	0	1
0	44	0	88	63	0	1
0	44	0	89	63	0	14
0	44	0	96	63	0	1
0	44	0	90	62	0	1
0	44	0	95	62	0	1
0	44	0	91	61	0	0
0	44	0	93	61	0	2
0	45	0	90	71	0	1
0	45	0	91	71	0	5
0	45	0	92	71	0	4
0	45	0	93	71	0	0
0	45	0	97	71	0	0
0	45	0	89	70	0	0
0	45	0	90	70	0	4
0	45	0	91	70	0	2
0	45	0	92	70	0	11
0	45	0	96	70	0	1
0	45	0	87	69	0	0
0	45	0	88	69	0	7
0	45	0	89	69	0	5
0	45	0	91	69	0	6
0	45	0	93	69	0	7
0	45	0	97	69	0	0
0	45	0	89	68	0	6
0	45	0	90	68	0	17
0	45	0	91	68	0	0
0	45	0	92	68	0	2
0	45	0	93	68	0	5
0	45	0	94	68	0	4
0	45	0	96	68	0	0
0	45	0	97	68	0	0
0	45	0	89	67	0	0
0	45	0	90	67	0	10
0	45	0	91	67	0	0
0	45	0	92	67	0	6
0	45	0	95	67	0	1
0	45	0	97	67	0	3
0	45	0	87	66	0	0
0	45	0	88	66	0	7
0	45	0	89	66	0	7
0	45	0	90	66	0	1
0	45	0	91	66	0	0
0	45	0	92	66	0	3
0	45	0	95	66	0	3
0	45	0	96	66	0	1
0	45	0	97	66	0	0
0	45	0	88	65	0	2
0	45	0	89	65	0	9
0	45	0	90	65	0	3
0	45	0	93	65	0	3
0	45	0	95	65	0	6
0	45	0	89	64	0	1
0	45	0	90	64	0	1
0	45	0	92	64	0	4
0	45	0	95	64	0	5
0	45	0	97	64	0	1
0	45	0	87	63	0	1
0	45	0	88	63	0	2
0	45	0	89	63	0	9
0	45	0	96	63	0	1
0	45	0	90	62	0	1
0	45	0	92	62	0	1
0	45	0	95	62	0	2
0	45	0	91	61	0	0
0	45	0	93	61	0	0
0	45	0	91	59	0	1
0	46	0	90	71	0	0
0	46	0	91	71	0	5
0	46	0	92	71	0	6
0	46	0	93	71	0	0
0	46	0	97	71	0	0
0	46	0	89	70	0	0
0	46	0	90	70	0	2
0	46	0	91	70	0	2
0	46	0	92	70	0	10
0	46	0	96	70	0	0
0	46	0	87	69	0	0
0	46	0	88	69	0	1
0	46	0	89	69	0	5
0	46	0	91	69	0	11
0	46	0	92	69	0	1
0	46	0	93	69	0	7
0	46	0	95	69	0	1
0	46	0	97	69	0	0
0	46	0	89	68	0	4
0	46	0	90	68	0	15
0	46	0	91	68	0	0
0	46	0	92	68	0	4
0	46	0	93	68	0	6
0	46	0	94	68	0	3
0	46	0	96	68	0	0
0	46	0	97	68	0	0
0	46	0	88	67	0	1
0	46	0	89	67	0	0
0	46	0	90	67	0	7
0	46	0	91	67	0	0
0	46	0	92	67	0	7
0	46	0	95	67	0	2
0	46	0	97	67	0	3
0	46	0	87	66	0	1
0	46	0	88	66	0	9
0	46	0	89	66	0	10
0	46	0	90	66	0	1
0	46	0	91	66	0	0
0	46	0	92	66	0	4
0	46	0	94	66	0	1
0	46	0	95	66	0	3
0	46	0	96	66	0	4
0	46	0	97	66	0	0
0	46	0	88	65	0	4
0	46	0	89	65	0	11
0	46	0	90	65	0	4
0	46	0	93	65	0	2
0	46	0	95	65	0	10
0	46	0	89	64	0	3
0	46	0	90	64	0	2
0	46	0	92	64	0	8
0	46	0	95	64	0	4
0	46	0	97	64	0	2
0	46	0	87	63	0	2
0	46	0	88	63	0	3
0	46	0	89	63	0	6
0	46	0	96	63	0	0
0	46	0	99	63	0	1
0	46	0	90	62	0	5
0	46	0	92	62	0	2
0	46	0	94	62	0	1
0	46	0	95	62	0	0
0	46	0	96	62	0	2
0	46	0	91	61	0	0
0	46	0	93	61	0	0
0	46	0	91	59	0	0
0	47	0	90	71	0	0
0	47	0	91	71	0	4
0	47	0	92	71	0	8
0	47	0	93	71	0	0
0	47	0	97	71	0	0
0	47	0	89	70	0	0
0	47	0	90	70	0	3
0	47	0	91	70	0	3
0	47	0	92	70	0	10
0	47	0	96	70	0	0
0	47	0	87	69	0	1
0	47	0	88	69	0	0
0	47	0	89	69	0	6
0	47	0	91	69	0	10
0	47	0	92	69	0	4
0	47	0	93	69	0	6
0	47	0	94	69	0	1
0	47	0	95	69	0	2
0	47	0	97	69	0	0
0	47	0	89	68	0	3
0	47	0	90	68	0	14
0	47	0	91	68	0	2
0	47	0	92	68	0	8
0	47	0	93	68	0	6
0	47	0	94	68	0	3
0	47	0	96	68	0	0
0	47	0	97	68	0	0
0	47	0	88	67	0	2
0	47	0	89	67	0	0
0	47	0	90	67	0	4
0	47	0	91	67	0	0
0	47	0	92	67	0	7
0	47	0	95	67	0	3
0	47	0	97	67	0	1
0	47	0	87	66	0	4
0	47	0	88	66	0	9
0	47	0	89	66	0	9
0	47	0	90	66	0	2
0	47	0	91	66	0	0
0	47	0	92	66	0	2
0	47	0	93	66	0	1
0	47	0	94	66	0	2
0	47	0	95	66	0	7
0	47	0	96	66	0	4
0	47	0	97	66	0	1
0	47	0	88	65	0	4
0	47	0	89	65	0	11
0	47	0	90	65	0	8
0	47	0	93	65	0	2
0	47	0	95	65	0	13
0	47	0	89	64	0	2
0	47	0	90	64	0	3
0	47	0	92	64	0	5
0	47	0	95	64	0	4
0	47	0	97	64	0	3
0	47	0	87	63	0	1
0	47	0	88	63	0	5
0	47	0	89	63	0	3
0	47	0	96	63	0	0
0	47	0	99	63	0	2
0	47	0	90	62	0	2
0	47	0	92	62	0	4
0	47	0	94	62	0	2
0	47	0	95	62	0	0
0	47	0	96	62	0	2
0	47	0	101	62	0	1
0	47	0	91	61	0	1
0	47	0	93	61	0	0
0	47	0	91	59	0	0
0	48	0	96	72	0	1
0	48	0	90	71	0	0
0	48	0	91	71	0	3
0	48	0	92	71	0	6
0	48	0	93	71	0	1
0	48	0	97	71	0	0
0	48	0	89	70	0	0
0	48	0	90	70	0	3
0	48	0	91	70	0	5
0	48	0	92	70	0	8
0	48	0	95	70	0	1
0	48	0	96	70	0	0
0	48	0	87	69	0	1
0	48	0	88	69	0	0
0	48	0	89	69	0	9
0	48	0	91	69	0	8
0	48	0	92	69	0	5
0	48	0	93	69	0	5
0	48	0	94	69	0	3
0	48	0	95	69	0	4
0	48	0	97	69	0	0
0	48	0	89	68	0	2
0	48	0	90	68	0	16
0	48	0	91	68	0	2
0	48	0	92	68	0	9
0	48	0	93	68	0	8
0	48	0	94	68	0	0
0	48	0	96	68	0	0
0	48	0	97	68	0	1
0	48	0	88	67	0	3
0	48	0	89	67	0	1
0	48	0	90	67	0	3
0	48	0	91	67	0	1
0	48	0	92	67	0	5
0	48	0	95	67	0	3
0	48	0	97	67	0	3
0	48	0	87	66	0	3
0	48	0	88	66	0	4
0	48	0	89	66	0	12
0	48	0	90	66	0	2
0	48	0	91	66	0	1
0	48	0	92	66	0	1
0	48	0	93	66	0	1
0	48	0	94	66	0	4
0	48	0	95	66	0	12
0	48	0	96	66	0	7
0	48	0	97	66	0	3
0	48	0	88	65	0	8
0	48	0	89	65	0	7
0	48	0	90	65	0	12
0	48	0	91	65	0	1
0	48	0	93	65	0	2
0	48	0	94	65	0	1
0	48	0	95	65	0	8
0	48	0	89	64	0	4
0	48	0	90	64	0	0
0	48	0	92	64	0	3
0	48	0	95	64	0	4
0	48	0	97	64	0	3
0	48	0	87	63	0	2
0	48	0	88	63	0	6
0	48	0	89	63	0	6
0	48	0	90	63	0	1
0	48	0	96	63	0	0
0	48	0	97	63	0	1
0	48	0	99	63	0	5
0	48	0	90	62	0	1
0	48	0	92	62	0	7
0	48	0	94	62	0	2
0	48	0	95	62	0	0
0	48	0	96	62	0	3
0	48	0	101	62	0	1
0	48	0	91	61	0	1
0	48	0	93	61	0	0
0	48	0	91	59	0	0
0	48	0	95	59	0	1
0	49	0	96	72	0	2
0	49	0	90	71	0	0
0	49	0	91	71	0	4
0	49	0	92	71	0	9
0	49	0	93	71	0	3
0	49	0	97	71	0	0
0	49	0	89	70	0	0
0	49	0	90	70	0	4
0	49	0	91	70	0	6
0	49	0	92	70	0	7
0	49	0	95	70	0	2
0	49	0	96	70	0	0
0	49	0	87	69	0	5
0	49	0	88	69	0	1
0	49	0	89	69	0	11
0	49	0	91	69	0	9
0	49	0	92	69	0	3
0	49	0	93	69	0	4
0	49	0	94	69	0	5
0	49	0	95	69	0	4
0	49	0	96	69	0	1
0	49	0	97	69	0	0
0	49	0	89	68	0	2
0	49	0	90	68	0	11
0	49	0	91	68	0	0
0	49	0	92	68	0	9
0	49	0	93	68	0	16
0	49	0	94	68	0	0
0	49	0	96	68	0	0
0	49	0	97	68	0	4
0	49	0	88	67	0	1
0	49	0	89	67	0	1
0	49	0	90	67	0	2
0	49	0	91	67	0	1
0	49	0	92	67	0	3
0	49	0	95	67	0	2
0	49	0	96	67	0	1
0	49	0	97	67	0	2
0	49	0	87	66	0	2
0	49	0	88	66	0	4
0	49	0	89	66	0	11
0	49	0	90	66	0	1
0	49	0	91	66	0	1
0	49	0	92	66	0	1
0	49	0	93	66	0	0
0	49	0	94	66	0	4
0	49	0	95	66	0	9
0	49	0	96	66	0	10
0	49	0	97	66	0	6
0	49	0	88	65	0	10
0	49	0	89	65	0	5
0	49	0	90	65	0	9
0	49	0	91	65	0	1
0	49	0	93	65	0	4
0	49	0	94	65	0	1
0	49	0	95	65	0	6
0	49	0	89	64	0	5
0	49	0	90	64	0	0
0	49	0	92	64	0	7
0	49	0	93	64	0	1
0	49	0	95	64	0	3
0	49	0	97	64	0	1
0	49	0	87	63	0	2
0	49	0	88	63	0	9
0	49	0	89	63	0	7
0	49	0	90	63	0	4
0	49	0	96	63	0	0
0	49	0	97	63	0	1
0	49	0	99	63	0	4
0	49	0	90	62	0	0
0	49	0	92	62	0	10
0	49	0	94	62	0	6
0	49	0	95	62	0	0
0	49	0	96	62	0	5
0	49	0	101	62	0	1
0	49	0	91	61	0	0
0	49	0	93	61	0	0
0	49	0	96	61	0	1
0	49	0	94	60	0	1
0	49	0	91	59	0	0
0	49	0	95	59	0	1
0	50	0	96	72	0	1
0	50	0	90	71	0	0
0	50	0	91	71	0	5
0	50	0	92	71	0	10
0	50	0	93	71	0	7
0	50	0	97	71	0	0
0	50	0	89	70	0	0
0	50	0	90	70	0	6
0	50	0	91	70	0	5
0	50	0	92	70	0	11
0	50	0	95	70	0	1
0	50	0	96	70	0	0
0	50	0	87	69	0	3
0	50	0	88	69	0	1
0	50	0	89	69	0	14
0	50	0	91	69	0	9
0	50	0	92	69	0	4
0	50	0	93	69	0	5
0	50	0	94	69	0	4
0	50	0	95	69	0	7
0	50	0	96	69	0	2
0	50	0	97	69	0	0
0	50	0	89	68	0	6
0	50	0	90	68	0	11
0	50	0	91	68	0	1
0	50	0	92	68	0	15
0	50	0	93	68	0	6
0	50	0	94	68	0	0
0	50	0	96	68	0	0
0	50	0	97	68	0	3
0	50	0	88	67	0	1
0	50	0	89	67	0	4
0	50	0	90	67	0	0
0	50	0	91	67	0	2
0	50	0	92	67	0	4
0	50	0	95	67	0	3
0	50	0	96	67	0	3
0	50	0	97	67	0	4
0	50	0	87	66	0	3
0	50	0	88	66	0	5
0	50	0	89	66	0	14
0	50	0	90	66	0	1
0	50	0	91	66	0	1
0	50	0	92	66	0	0
0	50	0	93	66	0	1
0	50	0	94	66	0	4
0	50	0	95	66	0	12
0	50	0	96	66	0	9
0	50	0	97	66	0	5
0	50	0	88	65	0	16
0	50	0	89	65	0	6
0	50	0	90	65	0	12
0	50	0	91	65	0	1
0	50	0	92	65	0	1
0	50	0	93	65	0	3
0	50	0	94	65	0	0
0	50	0	95	65	0	10
0	50	0	88	64	0	1
0	50	0	89	64	0	6
0	50	0	90	64	0	1
0	50	0	92	64	0	4
0	50	0	93	64	0	0
0	50	0	95	64	0	5
0	50	0	97	64	0	7
0	50	0	87	63	0	3
0	50	0	88	63	0	8
0	50	0	89	63	0	6
0	50	0	90	63	0	4
0	50	0	92	63	0	1
0	50	0	93	63	0	1
0	50	0	96	63	0	0
0	50	0	97	63	0	1
0	50	0	99	63	0	2
0	50	0	87	62	0	2
0	50	0	88	62	0	1
0	50	0	89	62	0	1
0	50	0	90	62	0	0
0	50	0	92	62	0	7
0	50	0	94	62	0	10
0	50	0	95	62	0	0
0	50	0	96	62	0	6
0	50	0	101	62	0	4
0	50	0	91	61	0	1
0	50	0	93	61	0	0
0	50	0	96	61	0	0
0	50	0	94	60	0	3
0	50	0	91	59	0	0
0	50	0	95	59	0	0
0	50	0	94	58	0	1
0	51	0	96	72	0	1
0	51	0	90	71	0	0
0	51	0	91	71	0	5
0	51	0	92	71	0	11
0	51	0	93	71	0	5
0	51	0	97	71	0	0
0	51	0	89	70	0	0
0	51	0	90	70	0	7
0	51	0	91	70	0	5
0	51	0	92	70	0	12
0	51	0	95	70	0	0
0	51	0	96	70	0	0
0	51	0	87	69	0	7
0	51	0	88	69	0	1
0	51	0	89	69	0	8
0	51	0	91	69	0	10
0	51	0	92	69	0	2
0	51	0	93	69	0	9
0	51	0	94	69	0	3
0	51	0	95	69	0	7
0	51	0	96	69	0	4
0	51	0	97	69	0	0
0	51	0	99	69	0	1
0	51	0	89	68	0	5
0	51	0	90	68	0	7
0	51	0	91	68	0	4
0	51	0	92	68	0	9
0	51	0	93	68	0	4
0	51	0	94	68	0	1
0	51	0	96	68	0	0
0	51	0	97	68	0	6
0	51	0	88	67	0	1
0	51	0	89	67	0	7
0	51	0	90	67	0	0
0	51	0	91	67	0	2
0	51	0	92	67	0	8
0	51	0	93	67	0	2
0	51	0	95	67	0	3
0	51	0	96	67	0	4
0	51	0	97	67	0	3
0	51	0	87	66	0	5
0	51	0	88	66	0	2
0	51	0	89	66	0	14
0	51	0	90	66	0	0
0	51	0	91	66	0	0
0	51	0	92	66	0	0
0	51	0	93	66	0	2
0	51	0	94	66	0	7
0	51	0	95	66	0	7
0	51	0	96	66	0	7
0	51	0	97	66	0	5
0	51	0	88	65	0	10
0	51	0	89	65	0	5
0	51	0	90	65	0	7
0	51	0	91	65	0	1
0	51	0	92	65	0	3
0	51	0	93	65	0	3
0	51	0	94	65	0	1
0	51	0	95	65	0	11
0	51	0	88	64	0	2
0	51	0	89	64	0	5
0	51	0	90	64	0	3
0	51	0	92	64	0	4
0	51	0	93	64	0	1
0	51	0	95	64	0	1
0	51	0	97	64	0	4
0	51	0	87	63	0	1
0	51	0	88	63	0	10
0	51	0	89	63	0	6
0	51	0	90	63	0	7
0	51	0	92	63	0	3
0	51	0	93	63	0	3
0	51	0	96	63	0	0
0	51	0	97	63	0	3
0	51	0	99	63	0	3
0	51	0	87	62	0	3
0	51	0	88	62	0	0
0	51	0	89	62	0	1
0	51	0	90	62	0	0
0	51	0	92	62	0	5
0	51	0	94	62	0	12
0	51	0	95	62	0	0
0	51	0	96	62	0	8
0	51	0	101	62	0	4
0	51	0	91	61	0	0
0	51	0	93	61	0	2
0	51	0	96	61	0	1
0	51	0	94	60	0	3
0	51	0	91	59	0	0
0	51	0	95	59	0	0
0	51	0	94	58	0	1
0	52	0	96	72	0	0
0	52	0	90	71	0	0
0	52	0	91	71	0	6
0	52	0	92	71	0	19
0	52	0	93	71	0	7
0	52	0	97	71	0	0
0	52	0	89	70	0	0
0	52	0	90	70	0	7
0	52	0	91	70	0	7
0	52	0	92	70	0	16
0	52	0	95	70	0	0
0	52	0	96	70	0	0
0	52	0	97	70	0	1
0	52	0	87	69	0	9
0	52	0	88	69	0	1
0	52	0	89	69	0	7
0	52	0	91	69	0	8
0	52	0	92	69	0	4
0	52	0	93	69	0	5
0	52	0	94	69	0	6
0	52	0	95	69	0	6
0	52	0	96	69	0	3
0	52	0	97	69	0	0
0	52	0	99	69	0	3
0	52	0	89	68	0	5
0	52	0	90	68	0	7
0	52	0	91	68	0	11
0	52	0	92	68	0	13
0	52	0	93	68	0	3
0	52	0	94	68	0	3
0	52	0	95	68	0	1
0	52	0	96	68	0	0
0	52	0	97	68	0	10
0	52	0	88	67	0	6
0	52	0	89	67	0	9
0	52	0	90	67	0	0
0	52	0	91	67	0	2
0	52	0	92	67	0	5
0	52	0	93	67	0	1
0	52	0	95	67	0	4
0	52	0	96	67	0	5
0	52	0	97	67	0	4
0	52	0	87	66	0	6
0	52	0	88	66	0	2
0	52	0	89	66	0	12
0	52	0	90	66	0	0
0	52	0	91	66	0	0
0	52	0	92	66	0	0
0	52	0	93	66	0	5
0	52	0	94	66	0	2
0	52	0	95	66	0	9
0	52	0	96	66	0	8
0	52	0	97	66	0	5
0	52	0	88	65	0	12
0	52	0	89	65	0	6
0	52	0	90	65	0	9
0	52	0	91	65	0	0
0	52	0	92	65	0	4
0	52	0	93	65	0	4
0	52	0	94	65	0	2
0	52	0	95	65	0	12
0	52	0	88	64	0	3
0	52	0	89	64	0	3
0	52	0	90	64	0	3
0	52	0	92	64	0	6
0	52	0	93	64	0	0
0	52	0	95	64	0	0
0	52	0	97	64	0	1
0	52	0	87	63	0	1
0	52	0	88	63	0	14
0	52	0	89	63	0	8
0	52	0	90	63	0	11
0	52	0	92	63	0	2
0	52	0	93	63	0	7
0	52	0	96	63	0	0
0	52	0	97	63	0	3
0	52	0	99	63	0	4
0	52	0	100	63	0	1
0	52	0	87	62	0	1
0	52	0	88	62	0	0
0	52	0	89	62	0	2
0	52	0	90	62	0	0
0	52	0	92	62	0	5
0	52	0	94	62	0	4
0	52	0	95	62	0	1
0	52	0	96	62	0	8
0	52	0	101	62	0	2
0	52	0	91	61	0	0
0	52	0	93	61	0	1
0	52	0	96	61	0	3
0	52	0	94	60	0	2
0	52	0	91	59	0	0
0	52	0	95	59	0	0
0	52	0	89	58	0	1
0	52	0	94	58	0	0
0	53	0	95	73	0	1
0	53	0	96	72	0	0
0	53	0	98	72	0	1
0	53	0	90	71	0	0
0	53	0	91	71	0	3
0	53	0	92	71	0	16
0	53	0	93	71	0	6
0	53	0	97	71	0	0
0	53	0	89	70	0	0
0	53	0	90	70	0	9
0	53	0	91	70	0	8
0	53	0	92	70	0	8
0	53	0	95	70	0	0
0	53	0	96	70	0	0
0	53	0	97	70	0	0
0	53	0	87	69	0	10
0	53	0	88	69	0	2
0	53	0	89	69	0	12
0	53	0	91	69	0	12
0	53	0	92	69	0	7
0	53	0	93	69	0	9
0	53	0	94	69	0	11
0	53	0	95	69	0	8
0	53	0	96	69	0	5
0	53	0	97	69	0	1
0	53	0	99	69	0	7
0	53	0	89	68	0	7
0	53	0	90	68	0	8
0	53	0	91	68	0	12
0	53	0	92	68	0	8
0	53	0	93	68	0	2
0	53	0	94	68	0	3
0	53	0	95	68	0	1
0	53	0	96	68	0	1
0	53	0	97	68	0	7
0	53	0	88	67	0	4
0	53	0	89	67	0	9
0	53	0	90	67	0	1
0	53	0	91	67	0	2
0	53	0	92	67	0	5
0	53	0	93	67	0	1
0	53	0	94	67	0	1
0	53	0	95	67	0	6
0	53	0	96	67	0	7
0	53	0	97	67	0	2
0	53	0	87	66	0	1
0	53	0	88	66	0	2
0	53	0	89	66	0	9
0	53	0	90	66	0	1
0	53	0	91	66	0	0
0	53	0	92	66	0	0
0	53	0	93	66	0	9
0	53	0	94	66	0	1
0	53	0	95	66	0	8
0	53	0	96	66	0	6
0	53	0	97	66	0	4
0	53	0	100	66	0	1
0	53	0	88	65	0	11
0	53	0	89	65	0	8
0	53	0	90	65	0	10
0	53	0	91	65	0	0
0	53	0	92	65	0	4
0	53	0	93	65	0	2
0	53	0	94	65	0	0
0	53	0	95	65	0	12
0	53	0	88	64	0	3
0	53	0	89	64	0	5
0	53	0	90	64	0	3
0	53	0	92	64	0	5
0	53	0	93	64	0	0
0	53	0	94	64	0	1
0	53	0	95	64	0	0
0	53	0	97	64	0	3
0	53	0	87	63	0	0
0	53	0	88	63	0	21
0	53	0	89	63	0	10
0	53	0	90	63	0	13
0	53	0	92	63	0	4
0	53	0	93	63	0	7
0	53	0	96	63	0	0
0	53	0	97	63	0	4
0	53	0	99	63	0	8
0	53	0	100	63	0	3
0	53	0	87	62	0	1
0	53	0	88	62	0	0
0	53	0	89	62	0	1
0	53	0	90	62	0	0
0	53	0	91	62	0	1
0	53	0	92	62	0	4
0	53	0	94	62	0	7
0	53	0	95	62	0	1
0	53	0	96	62	0	6
0	53	0	101	62	0	2
0	53	0	91	61	0	0
0	53	0	93	61	0	2
0	53	0	96	61	0	3
0	53	0	91	60	0	1
0	53	0	94	60	0	1
0	53	0	91	59	0	0
0	53	0	95	59	0	0
0	53	0	89	58	0	1
0	53	0	94	58	0	0
0	54	0	95	73	0	2
0	54	0	96	72	0	0
0	54	0	98	72	0	1
0	54	0	90	71	0	0
0	54	0	91	71	0	2
0	54	0	92	71	0	12
0	54	0	93	71	0	5
0	54	0	96	71	0	1
0	54	0	97	71	0	2
0	54	0	89	70	0	0
0	54	0	90	70	0	9
0	54	0	91	70	0	14
0	54	0	92	70	0	13
0	54	0	95	70	0	0
0	54	0	96	70	0	1
0	54	0	97	70	0	0
0	54	0	87	69	0	11
0	54	0	88	69	0	4
0	54	0	89	69	0	8
0	54	0	91	69	0	9
0	54	0	92	69	0	7
0	54	0	93	69	0	8
0	54	0	94	69	0	9
0	54	0	95	69	0	13
0	54	0	96	69	0	2
0	54	0	97	69	0	0
0	54	0	99	69	0	3
0	54	0	89	68	0	11
0	54	0	90	68	0	8
0	54	0	91	68	0	10
0	54	0	92	68	0	8
0	54	0	93	68	0	2
0	54	0	94	68	0	6
0	54	0	95	68	0	3
0	54	0	96	68	0	2
0	54	0	97	68	0	2
0	54	0	88	67	0	4
0	54	0	89	67	0	5
0	54	0	90	67	0	3
0	54	0	91	67	0	2
0	54	0	92	67	0	4
0	54	0	93	67	0	1
0	54	0	94	67	0	0
0	54	0	95	67	0	2
0	54	0	96	67	0	3
0	54	0	97	67	0	1
0	54	0	87	66	0	0
0	54	0	88	66	0	6
0	54	0	89	66	0	8
0	54	0	90	66	0	2
0	54	0	91	66	0	0
0	54	0	92	66	0	0
0	54	0	93	66	0	5
0	54	0	94	66	0	0
0	54	0	95	66	0	7
0	54	0	96	66	0	11
0	54	0	97	66	0	6
0	54	0	100	66	0	3
0	54	0	88	65	0	12
0	54	0	89	65	0	9
0	54	0	90	65	0	11
0	54	0	91	65	0	1
0	54	0	92	65	0	5
0	54	0	93	65	0	0
0	54	0	94	65	0	0
0	54	0	95	65	0	9
0	54	0	99	65	0	1
0	54	0	88	64	0	6
0	54	0	89	64	0	5
0	54	0	90	64	0	6
0	54	0	92	64	0	4
0	54	0	93	64	0	1
0	54	0	94	64	0	2
0	54	0	95	64	0	0
0	54	0	96	64	0	1
0	54	0	97	64	0	8
0	54	0	87	63	0	0
0	54	0	88	63	0	15
0	54	0	89	63	0	15
0	54	0	90	63	0	13
0	54	0	92	63	0	9
0	54	0	93	63	0	9
0	54	0	96	63	0	0
0	54	0	97	63	0	5
0	54	0	98	63	0	2
0	54	0	99	63	0	2
0	54	0	100	63	0	0
0	54	0	87	62	0	1
0	54	0	88	62	0	2
0	54	0	89	62	0	2
0	54	0	90	62	0	1
0	54	0	91	62	0	1
0	54	0	92	62	0	5
0	54	0	94	62	0	7
0	54	0	95	62	0	1
0	54	0	96	62	0	9
0	54	0	101	62	0	1
0	54	0	91	61	0	0
0	54	0	93	61	0	0
0	54	0	95	61	0	1
0	54	0	96	61	0	6
0	54	0	97	61	0	1
0	54	0	91	60	0	2
0	54	0	94	60	0	0
0	54	0	96	60	0	1
0	54	0	91	59	0	0
0	54	0	95	59	0	0
0	54	0	89	58	0	2
0	54	0	94	58	0	0
0	55	0	95	73	0	2
0	55	0	96	72	0	0
0	55	0	98	72	0	2
0	55	0	90	71	0	1
0	55	0	91	71	0	2
0	55	0	92	71	0	11
0	55	0	93	71	0	3
0	55	0	96	71	0	1
0	55	0	97	71	0	0
0	55	0	89	70	0	0
0	55	0	90	70	0	11
0	55	0	91	70	0	14
0	55	0	92	70	0	14
0	55	0	95	70	0	0
0	55	0	96	70	0	0
0	55	0	97	70	0	0
0	55	0	87	69	0	8
0	55	0	88	69	0	2
0	55	0	89	69	0	14
0	55	0	91	69	0	7
0	55	0	92	69	0	5
0	55	0	93	69	0	9
0	55	0	94	69	0	11
0	55	0	95	69	0	9
0	55	0	96	69	0	4
0	55	0	97	69	0	0
0	55	0	99	69	0	4
0	55	0	89	68	0	7
0	55	0	90	68	0	13
0	55	0	91	68	0	12
0	55	0	92	68	0	7
0	55	0	93	68	0	3
0	55	0	94	68	0	8
0	55	0	95	68	0	1
0	55	0	96	68	0	5
0	55	0	97	68	0	1
0	55	0	88	67	0	5
0	55	0	89	67	0	8
0	55	0	90	67	0	2
0	55	0	91	67	0	4
0	55	0	92	67	0	2
0	55	0	93	67	0	3
0	55	0	94	67	0	0
0	55	0	95	67	0	2
0	55	0	96	67	0	4
0	55	0	97	67	0	0
0	55	0	87	66	0	0
0	55	0	88	66	0	6
0	55	0	89	66	0	6
0	55	0	90	66	0	3
0	55	0	91	66	0	1
0	55	0	92	66	0	0
0	55	0	93	66	0	5
0	55	0	94	66	0	0
0	55	0	95	66	0	9
0	55	0	96	66	0	11
0	55	0	97	66	0	3
0	55	0	100	66	0	3
0	55	0	88	65	0	5
0	55	0	89	65	0	8
0	55	0	90	65	0	12
0	55	0	91	65	0	1
0	55	0	92	65	0	4
0	55	0	93	65	0	0
0	55	0	94	65	0	2
0	55	0	95	65	0	5
0	55	0	96	65	0	2
0	55	0	97	65	0	1
0	55	0	99	65	0	3
0	55	0	88	64	0	6
0	55	0	89	64	0	8
0	55	0	90	64	0	8
0	55	0	92	64	0	3
0	55	0	93	64	0	0
0	55	0	94	64	0	2
0	55	0	95	64	0	0
0	55	0	96	64	0	2
0	55	0	97	64	0	13
0	55	0	87	63	0	0
0	55	0	88	63	0	11
0	55	0	89	63	0	17
0	55	0	90	63	0	12
0	55	0	92	63	0	9
0	55	0	93	63	0	5
0	55	0	94	63	0	2
0	55	0	96	63	0	0
0	55	0	97	63	0	7
0	55	0	98	63	0	3
0	55	0	99	63	0	0
0	55	0	100	63	0	0
0	55	0	87	62	0	1
0	55	0	88	62	0	2
0	55	0	89	62	0	2
0	55	0	90	62	0	0
0	55	0	91	62	0	1
0	55	0	92	62	0	3
0	55	0	94	62	0	4
0	55	0	95	62	0	1
0	55	0	96	62	0	7
0	55	0	101	62	0	3
0	55	0	89	61	0	1
0	55	0	91	61	0	0
0	55	0	93	61	0	0
0	55	0	95	61	0	1
0	55	0	96	61	0	4
0	55	0	97	61	0	2
0	55	0	91	60	0	1
0	55	0	94	60	0	0
0	55	0	96	60	0	1
0	55	0	88	59	0	1
0	55	0	91	59	0	0
0	55	0	95	59	0	0
0	55	0	89	58	0	2
0	55	0	90	58	0	1
0	55	0	94	58	0	0
0	56	0	95	73	0	3
0	56	0	95	72	0	1
0	56	0	96	72	0	0
0	56	0	98	72	0	2
0	56	0	90	71	0	2
0	56	0	91	71	0	4
0	56	0	92	71	0	13
0	56	0	93	71	0	2
0	56	0	96	71	0	3
0	56	0	97	71	0	0
0	56	0	89	70	0	0
0	56	0	90	70	0	11
0	56	0	91	70	0	12
0	56	0	92	70	0	14
0	56	0	95	70	0	0
0	56	0	96	70	0	0
0	56	0	97	70	0	0
0	56	0	87	69	0	8
0	56	0	88	69	0	3
0	56	0	89	69	0	16
0	56	0	91	69	0	5
0	56	0	92	69	0	8
0	56	0	93	69	0	8
0	56	0	94	69	0	8
0	56	0	95	69	0	5
0	56	0	96	69	0	4
0	56	0	97	69	0	0
0	56	0	99	69	0	4
0	56	0	89	68	0	10
0	56	0	90	68	0	9
0	56	0	91	68	0	6
0	56	0	92	68	0	9
0	56	0	93	68	0	6
0	56	0	94	68	0	10
0	56	0	95	68	0	3
0	56	0	96	68	0	6
0	56	0	97	68	0	3
0	56	0	88	67	0	3
0	56	0	89	67	0	5
0	56	0	90	67	0	4
0	56	0	91	67	0	4
0	56	0	92	67	0	3
0	56	0	93	67	0	2
0	56	0	94	67	0	1
0	56	0	95	67	0	1
0	56	0	96	67	0	5
0	56	0	97	67	0	0
0	56	0	100	67	0	1
0	56	0	87	66	0	0
0	56	0	88	66	0	5
0	56	0	89	66	0	6
0	56	0	90	66	0	5
0	56	0	91	66	0	1
0	56	0	92	66	0	0
0	56	0	93	66	0	11
0	56	0	94	66	0	0
0	56	0	95	66	0	8
0	56	0	96	66	0	13
0	56	0	97	66	0	4
0	56	0	100	66	0	3
0	56	0	88	65	0	1
0	56	0	89	65	0	10
0	56	0	90	65	0	15
0	56	0	91	65	0	2
0	56	0	92	65	0	6
0	56	0	93	65	0	0
0	56	0	94	65	0	1
0	56	0	95	65	0	4
0	56	0	96	65	0	0
0	56	0	97	65	0	0
0	56	0	99	65	0	5
0	56	0	88	64	0	5
0	56	0	89	64	0	7
0	56	0	90	64	0	8
0	56	0	92	64	0	4
0	56	0	93	64	0	0
0	56	0	94	64	0	4
0	56	0	95	64	0	0
0	56	0	96	64	0	1
0	56	0	97	64	0	12
0	56	0	87	63	0	0
0	56	0	88	63	0	4
0	56	0	89	63	0	17
0	56	0	90	63	0	10
0	56	0	92	63	0	11
0	56	0	93	63	0	7
0	56	0	94	63	0	0
0	56	0	95	63	0	1
0	56	0	96	63	0	1
0	56	0	97	63	0	6
0	56	0	98	63	0	5
0	56	0	99	63	0	0
0	56	0	100	63	0	0
0	56	0	87	62	0	3
0	56	0	88	62	0	4
0	56	0	89	62	0	3
0	56	0	90	62	0	0
0	56	0	91	62	0	0
0	56	0	92	62	0	0
0	56	0	94	62	0	6
0	56	0	95	62	0	2
0	56	0	96	62	0	3
0	56	0	99	62	0	1
0	56	0	101	62	0	4
0	56	0	89	61	0	1
0	56	0	91	61	0	0
0	56	0	93	61	0	0
0	56	0	95	61	0	2
0	56	0	96	61	0	10
0	56	0	97	61	0	6
0	56	0	91	60	0	3
0	56	0	94	60	0	0
0	56	0	95	60	0	1
0	56	0	96	60	0	2
0	56	0	88	59	0	1
0	56	0	91	59	0	0
0	56	0	94	59	0	1
0	56	0	95	59	0	0
0	56	0	89	58	0	1
0	56	0	90	58	0	1
0	56	0	94	58	0	0
0	57	0	95	73	0	6
0	57	0	95	72	0	0
0	57	0	96	72	0	1
0	57	0	98	72	0	2
0	57	0	90	71	0	5
0	57	0	91	71	0	3
0	57	0	92	71	0	5
0	57	0	93	71	0	4
0	57	0	96	71	0	4
0	57	0	97	71	0	0
0	57	0	89	70	0	0
0	57	0	90	70	0	11
0	57	0	91	70	0	11
0	57	0	92	70	0	13
0	57	0	95	70	0	1
0	57	0	96	70	0	1
0	57	0	97	70	0	0
0	57	0	87	69	0	5
0	57	0	88	69	0	2
0	57	0	89	69	0	15
0	57	0	91	69	0	6
0	57	0	92	69	0	9
0	57	0	93	69	0	11
0	57	0	94	69	0	12
0	57	0	95	69	0	4
0	57	0	96	69	0	6
0	57	0	97	69	0	0
0	57	0	99	69	0	3
0	57	0	89	68	0	6
0	57	0	90	68	0	11
0	57	0	91	68	0	7
0	57	0	92	68	0	11
0	57	0	93	68	0	8
0	57	0	94	68	0	13
0	57	0	95	68	0	5
0	57	0	96	68	0	5
0	57	0	97	68	0	3
0	57	0	98	68	0	1
0	57	0	88	67	0	4
0	57	0	89	67	0	4
0	57	0	90	67	0	3
0	57	0	91	67	0	2
0	57	0	92	67	0	2
0	57	0	93	67	0	4
0	57	0	94	67	0	3
0	57	0	95	67	0	1
0	57	0	96	67	0	9
0	57	0	97	67	0	0
0	57	0	98	67	0	1
0	57	0	100	67	0	2
0	57	0	87	66	0	0
0	57	0	88	66	0	3
0	57	0	89	66	0	6
0	57	0	90	66	0	0
0	57	0	91	66	0	2
0	57	0	92	66	0	1
0	57	0	93	66	0	10
0	57	0	94	66	0	0
0	57	0	95	66	0	12
0	57	0	96	66	0	14
0	57	0	97	66	0	4
0	57	0	100	66	0	5
0	57	0	88	65	0	0
0	57	0	89	65	0	7
0	57	0	90	65	0	9
0	57	0	91	65	0	7
0	57	0	92	65	0	3
0	57	0	93	65	0	0
0	57	0	94	65	0	0
0	57	0	95	65	0	3
0	57	0	96	65	0	0
0	57	0	97	65	0	0
0	57	0	99	65	0	12
0	57	0	88	64	0	4
0	57	0	89	64	0	12
0	57	0	90	64	0	10
0	57	0	92	64	0	5
0	57	0	93	64	0	0
0	57	0	94	64	0	6
0	57	0	95	64	0	0
0	57	0	96	64	0	3
0	57	0	97	64	0	10
0	57	0	98	64	0	1
0	57	0	87	63	0	0
0	57	0	88	63	0	7
0	57	0	89	63	0	5
0	57	0	90	63	0	14
0	57	0	92	63	0	11
0	57	0	93	63	0	4
0	57	0	94	63	0	0
0	57	0	95	63	0	0
0	57	0	96	63	0	1
0	57	0	97	63	0	10
0	57	0	98	63	0	7
0	57	0	99	63	0	0
0	57	0	100	63	0	0
0	57	0	87	62	0	5
0	57	0	88	62	0	7
0	57	0	89	62	0	3
0	57	0	90	62	0	0
0	57	0	91	62	0	0
0	57	0	92	62	0	0
0	57	0	94	62	0	10
0	57	0	95	62	0	1
0	57	0	96	62	0	3
0	57	0	99	62	0	2
0	57	0	101	62	0	3
0	57	0	89	61	0	0
0	57	0	91	61	0	0
0	57	0	93	61	0	0
0	57	0	94	61	0	1
0	57	0	95	61	0	3
0	57	0	96	61	0	10
0	57	0	97	61	0	10
0	57	0	98	61	0	1
0	57	0	91	60	0	4
0	57	0	94	60	0	0
0	57	0	95	60	0	6
0	57	0	96	60	0	1
0	57	0	88	59	0	2
0	57	0	91	59	0	0
0	57	0	94	59	0	1
0	57	0	95	59	0	0
0	57	0	89	58	0	0
0	57	0	90	58	0	2
0	57	0	94	58	0	0
0	58	0	95	73	0	6
0	58	0	95	72	0	0
0	58	0	96	72	0	0
0	58	0	98	72	0	1
0	58	0	99	72	0	1
0	58	0	90	71	0	7
0	58	0	91	71	0	7
0	58	0	92	71	0	9
0	58	0	93	71	0	3
0	58	0	96	71	0	4
0	58	0	97	71	0	0
0	58	0	89	70	0	0
0	58	0	90	70	0	9
0	58	0	91	70	0	11
0	58	0	92	70	0	9
0	58	0	95	70	0	1
0	58	0	96	70	0	1
0	58	0	97	70	0	0
0	58	0	87	69	0	4
0	58	0	88	69	0	6
0	58	0	89	69	0	13
0	58	0	91	69	0	7
0	58	0	92	69	0	9
0	58	0	93	69	0	11
0	58	0	94	69	0	10
0	58	0	95	69	0	7
0	58	0	96	69	0	8
0	58	0	97	69	0	0
0	58	0	99	69	0	4
0	58	0	100	69	0	1
0	58	0	89	68	0	8
0	58	0	90	68	0	8
0	58	0	91	68	0	5
0	58	0	92	68	0	23
0	58	0	93	68	0	5
0	58	0	94	68	0	9
0	58	0	95	68	0	4
0	58	0	96	68	0	4
0	58	0	97	68	0	5
0	58	0	98	68	0	1
0	58	0	100	68	0	1
0	58	0	88	67	0	5
0	58	0	89	67	0	4
0	58	0	90	67	0	6
0	58	0	91	67	0	5
0	58	0	92	67	0	8
0	58	0	93	67	0	6
0	58	0	94	67	0	6
0	58	0	95	67	0	2
0	58	0	96	67	0	5
0	58	0	97	67	0	0
0	58	0	98	67	0	2
0	58	0	100	67	0	3
0	58	0	87	66	0	0
0	58	0	88	66	0	2
0	58	0	89	66	0	8
0	58	0	90	66	0	0
0	58	0	91	66	0	5
0	58	0	92	66	0	2
0	58	0	93	66	0	6
0	58	0	94	66	0	0
0	58	0	95	66	0	6
0	58	0	96	66	0	10
0	58	0	97	66	0	4
0	58	0	100	66	0	5
0	58	0	88	65	0	1
0	58	0	89	65	0	6
0	58	0	90	65	0	5
0	58	0	91	65	0	6
0	58	0	92	65	0	7
0	58	0	93	65	0	1
0	58	0	94	65	0	0
0	58	0	95	65	0	3
0	58	0	96	65	0	0
0	58	0	97	65	0	1
0	58	0	99	65	0	11
0	58	0	102	65	0	1
0	58	0	88	64	0	3
0	58	0	89	64	0	8
0	58	0	90	64	0	6
0	58	0	92	64	0	5
0	58	0	93	64	0	1
0	58	0	94	64	0	4
0	58	0	95	64	0	0
0	58	0	96	64	0	6
0	58	0	97	64	0	6
0	58	0	98	64	0	0
0	58	0	87	63	0	0
0	58	0	88	63	0	10
0	58	0	89	63	0	6
0	58	0	90	63	0	15
0	58	0	92	63	0	11
0	58	0	93	63	0	5
0	58	0	94	63	0	0
0	58	0	95	63	0	0
0	58	0	96	63	0	2
0	58	0	97	63	0	13
0	58	0	98	63	0	8
0	58	0	99	63	0	0
0	58	0	100	63	0	0
0	58	0	87	62	0	6
0	58	0	88	62	0	4
0	58	0	89	62	0	3
0	58	0	90	62	0	0
0	58	0	91	62	0	0
0	58	0	92	62	0	0
0	58	0	94	62	0	7
0	58	0	95	62	0	0
0	58	0	96	62	0	2
0	58	0	99	62	0	1
0	58	0	101	62	0	2
0	58	0	89	61	0	0
0	58	0	91	61	0	1
0	58	0	93	61	0	1
0	58	0	94	61	0	1
0	58	0	95	61	0	3
0	58	0	96	61	0	11
0	58	0	97	61	0	9
0	58	0	98	61	0	2
0	58	0	91	60	0	6
0	58	0	94	60	0	1
0	58	0	95	60	0	8
0	58	0	96	60	0	1
0	58	0	88	59	0	4
0	58	0	91	59	0	0
0	58	0	94	59	0	1
0	58	0	95	59	0	1
0	58	0	89	58	0	1
0	58	0	90	58	0	7
0	58	0	94	58	0	0
0	59	0	95	73	0	7
0	59	0	95	72	0	0
0	59	0	96	72	0	0
0	59	0	98	72	0	3
0	59	0	99	72	0	1
0	59	0	90	71	0	8
0	59	0	91	71	0	4
0	59	0	92	71	0	13
0	59	0	93	71	0	5
0	59	0	96	71	0	8
0	59	0	97	71	0	0
0	59	0	89	70	0	1
0	59	0	90	70	0	11
0	59	0	91	70	0	9
0	59	0	92	70	0	6
0	59	0	95	70	0	0
0	59	0	96	70	0	1
0	59	0	97	70	0	0
0	59	0	87	69	0	5
0	59	0	88	69	0	6
0	59	0	89	69	0	8
0	59	0	91	69	0	9
0	59	0	92	69	0	16
0	59	0	93	69	0	12
0	59	0	94	69	0	8
0	59	0	95	69	0	2
0	59	0	96	69	0	3
0	59	0	97	69	0	0
0	59	0	99	69	0	5
0	59	0	100	69	0	2
0	59	0	89	68	0	10
0	59	0	90	68	0	7
0	59	0	91	68	0	11
0	59	0	92	68	0	12
0	59	0	93	68	0	8
0	59	0	94	68	0	17
0	59	0	95	68	0	5
0	59	0	96	68	0	4
0	59	0	97	68	0	9
0	59	0	98	68	0	1
0	59	0	100	68	0	2
0	59	0	88	67	0	7
0	59	0	89	67	0	6
0	59	0	90	67	0	7
0	59	0	91	67	0	9
0	59	0	92	67	0	10
0	59	0	93	67	0	5
0	59	0	94	67	0	7
0	59	0	95	67	0	2
0	59	0	96	67	0	11
0	59	0	97	67	0	0
0	59	0	98	67	0	3
0	59	0	100	67	0	6
0	59	0	87	66	0	0
0	59	0	88	66	0	6
0	59	0	89	66	0	6
0	59	0	90	66	0	0
0	59	0	91	66	0	4
0	59	0	92	66	0	6
0	59	0	93	66	0	3
0	59	0	94	66	0	1
0	59	0	95	66	0	6
0	59	0	96	66	0	8
0	59	0	97	66	0	3
0	59	0	98	66	0	1
0	59	0	100	66	0	10
0	59	0	88	65	0	2
0	59	0	89	65	0	9
0	59	0	90	65	0	4
0	59	0	91	65	0	5
0	59	0	92	65	0	4
0	59	0	93	65	0	2
0	59	0	94	65	0	0
0	59	0	95	65	0	5
0	59	0	96	65	0	1
0	59	0	97	65	0	0
0	59	0	99	65	0	15
0	59	0	102	65	0	1
0	59	0	88	64	0	3
0	59	0	89	64	0	12
0	59	0	90	64	0	9
0	59	0	92	64	0	5
0	59	0	93	64	0	3
0	59	0	94	64	0	3
0	59	0	95	64	0	0
0	59	0	96	64	0	8
0	59	0	97	64	0	3
0	59	0	98	64	0	1
0	59	0	87	63	0	0
0	59	0	88	63	0	15
0	59	0	89	63	0	4
0	59	0	90	63	0	7
0	59	0	92	63	0	11
0	59	0	93	63	0	3
0	59	0	94	63	0	1
0	59	0	95	63	0	0
0	59	0	96	63	0	3
0	59	0	97	63	0	10
0	59	0	98	63	0	4
0	59	0	99	63	0	2
0	59	0	100	63	0	0
0	59	0	87	62	0	9
0	59	0	88	62	0	9
0	59	0	89	62	0	4
0	59	0	90	62	0	1
0	59	0	91	62	0	0
0	59	0	92	62	0	0
0	59	0	94	62	0	9
0	59	0	95	62	0	0
0	59	0	96	62	0	2
0	59	0	97	62	0	1
0	59	0	99	62	0	1
0	59	0	100	62	0	1
0	59	0	101	62	0	3
0	59	0	89	61	0	0
0	59	0	91	61	0	1
0	59	0	93	61	0	0
0	59	0	94	61	0	2
0	59	0	95	61	0	2
0	59	0	96	61	0	13
0	59	0	97	61	0	10
0	59	0	98	61	0	2
0	59	0	99	61	0	1
0	59	0	91	60	0	7
0	59	0	94	60	0	0
0	59	0	95	60	0	8
0	59	0	96	60	0	2
0	59	0	88	59	0	9
0	59	0	91	59	0	0
0	59	0	94	59	0	3
0	59	0	95	59	0	5
0	59	0	89	58	0	1
0	59	0	90	58	0	9
0	59	0	94	58	0	0
0	60	0	95	73	0	6
0	60	0	95	72	0	0
0	60	0	96	72	0	0
0	60	0	98	72	0	6
0	60	0	99	72	0	0
0	60	0	90	71	0	4
0	60	0	91	71	0	7
0	60	0	92	71	0	18
0	60	0	93	71	0	7
0	60	0	96	71	0	12
0	60	0	97	71	0	0
0	60	0	89	70	0	0
0	60	0	90	70	0	12
0	60	0	91	70	0	10
0	60	0	92	70	0	7
0	60	0	95	70	0	1
0	60	0	96	70	0	2
0	60	0	97	70	0	0
0	60	0	87	69	0	9
0	60	0	88	69	0	7
0	60	0	89	69	0	5
0	60	0	91	69	0	6
0	60	0	92	69	0	14
0	60	0	93	69	0	6
0	60	0	94	69	0	10
0	60	0	95	69	0	3
0	60	0	96	69	0	5
0	60	0	97	69	0	1
0	60	0	99	69	0	4
0	60	0	100	69	0	2
0	60	0	89	68	0	8
0	60	0	90	68	0	4
0	60	0	91	68	0	10
0	60	0	92	68	0	11
0	60	0	93	68	0	10
0	60	0	94	68	0	18
0	60	0	95	68	0	11
0	60	0	96	68	0	4
0	60	0	97	68	0	10
0	60	0	98	68	0	2
0	60	0	100	68	0	2
0	60	0	101	68	0	1
0	60	0	88	67	0	9
0	60	0	89	67	0	6
0	60	0	90	67	0	11
0	60	0	91	67	0	8
0	60	0	92	67	0	11
0	60	0	93	67	0	7
0	60	0	94	67	0	10
0	60	0	95	67	0	3
0	60	0	96	67	0	13
0	60	0	97	67	0	1
0	60	0	98	67	0	3
0	60	0	99	67	0	1
0	60	0	100	67	0	7
0	60	0	87	66	0	0
0	60	0	88	66	0	6
0	60	0	89	66	0	9
0	60	0	90	66	0	1
0	60	0	91	66	0	8
0	60	0	92	66	0	8
0	60	0	93	66	0	6
0	60	0	94	66	0	2
0	60	0	95	66	0	14
0	60	0	96	66	0	8
0	60	0	97	66	0	2
0	60	0	98	66	0	4
0	60	0	100	66	0	9
0	60	0	88	65	0	1
0	60	0	89	65	0	7
0	60	0	90	65	0	2
0	60	0	91	65	0	8
0	60	0	92	65	0	5
0	60	0	93	65	0	4
0	60	0	94	65	0	0
0	60	0	95	65	0	4
0	60	0	96	65	0	1
0	60	0	97	65	0	1
0	60	0	98	65	0	1
0	60	0	99	65	0	14
0	60	0	102	65	0	1
0	60	0	88	64	0	4
0	60	0	89	64	0	7
0	60	0	90	64	0	11
0	60	0	92	64	0	7
0	60	0	93	64	0	5
0	60	0	94	64	0	1
0	60	0	95	64	0	0
0	60	0	96	64	0	7
0	60	0	97	64	0	4
0	60	0	98	64	0	2
0	60	0	87	63	0	1
0	60	0	88	63	0	15
0	60	0	89	63	0	2
0	60	0	90	63	0	7
0	60	0	92	63	0	10
0	60	0	93	63	0	4
0	60	0	94	63	0	1
0	60	0	95	63	0	0
0	60	0	96	63	0	2
0	60	0	97	63	0	12
0	60	0	98	63	0	8
0	60	0	99	63	0	2
0	60	0	100	63	0	0
0	60	0	87	62	0	14
0	60	0	88	62	0	7
0	60	0	89	62	0	6
0	60	0	90	62	0	1
0	60	0	91	62	0	0
0	60	0	92	62	0	1
0	60	0	94	62	0	11
0	60	0	95	62	0	1
0	60	0	96	62	0	4
0	60	0	97	62	0	2
0	60	0	99	62	0	2
0	60	0	100	62	0	2
0	60	0	101	62	0	2
0	60	0	89	61	0	0
0	60	0	90	61	0	1
0	60	0	91	61	0	3
0	60	0	93	61	0	0
0	60	0	94	61	0	3
0	60	0	95	61	0	3
0	60	0	96	61	0	15
0	60	0	97	61	0	11
0	60	0	98	61	0	5
0	60	0	99	61	0	3
0	60	0	91	60	0	7
0	60	0	94	60	0	1
0	60	0	95	60	0	7
0	60	0	96	60	0	3
0	60	0	88	59	0	16
0	60	0	91	59	0	0
0	60	0	94	59	0	6
0	60	0	95	59	0	3
0	60	0	89	58	0	0
0	60	0	90	58	0	12
0	60	0	94	58	0	0
0	61	0	95	73	0	10
0	61	0	95	72	0	0
0	61	0	96	72	0	0
0	61	0	98	72	0	7
0	61	0	99	72	0	0
0	61	0	90	71	0	4
0	61	0	91	71	0	6
0	61	0	92	71	0	15
0	61	0	93	71	0	10
0	61	0	96	71	0	16
0	61	0	97	71	0	0
0	61	0	89	70	0	0
0	61	0	90	70	0	9
0	61	0	91	70	0	12
0	61	0	92	70	0	8
0	61	0	95	70	0	3
0	61	0	96	70	0	0
0	61	0	97	70	0	0
0	61	0	98	70	0	1
0	61	0	87	69	0	5
0	61	0	88	69	0	8
0	61	0	89	69	0	4
0	61	0	91	69	0	6
0	61	0	92	69	0	10
0	61	0	93	69	0	8
0	61	0	94	69	0	14
0	61	0	95	69	0	1
0	61	0	96	69	0	3
0	61	0	97	69	0	1
0	61	0	99	69	0	2
0	61	0	100	69	0	1
0	61	0	89	68	0	10
0	61	0	90	68	0	4
0	61	0	91	68	0	13
0	61	0	92	68	0	8
0	61	0	93	68	0	6
0	61	0	94	68	0	7
0	61	0	95	68	0	8
0	61	0	96	68	0	7
0	61	0	97	68	0	7
0	61	0	98	68	0	5
0	61	0	99	68	0	1
0	61	0	100	68	0	4
0	61	0	101	68	0	3
0	61	0	88	67	0	11
0	61	0	89	67	0	5
0	61	0	90	67	0	6
0	61	0	91	67	0	11
0	61	0	92	67	0	10
0	61	0	93	67	0	11
0	61	0	94	67	0	6
0	61	0	95	67	0	6
0	61	0	96	67	0	6
0	61	0	97	67	0	2
0	61	0	98	67	0	4
0	61	0	99	67	0	2
0	61	0	100	67	0	5
0	61	0	87	66	0	0
0	61	0	88	66	0	5
0	61	0	89	66	0	6
0	61	0	90	66	0	3
0	61	0	91	66	0	9
0	61	0	92	66	0	9
0	61	0	93	66	0	8
0	61	0	94	66	0	3
0	61	0	95	66	0	10
0	61	0	96	66	0	10
0	61	0	97	66	0	3
0	61	0	98	66	0	3
0	61	0	100	66	0	14
0	61	0	88	65	0	1
0	61	0	89	65	0	7
0	61	0	90	65	0	2
0	61	0	91	65	0	12
0	61	0	92	65	0	6
0	61	0	93	65	0	6
0	61	0	94	65	0	1
0	61	0	95	65	0	8
0	61	0	96	65	0	2
0	61	0	97	65	0	4
0	61	0	98	65	0	0
0	61	0	99	65	0	8
0	61	0	102	65	0	2
0	61	0	88	64	0	6
0	61	0	89	64	0	9
0	61	0	90	64	0	6
0	61	0	92	64	0	9
0	61	0	93	64	0	6
0	61	0	94	64	0	1
0	61	0	95	64	0	0
0	61	0	96	64	0	14
0	61	0	97	64	0	6
0	61	0	98	64	0	4
0	61	0	99	64	0	1
0	61	0	87	63	0	1
0	61	0	88	63	0	12
0	61	0	89	63	0	4
0	61	0	90	63	0	6
0	61	0	92	63	0	7
0	61	0	93	63	0	3
0	61	0	94	63	0	2
0	61	0	95	63	0	0
0	61	0	96	63	0	2
0	61	0	97	63	0	12
0	61	0	98	63	0	11
0	61	0	99	63	0	1
0	61	0	100	63	0	0
0	61	0	87	62	0	10
0	61	0	88	62	0	10
0	61	0	89	62	0	3
0	61	0	90	62	0	2
0	61	0	91	62	0	0
0	61	0	92	62	0	3
0	61	0	94	62	0	15
0	61	0	95	62	0	3
0	61	0	96	62	0	8
0	61	0	97	62	0	5
0	61	0	98	62	0	1
0	61	0	99	62	0	2
0	61	0	100	62	0	3
0	61	0	101	62	0	0
0	61	0	89	61	0	1
0	61	0	90	61	0	1
0	61	0	91	61	0	4
0	61	0	92	61	0	1
0	61	0	93	61	0	0
0	61	0	94	61	0	3
0	61	0	95	61	0	3
0	61	0	96	61	0	8
0	61	0	97	61	0	9
0	61	0	98	61	0	3
0	61	0	99	61	0	3
0	61	0	91	60	0	11
0	61	0	93	60	0	1
0	61	0	94	60	0	1
0	61	0	95	60	0	8
0	61	0	96	60	0	3
0	61	0	88	59	0	12
0	61	0	90	59	0	1
0	61	0	91	59	0	0
0	61	0	93	59	0	2
0	61	0	94	59	0	7
0	61	0	95	59	0	3
0	61	0	89	58	0	0
0	61	0	90	58	0	16
0	61	0	94	58	0	0
0	62	0	95	73	0	11
0	62	0	95	72	0	0
0	62	0	96	72	0	0
0	62	0	98	72	0	3
0	62	0	99	72	0	0
0	62	0	90	71	0	2
0	62	0	91	71	0	5
0	62	0	92	71	0	11
0	62	0	93	71	0	9
0	62	0	96	71	0	14
0	62	0	97	71	0	0
0	62	0	98	71	0	1
0	62	0	89	70	0	1
0	62	0	90	70	0	8
0	62	0	91	70	0	14
0	62	0	92	70	0	6
0	62	0	95	70	0	11
0	62	0	96	70	0	0
0	62	0	97	70	0	0
0	62	0	98	70	0	3
0	62	0	87	69	0	6
0	62	0	88	69	0	8
0	62	0	89	69	0	4
0	62	0	91	69	0	5
0	62	0	92	69	0	11
0	62	0	93	69	0	6
0	62	0	94	69	0	8
0	62	0	95	69	0	2
0	62	0	96	69	0	6
0	62	0	97	69	0	2
0	62	0	98	69	0	1
0	62	0	99	69	0	3
0	62	0	100	69	0	0
0	62	0	101	69	0	1
0	62	0	89	68	0	9
0	62	0	90	68	0	7
0	62	0	91	68	0	11
0	62	0	92	68	0	7
0	62	0	93	68	0	8
0	62	0	94	68	0	5
0	62	0	95	68	0	11
0	62	0	96	68	0	9
0	62	0	97	68	0	12
0	62	0	98	68	0	8
0	62	0	99	68	0	1
0	62	0	100	68	0	4
0	62	0	101	68	0	3
0	62	0	88	67	0	12
0	62	0	89	67	0	5
0	62	0	90	67	0	7
0	62	0	91	67	0	9
0	62	0	92	67	0	8
0	62	0	93	67	0	8
0	62	0	94	67	0	3
0	62	0	95	67	0	4
0	62	0	96	67	0	10
0	62	0	97	67	0	3
0	62	0	98	67	0	1
0	62	0	99	67	0	5
0	62	0	100	67	0	2
0	62	0	87	66	0	0
0	62	0	88	66	0	4
0	62	0	89	66	0	7
0	62	0	90	66	0	8
0	62	0	91	66	0	8
0	62	0	92	66	0	5
0	62	0	93	66	0	6
0	62	0	94	66	0	4
0	62	0	95	66	0	11
0	62	0	96	66	0	10
0	62	0	97	66	0	6
0	62	0	98	66	0	1
0	62	0	100	66	0	10
0	62	0	101	66	0	1
0	62	0	88	65	0	1
0	62	0	89	65	0	6
0	62	0	90	65	0	3
0	62	0	91	65	0	19
0	62	0	92	65	0	8
0	62	0	93	65	0	6
0	62	0	94	65	0	1
0	62	0	95	65	0	11
0	62	0	96	65	0	2
0	62	0	97	65	0	5
0	62	0	98	65	0	0
0	62	0	99	65	0	7
0	62	0	102	65	0	4
0	62	0	88	64	0	6
0	62	0	89	64	0	3
0	62	0	90	64	0	7
0	62	0	92	64	0	19
0	62	0	93	64	0	4
0	62	0	94	64	0	3
0	62	0	95	64	0	0
0	62	0	96	64	0	15
0	62	0	97	64	0	6
0	62	0	98	64	0	2
0	62	0	99	64	0	0
0	62	0	87	63	0	2
0	62	0	88	63	0	10
0	62	0	89	63	0	3
0	62	0	90	63	0	7
0	62	0	92	63	0	7
0	62	0	93	63	0	6
0	62	0	94	63	0	2
0	62	0	95	63	0	0
0	62	0	96	63	0	2
0	62	0	97	63	0	16
0	62	0	98	63	0	12
0	62	0	99	63	0	4
0	62	0	100	63	0	1
0	62	0	87	62	0	13
0	62	0	88	62	0	9
0	62	0	89	62	0	3
0	62	0	90	62	0	4
0	62	0	91	62	0	1
0	62	0	92	62	0	4
0	62	0	94	62	0	12
0	62	0	95	62	0	1
0	62	0	96	62	0	9
0	62	0	97	62	0	5
0	62	0	98	62	0	4
0	62	0	99	62	0	3
0	62	0	100	62	0	5
0	62	0	101	62	0	1
0	62	0	89	61	0	1
0	62	0	90	61	0	0
0	62	0	91	61	0	3
0	62	0	92	61	0	3
0	62	0	93	61	0	0
0	62	0	94	61	0	3
0	62	0	95	61	0	3
0	62	0	96	61	0	12
0	62	0	97	61	0	10
0	62	0	98	61	0	3
0	62	0	99	61	0	1
0	62	0	91	60	0	9
0	62	0	93	60	0	1
0	62	0	94	60	0	1
0	62	0	95	60	0	1
0	62	0	96	60	0	4
0	62	0	88	59	0	9
0	62	0	89	59	0	3
0	62	0	90	59	0	0
0	62	0	91	59	0	0
0	62	0	92	59	0	1
0	62	0	93	59	0	2
0	62	0	94	59	0	11
0	62	0	95	59	0	2
0	62	0	89	58	0	0
0	62	0	90	58	0	11
0	62	0	94	58	0	0
0	62	0	91	57	0	1
0	62	0	92	57	0	1
0	63	0	95	73	0	14
0	63	0	95	72	0	0
0	63	0	96	72	0	0
0	63	0	97	72	0	1
0	63	0	98	72	0	1
0	63	0	99	72	0	0
0	63	0	90	71	0	4
0	63	0	91	71	0	11
0	63	0	92	71	0	14
0	63	0	93	71	0	9
0	63	0	96	71	0	12
0	63	0	97	71	0	0
0	63	0	98	71	0	1
0	63	0	89	70	0	1
0	63	0	90	70	0	7
0	63	0	91	70	0	6
0	63	0	92	70	0	2
0	63	0	95	70	0	9
0	63	0	96	70	0	1
0	63	0	97	70	0	1
0	63	0	98	70	0	5
0	63	0	100	70	0	1
0	63	0	87	69	0	3
0	63	0	88	69	0	7
0	63	0	89	69	0	13
0	63	0	91	69	0	3
0	63	0	92	69	0	11
0	63	0	93	69	0	7
0	63	0	94	69	0	15
0	63	0	95	69	0	6
0	63	0	96	69	0	8
0	63	0	97	69	0	4
0	63	0	98	69	0	1
0	63	0	99	69	0	3
0	63	0	100	69	0	0
0	63	0	101	69	0	0
0	63	0	89	68	0	11
0	63	0	90	68	0	3
0	63	0	91	68	0	10
0	63	0	92	68	0	10
0	63	0	93	68	0	2
0	63	0	94	68	0	7
0	63	0	95	68	0	10
0	63	0	96	68	0	3
0	63	0	97	68	0	12
0	63	0	98	68	0	10
0	63	0	99	68	0	1
0	63	0	100	68	0	5
0	63	0	101	68	0	3
0	63	0	88	67	0	7
0	63	0	89	67	0	8
0	63	0	90	67	0	8
0	63	0	91	67	0	6
0	63	0	92	67	0	6
0	63	0	93	67	0	13
0	63	0	94	67	0	6
0	63	0	95	67	0	4
0	63	0	96	67	0	11
0	63	0	97	67	0	4
0	63	0	98	67	0	1
0	63	0	99	67	0	10
0	63	0	100	67	0	2
0	63	0	101	67	0	1
0	63	0	87	66	0	1
0	63	0	88	66	0	3
0	63	0	89	66	0	8
0	63	0	90	66	0	8
0	63	0	91	66	0	7
0	63	0	92	66	0	6
0	63	0	93	66	0	5
0	63	0	94	66	0	5
0	63	0	95	66	0	7
0	63	0	96	66	0	11
0	63	0	97	66	0	6
0	63	0	98	66	0	0
0	63	0	99	66	0	1
0	63	0	100	66	0	7
0	63	0	101	66	0	1
0	63	0	88	65	0	2
0	63	0	89	65	0	3
0	63	0	90	65	0	3
0	63	0	91	65	0	15
0	63	0	92	65	0	9
0	63	0	93	65	0	5
0	63	0	94	65	0	1
0	63	0	95	65	0	15
0	63	0	96	65	0	5
0	63	0	97	65	0	6
0	63	0	98	65	0	0
0	63	0	99	65	0	5
0	63	0	102	65	0	4
0	63	0	88	64	0	5
0	63	0	89	64	0	4
0	63	0	90	64	0	9
0	63	0	92	64	0	14
0	63	0	93	64	0	6
0	63	0	94	64	0	6
0	63	0	95	64	0	0
0	63	0	96	64	0	16
0	63	0	97	64	0	6
0	63	0	98	64	0	2
0	63	0	99	64	0	0
0	63	0	87	63	0	1
0	63	0	88	63	0	8
0	63	0	89	63	0	3
0	63	0	90	63	0	3
0	63	0	92	63	0	6
0	63	0	93	63	0	9
0	63	0	94	63	0	3
0	63	0	95	63	0	1
0	63	0	96	63	0	4
0	63	0	97	63	0	13
0	63	0	98	63	0	15
0	63	0	99	63	0	6
0	63	0	100	63	0	1
0	63	0	87	62	0	13
0	63	0	88	62	0	8
0	63	0	89	62	0	2
0	63	0	90	62	0	6
0	63	0	91	62	0	3
0	63	0	92	62	0	6
0	63	0	93	62	0	1
0	63	0	94	62	0	13
0	63	0	95	62	0	1
0	63	0	96	62	0	6
0	63	0	97	62	0	6
0	63	0	98	62	0	2
0	63	0	99	62	0	2
0	63	0	100	62	0	7
0	63	0	101	62	0	0
0	63	0	89	61	0	1
0	63	0	90	61	0	0
0	63	0	91	61	0	4
0	63	0	92	61	0	5
0	63	0	93	61	0	0
0	63	0	94	61	0	4
0	63	0	95	61	0	4
0	63	0	96	61	0	11
0	63	0	97	61	0	7
0	63	0	98	61	0	6
0	63	0	99	61	0	1
0	63	0	90	60	0	1
0	63	0	91	60	0	11
0	63	0	93	60	0	1
0	63	0	94	60	0	2
0	63	0	95	60	0	0
0	63	0	96	60	0	9
0	63	0	88	59	0	13
0	63	0	89	59	0	4
0	63	0	90	59	0	0
0	63	0	91	59	0	0
0	63	0	92	59	0	0
0	63	0	93	59	0	0
0	63	0	94	59	0	12
0	63	0	95	59	0	3
0	63	0	89	58	0	0
0	63	0	90	58	0	3
0	63	0	94	58	0	0
0	63	0	91	57	0	1
0	63	0	92	57	0	1
0	64	0	95	73	0	13
0	64	0	95	72	0	0
0	64	0	96	72	0	1
0	64	0	97	72	0	1
0	64	0	98	72	0	1
0	64	0	99	72	0	0
0	64	0	90	71	0	3
0	64	0	91	71	0	16
0	64	0	92	71	0	12
0	64	0	93	71	0	7
0	64	0	96	71	0	4
0	64	0	97	71	0	0
0	64	0	98	71	0	4
0	64	0	89	70	0	2
0	64	0	90	70	0	11
0	64	0	91	70	0	5
0	64	0	92	70	0	2
0	64	0	95	70	0	7
0	64	0	96	70	0	2
0	64	0	97	70	0	2
0	64	0	98	70	0	5
0	64	0	100	70	0	1
0	64	0	87	69	0	4
0	64	0	88	69	0	14
0	64	0	89	69	0	7
0	64	0	91	69	0	2
0	64	0	92	69	0	9
0	64	0	93	69	0	10
0	64	0	94	69	0	9
0	64	0	95	69	0	8
0	64	0	96	69	0	5
0	64	0	97	69	0	7
0	64	0	98	69	0	3
0	64	0	99	69	0	2
0	64	0	100	69	0	0
0	64	0	101	69	0	2
0	64	0	89	68	0	11
0	64	0	90	68	0	1
0	64	0	91	68	0	5
0	64	0	92	68	0	9
0	64	0	93	68	0	1
0	64	0	94	68	0	6
0	64	0	95	68	0	11
0	64	0	96	68	0	5
0	64	0	97	68	0	8
0	64	0	98	68	0	7
0	64	0	99	68	0	2
0	64	0	100	68	0	3
0	64	0	101	68	0	4
0	64	0	88	67	0	10
0	64	0	89	67	0	9
0	64	0	90	67	0	7
0	64	0	91	67	0	6
0	64	0	92	67	0	4
0	64	0	93	67	0	12
0	64	0	94	67	0	5
0	64	0	95	67	0	6
0	64	0	96	67	0	12
0	64	0	97	67	0	5
0	64	0	98	67	0	2
0	64	0	99	67	0	5
0	64	0	100	67	0	3
0	64	0	101	67	0	1
0	64	0	87	66	0	3
0	64	0	88	66	0	0
0	64	0	89	66	0	6
0	64	0	90	66	0	10
0	64	0	91	66	0	4
0	64	0	92	66	0	11
0	64	0	93	66	0	1
0	64	0	94	66	0	9
0	64	0	95	66	0	8
0	64	0	96	66	0	12
0	64	0	97	66	0	6
0	64	0	98	66	0	0
0	64	0	99	66	0	0
0	64	0	100	66	0	5
0	64	0	101	66	0	1
0	64	0	88	65	0	4
0	64	0	89	65	0	3
0	64	0	90	65	0	3
0	64	0	91	65	0	14
0	64	0	92	65	0	14
0	64	0	93	65	0	4
0	64	0	94	65	0	3
0	64	0	95	65	0	9
0	64	0	96	65	0	7
0	64	0	97	65	0	5
0	64	0	98	65	0	0
0	64	0	99	65	0	6
0	64	0	102	65	0	8
0	64	0	88	64	0	6
0	64	0	89	64	0	7
0	64	0	90	64	0	6
0	64	0	92	64	0	9
0	64	0	93	64	0	5
0	64	0	94	64	0	5
0	64	0	95	64	0	0
0	64	0	96	64	0	17
0	64	0	97	64	0	13
0	64	0	98	64	0	1
0	64	0	99	64	0	1
0	64	0	87	63	0	4
0	64	0	88	63	0	11
0	64	0	89	63	0	5
0	64	0	90	63	0	8
0	64	0	92	63	0	8
0	64	0	93	63	0	9
0	64	0	94	63	0	4
0	64	0	95	63	0	1
0	64	0	96	63	0	3
0	64	0	97	63	0	20
0	64	0	98	63	0	13
0	64	0	99	63	0	5
0	64	0	100	63	0	1
0	64	0	87	62	0	18
0	64	0	88	62	0	10
0	64	0	89	62	0	5
0	64	0	90	62	0	1
0	64	0	91	62	0	5
0	64	0	92	62	0	8
0	64	0	93	62	0	1
0	64	0	94	62	0	8
0	64	0	95	62	0	3
0	64	0	96	62	0	7
0	64	0	97	62	0	5
0	64	0	98	62	0	2
0	64	0	99	62	0	1
0	64	0	100	62	0	5
0	64	0	101	62	0	1
0	64	0	89	61	0	0
0	64	0	90	61	0	0
0	64	0	91	61	0	4
0	64	0	92	61	0	8
0	64	0	93	61	0	0
0	64	0	94	61	0	7
0	64	0	95	61	0	2
0	64	0	96	61	0	8
0	64	0	97	61	0	3
0	64	0	98	61	0	4
0	64	0	99	61	0	2
0	64	0	90	60	0	3
0	64	0	91	60	0	13
0	64	0	93	60	0	2
0	64	0	94	60	0	5
0	64	0	95	60	0	0
0	64	0	96	60	0	8
0	64	0	88	59	0	9
0	64	0	89	59	0	2
0	64	0	90	59	0	0
0	64	0	91	59	0	0
0	64	0	92	59	0	0
0	64	0	93	59	0	0
0	64	0	94	59	0	8
0	64	0	95	59	0	2
0	64	0	89	58	0	0
0	64	0	90	58	0	5
0	64	0	94	58	0	0
0	64	0	91	57	0	0
0	64	0	92	57	0	2
0	65	0	95	73	0	6
0	65	0	95	72	0	1
0	65	0	96	72	0	2
0	65	0	97	72	0	1
0	65	0	98	72	0	3
0	65	0	99	72	0	0
0	65	0	90	71	0	3
0	65	0	91	71	0	13
0	65	0	92	71	0	9
0	65	0	93	71	0	6
0	65	0	96	71	0	8
0	65	0	97	71	0	0
0	65	0	98	71	0	12
0	65	0	89	70	0	3
0	65	0	90	70	0	7
0	65	0	91	70	0	5
0	65	0	92	70	0	4
0	65	0	95	70	0	10
0	65	0	96	70	0	5
0	65	0	97	70	0	2
0	65	0	98	70	0	10
0	65	0	100	70	0	0
0	65	0	87	69	0	7
0	65	0	88	69	0	15
0	65	0	89	69	0	9
0	65	0	91	69	0	6
0	65	0	92	69	0	11
0	65	0	93	69	0	10
0	65	0	94	69	0	8
0	65	0	95	69	0	6
0	65	0	96	69	0	5
0	65	0	97	69	0	4
0	65	0	98	69	0	1
0	65	0	99	69	0	4
0	65	0	100	69	0	1
0	65	0	101	69	0	4
0	65	0	89	68	0	11
0	65	0	90	68	0	2
0	65	0	91	68	0	6
0	65	0	92	68	0	7
0	65	0	93	68	0	2
0	65	0	94	68	0	6
0	65	0	95	68	0	12
0	65	0	96	68	0	4
0	65	0	97	68	0	3
0	65	0	98	68	0	8
0	65	0	99	68	0	0
0	65	0	100	68	0	2
0	65	0	101	68	0	5
0	65	0	88	67	0	5
0	65	0	89	67	0	6
0	65	0	90	67	0	6
0	65	0	91	67	0	6
0	65	0	92	67	0	5
0	65	0	93	67	0	7
0	65	0	94	67	0	7
0	65	0	95	67	0	7
0	65	0	96	67	0	11
0	65	0	97	67	0	5
0	65	0	98	67	0	4
0	65	0	99	67	0	2
0	65	0	100	67	0	5
0	65	0	101	67	0	0
0	65	0	87	66	0	7
0	65	0	88	66	0	0
0	65	0	89	66	0	3
0	65	0	90	66	0	5
0	65	0	91	66	0	7
0	65	0	92	66	0	10
0	65	0	93	66	0	0
0	65	0	94	66	0	11
0	65	0	95	66	0	9
0	65	0	96	66	0	11
0	65	0	97	66	0	5
0	65	0	98	66	0	0
0	65	0	99	66	0	1
0	65	0	100	66	0	2
0	65	0	101	66	0	1
0	65	0	88	65	0	3
0	65	0	89	65	0	5
0	65	0	90	65	0	4
0	65	0	91	65	0	13
0	65	0	92	65	0	14
0	65	0	93	65	0	6
0	65	0	94	65	0	3
0	65	0	95	65	0	3
0	65	0	96	65	0	9
0	65	0	97	65	0	8
0	65	0	98	65	0	0
0	65	0	99	65	0	11
0	65	0	102	65	0	4
0	65	0	88	64	0	9
0	65	0	89	64	0	8
0	65	0	90	64	0	5
0	65	0	92	64	0	9
0	65	0	93	64	0	2
0	65	0	94	64	0	7
0	65	0	95	64	0	0
0	65	0	96	64	0	11
0	65	0	97	64	0	12
0	65	0	98	64	0	0
0	65	0	99	64	0	0
0	65	0	87	63	0	3
0	65	0	88	63	0	11
0	65	0	89	63	0	7
0	65	0	90	63	0	7
0	65	0	92	63	0	9
0	65	0	93	63	0	10
0	65	0	94	63	0	4
0	65	0	95	63	0	3
0	65	0	96	63	0	9
0	65	0	97	63	0	14
0	65	0	98	63	0	11
0	65	0	99	63	0	6
0	65	0	100	63	0	3
0	65	0	87	62	0	21
0	65	0	88	62	0	8
0	65	0	89	62	0	7
0	65	0	90	62	0	3
0	65	0	91	62	0	7
0	65	0	92	62	0	5
0	65	0	93	62	0	2
0	65	0	94	62	0	7
0	65	0	95	62	0	3
0	65	0	96	62	0	11
0	65	0	97	62	0	11
0	65	0	98	62	0	4
0	65	0	99	62	0	3
0	65	0	100	62	0	7
0	65	0	101	62	0	2
0	65	0	89	61	0	0
0	65	0	90	61	0	0
0	65	0	91	61	0	6
0	65	0	92	61	0	5
0	65	0	93	61	0	1
0	65	0	94	61	0	4
0	65	0	95	61	0	5
0	65	0	96	61	0	12
0	65	0	97	61	0	3
0	65	0	98	61	0	5
0	65	0	99	61	0	2
0	65	0	100	61	0	1
0	65	0	90	60	0	4
0	65	0	91	60	0	9
0	65	0	92	60	0	1
0	65	0	93	60	0	5
0	65	0	94	60	0	5
0	65	0	95	60	0	0
0	65	0	96	60	0	7
0	65	0	88	59	0	9
0	65	0	89	59	0	1
0	65	0	90	59	0	0
0	65	0	91	59	0	0
0	65	0	92	59	0	0
0	65	0	93	59	0	0
0	65	0	94	59	0	4
0	65	0	95	59	0	5
0	65	0	89	58	0	0
0	65	0	90	58	0	4
0	65	0	93	58	0	2
0	65	0	94	58	0	0
0	65	0	91	57	0	0
0	65	0	92	57	0	2
0	66	0	95	73	0	4
0	66	0	95	72	0	1
0	66	0	96	72	0	1
0	66	0	97	72	0	2
0	66	0	98	72	0	5
0	66	0	99	72	0	1
0	66	0	90	71	0	3
0	66	0	91	71	0	11
0	66	0	92	71	0	9
0	66	0	93	71	0	6
0	66	0	96	71	0	14
0	66	0	97	71	0	0
0	66	0	98	71	0	12
0	66	0	89	70	0	4
0	66	0	90	70	0	7
0	66	0	91	70	0	5
0	66	0	92	70	0	0
0	66	0	95	70	0	10
0	66	0	96	70	0	6
0	66	0	97	70	0	0
0	66	0	98	70	0	4
0	66	0	100	70	0	0
0	66	0	87	69	0	4
0	66	0	88	69	0	10
0	66	0	89	69	0	6
0	66	0	91	69	0	9
0	66	0	92	69	0	12
0	66	0	93	69	0	12
0	66	0	94	69	0	12
0	66	0	95	69	0	4
0	66	0	96	69	0	5
0	66	0	97	69	0	5
0	66	0	98	69	0	0
0	66	0	99	69	0	4
0	66	0	100	69	0	2
0	66	0	101	69	0	5
0	66	0	89	68	0	10
0	66	0	90	68	0	6
0	66	0	91	68	0	5
0	66	0	92	68	0	9
0	66	0	93	68	0	0
0	66	0	94	68	0	10
0	66	0	95	68	0	13
0	66	0	96	68	0	11
0	66	0	97	68	0	3
0	66	0	98	68	0	13
0	66	0	99	68	0	1
0	66	0	100	68	0	4
0	66	0	101	68	0	5
0	66	0	88	67	0	7
0	66	0	89	67	0	10
0	66	0	90	67	0	8
0	66	0	91	67	0	9
0	66	0	92	67	0	5
0	66	0	93	67	0	5
0	66	0	94	67	0	10
0	66	0	95	67	0	9
0	66	0	96	67	0	20
0	66	0	97	67	0	7
0	66	0	98	67	0	6
0	66	0	99	67	0	2
0	66	0	100	67	0	4
0	66	0	101	67	0	1
0	66	0	102	67	0	1
0	66	0	87	66	0	9
0	66	0	88	66	0	0
0	66	0	89	66	0	2
0	66	0	90	66	0	5
0	66	0	91	66	0	10
0	66	0	92	66	0	8
0	66	0	93	66	0	0
0	66	0	94	66	0	8
0	66	0	95	66	0	10
0	66	0	96	66	0	3
0	66	0	97	66	0	5
0	66	0	98	66	0	1
0	66	0	99	66	0	1
0	66	0	100	66	0	5
0	66	0	101	66	0	3
0	66	0	102	66	0	1
0	66	0	88	65	0	5
0	66	0	89	65	0	3
0	66	0	90	65	0	3
0	66	0	91	65	0	14
0	66	0	92	65	0	13
0	66	0	93	65	0	10
0	66	0	94	65	0	2
0	66	0	95	65	0	2
0	66	0	96	65	0	10
0	66	0	97	65	0	4
0	66	0	98	65	0	1
0	66	0	99	65	0	7
0	66	0	100	65	0	1
0	66	0	101	65	0	1
0	66	0	102	65	0	3
0	66	0	88	64	0	3
0	66	0	89	64	0	6
0	66	0	90	64	0	7
0	66	0	92	64	0	6
0	66	0	93	64	0	3
0	66	0	94	64	0	13
0	66	0	95	64	0	0
0	66	0	96	64	0	17
0	66	0	97	64	0	14
0	66	0	98	64	0	0
0	66	0	99	64	0	1
0	66	0	100	64	0	1
0	66	0	87	63	0	2
0	66	0	88	63	0	5
0	66	0	89	63	0	6
0	66	0	90	63	0	9
0	66	0	92	63	0	8
0	66	0	93	63	0	9
0	66	0	94	63	0	4
0	66	0	95	63	0	7
0	66	0	96	63	0	7
0	66	0	97	63	0	15
0	66	0	98	63	0	9
0	66	0	99	63	0	6
0	66	0	100	63	0	5
0	66	0	87	62	0	14
0	66	0	88	62	0	9
0	66	0	89	62	0	6
0	66	0	90	62	0	8
0	66	0	91	62	0	3
0	66	0	92	62	0	6
0	66	0	93	62	0	1
0	66	0	94	62	0	8
0	66	0	95	62	0	8
0	66	0	96	62	0	10
0	66	0	97	62	0	10
0	66	0	98	62	0	0
0	66	0	99	62	0	2
0	66	0	100	62	0	7
0	66	0	101	62	0	3
0	66	0	89	61	0	0
0	66	0	90	61	0	0
0	66	0	91	61	0	2
0	66	0	92	61	0	13
0	66	0	93	61	0	0
0	66	0	94	61	0	4
0	66	0	95	61	0	6
0	66	0	96	61	0	8
0	66	0	97	61	0	3
0	66	0	98	61	0	5
0	66	0	99	61	0	2
0	66	0	100	61	0	2
0	66	0	90	60	0	6
0	66	0	91	60	0	10
0	66	0	92	60	0	2
0	66	0	93	60	0	8
0	66	0	94	60	0	3
0	66	0	95	60	0	1
0	66	0	96	60	0	10
0	66	0	88	59	0	5
0	66	0	89	59	0	2
0	66	0	90	59	0	0
0	66	0	91	59	0	0
0	66	0	92	59	0	0
0	66	0	93	59	0	0
0	66	0	94	59	0	3
0	66	0	95	59	0	4
0	66	0	89	58	0	0
0	66	0	90	58	0	2
0	66	0	91	58	0	1
0	66	0	93	58	0	2
0	66	0	94	58	0	0
0	66	0	91	57	0	0
0	66	0	92	57	0	2
0	67	0	95	73	0	6
0	67	0	95	72	0	4
0	67	0	96	72	0	2
0	67	0	97	72	0	4
0	67	0	98	72	0	3
0	67	0	99	72	0	2
0	67	0	90	71	0	4
0	67	0	91	71	0	5
0	67	0	92	71	0	9
0	67	0	93	71	0	4
0	67	0	96	71	0	13
0	67	0	97	71	0	2
0	67	0	98	71	0	8
0	67	0	99	71	0	1
0	67	0	89	70	0	1
0	67	0	90	70	0	8
0	67	0	91	70	0	8
0	67	0	92	70	0	1
0	67	0	95	70	0	9
0	67	0	96	70	0	8
0	67	0	97	70	0	1
0	67	0	98	70	0	6
0	67	0	99	70	0	1
0	67	0	100	70	0	0
0	67	0	101	70	0	1
0	67	0	87	69	0	5
0	67	0	88	69	0	10
0	67	0	89	69	0	3
0	67	0	91	69	0	11
0	67	0	92	69	0	9
0	67	0	93	69	0	7
0	67	0	94	69	0	14
0	67	0	95	69	0	3
0	67	0	96	69	0	6
0	67	0	97	69	0	3
0	67	0	98	69	0	1
0	67	0	99	69	0	5
0	67	0	100	69	0	4
0	67	0	101	69	0	6
0	67	0	89	68	0	7
0	67	0	90	68	0	6
0	67	0	91	68	0	6
0	67	0	92	68	0	6
0	67	0	93	68	0	1
0	67	0	94	68	0	13
0	67	0	95	68	0	9
0	67	0	96	68	0	13
0	67	0	97	68	0	2
0	67	0	98	68	0	13
0	67	0	99	68	0	3
0	67	0	100	68	0	0
0	67	0	101	68	0	4
0	67	0	88	67	0	9
0	67	0	89	67	0	18
0	67	0	90	67	0	4
0	67	0	91	67	0	5
0	67	0	92	67	0	10
0	67	0	93	67	0	6
0	67	0	94	67	0	9
0	67	0	95	67	0	6
0	67	0	96	67	0	15
0	67	0	97	67	0	6
0	67	0	98	67	0	10
0	67	0	99	67	0	4
0	67	0	100	67	0	3
0	67	0	101	67	0	1
0	67	0	102	67	0	1
0	67	0	87	66	0	9
0	67	0	88	66	0	0
0	67	0	89	66	0	3
0	67	0	90	66	0	5
0	67	0	91	66	0	11
0	67	0	92	66	0	7
0	67	0	93	66	0	0
0	67	0	94	66	0	9
0	67	0	95	66	0	7
0	67	0	96	66	0	3
0	67	0	97	66	0	7
0	67	0	98	66	0	3
0	67	0	99	66	0	1
0	67	0	100	66	0	6
0	67	0	101	66	0	1
0	67	0	102	66	0	2
0	67	0	88	65	0	2
0	67	0	89	65	0	2
0	67	0	90	65	0	7
0	67	0	91	65	0	10
0	67	0	92	65	0	8
0	67	0	93	65	0	8
0	67	0	94	65	0	2
0	67	0	95	65	0	3
0	67	0	96	65	0	8
0	67	0	97	65	0	10
0	67	0	98	65	0	3
0	67	0	99	65	0	6
0	67	0	100	65	0	3
0	67	0	101	65	0	0
0	67	0	102	65	0	5
0	67	0	88	64	0	4
0	67	0	89	64	0	9
0	67	0	90	64	0	3
0	67	0	92	64	0	7
0	67	0	93	64	0	4
0	67	0	94	64	0	20
0	67	0	95	64	0	0
0	67	0	96	64	0	15
0	67	0	97	64	0	9
0	67	0	98	64	0	1
0	67	0	99	64	0	0
0	67	0	100	64	0	1
0	67	0	103	64	0	1
0	67	0	87	63	0	3
0	67	0	88	63	0	11
0	67	0	89	63	0	12
0	67	0	90	63	0	11
0	67	0	92	63	0	12
0	67	0	93	63	0	12
0	67	0	94	63	0	8
0	67	0	95	63	0	9
0	67	0	96	63	0	13
0	67	0	97	63	0	9
0	67	0	98	63	0	8
0	67	0	99	63	0	6
0	67	0	100	63	0	7
0	67	0	87	62	0	13
0	67	0	88	62	0	8
0	67	0	89	62	0	4
0	67	0	90	62	0	13
0	67	0	91	62	0	4
0	67	0	92	62	0	5
0	67	0	93	62	0	3
0	67	0	94	62	0	11
0	67	0	95	62	0	9
0	67	0	96	62	0	8
0	67	0	97	62	0	6
0	67	0	98	62	0	1
0	67	0	99	62	0	2
0	67	0	100	62	0	6
0	67	0	101	62	0	1
0	67	0	89	61	0	1
0	67	0	90	61	0	0
0	67	0	91	61	0	3
0	67	0	92	61	0	11
0	67	0	93	61	0	0
0	67	0	94	61	0	6
0	67	0	95	61	0	5
0	67	0	96	61	0	11
0	67	0	97	61	0	7
0	67	0	98	61	0	3
0	67	0	99	61	0	2
0	67	0	100	61	0	4
0	67	0	90	60	0	6
0	67	0	91	60	0	12
0	67	0	92	60	0	4
0	67	0	93	60	0	8
0	67	0	94	60	0	2
0	67	0	95	60	0	1
0	67	0	96	60	0	6
0	67	0	88	59	0	7
0	67	0	89	59	0	2
0	67	0	90	59	0	0
0	67	0	91	59	0	0
0	67	0	92	59	0	0
0	67	0	93	59	0	0
0	67	0	94	59	0	5
0	67	0	95	59	0	8
0	67	0	89	58	0	0
0	67	0	90	58	0	2
0	67	0	91	58	0	1
0	67	0	93	58	0	2
0	67	0	94	58	0	0
0	67	0	91	57	0	0
0	67	0	92	57	0	1
0	67	0	96	55	0	1
0	68	0	95	73	0	8
0	68	0	95	72	0	7
0	68	0	96	72	0	3
0	68	0	97	72	0	3
0	68	0	98	72	0	5
0	68	0	99	72	0	3
0	68	0	90	71	0	8
0	68	0	91	71	0	6
0	68	0	92	71	0	8
0	68	0	93	71	0	7
0	68	0	96	71	0	11
0	68	0	97	71	0	4
0	68	0	98	71	0	10
0	68	0	99	71	0	1
0	68	0	89	70	0	0
0	68	0	90	70	0	9
0	68	0	91	70	0	10
0	68	0	92	70	0	3
0	68	0	95	70	0	7
0	68	0	96	70	0	7
0	68	0	97	70	0	4
0	68	0	98	70	0	4
0	68	0	99	70	0	1
0	68	0	100	70	0	0
0	68	0	101	70	0	2
0	68	0	87	69	0	8
0	68	0	88	69	0	6
0	68	0	89	69	0	7
0	68	0	91	69	0	12
0	68	0	92	69	0	12
0	68	0	93	69	0	9
0	68	0	94	69	0	17
0	68	0	95	69	0	4
0	68	0	96	69	0	2
0	68	0	97	69	0	5
0	68	0	98	69	0	1
0	68	0	99	69	0	6
0	68	0	100	69	0	6
0	68	0	101	69	0	4
0	68	0	89	68	0	4
0	68	0	90	68	0	12
0	68	0	91	68	0	4
0	68	0	92	68	0	7
0	68	0	93	68	0	2
0	68	0	94	68	0	10
0	68	0	95	68	0	5
0	68	0	96	68	0	10
0	68	0	97	68	0	0
0	68	0	98	68	0	9
0	68	0	99	68	0	2
0	68	0	100	68	0	0
0	68	0	101	68	0	2
0	68	0	88	67	0	7
0	68	0	89	67	0	10
0	68	0	90	67	0	5
0	68	0	91	67	0	7
0	68	0	92	67	0	12
0	68	0	93	67	0	5
0	68	0	94	67	0	9
0	68	0	95	67	0	8
0	68	0	96	67	0	10
0	68	0	97	67	0	2
0	68	0	98	67	0	9
0	68	0	99	67	0	3
0	68	0	100	67	0	5
0	68	0	101	67	0	0
0	68	0	102	67	0	2
0	68	0	87	66	0	10
0	68	0	88	66	0	1
0	68	0	89	66	0	3
0	68	0	90	66	0	7
0	68	0	91	66	0	15
0	68	0	92	66	0	7
0	68	0	93	66	0	1
0	68	0	94	66	0	9
0	68	0	95	66	0	12
0	68	0	96	66	0	4
0	68	0	97	66	0	7
0	68	0	98	66	0	1
0	68	0	99	66	0	1
0	68	0	100	66	0	7
0	68	0	101	66	0	2
0	68	0	102	66	0	3
0	68	0	88	65	0	2
0	68	0	89	65	0	4
0	68	0	90	65	0	7
0	68	0	91	65	0	4
0	68	0	92	65	0	8
0	68	0	93	65	0	4
0	68	0	94	65	0	4
0	68	0	95	65	0	4
0	68	0	96	65	0	12
0	68	0	97	65	0	6
0	68	0	98	65	0	4
0	68	0	99	65	0	3
0	68	0	100	65	0	4
0	68	0	101	65	0	1
0	68	0	102	65	0	5
0	68	0	88	64	0	3
0	68	0	89	64	0	11
0	68	0	90	64	0	5
0	68	0	92	64	0	2
0	68	0	93	64	0	5
0	68	0	94	64	0	17
0	68	0	95	64	0	2
0	68	0	96	64	0	5
0	68	0	97	64	0	9
0	68	0	98	64	0	0
0	68	0	99	64	0	1
0	68	0	100	64	0	2
0	68	0	103	64	0	1
0	68	0	87	63	0	3
0	68	0	88	63	0	13
0	68	0	89	63	0	7
0	68	0	90	63	0	7
0	68	0	92	63	0	9
0	68	0	93	63	0	13
0	68	0	94	63	0	16
0	68	0	95	63	0	12
0	68	0	96	63	0	10
0	68	0	97	63	0	12
0	68	0	98	63	0	7
0	68	0	99	63	0	6
0	68	0	100	63	0	10
0	68	0	87	62	0	16
0	68	0	88	62	0	7
0	68	0	89	62	0	3
0	68	0	90	62	0	10
0	68	0	91	62	0	3
0	68	0	92	62	0	1
0	68	0	93	62	0	3
0	68	0	94	62	0	10
0	68	0	95	62	0	8
0	68	0	96	62	0	6
0	68	0	97	62	0	12
0	68	0	98	62	0	0
0	68	0	99	62	0	3
0	68	0	100	62	0	8
0	68	0	101	62	0	1
0	68	0	89	61	0	1
0	68	0	90	61	0	1
0	68	0	91	61	0	5
0	68	0	92	61	0	10
0	68	0	93	61	0	0
0	68	0	94	61	0	9
0	68	0	95	61	0	19
0	68	0	96	61	0	16
0	68	0	97	61	0	8
0	68	0	98	61	0	3
0	68	0	99	61	0	0
0	68	0	100	61	0	4
0	68	0	90	60	0	5
0	68	0	91	60	0	7
0	68	0	92	60	0	3
0	68	0	93	60	0	12
0	68	0	94	60	0	0
0	68	0	95	60	0	0
0	68	0	96	60	0	2
0	68	0	88	59	0	11
0	68	0	89	59	0	2
0	68	0	90	59	0	0
0	68	0	91	59	0	1
0	68	0	92	59	0	0
0	68	0	93	59	0	0
0	68	0	94	59	0	9
0	68	0	95	59	0	7
0	68	0	89	58	0	0
0	68	0	90	58	0	2
0	68	0	91	58	0	1
0	68	0	93	58	0	6
0	68	0	94	58	0	0
0	68	0	91	57	0	0
0	68	0	92	57	0	2
0	68	0	96	55	0	0
0	69	0	95	73	0	4
0	69	0	95	72	0	4
0	69	0	96	72	0	3
0	69	0	97	72	0	5
0	69	0	98	72	0	6
0	69	0	99	72	0	2
0	69	0	90	71	0	4
0	69	0	91	71	0	9
0	69	0	92	71	0	8
0	69	0	93	71	0	9
0	69	0	96	71	0	13
0	69	0	97	71	0	4
0	69	0	98	71	0	8
0	69	0	99	71	0	1
0	69	0	89	70	0	1
0	69	0	90	70	0	7
0	69	0	91	70	0	2
0	69	0	92	70	0	2
0	69	0	95	70	0	5
0	69	0	96	70	0	6
0	69	0	97	70	0	8
0	69	0	98	70	0	4
0	69	0	99	70	0	3
0	69	0	100	70	0	2
0	69	0	101	70	0	2
0	69	0	87	69	0	16
0	69	0	88	69	0	4
0	69	0	89	69	0	9
0	69	0	91	69	0	9
0	69	0	92	69	0	9
0	69	0	93	69	0	8
0	69	0	94	69	0	13
0	69	0	95	69	0	3
0	69	0	96	69	0	2
0	69	0	97	69	0	9
0	69	0	98	69	0	1
0	69	0	99	69	0	6
0	69	0	100	69	0	5
0	69	0	101	69	0	12
0	69	0	89	68	0	4
0	69	0	90	68	0	10
0	69	0	91	68	0	9
0	69	0	92	68	0	7
0	69	0	93	68	0	3
0	69	0	94	68	0	13
0	69	0	95	68	0	6
0	69	0	96	68	0	6
0	69	0	97	68	0	1
0	69	0	98	68	0	7
0	69	0	99	68	0	4
0	69	0	100	68	0	2
0	69	0	101	68	0	3
0	69	0	88	67	0	5
0	69	0	89	67	0	9
0	69	0	90	67	0	4
0	69	0	91	67	0	6
0	69	0	92	67	0	16
0	69	0	93	67	0	4
0	69	0	94	67	0	11
0	69	0	95	67	0	13
0	69	0	96	67	0	8
0	69	0	97	67	0	1
0	69	0	98	67	0	18
0	69	0	99	67	0	5
0	69	0	100	67	0	4
0	69	0	101	67	0	0
0	69	0	102	67	0	3
0	69	0	87	66	0	6
0	69	0	88	66	0	2
0	69	0	89	66	0	3
0	69	0	90	66	0	7
0	69	0	91	66	0	11
0	69	0	92	66	0	8
0	69	0	93	66	0	0
0	69	0	94	66	0	11
0	69	0	95	66	0	18
0	69	0	96	66	0	2
0	69	0	97	66	0	4
0	69	0	98	66	0	2
0	69	0	99	66	0	0
0	69	0	100	66	0	5
0	69	0	101	66	0	5
0	69	0	102	66	0	2
0	69	0	88	65	0	2
0	69	0	89	65	0	6
0	69	0	90	65	0	15
0	69	0	91	65	0	7
0	69	0	92	65	0	9
0	69	0	93	65	0	5
0	69	0	94	65	0	4
0	69	0	95	65	0	5
0	69	0	96	65	0	16
0	69	0	97	65	0	10
0	69	0	98	65	0	5
0	69	0	99	65	0	4
0	69	0	100	65	0	5
0	69	0	101	65	0	0
0	69	0	102	65	0	4
0	69	0	103	65	0	1
0	69	0	88	64	0	8
0	69	0	89	64	0	6
0	69	0	90	64	0	10
0	69	0	92	64	0	5
0	69	0	93	64	0	8
0	69	0	94	64	0	12
0	69	0	95	64	0	4
0	69	0	96	64	0	6
0	69	0	97	64	0	10
0	69	0	98	64	0	3
0	69	0	99	64	0	1
0	69	0	100	64	0	4
0	69	0	101	64	0	1
0	69	0	103	64	0	1
0	69	0	87	63	0	5
0	69	0	88	63	0	13
0	69	0	89	63	0	8
0	69	0	90	63	0	7
0	69	0	92	63	0	9
0	69	0	93	63	0	11
0	69	0	94	63	0	16
0	69	0	95	63	0	15
0	69	0	96	63	0	6
0	69	0	97	63	0	14
0	69	0	98	63	0	13
0	69	0	99	63	0	4
0	69	0	100	63	0	9
0	69	0	101	63	0	1
0	69	0	87	62	0	12
0	69	0	88	62	0	7
0	69	0	89	62	0	5
0	69	0	90	62	0	9
0	69	0	91	62	0	7
0	69	0	92	62	0	2
0	69	0	93	62	0	6
0	69	0	94	62	0	14
0	69	0	95	62	0	7
0	69	0	96	62	0	6
0	69	0	97	62	0	20
0	69	0	98	62	0	1
0	69	0	99	62	0	2
0	69	0	100	62	0	8
0	69	0	101	62	0	2
0	69	0	89	61	0	2
0	69	0	90	61	0	2
0	69	0	91	61	0	7
0	69	0	92	61	0	8
0	69	0	93	61	0	1
0	69	0	94	61	0	5
0	69	0	95	61	0	17
0	69	0	96	61	0	5
0	69	0	97	61	0	13
0	69	0	98	61	0	6
0	69	0	99	61	0	0
0	69	0	100	61	0	3
0	69	0	90	60	0	10
0	69	0	91	60	0	7
0	69	0	92	60	0	5
0	69	0	93	60	0	9
0	69	0	94	60	0	0
0	69	0	95	60	0	0
0	69	0	96	60	0	1
0	69	0	88	59	0	16
0	69	0	89	59	0	2
0	69	0	90	59	0	0
0	69	0	91	59	0	1
0	69	0	92	59	0	0
0	69	0	93	59	0	0
0	69	0	94	59	0	11
0	69	0	95	59	0	9
0	69	0	89	58	0	0
0	69	0	90	58	0	4
0	69	0	91	58	0	0
0	69	0	93	58	0	7
0	69	0	94	58	0	0
0	69	0	91	57	0	0
0	69	0	92	57	0	3
0	69	0	96	55	0	0
0	70	0	95	73	0	5
0	70	0	95	72	0	5
0	70	0	96	72	0	6
0	70	0	97	72	0	3
0	70	0	98	72	0	14
0	70	0	99	72	0	1
0	70	0	90	71	0	6
0	70	0	91	71	0	12
0	70	0	92	71	0	9
0	70	0	93	71	0	10
0	70	0	96	71	0	12
0	70	0	97	71	0	4
0	70	0	98	71	0	5
0	70	0	99	71	0	2
0	70	0	100	71	0	1
0	70	0	101	71	0	1
0	70	0	89	70	0	2
0	70	0	90	70	0	5
0	70	0	91	70	0	1
0	70	0	92	70	0	4
0	70	0	95	70	0	3
0	70	0	96	70	0	10
0	70	0	97	70	0	11
0	70	0	98	70	0	2
0	70	0	99	70	0	6
0	70	0	100	70	0	1
0	70	0	101	70	0	3
0	70	0	87	69	0	20
0	70	0	88	69	0	2
0	70	0	89	69	0	6
0	70	0	91	69	0	8
0	70	0	92	69	0	12
0	70	0	93	69	0	11
0	70	0	94	69	0	5
0	70	0	95	69	0	3
0	70	0	96	69	0	5
0	70	0	97	69	0	9
0	70	0	98	69	0	3
0	70	0	99	69	0	4
0	70	0	100	69	0	6
0	70	0	101	69	0	10
0	70	0	89	68	0	7
0	70	0	90	68	0	14
0	70	0	91	68	0	6
0	70	0	92	68	0	10
0	70	0	93	68	0	3
0	70	0	94	68	0	4
0	70	0	95	68	0	5
0	70	0	96	68	0	2
0	70	0	97	68	0	0
0	70	0	98	68	0	9
0	70	0	99	68	0	4
0	70	0	100	68	0	0
0	70	0	101	68	0	3
0	70	0	88	67	0	11
0	70	0	89	67	0	8
0	70	0	90	67	0	4
0	70	0	91	67	0	4
0	70	0	92	67	0	11
0	70	0	93	67	0	4
0	70	0	94	67	0	7
0	70	0	95	67	0	6
0	70	0	96	67	0	5
0	70	0	97	67	0	0
0	70	0	98	67	0	18
0	70	0	99	67	0	9
0	70	0	100	67	0	6
0	70	0	101	67	0	1
0	70	0	102	67	0	4
0	70	0	87	66	0	7
0	70	0	88	66	0	4
0	70	0	89	66	0	3
0	70	0	90	66	0	7
0	70	0	91	66	0	8
0	70	0	92	66	0	6
0	70	0	93	66	0	1
0	70	0	94	66	0	9
0	70	0	95	66	0	15
0	70	0	96	66	0	2
0	70	0	97	66	0	8
0	70	0	98	66	0	5
0	70	0	99	66	0	1
0	70	0	100	66	0	4
0	70	0	101	66	0	8
0	70	0	102	66	0	1
0	70	0	88	65	0	4
0	70	0	89	65	0	4
0	70	0	90	65	0	10
0	70	0	91	65	0	6
0	70	0	92	65	0	11
0	70	0	93	65	0	4
0	70	0	94	65	0	6
0	70	0	95	65	0	9
0	70	0	96	65	0	12
0	70	0	97	65	0	8
0	70	0	98	65	0	0
0	70	0	99	65	0	7
0	70	0	100	65	0	10
0	70	0	101	65	0	0
0	70	0	102	65	0	4
0	70	0	103	65	0	2
0	70	0	88	64	0	12
0	70	0	89	64	0	4
0	70	0	90	64	0	7
0	70	0	92	64	0	11
0	70	0	93	64	0	7
0	70	0	94	64	0	11
0	70	0	95	64	0	4
0	70	0	96	64	0	12
0	70	0	97	64	0	10
0	70	0	98	64	0	2
0	70	0	99	64	0	1
0	70	0	100	64	0	2
0	70	0	101	64	0	2
0	70	0	103	64	0	0
0	70	0	87	63	0	7
0	70	0	88	63	0	9
0	70	0	89	63	0	10
0	70	0	90	63	0	11
0	70	0	92	63	0	13
0	70	0	93	63	0	10
0	70	0	94	63	0	11
0	70	0	95	63	0	16
0	70	0	96	63	0	6
0	70	0	97	63	0	5
0	70	0	98	63	0	17
0	70	0	99	63	0	5
0	70	0	100	63	0	11
0	70	0	101	63	0	0
0	70	0	87	62	0	12
0	70	0	88	62	0	10
0	70	0	89	62	0	3
0	70	0	90	62	0	12
0	70	0	91	62	0	10
0	70	0	92	62	0	3
0	70	0	93	62	0	6
0	70	0	94	62	0	14
0	70	0	95	62	0	7
0	70	0	96	62	0	3
0	70	0	97	62	0	12
0	70	0	98	62	0	2
0	70	0	99	62	0	4
0	70	0	100	62	0	8
0	70	0	101	62	0	2
0	70	0	89	61	0	2
0	70	0	90	61	0	2
0	70	0	91	61	0	4
0	70	0	92	61	0	9
0	70	0	93	61	0	0
0	70	0	94	61	0	5
0	70	0	95	61	0	6
0	70	0	96	61	0	5
0	70	0	97	61	0	5
0	70	0	98	61	0	8
0	70	0	99	61	0	0
0	70	0	100	61	0	6
0	70	0	90	60	0	12
0	70	0	91	60	0	8
0	70	0	92	60	0	6
0	70	0	93	60	0	14
0	70	0	94	60	0	0
0	70	0	95	60	0	2
0	70	0	96	60	0	0
0	70	0	88	59	0	17
0	70	0	89	59	0	3
0	70	0	90	59	0	1
0	70	0	91	59	0	2
0	70	0	92	59	0	0
0	70	0	93	59	0	0
0	70	0	94	59	0	13
0	70	0	95	59	0	7
0	70	0	89	58	0	0
0	70	0	90	58	0	2
0	70	0	91	58	0	0
0	70	0	93	58	0	8
0	70	0	94	58	0	0
0	70	0	91	57	0	1
0	70	0	92	57	0	3
0	70	0	93	57	0	1
0	70	0	96	55	0	0
0	71	0	95	73	0	6
0	71	0	95	72	0	3
0	71	0	96	72	0	1
0	71	0	97	72	0	5
0	71	0	98	72	0	12
0	71	0	99	72	0	1
0	71	0	100	72	0	1
0	71	0	90	71	0	5
0	71	0	91	71	0	12
0	71	0	92	71	0	11
0	71	0	93	71	0	9
0	71	0	96	71	0	7
0	71	0	97	71	0	5
0	71	0	98	71	0	3
0	71	0	99	71	0	2
0	71	0	100	71	0	1
0	71	0	101	71	0	0
0	71	0	89	70	0	3
0	71	0	90	70	0	14
0	71	0	91	70	0	0
0	71	0	92	70	0	3
0	71	0	95	70	0	6
0	71	0	96	70	0	7
0	71	0	97	70	0	5
0	71	0	98	70	0	3
0	71	0	99	70	0	5
0	71	0	100	70	0	4
0	71	0	101	70	0	3
0	71	0	87	69	0	12
0	71	0	88	69	0	3
0	71	0	89	69	0	8
0	71	0	91	69	0	10
0	71	0	92	69	0	9
0	71	0	93	69	0	9
0	71	0	94	69	0	4
0	71	0	95	69	0	4
0	71	0	96	69	0	4
0	71	0	97	69	0	5
0	71	0	98	69	0	2
0	71	0	99	69	0	6
0	71	0	100	69	0	6
0	71	0	101	69	0	9
0	71	0	89	68	0	9
0	71	0	90	68	0	10
0	71	0	91	68	0	4
0	71	0	92	68	0	12
0	71	0	93	68	0	0
0	71	0	94	68	0	2
0	71	0	95	68	0	7
0	71	0	96	68	0	1
0	71	0	97	68	0	0
0	71	0	98	68	0	9
0	71	0	99	68	0	3
0	71	0	100	68	0	0
0	71	0	101	68	0	6
0	71	0	88	67	0	10
0	71	0	89	67	0	8
0	71	0	90	67	0	4
0	71	0	91	67	0	7
0	71	0	92	67	0	17
0	71	0	93	67	0	3
0	71	0	94	67	0	6
0	71	0	95	67	0	7
0	71	0	96	67	0	4
0	71	0	97	67	0	1
0	71	0	98	67	0	12
0	71	0	99	67	0	12
0	71	0	100	67	0	7
0	71	0	101	67	0	2
0	71	0	102	67	0	6
0	71	0	87	66	0	14
0	71	0	88	66	0	4
0	71	0	89	66	0	1
0	71	0	90	66	0	6
0	71	0	91	66	0	14
0	71	0	92	66	0	8
0	71	0	93	66	0	2
0	71	0	94	66	0	7
0	71	0	95	66	0	15
0	71	0	96	66	0	3
0	71	0	97	66	0	13
0	71	0	98	66	0	7
0	71	0	99	66	0	2
0	71	0	100	66	0	10
0	71	0	101	66	0	10
0	71	0	102	66	0	2
0	71	0	88	65	0	5
0	71	0	89	65	0	6
0	71	0	90	65	0	8
0	71	0	91	65	0	9
0	71	0	92	65	0	11
0	71	0	93	65	0	4
0	71	0	94	65	0	8
0	71	0	95	65	0	10
0	71	0	96	65	0	8
0	71	0	97	65	0	6
0	71	0	98	65	0	0
0	71	0	99	65	0	11
0	71	0	100	65	0	12
0	71	0	101	65	0	0
0	71	0	102	65	0	2
0	71	0	103	65	0	3
0	71	0	88	64	0	9
0	71	0	89	64	0	4
0	71	0	90	64	0	2
0	71	0	92	64	0	15
0	71	0	93	64	0	6
0	71	0	94	64	0	8
0	71	0	95	64	0	6
0	71	0	96	64	0	14
0	71	0	97	64	0	15
0	71	0	98	64	0	6
0	71	0	99	64	0	2
0	71	0	100	64	0	2
0	71	0	101	64	0	3
0	71	0	103	64	0	0
0	71	0	87	63	0	9
0	71	0	88	63	0	7
0	71	0	89	63	0	9
0	71	0	90	63	0	9
0	71	0	92	63	0	15
0	71	0	93	63	0	10
0	71	0	94	63	0	7
0	71	0	95	63	0	11
0	71	0	96	63	0	7
0	71	0	97	63	0	6
0	71	0	98	63	0	19
0	71	0	99	63	0	7
0	71	0	100	63	0	8
0	71	0	101	63	0	0
0	71	0	87	62	0	8
0	71	0	88	62	0	8
0	71	0	89	62	0	7
0	71	0	90	62	0	14
0	71	0	91	62	0	19
0	71	0	92	62	0	5
0	71	0	93	62	0	7
0	71	0	94	62	0	16
0	71	0	95	62	0	11
0	71	0	96	62	0	2
0	71	0	97	62	0	10
0	71	0	98	62	0	2
0	71	0	99	62	0	4
0	71	0	100	62	0	15
0	71	0	101	62	0	3
0	71	0	89	61	0	2
0	71	0	90	61	0	6
0	71	0	91	61	0	5
0	71	0	92	61	0	11
0	71	0	93	61	0	1
0	71	0	94	61	0	8
0	71	0	95	61	0	7
0	71	0	96	61	0	1
0	71	0	97	61	0	6
0	71	0	98	61	0	10
0	71	0	99	61	0	1
0	71	0	100	61	0	6
0	71	0	90	60	0	13
0	71	0	91	60	0	9
0	71	0	92	60	0	3
0	71	0	93	60	0	15
0	71	0	94	60	0	2
0	71	0	95	60	0	6
0	71	0	96	60	0	1
0	71	0	88	59	0	14
0	71	0	89	59	0	3
0	71	0	90	59	0	1
0	71	0	91	59	0	1
0	71	0	92	59	0	0
0	71	0	93	59	0	0
0	71	0	94	59	0	8
0	71	0	95	59	0	8
0	71	0	89	58	0	0
0	71	0	90	58	0	5
0	71	0	91	58	0	0
0	71	0	93	58	0	7
0	71	0	94	58	0	0
0	71	0	91	57	0	0
0	71	0	92	57	0	3
0	71	0	93	57	0	1
0	71	0	96	55	0	0
0	72	0	95	73	0	3
0	72	0	95	72	0	2
0	72	0	96	72	0	1
0	72	0	97	72	0	5
0	72	0	98	72	0	11
0	72	0	99	72	0	2
0	72	0	100	72	0	4
0	72	0	90	71	0	8
0	72	0	91	71	0	9
0	72	0	92	71	0	6
0	72	0	93	71	0	7
0	72	0	96	71	0	8
0	72	0	97	71	0	6
0	72	0	98	71	0	4
0	72	0	99	71	0	2
0	72	0	100	71	0	1
0	72	0	101	71	0	0
0	72	0	89	70	0	0
0	72	0	90	70	0	11
0	72	0	91	70	0	1
0	72	0	92	70	0	1
0	72	0	95	70	0	8
0	72	0	96	70	0	13
0	72	0	97	70	0	3
0	72	0	98	70	0	4
0	72	0	99	70	0	8
0	72	0	100	70	0	3
0	72	0	101	70	0	4
0	72	0	87	69	0	9
0	72	0	88	69	0	7
0	72	0	89	69	0	12
0	72	0	91	69	0	10
0	72	0	92	69	0	8
0	72	0	93	69	0	7
0	72	0	94	69	0	9
0	72	0	95	69	0	7
0	72	0	96	69	0	7
0	72	0	97	69	0	1
0	72	0	98	69	0	5
0	72	0	99	69	0	9
0	72	0	100	69	0	4
0	72	0	101	69	0	16
0	72	0	89	68	0	8
0	72	0	90	68	0	7
0	72	0	91	68	0	6
0	72	0	92	68	0	13
0	72	0	93	68	0	1
0	72	0	94	68	0	2
0	72	0	95	68	0	5
0	72	0	96	68	0	2
0	72	0	97	68	0	0
0	72	0	98	68	0	4
0	72	0	99	68	0	1
0	72	0	100	68	0	0
0	72	0	101	68	0	14
0	72	0	88	67	0	6
0	72	0	89	67	0	10
0	72	0	90	67	0	7
0	72	0	91	67	0	7
0	72	0	92	67	0	8
0	72	0	93	67	0	6
0	72	0	94	67	0	10
0	72	0	95	67	0	5
0	72	0	96	67	0	2
0	72	0	97	67	0	1
0	72	0	98	67	0	9
0	72	0	99	67	0	17
0	72	0	100	67	0	6
0	72	0	101	67	0	1
0	72	0	102	67	0	9
0	72	0	87	66	0	12
0	72	0	88	66	0	3
0	72	0	89	66	0	2
0	72	0	90	66	0	9
0	72	0	91	66	0	11
0	72	0	92	66	0	7
0	72	0	93	66	0	2
0	72	0	94	66	0	3
0	72	0	95	66	0	10
0	72	0	96	66	0	3
0	72	0	97	66	0	13
0	72	0	98	66	0	10
0	72	0	99	66	0	5
0	72	0	100	66	0	12
0	72	0	101	66	0	8
0	72	0	102	66	0	6
0	72	0	88	65	0	2
0	72	0	89	65	0	8
0	72	0	90	65	0	4
0	72	0	91	65	0	6
0	72	0	92	65	0	11
0	72	0	93	65	0	5
0	72	0	94	65	0	5
0	72	0	95	65	0	9
0	72	0	96	65	0	9
0	72	0	97	65	0	8
0	72	0	98	65	0	1
0	72	0	99	65	0	9
0	72	0	100	65	0	12
0	72	0	101	65	0	2
0	72	0	102	65	0	2
0	72	0	103	65	0	3
0	72	0	88	64	0	7
0	72	0	89	64	0	1
0	72	0	90	64	0	3
0	72	0	92	64	0	11
0	72	0	93	64	0	7
0	72	0	94	64	0	8
0	72	0	95	64	0	12
0	72	0	96	64	0	14
0	72	0	97	64	0	15
0	72	0	98	64	0	7
0	72	0	99	64	0	2
0	72	0	100	64	0	3
0	72	0	101	64	0	7
0	72	0	103	64	0	0
0	72	0	87	63	0	5
0	72	0	88	63	0	8
0	72	0	89	63	0	10
0	72	0	90	63	0	16
0	72	0	92	63	0	13
0	72	0	93	63	0	19
0	72	0	94	63	0	10
0	72	0	95	63	0	16
0	72	0	96	63	0	4
0	72	0	97	63	0	4
0	72	0	98	63	0	16
0	72	0	99	63	0	7
0	72	0	100	63	0	5
0	72	0	101	63	0	1
0	72	0	87	62	0	4
0	72	0	88	62	0	14
0	72	0	89	62	0	5
0	72	0	90	62	0	10
0	72	0	91	62	0	18
0	72	0	92	62	0	5
0	72	0	93	62	0	4
0	72	0	94	62	0	16
0	72	0	95	62	0	6
0	72	0	96	62	0	4
0	72	0	97	62	0	9
0	72	0	98	62	0	3
0	72	0	99	62	0	2
0	72	0	100	62	0	15
0	72	0	101	62	0	3
0	72	0	89	61	0	3
0	72	0	90	61	0	6
0	72	0	91	61	0	6
0	72	0	92	61	0	7
0	72	0	93	61	0	2
0	72	0	94	61	0	11
0	72	0	95	61	0	5
0	72	0	96	61	0	1
0	72	0	97	61	0	5
0	72	0	98	61	0	8
0	72	0	99	61	0	4
0	72	0	100	61	0	6
0	72	0	90	60	0	14
0	72	0	91	60	0	4
0	72	0	92	60	0	3
0	72	0	93	60	0	12
0	72	0	94	60	0	3
0	72	0	95	60	0	5
0	72	0	96	60	0	2
0	72	0	88	59	0	15
0	72	0	89	59	0	1
0	72	0	90	59	0	2
0	72	0	91	59	0	1
0	72	0	92	59	0	0
0	72	0	93	59	0	1
0	72	0	94	59	0	10
0	72	0	95	59	0	9
0	72	0	89	58	0	0
0	72	0	90	58	0	5
0	72	0	91	58	0	0
0	72	0	93	58	0	5
0	72	0	94	58	0	0
0	72	0	91	57	0	0
0	72	0	92	57	0	2
0	72	0	93	57	0	0
0	72	0	96	55	0	0
0	72	0	94	53	0	1
0	73	0	95	73	0	5
0	73	0	95	72	0	1
0	73	0	96	72	0	1
0	73	0	97	72	0	6
0	73	0	98	72	0	10
0	73	0	99	72	0	5
0	73	0	100	72	0	4
0	73	0	90	71	0	10
0	73	0	91	71	0	12
0	73	0	92	71	0	9
0	73	0	93	71	0	7
0	73	0	96	71	0	7
0	73	0	97	71	0	4
0	73	0	98	71	0	1
0	73	0	99	71	0	3
0	73	0	100	71	0	3
0	73	0	101	71	0	0
0	73	0	89	70	0	0
0	73	0	90	70	0	6
0	73	0	91	70	0	1
0	73	0	92	70	0	4
0	73	0	95	70	0	10
0	73	0	96	70	0	11
0	73	0	97	70	0	7
0	73	0	98	70	0	7
0	73	0	99	70	0	4
0	73	0	100	70	0	4
0	73	0	101	70	0	0
0	73	0	87	69	0	8
0	73	0	88	69	0	10
0	73	0	89	69	0	12
0	73	0	91	69	0	7
0	73	0	92	69	0	8
0	73	0	93	69	0	8
0	73	0	94	69	0	9
0	73	0	95	69	0	9
0	73	0	96	69	0	5
0	73	0	97	69	0	0
0	73	0	98	69	0	3
0	73	0	99	69	0	4
0	73	0	100	69	0	5
0	73	0	101	69	0	8
0	73	0	89	68	0	5
0	73	0	90	68	0	10
0	73	0	91	68	0	9
0	73	0	92	68	0	9
0	73	0	93	68	0	0
0	73	0	94	68	0	3
0	73	0	95	68	0	8
0	73	0	96	68	0	1
0	73	0	97	68	0	2
0	73	0	98	68	0	6
0	73	0	99	68	0	1
0	73	0	100	68	0	2
0	73	0	101	68	0	8
0	73	0	102	68	0	1
0	73	0	88	67	0	7
0	73	0	89	67	0	17
0	73	0	90	67	0	12
0	73	0	91	67	0	9
0	73	0	92	67	0	9
0	73	0	93	67	0	8
0	73	0	94	67	0	10
0	73	0	95	67	0	3
0	73	0	96	67	0	4
0	73	0	97	67	0	3
0	73	0	98	67	0	12
0	73	0	99	67	0	11
0	73	0	100	67	0	8
0	73	0	101	67	0	2
0	73	0	102	67	0	7
0	73	0	87	66	0	11
0	73	0	88	66	0	3
0	73	0	89	66	0	4
0	73	0	90	66	0	6
0	73	0	91	66	0	6
0	73	0	92	66	0	4
0	73	0	93	66	0	3
0	73	0	94	66	0	6
0	73	0	95	66	0	13
0	73	0	96	66	0	8
0	73	0	97	66	0	11
0	73	0	98	66	0	10
0	73	0	99	66	0	3
0	73	0	100	66	0	13
0	73	0	101	66	0	6
0	73	0	102	66	0	8
0	73	0	88	65	0	2
0	73	0	89	65	0	9
0	73	0	90	65	0	9
0	73	0	91	65	0	9
0	73	0	92	65	0	10
0	73	0	93	65	0	10
0	73	0	94	65	0	9
0	73	0	95	65	0	11
0	73	0	96	65	0	4
0	73	0	97	65	0	11
0	73	0	98	65	0	2
0	73	0	99	65	0	11
0	73	0	100	65	0	14
0	73	0	101	65	0	9
0	73	0	102	65	0	4
0	73	0	103	65	0	3
0	73	0	88	64	0	8
0	73	0	89	64	0	1
0	73	0	90	64	0	6
0	73	0	92	64	0	7
0	73	0	93	64	0	15
0	73	0	94	64	0	13
0	73	0	95	64	0	11
0	73	0	96	64	0	7
0	73	0	97	64	0	11
0	73	0	98	64	0	12
0	73	0	99	64	0	1
0	73	0	100	64	0	8
0	73	0	101	64	0	4
0	73	0	103	64	0	0
0	73	0	87	63	0	5
0	73	0	88	63	0	7
0	73	0	89	63	0	3
0	73	0	90	63	0	9
0	73	0	92	63	0	11
0	73	0	93	63	0	16
0	73	0	94	63	0	16
0	73	0	95	63	0	19
0	73	0	96	63	0	4
0	73	0	97	63	0	4
0	73	0	98	63	0	15
0	73	0	99	63	0	3
0	73	0	100	63	0	3
0	73	0	101	63	0	1
0	73	0	103	63	0	1
0	73	0	87	62	0	3
0	73	0	88	62	0	15
0	73	0	89	62	0	7
0	73	0	90	62	0	8
0	73	0	91	62	0	13
0	73	0	92	62	0	6
0	73	0	93	62	0	4
0	73	0	94	62	0	17
0	73	0	95	62	0	4
0	73	0	96	62	0	2
0	73	0	97	62	0	8
0	73	0	98	62	0	6
0	73	0	99	62	0	4
0	73	0	100	62	0	11
0	73	0	101	62	0	2
0	73	0	89	61	0	6
0	73	0	90	61	0	5
0	73	0	91	61	0	8
0	73	0	92	61	0	6
0	73	0	93	61	0	1
0	73	0	94	61	0	13
0	73	0	95	61	0	7
0	73	0	96	61	0	1
0	73	0	97	61	0	7
0	73	0	98	61	0	10
0	73	0	99	61	0	4
0	73	0	100	61	0	7
0	73	0	90	60	0	16
0	73	0	91	60	0	5
0	73	0	92	60	0	4
0	73	0	93	60	0	12
0	73	0	94	60	0	3
0	73	0	95	60	0	2
0	73	0	96	60	0	5
0	73	0	88	59	0	11
0	73	0	89	59	0	1
0	73	0	90	59	0	2
0	73	0	91	59	0	1
0	73	0	92	59	0	0
0	73	0	93	59	0	1
0	73	0	94	59	0	10
0	73	0	95	59	0	11
0	73	0	89	58	0	0
0	73	0	90	58	0	7
0	73	0	91	58	0	0
0	73	0	93	58	0	4
0	73	0	94	58	0	1
0	73	0	91	57	0	0
0	73	0	92	57	0	4
0	73	0	93	57	0	0
0	73	0	96	55	0	0
0	73	0	94	53	0	0
0	74	0	95	73	0	7
0	74	0	95	72	0	0
0	74	0	96	72	0	0
0	74	0	97	72	0	7
0	74	0	98	72	0	7
0	74	0	99	72	0	3
0	74	0	100	72	0	5
0	74	0	90	71	0	8
0	74	0	91	71	0	8
0	74	0	92	71	0	10
0	74	0	93	71	0	6
0	74	0	96	71	0	10
0	74	0	97	71	0	4
0	74	0	98	71	0	1
0	74	0	99	71	0	5
0	74	0	100	71	0	5
0	74	0	101	71	0	0
0	74	0	89	70	0	0
0	74	0	90	70	0	12
0	74	0	91	70	0	1
0	74	0	92	70	0	8
0	74	0	95	70	0	6
0	74	0	96	70	0	10
0	74	0	97	70	0	8
0	74	0	98	70	0	6
0	74	0	99	70	0	2
0	74	0	100	70	0	6
0	74	0	101	70	0	2
0	74	0	87	69	0	7
0	74	0	88	69	0	5
0	74	0	89	69	0	15
0	74	0	91	69	0	11
0	74	0	92	69	0	11
0	74	0	93	69	0	11
0	74	0	94	69	0	9
0	74	0	95	69	0	7
0	74	0	96	69	0	5
0	74	0	97	69	0	0
0	74	0	98	69	0	2
0	74	0	99	69	0	7
0	74	0	100	69	0	9
0	74	0	101	69	0	5
0	74	0	89	68	0	7
0	74	0	90	68	0	7
0	74	0	91	68	0	8
0	74	0	92	68	0	11
0	74	0	93	68	0	2
0	74	0	94	68	0	5
0	74	0	95	68	0	8
0	74	0	96	68	0	1
0	74	0	97	68	0	5
0	74	0	98	68	0	6
0	74	0	99	68	0	0
0	74	0	100	68	0	3
0	74	0	101	68	0	10
0	74	0	102	68	0	1
0	74	0	88	67	0	11
0	74	0	89	67	0	13
0	74	0	90	67	0	6
0	74	0	91	67	0	6
0	74	0	92	67	0	13
0	74	0	93	67	0	4
0	74	0	94	67	0	8
0	74	0	95	67	0	7
0	74	0	96	67	0	7
0	74	0	97	67	0	5
0	74	0	98	67	0	9
0	74	0	99	67	0	16
0	74	0	100	67	0	11
0	74	0	101	67	0	2
0	74	0	102	67	0	13
0	74	0	87	66	0	3
0	74	0	88	66	0	6
0	74	0	89	66	0	10
0	74	0	90	66	0	8
0	74	0	91	66	0	11
0	74	0	92	66	0	1
0	74	0	93	66	0	2
0	74	0	94	66	0	12
0	74	0	95	66	0	18
0	74	0	96	66	0	13
0	74	0	97	66	0	7
0	74	0	98	66	0	9
0	74	0	99	66	0	7
0	74	0	100	66	0	6
0	74	0	101	66	0	4
0	74	0	102	66	0	7
0	74	0	88	65	0	3
0	74	0	89	65	0	10
0	74	0	90	65	0	14
0	74	0	91	65	0	10
0	74	0	92	65	0	9
0	74	0	93	65	0	9
0	74	0	94	65	0	12
0	74	0	95	65	0	9
0	74	0	96	65	0	10
0	74	0	97	65	0	10
0	74	0	98	65	0	4
0	74	0	99	65	0	6
0	74	0	100	65	0	10
0	74	0	101	65	0	5
0	74	0	102	65	0	4
0	74	0	103	65	0	4
0	74	0	88	64	0	9
0	74	0	89	64	0	2
0	74	0	90	64	0	10
0	74	0	92	64	0	6
0	74	0	93	64	0	8
0	74	0	94	64	0	10
0	74	0	95	64	0	8
0	74	0	96	64	0	10
0	74	0	97	64	0	14
0	74	0	98	64	0	11
0	74	0	99	64	0	2
0	74	0	100	64	0	6
0	74	0	101	64	0	4
0	74	0	102	64	0	1
0	74	0	103	64	0	0
0	74	0	87	63	0	3
0	74	0	88	63	0	10
0	74	0	89	63	0	6
0	74	0	90	63	0	8
0	74	0	92	63	0	10
0	74	0	93	63	0	5
0	74	0	94	63	0	9
0	74	0	95	63	0	20
0	74	0	96	63	0	8
0	74	0	97	63	0	7
0	74	0	98	63	0	15
0	74	0	99	63	0	1
0	74	0	100	63	0	3
0	74	0	101	63	0	1
0	74	0	103	63	0	0
0	74	0	87	62	0	9
0	74	0	88	62	0	8
0	74	0	89	62	0	4
0	74	0	90	62	0	12
0	74	0	91	62	0	18
0	74	0	92	62	0	6
0	74	0	93	62	0	3
0	74	0	94	62	0	14
0	74	0	95	62	0	11
0	74	0	96	62	0	4
0	74	0	97	62	0	10
0	74	0	98	62	0	5
0	74	0	99	62	0	4
0	74	0	100	62	0	7
0	74	0	101	62	0	3
0	74	0	89	61	0	6
0	74	0	90	61	0	8
0	74	0	91	61	0	8
0	74	0	92	61	0	3
0	74	0	93	61	0	0
0	74	0	94	61	0	15
0	74	0	95	61	0	14
0	74	0	96	61	0	2
0	74	0	97	61	0	8
0	74	0	98	61	0	7
0	74	0	99	61	0	6
0	74	0	100	61	0	5
0	74	0	90	60	0	17
0	74	0	91	60	0	7
0	74	0	92	60	0	6
0	74	0	93	60	0	9
0	74	0	94	60	0	1
0	74	0	95	60	0	3
0	74	0	96	60	0	4
0	74	0	88	59	0	5
0	74	0	89	59	0	1
0	74	0	90	59	0	2
0	74	0	91	59	0	2
0	74	0	92	59	0	0
0	74	0	93	59	0	1
0	74	0	94	59	0	7
0	74	0	95	59	0	9
0	74	0	89	58	0	0
0	74	0	90	58	0	6
0	74	0	91	58	0	1
0	74	0	93	58	0	2
0	74	0	94	58	0	0
0	74	0	91	57	0	0
0	74	0	92	57	0	8
0	74	0	93	57	0	0
0	74	0	96	55	0	0
0	74	0	94	53	0	0
0	75	0	95	73	0	6
0	75	0	95	72	0	0
0	75	0	96	72	0	1
0	75	0	97	72	0	6
0	75	0	98	72	0	7
0	75	0	99	72	0	1
0	75	0	100	72	0	5
0	75	0	90	71	0	14
0	75	0	91	71	0	6
0	75	0	92	71	0	15
0	75	0	93	71	0	4
0	75	0	96	71	0	15
0	75	0	97	71	0	8
0	75	0	98	71	0	0
0	75	0	99	71	0	5
0	75	0	100	71	0	6
0	75	0	101	71	0	0
0	75	0	102	71	0	1
0	75	0	89	70	0	0
0	75	0	90	70	0	9
0	75	0	91	70	0	3
0	75	0	92	70	0	8
0	75	0	95	70	0	6
0	75	0	96	70	0	14
0	75	0	97	70	0	7
0	75	0	98	70	0	7
0	75	0	99	70	0	4
0	75	0	100	70	0	5
0	75	0	101	70	0	2
0	75	0	87	69	0	11
0	75	0	88	69	0	6
0	75	0	89	69	0	11
0	75	0	91	69	0	9
0	75	0	92	69	0	12
0	75	0	93	69	0	12
0	75	0	94	69	0	9
0	75	0	95	69	0	4
0	75	0	96	69	0	5
0	75	0	97	69	0	0
0	75	0	98	69	0	6
0	75	0	99	69	0	10
0	75	0	100	69	0	14
0	75	0	101	69	0	4
0	75	0	89	68	0	7
0	75	0	90	68	0	9
0	75	0	91	68	0	10
0	75	0	92	68	0	12
0	75	0	93	68	0	2
0	75	0	94	68	0	7
0	75	0	95	68	0	9
0	75	0	96	68	0	0
0	75	0	97	68	0	1
0	75	0	98	68	0	10
0	75	0	99	68	0	1
0	75	0	100	68	0	2
0	75	0	101	68	0	7
0	75	0	102	68	0	2
0	75	0	88	67	0	7
0	75	0	89	67	0	11
0	75	0	90	67	0	6
0	75	0	91	67	0	4
0	75	0	92	67	0	16
0	75	0	93	67	0	4
0	75	0	94	67	0	10
0	75	0	95	67	0	9
0	75	0	96	67	0	7
0	75	0	97	67	0	9
0	75	0	98	67	0	10
0	75	0	99	67	0	13
0	75	0	100	67	0	7
0	75	0	101	67	0	5
0	75	0	102	67	0	6
0	75	0	87	66	0	1
0	75	0	88	66	0	11
0	75	0	89	66	0	13
0	75	0	90	66	0	10
0	75	0	91	66	0	15
0	75	0	92	66	0	1
0	75	0	93	66	0	3
0	75	0	94	66	0	10
0	75	0	95	66	0	13
0	75	0	96	66	0	11
0	75	0	97	66	0	15
0	75	0	98	66	0	8
0	75	0	99	66	0	7
0	75	0	100	66	0	5
0	75	0	101	66	0	5
0	75	0	102	66	0	6
0	75	0	88	65	0	5
0	75	0	89	65	0	9
0	75	0	90	65	0	8
0	75	0	91	65	0	9
0	75	0	92	65	0	15
0	75	0	93	65	0	8
0	75	0	94	65	0	11
0	75	0	95	65	0	5
0	75	0	96	65	0	13
0	75	0	97	65	0	3
0	75	0	98	65	0	3
0	75	0	99	65	0	12
0	75	0	100	65	0	7
0	75	0	101	65	0	7
0	75	0	102	65	0	6
0	75	0	103	65	0	6
0	75	0	88	64	0	13
0	75	0	89	64	0	0
0	75	0	90	64	0	8
0	75	0	92	64	0	8
0	75	0	93	64	0	9
0	75	0	94	64	0	5
0	75	0	95	64	0	6
0	75	0	96	64	0	9
0	75	0	97	64	0	19
0	75	0	98	64	0	9
0	75	0	99	64	0	3
0	75	0	100	64	0	7
0	75	0	101	64	0	3
0	75	0	102	64	0	2
0	75	0	103	64	0	0
0	75	0	87	63	0	0
0	75	0	88	63	0	8
0	75	0	89	63	0	5
0	75	0	90	63	0	16
0	75	0	92	63	0	9
0	75	0	93	63	0	6
0	75	0	94	63	0	12
0	75	0	95	63	0	16
0	75	0	96	63	0	3
0	75	0	97	63	0	10
0	75	0	98	63	0	12
0	75	0	99	63	0	4
0	75	0	100	63	0	7
0	75	0	101	63	0	1
0	75	0	103	63	0	0
0	75	0	87	62	0	13
0	75	0	88	62	0	13
0	75	0	89	62	0	6
0	75	0	90	62	0	11
0	75	0	91	62	0	16
0	75	0	92	62	0	5
0	75	0	93	62	0	6
0	75	0	94	62	0	8
0	75	0	95	62	0	12
0	75	0	96	62	0	8
0	75	0	97	62	0	12
0	75	0	98	62	0	9
0	75	0	99	62	0	5
0	75	0	100	62	0	5
0	75	0	101	62	0	3
0	75	0	89	61	0	4
0	75	0	90	61	0	4
0	75	0	91	61	0	5
0	75	0	92	61	0	5
0	75	0	93	61	0	0
0	75	0	94	61	0	11
0	75	0	95	61	0	9
0	75	0	96	61	0	5
0	75	0	97	61	0	8
0	75	0	98	61	0	9
0	75	0	99	61	0	4
0	75	0	100	61	0	7
0	75	0	90	60	0	15
0	75	0	91	60	0	4
0	75	0	92	60	0	7
0	75	0	93	60	0	5
0	75	0	94	60	0	1
0	75	0	95	60	0	3
0	75	0	96	60	0	2
0	75	0	88	59	0	10
0	75	0	89	59	0	1
0	75	0	90	59	0	2
0	75	0	91	59	0	3
0	75	0	92	59	0	0
0	75	0	93	59	0	2
0	75	0	94	59	0	6
0	75	0	95	59	0	8
0	75	0	89	58	0	0
0	75	0	90	58	0	5
0	75	0	91	58	0	2
0	75	0	93	58	0	3
0	75	0	94	58	0	0
0	75	0	91	57	0	0
0	75	0	92	57	0	6
0	75	0	93	57	0	1
0	75	0	96	55	0	0
0	75	0	94	53	0	0
0	76	0	95	73	0	8
0	76	0	95	72	0	0
0	76	0	96	72	0	2
0	76	0	97	72	0	8
0	76	0	98	72	0	8
0	76	0	99	72	0	2
0	76	0	100	72	0	2
0	76	0	90	71	0	14
0	76	0	91	71	0	4
0	76	0	92	71	0	11
0	76	0	93	71	0	7
0	76	0	96	71	0	8
0	76	0	97	71	0	5
0	76	0	98	71	0	0
0	76	0	99	71	0	7
0	76	0	100	71	0	8
0	76	0	101	71	0	0
0	76	0	102	71	0	2
0	76	0	89	70	0	0
0	76	0	90	70	0	9
0	76	0	91	70	0	2
0	76	0	92	70	0	11
0	76	0	95	70	0	6
0	76	0	96	70	0	10
0	76	0	97	70	0	8
0	76	0	98	70	0	5
0	76	0	99	70	0	5
0	76	0	100	70	0	9
0	76	0	101	70	0	4
0	76	0	87	69	0	15
0	76	0	88	69	0	9
0	76	0	89	69	0	8
0	76	0	91	69	0	10
0	76	0	92	69	0	10
0	76	0	93	69	0	10
0	76	0	94	69	0	9
0	76	0	95	69	0	4
0	76	0	96	69	0	7
0	76	0	97	69	0	1
0	76	0	98	69	0	9
0	76	0	99	69	0	10
0	76	0	100	69	0	9
0	76	0	101	69	0	5
0	76	0	89	68	0	6
0	76	0	90	68	0	12
0	76	0	91	68	0	12
0	76	0	92	68	0	15
0	76	0	93	68	0	1
0	76	0	94	68	0	5
0	76	0	95	68	0	7
0	76	0	96	68	0	2
0	76	0	97	68	0	1
0	76	0	98	68	0	17
0	76	0	99	68	0	1
0	76	0	100	68	0	2
0	76	0	101	68	0	6
0	76	0	102	68	0	2
0	76	0	88	67	0	7
0	76	0	89	67	0	9
0	76	0	90	67	0	7
0	76	0	91	67	0	9
0	76	0	92	67	0	12
0	76	0	93	67	0	9
0	76	0	94	67	0	14
0	76	0	95	67	0	5
0	76	0	96	67	0	11
0	76	0	97	67	0	7
0	76	0	98	67	0	5
0	76	0	99	67	0	7
0	76	0	100	67	0	7
0	76	0	101	67	0	6
0	76	0	102	67	0	11
0	76	0	87	66	0	5
0	76	0	88	66	0	10
0	76	0	89	66	0	9
0	76	0	90	66	0	7
0	76	0	91	66	0	9
0	76	0	92	66	0	1
0	76	0	93	66	0	4
0	76	0	94	66	0	7
0	76	0	95	66	0	12
0	76	0	96	66	0	12
0	76	0	97	66	0	17
0	76	0	98	66	0	7
0	76	0	99	66	0	8
0	76	0	100	66	0	12
0	76	0	101	66	0	6
0	76	0	102	66	0	7
0	76	0	88	65	0	8
0	76	0	89	65	0	11
0	76	0	90	65	0	9
0	76	0	91	65	0	4
0	76	0	92	65	0	15
0	76	0	93	65	0	13
0	76	0	94	65	0	12
0	76	0	95	65	0	6
0	76	0	96	65	0	15
0	76	0	97	65	0	2
0	76	0	98	65	0	3
0	76	0	99	65	0	12
0	76	0	100	65	0	2
0	76	0	101	65	0	10
0	76	0	102	65	0	4
0	76	0	103	65	0	9
0	76	0	88	64	0	12
0	76	0	89	64	0	1
0	76	0	90	64	0	7
0	76	0	92	64	0	12
0	76	0	93	64	0	6
0	76	0	94	64	0	7
0	76	0	95	64	0	6
0	76	0	96	64	0	7
0	76	0	97	64	0	12
0	76	0	98	64	0	10
0	76	0	99	64	0	4
0	76	0	100	64	0	10
0	76	0	101	64	0	3
0	76	0	102	64	0	2
0	76	0	103	64	0	0
0	76	0	87	63	0	0
0	76	0	88	63	0	8
0	76	0	89	63	0	3
0	76	0	90	63	0	8
0	76	0	92	63	0	7
0	76	0	93	63	0	4
0	76	0	94	63	0	10
0	76	0	95	63	0	14
0	76	0	96	63	0	1
0	76	0	97	63	0	7
0	76	0	98	63	0	15
0	76	0	99	63	0	0
0	76	0	100	63	0	2
0	76	0	101	63	0	1
0	76	0	103	63	0	0
0	76	0	87	62	0	19
0	76	0	88	62	0	5
0	76	0	89	62	0	7
0	76	0	90	62	0	9
0	76	0	91	62	0	17
0	76	0	92	62	0	6
0	76	0	93	62	0	10
0	76	0	94	62	0	7
0	76	0	95	62	0	8
0	76	0	96	62	0	9
0	76	0	97	62	0	6
0	76	0	98	62	0	13
0	76	0	99	62	0	5
0	76	0	100	62	0	4
0	76	0	101	62	0	9
0	76	0	89	61	0	6
0	76	0	90	61	0	6
0	76	0	91	61	0	1
0	76	0	92	61	0	3
0	76	0	93	61	0	2
0	76	0	94	61	0	8
0	76	0	95	61	0	9
0	76	0	96	61	0	8
0	76	0	97	61	0	7
0	76	0	98	61	0	8
0	76	0	99	61	0	7
0	76	0	100	61	0	5
0	76	0	90	60	0	14
0	76	0	91	60	0	5
0	76	0	92	60	0	14
0	76	0	93	60	0	4
0	76	0	94	60	0	2
0	76	0	95	60	0	8
0	76	0	96	60	0	5
0	76	0	88	59	0	12
0	76	0	89	59	0	2
0	76	0	90	59	0	6
0	76	0	91	59	0	3
0	76	0	92	59	0	0
0	76	0	93	59	0	3
0	76	0	94	59	0	2
0	76	0	95	59	0	7
0	76	0	89	58	0	0
0	76	0	90	58	0	9
0	76	0	91	58	0	1
0	76	0	92	58	0	1
0	76	0	93	58	0	3
0	76	0	94	58	0	0
0	76	0	91	57	0	0
0	76	0	92	57	0	8
0	76	0	93	57	0	1
0	76	0	96	55	0	1
0	76	0	94	53	0	0
0	77	0	95	73	0	8
0	77	0	95	72	0	1
0	77	0	96	72	0	3
0	77	0	97	72	0	8
0	77	0	98	72	0	12
0	77	0	99	72	0	3
0	77	0	100	72	0	2
0	77	0	90	71	0	10
0	77	0	91	71	0	5
0	77	0	92	71	0	9
0	77	0	93	71	0	6
0	77	0	96	71	0	2
0	77	0	97	71	0	6
0	77	0	98	71	0	0
0	77	0	99	71	0	7
0	77	0	100	71	0	8
0	77	0	101	71	0	0
0	77	0	102	71	0	4
0	77	0	89	70	0	0
0	77	0	90	70	0	8
0	77	0	91	70	0	6
0	77	0	92	70	0	12
0	77	0	95	70	0	14
0	77	0	96	70	0	11
0	77	0	97	70	0	11
0	77	0	98	70	0	6
0	77	0	99	70	0	4
0	77	0	100	70	0	7
0	77	0	101	70	0	8
0	77	0	87	69	0	5
0	77	0	88	69	0	10
0	77	0	89	69	0	9
0	77	0	91	69	0	4
0	77	0	92	69	0	10
0	77	0	93	69	0	9
0	77	0	94	69	0	8
0	77	0	95	69	0	6
0	77	0	96	69	0	4
0	77	0	97	69	0	5
0	77	0	98	69	0	6
0	77	0	99	69	0	11
0	77	0	100	69	0	10
0	77	0	101	69	0	3
0	77	0	89	68	0	8
0	77	0	90	68	0	3
0	77	0	91	68	0	5
0	77	0	92	68	0	12
0	77	0	93	68	0	1
0	77	0	94	68	0	5
0	77	0	95	68	0	6
0	77	0	96	68	0	6
0	77	0	97	68	0	0
0	77	0	98	68	0	6
0	77	0	99	68	0	1
0	77	0	100	68	0	2
0	77	0	101	68	0	10
0	77	0	102	68	0	3
0	77	0	88	67	0	7
0	77	0	89	67	0	4
0	77	0	90	67	0	11
0	77	0	91	67	0	14
0	77	0	92	67	0	11
0	77	0	93	67	0	9
0	77	0	94	67	0	12
0	77	0	95	67	0	4
0	77	0	96	67	0	10
0	77	0	97	67	0	8
0	77	0	98	67	0	2
0	77	0	99	67	0	5
0	77	0	100	67	0	5
0	77	0	101	67	0	10
0	77	0	102	67	0	10
0	77	0	87	66	0	8
0	77	0	88	66	0	20
0	77	0	89	66	0	5
0	77	0	90	66	0	14
0	77	0	91	66	0	4
0	77	0	92	66	0	0
0	77	0	93	66	0	3
0	77	0	94	66	0	9
0	77	0	95	66	0	13
0	77	0	96	66	0	9
0	77	0	97	66	0	7
0	77	0	98	66	0	8
0	77	0	99	66	0	9
0	77	0	100	66	0	12
0	77	0	101	66	0	9
0	77	0	102	66	0	3
0	77	0	88	65	0	12
0	77	0	89	65	0	9
0	77	0	90	65	0	8
0	77	0	91	65	0	8
0	77	0	92	65	0	10
0	77	0	93	65	0	10
0	77	0	94	65	0	16
0	77	0	95	65	0	6
0	77	0	96	65	0	12
0	77	0	97	65	0	5
0	77	0	98	65	0	7
0	77	0	99	65	0	8
0	77	0	100	65	0	3
0	77	0	101	65	0	12
0	77	0	102	65	0	4
0	77	0	103	65	0	4
0	77	0	88	64	0	7
0	77	0	89	64	0	2
0	77	0	90	64	0	8
0	77	0	92	64	0	10
0	77	0	93	64	0	4
0	77	0	94	64	0	11
0	77	0	95	64	0	4
0	77	0	96	64	0	9
0	77	0	97	64	0	14
0	77	0	98	64	0	12
0	77	0	99	64	0	5
0	77	0	100	64	0	12
0	77	0	101	64	0	1
0	77	0	102	64	0	3
0	77	0	103	64	0	0
0	77	0	87	63	0	0
0	77	0	88	63	0	13
0	77	0	89	63	0	4
0	77	0	90	63	0	8
0	77	0	92	63	0	6
0	77	0	93	63	0	4
0	77	0	94	63	0	17
0	77	0	95	63	0	9
0	77	0	96	63	0	2
0	77	0	97	63	0	6
0	77	0	98	63	0	10
0	77	0	99	63	0	1
0	77	0	100	63	0	1
0	77	0	101	63	0	3
0	77	0	103	63	0	0
0	77	0	87	62	0	14
0	77	0	88	62	0	7
0	77	0	89	62	0	8
0	77	0	90	62	0	8
0	77	0	91	62	0	13
0	77	0	92	62	0	4
0	77	0	93	62	0	10
0	77	0	94	62	0	6
0	77	0	95	62	0	9
0	77	0	96	62	0	13
0	77	0	97	62	0	6
0	77	0	98	62	0	9
0	77	0	99	62	0	4
0	77	0	100	62	0	3
0	77	0	101	62	0	6
0	77	0	89	61	0	7
0	77	0	90	61	0	8
0	77	0	91	61	0	1
0	77	0	92	61	0	1
0	77	0	93	61	0	5
0	77	0	94	61	0	10
0	77	0	95	61	0	3
0	77	0	96	61	0	12
0	77	0	97	61	0	9
0	77	0	98	61	0	7
0	77	0	99	61	0	4
0	77	0	100	61	0	10
0	77	0	90	60	0	8
0	77	0	91	60	0	3
0	77	0	92	60	0	9
0	77	0	93	60	0	4
0	77	0	94	60	0	5
0	77	0	95	60	0	6
0	77	0	96	60	0	8
0	77	0	88	59	0	12
0	77	0	89	59	0	2
0	77	0	90	59	0	4
0	77	0	91	59	0	2
0	77	0	92	59	0	0
0	77	0	93	59	0	5
0	77	0	94	59	0	0
0	77	0	95	59	0	8
0	77	0	89	58	0	0
0	77	0	90	58	0	14
0	77	0	91	58	0	3
0	77	0	92	58	0	1
0	77	0	93	58	0	6
0	77	0	94	58	0	0
0	77	0	91	57	0	0
0	77	0	92	57	0	4
0	77	0	93	57	0	1
0	77	0	96	55	0	5
0	77	0	94	53	0	0
0	78	0	95	73	0	10
0	78	0	95	72	0	1
0	78	0	96	72	0	1
0	78	0	97	72	0	6
0	78	0	98	72	0	12
0	78	0	99	72	0	4
0	78	0	100	72	0	3
0	78	0	90	71	0	9
0	78	0	91	71	0	4
0	78	0	92	71	0	8
0	78	0	93	71	0	5
0	78	0	96	71	0	3
0	78	0	97	71	0	3
0	78	0	98	71	0	0
0	78	0	99	71	0	11
0	78	0	100	71	0	10
0	78	0	101	71	0	0
0	78	0	102	71	0	8
0	78	0	89	70	0	0
0	78	0	90	70	0	10
0	78	0	91	70	0	9
0	78	0	92	70	0	6
0	78	0	95	70	0	7
0	78	0	96	70	0	13
0	78	0	97	70	0	14
0	78	0	98	70	0	4
0	78	0	99	70	0	3
0	78	0	100	70	0	8
0	78	0	101	70	0	5
0	78	0	87	69	0	4
0	78	0	88	69	0	13
0	78	0	89	69	0	10
0	78	0	91	69	0	5
0	78	0	92	69	0	7
0	78	0	93	69	0	6
0	78	0	94	69	0	5
0	78	0	95	69	0	4
0	78	0	96	69	0	5
0	78	0	97	69	0	7
0	78	0	98	69	0	8
0	78	0	99	69	0	9
0	78	0	100	69	0	8
0	78	0	101	69	0	3
0	78	0	89	68	0	10
0	78	0	90	68	0	3
0	78	0	91	68	0	5
0	78	0	92	68	0	12
0	78	0	93	68	0	1
0	78	0	94	68	0	6
0	78	0	95	68	0	10
0	78	0	96	68	0	4
0	78	0	97	68	0	1
0	78	0	98	68	0	11
0	78	0	99	68	0	2
0	78	0	100	68	0	3
0	78	0	101	68	0	12
0	78	0	102	68	0	2
0	78	0	88	67	0	4
0	78	0	89	67	0	3
0	78	0	90	67	0	14
0	78	0	91	67	0	14
0	78	0	92	67	0	11
0	78	0	93	67	0	12
0	78	0	94	67	0	15
0	78	0	95	67	0	8
0	78	0	96	67	0	9
0	78	0	97	67	0	7
0	78	0	98	67	0	2
0	78	0	99	67	0	8
0	78	0	100	67	0	11
0	78	0	101	67	0	10
0	78	0	102	67	0	9
0	78	0	87	66	0	9
0	78	0	88	66	0	14
0	78	0	89	66	0	5
0	78	0	90	66	0	11
0	78	0	91	66	0	5
0	78	0	92	66	0	2
0	78	0	93	66	0	6
0	78	0	94	66	0	12
0	78	0	95	66	0	12
0	78	0	96	66	0	8
0	78	0	97	66	0	5
0	78	0	98	66	0	12
0	78	0	99	66	0	9
0	78	0	100	66	0	10
0	78	0	101	66	0	11
0	78	0	102	66	0	2
0	78	0	88	65	0	13
0	78	0	89	65	0	11
0	78	0	90	65	0	5
0	78	0	91	65	0	8
0	78	0	92	65	0	10
0	78	0	93	65	0	11
0	78	0	94	65	0	10
0	78	0	95	65	0	4
0	78	0	96	65	0	18
0	78	0	97	65	0	8
0	78	0	98	65	0	3
0	78	0	99	65	0	8
0	78	0	100	65	0	3
0	78	0	101	65	0	8
0	78	0	102	65	0	4
0	78	0	103	65	0	6
0	78	0	88	64	0	10
0	78	0	89	64	0	3
0	78	0	90	64	0	2
0	78	0	92	64	0	8
0	78	0	93	64	0	6
0	78	0	94	64	0	10
0	78	0	95	64	0	5
0	78	0	96	64	0	7
0	78	0	97	64	0	13
0	78	0	98	64	0	17
0	78	0	99	64	0	4
0	78	0	100	64	0	17
0	78	0	101	64	0	2
0	78	0	102	64	0	4
0	78	0	103	64	0	0
0	78	0	87	63	0	0
0	78	0	88	63	0	13
0	78	0	89	63	0	4
0	78	0	90	63	0	11
0	78	0	92	63	0	8
0	78	0	93	63	0	5
0	78	0	94	63	0	19
0	78	0	95	63	0	8
0	78	0	96	63	0	3
0	78	0	97	63	0	8
0	78	0	98	63	0	10
0	78	0	99	63	0	2
0	78	0	100	63	0	1
0	78	0	101	63	0	1
0	78	0	103	63	0	0
0	78	0	87	62	0	8
0	78	0	88	62	0	9
0	78	0	89	62	0	7
0	78	0	90	62	0	8
0	78	0	91	62	0	7
0	78	0	92	62	0	2
0	78	0	93	62	0	10
0	78	0	94	62	0	8
0	78	0	95	62	0	5
0	78	0	96	62	0	5
0	78	0	97	62	0	11
0	78	0	98	62	0	9
0	78	0	99	62	0	1
0	78	0	100	62	0	2
0	78	0	101	62	0	8
0	78	0	89	61	0	10
0	78	0	90	61	0	12
0	78	0	91	61	0	0
0	78	0	92	61	0	1
0	78	0	93	61	0	5
0	78	0	94	61	0	12
0	78	0	95	61	0	5
0	78	0	96	61	0	6
0	78	0	97	61	0	10
0	78	0	98	61	0	8
0	78	0	99	61	0	5
0	78	0	100	61	0	16
0	78	0	90	60	0	7
0	78	0	91	60	0	8
0	78	0	92	60	0	8
0	78	0	93	60	0	7
0	78	0	94	60	0	5
0	78	0	95	60	0	7
0	78	0	96	60	0	6
0	78	0	88	59	0	7
0	78	0	89	59	0	1
0	78	0	90	59	0	2
0	78	0	91	59	0	3
0	78	0	92	59	0	1
0	78	0	93	59	0	5
0	78	0	94	59	0	0
0	78	0	95	59	0	7
0	78	0	89	58	0	1
0	78	0	90	58	0	10
0	78	0	91	58	0	6
0	78	0	92	58	0	3
0	78	0	93	58	0	6
0	78	0	94	58	0	1
0	78	0	91	57	0	0
0	78	0	92	57	0	10
0	78	0	93	57	0	2
0	78	0	96	55	0	6
0	78	0	94	53	0	0
0	79	0	95	73	0	8
0	79	0	95	72	0	2
0	79	0	96	72	0	1
0	79	0	97	72	0	3
0	79	0	98	72	0	7
0	79	0	99	72	0	4
0	79	0	100	72	0	2
0	79	0	90	71	0	4
0	79	0	91	71	0	3
0	79	0	92	71	0	9
0	79	0	93	71	0	7
0	79	0	96	71	0	3
0	79	0	97	71	0	1
0	79	0	98	71	0	0
0	79	0	99	71	0	11
0	79	0	100	71	0	9
0	79	0	101	71	0	0
0	79	0	102	71	0	5
0	79	0	89	70	0	0
0	79	0	90	70	0	8
0	79	0	91	70	0	13
0	79	0	92	70	0	8
0	79	0	95	70	0	6
0	79	0	96	70	0	12
0	79	0	97	70	0	9
0	79	0	98	70	0	7
0	79	0	99	70	0	4
0	79	0	100	70	0	8
0	79	0	101	70	0	11
0	79	0	87	69	0	3
0	79	0	88	69	0	14
0	79	0	89	69	0	8
0	79	0	91	69	0	8
0	79	0	92	69	0	7
0	79	0	93	69	0	4
0	79	0	94	69	0	9
0	79	0	95	69	0	3
0	79	0	96	69	0	7
0	79	0	97	69	0	6
0	79	0	98	69	0	9
0	79	0	99	69	0	8
0	79	0	100	69	0	3
0	79	0	101	69	0	3
0	79	0	89	68	0	8
0	79	0	90	68	0	4
0	79	0	91	68	0	6
0	79	0	92	68	0	17
0	79	0	93	68	0	7
0	79	0	94	68	0	4
0	79	0	95	68	0	12
0	79	0	96	68	0	10
0	79	0	97	68	0	2
0	79	0	98	68	0	5
0	79	0	99	68	0	1
0	79	0	100	68	0	4
0	79	0	101	68	0	10
0	79	0	102	68	0	3
0	79	0	88	67	0	6
0	79	0	89	67	0	2
0	79	0	90	67	0	8
0	79	0	91	67	0	11
0	79	0	92	67	0	11
0	79	0	93	67	0	11
0	79	0	94	67	0	14
0	79	0	95	67	0	8
0	79	0	96	67	0	1
0	79	0	97	67	0	7
0	79	0	98	67	0	4
0	79	0	99	67	0	11
0	79	0	100	67	0	6
0	79	0	101	67	0	10
0	79	0	102	67	0	7
0	79	0	87	66	0	13
0	79	0	88	66	0	11
0	79	0	89	66	0	11
0	79	0	90	66	0	10
0	79	0	91	66	0	5
0	79	0	92	66	0	2
0	79	0	93	66	0	8
0	79	0	94	66	0	8
0	79	0	95	66	0	6
0	79	0	96	66	0	8
0	79	0	97	66	0	7
0	79	0	98	66	0	13
0	79	0	99	66	0	8
0	79	0	100	66	0	13
0	79	0	101	66	0	11
0	79	0	102	66	0	4
0	79	0	88	65	0	6
0	79	0	89	65	0	10
0	79	0	90	65	0	2
0	79	0	91	65	0	5
0	79	0	92	65	0	8
0	79	0	93	65	0	6
0	79	0	94	65	0	16
0	79	0	95	65	0	7
0	79	0	96	65	0	13
0	79	0	97	65	0	15
0	79	0	98	65	0	6
0	79	0	99	65	0	11
0	79	0	100	65	0	3
0	79	0	101	65	0	6
0	79	0	102	65	0	1
0	79	0	103	65	0	7
0	79	0	88	64	0	9
0	79	0	89	64	0	3
0	79	0	90	64	0	1
0	79	0	92	64	0	6
0	79	0	93	64	0	8
0	79	0	94	64	0	13
0	79	0	95	64	0	9
0	79	0	96	64	0	4
0	79	0	97	64	0	8
0	79	0	98	64	0	15
0	79	0	99	64	0	2
0	79	0	100	64	0	8
0	79	0	101	64	0	2
0	79	0	102	64	0	4
0	79	0	103	64	0	0
0	79	0	87	63	0	0
0	79	0	88	63	0	9
0	79	0	89	63	0	4
0	79	0	90	63	0	7
0	79	0	92	63	0	5
0	79	0	93	63	0	7
0	79	0	94	63	0	13
0	79	0	95	63	0	8
0	79	0	96	63	0	7
0	79	0	97	63	0	12
0	79	0	98	63	0	8
0	79	0	99	63	0	3
0	79	0	100	63	0	2
0	79	0	101	63	0	0
0	79	0	103	63	0	0
0	79	0	87	62	0	8
0	79	0	88	62	0	5
0	79	0	89	62	0	10
0	79	0	90	62	0	5
0	79	0	91	62	0	9
0	79	0	92	62	0	0
0	79	0	93	62	0	9
0	79	0	94	62	0	6
0	79	0	95	62	0	4
0	79	0	96	62	0	4
0	79	0	97	62	0	13
0	79	0	98	62	0	6
0	79	0	99	62	0	1
0	79	0	100	62	0	1
0	79	0	101	62	0	9
0	79	0	89	61	0	12
0	79	0	90	61	0	6
0	79	0	91	61	0	0
0	79	0	92	61	0	1
0	79	0	93	61	0	4
0	79	0	94	61	0	10
0	79	0	95	61	0	5
0	79	0	96	61	0	8
0	79	0	97	61	0	8
0	79	0	98	61	0	8
0	79	0	99	61	0	9
0	79	0	100	61	0	11
0	79	0	90	60	0	5
0	79	0	91	60	0	6
0	79	0	92	60	0	7
0	79	0	93	60	0	4
0	79	0	94	60	0	8
0	79	0	95	60	0	1
0	79	0	96	60	0	8
0	79	0	88	59	0	5
0	79	0	89	59	0	3
0	79	0	90	59	0	0
0	79	0	91	59	0	5
0	79	0	92	59	0	3
0	79	0	93	59	0	7
0	79	0	94	59	0	0
0	79	0	95	59	0	8
0	79	0	89	58	0	0
0	79	0	90	58	0	10
0	79	0	91	58	0	3
0	79	0	92	58	0	1
0	79	0	93	58	0	7
0	79	0	94	58	0	3
0	79	0	91	57	0	0
0	79	0	92	57	0	9
0	79	0	93	57	0	0
0	79	0	96	55	0	8
0	79	0	94	53	0	0
0	79	0	102	50	0	1
0	80	0	95	73	0	9
0	80	0	95	72	0	9
0	80	0	96	72	0	1
0	80	0	97	72	0	3
0	80	0	98	72	0	3
0	80	0	99	72	0	3
0	80	0	100	72	0	5
0	80	0	90	71	0	6
0	80	0	91	71	0	0
0	80	0	92	71	0	14
0	80	0	93	71	0	4
0	80	0	96	71	0	4
0	80	0	97	71	0	2
0	80	0	98	71	0	0
0	80	0	99	71	0	10
0	80	0	100	71	0	9
0	80	0	101	71	0	1
0	80	0	102	71	0	3
0	80	0	89	70	0	1
0	80	0	90	70	0	10
0	80	0	91	70	0	7
0	80	0	92	70	0	9
0	80	0	95	70	0	10
0	80	0	96	70	0	11
0	80	0	97	70	0	7
0	80	0	98	70	0	6
0	80	0	99	70	0	3
0	80	0	100	70	0	6
0	80	0	101	70	0	11
0	80	0	87	69	0	4
0	80	0	88	69	0	8
0	80	0	89	69	0	8
0	80	0	91	69	0	4
0	80	0	92	69	0	6
0	80	0	93	69	0	3
0	80	0	94	69	0	8
0	80	0	95	69	0	3
0	80	0	96	69	0	1
0	80	0	97	69	0	7
0	80	0	98	69	0	10
0	80	0	99	69	0	7
0	80	0	100	69	0	2
0	80	0	101	69	0	5
0	80	0	89	68	0	12
0	80	0	90	68	0	6
0	80	0	91	68	0	9
0	80	0	92	68	0	9
0	80	0	93	68	0	4
0	80	0	94	68	0	6
0	80	0	95	68	0	8
0	80	0	96	68	0	16
0	80	0	97	68	0	3
0	80	0	98	68	0	9
0	80	0	99	68	0	0
0	80	0	100	68	0	7
0	80	0	101	68	0	13
0	80	0	102	68	0	4
0	80	0	88	67	0	11
0	80	0	89	67	0	0
0	80	0	90	67	0	6
0	80	0	91	67	0	9
0	80	0	92	67	0	11
0	80	0	93	67	0	15
0	80	0	94	67	0	11
0	80	0	95	67	0	12
0	80	0	96	67	0	2
0	80	0	97	67	0	6
0	80	0	98	67	0	4
0	80	0	99	67	0	10
0	80	0	100	67	0	7
0	80	0	101	67	0	10
0	80	0	102	67	0	3
0	80	0	87	66	0	11
0	80	0	88	66	0	6
0	80	0	89	66	0	10
0	80	0	90	66	0	11
0	80	0	91	66	0	5
0	80	0	92	66	0	3
0	80	0	93	66	0	9
0	80	0	94	66	0	7
0	80	0	95	66	0	10
0	80	0	96	66	0	10
0	80	0	97	66	0	11
0	80	0	98	66	0	10
0	80	0	99	66	0	12
0	80	0	100	66	0	17
0	80	0	101	66	0	15
0	80	0	102	66	0	1
0	80	0	88	65	0	3
0	80	0	89	65	0	10
0	80	0	90	65	0	2
0	80	0	91	65	0	4
0	80	0	92	65	0	14
0	80	0	93	65	0	5
0	80	0	94	65	0	11
0	80	0	95	65	0	8
0	80	0	96	65	0	11
0	80	0	97	65	0	11
0	80	0	98	65	0	9
0	80	0	99	65	0	6
0	80	0	100	65	0	4
0	80	0	101	65	0	1
0	80	0	102	65	0	3
0	80	0	103	65	0	8
0	80	0	88	64	0	11
0	80	0	89	64	0	2
0	80	0	90	64	0	5
0	80	0	92	64	0	6
0	80	0	93	64	0	14
0	80	0	94	64	0	12
0	80	0	95	64	0	7
0	80	0	96	64	0	5
0	80	0	97	64	0	8
0	80	0	98	64	0	17
0	80	0	99	64	0	4
0	80	0	100	64	0	10
0	80	0	101	64	0	3
0	80	0	102	64	0	3
0	80	0	103	64	0	2
0	80	0	87	63	0	1
0	80	0	88	63	0	11
0	80	0	89	63	0	6
0	80	0	90	63	0	10
0	80	0	92	63	0	9
0	80	0	93	63	0	7
0	80	0	94	63	0	10
0	80	0	95	63	0	9
0	80	0	96	63	0	9
0	80	0	97	63	0	8
0	80	0	98	63	0	9
0	80	0	99	63	0	3
0	80	0	100	63	0	4
0	80	0	101	63	0	0
0	80	0	103	63	0	0
0	80	0	87	62	0	8
0	80	0	88	62	0	4
0	80	0	89	62	0	9
0	80	0	90	62	0	8
0	80	0	91	62	0	9
0	80	0	92	62	0	0
0	80	0	93	62	0	9
0	80	0	94	62	0	7
0	80	0	95	62	0	4
0	80	0	96	62	0	6
0	80	0	97	62	0	15
0	80	0	98	62	0	1
0	80	0	99	62	0	1
0	80	0	100	62	0	4
0	80	0	101	62	0	7
0	80	0	102	62	0	1
0	80	0	89	61	0	12
0	80	0	90	61	0	6
0	80	0	91	61	0	0
0	80	0	92	61	0	5
0	80	0	93	61	0	3
0	80	0	94	61	0	11
0	80	0	95	61	0	5
0	80	0	96	61	0	9
0	80	0	97	61	0	4
0	80	0	98	61	0	8
0	80	0	99	61	0	12
0	80	0	100	61	0	12
0	80	0	90	60	0	5
0	80	0	91	60	0	6
0	80	0	92	60	0	7
0	80	0	93	60	0	5
0	80	0	94	60	0	6
0	80	0	95	60	0	1
0	80	0	96	60	0	12
0	80	0	88	59	0	1
0	80	0	89	59	0	2
0	80	0	90	59	0	1
0	80	0	91	59	0	5
0	80	0	92	59	0	3
0	80	0	93	59	0	9
0	80	0	94	59	0	0
0	80	0	95	59	0	11
0	80	0	89	58	0	0
0	80	0	90	58	0	10
0	80	0	91	58	0	5
0	80	0	92	58	0	3
0	80	0	93	58	0	5
0	80	0	94	58	0	5
0	80	0	91	57	0	0
0	80	0	92	57	0	7
0	80	0	93	57	0	1
0	80	0	96	55	0	7
0	80	0	94	53	0	0
0	80	0	102	50	0	0
0	81	0	95	73	0	11
0	81	0	95	72	0	11
0	81	0	96	72	0	1
0	81	0	97	72	0	2
0	81	0	98	72	0	1
0	81	0	99	72	0	7
0	81	0	100	72	0	6
0	81	0	90	71	0	9
0	81	0	91	71	0	0
0	81	0	92	71	0	7
0	81	0	93	71	0	5
0	81	0	96	71	0	3
0	81	0	97	71	0	1
0	81	0	98	71	0	1
0	81	0	99	71	0	8
0	81	0	100	71	0	9
0	81	0	101	71	0	1
0	81	0	102	71	0	5
0	81	0	89	70	0	4
0	81	0	90	70	0	15
0	81	0	91	70	0	6
0	81	0	92	70	0	13
0	81	0	95	70	0	10
0	81	0	96	70	0	11
0	81	0	97	70	0	7
0	81	0	98	70	0	7
0	81	0	99	70	0	2
0	81	0	100	70	0	7
0	81	0	101	70	0	9
0	81	0	87	69	0	6
0	81	0	88	69	0	5
0	81	0	89	69	0	5
0	81	0	91	69	0	5
0	81	0	92	69	0	6
0	81	0	93	69	0	6
0	81	0	94	69	0	14
0	81	0	95	69	0	8
0	81	0	96	69	0	0
0	81	0	97	69	0	9
0	81	0	98	69	0	9
0	81	0	99	69	0	3
0	81	0	100	69	0	3
0	81	0	101	69	0	4
0	81	0	89	68	0	12
0	81	0	90	68	0	11
0	81	0	91	68	0	6
0	81	0	92	68	0	6
0	81	0	93	68	0	9
0	81	0	94	68	0	6
0	81	0	95	68	0	9
0	81	0	96	68	0	12
0	81	0	97	68	0	6
0	81	0	98	68	0	4
0	81	0	99	68	0	2
0	81	0	100	68	0	14
0	81	0	101	68	0	8
0	81	0	102	68	0	3
0	81	0	88	67	0	8
0	81	0	89	67	0	0
0	81	0	90	67	0	2
0	81	0	91	67	0	7
0	81	0	92	67	0	8
0	81	0	93	67	0	18
0	81	0	94	67	0	11
0	81	0	95	67	0	13
0	81	0	96	67	0	5
0	81	0	97	67	0	5
0	81	0	98	67	0	5
0	81	0	99	67	0	8
0	81	0	100	67	0	4
0	81	0	101	67	0	9
0	81	0	102	67	0	3
0	81	0	87	66	0	6
0	81	0	88	66	0	10
0	81	0	89	66	0	11
0	81	0	90	66	0	10
0	81	0	91	66	0	4
0	81	0	92	66	0	5
0	81	0	93	66	0	6
0	81	0	94	66	0	10
0	81	0	95	66	0	4
0	81	0	96	66	0	16
0	81	0	97	66	0	7
0	81	0	98	66	0	13
0	81	0	99	66	0	6
0	81	0	100	66	0	17
0	81	0	101	66	0	9
0	81	0	102	66	0	3
0	81	0	88	65	0	3
0	81	0	89	65	0	6
0	81	0	90	65	0	2
0	81	0	91	65	0	3
0	81	0	92	65	0	13
0	81	0	93	65	0	9
0	81	0	94	65	0	10
0	81	0	95	65	0	10
0	81	0	96	65	0	5
0	81	0	97	65	0	8
0	81	0	98	65	0	5
0	81	0	99	65	0	11
0	81	0	100	65	0	3
0	81	0	101	65	0	1
0	81	0	102	65	0	6
0	81	0	103	65	0	10
0	81	0	88	64	0	7
0	81	0	89	64	0	4
0	81	0	90	64	0	5
0	81	0	92	64	0	13
0	81	0	93	64	0	11
0	81	0	94	64	0	6
0	81	0	95	64	0	7
0	81	0	96	64	0	8
0	81	0	97	64	0	6
0	81	0	98	64	0	14
0	81	0	99	64	0	10
0	81	0	100	64	0	11
0	81	0	101	64	0	2
0	81	0	102	64	0	7
0	81	0	103	64	0	1
0	81	0	87	63	0	0
0	81	0	88	63	0	3
0	81	0	89	63	0	8
0	81	0	90	63	0	11
0	81	0	92	63	0	9
0	81	0	93	63	0	8
0	81	0	94	63	0	15
0	81	0	95	63	0	6
0	81	0	96	63	0	10
0	81	0	97	63	0	9
0	81	0	98	63	0	12
0	81	0	99	63	0	5
0	81	0	100	63	0	12
0	81	0	101	63	0	0
0	81	0	102	63	0	1
0	81	0	103	63	0	0
0	81	0	87	62	0	14
0	81	0	88	62	0	6
0	81	0	89	62	0	10
0	81	0	90	62	0	9
0	81	0	91	62	0	10
0	81	0	92	62	0	0
0	81	0	93	62	0	5
0	81	0	94	62	0	9
0	81	0	95	62	0	6
0	81	0	96	62	0	7
0	81	0	97	62	0	10
0	81	0	98	62	0	2
0	81	0	99	62	0	0
0	81	0	100	62	0	7
0	81	0	101	62	0	5
0	81	0	102	62	0	2
0	81	0	89	61	0	8
0	81	0	90	61	0	9
0	81	0	91	61	0	0
0	81	0	92	61	0	8
0	81	0	93	61	0	4
0	81	0	94	61	0	10
0	81	0	95	61	0	5
0	81	0	96	61	0	8
0	81	0	97	61	0	2
0	81	0	98	61	0	13
0	81	0	99	61	0	10
0	81	0	100	61	0	13
0	81	0	90	60	0	8
0	81	0	91	60	0	6
0	81	0	92	60	0	11
0	81	0	93	60	0	5
0	81	0	94	60	0	3
0	81	0	95	60	0	1
0	81	0	96	60	0	11
0	81	0	88	59	0	0
0	81	0	89	59	0	2
0	81	0	90	59	0	1
0	81	0	91	59	0	7
0	81	0	92	59	0	6
0	81	0	93	59	0	10
0	81	0	94	59	0	0
0	81	0	95	59	0	6
0	81	0	89	58	0	1
0	81	0	90	58	0	14
0	81	0	91	58	0	12
0	81	0	92	58	0	4
0	81	0	93	58	0	0
0	81	0	94	58	0	8
0	81	0	91	57	0	0
0	81	0	92	57	0	2
0	81	0	93	57	0	3
0	81	0	96	55	0	7
0	81	0	94	53	0	0
0	81	0	103	53	0	1
0	81	0	102	50	0	0
0	82	0	95	73	0	9
0	82	0	95	72	0	9
0	82	0	96	72	0	1
0	82	0	97	72	0	6
0	82	0	98	72	0	2
0	82	0	99	72	0	10
0	82	0	100	72	0	7
0	82	0	90	71	0	7
0	82	0	91	71	0	0
0	82	0	92	71	0	6
0	82	0	93	71	0	5
0	82	0	96	71	0	9
0	82	0	97	71	0	0
0	82	0	98	71	0	2
0	82	0	99	71	0	12
0	82	0	100	71	0	12
0	82	0	101	71	0	4
0	82	0	102	71	0	5
0	82	0	89	70	0	6
0	82	0	90	70	0	9
0	82	0	91	70	0	9
0	82	0	92	70	0	6
0	82	0	95	70	0	12
0	82	0	96	70	0	11
0	82	0	97	70	0	8
0	82	0	98	70	0	9
0	82	0	99	70	0	4
0	82	0	100	70	0	9
0	82	0	101	70	0	5
0	82	0	87	69	0	7
0	82	0	88	69	0	3
0	82	0	89	69	0	2
0	82	0	91	69	0	4
0	82	0	92	69	0	4
0	82	0	93	69	0	9
0	82	0	94	69	0	17
0	82	0	95	69	0	9
0	82	0	96	69	0	2
0	82	0	97	69	0	7
0	82	0	98	69	0	7
0	82	0	99	69	0	3
0	82	0	100	69	0	4
0	82	0	101	69	0	7
0	82	0	89	68	0	8
0	82	0	90	68	0	9
0	82	0	91	68	0	5
0	82	0	92	68	0	5
0	82	0	93	68	0	13
0	82	0	94	68	0	4
0	82	0	95	68	0	8
0	82	0	96	68	0	11
0	82	0	97	68	0	8
0	82	0	98	68	0	3
0	82	0	99	68	0	4
0	82	0	100	68	0	12
0	82	0	101	68	0	5
0	82	0	102	68	0	4
0	82	0	88	67	0	10
0	82	0	89	67	0	1
0	82	0	90	67	0	4
0	82	0	91	67	0	6
0	82	0	92	67	0	7
0	82	0	93	67	0	17
0	82	0	94	67	0	12
0	82	0	95	67	0	8
0	82	0	96	67	0	8
0	82	0	97	67	0	4
0	82	0	98	67	0	8
0	82	0	99	67	0	12
0	82	0	100	67	0	3
0	82	0	101	67	0	7
0	82	0	102	67	0	2
0	82	0	87	66	0	3
0	82	0	88	66	0	3
0	82	0	89	66	0	6
0	82	0	90	66	0	6
0	82	0	91	66	0	3
0	82	0	92	66	0	5
0	82	0	93	66	0	3
0	82	0	94	66	0	9
0	82	0	95	66	0	5
0	82	0	96	66	0	11
0	82	0	97	66	0	8
0	82	0	98	66	0	7
0	82	0	99	66	0	6
0	82	0	100	66	0	9
0	82	0	101	66	0	12
0	82	0	102	66	0	3
0	82	0	88	65	0	4
0	82	0	89	65	0	7
0	82	0	90	65	0	3
0	82	0	91	65	0	2
0	82	0	92	65	0	13
0	82	0	93	65	0	10
0	82	0	94	65	0	7
0	82	0	95	65	0	11
0	82	0	96	65	0	13
0	82	0	97	65	0	12
0	82	0	98	65	0	8
0	82	0	99	65	0	14
0	82	0	100	65	0	6
0	82	0	101	65	0	3
0	82	0	102	65	0	5
0	82	0	103	65	0	5
0	82	0	88	64	0	10
0	82	0	89	64	0	7
0	82	0	90	64	0	3
0	82	0	92	64	0	16
0	82	0	93	64	0	12
0	82	0	94	64	0	10
0	82	0	95	64	0	8
0	82	0	96	64	0	6
0	82	0	97	64	0	7
0	82	0	98	64	0	16
0	82	0	99	64	0	10
0	82	0	100	64	0	8
0	82	0	101	64	0	1
0	82	0	102	64	0	6
0	82	0	103	64	0	0
0	82	0	87	63	0	0
0	82	0	88	63	0	0
0	82	0	89	63	0	9
0	82	0	90	63	0	12
0	82	0	92	63	0	8
0	82	0	93	63	0	10
0	82	0	94	63	0	8
0	82	0	95	63	0	10
0	82	0	96	63	0	6
0	82	0	97	63	0	5
0	82	0	98	63	0	10
0	82	0	99	63	0	4
0	82	0	100	63	0	10
0	82	0	101	63	0	0
0	82	0	102	63	0	0
0	82	0	103	63	0	0
0	82	0	87	62	0	16
0	82	0	88	62	0	5
0	82	0	89	62	0	12
0	82	0	90	62	0	5
0	82	0	91	62	0	8
0	82	0	92	62	0	1
0	82	0	93	62	0	6
0	82	0	94	62	0	10
0	82	0	95	62	0	5
0	82	0	96	62	0	9
0	82	0	97	62	0	9
0	82	0	98	62	0	2
0	82	0	99	62	0	1
0	82	0	100	62	0	7
0	82	0	101	62	0	5
0	82	0	102	62	0	3
0	82	0	89	61	0	7
0	82	0	90	61	0	4
0	82	0	91	61	0	0
0	82	0	92	61	0	10
0	82	0	93	61	0	8
0	82	0	94	61	0	10
0	82	0	95	61	0	10
0	82	0	96	61	0	7
0	82	0	97	61	0	4
0	82	0	98	61	0	9
0	82	0	99	61	0	13
0	82	0	100	61	0	10
0	82	0	90	60	0	6
0	82	0	91	60	0	8
0	82	0	92	60	0	7
0	82	0	93	60	0	3
0	82	0	94	60	0	2
0	82	0	95	60	0	2
0	82	0	96	60	0	13
0	82	0	88	59	0	1
0	82	0	89	59	0	2
0	82	0	90	59	0	1
0	82	0	91	59	0	11
0	82	0	92	59	0	3
0	82	0	93	59	0	7
0	82	0	94	59	0	2
0	82	0	95	59	0	8
0	82	0	89	58	0	1
0	82	0	90	58	0	10
0	82	0	91	58	0	10
0	82	0	92	58	0	3
0	82	0	93	58	0	0
0	82	0	94	58	0	8
0	82	0	91	57	0	0
0	82	0	92	57	0	2
0	82	0	93	57	0	4
0	82	0	96	55	0	2
0	82	0	94	53	0	0
0	82	0	103	53	0	2
0	82	0	95	50	0	1
0	82	0	102	50	0	0
0	83	0	95	73	0	10
0	83	0	95	72	0	15
0	83	0	96	72	0	1
0	83	0	97	72	0	6
0	83	0	98	72	0	4
0	83	0	99	72	0	9
0	83	0	100	72	0	5
0	83	0	90	71	0	9
0	83	0	91	71	0	1
0	83	0	92	71	0	2
0	83	0	93	71	0	5
0	83	0	96	71	0	11
0	83	0	97	71	0	2
0	83	0	98	71	0	3
0	83	0	99	71	0	9
0	83	0	100	71	0	4
0	83	0	101	71	0	2
0	83	0	102	71	0	7
0	83	0	89	70	0	5
0	83	0	90	70	0	8
0	83	0	91	70	0	6
0	83	0	92	70	0	3
0	83	0	95	70	0	13
0	83	0	96	70	0	8
0	83	0	97	70	0	6
0	83	0	98	70	0	10
0	83	0	99	70	0	6
0	83	0	100	70	0	9
0	83	0	101	70	0	5
0	83	0	102	70	0	1
0	83	0	87	69	0	7
0	83	0	88	69	0	5
0	83	0	89	69	0	3
0	83	0	91	69	0	5
0	83	0	92	69	0	2
0	83	0	93	69	0	13
0	83	0	94	69	0	14
0	83	0	95	69	0	12
0	83	0	96	69	0	1
0	83	0	97	69	0	4
0	83	0	98	69	0	4
0	83	0	99	69	0	4
0	83	0	100	69	0	5
0	83	0	101	69	0	12
0	83	0	89	68	0	5
0	83	0	90	68	0	14
0	83	0	91	68	0	4
0	83	0	92	68	0	7
0	83	0	93	68	0	7
0	83	0	94	68	0	5
0	83	0	95	68	0	12
0	83	0	96	68	0	10
0	83	0	97	68	0	6
0	83	0	98	68	0	6
0	83	0	99	68	0	9
0	83	0	100	68	0	9
0	83	0	101	68	0	7
0	83	0	102	68	0	7
0	83	0	88	67	0	8
0	83	0	89	67	0	1
0	83	0	90	67	0	6
0	83	0	91	67	0	7
0	83	0	92	67	0	8
0	83	0	93	67	0	17
0	83	0	94	67	0	14
0	83	0	95	67	0	5
0	83	0	96	67	0	6
0	83	0	97	67	0	4
0	83	0	98	67	0	9
0	83	0	99	67	0	7
0	83	0	100	67	0	7
0	83	0	101	67	0	9
0	83	0	102	67	0	1
0	83	0	87	66	0	3
0	83	0	88	66	0	8
0	83	0	89	66	0	4
0	83	0	90	66	0	7
0	83	0	91	66	0	2
0	83	0	92	66	0	4
0	83	0	93	66	0	2
0	83	0	94	66	0	10
0	83	0	95	66	0	11
0	83	0	96	66	0	7
0	83	0	97	66	0	5
0	83	0	98	66	0	11
0	83	0	99	66	0	7
0	83	0	100	66	0	8
0	83	0	101	66	0	5
0	83	0	102	66	0	1
0	83	0	88	65	0	4
0	83	0	89	65	0	6
0	83	0	90	65	0	5
0	83	0	91	65	0	2
0	83	0	92	65	0	12
0	83	0	93	65	0	11
0	83	0	94	65	0	10
0	83	0	95	65	0	11
0	83	0	96	65	0	7
0	83	0	97	65	0	10
0	83	0	98	65	0	5
0	83	0	99	65	0	11
0	83	0	100	65	0	7
0	83	0	101	65	0	4
0	83	0	102	65	0	8
0	83	0	103	65	0	1
0	83	0	88	64	0	9
0	83	0	89	64	0	7
0	83	0	90	64	0	6
0	83	0	92	64	0	17
0	83	0	93	64	0	11
0	83	0	94	64	0	15
0	83	0	95	64	0	10
0	83	0	96	64	0	5
0	83	0	97	64	0	3
0	83	0	98	64	0	22
0	83	0	99	64	0	12
0	83	0	100	64	0	8
0	83	0	101	64	0	3
0	83	0	102	64	0	8
0	83	0	103	64	0	1
0	83	0	87	63	0	1
0	83	0	88	63	0	0
0	83	0	89	63	0	9
0	83	0	90	63	0	8
0	83	0	92	63	0	14
0	83	0	93	63	0	7
0	83	0	94	63	0	9
0	83	0	95	63	0	5
0	83	0	96	63	0	8
0	83	0	97	63	0	8
0	83	0	98	63	0	11
0	83	0	99	63	0	4
0	83	0	100	63	0	13
0	83	0	101	63	0	0
0	83	0	102	63	0	0
0	83	0	103	63	0	1
0	83	0	87	62	0	10
0	83	0	88	62	0	5
0	83	0	89	62	0	11
0	83	0	90	62	0	10
0	83	0	91	62	0	9
0	83	0	92	62	0	2
0	83	0	93	62	0	5
0	83	0	94	62	0	7
0	83	0	95	62	0	5
0	83	0	96	62	0	4
0	83	0	97	62	0	12
0	83	0	98	62	0	3
0	83	0	99	62	0	1
0	83	0	100	62	0	4
0	83	0	101	62	0	5
0	83	0	102	62	0	3
0	83	0	89	61	0	7
0	83	0	90	61	0	5
0	83	0	91	61	0	0
0	83	0	92	61	0	9
0	83	0	93	61	0	6
0	83	0	94	61	0	6
0	83	0	95	61	0	22
0	83	0	96	61	0	9
0	83	0	97	61	0	3
0	83	0	98	61	0	1
0	83	0	99	61	0	9
0	83	0	100	61	0	5
0	83	0	90	60	0	7
0	83	0	91	60	0	12
0	83	0	92	60	0	6
0	83	0	93	60	0	6
0	83	0	94	60	0	6
0	83	0	95	60	0	6
0	83	0	96	60	0	10
0	83	0	88	59	0	3
0	83	0	89	59	0	3
0	83	0	90	59	0	3
0	83	0	91	59	0	9
0	83	0	92	59	0	3
0	83	0	93	59	0	4
0	83	0	94	59	0	3
0	83	0	95	59	0	11
0	83	0	89	58	0	2
0	83	0	90	58	0	5
0	83	0	91	58	0	7
0	83	0	92	58	0	2
0	83	0	93	58	0	1
0	83	0	94	58	0	6
0	83	0	91	57	0	1
0	83	0	92	57	0	4
0	83	0	93	57	0	8
0	83	0	96	55	0	0
0	83	0	94	53	0	0
0	83	0	103	53	0	3
0	83	0	95	50	0	2
0	83	0	102	50	0	0
0	84	0	95	73	0	7
0	84	0	95	72	0	10
0	84	0	96	72	0	1
0	84	0	97	72	0	7
0	84	0	98	72	0	4
0	84	0	99	72	0	7
0	84	0	100	72	0	3
0	84	0	90	71	0	4
0	84	0	91	71	0	0
0	84	0	92	71	0	4
0	84	0	93	71	0	3
0	84	0	96	71	0	14
0	84	0	97	71	0	5
0	84	0	98	71	0	5
0	84	0	99	71	0	9
0	84	0	100	71	0	4
0	84	0	101	71	0	2
0	84	0	102	71	0	10
0	84	0	89	70	0	7
0	84	0	90	70	0	9
0	84	0	91	70	0	8
0	84	0	92	70	0	4
0	84	0	95	70	0	13
0	84	0	96	70	0	9
0	84	0	97	70	0	4
0	84	0	98	70	0	8
0	84	0	99	70	0	4
0	84	0	100	70	0	6
0	84	0	101	70	0	6
0	84	0	102	70	0	0
0	84	0	87	69	0	8
0	84	0	88	69	0	8
0	84	0	89	69	0	7
0	84	0	91	69	0	6
0	84	0	92	69	0	2
0	84	0	93	69	0	16
0	84	0	94	69	0	7
0	84	0	95	69	0	11
0	84	0	96	69	0	2
0	84	0	97	69	0	8
0	84	0	98	69	0	3
0	84	0	99	69	0	2
0	84	0	100	69	0	8
0	84	0	101	69	0	11
0	84	0	102	69	0	1
0	84	0	89	68	0	8
0	84	0	90	68	0	13
0	84	0	91	68	0	2
0	84	0	92	68	0	8
0	84	0	93	68	0	5
0	84	0	94	68	0	9
0	84	0	95	68	0	12
0	84	0	96	68	0	11
0	84	0	97	68	0	7
0	84	0	98	68	0	5
0	84	0	99	68	0	8
0	84	0	100	68	0	11
0	84	0	101	68	0	10
0	84	0	102	68	0	11
0	84	0	88	67	0	10
0	84	0	89	67	0	2
0	84	0	90	67	0	5
0	84	0	91	67	0	8
0	84	0	92	67	0	8
0	84	0	93	67	0	9
0	84	0	94	67	0	10
0	84	0	95	67	0	6
0	84	0	96	67	0	3
0	84	0	97	67	0	9
0	84	0	98	67	0	10
0	84	0	99	67	0	5
0	84	0	100	67	0	10
0	84	0	101	67	0	10
0	84	0	102	67	0	2
0	84	0	87	66	0	2
0	84	0	88	66	0	9
0	84	0	89	66	0	3
0	84	0	90	66	0	7
0	84	0	91	66	0	2
0	84	0	92	66	0	2
0	84	0	93	66	0	7
0	84	0	94	66	0	11
0	84	0	95	66	0	12
0	84	0	96	66	0	5
0	84	0	97	66	0	5
0	84	0	98	66	0	6
0	84	0	99	66	0	7
0	84	0	100	66	0	6
0	84	0	101	66	0	8
0	84	0	102	66	0	2
0	84	0	88	65	0	7
0	84	0	89	65	0	7
0	84	0	90	65	0	7
0	84	0	91	65	0	4
0	84	0	92	65	0	17
0	84	0	93	65	0	9
0	84	0	94	65	0	11
0	84	0	95	65	0	9
0	84	0	96	65	0	6
0	84	0	97	65	0	11
0	84	0	98	65	0	8
0	84	0	99	65	0	8
0	84	0	100	65	0	6
0	84	0	101	65	0	5
0	84	0	102	65	0	8
0	84	0	103	65	0	2
0	84	0	88	64	0	7
0	84	0	89	64	0	6
0	84	0	90	64	0	8
0	84	0	92	64	0	5
0	84	0	93	64	0	4
0	84	0	94	64	0	17
0	84	0	95	64	0	8
0	84	0	96	64	0	5
0	84	0	97	64	0	3
0	84	0	98	64	0	10
0	84	0	99	64	0	13
0	84	0	100	64	0	5
0	84	0	101	64	0	1
0	84	0	102	64	0	7
0	84	0	103	64	0	2
0	84	0	87	63	0	0
0	84	0	88	63	0	1
0	84	0	89	63	0	9
0	84	0	90	63	0	7
0	84	0	92	63	0	11
0	84	0	93	63	0	8
0	84	0	94	63	0	8
0	84	0	95	63	0	2
0	84	0	96	63	0	5
0	84	0	97	63	0	13
0	84	0	98	63	0	7
0	84	0	99	63	0	5
0	84	0	100	63	0	8
0	84	0	101	63	0	0
0	84	0	102	63	0	1
0	84	0	103	63	0	1
0	84	0	87	62	0	10
0	84	0	88	62	0	6
0	84	0	89	62	0	8
0	84	0	90	62	0	8
0	84	0	91	62	0	5
0	84	0	92	62	0	4
0	84	0	93	62	0	5
0	84	0	94	62	0	9
0	84	0	95	62	0	9
0	84	0	96	62	0	4
0	84	0	97	62	0	7
0	84	0	98	62	0	5
0	84	0	99	62	0	1
0	84	0	100	62	0	4
0	84	0	101	62	0	6
0	84	0	102	62	0	4
0	84	0	89	61	0	6
0	84	0	90	61	0	5
0	84	0	91	61	0	0
0	84	0	92	61	0	8
0	84	0	93	61	0	9
0	84	0	94	61	0	12
0	84	0	95	61	0	13
0	84	0	96	61	0	8
0	84	0	97	61	0	5
0	84	0	98	61	0	3
0	84	0	99	61	0	9
0	84	0	100	61	0	4
0	84	0	90	60	0	3
0	84	0	91	60	0	13
0	84	0	92	60	0	5
0	84	0	93	60	0	4
0	84	0	94	60	0	8
0	84	0	95	60	0	4
0	84	0	96	60	0	13
0	84	0	88	59	0	1
0	84	0	89	59	0	2
0	84	0	90	59	0	2
0	84	0	91	59	0	10
0	84	0	92	59	0	3
0	84	0	93	59	0	4
0	84	0	94	59	0	1
0	84	0	95	59	0	13
0	84	0	89	58	0	0
0	84	0	90	58	0	6
0	84	0	91	58	0	9
0	84	0	92	58	0	5
0	84	0	93	58	0	2
0	84	0	94	58	0	6
0	84	0	91	57	0	1
0	84	0	92	57	0	6
0	84	0	93	57	0	9
0	84	0	96	55	0	0
0	84	0	94	53	0	0
0	84	0	103	53	0	4
0	84	0	95	50	0	2
0	84	0	102	50	0	0
0	84	0	94	49	0	1
0	85	0	95	73	0	6
0	85	0	95	72	0	9
0	85	0	96	72	0	2
0	85	0	97	72	0	10
0	85	0	98	72	0	6
0	85	0	99	72	0	9
0	85	0	100	72	0	3
0	85	0	90	71	0	6
0	85	0	91	71	0	0
0	85	0	92	71	0	3
0	85	0	93	71	0	7
0	85	0	96	71	0	4
0	85	0	97	71	0	5
0	85	0	98	71	0	4
0	85	0	99	71	0	5
0	85	0	100	71	0	9
0	85	0	101	71	0	5
0	85	0	102	71	0	4
0	85	0	89	70	0	8
0	85	0	90	70	0	9
0	85	0	91	70	0	16
0	85	0	92	70	0	6
0	85	0	95	70	0	13
0	85	0	96	70	0	8
0	85	0	97	70	0	8
0	85	0	98	70	0	13
0	85	0	99	70	0	5
0	85	0	100	70	0	3
0	85	0	101	70	0	8
0	85	0	102	70	0	0
0	85	0	87	69	0	10
0	85	0	88	69	0	6
0	85	0	89	69	0	7
0	85	0	91	69	0	5
0	85	0	92	69	0	3
0	85	0	93	69	0	10
0	85	0	94	69	0	10
0	85	0	95	69	0	11
0	85	0	96	69	0	4
0	85	0	97	69	0	4
0	85	0	98	69	0	3
0	85	0	99	69	0	4
0	85	0	100	69	0	6
0	85	0	101	69	0	15
0	85	0	102	69	0	2
0	85	0	89	68	0	11
0	85	0	90	68	0	7
0	85	0	91	68	0	1
0	85	0	92	68	0	10
0	85	0	93	68	0	8
0	85	0	94	68	0	8
0	85	0	95	68	0	7
0	85	0	96	68	0	15
0	85	0	97	68	0	9
0	85	0	98	68	0	2
0	85	0	99	68	0	4
0	85	0	100	68	0	7
0	85	0	101	68	0	14
0	85	0	102	68	0	6
0	85	0	88	67	0	16
0	85	0	89	67	0	0
0	85	0	90	67	0	6
0	85	0	91	67	0	14
0	85	0	92	67	0	3
0	85	0	93	67	0	8
0	85	0	94	67	0	12
0	85	0	95	67	0	7
0	85	0	96	67	0	9
0	85	0	97	67	0	8
0	85	0	98	67	0	12
0	85	0	99	67	0	6
0	85	0	100	67	0	7
0	85	0	101	67	0	6
0	85	0	102	67	0	4
0	85	0	87	66	0	4
0	85	0	88	66	0	8
0	85	0	89	66	0	5
0	85	0	90	66	0	9
0	85	0	91	66	0	0
0	85	0	92	66	0	0
0	85	0	93	66	0	11
0	85	0	94	66	0	14
0	85	0	95	66	0	16
0	85	0	96	66	0	5
0	85	0	97	66	0	7
0	85	0	98	66	0	6
0	85	0	99	66	0	11
0	85	0	100	66	0	5
0	85	0	101	66	0	3
0	85	0	102	66	0	3
0	85	0	88	65	0	9
0	85	0	89	65	0	7
0	85	0	90	65	0	8
0	85	0	91	65	0	3
0	85	0	92	65	0	7
0	85	0	93	65	0	7
0	85	0	94	65	0	9
0	85	0	95	65	0	6
0	85	0	96	65	0	7
0	85	0	97	65	0	11
0	85	0	98	65	0	8
0	85	0	99	65	0	13
0	85	0	100	65	0	8
0	85	0	101	65	0	7
0	85	0	102	65	0	12
0	85	0	103	65	0	4
0	85	0	88	64	0	5
0	85	0	89	64	0	7
0	85	0	90	64	0	9
0	85	0	92	64	0	4
0	85	0	93	64	0	4
0	85	0	94	64	0	24
0	85	0	95	64	0	11
0	85	0	96	64	0	4
0	85	0	97	64	0	6
0	85	0	98	64	0	12
0	85	0	99	64	0	10
0	85	0	100	64	0	6
0	85	0	101	64	0	1
0	85	0	102	64	0	7
0	85	0	103	64	0	4
0	85	0	87	63	0	1
0	85	0	88	63	0	1
0	85	0	89	63	0	9
0	85	0	90	63	0	4
0	85	0	92	63	0	10
0	85	0	93	63	0	3
0	85	0	94	63	0	5
0	85	0	95	63	0	3
0	85	0	96	63	0	7
0	85	0	97	63	0	15
0	85	0	98	63	0	5
0	85	0	99	63	0	6
0	85	0	100	63	0	7
0	85	0	101	63	0	1
0	85	0	102	63	0	2
0	85	0	103	63	0	1
0	85	0	87	62	0	12
0	85	0	88	62	0	2
0	85	0	89	62	0	7
0	85	0	90	62	0	8
0	85	0	91	62	0	8
0	85	0	92	62	0	6
0	85	0	93	62	0	7
0	85	0	94	62	0	8
0	85	0	95	62	0	9
0	85	0	96	62	0	13
0	85	0	97	62	0	7
0	85	0	98	62	0	7
0	85	0	99	62	0	0
0	85	0	100	62	0	6
0	85	0	101	62	0	12
0	85	0	102	62	0	8
0	85	0	89	61	0	6
0	85	0	90	61	0	9
0	85	0	91	61	0	0
0	85	0	92	61	0	11
0	85	0	93	61	0	9
0	85	0	94	61	0	10
0	85	0	95	61	0	13
0	85	0	96	61	0	6
0	85	0	97	61	0	3
0	85	0	98	61	0	5
0	85	0	99	61	0	8
0	85	0	100	61	0	2
0	85	0	90	60	0	4
0	85	0	91	60	0	13
0	85	0	92	60	0	3
0	85	0	93	60	0	1
0	85	0	94	60	0	7
0	85	0	95	60	0	4
0	85	0	96	60	0	13
0	85	0	88	59	0	0
0	85	0	89	59	0	1
0	85	0	90	59	0	2
0	85	0	91	59	0	7
0	85	0	92	59	0	4
0	85	0	93	59	0	8
0	85	0	94	59	0	0
0	85	0	95	59	0	10
0	85	0	89	58	0	0
0	85	0	90	58	0	3
0	85	0	91	58	0	7
0	85	0	92	58	0	3
0	85	0	93	58	0	2
0	85	0	94	58	0	7
0	85	0	91	57	0	2
0	85	0	92	57	0	8
0	85	0	93	57	0	6
0	85	0	96	55	0	0
0	85	0	94	53	0	0
0	85	0	103	53	0	2
0	85	0	95	50	0	3
0	85	0	102	50	0	0
0	85	0	94	49	0	2
0	86	0	95	73	0	7
0	86	0	95	72	0	3
0	86	0	96	72	0	2
0	86	0	97	72	0	8
0	86	0	98	72	0	11
0	86	0	99	72	0	6
0	86	0	100	72	0	3
0	86	0	90	71	0	10
0	86	0	91	71	0	0
0	86	0	92	71	0	4
0	86	0	93	71	0	10
0	86	0	96	71	0	8
0	86	0	97	71	0	6
0	86	0	98	71	0	9
0	86	0	99	71	0	8
0	86	0	100	71	0	5
0	86	0	101	71	0	5
0	86	0	102	71	0	4
0	86	0	89	70	0	4
0	86	0	90	70	0	13
0	86	0	91	70	0	18
0	86	0	92	70	0	5
0	86	0	95	70	0	18
0	86	0	96	70	0	9
0	86	0	97	70	0	8
0	86	0	98	70	0	11
0	86	0	99	70	0	4
0	86	0	100	70	0	4
0	86	0	101	70	0	8
0	86	0	102	70	0	0
0	86	0	87	69	0	11
0	86	0	88	69	0	10
0	86	0	89	69	0	9
0	86	0	91	69	0	4
0	86	0	92	69	0	3
0	86	0	93	69	0	10
0	86	0	94	69	0	12
0	86	0	95	69	0	6
0	86	0	96	69	0	5
0	86	0	97	69	0	11
0	86	0	98	69	0	2
0	86	0	99	69	0	6
0	86	0	100	69	0	9
0	86	0	101	69	0	10
0	86	0	102	69	0	2
0	86	0	89	68	0	13
0	86	0	90	68	0	6
0	86	0	91	68	0	4
0	86	0	92	68	0	10
0	86	0	93	68	0	8
0	86	0	94	68	0	6
0	86	0	95	68	0	6
0	86	0	96	68	0	13
0	86	0	97	68	0	11
0	86	0	98	68	0	3
0	86	0	99	68	0	5
0	86	0	100	68	0	10
0	86	0	101	68	0	13
0	86	0	102	68	0	11
0	86	0	88	67	0	14
0	86	0	89	67	0	0
0	86	0	90	67	0	8
0	86	0	91	67	0	8
0	86	0	92	67	0	5
0	86	0	93	67	0	12
0	86	0	94	67	0	8
0	86	0	95	67	0	14
0	86	0	96	67	0	7
0	86	0	97	67	0	11
0	86	0	98	67	0	8
0	86	0	99	67	0	3
0	86	0	100	67	0	7
0	86	0	101	67	0	5
0	86	0	102	67	0	9
0	86	0	87	66	0	2
0	86	0	88	66	0	4
0	86	0	89	66	0	7
0	86	0	90	66	0	9
0	86	0	91	66	0	1
0	86	0	92	66	0	0
0	86	0	93	66	0	7
0	86	0	94	66	0	22
0	86	0	95	66	0	14
0	86	0	96	66	0	6
0	86	0	97	66	0	8
0	86	0	98	66	0	10
0	86	0	99	66	0	14
0	86	0	100	66	0	6
0	86	0	101	66	0	5
0	86	0	102	66	0	2
0	86	0	88	65	0	10
0	86	0	89	65	0	12
0	86	0	90	65	0	12
0	86	0	91	65	0	5
0	86	0	92	65	0	7
0	86	0	93	65	0	10
0	86	0	94	65	0	9
0	86	0	95	65	0	6
0	86	0	96	65	0	10
0	86	0	97	65	0	14
0	86	0	98	65	0	15
0	86	0	99	65	0	12
0	86	0	100	65	0	6
0	86	0	101	65	0	9
0	86	0	102	65	0	6
0	86	0	103	65	0	8
0	86	0	88	64	0	5
0	86	0	89	64	0	8
0	86	0	90	64	0	9
0	86	0	92	64	0	7
0	86	0	93	64	0	5
0	86	0	94	64	0	9
0	86	0	95	64	0	10
0	86	0	96	64	0	2
0	86	0	97	64	0	9
0	86	0	98	64	0	13
0	86	0	99	64	0	11
0	86	0	100	64	0	6
0	86	0	101	64	0	1
0	86	0	102	64	0	7
0	86	0	103	64	0	6
0	86	0	87	63	0	1
0	86	0	88	63	0	3
0	86	0	89	63	0	8
0	86	0	90	63	0	4
0	86	0	92	63	0	3
0	86	0	93	63	0	6
0	86	0	94	63	0	4
0	86	0	95	63	0	4
0	86	0	96	63	0	5
0	86	0	97	63	0	16
0	86	0	98	63	0	4
0	86	0	99	63	0	5
0	86	0	100	63	0	3
0	86	0	101	63	0	0
0	86	0	102	63	0	2
0	86	0	103	63	0	0
0	86	0	87	62	0	14
0	86	0	88	62	0	3
0	86	0	89	62	0	5
0	86	0	90	62	0	6
0	86	0	91	62	0	9
0	86	0	92	62	0	12
0	86	0	93	62	0	9
0	86	0	94	62	0	3
0	86	0	95	62	0	11
0	86	0	96	62	0	10
0	86	0	97	62	0	6
0	86	0	98	62	0	10
0	86	0	99	62	0	0
0	86	0	100	62	0	6
0	86	0	101	62	0	5
0	86	0	102	62	0	5
0	86	0	89	61	0	11
0	86	0	90	61	0	9
0	86	0	91	61	0	1
0	86	0	92	61	0	14
0	86	0	93	61	0	13
0	86	0	94	61	0	21
0	86	0	95	61	0	14
0	86	0	96	61	0	8
0	86	0	97	61	0	1
0	86	0	98	61	0	5
0	86	0	99	61	0	1
0	86	0	100	61	0	6
0	86	0	90	60	0	7
0	86	0	91	60	0	10
0	86	0	92	60	0	6
0	86	0	93	60	0	2
0	86	0	94	60	0	9
0	86	0	95	60	0	5
0	86	0	96	60	0	12
0	86	0	88	59	0	0
0	86	0	89	59	0	2
0	86	0	90	59	0	6
0	86	0	91	59	0	8
0	86	0	92	59	0	5
0	86	0	93	59	0	13
0	86	0	94	59	0	0
0	86	0	95	59	0	7
0	86	0	89	58	0	0
0	86	0	90	58	0	3
0	86	0	91	58	0	7
0	86	0	92	58	0	2
0	86	0	93	58	0	3
0	86	0	94	58	0	7
0	86	0	91	57	0	1
0	86	0	92	57	0	9
0	86	0	93	57	0	6
0	86	0	96	55	0	0
0	86	0	94	53	0	0
0	86	0	103	53	0	1
0	86	0	95	50	0	2
0	86	0	102	50	0	0
0	86	0	94	49	0	2
0	87	0	95	73	0	8
0	87	0	95	72	0	3
0	87	0	96	72	0	3
0	87	0	97	72	0	7
0	87	0	98	72	0	6
0	87	0	99	72	0	8
0	87	0	100	72	0	3
0	87	0	90	71	0	10
0	87	0	91	71	0	3
0	87	0	92	71	0	8
0	87	0	93	71	0	13
0	87	0	96	71	0	8
0	87	0	97	71	0	5
0	87	0	98	71	0	9
0	87	0	99	71	0	16
0	87	0	100	71	0	5
0	87	0	101	71	0	8
0	87	0	102	71	0	5
0	87	0	89	70	0	8
0	87	0	90	70	0	14
0	87	0	91	70	0	8
0	87	0	92	70	0	4
0	87	0	95	70	0	10
0	87	0	96	70	0	5
0	87	0	97	70	0	12
0	87	0	98	70	0	10
0	87	0	99	70	0	4
0	87	0	100	70	0	5
0	87	0	101	70	0	8
0	87	0	102	70	0	1
0	87	0	87	69	0	8
0	87	0	88	69	0	3
0	87	0	89	69	0	6
0	87	0	91	69	0	6
0	87	0	92	69	0	5
0	87	0	93	69	0	17
0	87	0	94	69	0	9
0	87	0	95	69	0	9
0	87	0	96	69	0	8
0	87	0	97	69	0	5
0	87	0	98	69	0	2
0	87	0	99	69	0	10
0	87	0	100	69	0	9
0	87	0	101	69	0	9
0	87	0	102	69	0	1
0	87	0	89	68	0	15
0	87	0	90	68	0	5
0	87	0	91	68	0	8
0	87	0	92	68	0	16
0	87	0	93	68	0	11
0	87	0	94	68	0	10
0	87	0	95	68	0	6
0	87	0	96	68	0	12
0	87	0	97	68	0	10
0	87	0	98	68	0	4
0	87	0	99	68	0	3
0	87	0	100	68	0	13
0	87	0	101	68	0	17
0	87	0	102	68	0	9
0	87	0	88	67	0	12
0	87	0	89	67	0	0
0	87	0	90	67	0	12
0	87	0	91	67	0	6
0	87	0	92	67	0	9
0	87	0	93	67	0	11
0	87	0	94	67	0	14
0	87	0	95	67	0	13
0	87	0	96	67	0	12
0	87	0	97	67	0	11
0	87	0	98	67	0	7
0	87	0	99	67	0	6
0	87	0	100	67	0	3
0	87	0	101	67	0	6
0	87	0	102	67	0	2
0	87	0	87	66	0	1
0	87	0	88	66	0	2
0	87	0	89	66	0	11
0	87	0	90	66	0	9
0	87	0	91	66	0	3
0	87	0	92	66	0	0
0	87	0	93	66	0	7
0	87	0	94	66	0	10
0	87	0	95	66	0	9
0	87	0	96	66	0	10
0	87	0	97	66	0	9
0	87	0	98	66	0	11
0	87	0	99	66	0	16
0	87	0	100	66	0	11
0	87	0	101	66	0	7
0	87	0	102	66	0	1
0	87	0	88	65	0	10
0	87	0	89	65	0	8
0	87	0	90	65	0	12
0	87	0	91	65	0	8
0	87	0	92	65	0	10
0	87	0	93	65	0	11
0	87	0	94	65	0	6
0	87	0	95	65	0	5
0	87	0	96	65	0	6
0	87	0	97	65	0	9
0	87	0	98	65	0	11
0	87	0	99	65	0	13
0	87	0	100	65	0	8
0	87	0	101	65	0	11
0	87	0	102	65	0	5
0	87	0	103	65	0	8
0	87	0	88	64	0	8
0	87	0	89	64	0	14
0	87	0	90	64	0	12
0	87	0	92	64	0	5
0	87	0	93	64	0	3
0	87	0	94	64	0	8
0	87	0	95	64	0	7
0	87	0	96	64	0	2
0	87	0	97	64	0	12
0	87	0	98	64	0	9
0	87	0	99	64	0	5
0	87	0	100	64	0	11
0	87	0	101	64	0	0
0	87	0	102	64	0	7
0	87	0	103	64	0	8
0	87	0	87	63	0	5
0	87	0	88	63	0	2
0	87	0	89	63	0	9
0	87	0	90	63	0	7
0	87	0	92	63	0	3
0	87	0	93	63	0	6
0	87	0	94	63	0	4
0	87	0	95	63	0	6
0	87	0	96	63	0	7
0	87	0	97	63	0	13
0	87	0	98	63	0	5
0	87	0	99	63	0	5
0	87	0	100	63	0	4
0	87	0	101	63	0	0
0	87	0	102	63	0	2
0	87	0	103	63	0	1
0	87	0	87	62	0	6
0	87	0	88	62	0	2
0	87	0	89	62	0	3
0	87	0	90	62	0	8
0	87	0	91	62	0	8
0	87	0	92	62	0	17
0	87	0	93	62	0	12
0	87	0	94	62	0	5
0	87	0	95	62	0	3
0	87	0	96	62	0	8
0	87	0	97	62	0	6
0	87	0	98	62	0	8
0	87	0	99	62	0	1
0	87	0	100	62	0	4
0	87	0	101	62	0	12
0	87	0	102	62	0	3
0	87	0	89	61	0	12
0	87	0	90	61	0	10
0	87	0	91	61	0	2
0	87	0	92	61	0	11
0	87	0	93	61	0	15
0	87	0	94	61	0	15
0	87	0	95	61	0	12
0	87	0	96	61	0	6
0	87	0	97	61	0	1
0	87	0	98	61	0	3
0	87	0	99	61	0	3
0	87	0	100	61	0	6
0	87	0	90	60	0	6
0	87	0	91	60	0	8
0	87	0	92	60	0	8
0	87	0	93	60	0	2
0	87	0	94	60	0	9
0	87	0	95	60	0	4
0	87	0	96	60	0	5
0	87	0	88	59	0	0
0	87	0	89	59	0	3
0	87	0	90	59	0	8
0	87	0	91	59	0	7
0	87	0	92	59	0	8
0	87	0	93	59	0	14
0	87	0	94	59	0	2
0	87	0	95	59	0	5
0	87	0	89	58	0	0
0	87	0	90	58	0	4
0	87	0	91	58	0	6
0	87	0	92	58	0	2
0	87	0	93	58	0	7
0	87	0	94	58	0	4
0	87	0	91	57	0	0
0	87	0	92	57	0	4
0	87	0	93	57	0	8
0	87	0	96	55	0	0
0	87	0	93	53	0	1
0	87	0	94	53	0	0
0	87	0	103	53	0	1
0	87	0	93	51	0	1
0	87	0	95	50	0	1
0	87	0	102	50	0	0
0	87	0	94	49	0	3
0	87	0	95	49	0	1
0	88	0	95	73	0	4
0	88	0	95	72	0	5
0	88	0	96	72	0	7
0	88	0	97	72	0	6
0	88	0	98	72	0	8
0	88	0	99	72	0	8
0	88	0	100	72	0	2
0	88	0	90	71	0	5
0	88	0	91	71	0	4
0	88	0	92	71	0	4
0	88	0	93	71	0	6
0	88	0	96	71	0	6
0	88	0	97	71	0	6
0	88	0	98	71	0	6
0	88	0	99	71	0	10
0	88	0	100	71	0	6
0	88	0	101	71	0	10
0	88	0	102	71	0	1
0	88	0	89	70	0	12
0	88	0	90	70	0	13
0	88	0	91	70	0	10
0	88	0	92	70	0	5
0	88	0	95	70	0	9
0	88	0	96	70	0	3
0	88	0	97	70	0	12
0	88	0	98	70	0	9
0	88	0	99	70	0	4
0	88	0	100	70	0	3
0	88	0	101	70	0	6
0	88	0	102	70	0	3
0	88	0	87	69	0	4
0	88	0	88	69	0	3
0	88	0	89	69	0	13
0	88	0	91	69	0	9
0	88	0	92	69	0	12
0	88	0	93	69	0	13
0	88	0	94	69	0	8
0	88	0	95	69	0	8
0	88	0	96	69	0	8
0	88	0	97	69	0	11
0	88	0	98	69	0	5
0	88	0	99	69	0	7
0	88	0	100	69	0	11
0	88	0	101	69	0	6
0	88	0	102	69	0	4
0	88	0	89	68	0	11
0	88	0	90	68	0	7
0	88	0	91	68	0	8
0	88	0	92	68	0	17
0	88	0	93	68	0	7
0	88	0	94	68	0	5
0	88	0	95	68	0	6
0	88	0	96	68	0	15
0	88	0	97	68	0	7
0	88	0	98	68	0	5
0	88	0	99	68	0	4
0	88	0	100	68	0	16
0	88	0	101	68	0	15
0	88	0	102	68	0	5
0	88	0	88	67	0	15
0	88	0	89	67	0	0
0	88	0	90	67	0	9
0	88	0	91	67	0	7
0	88	0	92	67	0	5
0	88	0	93	67	0	8
0	88	0	94	67	0	9
0	88	0	95	67	0	8
0	88	0	96	67	0	10
0	88	0	97	67	0	8
0	88	0	98	67	0	5
0	88	0	99	67	0	12
0	88	0	100	67	0	1
0	88	0	101	67	0	6
0	88	0	102	67	0	0
0	88	0	87	66	0	1
0	88	0	88	66	0	2
0	88	0	89	66	0	13
0	88	0	90	66	0	15
0	88	0	91	66	0	7
0	88	0	92	66	0	1
0	88	0	93	66	0	8
0	88	0	94	66	0	8
0	88	0	95	66	0	10
0	88	0	96	66	0	14
0	88	0	97	66	0	5
0	88	0	98	66	0	19
0	88	0	99	66	0	9
0	88	0	100	66	0	3
0	88	0	101	66	0	7
0	88	0	102	66	0	2
0	88	0	88	65	0	6
0	88	0	89	65	0	10
0	88	0	90	65	0	15
0	88	0	91	65	0	12
0	88	0	92	65	0	5
0	88	0	93	65	0	11
0	88	0	94	65	0	15
0	88	0	95	65	0	10
0	88	0	96	65	0	3
0	88	0	97	65	0	7
0	88	0	98	65	0	9
0	88	0	99	65	0	13
0	88	0	100	65	0	8
0	88	0	101	65	0	8
0	88	0	102	65	0	4
0	88	0	103	65	0	4
0	88	0	88	64	0	8
0	88	0	89	64	0	14
0	88	0	90	64	0	12
0	88	0	92	64	0	6
0	88	0	93	64	0	5
0	88	0	94	64	0	6
0	88	0	95	64	0	11
0	88	0	96	64	0	0
0	88	0	97	64	0	8
0	88	0	98	64	0	6
0	88	0	99	64	0	6
0	88	0	100	64	0	9
0	88	0	101	64	0	0
0	88	0	102	64	0	8
0	88	0	103	64	0	3
0	88	0	87	63	0	5
0	88	0	88	63	0	1
0	88	0	89	63	0	7
0	88	0	90	63	0	7
0	88	0	92	63	0	3
0	88	0	93	63	0	4
0	88	0	94	63	0	4
0	88	0	95	63	0	9
0	88	0	96	63	0	11
0	88	0	97	63	0	9
0	88	0	98	63	0	7
0	88	0	99	63	0	10
0	88	0	100	63	0	4
0	88	0	101	63	0	0
0	88	0	102	63	0	2
0	88	0	103	63	0	1
0	88	0	87	62	0	4
0	88	0	88	62	0	6
0	88	0	89	62	0	6
0	88	0	90	62	0	8
0	88	0	91	62	0	7
0	88	0	92	62	0	10
0	88	0	93	62	0	9
0	88	0	94	62	0	10
0	88	0	95	62	0	6
0	88	0	96	62	0	9
0	88	0	97	62	0	12
0	88	0	98	62	0	8
0	88	0	99	62	0	2
0	88	0	100	62	0	1
0	88	0	101	62	0	9
0	88	0	102	62	0	4
0	88	0	89	61	0	9
0	88	0	90	61	0	7
0	88	0	91	61	0	5
0	88	0	92	61	0	11
0	88	0	93	61	0	10
0	88	0	94	61	0	12
0	88	0	95	61	0	11
0	88	0	96	61	0	7
0	88	0	97	61	0	2
0	88	0	98	61	0	6
0	88	0	99	61	0	3
0	88	0	100	61	0	8
0	88	0	90	60	0	4
0	88	0	91	60	0	5
0	88	0	92	60	0	3
0	88	0	93	60	0	0
0	88	0	94	60	0	12
0	88	0	95	60	0	2
0	88	0	96	60	0	4
0	88	0	88	59	0	0
0	88	0	89	59	0	2
0	88	0	90	59	0	6
0	88	0	91	59	0	7
0	88	0	92	59	0	7
0	88	0	93	59	0	15
0	88	0	94	59	0	4
0	88	0	95	59	0	5
0	88	0	89	58	0	0
0	88	0	90	58	0	4
0	88	0	91	58	0	2
0	88	0	92	58	0	3
0	88	0	93	58	0	10
0	88	0	94	58	0	3
0	88	0	91	57	0	1
0	88	0	92	57	0	1
0	88	0	93	57	0	7
0	88	0	96	55	0	0
0	88	0	93	53	0	1
0	88	0	94	53	0	0
0	88	0	103	53	0	1
0	88	0	93	51	0	0
0	88	0	95	50	0	1
0	88	0	102	50	0	0
0	88	0	94	49	0	3
0	88	0	95	49	0	0
0	89	0	95	73	0	8
0	89	0	95	72	0	7
0	89	0	96	72	0	8
0	89	0	97	72	0	5
0	89	0	98	72	0	9
0	89	0	99	72	0	6
0	89	0	100	72	0	2
0	89	0	90	71	0	6
0	89	0	91	71	0	5
0	89	0	92	71	0	3
0	89	0	93	71	0	6
0	89	0	96	71	0	6
0	89	0	97	71	0	10
0	89	0	98	71	0	5
0	89	0	99	71	0	3
0	89	0	100	71	0	4
0	89	0	101	71	0	14
0	89	0	102	71	0	3
0	89	0	89	70	0	8
0	89	0	90	70	0	21
0	89	0	91	70	0	10
0	89	0	92	70	0	7
0	89	0	95	70	0	5
0	89	0	96	70	0	5
0	89	0	97	70	0	3
0	89	0	98	70	0	9
0	89	0	99	70	0	6
0	89	0	100	70	0	6
0	89	0	101	70	0	2
0	89	0	102	70	0	3
0	89	0	87	69	0	4
0	89	0	88	69	0	6
0	89	0	89	69	0	8
0	89	0	91	69	0	9
0	89	0	92	69	0	16
0	89	0	93	69	0	8
0	89	0	94	69	0	9
0	89	0	95	69	0	9
0	89	0	96	69	0	10
0	89	0	97	69	0	11
0	89	0	98	69	0	4
0	89	0	99	69	0	12
0	89	0	100	69	0	7
0	89	0	101	69	0	5
0	89	0	102	69	0	5
0	89	0	89	68	0	11
0	89	0	90	68	0	10
0	89	0	91	68	0	6
0	89	0	92	68	0	14
0	89	0	93	68	0	17
0	89	0	94	68	0	5
0	89	0	95	68	0	4
0	89	0	96	68	0	7
0	89	0	97	68	0	6
0	89	0	98	68	0	6
0	89	0	99	68	0	8
0	89	0	100	68	0	8
0	89	0	101	68	0	11
0	89	0	102	68	0	6
0	89	0	88	67	0	15
0	89	0	89	67	0	0
0	89	0	90	67	0	10
0	89	0	91	67	0	3
0	89	0	92	67	0	7
0	89	0	93	67	0	8
0	89	0	94	67	0	16
0	89	0	95	67	0	7
0	89	0	96	67	0	6
0	89	0	97	67	0	16
0	89	0	98	67	0	2
0	89	0	99	67	0	11
0	89	0	100	67	0	1
0	89	0	101	67	0	10
0	89	0	102	67	0	1
0	89	0	87	66	0	0
0	89	0	88	66	0	2
0	89	0	89	66	0	8
0	89	0	90	66	0	17
0	89	0	91	66	0	7
0	89	0	92	66	0	1
0	89	0	93	66	0	10
0	89	0	94	66	0	8
0	89	0	95	66	0	12
0	89	0	96	66	0	6
0	89	0	97	66	0	3
0	89	0	98	66	0	7
0	89	0	99	66	0	7
0	89	0	100	66	0	6
0	89	0	101	66	0	8
0	89	0	102	66	0	2
0	89	0	88	65	0	7
0	89	0	89	65	0	12
0	89	0	90	65	0	10
0	89	0	91	65	0	10
0	89	0	92	65	0	8
0	89	0	93	65	0	9
0	89	0	94	65	0	17
0	89	0	95	65	0	15
0	89	0	96	65	0	5
0	89	0	97	65	0	11
0	89	0	98	65	0	9
0	89	0	99	65	0	10
0	89	0	100	65	0	9
0	89	0	101	65	0	6
0	89	0	102	65	0	4
0	89	0	103	65	0	5
0	89	0	88	64	0	12
0	89	0	89	64	0	15
0	89	0	90	64	0	7
0	89	0	92	64	0	9
0	89	0	93	64	0	8
0	89	0	94	64	0	4
0	89	0	95	64	0	11
0	89	0	96	64	0	2
0	89	0	97	64	0	5
0	89	0	98	64	0	6
0	89	0	99	64	0	3
0	89	0	100	64	0	12
0	89	0	101	64	0	0
0	89	0	102	64	0	8
0	89	0	103	64	0	4
0	89	0	87	63	0	6
0	89	0	88	63	0	1
0	89	0	89	63	0	4
0	89	0	90	63	0	8
0	89	0	92	63	0	6
0	89	0	93	63	0	2
0	89	0	94	63	0	3
0	89	0	95	63	0	12
0	89	0	96	63	0	17
0	89	0	97	63	0	6
0	89	0	98	63	0	5
0	89	0	99	63	0	7
0	89	0	100	63	0	5
0	89	0	101	63	0	1
0	89	0	102	63	0	7
0	89	0	103	63	0	0
0	89	0	87	62	0	3
0	89	0	88	62	0	6
0	89	0	89	62	0	8
0	89	0	90	62	0	7
0	89	0	91	62	0	7
0	89	0	92	62	0	8
0	89	0	93	62	0	13
0	89	0	94	62	0	8
0	89	0	95	62	0	4
0	89	0	96	62	0	10
0	89	0	97	62	0	13
0	89	0	98	62	0	6
0	89	0	99	62	0	3
0	89	0	100	62	0	2
0	89	0	101	62	0	7
0	89	0	102	62	0	8
0	89	0	89	61	0	5
0	89	0	90	61	0	5
0	89	0	91	61	0	3
0	89	0	92	61	0	10
0	89	0	93	61	0	6
0	89	0	94	61	0	13
0	89	0	95	61	0	9
0	89	0	96	61	0	4
0	89	0	97	61	0	4
0	89	0	98	61	0	7
0	89	0	99	61	0	5
0	89	0	100	61	0	8
0	89	0	90	60	0	2
0	89	0	91	60	0	4
0	89	0	92	60	0	4
0	89	0	93	60	0	3
0	89	0	94	60	0	8
0	89	0	95	60	0	2
0	89	0	96	60	0	7
0	89	0	88	59	0	0
0	89	0	89	59	0	3
0	89	0	90	59	0	9
0	89	0	91	59	0	8
0	89	0	92	59	0	7
0	89	0	93	59	0	7
0	89	0	94	59	0	5
0	89	0	95	59	0	3
0	89	0	89	58	0	0
0	89	0	90	58	0	2
0	89	0	91	58	0	5
0	89	0	92	58	0	1
0	89	0	93	58	0	8
0	89	0	94	58	0	3
0	89	0	91	57	0	0
0	89	0	92	57	0	1
0	89	0	93	57	0	7
0	89	0	96	55	0	0
0	89	0	93	53	0	1
0	89	0	94	53	0	0
0	89	0	103	53	0	2
0	89	0	93	52	0	1
0	89	0	93	51	0	0
0	89	0	95	50	0	4
0	89	0	102	50	0	0
0	89	0	94	49	0	3
0	89	0	95	49	0	0
0	90	0	95	73	0	5
0	90	0	95	72	0	5
0	90	0	96	72	0	4
0	90	0	97	72	0	1
0	90	0	98	72	0	11
0	90	0	99	72	0	6
0	90	0	100	72	0	0
0	90	0	90	71	0	8
0	90	0	91	71	0	11
0	90	0	92	71	0	5
0	90	0	93	71	0	4
0	90	0	96	71	0	7
0	90	0	97	71	0	11
0	90	0	98	71	0	5
0	90	0	99	71	0	2
0	90	0	100	71	0	3
0	90	0	101	71	0	14
0	90	0	102	71	0	6
0	90	0	89	70	0	8
0	90	0	90	70	0	16
0	90	0	91	70	0	14
0	90	0	92	70	0	3
0	90	0	95	70	0	9
0	90	0	96	70	0	6
0	90	0	97	70	0	4
0	90	0	98	70	0	5
0	90	0	99	70	0	5
0	90	0	100	70	0	13
0	90	0	101	70	0	6
0	90	0	102	70	0	1
0	90	0	87	69	0	4
0	90	0	88	69	0	4
0	90	0	89	69	0	7
0	90	0	91	69	0	14
0	90	0	92	69	0	14
0	90	0	93	69	0	2
0	90	0	94	69	0	9
0	90	0	95	69	0	4
0	90	0	96	69	0	9
0	90	0	97	69	0	12
0	90	0	98	69	0	3
0	90	0	99	69	0	13
0	90	0	100	69	0	5
0	90	0	101	69	0	7
0	90	0	102	69	0	9
0	90	0	89	68	0	18
0	90	0	90	68	0	11
0	90	0	91	68	0	9
0	90	0	92	68	0	10
0	90	0	93	68	0	12
0	90	0	94	68	0	5
0	90	0	95	68	0	7
0	90	0	96	68	0	10
0	90	0	97	68	0	5
0	90	0	98	68	0	5
0	90	0	99	68	0	11
0	90	0	100	68	0	5
0	90	0	101	68	0	14
0	90	0	102	68	0	8
0	90	0	88	67	0	10
0	90	0	89	67	0	2
0	90	0	90	67	0	13
0	90	0	91	67	0	7
0	90	0	92	67	0	12
0	90	0	93	67	0	12
0	90	0	94	67	0	12
0	90	0	95	67	0	5
0	90	0	96	67	0	8
0	90	0	97	67	0	12
0	90	0	98	67	0	2
0	90	0	99	67	0	11
0	90	0	100	67	0	0
0	90	0	101	67	0	9
0	90	0	102	67	0	1
0	90	0	87	66	0	1
0	90	0	88	66	0	1
0	90	0	89	66	0	12
0	90	0	90	66	0	20
0	90	0	91	66	0	6
0	90	0	92	66	0	3
0	90	0	93	66	0	8
0	90	0	94	66	0	7
0	90	0	95	66	0	9
0	90	0	96	66	0	6
0	90	0	97	66	0	4
0	90	0	98	66	0	9
0	90	0	99	66	0	3
0	90	0	100	66	0	3
0	90	0	101	66	0	6
0	90	0	102	66	0	3
0	90	0	88	65	0	8
0	90	0	89	65	0	14
0	90	0	90	65	0	9
0	90	0	91	65	0	7
0	90	0	92	65	0	12
0	90	0	93	65	0	10
0	90	0	94	65	0	14
0	90	0	95	65	0	16
0	90	0	96	65	0	13
0	90	0	97	65	0	11
0	90	0	98	65	0	11
0	90	0	99	65	0	13
0	90	0	100	65	0	15
0	90	0	101	65	0	7
0	90	0	102	65	0	7
0	90	0	103	65	0	8
0	90	0	88	64	0	10
0	90	0	89	64	0	8
0	90	0	90	64	0	15
0	90	0	92	64	0	10
0	90	0	93	64	0	9
0	90	0	94	64	0	3
0	90	0	95	64	0	6
0	90	0	96	64	0	5
0	90	0	97	64	0	8
0	90	0	98	64	0	7
0	90	0	99	64	0	5
0	90	0	100	64	0	14
0	90	0	101	64	0	0
0	90	0	102	64	0	7
0	90	0	103	64	0	4
0	90	0	87	63	0	6
0	90	0	88	63	0	2
0	90	0	89	63	0	7
0	90	0	90	63	0	5
0	90	0	92	63	0	8
0	90	0	93	63	0	2
0	90	0	94	63	0	1
0	90	0	95	63	0	9
0	90	0	96	63	0	16
0	90	0	97	63	0	9
0	90	0	98	63	0	8
0	90	0	99	63	0	7
0	90	0	100	63	0	3
0	90	0	101	63	0	3
0	90	0	102	63	0	8
0	90	0	103	63	0	0
0	90	0	87	62	0	2
0	90	0	88	62	0	11
0	90	0	89	62	0	2
0	90	0	90	62	0	13
0	90	0	91	62	0	3
0	90	0	92	62	0	6
0	90	0	93	62	0	8
0	90	0	94	62	0	7
0	90	0	95	62	0	3
0	90	0	96	62	0	13
0	90	0	97	62	0	11
0	90	0	98	62	0	6
0	90	0	99	62	0	4
0	90	0	100	62	0	0
0	90	0	101	62	0	6
0	90	0	102	62	0	6
0	90	0	89	61	0	3
0	90	0	90	61	0	11
0	90	0	91	61	0	5
0	90	0	92	61	0	5
0	90	0	93	61	0	9
0	90	0	94	61	0	11
0	90	0	95	61	0	4
0	90	0	96	61	0	7
0	90	0	97	61	0	6
0	90	0	98	61	0	7
0	90	0	99	61	0	5
0	90	0	100	61	0	7
0	90	0	90	60	0	6
0	90	0	91	60	0	3
0	90	0	92	60	0	5
0	90	0	93	60	0	1
0	90	0	94	60	0	10
0	90	0	95	60	0	2
0	90	0	96	60	0	4
0	90	0	88	59	0	0
0	90	0	89	59	0	3
0	90	0	90	59	0	15
0	90	0	91	59	0	11
0	90	0	92	59	0	7
0	90	0	93	59	0	7
0	90	0	94	59	0	3
0	90	0	95	59	0	3
0	90	0	89	58	0	0
0	90	0	90	58	0	3
0	90	0	91	58	0	3
0	90	0	92	58	0	2
0	90	0	93	58	0	8
0	90	0	94	58	0	1
0	90	0	91	57	0	0
0	90	0	92	57	0	0
0	90	0	93	57	0	10
0	90	0	96	55	0	0
0	90	0	93	53	0	5
0	90	0	94	53	0	0
0	90	0	103	53	0	1
0	90	0	93	52	0	0
0	90	0	93	51	0	0
0	90	0	94	50	0	1
0	90	0	95	50	0	2
0	90	0	102	50	0	0
0	90	0	94	49	0	3
0	90	0	95	49	0	0
0	91	0	95	73	0	5
0	91	0	95	72	0	2
0	91	0	96	72	0	1
0	91	0	97	72	0	1
0	91	0	98	72	0	14
0	91	0	99	72	0	6
0	91	0	100	72	0	0
0	91	0	90	71	0	6
0	91	0	91	71	0	6
0	91	0	92	71	0	5
0	91	0	93	71	0	8
0	91	0	96	71	0	5
0	91	0	97	71	0	12
0	91	0	98	71	0	9
0	91	0	99	71	0	2
0	91	0	100	71	0	3
0	91	0	101	71	0	12
0	91	0	102	71	0	9
0	91	0	89	70	0	5
0	91	0	90	70	0	17
0	91	0	91	70	0	14
0	91	0	92	70	0	2
0	91	0	95	70	0	10
0	91	0	96	70	0	8
0	91	0	97	70	0	10
0	91	0	98	70	0	6
0	91	0	99	70	0	5
0	91	0	100	70	0	15
0	91	0	101	70	0	5
0	91	0	102	70	0	3
0	91	0	87	69	0	10
0	91	0	88	69	0	6
0	91	0	89	69	0	6
0	91	0	91	69	0	17
0	91	0	92	69	0	10
0	91	0	93	69	0	6
0	91	0	94	69	0	9
0	91	0	95	69	0	2
0	91	0	96	69	0	11
0	91	0	97	69	0	7
0	91	0	98	69	0	4
0	91	0	99	69	0	10
0	91	0	100	69	0	5
0	91	0	101	69	0	7
0	91	0	102	69	0	4
0	91	0	89	68	0	14
0	91	0	90	68	0	8
0	91	0	91	68	0	8
0	91	0	92	68	0	10
0	91	0	93	68	0	6
0	91	0	94	68	0	8
0	91	0	95	68	0	8
0	91	0	96	68	0	9
0	91	0	97	68	0	12
0	91	0	98	68	0	8
0	91	0	99	68	0	11
0	91	0	100	68	0	8
0	91	0	101	68	0	14
0	91	0	102	68	0	7
0	91	0	88	67	0	8
0	91	0	89	67	0	2
0	91	0	90	67	0	12
0	91	0	91	67	0	10
0	91	0	92	67	0	13
0	91	0	93	67	0	21
0	91	0	94	67	0	13
0	91	0	95	67	0	4
0	91	0	96	67	0	7
0	91	0	97	67	0	13
0	91	0	98	67	0	3
0	91	0	99	67	0	12
0	91	0	100	67	0	1
0	91	0	101	67	0	5
0	91	0	102	67	0	0
0	91	0	87	66	0	1
0	91	0	88	66	0	6
0	91	0	89	66	0	13
0	91	0	90	66	0	15
0	91	0	91	66	0	9
0	91	0	92	66	0	8
0	91	0	93	66	0	10
0	91	0	94	66	0	3
0	91	0	95	66	0	8
0	91	0	96	66	0	6
0	91	0	97	66	0	4
0	91	0	98	66	0	10
0	91	0	99	66	0	4
0	91	0	100	66	0	6
0	91	0	101	66	0	4
0	91	0	102	66	0	4
0	91	0	88	65	0	7
0	91	0	89	65	0	10
0	91	0	90	65	0	9
0	91	0	91	65	0	7
0	91	0	92	65	0	10
0	91	0	93	65	0	14
0	91	0	94	65	0	9
0	91	0	95	65	0	11
0	91	0	96	65	0	9
0	91	0	97	65	0	11
0	91	0	98	65	0	13
0	91	0	99	65	0	11
0	91	0	100	65	0	14
0	91	0	101	65	0	11
0	91	0	102	65	0	4
0	91	0	103	65	0	6
0	91	0	88	64	0	11
0	91	0	89	64	0	4
0	91	0	90	64	0	13
0	91	0	92	64	0	12
0	91	0	93	64	0	11
0	91	0	94	64	0	6
0	91	0	95	64	0	2
0	91	0	96	64	0	8
0	91	0	97	64	0	5
0	91	0	98	64	0	8
0	91	0	99	64	0	5
0	91	0	100	64	0	17
0	91	0	101	64	0	0
0	91	0	102	64	0	7
0	91	0	103	64	0	7
0	91	0	87	63	0	5
0	91	0	88	63	0	2
0	91	0	89	63	0	6
0	91	0	90	63	0	4
0	91	0	92	63	0	8
0	91	0	93	63	0	3
0	91	0	94	63	0	0
0	91	0	95	63	0	11
0	91	0	96	63	0	22
0	91	0	97	63	0	10
0	91	0	98	63	0	8
0	91	0	99	63	0	7
0	91	0	100	63	0	5
0	91	0	101	63	0	4
0	91	0	102	63	0	5
0	91	0	103	63	0	1
0	91	0	87	62	0	2
0	91	0	88	62	0	8
0	91	0	89	62	0	3
0	91	0	90	62	0	9
0	91	0	91	62	0	3
0	91	0	92	62	0	7
0	91	0	93	62	0	10
0	91	0	94	62	0	9
0	91	0	95	62	0	2
0	91	0	96	62	0	13
0	91	0	97	62	0	8
0	91	0	98	62	0	5
0	91	0	99	62	0	6
0	91	0	100	62	0	2
0	91	0	101	62	0	11
0	91	0	102	62	0	6
0	91	0	89	61	0	2
0	91	0	90	61	0	12
0	91	0	91	61	0	8
0	91	0	92	61	0	7
0	91	0	93	61	0	7
0	91	0	94	61	0	6
0	91	0	95	61	0	6
0	91	0	96	61	0	7
0	91	0	97	61	0	7
0	91	0	98	61	0	10
0	91	0	99	61	0	5
0	91	0	100	61	0	7
0	91	0	90	60	0	6
0	91	0	91	60	0	4
0	91	0	92	60	0	6
0	91	0	93	60	0	1
0	91	0	94	60	0	12
0	91	0	95	60	0	2
0	91	0	96	60	0	2
0	91	0	88	59	0	0
0	91	0	89	59	0	3
0	91	0	90	59	0	17
0	91	0	91	59	0	9
0	91	0	92	59	0	6
0	91	0	93	59	0	3
0	91	0	94	59	0	4
0	91	0	95	59	0	5
0	91	0	89	58	0	1
0	91	0	90	58	0	5
0	91	0	91	58	0	3
0	91	0	92	58	0	4
0	91	0	93	58	0	7
0	91	0	94	58	0	4
0	91	0	91	57	0	0
0	91	0	92	57	0	0
0	91	0	93	57	0	16
0	91	0	96	55	0	0
0	91	0	93	53	0	6
0	91	0	94	53	0	0
0	91	0	103	53	0	5
0	91	0	93	52	0	0
0	91	0	93	51	0	0
0	91	0	94	50	0	0
0	91	0	95	50	0	0
0	91	0	102	50	0	0
0	91	0	94	49	0	5
0	91	0	95	49	0	0
0	92	0	95	73	0	7
0	92	0	95	72	0	1
0	92	0	96	72	0	2
0	92	0	97	72	0	3
0	92	0	98	72	0	17
0	92	0	99	72	0	7
0	92	0	100	72	0	0
0	92	0	90	71	0	5
0	92	0	91	71	0	7
0	92	0	92	71	0	4
0	92	0	93	71	0	7
0	92	0	96	71	0	2
0	92	0	97	71	0	15
0	92	0	98	71	0	12
0	92	0	99	71	0	4
0	92	0	100	71	0	4
0	92	0	101	71	0	5
0	92	0	102	71	0	6
0	92	0	89	70	0	7
0	92	0	90	70	0	13
0	92	0	91	70	0	12
0	92	0	92	70	0	2
0	92	0	95	70	0	10
0	92	0	96	70	0	9
0	92	0	97	70	0	8
0	92	0	98	70	0	6
0	92	0	99	70	0	9
0	92	0	100	70	0	14
0	92	0	101	70	0	7
0	92	0	102	70	0	2
0	92	0	87	69	0	8
0	92	0	88	69	0	7
0	92	0	89	69	0	5
0	92	0	91	69	0	9
0	92	0	92	69	0	4
0	92	0	93	69	0	9
0	92	0	94	69	0	10
0	92	0	95	69	0	1
0	92	0	96	69	0	10
0	92	0	97	69	0	12
0	92	0	98	69	0	5
0	92	0	99	69	0	7
0	92	0	100	69	0	11
0	92	0	101	69	0	8
0	92	0	102	69	0	1
0	92	0	89	68	0	14
0	92	0	90	68	0	5
0	92	0	91	68	0	7
0	92	0	92	68	0	5
0	92	0	93	68	0	3
0	92	0	94	68	0	7
0	92	0	95	68	0	10
0	92	0	96	68	0	8
0	92	0	97	68	0	9
0	92	0	98	68	0	15
0	92	0	99	68	0	7
0	92	0	100	68	0	9
0	92	0	101	68	0	13
0	92	0	102	68	0	4
0	92	0	88	67	0	7
0	92	0	89	67	0	3
0	92	0	90	67	0	5
0	92	0	91	67	0	11
0	92	0	92	67	0	8
0	92	0	93	67	0	12
0	92	0	94	67	0	13
0	92	0	95	67	0	3
0	92	0	96	67	0	6
0	92	0	97	67	0	9
0	92	0	98	67	0	2
0	92	0	99	67	0	10
0	92	0	100	67	0	5
0	92	0	101	67	0	7
0	92	0	102	67	0	0
0	92	0	87	66	0	1
0	92	0	88	66	0	3
0	92	0	89	66	0	10
0	92	0	90	66	0	13
0	92	0	91	66	0	9
0	92	0	92	66	0	10
0	92	0	93	66	0	12
0	92	0	94	66	0	3
0	92	0	95	66	0	6
0	92	0	96	66	0	4
0	92	0	97	66	0	9
0	92	0	98	66	0	12
0	92	0	99	66	0	9
0	92	0	100	66	0	8
0	92	0	101	66	0	2
0	92	0	102	66	0	8
0	92	0	88	65	0	6
0	92	0	89	65	0	4
0	92	0	90	65	0	10
0	92	0	91	65	0	7
0	92	0	92	65	0	11
0	92	0	93	65	0	9
0	92	0	94	65	0	9
0	92	0	95	65	0	5
0	92	0	96	65	0	14
0	92	0	97	65	0	8
0	92	0	98	65	0	10
0	92	0	99	65	0	10
0	92	0	100	65	0	13
0	92	0	101	65	0	9
0	92	0	102	65	0	4
0	92	0	103	65	0	6
0	92	0	88	64	0	11
0	92	0	89	64	0	3
0	92	0	90	64	0	15
0	92	0	92	64	0	10
0	92	0	93	64	0	10
0	92	0	94	64	0	3
0	92	0	95	64	0	2
0	92	0	96	64	0	8
0	92	0	97	64	0	5
0	92	0	98	64	0	15
0	92	0	99	64	0	5
0	92	0	100	64	0	10
0	92	0	101	64	0	1
0	92	0	102	64	0	10
0	92	0	103	64	0	3
0	92	0	87	63	0	2
0	92	0	88	63	0	6
0	92	0	89	63	0	7
0	92	0	90	63	0	6
0	92	0	92	63	0	8
0	92	0	93	63	0	3
0	92	0	94	63	0	1
0	92	0	95	63	0	7
0	92	0	96	63	0	8
0	92	0	97	63	0	10
0	92	0	98	63	0	13
0	92	0	99	63	0	9
0	92	0	100	63	0	9
0	92	0	101	63	0	5
0	92	0	102	63	0	6
0	92	0	103	63	0	3
0	92	0	87	62	0	3
0	92	0	88	62	0	8
0	92	0	89	62	0	5
0	92	0	90	62	0	8
0	92	0	91	62	0	4
0	92	0	92	62	0	8
0	92	0	93	62	0	8
0	92	0	94	62	0	6
0	92	0	95	62	0	2
0	92	0	96	62	0	15
0	92	0	97	62	0	5
0	92	0	98	62	0	7
0	92	0	99	62	0	5
0	92	0	100	62	0	4
0	92	0	101	62	0	5
0	92	0	102	62	0	5
0	92	0	89	61	0	3
0	92	0	90	61	0	13
0	92	0	91	61	0	5
0	92	0	92	61	0	12
0	92	0	93	61	0	7
0	92	0	94	61	0	9
0	92	0	95	61	0	11
0	92	0	96	61	0	9
0	92	0	97	61	0	3
0	92	0	98	61	0	12
0	92	0	99	61	0	5
0	92	0	100	61	0	9
0	92	0	90	60	0	7
0	92	0	91	60	0	9
0	92	0	92	60	0	9
0	92	0	93	60	0	2
0	92	0	94	60	0	9
0	92	0	95	60	0	3
0	92	0	96	60	0	1
0	92	0	88	59	0	0
0	92	0	89	59	0	4
0	92	0	90	59	0	13
0	92	0	91	59	0	10
0	92	0	92	59	0	9
0	92	0	93	59	0	3
0	92	0	94	59	0	3
0	92	0	95	59	0	6
0	92	0	89	58	0	2
0	92	0	90	58	0	2
0	92	0	91	58	0	2
0	92	0	92	58	0	11
0	92	0	93	58	0	12
0	92	0	94	58	0	8
0	92	0	91	57	0	0
0	92	0	92	57	0	0
0	92	0	93	57	0	15
0	92	0	96	55	0	0
0	92	0	93	53	0	9
0	92	0	94	53	0	1
0	92	0	103	53	0	5
0	92	0	93	52	0	0
0	92	0	93	51	0	0
0	92	0	94	50	0	0
0	92	0	95	50	0	0
0	92	0	102	50	0	0
0	92	0	94	49	0	5
0	92	0	95	49	0	0
0	93	0	95	73	0	5
0	93	0	95	72	0	2
0	93	0	96	72	0	4
0	93	0	97	72	0	3
0	93	0	98	72	0	15
0	93	0	99	72	0	10
0	93	0	100	72	0	0
0	93	0	90	71	0	5
0	93	0	91	71	0	14
0	93	0	92	71	0	3
0	93	0	93	71	0	8
0	93	0	96	71	0	4
0	93	0	97	71	0	6
0	93	0	98	71	0	8
0	93	0	99	71	0	8
0	93	0	100	71	0	3
0	93	0	101	71	0	8
0	93	0	102	71	0	2
0	93	0	89	70	0	5
0	93	0	90	70	0	13
0	93	0	91	70	0	7
0	93	0	92	70	0	5
0	93	0	95	70	0	8
0	93	0	96	70	0	10
0	93	0	97	70	0	10
0	93	0	98	70	0	9
0	93	0	99	70	0	8
0	93	0	100	70	0	9
0	93	0	101	70	0	5
0	93	0	102	70	0	3
0	93	0	87	69	0	10
0	93	0	88	69	0	10
0	93	0	89	69	0	8
0	93	0	91	69	0	5
0	93	0	92	69	0	10
0	93	0	93	69	0	8
0	93	0	94	69	0	13
0	93	0	95	69	0	5
0	93	0	96	69	0	13
0	93	0	97	69	0	8
0	93	0	98	69	0	2
0	93	0	99	69	0	12
0	93	0	100	69	0	4
0	93	0	101	69	0	16
0	93	0	102	69	0	1
0	93	0	89	68	0	13
0	93	0	90	68	0	8
0	93	0	91	68	0	6
0	93	0	92	68	0	6
0	93	0	93	68	0	6
0	93	0	94	68	0	10
0	93	0	95	68	0	8
0	93	0	96	68	0	10
0	93	0	97	68	0	11
0	93	0	98	68	0	14
0	93	0	99	68	0	15
0	93	0	100	68	0	9
0	93	0	101	68	0	14
0	93	0	102	68	0	4
0	93	0	88	67	0	10
0	93	0	89	67	0	2
0	93	0	90	67	0	11
0	93	0	91	67	0	7
0	93	0	92	67	0	10
0	93	0	93	67	0	20
0	93	0	94	67	0	8
0	93	0	95	67	0	9
0	93	0	96	67	0	7
0	93	0	97	67	0	9
0	93	0	98	67	0	4
0	93	0	99	67	0	10
0	93	0	100	67	0	7
0	93	0	101	67	0	12
0	93	0	102	67	0	0
0	93	0	87	66	0	1
0	93	0	88	66	0	3
0	93	0	89	66	0	13
0	93	0	90	66	0	12
0	93	0	91	66	0	13
0	93	0	92	66	0	3
0	93	0	93	66	0	9
0	93	0	94	66	0	2
0	93	0	95	66	0	4
0	93	0	96	66	0	3
0	93	0	97	66	0	18
0	93	0	98	66	0	17
0	93	0	99	66	0	5
0	93	0	100	66	0	8
0	93	0	101	66	0	2
0	93	0	102	66	0	12
0	93	0	88	65	0	6
0	93	0	89	65	0	5
0	93	0	90	65	0	9
0	93	0	91	65	0	14
0	93	0	92	65	0	11
0	93	0	93	65	0	12
0	93	0	94	65	0	7
0	93	0	95	65	0	7
0	93	0	96	65	0	11
0	93	0	97	65	0	8
0	93	0	98	65	0	11
0	93	0	99	65	0	5
0	93	0	100	65	0	11
0	93	0	101	65	0	13
0	93	0	102	65	0	6
0	93	0	103	65	0	8
0	93	0	88	64	0	14
0	93	0	89	64	0	3
0	93	0	90	64	0	18
0	93	0	93	64	0	4
0	93	0	94	64	0	3
0	93	0	95	64	0	1
0	93	0	96	64	0	7
0	93	0	97	64	0	4
0	93	0	98	64	0	20
0	93	0	99	64	0	4
0	93	0	100	64	0	11
0	93	0	101	64	0	1
0	93	0	102	64	0	17
0	93	0	103	64	0	2
0	93	0	87	63	0	2
0	93	0	88	63	0	8
0	93	0	89	63	0	10
0	93	0	90	63	0	10
0	93	0	92	63	0	10
0	93	0	93	63	0	5
0	93	0	94	63	0	2
0	93	0	95	63	0	7
0	93	0	96	63	0	10
0	93	0	97	63	0	5
0	93	0	98	63	0	18
0	93	0	99	63	0	13
0	93	0	100	63	0	8
0	93	0	101	63	0	6
0	93	0	102	63	0	9
0	93	0	103	63	0	2
0	93	0	87	62	0	3
0	93	0	88	62	0	7
0	93	0	89	62	0	14
0	93	0	90	62	0	8
0	93	0	91	62	0	5
0	93	0	92	62	0	10
0	93	0	93	62	0	12
0	93	0	94	62	0	5
0	93	0	95	62	0	5
0	93	0	96	62	0	14
0	93	0	97	62	0	8
0	93	0	98	62	0	9
0	93	0	99	62	0	5
0	93	0	100	62	0	10
0	93	0	101	62	0	4
0	93	0	102	62	0	4
0	93	0	89	61	0	3
0	93	0	90	61	0	12
0	93	0	91	61	0	3
0	93	0	92	61	0	5
0	93	0	93	61	0	13
0	93	0	94	61	0	10
0	93	0	95	61	0	12
0	93	0	96	61	0	10
0	93	0	97	61	0	8
0	93	0	98	61	0	12
0	93	0	99	61	0	9
0	93	0	100	61	0	8
0	93	0	90	60	0	8
0	93	0	91	60	0	11
0	93	0	92	60	0	12
0	93	0	93	60	0	2
0	93	0	94	60	0	10
0	93	0	95	60	0	3
0	93	0	96	60	0	4
0	93	0	88	59	0	0
0	93	0	89	59	0	3
0	93	0	90	59	0	21
0	93	0	91	59	0	13
0	93	0	92	59	0	16
0	93	0	93	59	0	2
0	93	0	94	59	0	1
0	93	0	95	59	0	9
0	93	0	89	58	0	1
0	93	0	90	58	0	5
0	93	0	91	58	0	4
0	93	0	92	58	0	10
0	93	0	93	58	0	11
0	93	0	94	58	0	10
0	93	0	91	57	0	0
0	93	0	92	57	0	0
0	93	0	93	57	0	12
0	93	0	96	55	0	0
0	93	0	96	54	0	1
0	93	0	104	54	0	1
0	93	0	93	53	0	8
0	93	0	94	53	0	2
0	93	0	103	53	0	7
0	93	0	93	52	0	0
0	93	0	93	51	0	0
0	93	0	94	50	0	0
0	93	0	95	50	0	0
0	93	0	102	50	0	0
0	93	0	94	49	0	4
0	93	0	95	49	0	0
0	94	0	95	73	0	3
0	94	0	95	72	0	2
0	94	0	96	72	0	3
0	94	0	97	72	0	3
0	94	0	98	72	0	17
0	94	0	99	72	0	10
0	94	0	100	72	0	1
0	94	0	90	71	0	2
0	94	0	91	71	0	12
0	94	0	92	71	0	8
0	94	0	93	71	0	6
0	94	0	96	71	0	7
0	94	0	97	71	0	9
0	94	0	98	71	0	11
0	94	0	99	71	0	14
0	94	0	100	71	0	4
0	94	0	101	71	0	8
0	94	0	102	71	0	4
0	94	0	89	70	0	10
0	94	0	90	70	0	10
0	94	0	91	70	0	11
0	94	0	92	70	0	9
0	94	0	95	70	0	13
0	94	0	96	70	0	7
0	94	0	97	70	0	13
0	94	0	98	70	0	7
0	94	0	99	70	0	12
0	94	0	100	70	0	12
0	94	0	101	70	0	7
0	94	0	102	70	0	3
0	94	0	87	69	0	10
0	94	0	88	69	0	16
0	94	0	89	69	0	16
0	94	0	91	69	0	9
0	94	0	92	69	0	6
0	94	0	93	69	0	10
0	94	0	94	69	0	16
0	94	0	95	69	0	4
0	94	0	96	69	0	10
0	94	0	97	69	0	8
0	94	0	98	69	0	1
0	94	0	99	69	0	15
0	94	0	100	69	0	5
0	94	0	101	69	0	8
0	94	0	102	69	0	2
0	94	0	89	68	0	6
0	94	0	90	68	0	8
0	94	0	91	68	0	5
0	94	0	92	68	0	7
0	94	0	93	68	0	10
0	94	0	94	68	0	9
0	94	0	95	68	0	9
0	94	0	96	68	0	14
0	94	0	97	68	0	9
0	94	0	98	68	0	24
0	94	0	99	68	0	16
0	94	0	100	68	0	11
0	94	0	101	68	0	13
0	94	0	102	68	0	2
0	94	0	88	67	0	9
0	94	0	89	67	0	6
0	94	0	90	67	0	10
0	94	0	91	67	0	11
0	94	0	92	67	0	10
0	94	0	93	67	0	17
0	94	0	94	67	0	8
0	94	0	95	67	0	13
0	94	0	96	67	0	7
0	94	0	97	67	0	12
0	94	0	98	67	0	5
0	94	0	99	67	0	10
0	94	0	100	67	0	9
0	94	0	101	67	0	13
0	94	0	102	67	0	1
0	94	0	87	66	0	3
0	94	0	88	66	0	2
0	94	0	89	66	0	8
0	94	0	90	66	0	11
0	94	0	91	66	0	10
0	94	0	92	66	0	5
0	94	0	93	66	0	10
0	94	0	94	66	0	11
0	94	0	95	66	0	4
0	94	0	96	66	0	2
0	94	0	97	66	0	21
0	94	0	98	66	0	15
0	94	0	99	66	0	9
0	94	0	100	66	0	11
0	94	0	101	66	0	5
0	94	0	102	66	0	8
0	94	0	88	65	0	9
0	94	0	89	65	0	6
0	94	0	90	65	0	8
0	94	0	91	65	0	8
0	94	0	92	65	0	3
0	94	0	93	65	0	9
0	94	0	94	65	0	8
0	94	0	95	65	0	7
0	94	0	96	65	0	8
0	94	0	97	65	0	9
0	94	0	98	65	0	11
0	94	0	99	65	0	3
0	94	0	100	65	0	6
0	94	0	101	65	0	15
0	94	0	102	65	0	4
0	94	0	103	65	0	6
0	94	0	88	64	0	11
0	94	0	89	64	0	3
0	94	0	90	64	0	10
0	94	0	93	64	0	5
0	94	0	94	64	0	4
0	94	0	95	64	0	5
0	94	0	96	64	0	10
0	94	0	97	64	0	5
0	94	0	98	64	0	17
0	94	0	99	64	0	5
0	94	0	100	64	0	9
0	94	0	101	64	0	2
0	94	0	102	64	0	10
0	94	0	103	64	0	3
0	94	0	87	63	0	1
0	94	0	88	63	0	10
0	94	0	89	63	0	15
0	94	0	90	63	0	14
0	94	0	92	63	0	10
0	94	0	93	63	0	6
0	94	0	94	63	0	4
0	94	0	95	63	0	7
0	94	0	96	63	0	11
0	94	0	97	63	0	6
0	94	0	98	63	0	15
0	94	0	99	63	0	15
0	94	0	100	63	0	4
0	94	0	101	63	0	8
0	94	0	102	63	0	6
0	94	0	103	63	0	4
0	94	0	87	62	0	6
0	94	0	88	62	0	6
0	94	0	89	62	0	10
0	94	0	90	62	0	6
0	94	0	91	62	0	2
0	94	0	92	62	0	12
0	94	0	93	62	0	10
0	94	0	94	62	0	7
0	94	0	95	62	0	9
0	94	0	96	62	0	13
0	94	0	97	62	0	8
0	94	0	98	62	0	8
0	94	0	99	62	0	7
0	94	0	100	62	0	14
0	94	0	101	62	0	13
0	94	0	102	62	0	1
0	94	0	89	61	0	6
0	94	0	90	61	0	11
0	94	0	91	61	0	3
0	94	0	92	61	0	6
0	94	0	93	61	0	9
0	94	0	94	61	0	9
0	94	0	95	61	0	16
0	94	0	96	61	0	6
0	94	0	97	61	0	12
0	94	0	98	61	0	10
0	94	0	99	61	0	9
0	94	0	100	61	0	11
0	94	0	90	60	0	10
0	94	0	91	60	0	11
0	94	0	92	60	0	11
0	94	0	93	60	0	2
0	94	0	94	60	0	9
0	94	0	95	60	0	2
0	94	0	96	60	0	6
0	94	0	88	59	0	0
0	94	0	89	59	0	2
0	94	0	90	59	0	17
0	94	0	91	59	0	14
0	94	0	92	59	0	17
0	94	0	93	59	0	3
0	94	0	94	59	0	2
0	94	0	95	59	0	3
0	94	0	89	58	0	2
0	94	0	90	58	0	7
0	94	0	91	58	0	11
0	94	0	92	58	0	12
0	94	0	93	58	0	16
0	94	0	94	58	0	9
0	94	0	91	57	0	0
0	94	0	92	57	0	1
0	94	0	93	57	0	7
0	94	0	96	55	0	0
0	94	0	96	54	0	3
0	94	0	104	54	0	1
0	94	0	93	53	0	6
0	94	0	94	53	0	4
0	94	0	103	53	0	6
0	94	0	93	52	0	0
0	94	0	93	51	0	0
0	94	0	94	50	0	0
0	94	0	95	50	0	0
0	94	0	102	50	0	0
0	94	0	94	49	0	1
0	94	0	95	49	0	0
0	95	0	95	73	0	2
0	95	0	95	72	0	1
0	95	0	96	72	0	2
0	95	0	97	72	0	5
0	95	0	98	72	0	10
0	95	0	99	72	0	10
0	95	0	100	72	0	1
0	95	0	90	71	0	2
0	95	0	91	71	0	9
0	95	0	92	71	0	9
0	95	0	93	71	0	7
0	95	0	96	71	0	9
0	95	0	97	71	0	10
0	95	0	98	71	0	11
0	95	0	99	71	0	8
0	95	0	100	71	0	6
0	95	0	101	71	0	13
0	95	0	102	71	0	5
0	95	0	89	70	0	11
0	95	0	90	70	0	15
0	95	0	91	70	0	9
0	95	0	92	70	0	13
0	95	0	95	70	0	13
0	95	0	96	70	0	8
0	95	0	97	70	0	11
0	95	0	98	70	0	9
0	95	0	99	70	0	11
0	95	0	100	70	0	17
0	95	0	101	70	0	7
0	95	0	102	70	0	4
0	95	0	87	69	0	6
0	95	0	88	69	0	12
0	95	0	89	69	0	6
0	95	0	91	69	0	13
0	95	0	92	69	0	7
0	95	0	93	69	0	5
0	95	0	94	69	0	22
0	95	0	95	69	0	6
0	95	0	96	69	0	10
0	95	0	97	69	0	7
0	95	0	98	69	0	4
0	95	0	99	69	0	14
0	95	0	100	69	0	4
0	95	0	101	69	0	8
0	95	0	102	69	0	1
0	95	0	89	68	0	10
0	95	0	90	68	0	12
0	95	0	91	68	0	4
0	95	0	92	68	0	2
0	95	0	93	68	0	8
0	95	0	94	68	0	6
0	95	0	95	68	0	6
0	95	0	96	68	0	20
0	95	0	97	68	0	14
0	95	0	98	68	0	11
0	95	0	99	68	0	12
0	95	0	100	68	0	10
0	95	0	101	68	0	18
0	95	0	102	68	0	3
0	95	0	88	67	0	6
0	95	0	89	67	0	7
0	95	0	90	67	0	11
0	95	0	91	67	0	3
0	95	0	92	67	0	10
0	95	0	93	67	0	16
0	95	0	94	67	0	8
0	95	0	95	67	0	17
0	95	0	96	67	0	6
0	95	0	97	67	0	6
0	95	0	98	67	0	4
0	95	0	99	67	0	7
0	95	0	100	67	0	10
0	95	0	101	67	0	10
0	95	0	102	67	0	2
0	95	0	87	66	0	5
0	95	0	88	66	0	4
0	95	0	89	66	0	7
0	95	0	90	66	0	8
0	95	0	91	66	0	12
0	95	0	92	66	0	4
0	95	0	93	66	0	15
0	95	0	94	66	0	12
0	95	0	95	66	0	6
0	95	0	96	66	0	7
0	95	0	97	66	0	13
0	95	0	98	66	0	11
0	95	0	99	66	0	7
0	95	0	100	66	0	9
0	95	0	101	66	0	13
0	95	0	102	66	0	4
0	95	0	88	65	0	10
0	95	0	89	65	0	4
0	95	0	90	65	0	10
0	95	0	91	65	0	3
0	95	0	92	65	0	7
0	95	0	93	65	0	9
0	95	0	94	65	0	5
0	95	0	95	65	0	9
0	95	0	96	65	0	10
0	95	0	97	65	0	6
0	95	0	98	65	0	14
0	95	0	99	65	0	0
0	95	0	100	65	0	5
0	95	0	101	65	0	8
0	95	0	102	65	0	1
0	95	0	103	65	0	6
0	95	0	88	64	0	13
0	95	0	89	64	0	4
0	95	0	90	64	0	9
0	95	0	93	64	0	8
0	95	0	94	64	0	3
0	95	0	95	64	0	6
0	95	0	96	64	0	11
0	95	0	97	64	0	1
0	95	0	98	64	0	12
0	95	0	99	64	0	7
0	95	0	100	64	0	8
0	95	0	101	64	0	2
0	95	0	102	64	0	9
0	95	0	103	64	0	2
0	95	0	87	63	0	1
0	95	0	88	63	0	11
0	95	0	89	63	0	12
0	95	0	90	63	0	15
0	95	0	92	63	0	15
0	95	0	93	63	0	5
0	95	0	94	63	0	2
0	95	0	95	63	0	2
0	95	0	96	63	0	13
0	95	0	97	63	0	5
0	95	0	98	63	0	18
0	95	0	99	63	0	12
0	95	0	100	63	0	6
0	95	0	101	63	0	7
0	95	0	102	63	0	6
0	95	0	103	63	0	4
0	95	0	87	62	0	7
0	95	0	88	62	0	8
0	95	0	89	62	0	8
0	95	0	90	62	0	8
0	95	0	91	62	0	1
0	95	0	92	62	0	11
0	95	0	93	62	0	10
0	95	0	94	62	0	4
0	95	0	95	62	0	10
0	95	0	96	62	0	7
0	95	0	97	62	0	8
0	95	0	98	62	0	9
0	95	0	99	62	0	7
0	95	0	100	62	0	11
0	95	0	101	62	0	11
0	95	0	102	62	0	0
0	95	0	89	61	0	7
0	95	0	90	61	0	9
0	95	0	91	61	0	1
0	95	0	92	61	0	7
0	95	0	93	61	0	7
0	95	0	94	61	0	10
0	95	0	95	61	0	12
0	95	0	96	61	0	5
0	95	0	97	61	0	11
0	95	0	98	61	0	15
0	95	0	99	61	0	9
0	95	0	100	61	0	11
0	95	0	90	60	0	11
0	95	0	91	60	0	11
0	95	0	92	60	0	11
0	95	0	93	60	0	3
0	95	0	94	60	0	5
0	95	0	95	60	0	4
0	95	0	96	60	0	5
0	95	0	88	59	0	1
0	95	0	89	59	0	2
0	95	0	90	59	0	10
0	95	0	91	59	0	13
0	95	0	92	59	0	13
0	95	0	93	59	0	6
0	95	0	94	59	0	4
0	95	0	95	59	0	1
0	95	0	89	58	0	3
0	95	0	90	58	0	6
0	95	0	91	58	0	11
0	95	0	92	58	0	13
0	95	0	93	58	0	11
0	95	0	94	58	0	9
0	95	0	91	57	0	1
0	95	0	92	57	0	3
0	95	0	93	57	0	6
0	95	0	96	55	0	0
0	95	0	96	54	0	5
0	95	0	104	54	0	0
0	95	0	93	53	0	11
0	95	0	94	53	0	5
0	95	0	103	53	0	6
0	95	0	93	52	0	0
0	95	0	93	51	0	0
0	95	0	94	50	0	0
0	95	0	95	50	0	0
0	95	0	102	50	0	0
0	95	0	94	49	0	1
0	95	0	95	49	0	0
0	96	0	95	73	0	2
0	96	0	95	72	0	2
0	96	0	96	72	0	6
0	96	0	97	72	0	3
0	96	0	98	72	0	10
0	96	0	99	72	0	10
0	96	0	100	72	0	0
0	96	0	90	71	0	0
0	96	0	91	71	0	5
0	96	0	92	71	0	11
0	96	0	93	71	0	8
0	96	0	96	71	0	7
0	96	0	97	71	0	13
0	96	0	98	71	0	8
0	96	0	99	71	0	13
0	96	0	100	71	0	4
0	96	0	101	71	0	5
0	96	0	102	71	0	2
0	96	0	89	70	0	6
0	96	0	90	70	0	9
0	96	0	91	70	0	8
0	96	0	92	70	0	17
0	96	0	95	70	0	11
0	96	0	96	70	0	11
0	96	0	97	70	0	12
0	96	0	98	70	0	13
0	96	0	99	70	0	1
0	96	0	100	70	0	7
0	96	0	101	70	0	7
0	96	0	102	70	0	5
0	96	0	87	69	0	9
0	96	0	88	69	0	16
0	96	0	89	69	0	4
0	96	0	91	69	0	17
0	96	0	92	69	0	5
0	96	0	93	69	0	7
0	96	0	94	69	0	15
0	96	0	95	69	0	5
0	96	0	96	69	0	12
0	96	0	97	69	0	8
0	96	0	98	69	0	2
0	96	0	99	69	0	9
0	96	0	100	69	0	7
0	96	0	101	69	0	17
0	96	0	102	69	0	2
0	96	0	89	68	0	9
0	96	0	90	68	0	18
0	96	0	91	68	0	4
0	96	0	92	68	0	2
0	96	0	93	68	0	6
0	96	0	94	68	0	9
0	96	0	95	68	0	7
0	96	0	96	68	0	12
0	96	0	97	68	0	5
0	96	0	98	68	0	6
0	96	0	99	68	0	12
0	96	0	100	68	0	9
0	96	0	101	68	0	15
0	96	0	102	68	0	4
0	96	0	88	67	0	6
0	96	0	89	67	0	9
0	96	0	90	67	0	9
0	96	0	91	67	0	1
0	96	0	92	67	0	7
0	96	0	93	67	0	10
0	96	0	94	67	0	4
0	96	0	95	67	0	10
0	96	0	96	67	0	9
0	96	0	97	67	0	12
0	96	0	98	67	0	1
0	96	0	99	67	0	6
0	96	0	100	67	0	11
0	96	0	101	67	0	12
0	96	0	102	67	0	3
0	96	0	87	66	0	9
0	96	0	88	66	0	5
0	96	0	89	66	0	8
0	96	0	90	66	0	4
0	96	0	91	66	0	9
0	96	0	92	66	0	3
0	96	0	93	66	0	14
0	96	0	94	66	0	9
0	96	0	95	66	0	7
0	96	0	96	66	0	7
0	96	0	97	66	0	7
0	96	0	98	66	0	12
0	96	0	99	66	0	9
0	96	0	100	66	0	7
0	96	0	101	66	0	20
0	96	0	102	66	0	3
0	96	0	88	65	0	8
0	96	0	89	65	0	5
0	96	0	90	65	0	12
0	96	0	91	65	0	4
0	96	0	92	65	0	7
0	96	0	93	65	0	6
0	96	0	94	65	0	14
0	96	0	95	65	0	5
0	96	0	96	65	0	13
0	96	0	97	65	0	9
0	96	0	98	65	0	11
0	96	0	99	65	0	2
0	96	0	100	65	0	3
0	96	0	101	65	0	5
0	96	0	102	65	0	2
0	96	0	103	65	0	5
0	96	0	88	64	0	10
0	96	0	89	64	0	5
0	96	0	90	64	0	10
0	96	0	93	64	0	12
0	96	0	94	64	0	3
0	96	0	95	64	0	11
0	96	0	96	64	0	10
0	96	0	97	64	0	2
0	96	0	98	64	0	10
0	96	0	99	64	0	6
0	96	0	100	64	0	8
0	96	0	101	64	0	2
0	96	0	102	64	0	8
0	96	0	103	64	0	3
0	96	0	87	63	0	1
0	96	0	88	63	0	4
0	96	0	89	63	0	10
0	96	0	90	63	0	10
0	96	0	92	63	0	17
0	96	0	93	63	0	8
0	96	0	94	63	0	5
0	96	0	95	63	0	1
0	96	0	96	63	0	9
0	96	0	97	63	0	6
0	96	0	98	63	0	13
0	96	0	99	63	0	10
0	96	0	100	63	0	7
0	96	0	101	63	0	3
0	96	0	102	63	0	5
0	96	0	103	63	0	4
0	96	0	87	62	0	5
0	96	0	88	62	0	7
0	96	0	89	62	0	8
0	96	0	90	62	0	12
0	96	0	91	62	0	0
0	96	0	92	62	0	9
0	96	0	93	62	0	10
0	96	0	94	62	0	6
0	96	0	95	62	0	8
0	96	0	96	62	0	4
0	96	0	97	62	0	10
0	96	0	98	62	0	10
0	96	0	99	62	0	6
0	96	0	100	62	0	17
0	96	0	101	62	0	14
0	96	0	102	62	0	3
0	96	0	89	61	0	3
0	96	0	90	61	0	12
0	96	0	91	61	0	3
0	96	0	92	61	0	10
0	96	0	93	61	0	8
0	96	0	94	61	0	8
0	96	0	95	61	0	16
0	96	0	96	61	0	8
0	96	0	97	61	0	11
0	96	0	98	61	0	11
0	96	0	99	61	0	6
0	96	0	100	61	0	16
0	96	0	90	60	0	10
0	96	0	91	60	0	9
0	96	0	92	60	0	15
0	96	0	93	60	0	2
0	96	0	94	60	0	6
0	96	0	95	60	0	11
0	96	0	96	60	0	5
0	96	0	88	59	0	0
0	96	0	89	59	0	1
0	96	0	90	59	0	8
0	96	0	91	59	0	9
0	96	0	92	59	0	8
0	96	0	93	59	0	6
0	96	0	94	59	0	5
0	96	0	95	59	0	0
0	96	0	89	58	0	2
0	96	0	90	58	0	7
0	96	0	91	58	0	11
0	96	0	92	58	0	8
0	96	0	93	58	0	4
0	96	0	94	58	0	7
0	96	0	91	57	0	2
0	96	0	92	57	0	2
0	96	0	93	57	0	10
0	96	0	96	55	0	0
0	96	0	96	54	0	4
0	96	0	104	54	0	0
0	96	0	93	53	0	13
0	96	0	94	53	0	9
0	96	0	103	53	0	7
0	96	0	93	52	0	0
0	96	0	93	51	0	0
0	96	0	94	51	0	1
0	96	0	94	50	0	0
0	96	0	95	50	0	0
0	96	0	102	50	0	0
0	96	0	94	49	0	1
0	96	0	95	49	0	0
0	97	0	95	73	0	8
0	97	0	95	72	0	2
0	97	0	96	72	0	7
0	97	0	97	72	0	7
0	97	0	98	72	0	20
0	97	0	99	72	0	11
0	97	0	100	72	0	0
0	97	0	90	71	0	0
0	97	0	91	71	0	9
0	97	0	92	71	0	3
0	97	0	93	71	0	9
0	97	0	96	71	0	8
0	97	0	97	71	0	16
0	97	0	98	71	0	9
0	97	0	99	71	0	9
0	97	0	100	71	0	0
0	97	0	101	71	0	2
0	97	0	102	71	0	3
0	97	0	89	70	0	8
0	97	0	90	70	0	14
0	97	0	91	70	0	9
0	97	0	92	70	0	12
0	97	0	95	70	0	7
0	97	0	96	70	0	11
0	97	0	97	70	0	16
0	97	0	98	70	0	21
0	97	0	99	70	0	2
0	97	0	100	70	0	6
0	97	0	101	70	0	12
0	97	0	102	70	0	9
0	97	0	87	69	0	10
0	97	0	88	69	0	13
0	97	0	89	69	0	2
0	97	0	91	69	0	14
0	97	0	92	69	0	4
0	97	0	93	69	0	11
0	97	0	94	69	0	10
0	97	0	95	69	0	2
0	97	0	96	69	0	8
0	97	0	97	69	0	5
0	97	0	98	69	0	3
0	97	0	99	69	0	9
0	97	0	100	69	0	10
0	97	0	101	69	0	13
0	97	0	102	69	0	3
0	97	0	89	68	0	2
0	97	0	90	68	0	15
0	97	0	91	68	0	5
0	97	0	92	68	0	3
0	97	0	93	68	0	5
0	97	0	94	68	0	10
0	97	0	95	68	0	5
0	97	0	96	68	0	12
0	97	0	97	68	0	9
0	97	0	98	68	0	5
0	97	0	99	68	0	13
0	97	0	100	68	0	8
0	97	0	101	68	0	14
0	97	0	102	68	0	6
0	97	0	88	67	0	9
0	97	0	89	67	0	9
0	97	0	90	67	0	11
0	97	0	91	67	0	3
0	97	0	92	67	0	9
0	97	0	93	67	0	9
0	97	0	94	67	0	4
0	97	0	95	67	0	7
0	97	0	96	67	0	10
0	97	0	97	67	0	11
0	97	0	98	67	0	3
0	97	0	99	67	0	5
0	97	0	100	67	0	8
0	97	0	101	67	0	9
0	97	0	102	67	0	7
0	97	0	87	66	0	8
0	97	0	88	66	0	5
0	97	0	89	66	0	11
0	97	0	90	66	0	8
0	97	0	91	66	0	6
0	97	0	92	66	0	5
0	97	0	93	66	0	11
0	97	0	94	66	0	10
0	97	0	95	66	0	5
0	97	0	96	66	0	8
0	97	0	97	66	0	9
0	97	0	98	66	0	9
0	97	0	99	66	0	13
0	97	0	100	66	0	7
0	97	0	101	66	0	15
0	97	0	102	66	0	4
0	97	0	88	65	0	4
0	97	0	89	65	0	7
0	97	0	90	65	0	6
0	97	0	91	65	0	11
0	97	0	92	65	0	5
0	97	0	93	65	0	4
0	97	0	94	65	0	13
0	97	0	95	65	0	9
0	97	0	96	65	0	12
0	97	0	97	65	0	8
0	97	0	98	65	0	11
0	97	0	99	65	0	4
0	97	0	100	65	0	5
0	97	0	101	65	0	5
0	97	0	102	65	0	1
0	97	0	103	65	0	3
0	97	0	88	64	0	6
0	97	0	89	64	0	6
0	97	0	90	64	0	11
0	97	0	93	64	0	14
0	97	0	94	64	0	3
0	97	0	95	64	0	8
0	97	0	96	64	0	10
0	97	0	97	64	0	0
0	97	0	98	64	0	5
0	97	0	99	64	0	5
0	97	0	100	64	0	9
0	97	0	101	64	0	5
0	97	0	102	64	0	10
0	97	0	103	64	0	3
0	97	0	87	63	0	3
0	97	0	88	63	0	9
0	97	0	89	63	0	12
0	97	0	90	63	0	12
0	97	0	92	63	0	18
0	97	0	93	63	0	9
0	97	0	94	63	0	5
0	97	0	95	63	0	2
0	97	0	96	63	0	7
0	97	0	97	63	0	10
0	97	0	98	63	0	7
0	97	0	99	63	0	10
0	97	0	100	63	0	14
0	97	0	101	63	0	7
0	97	0	102	63	0	2
0	97	0	103	63	0	6
0	97	0	87	62	0	10
0	97	0	88	62	0	7
0	97	0	89	62	0	13
0	97	0	90	62	0	14
0	97	0	91	62	0	0
0	97	0	92	62	0	9
0	97	0	93	62	0	9
0	97	0	94	62	0	9
0	97	0	95	62	0	8
0	97	0	96	62	0	4
0	97	0	97	62	0	11
0	97	0	98	62	0	9
0	97	0	99	62	0	8
0	97	0	100	62	0	15
0	97	0	101	62	0	17
0	97	0	102	62	0	6
0	97	0	89	61	0	5
0	97	0	90	61	0	7
0	97	0	91	61	0	5
0	97	0	92	61	0	11
0	97	0	93	61	0	14
0	97	0	94	61	0	10
0	97	0	95	61	0	12
0	97	0	96	61	0	9
0	97	0	97	61	0	18
0	97	0	98	61	0	9
0	97	0	99	61	0	10
0	97	0	100	61	0	10
0	97	0	90	60	0	9
0	97	0	91	60	0	7
0	97	0	92	60	0	17
0	97	0	93	60	0	4
0	97	0	94	60	0	7
0	97	0	95	60	0	15
0	97	0	96	60	0	10
0	97	0	88	59	0	0
0	97	0	89	59	0	0
0	97	0	90	59	0	7
0	97	0	91	59	0	6
0	97	0	92	59	0	13
0	97	0	93	59	0	3
0	97	0	94	59	0	7
0	97	0	95	59	0	1
0	97	0	89	58	0	2
0	97	0	90	58	0	4
0	97	0	91	58	0	11
0	97	0	92	58	0	7
0	97	0	93	58	0	1
0	97	0	94	58	0	4
0	97	0	91	57	0	2
0	97	0	92	57	0	4
0	97	0	93	57	0	8
0	97	0	96	55	0	0
0	97	0	96	54	0	5
0	97	0	104	54	0	0
0	97	0	93	53	0	5
0	97	0	94	53	0	9
0	97	0	103	53	0	5
0	97	0	104	53	0	1
0	97	0	93	52	0	0
0	97	0	93	51	0	0
0	97	0	94	51	0	4
0	97	0	94	50	0	0
0	97	0	95	50	0	0
0	97	0	102	50	0	0
0	97	0	94	49	0	3
0	97	0	95	49	0	0
0	98	0	95	73	0	10
0	98	0	95	72	0	1
0	98	0	96	72	0	6
0	98	0	97	72	0	5
0	98	0	98	72	0	13
0	98	0	99	72	0	6
0	98	0	100	72	0	3
0	98	0	90	71	0	0
0	98	0	91	71	0	7
0	98	0	92	71	0	3
0	98	0	93	71	0	7
0	98	0	96	71	0	10
0	98	0	97	71	0	13
0	98	0	98	71	0	11
0	98	0	99	71	0	13
0	98	0	100	71	0	4
0	98	0	101	71	0	4
0	98	0	102	71	0	6
0	98	0	89	70	0	5
0	98	0	90	70	0	14
0	98	0	91	70	0	6
0	98	0	92	70	0	10
0	98	0	95	70	0	7
0	98	0	96	70	0	7
0	98	0	97	70	0	6
0	98	0	98	70	0	15
0	98	0	99	70	0	5
0	98	0	100	70	0	12
0	98	0	101	70	0	18
0	98	0	102	70	0	14
0	98	0	87	69	0	7
0	98	0	88	69	0	12
0	98	0	89	69	0	3
0	98	0	91	69	0	10
0	98	0	92	69	0	7
0	98	0	93	69	0	9
0	98	0	94	69	0	9
0	98	0	95	69	0	4
0	98	0	96	69	0	14
0	98	0	97	69	0	7
0	98	0	98	69	0	2
0	98	0	99	69	0	8
0	98	0	100	69	0	6
0	98	0	101	69	0	7
0	98	0	102	69	0	1
0	98	0	89	68	0	2
0	98	0	90	68	0	18
0	98	0	91	68	0	6
0	98	0	92	68	0	3
0	98	0	93	68	0	5
0	98	0	94	68	0	12
0	98	0	95	68	0	8
0	98	0	96	68	0	8
0	98	0	97	68	0	12
0	98	0	98	68	0	6
0	98	0	99	68	0	8
0	98	0	100	68	0	9
0	98	0	101	68	0	10
0	98	0	102	68	0	9
0	98	0	88	67	0	3
0	98	0	89	67	0	9
0	98	0	90	67	0	11
0	98	0	91	67	0	6
0	98	0	92	67	0	16
0	98	0	93	67	0	15
0	98	0	94	67	0	5
0	98	0	95	67	0	6
0	98	0	96	67	0	15
0	98	0	97	67	0	11
0	98	0	98	67	0	6
0	98	0	99	67	0	7
0	98	0	100	67	0	11
0	98	0	101	67	0	5
0	98	0	102	67	0	7
0	98	0	87	66	0	6
0	98	0	88	66	0	7
0	98	0	89	66	0	13
0	98	0	90	66	0	8
0	98	0	91	66	0	5
0	98	0	92	66	0	3
0	98	0	93	66	0	10
0	98	0	94	66	0	12
0	98	0	95	66	0	12
0	98	0	96	66	0	15
0	98	0	97	66	0	10
0	98	0	98	66	0	9
0	98	0	99	66	0	13
0	98	0	100	66	0	9
0	98	0	101	66	0	14
0	98	0	102	66	0	2
0	98	0	88	65	0	3
0	98	0	89	65	0	6
0	98	0	90	65	0	4
0	98	0	91	65	0	12
0	98	0	92	65	0	8
0	98	0	93	65	0	6
0	98	0	94	65	0	11
0	98	0	95	65	0	9
0	98	0	96	65	0	8
0	98	0	97	65	0	15
0	98	0	98	65	0	10
0	98	0	99	65	0	8
0	98	0	100	65	0	8
0	98	0	101	65	0	6
0	98	0	102	65	0	1
0	98	0	103	65	0	6
0	98	0	88	64	0	9
0	98	0	89	64	0	2
0	98	0	90	64	0	10
0	98	0	93	64	0	19
0	98	0	94	64	0	4
0	98	0	95	64	0	10
0	98	0	96	64	0	11
0	98	0	97	64	0	1
0	98	0	98	64	0	4
0	98	0	99	64	0	2
0	98	0	100	64	0	16
0	98	0	101	64	0	7
0	98	0	102	64	0	4
0	98	0	103	64	0	3
0	98	0	87	63	0	6
0	98	0	88	63	0	6
0	98	0	89	63	0	10
0	98	0	90	63	0	16
0	98	0	92	63	0	19
0	98	0	93	63	0	4
0	98	0	94	63	0	9
0	98	0	95	63	0	7
0	98	0	96	63	0	6
0	98	0	97	63	0	9
0	98	0	98	63	0	14
0	98	0	99	63	0	9
0	98	0	100	63	0	12
0	98	0	101	63	0	5
0	98	0	102	63	0	3
0	98	0	103	63	0	10
0	98	0	87	62	0	5
0	98	0	88	62	0	7
0	98	0	89	62	0	10
0	98	0	90	62	0	9
0	98	0	91	62	0	1
0	98	0	92	62	0	10
0	98	0	93	62	0	6
0	98	0	94	62	0	17
0	98	0	95	62	0	6
0	98	0	96	62	0	6
0	98	0	97	62	0	18
0	98	0	98	62	0	10
0	98	0	99	62	0	11
0	98	0	100	62	0	14
0	98	0	101	62	0	12
0	98	0	102	62	0	5
0	98	0	89	61	0	8
0	98	0	90	61	0	11
0	98	0	91	61	0	6
0	98	0	92	61	0	15
0	98	0	93	61	0	12
0	98	0	94	61	0	7
0	98	0	95	61	0	15
0	98	0	96	61	0	5
0	98	0	97	61	0	14
0	98	0	98	61	0	5
0	98	0	99	61	0	12
0	98	0	100	61	0	13
0	98	0	90	60	0	12
0	98	0	91	60	0	8
0	98	0	92	60	0	13
0	98	0	93	60	0	8
0	98	0	94	60	0	8
0	98	0	95	60	0	12
0	98	0	96	60	0	10
0	98	0	88	59	0	0
0	98	0	89	59	0	0
0	98	0	90	59	0	7
0	98	0	91	59	0	8
0	98	0	92	59	0	12
0	98	0	93	59	0	1
0	98	0	94	59	0	6
0	98	0	95	59	0	4
0	98	0	89	58	0	3
0	98	0	90	58	0	6
0	98	0	91	58	0	13
0	98	0	92	58	0	6
0	98	0	93	58	0	1
0	98	0	94	58	0	2
0	98	0	91	57	0	3
0	98	0	92	57	0	6
0	98	0	93	57	0	6
0	98	0	96	55	0	0
0	98	0	96	54	0	6
0	98	0	104	54	0	0
0	98	0	93	53	0	6
0	98	0	94	53	0	11
0	98	0	103	53	0	8
0	98	0	104	53	0	3
0	98	0	93	52	0	0
0	98	0	93	51	0	0
0	98	0	94	51	0	2
0	98	0	94	50	0	1
0	98	0	95	50	0	0
0	98	0	102	50	0	0
0	98	0	94	49	0	3
0	98	0	95	49	0	0
0	99	0	95	73	0	6
0	99	0	95	72	0	3
0	99	0	96	72	0	14
0	99	0	97	72	0	3
0	99	0	98	72	0	12
0	99	0	99	72	0	9
0	99	0	100	72	0	4
0	99	0	90	71	0	1
0	99	0	91	71	0	8
0	99	0	92	71	0	3
0	99	0	93	71	0	8
0	99	0	96	71	0	3
0	99	0	97	71	0	17
0	99	0	98	71	0	8
0	99	0	99	71	0	13
0	99	0	100	71	0	8
0	99	0	101	71	0	7
0	99	0	102	71	0	7
0	99	0	89	70	0	4
0	99	0	90	70	0	8
0	99	0	91	70	0	4
0	99	0	92	70	0	11
0	99	0	95	70	0	14
0	99	0	96	70	0	10
0	99	0	97	70	0	8
0	99	0	98	70	0	15
0	99	0	99	70	0	13
0	99	0	100	70	0	15
0	99	0	101	70	0	2
0	99	0	102	70	0	9
0	99	0	87	69	0	8
0	99	0	88	69	0	10
0	99	0	89	69	0	1
0	99	0	91	69	0	10
0	99	0	92	69	0	5
0	99	0	93	69	0	11
0	99	0	94	69	0	17
0	99	0	95	69	0	5
0	99	0	96	69	0	11
0	99	0	97	69	0	7
0	99	0	98	69	0	3
0	99	0	99	69	0	10
0	99	0	100	69	0	8
0	99	0	101	69	0	5
0	99	0	102	69	0	0
0	99	0	89	68	0	2
0	99	0	90	68	0	9
0	99	0	91	68	0	11
0	99	0	92	68	0	6
0	99	0	93	68	0	6
0	99	0	94	68	0	14
0	99	0	95	68	0	7
0	99	0	96	68	0	9
0	99	0	97	68	0	7
0	99	0	98	68	0	6
0	99	0	99	68	0	2
0	99	0	100	68	0	15
0	99	0	101	68	0	9
0	99	0	102	68	0	12
0	99	0	88	67	0	4
0	99	0	89	67	0	5
0	99	0	90	67	0	11
0	99	0	91	67	0	8
0	99	0	92	67	0	16
0	99	0	93	67	0	13
0	99	0	94	67	0	7
0	99	0	95	67	0	6
0	99	0	96	67	0	10
0	99	0	97	67	0	14
0	99	0	98	67	0	10
0	99	0	99	67	0	5
0	99	0	100	67	0	14
0	99	0	101	67	0	8
0	99	0	102	67	0	8
0	99	0	87	66	0	9
0	99	0	88	66	0	9
0	99	0	89	66	0	11
0	99	0	90	66	0	9
0	99	0	91	66	0	6
0	99	0	92	66	0	7
0	99	0	93	66	0	12
0	99	0	94	66	0	9
0	99	0	95	66	0	14
0	99	0	96	66	0	18
0	99	0	97	66	0	10
0	99	0	98	66	0	14
0	99	0	99	66	0	9
0	99	0	100	66	0	12
0	99	0	101	66	0	17
0	99	0	102	66	0	1
0	99	0	88	65	0	6
0	99	0	89	65	0	6
0	99	0	90	65	0	3
0	99	0	91	65	0	16
0	99	0	92	65	0	8
0	99	0	93	65	0	6
0	99	0	94	65	0	11
0	99	0	95	65	0	11
0	99	0	96	65	0	6
0	99	0	97	65	0	8
0	99	0	98	65	0	8
0	99	0	99	65	0	6
0	99	0	100	65	0	5
0	99	0	101	65	0	4
0	99	0	102	65	0	1
0	99	0	103	65	0	9
0	99	0	88	64	0	6
0	99	0	89	64	0	6
0	99	0	90	64	0	9
0	99	0	93	64	0	13
0	99	0	94	64	0	3
0	99	0	95	64	0	11
0	99	0	96	64	0	8
0	99	0	97	64	0	3
0	99	0	98	64	0	1
0	99	0	99	64	0	4
0	99	0	100	64	0	17
0	99	0	101	64	0	8
0	99	0	102	64	0	6
0	99	0	103	64	0	5
0	99	0	87	63	0	6
0	99	0	88	63	0	10
0	99	0	89	63	0	12
0	99	0	90	63	0	9
0	99	0	92	63	0	12
0	99	0	93	63	0	4
0	99	0	94	63	0	5
0	99	0	95	63	0	9
0	99	0	96	63	0	9
0	99	0	97	63	0	10
0	99	0	98	63	0	8
0	99	0	99	63	0	11
0	99	0	100	63	0	17
0	99	0	101	63	0	5
0	99	0	102	63	0	4
0	99	0	103	63	0	9
0	99	0	87	62	0	4
0	99	0	88	62	0	5
0	99	0	89	62	0	4
0	99	0	90	62	0	10
0	99	0	91	62	0	1
0	99	0	92	62	0	14
0	99	0	93	62	0	9
0	99	0	94	62	0	10
0	99	0	95	62	0	7
0	99	0	96	62	0	5
0	99	0	97	62	0	19
0	99	0	98	62	0	15
0	99	0	99	62	0	9
0	99	0	100	62	0	5
0	99	0	101	62	0	9
0	99	0	102	62	0	5
0	99	0	89	61	0	8
0	99	0	90	61	0	11
0	99	0	91	61	0	6
0	99	0	92	61	0	16
0	99	0	93	61	0	3
0	99	0	94	61	0	9
0	99	0	95	61	0	10
0	99	0	96	61	0	3
0	99	0	97	61	0	12
0	99	0	98	61	0	4
0	99	0	99	61	0	12
0	99	0	100	61	0	13
0	99	0	90	60	0	6
0	99	0	91	60	0	7
0	99	0	92	60	0	15
0	99	0	93	60	0	8
0	99	0	94	60	0	9
0	99	0	95	60	0	7
0	99	0	96	60	0	11
0	99	0	88	59	0	0
0	99	0	89	59	0	0
0	99	0	90	59	0	7
0	99	0	91	59	0	5
0	99	0	92	59	0	11
0	99	0	93	59	0	3
0	99	0	94	59	0	5
0	99	0	95	59	0	4
0	99	0	89	58	0	9
0	99	0	90	58	0	8
0	99	0	91	58	0	15
0	99	0	92	58	0	6
0	99	0	93	58	0	1
0	99	0	94	58	0	4
0	99	0	91	57	0	0
0	99	0	92	57	0	6
0	99	0	93	57	0	4
0	99	0	96	55	0	1
0	99	0	96	54	0	9
0	99	0	104	54	0	0
0	99	0	93	53	0	8
0	99	0	94	53	0	12
0	99	0	103	53	0	6
0	99	0	104	53	0	3
0	99	0	93	52	0	0
0	99	0	93	51	0	0
0	99	0	94	51	0	2
0	99	0	94	50	0	0
0	99	0	95	50	0	0
0	99	0	102	50	0	0
0	99	0	94	49	0	2
0	99	0	95	49	0	0
0	99	0	96	49	0	1
0	100	0	95	73	0	9
0	100	0	95	72	0	6
0	100	0	96	72	0	11
0	100	0	97	72	0	3
0	100	0	98	72	0	12
0	100	0	99	72	0	10
0	100	0	100	72	0	1
0	100	0	90	71	0	1
0	100	0	91	71	0	10
0	100	0	92	71	0	5
0	100	0	93	71	0	12
0	100	0	96	71	0	4
0	100	0	97	71	0	16
0	100	0	98	71	0	8
0	100	0	99	71	0	10
0	100	0	100	71	0	10
0	100	0	101	71	0	9
0	100	0	102	71	0	3
0	100	0	89	70	0	3
0	100	0	90	70	0	7
0	100	0	91	70	0	8
0	100	0	92	70	0	13
0	100	0	95	70	0	9
0	100	0	96	70	0	8
0	100	0	97	70	0	16
0	100	0	98	70	0	12
0	100	0	99	70	0	8
0	100	0	100	70	0	13
0	100	0	101	70	0	3
0	100	0	102	70	0	8
0	100	0	87	69	0	6
0	100	0	88	69	0	5
0	100	0	89	69	0	0
0	100	0	91	69	0	9
0	100	0	92	69	0	6
0	100	0	93	69	0	9
0	100	0	94	69	0	8
0	100	0	95	69	0	7
0	100	0	96	69	0	16
0	100	0	97	69	0	7
0	100	0	98	69	0	6
0	100	0	99	69	0	9
0	100	0	100	69	0	10
0	100	0	101	69	0	7
0	100	0	102	69	0	1
0	100	0	89	68	0	3
0	100	0	90	68	0	9
0	100	0	91	68	0	16
0	100	0	92	68	0	9
0	100	0	93	68	0	9
0	100	0	94	68	0	10
0	100	0	95	68	0	8
0	100	0	96	68	0	9
0	100	0	97	68	0	5
0	100	0	98	68	0	11
0	100	0	99	68	0	2
0	100	0	100	68	0	11
0	100	0	101	68	0	10
0	100	0	102	68	0	14
0	100	0	88	67	0	6
0	100	0	89	67	0	5
0	100	0	90	67	0	16
0	100	0	91	67	0	6
0	100	0	92	67	0	15
0	100	0	93	67	0	10
0	100	0	94	67	0	8
0	100	0	95	67	0	7
0	100	0	96	67	0	7
0	100	0	97	67	0	9
0	100	0	98	67	0	12
0	100	0	99	67	0	3
0	100	0	100	67	0	11
0	100	0	101	67	0	7
0	100	0	102	67	0	11
0	100	0	87	66	0	6
0	100	0	88	66	0	16
0	100	0	89	66	0	14
0	100	0	90	66	0	7
0	100	0	91	66	0	5
0	100	0	92	66	0	4
0	100	0	93	66	0	13
0	100	0	94	66	0	15
0	100	0	95	66	0	18
0	100	0	96	66	0	17
0	100	0	97	66	0	9
0	100	0	98	66	0	12
0	100	0	99	66	0	12
0	100	0	100	66	0	15
0	100	0	101	66	0	17
0	100	0	102	66	0	4
0	100	0	88	65	0	7
0	100	0	89	65	0	8
0	100	0	90	65	0	5
0	100	0	91	65	0	15
0	100	0	92	65	0	5
0	100	0	93	65	0	7
0	100	0	94	65	0	11
0	100	0	95	65	0	14
0	100	0	96	65	0	7
0	100	0	97	65	0	6
0	100	0	98	65	0	10
0	100	0	99	65	0	6
0	100	0	100	65	0	14
0	100	0	101	65	0	5
0	100	0	102	65	0	1
0	100	0	103	65	0	9
0	100	0	88	64	0	7
0	100	0	89	64	0	5
0	100	0	90	64	0	2
0	100	0	93	64	0	18
0	100	0	94	64	0	7
0	100	0	95	64	0	8
0	100	0	96	64	0	11
0	100	0	97	64	0	3
0	100	0	98	64	0	2
0	100	0	99	64	0	2
0	100	0	100	64	0	17
0	100	0	101	64	0	7
0	100	0	102	64	0	3
0	100	0	103	64	0	7
0	100	0	87	63	0	8
0	100	0	88	63	0	9
0	100	0	89	63	0	17
0	100	0	90	63	0	9
0	100	0	92	63	0	16
0	100	0	93	63	0	4
0	100	0	94	63	0	10
0	100	0	95	63	0	8
0	100	0	96	63	0	9
0	100	0	97	63	0	11
0	100	0	98	63	0	11
0	100	0	99	63	0	9
0	100	0	100	63	0	9
0	100	0	101	63	0	13
0	100	0	102	63	0	7
0	100	0	103	63	0	6
0	100	0	87	62	0	3
0	100	0	88	62	0	4
0	100	0	89	62	0	6
0	100	0	90	62	0	10
0	100	0	91	62	0	2
0	100	0	92	62	0	8
0	100	0	93	62	0	6
0	100	0	94	62	0	19
0	100	0	95	62	0	10
0	100	0	96	62	0	5
0	100	0	97	62	0	16
0	100	0	98	62	0	11
0	100	0	99	62	0	10
0	100	0	100	62	0	7
0	100	0	101	62	0	8
0	100	0	102	62	0	6
0	100	0	89	61	0	11
0	100	0	90	61	0	9
0	100	0	91	61	0	9
0	100	0	92	61	0	15
0	100	0	93	61	0	2
0	100	0	94	61	0	13
0	100	0	95	61	0	16
0	100	0	96	61	0	6
0	100	0	97	61	0	11
0	100	0	98	61	0	7
0	100	0	99	61	0	11
0	100	0	100	61	0	15
0	100	0	90	60	0	3
0	100	0	91	60	0	5
0	100	0	92	60	0	14
0	100	0	93	60	0	6
0	100	0	94	60	0	9
0	100	0	95	60	0	7
0	100	0	96	60	0	7
0	100	0	88	59	0	0
0	100	0	89	59	0	0
0	100	0	90	59	0	9
0	100	0	91	59	0	5
0	100	0	92	59	0	13
0	100	0	93	59	0	5
0	100	0	94	59	0	5
0	100	0	95	59	0	3
0	100	0	89	58	0	7
0	100	0	90	58	0	12
0	100	0	91	58	0	13
0	100	0	92	58	0	6
0	100	0	93	58	0	3
0	100	0	94	58	0	10
0	100	0	91	57	0	0
0	100	0	92	57	0	4
0	100	0	93	57	0	4
0	100	0	96	55	0	0
0	100	0	96	54	0	8
0	100	0	104	54	0	0
0	100	0	93	53	0	4
0	100	0	94	53	0	13
0	100	0	103	53	0	5
0	100	0	104	53	0	2
0	100	0	93	52	0	0
0	100	0	93	51	0	0
0	100	0	94	51	0	4
0	100	0	94	50	0	0
0	100	0	95	50	0	0
0	100	0	96	50	0	1
0	100	0	102	50	0	0
0	100	0	94	49	0	5
0	100	0	95	49	0	0
0	100	0	96	49	0	1
0	101	0	95	73	0	15
0	101	0	95	72	0	9
0	101	0	96	72	0	15
0	101	0	97	72	0	3
0	101	0	98	72	0	12
0	101	0	99	72	0	17
0	101	0	100	72	0	3
0	101	0	90	71	0	4
0	101	0	91	71	0	10
0	101	0	92	71	0	5
0	101	0	93	71	0	9
0	101	0	96	71	0	5
0	101	0	97	71	0	14
0	101	0	98	71	0	9
0	101	0	99	71	0	9
0	101	0	100	71	0	11
0	101	0	101	71	0	12
0	101	0	102	71	0	5
0	101	0	89	70	0	1
0	101	0	90	70	0	10
0	101	0	91	70	0	6
0	101	0	92	70	0	13
0	101	0	95	70	0	4
0	101	0	96	70	0	8
0	101	0	97	70	0	13
0	101	0	98	70	0	11
0	101	0	99	70	0	9
0	101	0	100	70	0	9
0	101	0	101	70	0	1
0	101	0	102	70	0	11
0	101	0	87	69	0	4
0	101	0	88	69	0	10
0	101	0	89	69	0	0
0	101	0	91	69	0	7
0	101	0	92	69	0	9
0	101	0	93	69	0	14
0	101	0	94	69	0	10
0	101	0	95	69	0	6
0	101	0	96	69	0	15
0	101	0	97	69	0	4
0	101	0	98	69	0	2
0	101	0	99	69	0	7
0	101	0	100	69	0	12
0	101	0	101	69	0	7
0	101	0	102	69	0	2
0	101	0	89	68	0	3
0	101	0	90	68	0	13
0	101	0	91	68	0	13
0	101	0	92	68	0	13
0	101	0	93	68	0	7
0	101	0	94	68	0	7
0	101	0	95	68	0	7
0	101	0	96	68	0	13
0	101	0	97	68	0	10
0	101	0	98	68	0	7
0	101	0	99	68	0	3
0	101	0	100	68	0	12
0	101	0	101	68	0	4
0	101	0	102	68	0	20
0	101	0	88	67	0	7
0	101	0	89	67	0	7
0	101	0	90	67	0	12
0	101	0	91	67	0	9
0	101	0	92	67	0	12
0	101	0	93	67	0	9
0	101	0	94	67	0	14
0	101	0	95	67	0	13
0	101	0	96	67	0	9
0	101	0	97	67	0	8
0	101	0	98	67	0	12
0	101	0	99	67	0	6
0	101	0	100	67	0	15
0	101	0	101	67	0	12
0	101	0	102	67	0	7
0	101	0	87	66	0	7
0	101	0	88	66	0	12
0	101	0	89	66	0	10
0	101	0	90	66	0	6
0	101	0	91	66	0	12
0	101	0	92	66	0	3
0	101	0	93	66	0	10
0	101	0	94	66	0	12
0	101	0	95	66	0	10
0	101	0	96	66	0	13
0	101	0	97	66	0	9
0	101	0	98	66	0	11
0	101	0	99	66	0	11
0	101	0	100	66	0	16
0	101	0	101	66	0	14
0	101	0	102	66	0	6
0	101	0	88	65	0	8
0	101	0	89	65	0	6
0	101	0	90	65	0	9
0	101	0	91	65	0	11
0	101	0	92	65	0	5
0	101	0	93	65	0	7
0	101	0	94	65	0	14
0	101	0	95	65	0	17
0	101	0	96	65	0	5
0	101	0	97	65	0	7
0	101	0	98	65	0	12
0	101	0	99	65	0	11
0	101	0	100	65	0	11
0	101	0	101	65	0	6
0	101	0	102	65	0	1
0	101	0	103	65	0	8
0	101	0	88	64	0	10
0	101	0	89	64	0	4
0	101	0	90	64	0	1
0	101	0	93	64	0	20
0	101	0	94	64	0	8
0	101	0	95	64	0	6
0	101	0	96	64	0	8
0	101	0	97	64	0	5
0	101	0	98	64	0	1
0	101	0	99	64	0	4
0	101	0	100	64	0	16
0	101	0	101	64	0	8
0	101	0	102	64	0	3
0	101	0	103	64	0	6
0	101	0	87	63	0	5
0	101	0	88	63	0	6
0	101	0	89	63	0	9
0	101	0	90	63	0	8
0	101	0	92	63	0	13
0	101	0	93	63	0	11
0	101	0	94	63	0	7
0	101	0	95	63	0	8
0	101	0	96	63	0	10
0	101	0	97	63	0	11
0	101	0	98	63	0	10
0	101	0	99	63	0	6
0	101	0	100	63	0	8
0	101	0	101	63	0	9
0	101	0	102	63	0	8
0	101	0	103	63	0	5
0	101	0	87	62	0	2
0	101	0	88	62	0	4
0	101	0	89	62	0	6
0	101	0	90	62	0	8
0	101	0	91	62	0	3
0	101	0	92	62	0	9
0	101	0	93	62	0	6
0	101	0	94	62	0	9
0	101	0	95	62	0	11
0	101	0	96	62	0	6
0	101	0	97	62	0	9
0	101	0	98	62	0	12
0	101	0	99	62	0	7
0	101	0	100	62	0	9
0	101	0	101	62	0	8
0	101	0	102	62	0	7
0	101	0	89	61	0	13
0	101	0	90	61	0	11
0	101	0	91	61	0	11
0	101	0	92	61	0	14
0	101	0	93	61	0	5
0	101	0	94	61	0	8
0	101	0	95	61	0	13
0	101	0	96	61	0	3
0	101	0	97	61	0	13
0	101	0	98	61	0	15
0	101	0	99	61	0	9
0	101	0	100	61	0	12
0	101	0	90	60	0	4
0	101	0	91	60	0	7
0	101	0	92	60	0	11
0	101	0	93	60	0	7
0	101	0	94	60	0	14
0	101	0	95	60	0	6
0	101	0	96	60	0	7
0	101	0	88	59	0	0
0	101	0	89	59	0	0
0	101	0	90	59	0	6
0	101	0	91	59	0	7
0	101	0	92	59	0	6
0	101	0	93	59	0	3
0	101	0	94	59	0	3
0	101	0	95	59	0	2
0	101	0	89	58	0	6
0	101	0	90	58	0	8
0	101	0	91	58	0	10
0	101	0	92	58	0	2
0	101	0	93	58	0	1
0	101	0	94	58	0	7
0	101	0	91	57	0	0
0	101	0	92	57	0	2
0	101	0	93	57	0	14
0	101	0	96	55	0	0
0	101	0	96	54	0	17
0	101	0	104	54	0	0
0	101	0	93	53	0	4
0	101	0	94	53	0	6
0	101	0	95	53	0	1
0	101	0	96	53	0	1
0	101	0	103	53	0	5
0	101	0	104	53	0	4
0	101	0	93	52	0	0
0	101	0	93	51	0	0
0	101	0	94	51	0	2
0	101	0	94	50	0	1
0	101	0	95	50	0	0
0	101	0	96	50	0	0
0	101	0	102	50	0	0
0	101	0	94	49	0	6
0	101	0	95	49	0	0
0	101	0	96	49	0	0
0	102	0	95	73	0	9
0	102	0	95	72	0	6
0	102	0	96	72	0	14
0	102	0	97	72	0	5
0	102	0	98	72	0	14
0	102	0	99	72	0	6
0	102	0	100	72	0	2
0	102	0	90	71	0	5
0	102	0	91	71	0	11
0	102	0	92	71	0	5
0	102	0	93	71	0	11
0	102	0	96	71	0	9
0	102	0	97	71	0	7
0	102	0	98	71	0	5
0	102	0	99	71	0	7
0	102	0	100	71	0	11
0	102	0	101	71	0	15
0	102	0	102	71	0	6
0	102	0	89	70	0	1
0	102	0	90	70	0	11
0	102	0	91	70	0	5
0	102	0	92	70	0	9
0	102	0	95	70	0	7
0	102	0	96	70	0	6
0	102	0	97	70	0	8
0	102	0	98	70	0	3
0	102	0	99	70	0	7
0	102	0	100	70	0	10
0	102	0	101	70	0	2
0	102	0	102	70	0	12
0	102	0	87	69	0	2
0	102	0	88	69	0	7
0	102	0	89	69	0	2
0	102	0	91	69	0	7
0	102	0	92	69	0	11
0	102	0	93	69	0	8
0	102	0	94	69	0	8
0	102	0	95	69	0	5
0	102	0	96	69	0	14
0	102	0	97	69	0	8
0	102	0	98	69	0	1
0	102	0	99	69	0	8
0	102	0	100	69	0	8
0	102	0	101	69	0	9
0	102	0	102	69	0	1
0	102	0	89	68	0	4
0	102	0	90	68	0	11
0	102	0	91	68	0	9
0	102	0	92	68	0	13
0	102	0	93	68	0	11
0	102	0	94	68	0	6
0	102	0	95	68	0	5
0	102	0	96	68	0	14
0	102	0	97	68	0	8
0	102	0	98	68	0	6
0	102	0	99	68	0	6
0	102	0	100	68	0	8
0	102	0	101	68	0	4
0	102	0	102	68	0	13
0	102	0	88	67	0	7
0	102	0	89	67	0	9
0	102	0	90	67	0	5
0	102	0	91	67	0	7
0	102	0	92	67	0	14
0	102	0	93	67	0	6
0	102	0	94	67	0	10
0	102	0	95	67	0	21
0	102	0	96	67	0	8
0	102	0	97	67	0	8
0	102	0	98	67	0	11
0	102	0	99	67	0	7
0	102	0	100	67	0	13
0	102	0	101	67	0	13
0	102	0	102	67	0	12
0	102	0	87	66	0	7
0	102	0	88	66	0	14
0	102	0	89	66	0	11
0	102	0	90	66	0	11
0	102	0	91	66	0	11
0	102	0	92	66	0	5
0	102	0	93	66	0	9
0	102	0	94	66	0	13
0	102	0	95	66	0	11
0	102	0	96	66	0	17
0	102	0	97	66	0	7
0	102	0	98	66	0	11
0	102	0	99	66	0	12
0	102	0	100	66	0	21
0	102	0	101	66	0	17
0	102	0	102	66	0	8
0	102	0	88	65	0	8
0	102	0	89	65	0	8
0	102	0	90	65	0	13
0	102	0	91	65	0	10
0	102	0	92	65	0	5
0	102	0	93	65	0	6
0	102	0	94	65	0	18
0	102	0	95	65	0	10
0	102	0	96	65	0	6
0	102	0	97	65	0	6
0	102	0	98	65	0	9
0	102	0	99	65	0	4
0	102	0	100	65	0	9
0	102	0	101	65	0	4
0	102	0	102	65	0	2
0	102	0	103	65	0	7
0	102	0	88	64	0	5
0	102	0	89	64	0	4
0	102	0	90	64	0	0
0	102	0	93	64	0	20
0	102	0	94	64	0	9
0	102	0	95	64	0	5
0	102	0	96	64	0	7
0	102	0	97	64	0	6
0	102	0	98	64	0	0
0	102	0	99	64	0	3
0	102	0	100	64	0	17
0	102	0	101	64	0	10
0	102	0	102	64	0	4
0	102	0	103	64	0	8
0	102	0	87	63	0	4
0	102	0	88	63	0	5
0	102	0	89	63	0	3
0	102	0	90	63	0	13
0	102	0	92	63	0	11
0	102	0	93	63	0	11
0	102	0	94	63	0	11
0	102	0	95	63	0	12
0	102	0	96	63	0	13
0	102	0	97	63	0	13
0	102	0	98	63	0	12
0	102	0	99	63	0	8
0	102	0	100	63	0	3
0	102	0	101	63	0	9
0	102	0	102	63	0	11
0	102	0	103	63	0	4
0	102	0	87	62	0	4
0	102	0	88	62	0	6
0	102	0	89	62	0	5
0	102	0	90	62	0	9
0	102	0	91	62	0	6
0	102	0	92	62	0	10
0	102	0	93	62	0	4
0	102	0	94	62	0	17
0	102	0	95	62	0	16
0	102	0	96	62	0	9
0	102	0	97	62	0	12
0	102	0	98	62	0	9
0	102	0	99	62	0	12
0	102	0	100	62	0	9
0	102	0	101	62	0	10
0	102	0	102	62	0	7
0	102	0	89	61	0	7
0	102	0	90	61	0	9
0	102	0	91	61	0	8
0	102	0	92	61	0	13
0	102	0	93	61	0	7
0	102	0	94	61	0	5
0	102	0	95	61	0	11
0	102	0	96	61	0	8
0	102	0	97	61	0	11
0	102	0	98	61	0	13
0	102	0	99	61	0	9
0	102	0	100	61	0	12
0	102	0	90	60	0	8
0	102	0	91	60	0	11
0	102	0	92	60	0	6
0	102	0	93	60	0	1
0	102	0	94	60	0	12
0	102	0	95	60	0	5
0	102	0	96	60	0	6
0	102	0	88	59	0	1
0	102	0	89	59	0	0
0	102	0	90	59	0	9
0	102	0	91	59	0	7
0	102	0	92	59	0	4
0	102	0	93	59	0	3
0	102	0	94	59	0	2
0	102	0	95	59	0	2
0	102	0	89	58	0	4
0	102	0	90	58	0	5
0	102	0	91	58	0	9
0	102	0	92	58	0	2
0	102	0	93	58	0	2
0	102	0	94	58	0	7
0	102	0	91	57	0	0
0	102	0	92	57	0	1
0	102	0	93	57	0	8
0	102	0	96	55	0	0
0	102	0	94	54	0	1
0	102	0	96	54	0	15
0	102	0	104	54	0	0
0	102	0	93	53	0	4
0	102	0	94	53	0	9
0	102	0	95	53	0	0
0	102	0	96	53	0	0
0	102	0	103	53	0	5
0	102	0	104	53	0	7
0	102	0	93	52	0	0
0	102	0	93	51	0	0
0	102	0	94	51	0	2
0	102	0	94	50	0	1
0	102	0	95	50	0	0
0	102	0	96	50	0	0
0	102	0	102	50	0	0
0	102	0	94	49	0	12
0	102	0	95	49	0	0
0	102	0	96	49	0	0
0	103	0	95	73	0	9
0	103	0	95	72	0	3
0	103	0	96	72	0	10
0	103	0	97	72	0	6
0	103	0	98	72	0	16
0	103	0	99	72	0	11
0	103	0	100	72	0	2
0	103	0	90	71	0	4
0	103	0	91	71	0	14
0	103	0	92	71	0	8
0	103	0	93	71	0	9
0	103	0	96	71	0	8
0	103	0	97	71	0	5
0	103	0	98	71	0	3
0	103	0	99	71	0	7
0	103	0	100	71	0	10
0	103	0	101	71	0	9
0	103	0	102	71	0	4
0	103	0	89	70	0	2
0	103	0	90	70	0	5
0	103	0	91	70	0	5
0	103	0	92	70	0	11
0	103	0	95	70	0	8
0	103	0	96	70	0	9
0	103	0	97	70	0	9
0	103	0	98	70	0	6
0	103	0	99	70	0	9
0	103	0	100	70	0	11
0	103	0	101	70	0	2
0	103	0	102	70	0	10
0	103	0	87	69	0	2
0	103	0	88	69	0	10
0	103	0	89	69	0	3
0	103	0	91	69	0	14
0	103	0	92	69	0	7
0	103	0	93	69	0	7
0	103	0	94	69	0	6
0	103	0	95	69	0	7
0	103	0	96	69	0	12
0	103	0	97	69	0	8
0	103	0	98	69	0	1
0	103	0	99	69	0	5
0	103	0	100	69	0	11
0	103	0	101	69	0	12
0	103	0	102	69	0	1
0	103	0	89	68	0	7
0	103	0	90	68	0	13
0	103	0	91	68	0	12
0	103	0	92	68	0	12
0	103	0	93	68	0	8
0	103	0	94	68	0	8
0	103	0	95	68	0	9
0	103	0	96	68	0	15
0	103	0	97	68	0	12
0	103	0	98	68	0	7
0	103	0	99	68	0	9
0	103	0	100	68	0	9
0	103	0	101	68	0	5
0	103	0	102	68	0	15
0	103	0	88	67	0	12
0	103	0	89	67	0	8
0	103	0	90	67	0	4
0	103	0	91	67	0	3
0	103	0	92	67	0	10
0	103	0	93	67	0	8
0	103	0	94	67	0	8
0	103	0	95	67	0	16
0	103	0	96	67	0	11
0	103	0	97	67	0	2
0	103	0	98	67	0	16
0	103	0	99	67	0	2
0	103	0	100	67	0	11
0	103	0	101	67	0	8
0	103	0	102	67	0	11
0	103	0	87	66	0	12
0	103	0	88	66	0	10
0	103	0	89	66	0	15
0	103	0	90	66	0	13
0	103	0	91	66	0	8
0	103	0	92	66	0	7
0	103	0	93	66	0	9
0	103	0	94	66	0	11
0	103	0	95	66	0	12
0	103	0	96	66	0	12
0	103	0	97	66	0	6
0	103	0	98	66	0	17
0	103	0	99	66	0	12
0	103	0	100	66	0	17
0	103	0	101	66	0	16
0	103	0	102	66	0	4
0	103	0	88	65	0	10
0	103	0	89	65	0	14
0	103	0	90	65	0	12
0	103	0	91	65	0	12
0	103	0	92	65	0	4
0	103	0	93	65	0	7
0	103	0	94	65	0	10
0	103	0	95	65	0	13
0	103	0	96	65	0	3
0	103	0	97	65	0	10
0	103	0	98	65	0	9
0	103	0	99	65	0	6
0	103	0	100	65	0	14
0	103	0	101	65	0	2
0	103	0	102	65	0	1
0	103	0	103	65	0	5
0	103	0	88	64	0	7
0	103	0	89	64	0	6
0	103	0	90	64	0	0
0	103	0	93	64	0	7
0	103	0	94	64	0	6
0	103	0	95	64	0	6
0	103	0	96	64	0	9
0	103	0	97	64	0	8
0	103	0	98	64	0	2
0	103	0	99	64	0	9
0	103	0	100	64	0	15
0	103	0	101	64	0	5
0	103	0	102	64	0	3
0	103	0	103	64	0	8
0	103	0	87	63	0	3
0	103	0	88	63	0	3
0	103	0	89	63	0	4
0	103	0	90	63	0	10
0	103	0	92	63	0	7
0	103	0	93	63	0	12
0	103	0	94	63	0	15
0	103	0	95	63	0	6
0	103	0	96	63	0	15
0	103	0	97	63	0	8
0	103	0	98	63	0	11
0	103	0	99	63	0	7
0	103	0	100	63	0	6
0	103	0	101	63	0	8
0	103	0	102	63	0	14
0	103	0	103	63	0	3
0	103	0	87	62	0	6
0	103	0	88	62	0	5
0	103	0	89	62	0	6
0	103	0	90	62	0	10
0	103	0	91	62	0	4
0	103	0	92	62	0	11
0	103	0	93	62	0	5
0	103	0	94	62	0	12
0	103	0	95	62	0	16
0	103	0	96	62	0	5
0	103	0	97	62	0	7
0	103	0	98	62	0	8
0	103	0	99	62	0	14
0	103	0	100	62	0	7
0	103	0	101	62	0	10
0	103	0	102	62	0	9
0	103	0	89	61	0	5
0	103	0	90	61	0	10
0	103	0	91	61	0	8
0	103	0	92	61	0	13
0	103	0	93	61	0	5
0	103	0	94	61	0	3
0	103	0	95	61	0	8
0	103	0	96	61	0	8
0	103	0	97	61	0	6
0	103	0	98	61	0	14
0	103	0	99	61	0	10
0	103	0	100	61	0	11
0	103	0	90	60	0	7
0	103	0	91	60	0	11
0	103	0	92	60	0	10
0	103	0	93	60	0	2
0	103	0	94	60	0	9
0	103	0	95	60	0	6
0	103	0	96	60	0	6
0	103	0	88	59	0	2
0	103	0	89	59	0	1
0	103	0	90	59	0	5
0	103	0	91	59	0	6
0	103	0	92	59	0	7
0	103	0	93	59	0	4
0	103	0	94	59	0	4
0	103	0	95	59	0	1
0	103	0	89	58	0	6
0	103	0	90	58	0	10
0	103	0	91	58	0	9
0	103	0	92	58	0	4
0	103	0	93	58	0	6
0	103	0	94	58	0	4
0	103	0	91	57	0	0
0	103	0	92	57	0	2
0	103	0	93	57	0	9
0	103	0	96	55	0	0
0	103	0	94	54	0	1
0	103	0	96	54	0	9
0	103	0	104	54	0	0
0	103	0	93	53	0	6
0	103	0	94	53	0	6
0	103	0	95	53	0	0
0	103	0	96	53	0	0
0	103	0	97	53	0	1
0	103	0	103	53	0	6
0	103	0	104	53	0	6
0	103	0	93	52	0	0
0	103	0	96	52	0	1
0	103	0	93	51	0	0
0	103	0	94	51	0	1
0	103	0	94	50	0	1
0	103	0	95	50	0	0
0	103	0	96	50	0	0
0	103	0	102	50	0	0
0	103	0	94	49	0	8
0	103	0	95	49	0	0
0	103	0	96	49	0	0
0	104	0	95	73	0	10
0	104	0	95	72	0	2
0	104	0	96	72	0	13
0	104	0	97	72	0	7
0	104	0	98	72	0	10
0	104	0	99	72	0	14
0	104	0	100	72	0	1
0	104	0	90	71	0	4
0	104	0	91	71	0	12
0	104	0	92	71	0	9
0	104	0	93	71	0	6
0	104	0	96	71	0	5
0	104	0	97	71	0	12
0	104	0	98	71	0	5
0	104	0	99	71	0	8
0	104	0	100	71	0	14
0	104	0	101	71	0	8
0	104	0	102	71	0	8
0	104	0	89	70	0	4
0	104	0	90	70	0	11
0	104	0	91	70	0	6
0	104	0	92	70	0	12
0	104	0	95	70	0	8
0	104	0	96	70	0	11
0	104	0	97	70	0	8
0	104	0	98	70	0	6
0	104	0	99	70	0	6
0	104	0	100	70	0	12
0	104	0	101	70	0	5
0	104	0	102	70	0	10
0	104	0	87	69	0	3
0	104	0	88	69	0	12
0	104	0	89	69	0	2
0	104	0	91	69	0	12
0	104	0	92	69	0	11
0	104	0	93	69	0	10
0	104	0	94	69	0	5
0	104	0	95	69	0	5
0	104	0	96	69	0	12
0	104	0	97	69	0	10
0	104	0	98	69	0	0
0	104	0	99	69	0	7
0	104	0	100	69	0	11
0	104	0	101	69	0	14
0	104	0	102	69	0	3
0	104	0	89	68	0	5
0	104	0	90	68	0	11
0	104	0	91	68	0	9
0	104	0	92	68	0	5
0	104	0	93	68	0	12
0	104	0	94	68	0	8
0	104	0	95	68	0	9
0	104	0	96	68	0	8
0	104	0	97	68	0	18
0	104	0	98	68	0	6
0	104	0	99	68	0	2
0	104	0	100	68	0	8
0	104	0	101	68	0	9
0	104	0	102	68	0	16
0	104	0	88	67	0	8
0	104	0	89	67	0	13
0	104	0	90	67	0	5
0	104	0	91	67	0	3
0	104	0	92	67	0	10
0	104	0	93	67	0	9
0	104	0	94	67	0	6
0	104	0	95	67	0	11
0	104	0	96	67	0	11
0	104	0	97	67	0	1
0	104	0	98	67	0	10
0	104	0	99	67	0	4
0	104	0	100	67	0	11
0	104	0	101	67	0	9
0	104	0	102	67	0	8
0	104	0	87	66	0	10
0	104	0	88	66	0	10
0	104	0	89	66	0	11
0	104	0	90	66	0	10
0	104	0	91	66	0	10
0	104	0	92	66	0	12
0	104	0	93	66	0	9
0	104	0	94	66	0	12
0	104	0	95	66	0	11
0	104	0	96	66	0	8
0	104	0	97	66	0	4
0	104	0	98	66	0	16
0	104	0	99	66	0	7
0	104	0	100	66	0	8
0	104	0	101	66	0	21
0	104	0	102	66	0	4
0	104	0	88	65	0	11
0	104	0	89	65	0	7
0	104	0	90	65	0	9
0	104	0	91	65	0	9
0	104	0	92	65	0	9
0	104	0	93	65	0	11
0	104	0	94	65	0	14
0	104	0	95	65	0	12
0	104	0	96	65	0	0
0	104	0	97	65	0	8
0	104	0	98	65	0	11
0	104	0	99	65	0	7
0	104	0	100	65	0	6
0	104	0	101	65	0	4
0	104	0	102	65	0	3
0	104	0	103	65	0	6
0	104	0	88	64	0	8
0	104	0	89	64	0	6
0	104	0	90	64	0	0
0	104	0	93	64	0	13
0	104	0	94	64	0	7
0	104	0	95	64	0	7
0	104	0	96	64	0	18
0	104	0	97	64	0	8
0	104	0	98	64	0	3
0	104	0	99	64	0	8
0	104	0	100	64	0	8
0	104	0	101	64	0	6
0	104	0	102	64	0	6
0	104	0	103	64	0	5
0	104	0	87	63	0	3
0	104	0	88	63	0	2
0	104	0	89	63	0	3
0	104	0	90	63	0	10
0	104	0	92	63	0	8
0	104	0	93	63	0	13
0	104	0	94	63	0	19
0	104	0	95	63	0	2
0	104	0	96	63	0	6
0	104	0	97	63	0	9
0	104	0	98	63	0	8
0	104	0	99	63	0	3
0	104	0	100	63	0	8
0	104	0	101	63	0	8
0	104	0	102	63	0	7
0	104	0	103	63	0	3
0	104	0	87	62	0	3
0	104	0	88	62	0	3
0	104	0	89	62	0	5
0	104	0	90	62	0	12
0	104	0	91	62	0	6
0	104	0	92	62	0	12
0	104	0	93	62	0	6
0	104	0	94	62	0	10
0	104	0	95	62	0	14
0	104	0	96	62	0	2
0	104	0	97	62	0	7
0	104	0	98	62	0	16
0	104	0	99	62	0	12
0	104	0	100	62	0	7
0	104	0	101	62	0	7
0	104	0	102	62	0	8
0	104	0	89	61	0	3
0	104	0	90	61	0	7
0	104	0	91	61	0	9
0	104	0	92	61	0	14
0	104	0	93	61	0	8
0	104	0	94	61	0	2
0	104	0	95	61	0	9
0	104	0	96	61	0	8
0	104	0	97	61	0	11
0	104	0	98	61	0	10
0	104	0	99	61	0	14
0	104	0	100	61	0	15
0	104	0	90	60	0	8
0	104	0	91	60	0	13
0	104	0	92	60	0	12
0	104	0	93	60	0	6
0	104	0	94	60	0	8
0	104	0	95	60	0	4
0	104	0	96	60	0	6
0	104	0	88	59	0	4
0	104	0	89	59	0	0
0	104	0	90	59	0	4
0	104	0	91	59	0	7
0	104	0	92	59	0	5
0	104	0	93	59	0	10
0	104	0	94	59	0	3
0	104	0	95	59	0	1
0	104	0	89	58	0	7
0	104	0	90	58	0	11
0	104	0	91	58	0	9
0	104	0	92	58	0	9
0	104	0	93	58	0	10
0	104	0	94	58	0	7
0	104	0	91	57	0	0
0	104	0	92	57	0	3
0	104	0	93	57	0	11
0	104	0	96	55	0	0
0	104	0	94	54	0	0
0	104	0	96	54	0	8
0	104	0	104	54	0	0
0	104	0	93	53	0	7
0	104	0	94	53	0	8
0	104	0	95	53	0	0
0	104	0	96	53	0	0
0	104	0	97	53	0	4
0	104	0	103	53	0	7
0	104	0	104	53	0	6
0	104	0	93	52	0	1
0	104	0	96	52	0	2
0	104	0	93	51	0	0
0	104	0	94	51	0	0
0	104	0	94	50	0	0
0	104	0	95	50	0	0
0	104	0	96	50	0	0
0	104	0	102	50	0	0
0	104	0	94	49	0	5
0	104	0	95	49	0	0
0	104	0	96	49	0	0
0	105	0	95	73	0	5
0	105	0	95	72	0	6
0	105	0	96	72	0	7
0	105	0	97	72	0	5
0	105	0	98	72	0	10
0	105	0	99	72	0	11
0	105	0	100	72	0	3
0	105	0	90	71	0	5
0	105	0	91	71	0	12
0	105	0	92	71	0	6
0	105	0	93	71	0	9
0	105	0	96	71	0	10
0	105	0	97	71	0	13
0	105	0	98	71	0	5
0	105	0	99	71	0	6
0	105	0	100	71	0	13
0	105	0	101	71	0	5
0	105	0	102	71	0	6
0	105	0	89	70	0	8
0	105	0	90	70	0	10
0	105	0	91	70	0	4
0	105	0	92	70	0	12
0	105	0	95	70	0	7
0	105	0	96	70	0	15
0	105	0	97	70	0	11
0	105	0	98	70	0	6
0	105	0	99	70	0	11
0	105	0	100	70	0	18
0	105	0	101	70	0	6
0	105	0	102	70	0	6
0	105	0	87	69	0	6
0	105	0	88	69	0	14
0	105	0	89	69	0	3
0	105	0	91	69	0	7
0	105	0	92	69	0	7
0	105	0	93	69	0	13
0	105	0	94	69	0	6
0	105	0	95	69	0	9
0	105	0	96	69	0	12
0	105	0	97	69	0	7
0	105	0	98	69	0	0
0	105	0	99	69	0	8
0	105	0	100	69	0	12
0	105	0	101	69	0	11
0	105	0	102	69	0	3
0	105	0	89	68	0	6
0	105	0	90	68	0	10
0	105	0	91	68	0	9
0	105	0	92	68	0	9
0	105	0	93	68	0	8
0	105	0	94	68	0	12
0	105	0	95	68	0	8
0	105	0	96	68	0	6
0	105	0	97	68	0	12
0	105	0	98	68	0	5
0	105	0	99	68	0	5
0	105	0	100	68	0	12
0	105	0	101	68	0	9
0	105	0	102	68	0	19
0	105	0	88	67	0	7
0	105	0	89	67	0	13
0	105	0	90	67	0	6
0	105	0	91	67	0	3
0	105	0	92	67	0	13
0	105	0	93	67	0	11
0	105	0	94	67	0	2
0	105	0	95	67	0	12
0	105	0	96	67	0	11
0	105	0	97	67	0	2
0	105	0	98	67	0	7
0	105	0	99	67	0	7
0	105	0	100	67	0	13
0	105	0	101	67	0	7
0	105	0	102	67	0	11
0	105	0	87	66	0	8
0	105	0	88	66	0	8
0	105	0	89	66	0	10
0	105	0	90	66	0	13
0	105	0	91	66	0	7
0	105	0	92	66	0	11
0	105	0	93	66	0	13
0	105	0	94	66	0	16
0	105	0	95	66	0	10
0	105	0	96	66	0	11
0	105	0	97	66	0	5
0	105	0	98	66	0	16
0	105	0	99	66	0	8
0	105	0	100	66	0	10
0	105	0	101	66	0	20
0	105	0	102	66	0	6
0	105	0	88	65	0	11
0	105	0	89	65	0	8
0	105	0	90	65	0	6
0	105	0	91	65	0	13
0	105	0	92	65	0	15
0	105	0	93	65	0	10
0	105	0	94	65	0	13
0	105	0	95	65	0	11
0	105	0	96	65	0	1
0	105	0	97	65	0	8
0	105	0	98	65	0	11
0	105	0	99	65	0	10
0	105	0	100	65	0	8
0	105	0	101	65	0	7
0	105	0	102	65	0	4
0	105	0	103	65	0	6
0	105	0	88	64	0	13
0	105	0	89	64	0	11
0	105	0	90	64	0	0
0	105	0	93	64	0	11
0	105	0	94	64	0	7
0	105	0	95	64	0	7
0	105	0	96	64	0	11
0	105	0	97	64	0	3
0	105	0	98	64	0	6
0	105	0	99	64	0	5
0	105	0	100	64	0	16
0	105	0	101	64	0	10
0	105	0	102	64	0	8
0	105	0	103	64	0	4
0	105	0	87	63	0	3
0	105	0	88	63	0	3
0	105	0	89	63	0	4
0	105	0	90	63	0	7
0	105	0	92	63	0	6
0	105	0	93	63	0	13
0	105	0	94	63	0	16
0	105	0	95	63	0	6
0	105	0	96	63	0	8
0	105	0	97	63	0	14
0	105	0	98	63	0	8
0	105	0	99	63	0	4
0	105	0	100	63	0	7
0	105	0	101	63	0	7
0	105	0	102	63	0	9
0	105	0	103	63	0	2
0	105	0	87	62	0	5
0	105	0	88	62	0	11
0	105	0	89	62	0	6
0	105	0	90	62	0	15
0	105	0	91	62	0	2
0	105	0	92	62	0	9
0	105	0	93	62	0	5
0	105	0	94	62	0	14
0	105	0	95	62	0	14
0	105	0	96	62	0	1
0	105	0	97	62	0	8
0	105	0	98	62	0	15
0	105	0	99	62	0	13
0	105	0	100	62	0	6
0	105	0	101	62	0	11
0	105	0	102	62	0	6
0	105	0	89	61	0	2
0	105	0	90	61	0	8
0	105	0	91	61	0	5
0	105	0	92	61	0	17
0	105	0	93	61	0	13
0	105	0	94	61	0	4
0	105	0	95	61	0	9
0	105	0	96	61	0	6
0	105	0	97	61	0	10
0	105	0	98	61	0	11
0	105	0	99	61	0	10
0	105	0	100	61	0	13
0	105	0	90	60	0	8
0	105	0	91	60	0	12
0	105	0	92	60	0	8
0	105	0	93	60	0	8
0	105	0	94	60	0	7
0	105	0	95	60	0	7
0	105	0	96	60	0	6
0	105	0	88	59	0	1
0	105	0	89	59	0	0
0	105	0	90	59	0	1
0	105	0	91	59	0	5
0	105	0	92	59	0	7
0	105	0	93	59	0	11
0	105	0	94	59	0	7
0	105	0	95	59	0	1
0	105	0	89	58	0	8
0	105	0	90	58	0	11
0	105	0	91	58	0	4
0	105	0	92	58	0	7
0	105	0	93	58	0	9
0	105	0	94	58	0	8
0	105	0	91	57	0	2
0	105	0	92	57	0	5
0	105	0	93	57	0	9
0	105	0	96	55	0	0
0	105	0	94	54	0	0
0	105	0	96	54	0	7
0	105	0	104	54	0	0
0	105	0	93	53	0	9
0	105	0	94	53	0	8
0	105	0	95	53	0	0
0	105	0	96	53	0	1
0	105	0	97	53	0	4
0	105	0	103	53	0	6
0	105	0	104	53	0	3
0	105	0	93	52	0	3
0	105	0	96	52	0	4
0	105	0	93	51	0	0
0	105	0	94	51	0	0
0	105	0	95	51	0	1
0	105	0	94	50	0	0
0	105	0	95	50	0	0
0	105	0	96	50	0	0
0	105	0	102	50	0	0
0	105	0	94	49	0	4
0	105	0	95	49	0	0
0	105	0	96	49	0	0
0	106	0	95	73	0	9
0	106	0	95	72	0	9
0	106	0	96	72	0	5
0	106	0	97	72	0	4
0	106	0	98	72	0	10
0	106	0	99	72	0	13
0	106	0	100	72	0	0
0	106	0	90	71	0	11
0	106	0	91	71	0	14
0	106	0	92	71	0	6
0	106	0	93	71	0	8
0	106	0	96	71	0	6
0	106	0	97	71	0	9
0	106	0	98	71	0	4
0	106	0	99	71	0	5
0	106	0	100	71	0	7
0	106	0	101	71	0	4
0	106	0	102	71	0	8
0	106	0	89	70	0	9
0	106	0	90	70	0	5
0	106	0	91	70	0	6
0	106	0	92	70	0	14
0	106	0	95	70	0	6
0	106	0	96	70	0	15
0	106	0	97	70	0	6
0	106	0	98	70	0	5
0	106	0	99	70	0	11
0	106	0	100	70	0	14
0	106	0	101	70	0	8
0	106	0	102	70	0	8
0	106	0	87	69	0	6
0	106	0	88	69	0	11
0	106	0	89	69	0	4
0	106	0	91	69	0	7
0	106	0	92	69	0	7
0	106	0	93	69	0	11
0	106	0	94	69	0	15
0	106	0	95	69	0	4
0	106	0	96	69	0	8
0	106	0	97	69	0	5
0	106	0	98	69	0	1
0	106	0	99	69	0	8
0	106	0	100	69	0	11
0	106	0	101	69	0	7
0	106	0	102	69	0	7
0	106	0	89	68	0	6
0	106	0	90	68	0	6
0	106	0	91	68	0	8
0	106	0	92	68	0	11
0	106	0	93	68	0	11
0	106	0	94	68	0	19
0	106	0	95	68	0	10
0	106	0	96	68	0	11
0	106	0	97	68	0	12
0	106	0	98	68	0	8
0	106	0	99	68	0	12
0	106	0	100	68	0	9
0	106	0	101	68	0	7
0	106	0	102	68	0	14
0	106	0	88	67	0	4
0	106	0	89	67	0	12
0	106	0	90	67	0	6
0	106	0	91	67	0	8
0	106	0	92	67	0	9
0	106	0	93	67	0	16
0	106	0	94	67	0	2
0	106	0	95	67	0	15
0	106	0	96	67	0	6
0	106	0	97	67	0	2
0	106	0	98	67	0	6
0	106	0	99	67	0	12
0	106	0	100	67	0	10
0	106	0	101	67	0	5
0	106	0	102	67	0	6
0	106	0	87	66	0	8
0	106	0	88	66	0	9
0	106	0	89	66	0	9
0	106	0	90	66	0	13
0	106	0	91	66	0	6
0	106	0	92	66	0	6
0	106	0	93	66	0	9
0	106	0	94	66	0	17
0	106	0	95	66	0	8
0	106	0	96	66	0	10
0	106	0	97	66	0	7
0	106	0	98	66	0	13
0	106	0	99	66	0	8
0	106	0	100	66	0	15
0	106	0	101	66	0	20
0	106	0	102	66	0	8
0	106	0	88	65	0	9
0	106	0	89	65	0	7
0	106	0	90	65	0	2
0	106	0	91	65	0	9
0	106	0	92	65	0	11
0	106	0	93	65	0	14
0	106	0	94	65	0	15
0	106	0	95	65	0	10
0	106	0	96	65	0	1
0	106	0	97	65	0	8
0	106	0	98	65	0	13
0	106	0	99	65	0	11
0	106	0	100	65	0	6
0	106	0	101	65	0	4
0	106	0	102	65	0	10
0	106	0	103	65	0	3
0	106	0	88	64	0	4
0	106	0	89	64	0	17
0	106	0	90	64	0	1
0	106	0	93	64	0	7
0	106	0	94	64	0	9
0	106	0	95	64	0	5
0	106	0	96	64	0	17
0	106	0	97	64	0	3
0	106	0	98	64	0	7
0	106	0	99	64	0	8
0	106	0	100	64	0	13
0	106	0	101	64	0	8
0	106	0	102	64	0	13
0	106	0	103	64	0	4
0	106	0	87	63	0	5
0	106	0	88	63	0	4
0	106	0	89	63	0	3
0	106	0	90	63	0	3
0	106	0	92	63	0	11
0	106	0	93	63	0	11
0	106	0	94	63	0	11
0	106	0	95	63	0	12
0	106	0	96	63	0	6
0	106	0	97	63	0	10
0	106	0	98	63	0	5
0	106	0	99	63	0	2
0	106	0	100	63	0	10
0	106	0	101	63	0	9
0	106	0	102	63	0	10
0	106	0	103	63	0	2
0	106	0	87	62	0	4
0	106	0	88	62	0	13
0	106	0	89	62	0	8
0	106	0	90	62	0	8
0	106	0	91	62	0	3
0	106	0	92	62	0	11
0	106	0	93	62	0	5
0	106	0	94	62	0	13
0	106	0	95	62	0	18
0	106	0	96	62	0	3
0	106	0	97	62	0	4
0	106	0	98	62	0	12
0	106	0	99	62	0	16
0	106	0	100	62	0	9
0	106	0	101	62	0	11
0	106	0	102	62	0	7
0	106	0	89	61	0	0
0	106	0	90	61	0	9
0	106	0	91	61	0	8
0	106	0	92	61	0	9
0	106	0	93	61	0	11
0	106	0	94	61	0	2
0	106	0	95	61	0	5
0	106	0	96	61	0	6
0	106	0	97	61	0	9
0	106	0	98	61	0	14
0	106	0	99	61	0	8
0	106	0	100	61	0	11
0	106	0	90	60	0	7
0	106	0	91	60	0	9
0	106	0	92	60	0	8
0	106	0	93	60	0	5
0	106	0	94	60	0	2
0	106	0	95	60	0	7
0	106	0	96	60	0	5
0	106	0	88	59	0	1
0	106	0	89	59	0	0
0	106	0	90	59	0	1
0	106	0	91	59	0	3
0	106	0	92	59	0	8
0	106	0	93	59	0	10
0	106	0	94	59	0	3
0	106	0	95	59	0	0
0	106	0	89	58	0	3
0	106	0	90	58	0	5
0	106	0	91	58	0	6
0	106	0	92	58	0	6
0	106	0	93	58	0	13
0	106	0	94	58	0	5
0	106	0	91	57	0	3
0	106	0	92	57	0	10
0	106	0	93	57	0	12
0	106	0	96	55	0	0
0	106	0	94	54	0	0
0	106	0	96	54	0	8
0	106	0	102	54	0	1
0	106	0	104	54	0	0
0	106	0	93	53	0	3
0	106	0	94	53	0	10
0	106	0	95	53	0	1
0	106	0	96	53	0	1
0	106	0	97	53	0	7
0	106	0	103	53	0	7
0	106	0	104	53	0	2
0	106	0	93	52	0	6
0	106	0	96	52	0	7
0	106	0	93	51	0	0
0	106	0	94	51	0	0
0	106	0	95	51	0	2
0	106	0	100	51	0	1
0	106	0	94	50	0	0
0	106	0	95	50	0	0
0	106	0	96	50	0	0
0	106	0	97	50	0	1
0	106	0	102	50	0	0
0	106	0	94	49	0	8
0	106	0	95	49	0	0
0	106	0	96	49	0	1
0	106	0	94	48	0	1
0	107	0	95	73	0	9
0	107	0	95	72	0	8
0	107	0	96	72	0	7
0	107	0	97	72	0	5
0	107	0	98	72	0	16
0	107	0	99	72	0	13
0	107	0	100	72	0	0
0	107	0	90	71	0	4
0	107	0	91	71	0	9
0	107	0	92	71	0	6
0	107	0	93	71	0	5
0	107	0	96	71	0	6
0	107	0	97	71	0	4
0	107	0	98	71	0	6
0	107	0	99	71	0	6
0	107	0	100	71	0	11
0	107	0	101	71	0	7
0	107	0	102	71	0	13
0	107	0	89	70	0	5
0	107	0	90	70	0	2
0	107	0	91	70	0	4
0	107	0	92	70	0	11
0	107	0	95	70	0	7
0	107	0	96	70	0	13
0	107	0	97	70	0	8
0	107	0	98	70	0	8
0	107	0	99	70	0	8
0	107	0	100	70	0	15
0	107	0	101	70	0	7
0	107	0	102	70	0	6
0	107	0	87	69	0	7
0	107	0	88	69	0	7
0	107	0	89	69	0	4
0	107	0	91	69	0	5
0	107	0	92	69	0	4
0	107	0	93	69	0	11
0	107	0	94	69	0	12
0	107	0	95	69	0	8
0	107	0	96	69	0	11
0	107	0	97	69	0	5
0	107	0	98	69	0	4
0	107	0	99	69	0	10
0	107	0	100	69	0	13
0	107	0	101	69	0	6
0	107	0	102	69	0	7
0	107	0	89	68	0	4
0	107	0	90	68	0	2
0	107	0	91	68	0	6
0	107	0	92	68	0	13
0	107	0	93	68	0	12
0	107	0	94	68	0	16
0	107	0	95	68	0	9
0	107	0	96	68	0	8
0	107	0	97	68	0	13
0	107	0	98	68	0	10
0	107	0	99	68	0	14
0	107	0	100	68	0	4
0	107	0	101	68	0	7
0	107	0	102	68	0	8
0	107	0	88	67	0	2
0	107	0	89	67	0	12
0	107	0	90	67	0	6
0	107	0	91	67	0	7
0	107	0	92	67	0	10
0	107	0	93	67	0	10
0	107	0	94	67	0	4
0	107	0	95	67	0	13
0	107	0	96	67	0	5
0	107	0	97	67	0	5
0	107	0	98	67	0	9
0	107	0	99	67	0	11
0	107	0	100	67	0	9
0	107	0	101	67	0	9
0	107	0	102	67	0	6
0	107	0	87	66	0	10
0	107	0	88	66	0	7
0	107	0	89	66	0	9
0	107	0	90	66	0	12
0	107	0	91	66	0	4
0	107	0	92	66	0	10
0	107	0	93	66	0	8
0	107	0	94	66	0	22
0	107	0	95	66	0	4
0	107	0	96	66	0	5
0	107	0	97	66	0	7
0	107	0	98	66	0	14
0	107	0	99	66	0	12
0	107	0	100	66	0	17
0	107	0	101	66	0	16
0	107	0	102	66	0	6
0	107	0	88	65	0	4
0	107	0	89	65	0	12
0	107	0	90	65	0	2
0	107	0	91	65	0	9
0	107	0	92	65	0	10
0	107	0	93	65	0	12
0	107	0	94	65	0	15
0	107	0	95	65	0	12
0	107	0	96	65	0	3
0	107	0	97	65	0	10
0	107	0	98	65	0	10
0	107	0	99	65	0	9
0	107	0	100	65	0	11
0	107	0	101	65	0	5
0	107	0	102	65	0	12
0	107	0	103	65	0	5
0	107	0	88	64	0	7
0	107	0	89	64	0	11
0	107	0	90	64	0	1
0	107	0	93	64	0	13
0	107	0	94	64	0	10
0	107	0	95	64	0	10
0	107	0	96	64	0	16
0	107	0	97	64	0	7
0	107	0	98	64	0	10
0	107	0	99	64	0	5
0	107	0	100	64	0	14
0	107	0	101	64	0	1
0	107	0	102	64	0	12
0	107	0	103	64	0	2
0	107	0	87	63	0	3
0	107	0	88	63	0	2
0	107	0	89	63	0	5
0	107	0	90	63	0	4
0	107	0	92	63	0	6
0	107	0	93	63	0	12
0	107	0	94	63	0	13
0	107	0	95	63	0	4
0	107	0	96	63	0	3
0	107	0	97	63	0	7
0	107	0	98	63	0	4
0	107	0	99	63	0	6
0	107	0	100	63	0	13
0	107	0	101	63	0	8
0	107	0	102	63	0	12
0	107	0	103	63	0	2
0	107	0	87	62	0	4
0	107	0	88	62	0	14
0	107	0	89	62	0	8
0	107	0	90	62	0	10
0	107	0	91	62	0	2
0	107	0	92	62	0	10
0	107	0	93	62	0	6
0	107	0	94	62	0	10
0	107	0	95	62	0	13
0	107	0	96	62	0	4
0	107	0	97	62	0	3
0	107	0	98	62	0	9
0	107	0	99	62	0	17
0	107	0	100	62	0	15
0	107	0	101	62	0	15
0	107	0	102	62	0	5
0	107	0	89	61	0	0
0	107	0	90	61	0	7
0	107	0	91	61	0	10
0	107	0	92	61	0	7
0	107	0	93	61	0	14
0	107	0	94	61	0	8
0	107	0	95	61	0	7
0	107	0	96	61	0	9
0	107	0	97	61	0	9
0	107	0	98	61	0	11
0	107	0	99	61	0	11
0	107	0	100	61	0	17
0	107	0	90	60	0	1
0	107	0	91	60	0	9
0	107	0	92	60	0	9
0	107	0	93	60	0	6
0	107	0	94	60	0	3
0	107	0	95	60	0	6
0	107	0	96	60	0	5
0	107	0	88	59	0	2
0	107	0	89	59	0	0
0	107	0	90	59	0	1
0	107	0	91	59	0	4
0	107	0	92	59	0	4
0	107	0	93	59	0	5
0	107	0	94	59	0	5
0	107	0	95	59	0	1
0	107	0	89	58	0	9
0	107	0	90	58	0	4
0	107	0	91	58	0	5
0	107	0	92	58	0	9
0	107	0	93	58	0	13
0	107	0	94	58	0	4
0	107	0	91	57	0	1
0	107	0	92	57	0	7
0	107	0	93	57	0	5
0	107	0	96	55	0	0
0	107	0	94	54	0	0
0	107	0	96	54	0	6
0	107	0	102	54	0	0
0	107	0	104	54	0	0
0	107	0	93	53	0	2
0	107	0	94	53	0	10
0	107	0	95	53	0	1
0	107	0	96	53	0	0
0	107	0	97	53	0	2
0	107	0	102	53	0	1
0	107	0	103	53	0	10
0	107	0	104	53	0	2
0	107	0	93	52	0	6
0	107	0	96	52	0	6
0	107	0	93	51	0	0
0	107	0	94	51	0	1
0	107	0	95	51	0	5
0	107	0	97	51	0	1
0	107	0	100	51	0	1
0	107	0	94	50	0	0
0	107	0	95	50	0	1
0	107	0	96	50	0	0
0	107	0	97	50	0	2
0	107	0	102	50	0	0
0	107	0	94	49	0	7
0	107	0	95	49	0	0
0	107	0	96	49	0	0
0	107	0	94	48	0	1
0	108	0	95	73	0	10
0	108	0	95	72	0	11
0	108	0	96	72	0	6
0	108	0	97	72	0	2
0	108	0	98	72	0	12
0	108	0	99	72	0	9
0	108	0	100	72	0	0
0	108	0	90	71	0	11
0	108	0	91	71	0	9
0	108	0	92	71	0	4
0	108	0	93	71	0	5
0	108	0	96	71	0	10
0	108	0	97	71	0	8
0	108	0	98	71	0	4
0	108	0	99	71	0	3
0	108	0	100	71	0	12
0	108	0	101	71	0	10
0	108	0	102	71	0	7
0	108	0	89	70	0	4
0	108	0	90	70	0	4
0	108	0	91	70	0	6
0	108	0	92	70	0	9
0	108	0	95	70	0	9
0	108	0	96	70	0	12
0	108	0	97	70	0	8
0	108	0	98	70	0	8
0	108	0	99	70	0	9
0	108	0	100	70	0	17
0	108	0	101	70	0	5
0	108	0	102	70	0	10
0	108	0	87	69	0	7
0	108	0	88	69	0	8
0	108	0	89	69	0	9
0	108	0	91	69	0	7
0	108	0	92	69	0	0
0	108	0	93	69	0	10
0	108	0	94	69	0	10
0	108	0	95	69	0	9
0	108	0	96	69	0	9
0	108	0	97	69	0	4
0	108	0	98	69	0	6
0	108	0	99	69	0	9
0	108	0	100	69	0	12
0	108	0	101	69	0	10
0	108	0	102	69	0	5
0	108	0	89	68	0	12
0	108	0	90	68	0	7
0	108	0	91	68	0	3
0	108	0	92	68	0	12
0	108	0	93	68	0	6
0	108	0	94	68	0	11
0	108	0	95	68	0	7
0	108	0	96	68	0	9
0	108	0	97	68	0	16
0	108	0	98	68	0	10
0	108	0	99	68	0	13
0	108	0	100	68	0	7
0	108	0	101	68	0	10
0	108	0	102	68	0	8
0	108	0	88	67	0	6
0	108	0	89	67	0	15
0	108	0	90	67	0	7
0	108	0	91	67	0	4
0	108	0	92	67	0	5
0	108	0	93	67	0	8
0	108	0	94	67	0	5
0	108	0	95	67	0	11
0	108	0	96	67	0	5
0	108	0	97	67	0	5
0	108	0	98	67	0	18
0	108	0	99	67	0	12
0	108	0	100	67	0	9
0	108	0	101	67	0	7
0	108	0	102	67	0	9
0	108	0	87	66	0	7
0	108	0	88	66	0	2
0	108	0	89	66	0	4
0	108	0	90	66	0	12
0	108	0	91	66	0	5
0	108	0	92	66	0	6
0	108	0	93	66	0	9
0	108	0	94	66	0	11
0	108	0	95	66	0	3
0	108	0	96	66	0	3
0	108	0	97	66	0	4
0	108	0	98	66	0	9
0	108	0	99	66	0	14
0	108	0	100	66	0	13
0	108	0	101	66	0	8
0	108	0	102	66	0	6
0	108	0	88	65	0	3
0	108	0	89	65	0	9
0	108	0	90	65	0	5
0	108	0	91	65	0	7
0	108	0	92	65	0	8
0	108	0	93	65	0	11
0	108	0	94	65	0	14
0	108	0	95	65	0	6
0	108	0	96	65	0	2
0	108	0	97	65	0	17
0	108	0	98	65	0	11
0	108	0	99	65	0	7
0	108	0	100	65	0	13
0	108	0	101	65	0	5
0	108	0	102	65	0	15
0	108	0	103	65	0	5
0	108	0	88	64	0	9
0	108	0	89	64	0	12
0	108	0	90	64	0	1
0	108	0	93	64	0	15
0	108	0	94	64	0	8
0	108	0	95	64	0	16
0	108	0	96	64	0	12
0	108	0	97	64	0	6
0	108	0	98	64	0	10
0	108	0	99	64	0	6
0	108	0	100	64	0	7
0	108	0	101	64	0	2
0	108	0	102	64	0	7
0	108	0	103	64	0	2
0	108	0	87	63	0	3
0	108	0	88	63	0	3
0	108	0	89	63	0	8
0	108	0	90	63	0	3
0	108	0	92	63	0	11
0	108	0	93	63	0	12
0	108	0	94	63	0	12
0	108	0	95	63	0	8
0	108	0	96	63	0	4
0	108	0	97	63	0	5
0	108	0	98	63	0	7
0	108	0	99	63	0	5
0	108	0	100	63	0	9
0	108	0	101	63	0	10
0	108	0	102	63	0	13
0	108	0	103	63	0	2
0	108	0	87	62	0	5
0	108	0	88	62	0	8
0	108	0	89	62	0	6
0	108	0	90	62	0	14
0	108	0	91	62	0	3
0	108	0	92	62	0	8
0	108	0	93	62	0	6
0	108	0	94	62	0	5
0	108	0	95	62	0	12
0	108	0	96	62	0	5
0	108	0	97	62	0	7
0	108	0	98	62	0	6
0	108	0	99	62	0	15
0	108	0	100	62	0	11
0	108	0	101	62	0	9
0	108	0	102	62	0	7
0	108	0	89	61	0	1
0	108	0	90	61	0	7
0	108	0	91	61	0	12
0	108	0	92	61	0	10
0	108	0	93	61	0	14
0	108	0	94	61	0	6
0	108	0	95	61	0	11
0	108	0	96	61	0	6
0	108	0	97	61	0	6
0	108	0	98	61	0	9
0	108	0	99	61	0	12
0	108	0	100	61	0	23
0	108	0	90	60	0	1
0	108	0	91	60	0	11
0	108	0	92	60	0	4
0	108	0	93	60	0	4
0	108	0	94	60	0	4
0	108	0	95	60	0	7
0	108	0	96	60	0	3
0	108	0	88	59	0	2
0	108	0	89	59	0	0
0	108	0	90	59	0	0
0	108	0	91	59	0	5
0	108	0	92	59	0	6
0	108	0	93	59	0	5
0	108	0	94	59	0	5
0	108	0	95	59	0	1
0	108	0	89	58	0	5
0	108	0	90	58	0	4
0	108	0	91	58	0	3
0	108	0	92	58	0	7
0	108	0	93	58	0	11
0	108	0	94	58	0	5
0	108	0	91	57	0	1
0	108	0	92	57	0	5
0	108	0	93	57	0	5
0	108	0	96	55	0	1
0	108	0	94	54	0	0
0	108	0	96	54	0	7
0	108	0	102	54	0	0
0	108	0	104	54	0	0
0	108	0	93	53	0	1
0	108	0	94	53	0	8
0	108	0	95	53	0	1
0	108	0	96	53	0	0
0	108	0	97	53	0	4
0	108	0	102	53	0	1
0	108	0	103	53	0	7
0	108	0	104	53	0	3
0	108	0	93	52	0	4
0	108	0	96	52	0	3
0	108	0	98	52	0	1
0	108	0	93	51	0	0
0	108	0	94	51	0	1
0	108	0	95	51	0	6
0	108	0	97	51	0	1
0	108	0	99	51	0	1
0	108	0	100	51	0	3
0	108	0	94	50	0	0
0	108	0	95	50	0	1
0	108	0	96	50	0	0
0	108	0	97	50	0	4
0	108	0	98	50	0	1
0	108	0	102	50	0	0
0	108	0	93	49	0	1
0	108	0	94	49	0	5
0	108	0	95	49	0	0
0	108	0	96	49	0	1
0	108	0	98	49	0	1
0	108	0	94	48	0	1
0	109	0	95	73	0	11
0	109	0	95	72	0	8
0	109	0	96	72	0	10
0	109	0	97	72	0	5
0	109	0	98	72	0	11
0	109	0	99	72	0	8
0	109	0	100	72	0	0
0	109	0	90	71	0	12
0	109	0	91	71	0	8
0	109	0	92	71	0	5
0	109	0	93	71	0	7
0	109	0	96	71	0	8
0	109	0	97	71	0	6
0	109	0	98	71	0	5
0	109	0	99	71	0	4
0	109	0	100	71	0	13
0	109	0	101	71	0	10
0	109	0	102	71	0	5
0	109	0	89	70	0	12
0	109	0	90	70	0	7
0	109	0	91	70	0	4
0	109	0	92	70	0	14
0	109	0	95	70	0	10
0	109	0	96	70	0	7
0	109	0	97	70	0	10
0	109	0	98	70	0	6
0	109	0	99	70	0	5
0	109	0	100	70	0	14
0	109	0	101	70	0	5
0	109	0	102	70	0	14
0	109	0	87	69	0	10
0	109	0	88	69	0	7
0	109	0	89	69	0	9
0	109	0	91	69	0	10
0	109	0	92	69	0	1
0	109	0	93	69	0	11
0	109	0	94	69	0	7
0	109	0	95	69	0	10
0	109	0	96	69	0	8
0	109	0	97	69	0	2
0	109	0	98	69	0	10
0	109	0	99	69	0	7
0	109	0	100	69	0	14
0	109	0	101	69	0	6
0	109	0	102	69	0	4
0	109	0	89	68	0	13
0	109	0	90	68	0	8
0	109	0	91	68	0	5
0	109	0	92	68	0	7
0	109	0	93	68	0	6
0	109	0	94	68	0	11
0	109	0	95	68	0	7
0	109	0	96	68	0	14
0	109	0	97	68	0	9
0	109	0	98	68	0	11
0	109	0	99	68	0	13
0	109	0	100	68	0	8
0	109	0	101	68	0	8
0	109	0	102	68	0	8
0	109	0	88	67	0	12
0	109	0	89	67	0	13
0	109	0	90	67	0	8
0	109	0	91	67	0	7
0	109	0	92	67	0	10
0	109	0	93	67	0	9
0	109	0	94	67	0	8
0	109	0	95	67	0	7
0	109	0	96	67	0	5
0	109	0	97	67	0	9
0	109	0	98	67	0	13
0	109	0	99	67	0	12
0	109	0	100	67	0	4
0	109	0	101	67	0	6
0	109	0	102	67	0	5
0	109	0	87	66	0	8
0	109	0	88	66	0	3
0	109	0	89	66	0	3
0	109	0	90	66	0	9
0	109	0	91	66	0	4
0	109	0	92	66	0	4
0	109	0	93	66	0	7
0	109	0	94	66	0	4
0	109	0	95	66	0	6
0	109	0	96	66	0	7
0	109	0	97	66	0	4
0	109	0	98	66	0	9
0	109	0	99	66	0	14
0	109	0	100	66	0	8
0	109	0	101	66	0	6
0	109	0	102	66	0	11
0	109	0	88	65	0	5
0	109	0	89	65	0	8
0	109	0	90	65	0	5
0	109	0	91	65	0	6
0	109	0	92	65	0	8
0	109	0	93	65	0	14
0	109	0	94	65	0	11
0	109	0	95	65	0	8
0	109	0	96	65	0	5
0	109	0	97	65	0	14
0	109	0	98	65	0	8
0	109	0	99	65	0	7
0	109	0	100	65	0	12
0	109	0	101	65	0	5
0	109	0	102	65	0	16
0	109	0	103	65	0	8
0	109	0	88	64	0	8
0	109	0	89	64	0	9
0	109	0	90	64	0	0
0	109	0	93	64	0	14
0	109	0	94	64	0	9
0	109	0	95	64	0	17
0	109	0	96	64	0	8
0	109	0	97	64	0	6
0	109	0	98	64	0	7
0	109	0	99	64	0	5
0	109	0	100	64	0	6
0	109	0	101	64	0	2
0	109	0	102	64	0	6
0	109	0	103	64	0	2
0	109	0	87	63	0	5
0	109	0	88	63	0	4
0	109	0	89	63	0	9
0	109	0	90	63	0	6
0	109	0	92	63	0	12
0	109	0	93	63	0	9
0	109	0	94	63	0	19
0	109	0	95	63	0	6
0	109	0	96	63	0	6
0	109	0	97	63	0	5
0	109	0	98	63	0	7
0	109	0	99	63	0	3
0	109	0	100	63	0	12
0	109	0	101	63	0	10
0	109	0	102	63	0	14
0	109	0	103	63	0	2
0	109	0	87	62	0	7
0	109	0	88	62	0	10
0	109	0	89	62	0	2
0	109	0	90	62	0	11
0	109	0	91	62	0	4
0	109	0	92	62	0	11
0	109	0	93	62	0	10
0	109	0	94	62	0	3
0	109	0	95	62	0	8
0	109	0	96	62	0	7
0	109	0	97	62	0	6
0	109	0	98	62	0	11
0	109	0	99	62	0	15
0	109	0	100	62	0	8
0	109	0	101	62	0	12
0	109	0	102	62	0	5
0	109	0	89	61	0	1
0	109	0	90	61	0	4
0	109	0	91	61	0	9
0	109	0	92	61	0	5
0	109	0	93	61	0	14
0	109	0	94	61	0	8
0	109	0	95	61	0	10
0	109	0	96	61	0	3
0	109	0	97	61	0	4
0	109	0	98	61	0	5
0	109	0	99	61	0	6
0	109	0	100	61	0	12
0	109	0	90	60	0	1
0	109	0	91	60	0	8
0	109	0	92	60	0	6
0	109	0	93	60	0	5
0	109	0	94	60	0	4
0	109	0	95	60	0	13
0	109	0	96	60	0	7
0	109	0	88	59	0	3
0	109	0	89	59	0	0
0	109	0	90	59	0	0
0	109	0	91	59	0	4
0	109	0	92	59	0	8
0	109	0	93	59	0	6
0	109	0	94	59	0	3
0	109	0	95	59	0	1
0	109	0	89	58	0	8
0	109	0	90	58	0	7
0	109	0	91	58	0	7
0	109	0	92	58	0	12
0	109	0	93	58	0	8
0	109	0	94	58	0	4
0	109	0	91	57	0	1
0	109	0	92	57	0	7
0	109	0	93	57	0	3
0	109	0	96	55	0	2
0	109	0	94	54	0	0
0	109	0	96	54	0	6
0	109	0	102	54	0	0
0	109	0	104	54	0	0
0	109	0	93	53	0	2
0	109	0	94	53	0	8
0	109	0	95	53	0	1
0	109	0	96	53	0	1
0	109	0	97	53	0	10
0	109	0	102	53	0	1
0	109	0	103	53	0	5
0	109	0	104	53	0	2
0	109	0	93	52	0	6
0	109	0	96	52	0	5
0	109	0	98	52	0	1
0	109	0	93	51	0	0
0	109	0	94	51	0	2
0	109	0	95	51	0	7
0	109	0	97	51	0	1
0	109	0	99	51	0	2
0	109	0	100	51	0	4
0	109	0	94	50	0	0
0	109	0	95	50	0	2
0	109	0	96	50	0	0
0	109	0	97	50	0	4
0	109	0	98	50	0	1
0	109	0	102	50	0	0
0	109	0	93	49	0	2
0	109	0	94	49	0	6
0	109	0	95	49	0	0
0	109	0	96	49	0	1
0	109	0	98	49	0	1
0	109	0	94	48	0	1
0	110	0	95	73	0	9
0	110	0	95	72	0	7
0	110	0	96	72	0	6
0	110	0	97	72	0	2
0	110	0	98	72	0	9
0	110	0	99	72	0	9
0	110	0	100	72	0	1
0	110	0	90	71	0	6
0	110	0	91	71	0	12
0	110	0	92	71	0	6
0	110	0	93	71	0	7
0	110	0	96	71	0	8
0	110	0	97	71	0	12
0	110	0	98	71	0	7
0	110	0	99	71	0	5
0	110	0	100	71	0	8
0	110	0	101	71	0	5
0	110	0	102	71	0	2
0	110	0	89	70	0	15
0	110	0	90	70	0	7
0	110	0	91	70	0	5
0	110	0	92	70	0	7
0	110	0	95	70	0	11
0	110	0	96	70	0	6
0	110	0	97	70	0	9
0	110	0	98	70	0	10
0	110	0	99	70	0	3
0	110	0	100	70	0	9
0	110	0	101	70	0	3
0	110	0	102	70	0	12
0	110	0	87	69	0	5
0	110	0	88	69	0	10
0	110	0	89	69	0	8
0	110	0	91	69	0	11
0	110	0	92	69	0	3
0	110	0	93	69	0	7
0	110	0	94	69	0	13
0	110	0	95	69	0	7
0	110	0	96	69	0	8
0	110	0	97	69	0	2
0	110	0	98	69	0	13
0	110	0	99	69	0	8
0	110	0	100	69	0	13
0	110	0	101	69	0	9
0	110	0	102	69	0	4
0	110	0	89	68	0	9
0	110	0	90	68	0	5
0	110	0	91	68	0	3
0	110	0	92	68	0	9
0	110	0	93	68	0	6
0	110	0	94	68	0	14
0	110	0	95	68	0	8
0	110	0	96	68	0	9
0	110	0	97	68	0	11
0	110	0	98	68	0	13
0	110	0	99	68	0	15
0	110	0	100	68	0	9
0	110	0	101	68	0	4
0	110	0	102	68	0	11
0	110	0	88	67	0	12
0	110	0	89	67	0	8
0	110	0	90	67	0	14
0	110	0	91	67	0	7
0	110	0	92	67	0	10
0	110	0	93	67	0	13
0	110	0	94	67	0	3
0	110	0	95	67	0	11
0	110	0	96	67	0	8
0	110	0	97	67	0	10
0	110	0	98	67	0	11
0	110	0	99	67	0	14
0	110	0	100	67	0	4
0	110	0	101	67	0	6
0	110	0	102	67	0	6
0	110	0	87	66	0	13
0	110	0	88	66	0	4
0	110	0	89	66	0	6
0	110	0	90	66	0	12
0	110	0	91	66	0	3
0	110	0	92	66	0	1
0	110	0	93	66	0	9
0	110	0	94	66	0	6
0	110	0	95	66	0	8
0	110	0	96	66	0	20
0	110	0	97	66	0	4
0	110	0	98	66	0	16
0	110	0	99	66	0	9
0	110	0	100	66	0	9
0	110	0	101	66	0	7
0	110	0	102	66	0	7
0	110	0	88	65	0	6
0	110	0	89	65	0	4
0	110	0	90	65	0	6
0	110	0	91	65	0	3
0	110	0	92	65	0	8
0	110	0	93	65	0	12
0	110	0	94	65	0	9
0	110	0	95	65	0	5
0	110	0	96	65	0	5
0	110	0	97	65	0	11
0	110	0	98	65	0	13
0	110	0	99	65	0	11
0	110	0	100	65	0	11
0	110	0	101	65	0	7
0	110	0	102	65	0	11
0	110	0	103	65	0	10
0	110	0	88	64	0	6
0	110	0	89	64	0	9
0	110	0	90	64	0	0
0	110	0	93	64	0	11
0	110	0	94	64	0	13
0	110	0	95	64	0	20
0	110	0	96	64	0	9
0	110	0	97	64	0	3
0	110	0	98	64	0	9
0	110	0	99	64	0	8
0	110	0	100	64	0	8
0	110	0	101	64	0	1
0	110	0	102	64	0	10
0	110	0	103	64	0	2
0	110	0	87	63	0	4
0	110	0	88	63	0	2
0	110	0	89	63	0	8
0	110	0	90	63	0	6
0	110	0	92	63	0	8
0	110	0	93	63	0	3
0	110	0	94	63	0	20
0	110	0	95	63	0	13
0	110	0	96	63	0	7
0	110	0	97	63	0	10
0	110	0	98	63	0	3
0	110	0	99	63	0	3
0	110	0	100	63	0	14
0	110	0	101	63	0	5
0	110	0	102	63	0	15
0	110	0	103	63	0	0
0	110	0	87	62	0	11
0	110	0	88	62	0	11
0	110	0	89	62	0	2
0	110	0	90	62	0	10
0	110	0	91	62	0	3
0	110	0	92	62	0	13
0	110	0	93	62	0	10
0	110	0	94	62	0	5
0	110	0	95	62	0	12
0	110	0	96	62	0	11
0	110	0	97	62	0	2
0	110	0	98	62	0	12
0	110	0	99	62	0	12
0	110	0	100	62	0	11
0	110	0	101	62	0	11
0	110	0	102	62	0	8
0	110	0	89	61	0	2
0	110	0	90	61	0	6
0	110	0	91	61	0	13
0	110	0	92	61	0	6
0	110	0	93	61	0	15
0	110	0	94	61	0	8
0	110	0	95	61	0	5
0	110	0	96	61	0	3
0	110	0	97	61	0	6
0	110	0	98	61	0	8
0	110	0	99	61	0	11
0	110	0	100	61	0	16
0	110	0	90	60	0	3
0	110	0	91	60	0	13
0	110	0	92	60	0	5
0	110	0	93	60	0	6
0	110	0	94	60	0	5
0	110	0	95	60	0	10
0	110	0	96	60	0	7
0	110	0	88	59	0	6
0	110	0	89	59	0	0
0	110	0	90	59	0	1
0	110	0	91	59	0	4
0	110	0	92	59	0	9
0	110	0	93	59	0	9
0	110	0	94	59	0	2
0	110	0	95	59	0	0
0	110	0	89	58	0	4
0	110	0	90	58	0	6
0	110	0	91	58	0	6
0	110	0	92	58	0	10
0	110	0	93	58	0	3
0	110	0	94	58	0	4
0	110	0	91	57	0	2
0	110	0	92	57	0	11
0	110	0	93	57	0	5
0	110	0	96	55	0	4
0	110	0	94	54	0	1
0	110	0	96	54	0	5
0	110	0	102	54	0	0
0	110	0	104	54	0	0
0	110	0	93	53	0	1
0	110	0	94	53	0	13
0	110	0	95	53	0	0
0	110	0	96	53	0	2
0	110	0	97	53	0	10
0	110	0	102	53	0	2
0	110	0	103	53	0	7
0	110	0	104	53	0	3
0	110	0	93	52	0	6
0	110	0	95	52	0	1
0	110	0	96	52	0	6
0	110	0	98	52	0	2
0	110	0	93	51	0	0
0	110	0	94	51	0	3
0	110	0	95	51	0	10
0	110	0	97	51	0	2
0	110	0	99	51	0	3
0	110	0	100	51	0	5
0	110	0	94	50	0	0
0	110	0	95	50	0	2
0	110	0	96	50	0	0
0	110	0	97	50	0	7
0	110	0	98	50	0	1
0	110	0	102	50	0	0
0	110	0	93	49	0	2
0	110	0	94	49	0	7
0	110	0	95	49	0	0
0	110	0	96	49	0	1
0	110	0	98	49	0	1
0	110	0	94	48	0	2
0	111	0	95	73	0	9
0	111	0	95	72	0	8
0	111	0	96	72	0	8
0	111	0	97	72	0	2
0	111	0	98	72	0	11
0	111	0	99	72	0	7
0	111	0	100	72	0	0
0	111	0	90	71	0	6
0	111	0	91	71	0	7
0	111	0	92	71	0	9
0	111	0	93	71	0	7
0	111	0	96	71	0	9
0	111	0	97	71	0	11
0	111	0	98	71	0	7
0	111	0	99	71	0	6
0	111	0	100	71	0	7
0	111	0	101	71	0	5
0	111	0	102	71	0	2
0	111	0	89	70	0	10
0	111	0	90	70	0	7
0	111	0	91	70	0	4
0	111	0	92	70	0	4
0	111	0	95	70	0	4
0	111	0	96	70	0	9
0	111	0	97	70	0	8
0	111	0	98	70	0	10
0	111	0	99	70	0	3
0	111	0	100	70	0	14
0	111	0	101	70	0	5
0	111	0	102	70	0	7
0	111	0	87	69	0	4
0	111	0	88	69	0	11
0	111	0	89	69	0	11
0	111	0	91	69	0	11
0	111	0	92	69	0	1
0	111	0	93	69	0	9
0	111	0	94	69	0	10
0	111	0	95	69	0	10
0	111	0	96	69	0	12
0	111	0	97	69	0	2
0	111	0	98	69	0	12
0	111	0	99	69	0	10
0	111	0	100	69	0	16
0	111	0	101	69	0	7
0	111	0	102	69	0	7
0	111	0	89	68	0	9
0	111	0	90	68	0	6
0	111	0	91	68	0	7
0	111	0	92	68	0	11
0	111	0	93	68	0	5
0	111	0	94	68	0	12
0	111	0	95	68	0	3
0	111	0	96	68	0	12
0	111	0	97	68	0	10
0	111	0	98	68	0	11
0	111	0	99	68	0	10
0	111	0	100	68	0	10
0	111	0	101	68	0	4
0	111	0	102	68	0	10
0	111	0	88	67	0	7
0	111	0	89	67	0	7
0	111	0	90	67	0	18
0	111	0	91	67	0	7
0	111	0	92	67	0	8
0	111	0	93	67	0	12
0	111	0	94	67	0	5
0	111	0	95	67	0	7
0	111	0	96	67	0	9
0	111	0	97	67	0	14
0	111	0	98	67	0	9
0	111	0	99	67	0	19
0	111	0	100	67	0	6
0	111	0	101	67	0	8
0	111	0	102	67	0	3
0	111	0	87	66	0	11
0	111	0	88	66	0	8
0	111	0	89	66	0	3
0	111	0	90	66	0	9
0	111	0	91	66	0	3
0	111	0	92	66	0	1
0	111	0	93	66	0	9
0	111	0	94	66	0	6
0	111	0	95	66	0	7
0	111	0	96	66	0	16
0	111	0	97	66	0	7
0	111	0	98	66	0	14
0	111	0	99	66	0	10
0	111	0	100	66	0	8
0	111	0	101	66	0	6
0	111	0	102	66	0	9
0	111	0	88	65	0	7
0	111	0	89	65	0	4
0	111	0	90	65	0	4
0	111	0	91	65	0	9
0	111	0	92	65	0	8
0	111	0	93	65	0	13
0	111	0	94	65	0	7
0	111	0	95	65	0	8
0	111	0	96	65	0	4
0	111	0	97	65	0	12
0	111	0	98	65	0	9
0	111	0	99	65	0	10
0	111	0	100	65	0	7
0	111	0	101	65	0	10
0	111	0	102	65	0	11
0	111	0	103	65	0	3
0	111	0	88	64	0	8
0	111	0	89	64	0	10
0	111	0	90	64	0	0
0	111	0	93	64	0	14
0	111	0	94	64	0	15
0	111	0	95	64	0	15
0	111	0	96	64	0	6
0	111	0	97	64	0	6
0	111	0	98	64	0	7
0	111	0	99	64	0	8
0	111	0	100	64	0	5
0	111	0	101	64	0	0
0	111	0	102	64	0	5
0	111	0	103	64	0	0
0	111	0	87	63	0	10
0	111	0	88	63	0	2
0	111	0	89	63	0	9
0	111	0	90	63	0	10
0	111	0	92	63	0	13
0	111	0	93	63	0	5
0	111	0	94	63	0	17
0	111	0	95	63	0	11
0	111	0	96	63	0	13
0	111	0	97	63	0	5
0	111	0	98	63	0	2
0	111	0	99	63	0	3
0	111	0	100	63	0	13
0	111	0	101	63	0	5
0	111	0	102	63	0	7
0	111	0	103	63	0	0
0	111	0	87	62	0	7
0	111	0	88	62	0	14
0	111	0	89	62	0	0
0	111	0	90	62	0	8
0	111	0	91	62	0	3
0	111	0	92	62	0	6
0	111	0	93	62	0	8
0	111	0	94	62	0	2
0	111	0	95	62	0	9
0	111	0	96	62	0	12
0	111	0	97	62	0	5
0	111	0	98	62	0	5
0	111	0	99	62	0	11
0	111	0	100	62	0	15
0	111	0	101	62	0	15
0	111	0	102	62	0	6
0	111	0	89	61	0	3
0	111	0	90	61	0	6
0	111	0	91	61	0	14
0	111	0	92	61	0	4
0	111	0	93	61	0	15
0	111	0	94	61	0	11
0	111	0	95	61	0	6
0	111	0	96	61	0	6
0	111	0	97	61	0	11
0	111	0	98	61	0	5
0	111	0	99	61	0	13
0	111	0	100	61	0	11
0	111	0	90	60	0	4
0	111	0	91	60	0	9
0	111	0	92	60	0	2
0	111	0	93	60	0	10
0	111	0	94	60	0	8
0	111	0	95	60	0	11
0	111	0	96	60	0	15
0	111	0	88	59	0	10
0	111	0	89	59	0	0
0	111	0	90	59	0	1
0	111	0	91	59	0	3
0	111	0	92	59	0	5
0	111	0	93	59	0	8
0	111	0	94	59	0	1
0	111	0	95	59	0	0
0	111	0	89	58	0	12
0	111	0	90	58	0	8
0	111	0	91	58	0	2
0	111	0	92	58	0	11
0	111	0	93	58	0	2
0	111	0	94	58	0	8
0	111	0	91	57	0	1
0	111	0	92	57	0	8
0	111	0	93	57	0	6
0	111	0	96	55	0	7
0	111	0	94	54	0	0
0	111	0	95	54	0	2
0	111	0	96	54	0	2
0	111	0	102	54	0	0
0	111	0	104	54	0	0
0	111	0	93	53	0	1
0	111	0	94	53	0	17
0	111	0	95	53	0	0
0	111	0	96	53	0	5
0	111	0	97	53	0	10
0	111	0	101	53	0	1
0	111	0	102	53	0	2
0	111	0	103	53	0	8
0	111	0	104	53	0	6
0	111	0	93	52	0	5
0	111	0	95	52	0	0
0	111	0	96	52	0	10
0	111	0	98	52	0	1
0	111	0	93	51	0	0
0	111	0	94	51	0	2
0	111	0	95	51	0	7
0	111	0	96	51	0	1
0	111	0	97	51	0	2
0	111	0	98	51	0	1
0	111	0	99	51	0	4
0	111	0	100	51	0	4
0	111	0	94	50	0	0
0	111	0	95	50	0	1
0	111	0	96	50	0	0
0	111	0	97	50	0	10
0	111	0	98	50	0	0
0	111	0	100	50	0	1
0	111	0	102	50	0	0
0	111	0	93	49	0	2
0	111	0	94	49	0	6
0	111	0	95	49	0	0
0	111	0	96	49	0	3
0	111	0	98	49	0	1
0	111	0	94	48	0	2
0	112	0	95	73	0	10
0	112	0	95	72	0	9
0	112	0	96	72	0	11
0	112	0	97	72	0	4
0	112	0	98	72	0	15
0	112	0	99	72	0	4
0	112	0	100	72	0	2
0	112	0	90	71	0	11
0	112	0	91	71	0	7
0	112	0	92	71	0	6
0	112	0	93	71	0	8
0	112	0	96	71	0	7
0	112	0	97	71	0	15
0	112	0	98	71	0	7
0	112	0	99	71	0	6
0	112	0	100	71	0	8
0	112	0	101	71	0	4
0	112	0	102	71	0	3
0	112	0	89	70	0	10
0	112	0	90	70	0	13
0	112	0	91	70	0	8
0	112	0	92	70	0	7
0	112	0	95	70	0	7
0	112	0	96	70	0	16
0	112	0	97	70	0	12
0	112	0	98	70	0	9
0	112	0	99	70	0	2
0	112	0	100	70	0	4
0	112	0	101	70	0	9
0	112	0	102	70	0	9
0	112	0	87	69	0	8
0	112	0	88	69	0	12
0	112	0	89	69	0	6
0	112	0	91	69	0	10
0	112	0	92	69	0	2
0	112	0	93	69	0	7
0	112	0	94	69	0	12
0	112	0	95	69	0	8
0	112	0	96	69	0	11
0	112	0	97	69	0	2
0	112	0	98	69	0	17
0	112	0	99	69	0	14
0	112	0	100	69	0	11
0	112	0	101	69	0	6
0	112	0	102	69	0	11
0	112	0	89	68	0	10
0	112	0	90	68	0	7
0	112	0	91	68	0	10
0	112	0	92	68	0	4
0	112	0	93	68	0	4
0	112	0	94	68	0	10
0	112	0	95	68	0	3
0	112	0	96	68	0	7
0	112	0	97	68	0	12
0	112	0	98	68	0	8
0	112	0	99	68	0	12
0	112	0	100	68	0	18
0	112	0	101	68	0	14
0	112	0	102	68	0	10
0	112	0	88	67	0	6
0	112	0	89	67	0	7
0	112	0	90	67	0	10
0	112	0	91	67	0	6
0	112	0	92	67	0	10
0	112	0	93	67	0	7
0	112	0	94	67	0	6
0	112	0	95	67	0	10
0	112	0	96	67	0	7
0	112	0	97	67	0	19
0	112	0	98	67	0	9
0	112	0	99	67	0	8
0	112	0	100	67	0	10
0	112	0	101	67	0	10
0	112	0	102	67	0	0
0	112	0	87	66	0	7
0	112	0	88	66	0	8
0	112	0	89	66	0	9
0	112	0	90	66	0	7
0	112	0	91	66	0	3
0	112	0	92	66	0	1
0	112	0	93	66	0	6
0	112	0	94	66	0	8
0	112	0	95	66	0	6
0	112	0	96	66	0	12
0	112	0	97	66	0	13
0	112	0	98	66	0	15
0	112	0	99	66	0	10
0	112	0	100	66	0	7
0	112	0	101	66	0	1
0	112	0	102	66	0	9
0	112	0	88	65	0	7
0	112	0	89	65	0	6
0	112	0	90	65	0	6
0	112	0	91	65	0	5
0	112	0	92	65	0	6
0	112	0	93	65	0	12
0	112	0	94	65	0	7
0	112	0	95	65	0	12
0	112	0	96	65	0	6
0	112	0	97	65	0	13
0	112	0	98	65	0	9
0	112	0	99	65	0	7
0	112	0	100	65	0	4
0	112	0	101	65	0	9
0	112	0	102	65	0	5
0	112	0	103	65	0	3
0	112	0	88	64	0	9
0	112	0	89	64	0	9
0	112	0	90	64	0	0
0	112	0	93	64	0	7
0	112	0	94	64	0	16
0	112	0	95	64	0	10
0	112	0	96	64	0	5
0	112	0	97	64	0	5
0	112	0	98	64	0	7
0	112	0	99	64	0	7
0	112	0	100	64	0	7
0	112	0	101	64	0	3
0	112	0	102	64	0	8
0	112	0	103	64	0	0
0	112	0	87	63	0	11
0	112	0	88	63	0	4
0	112	0	89	63	0	11
0	112	0	90	63	0	9
0	112	0	92	63	0	13
0	112	0	93	63	0	5
0	112	0	94	63	0	14
0	112	0	95	63	0	8
0	112	0	96	63	0	16
0	112	0	97	63	0	6
0	112	0	98	63	0	3
0	112	0	99	63	0	1
0	112	0	100	63	0	11
0	112	0	101	63	0	8
0	112	0	102	63	0	7
0	112	0	103	63	0	0
0	112	0	87	62	0	9
0	112	0	88	62	0	6
0	112	0	89	62	0	1
0	112	0	90	62	0	8
0	112	0	91	62	0	3
0	112	0	92	62	0	9
0	112	0	93	62	0	12
0	112	0	94	62	0	2
0	112	0	95	62	0	10
0	112	0	96	62	0	18
0	112	0	97	62	0	7
0	112	0	98	62	0	11
0	112	0	99	62	0	5
0	112	0	100	62	0	12
0	112	0	101	62	0	9
0	112	0	102	62	0	13
0	112	0	89	61	0	5
0	112	0	90	61	0	6
0	112	0	91	61	0	16
0	112	0	92	61	0	6
0	112	0	93	61	0	17
0	112	0	94	61	0	12
0	112	0	95	61	0	9
0	112	0	96	61	0	3
0	112	0	97	61	0	12
0	112	0	98	61	0	7
0	112	0	99	61	0	10
0	112	0	100	61	0	10
0	112	0	90	60	0	2
0	112	0	91	60	0	10
0	112	0	92	60	0	5
0	112	0	93	60	0	13
0	112	0	94	60	0	5
0	112	0	95	60	0	11
0	112	0	96	60	0	14
0	112	0	88	59	0	13
0	112	0	89	59	0	0
0	112	0	90	59	0	1
0	112	0	91	59	0	2
0	112	0	92	59	0	11
0	112	0	93	59	0	6
0	112	0	94	59	0	1
0	112	0	95	59	0	0
0	112	0	89	58	0	5
0	112	0	90	58	0	8
0	112	0	91	58	0	4
0	112	0	92	58	0	14
0	112	0	93	58	0	2
0	112	0	94	58	0	7
0	112	0	91	57	0	1
0	112	0	92	57	0	10
0	112	0	93	57	0	6
0	112	0	96	55	0	3
0	112	0	94	54	0	0
0	112	0	95	54	0	5
0	112	0	96	54	0	2
0	112	0	101	54	0	1
0	112	0	102	54	0	0
0	112	0	104	54	0	0
0	112	0	93	53	0	2
0	112	0	94	53	0	17
0	112	0	95	53	0	0
0	112	0	96	53	0	4
0	112	0	97	53	0	13
0	112	0	101	53	0	1
0	112	0	102	53	0	0
0	112	0	103	53	0	6
0	112	0	104	53	0	6
0	112	0	93	52	0	4
0	112	0	94	52	0	1
0	112	0	95	52	0	0
0	112	0	96	52	0	2
0	112	0	98	52	0	2
0	112	0	93	51	0	0
0	112	0	94	51	0	4
0	112	0	95	51	0	5
0	112	0	96	51	0	2
0	112	0	97	51	0	2
0	112	0	98	51	0	0
0	112	0	99	51	0	5
0	112	0	100	51	0	6
0	112	0	94	50	0	0
0	112	0	95	50	0	2
0	112	0	96	50	0	0
0	112	0	97	50	0	6
0	112	0	98	50	0	0
0	112	0	100	50	0	1
0	112	0	102	50	0	0
0	112	0	93	49	0	5
0	112	0	94	49	0	9
0	112	0	95	49	0	1
0	112	0	96	49	0	0
0	112	0	98	49	0	1
0	112	0	94	48	0	2
0	113	0	95	73	0	8
0	113	0	95	72	0	23
0	113	0	96	72	0	5
0	113	0	97	72	0	6
0	113	0	98	72	0	15
0	113	0	99	72	0	4
0	113	0	100	72	0	6
0	113	0	90	71	0	8
0	113	0	91	71	0	3
0	113	0	92	71	0	6
0	113	0	93	71	0	6
0	113	0	96	71	0	9
0	113	0	97	71	0	8
0	113	0	98	71	0	4
0	113	0	99	71	0	8
0	113	0	100	71	0	9
0	113	0	101	71	0	14
0	113	0	102	71	0	3
0	113	0	89	70	0	9
0	113	0	90	70	0	21
0	113	0	91	70	0	3
0	113	0	92	70	0	9
0	113	0	95	70	0	9
0	113	0	96	70	0	14
0	113	0	97	70	0	8
0	113	0	98	70	0	6
0	113	0	99	70	0	3
0	113	0	100	70	0	5
0	113	0	101	70	0	7
0	113	0	102	70	0	12
0	113	0	87	69	0	12
0	113	0	88	69	0	11
0	113	0	89	69	0	5
0	113	0	91	69	0	10
0	113	0	92	69	0	1
0	113	0	93	69	0	7
0	113	0	94	69	0	8
0	113	0	95	69	0	7
0	113	0	96	69	0	11
0	113	0	97	69	0	1
0	113	0	98	69	0	13
0	113	0	99	69	0	11
0	113	0	100	69	0	11
0	113	0	101	69	0	6
0	113	0	102	69	0	8
0	113	0	89	68	0	11
0	113	0	90	68	0	6
0	113	0	91	68	0	6
0	113	0	92	68	0	7
0	113	0	93	68	0	4
0	113	0	94	68	0	11
0	113	0	95	68	0	6
0	113	0	96	68	0	3
0	113	0	97	68	0	10
0	113	0	98	68	0	10
0	113	0	99	68	0	5
0	113	0	100	68	0	15
0	113	0	101	68	0	12
0	113	0	102	68	0	14
0	113	0	88	67	0	9
0	113	0	89	67	0	11
0	113	0	90	67	0	6
0	113	0	91	67	0	7
0	113	0	92	67	0	8
0	113	0	93	67	0	3
0	113	0	94	67	0	12
0	113	0	95	67	0	6
0	113	0	96	67	0	10
0	113	0	97	67	0	15
0	113	0	98	67	0	7
0	113	0	99	67	0	5
0	113	0	100	67	0	6
0	113	0	101	67	0	12
0	113	0	102	67	0	0
0	113	0	87	66	0	4
0	113	0	88	66	0	9
0	113	0	89	66	0	5
0	113	0	90	66	0	6
0	113	0	91	66	0	2
0	113	0	92	66	0	2
0	113	0	93	66	0	8
0	113	0	94	66	0	12
0	113	0	95	66	0	4
0	113	0	96	66	0	13
0	113	0	97	66	0	10
0	113	0	98	66	0	14
0	113	0	99	66	0	8
0	113	0	100	66	0	6
0	113	0	101	66	0	2
0	113	0	102	66	0	7
0	113	0	88	65	0	7
0	113	0	89	65	0	6
0	113	0	90	65	0	5
0	113	0	91	65	0	5
0	113	0	92	65	0	5
0	113	0	93	65	0	11
0	113	0	94	65	0	7
0	113	0	95	65	0	10
0	113	0	96	65	0	8
0	113	0	97	65	0	16
0	113	0	98	65	0	9
0	113	0	99	65	0	5
0	113	0	100	65	0	5
0	113	0	101	65	0	9
0	113	0	102	65	0	2
0	113	0	103	65	0	4
0	113	0	88	64	0	7
0	113	0	89	64	0	10
0	113	0	90	64	0	0
0	113	0	93	64	0	15
0	113	0	94	64	0	12
0	113	0	95	64	0	2
0	113	0	96	64	0	6
0	113	0	97	64	0	9
0	113	0	98	64	0	5
0	113	0	99	64	0	6
0	113	0	100	64	0	11
0	113	0	101	64	0	2
0	113	0	102	64	0	6
0	113	0	103	64	0	0
0	113	0	87	63	0	6
0	113	0	88	63	0	2
0	113	0	89	63	0	8
0	113	0	90	63	0	4
0	113	0	92	63	0	11
0	113	0	93	63	0	7
0	113	0	94	63	0	13
0	113	0	95	63	0	10
0	113	0	96	63	0	18
0	113	0	97	63	0	9
0	113	0	98	63	0	5
0	113	0	99	63	0	1
0	113	0	100	63	0	12
0	113	0	101	63	0	10
0	113	0	102	63	0	9
0	113	0	103	63	0	0
0	113	0	87	62	0	6
0	113	0	88	62	0	7
0	113	0	89	62	0	3
0	113	0	90	62	0	9
0	113	0	91	62	0	4
0	113	0	92	62	0	4
0	113	0	93	62	0	11
0	113	0	94	62	0	4
0	113	0	95	62	0	9
0	113	0	96	62	0	20
0	113	0	97	62	0	10
0	113	0	98	62	0	16
0	113	0	99	62	0	7
0	113	0	100	62	0	10
0	113	0	101	62	0	8
0	113	0	102	62	0	5
0	113	0	89	61	0	5
0	113	0	90	61	0	5
0	113	0	91	61	0	7
0	113	0	92	61	0	8
0	113	0	93	61	0	14
0	113	0	94	61	0	19
0	113	0	95	61	0	11
0	113	0	96	61	0	6
0	113	0	97	61	0	6
0	113	0	98	61	0	9
0	113	0	99	61	0	10
0	113	0	100	61	0	12
0	113	0	90	60	0	1
0	113	0	91	60	0	10
0	113	0	92	60	0	2
0	113	0	93	60	0	15
0	113	0	94	60	0	9
0	113	0	95	60	0	9
0	113	0	96	60	0	17
0	113	0	88	59	0	16
0	113	0	89	59	0	1
0	113	0	90	59	0	1
0	113	0	91	59	0	4
0	113	0	92	59	0	16
0	113	0	93	59	0	5
0	113	0	94	59	0	1
0	113	0	95	59	0	1
0	113	0	89	58	0	5
0	113	0	90	58	0	13
0	113	0	91	58	0	3
0	113	0	92	58	0	14
0	113	0	93	58	0	2
0	113	0	94	58	0	8
0	113	0	91	57	0	0
0	113	0	92	57	0	9
0	113	0	93	57	0	5
0	113	0	96	55	0	2
0	113	0	94	54	0	0
0	113	0	95	54	0	4
0	113	0	96	54	0	3
0	113	0	101	54	0	0
0	113	0	102	54	0	0
0	113	0	104	54	0	0
0	113	0	93	53	0	3
0	113	0	94	53	0	19
0	113	0	95	53	0	0
0	113	0	96	53	0	5
0	113	0	97	53	0	7
0	113	0	101	53	0	1
0	113	0	102	53	0	1
0	113	0	103	53	0	10
0	113	0	104	53	0	6
0	113	0	93	52	0	2
0	113	0	94	52	0	1
0	113	0	95	52	0	0
0	113	0	96	52	0	2
0	113	0	97	52	0	1
0	113	0	98	52	0	2
0	113	0	93	51	0	0
0	113	0	94	51	0	5
0	113	0	95	51	0	6
0	113	0	96	51	0	2
0	113	0	97	51	0	1
0	113	0	98	51	0	1
0	113	0	99	51	0	7
0	113	0	100	51	0	4
0	113	0	94	50	0	0
0	113	0	95	50	0	0
0	113	0	96	50	0	0
0	113	0	97	50	0	5
0	113	0	98	50	0	0
0	113	0	100	50	0	0
0	113	0	102	50	0	0
0	113	0	93	49	0	10
0	113	0	94	49	0	2
0	113	0	95	49	0	0
0	113	0	96	49	0	0
0	113	0	98	49	0	1
0	113	0	94	48	0	1
0	114	0	95	73	0	8
0	114	0	95	72	0	16
0	114	0	96	72	0	10
0	114	0	97	72	0	5
0	114	0	98	72	0	18
0	114	0	99	72	0	4
0	114	0	100	72	0	9
0	114	0	90	71	0	9
0	114	0	91	71	0	1
0	114	0	92	71	0	15
0	114	0	93	71	0	11
0	114	0	96	71	0	12
0	114	0	97	71	0	5
0	114	0	98	71	0	8
0	114	0	99	71	0	16
0	114	0	100	71	0	12
0	114	0	101	71	0	12
0	114	0	102	71	0	2
0	114	0	89	70	0	9
0	114	0	90	70	0	10
0	114	0	91	70	0	2
0	114	0	92	70	0	5
0	114	0	95	70	0	2
0	114	0	96	70	0	10
0	114	0	97	70	0	10
0	114	0	98	70	0	9
0	114	0	99	70	0	3
0	114	0	100	70	0	8
0	114	0	101	70	0	6
0	114	0	102	70	0	7
0	114	0	87	69	0	6
0	114	0	88	69	0	9
0	114	0	89	69	0	7
0	114	0	91	69	0	15
0	114	0	92	69	0	1
0	114	0	93	69	0	8
0	114	0	94	69	0	7
0	114	0	95	69	0	6
0	114	0	96	69	0	11
0	114	0	97	69	0	0
0	114	0	98	69	0	10
0	114	0	99	69	0	8
0	114	0	100	69	0	9
0	114	0	101	69	0	11
0	114	0	102	69	0	1
0	114	0	89	68	0	12
0	114	0	90	68	0	5
0	114	0	91	68	0	11
0	114	0	92	68	0	12
0	114	0	93	68	0	12
0	114	0	94	68	0	7
0	114	0	95	68	0	5
0	114	0	96	68	0	6
0	114	0	97	68	0	14
0	114	0	98	68	0	10
0	114	0	99	68	0	5
0	114	0	100	68	0	10
0	114	0	101	68	0	12
0	114	0	102	68	0	14
0	114	0	88	67	0	12
0	114	0	89	67	0	8
0	114	0	90	67	0	6
0	114	0	91	67	0	8
0	114	0	92	67	0	10
0	114	0	93	67	0	2
0	114	0	94	67	0	10
0	114	0	95	67	0	8
0	114	0	96	67	0	8
0	114	0	97	67	0	13
0	114	0	98	67	0	7
0	114	0	99	67	0	6
0	114	0	100	67	0	8
0	114	0	101	67	0	13
0	114	0	102	67	0	0
0	114	0	87	66	0	2
0	114	0	88	66	0	6
0	114	0	89	66	0	6
0	114	0	90	66	0	10
0	114	0	91	66	0	1
0	114	0	92	66	0	4
0	114	0	93	66	0	8
0	114	0	94	66	0	9
0	114	0	95	66	0	7
0	114	0	96	66	0	15
0	114	0	97	66	0	7
0	114	0	98	66	0	11
0	114	0	99	66	0	12
0	114	0	100	66	0	8
0	114	0	101	66	0	2
0	114	0	102	66	0	11
0	114	0	88	65	0	9
0	114	0	89	65	0	8
0	114	0	90	65	0	5
0	114	0	91	65	0	6
0	114	0	92	65	0	7
0	114	0	93	65	0	12
0	114	0	94	65	0	7
0	114	0	95	65	0	13
0	114	0	96	65	0	8
0	114	0	97	65	0	14
0	114	0	98	65	0	4
0	114	0	99	65	0	7
0	114	0	100	65	0	8
0	114	0	101	65	0	6
0	114	0	102	65	0	4
0	114	0	103	65	0	5
0	114	0	88	64	0	5
0	114	0	89	64	0	10
0	114	0	90	64	0	0
0	114	0	93	64	0	13
0	114	0	94	64	0	7
0	114	0	95	64	0	0
0	114	0	96	64	0	3
0	114	0	97	64	0	6
0	114	0	98	64	0	6
0	114	0	99	64	0	7
0	114	0	100	64	0	12
0	114	0	101	64	0	0
0	114	0	102	64	0	6
0	114	0	103	64	0	0
0	114	0	87	63	0	8
0	114	0	88	63	0	2
0	114	0	89	63	0	13
0	114	0	90	63	0	3
0	114	0	92	63	0	9
0	114	0	93	63	0	7
0	114	0	94	63	0	14
0	114	0	95	63	0	14
0	114	0	96	63	0	19
0	114	0	97	63	0	7
0	114	0	98	63	0	6
0	114	0	99	63	0	3
0	114	0	100	63	0	10
0	114	0	101	63	0	5
0	114	0	102	63	0	7
0	114	0	103	63	0	0
0	114	0	87	62	0	9
0	114	0	88	62	0	9
0	114	0	89	62	0	5
0	114	0	90	62	0	13
0	114	0	91	62	0	6
0	114	0	92	62	0	4
0	114	0	93	62	0	10
0	114	0	94	62	0	10
0	114	0	95	62	0	10
0	114	0	96	62	0	19
0	114	0	97	62	0	9
0	114	0	98	62	0	10
0	114	0	99	62	0	8
0	114	0	100	62	0	6
0	114	0	101	62	0	8
0	114	0	102	62	0	7
0	114	0	89	61	0	4
0	114	0	90	61	0	8
0	114	0	91	61	0	10
0	114	0	92	61	0	5
0	114	0	93	61	0	12
0	114	0	94	61	0	16
0	114	0	95	61	0	13
0	114	0	96	61	0	6
0	114	0	97	61	0	5
0	114	0	98	61	0	5
0	114	0	99	61	0	11
0	114	0	100	61	0	7
0	114	0	90	60	0	1
0	114	0	91	60	0	12
0	114	0	92	60	0	2
0	114	0	93	60	0	9
0	114	0	94	60	0	8
0	114	0	95	60	0	10
0	114	0	96	60	0	19
0	114	0	88	59	0	13
0	114	0	89	59	0	2
0	114	0	90	59	0	4
0	114	0	91	59	0	3
0	114	0	92	59	0	8
0	114	0	93	59	0	3
0	114	0	94	59	0	4
0	114	0	95	59	0	1
0	114	0	89	58	0	4
0	114	0	90	58	0	14
0	114	0	91	58	0	2
0	114	0	92	58	0	11
0	114	0	93	58	0	2
0	114	0	94	58	0	12
0	114	0	91	57	0	0
0	114	0	92	57	0	9
0	114	0	93	57	0	5
0	114	0	96	55	0	3
0	114	0	94	54	0	0
0	114	0	95	54	0	3
0	114	0	96	54	0	5
0	114	0	101	54	0	0
0	114	0	102	54	0	0
0	114	0	104	54	0	0
0	114	0	93	53	0	3
0	114	0	94	53	0	15
0	114	0	95	53	0	0
0	114	0	96	53	0	6
0	114	0	97	53	0	8
0	114	0	101	53	0	5
0	114	0	102	53	0	2
0	114	0	103	53	0	13
0	114	0	104	53	0	10
0	114	0	93	52	0	3
0	114	0	94	52	0	4
0	114	0	95	52	0	0
0	114	0	96	52	0	1
0	114	0	97	52	0	0
0	114	0	98	52	0	1
0	114	0	93	51	0	0
0	114	0	94	51	0	8
0	114	0	95	51	0	4
0	114	0	96	51	0	2
0	114	0	97	51	0	0
0	114	0	98	51	0	1
0	114	0	99	51	0	7
0	114	0	100	51	0	4
0	114	0	94	50	0	1
0	114	0	95	50	0	0
0	114	0	96	50	0	0
0	114	0	97	50	0	6
0	114	0	98	50	0	1
0	114	0	100	50	0	1
0	114	0	102	50	0	0
0	114	0	93	49	0	6
0	114	0	94	49	0	6
0	114	0	95	49	0	0
0	114	0	96	49	0	0
0	114	0	98	49	0	2
0	114	0	94	48	0	0
0	115	0	95	73	0	6
0	115	0	95	72	0	9
0	115	0	96	72	0	7
0	115	0	97	72	0	5
0	115	0	98	72	0	15
0	115	0	99	72	0	3
0	115	0	100	72	0	8
0	115	0	90	71	0	10
0	115	0	91	71	0	1
0	115	0	92	71	0	15
0	115	0	93	71	0	10
0	115	0	96	71	0	12
0	115	0	97	71	0	9
0	115	0	98	71	0	5
0	115	0	99	71	0	11
0	115	0	100	71	0	11
0	115	0	101	71	0	6
0	115	0	102	71	0	6
0	115	0	89	70	0	11
0	115	0	90	70	0	3
0	115	0	91	70	0	1
0	115	0	92	70	0	7
0	115	0	95	70	0	1
0	115	0	96	70	0	11
0	115	0	97	70	0	7
0	115	0	98	70	0	5
0	115	0	99	70	0	3
0	115	0	100	70	0	6
0	115	0	101	70	0	8
0	115	0	102	70	0	7
0	115	0	87	69	0	6
0	115	0	88	69	0	5
0	115	0	89	69	0	7
0	115	0	91	69	0	13
0	115	0	92	69	0	2
0	115	0	93	69	0	1
0	115	0	94	69	0	10
0	115	0	95	69	0	5
0	115	0	96	69	0	10
0	115	0	97	69	0	1
0	115	0	98	69	0	4
0	115	0	99	69	0	9
0	115	0	100	69	0	12
0	115	0	101	69	0	11
0	115	0	102	69	0	1
0	115	0	89	68	0	10
0	115	0	90	68	0	6
0	115	0	91	68	0	9
0	115	0	92	68	0	8
0	115	0	93	68	0	10
0	115	0	94	68	0	7
0	115	0	95	68	0	3
0	115	0	96	68	0	4
0	115	0	97	68	0	12
0	115	0	98	68	0	9
0	115	0	99	68	0	3
0	115	0	100	68	0	12
0	115	0	101	68	0	16
0	115	0	102	68	0	17
0	115	0	88	67	0	5
0	115	0	89	67	0	9
0	115	0	90	67	0	15
0	115	0	91	67	0	8
0	115	0	92	67	0	13
0	115	0	93	67	0	1
0	115	0	94	67	0	6
0	115	0	95	67	0	7
0	115	0	96	67	0	8
0	115	0	97	67	0	6
0	115	0	98	67	0	10
0	115	0	99	67	0	7
0	115	0	100	67	0	8
0	115	0	101	67	0	13
0	115	0	102	67	0	1
0	115	0	87	66	0	3
0	115	0	88	66	0	4
0	115	0	89	66	0	11
0	115	0	90	66	0	10
0	115	0	91	66	0	2
0	115	0	92	66	0	4
0	115	0	93	66	0	7
0	115	0	94	66	0	8
0	115	0	95	66	0	9
0	115	0	96	66	0	13
0	115	0	97	66	0	6
0	115	0	98	66	0	7
0	115	0	99	66	0	13
0	115	0	100	66	0	6
0	115	0	101	66	0	2
0	115	0	102	66	0	10
0	115	0	88	65	0	14
0	115	0	89	65	0	7
0	115	0	90	65	0	6
0	115	0	91	65	0	6
0	115	0	92	65	0	7
0	115	0	93	65	0	16
0	115	0	94	65	0	9
0	115	0	95	65	0	8
0	115	0	96	65	0	7
0	115	0	97	65	0	8
0	115	0	98	65	0	9
0	115	0	99	65	0	9
0	115	0	100	65	0	10
0	115	0	101	65	0	10
0	115	0	102	65	0	3
0	115	0	103	65	0	8
0	115	0	88	64	0	7
0	115	0	89	64	0	9
0	115	0	90	64	0	1
0	115	0	93	64	0	7
0	115	0	94	64	0	5
0	115	0	95	64	0	2
0	115	0	96	64	0	5
0	115	0	97	64	0	9
0	115	0	98	64	0	10
0	115	0	99	64	0	3
0	115	0	100	64	0	12
0	115	0	101	64	0	2
0	115	0	102	64	0	3
0	115	0	103	64	0	0
0	115	0	87	63	0	10
0	115	0	88	63	0	4
0	115	0	89	63	0	13
0	115	0	90	63	0	3
0	115	0	92	63	0	14
0	115	0	93	63	0	10
0	115	0	94	63	0	18
0	115	0	95	63	0	13
0	115	0	96	63	0	8
0	115	0	97	63	0	13
0	115	0	98	63	0	4
0	115	0	99	63	0	2
0	115	0	100	63	0	11
0	115	0	101	63	0	5
0	115	0	102	63	0	4
0	115	0	103	63	0	0
0	115	0	87	62	0	12
0	115	0	88	62	0	11
0	115	0	89	62	0	5
0	115	0	90	62	0	7
0	115	0	91	62	0	2
0	115	0	92	62	0	6
0	115	0	93	62	0	10
0	115	0	94	62	0	10
0	115	0	95	62	0	6
0	115	0	96	62	0	17
0	115	0	97	62	0	8
0	115	0	98	62	0	9
0	115	0	99	62	0	14
0	115	0	100	62	0	5
0	115	0	101	62	0	10
0	115	0	102	62	0	9
0	115	0	89	61	0	11
0	115	0	90	61	0	4
0	115	0	91	61	0	11
0	115	0	92	61	0	9
0	115	0	93	61	0	10
0	115	0	94	61	0	13
0	115	0	95	61	0	9
0	115	0	96	61	0	2
0	115	0	97	61	0	8
0	115	0	98	61	0	6
0	115	0	99	61	0	14
0	115	0	100	61	0	4
0	115	0	90	60	0	3
0	115	0	91	60	0	7
0	115	0	92	60	0	3
0	115	0	93	60	0	11
0	115	0	94	60	0	13
0	115	0	95	60	0	14
0	115	0	96	60	0	17
0	115	0	88	59	0	14
0	115	0	89	59	0	4
0	115	0	90	59	0	6
0	115	0	91	59	0	4
0	115	0	92	59	0	6
0	115	0	93	59	0	7
0	115	0	94	59	0	4
0	115	0	95	59	0	2
0	115	0	89	58	0	1
0	115	0	90	58	0	12
0	115	0	91	58	0	2
0	115	0	92	58	0	10
0	115	0	93	58	0	4
0	115	0	94	58	0	10
0	115	0	91	57	0	0
0	115	0	92	57	0	11
0	115	0	93	57	0	4
0	115	0	96	55	0	4
0	115	0	94	54	0	0
0	115	0	95	54	0	2
0	115	0	96	54	0	5
0	115	0	101	54	0	0
0	115	0	102	54	0	0
0	115	0	104	54	0	0
0	115	0	93	53	0	4
0	115	0	94	53	0	11
0	115	0	95	53	0	0
0	115	0	96	53	0	7
0	115	0	97	53	0	14
0	115	0	101	53	0	6
0	115	0	102	53	0	3
0	115	0	103	53	0	9
0	115	0	104	53	0	7
0	115	0	93	52	0	6
0	115	0	94	52	0	2
0	115	0	95	52	0	0
0	115	0	96	52	0	1
0	115	0	97	52	0	0
0	115	0	98	52	0	3
0	115	0	93	51	0	0
0	115	0	94	51	0	8
0	115	0	95	51	0	2
0	115	0	96	51	0	3
0	115	0	97	51	0	1
0	115	0	98	51	0	3
0	115	0	99	51	0	5
0	115	0	100	51	0	4
0	115	0	94	50	0	0
0	115	0	95	50	0	0
0	115	0	96	50	0	0
0	115	0	97	50	0	5
0	115	0	98	50	0	1
0	115	0	100	50	0	2
0	115	0	102	50	0	0
0	115	0	93	49	0	4
0	115	0	94	49	0	13
0	115	0	95	49	0	0
0	115	0	96	49	0	0
0	115	0	98	49	0	4
0	115	0	94	48	0	0
0	116	0	95	73	0	8
0	116	0	95	72	0	6
0	116	0	96	72	0	7
0	116	0	97	72	0	7
0	116	0	98	72	0	12
0	116	0	99	72	0	4
0	116	0	100	72	0	9
0	116	0	90	71	0	8
0	116	0	91	71	0	2
0	116	0	92	71	0	10
0	116	0	93	71	0	8
0	116	0	96	71	0	6
0	116	0	97	71	0	13
0	116	0	98	71	0	10
0	116	0	99	71	0	12
0	116	0	100	71	0	5
0	116	0	101	71	0	2
0	116	0	102	71	0	7
0	116	0	89	70	0	9
0	116	0	90	70	0	4
0	116	0	91	70	0	0
0	116	0	92	70	0	4
0	116	0	95	70	0	2
0	116	0	96	70	0	13
0	116	0	97	70	0	6
0	116	0	98	70	0	2
0	116	0	99	70	0	6
0	116	0	100	70	0	8
0	116	0	101	70	0	6
0	116	0	102	70	0	11
0	116	0	87	69	0	5
0	116	0	88	69	0	5
0	116	0	89	69	0	6
0	116	0	91	69	0	13
0	116	0	92	69	0	3
0	116	0	93	69	0	1
0	116	0	94	69	0	5
0	116	0	95	69	0	4
0	116	0	96	69	0	4
0	116	0	97	69	0	2
0	116	0	98	69	0	7
0	116	0	99	69	0	11
0	116	0	100	69	0	14
0	116	0	101	69	0	16
0	116	0	102	69	0	1
0	116	0	89	68	0	8
0	116	0	90	68	0	7
0	116	0	91	68	0	8
0	116	0	92	68	0	12
0	116	0	93	68	0	8
0	116	0	94	68	0	10
0	116	0	95	68	0	3
0	116	0	96	68	0	6
0	116	0	97	68	0	8
0	116	0	98	68	0	10
0	116	0	99	68	0	7
0	116	0	100	68	0	13
0	116	0	101	68	0	18
0	116	0	102	68	0	7
0	116	0	88	67	0	3
0	116	0	89	67	0	14
0	116	0	90	67	0	13
0	116	0	91	67	0	8
0	116	0	92	67	0	9
0	116	0	93	67	0	1
0	116	0	94	67	0	3
0	116	0	95	67	0	5
0	116	0	96	67	0	11
0	116	0	97	67	0	4
0	116	0	98	67	0	8
0	116	0	99	67	0	8
0	116	0	100	67	0	6
0	116	0	101	67	0	8
0	116	0	102	67	0	0
0	116	0	87	66	0	3
0	116	0	88	66	0	7
0	116	0	89	66	0	9
0	116	0	90	66	0	5
0	116	0	91	66	0	2
0	116	0	92	66	0	6
0	116	0	93	66	0	12
0	116	0	94	66	0	6
0	116	0	95	66	0	7
0	116	0	96	66	0	12
0	116	0	97	66	0	12
0	116	0	98	66	0	8
0	116	0	99	66	0	13
0	116	0	100	66	0	10
0	116	0	101	66	0	2
0	116	0	102	66	0	14
0	116	0	88	65	0	13
0	116	0	89	65	0	4
0	116	0	90	65	0	6
0	116	0	91	65	0	9
0	116	0	92	65	0	4
0	116	0	93	65	0	8
0	116	0	94	65	0	11
0	116	0	95	65	0	12
0	116	0	96	65	0	5
0	116	0	97	65	0	7
0	116	0	98	65	0	7
0	116	0	99	65	0	12
0	116	0	100	65	0	9
0	116	0	101	65	0	10
0	116	0	102	65	0	1
0	116	0	103	65	0	9
0	116	0	88	64	0	4
0	116	0	89	64	0	12
0	116	0	90	64	0	1
0	116	0	93	64	0	10
0	116	0	94	64	0	9
0	116	0	95	64	0	3
0	116	0	96	64	0	2
0	116	0	97	64	0	6
0	116	0	98	64	0	11
0	116	0	99	64	0	1
0	116	0	100	64	0	7
0	116	0	101	64	0	2
0	116	0	102	64	0	4
0	116	0	103	64	0	0
0	116	0	87	63	0	7
0	116	0	88	63	0	5
0	116	0	89	63	0	7
0	116	0	90	63	0	5
0	116	0	92	63	0	13
0	116	0	93	63	0	8
0	116	0	94	63	0	22
0	116	0	95	63	0	6
0	116	0	96	63	0	10
0	116	0	97	63	0	9
0	116	0	98	63	0	4
0	116	0	99	63	0	4
0	116	0	100	63	0	12
0	116	0	101	63	0	11
0	116	0	102	63	0	3
0	116	0	103	63	0	1
0	116	0	87	62	0	12
0	116	0	88	62	0	9
0	116	0	89	62	0	4
0	116	0	90	62	0	14
0	116	0	91	62	0	2
0	116	0	92	62	0	8
0	116	0	93	62	0	13
0	116	0	94	62	0	13
0	116	0	95	62	0	6
0	116	0	96	62	0	16
0	116	0	97	62	0	11
0	116	0	98	62	0	10
0	116	0	99	62	0	9
0	116	0	100	62	0	6
0	116	0	101	62	0	7
0	116	0	102	62	0	11
0	116	0	89	61	0	16
0	116	0	90	61	0	5
0	116	0	91	61	0	9
0	116	0	92	61	0	16
0	116	0	93	61	0	14
0	116	0	94	61	0	10
0	116	0	95	61	0	15
0	116	0	96	61	0	3
0	116	0	97	61	0	8
0	116	0	98	61	0	8
0	116	0	99	61	0	11
0	116	0	100	61	0	3
0	116	0	90	60	0	2
0	116	0	91	60	0	4
0	116	0	92	60	0	4
0	116	0	93	60	0	11
0	116	0	94	60	0	9
0	116	0	95	60	0	9
0	116	0	96	60	0	14
0	116	0	88	59	0	6
0	116	0	89	59	0	3
0	116	0	90	59	0	6
0	116	0	91	59	0	4
0	116	0	92	59	0	6
0	116	0	93	59	0	7
0	116	0	94	59	0	3
0	116	0	95	59	0	4
0	116	0	89	58	0	1
0	116	0	90	58	0	16
0	116	0	91	58	0	1
0	116	0	92	58	0	7
0	116	0	93	58	0	3
0	116	0	94	58	0	8
0	116	0	91	57	0	0
0	116	0	92	57	0	9
0	116	0	93	57	0	4
0	116	0	96	55	0	9
0	116	0	94	54	0	0
0	116	0	95	54	0	0
0	116	0	96	54	0	6
0	116	0	101	54	0	0
0	116	0	102	54	0	0
0	116	0	104	54	0	0
0	116	0	93	53	0	5
0	116	0	94	53	0	5
0	116	0	95	53	0	1
0	116	0	96	53	0	6
0	116	0	97	53	0	13
0	116	0	101	53	0	4
0	116	0	102	53	0	2
0	116	0	103	53	0	10
0	116	0	104	53	0	1
0	116	0	93	52	0	7
0	116	0	94	52	0	3
0	116	0	95	52	0	0
0	116	0	96	52	0	1
0	116	0	97	52	0	0
0	116	0	98	52	0	2
0	116	0	93	51	0	0
0	116	0	94	51	0	7
0	116	0	95	51	0	3
0	116	0	96	51	0	4
0	116	0	97	51	0	3
0	116	0	98	51	0	5
0	116	0	99	51	0	4
0	116	0	100	51	0	3
0	116	0	94	50	0	0
0	116	0	95	50	0	0
0	116	0	96	50	0	1
0	116	0	97	50	0	7
0	116	0	98	50	0	1
0	116	0	100	50	0	6
0	116	0	101	50	0	1
0	116	0	102	50	0	0
0	116	0	93	49	0	1
0	116	0	94	49	0	8
0	116	0	95	49	0	0
0	116	0	96	49	0	0
0	116	0	98	49	0	9
0	116	0	94	48	0	0
0	116	0	110	46	0	1
0	117	0	95	73	0	5
0	117	0	95	72	0	8
0	117	0	96	72	0	4
0	117	0	97	72	0	8
0	117	0	98	72	0	6
0	117	0	99	72	0	1
0	117	0	100	72	0	12
0	117	0	90	71	0	3
0	117	0	91	71	0	2
0	117	0	92	71	0	12
0	117	0	93	71	0	7
0	117	0	96	71	0	3
0	117	0	97	71	0	12
0	117	0	98	71	0	9
0	117	0	99	71	0	9
0	117	0	100	71	0	6
0	117	0	101	71	0	2
0	117	0	102	71	0	6
0	117	0	89	70	0	10
0	117	0	90	70	0	4
0	117	0	91	70	0	0
0	117	0	92	70	0	6
0	117	0	95	70	0	3
0	117	0	96	70	0	4
0	117	0	97	70	0	7
0	117	0	98	70	0	4
0	117	0	99	70	0	7
0	117	0	100	70	0	9
0	117	0	101	70	0	8
0	117	0	102	70	0	7
0	117	0	87	69	0	4
0	117	0	88	69	0	3
0	117	0	89	69	0	0
0	117	0	91	69	0	12
0	117	0	92	69	0	6
0	117	0	93	69	0	3
0	117	0	94	69	0	8
0	117	0	95	69	0	3
0	117	0	96	69	0	5
0	117	0	97	69	0	7
0	117	0	98	69	0	10
0	117	0	99	69	0	14
0	117	0	100	69	0	11
0	117	0	101	69	0	13
0	117	0	102	69	0	0
0	117	0	89	68	0	9
0	117	0	90	68	0	4
0	117	0	91	68	0	9
0	117	0	92	68	0	18
0	117	0	93	68	0	11
0	117	0	94	68	0	13
0	117	0	95	68	0	5
0	117	0	96	68	0	6
0	117	0	97	68	0	5
0	117	0	98	68	0	6
0	117	0	99	68	0	15
0	117	0	100	68	0	17
0	117	0	101	68	0	7
0	117	0	102	68	0	9
0	117	0	88	67	0	5
0	117	0	89	67	0	9
0	117	0	90	67	0	13
0	117	0	91	67	0	13
0	117	0	92	67	0	7
0	117	0	93	67	0	0
0	117	0	94	67	0	3
0	117	0	95	67	0	6
0	117	0	96	67	0	9
0	117	0	97	67	0	9
0	117	0	98	67	0	9
0	117	0	99	67	0	12
0	117	0	100	67	0	8
0	117	0	101	67	0	9
0	117	0	102	67	0	1
0	117	0	87	66	0	0
0	117	0	88	66	0	9
0	117	0	89	66	0	11
0	117	0	90	66	0	3
0	117	0	91	66	0	2
0	117	0	92	66	0	5
0	117	0	93	66	0	16
0	117	0	94	66	0	8
0	117	0	95	66	0	7
0	117	0	96	66	0	14
0	117	0	97	66	0	8
0	117	0	98	66	0	5
0	117	0	99	66	0	8
0	117	0	100	66	0	13
0	117	0	101	66	0	2
0	117	0	102	66	0	5
0	117	0	88	65	0	6
0	117	0	89	65	0	7
0	117	0	90	65	0	8
0	117	0	91	65	0	8
0	117	0	92	65	0	9
0	117	0	93	65	0	6
0	117	0	94	65	0	10
0	117	0	95	65	0	5
0	117	0	96	65	0	6
0	117	0	97	65	0	4
0	117	0	98	65	0	6
0	117	0	99	65	0	9
0	117	0	100	65	0	12
0	117	0	101	65	0	12
0	117	0	102	65	0	0
0	117	0	103	65	0	5
0	117	0	88	64	0	5
0	117	0	89	64	0	13
0	117	0	90	64	0	4
0	117	0	93	64	0	12
0	117	0	94	64	0	11
0	117	0	95	64	0	3
0	117	0	96	64	0	2
0	117	0	97	64	0	8
0	117	0	98	64	0	12
0	117	0	99	64	0	0
0	117	0	100	64	0	6
0	117	0	101	64	0	3
0	117	0	102	64	0	4
0	117	0	103	64	0	0
0	117	0	87	63	0	9
0	117	0	88	63	0	8
0	117	0	89	63	0	2
0	117	0	90	63	0	7
0	117	0	92	63	0	12
0	117	0	93	63	0	11
0	117	0	94	63	0	11
0	117	0	95	63	0	3
0	117	0	96	63	0	8
0	117	0	97	63	0	10
0	117	0	98	63	0	6
0	117	0	99	63	0	5
0	117	0	100	63	0	13
0	117	0	101	63	0	10
0	117	0	102	63	0	0
0	117	0	103	63	0	4
0	117	0	87	62	0	15
0	117	0	88	62	0	7
0	117	0	89	62	0	5
0	117	0	90	62	0	15
0	117	0	91	62	0	3
0	117	0	92	62	0	12
0	117	0	93	62	0	10
0	117	0	94	62	0	11
0	117	0	95	62	0	10
0	117	0	96	62	0	16
0	117	0	97	62	0	18
0	117	0	98	62	0	8
0	117	0	99	62	0	8
0	117	0	100	62	0	9
0	117	0	101	62	0	10
0	117	0	102	62	0	11
0	117	0	89	61	0	17
0	117	0	90	61	0	7
0	117	0	91	61	0	9
0	117	0	92	61	0	14
0	117	0	93	61	0	4
0	117	0	94	61	0	17
0	117	0	95	61	0	18
0	117	0	96	61	0	3
0	117	0	97	61	0	12
0	117	0	98	61	0	5
0	117	0	99	61	0	8
0	117	0	100	61	0	0
0	117	0	90	60	0	4
0	117	0	91	60	0	3
0	117	0	92	60	0	8
0	117	0	93	60	0	12
0	117	0	94	60	0	7
0	117	0	95	60	0	8
0	117	0	96	60	0	11
0	117	0	88	59	0	7
0	117	0	89	59	0	5
0	117	0	90	59	0	4
0	117	0	91	59	0	6
0	117	0	92	59	0	4
0	117	0	93	59	0	10
0	117	0	94	59	0	7
0	117	0	95	59	0	1
0	117	0	89	58	0	0
0	117	0	90	58	0	8
0	117	0	91	58	0	2
0	117	0	92	58	0	10
0	117	0	93	58	0	2
0	117	0	94	58	0	7
0	117	0	91	57	0	1
0	117	0	92	57	0	7
0	117	0	93	57	0	3
0	117	0	96	55	0	6
0	117	0	94	54	0	0
0	117	0	95	54	0	0
0	117	0	96	54	0	10
0	117	0	101	54	0	0
0	117	0	102	54	0	0
0	117	0	104	54	0	0
0	117	0	93	53	0	3
0	117	0	94	53	0	9
0	117	0	95	53	0	3
0	117	0	96	53	0	5
0	117	0	97	53	0	12
0	117	0	101	53	0	7
0	117	0	102	53	0	3
0	117	0	103	53	0	9
0	117	0	104	53	0	0
0	117	0	93	52	0	5
0	117	0	94	52	0	3
0	117	0	95	52	0	0
0	117	0	96	52	0	0
0	117	0	97	52	0	0
0	117	0	98	52	0	0
0	117	0	93	51	0	0
0	117	0	94	51	0	5
0	117	0	95	51	0	3
0	117	0	96	51	0	8
0	117	0	97	51	0	2
0	117	0	98	51	0	5
0	117	0	99	51	0	3
0	117	0	100	51	0	2
0	117	0	94	50	0	0
0	117	0	95	50	0	0
0	117	0	96	50	0	4
0	117	0	97	50	0	7
0	117	0	98	50	0	2
0	117	0	99	50	0	1
0	117	0	100	50	0	13
0	117	0	101	50	0	0
0	117	0	102	50	0	0
0	117	0	93	49	0	2
0	117	0	94	49	0	4
0	117	0	95	49	0	0
0	117	0	96	49	0	0
0	117	0	98	49	0	6
0	117	0	94	48	0	0
0	117	0	110	46	0	1
0	118	0	95	73	0	10
0	118	0	95	72	0	6
0	118	0	96	72	0	5
0	118	0	97	72	0	4
0	118	0	98	72	0	2
0	118	0	99	72	0	3
0	118	0	100	72	0	9
0	118	0	90	71	0	3
0	118	0	91	71	0	4
0	118	0	92	71	0	18
0	118	0	93	71	0	7
0	118	0	96	71	0	6
0	118	0	97	71	0	13
0	118	0	98	71	0	4
0	118	0	99	71	0	7
0	118	0	100	71	0	9
0	118	0	101	71	0	3
0	118	0	102	71	0	9
0	118	0	89	70	0	5
0	118	0	90	70	0	6
0	118	0	91	70	0	1
0	118	0	92	70	0	8
0	118	0	95	70	0	7
0	118	0	96	70	0	14
0	118	0	97	70	0	10
0	118	0	98	70	0	7
0	118	0	99	70	0	7
0	118	0	100	70	0	10
0	118	0	101	70	0	9
0	118	0	102	70	0	12
0	118	0	87	69	0	4
0	118	0	88	69	0	4
0	118	0	89	69	0	0
0	118	0	91	69	0	12
0	118	0	92	69	0	7
0	118	0	93	69	0	2
0	118	0	94	69	0	9
0	118	0	95	69	0	4
0	118	0	96	69	0	8
0	118	0	97	69	0	10
0	118	0	98	69	0	14
0	118	0	99	69	0	13
0	118	0	100	69	0	15
0	118	0	101	69	0	7
0	118	0	102	69	0	0
0	118	0	89	68	0	14
0	118	0	90	68	0	5
0	118	0	91	68	0	6
0	118	0	92	68	0	10
0	118	0	93	68	0	6
0	118	0	94	68	0	12
0	118	0	95	68	0	6
0	118	0	96	68	0	5
0	118	0	97	68	0	2
0	118	0	98	68	0	6
0	118	0	99	68	0	11
0	118	0	100	68	0	11
0	118	0	101	68	0	3
0	118	0	102	68	0	15
0	118	0	88	67	0	7
0	118	0	89	67	0	6
0	118	0	90	67	0	11
0	118	0	91	67	0	9
0	118	0	92	67	0	4
0	118	0	93	67	0	1
0	118	0	94	67	0	6
0	118	0	95	67	0	7
0	118	0	96	67	0	5
0	118	0	97	67	0	13
0	118	0	98	67	0	12
0	118	0	99	67	0	16
0	118	0	100	67	0	6
0	118	0	101	67	0	11
0	118	0	102	67	0	2
0	118	0	87	66	0	0
0	118	0	88	66	0	10
0	118	0	89	66	0	11
0	118	0	90	66	0	4
0	118	0	91	66	0	6
0	118	0	92	66	0	4
0	118	0	93	66	0	15
0	118	0	94	66	0	10
0	118	0	95	66	0	7
0	118	0	96	66	0	14
0	118	0	97	66	0	10
0	118	0	98	66	0	8
0	118	0	99	66	0	9
0	118	0	100	66	0	16
0	118	0	101	66	0	2
0	118	0	102	66	0	6
0	118	0	88	65	0	3
0	118	0	89	65	0	6
0	118	0	90	65	0	8
0	118	0	91	65	0	11
0	118	0	92	65	0	11
0	118	0	93	65	0	7
0	118	0	94	65	0	11
0	118	0	95	65	0	6
0	118	0	96	65	0	2
0	118	0	97	65	0	3
0	118	0	98	65	0	5
0	118	0	99	65	0	6
0	118	0	100	65	0	15
0	118	0	101	65	0	11
0	118	0	102	65	0	0
0	118	0	103	65	0	6
0	118	0	88	64	0	4
0	118	0	89	64	0	11
0	118	0	90	64	0	5
0	118	0	93	64	0	14
0	118	0	94	64	0	8
0	118	0	95	64	0	9
0	118	0	96	64	0	5
0	118	0	97	64	0	9
0	118	0	98	64	0	12
0	118	0	99	64	0	1
0	118	0	100	64	0	2
0	118	0	101	64	0	1
0	118	0	102	64	0	6
0	118	0	103	64	0	0
0	118	0	87	63	0	13
0	118	0	88	63	0	9
0	118	0	89	63	0	4
0	118	0	90	63	0	13
0	118	0	92	63	0	18
0	118	0	93	63	0	13
0	118	0	94	63	0	20
0	118	0	95	63	0	6
0	118	0	96	63	0	10
0	118	0	97	63	0	12
0	118	0	98	63	0	9
0	118	0	99	63	0	6
0	118	0	100	63	0	13
0	118	0	101	63	0	9
0	118	0	102	63	0	1
0	118	0	103	63	0	5
0	118	0	87	62	0	11
0	118	0	88	62	0	6
0	118	0	89	62	0	9
0	118	0	90	62	0	12
0	118	0	91	62	0	9
0	118	0	92	62	0	8
0	118	0	93	62	0	10
0	118	0	94	62	0	7
0	118	0	95	62	0	7
0	118	0	96	62	0	8
0	118	0	97	62	0	14
0	118	0	98	62	0	6
0	118	0	99	62	0	8
0	118	0	100	62	0	10
0	118	0	101	62	0	5
0	118	0	102	62	0	9
0	118	0	89	61	0	13
0	118	0	90	61	0	6
0	118	0	91	61	0	6
0	118	0	92	61	0	8
0	118	0	93	61	0	4
0	118	0	94	61	0	10
0	118	0	95	61	0	13
0	118	0	96	61	0	3
0	118	0	97	61	0	13
0	118	0	98	61	0	10
0	118	0	99	61	0	11
0	118	0	100	61	0	1
0	118	0	90	60	0	5
0	118	0	91	60	0	3
0	118	0	92	60	0	10
0	118	0	93	60	0	13
0	118	0	94	60	0	12
0	118	0	95	60	0	3
0	118	0	96	60	0	11
0	118	0	88	59	0	4
0	118	0	89	59	0	9
0	118	0	90	59	0	10
0	118	0	91	59	0	6
0	118	0	92	59	0	5
0	118	0	93	59	0	7
0	118	0	94	59	0	3
0	118	0	95	59	0	2
0	118	0	89	58	0	0
0	118	0	90	58	0	7
0	118	0	91	58	0	4
0	118	0	92	58	0	5
0	118	0	93	58	0	4
0	118	0	94	58	0	5
0	118	0	91	57	0	1
0	118	0	92	57	0	8
0	118	0	93	57	0	3
0	118	0	96	55	0	7
0	118	0	94	54	0	0
0	118	0	95	54	0	0
0	118	0	96	54	0	10
0	118	0	101	54	0	0
0	118	0	102	54	0	0
0	118	0	104	54	0	0
0	118	0	93	53	0	3
0	118	0	94	53	0	5
0	118	0	95	53	0	5
0	118	0	96	53	0	3
0	118	0	97	53	0	10
0	118	0	101	53	0	5
0	118	0	102	53	0	6
0	118	0	103	53	0	10
0	118	0	104	53	0	0
0	118	0	93	52	0	10
0	118	0	94	52	0	2
0	118	0	95	52	0	1
0	118	0	96	52	0	0
0	118	0	97	52	0	2
0	118	0	98	52	0	0
0	118	0	93	51	0	0
0	118	0	94	51	0	8
0	118	0	95	51	0	2
0	118	0	96	51	0	7
0	118	0	97	51	0	2
0	118	0	98	51	0	2
0	118	0	99	51	0	1
0	118	0	100	51	0	2
0	118	0	94	50	0	1
0	118	0	95	50	0	0
0	118	0	96	50	0	7
0	118	0	97	50	0	10
0	118	0	98	50	0	2
0	118	0	99	50	0	2
0	118	0	100	50	0	13
0	118	0	101	50	0	0
0	118	0	102	50	0	0
0	118	0	93	49	0	4
0	118	0	94	49	0	4
0	118	0	95	49	0	1
0	118	0	96	49	0	0
0	118	0	98	49	0	8
0	118	0	94	48	0	0
0	118	0	110	46	0	1
0	119	0	95	73	0	7
0	119	0	95	72	0	5
0	119	0	96	72	0	4
0	119	0	97	72	0	3
0	119	0	98	72	0	2
0	119	0	99	72	0	4
0	119	0	100	72	0	9
0	119	0	90	71	0	4
0	119	0	91	71	0	3
0	119	0	92	71	0	18
0	119	0	93	71	0	7
0	119	0	96	71	0	8
0	119	0	97	71	0	5
0	119	0	98	71	0	8
0	119	0	99	71	0	12
0	119	0	100	71	0	6
0	119	0	101	71	0	3
0	119	0	102	71	0	10
0	119	0	89	70	0	4
0	119	0	90	70	0	6
0	119	0	91	70	0	2
0	119	0	92	70	0	10
0	119	0	95	70	0	5
0	119	0	96	70	0	11
0	119	0	97	70	0	13
0	119	0	98	70	0	11
0	119	0	99	70	0	6
0	119	0	100	70	0	9
0	119	0	101	70	0	3
0	119	0	102	70	0	4
0	119	0	87	69	0	8
0	119	0	88	69	0	9
0	119	0	89	69	0	2
0	119	0	91	69	0	8
0	119	0	92	69	0	10
0	119	0	93	69	0	5
0	119	0	94	69	0	13
0	119	0	95	69	0	4
0	119	0	96	69	0	4
0	119	0	97	69	0	11
0	119	0	98	69	0	15
0	119	0	99	69	0	18
0	119	0	100	69	0	12
0	119	0	101	69	0	9
0	119	0	102	69	0	1
0	119	0	89	68	0	10
0	119	0	90	68	0	7
0	119	0	91	68	0	6
0	119	0	92	68	0	7
0	119	0	93	68	0	7
0	119	0	94	68	0	11
0	119	0	95	68	0	7
0	119	0	96	68	0	3
0	119	0	97	68	0	3
0	119	0	98	68	0	6
0	119	0	99	68	0	13
0	119	0	100	68	0	13
0	119	0	101	68	0	5
0	119	0	102	68	0	13
0	119	0	88	67	0	6
0	119	0	89	67	0	3
0	119	0	90	67	0	8
0	119	0	91	67	0	6
0	119	0	92	67	0	6
0	119	0	93	67	0	1
0	119	0	94	67	0	7
0	119	0	95	67	0	4
0	119	0	96	67	0	8
0	119	0	97	67	0	14
0	119	0	98	67	0	10
0	119	0	99	67	0	14
0	119	0	100	67	0	5
0	119	0	101	67	0	9
0	119	0	102	67	0	2
0	119	0	87	66	0	0
0	119	0	88	66	0	14
0	119	0	89	66	0	9
0	119	0	90	66	0	3
0	119	0	91	66	0	11
0	119	0	92	66	0	7
0	119	0	93	66	0	12
0	119	0	94	66	0	10
0	119	0	95	66	0	3
0	119	0	96	66	0	16
0	119	0	97	66	0	8
0	119	0	98	66	0	15
0	119	0	99	66	0	6
0	119	0	100	66	0	11
0	119	0	101	66	0	1
0	119	0	102	66	0	14
0	119	0	88	65	0	4
0	119	0	89	65	0	4
0	119	0	90	65	0	4
0	119	0	91	65	0	9
0	119	0	92	65	0	7
0	119	0	93	65	0	6
0	119	0	94	65	0	9
0	119	0	95	65	0	12
0	119	0	96	65	0	3
0	119	0	97	65	0	2
0	119	0	98	65	0	4
0	119	0	99	65	0	6
0	119	0	100	65	0	8
0	119	0	101	65	0	7
0	119	0	102	65	0	0
0	119	0	103	65	0	7
0	119	0	88	64	0	4
0	119	0	89	64	0	12
0	119	0	90	64	0	7
0	119	0	93	64	0	12
0	119	0	94	64	0	10
0	119	0	95	64	0	10
0	119	0	96	64	0	4
0	119	0	97	64	0	1
0	119	0	98	64	0	13
0	119	0	99	64	0	4
0	119	0	100	64	0	3
0	119	0	101	64	0	1
0	119	0	102	64	0	4
0	119	0	103	64	0	0
0	119	0	87	63	0	15
0	119	0	88	63	0	6
0	119	0	89	63	0	6
0	119	0	90	63	0	9
0	119	0	92	63	0	8
0	119	0	93	63	0	15
0	119	0	94	63	0	15
0	119	0	95	63	0	5
0	119	0	96	63	0	10
0	119	0	97	63	0	11
0	119	0	98	63	0	8
0	119	0	99	63	0	3
0	119	0	100	63	0	16
0	119	0	101	63	0	8
0	119	0	102	63	0	0
0	119	0	103	63	0	12
0	119	0	87	62	0	10
0	119	0	88	62	0	8
0	119	0	89	62	0	4
0	119	0	90	62	0	9
0	119	0	91	62	0	13
0	119	0	92	62	0	8
0	119	0	93	62	0	13
0	119	0	94	62	0	8
0	119	0	95	62	0	7
0	119	0	96	62	0	5
0	119	0	97	62	0	8
0	119	0	98	62	0	10
0	119	0	99	62	0	7
0	119	0	100	62	0	8
0	119	0	101	62	0	7
0	119	0	102	62	0	10
0	119	0	89	61	0	10
0	119	0	90	61	0	9
0	119	0	91	61	0	7
0	119	0	92	61	0	8
0	119	0	93	61	0	7
0	119	0	94	61	0	9
0	119	0	95	61	0	17
0	119	0	96	61	0	8
0	119	0	97	61	0	8
0	119	0	98	61	0	10
0	119	0	99	61	0	8
0	119	0	100	61	0	0
0	119	0	90	60	0	3
0	119	0	91	60	0	2
0	119	0	92	60	0	10
0	119	0	93	60	0	5
0	119	0	94	60	0	8
0	119	0	95	60	0	2
0	119	0	96	60	0	14
0	119	0	88	59	0	6
0	119	0	89	59	0	8
0	119	0	90	59	0	6
0	119	0	91	59	0	7
0	119	0	92	59	0	3
0	119	0	93	59	0	3
0	119	0	94	59	0	4
0	119	0	95	59	0	4
0	119	0	89	58	0	1
0	119	0	90	58	0	8
0	119	0	91	58	0	4
0	119	0	92	58	0	6
0	119	0	93	58	0	2
0	119	0	94	58	0	10
0	119	0	91	57	0	2
0	119	0	92	57	0	13
0	119	0	93	57	0	5
0	119	0	96	55	0	5
0	119	0	94	54	0	0
0	119	0	95	54	0	0
0	119	0	96	54	0	13
0	119	0	101	54	0	0
0	119	0	102	54	0	0
0	119	0	103	54	0	1
0	119	0	104	54	0	0
0	119	0	93	53	0	4
0	119	0	94	53	0	7
0	119	0	95	53	0	12
0	119	0	96	53	0	3
0	119	0	97	53	0	9
0	119	0	101	53	0	7
0	119	0	102	53	0	5
0	119	0	103	53	0	11
0	119	0	104	53	0	0
0	119	0	93	52	0	7
0	119	0	94	52	0	1
0	119	0	95	52	0	0
0	119	0	96	52	0	0
0	119	0	97	52	0	1
0	119	0	98	52	0	1
0	119	0	93	51	0	0
0	119	0	94	51	0	4
0	119	0	95	51	0	4
0	119	0	96	51	0	9
0	119	0	97	51	0	2
0	119	0	98	51	0	3
0	119	0	99	51	0	2
0	119	0	100	51	0	3
0	119	0	94	50	0	2
0	119	0	95	50	0	0
0	119	0	96	50	0	10
0	119	0	97	50	0	6
0	119	0	98	50	0	3
0	119	0	99	50	0	5
0	119	0	100	50	0	17
0	119	0	101	50	0	0
0	119	0	102	50	0	0
0	119	0	93	49	0	6
0	119	0	94	49	0	7
0	119	0	95	49	0	1
0	119	0	96	49	0	0
0	119	0	98	49	0	8
0	119	0	110	46	0	2
0	120	0	95	73	0	10
0	120	0	95	72	0	8
0	120	0	96	72	0	10
0	120	0	97	72	0	4
0	120	0	98	72	0	2
0	120	0	99	72	0	8
0	120	0	100	72	0	11
0	120	0	90	71	0	5
0	120	0	91	71	0	4
0	120	0	92	71	0	11
0	120	0	93	71	0	7
0	120	0	96	71	0	11
0	120	0	97	71	0	5
0	120	0	98	71	0	7
0	120	0	99	71	0	7
0	120	0	100	71	0	5
0	120	0	101	71	0	4
0	120	0	102	71	0	13
0	120	0	89	70	0	6
0	120	0	90	70	0	9
0	120	0	91	70	0	2
0	120	0	92	70	0	11
0	120	0	95	70	0	9
0	120	0	96	70	0	10
0	120	0	97	70	0	9
0	120	0	98	70	0	14
0	120	0	99	70	0	13
0	120	0	100	70	0	2
0	120	0	101	70	0	4
0	120	0	102	70	0	3
0	120	0	87	69	0	7
0	120	0	88	69	0	10
0	120	0	89	69	0	0
0	120	0	91	69	0	3
0	120	0	92	69	0	8
0	120	0	93	69	0	13
0	120	0	94	69	0	9
0	120	0	95	69	0	6
0	120	0	96	69	0	3
0	120	0	97	69	0	11
0	120	0	98	69	0	11
0	120	0	99	69	0	10
0	120	0	100	69	0	14
0	120	0	101	69	0	12
0	120	0	102	69	0	1
0	120	0	89	68	0	5
0	120	0	90	68	0	6
0	120	0	91	68	0	10
0	120	0	92	68	0	8
0	120	0	93	68	0	4
0	120	0	94	68	0	5
0	120	0	95	68	0	9
0	120	0	96	68	0	2
0	120	0	97	68	0	5
0	120	0	98	68	0	11
0	120	0	99	68	0	12
0	120	0	100	68	0	12
0	120	0	101	68	0	7
0	120	0	102	68	0	11
0	120	0	88	67	0	6
0	120	0	89	67	0	3
0	120	0	90	67	0	5
0	120	0	91	67	0	13
0	120	0	92	67	0	11
0	120	0	93	67	0	4
0	120	0	94	67	0	8
0	120	0	95	67	0	8
0	120	0	96	67	0	4
0	120	0	97	67	0	7
0	120	0	98	67	0	6
0	120	0	99	67	0	15
0	120	0	100	67	0	6
0	120	0	101	67	0	8
0	120	0	102	67	0	3
0	120	0	87	66	0	0
0	120	0	88	66	0	11
0	120	0	89	66	0	7
0	120	0	90	66	0	4
0	120	0	91	66	0	12
0	120	0	92	66	0	8
0	120	0	93	66	0	14
0	120	0	94	66	0	11
0	120	0	95	66	0	4
0	120	0	96	66	0	14
0	120	0	97	66	0	8
0	120	0	98	66	0	12
0	120	0	99	66	0	5
0	120	0	100	66	0	7
0	120	0	101	66	0	1
0	120	0	102	66	0	17
0	120	0	88	65	0	7
0	120	0	89	65	0	7
0	120	0	90	65	0	7
0	120	0	91	65	0	9
0	120	0	92	65	0	10
0	120	0	93	65	0	10
0	120	0	94	65	0	10
0	120	0	95	65	0	17
0	120	0	96	65	0	5
0	120	0	97	65	0	2
0	120	0	98	65	0	2
0	120	0	99	65	0	3
0	120	0	100	65	0	9
0	120	0	101	65	0	9
0	120	0	102	65	0	2
0	120	0	103	65	0	8
0	120	0	88	64	0	4
0	120	0	89	64	0	20
0	120	0	90	64	0	10
0	120	0	93	64	0	12
0	120	0	94	64	0	19
0	120	0	95	64	0	4
0	120	0	96	64	0	5
0	120	0	97	64	0	1
0	120	0	98	64	0	15
0	120	0	99	64	0	4
0	120	0	100	64	0	4
0	120	0	101	64	0	2
0	120	0	102	64	0	5
0	120	0	103	64	0	2
0	120	0	87	63	0	18
0	120	0	88	63	0	10
0	120	0	89	63	0	5
0	120	0	90	63	0	15
0	120	0	92	63	0	8
0	120	0	93	63	0	10
0	120	0	94	63	0	10
0	120	0	95	63	0	6
0	120	0	96	63	0	9
0	120	0	97	63	0	7
0	120	0	98	63	0	3
0	120	0	99	63	0	3
0	120	0	100	63	0	13
0	120	0	101	63	0	4
0	120	0	102	63	0	0
0	120	0	103	63	0	13
0	120	0	87	62	0	9
0	120	0	88	62	0	12
0	120	0	89	62	0	4
0	120	0	90	62	0	10
0	120	0	91	62	0	13
0	120	0	92	62	0	8
0	120	0	93	62	0	12
0	120	0	94	62	0	4
0	120	0	95	62	0	8
0	120	0	96	62	0	10
0	120	0	97	62	0	9
0	120	0	98	62	0	15
0	120	0	99	62	0	4
0	120	0	100	62	0	6
0	120	0	101	62	0	8
0	120	0	102	62	0	6
0	120	0	89	61	0	10
0	120	0	90	61	0	15
0	120	0	91	61	0	10
0	120	0	92	61	0	6
0	120	0	93	61	0	11
0	120	0	94	61	0	9
0	120	0	95	61	0	12
0	120	0	96	61	0	5
0	120	0	97	61	0	1
0	120	0	98	61	0	5
0	120	0	99	61	0	12
0	120	0	100	61	0	0
0	120	0	90	60	0	1
0	120	0	91	60	0	3
0	120	0	92	60	0	11
0	120	0	93	60	0	3
0	120	0	94	60	0	8
0	120	0	95	60	0	3
0	120	0	96	60	0	5
0	120	0	88	59	0	13
0	120	0	89	59	0	8
0	120	0	90	59	0	7
0	120	0	91	59	0	6
0	120	0	92	59	0	5
0	120	0	93	59	0	5
0	120	0	94	59	0	6
0	120	0	95	59	0	3
0	120	0	89	58	0	1
0	120	0	90	58	0	6
0	120	0	91	58	0	2
0	120	0	92	58	0	6
0	120	0	93	58	0	2
0	120	0	94	58	0	6
0	120	0	91	57	0	1
0	120	0	92	57	0	12
0	120	0	93	57	0	11
0	120	0	96	55	0	8
0	120	0	94	54	0	0
0	120	0	95	54	0	0
0	120	0	96	54	0	12
0	120	0	101	54	0	0
0	120	0	102	54	0	0
0	120	0	103	54	0	0
0	120	0	104	54	0	0
0	120	0	93	53	0	7
0	120	0	94	53	0	7
0	120	0	95	53	0	10
0	120	0	96	53	0	4
0	120	0	97	53	0	10
0	120	0	101	53	0	10
0	120	0	102	53	0	6
0	120	0	103	53	0	18
0	120	0	104	53	0	0
0	120	0	93	52	0	11
0	120	0	94	52	0	1
0	120	0	95	52	0	0
0	120	0	96	52	0	0
0	120	0	97	52	0	4
0	120	0	98	52	0	1
0	120	0	93	51	0	0
0	120	0	94	51	0	3
0	120	0	95	51	0	2
0	120	0	96	51	0	8
0	120	0	97	51	0	3
0	120	0	98	51	0	3
0	120	0	99	51	0	3
0	120	0	100	51	0	3
0	120	0	94	50	0	2
0	120	0	95	50	0	0
0	120	0	96	50	0	13
0	120	0	97	50	0	11
0	120	0	98	50	0	2
0	120	0	99	50	0	5
0	120	0	100	50	0	16
0	120	0	101	50	0	1
0	120	0	102	50	0	0
0	120	0	93	49	0	5
0	120	0	94	49	0	12
0	120	0	95	49	0	0
0	120	0	96	49	0	0
0	120	0	98	49	0	10
0	120	0	110	46	0	1
0	121	0	95	73	0	10
0	121	0	95	72	0	9
0	121	0	96	72	0	10
0	121	0	97	72	0	4
0	121	0	98	72	0	2
0	121	0	99	72	0	8
0	121	0	100	72	0	9
0	121	0	90	71	0	5
0	121	0	91	71	0	4
0	121	0	92	71	0	11
0	121	0	93	71	0	6
0	121	0	96	71	0	12
0	121	0	97	71	0	3
0	121	0	98	71	0	7
0	121	0	99	71	0	7
0	121	0	100	71	0	4
0	121	0	101	71	0	5
0	121	0	102	71	0	11
0	121	0	89	70	0	1
0	121	0	90	70	0	9
0	121	0	91	70	0	3
0	121	0	92	70	0	9
0	121	0	95	70	0	10
0	121	0	96	70	0	16
0	121	0	97	70	0	5
0	121	0	98	70	0	11
0	121	0	99	70	0	7
0	121	0	100	70	0	4
0	121	0	101	70	0	9
0	121	0	102	70	0	1
0	121	0	87	69	0	10
0	121	0	88	69	0	14
0	121	0	89	69	0	1
0	121	0	91	69	0	3
0	121	0	92	69	0	8
0	121	0	93	69	0	13
0	121	0	94	69	0	8
0	121	0	95	69	0	8
0	121	0	96	69	0	3
0	121	0	97	69	0	14
0	121	0	98	69	0	13
0	121	0	99	69	0	12
0	121	0	100	69	0	10
0	121	0	101	69	0	13
0	121	0	102	69	0	2
0	121	0	89	68	0	8
0	121	0	90	68	0	6
0	121	0	91	68	0	8
0	121	0	92	68	0	10
0	121	0	93	68	0	3
0	121	0	94	68	0	5
0	121	0	95	68	0	6
0	121	0	96	68	0	5
0	121	0	97	68	0	6
0	121	0	98	68	0	10
0	121	0	99	68	0	12
0	121	0	100	68	0	13
0	121	0	101	68	0	11
0	121	0	102	68	0	10
0	121	0	88	67	0	7
0	121	0	89	67	0	9
0	121	0	90	67	0	0
0	121	0	91	67	0	11
0	121	0	92	67	0	11
0	121	0	93	67	0	4
0	121	0	94	67	0	10
0	121	0	95	67	0	11
0	121	0	96	67	0	9
0	121	0	97	67	0	10
0	121	0	98	67	0	8
0	121	0	99	67	0	16
0	121	0	100	67	0	10
0	121	0	101	67	0	9
0	121	0	102	67	0	3
0	121	0	87	66	0	0
0	121	0	88	66	0	13
0	121	0	89	66	0	10
0	121	0	90	66	0	4
0	121	0	91	66	0	11
0	121	0	92	66	0	10
0	121	0	93	66	0	11
0	121	0	94	66	0	8
0	121	0	95	66	0	8
0	121	0	96	66	0	9
0	121	0	97	66	0	9
0	121	0	98	66	0	11
0	121	0	99	66	0	10
0	121	0	100	66	0	7
0	121	0	101	66	0	1
0	121	0	102	66	0	14
0	121	0	88	65	0	6
0	121	0	89	65	0	15
0	121	0	90	65	0	8
0	121	0	91	65	0	12
0	121	0	92	65	0	5
0	121	0	93	65	0	21
0	121	0	94	65	0	7
0	121	0	95	65	0	13
0	121	0	96	65	0	3
0	121	0	97	65	0	1
0	121	0	98	65	0	2
0	121	0	99	65	0	5
0	121	0	100	65	0	5
0	121	0	101	65	0	7
0	121	0	102	65	0	3
0	121	0	103	65	0	11
0	121	0	88	64	0	3
0	121	0	89	64	0	18
0	121	0	90	64	0	8
0	121	0	93	64	0	14
0	121	0	94	64	0	15
0	121	0	95	64	0	5
0	121	0	96	64	0	13
0	121	0	97	64	0	2
0	121	0	98	64	0	8
0	121	0	99	64	0	8
0	121	0	100	64	0	2
0	121	0	101	64	0	1
0	121	0	102	64	0	1
0	121	0	103	64	0	2
0	121	0	87	63	0	8
0	121	0	88	63	0	13
0	121	0	89	63	0	8
0	121	0	90	63	0	16
0	121	0	92	63	0	8
0	121	0	93	63	0	14
0	121	0	94	63	0	13
0	121	0	95	63	0	6
0	121	0	96	63	0	13
0	121	0	97	63	0	9
0	121	0	98	63	0	4
0	121	0	99	63	0	3
0	121	0	100	63	0	11
0	121	0	101	63	0	6
0	121	0	102	63	0	3
0	121	0	103	63	0	5
0	121	0	87	62	0	5
0	121	0	88	62	0	14
0	121	0	89	62	0	9
0	121	0	90	62	0	9
0	121	0	91	62	0	9
0	121	0	92	62	0	7
0	121	0	93	62	0	8
0	121	0	94	62	0	2
0	121	0	95	62	0	9
0	121	0	96	62	0	12
0	121	0	97	62	0	4
0	121	0	98	62	0	13
0	121	0	99	62	0	7
0	121	0	100	62	0	3
0	121	0	101	62	0	6
0	121	0	102	62	0	7
0	121	0	89	61	0	9
0	121	0	90	61	0	15
0	121	0	91	61	0	10
0	121	0	92	61	0	5
0	121	0	93	61	0	15
0	121	0	94	61	0	10
0	121	0	95	61	0	10
0	121	0	96	61	0	5
0	121	0	97	61	0	1
0	121	0	98	61	0	3
0	121	0	99	61	0	3
0	121	0	100	61	0	0
0	121	0	90	60	0	1
0	121	0	91	60	0	3
0	121	0	92	60	0	10
0	121	0	93	60	0	5
0	121	0	94	60	0	7
0	121	0	95	60	0	5
0	121	0	96	60	0	2
0	121	0	88	59	0	16
0	121	0	89	59	0	13
0	121	0	90	59	0	8
0	121	0	91	59	0	13
0	121	0	92	59	0	4
0	121	0	93	59	0	5
0	121	0	94	59	0	4
0	121	0	95	59	0	3
0	121	0	89	58	0	2
0	121	0	90	58	0	2
0	121	0	91	58	0	1
0	121	0	92	58	0	4
0	121	0	93	58	0	2
0	121	0	94	58	0	5
0	121	0	91	57	0	3
0	121	0	92	57	0	9
0	121	0	93	57	0	9
0	121	0	96	55	0	11
0	121	0	94	54	0	0
0	121	0	95	54	0	0
0	121	0	96	54	0	11
0	121	0	101	54	0	0
0	121	0	102	54	0	0
0	121	0	103	54	0	0
0	121	0	104	54	0	0
0	121	0	93	53	0	5
0	121	0	94	53	0	9
0	121	0	95	53	0	11
0	121	0	96	53	0	6
0	121	0	97	53	0	4
0	121	0	101	53	0	12
0	121	0	102	53	0	3
0	121	0	103	53	0	5
0	121	0	104	53	0	0
0	121	0	93	52	0	9
0	121	0	94	52	0	1
0	121	0	95	52	0	0
0	121	0	96	52	0	0
0	121	0	97	52	0	4
0	121	0	98	52	0	2
0	121	0	93	51	0	0
0	121	0	94	51	0	3
0	121	0	95	51	0	4
0	121	0	96	51	0	9
0	121	0	97	51	0	6
0	121	0	98	51	0	1
0	121	0	99	51	0	5
0	121	0	100	51	0	2
0	121	0	101	51	0	1
0	121	0	93	50	0	1
0	121	0	94	50	0	2
0	121	0	95	50	0	0
0	121	0	96	50	0	23
0	121	0	97	50	0	9
0	121	0	98	50	0	1
0	121	0	99	50	0	3
0	121	0	100	50	0	18
0	121	0	101	50	0	4
0	121	0	102	50	0	0
0	121	0	93	49	0	6
0	121	0	95	49	0	0
0	121	0	96	49	0	0
0	121	0	98	49	0	12
0	121	0	110	46	0	0
0	122	0	95	73	0	11
0	122	0	95	72	0	6
0	122	0	96	72	0	9
0	122	0	97	72	0	5
0	122	0	98	72	0	3
0	122	0	99	72	0	8
0	122	0	100	72	0	12
0	122	0	90	71	0	3
0	122	0	91	71	0	6
0	122	0	92	71	0	15
0	122	0	93	71	0	5
0	122	0	96	71	0	12
0	122	0	97	71	0	3
0	122	0	98	71	0	13
0	122	0	99	71	0	10
0	122	0	100	71	0	7
0	122	0	101	71	0	5
0	122	0	102	71	0	11
0	122	0	89	70	0	1
0	122	0	90	70	0	9
0	122	0	91	70	0	1
0	122	0	92	70	0	3
0	122	0	95	70	0	3
0	122	0	96	70	0	11
0	122	0	97	70	0	4
0	122	0	98	70	0	4
0	122	0	99	70	0	9
0	122	0	100	70	0	5
0	122	0	101	70	0	6
0	122	0	102	70	0	3
0	122	0	87	69	0	20
0	122	0	88	69	0	14
0	122	0	89	69	0	1
0	122	0	91	69	0	6
0	122	0	92	69	0	10
0	122	0	93	69	0	16
0	122	0	94	69	0	5
0	122	0	95	69	0	8
0	122	0	96	69	0	5
0	122	0	97	69	0	17
0	122	0	98	69	0	9
0	122	0	99	69	0	18
0	122	0	100	69	0	9
0	122	0	101	69	0	15
0	122	0	102	69	0	2
0	122	0	89	68	0	10
0	122	0	90	68	0	5
0	122	0	91	68	0	14
0	122	0	92	68	0	8
0	122	0	93	68	0	3
0	122	0	94	68	0	8
0	122	0	95	68	0	8
0	122	0	96	68	0	9
0	122	0	97	68	0	7
0	122	0	98	68	0	12
0	122	0	99	68	0	12
0	122	0	100	68	0	11
0	122	0	101	68	0	12
0	122	0	102	68	0	5
0	122	0	88	67	0	4
0	122	0	89	67	0	9
0	122	0	90	67	0	1
0	122	0	91	67	0	9
0	122	0	92	67	0	5
0	122	0	93	67	0	6
0	122	0	94	67	0	11
0	122	0	95	67	0	6
0	122	0	96	67	0	10
0	122	0	97	67	0	4
0	122	0	98	67	0	9
0	122	0	99	67	0	21
0	122	0	100	67	0	8
0	122	0	101	67	0	9
0	122	0	102	67	0	3
0	122	0	87	66	0	0
0	122	0	88	66	0	12
0	122	0	89	66	0	10
0	122	0	90	66	0	4
0	122	0	91	66	0	14
0	122	0	92	66	0	6
0	122	0	93	66	0	11
0	122	0	94	66	0	10
0	122	0	95	66	0	9
0	122	0	96	66	0	11
0	122	0	97	66	0	9
0	122	0	98	66	0	6
0	122	0	99	66	0	16
0	122	0	100	66	0	7
0	122	0	101	66	0	1
0	122	0	102	66	0	9
0	122	0	88	65	0	9
0	122	0	89	65	0	10
0	122	0	90	65	0	3
0	122	0	91	65	0	15
0	122	0	92	65	0	3
0	122	0	93	65	0	11
0	122	0	94	65	0	8
0	122	0	95	65	0	11
0	122	0	96	65	0	4
0	122	0	97	65	0	2
0	122	0	98	65	0	2
0	122	0	99	65	0	6
0	122	0	100	65	0	4
0	122	0	101	65	0	9
0	122	0	102	65	0	2
0	122	0	103	65	0	14
0	122	0	88	64	0	5
0	122	0	89	64	0	11
0	122	0	90	64	0	8
0	122	0	93	64	0	14
0	122	0	94	64	0	12
0	122	0	95	64	0	3
0	122	0	96	64	0	8
0	122	0	97	64	0	1
0	122	0	98	64	0	6
0	122	0	99	64	0	3
0	122	0	100	64	0	5
0	122	0	101	64	0	0
0	122	0	102	64	0	2
0	122	0	103	64	0	3
0	122	0	87	63	0	8
0	122	0	88	63	0	13
0	122	0	89	63	0	9
0	122	0	90	63	0	10
0	122	0	92	63	0	11
0	122	0	93	63	0	18
0	122	0	94	63	0	10
0	122	0	95	63	0	5
0	122	0	96	63	0	9
0	122	0	97	63	0	9
0	122	0	98	63	0	4
0	122	0	99	63	0	3
0	122	0	100	63	0	7
0	122	0	101	63	0	8
0	122	0	102	63	0	6
0	122	0	103	63	0	6
0	122	0	87	62	0	10
0	122	0	88	62	0	13
0	122	0	89	62	0	14
0	122	0	90	62	0	8
0	122	0	91	62	0	12
0	122	0	92	62	0	11
0	122	0	93	62	0	19
0	122	0	94	62	0	1
0	122	0	95	62	0	11
0	122	0	96	62	0	9
0	122	0	97	62	0	5
0	122	0	98	62	0	14
0	122	0	99	62	0	5
0	122	0	100	62	0	3
0	122	0	101	62	0	3
0	122	0	102	62	0	5
0	122	0	89	61	0	12
0	122	0	90	61	0	7
0	122	0	91	61	0	10
0	122	0	92	61	0	6
0	122	0	93	61	0	11
0	122	0	94	61	0	10
0	122	0	95	61	0	11
0	122	0	96	61	0	8
0	122	0	97	61	0	0
0	122	0	98	61	0	2
0	122	0	99	61	0	4
0	122	0	100	61	0	0
0	122	0	90	60	0	0
0	122	0	91	60	0	3
0	122	0	92	60	0	13
0	122	0	93	60	0	3
0	122	0	94	60	0	5
0	122	0	95	60	0	7
0	122	0	96	60	0	4
0	122	0	88	59	0	9
0	122	0	89	59	0	15
0	122	0	90	59	0	7
0	122	0	91	59	0	9
0	122	0	92	59	0	5
0	122	0	93	59	0	3
0	122	0	94	59	0	7
0	122	0	95	59	0	3
0	122	0	89	58	0	1
0	122	0	90	58	0	5
0	122	0	91	58	0	2
0	122	0	92	58	0	4
0	122	0	93	58	0	3
0	122	0	94	58	0	5
0	122	0	91	57	0	11
0	122	0	92	57	0	9
0	122	0	93	57	0	8
0	122	0	96	55	0	10
0	122	0	94	54	0	0
0	122	0	95	54	0	0
0	122	0	96	54	0	5
0	122	0	97	54	0	1
0	122	0	101	54	0	0
0	122	0	102	54	0	0
0	122	0	103	54	0	0
0	122	0	104	54	0	0
0	122	0	93	53	0	4
0	122	0	94	53	0	13
0	122	0	95	53	0	10
0	122	0	96	53	0	4
0	122	0	97	53	0	4
0	122	0	101	53	0	9
0	122	0	102	53	0	5
0	122	0	103	53	0	8
0	122	0	104	53	0	0
0	122	0	93	52	0	9
0	122	0	94	52	0	5
0	122	0	95	52	0	0
0	122	0	96	52	0	0
0	122	0	97	52	0	4
0	122	0	98	52	0	2
0	122	0	99	52	0	1
0	122	0	93	51	0	0
0	122	0	94	51	0	3
0	122	0	95	51	0	4
0	122	0	96	51	0	5
0	122	0	97	51	0	7
0	122	0	98	51	0	0
0	122	0	99	51	0	6
0	122	0	100	51	0	5
0	122	0	101	51	0	1
0	122	0	93	50	0	1
0	122	0	94	50	0	1
0	122	0	95	50	0	0
0	122	0	96	50	0	19
0	122	0	97	50	0	5
0	122	0	98	50	0	2
0	122	0	99	50	0	3
0	122	0	100	50	0	7
0	122	0	101	50	0	5
0	122	0	102	50	0	0
0	122	0	93	49	0	5
0	122	0	95	49	0	0
0	122	0	96	49	0	0
0	122	0	98	49	0	13
0	122	0	110	46	0	0
0	123	0	95	73	0	14
0	123	0	95	72	0	4
0	123	0	96	72	0	4
0	123	0	97	72	0	8
0	123	0	98	72	0	8
0	123	0	99	72	0	12
0	123	0	100	72	0	19
0	123	0	90	71	0	7
0	123	0	91	71	0	6
0	123	0	92	71	0	15
0	123	0	93	71	0	5
0	123	0	96	71	0	13
0	123	0	97	71	0	5
0	123	0	98	71	0	14
0	123	0	99	71	0	6
0	123	0	100	71	0	8
0	123	0	101	71	0	11
0	123	0	102	71	0	9
0	123	0	89	70	0	3
0	123	0	90	70	0	8
0	123	0	91	70	0	0
0	123	0	92	70	0	4
0	123	0	95	70	0	3
0	123	0	96	70	0	8
0	123	0	97	70	0	4
0	123	0	98	70	0	9
0	123	0	99	70	0	10
0	123	0	100	70	0	9
0	123	0	101	70	0	10
0	123	0	102	70	0	8
0	123	0	87	69	0	19
0	123	0	88	69	0	10
0	123	0	89	69	0	7
0	123	0	91	69	0	8
0	123	0	92	69	0	10
0	123	0	93	69	0	8
0	123	0	94	69	0	7
0	123	0	95	69	0	15
0	123	0	96	69	0	2
0	123	0	97	69	0	16
0	123	0	98	69	0	11
0	123	0	99	69	0	11
0	123	0	100	69	0	12
0	123	0	101	69	0	18
0	123	0	102	69	0	1
0	123	0	89	68	0	7
0	123	0	90	68	0	5
0	123	0	91	68	0	14
0	123	0	92	68	0	16
0	123	0	93	68	0	5
0	123	0	94	68	0	14
0	123	0	95	68	0	8
0	123	0	96	68	0	10
0	123	0	97	68	0	11
0	123	0	98	68	0	12
0	123	0	99	68	0	9
0	123	0	100	68	0	12
0	123	0	101	68	0	14
0	123	0	102	68	0	6
0	123	0	88	67	0	2
0	123	0	89	67	0	11
0	123	0	90	67	0	2
0	123	0	91	67	0	14
0	123	0	92	67	0	11
0	123	0	93	67	0	9
0	123	0	94	67	0	10
0	123	0	95	67	0	9
0	123	0	96	67	0	9
0	123	0	97	67	0	2
0	123	0	98	67	0	10
0	123	0	99	67	0	19
0	123	0	100	67	0	6
0	123	0	101	67	0	2
0	123	0	102	67	0	1
0	123	0	87	66	0	0
0	123	0	88	66	0	11
0	123	0	89	66	0	15
0	123	0	90	66	0	5
0	123	0	91	66	0	8
0	123	0	92	66	0	9
0	123	0	93	66	0	7
0	123	0	94	66	0	10
0	123	0	95	66	0	8
0	123	0	96	66	0	7
0	123	0	97	66	0	6
0	123	0	98	66	0	5
0	123	0	99	66	0	15
0	123	0	100	66	0	14
0	123	0	101	66	0	2
0	123	0	102	66	0	10
0	123	0	88	65	0	16
0	123	0	89	65	0	15
0	123	0	90	65	0	1
0	123	0	91	65	0	10
0	123	0	92	65	0	2
0	123	0	93	65	0	15
0	123	0	94	65	0	7
0	123	0	95	65	0	7
0	123	0	96	65	0	6
0	123	0	97	65	0	4
0	123	0	98	65	0	2
0	123	0	99	65	0	8
0	123	0	100	65	0	4
0	123	0	101	65	0	2
0	123	0	102	65	0	6
0	123	0	103	65	0	8
0	123	0	88	64	0	4
0	123	0	89	64	0	10
0	123	0	90	64	0	9
0	123	0	93	64	0	16
0	123	0	94	64	0	5
0	123	0	95	64	0	2
0	123	0	96	64	0	9
0	123	0	97	64	0	1
0	123	0	98	64	0	7
0	123	0	99	64	0	1
0	123	0	100	64	0	9
0	123	0	101	64	0	2
0	123	0	102	64	0	2
0	123	0	103	64	0	6
0	123	0	87	63	0	11
0	123	0	88	63	0	6
0	123	0	89	63	0	3
0	123	0	90	63	0	13
0	123	0	92	63	0	12
0	123	0	93	63	0	8
0	123	0	94	63	0	20
0	123	0	95	63	0	6
0	123	0	96	63	0	11
0	123	0	97	63	0	16
0	123	0	98	63	0	9
0	123	0	99	63	0	4
0	123	0	100	63	0	9
0	123	0	101	63	0	4
0	123	0	102	63	0	5
0	123	0	103	63	0	5
0	123	0	87	62	0	10
0	123	0	88	62	0	16
0	123	0	89	62	0	18
0	123	0	90	62	0	11
0	123	0	91	62	0	13
0	123	0	92	62	0	6
0	123	0	93	62	0	16
0	123	0	94	62	0	3
0	123	0	95	62	0	9
0	123	0	96	62	0	6
0	123	0	97	62	0	5
0	123	0	98	62	0	6
0	123	0	99	62	0	5
0	123	0	100	62	0	5
0	123	0	101	62	0	5
0	123	0	102	62	0	6
0	123	0	89	61	0	17
0	123	0	90	61	0	9
0	123	0	91	61	0	8
0	123	0	92	61	0	8
0	123	0	93	61	0	8
0	123	0	94	61	0	8
0	123	0	95	61	0	17
0	123	0	96	61	0	9
0	123	0	97	61	0	1
0	123	0	98	61	0	5
0	123	0	99	61	0	5
0	123	0	100	61	0	0
0	123	0	90	60	0	1
0	123	0	91	60	0	7
0	123	0	92	60	0	18
0	123	0	93	60	0	3
0	123	0	94	60	0	5
0	123	0	95	60	0	8
0	123	0	96	60	0	2
0	123	0	88	59	0	8
0	123	0	89	59	0	13
0	123	0	90	59	0	7
0	123	0	91	59	0	9
0	123	0	92	59	0	5
0	123	0	93	59	0	3
0	123	0	94	59	0	8
0	123	0	95	59	0	3
0	123	0	89	58	0	1
0	123	0	90	58	0	5
0	123	0	91	58	0	3
0	123	0	92	58	0	2
0	123	0	93	58	0	5
0	123	0	94	58	0	5
0	123	0	91	57	0	9
0	123	0	92	57	0	10
0	123	0	93	57	0	8
0	123	0	96	55	0	16
0	123	0	94	54	0	0
0	123	0	95	54	0	0
0	123	0	96	54	0	5
0	123	0	97	54	0	2
0	123	0	101	54	0	0
0	123	0	102	54	0	0
0	123	0	103	54	0	1
0	123	0	104	54	0	0
0	123	0	93	53	0	2
0	123	0	94	53	0	16
0	123	0	95	53	0	11
0	123	0	96	53	0	0
0	123	0	97	53	0	8
0	123	0	101	53	0	9
0	123	0	102	53	0	9
0	123	0	103	53	0	6
0	123	0	104	53	0	0
0	123	0	93	52	0	8
0	123	0	94	52	0	7
0	123	0	95	52	0	0
0	123	0	96	52	0	0
0	123	0	97	52	0	11
0	123	0	98	52	0	2
0	123	0	99	52	0	2
0	123	0	93	51	0	0
0	123	0	94	51	0	5
0	123	0	95	51	0	6
0	123	0	96	51	0	3
0	123	0	97	51	0	10
0	123	0	98	51	0	1
0	123	0	99	51	0	11
0	123	0	100	51	0	9
0	123	0	101	51	0	0
0	123	0	93	50	0	3
0	123	0	94	50	0	1
0	123	0	95	50	0	0
0	123	0	96	50	0	12
0	123	0	97	50	0	4
0	123	0	98	50	0	2
0	123	0	99	50	0	5
0	123	0	100	50	0	5
0	123	0	101	50	0	7
0	123	0	102	50	0	0
0	123	0	93	49	0	4
0	123	0	95	49	0	0
0	123	0	96	49	0	0
0	123	0	98	49	0	10
0	123	0	110	46	0	0
0	124	0	95	73	0	10
0	124	0	95	72	0	6
0	124	0	96	72	0	6
0	124	0	97	72	0	8
0	124	0	98	72	0	13
0	124	0	99	72	0	10
0	124	0	100	72	0	18
0	124	0	90	71	0	6
0	124	0	91	71	0	6
0	124	0	92	71	0	11
0	124	0	93	71	0	6
0	124	0	96	71	0	12
0	124	0	97	71	0	2
0	124	0	98	71	0	14
0	124	0	99	71	0	7
0	124	0	100	71	0	8
0	124	0	101	71	0	7
0	124	0	102	71	0	5
0	124	0	89	70	0	0
0	124	0	90	70	0	5
0	124	0	91	70	0	0
0	124	0	92	70	0	5
0	124	0	95	70	0	5
0	124	0	96	70	0	14
0	124	0	97	70	0	6
0	124	0	98	70	0	3
0	124	0	99	70	0	9
0	124	0	100	70	0	11
0	124	0	101	70	0	8
0	124	0	102	70	0	5
0	124	0	87	69	0	12
0	124	0	88	69	0	14
0	124	0	89	69	0	12
0	124	0	91	69	0	11
0	124	0	92	69	0	13
0	124	0	93	69	0	7
0	124	0	94	69	0	10
0	124	0	95	69	0	13
0	124	0	96	69	0	5
0	124	0	97	69	0	10
0	124	0	98	69	0	10
0	124	0	99	69	0	11
0	124	0	100	69	0	8
0	124	0	101	69	0	6
0	124	0	102	69	0	3
0	124	0	89	68	0	5
0	124	0	90	68	0	5
0	124	0	91	68	0	13
0	124	0	92	68	0	10
0	124	0	93	68	0	8
0	124	0	94	68	0	12
0	124	0	95	68	0	8
0	124	0	96	68	0	5
0	124	0	97	68	0	6
0	124	0	98	68	0	5
0	124	0	99	68	0	12
0	124	0	100	68	0	10
0	124	0	101	68	0	10
0	124	0	102	68	0	2
0	124	0	88	67	0	4
0	124	0	89	67	0	7
0	124	0	90	67	0	2
0	124	0	91	67	0	11
0	124	0	92	67	0	12
0	124	0	93	67	0	13
0	124	0	94	67	0	9
0	124	0	95	67	0	6
0	124	0	96	67	0	6
0	124	0	97	67	0	2
0	124	0	98	67	0	8
0	124	0	99	67	0	13
0	124	0	100	67	0	6
0	124	0	101	67	0	1
0	124	0	102	67	0	1
0	124	0	87	66	0	1
0	124	0	88	66	0	13
0	124	0	89	66	0	11
0	124	0	90	66	0	5
0	124	0	91	66	0	2
0	124	0	92	66	0	14
0	124	0	93	66	0	11
0	124	0	94	66	0	10
0	124	0	95	66	0	12
0	124	0	96	66	0	7
0	124	0	97	66	0	3
0	124	0	98	66	0	11
0	124	0	99	66	0	7
0	124	0	100	66	0	11
0	124	0	101	66	0	7
0	124	0	102	66	0	8
0	124	0	88	65	0	13
0	124	0	89	65	0	7
0	124	0	90	65	0	2
0	124	0	91	65	0	9
0	124	0	92	65	0	2
0	124	0	93	65	0	13
0	124	0	94	65	0	4
0	124	0	95	65	0	7
0	124	0	96	65	0	3
0	124	0	97	65	0	3
0	124	0	98	65	0	0
0	124	0	99	65	0	5
0	124	0	100	65	0	9
0	124	0	101	65	0	8
0	124	0	102	65	0	5
0	124	0	103	65	0	4
0	124	0	88	64	0	4
0	124	0	89	64	0	7
0	124	0	90	64	0	10
0	124	0	93	64	0	9
0	124	0	94	64	0	3
0	124	0	95	64	0	0
0	124	0	96	64	0	6
0	124	0	97	64	0	3
0	124	0	98	64	0	9
0	124	0	99	64	0	0
0	124	0	100	64	0	10
0	124	0	101	64	0	4
0	124	0	102	64	0	2
0	124	0	103	64	0	7
0	124	0	87	63	0	12
0	124	0	88	63	0	1
0	124	0	89	63	0	2
0	124	0	90	63	0	13
0	124	0	92	63	0	8
0	124	0	93	63	0	9
0	124	0	94	63	0	21
0	124	0	95	63	0	10
0	124	0	96	63	0	11
0	124	0	97	63	0	8
0	124	0	98	63	0	9
0	124	0	99	63	0	6
0	124	0	100	63	0	20
0	124	0	101	63	0	6
0	124	0	102	63	0	3
0	124	0	103	63	0	6
0	124	0	87	62	0	8
0	124	0	88	62	0	15
0	124	0	89	62	0	17
0	124	0	90	62	0	11
0	124	0	91	62	0	8
0	124	0	92	62	0	9
0	124	0	93	62	0	16
0	124	0	94	62	0	5
0	124	0	95	62	0	9
0	124	0	96	62	0	8
0	124	0	97	62	0	7
0	124	0	98	62	0	6
0	124	0	99	62	0	5
0	124	0	100	62	0	7
0	124	0	101	62	0	11
0	124	0	102	62	0	3
0	124	0	89	61	0	10
0	124	0	90	61	0	13
0	124	0	91	61	0	6
0	124	0	92	61	0	9
0	124	0	93	61	0	12
0	124	0	94	61	0	9
0	124	0	95	61	0	15
0	124	0	96	61	0	10
0	124	0	97	61	0	0
0	124	0	98	61	0	6
0	124	0	99	61	0	5
0	124	0	100	61	0	0
0	124	0	90	60	0	2
0	124	0	91	60	0	4
0	124	0	92	60	0	5
0	124	0	93	60	0	5
0	124	0	94	60	0	5
0	124	0	95	60	0	9
0	124	0	96	60	0	1
0	124	0	88	59	0	3
0	124	0	89	59	0	7
0	124	0	90	59	0	9
0	124	0	91	59	0	6
0	124	0	92	59	0	5
0	124	0	93	59	0	4
0	124	0	94	59	0	4
0	124	0	95	59	0	3
0	124	0	89	58	0	3
0	124	0	90	58	0	6
0	124	0	91	58	0	10
0	124	0	92	58	0	6
0	124	0	93	58	0	6
0	124	0	94	58	0	9
0	124	0	91	57	0	14
0	124	0	92	57	0	9
0	124	0	93	57	0	6
0	124	0	96	55	0	12
0	124	0	94	54	0	0
0	124	0	95	54	0	0
0	124	0	96	54	0	8
0	124	0	97	54	0	4
0	124	0	101	54	0	0
0	124	0	102	54	0	1
0	124	0	103	54	0	1
0	124	0	104	54	0	0
0	124	0	93	53	0	2
0	124	0	94	53	0	12
0	124	0	95	53	0	4
0	124	0	96	53	0	0
0	124	0	97	53	0	13
0	124	0	101	53	0	10
0	124	0	102	53	0	9
0	124	0	103	53	0	4
0	124	0	104	53	0	0
0	124	0	93	52	0	10
0	124	0	94	52	0	6
0	124	0	95	52	0	2
0	124	0	96	52	0	2
0	124	0	97	52	0	12
0	124	0	98	52	0	1
0	124	0	99	52	0	2
0	124	0	93	51	0	0
0	124	0	94	51	0	5
0	124	0	95	51	0	8
0	124	0	96	51	0	8
0	124	0	97	51	0	9
0	124	0	98	51	0	0
0	124	0	99	51	0	8
0	124	0	100	51	0	7
0	124	0	101	51	0	0
0	124	0	93	50	0	1
0	124	0	94	50	0	0
0	124	0	95	50	0	0
0	124	0	96	50	0	9
0	124	0	97	50	0	5
0	124	0	98	50	0	5
0	124	0	99	50	0	5
0	124	0	100	50	0	3
0	124	0	101	50	0	5
0	124	0	102	50	0	0
0	124	0	93	49	0	3
0	124	0	95	49	0	0
0	124	0	96	49	0	0
0	124	0	98	49	0	5
0	124	0	96	48	0	1
0	124	0	110	46	0	0
0	125	0	95	73	0	6
0	125	0	95	72	0	6
0	125	0	96	72	0	7
0	125	0	97	72	0	9
0	125	0	98	72	0	13
0	125	0	99	72	0	7
0	125	0	100	72	0	11
0	125	0	90	71	0	3
0	125	0	91	71	0	4
0	125	0	92	71	0	13
0	125	0	93	71	0	9
0	125	0	96	71	0	12
0	125	0	97	71	0	5
0	125	0	98	71	0	11
0	125	0	99	71	0	10
0	125	0	100	71	0	8
0	125	0	101	71	0	4
0	125	0	102	71	0	7
0	125	0	89	70	0	0
0	125	0	90	70	0	5
0	125	0	91	70	0	1
0	125	0	92	70	0	5
0	125	0	95	70	0	6
0	125	0	96	70	0	13
0	125	0	97	70	0	10
0	125	0	98	70	0	3
0	125	0	99	70	0	8
0	125	0	100	70	0	12
0	125	0	101	70	0	10
0	125	0	102	70	0	7
0	125	0	87	69	0	13
0	125	0	88	69	0	12
0	125	0	89	69	0	14
0	125	0	91	69	0	9
0	125	0	92	69	0	11
0	125	0	93	69	0	7
0	125	0	94	69	0	9
0	125	0	95	69	0	10
0	125	0	96	69	0	6
0	125	0	97	69	0	8
0	125	0	98	69	0	9
0	125	0	99	69	0	5
0	125	0	100	69	0	9
0	125	0	101	69	0	2
0	125	0	102	69	0	2
0	125	0	89	68	0	10
0	125	0	90	68	0	2
0	125	0	91	68	0	9
0	125	0	92	68	0	9
0	125	0	93	68	0	7
0	125	0	94	68	0	8
0	125	0	95	68	0	5
0	125	0	96	68	0	7
0	125	0	97	68	0	8
0	125	0	98	68	0	4
0	125	0	99	68	0	12
0	125	0	100	68	0	14
0	125	0	101	68	0	6
0	125	0	102	68	0	5
0	125	0	88	67	0	4
0	125	0	89	67	0	7
0	125	0	90	67	0	3
0	125	0	91	67	0	12
0	125	0	92	67	0	11
0	125	0	93	67	0	8
0	125	0	94	67	0	16
0	125	0	95	67	0	7
0	125	0	96	67	0	9
0	125	0	97	67	0	1
0	125	0	98	67	0	10
0	125	0	99	67	0	13
0	125	0	100	67	0	5
0	125	0	101	67	0	2
0	125	0	102	67	0	2
0	125	0	87	66	0	1
0	125	0	88	66	0	9
0	125	0	89	66	0	7
0	125	0	90	66	0	6
0	125	0	91	66	0	3
0	125	0	92	66	0	13
0	125	0	93	66	0	10
0	125	0	94	66	0	14
0	125	0	95	66	0	6
0	125	0	96	66	0	4
0	125	0	97	66	0	5
0	125	0	98	66	0	12
0	125	0	99	66	0	5
0	125	0	100	66	0	14
0	125	0	101	66	0	8
0	125	0	102	66	0	8
0	125	0	88	65	0	14
0	125	0	89	65	0	6
0	125	0	90	65	0	3
0	125	0	91	65	0	10
0	125	0	92	65	0	1
0	125	0	93	65	0	17
0	125	0	94	65	0	4
0	125	0	95	65	0	14
0	125	0	96	65	0	5
0	125	0	97	65	0	3
0	125	0	98	65	0	0
0	125	0	99	65	0	6
0	125	0	100	65	0	7
0	125	0	101	65	0	10
0	125	0	102	65	0	2
0	125	0	103	65	0	4
0	125	0	88	64	0	7
0	125	0	89	64	0	7
0	125	0	90	64	0	10
0	125	0	93	64	0	10
0	125	0	94	64	0	2
0	125	0	95	64	0	0
0	125	0	96	64	0	9
0	125	0	97	64	0	3
0	125	0	98	64	0	9
0	125	0	99	64	0	1
0	125	0	100	64	0	9
0	125	0	101	64	0	5
0	125	0	102	64	0	1
0	125	0	103	64	0	7
0	125	0	87	63	0	6
0	125	0	88	63	0	1
0	125	0	89	63	0	2
0	125	0	90	63	0	10
0	125	0	92	63	0	7
0	125	0	93	63	0	5
0	125	0	94	63	0	7
0	125	0	95	63	0	13
0	125	0	96	63	0	6
0	125	0	97	63	0	12
0	125	0	98	63	0	5
0	125	0	99	63	0	5
0	125	0	100	63	0	17
0	125	0	101	63	0	5
0	125	0	102	63	0	7
0	125	0	103	63	0	2
0	125	0	87	62	0	7
0	125	0	88	62	0	11
0	125	0	89	62	0	12
0	125	0	90	62	0	13
0	125	0	91	62	0	10
0	125	0	92	62	0	11
0	125	0	93	62	0	14
0	125	0	94	62	0	8
0	125	0	95	62	0	9
0	125	0	96	62	0	10
0	125	0	97	62	0	9
0	125	0	98	62	0	3
0	125	0	99	62	0	7
0	125	0	100	62	0	6
0	125	0	101	62	0	11
0	125	0	102	62	0	2
0	125	0	89	61	0	10
0	125	0	90	61	0	14
0	125	0	91	61	0	7
0	125	0	92	61	0	9
0	125	0	93	61	0	14
0	125	0	94	61	0	12
0	125	0	95	61	0	10
0	125	0	96	61	0	10
0	125	0	97	61	0	3
0	125	0	98	61	0	6
0	125	0	99	61	0	8
0	125	0	100	61	0	1
0	125	0	90	60	0	3
0	125	0	91	60	0	7
0	125	0	92	60	0	8
0	125	0	93	60	0	4
0	125	0	94	60	0	6
0	125	0	95	60	0	11
0	125	0	96	60	0	0
0	125	0	88	59	0	3
0	125	0	89	59	0	5
0	125	0	90	59	0	11
0	125	0	91	59	0	5
0	125	0	92	59	0	8
0	125	0	93	59	0	3
0	125	0	94	59	0	5
0	125	0	95	59	0	4
0	125	0	89	58	0	7
0	125	0	90	58	0	7
0	125	0	91	58	0	6
0	125	0	92	58	0	7
0	125	0	93	58	0	9
0	125	0	94	58	0	8
0	125	0	91	57	0	8
0	125	0	92	57	0	4
0	125	0	93	57	0	8
0	125	0	96	55	0	11
0	125	0	94	54	0	0
0	125	0	95	54	0	0
0	125	0	96	54	0	8
0	125	0	97	54	0	5
0	125	0	101	54	0	0
0	125	0	102	54	0	4
0	125	0	103	54	0	2
0	125	0	104	54	0	0
0	125	0	93	53	0	5
0	125	0	94	53	0	10
0	125	0	95	53	0	3
0	125	0	96	53	0	0
0	125	0	97	53	0	14
0	125	0	101	53	0	13
0	125	0	102	53	0	4
0	125	0	103	53	0	2
0	125	0	104	53	0	0
0	125	0	93	52	0	7
0	125	0	94	52	0	7
0	125	0	95	52	0	4
0	125	0	96	52	0	2
0	125	0	97	52	0	16
0	125	0	98	52	0	2
0	125	0	99	52	0	2
0	125	0	93	51	0	1
0	125	0	94	51	0	3
0	125	0	95	51	0	7
0	125	0	96	51	0	8
0	125	0	97	51	0	12
0	125	0	98	51	0	0
0	125	0	99	51	0	8
0	125	0	100	51	0	7
0	125	0	101	51	0	0
0	125	0	93	50	0	0
0	125	0	94	50	0	0
0	125	0	95	50	0	0
0	125	0	96	50	0	12
0	125	0	97	50	0	7
0	125	0	98	50	0	6
0	125	0	99	50	0	4
0	125	0	100	50	0	6
0	125	0	101	50	0	5
0	125	0	102	50	0	0
0	125	0	93	49	0	3
0	125	0	95	49	0	0
0	125	0	96	49	0	0
0	125	0	98	49	0	3
0	125	0	96	48	0	1
0	125	0	110	46	0	0
0	126	0	95	73	0	4
0	126	0	95	72	0	5
0	126	0	96	72	0	8
0	126	0	97	72	0	15
0	126	0	98	72	0	6
0	126	0	99	72	0	7
0	126	0	100	72	0	5
0	126	0	90	71	0	7
0	126	0	91	71	0	12
0	126	0	92	71	0	7
0	126	0	93	71	0	7
0	126	0	96	71	0	12
0	126	0	97	71	0	3
0	126	0	98	71	0	10
0	126	0	99	71	0	6
0	126	0	100	71	0	7
0	126	0	101	71	0	3
0	126	0	102	71	0	7
0	126	0	89	70	0	0
0	126	0	90	70	0	1
0	126	0	91	70	0	0
0	126	0	92	70	0	3
0	126	0	95	70	0	11
0	126	0	96	70	0	9
0	126	0	97	70	0	10
0	126	0	98	70	0	11
0	126	0	99	70	0	7
0	126	0	100	70	0	9
0	126	0	101	70	0	11
0	126	0	102	70	0	9
0	126	0	87	69	0	9
0	126	0	88	69	0	8
0	126	0	89	69	0	14
0	126	0	91	69	0	6
0	126	0	92	69	0	11
0	126	0	93	69	0	6
0	126	0	94	69	0	15
0	126	0	95	69	0	6
0	126	0	96	69	0	9
0	126	0	97	69	0	8
0	126	0	98	69	0	7
0	126	0	99	69	0	8
0	126	0	100	69	0	10
0	126	0	101	69	0	1
0	126	0	102	69	0	7
0	126	0	89	68	0	10
0	126	0	90	68	0	3
0	126	0	91	68	0	7
0	126	0	92	68	0	11
0	126	0	93	68	0	4
0	126	0	94	68	0	9
0	126	0	95	68	0	4
0	126	0	96	68	0	9
0	126	0	97	68	0	6
0	126	0	98	68	0	9
0	126	0	99	68	0	9
0	126	0	100	68	0	12
0	126	0	101	68	0	8
0	126	0	102	68	0	5
0	126	0	88	67	0	5
0	126	0	89	67	0	10
0	126	0	90	67	0	4
0	126	0	91	67	0	13
0	126	0	92	67	0	10
0	126	0	93	67	0	7
0	126	0	94	67	0	16
0	126	0	95	67	0	7
0	126	0	96	67	0	8
0	126	0	97	67	0	3
0	126	0	98	67	0	10
0	126	0	99	67	0	14
0	126	0	100	67	0	7
0	126	0	101	67	0	4
0	126	0	102	67	0	3
0	126	0	87	66	0	2
0	126	0	88	66	0	5
0	126	0	89	66	0	3
0	126	0	90	66	0	11
0	126	0	91	66	0	5
0	126	0	92	66	0	6
0	126	0	93	66	0	12
0	126	0	94	66	0	8
0	126	0	95	66	0	5
0	126	0	96	66	0	7
0	126	0	97	66	0	4
0	126	0	98	66	0	11
0	126	0	99	66	0	6
0	126	0	100	66	0	15
0	126	0	101	66	0	8
0	126	0	102	66	0	10
0	126	0	88	65	0	17
0	126	0	89	65	0	7
0	126	0	90	65	0	4
0	126	0	91	65	0	14
0	126	0	92	65	0	1
0	126	0	93	65	0	12
0	126	0	94	65	0	9
0	126	0	95	65	0	11
0	126	0	96	65	0	7
0	126	0	97	65	0	7
0	126	0	98	65	0	0
0	126	0	99	65	0	2
0	126	0	100	65	0	6
0	126	0	101	65	0	5
0	126	0	102	65	0	3
0	126	0	103	65	0	4
0	126	0	88	64	0	16
0	126	0	89	64	0	4
0	126	0	90	64	0	11
0	126	0	93	64	0	13
0	126	0	94	64	0	4
0	126	0	95	64	0	3
0	126	0	96	64	0	5
0	126	0	97	64	0	6
0	126	0	98	64	0	10
0	126	0	99	64	0	2
0	126	0	100	64	0	12
0	126	0	101	64	0	7
0	126	0	102	64	0	2
0	126	0	103	64	0	6
0	126	0	87	63	0	6
0	126	0	88	63	0	0
0	126	0	89	63	0	0
0	126	0	90	63	0	9
0	126	0	92	63	0	5
0	126	0	93	63	0	4
0	126	0	94	63	0	5
0	126	0	95	63	0	13
0	126	0	96	63	0	8
0	126	0	97	63	0	15
0	126	0	98	63	0	9
0	126	0	99	63	0	1
0	126	0	100	63	0	17
0	126	0	101	63	0	7
0	126	0	102	63	0	5
0	126	0	103	63	0	3
0	126	0	87	62	0	3
0	126	0	88	62	0	16
0	126	0	89	62	0	11
0	126	0	90	62	0	19
0	126	0	91	62	0	10
0	126	0	92	62	0	15
0	126	0	93	62	0	8
0	126	0	94	62	0	12
0	126	0	95	62	0	8
0	126	0	96	62	0	7
0	126	0	97	62	0	10
0	126	0	98	62	0	8
0	126	0	99	62	0	9
0	126	0	100	62	0	6
0	126	0	101	62	0	5
0	126	0	102	62	0	1
0	126	0	89	61	0	9
0	126	0	90	61	0	13
0	126	0	91	61	0	5
0	126	0	92	61	0	8
0	126	0	93	61	0	11
0	126	0	94	61	0	7
0	126	0	95	61	0	4
0	126	0	96	61	0	8
0	126	0	97	61	0	1
0	126	0	98	61	0	3
0	126	0	99	61	0	9
0	126	0	100	61	0	4
0	126	0	90	60	0	3
0	126	0	91	60	0	9
0	126	0	92	60	0	7
0	126	0	93	60	0	6
0	126	0	94	60	0	5
0	126	0	95	60	0	16
0	126	0	96	60	0	0
0	126	0	88	59	0	3
0	126	0	89	59	0	7
0	126	0	90	59	0	13
0	126	0	91	59	0	6
0	126	0	92	59	0	12
0	126	0	93	59	0	3
0	126	0	94	59	0	3
0	126	0	95	59	0	3
0	126	0	89	58	0	6
0	126	0	90	58	0	5
0	126	0	91	58	0	5
0	126	0	92	58	0	7
0	126	0	93	58	0	5
0	126	0	94	58	0	15
0	126	0	91	57	0	8
0	126	0	92	57	0	4
0	126	0	93	57	0	8
0	126	0	96	55	0	6
0	126	0	94	54	0	0
0	126	0	95	54	0	0
0	126	0	96	54	0	12
0	126	0	97	54	0	10
0	126	0	101	54	0	0
0	126	0	102	54	0	7
0	126	0	103	54	0	3
0	126	0	104	54	0	0
0	126	0	93	53	0	4
0	126	0	94	53	0	9
0	126	0	95	53	0	8
0	126	0	96	53	0	1
0	126	0	97	53	0	11
0	126	0	101	53	0	8
0	126	0	102	53	0	3
0	126	0	103	53	0	4
0	126	0	104	53	0	0
0	126	0	93	52	0	10
0	126	0	94	52	0	4
0	126	0	95	52	0	6
0	126	0	96	52	0	4
0	126	0	97	52	0	10
0	126	0	98	52	0	1
0	126	0	99	52	0	5
0	126	0	93	51	0	1
0	126	0	94	51	0	3
0	126	0	95	51	0	10
0	126	0	96	51	0	3
0	126	0	97	51	0	13
0	126	0	98	51	0	0
0	126	0	99	51	0	12
0	126	0	100	51	0	8
0	126	0	101	51	0	1
0	126	0	93	50	0	0
0	126	0	94	50	0	0
0	126	0	95	50	0	0
0	126	0	96	50	0	11
0	126	0	97	50	0	6
0	126	0	98	50	0	8
0	126	0	99	50	0	3
0	126	0	100	50	0	12
0	126	0	101	50	0	2
0	126	0	102	50	0	0
0	126	0	93	49	0	7
0	126	0	95	49	0	0
0	126	0	96	49	0	0
0	126	0	98	49	0	3
0	126	0	96	48	0	2
0	126	0	110	46	0	0
0	127	0	95	73	0	2
0	127	0	95	72	0	4
0	127	0	96	72	0	10
0	127	0	97	72	0	17
0	127	0	98	72	0	7
0	127	0	99	72	0	8
0	127	0	100	72	0	4
0	127	0	90	71	0	6
0	127	0	91	71	0	11
0	127	0	92	71	0	4
0	127	0	93	71	0	5
0	127	0	96	71	0	16
0	127	0	97	71	0	4
0	127	0	98	71	0	8
0	127	0	99	71	0	5
0	127	0	100	71	0	8
0	127	0	101	71	0	2
0	127	0	102	71	0	4
0	127	0	89	70	0	0
0	127	0	90	70	0	1
0	127	0	91	70	0	0
0	127	0	92	70	0	9
0	127	0	95	70	0	9
0	127	0	96	70	0	6
0	127	0	97	70	0	15
0	127	0	98	70	0	12
0	127	0	99	70	0	10
0	127	0	100	70	0	9
0	127	0	101	70	0	5
0	127	0	102	70	0	6
0	127	0	87	69	0	4
0	127	0	88	69	0	8
0	127	0	89	69	0	11
0	127	0	91	69	0	3
0	127	0	92	69	0	15
0	127	0	93	69	0	5
0	127	0	94	69	0	12
0	127	0	95	69	0	6
0	127	0	96	69	0	8
0	127	0	97	69	0	13
0	127	0	98	69	0	7
0	127	0	99	69	0	9
0	127	0	100	69	0	8
0	127	0	101	69	0	2
0	127	0	102	69	0	7
0	127	0	89	68	0	4
0	127	0	90	68	0	3
0	127	0	91	68	0	10
0	127	0	92	68	0	7
0	127	0	93	68	0	5
0	127	0	94	68	0	6
0	127	0	95	68	0	4
0	127	0	96	68	0	8
0	127	0	97	68	0	12
0	127	0	98	68	0	15
0	127	0	99	68	0	5
0	127	0	100	68	0	7
0	127	0	101	68	0	4
0	127	0	102	68	0	5
0	127	0	88	67	0	4
0	127	0	89	67	0	16
0	127	0	90	67	0	5
0	127	0	91	67	0	16
0	127	0	92	67	0	12
0	127	0	93	67	0	8
0	127	0	94	67	0	11
0	127	0	95	67	0	4
0	127	0	96	67	0	7
0	127	0	97	67	0	2
0	127	0	98	67	0	10
0	127	0	99	67	0	10
0	127	0	100	67	0	7
0	127	0	101	67	0	7
0	127	0	102	67	0	1
0	127	0	87	66	0	7
0	127	0	88	66	0	4
0	127	0	89	66	0	3
0	127	0	90	66	0	5
0	127	0	91	66	0	7
0	127	0	92	66	0	5
0	127	0	93	66	0	16
0	127	0	94	66	0	6
0	127	0	95	66	0	5
0	127	0	96	66	0	7
0	127	0	97	66	0	3
0	127	0	98	66	0	5
0	127	0	99	66	0	6
0	127	0	100	66	0	17
0	127	0	101	66	0	8
0	127	0	102	66	0	5
0	127	0	88	65	0	16
0	127	0	89	65	0	6
0	127	0	90	65	0	6
0	127	0	91	65	0	8
0	127	0	92	65	0	0
0	127	0	93	65	0	10
0	127	0	94	65	0	11
0	127	0	95	65	0	10
0	127	0	96	65	0	4
0	127	0	97	65	0	8
0	127	0	98	65	0	1
0	127	0	99	65	0	3
0	127	0	100	65	0	4
0	127	0	101	65	0	4
0	127	0	102	65	0	3
0	127	0	103	65	0	5
0	127	0	88	64	0	11
0	127	0	89	64	0	3
0	127	0	90	64	0	11
0	127	0	93	64	0	10
0	127	0	94	64	0	5
0	127	0	95	64	0	4
0	127	0	96	64	0	4
0	127	0	97	64	0	8
0	127	0	98	64	0	10
0	127	0	99	64	0	2
0	127	0	100	64	0	11
0	127	0	101	64	0	9
0	127	0	102	64	0	1
0	127	0	103	64	0	15
0	127	0	87	63	0	6
0	127	0	88	63	0	0
0	127	0	89	63	0	1
0	127	0	90	63	0	9
0	127	0	92	63	0	6
0	127	0	93	63	0	8
0	127	0	94	63	0	15
0	127	0	95	63	0	10
0	127	0	96	63	0	3
0	127	0	97	63	0	11
0	127	0	98	63	0	14
0	127	0	99	63	0	0
0	127	0	100	63	0	6
0	127	0	101	63	0	9
0	127	0	102	63	0	11
0	127	0	103	63	0	5
0	127	0	87	62	0	1
0	127	0	88	62	0	15
0	127	0	89	62	0	11
0	127	0	90	62	0	20
0	127	0	91	62	0	11
0	127	0	92	62	0	14
0	127	0	93	62	0	8
0	127	0	94	62	0	13
0	127	0	95	62	0	9
0	127	0	96	62	0	9
0	127	0	97	62	0	15
0	127	0	98	62	0	7
0	127	0	99	62	0	8
0	127	0	100	62	0	6
0	127	0	101	62	0	2
0	127	0	102	62	0	3
0	127	0	89	61	0	12
0	127	0	90	61	0	7
0	127	0	91	61	0	7
0	127	0	92	61	0	6
0	127	0	93	61	0	8
0	127	0	94	61	0	9
0	127	0	95	61	0	8
0	127	0	96	61	0	13
0	127	0	97	61	0	2
0	127	0	98	61	0	5
0	127	0	99	61	0	9
0	127	0	100	61	0	5
0	127	0	90	60	0	1
0	127	0	91	60	0	6
0	127	0	92	60	0	8
0	127	0	93	60	0	2
0	127	0	94	60	0	7
0	127	0	95	60	0	8
0	127	0	96	60	0	0
0	127	0	88	59	0	5
0	127	0	89	59	0	5
0	127	0	90	59	0	9
0	127	0	91	59	0	8
0	127	0	92	59	0	11
0	127	0	93	59	0	1
0	127	0	94	59	0	6
0	127	0	95	59	0	7
0	127	0	89	58	0	7
0	127	0	90	58	0	6
0	127	0	91	58	0	11
0	127	0	92	58	0	4
0	127	0	93	58	0	4
0	127	0	94	58	0	13
0	127	0	91	57	0	8
0	127	0	92	57	0	7
0	127	0	93	57	0	6
0	127	0	96	55	0	8
0	127	0	94	54	0	0
0	127	0	95	54	0	0
0	127	0	96	54	0	9
0	127	0	97	54	0	5
0	127	0	101	54	0	0
0	127	0	102	54	0	7
0	127	0	103	54	0	7
0	127	0	104	54	0	0
0	127	0	93	53	0	7
0	127	0	94	53	0	9
0	127	0	95	53	0	9
0	127	0	96	53	0	2
0	127	0	97	53	0	9
0	127	0	101	53	0	8
0	127	0	102	53	0	3
0	127	0	103	53	0	11
0	127	0	104	53	0	0
0	127	0	93	52	0	6
0	127	0	94	52	0	5
0	127	0	95	52	0	9
0	127	0	96	52	0	5
0	127	0	97	52	0	10
0	127	0	98	52	0	1
0	127	0	99	52	0	5
0	127	0	93	51	0	2
0	127	0	94	51	0	5
0	127	0	95	51	0	5
0	127	0	96	51	0	5
0	127	0	97	51	0	7
0	127	0	98	51	0	2
0	127	0	99	51	0	6
0	127	0	100	51	0	10
0	127	0	101	51	0	4
0	127	0	93	50	0	0
0	127	0	94	50	0	0
0	127	0	95	50	0	0
0	127	0	96	50	0	15
0	127	0	97	50	0	10
0	127	0	98	50	0	9
0	127	0	99	50	0	4
0	127	0	100	50	0	10
0	127	0	101	50	0	3
0	127	0	102	50	0	0
0	127	0	93	49	0	7
0	127	0	95	49	0	0
0	127	0	96	49	0	0
0	127	0	98	49	0	1
0	127	0	96	48	0	2
0	127	0	110	46	0	0
0	128	0	95	73	0	1
0	128	0	95	72	0	10
0	128	0	96	72	0	8
0	128	0	97	72	0	10
0	128	0	98	72	0	11
0	128	0	99	72	0	6
0	128	0	100	72	0	4
0	128	0	90	71	0	12
0	128	0	91	71	0	17
0	128	0	92	71	0	4
0	128	0	93	71	0	3
0	128	0	96	71	0	11
0	128	0	97	71	0	3
0	128	0	98	71	0	9
0	128	0	99	71	0	1
0	128	0	100	71	0	13
0	128	0	101	71	0	2
0	128	0	102	71	0	5
0	128	0	89	70	0	1
0	128	0	90	70	0	2
0	128	0	91	70	0	0
0	128	0	92	70	0	10
0	128	0	95	70	0	7
0	128	0	96	70	0	4
0	128	0	97	70	0	9
0	128	0	98	70	0	14
0	128	0	99	70	0	9
0	128	0	100	70	0	12
0	128	0	101	70	0	9
0	128	0	102	70	0	6
0	128	0	87	69	0	4
0	128	0	88	69	0	14
0	128	0	89	69	0	11
0	128	0	91	69	0	3
0	128	0	92	69	0	10
0	128	0	93	69	0	7
0	128	0	94	69	0	14
0	128	0	95	69	0	5
0	128	0	96	69	0	16
0	128	0	97	69	0	12
0	128	0	98	69	0	9
0	128	0	99	69	0	12
0	128	0	100	69	0	11
0	128	0	101	69	0	2
0	128	0	102	69	0	7
0	128	0	89	68	0	5
0	128	0	90	68	0	3
0	128	0	91	68	0	8
0	128	0	92	68	0	4
0	128	0	93	68	0	9
0	128	0	94	68	0	4
0	128	0	95	68	0	5
0	128	0	96	68	0	7
0	128	0	97	68	0	6
0	128	0	98	68	0	11
0	128	0	99	68	0	4
0	128	0	100	68	0	8
0	128	0	101	68	0	6
0	128	0	102	68	0	4
0	128	0	88	67	0	9
0	128	0	89	67	0	13
0	128	0	90	67	0	2
0	128	0	91	67	0	11
0	128	0	92	67	0	10
0	128	0	93	67	0	11
0	128	0	94	67	0	10
0	128	0	95	67	0	8
0	128	0	96	67	0	3
0	128	0	97	67	0	2
0	128	0	98	67	0	19
0	128	0	99	67	0	9
0	128	0	100	67	0	6
0	128	0	101	67	0	7
0	128	0	102	67	0	3
0	128	0	87	66	0	11
0	128	0	88	66	0	6
0	128	0	89	66	0	5
0	128	0	90	66	0	4
0	128	0	91	66	0	8
0	128	0	92	66	0	3
0	128	0	93	66	0	12
0	128	0	94	66	0	10
0	128	0	95	66	0	6
0	128	0	96	66	0	7
0	128	0	97	66	0	5
0	128	0	98	66	0	6
0	128	0	99	66	0	5
0	128	0	100	66	0	16
0	128	0	101	66	0	11
0	128	0	102	66	0	10
0	128	0	88	65	0	11
0	128	0	89	65	0	7
0	128	0	90	65	0	7
0	128	0	91	65	0	3
0	128	0	92	65	0	1
0	128	0	93	65	0	9
0	128	0	94	65	0	18
0	128	0	95	65	0	8
0	128	0	96	65	0	5
0	128	0	97	65	0	10
0	128	0	98	65	0	1
0	128	0	99	65	0	4
0	128	0	100	65	0	6
0	128	0	101	65	0	4
0	128	0	102	65	0	5
0	128	0	103	65	0	8
0	128	0	88	64	0	10
0	128	0	89	64	0	3
0	128	0	90	64	0	17
0	128	0	93	64	0	10
0	128	0	94	64	0	6
0	128	0	95	64	0	5
0	128	0	96	64	0	5
0	128	0	97	64	0	10
0	128	0	98	64	0	11
0	128	0	99	64	0	0
0	128	0	100	64	0	10
0	128	0	101	64	0	10
0	128	0	102	64	0	4
0	128	0	103	64	0	11
0	128	0	87	63	0	10
0	128	0	88	63	0	0
0	128	0	89	63	0	3
0	128	0	90	63	0	13
0	128	0	92	63	0	15
0	128	0	93	63	0	7
0	128	0	94	63	0	16
0	128	0	95	63	0	11
0	128	0	96	63	0	3
0	128	0	97	63	0	13
0	128	0	98	63	0	8
0	128	0	99	63	0	0
0	128	0	100	63	0	10
0	128	0	101	63	0	7
0	128	0	102	63	0	11
0	128	0	103	63	0	3
0	128	0	87	62	0	0
0	128	0	88	62	0	7
0	128	0	89	62	0	14
0	128	0	90	62	0	11
0	128	0	91	62	0	10
0	128	0	92	62	0	14
0	128	0	93	62	0	12
0	128	0	94	62	0	18
0	128	0	95	62	0	13
0	128	0	96	62	0	10
0	128	0	97	62	0	9
0	128	0	98	62	0	9
0	128	0	99	62	0	5
0	128	0	100	62	0	9
0	128	0	101	62	0	5
0	128	0	102	62	0	1
0	128	0	89	61	0	18
0	128	0	90	61	0	5
0	128	0	91	61	0	7
0	128	0	92	61	0	12
0	128	0	93	61	0	10
0	128	0	94	61	0	13
0	128	0	95	61	0	8
0	128	0	96	61	0	10
0	128	0	97	61	0	2
0	128	0	98	61	0	8
0	128	0	99	61	0	9
0	128	0	100	61	0	7
0	128	0	90	60	0	1
0	128	0	91	60	0	9
0	128	0	92	60	0	10
0	128	0	93	60	0	5
0	128	0	94	60	0	5
0	128	0	95	60	0	7
0	128	0	96	60	0	1
0	128	0	88	59	0	9
0	128	0	89	59	0	4
0	128	0	90	59	0	10
0	128	0	91	59	0	13
0	128	0	92	59	0	17
0	128	0	93	59	0	1
0	128	0	94	59	0	5
0	128	0	95	59	0	5
0	128	0	89	58	0	8
0	128	0	90	58	0	10
0	128	0	91	58	0	8
0	128	0	92	58	0	2
0	128	0	93	58	0	4
0	128	0	94	58	0	11
0	128	0	91	57	0	6
0	128	0	92	57	0	10
0	128	0	93	57	0	5
0	128	0	96	55	0	6
0	128	0	94	54	0	1
0	128	0	95	54	0	0
0	128	0	96	54	0	3
0	128	0	97	54	0	8
0	128	0	101	54	0	0
0	128	0	102	54	0	5
0	128	0	103	54	0	5
0	128	0	104	54	0	0
0	128	0	93	53	0	10
0	128	0	94	53	0	10
0	128	0	95	53	0	12
0	128	0	96	53	0	5
0	128	0	97	53	0	5
0	128	0	101	53	0	12
0	128	0	102	53	0	3
0	128	0	103	53	0	12
0	128	0	104	53	0	0
0	128	0	93	52	0	7
0	128	0	94	52	0	5
0	128	0	95	52	0	7
0	128	0	96	52	0	7
0	128	0	97	52	0	9
0	128	0	98	52	0	4
0	128	0	99	52	0	6
0	128	0	93	51	0	1
0	128	0	94	51	0	3
0	128	0	95	51	0	7
0	128	0	96	51	0	7
0	128	0	97	51	0	7
0	128	0	98	51	0	3
0	128	0	99	51	0	7
0	128	0	100	51	0	7
0	128	0	101	51	0	7
0	128	0	93	50	0	0
0	128	0	94	50	0	0
0	128	0	95	50	0	1
0	128	0	96	50	0	14
0	128	0	97	50	0	13
0	128	0	98	50	0	5
0	128	0	99	50	0	7
0	128	0	100	50	0	9
0	128	0	101	50	0	1
0	128	0	102	50	0	0
0	128	0	93	49	0	3
0	128	0	95	49	0	0
0	128	0	96	49	0	0
0	128	0	98	49	0	1
0	128	0	96	48	0	2
0	128	0	110	46	0	0
0	129	0	95	73	0	1
0	129	0	95	72	0	8
0	129	0	96	72	0	10
0	129	0	97	72	0	10
0	129	0	98	72	0	7
0	129	0	99	72	0	4
0	129	0	100	72	0	6
0	129	0	90	71	0	6
0	129	0	91	71	0	9
0	129	0	92	71	0	8
0	129	0	93	71	0	3
0	129	0	96	71	0	8
0	129	0	97	71	0	6
0	129	0	98	71	0	7
0	129	0	99	71	0	1
0	129	0	100	71	0	8
0	129	0	101	71	0	0
0	129	0	102	71	0	3
0	129	0	89	70	0	3
0	129	0	90	70	0	0
0	129	0	91	70	0	1
0	129	0	92	70	0	9
0	129	0	95	70	0	11
0	129	0	96	70	0	7
0	129	0	97	70	0	9
0	129	0	98	70	0	8
0	129	0	99	70	0	8
0	129	0	100	70	0	15
0	129	0	101	70	0	11
0	129	0	102	70	0	8
0	129	0	87	69	0	3
0	129	0	88	69	0	11
0	129	0	89	69	0	8
0	129	0	91	69	0	5
0	129	0	92	69	0	7
0	129	0	93	69	0	4
0	129	0	94	69	0	12
0	129	0	95	69	0	7
0	129	0	96	69	0	16
0	129	0	97	69	0	15
0	129	0	98	69	0	7
0	129	0	99	69	0	8
0	129	0	100	69	0	7
0	129	0	101	69	0	3
0	129	0	102	69	0	6
0	129	0	89	68	0	7
0	129	0	90	68	0	5
0	129	0	91	68	0	10
0	129	0	92	68	0	6
0	129	0	93	68	0	9
0	129	0	94	68	0	8
0	129	0	95	68	0	2
0	129	0	96	68	0	9
0	129	0	97	68	0	12
0	129	0	98	68	0	10
0	129	0	99	68	0	5
0	129	0	100	68	0	6
0	129	0	101	68	0	5
0	129	0	102	68	0	3
0	129	0	88	67	0	9
0	129	0	89	67	0	5
0	129	0	90	67	0	0
0	129	0	91	67	0	13
0	129	0	92	67	0	10
0	129	0	93	67	0	13
0	129	0	94	67	0	11
0	129	0	95	67	0	5
0	129	0	96	67	0	8
0	129	0	97	67	0	3
0	129	0	98	67	0	14
0	129	0	99	67	0	6
0	129	0	100	67	0	13
0	129	0	101	67	0	12
0	129	0	102	67	0	4
0	129	0	87	66	0	13
0	129	0	88	66	0	5
0	129	0	89	66	0	2
0	129	0	90	66	0	5
0	129	0	91	66	0	10
0	129	0	92	66	0	3
0	129	0	93	66	0	11
0	129	0	94	66	0	13
0	129	0	95	66	0	10
0	129	0	96	66	0	6
0	129	0	97	66	0	2
0	129	0	98	66	0	6
0	129	0	99	66	0	6
0	129	0	100	66	0	16
0	129	0	101	66	0	9
0	129	0	102	66	0	8
0	129	0	88	65	0	14
0	129	0	89	65	0	7
0	129	0	90	65	0	9
0	129	0	91	65	0	8
0	129	0	92	65	0	0
0	129	0	93	65	0	12
0	129	0	94	65	0	20
0	129	0	95	65	0	9
0	129	0	96	65	0	7
0	129	0	97	65	0	11
0	129	0	98	65	0	5
0	129	0	99	65	0	2
0	129	0	100	65	0	3
0	129	0	101	65	0	8
0	129	0	102	65	0	10
0	129	0	103	65	0	4
0	129	0	88	64	0	7
0	129	0	89	64	0	1
0	129	0	90	64	0	11
0	129	0	93	64	0	11
0	129	0	94	64	0	7
0	129	0	95	64	0	10
0	129	0	96	64	0	9
0	129	0	97	64	0	9
0	129	0	98	64	0	11
0	129	0	99	64	0	0
0	129	0	100	64	0	8
0	129	0	101	64	0	7
0	129	0	102	64	0	3
0	129	0	103	64	0	10
0	129	0	87	63	0	6
0	129	0	88	63	0	2
0	129	0	89	63	0	5
0	129	0	90	63	0	8
0	129	0	92	63	0	14
0	129	0	93	63	0	14
0	129	0	94	63	0	15
0	129	0	95	63	0	8
0	129	0	96	63	0	2
0	129	0	97	63	0	21
0	129	0	98	63	0	12
0	129	0	99	63	0	0
0	129	0	100	63	0	10
0	129	0	101	63	0	12
0	129	0	102	63	0	14
0	129	0	103	63	0	3
0	129	0	87	62	0	0
0	129	0	88	62	0	5
0	129	0	89	62	0	18
0	129	0	90	62	0	8
0	129	0	91	62	0	8
0	129	0	92	62	0	17
0	129	0	93	62	0	19
0	129	0	94	62	0	16
0	129	0	95	62	0	15
0	129	0	96	62	0	2
0	129	0	97	62	0	10
0	129	0	98	62	0	5
0	129	0	99	62	0	3
0	129	0	100	62	0	4
0	129	0	101	62	0	7
0	129	0	102	62	0	0
0	129	0	89	61	0	21
0	129	0	90	61	0	8
0	129	0	91	61	0	5
0	129	0	92	61	0	14
0	129	0	93	61	0	9
0	129	0	94	61	0	12
0	129	0	95	61	0	11
0	129	0	96	61	0	10
0	129	0	97	61	0	1
0	129	0	98	61	0	8
0	129	0	99	61	0	7
0	129	0	100	61	0	8
0	129	0	90	60	0	2
0	129	0	91	60	0	12
0	129	0	92	60	0	9
0	129	0	93	60	0	2
0	129	0	94	60	0	3
0	129	0	95	60	0	7
0	129	0	96	60	0	2
0	129	0	88	59	0	6
0	129	0	89	59	0	4
0	129	0	90	59	0	10
0	129	0	91	59	0	10
0	129	0	92	59	0	15
0	129	0	93	59	0	2
0	129	0	94	59	0	5
0	129	0	95	59	0	7
0	129	0	89	58	0	4
0	129	0	90	58	0	14
0	129	0	91	58	0	13
0	129	0	92	58	0	2
0	129	0	93	58	0	6
0	129	0	94	58	0	8
0	129	0	91	57	0	5
0	129	0	92	57	0	15
0	129	0	93	57	0	1
0	129	0	96	55	0	5
0	129	0	94	54	0	0
0	129	0	95	54	0	1
0	129	0	96	54	0	3
0	129	0	97	54	0	13
0	129	0	101	54	0	0
0	129	0	102	54	0	1
0	129	0	103	54	0	8
0	129	0	104	54	0	0
0	129	0	93	53	0	10
0	129	0	94	53	0	8
0	129	0	95	53	0	7
0	129	0	96	53	0	6
0	129	0	97	53	0	6
0	129	0	101	53	0	6
0	129	0	102	53	0	3
0	129	0	103	53	0	6
0	129	0	104	53	0	0
0	129	0	93	52	0	7
0	129	0	94	52	0	1
0	129	0	95	52	0	5
0	129	0	96	52	0	8
0	129	0	97	52	0	12
0	129	0	98	52	0	1
0	129	0	99	52	0	5
0	129	0	93	51	0	1
0	129	0	94	51	0	5
0	129	0	95	51	0	10
0	129	0	96	51	0	5
0	129	0	97	51	0	7
0	129	0	98	51	0	2
0	129	0	99	51	0	5
0	129	0	100	51	0	7
0	129	0	101	51	0	7
0	129	0	93	50	0	0
0	129	0	94	50	0	0
0	129	0	95	50	0	1
0	129	0	96	50	0	21
0	129	0	97	50	0	9
0	129	0	98	50	0	10
0	129	0	99	50	0	5
0	129	0	100	50	0	5
0	129	0	101	50	0	1
0	129	0	102	50	0	0
0	129	0	93	49	0	3
0	129	0	95	49	0	0
0	129	0	96	49	0	0
0	129	0	98	49	0	3
0	129	0	96	48	0	2
0	129	0	110	46	0	0
0	130	0	95	73	0	1
0	130	0	95	72	0	8
0	130	0	96	72	0	8
0	130	0	97	72	0	10
0	130	0	98	72	0	5
0	130	0	99	72	0	5
0	130	0	100	72	0	5
0	130	0	90	71	0	4
0	130	0	91	71	0	12
0	130	0	92	71	0	7
0	130	0	93	71	0	2
0	130	0	96	71	0	7
0	130	0	97	71	0	13
0	130	0	98	71	0	7
0	130	0	99	71	0	3
0	130	0	100	71	0	12
0	130	0	101	71	0	0
0	130	0	102	71	0	4
0	130	0	89	70	0	3
0	130	0	90	70	0	1
0	130	0	91	70	0	4
0	130	0	92	70	0	9
0	130	0	95	70	0	12
0	130	0	96	70	0	1
0	130	0	97	70	0	8
0	130	0	98	70	0	13
0	130	0	99	70	0	5
0	130	0	100	70	0	19
0	130	0	101	70	0	12
0	130	0	102	70	0	5
0	130	0	87	69	0	4
0	130	0	88	69	0	14
0	130	0	89	69	0	9
0	130	0	91	69	0	1
0	130	0	92	69	0	6
0	130	0	93	69	0	3
0	130	0	94	69	0	10
0	130	0	95	69	0	10
0	130	0	96	69	0	9
0	130	0	97	69	0	18
0	130	0	98	69	0	6
0	130	0	99	69	0	8
0	130	0	100	69	0	10
0	130	0	101	69	0	5
0	130	0	102	69	0	14
0	130	0	89	68	0	5
0	130	0	90	68	0	4
0	130	0	91	68	0	10
0	130	0	92	68	0	3
0	130	0	93	68	0	7
0	130	0	94	68	0	8
0	130	0	95	68	0	4
0	130	0	96	68	0	9
0	130	0	97	68	0	13
0	130	0	98	68	0	7
0	130	0	99	68	0	7
0	130	0	100	68	0	10
0	130	0	101	68	0	6
0	130	0	102	68	0	2
0	130	0	88	67	0	12
0	130	0	89	67	0	3
0	130	0	90	67	0	0
0	130	0	91	67	0	9
0	130	0	92	67	0	7
0	130	0	93	67	0	12
0	130	0	94	67	0	18
0	130	0	95	67	0	6
0	130	0	96	67	0	7
0	130	0	97	67	0	9
0	130	0	98	67	0	15
0	130	0	99	67	0	7
0	130	0	100	67	0	9
0	130	0	101	67	0	5
0	130	0	102	67	0	2
0	130	0	87	66	0	13
0	130	0	88	66	0	3
0	130	0	89	66	0	5
0	130	0	90	66	0	6
0	130	0	91	66	0	8
0	130	0	92	66	0	6
0	130	0	93	66	0	9
0	130	0	94	66	0	9
0	130	0	95	66	0	14
0	130	0	96	66	0	8
0	130	0	97	66	0	4
0	130	0	98	66	0	6
0	130	0	99	66	0	10
0	130	0	100	66	0	13
0	130	0	101	66	0	7
0	130	0	102	66	0	11
0	130	0	88	65	0	7
0	130	0	89	65	0	4
0	130	0	90	65	0	13
0	130	0	91	65	0	5
0	130	0	92	65	0	1
0	130	0	93	65	0	10
0	130	0	94	65	0	19
0	130	0	95	65	0	11
0	130	0	96	65	0	9
0	130	0	97	65	0	9
0	130	0	98	65	0	6
0	130	0	99	65	0	3
0	130	0	100	65	0	3
0	130	0	101	65	0	10
0	130	0	102	65	0	7
0	130	0	103	65	0	8
0	130	0	88	64	0	9
0	130	0	89	64	0	3
0	130	0	90	64	0	13
0	130	0	93	64	0	12
0	130	0	94	64	0	12
0	130	0	95	64	0	11
0	130	0	96	64	0	12
0	130	0	97	64	0	9
0	130	0	98	64	0	9
0	130	0	99	64	0	1
0	130	0	100	64	0	6
0	130	0	101	64	0	7
0	130	0	102	64	0	5
0	130	0	103	64	0	8
0	130	0	87	63	0	6
0	130	0	88	63	0	3
0	130	0	89	63	0	7
0	130	0	90	63	0	9
0	130	0	92	63	0	16
0	130	0	93	63	0	11
0	130	0	94	63	0	7
0	130	0	95	63	0	7
0	130	0	96	63	0	3
0	130	0	97	63	0	16
0	130	0	98	63	0	16
0	130	0	99	63	0	0
0	130	0	100	63	0	7
0	130	0	101	63	0	8
0	130	0	102	63	0	19
0	130	0	103	63	0	8
0	130	0	87	62	0	0
0	130	0	88	62	0	7
0	130	0	89	62	0	15
0	130	0	90	62	0	6
0	130	0	91	62	0	14
0	130	0	92	62	0	16
0	130	0	93	62	0	12
0	130	0	94	62	0	10
0	130	0	95	62	0	18
0	130	0	96	62	0	2
0	130	0	97	62	0	6
0	130	0	98	62	0	9
0	130	0	99	62	0	9
0	130	0	100	62	0	6
0	130	0	101	62	0	10
0	130	0	102	62	0	0
0	130	0	89	61	0	17
0	130	0	90	61	0	3
0	130	0	91	61	0	8
0	130	0	92	61	0	8
0	130	0	93	61	0	12
0	130	0	94	61	0	8
0	130	0	95	61	0	7
0	130	0	96	61	0	7
0	130	0	97	61	0	6
0	130	0	98	61	0	14
0	130	0	99	61	0	7
0	130	0	100	61	0	8
0	130	0	90	60	0	5
0	130	0	91	60	0	10
0	130	0	92	60	0	14
0	130	0	93	60	0	5
0	130	0	94	60	0	6
0	130	0	95	60	0	4
0	130	0	96	60	0	1
0	130	0	88	59	0	5
0	130	0	89	59	0	6
0	130	0	90	59	0	8
0	130	0	91	59	0	8
0	130	0	92	59	0	15
0	130	0	93	59	0	1
0	130	0	94	59	0	7
0	130	0	95	59	0	7
0	130	0	89	58	0	7
0	130	0	90	58	0	9
0	130	0	91	58	0	14
0	130	0	92	58	0	5
0	130	0	93	58	0	4
0	130	0	94	58	0	4
0	130	0	91	57	0	4
0	130	0	92	57	0	12
0	130	0	93	57	0	0
0	130	0	96	55	0	6
0	130	0	94	54	0	1
0	130	0	95	54	0	2
0	130	0	96	54	0	7
0	130	0	97	54	0	14
0	130	0	101	54	0	0
0	130	0	102	54	0	1
0	130	0	103	54	0	7
0	130	0	104	54	0	0
0	130	0	93	53	0	10
0	130	0	94	53	0	8
0	130	0	95	53	0	13
0	130	0	96	53	0	8
0	130	0	97	53	0	5
0	130	0	101	53	0	8
0	130	0	102	53	0	2
0	130	0	103	53	0	9
0	130	0	104	53	0	0
0	130	0	105	53	0	1
0	130	0	93	52	0	5
0	130	0	94	52	0	1
0	130	0	95	52	0	7
0	130	0	96	52	0	5
0	130	0	97	52	0	10
0	130	0	98	52	0	0
0	130	0	99	52	0	8
0	130	0	93	51	0	2
0	130	0	94	51	0	7
0	130	0	95	51	0	9
0	130	0	96	51	0	3
0	130	0	97	51	0	5
0	130	0	98	51	0	3
0	130	0	99	51	0	5
0	130	0	100	51	0	8
0	130	0	101	51	0	6
0	130	0	93	50	0	0
0	130	0	94	50	0	0
0	130	0	95	50	0	3
0	130	0	96	50	0	14
0	130	0	97	50	0	7
0	130	0	98	50	0	3
0	130	0	99	50	0	5
0	130	0	100	50	0	8
0	130	0	101	50	0	3
0	130	0	102	50	0	0
0	130	0	93	49	0	4
0	130	0	95	49	0	0
0	130	0	96	49	0	0
0	130	0	98	49	0	6
0	130	0	96	48	0	3
0	130	0	110	46	0	0
0	131	0	95	73	0	2
0	131	0	95	72	0	9
0	131	0	96	72	0	6
0	131	0	97	72	0	6
0	131	0	98	72	0	3
0	131	0	99	72	0	9
0	131	0	100	72	0	3
0	131	0	90	71	0	7
0	131	0	91	71	0	13
0	131	0	92	71	0	6
0	131	0	93	71	0	1
0	131	0	96	71	0	6
0	131	0	97	71	0	4
0	131	0	98	71	0	8
0	131	0	99	71	0	4
0	131	0	100	71	0	13
0	131	0	101	71	0	0
0	131	0	102	71	0	3
0	131	0	89	70	0	2
0	131	0	90	70	0	1
0	131	0	91	70	0	8
0	131	0	92	70	0	17
0	131	0	95	70	0	13
0	131	0	96	70	0	1
0	131	0	97	70	0	7
0	131	0	98	70	0	18
0	131	0	99	70	0	6
0	131	0	100	70	0	13
0	131	0	101	70	0	9
0	131	0	102	70	0	6
0	131	0	87	69	0	6
0	131	0	88	69	0	8
0	131	0	89	69	0	8
0	131	0	91	69	0	4
0	131	0	92	69	0	7
0	131	0	93	69	0	4
0	131	0	94	69	0	8
0	131	0	95	69	0	11
0	131	0	96	69	0	6
0	131	0	97	69	0	14
0	131	0	98	69	0	4
0	131	0	99	69	0	9
0	131	0	100	69	0	7
0	131	0	101	69	0	2
0	131	0	102	69	0	14
0	131	0	89	68	0	4
0	131	0	90	68	0	6
0	131	0	91	68	0	14
0	131	0	92	68	0	7
0	131	0	93	68	0	9
0	131	0	94	68	0	12
0	131	0	95	68	0	11
0	131	0	96	68	0	7
0	131	0	97	68	0	14
0	131	0	98	68	0	10
0	131	0	99	68	0	11
0	131	0	100	68	0	14
0	131	0	101	68	0	5
0	131	0	102	68	0	1
0	131	0	88	67	0	14
0	131	0	89	67	0	2
0	131	0	90	67	0	0
0	131	0	91	67	0	14
0	131	0	92	67	0	8
0	131	0	93	67	0	12
0	131	0	94	67	0	17
0	131	0	95	67	0	9
0	131	0	96	67	0	6
0	131	0	97	67	0	10
0	131	0	98	67	0	17
0	131	0	99	67	0	7
0	131	0	100	67	0	9
0	131	0	101	67	0	2
0	131	0	102	67	0	5
0	131	0	87	66	0	10
0	131	0	88	66	0	1
0	131	0	89	66	0	8
0	131	0	90	66	0	6
0	131	0	91	66	0	7
0	131	0	92	66	0	5
0	131	0	93	66	0	11
0	131	0	94	66	0	11
0	131	0	95	66	0	8
0	131	0	96	66	0	9
0	131	0	97	66	0	2
0	131	0	98	66	0	9
0	131	0	99	66	0	7
0	131	0	100	66	0	8
0	131	0	101	66	0	4
0	131	0	102	66	0	12
0	131	0	88	65	0	9
0	131	0	89	65	0	8
0	131	0	90	65	0	10
0	131	0	91	65	0	7
0	131	0	92	65	0	1
0	131	0	93	65	0	10
0	131	0	94	65	0	6
0	131	0	95	65	0	7
0	131	0	96	65	0	4
0	131	0	97	65	0	10
0	131	0	98	65	0	6
0	131	0	99	65	0	2
0	131	0	100	65	0	3
0	131	0	101	65	0	10
0	131	0	102	65	0	8
0	131	0	103	65	0	10
0	131	0	88	64	0	7
0	131	0	89	64	0	5
0	131	0	90	64	0	8
0	131	0	93	64	0	12
0	131	0	94	64	0	10
0	131	0	95	64	0	7
0	131	0	96	64	0	11
0	131	0	97	64	0	9
0	131	0	98	64	0	11
0	131	0	99	64	0	2
0	131	0	100	64	0	5
0	131	0	101	64	0	6
0	131	0	102	64	0	5
0	131	0	103	64	0	4
0	131	0	87	63	0	7
0	131	0	88	63	0	3
0	131	0	89	63	0	4
0	131	0	90	63	0	5
0	131	0	92	63	0	14
0	131	0	93	63	0	15
0	131	0	94	63	0	3
0	131	0	95	63	0	8
0	131	0	96	63	0	6
0	131	0	97	63	0	15
0	131	0	98	63	0	18
0	131	0	99	63	0	0
0	131	0	100	63	0	10
0	131	0	101	63	0	6
0	131	0	102	63	0	11
0	131	0	103	63	0	5
0	131	0	87	62	0	0
0	131	0	88	62	0	8
0	131	0	89	62	0	10
0	131	0	90	62	0	7
0	131	0	91	62	0	14
0	131	0	92	62	0	17
0	131	0	93	62	0	13
0	131	0	94	62	0	9
0	131	0	95	62	0	11
0	131	0	96	62	0	5
0	131	0	97	62	0	5
0	131	0	98	62	0	12
0	131	0	99	62	0	9
0	131	0	100	62	0	7
0	131	0	101	62	0	9
0	131	0	102	62	0	0
0	131	0	89	61	0	17
0	131	0	90	61	0	6
0	131	0	91	61	0	10
0	131	0	92	61	0	8
0	131	0	93	61	0	16
0	131	0	94	61	0	7
0	131	0	95	61	0	7
0	131	0	96	61	0	12
0	131	0	97	61	0	2
0	131	0	98	61	0	10
0	131	0	99	61	0	7
0	131	0	100	61	0	9
0	131	0	90	60	0	12
0	131	0	91	60	0	8
0	131	0	92	60	0	10
0	131	0	93	60	0	10
0	131	0	94	60	0	2
0	131	0	95	60	0	5
0	131	0	96	60	0	3
0	131	0	88	59	0	5
0	131	0	89	59	0	7
0	131	0	90	59	0	4
0	131	0	91	59	0	3
0	131	0	92	59	0	12
0	131	0	93	59	0	1
0	131	0	94	59	0	10
0	131	0	95	59	0	8
0	131	0	89	58	0	4
0	131	0	90	58	0	4
0	131	0	91	58	0	11
0	131	0	92	58	0	9
0	131	0	93	58	0	6
0	131	0	94	58	0	3
0	131	0	91	57	0	6
0	131	0	92	57	0	13
0	131	0	93	57	0	0
0	131	0	96	55	0	5
0	131	0	94	54	0	3
0	131	0	95	54	0	2
0	131	0	96	54	0	8
0	131	0	97	54	0	8
0	131	0	101	54	0	0
0	131	0	102	54	0	1
0	131	0	103	54	0	8
0	131	0	104	54	0	0
0	131	0	93	53	0	6
0	131	0	94	53	0	11
0	131	0	95	53	0	8
0	131	0	96	53	0	6
0	131	0	97	53	0	4
0	131	0	101	53	0	8
0	131	0	102	53	0	4
0	131	0	103	53	0	6
0	131	0	104	53	0	0
0	131	0	105	53	0	3
0	131	0	93	52	0	11
0	131	0	94	52	0	0
0	131	0	95	52	0	8
0	131	0	96	52	0	6
0	131	0	97	52	0	9
0	131	0	98	52	0	1
0	131	0	99	52	0	9
0	131	0	93	51	0	2
0	131	0	94	51	0	3
0	131	0	95	51	0	8
0	131	0	96	51	0	3
0	131	0	97	51	0	6
0	131	0	98	51	0	7
0	131	0	99	51	0	4
0	131	0	100	51	0	7
0	131	0	101	51	0	5
0	131	0	93	50	0	0
0	131	0	94	50	0	0
0	131	0	95	50	0	6
0	131	0	96	50	0	10
0	131	0	97	50	0	6
0	131	0	98	50	0	1
0	131	0	99	50	0	6
0	131	0	100	50	0	10
0	131	0	101	50	0	4
0	131	0	102	50	0	0
0	131	0	93	49	0	2
0	131	0	95	49	0	0
0	131	0	96	49	0	0
0	131	0	98	49	0	7
0	131	0	96	48	0	2
0	131	0	110	46	0	0
0	132	0	95	73	0	2
0	132	0	95	72	0	6
0	132	0	96	72	0	11
0	132	0	97	72	0	7
0	132	0	98	72	0	3
0	132	0	99	72	0	12
0	132	0	100	72	0	2
0	132	0	90	71	0	10
0	132	0	91	71	0	13
0	132	0	92	71	0	8
0	132	0	93	71	0	4
0	132	0	96	71	0	8
0	132	0	97	71	0	3
0	132	0	98	71	0	7
0	132	0	99	71	0	10
0	132	0	100	71	0	9
0	132	0	101	71	0	0
0	132	0	102	71	0	3
0	132	0	89	70	0	2
0	132	0	90	70	0	1
0	132	0	91	70	0	9
0	132	0	92	70	0	15
0	132	0	95	70	0	15
0	132	0	96	70	0	1
0	132	0	97	70	0	8
0	132	0	98	70	0	17
0	132	0	99	70	0	8
0	132	0	100	70	0	10
0	132	0	101	70	0	6
0	132	0	102	70	0	4
0	132	0	87	69	0	5
0	132	0	88	69	0	10
0	132	0	89	69	0	10
0	132	0	91	69	0	12
0	132	0	92	69	0	5
0	132	0	93	69	0	4
0	132	0	94	69	0	17
0	132	0	95	69	0	8
0	132	0	96	69	0	9
0	132	0	97	69	0	19
0	132	0	98	69	0	7
0	132	0	99	69	0	7
0	132	0	100	69	0	8
0	132	0	101	69	0	3
0	132	0	102	69	0	14
0	132	0	89	68	0	6
0	132	0	90	68	0	7
0	132	0	91	68	0	9
0	132	0	92	68	0	6
0	132	0	93	68	0	10
0	132	0	94	68	0	4
0	132	0	95	68	0	8
0	132	0	96	68	0	6
0	132	0	97	68	0	11
0	132	0	98	68	0	10
0	132	0	99	68	0	8
0	132	0	100	68	0	14
0	132	0	101	68	0	8
0	132	0	102	68	0	2
0	132	0	88	67	0	14
0	132	0	89	67	0	4
0	132	0	90	67	0	2
0	132	0	91	67	0	10
0	132	0	92	67	0	11
0	132	0	93	67	0	9
0	132	0	94	67	0	14
0	132	0	95	67	0	12
0	132	0	96	67	0	6
0	132	0	97	67	0	6
0	132	0	98	67	0	11
0	132	0	99	67	0	10
0	132	0	100	67	0	10
0	132	0	101	67	0	3
0	132	0	102	67	0	4
0	132	0	87	66	0	12
0	132	0	88	66	0	2
0	132	0	89	66	0	5
0	132	0	90	66	0	6
0	132	0	91	66	0	9
0	132	0	92	66	0	5
0	132	0	93	66	0	14
0	132	0	94	66	0	8
0	132	0	95	66	0	14
0	132	0	96	66	0	7
0	132	0	97	66	0	6
0	132	0	98	66	0	8
0	132	0	99	66	0	9
0	132	0	100	66	0	9
0	132	0	101	66	0	6
0	132	0	102	66	0	9
0	132	0	88	65	0	7
0	132	0	89	65	0	12
0	132	0	90	65	0	8
0	132	0	91	65	0	11
0	132	0	92	65	0	0
0	132	0	93	65	0	13
0	132	0	94	65	0	5
0	132	0	95	65	0	11
0	132	0	96	65	0	5
0	132	0	97	65	0	11
0	132	0	98	65	0	10
0	132	0	99	65	0	2
0	132	0	100	65	0	5
0	132	0	101	65	0	9
0	132	0	102	65	0	14
0	132	0	103	65	0	10
0	132	0	88	64	0	9
0	132	0	89	64	0	8
0	132	0	90	64	0	8
0	132	0	93	64	0	11
0	132	0	94	64	0	10
0	132	0	95	64	0	7
0	132	0	96	64	0	16
0	132	0	97	64	0	10
0	132	0	98	64	0	14
0	132	0	99	64	0	7
0	132	0	100	64	0	8
0	132	0	101	64	0	9
0	132	0	102	64	0	3
0	132	0	103	64	0	3
0	132	0	87	63	0	6
0	132	0	88	63	0	7
0	132	0	89	63	0	5
0	132	0	90	63	0	3
0	132	0	92	63	0	9
0	132	0	93	63	0	16
0	132	0	94	63	0	3
0	132	0	95	63	0	11
0	132	0	96	63	0	6
0	132	0	97	63	0	7
0	132	0	98	63	0	6
0	132	0	99	63	0	0
0	132	0	100	63	0	13
0	132	0	101	63	0	2
0	132	0	102	63	0	6
0	132	0	103	63	0	5
0	132	0	87	62	0	0
0	132	0	88	62	0	9
0	132	0	89	62	0	7
0	132	0	90	62	0	8
0	132	0	91	62	0	10
0	132	0	92	62	0	15
0	132	0	93	62	0	13
0	132	0	94	62	0	10
0	132	0	95	62	0	8
0	132	0	96	62	0	7
0	132	0	97	62	0	8
0	132	0	98	62	0	7
0	132	0	99	62	0	8
0	132	0	100	62	0	9
0	132	0	101	62	0	5
0	132	0	102	62	0	0
0	132	0	89	61	0	9
0	132	0	90	61	0	4
0	132	0	91	61	0	9
0	132	0	92	61	0	10
0	132	0	93	61	0	15
0	132	0	94	61	0	3
0	132	0	95	61	0	8
0	132	0	96	61	0	10
0	132	0	97	61	0	1
0	132	0	98	61	0	10
0	132	0	99	61	0	8
0	132	0	100	61	0	8
0	132	0	90	60	0	9
0	132	0	91	60	0	5
0	132	0	92	60	0	6
0	132	0	93	60	0	9
0	132	0	94	60	0	6
0	132	0	95	60	0	6
0	132	0	96	60	0	2
0	132	0	88	59	0	7
0	132	0	89	59	0	6
0	132	0	90	59	0	4
0	132	0	91	59	0	2
0	132	0	92	59	0	13
0	132	0	93	59	0	1
0	132	0	94	59	0	9
0	132	0	95	59	0	11
0	132	0	89	58	0	6
0	132	0	90	58	0	3
0	132	0	91	58	0	10
0	132	0	92	58	0	8
0	132	0	93	58	0	3
0	132	0	94	58	0	6
0	132	0	91	57	0	6
0	132	0	92	57	0	7
0	132	0	93	57	0	1
0	132	0	96	55	0	6
0	132	0	94	54	0	4
0	132	0	95	54	0	2
0	132	0	96	54	0	7
0	132	0	97	54	0	6
0	132	0	101	54	0	0
0	132	0	102	54	0	0
0	132	0	103	54	0	8
0	132	0	104	54	0	0
0	132	0	93	53	0	6
0	132	0	94	53	0	8
0	132	0	95	53	0	7
0	132	0	96	53	0	9
0	132	0	97	53	0	5
0	132	0	101	53	0	11
0	132	0	102	53	0	10
0	132	0	103	53	0	6
0	132	0	104	53	0	0
0	132	0	105	53	0	4
0	132	0	93	52	0	11
0	132	0	94	52	0	0
0	132	0	95	52	0	9
0	132	0	96	52	0	12
0	132	0	97	52	0	9
0	132	0	98	52	0	2
0	132	0	99	52	0	4
0	132	0	93	51	0	1
0	132	0	94	51	0	2
0	132	0	95	51	0	10
0	132	0	96	51	0	6
0	132	0	97	51	0	10
0	132	0	98	51	0	6
0	132	0	99	51	0	4
0	132	0	100	51	0	7
0	132	0	101	51	0	3
0	132	0	102	51	0	1
0	132	0	93	50	0	0
0	132	0	94	50	0	0
0	132	0	95	50	0	8
0	132	0	96	50	0	5
0	132	0	97	50	0	7
0	132	0	98	50	0	0
0	132	0	99	50	0	2
0	132	0	100	50	0	9
0	132	0	101	50	0	5
0	132	0	102	50	0	0
0	132	0	93	49	0	3
0	132	0	95	49	0	0
0	132	0	96	49	0	2
0	132	0	98	49	0	12
0	132	0	110	46	0	0
0	133	0	95	73	0	2
0	133	0	95	72	0	6
0	133	0	96	72	0	10
0	133	0	97	72	0	12
0	133	0	98	72	0	6
0	133	0	99	72	0	15
0	133	0	100	72	0	3
0	133	0	90	71	0	16
0	133	0	91	71	0	11
0	133	0	92	71	0	8
0	133	0	93	71	0	0
0	133	0	96	71	0	10
0	133	0	97	71	0	4
0	133	0	98	71	0	6
0	133	0	99	71	0	10
0	133	0	100	71	0	6
0	133	0	101	71	0	0
0	133	0	102	71	0	3
0	133	0	89	70	0	3
0	133	0	90	70	0	2
0	133	0	91	70	0	12
0	133	0	92	70	0	11
0	133	0	95	70	0	10
0	133	0	96	70	0	2
0	133	0	97	70	0	10
0	133	0	98	70	0	9
0	133	0	99	70	0	8
0	133	0	100	70	0	12
0	133	0	101	70	0	6
0	133	0	102	70	0	5
0	133	0	87	69	0	3
0	133	0	88	69	0	11
0	133	0	89	69	0	9
0	133	0	91	69	0	16
0	133	0	92	69	0	10
0	133	0	93	69	0	9
0	133	0	94	69	0	21
0	133	0	95	69	0	7
0	133	0	96	69	0	6
0	133	0	97	69	0	9
0	133	0	98	69	0	9
0	133	0	99	69	0	12
0	133	0	100	69	0	10
0	133	0	101	69	0	1
0	133	0	102	69	0	13
0	133	0	89	68	0	9
0	133	0	90	68	0	8
0	133	0	91	68	0	7
0	133	0	92	68	0	5
0	133	0	93	68	0	10
0	133	0	94	68	0	7
0	133	0	95	68	0	11
0	133	0	96	68	0	8
0	133	0	97	68	0	17
0	133	0	98	68	0	9
0	133	0	99	68	0	11
0	133	0	100	68	0	15
0	133	0	101	68	0	8
0	133	0	102	68	0	2
0	133	0	88	67	0	15
0	133	0	89	67	0	5
0	133	0	90	67	0	2
0	133	0	91	67	0	3
0	133	0	92	67	0	13
0	133	0	93	67	0	7
0	133	0	94	67	0	12
0	133	0	95	67	0	9
0	133	0	96	67	0	8
0	133	0	97	67	0	4
0	133	0	98	67	0	10
0	133	0	99	67	0	16
0	133	0	100	67	0	13
0	133	0	101	67	0	6
0	133	0	102	67	0	4
0	133	0	87	66	0	10
0	133	0	88	66	0	1
0	133	0	89	66	0	6
0	133	0	90	66	0	10
0	133	0	91	66	0	6
0	133	0	92	66	0	10
0	133	0	93	66	0	17
0	133	0	94	66	0	6
0	133	0	95	66	0	12
0	133	0	96	66	0	7
0	133	0	97	66	0	11
0	133	0	98	66	0	9
0	133	0	99	66	0	4
0	133	0	100	66	0	14
0	133	0	101	66	0	1
0	133	0	102	66	0	9
0	133	0	88	65	0	8
0	133	0	89	65	0	7
0	133	0	90	65	0	5
0	133	0	91	65	0	9
0	133	0	92	65	0	2
0	133	0	93	65	0	9
0	133	0	94	65	0	7
0	133	0	95	65	0	13
0	133	0	96	65	0	1
0	133	0	97	65	0	11
0	133	0	98	65	0	11
0	133	0	99	65	0	2
0	133	0	100	65	0	3
0	133	0	101	65	0	13
0	133	0	102	65	0	14
0	133	0	103	65	0	14
0	133	0	88	64	0	7
0	133	0	89	64	0	16
0	133	0	90	64	0	3
0	133	0	93	64	0	6
0	133	0	94	64	0	10
0	133	0	95	64	0	7
0	133	0	96	64	0	8
0	133	0	97	64	0	8
0	133	0	98	64	0	12
0	133	0	99	64	0	8
0	133	0	100	64	0	10
0	133	0	101	64	0	6
0	133	0	102	64	0	4
0	133	0	103	64	0	6
0	133	0	87	63	0	7
0	133	0	88	63	0	4
0	133	0	89	63	0	7
0	133	0	90	63	0	3
0	133	0	92	63	0	4
0	133	0	93	63	0	12
0	133	0	94	63	0	4
0	133	0	95	63	0	8
0	133	0	96	63	0	4
0	133	0	97	63	0	12
0	133	0	98	63	0	9
0	133	0	99	63	0	1
0	133	0	100	63	0	14
0	133	0	101	63	0	6
0	133	0	102	63	0	8
0	133	0	103	63	0	8
0	133	0	87	62	0	0
0	133	0	88	62	0	10
0	133	0	89	62	0	7
0	133	0	90	62	0	6
0	133	0	91	62	0	11
0	133	0	92	62	0	11
0	133	0	93	62	0	13
0	133	0	94	62	0	11
0	133	0	95	62	0	9
0	133	0	96	62	0	12
0	133	0	97	62	0	7
0	133	0	98	62	0	9
0	133	0	99	62	0	4
0	133	0	100	62	0	10
0	133	0	101	62	0	3
0	133	0	102	62	0	1
0	133	0	89	61	0	9
0	133	0	90	61	0	3
0	133	0	91	61	0	8
0	133	0	92	61	0	10
0	133	0	93	61	0	11
0	133	0	94	61	0	4
0	133	0	95	61	0	10
0	133	0	96	61	0	2
0	133	0	97	61	0	2
0	133	0	98	61	0	8
0	133	0	99	61	0	4
0	133	0	100	61	0	9
0	133	0	90	60	0	8
0	133	0	91	60	0	5
0	133	0	92	60	0	4
0	133	0	93	60	0	6
0	133	0	94	60	0	10
0	133	0	95	60	0	7
0	133	0	96	60	0	3
0	133	0	88	59	0	10
0	133	0	89	59	0	8
0	133	0	90	59	0	10
0	133	0	91	59	0	3
0	133	0	92	59	0	16
0	133	0	93	59	0	2
0	133	0	94	59	0	10
0	133	0	95	59	0	11
0	133	0	89	58	0	5
0	133	0	90	58	0	5
0	133	0	91	58	0	8
0	133	0	92	58	0	5
0	133	0	93	58	0	5
0	133	0	94	58	0	4
0	133	0	91	57	0	9
0	133	0	92	57	0	5
0	133	0	93	57	0	3
0	133	0	96	55	0	7
0	133	0	94	54	0	4
0	133	0	95	54	0	1
0	133	0	96	54	0	5
0	133	0	97	54	0	8
0	133	0	101	54	0	0
0	133	0	102	54	0	1
0	133	0	103	54	0	8
0	133	0	104	54	0	1
0	133	0	93	53	0	10
0	133	0	94	53	0	6
0	133	0	95	53	0	11
0	133	0	96	53	0	10
0	133	0	97	53	0	7
0	133	0	101	53	0	7
0	133	0	102	53	0	7
0	133	0	103	53	0	6
0	133	0	104	53	0	0
0	133	0	105	53	0	4
0	133	0	93	52	0	4
0	133	0	94	52	0	0
0	133	0	95	52	0	8
0	133	0	96	52	0	10
0	133	0	97	52	0	8
0	133	0	98	52	0	1
0	133	0	99	52	0	5
0	133	0	93	51	0	3
0	133	0	94	51	0	0
0	133	0	95	51	0	9
0	133	0	96	51	0	4
0	133	0	97	51	0	6
0	133	0	98	51	0	3
0	133	0	99	51	0	3
0	133	0	100	51	0	12
0	133	0	101	51	0	5
0	133	0	102	51	0	1
0	133	0	93	50	0	0
0	133	0	94	50	0	0
0	133	0	95	50	0	8
0	133	0	96	50	0	4
0	133	0	97	50	0	5
0	133	0	98	50	0	0
0	133	0	99	50	0	1
0	133	0	100	50	0	4
0	133	0	101	50	0	1
0	133	0	102	50	0	0
0	133	0	93	49	0	4
0	133	0	95	49	0	0
0	133	0	96	49	0	4
0	133	0	98	49	0	15
0	133	0	110	46	0	0
0	134	0	95	73	0	2
0	134	0	95	72	0	7
0	134	0	96	72	0	7
0	134	0	97	72	0	10
0	134	0	98	72	0	8
0	134	0	99	72	0	8
0	134	0	100	72	0	2
0	134	0	90	71	0	13
0	134	0	91	71	0	14
0	134	0	92	71	0	5
0	134	0	93	71	0	1
0	134	0	96	71	0	13
0	134	0	97	71	0	6
0	134	0	98	71	0	8
0	134	0	99	71	0	8
0	134	0	100	71	0	7
0	134	0	101	71	0	0
0	134	0	102	71	0	5
0	134	0	89	70	0	1
0	134	0	90	70	0	3
0	134	0	91	70	0	4
0	134	0	92	70	0	11
0	134	0	95	70	0	8
0	134	0	96	70	0	3
0	134	0	97	70	0	7
0	134	0	98	70	0	8
0	134	0	99	70	0	12
0	134	0	100	70	0	14
0	134	0	101	70	0	8
0	134	0	102	70	0	11
0	134	0	87	69	0	3
0	134	0	88	69	0	9
0	134	0	89	69	0	8
0	134	0	91	69	0	14
0	134	0	92	69	0	13
0	134	0	93	69	0	9
0	134	0	94	69	0	13
0	134	0	95	69	0	10
0	134	0	96	69	0	7
0	134	0	97	69	0	4
0	134	0	98	69	0	9
0	134	0	99	69	0	13
0	134	0	100	69	0	10
0	134	0	101	69	0	5
0	134	0	102	69	0	12
0	134	0	89	68	0	6
0	134	0	90	68	0	7
0	134	0	91	68	0	10
0	134	0	92	68	0	9
0	134	0	93	68	0	12
0	134	0	94	68	0	5
0	134	0	95	68	0	8
0	134	0	96	68	0	10
0	134	0	97	68	0	11
0	134	0	98	68	0	12
0	134	0	99	68	0	14
0	134	0	100	68	0	15
0	134	0	101	68	0	10
0	134	0	102	68	0	4
0	134	0	88	67	0	10
0	134	0	89	67	0	6
0	134	0	90	67	0	1
0	134	0	91	67	0	3
0	134	0	92	67	0	12
0	134	0	93	67	0	4
0	134	0	94	67	0	11
0	134	0	95	67	0	8
0	134	0	96	67	0	9
0	134	0	97	67	0	7
0	134	0	98	67	0	6
0	134	0	99	67	0	11
0	134	0	100	67	0	10
0	134	0	101	67	0	7
0	134	0	102	67	0	5
0	134	0	87	66	0	11
0	134	0	88	66	0	1
0	134	0	89	66	0	4
0	134	0	90	66	0	10
0	134	0	91	66	0	5
0	134	0	92	66	0	8
0	134	0	93	66	0	19
0	134	0	94	66	0	1
0	134	0	95	66	0	10
0	134	0	96	66	0	10
0	134	0	97	66	0	12
0	134	0	98	66	0	11
0	134	0	99	66	0	4
0	134	0	100	66	0	17
0	134	0	101	66	0	4
0	134	0	102	66	0	10
0	134	0	88	65	0	10
0	134	0	89	65	0	12
0	134	0	90	65	0	6
0	134	0	91	65	0	6
0	134	0	92	65	0	2
0	134	0	93	65	0	11
0	134	0	94	65	0	7
0	134	0	95	65	0	9
0	134	0	96	65	0	3
0	134	0	97	65	0	15
0	134	0	98	65	0	13
0	134	0	99	65	0	4
0	134	0	100	65	0	2
0	134	0	101	65	0	16
0	134	0	102	65	0	9
0	134	0	103	65	0	12
0	134	0	88	64	0	7
0	134	0	89	64	0	17
0	134	0	90	64	0	2
0	134	0	93	64	0	3
0	134	0	94	64	0	9
0	134	0	95	64	0	7
0	134	0	96	64	0	7
0	134	0	97	64	0	9
0	134	0	98	64	0	13
0	134	0	99	64	0	8
0	134	0	100	64	0	5
0	134	0	101	64	0	7
0	134	0	102	64	0	8
0	134	0	103	64	0	9
0	134	0	87	63	0	6
0	134	0	88	63	0	4
0	134	0	89	63	0	7
0	134	0	90	63	0	7
0	134	0	92	63	0	3
0	134	0	93	63	0	6
0	134	0	94	63	0	5
0	134	0	95	63	0	10
0	134	0	96	63	0	5
0	134	0	97	63	0	8
0	134	0	98	63	0	8
0	134	0	99	63	0	3
0	134	0	100	63	0	7
0	134	0	101	63	0	8
0	134	0	102	63	0	9
0	134	0	103	63	0	7
0	134	0	87	62	0	0
0	134	0	88	62	0	8
0	134	0	89	62	0	3
0	134	0	90	62	0	8
0	134	0	91	62	0	5
0	134	0	92	62	0	10
0	134	0	93	62	0	11
0	134	0	94	62	0	7
0	134	0	95	62	0	7
0	134	0	96	62	0	10
0	134	0	97	62	0	3
0	134	0	98	62	0	9
0	134	0	99	62	0	5
0	134	0	100	62	0	13
0	134	0	101	62	0	3
0	134	0	102	62	0	3
0	134	0	89	61	0	7
0	134	0	90	61	0	5
0	134	0	91	61	0	7
0	134	0	92	61	0	4
0	134	0	93	61	0	13
0	134	0	94	61	0	4
0	134	0	95	61	0	10
0	134	0	96	61	0	1
0	134	0	97	61	0	2
0	134	0	98	61	0	12
0	134	0	99	61	0	2
0	134	0	100	61	0	12
0	134	0	90	60	0	6
0	134	0	91	60	0	5
0	134	0	92	60	0	7
0	134	0	93	60	0	9
0	134	0	94	60	0	16
0	134	0	95	60	0	9
0	134	0	96	60	0	3
0	134	0	88	59	0	11
0	134	0	89	59	0	10
0	134	0	90	59	0	7
0	134	0	91	59	0	6
0	134	0	92	59	0	5
0	134	0	93	59	0	2
0	134	0	94	59	0	8
0	134	0	95	59	0	6
0	134	0	89	58	0	6
0	134	0	90	58	0	8
0	134	0	91	58	0	6
0	134	0	92	58	0	4
0	134	0	93	58	0	5
0	134	0	94	58	0	6
0	134	0	91	57	0	11
0	134	0	92	57	0	7
0	134	0	93	57	0	6
0	134	0	96	55	0	11
0	134	0	94	54	0	3
0	134	0	95	54	0	1
0	134	0	96	54	0	4
0	134	0	97	54	0	7
0	134	0	101	54	0	1
0	134	0	102	54	0	0
0	134	0	103	54	0	5
0	134	0	104	54	0	3
0	134	0	93	53	0	7
0	134	0	94	53	0	7
0	134	0	95	53	0	11
0	134	0	96	53	0	12
0	134	0	97	53	0	7
0	134	0	101	53	0	5
0	134	0	102	53	0	10
0	134	0	103	53	0	6
0	134	0	104	53	0	0
0	134	0	105	53	0	4
0	134	0	93	52	0	2
0	134	0	94	52	0	1
0	134	0	95	52	0	9
0	134	0	96	52	0	6
0	134	0	97	52	0	5
0	134	0	98	52	0	0
0	134	0	99	52	0	8
0	134	0	93	51	0	3
0	134	0	94	51	0	0
0	134	0	95	51	0	9
0	134	0	96	51	0	1
0	134	0	97	51	0	8
0	134	0	98	51	0	3
0	134	0	99	51	0	2
0	134	0	100	51	0	11
0	134	0	101	51	0	6
0	134	0	102	51	0	3
0	134	0	93	50	0	0
0	134	0	94	50	0	0
0	134	0	95	50	0	6
0	134	0	96	50	0	7
0	134	0	97	50	0	7
0	134	0	98	50	0	1
0	134	0	99	50	0	1
0	134	0	100	50	0	3
0	134	0	101	50	0	5
0	134	0	102	50	0	0
0	134	0	93	49	0	5
0	134	0	95	49	0	0
0	134	0	96	49	0	3
0	134	0	98	49	0	17
0	134	0	110	46	0	0
0	135	0	95	73	0	1
0	135	0	95	72	0	5
0	135	0	96	72	0	7
0	135	0	97	72	0	14
0	135	0	98	72	0	9
0	135	0	99	72	0	9
0	135	0	100	72	0	5
0	135	0	90	71	0	12
0	135	0	91	71	0	6
0	135	0	92	71	0	4
0	135	0	93	71	0	1
0	135	0	96	71	0	9
0	135	0	97	71	0	7
0	135	0	98	71	0	10
0	135	0	99	71	0	3
0	135	0	100	71	0	8
0	135	0	101	71	0	0
0	135	0	102	71	0	7
0	135	0	89	70	0	4
0	135	0	90	70	0	5
0	135	0	91	70	0	2
0	135	0	92	70	0	8
0	135	0	95	70	0	8
0	135	0	96	70	0	4
0	135	0	97	70	0	12
0	135	0	98	70	0	10
0	135	0	99	70	0	11
0	135	0	100	70	0	9
0	135	0	101	70	0	11
0	135	0	102	70	0	10
0	135	0	87	69	0	4
0	135	0	88	69	0	7
0	135	0	89	69	0	13
0	135	0	91	69	0	9
0	135	0	92	69	0	9
0	135	0	93	69	0	6
0	135	0	94	69	0	11
0	135	0	95	69	0	12
0	135	0	96	69	0	6
0	135	0	97	69	0	5
0	135	0	98	69	0	9
0	135	0	99	69	0	13
0	135	0	100	69	0	7
0	135	0	101	69	0	7
0	135	0	102	69	0	11
0	135	0	89	68	0	14
0	135	0	90	68	0	5
0	135	0	91	68	0	13
0	135	0	92	68	0	11
0	135	0	93	68	0	7
0	135	0	94	68	0	5
0	135	0	95	68	0	6
0	135	0	96	68	0	11
0	135	0	97	68	0	16
0	135	0	98	68	0	6
0	135	0	99	68	0	8
0	135	0	100	68	0	9
0	135	0	101	68	0	15
0	135	0	102	68	0	5
0	135	0	88	67	0	14
0	135	0	89	67	0	5
0	135	0	90	67	0	2
0	135	0	91	67	0	5
0	135	0	92	67	0	10
0	135	0	93	67	0	5
0	135	0	94	67	0	5
0	135	0	95	67	0	14
0	135	0	96	67	0	14
0	135	0	97	67	0	10
0	135	0	98	67	0	8
0	135	0	99	67	0	12
0	135	0	100	67	0	9
0	135	0	101	67	0	3
0	135	0	102	67	0	3
0	135	0	87	66	0	10
0	135	0	88	66	0	4
0	135	0	89	66	0	8
0	135	0	90	66	0	3
0	135	0	91	66	0	0
0	135	0	92	66	0	13
0	135	0	93	66	0	14
0	135	0	94	66	0	3
0	135	0	95	66	0	10
0	135	0	96	66	0	11
0	135	0	97	66	0	8
0	135	0	98	66	0	6
0	135	0	99	66	0	6
0	135	0	100	66	0	8
0	135	0	101	66	0	3
0	135	0	102	66	0	14
0	135	0	88	65	0	7
0	135	0	89	65	0	15
0	135	0	90	65	0	10
0	135	0	91	65	0	6
0	135	0	92	65	0	0
0	135	0	93	65	0	9
0	135	0	94	65	0	11
0	135	0	95	65	0	7
0	135	0	96	65	0	6
0	135	0	97	65	0	13
0	135	0	98	65	0	12
0	135	0	99	65	0	3
0	135	0	100	65	0	4
0	135	0	101	65	0	12
0	135	0	102	65	0	9
0	135	0	103	65	0	13
0	135	0	88	64	0	4
0	135	0	89	64	0	7
0	135	0	90	64	0	4
0	135	0	93	64	0	6
0	135	0	94	64	0	11
0	135	0	95	64	0	10
0	135	0	96	64	0	6
0	135	0	97	64	0	9
0	135	0	98	64	0	11
0	135	0	99	64	0	10
0	135	0	100	64	0	8
0	135	0	101	64	0	7
0	135	0	102	64	0	5
0	135	0	103	64	0	7
0	135	0	87	63	0	4
0	135	0	88	63	0	6
0	135	0	89	63	0	5
0	135	0	90	63	0	10
0	135	0	92	63	0	1
0	135	0	93	63	0	0
0	135	0	94	63	0	5
0	135	0	95	63	0	9
0	135	0	96	63	0	4
0	135	0	97	63	0	7
0	135	0	98	63	0	11
0	135	0	99	63	0	3
0	135	0	100	63	0	10
0	135	0	101	63	0	10
0	135	0	102	63	0	9
0	135	0	103	63	0	9
0	135	0	87	62	0	0
0	135	0	88	62	0	6
0	135	0	89	62	0	5
0	135	0	90	62	0	7
0	135	0	91	62	0	5
0	135	0	92	62	0	7
0	135	0	93	62	0	13
0	135	0	94	62	0	8
0	135	0	95	62	0	5
0	135	0	96	62	0	9
0	135	0	97	62	0	6
0	135	0	98	62	0	11
0	135	0	99	62	0	1
0	135	0	100	62	0	7
0	135	0	101	62	0	3
0	135	0	102	62	0	3
0	135	0	89	61	0	4
0	135	0	90	61	0	7
0	135	0	91	61	0	10
0	135	0	92	61	0	7
0	135	0	93	61	0	13
0	135	0	94	61	0	7
0	135	0	95	61	0	9
0	135	0	96	61	0	2
0	135	0	97	61	0	3
0	135	0	98	61	0	9
0	135	0	99	61	0	4
0	135	0	100	61	0	18
0	135	0	90	60	0	9
0	135	0	91	60	0	6
0	135	0	92	60	0	9
0	135	0	93	60	0	14
0	135	0	94	60	0	10
0	135	0	95	60	0	6
0	135	0	96	60	0	5
0	135	0	88	59	0	10
0	135	0	89	59	0	7
0	135	0	90	59	0	8
0	135	0	91	59	0	6
0	135	0	92	59	0	11
0	135	0	93	59	0	3
0	135	0	94	59	0	5
0	135	0	95	59	0	6
0	135	0	89	58	0	11
0	135	0	90	58	0	9
0	135	0	91	58	0	9
0	135	0	92	58	0	8
0	135	0	93	58	0	7
0	135	0	94	58	0	9
0	135	0	91	57	0	8
0	135	0	92	57	0	11
0	135	0	93	57	0	6
0	135	0	96	55	0	4
0	135	0	94	54	0	2
0	135	0	95	54	0	3
0	135	0	96	54	0	2
0	135	0	97	54	0	9
0	135	0	101	54	0	1
0	135	0	102	54	0	0
0	135	0	103	54	0	10
0	135	0	104	54	0	2
0	135	0	93	53	0	5
0	135	0	94	53	0	9
0	135	0	95	53	0	7
0	135	0	96	53	0	6
0	135	0	97	53	0	8
0	135	0	101	53	0	3
0	135	0	102	53	0	8
0	135	0	103	53	0	6
0	135	0	104	53	0	0
0	135	0	105	53	0	9
0	135	0	93	52	0	5
0	135	0	94	52	0	1
0	135	0	95	52	0	5
0	135	0	96	52	0	5
0	135	0	97	52	0	5
0	135	0	98	52	0	1
0	135	0	99	52	0	7
0	135	0	93	51	0	3
0	135	0	94	51	0	0
0	135	0	95	51	0	13
0	135	0	96	51	0	4
0	135	0	97	51	0	4
0	135	0	98	51	0	5
0	135	0	99	51	0	2
0	135	0	100	51	0	5
0	135	0	101	51	0	6
0	135	0	102	51	0	6
0	135	0	93	50	0	0
0	135	0	94	50	0	1
0	135	0	95	50	0	9
0	135	0	96	50	0	6
0	135	0	97	50	0	6
0	135	0	98	50	0	1
0	135	0	99	50	0	1
0	135	0	100	50	0	3
0	135	0	101	50	0	4
0	135	0	102	50	0	0
0	135	0	93	49	0	5
0	135	0	95	49	0	2
0	135	0	96	49	0	4
0	135	0	98	49	0	12
0	135	0	110	46	0	0
0	136	0	95	73	0	1
0	136	0	95	72	0	2
0	136	0	96	72	0	6
0	136	0	97	72	0	10
0	136	0	98	72	0	7
0	136	0	99	72	0	5
0	136	0	100	72	0	10
0	136	0	90	71	0	5
0	136	0	91	71	0	8
0	136	0	92	71	0	4
0	136	0	93	71	0	2
0	136	0	96	71	0	12
0	136	0	97	71	0	10
0	136	0	98	71	0	13
0	136	0	99	71	0	6
0	136	0	100	71	0	10
0	136	0	101	71	0	0
0	136	0	102	71	0	8
0	136	0	89	70	0	7
0	136	0	90	70	0	5
0	136	0	91	70	0	3
0	136	0	92	70	0	9
0	136	0	95	70	0	4
0	136	0	96	70	0	2
0	136	0	97	70	0	13
0	136	0	98	70	0	7
0	136	0	99	70	0	6
0	136	0	100	70	0	7
0	136	0	101	70	0	15
0	136	0	102	70	0	7
0	136	0	87	69	0	6
0	136	0	88	69	0	6
0	136	0	89	69	0	15
0	136	0	91	69	0	7
0	136	0	92	69	0	14
0	136	0	93	69	0	8
0	136	0	94	69	0	9
0	136	0	95	69	0	16
0	136	0	96	69	0	9
0	136	0	97	69	0	2
0	136	0	98	69	0	8
0	136	0	99	69	0	16
0	136	0	100	69	0	6
0	136	0	101	69	0	9
0	136	0	102	69	0	7
0	136	0	89	68	0	14
0	136	0	90	68	0	7
0	136	0	91	68	0	12
0	136	0	92	68	0	10
0	136	0	93	68	0	11
0	136	0	94	68	0	7
0	136	0	95	68	0	5
0	136	0	96	68	0	10
0	136	0	97	68	0	18
0	136	0	98	68	0	6
0	136	0	99	68	0	6
0	136	0	100	68	0	11
0	136	0	101	68	0	13
0	136	0	102	68	0	3
0	136	0	88	67	0	8
0	136	0	89	67	0	5
0	136	0	90	67	0	4
0	136	0	91	67	0	6
0	136	0	92	67	0	8
0	136	0	93	67	0	14
0	136	0	94	67	0	9
0	136	0	95	67	0	14
0	136	0	96	67	0	8
0	136	0	97	67	0	12
0	136	0	98	67	0	8
0	136	0	99	67	0	9
0	136	0	100	67	0	7
0	136	0	101	67	0	4
0	136	0	102	67	0	6
0	136	0	87	66	0	7
0	136	0	88	66	0	3
0	136	0	89	66	0	9
0	136	0	90	66	0	1
0	136	0	91	66	0	0
0	136	0	92	66	0	9
0	136	0	93	66	0	14
0	136	0	94	66	0	2
0	136	0	95	66	0	8
0	136	0	96	66	0	7
0	136	0	97	66	0	7
0	136	0	98	66	0	6
0	136	0	99	66	0	9
0	136	0	100	66	0	5
0	136	0	101	66	0	4
0	136	0	102	66	0	7
0	136	0	88	65	0	8
0	136	0	89	65	0	6
0	136	0	90	65	0	8
0	136	0	91	65	0	6
0	136	0	92	65	0	0
0	136	0	93	65	0	8
0	136	0	94	65	0	9
0	136	0	95	65	0	3
0	136	0	96	65	0	8
0	136	0	97	65	0	4
0	136	0	98	65	0	13
0	136	0	99	65	0	5
0	136	0	100	65	0	7
0	136	0	101	65	0	12
0	136	0	102	65	0	11
0	136	0	103	65	0	12
0	136	0	88	64	0	7
0	136	0	89	64	0	8
0	136	0	90	64	0	10
0	136	0	93	64	0	9
0	136	0	94	64	0	8
0	136	0	95	64	0	12
0	136	0	96	64	0	7
0	136	0	97	64	0	9
0	136	0	98	64	0	9
0	136	0	99	64	0	10
0	136	0	100	64	0	10
0	136	0	101	64	0	9
0	136	0	102	64	0	6
0	136	0	103	64	0	9
0	136	0	87	63	0	7
0	136	0	88	63	0	5
0	136	0	89	63	0	4
0	136	0	90	63	0	7
0	136	0	92	63	0	4
0	136	0	93	63	0	1
0	136	0	94	63	0	5
0	136	0	95	63	0	9
0	136	0	96	63	0	5
0	136	0	97	63	0	7
0	136	0	98	63	0	16
0	136	0	99	63	0	6
0	136	0	100	63	0	11
0	136	0	101	63	0	6
0	136	0	102	63	0	12
0	136	0	103	63	0	7
0	136	0	87	62	0	0
0	136	0	88	62	0	6
0	136	0	89	62	0	9
0	136	0	90	62	0	9
0	136	0	91	62	0	9
0	136	0	92	62	0	8
0	136	0	93	62	0	10
0	136	0	94	62	0	9
0	136	0	95	62	0	7
0	136	0	96	62	0	6
0	136	0	97	62	0	5
0	136	0	98	62	0	20
0	136	0	99	62	0	1
0	136	0	100	62	0	1
0	136	0	101	62	0	3
0	136	0	102	62	0	5
0	136	0	89	61	0	6
0	136	0	90	61	0	7
0	136	0	91	61	0	6
0	136	0	92	61	0	8
0	136	0	93	61	0	13
0	136	0	94	61	0	6
0	136	0	95	61	0	6
0	136	0	96	61	0	5
0	136	0	97	61	0	3
0	136	0	98	61	0	8
0	136	0	99	61	0	2
0	136	0	100	61	0	9
0	136	0	90	60	0	7
0	136	0	91	60	0	2
0	136	0	92	60	0	10
0	136	0	93	60	0	11
0	136	0	94	60	0	13
0	136	0	95	60	0	9
0	136	0	96	60	0	3
0	136	0	88	59	0	6
0	136	0	89	59	0	7
0	136	0	90	59	0	9
0	136	0	91	59	0	5
0	136	0	92	59	0	15
0	136	0	93	59	0	7
0	136	0	94	59	0	9
0	136	0	95	59	0	7
0	136	0	89	58	0	9
0	136	0	90	58	0	8
0	136	0	91	58	0	7
0	136	0	92	58	0	12
0	136	0	93	58	0	5
0	136	0	94	58	0	11
0	136	0	91	57	0	5
0	136	0	92	57	0	5
0	136	0	93	57	0	5
0	136	0	96	55	0	5
0	136	0	94	54	0	3
0	136	0	95	54	0	2
0	136	0	96	54	0	3
0	136	0	97	54	0	6
0	136	0	101	54	0	1
0	136	0	102	54	0	0
0	136	0	103	54	0	9
0	136	0	104	54	0	1
0	136	0	93	53	0	8
0	136	0	94	53	0	13
0	136	0	95	53	0	10
0	136	0	96	53	0	9
0	136	0	97	53	0	8
0	136	0	101	53	0	5
0	136	0	102	53	0	13
0	136	0	103	53	0	5
0	136	0	104	53	0	0
0	136	0	105	53	0	8
0	136	0	93	52	0	7
0	136	0	94	52	0	3
0	136	0	95	52	0	5
0	136	0	96	52	0	9
0	136	0	97	52	0	6
0	136	0	98	52	0	2
0	136	0	99	52	0	4
0	136	0	93	51	0	5
0	136	0	94	51	0	2
0	136	0	95	51	0	9
0	136	0	96	51	0	4
0	136	0	97	51	0	5
0	136	0	98	51	0	2
0	136	0	99	51	0	0
0	136	0	100	51	0	7
0	136	0	101	51	0	5
0	136	0	102	51	0	6
0	136	0	93	50	0	0
0	136	0	94	50	0	1
0	136	0	95	50	0	10
0	136	0	96	50	0	4
0	136	0	97	50	0	5
0	136	0	98	50	0	3
0	136	0	99	50	0	4
0	136	0	100	50	0	10
0	136	0	101	50	0	8
0	136	0	102	50	0	0
0	136	0	93	49	0	4
0	136	0	95	49	0	1
0	136	0	96	49	0	2
0	136	0	98	49	0	6
0	136	0	110	46	0	0
0	137	0	95	73	0	5
0	137	0	95	72	0	4
0	137	0	96	72	0	3
0	137	0	97	72	0	5
0	137	0	98	72	0	9
0	137	0	99	72	0	5
0	137	0	100	72	0	7
0	137	0	90	71	0	4
0	137	0	91	71	0	3
0	137	0	92	71	0	4
0	137	0	93	71	0	6
0	137	0	96	71	0	7
0	137	0	97	71	0	6
0	137	0	98	71	0	13
0	137	0	99	71	0	4
0	137	0	100	71	0	10
0	137	0	101	71	0	1
0	137	0	102	71	0	10
0	137	0	89	70	0	8
0	137	0	90	70	0	4
0	137	0	91	70	0	9
0	137	0	92	70	0	12
0	137	0	95	70	0	3
0	137	0	96	70	0	3
0	137	0	97	70	0	11
0	137	0	98	70	0	10
0	137	0	99	70	0	10
0	137	0	100	70	0	7
0	137	0	101	70	0	13
0	137	0	102	70	0	6
0	137	0	87	69	0	9
0	137	0	88	69	0	4
0	137	0	89	69	0	10
0	137	0	91	69	0	9
0	137	0	92	69	0	11
0	137	0	93	69	0	9
0	137	0	94	69	0	11
0	137	0	95	69	0	11
0	137	0	96	69	0	8
0	137	0	97	69	0	1
0	137	0	98	69	0	11
0	137	0	99	69	0	10
0	137	0	100	69	0	5
0	137	0	101	69	0	7
0	137	0	102	69	0	9
0	137	0	89	68	0	7
0	137	0	90	68	0	12
0	137	0	91	68	0	8
0	137	0	92	68	0	6
0	137	0	93	68	0	9
0	137	0	94	68	0	10
0	137	0	95	68	0	7
0	137	0	96	68	0	12
0	137	0	97	68	0	8
0	137	0	98	68	0	9
0	137	0	99	68	0	6
0	137	0	100	68	0	14
0	137	0	101	68	0	10
0	137	0	102	68	0	5
0	137	0	88	67	0	3
0	137	0	89	67	0	4
0	137	0	90	67	0	5
0	137	0	91	67	0	3
0	137	0	92	67	0	12
0	137	0	93	67	0	12
0	137	0	94	67	0	15
0	137	0	95	67	0	14
0	137	0	96	67	0	3
0	137	0	97	67	0	8
0	137	0	98	67	0	8
0	137	0	99	67	0	17
0	137	0	100	67	0	8
0	137	0	101	67	0	3
0	137	0	102	67	0	7
0	137	0	87	66	0	7
0	137	0	88	66	0	2
0	137	0	89	66	0	12
0	137	0	90	66	0	0
0	137	0	91	66	0	1
0	137	0	92	66	0	11
0	137	0	93	66	0	15
0	137	0	94	66	0	3
0	137	0	95	66	0	9
0	137	0	96	66	0	8
0	137	0	97	66	0	12
0	137	0	98	66	0	8
0	137	0	99	66	0	12
0	137	0	100	66	0	6
0	137	0	101	66	0	12
0	137	0	102	66	0	9
0	137	0	88	65	0	6
0	137	0	89	65	0	6
0	137	0	90	65	0	5
0	137	0	91	65	0	6
0	137	0	92	65	0	0
0	137	0	93	65	0	3
0	137	0	94	65	0	7
0	137	0	95	65	0	4
0	137	0	96	65	0	7
0	137	0	97	65	0	7
0	137	0	98	65	0	8
0	137	0	99	65	0	5
0	137	0	100	65	0	4
0	137	0	101	65	0	14
0	137	0	102	65	0	12
0	137	0	103	65	0	9
0	137	0	88	64	0	12
0	137	0	89	64	0	10
0	137	0	90	64	0	7
0	137	0	93	64	0	12
0	137	0	94	64	0	10
0	137	0	95	64	0	16
0	137	0	96	64	0	4
0	137	0	97	64	0	8
0	137	0	98	64	0	11
0	137	0	99	64	0	7
0	137	0	100	64	0	11
0	137	0	101	64	0	9
0	137	0	102	64	0	8
0	137	0	103	64	0	9
0	137	0	87	63	0	7
0	137	0	88	63	0	1
0	137	0	89	63	0	1
0	137	0	90	63	0	9
0	137	0	92	63	0	7
0	137	0	93	63	0	2
0	137	0	94	63	0	6
0	137	0	95	63	0	6
0	137	0	96	63	0	12
0	137	0	97	63	0	9
0	137	0	98	63	0	9
0	137	0	99	63	0	5
0	137	0	100	63	0	12
0	137	0	101	63	0	8
0	137	0	102	63	0	20
0	137	0	103	63	0	3
0	137	0	87	62	0	0
0	137	0	88	62	0	8
0	137	0	89	62	0	10
0	137	0	90	62	0	13
0	137	0	91	62	0	11
0	137	0	92	62	0	3
0	137	0	93	62	0	12
0	137	0	94	62	0	3
0	137	0	95	62	0	6
0	137	0	96	62	0	3
0	137	0	97	62	0	6
0	137	0	98	62	0	6
0	137	0	99	62	0	0
0	137	0	100	62	0	5
0	137	0	101	62	0	2
0	137	0	102	62	0	3
0	137	0	89	61	0	7
0	137	0	90	61	0	10
0	137	0	91	61	0	4
0	137	0	92	61	0	6
0	137	0	93	61	0	9
0	137	0	94	61	0	8
0	137	0	95	61	0	9
0	137	0	96	61	0	7
0	137	0	97	61	0	4
0	137	0	98	61	0	9
0	137	0	99	61	0	5
0	137	0	100	61	0	7
0	137	0	90	60	0	7
0	137	0	91	60	0	6
0	137	0	92	60	0	10
0	137	0	93	60	0	6
0	137	0	94	60	0	7
0	137	0	95	60	0	7
0	137	0	96	60	0	3
0	137	0	88	59	0	5
0	137	0	89	59	0	16
0	137	0	90	59	0	8
0	137	0	91	59	0	2
0	137	0	92	59	0	17
0	137	0	93	59	0	8
0	137	0	94	59	0	6
0	137	0	95	59	0	8
0	137	0	89	58	0	10
0	137	0	90	58	0	7
0	137	0	91	58	0	5
0	137	0	92	58	0	9
0	137	0	93	58	0	6
0	137	0	94	58	0	10
0	137	0	91	57	0	6
0	137	0	92	57	0	3
0	137	0	93	57	0	5
0	137	0	96	55	0	6
0	137	0	94	54	0	2
0	137	0	95	54	0	2
0	137	0	96	54	0	4
0	137	0	97	54	0	5
0	137	0	101	54	0	2
0	137	0	102	54	0	0
0	137	0	103	54	0	5
0	137	0	104	54	0	2
0	137	0	93	53	0	5
0	137	0	94	53	0	9
0	137	0	95	53	0	12
0	137	0	96	53	0	7
0	137	0	97	53	0	12
0	137	0	101	53	0	5
0	137	0	102	53	0	12
0	137	0	103	53	0	7
0	137	0	104	53	0	0
0	137	0	105	53	0	5
0	137	0	93	52	0	5
0	137	0	94	52	0	3
0	137	0	95	52	0	6
0	137	0	96	52	0	13
0	137	0	97	52	0	11
0	137	0	98	52	0	1
0	137	0	99	52	0	1
0	137	0	93	51	0	6
0	137	0	94	51	0	2
0	137	0	95	51	0	11
0	137	0	96	51	0	5
0	137	0	97	51	0	3
0	137	0	98	51	0	5
0	137	0	99	51	0	1
0	137	0	100	51	0	10
0	137	0	101	51	0	4
0	137	0	102	51	0	2
0	137	0	93	50	0	1
0	137	0	94	50	0	0
0	137	0	95	50	0	7
0	137	0	96	50	0	7
0	137	0	97	50	0	3
0	137	0	98	50	0	3
0	137	0	99	50	0	5
0	137	0	100	50	0	9
0	137	0	101	50	0	8
0	137	0	102	50	0	1
0	137	0	93	49	0	4
0	137	0	95	49	0	1
0	137	0	96	49	0	2
0	137	0	98	49	0	7
0	137	0	110	46	0	0
0	138	0	95	73	0	4
0	138	0	95	72	0	6
0	138	0	96	72	0	3
0	138	0	97	72	0	8
0	138	0	98	72	0	9
0	138	0	99	72	0	5
0	138	0	100	72	0	11
0	138	0	90	71	0	8
0	138	0	91	71	0	1
0	138	0	92	71	0	7
0	138	0	93	71	0	2
0	138	0	96	71	0	13
0	138	0	97	71	0	5
0	138	0	98	71	0	11
0	138	0	99	71	0	6
0	138	0	100	71	0	18
0	138	0	101	71	0	3
0	138	0	102	71	0	9
0	138	0	89	70	0	7
0	138	0	90	70	0	4
0	138	0	91	70	0	8
0	138	0	92	70	0	8
0	138	0	95	70	0	6
0	138	0	96	70	0	3
0	138	0	97	70	0	11
0	138	0	98	70	0	7
0	138	0	99	70	0	14
0	138	0	100	70	0	10
0	138	0	101	70	0	14
0	138	0	102	70	0	4
0	138	0	87	69	0	17
0	138	0	88	69	0	7
0	138	0	89	69	0	10
0	138	0	90	69	0	1
0	138	0	91	69	0	13
0	138	0	92	69	0	12
0	138	0	93	69	0	4
0	138	0	94	69	0	7
0	138	0	95	69	0	12
0	138	0	96	69	0	8
0	138	0	97	69	0	0
0	138	0	98	69	0	14
0	138	0	99	69	0	9
0	138	0	100	69	0	9
0	138	0	101	69	0	13
0	138	0	102	69	0	7
0	138	0	89	68	0	4
0	138	0	90	68	0	8
0	138	0	91	68	0	4
0	138	0	92	68	0	6
0	138	0	93	68	0	5
0	138	0	94	68	0	7
0	138	0	95	68	0	5
0	138	0	96	68	0	9
0	138	0	97	68	0	5
0	138	0	98	68	0	12
0	138	0	99	68	0	7
0	138	0	100	68	0	14
0	138	0	101	68	0	14
0	138	0	102	68	0	5
0	138	0	88	67	0	5
0	138	0	89	67	0	10
0	138	0	90	67	0	5
0	138	0	91	67	0	5
0	138	0	92	67	0	7
0	138	0	93	67	0	10
0	138	0	94	67	0	11
0	138	0	95	67	0	10
0	138	0	96	67	0	6
0	138	0	97	67	0	6
0	138	0	98	67	0	6
0	138	0	99	67	0	10
0	138	0	100	67	0	9
0	138	0	101	67	0	3
0	138	0	102	67	0	7
0	138	0	87	66	0	3
0	138	0	88	66	0	4
0	138	0	89	66	0	12
0	138	0	90	66	0	0
0	138	0	91	66	0	1
0	138	0	92	66	0	13
0	138	0	93	66	0	11
0	138	0	94	66	0	3
0	138	0	95	66	0	6
0	138	0	96	66	0	5
0	138	0	97	66	0	5
0	138	0	98	66	0	8
0	138	0	99	66	0	15
0	138	0	100	66	0	15
0	138	0	101	66	0	6
0	138	0	102	66	0	3
0	138	0	88	65	0	6
0	138	0	89	65	0	7
0	138	0	90	65	0	6
0	138	0	91	65	0	9
0	138	0	92	65	0	0
0	138	0	93	65	0	8
0	138	0	94	65	0	11
0	138	0	95	65	0	3
0	138	0	96	65	0	4
0	138	0	97	65	0	7
0	138	0	98	65	0	4
0	138	0	99	65	0	5
0	138	0	100	65	0	6
0	138	0	101	65	0	14
0	138	0	102	65	0	9
0	138	0	103	65	0	8
0	138	0	88	64	0	9
0	138	0	89	64	0	10
0	138	0	90	64	0	7
0	138	0	93	64	0	8
0	138	0	94	64	0	10
0	138	0	95	64	0	11
0	138	0	96	64	0	7
0	138	0	97	64	0	6
0	138	0	98	64	0	11
0	138	0	99	64	0	9
0	138	0	100	64	0	9
0	138	0	101	64	0	6
0	138	0	102	64	0	3
0	138	0	103	64	0	6
0	138	0	87	63	0	7
0	138	0	88	63	0	1
0	138	0	89	63	0	5
0	138	0	90	63	0	5
0	138	0	92	63	0	7
0	138	0	93	63	0	2
0	138	0	94	63	0	10
0	138	0	95	63	0	6
0	138	0	96	63	0	10
0	138	0	97	63	0	9
0	138	0	98	63	0	10
0	138	0	99	63	0	3
0	138	0	100	63	0	10
0	138	0	101	63	0	6
0	138	0	102	63	0	22
0	138	0	103	63	0	6
0	138	0	87	62	0	1
0	138	0	88	62	0	2
0	138	0	89	62	0	10
0	138	0	90	62	0	7
0	138	0	91	62	0	7
0	138	0	92	62	0	2
0	138	0	93	62	0	8
0	138	0	94	62	0	3
0	138	0	95	62	0	3
0	138	0	96	62	0	6
0	138	0	97	62	0	5
0	138	0	98	62	0	10
0	138	0	99	62	0	0
0	138	0	100	62	0	5
0	138	0	101	62	0	1
0	138	0	102	62	0	1
0	138	0	89	61	0	9
0	138	0	90	61	0	12
0	138	0	91	61	0	4
0	138	0	92	61	0	6
0	138	0	93	61	0	14
0	138	0	94	61	0	5
0	138	0	95	61	0	11
0	138	0	96	61	0	6
0	138	0	97	61	0	5
0	138	0	98	61	0	6
0	138	0	99	61	0	4
0	138	0	100	61	0	5
0	138	0	90	60	0	8
0	138	0	91	60	0	7
0	138	0	92	60	0	7
0	138	0	93	60	0	10
0	138	0	94	60	0	6
0	138	0	95	60	0	5
0	138	0	96	60	0	5
0	138	0	88	59	0	7
0	138	0	89	59	0	12
0	138	0	90	59	0	5
0	138	0	91	59	0	3
0	138	0	92	59	0	12
0	138	0	93	59	0	5
0	138	0	94	59	0	8
0	138	0	95	59	0	6
0	138	0	89	58	0	10
0	138	0	90	58	0	7
0	138	0	91	58	0	14
0	138	0	92	58	0	7
0	138	0	93	58	0	4
0	138	0	94	58	0	10
0	138	0	91	57	0	10
0	138	0	92	57	0	4
0	138	0	93	57	0	5
0	138	0	96	55	0	3
0	138	0	94	54	0	2
0	138	0	95	54	0	0
0	138	0	96	54	0	3
0	138	0	97	54	0	3
0	138	0	101	54	0	2
0	138	0	102	54	0	0
0	138	0	103	54	0	6
0	138	0	104	54	0	4
0	138	0	93	53	0	6
0	138	0	94	53	0	8
0	138	0	95	53	0	13
0	138	0	96	53	0	11
0	138	0	97	53	0	11
0	138	0	101	53	0	9
0	138	0	102	53	0	9
0	138	0	103	53	0	3
0	138	0	104	53	0	0
0	138	0	105	53	0	6
0	138	0	93	52	0	6
0	138	0	94	52	0	3
0	138	0	95	52	0	7
0	138	0	96	52	0	14
0	138	0	97	52	0	9
0	138	0	98	52	0	5
0	138	0	99	52	0	4
0	138	0	93	51	0	8
0	138	0	94	51	0	2
0	138	0	95	51	0	7
0	138	0	96	51	0	6
0	138	0	97	51	0	5
0	138	0	98	51	0	5
0	138	0	99	51	0	2
0	138	0	100	51	0	8
0	138	0	101	51	0	7
0	138	0	102	51	0	8
0	138	0	93	50	0	0
0	138	0	94	50	0	0
0	138	0	95	50	0	6
0	138	0	96	50	0	4
0	138	0	97	50	0	7
0	138	0	98	50	0	2
0	138	0	99	50	0	6
0	138	0	100	50	0	13
0	138	0	101	50	0	8
0	138	0	102	50	0	3
0	138	0	93	49	0	6
0	138	0	95	49	0	2
0	138	0	96	49	0	4
0	138	0	97	49	0	1
0	138	0	98	49	0	4
0	138	0	110	46	0	0
0	139	0	95	73	0	10
0	139	0	95	72	0	5
0	139	0	96	72	0	5
0	139	0	97	72	0	5
0	139	0	98	72	0	11
0	139	0	99	72	0	9
0	139	0	100	72	0	10
0	139	0	90	71	0	6
0	139	0	91	71	0	4
0	139	0	92	71	0	5
0	139	0	93	71	0	3
0	139	0	96	71	0	10
0	139	0	97	71	0	5
0	139	0	98	71	0	8
0	139	0	99	71	0	5
0	139	0	100	71	0	7
0	139	0	101	71	0	7
0	139	0	102	71	0	6
0	139	0	89	70	0	10
0	139	0	90	70	0	7
0	139	0	91	70	0	11
0	139	0	92	70	0	11
0	139	0	95	70	0	7
0	139	0	96	70	0	4
0	139	0	97	70	0	13
0	139	0	98	70	0	11
0	139	0	99	70	0	9
0	139	0	100	70	0	4
0	139	0	101	70	0	14
0	139	0	102	70	0	4
0	139	0	87	69	0	8
0	139	0	88	69	0	8
0	139	0	89	69	0	10
0	139	0	90	69	0	1
0	139	0	91	69	0	11
0	139	0	92	69	0	11
0	139	0	93	69	0	2
0	139	0	94	69	0	12
0	139	0	95	69	0	2
0	139	0	96	69	0	14
0	139	0	97	69	0	1
0	139	0	98	69	0	7
0	139	0	99	69	0	10
0	139	0	100	69	0	14
0	139	0	101	69	0	7
0	139	0	102	69	0	12
0	139	0	89	68	0	2
0	139	0	90	68	0	4
0	139	0	91	68	0	4
0	139	0	92	68	0	5
0	139	0	93	68	0	6
0	139	0	94	68	0	11
0	139	0	95	68	0	7
0	139	0	96	68	0	4
0	139	0	97	68	0	9
0	139	0	98	68	0	10
0	139	0	99	68	0	6
0	139	0	100	68	0	14
0	139	0	101	68	0	9
0	139	0	102	68	0	10
0	139	0	88	67	0	4
0	139	0	89	67	0	12
0	139	0	90	67	0	5
0	139	0	91	67	0	7
0	139	0	92	67	0	7
0	139	0	93	67	0	9
0	139	0	94	67	0	11
0	139	0	95	67	0	13
0	139	0	96	67	0	15
0	139	0	97	67	0	5
0	139	0	98	67	0	8
0	139	0	99	67	0	17
0	139	0	100	67	0	12
0	139	0	101	67	0	2
0	139	0	102	67	0	9
0	139	0	87	66	0	5
0	139	0	88	66	0	6
0	139	0	89	66	0	14
0	139	0	90	66	0	1
0	139	0	91	66	0	4
0	139	0	92	66	0	18
0	139	0	93	66	0	14
0	139	0	94	66	0	5
0	139	0	95	66	0	5
0	139	0	96	66	0	5
0	139	0	97	66	0	6
0	139	0	98	66	0	5
0	139	0	99	66	0	12
0	139	0	100	66	0	13
0	139	0	101	66	0	5
0	139	0	102	66	0	2
0	139	0	88	65	0	3
0	139	0	89	65	0	5
0	139	0	90	65	0	3
0	139	0	91	65	0	3
0	139	0	92	65	0	0
0	139	0	93	65	0	13
0	139	0	94	65	0	10
0	139	0	95	65	0	2
0	139	0	96	65	0	6
0	139	0	97	65	0	8
0	139	0	98	65	0	5
0	139	0	99	65	0	2
0	139	0	100	65	0	8
0	139	0	101	65	0	10
0	139	0	102	65	0	2
0	139	0	103	65	0	8
0	139	0	88	64	0	6
0	139	0	89	64	0	8
0	139	0	90	64	0	5
0	139	0	93	64	0	7
0	139	0	94	64	0	11
0	139	0	95	64	0	9
0	139	0	96	64	0	8
0	139	0	97	64	0	6
0	139	0	98	64	0	9
0	139	0	99	64	0	13
0	139	0	100	64	0	11
0	139	0	101	64	0	13
0	139	0	102	64	0	2
0	139	0	103	64	0	9
0	139	0	87	63	0	7
0	139	0	88	63	0	0
0	139	0	89	63	0	5
0	139	0	90	63	0	6
0	139	0	92	63	0	3
0	139	0	93	63	0	8
0	139	0	94	63	0	14
0	139	0	95	63	0	7
0	139	0	96	63	0	10
0	139	0	97	63	0	8
0	139	0	98	63	0	16
0	139	0	99	63	0	5
0	139	0	100	63	0	8
0	139	0	101	63	0	3
0	139	0	102	63	0	20
0	139	0	103	63	0	13
0	139	0	87	62	0	0
0	139	0	88	62	0	4
0	139	0	89	62	0	9
0	139	0	90	62	0	9
0	139	0	91	62	0	12
0	139	0	92	62	0	3
0	139	0	93	62	0	5
0	139	0	94	62	0	9
0	139	0	95	62	0	3
0	139	0	96	62	0	3
0	139	0	97	62	0	7
0	139	0	98	62	0	7
0	139	0	99	62	0	1
0	139	0	100	62	0	6
0	139	0	101	62	0	2
0	139	0	102	62	0	2
0	139	0	89	61	0	8
0	139	0	90	61	0	12
0	139	0	91	61	0	4
0	139	0	92	61	0	8
0	139	0	93	61	0	7
0	139	0	94	61	0	7
0	139	0	95	61	0	10
0	139	0	96	61	0	7
0	139	0	97	61	0	2
0	139	0	98	61	0	5
0	139	0	99	61	0	8
0	139	0	100	61	0	2
0	139	0	90	60	0	6
0	139	0	91	60	0	4
0	139	0	92	60	0	8
0	139	0	93	60	0	18
0	139	0	94	60	0	4
0	139	0	95	60	0	7
0	139	0	96	60	0	8
0	139	0	88	59	0	8
0	139	0	89	59	0	11
0	139	0	90	59	0	8
0	139	0	91	59	0	8
0	139	0	92	59	0	9
0	139	0	93	59	0	2
0	139	0	94	59	0	9
0	139	0	95	59	0	5
0	139	0	89	58	0	9
0	139	0	90	58	0	9
0	139	0	91	58	0	12
0	139	0	92	58	0	9
0	139	0	93	58	0	7
0	139	0	94	58	0	5
0	139	0	91	57	0	13
0	139	0	92	57	0	6
0	139	0	93	57	0	6
0	139	0	96	55	0	4
0	139	0	94	54	0	2
0	139	0	95	54	0	1
0	139	0	96	54	0	3
0	139	0	97	54	0	3
0	139	0	101	54	0	3
0	139	0	102	54	0	1
0	139	0	103	54	0	8
0	139	0	104	54	0	4
0	139	0	93	53	0	9
0	139	0	94	53	0	6
0	139	0	95	53	0	10
0	139	0	96	53	0	9
0	139	0	97	53	0	8
0	139	0	101	53	0	12
0	139	0	102	53	0	14
0	139	0	103	53	0	1
0	139	0	104	53	0	2
0	139	0	105	53	0	3
0	139	0	93	52	0	5
0	139	0	94	52	0	6
0	139	0	95	52	0	5
0	139	0	96	52	0	11
0	139	0	97	52	0	7
0	139	0	98	52	0	8
0	139	0	99	52	0	4
0	139	0	93	51	0	8
0	139	0	94	51	0	2
0	139	0	95	51	0	7
0	139	0	96	51	0	5
0	139	0	97	51	0	10
0	139	0	98	51	0	4
0	139	0	99	51	0	1
0	139	0	100	51	0	9
0	139	0	101	51	0	6
0	139	0	102	51	0	12
0	139	0	93	50	0	0
0	139	0	94	50	0	0
0	139	0	95	50	0	8
0	139	0	96	50	0	3
0	139	0	97	50	0	5
0	139	0	98	50	0	4
0	139	0	99	50	0	8
0	139	0	100	50	0	7
0	139	0	101	50	0	10
0	139	0	102	50	0	3
0	139	0	93	49	0	4
0	139	0	95	49	0	2
0	139	0	96	49	0	6
0	139	0	97	49	0	1
0	139	0	98	49	0	1
0	139	0	110	46	0	0
0	140	0	95	73	0	11
0	140	0	95	72	0	8
0	140	0	96	72	0	4
0	140	0	97	72	0	3
0	140	0	98	72	0	9
0	140	0	99	72	0	5
0	140	0	100	72	0	10
0	140	0	90	71	0	6
0	140	0	91	71	0	3
0	140	0	92	71	0	6
0	140	0	93	71	0	4
0	140	0	96	71	0	11
0	140	0	97	71	0	7
0	140	0	98	71	0	5
0	140	0	99	71	0	10
0	140	0	100	71	0	7
0	140	0	101	71	0	8
0	140	0	102	71	0	7
0	140	0	89	70	0	6
0	140	0	90	70	0	4
0	140	0	91	70	0	2
0	140	0	92	70	0	14
0	140	0	95	70	0	11
0	140	0	96	70	0	3
0	140	0	97	70	0	10
0	140	0	98	70	0	9
0	140	0	99	70	0	7
0	140	0	100	70	0	7
0	140	0	101	70	0	9
0	140	0	102	70	0	4
0	140	0	87	69	0	3
0	140	0	88	69	0	10
0	140	0	89	69	0	7
0	140	0	90	69	0	0
0	140	0	91	69	0	10
0	140	0	92	69	0	12
0	140	0	93	69	0	1
0	140	0	94	69	0	12
0	140	0	95	69	0	7
0	140	0	96	69	0	9
0	140	0	97	69	0	2
0	140	0	98	69	0	5
0	140	0	99	69	0	5
0	140	0	100	69	0	15
0	140	0	101	69	0	5
0	140	0	102	69	0	9
0	140	0	89	68	0	3
0	140	0	90	68	0	8
0	140	0	91	68	0	8
0	140	0	92	68	0	6
0	140	0	93	68	0	5
0	140	0	94	68	0	10
0	140	0	95	68	0	3
0	140	0	96	68	0	7
0	140	0	97	68	0	7
0	140	0	98	68	0	11
0	140	0	99	68	0	14
0	140	0	100	68	0	12
0	140	0	101	68	0	9
0	140	0	102	68	0	12
0	140	0	88	67	0	5
0	140	0	89	67	0	12
0	140	0	90	67	0	7
0	140	0	91	67	0	7
0	140	0	92	67	0	6
0	140	0	93	67	0	10
0	140	0	94	67	0	13
0	140	0	95	67	0	10
0	140	0	96	67	0	12
0	140	0	97	67	0	5
0	140	0	98	67	0	5
0	140	0	99	67	0	5
0	140	0	100	67	0	15
0	140	0	101	67	0	1
0	140	0	102	67	0	8
0	140	0	87	66	0	7
0	140	0	88	66	0	8
0	140	0	89	66	0	13
0	140	0	90	66	0	1
0	140	0	91	66	0	8
0	140	0	92	66	0	16
0	140	0	93	66	0	6
0	140	0	94	66	0	4
0	140	0	95	66	0	10
0	140	0	96	66	0	2
0	140	0	97	66	0	8
0	140	0	98	66	0	8
0	140	0	99	66	0	11
0	140	0	100	66	0	15
0	140	0	101	66	0	7
0	140	0	102	66	0	2
0	140	0	88	65	0	1
0	140	0	89	65	0	6
0	140	0	90	65	0	4
0	140	0	91	65	0	3
0	140	0	92	65	0	0
0	140	0	93	65	0	9
0	140	0	94	65	0	16
0	140	0	95	65	0	8
0	140	0	96	65	0	8
0	140	0	97	65	0	12
0	140	0	98	65	0	7
0	140	0	99	65	0	4
0	140	0	100	65	0	6
0	140	0	101	65	0	7
0	140	0	102	65	0	3
0	140	0	103	65	0	4
0	140	0	88	64	0	9
0	140	0	89	64	0	7
0	140	0	90	64	0	2
0	140	0	93	64	0	11
0	140	0	94	64	0	7
0	140	0	95	64	0	14
0	140	0	96	64	0	12
0	140	0	97	64	0	5
0	140	0	98	64	0	9
0	140	0	99	64	0	13
0	140	0	100	64	0	10
0	140	0	101	64	0	10
0	140	0	102	64	0	2
0	140	0	103	64	0	6
0	140	0	87	63	0	9
0	140	0	88	63	0	0
0	140	0	89	63	0	8
0	140	0	90	63	0	6
0	140	0	92	63	0	3
0	140	0	93	63	0	12
0	140	0	94	63	0	8
0	140	0	95	63	0	11
0	140	0	96	63	0	8
0	140	0	97	63	0	9
0	140	0	98	63	0	11
0	140	0	99	63	0	9
0	140	0	100	63	0	10
0	140	0	101	63	0	5
0	140	0	102	63	0	9
0	140	0	103	63	0	6
0	140	0	87	62	0	0
0	140	0	88	62	0	4
0	140	0	89	62	0	11
0	140	0	90	62	0	10
0	140	0	91	62	0	12
0	140	0	92	62	0	4
0	140	0	93	62	0	4
0	140	0	94	62	0	5
0	140	0	95	62	0	5
0	140	0	96	62	0	3
0	140	0	97	62	0	7
0	140	0	98	62	0	3
0	140	0	99	62	0	4
0	140	0	100	62	0	7
0	140	0	101	62	0	2
0	140	0	102	62	0	5
0	140	0	89	61	0	8
0	140	0	90	61	0	8
0	140	0	91	61	0	3
0	140	0	92	61	0	6
0	140	0	93	61	0	12
0	140	0	94	61	0	11
0	140	0	95	61	0	11
0	140	0	96	61	0	7
0	140	0	97	61	0	2
0	140	0	98	61	0	7
0	140	0	99	61	0	7
0	140	0	100	61	0	3
0	140	0	90	60	0	5
0	140	0	91	60	0	8
0	140	0	92	60	0	5
0	140	0	93	60	0	6
0	140	0	94	60	0	4
0	140	0	95	60	0	7
0	140	0	96	60	0	10
0	140	0	88	59	0	5
0	140	0	89	59	0	7
0	140	0	90	59	0	11
0	140	0	91	59	0	4
0	140	0	92	59	0	9
0	140	0	93	59	0	2
0	140	0	94	59	0	13
0	140	0	95	59	0	6
0	140	0	89	58	0	8
0	140	0	90	58	0	6
0	140	0	91	58	0	4
0	140	0	92	58	0	9
0	140	0	93	58	0	7
0	140	0	94	58	0	1
0	140	0	91	57	0	10
0	140	0	92	57	0	6
0	140	0	93	57	0	2
0	140	0	96	55	0	3
0	140	0	94	54	0	3
0	140	0	95	54	0	1
0	140	0	96	54	0	3
0	140	0	97	54	0	2
0	140	0	101	54	0	5
0	140	0	102	54	0	0
0	140	0	103	54	0	8
0	140	0	104	54	0	3
0	140	0	93	53	0	5
0	140	0	94	53	0	4
0	140	0	95	53	0	7
0	140	0	96	53	0	5
0	140	0	97	53	0	7
0	140	0	101	53	0	4
0	140	0	102	53	0	15
0	140	0	103	53	0	2
0	140	0	104	53	0	1
0	140	0	105	53	0	6
0	140	0	93	52	0	6
0	140	0	94	52	0	3
0	140	0	95	52	0	7
0	140	0	96	52	0	7
0	140	0	97	52	0	4
0	140	0	98	52	0	9
0	140	0	99	52	0	6
0	140	0	93	51	0	8
0	140	0	94	51	0	4
0	140	0	95	51	0	12
0	140	0	96	51	0	7
0	140	0	97	51	0	6
0	140	0	98	51	0	4
0	140	0	99	51	0	2
0	140	0	100	51	0	8
0	140	0	101	51	0	10
0	140	0	102	51	0	9
0	140	0	93	50	0	0
0	140	0	94	50	0	0
0	140	0	95	50	0	6
0	140	0	96	50	0	3
0	140	0	97	50	0	13
0	140	0	98	50	0	8
0	140	0	99	50	0	9
0	140	0	100	50	0	6
0	140	0	101	50	0	7
0	140	0	102	50	0	0
0	140	0	93	49	0	3
0	140	0	95	49	0	2
0	140	0	96	49	0	5
0	140	0	97	49	0	1
0	140	0	98	49	0	2
0	140	0	110	46	0	0
