PatchID,XCOORD,YCOORD,ID,MID,FID,sex,age,size,mature,newmature,layeggs,capture,recapture,state,CDist,Hindex,Species,ClassFile,SubPatchID,L0A0,L0A1,L1A0,L1A1
1,2540470.832,712452.2021,Age0_F1_m1f1_P1_Y3_UO6,R1_F1_m1f1_P1_Y1_UO373,R1_F1_m-1f-1_P1_Y-1_U6,MXY,0,31.028997987985097,0,0,0.0,0,0,0,0.0,0.125,1,P0_CV0,1,0,2,1,1
1,2540470.832,712452.2021,Age0_F1_m1f1_P1_Y3_UO28,R1_F1_m1f1_P1_Y0_UO100,R1_F1_m-1f-1_P1_Y-1_U22,FXX,0,31.028997987985097,0,0,0.0,0,0,0,0.0,0.0,1,P0_CV0,1,0,2,0,2
1,2540470.832,712452.2021,Age0_F1_m1f1_P1_Y3_UO33,R1_F1_m1f1_P1_Y1_UO129,R1_F1_m1f1_P1_Y0_UO281,FXX,0,31.028997987985097,0,0,0.0,0,0,0,0.0,0.625,1,P0_CV0,1,0,2,2,0
1,2540470.832,712452.2021,Age0_F1_m1f1_P1_Y3_UO34,R1_F1_m1f1_P1_Y1_UO129,R1_F1_m1f1_P1_Y0_UO281,MXY,0,31.028997987985097,0,0,0.0,0,0,0,0.0,0.625,1,P0_CV0,1,1,1,1,1
1,2540470.832,712452.2021,Age0_F1_m1f1_P1_Y3_UO44,R1_F1_m1f1_P1_Y1_UO312,R1_F1_m1f1_P1_Y1_UO408,MXY,0,31.028997987985097,0,0,0.0,0,0,0,0.0,0.0,1,P0_CV0,1,2,0,1,1
1,2540470.832,712452.2021,Age0_F1_m1f1_P1_Y3_UO45,R1_F1_m1f1_P1_Y1_UO312,R1_F1_m1f1_P1_Y1_UO408,MXY,0,31.028997987985097,0,0,0.0,0,0,0,0.0,0.0,1,P0_CV0,1,0,2,1,1
1,2540470.832,712452.2021,Age0_F1_m1f1_P1_Y3_UO46,R1_F1_m1f1_P1_Y1_UO312,R1_F1_m1f1_P1_Y1_UO408,FXX,0,31.028997987985097,0,0,0.0,0,0,0,0.0,0.0,1,P0_CV0,1,2,0,1,1
1,2540470.832,712452.2021,Age0_F1_m1f1_P1_Y3_UO47,R1_F1_m1f1_P1_Y1_UO170,R1_F1_m1f1_P1_Y1_UO89,MXY,0,31.028997987985097,0,0,0.0,0,0,0,0.0,0.25,1,P0_CV0,1,1,1,0,2
1,2540470.832,712452.2021,Age0_F1_m1f1_P1_Y3_UO48,R1_F1_m1f1_P1_Y1_UO170,R1_F1_m1f1_P1_Y1_UO89,MXY,0,31.028997987985097,0,0,0.0,0,0,0,0.0,0.25,1,P0_CV0,1,0,2,1,1
1,2540470.832,712452.2021,Age0_F1_m1f1_P1_Y3_UO51,R1_F1_m-1f-1_P1_Y-1_U113,R1_F1_m-1f-1_P1_Y-1_U111,FXX,0,31.028997987985097,0,0,0.0,0,0,0,0.0,0.0,1,P0_CV0,1,0,2,2,0
1,2540470.832,712452.2021,Age0_F1_m1f1_P1_Y3_UO52,R1_F1_m-1f-1_P1_Y-1_U113,R1_F1_m-1f-1_P1_Y-1_U111,MXY,0,31.028997987985097,0,0,0.0,0,0,0,0.0,0.0,1,P0_CV0,1,0,2,1,1
1,2540470.832,712452.2021,Age0_F1_m1f1_P1_Y3_UO56,R1_F1_m1f1_P1_Y1_UO527,R1_F1_m1f1_P1_Y1_UO136,MXY,0,31.028997987985097,0,0,0.0,0,0,0,0.0,0.25,1,P0_CV0,1,0,2,0,2
1,2540470.832,712452.2021,Age0_F1_m1f1_P1_Y3_UO68,R1_F1_m1f1_P1_Y1_UO170,R1_F1_m1f1_P1_Y0_UO434,FXX,0,31.028997987985097,0,0,0.0,0,0,0,0.0,0.375,1,P0_CV0,1,1,1,1,1
1,2540470.832,712452.2021,Age0_F1_m1f1_P1_Y3_UO69,R1_F1_m1f1_P1_Y1_UO170,R1_F1_m1f1_P1_Y0_UO434,FXX,0,31.028997987985097,0,0,0.0,0,0,0,0.0,0.375,1,P0_CV0,1,1,1,0,2
1,2540470.832,712452.2021,Age0_F1_m1f1_P1_Y3_UO85,R1_F1_m1f1_P1_Y0_UO273,R1_F1_m1f1_P1_Y0_UO261,FXX,0,31.028997987985097,0,0,0.0,0,0,0,0.0,0.625,1,P0_CV0,1,0,2,1,1
1,2540470.832,712452.2021,Age0_F1_m1f1_P1_Y3_UO86,R1_F1_m1f1_P1_Y0_UO273,R1_F1_m1f1_P1_Y0_UO261,MXY,0,31.028997987985097,0,0,0.0,0,0,0,0.0,0.625,1,P0_CV0,1,0,2,0,2
1,2540470.832,712452.2021,Age0_F1_m1f1_P1_Y3_UO87,R1_F1_m1f1_P1_Y0_UO273,R1_F1_m1f1_P1_Y0_UO261,FXX,0,31.028997987985097,0,0,0.0,0,0,0,0.0,0.625,1,P0_CV0,1,0,2,1,1
1,2540470.832,712452.2021,Age0_F1_m1f1_P1_Y3_UO88,R1_F1_m1f1_P1_Y0_UO273,R1_F1_m1f1_P1_Y0_UO261,MXY,0,31.028997987985097,0,0,0.0,0,0,0,0.0,0.625,1,P0_CV0,1,0,2,0,2
1,2540470.832,712452.2021,Age0_F1_m1f1_P1_Y3_UO105,R1_F1_m1f1_P1_Y0_UO223,R1_F1_m1f1_P1_Y0_UO283,FXX,0,31.028997987985097,0,0,0.0,0,0,0,0.0,0.5,1,P0_CV0,1,2,0,2,0
1,2540470.832,712452.2021,Age0_F1_m1f1_P1_Y3_UO107,R1_F1_m1f1_P1_Y1_UO374,R1_F1_m1f1_P1_Y0_UO282,MXY,0,31.028997987985097,0,0,0.0,0,0,0,0.0,0.375,1,P0_CV0,1,2,0,1,1
1,2540470.832,712452.2021,Age0_F1_m1f1_P1_Y3_UO108,R1_F1_m1f1_P1_Y1_UO374,R1_F1_m1f1_P1_Y0_UO282,MXY,0,31.028997987985097,0,0,0.0,0,0,0,0.0,0.375,1,P0_CV0,1,1,1,1,1
1,2540470.832,712452.2021,Age0_F1_m1f1_P1_Y3_UO109,R1_F1_m1f1_P1_Y1_UO374,R1_F1_m1f1_P1_Y0_UO282,FXX,0,31.028997987985097,0,0,0.0,0,0,0,0.0,0.375,1,P0_CV0,1,1,1,1,1
1,2540470.832,712452.2021,Age0_F1_m1f1_P1_Y3_UO110,R1_F1_m1f1_P1_Y1_UO374,R1_F1_m1f1_P1_Y0_UO282,MXY,0,31.028997987985097,0,0,0.0,0,0,0,0.0,0.375,1,P0_CV0,1,1,1,1,1
1,2540470.832,712452.2021,Age0_F1_m1f1_P1_Y3_UO125,R1_F1_m1f1_P1_Y1_UO170,R1_F1_m1f1_P1_Y1_UO254,MXY,0,31.028997987985097,0,0,0.0,0,0,0,0.0,0.25,1,P0_CV0,1,0,2,1,1
1,2540470.832,712452.2021,Age0_F1_m1f1_P1_Y3_UO126,R1_F1_m1f1_P1_Y1_UO170,R1_F1_m1f1_P1_Y1_UO254,FXX,0,31.028997987985097,0,0,0.0,0,0,0,0.0,0.25,1,P0_CV0,1,0,2,1,1
1,2540470.832,712452.2021,Age0_F1_m1f1_P1_Y3_UO140,R1_F1_m1f1_P1_Y0_UO223,R1_F1_m-1f-1_P1_Y-1_U85,MXY,0,31.028997987985097,0,0,0.0,0,0,0,0.0,0.25,1,P0_CV0,1,1,1,1,1
1,2540470.832,712452.2021,Age0_F1_m1f1_P1_Y3_UO141,R1_F1_m1f1_P1_Y0_UO223,R1_F1_m-1f-1_P1_Y-1_U85,FXX,0,31.028997987985097,0,0,0.0,0,0,0,0.0,0.25,1,P0_CV0,1,0,2,1,1
1,2540470.832,712452.2021,Age0_F1_m1f1_P1_Y3_UO142,R1_F1_m1f1_P1_Y1_UO148,R1_F1_m1f1_P1_Y0_UO224,FXX,0,31.028997987985097,0,0,0.0,0,0,0,0.0,0.375,1,P0_CV0,1,1,1,1,1
1,2540470.832,712452.2021,Age0_F1_m1f1_P1_Y3_UO143,R1_F1_m1f1_P1_Y1_UO148,R1_F1_m1f1_P1_Y0_UO224,FXX,0,31.028997987985097,0,0,0.0,0,0,0,0.0,0.375,1,P0_CV0,1,1,1,1,1
1,2540470.832,712452.2021,Age0_F1_m1f1_P1_Y3_UO149,R1_F1_m1f1_P1_Y1_UO6,R1_F1_m1f1_P1_Y1_UO24,MXY,0,31.028997987985097,0,0,0.0,0,0,0,0.0,0.125,1,P0_CV0,1,1,1,1,1
1,2540470.832,712452.2021,Age0_F1_m1f1_P1_Y3_UO150,R1_F1_m1f1_P1_Y1_UO6,R1_F1_m1f1_P1_Y1_UO24,MXY,0,31.028997987985097,0,0,0.0,0,0,0,0.0,0.125,1,P0_CV0,1,1,1,1,1
1,2540470.832,712452.2021,Age0_F1_m1f1_P1_Y3_UO151,R1_F1_m1f1_P1_Y1_UO6,R1_F1_m1f1_P1_Y1_UO24,FXX,0,31.028997987985097,0,0,0.0,0,0,0,0.0,0.125,1,P0_CV0,1,0,2,1,1
1,2540470.832,712452.2021,Age0_F1_m1f1_P1_Y3_UO155,R1_F1_m1f1_P1_Y1_UO14,R1_F1_m1f1_P1_Y0_UO99,FXX,0,31.028997987985097,0,0,0.0,0,0,0,0.0,0.25,1,P0_CV0,1,0,2,1,1
1,2540470.832,712452.2021,Age0_F1_m1f1_P1_Y3_UO156,R1_F1_m1f1_P1_Y1_UO14,R1_F1_m1f1_P1_Y0_UO99,MXY,0,31.028997987985097,0,0,0.0,0,0,0,0.0,0.25,1,P0_CV0,1,1,1,2,0
1,2540470.832,712452.2021,Age0_F1_m1f1_P1_Y3_UO188,R1_F1_m1f1_P1_Y1_UO377,R1_F1_m1f1_P1_Y1_UO255,FXX,0,31.028997987985097,0,0,0.0,0,0,0,0.0,0.25,1,P0_CV0,1,1,1,1,1
1,2540470.832,712452.2021,Age0_F1_m1f1_P1_Y3_UO189,R1_F1_m1f1_P1_Y1_UO377,R1_F1_m1f1_P1_Y1_UO255,MXY,0,31.028997987985097,0,0,0.0,0,0,0,0.0,0.25,1,P0_CV0,1,2,0,2,0
1,2540470.832,712452.2021,Age0_F1_m1f1_P1_Y3_UO192,R1_F1_m1f1_P1_Y0_UO540,R1_F1_m1f1_P1_Y1_UO487,FXX,0,31.028997987985097,0,0,0.0,0,0,0,0.0,0.125,1,P0_CV0,1,1,1,1,1
1,2540470.832,712452.2021,Age0_F1_m1f1_P1_Y3_UO209,R1_F1_m1f1_P1_Y1_UO342,R1_F1_m-1f-1_P1_Y-1_U126,FXX,0,31.028997987985097,0,0,0.0,0,0,0,0.0,0.375,1,P0_CV0,1,1,1,1,1
1,2540470.832,712452.2021,Age0_F1_m1f1_P1_Y3_UO224,R1_F1_m1f1_P1_Y1_UO305,R1_F1_m-1f-1_P1_Y-1_U126,FXX,0,31.028997987985097,0,0,0.0,0,0,0,0.0,0.375,1,P0_CV0,1,1,1,0,2
1,2540470.832,712452.2021,Age0_F1_m1f1_P1_Y3_UO225,R1_F1_m1f1_P1_Y1_UO305,R1_F1_m-1f-1_P1_Y-1_U126,MXY,0,31.028997987985097,0,0,0.0,0,0,0,0.0,0.375,1,P0_CV0,1,0,2,0,2
1,2540470.832,712452.2021,Age0_F1_m1f1_P1_Y3_UO272,R1_F1_m1f1_P1_Y1_UO148,R1_F1_m-1f-1_P1_Y-1_U62,MXY,0,31.028997987985097,0,0,0.0,0,0,0,0.0,0.375,1,P0_CV0,1,1,1,0,2
1,2540470.832,712452.2021,Age0_F1_m1f1_P1_Y3_UO273,R1_F1_m1f1_P1_Y1_UO148,R1_F1_m-1f-1_P1_Y-1_U62,MXY,0,31.028997987985097,0,0,0.0,0,0,0,0.0,0.375,1,P0_CV0,1,1,1,1,1
1,2540470.832,712452.2021,Age0_F1_m1f1_P1_Y3_UO283,R1_F1_m-1f-1_P1_Y-1_U58,R1_F1_m1f1_P1_Y0_UO283,FXX,0,31.028997987985097,0,0,0.0,0,0,0,0.0,0.25,1,P0_CV0,1,0,2,1,1
1,2540470.832,712452.2021,Age0_F1_m1f1_P1_Y3_UO284,R1_F1_m-1f-1_P1_Y-1_U58,R1_F1_m1f1_P1_Y0_UO283,MXY,0,31.028997987985097,0,0,0.0,0,0,0,0.0,0.25,1,P0_CV0,1,0,2,1,1
1,2540470.832,712452.2021,Age0_F1_m1f1_P1_Y3_UO285,R1_F1_m-1f-1_P1_Y-1_U58,R1_F1_m1f1_P1_Y0_UO283,FXX,0,31.028997987985097,0,0,0.0,0,0,0,0.0,0.25,1,P0_CV0,1,0,2,1,1
1,2540470.832,712452.2021,Age0_F1_m1f1_P1_Y3_UO288,R1_F1_m-1f-1_P1_Y-1_U113,R1_F1_m1f1_P1_Y0_UO224,MXY,0,31.028997987985097,0,0,0.0,0,0,0,0.0,0.25,1,P0_CV0,1,1,1,1,1
1,2540470.832,712452.2021,Age0_F1_m1f1_P1_Y3_UO289,R1_F1_m-1f-1_P1_Y-1_U113,R1_F1_m1f1_P1_Y0_UO224,FXX,0,31.028997987985097,0,0,0.0,0,0,0,0.0,0.25,1,P0_CV0,1,1,1,0,2
1,2540470.832,712452.2021,Age0_F1_m1f1_P1_Y3_UO290,R1_F1_m-1f-1_P1_Y-1_U113,R1_F1_m1f1_P1_Y0_UO224,FXX,0,31.028997987985097,0,0,0.0,0,0,0,0.0,0.25,1,P0_CV0,1,1,1,1,1
1,2540470.832,712452.2021,Age0_F1_m1f1_P1_Y3_UO291,R1_F1_m-1f-1_P1_Y-1_U113,R1_F1_m1f1_P1_Y0_UO224,MXY,0,31.028997987985097,0,0,0.0,0,0,0,0.0,0.25,1,P0_CV0,1,1,1,0,2
1,2540470.832,712452.2021,Age0_F1_m1f1_P1_Y3_UO292,R1_F1_m-1f-1_P1_Y-1_U113,R1_F1_m1f1_P1_Y0_UO224,MXY,0,31.028997987985097,0,0,0.0,0,0,0,0.0,0.25,1,P0_CV0,1,1,1,2,0
1,2540470.832,712452.2021,Age0_F1_m1f1_P1_Y3_UO306,R1_F1_m1f1_P1_Y1_UO389,R1_F1_m1f1_P1_Y0_UO281,MXY,0,31.028997987985097,0,0,0.0,0,0,0,0.0,0.375,1,P0_CV0,1,1,1,2,0
1,2540470.832,712452.2021,Age0_F1_m1f1_P1_Y3_UO318,R1_F1_m1f1_P1_Y1_UO524,R1_F1_m1f1_P1_Y0_UO283,FXX,0,31.028997987985097,0,0,0.0,0,0,0,0.0,0.5,1,P0_CV0,1,0,2,1,1
1,2540470.832,712452.2021,Age0_F1_m1f1_P1_Y3_UO319,R1_F1_m1f1_P1_Y1_UO524,R1_F1_m1f1_P1_Y0_UO283,MXY,0,31.028997987985097,0,0,0.0,0,0,0,0.0,0.5,1,P0_CV0,1,1,1,1,1
1,2540470.832,712452.2021,Age0_F1_m1f1_P1_Y3_UO374,R1_F1_m1f1_P1_Y1_UO468,R1_F1_m1f1_P1_Y1_UO201,MXY,0,31.028997987985097,0,0,0.0,0,0,0,0.0,0.375,1,P0_CV0,1,1,1,1,1
1,2540470.832,712452.2021,Age0_F1_m1f1_P1_Y3_UO375,R1_F1_m1f1_P1_Y1_UO468,R1_F1_m1f1_P1_Y1_UO201,FXX,0,31.028997987985097,0,0,0.0,0,0,0,0.0,0.375,1,P0_CV0,1,0,2,0,2
1,2540470.832,712452.2021,Age0_F1_m1f1_P1_Y3_UO376,R1_F1_m1f1_P1_Y1_UO468,R1_F1_m1f1_P1_Y1_UO201,MXY,0,31.028997987985097,0,0,0.0,0,0,0,0.0,0.375,1,P0_CV0,1,0,2,0,2
1,2540470.832,712452.2021,Age0_F1_m1f1_P1_Y3_UO381,R1_F1_m-1f-1_P1_Y-1_U65,R1_F1_m1f1_P1_Y0_UO14,MXY,0,31.028997987985097,0,0,0.0,0,0,0,0.0,0.375,1,P0_CV0,1,0,2,0,2
1,2540470.832,712452.2021,Age0_F1_m1f1_P1_Y3_UO382,R1_F1_m-1f-1_P1_Y-1_U65,R1_F1_m1f1_P1_Y0_UO14,MXY,0,31.028997987985097,0,0,0.0,0,0,0,0.0,0.375,1,P0_CV0,1,1,1,0,2
1,2540470.832,712452.2021,Age0_F1_m1f1_P1_Y3_UO383,R1_F1_m-1f-1_P1_Y-1_U65,R1_F1_m1f1_P1_Y0_UO14,FXX,0,31.028997987985097,0,0,0.0,0,0,0,0.0,0.375,1,P0_CV0,1,0,2,1,1
1,2540470.832,712452.2021,Age0_F1_m1f1_P1_Y3_UO384,R1_F1_m-1f-1_P1_Y-1_U65,R1_F1_m1f1_P1_Y0_UO14,MXY,0,31.028997987985097,0,0,0.0,0,0,0,0.0,0.375,1,P0_CV0,1,0,2,0,2
1,2540470.832,712452.2021,Age0_F1_m1f1_P1_Y3_UO385,R1_F1_m-1f-1_P1_Y-1_U65,R1_F1_m1f1_P1_Y0_UO14,MXY,0,31.028997987985097,0,0,0.0,0,0,0,0.0,0.375,1,P0_CV0,1,1,1,1,1
1,2540470.832,712452.2021,Age0_F1_m1f1_P1_Y3_UO386,R1_F1_m1f1_P1_Y0_UO539,R1_F1_m1f1_P1_Y1_UO438,FXX,0,31.028997987985097,0,0,0.0,0,0,0,0.0,0.25,1,P0_CV0,1,1,1,0,2
1,2540470.832,712452.2021,Age0_F1_m1f1_P1_Y3_UO387,R1_F1_m1f1_P1_Y0_UO539,R1_F1_m1f1_P1_Y1_UO438,MXY,0,31.028997987985097,0,0,0.0,0,0,0,0.0,0.25,1,P0_CV0,1,1,1,1,1
1,2540470.832,712452.2021,Age0_F1_m1f1_P1_Y3_UO391,R1_F1_m1f1_P1_Y1_UO238,R1_F1_m1f1_P1_Y1_UO432,FXX,0,31.028997987985097,0,0,0.0,0,0,0,0.0,0.125,1,P0_CV0,1,1,1,1,1
1,2540470.832,712452.2021,Age0_F1_m1f1_P1_Y3_UO392,R1_F1_m1f1_P1_Y1_UO238,R1_F1_m1f1_P1_Y1_UO432,MXY,0,31.028997987985097,0,0,0.0,0,0,0,0.0,0.125,1,P0_CV0,1,0,2,0,2
1,2540470.832,712452.2021,Age0_F1_m1f1_P1_Y3_UO393,R1_F1_m1f1_P1_Y1_UO238,R1_F1_m1f1_P1_Y1_UO432,MXY,0,31.028997987985097,0,0,0.0,0,0,0,0.0,0.125,1,P0_CV0,1,0,2,0,2
1,2540470.832,712452.2021,Age0_F1_m1f1_P1_Y3_UO404,R1_F1_m1f1_P1_Y1_UO342,R1_F1_m1f1_P1_Y1_UO89,FXX,0,31.028997987985097,0,0,0.0,0,0,0,0.0,0.25,1,P0_CV0,1,1,1,2,0
1,2540470.832,712452.2021,Age0_F1_m1f1_P1_Y3_UO405,R1_F1_m1f1_P1_Y1_UO342,R1_F1_m1f1_P1_Y1_UO89,MXY,0,31.028997987985097,0,0,0.0,0,0,0,0.0,0.25,1,P0_CV0,1,2,0,1,1
1,2540470.832,712452.2021,Age0_F1_m1f1_P1_Y3_UO410,R1_F1_m1f1_P1_Y1_UO377,R1_F1_m1f1_P1_Y1_UO135,FXX,0,31.028997987985097,0,0,0.0,0,0,0,0.0,0.25,1,P0_CV0,1,0,2,0,2
1,2540470.832,712452.2021,Age0_F1_m1f1_P1_Y3_UO411,R1_F1_m1f1_P1_Y1_UO377,R1_F1_m1f1_P1_Y1_UO135,MXY,0,31.028997987985097,0,0,0.0,0,0,0,0.0,0.25,1,P0_CV0,1,1,1,1,1
1,2540470.832,712452.2021,Age0_F1_m1f1_P1_Y3_UO426,R1_F1_m1f1_P1_Y0_UO223,R1_F1_m-1f-1_P1_Y-1_U111,FXX,0,31.028997987985097,0,0,0.0,0,0,0,0.0,0.25,1,P0_CV0,1,1,1,2,0
1,2540470.832,712452.2021,Age0_F1_m1f1_P1_Y3_UO427,R1_F1_m1f1_P1_Y0_UO223,R1_F1_m-1f-1_P1_Y-1_U111,FXX,0,31.028997987985097,0,0,0.0,0,0,0,0.0,0.25,1,P0_CV0,1,1,1,1,1
1,2540470.832,712452.2021,Age0_F1_m1f1_P1_Y3_UO433,R1_F1_m1f1_P1_Y1_UO524,R1_F1_m1f1_P1_Y0_UO219,FXX,0,31.028997987985097,0,0,0.0,0,0,0,0.0,0.5,1,P0_CV0,1,1,1,1,1
1,2540470.832,712452.2021,Age0_F1_m1f1_P1_Y3_UO434,R1_F1_m1f1_P1_Y1_UO524,R1_F1_m1f1_P1_Y0_UO219,MXY,0,31.028997987985097,0,0,0.0,0,0,0,0.0,0.5,1,P0_CV0,1,0,2,0,2
1,2540470.832,712452.2021,Age0_F1_m1f1_P1_Y3_UO435,R1_F1_m1f1_P1_Y1_UO524,R1_F1_m1f1_P1_Y0_UO219,MXY,0,31.028997987985097,0,0,0.0,0,0,0,0.0,0.5,1,P0_CV0,1,0,2,1,1
1,2540470.832,712452.2021,Age0_F1_m1f1_P1_Y3_UO473,R1_F1_m1f1_P1_Y0_UO540,R1_F1_m1f1_P1_Y1_UO309,MXY,0,31.028997987985097,0,0,0.0,0,0,0,0.0,0.25,1,P0_CV0,1,0,2,0,2
1,2540470.832,712452.2021,Age0_F1_m1f1_P1_Y3_UO474,R1_F1_m1f1_P1_Y0_UO540,R1_F1_m1f1_P1_Y1_UO309,FXX,0,31.028997987985097,0,0,0.0,0,0,0,0.0,0.25,1,P0_CV0,1,0,2,1,1
1,2540470.832,712452.2021,Age0_F1_m1f1_P1_Y3_UO486,R1_F1_m1f1_P1_Y0_UO738,R1_F1_m-1f-1_P1_Y-1_U22,FXX,0,31.028997987985097,0,0,0.0,0,0,0,0.0,0.125,1,P0_CV0,1,1,1,2,0
1,2540470.832,712452.2021,Age0_F1_m1f1_P1_Y3_UO496,R1_F1_m-1f-1_P1_Y-1_U19,R1_F1_m1f1_P1_Y0_UO281,MXY,0,31.028997987985097,0,0,0.0,0,0,0,0.0,0.25,1,P0_CV0,1,0,2,1,1
1,2540470.832,712452.2021,Age0_F1_m1f1_P1_Y3_UO497,R1_F1_m-1f-1_P1_Y-1_U19,R1_F1_m1f1_P1_Y0_UO281,MXY,0,31.028997987985097,0,0,0.0,0,0,0,0.0,0.25,1,P0_CV0,1,0,2,1,1
1,2540470.832,712452.2021,Age0_F1_m1f1_P1_Y3_UO498,R1_F1_m-1f-1_P1_Y-1_U19,R1_F1_m1f1_P1_Y0_UO281,FXX,0,31.028997987985097,0,0,0.0,0,0,0,0.0,0.25,1,P0_CV0,1,0,2,1,1
1,2540470.832,712452.2021,Age0_F1_m1f1_P1_Y3_UO499,R1_F1_m-1f-1_P1_Y-1_U19,R1_F1_m1f1_P1_Y0_UO281,MXY,0,31.028997987985097,0,0,0.0,0,0,0,0.0,0.25,1,P0_CV0,1,0,2,1,1
1,2540470.832,712452.2021,Age0_F1_m1f1_P1_Y3_UO504,R1_F1_m1f1_P1_Y0_UO97,R1_F1_m1f1_P1_Y0_UO224,MXY,0,31.028997987985097,0,0,0.0,0,0,0,0.0,0.25,1,P0_CV0,1,1,1,1,1
1,2540470.832,712452.2021,Age0_F1_m1f1_P1_Y3_UO505,R1_F1_m1f1_P1_Y0_UO97,R1_F1_m1f1_P1_Y0_UO224,MXY,0,31.028997987985097,0,0,0.0,0,0,0,0.0,0.25,1,P0_CV0,1,1,1,0,2
1,2540470.832,712452.2021,Age0_F1_m1f1_P1_Y3_UO508,R1_F1_m-1f-1_P1_Y-1_U65,R1_F1_m1f1_P1_Y1_UO353,FXX,0,31.028997987985097,0,0,0.0,0,0,0,0.0,0.125,1,P0_CV0,1,0,2,1,1
1,2540470.832,712452.2021,Age0_F1_m1f1_P1_Y3_UO509,R1_F1_m-1f-1_P1_Y-1_U65,R1_F1_m1f1_P1_Y1_UO353,MXY,0,31.028997987985097,0,0,0.0,0,0,0,0.0,0.125,1,P0_CV0,1,0,2,1,1
1,2540470.832,712452.2021,Age0_F1_m1f1_P1_Y3_UO529,R1_F1_m1f1_P1_Y0_UO738,R1_F1_m1f1_P1_Y0_UO99,MXY,0,31.028997987985097,0,0,0.0,0,0,0,0.0,0.125,1,P0_CV0,1,1,1,0,2
1,2540470.832,712452.2021,Age0_F1_m1f1_P1_Y3_UO530,R1_F1_m1f1_P1_Y0_UO738,R1_F1_m1f1_P1_Y0_UO99,MXY,0,31.028997987985097,0,0,0.0,0,0,0,0.0,0.125,1,P0_CV0,1,2,0,1,1
1,2540470.832,712452.2021,Age0_F1_m1f1_P1_Y3_UO531,R1_F1_m-1f-1_P1_Y-1_U58,R1_F1_m1f1_P1_Y0_UO283,MXY,0,31.028997987985097,0,0,0.0,0,0,0,0.0,0.25,1,P0_CV0,1,0,2,1,1
1,2540470.832,712452.2021,Age0_F1_m1f1_P1_Y3_UO532,R1_F1_m-1f-1_P1_Y-1_U58,R1_F1_m1f1_P1_Y0_UO283,MXY,0,31.028997987985097,0,0,0.0,0,0,0,0.0,0.25,1,P0_CV0,1,0,2,1,1
1,2540470.832,712452.2021,Age0_F1_m1f1_P1_Y3_UO533,R1_F1_m-1f-1_P1_Y-1_U58,R1_F1_m1f1_P1_Y0_UO283,FXX,0,31.028997987985097,0,0,0.0,0,0,0,0.0,0.25,1,P0_CV0,1,0,2,1,1
1,2540470.832,712452.2021,Age0_F1_m1f1_P1_Y3_UO545,R1_F1_m1f1_P1_Y0_UO328,R1_F1_m-1f-1_P1_Y-1_U85,MXY,0,31.028997987985097,0,0,0.0,0,0,0,0.0,0.125,1,P0_CV0,1,1,1,1,1
1,2540470.832,712452.2021,Age0_F1_m1f1_P1_Y3_UO546,R1_F1_m1f1_P1_Y0_UO328,R1_F1_m-1f-1_P1_Y-1_U85,FXX,0,31.028997987985097,0,0,0.0,0,0,0,0.0,0.125,1,P0_CV0,1,0,2,1,1
1,2540470.832,712452.2021,Age0_F1_m1f1_P1_Y3_UO561,R1_F1_m1f1_P1_Y0_UO539,R1_F1_m1f1_P1_Y1_UO353,MXY,0,31.028997987985097,0,0,0.0,0,0,0,0.0,0.25,1,P0_CV0,1,0,2,1,1
1,2540470.832,712452.2021,Age0_F1_m1f1_P1_Y3_UO562,R1_F1_m1f1_P1_Y0_UO539,R1_F1_m1f1_P1_Y1_UO353,MXY,0,31.028997987985097,0,0,0.0,0,0,0,0.0,0.25,1,P0_CV0,1,1,1,2,0
1,2540470.832,712452.2021,Age0_F1_m1f1_P1_Y3_UO570,R1_F1_m1f1_P1_Y1_UO468,R1_F1_m1f1_P1_Y0_UO424,FXX,0,31.028997987985097,0,0,0.0,0,0,0,0.0,0.125,1,P0_CV0,1,1,1,1,1
1,2540470.832,712452.2021,Age0_F1_m1f1_P1_Y3_UO573,R1_F1_m1f1_P1_Y0_UO539,R1_F1_m1f1_P1_Y0_UO396,FXX,0,31.028997987985097,0,0,0.0,0,0,0,0.0,0.125,1,P0_CV0,1,0,2,0,2
1,2540470.832,712452.2021,Age0_F1_m1f1_P1_Y3_UO574,R1_F1_m1f1_P1_Y0_UO539,R1_F1_m1f1_P1_Y0_UO396,MXY,0,31.028997987985097,0,0,0.0,0,0,0,0.0,0.125,1,P0_CV0,1,1,1,1,1
1,2540470.832,712452.2021,Age0_F1_m1f1_P1_Y3_UO577,R1_F1_m1f1_P1_Y1_UO468,R1_F1_m1f1_P1_Y1_UO408,MXY,0,31.028997987985097,0,0,0.0,0,0,0,0.0,0.125,1,P0_CV0,1,1,1,1,1
1,2540470.832,712452.2021,Age0_F1_m1f1_P1_Y3_UO578,R1_F1_m1f1_P1_Y1_UO468,R1_F1_m1f1_P1_Y1_UO408,FXX,0,31.028997987985097,0,0,0.0,0,0,0,0.0,0.125,1,P0_CV0,1,0,2,1,1
1,2540470.832,712452.2021,Age0_F1_m1f1_P1_Y3_UO579,R1_F1_m1f1_P1_Y1_UO468,R1_F1_m1f1_P1_Y1_UO408,MXY,0,31.028997987985097,0,0,0.0,0,0,0,0.0,0.125,1,P0_CV0,1,1,1,1,1
1,2540470.832,712452.2021,R1_F1_m1f1_P1_Y2_UO257,R1_F1_m1f1_P1_Y0_UO738,R1_F1_m1f1_P1_Y0_UO397,FXX,1,53.66092273482479,1,1,0.0,0,0,0,-9999.0,0.375,1,P0_CV0,1,2,0,0,2
1,2540470.832,712452.2021,R1_F1_m1f1_P1_Y2_UO103,R1_F1_m1f1_P1_Y0_UO198,R1_F1_m-1f-1_P1_Y-1_U11,MXY,1,53.66092273482479,1,1,0.0,0,0,0,-9999.0,0.5,1,P0_CV0,1,1,1,2,0
1,2540470.832,712452.2021,R1_F1_m1f1_P1_Y2_UO106,R1_F1_m1f1_P1_Y0_UO198,R1_F1_m-1f-1_P1_Y-1_U11,FXX,1,53.66092273482479,1,1,1.0,0,0,0,-9999.0,0.5,1,P0_CV0,1,1,1,0,2
1,2540470.832,712452.2021,R1_F1_m1f1_P1_Y2_UO11,R1_F1_m-1f-1_P1_Y-1_U12,R1_F1_m-1f-1_P1_Y-1_U38,MXY,1,53.66092273482479,1,1,0.0,0,0,0,-9999.0,0.25,1,P0_CV0,1,0,2,1,1
1,2540470.832,712452.2021,R1_F1_m1f1_P1_Y2_UO320,R1_F1_m-1f-1_P1_Y-1_U116,R1_F1_m-1f-1_P1_Y-1_U62,FXX,1,53.66092273482479,1,1,0.0,0,0,0,-9999.0,0.25,1,P0_CV0,1,0,2,1,1
1,2540470.832,712452.2021,R1_F1_m1f1_P1_Y2_UO315,R1_F1_m-1f-1_P1_Y-1_U12,I1_F7_m1f1_P1_Y0_UO587,MXY,1,53.66092273482479,1,1,0.0,0,0,0,-9999.0,0.25,1,P0_CV0,1,0,2,1,1
1,2540470.832,712452.2021,R1_F1_m1f1_P1_Y2_UO472,R1_F1_m-1f-1_P1_Y-1_U47,R1_F1_m1f1_P1_Y0_UO283,FXX,1,53.66092273482479,1,1,0.0,0,0,0,-9999.0,0.5,1,P0_CV0,1,0,2,2,0
1,2540470.832,712452.2021,R1_F1_m1f1_P1_Y2_UO442,R1_F1_m1f1_P1_Y0_UO97,I1_F7_m1f1_P1_Y0_UO587,MXY,1,53.66092273482479,1,1,0.0,0,0,0,-9999.0,0.25,1,P0_CV0,1,1,1,0,2
1,2540470.832,712452.2021,R1_F1_m1f1_P1_Y2_UO208,R1_F1_m-1f-1_P1_Y-1_U47,R1_F1_m1f1_P1_Y0_UO224,FXX,1,53.66092273482479,1,1,1.0,0,0,0,-9999.0,0.5,1,P0_CV0,1,1,1,2,0
1,2540470.832,712452.2021,R1_F1_m1f1_P1_Y2_UO314,R1_F1_m-1f-1_P1_Y-1_U12,I1_F7_m1f1_P1_Y0_UO587,MXY,1,53.66092273482479,1,1,0.0,0,0,0,-9999.0,0.25,1,P0_CV0,1,0,2,0,2
1,2540470.832,712452.2021,R1_F1_m1f1_P1_Y2_UO537,R1_F1_m1f1_P1_Y0_UO738,R1_F1_m1f1_P1_Y0_UO87,MXY,1,53.66092273482479,1,1,0.0,0,0,0,-9999.0,0.5,1,P0_CV0,1,1,1,0,2
1,2540470.832,712452.2021,R1_F1_m1f1_P1_Y2_UO321,R1_F1_m-1f-1_P1_Y-1_U116,R1_F1_m-1f-1_P1_Y-1_U62,MXY,1,53.66092273482479,1,1,0.0,0,0,0,-9999.0,0.25,1,P0_CV0,1,1,1,1,1
1,2540470.832,712452.2021,R1_F1_m1f1_P1_Y2_UO177,R1_F1_m-1f-1_P1_Y-1_U56,R1_F1_m-1f-1_P1_Y-1_U111,MXY,1,53.66092273482479,1,1,0.0,0,0,0,-9999.0,0.5,1,P0_CV0,1,1,1,0,2
1,2540470.832,712452.2021,R1_F1_m1f1_P1_Y2_UO308,R1_F1_m-1f-1_P1_Y-1_U12,I1_F7_m1f1_P1_Y0_UO587,FXX,1,53.66092273482479,1,1,2.023,0,0,0,-9999.0,0.25,1,P0_CV0,1,0,2,0,2
1,2540470.832,712452.2021,R1_F1_m1f1_P1_Y2_UO113,R1_F1_m-1f-1_P1_Y-1_U116,R1_F1_m1f1_P1_Y0_UO224,FXX,1,53.66092273482479,1,1,1.0,0,0,0,-9999.0,0.25,1,P0_CV0,1,1,1,1,1
1,2540470.832,712452.2021,R1_F1_m1f1_P1_Y2_UO410,R1_F1_m1f1_P1_Y0_UO539,R1_F1_m-1f-1_P1_Y-1_U17,MXY,1,53.66092273482479,1,1,0.0,0,0,0,-9999.0,0.375,1,P0_CV0,1,1,1,2,0
1,2540470.832,712452.2021,R1_F1_m1f1_P1_Y2_UO102,R1_F1_m1f1_P1_Y0_UO198,R1_F1_m-1f-1_P1_Y-1_U11,MXY,1,53.66092273482479,1,1,0.0,0,0,0,-9999.0,0.5,1,P0_CV0,1,1,1,1,1
1,2540470.832,712452.2021,R1_F1_m1f1_P1_Y2_UO456,R1_F1_m-1f-1_P1_Y-1_U116,R1_F1_m1f1_P1_Y0_UO783,MXY,1,53.66092273482479,1,1,0.0,0,0,0,-9999.0,0.375,1,P0_CV0,1,1,1,2,0
1,2540470.832,712452.2021,R1_F1_m1f1_P1_Y2_UO211,R1_F1_m-1f-1_P1_Y-1_U47,R1_F1_m1f1_P1_Y0_UO224,MXY,1,53.66092273482479,1,1,0.0,0,0,0,-9999.0,0.5,1,P0_CV0,1,1,1,2,0
1,2540470.832,712452.2021,R1_F1_m1f1_P1_Y2_UO174,R1_F1_m-1f-1_P1_Y-1_U56,R1_F1_m-1f-1_P1_Y-1_U111,MXY,1,53.66092273482479,1,1,0.0,0,0,0,-9999.0,0.5,1,P0_CV0,1,1,1,1,1
1,2540470.832,712452.2021,R1_F1_m1f1_P1_Y2_UO304,R1_F1_m1f1_P1_Y0_UO90,R1_F1_m1f1_P1_Y0_UO217,FXX,1,53.66092273482479,1,1,1.033,0,0,0,-9999.0,0.375,1,P0_CV0,1,1,1,2,0
1,2540470.832,712452.2021,R1_F1_m1f1_P1_Y2_UO258,R1_F1_m1f1_P1_Y0_UO738,R1_F1_m1f1_P1_Y0_UO397,MXY,1,53.66092273482479,1,1,0.0,0,0,0,-9999.0,0.375,1,P0_CV0,1,2,0,0,2
1,2540470.832,712452.2021,R1_F1_m1f1_P1_Y2_UO309,R1_F1_m-1f-1_P1_Y-1_U12,I1_F7_m1f1_P1_Y0_UO587,MXY,1,53.66092273482479,1,1,0.0,0,0,0,-9999.0,0.25,1,P0_CV0,1,1,1,1,1
1,2540470.832,712452.2021,R1_F1_m1f1_P1_Y2_UO302,R1_F1_m1f1_P1_Y0_UO90,R1_F1_m1f1_P1_Y0_UO217,FXX,1,53.66092273482479,1,1,0.0,0,0,0,-9999.0,0.375,1,P0_CV0,1,1,1,2,0
1,2540470.832,712452.2021,R1_F1_m1f1_P1_Y2_UO101,R1_F1_m1f1_P1_Y0_UO198,R1_F1_m-1f-1_P1_Y-1_U11,MXY,1,53.66092273482479,1,1,0.0,0,0,0,-9999.0,0.5,1,P0_CV0,1,1,1,2,0
1,2540470.832,712452.2021,R1_F1_m1f1_P1_Y2_UO259,R1_F1_m1f1_P1_Y0_UO738,R1_F1_m1f1_P1_Y0_UO397,MXY,1,53.66092273482479,1,1,0.0,0,0,0,-9999.0,0.375,1,P0_CV0,1,2,0,1,1
1,2540470.832,712452.2021,R1_F1_m1f1_P1_Y2_UO540,R1_F1_m1f1_P1_Y0_UO738,R1_F1_m1f1_P1_Y0_UO87,FXX,1,53.66092273482479,1,1,0.0,0,0,0,-9999.0,0.5,1,P0_CV0,1,1,1,0,2
1,2540470.832,712452.2021,R1_F1_m1f1_P1_Y2_UO148,R1_F1_m-1f-1_P1_Y-1_U58,R1_F1_m-1f-1_P1_Y-1_U92,MXY,1,53.66092273482479,1,1,0.0,0,0,0,-9999.0,0.0,1,P0_CV0,1,0,2,1,1
1,2540470.832,712452.2021,R1_F1_m1f1_P1_Y2_UO34,R1_F1_m-1f-1_P1_Y-1_U116,R1_F1_m-1f-1_P1_Y-1_U85,FXX,1,53.66092273482479,1,1,2.221,0,0,0,-9999.0,0.0,1,P0_CV0,1,0,2,1,1
1,2540470.832,712452.2021,R1_F1_m1f1_P1_Y2_UO149,R1_F1_m-1f-1_P1_Y-1_U58,R1_F1_m-1f-1_P1_Y-1_U92,MXY,1,53.66092273482479,1,1,0.0,0,0,0,-9999.0,0.0,1,P0_CV0,1,0,2,0,2
1,2540470.832,712452.2021,R1_F1_m1f1_P1_Y2_UO151,R1_F1_m-1f-1_P1_Y-1_U58,R1_F1_m-1f-1_P1_Y-1_U92,FXX,1,53.66092273482479,1,1,1.0,0,0,0,-9999.0,0.0,1,P0_CV0,1,0,2,1,1
1,2540470.832,712452.2021,R1_F1_m1f1_P1_Y2_UO175,R1_F1_m-1f-1_P1_Y-1_U56,R1_F1_m-1f-1_P1_Y-1_U111,MXY,1,53.66092273482479,1,1,0.0,0,0,0,-9999.0,0.5,1,P0_CV0,1,1,1,1,1
1,2540470.832,712452.2021,R1_F1_m1f1_P1_Y2_UO316,R1_F1_m-1f-1_P1_Y-1_U12,I1_F7_m1f1_P1_Y0_UO587,FXX,1,53.66092273482479,1,1,0.0,0,0,0,-9999.0,0.25,1,P0_CV0,1,0,2,0,2
1,2540470.832,712452.2021,R1_F1_m1f1_P1_Y2_UO457,R1_F1_m-1f-1_P1_Y-1_U116,R1_F1_m1f1_P1_Y0_UO783,FXX,1,53.66092273482479,1,1,1.0,0,0,0,-9999.0,0.375,1,P0_CV0,1,0,2,2,0
1,2540470.832,712452.2021,R1_F1_m1f1_P1_Y1_UO376,R1_F1_m-1f-1_P1_Y-1_U121,R1_F1_m-1f-1_P1_Y-1_U38,FXX,2,77.61458708558803,1,0,2.93,0,0,0,-9999.0,0.25,1,P0_CV0,1,0,2,1,1
1,2540470.832,712452.2021,R1_F1_m1f1_P1_Y1_UO342,R1_F1_m-1f-1_P1_Y-1_U121,R1_F1_m-1f-1_P1_Y-1_U62,FXX,2,77.61458708558803,1,0,1.456,0,0,0,-9999.0,0.25,1,P0_CV0,1,2,0,2,0
1,2540470.832,712452.2021,R1_F1_m1f1_P1_Y1_UO506,R1_F1_m-1f-1_P1_Y-1_U61,RD1_F1_m-1f-1_P1_Y-1_U1,FXX,2,77.61458708558803,1,0,1.097,0,0,0,-9999.0,0.0,1,P0_CV0,1,0,2,2,0
1,2540470.832,712452.2021,R1_F1_m1f1_P1_Y1_UO393,R1_F1_m-1f-1_P1_Y-1_U24,R1_F1_m-1f-1_P1_Y-1_U62,MXY,2,77.61458708558803,1,0,0.0,0,0,0,-9999.0,0.25,1,P0_CV0,1,1,1,1,1
1,2540470.832,712452.2021,R1_F1_m1f1_P1_Y1_UO148,R1_F1_m-1f-1_P1_Y-1_U120,R1_F1_m-1f-1_P1_Y-1_U17,FXX,2,77.61458708558803,1,0,2.056,0,0,0,-9999.0,0.25,1,P0_CV0,1,0,2,1,1
1,2540470.832,712452.2021,R1_F1_m1f1_P1_Y1_UO353,R1_F1_m-1f-1_P1_Y-1_U29,R1_F1_m-1f-1_P1_Y-1_U100,MXY,2,77.61458708558803,1,0,0.0,0,0,0,-9999.0,0.25,1,P0_CV0,1,0,2,1,1
1,2540470.832,712452.2021,R1_F1_m1f1_P1_Y1_UO129,R1_F1_m-1f-1_P1_Y-1_U73,R1_F1_m-1f-1_P1_Y-1_U84,FXX,2,77.61458708558803,1,0,0.0,0,0,0,-9999.0,0.75,1,P0_CV0,1,1,1,1,1
1,2540470.832,712452.2021,R1_F1_m1f1_P1_Y1_UO405,R1_F1_m-1f-1_P1_Y-1_U29,R1_F1_m-1f-1_P1_Y-1_U87,MXY,2,77.61458708558803,1,0,0.0,0,0,0,-9999.0,0.25,1,P0_CV0,1,1,1,0,2
1,2540470.832,712452.2021,R1_F1_m1f1_P1_Y1_UO238,R1_F1_m-1f-1_P1_Y-1_U39,R1_F1_m-1f-1_P1_Y-1_U79,FXX,2,77.61458708558803,1,0,1.581,0,0,0,-9999.0,0.0,1,P0_CV0,1,1,1,1,1
1,2540470.832,712452.2021,R1_F1_m1f1_P1_Y1_UO436,R1_F1_m-1f-1_P1_Y-1_U121,R1_F1_m-1f-1_P1_Y-1_U54,FXX,2,77.61458708558803,1,0,0.0,0,0,0,-9999.0,0.25,1,P0_CV0,1,1,1,0,2
1,2540470.832,712452.2021,R1_F1_m1f1_P1_Y1_UO135,R1_F1_m-1f-1_P1_Y-1_U49,R1_F1_m-1f-1_P1_Y-1_U35,MXY,2,77.61458708558803,1,0,0.0,0,0,0,-9999.0,0.25,1,P0_CV0,1,1,1,1,1
1,2540470.832,712452.2021,R1_F1_m1f1_P1_Y1_UO408,R1_F1_m-1f-1_P1_Y-1_U77,R1_F1_m-1f-1_P1_Y-1_U45,MXY,2,77.61458708558803,1,0,0.0,0,0,0,-9999.0,0.0,1,P0_CV0,1,1,1,2,0
1,2540470.832,712452.2021,R1_F1_m1f1_P1_Y1_UO89,R1_F1_m-1f-1_P1_Y-1_U42,R1_F1_m-1f-1_P1_Y-1_U22,MXY,2,77.61458708558803,1,0,0.0,0,0,0,-9999.0,0.25,1,P0_CV0,1,1,1,1,1
1,2540470.832,712452.2021,R1_F1_m1f1_P1_Y1_UO254,R1_F1_m-1f-1_P1_Y-1_U73,R1_F1_m-1f-1_P1_Y-1_U85,MXY,2,77.61458708558803,1,0,0.0,0,0,0,-9999.0,0.25,1,P0_CV0,1,0,2,1,1
1,2540470.832,712452.2021,R1_F1_m1f1_P1_Y1_UO155,R1_F1_m-1f-1_P1_Y-1_U13,R1_F1_m-1f-1_P1_Y-1_U70,FXX,2,77.61458708558803,1,0,0.0,0,0,0,-9999.0,0.25,1,P0_CV0,1,1,1,0,2
1,2540470.832,712452.2021,R1_F1_m1f1_P1_Y1_UO438,R1_F1_m-1f-1_P1_Y-1_U121,R1_F1_m-1f-1_P1_Y-1_U54,MXY,2,77.61458708558803,1,0,0.0,0,0,0,-9999.0,0.25,1,P0_CV0,1,1,1,1,1
1,2540470.832,712452.2021,R1_F1_m1f1_P1_Y1_UO170,R1_F1_m-1f-1_P1_Y-1_U42,R1_F1_m-1f-1_P1_Y-1_U127,FXX,2,77.61458708558803,1,0,2.155,0,0,0,-9999.0,0.25,1,P0_CV0,1,0,2,1,1
1,2540470.832,712452.2021,R1_F1_m1f1_P1_Y0_UO434,R1_F1_m-1f-1_P1_Y-1_U73,R1_F1_m-1f-1_P1_Y-1_U35,MXY,3,97.21034196975106,1,0,0.0,0,0,0,-9999.0,0.5,1,P0_CV0,1,1,1,1,1
1,2540470.832,712452.2021,R1_F1_m1f1_P1_Y0_UO224,R1_F1_m-1f-1_P1_Y-1_U73,R1_F1_m-1f-1_P1_Y-1_U72,MXY,3,97.21034196975106,1,0,0.0,0,0,0,-9999.0,0.5,1,P0_CV0,1,2,0,1,1
1,2540470.832,712452.2021,R1_F1_m1f1_P1_Y0_UO14,R1_F1_m-1f-1_P1_Y-1_U90,R1_F1_m-1f-1_P1_Y-1_U84,MXY,3,97.21034196975106,1,0,0.0,0,0,0,-9999.0,0.75,1,P0_CV0,1,1,1,0,2
1,2540470.832,712452.2021,R1_F1_m1f1_P1_Y0_UO282,R1_F1_m-1f-1_P1_Y-1_U73,R1_F1_m-1f-1_P1_Y-1_U72,MXY,3,97.21034196975106,1,0,0.0,0,0,0,-9999.0,0.5,1,P0_CV0,1,1,1,1,1
1,2540470.832,712452.2021,R1_F1_m1f1_P1_Y0_UO87,R1_F1_m-1f-1_P1_Y-1_U59,R1_F1_m-1f-1_P1_Y-1_U72,MXY,3,97.21034196975106,1,0,0.0,0,0,0,-9999.0,0.75,1,P0_CV0,1,1,1,0,2
1,2540470.832,712452.2021,R1_F1_m-1f-1_P1_Y-1_U3,-9999,-9999,MXY,4,111.60942664212523,1,0,0.0,0,0,0,-9999.0,0.0,1,P0_CV0,1,0,2,2,0
1,2540470.832,712452.2021,R1_F1_m-1f-1_P1_Y-1_U113,-9999,-9999,FXX,4,111.60942664212523,1,0,0.0,0,0,0,-9999.0,0.0,1,P0_CV0,1,0,2,1,1
1,2540470.832,712452.2021,R1_F1_m-1f-1_P1_Y-1_U126,-9999,-9999,MXY,4,111.60942664212523,1,0,0.0,0,0,0,-9999.0,0.5,1,P0_CV0,1,1,1,0,2
1,2540470.832,712452.2021,R1_F1_m-1f-1_P1_Y-1_U19,-9999,-9999,FXX,4,111.60942664212523,1,0,0.0,0,0,0,-9999.0,0.0,1,P0_CV0,1,0,2,0,2
1,2540470.832,712452.2021,R1_F1_m-1f-1_P1_Y-1_U38,-9999,-9999,MXY,4,111.60942664212523,1,0,0.0,0,0,0,-9999.0,0.5,1,P0_CV0,1,1,1,1,1
1,2540470.832,712452.2021,R1_F1_m-1f-1_P1_Y-1_U68,-9999,-9999,FXX,5,123.88249683896298,1,0,0.0,0,0,0,-9999.0,0.5,1,P0_CV0,1,1,1,1,1
1,2540470.832,712452.2021,R1_F1_m-1f-1_P1_Y-1_U58,-9999,-9999,FXX,5,126.04049683896298,1,0,1.905,0,0,0,-9999.0,0.0,1,P0_CV0,1,0,2,0,2
1,2540470.832,712452.2021,R1_F1_m-1f-1_P1_Y-1_U22,-9999,-9999,MXY,5,118.41249683896298,1,0,0.0,0,0,0,-9999.0,0.0,1,P0_CV0,1,0,2,1,1
2,2536859.926,708059.4624,Age0_F2_m2f2_P2_Y3_UO10,R2_F2_m2f2_P2_Y1_UO332,R2_F2_m2f2_P2_Y1_UO456,FXX,0,31.03489406213565,0,0,0.0,0,0,0,0.0,0.5,1,P1_CV0,1,1,1,1,1
2,2536859.926,708059.4624,Age0_F2_m2f2_P2_Y3_UO11,R2_F2_m2f2_P2_Y1_UO332,R2_F2_m2f2_P2_Y1_UO456,FXX,0,31.03489406213565,0,0,0.0,0,0,0,0.0,0.5,1,P1_CV0,1,1,1,1,1
2,2536859.926,708059.4624,Age0_F2_m2f2_P2_Y3_UO12,R2_F2_m2f2_P2_Y1_UO336,R2_F2_m-1f-1_P2_Y-1_U120,MXY,0,31.03489406213565,0,0,0.0,0,0,0,0.0,0.625,1,P1_CV0,1,1,1,2,0
2,2536859.926,708059.4624,Age0_F2_m2f2_P2_Y3_UO35,R2_F2_m2f2_P2_Y0_UO742,R2_F2_m2f2_P2_Y1_UO161,FXX,0,31.03489406213565,0,0,0.0,0,0,0,0.0,0.75,1,P1_CV0,1,2,0,0,2
2,2536859.926,708059.4624,Age0_F2_m2f2_P2_Y3_UO67,R2_F2_m2f2_P2_Y1_UO508,R2_F2_m-1f-1_P2_Y-1_U77,MXY,0,31.03489406213565,0,0,0.0,0,0,0,0.0,0.25,1,P1_CV0,1,1,1,0,2
2,2536859.926,708059.4624,Age0_F2_m2f2_P2_Y3_UO70,R2_F2_m2f2_P2_Y1_UO60,R2_F2_m-1f-1_P2_Y-1_U46,FXX,0,31.03489406213565,0,0,0.0,0,0,0,0.0,0.625,1,P1_CV0,1,2,0,1,1
2,2536859.926,708059.4624,Age0_F2_m2f2_P2_Y3_UO71,R2_F2_m2f2_P2_Y1_UO60,R2_F2_m-1f-1_P2_Y-1_U46,MXY,0,31.03489406213565,0,0,0.0,0,0,0,0.0,0.625,1,P1_CV0,1,1,1,1,1
2,2536859.926,708059.4624,Age0_F2_m2f2_P2_Y3_UO76,R2_F2_m2f2_P2_Y1_UO186,R2_F2_m2f2_P2_Y1_UO515,FXX,0,31.03489406213565,0,0,0.0,0,0,0,0.0,0.5,1,P1_CV0,1,1,1,1,1
2,2536859.926,708059.4624,Age0_F2_m2f2_P2_Y3_UO81,R2_F2_m2f2_P2_Y1_UO153,R2_F2_m2f2_P2_Y1_UO219,MXY,0,31.03489406213565,0,0,0.0,0,0,0,0.0,0.375,1,P1_CV0,1,1,1,1,1
2,2536859.926,708059.4624,Age0_F2_m2f2_P2_Y3_UO82,R2_F2_m2f2_P2_Y1_UO153,R2_F2_m2f2_P2_Y1_UO219,MXY,0,31.03489406213565,0,0,0.0,0,0,0,0.0,0.375,1,P1_CV0,1,1,1,1,1
2,2536859.926,708059.4624,Age0_F2_m2f2_P2_Y3_UO83,R2_F2_m2f2_P2_Y1_UO153,R2_F2_m2f2_P2_Y1_UO219,FXX,0,31.03489406213565,0,0,0.0,0,0,0,0.0,0.375,1,P1_CV0,1,2,0,2,0
2,2536859.926,708059.4624,Age0_F2_m2f2_P2_Y3_UO84,R2_F2_m2f2_P2_Y1_UO153,R2_F2_m2f2_P2_Y1_UO219,FXX,0,31.03489406213565,0,0,0.0,0,0,0,0.0,0.375,1,P1_CV0,1,2,0,2,0
2,2536859.926,708059.4624,Age0_F2_m2f2_P2_Y3_UO92,R2_F2_m2f2_P2_Y1_UO331,R2_F2_m2f2_P2_Y1_UO384,MXY,0,31.03489406213565,0,0,0.0,0,0,0,0.0,0.375,1,P1_CV0,1,0,2,0,2
2,2536859.926,708059.4624,Age0_F2_m2f2_P2_Y3_UO93,R2_F2_m2f2_P2_Y1_UO331,R2_F2_m2f2_P2_Y1_UO384,MXY,0,31.03489406213565,0,0,0.0,0,0,0,0.0,0.375,1,P1_CV0,1,0,2,0,2
2,2536859.926,708059.4624,Age0_F2_m2f2_P2_Y3_UO99,R2_F2_m2f2_P2_Y1_UO66,R2_F2_m2f2_P2_Y1_UO102,FXX,0,31.03489406213565,0,0,0.0,0,0,0,0.0,0.625,1,P1_CV0,1,1,1,1,1
2,2536859.926,708059.4624,Age0_F2_m2f2_P2_Y3_UO117,R2_F2_m2f2_P2_Y0_UO717,R2_F2_m-1f-1_P2_Y-1_U88,MXY,0,31.03489406213565,0,0,0.0,0,0,0,0.0,0.5,1,P1_CV0,1,1,1,1,1
2,2536859.926,708059.4624,Age0_F2_m2f2_P2_Y3_UO118,R2_F2_m2f2_P2_Y0_UO717,R2_F2_m-1f-1_P2_Y-1_U88,FXX,0,31.03489406213565,0,0,0.0,0,0,0,0.0,0.5,1,P1_CV0,1,1,1,1,1
2,2536859.926,708059.4624,Age0_F2_m2f2_P2_Y3_UO129,R2_F2_m2f2_P2_Y1_UO60,R2_F2_m-1f-1_P2_Y-1_U60,FXX,0,31.03489406213565,0,0,0.0,0,0,0,0.0,0.125,1,P1_CV0,1,0,2,1,1
2,2536859.926,708059.4624,Age0_F2_m2f2_P2_Y3_UO138,R2_F2_m2f2_P2_Y1_UO66,R2_F2_m2f2_P2_Y1_UO520,MXY,0,31.03489406213565,0,0,0.0,0,0,0,0.0,0.625,1,P1_CV0,1,2,0,1,1
2,2536859.926,708059.4624,Age0_F2_m2f2_P2_Y3_UO139,R2_F2_m2f2_P2_Y1_UO66,R2_F2_m2f2_P2_Y1_UO520,FXX,0,31.03489406213565,0,0,0.0,0,0,0,0.0,0.625,1,P1_CV0,1,1,1,1,1
2,2536859.926,708059.4624,Age0_F2_m2f2_P2_Y3_UO146,R2_F2_m2f2_P2_Y1_UO331,R2_F2_m2f2_P2_Y1_UO160,FXX,0,31.03489406213565,0,0,0.0,0,0,0,0.0,0.375,1,P1_CV0,1,1,1,0,2
2,2536859.926,708059.4624,Age0_F2_m2f2_P2_Y3_UO147,R2_F2_m2f2_P2_Y1_UO331,R2_F2_m2f2_P2_Y1_UO160,FXX,0,31.03489406213565,0,0,0.0,0,0,0,0.0,0.375,1,P1_CV0,1,1,1,1,1
2,2536859.926,708059.4624,Age0_F2_m2f2_P2_Y3_UO148,R2_F2_m2f2_P2_Y1_UO331,R2_F2_m2f2_P2_Y1_UO160,MXY,0,31.03489406213565,0,0,0.0,0,0,0,0.0,0.375,1,P1_CV0,1,1,1,0,2
2,2536859.926,708059.4624,Age0_F2_m2f2_P2_Y3_UO176,R2_F2_m2f2_P2_Y1_UO276,R2_F2_m2f2_P2_Y1_UO102,FXX,0,31.03489406213565,0,0,0.0,0,0,0,0.0,0.875,1,P1_CV0,1,1,1,2,0
2,2536859.926,708059.4624,Age0_F2_m2f2_P2_Y3_UO177,R2_F2_m2f2_P2_Y1_UO276,R2_F2_m2f2_P2_Y1_UO102,FXX,0,31.03489406213565,0,0,0.0,0,0,0,0.0,0.875,1,P1_CV0,1,0,2,1,1
2,2536859.926,708059.4624,Age0_F2_m2f2_P2_Y3_UO184,R2_F2_m2f2_P2_Y0_UO616,R2_F2_m2f2_P2_Y1_UO519,FXX,0,31.03489406213565,0,0,0.0,0,0,0,0.0,0.75,1,P1_CV0,1,1,1,0,2
2,2536859.926,708059.4624,Age0_F2_m2f2_P2_Y3_UO185,R2_F2_m2f2_P2_Y0_UO616,R2_F2_m2f2_P2_Y1_UO519,FXX,0,31.03489406213565,0,0,0.0,0,0,0,0.0,0.75,1,P1_CV0,1,1,1,0,2
2,2536859.926,708059.4624,Age0_F2_m2f2_P2_Y3_UO191,R2_F2_m2f2_P2_Y1_UO153,R2_F2_m2f2_P2_Y1_UO219,FXX,0,31.03489406213565,0,0,0.0,0,0,0,0.0,0.375,1,P1_CV0,1,1,1,1,1
2,2536859.926,708059.4624,Age0_F2_m2f2_P2_Y3_UO214,R2_F2_m2f2_P2_Y1_UO332,R2_F2_m-1f-1_P2_Y-1_U60,MXY,0,31.03489406213565,0,0,0.0,0,0,0,0.0,0.125,1,P1_CV0,1,0,2,1,1
2,2536859.926,708059.4624,Age0_F2_m2f2_P2_Y3_UO215,R2_F2_m2f2_P2_Y1_UO332,R2_F2_m-1f-1_P2_Y-1_U60,MXY,0,31.03489406213565,0,0,0.0,0,0,0,0.0,0.125,1,P1_CV0,1,0,2,1,1
2,2536859.926,708059.4624,Age0_F2_m2f2_P2_Y3_UO226,R2_F2_m2f2_P2_Y0_UO542,R2_F2_m2f2_P2_Y1_UO219,FXX,0,31.03489406213565,0,0,0.0,0,0,0,0.0,0.5,1,P1_CV0,1,1,1,2,0
2,2536859.926,708059.4624,Age0_F2_m2f2_P2_Y3_UO227,R2_F2_m2f2_P2_Y0_UO542,R2_F2_m2f2_P2_Y1_UO219,MXY,0,31.03489406213565,0,0,0.0,0,0,0,0.0,0.5,1,P1_CV0,1,1,1,0,2
2,2536859.926,708059.4624,Age0_F2_m2f2_P2_Y3_UO228,R2_F2_m2f2_P2_Y1_UO336,R2_F2_m2f2_P2_Y1_UO518,MXY,0,31.03489406213565,0,0,0.0,0,0,0,0.0,0.75,1,P1_CV0,1,1,1,2,0
2,2536859.926,708059.4624,Age0_F2_m2f2_P2_Y3_UO229,R2_F2_m2f2_P2_Y1_UO336,R2_F2_m2f2_P2_Y1_UO518,FXX,0,31.03489406213565,0,0,0.0,0,0,0,0.0,0.75,1,P1_CV0,1,1,1,1,1
2,2536859.926,708059.4624,Age0_F2_m2f2_P2_Y3_UO230,R2_F2_m2f2_P2_Y1_UO336,R2_F2_m2f2_P2_Y1_UO518,FXX,0,31.03489406213565,0,0,0.0,0,0,0,0.0,0.75,1,P1_CV0,1,1,1,2,0
2,2536859.926,708059.4624,Age0_F2_m2f2_P2_Y3_UO231,R2_F2_m2f2_P2_Y1_UO66,R2_F2_m2f2_P2_Y1_UO112,MXY,0,31.03489406213565,0,0,0.0,0,0,0,0.0,0.5,1,P1_CV0,1,1,1,1,1
2,2536859.926,708059.4624,Age0_F2_m2f2_P2_Y3_UO232,R2_F2_m2f2_P2_Y1_UO66,R2_F2_m2f2_P2_Y1_UO112,FXX,0,31.03489406213565,0,0,0.0,0,0,0,0.0,0.5,1,P1_CV0,1,2,0,1,1
2,2536859.926,708059.4624,Age0_F2_m2f2_P2_Y3_UO239,R2_F2_m2f2_P2_Y0_UO616,R2_F2_m2f2_P2_Y1_UO263,MXY,0,31.03489406213565,0,0,0.0,0,0,0,0.0,0.625,1,P1_CV0,1,1,1,1,1
2,2536859.926,708059.4624,Age0_F2_m2f2_P2_Y3_UO244,R2_F2_m2f2_P2_Y1_UO315,R2_F2_m2f2_P2_Y0_UO561,MXY,0,31.03489406213565,0,0,0.0,0,0,0,0.0,0.25,1,P1_CV0,1,0,2,1,1
2,2536859.926,708059.4624,Age0_F2_m2f2_P2_Y3_UO245,R2_F2_m2f2_P2_Y1_UO66,R2_F2_m2f2_P2_Y0_UO661,FXX,0,31.03489406213565,0,0,0.0,0,0,0,0.0,0.5,1,P1_CV0,1,0,2,2,0
2,2536859.926,708059.4624,Age0_F2_m2f2_P2_Y3_UO246,R2_F2_m2f2_P2_Y1_UO66,R2_F2_m2f2_P2_Y0_UO661,MXY,0,31.03489406213565,0,0,0.0,0,0,0,0.0,0.5,1,P1_CV0,1,2,0,2,0
2,2536859.926,708059.4624,Age0_F2_m2f2_P2_Y3_UO249,R2_F2_m2f2_P2_Y1_UO17,R2_F2_m-1f-1_P2_Y-1_U42,MXY,0,31.03489406213565,0,0,0.0,0,0,0,0.0,0.375,1,P1_CV0,1,2,0,2,0
2,2536859.926,708059.4624,Age0_F2_m2f2_P2_Y3_UO250,R2_F2_m2f2_P2_Y1_UO17,R2_F2_m-1f-1_P2_Y-1_U42,MXY,0,31.03489406213565,0,0,0.0,0,0,0,0.0,0.375,1,P1_CV0,1,1,1,2,0
2,2536859.926,708059.4624,Age0_F2_m2f2_P2_Y3_UO251,R2_F2_m2f2_P2_Y1_UO60,R2_F2_m2f2_P2_Y0_UO416,FXX,0,31.03489406213565,0,0,0.0,0,0,0,0.0,0.5,1,P1_CV0,1,1,1,2,0
2,2536859.926,708059.4624,Age0_F2_m2f2_P2_Y3_UO252,R2_F2_m2f2_P2_Y1_UO60,R2_F2_m2f2_P2_Y0_UO416,MXY,0,31.03489406213565,0,0,0.0,0,0,0,0.0,0.5,1,P1_CV0,1,1,1,1,1
2,2536859.926,708059.4624,Age0_F2_m2f2_P2_Y3_UO253,R2_F2_m2f2_P2_Y1_UO140,R2_F2_m2f2_P2_Y1_UO446,MXY,0,31.03489406213565,0,0,0.0,0,0,0,0.0,0.375,1,P1_CV0,1,1,1,2,0
2,2536859.926,708059.4624,Age0_F2_m2f2_P2_Y3_UO254,R2_F2_m2f2_P2_Y1_UO140,R2_F2_m2f2_P2_Y1_UO446,FXX,0,31.03489406213565,0,0,0.0,0,0,0,0.0,0.375,1,P1_CV0,1,1,1,0,2
2,2536859.926,708059.4624,Age0_F2_m2f2_P2_Y3_UO265,R2_F2_m2f2_P2_Y0_UO749,R2_F2_m2f2_P2_Y1_UO160,MXY,0,31.03489406213565,0,0,0.0,0,0,0,0.0,0.5,1,P1_CV0,1,1,1,2,0
2,2536859.926,708059.4624,Age0_F2_m2f2_P2_Y3_UO266,R2_F2_m2f2_P2_Y0_UO749,R2_F2_m2f2_P2_Y1_UO160,MXY,0,31.03489406213565,0,0,0.0,0,0,0,0.0,0.5,1,P1_CV0,1,1,1,1,1
2,2536859.926,708059.4624,Age0_F2_m2f2_P2_Y3_UO286,R2_F2_m-1f-1_P2_Y-1_U29,R2_F2_m2f2_P2_Y1_UO384,MXY,0,31.03489406213565,0,0,0.0,0,0,0,0.0,0.25,1,P1_CV0,1,0,2,1,1
2,2536859.926,708059.4624,Age0_F2_m2f2_P2_Y3_UO287,R2_F2_m-1f-1_P2_Y-1_U29,R2_F2_m2f2_P2_Y1_UO384,FXX,0,31.03489406213565,0,0,0.0,0,0,0,0.0,0.25,1,P1_CV0,1,0,2,0,2
2,2536859.926,708059.4624,Age0_F2_m2f2_P2_Y3_UO293,R2_F2_m2f2_P2_Y1_UO66,R2_F2_m-1f-1_P2_Y-1_U31,FXX,0,31.03489406213565,0,0,0.0,0,0,0,0.0,0.5,1,P1_CV0,1,0,2,1,1
2,2536859.926,708059.4624,Age0_F2_m2f2_P2_Y3_UO294,R2_F2_m2f2_P2_Y1_UO66,R2_F2_m-1f-1_P2_Y-1_U31,MXY,0,31.03489406213565,0,0,0.0,0,0,0,0.0,0.5,1,P1_CV0,1,1,1,1,1
2,2536859.926,708059.4624,Age0_F2_m2f2_P2_Y3_UO299,R2_F2_m2f2_P2_Y1_UO66,R2_F2_m2f2_P2_Y1_UO384,MXY,0,31.03489406213565,0,0,0.0,0,0,0,0.0,0.5,1,P1_CV0,1,1,1,0,2
2,2536859.926,708059.4624,Age0_F2_m2f2_P2_Y3_UO300,R2_F2_m2f2_P2_Y1_UO66,R2_F2_m2f2_P2_Y1_UO384,MXY,0,31.03489406213565,0,0,0.0,0,0,0,0.0,0.5,1,P1_CV0,1,0,2,1,1
2,2536859.926,708059.4624,Age0_F2_m2f2_P2_Y3_UO328,R2_F2_m-1f-1_P6_Y-1_U7,R2_F2_m-1f-1_P2_Y-1_U88,FXX,0,31.03489406213565,0,0,0.0,0,0,0,0.0,0.25,1,P1_CV0,1,0,2,0,2
2,2536859.926,708059.4624,Age0_F2_m2f2_P2_Y3_UO333,R2_F2_m2f2_P2_Y1_UO220,R2_F2_m2f2_P2_Y0_UO561,MXY,0,31.03489406213565,0,0,0.0,0,0,0,0.0,0.375,1,P1_CV0,1,2,0,1,1
2,2536859.926,708059.4624,Age0_F2_m2f2_P2_Y3_UO334,R2_F2_m2f2_P2_Y1_UO220,R2_F2_m2f2_P2_Y0_UO561,MXY,0,31.03489406213565,0,0,0.0,0,0,0,0.0,0.375,1,P1_CV0,1,0,2,2,0
2,2536859.926,708059.4624,Age0_F2_m2f2_P2_Y3_UO340,R2_F2_m2f2_P2_Y1_UO336,R2_F2_m2f2_P2_Y1_UO112,FXX,0,31.03489406213565,0,0,0.0,0,0,0,0.0,0.625,1,P1_CV0,1,1,1,2,0
2,2536859.926,708059.4624,Age0_F2_m2f2_P2_Y3_UO394,R2_F2_m2f2_P2_Y1_UO220,R2_F2_m2f2_P2_Y0_UO561,MXY,0,31.03489406213565,0,0,0.0,0,0,0,0.0,0.375,1,P1_CV0,1,2,0,2,0
2,2536859.926,708059.4624,Age0_F2_m2f2_P2_Y3_UO395,R2_F2_m2f2_P2_Y1_UO220,R2_F2_m2f2_P2_Y0_UO561,FXX,0,31.03489406213565,0,0,0.0,0,0,0,0.0,0.375,1,P1_CV0,1,2,0,1,1
2,2536859.926,708059.4624,Age0_F2_m2f2_P2_Y3_UO396,R2_F2_m2f2_P2_Y1_UO220,R2_F2_m2f2_P2_Y0_UO561,MXY,0,31.03489406213565,0,0,0.0,0,0,0,0.0,0.375,1,P1_CV0,1,1,1,1,1
2,2536859.926,708059.4624,Age0_F2_m2f2_P2_Y3_UO401,R2_F2_m-1f-1_P2_Y-1_U39,R2_F2_m2f2_P2_Y1_UO263,FXX,0,31.03489406213565,0,0,0.0,0,0,0,0.0,0.5,1,P1_CV0,1,1,1,1,1
2,2536859.926,708059.4624,Age0_F2_m2f2_P2_Y3_UO402,R2_F2_m-1f-1_P2_Y-1_U39,R2_F2_m2f2_P2_Y1_UO263,MXY,0,31.03489406213565,0,0,0.0,0,0,0,0.0,0.5,1,P1_CV0,1,0,2,2,0
2,2536859.926,708059.4624,Age0_F2_m2f2_P2_Y3_UO403,R2_F2_m-1f-1_P2_Y-1_U39,R2_F2_m2f2_P2_Y1_UO263,MXY,0,31.03489406213565,0,0,0.0,0,0,0,0.0,0.5,1,P1_CV0,1,1,1,1,1
2,2536859.926,708059.4624,Age0_F2_m2f2_P2_Y3_UO423,R2_F2_m2f2_P2_Y0_UO751,R2_F2_m2f2_P2_Y0_UO651,FXX,0,31.03489406213565,0,0,0.0,0,0,0,0.0,0.5,1,P1_CV0,1,1,1,0,2
2,2536859.926,708059.4624,Age0_F2_m2f2_P2_Y3_UO424,R2_F2_m2f2_P2_Y0_UO751,R2_F2_m2f2_P2_Y0_UO651,FXX,0,31.03489406213565,0,0,0.0,0,0,0,0.0,0.5,1,P1_CV0,1,1,1,0,2
2,2536859.926,708059.4624,Age0_F2_m2f2_P2_Y3_UO425,R2_F2_m2f2_P2_Y0_UO751,R2_F2_m2f2_P2_Y0_UO651,MXY,0,31.03489406213565,0,0,0.0,0,0,0,0.0,0.5,1,P1_CV0,1,1,1,0,2
2,2536859.926,708059.4624,Age0_F2_m2f2_P2_Y3_UO464,R2_F2_m2f2_P2_Y1_UO17,R2_F2_m-1f-1_P2_Y-1_U42,MXY,0,31.03489406213565,0,0,0.0,0,0,0,0.0,0.375,1,P1_CV0,1,1,1,2,0
2,2536859.926,708059.4624,Age0_F2_m2f2_P2_Y3_UO465,R2_F2_m2f2_P2_Y1_UO17,R2_F2_m-1f-1_P2_Y-1_U42,MXY,0,31.03489406213565,0,0,0.0,0,0,0,0.0,0.375,1,P1_CV0,1,0,2,2,0
2,2536859.926,708059.4624,Age0_F2_m2f2_P2_Y3_UO470,R2_F2_m2f2_P2_Y1_UO508,R2_F2_m2f2_P2_Y1_UO456,MXY,0,31.03489406213565,0,0,0.0,0,0,0,0.0,0.625,1,P1_CV0,1,2,0,0,2
2,2536859.926,708059.4624,Age0_F2_m2f2_P2_Y3_UO471,R2_F2_m2f2_P2_Y1_UO508,R2_F2_m2f2_P2_Y1_UO456,FXX,0,31.03489406213565,0,0,0.0,0,0,0,0.0,0.625,1,P1_CV0,1,1,1,0,2
2,2536859.926,708059.4624,Age0_F2_m2f2_P2_Y3_UO472,R2_F2_m2f2_P2_Y1_UO508,R2_F2_m2f2_P2_Y1_UO456,FXX,0,31.03489406213565,0,0,0.0,0,0,0,0.0,0.625,1,P1_CV0,1,2,0,0,2
2,2536859.926,708059.4624,Age0_F2_m2f2_P2_Y3_UO476,R2_F2_m-1f-1_P2_Y-1_U29,R2_F2_m2f2_P2_Y1_UO219,MXY,0,31.03489406213565,0,0,0.0,0,0,0,0.0,0.25,1,P1_CV0,1,1,1,0,2
2,2536859.926,708059.4624,Age0_F2_m2f2_P2_Y3_UO477,R2_F2_m-1f-1_P2_Y-1_U29,R2_F2_m2f2_P2_Y1_UO219,FXX,0,31.03489406213565,0,0,0.0,0,0,0,0.0,0.25,1,P1_CV0,1,1,1,0,2
2,2536859.926,708059.4624,Age0_F2_m2f2_P2_Y3_UO478,R2_F2_m-1f-1_P2_Y-1_U29,R2_F2_m2f2_P2_Y1_UO219,MXY,0,31.03489406213565,0,0,0.0,0,0,0,0.0,0.25,1,P1_CV0,1,1,1,2,0
2,2536859.926,708059.4624,Age0_F2_m2f2_P2_Y3_UO489,R2_F2_m2f2_P2_Y1_UO158,R2_F2_m2f2_P2_Y1_UO160,MXY,0,31.03489406213565,0,0,0.0,0,0,0,0.0,0.625,1,P1_CV0,1,2,0,2,0
2,2536859.926,708059.4624,Age0_F2_m2f2_P2_Y3_UO490,R2_F2_m2f2_P2_Y1_UO158,R2_F2_m2f2_P2_Y1_UO160,FXX,0,31.03489406213565,0,0,0.0,0,0,0,0.0,0.625,1,P1_CV0,1,1,1,0,2
2,2536859.926,708059.4624,Age0_F2_m2f2_P2_Y3_UO491,R2_F2_m2f2_P2_Y1_UO66,R2_F2_m2f2_P2_Y0_UO561,MXY,0,31.03489406213565,0,0,0.0,0,0,0,0.0,0.25,1,P1_CV0,1,1,1,2,0
2,2536859.926,708059.4624,Age0_F2_m2f2_P2_Y3_UO494,R2_F2_m2f2_P2_Y0_UO742,R2_F2_m2f2_P2_Y1_UO165,FXX,0,31.03489406213565,0,0,0.0,0,0,0,0.0,0.875,1,P1_CV0,1,1,1,1,1
2,2536859.926,708059.4624,Age0_F2_m2f2_P2_Y3_UO495,R2_F2_m2f2_P2_Y0_UO742,R2_F2_m2f2_P2_Y1_UO165,FXX,0,31.03489406213565,0,0,0.0,0,0,0,0.0,0.875,1,P1_CV0,1,2,0,1,1
2,2536859.926,708059.4624,Age0_F2_m2f2_P2_Y3_UO506,R2_F2_m2f2_P2_Y1_UO336,R2_F2_m-1f-1_P2_Y-1_U79,FXX,0,31.03489406213565,0,0,0.0,0,0,0,0.0,0.625,1,P1_CV0,1,0,2,1,1
2,2536859.926,708059.4624,Age0_F2_m2f2_P2_Y3_UO507,R2_F2_m2f2_P2_Y1_UO336,R2_F2_m-1f-1_P2_Y-1_U79,MXY,0,31.03489406213565,0,0,0.0,0,0,0,0.0,0.625,1,P1_CV0,1,1,1,0,2
2,2536859.926,708059.4624,Age0_F2_m2f2_P2_Y3_UO512,R2_F2_m-1f-1_P6_Y-1_U7,R2_F2_m2f2_P2_Y1_UO460,FXX,0,31.03489406213565,0,0,0.0,0,0,0,0.0,0.625,1,P1_CV0,1,2,0,1,1
2,2536859.926,708059.4624,Age0_F2_m2f2_P2_Y3_UO514,R2_F2_m2f2_P2_Y1_UO220,R2_F2_m-1f-1_P2_Y-1_U46,FXX,0,31.03489406213565,0,0,0.0,0,0,0,0.0,0.875,1,P1_CV0,1,2,0,1,1
2,2536859.926,708059.4624,Age0_F2_m2f2_P2_Y3_UO515,R2_F2_m2f2_P2_Y1_UO220,R2_F2_m-1f-1_P2_Y-1_U46,FXX,0,31.03489406213565,0,0,0.0,0,0,0,0.0,0.875,1,P1_CV0,1,2,0,1,1
2,2536859.926,708059.4624,Age0_F2_m2f2_P2_Y3_UO522,R2_F2_m2f2_P2_Y1_UO140,R2_F2_m2f2_P2_Y1_UO456,FXX,0,31.03489406213565,0,0,0.0,0,0,0,0.0,0.5,1,P1_CV0,1,0,2,0,2
2,2536859.926,708059.4624,Age0_F2_m2f2_P2_Y3_UO563,R2_F2_m2f2_P2_Y1_UO404,R2_F2_m2f2_P2_Y0_UO529,MXY,0,31.03489406213565,0,0,0.0,0,0,0,0.0,0.5,1,P1_CV0,1,0,2,1,1
2,2536859.926,708059.4624,Age0_F2_m2f2_P2_Y3_UO564,R2_F2_m2f2_P2_Y1_UO404,R2_F2_m2f2_P2_Y0_UO529,MXY,0,31.03489406213565,0,0,0.0,0,0,0,0.0,0.5,1,P1_CV0,1,1,1,1,1
2,2536859.926,708059.4624,Age0_F2_m2f2_P2_Y3_UO565,R2_F2_m2f2_P2_Y1_UO131,R2_F2_m2f2_P2_Y0_UO721,MXY,0,31.03489406213565,0,0,0.0,0,0,0,0.0,0.625,1,P1_CV0,1,2,0,0,2
2,2536859.926,708059.4624,R2_F2_m2f2_P2_Y2_UO254,R2_F2_m2f2_P2_Y0_UO742,R2_F2_m2f2_P2_Y0_UO545,FXX,1,31.613820159371674,1,1,1.0,0,0,0,-9999.0,0.75,1,P1_CV0,1,2,0,0,2
2,2536859.926,708059.4624,R2_F2_m2f2_P2_Y2_UO388,R2_F2_m-1f-1_P2_Y-1_U44,R2_F2_m-1f-1_P2_Y-1_U126,MXY,1,31.613820159371674,1,1,0.0,0,0,0,-9999.0,0.25,1,P1_CV0,1,1,1,2,0
2,2536859.926,708059.4624,R2_F2_m2f2_P2_Y2_UO436,R2_F2_m2f2_P2_Y0_UO250,R2_F2_m2f2_P2_Y0_UO651,FXX,1,31.613820159371674,1,1,1.229,0,0,0,-9999.0,0.625,1,P1_CV0,1,1,1,1,1
2,2536859.926,708059.4624,R2_F2_m2f2_P2_Y2_UO95,R2_F2_m-1f-1_P2_Y-1_U24,R2_F2_m-1f-1_P2_Y-1_U88,MXY,1,31.613820159371674,1,1,0.0,0,0,0,-9999.0,0.0,1,P1_CV0,1,0,2,2,0
2,2536859.926,708059.4624,R2_F2_m2f2_P2_Y2_UO359,R2_F2_m-1f-1_P2_Y-1_U21,R2_F2_m2f2_P2_Y0_UO416,FXX,1,31.613820159371674,1,1,0.0,0,0,0,-9999.0,0.625,1,P1_CV0,1,1,1,1,1
2,2536859.926,708059.4624,R2_F2_m2f2_P2_Y2_UO356,R2_F2_m-1f-1_P2_Y-1_U21,R2_F2_m2f2_P2_Y0_UO416,MXY,1,31.613820159371674,1,1,0.0,0,0,0,-9999.0,0.625,1,P1_CV0,1,1,1,1,1
2,2536859.926,708059.4624,R2_F2_m2f2_P2_Y2_UO109,R2_F2_m2f2_P2_Y0_UO717,R2_F2_m-1f-1_P2_Y-1_U88,MXY,1,31.613820159371674,1,1,0.0,0,0,0,-9999.0,0.5,1,P1_CV0,1,1,1,0,2
2,2536859.926,708059.4624,R2_F2_m2f2_P2_Y2_UO622,R2_F2_m2f2_P2_Y0_UO749,R2_F2_m-1f-1_P2_Y-1_U31,FXX,1,31.613820159371674,1,1,0.0,0,0,0,-9999.0,0.5,1,P1_CV0,1,1,1,1,1
2,2536859.926,708059.4624,R2_F2_m2f2_P2_Y2_UO575,R2_F2_m-1f-1_P2_Y-1_U24,I2_F7_m-1f-1_P2_Y-1_U92,FXX,1,31.613820159371674,1,1,1.993,0,0,0,-9999.0,0.25,1,P1_CV0,1,0,2,1,1
2,2536859.926,708059.4624,R2_F2_m2f2_P2_Y2_UO229,R2_F2_m2f2_P2_Y0_UO656,R2_F2_m2f2_P2_Y0_UO416,FXX,1,31.613820159371674,1,1,1.033,0,0,0,-9999.0,0.625,1,P1_CV0,1,1,1,2,0
2,2536859.926,708059.4624,R2_F2_m2f2_P2_Y2_UO118,R2_F2_m2f2_P2_Y0_UO674,R2_F2_m2f2_P2_Y0_UO416,MXY,1,31.613820159371674,1,1,0.0,0,0,0,-9999.0,0.75,1,P1_CV0,1,1,1,1,1
2,2536859.926,708059.4624,R2_F2_m2f2_P2_Y2_UO152,R2_F2_m-1f-1_P2_Y-1_U39,R2_F2_m-1f-1_P2_Y-1_U46,MXY,1,31.613820159371674,1,1,0.0,0,0,0,-9999.0,0.75,1,P1_CV0,1,2,0,1,1
2,2536859.926,708059.4624,R2_F2_m2f2_P2_Y2_UO280,R2_F2_m2f2_P2_Y0_UO532,R2_F2_m2f2_P2_Y0_UO712,FXX,1,31.613820159371674,1,1,0.0,0,0,0,-9999.0,0.875,1,P1_CV0,1,1,1,1,1
2,2536859.926,708059.4624,R2_F2_m2f2_P2_Y2_UO398,R2_F2_m2f2_P2_Y0_UO646,R2_F2_m2f2_P2_Y0_UO712,FXX,1,31.613820159371674,1,1,1.0,0,0,0,-9999.0,0.75,1,P1_CV0,1,2,0,1,1
2,2536859.926,708059.4624,R2_F2_m2f2_P2_Y2_UO434,R2_F2_m2f2_P2_Y0_UO250,R2_F2_m2f2_P2_Y0_UO651,MXY,1,31.613820159371674,1,1,0.0,0,0,0,-9999.0,0.625,1,P1_CV0,1,2,0,2,0
2,2536859.926,708059.4624,R2_F2_m2f2_P2_Y2_UO620,R2_F2_m-1f-1_P2_Y-1_U24,R2_F2_m-1f-1_P2_Y-1_U60,MXY,1,31.613820159371674,1,1,0.0,0,0,0,-9999.0,0.0,1,P1_CV0,1,0,2,1,1
2,2536859.926,708059.4624,R2_F2_m2f2_P2_Y2_UO47,R2_F2_m-1f-1_P2_Y-1_U39,R2_F2_m2f2_P2_Y0_UO561,MXY,1,31.613820159371674,1,1,0.0,0,0,0,-9999.0,0.25,1,P1_CV0,1,0,2,2,0
2,2536859.926,708059.4624,R2_F2_m2f2_P2_Y2_UO172,R2_F2_m-1f-1_P2_Y-1_U24,R2_F2_m2f2_P2_Y0_UO713,FXX,1,31.613820159371674,1,1,1.979,0,0,0,-9999.0,0.5,1,P1_CV0,1,0,2,2,0
2,2536859.926,708059.4624,R2_F2_m2f2_P2_Y2_UO612,R2_F2_m2f2_P2_Y0_UO717,R2_F2_m2f2_P2_Y0_UO712,FXX,1,31.613820159371674,1,1,0.0,0,0,0,-9999.0,1.0,1,P1_CV0,1,2,0,1,1
2,2536859.926,708059.4624,R2_F2_m2f2_P2_Y2_UO171,R2_F2_m-1f-1_P2_Y-1_U24,R2_F2_m2f2_P2_Y0_UO713,FXX,1,31.613820159371674,1,1,1.743,0,0,0,-9999.0,0.5,1,P1_CV0,1,0,2,2,0
2,2536859.926,708059.4624,R2_F2_m2f2_P2_Y2_UO98,R2_F2_m-1f-1_P2_Y-1_U24,R2_F2_m-1f-1_P2_Y-1_U88,MXY,1,31.613820159371674,1,1,0.0,0,0,0,-9999.0,0.0,1,P1_CV0,1,0,2,0,2
2,2536859.926,708059.4624,R2_F2_m2f2_P2_Y2_UO135,R2_F2_m2f2_P2_Y0_UO532,R2_F2_m-1f-1_P2_Y-1_U79,FXX,1,31.613820159371674,1,1,1.415,0,0,0,-9999.0,0.625,1,P1_CV0,1,1,1,1,1
2,2536859.926,708059.4624,R2_F2_m2f2_P2_Y2_UO96,R2_F2_m-1f-1_P2_Y-1_U24,R2_F2_m-1f-1_P2_Y-1_U88,MXY,1,31.613820159371674,1,1,0.0,0,0,0,-9999.0,0.0,1,P1_CV0,1,0,2,1,1
2,2536859.926,708059.4624,R2_F2_m2f2_P2_Y2_UO253,R2_F2_m-1f-1_P2_Y-1_U113,I2_F7_m-1f-1_P2_Y-1_U30,MXY,1,31.613820159371674,1,1,0.0,0,0,0,-9999.0,0.5,1,P1_CV0,1,2,0,1,1
2,2536859.926,708059.4624,R2_F2_m2f2_P2_Y2_UO577,R2_F2_m-1f-1_P2_Y-1_U24,I2_F7_m-1f-1_P2_Y-1_U92,MXY,1,31.613820159371674,1,1,0.0,0,0,0,-9999.0,0.25,1,P1_CV0,1,1,1,0,2
2,2536859.926,708059.4624,R2_F2_m2f2_P2_Y2_UO107,R2_F2_m2f2_P2_Y0_UO717,R2_F2_m-1f-1_P2_Y-1_U88,MXY,1,31.613820159371674,1,1,0.0,0,0,0,-9999.0,0.5,1,P1_CV0,1,1,1,0,2
2,2536859.926,708059.4624,R2_F2_m2f2_P2_Y2_UO606,R2_F2_m2f2_P2_Y0_UO717,I2_F7_m-1f-1_P2_Y-1_U92,FXX,1,31.613820159371674,1,1,0.0,0,0,0,-9999.0,0.75,1,P1_CV0,1,2,0,1,1
2,2536859.926,708059.4624,R2_F2_m2f2_P2_Y2_UO353,R2_F2_m-1f-1_P2_Y-1_U21,R2_F2_m2f2_P2_Y0_UO416,MXY,1,31.613820159371674,1,1,0.0,0,0,0,-9999.0,0.625,1,P1_CV0,1,2,0,1,1
2,2536859.926,708059.4624,R2_F2_m2f2_P2_Y2_UO351,R2_F2_m-1f-1_P6_Y-1_U7,I2_F7_m-1f-1_P2_Y-1_U92,MXY,1,31.613820159371674,1,1,0.0,0,0,0,-9999.0,0.5,1,P1_CV0,1,1,1,0,2
2,2536859.926,708059.4624,R2_F2_m2f2_P2_Y2_UO136,R2_F2_m2f2_P2_Y0_UO532,R2_F2_m-1f-1_P2_Y-1_U79,FXX,1,31.613820159371674,1,1,1.0,0,0,0,-9999.0,0.625,1,P1_CV0,1,2,0,1,1
2,2536859.926,708059.4624,R2_F2_m2f2_P2_Y2_UO133,R2_F2_m2f2_P2_Y0_UO657,R2_F2_m-1f-1_P2_Y-1_U115,FXX,1,31.613820159371674,1,1,0.0,0,0,0,-9999.0,0.5,1,P1_CV0,1,2,0,2,0
2,2536859.926,708059.4624,R2_F2_m2f2_P2_Y2_UO613,R2_F2_m-1f-1_P2_Y-1_U24,R2_F2_m-1f-1_P2_Y-1_U60,MXY,1,31.613820159371674,1,1,0.0,0,0,0,-9999.0,0.0,1,P1_CV0,1,0,2,0,2
2,2536859.926,708059.4624,R2_F2_m2f2_P2_Y2_UO48,R2_F2_m-1f-1_P2_Y-1_U39,R2_F2_m2f2_P2_Y0_UO561,FXX,1,31.613820159371674,1,1,1.455,0,0,0,-9999.0,0.25,1,P1_CV0,1,1,1,2,0
2,2536859.926,708059.4624,R2_F2_m2f2_P2_Y2_UO618,R2_F2_m-1f-1_P2_Y-1_U24,R2_F2_m-1f-1_P2_Y-1_U60,MXY,1,31.613820159371674,1,1,0.0,0,0,0,-9999.0,0.0,1,P1_CV0,1,0,2,1,1
2,2536859.926,708059.4624,R2_F2_m2f2_P2_Y2_UO605,R2_F2_m2f2_P2_Y0_UO717,I2_F7_m-1f-1_P2_Y-1_U92,MXY,1,31.613820159371674,1,1,0.0,0,0,0,-9999.0,0.75,1,P1_CV0,1,2,0,1,1
2,2536859.926,708059.4624,R2_F2_m2f2_P2_Y2_UO607,R2_F2_m2f2_P2_Y0_UO717,I2_F7_m-1f-1_P2_Y-1_U92,MXY,1,31.613820159371674,1,1,0.0,0,0,0,-9999.0,0.75,1,P1_CV0,1,1,1,0,2
2,2536859.926,708059.4624,R2_F2_m2f2_P2_Y2_UO611,R2_F2_m2f2_P2_Y0_UO717,R2_F2_m2f2_P2_Y0_UO712,FXX,1,31.613820159371674,1,1,1.483,0,0,0,-9999.0,1.0,1,P1_CV0,1,2,0,2,0
2,2536859.926,708059.4624,R2_F2_m2f2_P2_Y2_UO395,R2_F2_m-1f-1_P2_Y-1_U50,R2_F2_m2f2_P2_Y0_UO561,MXY,1,31.613820159371674,1,1,0.0,0,0,0,-9999.0,0.25,1,P1_CV0,1,1,1,2,0
2,2536859.926,708059.4624,R2_F2_m2f2_P2_Y1_UO245,R2_F2_m-1f-1_P2_Y-1_U99,R2_F2_m-1f-1_P2_Y-1_U61,FXX,2,32.24343186806485,1,0,1.405,0,0,0,-9999.0,0.75,1,P1_CV0,1,1,1,1,1
2,2536859.926,708059.4624,R2_F2_m2f2_P2_Y1_UO154,R2_F2_m-1f-1_P2_Y-1_U127,R2_F2_m-1f-1_P2_Y-1_U51,MXY,2,32.24343186806485,1,0,0.0,0,0,0,-9999.0,0.25,1,P1_CV0,1,1,1,0,2
2,2536859.926,708059.4624,R2_F2_m2f2_P2_Y1_UO160,R2_F2_m-1f-1_P2_Y-1_U86,R2_F2_m-1f-1_P2_Y-1_U16,MXY,2,32.24343186806485,1,0,0.0,0,0,0,-9999.0,0.5,1,P1_CV0,1,1,1,1,1
2,2536859.926,708059.4624,R2_F2_m2f2_P2_Y1_UO521,R2_F2_m-1f-1_P2_Y-1_U86,R2_F2_m-1f-1_P2_Y-1_U19,MXY,2,32.24343186806485,1,0,0.0,0,0,0,-9999.0,0.75,1,P1_CV0,1,0,2,1,1
2,2536859.926,708059.4624,R2_F2_m2f2_P2_Y1_UO276,R2_F2_m-1f-1_P2_Y-1_U98,R2_F2_m-1f-1_P2_Y-1_U83,FXX,2,32.24343186806485,1,0,0.0,0,0,0,-9999.0,1.0,1,P1_CV0,1,1,1,2,0
2,2536859.926,708059.4624,R2_F2_m2f2_P2_Y1_UO112,R2_F2_m-1f-1_P2_Y-1_U78,R2_F2_m-1f-1_P2_Y-1_U2,MXY,2,32.24343186806485,1,0,0.0,0,0,0,-9999.0,0.5,1,P1_CV0,1,1,1,2,0
2,2536859.926,708059.4624,R2_F2_m2f2_P2_Y1_UO562,R2_F2_m-1f-1_P2_Y-1_U124,R2_F2_m-1f-1_P2_Y-1_U3,FXX,2,32.24343186806485,1,0,1.0,0,0,0,-9999.0,0.5,1,P1_CV0,1,1,1,2,0
2,2536859.926,708059.4624,R2_F2_m2f2_P2_Y1_UO383,R2_F2_m-1f-1_P2_Y-1_U112,R2_F2_m-1f-1_P2_Y-1_U64,MXY,2,32.24343186806485,1,0,0.0,0,0,0,-9999.0,0.5,1,P1_CV0,1,2,0,1,1
2,2536859.926,708059.4624,R2_F2_m2f2_P2_Y1_UO18,R2_F2_m-1f-1_P2_Y-1_U127,R2_F2_m-1f-1_P2_Y-1_U93,FXX,2,32.24343186806485,1,0,1.07,0,0,0,-9999.0,0.25,1,P1_CV0,1,1,1,0,2
2,2536859.926,708059.4624,R2_F2_m2f2_P2_Y1_UO165,R2_F2_m-1f-1_P2_Y-1_U99,R2_F2_m-1f-1_P2_Y-1_U5,MXY,2,32.24343186806485,1,0,0.0,0,0,0,-9999.0,0.75,1,P1_CV0,1,2,0,2,0
2,2536859.926,708059.4624,R2_F2_m2f2_P2_Y1_UO445,R2_F2_m-1f-1_P2_Y-1_U45,R2_F2_m-1f-1_P2_Y-1_U2,MXY,2,32.24343186806485,1,0,0.0,0,0,0,-9999.0,0.5,1,P1_CV0,1,1,1,0,2
2,2536859.926,708059.4624,R2_F2_m2f2_P2_Y1_UO384,R2_F2_m-1f-1_P2_Y-1_U112,R2_F2_m-1f-1_P2_Y-1_U64,MXY,2,32.24343186806485,1,0,0.0,0,0,0,-9999.0,0.5,1,P1_CV0,1,0,2,0,2
2,2536859.926,708059.4624,R2_F2_m2f2_P2_Y1_UO481,R2_F2_m-1f-1_P2_Y-1_U35,R2_F2_m-1f-1_P2_Y-1_U22,FXX,2,32.24343186806485,1,0,2.27,0,0,0,-9999.0,0.25,1,P1_CV0,1,1,1,0,2
2,2536859.926,708059.4624,R2_F2_m2f2_P2_Y1_UO294,R2_F2_m-1f-1_P2_Y-1_U32,R2_F2_m-1f-1_P2_Y-1_U43,FXX,2,32.24343186806485,1,0,0.0,0,0,0,-9999.0,0.25,1,P1_CV0,1,1,1,0,2
2,2536859.926,708059.4624,R2_F2_m2f2_P2_Y1_UO265,R2_F2_m-1f-1_P2_Y-1_U18,R2_F2_m-1f-1_P2_Y-1_U57,MXY,2,32.24343186806485,1,0,0.0,0,0,0,-9999.0,0.0,1,P1_CV0,1,0,2,0,2
2,2536859.926,708059.4624,R2_F2_m2f2_P2_Y0_UO250,R2_F2_m-1f-1_P2_Y-1_U62,R2_F2_m-1f-1_P2_Y-1_U106,FXX,3,32.81446828153912,1,0,2.854,0,0,0,-9999.0,0.75,1,P1_CV0,1,1,1,2,0
2,2536859.926,708059.4624,R2_F2_m2f2_P2_Y0_UO532,R2_F2_m-1f-1_P2_Y-1_U70,R2_F2_m-1f-1_P2_Y-1_U96,FXX,3,32.81446828153912,1,0,1.0,0,0,0,-9999.0,0.75,1,P1_CV0,1,1,1,2,0
2,2536859.926,708059.4624,R2_F2_m2f2_P2_Y0_UO742,R2_F2_m-1f-1_P2_Y-1_U34,R2_F2_m-1f-1_P2_Y-1_U108,FXX,3,32.81446828153912,1,0,1.001,0,0,0,-9999.0,1.0,1,P1_CV0,1,1,1,0,2
2,2536859.926,708059.4624,R2_F2_m2f2_P2_Y0_UO416,R2_F2_m-1f-1_P2_Y-1_U48,R2_F2_m-1f-1_P2_Y-1_U106,MXY,3,32.81446828153912,1,0,0.0,0,0,0,-9999.0,0.75,1,P1_CV0,1,2,0,1,1
2,2536859.926,708059.4624,R2_F2_m2f2_P2_Y0_UO661,R2_F2_m-1f-1_P2_Y-1_U112,R2_F2_m-1f-1_P2_Y-1_U13,MXY,3,32.81446828153912,1,0,0.0,0,0,0,-9999.0,0.5,1,P1_CV0,1,1,1,1,1
2,2536859.926,708059.4624,R2_F2_m2f2_P2_Y0_UO749,R2_F2_m-1f-1_P2_Y-1_U99,R2_F2_m-1f-1_P2_Y-1_U118,FXX,3,32.81446828153912,1,0,1.011,0,0,0,-9999.0,0.5,1,P1_CV0,1,1,1,1,1
2,2536859.926,708059.4624,R2_F2_m2f2_P2_Y0_UO146,R2_F2_m-1f-1_P2_Y-1_U109,R2_F2_m-1f-1_P2_Y-1_U69,FXX,3,32.81446828153912,1,0,1.648,0,0,0,-9999.0,0.75,1,P1_CV0,1,0,2,1,1
2,2536859.926,708059.4624,R2_F2_m2f2_P2_Y0_UO718,R2_F2_m-1f-1_P2_Y-1_U109,R2_F2_m-1f-1_P2_Y-1_U19,FXX,3,32.81446828153912,1,0,2.623,0,0,0,-9999.0,1.0,1,P1_CV0,1,0,2,0,2
2,2536859.926,708059.4624,R2_F2_m-1f-1_P2_Y-1_U44,-9999,-9999,FXX,4,33.29602037503022,1,0,1.0,0,0,0,-9999.0,0.0,1,P1_CV0,1,0,2,1,1
2,2536859.926,708059.4624,R2_F2_m-1f-1_P2_Y-1_U46,-9999,-9999,MXY,4,33.29602037503022,1,0,0.0,0,0,0,-9999.0,1.0,1,P1_CV0,1,2,0,0,2
2,2536859.926,708059.4624,R2_F2_m-1f-1_P2_Y-1_U39,-9999,-9999,FXX,5,51.58189421864383,1,0,0.0,0,0,0,-9999.0,0.5,1,P1_CV0,1,1,1,2,0
2,2536859.926,708059.4624,R2_F2_m-1f-1_P2_Y-1_U21,-9999,-9999,FXX,5,48.71689421864383,1,0,1.509,0,0,0,-9999.0,0.5,1,P1_CV0,1,1,1,2,0
2,2536859.926,708059.4624,R2_F2_m-1f-1_P2_Y-1_U79,-9999,-9999,MXY,5,55.22289421864383,1,0,0.0,0,0,0,-9999.0,0.5,1,P1_CV0,1,1,1,0,2
2,2536859.926,708059.4624,Age0_F2_m2f2_P2_Y3_UO326,R2_F2_m-1f-1_P6_Y-1_U7,R2_F2_m-1f-1_P2_Y-1_U88,MXY,0,31.03489406213565,0,0,0.0,0,0,0,0.0,0.25,1,P5_CV0,1,1,1,0,2
2,2536859.926,708059.4624,Age0_F2_m2f2_P2_Y3_UO327,R2_F2_m-1f-1_P6_Y-1_U7,R2_F2_m-1f-1_P2_Y-1_U88,FXX,0,31.03489406213565,0,0,0.0,0,0,0,0.0,0.25,1,P5_CV0,1,0,2,1,1
2,2536859.926,708059.4624,Age0_F2_m2f2_P2_Y3_UO511,R2_F2_m-1f-1_P6_Y-1_U7,R2_F2_m2f2_P2_Y1_UO460,FXX,0,31.03489406213565,0,0,0.0,0,0,0,0.0,0.625,1,P5_CV0,1,0,2,1,1
2,2536859.926,708059.4624,Age0_F2_m2f2_P2_Y3_UO513,R2_F2_m-1f-1_P6_Y-1_U7,R2_F2_m2f2_P2_Y1_UO460,MXY,0,31.03489406213565,0,0,0.0,0,0,0,0.0,0.625,1,P5_CV0,1,1,1,1,1
2,2536859.926,708059.4624,R2_F2_m2f2_P2_Y2_UO352,R2_F2_m-1f-1_P6_Y-1_U7,I2_F7_m-1f-1_P2_Y-1_U92,MXY,1,31.613820159371674,1,1,0.0,0,0,0,-9999.0,0.5,1,P5_CV0,1,0,2,0,2
3,2532969.44,705413.5711,R3_F3_m2f2_P2_Y2_UO99,R2_F2_m-1f-1_P2_Y-1_U24,R2_F2_m-1f-1_P2_Y-1_U88,MXY,1,31.08868809370709,1,1,0.0,0,0,0,-9999.0,0.0,1,P1_CV0,2,0,2,1,1
3,2532969.44,705413.5711,R3_F3_m2f2_P2_Y2_UO555,R2_F2_m2f2_P2_Y0_UO742,R2_F2_m-1f-1_P2_Y-1_U42,FXX,1,31.08868809370709,1,1,1.0,0,0,0,-9999.0,0.75,1,P1_CV0,2,1,1,1,1
3,2532969.44,705413.5711,Age0_F3_m3f3_P3_Y3_UO0,R3_F3_m3f3_P3_Y1_UO547,R3_F3_m3f3_P3_Y1_UO208,FXX,0,31.04276730254672,0,0,0.0,0,0,0,0.0,0.625,1,P2_CV0,2,1,1,1,1
3,2532969.44,705413.5711,Age0_F3_m3f3_P3_Y3_UO1,R3_F3_m3f3_P3_Y1_UO547,R3_F3_m3f3_P3_Y1_UO208,FXX,0,31.04276730254672,0,0,0.0,0,0,0,0.0,0.625,1,P2_CV0,2,2,0,1,1
3,2532969.44,705413.5711,Age0_F3_m3f3_P3_Y3_UO20,R3_F3_m3f3_P3_Y1_UO46,R3_F3_m3f3_P3_Y1_UO234,FXX,0,31.04276730254672,0,0,0.0,0,0,0,0.0,0.625,1,P2_CV0,2,0,2,2,0
3,2532969.44,705413.5711,Age0_F3_m3f3_P3_Y3_UO32,R3_F3_m3f3_P3_Y0_UO736,R3_F3_m3f3_P3_Y1_UO345,FXX,0,31.04276730254672,0,0,0.0,0,0,0,0.0,0.625,1,P2_CV0,2,0,2,2,0
3,2532969.44,705413.5711,Age0_F3_m3f3_P3_Y3_UO89,R3_F3_m3f3_P3_Y0_UO746,R3_F3_m-1f-1_P3_Y-1_U6,MXY,0,31.04276730254672,0,0,0.0,0,0,0,0.0,0.875,1,P2_CV0,2,2,0,1,1
3,2532969.44,705413.5711,Age0_F3_m3f3_P3_Y3_UO90,R3_F3_m3f3_P3_Y0_UO746,R3_F3_m-1f-1_P3_Y-1_U6,MXY,0,31.04276730254672,0,0,0.0,0,0,0,0.0,0.875,1,P2_CV0,2,2,0,2,0
3,2532969.44,705413.5711,Age0_F3_m3f3_P3_Y3_UO91,R3_F3_m3f3_P3_Y0_UO746,R3_F3_m-1f-1_P3_Y-1_U6,FXX,0,31.04276730254672,0,0,0.0,0,0,0,0.0,0.875,1,P2_CV0,2,2,0,2,0
3,2532969.44,705413.5711,Age0_F3_m3f3_P3_Y3_UO100,R3_F3_m-1f-1_P3_Y-1_U86,R3_F3_m3f3_P3_Y1_UO421,MXY,0,31.04276730254672,0,0,0.0,0,0,0,0.0,0.375,1,P2_CV0,2,0,2,2,0
3,2532969.44,705413.5711,Age0_F3_m3f3_P3_Y3_UO101,R3_F3_m-1f-1_P3_Y-1_U86,R3_F3_m3f3_P3_Y1_UO421,FXX,0,31.04276730254672,0,0,0.0,0,0,0,0.0,0.375,1,P2_CV0,2,1,1,2,0
3,2532969.44,705413.5711,Age0_F3_m3f3_P3_Y3_UO102,R3_F3_m-1f-1_P3_Y-1_U86,R3_F3_m3f3_P3_Y1_UO421,MXY,0,31.04276730254672,0,0,0.0,0,0,0,0.0,0.375,1,P2_CV0,2,0,2,2,0
3,2532969.44,705413.5711,Age0_F3_m3f3_P3_Y3_UO115,R3_F3_m3f3_P3_Y1_UO259,R3_F3_m3f3_P3_Y1_UO209,FXX,0,31.04276730254672,0,0,0.0,0,0,0,0.0,0.625,1,P2_CV0,2,0,2,0,2
3,2532969.44,705413.5711,Age0_F3_m3f3_P3_Y3_UO116,R3_F3_m3f3_P3_Y1_UO259,R3_F3_m3f3_P3_Y1_UO209,FXX,0,31.04276730254672,0,0,0.0,0,0,0,0.0,0.625,1,P2_CV0,2,0,2,0,2
3,2532969.44,705413.5711,Age0_F3_m3f3_P3_Y3_UO121,R3_F3_m-1f-1_P3_Y-1_U66,R3_F3_m3f3_P3_Y0_UO734,MXY,0,31.04276730254672,0,0,0.0,0,0,0,0.0,0.375,1,P2_CV0,2,0,2,2,0
3,2532969.44,705413.5711,Age0_F3_m3f3_P3_Y3_UO122,R3_F3_m-1f-1_P3_Y-1_U66,R3_F3_m3f3_P3_Y0_UO734,MXY,0,31.04276730254672,0,0,0.0,0,0,0,0.0,0.375,1,P2_CV0,2,1,1,1,1
3,2532969.44,705413.5711,Age0_F3_m3f3_P3_Y3_UO123,R3_F3_m-1f-1_P3_Y-1_U66,R3_F3_m3f3_P3_Y0_UO734,FXX,0,31.04276730254672,0,0,0.0,0,0,0,0.0,0.375,1,P2_CV0,2,1,1,2,0
3,2532969.44,705413.5711,Age0_F3_m3f3_P3_Y3_UO132,R3_F3_m-1f-1_P3_Y-1_U44,R3_F3_m3f3_P3_Y0_UO154,MXY,0,31.04276730254672,0,0,0.0,0,0,0,0.0,0.75,1,P2_CV0,2,1,1,2,0
3,2532969.44,705413.5711,Age0_F3_m3f3_P3_Y3_UO133,R3_F3_m-1f-1_P3_Y-1_U44,R3_F3_m3f3_P3_Y0_UO154,FXX,0,31.04276730254672,0,0,0.0,0,0,0,0.0,0.75,1,P2_CV0,2,1,1,1,1
3,2532969.44,705413.5711,Age0_F3_m3f3_P3_Y3_UO134,R3_F3_m-1f-1_P3_Y-1_U44,R3_F3_m3f3_P3_Y0_UO154,MXY,0,31.04276730254672,0,0,0.0,0,0,0,0.0,0.75,1,P2_CV0,2,1,1,2,0
3,2532969.44,705413.5711,Age0_F3_m3f3_P3_Y3_UO135,R3_F3_m-1f-1_P3_Y-1_U44,R3_F3_m3f3_P3_Y0_UO154,MXY,0,31.04276730254672,0,0,0.0,0,0,0,0.0,0.75,1,P2_CV0,2,1,1,2,0
3,2532969.44,705413.5711,Age0_F3_m3f3_P3_Y3_UO136,R3_F3_m-1f-1_P3_Y-1_U62,R3_F3_m3f3_P3_Y1_UO267,MXY,0,31.04276730254672,0,0,0.0,0,0,0,0.0,0.125,1,P2_CV0,2,0,2,1,1
3,2532969.44,705413.5711,Age0_F3_m3f3_P3_Y3_UO137,R3_F3_m-1f-1_P3_Y-1_U62,R3_F3_m3f3_P3_Y1_UO267,MXY,0,31.04276730254672,0,0,0.0,0,0,0,0.0,0.125,1,P2_CV0,2,0,2,1,1
3,2532969.44,705413.5711,Age0_F3_m3f3_P3_Y3_UO144,R3_F3_m3f3_P3_Y1_UO105,R3_F3_m3f3_P3_Y1_UO208,MXY,0,31.04276730254672,0,0,0.0,0,0,0,0.0,0.625,1,P2_CV0,2,2,0,1,1
3,2532969.44,705413.5711,Age0_F3_m3f3_P3_Y3_UO152,R3_F3_m-1f-1_P3_Y-1_U67,R3_F3_m-1f-1_P3_Y-1_U3,FXX,0,31.04276730254672,0,0,0.0,0,0,0,0.0,0.5,1,P2_CV0,2,0,2,0,2
3,2532969.44,705413.5711,Age0_F3_m3f3_P3_Y3_UO153,R3_F3_m-1f-1_P3_Y-1_U67,R3_F3_m-1f-1_P3_Y-1_U3,FXX,0,31.04276730254672,0,0,0.0,0,0,0,0.0,0.5,1,P2_CV0,2,1,1,0,2
3,2532969.44,705413.5711,Age0_F3_m3f3_P3_Y3_UO154,R3_F3_m-1f-1_P3_Y-1_U67,R3_F3_m-1f-1_P3_Y-1_U3,MXY,0,31.04276730254672,0,0,0.0,0,0,0,0.0,0.5,1,P2_CV0,2,1,1,0,2
3,2532969.44,705413.5711,Age0_F3_m3f3_P3_Y3_UO166,R3_F3_m3f3_P3_Y1_UO511,R3_F3_m-1f-1_P3_Y-1_U3,MXY,0,31.04276730254672,0,0,0.0,0,0,0,0.0,0.5,1,P2_CV0,2,1,1,1,1
3,2532969.44,705413.5711,Age0_F3_m3f3_P3_Y3_UO167,R3_F3_m3f3_P3_Y1_UO511,R3_F3_m-1f-1_P3_Y-1_U3,MXY,0,31.04276730254672,0,0,0.0,0,0,0,0.0,0.5,1,P2_CV0,2,1,1,1,1
3,2532969.44,705413.5711,Age0_F3_m3f3_P3_Y3_UO168,R3_F3_m3f3_P3_Y1_UO511,R3_F3_m-1f-1_P3_Y-1_U3,MXY,0,31.04276730254672,0,0,0.0,0,0,0,0.0,0.5,1,P2_CV0,2,2,0,1,1
3,2532969.44,705413.5711,Age0_F3_m3f3_P3_Y3_UO193,R3_F3_m-1f-1_P3_Y-1_U44,R3_F3_m3f3_P3_Y0_UO734,FXX,0,31.04276730254672,0,0,0.0,0,0,0,0.0,0.875,1,P2_CV0,2,2,0,2,0
3,2532969.44,705413.5711,Age0_F3_m3f3_P3_Y3_UO194,R3_F3_m-1f-1_P3_Y-1_U44,R3_F3_m3f3_P3_Y0_UO734,MXY,0,31.04276730254672,0,0,0.0,0,0,0,0.0,0.875,1,P2_CV0,2,2,0,2,0
3,2532969.44,705413.5711,Age0_F3_m3f3_P3_Y3_UO195,R3_F3_m-1f-1_P3_Y-1_U44,R3_F3_m3f3_P3_Y0_UO734,MXY,0,31.04276730254672,0,0,0.0,0,0,0,0.0,0.875,1,P2_CV0,2,2,0,2,0
3,2532969.44,705413.5711,Age0_F3_m3f3_P3_Y3_UO196,R3_F3_m3f3_P3_Y0_UO307,R3_F3_m3f3_P3_Y0_UO638,MXY,0,31.04276730254672,0,0,0.0,0,0,0,0.0,0.875,1,P2_CV0,2,1,1,0,2
3,2532969.44,705413.5711,Age0_F3_m3f3_P3_Y3_UO197,R3_F3_m3f3_P3_Y0_UO307,R3_F3_m3f3_P3_Y0_UO638,MXY,0,31.04276730254672,0,0,0.0,0,0,0,0.0,0.875,1,P2_CV0,2,1,1,1,1
3,2532969.44,705413.5711,Age0_F3_m3f3_P3_Y3_UO210,R3_F3_m3f3_P3_Y1_UO470,R3_F3_m-1f-1_P3_Y-1_U37,MXY,0,31.04276730254672,0,0,0.0,0,0,0,0.0,0.375,1,P2_CV0,2,0,2,1,1
3,2532969.44,705413.5711,Age0_F3_m3f3_P3_Y3_UO211,R3_F3_m3f3_P3_Y1_UO470,R3_F3_m-1f-1_P3_Y-1_U37,FXX,0,31.04276730254672,0,0,0.0,0,0,0,0.0,0.375,1,P2_CV0,2,0,2,1,1
3,2532969.44,705413.5711,Age0_F3_m3f3_P3_Y3_UO212,R3_F3_m3f3_P3_Y0_UO506,R3_F3_m3f3_P3_Y1_UO421,FXX,0,31.04276730254672,0,0,0.0,0,0,0,0.0,0.625,1,P2_CV0,2,0,2,1,1
3,2532969.44,705413.5711,Age0_F3_m3f3_P3_Y3_UO213,R3_F3_m3f3_P3_Y0_UO506,R3_F3_m3f3_P3_Y1_UO421,MXY,0,31.04276730254672,0,0,0.0,0,0,0,0.0,0.625,1,P2_CV0,2,0,2,2,0
3,2532969.44,705413.5711,Age0_F3_m3f3_P3_Y3_UO236,R3_F3_m-1f-1_P3_Y-1_U86,R3_F3_m3f3_P3_Y0_UO304,FXX,0,31.04276730254672,0,0,0.0,0,0,0,0.0,0.375,1,P2_CV0,2,1,1,1,1
3,2532969.44,705413.5711,Age0_F3_m3f3_P3_Y3_UO237,R3_F3_m-1f-1_P3_Y-1_U86,R3_F3_m3f3_P3_Y0_UO304,FXX,0,31.04276730254672,0,0,0.0,0,0,0,0.0,0.375,1,P2_CV0,2,1,1,2,0
3,2532969.44,705413.5711,Age0_F3_m3f3_P3_Y3_UO238,R3_F3_m-1f-1_P3_Y-1_U86,R3_F3_m3f3_P3_Y0_UO304,MXY,0,31.04276730254672,0,0,0.0,0,0,0,0.0,0.375,1,P2_CV0,2,1,1,1,1
3,2532969.44,705413.5711,Age0_F3_m3f3_P3_Y3_UO301,R3_F3_m3f3_P3_Y1_UO46,R3_F3_m3f3_P3_Y1_UO420,MXY,0,31.04276730254672,0,0,0.0,0,0,0,0.0,0.625,1,P2_CV0,2,2,0,1,1
3,2532969.44,705413.5711,Age0_F3_m3f3_P3_Y3_UO302,R3_F3_m3f3_P3_Y1_UO46,R3_F3_m3f3_P3_Y1_UO420,FXX,0,31.04276730254672,0,0,0.0,0,0,0,0.0,0.625,1,P2_CV0,2,2,0,1,1
3,2532969.44,705413.5711,Age0_F3_m3f3_P3_Y3_UO303,R3_F3_m3f3_P3_Y1_UO46,R3_F3_m3f3_P3_Y1_UO420,FXX,0,31.04276730254672,0,0,0.0,0,0,0,0.0,0.625,1,P2_CV0,2,1,1,2,0
3,2532969.44,705413.5711,Age0_F3_m3f3_P3_Y3_UO313,R3_F3_m-1f-1_P3_Y-1_U105,R3_F3_m3f3_P3_Y1_UO316,FXX,0,31.04276730254672,0,0,0.0,0,0,0,0.0,0.75,1,P2_CV0,2,2,0,1,1
3,2532969.44,705413.5711,Age0_F3_m3f3_P3_Y3_UO314,R3_F3_m-1f-1_P3_Y-1_U105,R3_F3_m3f3_P3_Y1_UO316,FXX,0,31.04276730254672,0,0,0.0,0,0,0,0.0,0.75,1,P2_CV0,2,1,1,2,0
3,2532969.44,705413.5711,Age0_F3_m3f3_P3_Y3_UO315,R3_F3_m-1f-1_P3_Y-1_U105,R3_F3_m3f3_P3_Y1_UO316,FXX,0,31.04276730254672,0,0,0.0,0,0,0,0.0,0.75,1,P2_CV0,2,1,1,1,1
3,2532969.44,705413.5711,Age0_F3_m3f3_P3_Y3_UO316,R3_F3_m-1f-1_P3_Y-1_U105,R3_F3_m3f3_P3_Y1_UO316,FXX,0,31.04276730254672,0,0,0.0,0,0,0,0.0,0.75,1,P2_CV0,2,2,0,2,0
3,2532969.44,705413.5711,Age0_F3_m3f3_P3_Y3_UO317,R3_F3_m-1f-1_P3_Y-1_U105,R3_F3_m3f3_P3_Y1_UO316,FXX,0,31.04276730254672,0,0,0.0,0,0,0,0.0,0.75,1,P2_CV0,2,2,0,2,0
3,2532969.44,705413.5711,Age0_F3_m3f3_P3_Y3_UO320,R3_F3_m-1f-1_P3_Y-1_U121,R3_F3_m3f3_P3_Y1_UO548,MXY,0,31.04276730254672,0,0,0.0,0,0,0,0.0,0.75,1,P2_CV0,2,1,1,1,1
3,2532969.44,705413.5711,Age0_F3_m3f3_P3_Y3_UO321,R3_F3_m-1f-1_P3_Y-1_U121,R3_F3_m3f3_P3_Y1_UO548,FXX,0,31.04276730254672,0,0,0.0,0,0,0,0.0,0.75,1,P2_CV0,2,1,1,1,1
3,2532969.44,705413.5711,Age0_F3_m3f3_P3_Y3_UO322,R3_F3_m-1f-1_P3_Y-1_U121,R3_F3_m3f3_P3_Y1_UO548,MXY,0,31.04276730254672,0,0,0.0,0,0,0,0.0,0.75,1,P2_CV0,2,1,1,2,0
3,2532969.44,705413.5711,Age0_F3_m3f3_P3_Y3_UO323,R3_F3_m-1f-1_P3_Y-1_U121,R3_F3_m3f3_P3_Y1_UO548,FXX,0,31.04276730254672,0,0,0.0,0,0,0,0.0,0.75,1,P2_CV0,2,1,1,1,1
3,2532969.44,705413.5711,Age0_F3_m3f3_P3_Y3_UO324,R3_F3_m-1f-1_P3_Y-1_U121,R3_F3_m3f3_P3_Y1_UO548,FXX,0,31.04276730254672,0,0,0.0,0,0,0,0.0,0.75,1,P2_CV0,2,1,1,1,1
3,2532969.44,705413.5711,Age0_F3_m3f3_P3_Y3_UO325,R3_F3_m-1f-1_P3_Y-1_U121,R3_F3_m3f3_P3_Y1_UO548,MXY,0,31.04276730254672,0,0,0.0,0,0,0,0.0,0.75,1,P2_CV0,2,1,1,2,0
3,2532969.44,705413.5711,Age0_F3_m3f3_P3_Y3_UO329,R3_F3_m3f3_P3_Y1_UO82,R3_F3_m3f3_P3_Y0_UO154,MXY,0,31.04276730254672,0,0,0.0,0,0,0,0.0,0.375,1,P2_CV0,2,0,2,0,2
3,2532969.44,705413.5711,Age0_F3_m3f3_P3_Y3_UO341,R3_F3_m-1f-1_P3_Y-1_U67,R3_F3_m3f3_P3_Y1_UO234,MXY,0,31.04276730254672,0,0,0.0,0,0,0,0.0,0.5,1,P2_CV0,2,0,2,2,0
3,2532969.44,705413.5711,Age0_F3_m3f3_P3_Y3_UO342,R3_F3_m-1f-1_P3_Y-1_U67,R3_F3_m3f3_P3_Y1_UO234,FXX,0,31.04276730254672,0,0,0.0,0,0,0,0.0,0.5,1,P2_CV0,2,1,1,2,0
3,2532969.44,705413.5711,Age0_F3_m3f3_P3_Y3_UO371,R3_F3_m3f3_P3_Y1_UO105,R3_F3_m3f3_P3_Y1_UO267,FXX,0,31.04276730254672,0,0,0.0,0,0,0,0.0,0.375,1,P2_CV0,2,1,1,1,1
3,2532969.44,705413.5711,Age0_F3_m3f3_P3_Y3_UO372,R3_F3_m3f3_P3_Y1_UO105,R3_F3_m3f3_P3_Y1_UO267,MXY,0,31.04276730254672,0,0,0.0,0,0,0,0.0,0.375,1,P2_CV0,2,1,1,1,1
3,2532969.44,705413.5711,Age0_F3_m3f3_P3_Y3_UO373,R3_F3_m3f3_P3_Y1_UO105,R3_F3_m3f3_P3_Y1_UO267,MXY,0,31.04276730254672,0,0,0.0,0,0,0,0.0,0.375,1,P2_CV0,2,1,1,0,2
3,2532969.44,705413.5711,Age0_F3_m3f3_P3_Y3_UO406,R3_F3_m-1f-1_P3_Y-1_U86,R3_F3_m3f3_P3_Y0_UO304,FXX,0,31.04276730254672,0,0,0.0,0,0,0,0.0,0.375,1,P2_CV0,2,1,1,2,0
3,2532969.44,705413.5711,Age0_F3_m3f3_P3_Y3_UO407,R3_F3_m-1f-1_P3_Y-1_U86,R3_F3_m3f3_P3_Y0_UO304,MXY,0,31.04276730254672,0,0,0.0,0,0,0,0.0,0.375,1,P2_CV0,2,1,1,2,0
3,2532969.44,705413.5711,Age0_F3_m3f3_P3_Y3_UO408,R3_F3_m-1f-1_P3_Y-1_U86,R3_F3_m3f3_P3_Y0_UO304,FXX,0,31.04276730254672,0,0,0.0,0,0,0,0.0,0.375,1,P2_CV0,2,2,0,1,1
3,2532969.44,705413.5711,Age0_F3_m3f3_P3_Y3_UO409,R3_F3_m-1f-1_P3_Y-1_U86,R3_F3_m3f3_P3_Y0_UO304,FXX,0,31.04276730254672,0,0,0.0,0,0,0,0.0,0.375,1,P2_CV0,2,1,1,1,1
3,2532969.44,705413.5711,Age0_F3_m3f3_P3_Y3_UO412,R3_F3_m3f3_P3_Y0_UO40,R3_F3_m3f3_P3_Y0_UO638,MXY,0,31.04276730254672,0,0,0.0,0,0,0,0.0,0.75,1,P2_CV0,2,1,1,0,2
3,2532969.44,705413.5711,Age0_F3_m3f3_P3_Y3_UO413,R3_F3_m3f3_P3_Y0_UO40,R3_F3_m3f3_P3_Y0_UO638,FXX,0,31.04276730254672,0,0,0.0,0,0,0,0.0,0.75,1,P2_CV0,2,0,2,0,2
3,2532969.44,705413.5711,Age0_F3_m3f3_P3_Y3_UO418,R3_F3_m3f3_P3_Y1_UO470,R3_F3_m3f3_P3_Y1_UO209,MXY,0,31.04276730254672,0,0,0.0,0,0,0,0.0,0.75,1,P2_CV0,2,1,1,1,1
3,2532969.44,705413.5711,Age0_F3_m3f3_P3_Y3_UO419,R3_F3_m-1f-1_P3_Y-1_U66,R3_F3_m-1f-1_P3_Y-1_U37,FXX,0,31.04276730254672,0,0,0.0,0,0,0,0.0,0.0,1,P2_CV0,2,0,2,2,0
3,2532969.44,705413.5711,Age0_F3_m3f3_P3_Y3_UO420,R3_F3_m-1f-1_P3_Y-1_U66,R3_F3_m-1f-1_P3_Y-1_U37,FXX,0,31.04276730254672,0,0,0.0,0,0,0,0.0,0.0,1,P2_CV0,2,0,2,2,0
3,2532969.44,705413.5711,Age0_F3_m3f3_P3_Y3_UO421,R3_F3_m-1f-1_P3_Y-1_U66,R3_F3_m-1f-1_P3_Y-1_U37,FXX,0,31.04276730254672,0,0,0.0,0,0,0,0.0,0.0,1,P2_CV0,2,0,2,2,0
3,2532969.44,705413.5711,Age0_F3_m3f3_P3_Y3_UO422,R3_F3_m-1f-1_P3_Y-1_U66,R3_F3_m-1f-1_P3_Y-1_U37,FXX,0,31.04276730254672,0,0,0.0,0,0,0,0.0,0.0,1,P2_CV0,2,0,2,1,1
3,2532969.44,705413.5711,Age0_F3_m3f3_P3_Y3_UO458,R3_F3_m3f3_P3_Y0_UO156,R3_F3_m3f3_P3_Y1_UO421,FXX,0,31.04276730254672,0,0,0.0,0,0,0,0.0,0.5,1,P2_CV0,2,0,2,2,0
3,2532969.44,705413.5711,Age0_F3_m3f3_P3_Y3_UO459,R3_F3_m3f3_P3_Y0_UO156,R3_F3_m3f3_P3_Y1_UO421,FXX,0,31.04276730254672,0,0,0.0,0,0,0,0.0,0.5,1,P2_CV0,2,1,1,2,0
3,2532969.44,705413.5711,Age0_F3_m3f3_P3_Y3_UO460,R3_F3_m3f3_P3_Y0_UO263,R3_F3_m3f3_P3_Y0_UO368,FXX,0,31.04276730254672,0,0,0.0,0,0,0,0.0,0.75,1,P2_CV0,2,2,0,1,1
3,2532969.44,705413.5711,Age0_F3_m3f3_P3_Y3_UO461,R3_F3_m3f3_P3_Y0_UO263,R3_F3_m3f3_P3_Y0_UO368,MXY,0,31.04276730254672,0,0,0.0,0,0,0,0.0,0.75,1,P2_CV0,2,2,0,1,1
3,2532969.44,705413.5711,Age0_F3_m3f3_P3_Y3_UO483,R3_F3_m3f3_P3_Y0_UO753,R3_F3_m3f3_P3_Y1_UO345,MXY,0,31.04276730254672,0,0,0.0,0,0,0,0.0,0.375,1,P2_CV0,2,1,1,1,1
3,2532969.44,705413.5711,Age0_F3_m3f3_P3_Y3_UO484,R3_F3_m3f3_P3_Y0_UO753,R3_F3_m3f3_P3_Y1_UO345,FXX,0,31.04276730254672,0,0,0.0,0,0,0,0.0,0.375,1,P2_CV0,2,1,1,2,0
3,2532969.44,705413.5711,Age0_F3_m3f3_P3_Y3_UO485,R3_F3_m3f3_P3_Y0_UO753,R3_F3_m3f3_P3_Y1_UO345,MXY,0,31.04276730254672,0,0,0.0,0,0,0,0.0,0.375,1,P2_CV0,2,1,1,2,0
3,2532969.44,705413.5711,Age0_F3_m3f3_P3_Y3_UO487,R3_F3_m3f3_P3_Y0_UO753,R3_F3_m3f3_P3_Y1_UO163,FXX,0,31.04276730254672,0,0,0.0,0,0,0,0.0,0.5,1,P2_CV0,2,2,0,2,0
3,2532969.44,705413.5711,Age0_F3_m3f3_P3_Y3_UO488,R3_F3_m3f3_P3_Y0_UO753,R3_F3_m3f3_P3_Y1_UO163,FXX,0,31.04276730254672,0,0,0.0,0,0,0,0.0,0.5,1,P2_CV0,2,2,0,2,0
3,2532969.44,705413.5711,Age0_F3_m3f3_P3_Y3_UO492,R3_F3_m3f3_P3_Y1_UO82,R3_F3_m3f3_P3_Y0_UO516,MXY,0,31.04276730254672,0,0,0.0,0,0,0,0.0,0.125,1,P2_CV0,2,1,1,1,1
3,2532969.44,705413.5711,Age0_F3_m3f3_P3_Y3_UO493,R3_F3_m3f3_P3_Y1_UO82,R3_F3_m3f3_P3_Y0_UO516,FXX,0,31.04276730254672,0,0,0.0,0,0,0,0.0,0.125,1,P2_CV0,2,0,2,1,1
3,2532969.44,705413.5711,Age0_F3_m3f3_P3_Y3_UO534,R3_F3_m-1f-1_P3_Y-1_U18,R3_F3_m3f3_P3_Y1_UO250,MXY,0,31.04276730254672,0,0,0.0,0,0,0,0.0,0.375,1,P2_CV0,2,1,1,1,1
3,2532969.44,705413.5711,Age0_F3_m3f3_P3_Y3_UO535,R3_F3_m-1f-1_P3_Y-1_U18,R3_F3_m3f3_P3_Y1_UO250,MXY,0,31.04276730254672,0,0,0.0,0,0,0,0.0,0.375,1,P2_CV0,2,1,1,1,1
3,2532969.44,705413.5711,Age0_F3_m3f3_P3_Y3_UO536,R3_F3_m-1f-1_P3_Y-1_U18,R3_F3_m3f3_P3_Y1_UO250,MXY,0,31.04276730254672,0,0,0.0,0,0,0,0.0,0.375,1,P2_CV0,2,1,1,1,1
3,2532969.44,705413.5711,Age0_F3_m3f3_P3_Y3_UO537,R3_F3_m3f3_P3_Y1_UO472,R3_F3_m3f3_P3_Y1_UO345,MXY,0,31.04276730254672,0,0,0.0,0,0,0,0.0,0.625,1,P2_CV0,2,1,1,0,2
3,2532969.44,705413.5711,Age0_F3_m3f3_P3_Y3_UO538,R3_F3_m3f3_P3_Y1_UO472,R3_F3_m3f3_P3_Y1_UO345,MXY,0,31.04276730254672,0,0,0.0,0,0,0,0.0,0.625,1,P2_CV0,2,0,2,1,1
3,2532969.44,705413.5711,Age0_F3_m3f3_P3_Y3_UO539,R3_F3_m3f3_P3_Y1_UO472,R3_F3_m3f3_P3_Y1_UO345,MXY,0,31.04276730254672,0,0,0.0,0,0,0,0.0,0.625,1,P2_CV0,2,1,1,0,2
3,2532969.44,705413.5711,Age0_F3_m3f3_P3_Y3_UO542,R3_F3_m3f3_P3_Y0_UO736,R3_F3_m-1f-1_P3_Y-1_U3,FXX,0,31.04276730254672,0,0,0.0,0,0,0,0.0,0.625,1,P2_CV0,2,1,1,1,1
3,2532969.44,705413.5711,Age0_F3_m3f3_P3_Y3_UO543,R3_F3_m3f3_P3_Y0_UO736,R3_F3_m-1f-1_P3_Y-1_U3,FXX,0,31.04276730254672,0,0,0.0,0,0,0,0.0,0.625,1,P2_CV0,2,2,0,1,1
3,2532969.44,705413.5711,Age0_F3_m3f3_P3_Y3_UO544,R3_F3_m3f3_P3_Y0_UO736,R3_F3_m-1f-1_P3_Y-1_U3,MXY,0,31.04276730254672,0,0,0.0,0,0,0,0.0,0.625,1,P2_CV0,2,0,2,1,1
3,2532969.44,705413.5711,Age0_F3_m3f3_P3_Y3_UO554,R3_F3_m-1f-1_P3_Y-1_U121,R3_F3_m3f3_P3_Y1_UO345,FXX,0,31.04276730254672,0,0,0.0,0,0,0,0.0,0.75,1,P2_CV0,2,1,1,1,1
3,2532969.44,705413.5711,Age0_F3_m3f3_P3_Y3_UO555,R3_F3_m-1f-1_P3_Y-1_U121,R3_F3_m3f3_P3_Y1_UO345,FXX,0,31.04276730254672,0,0,0.0,0,0,0,0.0,0.75,1,P2_CV0,2,1,1,1,1
3,2532969.44,705413.5711,Age0_F3_m3f3_P3_Y3_UO556,R3_F3_m-1f-1_P3_Y-1_U121,R3_F3_m3f3_P3_Y1_UO345,FXX,0,31.04276730254672,0,0,0.0,0,0,0,0.0,0.75,1,P2_CV0,2,1,1,1,1
3,2532969.44,705413.5711,Age0_F3_m3f3_P3_Y3_UO557,R3_F3_m-1f-1_P3_Y-1_U121,R3_F3_m3f3_P3_Y1_UO345,FXX,0,31.04276730254672,0,0,0.0,0,0,0,0.0,0.75,1,P2_CV0,2,1,1,2,0
3,2532969.44,705413.5711,Age0_F3_m3f3_P3_Y3_UO558,R3_F3_m-1f-1_P3_Y-1_U121,R3_F3_m3f3_P3_Y1_UO345,MXY,0,31.04276730254672,0,0,0.0,0,0,0,0.0,0.75,1,P2_CV0,2,1,1,2,0
3,2532969.44,705413.5711,R3_F3_m3f3_P3_Y2_UO463,R3_F3_m3f3_P3_Y0_UO452,R3_F3_m-1f-1_P3_Y-1_U55,FXX,1,31.080213402260128,1,1,0.0,0,0,0,-9999.0,0.375,1,P2_CV0,2,1,1,0,2
3,2532969.44,705413.5711,R3_F3_m3f3_P3_Y2_UO571,R3_F3_m-1f-1_P3_Y-1_U86,R3_F3_m-1f-1_P3_Y-1_U6,MXY,1,31.080213402260128,1,1,0.0,0,0,0,-9999.0,0.75,1,P2_CV0,2,2,0,2,0
3,2532969.44,705413.5711,R3_F3_m3f3_P3_Y2_UO578,R3_F3_m3f3_P3_Y0_UO494,R3_F3_m3f3_P3_Y0_UO368,FXX,1,31.080213402260128,1,1,1.649,0,0,0,-9999.0,0.75,1,P2_CV0,2,1,1,0,2
3,2532969.44,705413.5711,R3_F3_m3f3_P3_Y2_UO276,R3_F3_m-1f-1_P3_Y-1_U110,R3_F3_m-1f-1_P3_Y-1_U29,FXX,1,31.080213402260128,1,1,1.0,0,0,0,-9999.0,0.5,1,P2_CV0,2,1,1,1,1
3,2532969.44,705413.5711,R3_F3_m3f3_P3_Y2_UO450,R3_F3_m-1f-1_P3_Y-1_U71,R3_F3_m-1f-1_P3_Y-1_U37,FXX,1,31.080213402260128,1,1,1.0,0,0,0,-9999.0,0.5,1,P2_CV0,2,1,1,2,0
3,2532969.44,705413.5711,R3_F3_m3f3_P3_Y2_UO330,R3_F3_m3f3_P3_Y0_UO356,R3_F3_m-1f-1_P3_Y-1_U6,FXX,1,31.080213402260128,1,1,0.0,0,0,0,-9999.0,0.75,1,P2_CV0,2,2,0,2,0
3,2532969.44,705413.5711,R3_F3_m3f3_P3_Y2_UO519,R3_F3_m3f3_P3_Y0_UO127,R3_F3_m3f3_P3_Y0_UO154,MXY,1,31.080213402260128,1,1,0.0,0,0,0,-9999.0,0.25,1,P2_CV0,2,0,2,2,0
3,2532969.44,705413.5711,R3_F3_m3f3_P3_Y2_UO387,R3_F3_m-1f-1_P3_Y-1_U86,R3_F3_m3f3_P3_Y0_UO745,MXY,1,31.080213402260128,1,1,0.0,0,0,0,-9999.0,0.625,1,P2_CV0,2,1,1,1,1
3,2532969.44,705413.5711,R3_F3_m3f3_P3_Y2_UO386,R3_F3_m-1f-1_P3_Y-1_U86,R3_F3_m3f3_P3_Y0_UO745,FXX,1,31.080213402260128,1,1,1.252,0,0,0,-9999.0,0.625,1,P2_CV0,2,0,2,2,0
3,2532969.44,705413.5711,R3_F3_m3f3_P3_Y2_UO1,R3_F3_m-1f-1_P3_Y-1_U86,R3_F3_m-1f-1_P3_Y-1_U60,MXY,1,31.080213402260128,1,1,0.0,0,0,0,-9999.0,0.25,1,P2_CV0,2,1,1,2,0
3,2532969.44,705413.5711,R3_F3_m3f3_P3_Y2_UO131,R3_F3_m3f3_P3_Y0_UO356,R3_F3_m3f3_P3_Y0_UO39,MXY,1,31.080213402260128,1,1,0.0,0,0,0,-9999.0,0.5,1,P2_CV0,2,1,1,2,0
3,2532969.44,705413.5711,R3_F3_m3f3_P3_Y2_UO275,R3_F3_m-1f-1_P3_Y-1_U110,R3_F3_m-1f-1_P3_Y-1_U29,FXX,1,31.080213402260128,1,1,1.864,0,0,0,-9999.0,0.5,1,P2_CV0,2,0,2,0,2
3,2532969.44,705413.5711,R3_F3_m3f3_P3_Y2_UO2,R3_F3_m-1f-1_P3_Y-1_U86,R3_F3_m-1f-1_P3_Y-1_U60,MXY,1,31.080213402260128,1,1,0.0,0,0,0,-9999.0,0.25,1,P2_CV0,2,0,2,2,0
3,2532969.44,705413.5711,R3_F3_m3f3_P3_Y2_UO568,R3_F3_m-1f-1_P3_Y-1_U86,R3_F3_m-1f-1_P3_Y-1_U6,FXX,1,31.080213402260128,1,1,2.373,0,0,0,-9999.0,0.75,1,P2_CV0,2,2,0,2,0
3,2532969.44,705413.5711,R3_F3_m3f3_P3_Y2_UO237,R3_F3_m3f3_P3_Y0_UO79,R3_F3_m-1f-1_P3_Y-1_U54,MXY,1,31.080213402260128,1,1,0.0,0,0,0,-9999.0,0.625,1,P2_CV0,2,0,2,1,1
3,2532969.44,705413.5711,R3_F3_m3f3_P3_Y2_UO277,R3_F3_m-1f-1_P3_Y-1_U110,R3_F3_m-1f-1_P3_Y-1_U29,MXY,1,31.080213402260128,1,1,0.0,0,0,0,-9999.0,0.5,1,P2_CV0,2,2,0,0,2
3,2532969.44,705413.5711,R3_F3_m3f3_P3_Y2_UO194,R3_F3_m3f3_P3_Y0_UO753,R3_F3_m3f3_P3_Y0_UO213,MXY,1,31.080213402260128,1,1,0.0,0,0,0,-9999.0,0.125,1,P2_CV0,2,2,0,2,0
3,2532969.44,705413.5711,R3_F3_m3f3_P3_Y2_UO518,R3_F3_m3f3_P3_Y0_UO452,R3_F3_m3f3_P3_Y0_UO173,FXX,1,31.080213402260128,1,1,1.0,0,0,0,-9999.0,0.625,1,P2_CV0,2,1,1,2,0
3,2532969.44,705413.5711,R3_F3_m3f3_P3_Y2_UO476,R3_F3_m3f3_P3_Y0_UO452,R3_F3_m3f3_P3_Y0_UO302,FXX,1,31.080213402260128,1,1,3.168,0,0,0,-9999.0,0.5,1,P2_CV0,2,1,1,2,0
3,2532969.44,705413.5711,R3_F3_m3f3_P3_Y2_UO319,R3_F3_m3f3_P3_Y0_UO746,R3_F3_m3f3_P3_Y0_UO638,MXY,1,31.080213402260128,1,1,0.0,0,0,0,-9999.0,0.875,1,P2_CV0,2,1,1,1,1
3,2532969.44,705413.5711,R3_F3_m3f3_P3_Y2_UO464,R3_F3_m-1f-1_P3_Y-1_U110,R3_F3_m-1f-1_P3_Y-1_U6,MXY,1,31.080213402260128,1,1,0.0,0,0,0,-9999.0,0.75,1,P2_CV0,2,2,0,1,1
3,2532969.44,705413.5711,R3_F3_m3f3_P3_Y2_UO591,R3_F3_m-1f-1_P3_Y-1_U110,R3_F3_m-1f-1_P3_Y-1_U118,FXX,1,31.080213402260128,1,1,1.977,0,0,0,-9999.0,0.25,1,P2_CV0,2,0,2,1,1
3,2532969.44,705413.5711,R3_F3_m3f3_P3_Y2_UO231,R3_F3_m3f3_P3_Y0_UO506,R3_F3_m3f3_P3_Y0_UO638,FXX,1,31.080213402260128,1,1,2.438,0,0,0,-9999.0,1.0,1,P2_CV0,2,1,1,0,2
3,2532969.44,705413.5711,R3_F3_m3f3_P3_Y2_UO468,R3_F3_m-1f-1_P3_Y-1_U110,R3_F3_m-1f-1_P3_Y-1_U6,MXY,1,31.080213402260128,1,1,0.0,0,0,0,-9999.0,0.75,1,P2_CV0,2,1,1,2,0
3,2532969.44,705413.5711,R3_F3_m3f3_P3_Y2_UO72,R3_F3_m3f3_P3_Y0_UO231,R3_F3_m3f3_P3_Y0_UO639,FXX,1,31.080213402260128,1,1,1.57,0,0,0,-9999.0,0.5,1,P2_CV0,2,0,2,1,1
3,2532969.44,705413.5711,R3_F3_m3f3_P3_Y2_UO462,R3_F3_m3f3_P3_Y0_UO452,R3_F3_m-1f-1_P3_Y-1_U55,FXX,1,31.080213402260128,1,1,1.325,0,0,0,-9999.0,0.375,1,P2_CV0,2,0,2,1,1
3,2532969.44,705413.5711,R3_F3_m3f3_P3_Y2_UO404,R3_F3_m-1f-1_P3_Y-1_U71,R3_F3_m-1f-1_P3_Y-1_U60,FXX,1,31.080213402260128,1,1,0.0,0,0,0,-9999.0,0.5,1,P2_CV0,2,1,1,2,0
3,2532969.44,705413.5711,R3_F3_m3f3_P3_Y2_UO274,R3_F3_m-1f-1_P3_Y-1_U110,R3_F3_m-1f-1_P3_Y-1_U29,FXX,1,31.080213402260128,1,1,2.343,0,0,0,-9999.0,0.5,1,P2_CV0,2,0,2,1,1
3,2532969.44,705413.5711,R3_F3_m3f3_P3_Y2_UO307,R3_F3_m3f3_P3_Y0_UO356,R3_F3_m3f3_P3_Y0_UO154,FXX,1,31.080213402260128,1,1,0.0,0,0,0,-9999.0,0.5,1,P2_CV0,2,1,1,0,2
3,2532969.44,705413.5711,R3_F3_m3f3_P3_Y2_UO557,R3_F3_m-1f-1_P3_Y-1_U62,R3_F3_m3f3_P3_Y0_UO564,MXY,1,31.080213402260128,1,1,0.0,0,0,0,-9999.0,0.375,1,P2_CV0,2,0,2,1,1
3,2532969.44,705413.5711,R3_F3_m3f3_P3_Y2_UO407,R3_F3_m-1f-1_P3_Y-1_U71,R3_F3_m-1f-1_P3_Y-1_U60,FXX,1,31.080213402260128,1,1,0.0,0,0,0,-9999.0,0.5,1,P2_CV0,2,1,1,1,1
3,2532969.44,705413.5711,R3_F3_m3f3_P3_Y2_UO375,R3_F3_m3f3_P3_Y0_UO127,R3_F3_m-1f-1_P3_Y-1_U55,MXY,1,31.080213402260128,1,1,0.0,0,0,0,-9999.0,0.0,1,P2_CV0,2,0,2,0,2
3,2532969.44,705413.5711,R3_F3_m3f3_P3_Y2_UO569,R3_F3_m-1f-1_P3_Y-1_U86,R3_F3_m-1f-1_P3_Y-1_U6,FXX,1,31.080213402260128,1,1,2.145,0,0,0,-9999.0,0.75,1,P2_CV0,2,2,0,2,0
3,2532969.44,705413.5711,R3_F3_m3f3_P3_Y2_UO383,R3_F3_m-1f-1_P3_Y-1_U86,R3_F3_m3f3_P3_Y0_UO745,FXX,1,31.080213402260128,1,1,0.0,0,0,0,-9999.0,0.625,1,P2_CV0,2,1,1,2,0
3,2532969.44,705413.5711,R3_F3_m3f3_P3_Y2_UO384,R3_F3_m-1f-1_P3_Y-1_U86,R3_F3_m3f3_P3_Y0_UO745,MXY,1,31.080213402260128,1,1,0.0,0,0,0,-9999.0,0.625,1,P2_CV0,2,1,1,1,1
3,2532969.44,705413.5711,R3_F3_m3f3_P3_Y2_UO521,R3_F3_m3f3_P3_Y0_UO127,R3_F3_m3f3_P3_Y0_UO154,FXX,1,31.080213402260128,1,1,0.0,0,0,0,-9999.0,0.25,1,P2_CV0,2,1,1,2,0
3,2532969.44,705413.5711,R3_F3_m3f3_P3_Y2_UO262,R3_F3_m-1f-1_P3_Y-1_U71,R3_F3_m3f3_P3_Y0_UO352,MXY,1,31.080213402260128,1,1,0.0,0,0,0,-9999.0,0.75,1,P2_CV0,2,2,0,2,0
3,2532969.44,705413.5711,R3_F3_m3f3_P3_Y2_UO139,R3_F3_m-1f-1_P3_Y-1_U66,R3_F3_m-1f-1_P3_Y-1_U123,MXY,1,31.080213402260128,1,1,0.0,0,0,0,-9999.0,0.25,1,P2_CV0,2,1,1,2,0
3,2532969.44,705413.5711,R3_F3_m3f3_P3_Y2_UO402,R3_F3_m3f3_P3_Y0_UO512,R3_F3_m-1f-1_P3_Y-1_U60,MXY,1,31.080213402260128,1,1,0.0,0,0,0,-9999.0,0.0,1,P2_CV0,2,1,1,2,0
3,2532969.44,705413.5711,R3_F3_m3f3_P3_Y2_UO232,R3_F3_m3f3_P3_Y0_UO506,R3_F3_m3f3_P3_Y0_UO638,MXY,1,31.080213402260128,1,1,0.0,0,0,0,-9999.0,1.0,1,P2_CV0,2,1,1,1,1
3,2532969.44,705413.5711,R3_F3_m3f3_P3_Y1_UO267,R3_F3_m-1f-1_P3_Y-1_U52,R3_F3_m-1f-1_P3_Y-1_U83,MXY,2,31.11911102537685,1,0,0.0,0,0,0,-9999.0,0.25,1,P2_CV0,2,0,2,1,1
3,2532969.44,705413.5711,R3_F3_m3f3_P3_Y1_UO510,R3_F3_m-1f-1_P3_Y-1_U44,R3_F3_m-1f-1_P3_Y-1_U3,FXX,2,31.11911102537685,1,0,1.0,0,0,0,-9999.0,0.75,1,P2_CV0,2,1,1,1,1
3,2532969.44,705413.5711,R3_F3_m3f3_P3_Y1_UO511,R3_F3_m-1f-1_P3_Y-1_U26,R3_F3_m-1f-1_P3_Y-1_U20,FXX,2,31.11911102537685,1,0,1.089,0,0,0,-9999.0,0.5,1,P2_CV0,2,2,0,2,0
3,2532969.44,705413.5711,R3_F3_m3f3_P3_Y1_UO500,R3_F3_m-1f-1_P3_Y-1_U41,R3_F3_m-1f-1_P3_Y-1_U81,FXX,2,31.11911102537685,1,0,0.0,0,0,0,-9999.0,0.0,1,P2_CV0,2,1,1,1,1
3,2532969.44,705413.5711,R3_F3_m3f3_P3_Y1_UO479,R3_F3_m-1f-1_P3_Y-1_U120,R3_F3_m-1f-1_P3_Y-1_U54,MXY,2,31.11911102537685,1,0,0.0,0,0,0,-9999.0,0.5,1,P2_CV0,2,2,0,1,1
3,2532969.44,705413.5711,R3_F3_m3f3_P3_Y1_UO548,R3_F3_m-1f-1_P3_Y-1_U52,R3_F3_m-1f-1_P3_Y-1_U54,MXY,2,31.11911102537685,1,0,0.0,0,0,0,-9999.0,0.5,1,P2_CV0,2,0,2,1,1
3,2532969.44,705413.5711,R3_F3_m3f3_P3_Y1_UO490,R3_F3_m-1f-1_P3_Y-1_U73,R3_F3_m-1f-1_P3_Y-1_U57,FXX,2,31.11911102537685,1,0,1.0,0,0,0,-9999.0,0.5,1,P2_CV0,2,1,1,2,0
3,2532969.44,705413.5711,R3_F3_m3f3_P3_Y1_UO472,R3_F3_m-1f-1_P3_Y-1_U10,R3_F3_m-1f-1_P3_Y-1_U53,FXX,2,31.11911102537685,1,0,0.0,0,0,0,-9999.0,0.75,1,P2_CV0,2,1,1,1,1
3,2532969.44,705413.5711,R3_F3_m3f3_P3_Y1_UO44,R3_F3_m-1f-1_P3_Y-1_U26,R3_F3_m-1f-1_P3_Y-1_U23,FXX,2,31.11911102537685,1,0,0.0,0,0,0,-9999.0,0.75,1,P2_CV0,2,2,0,0,2
3,2532969.44,705413.5711,R3_F3_m3f3_P3_Y1_UO316,R3_F3_m-1f-1_P3_Y-1_U26,R3_F3_m-1f-1_P3_Y-1_U25,MXY,2,31.11911102537685,1,0,0.0,0,0,0,-9999.0,0.5,1,P2_CV0,2,1,1,1,1
3,2532969.44,705413.5711,R3_F3_m3f3_P3_Y1_UO83,R3_F3_m-1f-1_P3_Y-1_U36,R3_F3_m-1f-1_P3_Y-1_U47,FXX,2,31.11911102537685,1,0,2.828,0,0,0,-9999.0,0.25,1,P2_CV0,2,1,1,0,2
3,2532969.44,705413.5711,R3_F3_m3f3_P3_Y1_UO250,R3_F3_m-1f-1_P3_Y-1_U45,R3_F3_m-1f-1_P3_Y-1_U13,MXY,2,31.11911102537685,1,0,0.0,0,0,0,-9999.0,0.75,1,P2_CV0,2,2,0,2,0
3,2532969.44,705413.5711,R3_F3_m3f3_P3_Y1_UO477,R3_F3_m-1f-1_P3_Y-1_U36,R3_F3_m-1f-1_P3_Y-1_U4,MXY,2,31.11911102537685,1,0,0.0,0,0,0,-9999.0,0.5,1,P2_CV0,2,0,2,1,1
3,2532969.44,705413.5711,R3_F3_m3f3_P3_Y1_UO106,R3_F3_m-1f-1_P3_Y-1_U45,R3_F3_m-1f-1_P3_Y-1_U77,MXY,2,31.11911102537685,1,0,0.0,0,0,0,-9999.0,0.5,1,P2_CV0,2,1,1,1,1
3,2532969.44,705413.5711,R3_F3_m3f3_P3_Y1_UO163,R3_F3_m-1f-1_P3_Y-1_U117,R3_F3_m-1f-1_P3_Y-1_U122,MXY,2,31.11911102537685,1,0,0.0,0,0,0,-9999.0,0.75,1,P2_CV0,2,2,0,1,1
3,2532969.44,705413.5711,R3_F3_m3f3_P3_Y1_UO314,R3_F3_m-1f-1_P3_Y-1_U16,R3_F3_m-1f-1_P3_Y-1_U13,MXY,2,31.11911102537685,1,0,0.0,0,0,0,-9999.0,0.5,1,P2_CV0,2,0,2,1,1
3,2532969.44,705413.5711,R3_F3_m3f3_P3_Y1_UO190,R3_F3_m-1f-1_P3_Y-1_U127,R3_F3_m-1f-1_P3_Y-1_U23,FXX,2,31.11911102537685,1,0,0.0,0,0,0,-9999.0,0.5,1,P2_CV0,2,0,2,1,1
3,2532969.44,705413.5711,R3_F3_m3f3_P3_Y1_UO259,R3_F3_m-1f-1_P3_Y-1_U116,R3_F3_m-1f-1_P3_Y-1_U63,FXX,2,31.11911102537685,1,0,0.0,0,0,0,-9999.0,0.5,1,P2_CV0,2,0,2,0,2
3,2532969.44,705413.5711,R3_F3_m3f3_P3_Y1_UO546,R3_F3_m-1f-1_P3_Y-1_U52,R3_F3_m-1f-1_P3_Y-1_U54,MXY,2,31.11911102537685,1,0,0.0,0,0,0,-9999.0,0.5,1,P2_CV0,2,1,1,2,0
3,2532969.44,705413.5711,R3_F3_m3f3_P3_Y0_UO231,R3_F3_m-1f-1_P3_Y-1_U70,R3_F3_m-1f-1_P3_Y-1_U55,FXX,3,31.14214459103275,1,0,1.504,0,0,0,-9999.0,0.0,1,P2_CV0,2,1,1,1,1
3,2532969.44,705413.5711,R3_F3_m3f3_P3_Y0_UO356,R3_F3_m-1f-1_P3_Y-1_U21,R3_F3_m-1f-1_P3_Y-1_U17,FXX,3,31.14214459103275,1,0,1.883,0,0,0,-9999.0,0.5,1,P2_CV0,2,2,0,1,1
3,2532969.44,705413.5711,R3_F3_m3f3_P3_Y0_UO734,R3_F3_m-1f-1_P3_Y-1_U121,R3_F3_m-1f-1_P3_Y-1_U106,MXY,3,31.14214459103275,1,0,0.0,0,0,0,-9999.0,0.75,1,P2_CV0,2,1,1,1,1
3,2532969.44,705413.5711,R3_F3_m3f3_P3_Y0_UO40,R3_F3_m-1f-1_P3_Y-1_U71,R3_F3_m-1f-1_P3_Y-1_U93,FXX,3,31.14214459103275,1,0,1.018,0,0,0,-9999.0,0.5,1,P2_CV0,2,1,1,0,2
3,2532969.44,705413.5711,R3_F3_m3f3_P3_Y0_UO546,R3_F3_m-1f-1_P3_Y-1_U71,R3_F3_m-1f-1_P3_Y-1_U9,FXX,3,31.14214459103275,1,0,0.0,0,0,0,-9999.0,1.0,1,P2_CV0,2,1,1,1,1
3,2532969.44,705413.5711,R3_F3_m3f3_P3_Y0_UO213,R3_F3_m-1f-1_P3_Y-1_U11,R3_F3_m-1f-1_P3_Y-1_U79,MXY,3,31.14214459103275,1,0,0.0,0,0,0,-9999.0,0.0,1,P2_CV0,2,2,0,2,0
3,2532969.44,705413.5711,R3_F3_m3f3_P3_Y0_UO302,R3_F3_m-1f-1_P3_Y-1_U87,R3_F3_m-1f-1_P3_Y-1_U48,MXY,3,31.14214459103275,1,0,0.0,0,0,0,-9999.0,0.25,1,P2_CV0,2,1,1,2,0
3,2532969.44,705413.5711,R3_F3_m3f3_P3_Y0_UO263,R3_F3_m-1f-1_P3_Y-1_U73,R3_F3_m-1f-1_P3_Y-1_U64,FXX,3,31.14214459103275,1,0,2.689,0,0,0,-9999.0,0.75,1,P2_CV0,2,2,0,1,1
3,2532969.44,705413.5711,R3_F3_m3f3_P3_Y0_UO516,R3_F3_m-1f-1_P3_Y-1_U11,R3_F3_m-1f-1_P3_Y-1_U48,MXY,3,31.14214459103275,1,0,0.0,0,0,0,-9999.0,0.0,1,P2_CV0,2,1,1,2,0
3,2532969.44,705413.5711,R3_F3_m-1f-1_P3_Y-1_U31,-9999,-9999,MXY,4,31.130519001694488,1,0,0.0,0,0,0,-9999.0,0.5,1,P2_CV0,2,1,1,2,0
3,2532969.44,705413.5711,R3_F3_m-1f-1_P3_Y-1_U43,-9999,-9999,FXX,4,31.129414170176986,1,0,1.366,0,0,0,-9999.0,1.0,1,P2_CV0,2,2,0,1,1
3,2532969.44,705413.5711,R3_F3_m-1f-1_P3_Y-1_U123,-9999,-9999,MXY,4,31.130519001694488,1,0,0.0,0,0,0,-9999.0,0.5,1,P2_CV0,2,1,1,1,1
3,2532969.44,705413.5711,R3_F3_m-1f-1_P3_Y-1_U60,-9999,-9999,MXY,4,31.130519001694488,1,0,0.0,0,0,0,-9999.0,0.0,1,P2_CV0,2,0,2,1,1
3,2532969.44,705413.5711,R3_F3_m-1f-1_P3_Y-1_U62,-9999,-9999,FXX,4,31.130519001694488,1,0,0.0,0,0,0,-9999.0,0.0,1,P2_CV0,2,0,2,1,1
3,2532969.44,705413.5711,R3_F3_m-1f-1_P3_Y-1_U18,-9999,-9999,FXX,5,55.7452885018084,1,0,0.0,0,0,0,-9999.0,0.0,1,P2_CV0,2,0,2,0,2
3,2532969.44,705413.5711,R3_F3_m-1f-1_P3_Y-1_U86,-9999,-9999,FXX,5,57.763288501808404,1,0,1.0,0,0,0,-9999.0,0.5,1,P2_CV0,2,1,1,2,0
3,2532969.44,705413.5711,R3_F3_m-1f-1_P3_Y-1_U121,-9999,-9999,FXX,5,48.98522313016352,1,0,0.0,0,0,0,-9999.0,1.0,1,P2_CV0,2,2,0,2,0
4,2539041.489,728416.6747,Age0_F4_m4f4_P4_Y3_UO330,RD4_F1_m1f1_P1_Y1_UO175,R4_F4_m5f5_P5_Y0_UO534,FXX,0,31.003040000756883,0,0,0.0,0,0,0,0.0,0.375,1,P0_CV0,2,2,0,1,1
4,2539041.489,728416.6747,Age0_F4_m4f4_P4_Y3_UO446,R4_F4_m1f1_P1_Y0_UO398,R4_F4_m4f4_P4_Y1_UO560,FXX,0,31.003040000756883,0,0,0.0,0,0,0,0.0,0.5,1,P0_CV0,2,0,2,2,0
4,2539041.489,728416.6747,Age0_F4_m4f4_P4_Y3_UO447,R4_F4_m1f1_P1_Y0_UO398,R4_F4_m4f4_P4_Y1_UO560,FXX,0,31.003040000756883,0,0,0.0,0,0,0,0.0,0.5,1,P0_CV0,2,0,2,2,0
4,2539041.489,728416.6747,Age0_F4_m4f4_P4_Y3_UO456,R4_F4_m4f4_P4_Y1_UO69,R4_F4_m4f4_P4_Y1_UO475,MXY,0,31.003040000756883,0,0,0.0,0,0,0,0.0,0.5,1,P0_CV0,2,1,1,1,1
4,2539041.489,728416.6747,Age0_F4_m4f4_P4_Y3_UO457,R4_F4_m4f4_P4_Y1_UO69,R4_F4_m4f4_P4_Y1_UO475,FXX,0,31.003040000756883,0,0,0.0,0,0,0,0.0,0.5,1,P0_CV0,2,0,2,1,1
4,2539041.489,728416.6747,Age0_F4_m4f4_P4_Y3_UO466,R4_F4_m-1f-1_P4_Y-1_U126,R4_F4_m4f4_P4_Y1_UO475,FXX,0,31.003040000756883,0,0,0.0,0,0,0,0.0,0.25,1,P0_CV0,2,0,2,0,2
4,2539041.489,728416.6747,Age0_F4_m4f4_P4_Y3_UO467,R4_F4_m-1f-1_P4_Y-1_U126,R4_F4_m4f4_P4_Y1_UO475,FXX,0,31.003040000756883,0,0,0.0,0,0,0,0.0,0.25,1,P0_CV0,2,0,2,1,1
4,2539041.489,728416.6747,R4_F4_m1f1_P1_Y2_UO32,R1_F1_m-1f-1_P1_Y-1_U116,R1_F1_m-1f-1_P1_Y-1_U85,FXX,1,57.3897716609083,1,1,1.0,0,0,0,-9999.0,0.0,1,P0_CV0,2,0,2,1,1
4,2539041.489,728416.6747,Age0_F4_m4f4_P4_Y3_UO7,R4_F4_m4f4_P4_Y0_UO137,R4_F4_m4f4_P4_Y1_UO509,FXX,0,31.003040000756883,0,0,0.0,0,0,0,0.0,0.25,1,P3_CV0,2,2,0,2,0
4,2539041.489,728416.6747,Age0_F4_m4f4_P4_Y3_UO8,R4_F4_m4f4_P4_Y0_UO137,R4_F4_m4f4_P4_Y1_UO509,MXY,0,31.003040000756883,0,0,0.0,0,0,0,0.0,0.25,1,P3_CV0,2,2,0,2,0
4,2539041.489,728416.6747,Age0_F4_m4f4_P4_Y3_UO9,R4_F4_m4f4_P4_Y0_UO137,R4_F4_m4f4_P4_Y1_UO509,MXY,0,31.003040000756883,0,0,0.0,0,0,0,0.0,0.25,1,P3_CV0,2,2,0,1,1
4,2539041.489,728416.6747,Age0_F4_m4f4_P4_Y3_UO13,R4_F4_m4f4_P4_Y1_UO529,R4_F4_m4f4_P4_Y1_UO227,MXY,0,31.003040000756883,0,0,0.0,0,0,0,0.0,0.5,1,P3_CV0,2,1,1,0,2
4,2539041.489,728416.6747,Age0_F4_m4f4_P4_Y3_UO14,R4_F4_m4f4_P4_Y1_UO529,R4_F4_m4f4_P4_Y1_UO227,MXY,0,31.003040000756883,0,0,0.0,0,0,0,0.0,0.5,1,P3_CV0,2,0,2,1,1
4,2539041.489,728416.6747,Age0_F4_m4f4_P4_Y3_UO15,R4_F4_m4f4_P4_Y1_UO529,R4_F4_m4f4_P4_Y1_UO227,FXX,0,31.003040000756883,0,0,0.0,0,0,0,0.0,0.5,1,P3_CV0,2,1,1,2,0
4,2539041.489,728416.6747,Age0_F4_m4f4_P4_Y3_UO29,R4_F4_m-1f-1_P4_Y-1_U20,R4_F4_m4f4_P4_Y0_UO112,FXX,0,31.003040000756883,0,0,0.0,0,0,0,0.0,0.5,1,P3_CV0,2,0,2,0,2
4,2539041.489,728416.6747,Age0_F4_m4f4_P4_Y3_UO30,R4_F4_m-1f-1_P4_Y-1_U20,R4_F4_m4f4_P4_Y0_UO112,FXX,0,31.003040000756883,0,0,0.0,0,0,0,0.0,0.5,1,P3_CV0,2,0,2,0,2
4,2539041.489,728416.6747,Age0_F4_m4f4_P4_Y3_UO31,R4_F4_m-1f-1_P4_Y-1_U20,R4_F4_m4f4_P4_Y0_UO112,FXX,0,31.003040000756883,0,0,0.0,0,0,0,0.0,0.5,1,P3_CV0,2,1,1,0,2
4,2539041.489,728416.6747,Age0_F4_m4f4_P4_Y3_UO36,R4_F4_m-1f-1_P4_Y-1_U15,R4_F4_m-1f-1_P4_Y-1_U79,MXY,0,31.003040000756883,0,0,0.0,0,0,0,0.0,0.75,1,P3_CV0,2,1,1,2,0
4,2539041.489,728416.6747,Age0_F4_m4f4_P4_Y3_UO37,R4_F4_m-1f-1_P4_Y-1_U15,R4_F4_m-1f-1_P4_Y-1_U79,MXY,0,31.003040000756883,0,0,0.0,0,0,0,0.0,0.75,1,P3_CV0,2,1,1,2,0
4,2539041.489,728416.6747,Age0_F4_m4f4_P4_Y3_UO38,R4_F4_m-1f-1_P4_Y-1_U15,R4_F4_m-1f-1_P4_Y-1_U79,FXX,0,31.003040000756883,0,0,0.0,0,0,0,0.0,0.75,1,P3_CV0,2,2,0,2,0
4,2539041.489,728416.6747,Age0_F4_m4f4_P4_Y3_UO39,R4_F4_m-1f-1_P4_Y-1_U15,R4_F4_m-1f-1_P4_Y-1_U79,FXX,0,31.003040000756883,0,0,0.0,0,0,0,0.0,0.75,1,P3_CV0,2,2,0,2,0
4,2539041.489,728416.6747,Age0_F4_m4f4_P4_Y3_UO40,R4_F4_m4f4_P4_Y1_UO371,R4_F4_m-1f-1_P4_Y-1_U70,FXX,0,31.003040000756883,0,0,0.0,0,0,0,0.0,0.5,1,P3_CV0,2,1,1,1,1
4,2539041.489,728416.6747,Age0_F4_m4f4_P4_Y3_UO41,R4_F4_m4f4_P4_Y1_UO371,R4_F4_m-1f-1_P4_Y-1_U70,MXY,0,31.003040000756883,0,0,0.0,0,0,0,0.0,0.5,1,P3_CV0,2,0,2,0,2
4,2539041.489,728416.6747,Age0_F4_m4f4_P4_Y3_UO42,R4_F4_m4f4_P4_Y0_UO137,R4_F4_m-1f-1_P4_Y-1_U43,FXX,0,31.003040000756883,0,0,0.0,0,0,0,0.0,0.625,1,P3_CV0,2,2,0,0,2
4,2539041.489,728416.6747,Age0_F4_m4f4_P4_Y3_UO43,R4_F4_m4f4_P4_Y0_UO137,R4_F4_m-1f-1_P4_Y-1_U43,MXY,0,31.003040000756883,0,0,0.0,0,0,0,0.0,0.625,1,P3_CV0,2,2,0,0,2
4,2539041.489,728416.6747,Age0_F4_m4f4_P4_Y3_UO53,R4_F4_m4f4_P4_Y0_UO491,R4_F4_m4f4_P4_Y0_UO470,MXY,0,31.003040000756883,0,0,0.0,0,0,0,0.0,0.625,1,P3_CV0,2,1,1,1,1
4,2539041.489,728416.6747,Age0_F4_m4f4_P4_Y3_UO54,R4_F4_m4f4_P4_Y0_UO491,R4_F4_m4f4_P4_Y0_UO470,FXX,0,31.003040000756883,0,0,0.0,0,0,0,0.0,0.625,1,P3_CV0,2,2,0,1,1
4,2539041.489,728416.6747,Age0_F4_m4f4_P4_Y3_UO66,RD4_F4_m4f4_P4_Y1_UO128,R4_F4_m4f4_P4_Y0_UO19,FXX,0,31.003040000756883,0,0,0.0,0,0,0,0.0,0.5,1,P3_CV0,2,2,0,1,1
4,2539041.489,728416.6747,Age0_F4_m4f4_P4_Y3_UO73,RD4_F4_m4f4_P4_Y1_UO128,R4_F4_m4f4_P4_Y1_UO395,FXX,0,31.003040000756883,0,0,0.0,0,0,0,0.0,0.5,1,P3_CV0,2,2,0,0,2
4,2539041.489,728416.6747,Age0_F4_m4f4_P4_Y3_UO74,RD4_F4_m4f4_P4_Y1_UO128,R4_F4_m4f4_P4_Y1_UO395,MXY,0,31.003040000756883,0,0,0.0,0,0,0,0.0,0.5,1,P3_CV0,2,2,0,1,1
4,2539041.489,728416.6747,Age0_F4_m4f4_P4_Y3_UO75,RD4_F4_m4f4_P4_Y1_UO128,R4_F4_m4f4_P4_Y1_UO395,MXY,0,31.003040000756883,0,0,0.0,0,0,0,0.0,0.5,1,P3_CV0,2,2,0,2,0
4,2539041.489,728416.6747,Age0_F4_m4f4_P4_Y3_UO77,R4_F4_m4f4_P4_Y1_UO532,R4_F4_m4f4_P4_Y1_UO395,FXX,0,31.003040000756883,0,0,0.0,0,0,0,0.0,0.75,1,P3_CV0,2,2,0,0,2
4,2539041.489,728416.6747,Age0_F4_m4f4_P4_Y3_UO78,R4_F4_m4f4_P4_Y1_UO532,R4_F4_m4f4_P4_Y1_UO395,FXX,0,31.003040000756883,0,0,0.0,0,0,0,0.0,0.75,1,P3_CV0,2,2,0,0,2
4,2539041.489,728416.6747,Age0_F4_m4f4_P4_Y3_UO79,R4_F4_m-1f-1_P4_Y-1_U20,R4_F4_m4f4_P4_Y1_UO287,FXX,0,31.003040000756883,0,0,0.0,0,0,0,0.0,0.5,1,P3_CV0,2,2,0,0,2
4,2539041.489,728416.6747,Age0_F4_m4f4_P4_Y3_UO80,R4_F4_m-1f-1_P4_Y-1_U20,R4_F4_m4f4_P4_Y1_UO287,FXX,0,31.003040000756883,0,0,0.0,0,0,0,0.0,0.5,1,P3_CV0,2,1,1,0,2
4,2539041.489,728416.6747,Age0_F4_m4f4_P4_Y3_UO96,R4_F4_m4f4_P4_Y1_UO49,R4_F4_m4f4_P4_Y0_UO16,FXX,0,31.003040000756883,0,0,0.0,0,0,0,0.0,0.625,1,P3_CV0,2,0,2,1,1
4,2539041.489,728416.6747,Age0_F4_m4f4_P4_Y3_UO97,R4_F4_m4f4_P4_Y1_UO49,R4_F4_m4f4_P4_Y0_UO16,FXX,0,31.003040000756883,0,0,0.0,0,0,0,0.0,0.625,1,P3_CV0,2,0,2,1,1
4,2539041.489,728416.6747,Age0_F4_m4f4_P4_Y3_UO98,R4_F4_m4f4_P4_Y1_UO49,R4_F4_m4f4_P4_Y0_UO16,FXX,0,31.003040000756883,0,0,0.0,0,0,0,0.0,0.625,1,P3_CV0,2,1,1,2,0
4,2539041.489,728416.6747,Age0_F4_m4f4_P4_Y3_UO106,R4_F4_m4f4_P4_Y1_UO396,R4_F4_m4f4_P4_Y0_UO572,MXY,0,31.003040000756883,0,0,0.0,0,0,0,0.0,0.25,1,P3_CV0,2,0,2,2,0
4,2539041.489,728416.6747,Age0_F4_m4f4_P4_Y3_UO124,R4_F4_m4f4_P4_Y1_UO486,R4_F4_m-1f-1_P4_Y-1_U3,MXY,0,31.003040000756883,0,0,0.0,0,0,0,0.0,0.25,1,P3_CV0,2,2,0,0,2
4,2539041.489,728416.6747,Age0_F4_m4f4_P4_Y3_UO169,R4_F4_m-1f-1_P4_Y-1_U82,R4_F4_m4f4_P4_Y0_UO289,FXX,0,31.003040000756883,0,0,0.0,0,0,0,0.0,0.25,1,P3_CV0,2,1,1,1,1
4,2539041.489,728416.6747,Age0_F4_m4f4_P4_Y3_UO170,R4_F4_m-1f-1_P4_Y-1_U82,R4_F4_m4f4_P4_Y0_UO289,MXY,0,31.003040000756883,0,0,0.0,0,0,0,0.0,0.25,1,P3_CV0,2,2,0,1,1
4,2539041.489,728416.6747,Age0_F4_m4f4_P4_Y3_UO171,R4_F4_m-1f-1_P4_Y-1_U82,R4_F4_m4f4_P4_Y0_UO289,FXX,0,31.003040000756883,0,0,0.0,0,0,0,0.0,0.25,1,P3_CV0,2,1,1,0,2
4,2539041.489,728416.6747,Age0_F4_m4f4_P4_Y3_UO173,RD4_F4_m4f4_P4_Y1_UO128,R4_F4_m4f4_P4_Y0_UO289,FXX,0,31.003040000756883,0,0,0.0,0,0,0,0.0,0.25,1,P3_CV0,2,2,0,0,2
4,2539041.489,728416.6747,Age0_F4_m4f4_P4_Y3_UO174,RD4_F4_m4f4_P4_Y1_UO128,R4_F4_m4f4_P4_Y0_UO289,MXY,0,31.003040000756883,0,0,0.0,0,0,0,0.0,0.25,1,P3_CV0,2,2,0,0,2
4,2539041.489,728416.6747,Age0_F4_m4f4_P4_Y3_UO175,RD4_F4_m4f4_P4_Y1_UO128,R4_F4_m4f4_P4_Y0_UO289,MXY,0,31.003040000756883,0,0,0.0,0,0,0,0.0,0.25,1,P3_CV0,2,2,0,1,1
4,2539041.489,728416.6747,Age0_F4_m4f4_P4_Y3_UO186,R4_F4_m4f4_P4_Y1_UO49,R4_F4_m4f4_P4_Y1_UO329,FXX,0,31.003040000756883,0,0,0.0,0,0,0,0.0,0.625,1,P3_CV0,2,1,1,1,1
4,2539041.489,728416.6747,Age0_F4_m4f4_P4_Y3_UO187,R4_F4_m4f4_P4_Y1_UO49,R4_F4_m4f4_P4_Y1_UO329,MXY,0,31.003040000756883,0,0,0.0,0,0,0,0.0,0.625,1,P3_CV0,2,0,2,1,1
4,2539041.489,728416.6747,Age0_F4_m4f4_P4_Y3_UO233,R4_F4_m-1f-1_P4_Y-1_U20,RD4_F1_m1f1_P1_Y0_UO587,MXY,0,31.003040000756883,0,0,0.0,0,0,0,0.0,0.5,1,P3_CV0,2,0,2,0,2
4,2539041.489,728416.6747,Age0_F4_m4f4_P4_Y3_UO234,R4_F4_m-1f-1_P4_Y-1_U20,RD4_F1_m1f1_P1_Y0_UO587,MXY,0,31.003040000756883,0,0,0.0,0,0,0,0.0,0.5,1,P3_CV0,2,1,1,0,2
4,2539041.489,728416.6747,Age0_F4_m4f4_P4_Y3_UO241,R4_F4_m4f4_P4_Y1_UO486,R4_F4_m4f4_P4_Y0_UO66,MXY,0,31.003040000756883,0,0,0.0,0,0,0,0.0,0.25,1,P3_CV0,2,2,0,1,1
4,2539041.489,728416.6747,Age0_F4_m4f4_P4_Y3_UO242,R4_F4_m4f4_P4_Y1_UO486,R4_F4_m4f4_P4_Y0_UO66,MXY,0,31.003040000756883,0,0,0.0,0,0,0,0.0,0.25,1,P3_CV0,2,2,0,1,1
4,2539041.489,728416.6747,Age0_F4_m4f4_P4_Y3_UO243,R4_F4_m4f4_P4_Y1_UO486,R4_F4_m4f4_P4_Y0_UO66,FXX,0,31.003040000756883,0,0,0.0,0,0,0,0.0,0.25,1,P3_CV0,2,2,0,2,0
4,2539041.489,728416.6747,Age0_F4_m4f4_P4_Y3_UO270,R4_F4_m4f4_P4_Y1_UO69,R4_F4_m4f4_P4_Y0_UO67,FXX,0,31.003040000756883,0,0,0.0,0,0,0,0.0,0.5,1,P3_CV0,2,0,2,1,1
4,2539041.489,728416.6747,Age0_F4_m4f4_P4_Y3_UO271,R4_F4_m4f4_P4_Y1_UO69,R4_F4_m4f4_P4_Y0_UO67,FXX,0,31.003040000756883,0,0,0.0,0,0,0,0.0,0.5,1,P3_CV0,2,0,2,1,1
4,2539041.489,728416.6747,Age0_F4_m4f4_P4_Y3_UO279,R4_F4_m4f4_P4_Y0_UO326,R4_F4_m-1f-1_P4_Y-1_U59,MXY,0,31.003040000756883,0,0,0.0,0,0,0,0.0,0.375,1,P3_CV0,2,2,0,0,2
4,2539041.489,728416.6747,Age0_F4_m4f4_P4_Y3_UO280,R4_F4_m4f4_P4_Y0_UO326,R4_F4_m-1f-1_P4_Y-1_U59,FXX,0,31.003040000756883,0,0,0.0,0,0,0,0.0,0.375,1,P3_CV0,2,1,1,0,2
4,2539041.489,728416.6747,Age0_F4_m4f4_P4_Y3_UO281,R4_F4_m4f4_P4_Y0_UO257,R4_F4_m4f4_P4_Y0_UO94,MXY,0,31.003040000756883,0,0,0.0,0,0,0,0.0,0.625,1,P3_CV0,2,1,1,1,1
4,2539041.489,728416.6747,Age0_F4_m4f4_P4_Y3_UO282,R4_F4_m4f4_P4_Y0_UO257,R4_F4_m4f4_P4_Y0_UO94,MXY,0,31.003040000756883,0,0,0.0,0,0,0,0.0,0.625,1,P3_CV0,2,1,1,2,0
4,2539041.489,728416.6747,Age0_F4_m4f4_P4_Y3_UO309,R4_F4_m4f4_P4_Y1_UO69,R4_F4_m4f4_P4_Y0_UO764,FXX,0,31.003040000756883,0,0,0.0,0,0,0,0.0,0.375,1,P3_CV0,2,1,1,2,0
4,2539041.489,728416.6747,Age0_F4_m4f4_P4_Y3_UO350,R4_F4_m4f4_P4_Y0_UO322,R4_F4_m4f4_P4_Y0_UO323,MXY,0,31.003040000756883,0,0,0.0,0,0,0,0.0,0.5,1,P3_CV0,2,1,1,1,1
4,2539041.489,728416.6747,Age0_F4_m4f4_P4_Y3_UO351,R4_F4_m4f4_P4_Y0_UO322,R4_F4_m4f4_P4_Y0_UO323,FXX,0,31.003040000756883,0,0,0.0,0,0,0,0.0,0.5,1,P3_CV0,2,1,1,1,1
4,2539041.489,728416.6747,Age0_F4_m4f4_P4_Y3_UO377,R4_F4_m4f4_P4_Y1_UO529,R4_F4_m4f4_P4_Y1_UO407,FXX,0,31.003040000756883,0,0,0.0,0,0,0,0.0,0.5,1,P3_CV0,2,0,2,0,2
4,2539041.489,728416.6747,Age0_F4_m4f4_P4_Y3_UO378,R4_F4_m4f4_P4_Y1_UO529,R4_F4_m4f4_P4_Y1_UO407,MXY,0,31.003040000756883,0,0,0.0,0,0,0,0.0,0.5,1,P3_CV0,2,1,1,0,2
4,2539041.489,728416.6747,Age0_F4_m4f4_P4_Y3_UO388,R4_F4_m4f4_P4_Y0_UO491,R4_F4_m4f4_P4_Y0_UO764,FXX,0,31.003040000756883,0,0,0.0,0,0,0,0.0,0.375,1,P3_CV0,2,2,0,1,1
4,2539041.489,728416.6747,Age0_F4_m4f4_P4_Y3_UO428,R4_F4_m4f4_P4_Y1_UO371,R4_F4_m-1f-1_P4_Y-1_U24,MXY,0,31.003040000756883,0,0,0.0,0,0,0,0.0,0.5,1,P3_CV0,2,2,0,1,1
4,2539041.489,728416.6747,Age0_F4_m4f4_P4_Y3_UO429,R4_F4_m4f4_P4_Y1_UO371,R4_F4_m-1f-1_P4_Y-1_U24,FXX,0,31.003040000756883,0,0,0.0,0,0,0,0.0,0.5,1,P3_CV0,2,1,1,0,2
4,2539041.489,728416.6747,Age0_F4_m4f4_P4_Y3_UO430,R4_F4_m4f4_P4_Y1_UO63,R4_F4_m-1f-1_P4_Y-1_U70,FXX,0,31.003040000756883,0,0,0.0,0,0,0,0.0,0.25,1,P3_CV0,2,1,1,1,1
4,2539041.489,728416.6747,Age0_F4_m4f4_P4_Y3_UO431,R4_F4_m4f4_P4_Y1_UO63,R4_F4_m-1f-1_P4_Y-1_U70,MXY,0,31.003040000756883,0,0,0.0,0,0,0,0.0,0.25,1,P3_CV0,2,0,2,2,0
4,2539041.489,728416.6747,Age0_F4_m4f4_P4_Y3_UO432,R4_F4_m4f4_P4_Y1_UO63,R4_F4_m-1f-1_P4_Y-1_U70,FXX,0,31.003040000756883,0,0,0.0,0,0,0,0.0,0.25,1,P3_CV0,2,1,1,1,1
4,2539041.489,728416.6747,Age0_F4_m4f4_P4_Y3_UO444,R4_F4_m4f4_P4_Y1_UO451,R4_F4_m4f4_P4_Y0_UO323,FXX,0,31.003040000756883,0,0,0.0,0,0,0,0.0,0.625,1,P3_CV0,2,0,2,0,2
4,2539041.489,728416.6747,Age0_F4_m4f4_P4_Y3_UO445,R4_F4_m4f4_P4_Y1_UO451,R4_F4_m4f4_P4_Y0_UO323,MXY,0,31.003040000756883,0,0,0.0,0,0,0,0.0,0.625,1,P3_CV0,2,1,1,1,1
4,2539041.489,728416.6747,Age0_F4_m4f4_P4_Y3_UO451,R4_F4_m1f1_P1_Y0_UO398,R4_F4_m4f4_P4_Y1_UO363,FXX,0,31.003040000756883,0,0,0.0,0,0,0,0.0,0.75,1,P3_CV0,2,1,1,1,1
4,2539041.489,728416.6747,Age0_F4_m4f4_P4_Y3_UO455,R4_F4_m4f4_P4_Y0_UO257,R4_F4_m4f4_P4_Y1_UO528,FXX,0,31.003040000756883,0,0,0.0,0,0,0,0.0,0.75,1,P3_CV0,2,0,2,1,1
4,2539041.489,728416.6747,Age0_F4_m4f4_P4_Y3_UO462,R4_F4_m4f4_P4_Y1_UO529,R4_F4_m4f4_P4_Y1_UO50,FXX,0,31.003040000756883,0,0,0.0,0,0,0,0.0,0.75,1,P3_CV0,2,2,0,0,2
4,2539041.489,728416.6747,Age0_F4_m4f4_P4_Y3_UO463,R4_F4_m4f4_P4_Y1_UO529,R4_F4_m4f4_P4_Y1_UO50,FXX,0,31.003040000756883,0,0,0.0,0,0,0,0.0,0.75,1,P3_CV0,2,2,0,1,1
4,2539041.489,728416.6747,Age0_F4_m4f4_P4_Y3_UO468,R4_F4_m-1f-1_P4_Y-1_U126,R4_F4_m4f4_P4_Y1_UO475,FXX,0,31.003040000756883,0,0,0.0,0,0,0,0.0,0.25,1,P3_CV0,2,0,2,0,2
4,2539041.489,728416.6747,Age0_F4_m4f4_P4_Y3_UO469,R4_F4_m-1f-1_P4_Y-1_U126,R4_F4_m4f4_P4_Y1_UO475,FXX,0,31.003040000756883,0,0,0.0,0,0,0,0.0,0.25,1,P3_CV0,2,0,2,0,2
4,2539041.489,728416.6747,Age0_F4_m4f4_P4_Y3_UO475,R4_F4_m4f4_P4_Y0_UO326,R4_F4_m4f4_P4_Y1_UO227,FXX,0,31.003040000756883,0,0,0.0,0,0,0,0.0,0.25,1,P3_CV0,2,1,1,1,1
4,2539041.489,728416.6747,Age0_F4_m4f4_P4_Y3_UO500,RD4_F1_m1f1_P1_Y1_UO175,R4_F4_m4f4_P4_Y1_UO225,MXY,0,31.003040000756883,0,0,0.0,0,0,0,0.0,0.25,1,P3_CV0,2,1,1,1,1
4,2539041.489,728416.6747,Age0_F4_m4f4_P4_Y3_UO501,RD4_F1_m1f1_P1_Y1_UO175,R4_F4_m4f4_P4_Y1_UO225,FXX,0,31.003040000756883,0,0,0.0,0,0,0,0.0,0.25,1,P3_CV0,2,2,0,1,1
4,2539041.489,728416.6747,Age0_F4_m4f4_P4_Y3_UO523,R4_F4_m4f4_P4_Y1_UO486,R4_F4_m4f4_P4_Y0_UO572,MXY,0,31.003040000756883,0,0,0.0,0,0,0,0.0,0.0,1,P3_CV0,2,1,1,2,0
4,2539041.489,728416.6747,Age0_F4_m4f4_P4_Y3_UO524,R4_F4_m4f4_P4_Y0_UO322,R4_F4_m4f4_P4_Y0_UO469,FXX,0,31.003040000756883,0,0,0.0,0,0,0,0.0,0.625,1,P3_CV0,2,2,0,1,1
4,2539041.489,728416.6747,Age0_F4_m4f4_P4_Y3_UO540,R4_F4_m4f4_P4_Y0_UO257,R4_F4_m-1f-1_P4_Y-1_U66,MXY,0,31.003040000756883,0,0,0.0,0,0,0,0.0,0.625,1,P3_CV0,2,0,2,1,1
4,2539041.489,728416.6747,Age0_F4_m4f4_P4_Y3_UO541,R4_F4_m4f4_P4_Y0_UO257,R4_F4_m-1f-1_P4_Y-1_U66,MXY,0,31.003040000756883,0,0,0.0,0,0,0,0.0,0.625,1,P3_CV0,2,1,1,0,2
4,2539041.489,728416.6747,Age0_F4_m4f4_P4_Y3_UO549,R4_F4_m4f4_P4_Y1_UO474,R4_F4_m4f4_P4_Y1_UO226,FXX,0,31.003040000756883,0,0,0.0,0,0,0,0.0,0.375,1,P3_CV0,2,2,0,0,2
4,2539041.489,728416.6747,Age0_F4_m4f4_P4_Y3_UO550,R4_F4_m4f4_P4_Y1_UO474,R4_F4_m4f4_P4_Y1_UO226,FXX,0,31.003040000756883,0,0,0.0,0,0,0,0.0,0.375,1,P3_CV0,2,1,1,0,2
4,2539041.489,728416.6747,Age0_F4_m4f4_P4_Y3_UO551,R4_F4_m4f4_P4_Y1_UO396,R4_F4_m4f4_P4_Y0_UO16,FXX,0,31.003040000756883,0,0,0.0,0,0,0,0.0,0.5,1,P3_CV0,2,0,2,0,2
4,2539041.489,728416.6747,Age0_F4_m4f4_P4_Y3_UO552,R4_F4_m4f4_P4_Y1_UO396,R4_F4_m4f4_P4_Y0_UO16,MXY,0,31.003040000756883,0,0,0.0,0,0,0,0.0,0.5,1,P3_CV0,2,0,2,1,1
4,2539041.489,728416.6747,Age0_F4_m4f4_P4_Y3_UO568,R4_F4_m4f4_P4_Y1_UO529,R4_F4_m4f4_P4_Y0_UO70,MXY,0,31.003040000756883,0,0,0.0,0,0,0,0.0,0.625,1,P3_CV0,2,1,1,1,1
4,2539041.489,728416.6747,Age0_F4_m4f4_P4_Y3_UO569,R4_F4_m4f4_P4_Y1_UO529,R4_F4_m4f4_P4_Y0_UO70,FXX,0,31.003040000756883,0,0,0.0,0,0,0,0.0,0.625,1,P3_CV0,2,1,1,2,0
4,2539041.489,728416.6747,R4_F4_m4f4_P4_Y2_UO547,R4_F4_m4f4_P4_Y0_UO137,R4_F4_m-1f-1_P4_Y-1_U70,MXY,1,57.36545541910218,1,1,0.0,0,0,0,-9999.0,0.375,1,P3_CV0,2,2,0,2,0
4,2539041.489,728416.6747,R4_F4_m4f4_P4_Y2_UO527,R4_F4_m-1f-1_P4_Y-1_U76,I4_F7_m-1f-1_P4_Y-1_U0,MXY,1,57.36545541910218,1,1,0.0,0,0,0,-9999.0,0.25,1,P3_CV0,2,1,1,0,2
4,2539041.489,728416.6747,R4_F4_m4f4_P4_Y2_UO80,R4_F4_m-1f-1_P4_Y-1_U82,R4_F4_m4f4_P4_Y0_UO430,FXX,1,57.36545541910218,1,1,0.0,0,0,0,-9999.0,0.5,1,P3_CV0,2,1,1,1,1
4,2539041.489,728416.6747,R4_F4_m4f4_P4_Y2_UO247,R4_F4_m-1f-1_P4_Y-1_U56,R4_F4_m-1f-1_P4_Y-1_U43,FXX,1,57.36545541910218,1,1,0.0,0,0,0,-9999.0,0.5,1,P3_CV0,2,1,1,0,2
4,2539041.489,728416.6747,R4_F4_m4f4_P4_Y2_UO543,R4_F4_m4f4_P4_Y0_UO491,R4_F4_m-1f-1_P4_Y-1_U66,FXX,1,57.36545541910218,1,1,1.0,0,0,0,-9999.0,0.5,1,P3_CV0,2,1,1,1,1
4,2539041.489,728416.6747,R4_F4_m4f4_P4_Y2_UO549,R4_F4_m4f4_P4_Y0_UO137,R4_F4_m-1f-1_P4_Y-1_U70,FXX,1,57.36545541910218,1,1,1.0,0,0,0,-9999.0,0.375,1,P3_CV0,2,2,0,1,1
4,2539041.489,728416.6747,R4_F4_m4f4_P4_Y2_UO350,R4_F4_m-1f-1_P4_Y-1_U100,R4_F4_m4f4_P4_Y0_UO70,FXX,1,57.36545541910218,1,1,1.434,0,0,0,-9999.0,0.5,1,P3_CV0,2,0,2,2,0
4,2539041.489,728416.6747,R4_F4_m4f4_P4_Y2_UO17,R4_F4_m-1f-1_P4_Y-1_U100,R4_F4_m4f4_P4_Y0_UO430,MXY,1,57.36545541910218,1,1,0.0,0,0,0,-9999.0,0.5,1,P3_CV0,2,1,1,1,1
4,2539041.489,728416.6747,R4_F4_m4f4_P4_Y2_UO349,R4_F4_m-1f-1_P4_Y-1_U100,R4_F4_m4f4_P4_Y0_UO70,MXY,1,57.36545541910218,1,1,0.0,0,0,0,-9999.0,0.5,1,P3_CV0,2,0,2,2,0
4,2539041.489,728416.6747,R4_F4_m4f4_P4_Y2_UO339,R4_F4_m-1f-1_P4_Y-1_U100,R4_F4_m4f4_P4_Y0_UO70,MXY,1,57.36545541910218,1,1,0.0,0,0,0,-9999.0,0.5,1,P3_CV0,2,0,2,2,0
4,2539041.489,728416.6747,R4_F4_m4f4_P4_Y2_UO19,R4_F4_m-1f-1_P4_Y-1_U100,R4_F4_m4f4_P4_Y0_UO430,MXY,1,57.36545541910218,1,1,0.0,0,0,0,-9999.0,0.5,1,P3_CV0,2,1,1,1,1
4,2539041.489,728416.6747,R4_F4_m4f4_P4_Y2_UO196,R4_F4_m4f4_P4_Y0_UO137,R4_F4_m4f4_P4_Y0_UO177,FXX,1,57.36545541910218,1,1,2.131,0,0,0,-9999.0,0.25,1,P3_CV0,2,2,0,1,1
4,2539041.489,728416.6747,R4_F4_m4f4_P4_Y2_UO249,R4_F4_m-1f-1_P4_Y-1_U56,R4_F4_m-1f-1_P4_Y-1_U43,FXX,1,57.36545541910218,1,1,1.0,0,0,0,-9999.0,0.5,1,P3_CV0,2,1,1,0,2
4,2539041.489,728416.6747,R4_F4_m4f4_P4_Y2_UO79,R4_F4_m-1f-1_P4_Y-1_U82,R4_F4_m4f4_P4_Y0_UO430,FXX,1,57.36545541910218,1,1,0.0,0,0,0,-9999.0,0.5,1,P3_CV0,2,1,1,0,2
4,2539041.489,728416.6747,R4_F4_m4f4_P4_Y2_UO198,R4_F4_m4f4_P4_Y0_UO137,R4_F4_m4f4_P4_Y0_UO177,MXY,1,57.36545541910218,1,1,0.0,0,0,0,-9999.0,0.25,1,P3_CV0,2,2,0,0,2
4,2539041.489,728416.6747,R4_F4_m4f4_P4_Y2_UO552,R4_F4_m4f4_P4_Y0_UO137,R4_F4_m-1f-1_P4_Y-1_U70,FXX,1,57.36545541910218,1,1,1.379,0,0,0,-9999.0,0.375,1,P3_CV0,2,1,1,1,1
4,2539041.489,728416.6747,R4_F4_m4f4_P4_Y2_UO338,R4_F4_m-1f-1_P4_Y-1_U100,R4_F4_m4f4_P4_Y0_UO70,MXY,1,57.36545541910218,1,1,0.0,0,0,0,-9999.0,0.5,1,P3_CV0,2,0,2,2,0
4,2539041.489,728416.6747,R4_F4_m4f4_P4_Y2_UO128,R4_F4_m4f4_P4_Y0_UO74,R4_F4_m4f4_P4_Y0_UO16,FXX,1,57.36545541910218,1,1,3.37,0,0,0,-9999.0,0.5,1,P3_CV0,2,0,2,1,1
4,2539041.489,728416.6747,R4_F4_m4f4_P4_Y2_UO534,R4_F4_m-1f-1_P4_Y-1_U76,I4_F7_m-1f-1_P4_Y-1_U0,FXX,1,57.36545541910218,1,1,0.0,0,0,0,-9999.0,0.25,1,P3_CV0,2,1,1,0,2
4,2539041.489,728416.6747,R4_F4_m4f4_P4_Y2_UO23,R4_F4_m-1f-1_P4_Y-1_U100,R4_F4_m4f4_P4_Y0_UO430,MXY,1,57.36545541910218,1,1,0.0,0,0,0,-9999.0,0.5,1,P3_CV0,2,1,1,1,1
4,2539041.489,728416.6747,R4_F4_m4f4_P4_Y2_UO340,R4_F4_m-1f-1_P4_Y-1_U100,R4_F4_m4f4_P4_Y0_UO70,FXX,1,57.36545541910218,1,1,0.0,0,0,0,-9999.0,0.5,1,P3_CV0,2,1,1,2,0
4,2539041.489,728416.6747,R4_F4_m4f4_P4_Y2_UO18,R4_F4_m-1f-1_P4_Y-1_U100,R4_F4_m4f4_P4_Y0_UO430,MXY,1,57.36545541910218,1,1,0.0,0,0,0,-9999.0,0.5,1,P3_CV0,2,1,1,1,1
4,2539041.489,728416.6747,R4_F4_m4f4_P4_Y2_UO297,R4_F4_m4f4_P4_Y0_UO137,I4_F7_m-1f-1_P4_Y-1_U111,MXY,1,57.36545541910218,1,1,0.0,0,0,0,-9999.0,0.625,1,P3_CV0,2,2,0,2,0
4,2539041.489,728416.6747,R4_F4_m4f4_P4_Y2_UO286,R4_F4_m-1f-1_P4_Y-1_U74,I4_F7_m4f4_P4_Y0_UO323,FXX,1,57.36545541910218,1,1,1.0,0,0,0,-9999.0,0.25,1,P3_CV0,2,0,2,1,1
4,2539041.489,728416.6747,R4_F4_m4f4_P4_Y2_UO298,R4_F4_m4f4_P4_Y0_UO137,I4_F7_m-1f-1_P4_Y-1_U111,FXX,1,57.36545541910218,1,1,1.651,0,0,0,-9999.0,0.625,1,P3_CV0,2,2,0,2,0
4,2539041.489,728416.6747,R4_F4_m4f4_P4_Y2_UO20,R4_F4_m-1f-1_P4_Y-1_U100,R4_F4_m4f4_P4_Y0_UO430,MXY,1,57.36545541910218,1,1,0.0,0,0,0,-9999.0,0.5,1,P3_CV0,2,0,2,1,1
4,2539041.489,728416.6747,R4_F4_m4f4_P4_Y2_UO84,R4_F4_m-1f-1_P4_Y-1_U82,R4_F4_m4f4_P4_Y0_UO430,FXX,1,57.36545541910218,1,1,1.515,0,0,0,-9999.0,0.5,1,P3_CV0,2,2,0,0,2
4,2539041.489,728416.6747,R4_F4_m4f4_P4_Y2_UO245,R4_F4_m-1f-1_P4_Y-1_U4,R4_F4_m4f4_P4_Y0_UO94,FXX,1,57.36545541910218,1,1,1.0,0,0,0,-9999.0,0.25,1,P3_CV0,2,0,2,0,2
4,2539041.489,728416.6747,R4_F4_m4f4_P4_Y2_UO242,R4_F4_m-1f-1_P4_Y-1_U4,R4_F4_m4f4_P4_Y0_UO94,FXX,1,57.36545541910218,1,1,1.0,0,0,0,-9999.0,0.25,1,P3_CV0,2,0,2,1,1
4,2539041.489,728416.6747,R4_F4_m4f4_P4_Y2_UO126,R4_F4_m4f4_P4_Y0_UO74,R4_F4_m4f4_P4_Y0_UO16,FXX,1,57.36545541910218,1,1,0.0,0,0,0,-9999.0,0.5,1,P3_CV0,2,0,2,1,1
4,2539041.489,728416.6747,R4_F4_m4f4_P4_Y2_UO548,R4_F4_m4f4_P4_Y0_UO137,R4_F4_m-1f-1_P4_Y-1_U70,FXX,1,57.36545541910218,1,1,0.0,0,0,0,-9999.0,0.375,1,P3_CV0,2,1,1,1,1
4,2539041.489,728416.6747,R4_F4_m4f4_P4_Y2_UO342,R4_F4_m-1f-1_P4_Y-1_U100,R4_F4_m4f4_P4_Y0_UO70,MXY,1,57.36545541910218,1,1,0.0,0,0,0,-9999.0,0.5,1,P3_CV0,2,1,1,2,0
4,2539041.489,728416.6747,R4_F4_m4f4_P4_Y2_UO525,R4_F4_m-1f-1_P4_Y-1_U76,I4_F7_m-1f-1_P4_Y-1_U0,MXY,1,57.36545541910218,1,1,0.0,0,0,0,-9999.0,0.25,1,P3_CV0,2,0,2,0,2
4,2539041.489,728416.6747,R4_F4_m4f4_P4_Y2_UO239,R4_F4_m-1f-1_P4_Y-1_U4,R4_F4_m4f4_P4_Y0_UO94,FXX,1,57.36545541910218,1,1,0.0,0,0,0,-9999.0,0.25,1,P3_CV0,2,1,1,0,2
4,2539041.489,728416.6747,R4_F4_m4f4_P4_Y2_UO241,R4_F4_m-1f-1_P4_Y-1_U4,R4_F4_m4f4_P4_Y0_UO94,FXX,1,57.36545541910218,1,1,2.64,0,0,0,-9999.0,0.25,1,P3_CV0,2,0,2,1,1
4,2539041.489,728416.6747,R4_F4_m4f4_P4_Y2_UO523,R4_F4_m-1f-1_P4_Y-1_U76,I4_F7_m-1f-1_P4_Y-1_U0,FXX,1,57.36545541910218,1,1,2.261,0,0,0,-9999.0,0.25,1,P3_CV0,2,1,1,1,1
4,2539041.489,728416.6747,R4_F4_m4f4_P4_Y2_UO295,R4_F4_m4f4_P4_Y0_UO137,I4_F7_m-1f-1_P4_Y-1_U111,FXX,1,57.36545541910218,1,1,0.0,0,0,0,-9999.0,0.625,1,P3_CV0,2,2,0,1,1
4,2539041.489,728416.6747,R4_F4_m4f4_P4_Y2_UO526,R4_F4_m-1f-1_P4_Y-1_U76,I4_F7_m-1f-1_P4_Y-1_U0,FXX,1,57.36545541910218,1,1,2.312,0,0,0,-9999.0,0.25,1,P3_CV0,2,1,1,0,2
4,2539041.489,728416.6747,R4_F4_m4f4_P4_Y2_UO530,R4_F4_m-1f-1_P4_Y-1_U76,I4_F7_m-1f-1_P4_Y-1_U0,FXX,1,57.36545541910218,1,1,0.0,0,0,0,-9999.0,0.25,1,P3_CV0,2,1,1,0,2
4,2539041.489,728416.6747,R4_F4_m4f4_P4_Y2_UO284,R4_F4_m-1f-1_P4_Y-1_U74,I4_F7_m4f4_P4_Y0_UO323,FXX,1,57.36545541910218,1,1,0.0,0,0,0,-9999.0,0.25,1,P3_CV0,2,0,2,0,2
4,2539041.489,728416.6747,R4_F4_m4f4_P4_Y2_UO533,R4_F4_m-1f-1_P4_Y-1_U76,I4_F7_m-1f-1_P4_Y-1_U0,FXX,1,57.36545541910218,1,1,1.0,0,0,0,-9999.0,0.25,1,P3_CV0,2,1,1,0,2
4,2539041.489,728416.6747,R4_F4_m4f4_P4_Y2_UO200,R4_F4_m4f4_P4_Y0_UO326,R4_F4_m4f4_P4_Y0_UO70,FXX,1,57.36545541910218,1,1,2.365,0,0,0,-9999.0,0.375,1,P3_CV0,2,1,1,1,1
4,2539041.489,728416.6747,R4_F4_m4f4_P4_Y2_UO344,R4_F4_m-1f-1_P4_Y-1_U100,R4_F4_m4f4_P4_Y0_UO70,MXY,1,57.36545541910218,1,1,0.0,0,0,0,-9999.0,0.5,1,P3_CV0,2,1,1,2,0
4,2539041.489,728416.6747,R4_F4_m4f4_P4_Y2_UO343,R4_F4_m-1f-1_P4_Y-1_U100,R4_F4_m4f4_P4_Y0_UO70,MXY,1,57.36545541910218,1,1,0.0,0,0,0,-9999.0,0.5,1,P3_CV0,2,1,1,2,0
4,2539041.489,728416.6747,R4_F4_m4f4_P4_Y2_UO240,R4_F4_m-1f-1_P4_Y-1_U4,R4_F4_m4f4_P4_Y0_UO94,MXY,1,57.36545541910218,1,1,0.0,0,0,0,-9999.0,0.25,1,P3_CV0,2,1,1,0,2
4,2539041.489,728416.6747,R4_F4_m4f4_P4_Y2_UO243,R4_F4_m-1f-1_P4_Y-1_U4,R4_F4_m4f4_P4_Y0_UO94,FXX,1,57.36545541910218,1,1,1.623,0,0,0,-9999.0,0.25,1,P3_CV0,2,0,2,0,2
4,2539041.489,728416.6747,R4_F4_m4f4_P4_Y1_UO371,R4_F4_m-1f-1_P4_Y-1_U90,R4_F4_m-1f-1_P4_Y-1_U45,FXX,2,85.34689020020144,1,0,1.312,0,0,0,-9999.0,0.5,1,P3_CV0,2,1,1,1,1
4,2539041.489,728416.6747,R4_F4_m4f4_P4_Y1_UO67,R4_F4_m-1f-1_P4_Y-1_U56,R4_F4_m-1f-1_P4_Y-1_U112,MXY,2,85.34689020020144,1,0,0.0,0,0,0,-9999.0,0.5,1,P3_CV0,2,1,1,2,0
4,2539041.489,728416.6747,R4_F4_m4f4_P4_Y1_UO528,R4_F4_m-1f-1_P4_Y-1_U90,R4_F4_m-1f-1_P4_Y-1_U60,MXY,2,85.34689020020144,1,0,0.0,0,0,0,-9999.0,0.75,1,P3_CV0,2,1,1,1,1
4,2539041.489,728416.6747,R4_F4_m4f4_P4_Y1_UO133,R4_F4_m-1f-1_P4_Y-1_U76,R4_F4_m-1f-1_P4_Y-1_U103,FXX,2,85.34689020020144,1,0,1.293,0,0,0,-9999.0,0.5,1,P3_CV0,2,0,2,2,0
4,2539041.489,728416.6747,R4_F4_m4f4_P4_Y1_UO364,R4_F4_m-1f-1_P4_Y-1_U42,R4_F4_m-1f-1_P4_Y-1_U46,FXX,2,85.34689020020144,1,0,0.0,0,0,0,-9999.0,0.5,1,P3_CV0,2,1,1,0,2
4,2539041.489,728416.6747,R4_F4_m4f4_P4_Y1_UO221,R4_F4_m-1f-1_P4_Y-1_U5,R4_F4_m-1f-1_P4_Y-1_U105,MXY,2,85.34689020020144,1,0,0.0,0,0,0,-9999.0,0.25,1,P3_CV0,2,0,2,0,2
4,2539041.489,728416.6747,R4_F4_m4f4_P4_Y1_UO278,RD4_F1_m-1f-1_P1_Y-1_U125,R4_F4_m-1f-1_P4_Y-1_U94,FXX,2,85.34689020020144,1,0,1.0,0,0,0,-9999.0,0.0,1,P3_CV0,2,1,1,2,0
4,2539041.489,728416.6747,R4_F4_m4f4_P4_Y1_UO407,R4_F4_m-1f-1_P4_Y-1_U14,R4_F4_m-1f-1_P4_Y-1_U113,MXY,2,85.34689020020144,1,0,0.0,0,0,0,-9999.0,0.25,1,P3_CV0,2,1,1,0,2
4,2539041.489,728416.6747,R4_F4_m4f4_P4_Y1_UO439,R4_F4_m-1f-1_P4_Y-1_U44,R4_F4_m-1f-1_P4_Y-1_U122,FXX,2,85.34689020020144,1,0,0.0,0,0,0,-9999.0,0.5,1,P3_CV0,2,0,2,1,1
4,2539041.489,728416.6747,R4_F4_m4f4_P4_Y1_UO560,R4_F4_m-1f-1_P4_Y-1_U73,R4_F4_m-1f-1_P4_Y-1_U38,MXY,2,85.34689020020144,1,0,0.0,0,0,0,-9999.0,0.5,1,P3_CV0,2,1,1,1,1
4,2539041.489,728416.6747,R4_F4_m4f4_P4_Y1_UO69,RD4_F1_m-1f-1_P1_Y-1_U125,R4_F4_m-1f-1_P4_Y-1_U104,FXX,2,85.34689020020144,1,0,2.426,0,0,0,-9999.0,0.5,1,P3_CV0,2,1,1,2,0
4,2539041.489,728416.6747,R4_F4_m4f4_P4_Y1_UO297,R4_F4_m-1f-1_P4_Y-1_U107,R4_F4_m-1f-1_P4_Y-1_U66,MXY,2,85.34689020020144,1,0,0.0,0,0,0,-9999.0,0.5,1,P3_CV0,2,2,0,1,1
4,2539041.489,728416.6747,R4_F4_m4f4_P4_Y1_UO132,R4_F4_m-1f-1_P4_Y-1_U76,R4_F4_m-1f-1_P4_Y-1_U103,MXY,2,85.34689020020144,1,0,0.0,0,0,0,-9999.0,0.5,1,P3_CV0,2,1,1,1,1
4,2539041.489,728416.6747,R4_F4_m4f4_P4_Y1_UO147,R4_F4_m-1f-1_P4_Y-1_U119,R4_F4_m-1f-1_P4_Y-1_U72,FXX,2,85.34689020020144,1,0,1.948,0,0,0,-9999.0,0.25,1,P3_CV0,2,0,2,2,0
4,2539041.489,728416.6747,R4_F4_m4f4_P4_Y1_UO485,R4_F4_m-1f-1_P4_Y-1_U61,R4_F4_m-1f-1_P4_Y-1_U33,FXX,2,85.34689020020144,1,0,2.885,0,0,0,-9999.0,0.0,1,P3_CV0,2,0,2,1,1
4,2539041.489,728416.6747,R4_F4_m4f4_P4_Y1_UO396,R4_F4_m-1f-1_P4_Y-1_U88,R4_F4_m-1f-1_P4_Y-1_U45,FXX,2,85.34689020020144,1,0,1.0,0,0,0,-9999.0,0.5,1,P3_CV0,2,0,2,1,1
4,2539041.489,728416.6747,R4_F4_m4f4_P4_Y1_UO50,R4_F4_m-1f-1_P4_Y-1_U90,R4_F4_m-1f-1_P4_Y-1_U110,MXY,2,85.34689020020144,1,0,0.0,0,0,0,-9999.0,0.75,1,P3_CV0,2,2,0,1,1
4,2539041.489,728416.6747,R4_F4_m4f4_P4_Y1_UO63,R4_F4_m-1f-1_P4_Y-1_U71,R4_F4_m-1f-1_P4_Y-1_U38,FXX,2,85.34689020020144,1,0,1.0,0,0,0,-9999.0,0.0,1,P3_CV0,2,1,1,1,1
4,2539041.489,728416.6747,R4_F4_m4f4_P4_Y1_UO451,R4_F4_m-1f-1_P4_Y-1_U90,R4_F4_m-1f-1_P4_Y-1_U60,FXX,2,85.34689020020144,1,0,2.423,0,0,0,-9999.0,0.75,1,P3_CV0,2,1,1,1,1
4,2539041.489,728416.6747,R4_F4_m4f4_P4_Y1_UO172,R4_F4_m-1f-1_P4_Y-1_U42,R4_F4_m-1f-1_P4_Y-1_U117,FXX,2,85.34689020020144,1,0,1.384,0,0,0,-9999.0,0.5,1,P3_CV0,2,1,1,2,0
4,2539041.489,728416.6747,R4_F4_m4f4_P4_Y0_UO430,R4_F4_m-1f-1_P4_Y-1_U18,R4_F4_m-1f-1_P4_Y-1_U117,MXY,3,109.43316992425675,1,0,0.0,0,0,0,-9999.0,0.5,1,P3_CV0,2,1,1,0,2
4,2539041.489,728416.6747,R4_F4_m4f4_P4_Y0_UO70,R4_F4_m-1f-1_P4_Y-1_U99,R4_F4_m-1f-1_P4_Y-1_U95,MXY,3,109.43316992425675,1,0,0.0,0,0,0,-9999.0,0.5,1,P3_CV0,2,0,2,2,0
4,2539041.489,728416.6747,R4_F4_m4f4_P4_Y0_UO572,R4_F4_m-1f-1_P4_Y-1_U9,R4_F4_m-1f-1_P4_Y-1_U45,MXY,3,109.43316992425675,1,0,0.0,0,0,0,-9999.0,0.0,1,P3_CV0,2,0,2,2,0
4,2539041.489,728416.6747,R4_F4_m-1f-1_P4_Y-1_U74,-9999,-9999,FXX,4,127.26122551294006,1,0,0.0,0,0,0,-9999.0,0.0,1,P3_CV0,2,0,2,1,1
4,2539041.489,728416.6747,R4_F4_m-1f-1_P4_Y-1_U79,-9999,-9999,MXY,4,127.26122551294006,1,0,0.0,0,0,0,-9999.0,1.0,1,P3_CV0,2,2,0,1,1
4,2539041.489,728416.6747,R4_F4_m-1f-1_P4_Y-1_U56,-9999,-9999,FXX,4,127.26122551294006,1,0,1.387,0,0,0,-9999.0,0.0,1,P3_CV0,2,0,2,1,1
4,2539041.489,728416.6747,R4_F4_m-1f-1_P4_Y-1_U59,-9999,-9999,MXY,4,127.26122551294006,1,0,0.0,0,0,0,-9999.0,0.5,1,P3_CV0,2,1,1,1,1
4,2539041.489,728416.6747,R4_F4_m-1f-1_P4_Y-1_U24,-9999,-9999,MXY,4,127.26122551294006,1,0,0.0,0,0,0,-9999.0,0.5,1,P3_CV0,2,1,1,0,2
4,2539041.489,728416.6747,R4_F4_m-1f-1_P4_Y-1_U20,-9999,-9999,FXX,5,126.14365864403896,1,0,1.01,0,0,0,-9999.0,0.5,1,P3_CV0,2,1,1,0,2
4,2539041.489,728416.6747,R4_F4_m-1f-1_P4_Y-1_U64,-9999,-9999,FXX,5,138.86165864403895,1,0,0.0,0,0,0,-9999.0,0.5,1,P3_CV0,2,1,1,2,0
4,2539041.489,728416.6747,Age0_F4_m4f4_P4_Y3_UO130,R4_F4_m4f4_P4_Y0_UO291,R4_F4_m5f5_P5_Y0_UO534,FXX,0,31.003040000756883,0,0,0.0,0,0,0,0.0,0.25,1,P4_CV0,2,1,1,1,1
4,2539041.489,728416.6747,Age0_F4_m4f4_P4_Y3_UO131,R4_F4_m4f4_P4_Y0_UO291,R4_F4_m5f5_P5_Y0_UO534,FXX,0,31.003040000756883,0,0,0.0,0,0,0,0.0,0.25,1,P4_CV0,2,1,1,1,1
4,2539041.489,728416.6747,Age0_F4_m4f4_P4_Y3_UO331,RD4_F1_m1f1_P1_Y1_UO175,R4_F4_m5f5_P5_Y0_UO534,MXY,0,31.003040000756883,0,0,0.0,0,0,0,0.0,0.375,1,P4_CV0,2,1,1,1,1
4,2539041.489,728416.6747,Age0_F4_m4f4_P4_Y3_UO332,RD4_F1_m1f1_P1_Y1_UO175,R4_F4_m5f5_P5_Y0_UO534,FXX,0,31.003040000756883,0,0,0.0,0,0,0,0.0,0.375,1,P4_CV0,2,1,1,1,1
4,2539041.489,728416.6747,R4_F4_m5f5_P5_Y0_UO534,R5_F5_m-1f-1_P5_Y-1_U99,R5_F5_m-1f-1_P5_Y-1_U93,MXY,3,109.44765140262486,1,0,0.0,0,0,0,-9999.0,0.5,1,P4_CV0,2,1,1,2,0
4,2539041.489,728416.6747,R4_F4_m6f6_P6_Y2_UO593,R6_F6_m-1f-1_P6_Y-1_U124,R6_F6_m6f6_P6_Y0_UO635,FXX,1,57.379335055663,1,1,1.401,0,0,0,-9999.0,0.375,1,P5_CV0,2,1,1,2,0
5,2535011.582,720257.8531,Age0_F5_m5f5_P5_Y3_UO21,R5_F5_m-1f-1_P5_Y-1_U105,R5_F5_m-1f-1_P5_Y-1_U14,FXX,0,31.020114160091044,0,0,0.0,0,0,0,0.0,0.75,1,P4_CV0,3,1,1,1,1
5,2535011.582,720257.8531,Age0_F5_m5f5_P5_Y3_UO22,R5_F5_m-1f-1_P5_Y-1_U105,R5_F5_m-1f-1_P5_Y-1_U14,MXY,0,31.020114160091044,0,0,0.0,0,0,0,0.0,0.75,1,P4_CV0,3,1,1,1,1
5,2535011.582,720257.8531,Age0_F5_m5f5_P5_Y3_UO23,R5_F5_m-1f-1_P5_Y-1_U105,R5_F5_m-1f-1_P5_Y-1_U14,MXY,0,31.020114160091044,0,0,0.0,0,0,0,0.0,0.75,1,P4_CV0,3,2,0,1,1
5,2535011.582,720257.8531,Age0_F5_m5f5_P5_Y3_UO24,R5_F5_m-1f-1_P5_Y-1_U105,R5_F5_m-1f-1_P5_Y-1_U14,FXX,0,31.020114160091044,0,0,0.0,0,0,0,0.0,0.75,1,P4_CV0,3,2,0,1,1
5,2535011.582,720257.8531,Age0_F5_m5f5_P5_Y3_UO25,R5_F5_m5f5_P5_Y1_UO553,R5_F5_m5f5_P5_Y1_UO120,FXX,0,31.020114160091044,0,0,0.0,0,0,0,0.0,0.625,1,P4_CV0,3,1,1,2,0
5,2535011.582,720257.8531,Age0_F5_m5f5_P5_Y3_UO26,R5_F5_m5f5_P5_Y1_UO553,R5_F5_m5f5_P5_Y1_UO120,MXY,0,31.020114160091044,0,0,0.0,0,0,0,0.0,0.625,1,P4_CV0,3,2,0,2,0
5,2535011.582,720257.8531,Age0_F5_m5f5_P5_Y3_UO27,R5_F5_m5f5_P5_Y1_UO553,R5_F5_m5f5_P5_Y1_UO120,FXX,0,31.020114160091044,0,0,0.0,0,0,0,0.0,0.625,1,P4_CV0,3,2,0,1,1
5,2535011.582,720257.8531,Age0_F5_m5f5_P5_Y3_UO57,R5_F5_m-1f-1_P5_Y-1_U105,R5_F5_m5f5_P5_Y0_UO35,FXX,0,31.020114160091044,0,0,0.0,0,0,0,0.0,0.5,1,P4_CV0,3,0,2,1,1
5,2535011.582,720257.8531,Age0_F5_m5f5_P5_Y3_UO58,R5_F5_m-1f-1_P5_Y-1_U105,R5_F5_m5f5_P5_Y0_UO35,FXX,0,31.020114160091044,0,0,0.0,0,0,0,0.0,0.5,1,P4_CV0,3,1,1,1,1
5,2535011.582,720257.8531,Age0_F5_m5f5_P5_Y3_UO59,R5_F5_m-1f-1_P5_Y-1_U105,R5_F5_m5f5_P5_Y0_UO35,MXY,0,31.020114160091044,0,0,0.0,0,0,0,0.0,0.5,1,P4_CV0,3,0,2,1,1
5,2535011.582,720257.8531,Age0_F5_m5f5_P5_Y3_UO60,R5_F5_m-1f-1_P5_Y-1_U105,R5_F5_m5f5_P5_Y0_UO35,MXY,0,31.020114160091044,0,0,0.0,0,0,0,0.0,0.5,1,P4_CV0,3,1,1,1,1
5,2535011.582,720257.8531,Age0_F5_m5f5_P5_Y3_UO61,R5_F5_m-1f-1_P5_Y-1_U105,R5_F5_m5f5_P5_Y0_UO35,FXX,0,31.020114160091044,0,0,0.0,0,0,0,0.0,0.5,1,P4_CV0,3,1,1,1,1
5,2535011.582,720257.8531,Age0_F5_m5f5_P5_Y3_UO62,R5_F5_m-1f-1_P5_Y-1_U105,R5_F5_m5f5_P5_Y0_UO35,MXY,0,31.020114160091044,0,0,0.0,0,0,0,0.0,0.5,1,P4_CV0,3,2,0,1,1
5,2535011.582,720257.8531,Age0_F5_m5f5_P5_Y3_UO63,R5_F5_m-1f-1_P5_Y-1_U105,R5_F5_m5f5_P5_Y0_UO35,MXY,0,31.020114160091044,0,0,0.0,0,0,0,0.0,0.5,1,P4_CV0,3,1,1,1,1
5,2535011.582,720257.8531,Age0_F5_m5f5_P5_Y3_UO64,R5_F5_m5f5_P5_Y1_UO553,R5_F5_m5f5_P5_Y1_UO230,MXY,0,31.020114160091044,0,0,0.0,0,0,0,0.0,0.5,1,P4_CV0,3,0,2,1,1
5,2535011.582,720257.8531,Age0_F5_m5f5_P5_Y3_UO65,R5_F5_m5f5_P5_Y1_UO553,R5_F5_m5f5_P5_Y1_UO230,FXX,0,31.020114160091044,0,0,0.0,0,0,0,0.0,0.5,1,P4_CV0,3,0,2,2,0
5,2535011.582,720257.8531,Age0_F5_m5f5_P5_Y3_UO103,R5_F5_m5f5_P5_Y1_UO540,R5_F5_m5f5_P5_Y0_UO30,MXY,0,31.020114160091044,0,0,0.0,0,0,0,0.0,0.75,1,P4_CV0,3,0,2,1,1
5,2535011.582,720257.8531,Age0_F5_m5f5_P5_Y3_UO104,R5_F5_m5f5_P5_Y1_UO540,R5_F5_m5f5_P5_Y0_UO30,MXY,0,31.020114160091044,0,0,0.0,0,0,0,0.0,0.75,1,P4_CV0,3,1,1,0,2
5,2535011.582,720257.8531,Age0_F5_m5f5_P5_Y3_UO119,R5_F5_m5f5_P5_Y1_UO553,R5_F5_m5f5_P5_Y1_UO114,MXY,0,31.020114160091044,0,0,0.0,0,0,0,0.0,0.5,1,P4_CV0,3,0,2,1,1
5,2535011.582,720257.8531,Age0_F5_m5f5_P5_Y3_UO120,R5_F5_m5f5_P5_Y1_UO553,R5_F5_m5f5_P5_Y1_UO114,FXX,0,31.020114160091044,0,0,0.0,0,0,0,0.0,0.5,1,P4_CV0,3,0,2,2,0
5,2535011.582,720257.8531,Age0_F5_m5f5_P5_Y3_UO172,R5_F5_m5f5_P5_Y0_UO360,R5_F5_m5f5_P5_Y0_UO30,MXY,0,31.020114160091044,0,0,0.0,0,0,0,0.0,0.75,1,P4_CV0,3,1,1,1,1
5,2535011.582,720257.8531,Age0_F5_m5f5_P5_Y3_UO181,R5_F5_m5f5_P5_Y1_UO52,R5_F5_m5f5_P5_Y1_UO425,MXY,0,31.020114160091044,0,0,0.0,0,0,0,0.0,0.375,1,P4_CV0,3,1,1,2,0
5,2535011.582,720257.8531,Age0_F5_m5f5_P5_Y3_UO182,R5_F5_m5f5_P5_Y1_UO52,R5_F5_m5f5_P5_Y1_UO425,FXX,0,31.020114160091044,0,0,0.0,0,0,0,0.0,0.375,1,P4_CV0,3,1,1,1,1
5,2535011.582,720257.8531,Age0_F5_m5f5_P5_Y3_UO183,R5_F5_m5f5_P5_Y1_UO52,R5_F5_m5f5_P5_Y1_UO425,MXY,0,31.020114160091044,0,0,0.0,0,0,0,0.0,0.375,1,P4_CV0,3,1,1,0,2
5,2535011.582,720257.8531,Age0_F5_m5f5_P5_Y3_UO190,R5_F5_m5f5_P5_Y0_UO56,R5_F5_m-1f-1_P5_Y-1_U71,MXY,0,31.020114160091044,0,0,0.0,0,0,0,0.0,0.375,1,P4_CV0,3,1,1,1,1
5,2535011.582,720257.8531,Age0_F5_m5f5_P5_Y3_UO198,R5_F5_m5f5_P5_Y1_UO400,R5_F5_m5f5_P5_Y1_UO243,MXY,0,31.020114160091044,0,0,0.0,0,0,0,0.0,0.5,1,P4_CV0,3,1,1,2,0
5,2535011.582,720257.8531,Age0_F5_m5f5_P5_Y3_UO199,R5_F5_m5f5_P5_Y1_UO400,R5_F5_m5f5_P5_Y1_UO243,FXX,0,31.020114160091044,0,0,0.0,0,0,0,0.0,0.5,1,P4_CV0,3,0,2,1,1
5,2535011.582,720257.8531,Age0_F5_m5f5_P5_Y3_UO200,R5_F5_m5f5_P5_Y1_UO400,R5_F5_m5f5_P5_Y1_UO243,MXY,0,31.020114160091044,0,0,0.0,0,0,0,0.0,0.5,1,P4_CV0,3,1,1,2,0
5,2535011.582,720257.8531,Age0_F5_m5f5_P5_Y3_UO203,R5_F5_m5f5_P5_Y0_UO56,R5_F5_m5f5_P5_Y0_UO787,FXX,0,31.020114160091044,0,0,0.0,0,0,0,0.0,0.5,1,P4_CV0,3,0,2,1,1
5,2535011.582,720257.8531,Age0_F5_m5f5_P5_Y3_UO204,R5_F5_m5f5_P5_Y0_UO56,R5_F5_m5f5_P5_Y0_UO787,FXX,0,31.020114160091044,0,0,0.0,0,0,0,0.0,0.5,1,P4_CV0,3,2,0,2,0
5,2535011.582,720257.8531,Age0_F5_m5f5_P5_Y3_UO205,R5_F5_m5f5_P5_Y0_UO56,R5_F5_m5f5_P5_Y0_UO787,FXX,0,31.020114160091044,0,0,0.0,0,0,0,0.0,0.5,1,P4_CV0,3,2,0,2,0
5,2535011.582,720257.8531,Age0_F5_m5f5_P5_Y3_UO206,R5_F5_m-1f-1_P5_Y-1_U38,R5_F5_m5f5_P5_Y1_UO243,FXX,0,31.020114160091044,0,0,0.0,0,0,0,0.0,0.25,1,P4_CV0,3,0,2,1,1
5,2535011.582,720257.8531,Age0_F5_m5f5_P5_Y3_UO207,R5_F5_m-1f-1_P5_Y-1_U38,R5_F5_m5f5_P5_Y1_UO243,FXX,0,31.020114160091044,0,0,0.0,0,0,0,0.0,0.25,1,P4_CV0,3,0,2,1,1
5,2535011.582,720257.8531,Age0_F5_m5f5_P5_Y3_UO208,R5_F5_m-1f-1_P5_Y-1_U38,R5_F5_m5f5_P5_Y1_UO243,FXX,0,31.020114160091044,0,0,0.0,0,0,0,0.0,0.25,1,P4_CV0,3,0,2,1,1
5,2535011.582,720257.8531,Age0_F5_m5f5_P5_Y3_UO218,R5_F5_m-1f-1_P5_Y-1_U35,R5_F5_m5f5_P5_Y0_UO35,FXX,0,31.020114160091044,0,0,0.0,0,0,0,0.0,0.75,1,P4_CV0,3,2,0,0,2
5,2535011.582,720257.8531,Age0_F5_m5f5_P5_Y3_UO219,R5_F5_m-1f-1_P5_Y-1_U35,R5_F5_m5f5_P5_Y0_UO35,MXY,0,31.020114160091044,0,0,0.0,0,0,0,0.0,0.75,1,P4_CV0,3,2,0,1,1
5,2535011.582,720257.8531,Age0_F5_m5f5_P5_Y3_UO220,R5_F5_m-1f-1_P5_Y-1_U35,R5_F5_m5f5_P5_Y0_UO35,MXY,0,31.020114160091044,0,0,0.0,0,0,0,0.0,0.75,1,P4_CV0,3,2,0,0,2
5,2535011.582,720257.8531,Age0_F5_m5f5_P5_Y3_UO221,R5_F5_m-1f-1_P5_Y-1_U35,R5_F5_m5f5_P5_Y0_UO35,MXY,0,31.020114160091044,0,0,0.0,0,0,0,0.0,0.75,1,P4_CV0,3,1,1,0,2
5,2535011.582,720257.8531,Age0_F5_m5f5_P5_Y3_UO222,R5_F5_m-1f-1_P5_Y-1_U35,R5_F5_m5f5_P5_Y0_UO35,FXX,0,31.020114160091044,0,0,0.0,0,0,0,0.0,0.75,1,P4_CV0,3,2,0,0,2
5,2535011.582,720257.8531,Age0_F5_m5f5_P5_Y3_UO223,R5_F5_m-1f-1_P5_Y-1_U35,R5_F5_m5f5_P5_Y0_UO35,MXY,0,31.020114160091044,0,0,0.0,0,0,0,0.0,0.75,1,P4_CV0,3,2,0,1,1
5,2535011.582,720257.8531,Age0_F5_m5f5_P5_Y3_UO235,R5_F5_m5f5_P5_Y1_UO427,R5_F5_m5f5_P5_Y0_UO788,MXY,0,31.020114160091044,0,0,0.0,0,0,0,0.0,0.25,1,P4_CV0,3,2,0,1,1
5,2535011.582,720257.8531,Age0_F5_m5f5_P5_Y3_UO255,R5_F5_m-1f-1_P5_Y-1_U38,R5_F5_m-1f-1_P5_Y-1_U101,FXX,0,31.020114160091044,0,0,0.0,0,0,0,0.0,0.0,1,P4_CV0,3,0,2,2,0
5,2535011.582,720257.8531,Age0_F5_m5f5_P5_Y3_UO256,R5_F5_m-1f-1_P5_Y-1_U38,R5_F5_m-1f-1_P5_Y-1_U101,FXX,0,31.020114160091044,0,0,0.0,0,0,0,0.0,0.0,1,P4_CV0,3,0,2,2,0
5,2535011.582,720257.8531,Age0_F5_m5f5_P5_Y3_UO257,R5_F5_m-1f-1_P5_Y-1_U38,R5_F5_m-1f-1_P5_Y-1_U101,FXX,0,31.020114160091044,0,0,0.0,0,0,0,0.0,0.0,1,P4_CV0,3,0,2,0,2
5,2535011.582,720257.8531,Age0_F5_m5f5_P5_Y3_UO258,R5_F5_m-1f-1_P5_Y-1_U38,R5_F5_m-1f-1_P5_Y-1_U101,FXX,0,31.020114160091044,0,0,0.0,0,0,0,0.0,0.0,1,P4_CV0,3,0,2,0,2
5,2535011.582,720257.8531,Age0_F5_m5f5_P5_Y3_UO259,R5_F5_m-1f-1_P5_Y-1_U38,R5_F5_m-1f-1_P5_Y-1_U101,MXY,0,31.020114160091044,0,0,0.0,0,0,0,0.0,0.0,1,P4_CV0,3,0,2,0,2
5,2535011.582,720257.8531,Age0_F5_m5f5_P5_Y3_UO260,R5_F5_m-1f-1_P5_Y-1_U38,R5_F5_m-1f-1_P5_Y-1_U101,MXY,0,31.020114160091044,0,0,0.0,0,0,0,0.0,0.0,1,P4_CV0,3,0,2,2,0
5,2535011.582,720257.8531,Age0_F5_m5f5_P5_Y3_UO263,R5_F5_m5f5_P5_Y1_UO115,R5_F5_m5f5_P5_Y1_UO466,MXY,0,31.020114160091044,0,0,0.0,0,0,0,0.0,0.5,1,P4_CV0,3,0,2,2,0
5,2535011.582,720257.8531,Age0_F5_m5f5_P5_Y3_UO264,R5_F5_m5f5_P5_Y1_UO115,R5_F5_m5f5_P5_Y1_UO466,FXX,0,31.020114160091044,0,0,0.0,0,0,0,0.0,0.5,1,P4_CV0,3,1,1,2,0
5,2535011.582,720257.8531,Age0_F5_m5f5_P5_Y3_UO304,R5_F5_m5f5_P5_Y1_UO241,R5_F5_m5f5_P5_Y1_UO33,MXY,0,31.020114160091044,0,0,0.0,0,0,0,0.0,0.625,1,P4_CV0,3,2,0,2,0
5,2535011.582,720257.8531,Age0_F5_m5f5_P5_Y3_UO305,R5_F5_m5f5_P5_Y1_UO241,R5_F5_m5f5_P5_Y1_UO33,FXX,0,31.020114160091044,0,0,0.0,0,0,0,0.0,0.625,1,P4_CV0,3,2,0,1,1
5,2535011.582,720257.8531,Age0_F5_m5f5_P5_Y3_UO310,R5_F5_m-1f-1_P5_Y-1_U0,R5_F5_m5f5_P5_Y0_UO785,MXY,0,31.020114160091044,0,0,0.0,0,0,0,0.0,0.375,1,P4_CV0,3,1,1,0,2
5,2535011.582,720257.8531,Age0_F5_m5f5_P5_Y3_UO311,R5_F5_m-1f-1_P5_Y-1_U0,R5_F5_m5f5_P5_Y0_UO785,FXX,0,31.020114160091044,0,0,0.0,0,0,0,0.0,0.375,1,P4_CV0,3,0,2,0,2
5,2535011.582,720257.8531,Age0_F5_m5f5_P5_Y3_UO312,R5_F5_m-1f-1_P5_Y-1_U0,R5_F5_m5f5_P5_Y0_UO785,FXX,0,31.020114160091044,0,0,0.0,0,0,0,0.0,0.375,1,P4_CV0,3,0,2,0,2
5,2535011.582,720257.8531,Age0_F5_m5f5_P5_Y3_UO335,R5_F5_m5f5_P5_Y1_UO400,R5_F5_m5f5_P5_Y0_UO439,FXX,0,31.020114160091044,0,0,0.0,0,0,0,0.0,0.625,1,P4_CV0,3,1,1,2,0
5,2535011.582,720257.8531,Age0_F5_m5f5_P5_Y3_UO336,R5_F5_m5f5_P5_Y0_UO56,R5_F5_m5f5_P5_Y1_UO40,FXX,0,31.020114160091044,0,0,0.0,0,0,0,0.0,0.75,1,P4_CV0,3,1,1,0,2
5,2535011.582,720257.8531,Age0_F5_m5f5_P5_Y3_UO337,R5_F5_m5f5_P5_Y0_UO56,R5_F5_m5f5_P5_Y1_UO40,FXX,0,31.020114160091044,0,0,0.0,0,0,0,0.0,0.75,1,P4_CV0,3,1,1,1,1
5,2535011.582,720257.8531,Age0_F5_m5f5_P5_Y3_UO343,R5_F5_m-1f-1_P5_Y-1_U35,R5_F5_m5f5_P5_Y0_UO34,MXY,0,31.020114160091044,0,0,0.0,0,0,0,0.0,0.75,1,P4_CV0,3,2,0,1,1
5,2535011.582,720257.8531,Age0_F5_m5f5_P5_Y3_UO344,R5_F5_m-1f-1_P5_Y-1_U35,R5_F5_m5f5_P5_Y0_UO34,FXX,0,31.020114160091044,0,0,0.0,0,0,0,0.0,0.75,1,P4_CV0,3,2,0,2,0
5,2535011.582,720257.8531,Age0_F5_m5f5_P5_Y3_UO345,R5_F5_m-1f-1_P5_Y-1_U35,R5_F5_m5f5_P5_Y0_UO34,FXX,0,31.020114160091044,0,0,0.0,0,0,0,0.0,0.75,1,P4_CV0,3,2,0,1,1
5,2535011.582,720257.8531,Age0_F5_m5f5_P5_Y3_UO346,R5_F5_m-1f-1_P5_Y-1_U35,R5_F5_m5f5_P5_Y0_UO34,FXX,0,31.020114160091044,0,0,0.0,0,0,0,0.0,0.75,1,P4_CV0,3,2,0,2,0
5,2535011.582,720257.8531,Age0_F5_m5f5_P5_Y3_UO347,R5_F5_m-1f-1_P5_Y-1_U35,R5_F5_m5f5_P5_Y0_UO34,FXX,0,31.020114160091044,0,0,0.0,0,0,0,0.0,0.75,1,P4_CV0,3,2,0,1,1
5,2535011.582,720257.8531,Age0_F5_m5f5_P5_Y3_UO348,R5_F5_m-1f-1_P5_Y-1_U35,R5_F5_m5f5_P5_Y0_UO34,FXX,0,31.020114160091044,0,0,0.0,0,0,0,0.0,0.75,1,P4_CV0,3,2,0,1,1
5,2535011.582,720257.8531,Age0_F5_m5f5_P5_Y3_UO349,R5_F5_m-1f-1_P5_Y-1_U35,R5_F5_m5f5_P5_Y0_UO34,FXX,0,31.020114160091044,0,0,0.0,0,0,0,0.0,0.75,1,P4_CV0,3,2,0,1,1
5,2535011.582,720257.8531,Age0_F5_m5f5_P5_Y3_UO352,R5_F5_m-1f-1_P5_Y-1_U59,R5_F5_m-1f-1_P5_Y-1_U71,FXX,0,31.020114160091044,0,0,0.0,0,0,0,0.0,0.0,1,P4_CV0,3,0,2,2,0
5,2535011.582,720257.8531,Age0_F5_m5f5_P5_Y3_UO353,R5_F5_m-1f-1_P5_Y-1_U59,R5_F5_m-1f-1_P5_Y-1_U71,FXX,0,31.020114160091044,0,0,0.0,0,0,0,0.0,0.0,1,P4_CV0,3,0,2,1,1
5,2535011.582,720257.8531,Age0_F5_m5f5_P5_Y3_UO354,R5_F5_m-1f-1_P5_Y-1_U59,R5_F5_m-1f-1_P5_Y-1_U71,FXX,0,31.020114160091044,0,0,0.0,0,0,0,0.0,0.0,1,P4_CV0,3,0,2,1,1
5,2535011.582,720257.8531,Age0_F5_m5f5_P5_Y3_UO355,R5_F5_m-1f-1_P5_Y-1_U59,R5_F5_m-1f-1_P5_Y-1_U71,MXY,0,31.020114160091044,0,0,0.0,0,0,0,0.0,0.0,1,P4_CV0,3,0,2,1,1
5,2535011.582,720257.8531,Age0_F5_m5f5_P5_Y3_UO356,R5_F5_m-1f-1_P5_Y-1_U59,R5_F5_m-1f-1_P5_Y-1_U71,FXX,0,31.020114160091044,0,0,0.0,0,0,0,0.0,0.0,1,P4_CV0,3,0,2,2,0
5,2535011.582,720257.8531,Age0_F5_m5f5_P5_Y3_UO357,R5_F5_m-1f-1_P5_Y-1_U35,R5_F5_m5f5_P5_Y0_UO30,MXY,0,31.020114160091044,0,0,0.0,0,0,0,0.0,0.75,1,P4_CV0,3,1,1,1,1
5,2535011.582,720257.8531,Age0_F5_m5f5_P5_Y3_UO358,R5_F5_m-1f-1_P5_Y-1_U35,R5_F5_m5f5_P5_Y0_UO30,MXY,0,31.020114160091044,0,0,0.0,0,0,0,0.0,0.75,1,P4_CV0,3,1,1,2,0
5,2535011.582,720257.8531,Age0_F5_m5f5_P5_Y3_UO359,R5_F5_m-1f-1_P5_Y-1_U35,R5_F5_m5f5_P5_Y0_UO30,MXY,0,31.020114160091044,0,0,0.0,0,0,0,0.0,0.75,1,P4_CV0,3,1,1,1,1
5,2535011.582,720257.8531,Age0_F5_m5f5_P5_Y3_UO360,R5_F5_m-1f-1_P5_Y-1_U35,R5_F5_m5f5_P5_Y0_UO30,MXY,0,31.020114160091044,0,0,0.0,0,0,0,0.0,0.75,1,P4_CV0,3,1,1,1,1
5,2535011.582,720257.8531,Age0_F5_m5f5_P5_Y3_UO361,R5_F5_m-1f-1_P5_Y-1_U35,R5_F5_m5f5_P5_Y0_UO30,MXY,0,31.020114160091044,0,0,0.0,0,0,0,0.0,0.75,1,P4_CV0,3,1,1,1,1
5,2535011.582,720257.8531,Age0_F5_m5f5_P5_Y3_UO379,R5_F5_m5f5_P5_Y0_UO212,R5_F5_m5f5_P5_Y1_UO117,MXY,0,31.020114160091044,0,0,0.0,0,0,0,0.0,0.5,1,P4_CV0,3,2,0,1,1
5,2535011.582,720257.8531,Age0_F5_m5f5_P5_Y3_UO380,R5_F5_m5f5_P5_Y0_UO212,R5_F5_m5f5_P5_Y1_UO117,FXX,0,31.020114160091044,0,0,0.0,0,0,0,0.0,0.5,1,P4_CV0,3,1,1,0,2
5,2535011.582,720257.8531,Age0_F5_m5f5_P5_Y3_UO397,R5_F5_m-1f-1_P5_Y-1_U68,R5_F5_m5f5_P5_Y1_UO203,MXY,0,31.020114160091044,0,0,0.0,0,0,0,0.0,0.625,1,P4_CV0,3,2,0,2,0
5,2535011.582,720257.8531,Age0_F5_m5f5_P5_Y3_UO398,R5_F5_m-1f-1_P5_Y-1_U68,R5_F5_m5f5_P5_Y1_UO203,FXX,0,31.020114160091044,0,0,0.0,0,0,0,0.0,0.625,1,P4_CV0,3,1,1,2,0
5,2535011.582,720257.8531,Age0_F5_m5f5_P5_Y3_UO399,R5_F5_m-1f-1_P5_Y-1_U68,R5_F5_m5f5_P5_Y1_UO203,FXX,0,31.020114160091044,0,0,0.0,0,0,0,0.0,0.625,1,P4_CV0,3,1,1,2,0
5,2535011.582,720257.8531,Age0_F5_m5f5_P5_Y3_UO400,R5_F5_m-1f-1_P5_Y-1_U68,R5_F5_m5f5_P5_Y1_UO203,MXY,0,31.020114160091044,0,0,0.0,0,0,0,0.0,0.625,1,P4_CV0,3,1,1,2,0
5,2535011.582,720257.8531,Age0_F5_m5f5_P5_Y3_UO414,R5_F5_m5f5_P5_Y1_UO400,R5_F5_m-1f-1_P5_Y-1_U65,FXX,0,31.020114160091044,0,0,0.0,0,0,0,0.0,0.75,1,P4_CV0,3,1,1,2,0
5,2535011.582,720257.8531,Age0_F5_m5f5_P5_Y3_UO415,R5_F5_m5f5_P5_Y1_UO400,R5_F5_m-1f-1_P5_Y-1_U65,MXY,0,31.020114160091044,0,0,0.0,0,0,0,0.0,0.75,1,P4_CV0,3,1,1,1,1
5,2535011.582,720257.8531,Age0_F5_m5f5_P5_Y3_UO416,R5_F5_m5f5_P5_Y1_UO400,R5_F5_m-1f-1_P5_Y-1_U65,FXX,0,31.020114160091044,0,0,0.0,0,0,0,0.0,0.75,1,P4_CV0,3,1,1,2,0
5,2535011.582,720257.8531,Age0_F5_m5f5_P5_Y3_UO417,R5_F5_m5f5_P5_Y1_UO400,R5_F5_m-1f-1_P5_Y-1_U65,MXY,0,31.020114160091044,0,0,0.0,0,0,0,0.0,0.75,1,P4_CV0,3,1,1,1,1
5,2535011.582,720257.8531,Age0_F5_m5f5_P5_Y3_UO441,R5_F5_m-1f-1_P5_Y-1_U35,R5_F5_m-1f-1_P5_Y-1_U123,MXY,0,31.020114160091044,0,0,0.0,0,0,0,0.0,0.5,1,P4_CV0,3,1,1,1,1
5,2535011.582,720257.8531,Age0_F5_m5f5_P5_Y3_UO442,R5_F5_m-1f-1_P5_Y-1_U35,R5_F5_m-1f-1_P5_Y-1_U123,FXX,0,31.020114160091044,0,0,0.0,0,0,0,0.0,0.5,1,P4_CV0,3,1,1,1,1
5,2535011.582,720257.8531,Age0_F5_m5f5_P5_Y3_UO443,R5_F5_m-1f-1_P5_Y-1_U35,R5_F5_m-1f-1_P5_Y-1_U123,MXY,0,31.020114160091044,0,0,0.0,0,0,0,0.0,0.5,1,P4_CV0,3,1,1,2,0
5,2535011.582,720257.8531,Age0_F5_m5f5_P5_Y3_UO481,R5_F5_m5f5_P5_Y0_UO56,R5_F5_m-1f-1_P5_Y-1_U75,MXY,0,31.020114160091044,0,0,0.0,0,0,0,0.0,0.625,1,P4_CV0,3,2,0,2,0
5,2535011.582,720257.8531,Age0_F5_m5f5_P5_Y3_UO482,R5_F5_m5f5_P5_Y0_UO56,R5_F5_m-1f-1_P5_Y-1_U75,FXX,0,31.020114160091044,0,0,0.0,0,0,0,0.0,0.625,1,P4_CV0,3,2,0,2,0
5,2535011.582,720257.8531,Age0_F5_m5f5_P5_Y3_UO502,R5_F5_m5f5_P5_Y1_UO400,R5_F5_m5f5_P5_Y1_UO246,MXY,0,31.020114160091044,0,0,0.0,0,0,0,0.0,0.625,1,P4_CV0,3,1,1,2,0
5,2535011.582,720257.8531,Age0_F5_m5f5_P5_Y3_UO503,R5_F5_m5f5_P5_Y1_UO400,R5_F5_m5f5_P5_Y1_UO246,MXY,0,31.020114160091044,0,0,0.0,0,0,0,0.0,0.625,1,P4_CV0,3,1,1,2,0
5,2535011.582,720257.8531,Age0_F5_m5f5_P5_Y3_UO510,R5_F5_m-1f-1_P5_Y-1_U0,R5_F5_m5f5_P5_Y0_UO788,FXX,0,31.020114160091044,0,0,0.0,0,0,0,0.0,0.375,1,P4_CV0,3,1,1,0,2
5,2535011.582,720257.8531,Age0_F5_m5f5_P5_Y3_UO519,R5_F5_m5f5_P5_Y0_UO551,R5_F5_m5f5_P5_Y1_UO271,MXY,0,31.020114160091044,0,0,0.0,0,0,0,0.0,0.625,1,P4_CV0,3,1,1,0,2
5,2535011.582,720257.8531,Age0_F5_m5f5_P5_Y3_UO520,R5_F5_m5f5_P5_Y0_UO551,R5_F5_m5f5_P5_Y1_UO271,FXX,0,31.020114160091044,0,0,0.0,0,0,0,0.0,0.625,1,P4_CV0,3,2,0,0,2
5,2535011.582,720257.8531,Age0_F5_m5f5_P5_Y3_UO521,R5_F5_m5f5_P5_Y0_UO551,R5_F5_m5f5_P5_Y1_UO271,FXX,0,31.020114160091044,0,0,0.0,0,0,0,0.0,0.625,1,P4_CV0,3,2,0,0,2
5,2535011.582,720257.8531,Age0_F5_m5f5_P5_Y3_UO525,R5_F5_m-1f-1_P5_Y-1_U35,R5_F5_m5f5_P5_Y0_UO384,MXY,0,31.020114160091044,0,0,0.0,0,0,0,0.0,0.75,1,P4_CV0,3,1,1,2,0
5,2535011.582,720257.8531,Age0_F5_m5f5_P5_Y3_UO526,R5_F5_m-1f-1_P5_Y-1_U35,R5_F5_m5f5_P5_Y0_UO384,MXY,0,31.020114160091044,0,0,0.0,0,0,0,0.0,0.75,1,P4_CV0,3,2,0,1,1
5,2535011.582,720257.8531,Age0_F5_m5f5_P5_Y3_UO527,R5_F5_m-1f-1_P5_Y-1_U35,R5_F5_m5f5_P5_Y0_UO384,MXY,0,31.020114160091044,0,0,0.0,0,0,0,0.0,0.75,1,P4_CV0,3,1,1,1,1
5,2535011.582,720257.8531,Age0_F5_m5f5_P5_Y3_UO528,R5_F5_m-1f-1_P5_Y-1_U35,R5_F5_m5f5_P5_Y0_UO384,MXY,0,31.020114160091044,0,0,0.0,0,0,0,0.0,0.75,1,P4_CV0,3,2,0,1,1
5,2535011.582,720257.8531,Age0_F5_m5f5_P5_Y3_UO553,R5_F5_m5f5_P5_Y1_UO400,R5_F5_m5f5_P5_Y0_UO382,FXX,0,31.020114160091044,0,0,0.0,0,0,0,0.0,0.5,1,P4_CV0,3,0,2,2,0
5,2535011.582,720257.8531,R5_F5_m5f5_P5_Y2_UO510,R5_F5_m-1f-1_P5_Y-1_U35,R5_F5_m5f5_P5_Y0_UO509,FXX,1,57.37429109048028,1,1,1.427,0,0,0,-9999.0,0.75,1,P4_CV0,3,2,0,2,0
5,2535011.582,720257.8531,R5_F5_m5f5_P5_Y2_UO289,R5_F5_m-1f-1_P5_Y-1_U38,R5_F5_m-1f-1_P5_Y-1_U71,MXY,1,57.37429109048028,1,1,0.0,0,0,0,-9999.0,0.0,1,P4_CV0,3,0,2,1,1
5,2535011.582,720257.8531,R5_F5_m5f5_P5_Y2_UO159,R5_F5_m5f5_P5_Y0_UO56,R5_F5_m5f5_P5_Y0_UO358,FXX,1,57.37429109048028,1,1,1.966,0,0,0,-9999.0,0.875,1,P4_CV0,3,2,0,2,0
5,2535011.582,720257.8531,R5_F5_m5f5_P5_Y2_UO62,R5_F5_m5f5_P5_Y0_UO10,R5_F5_m5f5_P5_Y0_UO610,FXX,1,57.37429109048028,1,1,1.642,0,0,0,-9999.0,0.75,1,P4_CV0,3,2,0,0,2
5,2535011.582,720257.8531,R5_F5_m5f5_P5_Y2_UO67,R5_F5_m5f5_P5_Y0_UO10,R5_F5_m5f5_P5_Y0_UO610,MXY,1,57.37429109048028,1,1,0.0,0,0,0,-9999.0,0.75,1,P4_CV0,3,1,1,0,2
5,2535011.582,720257.8531,R5_F5_m5f5_P5_Y2_UO63,R5_F5_m5f5_P5_Y0_UO10,R5_F5_m5f5_P5_Y0_UO610,MXY,1,57.37429109048028,1,1,0.0,0,0,0,-9999.0,0.75,1,P4_CV0,3,1,1,1,1
5,2535011.582,720257.8531,R5_F5_m5f5_P5_Y2_UO90,R5_F5_m5f5_P5_Y0_UO10,R5_F5_m5f5_P5_Y0_UO439,MXY,1,57.37429109048028,1,1,0.0,0,0,0,-9999.0,0.75,1,P4_CV0,3,1,1,1,1
5,2535011.582,720257.8531,R5_F5_m5f5_P5_Y2_UO509,R5_F5_m-1f-1_P5_Y-1_U35,R5_F5_m5f5_P5_Y0_UO509,FXX,1,57.37429109048028,1,1,1.0,0,0,0,-9999.0,0.75,1,P4_CV0,3,1,1,1,1
5,2535011.582,720257.8531,R5_F5_m5f5_P5_Y2_UO515,R5_F5_m-1f-1_P5_Y-1_U35,R5_F5_m5f5_P5_Y0_UO509,FXX,1,57.37429109048028,1,1,1.0,0,0,0,-9999.0,0.75,1,P4_CV0,3,1,1,1,1
5,2535011.582,720257.8531,R5_F5_m5f5_P5_Y2_UO180,R5_F5_m5f5_P5_Y0_UO360,R5_F5_m5f5_P5_Y0_UO788,MXY,1,57.37429109048028,1,1,0.0,0,0,0,-9999.0,0.625,1,P4_CV0,3,1,1,2,0
5,2535011.582,720257.8531,R5_F5_m5f5_P5_Y2_UO218,R5_F5_m-1f-1_P5_Y-1_U53,R5_F5_m-1f-1_P5_Y-1_U10,MXY,1,57.37429109048028,1,1,0.0,0,0,0,-9999.0,0.0,1,P4_CV0,3,0,2,0,2
5,2535011.582,720257.8531,R5_F5_m5f5_P5_Y2_UO179,R5_F5_m5f5_P5_Y0_UO360,R5_F5_m5f5_P5_Y0_UO788,FXX,1,57.37429109048028,1,1,1.0,0,0,0,-9999.0,0.625,1,P4_CV0,3,1,1,2,0
5,2535011.582,720257.8531,R5_F5_m5f5_P5_Y2_UO56,R5_F5_m5f5_P5_Y0_UO56,R5_F5_m5f5_P5_Y0_UO382,FXX,1,57.37429109048028,1,1,0.0,0,0,0,-9999.0,0.625,1,P4_CV0,3,1,1,2,0
5,2535011.582,720257.8531,R5_F5_m5f5_P5_Y2_UO505,R5_F5_m-1f-1_P5_Y-1_U35,R5_F5_m5f5_P5_Y0_UO509,MXY,1,57.37429109048028,1,1,0.0,0,0,0,-9999.0,0.75,1,P4_CV0,3,1,1,0,2
5,2535011.582,720257.8531,R5_F5_m5f5_P5_Y2_UO214,R5_F5_m-1f-1_P5_Y-1_U53,R5_F5_m-1f-1_P5_Y-1_U10,MXY,1,57.37429109048028,1,1,0.0,0,0,0,-9999.0,0.0,1,P4_CV0,3,0,2,0,2
5,2535011.582,720257.8531,R5_F5_m5f5_P5_Y2_UO160,R5_F5_m5f5_P5_Y0_UO56,R5_F5_m5f5_P5_Y0_UO358,FXX,1,57.37429109048028,1,1,1.259,0,0,0,-9999.0,0.875,1,P4_CV0,3,1,1,1,1
5,2535011.582,720257.8531,R5_F5_m5f5_P5_Y2_UO87,R5_F5_m5f5_P5_Y0_UO10,R5_F5_m5f5_P5_Y0_UO439,FXX,1,57.37429109048028,1,1,2.357,0,0,0,-9999.0,0.75,1,P4_CV0,3,1,1,2,0
5,2535011.582,720257.8531,R5_F5_m5f5_P5_Y2_UO65,R5_F5_m5f5_P5_Y0_UO10,R5_F5_m5f5_P5_Y0_UO610,MXY,1,57.37429109048028,1,1,0.0,0,0,0,-9999.0,0.75,1,P4_CV0,3,2,0,1,1
5,2535011.582,720257.8531,R5_F5_m5f5_P5_Y2_UO68,R5_F5_m5f5_P5_Y0_UO10,R5_F5_m5f5_P5_Y0_UO610,MXY,1,57.37429109048028,1,1,0.0,0,0,0,-9999.0,0.75,1,P4_CV0,3,2,0,1,1
5,2535011.582,720257.8531,R5_F5_m5f5_P5_Y2_UO292,R5_F5_m-1f-1_P5_Y-1_U38,R5_F5_m-1f-1_P5_Y-1_U71,MXY,1,57.37429109048028,1,1,0.0,0,0,0,-9999.0,0.0,1,P4_CV0,3,0,2,1,1
5,2535011.582,720257.8531,R5_F5_m5f5_P5_Y2_UO512,R5_F5_m-1f-1_P5_Y-1_U35,R5_F5_m5f5_P5_Y0_UO509,MXY,1,57.37429109048028,1,1,0.0,0,0,0,-9999.0,0.75,1,P4_CV0,3,2,0,1,1
5,2535011.582,720257.8531,R5_F5_m5f5_P5_Y2_UO222,R5_F5_m-1f-1_P5_Y-1_U53,R5_F5_m-1f-1_P5_Y-1_U10,FXX,1,57.37429109048028,1,1,1.0,0,0,0,-9999.0,0.0,1,P4_CV0,3,0,2,0,2
5,2535011.582,720257.8531,R5_F5_m5f5_P5_Y2_UO287,R5_F5_m-1f-1_P5_Y-1_U38,R5_F5_m-1f-1_P5_Y-1_U71,MXY,1,57.37429109048028,1,1,0.0,0,0,0,-9999.0,0.0,1,P4_CV0,3,0,2,1,1
5,2535011.582,720257.8531,R5_F5_m5f5_P5_Y2_UO216,R5_F5_m-1f-1_P5_Y-1_U53,R5_F5_m-1f-1_P5_Y-1_U10,FXX,1,57.37429109048028,1,1,1.078,0,0,0,-9999.0,0.0,1,P4_CV0,3,0,2,0,2
5,2535011.582,720257.8531,R5_F5_m5f5_P5_Y2_UO189,R5_F5_m5f5_P5_Y0_UO551,R5_F5_m5f5_P5_Y0_UO509,FXX,1,57.37429109048028,1,1,1.957,0,0,0,-9999.0,0.5,1,P4_CV0,3,1,1,1,1
5,2535011.582,720257.8531,R5_F5_m5f5_P5_Y2_UO60,R5_F5_m5f5_P5_Y0_UO56,R5_F5_m5f5_P5_Y0_UO382,FXX,1,57.37429109048028,1,1,0.0,0,0,0,-9999.0,0.625,1,P4_CV0,3,1,1,0,2
5,2535011.582,720257.8531,R5_F5_m5f5_P5_Y2_UO223,R5_F5_m-1f-1_P5_Y-1_U53,R5_F5_m-1f-1_P5_Y-1_U10,MXY,1,57.37429109048028,1,1,0.0,0,0,0,-9999.0,0.0,1,P4_CV0,3,0,2,0,2
5,2535011.582,720257.8531,R5_F5_m5f5_P5_Y2_UO480,R5_F5_m5f5_P5_Y0_UO380,R5_F5_m-1f-1_P5_Y-1_U75,FXX,1,57.37429109048028,1,1,2.166,0,0,0,-9999.0,0.5,1,P4_CV0,3,1,1,2,0
5,2535011.582,720257.8531,R5_F5_m5f5_P5_Y2_UO66,R5_F5_m5f5_P5_Y0_UO10,R5_F5_m5f5_P5_Y0_UO610,MXY,1,57.37429109048028,1,1,0.0,0,0,0,-9999.0,0.75,1,P4_CV0,3,1,1,1,1
5,2535011.582,720257.8531,R5_F5_m5f5_P5_Y2_UO219,R5_F5_m-1f-1_P5_Y-1_U53,R5_F5_m-1f-1_P5_Y-1_U10,MXY,1,57.37429109048028,1,1,0.0,0,0,0,-9999.0,0.0,1,P4_CV0,3,0,2,0,2
5,2535011.582,720257.8531,R5_F5_m5f5_P5_Y2_UO503,R5_F5_m-1f-1_P5_Y-1_U35,R5_F5_m5f5_P5_Y0_UO509,FXX,1,57.37429109048028,1,1,1.031,0,0,0,-9999.0,0.75,1,P4_CV0,3,1,1,0,2
5,2535011.582,720257.8531,R5_F5_m5f5_P5_Y2_UO221,R5_F5_m-1f-1_P5_Y-1_U53,R5_F5_m-1f-1_P5_Y-1_U10,FXX,1,57.37429109048028,1,1,1.0,0,0,0,-9999.0,0.0,1,P4_CV0,3,0,2,0,2
5,2535011.582,720257.8531,R5_F5_m5f5_P5_Y2_UO185,R5_F5_m5f5_P5_Y0_UO360,R5_F5_m5f5_P5_Y0_UO788,FXX,1,57.37429109048028,1,1,1.835,0,0,0,-9999.0,0.625,1,P4_CV0,3,1,1,2,0
5,2535011.582,720257.8531,R5_F5_m5f5_P5_Y2_UO213,R5_F5_m-1f-1_P5_Y-1_U53,R5_F5_m-1f-1_P5_Y-1_U10,MXY,1,57.37429109048028,1,1,0.0,0,0,0,-9999.0,0.0,1,P4_CV0,3,0,2,0,2
5,2535011.582,720257.8531,R5_F5_m5f5_P5_Y2_UO41,R5_F5_m5f5_P5_Y0_UO524,R5_F5_m5f5_P5_Y0_UO207,FXX,1,57.37429109048028,1,1,1.353,0,0,0,-9999.0,0.625,1,P4_CV0,3,2,0,2,0
5,2535011.582,720257.8531,R5_F5_m5f5_P5_Y2_UO506,R5_F5_m-1f-1_P5_Y-1_U35,R5_F5_m5f5_P5_Y0_UO509,FXX,1,57.37429109048028,1,1,1.71,0,0,0,-9999.0,0.75,1,P4_CV0,3,1,1,0,2
5,2535011.582,720257.8531,R5_F5_m5f5_P5_Y2_UO226,R5_F5_m-1f-1_P5_Y-1_U53,R5_F5_m-1f-1_P5_Y-1_U10,MXY,1,57.37429109048028,1,1,0.0,0,0,0,-9999.0,0.0,1,P4_CV0,3,0,2,0,2
5,2535011.582,720257.8531,R5_F5_m5f5_P5_Y2_UO224,R5_F5_m-1f-1_P5_Y-1_U53,R5_F5_m-1f-1_P5_Y-1_U10,MXY,1,57.37429109048028,1,1,0.0,0,0,0,-9999.0,0.0,1,P4_CV0,3,0,2,0,2
5,2535011.582,720257.8531,R5_F5_m5f5_P5_Y2_UO190,R5_F5_m5f5_P5_Y0_UO551,R5_F5_m5f5_P5_Y0_UO509,MXY,1,57.37429109048028,1,1,0.0,0,0,0,-9999.0,0.5,1,P4_CV0,3,1,1,1,1
5,2535011.582,720257.8531,R5_F5_m5f5_P5_Y2_UO481,R5_F5_m5f5_P5_Y0_UO380,R5_F5_m-1f-1_P5_Y-1_U75,MXY,1,57.37429109048028,1,1,0.0,0,0,0,-9999.0,0.5,1,P4_CV0,3,2,0,1,1
5,2535011.582,720257.8531,R5_F5_m5f5_P5_Y2_UO181,R5_F5_m5f5_P5_Y0_UO360,R5_F5_m5f5_P5_Y0_UO788,FXX,1,57.37429109048028,1,1,0.0,0,0,0,-9999.0,0.625,1,P4_CV0,3,2,0,1,1
5,2535011.582,720257.8531,R5_F5_m5f5_P5_Y2_UO477,R5_F5_m5f5_P5_Y0_UO380,R5_F5_m-1f-1_P5_Y-1_U75,MXY,1,57.37429109048028,1,1,0.0,0,0,0,-9999.0,0.5,1,P4_CV0,3,1,1,1,1
5,2535011.582,720257.8531,R5_F5_m5f5_P5_Y2_UO69,R5_F5_m5f5_P5_Y0_UO10,R5_F5_m5f5_P5_Y0_UO610,FXX,1,57.37429109048028,1,1,1.826,0,0,0,-9999.0,0.75,1,P4_CV0,3,1,1,0,2
5,2535011.582,720257.8531,R5_F5_m5f5_P5_Y2_UO290,R5_F5_m-1f-1_P5_Y-1_U38,R5_F5_m-1f-1_P5_Y-1_U71,MXY,1,57.37429109048028,1,1,0.0,0,0,0,-9999.0,0.0,1,P4_CV0,3,0,2,2,0
5,2535011.582,720257.8531,R5_F5_m5f5_P5_Y2_UO184,R5_F5_m5f5_P5_Y0_UO360,R5_F5_m5f5_P5_Y0_UO788,MXY,1,57.37429109048028,1,1,0.0,0,0,0,-9999.0,0.625,1,P4_CV0,3,1,1,1,1
5,2535011.582,720257.8531,R5_F5_m5f5_P5_Y1_UO167,R5_F5_m-1f-1_P5_Y-1_U96,R5_F5_m-1f-1_P5_Y-1_U51,FXX,2,85.7472725281788,1,0,1.443,0,0,0,-9999.0,0.5,1,P4_CV0,3,0,2,2,0
5,2535011.582,720257.8531,R5_F5_m5f5_P5_Y1_UO539,R5_F5_m-1f-1_P5_Y-1_U80,R5_F5_m-1f-1_P5_Y-1_U58,FXX,2,85.7472725281788,1,0,1.0,0,0,0,-9999.0,1.0,1,P4_CV0,3,1,1,2,0
5,2535011.582,720257.8531,R5_F5_m5f5_P5_Y1_UO400,R5_F5_m-1f-1_P5_Y-1_U34,R5_F5_m-1f-1_P5_Y-1_U61,FXX,2,85.7472725281788,1,0,1.744,0,0,0,-9999.0,0.5,1,P4_CV0,3,0,2,2,0
5,2535011.582,720257.8531,R5_F5_m5f5_P5_Y1_UO52,R5_F5_m-1f-1_P5_Y-1_U22,R5_F5_m-1f-1_P5_Y-1_U3,FXX,2,85.7472725281788,1,0,0.0,0,0,0,-9999.0,0.5,1,P4_CV0,3,0,2,1,1
5,2535011.582,720257.8531,R5_F5_m5f5_P5_Y1_UO425,R5_F5_m-1f-1_P5_Y-1_U66,R5_F5_m-1f-1_P5_Y-1_U2,MXY,2,85.7472725281788,1,0,0.0,0,0,0,-9999.0,0.25,1,P4_CV0,3,2,0,1,1
5,2535011.582,720257.8531,R5_F5_m5f5_P5_Y1_UO30,R5_F5_m-1f-1_P5_Y-1_U70,R5_F5_m-1f-1_P5_Y-1_U5,MXY,2,85.7434189009913,1,0,0.0,0,0,0,-9999.0,0.75,1,P4_CV0,3,0,2,2,0
5,2535011.582,720257.8531,R5_F5_m5f5_P5_Y1_UO401,R5_F5_m-1f-1_P5_Y-1_U34,R5_F5_m-1f-1_P5_Y-1_U61,MXY,2,85.7472725281788,1,0,0.0,0,0,0,-9999.0,0.5,1,P4_CV0,3,1,1,0,2
5,2535011.582,720257.8531,R5_F5_m5f5_P5_Y1_UO422,R5_F5_m-1f-1_P5_Y-1_U117,R5_F5_m-1f-1_P5_Y-1_U119,MXY,2,85.7472725281788,1,0,0.0,0,0,0,-9999.0,0.25,1,P4_CV0,3,0,2,1,1
5,2535011.582,720257.8531,R5_F5_m5f5_P5_Y1_UO320,R5_F5_m-1f-1_P5_Y-1_U92,R5_F5_m-1f-1_P5_Y-1_U101,FXX,2,85.7472725281788,1,0,2.053,0,0,0,-9999.0,0.25,1,P4_CV0,3,1,1,2,0
5,2535011.582,720257.8531,R5_F5_m5f5_P5_Y1_UO120,R5_F5_m-1f-1_P5_Y-1_U23,R5_F5_m-1f-1_P5_Y-1_U81,MXY,2,85.7472725281788,1,0,0.0,0,0,0,-9999.0,0.75,1,P4_CV0,3,2,0,2,0
5,2535011.582,720257.8531,R5_F5_m5f5_P5_Y1_UO246,R5_F5_m-1f-1_P5_Y-1_U80,R5_F5_m-1f-1_P5_Y-1_U2,MXY,2,85.7472725281788,1,0,0.0,0,0,0,-9999.0,0.75,1,P4_CV0,3,2,0,2,0
5,2535011.582,720257.8531,R5_F5_m5f5_P5_Y1_UO4,R5_F5_m-1f-1_P5_Y-1_U54,R5_F5_m-1f-1_P5_Y-1_U61,FXX,2,85.7472725281788,1,0,0.0,0,0,0,-9999.0,0.5,1,P4_CV0,3,1,1,2,0
5,2535011.582,720257.8531,R5_F5_m5f5_P5_Y1_UO203,R5_F5_m-1f-1_P5_Y-1_U6,R5_F5_m-1f-1_P5_Y-1_U50,MXY,2,85.7472725281788,1,0,0.0,0,0,0,-9999.0,0.25,1,P4_CV0,3,1,1,2,0
5,2535011.582,720257.8531,R5_F5_m5f5_P5_Y1_UO29,R5_F5_m-1f-1_P5_Y-1_U70,R5_F5_m-1f-1_P5_Y-1_U5,FXX,2,85.7472725281788,1,0,1.664,0,0,0,-9999.0,0.75,1,P4_CV0,3,1,1,1,1
5,2535011.582,720257.8531,R5_F5_m5f5_P5_Y1_UO115,R5_F5_m-1f-1_P5_Y-1_U44,R5_F5_m-1f-1_P5_Y-1_U21,FXX,2,85.7472725281788,1,0,0.0,0,0,0,-9999.0,0.5,1,P4_CV0,3,1,1,1,1
5,2535011.582,720257.8531,R5_F5_m5f5_P5_Y1_UO232,R5_F5_m-1f-1_P5_Y-1_U92,R5_F5_m-1f-1_P5_Y-1_U2,FXX,2,85.7472725281788,1,0,2.241,0,0,0,-9999.0,0.5,1,P4_CV0,3,2,0,0,2
5,2535011.582,720257.8531,R5_F5_m5f5_P5_Y1_UO243,R5_F5_m-1f-1_P5_Y-1_U110,R5_F5_m-1f-1_P5_Y-1_U51,MXY,2,85.7472725281788,1,0,0.0,0,0,0,-9999.0,0.5,1,P4_CV0,3,1,1,1,1
5,2535011.582,720257.8531,R5_F5_m5f5_P5_Y1_UO39,R5_F5_m-1f-1_P5_Y-1_U23,R5_F5_m-1f-1_P5_Y-1_U83,FXX,2,85.7472725281788,1,0,2.207,0,0,0,-9999.0,0.75,1,P4_CV0,3,1,1,2,0
5,2535011.582,720257.8531,R5_F5_m5f5_P5_Y1_UO31,R5_F5_m-1f-1_P5_Y-1_U70,R5_F5_m-1f-1_P5_Y-1_U5,FXX,2,85.7472725281788,1,0,2.579,0,0,0,-9999.0,0.75,1,P4_CV0,3,1,1,1,1
5,2535011.582,720257.8531,R5_F5_m5f5_P5_Y1_UO458,R5_F5_m-1f-1_P5_Y-1_U59,R5_F5_m-1f-1_P5_Y-1_U127,MXY,2,85.7472725281788,1,0,0.0,0,0,0,-9999.0,0.5,1,P4_CV0,3,1,1,2,0
5,2535011.582,720257.8531,R5_F5_m5f5_P5_Y0_UO439,R5_F5_m-1f-1_P5_Y-1_U95,R5_F5_m-1f-1_P5_Y-1_U55,MXY,3,107.84172530590358,1,0,0.0,0,0,0,-9999.0,0.75,1,P4_CV0,3,1,1,2,0
5,2535011.582,720257.8531,R5_F5_m5f5_P5_Y0_UO382,R5_F5_m-1f-1_P5_Y-1_U37,R5_F5_m-1f-1_P5_Y-1_U93,MXY,3,107.84172530590358,1,0,0.0,0,0,0,-9999.0,0.5,1,P4_CV0,3,1,1,1,1
5,2535011.582,720257.8531,R5_F5_m5f5_P5_Y0_UO611,R5_F5_m-1f-1_P5_Y-1_U82,R5_F5_m-1f-1_P5_Y-1_U86,MXY,3,107.84172530590358,1,0,0.0,0,0,0,-9999.0,0.75,1,P4_CV0,3,1,1,2,0
5,2535011.582,720257.8531,R5_F5_m5f5_P5_Y0_UO607,R5_F5_m-1f-1_P5_Y-1_U82,R5_F5_m-1f-1_P5_Y-1_U86,MXY,3,107.84172530590358,1,0,0.0,0,0,0,-9999.0,0.75,1,P4_CV0,3,0,2,2,0
5,2535011.582,720257.8531,R5_F5_m5f5_P5_Y0_UO767,R5_F5_m-1f-1_P5_Y-1_U6,R5_F5_m-1f-1_P5_Y-1_U64,FXX,3,107.84172530590358,1,0,1.189,0,0,0,-9999.0,0.25,1,P4_CV0,3,0,2,0,2
5,2535011.582,720257.8531,R5_F5_m5f5_P5_Y0_UO212,R5_F5_m-1f-1_P5_Y-1_U99,R5_F5_m-1f-1_P5_Y-1_U64,FXX,3,107.84172530590358,1,0,1.423,0,0,0,-9999.0,0.5,1,P4_CV0,3,1,1,1,1
5,2535011.582,720257.8531,R5_F5_m-1f-1_P5_Y-1_U44,-9999,-9999,FXX,4,116.46363185806294,1,0,2.035,0,0,0,-9999.0,0.5,1,P4_CV0,3,1,1,0,2
5,2535011.582,720257.8531,R5_F5_m-1f-1_P5_Y-1_U59,-9999,-9999,FXX,4,116.46761382168899,1,0,1.107,0,0,0,-9999.0,0.0,1,P4_CV0,3,0,2,2,0
5,2535011.582,720257.8531,R5_F5_m-1f-1_P5_Y-1_U63,-9999,-9999,MXY,4,116.46363185806294,1,0,0.0,0,0,0,-9999.0,0.5,1,P4_CV0,3,1,1,2,0
5,2535011.582,720257.8531,R5_F5_m-1f-1_P5_Y-1_U105,-9999,-9999,FXX,4,116.46363185806294,1,0,1.435,0,0,0,-9999.0,0.5,1,P4_CV0,3,1,1,2,0
5,2535011.582,720257.8531,R5_F5_m-1f-1_P5_Y-1_U113,-9999,-9999,FXX,4,116.46363185806294,1,0,1.361,0,0,0,-9999.0,0.5,1,P4_CV0,3,1,1,1,1
5,2535011.582,720257.8531,R5_F5_m-1f-1_P5_Y-1_U62,-9999,-9999,MXY,5,117.58583572216617,1,0,0.0,0,0,0,-9999.0,0.5,1,P4_CV0,3,1,1,1,1
5,2535011.582,720257.8531,R5_F5_m-1f-1_P5_Y-1_U35,-9999,-9999,FXX,5,120.56983572216615,1,0,1.0,0,0,0,-9999.0,1.0,1,P4_CV0,3,2,0,1,1
6,2545325.475,726552.0418,Age0_F6_m6f6_P6_Y3_UO161,R6_F6_m3f3_P3_Y1_UO251,R6_F6_m6f6_P6_Y1_UO302,MXY,0,31.031731687740713,0,0,0.0,0,0,0,0.0,0.5,1,P2_CV0,3,0,2,0,2
6,2545325.475,726552.0418,Age0_F6_m6f6_P6_Y3_UO479,R6_F6_m3f3_P3_Y1_UO251,R6_F6_m6f6_P6_Y1_UO517,MXY,0,31.031731687740713,0,0,0.0,0,0,0,0.0,0.75,1,P2_CV0,3,2,0,0,2
6,2545325.475,726552.0418,Age0_F6_m6f6_P6_Y3_UO128,R6_F6_m6f6_P6_Y1_UO218,R6_F6_m4f4_P4_Y1_UO453,FXX,0,31.031731687740713,0,0,0.0,0,0,0,0.0,0.75,1,P3_CV0,3,2,0,2,0
6,2545325.475,726552.0418,Age0_F6_m6f6_P6_Y3_UO368,RD6_F4_m-1f-1_P4_Y-1_U4,R6_F6_m6f6_P6_Y0_UO246,MXY,0,31.031731687740713,0,0,0.0,0,0,0,0.0,0.25,1,P3_CV0,3,0,2,1,1
6,2545325.475,726552.0418,Age0_F6_m6f6_P6_Y3_UO369,RD6_F4_m-1f-1_P4_Y-1_U4,R6_F6_m6f6_P6_Y0_UO246,MXY,0,31.031731687740713,0,0,0.0,0,0,0,0.0,0.25,1,P3_CV0,3,0,2,1,1
6,2545325.475,726552.0418,Age0_F6_m6f6_P6_Y3_UO2,R6_F6_m6f6_P6_Y1_UO218,R6_F6_m6f6_P6_Y1_UO302,MXY,0,31.031731687740713,0,0,0.0,0,0,0,0.0,0.5,1,P5_CV0,3,1,1,0,2
6,2545325.475,726552.0418,Age0_F6_m6f6_P6_Y3_UO3,R6_F6_m6f6_P6_Y1_UO218,R6_F6_m6f6_P6_Y1_UO302,MXY,0,31.031731687740713,0,0,0.0,0,0,0,0.0,0.5,1,P5_CV0,3,1,1,0,2
6,2545325.475,726552.0418,Age0_F6_m6f6_P6_Y3_UO4,R6_F6_m6f6_P6_Y1_UO218,R6_F6_m6f6_P6_Y1_UO302,FXX,0,31.031731687740713,0,0,0.0,0,0,0,0.0,0.5,1,P5_CV0,3,1,1,1,1
6,2545325.475,726552.0418,Age0_F6_m6f6_P6_Y3_UO5,R6_F6_m6f6_P6_Y1_UO218,R6_F6_m6f6_P6_Y1_UO302,FXX,0,31.031731687740713,0,0,0.0,0,0,0,0.0,0.5,1,P5_CV0,3,1,1,0,2
6,2545325.475,726552.0418,Age0_F6_m6f6_P6_Y3_UO16,R6_F6_m6f6_P6_Y1_UO274,R6_F6_m6f6_P6_Y1_UO223,MXY,0,31.031731687740713,0,0,0.0,0,0,0,0.0,0.5,1,P5_CV0,3,0,2,2,0
6,2545325.475,726552.0418,Age0_F6_m6f6_P6_Y3_UO17,R6_F6_m6f6_P6_Y1_UO274,R6_F6_m6f6_P6_Y1_UO223,FXX,0,31.031731687740713,0,0,0.0,0,0,0,0.0,0.5,1,P5_CV0,3,0,2,2,0
6,2545325.475,726552.0418,Age0_F6_m6f6_P6_Y3_UO18,R6_F6_m6f6_P6_Y1_UO274,R6_F6_m6f6_P6_Y1_UO223,FXX,0,31.031731687740713,0,0,0.0,0,0,0,0.0,0.5,1,P5_CV0,3,0,2,2,0
6,2545325.475,726552.0418,Age0_F6_m6f6_P6_Y3_UO19,R6_F6_m6f6_P6_Y1_UO274,R6_F6_m6f6_P6_Y1_UO223,FXX,0,31.031731687740713,0,0,0.0,0,0,0,0.0,0.5,1,P5_CV0,3,0,2,1,1
6,2545325.475,726552.0418,Age0_F6_m6f6_P6_Y3_UO49,R6_F6_m6f6_P6_Y0_UO621,R6_F6_m6f6_P6_Y0_UO692,MXY,0,31.031731687740713,0,0,0.0,0,0,0,0.0,0.625,1,P5_CV0,3,2,0,1,1
6,2545325.475,726552.0418,Age0_F6_m6f6_P6_Y3_UO50,R6_F6_m6f6_P6_Y0_UO621,R6_F6_m6f6_P6_Y0_UO692,FXX,0,31.031731687740713,0,0,0.0,0,0,0,0.0,0.625,1,P5_CV0,3,2,0,1,1
6,2545325.475,726552.0418,Age0_F6_m6f6_P6_Y3_UO55,R6_F6_m6f6_P6_Y1_UO444,R6_F6_m6f6_P6_Y1_UO361,MXY,0,31.031731687740713,0,0,0.0,0,0,0,0.0,0.625,1,P5_CV0,3,2,0,1,1
6,2545325.475,726552.0418,Age0_F6_m6f6_P6_Y3_UO72,R6_F6_m6f6_P6_Y0_UO313,R6_F6_m6f6_P6_Y0_UO636,MXY,0,31.031731687740713,0,0,0.0,0,0,0,0.0,0.375,1,P5_CV0,3,1,1,0,2
6,2545325.475,726552.0418,Age0_F6_m6f6_P6_Y3_UO94,R6_F6_m6f6_P6_Y1_UO357,R6_F6_m-1f-1_P6_Y-1_U106,MXY,0,31.031731687740713,0,0,0.0,0,0,0,0.0,0.5,1,P5_CV0,3,1,1,0,2
6,2545325.475,726552.0418,Age0_F6_m6f6_P6_Y3_UO95,R6_F6_m6f6_P6_Y1_UO357,R6_F6_m-1f-1_P6_Y-1_U106,FXX,0,31.031731687740713,0,0,0.0,0,0,0,0.0,0.5,1,P5_CV0,3,1,1,1,1
6,2545325.475,726552.0418,Age0_F6_m6f6_P6_Y3_UO111,R6_F6_m-1f-1_P6_Y-1_U9,R6_F6_m6f6_P6_Y1_UO450,FXX,0,31.031731687740713,0,0,0.0,0,0,0,0.0,0.125,1,P5_CV0,3,1,1,0,2
6,2545325.475,726552.0418,Age0_F6_m6f6_P6_Y3_UO112,R6_F6_m-1f-1_P6_Y-1_U9,R6_F6_m6f6_P6_Y1_UO450,MXY,0,31.031731687740713,0,0,0.0,0,0,0,0.0,0.125,1,P5_CV0,3,0,2,0,2
6,2545325.475,726552.0418,Age0_F6_m6f6_P6_Y3_UO113,R6_F6_m-1f-1_P6_Y-1_U9,R6_F6_m6f6_P6_Y1_UO450,FXX,0,31.031731687740713,0,0,0.0,0,0,0,0.0,0.125,1,P5_CV0,3,0,2,0,2
6,2545325.475,726552.0418,Age0_F6_m6f6_P6_Y3_UO114,R6_F6_m-1f-1_P6_Y-1_U9,R6_F6_m6f6_P6_Y1_UO450,FXX,0,31.031731687740713,0,0,0.0,0,0,0,0.0,0.125,1,P5_CV0,3,0,2,0,2
6,2545325.475,726552.0418,Age0_F6_m6f6_P6_Y3_UO127,R6_F6_m6f6_P6_Y1_UO218,R6_F6_m4f4_P4_Y1_UO453,MXY,0,31.031731687740713,0,0,0.0,0,0,0,0.0,0.75,1,P5_CV0,3,2,0,0,2
6,2545325.475,726552.0418,Age0_F6_m6f6_P6_Y3_UO145,R6_F6_m6f6_P6_Y0_UO696,R6_F6_m6f6_P6_Y0_UO502,FXX,0,31.031731687740713,0,0,0.0,0,0,0,0.0,0.5,1,P5_CV0,3,0,2,1,1
6,2545325.475,726552.0418,Age0_F6_m6f6_P6_Y3_UO157,R6_F6_m6f6_P6_Y0_UO313,RD6_F6_m6f6_P6_Y0_UO405,FXX,0,31.031731687740713,0,0,0.0,0,0,0,0.0,0.375,1,P5_CV0,3,1,1,2,0
6,2545325.475,726552.0418,Age0_F6_m6f6_P6_Y3_UO158,R6_F6_m6f6_P6_Y0_UO313,RD6_F6_m6f6_P6_Y0_UO405,MXY,0,31.031731687740713,0,0,0.0,0,0,0,0.0,0.375,1,P5_CV0,3,0,2,1,1
6,2545325.475,726552.0418,Age0_F6_m6f6_P6_Y3_UO159,R6_F6_m6f6_P6_Y0_UO313,RD6_F6_m6f6_P6_Y0_UO405,MXY,0,31.031731687740713,0,0,0.0,0,0,0,0.0,0.375,1,P5_CV0,3,1,1,0,2
6,2545325.475,726552.0418,Age0_F6_m6f6_P6_Y3_UO160,R6_F6_m3f3_P3_Y1_UO251,R6_F6_m6f6_P6_Y1_UO302,FXX,0,31.031731687740713,0,0,0.0,0,0,0,0.0,0.5,1,P5_CV0,3,1,1,1,1
6,2545325.475,726552.0418,Age0_F6_m6f6_P6_Y3_UO162,R6_F6_m6f6_P6_Y1_UO398,I6_F7_m-1f-1_P6_Y-1_U1,MXY,0,31.031731687740713,0,0,0.0,0,0,0,0.0,0.25,1,P5_CV0,3,1,1,1,1
6,2545325.475,726552.0418,Age0_F6_m6f6_P6_Y3_UO163,R6_F6_m6f6_P6_Y1_UO398,I6_F7_m-1f-1_P6_Y-1_U1,MXY,0,31.031731687740713,0,0,0.0,0,0,0,0.0,0.25,1,P5_CV0,3,1,1,2,0
6,2545325.475,726552.0418,Age0_F6_m6f6_P6_Y3_UO164,R6_F6_m6f6_P6_Y1_UO398,I6_F7_m-1f-1_P6_Y-1_U1,FXX,0,31.031731687740713,0,0,0.0,0,0,0,0.0,0.25,1,P5_CV0,3,1,1,2,0
6,2545325.475,726552.0418,Age0_F6_m6f6_P6_Y3_UO165,R6_F6_m6f6_P6_Y0_UO621,R6_F6_m6f6_P6_Y1_UO410,FXX,0,31.031731687740713,0,0,0.0,0,0,0,0.0,0.5,1,P5_CV0,3,1,1,1,1
6,2545325.475,726552.0418,Age0_F6_m6f6_P6_Y3_UO178,R6_F6_m-1f-1_P6_Y-1_U70,R6_F6_m6f6_P6_Y1_UO302,MXY,0,31.031731687740713,0,0,0.0,0,0,0,0.0,0.375,1,P5_CV0,3,1,1,1,1
6,2545325.475,726552.0418,Age0_F6_m6f6_P6_Y3_UO179,R6_F6_m-1f-1_P6_Y-1_U70,R6_F6_m6f6_P6_Y1_UO302,MXY,0,31.031731687740713,0,0,0.0,0,0,0,0.0,0.375,1,P5_CV0,3,0,2,1,1
6,2545325.475,726552.0418,Age0_F6_m6f6_P6_Y3_UO180,R6_F6_m-1f-1_P6_Y-1_U70,R6_F6_m6f6_P6_Y1_UO302,FXX,0,31.031731687740713,0,0,0.0,0,0,0,0.0,0.375,1,P5_CV0,3,1,1,1,1
6,2545325.475,726552.0418,Age0_F6_m6f6_P6_Y3_UO201,R6_F6_m6f6_P6_Y0_UO621,R6_F6_m6f6_P6_Y1_UO193,FXX,0,31.031731687740713,0,0,0.0,0,0,0,0.0,0.5,1,P5_CV0,3,2,0,1,1
6,2545325.475,726552.0418,Age0_F6_m6f6_P6_Y3_UO202,R6_F6_m6f6_P6_Y0_UO621,R6_F6_m6f6_P6_Y1_UO193,FXX,0,31.031731687740713,0,0,0.0,0,0,0,0.0,0.5,1,P5_CV0,3,2,0,2,0
6,2545325.475,726552.0418,Age0_F6_m6f6_P6_Y3_UO216,R6_F6_m6f6_P6_Y0_UO621,R6_F6_m-1f-1_P6_Y-1_U35,FXX,0,31.031731687740713,0,0,0.0,0,0,0,0.0,0.625,1,P5_CV0,3,1,1,1,1
6,2545325.475,726552.0418,Age0_F6_m6f6_P6_Y3_UO217,R6_F6_m6f6_P6_Y0_UO621,R6_F6_m-1f-1_P6_Y-1_U35,FXX,0,31.031731687740713,0,0,0.0,0,0,0,0.0,0.625,1,P5_CV0,3,2,0,1,1
6,2545325.475,726552.0418,Age0_F6_m6f6_P6_Y3_UO240,R6_F6_m6f6_P6_Y1_UO357,RD6_F6_m6f6_P6_Y0_UO405,FXX,0,31.031731687740713,0,0,0.0,0,0,0,0.0,0.375,1,P5_CV0,3,1,1,2,0
6,2545325.475,726552.0418,Age0_F6_m6f6_P6_Y3_UO247,R6_F6_m6f6_P6_Y0_UO678,R6_F6_m6f6_P6_Y0_UO233,MXY,0,31.031731687740713,0,0,0.0,0,0,0,0.0,0.625,1,P5_CV0,3,1,1,1,1
6,2545325.475,726552.0418,Age0_F6_m6f6_P6_Y3_UO248,R6_F6_m6f6_P6_Y0_UO678,R6_F6_m6f6_P6_Y0_UO233,MXY,0,31.031731687740713,0,0,0.0,0,0,0,0.0,0.625,1,P5_CV0,3,0,2,1,1
6,2545325.475,726552.0418,Age0_F6_m6f6_P6_Y3_UO261,R6_F6_m6f6_P6_Y0_UO313,R6_F6_m-1f-1_P6_Y-1_U89,FXX,0,31.031731687740713,0,0,0.0,0,0,0,0.0,0.75,1,P5_CV0,3,1,1,0,2
6,2545325.475,726552.0418,Age0_F6_m6f6_P6_Y3_UO262,R6_F6_m6f6_P6_Y0_UO313,R6_F6_m-1f-1_P6_Y-1_U89,FXX,0,31.031731687740713,0,0,0.0,0,0,0,0.0,0.75,1,P5_CV0,3,1,1,1,1
6,2545325.475,726552.0418,Age0_F6_m6f6_P6_Y3_UO267,R6_F6_m6f6_P6_Y1_UO387,R6_F6_m6f6_P6_Y1_UO361,MXY,0,31.031731687740713,0,0,0.0,0,0,0,0.0,0.5,1,P5_CV0,3,1,1,2,0
6,2545325.475,726552.0418,Age0_F6_m6f6_P6_Y3_UO268,R6_F6_m6f6_P6_Y1_UO387,R6_F6_m6f6_P6_Y1_UO361,FXX,0,31.031731687740713,0,0,0.0,0,0,0,0.0,0.5,1,P5_CV0,3,1,1,2,0
6,2545325.475,726552.0418,Age0_F6_m6f6_P6_Y3_UO269,R6_F6_m6f6_P6_Y1_UO387,R6_F6_m6f6_P6_Y1_UO361,FXX,0,31.031731687740713,0,0,0.0,0,0,0,0.0,0.5,1,P5_CV0,3,2,0,2,0
6,2545325.475,726552.0418,Age0_F6_m6f6_P6_Y3_UO274,R6_F6_m-1f-1_P6_Y-1_U110,R6_F6_m6f6_P6_Y1_UO176,MXY,0,31.031731687740713,0,0,0.0,0,0,0,0.0,0.5,1,P5_CV0,3,2,0,0,2
6,2545325.475,726552.0418,Age0_F6_m6f6_P6_Y3_UO275,R6_F6_m-1f-1_P6_Y-1_U110,R6_F6_m6f6_P6_Y1_UO176,MXY,0,31.031731687740713,0,0,0.0,0,0,0,0.0,0.5,1,P5_CV0,3,1,1,1,1
6,2545325.475,726552.0418,Age0_F6_m6f6_P6_Y3_UO276,R6_F6_m-1f-1_P6_Y-1_U110,R6_F6_m6f6_P6_Y1_UO176,MXY,0,31.031731687740713,0,0,0.0,0,0,0,0.0,0.5,1,P5_CV0,3,2,0,1,1
6,2545325.475,726552.0418,Age0_F6_m6f6_P6_Y3_UO277,R6_F6_m-1f-1_P6_Y-1_U110,R6_F6_m6f6_P6_Y1_UO176,MXY,0,31.031731687740713,0,0,0.0,0,0,0,0.0,0.5,1,P5_CV0,3,2,0,2,0
6,2545325.475,726552.0418,Age0_F6_m6f6_P6_Y3_UO278,R6_F6_m-1f-1_P6_Y-1_U110,R6_F6_m6f6_P6_Y1_UO176,FXX,0,31.031731687740713,0,0,0.0,0,0,0,0.0,0.5,1,P5_CV0,3,2,0,1,1
6,2545325.475,726552.0418,Age0_F6_m6f6_P6_Y3_UO295,R6_F6_m6f6_P6_Y1_UO222,R6_F6_m-1f-1_P6_Y-1_U72,MXY,0,31.031731687740713,0,0,0.0,0,0,0,0.0,0.75,1,P5_CV0,3,1,1,2,0
6,2545325.475,726552.0418,Age0_F6_m6f6_P6_Y3_UO296,R6_F6_m6f6_P6_Y1_UO222,R6_F6_m-1f-1_P6_Y-1_U72,MXY,0,31.031731687740713,0,0,0.0,0,0,0,0.0,0.75,1,P5_CV0,3,2,0,2,0
6,2545325.475,726552.0418,Age0_F6_m6f6_P6_Y3_UO297,R6_F6_m6f6_P6_Y1_UO222,R6_F6_m-1f-1_P6_Y-1_U72,FXX,0,31.031731687740713,0,0,0.0,0,0,0,0.0,0.75,1,P5_CV0,3,2,0,2,0
6,2545325.475,726552.0418,Age0_F6_m6f6_P6_Y3_UO298,R6_F6_m6f6_P6_Y1_UO222,R6_F6_m-1f-1_P6_Y-1_U72,MXY,0,31.031731687740713,0,0,0.0,0,0,0,0.0,0.75,1,P5_CV0,3,2,0,2,0
6,2545325.475,726552.0418,Age0_F6_m6f6_P6_Y3_UO307,R6_F6_m6f6_P6_Y0_UO695,R6_F6_m6f6_P6_Y1_UO176,MXY,0,31.031731687740713,0,0,0.0,0,0,0,0.0,0.25,1,P5_CV0,3,1,1,1,1
6,2545325.475,726552.0418,Age0_F6_m6f6_P6_Y3_UO308,R6_F6_m6f6_P6_Y0_UO695,R6_F6_m6f6_P6_Y1_UO176,FXX,0,31.031731687740713,0,0,0.0,0,0,0,0.0,0.25,1,P5_CV0,3,2,0,1,1
6,2545325.475,726552.0418,Age0_F6_m6f6_P6_Y3_UO338,R6_F6_m6f6_P6_Y1_UO412,R6_F6_m6f6_P6_Y1_UO98,MXY,0,31.031731687740713,0,0,0.0,0,0,0,0.0,0.375,1,P5_CV0,3,2,0,1,1
6,2545325.475,726552.0418,Age0_F6_m6f6_P6_Y3_UO339,R6_F6_m6f6_P6_Y1_UO412,R6_F6_m6f6_P6_Y1_UO98,FXX,0,31.031731687740713,0,0,0.0,0,0,0,0.0,0.375,1,P5_CV0,3,2,0,2,0
6,2545325.475,726552.0418,Age0_F6_m6f6_P6_Y3_UO362,R6_F6_m-1f-1_P6_Y-1_U9,R6_F6_m6f6_P6_Y0_UO48,MXY,0,31.031731687740713,0,0,0.0,0,0,0,0.0,0.125,1,P5_CV0,3,1,1,1,1
6,2545325.475,726552.0418,Age0_F6_m6f6_P6_Y3_UO363,R6_F6_m-1f-1_P6_Y-1_U9,R6_F6_m6f6_P6_Y0_UO48,FXX,0,31.031731687740713,0,0,0.0,0,0,0,0.0,0.125,1,P5_CV0,3,1,1,0,2
6,2545325.475,726552.0418,Age0_F6_m6f6_P6_Y3_UO364,R6_F6_m-1f-1_P6_Y-1_U9,R6_F6_m6f6_P6_Y0_UO48,MXY,0,31.031731687740713,0,0,0.0,0,0,0,0.0,0.125,1,P5_CV0,3,1,1,0,2
6,2545325.475,726552.0418,Age0_F6_m6f6_P6_Y3_UO365,R6_F6_m-1f-1_P6_Y-1_U9,R6_F6_m6f6_P6_Y0_UO48,FXX,0,31.031731687740713,0,0,0.0,0,0,0,0.0,0.125,1,P5_CV0,3,1,1,0,2
6,2545325.475,726552.0418,Age0_F6_m6f6_P6_Y3_UO366,RD6_F4_m-1f-1_P4_Y-1_U4,R6_F6_m6f6_P6_Y0_UO246,MXY,0,31.031731687740713,0,0,0.0,0,0,0,0.0,0.25,1,P5_CV0,3,0,2,1,1
6,2545325.475,726552.0418,Age0_F6_m6f6_P6_Y3_UO367,RD6_F4_m-1f-1_P4_Y-1_U4,R6_F6_m6f6_P6_Y0_UO246,FXX,0,31.031731687740713,0,0,0.0,0,0,0,0.0,0.25,1,P5_CV0,3,0,2,1,1
6,2545325.475,726552.0418,Age0_F6_m6f6_P6_Y3_UO370,RD6_F4_m-1f-1_P4_Y-1_U4,R6_F6_m6f6_P6_Y0_UO246,FXX,0,31.031731687740713,0,0,0.0,0,0,0,0.0,0.25,1,P5_CV0,3,0,2,1,1
6,2545325.475,726552.0418,Age0_F6_m6f6_P6_Y3_UO389,R6_F6_m6f6_P6_Y0_UO238,R6_F6_m-1f-1_P6_Y-1_U26,FXX,0,31.031731687740713,0,0,0.0,0,0,0,0.0,0.25,1,P5_CV0,3,1,1,1,1
6,2545325.475,726552.0418,Age0_F6_m6f6_P6_Y3_UO390,R6_F6_m6f6_P6_Y0_UO238,R6_F6_m-1f-1_P6_Y-1_U26,MXY,0,31.031731687740713,0,0,0.0,0,0,0,0.0,0.25,1,P5_CV0,3,1,1,1,1
6,2545325.475,726552.0418,Age0_F6_m6f6_P6_Y3_UO436,R6_F6_m6f6_P6_Y0_UO621,R6_F6_m6f6_P6_Y0_UO46,FXX,0,31.031731687740713,0,0,0.0,0,0,0,0.0,0.5,1,P5_CV0,3,2,0,1,1
6,2545325.475,726552.0418,Age0_F6_m6f6_P6_Y3_UO437,R6_F6_m6f6_P6_Y0_UO621,R6_F6_m6f6_P6_Y0_UO46,MXY,0,31.031731687740713,0,0,0.0,0,0,0,0.0,0.5,1,P5_CV0,3,2,0,1,1
6,2545325.475,726552.0418,Age0_F6_m6f6_P6_Y3_UO438,R6_F6_m6f6_P6_Y0_UO621,R6_F6_m6f6_P6_Y0_UO46,MXY,0,31.031731687740713,0,0,0.0,0,0,0,0.0,0.5,1,P5_CV0,3,2,0,1,1
6,2545325.475,726552.0418,Age0_F6_m6f6_P6_Y3_UO439,R6_F6_m6f6_P6_Y0_UO621,R6_F6_m6f6_P6_Y0_UO46,MXY,0,31.031731687740713,0,0,0.0,0,0,0,0.0,0.5,1,P5_CV0,3,2,0,0,2
6,2545325.475,726552.0418,Age0_F6_m6f6_P6_Y3_UO440,R6_F6_m6f6_P6_Y0_UO621,R6_F6_m6f6_P6_Y0_UO46,FXX,0,31.031731687740713,0,0,0.0,0,0,0,0.0,0.5,1,P5_CV0,3,2,0,2,0
6,2545325.475,726552.0418,Age0_F6_m6f6_P6_Y3_UO448,R6_F6_m6f6_P6_Y1_UO502,R6_F6_m6f6_P6_Y1_UO283,MXY,0,31.031731687740713,0,0,0.0,0,0,0,0.0,1.0,1,P5_CV0,3,2,0,1,1
6,2545325.475,726552.0418,Age0_F6_m6f6_P6_Y3_UO449,R6_F6_m6f6_P6_Y1_UO502,R6_F6_m6f6_P6_Y1_UO283,FXX,0,31.031731687740713,0,0,0.0,0,0,0,0.0,1.0,1,P5_CV0,3,2,0,1,1
6,2545325.475,726552.0418,Age0_F6_m6f6_P6_Y3_UO450,R6_F6_m6f6_P6_Y1_UO502,R6_F6_m6f6_P6_Y1_UO283,FXX,0,31.031731687740713,0,0,0.0,0,0,0,0.0,1.0,1,P5_CV0,3,2,0,1,1
6,2545325.475,726552.0418,Age0_F6_m6f6_P6_Y3_UO452,R6_F6_m6f6_P6_Y0_UO623,R6_F6_m-1f-1_P6_Y-1_U66,FXX,0,31.031731687740713,0,0,0.0,0,0,0,0.0,0.875,1,P5_CV0,3,2,0,1,1
6,2545325.475,726552.0418,Age0_F6_m6f6_P6_Y3_UO453,R6_F6_m6f6_P6_Y0_UO623,R6_F6_m-1f-1_P6_Y-1_U66,MXY,0,31.031731687740713,0,0,0.0,0,0,0,0.0,0.875,1,P5_CV0,3,2,0,1,1
6,2545325.475,726552.0418,Age0_F6_m6f6_P6_Y3_UO454,R6_F6_m6f6_P6_Y0_UO623,R6_F6_m-1f-1_P6_Y-1_U66,FXX,0,31.031731687740713,0,0,0.0,0,0,0,0.0,0.875,1,P5_CV0,3,2,0,2,0
6,2545325.475,726552.0418,Age0_F6_m6f6_P6_Y3_UO480,R6_F6_m3f3_P3_Y1_UO251,R6_F6_m6f6_P6_Y1_UO517,FXX,0,31.031731687740713,0,0,0.0,0,0,0,0.0,0.75,1,P5_CV0,3,1,1,0,2
6,2545325.475,726552.0418,Age0_F6_m6f6_P6_Y3_UO516,R6_F6_m6f6_P6_Y1_UO398,R6_F6_m-1f-1_P6_Y-1_U26,FXX,0,31.031731687740713,0,0,0.0,0,0,0,0.0,0.25,1,P5_CV0,3,1,1,1,1
6,2545325.475,726552.0418,Age0_F6_m6f6_P6_Y3_UO517,R6_F6_m6f6_P6_Y1_UO398,R6_F6_m-1f-1_P6_Y-1_U26,FXX,0,31.031731687740713,0,0,0.0,0,0,0,0.0,0.25,1,P5_CV0,3,1,1,1,1
6,2545325.475,726552.0418,Age0_F6_m6f6_P6_Y3_UO518,R6_F6_m6f6_P6_Y1_UO398,R6_F6_m-1f-1_P6_Y-1_U26,FXX,0,31.031731687740713,0,0,0.0,0,0,0,0.0,0.25,1,P5_CV0,3,1,1,1,1
6,2545325.475,726552.0418,Age0_F6_m6f6_P6_Y3_UO547,R6_F6_m6f6_P6_Y1_UO218,R6_F6_m6f6_P6_Y1_UO98,FXX,0,31.031731687740713,0,0,0.0,0,0,0,0.0,0.625,1,P5_CV0,3,2,0,1,1
6,2545325.475,726552.0418,Age0_F6_m6f6_P6_Y3_UO548,R6_F6_m6f6_P6_Y1_UO218,R6_F6_m6f6_P6_Y1_UO98,MXY,0,31.031731687740713,0,0,0.0,0,0,0,0.0,0.625,1,P5_CV0,3,2,0,1,1
6,2545325.475,726552.0418,Age0_F6_m6f6_P6_Y3_UO559,R6_F6_m6f6_P6_Y0_UO695,R6_F6_m6f6_P6_Y0_UO692,FXX,0,31.031731687740713,0,0,0.0,0,0,0,0.0,0.5,1,P5_CV0,3,1,1,1,1
6,2545325.475,726552.0418,Age0_F6_m6f6_P6_Y3_UO560,R6_F6_m6f6_P6_Y0_UO695,R6_F6_m6f6_P6_Y0_UO692,FXX,0,31.031731687740713,0,0,0.0,0,0,0,0.0,0.5,1,P5_CV0,3,2,0,1,1
6,2545325.475,726552.0418,Age0_F6_m6f6_P6_Y3_UO566,R6_F6_m6f6_P6_Y1_UO301,R6_F6_m-1f-1_P6_Y-1_U26,MXY,0,31.031731687740713,0,0,0.0,0,0,0,0.0,0.25,1,P5_CV0,3,0,2,0,2
6,2545325.475,726552.0418,Age0_F6_m6f6_P6_Y3_UO567,R6_F6_m6f6_P6_Y1_UO301,R6_F6_m-1f-1_P6_Y-1_U26,MXY,0,31.031731687740713,0,0,0.0,0,0,0,0.0,0.25,1,P5_CV0,3,0,2,0,2
6,2545325.475,726552.0418,Age0_F6_m6f6_P6_Y3_UO571,R6_F6_m6f6_P6_Y0_UO499,R6_F6_m6f6_P6_Y0_UO48,FXX,0,31.031731687740713,0,0,0.0,0,0,0,0.0,0.375,1,P5_CV0,3,1,1,2,0
6,2545325.475,726552.0418,Age0_F6_m6f6_P6_Y3_UO572,R6_F6_m6f6_P6_Y0_UO499,R6_F6_m6f6_P6_Y0_UO48,MXY,0,31.031731687740713,0,0,0.0,0,0,0,0.0,0.375,1,P5_CV0,3,2,0,2,0
6,2545325.475,726552.0418,Age0_F6_m6f6_P6_Y3_UO575,R6_F6_m6f6_P6_Y0_UO700,R6_F6_m6f6_P6_Y1_UO449,MXY,0,31.031731687740713,0,0,0.0,0,0,0,0.0,0.375,1,P5_CV0,3,1,1,2,0
6,2545325.475,726552.0418,Age0_F6_m6f6_P6_Y3_UO576,R6_F6_m6f6_P6_Y0_UO700,R6_F6_m6f6_P6_Y1_UO449,MXY,0,31.031731687740713,0,0,0.0,0,0,0,0.0,0.375,1,P5_CV0,3,1,1,2,0
6,2545325.475,726552.0418,R6_F6_m6f6_P6_Y2_UO370,R6_F6_m6f6_P6_Y0_UO643,R6_F6_m-1f-1_P6_Y-1_U53,FXX,1,59.67616437892398,1,1,1.675,0,0,0,-9999.0,0.625,1,P5_CV0,3,2,0,1,1
6,2545325.475,726552.0418,R6_F6_m6f6_P6_Y2_UO599,R6_F6_m-1f-1_P6_Y-1_U124,R6_F6_m6f6_P6_Y0_UO635,MXY,1,59.67616437892398,1,1,0.0,0,0,0,-9999.0,0.375,1,P5_CV0,3,1,1,2,0
6,2545325.475,726552.0418,R6_F6_m6f6_P6_Y2_UO167,R6_F6_m-1f-1_P6_Y-1_U9,R6_F6_m-1f-1_P6_Y-1_U53,FXX,1,59.67616437892398,1,1,1.614,0,0,0,-9999.0,0.5,1,P5_CV0,3,1,1,0,2
6,2545325.475,726552.0418,R6_F6_m6f6_P6_Y2_UO598,R6_F6_m-1f-1_P6_Y-1_U124,R6_F6_m6f6_P6_Y0_UO635,FXX,1,59.67616437892398,1,1,1.909,0,0,0,-9999.0,0.375,1,P5_CV0,3,0,2,2,0
6,2545325.475,726552.0418,R6_F6_m6f6_P6_Y2_UO493,I6_F7_m-1f-1_P6_Y-1_U80,R6_F6_m-1f-1_P6_Y-1_U1,MXY,1,59.67616437892398,1,1,0.0,0,0,0,-9999.0,0.5,1,P5_CV0,3,1,1,1,1
6,2545325.475,726552.0418,R6_F6_m6f6_P6_Y2_UO492,I6_F7_m-1f-1_P6_Y-1_U80,R6_F6_m-1f-1_P6_Y-1_U1,MXY,1,59.67616437892398,1,1,0.0,0,0,0,-9999.0,0.5,1,P5_CV0,3,1,1,0,2
6,2545325.475,726552.0418,R6_F6_m6f6_P6_Y2_UO490,I6_F7_m-1f-1_P6_Y-1_U80,R6_F6_m-1f-1_P6_Y-1_U1,FXX,1,59.67616437892398,1,1,0.0,0,0,0,-9999.0,0.5,1,P5_CV0,3,1,1,0,2
6,2545325.475,726552.0418,R6_F6_m6f6_P6_Y2_UO27,R6_F6_m6f6_P6_Y0_UO630,R6_F6_m-1f-1_P6_Y-1_U53,FXX,1,59.67616437892398,1,1,1.235,0,0,0,-9999.0,0.625,1,P5_CV0,3,2,0,1,1
6,2545325.475,726552.0418,R6_F6_m6f6_P6_Y2_UO409,R6_F6_m6f6_P6_Y0_UO450,R6_F6_m-1f-1_P6_Y-1_U106,FXX,1,59.67616437892398,1,1,0.0,0,0,0,-9999.0,0.25,1,P5_CV0,3,1,1,1,1
6,2545325.475,726552.0418,R6_F6_m6f6_P6_Y2_UO416,R6_F6_m-1f-1_P6_Y-1_U9,R6_F6_m-1f-1_P6_Y-1_U106,MXY,1,59.67616437892398,1,1,0.0,0,0,0,-9999.0,0.25,1,P5_CV0,3,0,2,1,1
6,2545325.475,726552.0418,R6_F6_m6f6_P6_Y2_UO166,R6_F6_m-1f-1_P6_Y-1_U9,R6_F6_m-1f-1_P6_Y-1_U53,MXY,1,59.67616437892398,1,1,0.0,0,0,0,-9999.0,0.5,1,P5_CV0,3,1,1,0,2
6,2545325.475,726552.0418,R6_F6_m6f6_P6_Y2_UO364,R6_F6_m6f6_P6_Y0_UO643,R6_F6_m-1f-1_P6_Y-1_U53,FXX,1,59.67616437892398,1,1,2.29,0,0,0,-9999.0,0.625,1,P5_CV0,3,1,1,1,1
6,2545325.475,726552.0418,R6_F6_m6f6_P6_Y2_UO165,R6_F6_m-1f-1_P6_Y-1_U9,R6_F6_m-1f-1_P6_Y-1_U53,MXY,1,59.67616437892398,1,1,0.0,0,0,0,-9999.0,0.5,1,P5_CV0,3,1,1,1,1
6,2545325.475,726552.0418,R6_F6_m6f6_P6_Y2_UO501,I6_F7_m-1f-1_P6_Y-1_U80,R6_F6_m-1f-1_P6_Y-1_U1,MXY,1,59.67616437892398,1,1,0.0,0,0,0,-9999.0,0.5,1,P5_CV0,3,1,1,1,1
6,2545325.475,726552.0418,R6_F6_m6f6_P6_Y2_UO371,R6_F6_m6f6_P6_Y0_UO643,R6_F6_m-1f-1_P6_Y-1_U53,FXX,1,59.67616437892398,1,1,1.437,0,0,0,-9999.0,0.625,1,P5_CV0,3,1,1,1,1
6,2545325.475,726552.0418,R6_F6_m6f6_P6_Y2_UO15,R6_F6_m-1f-1_P6_Y-1_U110,R6_F6_m6f6_P6_Y0_UO706,MXY,1,59.67616437892398,1,1,0.0,0,0,0,-9999.0,0.875,1,P5_CV0,3,2,0,1,1
6,2545325.475,726552.0418,R6_F6_m6f6_P6_Y2_UO417,R6_F6_m-1f-1_P6_Y-1_U9,R6_F6_m-1f-1_P6_Y-1_U106,FXX,1,59.67616437892398,1,1,2.878,0,0,0,-9999.0,0.25,1,P5_CV0,3,1,1,0,2
6,2545325.475,726552.0418,R6_F6_m6f6_P6_Y2_UO415,R6_F6_m-1f-1_P6_Y-1_U9,R6_F6_m-1f-1_P6_Y-1_U106,MXY,1,59.67616437892398,1,1,0.0,0,0,0,-9999.0,0.25,1,P5_CV0,3,1,1,1,1
6,2545325.475,726552.0418,R6_F6_m6f6_P6_Y2_UO600,R6_F6_m-1f-1_P6_Y-1_U124,R6_F6_m6f6_P6_Y0_UO635,MXY,1,59.67616437892398,1,1,0.0,0,0,0,-9999.0,0.375,1,P5_CV0,3,1,1,2,0
6,2545325.475,726552.0418,R6_F6_m6f6_P6_Y2_UO603,R6_F6_m-1f-1_P6_Y-1_U124,R6_F6_m6f6_P6_Y0_UO635,MXY,1,59.67616437892398,1,1,0.0,0,0,0,-9999.0,0.375,1,P5_CV0,3,1,1,2,0
6,2545325.475,726552.0418,R6_F6_m6f6_P6_Y2_UO124,I6_F7_m-1f-1_P6_Y-1_U80,R6_F6_m-1f-1_P6_Y-1_U35,MXY,1,59.67616437892398,1,1,0.0,0,0,0,-9999.0,0.75,1,P5_CV0,3,2,0,1,1
6,2545325.475,726552.0418,R6_F6_m6f6_P6_Y2_UO168,R6_F6_m-1f-1_P6_Y-1_U9,R6_F6_m-1f-1_P6_Y-1_U53,FXX,1,59.67616437892398,1,1,1.111,0,0,0,-9999.0,0.5,1,P5_CV0,3,1,1,0,2
6,2545325.475,726552.0418,R6_F6_m6f6_P6_Y2_UO366,R6_F6_m6f6_P6_Y0_UO643,R6_F6_m-1f-1_P6_Y-1_U53,MXY,1,59.67616437892398,1,1,0.0,0,0,0,-9999.0,0.625,1,P5_CV0,3,2,0,1,1
6,2545325.475,726552.0418,R6_F6_m6f6_P6_Y2_UO28,R6_F6_m6f6_P6_Y0_UO630,R6_F6_m-1f-1_P6_Y-1_U53,MXY,1,59.67616437892398,1,1,0.0,0,0,0,-9999.0,0.625,1,P5_CV0,3,1,1,1,1
6,2545325.475,726552.0418,R6_F6_m6f6_P6_Y2_UO73,R6_F6_m6f6_P6_Y0_UO450,R6_F6_m6f6_P6_Y0_UO701,FXX,1,59.67616437892398,1,1,0.0,0,0,0,-9999.0,0.25,1,P5_CV0,3,1,1,1,1
6,2545325.475,726552.0418,R6_F6_m6f6_P6_Y2_UO267,R6_F6_m6f6_P6_Y0_UO695,R6_F6_m6f6_P6_Y0_UO635,MXY,1,59.67616437892398,1,1,0.0,0,0,0,-9999.0,0.375,1,P5_CV0,3,1,1,1,1
6,2545325.475,726552.0418,R6_F6_m6f6_P6_Y2_UO16,R6_F6_m-1f-1_P6_Y-1_U110,R6_F6_m6f6_P6_Y0_UO706,MXY,1,59.67616437892398,1,1,0.0,0,0,0,-9999.0,0.875,1,P5_CV0,3,2,0,2,0
6,2545325.475,726552.0418,R6_F6_m6f6_P6_Y2_UO14,R6_F6_m-1f-1_P6_Y-1_U110,R6_F6_m6f6_P6_Y0_UO706,MXY,1,59.67616437892398,1,1,0.0,0,0,0,-9999.0,0.875,1,P5_CV0,3,2,0,2,0
6,2545325.475,726552.0418,R6_F6_m6f6_P6_Y2_UO123,I6_F7_m-1f-1_P6_Y-1_U80,R6_F6_m-1f-1_P6_Y-1_U35,FXX,1,59.67616437892398,1,1,0.0,0,0,0,-9999.0,0.75,1,P5_CV0,3,1,1,1,1
6,2545325.475,726552.0418,R6_F6_m6f6_P6_Y2_UO426,R6_F6_m6f6_P6_Y0_UO630,R6_F6_m6f6_P6_Y0_UO772,FXX,1,59.67616437892398,1,1,2.804,0,0,0,-9999.0,0.25,1,P5_CV0,3,1,1,1,1
6,2545325.475,726552.0418,R6_F6_m6f6_P6_Y2_UO169,R6_F6_m-1f-1_P6_Y-1_U9,R6_F6_m-1f-1_P6_Y-1_U53,MXY,1,59.67616437892398,1,1,0.0,0,0,0,-9999.0,0.5,1,P5_CV0,3,1,1,0,2
6,2545325.475,726552.0418,R6_F6_m6f6_P6_Y2_UO502,I6_F7_m-1f-1_P6_Y-1_U80,R6_F6_m-1f-1_P6_Y-1_U1,MXY,1,59.67616437892398,1,1,0.0,0,0,0,-9999.0,0.5,1,P5_CV0,3,1,1,1,1
6,2545325.475,726552.0418,R6_F6_m6f6_P6_Y2_UO333,R6_F6_m6f6_P6_Y0_UO621,R6_F6_m6f6_P6_Y0_UO8,MXY,1,59.67616437892398,1,1,0.0,0,0,0,-9999.0,0.625,1,P5_CV0,3,2,0,0,2
6,2545325.475,726552.0418,R6_F6_m6f6_P6_Y2_UO595,R6_F6_m-1f-1_P6_Y-1_U124,R6_F6_m6f6_P6_Y0_UO635,FXX,1,59.67616437892398,1,1,0.0,0,0,0,-9999.0,0.375,1,P5_CV0,3,1,1,2,0
6,2545325.475,726552.0418,R6_F6_m6f6_P6_Y2_UO335,R6_F6_m6f6_P6_Y0_UO621,R6_F6_m6f6_P6_Y0_UO8,FXX,1,59.67616437892398,1,1,0.0,0,0,0,-9999.0,0.625,1,P5_CV0,3,2,0,0,2
6,2545325.475,726552.0418,R6_F6_m6f6_P6_Y2_UO563,R6_F6_m6f6_P6_Y0_UO678,R6_F6_m-1f-1_P6_Y-1_U72,MXY,1,59.67616437892398,1,1,0.0,0,0,0,-9999.0,0.875,1,P5_CV0,3,1,1,2,0
6,2545325.475,726552.0418,R6_F6_m6f6_P6_Y2_UO25,R6_F6_m6f6_P6_Y0_UO630,R6_F6_m-1f-1_P6_Y-1_U53,MXY,1,59.67616437892398,1,1,0.0,0,0,0,-9999.0,0.625,1,P5_CV0,3,1,1,2,0
6,2545325.475,726552.0418,R6_F6_m6f6_P6_Y2_UO430,R6_F6_m6f6_P6_Y0_UO630,R6_F6_m6f6_P6_Y0_UO772,FXX,1,59.67616437892398,1,1,1.615,0,0,0,-9999.0,0.25,1,P5_CV0,3,2,0,1,1
6,2545325.475,726552.0418,R6_F6_m6f6_P6_Y2_UO29,R6_F6_m6f6_P6_Y0_UO630,R6_F6_m-1f-1_P6_Y-1_U53,MXY,1,59.67616437892398,1,1,0.0,0,0,0,-9999.0,0.625,1,P5_CV0,3,2,0,2,0
6,2545325.475,726552.0418,R6_F6_m6f6_P6_Y2_UO602,R6_F6_m-1f-1_P6_Y-1_U124,R6_F6_m6f6_P6_Y0_UO635,FXX,1,59.67616437892398,1,1,0.0,0,0,0,-9999.0,0.375,1,P5_CV0,3,0,2,2,0
6,2545325.475,726552.0418,R6_F6_m6f6_P6_Y2_UO13,R6_F6_m-1f-1_P6_Y-1_U110,R6_F6_m6f6_P6_Y0_UO706,MXY,1,59.67616437892398,1,1,0.0,0,0,0,-9999.0,0.875,1,P5_CV0,3,2,0,2,0
6,2545325.475,726552.0418,R6_F6_m6f6_P6_Y2_UO428,R6_F6_m6f6_P6_Y0_UO630,R6_F6_m6f6_P6_Y0_UO772,FXX,1,59.67616437892398,1,1,1.0,0,0,0,-9999.0,0.25,1,P5_CV0,3,0,2,1,1
6,2545325.475,726552.0418,R6_F6_m6f6_P6_Y2_UO26,R6_F6_m6f6_P6_Y0_UO630,R6_F6_m-1f-1_P6_Y-1_U53,FXX,1,59.67616437892398,1,1,0.0,0,0,0,-9999.0,0.625,1,P5_CV0,3,1,1,2,0
6,2545325.475,726552.0418,R6_F6_m6f6_P6_Y2_UO431,R6_F6_m6f6_P6_Y0_UO630,R6_F6_m6f6_P6_Y0_UO772,MXY,1,59.67616437892398,1,1,0.0,0,0,0,-9999.0,0.25,1,P5_CV0,3,2,0,1,1
6,2545325.475,726552.0418,R6_F6_m6f6_P6_Y2_UO50,I6_F7_m6f6_P6_Y0_UO623,R6_F6_m-1f-1_P6_Y-1_U79,FXX,1,59.67616437892398,1,1,0.0,0,0,0,-9999.0,0.875,1,P5_CV0,3,2,0,2,0
6,2545325.475,726552.0418,R6_F6_m6f6_P6_Y1_UO222,R6_F6_m-1f-1_P6_Y-1_U64,R6_F6_m-1f-1_P6_Y-1_U59,FXX,2,85.99872763761772,1,0,1.2,0,0,0,-9999.0,0.5,1,P5_CV0,3,1,1,2,0
6,2545325.475,726552.0418,R6_F6_m6f6_P6_Y1_UO97,R6_F6_m-1f-1_P6_Y-1_U0,R6_F6_m-1f-1_P6_Y-1_U43,MXY,2,85.99872763761772,1,0,0.0,0,0,0,-9999.0,0.5,1,P5_CV0,3,0,2,2,0
6,2545325.475,726552.0418,R6_F6_m6f6_P6_Y1_UO502,R6_F6_m-1f-1_P6_Y-1_U36,R6_F6_m-1f-1_P6_Y-1_U71,FXX,2,85.99872763761772,1,0,0.0,0,0,0,-9999.0,1.0,1,P5_CV0,3,1,1,1,1
6,2545325.475,726552.0418,R6_F6_m6f6_P6_Y1_UO355,I6_F7_m-1f-1_P6_Y-1_U107,R6_F6_m-1f-1_P6_Y-1_U105,FXX,2,85.99872763761772,1,0,1.0,0,0,0,-9999.0,0.5,1,P5_CV0,3,1,1,0,2
6,2545325.475,726552.0418,R6_F6_m6f6_P6_Y1_UO217,R6_F6_m-1f-1_P6_Y-1_U80,R6_F6_m-1f-1_P6_Y-1_U105,MXY,2,85.99872763761772,1,0,0.0,0,0,0,-9999.0,0.75,1,P5_CV0,3,1,1,1,1
6,2545325.475,726552.0418,R6_F6_m6f6_P6_Y1_UO434,R6_F6_m-1f-1_P6_Y-1_U127,R6_F6_m-1f-1_P6_Y-1_U68,MXY,2,85.99872763761772,1,0,0.0,0,0,0,-9999.0,0.25,1,P5_CV0,3,0,2,0,2
6,2545325.475,726552.0418,R6_F6_m6f6_P6_Y1_UO274,R6_F6_m-1f-1_P6_Y-1_U101,R6_F6_m-1f-1_P6_Y-1_U118,FXX,2,85.99872763761772,1,0,0.0,0,0,0,-9999.0,0.5,1,P5_CV0,3,0,2,1,1
6,2545325.475,726552.0418,R6_F6_m6f6_P6_Y1_UO184,R6_F6_m-1f-1_P6_Y-1_U54,R6_F6_m-1f-1_P6_Y-1_U59,FXX,2,85.99872763761772,1,0,1.0,0,0,0,-9999.0,0.25,1,P5_CV0,3,1,1,2,0
6,2545325.475,726552.0418,R6_F6_m6f6_P6_Y1_UO433,R6_F6_m-1f-1_P6_Y-1_U127,R6_F6_m-1f-1_P6_Y-1_U68,FXX,2,85.99872763761772,1,0,2.86,0,0,0,-9999.0,0.25,1,P5_CV0,3,1,1,1,1
6,2545325.475,726552.0418,R6_F6_m6f6_P6_Y1_UO74,R6_F6_m-1f-1_P6_Y-1_U45,R6_F6_m-1f-1_P6_Y-1_U119,FXX,2,85.99872763761772,1,0,1.591,0,0,0,-9999.0,0.5,1,P5_CV0,3,1,1,0,2
6,2545325.475,726552.0418,R6_F6_m6f6_P6_Y1_UO435,R6_F6_m-1f-1_P6_Y-1_U127,R6_F6_m-1f-1_P6_Y-1_U68,MXY,2,85.99872763761772,1,0,0.0,0,0,0,-9999.0,0.25,1,P5_CV0,3,0,2,1,1
6,2545325.475,726552.0418,R6_F6_m6f6_P6_Y1_UO95,R6_F6_m-1f-1_P6_Y-1_U0,R6_F6_m-1f-1_P6_Y-1_U43,MXY,2,85.99872763761772,1,0,0.0,0,0,0,-9999.0,0.5,1,P5_CV0,3,2,0,1,1
6,2545325.475,726552.0418,R6_F6_m6f6_P6_Y1_UO449,R6_F6_m-1f-1_P6_Y-1_U101,R6_F6_m-1f-1_P6_Y-1_U14,MXY,2,85.99872763761772,1,0,0.0,0,0,0,-9999.0,0.25,1,P5_CV0,3,0,2,1,1
6,2545325.475,726552.0418,R6_F6_m6f6_P6_Y1_UO412,R6_F6_m-1f-1_P6_Y-1_U64,R6_F6_m-1f-1_P6_Y-1_U21,FXX,2,85.99872763761772,1,0,1.0,0,0,0,-9999.0,0.25,1,P5_CV0,3,2,0,2,0
6,2545325.475,726552.0418,R6_F6_m6f6_P6_Y1_UO59,R6_F6_m-1f-1_P6_Y-1_U80,R6_F6_m-1f-1_P6_Y-1_U23,MXY,2,85.99872763761772,1,0,0.0,0,0,0,-9999.0,0.75,1,P5_CV0,3,2,0,0,2
6,2545325.475,726552.0418,R6_F6_m6f6_P6_Y1_UO176,R6_F6_m-1f-1_P6_Y-1_U65,R6_F6_m-1f-1_P6_Y-1_U77,MXY,2,85.99872763761772,1,0,0.0,0,0,0,-9999.0,0.0,1,P5_CV0,3,1,1,1,1
6,2545325.475,726552.0418,R6_F6_m6f6_P6_Y1_UO58,R6_F6_m-1f-1_P6_Y-1_U80,R6_F6_m-1f-1_P6_Y-1_U23,FXX,2,85.99872763761772,1,0,2.625,0,0,0,-9999.0,0.75,1,P5_CV0,3,1,1,1,1
6,2545325.475,726552.0418,R6_F6_m6f6_P6_Y1_UO413,R6_F6_m-1f-1_P6_Y-1_U64,R6_F6_m-1f-1_P6_Y-1_U21,FXX,2,85.99872763761772,1,0,1.258,0,0,0,-9999.0,0.25,1,P5_CV0,3,1,1,2,0
6,2545325.475,726552.0418,R6_F6_m6f6_P6_Y0_UO695,R6_F6_m-1f-1_P6_Y-1_U114,R6_F6_m-1f-1_P6_Y-1_U89,FXX,3,107.16438449837815,1,0,0.0,0,0,0,-9999.0,0.5,1,P5_CV0,3,1,1,0,2
6,2545325.475,726552.0418,R6_F6_m6f6_P6_Y0_UO706,R6_F6_m-1f-1_P6_Y-1_U124,R6_F6_m-1f-1_P6_Y-1_U103,MXY,3,107.16438449837815,1,0,0.0,0,0,0,-9999.0,0.75,1,P5_CV0,3,2,0,1,1
6,2545325.475,726552.0418,R6_F6_m6f6_P6_Y0_UO635,R6_F6_m-1f-1_P6_Y-1_U117,R6_F6_m-1f-1_P6_Y-1_U60,MXY,3,107.16438449837815,1,0,0.0,0,0,0,-9999.0,0.25,1,P5_CV0,3,0,2,2,0
6,2545325.475,726552.0418,R6_F6_m6f6_P6_Y0_UO46,R6_F6_m-1f-1_P6_Y-1_U114,R6_F6_m-1f-1_P6_Y-1_U15,MXY,3,107.16438449837815,1,0,0.0,0,0,0,-9999.0,0.25,1,P5_CV0,3,2,0,1,1
6,2545325.475,726552.0418,R6_F6_m6f6_P6_Y0_UO769,R6_F6_m-1f-1_P6_Y-1_U114,R6_F6_m-1f-1_P6_Y-1_U60,FXX,3,107.16438449837815,1,0,0.0,0,0,0,-9999.0,0.25,1,P5_CV0,3,1,1,0,2
6,2545325.475,726552.0418,R6_F6_m6f6_P6_Y0_UO636,R6_F6_m-1f-1_P6_Y-1_U117,R6_F6_m-1f-1_P6_Y-1_U60,MXY,3,107.16438449837815,1,0,0.0,0,0,0,-9999.0,0.25,1,P5_CV0,3,1,1,0,2
6,2545325.475,726552.0418,R6_F6_m-1f-1_P6_Y-1_U1,-9999,-9999,MXY,4,126.07225159957099,1,0,0.0,0,0,0,-9999.0,0.0,1,P5_CV0,3,0,2,1,1
6,2545325.475,726552.0418,R6_F6_m-1f-1_P6_Y-1_U66,-9999,-9999,MXY,4,126.06483422723545,1,0,0.0,0,0,0,-9999.0,1.0,1,P5_CV0,3,2,0,1,1
6,2545325.475,726552.0418,R6_F6_m-1f-1_P6_Y-1_U110,-9999,-9999,FXX,4,126.06483422723545,1,0,0.0,0,0,0,-9999.0,1.0,1,P5_CV0,3,2,0,1,1
6,2545325.475,726552.0418,R6_F6_m-1f-1_P6_Y-1_U9,-9999,-9999,FXX,4,126.06483422723545,1,0,0.0,0,0,0,-9999.0,0.0,1,P5_CV0,3,0,2,0,2
6,2545325.475,726552.0418,R6_F6_m-1f-1_P6_Y-1_U123,-9999,-9999,FXX,5,134.2642535057528,1,0,2.011,0,0,0,-9999.0,0.5,1,P5_CV0,3,1,1,1,1
6,2545325.475,726552.0418,R6_F6_m-1f-1_P6_Y-1_U80,-9999,-9999,FXX,5,126.98064643814273,1,0,1.689,0,0,0,-9999.0,1.0,1,P5_CV0,3,2,0,0,2
7,2527429.642,708511.8011,E7_F1_m1f1_P1_Y2_UO35,R1_F1_m-1f-1_P1_Y-1_U116,R1_F1_m-1f-1_P1_Y-1_U85,FXX,1,53.65162908959941,1,1,2.361,0,0,0,-9999.0,0.0,1,P0_CV0,3,0,2,1,1
7,2527429.642,708511.8011,E7_F4_m4f4_P4_Y1_UO475,RD4_F1_m-1f-1_P1_Y-1_U125,R4_F4_m-1f-1_P4_Y-1_U104,MXY,2,85.36699546349152,1,0,0.0,0,0,0,-9999.0,0.5,1,P0_CV0,3,0,2,0,2
7,2527429.642,708511.8011,E7_F1_m1f1_P1_Y0_UO396,R1_F1_m-1f-1_P1_Y-1_U110,R1_F1_m-1f-1_P1_Y-1_U40,MXY,3,97.20328975394786,1,0,0.0,0,0,0,-9999.0,0.0,1,P0_CV0,3,0,2,1,1
7,2527429.642,708511.8011,E7_F2_m2f2_P2_Y1_UO220,R2_F2_m-1f-1_P2_Y-1_U47,R2_F2_m-1f-1_P2_Y-1_U85,FXX,2,32.22835159414279,1,0,1.474,0,0,0,-9999.0,0.75,1,P1_CV0,3,1,1,2,0
7,2527429.642,708511.8011,E7_F2_m2f2_P2_Y0_UO529,R2_F2_m-1f-1_P2_Y-1_U70,R2_F2_m-1f-1_P2_Y-1_U96,MXY,3,32.80204469994426,1,0,0.0,0,0,0,-9999.0,0.75,1,P1_CV0,3,1,1,1,1
7,2527429.642,708511.8011,E7_F3_m3f3_P3_Y2_UO193,R3_F3_m3f3_P3_Y0_UO753,R3_F3_m3f3_P3_Y0_UO213,FXX,1,31.054443808903965,1,1,2.376,0,0,0,-9999.0,0.125,1,P2_CV0,3,2,0,2,0
7,2527429.642,708511.8011,E7_F3_m3f3_P3_Y0_UO307,R3_F3_m-1f-1_P3_Y-1_U51,R3_F3_m-1f-1_P3_Y-1_U106,FXX,3,31.12265761378708,1,0,2.513,0,0,0,-9999.0,0.75,1,P2_CV0,3,1,1,1,1
7,2527429.642,708511.8011,E7_F4_m4f4_P4_Y2_UO83,R4_F4_m-1f-1_P4_Y-1_U82,R4_F4_m4f4_P4_Y0_UO430,FXX,1,57.38729402507474,1,1,1.389,0,0,0,-9999.0,0.5,1,P3_CV0,3,1,1,0,2
7,2527429.642,708511.8011,E7_F4_m4f4_P4_Y1_UO107,R4_F4_m-1f-1_P4_Y-1_U84,R4_F4_m-1f-1_P4_Y-1_U27,FXX,2,85.36699546349152,1,0,0.0,0,0,0,-9999.0,0.75,1,P3_CV0,3,1,1,1,1
7,2527429.642,708511.8011,E7_F4_m4f4_P4_Y1_UO329,R4_F4_m-1f-1_P4_Y-1_U14,R4_F4_m-1f-1_P4_Y-1_U79,MXY,2,85.36699546349152,1,0,0.0,0,0,0,-9999.0,0.5,1,P3_CV0,3,1,1,1,1
7,2527429.642,708511.8011,E7_F4_m-1f-1_P4_Y-1_U3,-9999,-9999,MXY,4,127.27403194626586,1,0,0.0,0,0,0,-9999.0,0.5,1,P3_CV0,3,1,1,1,1
7,2527429.642,708511.8011,E7_F5_m5f5_P5_Y0_UO731,R5_F5_m-1f-1_P5_Y-1_U36,R5_F5_m-1f-1_P5_Y-1_U39,MXY,3,107.84269655496053,1,0,0.0,0,0,0,-9999.0,0.0,1,P4_CV0,3,2,0,1,1
7,2527429.642,708511.8011,E7_F5_m-1f-1_P5_Y-1_U71,-9999,-9999,MXY,4,116.46436709635954,1,0,0.0,0,0,0,-9999.0,0.0,1,P4_CV0,3,0,2,1,1
7,2527429.642,708511.8011,E7_F5_m-1f-1_P5_Y-1_U65,-9999,-9999,MXY,5,130.65037044683794,1,0,0.0,0,0,0,-9999.0,1.0,1,P4_CV0,3,2,0,1,1
7,2527429.642,708511.8011,E7_F6_m6f6_P6_Y0_UO450,R6_F6_m-1f-1_P6_Y-1_U50,R6_F6_m-1f-1_P6_Y-1_U68,FXX,3,107.154887458038,1,0,1.0,0,0,0,-9999.0,0.0,1,P5_CV0,3,1,1,2,0
7,2527429.642,708511.8011,E7_F6_m-1f-1_P6_Y-1_U117,-9999,-9999,FXX,5,139.04279940589421,1,0,0.0,0,0,0,-9999.0,0.0,1,P5_CV0,3,0,2,1,1
