PatchID,XCOORD,YCOORD,ID,MID,FID,sex,age,size,mature,newmature,layeggs,capture,recapture,state,CDist,Hindex,Species,ClassFile,SubPatchID,L0A0,L0A1,L1A0,L1A1
1,2540470.832,712452.2021,Age0_F1_m1f1_P1_Y4_UO5,R1_F1_m1f1_P1_Y1_UO328,R1_F1_m-1f-1_P1_Y-1_U67,MXY,0,31.028997987985097,0,0,0.0,0,0,0,0.0,0.375,1,P0_CV0,1,1,1,0,2
1,2540470.832,712452.2021,Age0_F1_m1f1_P1_Y4_UO6,R1_F1_m1f1_P1_Y1_UO328,R1_F1_m-1f-1_P1_Y-1_U67,MXY,0,31.028997987985097,0,0,0.0,0,0,0,0.0,0.375,1,P0_CV0,1,1,1,0,2
1,2540470.832,712452.2021,Age0_F1_m1f1_P1_Y4_UO69,R1_F1_m1f1_P1_Y1_UO117,R1_F1_m1f1_P1_Y1_UO87,FXX,0,31.028997987985097,0,0,0.0,0,0,0,0.0,0.25,1,P0_CV0,1,1,1,1,1
1,2540470.832,712452.2021,Age0_F1_m1f1_P1_Y4_UO70,R1_F1_m1f1_P1_Y1_UO117,R1_F1_m1f1_P1_Y1_UO87,MXY,0,31.028997987985097,0,0,0.0,0,0,0,0.0,0.25,1,P0_CV0,1,2,0,1,1
1,2540470.832,712452.2021,Age0_F1_m1f1_P1_Y4_UO71,R1_F1_m1f1_P1_Y1_UO117,R1_F1_m1f1_P1_Y1_UO87,MXY,0,31.028997987985097,0,0,0.0,0,0,0,0.0,0.25,1,P0_CV0,1,0,2,0,2
1,2540470.832,712452.2021,Age0_F1_m1f1_P1_Y4_UO72,R1_F1_m1f1_P1_Y1_UO117,R1_F1_m1f1_P1_Y1_UO87,MXY,0,31.028997987985097,0,0,0.0,0,0,0,0.0,0.25,1,P0_CV0,1,1,1,0,2
1,2540470.832,712452.2021,Age0_F1_m1f1_P1_Y4_UO85,R1_F1_m1f1_P1_Y2_UO76,R1_F1_m1f1_P1_Y1_UO87,MXY,0,31.028997987985097,0,0,0.0,0,0,0,0.0,0.625,1,P0_CV0,1,2,0,1,1
1,2540470.832,712452.2021,Age0_F1_m1f1_P1_Y4_UO86,R1_F1_m1f1_P1_Y2_UO76,R1_F1_m1f1_P1_Y1_UO87,MXY,0,31.028997987985097,0,0,0.0,0,0,0,0.0,0.625,1,P0_CV0,1,1,1,1,1
1,2540470.832,712452.2021,Age0_F1_m1f1_P1_Y4_UO87,R1_F1_m1f1_P1_Y0_UO403,R1_F1_m1f1_P1_Y2_UO326,FXX,0,31.028997987985097,0,0,0.0,0,0,0,0.0,0.125,1,P0_CV0,1,1,1,1,1
1,2540470.832,712452.2021,Age0_F1_m1f1_P1_Y4_UO88,R1_F1_m1f1_P1_Y0_UO403,R1_F1_m1f1_P1_Y2_UO326,FXX,0,31.028997987985097,0,0,0.0,0,0,0,0.0,0.125,1,P0_CV0,1,2,0,2,0
1,2540470.832,712452.2021,Age0_F1_m1f1_P1_Y4_UO89,R1_F1_m1f1_P1_Y0_UO403,R1_F1_m1f1_P1_Y2_UO326,FXX,0,31.028997987985097,0,0,0.0,0,0,0,0.0,0.125,1,P0_CV0,1,2,0,2,0
1,2540470.832,712452.2021,Age0_F1_m1f1_P1_Y4_UO90,R1_F1_m1f1_P1_Y0_UO403,R1_F1_m1f1_P1_Y2_UO326,FXX,0,31.028997987985097,0,0,0.0,0,0,0,0.0,0.125,1,P0_CV0,1,2,0,2,0
1,2540470.832,712452.2021,Age0_F1_m1f1_P1_Y4_UO91,R1_F1_m1f1_P1_Y0_UO403,R1_F1_m1f1_P1_Y2_UO326,MXY,0,31.028997987985097,0,0,0.0,0,0,0,0.0,0.125,1,P0_CV0,1,2,0,2,0
1,2540470.832,712452.2021,Age0_F1_m1f1_P1_Y4_UO92,R1_F1_m1f1_P1_Y0_UO403,R1_F1_m1f1_P1_Y2_UO326,FXX,0,31.028997987985097,0,0,0.0,0,0,0,0.0,0.125,1,P0_CV0,1,1,1,1,1
1,2540470.832,712452.2021,Age0_F1_m1f1_P1_Y4_UO158,R1_F1_m1f1_P1_Y1_UO91,R1_F1_m1f1_P1_Y1_UO178,FXX,0,31.028997987985097,0,0,0.0,0,0,0,0.0,0.25,1,P0_CV0,1,2,0,1,1
1,2540470.832,712452.2021,Age0_F1_m1f1_P1_Y4_UO159,R1_F1_m1f1_P1_Y1_UO91,R1_F1_m1f1_P1_Y1_UO178,FXX,0,31.028997987985097,0,0,0.0,0,0,0,0.0,0.25,1,P0_CV0,1,2,0,0,2
1,2540470.832,712452.2021,Age0_F1_m1f1_P1_Y4_UO160,R1_F1_m1f1_P1_Y1_UO91,R1_F1_m1f1_P1_Y1_UO178,MXY,0,31.028997987985097,0,0,0.0,0,0,0,0.0,0.25,1,P0_CV0,1,2,0,1,1
1,2540470.832,712452.2021,Age0_F1_m1f1_P1_Y4_UO161,R1_F1_m1f1_P1_Y1_UO91,R1_F1_m1f1_P1_Y1_UO178,FXX,0,31.028997987985097,0,0,0.0,0,0,0,0.0,0.25,1,P0_CV0,1,2,0,2,0
1,2540470.832,712452.2021,Age0_F1_m1f1_P1_Y4_UO162,R1_F1_m1f1_P1_Y1_UO91,R1_F1_m1f1_P1_Y1_UO178,MXY,0,31.028997987985097,0,0,0.0,0,0,0,0.0,0.25,1,P0_CV0,1,1,1,1,1
1,2540470.832,712452.2021,Age0_F1_m1f1_P1_Y4_UO163,R1_F1_m1f1_P1_Y1_UO91,R1_F1_m1f1_P1_Y1_UO178,FXX,0,31.028997987985097,0,0,0.0,0,0,0,0.0,0.25,1,P0_CV0,1,1,1,2,0
1,2540470.832,712452.2021,Age0_F1_m1f1_P1_Y4_UO164,R1_F1_m1f1_P1_Y1_UO91,R1_F1_m1f1_P1_Y1_UO178,FXX,0,31.028997987985097,0,0,0.0,0,0,0,0.0,0.25,1,P0_CV0,1,2,0,0,2
1,2540470.832,712452.2021,Age0_F1_m1f1_P1_Y4_UO182,R1_F1_m1f1_P1_Y2_UO386,R1_F1_m1f1_P1_Y2_UO326,FXX,0,31.028997987985097,0,0,0.0,0,0,0,0.0,0.5,1,P0_CV0,1,2,0,2,0
1,2540470.832,712452.2021,Age0_F1_m1f1_P1_Y4_UO183,R1_F1_m1f1_P1_Y2_UO386,R1_F1_m1f1_P1_Y2_UO326,MXY,0,31.028997987985097,0,0,0.0,0,0,0,0.0,0.5,1,P0_CV0,1,2,0,2,0
1,2540470.832,712452.2021,Age0_F1_m1f1_P1_Y4_UO184,R1_F1_m1f1_P1_Y2_UO386,R1_F1_m1f1_P1_Y2_UO326,MXY,0,31.028997987985097,0,0,0.0,0,0,0,0.0,0.5,1,P0_CV0,1,2,0,2,0
1,2540470.832,712452.2021,Age0_F1_m1f1_P1_Y4_UO185,R1_F1_m1f1_P1_Y2_UO386,R1_F1_m1f1_P1_Y2_UO326,FXX,0,31.028997987985097,0,0,0.0,0,0,0,0.0,0.5,1,P0_CV0,1,2,0,2,0
1,2540470.832,712452.2021,Age0_F1_m1f1_P1_Y4_UO186,R1_F1_m1f1_P1_Y2_UO386,R1_F1_m1f1_P1_Y2_UO326,MXY,0,31.028997987985097,0,0,0.0,0,0,0,0.0,0.5,1,P0_CV0,1,1,1,2,0
1,2540470.832,712452.2021,Age0_F1_m1f1_P1_Y4_UO189,R1_F1_m1f1_P1_Y1_UO328,R1_F1_m1f1_P1_Y2_UO257,MXY,0,31.028997987985097,0,0,0.0,0,0,0,0.0,0.125,1,P0_CV0,1,0,2,1,1
1,2540470.832,712452.2021,Age0_F1_m1f1_P1_Y4_UO190,R1_F1_m1f1_P1_Y1_UO328,R1_F1_m1f1_P1_Y2_UO257,MXY,0,31.028997987985097,0,0,0.0,0,0,0,0.0,0.125,1,P0_CV0,1,0,2,1,1
1,2540470.832,712452.2021,Age0_F1_m1f1_P1_Y4_UO191,R1_F1_m1f1_P1_Y1_UO328,R1_F1_m1f1_P1_Y2_UO257,MXY,0,31.028997987985097,0,0,0.0,0,0,0,0.0,0.125,1,P0_CV0,1,0,2,1,1
1,2540470.832,712452.2021,Age0_F1_m1f1_P1_Y4_UO272,R1_F1_m1f1_P1_Y2_UO531,R1_F1_m1f1_P1_Y2_UO257,MXY,0,31.028997987985097,0,0,0.0,0,0,0,0.0,0.0,1,P0_CV0,1,0,2,2,0
1,2540470.832,712452.2021,Age0_F1_m1f1_P1_Y4_UO273,R1_F1_m1f1_P1_Y2_UO531,R1_F1_m1f1_P1_Y2_UO257,MXY,0,31.028997987985097,0,0,0.0,0,0,0,0.0,0.0,1,P0_CV0,1,1,1,0,2
1,2540470.832,712452.2021,Age0_F1_m1f1_P1_Y4_UO274,R1_F1_m1f1_P1_Y2_UO531,R1_F1_m1f1_P1_Y2_UO257,MXY,0,31.028997987985097,0,0,0.0,0,0,0,0.0,0.0,1,P0_CV0,1,0,2,2,0
1,2540470.832,712452.2021,Age0_F1_m1f1_P1_Y4_UO275,R1_F1_m1f1_P1_Y2_UO531,R1_F1_m1f1_P1_Y2_UO257,FXX,0,31.028997987985097,0,0,0.0,0,0,0,0.0,0.0,1,P0_CV0,1,1,1,1,1
1,2540470.832,712452.2021,Age0_F1_m1f1_P1_Y4_UO276,R1_F1_m1f1_P1_Y2_UO531,R1_F1_m1f1_P1_Y2_UO257,MXY,0,31.028997987985097,0,0,0.0,0,0,0,0.0,0.0,1,P0_CV0,1,1,1,1,1
1,2540470.832,712452.2021,Age0_F1_m1f1_P1_Y4_UO277,R1_F1_m1f1_P1_Y2_UO531,R1_F1_m1f1_P1_Y2_UO257,FXX,0,31.028997987985097,0,0,0.0,0,0,0,0.0,0.0,1,P0_CV0,1,0,2,1,1
1,2540470.832,712452.2021,Age0_F1_m1f1_P1_Y4_UO327,R1_F1_m1f1_P1_Y2_UO423,R1_F1_m1f1_P1_Y1_UO222,MXY,0,31.028997987985097,0,0,0.0,0,0,0,0.0,0.3125,1,P0_CV0,1,1,1,2,0
1,2540470.832,712452.2021,Age0_F1_m1f1_P1_Y4_UO328,R1_F1_m1f1_P1_Y2_UO423,R1_F1_m1f1_P1_Y1_UO222,FXX,0,31.028997987985097,0,0,0.0,0,0,0,0.0,0.3125,1,P0_CV0,1,1,1,0,2
1,2540470.832,712452.2021,Age0_F1_m1f1_P1_Y4_UO339,R1_F1_m1f1_P1_Y2_UO528,R1_F1_m1f1_P1_Y2_UO326,MXY,0,31.028997987985097,0,0,0.0,0,0,0,0.0,0.0,1,P0_CV0,1,1,1,1,1
1,2540470.832,712452.2021,Age0_F1_m1f1_P1_Y4_UO340,R1_F1_m1f1_P1_Y2_UO528,R1_F1_m1f1_P1_Y2_UO326,FXX,0,31.028997987985097,0,0,0.0,0,0,0,0.0,0.0,1,P0_CV0,1,0,2,1,1
1,2540470.832,712452.2021,Age0_F1_m1f1_P1_Y4_UO341,R1_F1_m1f1_P1_Y2_UO528,R1_F1_m1f1_P1_Y2_UO326,FXX,0,31.028997987985097,0,0,0.0,0,0,0,0.0,0.0,1,P0_CV0,1,0,2,1,1
1,2540470.832,712452.2021,Age0_F1_m1f1_P1_Y4_UO342,R1_F1_m1f1_P1_Y2_UO528,R1_F1_m1f1_P1_Y2_UO326,FXX,0,31.028997987985097,0,0,0.0,0,0,0,0.0,0.0,1,P0_CV0,1,1,1,1,1
1,2540470.832,712452.2021,Age0_F1_m1f1_P1_Y4_UO348,R1_F1_m1f1_P1_Y1_UO389,R1_F1_m1f1_P1_Y1_UO395,MXY,0,31.028997987985097,0,0,0.0,0,0,0,0.0,0.125,1,P0_CV0,1,1,1,1,1
1,2540470.832,712452.2021,Age0_F1_m1f1_P1_Y4_UO349,R1_F1_m1f1_P1_Y1_UO389,R1_F1_m1f1_P1_Y1_UO395,MXY,0,31.028997987985097,0,0,0.0,0,0,0,0.0,0.125,1,P0_CV0,1,1,1,1,1
1,2540470.832,712452.2021,Age0_F1_m1f1_P1_Y4_UO350,R1_F1_m1f1_P1_Y1_UO389,R1_F1_m1f1_P1_Y1_UO395,FXX,0,31.028997987985097,0,0,0.0,0,0,0,0.0,0.125,1,P0_CV0,1,0,2,1,1
1,2540470.832,712452.2021,Age0_F1_m1f1_P1_Y4_UO351,R1_F1_m1f1_P1_Y1_UO389,R1_F1_m1f1_P1_Y1_UO395,FXX,0,31.028997987985097,0,0,0.0,0,0,0,0.0,0.125,1,P0_CV0,1,1,1,1,1
1,2540470.832,712452.2021,Age0_F1_m1f1_P1_Y4_UO352,R1_F1_m1f1_P1_Y1_UO389,R1_F1_m1f1_P1_Y1_UO395,FXX,0,31.028997987985097,0,0,0.0,0,0,0,0.0,0.125,1,P0_CV0,1,1,1,1,1
1,2540470.832,712452.2021,Age0_F1_m1f1_P1_Y4_UO353,R1_F1_m1f1_P1_Y1_UO389,R1_F1_m1f1_P1_Y1_UO395,FXX,0,31.028997987985097,0,0,0.0,0,0,0,0.0,0.125,1,P0_CV0,1,0,2,1,1
1,2540470.832,712452.2021,Age0_F1_m1f1_P1_Y4_UO354,R1_F1_m1f1_P1_Y1_UO389,R1_F1_m1f1_P1_Y1_UO395,MXY,0,31.028997987985097,0,0,0.0,0,0,0,0.0,0.125,1,P0_CV0,1,1,1,1,1
1,2540470.832,712452.2021,Age0_F1_m1f1_P1_Y4_UO355,R1_F1_m1f1_P1_Y1_UO389,R1_F1_m1f1_P1_Y1_UO395,MXY,0,31.028997987985097,0,0,0.0,0,0,0,0.0,0.125,1,P0_CV0,1,0,2,1,1
1,2540470.832,712452.2021,Age0_F1_m1f1_P1_Y4_UO356,R1_F1_m1f1_P1_Y2_UO76,R1_F1_m1f1_P1_Y1_UO178,MXY,0,31.028997987985097,0,0,0.0,0,0,0,0.0,0.625,1,P0_CV0,1,2,0,2,0
1,2540470.832,712452.2021,Age0_F1_m1f1_P1_Y4_UO357,R1_F1_m1f1_P1_Y2_UO76,R1_F1_m1f1_P1_Y1_UO178,MXY,0,31.028997987985097,0,0,0.0,0,0,0,0.0,0.625,1,P0_CV0,1,1,1,2,0
1,2540470.832,712452.2021,Age0_F1_m1f1_P1_Y4_UO358,R1_F1_m1f1_P1_Y2_UO76,R1_F1_m1f1_P1_Y1_UO178,FXX,0,31.028997987985097,0,0,0.0,0,0,0,0.0,0.625,1,P0_CV0,1,1,1,1,1
1,2540470.832,712452.2021,Age0_F1_m1f1_P1_Y4_UO359,R1_F1_m1f1_P1_Y2_UO76,R1_F1_m1f1_P1_Y1_UO178,FXX,0,31.028997987985097,0,0,0.0,0,0,0,0.0,0.625,1,P0_CV0,1,1,1,2,0
1,2540470.832,712452.2021,Age0_F1_m1f1_P1_Y4_UO360,R1_F1_m1f1_P1_Y2_UO76,R1_F1_m1f1_P1_Y1_UO178,MXY,0,31.028997987985097,0,0,0.0,0,0,0,0.0,0.625,1,P0_CV0,1,1,1,2,0
1,2540470.832,712452.2021,Age0_F1_m1f1_P1_Y4_UO361,R1_F1_m1f1_P1_Y2_UO76,R1_F1_m1f1_P1_Y1_UO178,MXY,0,31.028997987985097,0,0,0.0,0,0,0,0.0,0.625,1,P0_CV0,1,1,1,1,1
1,2540470.832,712452.2021,Age0_F1_m1f1_P1_Y4_UO362,R1_F1_m1f1_P1_Y2_UO76,R1_F1_m1f1_P1_Y1_UO178,FXX,0,31.028997987985097,0,0,0.0,0,0,0,0.0,0.625,1,P0_CV0,1,1,1,1,1
1,2540470.832,712452.2021,Age0_F1_m1f1_P1_Y4_UO391,R1_F1_m1f1_P1_Y1_UO328,R1_F1_m1f1_P1_Y0_UO636,MXY,0,31.028997987985097,0,0,0.0,0,0,0,0.0,0.375,1,P0_CV0,1,0,2,2,0
1,2540470.832,712452.2021,Age0_F1_m1f1_P1_Y4_UO392,R1_F1_m1f1_P1_Y1_UO328,R1_F1_m1f1_P1_Y0_UO636,MXY,0,31.028997987985097,0,0,0.0,0,0,0,0.0,0.375,1,P0_CV0,1,0,2,1,1
1,2540470.832,712452.2021,Age0_F1_m1f1_P1_Y4_UO393,R1_F1_m1f1_P1_Y1_UO328,R1_F1_m1f1_P1_Y0_UO636,MXY,0,31.028997987985097,0,0,0.0,0,0,0,0.0,0.375,1,P0_CV0,1,0,2,1,1
1,2540470.832,712452.2021,Age0_F1_m1f1_P1_Y4_UO394,R1_F1_m1f1_P1_Y1_UO328,R1_F1_m1f1_P1_Y0_UO636,FXX,0,31.028997987985097,0,0,0.0,0,0,0,0.0,0.375,1,P0_CV0,1,0,2,1,1
1,2540470.832,712452.2021,Age0_F1_m1f1_P1_Y4_UO395,R1_F1_m1f1_P1_Y1_UO328,R1_F1_m1f1_P1_Y0_UO636,FXX,0,31.028997987985097,0,0,0.0,0,0,0,0.0,0.375,1,P0_CV0,1,0,2,0,2
1,2540470.832,712452.2021,Age0_F1_m1f1_P1_Y4_UO396,R1_F1_m1f1_P1_Y1_UO328,R1_F1_m1f1_P1_Y0_UO636,FXX,0,31.028997987985097,0,0,0.0,0,0,0,0.0,0.375,1,P0_CV0,1,0,2,1,1
1,2540470.832,712452.2021,Age0_F1_m1f1_P1_Y4_UO424,R1_F1_m1f1_P1_Y2_UO386,R1_F1_m1f1_P1_Y0_UO427,MXY,0,31.028997987985097,0,0,0.0,0,0,0,0.0,0.625,1,P0_CV0,1,2,0,2,0
1,2540470.832,712452.2021,Age0_F1_m1f1_P1_Y4_UO425,R1_F1_m1f1_P1_Y2_UO386,R1_F1_m1f1_P1_Y0_UO427,MXY,0,31.028997987985097,0,0,0.0,0,0,0,0.0,0.625,1,P0_CV0,1,2,0,2,0
1,2540470.832,712452.2021,Age0_F1_m1f1_P1_Y4_UO426,R1_F1_m1f1_P1_Y2_UO386,R1_F1_m1f1_P1_Y0_UO427,FXX,0,31.028997987985097,0,0,0.0,0,0,0,0.0,0.625,1,P0_CV0,1,2,0,2,0
1,2540470.832,712452.2021,Age0_F1_m1f1_P1_Y4_UO427,R1_F1_m1f1_P1_Y2_UO386,R1_F1_m1f1_P1_Y0_UO427,MXY,0,31.028997987985097,0,0,0.0,0,0,0,0.0,0.625,1,P0_CV0,1,2,0,2,0
1,2540470.832,712452.2021,Age0_F1_m1f1_P1_Y4_UO428,R1_F1_m1f1_P1_Y2_UO386,R1_F1_m1f1_P1_Y0_UO427,MXY,0,31.028997987985097,0,0,0.0,0,0,0,0.0,0.625,1,P0_CV0,1,2,0,2,0
1,2540470.832,712452.2021,Age0_F1_m1f1_P1_Y4_UO429,R1_F1_m1f1_P1_Y2_UO386,R1_F1_m1f1_P1_Y0_UO427,MXY,0,31.028997987985097,0,0,0.0,0,0,0,0.0,0.625,1,P0_CV0,1,2,0,2,0
1,2540470.832,712452.2021,R1_F1_m1f1_P1_Y3_UO317,R1_F1_m1f1_P1_Y1_UO117,R1_F1_m1f1_P1_Y1_UO409,MXY,1,53.66092273482479,1,1,0.0,0,0,0,-9999.0,0.0,1,P0_CV0,1,1,1,1,1
1,2540470.832,712452.2021,R1_F1_m1f1_P1_Y3_UO221,R1_F1_m-1f-1_P1_Y-1_U52,R1_F1_m1f1_P1_Y1_UO405,FXX,1,53.66092273482479,1,1,0.0,0,0,0,-9999.0,0.625,1,P0_CV0,1,1,1,2,0
1,2540470.832,712452.2021,R1_F1_m1f1_P1_Y3_UO73,R1_F1_m1f1_P1_Y1_UO313,R1_F1_m-1f-1_P1_Y-1_U58,FXX,1,53.66092273482479,1,1,1.0,0,0,0,-9999.0,0.125,1,P0_CV0,1,1,1,1,1
1,2540470.832,712452.2021,R1_F1_m1f1_P1_Y3_UO362,R1_F1_m1f1_P1_Y1_UO389,R1_F1_m1f1_P1_Y0_UO275,MXY,1,53.66092273482479,1,1,0.0,0,0,0,-9999.0,0.125,1,P0_CV0,1,0,2,2,0
1,2540470.832,712452.2021,R1_F1_m1f1_P1_Y3_UO272,R1_F1_m-1f-1_P1_Y-1_U116,R1_F1_m-1f-1_P1_Y-1_U66,FXX,1,53.66092273482479,1,1,2.025,0,0,0,-9999.0,0.25,1,P0_CV0,1,1,1,1,1
1,2540470.832,712452.2021,R1_F1_m1f1_P1_Y3_UO75,R1_F1_m1f1_P1_Y1_UO313,R1_F1_m-1f-1_P1_Y-1_U58,FXX,1,53.66092273482479,1,1,2.631,0,0,0,-9999.0,0.125,1,P0_CV0,1,1,1,1,1
1,2540470.832,712452.2021,R1_F1_m1f1_P1_Y3_UO69,R1_F1_m1f1_P1_Y1_UO372,R1_F1_m1f1_P1_Y1_UO8,FXX,1,53.66092273482479,1,1,1.903,0,0,0,-9999.0,0.125,1,P0_CV0,1,1,1,1,1
1,2540470.832,712452.2021,R1_F1_m1f1_P1_Y3_UO78,R1_F1_m1f1_P1_Y1_UO389,R1_F1_m1f1_P1_Y1_UO424,FXX,1,53.66092273482479,1,1,0.0,0,0,0,-9999.0,0.25,1,P0_CV0,1,1,1,1,1
1,2540470.832,712452.2021,R1_F1_m1f1_P1_Y3_UO84,R1_F1_m1f1_P1_Y0_UO412,R1_F1_m1f1_P1_Y1_UO270,FXX,1,53.66092273482479,1,1,2.522,0,0,0,-9999.0,0.25,1,P0_CV0,1,1,1,2,0
1,2540470.832,712452.2021,R1_F1_m1f1_P1_Y3_UO110,R1_F1_m1f1_P1_Y1_UO313,R1_F1_m1f1_P1_Y0_UO463,FXX,1,53.66092273482479,1,1,1.498,0,0,0,-9999.0,0.25,1,P0_CV0,1,1,1,1,1
1,2540470.832,712452.2021,R1_F1_m1f1_P1_Y3_UO116,R1_F1_m1f1_P1_Y1_UO313,R1_F1_m1f1_P1_Y0_UO411,MXY,1,53.66092273482479,1,1,0.0,0,0,0,-9999.0,0.25,1,P0_CV0,1,1,1,1,1
1,2540470.832,712452.2021,R1_F1_m1f1_P1_Y3_UO51,R1_F1_m1f1_P1_Y1_UO313,R1_F1_m-1f-1_P1_Y-1_U6,MXY,1,53.66092273482479,1,1,0.0,0,0,0,-9999.0,0.125,1,P0_CV0,1,0,2,1,1
1,2540470.832,712452.2021,R1_F1_m1f1_P1_Y3_UO115,R1_F1_m1f1_P1_Y1_UO313,R1_F1_m1f1_P1_Y0_UO411,FXX,1,53.66092273482479,1,1,1.0,0,0,0,-9999.0,0.25,1,P0_CV0,1,0,2,1,1
1,2540470.832,712452.2021,R1_F1_m1f1_P1_Y3_UO109,R1_F1_m1f1_P1_Y1_UO313,R1_F1_m1f1_P1_Y0_UO463,MXY,1,53.66092273482479,1,1,0.0,0,0,0,-9999.0,0.25,1,P0_CV0,1,0,2,2,0
1,2540470.832,712452.2021,R1_F1_m1f1_P1_Y3_UO196,R1_F1_m1f1_P1_Y1_UO313,R1_F1_m-1f-1_P1_Y-1_U66,MXY,1,53.66092273482479,1,1,0.0,0,0,0,-9999.0,0.375,1,P0_CV0,1,0,2,1,1
1,2540470.832,712452.2021,R1_F1_m1f1_P1_Y3_UO255,R1_F1_m1f1_P1_Y1_UO117,R1_F1_m1f1_P1_Y1_UO554,MXY,1,53.66092273482479,1,1,0.0,0,0,0,-9999.0,0.125,1,P0_CV0,1,2,0,1,1
1,2540470.832,712452.2021,R1_F1_m1f1_P1_Y3_UO88,R1_F1_m1f1_P1_Y1_UO180,R1_F1_m1f1_P1_Y1_UO111,MXY,1,53.66092273482479,1,1,0.0,0,0,0,-9999.0,0.5,1,P0_CV0,1,1,1,2,0
1,2540470.832,712452.2021,R1_F1_m1f1_P1_Y3_UO275,R1_F1_m-1f-1_P1_Y-1_U116,R1_F1_m-1f-1_P1_Y-1_U66,MXY,1,53.66092273482479,1,1,0.0,0,0,0,-9999.0,0.25,1,P0_CV0,1,0,2,1,1
1,2540470.832,712452.2021,R1_F1_m1f1_P1_Y3_UO342,R1_F1_m1f1_P1_Y0_UO412,R1_F1_m1f1_P1_Y0_UO463,MXY,1,53.66092273482479,1,1,0.0,0,0,0,-9999.0,0.25,1,P0_CV0,1,1,1,1,1
1,2540470.832,712452.2021,R1_F1_m1f1_P1_Y3_UO72,R1_F1_m1f1_P1_Y1_UO313,R1_F1_m-1f-1_P1_Y-1_U58,FXX,1,53.66092273482479,1,1,1.377,0,0,0,-9999.0,0.125,1,P0_CV0,1,0,2,1,1
1,2540470.832,712452.2021,R1_F1_m1f1_P1_Y3_UO223,R1_F1_m-1f-1_P1_Y-1_U52,R1_F1_m1f1_P1_Y1_UO405,FXX,1,53.66092273482479,1,1,1.529,0,0,0,-9999.0,0.625,1,P0_CV0,1,1,1,2,0
1,2540470.832,712452.2021,R1_F1_m1f1_P1_Y3_UO364,R1_F1_m1f1_P1_Y1_UO389,R1_F1_m1f1_P1_Y0_UO275,MXY,1,53.66092273482479,1,1,0.0,0,0,0,-9999.0,0.125,1,P0_CV0,1,0,2,1,1
1,2540470.832,712452.2021,R1_F1_m1f1_P1_Y3_UO309,R1_F1_m1f1_P1_Y1_UO313,R1_F1_m1f1_P1_Y1_UO254,MXY,1,53.66092273482479,1,1,0.0,0,0,0,-9999.0,0.25,1,P0_CV0,1,1,1,0,2
1,2540470.832,712452.2021,R1_F1_m1f1_P1_Y3_UO308,R1_F1_m1f1_P1_Y1_UO313,R1_F1_m1f1_P1_Y1_UO254,MXY,1,53.66092273482479,1,1,0.0,0,0,0,-9999.0,0.25,1,P0_CV0,1,0,2,1,1
1,2540470.832,712452.2021,R1_F1_m1f1_P1_Y3_UO206,R1_F1_m1f1_P1_Y1_UO372,R1_F1_m1f1_P1_Y1_UO178,MXY,1,53.66092273482479,1,1,0.0,0,0,0,-9999.0,0.375,1,P0_CV0,1,2,0,1,1
1,2540470.832,712452.2021,R1_F1_m1f1_P1_Y2_UO175,R1_F1_m-1f-1_P1_Y-1_U87,R1_F1_m1f1_P1_Y0_UO661,FXX,2,77.61458708558803,1,0,1.793,0,0,0,-9999.0,0.125,1,P0_CV0,1,1,1,1,1
1,2540470.832,712452.2021,R1_F1_m1f1_P1_Y2_UO326,R1_F1_m-1f-1_P1_Y-1_U100,R1_F1_m1f1_P1_Y0_UO272,MXY,2,77.61458708558803,1,0,0.0,0,0,0,-9999.0,0.0,1,P0_CV0,1,1,1,2,0
1,2540470.832,712452.2021,R1_F1_m1f1_P1_Y2_UO391,R1_F1_m-1f-1_P1_Y-1_U61,R1_F1_m-1f-1_P1_Y-1_U30,FXX,2,77.61458708558803,1,0,0.0,0,0,0,-9999.0,1.0,1,P0_CV0,1,2,0,1,1
1,2540470.832,712452.2021,R1_F1_m1f1_P1_Y2_UO269,R1_F1_m1f1_P1_Y0_UO230,R1_F1_m1f1_P1_Y0_UO636,MXY,2,77.61458708558803,1,0,0.0,0,0,0,-9999.0,0.25,1,P0_CV0,1,1,1,1,1
1,2540470.832,712452.2021,R1_F1_m1f1_P1_Y2_UO386,R1_F1_m-1f-1_P1_Y-1_U61,R1_F1_m-1f-1_P1_Y-1_U30,FXX,2,77.61458708558803,1,0,1.212,0,0,0,-9999.0,1.0,1,P0_CV0,1,2,0,2,0
1,2540470.832,712452.2021,R1_F1_m1f1_P1_Y2_UO76,I1_F7_m-1f-1_P1_Y-1_U52,I1_F7_m-1f-1_P1_Y-1_U60,FXX,2,77.61458708558803,1,0,1.897,0,0,0,-9999.0,0.75,1,P0_CV0,1,1,1,2,0
1,2540470.832,712452.2021,R1_F1_m1f1_P1_Y2_UO528,R1_F1_m-1f-1_P1_Y-1_U116,R1_F1_m1f1_P1_Y0_UO518,FXX,2,77.61458708558803,1,0,1.0,0,0,0,-9999.0,0.0,1,P0_CV0,1,0,2,1,1
1,2540470.832,712452.2021,R1_F1_m1f1_P1_Y2_UO531,R1_F1_m-1f-1_P1_Y-1_U116,R1_F1_m1f1_P1_Y0_UO518,FXX,2,77.61458708558803,1,0,0.0,0,0,0,-9999.0,0.0,1,P0_CV0,1,1,1,1,1
1,2540470.832,712452.2021,R1_F1_m1f1_P1_Y2_UO134,R1_F1_m-1f-1_P1_Y-1_U91,R1_F1_m1f1_P1_Y0_UO136,MXY,2,77.61458708558803,1,0,0.0,0,0,0,-9999.0,0.25,1,P0_CV0,1,2,0,1,1
1,2540470.832,712452.2021,R1_F1_m1f1_P1_Y2_UO153,R1_F1_m-1f-1_P1_Y-1_U87,R1_F1_m1f1_P1_Y0_UO408,MXY,2,77.61458708558803,1,0,0.0,0,0,0,-9999.0,0.0,1,P0_CV0,1,1,1,2,0
1,2540470.832,712452.2021,R1_F1_m1f1_P1_Y2_UO166,R1_F1_m-1f-1_P1_Y-1_U116,R1_F1_m-1f-1_P1_Y-1_U66,MXY,2,77.61458708558803,1,0,0.0,0,0,0,-9999.0,0.25,1,P0_CV0,1,0,2,1,1
1,2540470.832,712452.2021,R1_F1_m1f1_P1_Y2_UO466,R1_F1_m-1f-1_P1_Y-1_U31,R1_F1_m1f1_P1_Y0_UO463,MXY,2,77.61458708558803,1,0,0.0,0,0,0,-9999.0,0.125,1,P0_CV0,1,1,1,1,1
1,2540470.832,712452.2021,R1_F1_m1f1_P1_Y2_UO13,R1_F1_m-1f-1_P1_Y-1_U87,R1_F1_m1f1_P1_Y0_UO582,MXY,2,77.61458708558803,1,0,0.0,0,0,0,-9999.0,0.375,1,P0_CV0,1,0,2,1,1
1,2540470.832,712452.2021,R1_F1_m1f1_P1_Y2_UO530,R1_F1_m-1f-1_P1_Y-1_U116,R1_F1_m1f1_P1_Y0_UO518,FXX,2,77.61458708558803,1,0,2.08,0,0,0,-9999.0,0.0,1,P0_CV0,1,1,1,1,1
1,2540470.832,712452.2021,R1_F1_m1f1_P1_Y2_UO424,R1_F1_m-1f-1_P1_Y-1_U91,R1_F1_m1f1_P1_Y0_UO582,FXX,2,77.61458708558803,1,0,1.0,0,0,0,-9999.0,0.625,1,P0_CV0,1,2,0,1,1
1,2540470.832,712452.2021,R1_F1_m1f1_P1_Y2_UO423,R1_F1_m-1f-1_P1_Y-1_U91,R1_F1_m1f1_P1_Y0_UO582,FXX,2,77.61458708558803,1,0,1.0,0,0,0,-9999.0,0.625,1,P0_CV0,1,1,1,1,1
1,2540470.832,712452.2021,R1_F1_m1f1_P1_Y2_UO228,R1_F1_m-1f-1_P1_Y-1_U116,R1_F1_m-1f-1_P1_Y-1_U66,MXY,2,77.61458708558803,1,0,0.0,0,0,0,-9999.0,0.25,1,P0_CV0,1,1,1,1,1
1,2540470.832,712452.2021,R1_F1_m1f1_P1_Y2_UO256,R1_F1_m-1f-1_P1_Y-1_U116,R1_F1_m1f1_P1_Y0_UO518,FXX,2,77.61458708558803,1,0,0.0,0,0,0,-9999.0,0.0,1,P0_CV0,1,1,1,1,1
1,2540470.832,712452.2021,R1_F1_m1f1_P1_Y2_UO169,R1_F1_m-1f-1_P1_Y-1_U33,R1_F1_m1f1_P1_Y0_UO427,MXY,2,77.61458708558803,1,0,0.0,0,0,0,-9999.0,0.625,1,P0_CV0,1,2,0,1,1
1,2540470.832,712452.2021,R1_F1_m1f1_P1_Y2_UO362,R1_F1_m-1f-1_P1_Y-1_U116,R1_F1_m1f1_P1_Y0_UO272,MXY,2,77.61458708558803,1,0,0.0,0,0,0,-9999.0,0.0,1,P0_CV0,1,1,1,1,1
1,2540470.832,712452.2021,R1_F1_m1f1_P1_Y2_UO257,R1_F1_m-1f-1_P1_Y-1_U116,R1_F1_m1f1_P1_Y0_UO518,MXY,2,77.61458708558803,1,0,0.0,0,0,0,-9999.0,0.0,1,P0_CV0,1,0,2,1,1
1,2540470.832,712452.2021,R1_F1_m1f1_P1_Y1_UO108,R1_F1_m-1f-1_P1_Y-1_U61,R1_F1_m-1f-1_P1_Y-1_U79,MXY,3,97.20812577524862,1,0,0.0,0,0,0,-9999.0,0.5,1,P0_CV0,1,1,1,1,1
1,2540470.832,712452.2021,R1_F1_m1f1_P1_Y1_UO29,R1_F1_m-1f-1_P1_Y-1_U87,R1_F1_m-1f-1_P1_Y-1_U11,FXX,3,97.21034196975106,1,0,1.221,0,0,0,-9999.0,0.0,1,P0_CV0,1,1,1,0,2
1,2540470.832,712452.2021,R1_F1_m1f1_P1_Y1_UO87,R1_F1_m-1f-1_P1_Y-1_U106,R1_F1_m-1f-1_P1_Y-1_U129,MXY,3,97.21034196975106,1,0,0.0,0,0,0,-9999.0,0.5,1,P0_CV0,1,1,1,0,2
1,2540470.832,712452.2021,R1_F1_m1f1_P1_Y1_UO39,R1_F1_m-1f-1_P1_Y-1_U100,I1_F7_m-1f-1_P1_Y-1_U84,MXY,3,97.21034196975106,1,0,0.0,0,0,0,-9999.0,0.0,1,P0_CV0,1,1,1,1,1
1,2540470.832,712452.2021,R1_F1_m1f1_P1_Y1_UO117,R1_F1_m-1f-1_P1_Y-1_U42,R1_F1_m-1f-1_P1_Y-1_U9,FXX,3,97.21034196975106,1,0,1.486,0,0,0,-9999.0,0.0,1,P0_CV0,1,1,1,1,1
1,2540470.832,712452.2021,R1_F1_m1f1_P1_Y1_UO328,R1_F1_m-1f-1_P1_Y-1_U112,R1_F1_m-1f-1_P1_Y-1_U95,FXX,3,97.21034196975106,1,0,1.613,0,0,0,-9999.0,0.25,1,P0_CV0,1,0,2,1,1
1,2540470.832,712452.2021,R1_F1_m1f1_P1_Y1_UO91,R1_F1_m-1f-1_P1_Y-1_U12,R1_F1_m-1f-1_P1_Y-1_U138,FXX,3,97.21034196975106,1,0,1.764,0,0,0,-9999.0,0.0,1,P0_CV0,1,1,1,1,1
1,2540470.832,712452.2021,R1_F1_m1f1_P1_Y1_UO389,R1_F1_m-1f-1_P1_Y-1_U55,R1_F1_m-1f-1_P1_Y-1_U89,FXX,3,97.21034196975106,1,0,1.525,0,0,0,-9999.0,0.0,1,P0_CV0,1,0,2,2,0
1,2540470.832,712452.2021,R1_F1_m1f1_P1_Y0_UO403,R1_F1_m-1f-1_P1_Y-1_U101,R1_F1_m-1f-1_P1_Y-1_U126,FXX,4,111.63842463011032,1,0,1.0,0,0,0,-9999.0,0.25,1,P0_CV0,1,2,0,1,1
1,2540470.832,712452.2021,R1_F1_m1f1_P1_Y0_UO674,R1_F1_m-1f-1_P1_Y-1_U118,R1_F1_m-1f-1_P1_Y-1_U129,MXY,4,111.63842463011032,1,0,0.0,0,0,0,-9999.0,0.5,1,P0_CV0,1,1,1,1,1
1,2540470.832,712452.2021,R1_F1_m1f1_P1_Y0_UO463,R1_F1_m-1f-1_P1_Y-1_U112,R1_F1_m-1f-1_P1_Y-1_U1,MXY,4,111.63842463011032,1,0,0.0,0,0,0,-9999.0,0.25,1,P0_CV0,1,1,1,1,1
1,2540470.832,712452.2021,R1_F1_m1f1_P1_Y0_UO636,R1_F1_m-1f-1_P1_Y-1_U46,R1_F1_m-1f-1_P1_Y-1_U47,MXY,4,111.63842463011032,1,0,0.0,0,0,0,-9999.0,0.5,1,P0_CV0,1,0,2,1,1
1,2540470.832,712452.2021,R1_F1_m1f1_P1_Y0_UO278,R1_F1_m-1f-1_P1_Y-1_U118,R1_F1_m-1f-1_P1_Y-1_U89,MXY,4,111.63842463011032,1,0,0.0,0,0,0,-9999.0,0.25,1,P0_CV0,1,1,1,1,1
1,2540470.832,712452.2021,R1_F1_m-1f-1_P1_Y-1_U134,-9999,-9999,MXY,5,121.65400827562738,1,0,0.0,0,0,0,-9999.0,1.0,1,P0_CV0,1,2,0,0,2
1,2540470.832,712452.2021,R1_F1_m-1f-1_P1_Y-1_U29,-9999,-9999,MXY,5,121.65542158580267,1,0,0.0,0,0,0,-9999.0,0.0,1,P0_CV0,1,0,2,1,1
2,2536859.926,708059.4624,Age0_F2_m2f2_P2_Y4_UO32,R2_F2_m2f2_P2_Y2_UO152,R2_F2_m2f2_P2_Y0_UO783,MXY,0,31.01614047479769,0,0,0.0,0,0,0,0.0,0.4375,1,P1_CV0,1,0,2,2,0
2,2536859.926,708059.4624,Age0_F2_m2f2_P2_Y4_UO33,R2_F2_m2f2_P2_Y2_UO152,R2_F2_m2f2_P2_Y0_UO783,FXX,0,31.01614047479769,0,0,0.0,0,0,0,0.0,0.4375,1,P1_CV0,1,0,2,2,0
2,2536859.926,708059.4624,Age0_F2_m2f2_P2_Y4_UO34,R2_F2_m2f2_P2_Y2_UO152,R2_F2_m2f2_P2_Y0_UO783,FXX,0,31.01614047479769,0,0,0.0,0,0,0,0.0,0.4375,1,P1_CV0,1,1,1,2,0
2,2536859.926,708059.4624,Age0_F2_m2f2_P2_Y4_UO35,R2_F2_m2f2_P2_Y2_UO152,R2_F2_m2f2_P2_Y1_UO93,FXX,0,31.01614047479769,0,0,0.0,0,0,0,0.0,0.4375,1,P1_CV0,1,0,2,2,0
2,2536859.926,708059.4624,Age0_F2_m2f2_P2_Y4_UO36,R2_F2_m2f2_P2_Y2_UO152,R2_F2_m2f2_P2_Y1_UO93,FXX,0,31.01614047479769,0,0,0.0,0,0,0,0.0,0.4375,1,P1_CV0,1,0,2,1,1
2,2536859.926,708059.4624,Age0_F2_m2f2_P2_Y4_UO37,R2_F2_m2f2_P2_Y2_UO152,R2_F2_m2f2_P2_Y1_UO93,MXY,0,31.01614047479769,0,0,0.0,0,0,0,0.0,0.4375,1,P1_CV0,1,0,2,2,0
2,2536859.926,708059.4624,Age0_F2_m2f2_P2_Y4_UO38,R2_F2_m2f2_P2_Y2_UO152,R2_F2_m2f2_P2_Y1_UO93,MXY,0,31.01614047479769,0,0,0.0,0,0,0,0.0,0.4375,1,P1_CV0,1,0,2,2,0
2,2536859.926,708059.4624,Age0_F2_m2f2_P2_Y4_UO47,R2_F2_m2f2_P2_Y1_UO447,R2_F2_m2f2_P2_Y2_UO210,MXY,0,31.01614047479769,0,0,0.0,0,0,0,0.0,0.375,1,P1_CV0,1,0,2,1,1
2,2536859.926,708059.4624,Age0_F2_m2f2_P2_Y4_UO48,R2_F2_m2f2_P2_Y1_UO504,R2_F2_m2f2_P2_Y1_UO93,FXX,0,31.01614047479769,0,0,0.0,0,0,0,0.0,0.75,1,P1_CV0,1,1,1,1,1
2,2536859.926,708059.4624,Age0_F2_m2f2_P2_Y4_UO49,R2_F2_m2f2_P2_Y1_UO221,I2_F7_m-1f-1_P2_Y-1_U80,MXY,0,31.01614047479769,0,0,0.0,0,0,0,0.0,0.25,1,P1_CV0,1,1,1,1,1
2,2536859.926,708059.4624,Age0_F2_m2f2_P2_Y4_UO50,R2_F2_m2f2_P2_Y1_UO221,I2_F7_m-1f-1_P2_Y-1_U80,FXX,0,31.01614047479769,0,0,0.0,0,0,0,0.0,0.25,1,P1_CV0,1,1,1,0,2
2,2536859.926,708059.4624,Age0_F2_m2f2_P2_Y4_UO51,R2_F2_m2f2_P2_Y1_UO221,I2_F7_m-1f-1_P2_Y-1_U80,MXY,0,31.01614047479769,0,0,0.0,0,0,0,0.0,0.25,1,P1_CV0,1,1,1,2,0
2,2536859.926,708059.4624,Age0_F2_m2f2_P2_Y4_UO57,R2_F2_m2f2_P2_Y2_UO434,R2_F2_m-1f-1_P2_Y-1_U27,MXY,0,31.01614047479769,0,0,0.0,0,0,0,0.0,0.4375,1,P1_CV0,1,2,0,2,0
2,2536859.926,708059.4624,Age0_F2_m2f2_P2_Y4_UO79,R2_F2_m2f2_P2_Y2_UO124,R2_F2_m2f2_P2_Y2_UO312,FXX,0,31.01614047479769,0,0,0.0,0,0,0,0.0,0.625,1,P1_CV0,1,0,2,1,1
2,2536859.926,708059.4624,Age0_F2_m2f2_P2_Y4_UO80,R2_F2_m2f2_P2_Y2_UO124,R2_F2_m2f2_P2_Y2_UO312,MXY,0,31.01614047479769,0,0,0.0,0,0,0,0.0,0.625,1,P1_CV0,1,0,2,0,2
2,2536859.926,708059.4624,Age0_F2_m2f2_P2_Y4_UO83,R2_F2_m2f2_P2_Y2_UO124,R2_F2_m-1f-1_P2_Y-1_U27,FXX,0,31.01614047479769,0,0,0.0,0,0,0,0.0,0.5,1,P1_CV0,1,0,2,1,1
2,2536859.926,708059.4624,Age0_F2_m2f2_P2_Y4_UO84,R2_F2_m2f2_P2_Y2_UO124,R2_F2_m-1f-1_P2_Y-1_U27,MXY,0,31.01614047479769,0,0,0.0,0,0,0,0.0,0.5,1,P1_CV0,1,1,1,1,1
2,2536859.926,708059.4624,Age0_F2_m2f2_P2_Y4_UO99,R2_F2_m2f2_P2_Y2_UO434,R2_F2_m2f2_P2_Y2_UO274,FXX,0,31.01614047479769,0,0,0.0,0,0,0,0.0,0.4375,1,P1_CV0,1,1,1,2,0
2,2536859.926,708059.4624,Age0_F2_m2f2_P2_Y4_UO100,R2_F2_m2f2_P2_Y2_UO434,R2_F2_m2f2_P2_Y2_UO274,FXX,0,31.01614047479769,0,0,0.0,0,0,0,0.0,0.4375,1,P1_CV0,1,1,1,2,0
2,2536859.926,708059.4624,Age0_F2_m2f2_P2_Y4_UO101,R2_F2_m2f2_P2_Y2_UO434,R2_F2_m2f2_P2_Y2_UO274,MXY,0,31.01614047479769,0,0,0.0,0,0,0,0.0,0.4375,1,P1_CV0,1,0,2,2,0
2,2536859.926,708059.4624,Age0_F2_m2f2_P2_Y4_UO102,R2_F2_m2f2_P2_Y2_UO434,R2_F2_m2f2_P2_Y2_UO274,FXX,0,31.01614047479769,0,0,0.0,0,0,0,0.0,0.4375,1,P1_CV0,1,0,2,2,0
2,2536859.926,708059.4624,Age0_F2_m2f2_P2_Y4_UO103,R2_F2_m2f2_P2_Y2_UO434,R2_F2_m2f2_P2_Y2_UO274,MXY,0,31.01614047479769,0,0,0.0,0,0,0,0.0,0.4375,1,P1_CV0,1,1,1,2,0
2,2536859.926,708059.4624,Age0_F2_m2f2_P2_Y4_UO109,R2_F2_m2f2_P2_Y1_UO21,R2_F2_m2f2_P2_Y1_UO298,FXX,0,31.01614047479769,0,0,0.0,0,0,0,0.0,0.5,1,P1_CV0,1,0,2,2,0
2,2536859.926,708059.4624,Age0_F2_m2f2_P2_Y4_UO110,R2_F2_m2f2_P2_Y1_UO21,R2_F2_m2f2_P2_Y1_UO298,FXX,0,31.01614047479769,0,0,0.0,0,0,0,0.0,0.5,1,P1_CV0,1,1,1,1,1
2,2536859.926,708059.4624,Age0_F2_m2f2_P2_Y4_UO111,R2_F2_m2f2_P2_Y1_UO21,R2_F2_m2f2_P2_Y1_UO298,MXY,0,31.01614047479769,0,0,0.0,0,0,0,0.0,0.5,1,P1_CV0,1,1,1,2,0
2,2536859.926,708059.4624,Age0_F2_m2f2_P2_Y4_UO116,R2_F2_m2f2_P2_Y0_UO477,R2_F2_m2f2_P2_Y2_UO521,MXY,0,31.01614047479769,0,0,0.0,0,0,0,0.0,0.625,1,P1_CV0,1,1,1,2,0
2,2536859.926,708059.4624,Age0_F2_m2f2_P2_Y4_UO117,R2_F2_m2f2_P2_Y0_UO477,R2_F2_m2f2_P2_Y2_UO521,MXY,0,31.01614047479769,0,0,0.0,0,0,0,0.0,0.625,1,P1_CV0,1,1,1,1,1
2,2536859.926,708059.4624,Age0_F2_m2f2_P2_Y4_UO118,R2_F2_m2f2_P2_Y0_UO477,R2_F2_m2f2_P2_Y2_UO521,FXX,0,31.01614047479769,0,0,0.0,0,0,0,0.0,0.625,1,P1_CV0,1,1,1,1,1
2,2536859.926,708059.4624,Age0_F2_m2f2_P2_Y4_UO119,R2_F2_m2f2_P2_Y0_UO477,R2_F2_m2f2_P2_Y2_UO521,FXX,0,31.01614047479769,0,0,0.0,0,0,0,0.0,0.625,1,P1_CV0,1,1,1,2,0
2,2536859.926,708059.4624,Age0_F2_m2f2_P2_Y4_UO120,R2_F2_m2f2_P2_Y0_UO477,R2_F2_m2f2_P2_Y2_UO521,FXX,0,31.01614047479769,0,0,0.0,0,0,0,0.0,0.625,1,P1_CV0,1,1,1,1,1
2,2536859.926,708059.4624,Age0_F2_m2f2_P2_Y4_UO121,R2_F2_m2f2_P2_Y0_UO477,R2_F2_m2f2_P2_Y2_UO521,MXY,0,31.01614047479769,0,0,0.0,0,0,0,0.0,0.625,1,P1_CV0,1,2,0,1,1
2,2536859.926,708059.4624,Age0_F2_m2f2_P2_Y4_UO122,R2_F2_m2f2_P2_Y0_UO477,R2_F2_m2f2_P2_Y2_UO521,FXX,0,31.01614047479769,0,0,0.0,0,0,0,0.0,0.625,1,P1_CV0,1,1,1,2,0
2,2536859.926,708059.4624,Age0_F2_m2f2_P2_Y4_UO123,R2_F2_m2f2_P2_Y0_UO477,R2_F2_m2f2_P2_Y2_UO521,FXX,0,31.01614047479769,0,0,0.0,0,0,0,0.0,0.625,1,P1_CV0,1,0,2,2,0
2,2536859.926,708059.4624,Age0_F2_m2f2_P2_Y4_UO192,R2_F2_m2f2_P2_Y0_UO477,R2_F2_m2f2_P2_Y1_UO298,MXY,0,31.01614047479769,0,0,0.0,0,0,0,0.0,0.75,1,P1_CV0,1,1,1,1,1
2,2536859.926,708059.4624,Age0_F2_m2f2_P2_Y4_UO193,R2_F2_m2f2_P2_Y0_UO477,R2_F2_m2f2_P2_Y1_UO298,MXY,0,31.01614047479769,0,0,0.0,0,0,0,0.0,0.75,1,P1_CV0,1,0,2,2,0
2,2536859.926,708059.4624,Age0_F2_m2f2_P2_Y4_UO194,R2_F2_m2f2_P2_Y0_UO477,R2_F2_m2f2_P2_Y1_UO298,MXY,0,31.01614047479769,0,0,0.0,0,0,0,0.0,0.75,1,P1_CV0,1,0,2,2,0
2,2536859.926,708059.4624,Age0_F2_m2f2_P2_Y4_UO195,R2_F2_m2f2_P2_Y0_UO477,R2_F2_m2f2_P2_Y1_UO298,MXY,0,31.01614047479769,0,0,0.0,0,0,0,0.0,0.75,1,P1_CV0,1,1,1,2,0
2,2536859.926,708059.4624,Age0_F2_m2f2_P2_Y4_UO196,R2_F2_m2f2_P2_Y0_UO477,R2_F2_m2f2_P2_Y1_UO298,FXX,0,31.01614047479769,0,0,0.0,0,0,0,0.0,0.75,1,P1_CV0,1,0,2,1,1
2,2536859.926,708059.4624,Age0_F2_m2f2_P2_Y4_UO197,R2_F2_m2f2_P2_Y0_UO477,R2_F2_m2f2_P2_Y1_UO298,MXY,0,31.01614047479769,0,0,0.0,0,0,0,0.0,0.75,1,P1_CV0,1,0,2,2,0
2,2536859.926,708059.4624,Age0_F2_m2f2_P2_Y4_UO198,R2_F2_m2f2_P2_Y0_UO477,R2_F2_m2f2_P2_Y1_UO298,FXX,0,31.01614047479769,0,0,0.0,0,0,0,0.0,0.75,1,P1_CV0,1,1,1,2,0
2,2536859.926,708059.4624,Age0_F2_m2f2_P2_Y4_UO204,R2_F2_m2f2_P2_Y2_UO87,R2_F2_m2f2_P2_Y2_UO407,MXY,0,31.01614047479769,0,0,0.0,0,0,0,0.0,0.75,1,P1_CV0,1,2,0,2,0
2,2536859.926,708059.4624,Age0_F2_m2f2_P2_Y4_UO205,R2_F2_m2f2_P2_Y2_UO87,R2_F2_m2f2_P2_Y2_UO407,MXY,0,31.01614047479769,0,0,0.0,0,0,0,0.0,0.75,1,P1_CV0,1,1,1,1,1
2,2536859.926,708059.4624,Age0_F2_m2f2_P2_Y4_UO206,R2_F2_m2f2_P2_Y2_UO87,R2_F2_m2f2_P2_Y2_UO407,FXX,0,31.01614047479769,0,0,0.0,0,0,0,0.0,0.75,1,P1_CV0,1,1,1,2,0
2,2536859.926,708059.4624,Age0_F2_m2f2_P2_Y4_UO207,R2_F2_m2f2_P2_Y2_UO434,R2_F2_m-1f-1_P2_Y-1_U27,MXY,0,31.01614047479769,0,0,0.0,0,0,0,0.0,0.4375,1,P1_CV0,1,0,2,2,0
2,2536859.926,708059.4624,Age0_F2_m2f2_P2_Y4_UO208,R2_F2_m2f2_P2_Y2_UO434,R2_F2_m-1f-1_P2_Y-1_U27,FXX,0,31.01614047479769,0,0,0.0,0,0,0,0.0,0.4375,1,P1_CV0,1,2,0,2,0
2,2536859.926,708059.4624,Age0_F2_m2f2_P2_Y4_UO220,R2_F2_m2f2_P2_Y2_UO87,R2_F2_m2f2_P2_Y2_UO4,FXX,0,31.01614047479769,0,0,0.0,0,0,0,0.0,0.5625,1,P1_CV0,1,2,0,1,1
2,2536859.926,708059.4624,Age0_F2_m2f2_P2_Y4_UO221,R2_F2_m2f2_P2_Y2_UO87,R2_F2_m2f2_P2_Y2_UO4,FXX,0,31.01614047479769,0,0,0.0,0,0,0,0.0,0.5625,1,P1_CV0,1,1,1,1,1
2,2536859.926,708059.4624,Age0_F2_m2f2_P2_Y4_UO222,R2_F2_m2f2_P2_Y2_UO87,R2_F2_m2f2_P2_Y2_UO4,MXY,0,31.01614047479769,0,0,0.0,0,0,0,0.0,0.5625,1,P1_CV0,1,0,2,2,0
2,2536859.926,708059.4624,Age0_F2_m2f2_P2_Y4_UO250,R2_F2_m2f2_P2_Y2_UO124,R2_F2_m2f2_P2_Y2_UO312,MXY,0,31.01614047479769,0,0,0.0,0,0,0,0.0,0.625,1,P1_CV0,1,1,1,0,2
2,2536859.926,708059.4624,Age0_F2_m2f2_P2_Y4_UO251,R2_F2_m2f2_P2_Y2_UO124,R2_F2_m2f2_P2_Y2_UO312,MXY,0,31.01614047479769,0,0,0.0,0,0,0,0.0,0.625,1,P1_CV0,1,1,1,0,2
2,2536859.926,708059.4624,Age0_F2_m2f2_P2_Y4_UO261,R2_F2_m2f2_P2_Y2_UO555,R2_F2_m2f2_P2_Y2_UO210,MXY,0,31.01614047479769,0,0,0.0,0,0,0,0.0,0.375,1,P1_CV0,1,1,1,0,2
2,2536859.926,708059.4624,Age0_F2_m2f2_P2_Y4_UO262,R2_F2_m2f2_P2_Y2_UO555,R2_F2_m2f2_P2_Y2_UO210,MXY,0,31.01614047479769,0,0,0.0,0,0,0,0.0,0.375,1,P1_CV0,1,0,2,0,2
2,2536859.926,708059.4624,Age0_F2_m2f2_P2_Y4_UO263,R2_F2_m2f2_P2_Y2_UO555,R2_F2_m2f2_P2_Y2_UO210,MXY,0,31.01614047479769,0,0,0.0,0,0,0,0.0,0.375,1,P1_CV0,1,0,2,0,2
2,2536859.926,708059.4624,Age0_F2_m2f2_P2_Y4_UO264,R2_F2_m2f2_P2_Y1_UO551,R2_F2_m2f2_P2_Y1_UO335,FXX,0,31.01614047479769,0,0,0.0,0,0,0,0.0,0.5,1,P1_CV0,1,0,2,1,1
2,2536859.926,708059.4624,Age0_F2_m2f2_P2_Y4_UO265,R2_F2_m2f2_P2_Y1_UO551,R2_F2_m2f2_P2_Y1_UO335,FXX,0,31.01614047479769,0,0,0.0,0,0,0,0.0,0.5,1,P1_CV0,1,0,2,2,0
2,2536859.926,708059.4624,Age0_F2_m2f2_P2_Y4_UO266,R2_F2_m2f2_P2_Y2_UO87,R2_F2_m2f2_P2_Y2_UO407,FXX,0,31.01614047479769,0,0,0.0,0,0,0,0.0,0.75,1,P1_CV0,1,1,1,2,0
2,2536859.926,708059.4624,Age0_F2_m2f2_P2_Y4_UO267,R2_F2_m2f2_P2_Y2_UO87,R2_F2_m2f2_P2_Y2_UO407,FXX,0,31.01614047479769,0,0,0.0,0,0,0,0.0,0.75,1,P1_CV0,1,0,2,1,1
2,2536859.926,708059.4624,Age0_F2_m2f2_P2_Y4_UO268,R2_F2_m2f2_P2_Y2_UO87,R2_F2_m2f2_P2_Y2_UO407,FXX,0,31.01614047479769,0,0,0.0,0,0,0,0.0,0.75,1,P1_CV0,1,1,1,2,0
2,2536859.926,708059.4624,Age0_F2_m2f2_P2_Y4_UO291,R2_F2_m2f2_P2_Y2_UO152,R2_F2_m2f2_P2_Y2_UO521,FXX,0,31.01614047479769,0,0,0.0,0,0,0,0.0,0.3125,1,P1_CV0,1,0,2,2,0
2,2536859.926,708059.4624,Age0_F2_m2f2_P2_Y4_UO292,R2_F2_m2f2_P2_Y2_UO152,R2_F2_m2f2_P2_Y2_UO521,MXY,0,31.01614047479769,0,0,0.0,0,0,0,0.0,0.3125,1,P1_CV0,1,1,1,2,0
2,2536859.926,708059.4624,Age0_F2_m2f2_P2_Y4_UO345,R2_F2_m2f2_P2_Y2_UO434,R2_F2_m2f2_P2_Y1_UO93,FXX,0,31.01614047479769,0,0,0.0,0,0,0,0.0,0.5625,1,P1_CV0,1,0,2,1,1
2,2536859.926,708059.4624,Age0_F2_m2f2_P2_Y4_UO346,R2_F2_m2f2_P2_Y2_UO434,R2_F2_m2f2_P2_Y1_UO93,MXY,0,31.01614047479769,0,0,0.0,0,0,0,0.0,0.5625,1,P1_CV0,1,1,1,2,0
2,2536859.926,708059.4624,Age0_F2_m2f2_P2_Y4_UO347,R2_F2_m2f2_P2_Y2_UO434,R2_F2_m2f2_P2_Y1_UO93,MXY,0,31.01614047479769,0,0,0.0,0,0,0,0.0,0.5625,1,P1_CV0,1,0,2,1,1
2,2536859.926,708059.4624,Age0_F2_m2f2_P2_Y4_UO368,R2_F2_m2f2_P2_Y2_UO434,R2_F2_m2f2_P2_Y1_UO280,FXX,0,31.01614047479769,0,0,0.0,0,0,0,0.0,0.3125,1,P1_CV0,1,1,1,1,1
2,2536859.926,708059.4624,Age0_F2_m2f2_P2_Y4_UO369,R2_F2_m2f2_P2_Y2_UO434,R2_F2_m2f2_P2_Y1_UO280,MXY,0,31.01614047479769,0,0,0.0,0,0,0,0.0,0.3125,1,P1_CV0,1,1,1,1,1
2,2536859.926,708059.4624,Age0_F2_m2f2_P2_Y4_UO370,R2_F2_m2f2_P2_Y2_UO434,R2_F2_m2f2_P2_Y1_UO280,FXX,0,31.01614047479769,0,0,0.0,0,0,0,0.0,0.3125,1,P1_CV0,1,1,1,1,1
2,2536859.926,708059.4624,Age0_F2_m2f2_P2_Y4_UO371,R2_F2_m2f2_P2_Y2_UO434,R2_F2_m2f2_P2_Y1_UO280,FXX,0,31.01614047479769,0,0,0.0,0,0,0,0.0,0.3125,1,P1_CV0,1,2,0,1,1
2,2536859.926,708059.4624,Age0_F2_m2f2_P2_Y4_UO404,R2_F2_m-1f-1_P2_Y-1_U91,R2_F2_m2f2_P2_Y1_UO448,FXX,0,31.01614047479769,0,0,0.0,0,0,0,0.0,0.75,1,P1_CV0,1,1,1,0,2
2,2536859.926,708059.4624,Age0_F2_m2f2_P2_Y4_UO405,R2_F2_m-1f-1_P2_Y-1_U91,R2_F2_m2f2_P2_Y1_UO448,FXX,0,31.01614047479769,0,0,0.0,0,0,0,0.0,0.75,1,P1_CV0,1,2,0,1,1
2,2536859.926,708059.4624,Age0_F2_m2f2_P2_Y4_UO406,R2_F2_m-1f-1_P2_Y-1_U91,R2_F2_m2f2_P2_Y1_UO448,FXX,0,31.01614047479769,0,0,0.0,0,0,0,0.0,0.75,1,P1_CV0,1,2,0,0,2
2,2536859.926,708059.4624,Age0_F2_m2f2_P2_Y4_UO407,R2_F2_m-1f-1_P2_Y-1_U91,R2_F2_m2f2_P2_Y1_UO448,FXX,0,31.01614047479769,0,0,0.0,0,0,0,0.0,0.75,1,P1_CV0,1,1,1,0,2
2,2536859.926,708059.4624,Age0_F2_m2f2_P2_Y4_UO408,R2_F2_m-1f-1_P2_Y-1_U91,R2_F2_m2f2_P2_Y1_UO448,FXX,0,31.01614047479769,0,0,0.0,0,0,0,0.0,0.75,1,P1_CV0,1,1,1,0,2
2,2536859.926,708059.4624,Age0_F2_m2f2_P2_Y4_UO409,R2_F2_m-1f-1_P2_Y-1_U91,R2_F2_m2f2_P2_Y1_UO448,FXX,0,31.01614047479769,0,0,0.0,0,0,0,0.0,0.75,1,P1_CV0,1,2,0,1,1
2,2536859.926,708059.4624,Age0_F2_m2f2_P2_Y4_UO410,R2_F2_m2f2_P2_Y2_UO434,R2_F2_m2f2_P2_Y2_UO485,FXX,0,31.01614047479769,0,0,0.0,0,0,0,0.0,0.4375,1,P1_CV0,1,0,2,2,0
2,2536859.926,708059.4624,Age0_F2_m2f2_P2_Y4_UO411,R2_F2_m2f2_P2_Y2_UO434,R2_F2_m2f2_P2_Y2_UO485,MXY,0,31.01614047479769,0,0,0.0,0,0,0,0.0,0.4375,1,P1_CV0,1,0,2,2,0
2,2536859.926,708059.4624,Age0_F2_m2f2_P2_Y4_UO412,R2_F2_m2f2_P2_Y2_UO434,R2_F2_m2f2_P2_Y2_UO485,MXY,0,31.01614047479769,0,0,0.0,0,0,0,0.0,0.4375,1,P1_CV0,1,1,1,2,0
2,2536859.926,708059.4624,R2_F2_m2f2_P2_Y3_UO7,R2_F2_m-1f-1_P2_Y-1_U70,R2_F2_m2f2_P2_Y1_UO280,FXX,1,31.522728170066163,1,1,0.0,0,0,0,-9999.0,0.375,1,P1_CV0,1,1,1,2,0
2,2536859.926,708059.4624,R2_F2_m2f2_P2_Y3_UO228,R2_F2_m2f2_P2_Y0_UO550,R2_F2_m-1f-1_P2_Y-1_U123,MXY,1,31.522728170066163,1,1,0.0,0,0,0,-9999.0,0.5,1,P1_CV0,1,1,1,1,1
2,2536859.926,708059.4624,R2_F2_m2f2_P2_Y3_UO26,R2_F2_m2f2_P2_Y0_UO249,R2_F2_m-1f-1_P2_Y-1_U132,FXX,1,31.522728170066163,1,1,1.0,0,0,0,-9999.0,0.875,1,P1_CV0,1,1,1,1,1
2,2536859.926,708059.4624,R2_F2_m2f2_P2_Y3_UO148,R2_F2_m2f2_P2_Y0_UO468,R2_F2_m-1f-1_P2_Y-1_U123,MXY,1,31.522728170066163,1,1,0.0,0,0,0,-9999.0,0.375,1,P1_CV0,1,2,0,2,0
2,2536859.926,708059.4624,R2_F2_m2f2_P2_Y3_UO17,R2_F2_m-1f-1_P2_Y-1_U70,R2_F2_m2f2_P2_Y1_UO498,FXX,1,31.522728170066163,1,1,0.0,0,0,0,-9999.0,0.375,1,P1_CV0,1,1,1,1,1
2,2536859.926,708059.4624,R2_F2_m2f2_P2_Y3_UO269,R2_F2_m-1f-1_P2_Y-1_U55,R2_F2_m2f2_P2_Y0_UO534,MXY,1,31.522728170066163,1,1,0.0,0,0,0,-9999.0,1.0,1,P1_CV0,1,2,0,1,1
2,2536859.926,708059.4624,R2_F2_m2f2_P2_Y3_UO4,R2_F2_m-1f-1_P2_Y-1_U24,R2_F2_m2f2_P2_Y1_UO298,MXY,1,31.522728170066163,1,1,0.0,0,0,0,-9999.0,0.625,1,P1_CV0,1,0,2,1,1
2,2536859.926,708059.4624,R2_F2_m2f2_P2_Y3_UO282,R2_F2_m-1f-1_P2_Y-1_U55,R2_F2_m-1f-1_P2_Y-1_U80,FXX,1,31.522728170066163,1,1,1.161,0,0,0,-9999.0,0.5,1,P1_CV0,1,1,1,1,1
2,2536859.926,708059.4624,R2_F2_m2f2_P2_Y3_UO126,R2_F2_m2f2_P2_Y0_UO155,R2_F2_m2f2_P2_Y0_UO418,MXY,1,31.522728170066163,1,1,0.0,0,0,0,-9999.0,0.375,1,P1_CV0,1,0,2,1,1
2,2536859.926,708059.4624,R2_F2_m2f2_P2_Y3_UO305,R2_F2_m2f2_P2_Y0_UO436,R2_F2_m2f2_P2_Y1_UO299,MXY,1,31.522728170066163,1,1,0.0,0,0,0,-9999.0,0.625,1,P1_CV0,1,0,2,1,1
2,2536859.926,708059.4624,R2_F2_m2f2_P2_Y3_UO3,R2_F2_m2f2_P2_Y0_UO155,R2_F2_m2f2_P2_Y1_UO189,FXX,1,31.522728170066163,1,1,1.611,0,0,0,-9999.0,0.625,1,P1_CV0,1,1,1,0,2
2,2536859.926,708059.4624,R2_F2_m2f2_P2_Y3_UO23,R2_F2_m2f2_P2_Y0_UO155,R2_F2_m2f2_P2_Y1_UO238,MXY,1,31.522728170066163,1,1,0.0,0,0,0,-9999.0,0.375,1,P1_CV0,1,0,2,0,2
2,2536859.926,708059.4624,R2_F2_m2f2_P2_Y3_UO281,R2_F2_m-1f-1_P2_Y-1_U55,R2_F2_m-1f-1_P2_Y-1_U80,FXX,1,31.522728170066163,1,1,1.0,0,0,0,-9999.0,0.5,1,P1_CV0,1,1,1,2,0
2,2536859.926,708059.4624,R2_F2_m2f2_P2_Y3_UO135,R2_F2_m2f2_P2_Y1_UO25,R2_F2_m2f2_P2_Y0_UO407,MXY,1,31.522728170066163,1,1,0.0,0,0,0,-9999.0,0.5,1,P1_CV0,1,1,1,1,1
2,2536859.926,708059.4624,R2_F2_m2f2_P2_Y3_UO137,R2_F2_m2f2_P2_Y1_UO447,R2_F2_m-1f-1_P2_Y-1_U3,FXX,1,31.522728170066163,1,1,0.0,0,0,0,-9999.0,0.5,1,P1_CV0,1,2,0,2,0
2,2536859.926,708059.4624,R2_F2_m2f2_P2_Y3_UO149,R2_F2_m2f2_P2_Y0_UO468,R2_F2_m-1f-1_P2_Y-1_U123,MXY,1,31.522728170066163,1,1,0.0,0,0,0,-9999.0,0.375,1,P1_CV0,1,1,1,2,0
2,2536859.926,708059.4624,R2_F2_m2f2_P2_Y3_UO225,R2_F2_m-1f-1_P2_Y-1_U55,R2_F2_m2f2_P2_Y1_UO300,FXX,1,31.522728170066163,1,1,0.0,0,0,0,-9999.0,0.625,1,P1_CV0,1,1,1,1,1
2,2536859.926,708059.4624,R2_F2_m2f2_P2_Y3_UO210,R2_F2_m2f2_P2_Y1_UO407,R2_F2_m2f2_P2_Y0_UO407,FXX,1,31.522728170066163,1,1,1.487,0,0,0,-9999.0,0.5,1,P1_CV0,1,1,1,2,0
2,2536859.926,708059.4624,R2_F2_m2f2_P2_Y3_UO22,R2_F2_m2f2_P2_Y0_UO155,R2_F2_m2f2_P2_Y1_UO238,MXY,1,31.522728170066163,1,1,0.0,0,0,0,-9999.0,0.375,1,P1_CV0,1,2,0,1,1
2,2536859.926,708059.4624,R2_F2_m2f2_P2_Y3_UO60,R2_F2_m-1f-1_P2_Y-1_U55,R2_F2_m2f2_P2_Y0_UO534,FXX,1,31.522728170066163,1,1,0.0,0,0,0,-9999.0,1.0,1,P1_CV0,1,2,0,1,1
2,2536859.926,708059.4624,R2_F2_m2f2_P2_Y3_UO306,R2_F2_m2f2_P2_Y0_UO436,R2_F2_m2f2_P2_Y1_UO299,FXX,1,31.522728170066163,1,1,1.332,0,0,0,-9999.0,0.625,1,P1_CV0,1,1,1,1,1
2,2536859.926,708059.4624,R2_F2_m2f2_P2_Y3_UO297,R2_F2_m2f2_P2_Y1_UO551,R2_F2_m-1f-1_P2_Y-1_U3,FXX,1,31.522728170066163,1,1,4.352,0,0,0,-9999.0,0.375,1,P1_CV0,1,0,2,2,0
2,2536859.926,708059.4624,R2_F2_m2f2_P2_Y3_UO8,R2_F2_m-1f-1_P2_Y-1_U70,R2_F2_m2f2_P2_Y1_UO280,FXX,1,31.522728170066163,1,1,3.288,0,0,0,-9999.0,0.375,1,P1_CV0,1,1,1,2,0
2,2536859.926,708059.4624,R2_F2_m2f2_P2_Y3_UO16,R2_F2_m-1f-1_P2_Y-1_U70,R2_F2_m2f2_P2_Y1_UO498,FXX,1,31.522728170066163,1,1,1.871,0,0,0,-9999.0,0.375,1,P1_CV0,1,1,1,2,0
2,2536859.926,708059.4624,R2_F2_m2f2_P2_Y3_UO370,R2_F2_m2f2_P2_Y1_UO71,R2_F2_m2f2_P2_Y1_UO298,MXY,1,31.522728170066163,1,1,0.0,0,0,0,-9999.0,0.625,1,P1_CV0,1,1,1,2,0
2,2536859.926,708059.4624,R2_F2_m2f2_P2_Y3_UO333,R2_F2_m2f2_P2_Y0_UO468,R2_F2_m2f2_P2_Y1_UO280,FXX,1,31.522728170066163,1,1,1.268,0,0,0,-9999.0,0.25,1,P1_CV0,1,0,2,2,0
2,2536859.926,708059.4624,R2_F2_m2f2_P2_Y3_UO226,R2_F2_m-1f-1_P2_Y-1_U55,R2_F2_m2f2_P2_Y1_UO300,FXX,1,31.522728170066163,1,1,0.0,0,0,0,-9999.0,0.625,1,P1_CV0,1,1,1,1,1
2,2536859.926,708059.4624,R2_F2_m2f2_P2_Y3_UO181,R2_F2_m-1f-1_P2_Y-1_U31,R2_F2_m2f2_P2_Y1_UO579,MXY,1,31.522728170066163,1,1,0.0,0,0,0,-9999.0,0.625,1,P1_CV0,1,1,1,0,2
2,2536859.926,708059.4624,R2_F2_m2f2_P2_Y3_UO331,R2_F2_m2f2_P2_Y1_UO153,R2_F2_m-1f-1_P2_Y-1_U132,MXY,1,31.522728170066163,1,1,0.0,0,0,0,-9999.0,0.625,1,P1_CV0,1,2,0,2,0
2,2536859.926,708059.4624,R2_F2_m2f2_P2_Y3_UO59,R2_F2_m-1f-1_P2_Y-1_U55,R2_F2_m2f2_P2_Y0_UO534,FXX,1,31.522728170066163,1,1,0.0,0,0,0,-9999.0,1.0,1,P1_CV0,1,2,0,1,1
2,2536859.926,708059.4624,R2_F2_m2f2_P2_Y3_UO134,R2_F2_m2f2_P2_Y1_UO25,R2_F2_m2f2_P2_Y0_UO407,MXY,1,31.522728170066163,1,1,0.0,0,0,0,-9999.0,0.5,1,P1_CV0,1,0,2,1,1
2,2536859.926,708059.4624,R2_F2_m2f2_P2_Y3_UO183,R2_F2_m-1f-1_P2_Y-1_U31,R2_F2_m2f2_P2_Y1_UO579,FXX,1,31.522728170066163,1,1,1.113,0,0,0,-9999.0,0.625,1,P1_CV0,1,2,0,1,1
2,2536859.926,708059.4624,R2_F2_m2f2_P2_Y3_UO127,R2_F2_m2f2_P2_Y0_UO155,R2_F2_m2f2_P2_Y0_UO418,MXY,1,31.522728170066163,1,1,0.0,0,0,0,-9999.0,0.375,1,P1_CV0,1,2,0,1,1
2,2536859.926,708059.4624,R2_F2_m2f2_P2_Y3_UO307,R2_F2_m2f2_P2_Y0_UO436,R2_F2_m2f2_P2_Y1_UO299,MXY,1,31.522728170066163,1,1,0.0,0,0,0,-9999.0,0.625,1,P1_CV0,1,0,2,1,1
2,2536859.926,708059.4624,R2_F2_m2f2_P2_Y3_UO277,R2_F2_m2f2_P2_Y1_UO551,R2_F2_m2f2_P2_Y0_UO534,FXX,1,31.522728170066163,1,1,1.0,0,0,0,-9999.0,0.625,1,P1_CV0,1,1,1,1,1
2,2536859.926,708059.4624,R2_F2_m2f2_P2_Y3_UO227,R2_F2_m-1f-1_P2_Y-1_U55,R2_F2_m2f2_P2_Y1_UO300,FXX,1,31.522728170066163,1,1,1.684,0,0,0,-9999.0,0.625,1,P1_CV0,1,1,1,1,1
2,2536859.926,708059.4624,R2_F2_m2f2_P2_Y2_UO55,R2_F2_m-1f-1_P2_Y-1_U70,R2_F2_m2f2_P2_Y0_UO572,MXY,2,32.136444071667675,1,0,0.0,0,0,0,-9999.0,0.5,1,P1_CV0,1,1,1,1,1
2,2536859.926,708059.4624,R2_F2_m2f2_P2_Y2_UO540,R2_F2_m-1f-1_P2_Y-1_U24,R2_F2_m2f2_P2_Y0_UO572,FXX,2,32.136444071667675,1,0,1.966,0,0,0,-9999.0,0.5,1,P1_CV0,1,1,1,0,2
2,2536859.926,708059.4624,R2_F2_m2f2_P2_Y2_UO124,R2_F2_m-1f-1_P2_Y-1_U91,R2_F2_m-1f-1_P2_Y-1_U118,FXX,2,32.136444071667675,1,0,1.073,0,0,0,-9999.0,0.5,1,P1_CV0,1,1,1,0,2
2,2536859.926,708059.4624,R2_F2_m2f2_P2_Y2_UO312,R2_F2_m2f2_P2_Y0_UO533,R2_F2_m2f2_P2_Y0_UO384,MXY,2,32.136444071667675,1,0,0.0,0,0,0,-9999.0,0.75,1,P1_CV0,1,1,1,1,1
2,2536859.926,708059.4624,R2_F2_m2f2_P2_Y2_UO555,R2_F2_m2f2_P2_Y0_UO298,R2_F2_m2f2_P2_Y0_UO572,FXX,2,32.136444071667675,1,0,1.501,0,0,0,-9999.0,0.5,1,P1_CV0,1,1,1,0,2
2,2536859.926,708059.4624,R2_F2_m2f2_P2_Y2_UO499,R2_F2_m2f2_P2_Y0_UO101,R2_F2_m-1f-1_P2_Y-1_U47,MXY,2,32.136444071667675,1,0,0.0,0,0,0,-9999.0,0.75,1,P1_CV0,1,1,1,1,1
2,2536859.926,708059.4624,R2_F2_m2f2_P2_Y2_UO525,R2_F2_m-1f-1_P2_Y-1_U70,R2_F2_m2f2_P2_Y0_UO783,FXX,2,32.136444071667675,1,0,1.67,0,0,0,-9999.0,0.625,1,P1_CV0,1,2,0,2,0
2,2536859.926,708059.4624,R2_F2_m2f2_P2_Y2_UO211,R2_F2_m-1f-1_P2_Y-1_U102,R2_F2_m-1f-1_P2_Y-1_U3,FXX,2,32.136444071667675,1,0,1.138,0,0,0,-9999.0,0.25,1,P1_CV0,1,0,2,2,0
2,2536859.926,708059.4624,R2_F2_m2f2_P2_Y2_UO122,R2_F2_m-1f-1_P2_Y-1_U91,R2_F2_m-1f-1_P2_Y-1_U118,FXX,2,32.136444071667675,1,0,0.0,0,0,0,-9999.0,0.5,1,P1_CV0,1,1,1,1,1
2,2536859.926,708059.4624,R2_F2_m2f2_P2_Y2_UO337,R2_F2_m-1f-1_P2_Y-1_U55,R2_F2_m2f2_P2_Y0_UO384,FXX,2,32.136444071667675,1,0,1.0,0,0,0,-9999.0,0.75,1,P1_CV0,1,1,1,1,1
2,2536859.926,708059.4624,R2_F2_m2f2_P2_Y2_UO274,R2_F2_m2f2_P2_Y0_UO468,R2_F2_m2f2_P2_Y0_UO783,MXY,2,32.136444071667675,1,0,0.0,0,0,0,-9999.0,0.5,1,P1_CV0,1,0,2,2,0
2,2536859.926,708059.4624,R2_F2_m2f2_P2_Y2_UO87,R2_F2_m2f2_P2_Y0_UO436,R2_F2_m-1f-1_P2_Y-1_U39,FXX,2,32.136444071667675,1,0,1.421,0,0,0,-9999.0,0.75,1,P1_CV0,1,1,1,2,0
2,2536859.926,708059.4624,R2_F2_m2f2_P2_Y2_UO6,R2_F2_m2f2_P2_Y0_UO468,R2_F2_m2f2_P2_Y0_UO407,FXX,2,32.136444071667675,1,0,0.0,0,0,0,-9999.0,0.375,1,P1_CV0,1,1,1,0,2
2,2536859.926,708059.4624,R2_F2_m2f2_P2_Y2_UO485,R2_F2_m-1f-1_P2_Y-1_U122,R2_F2_m2f2_P2_Y0_UO384,MXY,2,32.136444071667675,1,0,0.0,0,0,0,-9999.0,0.5,1,P1_CV0,1,0,2,2,0
2,2536859.926,708059.4624,R2_F2_m2f2_P2_Y2_UO407,R2_F2_m2f2_P2_Y0_UO532,R2_F2_m2f2_P2_Y0_UO58,MXY,2,32.136444071667675,1,0,0.0,0,0,0,-9999.0,0.75,1,P1_CV0,1,1,1,1,1
2,2536859.926,708059.4624,R2_F2_m2f2_P2_Y2_UO4,R2_F2_m2f2_P2_Y0_UO468,R2_F2_m2f2_P2_Y0_UO407,MXY,2,32.136444071667675,1,0,0.0,0,0,0,-9999.0,0.375,1,P1_CV0,1,1,1,1,1
2,2536859.926,708059.4624,R2_F2_m2f2_P2_Y2_UO210,R2_F2_m-1f-1_P2_Y-1_U102,R2_F2_m-1f-1_P2_Y-1_U3,MXY,2,32.136444071667675,1,0,0.0,0,0,0,-9999.0,0.25,1,P1_CV0,1,1,1,0,2
2,2536859.926,708059.4624,R2_F2_m2f2_P2_Y2_UO521,R2_F2_m2f2_P2_Y0_UO436,R2_F2_m2f2_P2_Y0_UO80,MXY,2,32.136444071667675,1,0,0.0,0,0,0,-9999.0,0.5,1,P1_CV0,1,1,1,2,0
2,2536859.926,708059.4624,R2_F2_m2f2_P2_Y2_UO434,R2_F2_m-1f-1_P2_Y-1_U43,R2_F2_m2f2_P2_Y0_UO794,FXX,2,32.136444071667675,1,0,3.042,0,0,0,-9999.0,0.375,1,P1_CV0,1,1,1,2,0
2,2536859.926,708059.4624,R2_F2_m2f2_P2_Y2_UO152,R2_F2_m-1f-1_P2_Y-1_U43,R2_F2_m2f2_P2_Y0_UO469,FXX,2,32.136444071667675,1,0,1.509,0,0,0,-9999.0,0.125,1,P1_CV0,1,0,2,2,0
2,2536859.926,708059.4624,R2_F2_m2f2_P2_Y2_UO308,R2_F2_m2f2_P2_Y0_UO533,R2_F2_m2f2_P2_Y0_UO384,FXX,2,32.13237505034668,1,0,0.0,0,0,0,-9999.0,0.75,1,P1_CV0,1,1,1,1,1
2,2536859.926,708059.4624,R2_F2_m2f2_P2_Y1_UO415,R2_F2_m-1f-1_P2_Y-1_U75,R2_F2_m-1f-1_P2_Y-1_U66,FXX,3,32.60681525380356,1,0,2.567,0,0,0,-9999.0,0.75,1,P1_CV0,1,1,1,1,1
2,2536859.926,708059.4624,R2_F2_m2f2_P2_Y1_UO425,R2_F2_m-1f-1_P2_Y-1_U85,R2_F2_m-1f-1_P2_Y-1_U95,FXX,3,32.60681525380356,1,0,1.001,0,0,0,-9999.0,0.25,1,P1_CV0,1,1,1,0,2
2,2536859.926,708059.4624,R2_F2_m2f2_P2_Y1_UO335,R2_F2_m-1f-1_P2_Y-1_U131,R2_F2_m-1f-1_P2_Y-1_U51,MXY,3,32.60681525380356,1,0,0.0,0,0,0,-9999.0,0.75,1,P1_CV0,1,1,1,1,1
2,2536859.926,708059.4624,R2_F2_m2f2_P2_Y1_UO448,R2_F2_m-1f-1_P2_Y-1_U9,R2_F2_m-1f-1_P2_Y-1_U49,MXY,3,32.60681525380356,1,0,0.0,0,0,0,-9999.0,0.5,1,P1_CV0,1,1,1,1,1
2,2536859.926,708059.4624,R2_F2_m2f2_P2_Y1_UO93,R2_F2_m-1f-1_P2_Y-1_U131,R2_F2_m-1f-1_P2_Y-1_U90,MXY,3,32.60681525380356,1,0,0.0,0,0,0,-9999.0,0.75,1,P1_CV0,1,0,2,1,1
2,2536859.926,708059.4624,R2_F2_m2f2_P2_Y1_UO504,R2_F2_m-1f-1_P2_Y-1_U62,R2_F2_m-1f-1_P2_Y-1_U116,FXX,3,32.60681525380356,1,0,1.0,0,0,0,-9999.0,0.75,1,P1_CV0,1,1,1,1,1
2,2536859.926,708059.4624,R2_F2_m2f2_P2_Y1_UO298,R2_F2_m-1f-1_P2_Y-1_U101,R2_F2_m-1f-1_P2_Y-1_U36,MXY,3,32.60681525380356,1,0,0.0,0,0,0,-9999.0,0.75,1,P1_CV0,1,0,2,2,0
2,2536859.926,708059.4624,R2_F2_m2f2_P2_Y1_UO21,R2_F2_m-1f-1_P2_Y-1_U100,R2_F2_m-1f-1_P2_Y-1_U105,FXX,3,32.60681525380356,1,0,0.0,0,0,0,-9999.0,0.25,1,P1_CV0,1,1,1,1,1
2,2536859.926,708059.4624,R2_F2_m2f2_P2_Y1_UO551,R2_F2_m-1f-1_P2_Y-1_U94,R2_F2_m-1f-1_P2_Y-1_U83,FXX,3,32.60681525380356,1,0,2.09,0,0,0,-9999.0,0.25,1,P1_CV0,1,0,2,2,0
2,2536859.926,708059.4624,R2_F2_m2f2_P2_Y1_UO280,R2_F2_m-1f-1_P2_Y-1_U115,R2_F2_m-1f-1_P2_Y-1_U49,MXY,3,32.60681525380356,1,0,0.0,0,0,0,-9999.0,0.25,1,P1_CV0,1,1,1,1,1
2,2536859.926,708059.4624,R2_F2_m2f2_P2_Y1_UO447,R2_F2_m-1f-1_P2_Y-1_U9,R2_F2_m-1f-1_P2_Y-1_U49,FXX,3,32.60681525380356,1,0,1.04,0,0,0,-9999.0,0.5,1,P1_CV0,1,1,1,1,1
2,2536859.926,708059.4624,R2_F2_m2f2_P2_Y0_UO477,R2_F2_m-1f-1_P2_Y-1_U18,R2_F2_m-1f-1_P2_Y-1_U137,FXX,4,32.956404763017645,1,0,1.856,0,0,0,-9999.0,0.75,1,P1_CV0,1,1,1,1,1
2,2536859.926,708059.4624,R2_F2_m2f2_P2_Y0_UO783,R2_F2_m-1f-1_P2_Y-1_U124,R2_F2_m-1f-1_P2_Y-1_U114,MXY,4,32.956404763017645,1,0,0.0,0,0,0,-9999.0,0.75,1,P1_CV0,1,1,1,2,0
2,2536859.926,708059.4624,R2_F2_m2f2_P2_Y0_UO82,R2_F2_m-1f-1_P2_Y-1_U102,R2_F2_m-1f-1_P2_Y-1_U111,FXX,4,32.956404763017645,1,0,1.0,0,0,0,-9999.0,0.0,1,P1_CV0,1,2,0,2,0
2,2536859.926,708059.4624,R2_F2_m2f2_P2_Y0_UO441,R2_F2_m-1f-1_P2_Y-1_U41,R2_F2_m-1f-1_P2_Y-1_U52,MXY,4,32.956404763017645,1,0,0.0,0,0,0,-9999.0,0.75,1,P1_CV0,1,1,1,1,1
2,2536859.926,708059.4624,R2_F2_m-1f-1_P2_Y-1_U91,-9999,-9999,FXX,5,33.26774631743703,1,0,1.119,0,0,0,-9999.0,1.0,1,P1_CV0,1,2,0,0,2
2,2536859.926,708059.4624,R2_F2_m-1f-1_P2_Y-1_U55,-9999,-9999,FXX,5,33.26774631743703,1,0,1.0,0,0,0,-9999.0,1.0,1,P1_CV0,1,2,0,1,1
3,2532969.44,705413.5711,Age0_F3_m3f3_P3_Y4_UO0,R3_F3_m3f3_P3_Y2_UO60,R3_F3_m3f3_P3_Y2_UO410,FXX,0,31.018379469735525,0,0,0.0,0,0,0,0.0,0.4375,1,P2_CV0,2,1,1,1,1
3,2532969.44,705413.5711,Age0_F3_m3f3_P3_Y4_UO1,R3_F3_m3f3_P3_Y2_UO47,R3_F3_m-1f-1_P3_Y-1_U30,MXY,0,31.018379469735525,0,0,0.0,0,0,0,0.0,0.8125,1,P2_CV0,2,2,0,1,1
3,2532969.44,705413.5711,Age0_F3_m3f3_P3_Y4_UO2,R3_F3_m3f3_P3_Y2_UO368,R3_F3_m-1f-1_P3_Y-1_U30,FXX,0,31.018379469735525,0,0,0.0,0,0,0,0.0,0.625,1,P2_CV0,2,1,1,0,2
3,2532969.44,705413.5711,Age0_F3_m3f3_P3_Y4_UO3,R3_F3_m3f3_P3_Y2_UO368,R3_F3_m-1f-1_P3_Y-1_U30,FXX,0,31.018379469735525,0,0,0.0,0,0,0,0.0,0.625,1,P2_CV0,2,1,1,1,1
3,2532969.44,705413.5711,Age0_F3_m3f3_P3_Y4_UO4,R3_F3_m3f3_P3_Y2_UO368,R3_F3_m-1f-1_P3_Y-1_U30,FXX,0,31.018379469735525,0,0,0.0,0,0,0,0.0,0.625,1,P2_CV0,2,1,1,1,1
3,2532969.44,705413.5711,Age0_F3_m3f3_P3_Y4_UO7,R3_F3_m3f3_P3_Y2_UO60,R3_F3_m3f3_P3_Y1_UO321,FXX,0,31.018379469735525,0,0,0.0,0,0,0,0.0,0.625,1,P2_CV0,2,1,1,2,0
3,2532969.44,705413.5711,Age0_F3_m3f3_P3_Y4_UO8,R3_F3_m3f3_P3_Y2_UO60,R3_F3_m3f3_P3_Y1_UO321,FXX,0,31.018379469735525,0,0,0.0,0,0,0,0.0,0.625,1,P2_CV0,2,1,1,2,0
3,2532969.44,705413.5711,Age0_F3_m3f3_P3_Y4_UO9,R3_F3_m3f3_P3_Y2_UO60,R3_F3_m3f3_P3_Y1_UO321,FXX,0,31.018379469735525,0,0,0.0,0,0,0,0.0,0.625,1,P2_CV0,2,1,1,2,0
3,2532969.44,705413.5711,Age0_F3_m3f3_P3_Y4_UO30,R3_F3_m3f3_P3_Y1_UO230,R3_F3_m3f3_P3_Y2_UO205,FXX,0,31.018379469735525,0,0,0.0,0,0,0,0.0,0.75,1,P2_CV0,2,1,1,1,1
3,2532969.44,705413.5711,Age0_F3_m3f3_P3_Y4_UO31,R3_F3_m3f3_P3_Y1_UO230,R3_F3_m3f3_P3_Y2_UO205,MXY,0,31.018379469735525,0,0,0.0,0,0,0,0.0,0.75,1,P2_CV0,2,2,0,1,1
3,2532969.44,705413.5711,Age0_F3_m3f3_P3_Y4_UO60,R3_F3_m3f3_P3_Y2_UO60,R3_F3_m3f3_P3_Y2_UO205,FXX,0,31.018379469735525,0,0,0.0,0,0,0,0.0,0.625,1,P2_CV0,2,1,1,0,2
3,2532969.44,705413.5711,Age0_F3_m3f3_P3_Y4_UO61,R3_F3_m3f3_P3_Y2_UO60,R3_F3_m3f3_P3_Y2_UO205,MXY,0,31.018379469735525,0,0,0.0,0,0,0,0.0,0.625,1,P2_CV0,2,1,1,1,1
3,2532969.44,705413.5711,Age0_F3_m3f3_P3_Y4_UO81,R3_F3_m3f3_P3_Y2_UO207,R3_F3_m3f3_P3_Y2_UO251,FXX,0,31.018379469735525,0,0,0.0,0,0,0,0.0,0.75,1,P2_CV0,2,1,1,2,0
3,2532969.44,705413.5711,Age0_F3_m3f3_P3_Y4_UO82,R3_F3_m3f3_P3_Y2_UO207,R3_F3_m3f3_P3_Y2_UO251,MXY,0,31.018379469735525,0,0,0.0,0,0,0,0.0,0.75,1,P2_CV0,2,1,1,0,2
3,2532969.44,705413.5711,Age0_F3_m3f3_P3_Y4_UO112,I3_F7_m3f3_P3_Y0_UO146,R3_F3_m3f3_P3_Y0_UO697,MXY,0,31.018379469735525,0,0,0.0,0,0,0,0.0,0.25,1,P2_CV0,2,1,1,1,1
3,2532969.44,705413.5711,Age0_F3_m3f3_P3_Y4_UO113,I3_F7_m3f3_P3_Y0_UO146,R3_F3_m3f3_P3_Y0_UO697,FXX,0,31.018379469735525,0,0,0.0,0,0,0,0.0,0.25,1,P2_CV0,2,2,0,1,1
3,2532969.44,705413.5711,Age0_F3_m3f3_P3_Y4_UO114,I3_F7_m3f3_P3_Y0_UO146,R3_F3_m3f3_P3_Y0_UO697,MXY,0,31.018379469735525,0,0,0.0,0,0,0,0.0,0.25,1,P2_CV0,2,2,0,1,1
3,2532969.44,705413.5711,Age0_F3_m3f3_P3_Y4_UO115,I3_F7_m3f3_P3_Y0_UO146,R3_F3_m3f3_P3_Y0_UO697,FXX,0,31.018379469735525,0,0,0.0,0,0,0,0.0,0.25,1,P2_CV0,2,2,0,0,2
3,2532969.44,705413.5711,Age0_F3_m3f3_P3_Y4_UO124,R3_F3_m3f3_P3_Y2_UO65,I3_F7_m3f3_P3_Y0_UO752,FXX,0,31.018379469735525,0,0,0.0,0,0,0,0.0,0.75,1,P2_CV0,2,0,2,1,1
3,2532969.44,705413.5711,Age0_F3_m3f3_P3_Y4_UO125,R3_F3_m3f3_P3_Y2_UO65,I3_F7_m3f3_P3_Y0_UO752,FXX,0,31.018379469735525,0,0,0.0,0,0,0,0.0,0.75,1,P2_CV0,2,1,1,1,1
3,2532969.44,705413.5711,Age0_F3_m3f3_P3_Y4_UO126,R3_F3_m3f3_P3_Y2_UO65,I3_F7_m3f3_P3_Y0_UO752,MXY,0,31.018379469735525,0,0,0.0,0,0,0,0.0,0.75,1,P2_CV0,2,0,2,0,2
3,2532969.44,705413.5711,Age0_F3_m3f3_P3_Y4_UO127,R3_F3_m3f3_P3_Y2_UO65,I3_F7_m3f3_P3_Y0_UO752,FXX,0,31.018379469735525,0,0,0.0,0,0,0,0.0,0.75,1,P2_CV0,2,0,2,0,2
3,2532969.44,705413.5711,Age0_F3_m3f3_P3_Y4_UO128,R3_F3_m3f3_P3_Y2_UO368,R3_F3_m3f3_P3_Y2_UO271,MXY,0,31.018379469735525,0,0,0.0,0,0,0,0.0,0.5625,1,P2_CV0,2,1,1,2,0
3,2532969.44,705413.5711,Age0_F3_m3f3_P3_Y4_UO129,R3_F3_m3f3_P3_Y2_UO368,R3_F3_m3f3_P3_Y2_UO271,MXY,0,31.018379469735525,0,0,0.0,0,0,0,0.0,0.5625,1,P2_CV0,2,1,1,0,2
3,2532969.44,705413.5711,Age0_F3_m3f3_P3_Y4_UO165,R3_F3_m3f3_P3_Y2_UO60,R3_F3_m3f3_P3_Y1_UO321,FXX,0,31.018379469735525,0,0,0.0,0,0,0,0.0,0.625,1,P2_CV0,2,1,1,2,0
3,2532969.44,705413.5711,Age0_F3_m3f3_P3_Y4_UO166,R3_F3_m3f3_P3_Y2_UO60,R3_F3_m3f3_P3_Y1_UO321,MXY,0,31.018379469735525,0,0,0.0,0,0,0,0.0,0.625,1,P2_CV0,2,1,1,2,0
3,2532969.44,705413.5711,Age0_F3_m3f3_P3_Y4_UO167,R3_F3_m3f3_P3_Y2_UO60,R3_F3_m3f3_P3_Y1_UO321,FXX,0,31.018379469735525,0,0,0.0,0,0,0,0.0,0.625,1,P2_CV0,2,1,1,2,0
3,2532969.44,705413.5711,Age0_F3_m3f3_P3_Y4_UO168,R3_F3_m3f3_P3_Y2_UO65,R3_F3_m3f3_P3_Y2_UO34,FXX,0,31.018379469735525,0,0,0.0,0,0,0,0.0,0.8125,1,P2_CV0,2,2,0,0,2
3,2532969.44,705413.5711,Age0_F3_m3f3_P3_Y4_UO176,R3_F3_m3f3_P3_Y2_UO230,R3_F3_m3f3_P3_Y1_UO321,FXX,0,31.018379469735525,0,0,0.0,0,0,0,0.0,0.6875,1,P2_CV0,2,2,0,1,1
3,2532969.44,705413.5711,Age0_F3_m3f3_P3_Y4_UO177,R3_F3_m3f3_P3_Y2_UO230,R3_F3_m3f3_P3_Y1_UO321,MXY,0,31.018379469735525,0,0,0.0,0,0,0,0.0,0.6875,1,P2_CV0,2,2,0,1,1
3,2532969.44,705413.5711,Age0_F3_m3f3_P3_Y4_UO179,R3_F3_m3f3_P3_Y2_UO10,R3_F3_m3f3_P3_Y0_UO504,FXX,0,31.018379469735525,0,0,0.0,0,0,0,0.0,0.4375,1,P2_CV0,2,1,1,0,2
3,2532969.44,705413.5711,Age0_F3_m3f3_P3_Y4_UO180,R3_F3_m3f3_P3_Y2_UO10,R3_F3_m3f3_P3_Y0_UO504,FXX,0,31.018379469735525,0,0,0.0,0,0,0,0.0,0.4375,1,P2_CV0,2,1,1,0,2
3,2532969.44,705413.5711,Age0_F3_m3f3_P3_Y4_UO181,R3_F3_m3f3_P3_Y2_UO10,R3_F3_m3f3_P3_Y1_UO214,MXY,0,31.018379469735525,0,0,0.0,0,0,0,0.0,0.5625,1,P2_CV0,2,2,0,0,2
3,2532969.44,705413.5711,Age0_F3_m3f3_P3_Y4_UO187,R3_F3_m3f3_P3_Y1_UO230,R3_F3_m3f3_P3_Y0_UO255,FXX,0,31.018379469735525,0,0,0.0,0,0,0,0.0,0.75,1,P2_CV0,2,0,2,2,0
3,2532969.44,705413.5711,Age0_F3_m3f3_P3_Y4_UO209,R3_F3_m3f3_P3_Y2_UO368,R3_F3_m3f3_P3_Y2_UO510,MXY,0,31.018379469735525,0,0,0.0,0,0,0,0.0,0.375,1,P2_CV0,2,0,2,1,1
3,2532969.44,705413.5711,Age0_F3_m3f3_P3_Y4_UO232,R3_F3_m3f3_P3_Y2_UO48,R3_F3_m3f3_P3_Y2_UO410,FXX,0,31.018379469735525,0,0,0.0,0,0,0,0.0,0.5,1,P2_CV0,2,1,1,0,2
3,2532969.44,705413.5711,Age0_F3_m3f3_P3_Y4_UO233,R3_F3_m3f3_P3_Y2_UO48,R3_F3_m3f3_P3_Y2_UO410,MXY,0,31.018379469735525,0,0,0.0,0,0,0,0.0,0.5,1,P2_CV0,2,1,1,1,1
3,2532969.44,705413.5711,Age0_F3_m3f3_P3_Y4_UO234,R3_F3_m3f3_P3_Y2_UO48,R3_F3_m3f3_P3_Y2_UO410,MXY,0,31.018379469735525,0,0,0.0,0,0,0,0.0,0.5,1,P2_CV0,2,2,0,1,1
3,2532969.44,705413.5711,Age0_F3_m3f3_P3_Y4_UO235,I3_F7_m3f3_P3_Y0_UO146,R3_F3_m3f3_P3_Y1_UO140,FXX,0,31.018379469735525,0,0,0.0,0,0,0,0.0,0.25,1,P2_CV0,2,2,0,2,0
3,2532969.44,705413.5711,Age0_F3_m3f3_P3_Y4_UO236,I3_F7_m3f3_P3_Y0_UO146,R3_F3_m3f3_P3_Y1_UO140,MXY,0,31.018379469735525,0,0,0.0,0,0,0,0.0,0.25,1,P2_CV0,2,2,0,2,0
3,2532969.44,705413.5711,Age0_F3_m3f3_P3_Y4_UO237,I3_F7_m3f3_P3_Y0_UO146,R3_F3_m3f3_P3_Y1_UO140,MXY,0,31.018379469735525,0,0,0.0,0,0,0,0.0,0.25,1,P2_CV0,2,2,0,1,1
3,2532969.44,705413.5711,Age0_F3_m3f3_P3_Y4_UO247,R3_F3_m3f3_P3_Y2_UO10,R3_F3_m3f3_P3_Y0_UO697,FXX,0,31.018379469735525,0,0,0.0,0,0,0,0.0,0.3125,1,P2_CV0,2,1,1,1,1
3,2532969.44,705413.5711,Age0_F3_m3f3_P3_Y4_UO248,R3_F3_m3f3_P3_Y2_UO10,R3_F3_m3f3_P3_Y0_UO697,FXX,0,31.018379469735525,0,0,0.0,0,0,0,0.0,0.3125,1,P2_CV0,2,1,1,0,2
3,2532969.44,705413.5711,Age0_F3_m3f3_P3_Y4_UO249,R3_F3_m3f3_P3_Y2_UO10,R3_F3_m3f3_P3_Y0_UO697,MXY,0,31.018379469735525,0,0,0.0,0,0,0,0.0,0.3125,1,P2_CV0,2,1,1,0,2
3,2532969.44,705413.5711,Age0_F3_m3f3_P3_Y4_UO252,R3_F3_m3f3_P3_Y2_UO10,R3_F3_m3f3_P3_Y2_UO271,MXY,0,31.018379469735525,0,0,0.0,0,0,0,0.0,0.625,1,P2_CV0,2,1,1,1,1
3,2532969.44,705413.5711,Age0_F3_m3f3_P3_Y4_UO253,R3_F3_m3f3_P3_Y2_UO10,R3_F3_m3f3_P3_Y2_UO271,FXX,0,31.018379469735525,0,0,0.0,0,0,0,0.0,0.625,1,P2_CV0,2,2,0,1,1
3,2532969.44,705413.5711,Age0_F3_m3f3_P3_Y4_UO254,R3_F3_m3f3_P3_Y2_UO10,R3_F3_m3f3_P3_Y1_UO114,FXX,0,31.018379469735525,0,0,0.0,0,0,0,0.0,0.5625,1,P2_CV0,2,1,1,0,2
3,2532969.44,705413.5711,Age0_F3_m3f3_P3_Y4_UO278,R3_F3_m3f3_P3_Y2_UO65,R3_F3_m3f3_P3_Y0_UO255,MXY,0,31.018379469735525,0,0,0.0,0,0,0,0.0,0.875,1,P2_CV0,2,1,1,1,1
3,2532969.44,705413.5711,Age0_F3_m3f3_P3_Y4_UO283,R3_F3_m3f3_P3_Y1_UO231,R3_F3_m3f3_P3_Y0_UO206,MXY,0,31.018379469735525,0,0,0.0,0,0,0,0.0,0.75,1,P2_CV0,2,0,2,1,1
3,2532969.44,705413.5711,Age0_F3_m3f3_P3_Y4_UO284,R3_F3_m3f3_P3_Y1_UO231,R3_F3_m3f3_P3_Y0_UO206,MXY,0,31.018379469735525,0,0,0.0,0,0,0,0.0,0.75,1,P2_CV0,2,0,2,1,1
3,2532969.44,705413.5711,Age0_F3_m3f3_P3_Y4_UO293,R3_F3_m3f3_P3_Y2_UO411,R3_F3_m3f3_P3_Y1_UO140,MXY,0,31.018379469735525,0,0,0.0,0,0,0,0.0,0.3125,1,P2_CV0,2,0,2,2,0
3,2532969.44,705413.5711,Age0_F3_m3f3_P3_Y4_UO323,I3_F7_m3f3_P3_Y0_UO146,R3_F3_m3f3_P3_Y1_UO321,MXY,0,31.018379469735525,0,0,0.0,0,0,0,0.0,0.5,1,P2_CV0,2,2,0,1,1
3,2532969.44,705413.5711,Age0_F3_m3f3_P3_Y4_UO324,I3_F7_m3f3_P3_Y0_UO146,R3_F3_m3f3_P3_Y1_UO321,MXY,0,31.018379469735525,0,0,0.0,0,0,0,0.0,0.5,1,P2_CV0,2,2,0,1,1
3,2532969.44,705413.5711,Age0_F3_m3f3_P3_Y4_UO325,I3_F7_m3f3_P3_Y0_UO146,R3_F3_m3f3_P3_Y1_UO321,MXY,0,31.018379469735525,0,0,0.0,0,0,0,0.0,0.5,1,P2_CV0,2,2,0,1,1
3,2532969.44,705413.5711,Age0_F3_m3f3_P3_Y4_UO326,I3_F7_m3f3_P3_Y0_UO146,R3_F3_m3f3_P3_Y1_UO321,FXX,0,31.018379469735525,0,0,0.0,0,0,0,0.0,0.5,1,P2_CV0,2,2,0,2,0
3,2532969.44,705413.5711,Age0_F3_m3f3_P3_Y4_UO343,R3_F3_m3f3_P3_Y2_UO48,R3_F3_m3f3_P3_Y2_UO366,FXX,0,31.018379469735525,0,0,0.0,0,0,0,0.0,0.4375,1,P2_CV0,2,0,2,2,0
3,2532969.44,705413.5711,Age0_F3_m3f3_P3_Y4_UO344,R3_F3_m3f3_P3_Y2_UO48,R3_F3_m3f3_P3_Y2_UO366,MXY,0,31.018379469735525,0,0,0.0,0,0,0,0.0,0.4375,1,P2_CV0,2,0,2,1,1
3,2532969.44,705413.5711,Age0_F3_m3f3_P3_Y4_UO363,R3_F3_m3f3_P3_Y2_UO230,R3_F3_m3f3_P3_Y2_UO251,FXX,0,31.018379469735525,0,0,0.0,0,0,0,0.0,0.75,1,P2_CV0,2,1,1,1,1
3,2532969.44,705413.5711,Age0_F3_m3f3_P3_Y4_UO364,R3_F3_m3f3_P3_Y2_UO230,R3_F3_m3f3_P3_Y2_UO251,MXY,0,31.018379469735525,0,0,0.0,0,0,0,0.0,0.75,1,P2_CV0,2,1,1,1,1
3,2532969.44,705413.5711,Age0_F3_m3f3_P3_Y4_UO376,R3_F3_m3f3_P3_Y1_UO231,R3_F3_m3f3_P3_Y0_UO559,FXX,0,31.018379469735525,0,0,0.0,0,0,0,0.0,0.5,1,P2_CV0,2,1,1,1,1
3,2532969.44,705413.5711,Age0_F3_m3f3_P3_Y4_UO377,R3_F3_m3f3_P3_Y1_UO231,R3_F3_m3f3_P3_Y0_UO559,MXY,0,31.018379469735525,0,0,0.0,0,0,0,0.0,0.5,1,P2_CV0,2,1,1,1,1
3,2532969.44,705413.5711,Age0_F3_m3f3_P3_Y4_UO378,R3_F3_m3f3_P3_Y1_UO231,R3_F3_m3f3_P3_Y0_UO559,FXX,0,31.018379469735525,0,0,0.0,0,0,0,0.0,0.5,1,P2_CV0,2,1,1,1,1
3,2532969.44,705413.5711,Age0_F3_m3f3_P3_Y4_UO397,R3_F3_m3f3_P3_Y2_UO445,R3_F3_m3f3_P3_Y1_UO321,MXY,0,31.018379469735525,0,0,0.0,0,0,0,0.0,0.6875,1,P2_CV0,2,1,1,2,0
3,2532969.44,705413.5711,Age0_F3_m3f3_P3_Y4_UO398,R3_F3_m3f3_P3_Y2_UO445,R3_F3_m3f3_P3_Y1_UO321,FXX,0,31.018379469735525,0,0,0.0,0,0,0,0.0,0.6875,1,P2_CV0,2,2,0,1,1
3,2532969.44,705413.5711,R3_F3_m3f3_P3_Y3_UO380,R3_F3_m3f3_P3_Y1_UO296,R3_F3_m3f3_P3_Y1_UO492,MXY,1,31.049753879902497,1,1,0.0,0,0,0,-9999.0,0.375,1,P2_CV0,2,1,1,1,1
3,2532969.44,705413.5711,R3_F3_m3f3_P3_Y3_UO143,R3_F3_m-1f-1_P3_Y-1_U140,R3_F3_m3f3_P3_Y0_UO96,FXX,1,31.049753879902497,1,1,1.149,0,0,0,-9999.0,0.625,1,P2_CV0,2,1,1,1,1
3,2532969.44,705413.5711,R3_F3_m3f3_P3_Y3_UO146,R3_F3_m3f3_P3_Y1_UO292,R3_F3_m-1f-1_P3_Y-1_U114,MXY,1,31.049753879902497,1,1,0.0,0,0,0,-9999.0,0.625,1,P2_CV0,2,1,1,1,1
3,2532969.44,705413.5711,R3_F3_m3f3_P3_Y3_UO186,R3_F3_m3f3_P3_Y1_UO296,R3_F3_m3f3_P3_Y1_UO140,MXY,1,31.049753879902497,1,1,0.0,0,0,0,-9999.0,0.375,1,P2_CV0,2,2,0,0,2
3,2532969.44,705413.5711,R3_F3_m3f3_P3_Y3_UO39,R3_F3_m3f3_P3_Y0_UO431,R3_F3_m3f3_P3_Y1_UO374,FXX,1,31.049753879902497,1,1,1.0,0,0,0,-9999.0,0.5,1,P2_CV0,2,2,0,0,2
3,2532969.44,705413.5711,R3_F3_m3f3_P3_Y3_UO163,R3_F3_m-1f-1_P3_Y-1_U4,R3_F3_m-1f-1_P3_Y-1_U134,MXY,1,31.049753879902497,1,1,0.0,0,0,0,-9999.0,0.25,1,P2_CV0,2,1,1,1,1
3,2532969.44,705413.5711,R3_F3_m3f3_P3_Y3_UO28,R3_F3_m3f3_P3_Y1_UO515,R3_F3_m3f3_P3_Y0_UO697,FXX,1,31.049753879902497,1,1,1.323,0,0,0,-9999.0,0.25,1,P2_CV0,2,1,1,1,1
3,2532969.44,705413.5711,R3_F3_m3f3_P3_Y3_UO392,R3_F3_m-1f-1_P3_Y-1_U87,R3_F3_m3f3_P3_Y0_UO77,MXY,1,31.049753879902497,1,1,0.0,0,0,0,-9999.0,0.75,1,P2_CV0,2,0,2,1,1
3,2532969.44,705413.5711,R3_F3_m3f3_P3_Y3_UO156,R3_F3_m-1f-1_P3_Y-1_U140,R3_F3_m3f3_P3_Y0_UO200,FXX,1,31.049753879902497,1,1,0.0,0,0,0,-9999.0,0.625,1,P2_CV0,2,1,1,2,0
3,2532969.44,705413.5711,R3_F3_m3f3_P3_Y3_UO377,R3_F3_m3f3_P3_Y1_UO229,R3_F3_m3f3_P3_Y1_UO243,FXX,1,31.049753879902497,1,1,1.0,0,0,0,-9999.0,0.25,1,P2_CV0,2,1,1,2,0
3,2532969.44,705413.5711,R3_F3_m3f3_P3_Y3_UO313,R3_F3_m3f3_P3_Y1_UO158,R3_F3_m3f3_P3_Y1_UO114,MXY,1,31.049753879902497,1,1,0.0,0,0,0,-9999.0,0.75,1,P2_CV0,2,1,1,1,1
3,2532969.44,705413.5711,R3_F3_m3f3_P3_Y3_UO162,R3_F3_m-1f-1_P3_Y-1_U4,R3_F3_m-1f-1_P3_Y-1_U134,FXX,1,31.049753879902497,1,1,1.429,0,0,0,-9999.0,0.25,1,P2_CV0,2,0,2,2,0
3,2532969.44,705413.5711,R3_F3_m3f3_P3_Y3_UO376,R3_F3_m3f3_P3_Y1_UO229,R3_F3_m3f3_P3_Y1_UO243,MXY,1,31.049753879902497,1,1,0.0,0,0,0,-9999.0,0.25,1,P2_CV0,2,1,1,1,1
3,2532969.44,705413.5711,R3_F3_m3f3_P3_Y3_UO147,R3_F3_m3f3_P3_Y1_UO292,R3_F3_m-1f-1_P3_Y-1_U114,FXX,1,31.049753879902497,1,1,2.663,0,0,0,-9999.0,0.625,1,P2_CV0,2,1,1,1,1
3,2532969.44,705413.5711,R3_F3_m3f3_P3_Y3_UO145,R3_F3_m-1f-1_P3_Y-1_U140,R3_F3_m3f3_P3_Y0_UO96,MXY,1,31.049753879902497,1,1,0.0,0,0,0,-9999.0,0.625,1,P2_CV0,2,2,0,1,1
3,2532969.44,705413.5711,R3_F3_m3f3_P3_Y3_UO215,R3_F3_m3f3_P3_Y1_UO301,R3_F3_m3f3_P3_Y1_UO215,MXY,1,31.049753879902497,1,1,0.0,0,0,0,-9999.0,0.625,1,P2_CV0,2,1,1,2,0
3,2532969.44,705413.5711,R3_F3_m3f3_P3_Y3_UO38,R3_F3_m3f3_P3_Y0_UO431,R3_F3_m3f3_P3_Y1_UO374,FXX,1,31.049753879902497,1,1,0.0,0,0,0,-9999.0,0.5,1,P2_CV0,2,2,0,0,2
3,2532969.44,705413.5711,R3_F3_m3f3_P3_Y3_UO13,R3_F3_m3f3_P3_Y1_UO236,R3_F3_m3f3_P3_Y1_UO140,FXX,1,31.049753879902497,1,1,0.0,0,0,0,-9999.0,0.25,1,P2_CV0,2,1,1,2,0
3,2532969.44,705413.5711,R3_F3_m3f3_P3_Y3_UO233,R3_F3_m3f3_P3_Y1_UO301,R3_F3_m3f3_P3_Y1_UO294,MXY,1,31.049753879902497,1,1,0.0,0,0,0,-9999.0,0.5,1,P2_CV0,2,2,0,2,0
3,2532969.44,705413.5711,R3_F3_m3f3_P3_Y3_UO128,R3_F3_m3f3_P3_Y1_UO231,R3_F3_m3f3_P3_Y1_UO492,FXX,1,31.049753879902497,1,1,1.677,0,0,0,-9999.0,0.5,1,P2_CV0,2,0,2,1,1
3,2532969.44,705413.5711,R3_F3_m3f3_P3_Y3_UO395,R3_F3_m-1f-1_P3_Y-1_U108,R3_F3_m3f3_P3_Y0_UO667,MXY,1,31.049753879902497,1,1,0.0,0,0,0,-9999.0,0.375,1,P2_CV0,2,0,2,0,2
3,2532969.44,705413.5711,R3_F3_m3f3_P3_Y3_UO142,R3_F3_m-1f-1_P3_Y-1_U140,R3_F3_m3f3_P3_Y0_UO96,FXX,1,31.049753879902497,1,1,2.088,0,0,0,-9999.0,0.625,1,P2_CV0,2,2,0,2,0
3,2532969.44,705413.5711,R3_F3_m3f3_P3_Y3_UO129,R3_F3_m3f3_P3_Y1_UO231,R3_F3_m3f3_P3_Y1_UO492,FXX,1,31.049753879902497,1,1,1.0,0,0,0,-9999.0,0.5,1,P2_CV0,2,1,1,1,1
3,2532969.44,705413.5711,R3_F3_m3f3_P3_Y3_UO374,R3_F3_m3f3_P3_Y0_UO431,R3_F3_m3f3_P3_Y1_UO215,MXY,1,31.049753879902497,1,1,0.0,0,0,0,-9999.0,0.625,1,P2_CV0,2,2,0,1,1
3,2532969.44,705413.5711,R3_F3_m3f3_P3_Y3_UO54,R3_F3_m-1f-1_P3_Y-1_U87,R3_F3_m-1f-1_P3_Y-1_U30,MXY,1,31.049753879902497,1,1,0.0,0,0,0,-9999.0,0.75,1,P2_CV0,2,1,1,1,1
3,2532969.44,705413.5711,R3_F3_m3f3_P3_Y3_UO260,R3_F3_m-1f-1_P3_Y-1_U4,R3_F3_m3f3_P3_Y0_UO697,FXX,1,31.049753879902497,1,1,0.0,0,0,0,-9999.0,0.375,1,P2_CV0,2,0,2,1,1
3,2532969.44,705413.5711,R3_F3_m3f3_P3_Y3_UO188,R3_F3_m-1f-1_P3_Y-1_U108,R3_F3_m3f3_P3_Y0_UO77,FXX,1,31.049753879902497,1,1,1.362,0,0,0,-9999.0,0.75,1,P2_CV0,2,2,0,1,1
3,2532969.44,705413.5711,R3_F3_m3f3_P3_Y3_UO164,R3_F3_m-1f-1_P3_Y-1_U4,R3_F3_m-1f-1_P3_Y-1_U134,MXY,1,31.049753879902497,1,1,0.0,0,0,0,-9999.0,0.25,1,P2_CV0,2,1,1,2,0
3,2532969.44,705413.5711,R3_F3_m3f3_P3_Y3_UO394,R3_F3_m-1f-1_P3_Y-1_U108,R3_F3_m3f3_P3_Y0_UO667,MXY,1,31.049753879902497,1,1,0.0,0,0,0,-9999.0,0.375,1,P2_CV0,2,1,1,1,1
3,2532969.44,705413.5711,R3_F3_m3f3_P3_Y3_UO315,R3_F3_m3f3_P3_Y1_UO158,R3_F3_m3f3_P3_Y1_UO114,FXX,1,31.049753879902497,1,1,1.505,0,0,0,-9999.0,0.75,1,P2_CV0,2,1,1,1,1
3,2532969.44,705413.5711,R3_F3_m3f3_P3_Y3_UO166,R3_F3_m-1f-1_P3_Y-1_U4,R3_F3_m-1f-1_P3_Y-1_U134,FXX,1,31.049753879902497,1,1,1.499,0,0,0,-9999.0,0.25,1,P2_CV0,2,1,1,2,0
3,2532969.44,705413.5711,R3_F3_m3f3_P3_Y3_UO55,R3_F3_m-1f-1_P3_Y-1_U87,R3_F3_m-1f-1_P3_Y-1_U30,FXX,1,31.049753879902497,1,1,1.0,0,0,0,-9999.0,0.75,1,P2_CV0,2,1,1,0,2
3,2532969.44,705413.5711,R3_F3_m3f3_P3_Y3_UO122,R3_F3_m3f3_P3_Y1_UO229,R3_F3_m-1f-1_P3_Y-1_U30,FXX,1,31.049753879902497,1,1,1.0,0,0,0,-9999.0,0.625,1,P2_CV0,2,1,1,1,1
3,2532969.44,705413.5711,R3_F3_m3f3_P3_Y3_UO45,R3_F3_m3f3_P3_Y1_UO340,R3_F3_m3f3_P3_Y1_UO138,MXY,1,31.049753879902497,1,1,0.0,0,0,0,-9999.0,0.375,1,P2_CV0,2,1,1,0,2
3,2532969.44,705413.5711,R3_F3_m3f3_P3_Y2_UO65,R3_F3_m3f3_P3_Y0_UO78,R3_F3_m3f3_P3_Y0_UO811,FXX,2,31.075842344589717,1,0,0.0,0,0,0,-9999.0,1.0,1,P2_CV0,2,1,1,0,2
3,2532969.44,705413.5711,R3_F3_m3f3_P3_Y2_UO91,R3_F3_m-1f-1_P3_Y-1_U67,R3_F3_m3f3_P3_Y0_UO134,FXX,2,31.075842344589717,1,0,1.672,0,0,0,-9999.0,0.25,1,P2_CV0,2,1,1,1,1
3,2532969.44,705413.5711,R3_F3_m3f3_P3_Y2_UO205,R3_F3_m-1f-1_P3_Y-1_U16,R3_F3_m3f3_P3_Y0_UO134,MXY,2,31.075842344589717,1,0,0.0,0,0,0,-9999.0,0.75,1,P2_CV0,2,2,0,0,2
3,2532969.44,705413.5711,R3_F3_m3f3_P3_Y2_UO368,R3_F3_m-1f-1_P3_Y-1_U24,R3_F3_m3f3_P3_Y0_UO504,FXX,2,31.075842344589717,1,0,0.0,0,0,0,-9999.0,0.25,1,P2_CV0,2,0,2,1,1
3,2532969.44,705413.5711,R3_F3_m3f3_P3_Y2_UO366,R3_F3_m-1f-1_P3_Y-1_U24,R3_F3_m3f3_P3_Y0_UO504,MXY,2,31.075842344589717,1,0,0.0,0,0,0,-9999.0,0.25,1,P2_CV0,2,0,2,1,1
3,2532969.44,705413.5711,R3_F3_m3f3_P3_Y2_UO207,R3_F3_m-1f-1_P3_Y-1_U27,R3_F3_m3f3_P3_Y0_UO432,FXX,2,31.075842344589717,1,0,2.875,0,0,0,-9999.0,0.625,1,P2_CV0,2,1,1,1,1
3,2532969.44,705413.5711,R3_F3_m3f3_P3_Y2_UO34,I3_F7_m-1f-1_P3_Y-1_U6,R3_F3_m3f3_P3_Y0_UO697,MXY,2,31.075842344589717,1,0,0.0,0,0,0,-9999.0,0.625,1,P2_CV0,2,2,0,0,2
3,2532969.44,705413.5711,R3_F3_m3f3_P3_Y2_UO47,R3_F3_m-1f-1_P3_Y-1_U120,R3_F3_m3f3_P3_Y0_UO258,FXX,2,31.075842344589717,1,0,1.537,0,0,0,-9999.0,0.625,1,P2_CV0,2,2,0,2,0
3,2532969.44,705413.5711,R3_F3_m3f3_P3_Y2_UO271,I3_F7_m-1f-1_P3_Y-1_U6,R3_F3_m3f3_P3_Y0_UO258,MXY,2,31.075842344589717,1,0,0.0,0,0,0,-9999.0,0.875,1,P2_CV0,2,2,0,1,1
3,2532969.44,705413.5711,R3_F3_m3f3_P3_Y2_UO411,R3_F3_m-1f-1_P3_Y-1_U67,R3_F3_m3f3_P3_Y0_UO522,FXX,2,31.075842344589717,1,0,1.0,0,0,0,-9999.0,0.375,1,P2_CV0,2,0,2,2,0
3,2532969.44,705413.5711,R3_F3_m3f3_P3_Y2_UO48,R3_F3_m-1f-1_P3_Y-1_U120,R3_F3_m3f3_P3_Y0_UO258,FXX,2,31.075842344589717,1,0,1.351,0,0,0,-9999.0,0.625,1,P2_CV0,2,1,1,1,1
3,2532969.44,705413.5711,R3_F3_m3f3_P3_Y2_UO203,R3_F3_m-1f-1_P3_Y-1_U16,R3_F3_m3f3_P3_Y0_UO134,MXY,2,31.075842344589717,1,0,0.0,0,0,0,-9999.0,0.75,1,P2_CV0,2,2,0,1,1
3,2532969.44,705413.5711,R3_F3_m3f3_P3_Y2_UO445,R3_F3_m3f3_P3_Y0_UO205,R3_F3_m3f3_P3_Y0_UO504,FXX,2,31.075842344589717,1,0,2.534,0,0,0,-9999.0,0.625,1,P2_CV0,2,1,1,1,1
3,2532969.44,705413.5711,R3_F3_m3f3_P3_Y2_UO10,R3_F3_m-1f-1_P3_Y-1_U96,R3_F3_m3f3_P3_Y0_UO667,FXX,2,31.075842344589717,1,0,1.393,0,0,0,-9999.0,0.375,1,P2_CV0,2,1,1,0,2
3,2532969.44,705413.5711,R3_F3_m3f3_P3_Y2_UO42,R3_F3_m-1f-1_P3_Y-1_U13,R3_F3_m3f3_P3_Y0_UO810,MXY,2,31.075842344589717,1,0,0.0,0,0,0,-9999.0,1.0,1,P2_CV0,2,2,0,0,2
3,2532969.44,705413.5711,R3_F3_m3f3_P3_Y2_UO251,R3_F3_m-1f-1_P3_Y-1_U16,R3_F3_m3f3_P3_Y0_UO525,MXY,2,31.075842344589717,1,0,0.0,0,0,0,-9999.0,0.875,1,P2_CV0,2,2,0,1,1
3,2532969.44,705413.5711,R3_F3_m3f3_P3_Y2_UO510,R3_F3_m3f3_P3_Y0_UO235,R3_F3_m3f3_P3_Y0_UO522,MXY,2,31.075842344589717,1,0,0.0,0,0,0,-9999.0,0.5,1,P2_CV0,2,1,1,1,1
3,2532969.44,705413.5711,R3_F3_m3f3_P3_Y2_UO470,R3_F3_m3f3_P3_Y0_UO235,R3_F3_m-1f-1_P3_Y-1_U30,MXY,2,31.075842344589717,1,0,0.0,0,0,0,-9999.0,0.625,1,P2_CV0,2,2,0,0,2
3,2532969.44,705413.5711,R3_F3_m3f3_P3_Y2_UO410,R3_F3_m-1f-1_P3_Y-1_U67,R3_F3_m3f3_P3_Y0_UO522,MXY,2,31.075842344589717,1,0,0.0,0,0,0,-9999.0,0.375,1,P2_CV0,2,1,1,0,2
3,2532969.44,705413.5711,R3_F3_m3f3_P3_Y2_UO60,R3_F3_m3f3_P3_Y0_UO211,R3_F3_m3f3_P3_Y0_UO525,FXX,2,31.075842344589717,1,0,1.495,0,0,0,-9999.0,0.5,1,P2_CV0,2,0,2,1,1
3,2532969.44,705413.5711,R3_F3_m3f3_P3_Y2_UO125,R3_F3_m-1f-1_P3_Y-1_U13,R3_F3_m3f3_P3_Y0_UO752,MXY,2,31.076190974083286,1,0,0.0,0,0,0,-9999.0,0.75,1,P2_CV0,2,1,1,1,1
3,2532969.44,705413.5711,R3_F3_m3f3_P3_Y2_UO253,R3_F3_m-1f-1_P3_Y-1_U16,R3_F3_m3f3_P3_Y0_UO525,FXX,2,31.076190974083286,1,0,1.194,0,0,0,-9999.0,0.875,1,P2_CV0,2,1,1,1,1
3,2532969.44,705413.5711,R3_F3_m3f3_P3_Y1_UO538,R3_F3_m-1f-1_P3_Y-1_U82,R3_F3_m-1f-1_P3_Y-1_U91,MXY,3,31.10419614892512,1,0,0.0,0,0,0,-9999.0,0.25,1,P2_CV0,2,1,1,2,0
3,2532969.44,705413.5711,R3_F3_m3f3_P3_Y1_UO374,R3_F3_m-1f-1_P3_Y-1_U73,R3_F3_m-1f-1_P3_Y-1_U28,MXY,3,31.10419614892512,1,0,0.0,0,0,0,-9999.0,0.5,1,P2_CV0,2,2,0,1,1
3,2532969.44,705413.5711,R3_F3_m3f3_P3_Y1_UO140,R3_F3_m-1f-1_P3_Y-1_U122,R3_F3_m-1f-1_P3_Y-1_U91,MXY,3,31.10419614892512,1,0,0.0,0,0,0,-9999.0,0.25,1,P2_CV0,2,1,1,1,1
3,2532969.44,705413.5711,R3_F3_m3f3_P3_Y1_UO321,R3_F3_m-1f-1_P3_Y-1_U16,R3_F3_m-1f-1_P3_Y-1_U105,MXY,3,31.10419614892512,1,0,0.0,0,0,0,-9999.0,0.75,1,P2_CV0,2,2,0,2,0
3,2532969.44,705413.5711,R3_F3_m3f3_P3_Y1_UO230,R3_F3_m-1f-1_P3_Y-1_U107,R3_F3_m-1f-1_P3_Y-1_U56,FXX,3,31.10419614892512,1,0,1.762,0,0,0,-9999.0,0.75,1,P2_CV0,2,1,1,2,0
3,2532969.44,705413.5711,R3_F3_m3f3_P3_Y1_UO114,R3_F3_m-1f-1_P3_Y-1_U140,R3_F3_m-1f-1_P3_Y-1_U114,MXY,3,31.10419614892512,1,0,0.0,0,0,0,-9999.0,0.75,1,P2_CV0,2,0,2,0,2
3,2532969.44,705413.5711,R3_F3_m3f3_P3_Y1_UO231,R3_F3_m-1f-1_P3_Y-1_U59,R3_F3_m-1f-1_P3_Y-1_U78,FXX,3,31.10419614892512,1,0,1.548,0,0,0,-9999.0,0.75,1,P2_CV0,2,0,2,2,0
3,2532969.44,705413.5711,R3_F3_m3f3_P3_Y1_UO296,R3_F3_m-1f-1_P3_Y-1_U22,R3_F3_m-1f-1_P3_Y-1_U116,FXX,3,31.10419614892512,1,0,0.0,0,0,0,-9999.0,0.5,1,P2_CV0,2,1,1,1,1
3,2532969.44,705413.5711,R3_F3_m3f3_P3_Y1_UO288,R3_F3_m-1f-1_P3_Y-1_U53,I3_F7_m-1f-1_P3_Y-1_U134,FXX,3,31.10419614892512,1,0,1.123,0,0,0,-9999.0,0.0,1,P2_CV0,2,0,2,2,0
3,2532969.44,705413.5711,R3_F3_m3f3_P3_Y1_UO214,R3_F3_m-1f-1_P3_Y-1_U87,R3_F3_m-1f-1_P3_Y-1_U114,MXY,3,31.10419614892512,1,0,0.0,0,0,0,-9999.0,0.75,1,P2_CV0,2,2,0,1,1
3,2532969.44,705413.5711,R3_F3_m3f3_P3_Y1_UO491,R3_F3_m-1f-1_P3_Y-1_U71,R3_F3_m-1f-1_P3_Y-1_U106,MXY,3,31.10419614892512,1,0,0.0,0,0,0,-9999.0,0.25,1,P2_CV0,2,1,1,1,1
3,2532969.44,705413.5711,R3_F3_m3f3_P3_Y0_UO697,R3_F3_m-1f-1_P3_Y-1_U125,R3_F3_m-1f-1_P3_Y-1_U77,MXY,4,31.119150844115218,1,0,0.0,0,0,0,-9999.0,0.25,1,P2_CV0,2,1,1,1,1
3,2532969.44,705413.5711,R3_F3_m3f3_P3_Y0_UO504,R3_F3_m-1f-1_P3_Y-1_U103,R3_F3_m-1f-1_P3_Y-1_U117,MXY,4,31.119150844115218,1,0,0.0,0,0,0,-9999.0,0.5,1,P2_CV0,2,0,2,0,2
3,2532969.44,705413.5711,R3_F3_m3f3_P3_Y0_UO255,R3_F3_m-1f-1_P3_Y-1_U131,R3_F3_m-1f-1_P3_Y-1_U66,MXY,4,31.119150844115218,1,0,0.0,0,0,0,-9999.0,0.75,1,P2_CV0,2,0,2,2,0
3,2532969.44,705413.5711,R3_F3_m3f3_P3_Y0_UO211,R3_F3_m-1f-1_P3_Y-1_U60,R3_F3_m-1f-1_P3_Y-1_U121,FXX,4,31.119150844115218,1,0,0.0,0,0,0,-9999.0,0.25,1,P2_CV0,2,0,2,1,1
3,2532969.44,705413.5711,R3_F3_m-1f-1_P3_Y-1_U24,-9999,-9999,FXX,5,31.107882904888594,1,0,1.253,0,0,0,-9999.0,0.0,1,P2_CV0,2,0,2,2,0
3,2532969.44,705413.5711,R3_F3_m-1f-1_P3_Y-1_U30,-9999,-9999,MXY,5,31.107882904888594,1,0,0.0,0,0,0,-9999.0,1.0,1,P2_CV0,2,2,0,0,2
4,2539041.489,728416.6747,R4_F4_m1f1_P1_Y0_UO519,R1_F1_m-1f-1_P1_Y-1_U73,R1_F1_m-1f-1_P1_Y-1_U126,FXX,4,113.33811722474685,1,0,1.009,0,0,0,-9999.0,0.0,1,P0_CV0,2,0,2,2,0
4,2539041.489,728416.6747,Age0_F4_m4f4_P4_Y4_UO14,R4_F4_m-1f-1_P4_Y-1_U78,R4_F4_m4f4_P4_Y2_UO1,FXX,0,31.002345308873174,0,0,0.0,0,0,0,0.0,0.25,1,P3_CV0,2,0,2,1,1
4,2539041.489,728416.6747,Age0_F4_m4f4_P4_Y4_UO15,R4_F4_m-1f-1_P4_Y-1_U78,R4_F4_m4f4_P4_Y2_UO1,FXX,0,31.002345308873174,0,0,0.0,0,0,0,0.0,0.25,1,P3_CV0,2,1,1,1,1
4,2539041.489,728416.6747,Age0_F4_m4f4_P4_Y4_UO16,R4_F4_m-1f-1_P4_Y-1_U78,R4_F4_m4f4_P4_Y2_UO1,MXY,0,31.002345308873174,0,0,0.0,0,0,0,0.0,0.25,1,P3_CV0,2,0,2,0,2
4,2539041.489,728416.6747,Age0_F4_m4f4_P4_Y4_UO17,R4_F4_m-1f-1_P4_Y-1_U78,R4_F4_m4f4_P4_Y2_UO1,FXX,0,31.002345308873174,0,0,0.0,0,0,0,0.0,0.25,1,P3_CV0,2,0,2,2,0
4,2539041.489,728416.6747,Age0_F4_m4f4_P4_Y4_UO18,R4_F4_m-1f-1_P4_Y-1_U78,R4_F4_m4f4_P4_Y2_UO1,FXX,0,31.002345308873174,0,0,0.0,0,0,0,0.0,0.25,1,P3_CV0,2,0,2,0,2
4,2539041.489,728416.6747,Age0_F4_m4f4_P4_Y4_UO19,R4_F4_m-1f-1_P4_Y-1_U78,R4_F4_m4f4_P4_Y2_UO1,MXY,0,31.002345308873174,0,0,0.0,0,0,0,0.0,0.25,1,P3_CV0,2,0,2,2,0
4,2539041.489,728416.6747,Age0_F4_m4f4_P4_Y4_UO20,R4_F4_m-1f-1_P4_Y-1_U78,R4_F4_m4f4_P4_Y2_UO1,FXX,0,31.002345308873174,0,0,0.0,0,0,0,0.0,0.25,1,P3_CV0,2,0,2,0,2
4,2539041.489,728416.6747,Age0_F4_m4f4_P4_Y4_UO21,R4_F4_m-1f-1_P4_Y-1_U78,R4_F4_m4f4_P4_Y2_UO1,FXX,0,31.002345308873174,0,0,0.0,0,0,0,0.0,0.25,1,P3_CV0,2,0,2,1,1
4,2539041.489,728416.6747,Age0_F4_m4f4_P4_Y4_UO22,R4_F4_m-1f-1_P4_Y-1_U78,R4_F4_m4f4_P4_Y2_UO1,MXY,0,31.002345308873174,0,0,0.0,0,0,0,0.0,0.25,1,P3_CV0,2,1,1,1,1
4,2539041.489,728416.6747,Age0_F4_m4f4_P4_Y4_UO23,R4_F4_m-1f-1_P4_Y-1_U78,R4_F4_m4f4_P4_Y2_UO1,MXY,0,31.002345308873174,0,0,0.0,0,0,0,0.0,0.25,1,P3_CV0,2,0,2,2,0
4,2539041.489,728416.6747,Age0_F4_m4f4_P4_Y4_UO62,R4_F4_m4f4_P4_Y1_UO45,R4_F4_m4f4_P4_Y1_UO531,MXY,0,31.002345308873174,0,0,0.0,0,0,0,0.0,0.625,1,P3_CV0,2,1,1,0,2
4,2539041.489,728416.6747,Age0_F4_m4f4_P4_Y4_UO63,R4_F4_m4f4_P4_Y1_UO45,R4_F4_m4f4_P4_Y1_UO531,FXX,0,31.002345308873174,0,0,0.0,0,0,0,0.0,0.625,1,P3_CV0,2,2,0,1,1
4,2539041.489,728416.6747,Age0_F4_m4f4_P4_Y4_UO64,R4_F4_m4f4_P4_Y1_UO45,R4_F4_m4f4_P4_Y1_UO531,MXY,0,31.002345308873174,0,0,0.0,0,0,0,0.0,0.625,1,P3_CV0,2,1,1,1,1
4,2539041.489,728416.6747,Age0_F4_m4f4_P4_Y4_UO65,R4_F4_m4f4_P4_Y1_UO45,R4_F4_m4f4_P4_Y1_UO531,MXY,0,31.002345308873174,0,0,0.0,0,0,0,0.0,0.625,1,P3_CV0,2,2,0,0,2
4,2539041.489,728416.6747,Age0_F4_m4f4_P4_Y4_UO66,R4_F4_m4f4_P4_Y1_UO45,R4_F4_m4f4_P4_Y1_UO531,FXX,0,31.002345308873174,0,0,0.0,0,0,0,0.0,0.625,1,P3_CV0,2,1,1,0,2
4,2539041.489,728416.6747,Age0_F4_m4f4_P4_Y4_UO67,R4_F4_m4f4_P4_Y1_UO45,R4_F4_m4f4_P4_Y1_UO531,FXX,0,31.002345308873174,0,0,0.0,0,0,0,0.0,0.625,1,P3_CV0,2,1,1,1,1
4,2539041.489,728416.6747,Age0_F4_m4f4_P4_Y4_UO68,R4_F4_m4f4_P4_Y1_UO45,R4_F4_m4f4_P4_Y1_UO531,FXX,0,31.002345308873174,0,0,0.0,0,0,0,0.0,0.625,1,P3_CV0,2,2,0,0,2
4,2539041.489,728416.6747,Age0_F4_m4f4_P4_Y4_UO199,R4_F4_m4f4_P4_Y1_UO152,R4_F4_m4f4_P4_Y2_UO542,MXY,0,31.002345308873174,0,0,0.0,0,0,0,0.0,0.75,1,P3_CV0,2,0,2,0,2
4,2539041.489,728416.6747,Age0_F4_m4f4_P4_Y4_UO200,R4_F4_m4f4_P4_Y1_UO152,R4_F4_m4f4_P4_Y2_UO542,FXX,0,31.002345308873174,0,0,0.0,0,0,0,0.0,0.75,1,P3_CV0,2,2,0,1,1
4,2539041.489,728416.6747,Age0_F4_m4f4_P4_Y4_UO201,R4_F4_m4f4_P4_Y1_UO152,R4_F4_m4f4_P4_Y2_UO542,FXX,0,31.002345308873174,0,0,0.0,0,0,0,0.0,0.75,1,P3_CV0,2,2,0,1,1
4,2539041.489,728416.6747,Age0_F4_m4f4_P4_Y4_UO202,R4_F4_m4f4_P4_Y1_UO152,R4_F4_m4f4_P4_Y2_UO542,MXY,0,31.002345308873174,0,0,0.0,0,0,0,0.0,0.75,1,P3_CV0,2,0,2,0,2
4,2539041.489,728416.6747,Age0_F4_m4f4_P4_Y4_UO203,R4_F4_m4f4_P4_Y1_UO152,R4_F4_m4f4_P4_Y2_UO542,MXY,0,31.002345308873174,0,0,0.0,0,0,0,0.0,0.75,1,P3_CV0,2,1,1,0,2
4,2539041.489,728416.6747,Age0_F4_m4f4_P4_Y4_UO255,R4_F4_m4f4_P4_Y2_UO545,R4_F4_m4f4_P4_Y0_UO807,MXY,0,31.002345308873174,0,0,0.0,0,0,0,0.0,0.625,1,P3_CV0,2,2,0,2,0
4,2539041.489,728416.6747,Age0_F4_m4f4_P4_Y4_UO256,R4_F4_m4f4_P4_Y2_UO545,R4_F4_m4f4_P4_Y0_UO807,FXX,0,31.002345308873174,0,0,0.0,0,0,0,0.0,0.625,1,P3_CV0,2,1,1,2,0
4,2539041.489,728416.6747,Age0_F4_m4f4_P4_Y4_UO257,R4_F4_m4f4_P4_Y2_UO545,R4_F4_m4f4_P4_Y0_UO807,FXX,0,31.002345308873174,0,0,0.0,0,0,0,0.0,0.625,1,P3_CV0,2,2,0,2,0
4,2539041.489,728416.6747,Age0_F4_m4f4_P4_Y4_UO258,R4_F4_m4f4_P4_Y2_UO545,R4_F4_m4f4_P4_Y0_UO807,MXY,0,31.002345308873174,0,0,0.0,0,0,0,0.0,0.625,1,P3_CV0,2,2,0,2,0
4,2539041.489,728416.6747,Age0_F4_m4f4_P4_Y4_UO259,R4_F4_m4f4_P4_Y2_UO545,R4_F4_m4f4_P4_Y0_UO807,MXY,0,31.002345308873174,0,0,0.0,0,0,0,0.0,0.625,1,P3_CV0,2,2,0,2,0
4,2539041.489,728416.6747,Age0_F4_m4f4_P4_Y4_UO260,R4_F4_m4f4_P4_Y2_UO545,R4_F4_m4f4_P4_Y0_UO807,FXX,0,31.002345308873174,0,0,0.0,0,0,0,0.0,0.625,1,P3_CV0,2,1,1,2,0
4,2539041.489,728416.6747,Age0_F4_m4f4_P4_Y4_UO294,R4_F4_m4f4_P4_Y0_UO629,R4_F4_m4f4_P4_Y2_UO184,MXY,0,31.002345308873174,0,0,0.0,0,0,0,0.0,0.5625,1,P3_CV0,2,1,1,1,1
4,2539041.489,728416.6747,Age0_F4_m4f4_P4_Y4_UO295,R4_F4_m4f4_P4_Y0_UO629,R4_F4_m4f4_P4_Y2_UO184,MXY,0,31.002345308873174,0,0,0.0,0,0,0,0.0,0.5625,1,P3_CV0,2,1,1,2,0
4,2539041.489,728416.6747,Age0_F4_m4f4_P4_Y4_UO296,R4_F4_m4f4_P4_Y0_UO629,R4_F4_m4f4_P4_Y2_UO184,FXX,0,31.002345308873174,0,0,0.0,0,0,0,0.0,0.5625,1,P3_CV0,2,0,2,0,2
4,2539041.489,728416.6747,Age0_F4_m4f4_P4_Y4_UO297,R4_F4_m4f4_P4_Y0_UO629,R4_F4_m4f4_P4_Y2_UO184,FXX,0,31.002345308873174,0,0,0.0,0,0,0,0.0,0.5625,1,P3_CV0,2,0,2,2,0
4,2539041.489,728416.6747,Age0_F4_m4f4_P4_Y4_UO298,R4_F4_m4f4_P4_Y0_UO629,R4_F4_m4f4_P4_Y2_UO184,MXY,0,31.002345308873174,0,0,0.0,0,0,0,0.0,0.5625,1,P3_CV0,2,0,2,2,0
4,2539041.489,728416.6747,Age0_F4_m4f4_P4_Y4_UO299,R4_F4_m4f4_P4_Y0_UO629,R4_F4_m4f4_P4_Y2_UO184,FXX,0,31.002345308873174,0,0,0.0,0,0,0,0.0,0.5625,1,P3_CV0,2,1,1,1,1
4,2539041.489,728416.6747,Age0_F4_m4f4_P4_Y4_UO300,R4_F4_m4f4_P4_Y0_UO629,R4_F4_m4f4_P4_Y2_UO184,MXY,0,31.002345308873174,0,0,0.0,0,0,0,0.0,0.5625,1,P3_CV0,2,0,2,0,2
4,2539041.489,728416.6747,Age0_F4_m4f4_P4_Y4_UO301,R4_F4_m4f4_P4_Y0_UO629,R4_F4_m4f4_P4_Y2_UO184,MXY,0,31.002345308873174,0,0,0.0,0,0,0,0.0,0.5625,1,P3_CV0,2,0,2,2,0
4,2539041.489,728416.6747,Age0_F4_m4f4_P4_Y4_UO308,R4_F4_m4f4_P4_Y0_UO325,R4_F4_m4f4_P4_Y2_UO542,MXY,0,31.002345308873174,0,0,0.0,0,0,0,0.0,0.625,1,P3_CV0,2,1,1,1,1
4,2539041.489,728416.6747,Age0_F4_m4f4_P4_Y4_UO309,R4_F4_m4f4_P4_Y0_UO325,R4_F4_m4f4_P4_Y2_UO542,FXX,0,31.002345308873174,0,0,0.0,0,0,0,0.0,0.625,1,P3_CV0,2,1,1,0,2
4,2539041.489,728416.6747,Age0_F4_m4f4_P4_Y4_UO310,R4_F4_m4f4_P4_Y0_UO325,R4_F4_m4f4_P4_Y2_UO542,MXY,0,31.002345308873174,0,0,0.0,0,0,0,0.0,0.625,1,P3_CV0,2,0,2,1,1
4,2539041.489,728416.6747,Age0_F4_m4f4_P4_Y4_UO311,R4_F4_m4f4_P4_Y0_UO325,R4_F4_m4f4_P4_Y2_UO542,FXX,0,31.002345308873174,0,0,0.0,0,0,0,0.0,0.625,1,P3_CV0,2,0,2,0,2
4,2539041.489,728416.6747,Age0_F4_m4f4_P4_Y4_UO312,R4_F4_m4f4_P4_Y0_UO325,R4_F4_m4f4_P4_Y2_UO542,FXX,0,31.002345308873174,0,0,0.0,0,0,0,0.0,0.625,1,P3_CV0,2,0,2,2,0
4,2539041.489,728416.6747,Age0_F4_m4f4_P4_Y4_UO313,R4_F4_m4f4_P4_Y0_UO325,R4_F4_m4f4_P4_Y2_UO542,FXX,0,31.002345308873174,0,0,0.0,0,0,0,0.0,0.625,1,P3_CV0,2,0,2,2,0
4,2539041.489,728416.6747,Age0_F4_m4f4_P4_Y4_UO314,R4_F4_m4f4_P4_Y0_UO325,R4_F4_m4f4_P4_Y2_UO542,FXX,0,31.002345308873174,0,0,0.0,0,0,0,0.0,0.625,1,P3_CV0,2,1,1,1,1
4,2539041.489,728416.6747,Age0_F4_m4f4_P4_Y4_UO315,R4_F4_m4f4_P4_Y0_UO325,R4_F4_m4f4_P4_Y2_UO542,MXY,0,31.002345308873174,0,0,0.0,0,0,0,0.0,0.625,1,P3_CV0,2,1,1,1,1
4,2539041.489,728416.6747,Age0_F4_m4f4_P4_Y4_UO329,R4_F4_m4f4_P4_Y1_UO152,R4_F4_m4f4_P4_Y2_UO563,MXY,0,31.002345308873174,0,0,0.0,0,0,0,0.0,0.5,1,P3_CV0,2,1,1,1,1
4,2539041.489,728416.6747,Age0_F4_m4f4_P4_Y4_UO330,R4_F4_m4f4_P4_Y1_UO152,R4_F4_m4f4_P4_Y2_UO563,FXX,0,31.002345308873174,0,0,0.0,0,0,0,0.0,0.5,1,P3_CV0,2,0,2,1,1
4,2539041.489,728416.6747,Age0_F4_m4f4_P4_Y4_UO331,R4_F4_m4f4_P4_Y1_UO152,R4_F4_m4f4_P4_Y2_UO563,MXY,0,31.002345308873174,0,0,0.0,0,0,0,0.0,0.5,1,P3_CV0,2,2,0,1,1
4,2539041.489,728416.6747,Age0_F4_m4f4_P4_Y4_UO372,R4_F4_m4f4_P4_Y1_UO45,R4_F4_m4f4_P4_Y2_UO512,FXX,0,31.002345308873174,0,0,0.0,0,0,0,0.0,0.4375,1,P3_CV0,2,0,2,1,1
4,2539041.489,728416.6747,Age0_F4_m4f4_P4_Y4_UO373,R4_F4_m4f4_P4_Y1_UO45,R4_F4_m4f4_P4_Y2_UO512,FXX,0,31.002345308873174,0,0,0.0,0,0,0,0.0,0.4375,1,P3_CV0,2,0,2,0,2
4,2539041.489,728416.6747,Age0_F4_m4f4_P4_Y4_UO374,R4_F4_m4f4_P4_Y1_UO45,R4_F4_m4f4_P4_Y2_UO512,FXX,0,31.002345308873174,0,0,0.0,0,0,0,0.0,0.4375,1,P3_CV0,2,0,2,1,1
4,2539041.489,728416.6747,Age0_F4_m4f4_P4_Y4_UO375,R4_F4_m4f4_P4_Y1_UO45,R4_F4_m4f4_P4_Y2_UO512,FXX,0,31.002345308873174,0,0,0.0,0,0,0,0.0,0.4375,1,P3_CV0,2,1,1,1,1
4,2539041.489,728416.6747,Age0_F4_m4f4_P4_Y4_UO384,R4_F4_m4f4_P4_Y1_UO218,R4_F4_m4f4_P4_Y0_UO215,MXY,0,31.002345308873174,0,0,0.0,0,0,0,0.0,0.375,1,P3_CV0,2,2,0,2,0
4,2539041.489,728416.6747,Age0_F4_m4f4_P4_Y4_UO385,R4_F4_m4f4_P4_Y1_UO218,R4_F4_m4f4_P4_Y0_UO215,MXY,0,31.002345308873174,0,0,0.0,0,0,0,0.0,0.375,1,P3_CV0,2,2,0,1,1
4,2539041.489,728416.6747,Age0_F4_m4f4_P4_Y4_UO386,R4_F4_m4f4_P4_Y1_UO218,R4_F4_m4f4_P4_Y0_UO215,MXY,0,31.002345308873174,0,0,0.0,0,0,0,0.0,0.375,1,P3_CV0,2,2,0,2,0
4,2539041.489,728416.6747,Age0_F4_m4f4_P4_Y4_UO387,R4_F4_m4f4_P4_Y1_UO218,R4_F4_m4f4_P4_Y0_UO215,FXX,0,31.002345308873174,0,0,0.0,0,0,0,0.0,0.375,1,P3_CV0,2,2,0,1,1
4,2539041.489,728416.6747,Age0_F4_m4f4_P4_Y4_UO399,R4_F4_m4f4_P4_Y1_UO152,R4_F4_m4f4_P4_Y2_UO542,MXY,0,31.002345308873174,0,0,0.0,0,0,0,0.0,0.75,1,P3_CV0,2,1,1,1,1
4,2539041.489,728416.6747,Age0_F4_m4f4_P4_Y4_UO400,R4_F4_m4f4_P4_Y1_UO152,R4_F4_m4f4_P4_Y2_UO542,MXY,0,31.002345308873174,0,0,0.0,0,0,0,0.0,0.75,1,P3_CV0,2,1,1,1,1
4,2539041.489,728416.6747,Age0_F4_m4f4_P4_Y4_UO401,R4_F4_m4f4_P4_Y1_UO152,R4_F4_m4f4_P4_Y2_UO542,MXY,0,31.002345308873174,0,0,0.0,0,0,0,0.0,0.75,1,P3_CV0,2,1,1,1,1
4,2539041.489,728416.6747,Age0_F4_m4f4_P4_Y4_UO402,R4_F4_m4f4_P4_Y1_UO152,R4_F4_m4f4_P4_Y2_UO542,MXY,0,31.002345308873174,0,0,0.0,0,0,0,0.0,0.75,1,P3_CV0,2,1,1,1,1
4,2539041.489,728416.6747,Age0_F4_m4f4_P4_Y4_UO403,R4_F4_m4f4_P4_Y1_UO152,R4_F4_m4f4_P4_Y2_UO542,FXX,0,31.002345308873174,0,0,0.0,0,0,0,0.0,0.75,1,P3_CV0,2,1,1,0,2
4,2539041.489,728416.6747,Age0_F4_m4f4_P4_Y4_UO413,R4_F4_m4f4_P4_Y0_UO756,R4_F4_m4f4_P4_Y2_UO184,MXY,0,31.002345308873174,0,0,0.0,0,0,0,0.0,0.4375,1,P3_CV0,2,1,1,1,1
4,2539041.489,728416.6747,Age0_F4_m4f4_P4_Y4_UO414,R4_F4_m4f4_P4_Y0_UO756,R4_F4_m4f4_P4_Y2_UO184,MXY,0,31.002345308873174,0,0,0.0,0,0,0,0.0,0.4375,1,P3_CV0,2,0,2,2,0
4,2539041.489,728416.6747,Age0_F4_m4f4_P4_Y4_UO415,R4_F4_m4f4_P4_Y0_UO756,R4_F4_m4f4_P4_Y2_UO184,MXY,0,31.002345308873174,0,0,0.0,0,0,0,0.0,0.4375,1,P3_CV0,2,1,1,2,0
4,2539041.489,728416.6747,Age0_F4_m4f4_P4_Y4_UO416,R4_F4_m4f4_P4_Y0_UO756,R4_F4_m4f4_P4_Y2_UO184,MXY,0,31.002345308873174,0,0,0.0,0,0,0,0.0,0.4375,1,P3_CV0,2,0,2,2,0
4,2539041.489,728416.6747,Age0_F4_m4f4_P4_Y4_UO417,R4_F4_m4f4_P4_Y0_UO756,R4_F4_m4f4_P4_Y2_UO184,MXY,0,31.002345308873174,0,0,0.0,0,0,0,0.0,0.4375,1,P3_CV0,2,1,1,1,1
4,2539041.489,728416.6747,Age0_F4_m4f4_P4_Y4_UO418,R4_F4_m4f4_P4_Y0_UO756,R4_F4_m4f4_P4_Y2_UO184,MXY,0,31.002345308873174,0,0,0.0,0,0,0,0.0,0.4375,1,P3_CV0,2,0,2,0,2
4,2539041.489,728416.6747,Age0_F4_m4f4_P4_Y4_UO419,R4_F4_m4f4_P4_Y0_UO756,R4_F4_m4f4_P4_Y2_UO184,MXY,0,31.002345308873174,0,0,0.0,0,0,0,0.0,0.4375,1,P3_CV0,2,1,1,0,2
4,2539041.489,728416.6747,Age0_F4_m4f4_P4_Y4_UO420,R4_F4_m4f4_P4_Y0_UO756,R4_F4_m4f4_P4_Y2_UO184,MXY,0,31.002345308873174,0,0,0.0,0,0,0,0.0,0.4375,1,P3_CV0,2,0,2,1,1
4,2539041.489,728416.6747,Age0_F4_m4f4_P4_Y4_UO421,R4_F4_m4f4_P4_Y0_UO756,R4_F4_m4f4_P4_Y2_UO184,MXY,0,31.002345308873174,0,0,0.0,0,0,0,0.0,0.4375,1,P3_CV0,2,1,1,1,1
4,2539041.489,728416.6747,Age0_F4_m4f4_P4_Y4_UO422,R4_F4_m4f4_P4_Y0_UO756,R4_F4_m4f4_P4_Y2_UO184,FXX,0,31.002345308873174,0,0,0.0,0,0,0,0.0,0.4375,1,P3_CV0,2,0,2,2,0
4,2539041.489,728416.6747,Age0_F4_m4f4_P4_Y4_UO423,R4_F4_m4f4_P4_Y0_UO756,R4_F4_m4f4_P4_Y2_UO184,MXY,0,31.002345308873174,0,0,0.0,0,0,0,0.0,0.4375,1,P3_CV0,2,0,2,1,1
4,2539041.489,728416.6747,R4_F4_m4f4_P4_Y3_UO194,R4_F4_m4f4_P4_Y1_UO55,R4_F4_m4f4_P4_Y1_UO281,MXY,1,57.03637365620397,1,1,0.0,0,0,0,-9999.0,0.125,1,P3_CV0,2,2,0,1,1
4,2539041.489,728416.6747,R4_F4_m4f4_P4_Y3_UO14,R4_F4_m4f4_P4_Y1_UO152,I4_F7_m4f4_P4_Y1_UO462,FXX,1,57.03637365620397,1,1,2.279,0,0,0,-9999.0,0.5,1,P3_CV0,2,0,2,2,0
4,2539041.489,728416.6747,R4_F4_m4f4_P4_Y3_UO108,R4_F4_m4f4_P4_Y1_UO182,R4_F4_m4f4_P4_Y0_UO241,MXY,1,57.03637365620397,1,1,0.0,0,0,0,-9999.0,0.625,1,P3_CV0,2,1,1,1,1
4,2539041.489,728416.6747,R4_F4_m4f4_P4_Y3_UO31,R4_F4_m-1f-1_P4_Y-1_U107,R4_F4_m4f4_P4_Y1_UO160,FXX,1,57.03637365620397,1,1,0.0,0,0,0,-9999.0,0.625,1,P3_CV0,2,1,1,2,0
4,2539041.489,728416.6747,R4_F4_m4f4_P4_Y3_UO119,R4_F4_m-1f-1_P4_Y-1_U107,R4_F4_m-1f-1_P4_Y-1_U131,FXX,1,57.03637365620397,1,1,1.501,0,0,0,-9999.0,0.75,1,P3_CV0,2,1,1,2,0
4,2539041.489,728416.6747,R4_F4_m4f4_P4_Y3_UO262,R4_F4_m-1f-1_P4_Y-1_U122,R4_F4_m-1f-1_P4_Y-1_U140,FXX,1,57.03637365620397,1,1,1.276,0,0,0,-9999.0,0.75,1,P3_CV0,2,1,1,1,1
4,2539041.489,728416.6747,R4_F4_m4f4_P4_Y3_UO205,R4_F4_m-1f-1_P4_Y-1_U135,R4_F4_m4f4_P4_Y0_UO443,FXX,1,57.03637365620397,1,1,1.619,0,0,0,-9999.0,0.0,1,P3_CV0,2,0,2,0,2
4,2539041.489,728416.6747,R4_F4_m4f4_P4_Y3_UO33,R4_F4_m-1f-1_P4_Y-1_U107,R4_F4_m4f4_P4_Y1_UO160,FXX,1,57.03637365620397,1,1,2.294,0,0,0,-9999.0,0.625,1,P3_CV0,2,2,0,1,1
4,2539041.489,728416.6747,R4_F4_m4f4_P4_Y3_UO102,R4_F4_m-1f-1_P4_Y-1_U111,R4_F4_m-1f-1_P4_Y-1_U2,FXX,1,57.03637365620397,1,1,3.332,0,0,0,-9999.0,0.25,1,P3_CV0,2,0,2,1,1
4,2539041.489,728416.6747,R4_F4_m4f4_P4_Y3_UO34,R4_F4_m1f1_P1_Y1_UO272,R4_F4_m4f4_P4_Y1_UO263,MXY,1,57.03637365620397,1,1,0.0,0,0,0,-9999.0,0.375,1,P3_CV0,2,2,0,1,1
4,2539041.489,728416.6747,R4_F4_m4f4_P4_Y3_UO203,R4_F4_m-1f-1_P4_Y-1_U135,R4_F4_m4f4_P4_Y0_UO443,FXX,1,57.03637365620397,1,1,2.704,0,0,0,-9999.0,0.0,1,P3_CV0,2,0,2,1,1
4,2539041.489,728416.6747,R4_F4_m4f4_P4_Y3_UO130,R4_F4_m4f4_P4_Y1_UO464,R4_F4_m4f4_P4_Y1_UO62,MXY,1,57.03637365620397,1,1,0.0,0,0,0,-9999.0,0.75,1,P3_CV0,2,1,1,1,1
4,2539041.489,728416.6747,R4_F4_m4f4_P4_Y3_UO263,R4_F4_m-1f-1_P4_Y-1_U122,R4_F4_m-1f-1_P4_Y-1_U140,MXY,1,57.03637365620397,1,1,0.0,0,0,0,-9999.0,0.75,1,P3_CV0,2,2,0,2,0
4,2539041.489,728416.6747,R4_F4_m4f4_P4_Y3_UO347,R4_F4_m-1f-1_P4_Y-1_U135,R4_F4_m4f4_P4_Y1_UO521,FXX,1,57.03637365620397,1,1,1.0,0,0,0,-9999.0,0.125,1,P3_CV0,2,1,1,2,0
4,2539041.489,728416.6747,R4_F4_m4f4_P4_Y3_UO101,R4_F4_m-1f-1_P4_Y-1_U111,R4_F4_m-1f-1_P4_Y-1_U2,FXX,1,57.03637365620397,1,1,1.0,0,0,0,-9999.0,0.25,1,P3_CV0,2,1,1,2,0
4,2539041.489,728416.6747,R4_F4_m4f4_P4_Y3_UO346,R4_F4_m-1f-1_P4_Y-1_U135,R4_F4_m4f4_P4_Y1_UO521,MXY,1,57.03637365620397,1,1,0.0,0,0,0,-9999.0,0.125,1,P3_CV0,2,1,1,1,1
4,2539041.489,728416.6747,R4_F4_m4f4_P4_Y3_UO97,R4_F4_m-1f-1_P4_Y-1_U107,R4_F4_m4f4_P4_Y1_UO550,MXY,1,57.03637365620397,1,1,0.0,0,0,0,-9999.0,0.375,1,P3_CV0,2,1,1,2,0
4,2539041.489,728416.6747,R4_F4_m4f4_P4_Y3_UO246,R4_F4_m1f1_P1_Y1_UO272,R4_F4_m4f4_P4_Y1_UO550,MXY,1,57.03637365620397,1,1,0.0,0,0,0,-9999.0,0.25,1,P3_CV0,2,2,0,1,1
4,2539041.489,728416.6747,R4_F4_m4f4_P4_Y3_UO199,R4_F4_m4f4_P4_Y0_UO142,R4_F4_m4f4_P4_Y1_UO521,MXY,1,57.03637365620397,1,1,0.0,0,0,0,-9999.0,0.375,1,P3_CV0,2,1,1,1,1
4,2539041.489,728416.6747,R4_F4_m4f4_P4_Y3_UO249,R4_F4_m4f4_P4_Y1_UO96,R4_F4_m4f4_P4_Y1_UO128,MXY,1,57.03637365620397,1,1,0.0,0,0,0,-9999.0,0.5,1,P3_CV0,2,2,0,1,1
4,2539041.489,728416.6747,R4_F4_m4f4_P4_Y3_UO118,R4_F4_m-1f-1_P4_Y-1_U107,R4_F4_m-1f-1_P4_Y-1_U131,MXY,1,57.03637365620397,1,1,0.0,0,0,0,-9999.0,0.75,1,P3_CV0,2,1,1,2,0
4,2539041.489,728416.6747,R4_F4_m4f4_P4_Y3_UO87,R4_F4_m4f4_P4_Y0_UO142,R4_F4_m4f4_P4_Y1_UO531,MXY,1,57.03637365620397,1,1,0.0,0,0,0,-9999.0,0.5,1,P3_CV0,2,1,1,1,1
4,2539041.489,728416.6747,R4_F4_m4f4_P4_Y3_UO386,R4_F4_m4f4_P4_Y0_UO142,R4_F4_m-1f-1_P4_Y-1_U46,FXX,1,57.03637365620397,1,1,0.0,0,0,0,-9999.0,0.75,1,P3_CV0,2,1,1,1,1
4,2539041.489,728416.6747,R4_F4_m4f4_P4_Y3_UO311,R4_F4_m4f4_P4_Y1_UO541,R4_F4_m4f4_P4_Y1_UO6,MXY,1,57.03637365620397,1,1,0.0,0,0,0,-9999.0,0.625,1,P3_CV0,2,2,0,2,0
4,2539041.489,728416.6747,R4_F4_m4f4_P4_Y3_UO117,R4_F4_m-1f-1_P4_Y-1_U107,R4_F4_m-1f-1_P4_Y-1_U131,MXY,1,57.03637365620397,1,1,0.0,0,0,0,-9999.0,0.75,1,P3_CV0,2,1,1,2,0
4,2539041.489,728416.6747,R4_F4_m4f4_P4_Y3_UO237,R4_F4_m-1f-1_P4_Y-1_U107,R4_F4_m4f4_P4_Y1_UO56,MXY,1,57.03637365620397,1,1,0.0,0,0,0,-9999.0,0.375,1,P3_CV0,2,1,1,1,1
4,2539041.489,728416.6747,R4_F4_m4f4_P4_Y3_UO36,R4_F4_m-1f-1_P4_Y-1_U107,R4_F4_m4f4_P4_Y1_UO550,MXY,1,57.03637365620397,1,1,0.0,0,0,0,-9999.0,0.375,1,P3_CV0,2,0,2,2,0
4,2539041.489,728416.6747,R4_F4_m4f4_P4_Y3_UO348,R4_F4_m-1f-1_P4_Y-1_U135,R4_F4_m4f4_P4_Y1_UO521,FXX,1,57.03637365620397,1,1,2.331,0,0,0,-9999.0,0.125,1,P3_CV0,2,1,1,1,1
4,2539041.489,728416.6747,R4_F4_m4f4_P4_Y3_UO335,R4_F4_m4f4_P4_Y1_UO264,R4_F4_m4f4_P4_Y0_UO241,MXY,1,57.03637365620397,1,1,0.0,0,0,0,-9999.0,0.75,1,P3_CV0,2,2,0,2,0
4,2539041.489,728416.6747,R4_F4_m4f4_P4_Y3_UO35,R4_F4_m-1f-1_P4_Y-1_U107,R4_F4_m4f4_P4_Y1_UO550,MXY,1,57.03637365620397,1,1,0.0,0,0,0,-9999.0,0.375,1,P3_CV0,2,1,1,2,0
4,2539041.489,728416.6747,R4_F4_m4f4_P4_Y3_UO104,R4_F4_m4f4_P4_Y0_UO629,R4_F4_m4f4_P4_Y0_UO807,MXY,1,57.03637365620397,1,1,0.0,0,0,0,-9999.0,0.5,1,P3_CV0,2,2,0,2,0
4,2539041.489,728416.6747,R4_F4_m4f4_P4_Y3_UO361,R4_F4_m4f4_P4_Y1_UO40,R4_F4_m4f4_P4_Y0_UO807,MXY,1,57.03637365620397,1,1,0.0,0,0,0,-9999.0,0.5,1,P3_CV0,2,2,0,1,1
4,2539041.489,728416.6747,R4_F4_m4f4_P4_Y3_UO238,R4_F4_m-1f-1_P4_Y-1_U107,R4_F4_m4f4_P4_Y1_UO56,MXY,1,57.03637365620397,1,1,0.0,0,0,0,-9999.0,0.375,1,P3_CV0,2,0,2,1,1
4,2539041.489,728416.6747,R4_F4_m4f4_P4_Y3_UO25,R4_F4_m4f4_P4_Y1_UO95,R4_F4_m4f4_P4_Y0_UO807,FXX,1,57.03637365620397,1,1,1.0,0,0,0,-9999.0,0.5,1,P3_CV0,2,2,0,2,0
4,2539041.489,728416.6747,R4_F4_m4f4_P4_Y3_UO198,R4_F4_m4f4_P4_Y0_UO142,R4_F4_m4f4_P4_Y1_UO521,MXY,1,57.03637365620397,1,1,0.0,0,0,0,-9999.0,0.375,1,P3_CV0,2,1,1,1,1
4,2539041.489,728416.6747,R4_F4_m4f4_P4_Y3_UO131,R4_F4_m4f4_P4_Y0_UO324,R4_F4_m-1f-1_P4_Y-1_U140,FXX,1,57.03637365620397,1,1,1.105,0,0,0,-9999.0,0.5,1,P3_CV0,2,2,0,0,2
4,2539041.489,728416.6747,R4_F4_m4f4_P4_Y3_UO387,R4_F4_m4f4_P4_Y0_UO142,R4_F4_m-1f-1_P4_Y-1_U46,FXX,1,57.03637365620397,1,1,0.0,0,0,0,-9999.0,0.75,1,P3_CV0,2,1,1,1,1
4,2539041.489,728416.6747,R4_F4_m4f4_P4_Y2_UO516,R4_F4_m4f4_P4_Y0_UO466,R4_F4_m4f4_P4_Y0_UO755,FXX,2,83.08765143050712,1,0,1.622,0,0,0,-9999.0,0.125,1,P3_CV0,2,0,2,1,1
4,2539041.489,728416.6747,R4_F4_m4f4_P4_Y2_UO563,R4_F4_m-1f-1_P4_Y-1_U117,R4_F4_m4f4_P4_Y0_UO140,MXY,2,83.08765143050712,1,0,0.0,0,0,0,-9999.0,0.25,1,P3_CV0,2,1,1,0,2
4,2539041.489,728416.6747,R4_F4_m4f4_P4_Y2_UO187,R4_F4_m4f4_P4_Y0_UO466,R4_F4_m4f4_P4_Y0_UO539,MXY,2,83.08765143050712,1,0,0.0,0,0,0,-9999.0,0.375,1,P3_CV0,2,1,1,2,0
4,2539041.489,728416.6747,R4_F4_m4f4_P4_Y2_UO291,R4_F4_m4f4_P4_Y0_UO629,R4_F4_m4f4_P4_Y0_UO807,MXY,2,83.08765143050712,1,0,0.0,0,0,0,-9999.0,0.5,1,P3_CV0,2,1,1,1,1
4,2539041.489,728416.6747,R4_F4_m4f4_P4_Y2_UO376,R4_F4_m-1f-1_P4_Y-1_U45,R4_F4_m4f4_P4_Y0_UO470,FXX,2,83.08765143050712,1,0,1.978,0,0,0,-9999.0,0.875,1,P3_CV0,2,2,0,1,1
4,2539041.489,728416.6747,R4_F4_m4f4_P4_Y2_UO1,R4_F4_m4f4_P4_Y0_UO466,R4_F4_m-1f-1_P4_Y-1_U2,MXY,2,83.08765143050712,1,0,0.0,0,0,0,-9999.0,0.0,1,P3_CV0,2,0,2,1,1
4,2539041.489,728416.6747,R4_F4_m4f4_P4_Y2_UO377,R4_F4_m-1f-1_P4_Y-1_U45,R4_F4_m4f4_P4_Y0_UO109,MXY,2,83.08765143050712,1,0,0.0,0,0,0,-9999.0,0.625,1,P3_CV0,2,1,1,0,2
4,2539041.489,728416.6747,R4_F4_m4f4_P4_Y2_UO29,R4_F4_m-1f-1_P4_Y-1_U77,R4_F4_m4f4_P4_Y0_UO442,MXY,2,83.08765143050712,1,0,0.0,0,0,0,-9999.0,0.5,1,P3_CV0,2,1,1,0,2
4,2539041.489,728416.6747,R4_F4_m4f4_P4_Y2_UO512,R4_F4_m4f4_P4_Y0_UO466,R4_F4_m4f4_P4_Y0_UO755,MXY,2,83.08765143050712,1,0,0.0,0,0,0,-9999.0,0.125,1,P3_CV0,2,0,2,1,1
4,2539041.489,728416.6747,R4_F4_m4f4_P4_Y2_UO79,R4_F4_m4f4_P4_Y0_UO130,R4_F4_m-1f-1_P4_Y-1_U54,MXY,2,83.08765143050712,1,0,0.0,0,0,0,-9999.0,0.5,1,P3_CV0,2,1,1,1,1
4,2539041.489,728416.6747,R4_F4_m4f4_P4_Y2_UO545,R4_F4_m4f4_P4_Y0_UO141,R4_F4_m4f4_P4_Y0_UO241,FXX,2,83.08765143050712,1,0,1.288,0,0,0,-9999.0,0.75,1,P3_CV0,2,1,1,2,0
4,2539041.489,728416.6747,R4_F4_m4f4_P4_Y2_UO290,R4_F4_m4f4_P4_Y0_UO629,R4_F4_m4f4_P4_Y0_UO807,MXY,2,83.08765143050712,1,0,0.0,0,0,0,-9999.0,0.5,1,P3_CV0,2,2,0,2,0
4,2539041.489,728416.6747,R4_F4_m4f4_P4_Y2_UO182,R4_F4_m4f4_P4_Y0_UO512,R4_F4_m-1f-1_P4_Y-1_U68,FXX,2,83.08765143050712,1,0,2.138,0,0,0,-9999.0,0.625,1,P3_CV0,2,0,2,1,1
4,2539041.489,728416.6747,R4_F4_m4f4_P4_Y2_UO542,R4_F4_m4f4_P4_Y0_UO141,R4_F4_m4f4_P4_Y0_UO241,MXY,2,83.08765143050712,1,0,0.0,0,0,0,-9999.0,0.75,1,P3_CV0,2,1,1,1,1
4,2539041.489,728416.6747,R4_F4_m4f4_P4_Y2_UO492,R4_F4_m4f4_P4_Y0_UO512,R4_F4_m-1f-1_P4_Y-1_U98,MXY,2,83.08765143050712,1,0,0.0,0,0,0,-9999.0,0.375,1,P3_CV0,2,0,2,1,1
4,2539041.489,728416.6747,R4_F4_m4f4_P4_Y2_UO2,R4_F4_m4f4_P4_Y0_UO466,R4_F4_m-1f-1_P4_Y-1_U2,FXX,2,83.08765143050712,1,0,1.0,0,0,0,-9999.0,0.0,1,P3_CV0,2,0,2,2,0
4,2539041.489,728416.6747,R4_F4_m4f4_P4_Y2_UO184,R4_F4_m4f4_P4_Y0_UO512,R4_F4_m-1f-1_P4_Y-1_U68,MXY,2,83.08765143050712,1,0,0.0,0,0,0,-9999.0,0.625,1,P3_CV0,2,0,2,1,1
4,2539041.489,728416.6747,R4_F4_m4f4_P4_Y2_UO192,R4_F4_m-1f-1_P4_Y-1_U135,R4_F4_m4f4_P4_Y0_UO580,MXY,2,83.08765143050712,1,0,0.0,0,0,0,-9999.0,0.25,1,P3_CV0,2,1,1,0,2
4,2539041.489,728416.6747,R4_F4_m4f4_P4_Y2_UO260,R4_F4_m-1f-1_P4_Y-1_U77,R4_F4_m-1f-1_P4_Y-1_U24,MXY,2,83.08765143050712,1,0,0.0,0,0,0,-9999.0,0.5,1,P3_CV0,2,1,1,0,2
4,2539041.489,728416.6747,R4_F4_m4f4_P4_Y1_UO454,R4_F4_m-1f-1_P4_Y-1_U1,R4_F4_m-1f-1_P4_Y-1_U35,FXX,3,101.45260888621254,1,0,1.0,0,0,0,-9999.0,0.5,1,P3_CV0,2,1,1,0,2
4,2539041.489,728416.6747,R4_F4_m4f4_P4_Y1_UO45,R4_F4_m-1f-1_P4_Y-1_U42,R4_F4_m-1f-1_P4_Y-1_U99,FXX,3,101.45260888621254,1,0,1.115,0,0,0,-9999.0,0.75,1,P3_CV0,2,1,1,1,1
4,2539041.489,728416.6747,R4_F4_m4f4_P4_Y1_UO96,R4_F4_m-1f-1_P4_Y-1_U82,R4_F4_m-1f-1_P4_Y-1_U101,FXX,3,101.45260888621254,1,0,1.0,0,0,0,-9999.0,0.5,1,P3_CV0,2,2,0,2,0
4,2539041.489,728416.6747,R4_F4_m4f4_P4_Y1_UO69,R4_F4_m-1f-1_P4_Y-1_U0,R4_F4_m-1f-1_P4_Y-1_U17,FXX,3,101.45260888621254,1,0,1.748,0,0,0,-9999.0,0.75,1,P3_CV0,2,1,1,1,1
4,2539041.489,728416.6747,R4_F4_m4f4_P4_Y1_UO263,R4_F4_m-1f-1_P4_Y-1_U90,R4_F4_m-1f-1_P4_Y-1_U50,MXY,3,101.45260888621254,1,0,0.0,0,0,0,-9999.0,0.5,1,P3_CV0,2,2,0,1,1
4,2539041.489,728416.6747,R4_F4_m4f4_P4_Y1_UO128,R4_F4_m-1f-1_P4_Y-1_U9,R4_F4_m-1f-1_P4_Y-1_U120,MXY,3,101.45260888621254,1,0,0.0,0,0,0,-9999.0,0.5,1,P3_CV0,2,1,1,1,1
4,2539041.489,728416.6747,R4_F4_m4f4_P4_Y1_UO46,R4_F4_m-1f-1_P4_Y-1_U102,R4_F4_m-1f-1_P4_Y-1_U5,MXY,3,101.45260888621254,1,0,0.0,0,0,0,-9999.0,0.5,1,P3_CV0,2,2,0,0,2
4,2539041.489,728416.6747,R4_F4_m4f4_P4_Y1_UO182,R4_F4_m-1f-1_P4_Y-1_U27,R4_F4_m-1f-1_P4_Y-1_U105,FXX,3,101.45260888621254,1,0,0.0,0,0,0,-9999.0,0.25,1,P3_CV0,2,2,0,1,1
4,2539041.489,728416.6747,R4_F4_m4f4_P4_Y1_UO531,R4_F4_m-1f-1_P4_Y-1_U3,R4_F4_m-1f-1_P4_Y-1_U55,MXY,3,101.45260888621254,1,0,0.0,0,0,0,-9999.0,0.5,1,P3_CV0,2,2,0,0,2
4,2539041.489,728416.6747,R4_F4_m4f4_P4_Y1_UO464,RD4_F4_m-1f-1_P4_Y-1_U129,R4_F4_m-1f-1_P4_Y-1_U109,FXX,3,101.45260888621254,1,0,0.0,0,0,0,-9999.0,0.5,1,P3_CV0,2,0,2,0,2
4,2539041.489,728416.6747,R4_F4_m4f4_P4_Y1_UO152,R4_F4_m-1f-1_P4_Y-1_U124,R4_F4_m-1f-1_P4_Y-1_U72,FXX,3,101.45260888621254,1,0,0.0,0,0,0,-9999.0,0.75,1,P3_CV0,2,1,1,1,1
4,2539041.489,728416.6747,R4_F4_m4f4_P4_Y0_UO286,R4_F4_m-1f-1_P4_Y-1_U122,R4_F4_m-1f-1_P4_Y-1_U87,MXY,4,115.40534924762532,1,0,0.0,0,0,0,-9999.0,1.0,1,P3_CV0,2,2,0,1,1
4,2539041.489,728416.6747,R4_F4_m4f4_P4_Y0_UO215,R4_F4_m-1f-1_P4_Y-1_U128,R4_F4_m-1f-1_P4_Y-1_U93,MXY,4,115.40534924762532,1,0,0.0,0,0,0,-9999.0,0.25,1,P3_CV0,2,2,0,2,0
4,2539041.489,728416.6747,R4_F4_m-1f-1_P4_Y-1_U24,-9999,-9999,MXY,5,129.77208660203792,1,0,0.0,0,0,0,-9999.0,0.0,1,P3_CV0,2,0,2,0,2
5,2535011.582,720257.8531,Age0_F5_m5f5_P5_Y4_UO52,R5_F5_m5f5_P5_Y2_UO419,R5_F5_m5f5_P5_Y1_UO426,FXX,0,31.019869463231885,0,0,0.0,0,0,0,0.0,0.5,1,P4_CV0,3,1,1,0,2
5,2535011.582,720257.8531,Age0_F5_m5f5_P5_Y4_UO53,R5_F5_m5f5_P5_Y2_UO419,R5_F5_m5f5_P5_Y1_UO426,FXX,0,31.019869463231885,0,0,0.0,0,0,0,0.0,0.5,1,P4_CV0,3,0,2,1,1
5,2535011.582,720257.8531,Age0_F5_m5f5_P5_Y4_UO54,R5_F5_m5f5_P5_Y2_UO419,R5_F5_m5f5_P5_Y1_UO426,FXX,0,31.019869463231885,0,0,0.0,0,0,0,0.0,0.5,1,P4_CV0,3,1,1,1,1
5,2535011.582,720257.8531,Age0_F5_m5f5_P5_Y4_UO55,R5_F5_m5f5_P5_Y2_UO419,R5_F5_m5f5_P5_Y1_UO426,MXY,0,31.019869463231885,0,0,0.0,0,0,0,0.0,0.5,1,P4_CV0,3,1,1,0,2
5,2535011.582,720257.8531,Age0_F5_m5f5_P5_Y4_UO56,R5_F5_m5f5_P5_Y2_UO419,R5_F5_m5f5_P5_Y1_UO426,MXY,0,31.019869463231885,0,0,0.0,0,0,0,0.0,0.5,1,P4_CV0,3,0,2,1,1
5,2535011.582,720257.8531,Age0_F5_m5f5_P5_Y4_UO73,R5_F5_m-1f-1_P5_Y-1_U107,R5_F5_m5f5_P5_Y2_UO234,MXY,0,31.019869463231885,0,0,0.0,0,0,0,0.0,0.25,1,P4_CV0,3,1,1,0,2
5,2535011.582,720257.8531,Age0_F5_m5f5_P5_Y4_UO74,R5_F5_m-1f-1_P5_Y-1_U107,R5_F5_m5f5_P5_Y2_UO234,FXX,0,31.019869463231885,0,0,0.0,0,0,0,0.0,0.25,1,P4_CV0,3,1,1,1,1
5,2535011.582,720257.8531,Age0_F5_m5f5_P5_Y4_UO75,R5_F5_m-1f-1_P5_Y-1_U107,R5_F5_m5f5_P5_Y2_UO234,FXX,0,31.019869463231885,0,0,0.0,0,0,0,0.0,0.25,1,P4_CV0,3,1,1,2,0
5,2535011.582,720257.8531,Age0_F5_m5f5_P5_Y4_UO76,R5_F5_m-1f-1_P5_Y-1_U107,R5_F5_m5f5_P5_Y2_UO234,MXY,0,31.019869463231885,0,0,0.0,0,0,0,0.0,0.25,1,P4_CV0,3,1,1,1,1
5,2535011.582,720257.8531,Age0_F5_m5f5_P5_Y4_UO77,R5_F5_m-1f-1_P5_Y-1_U107,R5_F5_m5f5_P5_Y2_UO234,FXX,0,31.019869463231885,0,0,0.0,0,0,0,0.0,0.25,1,P4_CV0,3,1,1,2,0
5,2535011.582,720257.8531,Age0_F5_m5f5_P5_Y4_UO78,R5_F5_m-1f-1_P5_Y-1_U107,R5_F5_m5f5_P5_Y2_UO234,MXY,0,31.019869463231885,0,0,0.0,0,0,0,0.0,0.25,1,P4_CV0,3,1,1,1,1
5,2535011.582,720257.8531,Age0_F5_m5f5_P5_Y4_UO93,R5_F5_m-1f-1_P5_Y-1_U107,R5_F5_m5f5_P5_Y0_UO31,FXX,0,31.019869463231885,0,0,0.0,0,0,0,0.0,0.5,1,P4_CV0,3,0,2,2,0
5,2535011.582,720257.8531,Age0_F5_m5f5_P5_Y4_UO94,R5_F5_m-1f-1_P5_Y-1_U107,R5_F5_m5f5_P5_Y0_UO31,FXX,0,31.019869463231885,0,0,0.0,0,0,0,0.0,0.5,1,P4_CV0,3,0,2,2,0
5,2535011.582,720257.8531,Age0_F5_m5f5_P5_Y4_UO95,R5_F5_m-1f-1_P5_Y-1_U107,R5_F5_m5f5_P5_Y0_UO31,MXY,0,31.019869463231885,0,0,0.0,0,0,0,0.0,0.5,1,P4_CV0,3,0,2,1,1
5,2535011.582,720257.8531,Age0_F5_m5f5_P5_Y4_UO96,R5_F5_m-1f-1_P5_Y-1_U107,R5_F5_m5f5_P5_Y0_UO31,MXY,0,31.019869463231885,0,0,0.0,0,0,0,0.0,0.5,1,P4_CV0,3,0,2,1,1
5,2535011.582,720257.8531,Age0_F5_m5f5_P5_Y4_UO97,R5_F5_m-1f-1_P5_Y-1_U107,R5_F5_m5f5_P5_Y0_UO31,FXX,0,31.019869463231885,0,0,0.0,0,0,0,0.0,0.5,1,P4_CV0,3,0,2,1,1
5,2535011.582,720257.8531,Age0_F5_m5f5_P5_Y4_UO98,R5_F5_m-1f-1_P5_Y-1_U107,R5_F5_m5f5_P5_Y0_UO31,MXY,0,31.019869463231885,0,0,0.0,0,0,0,0.0,0.5,1,P4_CV0,3,0,2,1,1
5,2535011.582,720257.8531,Age0_F5_m5f5_P5_Y4_UO141,R5_F5_m5f5_P5_Y1_UO419,R5_F5_m5f5_P5_Y2_UO231,MXY,0,31.019869463231885,0,0,0.0,0,0,0,0.0,0.375,1,P4_CV0,3,2,0,2,0
5,2535011.582,720257.8531,Age0_F5_m5f5_P5_Y4_UO142,R5_F5_m5f5_P5_Y1_UO419,R5_F5_m5f5_P5_Y2_UO231,MXY,0,31.019869463231885,0,0,0.0,0,0,0,0.0,0.375,1,P4_CV0,3,2,0,2,0
5,2535011.582,720257.8531,Age0_F5_m5f5_P5_Y4_UO143,R5_F5_m5f5_P5_Y1_UO419,R5_F5_m5f5_P5_Y2_UO231,FXX,0,31.019869463231885,0,0,0.0,0,0,0,0.0,0.375,1,P4_CV0,3,2,0,2,0
5,2535011.582,720257.8531,Age0_F5_m5f5_P5_Y4_UO144,R5_F5_m5f5_P5_Y1_UO419,R5_F5_m5f5_P5_Y2_UO231,MXY,0,31.019869463231885,0,0,0.0,0,0,0,0.0,0.375,1,P4_CV0,3,2,0,2,0
5,2535011.582,720257.8531,Age0_F5_m5f5_P5_Y4_UO145,R5_F5_m5f5_P5_Y1_UO419,R5_F5_m5f5_P5_Y2_UO231,FXX,0,31.019869463231885,0,0,0.0,0,0,0,0.0,0.375,1,P4_CV0,3,2,0,2,0
5,2535011.582,720257.8531,Age0_F5_m5f5_P5_Y4_UO146,R5_F5_m5f5_P5_Y1_UO419,R5_F5_m5f5_P5_Y2_UO231,FXX,0,31.019869463231885,0,0,0.0,0,0,0,0.0,0.375,1,P4_CV0,3,2,0,2,0
5,2535011.582,720257.8531,Age0_F5_m5f5_P5_Y4_UO169,R5_F5_m5f5_P5_Y2_UO138,R5_F5_m5f5_P5_Y2_UO279,FXX,0,31.019869463231885,0,0,0.0,0,0,0,0.0,0.3125,1,P4_CV0,3,0,2,0,2
5,2535011.582,720257.8531,Age0_F5_m5f5_P5_Y4_UO170,R5_F5_m5f5_P5_Y2_UO138,R5_F5_m5f5_P5_Y2_UO279,FXX,0,31.019869463231885,0,0,0.0,0,0,0,0.0,0.3125,1,P4_CV0,3,0,2,1,1
5,2535011.582,720257.8531,Age0_F5_m5f5_P5_Y4_UO171,R5_F5_m5f5_P5_Y2_UO138,R5_F5_m5f5_P5_Y2_UO279,MXY,0,31.019869463231885,0,0,0.0,0,0,0,0.0,0.3125,1,P4_CV0,3,1,1,1,1
5,2535011.582,720257.8531,Age0_F5_m5f5_P5_Y4_UO172,R5_F5_m5f5_P5_Y2_UO138,R5_F5_m5f5_P5_Y2_UO279,MXY,0,31.019869463231885,0,0,0.0,0,0,0,0.0,0.3125,1,P4_CV0,3,1,1,1,1
5,2535011.582,720257.8531,Age0_F5_m5f5_P5_Y4_UO173,R5_F5_m5f5_P5_Y2_UO138,R5_F5_m5f5_P5_Y2_UO279,MXY,0,31.019869463231885,0,0,0.0,0,0,0,0.0,0.3125,1,P4_CV0,3,1,1,0,2
5,2535011.582,720257.8531,Age0_F5_m5f5_P5_Y4_UO174,R5_F5_m5f5_P5_Y2_UO138,R5_F5_m5f5_P5_Y2_UO279,FXX,0,31.019869463231885,0,0,0.0,0,0,0,0.0,0.3125,1,P4_CV0,3,0,2,1,1
5,2535011.582,720257.8531,Age0_F5_m5f5_P5_Y4_UO175,R5_F5_m5f5_P5_Y2_UO138,R5_F5_m5f5_P5_Y2_UO279,FXX,0,31.019869463231885,0,0,0.0,0,0,0,0.0,0.3125,1,P4_CV0,3,0,2,0,2
5,2535011.582,720257.8531,Age0_F5_m5f5_P5_Y4_UO188,R5_F5_m5f5_P5_Y2_UO138,R5_F5_m5f5_P5_Y0_UO31,FXX,0,31.019869463231885,0,0,0.0,0,0,0,0.0,0.75,1,P4_CV0,3,1,1,1,1
5,2535011.582,720257.8531,Age0_F5_m5f5_P5_Y4_UO226,R5_F5_m5f5_P5_Y2_UO419,R5_F5_m5f5_P5_Y1_UO260,FXX,0,31.019869463231885,0,0,0.0,0,0,0,0.0,0.625,1,P4_CV0,3,1,1,0,2
5,2535011.582,720257.8531,Age0_F5_m5f5_P5_Y4_UO227,R5_F5_m5f5_P5_Y2_UO419,R5_F5_m5f5_P5_Y1_UO260,MXY,0,31.019869463231885,0,0,0.0,0,0,0,0.0,0.625,1,P4_CV0,3,1,1,0,2
5,2535011.582,720257.8531,Age0_F5_m5f5_P5_Y4_UO228,R5_F5_m5f5_P5_Y2_UO419,R5_F5_m5f5_P5_Y1_UO260,MXY,0,31.019869463231885,0,0,0.0,0,0,0,0.0,0.625,1,P4_CV0,3,1,1,1,1
5,2535011.582,720257.8531,Age0_F5_m5f5_P5_Y4_UO229,R5_F5_m5f5_P5_Y2_UO419,R5_F5_m5f5_P5_Y1_UO260,MXY,0,31.019869463231885,0,0,0.0,0,0,0,0.0,0.625,1,P4_CV0,3,1,1,0,2
5,2535011.582,720257.8531,Age0_F5_m5f5_P5_Y4_UO230,R5_F5_m5f5_P5_Y2_UO419,R5_F5_m5f5_P5_Y1_UO260,FXX,0,31.019869463231885,0,0,0.0,0,0,0,0.0,0.625,1,P4_CV0,3,1,1,1,1
5,2535011.582,720257.8531,Age0_F5_m5f5_P5_Y4_UO231,R5_F5_m5f5_P5_Y2_UO419,R5_F5_m5f5_P5_Y1_UO260,FXX,0,31.019869463231885,0,0,0.0,0,0,0,0.0,0.625,1,P4_CV0,3,1,1,1,1
5,2535011.582,720257.8531,Age0_F5_m5f5_P5_Y4_UO244,R5_F5_m5f5_P5_Y1_UO419,R5_F5_m-1f-1_P5_Y-1_U55,MXY,0,31.019869463231885,0,0,0.0,0,0,0,0.0,0.375,1,P4_CV0,3,1,1,1,1
5,2535011.582,720257.8531,Age0_F5_m5f5_P5_Y4_UO245,R5_F5_m5f5_P5_Y1_UO419,R5_F5_m-1f-1_P5_Y-1_U55,MXY,0,31.019869463231885,0,0,0.0,0,0,0,0.0,0.375,1,P4_CV0,3,2,0,1,1
5,2535011.582,720257.8531,Age0_F5_m5f5_P5_Y4_UO246,R5_F5_m5f5_P5_Y1_UO419,R5_F5_m-1f-1_P5_Y-1_U55,MXY,0,31.019869463231885,0,0,0.0,0,0,0,0.0,0.375,1,P4_CV0,3,1,1,1,1
5,2535011.582,720257.8531,Age0_F5_m5f5_P5_Y4_UO279,R5_F5_m5f5_P5_Y1_UO419,R5_F5_m5f5_P5_Y2_UO232,FXX,0,31.019869463231885,0,0,0.0,0,0,0,0.0,0.375,1,P4_CV0,3,2,0,2,0
5,2535011.582,720257.8531,Age0_F5_m5f5_P5_Y4_UO280,R5_F5_m5f5_P5_Y1_UO419,R5_F5_m5f5_P5_Y2_UO232,MXY,0,31.019869463231885,0,0,0.0,0,0,0,0.0,0.375,1,P4_CV0,3,2,0,2,0
5,2535011.582,720257.8531,Age0_F5_m5f5_P5_Y4_UO281,R5_F5_m5f5_P5_Y1_UO419,R5_F5_m5f5_P5_Y2_UO232,FXX,0,31.019869463231885,0,0,0.0,0,0,0,0.0,0.375,1,P4_CV0,3,2,0,2,0
5,2535011.582,720257.8531,Age0_F5_m5f5_P5_Y4_UO282,R5_F5_m5f5_P5_Y1_UO419,R5_F5_m5f5_P5_Y2_UO232,FXX,0,31.019869463231885,0,0,0.0,0,0,0,0.0,0.375,1,P4_CV0,3,2,0,2,0
5,2535011.582,720257.8531,Age0_F5_m5f5_P5_Y4_UO287,R5_F5_m5f5_P5_Y2_UO302,R5_F5_m5f5_P5_Y2_UO83,FXX,0,31.019869463231885,0,0,0.0,0,0,0,0.0,0.1875,1,P4_CV0,3,2,0,2,0
5,2535011.582,720257.8531,Age0_F5_m5f5_P5_Y4_UO288,R5_F5_m5f5_P5_Y2_UO302,R5_F5_m5f5_P5_Y2_UO83,FXX,0,31.019869463231885,0,0,0.0,0,0,0,0.0,0.1875,1,P4_CV0,3,0,2,2,0
5,2535011.582,720257.8531,Age0_F5_m5f5_P5_Y4_UO289,R5_F5_m5f5_P5_Y2_UO302,R5_F5_m5f5_P5_Y2_UO83,FXX,0,31.019869463231885,0,0,0.0,0,0,0,0.0,0.1875,1,P4_CV0,3,1,1,2,0
5,2535011.582,720257.8531,Age0_F5_m5f5_P5_Y4_UO290,R5_F5_m5f5_P5_Y2_UO302,R5_F5_m5f5_P5_Y2_UO83,FXX,0,31.019869463231885,0,0,0.0,0,0,0,0.0,0.1875,1,P4_CV0,3,0,2,2,0
5,2535011.582,720257.8531,Age0_F5_m5f5_P5_Y4_UO302,R5_F5_m5f5_P5_Y2_UO302,R5_F5_m5f5_P5_Y2_UO357,MXY,0,31.019869463231885,0,0,0.0,0,0,0,0.0,0.375,1,P4_CV0,3,1,1,1,1
5,2535011.582,720257.8531,Age0_F5_m5f5_P5_Y4_UO303,R5_F5_m5f5_P5_Y2_UO302,R5_F5_m5f5_P5_Y2_UO357,MXY,0,31.019869463231885,0,0,0.0,0,0,0,0.0,0.375,1,P4_CV0,3,2,0,1,1
5,2535011.582,720257.8531,Age0_F5_m5f5_P5_Y4_UO304,R5_F5_m5f5_P5_Y2_UO302,R5_F5_m5f5_P5_Y2_UO357,MXY,0,31.019869463231885,0,0,0.0,0,0,0,0.0,0.375,1,P4_CV0,3,2,0,1,1
5,2535011.582,720257.8531,Age0_F5_m5f5_P5_Y4_UO305,R5_F5_m5f5_P5_Y2_UO302,R5_F5_m5f5_P5_Y2_UO357,FXX,0,31.019869463231885,0,0,0.0,0,0,0,0.0,0.375,1,P4_CV0,3,2,0,1,1
5,2535011.582,720257.8531,Age0_F5_m5f5_P5_Y4_UO306,R5_F5_m5f5_P5_Y2_UO302,R5_F5_m5f5_P5_Y2_UO357,MXY,0,31.019869463231885,0,0,0.0,0,0,0,0.0,0.375,1,P4_CV0,3,2,0,1,1
5,2535011.582,720257.8531,Age0_F5_m5f5_P5_Y4_UO307,R5_F5_m5f5_P5_Y2_UO302,R5_F5_m5f5_P5_Y2_UO357,MXY,0,31.019869463231885,0,0,0.0,0,0,0,0.0,0.375,1,P4_CV0,3,2,0,1,1
5,2535011.582,720257.8531,Age0_F5_m5f5_P5_Y4_UO332,R5_F5_m5f5_P5_Y2_UO146,R5_F5_m5f5_P5_Y2_UO83,FXX,0,31.019869463231885,0,0,0.0,0,0,0,0.0,0.125,1,P4_CV0,3,0,2,1,1
5,2535011.582,720257.8531,Age0_F5_m5f5_P5_Y4_UO333,R5_F5_m5f5_P5_Y2_UO146,R5_F5_m5f5_P5_Y2_UO83,MXY,0,31.019869463231885,0,0,0.0,0,0,0,0.0,0.125,1,P4_CV0,3,0,2,2,0
5,2535011.582,720257.8531,Age0_F5_m5f5_P5_Y4_UO334,R5_F5_m5f5_P5_Y2_UO146,R5_F5_m5f5_P5_Y2_UO83,FXX,0,31.019869463231885,0,0,0.0,0,0,0,0.0,0.125,1,P4_CV0,3,0,2,2,0
5,2535011.582,720257.8531,Age0_F5_m5f5_P5_Y4_UO335,R5_F5_m5f5_P5_Y2_UO146,R5_F5_m5f5_P5_Y2_UO83,FXX,0,31.019869463231885,0,0,0.0,0,0,0,0.0,0.125,1,P4_CV0,3,1,1,2,0
5,2535011.582,720257.8531,Age0_F5_m5f5_P5_Y4_UO336,R5_F5_m5f5_P5_Y2_UO146,R5_F5_m5f5_P5_Y2_UO83,FXX,0,31.019869463231885,0,0,0.0,0,0,0,0.0,0.125,1,P4_CV0,3,1,1,1,1
5,2535011.582,720257.8531,Age0_F5_m5f5_P5_Y4_UO337,R5_F5_m5f5_P5_Y2_UO146,R5_F5_m5f5_P5_Y2_UO83,MXY,0,31.019869463231885,0,0,0.0,0,0,0,0.0,0.125,1,P4_CV0,3,0,2,2,0
5,2535011.582,720257.8531,Age0_F5_m5f5_P5_Y4_UO338,R5_F5_m5f5_P5_Y2_UO146,R5_F5_m5f5_P5_Y2_UO83,FXX,0,31.019869463231885,0,0,0.0,0,0,0,0.0,0.125,1,P4_CV0,3,1,1,1,1
5,2535011.582,720257.8531,Age0_F5_m5f5_P5_Y4_UO365,R5_F5_m5f5_P5_Y1_UO246,R5_F5_m5f5_P5_Y2_UO355,MXY,0,31.019869463231885,0,0,0.0,0,0,0,0.0,0.375,1,P4_CV0,3,1,1,1,1
5,2535011.582,720257.8531,Age0_F5_m5f5_P5_Y4_UO366,R5_F5_m5f5_P5_Y1_UO246,R5_F5_m5f5_P5_Y2_UO355,FXX,0,31.019869463231885,0,0,0.0,0,0,0,0.0,0.375,1,P4_CV0,3,1,1,2,0
5,2535011.582,720257.8531,Age0_F5_m5f5_P5_Y4_UO367,R5_F5_m5f5_P5_Y1_UO246,R5_F5_m5f5_P5_Y2_UO355,MXY,0,31.019869463231885,0,0,0.0,0,0,0,0.0,0.375,1,P4_CV0,3,2,0,1,1
5,2535011.582,720257.8531,Age0_F5_m5f5_P5_Y4_UO379,R5_F5_m5f5_P5_Y2_UO146,R5_F5_m5f5_P5_Y2_UO234,MXY,0,31.019869463231885,0,0,0.0,0,0,0,0.0,0.3125,1,P4_CV0,3,1,1,1,1
5,2535011.582,720257.8531,Age0_F5_m5f5_P5_Y4_UO380,R5_F5_m5f5_P5_Y2_UO146,R5_F5_m5f5_P5_Y2_UO234,FXX,0,31.019869463231885,0,0,0.0,0,0,0,0.0,0.3125,1,P4_CV0,3,1,1,1,1
5,2535011.582,720257.8531,Age0_F5_m5f5_P5_Y4_UO381,R5_F5_m5f5_P5_Y2_UO146,R5_F5_m5f5_P5_Y2_UO234,MXY,0,31.019869463231885,0,0,0.0,0,0,0,0.0,0.3125,1,P4_CV0,3,1,1,2,0
5,2535011.582,720257.8531,Age0_F5_m5f5_P5_Y4_UO382,R5_F5_m5f5_P5_Y2_UO146,R5_F5_m5f5_P5_Y2_UO234,FXX,0,31.019869463231885,0,0,0.0,0,0,0,0.0,0.3125,1,P4_CV0,3,1,1,0,2
5,2535011.582,720257.8531,Age0_F5_m5f5_P5_Y4_UO383,R5_F5_m5f5_P5_Y2_UO146,R5_F5_m5f5_P5_Y2_UO234,FXX,0,31.019869463231885,0,0,0.0,0,0,0,0.0,0.3125,1,P4_CV0,3,1,1,1,1
5,2535011.582,720257.8531,Age0_F5_m5f5_P5_Y4_UO388,R5_F5_m5f5_P5_Y1_UO566,R5_F5_m5f5_P5_Y2_UO355,MXY,0,31.019869463231885,0,0,0.0,0,0,0,0.0,0.625,1,P4_CV0,3,2,0,1,1
5,2535011.582,720257.8531,Age0_F5_m5f5_P5_Y4_UO389,R5_F5_m5f5_P5_Y1_UO566,R5_F5_m5f5_P5_Y2_UO355,FXX,0,31.019869463231885,0,0,0.0,0,0,0,0.0,0.625,1,P4_CV0,3,2,0,1,1
5,2535011.582,720257.8531,Age0_F5_m5f5_P5_Y4_UO390,R5_F5_m5f5_P5_Y1_UO566,R5_F5_m5f5_P5_Y2_UO355,MXY,0,31.019869463231885,0,0,0.0,0,0,0,0.0,0.625,1,P4_CV0,3,2,0,2,0
5,2535011.582,720257.8531,R5_F5_m5f5_P5_Y3_UO330,R5_F5_m5f5_P5_Y0_UO40,R5_F5_m5f5_P5_Y0_UO492,FXX,1,57.605941186706,1,1,1.309,0,0,0,-9999.0,0.625,1,P4_CV0,3,2,0,1,1
5,2535011.582,720257.8531,R5_F5_m5f5_P5_Y3_UO379,R5_F5_m5f5_P5_Y0_UO40,R5_F5_m5f5_P5_Y1_UO450,MXY,1,57.605941186706,1,1,0.0,0,0,0,-9999.0,0.75,1,P4_CV0,3,2,0,1,1
5,2535011.582,720257.8531,R5_F5_m5f5_P5_Y3_UO178,R5_F5_m5f5_P5_Y0_UO284,R5_F5_m5f5_P5_Y1_UO181,FXX,1,57.605941186706,1,1,1.17,0,0,0,-9999.0,0.125,1,P4_CV0,3,2,0,0,2
5,2535011.582,720257.8531,R5_F5_m5f5_P5_Y3_UO239,R5_F5_m5f5_P5_Y1_UO341,R5_F5_m5f5_P5_Y1_UO65,MXY,1,57.605941186706,1,1,0.0,0,0,0,-9999.0,0.625,1,P4_CV0,3,1,1,1,1
5,2535011.582,720257.8531,R5_F5_m5f5_P5_Y3_UO240,R5_F5_m-1f-1_P5_Y-1_U137,R5_F5_m5f5_P5_Y1_UO83,FXX,1,57.605941186706,1,1,0.0,0,0,0,-9999.0,0.75,1,P4_CV0,3,1,1,2,0
5,2535011.582,720257.8531,R5_F5_m5f5_P5_Y3_UO382,R5_F5_m5f5_P5_Y0_UO359,R5_F5_m5f5_P5_Y1_UO435,MXY,1,57.605941186706,1,1,0.0,0,0,0,-9999.0,0.5,1,P4_CV0,3,1,1,1,1
5,2535011.582,720257.8531,R5_F5_m5f5_P5_Y3_UO173,R5_F5_m5f5_P5_Y0_UO40,R5_F5_m5f5_P5_Y0_UO649,FXX,1,57.605941186706,1,1,1.903,0,0,0,-9999.0,0.625,1,P4_CV0,3,2,0,0,2
5,2535011.582,720257.8531,R5_F5_m5f5_P5_Y3_UO354,R5_F5_m5f5_P5_Y1_UO481,R5_F5_m5f5_P5_Y1_UO345,MXY,1,57.605941186706,1,1,0.0,0,0,0,-9999.0,0.5,1,P4_CV0,3,0,2,1,1
5,2535011.582,720257.8531,R5_F5_m5f5_P5_Y3_UO124,R5_F5_m5f5_P5_Y0_UO35,R5_F5_m-1f-1_P5_Y-1_U52,MXY,1,57.605941186706,1,1,0.0,0,0,0,-9999.0,0.625,1,P4_CV0,3,0,2,0,2
5,2535011.582,720257.8531,R5_F5_m5f5_P5_Y3_UO267,R5_F5_m-1f-1_P5_Y-1_U61,R5_F5_m5f5_P5_Y0_UO348,MXY,1,57.605941186706,1,1,0.0,0,0,0,-9999.0,0.375,1,P4_CV0,3,1,1,2,0
5,2535011.582,720257.8531,R5_F5_m5f5_P5_Y3_UO296,R5_F5_m5f5_P5_Y0_UO40,R5_F5_m5f5_P5_Y1_UO133,MXY,1,57.605941186706,1,1,0.0,0,0,0,-9999.0,0.625,1,P4_CV0,3,2,0,1,1
5,2535011.582,720257.8531,R5_F5_m5f5_P5_Y3_UO2,R5_F5_m5f5_P5_Y0_UO768,R5_F5_m-1f-1_P5_Y-1_U55,MXY,1,57.605941186706,1,1,0.0,0,0,0,-9999.0,0.375,1,P4_CV0,3,1,1,0,2
5,2535011.582,720257.8531,R5_F5_m5f5_P5_Y3_UO366,R5_F5_m5f5_P5_Y1_UO419,R5_F5_m5f5_P5_Y0_UO348,FXX,1,57.605941186706,1,1,2.495,0,0,0,-9999.0,0.25,1,P4_CV0,3,2,0,2,0
5,2535011.582,720257.8531,R5_F5_m5f5_P5_Y3_UO213,R5_F5_m5f5_P5_Y1_UO246,I5_F7_m5f5_P5_Y1_UO429,FXX,1,57.605941186706,1,1,1.218,0,0,0,-9999.0,0.375,1,P4_CV0,3,1,1,1,1
5,2535011.582,720257.8531,R5_F5_m5f5_P5_Y3_UO192,R5_F5_m5f5_P5_Y1_UO246,R5_F5_m5f5_P5_Y0_UO610,FXX,1,57.605941186706,1,1,1.805,0,0,0,-9999.0,0.25,1,P4_CV0,3,0,2,1,1
5,2535011.582,720257.8531,R5_F5_m5f5_P5_Y3_UO242,R5_F5_m-1f-1_P5_Y-1_U137,R5_F5_m5f5_P5_Y1_UO83,MXY,1,57.605941186706,1,1,0.0,0,0,0,-9999.0,0.75,1,P4_CV0,3,2,0,2,0
5,2535011.582,720257.8531,R5_F5_m5f5_P5_Y3_UO193,R5_F5_m5f5_P5_Y1_UO481,R5_F5_m5f5_P5_Y1_UO86,MXY,1,57.605941186706,1,1,0.0,0,0,0,-9999.0,0.5,1,P4_CV0,3,0,2,2,0
5,2535011.582,720257.8531,R5_F5_m5f5_P5_Y3_UO1,R5_F5_m5f5_P5_Y0_UO768,R5_F5_m-1f-1_P5_Y-1_U55,MXY,1,57.605941186706,1,1,0.0,0,0,0,-9999.0,0.375,1,P4_CV0,3,1,1,1,1
5,2535011.582,720257.8531,R5_F5_m5f5_P5_Y3_UO266,R5_F5_m-1f-1_P5_Y-1_U61,R5_F5_m5f5_P5_Y0_UO348,MXY,1,57.605941186706,1,1,0.0,0,0,0,-9999.0,0.375,1,P4_CV0,3,1,1,1,1
5,2535011.582,720257.8531,R5_F5_m5f5_P5_Y3_UO383,R5_F5_m5f5_P5_Y0_UO40,R5_F5_m5f5_P5_Y1_UO450,FXX,1,57.605941186706,1,1,2.206,0,0,0,-9999.0,0.75,1,P4_CV0,3,2,0,0,2
5,2535011.582,720257.8531,R5_F5_m5f5_P5_Y3_UO234,R5_F5_m5f5_P5_Y1_UO566,R5_F5_m5f5_P5_Y0_UO622,FXX,1,57.605941186706,1,1,0.0,0,0,0,-9999.0,0.75,1,P4_CV0,3,1,1,1,1
5,2535011.582,720257.8531,R5_F5_m5f5_P5_Y3_UO184,R5_F5_m5f5_P5_Y1_UO245,R5_F5_m-1f-1_P5_Y-1_U52,MXY,1,57.605941186706,1,1,0.0,0,0,0,-9999.0,0.375,1,P4_CV0,3,2,0,0,2
5,2535011.582,720257.8531,R5_F5_m5f5_P5_Y3_UO19,R5_F5_m5f5_P5_Y0_UO772,R5_F5_m-1f-1_P5_Y-1_U46,MXY,1,57.605941186706,1,1,0.0,0,0,0,-9999.0,0.375,1,P4_CV0,3,1,1,1,1
5,2535011.582,720257.8531,R5_F5_m5f5_P5_Y3_UO384,R5_F5_m5f5_P5_Y0_UO40,R5_F5_m5f5_P5_Y1_UO450,FXX,1,57.605941186706,1,1,0.0,0,0,0,-9999.0,0.75,1,P4_CV0,3,0,2,1,1
5,2535011.582,720257.8531,R5_F5_m5f5_P5_Y3_UO236,R5_F5_m5f5_P5_Y0_UO40,R5_F5_m-1f-1_P5_Y-1_U106,FXX,1,57.605941186706,1,1,1.539,0,0,0,-9999.0,0.875,1,P4_CV0,3,1,1,0,2
5,2535011.582,720257.8531,R5_F5_m5f5_P5_Y3_UO398,R5_F5_m-1f-1_P5_Y-1_U61,R5_F5_m5f5_P5_Y0_UO622,MXY,1,57.605941186706,1,1,0.0,0,0,0,-9999.0,0.625,1,P4_CV0,3,0,2,1,1
5,2535011.582,720257.8531,R5_F5_m5f5_P5_Y3_UO0,R5_F5_m5f5_P5_Y0_UO772,R5_F5_m5f5_P5_Y1_UO133,MXY,1,57.605941186706,1,1,0.0,0,0,0,-9999.0,0.375,1,P4_CV0,3,2,0,0,2
5,2535011.582,720257.8531,R5_F5_m5f5_P5_Y3_UO355,R5_F5_m5f5_P5_Y1_UO481,R5_F5_m5f5_P5_Y1_UO345,MXY,1,57.605941186706,1,1,0.0,0,0,0,-9999.0,0.5,1,P4_CV0,3,1,1,1,1
5,2535011.582,720257.8531,R5_F5_m5f5_P5_Y3_UO40,R5_F5_m-1f-1_P5_Y-1_U137,R5_F5_m5f5_P5_Y1_UO260,FXX,1,57.605941186706,1,1,1.0,0,0,0,-9999.0,0.625,1,P4_CV0,3,2,0,2,0
5,2535011.582,720257.8531,R5_F5_m5f5_P5_Y3_UO191,R5_F5_m5f5_P5_Y1_UO246,R5_F5_m5f5_P5_Y0_UO610,MXY,1,57.605941186706,1,1,0.0,0,0,0,-9999.0,0.25,1,P4_CV0,3,0,2,1,1
5,2535011.582,720257.8531,R5_F5_m5f5_P5_Y3_UO151,R5_F5_m5f5_P5_Y1_UO134,R5_F5_m5f5_P5_Y0_UO650,FXX,1,57.605941186706,1,1,1.0,0,0,0,-9999.0,0.5,1,P4_CV0,3,2,0,1,1
5,2535011.582,720257.8531,R5_F5_m5f5_P5_Y3_UO304,R5_F5_m5f5_P5_Y0_UO284,R5_F5_m5f5_P5_Y1_UO83,MXY,1,57.605941186706,1,1,0.0,0,0,0,-9999.0,0.5,1,P4_CV0,3,2,0,2,0
5,2535011.582,720257.8531,R5_F5_m5f5_P5_Y3_UO385,R5_F5_m5f5_P5_Y0_UO40,R5_F5_m5f5_P5_Y1_UO450,MXY,1,57.605941186706,1,1,0.0,0,0,0,-9999.0,0.75,1,P4_CV0,3,1,1,1,1
5,2535011.582,720257.8531,R5_F5_m5f5_P5_Y3_UO42,R5_F5_m-1f-1_P5_Y-1_U137,R5_F5_m5f5_P5_Y1_UO260,MXY,1,57.605941186706,1,1,0.0,0,0,0,-9999.0,0.625,1,P4_CV0,3,1,1,2,0
5,2535011.582,720257.8531,R5_F5_m5f5_P5_Y3_UO235,R5_F5_m5f5_P5_Y1_UO566,R5_F5_m5f5_P5_Y0_UO622,MXY,1,57.605941186706,1,1,0.0,0,0,0,-9999.0,0.75,1,P4_CV0,3,1,1,1,1
5,2535011.582,720257.8531,R5_F5_m5f5_P5_Y3_UO62,R5_F5_m-1f-1_P5_Y-1_U137,R5_F5_m5f5_P5_Y0_UO650,FXX,1,57.605941186706,1,1,0.0,0,0,0,-9999.0,0.5,1,P4_CV0,3,1,1,2,0
5,2535011.582,720257.8531,R5_F5_m5f5_P5_Y3_UO64,R5_F5_m-1f-1_P5_Y-1_U137,R5_F5_m5f5_P5_Y0_UO650,FXX,1,57.605941186706,1,1,2.5,0,0,0,-9999.0,0.5,1,P4_CV0,3,2,0,1,1
5,2535011.582,720257.8531,R5_F5_m5f5_P5_Y2_UO506,R5_F5_m5f5_P5_Y0_UO40,R5_F5_m5f5_P5_Y0_UO2,FXX,2,85.40049308748203,1,0,2.285,0,0,0,-9999.0,0.625,1,P4_CV0,3,1,1,2,0
5,2535011.582,720257.8531,R5_F5_m5f5_P5_Y2_UO246,R5_F5_m5f5_P5_Y0_UO772,R5_F5_m-1f-1_P5_Y-1_U46,MXY,2,85.40049308748203,1,0,0.0,0,0,0,-9999.0,0.375,1,P4_CV0,3,0,2,1,1
5,2535011.582,720257.8531,R5_F5_m5f5_P5_Y2_UO151,R5_F5_m-1f-1_P5_Y-1_U139,R5_F5_m5f5_P5_Y0_UO612,MXY,2,85.40049308748203,1,0,0.0,0,0,0,-9999.0,0.125,1,P4_CV0,3,0,2,1,1
5,2535011.582,720257.8531,R5_F5_m5f5_P5_Y2_UO82,R5_F5_m-1f-1_P5_Y-1_U107,R5_F5_m5f5_P5_Y0_UO348,MXY,2,85.40049308748203,1,0,0.0,0,0,0,-9999.0,0.125,1,P4_CV0,3,1,1,2,0
5,2535011.582,720257.8531,R5_F5_m5f5_P5_Y2_UO307,R5_F5_m-1f-1_P5_Y-1_U22,R5_F5_m5f5_P5_Y0_UO587,MXY,2,85.40049308748203,1,0,0.0,0,0,0,-9999.0,0.375,1,P4_CV0,3,0,2,2,0
5,2535011.582,720257.8531,R5_F5_m5f5_P5_Y2_UO355,R5_F5_m5f5_P5_Y0_UO284,R5_F5_m-1f-1_P5_Y-1_U65,MXY,2,85.40049308748203,1,0,0.0,0,0,0,-9999.0,0.5,1,P4_CV0,3,2,0,1,1
5,2535011.582,720257.8531,R5_F5_m5f5_P5_Y2_UO234,R5_F5_m5f5_P5_Y0_UO40,R5_F5_m5f5_P5_Y0_UO612,MXY,2,85.40049308748203,1,0,0.0,0,0,0,-9999.0,0.5,1,P4_CV0,3,2,0,1,1
5,2535011.582,720257.8531,R5_F5_m5f5_P5_Y2_UO232,R5_F5_m5f5_P5_Y0_UO40,R5_F5_m5f5_P5_Y0_UO612,MXY,2,85.40049308748203,1,0,0.0,0,0,0,-9999.0,0.5,1,P4_CV0,3,2,0,2,0
5,2535011.582,720257.8531,R5_F5_m5f5_P5_Y2_UO83,R5_F5_m-1f-1_P5_Y-1_U107,R5_F5_m5f5_P5_Y0_UO348,MXY,2,85.40049308748203,1,0,0.0,0,0,0,-9999.0,0.125,1,P4_CV0,3,1,1,2,0
5,2535011.582,720257.8531,R5_F5_m5f5_P5_Y2_UO551,R5_F5_m5f5_P5_Y0_UO772,R5_F5_m-1f-1_P5_Y-1_U68,FXX,2,85.40049308748203,1,0,0.0,0,0,0,-9999.0,0.375,1,P4_CV0,3,1,1,1,1
5,2535011.582,720257.8531,R5_F5_m5f5_P5_Y2_UO277,R5_F5_m-1f-1_P5_Y-1_U139,R5_F5_m5f5_P5_Y0_UO587,FXX,2,85.40049308748203,1,0,1.956,0,0,0,-9999.0,0.125,1,P4_CV0,3,0,2,2,0
5,2535011.582,720257.8531,R5_F5_m5f5_P5_Y2_UO302,R5_F5_m-1f-1_P5_Y-1_U139,R5_F5_m5f5_P5_Y0_UO649,FXX,2,85.40049308748203,1,0,1.772,0,0,0,-9999.0,0.25,1,P4_CV0,3,1,1,2,0
5,2535011.582,720257.8531,R5_F5_m5f5_P5_Y2_UO146,R5_F5_m-1f-1_P5_Y-1_U139,R5_F5_m5f5_P5_Y0_UO612,FXX,2,85.40049308748203,1,0,2.006,0,0,0,-9999.0,0.125,1,P4_CV0,3,0,2,1,1
5,2535011.582,720257.8531,R5_F5_m5f5_P5_Y2_UO231,R5_F5_m5f5_P5_Y0_UO40,R5_F5_m5f5_P5_Y0_UO612,MXY,2,85.40049308748203,1,0,0.0,0,0,0,-9999.0,0.5,1,P4_CV0,3,2,0,2,0
5,2535011.582,720257.8531,R5_F5_m5f5_P5_Y2_UO419,R5_F5_m5f5_P5_Y0_UO35,R5_F5_m5f5_P5_Y0_UO25,FXX,2,85.40049308748203,1,0,2.767,0,0,0,-9999.0,0.5,1,P4_CV0,3,0,2,1,1
5,2535011.582,720257.8531,R5_F5_m5f5_P5_Y2_UO507,R5_F5_m5f5_P5_Y0_UO40,R5_F5_m5f5_P5_Y0_UO2,FXX,2,85.40049308748203,1,0,2.443,0,0,0,-9999.0,0.625,1,P4_CV0,3,1,1,1,1
5,2535011.582,720257.8531,R5_F5_m5f5_P5_Y2_UO279,R5_F5_m-1f-1_P5_Y-1_U139,R5_F5_m5f5_P5_Y0_UO587,MXY,2,85.40049308748203,1,0,0.0,0,0,0,-9999.0,0.125,1,P4_CV0,3,0,2,1,1
5,2535011.582,720257.8531,R5_F5_m5f5_P5_Y2_UO357,R5_F5_m5f5_P5_Y0_UO284,R5_F5_m-1f-1_P5_Y-1_U65,MXY,2,85.40049308748203,1,0,0.0,0,0,0,-9999.0,0.5,1,P4_CV0,3,2,0,0,2
5,2535011.582,720257.8531,R5_F5_m5f5_P5_Y2_UO247,R5_F5_m5f5_P5_Y0_UO772,R5_F5_m-1f-1_P5_Y-1_U46,MXY,2,85.40049308748203,1,0,0.0,0,0,0,-9999.0,0.375,1,P4_CV0,3,2,0,2,0
5,2535011.582,720257.8531,R5_F5_m5f5_P5_Y2_UO138,R5_F5_m-1f-1_P5_Y-1_U81,R5_F5_m-1f-1_P5_Y-1_U46,FXX,2,85.40049308748203,1,0,1.0,0,0,0,-9999.0,0.5,1,P4_CV0,3,1,1,1,1
5,2535011.582,720257.8531,R5_F5_m5f5_P5_Y1_UO246,R5_F5_m-1f-1_P5_Y-1_U51,R5_F5_m-1f-1_P5_Y-1_U39,FXX,3,105.70230363856854,1,0,1.518,0,0,0,-9999.0,0.25,1,P4_CV0,3,1,1,2,0
5,2535011.582,720257.8531,R5_F5_m5f5_P5_Y1_UO419,R5_F5_m-1f-1_P5_Y-1_U81,R5_F5_m-1f-1_P5_Y-1_U23,FXX,3,105.70230363856854,1,0,1.858,0,0,0,-9999.0,0.25,1,P4_CV0,3,2,0,2,0
5,2535011.582,720257.8531,R5_F5_m5f5_P5_Y1_UO426,R5_F5_m-1f-1_P5_Y-1_U78,R5_F5_m-1f-1_P5_Y-1_U74,MXY,3,105.70230363856854,1,0,0.0,0,0,0,-9999.0,0.5,1,P4_CV0,3,1,1,1,1
5,2535011.582,720257.8531,R5_F5_m5f5_P5_Y1_UO155,R5_F5_m-1f-1_P5_Y-1_U32,R5_F5_m-1f-1_P5_Y-1_U43,MXY,3,105.70230363856854,1,0,0.0,0,0,0,-9999.0,0.5,1,P4_CV0,3,1,1,1,1
5,2535011.582,720257.8531,R5_F5_m5f5_P5_Y1_UO260,R5_F5_m-1f-1_P5_Y-1_U113,R5_F5_m-1f-1_P5_Y-1_U50,MXY,3,105.70230363856854,1,0,0.0,0,0,0,-9999.0,0.75,1,P4_CV0,3,2,0,1,1
5,2535011.582,720257.8531,R5_F5_m5f5_P5_Y1_UO65,R5_F5_m-1f-1_P5_Y-1_U33,R5_F5_m-1f-1_P5_Y-1_U69,MXY,3,105.70230363856854,1,0,0.0,0,0,0,-9999.0,0.5,1,P4_CV0,3,1,1,0,2
5,2535011.582,720257.8531,R5_F5_m5f5_P5_Y1_UO134,R5_F5_m-1f-1_P5_Y-1_U97,R5_F5_m-1f-1_P5_Y-1_U20,FXX,3,105.70230363856854,1,0,3.389,0,0,0,-9999.0,0.5,1,P4_CV0,3,2,0,1,1
5,2535011.582,720257.8531,R5_F5_m5f5_P5_Y1_UO341,R5_F5_m-1f-1_P5_Y-1_U78,R5_F5_m-1f-1_P5_Y-1_U67,FXX,3,105.70230363856854,1,0,1.168,0,0,0,-9999.0,0.75,1,P4_CV0,3,1,1,1,1
5,2535011.582,720257.8531,R5_F5_m5f5_P5_Y1_UO245,R5_F5_m-1f-1_P5_Y-1_U51,R5_F5_m-1f-1_P5_Y-1_U39,FXX,3,105.70230363856854,1,0,0.0,0,0,0,-9999.0,0.25,1,P4_CV0,3,2,0,1,1
5,2535011.582,720257.8531,R5_F5_m5f5_P5_Y0_UO347,R5_F5_m-1f-1_P5_Y-1_U90,R5_F5_m-1f-1_P5_Y-1_U93,FXX,4,121.41488787123232,1,0,1.583,0,0,0,-9999.0,0.25,1,P4_CV0,3,1,1,2,0
5,2535011.582,720257.8531,R5_F5_m5f5_P5_Y0_UO31,R5_F5_m-1f-1_P5_Y-1_U75,R5_F5_m-1f-1_P5_Y-1_U3,MXY,4,121.41488787123232,1,0,0.0,0,0,0,-9999.0,1.0,1,P4_CV0,3,0,2,2,0
5,2535011.582,720257.8531,R5_F5_m5f5_P5_Y0_UO773,R5_F5_m-1f-1_P5_Y-1_U124,R5_F5_m-1f-1_P5_Y-1_U74,FXX,4,121.41488787123232,1,0,2.808,0,0,0,-9999.0,0.25,1,P4_CV0,3,1,1,0,2
5,2535011.582,720257.8531,R5_F5_m5f5_P5_Y0_UO622,R5_F5_m-1f-1_P5_Y-1_U81,R5_F5_m-1f-1_P5_Y-1_U106,MXY,4,121.41488787123232,1,0,0.0,0,0,0,-9999.0,0.75,1,P4_CV0,3,0,2,1,1
5,2535011.582,720257.8531,R5_F5_m-1f-1_P5_Y-1_U129,-9999,-9999,FXX,5,134.9484950148257,1,0,2.081,0,0,0,-9999.0,0.5,1,P4_CV0,3,1,1,2,0
6,2545325.475,726552.0418,R6_F6_m1f1_P1_Y2_UO328,R1_F1_m-1f-1_P1_Y-1_U100,R1_F1_m1f1_P1_Y0_UO272,FXX,2,83.25409135125253,1,0,0.0,0,0,0,-9999.0,0.0,1,P0_CV0,3,1,1,1,1
6,2545325.475,726552.0418,Age0_F6_m6f6_P6_Y4_UO10,R6_F6_m6f6_P6_Y1_UO185,R6_F6_m6f6_P6_Y1_UO562,FXX,0,31.01987835699422,0,0,0.0,0,0,0,0.0,0.625,1,P5_CV0,3,1,1,2,0
6,2545325.475,726552.0418,Age0_F6_m6f6_P6_Y4_UO11,R6_F6_m6f6_P6_Y1_UO185,R6_F6_m6f6_P6_Y1_UO562,MXY,0,31.01987835699422,0,0,0.0,0,0,0,0.0,0.625,1,P5_CV0,3,1,1,2,0
6,2545325.475,726552.0418,Age0_F6_m6f6_P6_Y4_UO12,R6_F6_m6f6_P6_Y1_UO185,R6_F6_m6f6_P6_Y1_UO562,MXY,0,31.01987835699422,0,0,0.0,0,0,0,0.0,0.625,1,P5_CV0,3,2,0,2,0
6,2545325.475,726552.0418,Age0_F6_m6f6_P6_Y4_UO13,R6_F6_m6f6_P6_Y1_UO185,R6_F6_m6f6_P6_Y1_UO562,MXY,0,31.01987835699422,0,0,0.0,0,0,0,0.0,0.625,1,P5_CV0,3,2,0,2,0
6,2545325.475,726552.0418,Age0_F6_m6f6_P6_Y4_UO24,R6_F6_m6f6_P6_Y2_UO320,R6_F6_m6f6_P6_Y1_UO562,FXX,0,31.01987835699422,0,0,0.0,0,0,0,0.0,0.625,1,P5_CV0,3,0,2,1,1
6,2545325.475,726552.0418,Age0_F6_m6f6_P6_Y4_UO25,R6_F6_m6f6_P6_Y2_UO320,R6_F6_m6f6_P6_Y1_UO562,FXX,0,31.01987835699422,0,0,0.0,0,0,0,0.0,0.625,1,P5_CV0,3,0,2,2,0
6,2545325.475,726552.0418,Age0_F6_m6f6_P6_Y4_UO26,R6_F6_m6f6_P6_Y2_UO320,R6_F6_m6f6_P6_Y1_UO562,FXX,0,31.01987835699422,0,0,0.0,0,0,0,0.0,0.625,1,P5_CV0,3,1,1,2,0
6,2545325.475,726552.0418,Age0_F6_m6f6_P6_Y4_UO27,R6_F6_m6f6_P6_Y2_UO320,R6_F6_m6f6_P6_Y1_UO562,FXX,0,31.01987835699422,0,0,0.0,0,0,0,0.0,0.625,1,P5_CV0,3,0,2,1,1
6,2545325.475,726552.0418,Age0_F6_m6f6_P6_Y4_UO28,R6_F6_m6f6_P6_Y2_UO320,R6_F6_m6f6_P6_Y1_UO562,MXY,0,31.01987835699422,0,0,0.0,0,0,0,0.0,0.625,1,P5_CV0,3,2,0,2,0
6,2545325.475,726552.0418,Age0_F6_m6f6_P6_Y4_UO29,R6_F6_m6f6_P6_Y2_UO320,R6_F6_m6f6_P6_Y1_UO562,MXY,0,31.01987835699422,0,0,0.0,0,0,0,0.0,0.625,1,P5_CV0,3,0,2,1,1
6,2545325.475,726552.0418,Age0_F6_m6f6_P6_Y4_UO39,I6_F7_m6f6_P6_Y1_UO471,R6_F6_m6f6_P6_Y1_UO207,FXX,0,31.01987835699422,0,0,0.0,0,0,0,0.0,0.625,1,P5_CV0,3,1,1,0,2
6,2545325.475,726552.0418,Age0_F6_m6f6_P6_Y4_UO40,I6_F7_m6f6_P6_Y1_UO471,R6_F6_m6f6_P6_Y1_UO207,MXY,0,31.01987835699422,0,0,0.0,0,0,0,0.0,0.625,1,P5_CV0,3,0,2,1,1
6,2545325.475,726552.0418,Age0_F6_m6f6_P6_Y4_UO41,I6_F7_m6f6_P6_Y1_UO471,R6_F6_m6f6_P6_Y1_UO207,MXY,0,31.01987835699422,0,0,0.0,0,0,0,0.0,0.625,1,P5_CV0,3,0,2,0,2
6,2545325.475,726552.0418,Age0_F6_m6f6_P6_Y4_UO42,I6_F7_m6f6_P6_Y1_UO471,R6_F6_m6f6_P6_Y1_UO207,FXX,0,31.01987835699422,0,0,0.0,0,0,0,0.0,0.625,1,P5_CV0,3,1,1,1,1
6,2545325.475,726552.0418,Age0_F6_m6f6_P6_Y4_UO43,I6_F7_m6f6_P6_Y1_UO471,R6_F6_m6f6_P6_Y1_UO207,MXY,0,31.01987835699422,0,0,0.0,0,0,0,0.0,0.625,1,P5_CV0,3,0,2,1,1
6,2545325.475,726552.0418,Age0_F6_m6f6_P6_Y4_UO44,I6_F7_m6f6_P6_Y1_UO471,R6_F6_m6f6_P6_Y1_UO207,MXY,0,31.01987835699422,0,0,0.0,0,0,0,0.0,0.625,1,P5_CV0,3,0,2,0,2
6,2545325.475,726552.0418,Age0_F6_m6f6_P6_Y4_UO45,I6_F7_m6f6_P6_Y1_UO471,R6_F6_m6f6_P6_Y1_UO207,MXY,0,31.01987835699422,0,0,0.0,0,0,0,0.0,0.625,1,P5_CV0,3,1,1,0,2
6,2545325.475,726552.0418,Age0_F6_m6f6_P6_Y4_UO46,I6_F7_m6f6_P6_Y1_UO471,R6_F6_m6f6_P6_Y1_UO207,MXY,0,31.01987835699422,0,0,0.0,0,0,0,0.0,0.625,1,P5_CV0,3,0,2,0,2
6,2545325.475,726552.0418,Age0_F6_m6f6_P6_Y4_UO58,R6_F6_m6f6_P6_Y2_UO320,R6_F6_m-1f-1_P6_Y-1_U91,MXY,0,31.01987835699422,0,0,0.0,0,0,0,0.0,0.75,1,P5_CV0,3,1,1,1,1
6,2545325.475,726552.0418,Age0_F6_m6f6_P6_Y4_UO59,R6_F6_m6f6_P6_Y2_UO320,R6_F6_m-1f-1_P6_Y-1_U91,MXY,0,31.01987835699422,0,0,0.0,0,0,0,0.0,0.75,1,P5_CV0,3,1,1,1,1
6,2545325.475,726552.0418,Age0_F6_m6f6_P6_Y4_UO104,R6_F6_m6f6_P6_Y2_UO559,R6_F6_m6f6_P6_Y2_UO95,FXX,0,31.01987835699422,0,0,0.0,0,0,0,0.0,0.4375,1,P5_CV0,3,2,0,0,2
6,2545325.475,726552.0418,Age0_F6_m6f6_P6_Y4_UO105,R6_F6_m6f6_P6_Y2_UO559,R6_F6_m6f6_P6_Y2_UO95,FXX,0,31.01987835699422,0,0,0.0,0,0,0,0.0,0.4375,1,P5_CV0,3,1,1,0,2
6,2545325.475,726552.0418,Age0_F6_m6f6_P6_Y4_UO106,R6_F6_m6f6_P6_Y2_UO559,R6_F6_m6f6_P6_Y2_UO95,MXY,0,31.01987835699422,0,0,0.0,0,0,0,0.0,0.4375,1,P5_CV0,3,2,0,0,2
6,2545325.475,726552.0418,Age0_F6_m6f6_P6_Y4_UO107,R6_F6_m6f6_P6_Y2_UO559,R6_F6_m6f6_P6_Y2_UO95,MXY,0,31.01987835699422,0,0,0.0,0,0,0,0.0,0.4375,1,P5_CV0,3,2,0,0,2
6,2545325.475,726552.0418,Age0_F6_m6f6_P6_Y4_UO108,R6_F6_m6f6_P6_Y2_UO559,R6_F6_m6f6_P6_Y2_UO95,FXX,0,31.01987835699422,0,0,0.0,0,0,0,0.0,0.4375,1,P5_CV0,3,2,0,0,2
6,2545325.475,726552.0418,Age0_F6_m6f6_P6_Y4_UO130,R6_F6_m6f6_P6_Y2_UO320,R6_F6_m-1f-1_P6_Y-1_U91,MXY,0,31.01987835699422,0,0,0.0,0,0,0,0.0,0.75,1,P5_CV0,3,1,1,2,0
6,2545325.475,726552.0418,Age0_F6_m6f6_P6_Y4_UO131,R6_F6_m6f6_P6_Y2_UO320,R6_F6_m-1f-1_P6_Y-1_U91,MXY,0,31.01987835699422,0,0,0.0,0,0,0,0.0,0.75,1,P5_CV0,3,2,0,2,0
6,2545325.475,726552.0418,Age0_F6_m6f6_P6_Y4_UO132,R6_F6_m6f6_P6_Y2_UO320,R6_F6_m-1f-1_P6_Y-1_U91,FXX,0,31.01987835699422,0,0,0.0,0,0,0,0.0,0.75,1,P5_CV0,3,2,0,0,2
6,2545325.475,726552.0418,Age0_F6_m6f6_P6_Y4_UO133,R6_F6_m6f6_P6_Y2_UO320,R6_F6_m-1f-1_P6_Y-1_U91,FXX,0,31.01987835699422,0,0,0.0,0,0,0,0.0,0.75,1,P5_CV0,3,2,0,1,1
6,2545325.475,726552.0418,Age0_F6_m6f6_P6_Y4_UO134,R6_F6_m6f6_P6_Y2_UO320,R6_F6_m-1f-1_P6_Y-1_U91,MXY,0,31.01987835699422,0,0,0.0,0,0,0,0.0,0.75,1,P5_CV0,3,1,1,2,0
6,2545325.475,726552.0418,Age0_F6_m6f6_P6_Y4_UO135,R6_F6_m6f6_P6_Y2_UO320,R6_F6_m-1f-1_P6_Y-1_U91,MXY,0,31.01987835699422,0,0,0.0,0,0,0,0.0,0.75,1,P5_CV0,3,2,0,1,1
6,2545325.475,726552.0418,Age0_F6_m6f6_P6_Y4_UO136,R6_F6_m6f6_P6_Y2_UO320,R6_F6_m-1f-1_P6_Y-1_U91,FXX,0,31.01987835699422,0,0,0.0,0,0,0,0.0,0.75,1,P5_CV0,3,1,1,1,1
6,2545325.475,726552.0418,Age0_F6_m6f6_P6_Y4_UO137,R6_F6_m6f6_P6_Y2_UO320,R6_F6_m-1f-1_P6_Y-1_U91,FXX,0,31.01987835699422,0,0,0.0,0,0,0,0.0,0.75,1,P5_CV0,3,2,0,1,1
6,2545325.475,726552.0418,Age0_F6_m6f6_P6_Y4_UO138,R6_F6_m6f6_P6_Y2_UO320,R6_F6_m-1f-1_P6_Y-1_U91,MXY,0,31.01987835699422,0,0,0.0,0,0,0,0.0,0.75,1,P5_CV0,3,2,0,0,2
6,2545325.475,726552.0418,Age0_F6_m6f6_P6_Y4_UO139,R6_F6_m6f6_P6_Y2_UO320,R6_F6_m-1f-1_P6_Y-1_U91,MXY,0,31.01987835699422,0,0,0.0,0,0,0,0.0,0.75,1,P5_CV0,3,2,0,2,0
6,2545325.475,726552.0418,Age0_F6_m6f6_P6_Y4_UO140,R6_F6_m6f6_P6_Y2_UO320,R6_F6_m-1f-1_P6_Y-1_U91,FXX,0,31.01987835699422,0,0,0.0,0,0,0,0.0,0.75,1,P5_CV0,3,2,0,2,0
6,2545325.475,726552.0418,Age0_F6_m6f6_P6_Y4_UO147,I6_F7_m6f6_P6_Y1_UO471,R6_F6_m6f6_P6_Y0_UO790,FXX,0,31.01987835699422,0,0,0.0,0,0,0,0.0,0.375,1,P5_CV0,3,0,2,0,2
6,2545325.475,726552.0418,Age0_F6_m6f6_P6_Y4_UO148,I6_F7_m6f6_P6_Y1_UO471,R6_F6_m6f6_P6_Y0_UO790,FXX,0,31.01987835699422,0,0,0.0,0,0,0,0.0,0.375,1,P5_CV0,3,0,2,0,2
6,2545325.475,726552.0418,Age0_F6_m6f6_P6_Y4_UO149,I6_F7_m6f6_P6_Y1_UO471,R6_F6_m6f6_P6_Y0_UO790,FXX,0,31.01987835699422,0,0,0.0,0,0,0,0.0,0.375,1,P5_CV0,3,0,2,0,2
6,2545325.475,726552.0418,Age0_F6_m6f6_P6_Y4_UO150,I6_F7_m6f6_P6_Y1_UO471,R6_F6_m6f6_P6_Y0_UO790,FXX,0,31.01987835699422,0,0,0.0,0,0,0,0.0,0.375,1,P5_CV0,3,1,1,0,2
6,2545325.475,726552.0418,Age0_F6_m6f6_P6_Y4_UO151,R6_F6_m6f6_P6_Y2_UO559,R6_F6_m6f6_P6_Y2_UO473,MXY,0,31.01987835699422,0,0,0.0,0,0,0,0.0,0.375,1,P5_CV0,3,2,0,1,1
6,2545325.475,726552.0418,Age0_F6_m6f6_P6_Y4_UO152,R6_F6_m6f6_P6_Y2_UO559,R6_F6_m6f6_P6_Y2_UO473,MXY,0,31.01987835699422,0,0,0.0,0,0,0,0.0,0.375,1,P5_CV0,3,2,0,1,1
6,2545325.475,726552.0418,Age0_F6_m6f6_P6_Y4_UO153,R6_F6_m6f6_P6_Y2_UO559,R6_F6_m6f6_P6_Y2_UO473,MXY,0,31.01987835699422,0,0,0.0,0,0,0,0.0,0.375,1,P5_CV0,3,1,1,1,1
6,2545325.475,726552.0418,Age0_F6_m6f6_P6_Y4_UO154,R6_F6_m6f6_P6_Y2_UO559,R6_F6_m6f6_P6_Y2_UO473,FXX,0,31.01987835699422,0,0,0.0,0,0,0,0.0,0.375,1,P5_CV0,3,1,1,0,2
6,2545325.475,726552.0418,Age0_F6_m6f6_P6_Y4_UO155,R6_F6_m6f6_P6_Y2_UO220,R6_F6_m-1f-1_P6_Y-1_U84,MXY,0,31.01987835699422,0,0,0.0,0,0,0,0.0,0.375,1,P5_CV0,3,2,0,2,0
6,2545325.475,726552.0418,Age0_F6_m6f6_P6_Y4_UO156,R6_F6_m6f6_P6_Y2_UO220,R6_F6_m-1f-1_P6_Y-1_U84,MXY,0,31.01987835699422,0,0,0.0,0,0,0,0.0,0.375,1,P5_CV0,3,1,1,1,1
6,2545325.475,726552.0418,Age0_F6_m6f6_P6_Y4_UO157,R6_F6_m6f6_P6_Y2_UO220,R6_F6_m-1f-1_P6_Y-1_U84,FXX,0,31.01987835699422,0,0,0.0,0,0,0,0.0,0.375,1,P5_CV0,3,1,1,2,0
6,2545325.475,726552.0418,Age0_F6_m6f6_P6_Y4_UO178,R6_F6_m6f6_P6_Y1_UO289,R6_F6_m6f6_P6_Y1_UO562,MXY,0,31.01987835699422,0,0,0.0,0,0,0,0.0,0.625,1,P5_CV0,3,0,2,1,1
6,2545325.475,726552.0418,Age0_F6_m6f6_P6_Y4_UO210,R6_F6_m6f6_P6_Y1_UO304,R6_F6_m6f6_P6_Y1_UO35,FXX,0,31.01987835699422,0,0,0.0,0,0,0,0.0,0.5,1,P5_CV0,3,2,0,1,1
6,2545325.475,726552.0418,Age0_F6_m6f6_P6_Y4_UO211,R6_F6_m6f6_P6_Y1_UO304,R6_F6_m6f6_P6_Y1_UO35,MXY,0,31.01987835699422,0,0,0.0,0,0,0,0.0,0.5,1,P5_CV0,3,2,0,1,1
6,2545325.475,726552.0418,Age0_F6_m6f6_P6_Y4_UO212,R6_F6_m6f6_P6_Y1_UO304,R6_F6_m6f6_P6_Y1_UO35,MXY,0,31.01987835699422,0,0,0.0,0,0,0,0.0,0.5,1,P5_CV0,3,0,2,1,1
6,2545325.475,726552.0418,Age0_F6_m6f6_P6_Y4_UO213,R6_F6_m6f6_P6_Y1_UO304,R6_F6_m6f6_P6_Y1_UO35,MXY,0,31.01987835699422,0,0,0.0,0,0,0,0.0,0.5,1,P5_CV0,3,2,0,1,1
6,2545325.475,726552.0418,Age0_F6_m6f6_P6_Y4_UO214,R6_F6_m6f6_P6_Y1_UO304,R6_F6_m6f6_P6_Y1_UO35,FXX,0,31.01987835699422,0,0,0.0,0,0,0,0.0,0.5,1,P5_CV0,3,0,2,1,1
6,2545325.475,726552.0418,Age0_F6_m6f6_P6_Y4_UO215,R6_F6_m6f6_P6_Y1_UO304,R6_F6_m6f6_P6_Y1_UO35,MXY,0,31.01987835699422,0,0,0.0,0,0,0,0.0,0.5,1,P5_CV0,3,1,1,1,1
6,2545325.475,726552.0418,Age0_F6_m6f6_P6_Y4_UO216,R6_F6_m6f6_P6_Y1_UO304,R6_F6_m6f6_P6_Y1_UO35,FXX,0,31.01987835699422,0,0,0.0,0,0,0,0.0,0.5,1,P5_CV0,3,0,2,1,1
6,2545325.475,726552.0418,Age0_F6_m6f6_P6_Y4_UO217,R6_F6_m6f6_P6_Y1_UO304,R6_F6_m6f6_P6_Y1_UO35,FXX,0,31.01987835699422,0,0,0.0,0,0,0,0.0,0.5,1,P5_CV0,3,1,1,1,1
6,2545325.475,726552.0418,Age0_F6_m6f6_P6_Y4_UO218,R6_F6_m6f6_P6_Y1_UO304,R6_F6_m6f6_P6_Y1_UO35,MXY,0,31.01987835699422,0,0,0.0,0,0,0,0.0,0.5,1,P5_CV0,3,1,1,1,1
6,2545325.475,726552.0418,Age0_F6_m6f6_P6_Y4_UO219,R6_F6_m6f6_P6_Y1_UO304,R6_F6_m6f6_P6_Y1_UO35,FXX,0,31.01987835699422,0,0,0.0,0,0,0,0.0,0.5,1,P5_CV0,3,2,0,1,1
6,2545325.475,726552.0418,Age0_F6_m6f6_P6_Y4_UO223,R6_F6_m6f6_P6_Y2_UO320,R6_F6_m6f6_P6_Y2_UO98,FXX,0,31.01987835699422,0,0,0.0,0,0,0,0.0,0.5625,1,P5_CV0,3,2,0,2,0
6,2545325.475,726552.0418,Age0_F6_m6f6_P6_Y4_UO224,R6_F6_m6f6_P6_Y2_UO320,R6_F6_m6f6_P6_Y2_UO98,FXX,0,31.01987835699422,0,0,0.0,0,0,0,0.0,0.5625,1,P5_CV0,3,1,1,1,1
6,2545325.475,726552.0418,Age0_F6_m6f6_P6_Y4_UO225,R6_F6_m6f6_P6_Y2_UO320,R6_F6_m6f6_P6_Y2_UO98,FXX,0,31.01987835699422,0,0,0.0,0,0,0,0.0,0.5625,1,P5_CV0,3,2,0,2,0
6,2545325.475,726552.0418,Age0_F6_m6f6_P6_Y4_UO238,R6_F6_m6f6_P6_Y2_UO320,R6_F6_m6f6_P6_Y2_UO439,MXY,0,31.01987835699422,0,0,0.0,0,0,0,0.0,0.4375,1,P5_CV0,3,1,1,1,1
6,2545325.475,726552.0418,Age0_F6_m6f6_P6_Y4_UO239,R6_F6_m6f6_P6_Y2_UO320,R6_F6_m6f6_P6_Y2_UO439,FXX,0,31.01987835699422,0,0,0.0,0,0,0,0.0,0.4375,1,P5_CV0,3,0,2,2,0
6,2545325.475,726552.0418,Age0_F6_m6f6_P6_Y4_UO240,R6_F6_m6f6_P6_Y2_UO320,R6_F6_m6f6_P6_Y2_UO439,FXX,0,31.01987835699422,0,0,0.0,0,0,0,0.0,0.4375,1,P5_CV0,3,1,1,2,0
6,2545325.475,726552.0418,Age0_F6_m6f6_P6_Y4_UO241,R6_F6_m6f6_P6_Y2_UO320,R6_F6_m6f6_P6_Y2_UO439,MXY,0,31.01987835699422,0,0,0.0,0,0,0,0.0,0.4375,1,P5_CV0,3,1,1,1,1
6,2545325.475,726552.0418,Age0_F6_m6f6_P6_Y4_UO242,R6_F6_m6f6_P6_Y2_UO320,R6_F6_m6f6_P6_Y2_UO439,FXX,0,31.01987835699422,0,0,0.0,0,0,0,0.0,0.4375,1,P5_CV0,3,2,0,2,0
6,2545325.475,726552.0418,Age0_F6_m6f6_P6_Y4_UO243,R6_F6_m6f6_P6_Y2_UO320,R6_F6_m6f6_P6_Y2_UO439,FXX,0,31.01987835699422,0,0,0.0,0,0,0,0.0,0.4375,1,P5_CV0,3,0,2,1,1
6,2545325.475,726552.0418,Age0_F6_m6f6_P6_Y4_UO269,R6_F6_m6f6_P6_Y2_UO382,R6_F6_m6f6_P6_Y2_UO473,MXY,0,31.01987835699422,0,0,0.0,0,0,0,0.0,0.5625,1,P5_CV0,3,2,0,1,1
6,2545325.475,726552.0418,Age0_F6_m6f6_P6_Y4_UO270,R6_F6_m6f6_P6_Y2_UO382,R6_F6_m6f6_P6_Y2_UO473,MXY,0,31.01987835699422,0,0,0.0,0,0,0,0.0,0.5625,1,P5_CV0,3,1,1,2,0
6,2545325.475,726552.0418,Age0_F6_m6f6_P6_Y4_UO271,R6_F6_m6f6_P6_Y2_UO382,R6_F6_m6f6_P6_Y2_UO473,FXX,0,31.01987835699422,0,0,0.0,0,0,0,0.0,0.5625,1,P5_CV0,3,1,1,2,0
6,2545325.475,726552.0418,Age0_F6_m6f6_P6_Y4_UO285,R6_F6_m6f6_P6_Y1_UO185,R6_F6_m6f6_P6_Y1_UO500,FXX,0,31.01987835699422,0,0,0.0,0,0,0,0.0,0.5,1,P5_CV0,3,2,0,2,0
6,2545325.475,726552.0418,Age0_F6_m6f6_P6_Y4_UO286,R6_F6_m6f6_P6_Y1_UO185,R6_F6_m6f6_P6_Y1_UO500,MXY,0,31.01987835699422,0,0,0.0,0,0,0,0.0,0.5,1,P5_CV0,3,0,2,2,0
6,2545325.475,726552.0418,Age0_F6_m6f6_P6_Y4_UO316,R6_F6_m6f6_P6_Y1_UO42,R6_F6_m6f6_P6_Y2_UO98,FXX,0,31.01987835699422,0,0,0.0,0,0,0,0.0,0.6875,1,P5_CV0,3,2,0,1,1
6,2545325.475,726552.0418,Age0_F6_m6f6_P6_Y4_UO317,R6_F6_m6f6_P6_Y1_UO42,R6_F6_m6f6_P6_Y2_UO98,MXY,0,31.01987835699422,0,0,0.0,0,0,0,0.0,0.6875,1,P5_CV0,3,2,0,0,2
6,2545325.475,726552.0418,Age0_F6_m6f6_P6_Y4_UO318,R6_F6_m6f6_P6_Y1_UO42,R6_F6_m6f6_P6_Y2_UO98,MXY,0,31.01987835699422,0,0,0.0,0,0,0,0.0,0.6875,1,P5_CV0,3,2,0,1,1
6,2545325.475,726552.0418,Age0_F6_m6f6_P6_Y4_UO319,R6_F6_m6f6_P6_Y1_UO42,R6_F6_m6f6_P6_Y2_UO98,MXY,0,31.01987835699422,0,0,0.0,0,0,0,0.0,0.6875,1,P5_CV0,3,2,0,1,1
6,2545325.475,726552.0418,Age0_F6_m6f6_P6_Y4_UO320,R6_F6_m6f6_P6_Y1_UO42,R6_F6_m6f6_P6_Y2_UO98,FXX,0,31.01987835699422,0,0,0.0,0,0,0,0.0,0.6875,1,P5_CV0,3,2,0,1,1
6,2545325.475,726552.0418,Age0_F6_m6f6_P6_Y4_UO321,R6_F6_m6f6_P6_Y1_UO42,R6_F6_m6f6_P6_Y2_UO98,FXX,0,31.01987835699422,0,0,0.0,0,0,0,0.0,0.6875,1,P5_CV0,3,1,1,0,2
6,2545325.475,726552.0418,Age0_F6_m6f6_P6_Y4_UO322,R6_F6_m6f6_P6_Y1_UO42,R6_F6_m6f6_P6_Y2_UO98,MXY,0,31.01987835699422,0,0,0.0,0,0,0,0.0,0.6875,1,P5_CV0,3,2,0,0,2
6,2545325.475,726552.0418,R6_F6_m6f6_P6_Y3_UO9,R6_F6_m6f6_P6_Y0_UO509,R6_F6_m6f6_P6_Y0_UO416,FXX,1,56.081782125377615,1,1,1.0,0,0,0,-9999.0,0.25,1,P5_CV0,3,2,0,1,1
6,2545325.475,726552.0418,R6_F6_m6f6_P6_Y3_UO322,R6_F6_m6f6_P6_Y1_UO471,R6_F6_m6f6_P6_Y0_UO416,MXY,1,56.081782125377615,1,1,0.0,0,0,0,-9999.0,0.375,1,P5_CV0,3,2,0,0,2
6,2545325.475,726552.0418,R6_F6_m6f6_P6_Y3_UO328,R6_F6_m6f6_P6_Y0_UO194,R6_F6_m6f6_P6_Y1_UO203,MXY,1,56.081782125377615,1,1,0.0,0,0,0,-9999.0,0.5,1,P5_CV0,3,1,1,1,1
6,2545325.475,726552.0418,R6_F6_m6f6_P6_Y3_UO254,R6_F6_m6f6_P6_Y1_UO471,R6_F6_m6f6_P6_Y1_UO63,FXX,1,56.081782125377615,1,1,1.99,0,0,0,-9999.0,0.375,1,P5_CV0,3,2,0,0,2
6,2545325.475,726552.0418,R6_F6_m6f6_P6_Y3_UO177,R6_F6_m6f6_P6_Y0_UO194,R6_F6_m6f6_P6_Y1_UO63,FXX,1,56.081782125377615,1,1,3.473,0,0,0,-9999.0,0.375,1,P5_CV0,3,1,1,0,2
6,2545325.475,726552.0418,R6_F6_m6f6_P6_Y3_UO174,R6_F6_m6f6_P6_Y0_UO194,R6_F6_m6f6_P6_Y1_UO63,MXY,1,56.081782125377615,1,1,0.0,0,0,0,-9999.0,0.375,1,P5_CV0,3,1,1,1,1
6,2545325.475,726552.0418,R6_F6_m6f6_P6_Y3_UO245,R6_F6_m6f6_P6_Y1_UO275,R6_F6_m6f6_P6_Y1_UO563,MXY,1,56.081782125377615,1,1,0.0,0,0,0,-9999.0,0.375,1,P5_CV0,3,1,1,1,1
6,2545325.475,726552.0418,R6_F6_m6f6_P6_Y3_UO288,R6_F6_m6f6_P6_Y1_UO217,R6_F6_m-1f-1_P6_Y-1_U84,MXY,1,56.081782125377615,1,1,0.0,0,0,0,-9999.0,0.375,1,P5_CV0,3,1,1,1,1
6,2545325.475,726552.0418,R6_F6_m6f6_P6_Y3_UO30,R6_F6_m6f6_P6_Y0_UO679,R6_F6_m-1f-1_P6_Y-1_U84,MXY,1,56.081782125377615,1,1,0.0,0,0,0,-9999.0,0.25,1,P5_CV0,3,2,0,2,0
6,2545325.475,726552.0418,R6_F6_m6f6_P6_Y3_UO357,R6_F6_m6f6_P6_Y1_UO471,R6_F6_m6f6_P6_Y1_UO562,MXY,1,56.081782125377615,1,1,0.0,0,0,0,-9999.0,0.625,1,P5_CV0,3,1,1,1,1
6,2545325.475,726552.0418,R6_F6_m6f6_P6_Y3_UO93,R6_F6_m6f6_P6_Y1_UO197,R6_F6_m6f6_P6_Y1_UO35,MXY,1,56.081782125377615,1,1,0.0,0,0,0,-9999.0,0.5,1,P5_CV0,3,1,1,2,0
6,2545325.475,726552.0418,R6_F6_m6f6_P6_Y3_UO218,R6_F6_m6f6_P6_Y1_UO275,R6_F6_m6f6_P6_Y1_UO388,FXX,1,56.081782125377615,1,1,1.283,0,0,0,-9999.0,0.25,1,P5_CV0,3,0,2,2,0
6,2545325.475,726552.0418,R6_F6_m6f6_P6_Y3_UO220,R6_F6_m6f6_P6_Y1_UO275,R6_F6_m6f6_P6_Y1_UO388,FXX,1,56.081782125377615,1,1,1.0,0,0,0,-9999.0,0.25,1,P5_CV0,3,0,2,2,0
6,2545325.475,726552.0418,R6_F6_m6f6_P6_Y3_UO323,R6_F6_m6f6_P6_Y1_UO471,R6_F6_m6f6_P6_Y0_UO416,FXX,1,56.081782125377615,1,1,0.0,0,0,0,-9999.0,0.375,1,P5_CV0,3,2,0,0,2
6,2545325.475,726552.0418,R6_F6_m6f6_P6_Y3_UO340,R6_F6_m6f6_P6_Y0_UO194,R6_F6_m6f6_P6_Y0_UO336,MXY,1,56.081782125377615,1,1,0.0,0,0,0,-9999.0,0.5,1,P5_CV0,3,2,0,2,0
6,2545325.475,726552.0418,R6_F6_m6f6_P6_Y3_UO95,R6_F6_m6f6_P6_Y1_UO197,R6_F6_m6f6_P6_Y1_UO35,MXY,1,56.081782125377615,1,1,0.0,0,0,0,-9999.0,0.5,1,P5_CV0,3,2,0,2,0
6,2545325.475,726552.0418,R6_F6_m6f6_P6_Y3_UO352,R6_F6_m6f6_P6_Y0_UO509,R6_F6_m-1f-1_P6_Y-1_U84,MXY,1,56.081782125377615,1,1,0.0,0,0,0,-9999.0,0.375,1,P5_CV0,3,1,1,2,0
6,2545325.475,726552.0418,R6_F6_m6f6_P6_Y3_UO10,R6_F6_m6f6_P6_Y0_UO509,R6_F6_m6f6_P6_Y0_UO416,MXY,1,56.081782125377615,1,1,0.0,0,0,0,-9999.0,0.25,1,P5_CV0,3,2,0,1,1
6,2545325.475,726552.0418,R6_F6_m6f6_P6_Y3_UO94,R6_F6_m6f6_P6_Y1_UO197,R6_F6_m6f6_P6_Y1_UO35,MXY,1,56.081782125377615,1,1,0.0,0,0,0,-9999.0,0.5,1,P5_CV0,3,1,1,2,0
6,2545325.475,726552.0418,R6_F6_m6f6_P6_Y3_UO325,R6_F6_m6f6_P6_Y1_UO471,R6_F6_m6f6_P6_Y0_UO416,FXX,1,56.081782125377615,1,1,1.224,0,0,0,-9999.0,0.375,1,P5_CV0,3,1,1,0,2
6,2545325.475,726552.0418,R6_F6_m6f6_P6_Y3_UO368,R6_F6_m6f6_P6_Y0_UO695,R6_F6_m6f6_P6_Y1_UO290,MXY,1,56.081782125377615,1,1,0.0,0,0,0,-9999.0,0.375,1,P5_CV0,3,1,1,0,2
6,2545325.475,726552.0418,R6_F6_m6f6_P6_Y3_UO253,R6_F6_m6f6_P6_Y1_UO471,R6_F6_m6f6_P6_Y1_UO63,MXY,1,56.081782125377615,1,1,0.0,0,0,0,-9999.0,0.375,1,P5_CV0,3,1,1,0,2
6,2545325.475,726552.0418,R6_F6_m6f6_P6_Y3_UO29,R6_F6_m6f6_P6_Y0_UO679,R6_F6_m-1f-1_P6_Y-1_U84,FXX,1,56.081782125377615,1,1,0.0,0,0,0,-9999.0,0.25,1,P5_CV0,3,2,0,2,0
6,2545325.475,726552.0418,R6_F6_m6f6_P6_Y3_UO326,R6_F6_m6f6_P6_Y0_UO194,R6_F6_m6f6_P6_Y1_UO203,MXY,1,56.081782125377615,1,1,0.0,0,0,0,-9999.0,0.5,1,P5_CV0,3,0,2,2,0
6,2545325.475,726552.0418,R6_F6_m6f6_P6_Y3_UO176,R6_F6_m6f6_P6_Y0_UO194,R6_F6_m6f6_P6_Y1_UO63,MXY,1,56.081782125377615,1,1,0.0,0,0,0,-9999.0,0.375,1,P5_CV0,3,2,0,1,1
6,2545325.475,726552.0418,R6_F6_m6f6_P6_Y3_UO123,R6_F6_m6f6_P6_Y1_UO488,R6_F6_m-1f-1_P6_Y-1_U16,FXX,1,56.081782125377615,1,1,0.0,0,0,0,-9999.0,0.625,1,P5_CV0,3,0,2,1,1
6,2545325.475,726552.0418,R6_F6_m6f6_P6_Y3_UO47,R6_F6_m6f6_P6_Y1_UO185,I6_F7_m-1f-1_P6_Y-1_U66,MXY,1,56.081782125377615,1,1,0.0,0,0,0,-9999.0,0.75,1,P5_CV0,3,1,1,1,1
6,2545325.475,726552.0418,R6_F6_m6f6_P6_Y3_UO229,R6_F6_m6f6_P6_Y1_UO387,R6_F6_m-1f-1_P6_Y-1_U16,MXY,1,56.081782125377615,1,1,0.0,0,0,0,-9999.0,0.75,1,P5_CV0,3,1,1,0,2
6,2545325.475,726552.0418,R6_F6_m6f6_P6_Y3_UO301,R6_F6_m6f6_P6_Y0_UO394,R6_F6_m6f6_P6_Y1_UO203,FXX,1,56.081782125377615,1,1,2.525,0,0,0,-9999.0,0.5,1,P5_CV0,3,0,2,2,0
6,2545325.475,726552.0418,R6_F6_m6f6_P6_Y3_UO121,R6_F6_m6f6_P6_Y0_UO544,R6_F6_m6f6_P6_Y1_UO290,FXX,1,56.081782125377615,1,1,0.0,0,0,0,-9999.0,0.375,1,P5_CV0,3,0,2,1,1
6,2545325.475,726552.0418,R6_F6_m6f6_P6_Y3_UO175,R6_F6_m6f6_P6_Y0_UO194,R6_F6_m6f6_P6_Y1_UO63,FXX,1,56.081782125377615,1,1,2.026,0,0,0,-9999.0,0.375,1,P5_CV0,3,2,0,2,0
6,2545325.475,726552.0418,R6_F6_m6f6_P6_Y3_UO299,R6_F6_m6f6_P6_Y0_UO394,R6_F6_m6f6_P6_Y1_UO203,FXX,1,56.081782125377615,1,1,1.488,0,0,0,-9999.0,0.5,1,P5_CV0,3,0,2,2,0
6,2545325.475,726552.0418,R6_F6_m6f6_P6_Y2_UO457,R6_F6_m-1f-1_P6_Y-1_U40,R6_F6_m-1f-1_P6_Y-1_U84,MXY,2,83.24512512981474,1,0,0.0,0,0,0,-9999.0,0.75,1,P5_CV0,3,2,0,1,1
6,2545325.475,726552.0418,R6_F6_m6f6_P6_Y2_UO320,I6_F7_m-1f-1_P6_Y-1_U128,R6_F6_m6f6_P6_Y0_UO678,FXX,2,83.24512512981474,1,0,1.514,0,0,0,-9999.0,0.5,1,P5_CV0,3,1,1,1,1
6,2545325.475,726552.0418,R6_F6_m6f6_P6_Y2_UO460,R6_F6_m-1f-1_P6_Y-1_U40,R6_F6_m-1f-1_P6_Y-1_U84,FXX,2,83.24512512981474,1,0,2.344,0,0,0,-9999.0,0.75,1,P5_CV0,3,1,1,0,2
6,2545325.475,726552.0418,R6_F6_m6f6_P6_Y2_UO456,R6_F6_m-1f-1_P6_Y-1_U40,R6_F6_m-1f-1_P6_Y-1_U84,FXX,2,83.24512512981474,1,0,0.0,0,0,0,-9999.0,0.75,1,P5_CV0,3,2,0,0,2
6,2545325.475,726552.0418,R6_F6_m6f6_P6_Y2_UO382,R6_F6_m6f6_P6_Y0_UO695,R6_F6_m-1f-1_P6_Y-1_U76,FXX,2,83.24512512981474,1,0,0.0,0,0,0,-9999.0,0.625,1,P5_CV0,3,2,0,2,0
6,2545325.475,726552.0418,R6_F6_m6f6_P6_Y2_UO491,I6_F7_m6f6_P6_Y0_UO679,R6_F6_m-1f-1_P6_Y-1_U27,FXX,2,83.24512512981474,1,0,1.447,0,0,0,-9999.0,0.0,1,P5_CV0,3,1,1,1,1
6,2545325.475,726552.0418,R6_F6_m6f6_P6_Y2_UO439,RD6_F6_m6f6_P6_Y0_UO620,R6_F6_m6f6_P6_Y0_UO602,MXY,2,83.24512512981474,1,0,0.0,0,0,0,-9999.0,0.375,1,P5_CV0,3,1,1,2,0
6,2545325.475,726552.0418,R6_F6_m6f6_P6_Y2_UO95,R6_F6_m6f6_P6_Y0_UO695,R6_F6_m-1f-1_P6_Y-1_U22,MXY,2,83.24512512981474,1,0,0.0,0,0,0,-9999.0,0.625,1,P5_CV0,3,2,0,0,2
6,2545325.475,726552.0418,R6_F6_m6f6_P6_Y2_UO473,R6_F6_m6f6_P6_Y0_UO125,R6_F6_m6f6_P6_Y0_UO126,MXY,2,83.24512512981474,1,0,0.0,0,0,0,-9999.0,0.5,1,P5_CV0,3,1,1,1,1
6,2545325.475,726552.0418,R6_F6_m6f6_P6_Y2_UO383,R6_F6_m6f6_P6_Y0_UO695,R6_F6_m-1f-1_P6_Y-1_U76,FXX,2,83.24512512981474,1,0,3.356,0,0,0,-9999.0,0.625,1,P5_CV0,3,2,0,2,0
6,2545325.475,726552.0418,R6_F6_m6f6_P6_Y2_UO98,R6_F6_m6f6_P6_Y0_UO695,R6_F6_m-1f-1_P6_Y-1_U22,MXY,2,83.24512512981474,1,0,0.0,0,0,0,-9999.0,0.625,1,P5_CV0,3,2,0,1,1
6,2545325.475,726552.0418,R6_F6_m6f6_P6_Y2_UO559,RD6_F6_m6f6_P6_Y0_UO620,R6_F6_m6f6_P6_Y0_UO617,FXX,2,83.24512512981474,1,0,0.0,0,0,0,-9999.0,0.25,1,P5_CV0,3,1,1,0,2
6,2545325.475,726552.0418,R6_F6_m6f6_P6_Y2_UO221,R6_F6_m-1f-1_P6_Y-1_U81,R6_F6_m-1f-1_P6_Y-1_U50,MXY,2,83.24512512981474,1,0,0.0,0,0,0,-9999.0,0.25,1,P5_CV0,3,1,1,2,0
6,2545325.475,726552.0418,R6_F6_m6f6_P6_Y2_UO220,R6_F6_m-1f-1_P6_Y-1_U81,R6_F6_m-1f-1_P6_Y-1_U50,FXX,2,83.24512512981474,1,0,1.911,0,0,0,-9999.0,0.25,1,P5_CV0,3,1,1,1,1
6,2545325.475,726552.0418,R6_F6_m6f6_P6_Y2_UO471,R6_F6_m6f6_P6_Y0_UO125,R6_F6_m6f6_P6_Y0_UO126,FXX,2,83.24512512981474,1,0,0.0,0,0,0,-9999.0,0.5,1,P5_CV0,3,2,0,2,0
6,2545325.475,726552.0418,R6_F6_m6f6_P6_Y2_UO130,R6_F6_m6f6_P6_Y0_UO544,R6_F6_m-1f-1_P6_Y-1_U22,MXY,2,83.24512512981474,1,0,0.0,0,0,0,-9999.0,0.625,1,P5_CV0,3,1,1,1,1
6,2545325.475,726552.0418,R6_F6_m6f6_P6_Y1_UO42,R6_F6_m-1f-1_P6_Y-1_U90,R6_F6_m-1f-1_P6_Y-1_U98,FXX,3,102.22554064132105,1,0,1.182,0,0,0,-9999.0,0.75,1,P5_CV0,3,1,1,1,1
6,2545325.475,726552.0418,R6_F6_m6f6_P6_Y1_UO528,R6_F6_m-1f-1_P6_Y-1_U64,R6_F6_m-1f-1_P6_Y-1_U14,FXX,3,102.22554064132105,1,0,2.205,0,0,0,-9999.0,0.5,1,P5_CV0,3,2,0,1,1
6,2545325.475,726552.0418,R6_F6_m6f6_P6_Y1_UO500,R6_F6_m-1f-1_P6_Y-1_U5,R6_F6_m-1f-1_P6_Y-1_U10,MXY,3,102.22554064132105,1,0,0.0,0,0,0,-9999.0,0.5,1,P5_CV0,3,1,1,2,0
6,2545325.475,726552.0418,R6_F6_m6f6_P6_Y1_UO304,R6_F6_m-1f-1_P6_Y-1_U106,R6_F6_m-1f-1_P6_Y-1_U22,FXX,3,102.22554064132105,1,0,1.0,0,0,0,-9999.0,0.75,1,P5_CV0,3,1,1,0,2
6,2545325.475,726552.0418,R6_F6_m6f6_P6_Y1_UO35,R6_F6_m-1f-1_P6_Y-1_U23,R6_F6_m-1f-1_P6_Y-1_U122,MXY,3,102.22554064132105,1,0,0.0,0,0,0,-9999.0,0.25,1,P5_CV0,3,1,1,2,0
6,2545325.475,726552.0418,R6_F6_m6f6_P6_Y1_UO207,R6_F6_m-1f-1_P6_Y-1_U40,R6_F6_m-1f-1_P6_Y-1_U10,MXY,3,102.22554064132105,1,0,0.0,0,0,0,-9999.0,0.75,1,P5_CV0,3,0,2,1,1
6,2545325.475,726552.0418,R6_F6_m6f6_P6_Y1_UO471,R6_F6_m-1f-1_P6_Y-1_U45,R6_F6_m-1f-1_P6_Y-1_U91,FXX,3,102.23449582558925,1,0,1.0,0,0,0,-9999.0,0.5,1,P5_CV0,3,1,1,0,2
6,2545325.475,726552.0418,R6_F6_m6f6_P6_Y1_UO289,R6_F6_m-1f-1_P6_Y-1_U33,R6_F6_m-1f-1_P6_Y-1_U27,FXX,3,102.22554064132105,1,0,2.48,0,0,0,-9999.0,0.5,1,P5_CV0,3,0,2,0,2
6,2545325.475,726552.0418,R6_F6_m6f6_P6_Y1_UO185,R6_F6_m-1f-1_P6_Y-1_U29,R6_F6_m-1f-1_P6_Y-1_U28,FXX,3,102.22554064132105,1,0,1.561,0,0,0,-9999.0,0.5,1,P5_CV0,3,1,1,2,0
6,2545325.475,726552.0418,R6_F6_m6f6_P6_Y1_UO562,R6_F6_m-1f-1_P6_Y-1_U52,R6_F6_m-1f-1_P6_Y-1_U112,MXY,3,102.22554064132105,1,0,0.0,0,0,0,-9999.0,0.75,1,P5_CV0,3,1,1,2,0
6,2545325.475,726552.0418,R6_F6_m6f6_P6_Y0_UO790,R6_F6_m-1f-1_P6_Y-1_U6,R6_F6_m-1f-1_P6_Y-1_U26,MXY,4,116.88740328046384,1,0,0.0,0,0,0,-9999.0,0.25,1,P5_CV0,3,0,2,0,2
6,2545325.475,726552.0418,R6_F6_m6f6_P6_Y0_UO125,R6_F6_m-1f-1_P6_Y-1_U138,R6_F6_m-1f-1_P6_Y-1_U101,FXX,4,116.88740328046384,1,0,1.0,0,0,0,-9999.0,0.5,1,P5_CV0,3,1,1,1,1
6,2545325.475,726552.0418,R6_F6_m6f6_P6_Y0_UO509,R6_F6_m-1f-1_P6_Y-1_U6,R6_F6_m-1f-1_P6_Y-1_U89,FXX,4,116.88740328046384,1,0,0.0,0,0,0,-9999.0,0.25,1,P5_CV0,3,2,0,2,0
6,2545325.475,726552.0418,R6_F6_m-1f-1_P6_Y-1_U66,-9999,-9999,MXY,5,124.98086801766921,1,0,0.0,0,0,0,-9999.0,1.0,1,P5_CV0,3,2,0,0,2
6,2545325.475,726552.0418,R6_F6_m-1f-1_P6_Y-1_U91,-9999,-9999,MXY,5,124.96817442233484,1,0,0.0,0,0,0,-9999.0,1.0,1,P5_CV0,3,2,0,1,1
6,2545325.475,726552.0418,R6_F6_m-1f-1_P6_Y-1_U132,-9999,-9999,MXY,5,124.96817442233484,1,0,0.0,0,0,0,-9999.0,0.5,1,P5_CV0,3,1,1,2,0
7,2527429.642,708511.8011,E7_F1_m-1f-1_P1_Y-1_U67,-9999,-9999,MXY,5,121.65983442894544,1,0,0.0,0,0,0,-9999.0,0.5,1,P0_CV0,3,1,1,0,2
7,2527429.642,708511.8011,E7_F3_m3f3_P3_Y2_UO230,R3_F3_m3f3_P3_Y0_UO78,R3_F3_m3f3_P3_Y0_UO559,FXX,2,31.0891504967372,1,0,1.354,0,0,0,-9999.0,0.625,1,P2_CV0,3,1,1,0,2
7,2527429.642,708511.8011,E7_F3_m3f3_P3_Y0_UO146,R3_F3_m-1f-1_P3_Y-1_U60,R3_F3_m-1f-1_P3_Y-1_U91,FXX,4,31.127876821715454,1,0,0.0,0,0,0,-9999.0,0.25,1,P2_CV0,3,2,0,1,1
7,2527429.642,708511.8011,E7_F4_m4f4_P4_Y1_UO218,R4_F4_m-1f-1_P4_Y-1_U29,R4_F4_m-1f-1_P4_Y-1_U62,FXX,3,101.47817040233193,1,0,1.353,0,0,0,-9999.0,0.5,1,P3_CV0,3,1,1,1,1
7,2527429.642,708511.8011,E7_F5_m5f5_P5_Y3_UO211,R5_F5_m5f5_P5_Y0_UO35,R5_F5_m5f5_P5_Y0_UO348,MXY,1,57.6186056047923,1,1,0.0,0,0,0,-9999.0,0.5,1,P4_CV0,3,2,0,1,1
7,2527429.642,708511.8011,E7_F5_m5f5_P5_Y2_UO276,R5_F5_m-1f-1_P5_Y-1_U139,R5_F5_m5f5_P5_Y0_UO587,MXY,2,85.41213233464879,1,0,0.0,0,0,0,-9999.0,0.125,1,P4_CV0,3,0,2,1,1
7,2527429.642,708511.8011,E7_F5_m5f5_P5_Y1_UO83,R5_F5_m-1f-1_P5_Y-1_U134,R5_F5_m-1f-1_P5_Y-1_U24,MXY,3,105.7118695007151,1,0,0.0,0,0,0,-9999.0,1.0,1,P4_CV0,3,2,0,2,0
7,2527429.642,708511.8011,E7_F6_m6f6_P6_Y3_UO290,R6_F6_m6f6_P6_Y1_UO217,R6_F6_m-1f-1_P6_Y-1_U84,FXX,1,56.09444318347586,1,1,0.0,0,0,0,-9999.0,0.375,1,P5_CV0,3,0,2,1,1
7,2527429.642,708511.8011,E7_F6_m-1f-1_P6_Y-1_U84,-9999,-9999,MXY,5,124.97367086159905,1,0,0.0,0,0,0,-9999.0,0.5,1,P5_CV0,3,1,1,1,1
