PatchID,XCOORD,YCOORD,ID,MID,FID,sex,age,size,mature,newmature,layeggs,capture,recapture,state,CDist,Hindex,Species,ClassFile,SubPatchID,L0A0,L0A1,L1A0,L1A1,L2A0,L2A1,L3A0,L3A1,L4A0,L4A1,L5A0,L5A1,L6A0,L6A1,L7A0,L7A1,L8A0,L8A1,L9A0,L9A1,L10A0,L10A1,L11A0,L11A1,L12A0,L12A1,L13A0,L13A1,L14A0,L14A1,L15A0,L15A1
1,12200.0,8000.0,R1_F1_m1f1_P1_Y22_UO37,R1_F1_m1f1_P1_Y20_UO265,R1_F1_m1f1_P1_Y20_UO224,MXY,1,31.0,0,0,0.0,0,0,0,-9999.0,0.469482421875,1,P0_CV0,1,2,0,1,1,1,1,2,0,1,1,2,0,2,0,0,2,0,2,2,0,1,1,1,1,0,2,0,2,0,2,1,1
1,12200.0,8000.0,R1_F1_m1f1_P1_Y22_UO200,R1_F1_m1f1_P1_Y20_UO265,R1_F1_m1f1_P1_Y17_UO221,FXX,1,31.0,0,0,0.0,0,0,0,-9999.0,0.435791015625,1,P0_CV0,1,1,1,1,1,0,2,1,1,1,1,2,0,1,1,0,2,0,2,2,0,1,1,1,1,0,2,1,1,0,2,0,2
1,12200.0,8000.0,R1_F1_m1f1_P1_Y22_UO202,R1_F1_m1f1_P1_Y20_UO265,R1_F1_m1f1_P1_Y17_UO221,FXX,1,31.0,0,0,0.0,0,0,0,-9999.0,0.435791015625,1,P0_CV0,1,1,1,0,2,0,2,1,1,1,1,1,1,1,1,0,2,0,2,2,0,1,1,1,1,0,2,1,1,1,1,0,2
1,12200.0,8000.0,R1_F1_m1f1_P1_Y22_UO203,R1_F1_m1f1_P1_Y20_UO265,R1_F1_m1f1_P1_Y17_UO221,MXY,1,31.0,0,0,0.0,0,0,0,-9999.0,0.435791015625,1,P0_CV0,1,1,1,0,2,0,2,2,0,1,1,1,1,1,1,0,2,0,2,2,0,1,1,1,1,0,2,1,1,1,1,0,2
1,12200.0,8000.0,R1_F1_m1f1_P1_Y22_UO209,R1_F1_m1f1_P1_Y20_UO112,R1_F1_m1f1_P1_Y18_UO199,MXY,1,31.0,0,0,0.0,0,0,0,-9999.0,0.40771484375,1,P0_CV0,1,2,0,0,2,1,1,1,1,1,1,0,2,2,0,1,1,0,2,2,0,1,1,1,1,1,1,2,0,1,1,0,2
1,12200.0,8000.0,R1_F1_m1f1_P1_Y22_UO282,R1_F1_m3f3_P3_Y19_UO187,R1_F1_m1f1_P1_Y20_UO47,FXX,1,31.0,0,0,0.0,0,0,0,-9999.0,0.4248046875,1,P0_CV0,1,0,2,1,1,2,0,0,2,0,2,0,2,0,2,1,1,0,2,1,1,0,2,1,1,0,2,2,0,0,2,2,0
1,12200.0,8000.0,R1_F1_m1f1_P1_Y22_UO288,R1_F1_m1f1_P1_Y20_UO112,R1_F1_m1f1_P1_Y20_UO47,FXX,1,31.0,0,0,0.0,0,0,0,-9999.0,0.412109375,1,P0_CV0,1,1,1,2,0,1,1,1,1,0,2,1,1,0,2,0,2,0,2,0,2,1,1,0,2,1,1,0,2,0,2,2,0
1,12200.0,8000.0,R1_F1_m1f1_P1_Y22_UO290,R1_F1_m1f1_P1_Y20_UO112,R1_F1_m1f1_P1_Y20_UO47,MXY,1,31.0,0,0,0.0,0,0,0,-9999.0,0.412109375,1,P0_CV0,1,1,1,2,0,2,0,2,0,1,1,2,0,0,2,0,2,0,2,1,1,2,0,0,2,1,1,1,1,0,2,2,0
1,12200.0,8000.0,R1_F1_m1f1_P1_Y22_UO291,R1_F1_m1f1_P1_Y20_UO238,RD1_F1_m1f1_P1_Y19_UO152,FXX,1,31.0,0,0,0.0,0,0,0,-9999.0,0.392822265625,1,P0_CV0,1,1,1,1,1,2,0,1,1,1,1,2,0,0,2,2,0,0,2,1,1,0,2,2,0,0,2,1,1,0,2,2,0
1,12200.0,8000.0,R1_F1_m1f1_P1_Y22_UO292,R1_F1_m1f1_P1_Y20_UO238,RD1_F1_m1f1_P1_Y19_UO152,MXY,1,31.0,0,0,0.0,0,0,0,-9999.0,0.392822265625,1,P0_CV0,1,1,1,1,1,2,0,0,2,1,1,1,1,1,1,2,0,0,2,1,1,2,0,2,0,1,1,2,0,0,2,1,1
1,12200.0,8000.0,R1_F1_m1f1_P1_Y21_UO129,R1_F1_m3f3_P3_Y19_UO148,R1_F1_m1f1_P1_Y17_UO235,MXY,2,31.0,1,0,0.0,0,0,0,-9999.0,0.390625,1,P0_CV0,1,1,1,1,1,1,1,2,0,0,2,0,2,2,0,0,2,0,2,1,1,2,0,2,0,0,2,0,2,1,1,0,2
1,12200.0,8000.0,R1_F1_m1f1_P1_Y21_UO104,R1_F1_m1f1_P1_Y19_UO154,R1_F1_m1f1_P1_Y16_UO54,MXY,2,31.0,1,0,0.0,0,0,0,-9999.0,0.3681640625,1,P0_CV0,1,2,0,0,2,1,1,1,1,1,1,1,1,1,1,2,0,0,2,1,1,2,0,0,2,1,1,1,1,2,0,2,0
1,12200.0,8000.0,R1_F1_m1f1_P1_Y21_UO128,R1_F1_m3f3_P3_Y19_UO148,R1_F1_m1f1_P1_Y17_UO235,FXX,2,31.0,1,0,2.188,0,0,0,-9999.0,0.390625,1,P0_CV0,1,0,2,1,1,0,2,1,1,0,2,0,2,1,1,2,0,0,2,1,1,2,0,2,0,1,1,0,2,2,0,1,1
1,12200.0,8000.0,R1_F1_m1f1_P1_Y20_UO47,R1_F1_m1f1_P1_Y18_UO37,R1_F1_m1f1_P1_Y17_UO146,MXY,3,31.0,1,0,0.0,0,0,0,-9999.0,0.412109375,1,P0_CV0,1,0,2,1,1,2,0,1,1,0,2,1,1,0,2,1,1,0,2,0,2,1,1,0,2,0,2,1,1,0,2,1,1
1,12200.0,8000.0,R1_F1_m1f1_P1_Y20_UO238,R1_F1_m1f1_P1_Y18_UO37,R1_F1_m1f1_P1_Y18_UO143,FXX,3,31.0,1,0,1.0,0,0,0,-9999.0,0.43212890625,1,P0_CV0,1,1,1,2,0,2,0,1,1,2,0,1,1,0,2,2,0,0,2,1,1,1,1,2,0,1,1,1,1,0,2,1,1
1,12200.0,8000.0,R1_F1_m1f1_P1_Y20_UO265,R1_F1_m6f6_P6_Y15_UO26,R1_F1_m1f1_P1_Y18_UO202,FXX,3,31.0,1,0,2.654,0,0,0,-9999.0,0.45556640625,1,P0_CV0,1,2,0,1,1,0,2,2,0,1,1,2,0,1,1,1,1,0,2,2,0,2,0,1,1,0,2,0,2,1,1,0,2
1,12200.0,8000.0,R1_F1_m1f1_P1_Y19_UO66,R1_F1_m1f1_P1_Y16_UO78,R1_F1_m1f1_P1_Y17_UO85,FXX,4,31.0,1,0,1.174,0,0,0,-9999.0,0.3994140625,1,P0_CV0,1,0,2,0,2,1,1,1,1,0,2,2,0,0,2,1,1,0,2,1,1,2,0,0,2,0,2,2,0,1,1,2,0
1,12200.0,8000.0,R1_F1_m1f1_P1_Y18_UO37,R1_F1_m1f1_P1_Y16_UO33,R1_F1_m1f1_P1_Y16_UO58,FXX,5,31.0,1,0,1.0,0,0,0,-9999.0,0.4140625,1,P0_CV0,1,0,2,1,1,1,1,1,1,1,1,0,2,0,2,2,0,0,2,1,1,1,1,1,1,1,1,1,1,0,2,1,1
1,12200.0,8000.0,R1_F1_m1f1_P1_Y22_UO28,R1_F1_m1f1_P1_Y20_UO247,R1_F1_m1f1_P1_Y19_UO289,MXY,1,31.0,0,0,0.0,0,0,0,-9999.0,0.416015625,1,P1_CV0,1,0,2,2,0,0,2,0,2,2,0,1,1,2,0,1,1,0,2,2,0,1,1,0,2,2,0,1,1,1,1,1,1
1,12200.0,8000.0,R1_F1_m1f1_P1_Y22_UO210,R1_F1_m1f1_P1_Y19_UO67,R1_F1_m1f1_P1_Y20_UO30,MXY,1,31.0,0,0,0.0,0,0,0,-9999.0,0.3955078125,1,P1_CV0,1,0,2,0,2,1,1,1,1,1,1,2,0,1,1,1,1,0,2,2,0,0,2,1,1,0,2,2,0,0,2,1,1
1,12200.0,8000.0,R1_F1_m1f1_P1_Y21_UO83,R1_F1_m1f1_P1_Y19_UO288,R1_F1_m1f1_P1_Y17_UO221,FXX,2,31.0,1,0,1.239,0,0,0,-9999.0,0.38330078125,1,P1_CV0,1,0,2,1,1,0,2,1,1,1,1,2,0,1,1,2,0,0,2,1,1,0,2,1,1,1,1,1,1,1,1,1,1
1,12200.0,8000.0,R1_F1_m1f1_P1_Y21_UO270,R1_F1_m1f1_P1_Y19_UO50,R1_F1_m1f1_P1_Y19_UO12,FXX,2,31.0,1,0,0.0,0,0,0,-9999.0,0.38818359375,1,P1_CV0,1,1,1,1,1,0,2,0,2,0,2,1,1,0,2,0,2,0,2,2,0,0,2,1,1,2,0,2,0,1,1,1,1
1,12200.0,8000.0,R1_F1_m1f1_P1_Y21_UO271,R1_F1_m1f1_P1_Y19_UO50,R1_F1_m1f1_P1_Y19_UO12,FXX,2,31.0,1,0,0.0,0,0,0,-9999.0,0.38818359375,1,P1_CV0,1,1,1,0,2,1,1,0,2,0,2,1,1,0,2,1,1,0,2,2,0,1,1,1,1,2,0,2,0,1,1,1,1
1,12200.0,8000.0,R1_F1_m1f1_P1_Y20_UO99,R1_F1_m1f1_P1_Y18_UO66,R1_F1_m1f1_P1_Y17_UO146,MXY,3,31.0,1,0,0.0,0,0,0,-9999.0,0.42333984375,1,P1_CV0,1,0,2,0,2,1,1,1,1,0,2,2,0,1,1,0,2,1,1,1,1,2,0,0,2,1,1,2,0,2,0,1,1
1,12200.0,8000.0,R1_F1_m1f1_P1_Y20_UO100,R1_F1_m1f1_P1_Y18_UO66,R1_F1_m1f1_P1_Y17_UO146,FXX,3,31.0,1,0,3.2,0,0,0,-9999.0,0.42333984375,1,P1_CV0,1,0,2,0,2,2,0,0,2,0,2,2,0,1,1,1,1,0,2,1,1,2,0,0,2,0,2,2,0,2,0,0,2
1,12200.0,8000.0,R1_F1_m1f1_P1_Y22_UO22,R1_F1_m1f1_P1_Y19_UO50,RD1_F1_m1f1_P1_Y19_UO152,FXX,1,31.0,0,0,0.0,0,0,0,-9999.0,0.3779296875,1,P2_CV0,1,2,0,1,1,1,1,1,1,0,2,1,1,0,2,2,0,0,2,2,0,1,1,1,1,1,1,2,0,0,2,2,0
1,12200.0,8000.0,R1_F1_m1f1_P1_Y22_UO24,R1_F1_m1f1_P1_Y19_UO50,RD1_F1_m1f1_P1_Y19_UO152,MXY,1,31.0,0,0,0.0,0,0,0,-9999.0,0.3779296875,1,P2_CV0,1,2,0,1,1,1,1,1,1,0,2,1,1,1,1,2,0,0,2,2,0,1,1,2,0,2,0,2,0,0,2,2,0
1,12200.0,8000.0,R1_F1_m1f1_P1_Y22_UO27,R1_F1_m1f1_P1_Y20_UO247,R1_F1_m1f1_P1_Y19_UO289,FXX,1,31.0,0,0,0.0,0,0,0,-9999.0,0.416015625,1,P2_CV0,1,0,2,1,1,0,2,1,1,2,0,1,1,2,0,1,1,0,2,2,0,1,1,0,2,1,1,1,1,1,1,1,1
1,12200.0,8000.0,R1_F1_m1f1_P1_Y22_UO49,R1_F1_m1f1_P1_Y20_UO247,R1_F1_m1f1_P1_Y19_UO130,MXY,1,31.0,0,0,0.0,0,0,0,-9999.0,0.44775390625,1,P2_CV0,1,1,1,2,0,1,1,2,0,0,2,1,1,2,0,1,1,1,1,2,0,1,1,0,2,0,2,1,1,2,0,1,1
1,12200.0,8000.0,R1_F1_m1f1_P1_Y22_UO50,R1_F1_m1f1_P1_Y20_UO247,R1_F1_m1f1_P1_Y19_UO130,MXY,1,31.0,0,0,0.0,0,0,0,-9999.0,0.44775390625,1,P2_CV0,1,1,1,0,2,0,2,1,1,1,1,1,1,2,0,0,2,1,1,2,0,1,1,0,2,2,0,1,1,1,1,1,1
1,12200.0,8000.0,R1_F1_m1f1_P1_Y22_UO52,R1_F1_m1f1_P1_Y20_UO247,R1_F1_m1f1_P1_Y19_UO130,FXX,1,31.0,0,0,0.0,0,0,0,-9999.0,0.44775390625,1,P2_CV0,1,1,1,1,1,0,2,2,0,1,1,2,0,1,1,1,1,0,2,2,0,1,1,0,2,1,1,2,0,1,1,1,1
1,12200.0,8000.0,R1_F1_m1f1_P1_Y22_UO58,R1_F1_m1f1_P1_Y19_UO50,R1_F1_m1f1_P1_Y17_UO105,FXX,1,31.0,0,0,0.0,0,0,0,-9999.0,0.3876953125,1,P2_CV0,1,1,1,1,1,1,1,1,1,0,2,1,1,0,2,2,0,1,1,2,0,0,2,0,2,0,2,2,0,0,2,2,0
1,12200.0,8000.0,R1_F1_m1f1_P1_Y22_UO59,R1_F1_m1f1_P1_Y19_UO50,R1_F1_m1f1_P1_Y17_UO105,FXX,1,31.0,0,0,0.0,0,0,0,-9999.0,0.3876953125,1,P2_CV0,1,1,1,1,1,1,1,1,1,0,2,2,0,0,2,2,0,1,1,2,0,0,2,0,2,0,2,2,0,0,2,2,0
1,12200.0,8000.0,R1_F1_m1f1_P1_Y22_UO60,R1_F1_m1f1_P1_Y19_UO50,R1_F1_m1f1_P1_Y17_UO105,FXX,1,31.0,0,0,0.0,0,0,0,-9999.0,0.3876953125,1,P2_CV0,1,1,1,1,1,1,1,0,2,0,2,1,1,0,2,1,1,0,2,2,0,0,2,1,1,0,2,2,0,1,1,2,0
1,12200.0,8000.0,R1_F1_m1f1_P1_Y22_UO61,R1_F1_m1f1_P1_Y19_UO50,R1_F1_m1f1_P1_Y17_UO105,FXX,1,31.0,0,0,0.0,0,0,0,-9999.0,0.3876953125,1,P2_CV0,1,2,0,1,1,1,1,1,1,0,2,1,1,1,1,2,0,0,2,2,0,0,2,1,1,1,1,2,0,0,2,2,0
1,12200.0,8000.0,R1_F1_m1f1_P1_Y22_UO62,R1_F1_m1f1_P1_Y19_UO50,R1_F1_m1f1_P1_Y17_UO105,MXY,1,31.0,0,0,0.0,0,0,0,-9999.0,0.3876953125,1,P2_CV0,1,2,0,0,2,0,2,1,1,0,2,2,0,0,2,2,0,1,1,2,0,0,2,0,2,0,2,2,0,0,2,2,0
1,12200.0,8000.0,R1_F1_m1f1_P1_Y22_UO112,RD1_F2_m2f2_P2_Y20_UO250,R1_F1_m1f1_P1_Y17_UO105,FXX,1,31.0,0,0,0.0,0,0,0,-9999.0,0.4482421875,1,P2_CV0,1,1,1,0,2,1,1,1,1,0,2,1,1,1,1,1,1,1,1,2,0,1,1,1,1,0,2,1,1,1,1,1,1
1,12200.0,8000.0,R1_F1_m1f1_P1_Y22_UO113,RD1_F2_m2f2_P2_Y20_UO250,R1_F1_m1f1_P1_Y17_UO105,FXX,1,31.0,0,0,0.0,0,0,0,-9999.0,0.4482421875,1,P2_CV0,1,1,1,0,2,0,2,2,0,0,2,1,1,1,1,1,1,1,1,2,0,1,1,0,2,0,2,2,0,2,0,1,1
1,12200.0,8000.0,R1_F1_m1f1_P1_Y22_UO114,RD1_F2_m2f2_P2_Y20_UO250,R1_F1_m1f1_P1_Y17_UO105,MXY,1,31.0,0,0,0.0,0,0,0,-9999.0,0.4482421875,1,P2_CV0,1,0,2,0,2,1,1,1,1,0,2,0,2,1,1,1,1,0,2,2,0,1,1,1,1,0,2,1,1,2,0,1,1
1,12200.0,8000.0,R1_F1_m1f1_P1_Y22_UO115,RD1_F2_m2f2_P2_Y20_UO250,R1_F1_m1f1_P1_Y17_UO105,FXX,1,31.0,0,0,0.0,0,0,0,-9999.0,0.4482421875,1,P2_CV0,1,0,2,0,2,1,1,1,1,0,2,0,2,0,2,1,1,0,2,2,0,1,1,1,1,0,2,1,1,1,1,1,1
1,12200.0,8000.0,R1_F1_m1f1_P1_Y22_UO195,R1_F1_m3f3_P3_Y20_UO216,R1_F1_m1f1_P1_Y17_UO105,MXY,1,31.0,0,0,0.0,0,0,0,-9999.0,0.4052734375,1,P2_CV0,1,0,2,1,1,0,2,1,1,0,2,1,1,1,1,2,0,0,2,2,0,1,1,1,1,0,2,2,0,1,1,1,1
1,12200.0,8000.0,R1_F1_m1f1_P1_Y22_UO196,R1_F1_m3f3_P3_Y20_UO216,R1_F1_m1f1_P1_Y17_UO105,MXY,1,31.0,0,0,0.0,0,0,0,-9999.0,0.4052734375,1,P2_CV0,1,2,0,0,2,1,1,0,2,0,2,0,2,2,0,2,0,2,0,2,0,1,1,0,2,0,2,2,0,1,1,2,0
1,12200.0,8000.0,R1_F1_m1f1_P1_Y22_UO197,R1_F1_m3f3_P3_Y20_UO216,R1_F1_m1f1_P1_Y17_UO105,FXX,1,31.0,0,0,0.0,0,0,0,-9999.0,0.4052734375,1,P2_CV0,1,0,2,1,1,2,0,0,2,0,2,2,0,2,0,2,0,1,1,2,0,1,1,1,1,0,2,2,0,1,1,1,1
1,12200.0,8000.0,R1_F1_m1f1_P1_Y22_UO198,R1_F1_m3f3_P3_Y20_UO216,R1_F1_m1f1_P1_Y17_UO105,FXX,1,31.0,0,0,0.0,0,0,0,-9999.0,0.4052734375,1,P2_CV0,1,2,0,0,2,2,0,1,1,0,2,1,1,1,1,2,0,2,0,2,0,1,1,1,1,0,2,2,0,0,2,1,1
1,12200.0,8000.0,R1_F1_m1f1_P1_Y22_UO201,R1_F1_m1f1_P1_Y20_UO265,R1_F1_m1f1_P1_Y17_UO221,MXY,1,31.0,0,0,0.0,0,0,0,-9999.0,0.435791015625,1,P2_CV0,1,1,1,1,1,0,2,1,1,0,2,2,0,1,1,1,1,0,2,2,0,1,1,1,1,0,2,1,1,1,1,0,2
1,12200.0,8000.0,R1_F1_m1f1_P1_Y22_UO208,R1_F1_m1f1_P1_Y20_UO112,R1_F1_m1f1_P1_Y18_UO199,MXY,1,31.0,0,0,0.0,0,0,0,-9999.0,0.40771484375,1,P2_CV0,1,2,0,0,2,2,0,1,1,1,1,0,2,1,1,1,1,0,2,2,0,1,1,1,1,1,1,1,1,1,1,1,1
1,12200.0,8000.0,R1_F1_m1f1_P1_Y22_UO281,R1_F1_m3f3_P3_Y19_UO187,R1_F1_m1f1_P1_Y20_UO47,FXX,1,31.0,0,0,0.0,0,0,0,-9999.0,0.4248046875,1,P2_CV0,1,0,2,1,1,2,0,1,1,0,2,0,2,0,2,2,0,0,2,1,1,0,2,0,2,0,2,2,0,0,2,1,1
1,12200.0,8000.0,R1_F1_m1f1_P1_Y22_UO283,R1_F1_m3f3_P3_Y19_UO187,R1_F1_m1f1_P1_Y20_UO47,FXX,1,31.0,0,0,0.0,0,0,0,-9999.0,0.4248046875,1,P2_CV0,1,0,2,0,2,1,1,0,2,0,2,1,1,0,2,2,0,1,1,1,1,1,1,1,1,0,2,2,0,1,1,2,0
1,12200.0,8000.0,RD1_F3_m3f3_P3_Y22_UO192,R3_F3_m3f3_P3_Y20_UO118,R3_F3_m3f3_P3_Y19_UO212,FXX,1,31.0,0,0,0.0,0,0,0,-9999.0,0.408935546875,1,P2_CV0,1,0,2,1,1,1,1,0,2,0,2,1,1,1,1,1,1,1,1,1,1,2,0,0,2,0,2,2,0,1,1,1,1
1,12200.0,8000.0,R1_F1_m1f1_P1_Y21_UO58,R1_F1_m3f3_P3_Y19_UO187,R1_F1_m1f1_P1_Y18_UO41,MXY,2,31.0,1,0,0.0,0,0,0,-9999.0,0.44140625,1,P2_CV0,1,1,1,0,2,0,2,0,2,0,2,0,2,1,1,1,1,0,2,2,0,1,1,1,1,1,1,2,0,0,2,1,1
1,12200.0,8000.0,R1_F1_m1f1_P1_Y21_UO165,R1_F1_m1f1_P1_Y19_UO50,R1_F1_m1f1_P1_Y18_UO231,FXX,2,31.0,1,0,1.0,0,0,0,-9999.0,0.388671875,1,P2_CV0,1,1,1,0,2,1,1,1,1,0,2,2,0,1,1,1,1,0,2,1,1,0,2,1,1,0,2,2,0,1,1,1,1
1,12200.0,8000.0,R1_F1_m1f1_P1_Y21_UO144,R1_F1_m1f1_P1_Y19_UO67,R1_F1_m1f1_P1_Y19_UO180,MXY,2,31.0,1,0,0.0,0,0,0,-9999.0,0.40771484375,1,P2_CV0,1,1,1,0,2,1,1,0,2,2,0,1,1,1,1,0,2,0,2,1,1,1,1,1,1,1,1,2,0,0,2,2,0
1,12200.0,8000.0,R1_F1_m1f1_P1_Y21_UO168,R1_F1_m1f1_P1_Y19_UO50,R1_F1_m1f1_P1_Y18_UO231,FXX,2,31.0,1,0,0.0,0,0,0,-9999.0,0.388671875,1,P2_CV0,1,1,1,0,2,1,1,0,2,0,2,2,0,1,1,2,0,0,2,1,1,1,1,1,1,0,2,2,0,0,2,2,0
1,12200.0,8000.0,R1_F1_m1f1_P1_Y21_UO59,R1_F1_m3f3_P3_Y19_UO187,R1_F1_m1f1_P1_Y18_UO41,MXY,2,31.0,1,0,0.0,0,0,0,-9999.0,0.44140625,1,P2_CV0,1,1,1,1,1,1,1,0,2,1,1,1,1,1,1,1,1,0,2,2,0,1,1,0,2,1,1,1,1,0,2,1,1
1,12200.0,8000.0,R1_F1_m1f1_P1_Y21_UO81,R1_F1_m1f1_P1_Y19_UO288,R1_F1_m1f1_P1_Y17_UO221,FXX,2,31.0,1,0,1.931,0,0,0,-9999.0,0.38330078125,1,P2_CV0,1,0,2,2,0,1,1,1,1,2,0,1,1,0,2,1,1,0,2,1,1,0,2,0,2,1,1,2,0,1,1,1,1
1,12200.0,8000.0,R1_F1_m1f1_P1_Y21_UO80,R1_F1_m1f1_P1_Y19_UO288,R1_F1_m1f1_P1_Y17_UO221,MXY,2,31.0,1,0,0.0,0,0,0,-9999.0,0.38330078125,1,P2_CV0,1,0,2,2,0,1,1,1,1,1,1,2,0,0,2,2,0,0,2,2,0,1,1,1,1,1,1,2,0,1,1,1,1
1,12200.0,8000.0,R1_F1_m1f1_P1_Y21_UO60,R1_F1_m3f3_P3_Y19_UO187,R1_F1_m1f1_P1_Y18_UO41,FXX,2,31.0,1,0,1.606,0,0,0,-9999.0,0.44140625,1,P2_CV0,1,0,2,0,2,2,0,1,1,0,2,0,2,1,1,1,1,0,2,2,0,1,1,1,1,1,1,2,0,1,1,1,1
1,12200.0,8000.0,R1_F1_m1f1_P1_Y21_UO167,R1_F1_m1f1_P1_Y19_UO50,R1_F1_m1f1_P1_Y18_UO231,MXY,2,31.0,1,0,0.0,0,0,0,-9999.0,0.388671875,1,P2_CV0,1,1,1,1,1,1,1,0,2,0,2,1,1,1,1,1,1,0,2,2,0,1,1,2,0,0,2,2,0,0,2,1,1
1,12200.0,8000.0,R1_F1_m1f1_P1_Y21_UO56,R1_F1_m3f3_P3_Y19_UO187,R1_F1_m1f1_P1_Y18_UO41,FXX,2,31.0,1,0,2.05,0,0,0,-9999.0,0.44140625,1,P2_CV0,1,0,2,1,1,0,2,1,1,1,1,0,2,1,1,1,1,0,2,2,0,1,1,1,1,1,1,1,1,0,2,1,1
1,12200.0,8000.0,R1_F1_m1f1_P1_Y21_UO79,R1_F1_m1f1_P1_Y19_UO288,R1_F1_m1f1_P1_Y17_UO221,FXX,2,31.0,1,0,1.49,0,0,0,-9999.0,0.38330078125,1,P2_CV0,1,0,2,2,0,1,1,1,1,1,1,2,0,1,1,1,1,0,2,1,1,0,2,0,2,1,1,2,0,1,1,1,1
1,12200.0,8000.0,R1_F1_m1f1_P1_Y21_UO74,R1_F1_m1f1_P1_Y19_UO288,R1_F1_m1f1_P1_Y17_UO221,FXX,2,31.0,1,0,0.0,0,0,0,-9999.0,0.38330078125,1,P2_CV0,1,0,2,2,0,0,2,1,1,1,1,2,0,0,2,1,1,0,2,2,0,1,1,0,2,1,1,2,0,1,1,1,1
1,12200.0,8000.0,R1_F1_m1f1_P1_Y21_UO169,R1_F1_m1f1_P1_Y19_UO50,R1_F1_m1f1_P1_Y18_UO231,FXX,2,31.0,1,0,1.164,0,0,0,-9999.0,0.388671875,1,P2_CV0,1,1,1,1,1,1,1,1,1,0,2,2,0,1,1,2,0,0,2,1,1,0,2,1,1,2,0,2,0,0,2,2,0
1,12200.0,8000.0,RD1_F3_m3f3_P3_Y21_UO137,R3_F3_m3f3_P3_Y16_UO46,R3_F3_m3f3_P3_Y19_UO189,MXY,2,31.0,1,0,0.0,0,0,0,-9999.0,0.439453125,1,P2_CV0,1,1,1,2,0,1,1,0,2,0,2,1,1,1,1,2,0,2,0,1,1,2,0,0,2,0,2,1,1,0,2,1,1
1,12200.0,8000.0,R1_F1_m1f1_P1_Y20_UO255,R1_F1_m1f1_P1_Y17_UO223,RD1_F1_m1f1_P1_Y18_UO231,FXX,3,31.0,1,0,1.497,0,0,0,-9999.0,0.3955078125,1,P2_CV0,1,0,2,0,2,1,1,2,0,1,1,2,0,1,1,2,0,0,2,1,1,0,2,0,2,0,2,1,1,1,1,1,1
1,12200.0,8000.0,R1_F1_m3f3_P3_Y20_UO216,R3_F3_m3f3_P3_Y16_UO46,R3_F3_m3f3_P3_Y15_UO82,FXX,3,31.0,1,0,0.0,0,0,0,-9999.0,0.4375,1,P2_CV0,1,1,1,1,1,1,1,0,2,0,2,1,1,1,1,1,1,1,1,2,0,2,0,0,2,0,2,2,0,0,2,1,1
1,12200.0,8000.0,R1_F1_m1f1_P1_Y20_UO213,R1_F1_m1f1_P1_Y17_UO223,R1_F1_m1f1_P1_Y18_UO184,FXX,3,31.0,1,0,0.0,0,0,0,-9999.0,0.41015625,1,P2_CV0,1,0,2,1,1,0,2,1,1,0,2,1,1,1,1,2,0,1,1,2,0,1,1,1,1,2,0,2,0,1,1,1,1
1,12200.0,8000.0,R1_F1_m1f1_P1_Y20_UO94,R1_F1_m1f1_P1_Y18_UO66,RD1_F1_m1f1_P1_Y18_UO231,FXX,3,31.0,1,0,2.537,0,0,0,-9999.0,0.40576171875,1,P2_CV0,1,1,1,0,2,1,1,1,1,0,2,1,1,2,0,1,1,1,1,1,1,2,0,1,1,2,0,2,0,1,1,0,2
1,12200.0,8000.0,R1_F1_m1f1_P1_Y19_UO180,R1_F1_m1f1_P1_Y17_UO155,R1_F1_m1f1_P1_Y17_UO272,MXY,4,31.0,1,0,0.0,0,0,0,-9999.0,0.416015625,1,P2_CV0,1,1,1,0,2,1,1,1,1,1,1,1,1,1,1,0,2,1,1,0,2,2,0,1,1,2,0,1,1,0,2,1,1
1,12200.0,8000.0,R1_F1_m1f1_P1_Y19_UO50,R1_F1_m1f1_P1_Y15_UO228,R1_F1_m1f1_P1_Y14_UO258,FXX,4,31.0,1,0,1.0,0,0,0,-9999.0,0.40234375,1,P2_CV0,1,2,0,1,1,0,2,0,2,0,2,1,1,0,2,1,1,0,2,2,0,0,2,1,1,1,1,2,0,0,2,2,0
1,12200.0,8000.0,R1_F1_m1f1_P1_Y18_UO58,R1_F1_m1f1_P1_Y16_UO52,R1_F1_m1f1_P1_Y15_UO99,MXY,5,31.0,1,0,0.0,0,0,0,-9999.0,0.41015625,1,P2_CV0,1,1,1,2,0,1,1,2,0,1,1,2,0,1,1,0,2,2,0,1,1,2,0,0,2,1,1,1,1,1,1,0,2
1,12200.0,8000.0,R1_F1_m1f1_P1_Y18_UO199,R1_F1_m1f1_P1_Y16_UO255,R1_F1_m1f1_P1_Y15_UO99,MXY,5,31.0,1,0,0.0,0,0,0,-9999.0,0.4033203125,1,P2_CV0,1,2,0,0,2,1,1,2,0,0,2,0,2,2,0,1,1,0,2,2,0,1,1,1,1,0,2,2,0,1,1,0,2
1,12200.0,8000.0,R1_F1_m1f1_P1_Y22_UO36,R1_F1_m1f1_P1_Y20_UO265,R1_F1_m1f1_P1_Y20_UO224,MXY,1,31.0,0,0,0.0,0,0,0,-9999.0,0.469482421875,1,P3_CV0,1,2,0,1,1,0,2,2,0,1,1,2,0,2,0,0,2,0,2,2,0,1,1,1,1,0,2,1,1,0,2,0,2
1,12200.0,8000.0,R1_F1_m1f1_P1_Y22_UO38,R1_F1_m1f1_P1_Y20_UO265,R1_F1_m1f1_P1_Y20_UO224,MXY,1,31.0,0,0,0.0,0,0,0,-9999.0,0.469482421875,1,P3_CV0,1,1,1,0,2,1,1,2,0,1,1,2,0,2,0,1,1,0,2,2,0,1,1,1,1,0,2,0,2,1,1,1,1
1,12200.0,8000.0,R1_F1_m1f1_P1_Y22_UO39,R1_F1_m1f1_P1_Y20_UO265,R1_F1_m1f1_P1_Y20_UO224,MXY,1,31.0,0,0,0.0,0,0,0,-9999.0,0.469482421875,1,P3_CV0,1,2,0,1,1,0,2,2,0,0,2,2,0,2,0,1,1,0,2,2,0,1,1,1,1,0,2,0,2,1,1,1,1
1,12200.0,8000.0,R1_F1_m1f1_P1_Y22_UO108,R1_F1_m1f1_P1_Y20_UO137,R1_F1_m1f1_P1_Y20_UO224,FXX,1,31.0,0,0,0.0,0,0,0,-9999.0,0.46435546875,1,P3_CV0,1,0,2,0,2,0,2,1,1,0,2,2,0,2,0,0,2,0,2,1,1,1,1,0,2,0,2,2,0,1,1,0,2
1,12200.0,8000.0,R1_F1_m1f1_P1_Y22_UO109,R1_F1_m1f1_P1_Y20_UO137,R1_F1_m1f1_P1_Y20_UO224,MXY,1,31.0,0,0,0.0,0,0,0,-9999.0,0.46435546875,1,P3_CV0,1,0,2,0,2,0,2,1,1,0,2,2,0,2,0,1,1,0,2,1,1,1,1,0,2,0,2,1,1,1,1,1,1
1,12200.0,8000.0,R1_F1_m1f1_P1_Y22_UO111,R1_F1_m1f1_P1_Y20_UO137,R1_F1_m1f1_P1_Y20_UO224,FXX,1,31.0,0,0,0.0,0,0,0,-9999.0,0.46435546875,1,P3_CV0,1,2,0,0,2,1,1,1,1,0,2,2,0,1,1,0,2,0,2,1,1,1,1,0,2,0,2,1,1,1,1,2,0
1,12200.0,8000.0,R1_F1_m1f1_P1_Y22_UO211,R1_F1_m1f1_P1_Y19_UO67,R1_F1_m1f1_P1_Y20_UO30,FXX,1,31.0,0,0,0.0,0,0,0,-9999.0,0.3955078125,1,P3_CV0,1,0,2,0,2,0,2,1,1,0,2,2,0,1,1,1,1,0,2,2,0,0,2,1,1,0,2,2,0,0,2,1,1
1,12200.0,8000.0,R1_F1_m1f1_P1_Y22_UO212,R1_F1_m1f1_P1_Y19_UO67,R1_F1_m1f1_P1_Y20_UO30,FXX,1,31.0,0,0,0.0,0,0,0,-9999.0,0.3955078125,1,P3_CV0,1,0,2,1,1,1,1,1,1,1,1,2,0,1,1,1,1,0,2,1,1,1,1,1,1,0,2,2,0,1,1,1,1
1,12200.0,8000.0,R1_F1_m1f1_P1_Y22_UO213,R1_F1_m1f1_P1_Y19_UO67,R1_F1_m1f1_P1_Y20_UO30,FXX,1,31.0,0,0,0.0,0,0,0,-9999.0,0.3955078125,1,P3_CV0,1,0,2,0,2,0,2,1,1,1,1,2,0,1,1,1,1,0,2,2,0,0,2,0,2,0,2,2,0,1,1,1,1
1,12200.0,8000.0,R1_F1_m1f1_P1_Y22_UO216,R1_F1_m1f1_P1_Y20_UO138,R1_F1_m1f1_P1_Y19_UO130,MXY,1,31.0,0,0,0.0,0,0,0,-9999.0,0.40478515625,1,P3_CV0,1,1,1,1,1,2,0,1,1,1,1,2,0,2,0,1,1,1,1,2,0,2,0,1,1,1,1,2,0,2,0,1,1
1,12200.0,8000.0,R1_F1_m1f1_P1_Y22_UO218,R1_F1_m1f1_P1_Y20_UO138,R1_F1_m1f1_P1_Y19_UO130,FXX,1,31.0,0,0,0.0,0,0,0,-9999.0,0.40478515625,1,P3_CV0,1,2,0,1,1,2,0,1,1,1,1,2,0,1,1,1,1,0,2,2,0,1,1,1,1,1,1,1,1,2,0,1,1
1,12200.0,8000.0,R1_F1_m4f4_P4_Y21_UO49,R4_F4_m4f4_P4_Y19_UO224,R4_F4_m4f4_P4_Y19_UO223,FXX,2,31.0,1,0,1.902,0,0,0,-9999.0,0.50634765625,1,P3_CV0,1,2,0,1,1,1,1,1,1,0,2,2,0,0,2,1,1,0,2,0,2,2,0,0,2,1,1,1,1,0,2,1,1
1,12200.0,8000.0,R1_F1_m1f1_P1_Y20_UO131,R1_F1_m1f1_P1_Y17_UO186,R1_F1_m1f1_P1_Y17_UO280,MXY,3,31.0,1,0,0.0,0,0,0,-9999.0,0.43359375,1,P3_CV0,1,1,1,1,1,2,0,1,1,2,0,2,0,2,0,1,1,0,2,0,2,2,0,1,1,2,0,1,1,0,2,0,2
1,12200.0,8000.0,R1_F1_m1f1_P1_Y22_UO23,R1_F1_m1f1_P1_Y19_UO50,RD1_F1_m1f1_P1_Y19_UO152,FXX,1,31.0,0,0,0.0,0,0,0,-9999.0,0.3779296875,1,P4_CV0,1,1,1,1,1,1,1,1,1,0,2,0,2,0,2,1,1,0,2,2,0,0,2,2,0,0,2,2,0,0,2,2,0
1,12200.0,8000.0,R1_F1_m1f1_P1_Y22_UO25,R1_F1_m1f1_P1_Y19_UO50,RD1_F1_m1f1_P1_Y19_UO152,MXY,1,31.0,0,0,0.0,0,0,0,-9999.0,0.3779296875,1,P4_CV0,1,2,0,1,1,1,1,1,1,0,2,1,1,0,2,2,0,0,2,2,0,1,1,2,0,2,0,2,0,0,2,2,0
1,12200.0,8000.0,R1_F1_m1f1_P1_Y22_UO26,R1_F1_m1f1_P1_Y19_UO50,RD1_F1_m1f1_P1_Y19_UO152,FXX,1,31.0,0,0,0.0,0,0,0,-9999.0,0.3779296875,1,P4_CV0,1,2,0,0,2,1,1,0,2,0,2,2,0,1,1,2,0,0,2,2,0,0,2,2,0,2,0,2,0,0,2,2,0
1,12200.0,8000.0,RD1_F1_m1f1_P1_Y22_UO293,R1_F1_m1f1_P1_Y20_UO238,RD1_F1_m1f1_P1_Y19_UO152,MXY,1,31.0,0,0,0.0,0,0,0,-9999.0,0.392822265625,1,P4_CV0,1,0,2,1,1,2,0,2,0,1,1,2,0,0,2,2,0,0,2,1,1,1,1,2,0,0,2,2,0,0,2,2,0
1,12200.0,8000.0,R1_F1_m1f1_P1_Y22_UO294,R1_F1_m1f1_P1_Y20_UO238,RD1_F1_m1f1_P1_Y19_UO152,MXY,1,31.0,0,0,0.0,0,0,0,-9999.0,0.392822265625,1,P4_CV0,1,1,1,1,1,2,0,1,1,1,1,1,1,1,1,2,0,0,2,1,1,1,1,2,0,1,1,1,1,0,2,1,1
1,12200.0,8000.0,RD1_F2_m2f2_P2_Y22_UO242,R2_F2_m2f2_P2_Y20_UO175,R2_F2_m2f2_P2_Y20_UO165,MXY,1,31.0,0,0,0.0,0,0,0,-9999.0,0.47265625,1,P4_CV0,1,0,2,1,1,0,2,0,2,2,0,1,1,1,1,0,2,1,1,1,1,2,0,0,2,1,1,2,0,2,0,2,0
1,12200.0,8000.0,R1_F1_m1f1_P1_Y21_UO102,R1_F1_m1f1_P1_Y19_UO154,R1_F1_m1f1_P1_Y16_UO54,FXX,2,31.0,1,0,1.904,0,0,0,-9999.0,0.3681640625,1,P4_CV0,1,2,0,0,2,1,1,1,1,1,1,2,0,1,1,2,0,0,2,1,1,0,2,0,2,1,1,1,1,1,1,2,0
1,12200.0,8000.0,R1_F1_m1f1_P1_Y21_UO105,R1_F1_m1f1_P1_Y19_UO154,R1_F1_m1f1_P1_Y16_UO54,FXX,2,31.0,1,0,1.878,0,0,0,-9999.0,0.3681640625,1,P4_CV0,1,1,1,0,2,1,1,1,1,1,1,2,0,2,0,2,0,0,2,1,1,1,1,0,2,1,1,0,2,2,0,2,0
1,12200.0,8000.0,R1_F1_m1f1_P1_Y21_UO127,R1_F1_m3f3_P3_Y19_UO148,R1_F1_m1f1_P1_Y17_UO235,FXX,2,31.0,1,0,0.0,0,0,0,-9999.0,0.390625,1,P4_CV0,1,1,1,2,0,0,2,1,1,0,2,0,2,1,1,2,0,0,2,1,1,2,0,0,2,2,0,0,2,2,0,2,0
1,12200.0,8000.0,R1_F1_m1f1_P1_Y21_UO103,R1_F1_m1f1_P1_Y19_UO154,R1_F1_m1f1_P1_Y16_UO54,MXY,2,31.0,1,0,0.0,0,0,0,-9999.0,0.3681640625,1,P4_CV0,1,2,0,0,2,1,1,1,1,1,1,1,1,2,0,2,0,0,2,1,1,1,1,1,1,1,1,1,1,2,0,2,0
1,12200.0,8000.0,R1_F1_m1f1_P1_Y19_UO152,R1_F1_m3f3_P3_Y17_UO84,R1_F1_m1f1_P1_Y15_UO43,MXY,4,31.0,1,0,0.0,0,0,0,-9999.0,0.353515625,1,P4_CV0,1,1,1,0,2,2,0,1,1,0,2,1,1,1,1,2,0,0,2,2,0,1,1,2,0,1,1,1,1,1,1,2,0
1,12200.0,8000.0,R1_F1_m1f1_P1_Y22_UO48,R1_F1_m1f1_P1_Y20_UO247,R1_F1_m1f1_P1_Y19_UO130,MXY,1,31.0,0,0,0.0,0,0,0,-9999.0,0.44775390625,1,P5_CV0,1,1,1,1,1,1,1,1,1,1,1,2,0,1,1,0,2,0,2,2,0,1,1,0,2,2,0,2,0,1,1,1,1
1,12200.0,8000.0,RD1_F1_m1f1_P1_Y22_UO51,R1_F1_m1f1_P1_Y20_UO247,R1_F1_m1f1_P1_Y19_UO130,FXX,1,31.0,0,0,0.0,0,0,0,-9999.0,0.44775390625,1,P5_CV0,1,1,1,1,1,1,1,2,0,1,1,1,1,1,1,0,2,0,2,2,0,0,2,0,2,0,2,1,1,1,1,1,1
1,12200.0,8000.0,R1_F1_m1f1_P1_Y22_UO110,R1_F1_m1f1_P1_Y20_UO137,R1_F1_m1f1_P1_Y20_UO224,FXX,1,31.0,0,0,0.0,0,0,0,-9999.0,0.46435546875,1,P5_CV0,1,2,0,0,2,2,0,1,1,0,2,2,0,1,1,0,2,0,2,2,0,1,1,0,2,0,2,2,0,1,1,2,0
1,12200.0,8000.0,R1_F1_m1f1_P1_Y22_UO217,R1_F1_m1f1_P1_Y20_UO138,R1_F1_m1f1_P1_Y19_UO130,FXX,1,31.0,0,0,0.0,0,0,0,-9999.0,0.40478515625,1,P5_CV0,1,1,1,1,1,1,1,1,1,2,0,2,0,1,1,1,1,1,1,2,0,1,1,1,1,1,1,2,0,2,0,1,1
1,12200.0,8000.0,R1_F1_m1f1_P1_Y22_UO219,R1_F1_m1f1_P1_Y20_UO138,R1_F1_m1f1_P1_Y19_UO130,MXY,1,31.0,0,0,0.0,0,0,0,-9999.0,0.40478515625,1,P5_CV0,1,2,0,2,0,1,1,1,1,1,1,2,0,1,1,0,2,1,1,2,0,1,1,0,2,1,1,2,0,2,0,1,1
1,12200.0,8000.0,R1_F1_m1f1_P1_Y19_UO130,R1_F1_m6f6_P6_Y15_UO26,R1_F1_m1f1_P1_Y15_UO43,MXY,4,31.0,1,0,0.0,0,0,0,-9999.0,0.4140625,1,P5_CV0,1,2,0,1,1,1,1,2,0,1,1,2,0,2,0,1,1,1,1,2,0,1,1,1,1,1,1,1,1,2,0,2,0
2,12100.0,8100.0,R2_F2_m2f2_P2_Y22_UO77,R2_F2_m1f1_P1_Y18_UO238,RD2_F1_m1f1_P1_Y20_UO102,MXY,1,31.0,0,0,0.0,0,0,0,-9999.0,0.424072265625,1,P0_CV0,1,1,1,1,1,2,0,2,0,1,1,2,0,1,1,1,1,0,2,2,0,1,1,0,2,0,2,1,1,1,1,2,0
2,12100.0,8100.0,R2_F2_m2f2_P2_Y22_UO78,R2_F2_m1f1_P1_Y18_UO238,RD2_F1_m1f1_P1_Y20_UO102,FXX,1,31.0,0,0,0.0,0,0,0,-9999.0,0.424072265625,1,P0_CV0,1,1,1,0,2,2,0,2,0,0,2,1,1,1,1,1,1,0,2,2,0,2,0,1,1,1,1,1,1,1,1,1,1
2,12100.0,8100.0,R2_F2_m2f2_P2_Y22_UO79,R2_F2_m1f1_P1_Y18_UO238,RD2_F1_m1f1_P1_Y20_UO102,FXX,1,31.0,0,0,0.0,0,0,0,-9999.0,0.424072265625,1,P0_CV0,1,1,1,1,1,2,0,2,0,1,1,1,1,1,1,1,1,0,2,2,0,1,1,0,2,0,2,2,0,0,2,2,0
2,12100.0,8100.0,R2_F2_m2f2_P2_Y22_UO81,R2_F2_m1f1_P1_Y18_UO238,RD2_F1_m1f1_P1_Y20_UO102,FXX,1,31.0,0,0,0.0,0,0,0,-9999.0,0.424072265625,1,P0_CV0,1,1,1,0,2,2,0,2,0,0,2,1,1,1,1,1,1,0,2,2,0,2,0,1,1,1,1,1,1,1,1,2,0
2,12100.0,8100.0,R2_F2_m2f2_P2_Y22_UO185,R2_F2_m1f1_P1_Y18_UO238,R2_F2_m2f2_P2_Y19_UO270,FXX,1,31.0,0,0,0.0,0,0,0,-9999.0,0.442138671875,1,P0_CV0,1,0,2,1,1,1,1,2,0,1,1,2,0,0,2,2,0,0,2,2,0,2,0,0,2,0,2,1,1,1,1,2,0
2,12100.0,8100.0,R2_F2_m2f2_P2_Y22_UO247,R2_F2_m6f6_P6_Y17_UO214,RD2_F1_m1f1_P1_Y20_UO102,FXX,1,31.0,0,0,0.0,0,0,0,-9999.0,0.479736328125,1,P0_CV0,1,1,1,1,1,2,0,2,0,0,2,1,1,2,0,1,1,0,2,1,1,1,1,1,1,0,2,1,1,1,1,1,1
2,12100.0,8100.0,R2_F2_m2f2_P2_Y22_UO249,R2_F2_m6f6_P6_Y17_UO214,RD2_F1_m1f1_P1_Y20_UO102,FXX,1,31.0,0,0,0.0,0,0,0,-9999.0,0.479736328125,1,P0_CV0,1,1,1,1,1,1,1,2,0,0,2,2,0,2,0,0,2,0,2,1,1,1,1,1,1,0,2,1,1,1,1,1,1
2,12100.0,8100.0,R2_F2_m2f2_P2_Y21_UO187,R2_F2_m2f2_P2_Y19_UO160,RD2_F3_m3f3_P3_Y19_UO145,MXY,2,31.0,1,0,0.0,0,0,0,-9999.0,0.4521484375,1,P0_CV0,1,0,2,1,1,0,2,1,1,0,2,2,0,1,1,1,1,0,2,1,1,2,0,0,2,1,1,1,1,2,0,2,0
2,12100.0,8100.0,R2_F2_m1f1_P1_Y18_UO238,R1_F1_m1f1_P1_Y14_UO7,R1_F1_m1f1_P1_Y15_UO222,FXX,5,31.0,1,0,2.918,0,0,0,-9999.0,0.392578125,1,P0_CV0,1,0,2,1,1,2,0,2,0,1,1,2,0,0,2,2,0,0,2,2,0,2,0,0,2,1,1,1,1,1,1,2,0
2,12100.0,8100.0,R2_F2_m2f2_P2_Y22_UO5,R2_F2_m2f2_P2_Y19_UO104,R2_F2_m2f2_P2_Y18_UO173,FXX,1,31.0,0,0,0.0,0,0,0,-9999.0,0.474609375,1,P1_CV0,1,1,1,0,2,2,0,0,2,0,2,0,2,1,1,1,1,0,2,1,1,1,1,0,2,0,2,1,1,2,0,1,1
2,12100.0,8100.0,R2_F2_m2f2_P2_Y22_UO29,R2_F2_m2f2_P2_Y19_UO104,R2_F2_m2f2_P2_Y20_UO162,MXY,1,31.0,0,0,0.0,0,0,0,-9999.0,0.46337890625,1,P1_CV0,1,1,1,1,1,1,1,0,2,0,2,0,2,0,2,1,1,2,0,1,1,0,2,1,1,2,0,1,1,0,2,1,1
2,12100.0,8100.0,R2_F2_m2f2_P2_Y22_UO74,R2_F2_m2f2_P2_Y20_UO251,RD2_F3_m3f3_P3_Y20_UO42,MXY,1,31.0,0,0,0.0,0,0,0,-9999.0,0.503173828125,1,P1_CV0,1,1,1,1,1,1,1,2,0,1,1,0,2,1,1,1,1,0,2,2,0,1,1,1,1,1,1,0,2,1,1,1,1
2,12100.0,8100.0,R2_F2_m2f2_P2_Y22_UO184,R2_F2_m2f2_P2_Y20_UO38,R2_F2_m2f2_P2_Y20_UO165,MXY,1,31.0,0,0,0.0,0,0,0,-9999.0,0.471923828125,1,P1_CV0,1,1,1,2,0,0,2,1,1,1,1,0,2,0,2,1,1,0,2,0,2,1,1,0,2,1,1,0,2,2,0,0,2
2,12100.0,8100.0,R2_F2_m2f2_P2_Y22_UO186,R2_F2_m1f1_P1_Y18_UO238,R2_F2_m2f2_P2_Y19_UO270,FXX,1,31.0,0,0,0.0,0,0,0,-9999.0,0.442138671875,1,P1_CV0,1,0,2,1,1,2,0,2,0,0,2,2,0,0,2,2,0,0,2,1,1,2,0,1,1,0,2,1,1,1,1,2,0
2,12100.0,8100.0,R2_F2_m2f2_P2_Y22_UO266,R2_F2_m2f2_P2_Y20_UO161,R2_F2_m2f2_P2_Y20_UO165,MXY,1,31.0,0,0,0.0,0,0,0,-9999.0,0.4306640625,1,P1_CV0,1,2,0,1,1,0,2,0,2,1,1,0,2,2,0,0,2,0,2,0,2,2,0,1,1,1,1,2,0,0,2,1,1
2,12100.0,8100.0,R2_F2_m2f2_P2_Y22_UO267,R2_F2_m2f2_P2_Y20_UO161,R2_F2_m2f2_P2_Y20_UO165,MXY,1,31.0,0,0,0.0,0,0,0,-9999.0,0.4306640625,1,P1_CV0,1,2,0,1,1,0,2,0,2,1,1,1,1,1,1,1,1,1,1,0,2,1,1,1,1,1,1,1,1,1,1,1,1
2,12100.0,8100.0,R2_F2_m2f2_P2_Y22_UO276,R2_F2_m2f2_P2_Y19_UO95,R2_F2_m2f2_P2_Y20_UO14,FXX,1,31.0,0,0,0.0,0,0,0,-9999.0,0.4522705078125,1,P1_CV0,1,0,2,2,0,0,2,1,1,0,2,1,1,2,0,2,0,1,1,0,2,0,2,1,1,1,1,1,1,0,2,0,2
2,12100.0,8100.0,R2_F2_m2f2_P2_Y22_UO277,R2_F2_m2f2_P2_Y19_UO95,R2_F2_m2f2_P2_Y20_UO14,FXX,1,31.0,0,0,0.0,0,0,0,-9999.0,0.4522705078125,1,P1_CV0,1,2,0,2,0,1,1,1,1,0,2,1,1,1,1,1,1,1,1,0,2,0,2,1,1,2,0,1,1,0,2,0,2
2,12100.0,8100.0,R2_F2_m2f2_P2_Y22_UO278,R2_F2_m2f2_P2_Y19_UO95,R2_F2_m2f2_P2_Y20_UO14,FXX,1,31.0,0,0,0.0,0,0,0,-9999.0,0.4522705078125,1,P1_CV0,1,1,1,2,0,1,1,1,1,2,0,1,1,1,1,1,1,1,1,0,2,0,2,1,1,2,0,1,1,0,2,1,1
2,12100.0,8100.0,R2_F2_m2f2_P2_Y22_UO280,R2_F2_m2f2_P2_Y19_UO95,R2_F2_m2f2_P2_Y20_UO14,FXX,1,31.0,0,0,0.0,0,0,0,-9999.0,0.4522705078125,1,P1_CV0,1,1,1,2,0,0,2,1,1,1,1,0,2,2,0,2,0,1,1,0,2,0,2,1,1,1,1,1,1,1,1,0,2
2,12100.0,8100.0,R2_F2_m2f2_P2_Y21_UO111,R2_F2_m2f2_P2_Y16_UO216,R2_F2_m2f2_P2_Y19_UO75,FXX,2,31.0,1,0,0.0,0,0,0,-9999.0,0.45849609375,1,P1_CV0,1,1,1,1,1,1,1,0,2,2,0,0,2,2,0,1,1,1,1,1,1,1,1,1,1,0,2,1,1,2,0,2,0
2,12100.0,8100.0,R2_F2_m2f2_P2_Y21_UO92,R2_F2_m2f2_P2_Y17_UO30,RD2_F3_m3f3_P3_Y19_UO145,MXY,2,31.0,1,0,0.0,0,0,0,-9999.0,0.44921875,1,P1_CV0,1,0,2,2,0,1,1,2,0,1,1,2,0,1,1,0,2,0,2,1,1,1,1,0,2,2,0,0,2,1,1,1,1
2,12100.0,8100.0,R2_F2_m2f2_P2_Y21_UO109,R2_F2_m2f2_P2_Y16_UO216,R2_F2_m2f2_P2_Y19_UO75,FXX,2,31.0,1,0,1.271,0,0,0,-9999.0,0.45849609375,1,P1_CV0,1,1,1,1,1,2,0,0,2,2,0,0,2,2,0,1,1,1,1,0,2,1,1,1,1,0,2,2,0,2,0,1,1
2,12100.0,8100.0,R2_F2_m2f2_P2_Y21_UO96,R2_F2_m2f2_P2_Y19_UO273,RD2_F4_m4f4_P4_Y19_UO7,MXY,2,31.0,1,0,0.0,0,0,0,-9999.0,0.485595703125,1,P1_CV0,1,1,1,0,2,0,2,1,1,1,1,1,1,2,0,1,1,1,1,2,0,1,1,0,2,1,1,2,0,1,1,1,1
2,12100.0,8100.0,R2_F2_m2f2_P2_Y21_UO118,R2_F2_m2f2_P2_Y17_UO30,R2_F2_m2f2_P2_Y19_UO240,MXY,2,31.0,1,0,0.0,0,0,0,-9999.0,0.481689453125,1,P1_CV0,1,1,1,1,1,0,2,1,1,0,2,1,1,2,0,1,1,0,2,0,2,1,1,2,0,1,1,0,2,1,1,2,0
2,12100.0,8100.0,R2_F2_m2f2_P2_Y21_UO108,R2_F2_m2f2_P2_Y16_UO216,R2_F2_m2f2_P2_Y19_UO75,MXY,2,31.0,1,0,0.0,0,0,0,-9999.0,0.45849609375,1,P1_CV0,1,0,2,0,2,0,2,0,2,1,1,0,2,2,0,1,1,0,2,0,2,0,2,1,1,0,2,2,0,1,1,1,1
2,12100.0,8100.0,R2_F2_m2f2_P2_Y20_UO164,R2_F2_m2f2_P2_Y15_UO168,R2_F2_m2f2_P2_Y17_UO198,FXX,3,31.0,1,0,0.0,0,0,0,-9999.0,0.4306640625,1,P1_CV0,1,1,1,1,1,1,1,1,1,1,1,0,2,0,2,1,1,1,1,0,2,1,1,1,1,0,2,1,1,2,0,2,0
2,12100.0,8100.0,R2_F2_m2f2_P2_Y20_UO176,R2_F2_m2f2_P2_Y18_UO162,R2_F2_m2f2_P2_Y16_UO187,MXY,3,31.0,1,0,0.0,0,0,0,-9999.0,0.5146484375,1,P1_CV0,1,1,1,0,2,0,2,1,1,0,2,0,2,1,1,1,1,1,1,2,0,2,0,0,2,1,1,1,1,0,2,1,1
2,12100.0,8100.0,R2_F2_m2f2_P2_Y20_UO178,R2_F2_m2f2_P2_Y18_UO247,R2_F2_m2f2_P2_Y17_UO73,MXY,3,31.0,1,0,0.0,0,0,0,-9999.0,0.48583984375,1,P1_CV0,1,1,1,1,1,1,1,1,1,2,0,0,2,1,1,1,1,0,2,0,2,2,0,0,2,1,1,2,0,1,1,1,1
2,12100.0,8100.0,R2_F2_m4f4_P4_Y19_UO7,R4_F4_m4f4_P4_Y16_UO134,R4_F4_m4f4_P4_Y17_UO231,MXY,4,31.0,1,0,0.0,0,0,0,-9999.0,0.47119140625,1,P1_CV0,1,0,2,1,1,0,2,2,0,2,0,2,0,1,1,1,1,0,2,1,1,2,0,1,1,2,0,1,1,1,1,1,1
2,12100.0,8100.0,R2_F2_m2f2_P2_Y18_UO173,R2_F2_m3f3_P3_Y15_UO0,R2_F2_m2f2_P2_Y16_UO215,MXY,5,31.0,1,0,0.0,0,0,0,-9999.0,0.453125,1,P1_CV0,1,0,2,0,2,2,0,1,1,0,2,1,1,2,0,2,0,0,2,0,2,2,0,1,1,0,2,2,0,1,1,2,0
2,12100.0,8100.0,R2_F2_m2f2_P2_Y22_UO76,R2_F2_m1f1_P1_Y18_UO238,RD2_F1_m1f1_P1_Y20_UO102,MXY,1,31.0,0,0,0.0,0,0,0,-9999.0,0.424072265625,1,P2_CV0,1,1,1,0,2,2,0,2,0,1,1,1,1,1,1,1,1,0,2,2,0,2,0,1,1,1,1,1,1,1,1,1,1
2,12100.0,8100.0,R2_F2_m2f2_P2_Y22_UO80,R2_F2_m1f1_P1_Y18_UO238,RD2_F1_m1f1_P1_Y20_UO102,MXY,1,31.0,0,0,0.0,0,0,0,-9999.0,0.424072265625,1,P2_CV0,1,1,1,0,2,2,0,2,0,1,1,2,0,1,1,1,1,0,2,2,0,1,1,1,1,1,1,1,1,1,1,1,1
2,12100.0,8100.0,R2_F2_m2f2_P2_Y22_UO82,R2_F2_m1f1_P1_Y18_UO238,RD2_F1_m1f1_P1_Y20_UO102,FXX,1,31.0,0,0,0.0,0,0,0,-9999.0,0.424072265625,1,P2_CV0,1,1,1,0,2,2,0,2,0,0,2,1,1,1,1,1,1,0,2,2,0,1,1,0,2,0,2,1,1,1,1,2,0
2,12100.0,8100.0,R2_F2_m2f2_P2_Y22_UO118,R2_F2_m2f2_P2_Y19_UO104,R2_F2_m2f2_P2_Y20_UO107,MXY,1,31.0,0,0,0.0,0,0,0,-9999.0,0.49072265625,1,P2_CV0,1,1,1,0,2,1,1,0,2,0,2,0,2,1,1,1,1,1,1,0,2,1,1,1,1,2,0,0,2,0,2,0,2
2,12100.0,8100.0,R2_F2_m2f2_P2_Y22_UO220,R2_F2_m2f2_P2_Y20_UO41,R2_F2_m2f2_P2_Y20_UO210,FXX,1,31.0,0,0,0.0,0,0,0,-9999.0,0.4881591796875,1,P2_CV0,1,2,0,1,1,1,1,1,1,0,2,2,0,0,2,1,1,2,0,1,1,2,0,0,2,0,2,2,0,2,0,0,2
2,12100.0,8100.0,R2_F2_m2f2_P2_Y22_UO222,R2_F2_m2f2_P2_Y20_UO41,R2_F2_m2f2_P2_Y20_UO210,FXX,1,31.0,0,0,0.0,0,0,0,-9999.0,0.4881591796875,1,P2_CV0,1,2,0,2,0,1,1,0,2,0,2,1,1,0,2,0,2,1,1,1,1,2,0,0,2,1,1,2,0,1,1,1,1
2,12100.0,8100.0,R2_F2_m2f2_P2_Y22_UO239,R2_F2_m2f2_P2_Y20_UO175,R2_F2_m2f2_P2_Y20_UO105,FXX,1,31.0,0,0,0.0,0,0,0,-9999.0,0.5,1,P2_CV0,1,0,2,0,2,1,1,1,1,2,0,0,2,1,1,0,2,1,1,1,1,2,0,1,1,1,1,2,0,2,0,2,0
2,12100.0,8100.0,R2_F2_m2f2_P2_Y22_UO246,R2_F2_m6f6_P6_Y17_UO214,RD2_F1_m1f1_P1_Y20_UO102,FXX,1,31.0,0,0,0.0,0,0,0,-9999.0,0.479736328125,1,P2_CV0,1,1,1,0,2,2,0,2,0,0,2,2,0,2,0,1,1,0,2,1,1,1,1,1,1,0,2,1,1,1,1,2,0
2,12100.0,8100.0,R2_F2_m2f2_P2_Y22_UO248,R2_F2_m6f6_P6_Y17_UO214,RD2_F1_m1f1_P1_Y20_UO102,FXX,1,31.0,0,0,0.0,0,0,0,-9999.0,0.479736328125,1,P2_CV0,1,1,1,0,2,2,0,2,0,1,1,2,0,2,0,1,1,0,2,1,1,1,1,1,1,0,2,0,2,1,1,2,0
2,12100.0,8100.0,RD2_F3_m3f3_P3_Y22_UO254,R3_F3_m3f3_P3_Y18_UO253,R3_F3_m3f3_P3_Y18_UO152,MXY,1,31.0,0,0,0.0,0,0,0,-9999.0,0.435546875,1,P2_CV0,1,0,2,0,2,1,1,1,1,0,2,0,2,0,2,1,1,0,2,2,0,2,0,0,2,2,0,1,1,2,0,0,2
2,12100.0,8100.0,R2_F2_m2f2_P2_Y21_UO150,R2_F2_m2f2_P2_Y18_UO247,R2_F2_m2f2_P2_Y18_UO252,MXY,2,31.0,1,0,0.0,0,0,0,-9999.0,0.4638671875,1,P2_CV0,1,0,2,1,1,2,0,1,1,1,1,0,2,1,1,0,2,2,0,0,2,2,0,1,1,0,2,1,1,1,1,0,2
2,12100.0,8100.0,R2_F2_m6f6_P6_Y21_UO228,R6_F6_m6f6_P6_Y18_UO159,R6_F6_m6f6_P6_Y19_UO199,FXX,2,31.0,1,0,2.818,0,0,0,-9999.0,0.51123046875,1,P2_CV0,1,1,1,0,2,2,0,1,1,1,1,1,1,1,1,0,2,0,2,1,1,2,0,1,1,0,2,1,1,2,0,0,2
2,12100.0,8100.0,R2_F2_m2f2_P2_Y21_UO147,R2_F2_m2f2_P2_Y18_UO247,R2_F2_m2f2_P2_Y19_UO65,MXY,2,31.0,1,0,0.0,0,0,0,-9999.0,0.46240234375,1,P2_CV0,1,1,1,1,1,1,1,1,1,0,2,0,2,1,1,1,1,1,1,0,2,2,0,1,1,0,2,1,1,1,1,2,0
2,12100.0,8100.0,R2_F2_m2f2_P2_Y21_UO216,R2_F2_m2f2_P2_Y18_UO206,R2_F2_m2f2_P2_Y19_UO1,FXX,2,31.0,1,0,1.921,0,0,0,-9999.0,0.507568359375,1,P2_CV0,1,1,1,1,1,1,1,2,0,0,2,2,0,1,1,1,1,1,1,1,1,1,1,0,2,1,1,2,0,1,1,0,2
2,12100.0,8100.0,R2_F2_m2f2_P2_Y20_UO105,R2_F2_m2f2_P2_Y18_UO162,R2_F2_m2f2_P2_Y18_UO252,MXY,3,31.0,1,0,0.0,0,0,0,-9999.0,0.4853515625,1,P2_CV0,1,0,2,0,2,2,0,1,1,1,1,0,2,1,1,1,1,1,1,1,1,2,0,1,1,1,1,2,0,1,1,1,1
2,12100.0,8100.0,R2_F2_m2f2_P2_Y20_UO107,R2_F2_m2f2_P2_Y18_UO162,R2_F2_m2f2_P2_Y18_UO252,MXY,3,31.0,1,0,0.0,0,0,0,-9999.0,0.4853515625,1,P2_CV0,1,0,2,0,2,1,1,0,2,0,2,0,2,2,0,1,1,1,1,0,2,2,0,1,1,2,0,1,1,1,1,1,1
2,12100.0,8100.0,R2_F2_m5f5_P5_Y19_UO192,R5_F5_m5f5_P5_Y16_UO15,R5_F5_m2f2_P2_Y17_UO34,MXY,4,31.0,1,0,0.0,0,0,0,-9999.0,0.44384765625,1,P2_CV0,1,1,1,1,1,1,1,0,2,0,2,0,2,1,1,0,2,0,2,2,0,1,1,1,1,0,2,2,0,1,1,2,0
2,12100.0,8100.0,R2_F2_m2f2_P2_Y22_UO4,R2_F2_m2f2_P2_Y19_UO104,R2_F2_m2f2_P2_Y18_UO173,FXX,1,31.0,0,0,0.0,0,0,0,-9999.0,0.474609375,1,P3_CV0,1,0,2,0,2,2,0,1,1,0,2,1,1,1,1,1,1,0,2,0,2,1,1,0,2,0,2,1,1,0,2,1,1
2,12100.0,8100.0,R2_F2_m2f2_P2_Y22_UO30,R2_F2_m2f2_P2_Y19_UO104,R2_F2_m2f2_P2_Y20_UO162,MXY,1,31.0,0,0,0.0,0,0,0,-9999.0,0.46337890625,1,P3_CV0,1,2,0,1,1,1,1,1,1,1,1,0,2,0,2,0,2,1,1,1,1,1,1,0,2,1,1,0,2,0,2,2,0
2,12100.0,8100.0,R2_F2_m2f2_P2_Y22_UO31,R2_F2_m2f2_P2_Y19_UO104,R2_F2_m2f2_P2_Y20_UO162,FXX,1,31.0,0,0,0.0,0,0,0,-9999.0,0.46337890625,1,P3_CV0,1,2,0,1,1,1,1,0,2,1,1,0,2,0,2,1,1,1,1,1,1,0,2,2,0,2,0,1,1,1,1,1,1
2,12100.0,8100.0,R2_F2_m2f2_P2_Y22_UO119,R2_F2_m2f2_P2_Y19_UO104,R2_F2_m2f2_P2_Y20_UO107,FXX,1,31.0,0,0,0.0,0,0,0,-9999.0,0.49072265625,1,P3_CV0,1,1,1,0,2,2,0,0,2,0,2,0,2,1,1,1,1,1,1,1,1,1,1,0,2,2,0,0,2,0,2,2,0
2,12100.0,8100.0,R2_F2_m2f2_P2_Y22_UO171,R2_F2_m2f2_P2_Y19_UO104,R2_F2_m2f2_P2_Y20_UO105,MXY,1,31.0,0,0,0.0,0,0,0,-9999.0,0.49072265625,1,P3_CV0,1,1,1,0,2,2,0,0,2,0,2,0,2,1,1,0,2,1,1,1,1,1,1,1,1,2,0,1,1,1,1,2,0
2,12100.0,8100.0,R2_F2_m2f2_P2_Y22_UO172,R2_F2_m2f2_P2_Y19_UO104,R2_F2_m2f2_P2_Y20_UO105,MXY,1,31.0,0,0,0.0,0,0,0,-9999.0,0.49072265625,1,P3_CV0,1,0,2,0,2,2,0,1,1,1,1,0,2,0,2,1,1,1,1,1,1,1,1,0,2,1,1,1,1,1,1,2,0
2,12100.0,8100.0,R2_F2_m2f2_P2_Y22_UO183,R2_F2_m2f2_P2_Y20_UO38,R2_F2_m2f2_P2_Y20_UO165,FXX,1,31.0,0,0,0.0,0,0,0,-9999.0,0.471923828125,1,P3_CV0,1,1,1,1,1,1,1,1,1,1,1,1,1,0,2,1,1,0,2,1,1,1,1,0,2,0,2,2,0,2,0,1,1
2,12100.0,8100.0,R2_F2_m2f2_P2_Y22_UO221,R2_F2_m2f2_P2_Y20_UO41,R2_F2_m2f2_P2_Y20_UO210,MXY,1,31.0,0,0,0.0,0,0,0,-9999.0,0.4881591796875,1,P3_CV0,1,2,0,1,1,1,1,0,2,1,1,1,1,1,1,1,1,1,1,1,1,2,0,0,2,2,0,1,1,1,1,0,2
2,12100.0,8100.0,R2_F2_m2f2_P2_Y22_UO223,R2_F2_m2f2_P2_Y20_UO41,R2_F2_m2f2_P2_Y20_UO210,FXX,1,31.0,0,0,0.0,0,0,0,-9999.0,0.4881591796875,1,P3_CV0,1,2,0,1,1,1,1,1,1,1,1,2,0,0,2,1,1,2,0,1,1,2,0,0,2,2,0,1,1,2,0,0,2
2,12100.0,8100.0,R2_F2_m2f2_P2_Y22_UO279,R2_F2_m2f2_P2_Y19_UO95,R2_F2_m2f2_P2_Y20_UO14,FXX,1,31.0,0,0,0.0,0,0,0,-9999.0,0.4522705078125,1,P3_CV0,1,2,0,2,0,0,2,1,1,1,1,1,1,1,1,1,1,1,1,0,2,0,2,1,1,2,0,1,1,1,1,1,1
2,12100.0,8100.0,R2_F2_m2f2_P2_Y21_UO195,R2_F2_m2f2_P2_Y19_UO104,R2_F2_m2f2_P2_Y19_UO96,MXY,2,31.0,1,0,0.0,0,0,0,-9999.0,0.4833984375,1,P3_CV0,1,1,1,0,2,1,1,0,2,0,2,1,1,0,2,0,2,1,1,0,2,1,1,1,1,1,1,1,1,2,0,1,1
2,12100.0,8100.0,R2_F2_m2f2_P2_Y21_UO70,R2_F2_m2f2_P2_Y19_UO17,R2_F2_m2f2_P2_Y19_UO16,MXY,2,31.0,1,0,0.0,0,0,0,-9999.0,0.4794921875,1,P3_CV0,1,1,1,1,1,1,1,2,0,1,1,1,1,0,2,1,1,0,2,0,2,2,0,0,2,0,2,2,0,0,2,2,0
2,12100.0,8100.0,R2_F2_m2f2_P2_Y21_UO119,R2_F2_m2f2_P2_Y17_UO30,R2_F2_m2f2_P2_Y19_UO240,FXX,2,31.0,1,0,0.0,0,0,0,-9999.0,0.481689453125,1,P3_CV0,1,2,0,0,2,1,1,0,2,0,2,0,2,2,0,0,2,0,2,0,2,0,2,1,1,1,1,0,2,1,1,1,1
2,12100.0,8100.0,R2_F2_m2f2_P2_Y21_UO117,R2_F2_m2f2_P2_Y19_UO17,R2_F2_m2f2_P2_Y19_UO83,MXY,2,31.0,1,0,0.0,0,0,0,-9999.0,0.471435546875,1,P3_CV0,1,0,2,2,0,1,1,1,1,0,2,1,1,1,1,1,1,0,2,0,2,1,1,1,1,1,1,1,1,1,1,1,1
2,12100.0,8100.0,R2_F2_m2f2_P2_Y21_UO121,R2_F2_m2f2_P2_Y17_UO30,R2_F2_m2f2_P2_Y19_UO240,FXX,2,31.0,1,0,0.0,0,0,0,-9999.0,0.481689453125,1,P3_CV0,1,1,1,0,2,0,2,0,2,0,2,1,1,2,0,2,0,0,2,0,2,1,1,1,1,1,1,0,2,2,0,2,0
2,12100.0,8100.0,R2_F2_m2f2_P2_Y21_UO16,R2_F2_m2f2_P2_Y19_UO74,R2_F2_m2f2_P2_Y17_UO208,FXX,2,31.0,1,0,1.05,0,0,0,-9999.0,0.4580078125,1,P3_CV0,1,2,0,2,0,2,0,1,1,0,2,1,1,0,2,1,1,0,2,0,2,2,0,2,0,1,1,1,1,1,1,1,1
2,12100.0,8100.0,R2_F2_m4f4_P4_Y20_UO60,R4_F4_m4f4_P4_Y18_UO165,R4_F4_m4f4_P4_Y17_UO56,MXY,3,31.0,1,0,0.0,0,0,0,-9999.0,0.5205078125,1,P3_CV0,1,0,2,1,1,1,1,2,0,0,2,1,1,0,2,1,1,1,1,1,1,2,0,0,2,1,1,1,1,2,0,2,0
2,12100.0,8100.0,R2_F2_m2f2_P2_Y20_UO41,RD2_F4_m4f4_P4_Y18_UO221,R2_F2_m2f2_P2_Y16_UO187,FXX,3,31.0,1,0,0.0,0,0,0,-9999.0,0.51318359375,1,P3_CV0,1,2,0,1,1,0,2,1,1,0,2,1,1,1,1,1,1,1,1,2,0,2,0,0,2,1,1,1,1,2,0,0,2
2,12100.0,8100.0,R2_F2_m2f2_P2_Y20_UO14,R2_F2_m2f2_P2_Y17_UO98,R2_F2_m2f2_P2_Y18_UO36,MXY,3,31.0,1,0,0.0,0,0,0,-9999.0,0.433837890625,1,P3_CV0,1,1,1,2,0,1,1,0,2,1,1,0,2,1,1,2,0,1,1,0,2,0,2,2,0,1,1,2,0,0,2,0,2
2,12100.0,8100.0,R2_F2_m2f2_P2_Y20_UO114,R2_F2_m2f2_P2_Y17_UO35,R2_F2_m2f2_P2_Y18_UO36,FXX,3,31.0,1,0,2.055,0,0,0,-9999.0,0.481201171875,1,P3_CV0,1,2,0,1,1,1,1,1,1,1,1,1,1,1,1,1,1,0,2,1,1,2,0,2,0,1,1,2,0,1,1,0,2
2,12100.0,8100.0,R2_F2_m2f2_P2_Y19_UO17,R2_F2_m2f2_P2_Y17_UO97,R2_F2_m2f2_P2_Y16_UO238,FXX,4,31.0,1,0,2.515,0,0,0,-9999.0,0.4794921875,1,P3_CV0,1,1,1,2,0,1,1,1,1,1,1,0,2,1,1,1,1,0,2,0,2,2,0,0,2,1,1,2,0,1,1,2,0
2,12100.0,8100.0,R2_F2_m2f2_P2_Y19_UO104,R2_F2_m2f2_P2_Y14_UO217,R2_F2_m2f2_P2_Y15_UO147,FXX,4,31.0,1,0,1.524,0,0,0,-9999.0,0.49609375,1,P3_CV0,1,1,1,0,2,2,0,0,2,0,2,0,2,0,2,1,1,1,1,1,1,0,2,1,1,1,1,0,2,1,1,1,1
2,12100.0,8100.0,R2_F2_m2f2_P2_Y22_UO75,R2_F2_m2f2_P2_Y20_UO251,RD2_F3_m3f3_P3_Y20_UO42,FXX,1,31.0,0,0,0.0,0,0,0,-9999.0,0.503173828125,1,P4_CV0,1,1,1,0,2,1,1,2,0,0,2,1,1,0,2,1,1,0,2,2,0,1,1,1,1,1,1,0,2,1,1,1,1
2,12100.0,8100.0,R2_F2_m2f2_P2_Y22_UO237,R2_F2_m2f2_P2_Y20_UO175,R2_F2_m2f2_P2_Y20_UO105,FXX,1,31.0,0,0,0.0,0,0,0,-9999.0,0.5,1,P4_CV0,1,0,2,0,2,1,1,1,1,1,1,0,2,2,0,1,1,1,1,1,1,2,0,0,2,2,0,1,1,2,0,1,1
2,12100.0,8100.0,R2_F2_m2f2_P2_Y22_UO238,R2_F2_m2f2_P2_Y20_UO175,R2_F2_m2f2_P2_Y20_UO105,FXX,1,31.0,0,0,0.0,0,0,0,-9999.0,0.5,1,P4_CV0,1,0,2,0,2,1,1,0,2,1,1,0,2,0,2,1,1,1,1,1,1,2,0,1,1,2,0,2,0,1,1,2,0
2,12100.0,8100.0,R2_F2_m2f2_P2_Y22_UO240,R2_F2_m2f2_P2_Y19_UO160,R2_F2_m2f2_P2_Y20_UO106,MXY,1,31.0,0,0,0.0,0,0,0,-9999.0,0.47998046875,1,P4_CV0,1,0,2,0,2,1,1,1,1,1,1,1,1,1,1,2,0,2,0,0,2,2,0,1,1,0,2,2,0,0,2,0,2
2,12100.0,8100.0,R2_F2_m2f2_P2_Y22_UO241,R2_F2_m2f2_P2_Y20_UO175,R2_F2_m2f2_P2_Y20_UO165,FXX,1,31.0,0,0,0.0,0,0,0,-9999.0,0.47265625,1,P4_CV0,1,1,1,1,1,0,2,0,2,1,1,0,2,2,0,1,1,1,1,1,1,1,1,1,1,0,2,1,1,2,0,1,1
2,12100.0,8100.0,R2_F2_m2f2_P2_Y22_UO243,R2_F2_m2f2_P2_Y20_UO175,R2_F2_m2f2_P2_Y20_UO165,MXY,1,31.0,0,0,0.0,0,0,0,-9999.0,0.47265625,1,P4_CV0,1,1,1,1,1,0,2,0,2,1,1,1,1,2,0,2,0,1,1,1,1,1,1,1,1,1,1,2,0,2,0,2,0
2,12100.0,8100.0,R2_F2_m2f2_P2_Y22_UO244,R2_F2_m2f2_P2_Y19_UO104,RD2_F3_m3f3_P3_Y20_UO42,FXX,1,31.0,0,0,0.0,0,0,0,-9999.0,0.489501953125,1,P4_CV0,1,1,1,0,2,2,0,1,1,0,2,0,2,1,1,1,1,0,2,2,0,0,2,0,2,1,1,0,2,1,1,2,0
2,12100.0,8100.0,R2_F2_m2f2_P2_Y22_UO245,R2_F2_m2f2_P2_Y19_UO104,RD2_F3_m3f3_P3_Y20_UO42,MXY,1,31.0,0,0,0.0,0,0,0,-9999.0,0.489501953125,1,P4_CV0,1,0,2,0,2,2,0,0,2,1,1,1,1,0,2,1,1,0,2,1,1,1,1,1,1,2,0,1,1,2,0,1,1
2,12100.0,8100.0,R2_F2_m6f6_P6_Y21_UO10,R6_F6_m6f6_P6_Y19_UO57,R6_F6_m6f6_P6_Y16_UO29,FXX,2,31.0,1,0,2.238,0,0,0,-9999.0,0.518798828125,1,P4_CV0,1,2,0,0,2,0,2,2,0,1,1,0,2,2,0,1,1,0,2,1,1,1,1,2,0,2,0,2,0,2,0,0,2
2,12100.0,8100.0,R2_F2_m3f3_P3_Y21_UO239,R3_F3_m3f3_P3_Y18_UO253,R3_F3_m5f5_P5_Y18_UO150,FXX,2,31.0,1,0,1.211,0,0,0,-9999.0,0.47119140625,1,P4_CV0,1,0,2,1,1,1,1,1,1,1,1,2,0,1,1,1,1,0,2,1,1,0,2,1,1,1,1,1,1,1,1,0,2
2,12100.0,8100.0,R2_F2_m2f2_P2_Y20_UO177,R2_F2_m2f2_P2_Y18_UO162,R2_F2_m2f2_P2_Y16_UO187,MXY,3,31.0,1,0,0.0,0,0,0,-9999.0,0.5146484375,1,P4_CV0,1,0,2,0,2,0,2,1,1,0,2,0,2,1,1,1,1,1,1,0,2,2,0,0,2,1,1,1,1,1,1,2,0
2,12100.0,8100.0,R2_F2_m2f2_P2_Y19_UO160,R2_F2_m2f2_P2_Y14_UO240,R2_F2_m2f2_P2_Y16_UO114,FXX,4,31.0,1,0,0.0,0,0,0,-9999.0,0.474609375,1,P4_CV0,1,0,2,1,1,0,2,1,1,1,1,2,0,0,2,2,0,1,1,0,2,1,1,1,1,0,2,2,0,1,1,1,1
2,12100.0,8100.0,R2_F2_m2f2_P2_Y18_UO162,R2_F2_m2f2_P2_Y16_UO216,R2_F2_m2f2_P2_Y16_UO244,FXX,5,31.0,1,0,2.621,0,0,0,-9999.0,0.4970703125,1,P4_CV0,1,0,2,0,2,1,1,1,1,1,1,0,2,1,1,2,0,0,2,1,1,2,0,0,2,2,0,2,0,1,1,2,0
3,12200.0,8100.0,R3_F3_m3f3_P3_Y22_UO11,R3_F3_m3f3_P3_Y20_UO51,R3_F3_m3f3_P3_Y19_UO256,MXY,1,31.0,0,0,0.0,0,0,0,-9999.0,0.4716796875,1,P0_CV0,1,0,2,1,1,1,1,2,0,1,1,0,2,2,0,2,0,1,1,1,1,2,0,1,1,1,1,1,1,2,0,0,2
3,12200.0,8100.0,R3_F3_m3f3_P3_Y22_UO225,R3_F3_m5f5_P5_Y20_UO234,R3_F3_m3f3_P3_Y18_UO71,MXY,1,31.0,0,0,0.0,0,0,0,-9999.0,0.395751953125,1,P0_CV0,1,0,2,1,1,1,1,0,2,2,0,2,0,0,2,0,2,0,2,2,0,2,0,1,1,2,0,2,0,2,0,1,1
3,12200.0,8100.0,R3_F3_m5f5_P5_Y21_UO261,R5_F5_m5f5_P5_Y19_UO278,R5_F5_m5f5_P5_Y19_UO193,FXX,2,31.0,1,0,1.27,0,0,0,-9999.0,0.453125,1,P0_CV0,1,1,1,0,2,2,0,0,2,1,1,0,2,1,1,0,2,0,2,1,1,1,1,1,1,1,1,1,1,1,1,0,2
3,12200.0,8100.0,R3_F3_m3f3_P3_Y19_UO256,R3_F3_m4f4_P4_Y14_UO49,R3_F3_m5f5_P5_Y16_UO19,MXY,4,31.0,1,0,0.0,0,0,0,-9999.0,0.50390625,1,P0_CV0,1,0,2,2,0,1,1,2,0,0,2,1,1,2,0,2,0,0,2,2,0,2,0,0,2,2,0,1,1,1,1,0,2
3,12200.0,8100.0,R3_F3_m3f3_P3_Y18_UO71,R3_F3_m1f1_P1_Y16_UO59,R3_F3_m3f3_P3_Y16_UO177,MXY,5,31.0,1,0,0.0,0,0,0,-9999.0,0.37646484375,1,P0_CV0,1,0,2,0,2,1,1,1,1,2,0,1,1,1,1,1,1,0,2,2,0,2,0,1,1,2,0,2,0,1,1,0,2
3,12200.0,8100.0,R3_F3_m3f3_P3_Y22_UO165,R3_F3_m5f5_P5_Y20_UO234,R3_F3_m2f2_P2_Y20_UO243,FXX,1,31.0,0,0,0.0,0,0,0,-9999.0,0.42626953125,1,P1_CV0,1,0,2,2,0,2,0,1,1,0,2,2,0,1,1,1,1,0,2,1,1,1,1,2,0,1,1,1,1,1,1,1,1
3,12200.0,8100.0,R3_F3_m3f3_P3_Y22_UO166,R3_F3_m5f5_P5_Y20_UO234,R3_F3_m2f2_P2_Y20_UO243,FXX,1,31.0,0,0,0.0,0,0,0,-9999.0,0.42626953125,1,P1_CV0,1,0,2,2,0,1,1,1,1,1,1,1,1,2,0,1,1,0,2,1,1,1,1,2,0,1,1,1,1,1,1,1,1
3,12200.0,8100.0,R3_F3_m3f3_P3_Y21_UO177,R3_F3_m3f3_P3_Y16_UO46,R3_F3_m5f5_P5_Y16_UO19,MXY,2,31.0,1,0,0.0,0,0,0,-9999.0,0.48828125,1,P1_CV0,1,0,2,2,0,0,2,1,1,0,2,0,2,2,0,2,0,1,1,1,1,2,0,1,1,1,1,1,1,0,2,2,0
3,12200.0,8100.0,R3_F3_m3f3_P3_Y21_UO183,R3_F3_m3f3_P3_Y16_UO46,R3_F3_m5f5_P5_Y16_UO19,MXY,2,31.0,1,0,0.0,0,0,0,-9999.0,0.48828125,1,P1_CV0,1,1,1,2,0,0,2,1,1,0,2,1,1,2,0,2,0,1,1,1,1,1,1,1,1,1,1,0,2,0,2,1,1
3,12200.0,8100.0,R3_F3_m3f3_P3_Y21_UO178,R3_F3_m3f3_P3_Y16_UO46,R3_F3_m5f5_P5_Y16_UO19,FXX,2,31.0,1,0,1.0,0,0,0,-9999.0,0.48828125,1,P1_CV0,1,0,2,2,0,1,1,1,1,0,2,0,2,2,0,1,1,0,2,1,1,1,1,1,1,1,1,1,1,0,2,1,1
3,12200.0,8100.0,R3_F3_m2f2_P2_Y20_UO243,R2_F2_m2f2_P2_Y15_UO168,R2_F2_m2f2_P2_Y18_UO173,MXY,3,31.0,1,0,0.0,0,0,0,-9999.0,0.4375,1,P1_CV0,1,1,1,1,1,1,1,1,1,0,2,1,1,1,1,2,0,0,2,0,2,2,0,2,0,0,2,2,0,1,1,1,1
3,12200.0,8100.0,R3_F3_m2f2_P2_Y19_UO151,R2_F2_m2f2_P2_Y14_UO240,R2_F2_m2f2_P2_Y17_UO36,FXX,4,31.0,1,0,0.0,0,0,0,-9999.0,0.49951171875,1,P1_CV0,1,0,2,0,2,1,1,2,0,1,1,1,1,1,1,2,0,1,1,1,1,1,1,2,0,0,2,2,0,1,1,1,1
3,12200.0,8100.0,RD3_F2_m2f2_P2_Y22_UO156,R2_F2_m2f2_P2_Y19_UO105,R2_F2_m2f2_P2_Y19_UO1,FXX,1,31.0,0,0,0.0,0,0,0,-9999.0,0.502685546875,1,P2_CV0,1,1,1,1,1,2,0,2,0,0,2,1,1,1,1,0,2,1,1,1,1,1,1,1,1,1,1,1,1,1,1,0,2
3,12200.0,8100.0,R3_F3_m3f3_P3_Y22_UO0,R3_F3_m3f3_P3_Y20_UO212,R3_F3_m3f3_P3_Y18_UO152,MXY,1,31.0,0,0,0.0,0,0,0,-9999.0,0.4149169921875,1,P2_CV0,1,0,2,0,2,0,2,0,2,1,1,1,1,0,2,0,2,1,1,1,1,1,1,1,1,0,2,1,1,1,1,1,1
3,12200.0,8100.0,R3_F3_m3f3_P3_Y22_UO1,R3_F3_m3f3_P3_Y20_UO212,R3_F3_m3f3_P3_Y18_UO152,MXY,1,31.0,0,0,0.0,0,0,0,-9999.0,0.4149169921875,1,P2_CV0,1,0,2,0,2,1,1,0,2,1,1,1,1,0,2,2,0,1,1,1,1,2,0,1,1,1,1,1,1,1,1,0,2
3,12200.0,8100.0,R3_F3_m3f3_P3_Y22_UO2,R3_F3_m3f3_P3_Y20_UO212,R3_F3_m3f3_P3_Y18_UO152,FXX,1,31.0,0,0,0.0,0,0,0,-9999.0,0.4149169921875,1,P2_CV0,1,0,2,0,2,1,1,0,2,1,1,1,1,0,2,1,1,0,2,1,1,1,1,1,1,1,1,1,1,1,1,1,1
3,12200.0,8100.0,R3_F3_m3f3_P3_Y22_UO3,R3_F3_m3f3_P3_Y20_UO212,R3_F3_m3f3_P3_Y18_UO152,MXY,1,31.0,0,0,0.0,0,0,0,-9999.0,0.4149169921875,1,P2_CV0,1,0,2,0,2,1,1,0,2,1,1,0,2,0,2,2,0,0,2,2,0,2,0,0,2,1,1,1,1,1,1,1,1
3,12200.0,8100.0,R3_F3_m3f3_P3_Y22_UO64,R3_F3_m3f3_P3_Y19_UO207,R3_F3_m3f3_P3_Y20_UO55,FXX,1,31.0,0,0,0.0,0,0,0,-9999.0,0.381103515625,1,P2_CV0,1,1,1,1,1,1,1,1,1,2,0,1,1,1,1,2,0,1,1,1,1,2,0,0,2,0,2,1,1,1,1,1,1
3,12200.0,8100.0,R3_F3_m3f3_P3_Y22_UO65,R3_F3_m3f3_P3_Y19_UO207,R3_F3_m3f3_P3_Y20_UO55,FXX,1,31.0,0,0,0.0,0,0,0,-9999.0,0.381103515625,1,P2_CV0,1,0,2,1,1,2,0,0,2,2,0,0,2,2,0,2,0,1,1,1,1,2,0,1,1,0,2,0,2,1,1,1,1
3,12200.0,8100.0,R3_F3_m3f3_P3_Y22_UO66,R3_F3_m3f3_P3_Y19_UO207,R3_F3_m3f3_P3_Y20_UO55,FXX,1,31.0,0,0,0.0,0,0,0,-9999.0,0.381103515625,1,P2_CV0,1,0,2,1,1,1,1,1,1,2,0,1,1,2,0,2,0,1,1,1,1,1,1,1,1,1,1,0,2,1,1,1,1
3,12200.0,8100.0,R3_F3_m3f3_P3_Y22_UO67,R3_F3_m3f3_P3_Y19_UO207,R3_F3_m3f3_P3_Y20_UO55,MXY,1,31.0,0,0,0.0,0,0,0,-9999.0,0.381103515625,1,P2_CV0,1,1,1,1,1,1,1,1,1,2,0,0,2,2,0,2,0,1,1,1,1,1,1,1,1,1,1,0,2,1,1,2,0
3,12200.0,8100.0,R3_F3_m3f3_P3_Y22_UO91,R3_F3_m3f3_P3_Y20_UO259,R3_F3_m3f3_P3_Y19_UO212,FXX,1,31.0,0,0,0.0,0,0,0,-9999.0,0.45361328125,1,P2_CV0,1,0,2,1,1,0,2,0,2,1,1,0,2,2,0,2,0,1,1,1,1,2,0,0,2,1,1,1,1,1,1,0,2
3,12200.0,8100.0,R3_F3_m3f3_P3_Y22_UO104,RD3_F3_m3f3_P3_Y19_UO126,R3_F3_m3f3_P3_Y17_UO292,MXY,1,31.0,0,0,0.0,0,0,0,-9999.0,0.4091796875,1,P2_CV0,1,0,2,1,1,1,1,0,2,2,0,1,1,1,1,0,2,0,2,1,1,2,0,1,1,0,2,1,1,1,1,1,1
3,12200.0,8100.0,R3_F3_m3f3_P3_Y22_UO105,RD3_F3_m3f3_P3_Y19_UO126,R3_F3_m3f3_P3_Y17_UO292,FXX,1,31.0,0,0,0.0,0,0,0,-9999.0,0.4091796875,1,P2_CV0,1,0,2,2,0,0,2,1,1,2,0,0,2,2,0,0,2,0,2,1,1,2,0,1,1,0,2,1,1,2,0,1,1
3,12200.0,8100.0,R3_F3_m3f3_P3_Y22_UO143,R3_F3_m3f3_P3_Y20_UO81,R3_F3_m3f3_P3_Y20_UO36,MXY,1,31.0,0,0,0.0,0,0,0,-9999.0,0.37158203125,1,P2_CV0,1,1,1,1,1,2,0,1,1,0,2,0,2,1,1,2,0,1,1,0,2,2,0,1,1,1,1,2,0,0,2,1,1
3,12200.0,8100.0,R3_F3_m3f3_P3_Y22_UO144,R3_F3_m3f3_P3_Y20_UO81,R3_F3_m3f3_P3_Y20_UO36,FXX,1,31.0,0,0,0.0,0,0,0,-9999.0,0.37158203125,1,P2_CV0,1,1,1,1,1,2,0,0,2,1,1,0,2,0,2,2,0,2,0,0,2,2,0,2,0,1,1,1,1,1,1,1,1
3,12200.0,8100.0,R3_F3_m3f3_P3_Y22_UO145,R3_F3_m3f3_P3_Y20_UO81,R3_F3_m3f3_P3_Y20_UO36,FXX,1,31.0,0,0,0.0,0,0,0,-9999.0,0.37158203125,1,P2_CV0,1,1,1,2,0,2,0,0,2,1,1,1,1,0,2,2,0,1,1,2,0,1,1,0,2,1,1,2,0,0,2,1,1
3,12200.0,8100.0,R3_F3_m3f3_P3_Y22_UO146,R3_F3_m3f3_P3_Y20_UO81,R3_F3_m3f3_P3_Y20_UO36,MXY,1,31.0,0,0,0.0,0,0,0,-9999.0,0.37158203125,1,P2_CV0,1,1,1,2,0,1,1,0,2,1,1,0,2,1,1,2,0,2,0,1,1,2,0,0,2,1,1,1,1,1,1,1,1
3,12200.0,8100.0,R3_F3_m3f3_P3_Y22_UO147,R3_F3_m3f3_P3_Y20_UO81,R3_F3_m3f3_P3_Y20_UO36,FXX,1,31.0,0,0,0.0,0,0,0,-9999.0,0.37158203125,1,P2_CV0,1,1,1,2,0,1,1,0,2,1,1,0,2,1,1,1,1,1,1,2,0,2,0,1,1,1,1,1,1,0,2,1,1
3,12200.0,8100.0,R3_F3_m3f3_P3_Y22_UO178,R3_F3_m3f3_P3_Y20_UO51,R3_F3_m3f3_P3_Y20_UO116,MXY,1,31.0,0,0,0.0,0,0,0,-9999.0,0.415771484375,1,P2_CV0,1,1,1,0,2,2,0,1,1,1,1,2,0,2,0,2,0,0,2,1,1,1,1,2,0,0,2,2,0,1,1,1,1
3,12200.0,8100.0,R3_F3_m3f3_P3_Y22_UO189,R3_F3_m3f3_P3_Y20_UO118,R3_F3_m3f3_P3_Y19_UO212,MXY,1,31.0,0,0,0.0,0,0,0,-9999.0,0.408935546875,1,P2_CV0,1,1,1,2,0,1,1,0,2,1,1,0,2,2,0,2,0,0,2,0,2,2,0,1,1,0,2,2,0,1,1,1,1
3,12200.0,8100.0,R3_F3_m3f3_P3_Y22_UO191,R3_F3_m3f3_P3_Y20_UO118,R3_F3_m3f3_P3_Y19_UO212,FXX,1,31.0,0,0,0.0,0,0,0,-9999.0,0.408935546875,1,P2_CV0,1,1,1,1,1,1,1,0,2,0,2,0,2,2,0,1,1,0,2,1,1,2,0,0,2,0,2,2,0,1,1,2,0
3,12200.0,8100.0,R3_F3_m3f3_P3_Y22_UO214,RD3_F3_m3f3_P3_Y19_UO126,R3_F3_m3f3_P3_Y18_UO71,MXY,1,31.0,0,0,0.0,0,0,0,-9999.0,0.392333984375,1,P2_CV0,1,0,2,1,1,0,2,1,1,2,0,1,1,2,0,0,2,0,2,1,1,2,0,0,2,1,1,1,1,1,1,0,2
3,12200.0,8100.0,R3_F3_m3f3_P3_Y22_UO215,RD3_F3_m3f3_P3_Y19_UO126,R3_F3_m3f3_P3_Y18_UO71,MXY,1,31.0,0,0,0.0,0,0,0,-9999.0,0.392333984375,1,P2_CV0,1,0,2,1,1,1,1,2,0,2,0,1,1,2,0,1,1,0,2,2,0,2,0,1,1,1,1,2,0,1,1,1,1
3,12200.0,8100.0,R3_F3_m3f3_P3_Y22_UO251,R3_F3_m3f3_P3_Y18_UO253,R3_F3_m3f3_P3_Y18_UO152,FXX,1,31.0,0,0,0.0,0,0,0,-9999.0,0.435546875,1,P2_CV0,1,0,2,0,2,0,2,0,2,0,2,1,1,0,2,1,1,0,2,2,0,1,1,0,2,2,0,2,0,2,0,0,2
3,12200.0,8100.0,R3_F3_m3f3_P3_Y22_UO253,R3_F3_m3f3_P3_Y18_UO253,R3_F3_m3f3_P3_Y18_UO152,MXY,1,31.0,0,0,0.0,0,0,0,-9999.0,0.435546875,1,P2_CV0,1,0,2,0,2,1,1,0,2,0,2,1,1,1,1,1,1,0,2,2,0,2,0,0,2,1,1,1,1,2,0,0,2
3,12200.0,8100.0,R3_F3_m3f3_P3_Y22_UO273,R3_F3_m3f3_P3_Y20_UO259,R3_F3_m3f3_P3_Y20_UO55,FXX,1,31.0,0,0,0.0,0,0,0,-9999.0,0.441162109375,1,P2_CV0,1,0,2,1,1,0,2,1,1,1,1,1,1,2,0,2,0,1,1,1,1,0,2,0,2,2,0,1,1,1,1,1,1
3,12200.0,8100.0,R3_F3_m3f3_P3_Y22_UO274,R3_F3_m3f3_P3_Y20_UO259,R3_F3_m3f3_P3_Y20_UO55,MXY,1,31.0,0,0,0.0,0,0,0,-9999.0,0.441162109375,1,P2_CV0,1,0,2,0,2,0,2,0,2,1,1,1,1,1,1,2,0,1,1,1,1,1,1,1,1,2,0,1,1,0,2,1,1
3,12200.0,8100.0,R3_F3_m3f3_P3_Y22_UO275,R3_F3_m3f3_P3_Y20_UO259,R3_F3_m3f3_P3_Y20_UO55,MXY,1,31.0,0,0,0.0,0,0,0,-9999.0,0.441162109375,1,P2_CV0,1,0,2,1,1,1,1,0,2,1,1,0,2,1,1,2,0,1,1,0,2,2,0,1,1,1,1,1,1,1,1,1,1
3,12200.0,8100.0,R3_F3_m3f3_P3_Y22_UO286,R3_F3_m5f5_P5_Y20_UO234,R3_F3_m3f3_P3_Y20_UO88,FXX,1,31.0,0,0,0.0,0,0,0,-9999.0,0.418212890625,1,P2_CV0,1,1,1,1,1,2,0,1,1,2,0,1,1,0,2,1,1,0,2,2,0,1,1,1,1,2,0,0,2,2,0,0,2
3,12200.0,8100.0,R3_F3_m3f3_P3_Y22_UO287,R3_F3_m5f5_P5_Y20_UO234,R3_F3_m3f3_P3_Y20_UO88,FXX,1,31.0,0,0,0.0,0,0,0,-9999.0,0.418212890625,1,P2_CV0,1,1,1,1,1,2,0,0,2,2,0,1,1,1,1,1,1,0,2,1,1,1,1,1,1,1,1,1,1,2,0,2,0
3,12200.0,8100.0,R3_F3_m3f3_P3_Y21_UO52,R3_F3_m3f3_P3_Y19_UO73,R3_F3_m3f3_P3_Y19_UO189,FXX,2,31.0,1,0,2.359,0,0,0,-9999.0,0.46484375,1,P2_CV0,1,0,2,1,1,1,1,1,1,0,2,0,2,0,2,2,0,2,0,1,1,1,1,0,2,0,2,2,0,2,0,0,2
3,12200.0,8100.0,R3_F3_m3f3_P3_Y21_UO142,R3_F3_m3f3_P3_Y19_UO147,R3_F3_m3f3_P3_Y19_UO117,FXX,2,31.0,1,0,0.0,0,0,0,-9999.0,0.4189453125,1,P2_CV0,1,0,2,2,0,2,0,0,2,1,1,2,0,1,1,0,2,0,2,1,1,2,0,0,2,2,0,1,1,2,0,0,2
3,12200.0,8100.0,R3_F3_m3f3_P3_Y21_UO20,R3_F3_m3f3_P3_Y19_UO207,R3_F3_m3f3_P3_Y18_UO204,FXX,2,31.0,1,0,2.189,0,0,0,-9999.0,0.376708984375,1,P2_CV0,1,1,1,1,1,0,2,1,1,1,1,1,1,2,0,2,0,1,1,1,1,2,0,2,0,0,2,2,0,1,1,0,2
3,12200.0,8100.0,R3_F3_m3f3_P3_Y21_UO159,R3_F3_m3f3_P3_Y18_UO218,R3_F3_m3f3_P3_Y19_UO213,MXY,2,31.0,1,0,0.0,0,0,0,-9999.0,0.39306640625,1,P2_CV0,1,0,2,1,1,1,1,0,2,0,2,1,1,2,0,1,1,1,1,2,0,1,1,1,1,1,1,1,1,1,1,2,0
3,12200.0,8100.0,R3_F3_m3f3_P3_Y21_UO158,R3_F3_m3f3_P3_Y18_UO218,R3_F3_m3f3_P3_Y19_UO213,FXX,2,31.0,1,0,0.0,0,0,0,-9999.0,0.39306640625,1,P2_CV0,1,1,1,1,1,0,2,0,2,2,0,1,1,2,0,0,2,0,2,1,1,2,0,0,2,1,1,0,2,1,1,2,0
3,12200.0,8100.0,R3_F3_m3f3_P3_Y21_UO255,R3_F3_m3f3_P3_Y16_UO250,R3_F3_m3f3_P3_Y16_UO89,FXX,2,31.0,1,0,1.24,0,0,0,-9999.0,0.3623046875,1,P2_CV0,1,1,1,1,1,1,1,1,1,1,1,1,1,1,1,1,1,1,1,1,1,0,2,1,1,1,1,2,0,2,0,0,2
3,12200.0,8100.0,R3_F3_m3f3_P3_Y21_UO67,R3_F3_m3f3_P3_Y16_UO250,R3_F3_m3f3_P3_Y18_UO71,FXX,2,31.0,1,0,1.431,0,0,0,-9999.0,0.378662109375,1,P2_CV0,1,1,1,1,1,2,0,1,1,1,1,1,1,1,1,2,0,0,2,2,0,1,1,1,1,1,1,1,1,0,2,1,1
3,12200.0,8100.0,R3_F3_m3f3_P3_Y21_UO224,R3_F3_m3f3_P3_Y19_UO147,R3_F3_m3f3_P3_Y19_UO117,MXY,2,31.0,1,0,0.0,0,0,0,-9999.0,0.4189453125,1,P2_CV0,1,0,2,2,0,1,1,0,2,0,2,1,1,2,0,0,2,0,2,2,0,2,0,0,2,1,1,1,1,1,1,1,1
3,12200.0,8100.0,R3_F3_m3f3_P3_Y21_UO157,R3_F3_m3f3_P3_Y18_UO218,R3_F3_m3f3_P3_Y19_UO213,MXY,2,31.0,1,0,0.0,0,0,0,-9999.0,0.39306640625,1,P2_CV0,1,2,0,2,0,0,2,0,2,1,1,0,2,0,2,0,2,0,2,0,2,2,0,1,1,1,1,0,2,0,2,2,0
3,12200.0,8100.0,RD3_F1_m1f1_P1_Y20_UO247,R1_F1_m6f6_P6_Y16_UO211,R1_F1_m1f1_P1_Y17_UO221,FXX,3,31.0,1,0,1.931,0,0,0,-9999.0,0.4814453125,1,P2_CV0,1,0,2,1,1,1,1,1,1,1,1,1,1,1,1,0,2,0,2,2,0,0,2,0,2,1,1,2,0,1,1,0,2
3,12200.0,8100.0,R3_F3_m3f3_P3_Y20_UO86,R3_F3_m3f3_P3_Y18_UO106,R3_F3_m3f3_P3_Y18_UO183,MXY,3,31.0,1,0,0.0,0,0,0,-9999.0,0.42138671875,1,P2_CV0,1,2,0,0,2,1,1,0,2,2,0,0,2,1,1,1,1,0,2,1,1,0,2,1,1,2,0,0,2,2,0,0,2
3,12200.0,8100.0,R3_F3_m3f3_P3_Y20_UO53,R3_F3_m3f3_P3_Y16_UO46,R3_F3_m3f3_P3_Y18_UO217,FXX,3,31.0,1,0,0.0,0,0,0,-9999.0,0.40087890625,1,P2_CV0,1,2,0,2,0,1,1,0,2,1,1,1,1,1,1,2,0,0,2,0,2,2,0,1,1,1,1,0,2,1,1,2,0
3,12200.0,8100.0,R3_F3_m3f3_P3_Y20_UO1,R3_F3_m3f3_P3_Y15_UO53,R3_F3_m3f3_P3_Y18_UO254,MXY,3,31.0,1,0,0.0,0,0,0,-9999.0,0.4423828125,1,P2_CV0,1,0,2,1,1,2,0,1,1,1,1,0,2,1,1,2,0,0,2,2,0,2,0,0,2,1,1,0,2,1,1,1,1
3,12200.0,8100.0,R3_F3_m3f3_P3_Y20_UO116,RD3_F1_m3f3_P3_Y17_UO84,R3_F3_m3f3_P3_Y18_UO70,MXY,3,31.0,1,0,0.0,0,0,0,-9999.0,0.39208984375,1,P2_CV0,1,1,1,0,2,2,0,1,1,0,2,1,1,1,1,1,1,1,1,1,1,2,0,2,0,0,2,2,0,1,1,2,0
3,12200.0,8100.0,R3_F3_m3f3_P3_Y20_UO34,R3_F3_m3f3_P3_Y16_UO250,R3_F3_m3f3_P3_Y18_UO275,FXX,3,31.0,1,0,1.705,0,0,0,-9999.0,0.3779296875,1,P2_CV0,1,2,0,0,2,1,1,0,2,2,0,0,2,1,1,1,1,0,2,1,1,1,1,1,1,1,1,1,1,1,1,1,1
3,12200.0,8100.0,R3_F3_m3f3_P3_Y20_UO88,R3_F3_m3f3_P3_Y18_UO106,R3_F3_m3f3_P3_Y18_UO183,MXY,3,31.0,1,0,0.0,0,0,0,-9999.0,0.42138671875,1,P2_CV0,1,2,0,0,2,2,0,1,1,2,0,0,2,1,1,0,2,0,2,1,1,2,0,0,2,1,1,0,2,2,0,1,1
3,12200.0,8100.0,R3_F3_m3f3_P3_Y20_UO36,R3_F3_m3f3_P3_Y16_UO250,R3_F3_m3f3_P3_Y18_UO275,MXY,3,31.0,1,0,0.0,0,0,0,-9999.0,0.3779296875,1,P2_CV0,1,2,0,1,1,1,1,0,2,1,1,0,2,1,1,1,1,1,1,1,1,1,1,1,1,2,0,1,1,0,2,0,2
3,12200.0,8100.0,R3_F3_m3f3_P3_Y20_UO257,R3_F3_m3f3_P3_Y18_UO189,R3_F3_m3f3_P3_Y17_UO206,MXY,3,31.0,1,0,0.0,0,0,0,-9999.0,0.4814453125,1,P2_CV0,1,1,1,1,1,1,1,1,1,0,2,0,2,2,0,2,0,0,2,1,1,1,1,0,2,2,0,1,1,0,2,1,1
3,12200.0,8100.0,RD3_F1_m1f1_P1_Y22_UO40,R1_F1_m1f1_P1_Y20_UO265,R1_F1_m1f1_P1_Y20_UO224,MXY,1,31.0,0,0,0.0,0,0,0,-9999.0,0.469482421875,1,P3_CV0,1,1,1,1,1,0,2,2,0,0,2,2,0,2,0,0,2,0,2,2,0,1,1,0,2,0,2,0,2,1,1,1,1
3,12200.0,8100.0,R3_F3_m3f3_P3_Y22_UO12,R3_F3_m3f3_P3_Y20_UO51,R3_F3_m3f3_P3_Y19_UO256,MXY,1,31.0,0,0,0.0,0,0,0,-9999.0,0.4716796875,1,P3_CV0,1,1,1,1,1,2,0,2,0,1,1,2,0,2,0,1,1,0,2,2,0,1,1,0,2,1,1,2,0,0,2,0,2
3,12200.0,8100.0,R3_F3_m3f3_P3_Y22_UO13,R3_F3_m3f3_P3_Y20_UO51,R3_F3_m3f3_P3_Y19_UO256,FXX,1,31.0,0,0,0.0,0,0,0,-9999.0,0.4716796875,1,P3_CV0,1,1,1,1,1,2,0,2,0,1,1,0,2,2,0,1,1,1,1,2,0,2,0,0,2,1,1,2,0,2,0,0,2
3,12200.0,8100.0,R3_F3_m3f3_P3_Y22_UO89,R3_F3_m3f3_P3_Y20_UO259,R3_F3_m3f3_P3_Y19_UO212,MXY,1,31.0,0,0,0.0,0,0,0,-9999.0,0.45361328125,1,P3_CV0,1,0,2,1,1,0,2,1,1,1,1,0,2,2,0,2,0,1,1,1,1,1,1,0,2,0,2,1,1,1,1,1,1
3,12200.0,8100.0,R3_F3_m3f3_P3_Y22_UO90,R3_F3_m3f3_P3_Y20_UO259,R3_F3_m3f3_P3_Y19_UO212,FXX,1,31.0,0,0,0.0,0,0,0,-9999.0,0.45361328125,1,P3_CV0,1,0,2,2,0,0,2,0,2,1,1,0,2,2,0,2,0,1,1,2,0,1,1,0,2,0,2,2,0,1,1,1,1
3,12200.0,8100.0,R3_F3_m3f3_P3_Y22_UO167,R3_F3_m3f3_P3_Y20_UO51,R3_F3_m3f3_P3_Y18_UO70,MXY,1,31.0,0,0,0.0,0,0,0,-9999.0,0.41845703125,1,P3_CV0,1,1,1,0,2,2,0,2,0,1,1,0,2,2,0,0,2,2,0,1,1,1,1,1,1,0,2,2,0,0,2,1,1
3,12200.0,8100.0,R3_F3_m3f3_P3_Y22_UO168,R3_F3_m3f3_P3_Y20_UO51,R3_F3_m3f3_P3_Y18_UO70,FXX,1,31.0,0,0,0.0,0,0,0,-9999.0,0.41845703125,1,P3_CV0,1,1,1,0,2,2,0,0,2,1,1,1,1,2,0,2,0,1,1,0,2,1,1,2,0,0,2,2,0,0,2,0,2
3,12200.0,8100.0,R3_F3_m3f3_P3_Y22_UO271,R3_F3_m3f3_P3_Y20_UO259,R3_F3_m3f3_P3_Y20_UO55,MXY,1,31.0,0,0,0.0,0,0,0,-9999.0,0.441162109375,1,P3_CV0,1,0,2,2,0,1,1,0,2,1,1,0,2,1,1,2,0,1,1,0,2,1,1,0,2,2,0,1,1,0,2,1,1
3,12200.0,8100.0,R3_F3_m3f3_P3_Y22_UO272,R3_F3_m3f3_P3_Y20_UO259,R3_F3_m3f3_P3_Y20_UO55,MXY,1,31.0,0,0,0.0,0,0,0,-9999.0,0.441162109375,1,P3_CV0,1,0,2,1,1,1,1,0,2,0,2,0,2,1,1,2,0,1,1,0,2,1,1,1,1,2,0,1,1,0,2,1,1
3,12200.0,8100.0,RD3_F2_m2f2_P2_Y21_UO116,R2_F2_m2f2_P2_Y19_UO104,R2_F2_m2f2_P2_Y19_UO240,MXY,2,31.0,1,0,0.0,0,0,0,-9999.0,0.495361328125,1,P3_CV0,1,1,1,0,2,2,0,0,2,0,2,0,2,1,1,1,1,0,2,1,1,0,2,1,1,2,0,0,2,2,0,2,0
3,12200.0,8100.0,R3_F3_m3f3_P3_Y20_UO259,R3_F3_m3f3_P3_Y18_UO189,R3_F3_m3f3_P3_Y17_UO206,FXX,3,31.0,1,0,0.0,0,0,0,-9999.0,0.4814453125,1,P3_CV0,1,0,2,1,1,0,2,1,1,1,1,0,2,2,0,2,0,2,0,1,1,1,1,0,2,1,1,2,0,1,1,0,2
3,12200.0,8100.0,R3_F3_m3f3_P3_Y22_UO102,RD3_F3_m3f3_P3_Y19_UO126,R3_F3_m3f3_P3_Y17_UO292,FXX,1,31.0,0,0,0.0,0,0,0,-9999.0,0.4091796875,1,P4_CV0,1,0,2,2,0,0,2,1,1,2,0,0,2,1,1,0,2,0,2,1,1,2,0,0,2,0,2,0,2,1,1,0,2
3,12200.0,8100.0,R3_F3_m3f3_P3_Y22_UO103,RD3_F3_m3f3_P3_Y19_UO126,R3_F3_m3f3_P3_Y17_UO292,FXX,1,31.0,0,0,0.0,0,0,0,-9999.0,0.4091796875,1,P4_CV0,1,0,2,1,1,1,1,1,1,2,0,2,0,2,0,0,2,0,2,1,1,2,0,1,1,0,2,0,2,1,1,1,1
3,12200.0,8100.0,R3_F3_m3f3_P3_Y22_UO106,RD3_F3_m3f3_P3_Y19_UO126,R3_F3_m3f3_P3_Y17_UO292,FXX,1,31.0,0,0,0.0,0,0,0,-9999.0,0.4091796875,1,P4_CV0,1,0,2,1,1,0,2,1,1,2,0,1,1,2,0,0,2,0,2,1,1,2,0,1,1,0,2,1,1,2,0,0,2
3,12200.0,8100.0,R3_F3_m3f3_P3_Y22_UO107,RD3_F3_m3f3_P3_Y19_UO126,R3_F3_m3f3_P3_Y17_UO292,FXX,1,31.0,0,0,0.0,0,0,0,-9999.0,0.4091796875,1,P4_CV0,1,0,2,2,0,1,1,1,1,2,0,1,1,1,1,0,2,0,2,1,1,2,0,0,2,0,2,1,1,2,0,1,1
3,12200.0,8100.0,R3_F3_m3f3_P3_Y22_UO190,R3_F3_m3f3_P3_Y20_UO118,R3_F3_m3f3_P3_Y19_UO212,MXY,1,31.0,0,0,0.0,0,0,0,-9999.0,0.408935546875,1,P4_CV0,1,1,1,1,1,1,1,0,2,0,2,1,1,1,1,2,0,0,2,2,0,2,0,0,2,0,2,1,1,1,1,1,1
3,12200.0,8100.0,R3_F3_m3f3_P3_Y22_UO193,R3_F3_m3f3_P3_Y20_UO118,R3_F3_m3f3_P3_Y19_UO212,FXX,1,31.0,0,0,0.0,0,0,0,-9999.0,0.408935546875,1,P4_CV0,1,1,1,1,1,1,1,0,2,0,2,1,1,1,1,1,1,1,1,1,1,2,0,1,1,0,2,0,2,1,1,0,2
3,12200.0,8100.0,R3_F3_m3f3_P3_Y22_UO194,R3_F3_m3f3_P3_Y20_UO118,R3_F3_m3f3_P3_Y19_UO212,FXX,1,31.0,0,0,0.0,0,0,0,-9999.0,0.408935546875,1,P4_CV0,1,0,2,2,0,1,1,0,2,1,1,0,2,2,0,0,2,1,1,0,2,2,0,0,2,0,2,0,2,1,1,1,1
3,12200.0,8100.0,R3_F3_m3f3_P3_Y22_UO224,R3_F3_m5f5_P5_Y20_UO234,R3_F3_m3f3_P3_Y18_UO71,FXX,1,31.0,0,0,0.0,0,0,0,-9999.0,0.395751953125,1,P4_CV0,1,0,2,1,1,2,0,0,2,1,1,1,1,0,2,1,1,0,2,2,0,1,1,2,0,2,0,2,0,2,0,1,1
3,12200.0,8100.0,R3_F3_m3f3_P3_Y22_UO226,R3_F3_m5f5_P5_Y20_UO234,R3_F3_m3f3_P3_Y18_UO71,FXX,1,31.0,0,0,0.0,0,0,0,-9999.0,0.395751953125,1,P4_CV0,1,0,2,1,1,1,1,1,1,1,1,2,0,0,2,2,0,0,2,2,0,1,1,2,0,2,0,2,0,2,0,0,2
3,12200.0,8100.0,R3_F3_m3f3_P3_Y22_UO250,R3_F3_m3f3_P3_Y18_UO253,R3_F3_m3f3_P3_Y18_UO152,FXX,1,31.0,0,0,0.0,0,0,0,-9999.0,0.435546875,1,P4_CV0,1,0,2,0,2,1,1,1,1,0,2,1,1,0,2,2,0,0,2,1,1,1,1,0,2,2,0,1,1,2,0,0,2
3,12200.0,8100.0,R3_F3_m3f3_P3_Y22_UO255,R3_F3_m3f3_P3_Y18_UO253,R3_F3_m3f3_P3_Y18_UO152,FXX,1,31.0,0,0,0.0,0,0,0,-9999.0,0.435546875,1,P4_CV0,1,0,2,0,2,0,2,0,2,0,2,0,2,0,2,1,1,0,2,2,0,2,0,0,2,0,2,2,0,2,0,0,2
3,12200.0,8100.0,R3_F3_m3f3_P3_Y21_UO90,R3_F3_m3f3_P3_Y19_UO207,R3_F3_m5f5_P5_Y18_UO150,FXX,2,31.0,1,0,1.735,0,0,0,-9999.0,0.43017578125,1,P4_CV0,1,1,1,2,0,1,1,2,0,1,1,2,0,0,2,2,0,1,1,2,0,1,1,2,0,0,2,1,1,1,1,2,0
3,12200.0,8100.0,R3_F3_m3f3_P3_Y21_UO143,R3_F3_m3f3_P3_Y19_UO147,R3_F3_m3f3_P3_Y19_UO117,FXX,2,31.0,1,0,1.0,0,0,0,-9999.0,0.4189453125,1,P4_CV0,1,0,2,1,1,1,1,1,1,1,1,1,1,0,2,0,2,0,2,2,0,1,1,1,1,1,1,0,2,1,1,0,2
3,12200.0,8100.0,R3_F3_m1f1_P1_Y21_UO107,R1_F1_m1f1_P1_Y19_UO154,R1_F1_m1f1_P1_Y16_UO54,FXX,2,31.0,1,0,2.139,0,0,0,-9999.0,0.3681640625,1,P4_CV0,1,1,1,0,2,1,1,1,1,1,1,1,1,1,1,2,0,0,2,1,1,2,0,0,2,1,1,0,2,1,1,2,0
3,12200.0,8100.0,R3_F3_m3f3_P3_Y20_UO118,RD3_F1_m3f3_P3_Y17_UO84,R3_F3_m3f3_P3_Y18_UO70,FXX,3,31.0,1,0,1.26,0,0,0,-9999.0,0.39208984375,1,P4_CV0,1,1,1,1,1,2,0,0,2,0,2,1,1,1,1,1,1,1,1,1,1,2,0,1,1,0,2,1,1,2,0,1,1
3,12200.0,8100.0,RD3_F6_m6f6_P6_Y22_UO180,R6_F6_m5f5_P5_Y20_UO69,R6_F6_m6f6_P6_Y20_UO149,MXY,1,31.0,0,0,0.0,0,0,0,-9999.0,0.458984375,1,P5_CV0,1,0,2,1,1,1,1,1,1,2,0,0,2,1,1,1,1,0,2,0,2,1,1,1,1,1,1,0,2,2,0,0,2
3,12200.0,8100.0,R3_F3_m1f1_P1_Y20_UO180,R1_F1_m6f6_P6_Y15_UO26,R1_F1_m1f1_P1_Y18_UO58,FXX,3,31.0,1,0,1.289,0,0,0,-9999.0,0.458984375,1,P5_CV0,1,1,1,2,0,1,1,2,0,0,2,2,0,1,1,0,2,1,1,1,1,1,1,1,1,0,2,0,2,1,1,1,1
4,12300.0,8100.0,RD4_F1_m1f1_P1_Y22_UO289,R1_F1_m1f1_P1_Y20_UO112,R1_F1_m1f1_P1_Y20_UO47,FXX,1,31.0,0,0,0.0,0,0,0,-9999.0,0.412109375,1,P0_CV0,1,1,1,1,1,1,1,1,1,1,1,2,0,0,2,1,1,0,2,0,2,2,0,0,2,1,1,0,2,0,2,2,0
4,12300.0,8100.0,R4_F4_m4f4_P4_Y22_UO149,R4_F4_m4f4_P4_Y19_UO166,R4_F4_m4f4_P4_Y20_UO18,FXX,1,31.0,0,0,0.0,0,0,0,-9999.0,0.485595703125,1,P0_CV0,1,1,1,2,0,1,1,0,2,1,1,1,1,2,0,1,1,1,1,2,0,1,1,0,2,2,0,2,0,0,2,0,2
4,12300.0,8100.0,R4_F4_m4f4_P4_Y22_UO227,R4_F4_m4f4_P4_Y19_UO202,R4_F4_m4f4_P4_Y20_UO139,MXY,1,31.0,0,0,0.0,0,0,0,-9999.0,0.513671875,1,P0_CV0,1,0,2,2,0,2,0,2,0,1,1,1,1,1,1,0,2,1,1,2,0,2,0,1,1,1,1,2,0,1,1,1,1
4,12300.0,8100.0,R4_F4_m4f4_P4_Y22_UO228,R4_F4_m4f4_P4_Y19_UO202,R4_F4_m4f4_P4_Y20_UO139,FXX,1,31.0,0,0,0.0,0,0,0,-9999.0,0.513671875,1,P0_CV0,1,1,1,2,0,1,1,2,0,1,1,1,1,2,0,2,0,1,1,2,0,2,0,1,1,2,0,2,0,2,0,1,1
4,12300.0,8100.0,R4_F4_m4f4_P4_Y22_UO268,R4_F4_m4f4_P4_Y18_UO68,R4_F4_m4f4_P4_Y19_UO170,MXY,1,31.0,0,0,0.0,0,0,0,-9999.0,0.469482421875,1,P0_CV0,1,2,0,2,0,0,2,0,2,1,1,1,1,1,1,2,0,0,2,2,0,2,0,0,2,1,1,1,1,1,1,0,2
4,12300.0,8100.0,R4_F4_m4f4_P4_Y22_UO269,R4_F4_m4f4_P4_Y18_UO68,R4_F4_m4f4_P4_Y19_UO170,MXY,1,31.0,0,0,0.0,0,0,0,-9999.0,0.469482421875,1,P0_CV0,1,1,1,2,0,1,1,1,1,2,0,1,1,1,1,2,0,0,2,2,0,2,0,0,2,0,2,1,1,1,1,0,2
4,12300.0,8100.0,RD4_F6_m6f6_P6_Y22_UO99,R6_F6_m6f6_P6_Y20_UO244,R6_F6_m6f6_P6_Y20_UO144,FXX,1,31.0,0,0,0.0,0,0,0,-9999.0,0.513671875,1,P0_CV0,1,2,0,1,1,1,1,1,1,0,2,1,1,1,1,1,1,0,2,2,0,2,0,0,2,0,2,0,2,1,1,1,1
4,12300.0,8100.0,R4_F4_m4f4_P4_Y21_UO275,R4_F4_m4f4_P4_Y19_UO202,R4_F4_m4f4_P4_Y19_UO8,FXX,2,31.0,1,0,1.0,0,0,0,-9999.0,0.496826171875,1,P0_CV0,1,0,2,2,0,1,1,2,0,2,0,1,1,1,1,2,0,0,2,2,0,2,0,2,0,2,0,2,0,1,1,0,2
4,12300.0,8100.0,R4_F4_m4f4_P4_Y22_UO73,R4_F4_m4f4_P4_Y20_UO74,R4_F4_m4f4_P4_Y17_UO58,FXX,1,31.0,0,0,0.0,0,0,0,-9999.0,0.47607421875,1,P1_CV0,1,1,1,1,1,1,1,2,0,1,1,1,1,1,1,1,1,1,1,2,0,2,0,1,1,1,1,1,1,2,0,1,1
4,12300.0,8100.0,R4_F4_m4f4_P4_Y22_UO86,R4_F4_m4f4_P4_Y18_UO68,R4_F4_m4f4_P4_Y17_UO58,FXX,1,31.0,0,0,0.0,0,0,0,-9999.0,0.49609375,1,P1_CV0,1,1,1,2,0,0,2,1,1,1,1,2,0,1,1,1,1,0,2,2,0,2,0,1,1,2,0,0,2,2,0,0,2
4,12300.0,8100.0,R4_F4_m4f4_P4_Y22_UO126,R4_F4_m4f4_P4_Y19_UO247,R4_F4_m4f4_P4_Y19_UO170,MXY,1,31.0,0,0,0.0,0,0,0,-9999.0,0.47607421875,1,P1_CV0,1,1,1,2,0,1,1,1,1,1,1,2,0,2,0,1,1,0,2,1,1,1,1,0,2,2,0,1,1,2,0,1,1
4,12300.0,8100.0,R4_F4_m4f4_P4_Y22_UO127,R4_F4_m4f4_P4_Y19_UO247,R4_F4_m4f4_P4_Y19_UO170,FXX,1,31.0,0,0,0.0,0,0,0,-9999.0,0.47607421875,1,P1_CV0,1,1,1,1,1,1,1,0,2,1,1,2,0,1,1,2,0,0,2,2,0,2,0,1,1,1,1,2,0,1,1,0,2
4,12300.0,8100.0,R4_F4_m4f4_P4_Y22_UO128,R4_F4_m4f4_P4_Y19_UO247,R4_F4_m4f4_P4_Y20_UO207,MXY,1,31.0,0,0,0.0,0,0,0,-9999.0,0.496826171875,1,P1_CV0,1,1,1,0,2,2,0,0,2,1,1,2,0,0,2,1,1,0,2,1,1,1,1,1,1,2,0,1,1,1,1,1,1
4,12300.0,8100.0,R4_F4_m4f4_P4_Y22_UO129,R4_F4_m4f4_P4_Y19_UO247,R4_F4_m4f4_P4_Y20_UO207,FXX,1,31.0,0,0,0.0,0,0,0,-9999.0,0.496826171875,1,P1_CV0,1,2,0,1,1,2,0,1,1,2,0,2,0,1,1,1,1,0,2,2,0,2,0,0,2,2,0,0,2,0,2,1,1
4,12300.0,8100.0,R4_F4_m4f4_P4_Y22_UO130,R4_F4_m4f4_P4_Y19_UO247,R4_F4_m4f4_P4_Y20_UO207,FXX,1,31.0,0,0,0.0,0,0,0,-9999.0,0.496826171875,1,P1_CV0,1,1,1,1,1,2,0,1,1,2,0,2,0,0,2,2,0,0,2,1,1,2,0,1,1,2,0,0,2,0,2,1,1
4,12300.0,8100.0,R4_F4_m4f4_P4_Y22_UO169,R4_F4_m4f4_P4_Y19_UO89,R4_F4_m4f4_P4_Y20_UO152,MXY,1,31.0,0,0,0.0,0,0,0,-9999.0,0.480712890625,1,P1_CV0,1,0,2,0,2,0,2,0,2,1,1,2,0,1,1,1,1,0,2,1,1,1,1,0,2,0,2,1,1,1,1,0,2
4,12300.0,8100.0,R4_F4_m4f4_P4_Y22_UO170,R4_F4_m4f4_P4_Y19_UO89,R4_F4_m4f4_P4_Y20_UO152,MXY,1,31.0,0,0,0.0,0,0,0,-9999.0,0.480712890625,1,P1_CV0,1,2,0,2,0,0,2,1,1,1,1,1,1,1,1,1,1,1,1,0,2,1,1,1,1,1,1,1,1,1,1,0,2
4,12300.0,8100.0,R4_F4_m4f4_P4_Y21_UO25,R4_F4_m4f4_P4_Y19_UO174,R4_F4_m4f4_P4_Y18_UO248,MXY,2,31.0,1,0,0.0,0,0,0,-9999.0,0.510986328125,1,P1_CV0,1,1,1,1,1,2,0,2,0,2,0,1,1,0,2,0,2,1,1,2,0,1,1,0,2,1,1,1,1,0,2,1,1
4,12300.0,8100.0,R4_F4_m4f4_P4_Y21_UO272,R4_F4_m4f4_P4_Y19_UO202,R4_F4_m4f4_P4_Y19_UO8,MXY,2,31.0,1,0,0.0,0,0,0,-9999.0,0.496826171875,1,P1_CV0,1,0,2,2,0,0,2,2,0,0,2,2,0,1,1,2,0,0,2,1,1,2,0,1,1,2,0,2,0,2,0,1,1
4,12300.0,8100.0,R4_F4_m4f4_P4_Y21_UO51,R4_F4_m4f4_P4_Y19_UO224,R4_F4_m4f4_P4_Y19_UO223,MXY,2,31.0,1,0,0.0,0,0,0,-9999.0,0.50634765625,1,P1_CV0,1,1,1,2,0,1,1,1,1,0,2,1,1,0,2,2,0,0,2,0,2,2,0,0,2,1,1,1,1,1,1,1,1
4,12300.0,8100.0,R4_F4_m4f4_P4_Y21_UO22,R4_F4_m4f4_P4_Y19_UO174,R4_F4_m4f4_P4_Y18_UO248,MXY,2,31.0,1,0,0.0,0,0,0,-9999.0,0.510986328125,1,P1_CV0,1,1,1,1,1,1,1,1,1,0,2,2,0,2,0,0,2,1,1,2,0,1,1,0,2,1,1,2,0,1,1,1,1
4,12300.0,8100.0,R4_F4_m4f4_P4_Y21_UO252,R4_F4_m4f4_P4_Y19_UO15,R4_F4_m4f4_P4_Y19_UO8,FXX,2,31.0,1,0,1.659,0,0,0,-9999.0,0.4775390625,1,P1_CV0,1,1,1,1,1,1,1,2,0,1,1,2,0,1,1,1,1,1,1,0,2,2,0,0,2,2,0,2,0,2,0,2,0
4,12300.0,8100.0,R4_F4_m4f4_P4_Y21_UO134,R4_F4_m4f4_P4_Y19_UO224,R4_F4_m2f2_P2_Y18_UO209,MXY,2,31.0,1,0,0.0,0,0,0,-9999.0,0.506103515625,1,P1_CV0,1,0,2,1,1,0,2,1,1,1,1,2,0,0,2,1,1,0,2,1,1,2,0,0,2,2,0,1,1,0,2,1,1
4,12300.0,8100.0,R4_F4_m4f4_P4_Y21_UO24,R4_F4_m4f4_P4_Y19_UO174,R4_F4_m4f4_P4_Y18_UO248,FXX,2,31.0,1,0,1.0,0,0,0,-9999.0,0.510986328125,1,P1_CV0,1,1,1,2,0,2,0,2,0,2,0,1,1,1,1,0,2,1,1,2,0,2,0,0,2,1,1,0,2,1,1,1,1
4,12300.0,8100.0,R4_F4_m4f4_P4_Y21_UO38,R4_F4_m4f4_P4_Y18_UO165,R4_F4_m4f4_P4_Y19_UO109,FXX,2,31.0,1,0,1.69,0,0,0,-9999.0,0.507568359375,1,P1_CV0,1,1,1,2,0,1,1,2,0,1,1,1,1,1,1,0,2,0,2,2,0,2,0,0,2,1,1,2,0,1,1,1,1
4,12300.0,8100.0,R4_F4_m4f4_P4_Y20_UO63,R4_F4_m4f4_P4_Y18_UO165,R4_F4_m4f4_P4_Y17_UO56,FXX,3,31.0,1,0,1.834,0,0,0,-9999.0,0.5205078125,1,P1_CV0,1,2,0,2,0,1,1,2,0,0,2,1,1,1,1,1,1,1,1,1,1,2,0,0,2,1,1,1,1,2,0,2,0
4,12300.0,8100.0,R4_F4_m4f4_P4_Y20_UO59,R4_F4_m4f4_P4_Y16_UO134,R4_F4_m4f4_P4_Y18_UO212,MXY,3,31.0,1,0,0.0,0,0,0,-9999.0,0.49365234375,1,P1_CV0,1,1,1,2,0,1,1,1,1,0,2,1,1,1,1,2,0,0,2,1,1,2,0,1,1,2,0,2,0,2,0,2,0
4,12300.0,8100.0,RD4_F4_m4f4_P4_Y20_UO74,R4_F4_m4f4_P4_Y16_UO136,R4_F4_m4f4_P4_Y18_UO170,FXX,3,31.0,1,0,1.229,0,0,0,-9999.0,0.443359375,1,P1_CV0,1,1,1,2,0,1,1,2,0,2,0,0,2,0,2,2,0,0,2,2,0,2,0,1,1,2,0,2,0,1,1,1,1
4,12300.0,8100.0,R4_F4_m4f4_P4_Y19_UO89,R4_F4_m4f4_P4_Y17_UO53,R4_F4_m4f4_P4_Y17_UO231,FXX,4,31.0,1,0,1.124,0,0,0,-9999.0,0.505859375,1,P1_CV0,1,1,1,1,1,0,2,1,1,2,0,2,0,1,1,1,1,0,2,1,1,2,0,0,2,0,2,0,2,0,2,0,2
4,12300.0,8100.0,R4_F4_m4f4_P4_Y19_UO8,R4_F4_m4f4_P4_Y16_UO134,R4_F4_m4f4_P4_Y17_UO231,MXY,4,31.0,1,0,0.0,0,0,0,-9999.0,0.47119140625,1,P1_CV0,1,0,2,2,0,0,2,2,0,1,1,2,0,1,1,2,0,0,2,1,1,2,0,1,1,2,0,2,0,1,1,1,1
4,12300.0,8100.0,R4_F4_m4f4_P4_Y22_UO83,R4_F4_m4f4_P4_Y20_UO226,R4_F4_m4f4_P4_Y20_UO153,FXX,1,31.0,0,0,0.0,0,0,0,-9999.0,0.472412109375,1,P2_CV0,1,1,1,2,0,1,1,1,1,1,1,2,0,1,1,2,0,0,2,1,1,2,0,1,1,1,1,1,1,1,1,0,2
4,12300.0,8100.0,R4_F4_m4f4_P4_Y22_UO101,RD4_F4_m4f4_P4_Y20_UO65,R4_F4_m4f4_P4_Y20_UO272,MXY,1,31.0,0,0,0.0,0,0,0,-9999.0,0.496337890625,1,P2_CV0,1,1,1,1,1,0,2,1,1,2,0,2,0,1,1,1,1,0,2,2,0,2,0,0,2,2,0,0,2,1,1,1,1
4,12300.0,8100.0,R4_F4_m4f4_P4_Y22_UO125,R4_F4_m4f4_P4_Y20_UO221,R4_F4_m4f4_P4_Y20_UO227,MXY,1,31.0,0,0,0.0,0,0,0,-9999.0,0.443115234375,1,P2_CV0,1,1,1,2,0,1,1,1,1,1,1,2,0,2,0,2,0,0,2,2,0,2,0,0,2,1,1,1,1,1,1,1,1
4,12300.0,8100.0,R4_F4_m4f4_P4_Y22_UO264,R4_F4_m4f4_P4_Y20_UO226,R4_F4_m4f4_P4_Y17_UO144,MXY,1,31.0,0,0,0.0,0,0,0,-9999.0,0.488037109375,1,P2_CV0,1,1,1,2,0,0,2,1,1,1,1,2,0,2,0,2,0,0,2,2,0,1,1,0,2,2,0,2,0,1,1,0,2
4,12300.0,8100.0,R4_F4_m4f4_P4_Y22_UO284,R4_F4_m4f4_P4_Y20_UO226,R4_F4_m4f4_P4_Y20_UO150,MXY,1,31.0,0,0,0.0,0,0,0,-9999.0,0.46142578125,1,P2_CV0,1,1,1,2,0,1,1,1,1,1,1,2,0,1,1,0,2,1,1,2,0,2,0,1,1,0,2,2,0,0,2,0,2
4,12300.0,8100.0,R4_F4_m4f4_P4_Y22_UO285,R4_F4_m4f4_P4_Y20_UO226,R4_F4_m4f4_P4_Y20_UO150,FXX,1,31.0,0,0,0.0,0,0,0,-9999.0,0.46142578125,1,P2_CV0,1,0,2,1,1,2,0,1,1,1,1,2,0,2,0,0,2,1,1,2,0,2,0,0,2,2,0,0,2,1,1,0,2
4,12300.0,8100.0,R4_F4_m4f4_P4_Y20_UO150,R4_F4_m4f4_P4_Y18_UO213,R4_F4_m1f1_P1_Y15_UO241,MXY,3,31.0,1,0,0.0,0,0,0,-9999.0,0.45556640625,1,P2_CV0,1,1,1,1,1,2,0,1,1,0,2,1,1,2,0,1,1,2,0,1,1,2,0,1,1,1,1,1,1,1,1,0,2
4,12300.0,8100.0,R4_F4_m4f4_P4_Y20_UO272,R4_F4_m4f4_P4_Y17_UO76,R4_F4_m4f4_P4_Y15_UO177,MXY,3,31.0,1,0,0.0,0,0,0,-9999.0,0.48193359375,1,P2_CV0,1,0,2,0,2,1,1,0,2,1,1,2,0,1,1,1,1,0,2,2,0,2,0,0,2,1,1,1,1,1,1,0,2
4,12300.0,8100.0,R4_F4_m4f4_P4_Y22_UO229,R4_F4_m4f4_P4_Y19_UO202,R4_F4_m4f4_P4_Y20_UO139,MXY,1,31.0,0,0,0.0,0,0,0,-9999.0,0.513671875,1,P3_CV0,1,1,1,2,0,1,1,2,0,1,1,0,2,1,1,1,1,1,1,2,0,2,0,0,2,1,1,2,0,2,0,0,2
4,12300.0,8100.0,R4_F4_m4f4_P4_Y22_UO232,R4_F4_m4f4_P4_Y17_UO76,R4_F4_m4f4_P4_Y20_UO187,FXX,1,31.0,0,0,0.0,0,0,0,-9999.0,0.522705078125,1,P3_CV0,1,1,1,1,1,0,2,2,0,1,1,1,1,0,2,2,0,1,1,2,0,2,0,0,2,2,0,2,0,0,2,1,1
4,12300.0,8100.0,R4_F4_m4f4_P4_Y22_UO233,R4_F4_m4f4_P4_Y17_UO76,R4_F4_m4f4_P4_Y20_UO187,MXY,1,31.0,0,0,0.0,0,0,0,-9999.0,0.522705078125,1,P3_CV0,1,1,1,1,1,0,2,2,0,1,1,2,0,0,2,0,2,1,1,2,0,2,0,0,2,2,0,2,0,1,1,1,1
4,12300.0,8100.0,R4_F4_m4f4_P4_Y22_UO235,R4_F4_m4f4_P4_Y17_UO76,R4_F4_m4f4_P4_Y20_UO187,FXX,1,31.0,0,0,0.0,0,0,0,-9999.0,0.522705078125,1,P3_CV0,1,1,1,1,1,0,2,2,0,2,0,1,1,0,2,0,2,1,1,2,0,2,0,0,2,2,0,2,0,1,1,1,1
4,12300.0,8100.0,R4_F4_m4f4_P4_Y22_UO236,R4_F4_m4f4_P4_Y17_UO76,R4_F4_m4f4_P4_Y20_UO187,FXX,1,31.0,0,0,0.0,0,0,0,-9999.0,0.522705078125,1,P3_CV0,1,1,1,1,1,1,1,1,1,1,1,1,1,0,2,1,1,1,1,2,0,2,0,0,2,2,0,1,1,0,2,2,0
4,12300.0,8100.0,R4_F4_m4f4_P4_Y22_UO265,R4_F4_m4f4_P4_Y20_UO226,R4_F4_m4f4_P4_Y17_UO144,FXX,1,31.0,0,0,0.0,0,0,0,-9999.0,0.488037109375,1,P3_CV0,1,2,0,1,1,2,0,0,2,1,1,1,1,2,0,2,0,0,2,2,0,1,1,0,2,1,1,1,1,0,2,0,2
4,12300.0,8100.0,RD4_F1_m1f1_P1_Y21_UO9,R1_F1_m3f3_P3_Y19_UO187,R1_F1_m1f1_P1_Y17_UO280,FXX,2,31.0,1,0,1.901,0,0,0,-9999.0,0.4482421875,1,P3_CV0,1,0,2,0,2,0,2,1,1,0,2,1,1,0,2,1,1,0,2,1,1,0,2,1,1,1,1,2,0,1,1,1,1
4,12300.0,8100.0,R4_F4_m4f4_P4_Y21_UO5,R4_F4_m4f4_P4_Y19_UO182,R4_F4_m4f4_P4_Y18_UO73,MXY,2,31.0,1,0,0.0,0,0,0,-9999.0,0.495849609375,1,P3_CV0,1,0,2,2,0,1,1,1,1,1,1,2,0,1,1,2,0,1,1,2,0,2,0,1,1,1,1,1,1,0,2,1,1
4,12300.0,8100.0,R4_F4_m4f4_P4_Y21_UO48,R4_F4_m4f4_P4_Y18_UO272,R4_F4_m4f4_P4_Y16_UO200,MXY,2,31.0,1,0,0.0,0,0,0,-9999.0,0.5380859375,1,P3_CV0,1,1,1,1,1,2,0,2,0,0,2,0,2,1,1,0,2,2,0,2,0,1,1,0,2,1,1,2,0,1,1,0,2
4,12300.0,8100.0,RD4_F4_m4f4_P4_Y21_UO50,R4_F4_m4f4_P4_Y19_UO224,R4_F4_m4f4_P4_Y19_UO223,MXY,2,31.0,1,0,0.0,0,0,0,-9999.0,0.50634765625,1,P3_CV0,1,1,1,1,1,0,2,2,0,1,1,2,0,1,1,1,1,0,2,0,2,2,0,0,2,2,0,0,2,1,1,1,1
4,12300.0,8100.0,R4_F4_m4f4_P4_Y21_UO63,R4_F4_m4f4_P4_Y19_UO202,R4_F4_m4f4_P4_Y18_UO167,FXX,2,31.0,1,0,1.839,0,0,0,-9999.0,0.52734375,1,P3_CV0,1,1,1,2,0,1,1,1,1,2,0,1,1,1,1,1,1,0,2,2,0,2,0,0,2,1,1,2,0,0,2,0,2
4,12300.0,8100.0,R4_F4_m4f4_P4_Y21_UO162,R4_F4_m4f4_P4_Y19_UO182,R4_F4_m4f4_P4_Y18_UO274,MXY,2,31.0,1,0,0.0,0,0,0,-9999.0,0.527587890625,1,P3_CV0,1,1,1,0,2,0,2,1,1,1,1,2,0,1,1,0,2,2,0,2,0,2,0,0,2,2,0,1,1,0,2,1,1
4,12300.0,8100.0,R4_F4_m4f4_P4_Y21_UO164,R4_F4_m4f4_P4_Y19_UO182,R4_F4_m4f4_P4_Y18_UO274,FXX,2,31.0,1,0,0.0,0,0,0,-9999.0,0.527587890625,1,P3_CV0,1,2,0,0,2,1,1,1,1,1,1,2,0,0,2,1,1,0,2,2,0,1,1,1,1,1,1,1,1,0,2,1,1
4,12300.0,8100.0,R4_F4_m4f4_P4_Y20_UO139,R4_F4_m4f4_P4_Y18_UO165,R4_F4_m4f4_P4_Y18_UO75,MXY,3,31.0,1,0,0.0,0,0,0,-9999.0,0.5048828125,1,P3_CV0,1,1,1,2,0,1,1,2,0,0,2,0,2,1,1,1,1,2,0,2,0,2,0,0,2,1,1,2,0,2,0,1,1
4,12300.0,8100.0,R4_F4_m4f4_P4_Y20_UO18,R4_F4_m4f4_P4_Y18_UO263,R4_F4_m4f4_P4_Y18_UO167,MXY,3,31.0,1,0,0.0,0,0,0,-9999.0,0.515625,1,P3_CV0,1,2,0,1,1,2,0,1,1,1,1,0,2,1,1,0,2,2,0,2,0,1,1,0,2,1,1,2,0,0,2,1,1
4,12300.0,8100.0,R4_F4_m4f4_P4_Y20_UO187,R4_F4_m4f4_P4_Y16_UO108,R4_F4_m4f4_P4_Y18_UO75,MXY,3,31.0,1,0,0.0,0,0,0,-9999.0,0.53271484375,1,P3_CV0,1,1,1,2,0,1,1,2,0,1,1,1,1,0,2,1,1,1,1,2,0,2,0,0,2,2,0,2,0,1,1,1,1
4,12300.0,8100.0,R4_F4_m4f4_P4_Y18_UO167,R4_F4_m4f4_P4_Y16_UO252,R4_F4_m4f4_P4_Y16_UO146,MXY,5,31.0,1,0,0.0,0,0,0,-9999.0,0.5322265625,1,P3_CV0,1,2,0,2,0,1,1,1,1,2,0,0,2,0,2,1,1,1,1,2,0,2,0,0,2,0,2,2,0,1,1,1,1
4,12300.0,8100.0,R4_F4_m4f4_P4_Y18_UO272,R4_F4_m4f4_P4_Y16_UO64,R4_F4_m4f4_P4_Y16_UO213,FXX,5,31.0,1,0,1.0,0,0,0,-9999.0,0.541015625,1,P3_CV0,1,0,2,1,1,2,0,2,0,0,2,1,1,1,1,0,2,2,0,2,0,1,1,0,2,1,1,2,0,1,1,0,2
4,12300.0,8100.0,R4_F4_m4f4_P4_Y22_UO41,R4_F4_m4f4_P4_Y17_UO76,R4_F4_m4f4_P4_Y20_UO272,MXY,1,31.0,0,0,0.0,0,0,0,-9999.0,0.497314453125,1,P4_CV0,1,0,2,0,2,0,2,1,1,1,1,2,0,1,1,0,2,0,2,2,0,2,0,0,2,1,1,1,1,1,1,0,2
4,12300.0,8100.0,R4_F4_m4f4_P4_Y22_UO42,R4_F4_m4f4_P4_Y17_UO76,R4_F4_m4f4_P4_Y20_UO272,MXY,1,31.0,0,0,0.0,0,0,0,-9999.0,0.497314453125,1,P4_CV0,1,1,1,0,2,0,2,1,1,1,1,2,0,0,2,1,1,0,2,2,0,2,0,0,2,1,1,1,1,0,2,0,2
4,12300.0,8100.0,R4_F4_m4f4_P4_Y22_UO43,R4_F4_m4f4_P4_Y20_UO155,R4_F4_m4f4_P4_Y20_UO139,FXX,1,31.0,0,0,0.0,0,0,0,-9999.0,0.4912109375,1,P4_CV0,1,1,1,2,0,0,2,2,0,0,2,1,1,2,0,0,2,1,1,2,0,2,0,0,2,2,0,2,0,2,0,1,1
4,12300.0,8100.0,R4_F4_m4f4_P4_Y22_UO44,R4_F4_m4f4_P4_Y20_UO155,R4_F4_m4f4_P4_Y20_UO139,MXY,1,31.0,0,0,0.0,0,0,0,-9999.0,0.4912109375,1,P4_CV0,1,1,1,2,0,1,1,2,0,1,1,1,1,2,0,2,0,1,1,1,1,2,0,0,2,2,0,2,0,2,0,1,1
4,12300.0,8100.0,R4_F4_m4f4_P4_Y22_UO45,R4_F4_m4f4_P4_Y20_UO155,R4_F4_m4f4_P4_Y20_UO139,MXY,1,31.0,0,0,0.0,0,0,0,-9999.0,0.4912109375,1,P4_CV0,1,0,2,2,0,1,1,2,0,1,1,1,1,1,1,1,1,1,1,1,1,2,0,0,2,2,0,2,0,2,0,0,2
4,12300.0,8100.0,R4_F4_m4f4_P4_Y22_UO87,R4_F4_m4f4_P4_Y18_UO68,R4_F4_m4f4_P4_Y17_UO58,MXY,1,31.0,0,0,0.0,0,0,0,-9999.0,0.49609375,1,P4_CV0,1,1,1,2,0,1,1,1,1,2,0,2,0,1,1,0,2,1,1,1,1,1,1,1,1,1,1,0,2,1,1,1,1
4,12300.0,8100.0,R4_F4_m4f4_P4_Y22_UO88,R4_F4_m4f4_P4_Y18_UO68,R4_F4_m4f4_P4_Y17_UO58,MXY,1,31.0,0,0,0.0,0,0,0,-9999.0,0.49609375,1,P4_CV0,1,1,1,2,0,1,1,1,1,1,1,2,0,2,0,0,2,1,1,1,1,2,0,1,1,1,1,0,2,1,1,1,1
4,12300.0,8100.0,R4_F4_m4f4_P4_Y22_UO162,R4_F4_m4f4_P4_Y18_UO68,R4_F4_m4f4_P4_Y20_UO227,FXX,1,31.0,0,0,0.0,0,0,0,-9999.0,0.475341796875,1,P4_CV0,1,2,0,2,0,1,1,1,1,2,0,1,1,2,0,2,0,0,2,2,0,2,0,0,2,1,1,1,1,0,2,0,2
4,12300.0,8100.0,R4_F4_m4f4_P4_Y22_UO163,R4_F4_m4f4_P4_Y18_UO68,R4_F4_m4f4_P4_Y20_UO227,FXX,1,31.0,0,0,0.0,0,0,0,-9999.0,0.475341796875,1,P4_CV0,1,2,0,2,0,1,1,0,2,2,0,0,2,1,1,1,1,0,2,2,0,2,0,0,2,2,0,0,2,1,1,0,2
4,12300.0,8100.0,R4_F4_m4f4_P4_Y22_UO164,R4_F4_m4f4_P4_Y18_UO68,R4_F4_m4f4_P4_Y20_UO227,MXY,1,31.0,0,0,0.0,0,0,0,-9999.0,0.475341796875,1,P4_CV0,1,1,1,2,0,0,2,0,2,2,0,0,2,2,0,1,1,0,2,2,0,2,0,0,2,1,1,1,1,1,1,0,2
4,12300.0,8100.0,R4_F4_m4f4_P4_Y22_UO199,R4_F4_m4f4_P4_Y19_UO182,R4_F4_m4f4_P4_Y20_UO152,FXX,1,31.0,0,0,0.0,0,0,0,-9999.0,0.48486328125,1,P4_CV0,1,1,1,2,0,2,0,0,2,1,1,1,1,1,1,1,1,1,1,1,1,1,1,0,2,1,1,1,1,1,1,1,1
4,12300.0,8100.0,R4_F4_m4f4_P4_Y22_UO230,R4_F4_m4f4_P4_Y17_UO76,R4_F4_m4f4_P4_Y20_UO187,MXY,1,31.0,0,0,0.0,0,0,0,-9999.0,0.522705078125,1,P4_CV0,1,1,1,1,1,0,2,1,1,1,1,2,0,0,2,0,2,0,2,2,0,2,0,0,2,2,0,1,1,0,2,0,2
4,12300.0,8100.0,R4_F4_m4f4_P4_Y22_UO231,R4_F4_m4f4_P4_Y17_UO76,R4_F4_m4f4_P4_Y20_UO187,FXX,1,31.0,0,0,0.0,0,0,0,-9999.0,0.522705078125,1,P4_CV0,1,0,2,1,1,0,2,1,1,1,1,2,0,0,2,2,0,1,1,2,0,2,0,0,2,2,0,1,1,1,1,1,1
4,12300.0,8100.0,R4_F4_m4f4_P4_Y22_UO234,R4_F4_m4f4_P4_Y17_UO76,R4_F4_m4f4_P4_Y20_UO187,FXX,1,31.0,0,0,0.0,0,0,0,-9999.0,0.522705078125,1,P4_CV0,1,0,2,1,1,0,2,1,1,2,0,1,1,0,2,1,1,1,1,2,0,2,0,0,2,2,0,1,1,0,2,2,0
4,12300.0,8100.0,R4_F4_m4f4_P4_Y22_UO270,R4_F4_m4f4_P4_Y18_UO68,R4_F4_m4f4_P4_Y19_UO170,FXX,1,31.0,0,0,0.0,0,0,0,-9999.0,0.469482421875,1,P4_CV0,1,0,2,2,0,0,2,0,2,1,1,1,1,0,2,1,1,0,2,2,0,2,0,0,2,0,2,1,1,1,1,0,2
4,12300.0,8100.0,RD4_F5_m5f5_P5_Y22_UO120,R5_F5_m5f5_P5_Y20_UO237,R5_F5_m5f5_P5_Y17_UO150,MXY,1,31.0,0,0,0.0,0,0,0,-9999.0,0.4208984375,1,P4_CV0,1,2,0,2,0,0,2,1,1,1,1,0,2,1,1,1,1,0,2,1,1,1,1,2,0,1,1,0,2,2,0,2,0
4,12300.0,8100.0,R4_F4_m4f4_P4_Y21_UO133,R4_F4_m4f4_P4_Y19_UO224,R4_F4_m2f2_P2_Y18_UO209,MXY,2,31.0,1,0,0.0,0,0,0,-9999.0,0.506103515625,1,P4_CV0,1,0,2,1,1,0,2,2,0,1,1,2,0,2,0,1,1,0,2,1,1,2,0,0,2,2,0,1,1,1,1,1,1
4,12300.0,8100.0,R4_F4_m4f4_P4_Y21_UO172,R4_F4_m4f4_P4_Y19_UO202,R4_F4_m5f5_P5_Y19_UO284,MXY,2,31.0,1,0,0.0,0,0,0,-9999.0,0.4765625,1,P4_CV0,1,1,1,1,1,0,2,2,0,1,1,2,0,1,1,1,1,1,1,2,0,2,0,1,1,2,0,2,0,0,2,0,2
4,12300.0,8100.0,RD4_F4_m4f4_P4_Y21_UO130,R4_F4_m4f4_P4_Y19_UO224,R4_F4_m2f2_P2_Y18_UO209,MXY,2,31.0,1,0,0.0,0,0,0,-9999.0,0.506103515625,1,P4_CV0,1,0,2,1,1,0,2,1,1,0,2,2,0,1,1,0,2,0,2,0,2,2,0,0,2,1,1,1,1,0,2,1,1
4,12300.0,8100.0,R4_F4_m4f4_P4_Y20_UO154,R4_F4_m4f4_P4_Y16_UO134,R4_F4_m4f4_P4_Y18_UO248,MXY,3,31.0,1,0,0.0,0,0,0,-9999.0,0.4775390625,1,P4_CV0,1,0,2,2,0,1,1,2,0,1,1,1,1,2,0,1,1,0,2,1,1,1,1,0,2,2,0,1,1,2,0,1,1
4,12300.0,8100.0,R4_F4_m4f4_P4_Y19_UO182,R4_F4_m4f4_P4_Y17_UO54,R4_F4_m5f5_P5_Y17_UO140,FXX,4,31.0,1,0,1.537,0,0,0,-9999.0,0.51416015625,1,P4_CV0,1,1,1,1,1,1,1,0,2,2,0,2,0,0,2,1,1,1,1,1,1,2,0,0,2,1,1,0,2,0,2,1,1
4,12300.0,8100.0,R4_F4_m4f4_P4_Y18_UO68,R4_F4_m4f4_P4_Y15_UO144,R4_F4_m4f4_P4_Y15_UO107,FXX,5,31.0,1,0,0.0,0,0,0,-9999.0,0.4833984375,1,P4_CV0,1,1,1,2,0,1,1,0,2,1,1,1,1,1,1,1,1,0,2,2,0,2,0,0,2,1,1,0,2,1,1,0,2
4,12300.0,8100.0,R4_F4_m6f6_P6_Y20_UO125,R6_F6_m6f6_P6_Y18_UO181,R6_F6_m4f4_P4_Y18_UO273,FXX,3,31.0,1,0,1.748,0,0,0,-9999.0,0.5380859375,1,P5_CV0,1,1,1,2,0,2,0,2,0,1,1,2,0,1,1,1,1,1,1,1,1,1,1,0,2,2,0,1,1,1,1,1,1
5,12300.0,8200.0,RD5_F4_m4f4_P4_Y22_UO148,R4_F4_m4f4_P4_Y19_UO166,R4_F4_m4f4_P4_Y20_UO18,FXX,1,31.0,0,0,0.0,0,0,0,-9999.0,0.485595703125,1,P0_CV0,1,1,1,2,0,1,1,0,2,1,1,1,1,1,1,1,1,2,0,2,0,2,0,0,2,1,1,2,0,0,2,0,2
5,12300.0,8200.0,R5_F5_m5f5_P5_Y22_UO96,R5_F5_m5f5_P5_Y19_UO164,R5_F5_m5f5_P5_Y19_UO129,MXY,1,31.0,0,0,0.0,0,0,0,-9999.0,0.447265625,1,P0_CV0,1,2,0,1,1,1,1,0,2,1,1,2,0,1,1,0,2,0,2,1,1,0,2,1,1,2,0,1,1,0,2,2,0
5,12300.0,8200.0,R5_F5_m5f5_P5_Y22_UO98,R5_F5_m5f5_P5_Y19_UO164,R5_F5_m5f5_P5_Y19_UO129,FXX,1,31.0,0,0,0.0,0,0,0,-9999.0,0.447265625,1,P0_CV0,1,1,1,1,1,0,2,0,2,0,2,2,0,0,2,1,1,1,1,0,2,0,2,0,2,2,0,2,0,0,2,1,1
5,12300.0,8200.0,R5_F5_m5f5_P5_Y22_UO131,R5_F5_m5f5_P5_Y20_UO21,R5_F5_m5f5_P5_Y20_UO82,FXX,1,31.0,0,0,0.0,0,0,0,-9999.0,0.474365234375,1,P0_CV0,1,2,0,1,1,0,2,1,1,1,1,1,1,0,2,0,2,0,2,2,0,2,0,0,2,1,1,1,1,1,1,1,1
5,12300.0,8200.0,R5_F5_m5f5_P5_Y22_UO132,R5_F5_m5f5_P5_Y20_UO21,R5_F5_m5f5_P5_Y20_UO82,FXX,1,31.0,0,0,0.0,0,0,0,-9999.0,0.474365234375,1,P0_CV0,1,1,1,2,0,1,1,1,1,1,1,1,1,1,1,0,2,1,1,2,0,2,0,0,2,1,1,1,1,1,1,2,0
5,12300.0,8200.0,R5_F5_m5f5_P5_Y22_UO161,R5_F5_m5f5_P5_Y20_UO21,R5_F5_m5f5_P5_Y19_UO5,FXX,1,31.0,0,0,0.0,0,0,0,-9999.0,0.478271484375,1,P0_CV0,1,1,1,1,1,1,1,2,0,1,1,2,0,0,2,0,2,0,2,2,0,2,0,0,2,0,2,2,0,2,0,2,0
5,12300.0,8200.0,R5_F5_m5f5_P5_Y22_UO204,R5_F5_m5f5_P5_Y18_UO129,R5_F5_m5f5_P5_Y20_UO269,MXY,1,31.0,0,0,0.0,0,0,0,-9999.0,0.41748046875,1,P0_CV0,1,0,2,0,2,0,2,1,1,0,2,0,2,1,1,0,2,1,1,1,1,1,1,1,1,2,0,2,0,2,0,1,1
5,12300.0,8200.0,R5_F5_m5f5_P5_Y22_UO205,R5_F5_m5f5_P5_Y18_UO129,R5_F5_m5f5_P5_Y20_UO269,FXX,1,31.0,0,0,0.0,0,0,0,-9999.0,0.41748046875,1,P0_CV0,1,0,2,0,2,0,2,1,1,0,2,0,2,2,0,0,2,0,2,2,0,2,0,1,1,1,1,2,0,1,1,1,1
5,12300.0,8200.0,R5_F5_m5f5_P5_Y22_UO207,R5_F5_m5f5_P5_Y18_UO129,R5_F5_m5f5_P5_Y20_UO269,MXY,1,31.0,0,0,0.0,0,0,0,-9999.0,0.41748046875,1,P0_CV0,1,0,2,0,2,0,2,1,1,0,2,0,2,2,0,0,2,0,2,1,1,1,1,1,1,1,1,2,0,1,1,0,2
5,12300.0,8200.0,R5_F5_m5f5_P5_Y21_UO260,R5_F5_m5f5_P5_Y19_UO278,R5_F5_m5f5_P5_Y19_UO193,FXX,2,31.0,1,0,1.676,0,0,0,-9999.0,0.453125,1,P0_CV0,1,1,1,0,2,2,0,1,1,2,0,0,2,1,1,1,1,0,2,1,1,1,1,1,1,2,0,1,1,0,2,0,2
5,12300.0,8200.0,R5_F5_m5f5_P5_Y20_UO21,R5_F5_m4f4_P4_Y16_UO96,R5_F5_m5f5_P5_Y18_UO101,FXX,3,31.0,1,0,0.0,0,0,0,-9999.0,0.49072265625,1,P0_CV0,1,1,1,2,0,1,1,2,0,1,1,2,0,0,2,0,2,0,2,2,0,2,0,0,2,1,1,1,1,2,0,2,0
5,12300.0,8200.0,R5_F5_m5f5_P5_Y19_UO48,R5_F5_m5f5_P5_Y16_UO43,R5_F5_m1f1_P1_Y16_UO50,FXX,4,31.0,1,0,1.0,0,0,0,-9999.0,0.421875,1,P0_CV0,1,0,2,2,0,1,1,2,0,1,1,1,1,0,2,1,1,1,1,1,1,0,2,1,1,0,2,2,0,0,2,2,0
5,12300.0,8200.0,R5_F5_m5f5_P5_Y18_UO103,R5_F5_m5f5_P5_Y15_UO130,RD5_F4_m4f4_P4_Y16_UO142,FXX,5,31.0,1,0,2.159,0,0,0,-9999.0,0.5185546875,1,P0_CV0,1,2,0,2,0,1,1,0,2,1,1,1,1,1,1,1,1,0,2,2,0,2,0,0,2,1,1,2,0,0,2,1,1
5,12300.0,8200.0,R5_F5_m5f5_P5_Y18_UO129,R5_F5_m3f3_P3_Y16_UO121,R5_F5_m5f5_P5_Y16_UO173,FXX,5,31.0,1,0,1.853,0,0,0,-9999.0,0.43994140625,1,P0_CV0,1,0,2,0,2,0,2,2,0,0,2,0,2,1,1,0,2,0,2,1,1,1,1,0,2,1,1,2,0,2,0,1,1
5,12300.0,8200.0,RD5_F1_m1f1_P1_Y21_UO76,R1_F1_m1f1_P1_Y19_UO288,R1_F1_m1f1_P1_Y17_UO221,FXX,2,31.0,1,0,1.0,0,0,0,-9999.0,0.38330078125,1,P1_CV0,1,0,2,1,1,0,2,0,2,2,0,2,0,0,2,2,0,0,2,2,0,1,1,0,2,1,1,2,0,1,1,0,2
5,12300.0,8200.0,R5_F5_m5f5_P5_Y22_UO35,R5_F5_m5f5_P5_Y20_UO260,R5_F5_m5f5_P5_Y20_UO196,MXY,1,31.0,0,0,0.0,0,0,0,-9999.0,0.437255859375,1,P2_CV0,1,2,0,1,1,2,0,0,2,1,1,0,2,0,2,1,1,0,2,2,0,1,1,0,2,2,0,2,0,2,0,0,2
5,12300.0,8200.0,R5_F5_m5f5_P5_Y22_UO133,R5_F5_m5f5_P5_Y20_UO21,R5_F5_m5f5_P5_Y20_UO82,FXX,1,31.0,0,0,0.0,0,0,0,-9999.0,0.474365234375,1,P2_CV0,1,1,1,1,1,1,1,1,1,1,1,1,1,0,2,1,1,0,2,1,1,2,0,1,1,1,1,2,0,1,1,1,1
5,12300.0,8200.0,R5_F5_m5f5_P5_Y22_UO158,R5_F5_m5f5_P5_Y19_UO278,R5_F5_m5f5_P5_Y20_UO196,FXX,1,31.0,0,0,0.0,0,0,0,-9999.0,0.4609375,1,P2_CV0,1,1,1,1,1,2,0,1,1,1,1,0,2,0,2,2,0,0,2,2,0,2,0,0,2,1,1,1,1,1,1,0,2
5,12300.0,8200.0,R5_F5_m5f5_P5_Y22_UO260,R5_F5_m5f5_P5_Y18_UO224,R5_F5_m2f2_P2_Y20_UO183,MXY,1,31.0,0,0,0.0,0,0,0,-9999.0,0.4342041015625,1,P2_CV0,1,1,1,2,0,1,1,1,1,1,1,2,0,2,0,1,1,1,1,1,1,1,1,0,2,1,1,0,2,0,2,2,0
5,12300.0,8200.0,RD5_F5_m5f5_P5_Y22_UO263,R5_F5_m5f5_P5_Y18_UO224,R5_F5_m2f2_P2_Y20_UO183,MXY,1,31.0,0,0,0.0,0,0,0,-9999.0,0.4342041015625,1,P2_CV0,1,1,1,1,1,0,2,1,1,1,1,1,1,1,1,1,1,0,2,1,1,0,2,0,2,2,0,1,1,1,1,0,2
5,12300.0,8200.0,R5_F5_m5f5_P5_Y21_UO113,R5_F5_m4f4_P4_Y18_UO43,R5_F5_m5f5_P5_Y19_UO192,FXX,2,31.0,1,0,2.364,0,0,0,-9999.0,0.470458984375,1,P2_CV0,1,2,0,1,1,1,1,1,1,1,1,0,2,1,1,0,2,0,2,2,0,2,0,1,1,1,1,2,0,1,1,1,1
5,12300.0,8200.0,R5_F5_m5f5_P5_Y21_UO152,R5_F5_m5f5_P5_Y19_UO278,R5_F5_m6f6_P6_Y18_UO180,FXX,2,31.0,1,0,1.163,0,0,0,-9999.0,0.498779296875,1,P2_CV0,1,1,1,0,2,1,1,2,0,1,1,1,1,0,2,1,1,0,2,2,0,0,2,0,2,2,0,1,1,0,2,0,2
5,12300.0,8200.0,R5_F5_m5f5_P5_Y20_UO82,R5_F5_m5f5_P5_Y18_UO103,RD5_F3_m3f3_P3_Y18_UO69,MXY,3,31.0,1,0,0.0,0,0,0,-9999.0,0.4580078125,1,P2_CV0,1,2,0,1,1,0,2,0,2,1,1,1,1,1,1,1,1,1,1,1,1,2,0,1,1,1,1,2,0,0,2,1,1
5,12300.0,8200.0,R5_F5_m5f5_P5_Y20_UO260,R5_F5_m5f5_P5_Y15_UO102,R5_F5_m5f5_P5_Y17_UO150,FXX,3,31.0,1,0,0.0,0,0,0,-9999.0,0.4150390625,1,P2_CV0,1,1,1,1,1,2,0,1,1,1,1,1,1,1,1,1,1,0,2,2,0,1,1,1,1,2,0,1,1,2,0,1,1
5,12300.0,8200.0,R5_F5_m5f5_P5_Y22_UO34,R5_F5_m5f5_P5_Y20_UO260,R5_F5_m5f5_P5_Y20_UO196,FXX,1,31.0,0,0,0.0,0,0,0,-9999.0,0.437255859375,1,P3_CV0,1,1,1,1,1,2,0,0,2,0,2,1,1,0,2,2,0,0,2,2,0,1,1,1,1,2,0,2,0,1,1,0,2
5,12300.0,8200.0,R5_F5_m5f5_P5_Y22_UO142,R5_F5_m5f5_P5_Y20_UO237,RD5_F4_m4f4_P4_Y19_UO223,MXY,1,31.0,0,0,0.0,0,0,0,-9999.0,0.460205078125,1,P3_CV0,1,0,2,2,0,0,2,2,0,0,2,0,2,1,1,0,2,0,2,1,1,2,0,1,1,2,0,1,1,1,1,0,2
5,12300.0,8200.0,R5_F5_m5f5_P5_Y22_UO157,R5_F5_m5f5_P5_Y19_UO278,R5_F5_m5f5_P5_Y20_UO196,MXY,1,31.0,0,0,0.0,0,0,0,-9999.0,0.4609375,1,P3_CV0,1,1,1,1,1,2,0,0,2,0,2,0,2,0,2,2,0,0,2,2,0,1,1,0,2,0,2,1,1,1,1,0,2
5,12300.0,8200.0,R5_F5_m5f5_P5_Y21_UO32,R5_F5_m5f5_P5_Y17_UO274,R5_F5_m5f5_P5_Y19_UO157,MXY,2,31.0,1,0,0.0,0,0,0,-9999.0,0.41796875,1,P3_CV0,1,0,2,1,1,0,2,1,1,1,1,2,0,1,1,1,1,0,2,2,0,1,1,1,1,1,1,1,1,1,1,0,2
5,12300.0,8200.0,R5_F5_m5f5_P5_Y21_UO186,R5_F5_m5f5_P5_Y16_UO128,R5_F5_m6f6_P6_Y18_UO180,MXY,2,31.0,1,0,0.0,0,0,0,-9999.0,0.517578125,1,P3_CV0,1,1,1,2,0,1,1,2,0,1,1,2,0,0,2,0,2,0,2,1,1,1,1,1,1,1,1,1,1,0,2,1,1
5,12300.0,8200.0,R5_F5_m5f5_P5_Y21_UO112,R5_F5_m4f4_P4_Y18_UO43,R5_F5_m5f5_P5_Y19_UO192,MXY,2,31.0,1,0,0.0,0,0,0,-9999.0,0.470458984375,1,P3_CV0,1,2,0,1,1,0,2,1,1,1,1,1,1,0,2,0,2,0,2,2,0,1,1,1,1,1,1,1,1,1,1,1,1
5,12300.0,8200.0,R5_F5_m5f5_P5_Y21_UO153,R5_F5_m4f4_P4_Y18_UO43,R5_F5_m5f5_P5_Y19_UO228,MXY,2,31.0,1,0,0.0,0,0,0,-9999.0,0.45947265625,1,P3_CV0,1,2,0,2,0,0,2,2,0,1,1,1,1,1,1,0,2,1,1,1,1,2,0,0,2,2,0,0,2,0,2,1,1
5,12300.0,8200.0,R5_F5_m5f5_P5_Y21_UO87,R5_F5_m5f5_P5_Y16_UO128,R5_F5_m5f5_P5_Y19_UO193,FXX,2,31.0,1,0,2.07,0,0,0,-9999.0,0.471923828125,1,P3_CV0,1,0,2,1,1,2,0,2,0,2,0,1,1,1,1,0,2,0,2,1,1,1,1,1,1,0,2,1,1,0,2,0,2
5,12300.0,8200.0,R5_F5_m5f5_P5_Y20_UO197,R5_F5_m5f5_P5_Y18_UO103,R5_F5_m5f5_P5_Y18_UO223,FXX,3,31.0,1,0,1.0,0,0,0,-9999.0,0.45947265625,1,P3_CV0,1,1,1,2,0,0,2,1,1,1,1,0,2,1,1,1,1,0,2,2,0,2,0,0,2,2,0,2,0,1,1,0,2
5,12300.0,8200.0,R5_F5_m5f5_P5_Y20_UO20,R5_F5_m4f4_P4_Y16_UO96,R5_F5_m5f5_P5_Y18_UO101,MXY,3,31.0,1,0,0.0,0,0,0,-9999.0,0.49072265625,1,P3_CV0,1,1,1,1,1,0,2,2,0,1,1,2,0,0,2,0,2,0,2,0,2,1,1,1,1,1,1,1,1,2,0,2,0
5,12300.0,8200.0,RD5_F3_m3f3_P3_Y22_UO252,R3_F3_m3f3_P3_Y18_UO253,R3_F3_m3f3_P3_Y18_UO152,FXX,1,31.0,0,0,0.0,0,0,0,-9999.0,0.435546875,1,P4_CV0,1,0,2,0,2,0,2,1,1,0,2,1,1,1,1,1,1,0,2,2,0,2,0,0,2,1,1,1,1,2,0,0,2
5,12300.0,8200.0,R5_F5_m5f5_P5_Y22_UO7,R5_F5_m5f5_P5_Y20_UO126,R5_F5_m5f5_P5_Y19_UO5,FXX,1,31.0,0,0,0.0,0,0,0,-9999.0,0.453125,1,P4_CV0,1,0,2,1,1,0,2,1,1,0,2,2,0,0,2,1,1,0,2,0,2,1,1,0,2,2,0,2,0,2,0,0,2
5,12300.0,8200.0,R5_F5_m5f5_P5_Y22_UO8,R5_F5_m5f5_P5_Y20_UO126,R5_F5_m5f5_P5_Y19_UO5,MXY,1,31.0,0,0,0.0,0,0,0,-9999.0,0.453125,1,P4_CV0,1,0,2,1,1,0,2,1,1,1,1,2,0,1,1,2,0,0,2,2,0,2,0,0,2,1,1,2,0,2,0,1,1
5,12300.0,8200.0,R5_F5_m5f5_P5_Y22_UO9,R5_F5_m5f5_P5_Y20_UO126,R5_F5_m5f5_P5_Y19_UO5,MXY,1,31.0,0,0,0.0,0,0,0,-9999.0,0.453125,1,P4_CV0,1,1,1,1,1,0,2,2,0,1,1,2,0,1,1,1,1,0,2,1,1,2,0,0,2,1,1,2,0,2,0,1,1
5,12300.0,8200.0,R5_F5_m5f5_P5_Y22_UO10,R5_F5_m5f5_P5_Y20_UO126,R5_F5_m5f5_P5_Y19_UO5,MXY,1,31.0,0,0,0.0,0,0,0,-9999.0,0.453125,1,P4_CV0,1,0,2,1,1,0,2,1,1,0,2,2,0,1,1,1,1,0,2,1,1,2,0,0,2,2,0,2,0,2,0,1,1
5,12300.0,8200.0,R5_F5_m5f5_P5_Y22_UO14,R5_F5_m5f5_P5_Y20_UO237,R5_F5_m5f5_P5_Y17_UO139,FXX,1,31.0,0,0,0.0,0,0,0,-9999.0,0.458984375,1,P4_CV0,1,2,0,1,1,0,2,1,1,0,2,2,0,2,0,0,2,0,2,2,0,2,0,1,1,2,0,1,1,1,1,0,2
5,12300.0,8200.0,R5_F5_m5f5_P5_Y22_UO15,R5_F5_m5f5_P5_Y20_UO237,R5_F5_m5f5_P5_Y17_UO139,MXY,1,31.0,0,0,0.0,0,0,0,-9999.0,0.458984375,1,P4_CV0,1,2,0,2,0,0,2,2,0,0,2,1,1,2,0,1,1,0,2,1,1,2,0,1,1,2,0,1,1,0,2,1,1
5,12300.0,8200.0,R5_F5_m5f5_P5_Y22_UO16,R5_F5_m5f5_P5_Y20_UO237,R5_F5_m5f5_P5_Y17_UO139,FXX,1,31.0,0,0,0.0,0,0,0,-9999.0,0.458984375,1,P4_CV0,1,2,0,2,0,0,2,1,1,0,2,2,0,0,2,1,1,0,2,1,1,1,1,0,2,2,0,1,1,1,1,1,1
5,12300.0,8200.0,R5_F5_m5f5_P5_Y22_UO68,R5_F5_m5f5_P5_Y20_UO237,R5_F5_m5f5_P5_Y19_UO204,FXX,1,31.0,0,0,0.0,0,0,0,-9999.0,0.443359375,1,P4_CV0,1,1,1,2,0,0,2,0,2,1,1,2,0,1,1,1,1,0,2,0,2,1,1,0,2,2,0,1,1,1,1,1,1
5,12300.0,8200.0,R5_F5_m5f5_P5_Y22_UO92,R5_F5_m5f5_P5_Y19_UO203,R5_F5_m5f5_P5_Y20_UO67,MXY,1,31.0,0,0,0.0,0,0,0,-9999.0,0.46240234375,1,P4_CV0,1,2,0,2,0,0,2,0,2,1,1,2,0,1,1,1,1,0,2,1,1,1,1,0,2,1,1,2,0,0,2,1,1
5,12300.0,8200.0,R5_F5_m5f5_P5_Y22_UO93,R5_F5_m5f5_P5_Y19_UO203,R5_F5_m5f5_P5_Y20_UO67,MXY,1,31.0,0,0,0.0,0,0,0,-9999.0,0.46240234375,1,P4_CV0,1,1,1,2,0,1,1,0,2,1,1,1,1,1,1,1,1,0,2,1,1,1,1,1,1,1,1,2,0,0,2,2,0
5,12300.0,8200.0,R5_F5_m5f5_P5_Y22_UO94,R5_F5_m5f5_P5_Y19_UO203,R5_F5_m5f5_P5_Y20_UO67,MXY,1,31.0,0,0,0.0,0,0,0,-9999.0,0.46240234375,1,P4_CV0,1,1,1,2,0,2,0,0,2,1,1,1,1,1,1,2,0,0,2,1,1,2,0,1,1,2,0,2,0,0,2,2,0
5,12300.0,8200.0,R5_F5_m5f5_P5_Y22_UO95,R5_F5_m5f5_P5_Y19_UO203,R5_F5_m5f5_P5_Y20_UO67,FXX,1,31.0,0,0,0.0,0,0,0,-9999.0,0.46240234375,1,P4_CV0,1,1,1,2,0,0,2,0,2,0,2,2,0,1,1,2,0,0,2,2,0,1,1,0,2,2,0,2,0,1,1,2,0
5,12300.0,8200.0,R5_F5_m5f5_P5_Y22_UO97,R5_F5_m5f5_P5_Y19_UO164,R5_F5_m5f5_P5_Y19_UO129,MXY,1,31.0,0,0,0.0,0,0,0,-9999.0,0.447265625,1,P4_CV0,1,0,2,1,1,1,1,0,2,1,1,2,0,0,2,0,2,0,2,0,2,0,2,0,2,2,0,1,1,0,2,1,1
5,12300.0,8200.0,R5_F5_m5f5_P5_Y22_UO121,R5_F5_m5f5_P5_Y20_UO237,R5_F5_m5f5_P5_Y17_UO150,MXY,1,31.0,0,0,0.0,0,0,0,-9999.0,0.4208984375,1,P4_CV0,1,1,1,2,0,0,2,2,0,0,2,0,2,0,2,0,2,0,2,2,0,1,1,2,0,2,0,0,2,1,1,2,0
5,12300.0,8200.0,R5_F5_m5f5_P5_Y22_UO122,R5_F5_m5f5_P5_Y20_UO237,R5_F5_m5f5_P5_Y17_UO150,MXY,1,31.0,0,0,0.0,0,0,0,-9999.0,0.4208984375,1,P4_CV0,1,0,2,2,0,0,2,2,0,1,1,1,1,0,2,1,1,0,2,2,0,1,1,1,1,1,1,1,1,1,1,2,0
5,12300.0,8200.0,R5_F5_m5f5_P5_Y22_UO139,R5_F5_m5f5_P5_Y20_UO237,RD5_F4_m4f4_P4_Y19_UO223,MXY,1,31.0,0,0,0.0,0,0,0,-9999.0,0.460205078125,1,P4_CV0,1,0,2,2,0,0,2,1,1,0,2,0,2,1,1,1,1,0,2,0,2,1,1,1,1,2,0,0,2,1,1,1,1
5,12300.0,8200.0,R5_F5_m5f5_P5_Y22_UO140,R5_F5_m5f5_P5_Y20_UO237,RD5_F4_m4f4_P4_Y19_UO223,MXY,1,31.0,0,0,0.0,0,0,0,-9999.0,0.460205078125,1,P4_CV0,1,1,1,2,0,1,1,1,1,0,2,0,2,1,1,1,1,0,2,0,2,1,1,1,1,2,0,0,2,0,2,1,1
5,12300.0,8200.0,R5_F5_m5f5_P5_Y22_UO141,R5_F5_m5f5_P5_Y20_UO237,RD5_F4_m4f4_P4_Y19_UO223,MXY,1,31.0,0,0,0.0,0,0,0,-9999.0,0.460205078125,1,P4_CV0,1,0,2,1,1,1,1,2,0,1,1,1,1,0,2,0,2,0,2,0,2,2,0,1,1,2,0,1,1,1,1,0,2
5,12300.0,8200.0,R5_F5_m5f5_P5_Y22_UO150,R5_F5_m5f5_P5_Y20_UO68,R5_F5_m2f2_P2_Y20_UO183,MXY,1,31.0,0,0,0.0,0,0,0,-9999.0,0.4610595703125,1,P4_CV0,1,2,0,1,1,1,1,0,2,2,0,0,2,0,2,1,1,1,1,1,1,1,1,0,2,1,1,0,2,2,0,1,1
5,12300.0,8200.0,R5_F5_m5f5_P5_Y22_UO151,R5_F5_m5f5_P5_Y20_UO68,R5_F5_m2f2_P2_Y20_UO183,MXY,1,31.0,0,0,0.0,0,0,0,-9999.0,0.4610595703125,1,P4_CV0,1,1,1,1,1,1,1,1,1,1,1,0,2,1,1,0,2,1,1,1,1,2,0,1,1,2,0,0,2,2,0,2,0
5,12300.0,8200.0,R5_F5_m5f5_P5_Y22_UO152,R5_F5_m5f5_P5_Y20_UO237,R5_F5_m5f5_P5_Y20_UO269,MXY,1,31.0,0,0,0.0,0,0,0,-9999.0,0.404541015625,1,P4_CV0,1,1,1,1,1,0,2,1,1,0,2,1,1,0,2,2,0,1,1,1,1,1,1,1,1,1,1,1,1,2,0,1,1
5,12300.0,8200.0,R5_F5_m5f5_P5_Y22_UO154,R5_F5_m5f5_P5_Y20_UO237,R5_F5_m5f5_P5_Y20_UO269,FXX,1,31.0,0,0,0.0,0,0,0,-9999.0,0.404541015625,1,P4_CV0,1,2,0,1,1,0,2,0,2,0,2,0,2,1,1,0,2,1,1,1,1,1,1,1,1,1,1,1,1,1,1,0,2
5,12300.0,8200.0,R5_F5_m5f5_P5_Y22_UO159,R5_F5_m5f5_P5_Y20_UO21,R5_F5_m5f5_P5_Y19_UO5,FXX,1,31.0,0,0,0.0,0,0,0,-9999.0,0.478271484375,1,P4_CV0,1,1,1,1,1,0,2,2,0,1,1,2,0,0,2,1,1,0,2,1,1,1,1,0,2,0,2,1,1,2,0,1,1
5,12300.0,8200.0,R5_F5_m5f5_P5_Y22_UO258,R5_F5_m5f5_P5_Y19_UO203,R5_F5_m2f2_P2_Y19_UO271,FXX,1,31.0,0,0,0.0,0,0,0,-9999.0,0.486328125,1,P4_CV0,1,2,0,1,1,2,0,0,2,0,2,1,1,1,1,1,1,1,1,2,0,1,1,1,1,1,1,1,1,1,1,2,0
5,12300.0,8200.0,R5_F5_m5f5_P5_Y22_UO259,R5_F5_m5f5_P5_Y19_UO203,R5_F5_m2f2_P2_Y19_UO271,MXY,1,31.0,0,0,0.0,0,0,0,-9999.0,0.486328125,1,P4_CV0,1,1,1,1,1,2,0,1,1,0,2,1,1,1,1,1,1,1,1,2,0,1,1,0,2,0,2,1,1,1,1,2,0
5,12300.0,8200.0,R5_F5_m5f5_P5_Y22_UO261,R5_F5_m5f5_P5_Y18_UO224,R5_F5_m2f2_P2_Y20_UO183,MXY,1,31.0,0,0,0.0,0,0,0,-9999.0,0.4342041015625,1,P4_CV0,1,0,2,1,1,0,2,0,2,1,1,2,0,1,1,1,1,0,2,0,2,1,1,0,2,1,1,0,2,0,2,1,1
5,12300.0,8200.0,R5_F5_m5f5_P5_Y22_UO262,R5_F5_m5f5_P5_Y18_UO224,R5_F5_m2f2_P2_Y20_UO183,MXY,1,31.0,0,0,0.0,0,0,0,-9999.0,0.4342041015625,1,P4_CV0,1,0,2,2,0,1,1,0,2,1,1,2,0,2,0,1,1,1,1,0,2,1,1,0,2,1,1,0,2,2,0,0,2
5,12300.0,8200.0,R5_F5_m5f5_P5_Y21_UO206,R5_F5_m5f5_P5_Y17_UO274,R5_F5_m5f5_P5_Y18_UO107,MXY,2,31.0,1,0,0.0,0,0,0,-9999.0,0.42431640625,1,P4_CV0,1,0,2,1,1,0,2,2,0,1,1,2,0,1,1,1,1,0,2,1,1,1,1,2,0,1,1,1,1,1,1,1,1
5,12300.0,8200.0,R5_F5_m5f5_P5_Y21_UO193,R5_F5_m5f5_P5_Y17_UO274,R5_F5_m5f5_P5_Y17_UO139,FXX,2,31.0,1,0,1.189,0,0,0,-9999.0,0.4423828125,1,P4_CV0,1,1,1,1,1,1,1,2,0,0,2,1,1,0,2,1,1,0,2,1,1,2,0,1,1,2,0,1,1,1,1,1,1
5,12300.0,8200.0,R5_F5_m5f5_P5_Y21_UO209,R5_F5_m5f5_P5_Y17_UO274,R5_F5_m5f5_P5_Y18_UO107,FXX,2,31.0,1,0,1.007,0,0,0,-9999.0,0.42431640625,1,P4_CV0,1,0,2,1,1,0,2,2,0,2,0,2,0,1,1,1,1,1,1,1,1,1,1,2,0,1,1,1,1,1,1,1,1
5,12300.0,8200.0,R5_F5_m5f5_P5_Y21_UO29,R5_F5_m5f5_P5_Y17_UO274,R5_F5_m5f5_P5_Y19_UO157,MXY,2,31.0,1,0,0.0,0,0,0,-9999.0,0.41796875,1,P4_CV0,1,0,2,0,2,0,2,2,0,0,2,2,0,0,2,1,1,0,2,1,1,2,0,1,1,2,0,1,1,1,1,0,2
5,12300.0,8200.0,R5_F5_m5f5_P5_Y21_UO30,R5_F5_m5f5_P5_Y17_UO274,R5_F5_m5f5_P5_Y19_UO157,MXY,2,31.0,1,0,0.0,0,0,0,-9999.0,0.41796875,1,P4_CV0,1,0,2,0,2,0,2,2,0,0,2,2,0,0,2,1,1,0,2,1,1,1,1,1,1,2,0,1,1,1,1,0,2
5,12300.0,8200.0,R5_F5_m5f5_P5_Y21_UO192,R5_F5_m5f5_P5_Y17_UO274,R5_F5_m5f5_P5_Y17_UO139,MXY,2,31.0,1,0,0.0,0,0,0,-9999.0,0.4423828125,1,P4_CV0,1,1,1,1,1,0,2,1,1,1,1,1,1,1,1,1,1,0,2,2,0,2,0,1,1,2,0,2,0,1,1,1,1
5,12300.0,8200.0,R5_F5_m5f5_P5_Y21_UO212,R5_F5_m4f4_P4_Y18_UO43,R5_F5_m5f5_P5_Y17_UO138,MXY,2,31.0,1,0,0.0,0,0,0,-9999.0,0.45751953125,1,P4_CV0,1,1,1,2,0,1,1,2,0,1,1,1,1,1,1,0,2,0,2,2,0,2,0,1,1,1,1,0,2,2,0,0,2
5,12300.0,8200.0,R5_F5_m5f5_P5_Y21_UO189,R5_F5_m5f5_P5_Y19_UO133,RD5_F6_m6f6_P6_Y18_UO116,FXX,2,31.0,1,0,0.0,0,0,0,-9999.0,0.46484375,1,P4_CV0,1,1,1,1,1,2,0,1,1,1,1,2,0,1,1,2,0,0,2,1,1,2,0,1,1,1,1,2,0,1,1,2,0
5,12300.0,8200.0,R5_F5_m5f5_P5_Y21_UO31,R5_F5_m5f5_P5_Y17_UO274,R5_F5_m5f5_P5_Y19_UO157,FXX,2,31.0,1,0,1.532,0,0,0,-9999.0,0.41796875,1,P4_CV0,1,0,2,0,2,0,2,2,0,1,1,2,0,1,1,1,1,0,2,1,1,1,1,1,1,2,0,0,2,1,1,0,2
5,12300.0,8200.0,R5_F5_m5f5_P5_Y21_UO191,R5_F5_m5f5_P5_Y17_UO274,R5_F5_m5f5_P5_Y17_UO139,MXY,2,31.0,1,0,0.0,0,0,0,-9999.0,0.4423828125,1,P4_CV0,1,1,1,0,2,1,1,1,1,1,1,2,0,0,2,1,1,0,2,1,1,2,0,1,1,2,0,1,1,1,1,0,2
5,12300.0,8200.0,R5_F5_m5f5_P5_Y21_UO211,R5_F5_m4f4_P4_Y18_UO43,R5_F5_m5f5_P5_Y17_UO138,FXX,2,31.0,1,0,1.0,0,0,0,-9999.0,0.45751953125,1,P4_CV0,1,1,1,2,0,0,2,2,0,1,1,1,1,1,1,1,1,0,2,1,1,1,1,1,1,2,0,1,1,1,1,0,2
5,12300.0,8200.0,R5_F5_m5f5_P5_Y20_UO173,R5_F5_m5f5_P5_Y18_UO27,R5_F5_m5f5_P5_Y17_UO150,FXX,3,31.0,1,0,0.0,0,0,0,-9999.0,0.4541015625,1,P4_CV0,1,1,1,2,0,0,2,2,0,0,2,1,1,1,1,1,1,0,2,1,1,2,0,1,1,2,0,2,0,2,0,1,1
5,12300.0,8200.0,R5_F5_m5f5_P5_Y20_UO249,R5_F5_m5f5_P5_Y17_UO15,R5_F5_m5f5_P5_Y18_UO101,FXX,3,31.0,1,0,1.907,0,0,0,-9999.0,0.4697265625,1,P4_CV0,1,1,1,0,2,1,1,2,0,1,1,2,0,0,2,1,1,0,2,1,1,1,1,1,1,2,0,1,1,1,1,1,1
5,12300.0,8200.0,R5_F5_m5f5_P5_Y19_UO203,R5_F5_m5f5_P5_Y17_UO25,R5_F5_m5f5_P5_Y17_UO24,FXX,4,31.0,1,0,0.0,0,0,0,-9999.0,0.47265625,1,P4_CV0,1,1,1,2,0,1,1,0,2,1,1,2,0,2,0,2,0,0,2,2,0,2,0,1,1,1,1,2,0,0,2,2,0
5,12300.0,8200.0,R5_F5_m5f5_P5_Y22_UO6,R5_F5_m5f5_P5_Y20_UO126,R5_F5_m5f5_P5_Y19_UO5,FXX,1,31.0,0,0,0.0,0,0,0,-9999.0,0.453125,1,P5_CV0,1,0,2,1,1,0,2,1,1,1,1,2,0,0,2,1,1,0,2,1,1,1,1,0,2,1,1,2,0,2,0,1,1
5,12300.0,8200.0,R5_F5_m5f5_P5_Y22_UO153,R5_F5_m5f5_P5_Y20_UO237,R5_F5_m5f5_P5_Y20_UO269,FXX,1,31.0,0,0,0.0,0,0,0,-9999.0,0.404541015625,1,P5_CV0,1,2,0,1,1,0,2,1,1,0,2,1,1,0,2,1,1,0,2,1,1,2,0,2,0,2,0,1,1,1,1,0,2
5,12300.0,8200.0,R5_F5_m5f5_P5_Y22_UO155,R5_F5_m5f5_P5_Y20_UO237,R5_F5_m5f5_P5_Y20_UO269,MXY,1,31.0,0,0,0.0,0,0,0,-9999.0,0.404541015625,1,P5_CV0,1,1,1,1,1,0,2,0,2,0,2,1,1,0,2,0,2,1,1,1,1,2,0,1,1,1,1,1,1,2,0,1,1
5,12300.0,8200.0,R5_F5_m5f5_P5_Y22_UO206,R5_F5_m5f5_P5_Y18_UO129,R5_F5_m5f5_P5_Y20_UO269,FXX,1,31.0,0,0,0.0,0,0,0,-9999.0,0.41748046875,1,P5_CV0,1,0,2,0,2,0,2,1,1,0,2,1,1,1,1,1,1,1,1,1,1,2,0,0,2,2,0,2,0,2,0,2,0
5,12300.0,8200.0,RD5_F6_m6f6_P6_Y22_UO137,R6_F6_m6f6_P6_Y19_UO172,R6_F6_m6f6_P6_Y17_UO242,FXX,1,31.0,0,0,0.0,0,0,0,-9999.0,0.52001953125,1,P5_CV0,1,2,0,1,1,1,1,2,0,0,2,1,1,0,2,1,1,0,2,1,1,1,1,1,1,1,1,0,2,2,0,1,1
5,12300.0,8200.0,R5_F5_m5f5_P5_Y21_UO184,R5_F5_m5f5_P5_Y16_UO128,R5_F5_m6f6_P6_Y18_UO180,FXX,2,31.0,1,0,2.859,0,0,0,-9999.0,0.517578125,1,P5_CV0,1,0,2,1,1,0,2,1,1,1,1,1,1,0,2,0,2,0,2,2,0,1,1,0,2,1,1,1,1,0,2,1,1
5,12300.0,8200.0,R5_F5_m5f5_P5_Y21_UO185,R5_F5_m5f5_P5_Y16_UO128,R5_F5_m6f6_P6_Y18_UO180,MXY,2,31.0,1,0,0.0,0,0,0,-9999.0,0.517578125,1,P5_CV0,1,1,1,2,0,0,2,1,1,2,0,1,1,1,1,1,1,0,2,2,0,2,0,1,1,2,0,1,1,0,2,1,1
5,12300.0,8200.0,R5_F5_m5f5_P5_Y21_UO188,R5_F5_m5f5_P5_Y19_UO133,RD5_F6_m6f6_P6_Y18_UO116,FXX,2,31.0,1,0,0.0,0,0,0,-9999.0,0.46484375,1,P5_CV0,1,0,2,1,1,2,0,1,1,1,1,2,0,1,1,2,0,0,2,0,2,2,0,2,0,1,1,1,1,2,0,2,0
5,12300.0,8200.0,R5_F5_m5f5_P5_Y20_UO171,R5_F5_m5f5_P5_Y18_UO27,R5_F5_m5f5_P5_Y16_UO91,FXX,3,31.0,1,0,0.0,0,0,0,-9999.0,0.4833984375,1,P5_CV0,1,0,2,2,0,2,0,1,1,1,1,2,0,1,1,1,1,0,2,1,1,2,0,0,2,1,1,1,1,2,0,1,1
5,12300.0,8200.0,R5_F5_m5f5_P5_Y20_UO111,R5_F5_m5f5_P5_Y18_UO103,R5_F5_m5f5_P5_Y18_UO124,MXY,3,31.0,1,0,0.0,0,0,0,-9999.0,0.46533203125,1,P5_CV0,1,2,0,2,0,2,0,0,2,2,0,1,1,1,1,2,0,0,2,2,0,1,1,1,1,1,1,1,1,1,1,1,1
5,12300.0,8200.0,R5_F5_m5f5_P5_Y19_UO114,R5_F5_m5f5_P5_Y16_UO95,R5_F5_m6f6_P6_Y16_UO93,FXX,4,31.0,1,0,1.0,0,0,0,-9999.0,0.5029296875,1,P5_CV0,1,1,1,1,1,1,1,1,1,1,1,2,0,1,1,0,2,0,2,0,2,0,2,0,2,0,2,1,1,2,0,0,2
6,12400.0,8200.0,RD6_F5_m5f5_P5_Y22_UO160,R5_F5_m5f5_P5_Y20_UO21,R5_F5_m5f5_P5_Y19_UO5,MXY,1,31.0,0,0,0.0,0,0,0,-9999.0,0.478271484375,1,P0_CV0,1,0,2,1,1,0,2,1,1,1,1,2,0,0,2,1,1,0,2,1,1,2,0,0,2,1,1,2,0,2,0,1,1
6,12400.0,8200.0,R6_F6_m6f6_P6_Y22_UO257,R6_F6_m6f6_P6_Y20_UO193,R6_F6_m6f6_P6_Y17_UO242,MXY,1,31.0,0,0,0.0,0,0,0,-9999.0,0.51904296875,1,P0_CV0,1,1,1,1,1,1,1,2,0,1,1,2,0,0,2,0,2,0,2,0,2,2,0,1,1,0,2,1,1,2,0,1,1
6,12400.0,8200.0,RD6_F5_m5f5_P5_Y21_UO98,R5_F5_m5f5_P5_Y19_UO47,R5_F5_m5f5_P5_Y17_UO138,MXY,2,31.0,1,0,0.0,0,0,0,-9999.0,0.419921875,1,P0_CV0,1,1,1,2,0,1,1,1,1,1,1,1,1,0,2,0,2,0,2,1,1,1,1,1,1,1,1,0,2,1,1,2,0
6,12400.0,8200.0,R6_F6_m6f6_P6_Y21_UO269,R6_F6_m6f6_P6_Y19_UO59,R6_F6_m6f6_P6_Y16_UO29,MXY,2,31.0,1,0,0.0,0,0,0,-9999.0,0.518798828125,1,P0_CV0,1,1,1,1,1,1,1,1,1,0,2,0,2,2,0,2,0,0,2,1,1,0,2,2,0,0,2,2,0,1,1,0,2
6,12400.0,8200.0,R6_F6_m6f6_P6_Y21_UO34,R6_F6_m6f6_P6_Y18_UO115,R6_F6_m6f6_P6_Y17_UO242,MXY,2,31.0,1,0,0.0,0,0,0,-9999.0,0.521484375,1,P0_CV0,1,2,0,1,1,0,2,2,0,0,2,1,1,1,1,2,0,0,2,1,1,1,1,1,1,0,2,1,1,2,0,1,1
6,12400.0,8200.0,R6_F6_m6f6_P6_Y21_UO36,R6_F6_m6f6_P6_Y18_UO135,RD6_F1_m1f1_P1_Y19_UO100,FXX,2,31.0,1,0,1.433,0,0,0,-9999.0,0.43798828125,1,P0_CV0,1,2,0,1,1,2,0,2,0,2,0,1,1,2,0,1,1,0,2,1,1,0,2,0,2,1,1,2,0,2,0,2,0
6,12400.0,8200.0,R6_F6_m6f6_P6_Y21_UO246,R6_F6_m6f6_P6_Y19_UO59,R6_F6_m6f6_P6_Y19_UO198,MXY,2,31.0,1,0,0.0,0,0,0,-9999.0,0.507568359375,1,P0_CV0,1,1,1,2,0,1,1,0,2,1,1,0,2,1,1,0,2,0,2,2,0,1,1,2,0,0,2,0,2,2,0,1,1
6,12400.0,8200.0,R6_F6_m6f6_P6_Y21_UO35,R6_F6_m6f6_P6_Y18_UO115,R6_F6_m6f6_P6_Y17_UO242,MXY,2,31.0,1,0,0.0,0,0,0,-9999.0,0.521484375,1,P0_CV0,1,2,0,0,2,0,2,2,0,1,1,1,1,1,1,2,0,0,2,0,2,1,1,1,1,1,1,1,1,2,0,1,1
6,12400.0,8200.0,R6_F6_m6f6_P6_Y21_UO247,R6_F6_m6f6_P6_Y19_UO59,R6_F6_m6f6_P6_Y19_UO198,MXY,2,31.0,1,0,0.0,0,0,0,-9999.0,0.507568359375,1,P0_CV0,1,1,1,2,0,2,0,0,2,0,2,0,2,1,1,1,1,0,2,1,1,1,1,1,1,0,2,0,2,1,1,1,1
6,12400.0,8200.0,R6_F6_m6f6_P6_Y22_UO70,R6_F6_m6f6_P6_Y18_UO159,R6_F6_m6f6_P6_Y20_UO144,MXY,1,31.0,0,0,0.0,0,0,0,-9999.0,0.5302734375,1,P2_CV0,1,0,2,1,1,0,2,1,1,1,1,2,0,1,1,1,1,0,2,0,2,1,1,1,1,1,1,1,1,2,0,0,2
6,12400.0,8200.0,R6_F6_m6f6_P6_Y22_UO71,R6_F6_m6f6_P6_Y18_UO159,R6_F6_m6f6_P6_Y20_UO144,FXX,1,31.0,0,0,0.0,0,0,0,-9999.0,0.5302734375,1,P2_CV0,1,0,2,1,1,2,0,1,1,1,1,1,1,1,1,1,1,0,2,0,2,1,1,2,0,0,2,1,1,2,0,0,2
6,12400.0,8200.0,R6_F6_m6f6_P6_Y22_UO187,R6_F6_m6f6_P6_Y18_UO159,R6_F6_m6f6_P6_Y20_UO239,FXX,1,31.0,0,0,0.0,0,0,0,-9999.0,0.518798828125,1,P2_CV0,1,1,1,1,1,0,2,1,1,1,1,1,1,1,1,0,2,0,2,1,1,2,0,2,0,0,2,0,2,2,0,1,1
6,12400.0,8200.0,R6_F6_m6f6_P6_Y21_UO230,R6_F6_m6f6_P6_Y18_UO159,R6_F6_m6f6_P6_Y19_UO199,FXX,2,31.0,1,0,1.0,0,0,0,-9999.0,0.51123046875,1,P2_CV0,1,0,2,0,2,2,0,2,0,1,1,0,2,0,2,1,1,0,2,1,1,1,1,1,1,0,2,0,2,2,0,0,2
6,12400.0,8200.0,R6_F6_m6f6_P6_Y22_UO33,R6_F6_m6f6_P6_Y20_UO193,R6_F6_m6f6_P6_Y20_UO166,FXX,1,31.0,0,0,0.0,0,0,0,-9999.0,0.530029296875,1,P3_CV0,1,1,1,1,1,1,1,2,0,2,0,2,0,1,1,0,2,0,2,1,1,0,2,2,0,2,0,0,2,2,0,0,2
6,12400.0,8200.0,R6_F6_m6f6_P6_Y22_UO175,R6_F6_m6f6_P6_Y20_UO193,R6_F6_m6f6_P6_Y20_UO239,MXY,1,31.0,0,0,0.0,0,0,0,-9999.0,0.521240234375,1,P3_CV0,1,2,0,1,1,0,2,1,1,0,2,0,2,0,2,0,2,0,2,1,1,1,1,1,1,0,2,0,2,2,0,0,2
6,12400.0,8200.0,R6_F6_m6f6_P6_Y22_UO256,R6_F6_m6f6_P6_Y20_UO193,R6_F6_m6f6_P6_Y17_UO242,MXY,1,31.0,0,0,0.0,0,0,0,-9999.0,0.51904296875,1,P3_CV0,1,1,1,1,1,0,2,2,0,1,1,1,1,0,2,1,1,0,2,1,1,1,1,1,1,1,1,1,1,2,0,1,1
6,12400.0,8200.0,R6_F6_m6f6_P6_Y20_UO119,R6_F6_m6f6_P6_Y18_UO178,R6_F6_m6f6_P6_Y17_UO114,MXY,3,31.0,1,0,0.0,0,0,0,-9999.0,0.529296875,1,P3_CV0,1,1,1,2,0,1,1,2,0,1,1,1,1,1,1,1,1,0,2,1,1,2,0,1,1,2,0,0,2,2,0,0,2
6,12400.0,8200.0,RD6_F5_m4f4_P4_Y19_UO223,R4_F4_m4f4_P4_Y16_UO147,R4_F4_m4f4_P4_Y17_UO231,MXY,4,31.0,1,0,0.0,0,0,0,-9999.0,0.50634765625,1,P3_CV0,1,1,1,1,1,1,1,2,0,1,1,1,1,1,1,1,1,0,2,0,2,2,0,0,2,2,0,1,1,1,1,1,1
6,12400.0,8200.0,R6_F6_m6f6_P6_Y22_UO17,R6_F6_m5f5_P5_Y20_UO69,R6_F6_m6f6_P6_Y20_UO239,FXX,1,31.0,0,0,0.0,0,0,0,-9999.0,0.459228515625,1,P4_CV0,1,1,1,1,1,1,1,2,0,0,2,1,1,1,1,1,1,0,2,2,0,2,0,2,0,2,0,1,1,2,0,1,1
6,12400.0,8200.0,R6_F6_m6f6_P6_Y22_UO19,R6_F6_m5f5_P5_Y20_UO69,R6_F6_m6f6_P6_Y20_UO239,MXY,1,31.0,0,0,0.0,0,0,0,-9999.0,0.459228515625,1,P4_CV0,1,2,0,1,1,1,1,2,0,1,1,0,2,1,1,1,1,0,2,2,0,2,0,2,0,1,1,1,1,2,0,1,1
6,12400.0,8200.0,R6_F6_m6f6_P6_Y22_UO46,R6_F6_m5f5_P5_Y20_UO69,R6_F6_m6f6_P6_Y18_UO12,MXY,1,31.0,0,0,0.0,0,0,0,-9999.0,0.470703125,1,P4_CV0,1,1,1,1,1,1,1,2,0,2,0,1,1,0,2,1,1,0,2,2,0,2,0,1,1,0,2,0,2,2,0,2,0
6,12400.0,8200.0,R6_F6_m6f6_P6_Y22_UO55,R6_F6_m5f5_P5_Y20_UO69,R6_F6_m3f3_P3_Y17_UO205,FXX,1,31.0,0,0,0.0,0,0,0,-9999.0,0.4287109375,1,P4_CV0,1,2,0,1,1,1,1,2,0,2,0,0,2,1,1,2,0,0,2,1,1,1,1,1,1,0,2,1,1,1,1,1,1
6,12400.0,8200.0,R6_F6_m6f6_P6_Y22_UO56,R6_F6_m5f5_P5_Y20_UO69,R6_F6_m3f3_P3_Y17_UO205,MXY,1,31.0,0,0,0.0,0,0,0,-9999.0,0.4287109375,1,P4_CV0,1,1,1,1,1,0,2,2,0,1,1,1,1,1,1,2,0,1,1,2,0,1,1,1,1,1,1,1,1,1,1,0,2
6,12400.0,8200.0,R6_F6_m6f6_P6_Y22_UO57,R6_F6_m5f5_P5_Y20_UO69,R6_F6_m3f3_P3_Y17_UO205,FXX,1,31.0,0,0,0.0,0,0,0,-9999.0,0.4287109375,1,P4_CV0,1,1,1,1,1,1,1,2,0,1,1,0,2,0,2,2,0,0,2,2,0,1,1,1,1,0,2,1,1,2,0,1,1
6,12400.0,8200.0,R6_F6_m6f6_P6_Y22_UO173,R6_F6_m6f6_P6_Y19_UO58,R6_F6_m6f6_P6_Y20_UO157,FXX,1,31.0,0,0,0.0,0,0,0,-9999.0,0.518798828125,1,P4_CV0,1,0,2,1,1,0,2,2,0,1,1,1,1,2,0,1,1,0,2,1,1,1,1,1,1,1,1,1,1,1,1,0,2
6,12400.0,8200.0,RD6_F6_m6f6_P6_Y22_UO181,R6_F6_m5f5_P5_Y20_UO69,R6_F6_m6f6_P6_Y20_UO149,FXX,1,31.0,0,0,0.0,0,0,0,-9999.0,0.458984375,1,P4_CV0,1,0,2,1,1,1,1,2,0,1,1,0,2,0,2,1,1,0,2,0,2,1,1,1,1,1,1,2,0,2,0,1,1
6,12400.0,8200.0,R6_F6_m6f6_P6_Y22_UO182,R6_F6_m5f5_P5_Y20_UO69,R6_F6_m6f6_P6_Y20_UO149,FXX,1,31.0,0,0,0.0,0,0,0,-9999.0,0.458984375,1,P4_CV0,1,1,1,1,1,1,1,2,0,1,1,0,2,0,2,1,1,0,2,0,2,2,0,2,0,2,0,1,1,2,0,1,1
6,12400.0,8200.0,R6_F6_m6f6_P6_Y21_UO11,R6_F6_m6f6_P6_Y19_UO57,R6_F6_m6f6_P6_Y16_UO29,MXY,2,31.0,1,0,0.0,0,0,0,-9999.0,0.518798828125,1,P4_CV0,1,0,2,0,2,1,1,0,2,1,1,0,2,2,0,2,0,0,2,1,1,0,2,2,0,1,1,1,1,2,0,0,2
6,12400.0,8200.0,R6_F6_m6f6_P6_Y21_UO13,R6_F6_m6f6_P6_Y19_UO57,R6_F6_m6f6_P6_Y16_UO29,MXY,2,31.0,1,0,0.0,0,0,0,-9999.0,0.518798828125,1,P4_CV0,1,0,2,0,2,0,2,0,2,0,2,0,2,2,0,1,1,0,2,1,1,0,2,2,0,1,1,2,0,2,0,0,2
6,12400.0,8200.0,R6_F6_m6f6_P6_Y21_UO266,R6_F6_m6f6_P6_Y19_UO59,R6_F6_m6f6_P6_Y16_UO29,FXX,2,31.0,1,0,0.0,0,0,0,-9999.0,0.518798828125,1,P4_CV0,1,0,2,0,2,0,2,1,1,1,1,0,2,2,0,2,0,0,2,1,1,1,1,2,0,1,1,0,2,1,1,0,2
6,12400.0,8200.0,R6_F6_m5f5_P5_Y20_UO69,R5_F5_m5f5_P5_Y17_UO274,R5_F5_m5f5_P5_Y17_UO150,FXX,3,31.0,1,0,2.823,0,0,0,-9999.0,0.404296875,1,P4_CV0,1,1,1,2,0,0,2,2,0,1,1,1,1,0,2,2,0,0,2,1,1,2,0,2,0,1,1,1,1,2,0,1,1
6,12400.0,8200.0,R6_F6_m6f6_P6_Y19_UO57,R6_F6_m6f6_P6_Y17_UO162,R6_F6_m6f6_P6_Y16_UO29,FXX,4,31.0,1,0,1.021,0,0,0,-9999.0,0.51611328125,1,P4_CV0,1,1,1,0,2,1,1,1,1,1,1,0,2,2,0,1,1,0,2,1,1,0,2,1,1,1,1,2,0,2,0,0,2
6,12400.0,8200.0,R6_F6_m6f6_P6_Y22_UO18,R6_F6_m5f5_P5_Y20_UO69,R6_F6_m6f6_P6_Y20_UO239,MXY,1,31.0,0,0,0.0,0,0,0,-9999.0,0.459228515625,1,P5_CV0,1,1,1,1,1,1,1,2,0,0,2,1,1,0,2,1,1,0,2,2,0,2,0,2,0,1,1,0,2,2,0,1,1
6,12400.0,8200.0,R6_F6_m6f6_P6_Y22_UO20,R6_F6_m5f5_P5_Y20_UO69,R6_F6_m6f6_P6_Y20_UO239,FXX,1,31.0,0,0,0.0,0,0,0,-9999.0,0.459228515625,1,P5_CV0,1,1,1,1,1,1,1,2,0,0,2,1,1,1,1,1,1,0,2,2,0,2,0,2,0,2,0,0,2,2,0,0,2
6,12400.0,8200.0,R6_F6_m6f6_P6_Y22_UO21,R6_F6_m6f6_P6_Y19_UO57,R6_F6_m6f6_P6_Y20_UO8,FXX,1,31.0,0,0,0.0,0,0,0,-9999.0,0.529052734375,1,P5_CV0,1,1,1,0,2,1,1,1,1,1,1,1,1,2,0,1,1,0,2,1,1,0,2,0,2,1,1,2,0,2,0,0,2
6,12400.0,8200.0,R6_F6_m6f6_P6_Y22_UO32,R6_F6_m6f6_P6_Y20_UO193,R6_F6_m6f6_P6_Y20_UO166,MXY,1,31.0,0,0,0.0,0,0,0,-9999.0,0.530029296875,1,P5_CV0,1,0,2,2,0,1,1,2,0,1,1,1,1,1,1,0,2,0,2,1,1,0,2,1,1,2,0,0,2,2,0,1,1
6,12400.0,8200.0,R6_F6_m6f6_P6_Y22_UO47,R6_F6_m5f5_P5_Y20_UO69,R6_F6_m6f6_P6_Y18_UO12,FXX,1,31.0,0,0,0.0,0,0,0,-9999.0,0.470703125,1,P5_CV0,1,1,1,1,1,1,1,1,1,0,2,1,1,0,2,1,1,0,2,2,0,1,1,1,1,1,1,1,1,2,0,2,0
6,12400.0,8200.0,R6_F6_m6f6_P6_Y22_UO53,R6_F6_m6f6_P6_Y20_UO25,R6_F6_m6f6_P6_Y20_UO144,FXX,1,31.0,0,0,0.0,0,0,0,-9999.0,0.537841796875,1,P5_CV0,1,2,0,0,2,0,2,1,1,2,0,2,0,1,1,1,1,0,2,2,0,1,1,1,1,1,1,1,1,2,0,0,2
6,12400.0,8200.0,R6_F6_m6f6_P6_Y22_UO54,R6_F6_m6f6_P6_Y20_UO25,R6_F6_m6f6_P6_Y20_UO144,FXX,1,31.0,0,0,0.0,0,0,0,-9999.0,0.537841796875,1,P5_CV0,1,2,0,1,1,0,2,0,2,2,0,1,1,1,1,2,0,0,2,1,1,1,1,1,1,0,2,0,2,2,0,1,1
6,12400.0,8200.0,R6_F6_m6f6_P6_Y22_UO63,R6_F6_m5f5_P5_Y20_UO160,R6_F6_m6f6_P6_Y18_UO257,FXX,1,31.0,0,0,0.0,0,0,0,-9999.0,0.49658203125,1,P5_CV0,1,1,1,0,2,1,1,1,1,1,1,2,0,0,2,0,2,0,2,1,1,1,1,0,2,1,1,0,2,1,1,0,2
6,12400.0,8200.0,R6_F6_m6f6_P6_Y22_UO69,R6_F6_m6f6_P6_Y18_UO159,R6_F6_m6f6_P6_Y20_UO144,MXY,1,31.0,0,0,0.0,0,0,0,-9999.0,0.5302734375,1,P5_CV0,1,0,2,0,2,1,1,1,1,1,1,0,2,1,1,1,1,0,2,1,1,0,2,2,0,2,0,0,2,2,0,0,2
6,12400.0,8200.0,R6_F6_m6f6_P6_Y22_UO72,R6_F6_m6f6_P6_Y18_UO159,R6_F6_m6f6_P6_Y20_UO144,MXY,1,31.0,0,0,0.0,0,0,0,-9999.0,0.5302734375,1,P5_CV0,1,1,1,1,1,0,2,0,2,2,0,1,1,1,1,1,1,0,2,0,2,1,1,2,0,2,0,1,1,2,0,0,2
6,12400.0,8200.0,R6_F6_m6f6_P6_Y22_UO84,R6_F6_m6f6_P6_Y18_UO159,R6_F6_m6f6_P6_Y19_UO55,FXX,1,31.0,0,0,0.0,0,0,0,-9999.0,0.51611328125,1,P5_CV0,1,0,2,1,1,1,1,2,0,1,1,1,1,0,2,1,1,0,2,0,2,1,1,2,0,1,1,1,1,2,0,1,1
6,12400.0,8200.0,R6_F6_m6f6_P6_Y22_UO85,R6_F6_m6f6_P6_Y18_UO159,R6_F6_m6f6_P6_Y19_UO55,MXY,1,31.0,0,0,0.0,0,0,0,-9999.0,0.51611328125,1,P5_CV0,1,0,2,1,1,1,1,1,1,1,1,1,1,0,2,0,2,0,2,0,2,1,1,2,0,0,2,1,1,2,0,1,1
6,12400.0,8200.0,R6_F6_m6f6_P6_Y22_UO100,R6_F6_m6f6_P6_Y20_UO244,R6_F6_m6f6_P6_Y20_UO144,MXY,1,31.0,0,0,0.0,0,0,0,-9999.0,0.513671875,1,P5_CV0,1,1,1,2,0,2,0,0,2,1,1,2,0,1,1,1,1,0,2,1,1,2,0,0,2,0,2,0,2,1,1,0,2
6,12400.0,8200.0,R6_F6_m6f6_P6_Y22_UO116,R6_F6_m6f6_P6_Y19_UO172,RD6_F6_m6f6_P6_Y20_UO75,MXY,1,31.0,0,0,0.0,0,0,0,-9999.0,0.53369140625,1,P5_CV0,1,0,2,1,1,1,1,0,2,1,1,1,1,1,1,2,0,0,2,1,1,1,1,0,2,1,1,0,2,2,0,2,0
6,12400.0,8200.0,R6_F6_m6f6_P6_Y22_UO117,R6_F6_m6f6_P6_Y19_UO172,RD6_F6_m6f6_P6_Y20_UO75,FXX,1,31.0,0,0,0.0,0,0,0,-9999.0,0.53369140625,1,P5_CV0,1,2,0,1,1,1,1,0,2,1,1,2,0,2,0,2,0,0,2,0,2,0,2,1,1,2,0,1,1,2,0,2,0
6,12400.0,8200.0,R6_F6_m6f6_P6_Y22_UO123,R6_F6_m6f6_P6_Y19_UO10,R6_F6_m6f6_P6_Y18_UO12,MXY,1,31.0,0,0,0.0,0,0,0,-9999.0,0.52392578125,1,P5_CV0,1,1,1,0,2,0,2,1,1,1,1,0,2,0,2,0,2,0,2,2,0,1,1,1,1,1,1,1,1,2,0,0,2
6,12400.0,8200.0,R6_F6_m6f6_P6_Y22_UO124,R6_F6_m6f6_P6_Y19_UO10,R6_F6_m6f6_P6_Y18_UO12,FXX,1,31.0,0,0,0.0,0,0,0,-9999.0,0.52392578125,1,P5_CV0,1,2,0,1,1,1,1,1,1,0,2,1,1,1,1,0,2,0,2,2,0,1,1,1,1,0,2,1,1,2,0,0,2
6,12400.0,8200.0,R6_F6_m6f6_P6_Y22_UO134,RD6_F6_m6f6_P6_Y19_UO22,R6_F6_m6f6_P6_Y19_UO236,MXY,1,31.0,0,0,0.0,0,0,0,-9999.0,0.5068359375,1,P5_CV0,1,2,0,2,0,2,0,2,0,2,0,1,1,2,0,0,2,0,2,2,0,1,1,1,1,1,1,1,1,2,0,0,2
6,12400.0,8200.0,R6_F6_m6f6_P6_Y22_UO135,RD6_F6_m6f6_P6_Y19_UO22,R6_F6_m6f6_P6_Y19_UO236,FXX,1,31.0,0,0,0.0,0,0,0,-9999.0,0.5068359375,1,P5_CV0,1,2,0,1,1,2,0,2,0,1,1,1,1,2,0,1,1,0,2,2,0,1,1,1,1,1,1,1,1,2,0,0,2
6,12400.0,8200.0,R6_F6_m6f6_P6_Y22_UO136,R6_F6_m6f6_P6_Y19_UO172,R6_F6_m6f6_P6_Y17_UO242,FXX,1,31.0,0,0,0.0,0,0,0,-9999.0,0.52001953125,1,P5_CV0,1,2,0,0,2,2,0,1,1,1,1,1,1,0,2,0,2,0,2,0,2,1,1,1,1,1,1,1,1,2,0,0,2
6,12400.0,8200.0,R6_F6_m6f6_P6_Y22_UO138,R6_F6_m6f6_P6_Y19_UO172,R6_F6_m6f6_P6_Y17_UO242,FXX,1,31.0,0,0,0.0,0,0,0,-9999.0,0.52001953125,1,P5_CV0,1,1,1,1,1,1,1,2,0,1,1,0,2,1,1,1,1,0,2,0,2,1,1,1,1,1,1,0,2,2,0,0,2
6,12400.0,8200.0,R6_F6_m6f6_P6_Y22_UO174,R6_F6_m6f6_P6_Y19_UO58,R6_F6_m6f6_P6_Y20_UO157,FXX,1,31.0,0,0,0.0,0,0,0,-9999.0,0.518798828125,1,P5_CV0,1,0,2,1,1,1,1,2,0,1,1,0,2,2,0,2,0,0,2,2,0,0,2,1,1,1,1,0,2,2,0,0,2
6,12400.0,8200.0,R6_F6_m6f6_P6_Y22_UO176,R6_F6_m6f6_P6_Y20_UO193,R6_F6_m6f6_P6_Y20_UO156,MXY,1,31.0,0,0,0.0,0,0,0,-9999.0,0.52490234375,1,P5_CV0,1,1,1,2,0,0,2,2,0,2,0,1,1,0,2,1,1,0,2,1,1,0,2,2,0,2,0,0,2,2,0,0,2
6,12400.0,8200.0,R6_F6_m6f6_P6_Y22_UO177,R6_F6_m6f6_P6_Y20_UO193,R6_F6_m6f6_P6_Y20_UO156,FXX,1,31.0,0,0,0.0,0,0,0,-9999.0,0.52490234375,1,P5_CV0,1,0,2,2,0,0,2,2,0,1,1,1,1,0,2,0,2,0,2,1,1,0,2,1,1,1,1,0,2,2,0,2,0
6,12400.0,8200.0,R6_F6_m6f6_P6_Y22_UO179,R6_F6_m5f5_P5_Y20_UO69,R6_F6_m6f6_P6_Y20_UO149,MXY,1,31.0,0,0,0.0,0,0,0,-9999.0,0.458984375,1,P5_CV0,1,0,2,1,1,1,1,1,1,2,0,1,1,1,1,1,1,0,2,1,1,2,0,2,0,2,0,1,1,2,0,1,1
6,12400.0,8200.0,R6_F6_m6f6_P6_Y22_UO188,R6_F6_m6f6_P6_Y18_UO159,R6_F6_m6f6_P6_Y20_UO239,MXY,1,31.0,0,0,0.0,0,0,0,-9999.0,0.518798828125,1,P5_CV0,1,1,1,0,2,1,1,1,1,1,1,1,1,1,1,0,2,0,2,1,1,1,1,2,0,1,1,1,1,2,0,0,2
6,12400.0,8200.0,R6_F6_m6f6_P6_Y21_UO2,R6_F6_m6f6_P6_Y18_UO159,R6_F6_m6f6_P6_Y18_UO63,MXY,2,31.0,1,0,0.0,0,0,0,-9999.0,0.52490234375,1,P5_CV0,1,1,1,2,0,2,0,2,0,1,1,2,0,1,1,1,1,0,2,1,1,0,2,1,1,1,1,2,0,2,0,0,2
6,12400.0,8200.0,R6_F6_m6f6_P6_Y21_UO126,R6_F6_m6f6_P6_Y18_UO13,RD6_F1_m1f1_P1_Y19_UO100,MXY,2,31.0,1,0,0.0,0,0,0,-9999.0,0.4423828125,1,P5_CV0,1,1,1,1,1,2,0,2,0,2,0,1,1,2,0,1,1,0,2,2,0,1,1,2,0,2,0,1,1,2,0,0,2
6,12400.0,8200.0,R6_F6_m6f6_P6_Y21_UO156,R6_F6_m6f6_P6_Y18_UO135,R6_F6_m6f6_P6_Y19_UO198,MXY,2,31.0,1,0,0.0,0,0,0,-9999.0,0.513671875,1,P5_CV0,1,2,0,1,1,2,0,2,0,0,2,1,1,2,0,0,2,0,2,2,0,1,1,2,0,0,2,1,1,2,0,2,0
6,12400.0,8200.0,R6_F6_m6f6_P6_Y21_UO202,R6_F6_m6f6_P6_Y18_UO115,R6_F6_m6f6_P6_Y19_UO231,MXY,2,31.0,1,0,0.0,0,0,0,-9999.0,0.515625,1,P5_CV0,1,1,1,2,0,1,1,2,0,1,1,2,0,2,0,2,0,0,2,2,0,1,1,1,1,1,1,0,2,2,0,0,2
6,12400.0,8200.0,R6_F6_m6f6_P6_Y21_UO27,R6_F6_m6f6_P6_Y18_UO115,R6_F6_m6f6_P6_Y19_UO199,MXY,2,31.0,1,0,0.0,0,0,0,-9999.0,0.51611328125,1,P5_CV0,1,2,0,2,0,1,1,1,1,1,1,1,1,1,1,2,0,0,2,1,1,0,2,1,1,1,1,1,1,2,0,1,1
6,12400.0,8200.0,R6_F6_m6f6_P6_Y21_UO73,R6_F6_m6f6_P6_Y18_UO132,R6_F6_m6f6_P6_Y18_UO12,FXX,2,31.0,1,0,1.0,0,0,0,-9999.0,0.53271484375,1,P5_CV0,1,1,1,0,2,1,1,1,1,2,0,1,1,1,1,0,2,0,2,1,1,2,0,1,1,1,1,0,2,2,0,2,0
6,12400.0,8200.0,R6_F6_m6f6_P6_Y21_UO262,R6_F6_m6f6_P6_Y18_UO182,RD6_F5_m5f5_P5_Y19_UO135,FXX,2,31.0,1,0,1.975,0,0,0,-9999.0,0.4658203125,1,P5_CV0,1,2,0,2,0,0,2,0,2,0,2,1,1,0,2,0,2,0,2,1,1,2,0,1,1,1,1,2,0,2,0,2,0
6,12400.0,8200.0,R6_F6_m6f6_P6_Y21_UO231,R6_F6_m6f6_P6_Y17_UO244,R6_F6_m6f6_P6_Y19_UO236,MXY,2,31.0,1,0,0.0,0,0,0,-9999.0,0.4853515625,1,P5_CV0,1,2,0,1,1,2,0,1,1,1,1,1,1,2,0,1,1,0,2,2,0,1,1,1,1,0,2,1,1,2,0,1,1
6,12400.0,8200.0,R6_F6_m6f6_P6_Y21_UO232,R6_F6_m6f6_P6_Y17_UO244,R6_F6_m6f6_P6_Y19_UO236,MXY,2,31.0,1,0,0.0,0,0,0,-9999.0,0.4853515625,1,P5_CV0,1,2,0,1,1,2,0,1,1,0,2,0,2,2,0,0,2,0,2,1,1,1,1,0,2,0,2,0,2,1,1,0,2
6,12400.0,8200.0,R6_F6_m6f6_P6_Y20_UO239,R6_F6_m6f6_P6_Y17_UO170,R6_F6_m6f6_P6_Y18_UO12,MXY,3,31.0,1,0,0.0,0,0,0,-9999.0,0.51416015625,1,P5_CV0,1,2,0,0,2,1,1,1,1,0,2,0,2,1,1,0,2,0,2,2,0,2,0,2,0,1,1,0,2,2,0,1,1
6,12400.0,8200.0,R6_F6_m6f6_P6_Y20_UO167,R6_F6_m6f6_P6_Y18_UO135,R6_F6_m6f6_P6_Y16_UO229,MXY,3,31.0,1,0,0.0,0,0,0,-9999.0,0.53173828125,1,P5_CV0,1,0,2,1,1,2,0,2,0,1,1,0,2,1,1,0,2,0,2,2,0,1,1,1,1,1,1,0,2,2,0,1,1
6,12400.0,8200.0,R6_F6_m6f6_P6_Y20_UO166,R6_F6_m6f6_P6_Y18_UO135,R6_F6_m6f6_P6_Y16_UO229,MXY,3,31.0,1,0,0.0,0,0,0,-9999.0,0.53173828125,1,P5_CV0,1,0,2,1,1,2,0,2,0,1,1,1,1,1,1,0,2,0,2,2,0,0,2,1,1,2,0,0,2,2,0,1,1
6,12400.0,8200.0,R6_F6_m6f6_P6_Y20_UO10,R6_F6_m6f6_P6_Y18_UO135,R6_F6_m6f6_P6_Y18_UO63,MXY,3,31.0,1,0,0.0,0,0,0,-9999.0,0.52734375,1,P5_CV0,1,2,0,1,1,2,0,2,0,1,1,0,2,2,0,1,1,0,2,1,1,0,2,2,0,1,1,2,0,2,0,0,2
6,12400.0,8200.0,R6_F6_m6f6_P6_Y20_UO143,R6_F6_m6f6_P6_Y16_UO245,R6_F6_m6f6_P6_Y17_UO114,FXX,3,31.0,1,0,1.695,0,0,0,-9999.0,0.537109375,1,P5_CV0,1,1,1,0,2,1,1,0,2,2,0,2,0,2,0,1,1,0,2,1,1,1,1,0,2,1,1,0,2,1,1,0,2
6,12400.0,8200.0,R6_F6_m6f6_P6_Y20_UO75,R6_F6_m6f6_P6_Y16_UO245,R6_F6_m6f6_P6_Y17_UO114,MXY,3,31.0,1,0,0.0,0,0,0,-9999.0,0.537109375,1,P5_CV0,1,1,1,1,1,1,1,0,2,2,0,1,1,2,0,2,0,0,2,1,1,1,1,1,1,1,1,1,1,2,0,1,1
6,12400.0,8200.0,R6_F6_m6f6_P6_Y20_UO78,R6_F6_m6f6_P6_Y17_UO170,R6_F6_m6f6_P6_Y18_UO257,MXY,3,31.0,1,0,0.0,0,0,0,-9999.0,0.513671875,1,P5_CV0,1,1,1,0,2,2,0,2,0,2,0,1,1,1,1,1,1,0,2,1,1,0,2,2,0,2,0,1,1,1,1,0,2
6,12400.0,8200.0,R6_F6_m6f6_P6_Y20_UO25,R6_F6_m6f6_P6_Y16_UO245,R6_F6_m6f6_P6_Y18_UO63,FXX,3,31.0,1,0,1.349,0,0,0,-9999.0,0.53857421875,1,P5_CV0,1,1,1,0,2,1,1,1,1,2,0,1,1,1,1,1,1,0,2,1,1,0,2,1,1,0,2,1,1,2,0,1,1
6,12400.0,8200.0,R6_F6_m6f6_P6_Y19_UO28,RD6_F6_m6f6_P6_Y14_UO89,R6_F6_m6f6_P6_Y17_UO242,FXX,4,31.0,1,0,1.0,0,0,0,-9999.0,0.4892578125,1,P5_CV0,1,2,0,2,0,2,0,2,0,2,0,1,1,1,1,1,1,0,2,0,2,1,1,2,0,1,1,1,1,2,0,1,1
6,12400.0,8200.0,R6_F6_m6f6_P6_Y19_UO55,R6_F6_m6f6_P6_Y17_UO117,R6_F6_m6f6_P6_Y17_UO242,MXY,4,31.0,1,0,0.0,0,0,0,-9999.0,0.5087890625,1,P5_CV0,1,1,1,1,1,0,2,2,0,1,1,0,2,1,1,1,1,0,2,0,2,1,1,2,0,1,1,0,2,2,0,1,1
6,12400.0,8200.0,R6_F6_m6f6_P6_Y19_UO231,R6_F6_m6f6_P6_Y17_UO117,R6_F6_m6f6_P6_Y17_UO89,MXY,4,31.0,1,0,0.0,0,0,0,-9999.0,0.498046875,1,P5_CV0,1,1,1,1,1,1,1,2,0,0,2,1,1,2,0,2,0,1,1,1,1,1,1,2,0,2,0,0,2,2,0,0,2
6,12400.0,8200.0,R6_F6_m6f6_P6_Y19_UO22,R6_F6_m6f6_P6_Y15_UO188,R6_F6_m6f6_P6_Y15_UO187,FXX,4,31.0,1,0,0.0,0,0,0,-9999.0,0.5390625,1,P5_CV0,1,2,0,1,1,2,0,2,0,2,0,2,0,1,1,0,2,0,2,2,0,0,2,2,0,2,0,1,1,2,0,0,2
6,12400.0,8200.0,RD6_F6_m6f6_P6_Y18_UO12,R6_F6_m6f6_P6_Y16_UO28,R6_F6_m6f6_P6_Y16_UO210,MXY,5,31.0,1,0,0.0,0,0,0,-9999.0,0.537109375,1,P5_CV0,1,1,1,1,1,1,1,1,1,1,1,1,1,0,2,0,2,0,2,2,0,1,1,1,1,0,2,0,2,2,0,1,1
6,12400.0,8200.0,R6_F6_m6f6_P6_Y18_UO257,R6_F6_m6f6_P6_Y16_UO68,R6_F6_m6f6_P6_Y16_UO163,MXY,5,31.0,1,0,0.0,0,0,0,-9999.0,0.5361328125,1,P5_CV0,1,1,1,1,1,2,0,2,0,1,1,2,0,1,1,1,1,0,2,1,1,0,2,1,1,1,1,1,1,0,2,0,2
