PatchID,XCOORD,YCOORD,ID,MID,FID,sex,age,size,mature,newmature,layeggs,capture,recapture,state,CDist,Hindex,Species,ClassFile,SubPatchID,L0A0,L0A1,L1A0,L1A1,L2A0,L2A1,L3A0,L3A1,L4A0,L4A1,L5A0,L5A1,L6A0,L6A1,L7A0,L7A1,L8A0,L8A1,L9A0,L9A1,L10A0,L10A1,L11A0,L11A1,L12A0,L12A1,L13A0,L13A1,L14A0,L14A1,L15A0,L15A1
1,12200.0,8000.0,Age0_F1_m1f1_P1_Y37_UO171,R1_F1_m1f1_P1_Y35_UO83,R1_F1_m1f1_P1_Y32_UO178,MXY,0,31.0,0,0,0.0,0,0,0,0.0,0.4121513366699219,1,P0_CV0,1,0,2,1,1,1,1,0,2,0,2,0,2,1,1,1,1,0,2,1,1,2,0,2,0,0,2,1,1,0,2,1,1
1,12200.0,8000.0,Age0_F1_m1f1_P1_Y37_UO172,R1_F1_m1f1_P1_Y35_UO83,R1_F1_m1f1_P1_Y32_UO178,FXX,0,31.0,0,0,0.0,0,0,0,0.0,0.4121513366699219,1,P0_CV0,1,0,2,0,2,2,0,0,2,0,2,0,2,0,2,1,1,0,2,0,2,1,1,1,1,1,1,1,1,0,2,0,2
1,12200.0,8000.0,R1_F1_m1f1_P1_Y36_UO139,R1_F1_m1f1_P1_Y33_UO96,R1_F1_m1f1_P1_Y34_UO219,MXY,1,31.0,1,1,0.0,0,0,0,-9999.0,0.4141349792480469,1,P0_CV0,1,2,0,0,2,2,0,0,2,1,1,0,2,0,2,1,1,0,2,2,0,1,1,1,1,2,0,2,0,0,2,1,1
1,12200.0,8000.0,R1_F1_m1f1_P1_Y36_UO140,R1_F1_m1f1_P1_Y33_UO96,R1_F1_m1f1_P1_Y34_UO219,MXY,1,31.0,1,1,0.0,0,0,0,-9999.0,0.4141349792480469,1,P0_CV0,1,1,1,0,2,1,1,0,2,0,2,0,2,1,1,1,1,0,2,2,0,2,0,1,1,2,0,1,1,0,2,1,1
1,12200.0,8000.0,R1_F1_m1f1_P1_Y36_UO254,R1_F1_m1f1_P1_Y33_UO96,R1_F1_m1f1_P1_Y34_UO51,FXX,1,31.0,1,1,0.0,0,0,0,-9999.0,0.4159355163574219,1,P0_CV0,1,2,0,1,1,2,0,0,2,0,2,0,2,1,1,1,1,0,2,1,1,2,0,1,1,2,0,1,1,0,2,1,1
1,12200.0,8000.0,R1_F1_m1f1_P1_Y36_UO113,R1_F1_m1f1_P1_Y34_UO267,R1_F1_m1f1_P1_Y31_UO100,MXY,1,31.0,1,1,0.0,0,0,0,-9999.0,0.4318275451660156,1,P0_CV0,1,1,1,0,2,1,1,0,2,1,1,1,1,0,2,1,1,0,2,2,0,2,0,1,1,0,2,2,0,0,2,1,1
1,12200.0,8000.0,R1_F1_m1f1_P1_Y36_UO243,R1_F1_m1f1_P1_Y34_UO50,R1_F1_m1f1_P1_Y34_UO98,FXX,1,31.0,1,1,1.599,0,0,0,-9999.0,0.4230613708496094,1,P0_CV0,1,0,2,0,2,1,1,1,1,0,2,1,1,1,1,1,1,1,1,2,0,1,1,2,0,2,0,0,2,1,1,2,0
1,12200.0,8000.0,R1_F1_m1f1_P1_Y35_UO99,R1_F1_m1f1_P1_Y32_UO231,R1_F1_m1f1_P1_Y32_UO178,MXY,2,31.0,1,0,0.0,0,0,0,-9999.0,0.3959503173828125,1,P0_CV0,1,0,2,1,1,2,0,1,1,0,2,0,2,1,1,2,0,0,2,0,2,1,1,2,0,1,1,1,1,0,2,1,1
1,12200.0,8000.0,R1_F1_m1f1_P1_Y32_UO178,R1_F1_m1f1_P1_Y29_UO149,R1_F1_m1f1_P1_Y30_UO216,MXY,5,31.0,1,0,0.0,0,0,0,-9999.0,0.40216064453125,1,P0_CV0,1,0,2,0,2,2,0,0,2,0,2,0,2,0,2,1,1,0,2,1,1,2,0,1,1,0,2,2,0,0,2,1,1
1,12200.0,8000.0,R1_F1_m1f1_P1_Y34_UO22,R1_F1_m2f2_P2_Y30_UO269,R1_F1_m1f1_P1_Y32_UO178,MXY,3,31.0,1,0,0.0,0,0,0,-9999.0,0.434906005859375,1,P1_CV0,1,0,2,1,1,1,1,1,1,1,1,1,1,0,2,1,1,0,2,2,0,2,0,1,1,1,1,2,0,0,2,2,0
1,12200.0,8000.0,Age0_F1_m1f1_P1_Y37_UO34,R1_F1_m1f1_P1_Y34_UO223,R1_F1_m1f1_P1_Y32_UO3,FXX,0,31.0,0,0,0.0,0,0,0,0.0,0.4201011657714844,1,P2_CV0,1,2,0,0,2,2,0,1,1,0,2,0,2,1,1,0,2,0,2,2,0,2,0,2,0,1,1,0,2,0,2,1,1
1,12200.0,8000.0,Age0_F1_m1f1_P1_Y37_UO35,R1_F1_m1f1_P1_Y34_UO223,R1_F1_m1f1_P1_Y32_UO3,FXX,0,31.0,0,0,0.0,0,0,0,0.0,0.4201011657714844,1,P2_CV0,1,1,1,0,2,2,0,1,1,0,2,1,1,0,2,0,2,1,1,2,0,2,0,2,0,2,0,1,1,0,2,2,0
1,12200.0,8000.0,Age0_F1_m1f1_P1_Y37_UO36,R1_F1_m1f1_P1_Y34_UO223,R1_F1_m1f1_P1_Y32_UO3,MXY,0,31.0,0,0,0.0,0,0,0,0.0,0.4201011657714844,1,P2_CV0,1,2,0,0,2,1,1,1,1,0,2,0,2,0,2,1,1,1,1,2,0,2,0,2,0,2,0,1,1,0,2,2,0
1,12200.0,8000.0,Age0_F1_m1f1_P1_Y37_UO37,R1_F1_m1f1_P1_Y34_UO223,R1_F1_m1f1_P1_Y32_UO3,MXY,0,31.0,0,0,0.0,0,0,0,0.0,0.4201011657714844,1,P2_CV0,1,1,1,0,2,0,2,1,1,0,2,0,2,1,1,0,2,0,2,2,0,2,0,2,0,2,0,1,1,0,2,1,1
1,12200.0,8000.0,Age0_F1_m1f1_P1_Y37_UO38,R1_F1_m1f1_P1_Y34_UO223,R1_F1_m1f1_P1_Y32_UO3,MXY,0,31.0,0,0,0.0,0,0,0,0.0,0.4201011657714844,1,P2_CV0,1,1,1,0,2,1,1,1,1,0,2,1,1,1,1,0,2,1,1,2,0,2,0,2,0,1,1,0,2,0,2,1,1
1,12200.0,8000.0,Age0_F1_m1f1_P1_Y37_UO39,R1_F1_m1f1_P1_Y34_UO223,R1_F1_m1f1_P1_Y32_UO3,MXY,0,31.0,0,0,0.0,0,0,0,0.0,0.4201011657714844,1,P2_CV0,1,1,1,0,2,2,0,1,1,0,2,1,1,0,2,2,0,0,2,1,1,2,0,2,0,1,1,1,1,0,2,2,0
1,12200.0,8000.0,Age0_F1_m1f1_P1_Y37_UO40,R1_F1_m1f1_P1_Y34_UO223,R1_F1_m1f1_P1_Y32_UO3,MXY,0,31.0,0,0,0.0,0,0,0,0.0,0.4201011657714844,1,P2_CV0,1,1,1,0,2,0,2,1,1,0,2,1,1,0,2,2,0,1,1,1,1,2,0,2,0,2,0,2,0,0,2,1,1
1,12200.0,8000.0,Age0_F1_m1f1_P1_Y37_UO101,R1_F1_m1f1_P1_Y34_UO223,R1_F1_m1f1_P1_Y34_UO132,FXX,0,31.0,0,0,0.0,0,0,0,0.0,0.41912078857421875,1,P2_CV0,1,0,2,1,1,2,0,1,1,1,1,1,1,1,1,0,2,0,2,1,1,1,1,1,1,0,2,0,2,1,1,2,0
1,12200.0,8000.0,Age0_F1_m1f1_P1_Y37_UO102,R1_F1_m1f1_P1_Y34_UO223,R1_F1_m1f1_P1_Y34_UO132,MXY,0,31.0,0,0,0.0,0,0,0,0.0,0.41912078857421875,1,P2_CV0,1,0,2,1,1,1,1,1,1,0,2,0,2,1,1,1,1,0,2,1,1,1,1,1,1,1,1,0,2,1,1,1,1
1,12200.0,8000.0,Age0_F1_m1f1_P1_Y37_UO103,R1_F1_m1f1_P1_Y34_UO223,R1_F1_m1f1_P1_Y34_UO132,FXX,0,31.0,0,0,0.0,0,0,0,0.0,0.41912078857421875,1,P2_CV0,1,1,1,0,2,2,0,1,1,0,2,0,2,1,1,2,0,0,2,1,1,1,1,1,1,0,2,1,1,1,1,2,0
1,12200.0,8000.0,Age0_F1_m1f1_P1_Y37_UO173,R1_F1_m1f1_P1_Y35_UO83,R1_F1_m1f1_P1_Y32_UO178,FXX,0,31.0,0,0,0.0,0,0,0,0.0,0.4121513366699219,1,P2_CV0,1,0,2,0,2,1,1,0,2,0,2,1,1,1,1,0,2,1,1,2,0,2,0,2,0,1,1,1,1,1,1,0,2
1,12200.0,8000.0,Age0_F1_m1f1_P1_Y37_UO174,R1_F1_m1f1_P1_Y35_UO83,R1_F1_m1f1_P1_Y32_UO178,FXX,0,31.0,0,0,0.0,0,0,0,0.0,0.4121513366699219,1,P2_CV0,1,0,2,1,1,2,0,0,2,0,2,1,1,1,1,1,1,1,1,1,1,1,1,0,2,1,1,1,1,0,2,1,1
1,12200.0,8000.0,Age0_F1_m1f1_P1_Y37_UO175,R1_F1_m1f1_P1_Y35_UO83,R1_F1_m1f1_P1_Y32_UO178,FXX,0,31.0,0,0,0.0,0,0,0,0.0,0.4121513366699219,1,P2_CV0,1,0,2,1,1,2,0,0,2,0,2,0,2,0,2,0,2,1,1,1,1,2,0,1,1,1,1,1,1,0,2,1,1
1,12200.0,8000.0,Age0_F1_m1f1_P1_Y37_UO179,R1_F1_m1f1_P1_Y33_UO12,R1_F1_m1f1_P1_Y35_UO282,FXX,0,31.0,0,0,0.0,0,0,0,0.0,0.4272499084472656,1,P2_CV0,1,1,1,1,1,2,0,0,2,0,2,2,0,2,0,1,1,0,2,2,0,2,0,1,1,1,1,0,2,0,2,1,1
1,12200.0,8000.0,Age0_F1_m1f1_P1_Y37_UO180,R1_F1_m1f1_P1_Y33_UO12,R1_F1_m1f1_P1_Y35_UO282,MXY,0,31.0,0,0,0.0,0,0,0,0.0,0.4272499084472656,1,P2_CV0,1,1,1,0,2,1,1,1,1,0,2,1,1,0,2,1,1,0,2,2,0,1,1,1,1,1,1,1,1,0,2,0,2
1,12200.0,8000.0,Age0_F1_m1f1_P1_Y37_UO252,R1_F1_m1f1_P1_Y33_UO12,R1_F1_m1f1_P1_Y34_UO219,FXX,0,31.0,0,0,0.0,0,0,0,0.0,0.4294319152832031,1,P2_CV0,1,1,1,1,1,0,2,0,2,2,0,1,1,1,1,2,0,0,2,2,0,2,0,1,1,1,1,1,1,1,1,1,1
1,12200.0,8000.0,Age0_F1_m1f1_P1_Y37_UO253,R1_F1_m1f1_P1_Y33_UO12,R1_F1_m1f1_P1_Y34_UO219,FXX,0,31.0,0,0,0.0,0,0,0,0.0,0.4294319152832031,1,P2_CV0,1,2,0,0,2,0,2,0,2,2,0,1,1,0,2,2,0,0,2,2,0,2,0,1,1,1,1,0,2,1,1,1,1
1,12200.0,8000.0,Age0_F1_m1f1_P1_Y37_UO254,R1_F1_m1f1_P1_Y33_UO12,R1_F1_m1f1_P1_Y34_UO219,FXX,0,31.0,0,0,0.0,0,0,0,0.0,0.4294319152832031,1,P2_CV0,1,1,1,1,1,1,1,1,1,1,1,0,2,0,2,2,0,0,2,2,0,2,0,1,1,0,2,0,2,2,0,1,1
1,12200.0,8000.0,Age0_F1_m1f1_P1_Y37_UO255,R1_F1_m1f1_P1_Y33_UO12,R1_F1_m1f1_P1_Y34_UO219,MXY,0,31.0,0,0,0.0,0,0,0,0.0,0.4294319152832031,1,P2_CV0,1,2,0,1,1,2,0,1,1,0,2,1,1,1,1,2,0,0,2,2,0,2,0,1,1,1,1,1,1,0,2,1,1
1,12200.0,8000.0,Age0_F1_m1f1_P1_Y37_UO256,R1_F1_m1f1_P1_Y33_UO12,R1_F1_m1f1_P1_Y34_UO219,FXX,0,31.0,0,0,0.0,0,0,0,0.0,0.4294319152832031,1,P2_CV0,1,1,1,0,2,0,2,1,1,2,0,1,1,0,2,2,0,0,2,2,0,1,1,1,1,1,1,2,0,1,1,0,2
1,12200.0,8000.0,Age0_F1_m1f1_P1_Y37_UO257,R1_F1_m1f1_P1_Y33_UO12,R1_F1_m1f1_P1_Y34_UO219,MXY,0,31.0,0,0,0.0,0,0,0,0.0,0.4294319152832031,1,P2_CV0,1,2,0,1,1,2,0,0,2,2,0,0,2,1,1,2,0,0,2,2,0,1,1,1,1,1,1,1,1,1,1,0,2
1,12200.0,8000.0,Age0_F1_m1f1_P1_Y37_UO258,R1_F1_m1f1_P1_Y33_UO12,R1_F1_m1f1_P1_Y34_UO219,FXX,0,31.0,0,0,0.0,0,0,0,0.0,0.4294319152832031,1,P2_CV0,1,1,1,1,1,1,1,0,2,2,0,0,2,0,2,2,0,0,2,2,0,2,0,1,1,0,2,0,2,0,2,0,2
1,12200.0,8000.0,Age0_F1_m1f1_P1_Y37_UO259,R1_F1_m1f1_P1_Y33_UO12,R1_F1_m1f1_P1_Y34_UO219,MXY,0,31.0,0,0,0.0,0,0,0,0.0,0.4294319152832031,1,P2_CV0,1,0,2,1,1,0,2,0,2,0,2,1,1,0,2,2,0,0,2,2,0,2,0,1,1,1,1,1,1,1,1,1,1
1,12200.0,8000.0,Age0_F1_m1f1_P1_Y37_UO260,R1_F1_m1f1_P1_Y33_UO12,R1_F1_m1f1_P1_Y34_UO219,FXX,0,31.0,0,0,0.0,0,0,0,0.0,0.4294319152832031,1,P2_CV0,1,2,0,1,1,2,0,0,2,0,2,0,2,0,2,2,0,0,2,2,0,1,1,1,1,1,1,1,1,1,1,2,0
1,12200.0,8000.0,Age0_F1_m1f1_P1_Y37_UO261,R1_F1_m1f1_P1_Y33_UO12,R1_F1_m1f1_P1_Y34_UO219,MXY,0,31.0,0,0,0.0,0,0,0,0.0,0.4294319152832031,1,P2_CV0,1,1,1,0,2,0,2,1,1,1,1,1,1,0,2,2,0,0,2,2,0,2,0,1,1,0,2,0,2,0,2,1,1
1,12200.0,8000.0,Age0_F1_m1f1_P1_Y37_UO271,R1_F1_m1f1_P1_Y35_UO83,R1_F1_m1f1_P1_Y35_UO91,FXX,0,31.0,0,0,0.0,0,0,0,0.0,0.4126434326171875,1,P2_CV0,1,0,2,1,1,2,0,1,1,0,2,1,1,2,0,1,1,1,1,2,0,1,1,1,1,1,1,1,1,1,1,1,1
1,12200.0,8000.0,Age0_F1_m1f1_P1_Y37_UO272,R1_F1_m1f1_P1_Y35_UO83,R1_F1_m1f1_P1_Y35_UO91,FXX,0,31.0,0,0,0.0,0,0,0,0.0,0.4126434326171875,1,P2_CV0,1,1,1,0,2,1,1,0,2,0,2,1,1,0,2,0,2,1,1,1,1,2,0,2,0,0,2,1,1,0,2,1,1
1,12200.0,8000.0,Age0_F1_m1f1_P1_Y37_UO273,R1_F1_m1f1_P1_Y35_UO83,R1_F1_m1f1_P1_Y35_UO91,MXY,0,31.0,0,0,0.0,0,0,0,0.0,0.4126434326171875,1,P2_CV0,1,0,2,2,0,2,0,1,1,0,2,1,1,1,1,0,2,1,1,1,1,2,0,1,1,1,1,1,1,0,2,1,1
1,12200.0,8000.0,Age0_F1_m1f1_P1_Y37_UO274,R1_F1_m1f1_P1_Y35_UO83,R1_F1_m1f1_P1_Y35_UO91,MXY,0,31.0,0,0,0.0,0,0,0,0.0,0.4126434326171875,1,P2_CV0,1,0,2,1,1,2,0,1,1,0,2,0,2,1,1,0,2,0,2,2,0,2,0,1,1,1,1,1,1,2,0,1,1
1,12200.0,8000.0,Age0_F1_m1f1_P1_Y37_UO275,R1_F1_m1f1_P1_Y35_UO83,R1_F1_m1f1_P1_Y35_UO91,FXX,0,31.0,0,0,0.0,0,0,0,0.0,0.4126434326171875,1,P2_CV0,1,0,2,2,0,1,1,0,2,0,2,0,2,1,1,1,1,0,2,1,1,1,1,1,1,0,2,1,1,1,1,1,1
1,12200.0,8000.0,Age0_F1_m1f1_P1_Y37_UO295,R1_F1_m1f1_P1_Y33_UO255,R1_F1_m1f1_P1_Y34_UO128,MXY,0,31.0,0,0,0.0,0,0,0,0.0,0.4237174987792969,1,P2_CV0,1,2,0,1,1,2,0,1,1,0,2,1,1,1,1,1,1,1,1,2,0,1,1,2,0,0,2,0,2,1,1,0,2
1,12200.0,8000.0,Age0_F1_m1f1_P1_Y37_UO296,R1_F1_m1f1_P1_Y33_UO255,R1_F1_m1f1_P1_Y34_UO128,MXY,0,31.0,0,0,0.0,0,0,0,0.0,0.4237174987792969,1,P2_CV0,1,2,0,1,1,1,1,1,1,0,2,1,1,2,0,2,0,1,1,2,0,2,0,1,1,1,1,0,2,1,1,1,1
1,12200.0,8000.0,Age0_F1_m1f1_P1_Y37_UO297,R1_F1_m1f1_P1_Y33_UO255,R1_F1_m1f1_P1_Y34_UO128,MXY,0,31.0,0,0,0.0,0,0,0,0.0,0.4237174987792969,1,P2_CV0,1,2,0,2,0,2,0,0,2,1,1,0,2,1,1,2,0,1,1,2,0,2,0,1,1,0,2,0,2,0,2,0,2
1,12200.0,8000.0,Age0_F1_m1f1_P1_Y37_UO298,R1_F1_m1f1_P1_Y33_UO255,R1_F1_m1f1_P1_Y34_UO128,FXX,0,31.0,0,0,0.0,0,0,0,0.0,0.4237174987792969,1,P2_CV0,1,2,0,1,1,1,1,0,2,0,2,0,2,1,1,1,1,0,2,2,0,2,0,2,0,0,2,0,2,0,2,0,2
1,12200.0,8000.0,Age0_F1_m1f1_P1_Y37_UO299,R1_F1_m1f1_P1_Y33_UO255,R1_F1_m1f1_P1_Y34_UO128,FXX,0,31.0,0,0,0.0,0,0,0,0.0,0.4237174987792969,1,P2_CV0,1,1,1,2,0,1,1,0,2,0,2,0,2,1,1,2,0,1,1,2,0,1,1,0,2,0,2,0,2,0,2,1,1
1,12200.0,8000.0,Age0_F1_m1f1_P1_Y37_UO300,R1_F1_m1f1_P1_Y33_UO255,R1_F1_m1f1_P1_Y34_UO128,FXX,0,31.0,0,0,0.0,0,0,0,0.0,0.4237174987792969,1,P2_CV0,1,2,0,1,1,0,2,1,1,0,2,0,2,1,1,1,1,1,1,2,0,2,0,2,0,0,2,0,2,0,2,0,2
1,12200.0,8000.0,Age0_F1_m1f1_P1_Y37_UO301,R1_F1_m1f1_P1_Y33_UO255,R1_F1_m1f1_P1_Y34_UO128,MXY,0,31.0,0,0,0.0,0,0,0,0.0,0.4237174987792969,1,P2_CV0,1,1,1,2,0,2,0,1,1,1,1,0,2,2,0,2,0,0,2,2,0,1,1,1,1,0,2,0,2,1,1,0,2
1,12200.0,8000.0,Age0_F1_m1f1_P1_Y37_UO302,R1_F1_m1f1_P1_Y33_UO255,R1_F1_m1f1_P1_Y34_UO128,FXX,0,31.0,0,0,0.0,0,0,0,0.0,0.4237174987792969,1,P2_CV0,1,1,1,1,1,1,1,0,2,1,1,0,2,1,1,1,1,0,2,2,0,1,1,1,1,0,2,0,2,1,1,1,1
1,12200.0,8000.0,Age0_F1_m1f1_P1_Y37_UO303,R1_F1_m1f1_P1_Y33_UO255,R1_F1_m1f1_P1_Y34_UO128,MXY,0,31.0,0,0,0.0,0,0,0,0.0,0.4237174987792969,1,P2_CV0,1,2,0,1,1,2,0,0,2,1,1,1,1,1,1,1,1,1,1,2,0,1,1,2,0,1,1,0,2,0,2,0,2
1,12200.0,8000.0,Age0_F1_m1f1_P1_Y37_UO304,R1_F1_m1f1_P1_Y33_UO255,R1_F1_m1f1_P1_Y34_UO128,MXY,0,31.0,0,0,0.0,0,0,0,0.0,0.4237174987792969,1,P2_CV0,1,1,1,1,1,2,0,1,1,0,2,1,1,1,1,2,0,0,2,2,0,2,0,1,1,1,1,0,2,1,1,0,2
1,12200.0,8000.0,Age0_F1_m1f1_P1_Y37_UO305,R1_F1_m1f1_P1_Y33_UO255,R1_F1_m1f1_P1_Y34_UO128,FXX,0,31.0,0,0,0.0,0,0,0,0.0,0.4237174987792969,1,P2_CV0,1,1,1,0,2,0,2,1,1,1,1,1,1,2,0,2,0,1,1,2,0,2,0,2,0,0,2,0,2,0,2,0,2
1,12200.0,8000.0,Age0_F1_m1f1_P1_Y37_UO306,R1_F1_m1f1_P1_Y33_UO255,R1_F1_m1f1_P1_Y34_UO128,FXX,0,31.0,0,0,0.0,0,0,0,0.0,0.4237174987792969,1,P2_CV0,1,2,0,2,0,1,1,1,1,0,2,0,2,1,1,2,0,0,2,2,0,1,1,1,1,0,2,0,2,0,2,1,1
1,12200.0,8000.0,Age0_F1_m1f1_P1_Y37_UO307,R1_F1_m1f1_P1_Y33_UO255,R1_F1_m1f1_P1_Y34_UO128,MXY,0,31.0,0,0,0.0,0,0,0,0.0,0.4237174987792969,1,P2_CV0,1,1,1,1,1,1,1,0,2,1,1,1,1,2,0,1,1,1,1,2,0,1,1,0,2,0,2,0,2,1,1,1,1
1,12200.0,8000.0,Age0_F1_m1f1_P1_Y37_UO308,R1_F1_m1f1_P1_Y33_UO255,R1_F1_m1f1_P1_Y34_UO128,FXX,0,31.0,0,0,0.0,0,0,0,0.0,0.4237174987792969,1,P2_CV0,1,1,1,0,2,1,1,1,1,1,1,1,1,1,1,1,1,1,1,2,0,1,1,0,2,0,2,0,2,1,1,1,1
1,12200.0,8000.0,Age0_F1_m1f1_P1_Y37_UO311,R1_F1_m1f1_P1_Y35_UO83,R1_F1_m1f1_P1_Y34_UO37,FXX,0,31.0,0,0,0.0,0,0,0,0.0,0.4126472473144531,1,P2_CV0,1,0,2,0,2,1,1,1,1,0,2,2,0,2,0,1,1,1,1,1,1,0,2,0,2,0,2,0,2,1,1,1,1
1,12200.0,8000.0,Age0_F1_m1f1_P1_Y37_UO312,R1_F1_m1f1_P1_Y35_UO83,R1_F1_m1f1_P1_Y34_UO37,MXY,0,31.0,0,0,0.0,0,0,0,0.0,0.4126472473144531,1,P2_CV0,1,1,1,2,0,2,0,1,1,0,2,2,0,2,0,1,1,0,2,2,0,0,2,2,0,1,1,0,2,0,2,0,2
1,12200.0,8000.0,Age0_F1_m1f1_P1_Y37_UO313,R1_F1_m1f1_P1_Y35_UO83,R1_F1_m1f1_P1_Y34_UO37,MXY,0,31.0,0,0,0.0,0,0,0,0.0,0.4126472473144531,1,P2_CV0,1,1,1,1,1,1,1,0,2,0,2,2,0,1,1,1,1,1,1,1,1,2,0,1,1,1,1,0,2,1,1,1,1
1,12200.0,8000.0,Age0_F1_m1f1_P1_Y37_UO314,R1_F1_m1f1_P1_Y35_UO83,R1_F1_m1f1_P1_Y34_UO37,FXX,0,31.0,0,0,0.0,0,0,0,0.0,0.4126472473144531,1,P2_CV0,1,0,2,2,0,2,0,1,1,0,2,1,1,1,1,1,1,0,2,2,0,0,2,1,1,0,2,1,1,1,1,0,2
1,12200.0,8000.0,Age0_F1_m1f1_P1_Y37_UO315,R1_F1_m1f1_P1_Y35_UO83,R1_F1_m1f1_P1_Y34_UO37,FXX,0,31.0,0,0,0.0,0,0,0,0.0,0.4126472473144531,1,P2_CV0,1,1,1,1,1,2,0,0,2,0,2,2,0,2,0,1,1,0,2,2,0,0,2,1,1,1,1,0,2,0,2,1,1
1,12200.0,8000.0,R1_F1_m1f1_P1_Y36_UO24,R1_F1_m1f1_P1_Y33_UO96,R1_F1_m1f1_P1_Y33_UO265,FXX,1,31.0,1,1,0.0,0,0,0,-9999.0,0.40209197998046875,1,P2_CV0,1,1,1,1,1,1,1,0,2,0,2,1,1,2,0,1,1,0,2,2,0,0,2,1,1,1,1,1,1,1,1,2,0
1,12200.0,8000.0,R1_F1_m1f1_P1_Y36_UO76,R1_F1_m1f1_P1_Y33_UO97,R1_F1_m1f1_P1_Y33_UO102,FXX,1,31.0,1,1,0.0,0,0,0,-9999.0,0.398681640625,1,P2_CV0,1,0,2,0,2,2,0,0,2,0,2,1,1,1,1,2,0,0,2,2,0,2,0,1,1,1,1,2,0,0,2,2,0
1,12200.0,8000.0,R1_F1_m1f1_P1_Y36_UO90,R1_F1_m1f1_P1_Y34_UO225,R1_F1_m1f1_P1_Y34_UO36,MXY,1,31.0,1,1,0.0,0,0,0,-9999.0,0.4163703918457031,1,P2_CV0,1,1,1,1,1,2,0,1,1,0,2,1,1,1,1,0,2,0,2,2,0,2,0,1,1,0,2,1,1,1,1,0,2
1,12200.0,8000.0,R1_F1_m1f1_P1_Y36_UO2,R1_F1_m1f1_P1_Y31_UO72,R1_F1_m1f1_P1_Y34_UO37,MXY,1,31.0,1,1,0.0,0,0,0,-9999.0,0.422882080078125,1,P2_CV0,1,1,1,1,1,2,0,0,2,0,2,1,1,1,1,1,1,0,2,2,0,2,0,1,1,1,1,0,2,0,2,1,1
1,12200.0,8000.0,R1_F1_m1f1_P1_Y36_UO132,R1_F1_m1f1_P1_Y33_UO300,R1_F1_m1f1_P1_Y32_UO3,MXY,1,31.0,1,1,0.0,0,0,0,-9999.0,0.4145355224609375,1,P2_CV0,1,1,1,1,1,2,0,0,2,0,2,1,1,1,1,1,1,0,2,2,0,1,1,2,0,1,1,1,1,0,2,2,0
1,12200.0,8000.0,R1_F1_m1f1_P1_Y36_UO78,R1_F1_m1f1_P1_Y33_UO12,R1_F1_m1f1_P1_Y33_UO265,MXY,1,31.0,1,1,0.0,0,0,0,-9999.0,0.417388916015625,1,P2_CV0,1,1,1,1,1,1,1,1,1,1,1,2,0,1,1,2,0,0,2,2,0,1,1,1,1,0,2,1,1,1,1,1,1
1,12200.0,8000.0,R1_F1_m1f1_P1_Y36_UO176,R1_F1_m1f1_P1_Y33_UO279,R1_F1_m1f1_P1_Y32_UO3,FXX,1,31.0,1,1,1.158,0,0,0,-9999.0,0.4214363098144531,1,P2_CV0,1,1,1,1,1,2,0,2,0,0,2,0,2,1,1,1,1,1,1,1,1,1,1,1,1,1,1,1,1,0,2,2,0
1,12200.0,8000.0,R1_F1_m1f1_P1_Y36_UO224,R1_F1_m1f1_P1_Y34_UO225,R1_F1_m1f1_P1_Y34_UO36,FXX,1,31.0,1,1,3.461,0,0,0,-9999.0,0.4163703918457031,1,P2_CV0,1,0,2,0,2,2,0,1,1,0,2,1,1,1,1,0,2,0,2,2,0,2,0,2,0,1,1,1,1,1,1,0,2
1,12200.0,8000.0,R1_F1_m1f1_P1_Y36_UO4,R1_F1_m1f1_P1_Y31_UO72,R1_F1_m1f1_P1_Y34_UO37,FXX,1,31.0,1,1,1.644,0,0,0,-9999.0,0.422882080078125,1,P2_CV0,1,2,0,1,1,2,0,1,1,0,2,1,1,1,1,1,1,0,2,2,0,1,1,1,1,1,1,1,1,0,2,1,1
1,12200.0,8000.0,R1_F1_m1f1_P1_Y36_UO130,R1_F1_m1f1_P1_Y33_UO255,R1_F1_m1f1_P1_Y34_UO128,MXY,1,31.0,1,1,0.0,0,0,0,-9999.0,0.4237174987792969,1,P2_CV0,1,2,0,1,1,1,1,0,2,0,2,0,2,2,0,1,1,1,1,2,0,2,0,2,0,1,1,0,2,1,1,0,2
1,12200.0,8000.0,R1_F1_m1f1_P1_Y36_UO142,R1_F1_m1f1_P1_Y34_UO267,R1_F1_m1f1_P1_Y33_UO267,MXY,1,31.0,1,1,0.0,0,0,0,-9999.0,0.4139442443847656,1,P2_CV0,1,1,1,1,1,2,0,0,2,0,2,1,1,2,0,0,2,0,2,1,1,1,1,2,0,0,2,2,0,1,1,1,1
1,12200.0,8000.0,R1_F1_m1f1_P1_Y36_UO131,R1_F1_m1f1_P1_Y33_UO300,R1_F1_m1f1_P1_Y32_UO3,MXY,1,31.0,1,1,0.0,0,0,0,-9999.0,0.4145355224609375,1,P2_CV0,1,2,0,0,2,2,0,1,1,0,2,1,1,0,2,1,1,1,1,2,0,2,0,1,1,1,1,1,1,0,2,2,0
1,12200.0,8000.0,R1_F1_m1f1_P1_Y36_UO122,R1_F1_m1f1_P1_Y33_UO232,R1_F1_m1f1_P1_Y34_UO51,MXY,1,31.0,1,1,0.0,0,0,0,-9999.0,0.4330024719238281,1,P2_CV0,1,2,0,0,2,1,1,2,0,1,1,1,1,0,2,2,0,0,2,2,0,2,0,1,1,2,0,0,2,0,2,2,0
1,12200.0,8000.0,R1_F1_m1f1_P1_Y35_UO228,R1_F1_m1f1_P1_Y31_UO72,R1_F1_m1f1_P1_Y32_UO173,MXY,2,31.0,1,0,0.0,0,0,0,-9999.0,0.42238616943359375,1,P2_CV0,1,1,1,0,2,2,0,1,1,0,2,0,2,1,1,1,1,0,2,1,1,2,0,2,0,1,1,1,1,1,1,1,1
1,12200.0,8000.0,R1_F1_m1f1_P1_Y35_UO26,R1_F1_m1f1_P1_Y32_UO204,R1_F1_m1f1_P1_Y33_UO102,FXX,2,31.0,1,0,1.0,0,0,0,-9999.0,0.3997344970703125,1,P2_CV0,1,1,1,0,2,1,1,1,1,0,2,1,1,2,0,1,1,0,2,2,0,2,0,2,0,0,2,1,1,0,2,2,0
1,12200.0,8000.0,R1_F1_m1f1_P1_Y35_UO86,R1_F1_m1f1_P1_Y33_UO255,R1_F1_m1f1_P1_Y33_UO265,FXX,2,31.0,1,0,1.0,0,0,0,-9999.0,0.42214202880859375,1,P2_CV0,1,0,2,1,1,1,1,0,2,1,1,1,1,2,0,2,0,0,2,2,0,1,1,2,0,0,2,0,2,0,2,1,1
1,12200.0,8000.0,R1_F1_m1f1_P1_Y35_UO279,R1_F1_m1f1_P1_Y32_UO204,R1_F1_m1f1_P1_Y33_UO102,MXY,2,31.0,1,0,0.0,0,0,0,-9999.0,0.3997344970703125,1,P2_CV0,1,0,2,0,2,2,0,1,1,0,2,2,0,2,0,1,1,0,2,2,0,2,0,1,1,2,0,2,0,0,2,2,0
1,12200.0,8000.0,R1_F1_m1f1_P1_Y35_UO229,R1_F1_m1f1_P1_Y31_UO72,R1_F1_m1f1_P1_Y32_UO173,FXX,2,31.0,1,0,3.13,0,0,0,-9999.0,0.42238616943359375,1,P2_CV0,1,1,1,0,2,2,0,1,1,0,2,1,1,0,2,0,2,0,2,2,0,2,0,2,0,1,1,1,1,0,2,1,1
1,12200.0,8000.0,R1_F1_m1f1_P1_Y35_UO230,R1_F1_m1f1_P1_Y31_UO72,R1_F1_m1f1_P1_Y32_UO173,FXX,2,31.0,1,0,1.0,0,0,0,-9999.0,0.42238616943359375,1,P2_CV0,1,1,1,0,2,2,0,0,2,0,2,1,1,0,2,0,2,0,2,1,1,2,0,2,0,1,1,2,0,0,2,1,1
1,12200.0,8000.0,R1_F1_m1f1_P1_Y35_UO91,R1_F1_m1f1_P1_Y32_UO204,R1_F1_m1f1_P1_Y33_UO267,MXY,2,31.0,1,0,0.0,0,0,0,-9999.0,0.40314483642578125,1,P2_CV0,1,1,1,1,1,2,0,1,1,0,2,1,1,1,1,0,2,0,2,2,0,2,0,2,0,0,2,2,0,1,1,2,0
1,12200.0,8000.0,R1_F1_m1f1_P1_Y35_UO278,R1_F1_m1f1_P1_Y32_UO204,R1_F1_m1f1_P1_Y33_UO102,MXY,2,31.0,1,0,0.0,0,0,0,-9999.0,0.3997344970703125,1,P2_CV0,1,0,2,1,1,1,1,1,1,0,2,0,2,1,1,0,2,0,2,2,0,2,0,1,1,1,1,1,1,0,2,2,0
1,12200.0,8000.0,R1_F1_m1f1_P1_Y35_UO233,R1_F1_m1f1_P1_Y31_UO72,R1_F1_m1f1_P1_Y32_UO173,FXX,2,31.0,1,0,1.237,0,0,0,-9999.0,0.42238616943359375,1,P2_CV0,1,1,1,0,2,1,1,0,2,0,2,1,1,1,1,1,1,0,2,2,0,2,0,2,0,1,1,2,0,0,2,1,1
1,12200.0,8000.0,R1_F1_m1f1_P1_Y35_UO83,R1_F1_m1f1_P1_Y33_UO255,R1_F1_m1f1_P1_Y33_UO265,FXX,2,31.0,1,0,1.0,0,0,0,-9999.0,0.42214202880859375,1,P2_CV0,1,0,2,1,1,1,1,0,2,0,2,1,1,1,1,1,1,1,1,1,1,1,1,1,1,1,1,0,2,1,1,0,2
1,12200.0,8000.0,R1_F1_m1f1_P1_Y34_UO219,R1_F1_m1f1_P1_Y31_UO72,R1_F1_m1f1_P1_Y30_UO216,MXY,3,31.0,1,0,0.0,0,0,0,-9999.0,0.42958831787109375,1,P2_CV0,1,1,1,0,2,1,1,0,2,1,1,0,2,0,2,2,0,0,2,2,0,2,0,2,0,1,1,1,1,1,1,1,1
1,12200.0,8000.0,R1_F1_m1f1_P1_Y34_UO225,R1_F1_m1f1_P1_Y31_UO72,R1_F1_m1f1_P1_Y30_UO216,FXX,3,31.0,1,0,1.006,0,0,0,-9999.0,0.42958831787109375,1,P2_CV0,1,1,1,0,2,2,0,0,2,0,2,0,2,1,1,0,2,0,2,2,0,2,0,1,1,1,1,1,1,1,1,0,2
1,12200.0,8000.0,R1_F1_m1f1_P1_Y33_UO255,R1_F1_m1f1_P1_Y28_UO43,R1_F1_m1f1_P1_Y31_UO102,FXX,4,31.0,1,0,1.745,0,0,0,-9999.0,0.43878173828125,1,P2_CV0,1,1,1,1,1,1,1,0,2,0,2,0,2,2,0,2,0,1,1,2,0,2,0,1,1,1,1,0,2,1,1,0,2
1,12200.0,8000.0,R1_F1_m1f1_P1_Y33_UO12,R1_F1_m2f2_P2_Y31_UO29,R1_F1_m1f1_P1_Y29_UO217,FXX,4,31.0,1,0,1.0,0,0,0,-9999.0,0.4292755126953125,1,P2_CV0,1,1,1,1,1,1,1,1,1,1,1,1,1,1,1,2,0,0,2,2,0,1,1,0,2,0,2,1,1,1,1,1,1
1,12200.0,8000.0,R1_F1_m1f1_P1_Y32_UO3,R1_F1_m1f1_P1_Y30_UO34,R1_F1_m1f1_P1_Y29_UO100,MXY,5,31.0,1,0,0.0,0,0,0,-9999.0,0.410614013671875,1,P2_CV0,1,2,0,0,2,1,1,1,1,0,2,1,1,0,2,1,1,1,1,2,0,2,0,2,0,2,0,1,1,0,2,2,0
1,12200.0,8000.0,Age0_F1_m1f1_P1_Y37_UO181,R1_F1_m1f1_P1_Y33_UO12,R1_F1_m1f1_P1_Y35_UO282,MXY,0,31.0,0,0,0.0,0,0,0,0.0,0.4272499084472656,1,P3_CV0,1,1,1,0,2,1,1,0,2,0,2,2,0,0,2,2,0,0,2,2,0,2,0,1,1,1,1,1,1,1,1,2,0
1,12200.0,8000.0,Age0_F1_m1f1_P1_Y37_UO182,R1_F1_m1f1_P1_Y33_UO12,R1_F1_m1f1_P1_Y35_UO282,MXY,0,31.0,0,0,0.0,0,0,0,0.0,0.4272499084472656,1,P3_CV0,1,1,1,1,1,1,1,0,2,1,1,2,0,1,1,1,1,0,2,2,0,1,1,1,1,1,1,0,2,0,2,1,1
1,12200.0,8000.0,Age0_F1_m1f1_P1_Y37_UO183,R1_F1_m1f1_P1_Y33_UO12,R1_F1_m1f1_P1_Y35_UO282,MXY,0,31.0,0,0,0.0,0,0,0,0.0,0.4272499084472656,1,P3_CV0,1,2,0,1,1,2,0,1,1,1,1,2,0,2,0,1,1,0,2,2,0,2,0,0,2,1,1,1,1,0,2,1,1
1,12200.0,8000.0,Age0_F1_m1f1_P1_Y37_UO184,R1_F1_m1f1_P1_Y33_UO12,R1_F1_m1f1_P1_Y35_UO282,FXX,0,31.0,0,0,0.0,0,0,0,0.0,0.4272499084472656,1,P3_CV0,1,1,1,1,1,2,0,1,1,1,1,2,0,2,0,1,1,0,2,2,0,2,0,1,1,0,2,1,1,1,1,0,2
1,12200.0,8000.0,Age0_F1_m1f1_P1_Y37_UO185,R1_F1_m1f1_P1_Y33_UO12,R1_F1_m1f1_P1_Y35_UO282,FXX,0,31.0,0,0,0.0,0,0,0,0.0,0.4272499084472656,1,P3_CV0,1,1,1,0,2,2,0,0,2,0,2,2,0,2,0,1,1,0,2,2,0,1,1,1,1,1,1,1,1,0,2,2,0
1,12200.0,8000.0,R1_F1_m1f1_P1_Y35_UO282,R1_F1_m1f1_P1_Y33_UO232,R1_F1_m1f1_P1_Y31_UO171,MXY,2,31.0,1,0,0.0,0,0,0,-9999.0,0.42522430419921875,1,P3_CV0,1,2,0,0,2,2,0,1,1,0,2,2,0,1,1,1,1,0,2,2,0,2,0,1,1,1,1,0,2,0,2,1,1
1,12200.0,8000.0,R1_F1_m6f6_P6_Y35_UO66,R6_F6_m6f6_P6_Y33_UO10,R6_F6_m6f6_P6_Y32_UO92,MXY,2,31.0,1,0,0.0,0,0,0,-9999.0,0.48441314697265625,1,P5_CV0,1,1,1,0,2,0,2,1,1,1,1,1,1,1,1,1,1,0,2,1,1,1,1,1,1,1,1,1,1,2,0,2,0
1,12200.0,8000.0,R1_F1_m1f1_P1_Y33_UO227,R1_F1_m1f1_P1_Y29_UO262,R1_F1_m1f1_P1_Y31_UO100,MXY,4,31.0,1,0,0.0,0,0,0,-9999.0,0.43027496337890625,1,P5_CV0,1,1,1,1,1,0,2,0,2,0,2,2,0,0,2,1,1,0,2,1,1,0,2,1,1,1,1,2,0,1,1,1,1
2,12100.0,8100.0,Age0_F2_m2f2_P2_Y37_UO162,RD2_F1_m1f1_P1_Y34_UO267,R2_F2_m2f2_P2_Y33_UO281,FXX,0,31.0,0,0,0.0,0,0,0,0.0,0.43314552307128906,1,P0_CV0,1,0,2,0,2,2,0,0,2,1,1,0,2,1,1,1,1,1,1,1,1,2,0,1,1,1,1,2,0,0,2,2,0
2,12100.0,8100.0,Age0_F2_m2f2_P2_Y37_UO163,RD2_F1_m1f1_P1_Y34_UO267,R2_F2_m2f2_P2_Y33_UO281,MXY,0,31.0,0,0,0.0,0,0,0,0.0,0.43314552307128906,1,P0_CV0,1,1,1,1,1,2,0,0,2,0,2,1,1,1,1,1,1,0,2,1,1,2,0,2,0,0,2,2,0,0,2,0,2
2,12100.0,8100.0,Age0_F2_m2f2_P2_Y37_UO228,R2_F2_m2f2_P2_Y35_UO92,R2_F2_m2f2_P2_Y35_UO77,MXY,0,31.0,0,0,0.0,0,0,0,0.0,0.46643924713134766,1,P0_CV0,1,2,0,1,1,2,0,1,1,1,1,1,1,1,1,1,1,1,1,2,0,1,1,1,1,1,1,2,0,0,2,0,2
2,12100.0,8100.0,R2_F2_m2f2_P2_Y35_UO92,RD2_F5_m5f5_P5_Y32_UO44,R2_F2_m2f2_P2_Y33_UO198,FXX,2,31.0,1,0,3.27,0,0,0,-9999.0,0.45258522033691406,1,P0_CV0,1,1,1,0,2,1,1,1,1,0,2,1,1,1,1,2,0,0,2,2,0,2,0,2,0,1,1,1,1,0,2,0,2
2,12100.0,8100.0,R2_F2_m1f1_P1_Y34_UO248,R1_F1_m1f1_P1_Y32_UO231,R1_F1_m1f1_P1_Y32_UO178,MXY,3,31.0,1,0,0.0,0,0,0,-9999.0,0.3959503173828125,1,P0_CV0,1,0,2,0,2,2,0,0,2,0,2,0,2,0,2,1,1,0,2,1,1,1,1,1,1,1,1,2,0,1,1,1,1
2,12100.0,8100.0,Age0_F2_m2f2_P2_Y37_UO67,R2_F2_m2f2_P2_Y34_UO182,R2_F2_m2f2_P2_Y34_UO107,MXY,0,31.0,0,0,0.0,0,0,0,0.0,0.4777565002441406,1,P1_CV0,1,0,2,0,2,0,2,2,0,2,0,0,2,0,2,1,1,1,1,1,1,1,1,1,1,2,0,1,1,2,0,0,2
2,12100.0,8100.0,Age0_F2_m2f2_P2_Y37_UO45,R2_F2_m2f2_P2_Y35_UO79,R2_F2_m2f2_P2_Y35_UO55,FXX,0,31.0,0,0,0.0,0,0,0,0.0,0.4778480529785156,1,P2_CV0,1,2,0,2,0,2,0,0,2,1,1,0,2,1,1,2,0,1,1,1,1,0,2,1,1,2,0,1,1,1,1,0,2
2,12100.0,8100.0,Age0_F2_m2f2_P2_Y37_UO46,R2_F2_m2f2_P2_Y35_UO79,R2_F2_m2f2_P2_Y35_UO55,FXX,0,31.0,0,0,0.0,0,0,0,0.0,0.4778480529785156,1,P2_CV0,1,2,0,1,1,2,0,0,2,1,1,1,1,1,1,1,1,1,1,1,1,0,2,2,0,2,0,1,1,2,0,0,2
2,12100.0,8100.0,Age0_F2_m2f2_P2_Y37_UO47,R2_F2_m2f2_P2_Y35_UO79,R2_F2_m2f2_P2_Y35_UO55,FXX,0,31.0,0,0,0.0,0,0,0,0.0,0.4778480529785156,1,P2_CV0,1,1,1,2,0,2,0,0,2,1,1,0,2,1,1,1,1,2,0,0,2,0,2,0,2,1,1,2,0,2,0,0,2
2,12100.0,8100.0,Age0_F2_m2f2_P2_Y37_UO48,R2_F2_m2f2_P2_Y35_UO79,R2_F2_m2f2_P2_Y35_UO55,FXX,0,31.0,0,0,0.0,0,0,0,0.0,0.4778480529785156,1,P2_CV0,1,2,0,1,1,2,0,0,2,1,1,1,1,1,1,1,1,2,0,1,1,0,2,2,0,1,1,2,0,1,1,0,2
2,12100.0,8100.0,Age0_F2_m2f2_P2_Y37_UO49,R2_F2_m2f2_P2_Y35_UO79,R2_F2_m2f2_P2_Y35_UO55,FXX,0,31.0,0,0,0.0,0,0,0,0.0,0.4778480529785156,1,P2_CV0,1,2,0,2,0,2,0,0,2,1,1,0,2,0,2,1,1,2,0,0,2,0,2,2,0,2,0,1,1,1,1,0,2
2,12100.0,8100.0,Age0_F2_m2f2_P2_Y37_UO50,R2_F2_m2f2_P2_Y35_UO79,R2_F2_m2f2_P2_Y35_UO55,FXX,0,31.0,0,0,0.0,0,0,0,0.0,0.4778480529785156,1,P2_CV0,1,1,1,1,1,2,0,0,2,1,1,1,1,1,1,1,1,2,0,2,0,1,1,0,2,1,1,1,1,0,2,0,2
2,12100.0,8100.0,Age0_F2_m2f2_P2_Y37_UO57,R2_F2_m2f2_P2_Y34_UO183,R2_F2_m2f2_P2_Y35_UO195,MXY,0,31.0,0,0,0.0,0,0,0,0.0,0.4757223129272461,1,P2_CV0,1,1,1,1,1,1,1,1,1,1,1,1,1,1,1,2,0,1,1,1,1,1,1,1,1,0,2,1,1,0,2,1,1
2,12100.0,8100.0,Age0_F2_m2f2_P2_Y37_UO59,R2_F2_m2f2_P2_Y34_UO183,R2_F2_m2f2_P2_Y35_UO195,MXY,0,31.0,0,0,0.0,0,0,0,0.0,0.4757223129272461,1,P2_CV0,1,1,1,0,2,0,2,0,2,1,1,1,1,1,1,2,0,1,1,0,2,1,1,1,1,1,1,1,1,2,0,1,1
2,12100.0,8100.0,Age0_F2_m2f2_P2_Y37_UO60,R2_F2_m2f2_P2_Y34_UO183,R2_F2_m2f2_P2_Y35_UO195,FXX,0,31.0,0,0,0.0,0,0,0,0.0,0.4757223129272461,1,P2_CV0,1,1,1,1,1,1,1,0,2,2,0,1,1,2,0,2,0,1,1,0,2,1,1,1,1,1,1,1,1,2,0,2,0
2,12100.0,8100.0,Age0_F2_m2f2_P2_Y37_UO68,R2_F2_m2f2_P2_Y34_UO182,R2_F2_m2f2_P2_Y34_UO107,MXY,0,31.0,0,0,0.0,0,0,0,0.0,0.4777565002441406,1,P2_CV0,1,0,2,0,2,1,1,2,0,2,0,0,2,1,1,2,0,1,1,1,1,1,1,1,1,1,1,2,0,1,1,0,2
2,12100.0,8100.0,Age0_F2_m2f2_P2_Y37_UO87,R2_F2_m2f2_P2_Y34_UO186,R2_F2_m2f2_P2_Y35_UO77,MXY,0,31.0,0,0,0.0,0,0,0,0.0,0.48296451568603516,1,P2_CV0,1,2,0,1,1,1,1,1,1,1,1,0,2,1,1,1,1,1,1,1,1,0,2,0,2,2,0,2,0,2,0,1,1
2,12100.0,8100.0,Age0_F2_m2f2_P2_Y37_UO88,R2_F2_m2f2_P2_Y34_UO186,R2_F2_m2f2_P2_Y35_UO77,MXY,0,31.0,0,0,0.0,0,0,0,0.0,0.48296451568603516,1,P2_CV0,1,1,1,2,0,1,1,1,1,0,2,0,2,1,1,1,1,1,1,2,0,1,1,1,1,1,1,1,1,0,2,1,1
2,12100.0,8100.0,Age0_F2_m2f2_P2_Y37_UO89,R2_F2_m2f2_P2_Y34_UO186,R2_F2_m2f2_P2_Y35_UO77,MXY,0,31.0,0,0,0.0,0,0,0,0.0,0.48296451568603516,1,P2_CV0,1,1,1,2,0,1,1,1,1,1,1,0,2,1,1,1,1,2,0,1,1,0,2,1,1,2,0,1,1,0,2,1,1
2,12100.0,8100.0,Age0_F2_m2f2_P2_Y37_UO119,R2_F2_m2f2_P2_Y34_UO183,RD2_F1_m1f1_P1_Y35_UO145,MXY,0,31.0,0,0,0.0,0,0,0,0.0,0.4512348175048828,1,P2_CV0,1,0,2,1,1,1,1,0,2,2,0,0,2,2,0,2,0,2,0,1,1,1,1,1,1,0,2,0,2,1,1,2,0
2,12100.0,8100.0,Age0_F2_m2f2_P2_Y37_UO120,R2_F2_m2f2_P2_Y34_UO183,RD2_F1_m1f1_P1_Y35_UO145,FXX,0,31.0,0,0,0.0,0,0,0,0.0,0.4512348175048828,1,P2_CV0,1,0,2,1,1,1,1,1,1,2,0,0,2,1,1,2,0,2,0,2,0,1,1,1,1,1,1,0,2,2,0,0,2
2,12100.0,8100.0,Age0_F2_m2f2_P2_Y37_UO121,R2_F2_m2f2_P2_Y34_UO183,RD2_F1_m1f1_P1_Y35_UO145,FXX,0,31.0,0,0,0.0,0,0,0,0.0,0.4512348175048828,1,P2_CV0,1,0,2,1,1,1,1,1,1,1,1,0,2,1,1,2,0,1,1,2,0,1,1,0,2,1,1,0,2,2,0,1,1
2,12100.0,8100.0,Age0_F2_m2f2_P2_Y37_UO123,R2_F2_m2f2_P2_Y34_UO183,R2_F2_m2f2_P2_Y35_UO263,MXY,0,31.0,0,0,0.0,0,0,0,0.0,0.4758739471435547,1,P2_CV0,1,1,1,0,2,1,1,2,0,2,0,1,1,1,1,1,1,1,1,1,1,1,1,0,2,1,1,1,1,1,1,1,1
2,12100.0,8100.0,Age0_F2_m2f2_P2_Y37_UO124,R2_F2_m2f2_P2_Y34_UO183,R2_F2_m2f2_P2_Y35_UO263,FXX,0,31.0,0,0,0.0,0,0,0,0.0,0.4758739471435547,1,P2_CV0,1,1,1,0,2,1,1,1,1,2,0,1,1,1,1,2,0,1,1,2,0,1,1,0,2,1,1,1,1,1,1,1,1
2,12100.0,8100.0,Age0_F2_m2f2_P2_Y37_UO125,R2_F2_m2f2_P2_Y34_UO183,R2_F2_m2f2_P2_Y35_UO263,FXX,0,31.0,0,0,0.0,0,0,0,0.0,0.4758739471435547,1,P2_CV0,1,0,2,0,2,1,1,1,1,2,0,1,1,1,1,1,1,1,1,2,0,1,1,0,2,1,1,1,1,1,1,2,0
2,12100.0,8100.0,Age0_F2_m2f2_P2_Y37_UO126,R2_F2_m2f2_P2_Y34_UO183,R2_F2_m2f2_P2_Y35_UO263,MXY,0,31.0,0,0,0.0,0,0,0,0.0,0.4758739471435547,1,P2_CV0,1,1,1,1,1,0,2,1,1,2,0,1,1,2,0,1,1,1,1,2,0,1,1,0,2,1,1,1,1,0,2,2,0
2,12100.0,8100.0,Age0_F2_m2f2_P2_Y37_UO145,R2_F2_m2f2_P2_Y34_UO251,RD2_F1_m1f1_P1_Y35_UO145,FXX,0,31.0,0,0,0.0,0,0,0,0.0,0.45481204986572266,1,P2_CV0,1,0,2,1,1,2,0,0,2,1,1,0,2,2,0,2,0,0,2,1,1,2,0,2,0,1,1,1,1,2,0,1,1
2,12100.0,8100.0,Age0_F2_m2f2_P2_Y37_UO146,R2_F2_m2f2_P2_Y34_UO251,RD2_F1_m1f1_P1_Y35_UO145,MXY,0,31.0,0,0,0.0,0,0,0,0.0,0.45481204986572266,1,P2_CV0,1,0,2,1,1,2,0,0,2,1,1,0,2,2,0,1,1,0,2,2,0,2,0,0,2,0,2,1,1,2,0,1,1
2,12100.0,8100.0,Age0_F2_m2f2_P2_Y37_UO147,R2_F2_m2f2_P2_Y34_UO251,RD2_F1_m1f1_P1_Y35_UO145,MXY,0,31.0,0,0,0.0,0,0,0,0.0,0.45481204986572266,1,P2_CV0,1,0,2,1,1,1,1,1,1,1,1,1,1,2,0,1,1,1,1,2,0,2,0,1,1,1,1,1,1,2,0,0,2
2,12100.0,8100.0,Age0_F2_m2f2_P2_Y37_UO161,RD2_F1_m1f1_P1_Y34_UO267,R2_F2_m2f2_P2_Y33_UO281,FXX,0,31.0,0,0,0.0,0,0,0,0.0,0.43314552307128906,1,P2_CV0,1,1,1,1,1,2,0,0,2,1,1,1,1,1,1,1,1,1,1,2,0,2,0,1,1,1,1,2,0,0,2,2,0
2,12100.0,8100.0,Age0_F2_m2f2_P2_Y37_UO188,R2_F2_m2f2_P2_Y35_UO9,R2_F2_m2f2_P2_Y35_UO203,FXX,0,31.0,0,0,0.0,0,0,0,0.0,0.47900390625,1,P2_CV0,1,1,1,2,0,0,2,1,1,2,0,2,0,2,0,2,0,1,1,0,2,2,0,1,1,1,1,1,1,0,2,1,1
2,12100.0,8100.0,Age0_F2_m2f2_P2_Y37_UO200,RD2_F1_m1f1_P1_Y34_UO267,R2_F2_m2f2_P2_Y35_UO203,MXY,0,31.0,0,0,0.0,0,0,0,0.0,0.4506673812866211,1,P2_CV0,1,0,2,1,1,0,2,1,1,2,0,1,1,2,0,2,0,0,2,0,2,2,0,1,1,2,0,1,1,1,1,2,0
2,12100.0,8100.0,Age0_F2_m2f2_P2_Y37_UO201,RD2_F1_m1f1_P1_Y34_UO267,R2_F2_m2f2_P2_Y35_UO203,MXY,0,31.0,0,0,0.0,0,0,0,0.0,0.4506673812866211,1,P2_CV0,1,1,1,1,1,1,1,1,1,1,1,1,1,2,0,1,1,0,2,1,1,2,0,1,1,1,1,1,1,1,1,2,0
2,12100.0,8100.0,Age0_F2_m2f2_P2_Y37_UO202,RD2_F1_m1f1_P1_Y34_UO267,R2_F2_m2f2_P2_Y35_UO203,FXX,0,31.0,0,0,0.0,0,0,0,0.0,0.4506673812866211,1,P2_CV0,1,1,1,1,1,0,2,0,2,1,1,1,1,2,0,2,0,0,2,0,2,2,0,1,1,1,1,1,1,1,1,2,0
2,12100.0,8100.0,Age0_F2_m2f2_P2_Y37_UO203,RD2_F1_m1f1_P1_Y34_UO267,R2_F2_m2f2_P2_Y35_UO203,FXX,0,31.0,0,0,0.0,0,0,0,0.0,0.4506673812866211,1,P2_CV0,1,0,2,1,1,0,2,0,2,1,1,1,1,1,1,2,0,0,2,0,2,2,0,2,0,1,1,1,1,0,2,2,0
2,12100.0,8100.0,Age0_F2_m2f2_P2_Y37_UO222,R2_F2_m2f2_P2_Y35_UO92,R2_F2_m2f2_P2_Y35_UO77,MXY,0,31.0,0,0,0.0,0,0,0,0.0,0.46643924713134766,1,P2_CV0,1,2,0,1,1,1,1,0,2,0,2,0,2,0,2,1,1,1,1,2,0,1,1,2,0,1,1,2,0,1,1,0,2
2,12100.0,8100.0,Age0_F2_m2f2_P2_Y37_UO223,R2_F2_m2f2_P2_Y35_UO92,R2_F2_m2f2_P2_Y35_UO77,FXX,0,31.0,0,0,0.0,0,0,0,0.0,0.46643924713134766,1,P2_CV0,1,1,1,1,1,1,1,1,1,1,1,1,1,0,2,1,1,1,1,2,0,1,1,1,1,2,0,2,0,0,2,0,2
2,12100.0,8100.0,Age0_F2_m2f2_P2_Y37_UO224,R2_F2_m2f2_P2_Y35_UO92,R2_F2_m2f2_P2_Y35_UO77,FXX,0,31.0,0,0,0.0,0,0,0,0.0,0.46643924713134766,1,P2_CV0,1,2,0,1,1,1,1,1,1,0,2,1,1,0,2,1,1,1,1,2,0,1,1,1,1,1,1,2,0,0,2,0,2
2,12100.0,8100.0,Age0_F2_m2f2_P2_Y37_UO225,R2_F2_m2f2_P2_Y35_UO92,R2_F2_m2f2_P2_Y35_UO77,FXX,0,31.0,0,0,0.0,0,0,0,0.0,0.46643924713134766,1,P2_CV0,1,2,0,1,1,2,0,0,2,1,1,0,2,1,1,1,1,1,1,2,0,1,1,1,1,1,1,2,0,1,1,0,2
2,12100.0,8100.0,Age0_F2_m2f2_P2_Y37_UO227,R2_F2_m2f2_P2_Y35_UO92,R2_F2_m2f2_P2_Y35_UO77,FXX,0,31.0,0,0,0.0,0,0,0,0.0,0.46643924713134766,1,P2_CV0,1,2,0,1,1,1,1,0,2,0,2,1,1,1,1,1,1,1,1,2,0,1,1,1,1,2,0,2,0,1,1,0,2
2,12100.0,8100.0,Age0_F2_m2f2_P2_Y37_UO229,R2_F2_m2f2_P2_Y35_UO92,R2_F2_m2f2_P2_Y35_UO77,FXX,0,31.0,0,0,0.0,0,0,0,0.0,0.46643924713134766,1,P2_CV0,1,2,0,1,1,1,1,1,1,0,2,0,2,1,1,1,1,1,1,2,0,1,1,2,0,1,1,2,0,0,2,0,2
2,12100.0,8100.0,Age0_F2_m2f2_P2_Y37_UO230,R2_F2_m2f2_P2_Y35_UO92,R2_F2_m2f2_P2_Y35_UO77,MXY,0,31.0,0,0,0.0,0,0,0,0.0,0.46643924713134766,1,P2_CV0,1,2,0,1,1,2,0,0,2,0,2,1,1,1,1,1,1,1,1,2,0,1,1,1,1,0,2,1,1,1,1,0,2
2,12100.0,8100.0,R2_F2_m2f2_P2_Y36_UO18,R2_F2_m2f2_P2_Y32_UO58,R2_F2_m2f2_P2_Y32_UO95,FXX,1,31.0,1,1,1.0,0,0,0,-9999.0,0.48029327392578125,1,P2_CV0,1,2,0,2,0,2,0,1,1,1,1,2,0,2,0,1,1,1,1,2,0,1,1,0,2,1,1,2,0,1,1,0,2
2,12100.0,8100.0,R2_F2_m2f2_P2_Y36_UO115,R2_F2_m2f2_P2_Y32_UO58,R2_F2_m2f2_P2_Y32_UO95,MXY,1,31.0,1,1,0.0,0,0,0,-9999.0,0.48029327392578125,1,P2_CV0,1,2,0,2,0,2,0,0,2,2,0,1,1,1,1,2,0,0,2,1,1,0,2,0,2,1,1,2,0,1,1,1,1
2,12100.0,8100.0,R2_F2_m2f2_P2_Y36_UO117,R2_F2_m2f2_P2_Y32_UO58,R2_F2_m2f2_P2_Y32_UO95,MXY,1,31.0,1,1,0.0,0,0,0,-9999.0,0.48029327392578125,1,P2_CV0,1,1,1,2,0,2,0,0,2,1,1,0,2,2,0,0,2,1,1,1,1,0,2,0,2,1,1,2,0,1,1,1,1
2,12100.0,8100.0,R2_F2_m2f2_P2_Y36_UO267,R2_F2_m2f2_P2_Y33_UO283,R2_F2_m2f2_P2_Y34_UO34,MXY,1,31.0,1,1,0.0,0,0,0,-9999.0,0.46172332763671875,1,P2_CV0,1,0,2,0,2,2,0,0,2,2,0,0,2,1,1,1,1,0,2,2,0,2,0,0,2,0,2,1,1,2,0,1,1
2,12100.0,8100.0,R2_F2_m2f2_P2_Y36_UO256,R2_F2_m2f2_P2_Y34_UO183,R2_F2_m2f2_P2_Y33_UO220,FXX,1,31.0,1,1,1.06,0,0,0,-9999.0,0.48097991943359375,1,P2_CV0,1,1,1,1,1,0,2,1,1,2,0,1,1,2,0,2,0,1,1,1,1,1,1,1,1,1,1,1,1,0,2,2,0
2,12100.0,8100.0,R2_F2_m2f2_P2_Y36_UO242,R2_F2_m2f2_P2_Y34_UO26,R2_F2_m2f2_P2_Y32_UO95,FXX,1,31.0,1,1,1.699,0,0,0,-9999.0,0.48029327392578125,1,P2_CV0,1,0,2,1,1,2,0,0,2,0,2,0,2,2,0,1,1,0,2,0,2,1,1,0,2,2,0,2,0,2,0,2,0
2,12100.0,8100.0,R2_F2_m2f2_P2_Y36_UO119,R2_F2_m2f2_P2_Y32_UO58,R2_F2_m2f2_P2_Y32_UO95,MXY,1,31.0,1,1,0.0,0,0,0,-9999.0,0.48029327392578125,1,P2_CV0,1,2,0,1,1,2,0,1,1,1,1,1,1,2,0,0,2,1,1,1,1,0,2,0,2,2,0,2,0,2,0,2,0
2,12100.0,8100.0,R2_F2_m2f2_P2_Y36_UO17,R2_F2_m2f2_P2_Y32_UO58,R2_F2_m2f2_P2_Y32_UO95,MXY,1,31.0,1,1,0.0,0,0,0,-9999.0,0.48029327392578125,1,P2_CV0,1,2,0,2,0,2,0,0,2,0,2,1,1,2,0,1,1,0,2,1,1,0,2,0,2,2,0,1,1,2,0,1,1
2,12100.0,8100.0,R2_F2_m2f2_P2_Y36_UO266,R2_F2_m2f2_P2_Y33_UO283,R2_F2_m2f2_P2_Y34_UO34,MXY,1,31.0,1,1,0.0,0,0,0,-9999.0,0.46172332763671875,1,P2_CV0,1,1,1,1,1,2,0,0,2,2,0,0,2,1,1,1,1,1,1,2,0,2,0,0,2,1,1,0,2,1,1,1,1
2,12100.0,8100.0,R2_F2_m2f2_P2_Y36_UO116,R2_F2_m2f2_P2_Y32_UO58,R2_F2_m2f2_P2_Y32_UO95,MXY,1,31.0,1,1,0.0,0,0,0,-9999.0,0.48029327392578125,1,P2_CV0,1,2,0,2,0,2,0,0,2,1,1,2,0,1,1,1,1,0,2,1,1,1,1,0,2,1,1,2,0,1,1,1,1
2,12100.0,8100.0,R2_F2_m2f2_P2_Y36_UO6,R2_F2_m2f2_P2_Y33_UO283,R2_F2_m2f2_P2_Y32_UO95,FXX,1,31.0,1,1,1.729,0,0,0,-9999.0,0.4620990753173828,1,P2_CV0,1,0,2,1,1,2,0,0,2,0,2,0,2,1,1,2,0,0,2,2,0,1,1,1,1,1,1,2,0,2,0,1,1
2,12100.0,8100.0,R2_F2_m2f2_P2_Y36_UO59,R2_F2_m2f2_P2_Y32_UO58,R2_F2_m2f2_P2_Y31_UO46,FXX,1,31.0,1,1,1.725,0,0,0,-9999.0,0.47916412353515625,1,P2_CV0,1,1,1,1,1,1,1,1,1,2,0,0,2,0,2,0,2,1,1,1,1,1,1,1,1,1,1,2,0,1,1,0,2
2,12100.0,8100.0,R2_F2_m2f2_P2_Y36_UO19,R2_F2_m2f2_P2_Y32_UO58,R2_F2_m2f2_P2_Y32_UO95,FXX,1,31.0,1,1,1.0,0,0,0,-9999.0,0.48029327392578125,1,P2_CV0,1,1,1,1,1,2,0,1,1,2,0,1,1,2,0,1,1,0,2,1,1,0,2,0,2,1,1,1,1,1,1,0,2
2,12100.0,8100.0,R2_F2_m2f2_P2_Y36_UO23,R2_F2_m2f2_P2_Y32_UO58,R2_F2_m2f2_P2_Y32_UO95,MXY,1,31.0,1,1,0.0,0,0,0,-9999.0,0.48029327392578125,1,P2_CV0,1,2,0,2,0,2,0,1,1,0,2,2,0,2,0,0,2,1,1,1,1,1,1,0,2,1,1,2,0,1,1,1,1
2,12100.0,8100.0,R2_F2_m2f2_P2_Y36_UO58,R2_F2_m2f2_P2_Y32_UO58,R2_F2_m2f2_P2_Y31_UO46,FXX,1,31.0,1,1,1.776,0,0,0,-9999.0,0.47916412353515625,1,P2_CV0,1,1,1,1,1,1,1,2,0,2,0,0,2,0,2,1,1,1,1,2,0,0,2,1,1,2,0,2,0,0,2,1,1
2,12100.0,8100.0,R2_F2_m2f2_P2_Y36_UO180,R2_F2_m2f2_P2_Y34_UO159,R2_F2_m2f2_P2_Y31_UO46,FXX,1,31.0,1,1,1.269,0,0,0,-9999.0,0.4814729690551758,1,P2_CV0,1,1,1,0,2,0,2,1,1,1,1,0,2,1,1,1,1,1,1,1,1,1,1,1,1,0,2,2,0,1,1,0,2
2,12100.0,8100.0,R2_F2_m2f2_P2_Y36_UO55,R2_F2_m2f2_P2_Y32_UO58,R2_F2_m2f2_P2_Y31_UO46,MXY,1,31.0,1,1,0.0,0,0,0,-9999.0,0.47916412353515625,1,P2_CV0,1,2,0,1,1,2,0,1,1,1,1,1,1,1,1,0,2,1,1,1,1,1,1,0,2,2,0,1,1,0,2,0,2
2,12100.0,8100.0,R2_F2_m2f2_P2_Y36_UO20,R2_F2_m2f2_P2_Y32_UO58,R2_F2_m2f2_P2_Y32_UO95,MXY,1,31.0,1,1,0.0,0,0,0,-9999.0,0.48029327392578125,1,P2_CV0,1,1,1,2,0,2,0,0,2,0,2,1,1,1,1,1,1,0,2,1,1,0,2,0,2,1,1,2,0,1,1,0,2
2,12100.0,8100.0,R2_F2_m2f2_P2_Y35_UO204,R2_F2_m2f2_P2_Y31_UO71,R2_F2_m2f2_P2_Y33_UO135,MXY,2,31.0,1,0,0.0,0,0,0,-9999.0,0.47894859313964844,1,P2_CV0,1,1,1,2,0,0,2,0,2,2,0,2,0,2,0,2,0,1,1,1,1,2,0,1,1,1,1,0,2,1,1,2,0
2,12100.0,8100.0,R2_F2_m2f2_P2_Y35_UO79,R2_F2_m2f2_P2_Y32_UO58,R2_F2_m2f2_P2_Y32_UO56,FXX,2,31.0,1,0,2.485,0,0,0,-9999.0,0.48029327392578125,1,P2_CV0,1,2,0,2,0,2,0,0,2,2,0,1,1,0,2,1,1,2,0,1,1,0,2,1,1,2,0,1,1,1,1,0,2
2,12100.0,8100.0,R2_F2_m2f2_P2_Y35_UO55,R2_F2_m2f2_P2_Y31_UO233,RD2_F2_m2f2_P2_Y32_UO95,MXY,2,31.0,1,0,0.0,0,0,0,-9999.0,0.47540283203125,1,P2_CV0,1,1,1,1,1,2,0,0,2,0,2,1,1,1,1,2,0,1,1,1,1,1,1,1,1,1,1,2,0,1,1,0,2
2,12100.0,8100.0,R2_F2_m2f2_P2_Y35_UO286,R2_F2_m2f2_P2_Y33_UO283,RD2_F2_m2f2_P2_Y32_UO95,FXX,2,31.0,1,0,2.309,0,0,0,-9999.0,0.4620990753173828,1,P2_CV0,1,0,2,1,1,2,0,0,2,1,1,1,1,1,1,1,1,0,2,2,0,2,0,0,2,1,1,2,0,2,0,1,1
2,12100.0,8100.0,R2_F2_m2f2_P2_Y34_UO26,R2_F2_m2f2_P2_Y32_UO94,R2_F2_m2f2_P2_Y32_UO95,FXX,3,31.0,1,0,2.575,0,0,0,-9999.0,0.48029327392578125,1,P2_CV0,1,1,1,1,1,2,0,0,2,1,1,1,1,2,0,2,0,0,2,1,1,0,2,0,2,2,0,2,0,2,0,2,0
2,12100.0,8100.0,R2_F2_m2f2_P2_Y34_UO159,R2_F2_m2f2_P2_Y32_UO94,R2_F2_m2f2_P2_Y32_UO11,FXX,3,31.0,1,0,1.389,0,0,0,-9999.0,0.4849109649658203,1,P2_CV0,1,1,1,0,2,1,1,0,2,2,0,0,2,2,0,2,0,1,1,0,2,1,1,0,2,1,1,2,0,1,1,1,1
2,12100.0,8100.0,R2_F2_m2f2_P2_Y34_UO183,R2_F2_m2f2_P2_Y32_UO270,R2_F2_m2f2_P2_Y31_UO26,FXX,3,31.0,1,0,2.517,0,0,0,-9999.0,0.4777565002441406,1,P2_CV0,1,0,2,1,1,0,2,1,1,2,0,0,2,1,1,2,0,2,0,1,1,0,2,0,2,0,2,0,2,1,1,1,1
2,12100.0,8100.0,R2_F2_m2f2_P2_Y33_UO281,R2_F2_m2f2_P2_Y31_UO233,R2_F2_m1f1_P1_Y29_UO178,MXY,4,31.0,1,0,0.0,0,0,0,-9999.0,0.4439048767089844,1,P2_CV0,1,1,1,1,1,2,0,0,2,0,2,1,1,1,1,0,2,1,1,2,0,2,0,1,1,1,1,2,0,0,2,1,1
2,12100.0,8100.0,R2_F2_m2f2_P2_Y33_UO198,R2_F2_m2f2_P2_Y31_UO233,R2_F2_m3f3_P3_Y30_UO53,MXY,4,31.0,1,0,0.0,0,0,0,-9999.0,0.4574623107910156,1,P2_CV0,1,1,1,0,2,1,1,2,0,0,2,1,1,1,1,2,0,0,2,2,0,2,0,2,0,0,2,0,2,1,1,1,1
2,12100.0,8100.0,R2_F2_m2f2_P2_Y32_UO267,R2_F2_m2f2_P2_Y29_UO222,R2_F2_m2f2_P2_Y29_UO200,FXX,5,31.0,1,0,1.978,0,0,0,-9999.0,0.4737701416015625,1,P2_CV0,1,1,1,1,1,1,1,1,1,1,1,0,2,1,1,1,1,2,0,2,0,1,1,1,1,2,0,2,0,1,1,0,2
2,12100.0,8100.0,Age0_F2_m2f2_P2_Y37_UO52,R2_F2_m2f2_P2_Y35_UO9,R2_F2_m2f2_P2_Y35_UO263,MXY,0,31.0,0,0,0.0,0,0,0,0.0,0.47652530670166016,1,P3_CV0,1,1,1,1,1,0,2,0,2,1,1,2,0,2,0,2,0,1,1,1,1,2,0,0,2,1,1,2,0,0,2,2,0
2,12100.0,8100.0,Age0_F2_m2f2_P2_Y37_UO53,R2_F2_m2f2_P2_Y35_UO9,R2_F2_m2f2_P2_Y35_UO263,MXY,0,31.0,0,0,0.0,0,0,0,0.0,0.47652530670166016,1,P3_CV0,1,1,1,1,1,1,1,0,2,2,0,2,0,2,0,1,1,1,1,1,1,2,0,1,1,1,1,2,0,0,2,1,1
2,12100.0,8100.0,Age0_F2_m2f2_P2_Y37_UO54,R2_F2_m2f2_P2_Y35_UO9,R2_F2_m2f2_P2_Y35_UO263,MXY,0,31.0,0,0,0.0,0,0,0,0.0,0.47652530670166016,1,P3_CV0,1,2,0,1,1,0,2,0,2,1,1,2,0,2,0,2,0,1,1,1,1,2,0,0,2,1,1,2,0,0,2,2,0
2,12100.0,8100.0,Age0_F2_m2f2_P2_Y37_UO55,R2_F2_m2f2_P2_Y34_UO183,R2_F2_m2f2_P2_Y35_UO195,MXY,0,31.0,0,0,0.0,0,0,0,0.0,0.4757223129272461,1,P3_CV0,1,0,2,1,1,1,1,0,2,2,0,1,1,1,1,2,0,1,1,0,2,1,1,0,2,0,2,1,1,2,0,2,0
2,12100.0,8100.0,Age0_F2_m2f2_P2_Y37_UO56,R2_F2_m2f2_P2_Y34_UO183,R2_F2_m2f2_P2_Y35_UO195,FXX,0,31.0,0,0,0.0,0,0,0,0.0,0.4757223129272461,1,P3_CV0,1,0,2,1,1,0,2,0,2,1,1,1,1,1,1,2,0,1,1,0,2,1,1,0,2,1,1,1,1,2,0,1,1
2,12100.0,8100.0,Age0_F2_m2f2_P2_Y37_UO58,R2_F2_m2f2_P2_Y34_UO183,R2_F2_m2f2_P2_Y35_UO195,FXX,0,31.0,0,0,0.0,0,0,0,0.0,0.4757223129272461,1,P3_CV0,1,0,2,1,1,0,2,1,1,2,0,1,1,2,0,2,0,1,1,2,0,1,1,0,2,0,2,1,1,2,0,2,0
2,12100.0,8100.0,Age0_F2_m2f2_P2_Y37_UO122,R2_F2_m2f2_P2_Y34_UO183,R2_F2_m2f2_P2_Y35_UO263,MXY,0,31.0,0,0,0.0,0,0,0,0.0,0.4758739471435547,1,P3_CV0,1,1,1,1,1,1,1,1,1,2,0,1,1,1,1,2,0,2,0,1,1,1,1,0,2,1,1,1,1,0,2,1,1
2,12100.0,8100.0,Age0_F2_m2f2_P2_Y37_UO127,R2_F2_m2f2_P2_Y34_UO183,R2_F2_m2f2_P2_Y35_UO263,FXX,0,31.0,0,0,0.0,0,0,0,0.0,0.4758739471435547,1,P3_CV0,1,0,2,1,1,1,1,0,2,2,0,1,1,2,0,1,1,2,0,1,1,1,1,0,2,1,1,1,1,0,2,1,1
2,12100.0,8100.0,Age0_F2_m2f2_P2_Y37_UO128,R2_F2_m2f2_P2_Y34_UO183,R2_F2_m2f2_P2_Y35_UO263,FXX,0,31.0,0,0,0.0,0,0,0,0.0,0.4758739471435547,1,P3_CV0,1,1,1,1,1,0,2,1,1,2,0,1,1,1,1,1,1,2,0,2,0,1,1,0,2,1,1,1,1,1,1,1,1
2,12100.0,8100.0,Age0_F2_m2f2_P2_Y37_UO148,RD2_F2_m2f2_P2_Y35_UO287,R2_F2_m2f2_P2_Y35_UO130,FXX,0,31.0,0,0,0.0,0,0,0,0.0,0.4789714813232422,1,P3_CV0,1,0,2,1,1,1,1,0,2,1,1,2,0,1,1,1,1,1,1,1,1,1,1,1,1,2,0,1,1,0,2,2,0
2,12100.0,8100.0,Age0_F2_m2f2_P2_Y37_UO149,RD2_F2_m2f2_P2_Y35_UO287,R2_F2_m2f2_P2_Y35_UO130,FXX,0,31.0,0,0,0.0,0,0,0,0.0,0.4789714813232422,1,P3_CV0,1,0,2,1,1,1,1,0,2,2,0,2,0,1,1,1,1,0,2,0,2,1,1,0,2,2,0,1,1,1,1,2,0
2,12100.0,8100.0,Age0_F2_m2f2_P2_Y37_UO150,RD2_F2_m2f2_P2_Y35_UO287,R2_F2_m2f2_P2_Y35_UO130,FXX,0,31.0,0,0,0.0,0,0,0,0.0,0.4789714813232422,1,P3_CV0,1,2,0,1,1,1,1,1,1,1,1,2,0,2,0,1,1,1,1,0,2,1,1,0,2,2,0,2,0,0,2,2,0
2,12100.0,8100.0,Age0_F2_m2f2_P2_Y37_UO151,RD2_F2_m2f2_P2_Y35_UO287,R2_F2_m2f2_P2_Y35_UO130,MXY,0,31.0,0,0,0.0,0,0,0,0.0,0.4789714813232422,1,P3_CV0,1,1,1,1,1,0,2,1,1,1,1,2,0,2,0,0,2,1,1,1,1,1,1,1,1,2,0,1,1,0,2,2,0
2,12100.0,8100.0,Age0_F2_m2f2_P2_Y37_UO152,RD2_F2_m2f2_P2_Y35_UO287,R2_F2_m2f2_P2_Y35_UO130,MXY,0,31.0,0,0,0.0,0,0,0,0.0,0.4789714813232422,1,P3_CV0,1,0,2,1,1,1,1,1,1,2,0,2,0,2,0,1,1,1,1,0,2,1,1,1,1,2,0,1,1,0,2,2,0
2,12100.0,8100.0,Age0_F2_m2f2_P2_Y37_UO153,RD2_F2_m2f2_P2_Y35_UO287,R2_F2_m2f2_P2_Y35_UO130,FXX,0,31.0,0,0,0.0,0,0,0,0.0,0.4789714813232422,1,P3_CV0,1,2,0,1,1,0,2,0,2,1,1,2,0,2,0,1,1,1,1,0,2,1,1,1,1,2,0,1,1,0,2,2,0
2,12100.0,8100.0,Age0_F2_m2f2_P2_Y37_UO154,RD2_F2_m2f2_P2_Y35_UO287,R2_F2_m2f2_P2_Y35_UO130,FXX,0,31.0,0,0,0.0,0,0,0,0.0,0.4789714813232422,1,P3_CV0,1,1,1,1,1,0,2,0,2,1,1,2,0,2,0,0,2,1,1,1,1,1,1,1,1,2,0,1,1,0,2,2,0
2,12100.0,8100.0,Age0_F2_m2f2_P2_Y37_UO186,R2_F2_m2f2_P2_Y35_UO9,R2_F2_m2f2_P2_Y35_UO203,FXX,0,31.0,0,0,0.0,0,0,0,0.0,0.47900390625,1,P3_CV0,1,1,1,1,1,0,2,1,1,1,1,2,0,2,0,2,0,1,1,0,2,2,0,2,0,1,1,1,1,1,1,1,1
2,12100.0,8100.0,Age0_F2_m2f2_P2_Y37_UO187,R2_F2_m2f2_P2_Y35_UO9,R2_F2_m2f2_P2_Y35_UO203,MXY,0,31.0,0,0,0.0,0,0,0,0.0,0.47900390625,1,P3_CV0,1,1,1,2,0,0,2,0,2,1,1,2,0,2,0,2,0,0,2,0,2,2,0,1,1,1,1,0,2,0,2,1,1
2,12100.0,8100.0,R2_F2_m2f2_P2_Y36_UO221,R2_F2_m2f2_P2_Y32_UO101,R2_F2_m2f2_P2_Y32_UO95,FXX,1,31.0,1,1,1.0,0,0,0,-9999.0,0.48029327392578125,1,P3_CV0,1,1,1,1,1,2,0,0,2,2,0,1,1,2,0,2,0,0,2,2,0,0,2,0,2,1,1,2,0,2,0,2,0
2,12100.0,8100.0,R2_F2_m2f2_P2_Y36_UO204,R2_F2_m2f2_P2_Y33_UO283,R2_F2_m2f2_P2_Y34_UO187,MXY,1,31.0,1,1,0.0,0,0,0,-9999.0,0.4647703170776367,1,P3_CV0,1,0,2,1,1,1,1,0,2,1,1,0,2,2,0,0,2,0,2,1,1,2,0,1,1,1,1,1,1,1,1,1,1
2,12100.0,8100.0,R2_F2_m2f2_P2_Y36_UO106,R2_F2_m2f2_P2_Y33_UO258,R2_F2_m2f2_P2_Y34_UO187,FXX,1,31.0,1,1,0.0,0,0,0,-9999.0,0.48296451568603516,1,P3_CV0,1,1,1,0,2,1,1,2,0,2,0,0,2,0,2,1,1,2,0,1,1,2,0,0,2,0,2,1,1,2,0,1,1
2,12100.0,8100.0,R2_F2_m2f2_P2_Y35_UO237,RD2_F2_m2f2_P2_Y33_UO128,RD2_F2_m2f2_P2_Y33_UO289,MXY,2,31.0,1,0,0.0,0,0,0,-9999.0,0.47399139404296875,1,P3_CV0,1,1,1,0,2,1,1,0,2,1,1,2,0,2,0,1,1,1,1,2,0,2,0,0,2,1,1,2,0,1,1,2,0
2,12100.0,8100.0,R2_F2_m2f2_P2_Y35_UO195,RD2_F2_m2f2_P2_Y33_UO128,R2_F2_m2f2_P2_Y33_UO220,MXY,2,31.0,1,0,0.0,0,0,0,-9999.0,0.47368812561035156,1,P3_CV0,1,1,1,0,2,1,1,0,2,1,1,2,0,2,0,2,0,0,2,1,1,2,0,1,1,1,1,2,0,1,1,2,0
2,12100.0,8100.0,R2_F2_m2f2_P2_Y35_UO130,R2_F2_m2f2_P2_Y33_UO294,R2_F2_m2f2_P2_Y33_UO135,MXY,2,31.0,1,0,0.0,0,0,0,-9999.0,0.4839515686035156,1,P3_CV0,1,1,1,2,0,0,2,1,1,1,1,2,0,1,1,1,1,1,1,1,1,0,2,1,1,2,0,1,1,0,2,2,0
2,12100.0,8100.0,R2_F2_m2f2_P2_Y35_UO263,RD2_F2_m2f2_P2_Y33_UO128,RD2_F2_m2f2_P2_Y33_UO289,MXY,2,31.0,1,0,0.0,0,0,0,-9999.0,0.47399139404296875,1,P3_CV0,1,1,1,0,2,1,1,1,1,2,0,2,0,2,0,1,1,1,1,2,0,2,0,0,2,2,0,2,0,0,2,2,0
3,12200.0,8100.0,Age0_F3_m3f3_P3_Y37_UO194,R3_F3_m3f3_P3_Y34_UO155,R3_F3_m3f3_P3_Y35_UO114,MXY,0,31.0,0,0,0.0,0,0,0,0.0,0.4588165283203125,1,P0_CV0,1,0,2,1,1,2,0,1,1,0,2,1,1,0,2,0,2,0,2,2,0,2,0,0,2,2,0,0,2,0,2,2,0
3,12200.0,8100.0,Age0_F3_m3f3_P3_Y37_UO204,R3_F3_m3f3_P3_Y32_UO79,R3_F3_m2f2_P2_Y32_UO56,FXX,0,31.0,0,0,0.0,0,0,0,0.0,0.4561195373535156,1,P0_CV0,1,1,1,2,0,2,0,0,2,1,1,0,2,1,1,1,1,1,1,0,2,1,1,1,1,0,2,1,1,2,0,1,1
3,12200.0,8100.0,Age0_F3_m3f3_P3_Y37_UO287,R3_F3_m3f3_P3_Y32_UO79,R3_F3_m3f3_P3_Y32_UO40,FXX,0,31.0,0,0,0.0,0,0,0,0.0,0.44150543212890625,1,P0_CV0,1,2,0,2,0,2,0,2,0,2,0,1,1,1,1,2,0,0,2,1,1,2,0,1,1,0,2,2,0,1,1,2,0
3,12200.0,8100.0,Age0_F3_m3f3_P3_Y37_UO288,R3_F3_m3f3_P3_Y32_UO79,R3_F3_m3f3_P3_Y32_UO40,MXY,0,31.0,0,0,0.0,0,0,0,0.0,0.44150543212890625,1,P0_CV0,1,2,0,2,0,2,0,2,0,1,1,0,2,0,2,2,0,0,2,2,0,1,1,1,1,0,2,2,0,1,1,1,1
3,12200.0,8100.0,Age0_F3_m3f3_P3_Y37_UO289,R3_F3_m3f3_P3_Y32_UO79,R3_F3_m3f3_P3_Y32_UO40,FXX,0,31.0,0,0,0.0,0,0,0,0.0,0.44150543212890625,1,P0_CV0,1,2,0,2,0,1,1,1,1,2,0,1,1,1,1,1,1,0,2,2,0,2,0,1,1,0,2,2,0,1,1,2,0
3,12200.0,8100.0,Age0_F3_m3f3_P3_Y37_UO290,R3_F3_m3f3_P3_Y32_UO79,R3_F3_m3f3_P3_Y32_UO40,FXX,0,31.0,0,0,0.0,0,0,0,0.0,0.44150543212890625,1,P0_CV0,1,1,1,2,0,1,1,2,0,2,0,0,2,1,1,2,0,0,2,2,0,2,0,1,1,0,2,2,0,1,1,2,0
3,12200.0,8100.0,Age0_F3_m3f3_P3_Y37_UO291,R3_F3_m3f3_P3_Y32_UO79,R3_F3_m3f3_P3_Y32_UO40,FXX,0,31.0,0,0,0.0,0,0,0,0.0,0.44150543212890625,1,P0_CV0,1,1,1,2,0,2,0,2,0,2,0,1,1,1,1,1,1,0,2,2,0,1,1,1,1,0,2,2,0,1,1,1,1
3,12200.0,8100.0,R3_F3_m3f3_P3_Y36_UO10,R3_F3_m3f3_P3_Y34_UO262,R3_F3_m3f3_P3_Y34_UO113,MXY,1,31.0,1,1,0.0,0,0,0,-9999.0,0.4536304473876953,1,P0_CV0,1,0,2,1,1,2,0,2,0,1,1,1,1,1,1,2,0,0,2,1,1,2,0,1,1,0,2,1,1,1,1,1,1
3,12200.0,8100.0,R3_F3_m3f3_P3_Y35_UO198,R3_F3_m3f3_P3_Y33_UO89,R3_F3_m3f3_P3_Y32_UO188,FXX,2,31.0,1,0,1.0,0,0,0,-9999.0,0.4461479187011719,1,P0_CV0,1,0,2,2,0,2,0,2,0,1,1,2,0,1,1,1,1,0,2,0,2,2,0,1,1,2,0,0,2,0,2,2,0
3,12200.0,8100.0,R3_F3_m3f3_P3_Y35_UO46,R3_F3_m3f3_P3_Y30_UO112,R3_F3_m3f3_P3_Y32_UO257,FXX,2,31.0,1,0,2.261,0,0,0,-9999.0,0.4610633850097656,1,P0_CV0,1,0,2,2,0,1,1,0,2,1,1,2,0,1,1,2,0,0,2,2,0,2,0,1,1,1,1,1,1,1,1,0,2
3,12200.0,8100.0,R3_F3_m2f2_P2_Y34_UO75,R2_F2_m2f2_P2_Y29_UO156,RD2_F6_m6f6_P6_Y30_UO91,FXX,3,31.0,1,0,0.0,0,0,0,-9999.0,0.465789794921875,1,P0_CV0,1,0,2,1,1,1,1,1,1,1,1,1,1,0,2,1,1,1,1,1,1,1,1,1,1,1,1,1,1,2,0,2,0
3,12200.0,8100.0,Age0_F3_m3f3_P3_Y37_UO107,R3_F3_m3f3_P3_Y35_UO53,R3_F3_m3f3_P3_Y35_UO147,FXX,0,31.0,0,0,0.0,0,0,0,0.0,0.4541130065917969,1,P2_CV0,1,0,2,1,1,2,0,1,1,1,1,1,1,2,0,0,2,0,2,0,2,2,0,1,1,1,1,0,2,1,1,1,1
3,12200.0,8100.0,Age0_F3_m3f3_P3_Y37_UO141,R3_F3_m3f3_P3_Y35_UO7,R3_F3_m3f3_P3_Y35_UO89,FXX,0,31.0,0,0,0.0,0,0,0,0.0,0.4475555419921875,1,P2_CV0,1,1,1,2,0,2,0,1,1,0,2,2,0,2,0,0,2,0,2,1,1,2,0,0,2,2,0,1,1,1,1,1,1
3,12200.0,8100.0,Age0_F3_m3f3_P3_Y37_UO195,R3_F3_m3f3_P3_Y34_UO155,R3_F3_m3f3_P3_Y35_UO114,FXX,0,31.0,0,0,0.0,0,0,0,0.0,0.4588165283203125,1,P2_CV0,1,0,2,1,1,2,0,1,1,0,2,1,1,1,1,0,2,0,2,2,0,2,0,0,2,2,0,1,1,0,2,2,0
3,12200.0,8100.0,Age0_F3_m3f3_P3_Y37_UO205,R3_F3_m3f3_P3_Y32_UO79,R3_F3_m2f2_P2_Y32_UO56,FXX,0,31.0,0,0,0.0,0,0,0,0.0,0.4561195373535156,1,P2_CV0,1,0,2,1,1,2,0,1,1,2,0,0,2,0,2,2,0,1,1,1,1,1,1,0,2,1,1,1,1,2,0,1,1
3,12200.0,8100.0,Age0_F3_m3f3_P3_Y37_UO206,R3_F3_m3f3_P3_Y32_UO79,R3_F3_m2f2_P2_Y32_UO56,FXX,0,31.0,0,0,0.0,0,0,0,0.0,0.4561195373535156,1,P2_CV0,1,0,2,2,0,2,0,0,2,2,0,1,1,2,0,2,0,0,2,1,1,1,1,0,2,0,2,1,1,2,0,2,0
3,12200.0,8100.0,Age0_F3_m3f3_P3_Y37_UO207,R3_F3_m3f3_P3_Y32_UO79,R3_F3_m2f2_P2_Y32_UO56,FXX,0,31.0,0,0,0.0,0,0,0,0.0,0.4561195373535156,1,P2_CV0,1,2,0,1,1,2,0,1,1,2,0,1,1,0,2,2,0,0,2,2,0,1,1,0,2,0,2,2,0,2,0,1,1
3,12200.0,8100.0,Age0_F3_m3f3_P3_Y37_UO208,R3_F3_m3f3_P3_Y32_UO79,R3_F3_m2f2_P2_Y32_UO56,FXX,0,31.0,0,0,0.0,0,0,0,0.0,0.4561195373535156,1,P2_CV0,1,0,2,1,1,2,0,1,1,1,1,0,2,1,1,2,0,0,2,1,1,1,1,1,1,1,1,1,1,2,0,2,0
3,12200.0,8100.0,Age0_F3_m3f3_P3_Y37_UO246,R3_F3_m3f3_P3_Y35_UO7,R3_F3_m3f3_P3_Y35_UO89,FXX,0,31.0,0,0,0.0,0,0,0,0.0,0.4475555419921875,1,P2_CV0,1,2,0,2,0,1,1,1,1,2,0,1,1,1,1,0,2,0,2,1,1,2,0,0,2,1,1,1,1,2,0,1,1
3,12200.0,8100.0,Age0_F3_m3f3_P3_Y37_UO247,R3_F3_m3f3_P3_Y35_UO7,R3_F3_m3f3_P3_Y35_UO89,FXX,0,31.0,0,0,0.0,0,0,0,0.0,0.4475555419921875,1,P2_CV0,1,0,2,2,0,1,1,2,0,1,1,1,1,2,0,0,2,0,2,1,1,2,0,0,2,1,1,1,1,2,0,1,1
3,12200.0,8100.0,Age0_F3_m3f3_P3_Y37_UO248,R3_F3_m3f3_P3_Y35_UO7,R3_F3_m3f3_P3_Y35_UO89,FXX,0,31.0,0,0,0.0,0,0,0,0.0,0.4475555419921875,1,P2_CV0,1,2,0,2,0,1,1,2,0,1,1,1,1,1,1,1,1,0,2,1,1,2,0,0,2,2,0,1,1,2,0,1,1
3,12200.0,8100.0,Age0_F3_m3f3_P3_Y37_UO249,R3_F3_m3f3_P3_Y35_UO7,R3_F3_m3f3_P3_Y35_UO89,MXY,0,31.0,0,0,0.0,0,0,0,0.0,0.4475555419921875,1,P2_CV0,1,2,0,2,0,1,1,2,0,0,2,2,0,1,1,0,2,0,2,2,0,2,0,1,1,1,1,0,2,2,0,0,2
3,12200.0,8100.0,Age0_F3_m3f3_P3_Y37_UO250,R3_F3_m3f3_P3_Y35_UO7,R3_F3_m3f3_P3_Y35_UO89,MXY,0,31.0,0,0,0.0,0,0,0,0.0,0.4475555419921875,1,P2_CV0,1,2,0,2,0,1,1,2,0,0,2,2,0,2,0,0,2,0,2,2,0,2,0,0,2,1,1,0,2,1,1,1,1
3,12200.0,8100.0,Age0_F3_m3f3_P3_Y37_UO251,R3_F3_m3f3_P3_Y35_UO7,R3_F3_m3f3_P3_Y35_UO89,MXY,0,31.0,0,0,0.0,0,0,0,0.0,0.4475555419921875,1,P2_CV0,1,1,1,2,0,2,0,2,0,0,2,1,1,1,1,1,1,0,2,1,1,2,0,0,2,1,1,1,1,2,0,1,1
3,12200.0,8100.0,Age0_F3_m3f3_P3_Y37_UO262,R3_F3_m3f3_P3_Y34_UO153,R3_F3_m3f3_P3_Y34_UO231,MXY,0,31.0,0,0,0.0,0,0,0,0.0,0.454559326171875,1,P2_CV0,1,1,1,2,0,2,0,0,2,1,1,0,2,2,0,1,1,0,2,2,0,2,0,0,2,1,1,1,1,0,2,2,0
3,12200.0,8100.0,Age0_F3_m3f3_P3_Y37_UO276,R3_F3_m3f3_P3_Y34_UO155,R3_F3_m3f3_P3_Y33_UO143,MXY,0,31.0,0,0,0.0,0,0,0,0.0,0.45536231994628906,1,P2_CV0,1,0,2,1,1,1,1,2,0,1,1,1,1,1,1,1,1,0,2,2,0,2,0,0,2,2,0,0,2,0,2,1,1
3,12200.0,8100.0,Age0_F3_m3f3_P3_Y37_UO277,R3_F3_m3f3_P3_Y34_UO155,R3_F3_m3f3_P3_Y33_UO143,FXX,0,31.0,0,0,0.0,0,0,0,0.0,0.45536231994628906,1,P2_CV0,1,1,1,2,0,2,0,2,0,0,2,1,1,1,1,1,1,0,2,2,0,2,0,0,2,1,1,0,2,0,2,1,1
3,12200.0,8100.0,Age0_F3_m3f3_P3_Y37_UO278,R3_F3_m3f3_P3_Y34_UO155,R3_F3_m3f3_P3_Y33_UO143,FXX,0,31.0,0,0,0.0,0,0,0,0.0,0.45536231994628906,1,P2_CV0,1,1,1,2,0,2,0,2,0,0,2,1,1,1,1,1,1,0,2,2,0,2,0,0,2,2,0,0,2,0,2,1,1
3,12200.0,8100.0,Age0_F3_m3f3_P3_Y37_UO292,R3_F3_m3f3_P3_Y35_UO7,R3_F3_m3f3_P3_Y34_UO166,MXY,0,31.0,0,0,0.0,0,0,0,0.0,0.4394683837890625,1,P2_CV0,1,1,1,1,1,1,1,1,1,1,1,1,1,1,1,1,1,0,2,1,1,2,0,0,2,2,0,1,1,1,1,1,1
3,12200.0,8100.0,Age0_F3_m3f3_P3_Y37_UO293,R3_F3_m3f3_P3_Y35_UO7,R3_F3_m3f3_P3_Y34_UO166,FXX,0,31.0,0,0,0.0,0,0,0,0.0,0.4394683837890625,1,P2_CV0,1,1,1,1,1,1,1,1,1,1,1,1,1,1,1,2,0,0,2,0,2,2,0,1,1,2,0,2,0,1,1,1,1
3,12200.0,8100.0,Age0_F3_m3f3_P3_Y37_UO294,R3_F3_m3f3_P3_Y35_UO7,R3_F3_m3f3_P3_Y34_UO166,FXX,0,31.0,0,0,0.0,0,0,0,0.0,0.4394683837890625,1,P2_CV0,1,0,2,1,1,1,1,1,1,2,0,2,0,1,1,1,1,1,1,2,0,2,0,0,2,0,2,1,1,0,2,1,1
3,12200.0,8100.0,R3_F3_m3f3_P3_Y36_UO158,R3_F3_m3f3_P3_Y34_UO232,R3_F3_m3f3_P3_Y33_UO107,MXY,1,31.0,1,1,0.0,0,0,0,-9999.0,0.4563426971435547,1,P2_CV0,1,1,1,1,1,2,0,1,1,0,2,2,0,0,2,1,1,0,2,2,0,2,0,1,1,1,1,1,1,0,2,2,0
3,12200.0,8100.0,R3_F3_m3f3_P3_Y36_UO259,R3_F3_m3f3_P3_Y33_UO144,RD3_F2_m2f2_P2_Y32_UO56,MXY,1,31.0,1,1,0.0,0,0,0,-9999.0,0.46722412109375,1,P2_CV0,1,2,0,0,2,1,1,2,0,1,1,1,1,1,1,2,0,0,2,2,0,1,1,2,0,2,0,1,1,1,1,2,0
3,12200.0,8100.0,R3_F3_m3f3_P3_Y36_UO16,R3_F3_m3f3_P3_Y34_UO202,R3_F3_m3f3_P3_Y34_UO166,MXY,1,31.0,1,1,0.0,0,0,0,-9999.0,0.44460105895996094,1,P2_CV0,1,1,1,0,2,2,0,1,1,1,1,2,0,2,0,0,2,1,1,2,0,2,0,0,2,1,1,2,0,1,1,1,1
3,12200.0,8100.0,R3_F3_m3f3_P3_Y36_UO153,R3_F3_m3f3_P3_Y34_UO232,R3_F3_m3f3_P3_Y33_UO107,FXX,1,31.0,1,1,0.0,0,0,0,-9999.0,0.4563426971435547,1,P2_CV0,1,1,1,1,1,2,0,1,1,1,1,1,1,0,2,1,1,0,2,0,2,2,0,1,1,1,1,2,0,0,2,2,0
3,12200.0,8100.0,R3_F3_m3f3_P3_Y36_UO79,R3_F3_m3f3_P3_Y33_UO144,R3_F3_m3f3_P3_Y34_UO166,FXX,1,31.0,1,1,1.082,0,0,0,-9999.0,0.44905853271484375,1,P2_CV0,1,1,1,0,2,1,1,1,1,1,1,2,0,2,0,0,2,0,2,2,0,2,0,1,1,2,0,1,1,1,1,1,1
3,12200.0,8100.0,R3_F3_m3f3_P3_Y36_UO157,R3_F3_m3f3_P3_Y34_UO232,R3_F3_m3f3_P3_Y33_UO107,MXY,1,31.0,1,1,0.0,0,0,0,-9999.0,0.4563426971435547,1,P2_CV0,1,1,1,1,1,2,0,1,1,1,1,1,1,2,0,1,1,0,2,0,2,2,0,1,1,2,0,1,1,1,1,2,0
3,12200.0,8100.0,R3_F3_m3f3_P3_Y36_UO64,R3_F3_m3f3_P3_Y33_UO133,R3_F3_m3f3_P3_Y34_UO288,MXY,1,31.0,1,1,0.0,0,0,0,-9999.0,0.4451904296875,1,P2_CV0,1,1,1,1,1,1,1,1,1,0,2,0,2,0,2,1,1,0,2,1,1,2,0,1,1,1,1,0,2,1,1,2,0
3,12200.0,8100.0,R3_F3_m3f3_P3_Y36_UO152,R3_F3_m3f3_P3_Y34_UO232,R3_F3_m3f3_P3_Y33_UO107,MXY,1,31.0,1,1,0.0,0,0,0,-9999.0,0.4563426971435547,1,P2_CV0,1,1,1,2,0,2,0,1,1,0,2,1,1,0,2,1,1,0,2,1,1,2,0,1,1,2,0,1,1,1,1,2,0
3,12200.0,8100.0,R3_F3_m3f3_P3_Y36_UO155,R3_F3_m3f3_P3_Y34_UO232,R3_F3_m3f3_P3_Y33_UO107,FXX,1,31.0,1,1,0.0,0,0,0,-9999.0,0.4563426971435547,1,P2_CV0,1,0,2,2,0,2,0,1,1,0,2,2,0,0,2,1,1,0,2,0,2,2,0,0,2,2,0,1,1,1,1,2,0
3,12200.0,8100.0,R3_F3_m3f3_P3_Y36_UO81,R3_F3_m3f3_P3_Y33_UO144,R3_F3_m3f3_P3_Y34_UO166,FXX,1,31.0,1,1,0.0,0,0,0,-9999.0,0.44905853271484375,1,P2_CV0,1,1,1,0,2,2,0,2,0,1,1,2,0,2,0,1,1,0,2,1,1,2,0,1,1,2,0,1,1,1,1,1,1
3,12200.0,8100.0,R3_F3_m3f3_P3_Y36_UO34,R3_F3_m3f3_P3_Y34_UO264,R3_F3_m3f3_P3_Y34_UO288,MXY,1,31.0,1,1,0.0,0,0,0,-9999.0,0.4550819396972656,1,P2_CV0,1,2,0,0,2,1,1,0,2,0,2,0,2,2,0,1,1,0,2,2,0,2,0,2,0,1,1,0,2,0,2,1,1
3,12200.0,8100.0,R3_F3_m3f3_P3_Y36_UO260,R3_F3_m3f3_P3_Y33_UO144,RD3_F2_m2f2_P2_Y32_UO56,MXY,1,31.0,1,1,0.0,0,0,0,-9999.0,0.46722412109375,1,P2_CV0,1,2,0,1,1,1,1,1,1,1,1,1,1,2,0,1,1,0,2,1,1,1,1,1,1,2,0,0,2,1,1,2,0
3,12200.0,8100.0,R3_F3_m3f3_P3_Y35_UO147,R3_F3_m3f3_P3_Y33_UO110,R3_F3_m3f3_P3_Y32_UO188,MXY,2,31.0,1,0,0.0,0,0,0,-9999.0,0.45690155029296875,1,P2_CV0,1,1,1,1,1,2,0,1,1,1,1,2,0,1,1,1,1,0,2,1,1,2,0,0,2,2,0,1,1,1,1,1,1
3,12200.0,8100.0,R3_F3_m3f3_P3_Y35_UO89,R3_F3_m3f3_P3_Y33_UO110,R3_F3_m3f3_P3_Y33_UO107,MXY,2,31.0,1,0,0.0,0,0,0,-9999.0,0.46013641357421875,1,P2_CV0,1,1,1,2,0,2,0,1,1,1,1,2,0,1,1,0,2,0,2,2,0,2,0,0,2,2,0,1,1,2,0,1,1
3,12200.0,8100.0,R3_F3_m3f3_P3_Y35_UO188,R3_F3_m3f3_P3_Y32_UO186,R3_F3_m3f3_P3_Y33_UO107,FXX,2,31.0,1,0,0.0,0,0,0,-9999.0,0.45690155029296875,1,P2_CV0,1,1,1,2,0,1,1,1,1,0,2,2,0,1,1,1,1,0,2,0,2,2,0,0,2,2,0,1,1,1,1,2,0
3,12200.0,8100.0,R3_F3_m3f3_P3_Y33_UO142,R3_F3_m5f5_P5_Y28_UO118,R3_F3_m3f3_P3_Y31_UO89,MXY,4,31.0,1,0,0.0,0,0,0,-9999.0,0.45415496826171875,1,P2_CV0,1,2,0,2,0,0,2,2,0,0,2,1,1,2,0,1,1,0,2,1,1,2,0,1,1,1,1,0,2,0,2,1,1
3,12200.0,8100.0,R3_F3_m3f3_P3_Y33_UO143,R3_F3_m5f5_P5_Y28_UO118,R3_F3_m3f3_P3_Y31_UO89,MXY,4,31.0,1,0,0.0,0,0,0,-9999.0,0.45415496826171875,1,P2_CV0,1,1,1,2,0,1,1,2,0,1,1,2,0,2,0,1,1,0,2,2,0,2,0,0,2,1,1,0,2,0,2,1,1
3,12200.0,8100.0,R3_F3_m3f3_P3_Y33_UO110,R3_F3_m3f3_P3_Y30_UO112,R3_F3_m3f3_P3_Y31_UO50,FXX,4,31.0,1,0,0.0,0,0,0,-9999.0,0.46013641357421875,1,P2_CV0,1,1,1,2,0,2,0,1,1,1,1,2,0,1,1,1,1,0,2,1,1,2,0,0,2,2,0,1,1,2,0,1,1
3,12200.0,8100.0,Age0_F3_m3f3_P3_Y37_UO30,R3_F3_m3f3_P3_Y33_UO217,R3_F3_m3f3_P3_Y34_UO261,FXX,0,31.0,0,0,0.0,0,0,0,0.0,0.45314788818359375,1,P3_CV0,1,1,1,2,0,1,1,1,1,2,0,1,1,2,0,1,1,0,2,1,1,2,0,1,1,1,1,1,1,0,2,1,1
3,12200.0,8100.0,Age0_F3_m3f3_P3_Y37_UO31,R3_F3_m3f3_P3_Y33_UO217,R3_F3_m3f3_P3_Y34_UO261,MXY,0,31.0,0,0,0.0,0,0,0,0.0,0.45314788818359375,1,P3_CV0,1,2,0,2,0,2,0,1,1,2,0,0,2,2,0,2,0,0,2,1,1,2,0,1,1,1,1,0,2,0,2,1,1
3,12200.0,8100.0,R3_F3_m3f3_P3_Y36_UO30,R3_F3_m3f3_P3_Y34_UO228,R3_F3_m3f3_P3_Y34_UO261,MXY,1,31.0,1,1,0.0,0,0,0,-9999.0,0.4536304473876953,1,P3_CV0,1,1,1,1,1,2,0,1,1,1,1,1,1,2,0,2,0,0,2,2,0,2,0,1,1,1,1,1,1,0,2,1,1
3,12200.0,8100.0,Age0_F3_m3f3_P3_Y37_UO29,R3_F3_m3f3_P3_Y33_UO217,R3_F3_m3f3_P3_Y34_UO261,MXY,0,31.0,0,0,0.0,0,0,0,0.0,0.45314788818359375,1,P4_CV0,1,1,1,2,0,2,0,1,1,2,0,0,2,2,0,1,1,0,2,1,1,2,0,1,1,2,0,1,1,0,2,1,1
3,12200.0,8100.0,Age0_F3_m3f3_P3_Y37_UO105,R3_F3_m3f3_P3_Y35_UO53,R3_F3_m3f3_P3_Y35_UO147,MXY,0,31.0,0,0,0.0,0,0,0,0.0,0.4541130065917969,1,P4_CV0,1,1,1,1,1,2,0,1,1,1,1,1,1,2,0,0,2,0,2,1,1,2,0,1,1,2,0,1,1,1,1,2,0
3,12200.0,8100.0,Age0_F3_m3f3_P3_Y37_UO106,R3_F3_m3f3_P3_Y35_UO53,R3_F3_m3f3_P3_Y35_UO147,FXX,0,31.0,0,0,0.0,0,0,0,0.0,0.4541130065917969,1,P4_CV0,1,2,0,2,0,2,0,1,1,1,1,1,1,1,1,1,1,0,2,1,1,2,0,0,2,1,1,0,2,1,1,2,0
3,12200.0,8100.0,Age0_F3_m3f3_P3_Y37_UO110,R3_F3_m3f3_P3_Y33_UO88,R3_F3_m3f3_P3_Y35_UO168,MXY,0,31.0,0,0,0.0,0,0,0,0.0,0.4451637268066406,1,P4_CV0,1,1,1,1,1,1,1,1,1,1,1,1,1,1,1,1,1,0,2,1,1,2,0,0,2,2,0,1,1,2,0,1,1
3,12200.0,8100.0,Age0_F3_m3f3_P3_Y37_UO111,R3_F3_m3f3_P3_Y33_UO88,R3_F3_m3f3_P3_Y35_UO168,FXX,0,31.0,0,0,0.0,0,0,0,0.0,0.4451637268066406,1,P4_CV0,1,2,0,1,1,1,1,2,0,0,2,1,1,1,1,2,0,0,2,1,1,2,0,0,2,2,0,1,1,2,0,1,1
3,12200.0,8100.0,Age0_F3_m3f3_P3_Y37_UO112,R3_F3_m3f3_P3_Y33_UO88,R3_F3_m3f3_P3_Y35_UO168,MXY,0,31.0,0,0,0.0,0,0,0,0.0,0.4451637268066406,1,P4_CV0,1,0,2,2,0,0,2,2,0,0,2,1,1,2,0,1,1,1,1,1,1,2,0,0,2,2,0,0,2,2,0,1,1
3,12200.0,8100.0,Age0_F3_m3f3_P3_Y37_UO113,R3_F3_m3f3_P3_Y33_UO88,R3_F3_m3f3_P3_Y35_UO168,FXX,0,31.0,0,0,0.0,0,0,0,0.0,0.4451637268066406,1,P4_CV0,1,2,0,2,0,1,1,1,1,0,2,0,2,1,1,1,1,1,1,1,1,2,0,0,2,2,0,1,1,2,0,2,0
3,12200.0,8100.0,Age0_F3_m3f3_P3_Y37_UO114,R3_F3_m3f3_P3_Y33_UO88,R3_F3_m3f3_P3_Y35_UO168,FXX,0,31.0,0,0,0.0,0,0,0,0.0,0.4451637268066406,1,P4_CV0,1,1,1,1,1,0,2,1,1,0,2,0,2,1,1,1,1,0,2,1,1,2,0,0,2,2,0,1,1,2,0,1,1
3,12200.0,8100.0,Age0_F3_m3f3_P3_Y37_UO115,R3_F3_m3f3_P3_Y33_UO88,R3_F3_m3f3_P3_Y35_UO168,MXY,0,31.0,0,0,0.0,0,0,0,0.0,0.4451637268066406,1,P4_CV0,1,1,1,2,0,1,1,2,0,0,2,1,1,2,0,2,0,1,1,1,1,2,0,0,2,2,0,0,2,2,0,2,0
3,12200.0,8100.0,Age0_F3_m3f3_P3_Y37_UO220,R3_F3_m3f3_P3_Y35_UO64,R3_F3_m3f3_P3_Y34_UO231,MXY,0,31.0,0,0,0.0,0,0,0,0.0,0.45299720764160156,1,P4_CV0,1,0,2,2,0,2,0,1,1,2,0,1,1,2,0,2,0,0,2,1,1,2,0,0,2,1,1,1,1,0,2,2,0
3,12200.0,8100.0,Age0_F3_m3f3_P3_Y37_UO221,R3_F3_m3f3_P3_Y35_UO64,R3_F3_m3f3_P3_Y34_UO231,MXY,0,31.0,0,0,0.0,0,0,0,0.0,0.45299720764160156,1,P4_CV0,1,1,1,2,0,2,0,0,2,0,2,0,2,2,0,1,1,0,2,2,0,2,0,0,2,1,1,1,1,0,2,2,0
3,12200.0,8100.0,Age0_F3_m3f3_P3_Y37_UO232,R3_F3_m3f3_P3_Y35_UO53,RD3_F6_m6f6_P6_Y34_UO283,MXY,0,31.0,0,0,0.0,0,0,0,0.0,0.4697418212890625,1,P4_CV0,1,1,1,2,0,1,1,2,0,1,1,0,2,1,1,1,1,0,2,1,1,1,1,1,1,1,1,1,1,1,1,2,0
3,12200.0,8100.0,Age0_F3_m3f3_P3_Y37_UO234,R3_F3_m3f3_P3_Y35_UO53,RD3_F6_m6f6_P6_Y34_UO283,FXX,0,31.0,0,0,0.0,0,0,0,0.0,0.4697418212890625,1,P4_CV0,1,0,2,1,1,1,1,2,0,2,0,0,2,1,1,1,1,0,2,1,1,1,1,1,1,1,1,2,0,1,1,2,0
3,12200.0,8100.0,Age0_F3_m3f3_P3_Y37_UO263,R3_F3_m3f3_P3_Y34_UO153,R3_F3_m3f3_P3_Y34_UO231,MXY,0,31.0,0,0,0.0,0,0,0,0.0,0.454559326171875,1,P4_CV0,1,0,2,1,1,2,0,1,1,0,2,0,2,1,1,0,2,0,2,2,0,2,0,0,2,2,0,1,1,0,2,2,0
3,12200.0,8100.0,Age0_F3_m3f3_P3_Y37_UO264,R3_F3_m3f3_P3_Y34_UO153,R3_F3_m3f3_P3_Y34_UO231,MXY,0,31.0,0,0,0.0,0,0,0,0.0,0.454559326171875,1,P4_CV0,1,1,1,1,1,2,0,1,1,1,1,0,2,2,0,1,1,0,2,2,0,2,0,0,2,1,1,1,1,0,2,2,0
3,12200.0,8100.0,Age0_F3_m3f3_P3_Y37_UO265,R3_F3_m3f3_P3_Y34_UO153,R3_F3_m3f3_P3_Y34_UO231,MXY,0,31.0,0,0,0.0,0,0,0,0.0,0.454559326171875,1,P4_CV0,1,1,1,2,0,1,1,1,1,1,1,0,2,2,0,1,1,0,2,2,0,2,0,0,2,1,1,1,1,0,2,2,0
3,12200.0,8100.0,Age0_F3_m3f3_P3_Y37_UO266,R3_F3_m3f3_P3_Y34_UO153,R3_F3_m3f3_P3_Y34_UO231,MXY,0,31.0,0,0,0.0,0,0,0,0.0,0.454559326171875,1,P4_CV0,1,2,0,1,1,1,1,1,1,0,2,0,2,1,1,1,1,0,2,2,0,2,0,0,2,1,1,1,1,0,2,2,0
3,12200.0,8100.0,R3_F3_m3f3_P3_Y36_UO108,R3_F3_m3f3_P3_Y34_UO10,R3_F3_m3f3_P3_Y31_UO254,FXX,1,31.0,1,1,1.0,0,0,0,-9999.0,0.4449577331542969,1,P4_CV0,1,2,0,2,0,1,1,1,1,1,1,1,1,1,1,1,1,0,2,2,0,2,0,1,1,1,1,1,1,1,1,1,1
3,12200.0,8100.0,R3_F3_m3f3_P3_Y36_UO230,R3_F3_m3f3_P3_Y34_UO202,R3_F3_m3f3_P3_Y33_UO107,FXX,1,31.0,1,1,1.376,0,0,0,-9999.0,0.45268821716308594,1,P4_CV0,1,1,1,1,1,1,1,1,1,0,2,2,0,2,0,0,2,0,2,2,0,2,0,0,2,1,1,1,1,0,2,1,1
3,12200.0,8100.0,R3_F3_m3f3_P3_Y36_UO228,R3_F3_m3f3_P3_Y34_UO202,R3_F3_m3f3_P3_Y33_UO107,MXY,1,31.0,1,1,0.0,0,0,0,-9999.0,0.45268821716308594,1,P4_CV0,1,1,1,1,1,1,1,1,1,1,1,2,0,1,1,0,2,0,2,2,0,1,1,0,2,1,1,0,2,2,0,1,1
3,12200.0,8100.0,R3_F3_m3f3_P3_Y36_UO229,R3_F3_m3f3_P3_Y34_UO202,R3_F3_m3f3_P3_Y33_UO107,MXY,1,31.0,1,1,0.0,0,0,0,-9999.0,0.45268821716308594,1,P4_CV0,1,2,0,1,1,1,1,1,1,0,2,2,0,1,1,0,2,0,2,2,0,2,0,1,1,1,1,0,2,0,2,1,1
3,12200.0,8100.0,R3_F3_m3f3_P3_Y35_UO183,R3_F3_m3f3_P3_Y33_UO80,R3_F3_m3f3_P3_Y31_UO254,FXX,2,31.0,1,0,0.0,0,0,0,-9999.0,0.4553718566894531,1,P4_CV0,1,2,0,2,0,1,1,1,1,1,1,0,2,1,1,1,1,1,1,2,0,2,0,1,1,1,1,1,1,0,2,0,2
3,12200.0,8100.0,R3_F3_m3f3_P3_Y35_UO169,R3_F3_m3f3_P3_Y33_UO217,R3_F3_m3f3_P3_Y31_UO50,MXY,2,31.0,1,0,0.0,0,0,0,-9999.0,0.45169830322265625,1,P4_CV0,1,2,0,2,0,2,0,2,0,1,1,2,0,1,1,2,0,0,2,0,2,2,0,0,2,2,0,1,1,1,1,1,1
3,12200.0,8100.0,R3_F3_m3f3_P3_Y35_UO223,R3_F3_m3f3_P3_Y33_UO88,R3_F3_m3f3_P3_Y33_UO92,FXX,2,31.0,1,0,1.588,0,0,0,-9999.0,0.438629150390625,1,P4_CV0,1,1,1,2,0,2,0,1,1,0,2,2,0,1,1,0,2,0,2,1,1,2,0,0,2,2,0,0,2,1,1,1,1
3,12200.0,8100.0,R3_F3_m3f3_P3_Y35_UO260,R3_F3_m3f3_P3_Y32_UO260,R3_F3_m3f3_P3_Y33_UO75,FXX,2,31.0,1,0,1.416,0,0,0,-9999.0,0.43354034423828125,1,P4_CV0,1,1,1,0,2,1,1,2,0,1,1,1,1,0,2,1,1,1,1,1,1,2,0,0,2,1,1,1,1,1,1,1,1
3,12200.0,8100.0,R3_F3_m5f5_P5_Y35_UO20,R5_F5_m5f5_P5_Y32_UO211,R5_F5_m5f5_P5_Y33_UO63,FXX,2,31.0,1,0,3.65,0,0,0,-9999.0,0.46953582763671875,1,P4_CV0,1,2,0,0,2,0,2,0,2,0,2,1,1,0,2,0,2,0,2,1,1,1,1,1,1,1,1,0,2,1,1,1,1
3,12200.0,8100.0,R3_F3_m3f3_P3_Y35_UO53,R3_F3_m3f3_P3_Y33_UO217,R3_F3_m3f3_P3_Y32_UO40,FXX,2,31.0,1,0,0.0,0,0,0,-9999.0,0.451324462890625,1,P4_CV0,1,1,1,2,0,2,0,2,0,2,0,0,2,1,1,1,1,0,2,1,1,2,0,1,1,1,1,1,1,0,2,2,0
3,12200.0,8100.0,R3_F3_m3f3_P3_Y34_UO163,R3_F3_m3f3_P3_Y32_UO260,R3_F3_m3f3_P3_Y31_UO165,MXY,3,31.0,1,0,0.0,0,0,0,-9999.0,0.44396209716796875,1,P4_CV0,1,1,1,1,1,1,1,2,0,2,0,1,1,0,2,2,0,0,2,2,0,2,0,1,1,1,1,1,1,1,1,1,1
3,12200.0,8100.0,R3_F3_m3f3_P3_Y34_UO231,R3_F3_m3f3_P3_Y32_UO187,R3_F3_m3f3_P3_Y31_UO96,MXY,3,31.0,1,0,0.0,0,0,0,-9999.0,0.4525489807128906,1,P4_CV0,1,1,1,2,0,2,0,1,1,1,1,0,2,2,0,1,1,0,2,2,0,2,0,0,2,1,1,2,0,0,2,2,0
3,12200.0,8100.0,R3_F3_m3f3_P3_Y33_UO217,R3_F3_m3f3_P3_Y30_UO170,R3_F3_m3f3_P3_Y31_UO96,FXX,4,31.0,1,0,0.0,0,0,0,-9999.0,0.4515838623046875,1,P4_CV0,1,1,1,2,0,1,1,2,0,2,0,1,1,2,0,2,0,0,2,0,2,2,0,0,2,1,1,0,2,0,2,2,0
3,12200.0,8100.0,Age0_F3_m3f3_P3_Y37_UO231,R3_F3_m3f3_P3_Y35_UO53,RD3_F6_m6f6_P6_Y34_UO283,MXY,0,31.0,0,0,0.0,0,0,0,0.0,0.4697418212890625,1,P5_CV0,1,1,1,2,0,1,1,2,0,2,0,0,2,1,1,1,1,0,2,1,1,1,1,1,1,2,0,2,0,1,1,2,0
3,12200.0,8100.0,Age0_F3_m3f3_P3_Y37_UO233,R3_F3_m3f3_P3_Y35_UO53,RD3_F6_m6f6_P6_Y34_UO283,FXX,0,31.0,0,0,0.0,0,0,0,0.0,0.4697418212890625,1,P5_CV0,1,0,2,2,0,1,1,2,0,1,1,0,2,1,1,1,1,0,2,0,2,1,1,1,1,2,0,1,1,1,1,2,0
3,12200.0,8100.0,Age0_F3_m3f3_P3_Y37_UO235,R3_F3_m3f3_P3_Y35_UO53,RD3_F6_m6f6_P6_Y34_UO283,MXY,0,31.0,0,0,0.0,0,0,0,0.0,0.4697418212890625,1,P5_CV0,1,0,2,2,0,1,1,2,0,1,1,0,2,2,0,0,2,0,2,1,1,1,1,2,0,1,1,1,1,1,1,1,1
3,12200.0,8100.0,R3_F3_m3f3_P3_Y36_UO111,R3_F3_m3f3_P3_Y34_UO10,R3_F3_m3f3_P3_Y31_UO254,MXY,1,31.0,1,1,0.0,0,0,0,-9999.0,0.4449577331542969,1,P5_CV0,1,1,1,0,2,1,1,1,1,1,1,2,0,1,1,0,2,0,2,2,0,2,0,1,1,1,1,0,2,2,0,1,1
4,12300.0,8100.0,Age0_F4_m4f4_P4_Y37_UO10,R4_F4_m4f4_P4_Y34_UO284,R4_F4_m4f4_P4_Y35_UO209,FXX,0,31.0,0,0,0.0,0,0,0,0.0,0.45650291442871094,1,P0_CV0,1,0,2,2,0,2,0,1,1,1,1,2,0,1,1,0,2,0,2,2,0,1,1,0,2,2,0,1,1,2,0,1,1
4,12300.0,8100.0,Age0_F4_m4f4_P4_Y37_UO77,R4_F4_m4f4_P4_Y34_UO284,R4_F4_m4f4_P4_Y35_UO265,MXY,0,31.0,0,0,0.0,0,0,0,0.0,0.46737098693847656,1,P0_CV0,1,1,1,1,1,2,0,1,1,1,1,2,0,1,1,1,1,0,2,0,2,2,0,2,0,2,0,1,1,1,1,1,1
4,12300.0,8100.0,Age0_F4_m4f4_P4_Y37_UO136,R4_F4_m4f4_P4_Y35_UO218,R4_F4_m4f4_P4_Y35_UO133,FXX,0,31.0,0,0,0.0,0,0,0,0.0,0.4978790283203125,1,P0_CV0,1,2,0,0,2,1,1,1,1,2,0,2,0,0,2,1,1,0,2,2,0,2,0,1,1,0,2,2,0,2,0,1,1
4,12300.0,8100.0,Age0_F4_m4f4_P4_Y37_UO137,R4_F4_m4f4_P4_Y35_UO218,R4_F4_m4f4_P4_Y35_UO133,MXY,0,31.0,0,0,0.0,0,0,0,0.0,0.4978790283203125,1,P0_CV0,1,1,1,0,2,0,2,1,1,1,1,2,0,0,2,1,1,0,2,2,0,2,0,0,2,1,1,2,0,1,1,0,2
4,12300.0,8100.0,Age0_F4_m4f4_P4_Y37_UO191,R4_F4_m4f4_P4_Y34_UO284,R4_F4_m4f4_P4_Y35_UO214,MXY,0,31.0,0,0,0.0,0,0,0,0.0,0.45650291442871094,1,P0_CV0,1,2,0,1,1,0,2,0,2,1,1,2,0,1,1,1,1,0,2,2,0,2,0,1,1,2,0,1,1,2,0,1,1
4,12300.0,8100.0,Age0_F4_m4f4_P4_Y37_UO192,R4_F4_m4f4_P4_Y34_UO284,R4_F4_m4f4_P4_Y35_UO214,FXX,0,31.0,0,0,0.0,0,0,0,0.0,0.45650291442871094,1,P0_CV0,1,2,0,2,0,1,1,0,2,1,1,2,0,1,1,1,1,0,2,2,0,1,1,1,1,1,1,1,1,1,1,1,1
4,12300.0,8100.0,Age0_F4_m4f4_P4_Y37_UO209,R4_F4_m4f4_P4_Y35_UO221,R4_F4_m4f4_P4_Y35_UO217,FXX,0,31.0,0,0,0.0,0,0,0,0.0,0.49776458740234375,1,P0_CV0,1,1,1,1,1,1,1,1,1,1,1,2,0,1,1,2,0,0,2,2,0,2,0,1,1,0,2,2,0,1,1,0,2
4,12300.0,8100.0,Age0_F4_m4f4_P4_Y37_UO212,R4_F4_m4f4_P4_Y35_UO221,R4_F4_m4f4_P4_Y35_UO217,MXY,0,31.0,0,0,0.0,0,0,0,0.0,0.49776458740234375,1,P0_CV0,1,0,2,0,2,1,1,1,1,1,1,2,0,1,1,2,0,0,2,2,0,2,0,0,2,0,2,1,1,1,1,0,2
4,12300.0,8100.0,Age0_F4_m4f4_P4_Y37_UO281,R4_F4_m4f4_P4_Y35_UO156,R4_F4_m4f4_P4_Y35_UO216,FXX,0,31.0,0,0,0.0,0,0,0,0.0,0.5000877380371094,1,P0_CV0,1,1,1,0,2,1,1,1,1,2,0,1,1,0,2,2,0,0,2,2,0,2,0,2,0,1,1,2,0,1,1,0,2
4,12300.0,8100.0,Age0_F4_m4f4_P4_Y37_UO286,R4_F4_m4f4_P4_Y35_UO156,R4_F4_m4f4_P4_Y35_UO216,FXX,0,31.0,0,0,0.0,0,0,0,0.0,0.5000877380371094,1,P0_CV0,1,0,2,0,2,1,1,1,1,1,1,1,1,0,2,1,1,0,2,2,0,2,0,0,2,0,2,2,0,1,1,0,2
4,12300.0,8100.0,R4_F4_m4f4_P4_Y36_UO173,R4_F4_m4f4_P4_Y34_UO197,R4_F4_m4f4_P4_Y34_UO142,FXX,1,31.0,1,1,1.103,0,0,0,-9999.0,0.4847450256347656,1,P0_CV0,1,1,1,1,1,1,1,2,0,0,2,2,0,2,0,2,0,0,2,2,0,2,0,2,0,0,2,1,1,2,0,1,1
4,12300.0,8100.0,R4_F4_m4f4_P4_Y36_UO175,R4_F4_m4f4_P4_Y34_UO197,R4_F4_m4f4_P4_Y34_UO142,MXY,1,31.0,1,1,0.0,0,0,0,-9999.0,0.4847450256347656,1,P0_CV0,1,1,1,2,0,1,1,2,0,0,2,2,0,1,1,1,1,0,2,2,0,2,0,0,2,0,2,1,1,2,0,1,1
4,12300.0,8100.0,R4_F4_m4f4_P4_Y36_UO83,R4_F4_m4f4_P4_Y34_UO197,R4_F4_m1f1_P1_Y33_UO290,MXY,1,31.0,1,1,0.0,0,0,0,-9999.0,0.45349884033203125,1,P0_CV0,1,0,2,1,1,2,0,1,1,0,2,2,0,2,0,1,1,0,2,1,1,2,0,1,1,1,1,1,1,2,0,2,0
4,12300.0,8100.0,R4_F4_m4f4_P4_Y36_UO171,R4_F4_m4f4_P4_Y34_UO197,R4_F4_m4f4_P4_Y34_UO142,MXY,1,31.0,1,1,0.0,0,0,0,-9999.0,0.4847450256347656,1,P0_CV0,1,1,1,2,0,0,2,2,0,2,0,2,0,1,1,1,1,0,2,2,0,2,0,1,1,0,2,1,1,2,0,1,1
4,12300.0,8100.0,R4_F4_m4f4_P4_Y35_UO218,R4_F4_m4f4_P4_Y30_UO240,R4_F4_m4f4_P4_Y32_UO279,FXX,2,31.0,1,0,0.0,0,0,0,-9999.0,0.49776458740234375,1,P0_CV0,1,1,1,1,1,1,1,1,1,1,1,2,0,1,1,2,0,0,2,2,0,2,0,1,1,1,1,2,0,1,1,1,1
4,12300.0,8100.0,R4_F4_m4f4_P4_Y35_UO216,R4_F4_m4f4_P4_Y30_UO240,R4_F4_m4f4_P4_Y32_UO279,MXY,2,31.0,1,0,0.0,0,0,0,-9999.0,0.49776458740234375,1,P0_CV0,1,1,1,0,2,1,1,2,0,1,1,2,0,1,1,2,0,0,2,2,0,2,0,1,1,1,1,2,0,2,0,1,1
4,12300.0,8100.0,R4_F4_m4f4_P4_Y34_UO198,R4_F4_m4f4_P4_Y29_UO8,R4_F4_m4f4_P4_Y32_UO279,FXX,3,31.0,1,0,1.652,0,0,0,-9999.0,0.47930908203125,1,P0_CV0,1,0,2,1,1,1,1,2,0,2,0,1,1,2,0,1,1,0,2,1,1,2,0,2,0,1,1,1,1,2,0,1,1
4,12300.0,8100.0,Age0_F4_m4f4_P4_Y37_UO9,R4_F4_m4f4_P4_Y34_UO284,R4_F4_m4f4_P4_Y35_UO209,FXX,0,31.0,0,0,0.0,0,0,0,0.0,0.45650291442871094,1,P1_CV0,1,0,2,2,0,1,1,1,1,1,1,2,0,1,1,1,1,1,1,1,1,1,1,1,1,1,1,1,1,2,0,1,1
4,12300.0,8100.0,Age0_F4_m4f4_P4_Y37_UO11,R4_F4_m4f4_P4_Y34_UO284,R4_F4_m4f4_P4_Y35_UO209,FXX,0,31.0,0,0,0.0,0,0,0,0.0,0.45650291442871094,1,P1_CV0,1,1,1,2,0,0,2,1,1,1,1,2,0,2,0,1,1,1,1,1,1,1,1,1,1,0,2,1,1,2,0,0,2
4,12300.0,8100.0,Age0_F4_m4f4_P4_Y37_UO12,R4_F4_m4f4_P4_Y34_UO284,R4_F4_m4f4_P4_Y35_UO209,FXX,0,31.0,0,0,0.0,0,0,0,0.0,0.45650291442871094,1,P1_CV0,1,0,2,1,1,2,0,2,0,1,1,2,0,2,0,1,1,1,1,1,1,1,1,1,1,1,1,1,1,2,0,1,1
4,12300.0,8100.0,Age0_F4_m4f4_P4_Y37_UO13,R4_F4_m4f4_P4_Y34_UO284,R4_F4_m4f4_P4_Y35_UO209,MXY,0,31.0,0,0,0.0,0,0,0,0.0,0.45650291442871094,1,P1_CV0,1,1,1,1,1,2,0,1,1,1,1,2,0,1,1,2,0,0,2,2,0,2,0,1,1,1,1,1,1,2,0,1,1
4,12300.0,8100.0,Age0_F4_m4f4_P4_Y37_UO19,R4_F4_m4f4_P4_Y33_UO211,R4_F4_m4f4_P4_Y34_UO200,MXY,0,31.0,0,0,0.0,0,0,0,0.0,0.48479461669921875,1,P1_CV0,1,0,2,2,0,2,0,2,0,0,2,2,0,0,2,1,1,0,2,1,1,2,0,1,1,1,1,2,0,1,1,1,1
4,12300.0,8100.0,Age0_F4_m4f4_P4_Y37_UO20,R4_F4_m4f4_P4_Y33_UO211,R4_F4_m4f4_P4_Y34_UO200,FXX,0,31.0,0,0,0.0,0,0,0,0.0,0.48479461669921875,1,P1_CV0,1,0,2,2,0,2,0,1,1,0,2,2,0,1,1,1,1,0,2,2,0,2,0,1,1,1,1,2,0,1,1,0,2
4,12300.0,8100.0,Age0_F4_m4f4_P4_Y37_UO22,R4_F4_m4f4_P4_Y33_UO211,R4_F4_m4f4_P4_Y34_UO200,FXX,0,31.0,0,0,0.0,0,0,0,0.0,0.48479461669921875,1,P1_CV0,1,0,2,2,0,1,1,1,1,0,2,2,0,0,2,1,1,0,2,1,1,2,0,1,1,1,1,2,0,1,1,2,0
4,12300.0,8100.0,Age0_F4_m4f4_P4_Y37_UO24,R4_F4_m4f4_P4_Y33_UO211,R4_F4_m4f4_P4_Y34_UO200,FXX,0,31.0,0,0,0.0,0,0,0,0.0,0.48479461669921875,1,P1_CV0,1,0,2,2,0,1,1,1,1,0,2,2,0,1,1,1,1,0,2,1,1,2,0,1,1,1,1,2,0,1,1,1,1
4,12300.0,8100.0,Age0_F4_m4f4_P4_Y37_UO25,R4_F4_m4f4_P4_Y33_UO211,R4_F4_m4f4_P4_Y34_UO200,MXY,0,31.0,0,0,0.0,0,0,0,0.0,0.48479461669921875,1,P1_CV0,1,0,2,2,0,2,0,2,0,0,2,2,0,2,0,1,1,0,2,1,1,2,0,1,1,1,1,2,0,1,1,1,1
4,12300.0,8100.0,Age0_F4_m4f4_P4_Y37_UO134,R4_F4_m4f4_P4_Y35_UO218,R4_F4_m4f4_P4_Y35_UO133,FXX,0,31.0,0,0,0.0,0,0,0,0.0,0.4978790283203125,1,P1_CV0,1,1,1,1,1,0,2,1,1,0,2,2,0,1,1,1,1,0,2,2,0,2,0,1,1,2,0,2,0,2,0,1,1
4,12300.0,8100.0,Age0_F4_m4f4_P4_Y37_UO135,R4_F4_m4f4_P4_Y35_UO218,R4_F4_m4f4_P4_Y35_UO133,MXY,0,31.0,0,0,0.0,0,0,0,0.0,0.4978790283203125,1,P1_CV0,1,1,1,1,1,1,1,1,1,0,2,2,0,1,1,2,0,0,2,2,0,2,0,1,1,1,1,2,0,2,0,1,1
4,12300.0,8100.0,Age0_F4_m4f4_P4_Y37_UO138,R4_F4_m4f4_P4_Y35_UO218,R4_F4_m4f4_P4_Y35_UO133,MXY,0,31.0,0,0,0.0,0,0,0,0.0,0.4978790283203125,1,P1_CV0,1,2,0,1,1,1,1,2,0,1,1,2,0,1,1,1,1,0,2,2,0,2,0,1,1,0,2,2,0,1,1,0,2
4,12300.0,8100.0,Age0_F4_m4f4_P4_Y37_UO142,R4_F4_m5f5_P5_Y34_UO115,R4_F4_m4f4_P4_Y35_UO220,FXX,0,31.0,0,0,0.0,0,0,0,0.0,0.4748115539550781,1,P1_CV0,1,2,0,0,2,1,1,1,1,1,1,2,0,1,1,1,1,0,2,1,1,2,0,2,0,1,1,0,2,2,0,2,0
4,12300.0,8100.0,Age0_F4_m4f4_P4_Y37_UO144,R4_F4_m5f5_P5_Y34_UO115,R4_F4_m4f4_P4_Y35_UO220,FXX,0,31.0,0,0,0.0,0,0,0,0.0,0.4748115539550781,1,P1_CV0,1,1,1,0,2,2,0,1,1,1,1,2,0,1,1,1,1,0,2,1,1,2,0,2,0,1,1,1,1,1,1,1,1
4,12300.0,8100.0,Age0_F4_m4f4_P4_Y37_UO210,R4_F4_m4f4_P4_Y35_UO221,R4_F4_m4f4_P4_Y35_UO217,MXY,0,31.0,0,0,0.0,0,0,0,0.0,0.49776458740234375,1,P1_CV0,1,1,1,0,2,1,1,1,1,1,1,2,0,1,1,2,0,0,2,2,0,2,0,2,0,1,1,0,2,2,0,2,0
4,12300.0,8100.0,Age0_F4_m4f4_P4_Y37_UO211,R4_F4_m4f4_P4_Y35_UO221,R4_F4_m4f4_P4_Y35_UO217,FXX,0,31.0,0,0,0.0,0,0,0,0.0,0.49776458740234375,1,P1_CV0,1,2,0,0,2,1,1,1,1,2,0,2,0,1,1,1,1,0,2,2,0,2,0,2,0,1,1,1,1,2,0,1,1
4,12300.0,8100.0,Age0_F4_m4f4_P4_Y37_UO213,R4_F4_m4f4_P4_Y35_UO207,R4_F4_m4f4_P4_Y35_UO133,FXX,0,31.0,0,0,0.0,0,0,0,0.0,0.48157691955566406,1,P1_CV0,1,1,1,0,2,0,2,2,0,1,1,2,0,1,1,1,1,0,2,2,0,1,1,0,2,2,0,2,0,1,1,1,1
4,12300.0,8100.0,Age0_F4_m4f4_P4_Y37_UO214,R4_F4_m4f4_P4_Y35_UO207,R4_F4_m4f4_P4_Y35_UO133,FXX,0,31.0,0,0,0.0,0,0,0,0.0,0.48157691955566406,1,P1_CV0,1,2,0,0,2,0,2,1,1,2,0,2,0,1,1,0,2,0,2,2,0,2,0,1,1,1,1,2,0,1,1,0,2
4,12300.0,8100.0,Age0_F4_m4f4_P4_Y37_UO215,R4_F4_m4f4_P4_Y35_UO207,R4_F4_m4f4_P4_Y35_UO133,FXX,0,31.0,0,0,0.0,0,0,0,0.0,0.48157691955566406,1,P1_CV0,1,1,1,0,2,0,2,2,0,2,0,2,0,1,1,0,2,0,2,2,0,1,1,1,1,0,2,2,0,2,0,1,1
4,12300.0,8100.0,Age0_F4_m4f4_P4_Y37_UO267,R4_F4_m4f4_P4_Y35_UO221,R4_F4_m4f4_P4_Y34_UO200,FXX,0,31.0,0,0,0.0,0,0,0,0.0,0.4885368347167969,1,P1_CV0,1,0,2,1,1,1,1,1,1,1,1,2,0,2,0,2,0,0,2,1,1,2,0,2,0,0,2,2,0,1,1,1,1
4,12300.0,8100.0,Age0_F4_m4f4_P4_Y37_UO268,R4_F4_m4f4_P4_Y35_UO221,R4_F4_m4f4_P4_Y34_UO200,FXX,0,31.0,0,0,0.0,0,0,0,0.0,0.4885368347167969,1,P1_CV0,1,1,1,2,0,1,1,2,0,1,1,2,0,1,1,1,1,0,2,1,1,2,0,1,1,0,2,1,1,2,0,1,1
4,12300.0,8100.0,Age0_F4_m4f4_P4_Y37_UO269,R4_F4_m4f4_P4_Y35_UO221,R4_F4_m4f4_P4_Y34_UO200,MXY,0,31.0,0,0,0.0,0,0,0,0.0,0.4885368347167969,1,P1_CV0,1,1,1,1,1,1,1,1,1,1,1,2,0,2,0,2,0,0,2,2,0,2,0,2,0,0,2,2,0,1,1,2,0
4,12300.0,8100.0,Age0_F4_m4f4_P4_Y37_UO270,R4_F4_m4f4_P4_Y35_UO221,R4_F4_m4f4_P4_Y34_UO200,FXX,0,31.0,0,0,0.0,0,0,0,0.0,0.4885368347167969,1,P1_CV0,1,0,2,2,0,2,0,1,1,1,1,2,0,1,1,2,0,0,2,2,0,2,0,2,0,0,2,1,1,2,0,2,0
4,12300.0,8100.0,R4_F4_m4f4_P4_Y36_UO269,R4_F4_m4f4_P4_Y34_UO234,R4_F4_m4f4_P4_Y32_UO66,MXY,1,31.0,1,1,0.0,0,0,0,-9999.0,0.5148258209228516,1,P1_CV0,1,1,1,0,2,2,0,2,0,1,1,2,0,1,1,0,2,1,1,1,1,2,0,0,2,1,1,2,0,1,1,1,1
4,12300.0,8100.0,R4_F4_m4f4_P4_Y36_UO192,R4_F4_m4f4_P4_Y34_UO292,R4_F4_m4f4_P4_Y34_UO142,FXX,1,31.0,1,1,0.0,0,0,0,-9999.0,0.49738121032714844,1,P1_CV0,1,2,0,1,1,1,1,2,0,0,2,1,1,0,2,0,2,1,1,2,0,2,0,1,1,1,1,2,0,2,0,0,2
4,12300.0,8100.0,R4_F4_m4f4_P4_Y36_UO94,R4_F4_m4f4_P4_Y34_UO234,R4_F4_m4f4_P4_Y33_UO243,FXX,1,31.0,1,1,1.0,0,0,0,-9999.0,0.5053310394287109,1,P1_CV0,1,2,0,0,2,0,2,1,1,2,0,2,0,0,2,0,2,1,1,2,0,2,0,0,2,1,1,1,1,0,2,0,2
4,12300.0,8100.0,R4_F4_m4f4_P4_Y35_UO221,R4_F4_m4f4_P4_Y30_UO240,R4_F4_m4f4_P4_Y32_UO279,FXX,2,31.0,1,0,1.0,0,0,0,-9999.0,0.49776458740234375,1,P1_CV0,1,1,1,1,1,1,1,2,0,2,0,2,0,1,1,1,1,0,2,2,0,2,0,1,1,0,2,1,1,1,1,1,1
4,12300.0,8100.0,R4_F4_m4f4_P4_Y35_UO209,R4_F4_m4f4_P4_Y31_UO115,R4_F4_m4f4_P4_Y32_UO236,MXY,2,31.0,1,0,0.0,0,0,0,-9999.0,0.4651603698730469,1,P1_CV0,1,0,2,1,1,1,1,1,1,2,0,2,0,2,0,1,1,1,1,1,1,1,1,1,1,1,1,2,0,2,0,1,1
4,12300.0,8100.0,R4_F4_m4f4_P4_Y35_UO220,R4_F4_m4f4_P4_Y30_UO240,R4_F4_m4f4_P4_Y32_UO279,MXY,2,31.0,1,0,0.0,0,0,0,-9999.0,0.49776458740234375,1,P1_CV0,1,1,1,0,2,1,1,2,0,1,1,2,0,2,0,2,0,0,2,2,0,2,0,1,1,0,2,1,1,1,1,1,1
4,12300.0,8100.0,R4_F4_m4f4_P4_Y35_UO137,R4_F4_m4f4_P4_Y30_UO240,R4_F4_m4f4_P4_Y32_UO51,FXX,2,31.0,1,0,1.694,0,0,0,-9999.0,0.49799346923828125,1,P1_CV0,1,2,0,1,1,0,2,2,0,1,1,1,1,0,2,1,1,1,1,2,0,2,0,1,1,1,1,2,0,1,1,0,2
4,12300.0,8100.0,R4_F4_m4f4_P4_Y34_UO234,R4_F4_m4f4_P4_Y32_UO2,R4_F4_m4f4_P4_Y32_UO127,FXX,3,31.0,1,0,1.064,0,0,0,-9999.0,0.5146903991699219,1,P1_CV0,1,1,1,0,2,1,1,2,0,1,1,2,0,0,2,0,2,0,2,2,0,2,0,0,2,2,0,2,0,0,2,1,1
4,12300.0,8100.0,R4_F4_m4f4_P4_Y33_UO206,RD4_F4_m4f4_P4_Y29_UO8,R4_F4_m4f4_P4_Y31_UO173,MXY,4,31.0,1,0,0.0,0,0,0,-9999.0,0.4817962646484375,1,P1_CV0,1,0,2,0,2,1,1,2,0,1,1,2,0,1,1,1,1,1,1,1,1,2,0,2,0,1,1,0,2,2,0,1,1
4,12300.0,8100.0,Age0_F4_m4f4_P4_Y37_UO143,R4_F4_m5f5_P5_Y34_UO115,R4_F4_m4f4_P4_Y35_UO220,FXX,0,31.0,0,0,0.0,0,0,0,0.0,0.4748115539550781,1,P2_CV0,1,1,1,1,1,0,2,1,1,1,1,2,0,1,1,1,1,0,2,2,0,2,0,2,0,1,1,2,0,1,1,1,1
4,12300.0,8100.0,R4_F4_m4f4_P4_Y35_UO96,R4_F4_m4f4_P4_Y32_UO285,R4_F4_m4f4_P4_Y33_UO192,MXY,2,31.0,1,0,0.0,0,0,0,-9999.0,0.4798393249511719,1,P2_CV0,1,1,1,1,1,1,1,2,0,0,2,2,0,1,1,1,1,0,2,2,0,1,1,0,2,0,2,0,2,0,2,1,1
4,12300.0,8100.0,R4_F4_m2f2_P2_Y33_UO166,R2_F2_m2f2_P2_Y31_UO71,R2_F2_m2f2_P2_Y31_UO269,FXX,4,31.0,1,0,0.0,0,0,0,-9999.0,0.480194091796875,1,P2_CV0,1,2,0,1,1,0,2,0,2,1,1,1,1,1,1,2,0,2,0,0,2,2,0,1,1,1,1,1,1,2,0,2,0
4,12300.0,8100.0,Age0_F4_m4f4_P4_Y37_UO2,R4_F4_m4f4_P4_Y34_UO78,R4_F4_m4f4_P4_Y34_UO273,MXY,0,31.0,0,0,0.0,0,0,0,0.0,0.4921760559082031,1,P3_CV0,1,0,2,0,2,1,1,2,0,1,1,2,0,1,1,0,2,0,2,1,1,2,0,0,2,2,0,2,0,0,2,1,1
4,12300.0,8100.0,Age0_F4_m4f4_P4_Y37_UO3,R4_F4_m4f4_P4_Y34_UO78,R4_F4_m4f4_P4_Y34_UO273,MXY,0,31.0,0,0,0.0,0,0,0,0.0,0.4921760559082031,1,P3_CV0,1,0,2,1,1,0,2,2,0,2,0,2,0,0,2,0,2,0,2,2,0,2,0,0,2,1,1,2,0,0,2,1,1
4,12300.0,8100.0,Age0_F4_m4f4_P4_Y37_UO4,R4_F4_m4f4_P4_Y34_UO78,R4_F4_m4f4_P4_Y34_UO273,FXX,0,31.0,0,0,0.0,0,0,0,0.0,0.4921760559082031,1,P3_CV0,1,1,1,0,2,1,1,2,0,2,0,2,0,1,1,0,2,0,2,1,1,2,0,0,2,1,1,2,0,1,1,2,0
4,12300.0,8100.0,Age0_F4_m4f4_P4_Y37_UO5,R4_F4_m4f4_P4_Y34_UO78,R4_F4_m4f4_P4_Y34_UO273,FXX,0,31.0,0,0,0.0,0,0,0,0.0,0.4921760559082031,1,P3_CV0,1,0,2,0,2,1,1,2,0,2,0,2,0,1,1,0,2,0,2,1,1,2,0,0,2,1,1,2,0,1,1,2,0
4,12300.0,8100.0,Age0_F4_m4f4_P4_Y37_UO6,R4_F4_m4f4_P4_Y34_UO78,R4_F4_m4f4_P4_Y34_UO273,FXX,0,31.0,0,0,0.0,0,0,0,0.0,0.4921760559082031,1,P3_CV0,1,1,1,1,1,0,2,2,0,1,1,1,1,0,2,0,2,0,2,2,0,2,0,0,2,2,0,2,0,1,1,2,0
4,12300.0,8100.0,Age0_F4_m4f4_P4_Y37_UO7,R4_F4_m4f4_P4_Y34_UO78,R4_F4_m4f4_P4_Y34_UO273,FXX,0,31.0,0,0,0.0,0,0,0,0.0,0.4921760559082031,1,P3_CV0,1,1,1,0,2,0,2,2,0,2,0,2,0,1,1,0,2,0,2,1,1,2,0,0,2,2,0,2,0,0,2,1,1
4,12300.0,8100.0,Age0_F4_m4f4_P4_Y37_UO8,R4_F4_m4f4_P4_Y34_UO78,R4_F4_m4f4_P4_Y34_UO273,FXX,0,31.0,0,0,0.0,0,0,0,0.0,0.4921760559082031,1,P3_CV0,1,0,2,1,1,1,1,2,0,2,0,2,0,0,2,0,2,0,2,1,1,2,0,0,2,1,1,2,0,1,1,2,0
4,12300.0,8100.0,Age0_F4_m4f4_P4_Y37_UO32,R4_F4_m4f4_P4_Y34_UO284,RD4_F4_m4f4_P4_Y33_UO243,MXY,0,31.0,0,0,0.0,0,0,0,0.0,0.4719085693359375,1,P3_CV0,1,1,1,1,1,0,2,1,1,1,1,2,0,2,0,0,2,1,1,1,1,2,0,2,0,2,0,1,1,1,1,0,2
4,12300.0,8100.0,Age0_F4_m4f4_P4_Y37_UO33,R4_F4_m4f4_P4_Y34_UO284,RD4_F4_m4f4_P4_Y33_UO243,FXX,0,31.0,0,0,0.0,0,0,0,0.0,0.4719085693359375,1,P3_CV0,1,1,1,1,1,1,1,1,1,1,1,1,1,0,2,1,1,0,2,2,0,2,0,2,0,2,0,1,1,2,0,0,2
4,12300.0,8100.0,Age0_F4_m4f4_P4_Y37_UO157,R4_F4_m4f4_P4_Y34_UO270,R4_F4_m4f4_P4_Y34_UO135,MXY,0,31.0,0,0,0.0,0,0,0,0.0,0.4904632568359375,1,P3_CV0,1,1,1,0,2,0,2,2,0,2,0,2,0,1,1,1,1,1,1,2,0,2,0,0,2,1,1,1,1,0,2,1,1
4,12300.0,8100.0,Age0_F4_m4f4_P4_Y37_UO158,R4_F4_m4f4_P4_Y34_UO270,R4_F4_m4f4_P4_Y34_UO135,MXY,0,31.0,0,0,0.0,0,0,0,0.0,0.4904632568359375,1,P3_CV0,1,1,1,1,1,0,2,1,1,2,0,2,0,1,1,1,1,1,1,2,0,2,0,0,2,1,1,1,1,1,1,1,1
4,12300.0,8100.0,Age0_F4_m4f4_P4_Y37_UO159,R4_F4_m4f4_P4_Y34_UO270,R4_F4_m4f4_P4_Y34_UO135,FXX,0,31.0,0,0,0.0,0,0,0,0.0,0.4904632568359375,1,P3_CV0,1,1,1,0,2,1,1,2,0,2,0,2,0,1,1,1,1,1,1,2,0,1,1,0,2,1,1,2,0,1,1,1,1
4,12300.0,8100.0,Age0_F4_m4f4_P4_Y37_UO282,R4_F4_m4f4_P4_Y35_UO156,R4_F4_m4f4_P4_Y35_UO216,FXX,0,31.0,0,0,0.0,0,0,0,0.0,0.5000877380371094,1,P3_CV0,1,2,0,0,2,0,2,2,0,1,1,2,0,0,2,1,1,0,2,2,0,2,0,1,1,1,1,2,0,1,1,0,2
4,12300.0,8100.0,Age0_F4_m4f4_P4_Y37_UO283,R4_F4_m4f4_P4_Y35_UO156,R4_F4_m4f4_P4_Y35_UO216,FXX,0,31.0,0,0,0.0,0,0,0,0.0,0.5000877380371094,1,P3_CV0,1,1,1,0,2,0,2,2,0,1,1,1,1,1,1,2,0,0,2,2,0,2,0,2,0,1,1,2,0,1,1,0,2
4,12300.0,8100.0,Age0_F4_m4f4_P4_Y37_UO284,R4_F4_m4f4_P4_Y35_UO156,R4_F4_m4f4_P4_Y35_UO216,FXX,0,31.0,0,0,0.0,0,0,0,0.0,0.5000877380371094,1,P3_CV0,1,1,1,0,2,1,1,1,1,2,0,1,1,1,1,1,1,0,2,2,0,2,0,1,1,1,1,2,0,1,1,0,2
4,12300.0,8100.0,Age0_F4_m4f4_P4_Y37_UO285,R4_F4_m4f4_P4_Y35_UO156,R4_F4_m4f4_P4_Y35_UO216,FXX,0,31.0,0,0,0.0,0,0,0,0.0,0.5000877380371094,1,P3_CV0,1,2,0,0,2,0,2,2,0,1,1,2,0,1,1,1,1,0,2,2,0,2,0,1,1,0,2,2,0,1,1,1,1
4,12300.0,8100.0,R4_F4_m4f4_P4_Y36_UO136,R4_F4_m4f4_P4_Y32_UO2,R4_F4_m4f4_P4_Y31_UO176,FXX,1,31.0,1,1,0.0,0,0,0,-9999.0,0.5033073425292969,1,P3_CV0,1,1,1,1,1,1,1,2,0,1,1,1,1,0,2,0,2,0,2,2,0,2,0,1,1,2,0,1,1,0,2,1,1
4,12300.0,8100.0,R4_F4_m4f4_P4_Y36_UO194,R4_F4_m4f4_P4_Y34_UO292,R4_F4_m4f4_P4_Y34_UO142,MXY,1,31.0,1,1,0.0,0,0,0,-9999.0,0.49738121032714844,1,P3_CV0,1,2,0,1,1,1,1,2,0,1,1,2,0,2,0,1,1,1,1,2,0,2,0,1,1,1,1,2,0,1,1,0,2
4,12300.0,8100.0,R4_F4_m4f4_P4_Y36_UO245,R4_F4_m4f4_P4_Y31_UO115,R4_F4_m4f4_P4_Y31_UO176,MXY,1,31.0,1,1,0.0,0,0,0,-9999.0,0.4654541015625,1,P3_CV0,1,2,0,2,0,1,1,1,1,0,2,2,0,1,1,0,2,0,2,2,0,0,2,0,2,0,2,1,1,1,1,1,1
4,12300.0,8100.0,R4_F4_m4f4_P4_Y36_UO138,R4_F4_m4f4_P4_Y32_UO2,R4_F4_m4f4_P4_Y31_UO176,MXY,1,31.0,1,1,0.0,0,0,0,-9999.0,0.5033073425292969,1,P3_CV0,1,2,0,1,1,0,2,2,0,1,1,1,1,1,1,0,2,0,2,2,0,2,0,0,2,2,0,1,1,1,1,2,0
4,12300.0,8100.0,R4_F4_m4f4_P4_Y36_UO232,R4_F4_m4f4_P4_Y34_UO292,R4_F4_m4f4_P4_Y32_UO66,FXX,1,31.0,1,1,2.467,0,0,0,-9999.0,0.5097713470458984,1,P3_CV0,1,1,1,0,2,1,1,2,0,0,2,1,1,1,1,1,1,2,0,1,1,2,0,0,2,1,1,2,0,1,1,1,1
4,12300.0,8100.0,R4_F4_m4f4_P4_Y36_UO285,R4_F4_m4f4_P4_Y34_UO292,R4_F4_m4f4_P4_Y33_UO192,FXX,1,31.0,1,1,1.155,0,0,0,-9999.0,0.49162864685058594,1,P3_CV0,1,1,1,0,2,1,1,1,1,1,1,2,0,2,0,1,1,0,2,2,0,2,0,0,2,1,1,1,1,0,2,0,2
4,12300.0,8100.0,R4_F4_m4f4_P4_Y36_UO286,R4_F4_m4f4_P4_Y34_UO143,R4_F4_m4f4_P4_Y34_UO135,MXY,1,31.0,1,1,0.0,0,0,0,-9999.0,0.4909706115722656,1,P3_CV0,1,2,0,1,1,0,2,2,0,1,1,2,0,1,1,0,2,0,2,2,0,1,1,0,2,0,2,2,0,1,1,0,2
4,12300.0,8100.0,R4_F4_m4f4_P4_Y36_UO236,R4_F4_m4f4_P4_Y34_UO292,R4_F4_m4f4_P4_Y32_UO66,MXY,1,31.0,1,1,0.0,0,0,0,-9999.0,0.5097713470458984,1,P3_CV0,1,2,0,1,1,1,1,2,0,1,1,1,1,1,1,1,1,2,0,1,1,2,0,0,2,1,1,1,1,1,1,0,2
4,12300.0,8100.0,R4_F4_m4f4_P4_Y36_UO161,R4_F4_m4f4_P4_Y32_UO2,R4_F4_m4f4_P4_Y33_UO243,FXX,1,31.0,1,1,1.444,0,0,0,-9999.0,0.5054664611816406,1,P3_CV0,1,0,2,0,2,0,2,2,0,1,1,2,0,1,1,2,0,0,2,2,0,2,0,0,2,2,0,2,0,1,1,0,2
4,12300.0,8100.0,R4_F4_m4f4_P4_Y36_UO95,R4_F4_m4f4_P4_Y34_UO234,R4_F4_m4f4_P4_Y33_UO243,FXX,1,31.0,1,1,1.643,0,0,0,-9999.0,0.5053310394287109,1,P3_CV0,1,1,1,0,2,1,1,2,0,2,0,2,0,0,2,0,2,0,2,2,0,2,0,0,2,1,1,1,1,0,2,1,1
4,12300.0,8100.0,R4_F4_m4f4_P4_Y35_UO103,R4_F4_m4f4_P4_Y32_UO285,R4_F4_m4f4_P4_Y33_UO243,FXX,2,31.0,1,0,1.0,0,0,0,-9999.0,0.48848724365234375,1,P3_CV0,1,1,1,0,2,0,2,2,0,2,0,1,1,1,1,1,1,0,2,1,1,2,0,1,1,2,0,2,0,0,2,1,1
4,12300.0,8100.0,R4_F4_m4f4_P4_Y34_UO135,R4_F4_m4f4_P4_Y30_UO240,R4_F4_m4f4_P4_Y32_UO46,MXY,3,31.0,1,0,0.0,0,0,0,-9999.0,0.49176025390625,1,P3_CV0,1,2,0,1,1,0,2,1,1,2,0,1,1,1,1,0,2,1,1,2,0,1,1,0,2,0,2,2,0,1,1,0,2
4,12300.0,8100.0,R4_F4_m4f4_P4_Y34_UO273,R4_F4_m4f4_P4_Y32_UO50,R4_F4_m4f4_P4_Y32_UO43,MXY,3,31.0,1,0,0.0,0,0,0,-9999.0,0.4971466064453125,1,P3_CV0,1,1,1,0,2,1,1,2,0,1,1,2,0,0,2,0,2,0,2,2,0,2,0,0,2,2,0,2,0,1,1,2,0
4,12300.0,8100.0,R4_F4_m4f4_P4_Y33_UO243,RD4_F4_m4f4_P4_Y29_UO8,R4_F4_m4f4_P4_Y31_UO141,MXY,4,31.0,1,0,0.0,0,0,0,-9999.0,0.4959716796875,1,P3_CV0,1,1,1,0,2,0,2,1,1,2,0,1,1,1,1,1,1,1,1,2,0,2,0,1,1,1,1,1,1,1,1,0,2
4,12300.0,8100.0,R4_F4_m4f4_P4_Y32_UO66,R4_F4_m4f4_P4_Y29_UO275,R4_F4_m4f4_P4_Y30_UO134,MXY,5,31.0,1,0,0.0,0,0,0,-9999.0,0.5149612426757812,1,P3_CV0,1,1,1,1,1,1,1,2,0,0,2,2,0,1,1,0,2,1,1,1,1,2,0,0,2,0,2,1,1,1,1,1,1
4,12300.0,8100.0,Age0_F4_m4f4_P4_Y37_UO21,R4_F4_m4f4_P4_Y33_UO211,R4_F4_m4f4_P4_Y34_UO200,MXY,0,31.0,0,0,0.0,0,0,0,0.0,0.48479461669921875,1,P4_CV0,1,0,2,2,0,2,0,2,0,0,2,2,0,2,0,1,1,0,2,1,1,2,0,1,1,1,1,2,0,1,1,0,2
4,12300.0,8100.0,Age0_F4_m4f4_P4_Y37_UO23,R4_F4_m4f4_P4_Y33_UO211,R4_F4_m4f4_P4_Y34_UO200,MXY,0,31.0,0,0,0.0,0,0,0,0.0,0.48479461669921875,1,P4_CV0,1,0,2,1,1,1,1,2,0,0,2,2,0,2,0,1,1,0,2,1,1,2,0,1,1,1,1,2,0,1,1,1,1
4,12300.0,8100.0,Age0_F4_m4f4_P4_Y37_UO75,R4_F4_m4f4_P4_Y34_UO284,R4_F4_m4f4_P4_Y35_UO265,FXX,0,31.0,0,0,0.0,0,0,0,0.0,0.46737098693847656,1,P4_CV0,1,1,1,2,0,2,0,1,1,1,1,2,0,0,2,0,2,1,1,1,1,2,0,1,1,0,2,1,1,1,1,1,1
4,12300.0,8100.0,Age0_F4_m4f4_P4_Y37_UO76,R4_F4_m4f4_P4_Y34_UO284,R4_F4_m4f4_P4_Y35_UO265,FXX,0,31.0,0,0,0.0,0,0,0,0.0,0.46737098693847656,1,P4_CV0,1,1,1,2,0,0,2,1,1,1,1,2,0,0,2,1,1,0,2,1,1,2,0,1,1,1,1,0,2,1,1,0,2
4,12300.0,8100.0,Age0_F4_m4f4_P4_Y37_UO193,R4_F4_m4f4_P4_Y34_UO284,R4_F4_m4f4_P4_Y35_UO214,FXX,0,31.0,0,0,0.0,0,0,0,0.0,0.45650291442871094,1,P4_CV0,1,1,1,2,0,0,2,1,1,1,1,2,0,2,0,1,1,0,2,2,0,1,1,0,2,1,1,1,1,2,0,2,0
4,12300.0,8100.0,R4_F4_m4f4_P4_Y35_UO211,R4_F4_m4f4_P4_Y31_UO115,R4_F4_m4f4_P4_Y32_UO236,MXY,2,31.0,1,0,0.0,0,0,0,-9999.0,0.4651603698730469,1,P4_CV0,1,1,1,0,2,1,1,1,1,1,1,1,1,1,1,1,1,1,1,2,0,1,1,0,2,0,2,2,0,1,1,1,1
4,12300.0,8100.0,R4_F4_m4f4_P4_Y35_UO97,R4_F4_m4f4_P4_Y32_UO285,R4_F4_m4f4_P4_Y33_UO192,FXX,2,31.0,1,0,0.0,0,0,0,-9999.0,0.4798393249511719,1,P4_CV0,1,0,2,0,2,0,2,2,0,1,1,1,1,1,1,1,1,0,2,1,1,1,1,1,1,1,1,1,1,0,2,0,2
4,12300.0,8100.0,R4_F4_m4f4_P4_Y35_UO171,R4_F4_m4f4_P4_Y31_UO284,R4_F4_m4f4_P4_Y33_UO182,MXY,2,31.0,1,0,0.0,0,0,0,-9999.0,0.4888038635253906,1,P4_CV0,1,2,0,1,1,2,0,2,0,1,1,2,0,1,1,0,2,0,2,2,0,1,1,1,1,2,0,2,0,1,1,0,2
4,12300.0,8100.0,R4_F4_m4f4_P4_Y35_UO265,R4_F4_m4f4_P4_Y33_UO239,R4_F4_m4f4_P4_Y33_UO182,MXY,2,31.0,1,0,0.0,0,0,0,-9999.0,0.4868965148925781,1,P4_CV0,1,1,1,1,1,1,1,2,0,2,0,2,0,1,1,0,2,1,1,1,1,2,0,2,0,1,1,1,1,0,2,0,2
4,12300.0,8100.0,R4_F4_m3f3_P3_Y35_UO186,R3_F3_m3f3_P3_Y33_UO80,R3_F3_m3f3_P3_Y31_UO254,FXX,2,31.0,1,0,2.526,0,0,0,-9999.0,0.4553718566894531,1,P4_CV0,1,2,0,0,2,2,0,2,0,2,0,0,2,1,1,1,1,1,1,1,1,2,0,1,1,1,1,0,2,1,1,1,1
4,12300.0,8100.0,R4_F4_m4f4_P4_Y33_UO211,R4_F4_m4f4_P4_Y31_UO287,R4_F4_m4f4_P4_Y29_UO114,FXX,4,31.0,1,0,2.108,0,0,0,-9999.0,0.4902801513671875,1,P4_CV0,1,0,2,2,0,2,0,2,0,0,2,2,0,1,1,0,2,0,2,2,0,2,0,0,2,2,0,2,0,0,2,1,1
5,12300.0,8200.0,Age0_F5_m5f5_P5_Y37_UO82,R5_F5_m5f5_P5_Y35_UO108,RD5_F5_m5f5_P5_Y34_UO124,MXY,0,31.0,0,0,0.0,0,0,0,0.0,0.4663276672363281,1,P2_CV0,1,1,1,1,1,1,1,2,0,1,1,2,0,0,2,0,2,0,2,2,0,2,0,0,2,1,1,1,1,1,1,0,2
5,12300.0,8200.0,Age0_F5_m5f5_P5_Y37_UO83,R5_F5_m5f5_P5_Y35_UO108,RD5_F5_m5f5_P5_Y34_UO124,MXY,0,31.0,0,0,0.0,0,0,0,0.0,0.4663276672363281,1,P2_CV0,1,1,1,1,1,1,1,2,0,1,1,1,1,0,2,0,2,1,1,2,0,2,0,1,1,1,1,1,1,1,1,1,1
5,12300.0,8200.0,Age0_F5_m5f5_P5_Y37_UO155,R5_F5_m5f5_P5_Y35_UO48,R5_F5_m5f5_P5_Y35_UO141,FXX,0,31.0,0,0,0.0,0,0,0,0.0,0.4515838623046875,1,P2_CV0,1,2,0,1,1,2,0,1,1,0,2,1,1,1,1,0,2,0,2,1,1,2,0,1,1,1,1,0,2,1,1,1,1
5,12300.0,8200.0,Age0_F5_m5f5_P5_Y37_UO168,R5_F5_m5f5_P5_Y33_UO30,R5_F5_m5f5_P5_Y35_UO120,MXY,0,31.0,0,0,0.0,0,0,0,0.0,0.4572620391845703,1,P2_CV0,1,2,0,2,0,1,1,2,0,1,1,1,1,0,2,1,1,0,2,1,1,2,0,1,1,2,0,1,1,1,1,1,1
5,12300.0,8200.0,Age0_F5_m5f5_P5_Y37_UO170,R5_F5_m5f5_P5_Y33_UO30,R5_F5_m5f5_P5_Y35_UO120,FXX,0,31.0,0,0,0.0,0,0,0,0.0,0.4572620391845703,1,P2_CV0,1,1,1,1,1,1,1,1,1,1,1,1,1,0,2,1,1,0,2,1,1,2,0,1,1,2,0,0,2,0,2,1,1
5,12300.0,8200.0,R5_F5_m5f5_P5_Y36_UO102,R5_F5_m5f5_P5_Y34_UO195,R5_F5_m5f5_P5_Y33_UO46,FXX,1,31.0,1,1,1.115,0,0,0,-9999.0,0.45476531982421875,1,P2_CV0,1,2,0,2,0,1,1,1,1,0,2,2,0,0,2,1,1,0,2,1,1,2,0,1,1,2,0,2,0,2,0,1,1
5,12300.0,8200.0,R5_F5_m5f5_P5_Y35_UO48,R5_F5_m5f5_P5_Y33_UO30,R5_F5_m5f5_P5_Y32_UO134,FXX,2,31.0,1,0,1.0,0,0,0,-9999.0,0.4545783996582031,1,P2_CV0,1,2,0,2,0,2,0,0,2,0,2,1,1,1,1,1,1,0,2,1,1,1,1,0,2,2,0,0,2,1,1,0,2
5,12300.0,8200.0,R5_F5_m5f5_P5_Y33_UO28,R5_F5_m5f5_P5_Y29_UO123,R5_F5_m5f5_P5_Y31_UO295,MXY,4,31.0,1,0,0.0,0,0,0,-9999.0,0.4518585205078125,1,P2_CV0,1,1,1,1,1,2,0,1,1,0,2,2,0,0,2,0,2,0,2,1,1,2,0,1,1,1,1,0,2,0,2,0,2
5,12300.0,8200.0,R5_F5_m5f5_P5_Y33_UO30,R5_F5_m5f5_P5_Y29_UO123,R5_F5_m5f5_P5_Y31_UO295,FXX,4,31.0,1,0,1.0,0,0,0,-9999.0,0.4518585205078125,1,P2_CV0,1,1,1,2,0,1,1,1,1,0,2,2,0,0,2,2,0,0,2,0,2,2,0,0,2,2,0,0,2,1,1,0,2
5,12300.0,8200.0,Age0_F5_m5f5_P5_Y37_UO84,R5_F5_m5f5_P5_Y35_UO108,RD5_F5_m5f5_P5_Y34_UO124,FXX,0,31.0,0,0,0.0,0,0,0,0.0,0.4663276672363281,1,P3_CV0,1,0,2,1,1,1,1,1,1,1,1,2,0,0,2,0,2,0,2,2,0,2,0,1,1,1,1,1,1,0,2,0,2
5,12300.0,8200.0,Age0_F5_m5f5_P5_Y37_UO85,R5_F5_m5f5_P5_Y35_UO109,R5_F5_m5f5_P5_Y32_UO75,MXY,0,31.0,0,0,0.0,0,0,0,0.0,0.4554862976074219,1,P3_CV0,1,1,1,0,2,0,2,1,1,0,2,2,0,0,2,0,2,0,2,2,0,2,0,1,1,2,0,1,1,1,1,1,1
5,12300.0,8200.0,Age0_F5_m5f5_P5_Y37_UO96,R5_F5_m5f5_P5_Y35_UO16,R5_F5_m5f5_P5_Y35_UO142,FXX,0,31.0,0,0,0.0,0,0,0,0.0,0.4541587829589844,1,P3_CV0,1,1,1,1,1,2,0,2,0,1,1,2,0,0,2,1,1,1,1,2,0,2,0,2,0,2,0,0,2,2,0,2,0
5,12300.0,8200.0,Age0_F5_m5f5_P5_Y37_UO156,R5_F5_m5f5_P5_Y35_UO48,R5_F5_m5f5_P5_Y35_UO141,FXX,0,31.0,0,0,0.0,0,0,0,0.0,0.4515838623046875,1,P3_CV0,1,2,0,1,1,2,0,1,1,1,1,1,1,0,2,0,2,0,2,1,1,2,0,0,2,1,1,1,1,0,2,1,1
5,12300.0,8200.0,Age0_F5_m5f5_P5_Y37_UO216,R5_F5_m5f5_P5_Y35_UO109,R5_F5_m5f5_P5_Y35_UO57,FXX,0,31.0,0,0,0.0,0,0,0,0.0,0.4577045440673828,1,P3_CV0,1,2,0,1,1,0,2,0,2,0,2,2,0,0,2,0,2,0,2,2,0,2,0,1,1,2,0,1,1,0,2,2,0
5,12300.0,8200.0,Age0_F5_m5f5_P5_Y37_UO218,R5_F5_m5f5_P5_Y35_UO109,R5_F5_m5f5_P5_Y35_UO57,FXX,0,31.0,0,0,0.0,0,0,0,0.0,0.4577045440673828,1,P3_CV0,1,1,1,1,1,1,1,0,2,0,2,2,0,0,2,0,2,0,2,2,0,2,0,2,0,2,0,1,1,0,2,2,0
5,12300.0,8200.0,Age0_F5_m5f5_P5_Y37_UO219,R5_F5_m5f5_P5_Y35_UO109,R5_F5_m5f5_P5_Y35_UO57,FXX,0,31.0,0,0,0.0,0,0,0,0.0,0.4577045440673828,1,P3_CV0,1,1,1,2,0,1,1,1,1,0,2,2,0,0,2,0,2,0,2,2,0,2,0,1,1,2,0,1,1,0,2,1,1
5,12300.0,8200.0,Age0_F5_m5f5_P5_Y37_UO310,R5_F5_m5f5_P5_Y34_UO103,R5_F5_m5f5_P5_Y34_UO215,MXY,0,31.0,0,0,0.0,0,0,0,0.0,0.4510955810546875,1,P3_CV0,1,1,1,2,0,2,0,2,0,0,2,2,0,0,2,1,1,0,2,2,0,2,0,1,1,2,0,1,1,1,1,1,1
5,12300.0,8200.0,R5_F5_m5f5_P5_Y36_UO273,R5_F5_m5f5_P5_Y31_UO293,R5_F5_m5f5_P5_Y33_UO124,FXX,1,31.0,1,1,1.061,0,0,0,-9999.0,0.4541435241699219,1,P3_CV0,1,0,2,1,1,2,0,1,1,0,2,2,0,0,2,0,2,0,2,2,0,2,0,0,2,2,0,2,0,1,1,2,0
5,12300.0,8200.0,R5_F5_m5f5_P5_Y36_UO272,R5_F5_m5f5_P5_Y31_UO293,R5_F5_m5f5_P5_Y33_UO124,MXY,1,31.0,1,1,0.0,0,0,0,-9999.0,0.4541435241699219,1,P3_CV0,1,1,1,1,1,2,0,1,1,0,2,2,0,0,2,0,2,0,2,2,0,2,0,0,2,2,0,2,0,1,1,0,2
5,12300.0,8200.0,R5_F5_m5f5_P5_Y36_UO101,R5_F5_m5f5_P5_Y34_UO195,R5_F5_m5f5_P5_Y33_UO46,MXY,1,31.0,1,1,0.0,0,0,0,-9999.0,0.45476531982421875,1,P3_CV0,1,2,0,1,1,2,0,0,2,0,2,2,0,0,2,0,2,0,2,1,1,2,0,1,1,2,0,2,0,2,0,2,0
5,12300.0,8200.0,R5_F5_m5f5_P5_Y36_UO183,R5_F5_m5f5_P5_Y33_UO118,R5_F5_m5f5_P5_Y32_UO157,MXY,1,31.0,1,1,0.0,0,0,0,-9999.0,0.45412445068359375,1,P3_CV0,1,0,2,1,1,2,0,0,2,1,1,2,0,1,1,1,1,0,2,2,0,2,0,0,2,2,0,2,0,1,1,1,1
5,12300.0,8200.0,R5_F5_m5f5_P5_Y36_UO190,R5_F5_m5f5_P5_Y34_UO185,R5_F5_m5f5_P5_Y34_UO4,FXX,1,31.0,1,1,1.209,0,0,0,-9999.0,0.4561767578125,1,P3_CV0,1,1,1,2,0,0,2,2,0,1,1,2,0,0,2,0,2,0,2,2,0,2,0,0,2,2,0,2,0,2,0,1,1
5,12300.0,8200.0,R5_F5_m5f5_P5_Y36_UO184,R5_F5_m5f5_P5_Y33_UO118,R5_F5_m5f5_P5_Y32_UO157,MXY,1,31.0,1,1,0.0,0,0,0,-9999.0,0.45412445068359375,1,P3_CV0,1,1,1,2,0,2,0,1,1,1,1,2,0,1,1,1,1,0,2,2,0,2,0,1,1,2,0,1,1,1,1,2,0
5,12300.0,8200.0,R5_F5_m5f5_P5_Y35_UO138,R5_F5_m5f5_P5_Y31_UO43,R5_F5_m5f5_P5_Y33_UO116,MXY,2,31.0,1,0,0.0,0,0,0,-9999.0,0.4485893249511719,1,P3_CV0,1,2,0,2,0,2,0,2,0,1,1,2,0,0,2,0,2,1,1,2,0,2,0,0,2,1,1,1,1,1,1,2,0
5,12300.0,8200.0,R5_F5_m5f5_P5_Y35_UO142,R5_F5_m5f5_P5_Y31_UO43,R5_F5_m5f5_P5_Y33_UO116,MXY,2,31.0,1,0,0.0,0,0,0,-9999.0,0.4485893249511719,1,P3_CV0,1,0,2,2,0,2,0,2,0,1,1,2,0,0,2,0,2,1,1,2,0,2,0,1,1,2,0,1,1,1,1,2,0
5,12300.0,8200.0,R5_F5_m5f5_P5_Y35_UO109,R5_F5_m5f5_P5_Y31_UO43,R5_F5_m5f5_P5_Y33_UO65,FXX,2,31.0,1,0,1.0,0,0,0,-9999.0,0.456787109375,1,P3_CV0,1,2,0,1,1,1,1,1,1,0,2,2,0,0,2,0,2,0,2,2,0,2,0,1,1,2,0,0,2,0,2,2,0
5,12300.0,8200.0,R5_F5_m5f5_P5_Y35_UO113,R5_F5_m5f5_P5_Y31_UO43,R5_F5_m5f5_P5_Y33_UO65,FXX,2,31.0,1,0,0.0,0,0,0,-9999.0,0.456787109375,1,P3_CV0,1,2,0,2,0,1,1,1,1,0,2,1,1,0,2,0,2,1,1,2,0,2,0,2,0,2,0,0,2,0,2,2,0
5,12300.0,8200.0,R5_F5_m5f5_P5_Y35_UO107,R5_F5_m5f5_P5_Y31_UO43,R5_F5_m5f5_P5_Y33_UO65,FXX,2,31.0,1,0,1.283,0,0,0,-9999.0,0.456787109375,1,P3_CV0,1,1,1,1,1,1,1,1,1,0,2,1,1,0,2,0,2,1,1,2,0,2,0,0,2,1,1,0,2,0,2,1,1
5,12300.0,8200.0,R5_F5_m5f5_P5_Y34_UO103,R5_F5_m5f5_P5_Y31_UO43,R5_F5_m5f5_P5_Y31_UO206,FXX,3,31.0,1,0,3.232,0,0,0,-9999.0,0.45027923583984375,1,P3_CV0,1,0,2,1,1,2,0,1,1,0,2,2,0,0,2,0,2,0,2,2,0,2,0,2,0,1,1,1,1,1,1,1,1
5,12300.0,8200.0,R5_F5_m5f5_P5_Y34_UO195,R5_F5_m5f5_P5_Y30_UO210,R5_F5_m5f5_P5_Y30_UO83,FXX,3,31.0,1,0,0.0,0,0,0,-9999.0,0.462646484375,1,P3_CV0,1,1,1,2,0,1,1,0,2,1,1,2,0,0,2,0,2,0,2,2,0,2,0,0,2,2,0,2,0,1,1,1,1
5,12300.0,8200.0,Age0_F5_m5f5_P5_Y37_UO26,R5_F5_m5f5_P5_Y34_UO192,R5_F5_m5f5_P5_Y35_UO142,FXX,0,31.0,0,0,0.0,0,0,0,0.0,0.4505462646484375,1,P4_CV0,1,0,2,1,1,1,1,1,1,0,2,1,1,1,1,0,2,0,2,2,0,2,0,1,1,2,0,0,2,1,1,1,1
5,12300.0,8200.0,Age0_F5_m5f5_P5_Y37_UO27,R5_F5_m5f5_P5_Y35_UO108,R5_F5_m5f5_P5_Y35_UO241,FXX,0,31.0,0,0,0.0,0,0,0,0.0,0.45972633361816406,1,P4_CV0,1,1,1,1,1,0,2,2,0,1,1,2,0,0,2,0,2,0,2,1,1,1,1,2,0,2,0,1,1,1,1,1,1
5,12300.0,8200.0,Age0_F5_m5f5_P5_Y37_UO28,R5_F5_m5f5_P5_Y35_UO108,R5_F5_m5f5_P5_Y35_UO241,FXX,0,31.0,0,0,0.0,0,0,0,0.0,0.45972633361816406,1,P4_CV0,1,2,0,1,1,1,1,1,1,0,2,2,0,0,2,0,2,0,2,1,1,2,0,2,0,1,1,1,1,0,2,1,1
5,12300.0,8200.0,Age0_F5_m5f5_P5_Y37_UO61,R5_F5_m5f5_P5_Y35_UO16,R5_F5_m5f5_P5_Y34_UO4,MXY,0,31.0,0,0,0.0,0,0,0,0.0,0.45836830139160156,1,P4_CV0,1,1,1,1,1,0,2,2,0,2,0,1,1,0,2,0,2,0,2,2,0,2,0,1,1,2,0,2,0,2,0,2,0
5,12300.0,8200.0,Age0_F5_m5f5_P5_Y37_UO62,R5_F5_m5f5_P5_Y35_UO16,R5_F5_m5f5_P5_Y34_UO4,FXX,0,31.0,0,0,0.0,0,0,0,0.0,0.45836830139160156,1,P4_CV0,1,0,2,0,2,1,1,2,0,1,1,2,0,1,1,0,2,0,2,2,0,2,0,1,1,2,0,2,0,1,1,2,0
5,12300.0,8200.0,Age0_F5_m5f5_P5_Y37_UO63,R5_F5_m5f5_P5_Y35_UO16,R5_F5_m5f5_P5_Y34_UO4,FXX,0,31.0,0,0,0.0,0,0,0,0.0,0.45836830139160156,1,P4_CV0,1,0,2,0,2,1,1,1,1,1,1,1,1,0,2,1,1,0,2,2,0,2,0,0,2,2,0,1,1,2,0,0,2
5,12300.0,8200.0,Age0_F5_m5f5_P5_Y37_UO64,R5_F5_m5f5_P5_Y35_UO16,R5_F5_m5f5_P5_Y34_UO4,MXY,0,31.0,0,0,0.0,0,0,0,0.0,0.45836830139160156,1,P4_CV0,1,0,2,0,2,1,1,1,1,2,0,2,0,1,1,0,2,0,2,2,0,2,0,0,2,2,0,2,0,1,1,1,1
5,12300.0,8200.0,Age0_F5_m5f5_P5_Y37_UO65,R5_F5_m5f5_P5_Y35_UO16,R5_F5_m5f5_P5_Y34_UO4,FXX,0,31.0,0,0,0.0,0,0,0,0.0,0.45836830139160156,1,P4_CV0,1,1,1,0,2,1,1,1,1,2,0,1,1,1,1,1,1,0,2,2,0,2,0,1,1,2,0,2,0,1,1,1,1
5,12300.0,8200.0,Age0_F5_m5f5_P5_Y37_UO66,R5_F5_m5f5_P5_Y35_UO16,R5_F5_m5f5_P5_Y34_UO4,MXY,0,31.0,0,0,0.0,0,0,0,0.0,0.45836830139160156,1,P4_CV0,1,0,2,1,1,0,2,2,0,1,1,1,1,1,1,1,1,0,2,2,0,2,0,1,1,2,0,1,1,1,1,2,0
5,12300.0,8200.0,Age0_F5_m5f5_P5_Y37_UO78,R5_F5_m5f5_P5_Y35_UO29,R5_F5_m5f5_P5_Y34_UO0,MXY,0,31.0,0,0,0.0,0,0,0,0.0,0.4590873718261719,1,P4_CV0,1,1,1,1,1,2,0,1,1,0,2,2,0,0,2,1,1,0,2,1,1,2,0,1,1,2,0,1,1,1,1,1,1
5,12300.0,8200.0,Age0_F5_m5f5_P5_Y37_UO79,R5_F5_m5f5_P5_Y35_UO29,R5_F5_m5f5_P5_Y34_UO0,MXY,0,31.0,0,0,0.0,0,0,0,0.0,0.4590873718261719,1,P4_CV0,1,1,1,1,1,2,0,1,1,0,2,2,0,0,2,1,1,0,2,1,1,2,0,1,1,2,0,1,1,1,1,1,1
5,12300.0,8200.0,Age0_F5_m5f5_P5_Y37_UO80,R5_F5_m5f5_P5_Y35_UO29,R5_F5_m5f5_P5_Y34_UO0,FXX,0,31.0,0,0,0.0,0,0,0,0.0,0.4590873718261719,1,P4_CV0,1,1,1,1,1,1,1,1,1,0,2,0,2,0,2,1,1,0,2,1,1,2,0,2,0,2,0,1,1,0,2,1,1
5,12300.0,8200.0,Age0_F5_m5f5_P5_Y37_UO81,R5_F5_m5f5_P5_Y35_UO29,R5_F5_m5f5_P5_Y34_UO0,MXY,0,31.0,0,0,0.0,0,0,0,0.0,0.4590873718261719,1,P4_CV0,1,1,1,2,0,0,2,1,1,0,2,1,1,0,2,0,2,0,2,1,1,2,0,2,0,2,0,0,2,0,2,0,2
5,12300.0,8200.0,Age0_F5_m5f5_P5_Y37_UO86,R5_F5_m5f5_P5_Y35_UO109,R5_F5_m5f5_P5_Y32_UO75,MXY,0,31.0,0,0,0.0,0,0,0,0.0,0.4554862976074219,1,P4_CV0,1,2,0,1,1,0,2,2,0,0,2,1,1,0,2,0,2,0,2,2,0,2,0,1,1,2,0,1,1,1,1,1,1
5,12300.0,8200.0,Age0_F5_m5f5_P5_Y37_UO93,R5_F5_m5f5_P5_Y35_UO16,R5_F5_m5f5_P5_Y35_UO142,FXX,0,31.0,0,0,0.0,0,0,0,0.0,0.4541587829589844,1,P4_CV0,1,0,2,1,1,1,1,1,1,1,1,2,0,0,2,1,1,0,2,2,0,2,0,1,1,2,0,0,2,1,1,2,0
5,12300.0,8200.0,Age0_F5_m5f5_P5_Y37_UO94,R5_F5_m5f5_P5_Y35_UO16,R5_F5_m5f5_P5_Y35_UO142,MXY,0,31.0,0,0,0.0,0,0,0,0.0,0.4541587829589844,1,P4_CV0,1,1,1,1,1,1,1,1,1,1,1,2,0,0,2,1,1,1,1,2,0,2,0,1,1,2,0,1,1,1,1,1,1
5,12300.0,8200.0,Age0_F5_m5f5_P5_Y37_UO95,R5_F5_m5f5_P5_Y35_UO16,R5_F5_m5f5_P5_Y35_UO142,MXY,0,31.0,0,0,0.0,0,0,0,0.0,0.4541587829589844,1,P4_CV0,1,0,2,1,1,1,1,2,0,2,0,1,1,0,2,1,1,1,1,2,0,2,0,0,2,2,0,1,1,1,1,1,1
5,12300.0,8200.0,Age0_F5_m5f5_P5_Y37_UO104,R5_F5_m5f5_P5_Y35_UO29,R5_F5_m5f5_P5_Y32_UO102,MXY,0,31.0,0,0,0.0,0,0,0,0.0,0.47185516357421875,1,P4_CV0,1,1,1,1,1,0,2,2,0,1,1,2,0,0,2,0,2,0,2,1,1,1,1,2,0,1,1,1,1,2,0,2,0
5,12300.0,8200.0,Age0_F5_m5f5_P5_Y37_UO116,R5_F5_m5f5_P5_Y35_UO16,R5_F5_m5f5_P5_Y34_UO0,MXY,0,31.0,0,0,0.0,0,0,0,0.0,0.4594440460205078,1,P4_CV0,1,0,2,1,1,0,2,0,2,1,1,2,0,0,2,1,1,0,2,1,1,2,0,1,1,2,0,1,1,1,1,0,2
5,12300.0,8200.0,Age0_F5_m5f5_P5_Y37_UO117,R5_F5_m5f5_P5_Y35_UO16,R5_F5_m5f5_P5_Y34_UO0,FXX,0,31.0,0,0,0.0,0,0,0,0.0,0.4594440460205078,1,P4_CV0,1,1,1,0,2,0,2,1,1,1,1,1,1,0,2,2,0,0,2,1,1,2,0,1,1,2,0,1,1,1,1,1,1
5,12300.0,8200.0,Age0_F5_m5f5_P5_Y37_UO118,R5_F5_m5f5_P5_Y35_UO16,R5_F5_m5f5_P5_Y34_UO0,FXX,0,31.0,0,0,0.0,0,0,0,0.0,0.4594440460205078,1,P4_CV0,1,2,0,1,1,1,1,1,1,1,1,1,1,0,2,1,1,0,2,1,1,2,0,0,2,2,0,1,1,1,1,0,2
5,12300.0,8200.0,Age0_F5_m5f5_P5_Y37_UO164,R5_F5_m5f5_P5_Y35_UO29,R5_F5_m5f5_P5_Y35_UO23,MXY,0,31.0,0,0,0.0,0,0,0,0.0,0.4547271728515625,1,P4_CV0,1,0,2,1,1,1,1,1,1,1,1,0,2,0,2,0,2,0,2,1,1,2,0,2,0,2,0,2,0,0,2,1,1
5,12300.0,8200.0,Age0_F5_m5f5_P5_Y37_UO165,R5_F5_m5f5_P5_Y35_UO29,R5_F5_m5f5_P5_Y35_UO23,FXX,0,31.0,0,0,0.0,0,0,0,0.0,0.4547271728515625,1,P4_CV0,1,2,0,1,1,0,2,1,1,1,1,1,1,0,2,1,1,0,2,1,1,1,1,1,1,2,0,2,0,1,1,2,0
5,12300.0,8200.0,Age0_F5_m5f5_P5_Y37_UO166,R5_F5_m5f5_P5_Y35_UO29,R5_F5_m5f5_P5_Y35_UO23,FXX,0,31.0,0,0,0.0,0,0,0,0.0,0.4547271728515625,1,P4_CV0,1,2,0,1,1,0,2,1,1,1,1,0,2,0,2,0,2,0,2,1,1,1,1,1,1,2,0,1,1,0,2,1,1
5,12300.0,8200.0,Age0_F5_m5f5_P5_Y37_UO167,R5_F5_m5f5_P5_Y33_UO30,R5_F5_m5f5_P5_Y35_UO120,MXY,0,31.0,0,0,0.0,0,0,0,0.0,0.4572620391845703,1,P4_CV0,1,1,1,1,1,1,1,2,0,1,1,1,1,0,2,1,1,0,2,1,1,2,0,1,1,2,0,1,1,1,1,1,1
5,12300.0,8200.0,Age0_F5_m5f5_P5_Y37_UO169,R5_F5_m5f5_P5_Y33_UO30,R5_F5_m5f5_P5_Y35_UO120,FXX,0,31.0,0,0,0.0,0,0,0,0.0,0.4572620391845703,1,P4_CV0,1,1,1,1,1,0,2,2,0,1,1,1,1,0,2,1,1,0,2,1,1,2,0,1,1,2,0,1,1,0,2,1,1
5,12300.0,8200.0,Age0_F5_m5f5_P5_Y37_UO176,R5_F5_m5f5_P5_Y35_UO271,R5_F5_m5f5_P5_Y32_UO102,FXX,0,31.0,0,0,0.0,0,0,0,0.0,0.4723224639892578,1,P4_CV0,1,1,1,1,1,0,2,2,0,1,1,0,2,0,2,1,1,0,2,0,2,1,1,1,1,2,0,2,0,1,1,1,1
5,12300.0,8200.0,Age0_F5_m5f5_P5_Y37_UO177,R5_F5_m5f5_P5_Y35_UO271,R5_F5_m5f5_P5_Y32_UO102,FXX,0,31.0,0,0,0.0,0,0,0,0.0,0.4723224639892578,1,P4_CV0,1,1,1,2,0,0,2,2,0,1,1,1,1,1,1,0,2,1,1,0,2,1,1,1,1,1,1,1,1,1,1,2,0
5,12300.0,8200.0,Age0_F5_m5f5_P5_Y37_UO178,R5_F5_m5f5_P5_Y35_UO271,R5_F5_m5f5_P5_Y32_UO102,MXY,0,31.0,0,0,0.0,0,0,0,0.0,0.4723224639892578,1,P4_CV0,1,0,2,2,0,1,1,1,1,1,1,0,2,1,1,1,1,1,1,1,1,2,0,1,1,2,0,2,0,1,1,1,1
5,12300.0,8200.0,Age0_F5_m5f5_P5_Y37_UO217,R5_F5_m5f5_P5_Y35_UO109,R5_F5_m5f5_P5_Y35_UO57,FXX,0,31.0,0,0,0.0,0,0,0,0.0,0.4577045440673828,1,P4_CV0,1,1,1,1,1,1,1,1,1,0,2,2,0,0,2,0,2,0,2,1,1,2,0,0,2,2,0,1,1,0,2,2,0
5,12300.0,8200.0,Age0_F5_m5f5_P5_Y37_UO238,R5_F5_m6f6_P6_Y32_UO124,R5_F5_m5f5_P5_Y35_UO120,FXX,0,31.0,0,0,0.0,0,0,0,0.0,0.47989845275878906,1,P4_CV0,1,2,0,1,1,1,1,2,0,0,2,1,1,1,1,1,1,0,2,1,1,2,0,2,0,1,1,0,2,1,1,2,0
5,12300.0,8200.0,Age0_F5_m5f5_P5_Y37_UO239,R5_F5_m6f6_P6_Y32_UO124,R5_F5_m5f5_P5_Y35_UO120,MXY,0,31.0,0,0,0.0,0,0,0,0.0,0.47989845275878906,1,P4_CV0,1,2,0,0,2,0,2,2,0,0,2,1,1,1,1,1,1,0,2,1,1,2,0,1,1,2,0,2,0,1,1,2,0
5,12300.0,8200.0,Age0_F5_m5f5_P5_Y37_UO240,R5_F5_m6f6_P6_Y32_UO124,R5_F5_m5f5_P5_Y35_UO120,FXX,0,31.0,0,0,0.0,0,0,0,0.0,0.47989845275878906,1,P4_CV0,1,1,1,0,2,1,1,2,0,0,2,1,1,0,2,1,1,0,2,2,0,2,0,0,2,1,1,1,1,1,1,1,1
5,12300.0,8200.0,Age0_F5_m5f5_P5_Y37_UO241,R5_F5_m6f6_P6_Y32_UO124,R5_F5_m5f5_P5_Y35_UO120,MXY,0,31.0,0,0,0.0,0,0,0,0.0,0.47989845275878906,1,P4_CV0,1,2,0,0,2,1,1,2,0,0,2,1,1,0,2,1,1,0,2,1,1,2,0,1,1,2,0,0,2,1,1,1,1
5,12300.0,8200.0,Age0_F5_m5f5_P5_Y37_UO242,R5_F5_m6f6_P6_Y32_UO124,R5_F5_m5f5_P5_Y35_UO120,FXX,0,31.0,0,0,0.0,0,0,0,0.0,0.47989845275878906,1,P4_CV0,1,2,0,0,2,1,1,2,0,1,1,1,1,0,2,1,1,0,2,2,0,2,0,2,0,2,0,1,1,1,1,1,1
5,12300.0,8200.0,Age0_F5_m5f5_P5_Y37_UO243,R5_F5_m6f6_P6_Y32_UO124,R5_F5_m5f5_P5_Y35_UO120,MXY,0,31.0,0,0,0.0,0,0,0,0.0,0.47989845275878906,1,P4_CV0,1,2,0,0,2,0,2,2,0,0,2,1,1,0,2,1,1,0,2,2,0,2,0,1,1,1,1,1,1,1,1,1,1
5,12300.0,8200.0,Age0_F5_m5f5_P5_Y37_UO244,R5_F5_m6f6_P6_Y32_UO124,R5_F5_m5f5_P5_Y35_UO120,FXX,0,31.0,0,0,0.0,0,0,0,0.0,0.47989845275878906,1,P4_CV0,1,1,1,1,1,0,2,2,0,0,2,1,1,1,1,1,1,0,2,1,1,2,0,1,1,2,0,2,0,1,1,2,0
5,12300.0,8200.0,Age0_F5_m5f5_P5_Y37_UO245,R5_F5_m6f6_P6_Y32_UO124,R5_F5_m5f5_P5_Y35_UO120,FXX,0,31.0,0,0,0.0,0,0,0,0.0,0.47989845275878906,1,P4_CV0,1,2,0,0,2,0,2,2,0,1,1,1,1,0,2,1,1,0,2,1,1,2,0,0,2,2,0,1,1,1,1,2,0
5,12300.0,8200.0,Age0_F5_m5f5_P5_Y37_UO309,R5_F5_m5f5_P5_Y34_UO103,R5_F5_m5f5_P5_Y34_UO215,MXY,0,31.0,0,0,0.0,0,0,0,0.0,0.4510955810546875,1,P4_CV0,1,0,2,2,0,1,1,1,1,0,2,2,0,0,2,1,1,0,2,2,0,2,0,1,1,0,2,2,0,1,1,1,1
5,12300.0,8200.0,R5_F5_m5f5_P5_Y36_UO187,R5_F5_m5f5_P5_Y34_UO185,R5_F5_m5f5_P5_Y34_UO4,MXY,1,31.0,1,1,0.0,0,0,0,-9999.0,0.4561767578125,1,P4_CV0,1,1,1,2,0,0,2,2,0,2,0,2,0,1,1,0,2,0,2,1,1,2,0,0,2,2,0,2,0,1,1,2,0
5,12300.0,8200.0,R5_F5_m5f5_P5_Y36_UO29,R5_F5_m5f5_P5_Y33_UO207,R5_F5_m5f5_P5_Y34_UO138,MXY,1,31.0,1,1,0.0,0,0,0,-9999.0,0.4533119201660156,1,P4_CV0,1,2,0,2,0,1,1,1,1,1,1,2,0,0,2,0,2,0,2,2,0,2,0,0,2,2,0,1,1,1,1,0,2
5,12300.0,8200.0,R5_F5_m5f5_P5_Y36_UO189,R5_F5_m5f5_P5_Y34_UO185,R5_F5_m5f5_P5_Y34_UO4,MXY,1,31.0,1,1,0.0,0,0,0,-9999.0,0.4561767578125,1,P4_CV0,1,1,1,2,0,1,1,2,0,2,0,1,1,1,1,1,1,0,2,1,1,2,0,1,1,2,0,2,0,0,2,2,0
5,12300.0,8200.0,R5_F5_m5f5_P5_Y36_UO279,R5_F5_m5f5_P5_Y31_UO293,R5_F5_m5f5_P5_Y33_UO124,FXX,1,31.0,1,1,2.108,0,0,0,-9999.0,0.4541435241699219,1,P4_CV0,1,1,1,1,1,2,0,1,1,0,2,2,0,0,2,0,2,0,2,2,0,2,0,0,2,2,0,2,0,0,2,1,1
5,12300.0,8200.0,R5_F5_m5f5_P5_Y36_UO50,R5_F5_m5f5_P5_Y34_UO103,R5_F5_m5f5_P5_Y31_UO295,FXX,1,31.0,1,1,2.683,0,0,0,-9999.0,0.4514427185058594,1,P4_CV0,1,0,2,2,0,2,0,1,1,0,2,2,0,0,2,1,1,0,2,2,0,2,0,1,1,2,0,0,2,0,2,0,2
5,12300.0,8200.0,R5_F5_m5f5_P5_Y36_UO281,RD5_F4_m4f4_P4_Y31_UO110,R5_F5_m5f5_P5_Y33_UO63,MXY,1,31.0,1,1,0.0,0,0,0,-9999.0,0.45359039306640625,1,P4_CV0,1,1,1,1,1,0,2,0,2,0,2,1,1,1,1,0,2,0,2,2,0,1,1,1,1,1,1,0,2,1,1,1,1
5,12300.0,8200.0,R5_F5_m5f5_P5_Y36_UO210,R5_F5_m5f5_P5_Y32_UO87,R5_F5_m5f5_P5_Y33_UO63,MXY,1,31.0,1,1,0.0,0,0,0,-9999.0,0.4623222351074219,1,P4_CV0,1,2,0,1,1,0,2,1,1,1,1,2,0,1,1,0,2,0,2,2,0,2,0,0,2,1,1,1,1,2,0,1,1
5,12300.0,8200.0,R5_F5_m5f5_P5_Y36_UO51,R5_F5_m5f5_P5_Y34_UO103,R5_F5_m5f5_P5_Y31_UO295,FXX,1,31.0,1,1,1.0,0,0,0,-9999.0,0.4514427185058594,1,P4_CV0,1,0,2,0,2,2,0,1,1,0,2,2,0,0,2,1,1,0,2,2,0,2,0,2,0,1,1,1,1,1,1,0,2
5,12300.0,8200.0,R5_F5_m5f5_P5_Y36_UO214,R5_F5_m5f5_P5_Y33_UO207,R5_F5_m1f1_P1_Y34_UO222,MXY,1,31.0,1,1,0.0,0,0,0,-9999.0,0.43738555908203125,1,P4_CV0,1,2,0,1,1,1,1,1,1,0,2,2,0,0,2,0,2,0,2,1,1,2,0,1,1,1,1,2,0,1,1,1,1
5,12300.0,8200.0,R5_F5_m5f5_P5_Y36_UO1,R5_F5_m5f5_P5_Y34_UO195,R5_F5_m5f5_P5_Y32_UO102,MXY,1,31.0,1,1,0.0,0,0,0,-9999.0,0.47367095947265625,1,P4_CV0,1,0,2,2,0,1,1,1,1,1,1,1,1,0,2,1,1,0,2,2,0,2,0,1,1,2,0,2,0,1,1,1,1
5,12300.0,8200.0,R5_F5_m5f5_P5_Y36_UO188,R5_F5_m5f5_P5_Y34_UO185,R5_F5_m5f5_P5_Y34_UO4,FXX,1,31.0,1,1,2.134,0,0,0,-9999.0,0.4561767578125,1,P4_CV0,1,1,1,1,1,1,1,2,0,1,1,2,0,1,1,0,2,0,2,2,0,2,0,0,2,2,0,2,0,1,1,0,2
5,12300.0,8200.0,R5_F5_m5f5_P5_Y36_UO274,R5_F5_m5f5_P5_Y31_UO293,R5_F5_m5f5_P5_Y33_UO124,FXX,1,31.0,1,1,1.119,0,0,0,-9999.0,0.4541435241699219,1,P4_CV0,1,1,1,2,0,1,1,1,1,0,2,1,1,0,2,0,2,0,2,2,0,2,0,0,2,2,0,2,0,0,2,0,2
5,12300.0,8200.0,R5_F5_m5f5_P5_Y36_UO14,R5_F5_m5f5_P5_Y32_UO87,R5_F5_m5f5_P5_Y34_UO290,MXY,1,31.0,1,1,0.0,0,0,0,-9999.0,0.4614601135253906,1,P4_CV0,1,0,2,2,0,1,1,2,0,1,1,2,0,1,1,1,1,0,2,2,0,1,1,0,2,2,0,1,1,2,0,1,1
5,12300.0,8200.0,R5_F5_m5f5_P5_Y35_UO120,R5_F5_m5f5_P5_Y32_UO211,R5_F5_m5f5_P5_Y32_UO75,MXY,2,31.0,1,0,0.0,0,0,0,-9999.0,0.4626655578613281,1,P4_CV0,1,1,1,1,1,0,2,2,0,1,1,0,2,0,2,0,2,0,2,2,0,2,0,1,1,2,0,1,1,0,2,1,1
5,12300.0,8200.0,R5_F5_m5f5_P5_Y35_UO60,R5_F5_m5f5_P5_Y33_UO49,R5_F5_m5f5_P5_Y33_UO48,FXX,2,31.0,1,0,1.0,0,0,0,-9999.0,0.4468841552734375,1,P4_CV0,1,1,1,1,1,1,1,2,0,0,2,2,0,0,2,0,2,0,2,2,0,2,0,1,1,2,0,0,2,0,2,2,0
5,12300.0,8200.0,R5_F5_m5f5_P5_Y35_UO121,R5_F5_m5f5_P5_Y32_UO211,R5_F5_m5f5_P5_Y32_UO75,MXY,2,31.0,1,0,0.0,0,0,0,-9999.0,0.4626655578613281,1,P4_CV0,1,1,1,1,1,0,2,2,0,1,1,1,1,0,2,0,2,0,2,2,0,2,0,1,1,2,0,1,1,0,2,1,1
5,12300.0,8200.0,R5_F5_m5f5_P5_Y35_UO271,R5_F5_m5f5_P5_Y30_UO210,R5_F5_m5f5_P5_Y32_UO75,FXX,2,31.0,1,0,1.605,0,0,0,-9999.0,0.4599494934082031,1,P4_CV0,1,1,1,1,1,0,2,1,1,0,2,1,1,0,2,0,2,0,2,0,2,2,0,0,2,2,0,2,0,0,2,1,1
5,12300.0,8200.0,R5_F5_m5f5_P5_Y35_UO16,R5_F5_m5f5_P5_Y33_UO60,R5_F5_m5f5_P5_Y33_UO116,FXX,2,31.0,1,0,1.87,0,0,0,-9999.0,0.4597282409667969,1,P4_CV0,1,1,1,0,2,1,1,1,1,2,0,1,1,0,2,1,1,0,2,2,0,2,0,1,1,2,0,1,1,2,0,1,1
5,12300.0,8200.0,R5_F5_m5f5_P5_Y35_UO29,R5_F5_m5f5_P5_Y32_UO211,R5_F5_m5f5_P5_Y33_UO48,FXX,2,31.0,1,0,0.0,0,0,0,-9999.0,0.459014892578125,1,P4_CV0,1,1,1,1,1,1,1,2,0,0,2,1,1,0,2,0,2,0,2,2,0,2,0,2,0,2,0,1,1,1,1,1,1
5,12300.0,8200.0,R5_F5_m5f5_P5_Y35_UO15,R5_F5_m5f5_P5_Y33_UO60,R5_F5_m5f5_P5_Y33_UO116,FXX,2,31.0,1,0,2.084,0,0,0,-9999.0,0.4597282409667969,1,P4_CV0,1,2,0,0,2,0,2,1,1,2,0,2,0,0,2,1,1,0,2,2,0,2,0,1,1,2,0,1,1,2,0,1,1
5,12300.0,8200.0,R5_F5_m5f5_P5_Y35_UO241,R5_F5_m5f5_P5_Y32_UO211,R5_F5_m5f5_P5_Y32_UO75,MXY,2,31.0,1,0,0.0,0,0,0,-9999.0,0.4626655578613281,1,P4_CV0,1,1,1,0,2,0,2,1,1,0,2,2,0,0,2,0,2,0,2,0,2,1,1,1,1,2,0,2,0,0,2,1,1
5,12300.0,8200.0,R5_F5_m5f5_P5_Y35_UO23,R5_F5_m5f5_P5_Y32_UO211,RD5_F5_m5f5_P5_Y33_UO185,MXY,2,31.0,1,0,0.0,0,0,0,-9999.0,0.450439453125,1,P4_CV0,1,1,1,1,1,0,2,0,2,2,0,0,2,0,2,1,1,0,2,0,2,1,1,1,1,2,0,2,0,0,2,2,0
5,12300.0,8200.0,R5_F5_m5f5_P5_Y34_UO215,R5_F5_m5f5_P5_Y29_UO19,R5_F5_m5f5_P5_Y30_UO184,MXY,3,31.0,1,0,0.0,0,0,0,-9999.0,0.45191192626953125,1,P4_CV0,1,1,1,1,1,1,1,1,1,0,2,2,0,0,2,1,1,0,2,2,0,2,0,1,1,1,1,1,1,2,0,0,2
5,12300.0,8200.0,R5_F5_m5f5_P5_Y34_UO4,R5_F5_m5f5_P5_Y32_UO87,R5_F5_m5f5_P5_Y32_UO134,MXY,3,31.0,1,0,0.0,0,0,0,-9999.0,0.45700836181640625,1,P4_CV0,1,0,2,1,1,0,2,2,0,1,1,2,0,1,1,0,2,0,2,2,0,2,0,0,2,2,0,2,0,1,1,1,1
5,12300.0,8200.0,R5_F5_m5f5_P5_Y33_UO207,R5_F5_m5f5_P5_Y31_UO225,R5_F5_m5f5_P5_Y28_UO130,FXX,4,31.0,1,0,1.764,0,0,0,-9999.0,0.44518280029296875,1,P4_CV0,1,2,0,2,0,0,2,1,1,0,2,2,0,0,2,0,2,0,2,2,0,2,0,1,1,2,0,2,0,0,2,0,2
6,12400.0,8200.0,Age0_F6_m6f6_P6_Y37_UO43,R6_F6_m6f6_P6_Y34_UO5,R6_F6_m6f6_P6_Y34_UO64,MXY,0,31.0,0,0,0.0,0,0,0,0.0,0.4827232360839844,1,P0_CV0,1,2,0,2,0,0,2,1,1,0,2,1,1,0,2,2,0,0,2,1,1,1,1,1,1,2,0,0,2,1,1,1,1
6,12400.0,8200.0,Age0_F6_m6f6_P6_Y37_UO97,R6_F6_m6f6_P6_Y35_UO67,R6_F6_m6f6_P6_Y35_UO36,FXX,0,31.0,0,0,0.0,0,0,0,0.0,0.4727287292480469,1,P0_CV0,1,2,0,2,0,2,0,2,0,0,2,2,0,1,1,1,1,0,2,2,0,1,1,1,1,0,2,1,1,2,0,1,1
6,12400.0,8200.0,Age0_F6_m6f6_P6_Y37_UO98,R6_F6_m6f6_P6_Y35_UO67,R6_F6_m6f6_P6_Y35_UO36,MXY,0,31.0,0,0,0.0,0,0,0,0.0,0.4727287292480469,1,P0_CV0,1,1,1,1,1,2,0,2,0,0,2,1,1,2,0,1,1,0,2,2,0,1,1,1,1,1,1,2,0,2,0,1,1
6,12400.0,8200.0,Age0_F6_m6f6_P6_Y37_UO129,R6_F6_m6f6_P6_Y35_UO67,R6_F6_m6f6_P6_Y35_UO245,MXY,0,31.0,0,0,0.0,0,0,0,0.0,0.4803581237792969,1,P0_CV0,1,1,1,2,0,1,1,0,2,1,1,0,2,0,2,1,1,0,2,2,0,2,0,0,2,0,2,1,1,1,1,2,0
6,12400.0,8200.0,Age0_F6_m6f6_P6_Y37_UO140,R6_F6_m6f6_P6_Y35_UO67,R6_F6_m6f6_P6_Y34_UO282,MXY,0,31.0,0,0,0.0,0,0,0,0.0,0.4862861633300781,1,P0_CV0,1,2,0,1,1,1,1,2,0,0,2,0,2,1,1,1,1,0,2,1,1,0,2,1,1,1,1,1,1,2,0,2,0
6,12400.0,8200.0,Age0_F6_m6f6_P6_Y37_UO160,R6_F6_m6f6_P6_Y35_UO67,R6_F6_m6f6_P6_Y34_UO64,FXX,0,31.0,0,0,0.0,0,0,0,0.0,0.4860649108886719,1,P0_CV0,1,1,1,2,0,1,1,2,0,0,2,1,1,1,1,2,0,0,2,1,1,1,1,0,2,2,0,1,1,2,0,2,0
6,12400.0,8200.0,Age0_F6_m6f6_P6_Y37_UO279,R6_F6_m6f6_P6_Y35_UO67,R6_F6_m6f6_P6_Y35_UO245,MXY,0,31.0,0,0,0.0,0,0,0,0.0,0.4803581237792969,1,P0_CV0,1,0,2,1,1,1,1,1,1,1,1,1,1,0,2,1,1,0,2,1,1,0,2,0,2,2,0,1,1,2,0,2,0
6,12400.0,8200.0,R6_F6_m6f6_P6_Y36_UO195,R6_F6_m6f6_P6_Y34_UO150,R6_F6_m6f6_P6_Y33_UO111,MXY,1,31.0,1,1,0.0,0,0,0,-9999.0,0.47049713134765625,1,P0_CV0,1,2,0,1,1,2,0,1,1,0,2,1,1,0,2,2,0,0,2,2,0,0,2,2,0,2,0,2,0,1,1,2,0
6,12400.0,8200.0,R6_F6_m6f6_P6_Y35_UO51,R6_F6_m6f6_P6_Y33_UO10,R6_F6_m6f6_P6_Y32_UO90,FXX,2,31.0,1,0,0.0,0,0,0,-9999.0,0.48441314697265625,1,P0_CV0,1,2,0,1,1,0,2,2,0,0,2,1,1,1,1,1,1,0,2,1,1,1,1,1,1,1,1,2,0,2,0,2,0
6,12400.0,8200.0,R6_F6_m6f6_P6_Y35_UO67,R6_F6_m6f6_P6_Y33_UO10,R6_F6_m6f6_P6_Y32_UO92,FXX,2,31.0,1,0,1.0,0,0,0,-9999.0,0.48441314697265625,1,P0_CV0,1,1,1,1,1,2,0,1,1,0,2,1,1,1,1,2,0,0,2,2,0,1,1,0,2,1,1,2,0,2,0,2,0
6,12400.0,8200.0,R6_F6_m6f6_P6_Y34_UO64,R6_F6_m6f6_P6_Y32_UO155,R6_F6_m6f6_P6_Y32_UO219,MXY,3,31.0,1,0,0.0,0,0,0,-9999.0,0.4877166748046875,1,P0_CV0,1,1,1,2,0,0,2,2,0,0,2,0,2,0,2,1,1,0,2,1,1,1,1,0,2,2,0,0,2,2,0,1,1
6,12400.0,8200.0,Age0_F6_m6f6_P6_Y37_UO0,R6_F6_m6f6_P6_Y35_UO269,R6_F6_m6f6_P6_Y34_UO106,FXX,0,31.0,0,0,0.0,0,0,0,0.0,0.46673583984375,1,P2_CV0,1,2,0,2,0,1,1,1,1,0,2,1,1,0,2,0,2,0,2,1,1,1,1,1,1,0,2,0,2,2,0,1,1
6,12400.0,8200.0,Age0_F6_m6f6_P6_Y37_UO1,R6_F6_m6f6_P6_Y35_UO269,R6_F6_m6f6_P6_Y34_UO106,FXX,0,31.0,0,0,0.0,0,0,0,0.0,0.46673583984375,1,P2_CV0,1,2,0,2,0,0,2,1,1,0,2,0,2,0,2,1,1,0,2,2,0,0,2,1,1,0,2,0,2,2,0,1,1
6,12400.0,8200.0,Age0_F6_m6f6_P6_Y37_UO16,R6_F6_m6f6_P6_Y35_UO105,R6_F6_m6f6_P6_Y34_UO106,MXY,0,31.0,0,0,0.0,0,0,0,0.0,0.47272300720214844,1,P2_CV0,1,1,1,2,0,0,2,2,0,0,2,0,2,1,1,2,0,0,2,0,2,1,1,1,1,0,2,1,1,0,2,2,0
6,12400.0,8200.0,Age0_F6_m6f6_P6_Y37_UO44,R6_F6_m6f6_P6_Y35_UO70,R6_F6_m6f6_P6_Y35_UO160,MXY,0,31.0,0,0,0.0,0,0,0,0.0,0.4841651916503906,1,P2_CV0,1,1,1,2,0,1,1,2,0,0,2,1,1,1,1,1,1,0,2,0,2,0,2,1,1,1,1,2,0,2,0,1,1
6,12400.0,8200.0,Age0_F6_m6f6_P6_Y37_UO90,R6_F6_m6f6_P6_Y34_UO5,R6_F6_m6f6_P6_Y34_UO82,FXX,0,31.0,0,0,0.0,0,0,0,0.0,0.4814453125,1,P2_CV0,1,1,1,2,0,1,1,1,1,2,0,2,0,1,1,1,1,0,2,1,1,1,1,0,2,1,1,0,2,2,0,2,0
6,12400.0,8200.0,Age0_F6_m6f6_P6_Y37_UO92,R6_F6_m6f6_P6_Y34_UO90,R6_F6_m6f6_P6_Y35_UO36,MXY,0,31.0,0,0,0.0,0,0,0,0.0,0.4655952453613281,1,P2_CV0,1,2,0,1,1,1,1,1,1,0,2,1,1,1,1,0,2,0,2,1,1,0,2,0,2,1,1,0,2,2,0,2,0
6,12400.0,8200.0,Age0_F6_m6f6_P6_Y37_UO99,R6_F6_m6f6_P6_Y35_UO17,R6_F6_m6f6_P6_Y33_UO150,FXX,0,31.0,0,0,0.0,0,0,0,0.0,0.4799671173095703,1,P2_CV0,1,2,0,1,1,0,2,1,1,2,0,1,1,1,1,0,2,0,2,1,1,0,2,0,2,1,1,1,1,2,0,2,0
6,12400.0,8200.0,Age0_F6_m6f6_P6_Y37_UO100,R6_F6_m6f6_P6_Y35_UO17,R6_F6_m6f6_P6_Y33_UO150,MXY,0,31.0,0,0,0.0,0,0,0,0.0,0.4799671173095703,1,P2_CV0,1,2,0,1,1,1,1,1,1,1,1,2,0,2,0,0,2,0,2,0,2,1,1,0,2,1,1,1,1,1,1,1,1
6,12400.0,8200.0,Age0_F6_m6f6_P6_Y37_UO139,R6_F6_m6f6_P6_Y35_UO269,R6_F6_m6f6_P6_Y35_UO268,FXX,0,31.0,0,0,0.0,0,0,0,0.0,0.4724273681640625,1,P2_CV0,1,1,1,0,2,1,1,0,2,0,2,1,1,0,2,0,2,0,2,1,1,0,2,1,1,1,1,0,2,2,0,0,2
6,12400.0,8200.0,Age0_F6_m6f6_P6_Y37_UO236,R6_F6_m6f6_P6_Y35_UO70,R6_F6_m6f6_P6_Y35_UO36,MXY,0,31.0,0,0,0.0,0,0,0,0.0,0.4738578796386719,1,P2_CV0,1,2,0,1,1,1,1,2,0,0,2,0,2,1,1,1,1,0,2,0,2,0,2,1,1,0,2,1,1,2,0,2,0
6,12400.0,8200.0,Age0_F6_m6f6_P6_Y37_UO237,R6_F6_m6f6_P6_Y35_UO70,R6_F6_m6f6_P6_Y35_UO36,MXY,0,31.0,0,0,0.0,0,0,0,0.0,0.4738578796386719,1,P2_CV0,1,2,0,1,1,1,1,2,0,0,2,0,2,1,1,1,1,0,2,2,0,0,2,2,0,0,2,2,0,1,1,1,1
6,12400.0,8200.0,R6_F6_m6f6_P6_Y36_UO97,R6_F6_m6f6_P6_Y31_UO134,R6_F6_m6f6_P6_Y33_UO152,MXY,1,31.0,1,1,0.0,0,0,0,-9999.0,0.4922752380371094,1,P2_CV0,1,0,2,0,2,0,2,1,1,1,1,2,0,1,1,0,2,0,2,0,2,1,1,1,1,0,2,2,0,2,0,2,0
6,12400.0,8200.0,R6_F6_m6f6_P6_Y36_UO89,R6_F6_m2f2_P2_Y33_UO199,R6_F6_m6f6_P6_Y34_UO106,MXY,1,31.0,1,1,0.0,0,0,0,-9999.0,0.45925331115722656,1,P2_CV0,1,1,1,1,1,0,2,0,2,0,2,1,1,0,2,2,0,0,2,1,1,2,0,1,1,0,2,1,1,1,1,1,1
6,12400.0,8200.0,R6_F6_m6f6_P6_Y36_UO124,R6_F6_m6f6_P6_Y31_UO302,R6_F6_m6f6_P6_Y34_UO69,FXX,1,31.0,1,1,0.0,0,0,0,-9999.0,0.4497261047363281,1,P2_CV0,1,2,0,1,1,1,1,0,2,0,2,2,0,1,1,0,2,0,2,2,0,1,1,0,2,0,2,2,0,1,1,2,0
6,12400.0,8200.0,R6_F6_m6f6_P6_Y36_UO200,R6_F6_m6f6_P6_Y31_UO302,R6_F6_m6f6_P6_Y33_UO150,MXY,1,31.0,1,1,0.0,0,0,0,-9999.0,0.4546051025390625,1,P2_CV0,1,2,0,1,1,0,2,1,1,0,2,1,1,1,1,0,2,0,2,1,1,1,1,1,1,1,1,2,0,1,1,2,0
6,12400.0,8200.0,R6_F6_m6f6_P6_Y36_UO185,RD6_F4_m4f4_P4_Y34_UO173,R6_F6_m6f6_P6_Y34_UO82,FXX,1,31.0,1,1,1.746,0,0,0,-9999.0,0.4889030456542969,1,P2_CV0,1,0,2,2,0,1,1,0,2,1,1,2,0,1,1,0,2,0,2,2,0,0,2,0,2,1,1,1,1,2,0,2,0
6,12400.0,8200.0,R6_F6_m6f6_P6_Y36_UO88,R6_F6_m2f2_P2_Y33_UO199,R6_F6_m6f6_P6_Y34_UO106,FXX,1,31.0,1,1,1.0,0,0,0,-9999.0,0.45925331115722656,1,P2_CV0,1,1,1,1,1,1,1,1,1,1,1,0,2,1,1,2,0,0,2,1,1,1,1,1,1,0,2,1,1,1,1,1,1
6,12400.0,8200.0,R6_F6_m6f6_P6_Y36_UO198,R6_F6_m6f6_P6_Y31_UO302,R6_F6_m6f6_P6_Y33_UO150,MXY,1,31.0,1,1,0.0,0,0,0,-9999.0,0.4546051025390625,1,P2_CV0,1,2,0,1,1,1,1,1,1,1,1,2,0,1,1,0,2,0,2,2,0,2,0,0,2,1,1,1,1,0,2,2,0
6,12400.0,8200.0,R6_F6_m6f6_P6_Y35_UO36,R6_F6_m6f6_P6_Y31_UO302,R6_F6_m6f6_P6_Y32_UO223,MXY,2,31.0,1,0,0.0,0,0,0,-9999.0,0.4610443115234375,1,P2_CV0,1,2,0,2,0,1,1,2,0,0,2,1,1,2,0,0,2,0,2,1,1,0,2,1,1,0,2,1,1,1,1,1,1
6,12400.0,8200.0,R6_F6_m6f6_P6_Y35_UO34,R6_F6_m6f6_P6_Y31_UO302,R6_F6_m6f6_P6_Y32_UO223,FXX,2,31.0,1,0,2.432,0,0,0,-9999.0,0.4610443115234375,1,P2_CV0,1,1,1,2,0,1,1,2,0,0,2,1,1,2,0,0,2,0,2,1,1,0,2,0,2,0,2,1,1,1,1,1,1
6,12400.0,8200.0,R6_F6_m6f6_P6_Y35_UO70,R6_F6_m6f6_P6_Y32_UO125,R6_F6_m6f6_P6_Y32_UO90,FXX,2,31.0,1,0,0.0,0,0,0,-9999.0,0.48667144775390625,1,P2_CV0,1,2,0,1,1,1,1,2,0,0,2,0,2,1,1,2,0,0,2,1,1,0,2,1,1,1,1,2,0,2,0,2,0
6,12400.0,8200.0,R6_F6_m6f6_P6_Y35_UO105,R6_F6_m6f6_P6_Y33_UO151,R6_F6_m6f6_P6_Y33_UO161,FXX,2,31.0,1,0,1.0,0,0,0,-9999.0,0.4844017028808594,1,P2_CV0,1,1,1,1,1,1,1,2,0,1,1,1,1,1,1,2,0,0,2,0,2,1,1,2,0,1,1,2,0,1,1,2,0
6,12400.0,8200.0,R6_F6_m6f6_P6_Y35_UO269,R6_F6_m6f6_P6_Y32_UO247,R6_F6_m6f6_P6_Y32_UO223,FXX,2,31.0,1,0,1.339,0,0,0,-9999.0,0.4724273681640625,1,P2_CV0,1,2,0,1,1,1,1,1,1,0,2,1,1,1,1,0,2,0,2,1,1,0,2,2,0,0,2,0,2,2,0,1,1
6,12400.0,8200.0,R6_F6_m6f6_P6_Y33_UO150,R6_F6_m6f6_P6_Y31_UO302,R6_F6_m6f6_P6_Y29_UO125,MXY,4,31.0,1,0,0.0,0,0,0,-9999.0,0.468780517578125,1,P2_CV0,1,2,0,0,2,1,1,0,2,1,1,2,0,1,1,0,2,0,2,1,1,1,1,1,1,1,1,1,1,1,1,2,0
6,12400.0,8200.0,R6_F6_m5f5_P5_Y35_UO140,R5_F5_m5f5_P5_Y31_UO43,R5_F5_m5f5_P5_Y33_UO116,FXX,2,31.0,1,0,2.354,0,0,0,-9999.0,0.4485893249511719,1,P3_CV0,1,2,0,1,1,1,1,2,0,1,1,2,0,0,2,0,2,1,1,2,0,2,0,1,1,2,0,1,1,0,2,2,0
6,12400.0,8200.0,R6_F6_m6f6_P6_Y35_UO191,R6_F6_m6f6_P6_Y31_UO134,R6_F6_m4f4_P4_Y33_UO240,MXY,2,31.0,1,0,0.0,0,0,0,-9999.0,0.49231719970703125,1,P3_CV0,1,0,2,0,2,0,2,0,2,1,1,2,0,1,1,0,2,0,2,1,1,1,1,2,0,2,0,1,1,2,0,1,1
6,12400.0,8200.0,R6_F6_m4f4_P4_Y34_UO173,R4_F4_m4f4_P4_Y31_UO66,R4_F4_m4f4_P4_Y31_UO176,FXX,3,31.0,1,0,1.0,0,0,0,-9999.0,0.492645263671875,1,P3_CV0,1,0,2,2,0,1,1,1,1,2,0,1,1,1,1,0,2,0,2,2,0,1,1,0,2,1,1,1,1,1,1,1,1
6,12400.0,8200.0,R6_F6_m5f5_P5_Y36_UO27,R5_F5_m5f5_P5_Y33_UO207,R5_F5_m5f5_P5_Y34_UO138,FXX,1,31.0,1,1,1.243,0,0,0,-9999.0,0.4533119201660156,1,P4_CV0,1,2,0,2,0,1,1,1,1,1,1,2,0,0,2,0,2,0,2,2,0,2,0,2,0,2,0,2,0,1,1,0,2
6,12400.0,8200.0,Age0_F6_m6f6_P6_Y37_UO14,RD6_F6_m6f6_P6_Y35_UO51,R6_F6_m6f6_P6_Y34_UO91,FXX,0,31.0,0,0,0.0,0,0,0,0.0,0.4772796630859375,1,P5_CV0,1,2,0,1,1,0,2,2,0,0,2,1,1,1,1,1,1,0,2,2,0,1,1,0,2,1,1,2,0,2,0,1,1
6,12400.0,8200.0,Age0_F6_m6f6_P6_Y37_UO15,RD6_F6_m6f6_P6_Y35_UO51,R6_F6_m6f6_P6_Y34_UO91,FXX,0,31.0,0,0,0.0,0,0,0,0.0,0.4772796630859375,1,P5_CV0,1,1,1,1,1,1,1,2,0,0,2,2,0,1,1,0,2,0,2,2,0,1,1,1,1,1,1,2,0,2,0,2,0
6,12400.0,8200.0,Age0_F6_m6f6_P6_Y37_UO17,R6_F6_m6f6_P6_Y35_UO17,R6_F6_m6f6_P6_Y35_UO245,FXX,0,31.0,0,0,0.0,0,0,0,0.0,0.48372840881347656,1,P5_CV0,1,1,1,2,0,0,2,2,0,1,1,1,1,2,0,0,2,0,2,0,2,2,0,1,1,0,2,1,1,1,1,2,0
6,12400.0,8200.0,Age0_F6_m6f6_P6_Y37_UO18,R6_F6_m6f6_P6_Y35_UO17,R6_F6_m6f6_P6_Y35_UO245,MXY,0,31.0,0,0,0.0,0,0,0,0.0,0.48372840881347656,1,P5_CV0,1,2,0,1,1,0,2,0,2,1,1,1,1,1,1,0,2,0,2,1,1,2,0,1,1,0,2,0,2,2,0,2,0
6,12400.0,8200.0,Age0_F6_m6f6_P6_Y37_UO41,R6_F6_m6f6_P6_Y33_UO70,R6_F6_m6f6_P6_Y35_UO37,MXY,0,31.0,0,0,0.0,0,0,0,0.0,0.4769706726074219,1,P5_CV0,1,2,0,0,2,1,1,1,1,1,1,2,0,1,1,0,2,0,2,1,1,1,1,1,1,1,1,2,0,1,1,2,0
6,12400.0,8200.0,Age0_F6_m6f6_P6_Y37_UO42,R6_F6_m6f6_P6_Y33_UO70,R6_F6_m6f6_P6_Y35_UO37,MXY,0,31.0,0,0,0.0,0,0,0,0.0,0.4769706726074219,1,P5_CV0,1,2,0,1,1,2,0,1,1,1,1,2,0,0,2,0,2,0,2,1,1,1,1,1,1,0,2,2,0,1,1,2,0
6,12400.0,8200.0,Age0_F6_m6f6_P6_Y37_UO51,R6_F6_m6f6_P6_Y35_UO67,R6_F6_m6f6_P6_Y35_UO161,FXX,0,31.0,0,0,0.0,0,0,0,0.0,0.4830360412597656,1,P5_CV0,1,0,2,2,0,2,0,1,1,1,1,2,0,1,1,2,0,0,2,2,0,0,2,1,1,1,1,1,1,2,0,1,1
6,12400.0,8200.0,Age0_F6_m6f6_P6_Y37_UO69,R6_F6_m6f6_P6_Y33_UO163,R6_F6_m6f6_P6_Y34_UO282,FXX,0,31.0,0,0,0.0,0,0,0,0.0,0.48053741455078125,1,P5_CV0,1,1,1,1,1,0,2,2,0,0,2,0,2,2,0,0,2,0,2,1,1,1,1,2,0,2,0,1,1,2,0,1,1
6,12400.0,8200.0,Age0_F6_m6f6_P6_Y37_UO70,R6_F6_m6f6_P6_Y33_UO163,R6_F6_m6f6_P6_Y34_UO282,MXY,0,31.0,0,0,0.0,0,0,0,0.0,0.48053741455078125,1,P5_CV0,1,2,0,1,1,1,1,2,0,0,2,0,2,1,1,0,2,0,2,0,2,1,1,1,1,2,0,1,1,2,0,1,1
6,12400.0,8200.0,Age0_F6_m6f6_P6_Y37_UO71,R6_F6_m6f6_P6_Y35_UO105,R6_F6_m6f6_P6_Y35_UO160,MXY,0,31.0,0,0,0.0,0,0,0,0.0,0.4830303192138672,1,P5_CV0,1,1,1,2,0,1,1,2,0,0,2,1,1,1,1,1,1,0,2,0,2,0,2,2,0,1,1,2,0,1,1,1,1
6,12400.0,8200.0,Age0_F6_m6f6_P6_Y37_UO72,R6_F6_m6f6_P6_Y35_UO105,R6_F6_m6f6_P6_Y35_UO160,FXX,0,31.0,0,0,0.0,0,0,0,0.0,0.4830303192138672,1,P5_CV0,1,1,1,1,1,1,1,2,0,0,2,2,0,0,2,1,1,0,2,1,1,2,0,2,0,2,0,2,0,2,0,1,1
6,12400.0,8200.0,Age0_F6_m6f6_P6_Y37_UO73,R6_F6_m6f6_P6_Y33_UO70,R6_F6_m6f6_P6_Y34_UO282,MXY,0,31.0,0,0,0.0,0,0,0,0.0,0.4905281066894531,1,P5_CV0,1,2,0,0,2,2,0,1,1,1,1,1,1,1,1,0,2,0,2,1,1,0,2,2,0,1,1,1,1,2,0,2,0
6,12400.0,8200.0,Age0_F6_m6f6_P6_Y37_UO74,R6_F6_m6f6_P6_Y33_UO70,R6_F6_m6f6_P6_Y34_UO282,FXX,0,31.0,0,0,0.0,0,0,0,0.0,0.4905281066894531,1,P5_CV0,1,2,0,1,1,1,1,1,1,1,1,1,1,1,1,0,2,0,2,1,1,0,2,2,0,2,0,1,1,1,1,1,1
6,12400.0,8200.0,Age0_F6_m6f6_P6_Y37_UO91,R6_F6_m6f6_P6_Y34_UO90,R6_F6_m6f6_P6_Y35_UO36,MXY,0,31.0,0,0,0.0,0,0,0,0.0,0.4655952453613281,1,P5_CV0,1,2,0,2,0,2,0,1,1,0,2,0,2,1,1,0,2,0,2,2,0,1,1,2,0,1,1,1,1,1,1,1,1
6,12400.0,8200.0,Age0_F6_m6f6_P6_Y37_UO108,R6_F6_m6f6_P6_Y34_UO108,R6_F6_m6f6_P6_Y35_UO268,MXY,0,31.0,0,0,0.0,0,0,0,0.0,0.4686737060546875,1,P5_CV0,1,0,2,1,1,1,1,2,0,1,1,0,2,0,2,2,0,0,2,1,1,1,1,0,2,0,2,1,1,1,1,0,2
6,12400.0,8200.0,Age0_F6_m6f6_P6_Y37_UO109,R6_F6_m6f6_P6_Y34_UO108,R6_F6_m6f6_P6_Y35_UO268,FXX,0,31.0,0,0,0.0,0,0,0,0.0,0.4686737060546875,1,P5_CV0,1,1,1,2,0,1,1,0,2,1,1,0,2,0,2,1,1,0,2,1,1,1,1,1,1,2,0,1,1,1,1,1,1
6,12400.0,8200.0,Age0_F6_m6f6_P6_Y37_UO130,R6_F6_m6f6_P6_Y35_UO67,R6_F6_m6f6_P6_Y35_UO245,FXX,0,31.0,0,0,0.0,0,0,0,0.0,0.4803581237792969,1,P5_CV0,1,1,1,1,1,1,1,1,1,0,2,0,2,1,1,1,1,0,2,1,1,2,0,1,1,2,0,1,1,2,0,2,0
6,12400.0,8200.0,Age0_F6_m6f6_P6_Y37_UO131,R6_F6_m6f6_P6_Y33_UO163,R6_F6_m6f6_P6_Y35_UO161,MXY,0,31.0,0,0,0.0,0,0,0,0.0,0.47728729248046875,1,P5_CV0,1,1,1,1,1,2,0,2,0,1,1,1,1,1,1,1,1,0,2,1,1,1,1,2,0,2,0,1,1,2,0,1,1
6,12400.0,8200.0,Age0_F6_m6f6_P6_Y37_UO132,R6_F6_m6f6_P6_Y33_UO163,R6_F6_m6f6_P6_Y35_UO161,FXX,0,31.0,0,0,0.0,0,0,0,0.0,0.47728729248046875,1,P5_CV0,1,1,1,2,0,2,0,2,0,1,1,0,2,0,2,1,1,0,2,1,1,1,1,2,0,2,0,1,1,2,0,1,1
6,12400.0,8200.0,Age0_F6_m6f6_P6_Y37_UO133,R6_F6_m6f6_P6_Y33_UO163,R6_F6_m6f6_P6_Y35_UO161,MXY,0,31.0,0,0,0.0,0,0,0,0.0,0.47728729248046875,1,P5_CV0,1,0,2,2,0,0,2,2,0,2,0,1,1,1,1,2,0,0,2,1,1,1,1,2,0,2,0,1,1,2,0,0,2
6,12400.0,8200.0,Age0_F6_m6f6_P6_Y37_UO189,R6_F6_m6f6_P6_Y35_UO193,R6_F6_m6f6_P6_Y35_UO161,MXY,0,31.0,0,0,0.0,0,0,0,0.0,0.4869880676269531,1,P5_CV0,1,0,2,0,2,0,2,1,1,0,2,1,1,0,2,0,2,0,2,2,0,0,2,2,0,2,0,1,1,2,0,1,1
6,12400.0,8200.0,Age0_F6_m6f6_P6_Y37_UO190,R6_F6_m6f6_P6_Y35_UO193,R6_F6_m6f6_P6_Y35_UO161,FXX,0,31.0,0,0,0.0,0,0,0,0.0,0.4869880676269531,1,P5_CV0,1,0,2,1,1,1,1,1,1,1,1,1,1,0,2,1,1,0,2,2,0,1,1,2,0,2,0,1,1,2,0,1,1
6,12400.0,8200.0,Age0_F6_m6f6_P6_Y37_UO196,R6_F6_m6f6_P6_Y33_UO70,R6_F6_m6f6_P6_Y35_UO268,FXX,0,31.0,0,0,0.0,0,0,0,0.0,0.4826622009277344,1,P5_CV0,1,2,0,0,2,0,2,0,2,1,1,1,1,0,2,1,1,0,2,1,1,0,2,2,0,0,2,1,1,2,0,1,1
6,12400.0,8200.0,Age0_F6_m6f6_P6_Y37_UO197,R6_F6_m6f6_P6_Y33_UO70,R6_F6_m6f6_P6_Y35_UO268,MXY,0,31.0,0,0,0.0,0,0,0,0.0,0.4826622009277344,1,P5_CV0,1,1,1,0,2,0,2,1,1,1,1,1,1,1,1,1,1,0,2,1,1,0,2,2,0,1,1,1,1,1,1,2,0
6,12400.0,8200.0,Age0_F6_m6f6_P6_Y37_UO198,R6_F6_m6f6_P6_Y33_UO70,R6_F6_m6f6_P6_Y35_UO268,MXY,0,31.0,0,0,0.0,0,0,0,0.0,0.4826622009277344,1,P5_CV0,1,1,1,0,2,0,2,0,2,1,1,1,1,1,1,1,1,0,2,1,1,0,2,2,0,0,2,1,1,1,1,2,0
6,12400.0,8200.0,Age0_F6_m6f6_P6_Y37_UO199,R6_F6_m6f6_P6_Y35_UO269,R6_F6_m6f6_P6_Y35_UO160,MXY,0,31.0,0,0,0.0,0,0,0,0.0,0.47704315185546875,1,P5_CV0,1,1,1,1,1,0,2,1,1,0,2,1,1,1,1,0,2,0,2,1,1,0,2,2,0,1,1,1,1,2,0,0,2
6,12400.0,8200.0,Age0_F6_m6f6_P6_Y37_UO226,R6_F6_m6f6_P6_Y34_UO5,R6_F6_m6f6_P6_Y35_UO191,FXX,0,31.0,0,0,0.0,0,0,0,0.0,0.48502349853515625,1,P5_CV0,1,1,1,1,1,1,1,0,2,1,1,2,0,0,2,1,1,0,2,1,1,0,2,1,1,1,1,0,2,2,0,0,2
6,12400.0,8200.0,Age0_F6_m6f6_P6_Y37_UO280,R6_F6_m6f6_P6_Y35_UO67,R6_F6_m6f6_P6_Y35_UO245,MXY,0,31.0,0,0,0.0,0,0,0,0.0,0.4803581237792969,1,P5_CV0,1,0,2,1,1,1,1,0,2,0,2,1,1,0,2,1,1,0,2,1,1,2,0,1,1,1,1,1,1,1,1,2,0
6,12400.0,8200.0,R6_F6_m6f6_P6_Y36_UO145,R6_F6_m6f6_P6_Y32_UO241,R6_F6_m6f6_P6_Y33_UO152,MXY,1,31.0,1,1,0.0,0,0,0,-9999.0,0.4844017028808594,1,P5_CV0,1,0,2,1,1,1,1,2,0,2,0,2,0,0,2,1,1,0,2,1,1,0,2,1,1,1,1,2,0,2,0,1,1
6,12400.0,8200.0,R6_F6_m6f6_P6_Y36_UO44,R6_F6_m6f6_P6_Y32_UO241,R6_F6_m6f6_P6_Y34_UO249,FXX,1,31.0,1,1,1.0,0,0,0,-9999.0,0.4789695739746094,1,P5_CV0,1,0,2,2,0,2,0,1,1,2,0,2,0,2,0,1,1,0,2,0,2,2,0,2,0,0,2,1,1,2,0,2,0
6,12400.0,8200.0,R6_F6_m6f6_P6_Y36_UO54,R6_F6_m6f6_P6_Y34_UO108,R6_F6_m6f6_P6_Y34_UO29,FXX,1,31.0,1,1,1.38,0,0,0,-9999.0,0.4750709533691406,1,P5_CV0,1,1,1,1,1,1,1,2,0,1,1,1,1,0,2,1,1,0,2,2,0,0,2,1,1,2,0,1,1,2,0,0,2
6,12400.0,8200.0,R6_F6_m6f6_P6_Y36_UO72,R6_F6_m6f6_P6_Y32_UO241,R6_F6_m6f6_P6_Y34_UO91,MXY,1,31.0,1,1,0.0,0,0,0,-9999.0,0.4715309143066406,1,P5_CV0,1,1,1,1,1,1,1,2,0,1,1,2,0,1,1,1,1,0,2,1,1,2,0,2,0,2,0,2,0,2,0,1,1
6,12400.0,8200.0,R6_F6_m6f6_P6_Y36_UO125,R6_F6_m6f6_P6_Y32_UO241,R6_F6_m2f2_P2_Y34_UO85,FXX,1,31.0,1,1,0.0,0,0,0,-9999.0,0.47820568084716797,1,P5_CV0,1,1,1,2,0,1,1,1,1,2,0,1,1,1,1,0,2,0,2,1,1,2,0,1,1,1,1,2,0,2,0,0,2
6,12400.0,8200.0,R6_F6_m6f6_P6_Y36_UO107,R6_F6_m6f6_P6_Y34_UO90,R6_F6_m6f6_P6_Y33_UO111,FXX,1,31.0,1,1,0.0,0,0,0,-9999.0,0.4711799621582031,1,P5_CV0,1,2,0,2,0,2,0,1,1,0,2,0,2,0,2,2,0,0,2,1,1,1,1,1,1,1,1,1,1,2,0,2,0
6,12400.0,8200.0,R6_F6_m6f6_P6_Y36_UO71,R6_F6_m6f6_P6_Y32_UO241,R6_F6_m6f6_P6_Y34_UO91,MXY,1,31.0,1,1,0.0,0,0,0,-9999.0,0.4715309143066406,1,P5_CV0,1,2,0,1,1,1,1,1,1,1,1,1,1,0,2,1,1,0,2,2,0,2,0,2,0,2,0,1,1,2,0,1,1
6,12400.0,8200.0,R6_F6_m6f6_P6_Y36_UO53,R6_F6_m6f6_P6_Y34_UO108,R6_F6_m6f6_P6_Y34_UO29,FXX,1,31.0,1,1,0.0,0,0,0,-9999.0,0.4750709533691406,1,P5_CV0,1,1,1,1,1,0,2,2,0,0,2,1,1,0,2,1,1,0,2,2,0,0,2,0,2,1,1,1,1,1,1,1,1
6,12400.0,8200.0,R6_F6_m6f6_P6_Y36_UO263,R6_F6_m6f6_P6_Y34_UO150,R6_F6_m6f6_P6_Y34_UO69,MXY,1,31.0,1,1,0.0,0,0,0,-9999.0,0.4639015197753906,1,P5_CV0,1,2,0,1,1,2,0,0,2,0,2,2,0,0,2,1,1,0,2,2,0,2,0,1,1,0,2,2,0,1,1,1,1
6,12400.0,8200.0,R6_F6_m6f6_P6_Y36_UO42,R6_F6_m6f6_P6_Y32_UO241,R6_F6_m6f6_P6_Y34_UO249,MXY,1,31.0,1,1,0.0,0,0,0,-9999.0,0.4789695739746094,1,P5_CV0,1,2,0,2,0,2,0,1,1,2,0,1,1,1,1,0,2,0,2,1,1,0,2,2,0,1,1,1,1,1,1,2,0
6,12400.0,8200.0,R6_F6_m6f6_P6_Y36_UO43,R6_F6_m6f6_P6_Y32_UO241,R6_F6_m6f6_P6_Y34_UO249,MXY,1,31.0,1,1,0.0,0,0,0,-9999.0,0.4789695739746094,1,P5_CV0,1,1,1,2,0,2,0,1,1,2,0,2,0,2,0,1,1,0,2,1,1,1,1,2,0,1,1,2,0,2,0,1,1
6,12400.0,8200.0,R6_F6_m6f6_P6_Y36_UO96,R6_F6_m6f6_P6_Y31_UO134,R6_F6_m6f6_P6_Y33_UO152,MXY,1,31.0,1,1,0.0,0,0,0,-9999.0,0.4922752380371094,1,P5_CV0,1,1,1,0,2,1,1,1,1,1,1,2,0,0,2,1,1,0,2,0,2,1,1,1,1,1,1,2,0,2,0,2,0
6,12400.0,8200.0,R6_F6_m6f6_P6_Y36_UO264,R6_F6_m6f6_P6_Y33_UO70,R6_F6_m6f6_P6_Y34_UO82,FXX,1,31.0,1,1,1.024,0,0,0,-9999.0,0.4890289306640625,1,P5_CV0,1,2,0,1,1,0,2,1,1,1,1,2,0,1,1,0,2,0,2,0,2,0,2,1,1,1,1,1,1,2,0,2,0
6,12400.0,8200.0,R6_F6_m6f6_P6_Y35_UO244,R6_F6_m6f6_P6_Y32_UO247,R6_F6_m6f6_P6_Y31_UO82,FXX,2,31.0,1,0,1.438,0,0,0,-9999.0,0.4763031005859375,1,P5_CV0,1,1,1,2,0,0,2,1,1,1,1,0,2,1,1,0,2,0,2,1,1,1,1,1,1,2,0,1,1,1,1,1,1
6,12400.0,8200.0,R6_F6_m6f6_P6_Y35_UO17,R6_F6_m6f6_P6_Y33_UO70,R6_F6_m6f6_P6_Y31_UO82,FXX,2,31.0,1,0,1.687,0,0,0,-9999.0,0.4911537170410156,1,P5_CV0,1,2,0,1,1,0,2,1,1,2,0,1,1,2,0,0,2,0,2,0,2,1,1,1,1,1,1,1,1,1,1,1,1
6,12400.0,8200.0,R6_F6_m6f6_P6_Y35_UO268,R6_F6_m6f6_P6_Y32_UO247,R6_F6_m6f6_P6_Y32_UO223,MXY,2,31.0,1,0,0.0,0,0,0,-9999.0,0.4724273681640625,1,P5_CV0,1,1,1,1,1,0,2,1,1,0,2,0,2,0,2,1,1,0,2,2,0,0,2,1,1,1,1,0,2,2,0,1,1
6,12400.0,8200.0,R6_F6_m6f6_P6_Y34_UO282,R6_F6_m6f6_P6_Y32_UO217,R6_F6_m6f6_P6_Y32_UO162,MXY,3,31.0,1,0,0.0,0,0,0,-9999.0,0.4881591796875,1,P5_CV0,1,2,0,1,1,1,1,2,0,0,2,0,2,1,1,1,1,0,2,1,1,0,2,1,1,2,0,0,2,2,0,1,1
6,12400.0,8200.0,R6_F6_m6f6_P6_Y34_UO29,R6_F6_m6f6_P6_Y32_UO124,R6_F6_m6f6_P6_Y32_UO206,MXY,3,31.0,1,0,0.0,0,0,0,-9999.0,0.48522186279296875,1,P5_CV0,1,2,0,0,2,0,2,1,1,1,1,2,0,1,1,1,1,0,2,1,1,1,1,1,1,1,1,0,2,2,0,1,1
6,12400.0,8200.0,R6_F6_m6f6_P6_Y34_UO108,R6_F6_m6f6_P6_Y31_UO300,R6_F6_m6f6_P6_Y31_UO82,FXX,3,31.0,1,0,0.0,0,0,0,-9999.0,0.4649200439453125,1,P5_CV0,1,0,2,2,0,1,1,1,1,1,1,0,2,0,2,1,1,0,2,1,1,1,1,0,2,1,1,2,0,1,1,1,1
6,12400.0,8200.0,R6_F6_m6f6_P6_Y34_UO91,R6_F6_m5f5_P5_Y29_UO21,R6_F6_m6f6_P6_Y32_UO92,MXY,3,31.0,1,0,0.0,0,0,0,-9999.0,0.47014617919921875,1,P5_CV0,1,1,1,0,2,1,1,1,1,0,2,1,1,0,2,1,1,0,2,2,0,1,1,1,1,2,0,1,1,2,0,1,1
6,12400.0,8200.0,R6_F6_m6f6_P6_Y33_UO251,R6_F6_m5f5_P5_Y29_UO21,R6_F6_m6f6_P6_Y31_UO83,MXY,4,31.0,1,0,0.0,0,0,0,-9999.0,0.47674560546875,1,P5_CV0,1,2,0,1,1,2,0,1,1,1,1,1,1,0,2,0,2,0,2,2,0,2,0,1,1,2,0,1,1,2,0,1,1
6,12400.0,8200.0,R6_F6_m6f6_P6_Y33_UO70,R6_F6_m6f6_P6_Y31_UO136,R6_F6_m6f6_P6_Y29_UO125,FXX,4,31.0,1,0,2.51,0,0,0,-9999.0,0.49289703369140625,1,P5_CV0,1,2,0,0,2,1,1,0,2,2,0,2,0,1,1,0,2,0,2,0,2,0,2,2,0,1,1,2,0,1,1,2,0
6,12400.0,8200.0,R6_F6_m6f6_P6_Y32_UO241,R6_F6_m6f6_P6_Y30_UO8,R6_F6_m6f6_P6_Y30_UO194,FXX,5,31.0,1,0,1.098,0,0,0,-9999.0,0.4729156494140625,1,P5_CV0,1,1,1,2,0,2,0,2,0,2,0,1,1,1,1,1,1,0,2,1,1,1,1,2,0,1,1,2,0,2,0,1,1
6,12400.0,8200.0,R6_F6_m6f6_P6_Y32_UO283,R6_F6_m6f6_P6_Y29_UO129,R6_F6_m6f6_P6_Y30_UO91,FXX,5,31.0,1,0,1.0,0,0,0,-9999.0,0.4797210693359375,1,P5_CV0,1,0,2,1,1,1,1,0,2,1,1,1,1,0,2,1,1,0,2,1,1,0,2,2,0,0,2,0,2,2,0,1,1
