Rep	Year	RepSeason	x	y	Species	NInd
0	0	0	90	63	0	5
0	1	0	90	63	0	10
0	2	0	90	63	0	18
0	3	0	90	63	0	15
0	3	0	90	62	0	1
0	4	0	90	63	0	12
0	4	0	90	62	0	2
0	5	0	90	63	0	8
0	5	0	90	62	0	0
0	5	0	91	62	0	1
0	6	0	90	63	0	9
0	6	0	90	62	0	0
0	6	0	91	62	0	2
0	7	0	90	63	0	8
0	7	0	90	62	0	0
0	7	0	91	62	0	6
0	8	0	90	63	0	9
0	8	0	90	62	0	0
0	8	0	91	62	0	3
0	9	0	90	63	0	10
0	9	0	90	62	0	0
0	9	0	91	62	0	1
0	10	0	90	63	0	10
0	10	0	90	62	0	1
0	10	0	91	62	0	0
0	11	0	90	63	0	6
0	11	0	90	62	0	2
0	11	0	91	62	0	0
0	12	0	90	63	0	11
0	12	0	90	62	0	2
0	12	0	91	62	0	0
0	13	0	90	63	0	11
0	13	0	90	62	0	0
0	13	0	91	62	0	0
0	14	0	88	63	0	1
0	14	0	90	63	0	9
0	14	0	90	62	0	0
0	14	0	91	62	0	0
0	15	0	87	63	0	1
0	15	0	88	63	0	0
0	15	0	90	63	0	8
0	15	0	90	62	0	0
0	15	0	91	62	0	0
0	16	0	84	64	0	1
0	16	0	87	63	0	2
0	16	0	88	63	0	0
0	16	0	90	63	0	8
0	16	0	90	62	0	0
0	16	0	91	62	0	0
0	17	0	84	64	0	0
0	17	0	87	63	0	2
0	17	0	88	63	0	0
0	17	0	90	63	0	7
0	17	0	90	62	0	0
0	17	0	91	62	0	0
0	18	0	84	64	0	0
0	18	0	89	64	0	1
0	18	0	87	63	0	0
0	18	0	88	63	0	0
0	18	0	90	63	0	10
0	18	0	90	62	0	0
0	18	0	91	62	0	0
0	19	0	87	65	0	1
0	19	0	84	64	0	0
0	19	0	89	64	0	0
0	19	0	87	63	0	0
0	19	0	88	63	0	0
0	19	0	90	63	0	7
0	19	0	90	62	0	0
0	19	0	91	62	0	0
0	20	0	87	65	0	0
0	20	0	84	64	0	0
0	20	0	89	64	0	0
0	20	0	87	63	0	0
0	20	0	88	63	0	0
0	20	0	90	63	0	8
0	20	0	90	62	0	0
0	20	0	91	62	0	0
0	21	0	87	65	0	0
0	21	0	84	64	0	0
0	21	0	89	64	0	0
0	21	0	87	63	0	0
0	21	0	88	63	0	0
0	21	0	90	63	0	8
0	21	0	90	62	0	0
0	21	0	91	62	0	0
0	22	0	87	65	0	0
0	22	0	84	64	0	0
0	22	0	89	64	0	0
0	22	0	87	63	0	0
0	22	0	88	63	0	0
0	22	0	90	63	0	3
0	22	0	90	62	0	0
0	22	0	91	62	0	0
0	22	0	91	61	0	1
0	23	0	87	65	0	0
0	23	0	84	64	0	0
0	23	0	89	64	0	2
0	23	0	87	63	0	0
0	23	0	88	63	0	0
0	23	0	90	63	0	3
0	23	0	90	62	0	0
0	23	0	91	62	0	0
0	23	0	91	61	0	1
0	24	0	87	65	0	0
0	24	0	84	64	0	0
0	24	0	88	64	0	1
0	24	0	89	64	0	5
0	24	0	87	63	0	0
0	24	0	88	63	0	0
0	24	0	90	63	0	2
0	24	0	90	62	0	0
0	24	0	91	62	0	0
0	24	0	91	61	0	1
0	25	0	87	65	0	0
0	25	0	84	64	0	0
0	25	0	88	64	0	1
0	25	0	89	64	0	4
0	25	0	87	63	0	0
0	25	0	88	63	0	0
0	25	0	90	63	0	2
0	25	0	88	62	0	1
0	25	0	90	62	0	0
0	25	0	91	62	0	0
0	25	0	91	61	0	2
0	26	0	87	65	0	0
0	26	0	84	64	0	0
0	26	0	88	64	0	2
0	26	0	89	64	0	9
0	26	0	87	63	0	0
0	26	0	88	63	0	0
0	26	0	90	63	0	3
0	26	0	88	62	0	1
0	26	0	90	62	0	0
0	26	0	91	62	0	0
0	26	0	91	61	0	5
0	27	0	87	65	0	0
0	27	0	84	64	0	0
0	27	0	88	64	0	2
0	27	0	89	64	0	8
0	27	0	87	63	0	0
0	27	0	88	63	0	0
0	27	0	90	63	0	0
0	27	0	88	62	0	0
0	27	0	90	62	0	0
0	27	0	91	62	0	0
0	27	0	91	61	0	7
0	28	0	87	65	0	0
0	28	0	84	64	0	0
0	28	0	88	64	0	2
0	28	0	89	64	0	9
0	28	0	87	63	0	0
0	28	0	88	63	0	0
0	28	0	90	63	0	0
0	28	0	88	62	0	0
0	28	0	90	62	0	0
0	28	0	91	62	0	0
0	28	0	91	61	0	3
0	29	0	87	65	0	0
0	29	0	84	64	0	0
0	29	0	88	64	0	2
0	29	0	89	64	0	7
0	29	0	87	63	0	0
0	29	0	88	63	0	0
0	29	0	90	63	0	0
0	29	0	88	62	0	0
0	29	0	90	62	0	0
0	29	0	91	62	0	0
0	29	0	91	61	0	3
0	30	0	87	65	0	0
0	30	0	84	64	0	0
0	30	0	88	64	0	4
0	30	0	89	64	0	5
0	30	0	87	63	0	0
0	30	0	88	63	0	0
0	30	0	90	63	0	0
0	30	0	88	62	0	0
0	30	0	90	62	0	0
0	30	0	91	62	0	0
0	30	0	91	61	0	5
0	31	0	87	65	0	0
0	31	0	84	64	0	0
0	31	0	88	64	0	6
0	31	0	89	64	0	3
0	31	0	87	63	0	0
0	31	0	88	63	0	0
0	31	0	90	63	0	0
0	31	0	87	62	0	1
0	31	0	88	62	0	0
0	31	0	90	62	0	0
0	31	0	91	62	0	0
0	31	0	91	61	0	8
0	32	0	87	65	0	0
0	32	0	84	64	0	0
0	32	0	88	64	0	2
0	32	0	89	64	0	4
0	32	0	87	63	0	0
0	32	0	88	63	0	0
0	32	0	90	63	0	0
0	32	0	87	62	0	1
0	32	0	88	62	0	0
0	32	0	90	62	0	0
0	32	0	91	62	0	0
0	32	0	91	61	0	7
0	33	0	87	65	0	0
0	33	0	84	64	0	0
0	33	0	88	64	0	2
0	33	0	89	64	0	4
0	33	0	87	63	0	0
0	33	0	88	63	0	0
0	33	0	90	63	0	0
0	33	0	87	62	0	1
0	33	0	88	62	0	0
0	33	0	90	62	0	0
0	33	0	91	62	0	0
0	33	0	91	61	0	8
0	34	0	87	65	0	0
0	34	0	84	64	0	0
0	34	0	88	64	0	3
0	34	0	89	64	0	3
0	34	0	87	63	0	0
0	34	0	88	63	0	0
0	34	0	90	63	0	0
0	34	0	87	62	0	2
0	34	0	88	62	0	0
0	34	0	90	62	0	0
0	34	0	91	62	0	0
0	34	0	91	61	0	4
0	35	0	87	65	0	0
0	35	0	84	64	0	0
0	35	0	88	64	0	4
0	35	0	89	64	0	4
0	35	0	87	63	0	0
0	35	0	88	63	0	0
0	35	0	90	63	0	0
0	35	0	87	62	0	1
0	35	0	88	62	0	0
0	35	0	90	62	0	0
0	35	0	91	62	0	0
0	35	0	86	61	0	1
0	35	0	91	61	0	4
0	36	0	87	65	0	0
0	36	0	84	64	0	0
0	36	0	88	64	0	7
0	36	0	89	64	0	5
0	36	0	87	63	0	0
0	36	0	88	63	0	0
0	36	0	90	63	0	0
0	36	0	86	62	0	1
0	36	0	87	62	0	0
0	36	0	88	62	0	0
0	36	0	90	62	0	0
0	36	0	91	62	0	0
0	36	0	86	61	0	0
0	36	0	91	61	0	4
0	37	0	87	65	0	0
0	37	0	84	64	0	0
0	37	0	88	64	0	5
0	37	0	89	64	0	2
0	37	0	87	63	0	0
0	37	0	88	63	0	1
0	37	0	90	63	0	0
0	37	0	86	62	0	0
0	37	0	87	62	0	0
0	37	0	88	62	0	0
0	37	0	90	62	0	0
0	37	0	91	62	0	0
0	37	0	86	61	0	0
0	37	0	91	61	0	2
0	38	0	87	65	0	1
0	38	0	84	64	0	0
0	38	0	88	64	0	3
0	38	0	89	64	0	3
0	38	0	87	63	0	0
0	38	0	88	63	0	4
0	38	0	90	63	0	0
0	38	0	86	62	0	0
0	38	0	87	62	0	0
0	38	0	88	62	0	0
0	38	0	90	62	0	0
0	38	0	91	62	0	0
0	38	0	86	61	0	0
0	38	0	91	61	0	2
0	39	0	87	65	0	0
0	39	0	84	64	0	0
0	39	0	88	64	0	5
0	39	0	89	64	0	3
0	39	0	87	63	0	0
0	39	0	88	63	0	8
0	39	0	90	63	0	0
0	39	0	86	62	0	0
0	39	0	87	62	0	0
0	39	0	88	62	0	1
0	39	0	90	62	0	0
0	39	0	91	62	0	0
0	39	0	86	61	0	0
0	39	0	91	61	0	4
0	40	0	87	65	0	0
0	40	0	84	64	0	0
0	40	0	88	64	0	3
0	40	0	89	64	0	5
0	40	0	84	63	0	1
0	40	0	87	63	0	0
0	40	0	88	63	0	8
0	40	0	90	63	0	0
0	40	0	86	62	0	0
0	40	0	87	62	0	0
0	40	0	88	62	0	0
0	40	0	90	62	0	0
0	40	0	91	62	0	0
0	40	0	86	61	0	0
0	40	0	91	61	0	5
0	41	0	87	65	0	0
0	41	0	84	64	0	0
0	41	0	88	64	0	4
0	41	0	89	64	0	5
0	41	0	84	63	0	3
0	41	0	87	63	0	0
0	41	0	88	63	0	7
0	41	0	90	63	0	0
0	41	0	86	62	0	0
0	41	0	87	62	0	0
0	41	0	88	62	0	0
0	41	0	90	62	0	0
0	41	0	91	62	0	0
0	41	0	86	61	0	0
0	41	0	91	61	0	6
0	42	0	82	65	0	1
0	42	0	87	65	0	0
0	42	0	84	64	0	0
0	42	0	88	64	0	8
0	42	0	89	64	0	6
0	42	0	84	63	0	5
0	42	0	87	63	0	0
0	42	0	88	63	0	6
0	42	0	90	63	0	0
0	42	0	86	62	0	0
0	42	0	87	62	0	0
0	42	0	88	62	0	0
0	42	0	90	62	0	1
0	42	0	91	62	0	0
0	42	0	86	61	0	0
0	42	0	91	61	0	2
0	43	0	82	65	0	1
0	43	0	87	65	0	0
0	43	0	84	64	0	0
0	43	0	87	64	0	1
0	43	0	88	64	0	8
0	43	0	89	64	0	6
0	43	0	84	63	0	6
0	43	0	87	63	0	0
0	43	0	88	63	0	4
0	43	0	89	63	0	1
0	43	0	90	63	0	0
0	43	0	86	62	0	0
0	43	0	87	62	0	0
0	43	0	88	62	0	0
0	43	0	90	62	0	1
0	43	0	91	62	0	0
0	43	0	86	61	0	0
0	43	0	91	61	0	3
0	44	0	82	65	0	2
0	44	0	87	65	0	0
0	44	0	84	64	0	1
0	44	0	87	64	0	1
0	44	0	88	64	0	9
0	44	0	89	64	0	8
0	44	0	84	63	0	9
0	44	0	87	63	0	0
0	44	0	88	63	0	6
0	44	0	89	63	0	1
0	44	0	90	63	0	0
0	44	0	86	62	0	0
0	44	0	87	62	0	0
0	44	0	88	62	0	0
0	44	0	90	62	0	2
0	44	0	91	62	0	0
0	44	0	86	61	0	0
0	44	0	91	61	0	2
0	45	0	82	65	0	2
0	45	0	87	65	0	1
0	45	0	84	64	0	3
0	45	0	87	64	0	3
0	45	0	88	64	0	9
0	45	0	89	64	0	5
0	45	0	84	63	0	9
0	45	0	87	63	0	1
0	45	0	88	63	0	6
0	45	0	89	63	0	3
0	45	0	90	63	0	0
0	45	0	86	62	0	0
0	45	0	87	62	0	0
0	45	0	88	62	0	0
0	45	0	89	62	0	1
0	45	0	90	62	0	2
0	45	0	91	62	0	0
0	45	0	86	61	0	0
0	45	0	91	61	0	2
0	46	0	82	66	0	1
0	46	0	82	65	0	2
0	46	0	87	65	0	1
0	46	0	83	64	0	1
0	46	0	84	64	0	2
0	46	0	87	64	0	3
0	46	0	88	64	0	7
0	46	0	89	64	0	6
0	46	0	84	63	0	3
0	46	0	85	63	0	1
0	46	0	87	63	0	2
0	46	0	88	63	0	6
0	46	0	89	63	0	5
0	46	0	90	63	0	0
0	46	0	84	62	0	1
0	46	0	86	62	0	0
0	46	0	87	62	0	0
0	46	0	88	62	0	1
0	46	0	89	62	0	2
0	46	0	90	62	0	0
0	46	0	91	62	0	0
0	46	0	86	61	0	0
0	46	0	91	61	0	6
0	47	0	82	66	0	3
0	47	0	82	65	0	2
0	47	0	87	65	0	1
0	47	0	83	64	0	2
0	47	0	84	64	0	4
0	47	0	85	64	0	1
0	47	0	87	64	0	4
0	47	0	88	64	0	6
0	47	0	89	64	0	4
0	47	0	84	63	0	6
0	47	0	85	63	0	0
0	47	0	86	63	0	1
0	47	0	87	63	0	1
0	47	0	88	63	0	4
0	47	0	89	63	0	5
0	47	0	90	63	0	0
0	47	0	84	62	0	1
0	47	0	86	62	0	0
0	47	0	87	62	0	0
0	47	0	88	62	0	1
0	47	0	89	62	0	3
0	47	0	90	62	0	1
0	47	0	91	62	0	1
0	47	0	86	61	0	0
0	47	0	87	61	0	1
0	47	0	91	61	0	9
0	48	0	82	67	0	1
0	48	0	82	66	0	1
0	48	0	84	66	0	1
0	48	0	82	65	0	0
0	48	0	85	65	0	1
0	48	0	87	65	0	2
0	48	0	83	64	0	2
0	48	0	84	64	0	6
0	48	0	85	64	0	1
0	48	0	87	64	0	5
0	48	0	88	64	0	10
0	48	0	89	64	0	6
0	48	0	84	63	0	4
0	48	0	85	63	0	0
0	48	0	86	63	0	1
0	48	0	87	63	0	2
0	48	0	88	63	0	7
0	48	0	89	63	0	5
0	48	0	90	63	0	1
0	48	0	84	62	0	1
0	48	0	86	62	0	0
0	48	0	87	62	0	0
0	48	0	88	62	0	2
0	48	0	89	62	0	8
0	48	0	90	62	0	1
0	48	0	91	62	0	3
0	48	0	86	61	0	0
0	48	0	87	61	0	1
0	48	0	91	61	0	5
0	48	0	91	60	0	1
0	49	0	82	67	0	0
0	49	0	82	66	0	3
0	49	0	84	66	0	1
0	49	0	82	65	0	0
0	49	0	85	65	0	2
0	49	0	87	65	0	3
0	49	0	83	64	0	5
0	49	0	84	64	0	7
0	49	0	85	64	0	2
0	49	0	87	64	0	9
0	49	0	88	64	0	7
0	49	0	89	64	0	4
0	49	0	84	63	0	6
0	49	0	85	63	0	0
0	49	0	86	63	0	2
0	49	0	87	63	0	1
0	49	0	88	63	0	9
0	49	0	89	63	0	8
0	49	0	90	63	0	0
0	49	0	84	62	0	1
0	49	0	86	62	0	0
0	49	0	87	62	0	0
0	49	0	88	62	0	3
0	49	0	89	62	0	10
0	49	0	90	62	0	0
0	49	0	91	62	0	11
0	49	0	86	61	0	0
0	49	0	87	61	0	1
0	49	0	91	61	0	7
0	49	0	89	60	0	1
0	49	0	91	60	0	1
0	50	0	82	67	0	0
0	50	0	82	66	0	1
0	50	0	84	66	0	1
0	50	0	82	65	0	0
0	50	0	85	65	0	2
0	50	0	87	65	0	4
0	50	0	83	64	0	5
0	50	0	84	64	0	4
0	50	0	85	64	0	2
0	50	0	87	64	0	4
0	50	0	88	64	0	7
0	50	0	89	64	0	4
0	50	0	84	63	0	5
0	50	0	85	63	0	0
0	50	0	86	63	0	2
0	50	0	87	63	0	2
0	50	0	88	63	0	10
0	50	0	89	63	0	7
0	50	0	90	63	0	1
0	50	0	84	62	0	3
0	50	0	86	62	0	1
0	50	0	87	62	0	1
0	50	0	88	62	0	2
0	50	0	89	62	0	6
0	50	0	90	62	0	0
0	50	0	91	62	0	6
0	50	0	86	61	0	0
0	50	0	87	61	0	2
0	50	0	90	61	0	1
0	50	0	91	61	0	7
0	50	0	89	60	0	1
0	50	0	90	60	0	1
0	50	0	91	60	0	0
0	51	0	82	67	0	0
0	51	0	82	66	0	1
0	51	0	84	66	0	2
0	51	0	82	65	0	0
0	51	0	85	65	0	2
0	51	0	87	65	0	4
0	51	0	83	64	0	9
0	51	0	84	64	0	2
0	51	0	85	64	0	2
0	51	0	86	64	0	1
0	51	0	87	64	0	4
0	51	0	88	64	0	10
0	51	0	89	64	0	9
0	51	0	81	63	0	1
0	51	0	84	63	0	3
0	51	0	85	63	0	1
0	51	0	86	63	0	4
0	51	0	87	63	0	3
0	51	0	88	63	0	11
0	51	0	89	63	0	8
0	51	0	90	63	0	1
0	51	0	84	62	0	4
0	51	0	86	62	0	1
0	51	0	87	62	0	1
0	51	0	88	62	0	3
0	51	0	89	62	0	9
0	51	0	90	62	0	1
0	51	0	91	62	0	6
0	51	0	86	61	0	0
0	51	0	87	61	0	1
0	51	0	90	61	0	3
0	51	0	91	61	0	6
0	51	0	89	60	0	3
0	51	0	90	60	0	2
0	51	0	91	60	0	0
0	51	0	90	59	0	1
0	52	0	82	67	0	0
0	52	0	82	66	0	2
0	52	0	84	66	0	3
0	52	0	82	65	0	0
0	52	0	85	65	0	4
0	52	0	87	65	0	8
0	52	0	82	64	0	1
0	52	0	83	64	0	13
0	52	0	84	64	0	3
0	52	0	85	64	0	1
0	52	0	86	64	0	1
0	52	0	87	64	0	4
0	52	0	88	64	0	9
0	52	0	89	64	0	7
0	52	0	81	63	0	1
0	52	0	83	63	0	1
0	52	0	84	63	0	1
0	52	0	85	63	0	2
0	52	0	86	63	0	5
0	52	0	87	63	0	3
0	52	0	88	63	0	16
0	52	0	89	63	0	11
0	52	0	90	63	0	4
0	52	0	84	62	0	4
0	52	0	86	62	0	3
0	52	0	87	62	0	1
0	52	0	88	62	0	5
0	52	0	89	62	0	8
0	52	0	90	62	0	1
0	52	0	91	62	0	6
0	52	0	84	61	0	1
0	52	0	86	61	0	0
0	52	0	87	61	0	0
0	52	0	89	61	0	1
0	52	0	90	61	0	4
0	52	0	91	61	0	4
0	52	0	89	60	0	5
0	52	0	90	60	0	3
0	52	0	91	60	0	0
0	52	0	90	59	0	3
0	52	0	89	58	0	1
0	53	0	82	67	0	0
0	53	0	82	66	0	2
0	53	0	84	66	0	6
0	53	0	82	65	0	1
0	53	0	85	65	0	3
0	53	0	87	65	0	10
0	53	0	82	64	0	2
0	53	0	83	64	0	6
0	53	0	84	64	0	2
0	53	0	85	64	0	0
0	53	0	86	64	0	2
0	53	0	87	64	0	6
0	53	0	88	64	0	7
0	53	0	89	64	0	6
0	53	0	81	63	0	0
0	53	0	83	63	0	1
0	53	0	84	63	0	0
0	53	0	85	63	0	3
0	53	0	86	63	0	4
0	53	0	87	63	0	2
0	53	0	88	63	0	14
0	53	0	89	63	0	9
0	53	0	90	63	0	5
0	53	0	84	62	0	7
0	53	0	86	62	0	4
0	53	0	87	62	0	1
0	53	0	88	62	0	4
0	53	0	89	62	0	8
0	53	0	90	62	0	1
0	53	0	91	62	0	6
0	53	0	84	61	0	0
0	53	0	86	61	0	0
0	53	0	87	61	0	0
0	53	0	89	61	0	1
0	53	0	90	61	0	4
0	53	0	91	61	0	6
0	53	0	89	60	0	5
0	53	0	90	60	0	9
0	53	0	91	60	0	0
0	53	0	88	59	0	1
0	53	0	90	59	0	3
0	53	0	89	58	0	1
0	54	0	82	67	0	0
0	54	0	82	66	0	5
0	54	0	84	66	0	5
0	54	0	82	65	0	0
0	54	0	85	65	0	2
0	54	0	87	65	0	9
0	54	0	82	64	0	1
0	54	0	83	64	0	5
0	54	0	84	64	0	2
0	54	0	85	64	0	0
0	54	0	86	64	0	0
0	54	0	87	64	0	9
0	54	0	88	64	0	6
0	54	0	89	64	0	8
0	54	0	81	63	0	0
0	54	0	83	63	0	2
0	54	0	84	63	0	2
0	54	0	85	63	0	1
0	54	0	86	63	0	6
0	54	0	87	63	0	5
0	54	0	88	63	0	7
0	54	0	89	63	0	10
0	54	0	90	63	0	4
0	54	0	84	62	0	12
0	54	0	85	62	0	2
0	54	0	86	62	0	7
0	54	0	87	62	0	2
0	54	0	88	62	0	7
0	54	0	89	62	0	9
0	54	0	90	62	0	2
0	54	0	91	62	0	4
0	54	0	84	61	0	0
0	54	0	86	61	0	1
0	54	0	87	61	0	0
0	54	0	89	61	0	2
0	54	0	90	61	0	7
0	54	0	91	61	0	7
0	54	0	87	60	0	1
0	54	0	89	60	0	3
0	54	0	90	60	0	13
0	54	0	91	60	0	0
0	54	0	88	59	0	1
0	54	0	90	59	0	4
0	54	0	91	59	0	1
0	54	0	89	58	0	0
0	54	0	90	58	0	1
0	55	0	82	67	0	0
0	55	0	81	66	0	1
0	55	0	82	66	0	8
0	55	0	83	66	0	1
0	55	0	84	66	0	9
0	55	0	82	65	0	0
0	55	0	85	65	0	3
0	55	0	87	65	0	7
0	55	0	82	64	0	2
0	55	0	83	64	0	5
0	55	0	84	64	0	5
0	55	0	85	64	0	0
0	55	0	86	64	0	0
0	55	0	87	64	0	9
0	55	0	88	64	0	8
0	55	0	89	64	0	9
0	55	0	81	63	0	0
0	55	0	83	63	0	3
0	55	0	84	63	0	2
0	55	0	85	63	0	3
0	55	0	86	63	0	1
0	55	0	87	63	0	6
0	55	0	88	63	0	4
0	55	0	89	63	0	4
0	55	0	90	63	0	5
0	55	0	82	62	0	1
0	55	0	83	62	0	1
0	55	0	84	62	0	14
0	55	0	85	62	0	2
0	55	0	86	62	0	6
0	55	0	87	62	0	3
0	55	0	88	62	0	12
0	55	0	89	62	0	13
0	55	0	90	62	0	3
0	55	0	91	62	0	8
0	55	0	84	61	0	0
0	55	0	86	61	0	2
0	55	0	89	61	0	0
0	55	0	90	61	0	10
0	55	0	91	61	0	8
0	55	0	87	60	0	2
0	55	0	89	60	0	5
0	55	0	90	60	0	13
0	55	0	91	60	0	0
0	55	0	88	59	0	0
0	55	0	90	59	0	4
0	55	0	91	59	0	2
0	55	0	85	58	0	1
0	55	0	89	58	0	0
0	55	0	90	58	0	1
0	55	0	88	57	0	1
0	56	0	82	67	0	0
0	56	0	81	66	0	1
0	56	0	82	66	0	9
0	56	0	83	66	0	2
0	56	0	84	66	0	8
0	56	0	82	65	0	0
0	56	0	85	65	0	7
0	56	0	87	65	0	11
0	56	0	82	64	0	2
0	56	0	83	64	0	4
0	56	0	84	64	0	12
0	56	0	85	64	0	0
0	56	0	86	64	0	1
0	56	0	87	64	0	7
0	56	0	88	64	0	5
0	56	0	89	64	0	8
0	56	0	80	63	0	1
0	56	0	81	63	0	0
0	56	0	83	63	0	2
0	56	0	84	63	0	5
0	56	0	85	63	0	3
0	56	0	86	63	0	1
0	56	0	87	63	0	10
0	56	0	88	63	0	5
0	56	0	89	63	0	3
0	56	0	90	63	0	2
0	56	0	82	62	0	0
0	56	0	83	62	0	3
0	56	0	84	62	0	14
0	56	0	85	62	0	2
0	56	0	86	62	0	8
0	56	0	87	62	0	2
0	56	0	88	62	0	6
0	56	0	89	62	0	16
0	56	0	90	62	0	8
0	56	0	91	62	0	7
0	56	0	84	61	0	0
0	56	0	86	61	0	2
0	56	0	88	61	0	1
0	56	0	90	61	0	8
0	56	0	91	61	0	4
0	56	0	85	60	0	1
0	56	0	87	60	0	2
0	56	0	88	60	0	2
0	56	0	89	60	0	4
0	56	0	90	60	0	7
0	56	0	91	60	0	0
0	56	0	88	59	0	0
0	56	0	90	59	0	5
0	56	0	91	59	0	3
0	56	0	85	58	0	2
0	56	0	89	58	0	0
0	56	0	90	58	0	0
0	56	0	92	58	0	1
0	56	0	88	57	0	3
0	56	0	85	54	0	1
0	57	0	82	67	0	0
0	57	0	81	66	0	0
0	57	0	82	66	0	8
0	57	0	83	66	0	1
0	57	0	84	66	0	8
0	57	0	85	66	0	1
0	57	0	87	66	0	2
0	57	0	82	65	0	0
0	57	0	83	65	0	1
0	57	0	85	65	0	5
0	57	0	86	65	0	1
0	57	0	87	65	0	8
0	57	0	82	64	0	1
0	57	0	83	64	0	5
0	57	0	84	64	0	9
0	57	0	85	64	0	0
0	57	0	86	64	0	2
0	57	0	87	64	0	11
0	57	0	88	64	0	3
0	57	0	89	64	0	6
0	57	0	80	63	0	6
0	57	0	81	63	0	0
0	57	0	83	63	0	4
0	57	0	84	63	0	5
0	57	0	85	63	0	8
0	57	0	86	63	0	2
0	57	0	87	63	0	9
0	57	0	88	63	0	1
0	57	0	89	63	0	2
0	57	0	90	63	0	2
0	57	0	82	62	0	0
0	57	0	83	62	0	6
0	57	0	84	62	0	11
0	57	0	85	62	0	2
0	57	0	86	62	0	11
0	57	0	87	62	0	2
0	57	0	88	62	0	4
0	57	0	89	62	0	17
0	57	0	90	62	0	9
0	57	0	91	62	0	4
0	57	0	84	61	0	0
0	57	0	85	61	0	1
0	57	0	86	61	0	3
0	57	0	90	61	0	5
0	57	0	91	61	0	7
0	57	0	85	60	0	0
0	57	0	87	60	0	1
0	57	0	88	60	0	1
0	57	0	89	60	0	5
0	57	0	90	60	0	9
0	57	0	91	60	0	1
0	57	0	88	59	0	0
0	57	0	90	59	0	5
0	57	0	91	59	0	3
0	57	0	85	58	0	3
0	57	0	89	58	0	0
0	57	0	90	58	0	0
0	57	0	92	58	0	2
0	57	0	88	57	0	4
0	57	0	92	56	0	1
0	57	0	85	54	0	1
0	58	0	82	67	0	0
0	58	0	86	67	0	1
0	58	0	81	66	0	0
0	58	0	82	66	0	7
0	58	0	83	66	0	1
0	58	0	84	66	0	10
0	58	0	85	66	0	2
0	58	0	86	66	0	1
0	58	0	87	66	0	0
0	58	0	82	65	0	0
0	58	0	83	65	0	2
0	58	0	84	65	0	1
0	58	0	85	65	0	6
0	58	0	86	65	0	3
0	58	0	87	65	0	6
0	58	0	82	64	0	0
0	58	0	83	64	0	2
0	58	0	84	64	0	8
0	58	0	85	64	0	0
0	58	0	86	64	0	4
0	58	0	87	64	0	9
0	58	0	88	64	0	2
0	58	0	89	64	0	8
0	58	0	78	63	0	1
0	58	0	80	63	0	1
0	58	0	81	63	0	0
0	58	0	83	63	0	5
0	58	0	84	63	0	8
0	58	0	85	63	0	15
0	58	0	86	63	0	2
0	58	0	87	63	0	7
0	58	0	88	63	0	2
0	58	0	89	63	0	1
0	58	0	90	63	0	4
0	58	0	82	62	0	0
0	58	0	83	62	0	5
0	58	0	84	62	0	8
0	58	0	85	62	0	4
0	58	0	86	62	0	5
0	58	0	87	62	0	5
0	58	0	88	62	0	3
0	58	0	89	62	0	10
0	58	0	90	62	0	6
0	58	0	91	62	0	7
0	58	0	84	61	0	0
0	58	0	85	61	0	1
0	58	0	86	61	0	4
0	58	0	90	61	0	9
0	58	0	91	61	0	5
0	58	0	77	60	0	1
0	58	0	85	60	0	0
0	58	0	87	60	0	2
0	58	0	88	60	0	1
0	58	0	89	60	0	7
0	58	0	90	60	0	6
0	58	0	91	60	0	2
0	58	0	88	59	0	0
0	58	0	90	59	0	4
0	58	0	91	59	0	3
0	58	0	85	58	0	2
0	58	0	89	58	0	0
0	58	0	90	58	0	0
0	58	0	91	58	0	1
0	58	0	92	58	0	3
0	58	0	88	57	0	7
0	58	0	92	56	0	1
0	58	0	85	54	0	1
0	59	0	82	67	0	1
0	59	0	86	67	0	0
0	59	0	81	66	0	0
0	59	0	82	66	0	5
0	59	0	83	66	0	0
0	59	0	84	66	0	11
0	59	0	85	66	0	1
0	59	0	86	66	0	2
0	59	0	87	66	0	0
0	59	0	82	65	0	0
0	59	0	83	65	0	5
0	59	0	84	65	0	1
0	59	0	85	65	0	11
0	59	0	86	65	0	5
0	59	0	87	65	0	8
0	59	0	82	64	0	0
0	59	0	83	64	0	1
0	59	0	84	64	0	12
0	59	0	85	64	0	1
0	59	0	86	64	0	7
0	59	0	87	64	0	12
0	59	0	88	64	0	2
0	59	0	89	64	0	10
0	59	0	78	63	0	2
0	59	0	80	63	0	2
0	59	0	81	63	0	0
0	59	0	83	63	0	3
0	59	0	84	63	0	8
0	59	0	85	63	0	8
0	59	0	86	63	0	4
0	59	0	87	63	0	5
0	59	0	88	63	0	4
0	59	0	89	63	0	4
0	59	0	90	63	0	5
0	59	0	82	62	0	0
0	59	0	83	62	0	9
0	59	0	84	62	0	9
0	59	0	85	62	0	1
0	59	0	86	62	0	4
0	59	0	87	62	0	6
0	59	0	88	62	0	6
0	59	0	89	62	0	5
0	59	0	90	62	0	7
0	59	0	91	62	0	6
0	59	0	84	61	0	0
0	59	0	85	61	0	3
0	59	0	86	61	0	6
0	59	0	90	61	0	8
0	59	0	91	61	0	9
0	59	0	77	60	0	2
0	59	0	85	60	0	0
0	59	0	87	60	0	1
0	59	0	88	60	0	4
0	59	0	89	60	0	5
0	59	0	90	60	0	5
0	59	0	91	60	0	4
0	59	0	87	59	0	1
0	59	0	88	59	0	1
0	59	0	90	59	0	4
0	59	0	91	59	0	4
0	59	0	85	58	0	2
0	59	0	89	58	0	0
0	59	0	90	58	0	0
0	59	0	91	58	0	3
0	59	0	92	58	0	7
0	59	0	88	57	0	6
0	59	0	91	57	0	1
0	59	0	92	56	0	0
0	59	0	85	54	0	1
0	60	0	82	67	0	1
0	60	0	85	67	0	1
0	60	0	86	67	0	0
0	60	0	81	66	0	0
0	60	0	82	66	0	4
0	60	0	83	66	0	0
0	60	0	84	66	0	17
0	60	0	85	66	0	3
0	60	0	86	66	0	0
0	60	0	87	66	0	0
0	60	0	80	65	0	1
0	60	0	81	65	0	1
0	60	0	82	65	0	0
0	60	0	83	65	0	8
0	60	0	84	65	0	2
0	60	0	85	65	0	9
0	60	0	86	65	0	5
0	60	0	87	65	0	6
0	60	0	82	64	0	0
0	60	0	83	64	0	1
0	60	0	84	64	0	7
0	60	0	85	64	0	0
0	60	0	86	64	0	4
0	60	0	87	64	0	18
0	60	0	88	64	0	6
0	60	0	89	64	0	12
0	60	0	77	63	0	1
0	60	0	78	63	0	2
0	60	0	80	63	0	3
0	60	0	81	63	0	0
0	60	0	83	63	0	8
0	60	0	84	63	0	7
0	60	0	85	63	0	10
0	60	0	86	63	0	7
0	60	0	87	63	0	5
0	60	0	88	63	0	1
0	60	0	89	63	0	7
0	60	0	90	63	0	2
0	60	0	82	62	0	0
0	60	0	83	62	0	7
0	60	0	84	62	0	7
0	60	0	85	62	0	1
0	60	0	86	62	0	4
0	60	0	87	62	0	8
0	60	0	88	62	0	6
0	60	0	89	62	0	2
0	60	0	90	62	0	13
0	60	0	91	62	0	5
0	60	0	84	61	0	0
0	60	0	85	61	0	4
0	60	0	86	61	0	7
0	60	0	90	61	0	12
0	60	0	91	61	0	13
0	60	0	75	60	0	1
0	60	0	77	60	0	2
0	60	0	85	60	0	0
0	60	0	87	60	0	0
0	60	0	88	60	0	5
0	60	0	89	60	0	5
0	60	0	90	60	0	4
0	60	0	91	60	0	4
0	60	0	87	59	0	0
0	60	0	88	59	0	0
0	60	0	89	59	0	1
0	60	0	90	59	0	6
0	60	0	91	59	0	2
0	60	0	85	58	0	3
0	60	0	89	58	0	0
0	60	0	90	58	0	1
0	60	0	91	58	0	8
0	60	0	92	58	0	8
0	60	0	88	57	0	9
0	60	0	91	57	0	2
0	60	0	92	57	0	1
0	60	0	92	56	0	0
0	60	0	85	54	0	3
0	61	0	81	68	0	1
0	61	0	82	67	0	0
0	61	0	85	67	0	1
0	61	0	86	67	0	0
0	61	0	81	66	0	0
0	61	0	82	66	0	3
0	61	0	83	66	0	2
0	61	0	84	66	0	14
0	61	0	85	66	0	6
0	61	0	86	66	0	0
0	61	0	87	66	0	0
0	61	0	80	65	0	1
0	61	0	81	65	0	1
0	61	0	82	65	0	1
0	61	0	83	65	0	12
0	61	0	84	65	0	3
0	61	0	85	65	0	7
0	61	0	86	65	0	8
0	61	0	87	65	0	6
0	61	0	82	64	0	0
0	61	0	83	64	0	2
0	61	0	84	64	0	8
0	61	0	85	64	0	1
0	61	0	86	64	0	7
0	61	0	87	64	0	12
0	61	0	88	64	0	8
0	61	0	89	64	0	9
0	61	0	77	63	0	2
0	61	0	78	63	0	2
0	61	0	80	63	0	6
0	61	0	81	63	0	0
0	61	0	83	63	0	13
0	61	0	84	63	0	4
0	61	0	85	63	0	8
0	61	0	86	63	0	7
0	61	0	87	63	0	7
0	61	0	88	63	0	1
0	61	0	89	63	0	9
0	61	0	90	63	0	3
0	61	0	82	62	0	0
0	61	0	83	62	0	10
0	61	0	84	62	0	8
0	61	0	85	62	0	2
0	61	0	86	62	0	6
0	61	0	87	62	0	5
0	61	0	88	62	0	10
0	61	0	89	62	0	2
0	61	0	90	62	0	12
0	61	0	91	62	0	10
0	61	0	79	61	0	1
0	61	0	84	61	0	0
0	61	0	85	61	0	5
0	61	0	86	61	0	7
0	61	0	90	61	0	13
0	61	0	91	61	0	11
0	61	0	75	60	0	1
0	61	0	77	60	0	4
0	61	0	85	60	0	1
0	61	0	87	60	0	1
0	61	0	88	60	0	3
0	61	0	89	60	0	8
0	61	0	90	60	0	5
0	61	0	91	60	0	8
0	61	0	87	59	0	0
0	61	0	88	59	0	1
0	61	0	89	59	0	1
0	61	0	90	59	0	6
0	61	0	91	59	0	2
0	61	0	85	58	0	2
0	61	0	89	58	0	0
0	61	0	90	58	0	1
0	61	0	91	58	0	9
0	61	0	92	58	0	6
0	61	0	87	57	0	1
0	61	0	88	57	0	8
0	61	0	89	57	0	1
0	61	0	91	57	0	2
0	61	0	92	57	0	1
0	61	0	92	56	0	0
0	61	0	85	54	0	2
0	62	0	81	68	0	0
0	62	0	82	67	0	0
0	62	0	85	67	0	0
0	62	0	86	67	0	0
0	62	0	81	66	0	0
0	62	0	82	66	0	5
0	62	0	83	66	0	1
0	62	0	84	66	0	11
0	62	0	85	66	0	3
0	62	0	86	66	0	0
0	62	0	87	66	0	0
0	62	0	80	65	0	2
0	62	0	81	65	0	1
0	62	0	82	65	0	0
0	62	0	83	65	0	13
0	62	0	84	65	0	3
0	62	0	85	65	0	11
0	62	0	86	65	0	7
0	62	0	87	65	0	8
0	62	0	76	64	0	1
0	62	0	82	64	0	0
0	62	0	83	64	0	4
0	62	0	84	64	0	10
0	62	0	85	64	0	4
0	62	0	86	64	0	9
0	62	0	87	64	0	11
0	62	0	88	64	0	9
0	62	0	89	64	0	8
0	62	0	77	63	0	4
0	62	0	78	63	0	3
0	62	0	80	63	0	6
0	62	0	81	63	0	0
0	62	0	83	63	0	17
0	62	0	84	63	0	3
0	62	0	85	63	0	9
0	62	0	86	63	0	9
0	62	0	87	63	0	7
0	62	0	88	63	0	0
0	62	0	89	63	0	7
0	62	0	90	63	0	2
0	62	0	82	62	0	0
0	62	0	83	62	0	13
0	62	0	84	62	0	5
0	62	0	85	62	0	3
0	62	0	86	62	0	9
0	62	0	87	62	0	10
0	62	0	88	62	0	8
0	62	0	89	62	0	5
0	62	0	90	62	0	10
0	62	0	91	62	0	4
0	62	0	76	61	0	1
0	62	0	79	61	0	1
0	62	0	84	61	0	0
0	62	0	85	61	0	4
0	62	0	86	61	0	8
0	62	0	90	61	0	7
0	62	0	91	61	0	12
0	62	0	75	60	0	3
0	62	0	77	60	0	2
0	62	0	85	60	0	1
0	62	0	87	60	0	0
0	62	0	88	60	0	2
0	62	0	89	60	0	14
0	62	0	90	60	0	7
0	62	0	91	60	0	11
0	62	0	86	59	0	1
0	62	0	87	59	0	0
0	62	0	88	59	0	3
0	62	0	89	59	0	1
0	62	0	90	59	0	8
0	62	0	91	59	0	5
0	62	0	85	58	0	2
0	62	0	89	58	0	2
0	62	0	90	58	0	3
0	62	0	91	58	0	10
0	62	0	92	58	0	8
0	62	0	87	57	0	1
0	62	0	88	57	0	8
0	62	0	89	57	0	2
0	62	0	90	57	0	1
0	62	0	91	57	0	9
0	62	0	92	57	0	1
0	62	0	87	56	0	1
0	62	0	90	56	0	1
0	62	0	92	56	0	0
0	62	0	83	54	0	1
0	62	0	85	54	0	2
0	63	0	81	68	0	0
0	63	0	82	67	0	0
0	63	0	84	67	0	1
0	63	0	85	67	0	1
0	63	0	86	67	0	0
0	63	0	81	66	0	0
0	63	0	82	66	0	5
0	63	0	83	66	0	2
0	63	0	84	66	0	4
0	63	0	85	66	0	5
0	63	0	86	66	0	1
0	63	0	87	66	0	0
0	63	0	80	65	0	3
0	63	0	81	65	0	0
0	63	0	82	65	0	1
0	63	0	83	65	0	10
0	63	0	84	65	0	3
0	63	0	85	65	0	9
0	63	0	86	65	0	9
0	63	0	87	65	0	9
0	63	0	76	64	0	1
0	63	0	82	64	0	0
0	63	0	83	64	0	3
0	63	0	84	64	0	11
0	63	0	85	64	0	5
0	63	0	86	64	0	16
0	63	0	87	64	0	14
0	63	0	88	64	0	6
0	63	0	89	64	0	12
0	63	0	77	63	0	7
0	63	0	78	63	0	3
0	63	0	80	63	0	7
0	63	0	81	63	0	0
0	63	0	83	63	0	9
0	63	0	84	63	0	9
0	63	0	85	63	0	8
0	63	0	86	63	0	11
0	63	0	87	63	0	8
0	63	0	88	63	0	2
0	63	0	89	63	0	4
0	63	0	90	63	0	6
0	63	0	82	62	0	1
0	63	0	83	62	0	5
0	63	0	84	62	0	9
0	63	0	85	62	0	5
0	63	0	86	62	0	12
0	63	0	87	62	0	17
0	63	0	88	62	0	2
0	63	0	89	62	0	4
0	63	0	90	62	0	6
0	63	0	91	62	0	3
0	63	0	76	61	0	1
0	63	0	79	61	0	2
0	63	0	84	61	0	0
0	63	0	85	61	0	6
0	63	0	86	61	0	9
0	63	0	90	61	0	8
0	63	0	91	61	0	10
0	63	0	75	60	0	3
0	63	0	77	60	0	5
0	63	0	85	60	0	1
0	63	0	87	60	0	0
0	63	0	88	60	0	0
0	63	0	89	60	0	8
0	63	0	90	60	0	11
0	63	0	91	60	0	10
0	63	0	80	59	0	1
0	63	0	86	59	0	1
0	63	0	87	59	0	0
0	63	0	88	59	0	8
0	63	0	89	59	0	2
0	63	0	90	59	0	3
0	63	0	91	59	0	9
0	63	0	85	58	0	2
0	63	0	88	58	0	1
0	63	0	89	58	0	1
0	63	0	90	58	0	2
0	63	0	91	58	0	11
0	63	0	92	58	0	5
0	63	0	87	57	0	1
0	63	0	88	57	0	3
0	63	0	89	57	0	3
0	63	0	90	57	0	2
0	63	0	91	57	0	7
0	63	0	92	57	0	2
0	63	0	87	56	0	1
0	63	0	90	56	0	3
0	63	0	92	56	0	1
0	63	0	83	54	0	1
0	63	0	85	54	0	4
0	63	0	85	53	0	1
0	64	0	81	68	0	0
0	64	0	82	67	0	0
0	64	0	84	67	0	2
0	64	0	85	67	0	2
0	64	0	86	67	0	0
0	64	0	81	66	0	0
0	64	0	82	66	0	6
0	64	0	83	66	0	3
0	64	0	84	66	0	2
0	64	0	85	66	0	9
0	64	0	86	66	0	4
0	64	0	87	66	0	1
0	64	0	80	65	0	5
0	64	0	81	65	0	0
0	64	0	82	65	0	0
0	64	0	83	65	0	9
0	64	0	84	65	0	6
0	64	0	85	65	0	12
0	64	0	86	65	0	4
0	64	0	87	65	0	10
0	64	0	76	64	0	3
0	64	0	80	64	0	1
0	64	0	82	64	0	0
0	64	0	83	64	0	5
0	64	0	84	64	0	9
0	64	0	85	64	0	8
0	64	0	86	64	0	8
0	64	0	87	64	0	12
0	64	0	88	64	0	8
0	64	0	89	64	0	15
0	64	0	77	63	0	9
0	64	0	78	63	0	6
0	64	0	79	63	0	1
0	64	0	80	63	0	6
0	64	0	81	63	0	0
0	64	0	83	63	0	10
0	64	0	84	63	0	6
0	64	0	85	63	0	12
0	64	0	86	63	0	9
0	64	0	87	63	0	8
0	64	0	88	63	0	4
0	64	0	89	63	0	3
0	64	0	90	63	0	3
0	64	0	82	62	0	2
0	64	0	83	62	0	3
0	64	0	84	62	0	8
0	64	0	85	62	0	4
0	64	0	86	62	0	16
0	64	0	87	62	0	11
0	64	0	88	62	0	2
0	64	0	89	62	0	7
0	64	0	90	62	0	7
0	64	0	91	62	0	5
0	64	0	76	61	0	1
0	64	0	79	61	0	3
0	64	0	84	61	0	0
0	64	0	85	61	0	7
0	64	0	86	61	0	6
0	64	0	90	61	0	12
0	64	0	91	61	0	14
0	64	0	75	60	0	6
0	64	0	77	60	0	3
0	64	0	84	60	0	1
0	64	0	85	60	0	2
0	64	0	87	60	0	0
0	64	0	88	60	0	0
0	64	0	89	60	0	8
0	64	0	90	60	0	12
0	64	0	91	60	0	7
0	64	0	80	59	0	1
0	64	0	86	59	0	3
0	64	0	87	59	0	0
0	64	0	88	59	0	12
0	64	0	89	59	0	6
0	64	0	90	59	0	5
0	64	0	91	59	0	6
0	64	0	85	58	0	2
0	64	0	86	58	0	1
0	64	0	88	58	0	2
0	64	0	89	58	0	2
0	64	0	90	58	0	3
0	64	0	91	58	0	4
0	64	0	92	58	0	4
0	64	0	86	57	0	1
0	64	0	87	57	0	0
0	64	0	88	57	0	4
0	64	0	89	57	0	5
0	64	0	90	57	0	1
0	64	0	91	57	0	9
0	64	0	92	57	0	2
0	64	0	87	56	0	1
0	64	0	90	56	0	3
0	64	0	92	56	0	1
0	64	0	83	54	0	2
0	64	0	85	54	0	2
0	64	0	86	54	0	1
0	64	0	85	53	0	0
0	65	0	81	68	0	0
0	65	0	83	68	0	1
0	65	0	82	67	0	0
0	65	0	84	67	0	1
0	65	0	85	67	0	1
0	65	0	86	67	0	0
0	65	0	81	66	0	0
0	65	0	82	66	0	2
0	65	0	83	66	0	4
0	65	0	84	66	0	2
0	65	0	85	66	0	8
0	65	0	86	66	0	6
0	65	0	87	66	0	1
0	65	0	76	65	0	1
0	65	0	80	65	0	3
0	65	0	81	65	0	0
0	65	0	82	65	0	0
0	65	0	83	65	0	12
0	65	0	84	65	0	5
0	65	0	85	65	0	9
0	65	0	86	65	0	4
0	65	0	87	65	0	9
0	65	0	76	64	0	6
0	65	0	80	64	0	4
0	65	0	82	64	0	1
0	65	0	83	64	0	6
0	65	0	84	64	0	6
0	65	0	85	64	0	12
0	65	0	86	64	0	10
0	65	0	87	64	0	8
0	65	0	88	64	0	5
0	65	0	89	64	0	7
0	65	0	77	63	0	7
0	65	0	78	63	0	5
0	65	0	79	63	0	2
0	65	0	80	63	0	3
0	65	0	81	63	0	0
0	65	0	82	63	0	1
0	65	0	83	63	0	7
0	65	0	84	63	0	8
0	65	0	85	63	0	8
0	65	0	86	63	0	11
0	65	0	87	63	0	4
0	65	0	88	63	0	4
0	65	0	89	63	0	3
0	65	0	90	63	0	6
0	65	0	75	62	0	2
0	65	0	78	62	0	1
0	65	0	82	62	0	3
0	65	0	83	62	0	6
0	65	0	84	62	0	9
0	65	0	85	62	0	2
0	65	0	86	62	0	16
0	65	0	87	62	0	7
0	65	0	88	62	0	1
0	65	0	89	62	0	9
0	65	0	90	62	0	8
0	65	0	91	62	0	6
0	65	0	76	61	0	0
0	65	0	79	61	0	4
0	65	0	82	61	0	1
0	65	0	84	61	0	0
0	65	0	85	61	0	9
0	65	0	86	61	0	6
0	65	0	90	61	0	7
0	65	0	91	61	0	13
0	65	0	75	60	0	5
0	65	0	77	60	0	6
0	65	0	84	60	0	2
0	65	0	85	60	0	4
0	65	0	86	60	0	1
0	65	0	87	60	0	0
0	65	0	88	60	0	0
0	65	0	89	60	0	4
0	65	0	90	60	0	6
0	65	0	91	60	0	8
0	65	0	80	59	0	3
0	65	0	81	59	0	1
0	65	0	84	59	0	1
0	65	0	86	59	0	4
0	65	0	87	59	0	0
0	65	0	88	59	0	7
0	65	0	89	59	0	11
0	65	0	90	59	0	1
0	65	0	91	59	0	8
0	65	0	85	58	0	3
0	65	0	86	58	0	2
0	65	0	88	58	0	4
0	65	0	89	58	0	2
0	65	0	90	58	0	1
0	65	0	91	58	0	3
0	65	0	92	58	0	6
0	65	0	86	57	0	2
0	65	0	87	57	0	1
0	65	0	88	57	0	2
0	65	0	89	57	0	8
0	65	0	90	57	0	1
0	65	0	91	57	0	6
0	65	0	92	57	0	3
0	65	0	87	56	0	3
0	65	0	90	56	0	5
0	65	0	91	56	0	1
0	65	0	92	56	0	3
0	65	0	83	54	0	1
0	65	0	85	54	0	2
0	65	0	86	54	0	1
0	65	0	85	53	0	0
0	66	0	81	68	0	0
0	66	0	83	68	0	0
0	66	0	82	67	0	0
0	66	0	84	67	0	0
0	66	0	85	67	0	2
0	66	0	86	67	0	0
0	66	0	79	66	0	1
0	66	0	81	66	0	1
0	66	0	82	66	0	0
0	66	0	83	66	0	3
0	66	0	84	66	0	4
0	66	0	85	66	0	9
0	66	0	86	66	0	6
0	66	0	87	66	0	0
0	66	0	76	65	0	0
0	66	0	79	65	0	1
0	66	0	80	65	0	3
0	66	0	81	65	0	0
0	66	0	82	65	0	0
0	66	0	83	65	0	11
0	66	0	84	65	0	9
0	66	0	85	65	0	1
0	66	0	86	65	0	7
0	66	0	87	65	0	8
0	66	0	76	64	0	5
0	66	0	80	64	0	4
0	66	0	82	64	0	5
0	66	0	83	64	0	8
0	66	0	84	64	0	11
0	66	0	85	64	0	9
0	66	0	86	64	0	9
0	66	0	87	64	0	9
0	66	0	88	64	0	7
0	66	0	89	64	0	3
0	66	0	77	63	0	8
0	66	0	78	63	0	6
0	66	0	79	63	0	7
0	66	0	80	63	0	7
0	66	0	81	63	0	0
0	66	0	82	63	0	1
0	66	0	83	63	0	2
0	66	0	84	63	0	10
0	66	0	85	63	0	12
0	66	0	86	63	0	11
0	66	0	87	63	0	6
0	66	0	88	63	0	6
0	66	0	89	63	0	11
0	66	0	90	63	0	6
0	66	0	75	62	0	5
0	66	0	78	62	0	3
0	66	0	82	62	0	3
0	66	0	83	62	0	5
0	66	0	84	62	0	10
0	66	0	85	62	0	3
0	66	0	86	62	0	9
0	66	0	87	62	0	7
0	66	0	88	62	0	3
0	66	0	89	62	0	8
0	66	0	90	62	0	6
0	66	0	91	62	0	3
0	66	0	74	61	0	1
0	66	0	76	61	0	0
0	66	0	79	61	0	7
0	66	0	81	61	0	2
0	66	0	82	61	0	2
0	66	0	84	61	0	0
0	66	0	85	61	0	12
0	66	0	86	61	0	3
0	66	0	91	61	0	16
0	66	0	75	60	0	6
0	66	0	76	60	0	1
0	66	0	77	60	0	7
0	66	0	84	60	0	3
0	66	0	85	60	0	3
0	66	0	86	60	0	1
0	66	0	87	60	0	2
0	66	0	88	60	0	0
0	66	0	89	60	0	4
0	66	0	90	60	0	2
0	66	0	91	60	0	2
0	66	0	80	59	0	2
0	66	0	81	59	0	1
0	66	0	84	59	0	1
0	66	0	85	59	0	1
0	66	0	86	59	0	4
0	66	0	87	59	0	0
0	66	0	88	59	0	6
0	66	0	89	59	0	8
0	66	0	90	59	0	2
0	66	0	91	59	0	9
0	66	0	85	58	0	1
0	66	0	86	58	0	2
0	66	0	88	58	0	3
0	66	0	89	58	0	6
0	66	0	90	58	0	1
0	66	0	91	58	0	2
0	66	0	92	58	0	4
0	66	0	86	57	0	2
0	66	0	87	57	0	3
0	66	0	88	57	0	3
0	66	0	89	57	0	7
0	66	0	90	57	0	0
0	66	0	91	57	0	7
0	66	0	92	57	0	5
0	66	0	86	56	0	1
0	66	0	87	56	0	4
0	66	0	90	56	0	8
0	66	0	91	56	0	2
0	66	0	92	56	0	1
0	66	0	91	55	0	1
0	66	0	83	54	0	0
0	66	0	85	54	0	1
0	66	0	86	54	0	0
0	66	0	85	53	0	0
0	67	0	81	68	0	0
0	67	0	83	68	0	1
0	67	0	82	67	0	0
0	67	0	84	67	0	1
0	67	0	85	67	0	4
0	67	0	86	67	0	0
0	67	0	79	66	0	1
0	67	0	81	66	0	2
0	67	0	82	66	0	0
0	67	0	83	66	0	4
0	67	0	84	66	0	6
0	67	0	85	66	0	8
0	67	0	86	66	0	12
0	67	0	87	66	0	0
0	67	0	76	65	0	0
0	67	0	79	65	0	1
0	67	0	80	65	0	1
0	67	0	81	65	0	1
0	67	0	82	65	0	0
0	67	0	83	65	0	11
0	67	0	84	65	0	8
0	67	0	85	65	0	3
0	67	0	86	65	0	8
0	67	0	87	65	0	7
0	67	0	76	64	0	5
0	67	0	78	64	0	1
0	67	0	79	64	0	1
0	67	0	80	64	0	4
0	67	0	81	64	0	1
0	67	0	82	64	0	5
0	67	0	83	64	0	8
0	67	0	84	64	0	20
0	67	0	85	64	0	8
0	67	0	86	64	0	11
0	67	0	87	64	0	14
0	67	0	88	64	0	6
0	67	0	89	64	0	4
0	67	0	75	63	0	1
0	67	0	76	63	0	1
0	67	0	77	63	0	13
0	67	0	78	63	0	5
0	67	0	79	63	0	8
0	67	0	80	63	0	6
0	67	0	81	63	0	0
0	67	0	82	63	0	1
0	67	0	83	63	0	2
0	67	0	84	63	0	8
0	67	0	85	63	0	12
0	67	0	86	63	0	6
0	67	0	87	63	0	6
0	67	0	88	63	0	8
0	67	0	89	63	0	7
0	67	0	90	63	0	7
0	67	0	75	62	0	6
0	67	0	78	62	0	6
0	67	0	79	62	0	1
0	67	0	80	62	0	1
0	67	0	81	62	0	1
0	67	0	82	62	0	5
0	67	0	83	62	0	2
0	67	0	84	62	0	4
0	67	0	85	62	0	5
0	67	0	86	62	0	8
0	67	0	87	62	0	7
0	67	0	88	62	0	5
0	67	0	89	62	0	9
0	67	0	90	62	0	8
0	67	0	91	62	0	2
0	67	0	74	61	0	0
0	67	0	76	61	0	0
0	67	0	77	61	0	1
0	67	0	78	61	0	1
0	67	0	79	61	0	6
0	67	0	81	61	0	5
0	67	0	82	61	0	3
0	67	0	83	61	0	1
0	67	0	84	61	0	0
0	67	0	85	61	0	13
0	67	0	86	61	0	2
0	67	0	91	61	0	12
0	67	0	75	60	0	11
0	67	0	76	60	0	1
0	67	0	77	60	0	7
0	67	0	84	60	0	5
0	67	0	85	60	0	7
0	67	0	86	60	0	3
0	67	0	87	60	0	3
0	67	0	88	60	0	0
0	67	0	89	60	0	5
0	67	0	90	60	0	1
0	67	0	91	60	0	6
0	67	0	80	59	0	3
0	67	0	81	59	0	2
0	67	0	84	59	0	1
0	67	0	85	59	0	3
0	67	0	86	59	0	7
0	67	0	87	59	0	0
0	67	0	88	59	0	10
0	67	0	89	59	0	11
0	67	0	90	59	0	3
0	67	0	91	59	0	9
0	67	0	85	58	0	0
0	67	0	86	58	0	2
0	67	0	87	58	0	1
0	67	0	88	58	0	5
0	67	0	89	58	0	6
0	67	0	90	58	0	2
0	67	0	91	58	0	3
0	67	0	92	58	0	5
0	67	0	86	57	0	1
0	67	0	87	57	0	0
0	67	0	88	57	0	2
0	67	0	89	57	0	10
0	67	0	90	57	0	0
0	67	0	91	57	0	8
0	67	0	92	57	0	5
0	67	0	86	56	0	1
0	67	0	87	56	0	1
0	67	0	88	56	0	1
0	67	0	90	56	0	9
0	67	0	91	56	0	1
0	67	0	92	56	0	3
0	67	0	91	55	0	1
0	67	0	83	54	0	0
0	67	0	85	54	0	2
0	67	0	86	54	0	0
0	67	0	85	53	0	0
0	68	0	81	68	0	0
0	68	0	83	68	0	1
0	68	0	82	67	0	0
0	68	0	84	67	0	5
0	68	0	85	67	0	3
0	68	0	86	67	0	2
0	68	0	79	66	0	2
0	68	0	81	66	0	4
0	68	0	82	66	0	1
0	68	0	83	66	0	5
0	68	0	84	66	0	6
0	68	0	85	66	0	7
0	68	0	86	66	0	11
0	68	0	87	66	0	0
0	68	0	76	65	0	0
0	68	0	79	65	0	2
0	68	0	80	65	0	2
0	68	0	81	65	0	0
0	68	0	82	65	0	0
0	68	0	83	65	0	11
0	68	0	84	65	0	7
0	68	0	85	65	0	6
0	68	0	86	65	0	12
0	68	0	87	65	0	8
0	68	0	75	64	0	1
0	68	0	76	64	0	5
0	68	0	77	64	0	1
0	68	0	78	64	0	2
0	68	0	79	64	0	6
0	68	0	80	64	0	6
0	68	0	81	64	0	2
0	68	0	82	64	0	7
0	68	0	83	64	0	13
0	68	0	84	64	0	17
0	68	0	85	64	0	16
0	68	0	86	64	0	12
0	68	0	87	64	0	16
0	68	0	88	64	0	9
0	68	0	89	64	0	6
0	68	0	75	63	0	0
0	68	0	76	63	0	1
0	68	0	77	63	0	10
0	68	0	78	63	0	5
0	68	0	79	63	0	6
0	68	0	80	63	0	8
0	68	0	81	63	0	0
0	68	0	82	63	0	2
0	68	0	83	63	0	1
0	68	0	84	63	0	12
0	68	0	85	63	0	6
0	68	0	86	63	0	11
0	68	0	87	63	0	12
0	68	0	88	63	0	9
0	68	0	89	63	0	5
0	68	0	90	63	0	7
0	68	0	75	62	0	8
0	68	0	78	62	0	11
0	68	0	79	62	0	0
0	68	0	80	62	0	0
0	68	0	81	62	0	0
0	68	0	82	62	0	6
0	68	0	83	62	0	0
0	68	0	84	62	0	7
0	68	0	85	62	0	8
0	68	0	86	62	0	8
0	68	0	87	62	0	7
0	68	0	88	62	0	4
0	68	0	89	62	0	8
0	68	0	90	62	0	12
0	68	0	91	62	0	1
0	68	0	74	61	0	0
0	68	0	76	61	0	1
0	68	0	77	61	0	0
0	68	0	78	61	0	2
0	68	0	79	61	0	10
0	68	0	81	61	0	3
0	68	0	82	61	0	8
0	68	0	83	61	0	0
0	68	0	84	61	0	1
0	68	0	85	61	0	7
0	68	0	86	61	0	4
0	68	0	91	61	0	13
0	68	0	72	60	0	1
0	68	0	75	60	0	8
0	68	0	76	60	0	2
0	68	0	77	60	0	2
0	68	0	84	60	0	10
0	68	0	85	60	0	7
0	68	0	86	60	0	1
0	68	0	87	60	0	4
0	68	0	88	60	0	0
0	68	0	89	60	0	6
0	68	0	90	60	0	1
0	68	0	91	60	0	7
0	68	0	80	59	0	5
0	68	0	81	59	0	6
0	68	0	84	59	0	1
0	68	0	85	59	0	3
0	68	0	86	59	0	7
0	68	0	87	59	0	1
0	68	0	88	59	0	12
0	68	0	89	59	0	7
0	68	0	90	59	0	7
0	68	0	91	59	0	7
0	68	0	85	58	0	1
0	68	0	86	58	0	2
0	68	0	87	58	0	1
0	68	0	88	58	0	8
0	68	0	89	58	0	5
0	68	0	90	58	0	2
0	68	0	91	58	0	2
0	68	0	92	58	0	3
0	68	0	86	57	0	3
0	68	0	87	57	0	2
0	68	0	88	57	0	2
0	68	0	89	57	0	9
0	68	0	90	57	0	1
0	68	0	91	57	0	7
0	68	0	92	57	0	5
0	68	0	85	56	0	1
0	68	0	86	56	0	0
0	68	0	87	56	0	1
0	68	0	88	56	0	0
0	68	0	90	56	0	8
0	68	0	91	56	0	2
0	68	0	92	56	0	6
0	68	0	91	55	0	1
0	68	0	83	54	0	0
0	68	0	85	54	0	4
0	68	0	86	54	0	0
0	68	0	85	53	0	0
0	69	0	81	68	0	0
0	69	0	83	68	0	1
0	69	0	79	67	0	1
0	69	0	81	67	0	1
0	69	0	82	67	0	0
0	69	0	84	67	0	4
0	69	0	85	67	0	3
0	69	0	86	67	0	1
0	69	0	79	66	0	1
0	69	0	81	66	0	7
0	69	0	82	66	0	0
0	69	0	83	66	0	8
0	69	0	84	66	0	3
0	69	0	85	66	0	8
0	69	0	86	66	0	9
0	69	0	87	66	0	1
0	69	0	76	65	0	1
0	69	0	79	65	0	5
0	69	0	80	65	0	1
0	69	0	81	65	0	0
0	69	0	82	65	0	0
0	69	0	83	65	0	9
0	69	0	84	65	0	4
0	69	0	85	65	0	7
0	69	0	86	65	0	8
0	69	0	87	65	0	5
0	69	0	75	64	0	1
0	69	0	76	64	0	2
0	69	0	77	64	0	3
0	69	0	78	64	0	2
0	69	0	79	64	0	4
0	69	0	80	64	0	4
0	69	0	81	64	0	4
0	69	0	82	64	0	7
0	69	0	83	64	0	11
0	69	0	84	64	0	13
0	69	0	85	64	0	10
0	69	0	86	64	0	14
0	69	0	87	64	0	14
0	69	0	88	64	0	11
0	69	0	89	64	0	7
0	69	0	75	63	0	0
0	69	0	76	63	0	0
0	69	0	77	63	0	5
0	69	0	78	63	0	6
0	69	0	79	63	0	4
0	69	0	80	63	0	10
0	69	0	81	63	0	1
0	69	0	82	63	0	7
0	69	0	83	63	0	1
0	69	0	84	63	0	14
0	69	0	85	63	0	7
0	69	0	86	63	0	12
0	69	0	87	63	0	13
0	69	0	88	63	0	9
0	69	0	89	63	0	7
0	69	0	90	63	0	8
0	69	0	75	62	0	9
0	69	0	78	62	0	12
0	69	0	79	62	0	1
0	69	0	80	62	0	1
0	69	0	81	62	0	0
0	69	0	82	62	0	5
0	69	0	83	62	0	1
0	69	0	84	62	0	9
0	69	0	85	62	0	7
0	69	0	86	62	0	13
0	69	0	87	62	0	3
0	69	0	88	62	0	6
0	69	0	89	62	0	13
0	69	0	90	62	0	12
0	69	0	91	62	0	3
0	69	0	73	61	0	1
0	69	0	74	61	0	0
0	69	0	76	61	0	3
0	69	0	77	61	0	1
0	69	0	78	61	0	3
0	69	0	79	61	0	7
0	69	0	80	61	0	1
0	69	0	81	61	0	3
0	69	0	82	61	0	7
0	69	0	83	61	0	0
0	69	0	84	61	0	2
0	69	0	85	61	0	8
0	69	0	91	61	0	8
0	69	0	72	60	0	1
0	69	0	74	60	0	1
0	69	0	75	60	0	13
0	69	0	76	60	0	1
0	69	0	77	60	0	1
0	69	0	78	60	0	2
0	69	0	84	60	0	16
0	69	0	85	60	0	6
0	69	0	86	60	0	1
0	69	0	87	60	0	3
0	69	0	88	60	0	1
0	69	0	89	60	0	2
0	69	0	90	60	0	2
0	69	0	91	60	0	8
0	69	0	80	59	0	1
0	69	0	81	59	0	7
0	69	0	84	59	0	0
0	69	0	85	59	0	2
0	69	0	86	59	0	11
0	69	0	87	59	0	4
0	69	0	88	59	0	14
0	69	0	89	59	0	3
0	69	0	90	59	0	10
0	69	0	91	59	0	10
0	69	0	85	58	0	1
0	69	0	86	58	0	1
0	69	0	87	58	0	1
0	69	0	88	58	0	15
0	69	0	89	58	0	5
0	69	0	90	58	0	7
0	69	0	91	58	0	3
0	69	0	92	58	0	4
0	69	0	82	57	0	1
0	69	0	85	57	0	1
0	69	0	86	57	0	5
0	69	0	87	57	0	2
0	69	0	88	57	0	5
0	69	0	89	57	0	8
0	69	0	90	57	0	2
0	69	0	91	57	0	5
0	69	0	92	57	0	8
0	69	0	85	56	0	1
0	69	0	86	56	0	0
0	69	0	87	56	0	2
0	69	0	88	56	0	0
0	69	0	90	56	0	10
0	69	0	91	56	0	1
0	69	0	92	56	0	3
0	69	0	91	55	0	2
0	69	0	83	54	0	0
0	69	0	85	54	0	6
0	69	0	86	54	0	0
0	69	0	85	53	0	0
0	70	0	81	68	0	0
0	70	0	83	68	0	0
0	70	0	79	67	0	2
0	70	0	81	67	0	1
0	70	0	82	67	0	0
0	70	0	84	67	0	5
0	70	0	85	67	0	2
0	70	0	86	67	0	1
0	70	0	79	66	0	2
0	70	0	81	66	0	8
0	70	0	82	66	0	0
0	70	0	83	66	0	6
0	70	0	84	66	0	1
0	70	0	85	66	0	15
0	70	0	86	66	0	7
0	70	0	87	66	0	6
0	70	0	76	65	0	0
0	70	0	79	65	0	5
0	70	0	80	65	0	2
0	70	0	81	65	0	0
0	70	0	82	65	0	0
0	70	0	83	65	0	7
0	70	0	84	65	0	9
0	70	0	85	65	0	6
0	70	0	86	65	0	5
0	70	0	87	65	0	5
0	70	0	75	64	0	2
0	70	0	76	64	0	2
0	70	0	77	64	0	3
0	70	0	78	64	0	1
0	70	0	79	64	0	2
0	70	0	80	64	0	10
0	70	0	81	64	0	5
0	70	0	82	64	0	12
0	70	0	83	64	0	7
0	70	0	84	64	0	16
0	70	0	85	64	0	6
0	70	0	86	64	0	12
0	70	0	87	64	0	9
0	70	0	88	64	0	9
0	70	0	89	64	0	7
0	70	0	75	63	0	0
0	70	0	76	63	0	0
0	70	0	77	63	0	6
0	70	0	78	63	0	9
0	70	0	79	63	0	2
0	70	0	80	63	0	8
0	70	0	81	63	0	0
0	70	0	82	63	0	9
0	70	0	83	63	0	2
0	70	0	84	63	0	9
0	70	0	85	63	0	8
0	70	0	86	63	0	8
0	70	0	87	63	0	8
0	70	0	88	63	0	13
0	70	0	89	63	0	13
0	70	0	90	63	0	5
0	70	0	75	62	0	13
0	70	0	78	62	0	13
0	70	0	79	62	0	3
0	70	0	80	62	0	2
0	70	0	81	62	0	0
0	70	0	82	62	0	3
0	70	0	83	62	0	1
0	70	0	84	62	0	11
0	70	0	85	62	0	7
0	70	0	86	62	0	12
0	70	0	87	62	0	4
0	70	0	88	62	0	5
0	70	0	89	62	0	9
0	70	0	90	62	0	9
0	70	0	91	62	0	5
0	70	0	73	61	0	0
0	70	0	74	61	0	1
0	70	0	76	61	0	4
0	70	0	77	61	0	1
0	70	0	78	61	0	4
0	70	0	79	61	0	7
0	70	0	80	61	0	1
0	70	0	81	61	0	4
0	70	0	82	61	0	7
0	70	0	83	61	0	1
0	70	0	84	61	0	1
0	70	0	85	61	0	6
0	70	0	91	61	0	6
0	70	0	72	60	0	2
0	70	0	74	60	0	0
0	70	0	75	60	0	10
0	70	0	76	60	0	1
0	70	0	77	60	0	1
0	70	0	78	60	0	1
0	70	0	84	60	0	17
0	70	0	85	60	0	7
0	70	0	86	60	0	1
0	70	0	87	60	0	10
0	70	0	88	60	0	3
0	70	0	89	60	0	1
0	70	0	90	60	0	7
0	70	0	91	60	0	5
0	70	0	80	59	0	2
0	70	0	81	59	0	8
0	70	0	82	59	0	1
0	70	0	83	59	0	1
0	70	0	84	59	0	0
0	70	0	85	59	0	3
0	70	0	86	59	0	13
0	70	0	87	59	0	6
0	70	0	88	59	0	11
0	70	0	89	59	0	5
0	70	0	90	59	0	9
0	70	0	91	59	0	13
0	70	0	85	58	0	4
0	70	0	86	58	0	5
0	70	0	87	58	0	2
0	70	0	88	58	0	13
0	70	0	89	58	0	5
0	70	0	90	58	0	8
0	70	0	91	58	0	6
0	70	0	92	58	0	3
0	70	0	82	57	0	3
0	70	0	85	57	0	2
0	70	0	86	57	0	7
0	70	0	87	57	0	5
0	70	0	88	57	0	11
0	70	0	89	57	0	8
0	70	0	90	57	0	2
0	70	0	91	57	0	12
0	70	0	92	57	0	6
0	70	0	85	56	0	4
0	70	0	86	56	0	0
0	70	0	87	56	0	2
0	70	0	88	56	0	0
0	70	0	89	56	0	1
0	70	0	90	56	0	9
0	70	0	91	56	0	0
0	70	0	92	56	0	5
0	70	0	89	55	0	1
0	70	0	91	55	0	3
0	70	0	83	54	0	0
0	70	0	85	54	0	5
0	70	0	86	54	0	0
0	70	0	85	53	0	0
0	71	0	81	68	0	0
0	71	0	83	68	0	0
0	71	0	79	67	0	3
0	71	0	81	67	0	1
0	71	0	82	67	0	0
0	71	0	84	67	0	5
0	71	0	85	67	0	3
0	71	0	86	67	0	1
0	71	0	76	66	0	1
0	71	0	79	66	0	5
0	71	0	81	66	0	7
0	71	0	82	66	0	0
0	71	0	83	66	0	8
0	71	0	84	66	0	1
0	71	0	85	66	0	12
0	71	0	86	66	0	9
0	71	0	87	66	0	7
0	71	0	76	65	0	0
0	71	0	79	65	0	5
0	71	0	80	65	0	0
0	71	0	81	65	0	0
0	71	0	82	65	0	0
0	71	0	83	65	0	2
0	71	0	84	65	0	10
0	71	0	85	65	0	6
0	71	0	86	65	0	12
0	71	0	87	65	0	6
0	71	0	75	64	0	0
0	71	0	76	64	0	2
0	71	0	77	64	0	3
0	71	0	78	64	0	3
0	71	0	79	64	0	5
0	71	0	80	64	0	9
0	71	0	81	64	0	3
0	71	0	82	64	0	4
0	71	0	83	64	0	10
0	71	0	84	64	0	10
0	71	0	85	64	0	8
0	71	0	86	64	0	12
0	71	0	87	64	0	9
0	71	0	88	64	0	6
0	71	0	89	64	0	5
0	71	0	75	63	0	1
0	71	0	76	63	0	0
0	71	0	77	63	0	8
0	71	0	78	63	0	12
0	71	0	79	63	0	2
0	71	0	80	63	0	12
0	71	0	81	63	0	0
0	71	0	82	63	0	9
0	71	0	83	63	0	3
0	71	0	84	63	0	10
0	71	0	85	63	0	12
0	71	0	86	63	0	9
0	71	0	87	63	0	9
0	71	0	88	63	0	14
0	71	0	89	63	0	13
0	71	0	90	63	0	4
0	71	0	75	62	0	10
0	71	0	78	62	0	8
0	71	0	79	62	0	4
0	71	0	80	62	0	3
0	71	0	81	62	0	0
0	71	0	82	62	0	5
0	71	0	83	62	0	3
0	71	0	84	62	0	18
0	71	0	85	62	0	7
0	71	0	86	62	0	10
0	71	0	87	62	0	2
0	71	0	88	62	0	4
0	71	0	89	62	0	9
0	71	0	90	62	0	8
0	71	0	91	62	0	5
0	71	0	73	61	0	0
0	71	0	74	61	0	0
0	71	0	76	61	0	2
0	71	0	77	61	0	3
0	71	0	78	61	0	6
0	71	0	79	61	0	4
0	71	0	80	61	0	0
0	71	0	81	61	0	8
0	71	0	82	61	0	5
0	71	0	83	61	0	4
0	71	0	84	61	0	1
0	71	0	85	61	0	7
0	71	0	91	61	0	3
0	71	0	72	60	0	1
0	71	0	73	60	0	1
0	71	0	74	60	0	0
0	71	0	75	60	0	8
0	71	0	76	60	0	4
0	71	0	77	60	0	0
0	71	0	78	60	0	1
0	71	0	84	60	0	10
0	71	0	85	60	0	6
0	71	0	86	60	0	2
0	71	0	87	60	0	4
0	71	0	88	60	0	6
0	71	0	89	60	0	0
0	71	0	90	60	0	7
0	71	0	91	60	0	5
0	71	0	80	59	0	3
0	71	0	81	59	0	10
0	71	0	82	59	0	1
0	71	0	83	59	0	1
0	71	0	84	59	0	0
0	71	0	85	59	0	2
0	71	0	86	59	0	12
0	71	0	87	59	0	6
0	71	0	88	59	0	7
0	71	0	89	59	0	4
0	71	0	90	59	0	9
0	71	0	91	59	0	8
0	71	0	85	58	0	6
0	71	0	86	58	0	5
0	71	0	87	58	0	4
0	71	0	88	58	0	7
0	71	0	89	58	0	6
0	71	0	90	58	0	9
0	71	0	91	58	0	7
0	71	0	92	58	0	5
0	71	0	82	57	0	0
0	71	0	85	57	0	2
0	71	0	86	57	0	4
0	71	0	87	57	0	4
0	71	0	88	57	0	9
0	71	0	89	57	0	6
0	71	0	90	57	0	3
0	71	0	91	57	0	14
0	71	0	92	57	0	9
0	71	0	82	56	0	1
0	71	0	85	56	0	5
0	71	0	86	56	0	0
0	71	0	87	56	0	1
0	71	0	88	56	0	1
0	71	0	89	56	0	2
0	71	0	90	56	0	8
0	71	0	91	56	0	0
0	71	0	92	56	0	6
0	71	0	76	55	0	1
0	71	0	89	55	0	2
0	71	0	91	55	0	6
0	71	0	83	54	0	0
0	71	0	85	54	0	3
0	71	0	86	54	0	1
0	71	0	85	53	0	0
0	72	0	81	68	0	0
0	72	0	83	68	0	0
0	72	0	79	67	0	2
0	72	0	81	67	0	4
0	72	0	82	67	0	0
0	72	0	84	67	0	6
0	72	0	85	67	0	8
0	72	0	86	67	0	0
0	72	0	76	66	0	1
0	72	0	78	66	0	1
0	72	0	79	66	0	6
0	72	0	80	66	0	1
0	72	0	81	66	0	7
0	72	0	82	66	0	0
0	72	0	83	66	0	8
0	72	0	84	66	0	1
0	72	0	85	66	0	15
0	72	0	86	66	0	7
0	72	0	87	66	0	8
0	72	0	76	65	0	0
0	72	0	78	65	0	1
0	72	0	79	65	0	6
0	72	0	80	65	0	0
0	72	0	81	65	0	0
0	72	0	82	65	0	0
0	72	0	83	65	0	3
0	72	0	84	65	0	12
0	72	0	85	65	0	2
0	72	0	86	65	0	12
0	72	0	87	65	0	11
0	72	0	75	64	0	0
0	72	0	76	64	0	1
0	72	0	77	64	0	3
0	72	0	78	64	0	1
0	72	0	79	64	0	3
0	72	0	80	64	0	6
0	72	0	81	64	0	3
0	72	0	82	64	0	7
0	72	0	83	64	0	10
0	72	0	84	64	0	5
0	72	0	85	64	0	7
0	72	0	86	64	0	9
0	72	0	87	64	0	13
0	72	0	88	64	0	7
0	72	0	89	64	0	5
0	72	0	75	63	0	0
0	72	0	76	63	0	0
0	72	0	77	63	0	8
0	72	0	78	63	0	9
0	72	0	79	63	0	2
0	72	0	80	63	0	3
0	72	0	81	63	0	1
0	72	0	82	63	0	9
0	72	0	83	63	0	1
0	72	0	84	63	0	11
0	72	0	85	63	0	14
0	72	0	86	63	0	6
0	72	0	87	63	0	12
0	72	0	88	63	0	9
0	72	0	89	63	0	6
0	72	0	90	63	0	6
0	72	0	74	62	0	1
0	72	0	75	62	0	7
0	72	0	77	62	0	1
0	72	0	78	62	0	7
0	72	0	79	62	0	4
0	72	0	80	62	0	5
0	72	0	81	62	0	0
0	72	0	82	62	0	8
0	72	0	83	62	0	6
0	72	0	84	62	0	11
0	72	0	85	62	0	7
0	72	0	86	62	0	11
0	72	0	87	62	0	4
0	72	0	88	62	0	7
0	72	0	89	62	0	7
0	72	0	90	62	0	5
0	72	0	91	62	0	6
0	72	0	73	61	0	0
0	72	0	74	61	0	0
0	72	0	76	61	0	2
0	72	0	77	61	0	2
0	72	0	78	61	0	4
0	72	0	79	61	0	3
0	72	0	80	61	0	0
0	72	0	81	61	0	7
0	72	0	82	61	0	4
0	72	0	83	61	0	5
0	72	0	84	61	0	1
0	72	0	85	61	0	12
0	72	0	91	61	0	3
0	72	0	72	60	0	1
0	72	0	73	60	0	1
0	72	0	74	60	0	0
0	72	0	75	60	0	7
0	72	0	76	60	0	5
0	72	0	77	60	0	0
0	72	0	78	60	0	0
0	72	0	84	60	0	9
0	72	0	85	60	0	7
0	72	0	86	60	0	4
0	72	0	87	60	0	2
0	72	0	88	60	0	13
0	72	0	89	60	0	0
0	72	0	90	60	0	8
0	72	0	91	60	0	5
0	72	0	80	59	0	2
0	72	0	81	59	0	8
0	72	0	82	59	0	2
0	72	0	83	59	0	0
0	72	0	84	59	0	0
0	72	0	85	59	0	4
0	72	0	86	59	0	10
0	72	0	87	59	0	5
0	72	0	88	59	0	4
0	72	0	89	59	0	3
0	72	0	90	59	0	8
0	72	0	91	59	0	5
0	72	0	85	58	0	9
0	72	0	86	58	0	6
0	72	0	87	58	0	1
0	72	0	88	58	0	10
0	72	0	89	58	0	9
0	72	0	90	58	0	7
0	72	0	91	58	0	5
0	72	0	92	58	0	9
0	72	0	82	57	0	0
0	72	0	83	57	0	1
0	72	0	85	57	0	2
0	72	0	86	57	0	5
0	72	0	87	57	0	6
0	72	0	88	57	0	15
0	72	0	89	57	0	8
0	72	0	90	57	0	4
0	72	0	91	57	0	12
0	72	0	92	57	0	9
0	72	0	82	56	0	1
0	72	0	85	56	0	3
0	72	0	86	56	0	0
0	72	0	87	56	0	2
0	72	0	88	56	0	2
0	72	0	89	56	0	1
0	72	0	90	56	0	7
0	72	0	91	56	0	1
0	72	0	92	56	0	6
0	72	0	76	55	0	1
0	72	0	89	55	0	0
0	72	0	91	55	0	1
0	72	0	83	54	0	0
0	72	0	85	54	0	1
0	72	0	86	54	0	2
0	72	0	85	53	0	0
0	73	0	81	68	0	0
0	73	0	83	68	0	0
0	73	0	79	67	0	3
0	73	0	81	67	0	5
0	73	0	82	67	0	0
0	73	0	84	67	0	7
0	73	0	85	67	0	7
0	73	0	86	67	0	1
0	73	0	76	66	0	0
0	73	0	77	66	0	1
0	73	0	78	66	0	1
0	73	0	79	66	0	6
0	73	0	80	66	0	3
0	73	0	81	66	0	8
0	73	0	82	66	0	1
0	73	0	83	66	0	9
0	73	0	84	66	0	1
0	73	0	85	66	0	6
0	73	0	86	66	0	10
0	73	0	87	66	0	7
0	73	0	76	65	0	0
0	73	0	78	65	0	1
0	73	0	79	65	0	5
0	73	0	80	65	0	0
0	73	0	81	65	0	0
0	73	0	82	65	0	1
0	73	0	83	65	0	5
0	73	0	84	65	0	13
0	73	0	85	65	0	1
0	73	0	86	65	0	10
0	73	0	87	65	0	9
0	73	0	75	64	0	0
0	73	0	76	64	0	2
0	73	0	77	64	0	3
0	73	0	78	64	0	0
0	73	0	79	64	0	7
0	73	0	80	64	0	9
0	73	0	81	64	0	5
0	73	0	82	64	0	6
0	73	0	83	64	0	8
0	73	0	84	64	0	5
0	73	0	85	64	0	7
0	73	0	86	64	0	12
0	73	0	87	64	0	12
0	73	0	88	64	0	5
0	73	0	89	64	0	1
0	73	0	75	63	0	0
0	73	0	76	63	0	0
0	73	0	77	63	0	7
0	73	0	78	63	0	11
0	73	0	79	63	0	4
0	73	0	80	63	0	7
0	73	0	81	63	0	4
0	73	0	82	63	0	9
0	73	0	83	63	0	1
0	73	0	84	63	0	9
0	73	0	85	63	0	15
0	73	0	86	63	0	5
0	73	0	87	63	0	10
0	73	0	88	63	0	9
0	73	0	89	63	0	6
0	73	0	90	63	0	6
0	73	0	74	62	0	1
0	73	0	75	62	0	5
0	73	0	77	62	0	3
0	73	0	78	62	0	6
0	73	0	79	62	0	6
0	73	0	80	62	0	7
0	73	0	81	62	0	0
0	73	0	82	62	0	5
0	73	0	83	62	0	5
0	73	0	84	62	0	6
0	73	0	85	62	0	9
0	73	0	86	62	0	10
0	73	0	87	62	0	6
0	73	0	88	62	0	8
0	73	0	89	62	0	6
0	73	0	90	62	0	8
0	73	0	91	62	0	6
0	73	0	73	61	0	0
0	73	0	74	61	0	0
0	73	0	75	61	0	1
0	73	0	76	61	0	5
0	73	0	77	61	0	1
0	73	0	78	61	0	5
0	73	0	79	61	0	5
0	73	0	80	61	0	1
0	73	0	81	61	0	9
0	73	0	82	61	0	4
0	73	0	83	61	0	10
0	73	0	84	61	0	2
0	73	0	85	61	0	16
0	73	0	91	61	0	4
0	73	0	72	60	0	0
0	73	0	73	60	0	0
0	73	0	74	60	0	0
0	73	0	75	60	0	10
0	73	0	76	60	0	12
0	73	0	77	60	0	0
0	73	0	78	60	0	0
0	73	0	84	60	0	10
0	73	0	85	60	0	7
0	73	0	86	60	0	8
0	73	0	87	60	0	2
0	73	0	88	60	0	12
0	73	0	89	60	0	2
0	73	0	90	60	0	8
0	73	0	91	60	0	4
0	73	0	72	59	0	2
0	73	0	80	59	0	3
0	73	0	81	59	0	10
0	73	0	82	59	0	2
0	73	0	83	59	0	1
0	73	0	84	59	0	1
0	73	0	85	59	0	5
0	73	0	86	59	0	17
0	73	0	87	59	0	5
0	73	0	88	59	0	8
0	73	0	89	59	0	2
0	73	0	90	59	0	13
0	73	0	91	59	0	4
0	73	0	80	58	0	1
0	73	0	82	58	0	1
0	73	0	85	58	0	13
0	73	0	86	58	0	6
0	73	0	87	58	0	3
0	73	0	88	58	0	12
0	73	0	89	58	0	14
0	73	0	90	58	0	12
0	73	0	91	58	0	6
0	73	0	92	58	0	5
0	73	0	82	57	0	0
0	73	0	83	57	0	0
0	73	0	85	57	0	4
0	73	0	86	57	0	4
0	73	0	87	57	0	4
0	73	0	88	57	0	8
0	73	0	89	57	0	3
0	73	0	90	57	0	2
0	73	0	91	57	0	10
0	73	0	92	57	0	8
0	73	0	82	56	0	1
0	73	0	84	56	0	1
0	73	0	85	56	0	3
0	73	0	86	56	0	1
0	73	0	87	56	0	4
0	73	0	88	56	0	6
0	73	0	89	56	0	4
0	73	0	90	56	0	7
0	73	0	91	56	0	1
0	73	0	92	56	0	9
0	73	0	76	55	0	0
0	73	0	89	55	0	1
0	73	0	91	55	0	1
0	73	0	92	55	0	1
0	73	0	83	54	0	0
0	73	0	85	54	0	1
0	73	0	86	54	0	4
0	73	0	85	53	0	0
0	74	0	81	68	0	1
0	74	0	83	68	0	0
0	74	0	79	67	0	3
0	74	0	81	67	0	3
0	74	0	82	67	0	0
0	74	0	83	67	0	1
0	74	0	84	67	0	10
0	74	0	85	67	0	4
0	74	0	86	67	0	3
0	74	0	76	66	0	0
0	74	0	77	66	0	0
0	74	0	78	66	0	1
0	74	0	79	66	0	8
0	74	0	80	66	0	2
0	74	0	81	66	0	11
0	74	0	82	66	0	1
0	74	0	83	66	0	5
0	74	0	84	66	0	7
0	74	0	85	66	0	8
0	74	0	86	66	0	10
0	74	0	87	66	0	7
0	74	0	76	65	0	0
0	74	0	78	65	0	2
0	74	0	79	65	0	6
0	74	0	80	65	0	0
0	74	0	81	65	0	1
0	74	0	82	65	0	2
0	74	0	83	65	0	5
0	74	0	84	65	0	10
0	74	0	85	65	0	4
0	74	0	86	65	0	11
0	74	0	87	65	0	8
0	74	0	75	64	0	0
0	74	0	76	64	0	3
0	74	0	77	64	0	7
0	74	0	78	64	0	0
0	74	0	79	64	0	13
0	74	0	80	64	0	12
0	74	0	81	64	0	7
0	74	0	82	64	0	6
0	74	0	83	64	0	3
0	74	0	84	64	0	5
0	74	0	85	64	0	5
0	74	0	86	64	0	7
0	74	0	87	64	0	13
0	74	0	88	64	0	4
0	74	0	89	64	0	1
0	74	0	75	63	0	0
0	74	0	76	63	0	0
0	74	0	77	63	0	11
0	74	0	78	63	0	15
0	74	0	79	63	0	5
0	74	0	80	63	0	7
0	74	0	81	63	0	0
0	74	0	82	63	0	11
0	74	0	83	63	0	3
0	74	0	84	63	0	11
0	74	0	85	63	0	17
0	74	0	86	63	0	9
0	74	0	87	63	0	8
0	74	0	88	63	0	8
0	74	0	89	63	0	9
0	74	0	90	63	0	4
0	74	0	74	62	0	3
0	74	0	75	62	0	7
0	74	0	76	62	0	2
0	74	0	77	62	0	3
0	74	0	78	62	0	10
0	74	0	79	62	0	8
0	74	0	80	62	0	3
0	74	0	81	62	0	0
0	74	0	82	62	0	7
0	74	0	83	62	0	4
0	74	0	84	62	0	6
0	74	0	85	62	0	5
0	74	0	86	62	0	10
0	74	0	87	62	0	8
0	74	0	88	62	0	12
0	74	0	89	62	0	6
0	74	0	90	62	0	4
0	74	0	91	62	0	5
0	74	0	73	61	0	0
0	74	0	74	61	0	0
0	74	0	75	61	0	0
0	74	0	76	61	0	7
0	74	0	77	61	0	1
0	74	0	78	61	0	4
0	74	0	79	61	0	2
0	74	0	80	61	0	1
0	74	0	81	61	0	10
0	74	0	82	61	0	4
0	74	0	83	61	0	15
0	74	0	84	61	0	2
0	74	0	85	61	0	7
0	74	0	91	61	0	2
0	74	0	72	60	0	0
0	74	0	73	60	0	0
0	74	0	74	60	0	0
0	74	0	75	60	0	13
0	74	0	76	60	0	8
0	74	0	77	60	0	1
0	74	0	78	60	0	1
0	74	0	84	60	0	10
0	74	0	85	60	0	5
0	74	0	86	60	0	9
0	74	0	87	60	0	5
0	74	0	88	60	0	13
0	74	0	89	60	0	3
0	74	0	90	60	0	4
0	74	0	91	60	0	4
0	74	0	72	59	0	1
0	74	0	80	59	0	7
0	74	0	81	59	0	5
0	74	0	82	59	0	1
0	74	0	83	59	0	3
0	74	0	84	59	0	2
0	74	0	85	59	0	8
0	74	0	86	59	0	5
0	74	0	87	59	0	5
0	74	0	88	59	0	3
0	74	0	89	59	0	6
0	74	0	90	59	0	7
0	74	0	91	59	0	7
0	74	0	80	58	0	3
0	74	0	82	58	0	0
0	74	0	84	58	0	1
0	74	0	85	58	0	14
0	74	0	86	58	0	2
0	74	0	87	58	0	5
0	74	0	88	58	0	10
0	74	0	89	58	0	5
0	74	0	90	58	0	18
0	74	0	91	58	0	4
0	74	0	92	58	0	8
0	74	0	81	57	0	1
0	74	0	82	57	0	0
0	74	0	83	57	0	0
0	74	0	85	57	0	7
0	74	0	86	57	0	3
0	74	0	87	57	0	4
0	74	0	88	57	0	6
0	74	0	89	57	0	3
0	74	0	90	57	0	2
0	74	0	91	57	0	17
0	74	0	92	57	0	5
0	74	0	82	56	0	1
0	74	0	84	56	0	2
0	74	0	85	56	0	2
0	74	0	86	56	0	0
0	74	0	87	56	0	7
0	74	0	88	56	0	2
0	74	0	89	56	0	2
0	74	0	90	56	0	12
0	74	0	91	56	0	4
0	74	0	92	56	0	6
0	74	0	76	55	0	0
0	74	0	89	55	0	1
0	74	0	90	55	0	1
0	74	0	91	55	0	0
0	74	0	92	55	0	3
0	74	0	83	54	0	0
0	74	0	85	54	0	1
0	74	0	86	54	0	5
0	74	0	90	54	0	1
0	74	0	85	53	0	0
0	75	0	81	68	0	0
0	75	0	83	68	0	0
0	75	0	79	67	0	1
0	75	0	81	67	0	3
0	75	0	82	67	0	0
0	75	0	83	67	0	2
0	75	0	84	67	0	12
0	75	0	85	67	0	5
0	75	0	86	67	0	5
0	75	0	76	66	0	0
0	75	0	77	66	0	0
0	75	0	78	66	0	1
0	75	0	79	66	0	9
0	75	0	80	66	0	4
0	75	0	81	66	0	12
0	75	0	82	66	0	1
0	75	0	83	66	0	3
0	75	0	84	66	0	2
0	75	0	85	66	0	3
0	75	0	86	66	0	7
0	75	0	87	66	0	9
0	75	0	76	65	0	0
0	75	0	78	65	0	6
0	75	0	79	65	0	9
0	75	0	80	65	0	1
0	75	0	81	65	0	1
0	75	0	82	65	0	4
0	75	0	83	65	0	6
0	75	0	84	65	0	9
0	75	0	85	65	0	5
0	75	0	86	65	0	11
0	75	0	87	65	0	9
0	75	0	75	64	0	0
0	75	0	76	64	0	4
0	75	0	77	64	0	1
0	75	0	78	64	0	1
0	75	0	79	64	0	14
0	75	0	80	64	0	11
0	75	0	81	64	0	9
0	75	0	82	64	0	14
0	75	0	83	64	0	2
0	75	0	84	64	0	8
0	75	0	85	64	0	4
0	75	0	86	64	0	8
0	75	0	87	64	0	19
0	75	0	88	64	0	2
0	75	0	89	64	0	3
0	75	0	75	63	0	1
0	75	0	76	63	0	0
0	75	0	77	63	0	7
0	75	0	78	63	0	15
0	75	0	79	63	0	2
0	75	0	80	63	0	5
0	75	0	81	63	0	0
0	75	0	82	63	0	11
0	75	0	83	63	0	7
0	75	0	84	63	0	9
0	75	0	85	63	0	6
0	75	0	86	63	0	10
0	75	0	87	63	0	6
0	75	0	88	63	0	5
0	75	0	89	63	0	5
0	75	0	90	63	0	5
0	75	0	74	62	0	4
0	75	0	75	62	0	8
0	75	0	76	62	0	3
0	75	0	77	62	0	3
0	75	0	78	62	0	7
0	75	0	79	62	0	11
0	75	0	80	62	0	4
0	75	0	81	62	0	1
0	75	0	82	62	0	7
0	75	0	83	62	0	5
0	75	0	84	62	0	4
0	75	0	85	62	0	5
0	75	0	86	62	0	11
0	75	0	87	62	0	12
0	75	0	88	62	0	5
0	75	0	89	62	0	5
0	75	0	90	62	0	6
0	75	0	91	62	0	10
0	75	0	73	61	0	0
0	75	0	74	61	0	0
0	75	0	75	61	0	1
0	75	0	76	61	0	14
0	75	0	77	61	0	5
0	75	0	78	61	0	2
0	75	0	79	61	0	2
0	75	0	80	61	0	1
0	75	0	81	61	0	5
0	75	0	82	61	0	7
0	75	0	83	61	0	12
0	75	0	84	61	0	4
0	75	0	85	61	0	4
0	75	0	91	61	0	4
0	75	0	72	60	0	0
0	75	0	73	60	0	0
0	75	0	74	60	0	0
0	75	0	75	60	0	10
0	75	0	76	60	0	10
0	75	0	77	60	0	1
0	75	0	78	60	0	1
0	75	0	84	60	0	12
0	75	0	85	60	0	2
0	75	0	86	60	0	7
0	75	0	87	60	0	5
0	75	0	88	60	0	10
0	75	0	89	60	0	4
0	75	0	90	60	0	3
0	75	0	91	60	0	3
0	75	0	72	59	0	1
0	75	0	80	59	0	5
0	75	0	81	59	0	2
0	75	0	82	59	0	4
0	75	0	83	59	0	2
0	75	0	84	59	0	4
0	75	0	85	59	0	9
0	75	0	86	59	0	6
0	75	0	87	59	0	6
0	75	0	88	59	0	6
0	75	0	89	59	0	9
0	75	0	90	59	0	8
0	75	0	91	59	0	4
0	75	0	80	58	0	9
0	75	0	82	58	0	0
0	75	0	84	58	0	1
0	75	0	85	58	0	12
0	75	0	86	58	0	5
0	75	0	87	58	0	10
0	75	0	88	58	0	11
0	75	0	89	58	0	4
0	75	0	90	58	0	9
0	75	0	91	58	0	5
0	75	0	92	58	0	9
0	75	0	81	57	0	0
0	75	0	82	57	0	1
0	75	0	83	57	0	0
0	75	0	84	57	0	1
0	75	0	85	57	0	9
0	75	0	86	57	0	6
0	75	0	87	57	0	4
0	75	0	88	57	0	5
0	75	0	89	57	0	4
0	75	0	90	57	0	3
0	75	0	91	57	0	13
0	75	0	92	57	0	7
0	75	0	71	56	0	1
0	75	0	82	56	0	1
0	75	0	84	56	0	4
0	75	0	85	56	0	2
0	75	0	86	56	0	0
0	75	0	87	56	0	2
0	75	0	88	56	0	4
0	75	0	89	56	0	5
0	75	0	90	56	0	14
0	75	0	91	56	0	5
0	75	0	92	56	0	3
0	75	0	76	55	0	0
0	75	0	86	55	0	1
0	75	0	87	55	0	1
0	75	0	89	55	0	0
0	75	0	90	55	0	1
0	75	0	91	55	0	1
0	75	0	92	55	0	3
0	75	0	83	54	0	0
0	75	0	85	54	0	1
0	75	0	86	54	0	16
0	75	0	90	54	0	0
0	75	0	85	53	0	0
0	75	0	93	53	0	1
0	76	0	80	69	0	1
0	76	0	81	68	0	0
0	76	0	82	68	0	1
0	76	0	83	68	0	1
0	76	0	79	67	0	3
0	76	0	81	67	0	3
0	76	0	82	67	0	0
0	76	0	83	67	0	1
0	76	0	84	67	0	10
0	76	0	85	67	0	4
0	76	0	86	67	0	6
0	76	0	76	66	0	0
0	76	0	77	66	0	0
0	76	0	78	66	0	1
0	76	0	79	66	0	7
0	76	0	80	66	0	3
0	76	0	81	66	0	7
0	76	0	82	66	0	2
0	76	0	83	66	0	4
0	76	0	84	66	0	6
0	76	0	85	66	0	3
0	76	0	86	66	0	11
0	76	0	87	66	0	6
0	76	0	76	65	0	0
0	76	0	78	65	0	5
0	76	0	79	65	0	15
0	76	0	80	65	0	2
0	76	0	81	65	0	0
0	76	0	82	65	0	9
0	76	0	83	65	0	5
0	76	0	84	65	0	13
0	76	0	85	65	0	6
0	76	0	86	65	0	15
0	76	0	87	65	0	8
0	76	0	75	64	0	0
0	76	0	76	64	0	4
0	76	0	77	64	0	1
0	76	0	78	64	0	2
0	76	0	79	64	0	13
0	76	0	80	64	0	17
0	76	0	81	64	0	9
0	76	0	82	64	0	11
0	76	0	83	64	0	1
0	76	0	84	64	0	10
0	76	0	85	64	0	5
0	76	0	86	64	0	3
0	76	0	87	64	0	23
0	76	0	88	64	0	0
0	76	0	89	64	0	4
0	76	0	75	63	0	0
0	76	0	76	63	0	0
0	76	0	77	63	0	11
0	76	0	78	63	0	15
0	76	0	79	63	0	3
0	76	0	80	63	0	4
0	76	0	81	63	0	0
0	76	0	82	63	0	16
0	76	0	83	63	0	8
0	76	0	84	63	0	11
0	76	0	85	63	0	10
0	76	0	86	63	0	10
0	76	0	87	63	0	10
0	76	0	88	63	0	7
0	76	0	89	63	0	9
0	76	0	90	63	0	6
0	76	0	74	62	0	5
0	76	0	75	62	0	11
0	76	0	76	62	0	2
0	76	0	77	62	0	1
0	76	0	78	62	0	10
0	76	0	79	62	0	7
0	76	0	80	62	0	4
0	76	0	81	62	0	0
0	76	0	82	62	0	4
0	76	0	83	62	0	8
0	76	0	84	62	0	5
0	76	0	85	62	0	5
0	76	0	86	62	0	13
0	76	0	87	62	0	12
0	76	0	88	62	0	6
0	76	0	89	62	0	9
0	76	0	90	62	0	11
0	76	0	91	62	0	7
0	76	0	73	61	0	0
0	76	0	74	61	0	0
0	76	0	75	61	0	2
0	76	0	76	61	0	15
0	76	0	77	61	0	7
0	76	0	78	61	0	4
0	76	0	79	61	0	3
0	76	0	80	61	0	2
0	76	0	81	61	0	5
0	76	0	82	61	0	10
0	76	0	83	61	0	12
0	76	0	84	61	0	7
0	76	0	85	61	0	5
0	76	0	91	61	0	6
0	76	0	72	60	0	0
0	76	0	73	60	0	0
0	76	0	74	60	0	0
0	76	0	75	60	0	12
0	76	0	76	60	0	9
0	76	0	77	60	0	4
0	76	0	78	60	0	0
0	76	0	84	60	0	2
0	76	0	85	60	0	3
0	76	0	86	60	0	9
0	76	0	87	60	0	4
0	76	0	88	60	0	11
0	76	0	89	60	0	7
0	76	0	90	60	0	2
0	76	0	91	60	0	5
0	76	0	72	59	0	0
0	76	0	80	59	0	13
0	76	0	81	59	0	3
0	76	0	82	59	0	4
0	76	0	83	59	0	1
0	76	0	84	59	0	3
0	76	0	85	59	0	9
0	76	0	86	59	0	8
0	76	0	87	59	0	5
0	76	0	88	59	0	6
0	76	0	89	59	0	13
0	76	0	90	59	0	4
0	76	0	91	59	0	9
0	76	0	80	58	0	14
0	76	0	82	58	0	1
0	76	0	84	58	0	1
0	76	0	85	58	0	7
0	76	0	86	58	0	5
0	76	0	87	58	0	12
0	76	0	88	58	0	11
0	76	0	89	58	0	5
0	76	0	90	58	0	9
0	76	0	91	58	0	6
0	76	0	92	58	0	13
0	76	0	81	57	0	0
0	76	0	82	57	0	1
0	76	0	83	57	0	0
0	76	0	84	57	0	1
0	76	0	85	57	0	9
0	76	0	86	57	0	8
0	76	0	87	57	0	9
0	76	0	88	57	0	4
0	76	0	89	57	0	5
0	76	0	90	57	0	3
0	76	0	91	57	0	11
0	76	0	92	57	0	6
0	76	0	71	56	0	1
0	76	0	82	56	0	1
0	76	0	84	56	0	3
0	76	0	85	56	0	1
0	76	0	86	56	0	0
0	76	0	87	56	0	2
0	76	0	88	56	0	7
0	76	0	89	56	0	5
0	76	0	90	56	0	13
0	76	0	91	56	0	8
0	76	0	92	56	0	1
0	76	0	76	55	0	0
0	76	0	86	55	0	1
0	76	0	87	55	0	2
0	76	0	89	55	0	0
0	76	0	90	55	0	7
0	76	0	91	55	0	3
0	76	0	92	55	0	2
0	76	0	83	54	0	0
0	76	0	85	54	0	1
0	76	0	86	54	0	11
0	76	0	90	54	0	0
0	76	0	91	54	0	1
0	76	0	85	53	0	1
0	76	0	93	53	0	1
0	77	0	80	69	0	3
0	77	0	81	68	0	0
0	77	0	82	68	0	0
0	77	0	83	68	0	0
0	77	0	79	67	0	3
0	77	0	81	67	0	6
0	77	0	82	67	0	0
0	77	0	83	67	0	0
0	77	0	84	67	0	6
0	77	0	85	67	0	9
0	77	0	86	67	0	9
0	77	0	76	66	0	0
0	77	0	77	66	0	0
0	77	0	78	66	0	3
0	77	0	79	66	0	8
0	77	0	80	66	0	2
0	77	0	81	66	0	2
0	77	0	82	66	0	1
0	77	0	83	66	0	3
0	77	0	84	66	0	6
0	77	0	85	66	0	6
0	77	0	86	66	0	9
0	77	0	87	66	0	6
0	77	0	76	65	0	0
0	77	0	78	65	0	6
0	77	0	79	65	0	15
0	77	0	80	65	0	4
0	77	0	81	65	0	1
0	77	0	82	65	0	9
0	77	0	83	65	0	5
0	77	0	84	65	0	11
0	77	0	85	65	0	7
0	77	0	86	65	0	11
0	77	0	87	65	0	10
0	77	0	75	64	0	0
0	77	0	76	64	0	3
0	77	0	77	64	0	0
0	77	0	78	64	0	3
0	77	0	79	64	0	7
0	77	0	80	64	0	14
0	77	0	81	64	0	10
0	77	0	82	64	0	14
0	77	0	83	64	0	1
0	77	0	84	64	0	11
0	77	0	85	64	0	5
0	77	0	86	64	0	4
0	77	0	87	64	0	17
0	77	0	88	64	0	1
0	77	0	89	64	0	1
0	77	0	74	63	0	1
0	77	0	75	63	0	1
0	77	0	76	63	0	2
0	77	0	77	63	0	16
0	77	0	78	63	0	10
0	77	0	79	63	0	2
0	77	0	80	63	0	6
0	77	0	81	63	0	0
0	77	0	82	63	0	10
0	77	0	83	63	0	6
0	77	0	84	63	0	12
0	77	0	85	63	0	5
0	77	0	86	63	0	8
0	77	0	87	63	0	8
0	77	0	88	63	0	11
0	77	0	89	63	0	5
0	77	0	90	63	0	7
0	77	0	74	62	0	3
0	77	0	75	62	0	9
0	77	0	76	62	0	1
0	77	0	77	62	0	3
0	77	0	78	62	0	7
0	77	0	79	62	0	5
0	77	0	80	62	0	7
0	77	0	81	62	0	1
0	77	0	82	62	0	2
0	77	0	83	62	0	7
0	77	0	84	62	0	5
0	77	0	85	62	0	6
0	77	0	86	62	0	18
0	77	0	87	62	0	9
0	77	0	88	62	0	3
0	77	0	89	62	0	12
0	77	0	90	62	0	8
0	77	0	91	62	0	5
0	77	0	73	61	0	0
0	77	0	74	61	0	0
0	77	0	75	61	0	5
0	77	0	76	61	0	13
0	77	0	77	61	0	4
0	77	0	78	61	0	2
0	77	0	79	61	0	5
0	77	0	80	61	0	3
0	77	0	81	61	0	4
0	77	0	82	61	0	15
0	77	0	84	61	0	8
0	77	0	85	61	0	7
0	77	0	91	61	0	4
0	77	0	72	60	0	0
0	77	0	73	60	0	0
0	77	0	74	60	0	0
0	77	0	75	60	0	16
0	77	0	76	60	0	11
0	77	0	77	60	0	5
0	77	0	78	60	0	2
0	77	0	84	60	0	3
0	77	0	85	60	0	5
0	77	0	86	60	0	13
0	77	0	87	60	0	4
0	77	0	88	60	0	7
0	77	0	89	60	0	10
0	77	0	90	60	0	6
0	77	0	91	60	0	6
0	77	0	72	59	0	0
0	77	0	80	59	0	11
0	77	0	81	59	0	2
0	77	0	82	59	0	6
0	77	0	83	59	0	3
0	77	0	84	59	0	3
0	77	0	85	59	0	8
0	77	0	86	59	0	11
0	77	0	87	59	0	6
0	77	0	88	59	0	3
0	77	0	89	59	0	9
0	77	0	90	59	0	6
0	77	0	91	59	0	8
0	77	0	79	58	0	1
0	77	0	80	58	0	11
0	77	0	82	58	0	1
0	77	0	84	58	0	6
0	77	0	85	58	0	8
0	77	0	86	58	0	1
0	77	0	87	58	0	9
0	77	0	88	58	0	5
0	77	0	89	58	0	7
0	77	0	90	58	0	3
0	77	0	91	58	0	6
0	77	0	92	58	0	6
0	77	0	81	57	0	0
0	77	0	82	57	0	0
0	77	0	83	57	0	0
0	77	0	84	57	0	1
0	77	0	85	57	0	11
0	77	0	86	57	0	9
0	77	0	87	57	0	8
0	77	0	88	57	0	4
0	77	0	89	57	0	12
0	77	0	90	57	0	5
0	77	0	91	57	0	7
0	77	0	92	57	0	11
0	77	0	71	56	0	3
0	77	0	82	56	0	1
0	77	0	84	56	0	5
0	77	0	85	56	0	2
0	77	0	86	56	0	0
0	77	0	87	56	0	2
0	77	0	88	56	0	6
0	77	0	89	56	0	4
0	77	0	90	56	0	11
0	77	0	91	56	0	8
0	77	0	92	56	0	1
0	77	0	76	55	0	0
0	77	0	86	55	0	2
0	77	0	87	55	0	2
0	77	0	89	55	0	0
0	77	0	90	55	0	11
0	77	0	91	55	0	6
0	77	0	92	55	0	0
0	77	0	83	54	0	1
0	77	0	85	54	0	2
0	77	0	86	54	0	8
0	77	0	90	54	0	1
0	77	0	91	54	0	1
0	77	0	85	53	0	2
0	77	0	90	53	0	1
0	77	0	93	53	0	0
0	78	0	80	69	0	0
0	78	0	78	68	0	1
0	78	0	81	68	0	1
0	78	0	82	68	0	0
0	78	0	83	68	0	0
0	78	0	78	67	0	1
0	78	0	79	67	0	5
0	78	0	80	67	0	1
0	78	0	81	67	0	9
0	78	0	82	67	0	0
0	78	0	83	67	0	0
0	78	0	84	67	0	7
0	78	0	85	67	0	10
0	78	0	86	67	0	6
0	78	0	76	66	0	0
0	78	0	77	66	0	1
0	78	0	78	66	0	4
0	78	0	79	66	0	14
0	78	0	80	66	0	4
0	78	0	81	66	0	1
0	78	0	82	66	0	2
0	78	0	83	66	0	3
0	78	0	84	66	0	4
0	78	0	85	66	0	5
0	78	0	86	66	0	9
0	78	0	87	66	0	9
0	78	0	76	65	0	0
0	78	0	78	65	0	5
0	78	0	79	65	0	7
0	78	0	80	65	0	4
0	78	0	81	65	0	1
0	78	0	82	65	0	6
0	78	0	83	65	0	3
0	78	0	84	65	0	8
0	78	0	85	65	0	8
0	78	0	86	65	0	5
0	78	0	87	65	0	7
0	78	0	73	64	0	1
0	78	0	75	64	0	0
0	78	0	76	64	0	2
0	78	0	77	64	0	0
0	78	0	78	64	0	6
0	78	0	79	64	0	9
0	78	0	80	64	0	9
0	78	0	81	64	0	12
0	78	0	82	64	0	11
0	78	0	83	64	0	2
0	78	0	84	64	0	12
0	78	0	85	64	0	6
0	78	0	86	64	0	3
0	78	0	87	64	0	10
0	78	0	88	64	0	2
0	78	0	89	64	0	4
0	78	0	74	63	0	1
0	78	0	75	63	0	1
0	78	0	76	63	0	2
0	78	0	77	63	0	8
0	78	0	78	63	0	6
0	78	0	79	63	0	5
0	78	0	80	63	0	7
0	78	0	81	63	0	2
0	78	0	82	63	0	11
0	78	0	83	63	0	8
0	78	0	84	63	0	9
0	78	0	85	63	0	5
0	78	0	86	63	0	10
0	78	0	87	63	0	10
0	78	0	88	63	0	9
0	78	0	89	63	0	8
0	78	0	90	63	0	6
0	78	0	74	62	0	3
0	78	0	75	62	0	6
0	78	0	76	62	0	4
0	78	0	77	62	0	4
0	78	0	78	62	0	9
0	78	0	79	62	0	4
0	78	0	80	62	0	6
0	78	0	81	62	0	1
0	78	0	82	62	0	1
0	78	0	83	62	0	7
0	78	0	84	62	0	2
0	78	0	85	62	0	9
0	78	0	86	62	0	8
0	78	0	87	62	0	18
0	78	0	88	62	0	5
0	78	0	89	62	0	5
0	78	0	90	62	0	6
0	78	0	91	62	0	5
0	78	0	73	61	0	0
0	78	0	74	61	0	0
0	78	0	75	61	0	3
0	78	0	76	61	0	14
0	78	0	77	61	0	8
0	78	0	78	61	0	6
0	78	0	79	61	0	5
0	78	0	80	61	0	6
0	78	0	81	61	0	2
0	78	0	82	61	0	11
0	78	0	84	61	0	7
0	78	0	85	61	0	5
0	78	0	91	61	0	7
0	78	0	72	60	0	0
0	78	0	73	60	0	0
0	78	0	74	60	0	0
0	78	0	75	60	0	11
0	78	0	76	60	0	8
0	78	0	77	60	0	5
0	78	0	78	60	0	5
0	78	0	84	60	0	9
0	78	0	85	60	0	6
0	78	0	86	60	0	13
0	78	0	87	60	0	1
0	78	0	88	60	0	10
0	78	0	89	60	0	7
0	78	0	90	60	0	6
0	78	0	91	60	0	10
0	78	0	72	59	0	0
0	78	0	80	59	0	6
0	78	0	81	59	0	1
0	78	0	82	59	0	10
0	78	0	83	59	0	6
0	78	0	84	59	0	6
0	78	0	85	59	0	9
0	78	0	86	59	0	10
0	78	0	87	59	0	6
0	78	0	88	59	0	0
0	78	0	89	59	0	8
0	78	0	90	59	0	2
0	78	0	91	59	0	14
0	78	0	79	58	0	1
0	78	0	80	58	0	10
0	78	0	82	58	0	0
0	78	0	83	58	0	1
0	78	0	84	58	0	3
0	78	0	85	58	0	5
0	78	0	86	58	0	2
0	78	0	87	58	0	9
0	78	0	88	58	0	10
0	78	0	89	58	0	10
0	78	0	90	58	0	5
0	78	0	91	58	0	8
0	78	0	92	58	0	6
0	78	0	81	57	0	0
0	78	0	82	57	0	0
0	78	0	83	57	0	0
0	78	0	84	57	0	4
0	78	0	85	57	0	8
0	78	0	86	57	0	13
0	78	0	87	57	0	7
0	78	0	88	57	0	5
0	78	0	89	57	0	9
0	78	0	90	57	0	4
0	78	0	91	57	0	7
0	78	0	92	57	0	13
0	78	0	71	56	0	1
0	78	0	82	56	0	4
0	78	0	84	56	0	9
0	78	0	85	56	0	2
0	78	0	86	56	0	0
0	78	0	87	56	0	5
0	78	0	88	56	0	7
0	78	0	89	56	0	4
0	78	0	90	56	0	12
0	78	0	91	56	0	8
0	78	0	92	56	0	0
0	78	0	76	55	0	0
0	78	0	86	55	0	3
0	78	0	87	55	0	1
0	78	0	89	55	0	0
0	78	0	90	55	0	11
0	78	0	91	55	0	6
0	78	0	92	55	0	0
0	78	0	83	54	0	0
0	78	0	85	54	0	3
0	78	0	86	54	0	10
0	78	0	90	54	0	0
0	78	0	91	54	0	0
0	78	0	84	53	0	1
0	78	0	85	53	0	3
0	78	0	90	53	0	0
0	78	0	93	53	0	0
0	79	0	80	69	0	0
0	79	0	78	68	0	2
0	79	0	81	68	0	1
0	79	0	82	68	0	0
0	79	0	83	68	0	0
0	79	0	77	67	0	1
0	79	0	78	67	0	0
0	79	0	79	67	0	2
0	79	0	80	67	0	3
0	79	0	81	67	0	6
0	79	0	82	67	0	0
0	79	0	83	67	0	0
0	79	0	84	67	0	3
0	79	0	85	67	0	6
0	79	0	86	67	0	6
0	79	0	76	66	0	0
0	79	0	77	66	0	2
0	79	0	78	66	0	5
0	79	0	79	66	0	8
0	79	0	80	66	0	2
0	79	0	81	66	0	2
0	79	0	82	66	0	2
0	79	0	83	66	0	3
0	79	0	84	66	0	6
0	79	0	85	66	0	7
0	79	0	86	66	0	9
0	79	0	87	66	0	15
0	79	0	76	65	0	0
0	79	0	78	65	0	7
0	79	0	79	65	0	9
0	79	0	80	65	0	2
0	79	0	81	65	0	2
0	79	0	82	65	0	7
0	79	0	83	65	0	6
0	79	0	84	65	0	3
0	79	0	85	65	0	4
0	79	0	86	65	0	7
0	79	0	87	65	0	10
0	79	0	72	64	0	1
0	79	0	73	64	0	2
0	79	0	75	64	0	0
0	79	0	76	64	0	1
0	79	0	77	64	0	0
0	79	0	78	64	0	6
0	79	0	79	64	0	5
0	79	0	80	64	0	5
0	79	0	81	64	0	6
0	79	0	82	64	0	12
0	79	0	83	64	0	6
0	79	0	84	64	0	12
0	79	0	85	64	0	5
0	79	0	86	64	0	3
0	79	0	87	64	0	6
0	79	0	88	64	0	3
0	79	0	89	64	0	3
0	79	0	74	63	0	1
0	79	0	75	63	0	0
0	79	0	76	63	0	3
0	79	0	77	63	0	4
0	79	0	78	63	0	5
0	79	0	79	63	0	6
0	79	0	80	63	0	6
0	79	0	81	63	0	4
0	79	0	82	63	0	8
0	79	0	83	63	0	3
0	79	0	84	63	0	7
0	79	0	85	63	0	2
0	79	0	86	63	0	12
0	79	0	87	63	0	14
0	79	0	88	63	0	5
0	79	0	89	63	0	9
0	79	0	90	63	0	12
0	79	0	73	62	0	1
0	79	0	74	62	0	5
0	79	0	75	62	0	2
0	79	0	76	62	0	6
0	79	0	77	62	0	7
0	79	0	78	62	0	10
0	79	0	79	62	0	4
0	79	0	80	62	0	8
0	79	0	81	62	0	2
0	79	0	82	62	0	3
0	79	0	83	62	0	5
0	79	0	84	62	0	4
0	79	0	85	62	0	9
0	79	0	86	62	0	5
0	79	0	87	62	0	15
0	79	0	88	62	0	9
0	79	0	89	62	0	7
0	79	0	90	62	0	4
0	79	0	91	62	0	6
0	79	0	73	61	0	0
0	79	0	74	61	0	0
0	79	0	75	61	0	4
0	79	0	76	61	0	12
0	79	0	77	61	0	7
0	79	0	78	61	0	10
0	79	0	79	61	0	5
0	79	0	80	61	0	8
0	79	0	81	61	0	2
0	79	0	82	61	0	8
0	79	0	85	61	0	5
0	79	0	91	61	0	5
0	79	0	72	60	0	0
0	79	0	73	60	0	0
0	79	0	74	60	0	0
0	79	0	75	60	0	10
0	79	0	76	60	0	8
0	79	0	77	60	0	5
0	79	0	78	60	0	4
0	79	0	84	60	0	9
0	79	0	85	60	0	13
0	79	0	86	60	0	14
0	79	0	87	60	0	3
0	79	0	88	60	0	11
0	79	0	89	60	0	3
0	79	0	90	60	0	7
0	79	0	91	60	0	12
0	79	0	72	59	0	0
0	79	0	80	59	0	7
0	79	0	81	59	0	0
0	79	0	82	59	0	6
0	79	0	83	59	0	4
0	79	0	84	59	0	7
0	79	0	85	59	0	5
0	79	0	86	59	0	8
0	79	0	87	59	0	6
0	79	0	88	59	0	1
0	79	0	89	59	0	9
0	79	0	90	59	0	6
0	79	0	91	59	0	10
0	79	0	79	58	0	2
0	79	0	80	58	0	8
0	79	0	82	58	0	0
0	79	0	83	58	0	3
0	79	0	84	58	0	2
0	79	0	85	58	0	4
0	79	0	86	58	0	1
0	79	0	87	58	0	11
0	79	0	88	58	0	7
0	79	0	89	58	0	12
0	79	0	90	58	0	5
0	79	0	91	58	0	14
0	79	0	92	58	0	9
0	79	0	81	57	0	0
0	79	0	82	57	0	0
0	79	0	83	57	0	0
0	79	0	84	57	0	7
0	79	0	85	57	0	8
0	79	0	86	57	0	9
0	79	0	87	57	0	12
0	79	0	88	57	0	7
0	79	0	89	57	0	7
0	79	0	90	57	0	5
0	79	0	91	57	0	11
0	79	0	92	57	0	15
0	79	0	71	56	0	0
0	79	0	82	56	0	6
0	79	0	84	56	0	9
0	79	0	85	56	0	3
0	79	0	86	56	0	0
0	79	0	87	56	0	4
0	79	0	88	56	0	6
0	79	0	89	56	0	3
0	79	0	90	56	0	7
0	79	0	91	56	0	7
0	79	0	92	56	0	0
0	79	0	76	55	0	0
0	79	0	86	55	0	3
0	79	0	87	55	0	0
0	79	0	89	55	0	1
0	79	0	90	55	0	8
0	79	0	91	55	0	3
0	79	0	92	55	0	1
0	79	0	83	54	0	0
0	79	0	85	54	0	4
0	79	0	86	54	0	9
0	79	0	90	54	0	0
0	79	0	91	54	0	0
0	79	0	84	53	0	2
0	79	0	85	53	0	1
0	79	0	90	53	0	0
0	79	0	93	53	0	0
0	80	0	80	69	0	0
0	80	0	78	68	0	6
0	80	0	81	68	0	2
0	80	0	82	68	0	1
0	80	0	83	68	0	0
0	80	0	77	67	0	0
0	80	0	78	67	0	0
0	80	0	79	67	0	3
0	80	0	80	67	0	3
0	80	0	81	67	0	6
0	80	0	82	67	0	0
0	80	0	83	67	0	0
0	80	0	84	67	0	5
0	80	0	85	67	0	8
0	80	0	86	67	0	6
0	80	0	76	66	0	0
0	80	0	77	66	0	2
0	80	0	78	66	0	3
0	80	0	79	66	0	9
0	80	0	80	66	0	5
0	80	0	81	66	0	2
0	80	0	82	66	0	2
0	80	0	83	66	0	4
0	80	0	84	66	0	9
0	80	0	85	66	0	9
0	80	0	86	66	0	9
0	80	0	87	66	0	10
0	80	0	76	65	0	0
0	80	0	78	65	0	7
0	80	0	79	65	0	4
0	80	0	80	65	0	4
0	80	0	81	65	0	0
0	80	0	82	65	0	3
0	80	0	83	65	0	10
0	80	0	84	65	0	8
0	80	0	85	65	0	7
0	80	0	86	65	0	8
0	80	0	87	65	0	12
0	80	0	72	64	0	2
0	80	0	73	64	0	3
0	80	0	75	64	0	0
0	80	0	76	64	0	2
0	80	0	77	64	0	1
0	80	0	78	64	0	8
0	80	0	79	64	0	3
0	80	0	80	64	0	6
0	80	0	81	64	0	3
0	80	0	82	64	0	13
0	80	0	83	64	0	6
0	80	0	84	64	0	5
0	80	0	85	64	0	3
0	80	0	86	64	0	6
0	80	0	87	64	0	6
0	80	0	88	64	0	4
0	80	0	89	64	0	6
0	80	0	74	63	0	3
0	80	0	75	63	0	0
0	80	0	76	63	0	4
0	80	0	77	63	0	5
0	80	0	78	63	0	5
0	80	0	79	63	0	4
0	80	0	80	63	0	4
0	80	0	81	63	0	2
0	80	0	82	63	0	11
0	80	0	83	63	0	2
0	80	0	84	63	0	4
0	80	0	85	63	0	4
0	80	0	86	63	0	11
0	80	0	87	63	0	9
0	80	0	88	63	0	8
0	80	0	89	63	0	8
0	80	0	90	63	0	7
0	80	0	73	62	0	2
0	80	0	74	62	0	4
0	80	0	75	62	0	0
0	80	0	76	62	0	7
0	80	0	77	62	0	15
0	80	0	78	62	0	6
0	80	0	79	62	0	5
0	80	0	80	62	0	7
0	80	0	81	62	0	4
0	80	0	82	62	0	6
0	80	0	83	62	0	10
0	80	0	84	62	0	2
0	80	0	85	62	0	8
0	80	0	86	62	0	9
0	80	0	87	62	0	12
0	80	0	88	62	0	10
0	80	0	89	62	0	5
0	80	0	90	62	0	4
0	80	0	91	62	0	6
0	80	0	73	61	0	0
0	80	0	74	61	0	0
0	80	0	75	61	0	5
0	80	0	76	61	0	8
0	80	0	77	61	0	5
0	80	0	78	61	0	8
0	80	0	79	61	0	8
0	80	0	80	61	0	5
0	80	0	81	61	0	3
0	80	0	82	61	0	3
0	80	0	85	61	0	9
0	80	0	91	61	0	6
0	80	0	71	60	0	1
0	80	0	72	60	0	0
0	80	0	73	60	0	0
0	80	0	74	60	0	0
0	80	0	75	60	0	6
0	80	0	76	60	0	6
0	80	0	77	60	0	6
0	80	0	78	60	0	10
0	80	0	84	60	0	8
0	80	0	85	60	0	15
0	80	0	86	60	0	11
0	80	0	87	60	0	3
0	80	0	88	60	0	11
0	80	0	89	60	0	1
0	80	0	90	60	0	8
0	80	0	91	60	0	11
0	80	0	72	59	0	0
0	80	0	80	59	0	10
0	80	0	81	59	0	0
0	80	0	82	59	0	8
0	80	0	83	59	0	5
0	80	0	84	59	0	7
0	80	0	85	59	0	4
0	80	0	86	59	0	6
0	80	0	87	59	0	11
0	80	0	88	59	0	0
0	80	0	89	59	0	8
0	80	0	90	59	0	11
0	80	0	91	59	0	7
0	80	0	79	58	0	3
0	80	0	80	58	0	9
0	80	0	82	58	0	0
0	80	0	83	58	0	3
0	80	0	84	58	0	2
0	80	0	85	58	0	7
0	80	0	86	58	0	3
0	80	0	87	58	0	8
0	80	0	88	58	0	7
0	80	0	89	58	0	14
0	80	0	90	58	0	2
0	80	0	91	58	0	12
0	80	0	92	58	0	6
0	80	0	81	57	0	0
0	80	0	82	57	0	1
0	80	0	83	57	0	0
0	80	0	84	57	0	8
0	80	0	85	57	0	7
0	80	0	86	57	0	10
0	80	0	87	57	0	9
0	80	0	88	57	0	5
0	80	0	89	57	0	8
0	80	0	90	57	0	2
0	80	0	91	57	0	11
0	80	0	92	57	0	21
0	80	0	71	56	0	0
0	80	0	82	56	0	6
0	80	0	84	56	0	8
0	80	0	85	56	0	4
0	80	0	86	56	0	1
0	80	0	87	56	0	3
0	80	0	88	56	0	2
0	80	0	89	56	0	4
0	80	0	90	56	0	9
0	80	0	91	56	0	5
0	80	0	92	56	0	0
0	80	0	76	55	0	0
0	80	0	86	55	0	13
0	80	0	87	55	0	0
0	80	0	89	55	0	1
0	80	0	90	55	0	13
0	80	0	91	55	0	2
0	80	0	92	55	0	1
0	80	0	83	54	0	0
0	80	0	85	54	0	1
0	80	0	86	54	0	8
0	80	0	90	54	0	0
0	80	0	91	54	0	1
0	80	0	83	53	0	1
0	80	0	84	53	0	0
0	80	0	85	53	0	1
0	80	0	90	53	0	0
0	80	0	93	53	0	0
0	81	0	80	69	0	0
0	81	0	78	68	0	6
0	81	0	81	68	0	1
0	81	0	82	68	0	0
0	81	0	83	68	0	0
0	81	0	77	67	0	0
0	81	0	78	67	0	0
0	81	0	79	67	0	3
0	81	0	80	67	0	1
0	81	0	81	67	0	7
0	81	0	82	67	0	0
0	81	0	83	67	0	0
0	81	0	84	67	0	4
0	81	0	85	67	0	4
0	81	0	86	67	0	8
0	81	0	76	66	0	0
0	81	0	77	66	0	2
0	81	0	78	66	0	4
0	81	0	79	66	0	9
0	81	0	80	66	0	5
0	81	0	81	66	0	7
0	81	0	82	66	0	3
0	81	0	83	66	0	5
0	81	0	84	66	0	8
0	81	0	85	66	0	8
0	81	0	86	66	0	12
0	81	0	87	66	0	14
0	81	0	76	65	0	0
0	81	0	78	65	0	7
0	81	0	79	65	0	5
0	81	0	80	65	0	6
0	81	0	81	65	0	1
0	81	0	82	65	0	5
0	81	0	83	65	0	7
0	81	0	84	65	0	8
0	81	0	85	65	0	10
0	81	0	86	65	0	9
0	81	0	87	65	0	10
0	81	0	72	64	0	0
0	81	0	73	64	0	2
0	81	0	75	64	0	1
0	81	0	76	64	0	6
0	81	0	77	64	0	4
0	81	0	78	64	0	9
0	81	0	79	64	0	2
0	81	0	80	64	0	6
0	81	0	81	64	0	4
0	81	0	82	64	0	7
0	81	0	83	64	0	11
0	81	0	84	64	0	7
0	81	0	85	64	0	8
0	81	0	86	64	0	9
0	81	0	87	64	0	10
0	81	0	88	64	0	9
0	81	0	89	64	0	5
0	81	0	74	63	0	2
0	81	0	75	63	0	0
0	81	0	76	63	0	9
0	81	0	77	63	0	2
0	81	0	78	63	0	7
0	81	0	79	63	0	9
0	81	0	80	63	0	5
0	81	0	81	63	0	6
0	81	0	82	63	0	11
0	81	0	83	63	0	5
0	81	0	84	63	0	2
0	81	0	85	63	0	10
0	81	0	86	63	0	7
0	81	0	87	63	0	9
0	81	0	88	63	0	14
0	81	0	89	63	0	9
0	81	0	90	63	0	8
0	81	0	73	62	0	5
0	81	0	74	62	0	6
0	81	0	75	62	0	2
0	81	0	76	62	0	7
0	81	0	77	62	0	16
0	81	0	78	62	0	3
0	81	0	79	62	0	7
0	81	0	80	62	0	10
0	81	0	81	62	0	3
0	81	0	82	62	0	6
0	81	0	83	62	0	12
0	81	0	84	62	0	4
0	81	0	85	62	0	9
0	81	0	86	62	0	10
0	81	0	87	62	0	6
0	81	0	88	62	0	13
0	81	0	89	62	0	8
0	81	0	90	62	0	8
0	81	0	91	62	0	3
0	81	0	73	61	0	0
0	81	0	74	61	0	0
0	81	0	75	61	0	3
0	81	0	76	61	0	14
0	81	0	77	61	0	9
0	81	0	78	61	0	8
0	81	0	79	61	0	7
0	81	0	80	61	0	6
0	81	0	81	61	0	6
0	81	0	82	61	0	5
0	81	0	85	61	0	6
0	81	0	91	61	0	4
0	81	0	71	60	0	1
0	81	0	72	60	0	0
0	81	0	73	60	0	0
0	81	0	74	60	0	0
0	81	0	75	60	0	7
0	81	0	76	60	0	3
0	81	0	77	60	0	10
0	81	0	78	60	0	9
0	81	0	84	60	0	15
0	81	0	85	60	0	13
0	81	0	86	60	0	12
0	81	0	87	60	0	1
0	81	0	88	60	0	11
0	81	0	89	60	0	1
0	81	0	90	60	0	8
0	81	0	91	60	0	10
0	81	0	72	59	0	0
0	81	0	80	59	0	8
0	81	0	81	59	0	0
0	81	0	82	59	0	8
0	81	0	83	59	0	8
0	81	0	84	59	0	7
0	81	0	85	59	0	5
0	81	0	86	59	0	5
0	81	0	87	59	0	13
0	81	0	88	59	0	0
0	81	0	89	59	0	7
0	81	0	90	59	0	11
0	81	0	91	59	0	8
0	81	0	79	58	0	5
0	81	0	80	58	0	9
0	81	0	82	58	0	0
0	81	0	83	58	0	6
0	81	0	84	58	0	2
0	81	0	85	58	0	9
0	81	0	86	58	0	5
0	81	0	87	58	0	10
0	81	0	88	58	0	6
0	81	0	89	58	0	12
0	81	0	90	58	0	3
0	81	0	91	58	0	6
0	81	0	92	58	0	12
0	81	0	79	57	0	1
0	81	0	81	57	0	0
0	81	0	82	57	0	1
0	81	0	83	57	0	0
0	81	0	84	57	0	10
0	81	0	85	57	0	8
0	81	0	86	57	0	11
0	81	0	87	57	0	9
0	81	0	88	57	0	3
0	81	0	89	57	0	10
0	81	0	90	57	0	2
0	81	0	91	57	0	9
0	81	0	92	57	0	16
0	81	0	79	56	0	1
0	81	0	82	56	0	4
0	81	0	84	56	0	9
0	81	0	85	56	0	4
0	81	0	86	56	0	2
0	81	0	87	56	0	3
0	81	0	88	56	0	4
0	81	0	89	56	0	0
0	81	0	90	56	0	9
0	81	0	91	56	0	3
0	81	0	92	56	0	0
0	81	0	76	55	0	0
0	81	0	86	55	0	11
0	81	0	87	55	0	1
0	81	0	89	55	0	3
0	81	0	90	55	0	9
0	81	0	91	55	0	2
0	81	0	92	55	0	1
0	81	0	83	54	0	0
0	81	0	85	54	0	1
0	81	0	86	54	0	9
0	81	0	90	54	0	1
0	81	0	91	54	0	0
0	81	0	83	53	0	1
0	81	0	84	53	0	0
0	81	0	85	53	0	0
0	81	0	90	53	0	0
0	81	0	93	53	0	0
0	82	0	78	70	0	1
0	82	0	80	69	0	0
0	82	0	78	68	0	7
0	82	0	79	68	0	2
0	82	0	81	68	0	2
0	82	0	82	68	0	0
0	82	0	83	68	0	0
0	82	0	77	67	0	0
0	82	0	78	67	0	0
0	82	0	79	67	0	5
0	82	0	80	67	0	1
0	82	0	81	67	0	11
0	82	0	82	67	0	0
0	82	0	83	67	0	0
0	82	0	84	67	0	5
0	82	0	85	67	0	8
0	82	0	86	67	0	4
0	82	0	76	66	0	0
0	82	0	77	66	0	2
0	82	0	78	66	0	4
0	82	0	79	66	0	11
0	82	0	80	66	0	8
0	82	0	81	66	0	9
0	82	0	82	66	0	1
0	82	0	83	66	0	9
0	82	0	84	66	0	13
0	82	0	85	66	0	9
0	82	0	86	66	0	14
0	82	0	87	66	0	11
0	82	0	76	65	0	0
0	82	0	77	65	0	2
0	82	0	78	65	0	7
0	82	0	79	65	0	4
0	82	0	80	65	0	4
0	82	0	81	65	0	3
0	82	0	82	65	0	6
0	82	0	83	65	0	9
0	82	0	84	65	0	10
0	82	0	85	65	0	15
0	82	0	86	65	0	10
0	82	0	87	65	0	11
0	82	0	72	64	0	0
0	82	0	73	64	0	2
0	82	0	75	64	0	2
0	82	0	76	64	0	3
0	82	0	77	64	0	8
0	82	0	78	64	0	9
0	82	0	79	64	0	3
0	82	0	80	64	0	7
0	82	0	81	64	0	5
0	82	0	82	64	0	4
0	82	0	83	64	0	12
0	82	0	84	64	0	9
0	82	0	85	64	0	6
0	82	0	86	64	0	10
0	82	0	87	64	0	5
0	82	0	88	64	0	10
0	82	0	89	64	0	7
0	82	0	74	63	0	3
0	82	0	75	63	0	1
0	82	0	76	63	0	8
0	82	0	77	63	0	2
0	82	0	78	63	0	8
0	82	0	79	63	0	5
0	82	0	80	63	0	5
0	82	0	81	63	0	6
0	82	0	82	63	0	1
0	82	0	83	63	0	9
0	82	0	84	63	0	3
0	82	0	85	63	0	13
0	82	0	86	63	0	9
0	82	0	87	63	0	12
0	82	0	88	63	0	15
0	82	0	89	63	0	7
0	82	0	90	63	0	3
0	82	0	73	62	0	7
0	82	0	74	62	0	11
0	82	0	75	62	0	2
0	82	0	76	62	0	7
0	82	0	77	62	0	12
0	82	0	78	62	0	2
0	82	0	79	62	0	10
0	82	0	80	62	0	13
0	82	0	81	62	0	5
0	82	0	82	62	0	7
0	82	0	83	62	0	10
0	82	0	84	62	0	5
0	82	0	85	62	0	5
0	82	0	86	62	0	10
0	82	0	87	62	0	7
0	82	0	88	62	0	11
0	82	0	89	62	0	6
0	82	0	90	62	0	10
0	82	0	91	62	0	3
0	82	0	73	61	0	0
0	82	0	74	61	0	1
0	82	0	75	61	0	3
0	82	0	76	61	0	11
0	82	0	77	61	0	14
0	82	0	78	61	0	6
0	82	0	79	61	0	8
0	82	0	80	61	0	9
0	82	0	81	61	0	5
0	82	0	82	61	0	9
0	82	0	85	61	0	14
0	82	0	91	61	0	5
0	82	0	71	60	0	0
0	82	0	72	60	0	0
0	82	0	73	60	0	0
0	82	0	74	60	0	0
0	82	0	75	60	0	1
0	82	0	76	60	0	4
0	82	0	77	60	0	11
0	82	0	78	60	0	12
0	82	0	85	60	0	10
0	82	0	86	60	0	13
0	82	0	87	60	0	2
0	82	0	88	60	0	10
0	82	0	89	60	0	2
0	82	0	90	60	0	9
0	82	0	91	60	0	11
0	82	0	72	59	0	0
0	82	0	81	59	0	0
0	82	0	82	59	0	9
0	82	0	83	59	0	9
0	82	0	84	59	0	5
0	82	0	85	59	0	9
0	82	0	86	59	0	8
0	82	0	87	59	0	9
0	82	0	88	59	0	1
0	82	0	89	59	0	5
0	82	0	90	59	0	17
0	82	0	91	59	0	8
0	82	0	79	58	0	7
0	82	0	80	58	0	4
0	82	0	82	58	0	1
0	82	0	83	58	0	7
0	82	0	84	58	0	5
0	82	0	85	58	0	5
0	82	0	86	58	0	3
0	82	0	87	58	0	9
0	82	0	88	58	0	5
0	82	0	89	58	0	13
0	82	0	90	58	0	1
0	82	0	91	58	0	3
0	82	0	92	58	0	8
0	82	0	76	57	0	1
0	82	0	79	57	0	0
0	82	0	81	57	0	1
0	82	0	82	57	0	2
0	82	0	83	57	0	2
0	82	0	84	57	0	13
0	82	0	85	57	0	8
0	82	0	86	57	0	8
0	82	0	87	57	0	7
0	82	0	88	57	0	10
0	82	0	89	57	0	12
0	82	0	90	57	0	2
0	82	0	91	57	0	8
0	82	0	92	57	0	18
0	82	0	79	56	0	2
0	82	0	82	56	0	4
0	82	0	84	56	0	8
0	82	0	85	56	0	8
0	82	0	86	56	0	0
0	82	0	87	56	0	3
0	82	0	88	56	0	4
0	82	0	89	56	0	0
0	82	0	90	56	0	8
0	82	0	91	56	0	5
0	82	0	92	56	0	0
0	82	0	76	55	0	0
0	82	0	82	55	0	1
0	82	0	86	55	0	11
0	82	0	87	55	0	3
0	82	0	89	55	0	3
0	82	0	90	55	0	9
0	82	0	91	55	0	1
0	82	0	92	55	0	1
0	82	0	80	54	0	1
0	82	0	81	54	0	1
0	82	0	82	54	0	1
0	82	0	83	54	0	0
0	82	0	85	54	0	1
0	82	0	86	54	0	16
0	82	0	90	54	0	0
0	82	0	91	54	0	0
0	82	0	92	54	0	1
0	82	0	83	53	0	0
0	82	0	84	53	0	0
0	82	0	85	53	0	0
0	82	0	90	53	0	0
0	82	0	93	53	0	0
0	83	0	78	70	0	6
0	83	0	80	69	0	0
0	83	0	81	69	0	1
0	83	0	78	68	0	12
0	83	0	79	68	0	5
0	83	0	80	68	0	1
0	83	0	81	68	0	0
0	83	0	82	68	0	0
0	83	0	83	68	0	0
0	83	0	77	67	0	1
0	83	0	78	67	0	0
0	83	0	79	67	0	6
0	83	0	80	67	0	5
0	83	0	81	67	0	15
0	83	0	82	67	0	0
0	83	0	83	67	0	0
0	83	0	84	67	0	8
0	83	0	85	67	0	12
0	83	0	86	67	0	3
0	83	0	76	66	0	0
0	83	0	77	66	0	2
0	83	0	78	66	0	4
0	83	0	79	66	0	9
0	83	0	80	66	0	8
0	83	0	81	66	0	9
0	83	0	82	66	0	0
0	83	0	83	66	0	8
0	83	0	84	66	0	12
0	83	0	85	66	0	8
0	83	0	86	66	0	12
0	83	0	87	66	0	5
0	83	0	76	65	0	0
0	83	0	77	65	0	4
0	83	0	78	65	0	8
0	83	0	79	65	0	3
0	83	0	80	65	0	3
0	83	0	81	65	0	2
0	83	0	82	65	0	10
0	83	0	83	65	0	5
0	83	0	84	65	0	10
0	83	0	85	65	0	14
0	83	0	86	65	0	8
0	83	0	87	65	0	13
0	83	0	72	64	0	0
0	83	0	73	64	0	3
0	83	0	74	64	0	1
0	83	0	75	64	0	2
0	83	0	76	64	0	5
0	83	0	77	64	0	8
0	83	0	78	64	0	12
0	83	0	79	64	0	3
0	83	0	80	64	0	10
0	83	0	81	64	0	1
0	83	0	82	64	0	5
0	83	0	83	64	0	9
0	83	0	84	64	0	10
0	83	0	85	64	0	9
0	83	0	86	64	0	10
0	83	0	87	64	0	10
0	83	0	88	64	0	11
0	83	0	89	64	0	10
0	83	0	74	63	0	3
0	83	0	75	63	0	1
0	83	0	76	63	0	7
0	83	0	77	63	0	3
0	83	0	78	63	0	9
0	83	0	79	63	0	7
0	83	0	80	63	0	5
0	83	0	81	63	0	5
0	83	0	82	63	0	0
0	83	0	83	63	0	8
0	83	0	84	63	0	1
0	83	0	85	63	0	16
0	83	0	86	63	0	10
0	83	0	87	63	0	7
0	83	0	88	63	0	17
0	83	0	89	63	0	5
0	83	0	90	63	0	3
0	83	0	73	62	0	4
0	83	0	74	62	0	14
0	83	0	75	62	0	2
0	83	0	76	62	0	11
0	83	0	77	62	0	12
0	83	0	78	62	0	4
0	83	0	79	62	0	10
0	83	0	80	62	0	10
0	83	0	81	62	0	6
0	83	0	82	62	0	6
0	83	0	83	62	0	8
0	83	0	84	62	0	5
0	83	0	85	62	0	12
0	83	0	86	62	0	11
0	83	0	87	62	0	2
0	83	0	88	62	0	10
0	83	0	89	62	0	3
0	83	0	90	62	0	11
0	83	0	91	62	0	6
0	83	0	73	61	0	0
0	83	0	74	61	0	1
0	83	0	75	61	0	4
0	83	0	76	61	0	8
0	83	0	77	61	0	10
0	83	0	78	61	0	8
0	83	0	79	61	0	9
0	83	0	80	61	0	8
0	83	0	81	61	0	7
0	83	0	82	61	0	15
0	83	0	85	61	0	13
0	83	0	91	61	0	7
0	83	0	71	60	0	0
0	83	0	72	60	0	0
0	83	0	73	60	0	0
0	83	0	74	60	0	1
0	83	0	75	60	0	0
0	83	0	76	60	0	4
0	83	0	77	60	0	7
0	83	0	78	60	0	10
0	83	0	85	60	0	6
0	83	0	86	60	0	12
0	83	0	87	60	0	5
0	83	0	88	60	0	8
0	83	0	89	60	0	2
0	83	0	90	60	0	4
0	83	0	91	60	0	5
0	83	0	72	59	0	0
0	83	0	81	59	0	0
0	83	0	82	59	0	12
0	83	0	83	59	0	10
0	83	0	84	59	0	3
0	83	0	85	59	0	13
0	83	0	86	59	0	9
0	83	0	87	59	0	4
0	83	0	88	59	0	5
0	83	0	89	59	0	7
0	83	0	90	59	0	8
0	83	0	91	59	0	8
0	83	0	79	58	0	9
0	83	0	80	58	0	3
0	83	0	81	58	0	1
0	83	0	82	58	0	0
0	83	0	83	58	0	9
0	83	0	84	58	0	5
0	83	0	85	58	0	8
0	83	0	86	58	0	10
0	83	0	87	58	0	6
0	83	0	88	58	0	7
0	83	0	89	58	0	11
0	83	0	90	58	0	2
0	83	0	91	58	0	1
0	83	0	92	58	0	9
0	83	0	76	57	0	1
0	83	0	79	57	0	1
0	83	0	81	57	0	0
0	83	0	82	57	0	2
0	83	0	83	57	0	1
0	83	0	84	57	0	10
0	83	0	85	57	0	12
0	83	0	86	57	0	7
0	83	0	87	57	0	9
0	83	0	88	57	0	6
0	83	0	89	57	0	13
0	83	0	90	57	0	2
0	83	0	91	57	0	7
0	83	0	92	57	0	16
0	83	0	78	56	0	1
0	83	0	79	56	0	2
0	83	0	82	56	0	3
0	83	0	84	56	0	3
0	83	0	85	56	0	10
0	83	0	86	56	0	0
0	83	0	87	56	0	6
0	83	0	88	56	0	5
0	83	0	89	56	0	0
0	83	0	90	56	0	8
0	83	0	91	56	0	5
0	83	0	92	56	0	0
0	83	0	76	55	0	0
0	83	0	82	55	0	0
0	83	0	86	55	0	15
0	83	0	87	55	0	1
0	83	0	89	55	0	2
0	83	0	90	55	0	7
0	83	0	91	55	0	1
0	83	0	92	55	0	2
0	83	0	80	54	0	1
0	83	0	81	54	0	1
0	83	0	82	54	0	1
0	83	0	83	54	0	0
0	83	0	85	54	0	1
0	83	0	86	54	0	15
0	83	0	90	54	0	0
0	83	0	91	54	0	0
0	83	0	92	54	0	3
0	83	0	83	53	0	1
0	83	0	84	53	0	0
0	83	0	85	53	0	0
0	83	0	90	53	0	0
0	83	0	93	53	0	0
0	84	0	78	70	0	6
0	84	0	80	69	0	0
0	84	0	81	69	0	4
0	84	0	78	68	0	14
0	84	0	79	68	0	4
0	84	0	80	68	0	0
0	84	0	81	68	0	2
0	84	0	82	68	0	0
0	84	0	83	68	0	0
0	84	0	77	67	0	0
0	84	0	78	67	0	0
0	84	0	79	67	0	6
0	84	0	80	67	0	5
0	84	0	81	67	0	6
0	84	0	82	67	0	0
0	84	0	83	67	0	0
0	84	0	84	67	0	7
0	84	0	85	67	0	6
0	84	0	86	67	0	7
0	84	0	76	66	0	0
0	84	0	77	66	0	4
0	84	0	78	66	0	4
0	84	0	79	66	0	9
0	84	0	80	66	0	17
0	84	0	81	66	0	11
0	84	0	82	66	0	0
0	84	0	83	66	0	10
0	84	0	84	66	0	11
0	84	0	85	66	0	13
0	84	0	86	66	0	7
0	84	0	87	66	0	6
0	84	0	76	65	0	1
0	84	0	77	65	0	5
0	84	0	78	65	0	6
0	84	0	79	65	0	4
0	84	0	80	65	0	2
0	84	0	81	65	0	2
0	84	0	82	65	0	11
0	84	0	83	65	0	3
0	84	0	84	65	0	10
0	84	0	85	65	0	11
0	84	0	86	65	0	5
0	84	0	87	65	0	14
0	84	0	72	64	0	0
0	84	0	73	64	0	3
0	84	0	74	64	0	0
0	84	0	75	64	0	0
0	84	0	76	64	0	7
0	84	0	77	64	0	6
0	84	0	78	64	0	13
0	84	0	79	64	0	5
0	84	0	80	64	0	7
0	84	0	81	64	0	2
0	84	0	82	64	0	4
0	84	0	83	64	0	7
0	84	0	84	64	0	8
0	84	0	85	64	0	11
0	84	0	86	64	0	9
0	84	0	87	64	0	9
0	84	0	88	64	0	12
0	84	0	89	64	0	14
0	84	0	74	63	0	5
0	84	0	75	63	0	3
0	84	0	76	63	0	6
0	84	0	77	63	0	5
0	84	0	78	63	0	12
0	84	0	79	63	0	7
0	84	0	80	63	0	10
0	84	0	81	63	0	4
0	84	0	82	63	0	3
0	84	0	83	63	0	5
0	84	0	84	63	0	3
0	84	0	85	63	0	17
0	84	0	86	63	0	8
0	84	0	87	63	0	4
0	84	0	88	63	0	17
0	84	0	89	63	0	11
0	84	0	90	63	0	2
0	84	0	73	62	0	1
0	84	0	74	62	0	10
0	84	0	75	62	0	3
0	84	0	76	62	0	10
0	84	0	77	62	0	8
0	84	0	78	62	0	8
0	84	0	79	62	0	17
0	84	0	80	62	0	12
0	84	0	81	62	0	6
0	84	0	82	62	0	4
0	84	0	83	62	0	10
0	84	0	84	62	0	2
0	84	0	85	62	0	11
0	84	0	86	62	0	11
0	84	0	87	62	0	4
0	84	0	88	62	0	10
0	84	0	89	62	0	5
0	84	0	90	62	0	15
0	84	0	91	62	0	4
0	84	0	73	61	0	0
0	84	0	74	61	0	2
0	84	0	75	61	0	3
0	84	0	76	61	0	7
0	84	0	77	61	0	14
0	84	0	78	61	0	13
0	84	0	79	61	0	10
0	84	0	80	61	0	10
0	84	0	81	61	0	7
0	84	0	82	61	0	11
0	84	0	85	61	0	9
0	84	0	91	61	0	10
0	84	0	71	60	0	0
0	84	0	72	60	0	0
0	84	0	73	60	0	0
0	84	0	74	60	0	1
0	84	0	75	60	0	0
0	84	0	76	60	0	5
0	84	0	77	60	0	5
0	84	0	78	60	0	9
0	84	0	85	60	0	5
0	84	0	86	60	0	10
0	84	0	87	60	0	9
0	84	0	88	60	0	7
0	84	0	89	60	0	6
0	84	0	90	60	0	5
0	84	0	91	60	0	3
0	84	0	72	59	0	0
0	84	0	81	59	0	0
0	84	0	82	59	0	7
0	84	0	83	59	0	10
0	84	0	84	59	0	3
0	84	0	85	59	0	9
0	84	0	86	59	0	8
0	84	0	87	59	0	5
0	84	0	88	59	0	6
0	84	0	89	59	0	9
0	84	0	90	59	0	4
0	84	0	91	59	0	4
0	84	0	79	58	0	4
0	84	0	80	58	0	5
0	84	0	81	58	0	0
0	84	0	82	58	0	0
0	84	0	83	58	0	11
0	84	0	84	58	0	4
0	84	0	85	58	0	11
0	84	0	86	58	0	12
0	84	0	87	58	0	4
0	84	0	88	58	0	4
0	84	0	89	58	0	8
0	84	0	90	58	0	3
0	84	0	91	58	0	2
0	84	0	92	58	0	15
0	84	0	76	57	0	2
0	84	0	79	57	0	1
0	84	0	81	57	0	0
0	84	0	82	57	0	8
0	84	0	83	57	0	0
0	84	0	84	57	0	11
0	84	0	85	57	0	10
0	84	0	86	57	0	5
0	84	0	87	57	0	7
0	84	0	88	57	0	7
0	84	0	89	57	0	8
0	84	0	90	57	0	0
0	84	0	91	57	0	9
0	84	0	92	57	0	14
0	84	0	78	56	0	1
0	84	0	79	56	0	0
0	84	0	82	56	0	3
0	84	0	84	56	0	2
0	84	0	85	56	0	9
0	84	0	86	56	0	1
0	84	0	87	56	0	9
0	84	0	88	56	0	5
0	84	0	89	56	0	0
0	84	0	90	56	0	6
0	84	0	91	56	0	6
0	84	0	92	56	0	1
0	84	0	76	55	0	0
0	84	0	78	55	0	1
0	84	0	82	55	0	0
0	84	0	86	55	0	11
0	84	0	87	55	0	3
0	84	0	89	55	0	3
0	84	0	90	55	0	8
0	84	0	91	55	0	0
0	84	0	92	55	0	1
0	84	0	80	54	0	3
0	84	0	81	54	0	3
0	84	0	82	54	0	0
0	84	0	83	54	0	0
0	84	0	84	54	0	1
0	84	0	85	54	0	1
0	84	0	86	54	0	13
0	84	0	89	54	0	1
0	84	0	90	54	0	0
0	84	0	91	54	0	0
0	84	0	92	54	0	7
0	84	0	83	53	0	0
0	84	0	84	53	0	1
0	84	0	85	53	0	0
0	84	0	90	53	0	0
0	84	0	93	53	0	0
0	85	0	78	70	0	2
0	85	0	79	70	0	1
0	85	0	79	69	0	1
0	85	0	80	69	0	0
0	85	0	81	69	0	4
0	85	0	78	68	0	9
0	85	0	79	68	0	7
0	85	0	80	68	0	0
0	85	0	81	68	0	2
0	85	0	82	68	0	2
0	85	0	83	68	0	0
0	85	0	77	67	0	0
0	85	0	78	67	0	0
0	85	0	79	67	0	8
0	85	0	80	67	0	3
0	85	0	81	67	0	6
0	85	0	82	67	0	0
0	85	0	83	67	0	2
0	85	0	84	67	0	4
0	85	0	85	67	0	8
0	85	0	86	67	0	7
0	85	0	76	66	0	0
0	85	0	77	66	0	6
0	85	0	78	66	0	3
0	85	0	79	66	0	7
0	85	0	80	66	0	6
0	85	0	81	66	0	6
0	85	0	82	66	0	1
0	85	0	83	66	0	10
0	85	0	84	66	0	12
0	85	0	85	66	0	14
0	85	0	86	66	0	6
0	85	0	87	66	0	6
0	85	0	74	65	0	1
0	85	0	76	65	0	0
0	85	0	77	65	0	9
0	85	0	78	65	0	10
0	85	0	79	65	0	6
0	85	0	80	65	0	6
0	85	0	81	65	0	0
0	85	0	82	65	0	12
0	85	0	83	65	0	4
0	85	0	84	65	0	5
0	85	0	85	65	0	4
0	85	0	86	65	0	8
0	85	0	87	65	0	14
0	85	0	72	64	0	0
0	85	0	73	64	0	2
0	85	0	74	64	0	0
0	85	0	75	64	0	0
0	85	0	76	64	0	13
0	85	0	77	64	0	9
0	85	0	78	64	0	12
0	85	0	79	64	0	6
0	85	0	80	64	0	10
0	85	0	81	64	0	1
0	85	0	82	64	0	4
0	85	0	83	64	0	4
0	85	0	84	64	0	10
0	85	0	85	64	0	15
0	85	0	86	64	0	10
0	85	0	87	64	0	7
0	85	0	88	64	0	12
0	85	0	89	64	0	15
0	85	0	74	63	0	3
0	85	0	75	63	0	1
0	85	0	76	63	0	6
0	85	0	77	63	0	4
0	85	0	78	63	0	8
0	85	0	79	63	0	11
0	85	0	80	63	0	4
0	85	0	81	63	0	4
0	85	0	82	63	0	3
0	85	0	83	63	0	6
0	85	0	84	63	0	6
0	85	0	85	63	0	22
0	85	0	86	63	0	9
0	85	0	87	63	0	3
0	85	0	88	63	0	10
0	85	0	89	63	0	9
0	85	0	90	63	0	2
0	85	0	73	62	0	1
0	85	0	74	62	0	11
0	85	0	75	62	0	10
0	85	0	76	62	0	10
0	85	0	77	62	0	3
0	85	0	78	62	0	9
0	85	0	79	62	0	10
0	85	0	80	62	0	9
0	85	0	81	62	0	5
0	85	0	82	62	0	10
0	85	0	83	62	0	10
0	85	0	84	62	0	3
0	85	0	85	62	0	8
0	85	0	86	62	0	14
0	85	0	87	62	0	2
0	85	0	88	62	0	10
0	85	0	89	62	0	11
0	85	0	90	62	0	14
0	85	0	91	62	0	4
0	85	0	72	61	0	1
0	85	0	73	61	0	0
0	85	0	74	61	0	3
0	85	0	75	61	0	5
0	85	0	76	61	0	1
0	85	0	77	61	0	6
0	85	0	78	61	0	7
0	85	0	79	61	0	11
0	85	0	80	61	0	8
0	85	0	81	61	0	5
0	85	0	82	61	0	9
0	85	0	85	61	0	7
0	85	0	91	61	0	7
0	85	0	71	60	0	0
0	85	0	72	60	0	0
0	85	0	73	60	0	0
0	85	0	74	60	0	2
0	85	0	75	60	0	0
0	85	0	76	60	0	7
0	85	0	77	60	0	8
0	85	0	78	60	0	13
0	85	0	85	60	0	4
0	85	0	86	60	0	6
0	85	0	87	60	0	8
0	85	0	88	60	0	3
0	85	0	89	60	0	2
0	85	0	90	60	0	5
0	85	0	91	60	0	4
0	85	0	72	59	0	0
0	85	0	81	59	0	0
0	85	0	82	59	0	5
0	85	0	83	59	0	10
0	85	0	84	59	0	4
0	85	0	85	59	0	11
0	85	0	86	59	0	13
0	85	0	87	59	0	9
0	85	0	88	59	0	8
0	85	0	89	59	0	5
0	85	0	90	59	0	2
0	85	0	91	59	0	1
0	85	0	79	58	0	6
0	85	0	80	58	0	4
0	85	0	81	58	0	0
0	85	0	82	58	0	0
0	85	0	83	58	0	15
0	85	0	84	58	0	3
0	85	0	85	58	0	4
0	85	0	86	58	0	13
0	85	0	87	58	0	9
0	85	0	88	58	0	4
0	85	0	89	58	0	8
0	85	0	90	58	0	7
0	85	0	91	58	0	2
0	85	0	92	58	0	8
0	85	0	76	57	0	4
0	85	0	79	57	0	3
0	85	0	81	57	0	0
0	85	0	82	57	0	6
0	85	0	83	57	0	1
0	85	0	84	57	0	12
0	85	0	85	57	0	6
0	85	0	86	57	0	9
0	85	0	87	57	0	4
0	85	0	88	57	0	9
0	85	0	89	57	0	6
0	85	0	90	57	0	0
0	85	0	91	57	0	4
0	85	0	92	57	0	9
0	85	0	78	56	0	1
0	85	0	79	56	0	0
0	85	0	82	56	0	4
0	85	0	84	56	0	4
0	85	0	85	56	0	10
0	85	0	86	56	0	2
0	85	0	87	56	0	11
0	85	0	88	56	0	3
0	85	0	89	56	0	1
0	85	0	90	56	0	5
0	85	0	91	56	0	6
0	85	0	92	56	0	3
0	85	0	76	55	0	0
0	85	0	78	55	0	4
0	85	0	79	55	0	1
0	85	0	81	55	0	1
0	85	0	82	55	0	0
0	85	0	86	55	0	9
0	85	0	87	55	0	1
0	85	0	89	55	0	3
0	85	0	90	55	0	2
0	85	0	91	55	0	1
0	85	0	92	55	0	1
0	85	0	80	54	0	1
0	85	0	81	54	0	4
0	85	0	82	54	0	0
0	85	0	83	54	0	0
0	85	0	84	54	0	0
0	85	0	85	54	0	0
0	85	0	86	54	0	14
0	85	0	89	54	0	0
0	85	0	90	54	0	1
0	85	0	91	54	0	0
0	85	0	92	54	0	10
0	85	0	83	53	0	0
0	85	0	84	53	0	1
0	85	0	85	53	0	0
0	85	0	90	53	0	0
0	85	0	92	53	0	1
0	85	0	93	53	0	0
0	85	0	80	52	0	1
0	86	0	78	70	0	0
0	86	0	79	70	0	0
0	86	0	79	69	0	2
0	86	0	80	69	0	0
0	86	0	81	69	0	5
0	86	0	78	68	0	9
0	86	0	79	68	0	9
0	86	0	80	68	0	1
0	86	0	81	68	0	2
0	86	0	82	68	0	2
0	86	0	83	68	0	1
0	86	0	77	67	0	0
0	86	0	78	67	0	2
0	86	0	79	67	0	7
0	86	0	80	67	0	4
0	86	0	81	67	0	14
0	86	0	82	67	0	1
0	86	0	83	67	0	2
0	86	0	84	67	0	3
0	86	0	85	67	0	6
0	86	0	86	67	0	8
0	86	0	76	66	0	0
0	86	0	77	66	0	5
0	86	0	78	66	0	4
0	86	0	79	66	0	7
0	86	0	80	66	0	6
0	86	0	81	66	0	13
0	86	0	82	66	0	1
0	86	0	83	66	0	4
0	86	0	84	66	0	13
0	86	0	85	66	0	14
0	86	0	86	66	0	4
0	86	0	87	66	0	8
0	86	0	72	65	0	1
0	86	0	74	65	0	1
0	86	0	76	65	0	0
0	86	0	77	65	0	5
0	86	0	78	65	0	7
0	86	0	79	65	0	12
0	86	0	80	65	0	11
0	86	0	81	65	0	1
0	86	0	82	65	0	5
0	86	0	83	65	0	6
0	86	0	84	65	0	5
0	86	0	85	65	0	2
0	86	0	86	65	0	10
0	86	0	87	65	0	6
0	86	0	72	64	0	0
0	86	0	73	64	0	1
0	86	0	74	64	0	0
0	86	0	75	64	0	0
0	86	0	76	64	0	11
0	86	0	77	64	0	10
0	86	0	78	64	0	14
0	86	0	79	64	0	9
0	86	0	80	64	0	9
0	86	0	81	64	0	6
0	86	0	82	64	0	2
0	86	0	83	64	0	4
0	86	0	84	64	0	15
0	86	0	85	64	0	9
0	86	0	86	64	0	4
0	86	0	87	64	0	11
0	86	0	88	64	0	15
0	86	0	89	64	0	13
0	86	0	74	63	0	0
0	86	0	75	63	0	2
0	86	0	76	63	0	4
0	86	0	77	63	0	7
0	86	0	78	63	0	8
0	86	0	79	63	0	9
0	86	0	80	63	0	6
0	86	0	81	63	0	2
0	86	0	82	63	0	2
0	86	0	83	63	0	7
0	86	0	84	63	0	8
0	86	0	85	63	0	18
0	86	0	86	63	0	5
0	86	0	87	63	0	4
0	86	0	88	63	0	6
0	86	0	89	63	0	16
0	86	0	90	63	0	4
0	86	0	73	62	0	2
0	86	0	74	62	0	16
0	86	0	75	62	0	13
0	86	0	76	62	0	9
0	86	0	77	62	0	3
0	86	0	78	62	0	9
0	86	0	79	62	0	13
0	86	0	80	62	0	10
0	86	0	81	62	0	5
0	86	0	82	62	0	9
0	86	0	83	62	0	12
0	86	0	84	62	0	2
0	86	0	85	62	0	13
0	86	0	86	62	0	15
0	86	0	87	62	0	5
0	86	0	88	62	0	11
0	86	0	89	62	0	4
0	86	0	90	62	0	7
0	86	0	91	62	0	4
0	86	0	72	61	0	1
0	86	0	73	61	0	0
0	86	0	74	61	0	6
0	86	0	75	61	0	4
0	86	0	76	61	0	2
0	86	0	77	61	0	5
0	86	0	78	61	0	11
0	86	0	79	61	0	10
0	86	0	80	61	0	5
0	86	0	81	61	0	6
0	86	0	82	61	0	10
0	86	0	85	61	0	7
0	86	0	91	61	0	6
0	86	0	71	60	0	0
0	86	0	72	60	0	0
0	86	0	73	60	0	0
0	86	0	74	60	0	3
0	86	0	75	60	0	0
0	86	0	76	60	0	4
0	86	0	77	60	0	7
0	86	0	78	60	0	8
0	86	0	85	60	0	5
0	86	0	86	60	0	4
0	86	0	87	60	0	7
0	86	0	88	60	0	4
0	86	0	89	60	0	1
0	86	0	90	60	0	6
0	86	0	91	60	0	5
0	86	0	72	59	0	0
0	86	0	81	59	0	1
0	86	0	82	59	0	7
0	86	0	83	59	0	12
0	86	0	84	59	0	4
0	86	0	85	59	0	13
0	86	0	86	59	0	7
0	86	0	87	59	0	6
0	86	0	88	59	0	13
0	86	0	89	59	0	6
0	86	0	90	59	0	3
0	86	0	91	59	0	5
0	86	0	79	58	0	7
0	86	0	80	58	0	3
0	86	0	81	58	0	0
0	86	0	82	58	0	0
0	86	0	83	58	0	12
0	86	0	84	58	0	3
0	86	0	85	58	0	3
0	86	0	86	58	0	7
0	86	0	87	58	0	10
0	86	0	88	58	0	9
0	86	0	89	58	0	4
0	86	0	90	58	0	9
0	86	0	91	58	0	3
0	86	0	92	58	0	9
0	86	0	73	57	0	1
0	86	0	75	57	0	1
0	86	0	76	57	0	4
0	86	0	78	57	0	1
0	86	0	79	57	0	8
0	86	0	81	57	0	0
0	86	0	82	57	0	3
0	86	0	83	57	0	1
0	86	0	84	57	0	14
0	86	0	85	57	0	10
0	86	0	86	57	0	7
0	86	0	87	57	0	2
0	86	0	88	57	0	7
0	86	0	89	57	0	3
0	86	0	90	57	0	0
0	86	0	91	57	0	7
0	86	0	92	57	0	5
0	86	0	78	56	0	1
0	86	0	79	56	0	0
0	86	0	80	56	0	1
0	86	0	82	56	0	5
0	86	0	84	56	0	8
0	86	0	85	56	0	10
0	86	0	86	56	0	1
0	86	0	87	56	0	12
0	86	0	88	56	0	3
0	86	0	89	56	0	3
0	86	0	90	56	0	4
0	86	0	91	56	0	4
0	86	0	92	56	0	6
0	86	0	76	55	0	0
0	86	0	78	55	0	3
0	86	0	79	55	0	1
0	86	0	81	55	0	1
0	86	0	82	55	0	0
0	86	0	85	55	0	1
0	86	0	86	55	0	13
0	86	0	87	55	0	3
0	86	0	89	55	0	3
0	86	0	90	55	0	5
0	86	0	91	55	0	1
0	86	0	92	55	0	1
0	86	0	80	54	0	0
0	86	0	81	54	0	4
0	86	0	82	54	0	0
0	86	0	83	54	0	0
0	86	0	84	54	0	0
0	86	0	85	54	0	2
0	86	0	86	54	0	9
0	86	0	89	54	0	0
0	86	0	90	54	0	4
0	86	0	91	54	0	0
0	86	0	92	54	0	9
0	86	0	83	53	0	0
0	86	0	84	53	0	2
0	86	0	85	53	0	0
0	86	0	90	53	0	0
0	86	0	92	53	0	2
0	86	0	93	53	0	0
0	86	0	80	52	0	2
0	87	0	78	70	0	1
0	87	0	79	70	0	0
0	87	0	79	69	0	1
0	87	0	80	69	0	0
0	87	0	81	69	0	3
0	87	0	78	68	0	6
0	87	0	79	68	0	9
0	87	0	80	68	0	2
0	87	0	81	68	0	3
0	87	0	82	68	0	3
0	87	0	83	68	0	2
0	87	0	77	67	0	0
0	87	0	78	67	0	5
0	87	0	79	67	0	9
0	87	0	80	67	0	9
0	87	0	81	67	0	9
0	87	0	82	67	0	2
0	87	0	83	67	0	0
0	87	0	84	67	0	8
0	87	0	85	67	0	6
0	87	0	86	67	0	10
0	87	0	76	66	0	0
0	87	0	77	66	0	7
0	87	0	78	66	0	7
0	87	0	79	66	0	8
0	87	0	80	66	0	11
0	87	0	81	66	0	9
0	87	0	82	66	0	3
0	87	0	83	66	0	4
0	87	0	84	66	0	14
0	87	0	85	66	0	7
0	87	0	86	66	0	4
0	87	0	87	66	0	8
0	87	0	72	65	0	1
0	87	0	74	65	0	2
0	87	0	76	65	0	0
0	87	0	77	65	0	8
0	87	0	78	65	0	12
0	87	0	79	65	0	11
0	87	0	80	65	0	11
0	87	0	81	65	0	1
0	87	0	82	65	0	11
0	87	0	83	65	0	4
0	87	0	84	65	0	10
0	87	0	85	65	0	1
0	87	0	86	65	0	6
0	87	0	87	65	0	8
0	87	0	72	64	0	0
0	87	0	73	64	0	0
0	87	0	74	64	0	0
0	87	0	75	64	0	0
0	87	0	76	64	0	6
0	87	0	77	64	0	7
0	87	0	78	64	0	9
0	87	0	79	64	0	10
0	87	0	80	64	0	13
0	87	0	81	64	0	6
0	87	0	82	64	0	3
0	87	0	83	64	0	4
0	87	0	84	64	0	9
0	87	0	85	64	0	3
0	87	0	86	64	0	5
0	87	0	87	64	0	7
0	87	0	88	64	0	19
0	87	0	89	64	0	13
0	87	0	74	63	0	1
0	87	0	75	63	0	1
0	87	0	76	63	0	6
0	87	0	77	63	0	7
0	87	0	78	63	0	9
0	87	0	79	63	0	11
0	87	0	80	63	0	9
0	87	0	81	63	0	2
0	87	0	82	63	0	1
0	87	0	83	63	0	13
0	87	0	84	63	0	7
0	87	0	85	63	0	11
0	87	0	86	63	0	4
0	87	0	87	63	0	8
0	87	0	88	63	0	6
0	87	0	89	63	0	14
0	87	0	90	63	0	2
0	87	0	73	62	0	1
0	87	0	74	62	0	13
0	87	0	75	62	0	13
0	87	0	76	62	0	6
0	87	0	77	62	0	6
0	87	0	78	62	0	6
0	87	0	79	62	0	11
0	87	0	80	62	0	8
0	87	0	81	62	0	4
0	87	0	82	62	0	10
0	87	0	83	62	0	7
0	87	0	84	62	0	5
0	87	0	85	62	0	10
0	87	0	86	62	0	12
0	87	0	87	62	0	6
0	87	0	88	62	0	4
0	87	0	89	62	0	7
0	87	0	90	62	0	7
0	87	0	91	62	0	1
0	87	0	72	61	0	2
0	87	0	73	61	0	0
0	87	0	74	61	0	4
0	87	0	75	61	0	3
0	87	0	76	61	0	4
0	87	0	77	61	0	10
0	87	0	78	61	0	10
0	87	0	79	61	0	6
0	87	0	80	61	0	6
0	87	0	81	61	0	6
0	87	0	82	61	0	9
0	87	0	85	61	0	2
0	87	0	91	61	0	5
0	87	0	71	60	0	0
0	87	0	72	60	0	0
0	87	0	73	60	0	0
0	87	0	74	60	0	5
0	87	0	75	60	0	0
0	87	0	76	60	0	4
0	87	0	77	60	0	10
0	87	0	78	60	0	9
0	87	0	85	60	0	5
0	87	0	86	60	0	9
0	87	0	87	60	0	8
0	87	0	88	60	0	2
0	87	0	89	60	0	1
0	87	0	90	60	0	9
0	87	0	91	60	0	6
0	87	0	72	59	0	0
0	87	0	81	59	0	2
0	87	0	82	59	0	2
0	87	0	83	59	0	9
0	87	0	84	59	0	12
0	87	0	85	59	0	12
0	87	0	86	59	0	7
0	87	0	87	59	0	9
0	87	0	88	59	0	7
0	87	0	89	59	0	5
0	87	0	90	59	0	4
0	87	0	91	59	0	3
0	87	0	79	58	0	9
0	87	0	80	58	0	2
0	87	0	81	58	0	0
0	87	0	82	58	0	0
0	87	0	83	58	0	12
0	87	0	84	58	0	4
0	87	0	85	58	0	4
0	87	0	86	58	0	9
0	87	0	87	58	0	13
0	87	0	88	58	0	7
0	87	0	89	58	0	4
0	87	0	90	58	0	8
0	87	0	91	58	0	3
0	87	0	92	58	0	11
0	87	0	73	57	0	2
0	87	0	75	57	0	2
0	87	0	76	57	0	3
0	87	0	78	57	0	1
0	87	0	79	57	0	6
0	87	0	81	57	0	1
0	87	0	82	57	0	4
0	87	0	83	57	0	3
0	87	0	84	57	0	19
0	87	0	85	57	0	10
0	87	0	86	57	0	9
0	87	0	87	57	0	7
0	87	0	88	57	0	8
0	87	0	89	57	0	5
0	87	0	90	57	0	0
0	87	0	91	57	0	9
0	87	0	92	57	0	6
0	87	0	76	56	0	1
0	87	0	78	56	0	2
0	87	0	79	56	0	2
0	87	0	80	56	0	1
0	87	0	82	56	0	4
0	87	0	84	56	0	4
0	87	0	85	56	0	8
0	87	0	86	56	0	3
0	87	0	87	56	0	7
0	87	0	88	56	0	3
0	87	0	89	56	0	7
0	87	0	90	56	0	6
0	87	0	91	56	0	3
0	87	0	92	56	0	6
0	87	0	76	55	0	0
0	87	0	78	55	0	4
0	87	0	79	55	0	2
0	87	0	81	55	0	1
0	87	0	82	55	0	0
0	87	0	83	55	0	1
0	87	0	85	55	0	1
0	87	0	86	55	0	10
0	87	0	87	55	0	1
0	87	0	89	55	0	2
0	87	0	90	55	0	3
0	87	0	91	55	0	3
0	87	0	92	55	0	3
0	87	0	78	54	0	1
0	87	0	80	54	0	0
0	87	0	81	54	0	7
0	87	0	82	54	0	0
0	87	0	83	54	0	0
0	87	0	84	54	0	1
0	87	0	85	54	0	2
0	87	0	86	54	0	5
0	87	0	89	54	0	0
0	87	0	90	54	0	7
0	87	0	91	54	0	0
0	87	0	92	54	0	9
0	87	0	83	53	0	0
0	87	0	84	53	0	2
0	87	0	85	53	0	0
0	87	0	90	53	0	0
0	87	0	91	53	0	1
0	87	0	92	53	0	4
0	87	0	93	53	0	1
0	87	0	80	52	0	4
0	88	0	78	70	0	3
0	88	0	79	70	0	1
0	88	0	78	69	0	1
0	88	0	79	69	0	1
0	88	0	80	69	0	0
0	88	0	81	69	0	3
0	88	0	77	68	0	1
0	88	0	78	68	0	9
0	88	0	79	68	0	14
0	88	0	80	68	0	5
0	88	0	81	68	0	5
0	88	0	82	68	0	9
0	88	0	83	68	0	2
0	88	0	77	67	0	0
0	88	0	78	67	0	9
0	88	0	79	67	0	9
0	88	0	80	67	0	11
0	88	0	81	67	0	11
0	88	0	82	67	0	4
0	88	0	83	67	0	1
0	88	0	84	67	0	7
0	88	0	85	67	0	7
0	88	0	86	67	0	5
0	88	0	76	66	0	1
0	88	0	77	66	0	5
0	88	0	78	66	0	7
0	88	0	79	66	0	6
0	88	0	80	66	0	9
0	88	0	81	66	0	10
0	88	0	82	66	0	5
0	88	0	83	66	0	5
0	88	0	84	66	0	14
0	88	0	85	66	0	8
0	88	0	86	66	0	7
0	88	0	87	66	0	13
0	88	0	72	65	0	2
0	88	0	74	65	0	1
0	88	0	76	65	0	0
0	88	0	77	65	0	13
0	88	0	78	65	0	9
0	88	0	79	65	0	13
0	88	0	80	65	0	12
0	88	0	81	65	0	1
0	88	0	82	65	0	9
0	88	0	83	65	0	4
0	88	0	84	65	0	10
0	88	0	85	65	0	2
0	88	0	86	65	0	11
0	88	0	87	65	0	6
0	88	0	72	64	0	0
0	88	0	73	64	0	0
0	88	0	74	64	0	0
0	88	0	75	64	0	1
0	88	0	76	64	0	10
0	88	0	77	64	0	9
0	88	0	78	64	0	6
0	88	0	79	64	0	13
0	88	0	80	64	0	12
0	88	0	81	64	0	7
0	88	0	82	64	0	2
0	88	0	83	64	0	4
0	88	0	84	64	0	5
0	88	0	85	64	0	4
0	88	0	86	64	0	7
0	88	0	87	64	0	7
0	88	0	88	64	0	18
0	88	0	89	64	0	8
0	88	0	74	63	0	0
0	88	0	75	63	0	2
0	88	0	76	63	0	9
0	88	0	77	63	0	7
0	88	0	78	63	0	6
0	88	0	79	63	0	17
0	88	0	80	63	0	14
0	88	0	81	63	0	2
0	88	0	82	63	0	3
0	88	0	83	63	0	13
0	88	0	84	63	0	9
0	88	0	85	63	0	16
0	88	0	86	63	0	6
0	88	0	87	63	0	6
0	88	0	88	63	0	6
0	88	0	89	63	0	11
0	88	0	90	63	0	2
0	88	0	73	62	0	1
0	88	0	74	62	0	11
0	88	0	75	62	0	17
0	88	0	76	62	0	11
0	88	0	77	62	0	8
0	88	0	78	62	0	9
0	88	0	79	62	0	5
0	88	0	80	62	0	3
0	88	0	81	62	0	8
0	88	0	82	62	0	11
0	88	0	83	62	0	4
0	88	0	84	62	0	5
0	88	0	85	62	0	7
0	88	0	86	62	0	6
0	88	0	87	62	0	8
0	88	0	88	62	0	8
0	88	0	89	62	0	8
0	88	0	90	62	0	7
0	88	0	91	62	0	2
0	88	0	72	61	0	4
0	88	0	73	61	0	0
0	88	0	74	61	0	1
0	88	0	75	61	0	3
0	88	0	76	61	0	8
0	88	0	77	61	0	11
0	88	0	78	61	0	10
0	88	0	79	61	0	14
0	88	0	80	61	0	4
0	88	0	81	61	0	6
0	88	0	82	61	0	7
0	88	0	85	61	0	4
0	88	0	91	61	0	7
0	88	0	71	60	0	0
0	88	0	72	60	0	0
0	88	0	73	60	0	0
0	88	0	74	60	0	5
0	88	0	75	60	0	2
0	88	0	76	60	0	5
0	88	0	77	60	0	11
0	88	0	78	60	0	12
0	88	0	85	60	0	9
0	88	0	86	60	0	8
0	88	0	87	60	0	8
0	88	0	88	60	0	6
0	88	0	89	60	0	1
0	88	0	90	60	0	6
0	88	0	91	60	0	4
0	88	0	72	59	0	0
0	88	0	81	59	0	2
0	88	0	82	59	0	1
0	88	0	83	59	0	10
0	88	0	84	59	0	10
0	88	0	85	59	0	8
0	88	0	86	59	0	6
0	88	0	87	59	0	7
0	88	0	88	59	0	14
0	88	0	89	59	0	5
0	88	0	90	59	0	9
0	88	0	91	59	0	6
0	88	0	79	58	0	6
0	88	0	80	58	0	2
0	88	0	81	58	0	1
0	88	0	82	58	0	1
0	88	0	83	58	0	14
0	88	0	84	58	0	4
0	88	0	85	58	0	8
0	88	0	86	58	0	8
0	88	0	87	58	0	11
0	88	0	88	58	0	13
0	88	0	89	58	0	4
0	88	0	90	58	0	5
0	88	0	91	58	0	4
0	88	0	92	58	0	12
0	88	0	73	57	0	2
0	88	0	75	57	0	2
0	88	0	76	57	0	4
0	88	0	78	57	0	1
0	88	0	79	57	0	7
0	88	0	81	57	0	2
0	88	0	82	57	0	10
0	88	0	83	57	0	1
0	88	0	84	57	0	15
0	88	0	85	57	0	13
0	88	0	86	57	0	3
0	88	0	87	57	0	7
0	88	0	88	57	0	9
0	88	0	89	57	0	6
0	88	0	90	57	0	0
0	88	0	91	57	0	13
0	88	0	92	57	0	11
0	88	0	76	56	0	2
0	88	0	78	56	0	1
0	88	0	79	56	0	5
0	88	0	80	56	0	4
0	88	0	82	56	0	3
0	88	0	84	56	0	5
0	88	0	85	56	0	5
0	88	0	86	56	0	5
0	88	0	87	56	0	3
0	88	0	88	56	0	5
0	88	0	89	56	0	6
0	88	0	90	56	0	10
0	88	0	91	56	0	2
0	88	0	92	56	0	7
0	88	0	75	55	0	1
0	88	0	76	55	0	0
0	88	0	78	55	0	9
0	88	0	79	55	0	0
0	88	0	81	55	0	1
0	88	0	82	55	0	1
0	88	0	83	55	0	2
0	88	0	85	55	0	2
0	88	0	86	55	0	7
0	88	0	87	55	0	3
0	88	0	89	55	0	2
0	88	0	90	55	0	3
0	88	0	91	55	0	5
0	88	0	92	55	0	3
0	88	0	78	54	0	3
0	88	0	80	54	0	0
0	88	0	81	54	0	3
0	88	0	82	54	0	0
0	88	0	83	54	0	0
0	88	0	84	54	0	2
0	88	0	85	54	0	6
0	88	0	86	54	0	9
0	88	0	89	54	0	0
0	88	0	90	54	0	5
0	88	0	91	54	0	1
0	88	0	92	54	0	6
0	88	0	80	53	0	1
0	88	0	81	53	0	1
0	88	0	83	53	0	1
0	88	0	84	53	0	3
0	88	0	85	53	0	0
0	88	0	90	53	0	0
0	88	0	91	53	0	2
0	88	0	92	53	0	6
0	88	0	93	53	0	2
0	88	0	80	52	0	2
0	89	0	77	70	0	1
0	89	0	78	70	0	4
0	89	0	79	70	0	0
0	89	0	77	69	0	1
0	89	0	78	69	0	2
0	89	0	79	69	0	2
0	89	0	80	69	0	1
0	89	0	81	69	0	7
0	89	0	77	68	0	1
0	89	0	78	68	0	3
0	89	0	79	68	0	9
0	89	0	80	68	0	9
0	89	0	81	68	0	9
0	89	0	82	68	0	7
0	89	0	83	68	0	1
0	89	0	77	67	0	1
0	89	0	78	67	0	9
0	89	0	79	67	0	4
0	89	0	80	67	0	6
0	89	0	81	67	0	14
0	89	0	82	67	0	7
0	89	0	83	67	0	0
0	89	0	84	67	0	8
0	89	0	85	67	0	9
0	89	0	86	67	0	5
0	89	0	74	66	0	1
0	89	0	76	66	0	1
0	89	0	77	66	0	7
0	89	0	78	66	0	6
0	89	0	79	66	0	4
0	89	0	80	66	0	16
0	89	0	81	66	0	11
0	89	0	82	66	0	3
0	89	0	83	66	0	7
0	89	0	84	66	0	11
0	89	0	85	66	0	11
0	89	0	86	66	0	9
0	89	0	87	66	0	10
0	89	0	72	65	0	5
0	89	0	74	65	0	2
0	89	0	76	65	0	0
0	89	0	77	65	0	8
0	89	0	78	65	0	7
0	89	0	79	65	0	8
0	89	0	80	65	0	11
0	89	0	81	65	0	4
0	89	0	82	65	0	7
0	89	0	83	65	0	2
0	89	0	84	65	0	11
0	89	0	85	65	0	1
0	89	0	86	65	0	14
0	89	0	87	65	0	6
0	89	0	72	64	0	0
0	89	0	73	64	0	0
0	89	0	74	64	0	0
0	89	0	75	64	0	3
0	89	0	76	64	0	10
0	89	0	77	64	0	11
0	89	0	78	64	0	12
0	89	0	79	64	0	12
0	89	0	80	64	0	15
0	89	0	81	64	0	4
0	89	0	82	64	0	1
0	89	0	83	64	0	4
0	89	0	84	64	0	2
0	89	0	85	64	0	6
0	89	0	86	64	0	9
0	89	0	87	64	0	10
0	89	0	88	64	0	13
0	89	0	89	64	0	7
0	89	0	74	63	0	1
0	89	0	75	63	0	4
0	89	0	76	63	0	10
0	89	0	77	63	0	8
0	89	0	78	63	0	6
0	89	0	79	63	0	12
0	89	0	80	63	0	19
0	89	0	81	63	0	7
0	89	0	82	63	0	5
0	89	0	83	63	0	7
0	89	0	84	63	0	9
0	89	0	85	63	0	8
0	89	0	86	63	0	6
0	89	0	87	63	0	7
0	89	0	88	63	0	6
0	89	0	89	63	0	9
0	89	0	90	63	0	6
0	89	0	73	62	0	1
0	89	0	74	62	0	12
0	89	0	75	62	0	11
0	89	0	76	62	0	10
0	89	0	77	62	0	7
0	89	0	78	62	0	10
0	89	0	79	62	0	4
0	89	0	80	62	0	3
0	89	0	81	62	0	8
0	89	0	82	62	0	8
0	89	0	83	62	0	5
0	89	0	84	62	0	4
0	89	0	85	62	0	7
0	89	0	86	62	0	6
0	89	0	87	62	0	10
0	89	0	88	62	0	7
0	89	0	89	62	0	9
0	89	0	90	62	0	6
0	89	0	91	62	0	2
0	89	0	72	61	0	5
0	89	0	73	61	0	0
0	89	0	74	61	0	3
0	89	0	75	61	0	3
0	89	0	76	61	0	8
0	89	0	77	61	0	14
0	89	0	78	61	0	7
0	89	0	79	61	0	12
0	89	0	80	61	0	1
0	89	0	81	61	0	8
0	89	0	82	61	0	3
0	89	0	85	61	0	6
0	89	0	91	61	0	9
0	89	0	71	60	0	0
0	89	0	72	60	0	0
0	89	0	73	60	0	0
0	89	0	74	60	0	9
0	89	0	75	60	0	0
0	89	0	76	60	0	4
0	89	0	77	60	0	8
0	89	0	78	60	0	11
0	89	0	85	60	0	6
0	89	0	86	60	0	9
0	89	0	87	60	0	8
0	89	0	88	60	0	13
0	89	0	89	60	0	2
0	89	0	90	60	0	8
0	89	0	91	60	0	4
0	89	0	72	59	0	0
0	89	0	81	59	0	0
0	89	0	82	59	0	2
0	89	0	83	59	0	13
0	89	0	84	59	0	10
0	89	0	85	59	0	8
0	89	0	86	59	0	7
0	89	0	87	59	0	8
0	89	0	88	59	0	17
0	89	0	89	59	0	2
0	89	0	90	59	0	15
0	89	0	91	59	0	7
0	89	0	79	58	0	4
0	89	0	80	58	0	5
0	89	0	81	58	0	0
0	89	0	82	58	0	3
0	89	0	83	58	0	8
0	89	0	84	58	0	5
0	89	0	85	58	0	9
0	89	0	86	58	0	11
0	89	0	87	58	0	7
0	89	0	88	58	0	7
0	89	0	89	58	0	5
0	89	0	90	58	0	2
0	89	0	91	58	0	3
0	89	0	92	58	0	13
0	89	0	73	57	0	1
0	89	0	75	57	0	3
0	89	0	76	57	0	4
0	89	0	78	57	0	2
0	89	0	79	57	0	2
0	89	0	81	57	0	3
0	89	0	82	57	0	13
0	89	0	83	57	0	2
0	89	0	84	57	0	11
0	89	0	85	57	0	9
0	89	0	86	57	0	7
0	89	0	87	57	0	9
0	89	0	88	57	0	8
0	89	0	89	57	0	8
0	89	0	90	57	0	1
0	89	0	91	57	0	9
0	89	0	92	57	0	8
0	89	0	76	56	0	2
0	89	0	78	56	0	0
0	89	0	79	56	0	4
0	89	0	80	56	0	9
0	89	0	82	56	0	5
0	89	0	83	56	0	1
0	89	0	84	56	0	7
0	89	0	85	56	0	10
0	89	0	86	56	0	7
0	89	0	87	56	0	4
0	89	0	88	56	0	9
0	89	0	89	56	0	10
0	89	0	90	56	0	11
0	89	0	91	56	0	4
0	89	0	92	56	0	5
0	89	0	75	55	0	2
0	89	0	76	55	0	0
0	89	0	78	55	0	4
0	89	0	79	55	0	0
0	89	0	81	55	0	1
0	89	0	82	55	0	0
0	89	0	83	55	0	1
0	89	0	85	55	0	5
0	89	0	86	55	0	8
0	89	0	87	55	0	1
0	89	0	89	55	0	2
0	89	0	90	55	0	4
0	89	0	91	55	0	10
0	89	0	92	55	0	3
0	89	0	78	54	0	4
0	89	0	79	54	0	1
0	89	0	80	54	0	0
0	89	0	81	54	0	4
0	89	0	82	54	0	0
0	89	0	83	54	0	1
0	89	0	84	54	0	1
0	89	0	85	54	0	8
0	89	0	86	54	0	13
0	89	0	89	54	0	0
0	89	0	90	54	0	7
0	89	0	91	54	0	2
0	89	0	92	54	0	6
0	89	0	80	53	0	1
0	89	0	81	53	0	1
0	89	0	83	53	0	4
0	89	0	84	53	0	2
0	89	0	85	53	0	1
0	89	0	90	53	0	1
0	89	0	91	53	0	2
0	89	0	92	53	0	6
0	89	0	93	53	0	1
0	89	0	80	52	0	1
0	89	0	91	52	0	1
0	89	0	93	52	0	2
0	90	0	77	70	0	0
0	90	0	78	70	0	5
0	90	0	79	70	0	1
0	90	0	77	69	0	0
0	90	0	78	69	0	7
0	90	0	79	69	0	6
0	90	0	80	69	0	2
0	90	0	81	69	0	6
0	90	0	77	68	0	2
0	90	0	78	68	0	3
0	90	0	79	68	0	8
0	90	0	80	68	0	8
0	90	0	81	68	0	7
0	90	0	82	68	0	5
0	90	0	83	68	0	3
0	90	0	76	67	0	1
0	90	0	77	67	0	2
0	90	0	78	67	0	13
0	90	0	79	67	0	5
0	90	0	80	67	0	7
0	90	0	81	67	0	11
0	90	0	82	67	0	6
0	90	0	83	67	0	2
0	90	0	84	67	0	3
0	90	0	85	67	0	9
0	90	0	86	67	0	4
0	90	0	69	66	0	1
0	90	0	74	66	0	1
0	90	0	76	66	0	1
0	90	0	77	66	0	13
0	90	0	78	66	0	11
0	90	0	79	66	0	7
0	90	0	80	66	0	14
0	90	0	81	66	0	9
0	90	0	82	66	0	3
0	90	0	83	66	0	8
0	90	0	84	66	0	8
0	90	0	85	66	0	10
0	90	0	86	66	0	13
0	90	0	87	66	0	5
0	90	0	72	65	0	5
0	90	0	74	65	0	4
0	90	0	76	65	0	1
0	90	0	77	65	0	4
0	90	0	78	65	0	10
0	90	0	79	65	0	5
0	90	0	80	65	0	12
0	90	0	81	65	0	4
0	90	0	82	65	0	3
0	90	0	83	65	0	3
0	90	0	84	65	0	8
0	90	0	85	65	0	2
0	90	0	86	65	0	11
0	90	0	87	65	0	4
0	90	0	72	64	0	1
0	90	0	73	64	0	0
0	90	0	74	64	0	0
0	90	0	75	64	0	4
0	90	0	76	64	0	11
0	90	0	77	64	0	11
0	90	0	78	64	0	10
0	90	0	79	64	0	17
0	90	0	80	64	0	9
0	90	0	81	64	0	5
0	90	0	82	64	0	3
0	90	0	83	64	0	6
0	90	0	84	64	0	2
0	90	0	85	64	0	6
0	90	0	86	64	0	8
0	90	0	87	64	0	11
0	90	0	88	64	0	13
0	90	0	89	64	0	7
0	90	0	74	63	0	0
0	90	0	75	63	0	5
0	90	0	76	63	0	4
0	90	0	77	63	0	11
0	90	0	78	63	0	6
0	90	0	79	63	0	14
0	90	0	80	63	0	9
0	90	0	81	63	0	3
0	90	0	82	63	0	4
0	90	0	83	63	0	5
0	90	0	84	63	0	6
0	90	0	85	63	0	5
0	90	0	86	63	0	14
0	90	0	87	63	0	7
0	90	0	88	63	0	3
0	90	0	89	63	0	6
0	90	0	90	63	0	11
0	90	0	73	62	0	2
0	90	0	74	62	0	17
0	90	0	75	62	0	11
0	90	0	76	62	0	7
0	90	0	77	62	0	12
0	90	0	78	62	0	6
0	90	0	79	62	0	1
0	90	0	80	62	0	4
0	90	0	81	62	0	9
0	90	0	82	62	0	9
0	90	0	83	62	0	8
0	90	0	84	62	0	7
0	90	0	85	62	0	5
0	90	0	86	62	0	5
0	90	0	87	62	0	4
0	90	0	88	62	0	8
0	90	0	89	62	0	4
0	90	0	90	62	0	4
0	90	0	91	62	0	2
0	90	0	72	61	0	4
0	90	0	73	61	0	1
0	90	0	74	61	0	3
0	90	0	75	61	0	4
0	90	0	76	61	0	8
0	90	0	77	61	0	10
0	90	0	78	61	0	6
0	90	0	79	61	0	5
0	90	0	80	61	0	1
0	90	0	81	61	0	7
0	90	0	82	61	0	1
0	90	0	85	61	0	8
0	90	0	91	61	0	12
0	90	0	71	60	0	0
0	90	0	72	60	0	0
0	90	0	73	60	0	0
0	90	0	74	60	0	6
0	90	0	75	60	0	0
0	90	0	76	60	0	10
0	90	0	77	60	0	7
0	90	0	78	60	0	9
0	90	0	85	60	0	9
0	90	0	86	60	0	6
0	90	0	87	60	0	10
0	90	0	88	60	0	15
0	90	0	89	60	0	5
0	90	0	90	60	0	5
0	90	0	91	60	0	5
0	90	0	72	59	0	0
0	90	0	81	59	0	0
0	90	0	82	59	0	0
0	90	0	83	59	0	10
0	90	0	84	59	0	11
0	90	0	85	59	0	6
0	90	0	86	59	0	6
0	90	0	87	59	0	10
0	90	0	88	59	0	10
0	90	0	89	59	0	0
0	90	0	90	59	0	7
0	90	0	91	59	0	5
0	90	0	79	58	0	5
0	90	0	80	58	0	4
0	90	0	81	58	0	0
0	90	0	82	58	0	1
0	90	0	83	58	0	7
0	90	0	84	58	0	9
0	90	0	85	58	0	5
0	90	0	86	58	0	12
0	90	0	87	58	0	8
0	90	0	88	58	0	7
0	90	0	89	58	0	6
0	90	0	90	58	0	0
0	90	0	91	58	0	1
0	90	0	92	58	0	4
0	90	0	73	57	0	2
0	90	0	75	57	0	4
0	90	0	76	57	0	2
0	90	0	78	57	0	2
0	90	0	79	57	0	3
0	90	0	81	57	0	5
0	90	0	82	57	0	10
0	90	0	83	57	0	3
0	90	0	84	57	0	8
0	90	0	85	57	0	12
0	90	0	86	57	0	4
0	90	0	87	57	0	10
0	90	0	88	57	0	5
0	90	0	89	57	0	9
0	90	0	90	57	0	3
0	90	0	91	57	0	8
0	90	0	92	57	0	8
0	90	0	76	56	0	1
0	90	0	78	56	0	0
0	90	0	79	56	0	5
0	90	0	80	56	0	11
0	90	0	82	56	0	7
0	90	0	83	56	0	5
0	90	0	84	56	0	9
0	90	0	85	56	0	10
0	90	0	86	56	0	10
0	90	0	87	56	0	10
0	90	0	88	56	0	8
0	90	0	89	56	0	6
0	90	0	90	56	0	12
0	90	0	91	56	0	9
0	90	0	92	56	0	4
0	90	0	75	55	0	4
0	90	0	76	55	0	1
0	90	0	78	55	0	8
0	90	0	79	55	0	0
0	90	0	81	55	0	3
0	90	0	82	55	0	0
0	90	0	83	55	0	2
0	90	0	84	55	0	1
0	90	0	85	55	0	2
0	90	0	86	55	0	8
0	90	0	87	55	0	1
0	90	0	89	55	0	3
0	90	0	90	55	0	7
0	90	0	91	55	0	7
0	90	0	92	55	0	5
0	90	0	78	54	0	4
0	90	0	79	54	0	0
0	90	0	80	54	0	1
0	90	0	81	54	0	3
0	90	0	82	54	0	0
0	90	0	83	54	0	1
0	90	0	84	54	0	2
0	90	0	85	54	0	12
0	90	0	86	54	0	10
0	90	0	89	54	0	1
0	90	0	90	54	0	9
0	90	0	91	54	0	1
0	90	0	92	54	0	8
0	90	0	80	53	0	2
0	90	0	81	53	0	2
0	90	0	83	53	0	0
0	90	0	84	53	0	4
0	90	0	85	53	0	0
0	90	0	90	53	0	3
0	90	0	91	53	0	2
0	90	0	92	53	0	7
0	90	0	93	53	0	1
0	90	0	80	52	0	1
0	90	0	91	52	0	3
0	90	0	93	52	0	1
0	90	0	92	51	0	1
0	91	0	77	70	0	1
0	91	0	78	70	0	4
0	91	0	79	70	0	1
0	91	0	80	70	0	1
0	91	0	77	69	0	0
0	91	0	78	69	0	5
0	91	0	79	69	0	9
0	91	0	80	69	0	3
0	91	0	81	69	0	11
0	91	0	75	68	0	1
0	91	0	77	68	0	2
0	91	0	78	68	0	5
0	91	0	79	68	0	12
0	91	0	80	68	0	13
0	91	0	81	68	0	7
0	91	0	82	68	0	4
0	91	0	83	68	0	4
0	91	0	76	67	0	1
0	91	0	77	67	0	2
0	91	0	78	67	0	11
0	91	0	79	67	0	4
0	91	0	80	67	0	8
0	91	0	81	67	0	11
0	91	0	82	67	0	5
0	91	0	83	67	0	4
0	91	0	84	67	0	3
0	91	0	85	67	0	11
0	91	0	86	67	0	3
0	91	0	69	66	0	2
0	91	0	74	66	0	3
0	91	0	76	66	0	3
0	91	0	77	66	0	11
0	91	0	78	66	0	8
0	91	0	79	66	0	6
0	91	0	80	66	0	14
0	91	0	81	66	0	8
0	91	0	82	66	0	9
0	91	0	83	66	0	10
0	91	0	84	66	0	10
0	91	0	85	66	0	11
0	91	0	86	66	0	21
0	91	0	87	66	0	4
0	91	0	72	65	0	2
0	91	0	74	65	0	8
0	91	0	76	65	0	0
0	91	0	77	65	0	4
0	91	0	78	65	0	7
0	91	0	79	65	0	8
0	91	0	80	65	0	13
0	91	0	81	65	0	3
0	91	0	82	65	0	4
0	91	0	83	65	0	6
0	91	0	84	65	0	6
0	91	0	85	65	0	2
0	91	0	86	65	0	11
0	91	0	87	65	0	6
0	91	0	72	64	0	2
0	91	0	73	64	0	0
0	91	0	74	64	0	1
0	91	0	75	64	0	4
0	91	0	76	64	0	11
0	91	0	77	64	0	7
0	91	0	78	64	0	12
0	91	0	79	64	0	15
0	91	0	80	64	0	5
0	91	0	81	64	0	9
0	91	0	82	64	0	4
0	91	0	83	64	0	3
0	91	0	84	64	0	6
0	91	0	85	64	0	2
0	91	0	86	64	0	6
0	91	0	87	64	0	10
0	91	0	88	64	0	9
0	91	0	89	64	0	10
0	91	0	74	63	0	0
0	91	0	75	63	0	9
0	91	0	76	63	0	5
0	91	0	77	63	0	15
0	91	0	78	63	0	8
0	91	0	79	63	0	17
0	91	0	80	63	0	7
0	91	0	81	63	0	2
0	91	0	82	63	0	4
0	91	0	83	63	0	3
0	91	0	84	63	0	9
0	91	0	85	63	0	9
0	91	0	86	63	0	10
0	91	0	87	63	0	6
0	91	0	88	63	0	5
0	91	0	89	63	0	8
0	91	0	90	63	0	13
0	91	0	73	62	0	1
0	91	0	74	62	0	7
0	91	0	75	62	0	10
0	91	0	76	62	0	5
0	91	0	77	62	0	10
0	91	0	78	62	0	7
0	91	0	79	62	0	6
0	91	0	80	62	0	7
0	91	0	81	62	0	7
0	91	0	82	62	0	3
0	91	0	83	62	0	8
0	91	0	84	62	0	9
0	91	0	85	62	0	3
0	91	0	86	62	0	3
0	91	0	87	62	0	6
0	91	0	88	62	0	7
0	91	0	89	62	0	8
0	91	0	90	62	0	6
0	91	0	91	62	0	2
0	91	0	72	61	0	8
0	91	0	73	61	0	1
0	91	0	74	61	0	3
0	91	0	75	61	0	8
0	91	0	76	61	0	6
0	91	0	77	61	0	14
0	91	0	78	61	0	6
0	91	0	79	61	0	6
0	91	0	80	61	0	4
0	91	0	81	61	0	8
0	91	0	82	61	0	0
0	91	0	85	61	0	4
0	91	0	91	61	0	10
0	91	0	71	60	0	0
0	91	0	72	60	0	1
0	91	0	73	60	0	0
0	91	0	74	60	0	8
0	91	0	75	60	0	0
0	91	0	76	60	0	8
0	91	0	77	60	0	7
0	91	0	78	60	0	10
0	91	0	85	60	0	13
0	91	0	86	60	0	9
0	91	0	87	60	0	10
0	91	0	88	60	0	17
0	91	0	89	60	0	2
0	91	0	90	60	0	4
0	91	0	91	60	0	7
0	91	0	72	59	0	0
0	91	0	81	59	0	0
0	91	0	82	59	0	0
0	91	0	83	59	0	14
0	91	0	84	59	0	17
0	91	0	85	59	0	8
0	91	0	86	59	0	2
0	91	0	87	59	0	12
0	91	0	88	59	0	13
0	91	0	89	59	0	1
0	91	0	90	59	0	10
0	91	0	91	59	0	4
0	91	0	79	58	0	4
0	91	0	80	58	0	5
0	91	0	81	58	0	0
0	91	0	82	58	0	1
0	91	0	83	58	0	5
0	91	0	84	58	0	12
0	91	0	85	58	0	4
0	91	0	86	58	0	9
0	91	0	87	58	0	10
0	91	0	88	58	0	6
0	91	0	89	58	0	6
0	91	0	90	58	0	3
0	91	0	91	58	0	2
0	91	0	92	58	0	4
0	91	0	73	57	0	2
0	91	0	75	57	0	7
0	91	0	76	57	0	3
0	91	0	78	57	0	2
0	91	0	79	57	0	4
0	91	0	81	57	0	7
0	91	0	82	57	0	14
0	91	0	83	57	0	5
0	91	0	84	57	0	11
0	91	0	85	57	0	10
0	91	0	86	57	0	4
0	91	0	87	57	0	10
0	91	0	88	57	0	5
0	91	0	89	57	0	10
0	91	0	90	57	0	2
0	91	0	91	57	0	6
0	91	0	92	57	0	5
0	91	0	76	56	0	0
0	91	0	78	56	0	0
0	91	0	79	56	0	5
0	91	0	80	56	0	5
0	91	0	82	56	0	4
0	91	0	83	56	0	4
0	91	0	84	56	0	10
0	91	0	85	56	0	8
0	91	0	86	56	0	5
0	91	0	87	56	0	9
0	91	0	88	56	0	3
0	91	0	89	56	0	4
0	91	0	90	56	0	8
0	91	0	91	56	0	5
0	91	0	92	56	0	3
0	91	0	75	55	0	2
0	91	0	76	55	0	0
0	91	0	78	55	0	10
0	91	0	79	55	0	0
0	91	0	80	55	0	1
0	91	0	81	55	0	2
0	91	0	82	55	0	1
0	91	0	83	55	0	1
0	91	0	84	55	0	0
0	91	0	85	55	0	0
0	91	0	86	55	0	3
0	91	0	87	55	0	4
0	91	0	89	55	0	1
0	91	0	90	55	0	3
0	91	0	91	55	0	7
0	91	0	92	55	0	4
0	91	0	78	54	0	3
0	91	0	79	54	0	0
0	91	0	80	54	0	4
0	91	0	81	54	0	1
0	91	0	82	54	0	0
0	91	0	83	54	0	1
0	91	0	84	54	0	4
0	91	0	85	54	0	12
0	91	0	86	54	0	9
0	91	0	89	54	0	5
0	91	0	90	54	0	9
0	91	0	91	54	0	1
0	91	0	92	54	0	10
0	91	0	80	53	0	5
0	91	0	81	53	0	3
0	91	0	82	53	0	1
0	91	0	83	53	0	0
0	91	0	84	53	0	9
0	91	0	85	53	0	0
0	91	0	90	53	0	6
0	91	0	91	53	0	2
0	91	0	92	53	0	9
0	91	0	93	53	0	3
0	91	0	75	52	0	1
0	91	0	80	52	0	0
0	91	0	91	52	0	3
0	91	0	92	52	0	1
0	91	0	93	52	0	3
0	91	0	92	51	0	1
0	91	0	92	50	0	1
0	92	0	75	70	0	1
0	92	0	77	70	0	0
0	92	0	78	70	0	8
0	92	0	79	70	0	1
0	92	0	80	70	0	1
0	92	0	75	69	0	1
0	92	0	77	69	0	0
0	92	0	78	69	0	1
0	92	0	79	69	0	6
0	92	0	80	69	0	5
0	92	0	81	69	0	7
0	92	0	75	68	0	0
0	92	0	77	68	0	1
0	92	0	78	68	0	4
0	92	0	79	68	0	12
0	92	0	80	68	0	14
0	92	0	81	68	0	8
0	92	0	82	68	0	4
0	92	0	83	68	0	4
0	92	0	76	67	0	1
0	92	0	77	67	0	3
0	92	0	78	67	0	13
0	92	0	79	67	0	3
0	92	0	80	67	0	6
0	92	0	81	67	0	4
0	92	0	82	67	0	7
0	92	0	83	67	0	4
0	92	0	84	67	0	7
0	92	0	85	67	0	12
0	92	0	86	67	0	3
0	92	0	69	66	0	2
0	92	0	74	66	0	3
0	92	0	76	66	0	3
0	92	0	77	66	0	7
0	92	0	78	66	0	10
0	92	0	79	66	0	8
0	92	0	80	66	0	7
0	92	0	81	66	0	7
0	92	0	82	66	0	14
0	92	0	83	66	0	14
0	92	0	84	66	0	11
0	92	0	85	66	0	16
0	92	0	86	66	0	13
0	92	0	87	66	0	11
0	92	0	72	65	0	2
0	92	0	73	65	0	1
0	92	0	74	65	0	16
0	92	0	76	65	0	0
0	92	0	77	65	0	8
0	92	0	78	65	0	11
0	92	0	79	65	0	13
0	92	0	80	65	0	9
0	92	0	81	65	0	5
0	92	0	82	65	0	2
0	92	0	83	65	0	8
0	92	0	84	65	0	6
0	92	0	85	65	0	4
0	92	0	86	65	0	5
0	92	0	87	65	0	1
0	92	0	72	64	0	3
0	92	0	73	64	0	0
0	92	0	74	64	0	5
0	92	0	75	64	0	3
0	92	0	76	64	0	7
0	92	0	77	64	0	9
0	92	0	78	64	0	12
0	92	0	79	64	0	10
0	92	0	80	64	0	9
0	92	0	81	64	0	9
0	92	0	82	64	0	8
0	92	0	83	64	0	4
0	92	0	84	64	0	9
0	92	0	85	64	0	1
0	92	0	86	64	0	7
0	92	0	87	64	0	10
0	92	0	88	64	0	8
0	92	0	89	64	0	14
0	92	0	74	63	0	1
0	92	0	75	63	0	9
0	92	0	76	63	0	4
0	92	0	77	63	0	17
0	92	0	78	63	0	13
0	92	0	79	63	0	14
0	92	0	80	63	0	7
0	92	0	81	63	0	1
0	92	0	82	63	0	4
0	92	0	83	63	0	2
0	92	0	84	63	0	8
0	92	0	85	63	0	13
0	92	0	86	63	0	15
0	92	0	87	63	0	1
0	92	0	88	63	0	9
0	92	0	89	63	0	4
0	92	0	90	63	0	9
0	92	0	73	62	0	3
0	92	0	74	62	0	3
0	92	0	75	62	0	7
0	92	0	76	62	0	8
0	92	0	77	62	0	11
0	92	0	78	62	0	9
0	92	0	79	62	0	8
0	92	0	80	62	0	6
0	92	0	81	62	0	7
0	92	0	82	62	0	4
0	92	0	83	62	0	10
0	92	0	84	62	0	7
0	92	0	85	62	0	2
0	92	0	86	62	0	7
0	92	0	87	62	0	5
0	92	0	88	62	0	16
0	92	0	89	62	0	7
0	92	0	90	62	0	6
0	92	0	91	62	0	3
0	92	0	72	61	0	8
0	92	0	73	61	0	1
0	92	0	74	61	0	3
0	92	0	75	61	0	12
0	92	0	76	61	0	5
0	92	0	77	61	0	9
0	92	0	78	61	0	11
0	92	0	79	61	0	8
0	92	0	80	61	0	2
0	92	0	81	61	0	7
0	92	0	82	61	0	0
0	92	0	85	61	0	5
0	92	0	91	61	0	9
0	92	0	71	60	0	0
0	92	0	72	60	0	0
0	92	0	73	60	0	1
0	92	0	74	60	0	5
0	92	0	75	60	0	1
0	92	0	76	60	0	7
0	92	0	77	60	0	8
0	92	0	78	60	0	8
0	92	0	85	60	0	13
0	92	0	86	60	0	10
0	92	0	87	60	0	10
0	92	0	88	60	0	10
0	92	0	89	60	0	4
0	92	0	90	60	0	3
0	92	0	91	60	0	10
0	92	0	72	59	0	0
0	92	0	81	59	0	0
0	92	0	82	59	0	0
0	92	0	83	59	0	11
0	92	0	84	59	0	13
0	92	0	85	59	0	11
0	92	0	86	59	0	3
0	92	0	87	59	0	8
0	92	0	88	59	0	18
0	92	0	89	59	0	2
0	92	0	90	59	0	9
0	92	0	91	59	0	4
0	92	0	79	58	0	3
0	92	0	80	58	0	3
0	92	0	81	58	0	0
0	92	0	82	58	0	0
0	92	0	83	58	0	2
0	92	0	84	58	0	4
0	92	0	85	58	0	5
0	92	0	86	58	0	7
0	92	0	87	58	0	10
0	92	0	88	58	0	8
0	92	0	89	58	0	5
0	92	0	90	58	0	3
0	92	0	91	58	0	1
0	92	0	92	58	0	6
0	92	0	73	57	0	2
0	92	0	74	57	0	1
0	92	0	75	57	0	8
0	92	0	76	57	0	2
0	92	0	78	57	0	2
0	92	0	79	57	0	4
0	92	0	81	57	0	15
0	92	0	82	57	0	11
0	92	0	83	57	0	5
0	92	0	84	57	0	6
0	92	0	85	57	0	11
0	92	0	86	57	0	5
0	92	0	87	57	0	5
0	92	0	88	57	0	4
0	92	0	89	57	0	9
0	92	0	90	57	0	5
0	92	0	91	57	0	5
0	92	0	92	57	0	7
0	92	0	76	56	0	0
0	92	0	78	56	0	1
0	92	0	79	56	0	2
0	92	0	80	56	0	4
0	92	0	81	56	0	1
0	92	0	82	56	0	8
0	92	0	83	56	0	3
0	92	0	84	56	0	7
0	92	0	85	56	0	9
0	92	0	86	56	0	7
0	92	0	87	56	0	6
0	92	0	88	56	0	1
0	92	0	89	56	0	1
0	92	0	90	56	0	9
0	92	0	91	56	0	6
0	92	0	92	56	0	5
0	92	0	75	55	0	1
0	92	0	76	55	0	0
0	92	0	78	55	0	9
0	92	0	79	55	0	0
0	92	0	80	55	0	3
0	92	0	81	55	0	3
0	92	0	82	55	0	2
0	92	0	83	55	0	1
0	92	0	84	55	0	0
0	92	0	85	55	0	0
0	92	0	86	55	0	2
0	92	0	87	55	0	5
0	92	0	89	55	0	3
0	92	0	90	55	0	3
0	92	0	91	55	0	11
0	92	0	92	55	0	8
0	92	0	78	54	0	1
0	92	0	79	54	0	1
0	92	0	80	54	0	3
0	92	0	81	54	0	5
0	92	0	82	54	0	0
0	92	0	83	54	0	4
0	92	0	84	54	0	2
0	92	0	85	54	0	11
0	92	0	86	54	0	9
0	92	0	89	54	0	6
0	92	0	90	54	0	5
0	92	0	91	54	0	3
0	92	0	92	54	0	10
0	92	0	80	53	0	6
0	92	0	81	53	0	3
0	92	0	82	53	0	2
0	92	0	83	53	0	0
0	92	0	84	53	0	8
0	92	0	85	53	0	0
0	92	0	90	53	0	8
0	92	0	91	53	0	4
0	92	0	92	53	0	9
0	92	0	93	53	0	4
0	92	0	75	52	0	1
0	92	0	80	52	0	0
0	92	0	81	52	0	1
0	92	0	91	52	0	1
0	92	0	92	52	0	1
0	92	0	93	52	0	7
0	92	0	92	51	0	3
0	92	0	92	50	0	0
0	93	0	75	70	0	1
0	93	0	77	70	0	1
0	93	0	78	70	0	10
0	93	0	79	70	0	1
0	93	0	80	70	0	1
0	93	0	75	69	0	1
0	93	0	77	69	0	0
0	93	0	78	69	0	1
0	93	0	79	69	0	3
0	93	0	80	69	0	6
0	93	0	81	69	0	5
0	93	0	75	68	0	0
0	93	0	77	68	0	3
0	93	0	78	68	0	3
0	93	0	79	68	0	16
0	93	0	80	68	0	8
0	93	0	81	68	0	10
0	93	0	82	68	0	1
0	93	0	83	68	0	7
0	93	0	76	67	0	0
0	93	0	77	67	0	2
0	93	0	78	67	0	9
0	93	0	79	67	0	3
0	93	0	80	67	0	4
0	93	0	81	67	0	5
0	93	0	82	67	0	5
0	93	0	83	67	0	6
0	93	0	84	67	0	8
0	93	0	85	67	0	12
0	93	0	86	67	0	4
0	93	0	69	66	0	3
0	93	0	74	66	0	3
0	93	0	75	66	0	1
0	93	0	76	66	0	3
0	93	0	77	66	0	6
0	93	0	78	66	0	9
0	93	0	79	66	0	9
0	93	0	80	66	0	8
0	93	0	81	66	0	8
0	93	0	82	66	0	5
0	93	0	83	66	0	10
0	93	0	84	66	0	7
0	93	0	85	66	0	14
0	93	0	86	66	0	4
0	93	0	87	66	0	9
0	93	0	71	65	0	1
0	93	0	72	65	0	2
0	93	0	73	65	0	1
0	93	0	74	65	0	15
0	93	0	76	65	0	1
0	93	0	77	65	0	3
0	93	0	78	65	0	10
0	93	0	79	65	0	9
0	93	0	80	65	0	8
0	93	0	81	65	0	3
0	93	0	82	65	0	1
0	93	0	83	65	0	4
0	93	0	84	65	0	5
0	93	0	85	65	0	2
0	93	0	86	65	0	8
0	93	0	87	65	0	2
0	93	0	72	64	0	4
0	93	0	73	64	0	0
0	93	0	74	64	0	8
0	93	0	75	64	0	2
0	93	0	76	64	0	5
0	93	0	77	64	0	14
0	93	0	78	64	0	13
0	93	0	79	64	0	7
0	93	0	80	64	0	5
0	93	0	81	64	0	13
0	93	0	82	64	0	6
0	93	0	83	64	0	5
0	93	0	84	64	0	11
0	93	0	85	64	0	1
0	93	0	86	64	0	11
0	93	0	87	64	0	10
0	93	0	88	64	0	11
0	93	0	89	64	0	11
0	93	0	73	63	0	1
0	93	0	74	63	0	1
0	93	0	75	63	0	11
0	93	0	76	63	0	2
0	93	0	77	63	0	17
0	93	0	78	63	0	16
0	93	0	79	63	0	11
0	93	0	80	63	0	7
0	93	0	81	63	0	1
0	93	0	82	63	0	5
0	93	0	83	63	0	5
0	93	0	84	63	0	6
0	93	0	85	63	0	9
0	93	0	86	63	0	10
0	93	0	87	63	0	1
0	93	0	88	63	0	6
0	93	0	89	63	0	5
0	93	0	90	63	0	11
0	93	0	73	62	0	6
0	93	0	74	62	0	0
0	93	0	75	62	0	7
0	93	0	76	62	0	7
0	93	0	77	62	0	8
0	93	0	78	62	0	8
0	93	0	79	62	0	7
0	93	0	80	62	0	5
0	93	0	81	62	0	12
0	93	0	82	62	0	7
0	93	0	83	62	0	5
0	93	0	84	62	0	9
0	93	0	85	62	0	2
0	93	0	86	62	0	6
0	93	0	87	62	0	8
0	93	0	88	62	0	17
0	93	0	89	62	0	6
0	93	0	90	62	0	9
0	93	0	91	62	0	4
0	93	0	72	61	0	8
0	93	0	73	61	0	3
0	93	0	74	61	0	4
0	93	0	75	61	0	17
0	93	0	76	61	0	4
0	93	0	77	61	0	12
0	93	0	78	61	0	10
0	93	0	79	61	0	5
0	93	0	80	61	0	7
0	93	0	81	61	0	8
0	93	0	82	61	0	1
0	93	0	85	61	0	4
0	93	0	91	61	0	6
0	93	0	71	60	0	0
0	93	0	72	60	0	0
0	93	0	73	60	0	1
0	93	0	74	60	0	6
0	93	0	75	60	0	1
0	93	0	76	60	0	7
0	93	0	77	60	0	9
0	93	0	78	60	0	8
0	93	0	85	60	0	14
0	93	0	86	60	0	7
0	93	0	87	60	0	10
0	93	0	88	60	0	12
0	93	0	89	60	0	2
0	93	0	90	60	0	3
0	93	0	91	60	0	17
0	93	0	72	59	0	0
0	93	0	81	59	0	0
0	93	0	82	59	0	0
0	93	0	83	59	0	11
0	93	0	84	59	0	20
0	93	0	85	59	0	8
0	93	0	86	59	0	6
0	93	0	87	59	0	11
0	93	0	88	59	0	14
0	93	0	89	59	0	2
0	93	0	90	59	0	9
0	93	0	91	59	0	3
0	93	0	79	58	0	6
0	93	0	80	58	0	4
0	93	0	81	58	0	1
0	93	0	82	58	0	0
0	93	0	83	58	0	6
0	93	0	84	58	0	5
0	93	0	85	58	0	6
0	93	0	86	58	0	4
0	93	0	87	58	0	13
0	93	0	88	58	0	7
0	93	0	89	58	0	4
0	93	0	90	58	0	5
0	93	0	91	58	0	5
0	93	0	92	58	0	5
0	93	0	73	57	0	3
0	93	0	74	57	0	1
0	93	0	75	57	0	7
0	93	0	76	57	0	2
0	93	0	78	57	0	3
0	93	0	79	57	0	4
0	93	0	80	57	0	1
0	93	0	81	57	0	6
0	93	0	82	57	0	10
0	93	0	83	57	0	7
0	93	0	84	57	0	6
0	93	0	85	57	0	11
0	93	0	86	57	0	12
0	93	0	87	57	0	5
0	93	0	88	57	0	6
0	93	0	89	57	0	6
0	93	0	90	57	0	7
0	93	0	91	57	0	8
0	93	0	92	57	0	6
0	93	0	75	56	0	1
0	93	0	76	56	0	0
0	93	0	78	56	0	2
0	93	0	79	56	0	2
0	93	0	80	56	0	6
0	93	0	81	56	0	1
0	93	0	82	56	0	8
0	93	0	83	56	0	5
0	93	0	84	56	0	7
0	93	0	85	56	0	12
0	93	0	86	56	0	6
0	93	0	87	56	0	8
0	93	0	88	56	0	1
0	93	0	89	56	0	1
0	93	0	90	56	0	16
0	93	0	91	56	0	6
0	93	0	92	56	0	2
0	93	0	75	55	0	1
0	93	0	76	55	0	0
0	93	0	78	55	0	8
0	93	0	79	55	0	0
0	93	0	80	55	0	6
0	93	0	81	55	0	5
0	93	0	82	55	0	2
0	93	0	83	55	0	0
0	93	0	84	55	0	0
0	93	0	85	55	0	2
0	93	0	86	55	0	2
0	93	0	87	55	0	4
0	93	0	89	55	0	1
0	93	0	90	55	0	3
0	93	0	91	55	0	14
0	93	0	92	55	0	7
0	93	0	78	54	0	3
0	93	0	79	54	0	4
0	93	0	80	54	0	4
0	93	0	81	54	0	6
0	93	0	82	54	0	0
0	93	0	83	54	0	2
0	93	0	84	54	0	6
0	93	0	85	54	0	8
0	93	0	86	54	0	11
0	93	0	89	54	0	7
0	93	0	90	54	0	9
0	93	0	91	54	0	4
0	93	0	92	54	0	8
0	93	0	80	53	0	8
0	93	0	81	53	0	6
0	93	0	82	53	0	1
0	93	0	83	53	0	0
0	93	0	84	53	0	8
0	93	0	85	53	0	0
0	93	0	90	53	0	6
0	93	0	91	53	0	6
0	93	0	92	53	0	6
0	93	0	93	53	0	7
0	93	0	75	52	0	1
0	93	0	80	52	0	0
0	93	0	81	52	0	1
0	93	0	91	52	0	0
0	93	0	92	52	0	1
0	93	0	93	52	0	6
0	93	0	76	51	0	1
0	93	0	92	51	0	3
0	93	0	92	50	0	0
0	94	0	75	70	0	0
0	94	0	77	70	0	1
0	94	0	78	70	0	8
0	94	0	79	70	0	0
0	94	0	80	70	0	0
0	94	0	75	69	0	1
0	94	0	77	69	0	1
0	94	0	78	69	0	0
0	94	0	79	69	0	5
0	94	0	80	69	0	8
0	94	0	81	69	0	6
0	94	0	75	68	0	0
0	94	0	77	68	0	5
0	94	0	78	68	0	1
0	94	0	79	68	0	9
0	94	0	80	68	0	2
0	94	0	81	68	0	15
0	94	0	82	68	0	0
0	94	0	83	68	0	3
0	94	0	76	67	0	1
0	94	0	77	67	0	0
0	94	0	78	67	0	8
0	94	0	79	67	0	4
0	94	0	80	67	0	7
0	94	0	81	67	0	2
0	94	0	82	67	0	5
0	94	0	83	67	0	7
0	94	0	84	67	0	10
0	94	0	85	67	0	16
0	94	0	86	67	0	5
0	94	0	69	66	0	2
0	94	0	70	66	0	1
0	94	0	74	66	0	3
0	94	0	75	66	0	0
0	94	0	76	66	0	2
0	94	0	77	66	0	12
0	94	0	78	66	0	7
0	94	0	79	66	0	6
0	94	0	80	66	0	9
0	94	0	81	66	0	10
0	94	0	82	66	0	8
0	94	0	83	66	0	13
0	94	0	84	66	0	5
0	94	0	85	66	0	15
0	94	0	86	66	0	4
0	94	0	87	66	0	11
0	94	0	71	65	0	0
0	94	0	72	65	0	2
0	94	0	73	65	0	2
0	94	0	74	65	0	8
0	94	0	76	65	0	4
0	94	0	77	65	0	2
0	94	0	78	65	0	7
0	94	0	79	65	0	11
0	94	0	80	65	0	9
0	94	0	81	65	0	6
0	94	0	82	65	0	2
0	94	0	83	65	0	4
0	94	0	84	65	0	4
0	94	0	85	65	0	3
0	94	0	86	65	0	11
0	94	0	87	65	0	7
0	94	0	72	64	0	4
0	94	0	73	64	0	0
0	94	0	74	64	0	7
0	94	0	75	64	0	2
0	94	0	76	64	0	3
0	94	0	77	64	0	16
0	94	0	78	64	0	8
0	94	0	79	64	0	9
0	94	0	80	64	0	5
0	94	0	81	64	0	10
0	94	0	82	64	0	8
0	94	0	83	64	0	4
0	94	0	84	64	0	14
0	94	0	85	64	0	1
0	94	0	86	64	0	8
0	94	0	87	64	0	1
0	94	0	88	64	0	7
0	94	0	89	64	0	11
0	94	0	73	63	0	4
0	94	0	74	63	0	8
0	94	0	75	63	0	7
0	94	0	76	63	0	5
0	94	0	77	63	0	9
0	94	0	78	63	0	20
0	94	0	79	63	0	6
0	94	0	80	63	0	10
0	94	0	81	63	0	2
0	94	0	82	63	0	6
0	94	0	83	63	0	5
0	94	0	84	63	0	6
0	94	0	85	63	0	6
0	94	0	86	63	0	12
0	94	0	87	63	0	2
0	94	0	88	63	0	7
0	94	0	89	63	0	4
0	94	0	90	63	0	17
0	94	0	73	62	0	6
0	94	0	74	62	0	0
0	94	0	75	62	0	4
0	94	0	76	62	0	11
0	94	0	77	62	0	5
0	94	0	78	62	0	6
0	94	0	79	62	0	8
0	94	0	80	62	0	7
0	94	0	81	62	0	16
0	94	0	82	62	0	9
0	94	0	83	62	0	6
0	94	0	84	62	0	7
0	94	0	85	62	0	0
0	94	0	86	62	0	5
0	94	0	87	62	0	10
0	94	0	88	62	0	17
0	94	0	89	62	0	3
0	94	0	90	62	0	4
0	94	0	91	62	0	4
0	94	0	72	61	0	6
0	94	0	73	61	0	4
0	94	0	74	61	0	6
0	94	0	75	61	0	5
0	94	0	76	61	0	1
0	94	0	77	61	0	11
0	94	0	78	61	0	10
0	94	0	79	61	0	10
0	94	0	80	61	0	6
0	94	0	81	61	0	5
0	94	0	82	61	0	1
0	94	0	85	61	0	5
0	94	0	91	61	0	7
0	94	0	71	60	0	0
0	94	0	72	60	0	0
0	94	0	73	60	0	1
0	94	0	74	60	0	8
0	94	0	75	60	0	1
0	94	0	76	60	0	5
0	94	0	77	60	0	12
0	94	0	78	60	0	11
0	94	0	85	60	0	10
0	94	0	86	60	0	3
0	94	0	87	60	0	12
0	94	0	88	60	0	10
0	94	0	89	60	0	2
0	94	0	90	60	0	9
0	94	0	91	60	0	11
0	94	0	72	59	0	0
0	94	0	81	59	0	0
0	94	0	82	59	0	0
0	94	0	83	59	0	13
0	94	0	84	59	0	12
0	94	0	85	59	0	8
0	94	0	86	59	0	6
0	94	0	87	59	0	9
0	94	0	88	59	0	14
0	94	0	89	59	0	0
0	94	0	90	59	0	12
0	94	0	91	59	0	8
0	94	0	79	58	0	6
0	94	0	80	58	0	5
0	94	0	81	58	0	2
0	94	0	82	58	0	1
0	94	0	83	58	0	4
0	94	0	84	58	0	6
0	94	0	85	58	0	9
0	94	0	86	58	0	3
0	94	0	87	58	0	9
0	94	0	88	58	0	8
0	94	0	89	58	0	2
0	94	0	90	58	0	6
0	94	0	91	58	0	11
0	94	0	92	58	0	6
0	94	0	73	57	0	5
0	94	0	74	57	0	2
0	94	0	75	57	0	9
0	94	0	76	57	0	4
0	94	0	78	57	0	8
0	94	0	79	57	0	2
0	94	0	80	57	0	1
0	94	0	81	57	0	5
0	94	0	82	57	0	8
0	94	0	83	57	0	7
0	94	0	84	57	0	14
0	94	0	85	57	0	4
0	94	0	86	57	0	8
0	94	0	87	57	0	9
0	94	0	88	57	0	8
0	94	0	89	57	0	6
0	94	0	90	57	0	6
0	94	0	91	57	0	11
0	94	0	92	57	0	8
0	94	0	73	56	0	1
0	94	0	75	56	0	0
0	94	0	76	56	0	1
0	94	0	78	56	0	6
0	94	0	79	56	0	3
0	94	0	80	56	0	7
0	94	0	81	56	0	1
0	94	0	82	56	0	12
0	94	0	83	56	0	3
0	94	0	84	56	0	4
0	94	0	85	56	0	14
0	94	0	86	56	0	13
0	94	0	87	56	0	6
0	94	0	88	56	0	0
0	94	0	89	56	0	4
0	94	0	90	56	0	10
0	94	0	91	56	0	12
0	94	0	92	56	0	1
0	94	0	75	55	0	0
0	94	0	76	55	0	0
0	94	0	78	55	0	9
0	94	0	79	55	0	0
0	94	0	80	55	0	6
0	94	0	81	55	0	3
0	94	0	82	55	0	0
0	94	0	83	55	0	1
0	94	0	84	55	0	1
0	94	0	85	55	0	4
0	94	0	86	55	0	1
0	94	0	87	55	0	1
0	94	0	89	55	0	2
0	94	0	90	55	0	7
0	94	0	91	55	0	15
0	94	0	92	55	0	10
0	94	0	75	54	0	1
0	94	0	78	54	0	4
0	94	0	79	54	0	12
0	94	0	80	54	0	7
0	94	0	81	54	0	8
0	94	0	82	54	0	1
0	94	0	83	54	0	3
0	94	0	84	54	0	8
0	94	0	85	54	0	8
0	94	0	86	54	0	1
0	94	0	89	54	0	7
0	94	0	90	54	0	9
0	94	0	91	54	0	5
0	94	0	92	54	0	11
0	94	0	78	53	0	1
0	94	0	79	53	0	1
0	94	0	80	53	0	4
0	94	0	81	53	0	8
0	94	0	82	53	0	1
0	94	0	83	53	0	0
0	94	0	84	53	0	2
0	94	0	85	53	0	0
0	94	0	90	53	0	4
0	94	0	91	53	0	8
0	94	0	92	53	0	6
0	94	0	93	53	0	8
0	94	0	75	52	0	2
0	94	0	79	52	0	1
0	94	0	80	52	0	0
0	94	0	81	52	0	1
0	94	0	91	52	0	0
0	94	0	92	52	0	3
0	94	0	93	52	0	7
0	94	0	76	51	0	0
0	94	0	91	51	0	1
0	94	0	92	51	0	2
0	94	0	92	50	0	0
0	95	0	75	70	0	0
0	95	0	77	70	0	2
0	95	0	78	70	0	8
0	95	0	79	70	0	1
0	95	0	80	70	0	0
0	95	0	75	69	0	1
0	95	0	77	69	0	2
0	95	0	78	69	0	1
0	95	0	79	69	0	6
0	95	0	80	69	0	4
0	95	0	81	69	0	6
0	95	0	75	68	0	1
0	95	0	76	68	0	1
0	95	0	77	68	0	7
0	95	0	78	68	0	4
0	95	0	79	68	0	10
0	95	0	80	68	0	4
0	95	0	81	68	0	14
0	95	0	82	68	0	0
0	95	0	83	68	0	5
0	95	0	76	67	0	3
0	95	0	77	67	0	0
0	95	0	78	67	0	10
0	95	0	79	67	0	4
0	95	0	80	67	0	8
0	95	0	81	67	0	2
0	95	0	82	67	0	4
0	95	0	83	67	0	10
0	95	0	84	67	0	13
0	95	0	85	67	0	10
0	95	0	86	67	0	5
0	95	0	68	66	0	1
0	95	0	69	66	0	1
0	95	0	70	66	0	4
0	95	0	74	66	0	5
0	95	0	75	66	0	0
0	95	0	76	66	0	0
0	95	0	77	66	0	9
0	95	0	78	66	0	9
0	95	0	79	66	0	4
0	95	0	80	66	0	9
0	95	0	81	66	0	4
0	95	0	82	66	0	11
0	95	0	83	66	0	24
0	95	0	84	66	0	5
0	95	0	85	66	0	10
0	95	0	86	66	0	2
0	95	0	87	66	0	6
0	95	0	71	65	0	0
0	95	0	72	65	0	2
0	95	0	73	65	0	1
0	95	0	74	65	0	8
0	95	0	75	65	0	1
0	95	0	76	65	0	4
0	95	0	77	65	0	1
0	95	0	78	65	0	8
0	95	0	79	65	0	12
0	95	0	80	65	0	9
0	95	0	81	65	0	8
0	95	0	82	65	0	2
0	95	0	83	65	0	5
0	95	0	84	65	0	5
0	95	0	85	65	0	7
0	95	0	86	65	0	11
0	95	0	87	65	0	12
0	95	0	71	64	0	1
0	95	0	72	64	0	4
0	95	0	73	64	0	0
0	95	0	74	64	0	7
0	95	0	75	64	0	5
0	95	0	76	64	0	4
0	95	0	77	64	0	8
0	95	0	78	64	0	6
0	95	0	79	64	0	3
0	95	0	80	64	0	6
0	95	0	81	64	0	4
0	95	0	82	64	0	12
0	95	0	83	64	0	4
0	95	0	84	64	0	17
0	95	0	85	64	0	1
0	95	0	86	64	0	11
0	95	0	87	64	0	1
0	95	0	88	64	0	11
0	95	0	89	64	0	14
0	95	0	72	63	0	1
0	95	0	73	63	0	6
0	95	0	74	63	0	7
0	95	0	75	63	0	7
0	95	0	76	63	0	4
0	95	0	77	63	0	16
0	95	0	78	63	0	13
0	95	0	79	63	0	5
0	95	0	80	63	0	8
0	95	0	81	63	0	3
0	95	0	82	63	0	10
0	95	0	83	63	0	3
0	95	0	84	63	0	1
0	95	0	85	63	0	10
0	95	0	86	63	0	10
0	95	0	87	63	0	2
0	95	0	88	63	0	6
0	95	0	89	63	0	7
0	95	0	90	63	0	15
0	95	0	73	62	0	12
0	95	0	74	62	0	0
0	95	0	75	62	0	3
0	95	0	76	62	0	10
0	95	0	77	62	0	6
0	95	0	78	62	0	8
0	95	0	79	62	0	14
0	95	0	80	62	0	7
0	95	0	81	62	0	19
0	95	0	82	62	0	4
0	95	0	83	62	0	10
0	95	0	84	62	0	4
0	95	0	85	62	0	0
0	95	0	86	62	0	8
0	95	0	87	62	0	13
0	95	0	88	62	0	19
0	95	0	89	62	0	5
0	95	0	90	62	0	6
0	95	0	91	62	0	2
0	95	0	72	61	0	3
0	95	0	73	61	0	4
0	95	0	74	61	0	11
0	95	0	75	61	0	1
0	95	0	76	61	0	3
0	95	0	77	61	0	11
0	95	0	78	61	0	12
0	95	0	79	61	0	16
0	95	0	80	61	0	10
0	95	0	81	61	0	6
0	95	0	82	61	0	2
0	95	0	85	61	0	6
0	95	0	91	61	0	8
0	95	0	71	60	0	0
0	95	0	72	60	0	0
0	95	0	73	60	0	1
0	95	0	74	60	0	2
0	95	0	75	60	0	2
0	95	0	76	60	0	6
0	95	0	77	60	0	10
0	95	0	78	60	0	15
0	95	0	85	60	0	7
0	95	0	86	60	0	1
0	95	0	88	60	0	11
0	95	0	89	60	0	7
0	95	0	90	60	0	8
0	95	0	91	60	0	12
0	95	0	72	59	0	0
0	95	0	81	59	0	0
0	95	0	82	59	0	0
0	95	0	83	59	0	15
0	95	0	84	59	0	10
0	95	0	85	59	0	4
0	95	0	86	59	0	6
0	95	0	87	59	0	16
0	95	0	88	59	0	12
0	95	0	89	59	0	0
0	95	0	90	59	0	9
0	95	0	91	59	0	9
0	95	0	79	58	0	7
0	95	0	80	58	0	2
0	95	0	81	58	0	4
0	95	0	82	58	0	4
0	95	0	83	58	0	5
0	95	0	84	58	0	6
0	95	0	85	58	0	11
0	95	0	86	58	0	6
0	95	0	87	58	0	10
0	95	0	88	58	0	14
0	95	0	89	58	0	4
0	95	0	90	58	0	9
0	95	0	91	58	0	7
0	95	0	92	58	0	10
0	95	0	73	57	0	4
0	95	0	74	57	0	4
0	95	0	75	57	0	3
0	95	0	76	57	0	1
0	95	0	78	57	0	8
0	95	0	79	57	0	3
0	95	0	80	57	0	3
0	95	0	81	57	0	6
0	95	0	82	57	0	7
0	95	0	83	57	0	5
0	95	0	84	57	0	9
0	95	0	85	57	0	7
0	95	0	86	57	0	12
0	95	0	87	57	0	6
0	95	0	88	57	0	12
0	95	0	89	57	0	4
0	95	0	90	57	0	9
0	95	0	91	57	0	13
0	95	0	92	57	0	4
0	95	0	73	56	0	0
0	95	0	75	56	0	1
0	95	0	76	56	0	1
0	95	0	78	56	0	8
0	95	0	79	56	0	4
0	95	0	80	56	0	7
0	95	0	81	56	0	3
0	95	0	82	56	0	12
0	95	0	83	56	0	8
0	95	0	84	56	0	7
0	95	0	85	56	0	12
0	95	0	86	56	0	7
0	95	0	87	56	0	5
0	95	0	88	56	0	1
0	95	0	89	56	0	5
0	95	0	90	56	0	4
0	95	0	91	56	0	12
0	95	0	92	56	0	4
0	95	0	75	55	0	0
0	95	0	76	55	0	1
0	95	0	78	55	0	8
0	95	0	79	55	0	1
0	95	0	80	55	0	12
0	95	0	81	55	0	6
0	95	0	82	55	0	0
0	95	0	83	55	0	3
0	95	0	84	55	0	4
0	95	0	85	55	0	6
0	95	0	86	55	0	1
0	95	0	87	55	0	3
0	95	0	89	55	0	4
0	95	0	90	55	0	8
0	95	0	91	55	0	16
0	95	0	92	55	0	4
0	95	0	75	54	0	0
0	95	0	77	54	0	1
0	95	0	78	54	0	7
0	95	0	79	54	0	15
0	95	0	80	54	0	10
0	95	0	81	54	0	4
0	95	0	82	54	0	0
0	95	0	83	54	0	3
0	95	0	84	54	0	7
0	95	0	85	54	0	4
0	95	0	86	54	0	2
0	95	0	89	54	0	6
0	95	0	90	54	0	8
0	95	0	91	54	0	8
0	95	0	92	54	0	13
0	95	0	78	53	0	1
0	95	0	79	53	0	1
0	95	0	80	53	0	5
0	95	0	81	53	0	10
0	95	0	82	53	0	4
0	95	0	83	53	0	0
0	95	0	84	53	0	3
0	95	0	85	53	0	1
0	95	0	90	53	0	5
0	95	0	91	53	0	11
0	95	0	92	53	0	10
0	95	0	93	53	0	8
0	95	0	75	52	0	1
0	95	0	79	52	0	1
0	95	0	80	52	0	1
0	95	0	81	52	0	0
0	95	0	82	52	0	1
0	95	0	91	52	0	0
0	95	0	92	52	0	1
0	95	0	93	52	0	9
0	95	0	76	51	0	0
0	95	0	91	51	0	2
0	95	0	92	51	0	1
0	95	0	92	50	0	0
0	96	0	75	70	0	0
0	96	0	77	70	0	5
0	96	0	78	70	0	8
0	96	0	79	70	0	0
0	96	0	80	70	0	1
0	96	0	81	70	0	1
0	96	0	75	69	0	3
0	96	0	77	69	0	3
0	96	0	78	69	0	4
0	96	0	79	69	0	4
0	96	0	80	69	0	4
0	96	0	81	69	0	10
0	96	0	73	68	0	1
0	96	0	75	68	0	0
0	96	0	76	68	0	4
0	96	0	77	68	0	6
0	96	0	78	68	0	6
0	96	0	79	68	0	12
0	96	0	80	68	0	5
0	96	0	81	68	0	15
0	96	0	82	68	0	0
0	96	0	83	68	0	7
0	96	0	76	67	0	7
0	96	0	77	67	0	0
0	96	0	78	67	0	10
0	96	0	79	67	0	5
0	96	0	80	67	0	9
0	96	0	81	67	0	4
0	96	0	82	67	0	3
0	96	0	83	67	0	5
0	96	0	84	67	0	13
0	96	0	85	67	0	9
0	96	0	86	67	0	8
0	96	0	68	66	0	2
0	96	0	69	66	0	2
0	96	0	70	66	0	3
0	96	0	72	66	0	1
0	96	0	73	66	0	1
0	96	0	74	66	0	10
0	96	0	75	66	0	0
0	96	0	76	66	0	0
0	96	0	77	66	0	8
0	96	0	78	66	0	12
0	96	0	79	66	0	3
0	96	0	80	66	0	11
0	96	0	81	66	0	6
0	96	0	82	66	0	17
0	96	0	83	66	0	13
0	96	0	84	66	0	11
0	96	0	85	66	0	6
0	96	0	86	66	0	4
0	96	0	87	66	0	4
0	96	0	71	65	0	0
0	96	0	72	65	0	4
0	96	0	73	65	0	1
0	96	0	74	65	0	10
0	96	0	75	65	0	0
0	96	0	76	65	0	6
0	96	0	77	65	0	2
0	96	0	78	65	0	8
0	96	0	79	65	0	13
0	96	0	80	65	0	12
0	96	0	81	65	0	6
0	96	0	82	65	0	3
0	96	0	83	65	0	3
0	96	0	84	65	0	7
0	96	0	85	65	0	15
0	96	0	86	65	0	10
0	96	0	87	65	0	11
0	96	0	71	64	0	3
0	96	0	72	64	0	5
0	96	0	73	64	0	0
0	96	0	74	64	0	6
0	96	0	75	64	0	11
0	96	0	76	64	0	10
0	96	0	77	64	0	10
0	96	0	78	64	0	5
0	96	0	79	64	0	3
0	96	0	80	64	0	6
0	96	0	81	64	0	9
0	96	0	82	64	0	10
0	96	0	83	64	0	3
0	96	0	84	64	0	15
0	96	0	85	64	0	1
0	96	0	86	64	0	17
0	96	0	87	64	0	2
0	96	0	88	64	0	8
0	96	0	89	64	0	10
0	96	0	72	63	0	1
0	96	0	73	63	0	7
0	96	0	74	63	0	5
0	96	0	75	63	0	6
0	96	0	76	63	0	4
0	96	0	77	63	0	10
0	96	0	78	63	0	13
0	96	0	79	63	0	2
0	96	0	80	63	0	9
0	96	0	81	63	0	4
0	96	0	82	63	0	12
0	96	0	83	63	0	2
0	96	0	84	63	0	3
0	96	0	85	63	0	10
0	96	0	86	63	0	15
0	96	0	87	63	0	2
0	96	0	88	63	0	4
0	96	0	89	63	0	10
0	96	0	90	63	0	13
0	96	0	73	62	0	11
0	96	0	74	62	0	0
0	96	0	75	62	0	4
0	96	0	76	62	0	4
0	96	0	77	62	0	7
0	96	0	78	62	0	10
0	96	0	79	62	0	16
0	96	0	80	62	0	4
0	96	0	81	62	0	17
0	96	0	82	62	0	6
0	96	0	83	62	0	8
0	96	0	84	62	0	3
0	96	0	85	62	0	0
0	96	0	86	62	0	12
0	96	0	87	62	0	12
0	96	0	88	62	0	14
0	96	0	89	62	0	10
0	96	0	90	62	0	7
0	96	0	91	62	0	2
0	96	0	72	61	0	8
0	96	0	73	61	0	6
0	96	0	74	61	0	9
0	96	0	75	61	0	2
0	96	0	76	61	0	4
0	96	0	77	61	0	11
0	96	0	78	61	0	5
0	96	0	79	61	0	10
0	96	0	80	61	0	8
0	96	0	81	61	0	8
0	96	0	85	61	0	9
0	96	0	91	61	0	6
0	96	0	71	60	0	0
0	96	0	72	60	0	0
0	96	0	73	60	0	2
0	96	0	74	60	0	0
0	96	0	75	60	0	2
0	96	0	76	60	0	7
0	96	0	77	60	0	10
0	96	0	78	60	0	12
0	96	0	85	60	0	9
0	96	0	86	60	0	2
0	96	0	88	60	0	13
0	96	0	89	60	0	3
0	96	0	90	60	0	9
0	96	0	91	60	0	14
0	96	0	72	59	0	0
0	96	0	81	59	0	0
0	96	0	82	59	0	1
0	96	0	83	59	0	5
0	96	0	84	59	0	12
0	96	0	85	59	0	5
0	96	0	86	59	0	7
0	96	0	87	59	0	15
0	96	0	88	59	0	8
0	96	0	89	59	0	0
0	96	0	90	59	0	8
0	96	0	91	59	0	7
0	96	0	79	58	0	6
0	96	0	80	58	0	0
0	96	0	81	58	0	4
0	96	0	82	58	0	4
0	96	0	83	58	0	8
0	96	0	84	58	0	8
0	96	0	85	58	0	11
0	96	0	86	58	0	8
0	96	0	87	58	0	7
0	96	0	88	58	0	10
0	96	0	89	58	0	6
0	96	0	90	58	0	7
0	96	0	91	58	0	5
0	96	0	92	58	0	8
0	96	0	73	57	0	3
0	96	0	74	57	0	7
0	96	0	75	57	0	8
0	96	0	76	57	0	1
0	96	0	78	57	0	5
0	96	0	79	57	0	6
0	96	0	80	57	0	5
0	96	0	81	57	0	10
0	96	0	82	57	0	9
0	96	0	83	57	0	12
0	96	0	84	57	0	17
0	96	0	85	57	0	3
0	96	0	86	57	0	9
0	96	0	87	57	0	2
0	96	0	88	57	0	16
0	96	0	89	57	0	7
0	96	0	90	57	0	10
0	96	0	91	57	0	15
0	96	0	92	57	0	9
0	96	0	72	56	0	1
0	96	0	73	56	0	1
0	96	0	75	56	0	5
0	96	0	76	56	0	0
0	96	0	78	56	0	16
0	96	0	79	56	0	2
0	96	0	80	56	0	7
0	96	0	81	56	0	6
0	96	0	82	56	0	12
0	96	0	83	56	0	3
0	96	0	84	56	0	4
0	96	0	85	56	0	15
0	96	0	86	56	0	5
0	96	0	87	56	0	7
0	96	0	88	56	0	1
0	96	0	89	56	0	3
0	96	0	90	56	0	4
0	96	0	91	56	0	10
0	96	0	92	56	0	7
0	96	0	75	55	0	0
0	96	0	76	55	0	1
0	96	0	78	55	0	8
0	96	0	79	55	0	2
0	96	0	80	55	0	10
0	96	0	81	55	0	7
0	96	0	82	55	0	1
0	96	0	83	55	0	6
0	96	0	84	55	0	1
0	96	0	85	55	0	7
0	96	0	86	55	0	0
0	96	0	87	55	0	1
0	96	0	89	55	0	6
0	96	0	90	55	0	8
0	96	0	91	55	0	11
0	96	0	92	55	0	5
0	96	0	75	54	0	0
0	96	0	77	54	0	1
0	96	0	78	54	0	12
0	96	0	79	54	0	12
0	96	0	80	54	0	11
0	96	0	81	54	0	7
0	96	0	82	54	0	0
0	96	0	83	54	0	5
0	96	0	84	54	0	7
0	96	0	85	54	0	6
0	96	0	86	54	0	2
0	96	0	89	54	0	7
0	96	0	90	54	0	7
0	96	0	91	54	0	9
0	96	0	92	54	0	13
0	96	0	77	53	0	1
0	96	0	78	53	0	0
0	96	0	79	53	0	2
0	96	0	80	53	0	6
0	96	0	81	53	0	8
0	96	0	82	53	0	1
0	96	0	83	53	0	1
0	96	0	84	53	0	4
0	96	0	85	53	0	2
0	96	0	90	53	0	5
0	96	0	91	53	0	9
0	96	0	92	53	0	9
0	96	0	93	53	0	10
0	96	0	75	52	0	1
0	96	0	79	52	0	0
0	96	0	80	52	0	1
0	96	0	81	52	0	0
0	96	0	82	52	0	2
0	96	0	91	52	0	1
0	96	0	92	52	0	3
0	96	0	93	52	0	11
0	96	0	76	51	0	0
0	96	0	79	51	0	1
0	96	0	91	51	0	5
0	96	0	92	51	0	0
0	96	0	92	50	0	0
0	97	0	75	70	0	0
0	97	0	77	70	0	9
0	97	0	78	70	0	10
0	97	0	79	70	0	0
0	97	0	80	70	0	1
0	97	0	81	70	0	4
0	97	0	75	69	0	2
0	97	0	77	69	0	6
0	97	0	78	69	0	7
0	97	0	79	69	0	10
0	97	0	80	69	0	1
0	97	0	81	69	0	16
0	97	0	73	68	0	2
0	97	0	75	68	0	0
0	97	0	76	68	0	2
0	97	0	77	68	0	10
0	97	0	78	68	0	7
0	97	0	79	68	0	13
0	97	0	80	68	0	4
0	97	0	81	68	0	18
0	97	0	82	68	0	0
0	97	0	83	68	0	5
0	97	0	72	67	0	1
0	97	0	76	67	0	8
0	97	0	77	67	0	1
0	97	0	78	67	0	4
0	97	0	79	67	0	5
0	97	0	80	67	0	4
0	97	0	81	67	0	6
0	97	0	82	67	0	7
0	97	0	83	67	0	9
0	97	0	84	67	0	15
0	97	0	85	67	0	10
0	97	0	86	67	0	7
0	97	0	68	66	0	2
0	97	0	69	66	0	1
0	97	0	70	66	0	2
0	97	0	72	66	0	1
0	97	0	73	66	0	2
0	97	0	74	66	0	9
0	97	0	75	66	0	0
0	97	0	76	66	0	0
0	97	0	77	66	0	7
0	97	0	78	66	0	14
0	97	0	79	66	0	5
0	97	0	80	66	0	10
0	97	0	81	66	0	4
0	97	0	82	66	0	10
0	97	0	83	66	0	11
0	97	0	84	66	0	13
0	97	0	85	66	0	4
0	97	0	86	66	0	4
0	97	0	87	66	0	7
0	97	0	71	65	0	1
0	97	0	72	65	0	7
0	97	0	73	65	0	0
0	97	0	74	65	0	7
0	97	0	75	65	0	0
0	97	0	76	65	0	9
0	97	0	77	65	0	4
0	97	0	78	65	0	8
0	97	0	79	65	0	14
0	97	0	80	65	0	12
0	97	0	81	65	0	7
0	97	0	82	65	0	5
0	97	0	83	65	0	3
0	97	0	84	65	0	6
0	97	0	85	65	0	9
0	97	0	86	65	0	9
0	97	0	87	65	0	6
0	97	0	71	64	0	3
0	97	0	72	64	0	5
0	97	0	73	64	0	0
0	97	0	74	64	0	7
0	97	0	75	64	0	13
0	97	0	76	64	0	12
0	97	0	77	64	0	9
0	97	0	78	64	0	4
0	97	0	79	64	0	0
0	97	0	80	64	0	2
0	97	0	81	64	0	8
0	97	0	82	64	0	8
0	97	0	83	64	0	4
0	97	0	84	64	0	16
0	97	0	85	64	0	2
0	97	0	86	64	0	10
0	97	0	87	64	0	2
0	97	0	88	64	0	8
0	97	0	89	64	0	7
0	97	0	71	63	0	1
0	97	0	72	63	0	0
0	97	0	73	63	0	9
0	97	0	74	63	0	5
0	97	0	75	63	0	6
0	97	0	76	63	0	8
0	97	0	77	63	0	5
0	97	0	78	63	0	9
0	97	0	79	63	0	3
0	97	0	80	63	0	7
0	97	0	81	63	0	3
0	97	0	82	63	0	11
0	97	0	83	63	0	1
0	97	0	84	63	0	6
0	97	0	85	63	0	9
0	97	0	86	63	0	15
0	97	0	87	63	0	1
0	97	0	88	63	0	5
0	97	0	89	63	0	5
0	97	0	90	63	0	11
0	97	0	73	62	0	9
0	97	0	74	62	0	1
0	97	0	75	62	0	2
0	97	0	76	62	0	5
0	97	0	77	62	0	8
0	97	0	78	62	0	8
0	97	0	79	62	0	13
0	97	0	80	62	0	5
0	97	0	81	62	0	9
0	97	0	82	62	0	6
0	97	0	83	62	0	11
0	97	0	84	62	0	2
0	97	0	85	62	0	0
0	97	0	86	62	0	9
0	97	0	87	62	0	9
0	97	0	88	62	0	12
0	97	0	89	62	0	8
0	97	0	90	62	0	6
0	97	0	91	62	0	3
0	97	0	71	61	0	1
0	97	0	72	61	0	4
0	97	0	73	61	0	5
0	97	0	74	61	0	8
0	97	0	75	61	0	2
0	97	0	76	61	0	5
0	97	0	77	61	0	14
0	97	0	78	61	0	6
0	97	0	79	61	0	12
0	97	0	80	61	0	8
0	97	0	81	61	0	6
0	97	0	85	61	0	13
0	97	0	91	61	0	4
0	97	0	71	60	0	0
0	97	0	72	60	0	0
0	97	0	73	60	0	2
0	97	0	74	60	0	0
0	97	0	75	60	0	2
0	97	0	76	60	0	2
0	97	0	77	60	0	13
0	97	0	78	60	0	13
0	97	0	85	60	0	9
0	97	0	86	60	0	2
0	97	0	88	60	0	9
0	97	0	89	60	0	4
0	97	0	90	60	0	9
0	97	0	91	60	0	6
0	97	0	72	59	0	0
0	97	0	81	59	0	0
0	97	0	82	59	0	2
0	97	0	83	59	0	5
0	97	0	84	59	0	8
0	97	0	85	59	0	5
0	97	0	86	59	0	3
0	97	0	87	59	0	11
0	97	0	88	59	0	8
0	97	0	89	59	0	0
0	97	0	90	59	0	4
0	97	0	91	59	0	11
0	97	0	79	58	0	7
0	97	0	80	58	0	1
0	97	0	81	58	0	5
0	97	0	82	58	0	4
0	97	0	83	58	0	13
0	97	0	84	58	0	11
0	97	0	85	58	0	15
0	97	0	86	58	0	7
0	97	0	87	58	0	8
0	97	0	88	58	0	6
0	97	0	89	58	0	12
0	97	0	90	58	0	7
0	97	0	91	58	0	6
0	97	0	92	58	0	7
0	97	0	73	57	0	3
0	97	0	74	57	0	7
0	97	0	75	57	0	12
0	97	0	76	57	0	0
0	97	0	78	57	0	4
0	97	0	79	57	0	6
0	97	0	80	57	0	8
0	97	0	81	57	0	3
0	97	0	82	57	0	8
0	97	0	83	57	0	8
0	97	0	84	57	0	11
0	97	0	85	57	0	3
0	97	0	86	57	0	13
0	97	0	87	57	0	2
0	97	0	88	57	0	14
0	97	0	89	57	0	7
0	97	0	90	57	0	8
0	97	0	91	57	0	13
0	97	0	92	57	0	12
0	97	0	72	56	0	3
0	97	0	73	56	0	2
0	97	0	75	56	0	7
0	97	0	76	56	0	0
0	97	0	78	56	0	5
0	97	0	79	56	0	4
0	97	0	80	56	0	9
0	97	0	81	56	0	5
0	97	0	82	56	0	19
0	97	0	83	56	0	8
0	97	0	84	56	0	7
0	97	0	85	56	0	11
0	97	0	86	56	0	9
0	97	0	87	56	0	4
0	97	0	88	56	0	2
0	97	0	89	56	0	3
0	97	0	90	56	0	6
0	97	0	91	56	0	8
0	97	0	92	56	0	11
0	97	0	75	55	0	0
0	97	0	76	55	0	2
0	97	0	77	55	0	1
0	97	0	78	55	0	8
0	97	0	79	55	0	5
0	97	0	80	55	0	12
0	97	0	81	55	0	10
0	97	0	82	55	0	0
0	97	0	83	55	0	6
0	97	0	84	55	0	1
0	97	0	85	55	0	6
0	97	0	86	55	0	0
0	97	0	87	55	0	1
0	97	0	89	55	0	7
0	97	0	90	55	0	10
0	97	0	91	55	0	13
0	97	0	92	55	0	7
0	97	0	75	54	0	0
0	97	0	77	54	0	2
0	97	0	78	54	0	11
0	97	0	79	54	0	13
0	97	0	80	54	0	10
0	97	0	81	54	0	9
0	97	0	82	54	0	0
0	97	0	83	54	0	4
0	97	0	84	54	0	3
0	97	0	85	54	0	8
0	97	0	86	54	0	2
0	97	0	89	54	0	6
0	97	0	90	54	0	4
0	97	0	91	54	0	6
0	97	0	92	54	0	11
0	97	0	93	54	0	1
0	97	0	76	53	0	1
0	97	0	77	53	0	3
0	97	0	78	53	0	0
0	97	0	79	53	0	1
0	97	0	80	53	0	5
0	97	0	81	53	0	12
0	97	0	82	53	0	2
0	97	0	83	53	0	2
0	97	0	84	53	0	5
0	97	0	85	53	0	4
0	97	0	90	53	0	6
0	97	0	91	53	0	11
0	97	0	92	53	0	16
0	97	0	93	53	0	9
0	97	0	75	52	0	1
0	97	0	79	52	0	0
0	97	0	80	52	0	3
0	97	0	81	52	0	0
0	97	0	82	52	0	1
0	97	0	91	52	0	4
0	97	0	92	52	0	2
0	97	0	93	52	0	16
0	97	0	76	51	0	0
0	97	0	79	51	0	2
0	97	0	91	51	0	6
0	97	0	92	51	0	0
0	97	0	92	50	0	0
0	98	0	75	70	0	0
0	98	0	77	70	0	3
0	98	0	78	70	0	11
0	98	0	79	70	0	0
0	98	0	80	70	0	1
0	98	0	81	70	0	3
0	98	0	75	69	0	0
0	98	0	76	69	0	2
0	98	0	77	69	0	8
0	98	0	78	69	0	4
0	98	0	79	69	0	11
0	98	0	80	69	0	4
0	98	0	81	69	0	8
0	98	0	73	68	0	2
0	98	0	75	68	0	2
0	98	0	76	68	0	1
0	98	0	77	68	0	9
0	98	0	78	68	0	8
0	98	0	79	68	0	16
0	98	0	80	68	0	3
0	98	0	81	68	0	12
0	98	0	82	68	0	0
0	98	0	83	68	0	1
0	98	0	72	67	0	2
0	98	0	73	67	0	2
0	98	0	75	67	0	1
0	98	0	76	67	0	6
0	98	0	77	67	0	0
0	98	0	78	67	0	1
0	98	0	79	67	0	9
0	98	0	80	67	0	2
0	98	0	81	67	0	5
0	98	0	82	67	0	6
0	98	0	83	67	0	5
0	98	0	84	67	0	7
0	98	0	85	67	0	6
0	98	0	86	67	0	9
0	98	0	68	66	0	3
0	98	0	69	66	0	1
0	98	0	70	66	0	3
0	98	0	72	66	0	0
0	98	0	73	66	0	6
0	98	0	74	66	0	4
0	98	0	75	66	0	0
0	98	0	76	66	0	1
0	98	0	77	66	0	10
0	98	0	78	66	0	18
0	98	0	79	66	0	7
0	98	0	80	66	0	7
0	98	0	81	66	0	2
0	98	0	82	66	0	9
0	98	0	83	66	0	9
0	98	0	84	66	0	11
0	98	0	85	66	0	2
0	98	0	86	66	0	6
0	98	0	87	66	0	8
0	98	0	71	65	0	2
0	98	0	72	65	0	6
0	98	0	73	65	0	2
0	98	0	74	65	0	9
0	98	0	75	65	0	0
0	98	0	76	65	0	8
0	98	0	77	65	0	9
0	98	0	78	65	0	8
0	98	0	79	65	0	7
0	98	0	80	65	0	14
0	98	0	81	65	0	10
0	98	0	82	65	0	7
0	98	0	83	65	0	4
0	98	0	84	65	0	10
0	98	0	85	65	0	12
0	98	0	86	65	0	9
0	98	0	87	65	0	10
0	98	0	71	64	0	6
0	98	0	72	64	0	3
0	98	0	73	64	0	0
0	98	0	74	64	0	7
0	98	0	75	64	0	7
0	98	0	76	64	0	12
0	98	0	77	64	0	7
0	98	0	78	64	0	5
0	98	0	79	64	0	2
0	98	0	80	64	0	2
0	98	0	81	64	0	6
0	98	0	82	64	0	10
0	98	0	83	64	0	8
0	98	0	84	64	0	8
0	98	0	85	64	0	2
0	98	0	86	64	0	9
0	98	0	87	64	0	2
0	98	0	88	64	0	9
0	98	0	89	64	0	8
0	98	0	71	63	0	1
0	98	0	72	63	0	0
0	98	0	73	63	0	9
0	98	0	74	63	0	5
0	98	0	75	63	0	3
0	98	0	76	63	0	9
0	98	0	77	63	0	8
0	98	0	78	63	0	16
0	98	0	79	63	0	3
0	98	0	80	63	0	7
0	98	0	81	63	0	3
0	98	0	82	63	0	11
0	98	0	83	63	0	1
0	98	0	84	63	0	9
0	98	0	85	63	0	13
0	98	0	86	63	0	9
0	98	0	87	63	0	4
0	98	0	88	63	0	10
0	98	0	89	63	0	2
0	98	0	90	63	0	8
0	98	0	73	62	0	9
0	98	0	74	62	0	0
0	98	0	75	62	0	5
0	98	0	76	62	0	7
0	98	0	77	62	0	9
0	98	0	78	62	0	7
0	98	0	79	62	0	16
0	98	0	80	62	0	4
0	98	0	81	62	0	8
0	98	0	82	62	0	8
0	98	0	83	62	0	9
0	98	0	84	62	0	2
0	98	0	85	62	0	0
0	98	0	86	62	0	12
0	98	0	87	62	0	6
0	98	0	88	62	0	5
0	98	0	89	62	0	5
0	98	0	90	62	0	4
0	98	0	70	61	0	1
0	98	0	71	61	0	0
0	98	0	72	61	0	1
0	98	0	73	61	0	7
0	98	0	74	61	0	5
0	98	0	75	61	0	4
0	98	0	76	61	0	5
0	98	0	77	61	0	10
0	98	0	78	61	0	10
0	98	0	79	61	0	7
0	98	0	80	61	0	8
0	98	0	81	61	0	5
0	98	0	85	61	0	14
0	98	0	91	61	0	4
0	98	0	71	60	0	0
0	98	0	72	60	0	1
0	98	0	73	60	0	3
0	98	0	74	60	0	1
0	98	0	75	60	0	5
0	98	0	76	60	0	6
0	98	0	77	60	0	17
0	98	0	78	60	0	9
0	98	0	85	60	0	9
0	98	0	86	60	0	4
0	98	0	88	60	0	9
0	98	0	89	60	0	4
0	98	0	90	60	0	8
0	98	0	91	60	0	10
0	98	0	72	59	0	0
0	98	0	81	59	0	0
0	98	0	82	59	0	5
0	98	0	83	59	0	7
0	98	0	84	59	0	11
0	98	0	85	59	0	4
0	98	0	86	59	0	4
0	98	0	87	59	0	11
0	98	0	88	59	0	14
0	98	0	89	59	0	0
0	98	0	90	59	0	6
0	98	0	91	59	0	14
0	98	0	79	58	0	10
0	98	0	80	58	0	2
0	98	0	81	58	0	7
0	98	0	82	58	0	7
0	98	0	83	58	0	11
0	98	0	84	58	0	14
0	98	0	85	58	0	8
0	98	0	86	58	0	10
0	98	0	87	58	0	13
0	98	0	88	58	0	5
0	98	0	89	58	0	9
0	98	0	90	58	0	7
0	98	0	91	58	0	3
0	98	0	92	58	0	9
0	98	0	73	57	0	1
0	98	0	74	57	0	1
0	98	0	75	57	0	11
0	98	0	76	57	0	0
0	98	0	78	57	0	7
0	98	0	79	57	0	4
0	98	0	80	57	0	11
0	98	0	81	57	0	3
0	98	0	82	57	0	6
0	98	0	83	57	0	6
0	98	0	84	57	0	7
0	98	0	85	57	0	9
0	98	0	86	57	0	7
0	98	0	87	57	0	2
0	98	0	88	57	0	6
0	98	0	89	57	0	6
0	98	0	90	57	0	9
0	98	0	91	57	0	13
0	98	0	92	57	0	4
0	98	0	72	56	0	2
0	98	0	73	56	0	1
0	98	0	75	56	0	9
0	98	0	76	56	0	0
0	98	0	78	56	0	8
0	98	0	79	56	0	1
0	98	0	80	56	0	7
0	98	0	81	56	0	5
0	98	0	82	56	0	10
0	98	0	83	56	0	11
0	98	0	84	56	0	5
0	98	0	85	56	0	12
0	98	0	86	56	0	11
0	98	0	87	56	0	7
0	98	0	88	56	0	2
0	98	0	89	56	0	5
0	98	0	90	56	0	10
0	98	0	91	56	0	7
0	98	0	92	56	0	7
0	98	0	72	55	0	1
0	98	0	75	55	0	1
0	98	0	76	55	0	1
0	98	0	77	55	0	4
0	98	0	78	55	0	8
0	98	0	79	55	0	2
0	98	0	80	55	0	11
0	98	0	81	55	0	7
0	98	0	82	55	0	0
0	98	0	83	55	0	5
0	98	0	84	55	0	1
0	98	0	85	55	0	7
0	98	0	86	55	0	2
0	98	0	87	55	0	1
0	98	0	89	55	0	3
0	98	0	90	55	0	13
0	98	0	91	55	0	6
0	98	0	92	55	0	3
0	98	0	75	54	0	0
0	98	0	77	54	0	2
0	98	0	78	54	0	11
0	98	0	79	54	0	9
0	98	0	80	54	0	10
0	98	0	81	54	0	8
0	98	0	82	54	0	1
0	98	0	83	54	0	2
0	98	0	84	54	0	4
0	98	0	85	54	0	7
0	98	0	86	54	0	4
0	98	0	89	54	0	4
0	98	0	90	54	0	2
0	98	0	91	54	0	5
0	98	0	92	54	0	7
0	98	0	93	54	0	3
0	98	0	76	53	0	3
0	98	0	77	53	0	2
0	98	0	78	53	0	1
0	98	0	79	53	0	4
0	98	0	80	53	0	7
0	98	0	81	53	0	5
0	98	0	82	53	0	3
0	98	0	83	53	0	5
0	98	0	84	53	0	11
0	98	0	85	53	0	8
0	98	0	90	53	0	4
0	98	0	91	53	0	8
0	98	0	92	53	0	14
0	98	0	93	53	0	12
0	98	0	75	52	0	0
0	98	0	79	52	0	2
0	98	0	80	52	0	4
0	98	0	81	52	0	0
0	98	0	82	52	0	3
0	98	0	91	52	0	9
0	98	0	92	52	0	3
0	98	0	93	52	0	14
0	98	0	76	51	0	0
0	98	0	79	51	0	3
0	98	0	91	51	0	4
0	98	0	92	51	0	0
0	98	0	93	51	0	1
0	98	0	79	50	0	1
0	98	0	92	50	0	0
0	99	0	75	70	0	1
0	99	0	77	70	0	4
0	99	0	78	70	0	10
0	99	0	79	70	0	0
0	99	0	80	70	0	2
0	99	0	81	70	0	1
0	99	0	75	69	0	0
0	99	0	76	69	0	1
0	99	0	77	69	0	7
0	99	0	78	69	0	3
0	99	0	79	69	0	10
0	99	0	80	69	0	1
0	99	0	81	69	0	11
0	99	0	73	68	0	2
0	99	0	75	68	0	3
0	99	0	76	68	0	2
0	99	0	77	68	0	13
0	99	0	78	68	0	9
0	99	0	79	68	0	13
0	99	0	80	68	0	3
0	99	0	81	68	0	10
0	99	0	82	68	0	0
0	99	0	83	68	0	1
0	99	0	72	67	0	2
0	99	0	73	67	0	1
0	99	0	75	67	0	0
0	99	0	76	67	0	10
0	99	0	77	67	0	0
0	99	0	78	67	0	1
0	99	0	79	67	0	5
0	99	0	80	67	0	3
0	99	0	81	67	0	4
0	99	0	82	67	0	6
0	99	0	83	67	0	6
0	99	0	84	67	0	5
0	99	0	85	67	0	3
0	99	0	86	67	0	14
0	99	0	68	66	0	3
0	99	0	69	66	0	2
0	99	0	70	66	0	6
0	99	0	71	66	0	1
0	99	0	72	66	0	0
0	99	0	73	66	0	6
0	99	0	74	66	0	5
0	99	0	75	66	0	1
0	99	0	76	66	0	4
0	99	0	77	66	0	11
0	99	0	78	66	0	16
0	99	0	79	66	0	12
0	99	0	80	66	0	7
0	99	0	81	66	0	3
0	99	0	82	66	0	10
0	99	0	83	66	0	12
0	99	0	84	66	0	11
0	99	0	85	66	0	1
0	99	0	86	66	0	6
0	99	0	87	66	0	9
0	99	0	71	65	0	2
0	99	0	72	65	0	6
0	99	0	73	65	0	1
0	99	0	74	65	0	5
0	99	0	75	65	0	0
0	99	0	76	65	0	9
0	99	0	77	65	0	10
0	99	0	78	65	0	7
0	99	0	79	65	0	5
0	99	0	80	65	0	7
0	99	0	81	65	0	11
0	99	0	82	65	0	8
0	99	0	83	65	0	6
0	99	0	84	65	0	12
0	99	0	85	65	0	11
0	99	0	86	65	0	13
0	99	0	87	65	0	15
0	99	0	71	64	0	5
0	99	0	72	64	0	9
0	99	0	73	64	0	3
0	99	0	74	64	0	10
0	99	0	75	64	0	8
0	99	0	76	64	0	11
0	99	0	77	64	0	8
0	99	0	78	64	0	3
0	99	0	79	64	0	2
0	99	0	80	64	0	7
0	99	0	81	64	0	4
0	99	0	82	64	0	10
0	99	0	83	64	0	10
0	99	0	84	64	0	12
0	99	0	85	64	0	3
0	99	0	86	64	0	8
0	99	0	87	64	0	4
0	99	0	88	64	0	9
0	99	0	89	64	0	11
0	99	0	71	63	0	2
0	99	0	72	63	0	1
0	99	0	73	63	0	8
0	99	0	74	63	0	3
0	99	0	75	63	0	7
0	99	0	76	63	0	9
0	99	0	77	63	0	8
0	99	0	78	63	0	11
0	99	0	79	63	0	5
0	99	0	80	63	0	8
0	99	0	81	63	0	2
0	99	0	82	63	0	9
0	99	0	83	63	0	2
0	99	0	84	63	0	7
0	99	0	85	63	0	3
0	99	0	86	63	0	9
0	99	0	87	63	0	7
0	99	0	88	63	0	11
0	99	0	89	63	0	7
0	99	0	90	63	0	6
0	99	0	71	62	0	1
0	99	0	73	62	0	14
0	99	0	74	62	0	2
0	99	0	75	62	0	6
0	99	0	76	62	0	9
0	99	0	77	62	0	8
0	99	0	78	62	0	12
0	99	0	79	62	0	17
0	99	0	80	62	0	5
0	99	0	81	62	0	10
0	99	0	82	62	0	6
0	99	0	83	62	0	7
0	99	0	84	62	0	3
0	99	0	85	62	0	1
0	99	0	86	62	0	9
0	99	0	87	62	0	8
0	99	0	88	62	0	6
0	99	0	89	62	0	9
0	99	0	90	62	0	5
0	99	0	70	61	0	4
0	99	0	71	61	0	0
0	99	0	72	61	0	0
0	99	0	73	61	0	10
0	99	0	74	61	0	4
0	99	0	75	61	0	6
0	99	0	76	61	0	3
0	99	0	77	61	0	11
0	99	0	78	61	0	14
0	99	0	79	61	0	6
0	99	0	80	61	0	10
0	99	0	81	61	0	4
0	99	0	85	61	0	8
0	99	0	91	61	0	8
0	99	0	71	60	0	0
0	99	0	72	60	0	5
0	99	0	73	60	0	6
0	99	0	74	60	0	3
0	99	0	75	60	0	7
0	99	0	76	60	0	5
0	99	0	77	60	0	12
0	99	0	78	60	0	11
0	99	0	85	60	0	7
0	99	0	86	60	0	5
0	99	0	88	60	0	12
0	99	0	89	60	0	4
0	99	0	90	60	0	6
0	99	0	91	60	0	13
0	99	0	72	59	0	0
0	99	0	81	59	0	0
0	99	0	82	59	0	7
0	99	0	83	59	0	5
0	99	0	84	59	0	12
0	99	0	85	59	0	4
0	99	0	86	59	0	10
0	99	0	87	59	0	12
0	99	0	88	59	0	10
0	99	0	89	59	0	0
0	99	0	90	59	0	8
0	99	0	91	59	0	6
0	99	0	79	58	0	9
0	99	0	80	58	0	4
0	99	0	81	58	0	6
0	99	0	82	58	0	4
0	99	0	83	58	0	9
0	99	0	84	58	0	16
0	99	0	85	58	0	7
0	99	0	86	58	0	11
0	99	0	87	58	0	7
0	99	0	88	58	0	8
0	99	0	89	58	0	6
0	99	0	90	58	0	5
0	99	0	91	58	0	2
0	99	0	92	58	0	8
0	99	0	73	57	0	1
0	99	0	74	57	0	1
0	99	0	75	57	0	9
0	99	0	76	57	0	0
0	99	0	78	57	0	4
0	99	0	79	57	0	9
0	99	0	80	57	0	9
0	99	0	81	57	0	2
0	99	0	82	57	0	3
0	99	0	83	57	0	8
0	99	0	84	57	0	11
0	99	0	85	57	0	21
0	99	0	86	57	0	9
0	99	0	87	57	0	4
0	99	0	88	57	0	5
0	99	0	89	57	0	7
0	99	0	90	57	0	6
0	99	0	91	57	0	11
0	99	0	92	57	0	3
0	99	0	72	56	0	3
0	99	0	73	56	0	1
0	99	0	74	56	0	1
0	99	0	75	56	0	11
0	99	0	76	56	0	1
0	99	0	77	56	0	1
0	99	0	78	56	0	7
0	99	0	79	56	0	2
0	99	0	80	56	0	5
0	99	0	81	56	0	9
0	99	0	82	56	0	18
0	99	0	83	56	0	9
0	99	0	84	56	0	8
0	99	0	85	56	0	5
0	99	0	86	56	0	16
0	99	0	87	56	0	4
0	99	0	88	56	0	6
0	99	0	89	56	0	12
0	99	0	90	56	0	13
0	99	0	91	56	0	2
0	99	0	92	56	0	7
0	99	0	72	55	0	1
0	99	0	75	55	0	2
0	99	0	76	55	0	0
0	99	0	77	55	0	7
0	99	0	78	55	0	4
0	99	0	79	55	0	5
0	99	0	80	55	0	8
0	99	0	81	55	0	11
0	99	0	82	55	0	0
0	99	0	83	55	0	5
0	99	0	84	55	0	1
0	99	0	85	55	0	10
0	99	0	86	55	0	1
0	99	0	87	55	0	2
0	99	0	89	55	0	4
0	99	0	90	55	0	14
0	99	0	91	55	0	5
0	99	0	92	55	0	3
0	99	0	75	54	0	0
0	99	0	76	54	0	1
0	99	0	77	54	0	1
0	99	0	78	54	0	9
0	99	0	79	54	0	7
0	99	0	80	54	0	6
0	99	0	81	54	0	14
0	99	0	82	54	0	3
0	99	0	83	54	0	1
0	99	0	84	54	0	3
0	99	0	85	54	0	6
0	99	0	86	54	0	4
0	99	0	89	54	0	3
0	99	0	90	54	0	2
0	99	0	91	54	0	4
0	99	0	92	54	0	8
0	99	0	93	54	0	3
0	99	0	76	53	0	3
0	99	0	77	53	0	4
0	99	0	78	53	0	0
0	99	0	79	53	0	6
0	99	0	80	53	0	8
0	99	0	81	53	0	8
0	99	0	82	53	0	4
0	99	0	83	53	0	2
0	99	0	84	53	0	10
0	99	0	85	53	0	11
0	99	0	90	53	0	6
0	99	0	91	53	0	8
0	99	0	92	53	0	11
0	99	0	93	53	0	16
0	99	0	75	52	0	0
0	99	0	79	52	0	5
0	99	0	80	52	0	1
0	99	0	81	52	0	1
0	99	0	82	52	0	3
0	99	0	91	52	0	8
0	99	0	92	52	0	1
0	99	0	93	52	0	15
0	99	0	76	51	0	0
0	99	0	79	51	0	7
0	99	0	91	51	0	8
0	99	0	92	51	0	0
0	99	0	93	51	0	0
0	99	0	79	50	0	0
0	99	0	92	50	0	0
0	100	0	75	70	0	3
0	100	0	77	70	0	9
0	100	0	78	70	0	11
0	100	0	79	70	0	2
0	100	0	80	70	0	8
0	100	0	81	70	0	1
0	100	0	75	69	0	1
0	100	0	76	69	0	1
0	100	0	77	69	0	8
0	100	0	78	69	0	8
0	100	0	79	69	0	10
0	100	0	80	69	0	2
0	100	0	81	69	0	8
0	100	0	82	69	0	1
0	100	0	73	68	0	4
0	100	0	75	68	0	1
0	100	0	76	68	0	2
0	100	0	77	68	0	9
0	100	0	78	68	0	10
0	100	0	79	68	0	12
0	100	0	80	68	0	4
0	100	0	81	68	0	10
0	100	0	82	68	0	1
0	100	0	83	68	0	1
0	100	0	71	67	0	1
0	100	0	72	67	0	2
0	100	0	73	67	0	1
0	100	0	74	67	0	1
0	100	0	75	67	0	0
0	100	0	76	67	0	12
0	100	0	77	67	0	1
0	100	0	78	67	0	4
0	100	0	79	67	0	10
0	100	0	80	67	0	3
0	100	0	81	67	0	11
0	100	0	82	67	0	10
0	100	0	83	67	0	8
0	100	0	84	67	0	3
0	100	0	85	67	0	1
0	100	0	86	67	0	15
0	100	0	68	66	0	1
0	100	0	69	66	0	0
0	100	0	70	66	0	8
0	100	0	71	66	0	1
0	100	0	72	66	0	1
0	100	0	73	66	0	7
0	100	0	74	66	0	1
0	100	0	75	66	0	2
0	100	0	76	66	0	5
0	100	0	77	66	0	14
0	100	0	78	66	0	15
0	100	0	79	66	0	7
0	100	0	80	66	0	5
0	100	0	81	66	0	5
0	100	0	82	66	0	3
0	100	0	83	66	0	12
0	100	0	84	66	0	9
0	100	0	85	66	0	3
0	100	0	86	66	0	6
0	100	0	87	66	0	10
0	100	0	71	65	0	4
0	100	0	72	65	0	5
0	100	0	73	65	0	1
0	100	0	74	65	0	8
0	100	0	75	65	0	0
0	100	0	76	65	0	10
0	100	0	77	65	0	11
0	100	0	78	65	0	12
0	100	0	79	65	0	8
0	100	0	80	65	0	8
0	100	0	81	65	0	13
0	100	0	82	65	0	9
0	100	0	83	65	0	7
0	100	0	84	65	0	7
0	100	0	85	65	0	14
0	100	0	86	65	0	9
0	100	0	87	65	0	15
0	100	0	71	64	0	10
0	100	0	72	64	0	13
0	100	0	73	64	0	6
0	100	0	74	64	0	5
0	100	0	75	64	0	7
0	100	0	76	64	0	12
0	100	0	77	64	0	12
0	100	0	78	64	0	4
0	100	0	79	64	0	2
0	100	0	80	64	0	11
0	100	0	81	64	0	4
0	100	0	82	64	0	12
0	100	0	83	64	0	11
0	100	0	84	64	0	13
0	100	0	85	64	0	6
0	100	0	86	64	0	8
0	100	0	87	64	0	6
0	100	0	88	64	0	7
0	100	0	89	64	0	5
0	100	0	71	63	0	4
0	100	0	72	63	0	4
0	100	0	73	63	0	7
0	100	0	74	63	0	4
0	100	0	75	63	0	8
0	100	0	76	63	0	9
0	100	0	77	63	0	10
0	100	0	78	63	0	7
0	100	0	79	63	0	8
0	100	0	80	63	0	7
0	100	0	81	63	0	5
0	100	0	82	63	0	8
0	100	0	83	63	0	4
0	100	0	84	63	0	10
0	100	0	85	63	0	4
0	100	0	86	63	0	7
0	100	0	87	63	0	11
0	100	0	88	63	0	10
0	100	0	89	63	0	6
0	100	0	90	63	0	7
0	100	0	71	62	0	2
0	100	0	72	62	0	1
0	100	0	73	62	0	13
0	100	0	74	62	0	4
0	100	0	75	62	0	10
0	100	0	76	62	0	9
0	100	0	77	62	0	9
0	100	0	78	62	0	15
0	100	0	79	62	0	18
0	100	0	80	62	0	7
0	100	0	81	62	0	11
0	100	0	82	62	0	11
0	100	0	83	62	0	5
0	100	0	84	62	0	3
0	100	0	85	62	0	2
0	100	0	86	62	0	8
0	100	0	87	62	0	6
0	100	0	88	62	0	5
0	100	0	89	62	0	10
0	100	0	90	62	0	6
0	100	0	70	61	0	7
0	100	0	71	61	0	1
0	100	0	72	61	0	0
0	100	0	73	61	0	9
0	100	0	74	61	0	7
0	100	0	75	61	0	9
0	100	0	76	61	0	5
0	100	0	77	61	0	8
0	100	0	78	61	0	13
0	100	0	79	61	0	5
0	100	0	80	61	0	7
0	100	0	81	61	0	6
0	100	0	85	61	0	13
0	100	0	91	61	0	6
0	100	0	71	60	0	0
0	100	0	72	60	0	7
0	100	0	73	60	0	2
0	100	0	74	60	0	3
0	100	0	75	60	0	10
0	100	0	76	60	0	4
0	100	0	77	60	0	7
0	100	0	78	60	0	5
0	100	0	85	60	0	8
0	100	0	86	60	0	5
0	100	0	88	60	0	11
0	100	0	89	60	0	6
0	100	0	90	60	0	7
0	100	0	91	60	0	9
0	100	0	72	59	0	0
0	100	0	81	59	0	0
0	100	0	82	59	0	12
0	100	0	83	59	0	4
0	100	0	84	59	0	7
0	100	0	85	59	0	8
0	100	0	86	59	0	9
0	100	0	87	59	0	13
0	100	0	88	59	0	11
0	100	0	89	59	0	1
0	100	0	90	59	0	8
0	100	0	91	59	0	8
0	100	0	79	58	0	5
0	100	0	80	58	0	4
0	100	0	81	58	0	6
0	100	0	82	58	0	4
0	100	0	83	58	0	10
0	100	0	84	58	0	18
0	100	0	85	58	0	9
0	100	0	86	58	0	6
0	100	0	87	58	0	3
0	100	0	88	58	0	8
0	100	0	89	58	0	8
0	100	0	90	58	0	8
0	100	0	91	58	0	3
0	100	0	92	58	0	11
0	100	0	73	57	0	1
0	100	0	74	57	0	2
0	100	0	75	57	0	9
0	100	0	76	57	0	0
0	100	0	78	57	0	6
0	100	0	79	57	0	6
0	100	0	80	57	0	8
0	100	0	81	57	0	3
0	100	0	82	57	0	3
0	100	0	83	57	0	11
0	100	0	84	57	0	16
0	100	0	85	57	0	13
0	100	0	86	57	0	13
0	100	0	87	57	0	6
0	100	0	88	57	0	3
0	100	0	89	57	0	8
0	100	0	90	57	0	7
0	100	0	91	57	0	14
0	100	0	92	57	0	2
0	100	0	72	56	0	4
0	100	0	73	56	0	3
0	100	0	74	56	0	1
0	100	0	75	56	0	12
0	100	0	76	56	0	2
0	100	0	77	56	0	1
0	100	0	78	56	0	7
0	100	0	79	56	0	9
0	100	0	80	56	0	7
0	100	0	81	56	0	7
0	100	0	82	56	0	15
0	100	0	83	56	0	8
0	100	0	84	56	0	6
0	100	0	85	56	0	6
0	100	0	86	56	0	10
0	100	0	87	56	0	3
0	100	0	88	56	0	3
0	100	0	89	56	0	8
0	100	0	90	56	0	10
0	100	0	91	56	0	3
0	100	0	92	56	0	8
0	100	0	72	55	0	3
0	100	0	75	55	0	3
0	100	0	76	55	0	0
0	100	0	77	55	0	6
0	100	0	78	55	0	5
0	100	0	79	55	0	6
0	100	0	80	55	0	7
0	100	0	81	55	0	9
0	100	0	82	55	0	0
0	100	0	83	55	0	8
0	100	0	84	55	0	3
0	100	0	85	55	0	14
0	100	0	86	55	0	0
0	100	0	87	55	0	1
0	100	0	89	55	0	3
0	100	0	90	55	0	12
0	100	0	91	55	0	12
0	100	0	92	55	0	6
0	100	0	75	54	0	0
0	100	0	76	54	0	1
0	100	0	77	54	0	1
0	100	0	78	54	0	8
0	100	0	79	54	0	6
0	100	0	80	54	0	6
0	100	0	81	54	0	11
0	100	0	82	54	0	5
0	100	0	83	54	0	2
0	100	0	84	54	0	5
0	100	0	85	54	0	7
0	100	0	86	54	0	4
0	100	0	89	54	0	3
0	100	0	90	54	0	4
0	100	0	91	54	0	5
0	100	0	92	54	0	10
0	100	0	93	54	0	2
0	100	0	76	53	0	0
0	100	0	77	53	0	3
0	100	0	78	53	0	0
0	100	0	79	53	0	7
0	100	0	80	53	0	9
0	100	0	81	53	0	11
0	100	0	82	53	0	3
0	100	0	83	53	0	2
0	100	0	84	53	0	4
0	100	0	85	53	0	8
0	100	0	90	53	0	8
0	100	0	91	53	0	5
0	100	0	92	53	0	10
0	100	0	93	53	0	9
0	100	0	75	52	0	0
0	100	0	79	52	0	11
0	100	0	80	52	0	2
0	100	0	81	52	0	0
0	100	0	82	52	0	5
0	100	0	91	52	0	7
0	100	0	92	52	0	0
0	100	0	93	52	0	12
0	100	0	76	51	0	0
0	100	0	79	51	0	8
0	100	0	91	51	0	7
0	100	0	92	51	0	0
0	100	0	93	51	0	0
0	100	0	79	50	0	0
0	100	0	91	50	0	1
0	100	0	92	50	0	0
0	100	0	74	49	0	1
0	101	0	74	71	0	1
0	101	0	80	71	0	1
0	101	0	75	70	0	7
0	101	0	77	70	0	3
0	101	0	78	70	0	7
0	101	0	79	70	0	3
0	101	0	80	70	0	8
0	101	0	81	70	0	5
0	101	0	75	69	0	4
0	101	0	76	69	0	1
0	101	0	77	69	0	9
0	101	0	78	69	0	8
0	101	0	79	69	0	10
0	101	0	80	69	0	2
0	101	0	81	69	0	5
0	101	0	82	69	0	2
0	101	0	73	68	0	7
0	101	0	75	68	0	2
0	101	0	76	68	0	4
0	101	0	77	68	0	8
0	101	0	78	68	0	6
0	101	0	79	68	0	8
0	101	0	80	68	0	5
0	101	0	81	68	0	21
0	101	0	82	68	0	3
0	101	0	83	68	0	0
0	101	0	71	67	0	1
0	101	0	72	67	0	3
0	101	0	73	67	0	1
0	101	0	74	67	0	3
0	101	0	75	67	0	1
0	101	0	76	67	0	9
0	101	0	77	67	0	3
0	101	0	78	67	0	5
0	101	0	79	67	0	11
0	101	0	80	67	0	7
0	101	0	81	67	0	9
0	101	0	82	67	0	6
0	101	0	83	67	0	7
0	101	0	84	67	0	1
0	101	0	85	67	0	1
0	101	0	86	67	0	14
0	101	0	68	66	0	2
0	101	0	69	66	0	0
0	101	0	70	66	0	14
0	101	0	71	66	0	5
0	101	0	72	66	0	3
0	101	0	73	66	0	14
0	101	0	74	66	0	1
0	101	0	75	66	0	3
0	101	0	76	66	0	8
0	101	0	77	66	0	9
0	101	0	78	66	0	16
0	101	0	79	66	0	7
0	101	0	80	66	0	6
0	101	0	81	66	0	5
0	101	0	82	66	0	2
0	101	0	83	66	0	11
0	101	0	84	66	0	6
0	101	0	85	66	0	1
0	101	0	86	66	0	7
0	101	0	87	66	0	12
0	101	0	70	65	0	1
0	101	0	71	65	0	4
0	101	0	72	65	0	5
0	101	0	73	65	0	3
0	101	0	74	65	0	8
0	101	0	75	65	0	2
0	101	0	76	65	0	8
0	101	0	77	65	0	10
0	101	0	78	65	0	9
0	101	0	79	65	0	3
0	101	0	80	65	0	12
0	101	0	81	65	0	7
0	101	0	82	65	0	6
0	101	0	83	65	0	8
0	101	0	84	65	0	9
0	101	0	85	65	0	17
0	101	0	86	65	0	13
0	101	0	87	65	0	18
0	101	0	70	64	0	1
0	101	0	71	64	0	12
0	101	0	72	64	0	8
0	101	0	73	64	0	7
0	101	0	74	64	0	5
0	101	0	75	64	0	11
0	101	0	76	64	0	17
0	101	0	77	64	0	6
0	101	0	78	64	0	6
0	101	0	79	64	0	5
0	101	0	80	64	0	5
0	101	0	81	64	0	3
0	101	0	82	64	0	17
0	101	0	83	64	0	7
0	101	0	84	64	0	11
0	101	0	85	64	0	8
0	101	0	86	64	0	6
0	101	0	87	64	0	5
0	101	0	88	64	0	7
0	101	0	89	64	0	2
0	101	0	71	63	0	2
0	101	0	72	63	0	7
0	101	0	73	63	0	11
0	101	0	74	63	0	4
0	101	0	75	63	0	15
0	101	0	76	63	0	11
0	101	0	77	63	0	10
0	101	0	78	63	0	5
0	101	0	79	63	0	6
0	101	0	80	63	0	9
0	101	0	81	63	0	7
0	101	0	82	63	0	12
0	101	0	83	63	0	10
0	101	0	84	63	0	9
0	101	0	85	63	0	5
0	101	0	86	63	0	8
0	101	0	87	63	0	12
0	101	0	88	63	0	6
0	101	0	89	63	0	4
0	101	0	90	63	0	9
0	101	0	70	62	0	1
0	101	0	71	62	0	1
0	101	0	72	62	0	5
0	101	0	73	62	0	14
0	101	0	74	62	0	8
0	101	0	75	62	0	10
0	101	0	76	62	0	10
0	101	0	77	62	0	9
0	101	0	78	62	0	15
0	101	0	79	62	0	13
0	101	0	80	62	0	6
0	101	0	81	62	0	13
0	101	0	82	62	0	10
0	101	0	83	62	0	6
0	101	0	84	62	0	6
0	101	0	85	62	0	4
0	101	0	86	62	0	9
0	101	0	87	62	0	7
0	101	0	88	62	0	9
0	101	0	89	62	0	9
0	101	0	90	62	0	8
0	101	0	70	61	0	12
0	101	0	71	61	0	2
0	101	0	72	61	0	0
0	101	0	73	61	0	9
0	101	0	74	61	0	3
0	101	0	75	61	0	9
0	101	0	76	61	0	6
0	101	0	77	61	0	11
0	101	0	78	61	0	6
0	101	0	79	61	0	3
0	101	0	80	61	0	9
0	101	0	81	61	0	9
0	101	0	85	61	0	7
0	101	0	91	61	0	5
0	101	0	70	60	0	1
0	101	0	71	60	0	0
0	101	0	72	60	0	13
0	101	0	73	60	0	1
0	101	0	74	60	0	5
0	101	0	75	60	0	10
0	101	0	76	60	0	9
0	101	0	77	60	0	10
0	101	0	78	60	0	4
0	101	0	85	60	0	10
0	101	0	86	60	0	6
0	101	0	88	60	0	14
0	101	0	89	60	0	7
0	101	0	90	60	0	9
0	101	0	91	60	0	15
0	101	0	72	59	0	0
0	101	0	81	59	0	1
0	101	0	82	59	0	15
0	101	0	83	59	0	4
0	101	0	84	59	0	9
0	101	0	85	59	0	8
0	101	0	86	59	0	11
0	101	0	87	59	0	7
0	101	0	88	59	0	13
0	101	0	89	59	0	3
0	101	0	90	59	0	6
0	101	0	91	59	0	7
0	101	0	79	58	0	8
0	101	0	80	58	0	4
0	101	0	81	58	0	5
0	101	0	82	58	0	9
0	101	0	83	58	0	8
0	101	0	84	58	0	12
0	101	0	85	58	0	7
0	101	0	86	58	0	8
0	101	0	87	58	0	1
0	101	0	88	58	0	8
0	101	0	89	58	0	8
0	101	0	90	58	0	8
0	101	0	91	58	0	3
0	101	0	92	58	0	9
0	101	0	73	57	0	1
0	101	0	74	57	0	5
0	101	0	75	57	0	8
0	101	0	76	57	0	2
0	101	0	78	57	0	8
0	101	0	79	57	0	7
0	101	0	80	57	0	5
0	101	0	81	57	0	3
0	101	0	82	57	0	1
0	101	0	83	57	0	7
0	101	0	84	57	0	13
0	101	0	85	57	0	15
0	101	0	86	57	0	9
0	101	0	87	57	0	9
0	101	0	88	57	0	1
0	101	0	89	57	0	10
0	101	0	90	57	0	6
0	101	0	91	57	0	12
0	101	0	92	57	0	2
0	101	0	72	56	0	3
0	101	0	73	56	0	3
0	101	0	74	56	0	2
0	101	0	75	56	0	10
0	101	0	76	56	0	2
0	101	0	77	56	0	2
0	101	0	78	56	0	7
0	101	0	79	56	0	7
0	101	0	80	56	0	3
0	101	0	81	56	0	5
0	101	0	82	56	0	11
0	101	0	83	56	0	10
0	101	0	84	56	0	4
0	101	0	85	56	0	5
0	101	0	86	56	0	13
0	101	0	87	56	0	5
0	101	0	88	56	0	3
0	101	0	89	56	0	7
0	101	0	90	56	0	13
0	101	0	91	56	0	4
0	101	0	92	56	0	8
0	101	0	72	55	0	1
0	101	0	75	55	0	6
0	101	0	76	55	0	0
0	101	0	77	55	0	1
0	101	0	78	55	0	6
0	101	0	79	55	0	4
0	101	0	80	55	0	10
0	101	0	81	55	0	9
0	101	0	82	55	0	1
0	101	0	83	55	0	7
0	101	0	84	55	0	5
0	101	0	85	55	0	10
0	101	0	86	55	0	0
0	101	0	87	55	0	1
0	101	0	89	55	0	2
0	101	0	90	55	0	12
0	101	0	91	55	0	9
0	101	0	92	55	0	6
0	101	0	75	54	0	0
0	101	0	76	54	0	0
0	101	0	77	54	0	0
0	101	0	78	54	0	9
0	101	0	79	54	0	6
0	101	0	80	54	0	4
0	101	0	81	54	0	10
0	101	0	82	54	0	4
0	101	0	83	54	0	5
0	101	0	84	54	0	6
0	101	0	85	54	0	14
0	101	0	86	54	0	8
0	101	0	89	54	0	5
0	101	0	90	54	0	3
0	101	0	91	54	0	11
0	101	0	92	54	0	11
0	101	0	93	54	0	1
0	101	0	76	53	0	1
0	101	0	77	53	0	4
0	101	0	78	53	0	1
0	101	0	79	53	0	9
0	101	0	80	53	0	6
0	101	0	81	53	0	11
0	101	0	82	53	0	3
0	101	0	83	53	0	3
0	101	0	84	53	0	3
0	101	0	85	53	0	7
0	101	0	90	53	0	6
0	101	0	91	53	0	11
0	101	0	92	53	0	9
0	101	0	93	53	0	11
0	101	0	75	52	0	0
0	101	0	79	52	0	13
0	101	0	80	52	0	1
0	101	0	81	52	0	0
0	101	0	82	52	0	7
0	101	0	91	52	0	6
0	101	0	92	52	0	1
0	101	0	93	52	0	6
0	101	0	76	51	0	0
0	101	0	79	51	0	10
0	101	0	80	51	0	2
0	101	0	91	51	0	7
0	101	0	92	51	0	0
0	101	0	93	51	0	1
0	101	0	79	50	0	0
0	101	0	91	50	0	3
0	101	0	92	50	0	0
0	101	0	74	49	0	0
0	102	0	74	71	0	0
0	102	0	80	71	0	2
0	102	0	75	70	0	8
0	102	0	77	70	0	6
0	102	0	78	70	0	7
0	102	0	79	70	0	6
0	102	0	80	70	0	14
0	102	0	81	70	0	4
0	102	0	75	69	0	5
0	102	0	76	69	0	3
0	102	0	77	69	0	13
0	102	0	78	69	0	8
0	102	0	79	69	0	8
0	102	0	80	69	0	4
0	102	0	81	69	0	6
0	102	0	82	69	0	5
0	102	0	70	68	0	1
0	102	0	73	68	0	5
0	102	0	75	68	0	2
0	102	0	76	68	0	4
0	102	0	77	68	0	13
0	102	0	78	68	0	4
0	102	0	79	68	0	7
0	102	0	80	68	0	9
0	102	0	81	68	0	20
0	102	0	82	68	0	3
0	102	0	83	68	0	1
0	102	0	71	67	0	0
0	102	0	72	67	0	3
0	102	0	73	67	0	2
0	102	0	74	67	0	5
0	102	0	75	67	0	2
0	102	0	76	67	0	6
0	102	0	77	67	0	2
0	102	0	78	67	0	12
0	102	0	79	67	0	7
0	102	0	80	67	0	10
0	102	0	81	67	0	10
0	102	0	82	67	0	7
0	102	0	83	67	0	8
0	102	0	84	67	0	2
0	102	0	85	67	0	2
0	102	0	86	67	0	12
0	102	0	68	66	0	0
0	102	0	69	66	0	0
0	102	0	70	66	0	17
0	102	0	71	66	0	6
0	102	0	72	66	0	6
0	102	0	73	66	0	15
0	102	0	74	66	0	2
0	102	0	75	66	0	3
0	102	0	76	66	0	6
0	102	0	77	66	0	7
0	102	0	78	66	0	9
0	102	0	79	66	0	12
0	102	0	80	66	0	8
0	102	0	81	66	0	5
0	102	0	82	66	0	2
0	102	0	83	66	0	6
0	102	0	84	66	0	9
0	102	0	85	66	0	0
0	102	0	86	66	0	10
0	102	0	87	66	0	6
0	102	0	70	65	0	3
0	102	0	71	65	0	3
0	102	0	72	65	0	3
0	102	0	73	65	0	0
0	102	0	74	65	0	5
0	102	0	75	65	0	6
0	102	0	76	65	0	7
0	102	0	77	65	0	11
0	102	0	78	65	0	9
0	102	0	79	65	0	4
0	102	0	80	65	0	15
0	102	0	81	65	0	8
0	102	0	82	65	0	8
0	102	0	83	65	0	9
0	102	0	84	65	0	16
0	102	0	85	65	0	14
0	102	0	86	65	0	5
0	102	0	87	65	0	11
0	102	0	70	64	0	0
0	102	0	71	64	0	8
0	102	0	72	64	0	14
0	102	0	73	64	0	9
0	102	0	74	64	0	4
0	102	0	75	64	0	8
0	102	0	76	64	0	17
0	102	0	77	64	0	5
0	102	0	78	64	0	6
0	102	0	79	64	0	15
0	102	0	80	64	0	5
0	102	0	81	64	0	2
0	102	0	82	64	0	12
0	102	0	83	64	0	7
0	102	0	84	64	0	8
0	102	0	85	64	0	14
0	102	0	86	64	0	6
0	102	0	87	64	0	2
0	102	0	88	64	0	6
0	102	0	89	64	0	3
0	102	0	71	63	0	6
0	102	0	72	63	0	10
0	102	0	73	63	0	11
0	102	0	74	63	0	4
0	102	0	75	63	0	13
0	102	0	76	63	0	5
0	102	0	77	63	0	7
0	102	0	78	63	0	10
0	102	0	79	63	0	8
0	102	0	80	63	0	13
0	102	0	81	63	0	4
0	102	0	82	63	0	2
0	102	0	83	63	0	11
0	102	0	84	63	0	8
0	102	0	85	63	0	7
0	102	0	86	63	0	12
0	102	0	87	63	0	12
0	102	0	88	63	0	5
0	102	0	89	63	0	9
0	102	0	90	63	0	6
0	102	0	70	62	0	0
0	102	0	71	62	0	1
0	102	0	72	62	0	7
0	102	0	73	62	0	12
0	102	0	74	62	0	5
0	102	0	75	62	0	8
0	102	0	76	62	0	8
0	102	0	77	62	0	14
0	102	0	78	62	0	8
0	102	0	79	62	0	10
0	102	0	80	62	0	7
0	102	0	81	62	0	10
0	102	0	82	62	0	11
0	102	0	83	62	0	12
0	102	0	84	62	0	8
0	102	0	85	62	0	3
0	102	0	86	62	0	17
0	102	0	87	62	0	11
0	102	0	88	62	0	10
0	102	0	89	62	0	6
0	102	0	90	62	0	6
0	102	0	70	61	0	12
0	102	0	71	61	0	7
0	102	0	72	61	0	0
0	102	0	73	61	0	11
0	102	0	74	61	0	10
0	102	0	75	61	0	12
0	102	0	76	61	0	7
0	102	0	77	61	0	17
0	102	0	78	61	0	7
0	102	0	79	61	0	9
0	102	0	80	61	0	8
0	102	0	81	61	0	8
0	102	0	85	61	0	6
0	102	0	91	61	0	5
0	102	0	70	60	0	1
0	102	0	71	60	0	2
0	102	0	72	60	0	14
0	102	0	73	60	0	2
0	102	0	74	60	0	4
0	102	0	75	60	0	8
0	102	0	76	60	0	7
0	102	0	77	60	0	14
0	102	0	78	60	0	7
0	102	0	85	60	0	9
0	102	0	86	60	0	9
0	102	0	88	60	0	12
0	102	0	89	60	0	5
0	102	0	90	60	0	14
0	102	0	91	60	0	11
0	102	0	72	59	0	0
0	102	0	81	59	0	0
0	102	0	82	59	0	12
0	102	0	83	59	0	7
0	102	0	84	59	0	9
0	102	0	85	59	0	8
0	102	0	86	59	0	11
0	102	0	87	59	0	9
0	102	0	88	59	0	11
0	102	0	89	59	0	5
0	102	0	90	59	0	7
0	102	0	91	59	0	5
0	102	0	79	58	0	11
0	102	0	80	58	0	10
0	102	0	81	58	0	4
0	102	0	82	58	0	14
0	102	0	83	58	0	9
0	102	0	84	58	0	17
0	102	0	85	58	0	6
0	102	0	86	58	0	7
0	102	0	87	58	0	1
0	102	0	88	58	0	9
0	102	0	89	58	0	7
0	102	0	90	58	0	14
0	102	0	91	58	0	7
0	102	0	92	58	0	9
0	102	0	73	57	0	1
0	102	0	74	57	0	8
0	102	0	75	57	0	9
0	102	0	76	57	0	2
0	102	0	78	57	0	2
0	102	0	79	57	0	5
0	102	0	80	57	0	4
0	102	0	81	57	0	4
0	102	0	82	57	0	3
0	102	0	83	57	0	4
0	102	0	84	57	0	10
0	102	0	85	57	0	16
0	102	0	86	57	0	9
0	102	0	87	57	0	9
0	102	0	88	57	0	3
0	102	0	89	57	0	14
0	102	0	90	57	0	3
0	102	0	91	57	0	9
0	102	0	92	57	0	6
0	102	0	72	56	0	5
0	102	0	73	56	0	4
0	102	0	74	56	0	3
0	102	0	75	56	0	13
0	102	0	76	56	0	2
0	102	0	77	56	0	3
0	102	0	78	56	0	11
0	102	0	79	56	0	7
0	102	0	80	56	0	4
0	102	0	81	56	0	8
0	102	0	82	56	0	4
0	102	0	83	56	0	4
0	102	0	84	56	0	3
0	102	0	85	56	0	9
0	102	0	86	56	0	8
0	102	0	87	56	0	3
0	102	0	88	56	0	6
0	102	0	89	56	0	7
0	102	0	90	56	0	16
0	102	0	91	56	0	1
0	102	0	92	56	0	6
0	102	0	70	55	0	1
0	102	0	72	55	0	2
0	102	0	74	55	0	2
0	102	0	75	55	0	6
0	102	0	76	55	0	0
0	102	0	77	55	0	2
0	102	0	78	55	0	6
0	102	0	79	55	0	5
0	102	0	80	55	0	7
0	102	0	81	55	0	11
0	102	0	82	55	0	3
0	102	0	83	55	0	10
0	102	0	84	55	0	7
0	102	0	85	55	0	4
0	102	0	86	55	0	1
0	102	0	87	55	0	1
0	102	0	89	55	0	4
0	102	0	90	55	0	9
0	102	0	91	55	0	9
0	102	0	92	55	0	17
0	102	0	75	54	0	0
0	102	0	76	54	0	0
0	102	0	77	54	0	0
0	102	0	78	54	0	14
0	102	0	79	54	0	6
0	102	0	80	54	0	2
0	102	0	81	54	0	8
0	102	0	82	54	0	2
0	102	0	83	54	0	5
0	102	0	84	54	0	2
0	102	0	85	54	0	16
0	102	0	86	54	0	9
0	102	0	89	54	0	8
0	102	0	90	54	0	7
0	102	0	91	54	0	7
0	102	0	92	54	0	11
0	102	0	93	54	0	1
0	102	0	76	53	0	0
0	102	0	77	53	0	4
0	102	0	78	53	0	5
0	102	0	79	53	0	8
0	102	0	80	53	0	5
0	102	0	81	53	0	14
0	102	0	82	53	0	3
0	102	0	83	53	0	4
0	102	0	84	53	0	5
0	102	0	85	53	0	2
0	102	0	90	53	0	5
0	102	0	91	53	0	11
0	102	0	92	53	0	10
0	102	0	93	53	0	9
0	102	0	75	52	0	0
0	102	0	79	52	0	9
0	102	0	80	52	0	0
0	102	0	81	52	0	0
0	102	0	82	52	0	8
0	102	0	91	52	0	8
0	102	0	92	52	0	0
0	102	0	93	52	0	8
0	102	0	76	51	0	0
0	102	0	77	51	0	1
0	102	0	79	51	0	15
0	102	0	80	51	0	2
0	102	0	91	51	0	16
0	102	0	92	51	0	0
0	102	0	93	51	0	0
0	102	0	79	50	0	0
0	102	0	91	50	0	6
0	102	0	92	50	0	0
0	102	0	74	49	0	0
0	102	0	79	49	0	2
0	103	0	74	71	0	0
0	103	0	80	71	0	2
0	103	0	74	70	0	1
0	103	0	75	70	0	10
0	103	0	77	70	0	4
0	103	0	78	70	0	5
0	103	0	79	70	0	9
0	103	0	80	70	0	11
0	103	0	81	70	0	8
0	103	0	75	69	0	11
0	103	0	76	69	0	4
0	103	0	77	69	0	6
0	103	0	78	69	0	9
0	103	0	79	69	0	8
0	103	0	80	69	0	4
0	103	0	81	69	0	8
0	103	0	82	69	0	10
0	103	0	70	68	0	2
0	103	0	73	68	0	6
0	103	0	74	68	0	1
0	103	0	75	68	0	1
0	103	0	76	68	0	6
0	103	0	77	68	0	7
0	103	0	78	68	0	5
0	103	0	79	68	0	7
0	103	0	80	68	0	6
0	103	0	81	68	0	9
0	103	0	82	68	0	3
0	103	0	83	68	0	5
0	103	0	70	67	0	2
0	103	0	71	67	0	0
0	103	0	72	67	0	7
0	103	0	73	67	0	4
0	103	0	74	67	0	5
0	103	0	75	67	0	3
0	103	0	76	67	0	8
0	103	0	77	67	0	4
0	103	0	78	67	0	14
0	103	0	79	67	0	3
0	103	0	80	67	0	13
0	103	0	81	67	0	10
0	103	0	82	67	0	8
0	103	0	83	67	0	8
0	103	0	84	67	0	4
0	103	0	85	67	0	5
0	103	0	86	67	0	14
0	103	0	68	66	0	0
0	103	0	69	66	0	0
0	103	0	70	66	0	8
0	103	0	71	66	0	6
0	103	0	72	66	0	4
0	103	0	73	66	0	16
0	103	0	74	66	0	2
0	103	0	75	66	0	3
0	103	0	76	66	0	7
0	103	0	77	66	0	5
0	103	0	78	66	0	9
0	103	0	79	66	0	12
0	103	0	80	66	0	10
0	103	0	81	66	0	9
0	103	0	82	66	0	2
0	103	0	83	66	0	8
0	103	0	84	66	0	13
0	103	0	85	66	0	1
0	103	0	86	66	0	11
0	103	0	87	66	0	9
0	103	0	70	65	0	6
0	103	0	71	65	0	2
0	103	0	72	65	0	7
0	103	0	73	65	0	1
0	103	0	74	65	0	4
0	103	0	75	65	0	11
0	103	0	76	65	0	7
0	103	0	77	65	0	10
0	103	0	78	65	0	8
0	103	0	79	65	0	6
0	103	0	80	65	0	14
0	103	0	81	65	0	5
0	103	0	82	65	0	9
0	103	0	83	65	0	7
0	103	0	84	65	0	14
0	103	0	85	65	0	13
0	103	0	86	65	0	12
0	103	0	87	65	0	7
0	103	0	70	64	0	1
0	103	0	71	64	0	5
0	103	0	72	64	0	5
0	103	0	73	64	0	15
0	103	0	74	64	0	4
0	103	0	75	64	0	8
0	103	0	76	64	0	18
0	103	0	77	64	0	4
0	103	0	78	64	0	11
0	103	0	79	64	0	6
0	103	0	80	64	0	8
0	103	0	81	64	0	3
0	103	0	82	64	0	14
0	103	0	83	64	0	8
0	103	0	84	64	0	5
0	103	0	85	64	0	16
0	103	0	86	64	0	6
0	103	0	87	64	0	1
0	103	0	88	64	0	7
0	103	0	89	64	0	6
0	103	0	71	63	0	8
0	103	0	72	63	0	12
0	103	0	73	63	0	6
0	103	0	74	63	0	5
0	103	0	75	63	0	12
0	103	0	76	63	0	6
0	103	0	77	63	0	11
0	103	0	78	63	0	9
0	103	0	79	63	0	8
0	103	0	80	63	0	10
0	103	0	81	63	0	4
0	103	0	82	63	0	4
0	103	0	83	63	0	7
0	103	0	84	63	0	8
0	103	0	85	63	0	8
0	103	0	86	63	0	14
0	103	0	87	63	0	13
0	103	0	88	63	0	5
0	103	0	89	63	0	5
0	103	0	90	63	0	4
0	103	0	70	62	0	1
0	103	0	71	62	0	0
0	103	0	72	62	0	11
0	103	0	73	62	0	12
0	103	0	74	62	0	6
0	103	0	75	62	0	11
0	103	0	76	62	0	3
0	103	0	77	62	0	8
0	103	0	78	62	0	7
0	103	0	79	62	0	17
0	103	0	80	62	0	10
0	103	0	81	62	0	5
0	103	0	82	62	0	9
0	103	0	83	62	0	10
0	103	0	84	62	0	9
0	103	0	85	62	0	6
0	103	0	86	62	0	11
0	103	0	87	62	0	15
0	103	0	88	62	0	11
0	103	0	89	62	0	6
0	103	0	90	62	0	7
0	103	0	70	61	0	14
0	103	0	71	61	0	5
0	103	0	72	61	0	0
0	103	0	73	61	0	12
0	103	0	74	61	0	8
0	103	0	75	61	0	9
0	103	0	76	61	0	6
0	103	0	77	61	0	9
0	103	0	78	61	0	11
0	103	0	79	61	0	10
0	103	0	80	61	0	12
0	103	0	81	61	0	7
0	103	0	85	61	0	5
0	103	0	91	61	0	4
0	103	0	70	60	0	4
0	103	0	71	60	0	5
0	103	0	72	60	0	14
0	103	0	73	60	0	3
0	103	0	74	60	0	4
0	103	0	75	60	0	8
0	103	0	76	60	0	7
0	103	0	77	60	0	10
0	103	0	78	60	0	7
0	103	0	85	60	0	13
0	103	0	86	60	0	12
0	103	0	88	60	0	5
0	103	0	89	60	0	6
0	103	0	90	60	0	11
0	103	0	91	60	0	11
0	103	0	72	59	0	1
0	103	0	81	59	0	3
0	103	0	82	59	0	13
0	103	0	83	59	0	10
0	103	0	84	59	0	6
0	103	0	85	59	0	11
0	103	0	86	59	0	11
0	103	0	87	59	0	13
0	103	0	88	59	0	9
0	103	0	89	59	0	8
0	103	0	90	59	0	10
0	103	0	91	59	0	7
0	103	0	79	58	0	11
0	103	0	80	58	0	6
0	103	0	81	58	0	8
0	103	0	82	58	0	14
0	103	0	83	58	0	5
0	103	0	84	58	0	11
0	103	0	85	58	0	7
0	103	0	86	58	0	9
0	103	0	87	58	0	0
0	103	0	88	58	0	6
0	103	0	89	58	0	2
0	103	0	90	58	0	14
0	103	0	91	58	0	10
0	103	0	92	58	0	10
0	103	0	73	57	0	2
0	103	0	74	57	0	10
0	103	0	75	57	0	10
0	103	0	76	57	0	2
0	103	0	78	57	0	3
0	103	0	79	57	0	5
0	103	0	80	57	0	5
0	103	0	81	57	0	7
0	103	0	82	57	0	5
0	103	0	83	57	0	2
0	103	0	84	57	0	11
0	103	0	85	57	0	15
0	103	0	86	57	0	8
0	103	0	87	57	0	8
0	103	0	88	57	0	1
0	103	0	89	57	0	10
0	103	0	90	57	0	2
0	103	0	91	57	0	11
0	103	0	92	57	0	8
0	103	0	72	56	0	11
0	103	0	73	56	0	1
0	103	0	74	56	0	1
0	103	0	75	56	0	11
0	103	0	76	56	0	3
0	103	0	77	56	0	8
0	103	0	78	56	0	5
0	103	0	79	56	0	13
0	103	0	80	56	0	4
0	103	0	81	56	0	11
0	103	0	82	56	0	4
0	103	0	83	56	0	1
0	103	0	84	56	0	2
0	103	0	85	56	0	7
0	103	0	86	56	0	9
0	103	0	87	56	0	4
0	103	0	88	56	0	9
0	103	0	89	56	0	9
0	103	0	90	56	0	9
0	103	0	91	56	0	2
0	103	0	92	56	0	7
0	103	0	70	55	0	2
0	103	0	72	55	0	3
0	103	0	73	55	0	1
0	103	0	74	55	0	2
0	103	0	75	55	0	5
0	103	0	76	55	0	0
0	103	0	77	55	0	5
0	103	0	78	55	0	6
0	103	0	79	55	0	6
0	103	0	80	55	0	8
0	103	0	81	55	0	6
0	103	0	82	55	0	6
0	103	0	83	55	0	8
0	103	0	84	55	0	9
0	103	0	85	55	0	3
0	103	0	86	55	0	1
0	103	0	87	55	0	3
0	103	0	89	55	0	6
0	103	0	90	55	0	8
0	103	0	91	55	0	9
0	103	0	92	55	0	14
0	103	0	75	54	0	0
0	103	0	76	54	0	0
0	103	0	77	54	0	0
0	103	0	78	54	0	17
0	103	0	79	54	0	5
0	103	0	80	54	0	1
0	103	0	81	54	0	10
0	103	0	82	54	0	0
0	103	0	83	54	0	6
0	103	0	84	54	0	4
0	103	0	85	54	0	8
0	103	0	86	54	0	6
0	103	0	89	54	0	8
0	103	0	90	54	0	5
0	103	0	91	54	0	8
0	103	0	92	54	0	11
0	103	0	93	54	0	2
0	103	0	76	53	0	0
0	103	0	77	53	0	4
0	103	0	78	53	0	6
0	103	0	79	53	0	5
0	103	0	80	53	0	7
0	103	0	81	53	0	9
0	103	0	82	53	0	4
0	103	0	83	53	0	8
0	103	0	84	53	0	4
0	103	0	85	53	0	2
0	103	0	90	53	0	6
0	103	0	91	53	0	10
0	103	0	92	53	0	7
0	103	0	93	53	0	9
0	103	0	75	52	0	0
0	103	0	77	52	0	1
0	103	0	79	52	0	12
0	103	0	80	52	0	0
0	103	0	81	52	0	2
0	103	0	82	52	0	11
0	103	0	91	52	0	14
0	103	0	92	52	0	1
0	103	0	93	52	0	9
0	103	0	76	51	0	0
0	103	0	77	51	0	2
0	103	0	79	51	0	9
0	103	0	80	51	0	4
0	103	0	81	51	0	1
0	103	0	91	51	0	15
0	103	0	92	51	0	0
0	103	0	93	51	0	0
0	103	0	79	50	0	0
0	103	0	91	50	0	10
0	103	0	92	50	0	0
0	103	0	74	49	0	0
0	103	0	79	49	0	3
0	103	0	80	49	0	1
0	104	0	74	71	0	0
0	104	0	80	71	0	1
0	104	0	74	70	0	0
0	104	0	75	70	0	12
0	104	0	77	70	0	1
0	104	0	78	70	0	9
0	104	0	79	70	0	16
0	104	0	80	70	0	4
0	104	0	81	70	0	10
0	104	0	75	69	0	10
0	104	0	76	69	0	8
0	104	0	77	69	0	12
0	104	0	78	69	0	8
0	104	0	79	69	0	3
0	104	0	80	69	0	10
0	104	0	81	69	0	11
0	104	0	82	69	0	16
0	104	0	70	68	0	1
0	104	0	72	68	0	1
0	104	0	73	68	0	6
0	104	0	74	68	0	4
0	104	0	75	68	0	1
0	104	0	76	68	0	9
0	104	0	77	68	0	9
0	104	0	78	68	0	7
0	104	0	79	68	0	15
0	104	0	80	68	0	6
0	104	0	81	68	0	7
0	104	0	82	68	0	4
0	104	0	83	68	0	11
0	104	0	70	67	0	3
0	104	0	71	67	0	0
0	104	0	72	67	0	8
0	104	0	73	67	0	3
0	104	0	74	67	0	9
0	104	0	75	67	0	5
0	104	0	76	67	0	8
0	104	0	77	67	0	3
0	104	0	78	67	0	15
0	104	0	79	67	0	4
0	104	0	80	67	0	11
0	104	0	81	67	0	8
0	104	0	82	67	0	12
0	104	0	83	67	0	4
0	104	0	84	67	0	13
0	104	0	85	67	0	3
0	104	0	86	67	0	20
0	104	0	68	66	0	0
0	104	0	69	66	0	0
0	104	0	70	66	0	8
0	104	0	71	66	0	6
0	104	0	72	66	0	3
0	104	0	73	66	0	10
0	104	0	74	66	0	6
0	104	0	75	66	0	5
0	104	0	76	66	0	6
0	104	0	77	66	0	3
0	104	0	78	66	0	7
0	104	0	79	66	0	10
0	104	0	80	66	0	7
0	104	0	81	66	0	8
0	104	0	82	66	0	2
0	104	0	83	66	0	9
0	104	0	84	66	0	9
0	104	0	85	66	0	3
0	104	0	86	66	0	10
0	104	0	87	66	0	12
0	104	0	70	65	0	8
0	104	0	71	65	0	2
0	104	0	72	65	0	8
0	104	0	73	65	0	2
0	104	0	74	65	0	8
0	104	0	75	65	0	6
0	104	0	76	65	0	15
0	104	0	77	65	0	9
0	104	0	78	65	0	12
0	104	0	79	65	0	5
0	104	0	80	65	0	5
0	104	0	81	65	0	6
0	104	0	82	65	0	9
0	104	0	83	65	0	6
0	104	0	84	65	0	15
0	104	0	85	65	0	23
0	104	0	86	65	0	11
0	104	0	87	65	0	6
0	104	0	70	64	0	3
0	104	0	71	64	0	3
0	104	0	72	64	0	3
0	104	0	73	64	0	13
0	104	0	74	64	0	1
0	104	0	75	64	0	7
0	104	0	76	64	0	13
0	104	0	77	64	0	5
0	104	0	78	64	0	9
0	104	0	79	64	0	10
0	104	0	80	64	0	9
0	104	0	81	64	0	4
0	104	0	82	64	0	15
0	104	0	83	64	0	17
0	104	0	84	64	0	5
0	104	0	85	64	0	16
0	104	0	86	64	0	7
0	104	0	87	64	0	5
0	104	0	88	64	0	5
0	104	0	89	64	0	6
0	104	0	71	63	0	10
0	104	0	72	63	0	17
0	104	0	73	63	0	8
0	104	0	74	63	0	3
0	104	0	75	63	0	17
0	104	0	76	63	0	5
0	104	0	77	63	0	11
0	104	0	78	63	0	10
0	104	0	79	63	0	11
0	104	0	80	63	0	9
0	104	0	81	63	0	5
0	104	0	82	63	0	6
0	104	0	83	63	0	9
0	104	0	84	63	0	8
0	104	0	85	63	0	9
0	104	0	86	63	0	9
0	104	0	87	63	0	9
0	104	0	88	63	0	4
0	104	0	89	63	0	9
0	104	0	90	63	0	5
0	104	0	70	62	0	1
0	104	0	71	62	0	1
0	104	0	72	62	0	10
0	104	0	73	62	0	20
0	104	0	74	62	0	7
0	104	0	75	62	0	9
0	104	0	76	62	0	8
0	104	0	77	62	0	7
0	104	0	78	62	0	8
0	104	0	79	62	0	5
0	104	0	80	62	0	14
0	104	0	81	62	0	5
0	104	0	82	62	0	14
0	104	0	83	62	0	8
0	104	0	84	62	0	6
0	104	0	85	62	0	8
0	104	0	86	62	0	7
0	104	0	87	62	0	11
0	104	0	88	62	0	11
0	104	0	89	62	0	9
0	104	0	90	62	0	9
0	104	0	70	61	0	18
0	104	0	71	61	0	3
0	104	0	72	61	0	0
0	104	0	73	61	0	9
0	104	0	74	61	0	6
0	104	0	75	61	0	8
0	104	0	76	61	0	6
0	104	0	77	61	0	14
0	104	0	78	61	0	21
0	104	0	79	61	0	13
0	104	0	80	61	0	17
0	104	0	81	61	0	6
0	104	0	85	61	0	7
0	104	0	91	61	0	9
0	104	0	69	60	0	1
0	104	0	70	60	0	7
0	104	0	71	60	0	6
0	104	0	72	60	0	11
0	104	0	73	60	0	3
0	104	0	74	60	0	7
0	104	0	75	60	0	6
0	104	0	76	60	0	9
0	104	0	77	60	0	9
0	104	0	78	60	0	8
0	104	0	85	60	0	11
0	104	0	86	60	0	14
0	104	0	88	60	0	3
0	104	0	89	60	0	6
0	104	0	90	60	0	12
0	104	0	91	60	0	14
0	104	0	72	59	0	0
0	104	0	81	59	0	4
0	104	0	82	59	0	12
0	104	0	83	59	0	8
0	104	0	84	59	0	1
0	104	0	85	59	0	11
0	104	0	86	59	0	12
0	104	0	87	59	0	11
0	104	0	88	59	0	9
0	104	0	89	59	0	4
0	104	0	90	59	0	8
0	104	0	91	59	0	7
0	104	0	79	58	0	19
0	104	0	80	58	0	6
0	104	0	81	58	0	7
0	104	0	82	58	0	13
0	104	0	83	58	0	2
0	104	0	84	58	0	8
0	104	0	85	58	0	6
0	104	0	86	58	0	10
0	104	0	87	58	0	3
0	104	0	88	58	0	10
0	104	0	89	58	0	4
0	104	0	90	58	0	10
0	104	0	91	58	0	8
0	104	0	92	58	0	12
0	104	0	72	57	0	1
0	104	0	73	57	0	6
0	104	0	74	57	0	8
0	104	0	75	57	0	17
0	104	0	76	57	0	3
0	104	0	78	57	0	6
0	104	0	79	57	0	14
0	104	0	80	57	0	9
0	104	0	81	57	0	8
0	104	0	82	57	0	7
0	104	0	83	57	0	3
0	104	0	84	57	0	7
0	104	0	85	57	0	12
0	104	0	86	57	0	5
0	104	0	87	57	0	12
0	104	0	88	57	0	4
0	104	0	89	57	0	14
0	104	0	90	57	0	4
0	104	0	91	57	0	5
0	104	0	92	57	0	12
0	104	0	72	56	0	8
0	104	0	73	56	0	0
0	104	0	74	56	0	1
0	104	0	75	56	0	13
0	104	0	76	56	0	5
0	104	0	77	56	0	5
0	104	0	78	56	0	6
0	104	0	79	56	0	15
0	104	0	80	56	0	6
0	104	0	81	56	0	9
0	104	0	82	56	0	9
0	104	0	83	56	0	0
0	104	0	84	56	0	8
0	104	0	85	56	0	7
0	104	0	86	56	0	15
0	104	0	87	56	0	2
0	104	0	88	56	0	12
0	104	0	89	56	0	11
0	104	0	90	56	0	15
0	104	0	91	56	0	3
0	104	0	92	56	0	7
0	104	0	70	55	0	1
0	104	0	72	55	0	4
0	104	0	73	55	0	1
0	104	0	74	55	0	0
0	104	0	75	55	0	4
0	104	0	76	55	0	1
0	104	0	77	55	0	5
0	104	0	78	55	0	9
0	104	0	79	55	0	5
0	104	0	80	55	0	7
0	104	0	81	55	0	4
0	104	0	82	55	0	5
0	104	0	83	55	0	3
0	104	0	84	55	0	10
0	104	0	85	55	0	2
0	104	0	86	55	0	1
0	104	0	87	55	0	5
0	104	0	89	55	0	5
0	104	0	90	55	0	12
0	104	0	91	55	0	6
0	104	0	92	55	0	10
0	104	0	74	54	0	1
0	104	0	75	54	0	1
0	104	0	76	54	0	0
0	104	0	77	54	0	1
0	104	0	78	54	0	13
0	104	0	79	54	0	8
0	104	0	80	54	0	0
0	104	0	81	54	0	11
0	104	0	82	54	0	0
0	104	0	83	54	0	7
0	104	0	84	54	0	7
0	104	0	85	54	0	8
0	104	0	86	54	0	3
0	104	0	89	54	0	9
0	104	0	90	54	0	6
0	104	0	91	54	0	11
0	104	0	92	54	0	8
0	104	0	93	54	0	3
0	104	0	76	53	0	0
0	104	0	77	53	0	4
0	104	0	78	53	0	7
0	104	0	79	53	0	9
0	104	0	80	53	0	6
0	104	0	81	53	0	11
0	104	0	82	53	0	5
0	104	0	83	53	0	7
0	104	0	84	53	0	3
0	104	0	85	53	0	2
0	104	0	90	53	0	6
0	104	0	91	53	0	10
0	104	0	92	53	0	12
0	104	0	93	53	0	9
0	104	0	75	52	0	0
0	104	0	77	52	0	0
0	104	0	79	52	0	8
0	104	0	80	52	0	2
0	104	0	81	52	0	2
0	104	0	82	52	0	6
0	104	0	91	52	0	11
0	104	0	92	52	0	4
0	104	0	93	52	0	7
0	104	0	76	51	0	0
0	104	0	77	51	0	3
0	104	0	79	51	0	6
0	104	0	80	51	0	6
0	104	0	81	51	0	0
0	104	0	91	51	0	12
0	104	0	92	51	0	0
0	104	0	93	51	0	0
0	104	0	79	50	0	0
0	104	0	80	50	0	1
0	104	0	91	50	0	11
0	104	0	92	50	0	1
0	104	0	74	49	0	0
0	104	0	79	49	0	1
0	104	0	80	49	0	0
0	104	0	80	48	0	1
0	105	0	74	71	0	0
0	105	0	80	71	0	2
0	105	0	74	70	0	0
0	105	0	75	70	0	7
0	105	0	77	70	0	3
0	105	0	78	70	0	11
0	105	0	79	70	0	18
0	105	0	80	70	0	6
0	105	0	81	70	0	10
0	105	0	75	69	0	7
0	105	0	76	69	0	11
0	105	0	77	69	0	8
0	105	0	78	69	0	10
0	105	0	79	69	0	2
0	105	0	80	69	0	10
0	105	0	81	69	0	13
0	105	0	82	69	0	13
0	105	0	70	68	0	1
0	105	0	71	68	0	1
0	105	0	72	68	0	0
0	105	0	73	68	0	9
0	105	0	74	68	0	4
0	105	0	75	68	0	1
0	105	0	76	68	0	6
0	105	0	77	68	0	7
0	105	0	78	68	0	3
0	105	0	79	68	0	15
0	105	0	80	68	0	6
0	105	0	81	68	0	7
0	105	0	82	68	0	7
0	105	0	83	68	0	12
0	105	0	70	67	0	6
0	105	0	71	67	0	0
0	105	0	72	67	0	10
0	105	0	73	67	0	6
0	105	0	74	67	0	8
0	105	0	75	67	0	2
0	105	0	76	67	0	9
0	105	0	77	67	0	3
0	105	0	78	67	0	8
0	105	0	79	67	0	4
0	105	0	80	67	0	12
0	105	0	81	67	0	3
0	105	0	82	67	0	9
0	105	0	83	67	0	3
0	105	0	84	67	0	15
0	105	0	85	67	0	6
0	105	0	86	67	0	15
0	105	0	68	66	0	0
0	105	0	69	66	0	0
0	105	0	70	66	0	9
0	105	0	71	66	0	7
0	105	0	72	66	0	2
0	105	0	73	66	0	15
0	105	0	74	66	0	6
0	105	0	75	66	0	6
0	105	0	76	66	0	10
0	105	0	77	66	0	3
0	105	0	78	66	0	6
0	105	0	79	66	0	9
0	105	0	80	66	0	10
0	105	0	81	66	0	7
0	105	0	82	66	0	4
0	105	0	83	66	0	6
0	105	0	84	66	0	6
0	105	0	85	66	0	3
0	105	0	86	66	0	8
0	105	0	87	66	0	8
0	105	0	69	65	0	1
0	105	0	70	65	0	13
0	105	0	71	65	0	7
0	105	0	72	65	0	12
0	105	0	73	65	0	5
0	105	0	74	65	0	4
0	105	0	75	65	0	7
0	105	0	76	65	0	17
0	105	0	77	65	0	8
0	105	0	78	65	0	15
0	105	0	79	65	0	6
0	105	0	80	65	0	2
0	105	0	81	65	0	7
0	105	0	82	65	0	7
0	105	0	83	65	0	6
0	105	0	84	65	0	19
0	105	0	85	65	0	11
0	105	0	86	65	0	11
0	105	0	87	65	0	7
0	105	0	70	64	0	4
0	105	0	71	64	0	9
0	105	0	72	64	0	4
0	105	0	73	64	0	11
0	105	0	74	64	0	2
0	105	0	75	64	0	14
0	105	0	76	64	0	11
0	105	0	77	64	0	3
0	105	0	78	64	0	9
0	105	0	79	64	0	9
0	105	0	80	64	0	16
0	105	0	81	64	0	4
0	105	0	82	64	0	14
0	105	0	83	64	0	10
0	105	0	84	64	0	11
0	105	0	85	64	0	14
0	105	0	86	64	0	10
0	105	0	87	64	0	8
0	105	0	88	64	0	4
0	105	0	89	64	0	10
0	105	0	71	63	0	11
0	105	0	72	63	0	18
0	105	0	73	63	0	7
0	105	0	74	63	0	4
0	105	0	75	63	0	12
0	105	0	76	63	0	7
0	105	0	77	63	0	13
0	105	0	78	63	0	13
0	105	0	79	63	0	8
0	105	0	80	63	0	6
0	105	0	81	63	0	13
0	105	0	82	63	0	1
0	105	0	83	63	0	13
0	105	0	84	63	0	4
0	105	0	85	63	0	7
0	105	0	86	63	0	11
0	105	0	87	63	0	6
0	105	0	88	63	0	4
0	105	0	89	63	0	10
0	105	0	90	63	0	9
0	105	0	69	62	0	1
0	105	0	70	62	0	1
0	105	0	71	62	0	0
0	105	0	72	62	0	13
0	105	0	73	62	0	13
0	105	0	74	62	0	6
0	105	0	75	62	0	14
0	105	0	76	62	0	9
0	105	0	77	62	0	9
0	105	0	78	62	0	6
0	105	0	79	62	0	12
0	105	0	80	62	0	13
0	105	0	81	62	0	6
0	105	0	82	62	0	14
0	105	0	83	62	0	10
0	105	0	84	62	0	11
0	105	0	85	62	0	8
0	105	0	86	62	0	6
0	105	0	87	62	0	12
0	105	0	88	62	0	8
0	105	0	89	62	0	2
0	105	0	90	62	0	8
0	105	0	70	61	0	10
0	105	0	71	61	0	4
0	105	0	72	61	0	2
0	105	0	73	61	0	12
0	105	0	74	61	0	12
0	105	0	75	61	0	8
0	105	0	76	61	0	6
0	105	0	77	61	0	9
0	105	0	78	61	0	14
0	105	0	79	61	0	17
0	105	0	80	61	0	11
0	105	0	81	61	0	7
0	105	0	85	61	0	12
0	105	0	91	61	0	6
0	105	0	68	60	0	1
0	105	0	69	60	0	0
0	105	0	70	60	0	7
0	105	0	71	60	0	13
0	105	0	72	60	0	8
0	105	0	73	60	0	6
0	105	0	74	60	0	5
0	105	0	75	60	0	4
0	105	0	76	60	0	6
0	105	0	77	60	0	8
0	105	0	78	60	0	8
0	105	0	85	60	0	7
0	105	0	86	60	0	18
0	105	0	88	60	0	2
0	105	0	89	60	0	6
0	105	0	90	60	0	10
0	105	0	91	60	0	8
0	105	0	72	59	0	0
0	105	0	81	59	0	9
0	105	0	82	59	0	11
0	105	0	83	59	0	11
0	105	0	84	59	0	0
0	105	0	85	59	0	7
0	105	0	86	59	0	8
0	105	0	87	59	0	11
0	105	0	88	59	0	8
0	105	0	89	59	0	10
0	105	0	90	59	0	14
0	105	0	91	59	0	7
0	105	0	72	58	0	1
0	105	0	79	58	0	11
0	105	0	80	58	0	8
0	105	0	81	58	0	7
0	105	0	82	58	0	13
0	105	0	83	58	0	0
0	105	0	84	58	0	7
0	105	0	85	58	0	8
0	105	0	86	58	0	11
0	105	0	87	58	0	2
0	105	0	88	58	0	13
0	105	0	89	58	0	4
0	105	0	90	58	0	7
0	105	0	91	58	0	5
0	105	0	92	58	0	9
0	105	0	72	57	0	2
0	105	0	73	57	0	7
0	105	0	74	57	0	6
0	105	0	75	57	0	14
0	105	0	76	57	0	2
0	105	0	78	57	0	14
0	105	0	79	57	0	12
0	105	0	80	57	0	9
0	105	0	81	57	0	9
0	105	0	82	57	0	7
0	105	0	83	57	0	4
0	105	0	84	57	0	5
0	105	0	85	57	0	13
0	105	0	86	57	0	5
0	105	0	87	57	0	15
0	105	0	88	57	0	7
0	105	0	89	57	0	15
0	105	0	90	57	0	3
0	105	0	91	57	0	6
0	105	0	92	57	0	12
0	105	0	72	56	0	9
0	105	0	73	56	0	1
0	105	0	74	56	0	1
0	105	0	75	56	0	5
0	105	0	76	56	0	12
0	105	0	77	56	0	9
0	105	0	78	56	0	7
0	105	0	79	56	0	7
0	105	0	80	56	0	6
0	105	0	81	56	0	14
0	105	0	82	56	0	8
0	105	0	83	56	0	0
0	105	0	84	56	0	10
0	105	0	85	56	0	14
0	105	0	86	56	0	11
0	105	0	87	56	0	1
0	105	0	88	56	0	7
0	105	0	89	56	0	13
0	105	0	90	56	0	14
0	105	0	91	56	0	5
0	105	0	92	56	0	4
0	105	0	70	55	0	1
0	105	0	72	55	0	1
0	105	0	73	55	0	2
0	105	0	74	55	0	0
0	105	0	75	55	0	4
0	105	0	76	55	0	3
0	105	0	77	55	0	7
0	105	0	78	55	0	4
0	105	0	79	55	0	7
0	105	0	80	55	0	10
0	105	0	81	55	0	6
0	105	0	82	55	0	2
0	105	0	83	55	0	7
0	105	0	84	55	0	7
0	105	0	85	55	0	4
0	105	0	86	55	0	1
0	105	0	87	55	0	5
0	105	0	89	55	0	9
0	105	0	90	55	0	18
0	105	0	91	55	0	1
0	105	0	92	55	0	4
0	105	0	73	54	0	1
0	105	0	74	54	0	0
0	105	0	75	54	0	3
0	105	0	76	54	0	0
0	105	0	77	54	0	2
0	105	0	78	54	0	14
0	105	0	79	54	0	5
0	105	0	80	54	0	0
0	105	0	81	54	0	8
0	105	0	82	54	0	0
0	105	0	83	54	0	5
0	105	0	84	54	0	8
0	105	0	85	54	0	5
0	105	0	86	54	0	1
0	105	0	89	54	0	18
0	105	0	90	54	0	8
0	105	0	91	54	0	7
0	105	0	92	54	0	5
0	105	0	93	54	0	7
0	105	0	76	53	0	0
0	105	0	77	53	0	4
0	105	0	78	53	0	7
0	105	0	79	53	0	10
0	105	0	80	53	0	1
0	105	0	81	53	0	15
0	105	0	82	53	0	5
0	105	0	83	53	0	7
0	105	0	84	53	0	4
0	105	0	85	53	0	1
0	105	0	90	53	0	13
0	105	0	91	53	0	12
0	105	0	92	53	0	11
0	105	0	93	53	0	5
0	105	0	75	52	0	0
0	105	0	77	52	0	1
0	105	0	79	52	0	13
0	105	0	80	52	0	7
0	105	0	81	52	0	2
0	105	0	82	52	0	9
0	105	0	91	52	0	6
0	105	0	92	52	0	10
0	105	0	93	52	0	6
0	105	0	76	51	0	0
0	105	0	77	51	0	2
0	105	0	79	51	0	12
0	105	0	80	51	0	6
0	105	0	81	51	0	0
0	105	0	91	51	0	13
0	105	0	92	51	0	0
0	105	0	93	51	0	0
0	105	0	79	50	0	0
0	105	0	80	50	0	2
0	105	0	91	50	0	15
0	105	0	92	50	0	1
0	105	0	74	49	0	0
0	105	0	79	49	0	0
0	105	0	80	49	0	0
0	105	0	80	48	0	0
0	106	0	74	71	0	0
0	106	0	80	71	0	3
0	106	0	74	70	0	0
0	106	0	75	70	0	8
0	106	0	77	70	0	5
0	106	0	78	70	0	11
0	106	0	79	70	0	14
0	106	0	80	70	0	8
0	106	0	81	70	0	8
0	106	0	75	69	0	16
0	106	0	76	69	0	17
0	106	0	77	69	0	9
0	106	0	78	69	0	8
0	106	0	79	69	0	2
0	106	0	80	69	0	13
0	106	0	81	69	0	13
0	106	0	82	69	0	5
0	106	0	70	68	0	3
0	106	0	71	68	0	1
0	106	0	72	68	0	0
0	106	0	73	68	0	7
0	106	0	74	68	0	8
0	106	0	75	68	0	2
0	106	0	76	68	0	5
0	106	0	77	68	0	8
0	106	0	78	68	0	9
0	106	0	79	68	0	12
0	106	0	80	68	0	13
0	106	0	81	68	0	9
0	106	0	82	68	0	5
0	106	0	83	68	0	11
0	106	0	70	67	0	12
0	106	0	71	67	0	0
0	106	0	72	67	0	13
0	106	0	73	67	0	9
0	106	0	74	67	0	7
0	106	0	75	67	0	1
0	106	0	76	67	0	5
0	106	0	77	67	0	4
0	106	0	78	67	0	6
0	106	0	79	67	0	9
0	106	0	80	67	0	8
0	106	0	81	67	0	3
0	106	0	82	67	0	6
0	106	0	83	67	0	4
0	106	0	84	67	0	18
0	106	0	85	67	0	10
0	106	0	86	67	0	18
0	106	0	68	66	0	0
0	106	0	69	66	0	0
0	106	0	70	66	0	2
0	106	0	71	66	0	5
0	106	0	72	66	0	4
0	106	0	73	66	0	22
0	106	0	74	66	0	13
0	106	0	75	66	0	9
0	106	0	76	66	0	14
0	106	0	77	66	0	1
0	106	0	78	66	0	4
0	106	0	79	66	0	12
0	106	0	80	66	0	13
0	106	0	81	66	0	5
0	106	0	82	66	0	9
0	106	0	83	66	0	4
0	106	0	84	66	0	5
0	106	0	85	66	0	8
0	106	0	86	66	0	9
0	106	0	87	66	0	14
0	106	0	69	65	0	1
0	106	0	70	65	0	9
0	106	0	71	65	0	6
0	106	0	72	65	0	11
0	106	0	73	65	0	4
0	106	0	74	65	0	4
0	106	0	75	65	0	9
0	106	0	76	65	0	13
0	106	0	77	65	0	12
0	106	0	78	65	0	8
0	106	0	79	65	0	9
0	106	0	80	65	0	2
0	106	0	81	65	0	7
0	106	0	82	65	0	7
0	106	0	83	65	0	5
0	106	0	84	65	0	7
0	106	0	85	65	0	5
0	106	0	86	65	0	7
0	106	0	87	65	0	10
0	106	0	70	64	0	1
0	106	0	71	64	0	12
0	106	0	72	64	0	8
0	106	0	73	64	0	8
0	106	0	74	64	0	4
0	106	0	75	64	0	11
0	106	0	76	64	0	10
0	106	0	77	64	0	2
0	106	0	78	64	0	11
0	106	0	79	64	0	14
0	106	0	80	64	0	12
0	106	0	81	64	0	11
0	106	0	82	64	0	17
0	106	0	83	64	0	10
0	106	0	84	64	0	14
0	106	0	85	64	0	11
0	106	0	86	64	0	9
0	106	0	87	64	0	11
0	106	0	88	64	0	3
0	106	0	89	64	0	10
0	106	0	70	63	0	2
0	106	0	71	63	0	18
0	106	0	72	63	0	5
0	106	0	73	63	0	11
0	106	0	74	63	0	4
0	106	0	75	63	0	13
0	106	0	76	63	0	14
0	106	0	77	63	0	9
0	106	0	78	63	0	11
0	106	0	79	63	0	5
0	106	0	80	63	0	12
0	106	0	81	63	0	11
0	106	0	82	63	0	5
0	106	0	83	63	0	6
0	106	0	84	63	0	6
0	106	0	85	63	0	7
0	106	0	86	63	0	10
0	106	0	87	63	0	7
0	106	0	88	63	0	6
0	106	0	89	63	0	10
0	106	0	90	63	0	9
0	106	0	69	62	0	1
0	106	0	70	62	0	1
0	106	0	71	62	0	1
0	106	0	72	62	0	10
0	106	0	73	62	0	15
0	106	0	74	62	0	8
0	106	0	75	62	0	13
0	106	0	76	62	0	10
0	106	0	77	62	0	4
0	106	0	78	62	0	7
0	106	0	79	62	0	8
0	106	0	80	62	0	12
0	106	0	81	62	0	7
0	106	0	82	62	0	7
0	106	0	83	62	0	4
0	106	0	84	62	0	18
0	106	0	85	62	0	6
0	106	0	86	62	0	6
0	106	0	87	62	0	7
0	106	0	88	62	0	9
0	106	0	89	62	0	2
0	106	0	90	62	0	9
0	106	0	70	61	0	11
0	106	0	71	61	0	8
0	106	0	72	61	0	5
0	106	0	73	61	0	11
0	106	0	74	61	0	16
0	106	0	75	61	0	10
0	106	0	76	61	0	3
0	106	0	77	61	0	12
0	106	0	78	61	0	12
0	106	0	79	61	0	18
0	106	0	80	61	0	16
0	106	0	81	61	0	6
0	106	0	85	61	0	10
0	106	0	68	60	0	1
0	106	0	69	60	0	0
0	106	0	70	60	0	8
0	106	0	71	60	0	15
0	106	0	72	60	0	9
0	106	0	73	60	0	4
0	106	0	74	60	0	9
0	106	0	75	60	0	14
0	106	0	76	60	0	10
0	106	0	77	60	0	12
0	106	0	78	60	0	9
0	106	0	85	60	0	9
0	106	0	86	60	0	14
0	106	0	88	60	0	3
0	106	0	89	60	0	7
0	106	0	90	60	0	13
0	106	0	91	60	0	6
0	106	0	72	59	0	0
0	106	0	81	59	0	15
0	106	0	82	59	0	8
0	106	0	83	59	0	11
0	106	0	84	59	0	0
0	106	0	85	59	0	6
0	106	0	86	59	0	4
0	106	0	87	59	0	14
0	106	0	88	59	0	5
0	106	0	89	59	0	11
0	106	0	90	59	0	9
0	106	0	91	59	0	9
0	106	0	72	58	0	1
0	106	0	79	58	0	14
0	106	0	80	58	0	6
0	106	0	81	58	0	9
0	106	0	82	58	0	18
0	106	0	83	58	0	2
0	106	0	84	58	0	10
0	106	0	85	58	0	10
0	106	0	86	58	0	12
0	106	0	87	58	0	5
0	106	0	88	58	0	13
0	106	0	89	58	0	6
0	106	0	90	58	0	8
0	106	0	91	58	0	5
0	106	0	92	58	0	18
0	106	0	72	57	0	3
0	106	0	73	57	0	5
0	106	0	74	57	0	8
0	106	0	75	57	0	7
0	106	0	76	57	0	2
0	106	0	78	57	0	10
0	106	0	79	57	0	16
0	106	0	80	57	0	8
0	106	0	81	57	0	7
0	106	0	82	57	0	9
0	106	0	83	57	0	7
0	106	0	84	57	0	6
0	106	0	85	57	0	11
0	106	0	86	57	0	6
0	106	0	87	57	0	10
0	106	0	88	57	0	13
0	106	0	89	57	0	10
0	106	0	90	57	0	4
0	106	0	91	57	0	7
0	106	0	92	57	0	12
0	106	0	72	56	0	10
0	106	0	73	56	0	3
0	106	0	74	56	0	3
0	106	0	75	56	0	4
0	106	0	76	56	0	7
0	106	0	77	56	0	5
0	106	0	78	56	0	10
0	106	0	79	56	0	9
0	106	0	80	56	0	4
0	106	0	81	56	0	10
0	106	0	82	56	0	12
0	106	0	83	56	0	0
0	106	0	84	56	0	9
0	106	0	85	56	0	10
0	106	0	86	56	0	11
0	106	0	87	56	0	1
0	106	0	88	56	0	11
0	106	0	89	56	0	12
0	106	0	90	56	0	19
0	106	0	91	56	0	6
0	106	0	92	56	0	2
0	106	0	70	55	0	3
0	106	0	72	55	0	1
0	106	0	73	55	0	5
0	106	0	74	55	0	0
0	106	0	75	55	0	4
0	106	0	76	55	0	1
0	106	0	77	55	0	10
0	106	0	78	55	0	4
0	106	0	79	55	0	6
0	106	0	80	55	0	9
0	106	0	81	55	0	8
0	106	0	82	55	0	1
0	106	0	83	55	0	9
0	106	0	84	55	0	8
0	106	0	85	55	0	4
0	106	0	86	55	0	1
0	106	0	87	55	0	6
0	106	0	89	55	0	17
0	106	0	90	55	0	10
0	106	0	91	55	0	2
0	106	0	92	55	0	7
0	106	0	70	54	0	1
0	106	0	73	54	0	2
0	106	0	74	54	0	0
0	106	0	75	54	0	0
0	106	0	76	54	0	1
0	106	0	77	54	0	1
0	106	0	78	54	0	17
0	106	0	79	54	0	3
0	106	0	80	54	0	0
0	106	0	81	54	0	5
0	106	0	82	54	0	0
0	106	0	83	54	0	9
0	106	0	84	54	0	10
0	106	0	85	54	0	1
0	106	0	86	54	0	2
0	106	0	89	54	0	14
0	106	0	90	54	0	8
0	106	0	91	54	0	6
0	106	0	92	54	0	6
0	106	0	93	54	0	6
0	106	0	76	53	0	0
0	106	0	77	53	0	5
0	106	0	78	53	0	7
0	106	0	79	53	0	7
0	106	0	80	53	0	4
0	106	0	81	53	0	16
0	106	0	82	53	0	9
0	106	0	83	53	0	13
0	106	0	84	53	0	5
0	106	0	85	53	0	0
0	106	0	90	53	0	6
0	106	0	91	53	0	10
0	106	0	92	53	0	17
0	106	0	93	53	0	12
0	106	0	75	52	0	0
0	106	0	76	52	0	1
0	106	0	77	52	0	0
0	106	0	79	52	0	14
0	106	0	80	52	0	9
0	106	0	81	52	0	1
0	106	0	82	52	0	11
0	106	0	91	52	0	5
0	106	0	92	52	0	9
0	106	0	93	52	0	10
0	106	0	76	51	0	0
0	106	0	77	51	0	1
0	106	0	79	51	0	14
0	106	0	80	51	0	7
0	106	0	81	51	0	0
0	106	0	91	51	0	19
0	106	0	92	51	0	0
0	106	0	93	51	0	0
0	106	0	79	50	0	0
0	106	0	80	50	0	4
0	106	0	81	50	0	1
0	106	0	91	50	0	17
0	106	0	92	50	0	2
0	106	0	74	49	0	0
0	106	0	79	49	0	0
0	106	0	80	49	0	0
0	106	0	80	48	0	1
0	107	0	74	71	0	0
0	107	0	80	71	0	0
0	107	0	74	70	0	1
0	107	0	75	70	0	9
0	107	0	77	70	0	8
0	107	0	78	70	0	10
0	107	0	79	70	0	18
0	107	0	80	70	0	2
0	107	0	81	70	0	13
0	107	0	74	69	0	1
0	107	0	75	69	0	14
0	107	0	76	69	0	8
0	107	0	77	69	0	13
0	107	0	78	69	0	9
0	107	0	79	69	0	3
0	107	0	80	69	0	12
0	107	0	81	69	0	8
0	107	0	82	69	0	7
0	107	0	68	68	0	1
0	107	0	70	68	0	2
0	107	0	71	68	0	0
0	107	0	72	68	0	0
0	107	0	73	68	0	9
0	107	0	74	68	0	9
0	107	0	75	68	0	6
0	107	0	76	68	0	8
0	107	0	77	68	0	13
0	107	0	78	68	0	9
0	107	0	79	68	0	11
0	107	0	80	68	0	14
0	107	0	81	68	0	12
0	107	0	82	68	0	5
0	107	0	83	68	0	8
0	107	0	70	67	0	11
0	107	0	71	67	0	0
0	107	0	72	67	0	13
0	107	0	73	67	0	15
0	107	0	74	67	0	5
0	107	0	75	67	0	3
0	107	0	76	67	0	7
0	107	0	77	67	0	7
0	107	0	78	67	0	9
0	107	0	79	67	0	7
0	107	0	80	67	0	7
0	107	0	81	67	0	6
0	107	0	82	67	0	7
0	107	0	83	67	0	8
0	107	0	84	67	0	16
0	107	0	85	67	0	7
0	107	0	86	67	0	9
0	107	0	68	66	0	0
0	107	0	69	66	0	0
0	107	0	70	66	0	2
0	107	0	71	66	0	9
0	107	0	72	66	0	7
0	107	0	73	66	0	18
0	107	0	74	66	0	16
0	107	0	75	66	0	8
0	107	0	76	66	0	10
0	107	0	77	66	0	3
0	107	0	78	66	0	4
0	107	0	79	66	0	12
0	107	0	80	66	0	10
0	107	0	81	66	0	4
0	107	0	82	66	0	10
0	107	0	83	66	0	3
0	107	0	84	66	0	5
0	107	0	85	66	0	9
0	107	0	86	66	0	10
0	107	0	87	66	0	17
0	107	0	69	65	0	0
0	107	0	70	65	0	10
0	107	0	71	65	0	6
0	107	0	72	65	0	8
0	107	0	73	65	0	9
0	107	0	74	65	0	7
0	107	0	75	65	0	12
0	107	0	76	65	0	10
0	107	0	77	65	0	13
0	107	0	78	65	0	12
0	107	0	79	65	0	11
0	107	0	80	65	0	4
0	107	0	81	65	0	6
0	107	0	82	65	0	7
0	107	0	83	65	0	5
0	107	0	84	65	0	6
0	107	0	85	65	0	9
0	107	0	86	65	0	5
0	107	0	87	65	0	8
0	107	0	70	64	0	1
0	107	0	71	64	0	7
0	107	0	72	64	0	8
0	107	0	73	64	0	6
0	107	0	74	64	0	4
0	107	0	75	64	0	7
0	107	0	76	64	0	5
0	107	0	77	64	0	2
0	107	0	78	64	0	10
0	107	0	79	64	0	12
0	107	0	80	64	0	12
0	107	0	81	64	0	8
0	107	0	82	64	0	10
0	107	0	83	64	0	6
0	107	0	84	64	0	12
0	107	0	85	64	0	9
0	107	0	86	64	0	9
0	107	0	87	64	0	7
0	107	0	88	64	0	3
0	107	0	89	64	0	13
0	107	0	70	63	0	4
0	107	0	71	63	0	15
0	107	0	72	63	0	2
0	107	0	73	63	0	10
0	107	0	74	63	0	2
0	107	0	75	63	0	9
0	107	0	76	63	0	9
0	107	0	77	63	0	11
0	107	0	78	63	0	10
0	107	0	79	63	0	9
0	107	0	80	63	0	12
0	107	0	81	63	0	10
0	107	0	82	63	0	6
0	107	0	83	63	0	6
0	107	0	84	63	0	7
0	107	0	85	63	0	13
0	107	0	86	63	0	6
0	107	0	87	63	0	5
0	107	0	88	63	0	11
0	107	0	89	63	0	13
0	107	0	90	63	0	8
0	107	0	69	62	0	1
0	107	0	70	62	0	0
0	107	0	71	62	0	3
0	107	0	72	62	0	11
0	107	0	73	62	0	11
0	107	0	74	62	0	11
0	107	0	75	62	0	17
0	107	0	76	62	0	9
0	107	0	77	62	0	6
0	107	0	78	62	0	10
0	107	0	79	62	0	4
0	107	0	80	62	0	10
0	107	0	81	62	0	9
0	107	0	82	62	0	8
0	107	0	83	62	0	4
0	107	0	84	62	0	12
0	107	0	85	62	0	5
0	107	0	86	62	0	4
0	107	0	87	62	0	10
0	107	0	88	62	0	5
0	107	0	89	62	0	2
0	107	0	90	62	0	3
0	107	0	70	61	0	10
0	107	0	71	61	0	9
0	107	0	72	61	0	5
0	107	0	73	61	0	7
0	107	0	74	61	0	13
0	107	0	75	61	0	17
0	107	0	76	61	0	7
0	107	0	77	61	0	10
0	107	0	78	61	0	6
0	107	0	79	61	0	6
0	107	0	80	61	0	15
0	107	0	81	61	0	11
0	107	0	85	61	0	10
0	107	0	68	60	0	1
0	107	0	69	60	0	1
0	107	0	70	60	0	5
0	107	0	71	60	0	10
0	107	0	72	60	0	7
0	107	0	73	60	0	5
0	107	0	74	60	0	9
0	107	0	75	60	0	7
0	107	0	76	60	0	12
0	107	0	77	60	0	14
0	107	0	78	60	0	10
0	107	0	85	60	0	7
0	107	0	86	60	0	14
0	107	0	88	60	0	1
0	107	0	89	60	0	7
0	107	0	90	60	0	15
0	107	0	91	60	0	12
0	107	0	71	59	0	1
0	107	0	72	59	0	0
0	107	0	81	59	0	14
0	107	0	82	59	0	7
0	107	0	83	59	0	13
0	107	0	84	59	0	1
0	107	0	85	59	0	10
0	107	0	86	59	0	4
0	107	0	87	59	0	8
0	107	0	88	59	0	3
0	107	0	89	59	0	6
0	107	0	90	59	0	19
0	107	0	91	59	0	6
0	107	0	72	58	0	3
0	107	0	79	58	0	15
0	107	0	80	58	0	1
0	107	0	81	58	0	11
0	107	0	82	58	0	8
0	107	0	83	58	0	1
0	107	0	84	58	0	9
0	107	0	85	58	0	4
0	107	0	86	58	0	12
0	107	0	87	58	0	9
0	107	0	88	58	0	11
0	107	0	89	58	0	6
0	107	0	90	58	0	10
0	107	0	91	58	0	3
0	107	0	92	58	0	20
0	107	0	72	57	0	5
0	107	0	73	57	0	4
0	107	0	74	57	0	10
0	107	0	75	57	0	6
0	107	0	76	57	0	3
0	107	0	78	57	0	7
0	107	0	79	57	0	10
0	107	0	80	57	0	10
0	107	0	81	57	0	6
0	107	0	82	57	0	13
0	107	0	83	57	0	7
0	107	0	84	57	0	8
0	107	0	85	57	0	15
0	107	0	86	57	0	12
0	107	0	87	57	0	15
0	107	0	88	57	0	8
0	107	0	89	57	0	9
0	107	0	90	57	0	4
0	107	0	91	57	0	9
0	107	0	92	57	0	6
0	107	0	72	56	0	7
0	107	0	73	56	0	4
0	107	0	74	56	0	5
0	107	0	75	56	0	3
0	107	0	76	56	0	3
0	107	0	77	56	0	10
0	107	0	78	56	0	10
0	107	0	79	56	0	11
0	107	0	80	56	0	10
0	107	0	81	56	0	6
0	107	0	82	56	0	9
0	107	0	83	56	0	1
0	107	0	84	56	0	7
0	107	0	85	56	0	12
0	107	0	86	56	0	10
0	107	0	87	56	0	1
0	107	0	88	56	0	12
0	107	0	89	56	0	6
0	107	0	90	56	0	23
0	107	0	91	56	0	8
0	107	0	92	56	0	3
0	107	0	70	55	0	6
0	107	0	72	55	0	3
0	107	0	73	55	0	4
0	107	0	74	55	0	0
0	107	0	75	55	0	5
0	107	0	76	55	0	2
0	107	0	77	55	0	6
0	107	0	78	55	0	5
0	107	0	79	55	0	7
0	107	0	80	55	0	7
0	107	0	81	55	0	7
0	107	0	82	55	0	3
0	107	0	83	55	0	13
0	107	0	84	55	0	13
0	107	0	85	55	0	6
0	107	0	86	55	0	4
0	107	0	87	55	0	4
0	107	0	89	55	0	9
0	107	0	90	55	0	6
0	107	0	91	55	0	2
0	107	0	92	55	0	8
0	107	0	70	54	0	0
0	107	0	73	54	0	0
0	107	0	74	54	0	0
0	107	0	75	54	0	0
0	107	0	76	54	0	0
0	107	0	77	54	0	3
0	107	0	78	54	0	10
0	107	0	79	54	0	3
0	107	0	80	54	0	0
0	107	0	81	54	0	12
0	107	0	82	54	0	1
0	107	0	83	54	0	7
0	107	0	84	54	0	9
0	107	0	85	54	0	1
0	107	0	86	54	0	1
0	107	0	89	54	0	16
0	107	0	90	54	0	9
0	107	0	91	54	0	7
0	107	0	92	54	0	6
0	107	0	93	54	0	7
0	107	0	76	53	0	2
0	107	0	77	53	0	6
0	107	0	78	53	0	6
0	107	0	79	53	0	6
0	107	0	80	53	0	6
0	107	0	81	53	0	10
0	107	0	82	53	0	8
0	107	0	83	53	0	11
0	107	0	84	53	0	7
0	107	0	85	53	0	0
0	107	0	90	53	0	6
0	107	0	91	53	0	10
0	107	0	92	53	0	13
0	107	0	93	53	0	14
0	107	0	75	52	0	0
0	107	0	76	52	0	1
0	107	0	77	52	0	0
0	107	0	79	52	0	12
0	107	0	80	52	0	6
0	107	0	81	52	0	0
0	107	0	82	52	0	8
0	107	0	91	52	0	6
0	107	0	92	52	0	11
0	107	0	93	52	0	12
0	107	0	75	51	0	1
0	107	0	76	51	0	0
0	107	0	77	51	0	1
0	107	0	79	51	0	11
0	107	0	80	51	0	9
0	107	0	81	51	0	0
0	107	0	91	51	0	17
0	107	0	92	51	0	0
0	107	0	93	51	0	0
0	107	0	79	50	0	1
0	107	0	80	50	0	7
0	107	0	81	50	0	1
0	107	0	91	50	0	13
0	107	0	92	50	0	3
0	107	0	74	49	0	0
0	107	0	76	49	0	1
0	107	0	79	49	0	0
0	107	0	80	49	0	0
0	107	0	91	49	0	1
0	107	0	92	49	0	1
0	107	0	80	48	0	0
0	108	0	73	71	0	1
0	108	0	74	71	0	0
0	108	0	80	71	0	1
0	108	0	74	70	0	2
0	108	0	75	70	0	8
0	108	0	77	70	0	8
0	108	0	78	70	0	11
0	108	0	79	70	0	15
0	108	0	80	70	0	6
0	108	0	81	70	0	14
0	108	0	74	69	0	3
0	108	0	75	69	0	15
0	108	0	76	69	0	5
0	108	0	77	69	0	18
0	108	0	78	69	0	5
0	108	0	79	69	0	2
0	108	0	80	69	0	19
0	108	0	81	69	0	6
0	108	0	82	69	0	7
0	108	0	68	68	0	2
0	108	0	70	68	0	2
0	108	0	71	68	0	0
0	108	0	72	68	0	0
0	108	0	73	68	0	8
0	108	0	74	68	0	8
0	108	0	75	68	0	5
0	108	0	76	68	0	5
0	108	0	77	68	0	6
0	108	0	78	68	0	9
0	108	0	79	68	0	16
0	108	0	80	68	0	14
0	108	0	81	68	0	10
0	108	0	82	68	0	5
0	108	0	83	68	0	5
0	108	0	70	67	0	14
0	108	0	71	67	0	0
0	108	0	72	67	0	8
0	108	0	73	67	0	17
0	108	0	74	67	0	3
0	108	0	75	67	0	2
0	108	0	76	67	0	6
0	108	0	77	67	0	7
0	108	0	78	67	0	8
0	108	0	79	67	0	6
0	108	0	80	67	0	6
0	108	0	81	67	0	7
0	108	0	82	67	0	4
0	108	0	83	67	0	9
0	108	0	84	67	0	16
0	108	0	85	67	0	3
0	108	0	86	67	0	9
0	108	0	68	66	0	0
0	108	0	69	66	0	0
0	108	0	70	66	0	2
0	108	0	71	66	0	7
0	108	0	72	66	0	8
0	108	0	73	66	0	20
0	108	0	74	66	0	19
0	108	0	75	66	0	9
0	108	0	76	66	0	11
0	108	0	77	66	0	4
0	108	0	78	66	0	5
0	108	0	79	66	0	9
0	108	0	80	66	0	8
0	108	0	81	66	0	4
0	108	0	82	66	0	9
0	108	0	83	66	0	7
0	108	0	84	66	0	8
0	108	0	85	66	0	14
0	108	0	86	66	0	12
0	108	0	87	66	0	13
0	108	0	67	65	0	1
0	108	0	69	65	0	0
0	108	0	70	65	0	12
0	108	0	71	65	0	7
0	108	0	72	65	0	7
0	108	0	73	65	0	7
0	108	0	74	65	0	10
0	108	0	75	65	0	14
0	108	0	76	65	0	11
0	108	0	77	65	0	9
0	108	0	78	65	0	13
0	108	0	79	65	0	7
0	108	0	80	65	0	6
0	108	0	81	65	0	5
0	108	0	82	65	0	9
0	108	0	83	65	0	6
0	108	0	84	65	0	7
0	108	0	85	65	0	10
0	108	0	86	65	0	3
0	108	0	87	65	0	11
0	108	0	70	64	0	2
0	108	0	71	64	0	8
0	108	0	72	64	0	12
0	108	0	73	64	0	11
0	108	0	74	64	0	5
0	108	0	75	64	0	8
0	108	0	76	64	0	6
0	108	0	77	64	0	5
0	108	0	78	64	0	7
0	108	0	79	64	0	12
0	108	0	80	64	0	9
0	108	0	81	64	0	11
0	108	0	82	64	0	12
0	108	0	83	64	0	8
0	108	0	84	64	0	17
0	108	0	85	64	0	13
0	108	0	86	64	0	7
0	108	0	87	64	0	10
0	108	0	88	64	0	7
0	108	0	89	64	0	10
0	108	0	70	63	0	6
0	108	0	71	63	0	4
0	108	0	72	63	0	2
0	108	0	73	63	0	7
0	108	0	74	63	0	7
0	108	0	75	63	0	5
0	108	0	76	63	0	10
0	108	0	77	63	0	8
0	108	0	78	63	0	10
0	108	0	79	63	0	9
0	108	0	80	63	0	7
0	108	0	81	63	0	14
0	108	0	82	63	0	9
0	108	0	83	63	0	5
0	108	0	84	63	0	8
0	108	0	85	63	0	8
0	108	0	86	63	0	7
0	108	0	87	63	0	4
0	108	0	88	63	0	8
0	108	0	89	63	0	10
0	108	0	90	63	0	6
0	108	0	69	62	0	2
0	108	0	70	62	0	1
0	108	0	71	62	0	10
0	108	0	72	62	0	8
0	108	0	73	62	0	9
0	108	0	74	62	0	15
0	108	0	75	62	0	15
0	108	0	76	62	0	11
0	108	0	77	62	0	4
0	108	0	78	62	0	7
0	108	0	79	62	0	4
0	108	0	80	62	0	13
0	108	0	81	62	0	10
0	108	0	82	62	0	15
0	108	0	83	62	0	8
0	108	0	84	62	0	9
0	108	0	85	62	0	3
0	108	0	86	62	0	0
0	108	0	87	62	0	9
0	108	0	88	62	0	4
0	108	0	89	62	0	3
0	108	0	90	62	0	5
0	108	0	70	61	0	7
0	108	0	71	61	0	8
0	108	0	72	61	0	6
0	108	0	73	61	0	17
0	108	0	74	61	0	9
0	108	0	75	61	0	12
0	108	0	76	61	0	7
0	108	0	77	61	0	5
0	108	0	78	61	0	6
0	108	0	79	61	0	7
0	108	0	80	61	0	13
0	108	0	81	61	0	15
0	108	0	85	61	0	9
0	108	0	68	60	0	2
0	108	0	69	60	0	2
0	108	0	70	60	0	7
0	108	0	71	60	0	14
0	108	0	72	60	0	6
0	108	0	73	60	0	5
0	108	0	74	60	0	10
0	108	0	75	60	0	9
0	108	0	76	60	0	10
0	108	0	77	60	0	8
0	108	0	78	60	0	12
0	108	0	85	60	0	5
0	108	0	86	60	0	16
0	108	0	88	60	0	2
0	108	0	89	60	0	7
0	108	0	90	60	0	11
0	108	0	91	60	0	10
0	108	0	71	59	0	3
0	108	0	72	59	0	0
0	108	0	81	59	0	15
0	108	0	82	59	0	4
0	108	0	83	59	0	9
0	108	0	84	59	0	3
0	108	0	85	59	0	12
0	108	0	86	59	0	14
0	108	0	87	59	0	4
0	108	0	88	59	0	5
0	108	0	89	59	0	7
0	108	0	90	59	0	16
0	108	0	91	59	0	6
0	108	0	72	58	0	5
0	108	0	79	58	0	10
0	108	0	80	58	0	2
0	108	0	81	58	0	15
0	108	0	82	58	0	11
0	108	0	83	58	0	2
0	108	0	84	58	0	7
0	108	0	85	58	0	7
0	108	0	86	58	0	14
0	108	0	87	58	0	8
0	108	0	88	58	0	8
0	108	0	89	58	0	7
0	108	0	90	58	0	9
0	108	0	91	58	0	3
0	108	0	92	58	0	19
0	108	0	72	57	0	3
0	108	0	73	57	0	4
0	108	0	74	57	0	9
0	108	0	75	57	0	6
0	108	0	76	57	0	5
0	108	0	78	57	0	10
0	108	0	79	57	0	10
0	108	0	80	57	0	10
0	108	0	81	57	0	6
0	108	0	82	57	0	9
0	108	0	83	57	0	4
0	108	0	84	57	0	11
0	108	0	85	57	0	12
0	108	0	86	57	0	14
0	108	0	87	57	0	9
0	108	0	88	57	0	8
0	108	0	89	57	0	10
0	108	0	90	57	0	3
0	108	0	91	57	0	13
0	108	0	92	57	0	5
0	108	0	72	56	0	12
0	108	0	73	56	0	4
0	108	0	74	56	0	11
0	108	0	75	56	0	5
0	108	0	76	56	0	3
0	108	0	77	56	0	9
0	108	0	78	56	0	12
0	108	0	79	56	0	14
0	108	0	80	56	0	11
0	108	0	81	56	0	8
0	108	0	82	56	0	9
0	108	0	83	56	0	0
0	108	0	84	56	0	6
0	108	0	85	56	0	13
0	108	0	86	56	0	8
0	108	0	87	56	0	3
0	108	0	88	56	0	13
0	108	0	89	56	0	10
0	108	0	90	56	0	13
0	108	0	91	56	0	10
0	108	0	92	56	0	1
0	108	0	70	55	0	7
0	108	0	72	55	0	5
0	108	0	73	55	0	3
0	108	0	74	55	0	1
0	108	0	75	55	0	6
0	108	0	76	55	0	5
0	108	0	77	55	0	2
0	108	0	78	55	0	3
0	108	0	79	55	0	11
0	108	0	80	55	0	13
0	108	0	81	55	0	8
0	108	0	82	55	0	7
0	108	0	83	55	0	9
0	108	0	84	55	0	12
0	108	0	85	55	0	9
0	108	0	86	55	0	10
0	108	0	87	55	0	6
0	108	0	89	55	0	2
0	108	0	90	55	0	10
0	108	0	91	55	0	4
0	108	0	92	55	0	8
0	108	0	70	54	0	0
0	108	0	73	54	0	0
0	108	0	74	54	0	0
0	108	0	75	54	0	0
0	108	0	76	54	0	0
0	108	0	77	54	0	2
0	108	0	78	54	0	15
0	108	0	79	54	0	0
0	108	0	80	54	0	1
0	108	0	81	54	0	11
0	108	0	82	54	0	2
0	108	0	83	54	0	8
0	108	0	84	54	0	7
0	108	0	85	54	0	0
0	108	0	86	54	0	1
0	108	0	89	54	0	9
0	108	0	90	54	0	7
0	108	0	91	54	0	14
0	108	0	92	54	0	11
0	108	0	93	54	0	11
0	108	0	76	53	0	0
0	108	0	77	53	0	7
0	108	0	78	53	0	5
0	108	0	79	53	0	3
0	108	0	80	53	0	5
0	108	0	81	53	0	2
0	108	0	82	53	0	9
0	108	0	83	53	0	8
0	108	0	84	53	0	11
0	108	0	85	53	0	0
0	108	0	90	53	0	9
0	108	0	91	53	0	8
0	108	0	92	53	0	7
0	108	0	93	53	0	19
0	108	0	75	52	0	0
0	108	0	76	52	0	1
0	108	0	77	52	0	0
0	108	0	79	52	0	7
0	108	0	80	52	0	7
0	108	0	81	52	0	1
0	108	0	82	52	0	4
0	108	0	91	52	0	6
0	108	0	92	52	0	6
0	108	0	93	52	0	15
0	108	0	75	51	0	1
0	108	0	76	51	0	0
0	108	0	77	51	0	0
0	108	0	79	51	0	14
0	108	0	80	51	0	8
0	108	0	81	51	0	1
0	108	0	91	51	0	10
0	108	0	92	51	0	0
0	108	0	93	51	0	1
0	108	0	79	50	0	2
0	108	0	80	50	0	7
0	108	0	81	50	0	0
0	108	0	91	50	0	14
0	108	0	92	50	0	3
0	108	0	74	49	0	0
0	108	0	76	49	0	1
0	108	0	79	49	0	0
0	108	0	80	49	0	0
0	108	0	91	49	0	4
0	108	0	92	49	0	2
0	108	0	80	48	0	0
0	109	0	73	71	0	0
0	109	0	74	71	0	0
0	109	0	80	71	0	0
0	109	0	74	70	0	4
0	109	0	75	70	0	8
0	109	0	77	70	0	8
0	109	0	78	70	0	7
0	109	0	79	70	0	10
0	109	0	80	70	0	7
0	109	0	81	70	0	15
0	109	0	74	69	0	7
0	109	0	75	69	0	18
0	109	0	76	69	0	5
0	109	0	77	69	0	9
0	109	0	78	69	0	4
0	109	0	79	69	0	5
0	109	0	80	69	0	9
0	109	0	81	69	0	3
0	109	0	82	69	0	4
0	109	0	68	68	0	3
0	109	0	70	68	0	5
0	109	0	71	68	0	0
0	109	0	72	68	0	1
0	109	0	73	68	0	10
0	109	0	74	68	0	12
0	109	0	75	68	0	10
0	109	0	76	68	0	3
0	109	0	77	68	0	8
0	109	0	78	68	0	9
0	109	0	79	68	0	9
0	109	0	80	68	0	12
0	109	0	81	68	0	6
0	109	0	82	68	0	4
0	109	0	83	68	0	6
0	109	0	69	67	0	1
0	109	0	70	67	0	13
0	109	0	71	67	0	0
0	109	0	72	67	0	9
0	109	0	73	67	0	14
0	109	0	74	67	0	9
0	109	0	75	67	0	7
0	109	0	76	67	0	9
0	109	0	77	67	0	9
0	109	0	78	67	0	9
0	109	0	79	67	0	5
0	109	0	80	67	0	12
0	109	0	81	67	0	10
0	109	0	82	67	0	3
0	109	0	83	67	0	7
0	109	0	84	67	0	17
0	109	0	85	67	0	5
0	109	0	86	67	0	8
0	109	0	68	66	0	0
0	109	0	69	66	0	0
0	109	0	70	66	0	4
0	109	0	71	66	0	3
0	109	0	72	66	0	11
0	109	0	73	66	0	14
0	109	0	74	66	0	18
0	109	0	75	66	0	5
0	109	0	76	66	0	11
0	109	0	77	66	0	7
0	109	0	78	66	0	4
0	109	0	79	66	0	12
0	109	0	80	66	0	8
0	109	0	81	66	0	6
0	109	0	82	66	0	15
0	109	0	83	66	0	10
0	109	0	84	66	0	10
0	109	0	85	66	0	21
0	109	0	86	66	0	13
0	109	0	87	66	0	9
0	109	0	67	65	0	1
0	109	0	69	65	0	0
0	109	0	70	65	0	16
0	109	0	71	65	0	11
0	109	0	72	65	0	4
0	109	0	73	65	0	8
0	109	0	74	65	0	4
0	109	0	75	65	0	16
0	109	0	76	65	0	16
0	109	0	77	65	0	8
0	109	0	78	65	0	9
0	109	0	79	65	0	10
0	109	0	80	65	0	7
0	109	0	81	65	0	5
0	109	0	82	65	0	11
0	109	0	83	65	0	9
0	109	0	84	65	0	4
0	109	0	85	65	0	8
0	109	0	86	65	0	5
0	109	0	87	65	0	12
0	109	0	70	64	0	5
0	109	0	71	64	0	8
0	109	0	72	64	0	14
0	109	0	73	64	0	5
0	109	0	74	64	0	8
0	109	0	75	64	0	11
0	109	0	76	64	0	5
0	109	0	77	64	0	9
0	109	0	78	64	0	5
0	109	0	79	64	0	15
0	109	0	80	64	0	6
0	109	0	81	64	0	11
0	109	0	82	64	0	12
0	109	0	83	64	0	10
0	109	0	84	64	0	9
0	109	0	85	64	0	14
0	109	0	86	64	0	6
0	109	0	87	64	0	9
0	109	0	88	64	0	13
0	109	0	89	64	0	10
0	109	0	68	63	0	1
0	109	0	70	63	0	5
0	109	0	71	63	0	8
0	109	0	72	63	0	5
0	109	0	73	63	0	6
0	109	0	74	63	0	14
0	109	0	75	63	0	5
0	109	0	76	63	0	5
0	109	0	77	63	0	5
0	109	0	78	63	0	7
0	109	0	79	63	0	13
0	109	0	80	63	0	14
0	109	0	81	63	0	19
0	109	0	82	63	0	10
0	109	0	83	63	0	10
0	109	0	84	63	0	5
0	109	0	85	63	0	9
0	109	0	86	63	0	4
0	109	0	87	63	0	2
0	109	0	88	63	0	6
0	109	0	89	63	0	8
0	109	0	90	63	0	5
0	109	0	68	62	0	1
0	109	0	69	62	0	3
0	109	0	70	62	0	2
0	109	0	71	62	0	5
0	109	0	72	62	0	7
0	109	0	73	62	0	5
0	109	0	74	62	0	12
0	109	0	75	62	0	6
0	109	0	76	62	0	12
0	109	0	77	62	0	6
0	109	0	78	62	0	3
0	109	0	79	62	0	6
0	109	0	80	62	0	4
0	109	0	81	62	0	9
0	109	0	82	62	0	10
0	109	0	83	62	0	9
0	109	0	84	62	0	7
0	109	0	85	62	0	4
0	109	0	86	62	0	0
0	109	0	87	62	0	8
0	109	0	88	62	0	3
0	109	0	89	62	0	7
0	109	0	90	62	0	4
0	109	0	69	61	0	1
0	109	0	70	61	0	9
0	109	0	71	61	0	11
0	109	0	72	61	0	7
0	109	0	73	61	0	8
0	109	0	74	61	0	12
0	109	0	75	61	0	3
0	109	0	76	61	0	9
0	109	0	77	61	0	5
0	109	0	78	61	0	13
0	109	0	79	61	0	11
0	109	0	80	61	0	14
0	109	0	85	61	0	10
0	109	0	68	60	0	3
0	109	0	69	60	0	1
0	109	0	70	60	0	5
0	109	0	71	60	0	12
0	109	0	72	60	0	5
0	109	0	73	60	0	6
0	109	0	74	60	0	10
0	109	0	75	60	0	9
0	109	0	76	60	0	12
0	109	0	77	60	0	11
0	109	0	78	60	0	9
0	109	0	85	60	0	9
0	109	0	86	60	0	15
0	109	0	88	60	0	5
0	109	0	89	60	0	9
0	109	0	90	60	0	9
0	109	0	91	60	0	3
0	109	0	67	59	0	1
0	109	0	71	59	0	3
0	109	0	72	59	0	1
0	109	0	81	59	0	7
0	109	0	82	59	0	7
0	109	0	83	59	0	12
0	109	0	84	59	0	3
0	109	0	85	59	0	14
0	109	0	86	59	0	11
0	109	0	87	59	0	4
0	109	0	88	59	0	8
0	109	0	89	59	0	8
0	109	0	90	59	0	10
0	109	0	91	59	0	6
0	109	0	72	58	0	6
0	109	0	79	58	0	15
0	109	0	80	58	0	4
0	109	0	81	58	0	6
0	109	0	82	58	0	10
0	109	0	83	58	0	2
0	109	0	84	58	0	9
0	109	0	85	58	0	7
0	109	0	86	58	0	9
0	109	0	87	58	0	3
0	109	0	88	58	0	8
0	109	0	89	58	0	10
0	109	0	90	58	0	10
0	109	0	91	58	0	3
0	109	0	92	58	0	14
0	109	0	72	57	0	5
0	109	0	73	57	0	3
0	109	0	74	57	0	4
0	109	0	75	57	0	8
0	109	0	76	57	0	2
0	109	0	78	57	0	12
0	109	0	79	57	0	6
0	109	0	80	57	0	13
0	109	0	81	57	0	10
0	109	0	82	57	0	6
0	109	0	83	57	0	9
0	109	0	84	57	0	4
0	109	0	85	57	0	13
0	109	0	86	57	0	15
0	109	0	87	57	0	8
0	109	0	88	57	0	11
0	109	0	89	57	0	11
0	109	0	90	57	0	5
0	109	0	91	57	0	13
0	109	0	92	57	0	6
0	109	0	72	56	0	11
0	109	0	73	56	0	5
0	109	0	74	56	0	13
0	109	0	75	56	0	8
0	109	0	76	56	0	0
0	109	0	77	56	0	11
0	109	0	78	56	0	14
0	109	0	79	56	0	18
0	109	0	80	56	0	11
0	109	0	81	56	0	10
0	109	0	82	56	0	6
0	109	0	83	56	0	2
0	109	0	84	56	0	6
0	109	0	85	56	0	9
0	109	0	86	56	0	5
0	109	0	87	56	0	3
0	109	0	88	56	0	9
0	109	0	89	56	0	4
0	109	0	90	56	0	9
0	109	0	91	56	0	15
0	109	0	92	56	0	0
0	109	0	70	55	0	4
0	109	0	72	55	0	5
0	109	0	73	55	0	3
0	109	0	74	55	0	2
0	109	0	75	55	0	9
0	109	0	76	55	0	4
0	109	0	77	55	0	6
0	109	0	78	55	0	5
0	109	0	79	55	0	9
0	109	0	80	55	0	16
0	109	0	81	55	0	6
0	109	0	82	55	0	7
0	109	0	83	55	0	11
0	109	0	84	55	0	12
0	109	0	85	55	0	10
0	109	0	86	55	0	9
0	109	0	87	55	0	4
0	109	0	89	55	0	1
0	109	0	90	55	0	3
0	109	0	91	55	0	8
0	109	0	92	55	0	8
0	109	0	69	54	0	1
0	109	0	70	54	0	0
0	109	0	71	54	0	1
0	109	0	73	54	0	0
0	109	0	74	54	0	0
0	109	0	75	54	0	0
0	109	0	76	54	0	1
0	109	0	77	54	0	2
0	109	0	78	54	0	8
0	109	0	79	54	0	1
0	109	0	80	54	0	1
0	109	0	81	54	0	12
0	109	0	82	54	0	0
0	109	0	83	54	0	9
0	109	0	84	54	0	6
0	109	0	85	54	0	1
0	109	0	86	54	0	1
0	109	0	89	54	0	5
0	109	0	90	54	0	13
0	109	0	91	54	0	10
0	109	0	92	54	0	12
0	109	0	93	54	0	9
0	109	0	76	53	0	0
0	109	0	77	53	0	5
0	109	0	78	53	0	5
0	109	0	79	53	0	3
0	109	0	80	53	0	3
0	109	0	81	53	0	3
0	109	0	82	53	0	6
0	109	0	83	53	0	12
0	109	0	84	53	0	7
0	109	0	85	53	0	0
0	109	0	90	53	0	7
0	109	0	91	53	0	13
0	109	0	92	53	0	4
0	109	0	93	53	0	13
0	109	0	75	52	0	0
0	109	0	76	52	0	1
0	109	0	77	52	0	0
0	109	0	79	52	0	7
0	109	0	80	52	0	9
0	109	0	81	52	0	1
0	109	0	82	52	0	9
0	109	0	91	52	0	10
0	109	0	92	52	0	7
0	109	0	93	52	0	15
0	109	0	75	51	0	2
0	109	0	76	51	0	0
0	109	0	77	51	0	0
0	109	0	79	51	0	11
0	109	0	80	51	0	11
0	109	0	81	51	0	2
0	109	0	91	51	0	13
0	109	0	92	51	0	0
0	109	0	93	51	0	0
0	109	0	76	50	0	1
0	109	0	79	50	0	3
0	109	0	80	50	0	13
0	109	0	81	50	0	0
0	109	0	91	50	0	10
0	109	0	92	50	0	4
0	109	0	74	49	0	0
0	109	0	76	49	0	0
0	109	0	79	49	0	0
0	109	0	80	49	0	0
0	109	0	91	49	0	3
0	109	0	92	49	0	2
0	109	0	76	48	0	1
0	109	0	80	48	0	0
0	109	0	92	48	0	1
0	110	0	73	71	0	0
0	110	0	74	71	0	0
0	110	0	80	71	0	0
0	110	0	74	70	0	4
0	110	0	75	70	0	12
0	110	0	77	70	0	12
0	110	0	78	70	0	12
0	110	0	79	70	0	10
0	110	0	80	70	0	12
0	110	0	81	70	0	12
0	110	0	73	69	0	2
0	110	0	74	69	0	2
0	110	0	75	69	0	20
0	110	0	76	69	0	6
0	110	0	77	69	0	7
0	110	0	78	69	0	8
0	110	0	79	69	0	6
0	110	0	80	69	0	5
0	110	0	81	69	0	4
0	110	0	82	69	0	6
0	110	0	68	68	0	4
0	110	0	70	68	0	3
0	110	0	71	68	0	0
0	110	0	72	68	0	0
0	110	0	73	68	0	7
0	110	0	74	68	0	12
0	110	0	75	68	0	9
0	110	0	76	68	0	4
0	110	0	77	68	0	10
0	110	0	78	68	0	8
0	110	0	79	68	0	11
0	110	0	80	68	0	11
0	110	0	81	68	0	8
0	110	0	82	68	0	6
0	110	0	83	68	0	6
0	110	0	69	67	0	6
0	110	0	70	67	0	8
0	110	0	71	67	0	0
0	110	0	72	67	0	16
0	110	0	73	67	0	7
0	110	0	74	67	0	7
0	110	0	75	67	0	2
0	110	0	76	67	0	1
0	110	0	77	67	0	7
0	110	0	78	67	0	11
0	110	0	79	67	0	5
0	110	0	80	67	0	12
0	110	0	81	67	0	12
0	110	0	82	67	0	5
0	110	0	83	67	0	7
0	110	0	84	67	0	15
0	110	0	85	67	0	3
0	110	0	86	67	0	8
0	110	0	68	66	0	0
0	110	0	69	66	0	0
0	110	0	70	66	0	8
0	110	0	71	66	0	7
0	110	0	72	66	0	10
0	110	0	73	66	0	8
0	110	0	74	66	0	16
0	110	0	75	66	0	7
0	110	0	76	66	0	14
0	110	0	77	66	0	5
0	110	0	78	66	0	6
0	110	0	79	66	0	13
0	110	0	80	66	0	4
0	110	0	81	66	0	8
0	110	0	82	66	0	11
0	110	0	83	66	0	10
0	110	0	84	66	0	14
0	110	0	85	66	0	13
0	110	0	86	66	0	9
0	110	0	87	66	0	7
0	110	0	67	65	0	1
0	110	0	69	65	0	0
0	110	0	70	65	0	18
0	110	0	71	65	0	12
0	110	0	72	65	0	8
0	110	0	73	65	0	7
0	110	0	74	65	0	6
0	110	0	75	65	0	10
0	110	0	76	65	0	10
0	110	0	77	65	0	8
0	110	0	78	65	0	13
0	110	0	79	65	0	7
0	110	0	80	65	0	11
0	110	0	81	65	0	4
0	110	0	82	65	0	9
0	110	0	83	65	0	8
0	110	0	84	65	0	6
0	110	0	85	65	0	10
0	110	0	86	65	0	8
0	110	0	87	65	0	10
0	110	0	70	64	0	14
0	110	0	71	64	0	15
0	110	0	72	64	0	11
0	110	0	73	64	0	8
0	110	0	74	64	0	4
0	110	0	75	64	0	7
0	110	0	76	64	0	5
0	110	0	77	64	0	10
0	110	0	78	64	0	5
0	110	0	79	64	0	7
0	110	0	80	64	0	9
0	110	0	81	64	0	8
0	110	0	82	64	0	8
0	110	0	83	64	0	12
0	110	0	84	64	0	7
0	110	0	85	64	0	10
0	110	0	86	64	0	10
0	110	0	87	64	0	10
0	110	0	88	64	0	8
0	110	0	89	64	0	12
0	110	0	68	63	0	3
0	110	0	70	63	0	4
0	110	0	71	63	0	10
0	110	0	72	63	0	8
0	110	0	73	63	0	3
0	110	0	74	63	0	14
0	110	0	75	63	0	8
0	110	0	76	63	0	2
0	110	0	77	63	0	4
0	110	0	78	63	0	7
0	110	0	79	63	0	13
0	110	0	80	63	0	5
0	110	0	81	63	0	11
0	110	0	82	63	0	9
0	110	0	83	63	0	5
0	110	0	84	63	0	5
0	110	0	85	63	0	10
0	110	0	86	63	0	5
0	110	0	87	63	0	6
0	110	0	88	63	0	4
0	110	0	89	63	0	7
0	110	0	90	63	0	8
0	110	0	68	62	0	1
0	110	0	69	62	0	6
0	110	0	70	62	0	3
0	110	0	71	62	0	5
0	110	0	72	62	0	8
0	110	0	73	62	0	7
0	110	0	74	62	0	16
0	110	0	75	62	0	8
0	110	0	76	62	0	11
0	110	0	77	62	0	7
0	110	0	78	62	0	6
0	110	0	79	62	0	11
0	110	0	80	62	0	7
0	110	0	81	62	0	5
0	110	0	82	62	0	7
0	110	0	83	62	0	12
0	110	0	84	62	0	8
0	110	0	85	62	0	1
0	110	0	86	62	0	2
0	110	0	87	62	0	12
0	110	0	88	62	0	5
0	110	0	89	62	0	8
0	110	0	90	62	0	3
0	110	0	69	61	0	1
0	110	0	70	61	0	6
0	110	0	71	61	0	17
0	110	0	72	61	0	10
0	110	0	73	61	0	10
0	110	0	74	61	0	4
0	110	0	75	61	0	3
0	110	0	76	61	0	12
0	110	0	77	61	0	7
0	110	0	78	61	0	9
0	110	0	79	61	0	9
0	110	0	80	61	0	8
0	110	0	85	61	0	8
0	110	0	68	60	0	4
0	110	0	69	60	0	3
0	110	0	70	60	0	5
0	110	0	71	60	0	10
0	110	0	72	60	0	7
0	110	0	73	60	0	10
0	110	0	74	60	0	7
0	110	0	75	60	0	4
0	110	0	76	60	0	12
0	110	0	77	60	0	12
0	110	0	78	60	0	9
0	110	0	85	60	0	8
0	110	0	86	60	0	8
0	110	0	88	60	0	3
0	110	0	89	60	0	14
0	110	0	90	60	0	10
0	110	0	91	60	0	2
0	110	0	67	59	0	4
0	110	0	71	59	0	5
0	110	0	72	59	0	2
0	110	0	81	59	0	11
0	110	0	82	59	0	11
0	110	0	83	59	0	9
0	110	0	84	59	0	3
0	110	0	85	59	0	7
0	110	0	86	59	0	4
0	110	0	87	59	0	4
0	110	0	88	59	0	4
0	110	0	89	59	0	10
0	110	0	90	59	0	15
0	110	0	91	59	0	4
0	110	0	72	58	0	4
0	110	0	79	58	0	13
0	110	0	80	58	0	4
0	110	0	81	58	0	7
0	110	0	82	58	0	9
0	110	0	83	58	0	3
0	110	0	84	58	0	8
0	110	0	85	58	0	5
0	110	0	86	58	0	4
0	110	0	87	58	0	1
0	110	0	88	58	0	9
0	110	0	89	58	0	11
0	110	0	90	58	0	10
0	110	0	91	58	0	3
0	110	0	92	58	0	10
0	110	0	72	57	0	10
0	110	0	73	57	0	5
0	110	0	74	57	0	5
0	110	0	75	57	0	12
0	110	0	76	57	0	3
0	110	0	78	57	0	7
0	110	0	79	57	0	9
0	110	0	80	57	0	15
0	110	0	81	57	0	14
0	110	0	82	57	0	9
0	110	0	83	57	0	5
0	110	0	84	57	0	12
0	110	0	85	57	0	6
0	110	0	86	57	0	11
0	110	0	87	57	0	9
0	110	0	88	57	0	4
0	110	0	89	57	0	8
0	110	0	90	57	0	6
0	110	0	91	57	0	6
0	110	0	92	57	0	5
0	110	0	72	56	0	10
0	110	0	73	56	0	7
0	110	0	74	56	0	11
0	110	0	75	56	0	9
0	110	0	76	56	0	0
0	110	0	77	56	0	7
0	110	0	78	56	0	12
0	110	0	79	56	0	13
0	110	0	80	56	0	8
0	110	0	81	56	0	10
0	110	0	82	56	0	8
0	110	0	83	56	0	2
0	110	0	84	56	0	8
0	110	0	85	56	0	5
0	110	0	86	56	0	4
0	110	0	87	56	0	1
0	110	0	88	56	0	17
0	110	0	89	56	0	10
0	110	0	90	56	0	8
0	110	0	91	56	0	19
0	110	0	92	56	0	1
0	110	0	70	55	0	0
0	110	0	72	55	0	9
0	110	0	73	55	0	3
0	110	0	74	55	0	5
0	110	0	75	55	0	8
0	110	0	76	55	0	5
0	110	0	77	55	0	10
0	110	0	78	55	0	4
0	110	0	79	55	0	3
0	110	0	80	55	0	13
0	110	0	81	55	0	8
0	110	0	82	55	0	11
0	110	0	83	55	0	9
0	110	0	84	55	0	10
0	110	0	85	55	0	9
0	110	0	86	55	0	4
0	110	0	87	55	0	7
0	110	0	89	55	0	1
0	110	0	90	55	0	0
0	110	0	91	55	0	4
0	110	0	92	55	0	3
0	110	0	69	54	0	2
0	110	0	70	54	0	0
0	110	0	71	54	0	3
0	110	0	73	54	0	1
0	110	0	74	54	0	0
0	110	0	75	54	0	0
0	110	0	76	54	0	1
0	110	0	77	54	0	1
0	110	0	78	54	0	7
0	110	0	79	54	0	1
0	110	0	80	54	0	1
0	110	0	81	54	0	13
0	110	0	82	54	0	1
0	110	0	83	54	0	7
0	110	0	84	54	0	4
0	110	0	85	54	0	3
0	110	0	86	54	0	0
0	110	0	89	54	0	3
0	110	0	90	54	0	7
0	110	0	91	54	0	9
0	110	0	92	54	0	14
0	110	0	93	54	0	9
0	110	0	76	53	0	0
0	110	0	77	53	0	8
0	110	0	78	53	0	6
0	110	0	79	53	0	6
0	110	0	80	53	0	6
0	110	0	81	53	0	2
0	110	0	82	53	0	6
0	110	0	83	53	0	11
0	110	0	84	53	0	5
0	110	0	85	53	0	0
0	110	0	90	53	0	8
0	110	0	91	53	0	11
0	110	0	92	53	0	10
0	110	0	93	53	0	11
0	110	0	75	52	0	0
0	110	0	76	52	0	1
0	110	0	77	52	0	0
0	110	0	78	52	0	1
0	110	0	79	52	0	13
0	110	0	80	52	0	6
0	110	0	81	52	0	3
0	110	0	82	52	0	5
0	110	0	91	52	0	10
0	110	0	92	52	0	13
0	110	0	93	52	0	9
0	110	0	75	51	0	2
0	110	0	76	51	0	2
0	110	0	77	51	0	0
0	110	0	79	51	0	7
0	110	0	80	51	0	12
0	110	0	81	51	0	1
0	110	0	91	51	0	14
0	110	0	92	51	0	0
0	110	0	93	51	0	1
0	110	0	76	50	0	2
0	110	0	79	50	0	4
0	110	0	80	50	0	9
0	110	0	81	50	0	0
0	110	0	91	50	0	16
0	110	0	92	50	0	4
0	110	0	74	49	0	0
0	110	0	76	49	0	0
0	110	0	79	49	0	0
0	110	0	80	49	0	0
0	110	0	91	49	0	3
0	110	0	92	49	0	2
0	110	0	76	48	0	1
0	110	0	80	48	0	0
0	110	0	92	48	0	0
0	111	0	73	71	0	0
0	111	0	74	71	0	0
0	111	0	80	71	0	0
0	111	0	74	70	0	7
0	111	0	75	70	0	14
0	111	0	77	70	0	12
0	111	0	78	70	0	8
0	111	0	79	70	0	11
0	111	0	80	70	0	14
0	111	0	81	70	0	20
0	111	0	73	69	0	4
0	111	0	74	69	0	7
0	111	0	75	69	0	15
0	111	0	76	69	0	8
0	111	0	77	69	0	9
0	111	0	78	69	0	9
0	111	0	79	69	0	12
0	111	0	80	69	0	5
0	111	0	81	69	0	5
0	111	0	82	69	0	5
0	111	0	68	68	0	7
0	111	0	69	68	0	1
0	111	0	70	68	0	1
0	111	0	71	68	0	0
0	111	0	72	68	0	1
0	111	0	73	68	0	12
0	111	0	74	68	0	15
0	111	0	75	68	0	7
0	111	0	76	68	0	3
0	111	0	77	68	0	7
0	111	0	78	68	0	9
0	111	0	79	68	0	10
0	111	0	80	68	0	5
0	111	0	81	68	0	6
0	111	0	82	68	0	2
0	111	0	83	68	0	4
0	111	0	69	67	0	7
0	111	0	70	67	0	12
0	111	0	71	67	0	0
0	111	0	72	67	0	11
0	111	0	73	67	0	7
0	111	0	74	67	0	5
0	111	0	75	67	0	0
0	111	0	76	67	0	2
0	111	0	77	67	0	4
0	111	0	78	67	0	5
0	111	0	79	67	0	4
0	111	0	80	67	0	7
0	111	0	81	67	0	11
0	111	0	82	67	0	5
0	111	0	83	67	0	4
0	111	0	84	67	0	15
0	111	0	85	67	0	1
0	111	0	86	67	0	9
0	111	0	68	66	0	0
0	111	0	69	66	0	0
0	111	0	70	66	0	7
0	111	0	71	66	0	10
0	111	0	72	66	0	8
0	111	0	73	66	0	13
0	111	0	74	66	0	19
0	111	0	75	66	0	5
0	111	0	76	66	0	7
0	111	0	77	66	0	2
0	111	0	78	66	0	4
0	111	0	79	66	0	14
0	111	0	80	66	0	7
0	111	0	81	66	0	7
0	111	0	82	66	0	7
0	111	0	83	66	0	8
0	111	0	84	66	0	8
0	111	0	85	66	0	7
0	111	0	86	66	0	9
0	111	0	87	66	0	8
0	111	0	67	65	0	3
0	111	0	68	65	0	1
0	111	0	69	65	0	0
0	111	0	70	65	0	12
0	111	0	71	65	0	8
0	111	0	72	65	0	7
0	111	0	73	65	0	9
0	111	0	74	65	0	8
0	111	0	75	65	0	4
0	111	0	76	65	0	12
0	111	0	77	65	0	9
0	111	0	78	65	0	10
0	111	0	79	65	0	6
0	111	0	80	65	0	11
0	111	0	81	65	0	5
0	111	0	82	65	0	4
0	111	0	83	65	0	15
0	111	0	84	65	0	10
0	111	0	85	65	0	10
0	111	0	86	65	0	6
0	111	0	87	65	0	17
0	111	0	69	64	0	1
0	111	0	70	64	0	10
0	111	0	71	64	0	14
0	111	0	72	64	0	9
0	111	0	73	64	0	12
0	111	0	74	64	0	5
0	111	0	75	64	0	14
0	111	0	76	64	0	8
0	111	0	77	64	0	12
0	111	0	78	64	0	5
0	111	0	79	64	0	7
0	111	0	80	64	0	9
0	111	0	81	64	0	11
0	111	0	82	64	0	5
0	111	0	83	64	0	16
0	111	0	84	64	0	2
0	111	0	85	64	0	11
0	111	0	86	64	0	15
0	111	0	87	64	0	11
0	111	0	88	64	0	10
0	111	0	89	64	0	11
0	111	0	68	63	0	3
0	111	0	70	63	0	2
0	111	0	71	63	0	15
0	111	0	72	63	0	10
0	111	0	73	63	0	6
0	111	0	74	63	0	14
0	111	0	75	63	0	15
0	111	0	76	63	0	1
0	111	0	77	63	0	8
0	111	0	78	63	0	8
0	111	0	79	63	0	5
0	111	0	80	63	0	5
0	111	0	81	63	0	10
0	111	0	82	63	0	7
0	111	0	83	63	0	7
0	111	0	84	63	0	9
0	111	0	85	63	0	7
0	111	0	86	63	0	2
0	111	0	87	63	0	10
0	111	0	88	63	0	6
0	111	0	89	63	0	10
0	111	0	90	63	0	4
0	111	0	68	62	0	2
0	111	0	69	62	0	7
0	111	0	70	62	0	7
0	111	0	71	62	0	8
0	111	0	72	62	0	12
0	111	0	73	62	0	8
0	111	0	74	62	0	10
0	111	0	75	62	0	11
0	111	0	76	62	0	10
0	111	0	77	62	0	5
0	111	0	78	62	0	5
0	111	0	79	62	0	11
0	111	0	80	62	0	6
0	111	0	81	62	0	5
0	111	0	82	62	0	15
0	111	0	83	62	0	9
0	111	0	84	62	0	6
0	111	0	85	62	0	3
0	111	0	86	62	0	2
0	111	0	87	62	0	10
0	111	0	88	62	0	7
0	111	0	89	62	0	7
0	111	0	90	62	0	6
0	111	0	66	61	0	1
0	111	0	69	61	0	3
0	111	0	70	61	0	5
0	111	0	71	61	0	17
0	111	0	72	61	0	8
0	111	0	73	61	0	4
0	111	0	74	61	0	6
0	111	0	75	61	0	2
0	111	0	76	61	0	12
0	111	0	77	61	0	7
0	111	0	78	61	0	9
0	111	0	79	61	0	7
0	111	0	80	61	0	6
0	111	0	85	61	0	9
0	111	0	68	60	0	5
0	111	0	69	60	0	2
0	111	0	70	60	0	3
0	111	0	71	60	0	13
0	111	0	72	60	0	10
0	111	0	73	60	0	16
0	111	0	74	60	0	10
0	111	0	75	60	0	5
0	111	0	76	60	0	9
0	111	0	77	60	0	15
0	111	0	78	60	0	13
0	111	0	85	60	0	7
0	111	0	86	60	0	8
0	111	0	88	60	0	1
0	111	0	89	60	0	12
0	111	0	90	60	0	7
0	111	0	91	60	0	2
0	111	0	67	59	0	5
0	111	0	71	59	0	6
0	111	0	72	59	0	1
0	111	0	81	59	0	16
0	111	0	82	59	0	10
0	111	0	83	59	0	12
0	111	0	84	59	0	4
0	111	0	85	59	0	6
0	111	0	86	59	0	5
0	111	0	87	59	0	5
0	111	0	88	59	0	4
0	111	0	89	59	0	9
0	111	0	90	59	0	18
0	111	0	91	59	0	6
0	111	0	72	58	0	5
0	111	0	79	58	0	18
0	111	0	80	58	0	6
0	111	0	81	58	0	5
0	111	0	82	58	0	9
0	111	0	83	58	0	4
0	111	0	84	58	0	11
0	111	0	85	58	0	6
0	111	0	86	58	0	3
0	111	0	87	58	0	3
0	111	0	88	58	0	11
0	111	0	89	58	0	6
0	111	0	90	58	0	9
0	111	0	91	58	0	5
0	111	0	92	58	0	4
0	111	0	72	57	0	5
0	111	0	73	57	0	6
0	111	0	74	57	0	5
0	111	0	75	57	0	14
0	111	0	76	57	0	1
0	111	0	78	57	0	10
0	111	0	79	57	0	10
0	111	0	80	57	0	9
0	111	0	81	57	0	16
0	111	0	82	57	0	9
0	111	0	83	57	0	11
0	111	0	84	57	0	10
0	111	0	85	57	0	9
0	111	0	86	57	0	8
0	111	0	87	57	0	10
0	111	0	88	57	0	4
0	111	0	89	57	0	6
0	111	0	90	57	0	7
0	111	0	91	57	0	13
0	111	0	92	57	0	8
0	111	0	72	56	0	9
0	111	0	73	56	0	13
0	111	0	74	56	0	8
0	111	0	75	56	0	10
0	111	0	76	56	0	0
0	111	0	77	56	0	6
0	111	0	78	56	0	14
0	111	0	79	56	0	9
0	111	0	80	56	0	11
0	111	0	81	56	0	10
0	111	0	82	56	0	12
0	111	0	83	56	0	6
0	111	0	84	56	0	15
0	111	0	85	56	0	8
0	111	0	86	56	0	4
0	111	0	87	56	0	2
0	111	0	88	56	0	12
0	111	0	89	56	0	11
0	111	0	90	56	0	17
0	111	0	91	56	0	17
0	111	0	92	56	0	0
0	111	0	70	55	0	0
0	111	0	72	55	0	6
0	111	0	73	55	0	6
0	111	0	74	55	0	6
0	111	0	75	55	0	12
0	111	0	76	55	0	3
0	111	0	77	55	0	8
0	111	0	78	55	0	5
0	111	0	79	55	0	6
0	111	0	80	55	0	14
0	111	0	81	55	0	5
0	111	0	82	55	0	7
0	111	0	83	55	0	8
0	111	0	84	55	0	19
0	111	0	85	55	0	10
0	111	0	86	55	0	2
0	111	0	87	55	0	5
0	111	0	89	55	0	1
0	111	0	90	55	0	2
0	111	0	91	55	0	6
0	111	0	92	55	0	1
0	111	0	69	54	0	0
0	111	0	70	54	0	0
0	111	0	71	54	0	4
0	111	0	73	54	0	0
0	111	0	74	54	0	1
0	111	0	75	54	0	1
0	111	0	76	54	0	2
0	111	0	77	54	0	2
0	111	0	78	54	0	6
0	111	0	79	54	0	3
0	111	0	80	54	0	4
0	111	0	81	54	0	11
0	111	0	82	54	0	1
0	111	0	83	54	0	7
0	111	0	84	54	0	6
0	111	0	85	54	0	4
0	111	0	86	54	0	1
0	111	0	89	54	0	3
0	111	0	90	54	0	7
0	111	0	91	54	0	7
0	111	0	92	54	0	8
0	111	0	93	54	0	13
0	111	0	69	53	0	1
0	111	0	76	53	0	0
0	111	0	77	53	0	8
0	111	0	78	53	0	2
0	111	0	79	53	0	8
0	111	0	80	53	0	4
0	111	0	81	53	0	0
0	111	0	82	53	0	3
0	111	0	83	53	0	11
0	111	0	84	53	0	6
0	111	0	85	53	0	1
0	111	0	90	53	0	9
0	111	0	91	53	0	14
0	111	0	92	53	0	13
0	111	0	93	53	0	5
0	111	0	75	52	0	0
0	111	0	76	52	0	0
0	111	0	77	52	0	1
0	111	0	78	52	0	0
0	111	0	79	52	0	15
0	111	0	80	52	0	10
0	111	0	81	52	0	3
0	111	0	82	52	0	4
0	111	0	91	52	0	10
0	111	0	92	52	0	13
0	111	0	93	52	0	8
0	111	0	75	51	0	2
0	111	0	76	51	0	3
0	111	0	77	51	0	0
0	111	0	78	51	0	1
0	111	0	79	51	0	6
0	111	0	80	51	0	8
0	111	0	81	51	0	1
0	111	0	91	51	0	13
0	111	0	92	51	0	1
0	111	0	93	51	0	2
0	111	0	75	50	0	1
0	111	0	76	50	0	5
0	111	0	77	50	0	2
0	111	0	79	50	0	2
0	111	0	80	50	0	6
0	111	0	81	50	0	1
0	111	0	91	50	0	10
0	111	0	92	50	0	4
0	111	0	74	49	0	0
0	111	0	76	49	0	0
0	111	0	79	49	0	0
0	111	0	80	49	0	0
0	111	0	91	49	0	4
0	111	0	92	49	0	1
0	111	0	76	48	0	2
0	111	0	80	48	0	0
0	111	0	92	48	0	0
0	111	0	76	47	0	1
0	112	0	73	71	0	0
0	112	0	74	71	0	0
0	112	0	80	71	0	0
0	112	0	74	70	0	13
0	112	0	75	70	0	13
0	112	0	77	70	0	9
0	112	0	78	70	0	8
0	112	0	79	70	0	14
0	112	0	80	70	0	14
0	112	0	81	70	0	16
0	112	0	73	69	0	4
0	112	0	74	69	0	9
0	112	0	75	69	0	12
0	112	0	76	69	0	10
0	112	0	77	69	0	11
0	112	0	78	69	0	11
0	112	0	79	69	0	12
0	112	0	80	69	0	4
0	112	0	81	69	0	7
0	112	0	82	69	0	12
0	112	0	68	68	0	8
0	112	0	69	68	0	2
0	112	0	70	68	0	1
0	112	0	71	68	0	0
0	112	0	72	68	0	3
0	112	0	73	68	0	16
0	112	0	74	68	0	9
0	112	0	75	68	0	6
0	112	0	76	68	0	13
0	112	0	77	68	0	7
0	112	0	78	68	0	8
0	112	0	79	68	0	7
0	112	0	80	68	0	6
0	112	0	81	68	0	5
0	112	0	82	68	0	0
0	112	0	83	68	0	4
0	112	0	69	67	0	7
0	112	0	70	67	0	11
0	112	0	71	67	0	1
0	112	0	72	67	0	12
0	112	0	73	67	0	4
0	112	0	74	67	0	10
0	112	0	75	67	0	0
0	112	0	76	67	0	3
0	112	0	77	67	0	6
0	112	0	78	67	0	4
0	112	0	79	67	0	4
0	112	0	80	67	0	10
0	112	0	81	67	0	12
0	112	0	82	67	0	6
0	112	0	83	67	0	3
0	112	0	84	67	0	16
0	112	0	85	67	0	0
0	112	0	86	67	0	9
0	112	0	68	66	0	0
0	112	0	69	66	0	0
0	112	0	70	66	0	6
0	112	0	71	66	0	9
0	112	0	72	66	0	10
0	112	0	73	66	0	12
0	112	0	74	66	0	13
0	112	0	75	66	0	10
0	112	0	76	66	0	6
0	112	0	77	66	0	1
0	112	0	78	66	0	3
0	112	0	79	66	0	14
0	112	0	80	66	0	9
0	112	0	81	66	0	11
0	112	0	82	66	0	8
0	112	0	83	66	0	2
0	112	0	84	66	0	12
0	112	0	85	66	0	8
0	112	0	86	66	0	11
0	112	0	87	66	0	8
0	112	0	67	65	0	3
0	112	0	68	65	0	2
0	112	0	69	65	0	1
0	112	0	70	65	0	10
0	112	0	71	65	0	10
0	112	0	72	65	0	6
0	112	0	73	65	0	10
0	112	0	74	65	0	10
0	112	0	75	65	0	5
0	112	0	76	65	0	13
0	112	0	77	65	0	6
0	112	0	78	65	0	9
0	112	0	79	65	0	11
0	112	0	80	65	0	15
0	112	0	81	65	0	5
0	112	0	82	65	0	2
0	112	0	83	65	0	7
0	112	0	84	65	0	6
0	112	0	85	65	0	7
0	112	0	86	65	0	11
0	112	0	87	65	0	13
0	112	0	68	64	0	1
0	112	0	69	64	0	0
0	112	0	70	64	0	10
0	112	0	71	64	0	8
0	112	0	72	64	0	7
0	112	0	73	64	0	11
0	112	0	74	64	0	10
0	112	0	75	64	0	12
0	112	0	76	64	0	7
0	112	0	77	64	0	6
0	112	0	78	64	0	5
0	112	0	79	64	0	13
0	112	0	80	64	0	5
0	112	0	81	64	0	14
0	112	0	82	64	0	4
0	112	0	83	64	0	15
0	112	0	84	64	0	2
0	112	0	85	64	0	11
0	112	0	86	64	0	9
0	112	0	87	64	0	11
0	112	0	88	64	0	8
0	112	0	89	64	0	5
0	112	0	68	63	0	2
0	112	0	69	63	0	1
0	112	0	70	63	0	3
0	112	0	71	63	0	11
0	112	0	72	63	0	14
0	112	0	73	63	0	14
0	112	0	74	63	0	12
0	112	0	75	63	0	8
0	112	0	76	63	0	2
0	112	0	77	63	0	4
0	112	0	78	63	0	15
0	112	0	79	63	0	4
0	112	0	80	63	0	8
0	112	0	81	63	0	16
0	112	0	82	63	0	4
0	112	0	83	63	0	7
0	112	0	84	63	0	9
0	112	0	85	63	0	6
0	112	0	86	63	0	2
0	112	0	87	63	0	8
0	112	0	88	63	0	5
0	112	0	89	63	0	12
0	112	0	90	63	0	5
0	112	0	67	62	0	2
0	112	0	68	62	0	7
0	112	0	69	62	0	9
0	112	0	70	62	0	7
0	112	0	71	62	0	6
0	112	0	72	62	0	15
0	112	0	73	62	0	14
0	112	0	74	62	0	11
0	112	0	75	62	0	10
0	112	0	76	62	0	12
0	112	0	77	62	0	6
0	112	0	78	62	0	5
0	112	0	79	62	0	9
0	112	0	80	62	0	7
0	112	0	81	62	0	4
0	112	0	82	62	0	12
0	112	0	83	62	0	10
0	112	0	84	62	0	6
0	112	0	85	62	0	2
0	112	0	86	62	0	4
0	112	0	87	62	0	13
0	112	0	88	62	0	3
0	112	0	89	62	0	4
0	112	0	90	62	0	5
0	112	0	66	61	0	0
0	112	0	69	61	0	1
0	112	0	70	61	0	9
0	112	0	71	61	0	19
0	112	0	72	61	0	11
0	112	0	73	61	0	4
0	112	0	74	61	0	7
0	112	0	75	61	0	2
0	112	0	76	61	0	8
0	112	0	77	61	0	6
0	112	0	78	61	0	7
0	112	0	79	61	0	3
0	112	0	80	61	0	6
0	112	0	85	61	0	13
0	112	0	68	60	0	3
0	112	0	69	60	0	4
0	112	0	70	60	0	3
0	112	0	71	60	0	7
0	112	0	72	60	0	8
0	112	0	73	60	0	5
0	112	0	74	60	0	7
0	112	0	75	60	0	3
0	112	0	76	60	0	10
0	112	0	77	60	0	10
0	112	0	78	60	0	11
0	112	0	85	60	0	13
0	112	0	86	60	0	6
0	112	0	88	60	0	0
0	112	0	89	60	0	15
0	112	0	90	60	0	2
0	112	0	91	60	0	3
0	112	0	66	59	0	1
0	112	0	67	59	0	4
0	112	0	68	59	0	1
0	112	0	71	59	0	10
0	112	0	72	59	0	0
0	112	0	81	59	0	14
0	112	0	82	59	0	7
0	112	0	83	59	0	8
0	112	0	84	59	0	2
0	112	0	85	59	0	6
0	112	0	86	59	0	4
0	112	0	87	59	0	11
0	112	0	88	59	0	5
0	112	0	89	59	0	8
0	112	0	90	59	0	14
0	112	0	91	59	0	5
0	112	0	72	58	0	6
0	112	0	79	58	0	16
0	112	0	80	58	0	1
0	112	0	81	58	0	5
0	112	0	82	58	0	12
0	112	0	83	58	0	3
0	112	0	84	58	0	13
0	112	0	85	58	0	7
0	112	0	86	58	0	4
0	112	0	87	58	0	4
0	112	0	88	58	0	5
0	112	0	89	58	0	8
0	112	0	90	58	0	12
0	112	0	91	58	0	5
0	112	0	92	58	0	3
0	112	0	72	57	0	7
0	112	0	73	57	0	7
0	112	0	74	57	0	7
0	112	0	75	57	0	20
0	112	0	78	57	0	12
0	112	0	79	57	0	6
0	112	0	80	57	0	10
0	112	0	81	57	0	20
0	112	0	82	57	0	13
0	112	0	83	57	0	12
0	112	0	84	57	0	16
0	112	0	85	57	0	8
0	112	0	86	57	0	10
0	112	0	87	57	0	13
0	112	0	88	57	0	3
0	112	0	89	57	0	11
0	112	0	90	57	0	6
0	112	0	91	57	0	10
0	112	0	92	57	0	11
0	112	0	72	56	0	9
0	112	0	73	56	0	12
0	112	0	74	56	0	9
0	112	0	75	56	0	8
0	112	0	76	56	0	1
0	112	0	77	56	0	7
0	112	0	78	56	0	10
0	112	0	79	56	0	11
0	112	0	80	56	0	9
0	112	0	81	56	0	9
0	112	0	82	56	0	20
0	112	0	83	56	0	7
0	112	0	84	56	0	10
0	112	0	85	56	0	12
0	112	0	86	56	0	6
0	112	0	87	56	0	2
0	112	0	88	56	0	14
0	112	0	89	56	0	12
0	112	0	90	56	0	15
0	112	0	91	56	0	12
0	112	0	92	56	0	0
0	112	0	70	55	0	0
0	112	0	72	55	0	6
0	112	0	73	55	0	8
0	112	0	74	55	0	5
0	112	0	75	55	0	11
0	112	0	76	55	0	4
0	112	0	77	55	0	5
0	112	0	78	55	0	8
0	112	0	79	55	0	7
0	112	0	80	55	0	12
0	112	0	81	55	0	5
0	112	0	82	55	0	6
0	112	0	83	55	0	7
0	112	0	84	55	0	11
0	112	0	85	55	0	12
0	112	0	86	55	0	0
0	112	0	87	55	0	3
0	112	0	89	55	0	2
0	112	0	90	55	0	6
0	112	0	91	55	0	8
0	112	0	92	55	0	5
0	112	0	69	54	0	0
0	112	0	70	54	0	1
0	112	0	71	54	0	3
0	112	0	72	54	0	1
0	112	0	73	54	0	0
0	112	0	74	54	0	1
0	112	0	75	54	0	2
0	112	0	76	54	0	4
0	112	0	77	54	0	2
0	112	0	78	54	0	2
0	112	0	79	54	0	2
0	112	0	80	54	0	2
0	112	0	81	54	0	10
0	112	0	82	54	0	2
0	112	0	83	54	0	14
0	112	0	84	54	0	7
0	112	0	85	54	0	7
0	112	0	86	54	0	1
0	112	0	89	54	0	5
0	112	0	90	54	0	5
0	112	0	91	54	0	14
0	112	0	92	54	0	12
0	112	0	93	54	0	7
0	112	0	69	53	0	0
0	112	0	71	53	0	1
0	112	0	72	53	0	1
0	112	0	76	53	0	2
0	112	0	77	53	0	4
0	112	0	78	53	0	1
0	112	0	79	53	0	6
0	112	0	80	53	0	13
0	112	0	81	53	0	0
0	112	0	82	53	0	1
0	112	0	83	53	0	11
0	112	0	84	53	0	3
0	112	0	85	53	0	1
0	112	0	90	53	0	8
0	112	0	91	53	0	9
0	112	0	92	53	0	8
0	112	0	93	53	0	3
0	112	0	75	52	0	0
0	112	0	76	52	0	0
0	112	0	77	52	0	3
0	112	0	78	52	0	0
0	112	0	79	52	0	14
0	112	0	80	52	0	12
0	112	0	81	52	0	7
0	112	0	82	52	0	6
0	112	0	91	52	0	4
0	112	0	92	52	0	16
0	112	0	93	52	0	5
0	112	0	75	51	0	2
0	112	0	76	51	0	5
0	112	0	77	51	0	0
0	112	0	78	51	0	1
0	112	0	79	51	0	8
0	112	0	80	51	0	5
0	112	0	81	51	0	3
0	112	0	91	51	0	7
0	112	0	92	51	0	1
0	112	0	93	51	0	4
0	112	0	75	50	0	0
0	112	0	76	50	0	3
0	112	0	77	50	0	1
0	112	0	79	50	0	7
0	112	0	80	50	0	5
0	112	0	81	50	0	3
0	112	0	91	50	0	11
0	112	0	92	50	0	5
0	112	0	74	49	0	0
0	112	0	76	49	0	0
0	112	0	79	49	0	0
0	112	0	80	49	0	0
0	112	0	91	49	0	3
0	112	0	92	49	0	0
0	112	0	76	48	0	3
0	112	0	78	48	0	1
0	112	0	80	48	0	0
0	112	0	92	48	0	0
0	112	0	76	47	0	1
0	113	0	73	71	0	1
0	113	0	74	71	0	0
0	113	0	80	71	0	0
0	113	0	74	70	0	5
0	113	0	75	70	0	16
0	113	0	77	70	0	7
0	113	0	78	70	0	6
0	113	0	79	70	0	14
0	113	0	80	70	0	16
0	113	0	81	70	0	9
0	113	0	73	69	0	3
0	113	0	74	69	0	6
0	113	0	75	69	0	7
0	113	0	76	69	0	8
0	113	0	77	69	0	8
0	113	0	78	69	0	14
0	113	0	79	69	0	9
0	113	0	80	69	0	7
0	113	0	81	69	0	4
0	113	0	82	69	0	14
0	113	0	68	68	0	8
0	113	0	69	68	0	2
0	113	0	70	68	0	2
0	113	0	71	68	0	0
0	113	0	72	68	0	2
0	113	0	73	68	0	11
0	113	0	74	68	0	16
0	113	0	75	68	0	1
0	113	0	76	68	0	9
0	113	0	77	68	0	5
0	113	0	78	68	0	7
0	113	0	79	68	0	5
0	113	0	80	68	0	10
0	113	0	81	68	0	9
0	113	0	82	68	0	3
0	113	0	83	68	0	4
0	113	0	69	67	0	5
0	113	0	70	67	0	12
0	113	0	71	67	0	2
0	113	0	72	67	0	13
0	113	0	73	67	0	1
0	113	0	74	67	0	20
0	113	0	75	67	0	3
0	113	0	76	67	0	3
0	113	0	77	67	0	8
0	113	0	78	67	0	6
0	113	0	79	67	0	3
0	113	0	80	67	0	13
0	113	0	81	67	0	19
0	113	0	82	67	0	6
0	113	0	83	67	0	2
0	113	0	84	67	0	14
0	113	0	85	67	0	1
0	113	0	86	67	0	9
0	113	0	68	66	0	0
0	113	0	69	66	0	1
0	113	0	70	66	0	9
0	113	0	71	66	0	9
0	113	0	72	66	0	9
0	113	0	73	66	0	8
0	113	0	74	66	0	17
0	113	0	75	66	0	9
0	113	0	76	66	0	9
0	113	0	77	66	0	4
0	113	0	78	66	0	3
0	113	0	79	66	0	10
0	113	0	80	66	0	6
0	113	0	81	66	0	15
0	113	0	82	66	0	7
0	113	0	83	66	0	6
0	113	0	84	66	0	10
0	113	0	85	66	0	8
0	113	0	86	66	0	6
0	113	0	87	66	0	8
0	113	0	67	65	0	3
0	113	0	68	65	0	4
0	113	0	69	65	0	0
0	113	0	70	65	0	15
0	113	0	71	65	0	13
0	113	0	72	65	0	10
0	113	0	73	65	0	2
0	113	0	74	65	0	10
0	113	0	75	65	0	7
0	113	0	76	65	0	10
0	113	0	77	65	0	8
0	113	0	78	65	0	9
0	113	0	79	65	0	8
0	113	0	80	65	0	10
0	113	0	81	65	0	10
0	113	0	82	65	0	1
0	113	0	83	65	0	8
0	113	0	84	65	0	8
0	113	0	85	65	0	7
0	113	0	86	65	0	8
0	113	0	87	65	0	11
0	113	0	66	64	0	1
0	113	0	68	64	0	4
0	113	0	69	64	0	0
0	113	0	70	64	0	16
0	113	0	71	64	0	4
0	113	0	72	64	0	7
0	113	0	73	64	0	15
0	113	0	74	64	0	9
0	113	0	75	64	0	14
0	113	0	76	64	0	4
0	113	0	77	64	0	9
0	113	0	78	64	0	6
0	113	0	79	64	0	7
0	113	0	80	64	0	8
0	113	0	81	64	0	13
0	113	0	82	64	0	13
0	113	0	83	64	0	14
0	113	0	84	64	0	2
0	113	0	85	64	0	14
0	113	0	86	64	0	8
0	113	0	87	64	0	10
0	113	0	88	64	0	5
0	113	0	89	64	0	10
0	113	0	68	63	0	5
0	113	0	69	63	0	0
0	113	0	70	63	0	6
0	113	0	71	63	0	8
0	113	0	72	63	0	15
0	113	0	73	63	0	16
0	113	0	74	63	0	9
0	113	0	75	63	0	9
0	113	0	76	63	0	5
0	113	0	77	63	0	3
0	113	0	78	63	0	7
0	113	0	79	63	0	7
0	113	0	80	63	0	9
0	113	0	81	63	0	21
0	113	0	82	63	0	4
0	113	0	83	63	0	4
0	113	0	84	63	0	9
0	113	0	85	63	0	5
0	113	0	86	63	0	0
0	113	0	87	63	0	9
0	113	0	88	63	0	8
0	113	0	89	63	0	7
0	113	0	90	63	0	4
0	113	0	67	62	0	3
0	113	0	68	62	0	6
0	113	0	69	62	0	10
0	113	0	70	62	0	10
0	113	0	71	62	0	8
0	113	0	72	62	0	23
0	113	0	73	62	0	11
0	113	0	74	62	0	7
0	113	0	75	62	0	11
0	113	0	76	62	0	5
0	113	0	77	62	0	12
0	113	0	78	62	0	8
0	113	0	79	62	0	11
0	113	0	80	62	0	8
0	113	0	81	62	0	6
0	113	0	82	62	0	8
0	113	0	83	62	0	13
0	113	0	84	62	0	11
0	113	0	85	62	0	2
0	113	0	86	62	0	6
0	113	0	87	62	0	14
0	113	0	88	62	0	4
0	113	0	89	62	0	2
0	113	0	90	62	0	7
0	113	0	66	61	0	0
0	113	0	69	61	0	2
0	113	0	70	61	0	7
0	113	0	71	61	0	12
0	113	0	72	61	0	13
0	113	0	73	61	0	6
0	113	0	74	61	0	4
0	113	0	75	61	0	3
0	113	0	76	61	0	10
0	113	0	77	61	0	5
0	113	0	78	61	0	7
0	113	0	79	61	0	4
0	113	0	80	61	0	11
0	113	0	85	61	0	9
0	113	0	68	60	0	5
0	113	0	69	60	0	4
0	113	0	70	60	0	4
0	113	0	71	60	0	3
0	113	0	72	60	0	4
0	113	0	73	60	0	2
0	113	0	74	60	0	5
0	113	0	75	60	0	7
0	113	0	76	60	0	7
0	113	0	77	60	0	9
0	113	0	78	60	0	12
0	113	0	85	60	0	12
0	113	0	86	60	0	6
0	113	0	88	60	0	0
0	113	0	89	60	0	14
0	113	0	90	60	0	4
0	113	0	91	60	0	2
0	113	0	66	59	0	2
0	113	0	67	59	0	4
0	113	0	68	59	0	0
0	113	0	71	59	0	9
0	113	0	72	59	0	0
0	113	0	81	59	0	15
0	113	0	82	59	0	10
0	113	0	83	59	0	11
0	113	0	84	59	0	3
0	113	0	85	59	0	12
0	113	0	86	59	0	8
0	113	0	87	59	0	5
0	113	0	88	59	0	9
0	113	0	89	59	0	4
0	113	0	90	59	0	15
0	113	0	91	59	0	4
0	113	0	72	58	0	6
0	113	0	79	58	0	10
0	113	0	80	58	0	2
0	113	0	81	58	0	6
0	113	0	82	58	0	10
0	113	0	83	58	0	4
0	113	0	84	58	0	9
0	113	0	85	58	0	9
0	113	0	86	58	0	5
0	113	0	87	58	0	5
0	113	0	88	58	0	5
0	113	0	89	58	0	8
0	113	0	90	58	0	14
0	113	0	91	58	0	8
0	113	0	92	58	0	2
0	113	0	72	57	0	7
0	113	0	73	57	0	6
0	113	0	74	57	0	9
0	113	0	75	57	0	10
0	113	0	78	57	0	14
0	113	0	79	57	0	12
0	113	0	80	57	0	10
0	113	0	81	57	0	12
0	113	0	82	57	0	10
0	113	0	83	57	0	8
0	113	0	84	57	0	16
0	113	0	85	57	0	10
0	113	0	86	57	0	8
0	113	0	87	57	0	15
0	113	0	88	57	0	1
0	113	0	89	57	0	10
0	113	0	90	57	0	11
0	113	0	91	57	0	8
0	113	0	92	57	0	8
0	113	0	72	56	0	10
0	113	0	73	56	0	8
0	113	0	74	56	0	11
0	113	0	75	56	0	3
0	113	0	76	56	0	2
0	113	0	77	56	0	6
0	113	0	78	56	0	15
0	113	0	79	56	0	11
0	113	0	80	56	0	11
0	113	0	81	56	0	10
0	113	0	82	56	0	11
0	113	0	83	56	0	6
0	113	0	84	56	0	10
0	113	0	85	56	0	11
0	113	0	86	56	0	12
0	113	0	87	56	0	2
0	113	0	88	56	0	10
0	113	0	89	56	0	10
0	113	0	90	56	0	15
0	113	0	91	56	0	11
0	113	0	92	56	0	0
0	113	0	70	55	0	0
0	113	0	72	55	0	3
0	113	0	73	55	0	7
0	113	0	74	55	0	4
0	113	0	75	55	0	12
0	113	0	76	55	0	4
0	113	0	77	55	0	1
0	113	0	78	55	0	3
0	113	0	79	55	0	8
0	113	0	80	55	0	12
0	113	0	81	55	0	7
0	113	0	82	55	0	9
0	113	0	83	55	0	5
0	113	0	84	55	0	11
0	113	0	85	55	0	9
0	113	0	86	55	0	0
0	113	0	87	55	0	7
0	113	0	89	55	0	0
0	113	0	90	55	0	8
0	113	0	91	55	0	8
0	113	0	92	55	0	4
0	113	0	69	54	0	0
0	113	0	70	54	0	1
0	113	0	71	54	0	2
0	113	0	72	54	0	1
0	113	0	73	54	0	0
0	113	0	74	54	0	0
0	113	0	75	54	0	1
0	113	0	76	54	0	1
0	113	0	77	54	0	2
0	113	0	78	54	0	2
0	113	0	79	54	0	7
0	113	0	80	54	0	3
0	113	0	81	54	0	10
0	113	0	82	54	0	5
0	113	0	83	54	0	11
0	113	0	84	54	0	9
0	113	0	85	54	0	8
0	113	0	86	54	0	2
0	113	0	89	54	0	8
0	113	0	90	54	0	5
0	113	0	91	54	0	14
0	113	0	92	54	0	7
0	113	0	93	54	0	7
0	113	0	69	53	0	0
0	113	0	71	53	0	2
0	113	0	72	53	0	1
0	113	0	76	53	0	3
0	113	0	77	53	0	7
0	113	0	78	53	0	2
0	113	0	79	53	0	6
0	113	0	80	53	0	3
0	113	0	81	53	0	0
0	113	0	82	53	0	3
0	113	0	83	53	0	9
0	113	0	84	53	0	7
0	113	0	85	53	0	3
0	113	0	90	53	0	9
0	113	0	91	53	0	8
0	113	0	92	53	0	4
0	113	0	93	53	0	2
0	113	0	71	52	0	1
0	113	0	75	52	0	0
0	113	0	76	52	0	0
0	113	0	77	52	0	3
0	113	0	78	52	0	1
0	113	0	79	52	0	6
0	113	0	80	52	0	12
0	113	0	81	52	0	5
0	113	0	82	52	0	9
0	113	0	91	52	0	7
0	113	0	92	52	0	9
0	113	0	93	52	0	8
0	113	0	75	51	0	2
0	113	0	76	51	0	5
0	113	0	77	51	0	0
0	113	0	78	51	0	1
0	113	0	79	51	0	10
0	113	0	80	51	0	3
0	113	0	81	51	0	4
0	113	0	91	51	0	11
0	113	0	92	51	0	4
0	113	0	93	51	0	2
0	113	0	75	50	0	1
0	113	0	76	50	0	3
0	113	0	77	50	0	2
0	113	0	79	50	0	7
0	113	0	80	50	0	4
0	113	0	81	50	0	4
0	113	0	91	50	0	9
0	113	0	92	50	0	2
0	113	0	74	49	0	0
0	113	0	76	49	0	0
0	113	0	77	49	0	1
0	113	0	79	49	0	0
0	113	0	80	49	0	0
0	113	0	91	49	0	6
0	113	0	92	49	0	1
0	113	0	76	48	0	5
0	113	0	78	48	0	2
0	113	0	80	48	0	0
0	113	0	92	48	0	0
0	113	0	74	47	0	1
0	113	0	76	47	0	1
0	114	0	73	71	0	1
0	114	0	74	71	0	0
0	114	0	80	71	0	0
0	114	0	74	70	0	1
0	114	0	75	70	0	8
0	114	0	77	70	0	10
0	114	0	78	70	0	7
0	114	0	79	70	0	9
0	114	0	80	70	0	8
0	114	0	81	70	0	10
0	114	0	73	69	0	5
0	114	0	74	69	0	8
0	114	0	75	69	0	4
0	114	0	76	69	0	7
0	114	0	77	69	0	9
0	114	0	78	69	0	19
0	114	0	79	69	0	10
0	114	0	80	69	0	4
0	114	0	81	69	0	5
0	114	0	82	69	0	9
0	114	0	68	68	0	9
0	114	0	69	68	0	1
0	114	0	70	68	0	1
0	114	0	71	68	0	0
0	114	0	72	68	0	8
0	114	0	73	68	0	9
0	114	0	74	68	0	11
0	114	0	75	68	0	2
0	114	0	76	68	0	13
0	114	0	77	68	0	6
0	114	0	78	68	0	10
0	114	0	79	68	0	7
0	114	0	80	68	0	13
0	114	0	81	68	0	13
0	114	0	82	68	0	6
0	114	0	83	68	0	4
0	114	0	69	67	0	4
0	114	0	70	67	0	9
0	114	0	71	67	0	2
0	114	0	72	67	0	13
0	114	0	73	67	0	3
0	114	0	74	67	0	16
0	114	0	75	67	0	5
0	114	0	76	67	0	2
0	114	0	77	67	0	12
0	114	0	78	67	0	13
0	114	0	79	67	0	5
0	114	0	80	67	0	6
0	114	0	81	67	0	12
0	114	0	82	67	0	7
0	114	0	83	67	0	6
0	114	0	84	67	0	13
0	114	0	85	67	0	1
0	114	0	86	67	0	12
0	114	0	68	66	0	0
0	114	0	69	66	0	3
0	114	0	70	66	0	6
0	114	0	71	66	0	15
0	114	0	72	66	0	12
0	114	0	73	66	0	10
0	114	0	74	66	0	18
0	114	0	75	66	0	14
0	114	0	76	66	0	13
0	114	0	77	66	0	5
0	114	0	78	66	0	5
0	114	0	79	66	0	11
0	114	0	80	66	0	4
0	114	0	81	66	0	6
0	114	0	82	66	0	11
0	114	0	83	66	0	9
0	114	0	84	66	0	13
0	114	0	85	66	0	14
0	114	0	86	66	0	6
0	114	0	87	66	0	10
0	114	0	67	65	0	1
0	114	0	68	65	0	4
0	114	0	69	65	0	0
0	114	0	70	65	0	7
0	114	0	71	65	0	14
0	114	0	72	65	0	14
0	114	0	73	65	0	2
0	114	0	74	65	0	12
0	114	0	75	65	0	9
0	114	0	76	65	0	3
0	114	0	77	65	0	6
0	114	0	78	65	0	11
0	114	0	79	65	0	9
0	114	0	80	65	0	9
0	114	0	81	65	0	11
0	114	0	82	65	0	2
0	114	0	83	65	0	6
0	114	0	84	65	0	8
0	114	0	85	65	0	4
0	114	0	86	65	0	7
0	114	0	87	65	0	6
0	114	0	66	64	0	3
0	114	0	68	64	0	5
0	114	0	69	64	0	1
0	114	0	70	64	0	11
0	114	0	71	64	0	7
0	114	0	72	64	0	7
0	114	0	73	64	0	12
0	114	0	74	64	0	6
0	114	0	75	64	0	15
0	114	0	76	64	0	1
0	114	0	77	64	0	5
0	114	0	78	64	0	8
0	114	0	79	64	0	10
0	114	0	80	64	0	10
0	114	0	81	64	0	12
0	114	0	82	64	0	9
0	114	0	83	64	0	15
0	114	0	84	64	0	3
0	114	0	85	64	0	13
0	114	0	86	64	0	7
0	114	0	87	64	0	12
0	114	0	88	64	0	4
0	114	0	89	64	0	12
0	114	0	68	63	0	6
0	114	0	69	63	0	0
0	114	0	70	63	0	10
0	114	0	71	63	0	10
0	114	0	72	63	0	14
0	114	0	73	63	0	10
0	114	0	74	63	0	8
0	114	0	75	63	0	10
0	114	0	76	63	0	8
0	114	0	77	63	0	4
0	114	0	78	63	0	5
0	114	0	79	63	0	5
0	114	0	80	63	0	6
0	114	0	81	63	0	10
0	114	0	82	63	0	5
0	114	0	83	63	0	4
0	114	0	84	63	0	11
0	114	0	85	63	0	2
0	114	0	86	63	0	0
0	114	0	87	63	0	5
0	114	0	88	63	0	10
0	114	0	89	63	0	9
0	114	0	90	63	0	1
0	114	0	67	62	0	6
0	114	0	68	62	0	3
0	114	0	69	62	0	6
0	114	0	70	62	0	14
0	114	0	71	62	0	2
0	114	0	72	62	0	12
0	114	0	73	62	0	16
0	114	0	74	62	0	9
0	114	0	75	62	0	7
0	114	0	76	62	0	13
0	114	0	77	62	0	9
0	114	0	78	62	0	6
0	114	0	79	62	0	10
0	114	0	80	62	0	7
0	114	0	81	62	0	9
0	114	0	82	62	0	8
0	114	0	83	62	0	9
0	114	0	84	62	0	17
0	114	0	85	62	0	5
0	114	0	86	62	0	7
0	114	0	87	62	0	15
0	114	0	88	62	0	5
0	114	0	89	62	0	3
0	114	0	90	62	0	7
0	114	0	66	61	0	0
0	114	0	68	61	0	2
0	114	0	69	61	0	5
0	114	0	70	61	0	4
0	114	0	71	61	0	11
0	114	0	72	61	0	4
0	114	0	73	61	0	4
0	114	0	74	61	0	3
0	114	0	75	61	0	10
0	114	0	76	61	0	14
0	114	0	77	61	0	3
0	114	0	78	61	0	11
0	114	0	79	61	0	3
0	114	0	80	61	0	10
0	114	0	85	61	0	13
0	114	0	68	60	0	8
0	114	0	69	60	0	6
0	114	0	70	60	0	3
0	114	0	71	60	0	5
0	114	0	72	60	0	8
0	114	0	73	60	0	1
0	114	0	74	60	0	7
0	114	0	75	60	0	3
0	114	0	76	60	0	10
0	114	0	77	60	0	13
0	114	0	78	60	0	10
0	114	0	85	60	0	13
0	114	0	86	60	0	10
0	114	0	88	60	0	0
0	114	0	89	60	0	9
0	114	0	90	60	0	4
0	114	0	91	60	0	2
0	114	0	66	59	0	2
0	114	0	67	59	0	6
0	114	0	68	59	0	0
0	114	0	71	59	0	7
0	114	0	72	59	0	0
0	114	0	81	59	0	10
0	114	0	82	59	0	11
0	114	0	83	59	0	12
0	114	0	84	59	0	8
0	114	0	85	59	0	11
0	114	0	86	59	0	8
0	114	0	87	59	0	7
0	114	0	88	59	0	6
0	114	0	89	59	0	4
0	114	0	90	59	0	15
0	114	0	91	59	0	2
0	114	0	72	58	0	6
0	114	0	79	58	0	12
0	114	0	80	58	0	1
0	114	0	81	58	0	6
0	114	0	82	58	0	9
0	114	0	83	58	0	7
0	114	0	84	58	0	10
0	114	0	85	58	0	13
0	114	0	86	58	0	10
0	114	0	87	58	0	6
0	114	0	88	58	0	3
0	114	0	89	58	0	6
0	114	0	90	58	0	17
0	114	0	91	58	0	5
0	114	0	92	58	0	4
0	114	0	72	57	0	9
0	114	0	73	57	0	6
0	114	0	74	57	0	8
0	114	0	75	57	0	8
0	114	0	78	57	0	14
0	114	0	79	57	0	16
0	114	0	80	57	0	8
0	114	0	81	57	0	9
0	114	0	82	57	0	10
0	114	0	83	57	0	8
0	114	0	84	57	0	13
0	114	0	85	57	0	8
0	114	0	86	57	0	6
0	114	0	87	57	0	14
0	114	0	88	57	0	1
0	114	0	89	57	0	7
0	114	0	90	57	0	9
0	114	0	91	57	0	14
0	114	0	92	57	0	10
0	114	0	72	56	0	7
0	114	0	73	56	0	10
0	114	0	74	56	0	10
0	114	0	75	56	0	4
0	114	0	76	56	0	4
0	114	0	77	56	0	3
0	114	0	78	56	0	8
0	114	0	79	56	0	10
0	114	0	80	56	0	8
0	114	0	81	56	0	12
0	114	0	82	56	0	10
0	114	0	83	56	0	1
0	114	0	84	56	0	14
0	114	0	85	56	0	14
0	114	0	86	56	0	8
0	114	0	87	56	0	2
0	114	0	88	56	0	9
0	114	0	89	56	0	15
0	114	0	90	56	0	17
0	114	0	91	56	0	10
0	114	0	92	56	0	0
0	114	0	70	55	0	1
0	114	0	72	55	0	5
0	114	0	73	55	0	9
0	114	0	74	55	0	2
0	114	0	75	55	0	8
0	114	0	76	55	0	6
0	114	0	77	55	0	1
0	114	0	78	55	0	3
0	114	0	79	55	0	8
0	114	0	80	55	0	10
0	114	0	81	55	0	6
0	114	0	82	55	0	5
0	114	0	83	55	0	5
0	114	0	84	55	0	6
0	114	0	85	55	0	8
0	114	0	86	55	0	1
0	114	0	87	55	0	4
0	114	0	89	55	0	1
0	114	0	90	55	0	9
0	114	0	91	55	0	3
0	114	0	92	55	0	5
0	114	0	69	54	0	0
0	114	0	70	54	0	1
0	114	0	71	54	0	3
0	114	0	72	54	0	0
0	114	0	73	54	0	0
0	114	0	74	54	0	0
0	114	0	75	54	0	0
0	114	0	76	54	0	2
0	114	0	77	54	0	3
0	114	0	78	54	0	4
0	114	0	79	54	0	8
0	114	0	80	54	0	2
0	114	0	81	54	0	9
0	114	0	82	54	0	7
0	114	0	83	54	0	13
0	114	0	84	54	0	7
0	114	0	85	54	0	13
0	114	0	86	54	0	1
0	114	0	89	54	0	7
0	114	0	90	54	0	3
0	114	0	91	54	0	12
0	114	0	92	54	0	5
0	114	0	93	54	0	9
0	114	0	69	53	0	1
0	114	0	71	53	0	3
0	114	0	72	53	0	2
0	114	0	75	53	0	1
0	114	0	76	53	0	3
0	114	0	77	53	0	6
0	114	0	78	53	0	1
0	114	0	79	53	0	2
0	114	0	80	53	0	3
0	114	0	81	53	0	1
0	114	0	82	53	0	5
0	114	0	83	53	0	6
0	114	0	84	53	0	12
0	114	0	85	53	0	4
0	114	0	90	53	0	8
0	114	0	91	53	0	6
0	114	0	92	53	0	5
0	114	0	93	53	0	1
0	114	0	71	52	0	1
0	114	0	72	52	0	1
0	114	0	75	52	0	0
0	114	0	76	52	0	0
0	114	0	77	52	0	5
0	114	0	78	52	0	2
0	114	0	79	52	0	9
0	114	0	80	52	0	11
0	114	0	81	52	0	6
0	114	0	82	52	0	6
0	114	0	91	52	0	8
0	114	0	92	52	0	9
0	114	0	93	52	0	7
0	114	0	75	51	0	0
0	114	0	76	51	0	8
0	114	0	77	51	0	0
0	114	0	78	51	0	3
0	114	0	79	51	0	12
0	114	0	80	51	0	4
0	114	0	81	51	0	4
0	114	0	91	51	0	10
0	114	0	92	51	0	1
0	114	0	93	51	0	4
0	114	0	75	50	0	1
0	114	0	76	50	0	2
0	114	0	77	50	0	2
0	114	0	79	50	0	2
0	114	0	80	50	0	3
0	114	0	81	50	0	3
0	114	0	91	50	0	12
0	114	0	92	50	0	3
0	114	0	74	49	0	0
0	114	0	76	49	0	0
0	114	0	77	49	0	2
0	114	0	79	49	0	0
0	114	0	80	49	0	0
0	114	0	91	49	0	5
0	114	0	92	49	0	0
0	114	0	76	48	0	7
0	114	0	77	48	0	1
0	114	0	78	48	0	7
0	114	0	80	48	0	0
0	114	0	92	48	0	0
0	114	0	74	47	0	1
0	114	0	76	47	0	1
0	115	0	73	71	0	1
0	115	0	74	71	0	1
0	115	0	80	71	0	0
0	115	0	74	70	0	0
0	115	0	75	70	0	5
0	115	0	77	70	0	12
0	115	0	78	70	0	2
0	115	0	79	70	0	4
0	115	0	80	70	0	11
0	115	0	81	70	0	12
0	115	0	73	69	0	11
0	115	0	74	69	0	9
0	115	0	75	69	0	5
0	115	0	76	69	0	8
0	115	0	77	69	0	7
0	115	0	78	69	0	8
0	115	0	79	69	0	16
0	115	0	80	69	0	5
0	115	0	81	69	0	3
0	115	0	82	69	0	11
0	115	0	68	68	0	8
0	115	0	69	68	0	3
0	115	0	70	68	0	3
0	115	0	71	68	0	1
0	115	0	72	68	0	5
0	115	0	73	68	0	6
0	115	0	74	68	0	7
0	115	0	75	68	0	5
0	115	0	76	68	0	6
0	115	0	77	68	0	7
0	115	0	78	68	0	5
0	115	0	79	68	0	7
0	115	0	80	68	0	14
0	115	0	81	68	0	8
0	115	0	82	68	0	7
0	115	0	83	68	0	4
0	115	0	69	67	0	8
0	115	0	70	67	0	2
0	115	0	71	67	0	4
0	115	0	72	67	0	13
0	115	0	73	67	0	8
0	115	0	74	67	0	15
0	115	0	75	67	0	5
0	115	0	76	67	0	4
0	115	0	77	67	0	8
0	115	0	78	67	0	14
0	115	0	79	67	0	3
0	115	0	80	67	0	3
0	115	0	81	67	0	7
0	115	0	82	67	0	12
0	115	0	83	67	0	7
0	115	0	84	67	0	8
0	115	0	85	67	0	0
0	115	0	86	67	0	7
0	115	0	68	66	0	0
0	115	0	69	66	0	5
0	115	0	70	66	0	6
0	115	0	71	66	0	14
0	115	0	72	66	0	9
0	115	0	73	66	0	8
0	115	0	74	66	0	11
0	115	0	75	66	0	9
0	115	0	76	66	0	13
0	115	0	77	66	0	6
0	115	0	78	66	0	8
0	115	0	79	66	0	7
0	115	0	80	66	0	5
0	115	0	81	66	0	7
0	115	0	82	66	0	8
0	115	0	83	66	0	8
0	115	0	84	66	0	13
0	115	0	85	66	0	17
0	115	0	86	66	0	9
0	115	0	87	66	0	7
0	115	0	67	65	0	1
0	115	0	68	65	0	7
0	115	0	69	65	0	0
0	115	0	70	65	0	9
0	115	0	71	65	0	17
0	115	0	72	65	0	13
0	115	0	73	65	0	2
0	115	0	74	65	0	11
0	115	0	75	65	0	19
0	115	0	76	65	0	2
0	115	0	77	65	0	12
0	115	0	78	65	0	7
0	115	0	79	65	0	8
0	115	0	80	65	0	12
0	115	0	81	65	0	7
0	115	0	82	65	0	1
0	115	0	83	65	0	5
0	115	0	84	65	0	5
0	115	0	85	65	0	2
0	115	0	86	65	0	8
0	115	0	87	65	0	9
0	115	0	66	64	0	3
0	115	0	68	64	0	6
0	115	0	69	64	0	2
0	115	0	70	64	0	16
0	115	0	71	64	0	7
0	115	0	72	64	0	5
0	115	0	73	64	0	10
0	115	0	74	64	0	8
0	115	0	75	64	0	6
0	115	0	76	64	0	2
0	115	0	77	64	0	10
0	115	0	78	64	0	7
0	115	0	79	64	0	14
0	115	0	80	64	0	10
0	115	0	81	64	0	9
0	115	0	82	64	0	11
0	115	0	83	64	0	12
0	115	0	84	64	0	1
0	115	0	85	64	0	15
0	115	0	86	64	0	2
0	115	0	87	64	0	11
0	115	0	88	64	0	2
0	115	0	89	64	0	13
0	115	0	68	63	0	6
0	115	0	69	63	0	1
0	115	0	70	63	0	14
0	115	0	71	63	0	9
0	115	0	72	63	0	10
0	115	0	73	63	0	9
0	115	0	74	63	0	10
0	115	0	75	63	0	12
0	115	0	76	63	0	10
0	115	0	77	63	0	7
0	115	0	78	63	0	9
0	115	0	79	63	0	5
0	115	0	80	63	0	9
0	115	0	81	63	0	9
0	115	0	82	63	0	6
0	115	0	83	63	0	6
0	115	0	84	63	0	8
0	115	0	85	63	0	2
0	115	0	86	63	0	0
0	115	0	87	63	0	8
0	115	0	88	63	0	9
0	115	0	89	63	0	10
0	115	0	90	63	0	2
0	115	0	66	62	0	1
0	115	0	67	62	0	5
0	115	0	68	62	0	9
0	115	0	69	62	0	8
0	115	0	70	62	0	13
0	115	0	71	62	0	1
0	115	0	72	62	0	14
0	115	0	73	62	0	12
0	115	0	74	62	0	9
0	115	0	75	62	0	10
0	115	0	76	62	0	11
0	115	0	77	62	0	10
0	115	0	78	62	0	8
0	115	0	79	62	0	14
0	115	0	80	62	0	7
0	115	0	81	62	0	5
0	115	0	82	62	0	7
0	115	0	83	62	0	7
0	115	0	84	62	0	12
0	115	0	85	62	0	10
0	115	0	86	62	0	9
0	115	0	87	62	0	15
0	115	0	88	62	0	3
0	115	0	89	62	0	3
0	115	0	90	62	0	8
0	115	0	66	61	0	0
0	115	0	68	61	0	3
0	115	0	69	61	0	7
0	115	0	70	61	0	3
0	115	0	71	61	0	14
0	115	0	72	61	0	6
0	115	0	73	61	0	5
0	115	0	74	61	0	8
0	115	0	75	61	0	9
0	115	0	76	61	0	10
0	115	0	77	61	0	2
0	115	0	78	61	0	9
0	115	0	79	61	0	8
0	115	0	80	61	0	9
0	115	0	85	61	0	10
0	115	0	68	60	0	10
0	115	0	69	60	0	4
0	115	0	70	60	0	5
0	115	0	71	60	0	3
0	115	0	72	60	0	4
0	115	0	73	60	0	1
0	115	0	74	60	0	9
0	115	0	75	60	0	7
0	115	0	76	60	0	10
0	115	0	77	60	0	10
0	115	0	78	60	0	7
0	115	0	85	60	0	13
0	115	0	86	60	0	6
0	115	0	88	60	0	0
0	115	0	89	60	0	10
0	115	0	90	60	0	7
0	115	0	91	60	0	0
0	115	0	66	59	0	3
0	115	0	67	59	0	9
0	115	0	68	59	0	0
0	115	0	71	59	0	7
0	115	0	72	59	0	0
0	115	0	81	59	0	14
0	115	0	82	59	0	13
0	115	0	83	59	0	6
0	115	0	84	59	0	9
0	115	0	85	59	0	5
0	115	0	86	59	0	6
0	115	0	87	59	0	8
0	115	0	88	59	0	9
0	115	0	89	59	0	9
0	115	0	90	59	0	12
0	115	0	91	59	0	6
0	115	0	72	58	0	7
0	115	0	79	58	0	9
0	115	0	80	58	0	2
0	115	0	81	58	0	7
0	115	0	82	58	0	9
0	115	0	83	58	0	13
0	115	0	84	58	0	13
0	115	0	85	58	0	11
0	115	0	86	58	0	8
0	115	0	87	58	0	7
0	115	0	88	58	0	8
0	115	0	89	58	0	7
0	115	0	90	58	0	13
0	115	0	91	58	0	8
0	115	0	92	58	0	8
0	115	0	72	57	0	7
0	115	0	73	57	0	3
0	115	0	74	57	0	7
0	115	0	75	57	0	9
0	115	0	78	57	0	14
0	115	0	79	57	0	13
0	115	0	80	57	0	4
0	115	0	81	57	0	8
0	115	0	82	57	0	9
0	115	0	83	57	0	14
0	115	0	84	57	0	14
0	115	0	85	57	0	14
0	115	0	86	57	0	6
0	115	0	87	57	0	15
0	115	0	88	57	0	4
0	115	0	89	57	0	8
0	115	0	90	57	0	8
0	115	0	91	57	0	11
0	115	0	92	57	0	7
0	115	0	72	56	0	4
0	115	0	73	56	0	12
0	115	0	74	56	0	15
0	115	0	75	56	0	2
0	115	0	76	56	0	5
0	115	0	77	56	0	3
0	115	0	78	56	0	5
0	115	0	79	56	0	16
0	115	0	80	56	0	9
0	115	0	81	56	0	7
0	115	0	82	56	0	9
0	115	0	83	56	0	3
0	115	0	84	56	0	10
0	115	0	85	56	0	12
0	115	0	86	56	0	13
0	115	0	87	56	0	4
0	115	0	88	56	0	13
0	115	0	89	56	0	12
0	115	0	90	56	0	17
0	115	0	91	56	0	8
0	115	0	92	56	0	1
0	115	0	70	55	0	1
0	115	0	72	55	0	7
0	115	0	73	55	0	6
0	115	0	74	55	0	4
0	115	0	75	55	0	11
0	115	0	76	55	0	6
0	115	0	77	55	0	2
0	115	0	78	55	0	4
0	115	0	79	55	0	4
0	115	0	80	55	0	13
0	115	0	81	55	0	7
0	115	0	82	55	0	5
0	115	0	83	55	0	2
0	115	0	84	55	0	9
0	115	0	85	55	0	12
0	115	0	86	55	0	2
0	115	0	87	55	0	4
0	115	0	89	55	0	1
0	115	0	90	55	0	6
0	115	0	91	55	0	3
0	115	0	92	55	0	7
0	115	0	69	54	0	0
0	115	0	70	54	0	0
0	115	0	71	54	0	4
0	115	0	72	54	0	1
0	115	0	73	54	0	0
0	115	0	74	54	0	0
0	115	0	75	54	0	0
0	115	0	76	54	0	4
0	115	0	77	54	0	7
0	115	0	78	54	0	6
0	115	0	79	54	0	3
0	115	0	80	54	0	2
0	115	0	81	54	0	6
0	115	0	82	54	0	13
0	115	0	83	54	0	8
0	115	0	84	54	0	9
0	115	0	85	54	0	11
0	115	0	86	54	0	2
0	115	0	89	54	0	10
0	115	0	90	54	0	6
0	115	0	91	54	0	7
0	115	0	92	54	0	2
0	115	0	93	54	0	12
0	115	0	69	53	0	2
0	115	0	71	53	0	0
0	115	0	72	53	0	1
0	115	0	75	53	0	5
0	115	0	76	53	0	7
0	115	0	77	53	0	5
0	115	0	78	53	0	1
0	115	0	79	53	0	1
0	115	0	80	53	0	5
0	115	0	81	53	0	0
0	115	0	82	53	0	7
0	115	0	83	53	0	5
0	115	0	84	53	0	9
0	115	0	85	53	0	7
0	115	0	90	53	0	8
0	115	0	91	53	0	6
0	115	0	92	53	0	7
0	115	0	93	53	0	1
0	115	0	71	52	0	1
0	115	0	72	52	0	1
0	115	0	75	52	0	0
0	115	0	76	52	0	0
0	115	0	77	52	0	6
0	115	0	78	52	0	4
0	115	0	79	52	0	7
0	115	0	80	52	0	19
0	115	0	81	52	0	6
0	115	0	82	52	0	12
0	115	0	91	52	0	7
0	115	0	92	52	0	7
0	115	0	93	52	0	9
0	115	0	75	51	0	0
0	115	0	76	51	0	13
0	115	0	77	51	0	1
0	115	0	78	51	0	6
0	115	0	79	51	0	11
0	115	0	80	51	0	5
0	115	0	81	51	0	4
0	115	0	91	51	0	10
0	115	0	92	51	0	1
0	115	0	93	51	0	3
0	115	0	75	50	0	1
0	115	0	76	50	0	0
0	115	0	77	50	0	7
0	115	0	79	50	0	5
0	115	0	80	50	0	4
0	115	0	81	50	0	3
0	115	0	91	50	0	18
0	115	0	92	50	0	5
0	115	0	74	49	0	0
0	115	0	76	49	0	1
0	115	0	77	49	0	2
0	115	0	79	49	0	0
0	115	0	80	49	0	0
0	115	0	91	49	0	3
0	115	0	92	49	0	0
0	115	0	76	48	0	5
0	115	0	77	48	0	1
0	115	0	78	48	0	8
0	115	0	80	48	0	0
0	115	0	92	48	0	0
0	115	0	74	47	0	0
0	115	0	76	47	0	4
0	116	0	73	71	0	2
0	116	0	74	71	0	5
0	116	0	80	71	0	0
0	116	0	74	70	0	0
0	116	0	75	70	0	8
0	116	0	77	70	0	5
0	116	0	78	70	0	1
0	116	0	79	70	0	4
0	116	0	80	70	0	10
0	116	0	81	70	0	11
0	116	0	73	69	0	10
0	116	0	74	69	0	9
0	116	0	75	69	0	7
0	116	0	76	69	0	3
0	116	0	77	69	0	10
0	116	0	78	69	0	6
0	116	0	79	69	0	10
0	116	0	80	69	0	8
0	116	0	81	69	0	4
0	116	0	82	69	0	10
0	116	0	68	68	0	9
0	116	0	69	68	0	2
0	116	0	70	68	0	6
0	116	0	71	68	0	0
0	116	0	72	68	0	5
0	116	0	73	68	0	7
0	116	0	74	68	0	8
0	116	0	75	68	0	4
0	116	0	76	68	0	5
0	116	0	77	68	0	7
0	116	0	78	68	0	9
0	116	0	79	68	0	6
0	116	0	80	68	0	17
0	116	0	81	68	0	3
0	116	0	82	68	0	9
0	116	0	83	68	0	10
0	116	0	69	67	0	7
0	116	0	70	67	0	3
0	116	0	71	67	0	4
0	116	0	72	67	0	12
0	116	0	73	67	0	9
0	116	0	74	67	0	18
0	116	0	75	67	0	8
0	116	0	76	67	0	5
0	116	0	77	67	0	7
0	116	0	78	67	0	19
0	116	0	79	67	0	3
0	116	0	80	67	0	4
0	116	0	81	67	0	9
0	116	0	82	67	0	11
0	116	0	83	67	0	10
0	116	0	84	67	0	12
0	116	0	85	67	0	0
0	116	0	86	67	0	8
0	116	0	68	66	0	0
0	116	0	69	66	0	9
0	116	0	70	66	0	11
0	116	0	71	66	0	10
0	116	0	72	66	0	9
0	116	0	73	66	0	8
0	116	0	74	66	0	8
0	116	0	75	66	0	9
0	116	0	76	66	0	6
0	116	0	77	66	0	8
0	116	0	78	66	0	7
0	116	0	79	66	0	11
0	116	0	80	66	0	7
0	116	0	81	66	0	4
0	116	0	82	66	0	9
0	116	0	83	66	0	7
0	116	0	84	66	0	9
0	116	0	85	66	0	17
0	116	0	86	66	0	8
0	116	0	87	66	0	6
0	116	0	67	65	0	3
0	116	0	68	65	0	7
0	116	0	69	65	0	0
0	116	0	70	65	0	5
0	116	0	71	65	0	12
0	116	0	72	65	0	9
0	116	0	73	65	0	3
0	116	0	74	65	0	16
0	116	0	75	65	0	15
0	116	0	76	65	0	4
0	116	0	77	65	0	12
0	116	0	78	65	0	8
0	116	0	79	65	0	10
0	116	0	80	65	0	13
0	116	0	81	65	0	11
0	116	0	82	65	0	2
0	116	0	83	65	0	5
0	116	0	84	65	0	7
0	116	0	85	65	0	3
0	116	0	86	65	0	8
0	116	0	87	65	0	5
0	116	0	66	64	0	0
0	116	0	68	64	0	4
0	116	0	69	64	0	4
0	116	0	70	64	0	7
0	116	0	71	64	0	5
0	116	0	72	64	0	7
0	116	0	73	64	0	13
0	116	0	74	64	0	9
0	116	0	75	64	0	14
0	116	0	76	64	0	2
0	116	0	77	64	0	10
0	116	0	78	64	0	7
0	116	0	79	64	0	10
0	116	0	80	64	0	9
0	116	0	81	64	0	10
0	116	0	82	64	0	6
0	116	0	83	64	0	11
0	116	0	84	64	0	1
0	116	0	85	64	0	13
0	116	0	86	64	0	2
0	116	0	87	64	0	17
0	116	0	88	64	0	4
0	116	0	89	64	0	11
0	116	0	68	63	0	4
0	116	0	69	63	0	2
0	116	0	70	63	0	13
0	116	0	71	63	0	13
0	116	0	72	63	0	12
0	116	0	73	63	0	8
0	116	0	74	63	0	12
0	116	0	75	63	0	11
0	116	0	76	63	0	6
0	116	0	77	63	0	4
0	116	0	78	63	0	8
0	116	0	79	63	0	5
0	116	0	80	63	0	11
0	116	0	81	63	0	7
0	116	0	82	63	0	3
0	116	0	83	63	0	10
0	116	0	84	63	0	7
0	116	0	85	63	0	2
0	116	0	86	63	0	0
0	116	0	87	63	0	9
0	116	0	88	63	0	4
0	116	0	89	63	0	13
0	116	0	90	63	0	5
0	116	0	66	62	0	2
0	116	0	67	62	0	8
0	116	0	68	62	0	10
0	116	0	69	62	0	12
0	116	0	70	62	0	17
0	116	0	71	62	0	3
0	116	0	72	62	0	10
0	116	0	73	62	0	7
0	116	0	74	62	0	8
0	116	0	75	62	0	10
0	116	0	76	62	0	12
0	116	0	77	62	0	7
0	116	0	78	62	0	12
0	116	0	79	62	0	4
0	116	0	80	62	0	7
0	116	0	81	62	0	6
0	116	0	82	62	0	7
0	116	0	83	62	0	9
0	116	0	84	62	0	12
0	116	0	85	62	0	5
0	116	0	86	62	0	6
0	116	0	87	62	0	14
0	116	0	88	62	0	3
0	116	0	89	62	0	5
0	116	0	90	62	0	9
0	116	0	66	61	0	0
0	116	0	68	61	0	5
0	116	0	69	61	0	9
0	116	0	70	61	0	1
0	116	0	71	61	0	11
0	116	0	72	61	0	5
0	116	0	73	61	0	4
0	116	0	74	61	0	12
0	116	0	75	61	0	10
0	116	0	76	61	0	8
0	116	0	77	61	0	1
0	116	0	78	61	0	14
0	116	0	79	61	0	10
0	116	0	80	61	0	10
0	116	0	85	61	0	9
0	116	0	68	60	0	15
0	116	0	69	60	0	7
0	116	0	70	60	0	5
0	116	0	71	60	0	7
0	116	0	72	60	0	7
0	116	0	73	60	0	1
0	116	0	74	60	0	7
0	116	0	75	60	0	3
0	116	0	76	60	0	8
0	116	0	77	60	0	8
0	116	0	78	60	0	11
0	116	0	85	60	0	17
0	116	0	86	60	0	9
0	116	0	88	60	0	1
0	116	0	89	60	0	9
0	116	0	90	60	0	8
0	116	0	91	60	0	0
0	116	0	64	59	0	1
0	116	0	66	59	0	3
0	116	0	67	59	0	8
0	116	0	68	59	0	0
0	116	0	71	59	0	6
0	116	0	72	59	0	0
0	116	0	81	59	0	13
0	116	0	82	59	0	9
0	116	0	83	59	0	5
0	116	0	84	59	0	9
0	116	0	85	59	0	10
0	116	0	86	59	0	6
0	116	0	87	59	0	6
0	116	0	88	59	0	7
0	116	0	89	59	0	15
0	116	0	90	59	0	7
0	116	0	91	59	0	7
0	116	0	72	58	0	8
0	116	0	79	58	0	11
0	116	0	80	58	0	4
0	116	0	81	58	0	6
0	116	0	82	58	0	8
0	116	0	83	58	0	15
0	116	0	84	58	0	12
0	116	0	85	58	0	12
0	116	0	86	58	0	8
0	116	0	87	58	0	7
0	116	0	88	58	0	4
0	116	0	89	58	0	4
0	116	0	90	58	0	12
0	116	0	91	58	0	14
0	116	0	92	58	0	3
0	116	0	72	57	0	8
0	116	0	73	57	0	3
0	116	0	74	57	0	5
0	116	0	75	57	0	9
0	116	0	78	57	0	11
0	116	0	79	57	0	12
0	116	0	80	57	0	5
0	116	0	81	57	0	9
0	116	0	82	57	0	8
0	116	0	83	57	0	7
0	116	0	84	57	0	20
0	116	0	85	57	0	12
0	116	0	86	57	0	9
0	116	0	87	57	0	6
0	116	0	88	57	0	4
0	116	0	89	57	0	7
0	116	0	90	57	0	11
0	116	0	91	57	0	13
0	116	0	92	57	0	4
0	116	0	72	56	0	4
0	116	0	73	56	0	14
0	116	0	74	56	0	12
0	116	0	75	56	0	3
0	116	0	76	56	0	8
0	116	0	77	56	0	4
0	116	0	78	56	0	5
0	116	0	79	56	0	13
0	116	0	80	56	0	10
0	116	0	81	56	0	2
0	116	0	82	56	0	8
0	116	0	83	56	0	4
0	116	0	84	56	0	5
0	116	0	85	56	0	14
0	116	0	86	56	0	15
0	116	0	87	56	0	9
0	116	0	88	56	0	17
0	116	0	89	56	0	10
0	116	0	90	56	0	10
0	116	0	91	56	0	12
0	116	0	92	56	0	1
0	116	0	70	55	0	1
0	116	0	72	55	0	7
0	116	0	73	55	0	5
0	116	0	74	55	0	6
0	116	0	75	55	0	10
0	116	0	76	55	0	4
0	116	0	77	55	0	4
0	116	0	78	55	0	7
0	116	0	79	55	0	4
0	116	0	80	55	0	15
0	116	0	81	55	0	11
0	116	0	82	55	0	6
0	116	0	83	55	0	1
0	116	0	84	55	0	5
0	116	0	85	55	0	10
0	116	0	86	55	0	3
0	116	0	87	55	0	4
0	116	0	89	55	0	0
0	116	0	90	55	0	3
0	116	0	91	55	0	3
0	116	0	92	55	0	13
0	116	0	69	54	0	0
0	116	0	70	54	0	0
0	116	0	71	54	0	3
0	116	0	72	54	0	1
0	116	0	73	54	0	0
0	116	0	74	54	0	0
0	116	0	75	54	0	0
0	116	0	76	54	0	4
0	116	0	77	54	0	5
0	116	0	78	54	0	4
0	116	0	79	54	0	5
0	116	0	80	54	0	5
0	116	0	81	54	0	3
0	116	0	82	54	0	9
0	116	0	83	54	0	10
0	116	0	84	54	0	4
0	116	0	85	54	0	8
0	116	0	86	54	0	1
0	116	0	89	54	0	8
0	116	0	90	54	0	4
0	116	0	91	54	0	9
0	116	0	92	54	0	1
0	116	0	93	54	0	11
0	116	0	69	53	0	2
0	116	0	70	53	0	1
0	116	0	71	53	0	0
0	116	0	72	53	0	1
0	116	0	74	53	0	1
0	116	0	75	53	0	8
0	116	0	76	53	0	9
0	116	0	77	53	0	1
0	116	0	78	53	0	1
0	116	0	79	53	0	3
0	116	0	80	53	0	5
0	116	0	81	53	0	1
0	116	0	82	53	0	9
0	116	0	83	53	0	10
0	116	0	84	53	0	9
0	116	0	85	53	0	11
0	116	0	90	53	0	11
0	116	0	91	53	0	11
0	116	0	92	53	0	9
0	116	0	93	53	0	2
0	116	0	71	52	0	3
0	116	0	72	52	0	2
0	116	0	75	52	0	0
0	116	0	76	52	0	2
0	116	0	77	52	0	6
0	116	0	78	52	0	2
0	116	0	79	52	0	10
0	116	0	80	52	0	12
0	116	0	81	52	0	5
0	116	0	82	52	0	12
0	116	0	91	52	0	6
0	116	0	92	52	0	8
0	116	0	93	52	0	6
0	116	0	72	51	0	1
0	116	0	75	51	0	0
0	116	0	76	51	0	10
0	116	0	77	51	0	3
0	116	0	78	51	0	4
0	116	0	79	51	0	8
0	116	0	80	51	0	7
0	116	0	81	51	0	3
0	116	0	91	51	0	10
0	116	0	92	51	0	0
0	116	0	93	51	0	2
0	116	0	75	50	0	1
0	116	0	76	50	0	1
0	116	0	77	50	0	6
0	116	0	78	50	0	1
0	116	0	79	50	0	8
0	116	0	80	50	0	5
0	116	0	81	50	0	3
0	116	0	91	50	0	15
0	116	0	92	50	0	5
0	116	0	74	49	0	0
0	116	0	76	49	0	3
0	116	0	77	49	0	3
0	116	0	78	49	0	2
0	116	0	79	49	0	0
0	116	0	80	49	0	0
0	116	0	82	49	0	1
0	116	0	91	49	0	1
0	116	0	92	49	0	1
0	116	0	76	48	0	3
0	116	0	77	48	0	0
0	116	0	78	48	0	7
0	116	0	80	48	0	0
0	116	0	92	48	0	0
0	116	0	74	47	0	0
0	116	0	76	47	0	4
0	117	0	73	71	0	4
0	117	0	74	71	0	6
0	117	0	80	71	0	1
0	117	0	74	70	0	0
0	117	0	75	70	0	9
0	117	0	77	70	0	5
0	117	0	78	70	0	3
0	117	0	79	70	0	2
0	117	0	80	70	0	15
0	117	0	81	70	0	10
0	117	0	71	69	0	1
0	117	0	73	69	0	5
0	117	0	74	69	0	4
0	117	0	75	69	0	8
0	117	0	76	69	0	3
0	117	0	77	69	0	7
0	117	0	78	69	0	3
0	117	0	79	69	0	8
0	117	0	80	69	0	10
0	117	0	81	69	0	5
0	117	0	82	69	0	7
0	117	0	68	68	0	6
0	117	0	69	68	0	3
0	117	0	70	68	0	8
0	117	0	71	68	0	0
0	117	0	72	68	0	7
0	117	0	73	68	0	13
0	117	0	74	68	0	7
0	117	0	75	68	0	4
0	117	0	76	68	0	5
0	117	0	77	68	0	5
0	117	0	78	68	0	8
0	117	0	79	68	0	6
0	117	0	80	68	0	12
0	117	0	81	68	0	7
0	117	0	82	68	0	7
0	117	0	83	68	0	10
0	117	0	68	67	0	1
0	117	0	69	67	0	2
0	117	0	70	67	0	5
0	117	0	71	67	0	4
0	117	0	72	67	0	15
0	117	0	73	67	0	7
0	117	0	74	67	0	11
0	117	0	75	67	0	12
0	117	0	76	67	0	7
0	117	0	77	67	0	8
0	117	0	78	67	0	15
0	117	0	79	67	0	4
0	117	0	80	67	0	4
0	117	0	81	67	0	15
0	117	0	82	67	0	10
0	117	0	83	67	0	12
0	117	0	84	67	0	11
0	117	0	85	67	0	1
0	117	0	86	67	0	9
0	117	0	68	66	0	1
0	117	0	69	66	0	7
0	117	0	70	66	0	9
0	117	0	71	66	0	13
0	117	0	72	66	0	10
0	117	0	73	66	0	7
0	117	0	74	66	0	13
0	117	0	75	66	0	8
0	117	0	76	66	0	4
0	117	0	77	66	0	9
0	117	0	78	66	0	11
0	117	0	79	66	0	11
0	117	0	80	66	0	14
0	117	0	81	66	0	5
0	117	0	82	66	0	11
0	117	0	83	66	0	11
0	117	0	84	66	0	9
0	117	0	85	66	0	10
0	117	0	86	66	0	8
0	117	0	87	66	0	10
0	117	0	67	65	0	4
0	117	0	68	65	0	6
0	117	0	69	65	0	1
0	117	0	70	65	0	7
0	117	0	71	65	0	17
0	117	0	72	65	0	10
0	117	0	73	65	0	1
0	117	0	74	65	0	9
0	117	0	75	65	0	10
0	117	0	76	65	0	8
0	117	0	77	65	0	9
0	117	0	78	65	0	9
0	117	0	79	65	0	9
0	117	0	80	65	0	13
0	117	0	81	65	0	13
0	117	0	82	65	0	3
0	117	0	83	65	0	5
0	117	0	84	65	0	9
0	117	0	85	65	0	7
0	117	0	86	65	0	7
0	117	0	87	65	0	5
0	117	0	66	64	0	0
0	117	0	67	64	0	1
0	117	0	68	64	0	5
0	117	0	69	64	0	5
0	117	0	70	64	0	9
0	117	0	71	64	0	4
0	117	0	72	64	0	8
0	117	0	73	64	0	8
0	117	0	74	64	0	10
0	117	0	75	64	0	15
0	117	0	76	64	0	4
0	117	0	77	64	0	10
0	117	0	78	64	0	10
0	117	0	79	64	0	11
0	117	0	80	64	0	6
0	117	0	81	64	0	6
0	117	0	82	64	0	6
0	117	0	83	64	0	13
0	117	0	84	64	0	2
0	117	0	85	64	0	13
0	117	0	86	64	0	4
0	117	0	87	64	0	21
0	117	0	88	64	0	7
0	117	0	89	64	0	6
0	117	0	68	63	0	5
0	117	0	69	63	0	2
0	117	0	70	63	0	12
0	117	0	71	63	0	11
0	117	0	72	63	0	9
0	117	0	73	63	0	6
0	117	0	74	63	0	12
0	117	0	75	63	0	6
0	117	0	76	63	0	5
0	117	0	77	63	0	8
0	117	0	78	63	0	9
0	117	0	79	63	0	11
0	117	0	80	63	0	12
0	117	0	81	63	0	6
0	117	0	82	63	0	5
0	117	0	83	63	0	9
0	117	0	84	63	0	6
0	117	0	85	63	0	2
0	117	0	86	63	0	0
0	117	0	87	63	0	12
0	117	0	88	63	0	10
0	117	0	89	63	0	5
0	117	0	90	63	0	2
0	117	0	66	62	0	2
0	117	0	67	62	0	2
0	117	0	68	62	0	9
0	117	0	69	62	0	17
0	117	0	70	62	0	13
0	117	0	71	62	0	6
0	117	0	72	62	0	11
0	117	0	73	62	0	7
0	117	0	74	62	0	12
0	117	0	75	62	0	9
0	117	0	76	62	0	7
0	117	0	77	62	0	9
0	117	0	78	62	0	9
0	117	0	79	62	0	4
0	117	0	80	62	0	7
0	117	0	81	62	0	6
0	117	0	82	62	0	5
0	117	0	83	62	0	20
0	117	0	84	62	0	9
0	117	0	85	62	0	8
0	117	0	86	62	0	4
0	117	0	87	62	0	6
0	117	0	88	62	0	4
0	117	0	89	62	0	12
0	117	0	90	62	0	8
0	117	0	66	61	0	0
0	117	0	68	61	0	5
0	117	0	69	61	0	3
0	117	0	70	61	0	3
0	117	0	71	61	0	15
0	117	0	72	61	0	5
0	117	0	73	61	0	6
0	117	0	74	61	0	9
0	117	0	75	61	0	5
0	117	0	76	61	0	12
0	117	0	77	61	0	1
0	117	0	78	61	0	14
0	117	0	79	61	0	7
0	117	0	80	61	0	13
0	117	0	85	61	0	12
0	117	0	67	60	0	1
0	117	0	68	60	0	21
0	117	0	69	60	0	5
0	117	0	70	60	0	4
0	117	0	71	60	0	8
0	117	0	72	60	0	11
0	117	0	73	60	0	3
0	117	0	74	60	0	6
0	117	0	75	60	0	2
0	117	0	76	60	0	7
0	117	0	77	60	0	6
0	117	0	78	60	0	11
0	117	0	85	60	0	12
0	117	0	86	60	0	8
0	117	0	88	60	0	1
0	117	0	89	60	0	9
0	117	0	90	60	0	10
0	117	0	91	60	0	0
0	117	0	64	59	0	2
0	117	0	66	59	0	0
0	117	0	67	59	0	7
0	117	0	68	59	0	1
0	117	0	71	59	0	4
0	117	0	72	59	0	0
0	117	0	81	59	0	7
0	117	0	82	59	0	7
0	117	0	83	59	0	7
0	117	0	84	59	0	10
0	117	0	85	59	0	9
0	117	0	86	59	0	11
0	117	0	87	59	0	5
0	117	0	88	59	0	7
0	117	0	89	59	0	13
0	117	0	90	59	0	7
0	117	0	91	59	0	9
0	117	0	72	58	0	4
0	117	0	79	58	0	11
0	117	0	80	58	0	4
0	117	0	81	58	0	5
0	117	0	82	58	0	7
0	117	0	83	58	0	14
0	117	0	84	58	0	17
0	117	0	85	58	0	11
0	117	0	86	58	0	5
0	117	0	87	58	0	7
0	117	0	88	58	0	4
0	117	0	89	58	0	3
0	117	0	90	58	0	14
0	117	0	91	58	0	16
0	117	0	92	58	0	2
0	117	0	72	57	0	5
0	117	0	73	57	0	6
0	117	0	74	57	0	3
0	117	0	75	57	0	8
0	117	0	78	57	0	6
0	117	0	79	57	0	14
0	117	0	80	57	0	4
0	117	0	81	57	0	6
0	117	0	82	57	0	12
0	117	0	83	57	0	9
0	117	0	84	57	0	17
0	117	0	85	57	0	7
0	117	0	86	57	0	8
0	117	0	87	57	0	7
0	117	0	88	57	0	4
0	117	0	89	57	0	6
0	117	0	90	57	0	11
0	117	0	91	57	0	14
0	117	0	92	57	0	11
0	117	0	72	56	0	2
0	117	0	73	56	0	9
0	117	0	74	56	0	7
0	117	0	75	56	0	6
0	117	0	76	56	0	12
0	117	0	77	56	0	7
0	117	0	78	56	0	4
0	117	0	79	56	0	8
0	117	0	80	56	0	9
0	117	0	81	56	0	4
0	117	0	82	56	0	4
0	117	0	83	56	0	7
0	117	0	84	56	0	3
0	117	0	85	56	0	12
0	117	0	86	56	0	17
0	117	0	87	56	0	10
0	117	0	88	56	0	12
0	117	0	89	56	0	4
0	117	0	90	56	0	14
0	117	0	91	56	0	13
0	117	0	92	56	0	1
0	117	0	70	55	0	0
0	117	0	72	55	0	8
0	117	0	73	55	0	4
0	117	0	74	55	0	5
0	117	0	75	55	0	15
0	117	0	76	55	0	5
0	117	0	77	55	0	0
0	117	0	78	55	0	6
0	117	0	79	55	0	5
0	117	0	80	55	0	11
0	117	0	81	55	0	7
0	117	0	82	55	0	5
0	117	0	83	55	0	3
0	117	0	84	55	0	12
0	117	0	85	55	0	6
0	117	0	86	55	0	4
0	117	0	87	55	0	4
0	117	0	89	55	0	1
0	117	0	90	55	0	3
0	117	0	91	55	0	5
0	117	0	92	55	0	16
0	117	0	69	54	0	0
0	117	0	70	54	0	0
0	117	0	71	54	0	6
0	117	0	72	54	0	1
0	117	0	73	54	0	0
0	117	0	74	54	0	0
0	117	0	75	54	0	1
0	117	0	76	54	0	4
0	117	0	77	54	0	6
0	117	0	78	54	0	3
0	117	0	79	54	0	4
0	117	0	80	54	0	3
0	117	0	81	54	0	8
0	117	0	82	54	0	12
0	117	0	83	54	0	9
0	117	0	84	54	0	5
0	117	0	85	54	0	7
0	117	0	86	54	0	1
0	117	0	89	54	0	6
0	117	0	90	54	0	4
0	117	0	91	54	0	7
0	117	0	92	54	0	2
0	117	0	93	54	0	9
0	117	0	69	53	0	6
0	117	0	70	53	0	5
0	117	0	71	53	0	0
0	117	0	72	53	0	1
0	117	0	73	53	0	1
0	117	0	74	53	0	2
0	117	0	75	53	0	11
0	117	0	76	53	0	11
0	117	0	77	53	0	4
0	117	0	78	53	0	0
0	117	0	79	53	0	6
0	117	0	80	53	0	2
0	117	0	81	53	0	2
0	117	0	82	53	0	12
0	117	0	83	53	0	12
0	117	0	84	53	0	13
0	117	0	85	53	0	8
0	117	0	90	53	0	12
0	117	0	91	53	0	5
0	117	0	92	53	0	11
0	117	0	93	53	0	2
0	117	0	71	52	0	3
0	117	0	72	52	0	3
0	117	0	75	52	0	0
0	117	0	76	52	0	1
0	117	0	77	52	0	7
0	117	0	78	52	0	2
0	117	0	79	52	0	11
0	117	0	80	52	0	4
0	117	0	81	52	0	2
0	117	0	82	52	0	13
0	117	0	91	52	0	9
0	117	0	92	52	0	8
0	117	0	93	52	0	5
0	117	0	72	51	0	3
0	117	0	75	51	0	0
0	117	0	76	51	0	16
0	117	0	77	51	0	2
0	117	0	78	51	0	4
0	117	0	79	51	0	6
0	117	0	80	51	0	9
0	117	0	81	51	0	3
0	117	0	91	51	0	7
0	117	0	92	51	0	2
0	117	0	93	51	0	4
0	117	0	74	50	0	1
0	117	0	75	50	0	0
0	117	0	76	50	0	2
0	117	0	77	50	0	7
0	117	0	78	50	0	4
0	117	0	79	50	0	9
0	117	0	80	50	0	4
0	117	0	81	50	0	5
0	117	0	91	50	0	12
0	117	0	92	50	0	5
0	117	0	74	49	0	0
0	117	0	76	49	0	7
0	117	0	77	49	0	3
0	117	0	78	49	0	4
0	117	0	79	49	0	0
0	117	0	80	49	0	0
0	117	0	82	49	0	1
0	117	0	91	49	0	1
0	117	0	92	49	0	2
0	117	0	76	48	0	2
0	117	0	77	48	0	0
0	117	0	78	48	0	7
0	117	0	80	48	0	0
0	117	0	81	48	0	1
0	117	0	92	48	0	0
0	117	0	74	47	0	0
0	117	0	76	47	0	3
0	118	0	73	71	0	3
0	118	0	74	71	0	8
0	118	0	80	71	0	0
0	118	0	74	70	0	0
0	118	0	75	70	0	6
0	118	0	77	70	0	3
0	118	0	78	70	0	8
0	118	0	79	70	0	1
0	118	0	80	70	0	6
0	118	0	81	70	0	19
0	118	0	71	69	0	2
0	118	0	72	69	0	1
0	118	0	73	69	0	6
0	118	0	74	69	0	2
0	118	0	75	69	0	8
0	118	0	76	69	0	1
0	118	0	77	69	0	9
0	118	0	78	69	0	7
0	118	0	79	69	0	13
0	118	0	80	69	0	11
0	118	0	81	69	0	8
0	118	0	82	69	0	8
0	118	0	68	68	0	3
0	118	0	69	68	0	5
0	118	0	70	68	0	6
0	118	0	71	68	0	2
0	118	0	72	68	0	6
0	118	0	73	68	0	14
0	118	0	74	68	0	9
0	118	0	75	68	0	4
0	118	0	76	68	0	7
0	118	0	77	68	0	7
0	118	0	78	68	0	3
0	118	0	79	68	0	7
0	118	0	80	68	0	12
0	118	0	81	68	0	10
0	118	0	82	68	0	13
0	118	0	83	68	0	5
0	118	0	68	67	0	4
0	118	0	69	67	0	2
0	118	0	70	67	0	4
0	118	0	71	67	0	5
0	118	0	72	67	0	9
0	118	0	73	67	0	10
0	118	0	74	67	0	14
0	118	0	75	67	0	14
0	118	0	76	67	0	6
0	118	0	77	67	0	7
0	118	0	78	67	0	8
0	118	0	79	67	0	9
0	118	0	80	67	0	7
0	118	0	81	67	0	12
0	118	0	82	67	0	5
0	118	0	83	67	0	6
0	118	0	84	67	0	8
0	118	0	85	67	0	4
0	118	0	86	67	0	4
0	118	0	68	66	0	1
0	118	0	69	66	0	5
0	118	0	70	66	0	12
0	118	0	71	66	0	15
0	118	0	72	66	0	8
0	118	0	73	66	0	11
0	118	0	74	66	0	9
0	118	0	75	66	0	8
0	118	0	76	66	0	5
0	118	0	77	66	0	8
0	118	0	78	66	0	13
0	118	0	79	66	0	13
0	118	0	80	66	0	16
0	118	0	81	66	0	2
0	118	0	82	66	0	10
0	118	0	83	66	0	12
0	118	0	84	66	0	11
0	118	0	85	66	0	8
0	118	0	86	66	0	6
0	118	0	87	66	0	6
0	118	0	67	65	0	7
0	118	0	68	65	0	3
0	118	0	69	65	0	2
0	118	0	70	65	0	18
0	118	0	71	65	0	12
0	118	0	72	65	0	11
0	118	0	73	65	0	3
0	118	0	74	65	0	12
0	118	0	75	65	0	8
0	118	0	76	65	0	9
0	118	0	77	65	0	11
0	118	0	78	65	0	16
0	118	0	79	65	0	12
0	118	0	80	65	0	14
0	118	0	81	65	0	10
0	118	0	82	65	0	3
0	118	0	83	65	0	5
0	118	0	84	65	0	6
0	118	0	85	65	0	6
0	118	0	86	65	0	10
0	118	0	87	65	0	6
0	118	0	66	64	0	1
0	118	0	67	64	0	2
0	118	0	68	64	0	3
0	118	0	69	64	0	4
0	118	0	70	64	0	14
0	118	0	71	64	0	3
0	118	0	72	64	0	10
0	118	0	73	64	0	10
0	118	0	74	64	0	14
0	118	0	75	64	0	8
0	118	0	76	64	0	8
0	118	0	77	64	0	8
0	118	0	78	64	0	7
0	118	0	79	64	0	6
0	118	0	80	64	0	6
0	118	0	81	64	0	9
0	118	0	82	64	0	6
0	118	0	83	64	0	11
0	118	0	84	64	0	2
0	118	0	85	64	0	15
0	118	0	86	64	0	6
0	118	0	87	64	0	17
0	118	0	88	64	0	8
0	118	0	89	64	0	10
0	118	0	68	63	0	3
0	118	0	69	63	0	2
0	118	0	70	63	0	15
0	118	0	71	63	0	9
0	118	0	72	63	0	13
0	118	0	73	63	0	4
0	118	0	74	63	0	15
0	118	0	75	63	0	9
0	118	0	76	63	0	7
0	118	0	77	63	0	8
0	118	0	78	63	0	8
0	118	0	79	63	0	19
0	118	0	80	63	0	7
0	118	0	81	63	0	4
0	118	0	82	63	0	6
0	118	0	83	63	0	15
0	118	0	84	63	0	6
0	118	0	85	63	0	2
0	118	0	86	63	0	0
0	118	0	87	63	0	7
0	118	0	88	63	0	4
0	118	0	89	63	0	4
0	118	0	90	63	0	4
0	118	0	66	62	0	2
0	118	0	67	62	0	3
0	118	0	68	62	0	8
0	118	0	69	62	0	15
0	118	0	70	62	0	12
0	118	0	71	62	0	3
0	118	0	72	62	0	10
0	118	0	73	62	0	6
0	118	0	74	62	0	11
0	118	0	75	62	0	13
0	118	0	76	62	0	8
0	118	0	77	62	0	8
0	118	0	78	62	0	9
0	118	0	79	62	0	6
0	118	0	80	62	0	7
0	118	0	81	62	0	3
0	118	0	82	62	0	5
0	118	0	83	62	0	16
0	118	0	84	62	0	6
0	118	0	85	62	0	10
0	118	0	86	62	0	5
0	118	0	87	62	0	6
0	118	0	88	62	0	6
0	118	0	66	61	0	0
0	118	0	68	61	0	10
0	118	0	69	61	0	3
0	118	0	70	61	0	8
0	118	0	71	61	0	14
0	118	0	72	61	0	4
0	118	0	73	61	0	5
0	118	0	74	61	0	8
0	118	0	75	61	0	6
0	118	0	76	61	0	14
0	118	0	77	61	0	1
0	118	0	78	61	0	9
0	118	0	79	61	0	5
0	118	0	80	61	0	8
0	118	0	85	61	0	6
0	118	0	67	60	0	4
0	118	0	68	60	0	17
0	118	0	69	60	0	2
0	118	0	70	60	0	7
0	118	0	71	60	0	11
0	118	0	72	60	0	15
0	118	0	73	60	0	1
0	118	0	74	60	0	7
0	118	0	75	60	0	2
0	118	0	76	60	0	10
0	118	0	77	60	0	7
0	118	0	78	60	0	8
0	118	0	85	60	0	9
0	118	0	86	60	0	9
0	118	0	88	60	0	2
0	118	0	89	60	0	7
0	118	0	90	60	0	9
0	118	0	91	60	0	0
0	118	0	64	59	0	1
0	118	0	65	59	0	1
0	118	0	66	59	0	1
0	118	0	67	59	0	6
0	118	0	68	59	0	0
0	118	0	71	59	0	10
0	118	0	81	59	0	10
0	118	0	82	59	0	4
0	118	0	83	59	0	5
0	118	0	84	59	0	7
0	118	0	85	59	0	9
0	118	0	86	59	0	15
0	118	0	87	59	0	9
0	118	0	88	59	0	7
0	118	0	89	59	0	6
0	118	0	90	59	0	8
0	118	0	91	59	0	8
0	118	0	79	58	0	5
0	118	0	80	58	0	3
0	118	0	81	58	0	4
0	118	0	82	58	0	11
0	118	0	83	58	0	12
0	118	0	84	58	0	12
0	118	0	85	58	0	13
0	118	0	86	58	0	3
0	118	0	87	58	0	6
0	118	0	88	58	0	3
0	118	0	89	58	0	3
0	118	0	90	58	0	4
0	118	0	91	58	0	16
0	118	0	92	58	0	3
0	118	0	72	57	0	5
0	118	0	73	57	0	10
0	118	0	74	57	0	5
0	118	0	75	57	0	10
0	118	0	78	57	0	9
0	118	0	79	57	0	12
0	118	0	80	57	0	6
0	118	0	81	57	0	6
0	118	0	82	57	0	16
0	118	0	83	57	0	8
0	118	0	84	57	0	14
0	118	0	85	57	0	7
0	118	0	86	57	0	8
0	118	0	87	57	0	6
0	118	0	88	57	0	5
0	118	0	89	57	0	9
0	118	0	90	57	0	9
0	118	0	91	57	0	12
0	118	0	92	57	0	11
0	118	0	72	56	0	4
0	118	0	73	56	0	11
0	118	0	74	56	0	13
0	118	0	75	56	0	8
0	118	0	76	56	0	11
0	118	0	77	56	0	7
0	118	0	78	56	0	7
0	118	0	79	56	0	12
0	118	0	80	56	0	8
0	118	0	81	56	0	4
0	118	0	82	56	0	5
0	118	0	83	56	0	4
0	118	0	84	56	0	6
0	118	0	85	56	0	4
0	118	0	86	56	0	9
0	118	0	87	56	0	5
0	118	0	88	56	0	9
0	118	0	89	56	0	0
0	118	0	90	56	0	11
0	118	0	91	56	0	13
0	118	0	92	56	0	2
0	118	0	70	55	0	0
0	118	0	71	55	0	1
0	118	0	72	55	0	7
0	118	0	73	55	0	5
0	118	0	74	55	0	5
0	118	0	75	55	0	9
0	118	0	76	55	0	11
0	118	0	77	55	0	1
0	118	0	78	55	0	8
0	118	0	79	55	0	14
0	118	0	80	55	0	6
0	118	0	81	55	0	12
0	118	0	82	55	0	6
0	118	0	83	55	0	4
0	118	0	84	55	0	12
0	118	0	85	55	0	5
0	118	0	86	55	0	5
0	118	0	87	55	0	7
0	118	0	89	55	0	0
0	118	0	90	55	0	6
0	118	0	91	55	0	5
0	118	0	92	55	0	7
0	118	0	67	54	0	1
0	118	0	69	54	0	0
0	118	0	70	54	0	0
0	118	0	71	54	0	4
0	118	0	72	54	0	0
0	118	0	73	54	0	0
0	118	0	74	54	0	1
0	118	0	75	54	0	2
0	118	0	76	54	0	3
0	118	0	77	54	0	9
0	118	0	78	54	0	3
0	118	0	79	54	0	3
0	118	0	80	54	0	3
0	118	0	81	54	0	3
0	118	0	82	54	0	12
0	118	0	83	54	0	6
0	118	0	84	54	0	6
0	118	0	85	54	0	4
0	118	0	86	54	0	1
0	118	0	89	54	0	7
0	118	0	90	54	0	13
0	118	0	91	54	0	9
0	118	0	92	54	0	1
0	118	0	93	54	0	7
0	118	0	69	53	0	9
0	118	0	70	53	0	8
0	118	0	71	53	0	2
0	118	0	72	53	0	1
0	118	0	73	53	0	1
0	118	0	74	53	0	2
0	118	0	75	53	0	11
0	118	0	76	53	0	8
0	118	0	77	53	0	9
0	118	0	78	53	0	2
0	118	0	79	53	0	3
0	118	0	80	53	0	3
0	118	0	81	53	0	5
0	118	0	82	53	0	13
0	118	0	83	53	0	15
0	118	0	84	53	0	14
0	118	0	85	53	0	7
0	118	0	90	53	0	14
0	118	0	91	53	0	7
0	118	0	92	53	0	17
0	118	0	93	53	0	7
0	118	0	71	52	0	5
0	118	0	72	52	0	3
0	118	0	75	52	0	0
0	118	0	76	52	0	2
0	118	0	77	52	0	5
0	118	0	78	52	0	4
0	118	0	79	52	0	8
0	118	0	80	52	0	3
0	118	0	81	52	0	2
0	118	0	82	52	0	10
0	118	0	91	52	0	12
0	118	0	92	52	0	8
0	118	0	93	52	0	4
0	118	0	72	51	0	3
0	118	0	75	51	0	1
0	118	0	76	51	0	11
0	118	0	77	51	0	3
0	118	0	78	51	0	5
0	118	0	79	51	0	5
0	118	0	80	51	0	12
0	118	0	81	51	0	7
0	118	0	91	51	0	10
0	118	0	92	51	0	7
0	118	0	93	51	0	5
0	118	0	74	50	0	0
0	118	0	75	50	0	1
0	118	0	76	50	0	0
0	118	0	77	50	0	8
0	118	0	78	50	0	6
0	118	0	79	50	0	10
0	118	0	80	50	0	2
0	118	0	81	50	0	5
0	118	0	91	50	0	11
0	118	0	92	50	0	10
0	118	0	74	49	0	0
0	118	0	75	49	0	1
0	118	0	76	49	0	7
0	118	0	77	49	0	2
0	118	0	78	49	0	3
0	118	0	79	49	0	0
0	118	0	80	49	0	0
0	118	0	82	49	0	3
0	118	0	91	49	0	1
0	118	0	92	49	0	3
0	118	0	75	48	0	1
0	118	0	76	48	0	3
0	118	0	77	48	0	0
0	118	0	78	48	0	8
0	118	0	79	48	0	1
0	118	0	80	48	0	0
0	118	0	81	48	0	1
0	118	0	92	48	0	0
0	118	0	74	47	0	0
0	118	0	75	47	0	1
0	118	0	76	47	0	5
0	118	0	80	47	0	1
0	119	0	73	71	0	4
0	119	0	74	71	0	9
0	119	0	80	71	0	0
0	119	0	74	70	0	0
0	119	0	75	70	0	5
0	119	0	77	70	0	1
0	119	0	78	70	0	5
0	119	0	79	70	0	1
0	119	0	80	70	0	11
0	119	0	81	70	0	10
0	119	0	71	69	0	1
0	119	0	72	69	0	1
0	119	0	73	69	0	9
0	119	0	74	69	0	4
0	119	0	75	69	0	10
0	119	0	76	69	0	0
0	119	0	77	69	0	12
0	119	0	78	69	0	8
0	119	0	79	69	0	14
0	119	0	80	69	0	9
0	119	0	81	69	0	8
0	119	0	82	69	0	9
0	119	0	68	68	0	6
0	119	0	69	68	0	6
0	119	0	70	68	0	6
0	119	0	71	68	0	3
0	119	0	72	68	0	5
0	119	0	73	68	0	9
0	119	0	74	68	0	9
0	119	0	75	68	0	5
0	119	0	76	68	0	13
0	119	0	77	68	0	8
0	119	0	78	68	0	4
0	119	0	79	68	0	9
0	119	0	80	68	0	20
0	119	0	81	68	0	10
0	119	0	82	68	0	9
0	119	0	83	68	0	7
0	119	0	68	67	0	6
0	119	0	69	67	0	4
0	119	0	70	67	0	2
0	119	0	71	67	0	10
0	119	0	72	67	0	4
0	119	0	73	67	0	12
0	119	0	74	67	0	10
0	119	0	75	67	0	8
0	119	0	76	67	0	7
0	119	0	77	67	0	7
0	119	0	78	67	0	14
0	119	0	79	67	0	7
0	119	0	80	67	0	9
0	119	0	81	67	0	13
0	119	0	82	67	0	8
0	119	0	83	67	0	6
0	119	0	84	67	0	16
0	119	0	85	67	0	14
0	119	0	86	67	0	7
0	119	0	66	66	0	1
0	119	0	67	66	0	1
0	119	0	68	66	0	0
0	119	0	69	66	0	5
0	119	0	70	66	0	8
0	119	0	71	66	0	7
0	119	0	72	66	0	8
0	119	0	73	66	0	12
0	119	0	74	66	0	17
0	119	0	75	66	0	13
0	119	0	76	66	0	6
0	119	0	77	66	0	6
0	119	0	78	66	0	7
0	119	0	79	66	0	7
0	119	0	80	66	0	14
0	119	0	81	66	0	5
0	119	0	82	66	0	11
0	119	0	83	66	0	12
0	119	0	84	66	0	15
0	119	0	85	66	0	8
0	119	0	86	66	0	3
0	119	0	87	66	0	4
0	119	0	67	65	0	6
0	119	0	68	65	0	2
0	119	0	69	65	0	4
0	119	0	70	65	0	11
0	119	0	71	65	0	9
0	119	0	72	65	0	17
0	119	0	73	65	0	5
0	119	0	74	65	0	10
0	119	0	75	65	0	8
0	119	0	76	65	0	9
0	119	0	77	65	0	13
0	119	0	78	65	0	12
0	119	0	79	65	0	11
0	119	0	80	65	0	11
0	119	0	81	65	0	10
0	119	0	82	65	0	6
0	119	0	83	65	0	8
0	119	0	84	65	0	13
0	119	0	85	65	0	8
0	119	0	86	65	0	7
0	119	0	87	65	0	5
0	119	0	66	64	0	1
0	119	0	67	64	0	4
0	119	0	68	64	0	5
0	119	0	69	64	0	7
0	119	0	70	64	0	9
0	119	0	71	64	0	2
0	119	0	72	64	0	12
0	119	0	73	64	0	14
0	119	0	74	64	0	8
0	119	0	75	64	0	8
0	119	0	76	64	0	10
0	119	0	77	64	0	9
0	119	0	78	64	0	2
0	119	0	79	64	0	8
0	119	0	80	64	0	5
0	119	0	81	64	0	8
0	119	0	82	64	0	6
0	119	0	83	64	0	6
0	119	0	84	64	0	2
0	119	0	85	64	0	15
0	119	0	86	64	0	4
0	119	0	87	64	0	23
0	119	0	88	64	0	10
0	119	0	89	64	0	11
0	119	0	67	63	0	1
0	119	0	68	63	0	3
0	119	0	69	63	0	1
0	119	0	70	63	0	12
0	119	0	71	63	0	15
0	119	0	72	63	0	11
0	119	0	73	63	0	5
0	119	0	74	63	0	15
0	119	0	75	63	0	9
0	119	0	76	63	0	11
0	119	0	77	63	0	11
0	119	0	78	63	0	11
0	119	0	79	63	0	16
0	119	0	80	63	0	9
0	119	0	81	63	0	4
0	119	0	82	63	0	10
0	119	0	83	63	0	10
0	119	0	84	63	0	2
0	119	0	85	63	0	1
0	119	0	86	63	0	2
0	119	0	87	63	0	10
0	119	0	88	63	0	2
0	119	0	89	63	0	4
0	119	0	90	63	0	6
0	119	0	66	62	0	6
0	119	0	67	62	0	4
0	119	0	68	62	0	11
0	119	0	69	62	0	21
0	119	0	70	62	0	8
0	119	0	71	62	0	6
0	119	0	72	62	0	15
0	119	0	73	62	0	10
0	119	0	74	62	0	13
0	119	0	75	62	0	12
0	119	0	76	62	0	11
0	119	0	77	62	0	12
0	119	0	78	62	0	3
0	119	0	79	62	0	7
0	119	0	80	62	0	9
0	119	0	81	62	0	3
0	119	0	82	62	0	7
0	119	0	83	62	0	12
0	119	0	84	62	0	5
0	119	0	85	62	0	12
0	119	0	86	62	0	2
0	119	0	87	62	0	6
0	119	0	88	62	0	9
0	119	0	66	61	0	0
0	119	0	67	61	0	1
0	119	0	68	61	0	11
0	119	0	69	61	0	2
0	119	0	70	61	0	10
0	119	0	71	61	0	10
0	119	0	72	61	0	5
0	119	0	73	61	0	9
0	119	0	74	61	0	2
0	119	0	75	61	0	8
0	119	0	76	61	0	15
0	119	0	77	61	0	0
0	119	0	78	61	0	10
0	119	0	79	61	0	4
0	119	0	80	61	0	7
0	119	0	85	61	0	7
0	119	0	67	60	0	5
0	119	0	68	60	0	12
0	119	0	69	60	0	1
0	119	0	70	60	0	5
0	119	0	71	60	0	9
0	119	0	72	60	0	10
0	119	0	73	60	0	2
0	119	0	74	60	0	13
0	119	0	75	60	0	1
0	119	0	76	60	0	10
0	119	0	77	60	0	10
0	119	0	78	60	0	11
0	119	0	85	60	0	14
0	119	0	86	60	0	9
0	119	0	88	60	0	1
0	119	0	89	60	0	8
0	119	0	90	60	0	7
0	119	0	91	60	0	0
0	119	0	64	59	0	0
0	119	0	65	59	0	3
0	119	0	66	59	0	2
0	119	0	67	59	0	7
0	119	0	68	59	0	0
0	119	0	71	59	0	9
0	119	0	81	59	0	12
0	119	0	82	59	0	6
0	119	0	83	59	0	6
0	119	0	84	59	0	9
0	119	0	85	59	0	12
0	119	0	86	59	0	13
0	119	0	87	59	0	8
0	119	0	88	59	0	6
0	119	0	89	59	0	7
0	119	0	90	59	0	12
0	119	0	91	59	0	9
0	119	0	79	58	0	6
0	119	0	80	58	0	3
0	119	0	81	58	0	5
0	119	0	82	58	0	11
0	119	0	83	58	0	8
0	119	0	84	58	0	15
0	119	0	85	58	0	12
0	119	0	86	58	0	2
0	119	0	87	58	0	9
0	119	0	88	58	0	6
0	119	0	89	58	0	5
0	119	0	90	58	0	5
0	119	0	91	58	0	7
0	119	0	92	58	0	9
0	119	0	72	57	0	6
0	119	0	73	57	0	6
0	119	0	74	57	0	8
0	119	0	75	57	0	12
0	119	0	78	57	0	11
0	119	0	79	57	0	9
0	119	0	80	57	0	11
0	119	0	81	57	0	5
0	119	0	82	57	0	18
0	119	0	83	57	0	10
0	119	0	84	57	0	10
0	119	0	85	57	0	8
0	119	0	86	57	0	10
0	119	0	87	57	0	10
0	119	0	88	57	0	12
0	119	0	89	57	0	9
0	119	0	90	57	0	10
0	119	0	91	57	0	12
0	119	0	92	57	0	10
0	119	0	72	56	0	4
0	119	0	73	56	0	11
0	119	0	74	56	0	10
0	119	0	75	56	0	10
0	119	0	76	56	0	9
0	119	0	77	56	0	3
0	119	0	78	56	0	11
0	119	0	79	56	0	14
0	119	0	80	56	0	13
0	119	0	81	56	0	4
0	119	0	82	56	0	10
0	119	0	83	56	0	10
0	119	0	84	56	0	4
0	119	0	85	56	0	9
0	119	0	86	56	0	10
0	119	0	87	56	0	10
0	119	0	88	56	0	9
0	119	0	89	56	0	0
0	119	0	90	56	0	12
0	119	0	91	56	0	16
0	119	0	92	56	0	0
0	119	0	70	55	0	0
0	119	0	71	55	0	1
0	119	0	72	55	0	6
0	119	0	73	55	0	4
0	119	0	74	55	0	9
0	119	0	75	55	0	1
0	119	0	76	55	0	8
0	119	0	77	55	0	2
0	119	0	78	55	0	9
0	119	0	79	55	0	11
0	119	0	80	55	0	6
0	119	0	81	55	0	14
0	119	0	82	55	0	6
0	119	0	83	55	0	8
0	119	0	84	55	0	12
0	119	0	85	55	0	6
0	119	0	86	55	0	5
0	119	0	87	55	0	8
0	119	0	89	55	0	0
0	119	0	90	55	0	15
0	119	0	91	55	0	4
0	119	0	92	55	0	6
0	119	0	67	54	0	0
0	119	0	69	54	0	0
0	119	0	70	54	0	1
0	119	0	71	54	0	6
0	119	0	72	54	0	0
0	119	0	73	54	0	1
0	119	0	74	54	0	0
0	119	0	75	54	0	2
0	119	0	76	54	0	3
0	119	0	77	54	0	5
0	119	0	78	54	0	3
0	119	0	79	54	0	6
0	119	0	80	54	0	3
0	119	0	81	54	0	8
0	119	0	82	54	0	16
0	119	0	83	54	0	7
0	119	0	84	54	0	12
0	119	0	85	54	0	2
0	119	0	86	54	0	4
0	119	0	89	54	0	6
0	119	0	90	54	0	15
0	119	0	91	54	0	11
0	119	0	92	54	0	2
0	119	0	93	54	0	10
0	119	0	69	53	0	13
0	119	0	70	53	0	6
0	119	0	71	53	0	1
0	119	0	72	53	0	3
0	119	0	73	53	0	1
0	119	0	74	53	0	4
0	119	0	75	53	0	10
0	119	0	76	53	0	3
0	119	0	77	53	0	5
0	119	0	78	53	0	3
0	119	0	79	53	0	4
0	119	0	80	53	0	6
0	119	0	81	53	0	8
0	119	0	82	53	0	13
0	119	0	83	53	0	8
0	119	0	84	53	0	15
0	119	0	85	53	0	4
0	119	0	90	53	0	10
0	119	0	91	53	0	8
0	119	0	92	53	0	8
0	119	0	93	53	0	9
0	119	0	71	52	0	9
0	119	0	72	52	0	3
0	119	0	75	52	0	1
0	119	0	76	52	0	4
0	119	0	77	52	0	2
0	119	0	78	52	0	4
0	119	0	79	52	0	6
0	119	0	80	52	0	3
0	119	0	81	52	0	3
0	119	0	82	52	0	12
0	119	0	91	52	0	15
0	119	0	92	52	0	6
0	119	0	93	52	0	8
0	119	0	72	51	0	6
0	119	0	75	51	0	1
0	119	0	76	51	0	6
0	119	0	77	51	0	6
0	119	0	78	51	0	8
0	119	0	79	51	0	2
0	119	0	80	51	0	5
0	119	0	81	51	0	2
0	119	0	91	51	0	9
0	119	0	92	51	0	6
0	119	0	93	51	0	5
0	119	0	74	50	0	0
0	119	0	75	50	0	4
0	119	0	76	50	0	0
0	119	0	77	50	0	6
0	119	0	78	50	0	2
0	119	0	79	50	0	13
0	119	0	80	50	0	1
0	119	0	81	50	0	8
0	119	0	91	50	0	9
0	119	0	92	50	0	10
0	119	0	74	49	0	0
0	119	0	75	49	0	1
0	119	0	76	49	0	8
0	119	0	77	49	0	3
0	119	0	78	49	0	5
0	119	0	79	49	0	0
0	119	0	80	49	0	0
0	119	0	82	49	0	2
0	119	0	91	49	0	0
0	119	0	92	49	0	2
0	119	0	75	48	0	1
0	119	0	76	48	0	4
0	119	0	77	48	0	1
0	119	0	78	48	0	2
0	119	0	79	48	0	0
0	119	0	80	48	0	0
0	119	0	81	48	0	1
0	119	0	92	48	0	0
0	119	0	74	47	0	0
0	119	0	75	47	0	2
0	119	0	76	47	0	6
0	119	0	80	47	0	1
0	120	0	73	71	0	5
0	120	0	74	71	0	10
0	120	0	80	71	0	0
0	120	0	74	70	0	1
0	120	0	75	70	0	6
0	120	0	77	70	0	1
0	120	0	78	70	0	8
0	120	0	79	70	0	2
0	120	0	80	70	0	11
0	120	0	81	70	0	9
0	120	0	71	69	0	2
0	120	0	72	69	0	1
0	120	0	73	69	0	9
0	120	0	74	69	0	6
0	120	0	75	69	0	11
0	120	0	76	69	0	3
0	120	0	77	69	0	12
0	120	0	78	69	0	9
0	120	0	79	69	0	6
0	120	0	80	69	0	8
0	120	0	81	69	0	9
0	120	0	82	69	0	8
0	120	0	68	68	0	9
0	120	0	69	68	0	7
0	120	0	70	68	0	5
0	120	0	71	68	0	4
0	120	0	72	68	0	2
0	120	0	73	68	0	9
0	120	0	74	68	0	1
0	120	0	75	68	0	9
0	120	0	76	68	0	11
0	120	0	77	68	0	10
0	120	0	78	68	0	5
0	120	0	79	68	0	10
0	120	0	80	68	0	16
0	120	0	81	68	0	11
0	120	0	82	68	0	4
0	120	0	83	68	0	4
0	120	0	68	67	0	2
0	120	0	69	67	0	5
0	120	0	70	67	0	4
0	120	0	71	67	0	7
0	120	0	72	67	0	8
0	120	0	73	67	0	9
0	120	0	74	67	0	16
0	120	0	75	67	0	6
0	120	0	76	67	0	6
0	120	0	77	67	0	0
0	120	0	78	67	0	14
0	120	0	79	67	0	7
0	120	0	80	67	0	8
0	120	0	81	67	0	18
0	120	0	82	67	0	4
0	120	0	83	67	0	5
0	120	0	84	67	0	14
0	120	0	85	67	0	14
0	120	0	86	67	0	3
0	120	0	66	66	0	0
0	120	0	67	66	0	0
0	120	0	68	66	0	0
0	120	0	69	66	0	9
0	120	0	70	66	0	4
0	120	0	71	66	0	8
0	120	0	72	66	0	6
0	120	0	73	66	0	17
0	120	0	74	66	0	12
0	120	0	75	66	0	21
0	120	0	76	66	0	4
0	120	0	77	66	0	10
0	120	0	78	66	0	6
0	120	0	79	66	0	5
0	120	0	80	66	0	9
0	120	0	81	66	0	6
0	120	0	82	66	0	10
0	120	0	83	66	0	13
0	120	0	84	66	0	16
0	120	0	85	66	0	10
0	120	0	86	66	0	3
0	120	0	87	66	0	3
0	120	0	67	65	0	5
0	120	0	68	65	0	2
0	120	0	69	65	0	7
0	120	0	70	65	0	12
0	120	0	71	65	0	8
0	120	0	72	65	0	12
0	120	0	73	65	0	3
0	120	0	74	65	0	14
0	120	0	75	65	0	7
0	120	0	76	65	0	14
0	120	0	77	65	0	17
0	120	0	78	65	0	13
0	120	0	79	65	0	5
0	120	0	80	65	0	10
0	120	0	81	65	0	6
0	120	0	82	65	0	17
0	120	0	83	65	0	9
0	120	0	84	65	0	9
0	120	0	85	65	0	11
0	120	0	86	65	0	11
0	120	0	87	65	0	8
0	120	0	66	64	0	0
0	120	0	67	64	0	4
0	120	0	68	64	0	4
0	120	0	69	64	0	6
0	120	0	70	64	0	10
0	120	0	71	64	0	2
0	120	0	72	64	0	18
0	120	0	73	64	0	15
0	120	0	74	64	0	13
0	120	0	75	64	0	14
0	120	0	76	64	0	11
0	120	0	77	64	0	10
0	120	0	78	64	0	2
0	120	0	79	64	0	12
0	120	0	80	64	0	5
0	120	0	81	64	0	5
0	120	0	82	64	0	9
0	120	0	83	64	0	4
0	120	0	84	64	0	2
0	120	0	85	64	0	15
0	120	0	86	64	0	5
0	120	0	87	64	0	20
0	120	0	88	64	0	5
0	120	0	89	64	0	9
0	120	0	67	63	0	3
0	120	0	68	63	0	5
0	120	0	69	63	0	4
0	120	0	70	63	0	14
0	120	0	71	63	0	12
0	120	0	72	63	0	12
0	120	0	73	63	0	2
0	120	0	74	63	0	16
0	120	0	75	63	0	4
0	120	0	76	63	0	10
0	120	0	77	63	0	8
0	120	0	78	63	0	12
0	120	0	79	63	0	15
0	120	0	80	63	0	9
0	120	0	81	63	0	5
0	120	0	82	63	0	7
0	120	0	83	63	0	10
0	120	0	84	63	0	4
0	120	0	85	63	0	1
0	120	0	86	63	0	2
0	120	0	87	63	0	6
0	120	0	88	63	0	4
0	120	0	89	63	0	1
0	120	0	90	63	0	9
0	120	0	66	62	0	8
0	120	0	67	62	0	3
0	120	0	68	62	0	7
0	120	0	69	62	0	13
0	120	0	70	62	0	13
0	120	0	71	62	0	6
0	120	0	72	62	0	10
0	120	0	73	62	0	12
0	120	0	74	62	0	16
0	120	0	75	62	0	15
0	120	0	76	62	0	12
0	120	0	77	62	0	13
0	120	0	78	62	0	3
0	120	0	79	62	0	14
0	120	0	80	62	0	11
0	120	0	81	62	0	3
0	120	0	82	62	0	7
0	120	0	83	62	0	11
0	120	0	84	62	0	1
0	120	0	85	62	0	9
0	120	0	86	62	0	4
0	120	0	87	62	0	6
0	120	0	66	61	0	0
0	120	0	67	61	0	2
0	120	0	68	61	0	14
0	120	0	69	61	0	2
0	120	0	70	61	0	8
0	120	0	71	61	0	8
0	120	0	72	61	0	7
0	120	0	73	61	0	11
0	120	0	74	61	0	2
0	120	0	75	61	0	14
0	120	0	76	61	0	11
0	120	0	77	61	0	0
0	120	0	78	61	0	6
0	120	0	79	61	0	6
0	120	0	80	61	0	10
0	120	0	85	61	0	8
0	120	0	67	60	0	7
0	120	0	68	60	0	8
0	120	0	69	60	0	1
0	120	0	70	60	0	6
0	120	0	71	60	0	7
0	120	0	72	60	0	5
0	120	0	73	60	0	3
0	120	0	74	60	0	16
0	120	0	75	60	0	0
0	120	0	76	60	0	10
0	120	0	77	60	0	13
0	120	0	78	60	0	13
0	120	0	85	60	0	12
0	120	0	86	60	0	10
0	120	0	88	60	0	3
0	120	0	89	60	0	9
0	120	0	90	60	0	5
0	120	0	91	60	0	0
0	120	0	64	59	0	0
0	120	0	65	59	0	1
0	120	0	66	59	0	1
0	120	0	67	59	0	7
0	120	0	68	59	0	0
0	120	0	71	59	0	10
0	120	0	81	59	0	11
0	120	0	82	59	0	6
0	120	0	83	59	0	7
0	120	0	84	59	0	13
0	120	0	85	59	0	13
0	120	0	86	59	0	10
0	120	0	87	59	0	11
0	120	0	88	59	0	12
0	120	0	89	59	0	10
0	120	0	90	59	0	12
0	120	0	91	59	0	5
0	120	0	79	58	0	7
0	120	0	80	58	0	2
0	120	0	81	58	0	3
0	120	0	82	58	0	4
0	120	0	83	58	0	8
0	120	0	84	58	0	11
0	120	0	85	58	0	11
0	120	0	86	58	0	6
0	120	0	87	58	0	9
0	120	0	88	58	0	4
0	120	0	89	58	0	5
0	120	0	90	58	0	7
0	120	0	91	58	0	3
0	120	0	92	58	0	5
0	120	0	72	57	0	3
0	120	0	73	57	0	1
0	120	0	74	57	0	5
0	120	0	78	57	0	8
0	120	0	79	57	0	10
0	120	0	80	57	0	11
0	120	0	81	57	0	7
0	120	0	82	57	0	15
0	120	0	83	57	0	12
0	120	0	84	57	0	8
0	120	0	85	57	0	8
0	120	0	86	57	0	16
0	120	0	87	57	0	16
0	120	0	88	57	0	13
0	120	0	89	57	0	8
0	120	0	90	57	0	11
0	120	0	91	57	0	9
0	120	0	92	57	0	10
0	120	0	72	56	0	6
0	120	0	73	56	0	12
0	120	0	74	56	0	12
0	120	0	75	56	0	7
0	120	0	76	56	0	10
0	120	0	77	56	0	4
0	120	0	78	56	0	8
0	120	0	79	56	0	11
0	120	0	80	56	0	8
0	120	0	81	56	0	5
0	120	0	82	56	0	8
0	120	0	83	56	0	6
0	120	0	84	56	0	3
0	120	0	85	56	0	11
0	120	0	86	56	0	11
0	120	0	87	56	0	8
0	120	0	88	56	0	6
0	120	0	89	56	0	1
0	120	0	90	56	0	9
0	120	0	91	56	0	11
0	120	0	92	56	0	0
0	120	0	70	55	0	0
0	120	0	71	55	0	1
0	120	0	72	55	0	6
0	120	0	73	55	0	5
0	120	0	74	55	0	6
0	120	0	75	55	0	3
0	120	0	76	55	0	11
0	120	0	77	55	0	2
0	120	0	78	55	0	14
0	120	0	79	55	0	17
0	120	0	80	55	0	5
0	120	0	81	55	0	11
0	120	0	82	55	0	11
0	120	0	83	55	0	10
0	120	0	84	55	0	9
0	120	0	85	55	0	4
0	120	0	86	55	0	9
0	120	0	87	55	0	11
0	120	0	89	55	0	1
0	120	0	90	55	0	11
0	120	0	91	55	0	4
0	120	0	92	55	0	8
0	120	0	67	54	0	0
0	120	0	69	54	0	0
0	120	0	70	54	0	4
0	120	0	71	54	0	11
0	120	0	72	54	0	0
0	120	0	73	54	0	1
0	120	0	74	54	0	0
0	120	0	75	54	0	6
0	120	0	76	54	0	7
0	120	0	77	54	0	7
0	120	0	78	54	0	6
0	120	0	79	54	0	5
0	120	0	80	54	0	7
0	120	0	81	54	0	20
0	120	0	82	54	0	14
0	120	0	83	54	0	11
0	120	0	84	54	0	8
0	120	0	85	54	0	0
0	120	0	86	54	0	1
0	120	0	89	54	0	9
0	120	0	90	54	0	12
0	120	0	91	54	0	9
0	120	0	92	54	0	4
0	120	0	93	54	0	10
0	120	0	69	53	0	12
0	120	0	70	53	0	8
0	120	0	71	53	0	0
0	120	0	72	53	0	3
0	120	0	73	53	0	4
0	120	0	74	53	0	3
0	120	0	75	53	0	12
0	120	0	76	53	0	11
0	120	0	77	53	0	8
0	120	0	78	53	0	4
0	120	0	79	53	0	3
0	120	0	80	53	0	4
0	120	0	81	53	0	9
0	120	0	82	53	0	12
0	120	0	83	53	0	13
0	120	0	84	53	0	10
0	120	0	85	53	0	3
0	120	0	90	53	0	7
0	120	0	91	53	0	11
0	120	0	92	53	0	7
0	120	0	93	53	0	10
0	120	0	71	52	0	9
0	120	0	72	52	0	4
0	120	0	75	52	0	2
0	120	0	76	52	0	4
0	120	0	77	52	0	5
0	120	0	78	52	0	5
0	120	0	79	52	0	6
0	120	0	80	52	0	6
0	120	0	81	52	0	2
0	120	0	82	52	0	16
0	120	0	91	52	0	6
0	120	0	92	52	0	7
0	120	0	93	52	0	7
0	120	0	72	51	0	7
0	120	0	75	51	0	4
0	120	0	76	51	0	12
0	120	0	77	51	0	8
0	120	0	78	51	0	13
0	120	0	79	51	0	2
0	120	0	80	51	0	9
0	120	0	81	51	0	3
0	120	0	91	51	0	8
0	120	0	92	51	0	9
0	120	0	93	51	0	5
0	120	0	74	50	0	0
0	120	0	75	50	0	6
0	120	0	76	50	0	1
0	120	0	77	50	0	7
0	120	0	78	50	0	2
0	120	0	79	50	0	15
0	120	0	80	50	0	2
0	120	0	81	50	0	5
0	120	0	91	50	0	9
0	120	0	92	50	0	6
0	120	0	93	50	0	1
0	120	0	74	49	0	1
0	120	0	75	49	0	2
0	120	0	76	49	0	8
0	120	0	77	49	0	7
0	120	0	78	49	0	8
0	120	0	79	49	0	0
0	120	0	80	49	0	0
0	120	0	82	49	0	6
0	120	0	91	49	0	0
0	120	0	92	49	0	0
0	120	0	75	48	0	3
0	120	0	76	48	0	5
0	120	0	77	48	0	1
0	120	0	78	48	0	1
0	120	0	79	48	0	0
0	120	0	80	48	0	0
0	120	0	81	48	0	2
0	120	0	92	48	0	0
0	120	0	73	47	0	1
0	120	0	74	47	0	0
0	120	0	75	47	0	4
0	120	0	76	47	0	6
0	120	0	80	47	0	2
0	121	0	73	71	0	4
0	121	0	74	71	0	11
0	121	0	80	71	0	0
0	121	0	74	70	0	1
0	121	0	75	70	0	9
0	121	0	77	70	0	0
0	121	0	78	70	0	8
0	121	0	79	70	0	1
0	121	0	80	70	0	5
0	121	0	81	70	0	8
0	121	0	71	69	0	3
0	121	0	72	69	0	0
0	121	0	73	69	0	9
0	121	0	74	69	0	9
0	121	0	75	69	0	11
0	121	0	76	69	0	2
0	121	0	77	69	0	12
0	121	0	78	69	0	8
0	121	0	79	69	0	8
0	121	0	80	69	0	5
0	121	0	81	69	0	9
0	121	0	82	69	0	13
0	121	0	68	68	0	11
0	121	0	69	68	0	5
0	121	0	70	68	0	1
0	121	0	71	68	0	6
0	121	0	72	68	0	2
0	121	0	73	68	0	5
0	121	0	74	68	0	2
0	121	0	75	68	0	8
0	121	0	76	68	0	13
0	121	0	77	68	0	9
0	121	0	78	68	0	3
0	121	0	79	68	0	3
0	121	0	80	68	0	5
0	121	0	81	68	0	12
0	121	0	82	68	0	6
0	121	0	83	68	0	5
0	121	0	68	67	0	1
0	121	0	69	67	0	7
0	121	0	70	67	0	3
0	121	0	71	67	0	13
0	121	0	72	67	0	9
0	121	0	73	67	0	5
0	121	0	74	67	0	14
0	121	0	75	67	0	13
0	121	0	76	67	0	6
0	121	0	77	67	0	2
0	121	0	78	67	0	9
0	121	0	79	67	0	10
0	121	0	80	67	0	9
0	121	0	81	67	0	10
0	121	0	82	67	0	3
0	121	0	83	67	0	6
0	121	0	84	67	0	16
0	121	0	85	67	0	15
0	121	0	86	67	0	3
0	121	0	66	66	0	0
0	121	0	67	66	0	0
0	121	0	68	66	0	0
0	121	0	69	66	0	9
0	121	0	70	66	0	4
0	121	0	71	66	0	8
0	121	0	72	66	0	5
0	121	0	73	66	0	12
0	121	0	74	66	0	12
0	121	0	75	66	0	16
0	121	0	76	66	0	4
0	121	0	77	66	0	8
0	121	0	78	66	0	6
0	121	0	79	66	0	4
0	121	0	80	66	0	9
0	121	0	81	66	0	7
0	121	0	82	66	0	10
0	121	0	83	66	0	7
0	121	0	84	66	0	13
0	121	0	85	66	0	9
0	121	0	86	66	0	1
0	121	0	87	66	0	2
0	121	0	65	65	0	1
0	121	0	66	65	0	1
0	121	0	67	65	0	3
0	121	0	68	65	0	2
0	121	0	69	65	0	3
0	121	0	70	65	0	6
0	121	0	71	65	0	7
0	121	0	72	65	0	8
0	121	0	73	65	0	7
0	121	0	74	65	0	9
0	121	0	75	65	0	5
0	121	0	76	65	0	10
0	121	0	77	65	0	12
0	121	0	78	65	0	14
0	121	0	79	65	0	2
0	121	0	80	65	0	8
0	121	0	81	65	0	8
0	121	0	82	65	0	11
0	121	0	83	65	0	15
0	121	0	84	65	0	12
0	121	0	85	65	0	16
0	121	0	86	65	0	5
0	121	0	87	65	0	11
0	121	0	66	64	0	0
0	121	0	67	64	0	0
0	121	0	68	64	0	8
0	121	0	69	64	0	12
0	121	0	70	64	0	13
0	121	0	71	64	0	1
0	121	0	72	64	0	15
0	121	0	73	64	0	16
0	121	0	74	64	0	15
0	121	0	75	64	0	13
0	121	0	76	64	0	11
0	121	0	77	64	0	11
0	121	0	78	64	0	2
0	121	0	79	64	0	14
0	121	0	80	64	0	12
0	121	0	81	64	0	6
0	121	0	82	64	0	10
0	121	0	83	64	0	5
0	121	0	84	64	0	8
0	121	0	85	64	0	6
0	121	0	86	64	0	11
0	121	0	87	64	0	9
0	121	0	88	64	0	8
0	121	0	89	64	0	13
0	121	0	67	63	0	7
0	121	0	68	63	0	6
0	121	0	69	63	0	3
0	121	0	70	63	0	11
0	121	0	71	63	0	12
0	121	0	72	63	0	10
0	121	0	73	63	0	2
0	121	0	74	63	0	13
0	121	0	75	63	0	5
0	121	0	76	63	0	5
0	121	0	77	63	0	5
0	121	0	78	63	0	14
0	121	0	79	63	0	14
0	121	0	80	63	0	7
0	121	0	81	63	0	8
0	121	0	82	63	0	3
0	121	0	83	63	0	8
0	121	0	84	63	0	5
0	121	0	85	63	0	2
0	121	0	86	63	0	3
0	121	0	87	63	0	7
0	121	0	88	63	0	8
0	121	0	89	63	0	2
0	121	0	90	63	0	14
0	121	0	66	62	0	14
0	121	0	67	62	0	6
0	121	0	68	62	0	10
0	121	0	69	62	0	10
0	121	0	70	62	0	12
0	121	0	71	62	0	13
0	121	0	72	62	0	11
0	121	0	73	62	0	15
0	121	0	74	62	0	5
0	121	0	75	62	0	13
0	121	0	76	62	0	14
0	121	0	77	62	0	6
0	121	0	78	62	0	6
0	121	0	79	62	0	8
0	121	0	80	62	0	14
0	121	0	81	62	0	2
0	121	0	82	62	0	8
0	121	0	83	62	0	17
0	121	0	84	62	0	2
0	121	0	85	62	0	4
0	121	0	86	62	0	1
0	121	0	87	62	0	9
0	121	0	66	61	0	1
0	121	0	67	61	0	0
0	121	0	68	61	0	13
0	121	0	69	61	0	1
0	121	0	70	61	0	7
0	121	0	71	61	0	9
0	121	0	72	61	0	4
0	121	0	73	61	0	10
0	121	0	74	61	0	4
0	121	0	75	61	0	11
0	121	0	76	61	0	7
0	121	0	77	61	0	1
0	121	0	78	61	0	7
0	121	0	79	61	0	8
0	121	0	80	61	0	4
0	121	0	85	61	0	13
0	121	0	67	60	0	8
0	121	0	68	60	0	3
0	121	0	69	60	0	3
0	121	0	70	60	0	5
0	121	0	71	60	0	6
0	121	0	72	60	0	10
0	121	0	73	60	0	6
0	121	0	74	60	0	11
0	121	0	75	60	0	2
0	121	0	76	60	0	14
0	121	0	77	60	0	8
0	121	0	78	60	0	8
0	121	0	85	60	0	14
0	121	0	86	60	0	11
0	121	0	88	60	0	4
0	121	0	89	60	0	11
0	121	0	90	60	0	7
0	121	0	91	60	0	0
0	121	0	64	59	0	0
0	121	0	65	59	0	0
0	121	0	66	59	0	1
0	121	0	67	59	0	6
0	121	0	68	59	0	0
0	121	0	71	59	0	5
0	121	0	81	59	0	10
0	121	0	82	59	0	6
0	121	0	83	59	0	13
0	121	0	84	59	0	11
0	121	0	85	59	0	14
0	121	0	86	59	0	8
0	121	0	87	59	0	17
0	121	0	88	59	0	9
0	121	0	89	59	0	6
0	121	0	90	59	0	11
0	121	0	91	59	0	3
0	121	0	79	58	0	8
0	121	0	80	58	0	1
0	121	0	81	58	0	4
0	121	0	82	58	0	1
0	121	0	83	58	0	11
0	121	0	84	58	0	10
0	121	0	85	58	0	10
0	121	0	86	58	0	5
0	121	0	87	58	0	11
0	121	0	88	58	0	9
0	121	0	89	58	0	3
0	121	0	90	58	0	4
0	121	0	91	58	0	3
0	121	0	92	58	0	6
0	121	0	72	57	0	6
0	121	0	73	57	0	3
0	121	0	74	57	0	7
0	121	0	78	57	0	4
0	121	0	79	57	0	10
0	121	0	80	57	0	6
0	121	0	81	57	0	12
0	121	0	82	57	0	14
0	121	0	83	57	0	9
0	121	0	84	57	0	7
0	121	0	85	57	0	5
0	121	0	86	57	0	14
0	121	0	87	57	0	14
0	121	0	88	57	0	8
0	121	0	89	57	0	8
0	121	0	90	57	0	9
0	121	0	91	57	0	8
0	121	0	92	57	0	5
0	121	0	72	56	0	2
0	121	0	73	56	0	8
0	121	0	74	56	0	10
0	121	0	75	56	0	4
0	121	0	76	56	0	7
0	121	0	77	56	0	6
0	121	0	78	56	0	5
0	121	0	79	56	0	11
0	121	0	80	56	0	7
0	121	0	81	56	0	5
0	121	0	82	56	0	6
0	121	0	83	56	0	12
0	121	0	84	56	0	2
0	121	0	85	56	0	11
0	121	0	86	56	0	13
0	121	0	87	56	0	15
0	121	0	88	56	0	6
0	121	0	89	56	0	2
0	121	0	90	56	0	8
0	121	0	91	56	0	8
0	121	0	92	56	0	1
0	121	0	70	55	0	0
0	121	0	71	55	0	4
0	121	0	72	55	0	9
0	121	0	73	55	0	7
0	121	0	74	55	0	6
0	121	0	75	55	0	6
0	121	0	76	55	0	8
0	121	0	77	55	0	4
0	121	0	78	55	0	9
0	121	0	79	55	0	10
0	121	0	80	55	0	11
0	121	0	81	55	0	8
0	121	0	82	55	0	11
0	121	0	83	55	0	9
0	121	0	84	55	0	11
0	121	0	85	55	0	1
0	121	0	86	55	0	7
0	121	0	87	55	0	10
0	121	0	89	55	0	2
0	121	0	90	55	0	12
0	121	0	91	55	0	7
0	121	0	92	55	0	4
0	121	0	67	54	0	1
0	121	0	69	54	0	0
0	121	0	70	54	0	6
0	121	0	71	54	0	15
0	121	0	72	54	0	0
0	121	0	73	54	0	6
0	121	0	74	54	0	0
0	121	0	75	54	0	7
0	121	0	76	54	0	10
0	121	0	77	54	0	8
0	121	0	78	54	0	8
0	121	0	79	54	0	6
0	121	0	80	54	0	8
0	121	0	81	54	0	13
0	121	0	82	54	0	6
0	121	0	83	54	0	13
0	121	0	84	54	0	11
0	121	0	85	54	0	0
0	121	0	86	54	0	1
0	121	0	89	54	0	6
0	121	0	90	54	0	11
0	121	0	91	54	0	11
0	121	0	92	54	0	1
0	121	0	93	54	0	7
0	121	0	69	53	0	11
0	121	0	70	53	0	12
0	121	0	71	53	0	0
0	121	0	72	53	0	4
0	121	0	73	53	0	1
0	121	0	74	53	0	8
0	121	0	75	53	0	9
0	121	0	76	53	0	7
0	121	0	77	53	0	4
0	121	0	78	53	0	3
0	121	0	79	53	0	3
0	121	0	80	53	0	5
0	121	0	81	53	0	11
0	121	0	82	53	0	10
0	121	0	83	53	0	11
0	121	0	84	53	0	7
0	121	0	85	53	0	2
0	121	0	90	53	0	10
0	121	0	91	53	0	10
0	121	0	92	53	0	6
0	121	0	93	53	0	16
0	121	0	71	52	0	9
0	121	0	72	52	0	9
0	121	0	73	52	0	1
0	121	0	74	52	0	2
0	121	0	75	52	0	1
0	121	0	76	52	0	8
0	121	0	77	52	0	8
0	121	0	78	52	0	11
0	121	0	79	52	0	13
0	121	0	80	52	0	4
0	121	0	81	52	0	3
0	121	0	82	52	0	12
0	121	0	91	52	0	9
0	121	0	92	52	0	8
0	121	0	93	52	0	8
0	121	0	72	51	0	8
0	121	0	73	51	0	1
0	121	0	74	51	0	2
0	121	0	75	51	0	8
0	121	0	76	51	0	14
0	121	0	77	51	0	9
0	121	0	78	51	0	16
0	121	0	79	51	0	3
0	121	0	80	51	0	11
0	121	0	81	51	0	4
0	121	0	91	51	0	5
0	121	0	92	51	0	13
0	121	0	93	51	0	10
0	121	0	74	50	0	0
0	121	0	75	50	0	10
0	121	0	76	50	0	3
0	121	0	77	50	0	8
0	121	0	78	50	0	2
0	121	0	79	50	0	10
0	121	0	80	50	0	2
0	121	0	81	50	0	8
0	121	0	91	50	0	7
0	121	0	92	50	0	10
0	121	0	93	50	0	1
0	121	0	74	49	0	3
0	121	0	75	49	0	5
0	121	0	76	49	0	9
0	121	0	77	49	0	17
0	121	0	78	49	0	12
0	121	0	79	49	0	0
0	121	0	80	49	0	0
0	121	0	81	49	0	1
0	121	0	82	49	0	12
0	121	0	91	49	0	0
0	121	0	92	49	0	0
0	121	0	73	48	0	1
0	121	0	75	48	0	3
0	121	0	76	48	0	2
0	121	0	77	48	0	1
0	121	0	78	48	0	1
0	121	0	79	48	0	0
0	121	0	80	48	0	0
0	121	0	81	48	0	4
0	121	0	92	48	0	1
0	121	0	73	47	0	1
0	121	0	74	47	0	0
0	121	0	75	47	0	2
0	121	0	76	47	0	3
0	121	0	78	47	0	1
0	121	0	80	47	0	4
0	122	0	73	71	0	6
0	122	0	74	71	0	9
0	122	0	80	71	0	0
0	122	0	74	70	0	2
0	122	0	75	70	0	9
0	122	0	77	70	0	0
0	122	0	78	70	0	2
0	122	0	79	70	0	2
0	122	0	80	70	0	10
0	122	0	81	70	0	6
0	122	0	71	69	0	6
0	122	0	72	69	0	0
0	122	0	73	69	0	9
0	122	0	74	69	0	9
0	122	0	75	69	0	9
0	122	0	76	69	0	4
0	122	0	77	69	0	9
0	122	0	78	69	0	9
0	122	0	79	69	0	9
0	122	0	80	69	0	6
0	122	0	81	69	0	4
0	122	0	82	69	0	12
0	122	0	68	68	0	14
0	122	0	69	68	0	2
0	122	0	70	68	0	1
0	122	0	71	68	0	9
0	122	0	72	68	0	5
0	122	0	73	68	0	10
0	122	0	74	68	0	3
0	122	0	75	68	0	8
0	122	0	76	68	0	10
0	122	0	77	68	0	11
0	122	0	78	68	0	8
0	122	0	79	68	0	5
0	122	0	80	68	0	7
0	122	0	81	68	0	12
0	122	0	82	68	0	1
0	122	0	83	68	0	4
0	122	0	68	67	0	6
0	122	0	69	67	0	9
0	122	0	70	67	0	1
0	122	0	71	67	0	12
0	122	0	72	67	0	6
0	122	0	73	67	0	4
0	122	0	74	67	0	10
0	122	0	75	67	0	17
0	122	0	76	67	0	10
0	122	0	77	67	0	3
0	122	0	78	67	0	13
0	122	0	79	67	0	5
0	122	0	80	67	0	8
0	122	0	81	67	0	11
0	122	0	82	67	0	3
0	122	0	83	67	0	6
0	122	0	84	67	0	12
0	122	0	85	67	0	15
0	122	0	86	67	0	3
0	122	0	66	66	0	0
0	122	0	67	66	0	0
0	122	0	68	66	0	1
0	122	0	69	66	0	11
0	122	0	70	66	0	3
0	122	0	71	66	0	2
0	122	0	72	66	0	3
0	122	0	73	66	0	15
0	122	0	74	66	0	11
0	122	0	75	66	0	10
0	122	0	76	66	0	1
0	122	0	77	66	0	5
0	122	0	78	66	0	7
0	122	0	79	66	0	6
0	122	0	80	66	0	7
0	122	0	81	66	0	8
0	122	0	82	66	0	7
0	122	0	83	66	0	6
0	122	0	84	66	0	10
0	122	0	85	66	0	8
0	122	0	86	66	0	1
0	122	0	87	66	0	2
0	122	0	65	65	0	2
0	122	0	66	65	0	1
0	122	0	67	65	0	3
0	122	0	68	65	0	4
0	122	0	69	65	0	8
0	122	0	70	65	0	3
0	122	0	71	65	0	5
0	122	0	72	65	0	6
0	122	0	73	65	0	6
0	122	0	74	65	0	14
0	122	0	75	65	0	12
0	122	0	76	65	0	7
0	122	0	77	65	0	14
0	122	0	78	65	0	11
0	122	0	79	65	0	2
0	122	0	80	65	0	5
0	122	0	81	65	0	6
0	122	0	82	65	0	9
0	122	0	83	65	0	15
0	122	0	84	65	0	6
0	122	0	85	65	0	15
0	122	0	86	65	0	4
0	122	0	87	65	0	11
0	122	0	66	64	0	1
0	122	0	67	64	0	0
0	122	0	68	64	0	6
0	122	0	69	64	0	10
0	122	0	70	64	0	11
0	122	0	71	64	0	0
0	122	0	72	64	0	13
0	122	0	73	64	0	15
0	122	0	74	64	0	11
0	122	0	75	64	0	11
0	122	0	76	64	0	8
0	122	0	77	64	0	16
0	122	0	78	64	0	2
0	122	0	79	64	0	15
0	122	0	80	64	0	15
0	122	0	81	64	0	4
0	122	0	82	64	0	13
0	122	0	83	64	0	9
0	122	0	84	64	0	8
0	122	0	85	64	0	9
0	122	0	86	64	0	9
0	122	0	87	64	0	10
0	122	0	88	64	0	4
0	122	0	89	64	0	10
0	122	0	67	63	0	4
0	122	0	68	63	0	10
0	122	0	69	63	0	9
0	122	0	70	63	0	6
0	122	0	71	63	0	10
0	122	0	72	63	0	9
0	122	0	73	63	0	7
0	122	0	74	63	0	13
0	122	0	75	63	0	5
0	122	0	76	63	0	9
0	122	0	77	63	0	5
0	122	0	78	63	0	16
0	122	0	79	63	0	16
0	122	0	80	63	0	10
0	122	0	81	63	0	9
0	122	0	82	63	0	2
0	122	0	83	63	0	8
0	122	0	84	63	0	6
0	122	0	85	63	0	3
0	122	0	86	63	0	6
0	122	0	87	63	0	7
0	122	0	88	63	0	8
0	122	0	89	63	0	6
0	122	0	90	63	0	8
0	122	0	66	62	0	12
0	122	0	67	62	0	6
0	122	0	68	62	0	7
0	122	0	69	62	0	13
0	122	0	70	62	0	8
0	122	0	71	62	0	16
0	122	0	72	62	0	6
0	122	0	73	62	0	11
0	122	0	74	62	0	6
0	122	0	75	62	0	15
0	122	0	76	62	0	8
0	122	0	77	62	0	10
0	122	0	78	62	0	8
0	122	0	79	62	0	10
0	122	0	80	62	0	11
0	122	0	81	62	0	3
0	122	0	82	62	0	4
0	122	0	83	62	0	15
0	122	0	84	62	0	5
0	122	0	85	62	0	6
0	122	0	86	62	0	3
0	122	0	87	62	0	8
0	122	0	66	61	0	0
0	122	0	67	61	0	0
0	122	0	68	61	0	11
0	122	0	69	61	0	2
0	122	0	70	61	0	3
0	122	0	71	61	0	8
0	122	0	72	61	0	5
0	122	0	73	61	0	10
0	122	0	74	61	0	2
0	122	0	75	61	0	9
0	122	0	76	61	0	10
0	122	0	77	61	0	3
0	122	0	78	61	0	4
0	122	0	79	61	0	6
0	122	0	80	61	0	6
0	122	0	85	61	0	12
0	122	0	65	60	0	1
0	122	0	67	60	0	9
0	122	0	68	60	0	2
0	122	0	69	60	0	4
0	122	0	70	60	0	2
0	122	0	71	60	0	7
0	122	0	72	60	0	9
0	122	0	73	60	0	10
0	122	0	74	60	0	7
0	122	0	75	60	0	3
0	122	0	76	60	0	12
0	122	0	77	60	0	15
0	122	0	78	60	0	8
0	122	0	85	60	0	11
0	122	0	86	60	0	11
0	122	0	88	60	0	5
0	122	0	89	60	0	13
0	122	0	90	60	0	3
0	122	0	91	60	0	0
0	122	0	64	59	0	0
0	122	0	65	59	0	0
0	122	0	66	59	0	2
0	122	0	67	59	0	9
0	122	0	68	59	0	3
0	122	0	71	59	0	8
0	122	0	81	59	0	10
0	122	0	82	59	0	8
0	122	0	83	59	0	14
0	122	0	84	59	0	12
0	122	0	85	59	0	8
0	122	0	86	59	0	9
0	122	0	87	59	0	16
0	122	0	88	59	0	8
0	122	0	89	59	0	7
0	122	0	90	59	0	10
0	122	0	91	59	0	4
0	122	0	79	58	0	8
0	122	0	80	58	0	3
0	122	0	81	58	0	5
0	122	0	82	58	0	1
0	122	0	83	58	0	9
0	122	0	84	58	0	6
0	122	0	85	58	0	7
0	122	0	86	58	0	5
0	122	0	87	58	0	11
0	122	0	88	58	0	6
0	122	0	89	58	0	3
0	122	0	90	58	0	4
0	122	0	91	58	0	3
0	122	0	92	58	0	4
0	122	0	72	57	0	4
0	122	0	73	57	0	4
0	122	0	74	57	0	11
0	122	0	78	57	0	3
0	122	0	79	57	0	9
0	122	0	80	57	0	13
0	122	0	81	57	0	11
0	122	0	82	57	0	10
0	122	0	83	57	0	14
0	122	0	84	57	0	7
0	122	0	85	57	0	9
0	122	0	86	57	0	11
0	122	0	87	57	0	16
0	122	0	88	57	0	6
0	122	0	89	57	0	7
0	122	0	90	57	0	5
0	122	0	91	57	0	5
0	122	0	92	57	0	5
0	122	0	72	56	0	2
0	122	0	73	56	0	7
0	122	0	74	56	0	13
0	122	0	75	56	0	7
0	122	0	76	56	0	9
0	122	0	77	56	0	6
0	122	0	78	56	0	7
0	122	0	79	56	0	7
0	122	0	80	56	0	8
0	122	0	81	56	0	14
0	122	0	82	56	0	4
0	122	0	83	56	0	12
0	122	0	84	56	0	6
0	122	0	85	56	0	9
0	122	0	86	56	0	8
0	122	0	87	56	0	9
0	122	0	88	56	0	5
0	122	0	89	56	0	4
0	122	0	90	56	0	8
0	122	0	91	56	0	9
0	122	0	92	56	0	3
0	122	0	70	55	0	0
0	122	0	71	55	0	5
0	122	0	72	55	0	10
0	122	0	73	55	0	4
0	122	0	74	55	0	10
0	122	0	75	55	0	6
0	122	0	76	55	0	6
0	122	0	77	55	0	6
0	122	0	78	55	0	18
0	122	0	79	55	0	11
0	122	0	80	55	0	5
0	122	0	81	55	0	8
0	122	0	82	55	0	7
0	122	0	83	55	0	10
0	122	0	84	55	0	10
0	122	0	85	55	0	0
0	122	0	86	55	0	10
0	122	0	87	55	0	6
0	122	0	89	55	0	4
0	122	0	90	55	0	10
0	122	0	91	55	0	7
0	122	0	92	55	0	2
0	122	0	67	54	0	1
0	122	0	69	54	0	1
0	122	0	70	54	0	6
0	122	0	71	54	0	8
0	122	0	72	54	0	0
0	122	0	73	54	0	4
0	122	0	74	54	0	1
0	122	0	75	54	0	7
0	122	0	76	54	0	6
0	122	0	77	54	0	9
0	122	0	78	54	0	11
0	122	0	79	54	0	4
0	122	0	80	54	0	6
0	122	0	81	54	0	17
0	122	0	82	54	0	8
0	122	0	83	54	0	8
0	122	0	84	54	0	10
0	122	0	85	54	0	1
0	122	0	86	54	0	1
0	122	0	89	54	0	6
0	122	0	90	54	0	15
0	122	0	91	54	0	10
0	122	0	92	54	0	2
0	122	0	93	54	0	5
0	122	0	69	53	0	16
0	122	0	70	53	0	16
0	122	0	71	53	0	1
0	122	0	72	53	0	7
0	122	0	73	53	0	3
0	122	0	74	53	0	10
0	122	0	75	53	0	8
0	122	0	76	53	0	6
0	122	0	77	53	0	5
0	122	0	78	53	0	9
0	122	0	79	53	0	2
0	122	0	80	53	0	8
0	122	0	81	53	0	10
0	122	0	82	53	0	11
0	122	0	83	53	0	8
0	122	0	84	53	0	8
0	122	0	85	53	0	2
0	122	0	90	53	0	11
0	122	0	91	53	0	8
0	122	0	92	53	0	11
0	122	0	93	53	0	13
0	122	0	69	52	0	1
0	122	0	71	52	0	6
0	122	0	72	52	0	12
0	122	0	73	52	0	4
0	122	0	74	52	0	1
0	122	0	75	52	0	2
0	122	0	76	52	0	10
0	122	0	77	52	0	10
0	122	0	78	52	0	8
0	122	0	79	52	0	10
0	122	0	80	52	0	5
0	122	0	81	52	0	3
0	122	0	82	52	0	9
0	122	0	91	52	0	11
0	122	0	92	52	0	9
0	122	0	93	52	0	6
0	122	0	72	51	0	11
0	122	0	73	51	0	1
0	122	0	74	51	0	4
0	122	0	75	51	0	7
0	122	0	76	51	0	10
0	122	0	77	51	0	10
0	122	0	78	51	0	12
0	122	0	79	51	0	2
0	122	0	80	51	0	6
0	122	0	81	51	0	3
0	122	0	91	51	0	8
0	122	0	92	51	0	11
0	122	0	93	51	0	11
0	122	0	74	50	0	1
0	122	0	75	50	0	6
0	122	0	76	50	0	8
0	122	0	77	50	0	12
0	122	0	78	50	0	4
0	122	0	79	50	0	13
0	122	0	80	50	0	5
0	122	0	81	50	0	9
0	122	0	91	50	0	3
0	122	0	92	50	0	17
0	122	0	93	50	0	1
0	122	0	74	49	0	10
0	122	0	75	49	0	7
0	122	0	76	49	0	8
0	122	0	77	49	0	13
0	122	0	78	49	0	13
0	122	0	79	49	0	0
0	122	0	80	49	0	0
0	122	0	81	49	0	0
0	122	0	82	49	0	8
0	122	0	91	49	0	1
0	122	0	92	49	0	0
0	122	0	73	48	0	2
0	122	0	75	48	0	2
0	122	0	76	48	0	2
0	122	0	77	48	0	1
0	122	0	78	48	0	1
0	122	0	79	48	0	0
0	122	0	80	48	0	0
0	122	0	81	48	0	4
0	122	0	92	48	0	2
0	122	0	73	47	0	3
0	122	0	74	47	0	0
0	122	0	75	47	0	2
0	122	0	76	47	0	1
0	122	0	78	47	0	0
0	122	0	79	47	0	1
0	122	0	80	47	0	4
0	122	0	82	47	0	1
0	123	0	73	71	0	8
0	123	0	74	71	0	3
0	123	0	80	71	0	0
0	123	0	74	70	0	5
0	123	0	75	70	0	8
0	123	0	77	70	0	0
0	123	0	78	70	0	7
0	123	0	79	70	0	1
0	123	0	80	70	0	14
0	123	0	81	70	0	6
0	123	0	71	69	0	7
0	123	0	72	69	0	1
0	123	0	73	69	0	7
0	123	0	74	69	0	9
0	123	0	75	69	0	6
0	123	0	76	69	0	4
0	123	0	77	69	0	14
0	123	0	78	69	0	8
0	123	0	79	69	0	8
0	123	0	80	69	0	5
0	123	0	81	69	0	3
0	123	0	82	69	0	11
0	123	0	68	68	0	14
0	123	0	69	68	0	1
0	123	0	70	68	0	3
0	123	0	71	68	0	10
0	123	0	72	68	0	6
0	123	0	73	68	0	5
0	123	0	74	68	0	5
0	123	0	75	68	0	14
0	123	0	76	68	0	14
0	123	0	77	68	0	10
0	123	0	78	68	0	12
0	123	0	79	68	0	8
0	123	0	80	68	0	8
0	123	0	81	68	0	21
0	123	0	82	68	0	2
0	123	0	83	68	0	3
0	123	0	67	67	0	3
0	123	0	68	67	0	5
0	123	0	69	67	0	4
0	123	0	70	67	0	2
0	123	0	71	67	0	11
0	123	0	72	67	0	4
0	123	0	73	67	0	5
0	123	0	74	67	0	8
0	123	0	75	67	0	11
0	123	0	76	67	0	5
0	123	0	77	67	0	2
0	123	0	78	67	0	9
0	123	0	79	67	0	8
0	123	0	80	67	0	10
0	123	0	81	67	0	11
0	123	0	82	67	0	5
0	123	0	83	67	0	6
0	123	0	84	67	0	9
0	123	0	85	67	0	13
0	123	0	86	67	0	8
0	123	0	66	66	0	0
0	123	0	67	66	0	0
0	123	0	68	66	0	3
0	123	0	69	66	0	13
0	123	0	70	66	0	8
0	123	0	71	66	0	4
0	123	0	72	66	0	4
0	123	0	73	66	0	17
0	123	0	74	66	0	7
0	123	0	75	66	0	14
0	123	0	76	66	0	2
0	123	0	77	66	0	2
0	123	0	78	66	0	8
0	123	0	79	66	0	7
0	123	0	80	66	0	7
0	123	0	81	66	0	12
0	123	0	82	66	0	9
0	123	0	83	66	0	4
0	123	0	84	66	0	10
0	123	0	85	66	0	9
0	123	0	86	66	0	2
0	123	0	87	66	0	1
0	123	0	65	65	0	1
0	123	0	66	65	0	2
0	123	0	67	65	0	3
0	123	0	68	65	0	4
0	123	0	69	65	0	5
0	123	0	70	65	0	10
0	123	0	71	65	0	3
0	123	0	72	65	0	3
0	123	0	73	65	0	6
0	123	0	74	65	0	15
0	123	0	75	65	0	12
0	123	0	76	65	0	3
0	123	0	77	65	0	17
0	123	0	78	65	0	9
0	123	0	79	65	0	2
0	123	0	80	65	0	7
0	123	0	81	65	0	6
0	123	0	82	65	0	5
0	123	0	83	65	0	13
0	123	0	84	65	0	8
0	123	0	85	65	0	6
0	123	0	86	65	0	5
0	123	0	87	65	0	10
0	123	0	66	64	0	7
0	123	0	67	64	0	0
0	123	0	68	64	0	10
0	123	0	69	64	0	13
0	123	0	70	64	0	4
0	123	0	71	64	0	2
0	123	0	72	64	0	11
0	123	0	73	64	0	16
0	123	0	74	64	0	15
0	123	0	75	64	0	7
0	123	0	76	64	0	11
0	123	0	77	64	0	21
0	123	0	78	64	0	2
0	123	0	79	64	0	10
0	123	0	80	64	0	9
0	123	0	81	64	0	6
0	123	0	82	64	0	15
0	123	0	83	64	0	5
0	123	0	84	64	0	3
0	123	0	85	64	0	7
0	123	0	86	64	0	4
0	123	0	87	64	0	10
0	123	0	88	64	0	6
0	123	0	89	64	0	10
0	123	0	66	63	0	1
0	123	0	67	63	0	6
0	123	0	68	63	0	10
0	123	0	69	63	0	4
0	123	0	70	63	0	10
0	123	0	71	63	0	11
0	123	0	72	63	0	8
0	123	0	73	63	0	6
0	123	0	74	63	0	12
0	123	0	75	63	0	5
0	123	0	76	63	0	7
0	123	0	77	63	0	6
0	123	0	78	63	0	11
0	123	0	79	63	0	6
0	123	0	80	63	0	11
0	123	0	81	63	0	8
0	123	0	82	63	0	2
0	123	0	83	63	0	13
0	123	0	84	63	0	6
0	123	0	85	63	0	6
0	123	0	86	63	0	8
0	123	0	87	63	0	12
0	123	0	88	63	0	10
0	123	0	89	63	0	4
0	123	0	90	63	0	6
0	123	0	66	62	0	13
0	123	0	67	62	0	7
0	123	0	68	62	0	7
0	123	0	69	62	0	11
0	123	0	70	62	0	10
0	123	0	71	62	0	14
0	123	0	72	62	0	5
0	123	0	73	62	0	13
0	123	0	74	62	0	10
0	123	0	75	62	0	10
0	123	0	76	62	0	15
0	123	0	77	62	0	10
0	123	0	78	62	0	7
0	123	0	79	62	0	11
0	123	0	80	62	0	9
0	123	0	81	62	0	7
0	123	0	82	62	0	5
0	123	0	83	62	0	9
0	123	0	84	62	0	3
0	123	0	85	62	0	6
0	123	0	86	62	0	5
0	123	0	87	62	0	13
0	123	0	65	61	0	1
0	123	0	66	61	0	0
0	123	0	67	61	0	0
0	123	0	68	61	0	14
0	123	0	69	61	0	1
0	123	0	70	61	0	6
0	123	0	71	61	0	5
0	123	0	72	61	0	7
0	123	0	73	61	0	12
0	123	0	74	61	0	3
0	123	0	75	61	0	7
0	123	0	76	61	0	11
0	123	0	77	61	0	5
0	123	0	78	61	0	6
0	123	0	79	61	0	6
0	123	0	80	61	0	7
0	123	0	85	61	0	14
0	123	0	65	60	0	1
0	123	0	67	60	0	8
0	123	0	68	60	0	2
0	123	0	69	60	0	2
0	123	0	70	60	0	0
0	123	0	71	60	0	10
0	123	0	72	60	0	14
0	123	0	73	60	0	12
0	123	0	74	60	0	12
0	123	0	75	60	0	9
0	123	0	76	60	0	10
0	123	0	77	60	0	11
0	123	0	78	60	0	8
0	123	0	85	60	0	12
0	123	0	86	60	0	13
0	123	0	88	60	0	12
0	123	0	89	60	0	9
0	123	0	90	60	0	5
0	123	0	91	60	0	0
0	123	0	64	59	0	0
0	123	0	65	59	0	0
0	123	0	66	59	0	3
0	123	0	67	59	0	6
0	123	0	68	59	0	6
0	123	0	71	59	0	8
0	123	0	81	59	0	10
0	123	0	82	59	0	8
0	123	0	83	59	0	14
0	123	0	84	59	0	10
0	123	0	85	59	0	15
0	123	0	86	59	0	14
0	123	0	87	59	0	13
0	123	0	88	59	0	7
0	123	0	89	59	0	7
0	123	0	90	59	0	7
0	123	0	91	59	0	4
0	123	0	79	58	0	18
0	123	0	80	58	0	2
0	123	0	81	58	0	3
0	123	0	82	58	0	1
0	123	0	83	58	0	10
0	123	0	84	58	0	10
0	123	0	85	58	0	10
0	123	0	86	58	0	7
0	123	0	87	58	0	7
0	123	0	88	58	0	6
0	123	0	89	58	0	4
0	123	0	90	58	0	4
0	123	0	91	58	0	2
0	123	0	92	58	0	10
0	123	0	72	57	0	2
0	123	0	73	57	0	4
0	123	0	74	57	0	6
0	123	0	78	57	0	6
0	123	0	79	57	0	6
0	123	0	80	57	0	8
0	123	0	81	57	0	9
0	123	0	82	57	0	8
0	123	0	83	57	0	9
0	123	0	84	57	0	4
0	123	0	85	57	0	9
0	123	0	86	57	0	9
0	123	0	87	57	0	13
0	123	0	88	57	0	9
0	123	0	89	57	0	9
0	123	0	90	57	0	4
0	123	0	91	57	0	7
0	123	0	92	57	0	5
0	123	0	72	56	0	2
0	123	0	73	56	0	13
0	123	0	74	56	0	14
0	123	0	75	56	0	9
0	123	0	76	56	0	12
0	123	0	77	56	0	7
0	123	0	78	56	0	9
0	123	0	79	56	0	10
0	123	0	80	56	0	13
0	123	0	81	56	0	10
0	123	0	82	56	0	3
0	123	0	83	56	0	12
0	123	0	84	56	0	5
0	123	0	85	56	0	15
0	123	0	86	56	0	5
0	123	0	87	56	0	11
0	123	0	88	56	0	7
0	123	0	89	56	0	7
0	123	0	90	56	0	12
0	123	0	91	56	0	12
0	123	0	92	56	0	3
0	123	0	70	55	0	0
0	123	0	71	55	0	7
0	123	0	72	55	0	9
0	123	0	73	55	0	4
0	123	0	74	55	0	6
0	123	0	75	55	0	6
0	123	0	76	55	0	13
0	123	0	77	55	0	6
0	123	0	78	55	0	14
0	123	0	79	55	0	6
0	123	0	80	55	0	5
0	123	0	81	55	0	7
0	123	0	82	55	0	10
0	123	0	83	55	0	11
0	123	0	84	55	0	11
0	123	0	85	55	0	0
0	123	0	86	55	0	11
0	123	0	87	55	0	7
0	123	0	89	55	0	8
0	123	0	90	55	0	11
0	123	0	91	55	0	7
0	123	0	92	55	0	3
0	123	0	66	54	0	1
0	123	0	67	54	0	2
0	123	0	69	54	0	1
0	123	0	70	54	0	3
0	123	0	71	54	0	9
0	123	0	72	54	0	1
0	123	0	73	54	0	8
0	123	0	74	54	0	0
0	123	0	75	54	0	8
0	123	0	76	54	0	5
0	123	0	77	54	0	9
0	123	0	78	54	0	19
0	123	0	79	54	0	2
0	123	0	80	54	0	10
0	123	0	81	54	0	18
0	123	0	82	54	0	5
0	123	0	83	54	0	13
0	123	0	84	54	0	13
0	123	0	85	54	0	2
0	123	0	86	54	0	0
0	123	0	89	54	0	6
0	123	0	90	54	0	11
0	123	0	91	54	0	11
0	123	0	92	54	0	3
0	123	0	93	54	0	7
0	123	0	69	53	0	9
0	123	0	70	53	0	14
0	123	0	71	53	0	3
0	123	0	72	53	0	10
0	123	0	73	53	0	4
0	123	0	74	53	0	9
0	123	0	75	53	0	5
0	123	0	76	53	0	8
0	123	0	77	53	0	11
0	123	0	78	53	0	12
0	123	0	79	53	0	2
0	123	0	80	53	0	13
0	123	0	81	53	0	10
0	123	0	82	53	0	12
0	123	0	83	53	0	5
0	123	0	84	53	0	12
0	123	0	85	53	0	3
0	123	0	90	53	0	6
0	123	0	91	53	0	9
0	123	0	92	53	0	16
0	123	0	93	53	0	11
0	123	0	69	52	0	1
0	123	0	71	52	0	13
0	123	0	72	52	0	16
0	123	0	73	52	0	11
0	123	0	74	52	0	3
0	123	0	75	52	0	4
0	123	0	76	52	0	11
0	123	0	77	52	0	7
0	123	0	78	52	0	8
0	123	0	79	52	0	13
0	123	0	80	52	0	7
0	123	0	81	52	0	5
0	123	0	82	52	0	12
0	123	0	91	52	0	12
0	123	0	92	52	0	10
0	123	0	93	52	0	7
0	123	0	72	51	0	5
0	123	0	73	51	0	2
0	123	0	74	51	0	3
0	123	0	75	51	0	15
0	123	0	76	51	0	10
0	123	0	77	51	0	3
0	123	0	78	51	0	10
0	123	0	79	51	0	5
0	123	0	80	51	0	11
0	123	0	81	51	0	2
0	123	0	91	51	0	8
0	123	0	92	51	0	6
0	123	0	93	51	0	10
0	123	0	72	50	0	2
0	123	0	74	50	0	5
0	123	0	75	50	0	4
0	123	0	76	50	0	10
0	123	0	77	50	0	11
0	123	0	78	50	0	2
0	123	0	79	50	0	10
0	123	0	80	50	0	2
0	123	0	81	50	0	6
0	123	0	91	50	0	2
0	123	0	92	50	0	13
0	123	0	93	50	0	0
0	123	0	74	49	0	9
0	123	0	75	49	0	13
0	123	0	76	49	0	10
0	123	0	77	49	0	10
0	123	0	78	49	0	11
0	123	0	79	49	0	0
0	123	0	80	49	0	0
0	123	0	81	49	0	2
0	123	0	82	49	0	9
0	123	0	91	49	0	0
0	123	0	92	49	0	0
0	123	0	73	48	0	3
0	123	0	75	48	0	2
0	123	0	76	48	0	2
0	123	0	77	48	0	3
0	123	0	78	48	0	2
0	123	0	79	48	0	0
0	123	0	80	48	0	0
0	123	0	81	48	0	1
0	123	0	92	48	0	5
0	123	0	73	47	0	6
0	123	0	74	47	0	0
0	123	0	75	47	0	1
0	123	0	76	47	0	0
0	123	0	78	47	0	0
0	123	0	79	47	0	2
0	123	0	80	47	0	6
0	123	0	82	47	0	3
0	123	0	74	46	0	1
0	124	0	73	71	0	10
0	124	0	74	71	0	3
0	124	0	80	71	0	0
0	124	0	74	70	0	5
0	124	0	75	70	0	12
0	124	0	77	70	0	0
0	124	0	78	70	0	9
0	124	0	79	70	0	1
0	124	0	80	70	0	8
0	124	0	81	70	0	6
0	124	0	71	69	0	10
0	124	0	72	69	0	4
0	124	0	73	69	0	2
0	124	0	74	69	0	8
0	124	0	75	69	0	10
0	124	0	76	69	0	4
0	124	0	77	69	0	8
0	124	0	78	69	0	1
0	124	0	79	69	0	10
0	124	0	80	69	0	2
0	124	0	81	69	0	3
0	124	0	82	69	0	15
0	124	0	68	68	0	11
0	124	0	69	68	0	0
0	124	0	70	68	0	5
0	124	0	71	68	0	16
0	124	0	72	68	0	6
0	124	0	73	68	0	2
0	124	0	74	68	0	3
0	124	0	75	68	0	13
0	124	0	76	68	0	16
0	124	0	77	68	0	6
0	124	0	78	68	0	13
0	124	0	79	68	0	4
0	124	0	80	68	0	10
0	124	0	81	68	0	14
0	124	0	82	68	0	3
0	124	0	83	68	0	5
0	124	0	67	67	0	6
0	124	0	68	67	0	5
0	124	0	69	67	0	7
0	124	0	70	67	0	2
0	124	0	71	67	0	9
0	124	0	72	67	0	6
0	124	0	73	67	0	2
0	124	0	74	67	0	5
0	124	0	75	67	0	13
0	124	0	76	67	0	7
0	124	0	77	67	0	4
0	124	0	78	67	0	12
0	124	0	79	67	0	15
0	124	0	80	67	0	10
0	124	0	81	67	0	11
0	124	0	82	67	0	5
0	124	0	83	67	0	8
0	124	0	84	67	0	15
0	124	0	85	67	0	13
0	124	0	86	67	0	12
0	124	0	66	66	0	0
0	124	0	67	66	0	1
0	124	0	68	66	0	5
0	124	0	69	66	0	14
0	124	0	70	66	0	8
0	124	0	71	66	0	2
0	124	0	72	66	0	7
0	124	0	73	66	0	10
0	124	0	74	66	0	5
0	124	0	75	66	0	8
0	124	0	76	66	0	6
0	124	0	77	66	0	3
0	124	0	78	66	0	8
0	124	0	79	66	0	7
0	124	0	80	66	0	9
0	124	0	81	66	0	13
0	124	0	82	66	0	11
0	124	0	83	66	0	5
0	124	0	84	66	0	8
0	124	0	85	66	0	9
0	124	0	86	66	0	3
0	124	0	87	66	0	2
0	124	0	65	65	0	1
0	124	0	66	65	0	5
0	124	0	67	65	0	4
0	124	0	68	65	0	5
0	124	0	69	65	0	5
0	124	0	70	65	0	8
0	124	0	71	65	0	1
0	124	0	72	65	0	3
0	124	0	73	65	0	9
0	124	0	74	65	0	20
0	124	0	75	65	0	8
0	124	0	76	65	0	2
0	124	0	77	65	0	13
0	124	0	78	65	0	8
0	124	0	79	65	0	3
0	124	0	80	65	0	6
0	124	0	81	65	0	6
0	124	0	82	65	0	4
0	124	0	83	65	0	6
0	124	0	84	65	0	10
0	124	0	85	65	0	10
0	124	0	86	65	0	10
0	124	0	87	65	0	12
0	124	0	66	64	0	10
0	124	0	67	64	0	1
0	124	0	68	64	0	7
0	124	0	69	64	0	10
0	124	0	70	64	0	7
0	124	0	71	64	0	0
0	124	0	72	64	0	8
0	124	0	73	64	0	13
0	124	0	74	64	0	15
0	124	0	75	64	0	10
0	124	0	76	64	0	10
0	124	0	77	64	0	27
0	124	0	78	64	0	1
0	124	0	79	64	0	11
0	124	0	80	64	0	11
0	124	0	81	64	0	5
0	124	0	82	64	0	16
0	124	0	83	64	0	6
0	124	0	84	64	0	4
0	124	0	85	64	0	8
0	124	0	86	64	0	8
0	124	0	87	64	0	7
0	124	0	88	64	0	7
0	124	0	89	64	0	10
0	124	0	66	63	0	1
0	124	0	67	63	0	7
0	124	0	68	63	0	5
0	124	0	69	63	0	7
0	124	0	70	63	0	14
0	124	0	71	63	0	11
0	124	0	72	63	0	7
0	124	0	73	63	0	8
0	124	0	74	63	0	19
0	124	0	75	63	0	10
0	124	0	76	63	0	12
0	124	0	77	63	0	5
0	124	0	78	63	0	10
0	124	0	79	63	0	9
0	124	0	80	63	0	8
0	124	0	81	63	0	7
0	124	0	82	63	0	4
0	124	0	83	63	0	15
0	124	0	84	63	0	9
0	124	0	85	63	0	5
0	124	0	86	63	0	8
0	124	0	87	63	0	8
0	124	0	88	63	0	6
0	124	0	89	63	0	5
0	124	0	90	63	0	6
0	124	0	66	62	0	6
0	124	0	67	62	0	10
0	124	0	68	62	0	12
0	124	0	69	62	0	15
0	124	0	70	62	0	7
0	124	0	71	62	0	19
0	124	0	72	62	0	7
0	124	0	73	62	0	11
0	124	0	74	62	0	8
0	124	0	75	62	0	7
0	124	0	76	62	0	14
0	124	0	77	62	0	8
0	124	0	78	62	0	7
0	124	0	79	62	0	9
0	124	0	80	62	0	12
0	124	0	81	62	0	3
0	124	0	82	62	0	6
0	124	0	83	62	0	6
0	124	0	84	62	0	8
0	124	0	85	62	0	4
0	124	0	86	62	0	9
0	124	0	87	62	0	11
0	124	0	65	61	0	2
0	124	0	66	61	0	0
0	124	0	67	61	0	1
0	124	0	68	61	0	17
0	124	0	69	61	0	6
0	124	0	70	61	0	4
0	124	0	71	61	0	5
0	124	0	72	61	0	5
0	124	0	73	61	0	14
0	124	0	74	61	0	7
0	124	0	75	61	0	4
0	124	0	76	61	0	21
0	124	0	77	61	0	4
0	124	0	78	61	0	9
0	124	0	79	61	0	6
0	124	0	80	61	0	13
0	124	0	85	61	0	16
0	124	0	65	60	0	1
0	124	0	67	60	0	5
0	124	0	68	60	0	4
0	124	0	69	60	0	5
0	124	0	70	60	0	2
0	124	0	71	60	0	10
0	124	0	72	60	0	14
0	124	0	73	60	0	14
0	124	0	74	60	0	13
0	124	0	75	60	0	11
0	124	0	76	60	0	6
0	124	0	77	60	0	8
0	124	0	78	60	0	8
0	124	0	85	60	0	11
0	124	0	86	60	0	8
0	124	0	88	60	0	3
0	124	0	89	60	0	11
0	124	0	90	60	0	4
0	124	0	91	60	0	0
0	124	0	64	59	0	0
0	124	0	65	59	0	0
0	124	0	66	59	0	2
0	124	0	67	59	0	9
0	124	0	68	59	0	7
0	124	0	71	59	0	12
0	124	0	81	59	0	15
0	124	0	82	59	0	7
0	124	0	83	59	0	12
0	124	0	84	59	0	11
0	124	0	85	59	0	16
0	124	0	86	59	0	13
0	124	0	87	59	0	11
0	124	0	88	59	0	5
0	124	0	89	59	0	2
0	124	0	90	59	0	8
0	124	0	91	59	0	3
0	124	0	79	58	0	19
0	124	0	80	58	0	8
0	124	0	81	58	0	6
0	124	0	82	58	0	2
0	124	0	83	58	0	11
0	124	0	84	58	0	8
0	124	0	85	58	0	5
0	124	0	86	58	0	10
0	124	0	87	58	0	10
0	124	0	88	58	0	7
0	124	0	89	58	0	7
0	124	0	90	58	0	4
0	124	0	91	58	0	9
0	124	0	92	58	0	15
0	124	0	72	57	0	4
0	124	0	73	57	0	10
0	124	0	74	57	0	9
0	124	0	79	57	0	3
0	124	0	80	57	0	4
0	124	0	81	57	0	6
0	124	0	82	57	0	15
0	124	0	83	57	0	12
0	124	0	84	57	0	2
0	124	0	85	57	0	6
0	124	0	86	57	0	8
0	124	0	87	57	0	15
0	124	0	88	57	0	10
0	124	0	89	57	0	9
0	124	0	90	57	0	8
0	124	0	91	57	0	4
0	124	0	92	57	0	9
0	124	0	72	56	0	5
0	124	0	73	56	0	11
0	124	0	74	56	0	11
0	124	0	75	56	0	8
0	124	0	76	56	0	8
0	124	0	77	56	0	11
0	124	0	78	56	0	4
0	124	0	79	56	0	7
0	124	0	80	56	0	22
0	124	0	81	56	0	7
0	124	0	82	56	0	4
0	124	0	83	56	0	12
0	124	0	84	56	0	10
0	124	0	85	56	0	12
0	124	0	86	56	0	3
0	124	0	87	56	0	3
0	124	0	88	56	0	6
0	124	0	89	56	0	12
0	124	0	90	56	0	16
0	124	0	91	56	0	14
0	124	0	92	56	0	3
0	124	0	70	55	0	1
0	124	0	71	55	0	8
0	124	0	72	55	0	13
0	124	0	73	55	0	7
0	124	0	74	55	0	6
0	124	0	75	55	0	5
0	124	0	76	55	0	8
0	124	0	77	55	0	11
0	124	0	78	55	0	10
0	124	0	79	55	0	6
0	124	0	80	55	0	4
0	124	0	81	55	0	10
0	124	0	82	55	0	9
0	124	0	83	55	0	10
0	124	0	84	55	0	13
0	124	0	85	55	0	1
0	124	0	86	55	0	18
0	124	0	87	55	0	8
0	124	0	89	55	0	10
0	124	0	90	55	0	8
0	124	0	91	55	0	7
0	124	0	92	55	0	1
0	124	0	66	54	0	0
0	124	0	67	54	0	2
0	124	0	69	54	0	2
0	124	0	70	54	0	6
0	124	0	71	54	0	12
0	124	0	72	54	0	2
0	124	0	73	54	0	8
0	124	0	74	54	0	1
0	124	0	75	54	0	17
0	124	0	76	54	0	2
0	124	0	77	54	0	10
0	124	0	78	54	0	7
0	124	0	79	54	0	4
0	124	0	80	54	0	13
0	124	0	81	54	0	13
0	124	0	82	54	0	10
0	124	0	83	54	0	14
0	124	0	84	54	0	14
0	124	0	85	54	0	0
0	124	0	86	54	0	0
0	124	0	89	54	0	2
0	124	0	90	54	0	12
0	124	0	91	54	0	12
0	124	0	92	54	0	5
0	124	0	93	54	0	13
0	124	0	69	53	0	10
0	124	0	70	53	0	11
0	124	0	71	53	0	5
0	124	0	72	53	0	9
0	124	0	73	53	0	5
0	124	0	74	53	0	13
0	124	0	75	53	0	5
0	124	0	76	53	0	9
0	124	0	77	53	0	15
0	124	0	78	53	0	8
0	124	0	79	53	0	4
0	124	0	80	53	0	11
0	124	0	81	53	0	9
0	124	0	82	53	0	11
0	124	0	83	53	0	8
0	124	0	84	53	0	8
0	124	0	85	53	0	0
0	124	0	90	53	0	5
0	124	0	91	53	0	8
0	124	0	92	53	0	20
0	124	0	93	53	0	10
0	124	0	69	52	0	1
0	124	0	71	52	0	14
0	124	0	72	52	0	8
0	124	0	73	52	0	7
0	124	0	74	52	0	2
0	124	0	75	52	0	4
0	124	0	76	52	0	8
0	124	0	77	52	0	9
0	124	0	78	52	0	12
0	124	0	79	52	0	12
0	124	0	80	52	0	5
0	124	0	81	52	0	9
0	124	0	82	52	0	11
0	124	0	91	52	0	12
0	124	0	92	52	0	8
0	124	0	93	52	0	7
0	124	0	70	51	0	1
0	124	0	72	51	0	10
0	124	0	73	51	0	2
0	124	0	74	51	0	7
0	124	0	75	51	0	19
0	124	0	76	51	0	12
0	124	0	77	51	0	3
0	124	0	78	51	0	8
0	124	0	79	51	0	7
0	124	0	80	51	0	8
0	124	0	81	51	0	2
0	124	0	91	51	0	10
0	124	0	92	51	0	10
0	124	0	93	51	0	10
0	124	0	72	50	0	1
0	124	0	74	50	0	3
0	124	0	75	50	0	5
0	124	0	76	50	0	11
0	124	0	77	50	0	10
0	124	0	78	50	0	4
0	124	0	79	50	0	13
0	124	0	80	50	0	1
0	124	0	81	50	0	9
0	124	0	91	50	0	3
0	124	0	92	50	0	12
0	124	0	93	50	0	0
0	124	0	73	49	0	1
0	124	0	74	49	0	8
0	124	0	75	49	0	15
0	124	0	76	49	0	13
0	124	0	77	49	0	9
0	124	0	78	49	0	11
0	124	0	79	49	0	1
0	124	0	80	49	0	0
0	124	0	81	49	0	3
0	124	0	82	49	0	11
0	124	0	91	49	0	0
0	124	0	92	49	0	0
0	124	0	73	48	0	1
0	124	0	74	48	0	1
0	124	0	75	48	0	4
0	124	0	76	48	0	1
0	124	0	77	48	0	3
0	124	0	78	48	0	3
0	124	0	79	48	0	1
0	124	0	80	48	0	0
0	124	0	81	48	0	0
0	124	0	92	48	0	3
0	124	0	73	47	0	5
0	124	0	74	47	0	0
0	124	0	75	47	0	1
0	124	0	76	47	0	0
0	124	0	78	47	0	0
0	124	0	79	47	0	2
0	124	0	80	47	0	8
0	124	0	82	47	0	3
0	124	0	74	46	0	1
0	125	0	73	71	0	8
0	125	0	74	71	0	2
0	125	0	80	71	0	0
0	125	0	74	70	0	8
0	125	0	75	70	0	5
0	125	0	77	70	0	0
0	125	0	78	70	0	8
0	125	0	79	70	0	1
0	125	0	80	70	0	5
0	125	0	81	70	0	7
0	125	0	71	69	0	8
0	125	0	72	69	0	4
0	125	0	73	69	0	4
0	125	0	74	69	0	10
0	125	0	75	69	0	14
0	125	0	76	69	0	9
0	125	0	77	69	0	9
0	125	0	78	69	0	1
0	125	0	79	69	0	12
0	125	0	80	69	0	1
0	125	0	81	69	0	5
0	125	0	82	69	0	12
0	125	0	68	68	0	14
0	125	0	69	68	0	2
0	125	0	70	68	0	6
0	125	0	71	68	0	17
0	125	0	72	68	0	7
0	125	0	73	68	0	2
0	125	0	74	68	0	5
0	125	0	75	68	0	12
0	125	0	76	68	0	15
0	125	0	77	68	0	9
0	125	0	78	68	0	15
0	125	0	79	68	0	3
0	125	0	80	68	0	7
0	125	0	81	68	0	11
0	125	0	82	68	0	2
0	125	0	83	68	0	5
0	125	0	66	67	0	1
0	125	0	67	67	0	10
0	125	0	68	67	0	5
0	125	0	69	67	0	9
0	125	0	70	67	0	2
0	125	0	71	67	0	11
0	125	0	72	67	0	8
0	125	0	73	67	0	4
0	125	0	74	67	0	0
0	125	0	75	67	0	7
0	125	0	76	67	0	9
0	125	0	77	67	0	7
0	125	0	78	67	0	13
0	125	0	79	67	0	10
0	125	0	80	67	0	6
0	125	0	81	67	0	12
0	125	0	82	67	0	7
0	125	0	83	67	0	14
0	125	0	84	67	0	5
0	125	0	85	67	0	7
0	125	0	86	67	0	11
0	125	0	66	66	0	1
0	125	0	67	66	0	0
0	125	0	68	66	0	6
0	125	0	69	66	0	11
0	125	0	70	66	0	11
0	125	0	71	66	0	3
0	125	0	72	66	0	5
0	125	0	73	66	0	8
0	125	0	74	66	0	5
0	125	0	75	66	0	7
0	125	0	76	66	0	10
0	125	0	77	66	0	3
0	125	0	78	66	0	5
0	125	0	79	66	0	8
0	125	0	80	66	0	6
0	125	0	81	66	0	10
0	125	0	82	66	0	11
0	125	0	83	66	0	7
0	125	0	84	66	0	13
0	125	0	85	66	0	7
0	125	0	86	66	0	5
0	125	0	87	66	0	3
0	125	0	65	65	0	1
0	125	0	66	65	0	8
0	125	0	67	65	0	7
0	125	0	68	65	0	8
0	125	0	69	65	0	4
0	125	0	70	65	0	10
0	125	0	71	65	0	0
0	125	0	72	65	0	2
0	125	0	73	65	0	11
0	125	0	74	65	0	10
0	125	0	75	65	0	9
0	125	0	76	65	0	6
0	125	0	77	65	0	9
0	125	0	78	65	0	6
0	125	0	79	65	0	4
0	125	0	80	65	0	3
0	125	0	81	65	0	7
0	125	0	82	65	0	7
0	125	0	83	65	0	3
0	125	0	84	65	0	9
0	125	0	85	65	0	7
0	125	0	86	65	0	13
0	125	0	87	65	0	8
0	125	0	66	64	0	9
0	125	0	67	64	0	4
0	125	0	68	64	0	5
0	125	0	69	64	0	10
0	125	0	70	64	0	7
0	125	0	71	64	0	0
0	125	0	72	64	0	8
0	125	0	73	64	0	13
0	125	0	74	64	0	17
0	125	0	75	64	0	7
0	125	0	76	64	0	14
0	125	0	77	64	0	13
0	125	0	78	64	0	2
0	125	0	79	64	0	10
0	125	0	80	64	0	7
0	125	0	81	64	0	8
0	125	0	82	64	0	10
0	125	0	83	64	0	9
0	125	0	84	64	0	9
0	125	0	85	64	0	10
0	125	0	86	64	0	7
0	125	0	87	64	0	7
0	125	0	88	64	0	9
0	125	0	89	64	0	7
0	125	0	66	63	0	2
0	125	0	67	63	0	9
0	125	0	68	63	0	6
0	125	0	69	63	0	2
0	125	0	70	63	0	19
0	125	0	71	63	0	8
0	125	0	72	63	0	3
0	125	0	73	63	0	7
0	125	0	74	63	0	14
0	125	0	75	63	0	9
0	125	0	76	63	0	7
0	125	0	77	63	0	4
0	125	0	78	63	0	6
0	125	0	79	63	0	18
0	125	0	80	63	0	7
0	125	0	81	63	0	8
0	125	0	82	63	0	5
0	125	0	83	63	0	18
0	125	0	84	63	0	12
0	125	0	85	63	0	3
0	125	0	86	63	0	10
0	125	0	87	63	0	14
0	125	0	88	63	0	4
0	125	0	89	63	0	6
0	125	0	90	63	0	10
0	125	0	66	62	0	6
0	125	0	67	62	0	10
0	125	0	68	62	0	7
0	125	0	69	62	0	10
0	125	0	70	62	0	6
0	125	0	71	62	0	14
0	125	0	72	62	0	9
0	125	0	73	62	0	15
0	125	0	74	62	0	5
0	125	0	75	62	0	11
0	125	0	76	62	0	13
0	125	0	77	62	0	19
0	125	0	78	62	0	6
0	125	0	79	62	0	10
0	125	0	80	62	0	13
0	125	0	81	62	0	10
0	125	0	82	62	0	3
0	125	0	83	62	0	8
0	125	0	84	62	0	6
0	125	0	85	62	0	5
0	125	0	86	62	0	10
0	125	0	87	62	0	6
0	125	0	65	61	0	5
0	125	0	66	61	0	0
0	125	0	67	61	0	2
0	125	0	68	61	0	13
0	125	0	69	61	0	10
0	125	0	70	61	0	5
0	125	0	71	61	0	9
0	125	0	72	61	0	4
0	125	0	73	61	0	10
0	125	0	74	61	0	5
0	125	0	75	61	0	9
0	125	0	76	61	0	17
0	125	0	77	61	0	5
0	125	0	78	61	0	10
0	125	0	79	61	0	7
0	125	0	80	61	0	8
0	125	0	85	61	0	15
0	125	0	65	60	0	2
0	125	0	66	60	0	1
0	125	0	67	60	0	7
0	125	0	68	60	0	6
0	125	0	69	60	0	5
0	125	0	70	60	0	4
0	125	0	71	60	0	15
0	125	0	72	60	0	8
0	125	0	73	60	0	15
0	125	0	74	60	0	11
0	125	0	75	60	0	10
0	125	0	76	60	0	7
0	125	0	77	60	0	11
0	125	0	78	60	0	8
0	125	0	85	60	0	14
0	125	0	86	60	0	12
0	125	0	88	60	0	2
0	125	0	89	60	0	11
0	125	0	90	60	0	3
0	125	0	91	60	0	0
0	125	0	64	59	0	0
0	125	0	65	59	0	0
0	125	0	66	59	0	3
0	125	0	67	59	0	12
0	125	0	68	59	0	4
0	125	0	71	59	0	6
0	125	0	81	59	0	16
0	125	0	82	59	0	1
0	125	0	83	59	0	8
0	125	0	84	59	0	15
0	125	0	85	59	0	8
0	125	0	86	59	0	14
0	125	0	87	59	0	3
0	125	0	88	59	0	3
0	125	0	89	59	0	5
0	125	0	90	59	0	10
0	125	0	91	59	0	3
0	125	0	79	58	0	6
0	125	0	80	58	0	14
0	125	0	81	58	0	10
0	125	0	82	58	0	2
0	125	0	83	58	0	5
0	125	0	84	58	0	5
0	125	0	85	58	0	4
0	125	0	86	58	0	9
0	125	0	87	58	0	14
0	125	0	88	58	0	8
0	125	0	89	58	0	6
0	125	0	90	58	0	4
0	125	0	91	58	0	8
0	125	0	92	58	0	16
0	125	0	72	57	0	12
0	125	0	73	57	0	13
0	125	0	74	57	0	4
0	125	0	79	57	0	6
0	125	0	80	57	0	3
0	125	0	81	57	0	4
0	125	0	82	57	0	13
0	125	0	83	57	0	9
0	125	0	84	57	0	4
0	125	0	85	57	0	7
0	125	0	86	57	0	12
0	125	0	87	57	0	13
0	125	0	88	57	0	6
0	125	0	89	57	0	13
0	125	0	90	57	0	3
0	125	0	91	57	0	2
0	125	0	92	57	0	8
0	125	0	72	56	0	9
0	125	0	73	56	0	15
0	125	0	74	56	0	9
0	125	0	75	56	0	8
0	125	0	76	56	0	10
0	125	0	77	56	0	13
0	125	0	78	56	0	5
0	125	0	79	56	0	2
0	125	0	80	56	0	12
0	125	0	81	56	0	9
0	125	0	82	56	0	8
0	125	0	83	56	0	9
0	125	0	84	56	0	7
0	125	0	85	56	0	12
0	125	0	86	56	0	2
0	125	0	87	56	0	5
0	125	0	88	56	0	4
0	125	0	89	56	0	13
0	125	0	90	56	0	13
0	125	0	91	56	0	10
0	125	0	92	56	0	7
0	125	0	70	55	0	2
0	125	0	71	55	0	10
0	125	0	72	55	0	14
0	125	0	73	55	0	9
0	125	0	74	55	0	8
0	125	0	75	55	0	4
0	125	0	76	55	0	6
0	125	0	77	55	0	18
0	125	0	78	55	0	5
0	125	0	79	55	0	5
0	125	0	80	55	0	9
0	125	0	81	55	0	14
0	125	0	82	55	0	9
0	125	0	83	55	0	5
0	125	0	84	55	0	5
0	125	0	85	55	0	0
0	125	0	86	55	0	15
0	125	0	87	55	0	10
0	125	0	89	55	0	10
0	125	0	90	55	0	5
0	125	0	91	55	0	7
0	125	0	92	55	0	2
0	125	0	66	54	0	0
0	125	0	67	54	0	1
0	125	0	68	54	0	2
0	125	0	69	54	0	4
0	125	0	70	54	0	6
0	125	0	71	54	0	8
0	125	0	72	54	0	5
0	125	0	73	54	0	8
0	125	0	74	54	0	3
0	125	0	75	54	0	14
0	125	0	76	54	0	1
0	125	0	77	54	0	10
0	125	0	78	54	0	6
0	125	0	79	54	0	3
0	125	0	80	54	0	12
0	125	0	81	54	0	15
0	125	0	82	54	0	4
0	125	0	83	54	0	12
0	125	0	84	54	0	13
0	125	0	85	54	0	0
0	125	0	86	54	0	1
0	125	0	89	54	0	2
0	125	0	90	54	0	7
0	125	0	91	54	0	14
0	125	0	92	54	0	5
0	125	0	93	54	0	7
0	125	0	69	53	0	7
0	125	0	70	53	0	11
0	125	0	71	53	0	8
0	125	0	72	53	0	6
0	125	0	73	53	0	3
0	125	0	74	53	0	13
0	125	0	75	53	0	6
0	125	0	76	53	0	9
0	125	0	77	53	0	13
0	125	0	78	53	0	5
0	125	0	79	53	0	8
0	125	0	80	53	0	8
0	125	0	81	53	0	11
0	125	0	82	53	0	7
0	125	0	83	53	0	8
0	125	0	84	53	0	6
0	125	0	85	53	0	0
0	125	0	90	53	0	7
0	125	0	91	53	0	7
0	125	0	92	53	0	20
0	125	0	93	53	0	7
0	125	0	69	52	0	0
0	125	0	70	52	0	1
0	125	0	71	52	0	5
0	125	0	72	52	0	5
0	125	0	73	52	0	5
0	125	0	74	52	0	2
0	125	0	75	52	0	8
0	125	0	76	52	0	4
0	125	0	77	52	0	8
0	125	0	78	52	0	16
0	125	0	79	52	0	15
0	125	0	80	52	0	6
0	125	0	81	52	0	12
0	125	0	82	52	0	16
0	125	0	91	52	0	8
0	125	0	92	52	0	9
0	125	0	93	52	0	6
0	125	0	70	51	0	2
0	125	0	71	51	0	2
0	125	0	72	51	0	10
0	125	0	73	51	0	2
0	125	0	74	51	0	7
0	125	0	75	51	0	9
0	125	0	76	51	0	15
0	125	0	77	51	0	0
0	125	0	78	51	0	15
0	125	0	79	51	0	9
0	125	0	80	51	0	7
0	125	0	81	51	0	4
0	125	0	91	51	0	7
0	125	0	92	51	0	12
0	125	0	93	51	0	13
0	125	0	72	50	0	0
0	125	0	73	50	0	1
0	125	0	74	50	0	3
0	125	0	75	50	0	6
0	125	0	76	50	0	7
0	125	0	77	50	0	4
0	125	0	78	50	0	7
0	125	0	79	50	0	19
0	125	0	80	50	0	6
0	125	0	81	50	0	6
0	125	0	91	50	0	7
0	125	0	92	50	0	10
0	125	0	93	50	0	0
0	125	0	73	49	0	3
0	125	0	74	49	0	7
0	125	0	75	49	0	23
0	125	0	76	49	0	14
0	125	0	77	49	0	9
0	125	0	78	49	0	10
0	125	0	79	49	0	1
0	125	0	80	49	0	1
0	125	0	81	49	0	4
0	125	0	82	49	0	16
0	125	0	91	49	0	0
0	125	0	92	49	0	0
0	125	0	73	48	0	1
0	125	0	74	48	0	4
0	125	0	75	48	0	7
0	125	0	76	48	0	1
0	125	0	77	48	0	5
0	125	0	78	48	0	3
0	125	0	79	48	0	0
0	125	0	80	48	0	0
0	125	0	81	48	0	0
0	125	0	92	48	0	3
0	125	0	73	47	0	5
0	125	0	74	47	0	0
0	125	0	75	47	0	1
0	125	0	76	47	0	0
0	125	0	78	47	0	0
0	125	0	79	47	0	2
0	125	0	80	47	0	3
0	125	0	82	47	0	1
0	125	0	74	46	0	2
0	125	0	74	45	0	1
0	126	0	73	71	0	8
0	126	0	74	71	0	3
0	126	0	80	71	0	0
0	126	0	74	70	0	7
0	126	0	75	70	0	15
0	126	0	77	70	0	0
0	126	0	78	70	0	7
0	126	0	79	70	0	1
0	126	0	80	70	0	10
0	126	0	81	70	0	10
0	126	0	71	69	0	11
0	126	0	72	69	0	5
0	126	0	73	69	0	5
0	126	0	74	69	0	12
0	126	0	75	69	0	13
0	126	0	76	69	0	9
0	126	0	77	69	0	8
0	126	0	78	69	0	3
0	126	0	79	69	0	8
0	126	0	80	69	0	0
0	126	0	81	69	0	6
0	126	0	82	69	0	11
0	126	0	68	68	0	14
0	126	0	69	68	0	3
0	126	0	70	68	0	8
0	126	0	71	68	0	11
0	126	0	72	68	0	8
0	126	0	73	68	0	2
0	126	0	74	68	0	10
0	126	0	75	68	0	16
0	126	0	76	68	0	12
0	126	0	77	68	0	9
0	126	0	78	68	0	14
0	126	0	79	68	0	2
0	126	0	80	68	0	7
0	126	0	81	68	0	11
0	126	0	82	68	0	5
0	126	0	83	68	0	4
0	126	0	66	67	0	0
0	126	0	67	67	0	6
0	126	0	68	67	0	6
0	126	0	69	67	0	11
0	126	0	70	67	0	4
0	126	0	71	67	0	13
0	126	0	72	67	0	5
0	126	0	73	67	0	6
0	126	0	74	67	0	0
0	126	0	75	67	0	9
0	126	0	76	67	0	3
0	126	0	77	67	0	14
0	126	0	78	67	0	8
0	126	0	79	67	0	7
0	126	0	80	67	0	7
0	126	0	81	67	0	5
0	126	0	82	67	0	11
0	126	0	83	67	0	11
0	126	0	84	67	0	4
0	126	0	85	67	0	3
0	126	0	86	67	0	10
0	126	0	66	66	0	3
0	126	0	67	66	0	1
0	126	0	68	66	0	10
0	126	0	69	66	0	12
0	126	0	70	66	0	8
0	126	0	71	66	0	10
0	126	0	72	66	0	6
0	126	0	73	66	0	12
0	126	0	74	66	0	8
0	126	0	75	66	0	7
0	126	0	76	66	0	15
0	126	0	77	66	0	1
0	126	0	78	66	0	3
0	126	0	79	66	0	5
0	126	0	80	66	0	8
0	126	0	81	66	0	11
0	126	0	82	66	0	9
0	126	0	83	66	0	5
0	126	0	84	66	0	8
0	126	0	85	66	0	9
0	126	0	86	66	0	4
0	126	0	87	66	0	4
0	126	0	65	65	0	4
0	126	0	66	65	0	9
0	126	0	67	65	0	7
0	126	0	68	65	0	9
0	126	0	69	65	0	3
0	126	0	70	65	0	10
0	126	0	71	65	0	0
0	126	0	72	65	0	3
0	126	0	73	65	0	3
0	126	0	74	65	0	11
0	126	0	75	65	0	12
0	126	0	76	65	0	4
0	126	0	77	65	0	6
0	126	0	78	65	0	10
0	126	0	79	65	0	6
0	126	0	80	65	0	9
0	126	0	81	65	0	7
0	126	0	82	65	0	8
0	126	0	83	65	0	7
0	126	0	84	65	0	12
0	126	0	85	65	0	7
0	126	0	86	65	0	11
0	126	0	87	65	0	6
0	126	0	66	64	0	12
0	126	0	67	64	0	1
0	126	0	68	64	0	3
0	126	0	69	64	0	11
0	126	0	70	64	0	5
0	126	0	71	64	0	0
0	126	0	72	64	0	10
0	126	0	73	64	0	12
0	126	0	74	64	0	10
0	126	0	75	64	0	6
0	126	0	76	64	0	12
0	126	0	77	64	0	7
0	126	0	78	64	0	0
0	126	0	79	64	0	9
0	126	0	80	64	0	7
0	126	0	81	64	0	6
0	126	0	82	64	0	10
0	126	0	83	64	0	9
0	126	0	84	64	0	9
0	126	0	85	64	0	9
0	126	0	86	64	0	6
0	126	0	87	64	0	3
0	126	0	88	64	0	5
0	126	0	89	64	0	9
0	126	0	65	63	0	1
0	126	0	66	63	0	2
0	126	0	67	63	0	6
0	126	0	68	63	0	7
0	126	0	69	63	0	3
0	126	0	70	63	0	15
0	126	0	71	63	0	12
0	126	0	72	63	0	5
0	126	0	73	63	0	12
0	126	0	74	63	0	18
0	126	0	75	63	0	9
0	126	0	76	63	0	10
0	126	0	77	63	0	7
0	126	0	78	63	0	7
0	126	0	79	63	0	12
0	126	0	80	63	0	6
0	126	0	81	63	0	13
0	126	0	82	63	0	4
0	126	0	83	63	0	20
0	126	0	84	63	0	7
0	126	0	85	63	0	2
0	126	0	86	63	0	9
0	126	0	87	63	0	17
0	126	0	88	63	0	3
0	126	0	89	63	0	7
0	126	0	90	63	0	11
0	126	0	66	62	0	9
0	126	0	67	62	0	9
0	126	0	68	62	0	6
0	126	0	69	62	0	9
0	126	0	70	62	0	6
0	126	0	71	62	0	10
0	126	0	72	62	0	10
0	126	0	73	62	0	11
0	126	0	74	62	0	6
0	126	0	75	62	0	11
0	126	0	76	62	0	11
0	126	0	77	62	0	8
0	126	0	78	62	0	3
0	126	0	79	62	0	12
0	126	0	80	62	0	11
0	126	0	81	62	0	8
0	126	0	82	62	0	2
0	126	0	83	62	0	4
0	126	0	84	62	0	2
0	126	0	85	62	0	2
0	126	0	86	62	0	10
0	126	0	87	62	0	13
0	126	0	65	61	0	5
0	126	0	66	61	0	0
0	126	0	67	61	0	5
0	126	0	68	61	0	12
0	126	0	69	61	0	13
0	126	0	70	61	0	3
0	126	0	71	61	0	8
0	126	0	72	61	0	6
0	126	0	73	61	0	10
0	126	0	74	61	0	7
0	126	0	75	61	0	12
0	126	0	76	61	0	11
0	126	0	77	61	0	5
0	126	0	78	61	0	11
0	126	0	79	61	0	6
0	126	0	80	61	0	11
0	126	0	85	61	0	10
0	126	0	65	60	0	2
0	126	0	66	60	0	1
0	126	0	67	60	0	5
0	126	0	68	60	0	7
0	126	0	69	60	0	4
0	126	0	70	60	0	4
0	126	0	71	60	0	9
0	126	0	72	60	0	7
0	126	0	73	60	0	18
0	126	0	74	60	0	6
0	126	0	75	60	0	8
0	126	0	76	60	0	5
0	126	0	77	60	0	7
0	126	0	78	60	0	8
0	126	0	85	60	0	19
0	126	0	86	60	0	12
0	126	0	88	60	0	3
0	126	0	89	60	0	10
0	126	0	90	60	0	2
0	126	0	91	60	0	0
0	126	0	64	59	0	0
0	126	0	65	59	0	0
0	126	0	66	59	0	2
0	126	0	67	59	0	10
0	126	0	68	59	0	3
0	126	0	71	59	0	8
0	126	0	81	59	0	14
0	126	0	82	59	0	4
0	126	0	83	59	0	7
0	126	0	84	59	0	11
0	126	0	85	59	0	10
0	126	0	86	59	0	13
0	126	0	87	59	0	1
0	126	0	88	59	0	3
0	126	0	89	59	0	7
0	126	0	90	59	0	7
0	126	0	91	59	0	5
0	126	0	79	58	0	5
0	126	0	80	58	0	9
0	126	0	81	58	0	10
0	126	0	82	58	0	4
0	126	0	83	58	0	6
0	126	0	84	58	0	6
0	126	0	85	58	0	6
0	126	0	86	58	0	13
0	126	0	87	58	0	12
0	126	0	88	58	0	4
0	126	0	89	58	0	6
0	126	0	90	58	0	7
0	126	0	91	58	0	6
0	126	0	92	58	0	13
0	126	0	72	57	0	11
0	126	0	73	57	0	13
0	126	0	74	57	0	3
0	126	0	79	57	0	6
0	126	0	80	57	0	2
0	126	0	81	57	0	3
0	126	0	82	57	0	17
0	126	0	83	57	0	9
0	126	0	84	57	0	10
0	126	0	85	57	0	11
0	126	0	86	57	0	9
0	126	0	87	57	0	11
0	126	0	88	57	0	8
0	126	0	89	57	0	9
0	126	0	90	57	0	6
0	126	0	91	57	0	2
0	126	0	92	57	0	8
0	126	0	72	56	0	12
0	126	0	73	56	0	18
0	126	0	74	56	0	9
0	126	0	75	56	0	7
0	126	0	76	56	0	7
0	126	0	77	56	0	9
0	126	0	78	56	0	10
0	126	0	79	56	0	0
0	126	0	80	56	0	9
0	126	0	81	56	0	5
0	126	0	82	56	0	8
0	126	0	83	56	0	6
0	126	0	84	56	0	12
0	126	0	85	56	0	9
0	126	0	86	56	0	4
0	126	0	87	56	0	3
0	126	0	88	56	0	7
0	126	0	89	56	0	14
0	126	0	90	56	0	11
0	126	0	91	56	0	11
0	126	0	92	56	0	10
0	126	0	70	55	0	3
0	126	0	71	55	0	8
0	126	0	72	55	0	8
0	126	0	73	55	0	9
0	126	0	74	55	0	9
0	126	0	75	55	0	5
0	126	0	76	55	0	8
0	126	0	77	55	0	16
0	126	0	78	55	0	10
0	126	0	79	55	0	6
0	126	0	80	55	0	5
0	126	0	81	55	0	13
0	126	0	82	55	0	11
0	126	0	83	55	0	8
0	126	0	84	55	0	3
0	126	0	85	55	0	0
0	126	0	86	55	0	6
0	126	0	87	55	0	9
0	126	0	89	55	0	12
0	126	0	90	55	0	1
0	126	0	91	55	0	13
0	126	0	92	55	0	6
0	126	0	66	54	0	0
0	126	0	67	54	0	1
0	126	0	68	54	0	2
0	126	0	69	54	0	10
0	126	0	70	54	0	4
0	126	0	71	54	0	10
0	126	0	72	54	0	4
0	126	0	73	54	0	5
0	126	0	74	54	0	5
0	126	0	75	54	0	8
0	126	0	76	54	0	5
0	126	0	77	54	0	14
0	126	0	78	54	0	6
0	126	0	79	54	0	6
0	126	0	80	54	0	12
0	126	0	81	54	0	12
0	126	0	82	54	0	3
0	126	0	83	54	0	14
0	126	0	84	54	0	11
0	126	0	85	54	0	0
0	126	0	86	54	0	1
0	126	0	89	54	0	2
0	126	0	90	54	0	9
0	126	0	91	54	0	14
0	126	0	92	54	0	7
0	126	0	93	54	0	7
0	126	0	68	53	0	1
0	126	0	69	53	0	11
0	126	0	70	53	0	9
0	126	0	71	53	0	11
0	126	0	72	53	0	11
0	126	0	73	53	0	7
0	126	0	74	53	0	8
0	126	0	75	53	0	4
0	126	0	76	53	0	9
0	126	0	77	53	0	11
0	126	0	78	53	0	3
0	126	0	79	53	0	12
0	126	0	80	53	0	11
0	126	0	81	53	0	10
0	126	0	82	53	0	3
0	126	0	83	53	0	11
0	126	0	84	53	0	4
0	126	0	85	53	0	0
0	126	0	90	53	0	7
0	126	0	91	53	0	5
0	126	0	92	53	0	13
0	126	0	93	53	0	12
0	126	0	69	52	0	0
0	126	0	70	52	0	1
0	126	0	71	52	0	6
0	126	0	72	52	0	5
0	126	0	73	52	0	7
0	126	0	74	52	0	3
0	126	0	75	52	0	12
0	126	0	76	52	0	2
0	126	0	77	52	0	4
0	126	0	78	52	0	14
0	126	0	79	52	0	8
0	126	0	80	52	0	5
0	126	0	81	52	0	7
0	126	0	82	52	0	18
0	126	0	91	52	0	5
0	126	0	92	52	0	7
0	126	0	93	52	0	3
0	126	0	70	51	0	3
0	126	0	71	51	0	3
0	126	0	72	51	0	5
0	126	0	73	51	0	0
0	126	0	74	51	0	9
0	126	0	75	51	0	7
0	126	0	76	51	0	16
0	126	0	77	51	0	0
0	126	0	78	51	0	15
0	126	0	79	51	0	4
0	126	0	80	51	0	3
0	126	0	81	51	0	7
0	126	0	91	51	0	6
0	126	0	92	51	0	8
0	126	0	93	51	0	16
0	126	0	72	50	0	0
0	126	0	73	50	0	3
0	126	0	74	50	0	2
0	126	0	75	50	0	10
0	126	0	76	50	0	12
0	126	0	77	50	0	8
0	126	0	78	50	0	1
0	126	0	79	50	0	20
0	126	0	80	50	0	7
0	126	0	81	50	0	8
0	126	0	91	50	0	13
0	126	0	92	50	0	8
0	126	0	93	50	0	0
0	126	0	71	49	0	1
0	126	0	73	49	0	1
0	126	0	74	49	0	9
0	126	0	75	49	0	13
0	126	0	76	49	0	11
0	126	0	77	49	0	13
0	126	0	78	49	0	6
0	126	0	79	49	0	0
0	126	0	80	49	0	2
0	126	0	81	49	0	6
0	126	0	82	49	0	9
0	126	0	91	49	0	0
0	126	0	92	49	0	0
0	126	0	73	48	0	1
0	126	0	74	48	0	4
0	126	0	75	48	0	6
0	126	0	76	48	0	0
0	126	0	77	48	0	6
0	126	0	78	48	0	3
0	126	0	79	48	0	0
0	126	0	80	48	0	1
0	126	0	81	48	0	0
0	126	0	92	48	0	1
0	126	0	73	47	0	8
0	126	0	74	47	0	0
0	126	0	75	47	0	1
0	126	0	76	47	0	0
0	126	0	78	47	0	1
0	126	0	79	47	0	2
0	126	0	80	47	0	1
0	126	0	82	47	0	1
0	126	0	74	46	0	0
0	126	0	74	45	0	1
0	127	0	73	71	0	5
0	127	0	74	71	0	2
0	127	0	80	71	0	0
0	127	0	74	70	0	10
0	127	0	75	70	0	11
0	127	0	77	70	0	0
0	127	0	78	70	0	5
0	127	0	79	70	0	3
0	127	0	80	70	0	9
0	127	0	81	70	0	11
0	127	0	71	69	0	13
0	127	0	72	69	0	5
0	127	0	73	69	0	9
0	127	0	74	69	0	8
0	127	0	75	69	0	8
0	127	0	76	69	0	9
0	127	0	77	69	0	6
0	127	0	78	69	0	4
0	127	0	79	69	0	9
0	127	0	80	69	0	1
0	127	0	81	69	0	5
0	127	0	82	69	0	13
0	127	0	68	68	0	12
0	127	0	69	68	0	6
0	127	0	70	68	0	4
0	127	0	71	68	0	12
0	127	0	72	68	0	8
0	127	0	73	68	0	4
0	127	0	74	68	0	6
0	127	0	75	68	0	11
0	127	0	76	68	0	16
0	127	0	77	68	0	9
0	127	0	78	68	0	10
0	127	0	79	68	0	4
0	127	0	80	68	0	8
0	127	0	81	68	0	6
0	127	0	82	68	0	6
0	127	0	83	68	0	7
0	127	0	66	67	0	0
0	127	0	67	67	0	3
0	127	0	68	67	0	7
0	127	0	69	67	0	10
0	127	0	70	67	0	6
0	127	0	71	67	0	5
0	127	0	72	67	0	9
0	127	0	73	67	0	5
0	127	0	74	67	0	1
0	127	0	75	67	0	5
0	127	0	76	67	0	6
0	127	0	77	67	0	9
0	127	0	78	67	0	12
0	127	0	79	67	0	12
0	127	0	81	67	0	6
0	127	0	82	67	0	11
0	127	0	83	67	0	13
0	127	0	84	67	0	4
0	127	0	85	67	0	1
0	127	0	86	67	0	12
0	127	0	66	66	0	4
0	127	0	67	66	0	1
0	127	0	68	66	0	16
0	127	0	69	66	0	12
0	127	0	70	66	0	7
0	127	0	71	66	0	7
0	127	0	72	66	0	6
0	127	0	73	66	0	8
0	127	0	74	66	0	13
0	127	0	75	66	0	8
0	127	0	76	66	0	10
0	127	0	77	66	0	5
0	127	0	78	66	0	3
0	127	0	79	66	0	12
0	127	0	80	66	0	7
0	127	0	81	66	0	13
0	127	0	82	66	0	6
0	127	0	83	66	0	10
0	127	0	84	66	0	8
0	127	0	85	66	0	7
0	127	0	86	66	0	5
0	127	0	87	66	0	5
0	127	0	65	65	0	6
0	127	0	66	65	0	6
0	127	0	67	65	0	6
0	127	0	68	65	0	9
0	127	0	69	65	0	3
0	127	0	70	65	0	12
0	127	0	71	65	0	1
0	127	0	72	65	0	4
0	127	0	73	65	0	7
0	127	0	74	65	0	9
0	127	0	75	65	0	5
0	127	0	76	65	0	6
0	127	0	77	65	0	7
0	127	0	78	65	0	10
0	127	0	79	65	0	7
0	127	0	80	65	0	11
0	127	0	81	65	0	8
0	127	0	82	65	0	9
0	127	0	83	65	0	11
0	127	0	84	65	0	8
0	127	0	85	65	0	4
0	127	0	86	65	0	16
0	127	0	87	65	0	8
0	127	0	65	64	0	1
0	127	0	66	64	0	13
0	127	0	67	64	0	2
0	127	0	68	64	0	3
0	127	0	69	64	0	9
0	127	0	70	64	0	4
0	127	0	71	64	0	0
0	127	0	72	64	0	7
0	127	0	73	64	0	11
0	127	0	74	64	0	11
0	127	0	75	64	0	6
0	127	0	76	64	0	6
0	127	0	77	64	0	12
0	127	0	78	64	0	1
0	127	0	79	64	0	6
0	127	0	80	64	0	9
0	127	0	81	64	0	8
0	127	0	82	64	0	11
0	127	0	83	64	0	14
0	127	0	84	64	0	6
0	127	0	85	64	0	6
0	127	0	86	64	0	7
0	127	0	87	64	0	3
0	127	0	88	64	0	5
0	127	0	89	64	0	13
0	127	0	65	63	0	3
0	127	0	66	63	0	1
0	127	0	67	63	0	4
0	127	0	68	63	0	13
0	127	0	69	63	0	6
0	127	0	70	63	0	12
0	127	0	71	63	0	5
0	127	0	72	63	0	7
0	127	0	73	63	0	14
0	127	0	74	63	0	11
0	127	0	75	63	0	7
0	127	0	76	63	0	13
0	127	0	77	63	0	9
0	127	0	78	63	0	7
0	127	0	79	63	0	8
0	127	0	80	63	0	4
0	127	0	81	63	0	15
0	127	0	82	63	0	5
0	127	0	83	63	0	9
0	127	0	84	63	0	10
0	127	0	85	63	0	3
0	127	0	86	63	0	11
0	127	0	87	63	0	12
0	127	0	88	63	0	3
0	127	0	89	63	0	8
0	127	0	90	63	0	15
0	127	0	66	62	0	11
0	127	0	67	62	0	7
0	127	0	68	62	0	8
0	127	0	69	62	0	12
0	127	0	70	62	0	3
0	127	0	71	62	0	7
0	127	0	72	62	0	4
0	127	0	73	62	0	7
0	127	0	74	62	0	7
0	127	0	75	62	0	8
0	127	0	76	62	0	7
0	127	0	77	62	0	10
0	127	0	78	62	0	6
0	127	0	79	62	0	13
0	127	0	80	62	0	12
0	127	0	81	62	0	7
0	127	0	82	62	0	1
0	127	0	83	62	0	5
0	127	0	84	62	0	4
0	127	0	85	62	0	1
0	127	0	86	62	0	10
0	127	0	87	62	0	12
0	127	0	65	61	0	8
0	127	0	66	61	0	0
0	127	0	67	61	0	6
0	127	0	68	61	0	8
0	127	0	69	61	0	12
0	127	0	70	61	0	6
0	127	0	71	61	0	13
0	127	0	72	61	0	1
0	127	0	73	61	0	3
0	127	0	74	61	0	6
0	127	0	75	61	0	12
0	127	0	76	61	0	9
0	127	0	77	61	0	10
0	127	0	78	61	0	15
0	127	0	79	61	0	4
0	127	0	80	61	0	9
0	127	0	85	61	0	9
0	127	0	65	60	0	4
0	127	0	66	60	0	2
0	127	0	67	60	0	7
0	127	0	68	60	0	12
0	127	0	69	60	0	7
0	127	0	70	60	0	4
0	127	0	71	60	0	7
0	127	0	72	60	0	15
0	127	0	73	60	0	11
0	127	0	74	60	0	9
0	127	0	75	60	0	8
0	127	0	76	60	0	4
0	127	0	78	60	0	7
0	127	0	85	60	0	16
0	127	0	86	60	0	12
0	127	0	88	60	0	5
0	127	0	89	60	0	9
0	127	0	90	60	0	2
0	127	0	91	60	0	0
0	127	0	64	59	0	0
0	127	0	65	59	0	0
0	127	0	66	59	0	3
0	127	0	67	59	0	12
0	127	0	68	59	0	9
0	127	0	71	59	0	7
0	127	0	81	59	0	10
0	127	0	82	59	0	5
0	127	0	83	59	0	8
0	127	0	84	59	0	6
0	127	0	85	59	0	7
0	127	0	86	59	0	11
0	127	0	87	59	0	1
0	127	0	88	59	0	4
0	127	0	89	59	0	10
0	127	0	90	59	0	5
0	127	0	91	59	0	6
0	127	0	79	58	0	8
0	127	0	80	58	0	5
0	127	0	81	58	0	9
0	127	0	82	58	0	3
0	127	0	83	58	0	2
0	127	0	84	58	0	6
0	127	0	85	58	0	8
0	127	0	86	58	0	12
0	127	0	87	58	0	6
0	127	0	88	58	0	7
0	127	0	89	58	0	6
0	127	0	90	58	0	9
0	127	0	91	58	0	4
0	127	0	92	58	0	12
0	127	0	72	57	0	6
0	127	0	73	57	0	5
0	127	0	74	57	0	3
0	127	0	79	57	0	5
0	127	0	80	57	0	5
0	127	0	81	57	0	5
0	127	0	82	57	0	15
0	127	0	83	57	0	7
0	127	0	84	57	0	8
0	127	0	85	57	0	11
0	127	0	86	57	0	11
0	127	0	87	57	0	9
0	127	0	88	57	0	6
0	127	0	89	57	0	9
0	127	0	90	57	0	2
0	127	0	91	57	0	4
0	127	0	92	57	0	8
0	127	0	72	56	0	13
0	127	0	73	56	0	7
0	127	0	74	56	0	4
0	127	0	75	56	0	8
0	127	0	76	56	0	10
0	127	0	77	56	0	5
0	127	0	78	56	0	10
0	127	0	79	56	0	0
0	127	0	80	56	0	10
0	127	0	81	56	0	5
0	127	0	82	56	0	12
0	127	0	83	56	0	6
0	127	0	84	56	0	9
0	127	0	85	56	0	9
0	127	0	86	56	0	3
0	127	0	87	56	0	6
0	127	0	88	56	0	9
0	127	0	89	56	0	11
0	127	0	90	56	0	14
0	127	0	91	56	0	11
0	127	0	92	56	0	12
0	127	0	70	55	0	1
0	127	0	71	55	0	12
0	127	0	72	55	0	8
0	127	0	73	55	0	7
0	127	0	74	55	0	13
0	127	0	75	55	0	8
0	127	0	76	55	0	8
0	127	0	77	55	0	18
0	127	0	78	55	0	6
0	127	0	79	55	0	8
0	127	0	80	55	0	5
0	127	0	81	55	0	19
0	127	0	82	55	0	11
0	127	0	83	55	0	5
0	127	0	84	55	0	4
0	127	0	85	55	0	0
0	127	0	86	55	0	7
0	127	0	87	55	0	10
0	127	0	89	55	0	8
0	127	0	90	55	0	2
0	127	0	91	55	0	12
0	127	0	92	55	0	4
0	127	0	66	54	0	0
0	127	0	67	54	0	1
0	127	0	68	54	0	1
0	127	0	69	54	0	9
0	127	0	70	54	0	6
0	127	0	71	54	0	8
0	127	0	72	54	0	5
0	127	0	73	54	0	8
0	127	0	74	54	0	6
0	127	0	75	54	0	7
0	127	0	76	54	0	9
0	127	0	77	54	0	11
0	127	0	78	54	0	8
0	127	0	79	54	0	4
0	127	0	80	54	0	9
0	127	0	81	54	0	14
0	127	0	82	54	0	6
0	127	0	83	54	0	17
0	127	0	84	54	0	6
0	127	0	85	54	0	1
0	127	0	86	54	0	1
0	127	0	89	54	0	3
0	127	0	90	54	0	5
0	127	0	91	54	0	11
0	127	0	92	54	0	5
0	127	0	93	54	0	6
0	127	0	68	53	0	2
0	127	0	69	53	0	14
0	127	0	70	53	0	6
0	127	0	71	53	0	10
0	127	0	72	53	0	11
0	127	0	73	53	0	12
0	127	0	74	53	0	9
0	127	0	75	53	0	8
0	127	0	76	53	0	8
0	127	0	77	53	0	11
0	127	0	78	53	0	7
0	127	0	79	53	0	7
0	127	0	80	53	0	9
0	127	0	81	53	0	9
0	127	0	82	53	0	7
0	127	0	83	53	0	11
0	127	0	84	53	0	3
0	127	0	85	53	0	0
0	127	0	90	53	0	9
0	127	0	91	53	0	3
0	127	0	92	53	0	8
0	127	0	93	53	0	7
0	127	0	69	52	0	1
0	127	0	70	52	0	6
0	127	0	71	52	0	4
0	127	0	72	52	0	8
0	127	0	73	52	0	10
0	127	0	74	52	0	3
0	127	0	75	52	0	11
0	127	0	76	52	0	4
0	127	0	77	52	0	8
0	127	0	78	52	0	11
0	127	0	79	52	0	16
0	127	0	80	52	0	5
0	127	0	81	52	0	5
0	127	0	82	52	0	14
0	127	0	91	52	0	11
0	127	0	92	52	0	8
0	127	0	93	52	0	3
0	127	0	70	51	0	5
0	127	0	71	51	0	5
0	127	0	72	51	0	6
0	127	0	73	51	0	1
0	127	0	74	51	0	6
0	127	0	75	51	0	8
0	127	0	76	51	0	9
0	127	0	77	51	0	0
0	127	0	78	51	0	11
0	127	0	79	51	0	9
0	127	0	80	51	0	4
0	127	0	81	51	0	7
0	127	0	91	51	0	7
0	127	0	92	51	0	9
0	127	0	93	51	0	14
0	127	0	71	50	0	1
0	127	0	72	50	0	0
0	127	0	73	50	0	5
0	127	0	74	50	0	2
0	127	0	75	50	0	11
0	127	0	76	50	0	8
0	127	0	77	50	0	4
0	127	0	78	50	0	0
0	127	0	79	50	0	11
0	127	0	80	50	0	8
0	127	0	81	50	0	16
0	127	0	91	50	0	16
0	127	0	92	50	0	3
0	127	0	93	50	0	1
0	127	0	71	49	0	1
0	127	0	73	49	0	0
0	127	0	74	49	0	6
0	127	0	75	49	0	13
0	127	0	76	49	0	8
0	127	0	77	49	0	13
0	127	0	78	49	0	3
0	127	0	79	49	0	1
0	127	0	80	49	0	1
0	127	0	81	49	0	4
0	127	0	82	49	0	9
0	127	0	91	49	0	0
0	127	0	92	49	0	0
0	127	0	73	48	0	0
0	127	0	74	48	0	9
0	127	0	75	48	0	8
0	127	0	76	48	0	0
0	127	0	77	48	0	2
0	127	0	78	48	0	3
0	127	0	79	48	0	1
0	127	0	80	48	0	0
0	127	0	81	48	0	1
0	127	0	92	48	0	0
0	127	0	73	47	0	5
0	127	0	74	47	0	0
0	127	0	75	47	0	1
0	127	0	76	47	0	0
0	127	0	78	47	0	2
0	127	0	79	47	0	1
0	127	0	80	47	0	2
0	127	0	82	47	0	1
0	127	0	74	46	0	0
0	127	0	74	45	0	1
0	127	0	79	44	0	1
0	128	0	73	71	0	4
0	128	0	74	71	0	1
0	128	0	80	71	0	0
0	128	0	74	70	0	8
0	128	0	75	70	0	9
0	128	0	77	70	0	1
0	128	0	78	70	0	7
0	128	0	79	70	0	3
0	128	0	80	70	0	4
0	128	0	81	70	0	14
0	128	0	71	69	0	9
0	128	0	72	69	0	2
0	128	0	73	69	0	7
0	128	0	74	69	0	9
0	128	0	75	69	0	9
0	128	0	76	69	0	5
0	128	0	77	69	0	9
0	128	0	78	69	0	3
0	128	0	79	69	0	8
0	128	0	80	69	0	0
0	128	0	81	69	0	3
0	128	0	82	69	0	9
0	128	0	68	68	0	8
0	128	0	69	68	0	6
0	128	0	70	68	0	3
0	128	0	71	68	0	10
0	128	0	72	68	0	5
0	128	0	73	68	0	4
0	128	0	74	68	0	6
0	128	0	75	68	0	9
0	128	0	76	68	0	13
0	128	0	77	68	0	9
0	128	0	78	68	0	11
0	128	0	79	68	0	3
0	128	0	80	68	0	11
0	128	0	81	68	0	5
0	128	0	82	68	0	5
0	128	0	83	68	0	7
0	128	0	66	67	0	0
0	128	0	67	67	0	4
0	128	0	68	67	0	7
0	128	0	69	67	0	14
0	128	0	70	67	0	7
0	128	0	71	67	0	6
0	128	0	72	67	0	5
0	128	0	73	67	0	5
0	128	0	74	67	0	1
0	128	0	75	67	0	5
0	128	0	76	67	0	3
0	128	0	77	67	0	6
0	128	0	78	67	0	12
0	128	0	79	67	0	15
0	128	0	81	67	0	9
0	128	0	82	67	0	7
0	128	0	83	67	0	13
0	128	0	84	67	0	6
0	128	0	85	67	0	1
0	128	0	86	67	0	7
0	128	0	66	66	0	7
0	128	0	67	66	0	3
0	128	0	68	66	0	11
0	128	0	69	66	0	9
0	128	0	70	66	0	12
0	128	0	71	66	0	13
0	128	0	72	66	0	4
0	128	0	73	66	0	5
0	128	0	74	66	0	14
0	128	0	75	66	0	13
0	128	0	76	66	0	9
0	128	0	77	66	0	8
0	128	0	78	66	0	4
0	128	0	79	66	0	9
0	128	0	80	66	0	3
0	128	0	81	66	0	10
0	128	0	82	66	0	6
0	128	0	83	66	0	11
0	128	0	84	66	0	8
0	128	0	85	66	0	4
0	128	0	86	66	0	5
0	128	0	87	66	0	10
0	128	0	64	65	0	1
0	128	0	65	65	0	3
0	128	0	66	65	0	7
0	128	0	67	65	0	4
0	128	0	68	65	0	12
0	128	0	69	65	0	2
0	128	0	70	65	0	11
0	128	0	71	65	0	0
0	128	0	72	65	0	4
0	128	0	73	65	0	7
0	128	0	74	65	0	7
0	128	0	75	65	0	7
0	128	0	76	65	0	6
0	128	0	77	65	0	12
0	128	0	78	65	0	11
0	128	0	79	65	0	5
0	128	0	80	65	0	13
0	128	0	81	65	0	15
0	128	0	82	65	0	12
0	128	0	83	65	0	6
0	128	0	84	65	0	5
0	128	0	85	65	0	1
0	128	0	86	65	0	12
0	128	0	87	65	0	8
0	128	0	65	64	0	2
0	128	0	66	64	0	18
0	128	0	67	64	0	3
0	128	0	68	64	0	2
0	128	0	69	64	0	10
0	128	0	70	64	0	3
0	128	0	71	64	0	0
0	128	0	72	64	0	7
0	128	0	73	64	0	15
0	128	0	74	64	0	8
0	128	0	75	64	0	13
0	128	0	76	64	0	6
0	128	0	77	64	0	14
0	128	0	78	64	0	2
0	128	0	79	64	0	9
0	128	0	80	64	0	15
0	128	0	81	64	0	5
0	128	0	82	64	0	11
0	128	0	83	64	0	12
0	128	0	84	64	0	7
0	128	0	85	64	0	2
0	128	0	86	64	0	12
0	128	0	87	64	0	3
0	128	0	88	64	0	6
0	128	0	89	64	0	9
0	128	0	64	63	0	1
0	128	0	65	63	0	5
0	128	0	66	63	0	1
0	128	0	67	63	0	2
0	128	0	68	63	0	10
0	128	0	69	63	0	3
0	128	0	70	63	0	14
0	128	0	71	63	0	5
0	128	0	72	63	0	11
0	128	0	73	63	0	12
0	128	0	74	63	0	6
0	128	0	75	63	0	11
0	128	0	76	63	0	16
0	128	0	77	63	0	12
0	128	0	78	63	0	12
0	128	0	79	63	0	4
0	128	0	80	63	0	6
0	128	0	81	63	0	7
0	128	0	82	63	0	5
0	128	0	83	63	0	7
0	128	0	84	63	0	9
0	128	0	85	63	0	1
0	128	0	86	63	0	8
0	128	0	87	63	0	8
0	128	0	88	63	0	4
0	128	0	89	63	0	11
0	128	0	90	63	0	6
0	128	0	66	62	0	11
0	128	0	67	62	0	9
0	128	0	68	62	0	8
0	128	0	69	62	0	12
0	128	0	70	62	0	4
0	128	0	71	62	0	14
0	128	0	72	62	0	3
0	128	0	73	62	0	4
0	128	0	74	62	0	12
0	128	0	75	62	0	8
0	128	0	76	62	0	7
0	128	0	77	62	0	8
0	128	0	78	62	0	5
0	128	0	79	62	0	8
0	128	0	80	62	0	13
0	128	0	81	62	0	6
0	128	0	82	62	0	2
0	128	0	83	62	0	1
0	128	0	84	62	0	3
0	128	0	85	62	0	2
0	128	0	86	62	0	8
0	128	0	87	62	0	10
0	128	0	65	61	0	4
0	128	0	66	61	0	1
0	128	0	67	61	0	7
0	128	0	68	61	0	5
0	128	0	69	61	0	10
0	128	0	70	61	0	6
0	128	0	71	61	0	15
0	128	0	72	61	0	1
0	128	0	73	61	0	2
0	128	0	74	61	0	14
0	128	0	75	61	0	8
0	128	0	76	61	0	6
0	128	0	77	61	0	5
0	128	0	78	61	0	12
0	128	0	79	61	0	7
0	128	0	80	61	0	14
0	128	0	85	61	0	11
0	128	0	65	60	0	5
0	128	0	66	60	0	5
0	128	0	67	60	0	4
0	128	0	68	60	0	10
0	128	0	69	60	0	4
0	128	0	70	60	0	4
0	128	0	71	60	0	15
0	128	0	72	60	0	18
0	128	0	73	60	0	10
0	128	0	74	60	0	10
0	128	0	75	60	0	13
0	128	0	76	60	0	7
0	128	0	78	60	0	9
0	128	0	85	60	0	8
0	128	0	86	60	0	9
0	128	0	88	60	0	4
0	128	0	89	60	0	9
0	128	0	90	60	0	4
0	128	0	91	60	0	1
0	128	0	64	59	0	0
0	128	0	65	59	0	0
0	128	0	66	59	0	3
0	128	0	67	59	0	8
0	128	0	68	59	0	6
0	128	0	71	59	0	7
0	128	0	81	59	0	10
0	128	0	82	59	0	2
0	128	0	83	59	0	11
0	128	0	84	59	0	4
0	128	0	85	59	0	13
0	128	0	86	59	0	7
0	128	0	87	59	0	2
0	128	0	88	59	0	5
0	128	0	89	59	0	8
0	128	0	90	59	0	5
0	128	0	91	59	0	6
0	128	0	79	58	0	9
0	128	0	80	58	0	6
0	128	0	81	58	0	9
0	128	0	82	58	0	5
0	128	0	83	58	0	2
0	128	0	84	58	0	8
0	128	0	85	58	0	12
0	128	0	86	58	0	10
0	128	0	87	58	0	6
0	128	0	88	58	0	9
0	128	0	89	58	0	7
0	128	0	90	58	0	8
0	128	0	91	58	0	6
0	128	0	92	58	0	11
0	128	0	72	57	0	8
0	128	0	73	57	0	6
0	128	0	74	57	0	6
0	128	0	79	57	0	8
0	128	0	80	57	0	0
0	128	0	81	57	0	4
0	128	0	82	57	0	15
0	128	0	83	57	0	7
0	128	0	84	57	0	12
0	128	0	85	57	0	12
0	128	0	86	57	0	9
0	128	0	87	57	0	7
0	128	0	88	57	0	5
0	128	0	89	57	0	4
0	128	0	90	57	0	5
0	128	0	91	57	0	9
0	128	0	92	57	0	10
0	128	0	72	56	0	9
0	128	0	73	56	0	7
0	128	0	74	56	0	3
0	128	0	75	56	0	14
0	128	0	76	56	0	12
0	128	0	77	56	0	3
0	128	0	78	56	0	11
0	128	0	79	56	0	1
0	128	0	80	56	0	4
0	128	0	81	56	0	3
0	128	0	82	56	0	8
0	128	0	83	56	0	6
0	128	0	84	56	0	2
0	128	0	85	56	0	6
0	128	0	86	56	0	4
0	128	0	87	56	0	6
0	128	0	88	56	0	7
0	128	0	89	56	0	11
0	128	0	90	56	0	14
0	128	0	91	56	0	9
0	128	0	92	56	0	12
0	128	0	69	55	0	1
0	128	0	70	55	0	3
0	128	0	71	55	0	14
0	128	0	72	55	0	11
0	128	0	73	55	0	4
0	128	0	74	55	0	8
0	128	0	75	55	0	11
0	128	0	76	55	0	4
0	128	0	77	55	0	9
0	128	0	78	55	0	4
0	128	0	79	55	0	9
0	128	0	80	55	0	4
0	128	0	81	55	0	18
0	128	0	82	55	0	6
0	128	0	83	55	0	6
0	128	0	84	55	0	8
0	128	0	85	55	0	0
0	128	0	86	55	0	6
0	128	0	87	55	0	10
0	128	0	89	55	0	4
0	128	0	90	55	0	4
0	128	0	91	55	0	8
0	128	0	92	55	0	4
0	128	0	66	54	0	0
0	128	0	67	54	0	1
0	128	0	68	54	0	1
0	128	0	69	54	0	5
0	128	0	70	54	0	6
0	128	0	71	54	0	9
0	128	0	72	54	0	7
0	128	0	73	54	0	5
0	128	0	74	54	0	5
0	128	0	75	54	0	6
0	128	0	76	54	0	8
0	128	0	77	54	0	13
0	128	0	78	54	0	7
0	128	0	79	54	0	2
0	128	0	80	54	0	6
0	128	0	81	54	0	11
0	128	0	82	54	0	10
0	128	0	83	54	0	18
0	128	0	84	54	0	5
0	128	0	85	54	0	3
0	128	0	86	54	0	0
0	128	0	89	54	0	2
0	128	0	90	54	0	6
0	128	0	91	54	0	10
0	128	0	92	54	0	6
0	128	0	93	54	0	5
0	128	0	68	53	0	0
0	128	0	69	53	0	11
0	128	0	70	53	0	9
0	128	0	71	53	0	12
0	128	0	72	53	0	2
0	128	0	73	53	0	18
0	128	0	74	53	0	5
0	128	0	75	53	0	6
0	128	0	76	53	0	9
0	128	0	77	53	0	6
0	128	0	78	53	0	3
0	128	0	79	53	0	9
0	128	0	80	53	0	6
0	128	0	81	53	0	13
0	128	0	82	53	0	5
0	128	0	83	53	0	12
0	128	0	84	53	0	4
0	128	0	85	53	0	0
0	128	0	90	53	0	9
0	128	0	91	53	0	6
0	128	0	92	53	0	6
0	128	0	93	53	0	8
0	128	0	69	52	0	2
0	128	0	70	52	0	9
0	128	0	71	52	0	4
0	128	0	72	52	0	11
0	128	0	73	52	0	12
0	128	0	74	52	0	7
0	128	0	75	52	0	14
0	128	0	76	52	0	6
0	128	0	77	52	0	9
0	128	0	78	52	0	8
0	128	0	79	52	0	14
0	128	0	80	52	0	5
0	128	0	81	52	0	3
0	128	0	82	52	0	17
0	128	0	91	52	0	13
0	128	0	92	52	0	10
0	128	0	93	52	0	6
0	128	0	70	51	0	10
0	128	0	71	51	0	6
0	128	0	72	51	0	9
0	128	0	73	51	0	1
0	128	0	74	51	0	7
0	128	0	75	51	0	7
0	128	0	76	51	0	9
0	128	0	77	51	0	0
0	128	0	78	51	0	11
0	128	0	79	51	0	12
0	128	0	80	51	0	5
0	128	0	81	51	0	4
0	128	0	91	51	0	14
0	128	0	92	51	0	6
0	128	0	93	51	0	17
0	128	0	71	50	0	1
0	128	0	72	50	0	1
0	128	0	73	50	0	5
0	128	0	74	50	0	2
0	128	0	75	50	0	11
0	128	0	76	50	0	14
0	128	0	77	50	0	3
0	128	0	78	50	0	1
0	128	0	79	50	0	10
0	128	0	80	50	0	3
0	128	0	81	50	0	12
0	128	0	91	50	0	10
0	128	0	92	50	0	10
0	128	0	93	50	0	1
0	128	0	71	49	0	1
0	128	0	73	49	0	0
0	128	0	74	49	0	13
0	128	0	75	49	0	15
0	128	0	76	49	0	5
0	128	0	77	49	0	12
0	128	0	78	49	0	5
0	128	0	79	49	0	2
0	128	0	80	49	0	2
0	128	0	81	49	0	6
0	128	0	82	49	0	4
0	128	0	91	49	0	0
0	128	0	92	49	0	1
0	128	0	73	48	0	0
0	128	0	74	48	0	10
0	128	0	75	48	0	13
0	128	0	76	48	0	0
0	128	0	77	48	0	3
0	128	0	78	48	0	3
0	128	0	79	48	0	1
0	128	0	80	48	0	0
0	128	0	81	48	0	3
0	128	0	82	48	0	1
0	128	0	92	48	0	0
0	128	0	73	47	0	8
0	128	0	74	47	0	2
0	128	0	75	47	0	0
0	128	0	76	47	0	0
0	128	0	77	47	0	1
0	128	0	78	47	0	0
0	128	0	79	47	0	3
0	128	0	80	47	0	1
0	128	0	81	47	0	2
0	128	0	82	47	0	2
0	128	0	74	46	0	0
0	128	0	74	45	0	2
0	128	0	79	44	0	3
0	129	0	73	71	0	2
0	129	0	74	71	0	2
0	129	0	80	71	0	0
0	129	0	74	70	0	3
0	129	0	75	70	0	5
0	129	0	77	70	0	4
0	129	0	78	70	0	7
0	129	0	79	70	0	1
0	129	0	80	70	0	4
0	129	0	81	70	0	22
0	129	0	71	69	0	7
0	129	0	72	69	0	3
0	129	0	73	69	0	9
0	129	0	74	69	0	10
0	129	0	75	69	0	12
0	129	0	76	69	0	2
0	129	0	77	69	0	15
0	129	0	78	69	0	4
0	129	0	79	69	0	5
0	129	0	80	69	0	2
0	129	0	81	69	0	9
0	129	0	82	69	0	8
0	129	0	68	68	0	9
0	129	0	69	68	0	5
0	129	0	70	68	0	2
0	129	0	71	68	0	10
0	129	0	72	68	0	8
0	129	0	73	68	0	9
0	129	0	74	68	0	5
0	129	0	75	68	0	10
0	129	0	76	68	0	14
0	129	0	77	68	0	8
0	129	0	78	68	0	13
0	129	0	79	68	0	4
0	129	0	80	68	0	12
0	129	0	81	68	0	8
0	129	0	82	68	0	4
0	129	0	83	68	0	8
0	129	0	66	67	0	0
0	129	0	67	67	0	5
0	129	0	68	67	0	6
0	129	0	69	67	0	16
0	129	0	70	67	0	6
0	129	0	71	67	0	4
0	129	0	72	67	0	2
0	129	0	73	67	0	7
0	129	0	74	67	0	1
0	129	0	75	67	0	5
0	129	0	76	67	0	4
0	129	0	77	67	0	6
0	129	0	78	67	0	12
0	129	0	81	67	0	11
0	129	0	82	67	0	12
0	129	0	83	67	0	16
0	129	0	84	67	0	10
0	129	0	85	67	0	1
0	129	0	86	67	0	8
0	129	0	66	66	0	6
0	129	0	67	66	0	3
0	129	0	68	66	0	13
0	129	0	69	66	0	4
0	129	0	70	66	0	12
0	129	0	71	66	0	10
0	129	0	72	66	0	5
0	129	0	73	66	0	5
0	129	0	74	66	0	12
0	129	0	75	66	0	15
0	129	0	76	66	0	12
0	129	0	77	66	0	7
0	129	0	78	66	0	7
0	129	0	79	66	0	17
0	129	0	80	66	0	6
0	129	0	81	66	0	9
0	129	0	82	66	0	3
0	129	0	83	66	0	6
0	129	0	84	66	0	12
0	129	0	85	66	0	3
0	129	0	86	66	0	9
0	129	0	87	66	0	9
0	129	0	64	65	0	0
0	129	0	65	65	0	3
0	129	0	66	65	0	8
0	129	0	67	65	0	5
0	129	0	68	65	0	12
0	129	0	69	65	0	5
0	129	0	70	65	0	9
0	129	0	71	65	0	1
0	129	0	72	65	0	7
0	129	0	73	65	0	10
0	129	0	74	65	0	9
0	129	0	75	65	0	9
0	129	0	76	65	0	3
0	129	0	77	65	0	8
0	129	0	78	65	0	10
0	129	0	79	65	0	5
0	129	0	80	65	0	10
0	129	0	81	65	0	11
0	129	0	82	65	0	18
0	129	0	83	65	0	7
0	129	0	84	65	0	6
0	129	0	85	65	0	2
0	129	0	86	65	0	9
0	129	0	87	65	0	5
0	129	0	65	64	0	0
0	129	0	66	64	0	15
0	129	0	67	64	0	4
0	129	0	68	64	0	4
0	129	0	69	64	0	5
0	129	0	70	64	0	3
0	129	0	71	64	0	0
0	129	0	72	64	0	7
0	129	0	73	64	0	8
0	129	0	74	64	0	16
0	129	0	75	64	0	8
0	129	0	76	64	0	4
0	129	0	77	64	0	11
0	129	0	78	64	0	1
0	129	0	79	64	0	11
0	129	0	80	64	0	9
0	129	0	81	64	0	5
0	129	0	82	64	0	16
0	129	0	83	64	0	11
0	129	0	84	64	0	6
0	129	0	85	64	0	3
0	129	0	86	64	0	11
0	129	0	87	64	0	5
0	129	0	88	64	0	5
0	129	0	89	64	0	8
0	129	0	64	63	0	1
0	129	0	65	63	0	3
0	129	0	66	63	0	3
0	129	0	67	63	0	2
0	129	0	68	63	0	10
0	129	0	69	63	0	6
0	129	0	70	63	0	17
0	129	0	71	63	0	7
0	129	0	72	63	0	12
0	129	0	73	63	0	7
0	129	0	74	63	0	7
0	129	0	75	63	0	10
0	129	0	76	63	0	12
0	129	0	77	63	0	8
0	129	0	78	63	0	8
0	129	0	79	63	0	11
0	129	0	80	63	0	3
0	129	0	81	63	0	9
0	129	0	82	63	0	3
0	129	0	83	63	0	8
0	129	0	84	63	0	12
0	129	0	85	63	0	2
0	129	0	86	63	0	12
0	129	0	87	63	0	10
0	129	0	88	63	0	4
0	129	0	89	63	0	7
0	129	0	90	63	0	2
0	129	0	66	62	0	5
0	129	0	67	62	0	8
0	129	0	68	62	0	10
0	129	0	69	62	0	10
0	129	0	70	62	0	5
0	129	0	71	62	0	15
0	129	0	72	62	0	4
0	129	0	73	62	0	4
0	129	0	74	62	0	8
0	129	0	75	62	0	11
0	129	0	76	62	0	6
0	129	0	77	62	0	3
0	129	0	78	62	0	8
0	129	0	79	62	0	3
0	129	0	80	62	0	12
0	129	0	81	62	0	6
0	129	0	82	62	0	1
0	129	0	83	62	0	0
0	129	0	84	62	0	3
0	129	0	85	62	0	5
0	129	0	86	62	0	4
0	129	0	87	62	0	7
0	129	0	65	61	0	7
0	129	0	66	61	0	1
0	129	0	67	61	0	6
0	129	0	68	61	0	12
0	129	0	69	61	0	11
0	129	0	70	61	0	7
0	129	0	71	61	0	16
0	129	0	72	61	0	2
0	129	0	73	61	0	3
0	129	0	74	61	0	14
0	129	0	75	61	0	6
0	129	0	76	61	0	8
0	129	0	77	61	0	7
0	129	0	78	61	0	14
0	129	0	79	61	0	12
0	129	0	80	61	0	17
0	129	0	85	61	0	12
0	129	0	65	60	0	6
0	129	0	66	60	0	4
0	129	0	67	60	0	6
0	129	0	68	60	0	12
0	129	0	69	60	0	6
0	129	0	70	60	0	0
0	129	0	71	60	0	7
0	129	0	72	60	0	8
0	129	0	73	60	0	16
0	129	0	74	60	0	9
0	129	0	75	60	0	16
0	129	0	76	60	0	2
0	129	0	78	60	0	11
0	129	0	85	60	0	5
0	129	0	86	60	0	11
0	129	0	88	60	0	6
0	129	0	89	60	0	10
0	129	0	90	60	0	3
0	129	0	91	60	0	2
0	129	0	64	59	0	0
0	129	0	65	59	0	2
0	129	0	66	59	0	3
0	129	0	67	59	0	5
0	129	0	68	59	0	7
0	129	0	71	59	0	6
0	129	0	81	59	0	14
0	129	0	82	59	0	2
0	129	0	83	59	0	14
0	129	0	84	59	0	8
0	129	0	85	59	0	8
0	129	0	86	59	0	11
0	129	0	87	59	0	3
0	129	0	88	59	0	7
0	129	0	89	59	0	5
0	129	0	90	59	0	11
0	129	0	91	59	0	9
0	129	0	79	58	0	5
0	129	0	80	58	0	4
0	129	0	81	58	0	6
0	129	0	82	58	0	4
0	129	0	83	58	0	5
0	129	0	84	58	0	13
0	129	0	85	58	0	9
0	129	0	86	58	0	8
0	129	0	87	58	0	7
0	129	0	88	58	0	11
0	129	0	89	58	0	8
0	129	0	90	58	0	7
0	129	0	91	58	0	3
0	129	0	92	58	0	14
0	129	0	72	57	0	3
0	129	0	73	57	0	8
0	129	0	74	57	0	8
0	129	0	79	57	0	4
0	129	0	80	57	0	1
0	129	0	81	57	0	4
0	129	0	82	57	0	10
0	129	0	83	57	0	13
0	129	0	84	57	0	6
0	129	0	85	57	0	8
0	129	0	86	57	0	9
0	129	0	87	57	0	9
0	129	0	88	57	0	6
0	129	0	89	57	0	6
0	129	0	90	57	0	7
0	129	0	91	57	0	4
0	129	0	92	57	0	12
0	129	0	72	56	0	5
0	129	0	73	56	0	9
0	129	0	74	56	0	3
0	129	0	75	56	0	8
0	129	0	76	56	0	14
0	129	0	77	56	0	3
0	129	0	78	56	0	14
0	129	0	79	56	0	1
0	129	0	80	56	0	4
0	129	0	81	56	0	1
0	129	0	82	56	0	15
0	129	0	83	56	0	7
0	129	0	84	56	0	3
0	129	0	85	56	0	5
0	129	0	86	56	0	9
0	129	0	87	56	0	7
0	129	0	88	56	0	11
0	129	0	89	56	0	13
0	129	0	90	56	0	20
0	129	0	91	56	0	12
0	129	0	92	56	0	9
0	129	0	69	55	0	1
0	129	0	70	55	0	5
0	129	0	71	55	0	14
0	129	0	72	55	0	10
0	129	0	73	55	0	7
0	129	0	74	55	0	10
0	129	0	75	55	0	18
0	129	0	76	55	0	2
0	129	0	77	55	0	5
0	129	0	78	55	0	6
0	129	0	79	55	0	9
0	129	0	80	55	0	6
0	129	0	81	55	0	13
0	129	0	82	55	0	6
0	129	0	83	55	0	3
0	129	0	84	55	0	5
0	129	0	85	55	0	0
0	129	0	86	55	0	5
0	129	0	87	55	0	9
0	129	0	89	55	0	3
0	129	0	90	55	0	7
0	129	0	91	55	0	9
0	129	0	92	55	0	6
0	129	0	66	54	0	0
0	129	0	67	54	0	1
0	129	0	68	54	0	0
0	129	0	69	54	0	6
0	129	0	70	54	0	9
0	129	0	71	54	0	11
0	129	0	72	54	0	7
0	129	0	73	54	0	8
0	129	0	74	54	0	5
0	129	0	75	54	0	5
0	129	0	76	54	0	8
0	129	0	77	54	0	7
0	129	0	78	54	0	9
0	129	0	79	54	0	3
0	129	0	80	54	0	8
0	129	0	81	54	0	7
0	129	0	82	54	0	12
0	129	0	83	54	0	19
0	129	0	84	54	0	4
0	129	0	85	54	0	3
0	129	0	86	54	0	0
0	129	0	89	54	0	3
0	129	0	90	54	0	9
0	129	0	91	54	0	11
0	129	0	92	54	0	10
0	129	0	93	54	0	6
0	129	0	68	53	0	2
0	129	0	69	53	0	12
0	129	0	70	53	0	6
0	129	0	71	53	0	4
0	129	0	72	53	0	5
0	129	0	73	53	0	14
0	129	0	74	53	0	8
0	129	0	75	53	0	7
0	129	0	76	53	0	6
0	129	0	77	53	0	9
0	129	0	78	53	0	6
0	129	0	79	53	0	10
0	129	0	80	53	0	10
0	129	0	81	53	0	8
0	129	0	82	53	0	6
0	129	0	83	53	0	11
0	129	0	84	53	0	5
0	129	0	85	53	0	0
0	129	0	90	53	0	15
0	129	0	91	53	0	7
0	129	0	92	53	0	9
0	129	0	93	53	0	9
0	129	0	69	52	0	3
0	129	0	70	52	0	6
0	129	0	71	52	0	8
0	129	0	72	52	0	7
0	129	0	73	52	0	10
0	129	0	74	52	0	8
0	129	0	75	52	0	13
0	129	0	76	52	0	4
0	129	0	77	52	0	8
0	129	0	78	52	0	11
0	129	0	79	52	0	4
0	129	0	80	52	0	7
0	129	0	81	52	0	2
0	129	0	82	52	0	13
0	129	0	91	52	0	9
0	129	0	92	52	0	7
0	129	0	93	52	0	6
0	129	0	70	51	0	8
0	129	0	71	51	0	5
0	129	0	72	51	0	12
0	129	0	73	51	0	6
0	129	0	74	51	0	10
0	129	0	75	51	0	10
0	129	0	76	51	0	13
0	129	0	77	51	0	2
0	129	0	78	51	0	11
0	129	0	79	51	0	16
0	129	0	80	51	0	7
0	129	0	81	51	0	2
0	129	0	91	51	0	12
0	129	0	92	51	0	3
0	129	0	93	51	0	11
0	129	0	71	50	0	4
0	129	0	72	50	0	3
0	129	0	73	50	0	12
0	129	0	74	50	0	2
0	129	0	75	50	0	14
0	129	0	76	50	0	12
0	129	0	77	50	0	4
0	129	0	78	50	0	5
0	129	0	79	50	0	10
0	129	0	80	50	0	7
0	129	0	81	50	0	12
0	129	0	91	50	0	10
0	129	0	92	50	0	11
0	129	0	93	50	0	4
0	129	0	71	49	0	0
0	129	0	72	49	0	2
0	129	0	73	49	0	0
0	129	0	74	49	0	10
0	129	0	75	49	0	15
0	129	0	76	49	0	4
0	129	0	77	49	0	8
0	129	0	78	49	0	9
0	129	0	79	49	0	9
0	129	0	80	49	0	4
0	129	0	81	49	0	6
0	129	0	82	49	0	7
0	129	0	91	49	0	0
0	129	0	92	49	0	0
0	129	0	73	48	0	1
0	129	0	74	48	0	8
0	129	0	75	48	0	5
0	129	0	76	48	0	1
0	129	0	77	48	0	2
0	129	0	78	48	0	6
0	129	0	79	48	0	1
0	129	0	80	48	0	0
0	129	0	81	48	0	5
0	129	0	82	48	0	0
0	129	0	92	48	0	0
0	129	0	73	47	0	8
0	129	0	74	47	0	5
0	129	0	75	47	0	2
0	129	0	76	47	0	1
0	129	0	77	47	0	0
0	129	0	78	47	0	0
0	129	0	79	47	0	5
0	129	0	80	47	0	2
0	129	0	81	47	0	2
0	129	0	82	47	0	2
0	129	0	74	46	0	0
0	129	0	74	45	0	6
0	129	0	79	44	0	3
0	130	0	73	71	0	2
0	130	0	74	71	0	3
0	130	0	80	71	0	0
0	130	0	74	70	0	4
0	130	0	75	70	0	5
0	130	0	77	70	0	9
0	130	0	78	70	0	10
0	130	0	79	70	0	2
0	130	0	80	70	0	6
0	130	0	81	70	0	15
0	130	0	71	69	0	6
0	130	0	72	69	0	3
0	130	0	73	69	0	7
0	130	0	74	69	0	11
0	130	0	75	69	0	13
0	130	0	76	69	0	8
0	130	0	77	69	0	17
0	130	0	78	69	0	3
0	130	0	79	69	0	6
0	130	0	80	69	0	9
0	130	0	81	69	0	10
0	130	0	82	69	0	8
0	130	0	68	68	0	9
0	130	0	69	68	0	4
0	130	0	70	68	0	4
0	130	0	71	68	0	12
0	130	0	72	68	0	11
0	130	0	73	68	0	13
0	130	0	74	68	0	3
0	130	0	75	68	0	10
0	130	0	76	68	0	9
0	130	0	77	68	0	15
0	130	0	78	68	0	15
0	130	0	79	68	0	10
0	130	0	80	68	0	12
0	130	0	81	68	0	10
0	130	0	82	68	0	3
0	130	0	83	68	0	5
0	130	0	66	67	0	0
0	130	0	67	67	0	9
0	130	0	68	67	0	8
0	130	0	69	67	0	11
0	130	0	70	67	0	10
0	130	0	71	67	0	7
0	130	0	72	67	0	5
0	130	0	73	67	0	8
0	130	0	74	67	0	2
0	130	0	75	67	0	3
0	130	0	76	67	0	6
0	130	0	77	67	0	7
0	130	0	78	67	0	10
0	130	0	81	67	0	9
0	130	0	82	67	0	10
0	130	0	83	67	0	14
0	130	0	84	67	0	8
0	130	0	85	67	0	1
0	130	0	86	67	0	8
0	130	0	66	66	0	7
0	130	0	67	66	0	3
0	130	0	68	66	0	8
0	130	0	69	66	0	6
0	130	0	70	66	0	8
0	130	0	71	66	0	11
0	130	0	72	66	0	4
0	130	0	73	66	0	6
0	130	0	74	66	0	7
0	130	0	75	66	0	11
0	130	0	76	66	0	10
0	130	0	77	66	0	7
0	130	0	78	66	0	13
0	130	0	79	66	0	13
0	130	0	80	66	0	0
0	130	0	81	66	0	9
0	130	0	83	66	0	9
0	130	0	84	66	0	6
0	130	0	85	66	0	5
0	130	0	86	66	0	10
0	130	0	87	66	0	10
0	130	0	64	65	0	0
0	130	0	65	65	0	6
0	130	0	66	65	0	11
0	130	0	67	65	0	8
0	130	0	68	65	0	14
0	130	0	69	65	0	5
0	130	0	70	65	0	9
0	130	0	71	65	0	3
0	130	0	72	65	0	5
0	130	0	73	65	0	12
0	130	0	74	65	0	12
0	130	0	75	65	0	10
0	130	0	76	65	0	3
0	130	0	77	65	0	6
0	130	0	78	65	0	7
0	130	0	79	65	0	8
0	130	0	80	65	0	11
0	130	0	81	65	0	9
0	130	0	82	65	0	17
0	130	0	83	65	0	13
0	130	0	84	65	0	12
0	130	0	85	65	0	6
0	130	0	86	65	0	6
0	130	0	87	65	0	7
0	130	0	65	64	0	0
0	130	0	66	64	0	14
0	130	0	67	64	0	5
0	130	0	68	64	0	8
0	130	0	69	64	0	10
0	130	0	70	64	0	8
0	130	0	71	64	0	1
0	130	0	72	64	0	4
0	130	0	73	64	0	8
0	130	0	74	64	0	12
0	130	0	75	64	0	8
0	130	0	76	64	0	8
0	130	0	77	64	0	11
0	130	0	78	64	0	2
0	130	0	79	64	0	13
0	130	0	80	64	0	12
0	130	0	81	64	0	7
0	130	0	82	64	0	16
0	130	0	83	64	0	17
0	130	0	84	64	0	11
0	130	0	85	64	0	3
0	130	0	86	64	0	11
0	130	0	87	64	0	5
0	130	0	88	64	0	3
0	130	0	89	64	0	8
0	130	0	64	63	0	2
0	130	0	65	63	0	8
0	130	0	66	63	0	2
0	130	0	67	63	0	3
0	130	0	68	63	0	8
0	130	0	69	63	0	5
0	130	0	70	63	0	11
0	130	0	71	63	0	7
0	130	0	72	63	0	9
0	130	0	73	63	0	12
0	130	0	74	63	0	6
0	130	0	75	63	0	12
0	130	0	76	63	0	14
0	130	0	77	63	0	7
0	130	0	78	63	0	7
0	130	0	79	63	0	9
0	130	0	80	63	0	2
0	130	0	81	63	0	5
0	130	0	82	63	0	1
0	130	0	83	63	0	11
0	130	0	84	63	0	8
0	130	0	85	63	0	4
0	130	0	86	63	0	11
0	130	0	87	63	0	8
0	130	0	88	63	0	6
0	130	0	89	63	0	12
0	130	0	90	63	0	2
0	130	0	66	62	0	5
0	130	0	67	62	0	6
0	130	0	68	62	0	10
0	130	0	69	62	0	12
0	130	0	70	62	0	5
0	130	0	71	62	0	15
0	130	0	72	62	0	7
0	130	0	73	62	0	8
0	130	0	74	62	0	14
0	130	0	75	62	0	10
0	130	0	76	62	0	3
0	130	0	77	62	0	5
0	130	0	78	62	0	7
0	130	0	79	62	0	5
0	130	0	80	62	0	8
0	130	0	81	62	0	6
0	130	0	82	62	0	0
0	130	0	83	62	0	1
0	130	0	84	62	0	5
0	130	0	85	62	0	6
0	130	0	86	62	0	5
0	130	0	87	62	0	10
0	130	0	65	61	0	11
0	130	0	66	61	0	3
0	130	0	67	61	0	13
0	130	0	68	61	0	10
0	130	0	69	61	0	4
0	130	0	70	61	0	8
0	130	0	71	61	0	13
0	130	0	72	61	0	5
0	130	0	73	61	0	3
0	130	0	74	61	0	17
0	130	0	75	61	0	4
0	130	0	76	61	0	12
0	130	0	77	61	0	11
0	130	0	78	61	0	10
0	130	0	79	61	0	19
0	130	0	80	61	0	14
0	130	0	85	61	0	11
0	130	0	65	60	0	3
0	130	0	66	60	0	1
0	130	0	67	60	0	11
0	130	0	68	60	0	14
0	130	0	69	60	0	10
0	130	0	70	60	0	1
0	130	0	71	60	0	8
0	130	0	72	60	0	9
0	130	0	73	60	0	10
0	130	0	74	60	0	7
0	130	0	75	60	0	10
0	130	0	76	60	0	5
0	130	0	78	60	0	7
0	130	0	85	60	0	5
0	130	0	86	60	0	6
0	130	0	88	60	0	11
0	130	0	89	60	0	10
0	130	0	90	60	0	3
0	130	0	91	60	0	4
0	130	0	64	59	0	0
0	130	0	65	59	0	6
0	130	0	66	59	0	4
0	130	0	67	59	0	5
0	130	0	68	59	0	4
0	130	0	71	59	0	9
0	130	0	81	59	0	8
0	130	0	82	59	0	1
0	130	0	83	59	0	9
0	130	0	84	59	0	8
0	130	0	85	59	0	7
0	130	0	86	59	0	13
0	130	0	87	59	0	3
0	130	0	88	59	0	10
0	130	0	89	59	0	7
0	130	0	90	59	0	10
0	130	0	91	59	0	5
0	130	0	79	58	0	5
0	130	0	80	58	0	6
0	130	0	81	58	0	8
0	130	0	82	58	0	5
0	130	0	83	58	0	7
0	130	0	84	58	0	15
0	130	0	85	58	0	11
0	130	0	86	58	0	9
0	130	0	87	58	0	4
0	130	0	88	58	0	9
0	130	0	89	58	0	3
0	130	0	90	58	0	5
0	130	0	91	58	0	6
0	130	0	92	58	0	12
0	130	0	72	57	0	2
0	130	0	73	57	0	3
0	130	0	74	57	0	5
0	130	0	79	57	0	3
0	130	0	80	57	0	0
0	130	0	81	57	0	2
0	130	0	82	57	0	12
0	130	0	83	57	0	14
0	130	0	84	57	0	7
0	130	0	85	57	0	11
0	130	0	86	57	0	7
0	130	0	87	57	0	17
0	130	0	88	57	0	9
0	130	0	89	57	0	9
0	130	0	90	57	0	11
0	130	0	91	57	0	2
0	130	0	92	57	0	7
0	130	0	72	56	0	4
0	130	0	73	56	0	7
0	130	0	74	56	0	3
0	130	0	75	56	0	9
0	130	0	76	56	0	14
0	130	0	77	56	0	3
0	130	0	78	56	0	13
0	130	0	79	56	0	2
0	130	0	80	56	0	7
0	130	0	81	56	0	0
0	130	0	82	56	0	7
0	130	0	83	56	0	5
0	130	0	84	56	0	10
0	130	0	85	56	0	9
0	130	0	86	56	0	11
0	130	0	87	56	0	8
0	130	0	88	56	0	9
0	130	0	89	56	0	11
0	130	0	90	56	0	14
0	130	0	91	56	0	10
0	130	0	92	56	0	2
0	130	0	69	55	0	2
0	130	0	70	55	0	3
0	130	0	71	55	0	8
0	130	0	72	55	0	11
0	130	0	73	55	0	5
0	130	0	74	55	0	9
0	130	0	75	55	0	13
0	130	0	76	55	0	5
0	130	0	77	55	0	3
0	130	0	78	55	0	3
0	130	0	79	55	0	7
0	130	0	80	55	0	7
0	130	0	81	55	0	7
0	130	0	82	55	0	6
0	130	0	83	55	0	4
0	130	0	84	55	0	5
0	130	0	85	55	0	0
0	130	0	86	55	0	5
0	130	0	87	55	0	8
0	130	0	89	55	0	1
0	130	0	90	55	0	4
0	130	0	91	55	0	13
0	130	0	92	55	0	4
0	130	0	66	54	0	0
0	130	0	67	54	0	1
0	130	0	68	54	0	0
0	130	0	69	54	0	6
0	130	0	70	54	0	6
0	130	0	71	54	0	10
0	130	0	72	54	0	10
0	130	0	73	54	0	6
0	130	0	74	54	0	5
0	130	0	75	54	0	5
0	130	0	76	54	0	7
0	130	0	77	54	0	6
0	130	0	78	54	0	7
0	130	0	79	54	0	6
0	130	0	80	54	0	9
0	130	0	81	54	0	11
0	130	0	82	54	0	11
0	130	0	83	54	0	19
0	130	0	84	54	0	3
0	130	0	85	54	0	3
0	130	0	86	54	0	0
0	130	0	89	54	0	2
0	130	0	90	54	0	10
0	130	0	91	54	0	16
0	130	0	92	54	0	7
0	130	0	93	54	0	6
0	130	0	68	53	0	4
0	130	0	69	53	0	11
0	130	0	70	53	0	11
0	130	0	71	53	0	9
0	130	0	72	53	0	7
0	130	0	73	53	0	6
0	130	0	74	53	0	16
0	130	0	75	53	0	7
0	130	0	76	53	0	6
0	130	0	77	53	0	8
0	130	0	78	53	0	5
0	130	0	79	53	0	15
0	130	0	80	53	0	15
0	130	0	81	53	0	13
0	130	0	82	53	0	6
0	130	0	83	53	0	7
0	130	0	84	53	0	2
0	130	0	85	53	0	0
0	130	0	90	53	0	12
0	130	0	91	53	0	10
0	130	0	92	53	0	4
0	130	0	93	53	0	9
0	130	0	69	52	0	3
0	130	0	70	52	0	7
0	130	0	71	52	0	9
0	130	0	72	52	0	5
0	130	0	73	52	0	9
0	130	0	74	52	0	6
0	130	0	75	52	0	12
0	130	0	76	52	0	6
0	130	0	77	52	0	7
0	130	0	78	52	0	9
0	130	0	79	52	0	6
0	130	0	80	52	0	9
0	130	0	81	52	0	5
0	130	0	82	52	0	8
0	130	0	91	52	0	10
0	130	0	92	52	0	6
0	130	0	93	52	0	7
0	130	0	70	51	0	9
0	130	0	71	51	0	6
0	130	0	72	51	0	12
0	130	0	73	51	0	8
0	130	0	74	51	0	8
0	130	0	75	51	0	8
0	130	0	76	51	0	23
0	130	0	77	51	0	2
0	130	0	78	51	0	14
0	130	0	79	51	0	12
0	130	0	80	51	0	9
0	130	0	81	51	0	6
0	130	0	91	51	0	5
0	130	0	92	51	0	6
0	130	0	93	51	0	12
0	130	0	70	50	0	1
0	130	0	71	50	0	3
0	130	0	72	50	0	3
0	130	0	73	50	0	9
0	130	0	74	50	0	1
0	130	0	75	50	0	10
0	130	0	76	50	0	12
0	130	0	77	50	0	8
0	130	0	78	50	0	6
0	130	0	79	50	0	8
0	130	0	80	50	0	16
0	130	0	81	50	0	8
0	130	0	91	50	0	6
0	130	0	92	50	0	8
0	130	0	93	50	0	2
0	130	0	71	49	0	0
0	130	0	72	49	0	4
0	130	0	73	49	0	0
0	130	0	74	49	0	8
0	130	0	75	49	0	5
0	130	0	76	49	0	7
0	130	0	77	49	0	9
0	130	0	78	49	0	8
0	130	0	79	49	0	15
0	130	0	80	49	0	3
0	130	0	81	49	0	8
0	130	0	82	49	0	10
0	130	0	91	49	0	0
0	130	0	92	49	0	1
0	130	0	73	48	0	1
0	130	0	74	48	0	8
0	130	0	75	48	0	4
0	130	0	76	48	0	0
0	130	0	77	48	0	0
0	130	0	78	48	0	3
0	130	0	79	48	0	2
0	130	0	80	48	0	0
0	130	0	81	48	0	6
0	130	0	82	48	0	0
0	130	0	92	48	0	0
0	130	0	73	47	0	12
0	130	0	74	47	0	10
0	130	0	75	47	0	3
0	130	0	76	47	0	1
0	130	0	77	47	0	0
0	130	0	78	47	0	1
0	130	0	79	47	0	10
0	130	0	80	47	0	2
0	130	0	81	47	0	2
0	130	0	82	47	0	4
0	130	0	74	46	0	0
0	130	0	74	45	0	9
0	130	0	79	44	0	4
0	130	0	74	43	0	1
0	131	0	73	71	0	1
0	131	0	74	71	0	3
0	131	0	80	71	0	0
0	131	0	74	70	0	3
0	131	0	75	70	0	5
0	131	0	77	70	0	7
0	131	0	78	70	0	9
0	131	0	79	70	0	4
0	131	0	80	70	0	6
0	131	0	81	70	0	11
0	131	0	71	69	0	10
0	131	0	72	69	0	5
0	131	0	73	69	0	6
0	131	0	74	69	0	13
0	131	0	75	69	0	13
0	131	0	76	69	0	14
0	131	0	77	69	0	22
0	131	0	78	69	0	5
0	131	0	79	69	0	14
0	131	0	80	69	0	5
0	131	0	81	69	0	8
0	131	0	82	69	0	7
0	131	0	68	68	0	7
0	131	0	69	68	0	6
0	131	0	70	68	0	3
0	131	0	71	68	0	12
0	131	0	72	68	0	6
0	131	0	73	68	0	9
0	131	0	74	68	0	3
0	131	0	75	68	0	8
0	131	0	76	68	0	9
0	131	0	77	68	0	4
0	131	0	78	68	0	11
0	131	0	79	68	0	8
0	131	0	80	68	0	9
0	131	0	81	68	0	9
0	131	0	82	68	0	1
0	131	0	83	68	0	4
0	131	0	66	67	0	0
0	131	0	67	67	0	11
0	131	0	68	67	0	8
0	131	0	69	67	0	14
0	131	0	70	67	0	14
0	131	0	71	67	0	12
0	131	0	72	67	0	1
0	131	0	73	67	0	11
0	131	0	74	67	0	5
0	131	0	75	67	0	3
0	131	0	76	67	0	11
0	131	0	77	67	0	6
0	131	0	78	67	0	5
0	131	0	81	67	0	8
0	131	0	82	67	0	8
0	131	0	83	67	0	14
0	131	0	84	67	0	10
0	131	0	85	67	0	2
0	131	0	86	67	0	8
0	131	0	66	66	0	13
0	131	0	67	66	0	1
0	131	0	68	66	0	10
0	131	0	69	66	0	11
0	131	0	70	66	0	8
0	131	0	71	66	0	11
0	131	0	72	66	0	9
0	131	0	73	66	0	10
0	131	0	74	66	0	5
0	131	0	75	66	0	9
0	131	0	76	66	0	11
0	131	0	77	66	0	9
0	131	0	78	66	0	15
0	131	0	79	66	0	10
0	131	0	80	66	0	2
0	131	0	83	66	0	9
0	131	0	84	66	0	3
0	131	0	85	66	0	2
0	131	0	86	66	0	8
0	131	0	87	66	0	5
0	131	0	64	65	0	0
0	131	0	65	65	0	4
0	131	0	66	65	0	12
0	131	0	67	65	0	6
0	131	0	68	65	0	16
0	131	0	69	65	0	5
0	131	0	70	65	0	11
0	131	0	71	65	0	3
0	131	0	72	65	0	7
0	131	0	73	65	0	7
0	131	0	74	65	0	12
0	131	0	75	65	0	8
0	131	0	76	65	0	1
0	131	0	77	65	0	8
0	131	0	78	65	0	8
0	131	0	79	65	0	11
0	131	0	80	65	0	9
0	131	0	81	65	0	9
0	131	0	82	65	0	11
0	131	0	83	65	0	15
0	131	0	84	65	0	13
0	131	0	85	65	0	12
0	131	0	86	65	0	8
0	131	0	87	65	0	6
0	131	0	65	64	0	0
0	131	0	66	64	0	10
0	131	0	67	64	0	9
0	131	0	68	64	0	9
0	131	0	69	64	0	12
0	131	0	70	64	0	10
0	131	0	71	64	0	1
0	131	0	72	64	0	3
0	131	0	73	64	0	8
0	131	0	74	64	0	8
0	131	0	75	64	0	6
0	131	0	76	64	0	12
0	131	0	77	64	0	16
0	131	0	78	64	0	1
0	131	0	79	64	0	12
0	131	0	80	64	0	6
0	131	0	81	64	0	8
0	131	0	82	64	0	13
0	131	0	83	64	0	12
0	131	0	84	64	0	8
0	131	0	85	64	0	5
0	131	0	86	64	0	14
0	131	0	87	64	0	9
0	131	0	88	64	0	5
0	131	0	89	64	0	11
0	131	0	64	63	0	7
0	131	0	65	63	0	6
0	131	0	66	63	0	3
0	131	0	67	63	0	6
0	131	0	68	63	0	8
0	131	0	69	63	0	9
0	131	0	70	63	0	13
0	131	0	71	63	0	10
0	131	0	72	63	0	10
0	131	0	73	63	0	15
0	131	0	74	63	0	9
0	131	0	75	63	0	6
0	131	0	76	63	0	9
0	131	0	77	63	0	8
0	131	0	78	63	0	4
0	131	0	79	63	0	4
0	131	0	80	63	0	3
0	131	0	81	63	0	5
0	131	0	82	63	0	0
0	131	0	83	63	0	8
0	131	0	84	63	0	9
0	131	0	85	63	0	6
0	131	0	86	63	0	16
0	131	0	87	63	0	11
0	131	0	88	63	0	4
0	131	0	89	63	0	13
0	131	0	90	63	0	0
0	131	0	66	62	0	6
0	131	0	67	62	0	11
0	131	0	68	62	0	2
0	131	0	69	62	0	11
0	131	0	70	62	0	5
0	131	0	71	62	0	14
0	131	0	72	62	0	8
0	131	0	73	62	0	8
0	131	0	74	62	0	13
0	131	0	75	62	0	5
0	131	0	76	62	0	7
0	131	0	77	62	0	8
0	131	0	78	62	0	6
0	131	0	79	62	0	6
0	131	0	80	62	0	3
0	131	0	81	62	0	3
0	131	0	82	62	0	0
0	131	0	83	62	0	0
0	131	0	84	62	0	7
0	131	0	85	62	0	6
0	131	0	86	62	0	10
0	131	0	65	61	0	5
0	131	0	66	61	0	4
0	131	0	67	61	0	13
0	131	0	68	61	0	8
0	131	0	69	61	0	6
0	131	0	70	61	0	9
0	131	0	71	61	0	11
0	131	0	72	61	0	7
0	131	0	73	61	0	3
0	131	0	74	61	0	10
0	131	0	75	61	0	9
0	131	0	76	61	0	12
0	131	0	77	61	0	8
0	131	0	78	61	0	9
0	131	0	79	61	0	15
0	131	0	80	61	0	11
0	131	0	85	61	0	12
0	131	0	65	60	0	3
0	131	0	66	60	0	2
0	131	0	67	60	0	4
0	131	0	68	60	0	11
0	131	0	69	60	0	14
0	131	0	70	60	0	3
0	131	0	71	60	0	8
0	131	0	72	60	0	6
0	131	0	73	60	0	9
0	131	0	74	60	0	8
0	131	0	75	60	0	6
0	131	0	76	60	0	3
0	131	0	78	60	0	10
0	131	0	85	60	0	3
0	131	0	86	60	0	7
0	131	0	88	60	0	11
0	131	0	89	60	0	6
0	131	0	90	60	0	1
0	131	0	91	60	0	2
0	131	0	64	59	0	1
0	131	0	65	59	0	5
0	131	0	66	59	0	4
0	131	0	67	59	0	6
0	131	0	68	59	0	3
0	131	0	71	59	0	8
0	131	0	81	59	0	9
0	131	0	82	59	0	0
0	131	0	83	59	0	10
0	131	0	84	59	0	6
0	131	0	85	59	0	11
0	131	0	86	59	0	7
0	131	0	87	59	0	6
0	131	0	88	59	0	17
0	131	0	89	59	0	6
0	131	0	90	59	0	13
0	131	0	91	59	0	3
0	131	0	79	58	0	6
0	131	0	80	58	0	3
0	131	0	81	58	0	9
0	131	0	82	58	0	2
0	131	0	83	58	0	9
0	131	0	84	58	0	8
0	131	0	85	58	0	9
0	131	0	86	58	0	9
0	131	0	87	58	0	6
0	131	0	88	58	0	8
0	131	0	89	58	0	9
0	131	0	90	58	0	6
0	131	0	91	58	0	8
0	131	0	92	58	0	9
0	131	0	72	57	0	2
0	131	0	73	57	0	5
0	131	0	74	57	0	3
0	131	0	79	57	0	4
0	131	0	80	57	0	0
0	131	0	81	57	0	3
0	131	0	82	57	0	10
0	131	0	83	57	0	12
0	131	0	84	57	0	5
0	131	0	85	57	0	7
0	131	0	86	57	0	6
0	131	0	87	57	0	9
0	131	0	88	57	0	7
0	131	0	89	57	0	15
0	131	0	90	57	0	13
0	131	0	91	57	0	2
0	131	0	92	57	0	14
0	131	0	72	56	0	6
0	131	0	73	56	0	7
0	131	0	74	56	0	3
0	131	0	75	56	0	4
0	131	0	76	56	0	7
0	131	0	77	56	0	4
0	131	0	78	56	0	12
0	131	0	79	56	0	2
0	131	0	80	56	0	6
0	131	0	81	56	0	0
0	131	0	82	56	0	5
0	131	0	83	56	0	4
0	131	0	84	56	0	8
0	131	0	85	56	0	8
0	131	0	86	56	0	11
0	131	0	87	56	0	7
0	131	0	88	56	0	9
0	131	0	89	56	0	12
0	131	0	90	56	0	10
0	131	0	91	56	0	9
0	131	0	92	56	0	7
0	131	0	69	55	0	5
0	131	0	70	55	0	4
0	131	0	71	55	0	11
0	131	0	72	55	0	12
0	131	0	73	55	0	7
0	131	0	74	55	0	7
0	131	0	75	55	0	13
0	131	0	76	55	0	11
0	131	0	77	55	0	5
0	131	0	78	55	0	7
0	131	0	79	55	0	14
0	131	0	80	55	0	6
0	131	0	81	55	0	4
0	131	0	82	55	0	5
0	131	0	83	55	0	5
0	131	0	84	55	0	7
0	131	0	85	55	0	1
0	131	0	86	55	0	5
0	131	0	87	55	0	12
0	131	0	89	55	0	1
0	131	0	90	55	0	8
0	131	0	91	55	0	14
0	131	0	92	55	0	4
0	131	0	66	54	0	0
0	131	0	67	54	0	4
0	131	0	68	54	0	0
0	131	0	69	54	0	6
0	131	0	70	54	0	5
0	131	0	71	54	0	12
0	131	0	72	54	0	20
0	131	0	73	54	0	5
0	131	0	74	54	0	5
0	131	0	75	54	0	7
0	131	0	76	54	0	10
0	131	0	77	54	0	5
0	131	0	78	54	0	9
0	131	0	79	54	0	7
0	131	0	80	54	0	12
0	131	0	81	54	0	18
0	131	0	82	54	0	8
0	131	0	83	54	0	12
0	131	0	84	54	0	4
0	131	0	85	54	0	4
0	131	0	86	54	0	1
0	131	0	89	54	0	3
0	131	0	90	54	0	7
0	131	0	91	54	0	13
0	131	0	92	54	0	3
0	131	0	93	54	0	5
0	131	0	68	53	0	6
0	131	0	69	53	0	14
0	131	0	70	53	0	9
0	131	0	71	53	0	10
0	131	0	72	53	0	9
0	131	0	73	53	0	8
0	131	0	74	53	0	9
0	131	0	75	53	0	6
0	131	0	76	53	0	9
0	131	0	77	53	0	6
0	131	0	78	53	0	8
0	131	0	79	53	0	13
0	131	0	80	53	0	15
0	131	0	81	53	0	5
0	131	0	82	53	0	5
0	131	0	83	53	0	13
0	131	0	84	53	0	3
0	131	0	85	53	0	0
0	131	0	90	53	0	9
0	131	0	91	53	0	7
0	131	0	92	53	0	10
0	131	0	93	53	0	10
0	131	0	69	52	0	5
0	131	0	70	52	0	13
0	131	0	71	52	0	12
0	131	0	72	52	0	6
0	131	0	73	52	0	9
0	131	0	74	52	0	11
0	131	0	75	52	0	10
0	131	0	76	52	0	5
0	131	0	77	52	0	6
0	131	0	78	52	0	6
0	131	0	79	52	0	5
0	131	0	80	52	0	7
0	131	0	81	52	0	3
0	131	0	82	52	0	11
0	131	0	91	52	0	6
0	131	0	92	52	0	7
0	131	0	93	52	0	9
0	131	0	70	51	0	9
0	131	0	71	51	0	1
0	131	0	72	51	0	13
0	131	0	73	51	0	5
0	131	0	74	51	0	4
0	131	0	75	51	0	4
0	131	0	76	51	0	18
0	131	0	77	51	0	4
0	131	0	78	51	0	9
0	131	0	79	51	0	11
0	131	0	80	51	0	9
0	131	0	81	51	0	9
0	131	0	91	51	0	7
0	131	0	92	51	0	10
0	131	0	93	51	0	16
0	131	0	70	50	0	1
0	131	0	71	50	0	4
0	131	0	72	50	0	3
0	131	0	73	50	0	11
0	131	0	74	50	0	4
0	131	0	75	50	0	9
0	131	0	76	50	0	14
0	131	0	77	50	0	14
0	131	0	78	50	0	9
0	131	0	79	50	0	11
0	131	0	80	50	0	15
0	131	0	81	50	0	7
0	131	0	91	50	0	7
0	131	0	92	50	0	5
0	131	0	93	50	0	2
0	131	0	71	49	0	0
0	131	0	72	49	0	5
0	131	0	73	49	0	1
0	131	0	74	49	0	5
0	131	0	75	49	0	8
0	131	0	76	49	0	7
0	131	0	77	49	0	5
0	131	0	78	49	0	6
0	131	0	79	49	0	11
0	131	0	80	49	0	2
0	131	0	81	49	0	5
0	131	0	82	49	0	8
0	131	0	91	49	0	0
0	131	0	92	49	0	1
0	131	0	73	48	0	3
0	131	0	74	48	0	3
0	131	0	75	48	0	8
0	131	0	76	48	0	0
0	131	0	77	48	0	1
0	131	0	78	48	0	3
0	131	0	79	48	0	3
0	131	0	80	48	0	1
0	131	0	81	48	0	10
0	131	0	82	48	0	0
0	131	0	92	48	0	0
0	131	0	73	47	0	7
0	131	0	74	47	0	13
0	131	0	75	47	0	8
0	131	0	76	47	0	1
0	131	0	77	47	0	0
0	131	0	78	47	0	1
0	131	0	79	47	0	14
0	131	0	80	47	0	5
0	131	0	81	47	0	4
0	131	0	82	47	0	2
0	131	0	74	46	0	0
0	131	0	74	45	0	3
0	131	0	79	44	0	3
0	131	0	74	43	0	2
0	132	0	73	71	0	0
0	132	0	74	71	0	2
0	132	0	80	71	0	0
0	132	0	74	70	0	3
0	132	0	75	70	0	6
0	132	0	77	70	0	14
0	132	0	78	70	0	7
0	132	0	79	70	0	3
0	132	0	80	70	0	4
0	132	0	81	70	0	6
0	132	0	71	69	0	7
0	132	0	72	69	0	2
0	132	0	73	69	0	4
0	132	0	74	69	0	14
0	132	0	75	69	0	11
0	132	0	76	69	0	6
0	132	0	77	69	0	17
0	132	0	78	69	0	10
0	132	0	79	69	0	8
0	132	0	80	69	0	5
0	132	0	81	69	0	8
0	132	0	82	69	0	10
0	132	0	68	68	0	12
0	132	0	69	68	0	4
0	132	0	70	68	0	5
0	132	0	71	68	0	13
0	132	0	72	68	0	6
0	132	0	73	68	0	8
0	132	0	74	68	0	6
0	132	0	75	68	0	7
0	132	0	76	68	0	5
0	132	0	77	68	0	7
0	132	0	78	68	0	9
0	132	0	79	68	0	5
0	132	0	80	68	0	5
0	132	0	81	68	0	15
0	132	0	82	68	0	5
0	132	0	83	68	0	6
0	132	0	66	67	0	1
0	132	0	67	67	0	9
0	132	0	68	67	0	6
0	132	0	69	67	0	7
0	132	0	70	67	0	11
0	132	0	71	67	0	16
0	132	0	72	67	0	3
0	132	0	73	67	0	12
0	132	0	74	67	0	1
0	132	0	75	67	0	1
0	132	0	76	67	0	15
0	132	0	77	67	0	9
0	132	0	78	67	0	6
0	132	0	81	67	0	14
0	132	0	82	67	0	5
0	132	0	83	67	0	11
0	132	0	84	67	0	9
0	132	0	85	67	0	4
0	132	0	86	67	0	8
0	132	0	65	66	0	2
0	132	0	66	66	0	9
0	132	0	67	66	0	1
0	132	0	68	66	0	15
0	132	0	69	66	0	14
0	132	0	70	66	0	4
0	132	0	71	66	0	7
0	132	0	72	66	0	12
0	132	0	73	66	0	15
0	132	0	74	66	0	3
0	132	0	75	66	0	10
0	132	0	76	66	0	7
0	132	0	77	66	0	8
0	132	0	78	66	0	8
0	132	0	79	66	0	6
0	132	0	80	66	0	3
0	132	0	83	66	0	9
0	132	0	84	66	0	5
0	132	0	85	66	0	4
0	132	0	86	66	0	8
0	132	0	87	66	0	7
0	132	0	64	65	0	0
0	132	0	65	65	0	1
0	132	0	66	65	0	21
0	132	0	67	65	0	6
0	132	0	68	65	0	11
0	132	0	69	65	0	10
0	132	0	70	65	0	9
0	132	0	71	65	0	2
0	132	0	72	65	0	12
0	132	0	73	65	0	4
0	132	0	74	65	0	10
0	132	0	75	65	0	3
0	132	0	76	65	0	1
0	132	0	77	65	0	5
0	132	0	78	65	0	11
0	132	0	79	65	0	10
0	132	0	80	65	0	4
0	132	0	81	65	0	4
0	132	0	82	65	0	16
0	132	0	83	65	0	7
0	132	0	84	65	0	11
0	132	0	85	65	0	13
0	132	0	86	65	0	10
0	132	0	87	65	0	11
0	132	0	65	64	0	0
0	132	0	66	64	0	10
0	132	0	67	64	0	4
0	132	0	68	64	0	10
0	132	0	69	64	0	14
0	132	0	70	64	0	12
0	132	0	71	64	0	1
0	132	0	72	64	0	5
0	132	0	73	64	0	10
0	132	0	74	64	0	11
0	132	0	75	64	0	7
0	132	0	76	64	0	7
0	132	0	77	64	0	13
0	132	0	78	64	0	1
0	132	0	79	64	0	13
0	132	0	80	64	0	4
0	132	0	81	64	0	4
0	132	0	82	64	0	9
0	132	0	83	64	0	12
0	132	0	84	64	0	9
0	132	0	85	64	0	7
0	132	0	86	64	0	10
0	132	0	87	64	0	9
0	132	0	88	64	0	9
0	132	0	89	64	0	12
0	132	0	64	63	0	9
0	132	0	65	63	0	10
0	132	0	66	63	0	3
0	132	0	67	63	0	3
0	132	0	68	63	0	9
0	132	0	69	63	0	9
0	132	0	70	63	0	7
0	132	0	71	63	0	3
0	132	0	72	63	0	8
0	132	0	73	63	0	7
0	132	0	74	63	0	3
0	132	0	75	63	0	11
0	132	0	76	63	0	7
0	132	0	77	63	0	10
0	132	0	78	63	0	8
0	132	0	79	63	0	6
0	132	0	80	63	0	4
0	132	0	81	63	0	7
0	132	0	82	63	0	1
0	132	0	83	63	0	11
0	132	0	84	63	0	11
0	132	0	85	63	0	5
0	132	0	86	63	0	8
0	132	0	87	63	0	12
0	132	0	88	63	0	6
0	132	0	89	63	0	12
0	132	0	90	63	0	1
0	132	0	66	62	0	4
0	132	0	67	62	0	8
0	132	0	68	62	0	3
0	132	0	69	62	0	16
0	132	0	70	62	0	6
0	132	0	71	62	0	9
0	132	0	72	62	0	9
0	132	0	73	62	0	11
0	132	0	74	62	0	14
0	132	0	75	62	0	5
0	132	0	76	62	0	6
0	132	0	77	62	0	10
0	132	0	78	62	0	6
0	132	0	79	62	0	7
0	132	0	80	62	0	5
0	132	0	81	62	0	5
0	132	0	82	62	0	0
0	132	0	83	62	0	2
0	132	0	84	62	0	5
0	132	0	85	62	0	6
0	132	0	86	62	0	10
0	132	0	65	61	0	7
0	132	0	66	61	0	5
0	132	0	67	61	0	11
0	132	0	68	61	0	9
0	132	0	69	61	0	3
0	132	0	70	61	0	10
0	132	0	71	61	0	10
0	132	0	72	61	0	10
0	132	0	73	61	0	4
0	132	0	74	61	0	9
0	132	0	75	61	0	10
0	132	0	76	61	0	6
0	132	0	77	61	0	7
0	132	0	78	61	0	8
0	132	0	79	61	0	11
0	132	0	80	61	0	9
0	132	0	85	61	0	9
0	132	0	65	60	0	5
0	132	0	66	60	0	4
0	132	0	67	60	0	3
0	132	0	68	60	0	10
0	132	0	69	60	0	9
0	132	0	70	60	0	4
0	132	0	71	60	0	5
0	132	0	72	60	0	5
0	132	0	73	60	0	15
0	132	0	74	60	0	7
0	132	0	75	60	0	10
0	132	0	76	60	0	3
0	132	0	78	60	0	10
0	132	0	85	60	0	4
0	132	0	86	60	0	3
0	132	0	88	60	0	14
0	132	0	89	60	0	3
0	132	0	90	60	0	3
0	132	0	91	60	0	1
0	132	0	64	59	0	0
0	132	0	65	59	0	3
0	132	0	66	59	0	3
0	132	0	67	59	0	5
0	132	0	68	59	0	3
0	132	0	71	59	0	7
0	132	0	81	59	0	9
0	132	0	82	59	0	1
0	132	0	83	59	0	18
0	132	0	84	59	0	8
0	132	0	85	59	0	12
0	132	0	86	59	0	4
0	132	0	87	59	0	10
0	132	0	88	59	0	20
0	132	0	89	59	0	9
0	132	0	90	59	0	9
0	132	0	91	59	0	3
0	132	0	79	58	0	3
0	132	0	80	58	0	7
0	132	0	81	58	0	6
0	132	0	82	58	0	4
0	132	0	83	58	0	4
0	132	0	84	58	0	12
0	132	0	85	58	0	9
0	132	0	86	58	0	9
0	132	0	87	58	0	6
0	132	0	88	58	0	11
0	132	0	89	58	0	3
0	132	0	90	58	0	10
0	132	0	91	58	0	8
0	132	0	92	58	0	10
0	132	0	72	57	0	5
0	132	0	73	57	0	6
0	132	0	74	57	0	7
0	132	0	79	57	0	6
0	132	0	80	57	0	2
0	132	0	81	57	0	4
0	132	0	82	57	0	12
0	132	0	83	57	0	11
0	132	0	84	57	0	4
0	132	0	85	57	0	7
0	132	0	86	57	0	4
0	132	0	87	57	0	15
0	132	0	88	57	0	8
0	132	0	89	57	0	19
0	132	0	90	57	0	12
0	132	0	91	57	0	3
0	132	0	92	57	0	16
0	132	0	72	56	0	6
0	132	0	73	56	0	8
0	132	0	74	56	0	7
0	132	0	75	56	0	6
0	132	0	76	56	0	11
0	132	0	77	56	0	5
0	132	0	78	56	0	9
0	132	0	79	56	0	4
0	132	0	80	56	0	10
0	132	0	81	56	0	0
0	132	0	82	56	0	8
0	132	0	83	56	0	5
0	132	0	84	56	0	9
0	132	0	85	56	0	14
0	132	0	86	56	0	13
0	132	0	87	56	0	7
0	132	0	88	56	0	7
0	132	0	89	56	0	12
0	132	0	90	56	0	12
0	132	0	91	56	0	7
0	132	0	92	56	0	7
0	132	0	69	55	0	4
0	132	0	70	55	0	6
0	132	0	71	55	0	8
0	132	0	72	55	0	7
0	132	0	73	55	0	8
0	132	0	74	55	0	9
0	132	0	75	55	0	12
0	132	0	76	55	0	8
0	132	0	77	55	0	6
0	132	0	78	55	0	12
0	132	0	79	55	0	12
0	132	0	80	55	0	7
0	132	0	81	55	0	4
0	132	0	82	55	0	3
0	132	0	83	55	0	2
0	132	0	84	55	0	3
0	132	0	85	55	0	1
0	132	0	86	55	0	7
0	132	0	87	55	0	8
0	132	0	89	55	0	0
0	132	0	90	55	0	7
0	132	0	91	55	0	8
0	132	0	92	55	0	2
0	132	0	66	54	0	0
0	132	0	67	54	0	3
0	132	0	68	54	0	1
0	132	0	69	54	0	3
0	132	0	70	54	0	4
0	132	0	71	54	0	13
0	132	0	72	54	0	8
0	132	0	73	54	0	12
0	132	0	74	54	0	3
0	132	0	75	54	0	11
0	132	0	76	54	0	9
0	132	0	77	54	0	5
0	132	0	78	54	0	5
0	132	0	79	54	0	5
0	132	0	80	54	0	13
0	132	0	81	54	0	15
0	132	0	82	54	0	12
0	132	0	83	54	0	6
0	132	0	84	54	0	7
0	132	0	85	54	0	5
0	132	0	86	54	0	2
0	132	0	89	54	0	4
0	132	0	90	54	0	6
0	132	0	91	54	0	16
0	132	0	92	54	0	6
0	132	0	93	54	0	6
0	132	0	68	53	0	4
0	132	0	69	53	0	14
0	132	0	70	53	0	15
0	132	0	71	53	0	13
0	132	0	72	53	0	5
0	132	0	73	53	0	8
0	132	0	74	53	0	13
0	132	0	75	53	0	10
0	132	0	76	53	0	10
0	132	0	77	53	0	7
0	132	0	78	53	0	5
0	132	0	79	53	0	13
0	132	0	80	53	0	12
0	132	0	81	53	0	8
0	132	0	82	53	0	10
0	132	0	83	53	0	11
0	132	0	84	53	0	5
0	132	0	85	53	0	0
0	132	0	90	53	0	6
0	132	0	91	53	0	5
0	132	0	92	53	0	10
0	132	0	93	53	0	6
0	132	0	69	52	0	6
0	132	0	70	52	0	10
0	132	0	71	52	0	15
0	132	0	72	52	0	5
0	132	0	73	52	0	2
0	132	0	74	52	0	8
0	132	0	75	52	0	11
0	132	0	76	52	0	5
0	132	0	77	52	0	8
0	132	0	78	52	0	11
0	132	0	79	52	0	5
0	132	0	80	52	0	9
0	132	0	81	52	0	10
0	132	0	82	52	0	13
0	132	0	91	52	0	5
0	132	0	92	52	0	8
0	132	0	93	52	0	9
0	132	0	70	51	0	12
0	132	0	71	51	0	2
0	132	0	72	51	0	13
0	132	0	73	51	0	3
0	132	0	74	51	0	6
0	132	0	75	51	0	4
0	132	0	76	51	0	8
0	132	0	77	51	0	5
0	132	0	78	51	0	9
0	132	0	79	51	0	12
0	132	0	80	51	0	10
0	132	0	81	51	0	11
0	132	0	91	51	0	7
0	132	0	92	51	0	10
0	132	0	93	51	0	10
0	132	0	70	50	0	1
0	132	0	71	50	0	5
0	132	0	72	50	0	2
0	132	0	73	50	0	9
0	132	0	74	50	0	6
0	132	0	75	50	0	10
0	132	0	76	50	0	10
0	132	0	77	50	0	17
0	132	0	78	50	0	6
0	132	0	79	50	0	6
0	132	0	80	50	0	13
0	132	0	81	50	0	5
0	132	0	91	50	0	11
0	132	0	92	50	0	4
0	132	0	93	50	0	2
0	132	0	71	49	0	1
0	132	0	72	49	0	7
0	132	0	73	49	0	1
0	132	0	75	49	0	11
0	132	0	76	49	0	11
0	132	0	77	49	0	5
0	132	0	78	49	0	4
0	132	0	79	49	0	7
0	132	0	80	49	0	5
0	132	0	81	49	0	6
0	132	0	82	49	0	6
0	132	0	91	49	0	0
0	132	0	92	49	0	1
0	132	0	73	48	0	1
0	132	0	74	48	0	7
0	132	0	75	48	0	11
0	132	0	76	48	0	0
0	132	0	77	48	0	0
0	132	0	78	48	0	0
0	132	0	79	48	0	1
0	132	0	80	48	0	0
0	132	0	81	48	0	9
0	132	0	82	48	0	0
0	132	0	92	48	0	0
0	132	0	73	47	0	9
0	132	0	74	47	0	14
0	132	0	75	47	0	11
0	132	0	76	47	0	5
0	132	0	77	47	0	1
0	132	0	78	47	0	1
0	132	0	79	47	0	10
0	132	0	80	47	0	4
0	132	0	81	47	0	2
0	132	0	82	47	0	1
0	132	0	74	46	0	0
0	132	0	74	45	0	6
0	132	0	81	45	0	1
0	132	0	79	44	0	1
0	132	0	74	43	0	4
0	132	0	75	41	0	1
0	133	0	73	71	0	0
0	133	0	74	71	0	1
0	133	0	80	71	0	0
0	133	0	74	70	0	1
0	133	0	75	70	0	6
0	133	0	77	70	0	12
0	133	0	78	70	0	10
0	133	0	79	70	0	7
0	133	0	80	70	0	3
0	133	0	81	70	0	12
0	133	0	71	69	0	5
0	133	0	72	69	0	6
0	133	0	73	69	0	9
0	133	0	74	69	0	11
0	133	0	75	69	0	7
0	133	0	76	69	0	6
0	133	0	77	69	0	13
0	133	0	78	69	0	12
0	133	0	79	69	0	5
0	133	0	80	69	0	9
0	133	0	81	69	0	4
0	133	0	82	69	0	13
0	133	0	68	68	0	8
0	133	0	69	68	0	4
0	133	0	70	68	0	7
0	133	0	71	68	0	15
0	133	0	72	68	0	4
0	133	0	73	68	0	6
0	133	0	74	68	0	9
0	133	0	75	68	0	4
0	133	0	76	68	0	9
0	133	0	77	68	0	11
0	133	0	78	68	0	11
0	133	0	79	68	0	9
0	133	0	80	68	0	8
0	133	0	81	68	0	12
0	133	0	82	68	0	4
0	133	0	83	68	0	1
0	133	0	65	67	0	1
0	133	0	66	67	0	4
0	133	0	67	67	0	11
0	133	0	68	67	0	10
0	133	0	69	67	0	5
0	133	0	70	67	0	9
0	133	0	71	67	0	13
0	133	0	72	67	0	3
0	133	0	73	67	0	16
0	133	0	74	67	0	3
0	133	0	75	67	0	4
0	133	0	76	67	0	12
0	133	0	77	67	0	11
0	133	0	78	67	0	10
0	133	0	82	67	0	6
0	133	0	83	67	0	10
0	133	0	84	67	0	11
0	133	0	85	67	0	5
0	133	0	86	67	0	7
0	133	0	65	66	0	2
0	133	0	66	66	0	8
0	133	0	67	66	0	2
0	133	0	68	66	0	11
0	133	0	69	66	0	19
0	133	0	70	66	0	7
0	133	0	71	66	0	7
0	133	0	72	66	0	10
0	133	0	73	66	0	9
0	133	0	74	66	0	5
0	133	0	75	66	0	16
0	133	0	76	66	0	11
0	133	0	77	66	0	13
0	133	0	78	66	0	7
0	133	0	79	66	0	6
0	133	0	80	66	0	3
0	133	0	83	66	0	9
0	133	0	84	66	0	8
0	133	0	85	66	0	7
0	133	0	86	66	0	11
0	133	0	87	66	0	12
0	133	0	64	65	0	0
0	133	0	65	65	0	1
0	133	0	66	65	0	19
0	133	0	67	65	0	10
0	133	0	68	65	0	12
0	133	0	69	65	0	10
0	133	0	70	65	0	11
0	133	0	71	65	0	7
0	133	0	72	65	0	11
0	133	0	73	65	0	4
0	133	0	74	65	0	13
0	133	0	75	65	0	6
0	133	0	76	65	0	1
0	133	0	77	65	0	13
0	133	0	78	65	0	8
0	133	0	79	65	0	12
0	133	0	80	65	0	5
0	133	0	81	65	0	6
0	133	0	82	65	0	10
0	133	0	83	65	0	8
0	133	0	84	65	0	12
0	133	0	85	65	0	9
0	133	0	86	65	0	8
0	133	0	87	65	0	11
0	133	0	64	64	0	1
0	133	0	65	64	0	0
0	133	0	66	64	0	12
0	133	0	67	64	0	6
0	133	0	68	64	0	4
0	133	0	69	64	0	17
0	133	0	70	64	0	5
0	133	0	71	64	0	0
0	133	0	72	64	0	7
0	133	0	73	64	0	14
0	133	0	74	64	0	3
0	133	0	75	64	0	10
0	133	0	76	64	0	6
0	133	0	77	64	0	9
0	133	0	78	64	0	2
0	133	0	79	64	0	11
0	133	0	80	64	0	5
0	133	0	81	64	0	6
0	133	0	82	64	0	8
0	133	0	83	64	0	14
0	133	0	84	64	0	12
0	133	0	85	64	0	9
0	133	0	86	64	0	9
0	133	0	87	64	0	12
0	133	0	88	64	0	5
0	133	0	89	64	0	10
0	133	0	64	63	0	10
0	133	0	65	63	0	8
0	133	0	66	63	0	6
0	133	0	67	63	0	4
0	133	0	68	63	0	6
0	133	0	69	63	0	10
0	133	0	70	63	0	11
0	133	0	71	63	0	3
0	133	0	72	63	0	9
0	133	0	73	63	0	5
0	133	0	74	63	0	2
0	133	0	75	63	0	11
0	133	0	76	63	0	5
0	133	0	77	63	0	12
0	133	0	78	63	0	8
0	133	0	79	63	0	5
0	133	0	80	63	0	5
0	133	0	81	63	0	8
0	133	0	82	63	0	3
0	133	0	83	63	0	6
0	133	0	84	63	0	11
0	133	0	85	63	0	11
0	133	0	86	63	0	11
0	133	0	87	63	0	10
0	133	0	88	63	0	5
0	133	0	89	63	0	8
0	133	0	90	63	0	1
0	133	0	66	62	0	4
0	133	0	67	62	0	12
0	133	0	68	62	0	2
0	133	0	69	62	0	16
0	133	0	70	62	0	7
0	133	0	71	62	0	10
0	133	0	72	62	0	10
0	133	0	73	62	0	5
0	133	0	74	62	0	10
0	133	0	75	62	0	3
0	133	0	76	62	0	13
0	133	0	77	62	0	14
0	133	0	78	62	0	8
0	133	0	79	62	0	9
0	133	0	80	62	0	9
0	133	0	81	62	0	7
0	133	0	82	62	0	0
0	133	0	83	62	0	3
0	133	0	84	62	0	4
0	133	0	85	62	0	4
0	133	0	86	62	0	10
0	133	0	65	61	0	4
0	133	0	66	61	0	8
0	133	0	67	61	0	11
0	133	0	68	61	0	8
0	133	0	69	61	0	5
0	133	0	70	61	0	16
0	133	0	71	61	0	8
0	133	0	72	61	0	10
0	133	0	73	61	0	4
0	133	0	74	61	0	5
0	133	0	75	61	0	15
0	133	0	76	61	0	4
0	133	0	77	61	0	2
0	133	0	78	61	0	8
0	133	0	79	61	0	9
0	133	0	80	61	0	4
0	133	0	85	61	0	8
0	133	0	65	60	0	6
0	133	0	66	60	0	4
0	133	0	67	60	0	2
0	133	0	68	60	0	5
0	133	0	69	60	0	7
0	133	0	70	60	0	3
0	133	0	71	60	0	4
0	133	0	72	60	0	5
0	133	0	73	60	0	8
0	133	0	74	60	0	7
0	133	0	75	60	0	8
0	133	0	76	60	0	5
0	133	0	78	60	0	8
0	133	0	85	60	0	3
0	133	0	86	60	0	2
0	133	0	88	60	0	7
0	133	0	89	60	0	2
0	133	0	90	60	0	1
0	133	0	91	60	0	4
0	133	0	64	59	0	0
0	133	0	65	59	0	4
0	133	0	66	59	0	4
0	133	0	67	59	0	5
0	133	0	68	59	0	3
0	133	0	71	59	0	8
0	133	0	81	59	0	5
0	133	0	82	59	0	2
0	133	0	83	59	0	13
0	133	0	84	59	0	9
0	133	0	85	59	0	15
0	133	0	86	59	0	3
0	133	0	87	59	0	10
0	133	0	88	59	0	22
0	133	0	89	59	0	10
0	133	0	90	59	0	9
0	133	0	91	59	0	5
0	133	0	79	58	0	4
0	133	0	80	58	0	4
0	133	0	81	58	0	7
0	133	0	82	58	0	4
0	133	0	83	58	0	10
0	133	0	84	58	0	9
0	133	0	85	58	0	7
0	133	0	86	58	0	9
0	133	0	87	58	0	10
0	133	0	88	58	0	13
0	133	0	89	58	0	7
0	133	0	90	58	0	10
0	133	0	91	58	0	14
0	133	0	92	58	0	14
0	133	0	72	57	0	6
0	133	0	73	57	0	8
0	133	0	74	57	0	4
0	133	0	79	57	0	7
0	133	0	80	57	0	2
0	133	0	81	57	0	5
0	133	0	82	57	0	18
0	133	0	83	57	0	5
0	133	0	84	57	0	7
0	133	0	85	57	0	9
0	133	0	86	57	0	6
0	133	0	87	57	0	14
0	133	0	88	57	0	5
0	133	0	89	57	0	18
0	133	0	90	57	0	10
0	133	0	91	57	0	2
0	133	0	92	57	0	23
0	133	0	72	56	0	8
0	133	0	73	56	0	5
0	133	0	74	56	0	6
0	133	0	75	56	0	6
0	133	0	76	56	0	7
0	133	0	77	56	0	3
0	133	0	78	56	0	11
0	133	0	79	56	0	6
0	133	0	80	56	0	17
0	133	0	81	56	0	0
0	133	0	82	56	0	3
0	133	0	83	56	0	11
0	133	0	84	56	0	8
0	133	0	85	56	0	9
0	133	0	86	56	0	13
0	133	0	87	56	0	4
0	133	0	88	56	0	12
0	133	0	89	56	0	16
0	133	0	90	56	0	19
0	133	0	91	56	0	9
0	133	0	92	56	0	11
0	133	0	69	55	0	2
0	133	0	70	55	0	7
0	133	0	71	55	0	5
0	133	0	72	55	0	7
0	133	0	73	55	0	8
0	133	0	74	55	0	8
0	133	0	75	55	0	14
0	133	0	76	55	0	8
0	133	0	77	55	0	8
0	133	0	78	55	0	14
0	133	0	79	55	0	15
0	133	0	80	55	0	5
0	133	0	81	55	0	6
0	133	0	82	55	0	7
0	133	0	83	55	0	3
0	133	0	84	55	0	4
0	133	0	85	55	0	4
0	133	0	86	55	0	8
0	133	0	87	55	0	8
0	133	0	89	55	0	2
0	133	0	90	55	0	5
0	133	0	91	55	0	10
0	133	0	92	55	0	0
0	133	0	66	54	0	0
0	133	0	67	54	0	2
0	133	0	68	54	0	2
0	133	0	69	54	0	6
0	133	0	70	54	0	6
0	133	0	71	54	0	12
0	133	0	72	54	0	6
0	133	0	73	54	0	8
0	133	0	74	54	0	3
0	133	0	75	54	0	8
0	133	0	76	54	0	11
0	133	0	77	54	0	8
0	133	0	78	54	0	4
0	133	0	79	54	0	2
0	133	0	80	54	0	10
0	133	0	81	54	0	10
0	133	0	82	54	0	9
0	133	0	83	54	0	9
0	133	0	84	54	0	6
0	133	0	85	54	0	6
0	133	0	86	54	0	2
0	133	0	89	54	0	8
0	133	0	90	54	0	3
0	133	0	91	54	0	12
0	133	0	92	54	0	8
0	133	0	93	54	0	5
0	133	0	68	53	0	4
0	133	0	69	53	0	11
0	133	0	70	53	0	18
0	133	0	71	53	0	8
0	133	0	72	53	0	7
0	133	0	73	53	0	8
0	133	0	74	53	0	6
0	133	0	75	53	0	8
0	133	0	76	53	0	10
0	133	0	77	53	0	6
0	133	0	78	53	0	6
0	133	0	79	53	0	14
0	133	0	80	53	0	11
0	133	0	81	53	0	8
0	133	0	82	53	0	12
0	133	0	83	53	0	9
0	133	0	84	53	0	7
0	133	0	85	53	0	1
0	133	0	90	53	0	6
0	133	0	91	53	0	10
0	133	0	92	53	0	8
0	133	0	93	53	0	6
0	133	0	69	52	0	3
0	133	0	70	52	0	8
0	133	0	71	52	0	9
0	133	0	72	52	0	7
0	133	0	73	52	0	2
0	133	0	74	52	0	6
0	133	0	75	52	0	12
0	133	0	76	52	0	5
0	133	0	77	52	0	11
0	133	0	78	52	0	12
0	133	0	79	52	0	12
0	133	0	80	52	0	7
0	133	0	81	52	0	8
0	133	0	82	52	0	13
0	133	0	91	52	0	5
0	133	0	92	52	0	8
0	133	0	93	52	0	5
0	133	0	70	51	0	18
0	133	0	71	51	0	1
0	133	0	72	51	0	11
0	133	0	73	51	0	4
0	133	0	74	51	0	7
0	133	0	75	51	0	4
0	133	0	76	51	0	9
0	133	0	77	51	0	8
0	133	0	78	51	0	8
0	133	0	79	51	0	12
0	133	0	80	51	0	9
0	133	0	81	51	0	16
0	133	0	91	51	0	10
0	133	0	92	51	0	6
0	133	0	93	51	0	10
0	133	0	70	50	0	2
0	133	0	71	50	0	3
0	133	0	72	50	0	4
0	133	0	73	50	0	9
0	133	0	74	50	0	5
0	133	0	75	50	0	7
0	133	0	76	50	0	10
0	133	0	77	50	0	10
0	133	0	78	50	0	5
0	133	0	79	50	0	9
0	133	0	80	50	0	5
0	133	0	81	50	0	3
0	133	0	91	50	0	8
0	133	0	92	50	0	8
0	133	0	93	50	0	3
0	133	0	71	49	0	2
0	133	0	72	49	0	12
0	133	0	73	49	0	1
0	133	0	75	49	0	11
0	133	0	76	49	0	14
0	133	0	77	49	0	5
0	133	0	78	49	0	4
0	133	0	79	49	0	3
0	133	0	80	49	0	6
0	133	0	81	49	0	7
0	133	0	82	49	0	10
0	133	0	91	49	0	0
0	133	0	92	49	0	2
0	133	0	73	48	0	3
0	133	0	74	48	0	3
0	133	0	76	48	0	1
0	133	0	77	48	0	0
0	133	0	78	48	0	2
0	133	0	79	48	0	1
0	133	0	80	48	0	1
0	133	0	81	48	0	8
0	133	0	82	48	0	0
0	133	0	92	48	0	0
0	133	0	73	47	0	12
0	133	0	74	47	0	11
0	133	0	75	47	0	11
0	133	0	76	47	0	3
0	133	0	77	47	0	1
0	133	0	78	47	0	0
0	133	0	79	47	0	7
0	133	0	80	47	0	1
0	133	0	81	47	0	2
0	133	0	82	47	0	2
0	133	0	74	46	0	0
0	133	0	80	46	0	1
0	133	0	74	45	0	7
0	133	0	81	45	0	2
0	133	0	79	44	0	1
0	133	0	83	44	0	1
0	133	0	74	43	0	6
0	133	0	75	41	0	1
0	134	0	73	71	0	0
0	134	0	74	71	0	0
0	134	0	80	71	0	0
0	134	0	74	70	0	3
0	134	0	75	70	0	5
0	134	0	77	70	0	13
0	134	0	78	70	0	5
0	134	0	79	70	0	3
0	134	0	80	70	0	1
0	134	0	81	70	0	17
0	134	0	71	69	0	8
0	134	0	72	69	0	10
0	134	0	73	69	0	5
0	134	0	74	69	0	11
0	134	0	75	69	0	10
0	134	0	76	69	0	7
0	134	0	77	69	0	15
0	134	0	78	69	0	7
0	134	0	79	69	0	5
0	134	0	80	69	0	9
0	134	0	81	69	0	3
0	134	0	82	69	0	6
0	134	0	68	68	0	7
0	134	0	69	68	0	1
0	134	0	70	68	0	9
0	134	0	71	68	0	10
0	134	0	72	68	0	5
0	134	0	73	68	0	7
0	134	0	74	68	0	14
0	134	0	75	68	0	7
0	134	0	76	68	0	9
0	134	0	77	68	0	15
0	134	0	78	68	0	11
0	134	0	79	68	0	5
0	134	0	80	68	0	4
0	134	0	81	68	0	13
0	134	0	82	68	0	7
0	134	0	83	68	0	1
0	134	0	65	67	0	1
0	134	0	66	67	0	3
0	134	0	67	67	0	6
0	134	0	68	67	0	6
0	134	0	69	67	0	1
0	134	0	70	67	0	6
0	134	0	71	67	0	10
0	134	0	72	67	0	4
0	134	0	73	67	0	14
0	134	0	74	67	0	4
0	134	0	75	67	0	2
0	134	0	76	67	0	13
0	134	0	77	67	0	13
0	134	0	78	67	0	14
0	134	0	82	67	0	5
0	134	0	83	67	0	12
0	134	0	84	67	0	6
0	134	0	85	67	0	4
0	134	0	86	67	0	7
0	134	0	65	66	0	0
0	134	0	66	66	0	12
0	134	0	67	66	0	3
0	134	0	68	66	0	7
0	134	0	69	66	0	18
0	134	0	70	66	0	10
0	134	0	71	66	0	9
0	134	0	72	66	0	9
0	134	0	73	66	0	9
0	134	0	74	66	0	3
0	134	0	75	66	0	19
0	134	0	76	66	0	12
0	134	0	77	66	0	9
0	134	0	78	66	0	7
0	134	0	79	66	0	4
0	134	0	80	66	0	6
0	134	0	83	66	0	10
0	134	0	84	66	0	10
0	134	0	85	66	0	8
0	134	0	86	66	0	5
0	134	0	87	66	0	8
0	134	0	64	65	0	0
0	134	0	65	65	0	4
0	134	0	66	65	0	12
0	134	0	67	65	0	6
0	134	0	68	65	0	11
0	134	0	69	65	0	8
0	134	0	70	65	0	12
0	134	0	71	65	0	4
0	134	0	72	65	0	12
0	134	0	73	65	0	7
0	134	0	74	65	0	13
0	134	0	75	65	0	8
0	134	0	76	65	0	2
0	134	0	77	65	0	13
0	134	0	78	65	0	11
0	134	0	79	65	0	11
0	134	0	80	65	0	8
0	134	0	81	65	0	9
0	134	0	82	65	0	5
0	134	0	83	65	0	5
0	134	0	84	65	0	11
0	134	0	85	65	0	7
0	134	0	86	65	0	13
0	134	0	87	65	0	11
0	134	0	64	64	0	2
0	134	0	65	64	0	0
0	134	0	66	64	0	9
0	134	0	67	64	0	5
0	134	0	68	64	0	10
0	134	0	69	64	0	11
0	134	0	70	64	0	5
0	134	0	71	64	0	1
0	134	0	72	64	0	4
0	134	0	73	64	0	16
0	134	0	74	64	0	3
0	134	0	75	64	0	14
0	134	0	76	64	0	10
0	134	0	77	64	0	10
0	134	0	78	64	0	3
0	134	0	79	64	0	15
0	134	0	80	64	0	5
0	134	0	81	64	0	8
0	134	0	82	64	0	12
0	134	0	83	64	0	11
0	134	0	84	64	0	8
0	134	0	85	64	0	8
0	134	0	86	64	0	11
0	134	0	87	64	0	11
0	134	0	88	64	0	6
0	134	0	89	64	0	11
0	134	0	64	63	0	9
0	134	0	65	63	0	3
0	134	0	66	63	0	10
0	134	0	67	63	0	6
0	134	0	68	63	0	5
0	134	0	69	63	0	10
0	134	0	70	63	0	11
0	134	0	71	63	0	6
0	134	0	72	63	0	9
0	134	0	73	63	0	8
0	134	0	74	63	0	2
0	134	0	75	63	0	10
0	134	0	76	63	0	9
0	134	0	77	63	0	11
0	134	0	78	63	0	13
0	134	0	79	63	0	7
0	134	0	80	63	0	8
0	134	0	81	63	0	5
0	134	0	82	63	0	3
0	134	0	83	63	0	6
0	134	0	84	63	0	4
0	134	0	85	63	0	13
0	134	0	86	63	0	12
0	134	0	87	63	0	12
0	134	0	88	63	0	5
0	134	0	89	63	0	7
0	134	0	90	63	0	1
0	134	0	66	62	0	8
0	134	0	67	62	0	9
0	134	0	68	62	0	3
0	134	0	69	62	0	16
0	134	0	70	62	0	8
0	134	0	71	62	0	17
0	134	0	72	62	0	9
0	134	0	73	62	0	6
0	134	0	74	62	0	11
0	134	0	75	62	0	6
0	134	0	76	62	0	17
0	134	0	77	62	0	13
0	134	0	78	62	0	16
0	134	0	79	62	0	11
0	134	0	80	62	0	9
0	134	0	81	62	0	12
0	134	0	82	62	0	1
0	134	0	83	62	0	9
0	134	0	84	62	0	7
0	134	0	85	62	0	7
0	134	0	86	62	0	14
0	134	0	65	61	0	7
0	134	0	66	61	0	9
0	134	0	67	61	0	17
0	134	0	68	61	0	10
0	134	0	69	61	0	7
0	134	0	70	61	0	12
0	134	0	71	61	0	6
0	134	0	72	61	0	9
0	134	0	73	61	0	10
0	134	0	74	61	0	4
0	134	0	75	61	0	15
0	134	0	76	61	0	7
0	134	0	77	61	0	4
0	134	0	78	61	0	11
0	134	0	79	61	0	12
0	134	0	80	61	0	2
0	134	0	85	61	0	9
0	134	0	65	60	0	8
0	134	0	66	60	0	6
0	134	0	67	60	0	2
0	134	0	68	60	0	9
0	134	0	69	60	0	7
0	134	0	70	60	0	10
0	134	0	71	60	0	5
0	134	0	72	60	0	6
0	134	0	73	60	0	10
0	134	0	74	60	0	4
0	134	0	75	60	0	11
0	134	0	76	60	0	7
0	134	0	78	60	0	6
0	134	0	85	60	0	3
0	134	0	86	60	0	7
0	134	0	88	60	0	5
0	134	0	89	60	0	3
0	134	0	90	60	0	2
0	134	0	91	60	0	4
0	134	0	64	59	0	0
0	134	0	65	59	0	3
0	134	0	66	59	0	7
0	134	0	67	59	0	9
0	134	0	68	59	0	7
0	134	0	71	59	0	7
0	134	0	81	59	0	6
0	134	0	82	59	0	2
0	134	0	83	59	0	11
0	134	0	84	59	0	7
0	134	0	85	59	0	9
0	134	0	86	59	0	3
0	134	0	87	59	0	9
0	134	0	88	59	0	17
0	134	0	89	59	0	10
0	134	0	90	59	0	12
0	134	0	91	59	0	5
0	134	0	80	58	0	6
0	134	0	81	58	0	7
0	134	0	82	58	0	7
0	134	0	83	58	0	18
0	134	0	84	58	0	10
0	134	0	85	58	0	9
0	134	0	86	58	0	6
0	134	0	87	58	0	4
0	134	0	88	58	0	13
0	134	0	89	58	0	9
0	134	0	90	58	0	9
0	134	0	91	58	0	14
0	134	0	92	58	0	16
0	134	0	72	57	0	9
0	134	0	73	57	0	9
0	134	0	74	57	0	4
0	134	0	79	57	0	5
0	134	0	80	57	0	3
0	134	0	81	57	0	4
0	134	0	82	57	0	17
0	134	0	83	57	0	7
0	134	0	84	57	0	8
0	134	0	85	57	0	16
0	134	0	86	57	0	10
0	134	0	87	57	0	7
0	134	0	88	57	0	10
0	134	0	89	57	0	27
0	134	0	90	57	0	7
0	134	0	91	57	0	2
0	134	0	92	57	0	11
0	134	0	72	56	0	13
0	134	0	73	56	0	7
0	134	0	74	56	0	7
0	134	0	75	56	0	8
0	134	0	76	56	0	6
0	134	0	77	56	0	10
0	134	0	78	56	0	8
0	134	0	79	56	0	5
0	134	0	80	56	0	11
0	134	0	81	56	0	0
0	134	0	82	56	0	6
0	134	0	83	56	0	9
0	134	0	84	56	0	10
0	134	0	85	56	0	8
0	134	0	86	56	0	13
0	134	0	87	56	0	7
0	134	0	88	56	0	16
0	134	0	89	56	0	8
0	134	0	90	56	0	16
0	134	0	91	56	0	11
0	134	0	92	56	0	11
0	134	0	69	55	0	5
0	134	0	70	55	0	8
0	134	0	71	55	0	5
0	134	0	72	55	0	11
0	134	0	73	55	0	10
0	134	0	74	55	0	14
0	134	0	75	55	0	10
0	134	0	76	55	0	7
0	134	0	77	55	0	11
0	134	0	78	55	0	16
0	134	0	79	55	0	11
0	134	0	80	55	0	8
0	134	0	81	55	0	9
0	134	0	82	55	0	8
0	134	0	83	55	0	6
0	134	0	84	55	0	6
0	134	0	85	55	0	4
0	134	0	86	55	0	11
0	134	0	87	55	0	10
0	134	0	89	55	0	2
0	134	0	90	55	0	6
0	134	0	91	55	0	9
0	134	0	92	55	0	2
0	134	0	66	54	0	0
0	134	0	67	54	0	2
0	134	0	68	54	0	3
0	134	0	69	54	0	4
0	134	0	70	54	0	8
0	134	0	71	54	0	10
0	134	0	72	54	0	8
0	134	0	73	54	0	8
0	134	0	74	54	0	2
0	134	0	75	54	0	9
0	134	0	76	54	0	13
0	134	0	77	54	0	7
0	134	0	78	54	0	3
0	134	0	79	54	0	1
0	134	0	80	54	0	12
0	134	0	81	54	0	12
0	134	0	82	54	0	15
0	134	0	83	54	0	11
0	134	0	84	54	0	11
0	134	0	85	54	0	6
0	134	0	86	54	0	3
0	134	0	89	54	0	5
0	134	0	90	54	0	7
0	134	0	91	54	0	7
0	134	0	92	54	0	9
0	134	0	93	54	0	3
0	134	0	68	53	0	5
0	134	0	69	53	0	14
0	134	0	70	53	0	13
0	134	0	71	53	0	8
0	134	0	72	53	0	6
0	134	0	73	53	0	8
0	134	0	74	53	0	6
0	134	0	75	53	0	4
0	134	0	76	53	0	13
0	134	0	77	53	0	4
0	134	0	78	53	0	10
0	134	0	79	53	0	7
0	134	0	80	53	0	9
0	134	0	81	53	0	10
0	134	0	82	53	0	11
0	134	0	83	53	0	18
0	134	0	84	53	0	8
0	134	0	85	53	0	0
0	134	0	90	53	0	9
0	134	0	91	53	0	8
0	134	0	92	53	0	6
0	134	0	93	53	0	7
0	134	0	69	52	0	2
0	134	0	70	52	0	10
0	134	0	71	52	0	7
0	134	0	72	52	0	4
0	134	0	73	52	0	3
0	134	0	74	52	0	2
0	134	0	75	52	0	14
0	134	0	76	52	0	4
0	134	0	77	52	0	11
0	134	0	78	52	0	14
0	134	0	79	52	0	17
0	134	0	80	52	0	11
0	134	0	81	52	0	10
0	134	0	82	52	0	12
0	134	0	91	52	0	3
0	134	0	92	52	0	10
0	134	0	93	52	0	4
0	134	0	70	51	0	7
0	134	0	71	51	0	1
0	134	0	72	51	0	15
0	134	0	73	51	0	3
0	134	0	74	51	0	14
0	134	0	75	51	0	2
0	134	0	76	51	0	3
0	134	0	77	51	0	10
0	134	0	78	51	0	17
0	134	0	79	51	0	14
0	134	0	80	51	0	17
0	134	0	81	51	0	8
0	134	0	91	51	0	10
0	134	0	92	51	0	7
0	134	0	93	51	0	3
0	134	0	70	50	0	4
0	134	0	71	50	0	3
0	134	0	72	50	0	3
0	134	0	73	50	0	12
0	134	0	74	50	0	5
0	134	0	75	50	0	10
0	134	0	76	50	0	16
0	134	0	77	50	0	8
0	134	0	78	50	0	11
0	134	0	79	50	0	16
0	134	0	80	50	0	7
0	134	0	81	50	0	3
0	134	0	91	50	0	8
0	134	0	92	50	0	9
0	134	0	93	50	0	2
0	134	0	71	49	0	1
0	134	0	72	49	0	12
0	134	0	73	49	0	1
0	134	0	75	49	0	8
0	134	0	76	49	0	19
0	134	0	77	49	0	4
0	134	0	78	49	0	6
0	134	0	79	49	0	2
0	134	0	80	49	0	7
0	134	0	81	49	0	13
0	134	0	82	49	0	11
0	134	0	91	49	0	0
0	134	0	92	49	0	2
0	134	0	93	49	0	1
0	134	0	73	48	0	5
0	134	0	76	48	0	3
0	134	0	77	48	0	1
0	134	0	78	48	0	2
0	134	0	79	48	0	2
0	134	0	80	48	0	0
0	134	0	81	48	0	8
0	134	0	82	48	0	0
0	134	0	92	48	0	1
0	134	0	73	47	0	6
0	134	0	74	47	0	7
0	134	0	75	47	0	12
0	134	0	76	47	0	3
0	134	0	77	47	0	1
0	134	0	78	47	0	1
0	134	0	79	47	0	7
0	134	0	80	47	0	2
0	134	0	81	47	0	3
0	134	0	82	47	0	2
0	134	0	74	46	0	1
0	134	0	80	46	0	2
0	134	0	74	45	0	12
0	134	0	81	45	0	1
0	134	0	79	44	0	0
0	134	0	82	44	0	1
0	134	0	83	44	0	5
0	134	0	74	43	0	5
0	134	0	74	42	0	1
0	134	0	75	41	0	2
0	135	0	73	71	0	0
0	135	0	74	71	0	0
0	135	0	80	71	0	0
0	135	0	74	70	0	1
0	135	0	75	70	0	4
0	135	0	77	70	0	11
0	135	0	78	70	0	6
0	135	0	79	70	0	3
0	135	0	80	70	0	0
0	135	0	81	70	0	12
0	135	0	71	69	0	8
0	135	0	72	69	0	5
0	135	0	73	69	0	8
0	135	0	74	69	0	16
0	135	0	75	69	0	11
0	135	0	76	69	0	14
0	135	0	77	69	0	15
0	135	0	78	69	0	8
0	135	0	79	69	0	6
0	135	0	80	69	0	8
0	135	0	81	69	0	6
0	135	0	82	69	0	7
0	135	0	68	68	0	5
0	135	0	69	68	0	0
0	135	0	70	68	0	10
0	135	0	71	68	0	8
0	135	0	72	68	0	4
0	135	0	73	68	0	8
0	135	0	74	68	0	19
0	135	0	75	68	0	3
0	135	0	76	68	0	9
0	135	0	77	68	0	7
0	135	0	78	68	0	8
0	135	0	79	68	0	10
0	135	0	80	68	0	6
0	135	0	81	68	0	8
0	135	0	82	68	0	6
0	135	0	83	68	0	0
0	135	0	65	67	0	0
0	135	0	66	67	0	4
0	135	0	67	67	0	9
0	135	0	68	67	0	4
0	135	0	69	67	0	5
0	135	0	70	67	0	8
0	135	0	71	67	0	11
0	135	0	72	67	0	3
0	135	0	73	67	0	18
0	135	0	74	67	0	11
0	135	0	75	67	0	2
0	135	0	76	67	0	9
0	135	0	77	67	0	15
0	135	0	82	67	0	6
0	135	0	83	67	0	6
0	135	0	84	67	0	9
0	135	0	85	67	0	2
0	135	0	86	67	0	10
0	135	0	65	66	0	1
0	135	0	66	66	0	13
0	135	0	67	66	0	5
0	135	0	68	66	0	8
0	135	0	69	66	0	12
0	135	0	70	66	0	11
0	135	0	71	66	0	8
0	135	0	72	66	0	7
0	135	0	73	66	0	5
0	135	0	74	66	0	7
0	135	0	75	66	0	13
0	135	0	76	66	0	5
0	135	0	77	66	0	11
0	135	0	78	66	0	9
0	135	0	79	66	0	4
0	135	0	84	66	0	12
0	135	0	85	66	0	8
0	135	0	86	66	0	6
0	135	0	87	66	0	6
0	135	0	64	65	0	0
0	135	0	65	65	0	6
0	135	0	66	65	0	10
0	135	0	67	65	0	13
0	135	0	68	65	0	12
0	135	0	69	65	0	13
0	135	0	70	65	0	14
0	135	0	71	65	0	2
0	135	0	72	65	0	11
0	135	0	73	65	0	10
0	135	0	74	65	0	15
0	135	0	75	65	0	7
0	135	0	76	65	0	4
0	135	0	77	65	0	6
0	135	0	78	65	0	11
0	135	0	79	65	0	14
0	135	0	80	65	0	10
0	135	0	81	65	0	10
0	135	0	82	65	0	3
0	135	0	83	65	0	6
0	135	0	84	65	0	9
0	135	0	85	65	0	5
0	135	0	86	65	0	9
0	135	0	87	65	0	7
0	135	0	64	64	0	4
0	135	0	65	64	0	0
0	135	0	66	64	0	2
0	135	0	67	64	0	7
0	135	0	68	64	0	14
0	135	0	69	64	0	9
0	135	0	70	64	0	7
0	135	0	71	64	0	2
0	135	0	72	64	0	6
0	135	0	73	64	0	14
0	135	0	74	64	0	5
0	135	0	75	64	0	9
0	135	0	76	64	0	15
0	135	0	77	64	0	14
0	135	0	78	64	0	3
0	135	0	79	64	0	22
0	135	0	80	64	0	4
0	135	0	81	64	0	15
0	135	0	82	64	0	11
0	135	0	83	64	0	13
0	135	0	84	64	0	11
0	135	0	85	64	0	4
0	135	0	86	64	0	7
0	135	0	87	64	0	17
0	135	0	88	64	0	4
0	135	0	89	64	0	17
0	135	0	64	63	0	6
0	135	0	65	63	0	2
0	135	0	66	63	0	9
0	135	0	67	63	0	6
0	135	0	68	63	0	12
0	135	0	69	63	0	11
0	135	0	70	63	0	8
0	135	0	71	63	0	7
0	135	0	72	63	0	10
0	135	0	73	63	0	14
0	135	0	74	63	0	7
0	135	0	75	63	0	11
0	135	0	76	63	0	5
0	135	0	77	63	0	9
0	135	0	78	63	0	12
0	135	0	79	63	0	11
0	135	0	80	63	0	9
0	135	0	81	63	0	9
0	135	0	82	63	0	4
0	135	0	83	63	0	6
0	135	0	84	63	0	5
0	135	0	85	63	0	11
0	135	0	86	63	0	12
0	135	0	87	63	0	8
0	135	0	88	63	0	4
0	135	0	89	63	0	9
0	135	0	90	63	0	1
0	135	0	66	62	0	8
0	135	0	67	62	0	10
0	135	0	68	62	0	2
0	135	0	69	62	0	12
0	135	0	70	62	0	7
0	135	0	71	62	0	13
0	135	0	72	62	0	9
0	135	0	73	62	0	7
0	135	0	74	62	0	10
0	135	0	75	62	0	11
0	135	0	76	62	0	14
0	135	0	77	62	0	9
0	135	0	78	62	0	13
0	135	0	79	62	0	6
0	135	0	80	62	0	12
0	135	0	81	62	0	4
0	135	0	82	62	0	1
0	135	0	83	62	0	8
0	135	0	84	62	0	6
0	135	0	85	62	0	7
0	135	0	65	61	0	7
0	135	0	66	61	0	7
0	135	0	67	61	0	10
0	135	0	68	61	0	3
0	135	0	69	61	0	10
0	135	0	70	61	0	6
0	135	0	71	61	0	5
0	135	0	72	61	0	9
0	135	0	73	61	0	10
0	135	0	74	61	0	4
0	135	0	75	61	0	15
0	135	0	76	61	0	5
0	135	0	77	61	0	6
0	135	0	78	61	0	10
0	135	0	79	61	0	9
0	135	0	80	61	0	1
0	135	0	85	61	0	7
0	135	0	65	60	0	5
0	135	0	66	60	0	9
0	135	0	67	60	0	3
0	135	0	68	60	0	7
0	135	0	69	60	0	6
0	135	0	70	60	0	8
0	135	0	71	60	0	8
0	135	0	72	60	0	5
0	135	0	73	60	0	13
0	135	0	74	60	0	5
0	135	0	75	60	0	14
0	135	0	76	60	0	6
0	135	0	78	60	0	8
0	135	0	85	60	0	5
0	135	0	86	60	0	6
0	135	0	89	60	0	3
0	135	0	90	60	0	5
0	135	0	91	60	0	4
0	135	0	64	59	0	0
0	135	0	65	59	0	8
0	135	0	66	59	0	5
0	135	0	67	59	0	9
0	135	0	68	59	0	7
0	135	0	71	59	0	8
0	135	0	81	59	0	4
0	135	0	83	59	0	12
0	135	0	84	59	0	14
0	135	0	85	59	0	10
0	135	0	86	59	0	5
0	135	0	87	59	0	8
0	135	0	88	59	0	12
0	135	0	89	59	0	5
0	135	0	90	59	0	15
0	135	0	91	59	0	6
0	135	0	80	58	0	4
0	135	0	81	58	0	10
0	135	0	82	58	0	5
0	135	0	83	58	0	16
0	135	0	84	58	0	11
0	135	0	85	58	0	7
0	135	0	86	58	0	4
0	135	0	87	58	0	5
0	135	0	88	58	0	11
0	135	0	89	58	0	16
0	135	0	90	58	0	8
0	135	0	91	58	0	15
0	135	0	92	58	0	17
0	135	0	72	57	0	9
0	135	0	73	57	0	5
0	135	0	74	57	0	0
0	135	0	79	57	0	4
0	135	0	80	57	0	4
0	135	0	81	57	0	5
0	135	0	82	57	0	14
0	135	0	83	57	0	9
0	135	0	84	57	0	10
0	135	0	85	57	0	13
0	135	0	86	57	0	7
0	135	0	87	57	0	2
0	135	0	88	57	0	9
0	135	0	89	57	0	17
0	135	0	90	57	0	9
0	135	0	91	57	0	2
0	135	0	92	57	0	3
0	135	0	72	56	0	15
0	135	0	73	56	0	7
0	135	0	74	56	0	8
0	135	0	75	56	0	8
0	135	0	76	56	0	4
0	135	0	77	56	0	9
0	135	0	78	56	0	9
0	135	0	79	56	0	5
0	135	0	80	56	0	11
0	135	0	81	56	0	0
0	135	0	82	56	0	5
0	135	0	83	56	0	13
0	135	0	84	56	0	16
0	135	0	85	56	0	6
0	135	0	86	56	0	11
0	135	0	87	56	0	12
0	135	0	88	56	0	15
0	135	0	89	56	0	9
0	135	0	90	56	0	15
0	135	0	91	56	0	10
0	135	0	92	56	0	8
0	135	0	69	55	0	4
0	135	0	70	55	0	6
0	135	0	71	55	0	4
0	135	0	72	55	0	6
0	135	0	73	55	0	9
0	135	0	74	55	0	17
0	135	0	75	55	0	10
0	135	0	76	55	0	5
0	135	0	77	55	0	9
0	135	0	78	55	0	11
0	135	0	79	55	0	10
0	135	0	80	55	0	6
0	135	0	81	55	0	8
0	135	0	82	55	0	5
0	135	0	83	55	0	8
0	135	0	84	55	0	4
0	135	0	85	55	0	6
0	135	0	86	55	0	13
0	135	0	87	55	0	10
0	135	0	89	55	0	2
0	135	0	90	55	0	10
0	135	0	91	55	0	7
0	135	0	92	55	0	0
0	135	0	66	54	0	0
0	135	0	67	54	0	0
0	135	0	68	54	0	3
0	135	0	69	54	0	6
0	135	0	70	54	0	6
0	135	0	71	54	0	14
0	135	0	72	54	0	8
0	135	0	73	54	0	6
0	135	0	74	54	0	3
0	135	0	75	54	0	7
0	135	0	76	54	0	15
0	135	0	77	54	0	7
0	135	0	78	54	0	1
0	135	0	79	54	0	3
0	135	0	80	54	0	11
0	135	0	81	54	0	15
0	135	0	82	54	0	11
0	135	0	83	54	0	10
0	135	0	84	54	0	8
0	135	0	85	54	0	3
0	135	0	86	54	0	2
0	135	0	89	54	0	1
0	135	0	90	54	0	9
0	135	0	91	54	0	7
0	135	0	92	54	0	7
0	135	0	93	54	0	3
0	135	0	68	53	0	8
0	135	0	69	53	0	13
0	135	0	70	53	0	10
0	135	0	71	53	0	12
0	135	0	72	53	0	4
0	135	0	73	53	0	8
0	135	0	74	53	0	9
0	135	0	75	53	0	6
0	135	0	76	53	0	10
0	135	0	77	53	0	3
0	135	0	78	53	0	6
0	135	0	79	53	0	10
0	135	0	80	53	0	11
0	135	0	81	53	0	6
0	135	0	82	53	0	17
0	135	0	83	53	0	20
0	135	0	84	53	0	10
0	135	0	85	53	0	2
0	135	0	90	53	0	6
0	135	0	91	53	0	16
0	135	0	92	53	0	12
0	135	0	93	53	0	5
0	135	0	69	52	0	5
0	135	0	70	52	0	11
0	135	0	71	52	0	3
0	135	0	72	52	0	8
0	135	0	73	52	0	4
0	135	0	74	52	0	3
0	135	0	75	52	0	9
0	135	0	76	52	0	4
0	135	0	77	52	0	9
0	135	0	78	52	0	13
0	135	0	79	52	0	20
0	135	0	80	52	0	11
0	135	0	81	52	0	7
0	135	0	82	52	0	13
0	135	0	91	52	0	5
0	135	0	92	52	0	6
0	135	0	93	52	0	6
0	135	0	70	51	0	7
0	135	0	71	51	0	0
0	135	0	72	51	0	9
0	135	0	73	51	0	3
0	135	0	74	51	0	13
0	135	0	75	51	0	8
0	135	0	76	51	0	8
0	135	0	77	51	0	13
0	135	0	78	51	0	16
0	135	0	79	51	0	14
0	135	0	80	51	0	19
0	135	0	81	51	0	8
0	135	0	91	51	0	13
0	135	0	92	51	0	9
0	135	0	93	51	0	1
0	135	0	70	50	0	4
0	135	0	71	50	0	2
0	135	0	72	50	0	7
0	135	0	73	50	0	12
0	135	0	74	50	0	7
0	135	0	75	50	0	7
0	135	0	76	50	0	13
0	135	0	77	50	0	12
0	135	0	78	50	0	8
0	135	0	79	50	0	12
0	135	0	80	50	0	5
0	135	0	81	50	0	0
0	135	0	91	50	0	9
0	135	0	92	50	0	8
0	135	0	93	50	0	3
0	135	0	71	49	0	2
0	135	0	72	49	0	10
0	135	0	73	49	0	4
0	135	0	75	49	0	9
0	135	0	76	49	0	10
0	135	0	77	49	0	8
0	135	0	78	49	0	6
0	135	0	79	49	0	4
0	135	0	80	49	0	9
0	135	0	81	49	0	16
0	135	0	82	49	0	10
0	135	0	91	49	0	0
0	135	0	92	49	0	2
0	135	0	93	49	0	1
0	135	0	73	48	0	5
0	135	0	76	48	0	1
0	135	0	77	48	0	2
0	135	0	78	48	0	3
0	135	0	79	48	0	5
0	135	0	80	48	0	0
0	135	0	81	48	0	6
0	135	0	82	48	0	2
0	135	0	92	48	0	1
0	135	0	73	47	0	4
0	135	0	74	47	0	6
0	135	0	75	47	0	6
0	135	0	76	47	0	2
0	135	0	77	47	0	0
0	135	0	78	47	0	1
0	135	0	79	47	0	10
0	135	0	80	47	0	2
0	135	0	81	47	0	1
0	135	0	82	47	0	2
0	135	0	74	46	0	3
0	135	0	80	46	0	2
0	135	0	74	45	0	4
0	135	0	81	45	0	1
0	135	0	79	44	0	0
0	135	0	82	44	0	2
0	135	0	83	44	0	9
0	135	0	74	43	0	5
0	135	0	74	42	0	0
0	135	0	75	41	0	2
0	136	0	73	71	0	0
0	136	0	74	71	0	0
0	136	0	80	71	0	0
0	136	0	74	70	0	1
0	136	0	75	70	0	5
0	136	0	77	70	0	12
0	136	0	78	70	0	7
0	136	0	79	70	0	4
0	136	0	80	70	0	0
0	136	0	81	70	0	4
0	136	0	71	69	0	7
0	136	0	72	69	0	5
0	136	0	73	69	0	11
0	136	0	74	69	0	17
0	136	0	75	69	0	12
0	136	0	76	69	0	11
0	136	0	77	69	0	18
0	136	0	78	69	0	10
0	136	0	79	69	0	8
0	136	0	80	69	0	8
0	136	0	81	69	0	9
0	136	0	82	69	0	8
0	136	0	68	68	0	5
0	136	0	69	68	0	0
0	136	0	70	68	0	12
0	136	0	71	68	0	11
0	136	0	72	68	0	6
0	136	0	73	68	0	5
0	136	0	74	68	0	18
0	136	0	75	68	0	6
0	136	0	76	68	0	6
0	136	0	77	68	0	16
0	136	0	78	68	0	6
0	136	0	79	68	0	13
0	136	0	80	68	0	9
0	136	0	81	68	0	10
0	136	0	82	68	0	6
0	136	0	83	68	0	0
0	136	0	65	67	0	1
0	136	0	66	67	0	3
0	136	0	67	67	0	5
0	136	0	68	67	0	11
0	136	0	69	67	0	7
0	136	0	70	67	0	8
0	136	0	71	67	0	16
0	136	0	72	67	0	3
0	136	0	73	67	0	15
0	136	0	74	67	0	13
0	136	0	75	67	0	2
0	136	0	76	67	0	11
0	136	0	77	67	0	21
0	136	0	82	67	0	8
0	136	0	83	67	0	4
0	136	0	84	67	0	8
0	136	0	85	67	0	5
0	136	0	86	67	0	14
0	136	0	65	66	0	2
0	136	0	66	66	0	9
0	136	0	67	66	0	7
0	136	0	68	66	0	8
0	136	0	69	66	0	8
0	136	0	70	66	0	11
0	136	0	71	66	0	6
0	136	0	72	66	0	4
0	136	0	73	66	0	1
0	136	0	74	66	0	2
0	136	0	75	66	0	10
0	136	0	76	66	0	7
0	136	0	77	66	0	14
0	136	0	78	66	0	7
0	136	0	79	66	0	5
0	136	0	84	66	0	13
0	136	0	85	66	0	6
0	136	0	86	66	0	13
0	136	0	87	66	0	5
0	136	0	64	65	0	0
0	136	0	65	65	0	6
0	136	0	66	65	0	14
0	136	0	67	65	0	12
0	136	0	68	65	0	10
0	136	0	69	65	0	13
0	136	0	70	65	0	8
0	136	0	71	65	0	4
0	136	0	72	65	0	12
0	136	0	73	65	0	7
0	136	0	74	65	0	11
0	136	0	75	65	0	14
0	136	0	76	65	0	4
0	136	0	77	65	0	13
0	136	0	78	65	0	12
0	136	0	79	65	0	16
0	136	0	80	65	0	4
0	136	0	81	65	0	7
0	136	0	82	65	0	7
0	136	0	83	65	0	9
0	136	0	84	65	0	10
0	136	0	85	65	0	2
0	136	0	86	65	0	5
0	136	0	87	65	0	8
0	136	0	64	64	0	6
0	136	0	65	64	0	2
0	136	0	66	64	0	3
0	136	0	67	64	0	4
0	136	0	68	64	0	14
0	136	0	69	64	0	4
0	136	0	70	64	0	9
0	136	0	71	64	0	1
0	136	0	72	64	0	5
0	136	0	73	64	0	12
0	136	0	74	64	0	11
0	136	0	75	64	0	9
0	136	0	76	64	0	9
0	136	0	77	64	0	8
0	136	0	78	64	0	2
0	136	0	79	64	0	14
0	136	0	80	64	0	6
0	136	0	81	64	0	11
0	136	0	82	64	0	9
0	136	0	83	64	0	11
0	136	0	84	64	0	13
0	136	0	85	64	0	2
0	136	0	86	64	0	9
0	136	0	87	64	0	8
0	136	0	88	64	0	5
0	136	0	89	64	0	17
0	136	0	64	63	0	2
0	136	0	65	63	0	3
0	136	0	66	63	0	14
0	136	0	67	63	0	8
0	136	0	68	63	0	11
0	136	0	69	63	0	10
0	136	0	70	63	0	9
0	136	0	71	63	0	6
0	136	0	72	63	0	13
0	136	0	73	63	0	12
0	136	0	74	63	0	10
0	136	0	75	63	0	15
0	136	0	76	63	0	9
0	136	0	77	63	0	11
0	136	0	78	63	0	22
0	136	0	79	63	0	11
0	136	0	80	63	0	13
0	136	0	81	63	0	9
0	136	0	82	63	0	9
0	136	0	83	63	0	5
0	136	0	84	63	0	4
0	136	0	85	63	0	9
0	136	0	86	63	0	13
0	136	0	87	63	0	8
0	136	0	88	63	0	2
0	136	0	89	63	0	7
0	136	0	90	63	0	3
0	136	0	66	62	0	7
0	136	0	67	62	0	7
0	136	0	68	62	0	3
0	136	0	69	62	0	14
0	136	0	70	62	0	10
0	136	0	71	62	0	8
0	136	0	72	62	0	15
0	136	0	73	62	0	12
0	136	0	74	62	0	6
0	136	0	75	62	0	10
0	136	0	76	62	0	14
0	136	0	77	62	0	9
0	136	0	78	62	0	19
0	136	0	79	62	0	8
0	136	0	80	62	0	13
0	136	0	81	62	0	6
0	136	0	82	62	0	3
0	136	0	83	62	0	5
0	136	0	84	62	0	9
0	136	0	85	62	0	10
0	136	0	65	61	0	9
0	136	0	66	61	0	13
0	136	0	67	61	0	8
0	136	0	68	61	0	4
0	136	0	69	61	0	11
0	136	0	70	61	0	8
0	136	0	71	61	0	3
0	136	0	72	61	0	6
0	136	0	73	61	0	6
0	136	0	74	61	0	6
0	136	0	75	61	0	17
0	136	0	76	61	0	6
0	136	0	77	61	0	7
0	136	0	78	61	0	7
0	136	0	79	61	0	7
0	136	0	80	61	0	4
0	136	0	85	61	0	3
0	136	0	65	60	0	7
0	136	0	66	60	0	8
0	136	0	67	60	0	4
0	136	0	68	60	0	8
0	136	0	69	60	0	4
0	136	0	70	60	0	10
0	136	0	71	60	0	6
0	136	0	72	60	0	5
0	136	0	73	60	0	12
0	136	0	74	60	0	9
0	136	0	75	60	0	13
0	136	0	76	60	0	8
0	136	0	78	60	0	12
0	136	0	85	60	0	10
0	136	0	86	60	0	7
0	136	0	89	60	0	8
0	136	0	90	60	0	5
0	136	0	91	60	0	7
0	136	0	64	59	0	1
0	136	0	65	59	0	8
0	136	0	66	59	0	8
0	136	0	67	59	0	5
0	136	0	68	59	0	4
0	136	0	81	59	0	4
0	136	0	83	59	0	10
0	136	0	84	59	0	10
0	136	0	85	59	0	9
0	136	0	86	59	0	12
0	136	0	87	59	0	7
0	136	0	88	59	0	14
0	136	0	89	59	0	5
0	136	0	90	59	0	12
0	136	0	91	59	0	5
0	136	0	80	58	0	3
0	136	0	81	58	0	8
0	136	0	82	58	0	9
0	136	0	83	58	0	9
0	136	0	84	58	0	12
0	136	0	85	58	0	6
0	136	0	86	58	0	8
0	136	0	87	58	0	7
0	136	0	88	58	0	7
0	136	0	89	58	0	9
0	136	0	90	58	0	10
0	136	0	91	58	0	16
0	136	0	92	58	0	12
0	136	0	72	57	0	9
0	136	0	73	57	0	3
0	136	0	74	57	0	0
0	136	0	79	57	0	4
0	136	0	80	57	0	4
0	136	0	81	57	0	6
0	136	0	82	57	0	13
0	136	0	83	57	0	9
0	136	0	84	57	0	9
0	136	0	85	57	0	10
0	136	0	86	57	0	6
0	136	0	87	57	0	2
0	136	0	88	57	0	7
0	136	0	89	57	0	13
0	136	0	90	57	0	14
0	136	0	91	57	0	4
0	136	0	92	57	0	3
0	136	0	72	56	0	11
0	136	0	73	56	0	9
0	136	0	74	56	0	11
0	136	0	75	56	0	6
0	136	0	76	56	0	1
0	136	0	77	56	0	5
0	136	0	78	56	0	5
0	136	0	79	56	0	5
0	136	0	80	56	0	12
0	136	0	81	56	0	2
0	136	0	82	56	0	11
0	136	0	83	56	0	11
0	136	0	84	56	0	10
0	136	0	85	56	0	8
0	136	0	86	56	0	6
0	136	0	87	56	0	9
0	136	0	88	56	0	8
0	136	0	89	56	0	8
0	136	0	90	56	0	14
0	136	0	91	56	0	7
0	136	0	92	56	0	9
0	136	0	68	55	0	1
0	136	0	69	55	0	7
0	136	0	70	55	0	9
0	136	0	71	55	0	5
0	136	0	72	55	0	12
0	136	0	73	55	0	6
0	136	0	74	55	0	14
0	136	0	75	55	0	11
0	136	0	76	55	0	5
0	136	0	77	55	0	11
0	136	0	78	55	0	13
0	136	0	79	55	0	8
0	136	0	80	55	0	7
0	136	0	81	55	0	8
0	136	0	82	55	0	4
0	136	0	83	55	0	9
0	136	0	84	55	0	6
0	136	0	85	55	0	9
0	136	0	86	55	0	11
0	136	0	87	55	0	5
0	136	0	89	55	0	1
0	136	0	90	55	0	10
0	136	0	91	55	0	9
0	136	0	92	55	0	0
0	136	0	66	54	0	0
0	136	0	67	54	0	0
0	136	0	68	54	0	4
0	136	0	69	54	0	10
0	136	0	70	54	0	5
0	136	0	71	54	0	6
0	136	0	72	54	0	14
0	136	0	73	54	0	7
0	136	0	74	54	0	6
0	136	0	75	54	0	9
0	136	0	76	54	0	10
0	136	0	77	54	0	9
0	136	0	78	54	0	0
0	136	0	79	54	0	9
0	136	0	80	54	0	11
0	136	0	81	54	0	17
0	136	0	82	54	0	14
0	136	0	83	54	0	10
0	136	0	84	54	0	7
0	136	0	85	54	0	7
0	136	0	86	54	0	3
0	136	0	89	54	0	3
0	136	0	90	54	0	3
0	136	0	91	54	0	10
0	136	0	92	54	0	5
0	136	0	93	54	0	3
0	136	0	68	53	0	12
0	136	0	69	53	0	17
0	136	0	70	53	0	2
0	136	0	71	53	0	10
0	136	0	72	53	0	3
0	136	0	73	53	0	8
0	136	0	74	53	0	8
0	136	0	75	53	0	4
0	136	0	76	53	0	8
0	136	0	77	53	0	8
0	136	0	78	53	0	10
0	136	0	79	53	0	13
0	136	0	80	53	0	8
0	136	0	81	53	0	11
0	136	0	82	53	0	11
0	136	0	83	53	0	9
0	136	0	84	53	0	7
0	136	0	85	53	0	5
0	136	0	90	53	0	4
0	136	0	91	53	0	11
0	136	0	92	53	0	11
0	136	0	93	53	0	5
0	136	0	69	52	0	8
0	136	0	70	52	0	7
0	136	0	71	52	0	5
0	136	0	72	52	0	9
0	136	0	73	52	0	2
0	136	0	74	52	0	10
0	136	0	75	52	0	7
0	136	0	76	52	0	3
0	136	0	77	52	0	8
0	136	0	78	52	0	13
0	136	0	79	52	0	11
0	136	0	80	52	0	13
0	136	0	81	52	0	12
0	136	0	82	52	0	11
0	136	0	91	52	0	5
0	136	0	92	52	0	10
0	136	0	93	52	0	6
0	136	0	70	51	0	13
0	136	0	71	51	0	1
0	136	0	72	51	0	6
0	136	0	73	51	0	3
0	136	0	74	51	0	12
0	136	0	75	51	0	9
0	136	0	76	51	0	7
0	136	0	77	51	0	16
0	136	0	78	51	0	10
0	136	0	79	51	0	15
0	136	0	80	51	0	12
0	136	0	81	51	0	9
0	136	0	91	51	0	11
0	136	0	92	51	0	12
0	136	0	93	51	0	3
0	136	0	70	50	0	7
0	136	0	71	50	0	2
0	136	0	72	50	0	7
0	136	0	74	50	0	6
0	136	0	75	50	0	8
0	136	0	76	50	0	9
0	136	0	77	50	0	10
0	136	0	78	50	0	5
0	136	0	79	50	0	9
0	136	0	80	50	0	7
0	136	0	81	50	0	3
0	136	0	91	50	0	12
0	136	0	92	50	0	5
0	136	0	93	50	0	2
0	136	0	71	49	0	1
0	136	0	72	49	0	11
0	136	0	73	49	0	7
0	136	0	75	49	0	9
0	136	0	76	49	0	13
0	136	0	77	49	0	10
0	136	0	78	49	0	5
0	136	0	79	49	0	5
0	136	0	80	49	0	12
0	136	0	81	49	0	13
0	136	0	82	49	0	9
0	136	0	91	49	0	1
0	136	0	92	49	0	2
0	136	0	93	49	0	2
0	136	0	73	48	0	5
0	136	0	76	48	0	0
0	136	0	77	48	0	2
0	136	0	78	48	0	5
0	136	0	79	48	0	8
0	136	0	80	48	0	1
0	136	0	81	48	0	8
0	136	0	82	48	0	4
0	136	0	92	48	0	1
0	136	0	93	48	0	1
0	136	0	73	47	0	3
0	136	0	74	47	0	7
0	136	0	75	47	0	8
0	136	0	76	47	0	3
0	136	0	77	47	0	0
0	136	0	78	47	0	2
0	136	0	79	47	0	13
0	136	0	80	47	0	1
0	136	0	81	47	0	2
0	136	0	82	47	0	3
0	136	0	74	46	0	1
0	136	0	80	46	0	2
0	136	0	81	46	0	1
0	136	0	74	45	0	1
0	136	0	81	45	0	3
0	136	0	74	44	0	1
0	136	0	79	44	0	0
0	136	0	82	44	0	3
0	136	0	83	44	0	9
0	136	0	74	43	0	5
0	136	0	79	43	0	1
0	136	0	74	42	0	0
0	136	0	75	41	0	3
0	137	0	73	71	0	0
0	137	0	74	71	0	0
0	137	0	80	71	0	0
0	137	0	74	70	0	2
0	137	0	75	70	0	6
0	137	0	77	70	0	11
0	137	0	78	70	0	4
0	137	0	79	70	0	4
0	137	0	80	70	0	0
0	137	0	81	70	0	4
0	137	0	71	69	0	6
0	137	0	72	69	0	4
0	137	0	73	69	0	7
0	137	0	74	69	0	16
0	137	0	75	69	0	14
0	137	0	76	69	0	12
0	137	0	77	69	0	8
0	137	0	78	69	0	11
0	137	0	79	69	0	11
0	137	0	80	69	0	3
0	137	0	81	69	0	10
0	137	0	82	69	0	6
0	137	0	68	68	0	8
0	137	0	69	68	0	0
0	137	0	70	68	0	10
0	137	0	71	68	0	11
0	137	0	72	68	0	4
0	137	0	73	68	0	4
0	137	0	74	68	0	10
0	137	0	75	68	0	11
0	137	0	76	68	0	7
0	137	0	77	68	0	12
0	137	0	78	68	0	7
0	137	0	79	68	0	9
0	137	0	80	68	0	2
0	137	0	81	68	0	8
0	137	0	82	68	0	14
0	137	0	83	68	0	0
0	137	0	65	67	0	1
0	137	0	66	67	0	5
0	137	0	67	67	0	6
0	137	0	68	67	0	8
0	137	0	69	67	0	4
0	137	0	70	67	0	12
0	137	0	71	67	0	10
0	137	0	72	67	0	5
0	137	0	73	67	0	9
0	137	0	74	67	0	14
0	137	0	75	67	0	4
0	137	0	76	67	0	9
0	137	0	77	67	0	13
0	137	0	82	67	0	9
0	137	0	83	67	0	6
0	137	0	84	67	0	6
0	137	0	85	67	0	5
0	137	0	86	67	0	13
0	137	0	65	66	0	3
0	137	0	66	66	0	9
0	137	0	67	66	0	7
0	137	0	68	66	0	7
0	137	0	69	66	0	5
0	137	0	70	66	0	10
0	137	0	71	66	0	7
0	137	0	72	66	0	6
0	137	0	73	66	0	1
0	137	0	74	66	0	3
0	137	0	75	66	0	19
0	137	0	76	66	0	11
0	137	0	77	66	0	9
0	137	0	78	66	0	5
0	137	0	79	66	0	2
0	137	0	84	66	0	12
0	137	0	85	66	0	8
0	137	0	86	66	0	19
0	137	0	87	66	0	6
0	137	0	64	65	0	0
0	137	0	65	65	0	7
0	137	0	66	65	0	23
0	137	0	67	65	0	14
0	137	0	68	65	0	9
0	137	0	69	65	0	10
0	137	0	70	65	0	8
0	137	0	71	65	0	5
0	137	0	72	65	0	16
0	137	0	73	65	0	8
0	137	0	74	65	0	11
0	137	0	75	65	0	9
0	137	0	76	65	0	7
0	137	0	77	65	0	8
0	137	0	78	65	0	12
0	137	0	79	65	0	21
0	137	0	80	65	0	5
0	137	0	81	65	0	6
0	137	0	82	65	0	4
0	137	0	83	65	0	12
0	137	0	84	65	0	7
0	137	0	85	65	0	1
0	137	0	86	65	0	7
0	137	0	87	65	0	10
0	137	0	64	64	0	5
0	137	0	65	64	0	4
0	137	0	66	64	0	4
0	137	0	67	64	0	6
0	137	0	68	64	0	15
0	137	0	69	64	0	7
0	137	0	70	64	0	7
0	137	0	71	64	0	2
0	137	0	72	64	0	4
0	137	0	73	64	0	8
0	137	0	74	64	0	8
0	137	0	75	64	0	9
0	137	0	76	64	0	14
0	137	0	77	64	0	5
0	137	0	78	64	0	4
0	137	0	79	64	0	17
0	137	0	80	64	0	2
0	137	0	81	64	0	10
0	137	0	82	64	0	17
0	137	0	83	64	0	11
0	137	0	84	64	0	15
0	137	0	85	64	0	2
0	137	0	86	64	0	10
0	137	0	87	64	0	6
0	137	0	88	64	0	5
0	137	0	89	64	0	13
0	137	0	64	63	0	6
0	137	0	65	63	0	5
0	137	0	66	63	0	12
0	137	0	67	63	0	12
0	137	0	68	63	0	9
0	137	0	69	63	0	7
0	137	0	70	63	0	4
0	137	0	71	63	0	3
0	137	0	72	63	0	10
0	137	0	73	63	0	9
0	137	0	74	63	0	10
0	137	0	75	63	0	10
0	137	0	76	63	0	12
0	137	0	77	63	0	8
0	137	0	78	63	0	14
0	137	0	79	63	0	9
0	137	0	80	63	0	9
0	137	0	81	63	0	7
0	137	0	82	63	0	10
0	137	0	83	63	0	6
0	137	0	84	63	0	5
0	137	0	85	63	0	4
0	137	0	86	63	0	14
0	137	0	87	63	0	3
0	137	0	88	63	0	4
0	137	0	89	63	0	7
0	137	0	90	63	0	5
0	137	0	66	62	0	6
0	137	0	67	62	0	8
0	137	0	68	62	0	1
0	137	0	69	62	0	10
0	137	0	70	62	0	10
0	137	0	71	62	0	8
0	137	0	72	62	0	12
0	137	0	73	62	0	7
0	137	0	74	62	0	5
0	137	0	75	62	0	3
0	137	0	76	62	0	12
0	137	0	77	62	0	7
0	137	0	78	62	0	11
0	137	0	79	62	0	14
0	137	0	80	62	0	13
0	137	0	81	62	0	8
0	137	0	82	62	0	6
0	137	0	83	62	0	6
0	137	0	84	62	0	11
0	137	0	85	62	0	7
0	137	0	65	61	0	3
0	137	0	66	61	0	10
0	137	0	67	61	0	6
0	137	0	68	61	0	2
0	137	0	69	61	0	8
0	137	0	70	61	0	11
0	137	0	71	61	0	4
0	137	0	72	61	0	6
0	137	0	73	61	0	9
0	137	0	74	61	0	7
0	137	0	75	61	0	12
0	137	0	76	61	0	7
0	137	0	77	61	0	8
0	137	0	78	61	0	6
0	137	0	79	61	0	6
0	137	0	80	61	0	3
0	137	0	85	61	0	4
0	137	0	65	60	0	8
0	137	0	66	60	0	10
0	137	0	67	60	0	6
0	137	0	68	60	0	8
0	137	0	69	60	0	4
0	137	0	70	60	0	7
0	137	0	71	60	0	6
0	137	0	72	60	0	6
0	137	0	73	60	0	11
0	137	0	74	60	0	13
0	137	0	75	60	0	8
0	137	0	76	60	0	7
0	137	0	78	60	0	16
0	137	0	85	60	0	8
0	137	0	86	60	0	13
0	137	0	89	60	0	10
0	137	0	90	60	0	4
0	137	0	91	60	0	12
0	137	0	64	59	0	2
0	137	0	65	59	0	9
0	137	0	66	59	0	9
0	137	0	67	59	0	4
0	137	0	68	59	0	4
0	137	0	81	59	0	7
0	137	0	83	59	0	8
0	137	0	84	59	0	8
0	137	0	85	59	0	14
0	137	0	86	59	0	14
0	137	0	87	59	0	4
0	137	0	88	59	0	8
0	137	0	89	59	0	4
0	137	0	90	59	0	13
0	137	0	91	59	0	7
0	137	0	80	58	0	4
0	137	0	81	58	0	13
0	137	0	82	58	0	11
0	137	0	83	58	0	9
0	137	0	84	58	0	8
0	137	0	85	58	0	4
0	137	0	86	58	0	9
0	137	0	87	58	0	4
0	137	0	88	58	0	7
0	137	0	89	58	0	5
0	137	0	90	58	0	11
0	137	0	91	58	0	18
0	137	0	92	58	0	10
0	137	0	72	57	0	9
0	137	0	73	57	0	4
0	137	0	74	57	0	0
0	137	0	79	57	0	7
0	137	0	80	57	0	2
0	137	0	81	57	0	5
0	137	0	82	57	0	16
0	137	0	83	57	0	9
0	137	0	84	57	0	6
0	137	0	85	57	0	10
0	137	0	86	57	0	7
0	137	0	87	57	0	5
0	137	0	88	57	0	3
0	137	0	89	57	0	12
0	137	0	90	57	0	12
0	137	0	91	57	0	3
0	137	0	92	57	0	3
0	137	0	72	56	0	10
0	137	0	73	56	0	10
0	137	0	74	56	0	12
0	137	0	75	56	0	4
0	137	0	76	56	0	2
0	137	0	77	56	0	1
0	137	0	78	56	0	7
0	137	0	79	56	0	3
0	137	0	80	56	0	13
0	137	0	81	56	0	6
0	137	0	82	56	0	8
0	137	0	83	56	0	8
0	137	0	84	56	0	9
0	137	0	85	56	0	10
0	137	0	86	56	0	6
0	137	0	87	56	0	11
0	137	0	88	56	0	8
0	137	0	89	56	0	8
0	137	0	90	56	0	14
0	137	0	91	56	0	8
0	137	0	92	56	0	7
0	137	0	68	55	0	1
0	137	0	69	55	0	6
0	137	0	70	55	0	10
0	137	0	71	55	0	10
0	137	0	72	55	0	11
0	137	0	73	55	0	12
0	137	0	74	55	0	9
0	137	0	75	55	0	6
0	137	0	76	55	0	8
0	137	0	77	55	0	11
0	137	0	78	55	0	20
0	137	0	79	55	0	8
0	137	0	80	55	0	5
0	137	0	81	55	0	11
0	137	0	82	55	0	7
0	137	0	83	55	0	9
0	137	0	84	55	0	8
0	137	0	85	55	0	10
0	137	0	86	55	0	4
0	137	0	87	55	0	5
0	137	0	89	55	0	3
0	137	0	90	55	0	17
0	137	0	91	55	0	9
0	137	0	92	55	0	1
0	137	0	66	54	0	0
0	137	0	67	54	0	0
0	137	0	68	54	0	6
0	137	0	69	54	0	6
0	137	0	70	54	0	9
0	137	0	71	54	0	6
0	137	0	72	54	0	12
0	137	0	73	54	0	3
0	137	0	74	54	0	6
0	137	0	75	54	0	6
0	137	0	76	54	0	8
0	137	0	77	54	0	11
0	137	0	78	54	0	2
0	137	0	79	54	0	9
0	137	0	80	54	0	11
0	137	0	81	54	0	7
0	137	0	82	54	0	6
0	137	0	83	54	0	11
0	137	0	84	54	0	3
0	137	0	85	54	0	7
0	137	0	86	54	0	0
0	137	0	89	54	0	3
0	137	0	90	54	0	3
0	137	0	91	54	0	19
0	137	0	92	54	0	7
0	137	0	93	54	0	2
0	137	0	68	53	0	6
0	137	0	69	53	0	10
0	137	0	70	53	0	1
0	137	0	71	53	0	7
0	137	0	72	53	0	3
0	137	0	73	53	0	11
0	137	0	74	53	0	10
0	137	0	75	53	0	4
0	137	0	76	53	0	7
0	137	0	77	53	0	15
0	137	0	78	53	0	10
0	137	0	79	53	0	7
0	137	0	80	53	0	5
0	137	0	81	53	0	5
0	137	0	82	53	0	11
0	137	0	83	53	0	12
0	137	0	84	53	0	9
0	137	0	85	53	0	8
0	137	0	90	53	0	5
0	137	0	91	53	0	6
0	137	0	92	53	0	10
0	137	0	93	53	0	6
0	137	0	69	52	0	14
0	137	0	70	52	0	5
0	137	0	71	52	0	6
0	137	0	72	52	0	5
0	137	0	73	52	0	4
0	137	0	74	52	0	10
0	137	0	75	52	0	4
0	137	0	76	52	0	5
0	137	0	77	52	0	11
0	137	0	78	52	0	9
0	137	0	79	52	0	9
0	137	0	80	52	0	12
0	137	0	81	52	0	14
0	137	0	82	52	0	12
0	137	0	91	52	0	6
0	137	0	92	52	0	5
0	137	0	93	52	0	4
0	137	0	70	51	0	6
0	137	0	71	51	0	4
0	137	0	72	51	0	6
0	137	0	73	51	0	4
0	137	0	74	51	0	10
0	137	0	75	51	0	11
0	137	0	76	51	0	7
0	137	0	77	51	0	7
0	137	0	78	51	0	11
0	137	0	79	51	0	14
0	137	0	80	51	0	8
0	137	0	81	51	0	4
0	137	0	91	51	0	11
0	137	0	92	51	0	10
0	137	0	93	51	0	3
0	137	0	70	50	0	9
0	137	0	71	50	0	3
0	137	0	72	50	0	9
0	137	0	74	50	0	9
0	137	0	75	50	0	10
0	137	0	76	50	0	15
0	137	0	77	50	0	11
0	137	0	78	50	0	6
0	137	0	79	50	0	12
0	137	0	80	50	0	10
0	137	0	81	50	0	2
0	137	0	91	50	0	10
0	137	0	92	50	0	8
0	137	0	93	50	0	0
0	137	0	71	49	0	2
0	137	0	72	49	0	12
0	137	0	73	49	0	8
0	137	0	75	49	0	12
0	137	0	76	49	0	11
0	137	0	77	49	0	9
0	137	0	78	49	0	7
0	137	0	79	49	0	8
0	137	0	80	49	0	10
0	137	0	81	49	0	8
0	137	0	82	49	0	7
0	137	0	91	49	0	2
0	137	0	92	49	0	1
0	137	0	93	49	0	2
0	137	0	73	48	0	2
0	137	0	76	48	0	2
0	137	0	77	48	0	3
0	137	0	78	48	0	4
0	137	0	79	48	0	11
0	137	0	80	48	0	3
0	137	0	81	48	0	6
0	137	0	82	48	0	4
0	137	0	92	48	0	1
0	137	0	93	48	0	1
0	137	0	73	47	0	5
0	137	0	74	47	0	6
0	137	0	75	47	0	5
0	137	0	76	47	0	4
0	137	0	77	47	0	0
0	137	0	78	47	0	5
0	137	0	79	47	0	13
0	137	0	80	47	0	2
0	137	0	81	47	0	4
0	137	0	82	47	0	4
0	137	0	74	46	0	3
0	137	0	80	46	0	1
0	137	0	81	46	0	2
0	137	0	74	45	0	1
0	137	0	81	45	0	1
0	137	0	82	45	0	1
0	137	0	74	44	0	2
0	137	0	79	44	0	0
0	137	0	82	44	0	7
0	137	0	83	44	0	11
0	137	0	74	43	0	6
0	137	0	79	43	0	0
0	137	0	83	43	0	1
0	137	0	74	42	0	0
0	137	0	75	41	0	3
0	138	0	73	71	0	0
0	138	0	74	71	0	0
0	138	0	80	71	0	1
0	138	0	74	70	0	2
0	138	0	75	70	0	4
0	138	0	77	70	0	12
0	138	0	78	70	0	4
0	138	0	79	70	0	2
0	138	0	80	70	0	0
0	138	0	81	70	0	6
0	138	0	71	69	0	7
0	138	0	72	69	0	4
0	138	0	73	69	0	8
0	138	0	74	69	0	9
0	138	0	75	69	0	7
0	138	0	76	69	0	15
0	138	0	77	69	0	9
0	138	0	78	69	0	11
0	138	0	79	69	0	5
0	138	0	80	69	0	3
0	138	0	81	69	0	6
0	138	0	82	69	0	16
0	138	0	68	68	0	9
0	138	0	69	68	0	0
0	138	0	70	68	0	7
0	138	0	71	68	0	12
0	138	0	72	68	0	11
0	138	0	73	68	0	3
0	138	0	74	68	0	16
0	138	0	75	68	0	5
0	138	0	76	68	0	8
0	138	0	77	68	0	6
0	138	0	78	68	0	5
0	138	0	79	68	0	5
0	138	0	80	68	0	8
0	138	0	81	68	0	7
0	138	0	82	68	0	14
0	138	0	83	68	0	1
0	138	0	65	67	0	4
0	138	0	66	67	0	8
0	138	0	67	67	0	8
0	138	0	68	67	0	7
0	138	0	69	67	0	2
0	138	0	70	67	0	13
0	138	0	71	67	0	11
0	138	0	72	67	0	3
0	138	0	73	67	0	10
0	138	0	74	67	0	13
0	138	0	75	67	0	6
0	138	0	76	67	0	9
0	138	0	77	67	0	12
0	138	0	82	67	0	9
0	138	0	83	67	0	3
0	138	0	84	67	0	5
0	138	0	85	67	0	9
0	138	0	86	67	0	9
0	138	0	65	66	0	1
0	138	0	66	66	0	9
0	138	0	67	66	0	7
0	138	0	68	66	0	8
0	138	0	69	66	0	12
0	138	0	70	66	0	10
0	138	0	71	66	0	8
0	138	0	72	66	0	7
0	138	0	73	66	0	1
0	138	0	74	66	0	4
0	138	0	75	66	0	11
0	138	0	76	66	0	6
0	138	0	77	66	0	5
0	138	0	78	66	0	8
0	138	0	79	66	0	4
0	138	0	84	66	0	12
0	138	0	85	66	0	9
0	138	0	86	66	0	10
0	138	0	87	66	0	7
0	138	0	64	65	0	0
0	138	0	65	65	0	9
0	138	0	66	65	0	15
0	138	0	67	65	0	14
0	138	0	68	65	0	10
0	138	0	69	65	0	7
0	138	0	70	65	0	5
0	138	0	71	65	0	2
0	138	0	72	65	0	16
0	138	0	73	65	0	14
0	138	0	74	65	0	13
0	138	0	75	65	0	9
0	138	0	76	65	0	8
0	138	0	77	65	0	12
0	138	0	78	65	0	11
0	138	0	79	65	0	20
0	138	0	80	65	0	7
0	138	0	81	65	0	5
0	138	0	82	65	0	6
0	138	0	83	65	0	15
0	138	0	85	65	0	1
0	138	0	86	65	0	5
0	138	0	87	65	0	9
0	138	0	64	64	0	6
0	138	0	65	64	0	5
0	138	0	66	64	0	8
0	138	0	67	64	0	10
0	138	0	68	64	0	7
0	138	0	69	64	0	8
0	138	0	70	64	0	7
0	138	0	71	64	0	3
0	138	0	72	64	0	4
0	138	0	73	64	0	8
0	138	0	74	64	0	8
0	138	0	75	64	0	8
0	138	0	76	64	0	16
0	138	0	77	64	0	8
0	138	0	78	64	0	4
0	138	0	79	64	0	16
0	138	0	80	64	0	2
0	138	0	81	64	0	13
0	138	0	82	64	0	18
0	138	0	83	64	0	12
0	138	0	84	64	0	26
0	138	0	85	64	0	4
0	138	0	86	64	0	13
0	138	0	87	64	0	7
0	138	0	88	64	0	9
0	138	0	89	64	0	12
0	138	0	64	63	0	5
0	138	0	65	63	0	8
0	138	0	66	63	0	12
0	138	0	67	63	0	8
0	138	0	68	63	0	15
0	138	0	69	63	0	14
0	138	0	70	63	0	4
0	138	0	71	63	0	2
0	138	0	72	63	0	8
0	138	0	73	63	0	9
0	138	0	74	63	0	11
0	138	0	75	63	0	5
0	138	0	76	63	0	7
0	138	0	77	63	0	7
0	138	0	78	63	0	17
0	138	0	79	63	0	9
0	138	0	80	63	0	10
0	138	0	81	63	0	14
0	138	0	82	63	0	14
0	138	0	83	63	0	13
0	138	0	84	63	0	6
0	138	0	85	63	0	6
0	138	0	86	63	0	13
0	138	0	87	63	0	3
0	138	0	88	63	0	4
0	138	0	89	63	0	7
0	138	0	90	63	0	1
0	138	0	66	62	0	5
0	138	0	67	62	0	8
0	138	0	68	62	0	0
0	138	0	69	62	0	6
0	138	0	70	62	0	14
0	138	0	71	62	0	11
0	138	0	72	62	0	9
0	138	0	73	62	0	6
0	138	0	74	62	0	9
0	138	0	75	62	0	3
0	138	0	76	62	0	11
0	138	0	77	62	0	4
0	138	0	78	62	0	9
0	138	0	79	62	0	12
0	138	0	80	62	0	9
0	138	0	81	62	0	9
0	138	0	82	62	0	6
0	138	0	83	62	0	7
0	138	0	84	62	0	6
0	138	0	85	62	0	6
0	138	0	65	61	0	5
0	138	0	66	61	0	8
0	138	0	67	61	0	7
0	138	0	68	61	0	0
0	138	0	69	61	0	6
0	138	0	70	61	0	12
0	138	0	71	61	0	9
0	138	0	72	61	0	5
0	138	0	73	61	0	13
0	138	0	74	61	0	7
0	138	0	75	61	0	10
0	138	0	76	61	0	8
0	138	0	77	61	0	10
0	138	0	78	61	0	10
0	138	0	79	61	0	6
0	138	0	80	61	0	3
0	138	0	85	61	0	4
0	138	0	65	60	0	11
0	138	0	66	60	0	15
0	138	0	67	60	0	7
0	138	0	68	60	0	8
0	138	0	69	60	0	5
0	138	0	70	60	0	9
0	138	0	71	60	0	4
0	138	0	72	60	0	5
0	138	0	73	60	0	6
0	138	0	74	60	0	10
0	138	0	75	60	0	9
0	138	0	76	60	0	5
0	138	0	78	60	0	6
0	138	0	85	60	0	4
0	138	0	86	60	0	11
0	138	0	89	60	0	14
0	138	0	90	60	0	6
0	138	0	91	60	0	11
0	138	0	64	59	0	4
0	138	0	65	59	0	7
0	138	0	66	59	0	8
0	138	0	67	59	0	4
0	138	0	68	59	0	2
0	138	0	81	59	0	9
0	138	0	83	59	0	8
0	138	0	84	59	0	6
0	138	0	85	59	0	12
0	138	0	86	59	0	9
0	138	0	87	59	0	6
0	138	0	88	59	0	8
0	138	0	89	59	0	6
0	138	0	90	59	0	13
0	138	0	91	59	0	3
0	138	0	80	58	0	9
0	138	0	81	58	0	8
0	138	0	82	58	0	9
0	138	0	83	58	0	13
0	138	0	84	58	0	7
0	138	0	85	58	0	4
0	138	0	86	58	0	9
0	138	0	87	58	0	4
0	138	0	88	58	0	5
0	138	0	89	58	0	3
0	138	0	90	58	0	10
0	138	0	91	58	0	10
0	138	0	92	58	0	11
0	138	0	72	57	0	12
0	138	0	73	57	0	5
0	138	0	74	57	0	2
0	138	0	79	57	0	10
0	138	0	80	57	0	6
0	138	0	81	57	0	9
0	138	0	82	57	0	11
0	138	0	83	57	0	9
0	138	0	84	57	0	9
0	138	0	85	57	0	6
0	138	0	86	57	0	6
0	138	0	87	57	0	7
0	138	0	88	57	0	6
0	138	0	89	57	0	10
0	138	0	90	57	0	25
0	138	0	91	57	0	6
0	138	0	92	57	0	4
0	138	0	72	56	0	11
0	138	0	73	56	0	13
0	138	0	74	56	0	16
0	138	0	75	56	0	3
0	138	0	76	56	0	3
0	138	0	77	56	0	2
0	138	0	78	56	0	9
0	138	0	79	56	0	3
0	138	0	80	56	0	12
0	138	0	81	56	0	9
0	138	0	82	56	0	5
0	138	0	83	56	0	11
0	138	0	84	56	0	6
0	138	0	85	56	0	9
0	138	0	86	56	0	8
0	138	0	87	56	0	14
0	138	0	88	56	0	10
0	138	0	89	56	0	12
0	138	0	90	56	0	8
0	138	0	91	56	0	9
0	138	0	92	56	0	6
0	138	0	65	55	0	1
0	138	0	68	55	0	1
0	138	0	69	55	0	3
0	138	0	70	55	0	13
0	138	0	71	55	0	15
0	138	0	72	55	0	11
0	138	0	73	55	0	8
0	138	0	74	55	0	10
0	138	0	75	55	0	6
0	138	0	76	55	0	9
0	138	0	77	55	0	15
0	138	0	78	55	0	13
0	138	0	79	55	0	9
0	138	0	80	55	0	4
0	138	0	81	55	0	8
0	138	0	82	55	0	8
0	138	0	83	55	0	4
0	138	0	84	55	0	7
0	138	0	85	55	0	11
0	138	0	86	55	0	6
0	138	0	87	55	0	5
0	138	0	89	55	0	5
0	138	0	90	55	0	10
0	138	0	91	55	0	7
0	138	0	92	55	0	2
0	138	0	66	54	0	0
0	138	0	67	54	0	0
0	138	0	68	54	0	7
0	138	0	69	54	0	11
0	138	0	70	54	0	6
0	138	0	71	54	0	7
0	138	0	72	54	0	9
0	138	0	73	54	0	5
0	138	0	74	54	0	9
0	138	0	75	54	0	5
0	138	0	76	54	0	8
0	138	0	77	54	0	13
0	138	0	78	54	0	2
0	138	0	79	54	0	5
0	138	0	80	54	0	9
0	138	0	81	54	0	8
0	138	0	82	54	0	6
0	138	0	83	54	0	12
0	138	0	84	54	0	3
0	138	0	85	54	0	8
0	138	0	86	54	0	1
0	138	0	89	54	0	1
0	138	0	90	54	0	5
0	138	0	91	54	0	12
0	138	0	92	54	0	5
0	138	0	93	54	0	3
0	138	0	68	53	0	7
0	138	0	69	53	0	4
0	138	0	70	53	0	1
0	138	0	71	53	0	10
0	138	0	72	53	0	4
0	138	0	73	53	0	10
0	138	0	74	53	0	13
0	138	0	75	53	0	7
0	138	0	76	53	0	11
0	138	0	77	53	0	9
0	138	0	78	53	0	2
0	138	0	79	53	0	10
0	138	0	80	53	0	9
0	138	0	81	53	0	8
0	138	0	82	53	0	10
0	138	0	83	53	0	13
0	138	0	84	53	0	13
0	138	0	85	53	0	12
0	138	0	90	53	0	8
0	138	0	91	53	0	11
0	138	0	92	53	0	7
0	138	0	93	53	0	11
0	138	0	69	52	0	12
0	138	0	70	52	0	9
0	138	0	71	52	0	7
0	138	0	72	52	0	3
0	138	0	73	52	0	4
0	138	0	74	52	0	12
0	138	0	75	52	0	1
0	138	0	76	52	0	5
0	138	0	77	52	0	1
0	138	0	78	52	0	8
0	138	0	79	52	0	17
0	138	0	80	52	0	9
0	138	0	81	52	0	13
0	138	0	82	52	0	6
0	138	0	91	52	0	5
0	138	0	92	52	0	6
0	138	0	93	52	0	4
0	138	0	70	51	0	7
0	138	0	71	51	0	4
0	138	0	72	51	0	6
0	138	0	73	51	0	5
0	138	0	74	51	0	9
0	138	0	75	51	0	8
0	138	0	76	51	0	3
0	138	0	77	51	0	6
0	138	0	78	51	0	13
0	138	0	79	51	0	10
0	138	0	80	51	0	8
0	138	0	81	51	0	12
0	138	0	91	51	0	10
0	138	0	92	51	0	9
0	138	0	93	51	0	3
0	138	0	70	50	0	8
0	138	0	71	50	0	2
0	138	0	72	50	0	8
0	138	0	74	50	0	4
0	138	0	75	50	0	11
0	138	0	76	50	0	11
0	138	0	77	50	0	11
0	138	0	78	50	0	6
0	138	0	79	50	0	10
0	138	0	80	50	0	19
0	138	0	81	50	0	2
0	138	0	91	50	0	14
0	138	0	92	50	0	6
0	138	0	93	50	0	1
0	138	0	71	49	0	1
0	138	0	72	49	0	13
0	138	0	73	49	0	11
0	138	0	75	49	0	6
0	138	0	76	49	0	9
0	138	0	77	49	0	10
0	138	0	78	49	0	10
0	138	0	79	49	0	11
0	138	0	80	49	0	5
0	138	0	81	49	0	5
0	138	0	82	49	0	4
0	138	0	91	49	0	3
0	138	0	92	49	0	4
0	138	0	93	49	0	2
0	138	0	73	48	0	6
0	138	0	76	48	0	1
0	138	0	77	48	0	4
0	138	0	78	48	0	2
0	138	0	79	48	0	7
0	138	0	80	48	0	5
0	138	0	81	48	0	13
0	138	0	82	48	0	4
0	138	0	92	48	0	1
0	138	0	93	48	0	0
0	138	0	73	47	0	3
0	138	0	74	47	0	11
0	138	0	75	47	0	5
0	138	0	76	47	0	4
0	138	0	77	47	0	0
0	138	0	78	47	0	3
0	138	0	79	47	0	13
0	138	0	80	47	0	2
0	138	0	81	47	0	2
0	138	0	82	47	0	4
0	138	0	74	46	0	2
0	138	0	79	46	0	1
0	138	0	80	46	0	2
0	138	0	81	46	0	3
0	138	0	82	46	0	1
0	138	0	74	45	0	0
0	138	0	81	45	0	1
0	138	0	82	45	0	0
0	138	0	74	44	0	4
0	138	0	79	44	0	0
0	138	0	82	44	0	13
0	138	0	83	44	0	13
0	138	0	74	43	0	7
0	138	0	79	43	0	0
0	138	0	83	43	0	0
0	138	0	74	42	0	0
0	138	0	75	41	0	4
0	138	0	85	41	0	1
0	138	0	84	40	0	1
0	139	0	73	71	0	1
0	139	0	74	71	0	0
0	139	0	80	71	0	1
0	139	0	74	70	0	3
0	139	0	75	70	0	2
0	139	0	77	70	0	11
0	139	0	78	70	0	5
0	139	0	79	70	0	4
0	139	0	80	70	0	2
0	139	0	81	70	0	8
0	139	0	71	69	0	9
0	139	0	72	69	0	6
0	139	0	73	69	0	8
0	139	0	74	69	0	11
0	139	0	75	69	0	6
0	139	0	76	69	0	15
0	139	0	77	69	0	12
0	139	0	78	69	0	13
0	139	0	79	69	0	4
0	139	0	80	69	0	6
0	139	0	81	69	0	6
0	139	0	82	69	0	14
0	139	0	68	68	0	12
0	139	0	69	68	0	0
0	139	0	70	68	0	4
0	139	0	71	68	0	9
0	139	0	72	68	0	16
0	139	0	73	68	0	6
0	139	0	74	68	0	11
0	139	0	75	68	0	5
0	139	0	76	68	0	14
0	139	0	77	68	0	5
0	139	0	78	68	0	10
0	139	0	79	68	0	6
0	139	0	80	68	0	6
0	139	0	81	68	0	8
0	139	0	82	68	0	16
0	139	0	83	68	0	2
0	139	0	65	67	0	5
0	139	0	66	67	0	5
0	139	0	67	67	0	7
0	139	0	68	67	0	2
0	139	0	69	67	0	7
0	139	0	70	67	0	13
0	139	0	71	67	0	10
0	139	0	72	67	0	6
0	139	0	73	67	0	8
0	139	0	74	67	0	14
0	139	0	75	67	0	5
0	139	0	76	67	0	5
0	139	0	77	67	0	13
0	139	0	82	67	0	7
0	139	0	83	67	0	5
0	139	0	84	67	0	8
0	139	0	85	67	0	7
0	139	0	86	67	0	10
0	139	0	65	66	0	0
0	139	0	66	66	0	13
0	139	0	67	66	0	10
0	139	0	68	66	0	11
0	139	0	69	66	0	8
0	139	0	70	66	0	10
0	139	0	71	66	0	9
0	139	0	72	66	0	9
0	139	0	73	66	0	2
0	139	0	74	66	0	5
0	139	0	75	66	0	10
0	139	0	76	66	0	8
0	139	0	77	66	0	8
0	139	0	78	66	0	8
0	139	0	79	66	0	2
0	139	0	85	66	0	9
0	139	0	86	66	0	6
0	139	0	87	66	0	4
0	139	0	64	65	0	0
0	139	0	65	65	0	8
0	139	0	66	65	0	5
0	139	0	67	65	0	15
0	139	0	68	65	0	15
0	139	0	69	65	0	12
0	139	0	70	65	0	4
0	139	0	71	65	0	3
0	139	0	72	65	0	9
0	139	0	73	65	0	10
0	139	0	74	65	0	12
0	139	0	75	65	0	9
0	139	0	76	65	0	14
0	139	0	77	65	0	10
0	139	0	78	65	0	9
0	139	0	79	65	0	16
0	139	0	80	65	0	6
0	139	0	81	65	0	4
0	139	0	82	65	0	7
0	139	0	83	65	0	7
0	139	0	85	65	0	2
0	139	0	86	65	0	7
0	139	0	87	65	0	15
0	139	0	64	64	0	7
0	139	0	65	64	0	4
0	139	0	66	64	0	5
0	139	0	67	64	0	6
0	139	0	68	64	0	12
0	139	0	69	64	0	4
0	139	0	70	64	0	9
0	139	0	71	64	0	7
0	139	0	72	64	0	12
0	139	0	73	64	0	9
0	139	0	74	64	0	9
0	139	0	75	64	0	7
0	139	0	76	64	0	18
0	139	0	77	64	0	9
0	139	0	78	64	0	9
0	139	0	79	64	0	13
0	139	0	80	64	0	4
0	139	0	81	64	0	5
0	139	0	82	64	0	16
0	139	0	83	64	0	11
0	139	0	84	64	0	19
0	139	0	85	64	0	8
0	139	0	86	64	0	14
0	139	0	87	64	0	11
0	139	0	88	64	0	12
0	139	0	89	64	0	10
0	139	0	64	63	0	5
0	139	0	65	63	0	8
0	139	0	66	63	0	9
0	139	0	67	63	0	11
0	139	0	68	63	0	13
0	139	0	69	63	0	11
0	139	0	70	63	0	3
0	139	0	71	63	0	2
0	139	0	72	63	0	5
0	139	0	73	63	0	5
0	139	0	74	63	0	5
0	139	0	75	63	0	3
0	139	0	76	63	0	6
0	139	0	77	63	0	8
0	139	0	78	63	0	7
0	139	0	79	63	0	6
0	139	0	80	63	0	11
0	139	0	81	63	0	13
0	139	0	82	63	0	6
0	139	0	83	63	0	16
0	139	0	84	63	0	7
0	139	0	85	63	0	6
0	139	0	86	63	0	12
0	139	0	87	63	0	2
0	139	0	88	63	0	10
0	139	0	89	63	0	7
0	139	0	90	63	0	1
0	139	0	66	62	0	3
0	139	0	67	62	0	7
0	139	0	68	62	0	0
0	139	0	69	62	0	8
0	139	0	70	62	0	18
0	139	0	71	62	0	6
0	139	0	72	62	0	8
0	139	0	73	62	0	5
0	139	0	74	62	0	13
0	139	0	75	62	0	1
0	139	0	76	62	0	13
0	139	0	77	62	0	6
0	139	0	78	62	0	12
0	139	0	79	62	0	9
0	139	0	80	62	0	8
0	139	0	81	62	0	5
0	139	0	82	62	0	6
0	139	0	83	62	0	11
0	139	0	84	62	0	11
0	139	0	85	62	0	7
0	139	0	65	61	0	4
0	139	0	66	61	0	8
0	139	0	67	61	0	11
0	139	0	68	61	0	0
0	139	0	69	61	0	7
0	139	0	70	61	0	11
0	139	0	71	61	0	9
0	139	0	72	61	0	6
0	139	0	73	61	0	12
0	139	0	74	61	0	7
0	139	0	75	61	0	12
0	139	0	76	61	0	10
0	139	0	77	61	0	19
0	139	0	78	61	0	6
0	139	0	79	61	0	7
0	139	0	80	61	0	4
0	139	0	85	61	0	5
0	139	0	65	60	0	12
0	139	0	66	60	0	13
0	139	0	67	60	0	11
0	139	0	68	60	0	7
0	139	0	69	60	0	2
0	139	0	70	60	0	7
0	139	0	71	60	0	7
0	139	0	72	60	0	4
0	139	0	73	60	0	4
0	139	0	74	60	0	11
0	139	0	75	60	0	10
0	139	0	78	60	0	7
0	139	0	85	60	0	5
0	139	0	86	60	0	8
0	139	0	89	60	0	14
0	139	0	90	60	0	6
0	139	0	91	60	0	11
0	139	0	64	59	0	8
0	139	0	65	59	0	4
0	139	0	66	59	0	5
0	139	0	67	59	0	4
0	139	0	68	59	0	4
0	139	0	81	59	0	13
0	139	0	83	59	0	3
0	139	0	84	59	0	3
0	139	0	85	59	0	7
0	139	0	86	59	0	6
0	139	0	87	59	0	6
0	139	0	88	59	0	7
0	139	0	89	59	0	6
0	139	0	90	59	0	16
0	139	0	91	59	0	5
0	139	0	80	58	0	8
0	139	0	81	58	0	14
0	139	0	82	58	0	18
0	139	0	83	58	0	9
0	139	0	84	58	0	11
0	139	0	85	58	0	13
0	139	0	86	58	0	12
0	139	0	87	58	0	5
0	139	0	88	58	0	11
0	139	0	89	58	0	6
0	139	0	90	58	0	5
0	139	0	91	58	0	16
0	139	0	92	58	0	13
0	139	0	72	57	0	12
0	139	0	73	57	0	3
0	139	0	74	57	0	1
0	139	0	79	57	0	16
0	139	0	80	57	0	7
0	139	0	81	57	0	9
0	139	0	82	57	0	15
0	139	0	83	57	0	12
0	139	0	84	57	0	6
0	139	0	85	57	0	6
0	139	0	86	57	0	5
0	139	0	87	57	0	5
0	139	0	88	57	0	4
0	139	0	89	57	0	16
0	139	0	90	57	0	22
0	139	0	91	57	0	7
0	139	0	92	57	0	5
0	139	0	72	56	0	6
0	139	0	73	56	0	8
0	139	0	74	56	0	14
0	139	0	75	56	0	1
0	139	0	76	56	0	3
0	139	0	77	56	0	5
0	139	0	78	56	0	9
0	139	0	79	56	0	4
0	139	0	80	56	0	11
0	139	0	81	56	0	6
0	139	0	82	56	0	6
0	139	0	83	56	0	9
0	139	0	84	56	0	5
0	139	0	85	56	0	15
0	139	0	86	56	0	11
0	139	0	87	56	0	6
0	139	0	88	56	0	6
0	139	0	89	56	0	13
0	139	0	90	56	0	4
0	139	0	91	56	0	12
0	139	0	92	56	0	12
0	139	0	65	55	0	3
0	139	0	66	55	0	1
0	139	0	68	55	0	1
0	139	0	69	55	0	4
0	139	0	70	55	0	6
0	139	0	71	55	0	9
0	139	0	72	55	0	7
0	139	0	73	55	0	10
0	139	0	74	55	0	6
0	139	0	75	55	0	7
0	139	0	76	55	0	8
0	139	0	77	55	0	14
0	139	0	78	55	0	9
0	139	0	79	55	0	7
0	139	0	80	55	0	4
0	139	0	81	55	0	8
0	139	0	82	55	0	12
0	139	0	83	55	0	2
0	139	0	84	55	0	11
0	139	0	85	55	0	13
0	139	0	86	55	0	6
0	139	0	87	55	0	7
0	139	0	89	55	0	13
0	139	0	90	55	0	7
0	139	0	91	55	0	11
0	139	0	92	55	0	2
0	139	0	66	54	0	0
0	139	0	67	54	0	0
0	139	0	68	54	0	6
0	139	0	69	54	0	9
0	139	0	70	54	0	2
0	139	0	71	54	0	4
0	139	0	72	54	0	5
0	139	0	73	54	0	8
0	139	0	74	54	0	6
0	139	0	75	54	0	3
0	139	0	76	54	0	8
0	139	0	77	54	0	17
0	139	0	78	54	0	6
0	139	0	79	54	0	4
0	139	0	80	54	0	2
0	139	0	81	54	0	6
0	139	0	82	54	0	8
0	139	0	83	54	0	12
0	139	0	84	54	0	4
0	139	0	85	54	0	11
0	139	0	86	54	0	4
0	139	0	89	54	0	1
0	139	0	90	54	0	6
0	139	0	91	54	0	11
0	139	0	92	54	0	11
0	139	0	93	54	0	5
0	139	0	68	53	0	8
0	139	0	69	53	0	2
0	139	0	70	53	0	1
0	139	0	71	53	0	7
0	139	0	72	53	0	7
0	139	0	73	53	0	10
0	139	0	74	53	0	8
0	139	0	75	53	0	8
0	139	0	76	53	0	7
0	139	0	77	53	0	9
0	139	0	78	53	0	2
0	139	0	79	53	0	14
0	139	0	80	53	0	6
0	139	0	81	53	0	14
0	139	0	82	53	0	8
0	139	0	83	53	0	9
0	139	0	84	53	0	9
0	139	0	85	53	0	8
0	139	0	90	53	0	12
0	139	0	91	53	0	10
0	139	0	92	53	0	6
0	139	0	93	53	0	6
0	139	0	69	52	0	19
0	139	0	70	52	0	6
0	139	0	71	52	0	7
0	139	0	72	52	0	3
0	139	0	73	52	0	5
0	139	0	74	52	0	9
0	139	0	75	52	0	1
0	139	0	76	52	0	8
0	139	0	77	52	0	3
0	139	0	78	52	0	11
0	139	0	79	52	0	11
0	139	0	80	52	0	8
0	139	0	81	52	0	5
0	139	0	82	52	0	8
0	139	0	91	52	0	4
0	139	0	92	52	0	5
0	139	0	93	52	0	4
0	139	0	70	51	0	4
0	139	0	71	51	0	1
0	139	0	72	51	0	6
0	139	0	73	51	0	4
0	139	0	74	51	0	8
0	139	0	75	51	0	9
0	139	0	76	51	0	4
0	139	0	77	51	0	8
0	139	0	78	51	0	12
0	139	0	79	51	0	11
0	139	0	80	51	0	8
0	139	0	81	51	0	15
0	139	0	91	51	0	10
0	139	0	92	51	0	11
0	139	0	93	51	0	5
0	139	0	70	50	0	9
0	139	0	71	50	0	2
0	139	0	72	50	0	5
0	139	0	74	50	0	5
0	139	0	75	50	0	6
0	139	0	76	50	0	13
0	139	0	77	50	0	11
0	139	0	78	50	0	9
0	139	0	79	50	0	8
0	139	0	80	50	0	13
0	139	0	81	50	0	7
0	139	0	91	50	0	9
0	139	0	92	50	0	6
0	139	0	93	50	0	0
0	139	0	71	49	0	0
0	139	0	72	49	0	6
0	139	0	73	49	0	7
0	139	0	75	49	0	3
0	139	0	76	49	0	9
0	139	0	77	49	0	9
0	139	0	78	49	0	6
0	139	0	79	49	0	13
0	139	0	80	49	0	6
0	139	0	81	49	0	6
0	139	0	82	49	0	5
0	139	0	91	49	0	7
0	139	0	92	49	0	6
0	139	0	93	49	0	1
0	139	0	73	48	0	13
0	139	0	76	48	0	4
0	139	0	77	48	0	11
0	139	0	78	48	0	1
0	139	0	79	48	0	6
0	139	0	80	48	0	11
0	139	0	81	48	0	15
0	139	0	82	48	0	9
0	139	0	92	48	0	1
0	139	0	93	48	0	0
0	139	0	73	47	0	6
0	139	0	74	47	0	8
0	139	0	75	47	0	6
0	139	0	76	47	0	2
0	139	0	77	47	0	0
0	139	0	78	47	0	1
0	139	0	79	47	0	11
0	139	0	80	47	0	4
0	139	0	81	47	0	3
0	139	0	82	47	0	5
0	139	0	74	46	0	1
0	139	0	79	46	0	3
0	139	0	80	46	0	2
0	139	0	81	46	0	5
0	139	0	82	46	0	3
0	139	0	74	45	0	0
0	139	0	79	45	0	1
0	139	0	81	45	0	0
0	139	0	82	45	0	0
0	139	0	74	44	0	5
0	139	0	79	44	0	0
0	139	0	82	44	0	9
0	139	0	83	44	0	9
0	139	0	73	43	0	1
0	139	0	74	43	0	9
0	139	0	79	43	0	0
0	139	0	83	43	0	0
0	139	0	74	42	0	0
0	139	0	75	41	0	5
0	139	0	85	41	0	2
0	139	0	84	40	0	1
0	140	0	73	71	0	0
0	140	0	74	71	0	0
0	140	0	80	71	0	1
0	140	0	74	70	0	2
0	140	0	75	70	0	5
0	140	0	77	70	0	8
0	140	0	78	70	0	9
0	140	0	79	70	0	3
0	140	0	80	70	0	2
0	140	0	81	70	0	9
0	140	0	71	69	0	8
0	140	0	72	69	0	4
0	140	0	73	69	0	8
0	140	0	74	69	0	5
0	140	0	75	69	0	7
0	140	0	76	69	0	10
0	140	0	77	69	0	10
0	140	0	78	69	0	11
0	140	0	79	69	0	4
0	140	0	80	69	0	7
0	140	0	81	69	0	10
0	140	0	82	69	0	8
0	140	0	68	68	0	12
0	140	0	69	68	0	1
0	140	0	70	68	0	9
0	140	0	71	68	0	7
0	140	0	72	68	0	6
0	140	0	73	68	0	4
0	140	0	74	68	0	13
0	140	0	75	68	0	6
0	140	0	76	68	0	7
0	140	0	77	68	0	3
0	140	0	78	68	0	10
0	140	0	79	68	0	4
0	140	0	80	68	0	6
0	140	0	81	68	0	10
0	140	0	82	68	0	16
0	140	0	83	68	0	2
0	140	0	65	67	0	4
0	140	0	66	67	0	2
0	140	0	67	67	0	6
0	140	0	68	67	0	2
0	140	0	69	67	0	11
0	140	0	70	67	0	10
0	140	0	71	67	0	8
0	140	0	72	67	0	10
0	140	0	73	67	0	9
0	140	0	74	67	0	20
0	140	0	75	67	0	7
0	140	0	76	67	0	5
0	140	0	77	67	0	11
0	140	0	82	67	0	9
0	140	0	83	67	0	5
0	140	0	84	67	0	7
0	140	0	85	67	0	9
0	140	0	86	67	0	7
0	140	0	65	66	0	2
0	140	0	66	66	0	10
0	140	0	67	66	0	14
0	140	0	68	66	0	10
0	140	0	69	66	0	4
0	140	0	70	66	0	7
0	140	0	71	66	0	10
0	140	0	72	66	0	10
0	140	0	73	66	0	4
0	140	0	74	66	0	10
0	140	0	75	66	0	4
0	140	0	76	66	0	15
0	140	0	77	66	0	6
0	140	0	78	66	0	10
0	140	0	79	66	0	2
0	140	0	85	66	0	8
0	140	0	86	66	0	6
0	140	0	87	66	0	5
0	140	0	64	65	0	0
0	140	0	65	65	0	9
0	140	0	66	65	0	6
0	140	0	67	65	0	14
0	140	0	68	65	0	13
0	140	0	69	65	0	17
0	140	0	70	65	0	5
0	140	0	71	65	0	1
0	140	0	72	65	0	10
0	140	0	73	65	0	11
0	140	0	74	65	0	14
0	140	0	75	65	0	8
0	140	0	76	65	0	9
0	140	0	77	65	0	11
0	140	0	78	65	0	8
0	140	0	79	65	0	15
0	140	0	80	65	0	3
0	140	0	81	65	0	6
0	140	0	82	65	0	7
0	140	0	83	65	0	9
0	140	0	85	65	0	5
0	140	0	86	65	0	9
0	140	0	87	65	0	10
0	140	0	64	64	0	12
0	140	0	65	64	0	7
0	140	0	66	64	0	7
0	140	0	67	64	0	5
0	140	0	68	64	0	10
0	140	0	69	64	0	3
0	140	0	70	64	0	9
0	140	0	71	64	0	8
0	140	0	72	64	0	12
0	140	0	73	64	0	8
0	140	0	74	64	0	15
0	140	0	75	64	0	7
0	140	0	76	64	0	13
0	140	0	77	64	0	6
0	140	0	78	64	0	12
0	140	0	79	64	0	10
0	140	0	80	64	0	5
0	140	0	81	64	0	7
0	140	0	82	64	0	14
0	140	0	83	64	0	7
0	140	0	84	64	0	15
0	140	0	85	64	0	9
0	140	0	86	64	0	9
0	140	0	87	64	0	12
0	140	0	88	64	0	9
0	140	0	89	64	0	6
0	140	0	64	63	0	8
0	140	0	65	63	0	9
0	140	0	66	63	0	3
0	140	0	67	63	0	10
0	140	0	68	63	0	18
0	140	0	69	63	0	8
0	140	0	70	63	0	5
0	140	0	71	63	0	3
0	140	0	72	63	0	9
0	140	0	73	63	0	6
0	140	0	74	63	0	8
0	140	0	75	63	0	5
0	140	0	76	63	0	9
0	140	0	77	63	0	8
0	140	0	78	63	0	9
0	140	0	79	63	0	6
0	140	0	80	63	0	9
0	140	0	81	63	0	17
0	140	0	82	63	0	6
0	140	0	83	63	0	12
0	140	0	84	63	0	8
0	140	0	85	63	0	1
0	140	0	86	63	0	8
0	140	0	87	63	0	0
0	140	0	88	63	0	11
0	140	0	89	63	0	5
0	140	0	90	63	0	1
0	140	0	66	62	0	5
0	140	0	67	62	0	5
0	140	0	68	62	0	0
0	140	0	69	62	0	4
0	140	0	70	62	0	21
0	140	0	71	62	0	5
0	140	0	72	62	0	10
0	140	0	73	62	0	9
0	140	0	74	62	0	17
0	140	0	75	62	0	2
0	140	0	76	62	0	11
0	140	0	77	62	0	4
0	140	0	78	62	0	13
0	140	0	79	62	0	5
0	140	0	80	62	0	12
0	140	0	81	62	0	7
0	140	0	82	62	0	3
0	140	0	83	62	0	7
0	140	0	84	62	0	6
0	140	0	85	62	0	7
0	140	0	65	61	0	4
0	140	0	66	61	0	10
0	140	0	67	61	0	11
0	140	0	68	61	0	0
0	140	0	69	61	0	4
0	140	0	70	61	0	12
0	140	0	71	61	0	7
0	140	0	72	61	0	8
0	140	0	73	61	0	11
0	140	0	74	61	0	8
0	140	0	75	61	0	12
0	140	0	76	61	0	11
0	140	0	77	61	0	10
0	140	0	78	61	0	7
0	140	0	79	61	0	6
0	140	0	80	61	0	6
0	140	0	85	61	0	7
0	140	0	65	60	0	12
0	140	0	66	60	0	12
0	140	0	67	60	0	16
0	140	0	68	60	0	8
0	140	0	69	60	0	1
0	140	0	70	60	0	8
0	140	0	71	60	0	10
0	140	0	72	60	0	6
0	140	0	73	60	0	7
0	140	0	74	60	0	10
0	140	0	75	60	0	10
0	140	0	78	60	0	6
0	140	0	85	60	0	7
0	140	0	86	60	0	8
0	140	0	89	60	0	12
0	140	0	90	60	0	5
0	140	0	91	60	0	8
0	140	0	64	59	0	4
0	140	0	65	59	0	4
0	140	0	66	59	0	5
0	140	0	67	59	0	9
0	140	0	68	59	0	4
0	140	0	81	59	0	19
0	140	0	83	59	0	3
0	140	0	84	59	0	7
0	140	0	85	59	0	10
0	140	0	86	59	0	11
0	140	0	87	59	0	7
0	140	0	88	59	0	14
0	140	0	89	59	0	13
0	140	0	90	59	0	15
0	140	0	91	59	0	4
0	140	0	80	58	0	3
0	140	0	81	58	0	8
0	140	0	82	58	0	13
0	140	0	83	58	0	8
0	140	0	84	58	0	8
0	140	0	85	58	0	12
0	140	0	86	58	0	11
0	140	0	87	58	0	5
0	140	0	88	58	0	9
0	140	0	89	58	0	6
0	140	0	90	58	0	4
0	140	0	91	58	0	13
0	140	0	92	58	0	11
0	140	0	72	57	0	6
0	140	0	73	57	0	6
0	140	0	74	57	0	1
0	140	0	79	57	0	11
0	140	0	80	57	0	7
0	140	0	81	57	0	14
0	140	0	82	57	0	6
0	140	0	83	57	0	10
0	140	0	84	57	0	5
0	140	0	85	57	0	6
0	140	0	86	57	0	11
0	140	0	87	57	0	3
0	140	0	88	57	0	3
0	140	0	89	57	0	15
0	140	0	90	57	0	14
0	140	0	91	57	0	7
0	140	0	92	57	0	4
0	140	0	72	56	0	8
0	140	0	73	56	0	6
0	140	0	74	56	0	8
0	140	0	75	56	0	3
0	140	0	76	56	0	3
0	140	0	77	56	0	7
0	140	0	78	56	0	7
0	140	0	79	56	0	5
0	140	0	80	56	0	7
0	140	0	81	56	0	6
0	140	0	82	56	0	6
0	140	0	83	56	0	8
0	140	0	84	56	0	3
0	140	0	85	56	0	10
0	140	0	86	56	0	8
0	140	0	87	56	0	10
0	140	0	88	56	0	6
0	140	0	89	56	0	9
0	140	0	90	56	0	6
0	140	0	91	56	0	17
0	140	0	92	56	0	17
0	140	0	65	55	0	7
0	140	0	66	55	0	1
0	140	0	68	55	0	2
0	140	0	69	55	0	3
0	140	0	70	55	0	16
0	140	0	71	55	0	7
0	140	0	72	55	0	11
0	140	0	73	55	0	6
0	140	0	74	55	0	7
0	140	0	75	55	0	14
0	140	0	76	55	0	6
0	140	0	77	55	0	12
0	140	0	78	55	0	9
0	140	0	79	55	0	8
0	140	0	80	55	0	3
0	140	0	81	55	0	11
0	140	0	82	55	0	12
0	140	0	83	55	0	4
0	140	0	84	55	0	13
0	140	0	85	55	0	13
0	140	0	86	55	0	5
0	140	0	87	55	0	11
0	140	0	89	55	0	15
0	140	0	90	55	0	7
0	140	0	91	55	0	10
0	140	0	92	55	0	3
0	140	0	66	54	0	0
0	140	0	67	54	0	0
0	140	0	68	54	0	13
0	140	0	69	54	0	3
0	140	0	70	54	0	3
0	140	0	71	54	0	8
0	140	0	72	54	0	5
0	140	0	73	54	0	7
0	140	0	74	54	0	10
0	140	0	75	54	0	7
0	140	0	76	54	0	8
0	140	0	77	54	0	15
0	140	0	78	54	0	11
0	140	0	79	54	0	4
0	140	0	80	54	0	3
0	140	0	81	54	0	5
0	140	0	82	54	0	13
0	140	0	83	54	0	8
0	140	0	84	54	0	4
0	140	0	85	54	0	14
0	140	0	86	54	0	5
0	140	0	89	54	0	0
0	140	0	90	54	0	6
0	140	0	91	54	0	8
0	140	0	92	54	0	12
0	140	0	93	54	0	6
0	140	0	68	53	0	6
0	140	0	69	53	0	10
0	140	0	70	53	0	1
0	140	0	71	53	0	5
0	140	0	72	53	0	9
0	140	0	73	53	0	9
0	140	0	74	53	0	7
0	140	0	75	53	0	11
0	140	0	76	53	0	5
0	140	0	77	53	0	10
0	140	0	78	53	0	2
0	140	0	79	53	0	11
0	140	0	80	53	0	9
0	140	0	81	53	0	17
0	140	0	82	53	0	5
0	140	0	83	53	0	16
0	140	0	84	53	0	9
0	140	0	85	53	0	8
0	140	0	90	53	0	15
0	140	0	91	53	0	14
0	140	0	92	53	0	5
0	140	0	93	53	0	8
0	140	0	69	52	0	8
0	140	0	70	52	0	9
0	140	0	71	52	0	7
0	140	0	72	52	0	2
0	140	0	73	52	0	2
0	140	0	74	52	0	7
0	140	0	75	52	0	6
0	140	0	76	52	0	12
0	140	0	77	52	0	3
0	140	0	78	52	0	8
0	140	0	79	52	0	8
0	140	0	80	52	0	12
0	140	0	81	52	0	2
0	140	0	82	52	0	4
0	140	0	91	52	0	5
0	140	0	92	52	0	2
0	140	0	93	52	0	3
0	140	0	70	51	0	0
0	140	0	71	51	0	2
0	140	0	72	51	0	4
0	140	0	73	51	0	6
0	140	0	74	51	0	9
0	140	0	75	51	0	9
0	140	0	76	51	0	5
0	140	0	77	51	0	10
0	140	0	78	51	0	13
0	140	0	79	51	0	10
0	140	0	80	51	0	9
0	140	0	81	51	0	20
0	140	0	91	51	0	9
0	140	0	92	51	0	11
0	140	0	93	51	0	6
0	140	0	70	50	0	6
0	140	0	71	50	0	6
0	140	0	72	50	0	9
0	140	0	74	50	0	5
0	140	0	75	50	0	6
0	140	0	76	50	0	12
0	140	0	77	50	0	12
0	140	0	78	50	0	10
0	140	0	79	50	0	7
0	140	0	80	50	0	16
0	140	0	81	50	0	5
0	140	0	91	50	0	14
0	140	0	92	50	0	5
0	140	0	93	50	0	1
0	140	0	71	49	0	0
0	140	0	72	49	0	5
0	140	0	73	49	0	16
0	140	0	75	49	0	3
0	140	0	76	49	0	5
0	140	0	77	49	0	7
0	140	0	78	49	0	8
0	140	0	79	49	0	8
0	140	0	80	49	0	3
0	140	0	81	49	0	9
0	140	0	82	49	0	6
0	140	0	91	49	0	8
0	140	0	92	49	0	7
0	140	0	93	49	0	3
0	140	0	73	48	0	8
0	140	0	76	48	0	9
0	140	0	77	48	0	11
0	140	0	78	48	0	1
0	140	0	79	48	0	7
0	140	0	80	48	0	6
0	140	0	81	48	0	8
0	140	0	82	48	0	9
0	140	0	92	48	0	2
0	140	0	93	48	0	0
0	140	0	73	47	0	7
0	140	0	74	47	0	12
0	140	0	75	47	0	4
0	140	0	76	47	0	4
0	140	0	77	47	0	0
0	140	0	78	47	0	3
0	140	0	79	47	0	7
0	140	0	80	47	0	6
0	140	0	81	47	0	7
0	140	0	82	47	0	6
0	140	0	74	46	0	4
0	140	0	79	46	0	2
0	140	0	80	46	0	2
0	140	0	81	46	0	4
0	140	0	82	46	0	7
0	140	0	74	45	0	0
0	140	0	79	45	0	1
0	140	0	81	45	0	0
0	140	0	82	45	0	0
0	140	0	74	44	0	7
0	140	0	79	44	0	0
0	140	0	81	44	0	1
0	140	0	82	44	0	9
0	140	0	83	44	0	9
0	140	0	73	43	0	2
0	140	0	74	43	0	8
0	140	0	79	43	0	0
0	140	0	83	43	0	0
0	140	0	74	42	0	0
0	140	0	75	41	0	5
0	140	0	85	41	0	1
0	140	0	77	40	0	1
0	140	0	84	40	0	1
