PatchID,XCOORD,YCOORD,ID,MID,FID,sex,age,size,mature,newmature,layeggs,capture,recapture,state,CDist,Hindex,Species,ClassFile,SubPatchID,L0A0,L0A1,L1A0,L1A1,L2A0,L2A1,L3A0,L3A1,L4A0,L4A1,L5A0,L5A1,L6A0,L6A1,L7A0,L7A1,L8A0,L8A1,L9A0,L9A1,L10A0,L10A1,L11A0,L11A1,L12A0,L12A1,L13A0,L13A1,L14A0,L14A1,L15A0,L15A1
1,12200.0,8000.0,R1_F1_m1f1_P1_Y30_UO48,R1_F1_m1f1_P1_Y28_UO283,R1_F1_m1f1_P1_Y26_UO238,MXY,1,31.0,0,0,0.0,0,0,0,-9999.0,0.49639892578125,1,P0_CV0,1,1,1,1,1,0,2,0,2,1,1,2,0,0,2,0,2,1,1,1,1,2,0,2,0,1,1,0,2,0,2,0,2
1,12200.0,8000.0,R1_F1_m1f1_P1_Y30_UO181,R1_F1_m1f1_P1_Y27_UO115,R1_F1_m1f1_P1_Y28_UO313,FXX,1,31.0,0,0,0.0,0,0,0,-9999.0,0.4937744140625,1,P0_CV0,1,1,1,1,1,1,1,1,1,1,1,1,1,1,1,1,1,1,1,0,2,2,0,1,1,1,1,1,1,1,1,1,1
1,12200.0,8000.0,R1_F1_m1f1_P1_Y29_UO268,RD1_F4_m4f4_P4_Y26_UO138,R1_F1_m1f1_P1_Y26_UO238,MXY,2,31.0,1,0,0.0,0,0,0,-9999.0,0.47918701171875,1,P0_CV0,1,1,1,2,0,1,1,0,2,2,0,1,1,1,1,0,2,1,1,1,1,2,0,2,0,0,2,1,1,1,1,1,1
1,12200.0,8000.0,R1_F1_m1f1_P1_Y29_UO157,R1_F1_m1f1_P1_Y27_UO21,R1_F1_m1f1_P1_Y24_UO211,FXX,2,31.0,1,0,1.0,0,0,0,-9999.0,0.496337890625,1,P0_CV0,1,1,1,2,0,1,1,1,1,2,0,1,1,1,1,2,0,1,1,1,1,1,1,1,1,1,1,1,1,0,2,1,1
1,12200.0,8000.0,R1_F1_m1f1_P1_Y28_UO271,R1_F1_m1f1_P1_Y26_UO4,R1_F1_m1f1_P1_Y26_UO37,MXY,3,31.0,1,0,0.0,0,0,0,-9999.0,0.48126220703125,1,P0_CV0,1,0,2,2,0,2,0,2,0,1,1,0,2,0,2,0,2,1,1,0,2,1,1,1,1,0,2,0,2,0,2,1,1
1,12200.0,8000.0,R1_F1_m1f1_P1_Y28_UO313,R1_F1_m1f1_P1_Y26_UO281,R1_F1_m1f1_P1_Y25_UO212,MXY,3,31.0,1,0,0.0,0,0,0,-9999.0,0.4864501953125,1,P0_CV0,1,1,1,2,0,1,1,2,0,1,1,1,1,1,1,2,0,0,2,0,2,1,1,2,0,1,1,2,0,1,1,1,1
1,12200.0,8000.0,R1_F1_m1f1_P1_Y28_UO315,R1_F1_m1f1_P1_Y26_UO281,R1_F1_m1f1_P1_Y25_UO212,MXY,3,31.0,1,0,0.0,0,0,0,-9999.0,0.4864501953125,1,P0_CV0,1,1,1,1,1,1,1,2,0,2,0,2,0,1,1,1,1,0,2,0,2,1,1,1,1,1,1,0,2,1,1,0,2
1,12200.0,8000.0,R1_F1_m1f1_P1_Y30_UO77,R1_F1_m1f1_P1_Y27_UO160,R1_F1_m1f1_P1_Y27_UO210,FXX,1,31.0,0,0,0.0,0,0,0,-9999.0,0.522857666015625,1,P1_CV0,1,2,0,2,0,0,2,0,2,1,1,1,1,1,1,1,1,0,2,0,2,1,1,1,1,2,0,0,2,1,1,1,1
1,12200.0,8000.0,R1_F1_m1f1_P1_Y30_UO86,R1_F1_m1f1_P1_Y28_UO269,R1_F1_m1f1_P1_Y27_UO159,FXX,1,31.0,0,0,0.0,0,0,0,-9999.0,0.493682861328125,1,P1_CV0,1,1,1,2,0,2,0,1,1,2,0,1,1,1,1,1,1,1,1,0,2,1,1,2,0,0,2,1,1,0,2,0,2
1,12200.0,8000.0,R1_F1_m1f1_P1_Y30_UO87,R1_F1_m1f1_P1_Y28_UO269,R1_F1_m1f1_P1_Y27_UO159,MXY,1,31.0,0,0,0.0,0,0,0,-9999.0,0.493682861328125,1,P1_CV0,1,0,2,2,0,2,0,1,1,0,2,1,1,2,0,1,1,1,1,0,2,1,1,2,0,0,2,1,1,0,2,1,1
1,12200.0,8000.0,R1_F1_m1f1_P1_Y30_UO94,R1_F1_m1f1_P1_Y28_UO269,R1_F1_m1f1_P1_Y28_UO172,MXY,1,31.0,0,0,0.0,0,0,0,-9999.0,0.498199462890625,1,P1_CV0,1,1,1,1,1,1,1,1,1,1,1,1,1,2,0,1,1,1,1,0,2,0,2,1,1,1,1,2,0,1,1,0,2
1,12200.0,8000.0,R1_F1_m1f1_P1_Y30_UO134,R1_F1_m1f1_P1_Y28_UO269,R1_F1_m1f1_P1_Y28_UO288,FXX,1,31.0,0,0,0.0,0,0,0,-9999.0,0.496307373046875,1,P1_CV0,1,0,2,1,1,2,0,1,1,0,2,1,1,1,1,1,1,1,1,1,1,1,1,2,0,1,1,2,0,1,1,1,1
1,12200.0,8000.0,R1_F1_m1f1_P1_Y30_UO283,R1_F1_m1f1_P1_Y28_UO269,R1_F1_m1f1_P1_Y27_UO51,FXX,1,31.0,0,0,0.0,0,0,0,-9999.0,0.48736572265625,1,P1_CV0,1,1,1,1,1,1,1,1,1,1,1,1,1,2,0,2,0,1,1,1,1,0,2,1,1,0,2,1,1,0,2,2,0
1,12200.0,8000.0,R1_F1_m1f1_P1_Y29_UO167,RD1_F4_m4f4_P4_Y26_UO138,R1_F1_m1f1_P1_Y25_UO102,FXX,2,31.0,1,0,0.0,0,0,0,-9999.0,0.49017333984375,1,P1_CV0,1,1,1,1,1,1,1,0,2,0,2,0,2,0,2,0,2,1,1,1,1,2,0,2,0,1,1,1,1,0,2,2,0
1,12200.0,8000.0,R1_F1_m1f1_P1_Y29_UO165,RD1_F4_m4f4_P4_Y26_UO138,R1_F1_m1f1_P1_Y25_UO102,MXY,2,31.0,1,0,0.0,0,0,0,-9999.0,0.49017333984375,1,P1_CV0,1,0,2,1,1,1,1,0,2,0,2,0,2,1,1,0,2,2,0,0,2,1,1,2,0,1,1,1,1,1,1,2,0
1,12200.0,8000.0,R1_F1_m1f1_P1_Y29_UO180,RD1_F4_m4f4_P4_Y26_UO138,R1_F1_m1f1_P1_Y27_UO51,FXX,2,31.0,1,0,1.0,0,0,0,-9999.0,0.485198974609375,1,P1_CV0,1,1,1,2,0,1,1,0,2,2,0,0,2,1,1,0,2,0,2,1,1,0,2,2,0,1,1,2,0,0,2,2,0
1,12200.0,8000.0,R1_F1_m1f1_P1_Y28_UO269,R1_F1_m1f1_P1_Y26_UO4,R1_F1_m1f1_P1_Y26_UO37,FXX,3,31.0,1,0,1.0,0,0,0,-9999.0,0.48126220703125,1,P1_CV0,1,0,2,2,0,2,0,2,0,1,1,0,2,2,0,2,0,2,0,0,2,0,2,2,0,0,2,2,0,0,2,1,1
1,12200.0,8000.0,R1_F1_m1f1_P1_Y26_UO37,R1_F1_m2f2_P2_Y21_UO238,R1_F1_m1f1_P1_Y23_UO199,MXY,5,31.0,1,0,0.0,0,0,0,-9999.0,0.4859619140625,1,P1_CV0,1,0,2,1,1,1,1,2,0,1,1,1,1,1,1,1,1,1,1,0,2,1,1,1,1,0,2,1,1,0,2,1,1
1,12200.0,8000.0,R1_F1_m1f1_P1_Y30_UO8,R1_F1_m1f1_P1_Y27_UO22,R1_F1_m1f1_P1_Y28_UO160,FXX,1,31.0,0,0,0.0,0,0,0,-9999.0,0.5185546875,1,P2_CV0,1,0,2,1,1,0,2,0,2,2,0,1,1,2,0,2,0,0,2,1,1,0,2,1,1,0,2,0,2,0,2,1,1
1,12200.0,8000.0,R1_F1_m1f1_P1_Y30_UO9,R1_F1_m1f1_P1_Y27_UO22,R1_F1_m1f1_P1_Y28_UO160,MXY,1,31.0,0,0,0.0,0,0,0,-9999.0,0.5185546875,1,P2_CV0,1,1,1,1,1,0,2,1,1,2,0,1,1,2,0,0,2,1,1,1,1,0,2,2,0,1,1,2,0,0,2,2,0
1,12200.0,8000.0,R1_F1_m1f1_P1_Y30_UO10,R1_F1_m1f1_P1_Y27_UO111,R1_F1_m1f1_P1_Y28_UO136,FXX,1,31.0,0,0,0.0,0,0,0,-9999.0,0.50823974609375,1,P2_CV0,1,0,2,2,0,2,0,2,0,2,0,2,0,2,0,1,1,1,1,1,1,0,2,2,0,2,0,1,1,0,2,1,1
1,12200.0,8000.0,R1_F1_m1f1_P1_Y30_UO22,R1_F1_m1f1_P1_Y28_UO269,R1_F1_m1f1_P1_Y27_UO133,MXY,1,31.0,0,0,0.0,0,0,0,-9999.0,0.485015869140625,1,P2_CV0,1,0,2,1,1,2,0,1,1,2,0,1,1,2,0,1,1,2,0,0,2,1,1,2,0,1,1,1,1,1,1,2,0
1,12200.0,8000.0,R1_F1_m1f1_P1_Y30_UO23,R1_F1_m1f1_P1_Y28_UO269,R1_F1_m1f1_P1_Y27_UO133,FXX,1,31.0,0,0,0.0,0,0,0,-9999.0,0.485015869140625,1,P2_CV0,1,1,1,1,1,2,0,1,1,2,0,1,1,2,0,1,1,2,0,0,2,1,1,2,0,0,2,1,1,1,1,1,1
1,12200.0,8000.0,R1_F1_m1f1_P1_Y30_UO233,RD1_F5_m5f5_P5_Y27_UO64,R1_F1_m1f1_P1_Y28_UO285,FXX,1,31.0,0,0,0.0,0,0,0,-9999.0,0.4956207275390625,1,P2_CV0,1,1,1,1,1,1,1,0,2,0,2,1,1,0,2,1,1,0,2,1,1,1,1,1,1,2,0,1,1,2,0,2,0
1,12200.0,8000.0,R1_F1_m1f1_P1_Y30_UO235,R1_F1_m2f2_P2_Y25_UO82,R1_F1_m1f1_P1_Y28_UO285,FXX,1,31.0,0,0,0.0,0,0,0,-9999.0,0.484588623046875,1,P2_CV0,1,0,2,0,2,1,1,0,2,1,1,1,1,1,1,0,2,2,0,1,1,0,2,0,2,2,0,0,2,1,1,2,0
1,12200.0,8000.0,R1_F1_m1f1_P1_Y30_UO236,R1_F1_m2f2_P2_Y25_UO82,R1_F1_m1f1_P1_Y28_UO285,FXX,1,31.0,0,0,0.0,0,0,0,-9999.0,0.484588623046875,1,P2_CV0,1,0,2,1,1,2,0,0,2,0,2,0,2,0,2,0,2,1,1,1,1,1,1,0,2,1,1,2,0,1,1,2,0
1,12200.0,8000.0,R1_F1_m1f1_P1_Y30_UO237,R1_F1_m2f2_P2_Y25_UO82,R1_F1_m1f1_P1_Y28_UO285,FXX,1,31.0,0,0,0.0,0,0,0,-9999.0,0.484588623046875,1,P2_CV0,1,1,1,1,1,1,1,0,2,0,2,0,2,1,1,0,2,0,2,0,2,0,2,1,1,1,1,1,1,1,1,1,1
1,12200.0,8000.0,R1_F1_m1f1_P1_Y30_UO279,R1_F1_m1f1_P1_Y28_UO283,R1_F1_m1f1_P1_Y28_UO311,FXX,1,31.0,0,0,0.0,0,0,0,-9999.0,0.4989013671875,1,P2_CV0,1,2,0,0,2,2,0,0,2,2,0,2,0,1,1,2,0,1,1,0,2,0,2,0,2,1,1,2,0,1,1,1,1
1,12200.0,8000.0,R1_F1_m1f1_P1_Y30_UO280,R1_F1_m1f1_P1_Y28_UO283,R1_F1_m1f1_P1_Y28_UO311,MXY,1,31.0,0,0,0.0,0,0,0,-9999.0,0.4989013671875,1,P2_CV0,1,1,1,1,1,2,0,0,2,2,0,2,0,0,2,2,0,1,1,1,1,1,1,1,1,0,2,2,0,0,2,0,2
1,12200.0,8000.0,R1_F1_m1f1_P1_Y29_UO109,R1_F1_m1f1_P1_Y24_UO73,R1_F1_m1f1_P1_Y25_UO102,FXX,2,31.0,1,0,0.0,0,0,0,-9999.0,0.49755859375,1,P2_CV0,1,1,1,0,2,1,1,0,2,1,1,2,0,0,2,0,2,2,0,0,2,1,1,2,0,1,1,0,2,0,2,2,0
1,12200.0,8000.0,R1_F1_m1f1_P1_Y29_UO232,R1_F1_m1f1_P1_Y26_UO275,R1_F1_m1f1_P1_Y27_UO113,MXY,2,31.0,1,0,0.0,0,0,0,-9999.0,0.505340576171875,1,P2_CV0,1,1,1,2,0,2,0,0,2,2,0,2,0,1,1,0,2,0,2,0,2,2,0,2,0,1,1,1,1,0,2,2,0
1,12200.0,8000.0,R1_F1_m1f1_P1_Y29_UO112,R1_F1_m1f1_P1_Y24_UO73,R1_F1_m1f1_P1_Y25_UO102,FXX,2,31.0,1,0,1.306,0,0,0,-9999.0,0.49755859375,1,P2_CV0,1,1,1,0,2,2,0,0,2,1,1,2,0,0,2,0,2,2,0,1,1,1,1,2,0,2,0,0,2,1,1,2,0
1,12200.0,8000.0,R1_F1_m1f1_P1_Y29_UO263,R1_F1_m1f1_P1_Y27_UO111,R1_F1_m1f1_P1_Y26_UO157,MXY,2,31.0,1,0,0.0,0,0,0,-9999.0,0.5111083984375,1,P2_CV0,1,1,1,1,1,2,0,2,0,2,0,1,1,1,1,1,1,0,2,0,2,1,1,2,0,0,2,0,2,0,2,0,2
1,12200.0,8000.0,R1_F1_m1f1_P1_Y29_UO224,R1_F1_m1f1_P1_Y26_UO275,R1_F1_m1f1_P1_Y27_UO113,FXX,2,31.0,1,0,0.0,0,0,0,-9999.0,0.505340576171875,1,P2_CV0,1,1,1,1,1,2,0,0,2,2,0,2,0,0,2,0,2,1,1,0,2,1,1,1,1,1,1,0,2,1,1,2,0
1,12200.0,8000.0,R1_F1_m1f1_P1_Y29_UO261,R1_F1_m1f1_P1_Y27_UO111,R1_F1_m1f1_P1_Y26_UO157,FXX,2,31.0,1,0,0.0,0,0,0,-9999.0,0.5111083984375,1,P2_CV0,1,1,1,2,0,1,1,2,0,2,0,1,1,2,0,0,2,2,0,0,2,1,1,2,0,1,1,1,1,0,2,0,2
1,12200.0,8000.0,R1_F1_m1f1_P1_Y29_UO160,R1_F1_m1f1_P1_Y27_UO21,R1_F1_m1f1_P1_Y24_UO211,MXY,2,31.0,1,0,0.0,0,0,0,-9999.0,0.496337890625,1,P2_CV0,1,1,1,1,1,1,1,1,1,2,0,0,2,1,1,1,1,1,1,0,2,2,0,1,1,1,1,1,1,0,2,1,1
1,12200.0,8000.0,R1_F1_m1f1_P1_Y28_UO285,R1_F1_m1f1_P1_Y25_UO55,R1_F1_m1f1_P1_Y25_UO102,MXY,3,31.0,1,0,0.0,0,0,0,-9999.0,0.5113525390625,1,P2_CV0,1,1,1,1,1,1,1,0,2,1,1,1,1,1,1,1,1,1,1,1,1,1,1,1,1,2,0,1,1,1,1,2,0
1,12200.0,8000.0,R1_F1_m1f1_P1_Y28_UO139,R1_F1_m1f1_P1_Y25_UO55,R1_F1_m1f1_P1_Y26_UO6,FXX,3,31.0,1,0,1.747,0,0,0,-9999.0,0.4979248046875,1,P2_CV0,1,1,1,1,1,0,2,1,1,1,1,2,0,2,0,1,1,1,1,1,1,1,1,0,2,1,1,1,1,0,2,1,1
1,12200.0,8000.0,R1_F1_m1f1_P1_Y28_UO288,R1_F1_m1f1_P1_Y25_UO55,R1_F1_m1f1_P1_Y25_UO102,MXY,3,31.0,1,0,0.0,0,0,0,-9999.0,0.5113525390625,1,P2_CV0,1,0,2,1,1,1,1,0,2,1,1,2,0,0,2,1,1,1,1,1,1,1,1,1,1,2,0,1,1,1,1,2,0
1,12200.0,8000.0,R1_F1_m1f1_P1_Y28_UO283,R1_F1_m1f1_P1_Y25_UO55,R1_F1_m1f1_P1_Y25_UO102,FXX,3,31.0,1,0,1.908,0,0,0,-9999.0,0.5113525390625,1,P2_CV0,1,1,1,1,1,1,1,0,2,1,1,2,0,0,2,1,1,1,1,1,1,1,1,1,1,1,1,1,1,0,2,1,1
1,12200.0,8000.0,R1_F1_m1f1_P1_Y28_UO138,R1_F1_m1f1_P1_Y25_UO55,R1_F1_m1f1_P1_Y26_UO6,FXX,3,31.0,1,0,1.212,0,0,0,-9999.0,0.4979248046875,1,P2_CV0,1,0,2,2,0,1,1,1,1,2,0,2,0,1,1,2,0,1,1,1,1,0,2,0,2,1,1,1,1,0,2,1,1
1,12200.0,8000.0,R1_F1_m1f1_P1_Y28_UO136,R1_F1_m1f1_P1_Y25_UO55,R1_F1_m1f1_P1_Y26_UO6,MXY,3,31.0,1,0,0.0,0,0,0,-9999.0,0.4979248046875,1,P2_CV0,1,0,2,2,0,2,0,1,1,2,0,2,0,1,1,2,0,1,1,0,2,0,2,1,1,2,0,1,1,0,2,1,1
1,12200.0,8000.0,R1_F1_m1f1_P1_Y26_UO33,R1_F1_m1f1_P1_Y23_UO242,R1_F1_m1f1_P1_Y24_UO221,FXX,5,31.0,1,0,1.085,0,0,0,-9999.0,0.4801025390625,1,P2_CV0,1,0,2,1,1,0,2,0,2,0,2,1,1,1,1,0,2,1,1,1,1,2,0,2,0,0,2,2,0,0,2,2,0
1,12200.0,8000.0,R1_F1_m1f1_P1_Y30_UO74,R1_F1_m1f1_P1_Y27_UO160,R1_F1_m1f1_P1_Y28_UO288,MXY,1,31.0,0,0,0.0,0,0,0,-9999.0,0.50872802734375,1,P3_CV0,1,1,1,2,0,1,1,0,2,2,0,2,0,1,1,0,2,1,1,1,1,2,0,1,1,2,0,0,2,1,1,1,1
1,12200.0,8000.0,R1_F1_m1f1_P1_Y30_UO78,R1_F1_m1f1_P1_Y27_UO160,R1_F1_m1f1_P1_Y27_UO210,FXX,1,31.0,0,0,0.0,0,0,0,-9999.0,0.522857666015625,1,P3_CV0,1,1,1,2,0,0,2,0,2,1,1,1,1,1,1,1,1,1,1,0,2,1,1,0,2,0,2,0,2,0,2,1,1
1,12200.0,8000.0,R1_F1_m1f1_P1_Y30_UO169,R1_F1_m1f1_P1_Y27_UO215,R1_F1_m1f1_P1_Y27_UO51,MXY,1,31.0,0,0,0.0,0,0,0,-9999.0,0.503570556640625,1,P3_CV0,1,1,1,1,1,1,1,0,2,0,2,1,1,2,0,1,1,1,1,0,2,1,1,0,2,1,1,0,2,0,2,2,0
1,12200.0,8000.0,R1_F1_m1f1_P1_Y30_UO170,R1_F1_m1f1_P1_Y27_UO215,R1_F1_m1f1_P1_Y27_UO51,MXY,1,31.0,0,0,0.0,0,0,0,-9999.0,0.503570556640625,1,P3_CV0,1,1,1,0,2,1,1,0,2,1,1,1,1,1,1,2,0,1,1,1,1,2,0,1,1,0,2,0,2,0,2,2,0
1,12200.0,8000.0,R1_F1_m1f1_P1_Y30_UO171,R1_F1_m1f1_P1_Y27_UO215,R1_F1_m1f1_P1_Y27_UO51,FXX,1,31.0,0,0,0.0,0,0,0,-9999.0,0.503570556640625,1,P3_CV0,1,1,1,1,1,2,0,0,2,1,1,1,1,2,0,2,0,2,0,1,1,2,0,1,1,1,1,0,2,0,2,2,0
1,12200.0,8000.0,R1_F1_m1f1_P1_Y30_UO185,R1_F1_m1f1_P1_Y27_UO160,R1_F1_m1f1_P1_Y27_UO159,FXX,1,31.0,0,0,0.0,0,0,0,-9999.0,0.506103515625,1,P3_CV0,1,0,2,2,0,1,1,0,2,1,1,2,0,0,2,0,2,2,0,0,2,2,0,1,1,1,1,0,2,0,2,1,1
1,12200.0,8000.0,RD1_F1_m1f1_P1_Y30_UO186,R1_F1_m1f1_P1_Y27_UO160,R1_F1_m1f1_P1_Y27_UO159,MXY,1,31.0,0,0,0.0,0,0,0,-9999.0,0.506103515625,1,P3_CV0,1,2,0,2,0,0,2,0,2,1,1,2,0,1,1,0,2,0,2,0,2,2,0,2,0,0,2,0,2,0,2,1,1
1,12200.0,8000.0,R1_F1_m1f1_P1_Y30_UO238,R1_F1_m2f2_P2_Y25_UO82,R1_F1_m1f1_P1_Y28_UO285,FXX,1,31.0,0,0,0.0,0,0,0,-9999.0,0.484588623046875,1,P3_CV0,1,1,1,1,1,1,1,0,2,1,1,1,1,1,1,1,1,1,1,0,2,1,1,1,1,1,1,1,1,0,2,2,0
1,12200.0,8000.0,R1_F1_m1f1_P1_Y30_UO253,R1_F1_m1f1_P1_Y28_UO283,R1_F1_m1f1_P1_Y27_UO51,FXX,1,31.0,0,0,0.0,0,0,0,-9999.0,0.502410888671875,1,P3_CV0,1,2,0,1,1,0,2,0,2,1,1,1,1,1,1,1,1,1,1,1,1,0,2,1,1,1,1,1,1,0,2,2,0
1,12200.0,8000.0,R1_F1_m1f1_P1_Y30_UO281,R1_F1_m1f1_P1_Y28_UO269,R1_F1_m1f1_P1_Y27_UO51,MXY,1,31.0,0,0,0.0,0,0,0,-9999.0,0.48736572265625,1,P3_CV0,1,1,1,1,1,2,0,1,1,1,1,0,2,1,1,2,0,2,0,1,1,1,1,1,1,0,2,2,0,0,2,1,1
1,12200.0,8000.0,R1_F1_m1f1_P1_Y30_UO282,R1_F1_m1f1_P1_Y28_UO269,R1_F1_m1f1_P1_Y27_UO51,MXY,1,31.0,0,0,0.0,0,0,0,-9999.0,0.48736572265625,1,P3_CV0,1,1,1,2,0,2,0,1,1,0,2,0,2,2,0,2,0,2,0,0,2,0,2,1,1,0,2,1,1,0,2,1,1
1,12200.0,8000.0,R1_F1_m1f1_P1_Y28_UO160,R1_F1_m1f1_P1_Y25_UO55,R1_F1_m1f1_P1_Y26_UO274,MXY,3,31.0,1,0,0.0,0,0,0,-9999.0,0.515625,1,P3_CV0,1,0,2,2,0,0,2,1,1,2,0,2,0,2,0,1,1,0,2,1,1,1,1,1,1,1,1,1,1,0,2,1,1
1,12200.0,8000.0,R1_F1_m1f1_P1_Y27_UO51,R1_F1_m1f1_P1_Y25_UO184,R1_F1_m1f1_P1_Y25_UO56,MXY,4,31.0,1,0,0.0,0,0,0,-9999.0,0.49346923828125,1,P3_CV0,1,2,0,1,1,1,1,0,2,1,1,1,1,1,1,1,1,1,1,1,1,1,1,1,1,0,2,1,1,0,2,2,0
1,12200.0,8000.0,R1_F1_m1f1_P1_Y30_UO127,RD1_F5_m5f5_P5_Y27_UO64,R1_F1_m1f1_P1_Y27_UO212,MXY,1,31.0,0,0,0.0,0,0,0,-9999.0,0.5097503662109375,1,P4_CV0,1,1,1,1,1,2,0,0,2,0,2,1,1,0,2,2,0,0,2,0,2,0,2,0,2,1,1,1,1,0,2,1,1
1,12200.0,8000.0,R1_F1_m1f1_P1_Y30_UO128,RD1_F5_m5f5_P5_Y27_UO64,R1_F1_m1f1_P1_Y27_UO212,FXX,1,31.0,0,0,0.0,0,0,0,-9999.0,0.5097503662109375,1,P4_CV0,1,0,2,0,2,2,0,1,1,1,1,1,1,0,2,1,1,0,2,0,2,1,1,1,1,1,1,1,1,1,1,1,1
1,12200.0,8000.0,R1_F1_m1f1_P1_Y30_UO234,RD1_F5_m5f5_P5_Y27_UO64,R1_F1_m1f1_P1_Y28_UO285,MXY,1,31.0,0,0,0.0,0,0,0,-9999.0,0.4956207275390625,1,P4_CV0,1,2,0,1,1,1,1,0,2,1,1,1,1,1,1,1,1,1,1,0,2,1,1,1,1,1,1,2,0,1,1,2,0
1,12200.0,8000.0,R1_F1_m1f1_P1_Y29_UO108,R1_F1_m1f1_P1_Y24_UO73,R1_F1_m1f1_P1_Y25_UO102,MXY,2,31.0,1,0,0.0,0,0,0,-9999.0,0.49755859375,1,P4_CV0,1,0,2,0,2,2,0,0,2,1,1,1,1,0,2,0,2,2,0,0,2,1,1,2,0,1,1,0,2,0,2,2,0
1,12200.0,8000.0,R1_F1_m1f1_P1_Y29_UO106,R1_F1_m1f1_P1_Y24_UO73,R1_F1_m1f1_P1_Y25_UO102,FXX,2,31.0,1,0,1.062,0,0,0,-9999.0,0.49755859375,1,P4_CV0,1,1,1,1,1,2,0,0,2,0,2,1,1,0,2,0,2,2,0,0,2,1,1,2,0,1,1,0,2,1,1,2,0
1,12200.0,8000.0,RD1_F5_m5f5_P5_Y29_UO289,R5_F5_m5f5_P5_Y25_UO6,R5_F5_m6f6_P6_Y26_UO69,MXY,2,31.0,1,0,0.0,0,0,0,-9999.0,0.4789276123046875,1,P4_CV0,1,2,0,0,2,1,1,1,1,2,0,2,0,2,0,2,0,2,0,1,1,1,1,2,0,2,0,0,2,0,2,2,0
1,12200.0,8000.0,R1_F1_m5f5_P5_Y27_UO64,R5_F5_m5f5_P5_Y23_UO116,R5_F5_m5f5_P5_Y25_UO8,FXX,4,31.0,1,0,2.475,0,0,0,-9999.0,0.479888916015625,1,P4_CV0,1,1,1,0,2,2,0,0,2,0,2,1,1,0,2,2,0,1,1,1,1,1,1,1,1,1,1,2,0,1,1,2,0
1,12200.0,8000.0,R1_F1_m1f1_P1_Y30_UO69,R1_F1_m1f1_P1_Y27_UO215,R1_F1_m1f1_P1_Y25_UO102,FXX,1,31.0,0,0,0.0,0,0,0,-9999.0,0.508544921875,1,P5_CV0,1,0,2,1,1,1,1,0,2,0,2,1,1,1,1,1,1,2,0,1,1,2,0,1,1,1,1,0,2,1,1,2,0
1,12200.0,8000.0,R1_F1_m1f1_P1_Y30_UO70,R1_F1_m1f1_P1_Y27_UO215,R1_F1_m1f1_P1_Y25_UO102,FXX,1,31.0,0,0,0.0,0,0,0,-9999.0,0.508544921875,1,P5_CV0,1,0,2,2,0,1,1,0,2,0,2,2,0,0,2,1,1,1,1,0,2,2,0,2,0,1,1,0,2,0,2,2,0
1,12200.0,8000.0,R1_F1_m1f1_P1_Y30_UO71,R1_F1_m1f1_P1_Y27_UO215,R1_F1_m1f1_P1_Y25_UO102,FXX,1,31.0,0,0,0.0,0,0,0,-9999.0,0.508544921875,1,P5_CV0,1,0,2,2,0,1,1,0,2,0,2,1,1,1,1,1,1,1,1,0,2,2,0,2,0,1,1,0,2,1,1,1,1
1,12200.0,8000.0,R1_F1_m1f1_P1_Y30_UO124,R1_F1_m1f1_P1_Y27_UO215,R1_F1_m1f1_P1_Y28_UO136,MXY,1,31.0,0,0,0.0,0,0,0,-9999.0,0.50579833984375,1,P5_CV0,1,0,2,2,0,2,0,1,1,1,1,2,0,0,2,2,0,0,2,0,2,1,1,0,2,2,0,1,1,0,2,1,1
1,12200.0,8000.0,R1_F1_m1f1_P1_Y30_UO245,R1_F1_m1f1_P1_Y27_UO215,R1_F1_m1f1_P1_Y27_UO210,FXX,1,31.0,0,0,0.0,0,0,0,-9999.0,0.526641845703125,1,P5_CV0,1,1,1,0,2,1,1,0,2,0,2,1,1,1,1,2,0,0,2,0,2,1,1,0,2,0,2,0,2,1,1,0,2
1,12200.0,8000.0,RD1_F5_m5f5_P5_Y30_UO112,R5_F5_m5f5_P5_Y27_UO40,R5_F5_m5f5_P5_Y28_UO28,MXY,1,31.0,0,0,0.0,0,0,0,-9999.0,0.47475433349609375,1,P5_CV0,1,2,0,1,1,1,1,0,2,1,1,1,1,1,1,2,0,0,2,0,2,0,2,1,1,1,1,1,1,1,1,2,0
1,12200.0,8000.0,R1_F1_m1f1_P1_Y28_UO172,R1_F1_m1f1_P1_Y25_UO55,R1_F1_m1f1_P1_Y25_UO34,MXY,3,31.0,1,0,0.0,0,0,0,-9999.0,0.51513671875,1,P5_CV0,1,1,1,0,2,1,1,0,2,1,1,1,1,1,1,1,1,0,2,0,2,0,2,0,2,1,1,2,0,1,1,0,2
1,12200.0,8000.0,R1_F1_m1f1_P1_Y28_UO171,R1_F1_m1f1_P1_Y25_UO55,R1_F1_m1f1_P1_Y25_UO34,FXX,3,31.0,1,0,1.29,0,0,0,-9999.0,0.51513671875,1,P5_CV0,1,0,2,0,2,2,0,0,2,2,0,1,1,1,1,1,1,1,1,0,2,1,1,0,2,0,2,2,0,1,1,2,0
2,12100.0,8100.0,RD2_F1_m1f1_P1_Y30_UO180,R1_F1_m1f1_P1_Y27_UO115,R1_F1_m1f1_P1_Y28_UO313,FXX,1,31.0,0,0,0.0,0,0,0,-9999.0,0.4937744140625,1,P0_CV0,1,0,2,1,1,1,1,1,1,2,0,1,1,1,1,1,1,0,2,0,2,2,0,1,1,0,2,1,1,2,0,1,1
2,12100.0,8100.0,R2_F2_m2f2_P2_Y30_UO103,R2_F2_m2f2_P2_Y28_UO299,R2_F2_m2f2_P2_Y27_UO223,MXY,1,31.0,0,0,0.0,0,0,0,-9999.0,0.469146728515625,1,P1_CV0,1,0,2,1,1,2,0,1,1,1,1,1,1,1,1,0,2,1,1,0,2,2,0,2,0,1,1,1,1,2,0,1,1
2,12100.0,8100.0,R2_F2_m2f2_P2_Y29_UO152,R2_F2_m2f2_P2_Y27_UO238,R2_F2_m2f2_P2_Y27_UO223,FXX,2,31.0,1,0,1.65,0,0,0,-9999.0,0.47015380859375,1,P1_CV0,1,0,2,2,0,2,0,0,2,1,1,1,1,2,0,1,1,1,1,0,2,2,0,1,1,2,0,0,2,0,2,2,0
2,12100.0,8100.0,R2_F2_m2f2_P2_Y29_UO200,R2_F2_m2f2_P2_Y26_UO47,R2_F2_m2f2_P2_Y27_UO223,FXX,2,31.0,1,0,1.518,0,0,0,-9999.0,0.487640380859375,1,P1_CV0,1,0,2,1,1,1,1,1,1,0,2,1,1,2,0,0,2,2,0,0,2,1,1,1,1,1,1,1,1,1,1,2,0
2,12100.0,8100.0,R2_F2_m2f2_P2_Y27_UO225,R2_F2_m2f2_P2_Y24_UO165,R2_F2_m2f2_P2_Y25_UO176,MXY,4,31.0,1,0,0.0,0,0,0,-9999.0,0.48199462890625,1,P1_CV0,1,0,2,1,1,1,1,1,1,2,0,2,0,1,1,0,2,1,1,0,2,1,1,1,1,2,0,1,1,0,2,2,0
2,12100.0,8100.0,R2_F2_m2f2_P2_Y30_UO25,R2_F2_m2f2_P2_Y28_UO299,R2_F2_m2f2_P2_Y27_UO199,MXY,1,31.0,0,0,0.0,0,0,0,-9999.0,0.4636383056640625,1,P2_CV0,1,0,2,2,0,1,1,0,2,0,2,1,1,1,1,1,1,0,2,1,1,1,1,2,0,0,2,2,0,1,1,0,2
2,12100.0,8100.0,R2_F2_m2f2_P2_Y30_UO26,R2_F2_m2f2_P2_Y28_UO299,R2_F2_m2f2_P2_Y27_UO199,FXX,1,31.0,0,0,0.0,0,0,0,-9999.0,0.4636383056640625,1,P2_CV0,1,0,2,2,0,1,1,2,0,1,1,2,0,1,1,1,1,1,1,0,2,2,0,2,0,0,2,1,1,1,1,0,2
2,12100.0,8100.0,R2_F2_m2f2_P2_Y30_UO27,R2_F2_m2f2_P2_Y28_UO299,R2_F2_m2f2_P2_Y27_UO199,FXX,1,31.0,0,0,0.0,0,0,0,-9999.0,0.4636383056640625,1,P2_CV0,1,0,2,1,1,2,0,1,1,0,2,0,2,2,0,0,2,1,1,1,1,1,1,0,2,0,2,2,0,1,1,0,2
2,12100.0,8100.0,R2_F2_m2f2_P2_Y30_UO37,R2_F2_m2f2_P2_Y27_UO186,RD2_F2_m2f2_P2_Y28_UO144,MXY,1,31.0,0,0,0.0,0,0,0,-9999.0,0.4594879150390625,1,P2_CV0,1,1,1,1,1,1,1,0,2,0,2,1,1,2,0,0,2,0,2,0,2,2,0,2,0,2,0,0,2,0,2,2,0
2,12100.0,8100.0,R2_F2_m2f2_P2_Y30_UO65,R2_F2_m3f3_P3_Y27_UO89,R2_F2_m2f2_P2_Y28_UO237,FXX,1,31.0,0,0,0.0,0,0,0,-9999.0,0.4896240234375,1,P2_CV0,1,0,2,1,1,1,1,1,1,1,1,2,0,1,1,0,2,0,2,0,2,0,2,1,1,2,0,0,2,1,1,1,1
2,12100.0,8100.0,R2_F2_m2f2_P2_Y30_UO66,R2_F2_m3f3_P3_Y27_UO89,R2_F2_m2f2_P2_Y28_UO237,FXX,1,31.0,0,0,0.0,0,0,0,-9999.0,0.4896240234375,1,P2_CV0,1,1,1,1,1,1,1,1,1,1,1,2,0,1,1,1,1,0,2,1,1,0,2,1,1,1,1,0,2,1,1,2,0
2,12100.0,8100.0,R2_F2_m2f2_P2_Y30_UO97,R2_F2_m2f2_P2_Y26_UO86,R2_F2_m2f2_P2_Y27_UO199,MXY,1,31.0,0,0,0.0,0,0,0,-9999.0,0.4699554443359375,1,P2_CV0,1,0,2,0,2,1,1,1,1,2,0,2,0,2,0,1,1,1,1,0,2,2,0,0,2,1,1,2,0,1,1,1,1
2,12100.0,8100.0,R2_F2_m2f2_P2_Y30_UO99,R2_F2_m2f2_P2_Y26_UO86,R2_F2_m2f2_P2_Y27_UO199,MXY,1,31.0,0,0,0.0,0,0,0,-9999.0,0.4699554443359375,1,P2_CV0,1,0,2,1,1,1,1,1,1,1,1,1,1,2,0,1,1,1,1,0,2,1,1,2,0,1,1,1,1,1,1,0,2
2,12100.0,8100.0,R2_F2_m2f2_P2_Y30_UO101,R2_F2_m2f2_P2_Y28_UO299,R2_F2_m2f2_P2_Y28_UO236,MXY,1,31.0,0,0,0.0,0,0,0,-9999.0,0.44976806640625,1,P2_CV0,1,0,2,2,0,0,2,0,2,0,2,1,1,1,1,0,2,1,1,2,0,1,1,0,2,1,1,1,1,1,1,1,1
2,12100.0,8100.0,R2_F2_m2f2_P2_Y30_UO102,R2_F2_m2f2_P2_Y28_UO299,R2_F2_m2f2_P2_Y28_UO236,MXY,1,31.0,0,0,0.0,0,0,0,-9999.0,0.44976806640625,1,P2_CV0,1,0,2,2,0,2,0,0,2,0,2,1,1,2,0,0,2,1,1,2,0,1,1,1,1,1,1,2,0,1,1,0,2
2,12100.0,8100.0,R2_F2_m2f2_P2_Y30_UO118,R2_F2_m2f2_P2_Y26_UO89,RD2_F1_m1f1_P1_Y28_UO173,MXY,1,31.0,0,0,0.0,0,0,0,-9999.0,0.48492431640625,1,P2_CV0,1,0,2,1,1,2,0,0,2,1,1,1,1,0,2,1,1,0,2,1,1,1,1,0,2,2,0,2,0,1,1,0,2
2,12100.0,8100.0,R2_F2_m2f2_P2_Y30_UO146,R2_F2_m2f2_P2_Y27_UO238,R2_F2_m2f2_P2_Y27_UO143,MXY,1,31.0,0,0,0.0,0,0,0,-9999.0,0.454681396484375,1,P2_CV0,1,0,2,0,2,2,0,1,1,2,0,2,0,2,0,0,2,0,2,0,2,2,0,2,0,2,0,1,1,0,2,2,0
2,12100.0,8100.0,R2_F2_m2f2_P2_Y30_UO148,R2_F2_m2f2_P2_Y27_UO238,R2_F2_m2f2_P2_Y27_UO143,FXX,1,31.0,0,0,0.0,0,0,0,-9999.0,0.454681396484375,1,P2_CV0,1,1,1,0,2,2,0,0,2,2,0,1,1,2,0,0,2,1,1,0,2,2,0,1,1,2,0,0,2,0,2,2,0
2,12100.0,8100.0,R2_F2_m2f2_P2_Y30_UO164,R2_F2_m2f2_P2_Y27_UO185,RD2_F2_m2f2_P2_Y28_UO144,FXX,1,31.0,0,0,0.0,0,0,0,-9999.0,0.4594879150390625,1,P2_CV0,1,1,1,0,2,1,1,1,1,0,2,1,1,1,1,1,1,0,2,1,1,1,1,1,1,2,0,0,2,0,2,2,0
2,12100.0,8100.0,R2_F2_m2f2_P2_Y30_UO215,R2_F2_m2f2_P2_Y28_UO299,R2_F2_m2f2_P2_Y27_UO199,MXY,1,31.0,0,0,0.0,0,0,0,-9999.0,0.4636383056640625,1,P2_CV0,1,0,2,2,0,2,0,2,0,1,1,1,1,2,0,1,1,1,1,1,1,2,0,2,0,0,2,2,0,1,1,0,2
2,12100.0,8100.0,R2_F2_m2f2_P2_Y30_UO216,R2_F2_m2f2_P2_Y28_UO299,R2_F2_m2f2_P2_Y27_UO199,MXY,1,31.0,0,0,0.0,0,0,0,-9999.0,0.4636383056640625,1,P2_CV0,1,0,2,2,0,2,0,1,1,0,2,1,1,2,0,0,2,1,1,0,2,1,1,2,0,0,2,1,1,1,1,0,2
2,12100.0,8100.0,R2_F2_m2f2_P2_Y30_UO217,R2_F2_m2f2_P2_Y28_UO299,R2_F2_m2f2_P2_Y27_UO199,MXY,1,31.0,0,0,0.0,0,0,0,-9999.0,0.4636383056640625,1,P2_CV0,1,0,2,1,1,1,1,2,0,0,2,0,2,2,0,1,1,1,1,0,2,1,1,0,2,0,2,2,0,1,1,0,2
2,12100.0,8100.0,R2_F2_m2f2_P2_Y30_UO270,R2_F2_m2f2_P2_Y26_UO89,R2_F2_m2f2_P2_Y28_UO236,FXX,1,31.0,0,0,0.0,0,0,0,-9999.0,0.448974609375,1,P2_CV0,1,0,2,2,0,2,0,0,2,0,2,2,0,1,1,0,2,0,2,0,2,1,1,1,1,1,1,1,1,0,2,1,1
2,12100.0,8100.0,R2_F2_m2f2_P2_Y30_UO286,R2_F2_m3f3_P3_Y27_UO89,R2_F2_m2f2_P2_Y27_UO143,MXY,1,31.0,0,0,0.0,0,0,0,-9999.0,0.4935302734375,1,P2_CV0,1,1,1,0,2,1,1,1,1,2,0,1,1,1,1,1,1,0,2,1,1,1,1,2,0,2,0,1,1,1,1,2,0
2,12100.0,8100.0,RD2_F3_m3f3_P3_Y30_UO15,R3_F3_m3f3_P3_Y26_UO251,R3_F3_m3f3_P3_Y26_UO254,MXY,1,31.0,0,0,0.0,0,0,0,-9999.0,0.50506591796875,1,P2_CV0,1,2,0,2,0,0,2,1,1,2,0,1,1,1,1,1,1,1,1,1,1,0,2,2,0,1,1,2,0,1,1,0,2
2,12100.0,8100.0,R2_F2_m2f2_P2_Y29_UO244,R2_F2_m2f2_P2_Y27_UO184,R2_F2_m2f2_P2_Y26_UO50,FXX,2,31.0,1,0,0.0,0,0,0,-9999.0,0.479034423828125,1,P2_CV0,1,2,0,1,1,2,0,1,1,1,1,0,2,1,1,1,1,1,1,0,2,1,1,1,1,2,0,0,2,1,1,2,0
2,12100.0,8100.0,R2_F2_m2f2_P2_Y29_UO280,R2_F2_m3f3_P3_Y27_UO89,R2_F2_m2f2_P2_Y27_UO170,FXX,2,31.0,1,0,2.302,0,0,0,-9999.0,0.503631591796875,1,P2_CV0,1,1,1,0,2,1,1,1,1,1,1,0,2,0,2,1,1,1,1,0,2,1,1,2,0,0,2,1,1,2,0,0,2
2,12100.0,8100.0,R2_F2_m2f2_P2_Y29_UO80,R2_F2_m2f2_P2_Y27_UO185,R2_F2_m2f2_P2_Y24_UO196,MXY,2,31.0,1,0,0.0,0,0,0,-9999.0,0.454010009765625,1,P2_CV0,1,1,1,1,1,1,1,1,1,0,2,1,1,1,1,1,1,0,2,1,1,1,1,2,0,1,1,0,2,0,2,2,0
2,12100.0,8100.0,R2_F2_m2f2_P2_Y29_UO257,R2_F2_m3f3_P3_Y27_UO89,RD2_F3_m4f4_P4_Y26_UO267,FXX,2,31.0,1,0,1.116,0,0,0,-9999.0,0.5103759765625,1,P2_CV0,1,0,2,0,2,0,2,1,1,2,0,1,1,0,2,2,0,1,1,2,0,1,1,1,1,1,1,1,1,1,1,2,0
2,12100.0,8100.0,R2_F2_m2f2_P2_Y29_UO283,R2_F2_m3f3_P3_Y27_UO89,R2_F2_m2f2_P2_Y27_UO170,FXX,2,31.0,1,0,1.57,0,0,0,-9999.0,0.503631591796875,1,P2_CV0,1,1,1,0,2,1,1,1,1,1,1,1,1,0,2,0,2,1,1,0,2,1,1,2,0,1,1,0,2,1,1,0,2
2,12100.0,8100.0,R2_F2_m2f2_P2_Y29_UO1,R2_F2_m2f2_P2_Y26_UO47,RD2_F4_m4f4_P4_Y24_UO184,MXY,2,31.0,1,0,0.0,0,0,0,-9999.0,0.49542236328125,1,P2_CV0,1,0,2,1,1,1,1,0,2,2,0,0,2,2,0,0,2,0,2,0,2,1,1,2,0,2,0,0,2,2,0,0,2
2,12100.0,8100.0,R2_F2_m2f2_P2_Y29_UO259,R2_F2_m3f3_P3_Y27_UO89,RD2_F3_m4f4_P4_Y26_UO267,FXX,2,31.0,1,0,1.748,0,0,0,-9999.0,0.5103759765625,1,P2_CV0,1,1,1,0,2,0,2,1,1,2,0,1,1,0,2,2,0,1,1,2,0,0,2,1,1,0,2,1,1,1,1,1,1
2,12100.0,8100.0,R2_F2_m2f2_P2_Y29_UO174,R2_F2_m2f2_P2_Y26_UO47,R2_F2_m2f2_P2_Y26_UO82,MXY,2,31.0,1,0,0.0,0,0,0,-9999.0,0.481109619140625,1,P2_CV0,1,1,1,1,1,1,1,1,1,2,0,1,1,1,1,1,1,1,1,0,2,1,1,1,1,0,2,0,2,1,1,1,1
2,12100.0,8100.0,R2_F2_m2f2_P2_Y29_UO281,R2_F2_m3f3_P3_Y27_UO89,R2_F2_m2f2_P2_Y27_UO170,FXX,2,31.0,1,0,0.0,0,0,0,-9999.0,0.503631591796875,1,P2_CV0,1,0,2,0,2,1,1,1,1,1,1,2,0,0,2,0,2,1,1,1,1,1,1,2,0,1,1,1,1,1,1,1,1
2,12100.0,8100.0,RD2_F3_m3f3_P3_Y29_UO203,R3_F3_m3f3_P3_Y26_UO178,R3_F3_m1f1_P1_Y25_UO99,MXY,2,31.0,1,0,0.0,0,0,0,-9999.0,0.53997802734375,1,P2_CV0,1,1,1,0,2,2,0,1,1,2,0,1,1,1,1,2,0,0,2,0,2,0,2,2,0,2,0,1,1,1,1,1,1
2,12100.0,8100.0,R2_F2_m2f2_P2_Y28_UO117,R2_F2_m2f2_P2_Y24_UO193,R2_F2_m2f2_P2_Y26_UO84,FXX,3,31.0,1,0,0.0,0,0,0,-9999.0,0.456085205078125,1,P2_CV0,1,1,1,1,1,0,2,0,2,1,1,2,0,2,0,1,1,1,1,1,1,2,0,0,2,2,0,2,0,0,2,1,1
2,12100.0,8100.0,R2_F2_m2f2_P2_Y28_UO143,R2_F2_m2f2_P2_Y26_UO228,R2_F2_m2f2_P2_Y25_UO176,MXY,3,31.0,1,0,0.0,0,0,0,-9999.0,0.454193115234375,1,P2_CV0,1,1,1,1,1,2,0,0,2,2,0,1,1,2,0,1,1,0,2,0,2,1,1,1,1,2,0,0,2,0,2,2,0
2,12100.0,8100.0,R2_F2_m2f2_P2_Y28_UO142,R2_F2_m2f2_P2_Y26_UO228,R2_F2_m2f2_P2_Y25_UO176,MXY,3,31.0,1,0,0.0,0,0,0,-9999.0,0.454193115234375,1,P2_CV0,1,1,1,2,0,1,1,1,1,1,1,0,2,2,0,0,2,0,2,1,1,1,1,2,0,2,0,0,2,0,2,2,0
2,12100.0,8100.0,R2_F2_m2f2_P2_Y28_UO144,R2_F2_m2f2_P2_Y26_UO228,R2_F2_m2f2_P2_Y25_UO176,MXY,3,31.0,1,0,0.0,0,0,0,-9999.0,0.454193115234375,1,P2_CV0,1,0,2,1,1,2,0,1,1,0,2,1,1,2,0,0,2,0,2,1,1,1,1,1,1,2,0,1,1,0,2,2,0
2,12100.0,8100.0,R2_F2_m2f2_P2_Y28_UO240,R2_F2_m2f2_P2_Y24_UO193,R2_F2_m2f2_P2_Y24_UO196,FXX,3,31.0,1,0,1.002,0,0,0,-9999.0,0.4432373046875,1,P2_CV0,1,0,2,2,0,1,1,0,2,0,2,2,0,2,0,0,2,0,2,1,1,0,2,2,0,1,1,0,2,0,2,2,0
2,12100.0,8100.0,R2_F2_m2f2_P2_Y28_UO236,R2_F2_m2f2_P2_Y24_UO193,R2_F2_m2f2_P2_Y24_UO196,MXY,3,31.0,1,0,0.0,0,0,0,-9999.0,0.4432373046875,1,P2_CV0,1,0,2,2,0,1,1,0,2,0,2,1,1,2,0,0,2,0,2,1,1,0,2,1,1,2,0,1,1,0,2,1,1
2,12100.0,8100.0,R2_F2_m2f2_P2_Y28_UO241,R2_F2_m2f2_P2_Y24_UO193,R2_F2_m2f2_P2_Y24_UO196,FXX,3,31.0,1,0,1.0,0,0,0,-9999.0,0.4432373046875,1,P2_CV0,1,0,2,2,0,2,0,0,2,0,2,1,1,2,0,0,2,0,2,1,1,0,2,0,2,2,0,1,1,0,2,0,2
2,12100.0,8100.0,R2_F2_m1f1_P1_Y28_UO173,R1_F1_m1f1_P1_Y25_UO55,R1_F1_m1f1_P1_Y25_UO34,MXY,3,31.0,1,0,0.0,0,0,0,-9999.0,0.51513671875,1,P2_CV0,1,1,1,0,2,1,1,0,2,2,0,1,1,1,1,2,0,0,2,1,1,1,1,0,2,1,1,1,1,1,1,1,1
2,12100.0,8100.0,R2_F2_m2f2_P2_Y30_UO19,R2_F2_m2f2_P2_Y28_UO299,R2_F2_m2f2_P2_Y27_UO204,MXY,1,31.0,0,0,0.0,0,0,0,-9999.0,0.4533233642578125,1,P3_CV0,1,0,2,1,1,1,1,0,2,0,2,0,2,2,0,0,2,2,0,1,1,1,1,1,1,1,1,2,0,1,1,1,1
2,12100.0,8100.0,R2_F2_m2f2_P2_Y30_UO20,R2_F2_m2f2_P2_Y28_UO299,R2_F2_m2f2_P2_Y27_UO204,FXX,1,31.0,0,0,0.0,0,0,0,-9999.0,0.4533233642578125,1,P3_CV0,1,0,2,1,1,2,0,2,0,0,2,0,2,2,0,1,1,2,0,1,1,2,0,1,1,1,1,2,0,1,1,1,1
2,12100.0,8100.0,R2_F2_m2f2_P2_Y30_UO21,R2_F2_m2f2_P2_Y28_UO299,R2_F2_m2f2_P2_Y27_UO204,FXX,1,31.0,0,0,0.0,0,0,0,-9999.0,0.4533233642578125,1,P3_CV0,1,0,2,1,1,2,0,1,1,0,2,0,2,2,0,0,2,2,0,0,2,1,1,1,1,1,1,2,0,1,1,1,1
2,12100.0,8100.0,R2_F2_m2f2_P2_Y30_UO72,R2_F2_m2f2_P2_Y28_UO299,R2_F2_m2f2_P2_Y28_UO143,MXY,1,31.0,0,0,0.0,0,0,0,-9999.0,0.4552459716796875,1,P3_CV0,1,0,2,2,0,1,1,0,2,1,1,1,1,1,1,0,2,0,2,1,1,2,0,1,1,1,1,1,1,1,1,1,1
2,12100.0,8100.0,R2_F2_m2f2_P2_Y30_UO73,R2_F2_m2f2_P2_Y28_UO299,R2_F2_m2f2_P2_Y28_UO143,MXY,1,31.0,0,0,0.0,0,0,0,-9999.0,0.4552459716796875,1,P3_CV0,1,0,2,1,1,1,1,0,2,1,1,1,1,2,0,2,0,1,1,0,2,2,0,0,2,1,1,1,1,1,1,1,1
2,12100.0,8100.0,R2_F2_m2f2_P2_Y30_UO92,R2_F2_m2f2_P2_Y28_UO299,R2_F2_m2f2_P2_Y27_UO143,MXY,1,31.0,0,0,0.0,0,0,0,-9999.0,0.45367431640625,1,P3_CV0,1,1,1,1,1,2,0,1,1,1,1,1,1,2,0,1,1,1,1,0,2,2,0,2,0,1,1,1,1,1,1,1,1
2,12100.0,8100.0,R2_F2_m2f2_P2_Y30_UO93,R2_F2_m2f2_P2_Y28_UO299,R2_F2_m2f2_P2_Y27_UO143,FXX,1,31.0,0,0,0.0,0,0,0,-9999.0,0.45367431640625,1,P3_CV0,1,1,1,1,1,2,0,0,2,1,1,1,1,2,0,0,2,0,2,1,1,2,0,2,0,1,1,2,0,1,1,1,1
2,12100.0,8100.0,R2_F2_m2f2_P2_Y30_UO95,R2_F2_m2f2_P2_Y26_UO86,R2_F2_m2f2_P2_Y27_UO199,FXX,1,31.0,0,0,0.0,0,0,0,-9999.0,0.4699554443359375,1,P3_CV0,1,0,2,1,1,1,1,2,0,1,1,1,1,2,0,1,1,1,1,0,2,2,0,1,1,1,1,2,0,1,1,0,2
2,12100.0,8100.0,R2_F2_m2f2_P2_Y30_UO96,R2_F2_m2f2_P2_Y26_UO86,R2_F2_m2f2_P2_Y27_UO199,MXY,1,31.0,0,0,0.0,0,0,0,-9999.0,0.4699554443359375,1,P3_CV0,1,0,2,2,0,1,1,2,0,1,1,1,1,2,0,1,1,1,1,0,2,2,0,0,2,0,2,2,0,1,1,1,1
2,12100.0,8100.0,R2_F2_m2f2_P2_Y30_UO98,R2_F2_m2f2_P2_Y26_UO86,R2_F2_m2f2_P2_Y27_UO199,MXY,1,31.0,0,0,0.0,0,0,0,-9999.0,0.4699554443359375,1,P3_CV0,1,0,2,2,0,1,1,2,0,1,1,1,1,2,0,1,1,1,1,0,2,1,1,0,2,1,1,2,0,1,1,1,1
2,12100.0,8100.0,R2_F2_m2f2_P2_Y30_UO100,R2_F2_m2f2_P2_Y26_UO86,R2_F2_m2f2_P2_Y27_UO199,FXX,1,31.0,0,0,0.0,0,0,0,-9999.0,0.4699554443359375,1,P3_CV0,1,0,2,0,2,1,1,2,0,1,1,1,1,2,0,1,1,1,1,0,2,1,1,1,1,1,1,1,1,1,1,1,1
2,12100.0,8100.0,R2_F2_m2f2_P2_Y30_UO117,R2_F2_m2f2_P2_Y26_UO89,RD2_F1_m1f1_P1_Y28_UO173,MXY,1,31.0,0,0,0.0,0,0,0,-9999.0,0.48492431640625,1,P3_CV0,1,1,1,1,1,2,0,0,2,1,1,0,2,0,2,1,1,0,2,1,1,2,0,1,1,2,0,0,2,1,1,0,2
2,12100.0,8100.0,R2_F2_m2f2_P2_Y30_UO119,R2_F2_m2f2_P2_Y26_UO89,RD2_F1_m1f1_P1_Y28_UO173,MXY,1,31.0,0,0,0.0,0,0,0,-9999.0,0.48492431640625,1,P3_CV0,1,0,2,1,1,2,0,0,2,1,1,1,1,2,0,1,1,0,2,0,2,1,1,0,2,2,0,0,2,1,1,1,1
2,12100.0,8100.0,R2_F2_m2f2_P2_Y30_UO120,R2_F2_m2f2_P2_Y26_UO89,RD2_F1_m1f1_P1_Y28_UO173,FXX,1,31.0,0,0,0.0,0,0,0,-9999.0,0.48492431640625,1,P3_CV0,1,1,1,1,1,2,0,0,2,1,1,1,1,2,0,1,1,0,2,1,1,2,0,0,2,1,1,0,2,1,1,0,2
2,12100.0,8100.0,R2_F2_m2f2_P2_Y30_UO121,R2_F2_m2f2_P2_Y26_UO89,RD2_F1_m1f1_P1_Y28_UO173,FXX,1,31.0,0,0,0.0,0,0,0,-9999.0,0.48492431640625,1,P3_CV0,1,0,2,1,1,2,0,0,2,1,1,0,2,1,1,1,1,0,2,1,1,1,1,0,2,1,1,1,1,0,2,1,1
2,12100.0,8100.0,R2_F2_m2f2_P2_Y30_UO147,R2_F2_m2f2_P2_Y27_UO238,R2_F2_m2f2_P2_Y27_UO143,FXX,1,31.0,0,0,0.0,0,0,0,-9999.0,0.454681396484375,1,P3_CV0,1,1,1,0,2,2,0,0,2,2,0,2,0,2,0,0,2,0,2,0,2,2,0,1,1,2,0,1,1,0,2,2,0
2,12100.0,8100.0,R2_F2_m2f2_P2_Y30_UO149,R2_F2_m2f2_P2_Y27_UO238,R2_F2_m2f2_P2_Y27_UO143,FXX,1,31.0,0,0,0.0,0,0,0,-9999.0,0.454681396484375,1,P3_CV0,1,0,2,1,1,2,0,1,1,2,0,1,1,2,0,0,2,1,1,0,2,2,0,2,0,2,0,1,1,0,2,2,0
2,12100.0,8100.0,R2_F2_m2f2_P2_Y30_UO163,R2_F2_m2f2_P2_Y27_UO185,RD2_F2_m2f2_P2_Y28_UO144,MXY,1,31.0,0,0,0.0,0,0,0,-9999.0,0.4594879150390625,1,P3_CV0,1,1,1,0,2,2,0,1,1,1,1,1,1,1,1,1,1,0,2,0,2,2,0,2,0,2,0,1,1,0,2,2,0
2,12100.0,8100.0,R2_F2_m2f2_P2_Y30_UO214,R2_F2_m2f2_P2_Y28_UO299,R2_F2_m2f2_P2_Y27_UO199,MXY,1,31.0,0,0,0.0,0,0,0,-9999.0,0.4636383056640625,1,P3_CV0,1,0,2,2,0,2,0,1,1,1,1,1,1,1,1,0,2,0,2,0,2,1,1,0,2,0,2,1,1,1,1,0,2
2,12100.0,8100.0,R2_F2_m2f2_P2_Y30_UO268,R2_F2_m2f2_P2_Y26_UO89,R2_F2_m2f2_P2_Y28_UO236,FXX,1,31.0,0,0,0.0,0,0,0,-9999.0,0.448974609375,1,P3_CV0,1,0,2,2,0,2,0,0,2,0,2,1,1,1,1,0,2,0,2,0,2,0,2,0,2,1,1,0,2,0,2,1,1
2,12100.0,8100.0,R2_F2_m2f2_P2_Y30_UO269,R2_F2_m2f2_P2_Y26_UO89,R2_F2_m2f2_P2_Y28_UO236,FXX,1,31.0,0,0,0.0,0,0,0,-9999.0,0.448974609375,1,P3_CV0,1,0,2,2,0,2,0,0,2,0,2,1,1,1,1,0,2,0,2,1,1,0,2,2,0,2,0,1,1,0,2,1,1
2,12100.0,8100.0,R2_F2_m2f2_P2_Y30_UO274,R2_F2_m2f2_P2_Y28_UO242,R2_F2_m2f2_P2_Y28_UO206,MXY,1,31.0,0,0,0.0,0,0,0,-9999.0,0.4582977294921875,1,P3_CV0,1,0,2,2,0,1,1,1,1,0,2,1,1,1,1,1,1,1,1,1,1,1,1,1,1,1,1,1,1,1,1,1,1
2,12100.0,8100.0,R2_F2_m2f2_P2_Y30_UO287,R2_F2_m3f3_P3_Y27_UO89,R2_F2_m2f2_P2_Y27_UO143,MXY,1,31.0,0,0,0.0,0,0,0,-9999.0,0.4935302734375,1,P3_CV0,1,0,2,0,2,1,1,1,1,2,0,1,1,1,1,0,2,1,1,1,1,1,1,2,0,1,1,0,2,1,1,1,1
2,12100.0,8100.0,R2_F2_m2f2_P2_Y29_UO29,R2_F2_m2f2_P2_Y27_UO185,R2_F2_m2f2_P2_Y26_UO84,FXX,2,31.0,1,0,1.918,0,0,0,-9999.0,0.46685791015625,1,P3_CV0,1,2,0,0,2,0,2,0,2,2,0,1,1,0,2,2,0,1,1,1,1,1,1,1,1,2,0,1,1,1,1,1,1
2,12100.0,8100.0,R2_F2_m2f2_P2_Y29_UO3,R2_F2_m2f2_P2_Y26_UO47,RD2_F4_m4f4_P4_Y24_UO184,MXY,2,31.0,1,0,0.0,0,0,0,-9999.0,0.49542236328125,1,P3_CV0,1,1,1,2,0,1,1,0,2,2,0,0,2,1,1,0,2,0,2,0,2,1,1,2,0,1,1,0,2,0,2,1,1
2,12100.0,8100.0,R2_F2_m2f2_P2_Y29_UO205,R2_F2_m2f2_P2_Y27_UO185,RD2_F2_m2f2_P2_Y26_UO95,FXX,2,31.0,1,0,1.315,0,0,0,-9999.0,0.459747314453125,1,P3_CV0,1,0,2,1,1,2,0,1,1,0,2,1,1,1,1,1,1,0,2,0,2,1,1,2,0,1,1,2,0,0,2,2,0
2,12100.0,8100.0,R2_F2_m2f2_P2_Y29_UO2,R2_F2_m2f2_P2_Y26_UO47,RD2_F4_m4f4_P4_Y24_UO184,MXY,2,31.0,1,0,0.0,0,0,0,-9999.0,0.49542236328125,1,P3_CV0,1,1,1,1,1,1,1,0,2,2,0,0,2,2,0,0,2,0,2,0,2,1,1,2,0,2,0,0,2,0,2,0,2
2,12100.0,8100.0,R2_F2_m2f2_P2_Y29_UO115,R2_F2_m2f2_P2_Y27_UO185,R2_F2_m2f2_P2_Y26_UO231,FXX,2,31.0,1,0,1.0,0,0,0,-9999.0,0.45806884765625,1,P3_CV0,1,0,2,1,1,2,0,2,0,0,2,2,0,2,0,1,1,1,1,1,1,1,1,1,1,2,0,1,1,1,1,2,0
2,12100.0,8100.0,R2_F2_m2f2_P2_Y28_UO207,R2_F2_m2f2_P2_Y26_UO81,R2_F2_m2f2_P2_Y25_UO117,MXY,3,31.0,1,0,0.0,0,0,0,-9999.0,0.465240478515625,1,P3_CV0,1,1,1,1,1,0,2,2,0,2,0,1,1,2,0,2,0,1,1,2,0,2,0,0,2,0,2,1,1,2,0,0,2
2,12100.0,8100.0,R2_F2_m2f2_P2_Y28_UO299,R2_F2_m2f2_P2_Y24_UO8,R2_F2_m2f2_P2_Y25_UO117,FXX,3,31.0,1,0,0.0,0,0,0,-9999.0,0.456298828125,1,P3_CV0,1,0,2,2,0,1,1,1,1,0,2,1,1,1,1,1,1,1,1,1,1,2,0,1,1,0,2,2,0,2,0,0,2
2,12100.0,8100.0,R2_F2_m2f2_P2_Y28_UO206,R2_F2_m2f2_P2_Y26_UO81,R2_F2_m2f2_P2_Y25_UO117,MXY,3,31.0,1,0,0.0,0,0,0,-9999.0,0.465240478515625,1,P3_CV0,1,0,2,1,1,0,2,2,0,1,1,1,1,1,1,1,1,0,2,1,1,2,0,0,2,0,2,1,1,1,1,0,2
2,12100.0,8100.0,R2_F2_m2f2_P2_Y28_UO301,R2_F2_m2f2_P2_Y24_UO8,R2_F2_m2f2_P2_Y25_UO117,MXY,3,31.0,1,0,0.0,0,0,0,-9999.0,0.456298828125,1,P3_CV0,1,0,2,2,0,1,1,2,0,1,1,1,1,1,1,0,2,1,1,0,2,2,0,1,1,1,1,2,0,0,2,0,2
2,12100.0,8100.0,R2_F2_m2f2_P2_Y27_UO239,R2_F2_m2f2_P2_Y25_UO170,R2_F2_m2f2_P2_Y25_UO176,MXY,4,31.0,1,0,0.0,0,0,0,-9999.0,0.45831298828125,1,P3_CV0,1,1,1,1,1,2,0,2,0,2,0,2,0,2,0,1,1,0,2,0,2,2,0,2,0,2,0,1,1,0,2,2,0
2,12100.0,8100.0,R2_F2_m2f2_P2_Y26_UO86,R2_F2_m2f2_P2_Y21_UO248,R2_F2_m2f2_P2_Y24_UO161,FXX,5,31.0,1,0,1.49,0,0,0,-9999.0,0.46893310546875,1,P3_CV0,1,0,2,1,1,0,2,2,0,1,1,2,0,2,0,1,1,2,0,0,2,1,1,1,1,1,1,2,0,2,0,1,1
2,12100.0,8100.0,R2_F2_m2f2_P2_Y26_UO89,R2_F2_m2f2_P2_Y24_UO195,R2_F2_m2f2_P2_Y24_UO97,FXX,5,31.0,1,0,1.0,0,0,0,-9999.0,0.4547119140625,1,P3_CV0,1,0,2,2,0,2,0,0,2,0,2,1,1,1,1,0,2,0,2,0,2,1,1,1,1,1,1,1,1,0,2,0,2
2,12100.0,8100.0,R2_F2_m2f2_P2_Y30_UO54,R2_F2_m2f2_P2_Y28_UO299,R2_F2_m2f2_P2_Y27_UO170,MXY,1,31.0,0,0,0.0,0,0,0,-9999.0,0.463775634765625,1,P4_CV0,1,0,2,1,1,2,0,1,1,0,2,1,1,1,1,0,2,1,1,0,2,2,0,2,0,0,2,2,0,2,0,0,2
2,12100.0,8100.0,R2_F2_m2f2_P2_Y30_UO212,R2_F2_m2f2_P2_Y27_UO186,R2_F2_m2f2_P2_Y28_UO50,MXY,1,31.0,0,0,0.0,0,0,0,-9999.0,0.4817352294921875,1,P4_CV0,1,1,1,0,2,2,0,0,2,1,1,1,1,2,0,0,2,1,1,0,2,0,2,2,0,2,0,1,1,2,0,1,1
2,12100.0,8100.0,R2_F2_m2f2_P2_Y30_UO213,R2_F2_m2f2_P2_Y27_UO186,R2_F2_m2f2_P2_Y28_UO50,FXX,1,31.0,0,0,0.0,0,0,0,-9999.0,0.4817352294921875,1,P4_CV0,1,1,1,0,2,1,1,0,2,2,0,1,1,2,0,1,1,0,2,0,2,1,1,2,0,2,0,2,0,0,2,1,1
2,12100.0,8100.0,R2_F2_m5f5_P5_Y29_UO15,R5_F5_m5f5_P5_Y26_UO195,R5_F5_m5f5_P5_Y27_UO66,FXX,2,31.0,1,0,1.496,0,0,0,-9999.0,0.4781341552734375,1,P4_CV0,1,2,0,0,2,1,1,1,1,1,1,1,1,0,2,2,0,1,1,0,2,1,1,0,2,1,1,2,0,0,2,1,1
2,12100.0,8100.0,R2_F2_m2f2_P2_Y29_UO243,R2_F2_m2f2_P2_Y27_UO184,R2_F2_m2f2_P2_Y26_UO50,MXY,2,31.0,1,0,0.0,0,0,0,-9999.0,0.479034423828125,1,P4_CV0,1,1,1,0,2,2,0,0,2,2,0,0,2,1,1,1,1,1,1,0,2,2,0,1,1,2,0,1,1,2,0,2,0
2,12100.0,8100.0,R2_F2_m2f2_P2_Y29_UO77,R2_F2_m2f2_P2_Y26_UO47,R2_F2_m2f2_P2_Y27_UO170,FXX,2,31.0,1,0,1.236,0,0,0,-9999.0,0.482269287109375,1,P4_CV0,1,0,2,0,2,2,0,0,2,0,2,1,1,1,1,0,2,2,0,0,2,1,1,1,1,0,2,0,2,0,2,1,1
2,12100.0,8100.0,R2_F2_m5f5_P5_Y29_UO93,R5_F5_m5f5_P5_Y25_UO6,R5_F5_m5f5_P5_Y26_UO146,FXX,2,31.0,1,0,1.0,0,0,0,-9999.0,0.442840576171875,1,P4_CV0,1,1,1,1,1,2,0,1,1,1,1,1,1,1,1,1,1,1,1,1,1,1,1,2,0,2,0,1,1,0,2,1,1
2,12100.0,8100.0,R2_F2_m2f2_P2_Y28_UO50,R2_F2_m1f1_P1_Y23_UO86,R2_F2_m2f2_P2_Y26_UO158,MXY,3,31.0,1,0,0.0,0,0,0,-9999.0,0.498687744140625,1,P4_CV0,1,1,1,0,2,2,0,0,2,1,1,1,1,1,1,0,2,1,1,0,2,1,1,2,0,1,1,1,1,1,1,0,2
2,12100.0,8100.0,R2_F2_m2f2_P2_Y28_UO63,R2_F2_m2f2_P2_Y24_UO193,R2_F2_m2f2_P2_Y26_UO158,FXX,3,31.0,1,0,0.0,0,0,0,-9999.0,0.459564208984375,1,P4_CV0,1,0,2,1,1,1,1,0,2,0,2,1,1,2,0,0,2,0,2,0,2,2,0,2,0,1,1,1,1,1,1,1,1
2,12100.0,8100.0,R2_F2_m2f2_P2_Y27_UO184,R2_F2_m2f2_P2_Y25_UO170,RD2_F5_m5f5_P5_Y22_UO209,FXX,4,31.0,1,0,1.283,0,0,0,-9999.0,0.46478271484375,1,P4_CV0,1,2,0,0,2,2,0,1,1,2,0,1,1,0,2,2,0,0,2,0,2,1,1,1,1,2,0,1,1,1,1,2,0
3,12200.0,8100.0,R3_F3_m1f1_P1_Y27_UO219,R1_F1_m1f1_P1_Y24_UO74,R1_F1_m1f1_P1_Y24_UO2,FXX,4,31.0,1,0,2.313,0,0,0,-9999.0,0.4810791015625,1,P0_CV0,1,2,0,1,1,1,1,0,2,2,0,1,1,0,2,1,1,1,1,0,2,1,1,2,0,1,1,0,2,2,0,2,0
3,12200.0,8100.0,R3_F3_m3f3_P3_Y30_UO81,R3_F3_m3f3_P3_Y27_UO150,R3_F3_m3f3_P3_Y28_UO30,MXY,1,31.0,0,0,0.0,0,0,0,-9999.0,0.51165771484375,1,P1_CV0,1,2,0,1,1,1,1,1,1,1,1,1,1,1,1,2,0,2,0,1,1,1,1,2,0,0,2,1,1,1,1,1,1
3,12200.0,8100.0,R3_F3_m3f3_P3_Y30_UO126,R3_F3_m3f3_P3_Y28_UO132,R3_F3_m3f3_P3_Y26_UO217,FXX,1,31.0,0,0,0.0,0,0,0,-9999.0,0.5322723388671875,1,P1_CV0,1,1,1,2,0,1,1,2,0,1,1,1,1,0,2,0,2,0,2,1,1,1,1,1,1,0,2,1,1,1,1,0,2
3,12200.0,8100.0,R3_F3_m3f3_P3_Y30_UO177,R3_F3_m3f3_P3_Y27_UO150,R3_F3_m3f3_P3_Y27_UO25,FXX,1,31.0,0,0,0.0,0,0,0,-9999.0,0.497314453125,1,P1_CV0,1,2,0,1,1,0,2,2,0,0,2,2,0,1,1,1,1,1,1,1,1,2,0,2,0,0,2,2,0,1,1,0,2
3,12200.0,8100.0,R3_F3_m3f3_P3_Y29_UO240,R3_F3_m3f3_P3_Y27_UO23,R3_F3_m6f6_P6_Y25_UO257,MXY,2,31.0,1,0,0.0,0,0,0,-9999.0,0.5191497802734375,1,P1_CV0,1,1,1,0,2,1,1,2,0,1,1,1,1,0,2,0,2,0,2,1,1,1,1,2,0,1,1,2,0,1,1,2,0
3,12200.0,8100.0,R3_F3_m3f3_P3_Y29_UO194,R3_F3_m3f3_P3_Y27_UO150,R3_F3_m3f3_P3_Y27_UO94,MXY,2,31.0,1,0,0.0,0,0,0,-9999.0,0.49444580078125,1,P1_CV0,1,2,0,0,2,1,1,1,1,0,2,2,0,2,0,2,0,0,2,2,0,1,1,2,0,0,2,1,1,0,2,0,2
3,12200.0,8100.0,R3_F3_m3f3_P3_Y29_UO32,R3_F3_m3f3_P3_Y25_UO53,R3_F3_m2f2_P2_Y25_UO115,MXY,2,31.0,1,0,0.0,0,0,0,-9999.0,0.480377197265625,1,P1_CV0,1,2,0,0,2,0,2,2,0,0,2,1,1,1,1,0,2,0,2,1,1,2,0,1,1,0,2,2,0,1,1,1,1
3,12200.0,8100.0,R3_F3_m3f3_P3_Y29_UO242,R3_F3_m3f3_P3_Y27_UO23,R3_F3_m6f6_P6_Y25_UO257,FXX,2,31.0,1,0,1.0,0,0,0,-9999.0,0.5191497802734375,1,P1_CV0,1,0,2,1,1,1,1,2,0,1,1,1,1,1,1,0,2,0,2,1,1,1,1,2,0,2,0,1,1,2,0,1,1
3,12200.0,8100.0,R3_F3_m3f3_P3_Y29_UO99,R3_F3_m3f3_P3_Y27_UO23,R3_F3_m3f3_P3_Y27_UO53,MXY,2,31.0,1,0,0.0,0,0,0,-9999.0,0.514862060546875,1,P1_CV0,1,2,0,0,2,1,1,1,1,2,0,1,1,1,1,1,1,0,2,2,0,1,1,1,1,1,1,2,0,1,1,1,1
3,12200.0,8100.0,R3_F3_m3f3_P3_Y28_UO72,R3_F3_m3f3_P3_Y26_UO251,R3_F3_m3f3_P3_Y26_UO217,MXY,3,31.0,1,0,0.0,0,0,0,-9999.0,0.516357421875,1,P1_CV0,1,0,2,1,1,0,2,2,0,0,2,0,2,0,2,1,1,1,1,1,1,0,2,1,1,1,1,1,1,0,2,0,2
3,12200.0,8100.0,R3_F3_m3f3_P3_Y26_UO217,R3_F3_m3f3_P3_Y22_UO229,R3_F3_m3f3_P3_Y24_UO0,MXY,5,31.0,1,0,0.0,0,0,0,-9999.0,0.52764892578125,1,P1_CV0,1,0,2,1,1,1,1,2,0,1,1,1,1,0,2,0,2,1,1,2,0,0,2,1,1,0,2,0,2,0,2,0,2
3,12200.0,8100.0,RD3_F1_m1f1_P1_Y30_UO49,R1_F1_m1f1_P1_Y28_UO283,R1_F1_m1f1_P1_Y26_UO238,FXX,1,31.0,0,0,0.0,0,0,0,-9999.0,0.49639892578125,1,P2_CV0,1,0,2,0,2,1,1,0,2,1,1,2,0,1,1,1,1,0,2,0,2,1,1,1,1,2,0,0,2,0,2,0,2
3,12200.0,8100.0,R3_F3_m3f3_P3_Y30_UO2,R3_F3_m3f3_P3_Y27_UO222,R3_F3_m3f3_P3_Y27_UO29,FXX,1,31.0,0,0,0.0,0,0,0,-9999.0,0.5199127197265625,1,P2_CV0,1,0,2,1,1,0,2,2,0,1,1,2,0,1,1,2,0,2,0,1,1,0,2,2,0,1,1,1,1,0,2,1,1
3,12200.0,8100.0,R3_F3_m3f3_P3_Y30_UO11,R3_F3_m3f3_P3_Y26_UO251,R3_F3_m3f3_P3_Y26_UO254,MXY,1,31.0,0,0,0.0,0,0,0,-9999.0,0.50506591796875,1,P2_CV0,1,1,1,2,0,0,2,1,1,2,0,0,2,1,1,1,1,1,1,1,1,0,2,2,0,1,1,2,0,1,1,0,2
3,12200.0,8100.0,R3_F3_m3f3_P3_Y30_UO12,R3_F3_m3f3_P3_Y26_UO251,R3_F3_m3f3_P3_Y26_UO254,MXY,1,31.0,0,0,0.0,0,0,0,-9999.0,0.50506591796875,1,P2_CV0,1,1,1,2,0,0,2,1,1,1,1,1,1,1,1,1,1,1,1,0,2,0,2,2,0,2,0,2,0,2,0,0,2
3,12200.0,8100.0,R3_F3_m3f3_P3_Y30_UO13,R3_F3_m3f3_P3_Y26_UO251,R3_F3_m3f3_P3_Y26_UO254,MXY,1,31.0,0,0,0.0,0,0,0,-9999.0,0.50506591796875,1,P2_CV0,1,0,2,2,0,0,2,1,1,1,1,0,2,0,2,0,2,1,1,0,2,0,2,2,0,2,0,2,0,1,1,0,2
3,12200.0,8100.0,R3_F3_m3f3_P3_Y30_UO14,R3_F3_m3f3_P3_Y26_UO251,R3_F3_m3f3_P3_Y26_UO254,MXY,1,31.0,0,0,0.0,0,0,0,-9999.0,0.50506591796875,1,P2_CV0,1,0,2,2,0,1,1,1,1,2,0,0,2,0,2,2,0,0,2,0,2,0,2,2,0,1,1,2,0,2,0,0,2
3,12200.0,8100.0,R3_F3_m3f3_P3_Y30_UO67,R3_F3_m3f3_P3_Y28_UO261,R3_F3_m3f3_P3_Y26_UO254,MXY,1,31.0,0,0,0.0,0,0,0,-9999.0,0.5135040283203125,1,P2_CV0,1,1,1,2,0,0,2,0,2,2,0,1,1,0,2,2,0,1,1,1,1,0,2,1,1,1,1,1,1,1,1,0,2
3,12200.0,8100.0,R3_F3_m3f3_P3_Y30_UO79,R3_F3_m3f3_P3_Y28_UO79,R3_F3_m3f3_P3_Y27_UO25,FXX,1,31.0,0,0,0.0,0,0,0,-9999.0,0.4969329833984375,1,P2_CV0,1,1,1,0,2,0,2,2,0,1,1,2,0,0,2,1,1,0,2,1,1,1,1,2,0,0,2,1,1,1,1,0,2
3,12200.0,8100.0,R3_F3_m3f3_P3_Y30_UO80,R3_F3_m3f3_P3_Y27_UO150,R3_F3_m3f3_P3_Y28_UO30,MXY,1,31.0,0,0,0.0,0,0,0,-9999.0,0.51165771484375,1,P2_CV0,1,2,0,0,2,1,1,1,1,1,1,2,0,1,1,1,1,2,0,1,1,1,1,1,1,1,1,1,1,1,1,0,2
3,12200.0,8100.0,R3_F3_m3f3_P3_Y30_UO82,R3_F3_m3f3_P3_Y28_UO255,R3_F3_m3f3_P3_Y27_UO25,FXX,1,31.0,0,0,0.0,0,0,0,-9999.0,0.520965576171875,1,P2_CV0,1,2,0,2,0,0,2,2,0,1,1,2,0,0,2,1,1,0,2,1,1,2,0,1,1,1,1,0,2,2,0,0,2
3,12200.0,8100.0,R3_F3_m3f3_P3_Y30_UO83,R3_F3_m3f3_P3_Y28_UO255,R3_F3_m3f3_P3_Y27_UO25,FXX,1,31.0,0,0,0.0,0,0,0,-9999.0,0.520965576171875,1,P2_CV0,1,1,1,2,0,0,2,2,0,0,2,2,0,0,2,1,1,0,2,1,1,0,2,1,1,1,1,0,2,2,0,0,2
3,12200.0,8100.0,R3_F3_m3f3_P3_Y30_UO104,R3_F3_m3f3_P3_Y26_UO251,R3_F3_m3f3_P3_Y28_UO197,FXX,1,31.0,0,0,0.0,0,0,0,-9999.0,0.5147857666015625,1,P2_CV0,1,2,0,2,0,0,2,2,0,2,0,1,1,0,2,1,1,1,1,0,2,0,2,2,0,2,0,2,0,1,1,1,1
3,12200.0,8100.0,R3_F3_m3f3_P3_Y30_UO105,R3_F3_m3f3_P3_Y26_UO251,R3_F3_m3f3_P3_Y28_UO197,MXY,1,31.0,0,0,0.0,0,0,0,-9999.0,0.5147857666015625,1,P2_CV0,1,1,1,2,0,0,2,1,1,1,1,2,0,0,2,0,2,0,2,0,2,0,2,2,0,2,0,2,0,1,1,1,1
3,12200.0,8100.0,R3_F3_m3f3_P3_Y30_UO106,R3_F3_m3f3_P3_Y26_UO251,R3_F3_m3f3_P3_Y28_UO197,FXX,1,31.0,0,0,0.0,0,0,0,-9999.0,0.5147857666015625,1,P2_CV0,1,2,0,2,0,1,1,2,0,2,0,2,0,0,2,0,2,1,1,0,2,0,2,2,0,2,0,2,0,2,0,1,1
3,12200.0,8100.0,R3_F3_m3f3_P3_Y30_UO107,R3_F3_m3f3_P3_Y26_UO251,R3_F3_m3f3_P3_Y28_UO197,FXX,1,31.0,0,0,0.0,0,0,0,-9999.0,0.5147857666015625,1,P2_CV0,1,2,0,2,0,1,1,2,0,2,0,0,2,0,2,1,1,0,2,0,2,0,2,2,0,2,0,2,0,2,0,0,2
3,12200.0,8100.0,R3_F3_m3f3_P3_Y30_UO108,R3_F3_m3f3_P3_Y26_UO251,R3_F3_m3f3_P3_Y28_UO197,FXX,1,31.0,0,0,0.0,0,0,0,-9999.0,0.5147857666015625,1,P2_CV0,1,2,0,2,0,0,2,2,0,1,1,1,1,0,2,1,1,1,1,0,2,0,2,2,0,2,0,2,0,2,0,0,2
3,12200.0,8100.0,R3_F3_m3f3_P3_Y30_UO110,R3_F3_m3f3_P3_Y28_UO202,R3_F3_m6f6_P6_Y25_UO257,FXX,1,31.0,0,0,0.0,0,0,0,-9999.0,0.5206146240234375,1,P2_CV0,1,0,2,2,0,1,1,2,0,2,0,0,2,1,1,1,1,0,2,0,2,1,1,2,0,0,2,2,0,0,2,1,1
3,12200.0,8100.0,R3_F3_m3f3_P3_Y30_UO131,R3_F3_m3f3_P3_Y28_UO79,R3_F3_m3f3_P3_Y27_UO24,MXY,1,31.0,0,0,0.0,0,0,0,-9999.0,0.4969329833984375,1,P2_CV0,1,0,2,0,2,1,1,2,0,1,1,2,0,0,2,1,1,0,2,1,1,2,0,2,0,1,1,1,1,1,1,1,1
3,12200.0,8100.0,R3_F3_m3f3_P3_Y30_UO132,R3_F3_m3f3_P3_Y28_UO79,R3_F3_m3f3_P3_Y27_UO24,FXX,1,31.0,0,0,0.0,0,0,0,-9999.0,0.4969329833984375,1,P2_CV0,1,0,2,0,2,2,0,2,0,1,1,2,0,1,1,0,2,0,2,1,1,1,1,2,0,2,0,2,0,1,1,0,2
3,12200.0,8100.0,R3_F3_m3f3_P3_Y30_UO133,R3_F3_m3f3_P3_Y28_UO79,R3_F3_m3f3_P3_Y27_UO24,FXX,1,31.0,0,0,0.0,0,0,0,-9999.0,0.4969329833984375,1,P2_CV0,1,0,2,0,2,1,1,2,0,1,1,2,0,1,1,0,2,0,2,1,1,1,1,1,1,1,1,1,1,1,1,1,1
3,12200.0,8100.0,R3_F3_m3f3_P3_Y30_UO150,R3_F3_m3f3_P3_Y28_UO202,R3_F3_m3f3_P3_Y28_UO226,FXX,1,31.0,0,0,0.0,0,0,0,-9999.0,0.5225982666015625,1,P2_CV0,1,1,1,2,0,1,1,1,1,1,1,1,1,1,1,1,1,0,2,0,2,0,2,2,0,0,2,2,0,0,2,0,2
3,12200.0,8100.0,R3_F3_m3f3_P3_Y30_UO151,R3_F3_m3f3_P3_Y28_UO202,R3_F3_m3f3_P3_Y28_UO226,MXY,1,31.0,0,0,0.0,0,0,0,-9999.0,0.5225982666015625,1,P2_CV0,1,1,1,2,0,0,2,1,1,1,1,0,2,2,0,1,1,0,2,0,2,0,2,2,0,1,1,2,0,0,2,0,2
3,12200.0,8100.0,R3_F3_m3f3_P3_Y30_UO152,R3_F3_m3f3_P3_Y28_UO202,R3_F3_m3f3_P3_Y28_UO226,MXY,1,31.0,0,0,0.0,0,0,0,-9999.0,0.5225982666015625,1,P2_CV0,1,1,1,2,0,1,1,1,1,1,1,1,1,1,1,1,1,0,2,1,1,1,1,2,0,1,1,2,0,0,2,0,2
3,12200.0,8100.0,R3_F3_m3f3_P3_Y30_UO153,R3_F3_m3f3_P3_Y28_UO202,R3_F3_m3f3_P3_Y28_UO226,FXX,1,31.0,0,0,0.0,0,0,0,-9999.0,0.5225982666015625,1,P2_CV0,1,1,1,2,0,0,2,1,1,1,1,1,1,1,1,1,1,0,2,1,1,1,1,2,0,0,2,1,1,0,2,0,2
3,12200.0,8100.0,R3_F3_m3f3_P3_Y30_UO162,R3_F3_m3f3_P3_Y27_UO222,R3_F3_m3f3_P3_Y28_UO77,MXY,1,31.0,0,0,0.0,0,0,0,-9999.0,0.50018310546875,1,P2_CV0,1,0,2,2,0,1,1,2,0,1,1,0,2,0,2,2,0,0,2,2,0,1,1,1,1,2,0,1,1,1,1,0,2
3,12200.0,8100.0,R3_F3_m3f3_P3_Y30_UO178,R3_F3_m3f3_P3_Y27_UO150,R3_F3_m3f3_P3_Y27_UO25,FXX,1,31.0,0,0,0.0,0,0,0,-9999.0,0.497314453125,1,P2_CV0,1,2,0,1,1,0,2,1,1,0,2,2,0,1,1,2,0,0,2,1,1,1,1,2,0,0,2,1,1,1,1,0,2
3,12200.0,8100.0,R3_F3_m3f3_P3_Y30_UO179,R3_F3_m3f3_P3_Y27_UO150,R3_F3_m3f3_P3_Y27_UO25,MXY,1,31.0,0,0,0.0,0,0,0,-9999.0,0.497314453125,1,P2_CV0,1,2,0,0,2,1,1,1,1,1,1,1,1,1,1,1,1,1,1,1,1,2,0,2,0,0,2,1,1,1,1,0,2
3,12200.0,8100.0,R3_F3_m3f3_P3_Y29_UO196,R3_F3_m3f3_P3_Y27_UO88,R3_F3_m3f3_P3_Y27_UO42,FXX,2,31.0,1,0,2.342,0,0,0,-9999.0,0.5200042724609375,1,P2_CV0,1,2,0,0,2,0,2,1,1,2,0,1,1,0,2,1,1,0,2,0,2,1,1,2,0,1,1,1,1,2,0,0,2
3,12200.0,8100.0,R3_F3_m3f3_P3_Y29_UO202,R3_F3_m3f3_P3_Y26_UO178,R3_F3_m1f1_P1_Y25_UO99,MXY,2,31.0,1,0,0.0,0,0,0,-9999.0,0.53997802734375,1,P2_CV0,1,1,1,0,2,2,0,1,1,2,0,1,1,2,0,2,0,0,2,0,2,0,2,2,0,1,1,1,1,1,1,1,1
3,12200.0,8100.0,R3_F3_m3f3_P3_Y29_UO8,R3_F3_m3f3_P3_Y26_UO284,R3_F3_m3f3_P3_Y27_UO42,MXY,2,31.0,1,0,0.0,0,0,0,-9999.0,0.5217437744140625,1,P2_CV0,1,1,1,0,2,0,2,1,1,1,1,0,2,1,1,1,1,1,1,1,1,1,1,1,1,0,2,1,1,2,0,0,2
3,12200.0,8100.0,R3_F3_m3f3_P3_Y29_UO188,R3_F3_m3f3_P3_Y27_UO228,R3_F3_m1f1_P1_Y25_UO99,FXX,2,31.0,1,0,1.588,0,0,0,-9999.0,0.5201416015625,1,P2_CV0,1,0,2,0,2,2,0,1,1,2,0,1,1,0,2,2,0,0,2,1,1,1,1,2,0,1,1,2,0,1,1,0,2
3,12200.0,8100.0,R3_F3_m3f3_P3_Y29_UO20,R3_F3_m4f4_P4_Y27_UO254,R3_F3_m3f3_P3_Y27_UO29,FXX,2,31.0,1,0,1.409,0,0,0,-9999.0,0.4878082275390625,1,P2_CV0,1,1,1,1,1,1,1,1,1,1,1,0,2,2,0,1,1,1,1,2,0,1,1,1,1,2,0,2,0,1,1,1,1
3,12200.0,8100.0,R3_F3_m3f3_P3_Y29_UO191,R3_F3_m3f3_P3_Y25_UO49,R3_F3_m3f3_P3_Y26_UO254,FXX,2,31.0,1,0,1.825,0,0,0,-9999.0,0.50213623046875,1,P2_CV0,1,0,2,1,1,0,2,1,1,2,0,0,2,0,2,0,2,0,2,2,0,1,1,1,1,1,1,2,0,2,0,0,2
3,12200.0,8100.0,R3_F3_m3f3_P3_Y29_UO130,R3_F3_m3f3_P3_Y27_UO228,R3_F3_m1f1_P1_Y25_UO99,MXY,2,31.0,1,0,0.0,0,0,0,-9999.0,0.5201416015625,1,P2_CV0,1,0,2,0,2,2,0,1,1,1,1,1,1,0,2,2,0,0,2,1,1,0,2,2,0,2,0,2,0,1,1,0,2
3,12200.0,8100.0,R3_F3_m3f3_P3_Y29_UO128,R3_F3_m3f3_P3_Y27_UO228,R3_F3_m1f1_P1_Y25_UO99,FXX,2,31.0,1,0,1.618,0,0,0,-9999.0,0.5201416015625,1,P2_CV0,1,0,2,0,2,2,0,2,0,2,0,1,1,0,2,2,0,0,2,1,1,0,2,2,0,0,2,1,1,1,1,1,1
3,12200.0,8100.0,R3_F3_m3f3_P3_Y29_UO204,R3_F3_m3f3_P3_Y26_UO178,R3_F3_m1f1_P1_Y25_UO99,FXX,2,31.0,1,0,0.0,0,0,0,-9999.0,0.53997802734375,1,P2_CV0,1,1,1,0,2,2,0,2,0,2,0,1,1,2,0,1,1,0,2,0,2,0,2,2,0,2,0,2,0,1,1,1,1
3,12200.0,8100.0,R3_F3_m3f3_P3_Y29_UO198,R3_F3_m3f3_P3_Y27_UO54,R3_F3_m3f3_P3_Y25_UO203,FXX,2,31.0,1,0,0.0,0,0,0,-9999.0,0.5149993896484375,1,P2_CV0,1,2,0,0,2,1,1,2,0,0,2,0,2,1,1,1,1,0,2,2,0,2,0,2,0,0,2,2,0,1,1,0,2
3,12200.0,8100.0,R3_F3_m3f3_P3_Y28_UO84,R3_F3_m3f3_P3_Y24_UO82,R3_F3_m2f2_P2_Y25_UO115,FXX,3,31.0,1,0,0.0,0,0,0,-9999.0,0.473876953125,1,P2_CV0,1,1,1,1,1,0,2,1,1,1,1,0,2,1,1,1,1,0,2,2,0,1,1,0,2,1,1,2,0,0,2,0,2
3,12200.0,8100.0,R3_F3_m3f3_P3_Y28_UO220,R3_F3_m3f3_P3_Y25_UO198,R3_F3_m3f3_P3_Y26_UO287,MXY,3,31.0,1,0,0.0,0,0,0,-9999.0,0.529876708984375,1,P2_CV0,1,2,0,0,2,1,1,1,1,0,2,1,1,0,2,1,1,1,1,1,1,0,2,1,1,0,2,0,2,1,1,0,2
3,12200.0,8100.0,R3_F3_m3f3_P3_Y28_UO260,R3_F3_m3f3_P3_Y24_UO241,R3_F3_m3f3_P3_Y26_UO290,FXX,3,31.0,1,0,1.0,0,0,0,-9999.0,0.521942138671875,1,P2_CV0,1,0,2,1,1,0,2,2,0,1,1,1,1,0,2,0,2,0,2,1,1,0,2,2,0,1,1,1,1,1,1,0,2
3,12200.0,8100.0,R3_F3_m3f3_P3_Y28_UO77,R3_F3_m3f3_P3_Y24_UO82,R3_F3_m2f2_P2_Y25_UO115,MXY,3,31.0,1,0,0.0,0,0,0,-9999.0,0.473876953125,1,P2_CV0,1,1,1,2,0,1,1,2,0,0,2,1,1,1,1,1,1,0,2,2,0,2,0,0,2,1,1,2,0,0,2,1,1
3,12200.0,8100.0,R3_F3_m3f3_P3_Y28_UO191,R3_F3_m3f3_P3_Y26_UO251,R3_F3_m6f6_P6_Y25_UO257,FXX,3,31.0,1,0,0.0,0,0,0,-9999.0,0.511688232421875,1,P2_CV0,1,0,2,1,1,0,2,2,0,2,0,0,2,1,1,0,2,0,2,0,2,1,1,2,0,1,1,2,0,1,1,0,2
3,12200.0,8100.0,R3_F3_m3f3_P3_Y28_UO226,R3_F3_m3f3_P3_Y26_UO252,R3_F3_m3f3_P3_Y26_UO287,MXY,3,31.0,1,0,0.0,0,0,0,-9999.0,0.52227783203125,1,P2_CV0,1,2,0,1,1,0,2,0,2,0,2,0,2,1,1,2,0,0,2,1,1,1,1,2,0,0,2,1,1,0,2,0,2
3,12200.0,8100.0,R3_F3_m3f3_P3_Y28_UO79,R3_F3_m3f3_P3_Y24_UO82,R3_F3_m2f2_P2_Y25_UO115,FXX,3,31.0,1,0,1.126,0,0,0,-9999.0,0.473876953125,1,P2_CV0,1,0,2,0,2,1,1,2,0,0,2,2,0,0,2,1,1,1,1,2,0,1,1,1,1,1,1,2,0,0,2,1,1
3,12200.0,8100.0,R3_F3_m3f3_P3_Y27_UO24,R3_F3_m3f3_P3_Y25_UO53,R3_F3_m3f3_P3_Y24_UO243,MXY,4,31.0,1,0,0.0,0,0,0,-9999.0,0.519989013671875,1,P2_CV0,1,0,2,0,2,1,1,1,1,2,0,2,0,1,1,0,2,0,2,0,2,1,1,2,0,2,0,1,1,2,0,0,2
3,12200.0,8100.0,R3_F3_m3f3_P3_Y27_UO25,R3_F3_m3f3_P3_Y25_UO53,R3_F3_m3f3_P3_Y24_UO243,MXY,4,31.0,1,0,0.0,0,0,0,-9999.0,0.519989013671875,1,P2_CV0,1,2,0,1,1,0,2,2,0,1,1,2,0,0,2,1,1,0,2,0,2,1,1,2,0,0,2,1,1,2,0,0,2
3,12200.0,8100.0,R3_F3_m3f3_P3_Y27_UO31,R3_F3_m3f3_P3_Y25_UO105,R3_F3_m3f3_P3_Y25_UO186,FXX,4,31.0,1,0,1.0,0,0,0,-9999.0,0.513336181640625,1,P2_CV0,1,1,1,1,1,1,1,2,0,2,0,1,1,2,0,1,1,1,1,2,0,1,1,2,0,1,1,1,1,1,1,0,2
3,12200.0,8100.0,R3_F3_m3f3_P3_Y26_UO254,R3_F3_m3f3_P3_Y24_UO29,R3_F3_m3f3_P3_Y24_UO231,MXY,5,31.0,1,0,0.0,0,0,0,-9999.0,0.50506591796875,1,P2_CV0,1,1,1,2,0,1,1,0,2,2,0,0,2,1,1,1,1,1,1,1,1,0,2,2,0,1,1,2,0,2,0,0,2
3,12200.0,8100.0,R3_F3_m3f3_P3_Y30_UO1,R3_F3_m3f3_P3_Y27_UO222,R3_F3_m3f3_P3_Y27_UO29,FXX,1,31.0,0,0,0.0,0,0,0,-9999.0,0.5199127197265625,1,P3_CV0,1,1,1,1,1,0,2,2,0,2,0,2,0,1,1,1,1,0,2,0,2,0,2,2,0,1,1,1,1,0,2,1,1
3,12200.0,8100.0,R3_F3_m3f3_P3_Y30_UO24,R3_F3_m4f4_P4_Y27_UO254,R3_F3_m3f3_P3_Y28_UO256,FXX,1,31.0,0,0,0.0,0,0,0,-9999.0,0.4921112060546875,1,P3_CV0,1,1,1,0,2,1,1,2,0,0,2,1,1,1,1,1,1,1,1,2,0,2,0,1,1,0,2,0,2,2,0,0,2
3,12200.0,8100.0,R3_F3_m3f3_P3_Y30_UO68,R3_F3_m3f3_P3_Y28_UO261,R3_F3_m3f3_P3_Y26_UO254,MXY,1,31.0,0,0,0.0,0,0,0,-9999.0,0.5135040283203125,1,P3_CV0,1,1,1,2,0,2,0,1,1,2,0,1,1,0,2,1,1,2,0,1,1,0,2,1,1,2,0,1,1,1,1,0,2
3,12200.0,8100.0,R3_F3_m3f3_P3_Y30_UO115,R3_F3_m3f3_P3_Y28_UO261,R3_F3_m6f6_P6_Y25_UO257,FXX,1,31.0,0,0,0.0,0,0,0,-9999.0,0.5201263427734375,1,P3_CV0,1,1,1,1,1,1,1,2,0,1,1,1,1,1,1,0,2,1,1,0,2,1,1,1,1,0,2,1,1,1,1,0,2
3,12200.0,8100.0,R3_F3_m3f3_P3_Y30_UO116,R3_F3_m3f3_P3_Y28_UO261,R3_F3_m6f6_P6_Y25_UO257,FXX,1,31.0,0,0,0.0,0,0,0,-9999.0,0.5201263427734375,1,P3_CV0,1,1,1,2,0,0,2,2,0,0,2,1,1,0,2,1,1,1,1,0,2,1,1,2,0,1,1,1,1,0,2,0,2
3,12200.0,8100.0,R3_F3_m3f3_P3_Y30_UO122,R3_F3_m4f4_P4_Y27_UO254,R3_F3_m3f3_P3_Y28_UO259,MXY,1,31.0,0,0,0.0,0,0,0,-9999.0,0.4921112060546875,1,P3_CV0,1,1,1,1,1,0,2,1,1,0,2,1,1,1,1,0,2,1,1,1,1,2,0,1,1,1,1,0,2,2,0,0,2
3,12200.0,8100.0,R3_F3_m3f3_P3_Y30_UO123,R3_F3_m4f4_P4_Y27_UO254,R3_F3_m3f3_P3_Y28_UO259,MXY,1,31.0,0,0,0.0,0,0,0,-9999.0,0.4921112060546875,1,P3_CV0,1,0,2,1,1,0,2,1,1,0,2,2,0,1,1,0,2,1,1,0,2,1,1,0,2,1,1,1,1,2,0,0,2
3,12200.0,8100.0,R3_F3_m3f3_P3_Y30_UO271,R3_F3_m4f4_P4_Y27_UO254,R3_F3_m3f3_P3_Y28_UO256,MXY,1,31.0,0,0,0.0,0,0,0,-9999.0,0.4921112060546875,1,P3_CV0,1,1,1,1,1,1,1,1,1,1,1,1,1,1,1,1,1,2,0,0,2,1,1,1,1,1,1,0,2,1,1,0,2
3,12200.0,8100.0,RD3_F3_m3f3_P3_Y30_UO272,R3_F3_m4f4_P4_Y27_UO254,R3_F3_m3f3_P3_Y28_UO256,FXX,1,31.0,0,0,0.0,0,0,0,-9999.0,0.4921112060546875,1,P3_CV0,1,1,1,1,1,0,2,1,1,0,2,1,1,1,1,1,1,1,1,0,2,2,0,1,1,1,1,1,1,1,1,0,2
3,12200.0,8100.0,R3_F3_m3f3_P3_Y30_UO273,R3_F3_m4f4_P4_Y27_UO254,R3_F3_m3f3_P3_Y28_UO256,FXX,1,31.0,0,0,0.0,0,0,0,-9999.0,0.4921112060546875,1,P3_CV0,1,1,1,0,2,1,1,2,0,1,1,0,2,1,1,0,2,2,0,2,0,2,0,1,1,0,2,1,1,2,0,0,2
3,12200.0,8100.0,R3_F3_m3f3_P3_Y29_UO31,R3_F3_m3f3_P3_Y25_UO53,R3_F3_m2f2_P2_Y25_UO115,MXY,2,31.0,1,0,0.0,0,0,0,-9999.0,0.480377197265625,1,P3_CV0,1,2,0,0,2,0,2,2,0,1,1,2,0,2,0,1,1,0,2,1,1,2,0,1,1,0,2,1,1,1,1,0,2
3,12200.0,8100.0,R3_F3_m3f3_P3_Y29_UO189,R3_F3_m3f3_P3_Y25_UO49,R3_F3_m3f3_P3_Y26_UO254,FXX,2,31.0,1,0,0.0,0,0,0,-9999.0,0.50213623046875,1,P3_CV0,1,2,0,1,1,1,1,1,1,1,1,1,1,1,1,0,2,1,1,2,0,1,1,1,1,1,1,1,1,1,1,0,2
3,12200.0,8100.0,R3_F3_m3f3_P3_Y29_UO155,R3_F3_m2f2_P2_Y26_UO83,R3_F3_m3f3_P3_Y26_UO217,MXY,2,31.0,1,0,0.0,0,0,0,-9999.0,0.498291015625,1,P3_CV0,1,1,1,2,0,0,2,1,1,1,1,1,1,1,1,0,2,2,0,2,0,1,1,1,1,1,1,0,2,1,1,0,2
3,12200.0,8100.0,R3_F3_m3f3_P3_Y28_UO256,R3_F3_m3f3_P3_Y24_UO241,R3_F3_m3f3_P3_Y26_UO290,MXY,3,31.0,1,0,0.0,0,0,0,-9999.0,0.521942138671875,1,P3_CV0,1,2,0,1,1,1,1,1,1,1,1,1,1,0,2,1,1,1,1,1,1,1,1,2,0,1,1,0,2,1,1,0,2
3,12200.0,8100.0,R3_F3_m3f3_P3_Y28_UO261,R3_F3_m3f3_P3_Y24_UO241,R3_F3_m3f3_P3_Y26_UO290,FXX,3,31.0,1,0,1.192,0,0,0,-9999.0,0.521942138671875,1,P3_CV0,1,1,1,1,1,1,1,1,1,1,1,1,1,0,2,1,1,2,0,1,1,0,2,1,1,1,1,0,2,1,1,0,2
3,12200.0,8100.0,R3_F3_m3f3_P3_Y28_UO259,R3_F3_m3f3_P3_Y24_UO241,R3_F3_m3f3_P3_Y26_UO290,MXY,3,31.0,1,0,0.0,0,0,0,-9999.0,0.521942138671875,1,P3_CV0,1,1,1,1,1,1,1,2,0,1,1,2,0,0,2,0,2,0,2,1,1,1,1,1,1,0,2,0,2,2,0,0,2
3,12200.0,8100.0,R3_F3_m4f4_P4_Y27_UO254,R4_F4_m4f4_P4_Y22_UO194,R4_F4_m4f4_P4_Y24_UO50,FXX,4,31.0,1,0,0.0,0,0,0,-9999.0,0.4622802734375,1,P3_CV0,1,0,2,0,2,0,2,1,1,0,2,1,1,2,0,0,2,2,0,1,1,2,0,0,2,1,1,1,1,2,0,0,2
3,12200.0,8100.0,R3_F3_m3f3_P3_Y30_UO109,R3_F3_m3f3_P3_Y28_UO202,R3_F3_m6f6_P6_Y25_UO257,MXY,1,31.0,0,0,0.0,0,0,0,-9999.0,0.5206146240234375,1,P4_CV0,1,1,1,1,1,2,0,2,0,2,0,1,1,1,1,1,1,1,1,0,2,1,1,2,0,0,2,2,0,1,1,0,2
3,12200.0,8100.0,R3_F3_m3f3_P3_Y30_UO111,R3_F3_m3f3_P3_Y28_UO202,R3_F3_m6f6_P6_Y25_UO257,MXY,1,31.0,0,0,0.0,0,0,0,-9999.0,0.5206146240234375,1,P4_CV0,1,0,2,1,1,2,0,2,0,2,0,1,1,1,1,1,1,0,2,0,2,1,1,2,0,2,0,2,0,1,1,1,1
3,12200.0,8100.0,RD3_F6_m6f6_P6_Y30_UO160,R6_F6_m6f6_P6_Y25_UO168,R6_F6_m6f6_P6_Y26_UO61,MXY,1,31.0,0,0,0.0,0,0,0,-9999.0,0.5504913330078125,1,P4_CV0,1,1,1,0,2,1,1,2,0,1,1,0,2,0,2,1,1,1,1,0,2,0,2,2,0,2,0,2,0,1,1,1,1
3,12200.0,8100.0,R3_F3_m2f2_P2_Y29_UO282,R2_F2_m3f3_P3_Y27_UO89,R2_F2_m2f2_P2_Y27_UO170,MXY,2,31.0,1,0,0.0,0,0,0,-9999.0,0.503631591796875,1,P4_CV0,1,1,1,0,2,1,1,1,1,1,1,2,0,0,2,1,1,1,1,0,2,1,1,2,0,0,2,0,2,1,1,0,2
3,12200.0,8100.0,R3_F3_m6f6_P6_Y26_UO166,R6_F6_m6f6_P6_Y22_UO77,R6_F6_m6f6_P6_Y21_UO8,MXY,5,31.0,1,0,0.0,0,0,0,-9999.0,0.48992919921875,1,P4_CV0,1,2,0,0,2,0,2,1,1,2,0,1,1,2,0,1,1,0,2,0,2,2,0,1,1,2,0,1,1,1,1,0,2
4,12300.0,8100.0,RD4_F1_m1f1_P1_Y28_UO311,R1_F1_m1f1_P1_Y26_UO281,R1_F1_m1f1_P1_Y25_UO212,MXY,3,31.0,1,0,0.0,0,0,0,-9999.0,0.4864501953125,1,P0_CV0,1,1,1,0,2,1,1,1,1,2,0,1,1,1,1,1,1,1,1,0,2,1,1,1,1,1,1,2,0,1,1,0,2
4,12300.0,8100.0,R4_F4_m4f4_P4_Y29_UO22,RD4_F1_m1f1_P1_Y27_UO168,R4_F4_m4f4_P4_Y27_UO153,MXY,2,31.0,1,0,0.0,0,0,0,-9999.0,0.495086669921875,1,P1_CV0,1,1,1,1,1,0,2,1,1,1,1,0,2,1,1,1,1,0,2,0,2,0,2,0,2,0,2,0,2,1,1,2,0
4,12300.0,8100.0,RD4_F1_m1f1_P1_Y30_UO36,R1_F1_m1f1_P1_Y27_UO111,R1_F1_m1f1_P1_Y28_UO287,MXY,1,31.0,0,0,0.0,0,0,0,-9999.0,0.51495361328125,1,P2_CV0,1,0,2,2,0,2,0,0,2,2,0,2,0,1,1,2,0,2,0,0,2,1,1,1,1,2,0,2,0,0,2,1,1
4,12300.0,8100.0,RD4_F3_m3f3_P3_Y28_UO132,R3_F3_m3f3_P3_Y26_UO113,R3_F3_m3f3_P3_Y25_UO203,FXX,3,31.0,1,0,0.0,0,0,0,-9999.0,0.536895751953125,1,P2_CV0,1,1,1,1,1,1,1,1,1,2,0,1,1,0,2,0,2,1,1,0,2,1,1,1,1,0,2,1,1,1,1,0,2
4,12300.0,8100.0,R4_F4_m4f4_P4_Y30_UO0,R4_F4_m4f4_P4_Y28_UO265,R4_F4_m4f4_P4_Y27_UO255,MXY,1,31.0,0,0,0.0,0,0,0,-9999.0,0.47857666015625,1,P3_CV0,1,0,2,1,1,0,2,0,2,0,2,0,2,2,0,1,1,0,2,0,2,2,0,1,1,2,0,2,0,2,0,0,2
4,12300.0,8100.0,R4_F4_m4f4_P4_Y30_UO29,RD4_F6_m6f6_P6_Y28_UO169,R4_F4_m4f4_P4_Y27_UO269,MXY,1,31.0,0,0,0.0,0,0,0,-9999.0,0.51190185546875,1,P3_CV0,1,1,1,0,2,1,1,2,0,2,0,1,1,1,1,2,0,0,2,0,2,2,0,1,1,1,1,1,1,1,1,0,2
4,12300.0,8100.0,R4_F4_m4f4_P4_Y30_UO32,R4_F4_m4f4_P4_Y26_UO52,R4_F4_m6f6_P6_Y26_UO236,FXX,1,31.0,0,0,0.0,0,0,0,-9999.0,0.5044097900390625,1,P3_CV0,1,1,1,0,2,1,1,1,1,1,1,0,2,1,1,1,1,1,1,1,1,2,0,1,1,1,1,2,0,1,1,2,0
4,12300.0,8100.0,R4_F4_m4f4_P4_Y30_UO33,R4_F4_m4f4_P4_Y26_UO52,R4_F4_m6f6_P6_Y26_UO236,FXX,1,31.0,0,0,0.0,0,0,0,-9999.0,0.5044097900390625,1,P3_CV0,1,1,1,0,2,1,1,1,1,1,1,0,2,2,0,1,1,2,0,1,1,1,1,2,0,0,2,0,2,1,1,2,0
4,12300.0,8100.0,R4_F4_m4f4_P4_Y30_UO34,R4_F4_m4f4_P4_Y26_UO52,R4_F4_m6f6_P6_Y26_UO236,MXY,1,31.0,0,0,0.0,0,0,0,-9999.0,0.5044097900390625,1,P3_CV0,1,1,1,0,2,1,1,1,1,1,1,0,2,2,0,1,1,0,2,0,2,2,0,2,0,1,1,2,0,1,1,1,1
4,12300.0,8100.0,R4_F4_m4f4_P4_Y30_UO88,R4_F4_m4f4_P4_Y28_UO110,R4_F4_m4f4_P4_Y28_UO266,FXX,1,31.0,0,0,0.0,0,0,0,-9999.0,0.498992919921875,1,P3_CV0,1,1,1,0,2,1,1,1,1,1,1,1,1,1,1,1,1,1,1,0,2,2,0,2,0,2,0,1,1,1,1,0,2
4,12300.0,8100.0,R4_F4_m4f4_P4_Y30_UO89,R4_F4_m4f4_P4_Y28_UO110,R4_F4_m4f4_P4_Y28_UO266,MXY,1,31.0,0,0,0.0,0,0,0,-9999.0,0.498992919921875,1,P3_CV0,1,2,0,2,0,0,2,1,1,1,1,0,2,0,2,2,0,2,0,0,2,2,0,2,0,2,0,1,1,2,0,1,1
4,12300.0,8100.0,R4_F4_m4f4_P4_Y30_UO135,R4_F4_m4f4_P4_Y27_UO264,R4_F4_m4f4_P4_Y27_UO266,MXY,1,31.0,0,0,0.0,0,0,0,-9999.0,0.4652099609375,1,P3_CV0,1,0,2,0,2,2,0,0,2,2,0,0,2,1,1,1,1,1,1,2,0,2,0,2,0,2,0,0,2,2,0,1,1
4,12300.0,8100.0,R4_F4_m4f4_P4_Y30_UO136,R4_F4_m4f4_P4_Y27_UO264,R4_F4_m4f4_P4_Y27_UO266,FXX,1,31.0,0,0,0.0,0,0,0,-9999.0,0.4652099609375,1,P3_CV0,1,0,2,0,2,2,0,0,2,1,1,0,2,2,0,1,1,1,1,2,0,2,0,2,0,2,0,1,1,2,0,1,1
4,12300.0,8100.0,R4_F4_m4f4_P4_Y30_UO187,R4_F4_m4f4_P4_Y28_UO110,R4_F4_m4f4_P4_Y28_UO266,MXY,1,31.0,0,0,0.0,0,0,0,-9999.0,0.498992919921875,1,P3_CV0,1,1,1,0,2,1,1,1,1,0,2,0,2,1,1,2,0,1,1,0,2,1,1,2,0,0,2,1,1,1,1,1,1
4,12300.0,8100.0,R4_F4_m4f4_P4_Y30_UO188,R4_F4_m4f4_P4_Y28_UO110,R4_F4_m4f4_P4_Y28_UO266,MXY,1,31.0,0,0,0.0,0,0,0,-9999.0,0.498992919921875,1,P3_CV0,1,1,1,1,1,1,1,0,2,1,1,1,1,1,1,1,1,1,1,0,2,2,0,1,1,1,1,1,1,2,0,1,1
4,12300.0,8100.0,R4_F4_m4f4_P4_Y30_UO199,R4_F4_m4f4_P4_Y28_UO265,R4_F4_m4f4_P4_Y25_UO174,FXX,1,31.0,0,0,0.0,0,0,0,-9999.0,0.47723388671875,1,P3_CV0,1,2,0,1,1,0,2,1,1,1,1,0,2,2,0,1,1,0,2,0,2,1,1,1,1,1,1,1,1,2,0,0,2
4,12300.0,8100.0,R4_F4_m4f4_P4_Y30_UO200,R4_F4_m4f4_P4_Y28_UO265,R4_F4_m4f4_P4_Y25_UO174,FXX,1,31.0,0,0,0.0,0,0,0,-9999.0,0.47723388671875,1,P3_CV0,1,1,1,1,1,0,2,1,1,1,1,0,2,2,0,1,1,1,1,0,2,2,0,1,1,2,0,0,2,2,0,0,2
4,12300.0,8100.0,R4_F4_m4f4_P4_Y30_UO206,R4_F4_m4f4_P4_Y25_UO69,R4_F4_m4f4_P4_Y27_UO257,FXX,1,31.0,0,0,0.0,0,0,0,-9999.0,0.484405517578125,1,P3_CV0,1,1,1,0,2,0,2,0,2,0,2,1,1,1,1,1,1,2,0,1,1,1,1,2,0,1,1,0,2,1,1,2,0
4,12300.0,8100.0,R4_F4_m4f4_P4_Y30_UO207,R4_F4_m4f4_P4_Y25_UO69,R4_F4_m4f4_P4_Y27_UO257,MXY,1,31.0,0,0,0.0,0,0,0,-9999.0,0.484405517578125,1,P3_CV0,1,1,1,0,2,1,1,2,0,2,0,1,1,2,0,1,1,2,0,1,1,1,1,1,1,0,2,1,1,2,0,1,1
4,12300.0,8100.0,R4_F4_m4f4_P4_Y30_UO208,R4_F4_m4f4_P4_Y25_UO69,R4_F4_m4f4_P4_Y27_UO257,MXY,1,31.0,0,0,0.0,0,0,0,-9999.0,0.484405517578125,1,P3_CV0,1,1,1,0,2,0,2,1,1,1,1,1,1,2,0,1,1,1,1,1,1,1,1,1,1,0,2,1,1,2,0,0,2
4,12300.0,8100.0,R4_F4_m4f4_P4_Y30_UO209,R4_F4_m4f4_P4_Y25_UO69,R4_F4_m4f4_P4_Y27_UO257,MXY,1,31.0,0,0,0.0,0,0,0,-9999.0,0.484405517578125,1,P3_CV0,1,1,1,0,2,0,2,1,1,1,1,2,0,2,0,1,1,2,0,1,1,1,1,2,0,2,0,0,2,2,0,1,1
4,12300.0,8100.0,R4_F4_m4f4_P4_Y30_UO210,R4_F4_m4f4_P4_Y28_UO110,R4_F4_m4f4_P4_Y28_UO230,MXY,1,31.0,0,0,0.0,0,0,0,-9999.0,0.508758544921875,1,P3_CV0,1,1,1,0,2,1,1,0,2,0,2,0,2,1,1,2,0,1,1,0,2,0,2,1,1,1,1,1,1,1,1,0,2
4,12300.0,8100.0,R4_F4_m4f4_P4_Y30_UO211,R4_F4_m4f4_P4_Y28_UO110,R4_F4_m4f4_P4_Y28_UO230,FXX,1,31.0,0,0,0.0,0,0,0,-9999.0,0.508758544921875,1,P3_CV0,1,2,0,1,1,0,2,1,1,0,2,0,2,0,2,2,0,0,2,0,2,2,0,1,1,1,1,1,1,1,1,1,1
4,12300.0,8100.0,R4_F4_m4f4_P4_Y30_UO222,R4_F4_m4f4_P4_Y26_UO155,R4_F4_m4f4_P4_Y28_UO40,MXY,1,31.0,0,0,0.0,0,0,0,-9999.0,0.494781494140625,1,P3_CV0,1,1,1,1,1,1,1,0,2,2,0,0,2,2,0,1,1,1,1,1,1,2,0,2,0,1,1,2,0,2,0,1,1
4,12300.0,8100.0,R4_F4_m4f4_P4_Y30_UO223,R4_F4_m4f4_P4_Y26_UO155,R4_F4_m4f4_P4_Y28_UO40,FXX,1,31.0,0,0,0.0,0,0,0,-9999.0,0.494781494140625,1,P3_CV0,1,0,2,1,1,0,2,0,2,2,0,0,2,1,1,0,2,1,1,0,2,2,0,2,0,1,1,2,0,2,0,1,1
4,12300.0,8100.0,R4_F4_m4f4_P4_Y30_UO224,R4_F4_m4f4_P4_Y26_UO155,R4_F4_m4f4_P4_Y28_UO40,FXX,1,31.0,0,0,0.0,0,0,0,-9999.0,0.494781494140625,1,P3_CV0,1,1,1,1,1,0,2,0,2,2,0,0,2,1,1,2,0,1,1,1,1,2,0,2,0,1,1,2,0,1,1,1,1
4,12300.0,8100.0,R4_F4_m4f4_P4_Y30_UO226,R4_F4_m4f4_P4_Y26_UO155,R4_F4_m4f4_P4_Y28_UO40,FXX,1,31.0,0,0,0.0,0,0,0,-9999.0,0.494781494140625,1,P3_CV0,1,1,1,1,1,1,1,0,2,2,0,0,2,2,0,1,1,1,1,0,2,2,0,2,0,1,1,2,0,2,0,2,0
4,12300.0,8100.0,R4_F4_m4f4_P4_Y30_UO242,R4_F4_m4f4_P4_Y26_UO155,R4_F4_m4f4_P4_Y28_UO133,MXY,1,31.0,0,0,0.0,0,0,0,-9999.0,0.480010986328125,1,P3_CV0,1,2,0,1,1,0,2,1,1,2,0,0,2,1,1,2,0,1,1,0,2,1,1,2,0,1,1,2,0,2,0,1,1
4,12300.0,8100.0,R4_F4_m4f4_P4_Y30_UO244,R4_F4_m4f4_P4_Y26_UO155,R4_F4_m4f4_P4_Y28_UO133,FXX,1,31.0,0,0,0.0,0,0,0,-9999.0,0.480010986328125,1,P3_CV0,1,1,1,1,1,0,2,1,1,2,0,0,2,2,0,0,2,1,1,0,2,1,1,2,0,2,0,1,1,2,0,0,2
4,12300.0,8100.0,R4_F4_m4f4_P4_Y30_UO246,RD4_F6_m6f6_P6_Y28_UO169,R4_F4_m4f4_P4_Y28_UO133,MXY,1,31.0,0,0,0.0,0,0,0,-9999.0,0.4977569580078125,1,P3_CV0,1,1,1,0,2,0,2,1,1,2,0,0,2,0,2,1,1,0,2,0,2,1,1,2,0,2,0,2,0,2,0,1,1
4,12300.0,8100.0,R4_F4_m4f4_P4_Y30_UO247,R4_F4_m4f4_P4_Y27_UO264,R4_F4_m4f4_P4_Y28_UO108,MXY,1,31.0,0,0,0.0,0,0,0,-9999.0,0.484161376953125,1,P3_CV0,1,0,2,1,1,1,1,1,1,2,0,0,2,2,0,1,1,0,2,1,1,1,1,2,0,2,0,0,2,2,0,1,1
4,12300.0,8100.0,R4_F4_m4f4_P4_Y30_UO266,R4_F4_m4f4_P4_Y27_UO264,R4_F4_m6f6_P6_Y26_UO236,FXX,1,31.0,0,0,0.0,0,0,0,-9999.0,0.4961700439453125,1,P3_CV0,1,1,1,0,2,2,0,1,1,1,1,0,2,1,1,1,1,1,1,1,1,2,0,2,0,2,0,1,1,2,0,1,1
4,12300.0,8100.0,R4_F4_m4f4_P4_Y30_UO267,R4_F4_m4f4_P4_Y27_UO264,R4_F4_m6f6_P6_Y26_UO236,MXY,1,31.0,0,0,0.0,0,0,0,-9999.0,0.4961700439453125,1,P3_CV0,1,1,1,0,2,2,0,1,1,0,2,0,2,2,0,2,0,0,2,1,1,2,0,2,0,1,1,1,1,1,1,1,1
4,12300.0,8100.0,RD4_F3_m3f3_P3_Y29_UO169,R3_F3_m3f3_P3_Y25_UO49,R3_F3_m3f3_P3_Y27_UO42,FXX,2,31.0,1,0,1.0,0,0,0,-9999.0,0.5016021728515625,1,P3_CV0,1,1,1,0,2,0,2,1,1,1,1,0,2,0,2,0,2,0,2,1,1,2,0,1,1,0,2,1,1,2,0,0,2
4,12300.0,8100.0,R4_F4_m4f4_P4_Y29_UO73,RD4_F1_m1f1_P1_Y27_UO168,R4_F4_m4f4_P4_Y26_UO31,FXX,2,31.0,1,0,1.116,0,0,0,-9999.0,0.4879150390625,1,P3_CV0,1,2,0,2,0,0,2,0,2,2,0,0,2,0,2,1,1,1,1,0,2,2,0,2,0,0,2,0,2,1,1,2,0
4,12300.0,8100.0,R4_F4_m4f4_P4_Y29_UO149,R4_F4_m4f4_P4_Y27_UO172,R4_F4_m4f4_P4_Y25_UO174,MXY,2,31.0,1,0,0.0,0,0,0,-9999.0,0.4800872802734375,1,P3_CV0,1,1,1,0,2,1,1,1,1,1,1,1,1,1,1,1,1,2,0,0,2,2,0,0,2,2,0,1,1,2,0,0,2
4,12300.0,8100.0,R4_F4_m4f4_P4_Y29_UO21,RD4_F1_m1f1_P1_Y27_UO168,R4_F4_m4f4_P4_Y27_UO153,MXY,2,31.0,1,0,0.0,0,0,0,-9999.0,0.495086669921875,1,P3_CV0,1,1,1,1,1,0,2,1,1,1,1,0,2,1,1,1,1,1,1,0,2,0,2,1,1,0,2,0,2,1,1,2,0
4,12300.0,8100.0,R4_F4_m4f4_P4_Y29_UO233,R4_F4_m4f4_P4_Y27_UO173,R4_F4_m4f4_P4_Y27_UO151,FXX,2,31.0,1,0,1.971,0,0,0,-9999.0,0.5018463134765625,1,P3_CV0,1,0,2,1,1,1,1,2,0,0,2,1,1,1,1,2,0,1,1,1,1,1,1,1,1,2,0,1,1,2,0,1,1
4,12300.0,8100.0,R4_F4_m4f4_P4_Y29_UO234,R4_F4_m4f4_P4_Y27_UO173,R4_F4_m4f4_P4_Y27_UO151,FXX,2,31.0,1,0,1.245,0,0,0,-9999.0,0.5018463134765625,1,P3_CV0,1,1,1,0,2,0,2,1,1,0,2,0,2,1,1,2,0,1,1,0,2,2,0,1,1,2,0,0,2,2,0,1,1
4,12300.0,8100.0,R4_F4_m4f4_P4_Y29_UO131,R4_F4_m4f4_P4_Y26_UO192,R4_F4_m4f4_P4_Y26_UO156,FXX,2,31.0,1,0,1.0,0,0,0,-9999.0,0.491058349609375,1,P3_CV0,1,0,2,0,2,1,1,0,2,1,1,1,1,1,1,1,1,1,1,0,2,2,0,1,1,1,1,1,1,2,0,1,1
4,12300.0,8100.0,R4_F4_m4f4_P4_Y29_UO67,R4_F4_m4f4_P4_Y25_UO69,R4_F4_m4f4_P4_Y27_UO153,MXY,2,31.0,1,0,0.0,0,0,0,-9999.0,0.50482177734375,1,P3_CV0,1,1,1,0,2,0,2,1,1,1,1,0,2,1,1,2,0,0,2,0,2,1,1,1,1,1,1,2,0,2,0,1,1
4,12300.0,8100.0,R4_F4_m4f4_P4_Y29_UO145,R4_F4_m4f4_P4_Y26_UO30,R4_F4_m4f4_P4_Y25_UO174,FXX,2,31.0,1,0,0.0,0,0,0,-9999.0,0.47418212890625,1,P3_CV0,1,1,1,1,1,0,2,2,0,2,0,0,2,1,1,1,1,2,0,0,2,2,0,0,2,1,1,1,1,2,0,1,1
4,12300.0,8100.0,R4_F4_m4f4_P4_Y29_UO239,R4_F4_m4f4_P4_Y27_UO172,R4_F4_m4f4_P4_Y26_UO156,MXY,2,31.0,1,0,0.0,0,0,0,-9999.0,0.5013580322265625,1,P3_CV0,1,1,1,1,1,0,2,1,1,1,1,0,2,0,2,1,1,0,2,0,2,2,0,1,1,2,0,1,1,2,0,2,0
4,12300.0,8100.0,R4_F4_m4f4_P4_Y28_UO278,R4_F4_m4f4_P4_Y24_UO49,R4_F4_m4f4_P4_Y26_UO31,MXY,3,31.0,1,0,0.0,0,0,0,-9999.0,0.4805908203125,1,P3_CV0,1,0,2,1,1,1,1,0,2,2,0,0,2,0,2,2,0,1,1,0,2,1,1,1,1,0,2,0,2,2,0,1,1
4,12300.0,8100.0,R4_F4_m4f4_P4_Y28_UO102,R4_F4_m4f4_P4_Y23_UO131,R4_F4_m4f4_P4_Y26_UO104,FXX,3,31.0,1,0,0.0,0,0,0,-9999.0,0.48974609375,1,P3_CV0,1,1,1,0,2,1,1,2,0,2,0,0,2,1,1,2,0,1,1,0,2,1,1,2,0,1,1,2,0,2,0,1,1
4,12300.0,8100.0,R4_F4_m4f4_P4_Y28_UO265,R4_F4_m4f4_P4_Y26_UO192,R4_F4_m4f4_P4_Y25_UO166,FXX,3,31.0,1,0,0.0,0,0,0,-9999.0,0.494873046875,1,P3_CV0,1,1,1,1,1,0,2,0,2,1,1,0,2,1,1,0,2,0,2,0,2,1,1,2,0,1,1,1,1,2,0,0,2
4,12300.0,8100.0,R4_F4_m4f4_P4_Y28_UO135,R4_F4_m4f4_P4_Y24_UO49,R4_F4_m4f4_P4_Y26_UO104,FXX,3,31.0,1,0,1.0,0,0,0,-9999.0,0.4693603515625,1,P3_CV0,1,1,1,0,2,0,2,0,2,2,0,0,2,1,1,1,1,0,2,1,1,2,0,1,1,1,1,1,1,2,0,1,1
4,12300.0,8100.0,R4_F4_m4f4_P4_Y28_UO275,R4_F4_m4f4_P4_Y24_UO49,R4_F4_m4f4_P4_Y26_UO31,MXY,3,31.0,1,0,0.0,0,0,0,-9999.0,0.4805908203125,1,P3_CV0,1,0,2,1,1,0,2,0,2,2,0,0,2,0,2,1,1,1,1,1,1,2,0,1,1,0,2,1,1,2,0,1,1
4,12300.0,8100.0,R4_F4_m5f5_P5_Y28_UO308,R5_F5_m5f5_P5_Y26_UO203,R5_F5_m5f5_P5_Y25_UO158,MXY,3,31.0,1,0,0.0,0,0,0,-9999.0,0.46612548828125,1,P3_CV0,1,1,1,0,2,1,1,0,2,0,2,0,2,1,1,1,1,2,0,1,1,0,2,0,2,1,1,1,1,1,1,0,2
4,12300.0,8100.0,R4_F4_m4f4_P4_Y28_UO228,R4_F4_m4f4_P4_Y23_UO131,R4_F4_m4f4_P4_Y25_UO33,MXY,3,31.0,1,0,0.0,0,0,0,-9999.0,0.514404296875,1,P3_CV0,1,1,1,1,1,0,2,1,1,1,1,0,2,0,2,2,0,0,2,0,2,1,1,2,0,1,1,1,1,2,0,1,1
4,12300.0,8100.0,R4_F4_m4f4_P4_Y27_UO266,R4_F4_m4f4_P4_Y22_UO194,R4_F4_m4f4_P4_Y25_UO108,MXY,4,31.0,1,0,0.0,0,0,0,-9999.0,0.4652099609375,1,P3_CV0,1,0,2,0,2,2,0,0,2,2,0,0,2,1,1,2,0,2,0,2,0,2,0,2,0,2,0,1,1,2,0,1,1
4,12300.0,8100.0,R4_F4_m4f4_P4_Y27_UO255,R4_F4_m4f4_P4_Y22_UO194,R4_F4_m4f4_P4_Y24_UO50,MXY,4,31.0,1,0,0.0,0,0,0,-9999.0,0.4622802734375,1,P3_CV0,1,0,2,0,2,1,1,0,2,0,2,0,2,1,1,2,0,1,1,1,1,2,0,0,2,1,1,1,1,2,0,0,2
4,12300.0,8100.0,R4_F4_m4f4_P4_Y27_UO264,R4_F4_m4f4_P4_Y22_UO194,R4_F4_m4f4_P4_Y25_UO108,FXX,4,31.0,1,0,2.322,0,0,0,-9999.0,0.4652099609375,1,P3_CV0,1,0,2,0,2,2,0,0,2,1,1,0,2,1,1,1,1,0,2,2,0,2,0,2,0,2,0,1,1,2,0,0,2
4,12300.0,8100.0,R4_F4_m4f4_P4_Y26_UO30,R4_F4_m4f4_P4_Y24_UO258,R4_F4_m4f4_P4_Y23_UO17,FXX,5,31.0,1,0,1.638,0,0,0,-9999.0,0.48876953125,1,P3_CV0,1,1,1,1,1,0,2,1,1,2,0,1,1,1,1,1,1,2,0,1,1,2,0,0,2,0,2,1,1,2,0,2,0
4,12300.0,8100.0,R4_F4_m4f4_P4_Y26_UO192,R4_F4_m4f4_P4_Y24_UO167,R4_F4_m4f4_P4_Y24_UO92,FXX,5,31.0,1,0,2.447,0,0,0,-9999.0,0.47998046875,1,P3_CV0,1,0,2,1,1,1,1,0,2,1,1,1,1,1,1,1,1,1,1,0,2,2,0,1,1,2,0,0,2,2,0,0,2
4,12300.0,8100.0,R4_F4_m4f4_P4_Y30_UO28,RD4_F6_m6f6_P6_Y28_UO169,R4_F4_m4f4_P4_Y27_UO269,FXX,1,31.0,0,0,0.0,0,0,0,-9999.0,0.51190185546875,1,P4_CV0,1,1,1,0,2,0,2,1,1,1,1,1,1,1,1,2,0,0,2,0,2,1,1,2,0,1,1,1,1,2,0,0,2
4,12300.0,8100.0,R4_F4_m4f4_P4_Y30_UO30,RD4_F6_m6f6_P6_Y28_UO169,R4_F4_m4f4_P4_Y27_UO269,FXX,1,31.0,0,0,0.0,0,0,0,-9999.0,0.51190185546875,1,P4_CV0,1,1,1,0,2,1,1,2,0,2,0,1,1,1,1,2,0,0,2,0,2,2,0,2,0,1,1,1,1,2,0,0,2
4,12300.0,8100.0,R4_F4_m4f4_P4_Y30_UO31,R4_F4_m4f4_P4_Y26_UO52,R4_F4_m6f6_P6_Y26_UO236,FXX,1,31.0,0,0,0.0,0,0,0,-9999.0,0.5044097900390625,1,P4_CV0,1,1,1,0,2,1,1,1,1,1,1,0,2,2,0,1,1,2,0,1,1,2,0,1,1,1,1,0,2,0,2,1,1
4,12300.0,8100.0,R4_F4_m4f4_P4_Y30_UO35,R4_F4_m4f4_P4_Y26_UO52,R4_F4_m6f6_P6_Y26_UO236,MXY,1,31.0,0,0,0.0,0,0,0,-9999.0,0.5044097900390625,1,P4_CV0,1,1,1,0,2,2,0,1,1,1,1,0,2,2,0,0,2,1,1,0,2,1,1,2,0,0,2,0,2,0,2,2,0
4,12300.0,8100.0,R4_F4_m4f4_P4_Y30_UO90,R4_F4_m4f4_P4_Y28_UO110,R4_F4_m4f4_P4_Y28_UO266,FXX,1,31.0,0,0,0.0,0,0,0,-9999.0,0.498992919921875,1,P4_CV0,1,2,0,0,2,1,1,1,1,2,0,1,1,0,2,1,1,0,2,0,2,2,0,1,1,0,2,1,1,2,0,2,0
4,12300.0,8100.0,R4_F4_m4f4_P4_Y30_UO91,R4_F4_m4f4_P4_Y28_UO110,R4_F4_m4f4_P4_Y28_UO266,MXY,1,31.0,0,0,0.0,0,0,0,-9999.0,0.498992919921875,1,P4_CV0,1,1,1,1,1,1,1,1,1,0,2,0,2,0,2,2,0,1,1,0,2,2,0,1,1,1,1,1,1,1,1,0,2
4,12300.0,8100.0,R4_F4_m4f4_P4_Y30_UO125,RD4_F6_m6f6_P6_Y28_UO169,R4_F4_m4f4_P4_Y28_UO272,MXY,1,31.0,0,0,0.0,0,0,0,-9999.0,0.5051422119140625,1,P4_CV0,1,1,1,0,2,2,0,0,2,2,0,0,2,1,1,2,0,1,1,0,2,1,1,1,1,1,1,2,0,1,1,0,2
4,12300.0,8100.0,R4_F4_m4f4_P4_Y30_UO192,RD4_F6_m6f6_P6_Y28_UO169,R4_F4_m5f5_P5_Y28_UO308,MXY,1,31.0,0,0,0.0,0,0,0,-9999.0,0.4961395263671875,1,P4_CV0,1,1,1,0,2,2,0,0,2,1,1,0,2,2,0,1,1,1,1,0,2,0,2,1,1,2,0,2,0,1,1,0,2
4,12300.0,8100.0,R4_F4_m4f4_P4_Y30_UO193,RD4_F6_m6f6_P6_Y28_UO169,R4_F4_m5f5_P5_Y28_UO308,FXX,1,31.0,0,0,0.0,0,0,0,-9999.0,0.4961395263671875,1,P4_CV0,1,2,0,0,2,2,0,1,1,1,1,0,2,1,1,1,1,1,1,0,2,1,1,1,1,1,1,1,1,1,1,0,2
4,12300.0,8100.0,R4_F4_m4f4_P4_Y30_UO225,R4_F4_m4f4_P4_Y26_UO155,R4_F4_m4f4_P4_Y28_UO40,FXX,1,31.0,0,0,0.0,0,0,0,-9999.0,0.494781494140625,1,P4_CV0,1,1,1,1,1,1,1,0,2,2,0,0,2,1,1,1,1,1,1,1,1,2,0,2,0,1,1,2,0,1,1,2,0
4,12300.0,8100.0,R4_F4_m4f4_P4_Y30_UO227,R4_F4_m4f4_P4_Y27_UO152,R4_F4_m4f4_P4_Y27_UO266,MXY,1,31.0,0,0,0.0,0,0,0,-9999.0,0.484161376953125,1,P4_CV0,1,0,2,0,2,1,1,0,2,2,0,1,1,2,0,2,0,1,1,1,1,1,1,1,1,1,1,1,1,2,0,2,0
4,12300.0,8100.0,R4_F4_m4f4_P4_Y30_UO228,R4_F4_m4f4_P4_Y27_UO152,R4_F4_m4f4_P4_Y27_UO266,FXX,1,31.0,0,0,0.0,0,0,0,-9999.0,0.484161376953125,1,P4_CV0,1,0,2,1,1,1,1,0,2,2,0,0,2,2,0,2,0,1,1,1,1,1,1,2,0,2,0,2,0,2,0,1,1
4,12300.0,8100.0,R4_F4_m4f4_P4_Y30_UO239,R4_F4_m4f4_P4_Y26_UO155,R4_F4_m4f4_P4_Y28_UO133,MXY,1,31.0,0,0,0.0,0,0,0,-9999.0,0.480010986328125,1,P4_CV0,1,2,0,0,2,0,2,1,1,2,0,0,2,2,0,1,1,1,1,0,2,1,1,2,0,2,0,1,1,1,1,0,2
4,12300.0,8100.0,R4_F4_m4f4_P4_Y30_UO240,R4_F4_m4f4_P4_Y26_UO155,R4_F4_m4f4_P4_Y28_UO133,MXY,1,31.0,0,0,0.0,0,0,0,-9999.0,0.480010986328125,1,P4_CV0,1,2,0,1,1,0,2,1,1,2,0,0,2,1,1,2,0,1,1,0,2,2,0,2,0,2,0,1,1,2,0,2,0
4,12300.0,8100.0,R4_F4_m4f4_P4_Y30_UO241,R4_F4_m4f4_P4_Y26_UO155,R4_F4_m4f4_P4_Y28_UO133,MXY,1,31.0,0,0,0.0,0,0,0,-9999.0,0.480010986328125,1,P4_CV0,1,1,1,1,1,0,2,1,1,2,0,0,2,2,0,0,2,1,1,1,1,1,1,2,0,1,1,2,0,1,1,0,2
4,12300.0,8100.0,R4_F4_m4f4_P4_Y30_UO243,R4_F4_m4f4_P4_Y26_UO155,R4_F4_m4f4_P4_Y28_UO133,FXX,1,31.0,0,0,0.0,0,0,0,-9999.0,0.480010986328125,1,P4_CV0,1,1,1,1,1,0,2,1,1,2,0,0,2,1,1,1,1,1,1,1,1,1,1,2,0,2,0,2,0,2,0,1,1
4,12300.0,8100.0,R4_F4_m4f4_P4_Y30_UO284,RD4_F6_m6f6_P6_Y28_UO169,R4_F4_m5f5_P5_Y28_UO307,MXY,1,31.0,0,0,0.0,0,0,0,-9999.0,0.4961395263671875,1,P4_CV0,1,1,1,0,2,1,1,0,2,2,0,0,2,0,2,2,0,1,1,0,2,1,1,2,0,1,1,2,0,0,2,0,2
4,12300.0,8100.0,R4_F4_m4f4_P4_Y30_UO285,RD4_F6_m6f6_P6_Y28_UO169,R4_F4_m5f5_P5_Y28_UO307,MXY,1,31.0,0,0,0.0,0,0,0,-9999.0,0.4961395263671875,1,P4_CV0,1,1,1,0,2,0,2,0,2,1,1,0,2,1,1,1,1,1,1,0,2,1,1,2,0,1,1,2,0,0,2,0,2
4,12300.0,8100.0,RD4_F5_m5f5_P5_Y30_UO276,R5_F5_m5f5_P5_Y27_UO106,R5_F5_m5f5_P5_Y28_UO167,FXX,1,31.0,0,0,0.0,0,0,0,-9999.0,0.4447479248046875,1,P4_CV0,1,1,1,0,2,0,2,2,0,0,2,0,2,1,1,2,0,1,1,1,1,2,0,0,2,2,0,1,1,1,1,0,2
4,12300.0,8100.0,R4_F4_m4f4_P4_Y29_UO35,R4_F4_m4f4_P4_Y26_UO52,R4_F4_m4f4_P4_Y26_UO186,MXY,2,31.0,1,0,0.0,0,0,0,-9999.0,0.488739013671875,1,P4_CV0,1,0,2,0,2,2,0,0,2,2,0,0,2,1,1,0,2,1,1,0,2,2,0,1,1,1,1,0,2,1,1,2,0
4,12300.0,8100.0,R4_F4_m4f4_P4_Y29_UO37,R4_F4_m4f4_P4_Y26_UO52,R4_F4_m4f4_P4_Y26_UO186,MXY,2,31.0,1,0,0.0,0,0,0,-9999.0,0.488739013671875,1,P4_CV0,1,0,2,1,1,1,1,0,2,2,0,0,2,1,1,0,2,2,0,0,2,1,1,2,0,1,1,2,0,1,1,1,1
4,12300.0,8100.0,R4_F4_m4f4_P4_Y29_UO172,R4_F4_m4f4_P4_Y27_UO174,R4_F4_m4f4_P4_Y27_UO151,FXX,2,31.0,1,0,0.0,0,0,0,-9999.0,0.5018463134765625,1,P4_CV0,1,1,1,0,2,1,1,2,0,1,1,1,1,0,2,2,0,2,0,0,2,1,1,1,1,2,0,0,2,2,0,2,0
4,12300.0,8100.0,R4_F4_m4f4_P4_Y29_UO246,R4_F4_m4f4_P4_Y26_UO52,R4_F4_m4f4_P4_Y27_UO153,FXX,2,31.0,1,0,2.521,0,0,0,-9999.0,0.492401123046875,1,P4_CV0,1,1,1,1,1,0,2,0,2,2,0,0,2,2,0,1,1,0,2,1,1,1,1,0,2,0,2,1,1,0,2,2,0
4,12300.0,8100.0,R4_F4_m4f4_P4_Y29_UO102,R4_F4_m4f4_P4_Y26_UO52,R4_F4_m4f4_P4_Y26_UO184,FXX,2,31.0,1,0,1.471,0,0,0,-9999.0,0.488739013671875,1,P4_CV0,1,0,2,1,1,0,2,0,2,2,0,0,2,1,1,0,2,0,2,1,1,2,0,1,1,1,1,1,1,2,0,1,1
4,12300.0,8100.0,R4_F4_m4f4_P4_Y29_UO173,R4_F4_m4f4_P4_Y27_UO174,R4_F4_m4f4_P4_Y27_UO151,FXX,2,31.0,1,0,1.271,0,0,0,-9999.0,0.5018463134765625,1,P4_CV0,1,1,1,1,1,1,1,0,2,0,2,1,1,0,2,2,0,2,0,0,2,2,0,1,1,1,1,1,1,1,1,2,0
4,12300.0,8100.0,RD4_F4_m4f4_P4_Y29_UO101,R4_F4_m4f4_P4_Y26_UO52,R4_F4_m4f4_P4_Y26_UO184,MXY,2,31.0,1,0,0.0,0,0,0,-9999.0,0.488739013671875,1,P4_CV0,1,1,1,1,1,1,1,0,2,2,0,0,2,2,0,0,2,1,1,1,1,2,0,2,0,1,1,2,0,1,1,2,0
4,12300.0,8100.0,R4_F4_m6f6_P6_Y28_UO169,R6_F6_m6f6_P6_Y25_UO168,R6_F6_m6f6_P6_Y26_UO166,FXX,3,31.0,1,0,1.0,0,0,0,-9999.0,0.526153564453125,1,P4_CV0,1,2,0,0,2,1,1,1,1,2,0,0,2,1,1,2,0,0,2,0,2,1,1,2,0,2,0,2,0,1,1,0,2
4,12300.0,8100.0,R4_F4_m4f4_P4_Y28_UO110,R4_F4_m4f4_P4_Y23_UO131,R4_F4_m4f4_P4_Y25_UO230,FXX,3,31.0,1,0,0.0,0,0,0,-9999.0,0.50311279296875,1,P4_CV0,1,2,0,1,1,0,2,1,1,1,1,1,1,1,1,2,0,1,1,0,2,1,1,1,1,1,1,2,0,1,1,1,1
4,12300.0,8100.0,R4_F4_m4f4_P4_Y27_UO152,R4_F4_m4f4_P4_Y23_UO131,R4_F4_m4f4_P4_Y25_UO230,FXX,4,31.0,1,0,1.0,0,0,0,-9999.0,0.50311279296875,1,P4_CV0,1,0,2,1,1,0,2,1,1,2,0,1,1,2,0,2,0,1,1,0,2,0,2,1,1,1,1,1,1,2,0,1,1
4,12300.0,8100.0,R4_F4_m4f4_P4_Y26_UO155,R4_F4_m4f4_P4_Y22_UO160,R4_F4_m4f4_P4_Y24_UO103,FXX,5,31.0,1,0,1.88,0,0,0,-9999.0,0.49066162109375,1,P4_CV0,1,1,1,1,1,0,2,0,2,2,0,0,2,2,0,1,1,2,0,1,1,2,0,2,0,2,0,2,0,1,1,1,1
4,12300.0,8100.0,RD4_F5_m5f5_P5_Y30_UO172,R5_F5_m5f5_P5_Y28_UO252,R5_F5_m5f5_P5_Y28_UO28,MXY,1,31.0,0,0,0.0,0,0,0,-9999.0,0.4783172607421875,1,P5_CV0,1,1,1,0,2,0,2,1,1,1,1,0,2,0,2,0,2,0,2,1,1,0,2,0,2,2,0,2,0,1,1,2,0
4,12300.0,8100.0,R4_F4_m6f6_P6_Y29_UO57,R6_F6_m5f5_P5_Y27_UO105,R6_F6_m6f6_P6_Y27_UO193,MXY,2,31.0,1,0,0.0,0,0,0,-9999.0,0.4464111328125,1,P5_CV0,1,2,0,1,1,0,2,1,1,1,1,1,1,1,1,2,0,2,0,2,0,1,1,1,1,1,1,2,0,1,1,1,1
5,12300.0,8200.0,R5_F5_m5f5_P5_Y29_UO287,R5_F5_m5f5_P5_Y25_UO6,R5_F5_m6f6_P6_Y26_UO69,FXX,2,31.0,1,0,1.328,0,0,0,-9999.0,0.4789276123046875,1,P1_CV0,1,2,0,0,2,1,1,1,1,2,0,1,1,1,1,1,1,2,0,1,1,1,1,2,0,2,0,1,1,1,1,1,1
5,12300.0,8200.0,R5_F5_m6f6_P6_Y27_UO20,R6_F6_m6f6_P6_Y22_UO101,R6_F6_m6f6_P6_Y25_UO226,MXY,4,31.0,1,0,0.0,0,0,0,-9999.0,0.529296875,1,P1_CV0,1,1,1,2,0,1,1,2,0,1,1,0,2,0,2,2,0,1,1,0,2,0,2,2,0,1,1,2,0,2,0,2,0
5,12300.0,8200.0,RD5_F3_m3f3_P3_Y30_UO84,R3_F3_m3f3_P3_Y28_UO255,R3_F3_m3f3_P3_Y27_UO25,FXX,1,31.0,0,0,0.0,0,0,0,-9999.0,0.520965576171875,1,P2_CV0,1,2,0,1,1,0,2,2,0,0,2,2,0,0,2,2,0,0,2,1,1,2,0,1,1,1,1,0,2,1,1,0,2
5,12300.0,8200.0,R5_F5_m5f5_P5_Y30_UO6,R5_F5_m5f5_P5_Y28_UO124,R5_F5_m5f5_P5_Y28_UO251,MXY,1,31.0,0,0,0.0,0,0,0,-9999.0,0.45914459228515625,1,P2_CV0,1,1,1,1,1,1,1,1,1,1,1,1,1,0,2,0,2,0,2,0,2,1,1,1,1,2,0,1,1,0,2,2,0
5,12300.0,8200.0,R5_F5_m5f5_P5_Y30_UO165,R5_F5_m5f5_P5_Y28_UO25,R5_F5_m5f5_P5_Y28_UO251,FXX,1,31.0,0,0,0.0,0,0,0,-9999.0,0.4783172607421875,1,P2_CV0,1,1,1,0,2,1,1,1,1,1,1,2,0,1,1,1,1,0,2,1,1,2,0,2,0,0,2,1,1,1,1,0,2
5,12300.0,8200.0,R5_F5_m5f5_P5_Y30_UO166,R5_F5_m5f5_P5_Y28_UO25,R5_F5_m5f5_P5_Y28_UO251,MXY,1,31.0,0,0,0.0,0,0,0,-9999.0,0.4783172607421875,1,P2_CV0,1,2,0,1,1,0,2,2,0,1,1,1,1,0,2,0,2,1,1,1,1,2,0,1,1,1,1,1,1,0,2,2,0
5,12300.0,8200.0,R5_F5_m5f5_P5_Y30_UO167,R5_F5_m5f5_P5_Y28_UO25,R5_F5_m5f5_P5_Y28_UO251,MXY,1,31.0,0,0,0.0,0,0,0,-9999.0,0.4783172607421875,1,P2_CV0,1,1,1,0,2,1,1,2,0,1,1,0,2,2,0,0,2,0,2,0,2,1,1,1,1,0,2,2,0,1,1,1,1
5,12300.0,8200.0,R5_F5_m5f5_P5_Y28_UO251,R5_F5_m5f5_P5_Y25_UO60,R5_F5_m5f5_P5_Y26_UO28,MXY,3,31.0,1,0,0.0,0,0,0,-9999.0,0.4719696044921875,1,P2_CV0,1,2,0,1,1,1,1,1,1,0,2,1,1,1,1,0,2,0,2,0,2,2,0,2,0,1,1,2,0,0,2,1,1
5,12300.0,8200.0,R5_F5_m5f5_P5_Y30_UO43,R5_F5_m5f5_P5_Y28_UO123,R5_F5_m5f5_P5_Y25_UO8,FXX,1,31.0,0,0,0.0,0,0,0,-9999.0,0.4521942138671875,1,P3_CV0,1,1,1,0,2,1,1,1,1,0,2,1,1,0,2,2,0,1,1,0,2,1,1,1,1,2,0,2,0,1,1,1,1
5,12300.0,8200.0,R5_F5_m5f5_P5_Y30_UO45,R5_F5_m5f5_P5_Y28_UO123,R5_F5_m5f5_P5_Y25_UO8,FXX,1,31.0,0,0,0.0,0,0,0,-9999.0,0.4521942138671875,1,P3_CV0,1,2,0,0,2,0,2,1,1,0,2,1,1,0,2,2,0,2,0,0,2,2,0,1,1,2,0,2,0,2,0,0,2
5,12300.0,8200.0,R5_F5_m5f5_P5_Y30_UO46,R5_F5_m5f5_P5_Y28_UO123,R5_F5_m5f5_P5_Y25_UO8,FXX,1,31.0,0,0,0.0,0,0,0,-9999.0,0.4521942138671875,1,P3_CV0,1,1,1,0,2,2,0,1,1,1,1,2,0,0,2,2,0,1,1,1,1,1,1,1,1,2,0,2,0,1,1,2,0
5,12300.0,8200.0,R5_F5_m5f5_P5_Y30_UO47,R5_F5_m5f5_P5_Y28_UO123,R5_F5_m5f5_P5_Y25_UO8,MXY,1,31.0,0,0,0.0,0,0,0,-9999.0,0.4521942138671875,1,P3_CV0,1,2,0,0,2,1,1,1,1,0,2,1,1,0,2,2,0,1,1,2,0,1,1,1,1,1,1,2,0,1,1,1,1
5,12300.0,8200.0,R5_F5_m5f5_P5_Y30_UO137,R5_F5_m5f5_P5_Y26_UO71,R5_F5_m5f5_P5_Y28_UO232,MXY,1,31.0,0,0,0.0,0,0,0,-9999.0,0.4594268798828125,1,P3_CV0,1,2,0,0,2,1,1,0,2,0,2,0,2,0,2,2,0,1,1,1,1,0,2,2,0,1,1,1,1,0,2,0,2
5,12300.0,8200.0,R5_F5_m5f5_P5_Y30_UO138,R5_F5_m5f5_P5_Y26_UO71,R5_F5_m5f5_P5_Y28_UO232,FXX,1,31.0,0,0,0.0,0,0,0,-9999.0,0.4594268798828125,1,P3_CV0,1,1,1,0,2,0,2,0,2,0,2,0,2,0,2,1,1,2,0,1,1,0,2,1,1,2,0,2,0,0,2,1,1
5,12300.0,8200.0,R5_F5_m5f5_P5_Y30_UO139,R5_F5_m5f5_P5_Y26_UO71,R5_F5_m5f5_P5_Y28_UO232,MXY,1,31.0,0,0,0.0,0,0,0,-9999.0,0.4594268798828125,1,P3_CV0,1,2,0,0,2,0,2,0,2,0,2,1,1,1,1,2,0,1,1,1,1,1,1,1,1,0,2,1,1,0,2,1,1
5,12300.0,8200.0,R5_F5_m5f5_P5_Y30_UO140,R5_F5_m5f5_P5_Y26_UO71,R5_F5_m5f5_P5_Y28_UO232,MXY,1,31.0,0,0,0.0,0,0,0,-9999.0,0.4594268798828125,1,P3_CV0,1,2,0,0,2,0,2,0,2,0,2,1,1,0,2,1,1,2,0,1,1,0,2,1,1,0,2,1,1,0,2,0,2
5,12300.0,8200.0,R5_F5_m5f5_P5_Y30_UO141,R5_F5_m5f5_P5_Y26_UO71,R5_F5_m5f5_P5_Y28_UO232,MXY,1,31.0,0,0,0.0,0,0,0,-9999.0,0.4594268798828125,1,P3_CV0,1,2,0,0,2,0,2,1,1,0,2,1,1,1,1,1,1,0,2,1,1,1,1,1,1,1,1,2,0,0,2,0,2
5,12300.0,8200.0,R5_F5_m5f5_P5_Y30_UO142,R5_F5_m5f5_P5_Y26_UO71,R5_F5_m5f5_P5_Y28_UO232,MXY,1,31.0,0,0,0.0,0,0,0,-9999.0,0.4594268798828125,1,P3_CV0,1,1,1,0,2,1,1,0,2,0,2,1,1,0,2,1,1,2,0,1,1,0,2,1,1,2,0,1,1,0,2,1,1
5,12300.0,8200.0,R5_F5_m5f5_P5_Y30_UO255,R5_F5_m5f5_P5_Y28_UO25,R5_F5_m5f5_P5_Y26_UO58,FXX,1,31.0,0,0,0.0,0,0,0,-9999.0,0.46425628662109375,1,P3_CV0,1,1,1,0,2,0,2,1,1,1,1,2,0,0,2,2,0,1,1,1,1,1,1,0,2,1,1,0,2,0,2,1,1
5,12300.0,8200.0,R5_F5_m5f5_P5_Y30_UO256,R5_F5_m5f5_P5_Y28_UO25,R5_F5_m5f5_P5_Y26_UO58,FXX,1,31.0,0,0,0.0,0,0,0,-9999.0,0.46425628662109375,1,P3_CV0,1,1,1,0,2,0,2,2,0,1,1,1,1,0,2,2,0,0,2,1,1,0,2,1,1,0,2,0,2,0,2,1,1
5,12300.0,8200.0,R5_F5_m5f5_P5_Y30_UO257,R5_F5_m5f5_P5_Y28_UO25,R5_F5_m5f5_P5_Y26_UO58,MXY,1,31.0,0,0,0.0,0,0,0,-9999.0,0.46425628662109375,1,P3_CV0,1,1,1,0,2,1,1,2,0,1,1,2,0,1,1,2,0,1,1,1,1,2,0,1,1,1,1,0,2,0,2,2,0
5,12300.0,8200.0,R5_F5_m5f5_P5_Y30_UO258,R5_F5_m5f5_P5_Y28_UO25,R5_F5_m5f5_P5_Y26_UO58,MXY,1,31.0,0,0,0.0,0,0,0,-9999.0,0.46425628662109375,1,P3_CV0,1,1,1,0,2,1,1,2,0,1,1,1,1,1,1,2,0,1,1,1,1,1,1,1,1,0,2,0,2,0,2,1,1
5,12300.0,8200.0,RD5_F6_m6f6_P6_Y30_UO232,R6_F6_m6f6_P6_Y28_UO262,R6_F6_m6f6_P6_Y28_UO151,MXY,1,31.0,0,0,0.0,0,0,0,-9999.0,0.5294036865234375,1,P3_CV0,1,0,2,0,2,2,0,1,1,0,2,1,1,2,0,2,0,2,0,1,1,0,2,2,0,1,1,2,0,1,1,1,1
5,12300.0,8200.0,R5_F5_m5f5_P5_Y29_UO216,R5_F5_m5f5_P5_Y26_UO195,R5_F5_m5f5_P5_Y25_UO30,FXX,2,31.0,1,0,0.0,0,0,0,-9999.0,0.467132568359375,1,P3_CV0,1,0,2,0,2,0,2,2,0,1,1,1,1,1,1,2,0,1,1,1,1,1,1,0,2,2,0,0,2,1,1,1,1
5,12300.0,8200.0,R5_F5_m5f5_P5_Y29_UO298,R5_F5_m5f5_P5_Y26_UO15,R5_F5_m5f5_P5_Y26_UO248,MXY,2,31.0,1,0,0.0,0,0,0,-9999.0,0.446685791015625,1,P3_CV0,1,1,1,0,2,2,0,2,0,1,1,0,2,1,1,2,0,1,1,1,1,0,2,1,1,1,1,1,1,0,2,1,1
5,12300.0,8200.0,R5_F5_m5f5_P5_Y29_UO119,R5_F5_m5f5_P5_Y26_UO71,R5_F5_m5f5_P5_Y25_UO8,FXX,2,31.0,1,0,0.0,0,0,0,-9999.0,0.467926025390625,1,P3_CV0,1,1,1,0,2,2,0,0,2,0,2,1,1,0,2,1,1,2,0,0,2,1,1,2,0,1,1,2,0,0,2,0,2
5,12300.0,8200.0,R5_F5_m5f5_P5_Y29_UO120,R5_F5_m5f5_P5_Y26_UO71,R5_F5_m5f5_P5_Y25_UO8,FXX,2,31.0,1,0,1.812,0,0,0,-9999.0,0.467926025390625,1,P3_CV0,1,1,1,0,2,1,1,0,2,0,2,1,1,0,2,2,0,2,0,1,1,1,1,1,1,1,1,2,0,1,1,1,1
5,12300.0,8200.0,R5_F5_m5f5_P5_Y28_UO123,R5_F5_m5f5_P5_Y26_UO195,R5_F5_m5f5_P5_Y24_UO257,FXX,3,31.0,1,0,2.603,0,0,0,-9999.0,0.446319580078125,1,P3_CV0,1,1,1,0,2,1,1,2,0,1,1,2,0,0,2,2,0,1,1,1,1,1,1,0,2,2,0,2,0,1,1,1,1
5,12300.0,8200.0,R5_F5_m5f5_P5_Y26_UO71,R5_F5_m5f5_P5_Y24_UO228,R5_F5_m1f1_P1_Y23_UO170,FXX,5,31.0,1,0,1.651,0,0,0,-9999.0,0.477783203125,1,P3_CV0,1,1,1,0,2,1,1,0,2,0,2,0,2,1,1,1,1,1,1,0,2,0,2,1,1,1,1,1,1,0,2,0,2
5,12300.0,8200.0,R5_F5_m5f5_P5_Y26_UO58,R5_F5_m5f5_P5_Y24_UO228,R5_F5_m5f5_P5_Y21_UO14,MXY,5,31.0,1,0,0.0,0,0,0,-9999.0,0.44384765625,1,P3_CV0,1,1,1,0,2,1,1,1,1,0,2,1,1,0,2,2,0,0,2,0,2,1,1,1,1,1,1,0,2,0,2,1,1
5,12300.0,8200.0,R5_F5_m5f5_P5_Y26_UO195,R5_F5_m5f5_P5_Y24_UO228,R5_F5_m5f5_P5_Y22_UO102,FXX,5,31.0,1,0,0.0,0,0,0,-9999.0,0.47637939453125,1,P3_CV0,1,1,1,0,2,0,2,2,0,1,1,1,1,0,2,2,0,0,2,0,2,0,2,0,2,1,1,1,1,0,2,2,0
5,12300.0,8200.0,R5_F5_m5f5_P5_Y30_UO3,R5_F5_m5f5_P5_Y28_UO124,R5_F5_m5f5_P5_Y28_UO251,FXX,1,31.0,0,0,0.0,0,0,0,-9999.0,0.45914459228515625,1,P4_CV0,1,1,1,1,1,0,2,2,0,0,2,1,1,0,2,0,2,1,1,0,2,1,1,1,1,2,0,1,1,0,2,1,1
5,12300.0,8200.0,R5_F5_m5f5_P5_Y30_UO4,R5_F5_m5f5_P5_Y28_UO124,R5_F5_m5f5_P5_Y28_UO251,MXY,1,31.0,0,0,0.0,0,0,0,-9999.0,0.45914459228515625,1,P4_CV0,1,1,1,2,0,1,1,2,0,1,1,1,1,0,2,0,2,0,2,0,2,1,1,2,0,2,0,2,0,0,2,1,1
5,12300.0,8200.0,R5_F5_m5f5_P5_Y30_UO5,R5_F5_m5f5_P5_Y28_UO124,R5_F5_m5f5_P5_Y28_UO251,FXX,1,31.0,0,0,0.0,0,0,0,-9999.0,0.45914459228515625,1,P4_CV0,1,1,1,1,1,0,2,2,0,0,2,2,0,0,2,1,1,0,2,0,2,1,1,1,1,2,0,1,1,0,2,0,2
5,12300.0,8200.0,R5_F5_m5f5_P5_Y30_UO7,R5_F5_m5f5_P5_Y28_UO124,R5_F5_m5f5_P5_Y28_UO251,MXY,1,31.0,0,0,0.0,0,0,0,-9999.0,0.45914459228515625,1,P4_CV0,1,1,1,1,1,0,2,2,0,0,2,1,1,0,2,1,1,1,1,0,2,1,1,1,1,1,1,2,0,0,2,1,1
5,12300.0,8200.0,R5_F5_m5f5_P5_Y30_UO44,R5_F5_m5f5_P5_Y28_UO123,R5_F5_m5f5_P5_Y25_UO8,MXY,1,31.0,0,0,0.0,0,0,0,-9999.0,0.4521942138671875,1,P4_CV0,1,1,1,0,2,1,1,1,1,0,2,2,0,0,2,2,0,2,0,1,1,2,0,1,1,2,0,2,0,1,1,1,1
5,12300.0,8200.0,R5_F5_m5f5_P5_Y30_UO114,R5_F5_m5f5_P5_Y27_UO40,R5_F5_m5f5_P5_Y28_UO28,FXX,1,31.0,0,0,0.0,0,0,0,-9999.0,0.47475433349609375,1,P4_CV0,1,2,0,1,1,2,0,0,2,1,1,2,0,1,1,0,2,0,2,2,0,1,1,0,2,1,1,1,1,0,2,0,2
5,12300.0,8200.0,R5_F5_m5f5_P5_Y30_UO176,R5_F5_m5f5_P5_Y28_UO252,R5_F5_m5f5_P5_Y28_UO28,FXX,1,31.0,0,0,0.0,0,0,0,-9999.0,0.4783172607421875,1,P4_CV0,1,2,0,0,2,0,2,1,1,1,1,0,2,0,2,1,1,0,2,1,1,1,1,1,1,1,1,1,1,1,1,1,1
5,12300.0,8200.0,R5_F5_m5f5_P5_Y30_UO197,R5_F5_m5f5_P5_Y27_UO106,R5_F5_m5f5_P5_Y27_UO38,FXX,1,31.0,0,0,0.0,0,0,0,-9999.0,0.451904296875,1,P4_CV0,1,0,2,0,2,0,2,2,0,1,1,0,2,0,2,1,1,1,1,1,1,1,1,0,2,1,1,2,0,1,1,0,2
5,12300.0,8200.0,R5_F5_m5f5_P5_Y30_UO201,R5_F5_m5f5_P5_Y27_UO40,R5_F5_m5f5_P5_Y28_UO167,MXY,1,31.0,0,0,0.0,0,0,0,-9999.0,0.4576873779296875,1,P4_CV0,1,1,1,1,1,0,2,0,2,0,2,2,0,2,0,1,1,1,1,1,1,2,0,1,1,1,1,0,2,2,0,1,1
5,12300.0,8200.0,RD5_F5_m5f5_P5_Y30_UO202,R5_F5_m5f5_P5_Y27_UO40,R5_F5_m5f5_P5_Y28_UO1,FXX,1,31.0,0,0,0.0,0,0,0,-9999.0,0.467254638671875,1,P4_CV0,1,1,1,1,1,0,2,0,2,2,0,0,2,0,2,1,1,0,2,0,2,2,0,2,0,2,0,2,0,0,2,2,0
5,12300.0,8200.0,R5_F5_m5f5_P5_Y30_UO259,R5_F5_m5f5_P5_Y28_UO252,R5_F5_m5f5_P5_Y27_UO63,MXY,1,31.0,0,0,0.0,0,0,0,-9999.0,0.47592926025390625,1,P4_CV0,1,2,0,0,2,0,2,0,2,0,2,1,1,1,1,1,1,0,2,0,2,1,1,1,1,1,1,2,0,0,2,1,1
5,12300.0,8200.0,R5_F5_m5f5_P5_Y30_UO260,R5_F5_m5f5_P5_Y28_UO252,R5_F5_m5f5_P5_Y27_UO63,MXY,1,31.0,0,0,0.0,0,0,0,-9999.0,0.47592926025390625,1,P4_CV0,1,1,1,0,2,0,2,1,1,0,2,0,2,0,2,1,1,0,2,0,2,1,1,1,1,2,0,2,0,0,2,1,1
5,12300.0,8200.0,R5_F5_m5f5_P5_Y30_UO261,R5_F5_m5f5_P5_Y28_UO252,R5_F5_m5f5_P5_Y27_UO63,MXY,1,31.0,0,0,0.0,0,0,0,-9999.0,0.47592926025390625,1,P4_CV0,1,1,1,0,2,1,1,0,2,0,2,1,1,0,2,1,1,0,2,0,2,1,1,1,1,2,0,2,0,0,2,1,1
5,12300.0,8200.0,R5_F5_m5f5_P5_Y30_UO262,R5_F5_m5f5_P5_Y28_UO252,R5_F5_m5f5_P5_Y27_UO63,MXY,1,31.0,0,0,0.0,0,0,0,-9999.0,0.47592926025390625,1,P4_CV0,1,2,0,0,2,0,2,1,1,1,1,0,2,0,2,1,1,0,2,0,2,2,0,0,2,2,0,2,0,0,2,1,1
5,12300.0,8200.0,R5_F5_m5f5_P5_Y30_UO263,R5_F5_m5f5_P5_Y28_UO252,R5_F5_m5f5_P5_Y27_UO63,FXX,1,31.0,0,0,0.0,0,0,0,-9999.0,0.47592926025390625,1,P4_CV0,1,2,0,0,2,1,1,0,2,1,1,0,2,0,2,1,1,1,1,0,2,2,0,1,1,1,1,2,0,0,2,2,0
5,12300.0,8200.0,R5_F5_m5f5_P5_Y30_UO264,R5_F5_m5f5_P5_Y28_UO252,R5_F5_m5f5_P5_Y27_UO63,FXX,1,31.0,0,0,0.0,0,0,0,-9999.0,0.47592926025390625,1,P4_CV0,1,2,0,0,2,0,2,1,1,0,2,0,2,1,1,1,1,1,1,0,2,1,1,0,2,1,1,2,0,0,2,2,0
5,12300.0,8200.0,R5_F5_m5f5_P5_Y30_UO265,R5_F5_m5f5_P5_Y28_UO252,R5_F5_m5f5_P5_Y27_UO63,MXY,1,31.0,0,0,0.0,0,0,0,-9999.0,0.47592926025390625,1,P4_CV0,1,1,1,0,2,1,1,0,2,0,2,0,2,0,2,1,1,0,2,0,2,1,1,2,0,1,1,2,0,0,2,2,0
5,12300.0,8200.0,R5_F5_m5f5_P5_Y30_UO278,R5_F5_m5f5_P5_Y27_UO106,R5_F5_m5f5_P5_Y28_UO167,FXX,1,31.0,0,0,0.0,0,0,0,-9999.0,0.4447479248046875,1,P4_CV0,1,1,1,0,2,0,2,2,0,0,2,0,2,1,1,2,0,1,1,1,1,2,0,1,1,2,0,1,1,1,1,1,1
5,12300.0,8200.0,R5_F5_m5f5_P5_Y29_UO288,R5_F5_m5f5_P5_Y25_UO6,R5_F5_m6f6_P6_Y26_UO69,MXY,2,31.0,1,0,0.0,0,0,0,-9999.0,0.4789276123046875,1,P4_CV0,1,2,0,0,2,1,1,1,1,1,1,1,1,2,0,1,1,1,1,1,1,1,1,1,1,2,0,0,2,1,1,1,1
5,12300.0,8200.0,R5_F5_m5f5_P5_Y29_UO83,R5_F5_m5f5_P5_Y25_UO6,R5_F5_m5f5_P5_Y26_UO146,MXY,2,31.0,1,0,0.0,0,0,0,-9999.0,0.442840576171875,1,P4_CV0,1,1,1,1,1,0,2,1,1,1,1,0,2,1,1,1,1,2,0,1,1,1,1,2,0,2,0,0,2,0,2,1,1
5,12300.0,8200.0,R5_F5_m5f5_P5_Y29_UO275,R5_F5_m5f5_P5_Y27_UO39,R5_F5_m5f5_P5_Y27_UO63,FXX,2,31.0,1,0,0.0,0,0,0,-9999.0,0.4723663330078125,1,P4_CV0,1,1,1,0,2,0,2,0,2,0,2,1,1,0,2,1,1,0,2,1,1,2,0,2,0,2,0,1,1,1,1,2,0
5,12300.0,8200.0,R5_F5_m5f5_P5_Y29_UO277,R5_F5_m5f5_P5_Y27_UO39,R5_F5_m5f5_P5_Y27_UO63,MXY,2,31.0,1,0,0.0,0,0,0,-9999.0,0.4723663330078125,1,P4_CV0,1,0,2,0,2,0,2,0,2,0,2,0,2,0,2,2,0,1,1,0,2,1,1,2,0,1,1,1,1,0,2,2,0
5,12300.0,8200.0,R5_F5_m5f5_P5_Y29_UO84,R5_F5_m5f5_P5_Y25_UO6,R5_F5_m5f5_P5_Y26_UO146,FXX,2,31.0,1,0,2.29,0,0,0,-9999.0,0.442840576171875,1,P4_CV0,1,2,0,0,2,1,1,0,2,2,0,1,1,2,0,2,0,2,0,1,1,1,1,1,1,2,0,1,1,0,2,1,1
5,12300.0,8200.0,R5_F5_m5f5_P5_Y29_UO213,R5_F5_m5f5_P5_Y26_UO195,R5_F5_m5f5_P5_Y25_UO30,MXY,2,31.0,1,0,0.0,0,0,0,-9999.0,0.467132568359375,1,P4_CV0,1,1,1,0,2,0,2,1,1,1,1,0,2,1,1,2,0,1,1,1,1,1,1,1,1,1,1,0,2,1,1,2,0
5,12300.0,8200.0,R5_F5_m5f5_P5_Y29_UO87,R5_F5_m5f5_P5_Y25_UO6,R5_F5_m5f5_P5_Y26_UO146,MXY,2,31.0,1,0,0.0,0,0,0,-9999.0,0.442840576171875,1,P4_CV0,1,1,1,0,2,1,1,2,0,1,1,1,1,0,2,1,1,1,1,1,1,1,1,2,0,2,0,1,1,0,2,1,1
5,12300.0,8200.0,R5_F5_m5f5_P5_Y29_UO16,R5_F5_m5f5_P5_Y26_UO195,R5_F5_m5f5_P5_Y27_UO66,FXX,2,31.0,1,0,1.0,0,0,0,-9999.0,0.4781341552734375,1,P4_CV0,1,2,0,1,1,1,1,2,0,1,1,0,2,0,2,2,0,1,1,0,2,1,1,0,2,2,0,1,1,1,1,2,0
5,12300.0,8200.0,R5_F5_m5f5_P5_Y29_UO89,R5_F5_m5f5_P5_Y25_UO6,R5_F5_m5f5_P5_Y26_UO146,MXY,2,31.0,1,0,0.0,0,0,0,-9999.0,0.442840576171875,1,P4_CV0,1,2,0,1,1,0,2,1,1,2,0,1,1,1,1,2,0,1,1,1,1,0,2,2,0,2,0,1,1,0,2,0,2
5,12300.0,8200.0,R5_F5_m5f5_P5_Y29_UO285,R5_F5_m5f5_P5_Y25_UO6,R5_F5_m6f6_P6_Y26_UO69,FXX,2,31.0,1,0,1.753,0,0,0,-9999.0,0.4789276123046875,1,P4_CV0,1,0,2,0,2,1,1,1,1,0,2,2,0,0,2,2,0,1,1,1,1,0,2,1,1,2,0,1,1,0,2,1,1
5,12300.0,8200.0,R5_F5_m5f5_P5_Y29_UO279,R5_F5_m5f5_P5_Y27_UO39,R5_F5_m5f5_P5_Y27_UO63,FXX,2,31.0,1,0,0.0,0,0,0,-9999.0,0.4723663330078125,1,P4_CV0,1,1,1,0,2,2,0,0,2,1,1,0,2,1,1,2,0,1,1,0,2,1,1,2,0,2,0,1,1,0,2,1,1
5,12300.0,8200.0,R5_F5_m5f5_P5_Y29_UO214,R5_F5_m5f5_P5_Y26_UO195,R5_F5_m5f5_P5_Y25_UO30,FXX,2,31.0,1,0,0.0,0,0,0,-9999.0,0.467132568359375,1,P4_CV0,1,2,0,0,2,0,2,2,0,2,0,2,0,1,1,2,0,1,1,1,1,1,1,0,2,1,1,2,0,1,1,1,1
5,12300.0,8200.0,R5_F5_m5f5_P5_Y29_UO82,R5_F5_m5f5_P5_Y25_UO6,R5_F5_m5f5_P5_Y26_UO146,MXY,2,31.0,1,0,0.0,0,0,0,-9999.0,0.442840576171875,1,P4_CV0,1,2,0,0,2,2,0,0,2,2,0,1,1,2,0,1,1,2,0,1,1,0,2,1,1,2,0,0,2,0,2,1,1
5,12300.0,8200.0,R5_F5_m5f5_P5_Y29_UO86,R5_F5_m5f5_P5_Y25_UO6,R5_F5_m5f5_P5_Y26_UO146,FXX,2,31.0,1,0,0.0,0,0,0,-9999.0,0.442840576171875,1,P4_CV0,1,0,2,1,1,1,1,1,1,2,0,2,0,0,2,2,0,2,0,1,1,1,1,2,0,2,0,0,2,0,2,1,1
5,12300.0,8200.0,R5_F5_m5f5_P5_Y29_UO50,R5_F5_m5f5_P5_Y27_UO106,R5_F5_m5f5_P5_Y27_UO68,FXX,2,31.0,1,0,1.0,0,0,0,-9999.0,0.4594268798828125,1,P4_CV0,1,2,0,0,2,1,1,2,0,0,2,0,2,0,2,2,0,1,1,1,1,2,0,2,0,1,1,2,0,0,2,1,1
5,12300.0,8200.0,R5_F5_m5f5_P5_Y28_UO3,R5_F5_m5f5_P5_Y24_UO28,R5_F5_m5f5_P5_Y26_UO197,FXX,3,31.0,1,0,1.647,0,0,0,-9999.0,0.46966552734375,1,P4_CV0,1,1,1,0,2,0,2,2,0,1,1,1,1,0,2,1,1,0,2,0,2,1,1,1,1,2,0,0,2,0,2,1,1
5,12300.0,8200.0,R5_F5_m5f5_P5_Y28_UO167,R5_F5_m5f5_P5_Y26_UO67,R5_F5_m5f5_P5_Y25_UO30,MXY,3,31.0,1,0,0.0,0,0,0,-9999.0,0.450531005859375,1,P4_CV0,1,1,1,0,2,0,2,1,1,0,2,1,1,1,1,2,0,1,1,0,2,2,0,0,2,1,1,0,2,1,1,1,1
5,12300.0,8200.0,R5_F5_m5f5_P5_Y28_UO1,R5_F5_m5f5_P5_Y24_UO28,R5_F5_m5f5_P5_Y26_UO197,MXY,3,31.0,1,0,0.0,0,0,0,-9999.0,0.46966552734375,1,P4_CV0,1,1,1,0,2,0,2,1,1,2,0,1,1,0,2,1,1,1,1,0,2,2,0,2,0,2,0,2,0,0,2,1,1
5,12300.0,8200.0,R5_F5_m5f5_P5_Y28_UO124,R5_F5_m5f5_P5_Y26_UO195,R5_F5_m5f5_P5_Y24_UO257,FXX,3,31.0,1,0,1.447,0,0,0,-9999.0,0.446319580078125,1,P4_CV0,1,1,1,1,1,0,2,2,0,1,1,1,1,0,2,1,1,1,1,0,2,0,2,1,1,1,1,1,1,0,2,1,1
5,12300.0,8200.0,R5_F5_m5f5_P5_Y28_UO252,R5_F5_m5f5_P5_Y25_UO60,R5_F5_m5f5_P5_Y26_UO28,FXX,3,31.0,1,0,2.415,0,0,0,-9999.0,0.4719696044921875,1,P4_CV0,1,1,1,0,2,0,2,1,1,0,2,1,1,1,1,0,2,0,2,0,2,1,1,1,1,2,0,2,0,0,2,1,1
5,12300.0,8200.0,R5_F5_m5f5_P5_Y28_UO181,R5_F5_m5f5_P5_Y24_UO155,R5_F5_m5f5_P5_Y25_UO152,MXY,3,31.0,1,0,0.0,0,0,0,-9999.0,0.432708740234375,1,P4_CV0,1,1,1,0,2,1,1,1,1,1,1,0,2,0,2,0,2,0,2,0,2,2,0,1,1,2,0,1,1,0,2,2,0
5,12300.0,8200.0,R5_F5_m5f5_P5_Y27_UO40,R5_F5_m5f5_P5_Y25_UO62,R5_F5_m5f5_P5_Y25_UO30,FXX,4,31.0,1,0,1.067,0,0,0,-9999.0,0.46484375,1,P4_CV0,1,2,0,1,1,1,1,0,2,1,1,1,1,1,1,1,1,1,1,1,1,1,1,1,1,2,0,1,1,1,1,1,1
5,12300.0,8200.0,R5_F5_m5f5_P5_Y27_UO39,R5_F5_m5f5_P5_Y25_UO62,R5_F5_m5f5_P5_Y25_UO30,FXX,4,31.0,1,0,1.882,0,0,0,-9999.0,0.46484375,1,P4_CV0,1,1,1,0,2,1,1,0,2,0,2,1,1,1,1,1,1,1,1,1,1,1,1,2,0,2,0,0,2,1,1,1,1
5,12300.0,8200.0,R5_F5_m5f5_P5_Y27_UO38,R5_F5_m5f5_P5_Y25_UO62,R5_F5_m5f5_P5_Y25_UO30,MXY,4,31.0,1,0,0.0,0,0,0,-9999.0,0.46484375,1,P4_CV0,1,0,2,0,2,0,2,2,0,1,1,0,2,0,2,1,1,1,1,0,2,1,1,1,1,1,1,2,0,1,1,1,1
5,12300.0,8200.0,R5_F5_m5f5_P5_Y30_UO50,R5_F5_m5f5_P5_Y28_UO124,R5_F5_m5f5_P5_Y26_UO66,FXX,1,31.0,0,0,0.0,0,0,0,-9999.0,0.4447479248046875,1,P5_CV0,1,2,0,1,1,0,2,1,1,0,2,1,1,0,2,1,1,1,1,1,1,0,2,0,2,2,0,1,1,0,2,1,1
5,12300.0,8200.0,R5_F5_m5f5_P5_Y30_UO51,R5_F5_m5f5_P5_Y28_UO124,R5_F5_m5f5_P5_Y26_UO66,MXY,1,31.0,0,0,0.0,0,0,0,-9999.0,0.4447479248046875,1,P5_CV0,1,2,0,0,2,1,1,1,1,0,2,0,2,0,2,1,1,0,2,1,1,0,2,1,1,0,2,0,2,0,2,1,1
5,12300.0,8200.0,R5_F5_m5f5_P5_Y30_UO52,R5_F5_m5f5_P5_Y28_UO124,R5_F5_m5f5_P5_Y26_UO66,MXY,1,31.0,0,0,0.0,0,0,0,-9999.0,0.4447479248046875,1,P5_CV0,1,1,1,1,1,0,2,1,1,1,1,1,1,0,2,1,1,1,1,1,1,0,2,0,2,2,0,0,2,0,2,2,0
5,12300.0,8200.0,R5_F5_m5f5_P5_Y30_UO53,R5_F5_m5f5_P5_Y28_UO124,R5_F5_m5f5_P5_Y26_UO66,FXX,1,31.0,0,0,0.0,0,0,0,-9999.0,0.4447479248046875,1,P5_CV0,1,1,1,0,2,1,1,1,1,0,2,0,2,0,2,2,0,1,1,1,1,0,2,1,1,0,2,0,2,0,2,1,1
5,12300.0,8200.0,R5_F5_m5f5_P5_Y30_UO113,R5_F5_m5f5_P5_Y27_UO40,R5_F5_m5f5_P5_Y28_UO28,FXX,1,31.0,0,0,0.0,0,0,0,-9999.0,0.47475433349609375,1,P5_CV0,1,2,0,1,1,1,1,0,2,1,1,0,2,1,1,0,2,1,1,0,2,1,1,1,1,1,1,1,1,1,1,1,1
5,12300.0,8200.0,R5_F5_m5f5_P5_Y30_UO143,R5_F5_m5f5_P5_Y26_UO71,R5_F5_m5f5_P5_Y28_UO232,FXX,1,31.0,0,0,0.0,0,0,0,-9999.0,0.4594268798828125,1,P5_CV0,1,2,0,0,2,0,2,0,2,0,2,0,2,1,1,1,1,1,1,1,1,1,1,2,0,1,1,0,2,0,2,0,2
5,12300.0,8200.0,R5_F5_m5f5_P5_Y30_UO144,R5_F5_m5f5_P5_Y26_UO71,R5_F5_m5f5_P5_Y28_UO232,MXY,1,31.0,0,0,0.0,0,0,0,-9999.0,0.4594268798828125,1,P5_CV0,1,2,0,0,2,0,2,0,2,0,2,0,2,1,1,2,0,0,2,1,1,0,2,2,0,0,2,1,1,0,2,1,1
5,12300.0,8200.0,R5_F5_m5f5_P5_Y30_UO145,R5_F5_m5f5_P5_Y26_UO71,R5_F5_m5f5_P5_Y28_UO232,MXY,1,31.0,0,0,0.0,0,0,0,-9999.0,0.4594268798828125,1,P5_CV0,1,2,0,0,2,0,2,0,2,0,2,1,1,1,1,1,1,2,0,1,1,0,2,1,1,1,1,0,2,0,2,0,2
5,12300.0,8200.0,R5_F5_m5f5_P5_Y30_UO168,R5_F5_m5f5_P5_Y28_UO25,R5_F5_m5f5_P5_Y28_UO251,FXX,1,31.0,0,0,0.0,0,0,0,-9999.0,0.4783172607421875,1,P5_CV0,1,1,1,1,1,0,2,1,1,1,1,1,1,1,1,1,1,1,1,0,2,1,1,1,1,1,1,1,1,0,2,1,1
5,12300.0,8200.0,R5_F5_m5f5_P5_Y30_UO173,R5_F5_m5f5_P5_Y28_UO252,R5_F5_m5f5_P5_Y28_UO28,MXY,1,31.0,0,0,0.0,0,0,0,-9999.0,0.4783172607421875,1,P5_CV0,1,1,1,0,2,0,2,1,1,1,1,1,1,1,1,0,2,0,2,0,2,2,0,0,2,2,0,1,1,0,2,2,0
5,12300.0,8200.0,R5_F5_m5f5_P5_Y30_UO174,R5_F5_m5f5_P5_Y28_UO252,R5_F5_m5f5_P5_Y28_UO28,MXY,1,31.0,0,0,0.0,0,0,0,-9999.0,0.4783172607421875,1,P5_CV0,1,2,0,0,2,0,2,1,1,1,1,0,2,1,1,1,1,0,2,1,1,0,2,1,1,2,0,2,0,1,1,1,1
5,12300.0,8200.0,R5_F5_m5f5_P5_Y30_UO175,R5_F5_m5f5_P5_Y28_UO252,R5_F5_m5f5_P5_Y28_UO28,FXX,1,31.0,0,0,0.0,0,0,0,-9999.0,0.4783172607421875,1,P5_CV0,1,2,0,0,2,1,1,1,1,1,1,1,1,1,1,1,1,0,2,1,1,0,2,1,1,1,1,1,1,1,1,1,1
5,12300.0,8200.0,R5_F5_m5f5_P5_Y30_UO194,R5_F5_m5f5_P5_Y27_UO106,R5_F5_m5f5_P5_Y27_UO38,MXY,1,31.0,0,0,0.0,0,0,0,-9999.0,0.451904296875,1,P5_CV0,1,0,2,0,2,0,2,2,0,0,2,0,2,0,2,1,1,1,1,1,1,2,0,1,1,1,1,2,0,0,2,0,2
5,12300.0,8200.0,RD5_F5_m5f5_P5_Y30_UO195,R5_F5_m5f5_P5_Y27_UO106,R5_F5_m5f5_P5_Y27_UO38,MXY,1,31.0,0,0,0.0,0,0,0,-9999.0,0.451904296875,1,P5_CV0,1,1,1,0,2,0,2,2,0,1,1,0,2,0,2,1,1,1,1,1,1,1,1,1,1,1,1,2,0,1,1,1,1
5,12300.0,8200.0,R5_F5_m5f5_P5_Y30_UO196,R5_F5_m5f5_P5_Y27_UO106,R5_F5_m5f5_P5_Y27_UO38,FXX,1,31.0,0,0,0.0,0,0,0,-9999.0,0.451904296875,1,P5_CV0,1,1,1,0,2,0,2,2,0,1,1,0,2,0,2,1,1,2,0,1,1,1,1,1,1,2,0,2,0,0,2,0,2
5,12300.0,8200.0,R5_F5_m5f5_P5_Y30_UO198,R5_F5_m5f5_P5_Y27_UO106,R5_F5_m5f5_P5_Y27_UO38,FXX,1,31.0,0,0,0.0,0,0,0,-9999.0,0.451904296875,1,P5_CV0,1,1,1,0,2,0,2,2,0,1,1,0,2,0,2,1,1,1,1,1,1,2,0,1,1,1,1,2,0,1,1,0,2
5,12300.0,8200.0,R5_F5_m5f5_P5_Y30_UO254,R5_F5_m5f5_P5_Y28_UO25,R5_F5_m5f5_P5_Y26_UO58,MXY,1,31.0,0,0,0.0,0,0,0,-9999.0,0.46425628662109375,1,P5_CV0,1,2,0,0,2,1,1,1,1,1,1,0,2,0,2,2,0,0,2,1,1,2,0,1,1,1,1,0,2,0,2,1,1
5,12300.0,8200.0,R5_F5_m5f5_P5_Y30_UO275,R5_F5_m5f5_P5_Y27_UO106,R5_F5_m5f5_P5_Y28_UO167,FXX,1,31.0,0,0,0.0,0,0,0,-9999.0,0.4447479248046875,1,P5_CV0,1,0,2,0,2,0,2,1,1,1,1,1,1,1,1,2,0,1,1,1,1,2,0,0,2,2,0,1,1,0,2,1,1
5,12300.0,8200.0,R5_F5_m5f5_P5_Y29_UO297,R5_F5_m5f5_P5_Y26_UO15,R5_F5_m5f5_P5_Y26_UO248,FXX,2,31.0,1,0,1.357,0,0,0,-9999.0,0.446685791015625,1,P5_CV0,1,2,0,0,2,2,0,1,1,1,1,0,2,0,2,2,0,2,0,0,2,0,2,0,2,2,0,1,1,0,2,1,1
5,12300.0,8200.0,R5_F5_m5f5_P5_Y28_UO25,R5_F5_m5f5_P5_Y26_UO15,RD5_F6_m6f6_P6_Y26_UO69,FXX,3,31.0,1,0,2.082,0,0,0,-9999.0,0.4846649169921875,1,P5_CV0,1,1,1,0,2,0,2,2,0,2,0,1,1,1,1,1,1,1,1,1,1,1,1,1,1,0,2,1,1,1,1,1,1
5,12300.0,8200.0,R5_F5_m5f5_P5_Y28_UO28,R5_F5_m5f5_P5_Y26_UO15,RD5_F6_m6f6_P6_Y26_UO69,MXY,3,31.0,1,0,0.0,0,0,0,-9999.0,0.4846649169921875,1,P5_CV0,1,2,0,0,2,1,1,1,1,2,0,1,1,1,1,1,1,0,2,1,1,1,1,1,1,1,1,1,1,1,1,1,1
5,12300.0,8200.0,R5_F5_m5f5_P5_Y28_UO232,R5_F5_m5f5_P5_Y25_UO130,R5_F5_m5f5_P5_Y26_UO66,MXY,3,31.0,1,0,0.0,0,0,0,-9999.0,0.441070556640625,1,P5_CV0,1,2,0,0,2,0,2,1,1,0,2,1,1,0,2,2,0,1,1,2,0,1,1,1,1,1,1,1,1,0,2,1,1
5,12300.0,8200.0,R5_F5_m5f5_P5_Y26_UO66,R5_F5_m5f5_P5_Y23_UO167,R5_F5_m5f5_P5_Y21_UO14,MXY,5,31.0,1,0,0.0,0,0,0,-9999.0,0.44317626953125,1,P5_CV0,1,2,0,0,2,1,1,0,2,0,2,0,2,0,2,2,0,1,1,2,0,0,2,1,1,1,1,0,2,0,2,1,1
6,12400.0,8200.0,R6_F6_m6f6_P6_Y30_UO16,RD6_F4_m4f4_P4_Y28_UO279,R6_F6_m6f6_P6_Y28_UO280,FXX,1,31.0,0,0,0.0,0,0,0,-9999.0,0.5130767822265625,1,P1_CV0,1,1,1,1,1,0,2,1,1,2,0,0,2,0,2,1,1,1,1,1,1,2,0,2,0,1,1,2,0,2,0,1,1
6,12400.0,8200.0,R6_F6_m6f6_P6_Y30_UO18,RD6_F4_m4f4_P4_Y28_UO279,R6_F6_m6f6_P6_Y28_UO280,FXX,1,31.0,0,0,0.0,0,0,0,-9999.0,0.5130767822265625,1,P1_CV0,1,2,0,0,2,0,2,1,1,2,0,0,2,0,2,2,0,2,0,1,1,2,0,1,1,1,1,1,1,2,0,2,0
6,12400.0,8200.0,R6_F6_m6f6_P6_Y30_UO39,R6_F6_m6f6_P6_Y26_UO140,R6_F6_m6f6_P6_Y28_UO280,MXY,1,31.0,0,0,0.0,0,0,0,-9999.0,0.5396575927734375,1,P1_CV0,1,1,1,1,1,1,1,1,1,1,1,2,0,0,2,1,1,1,1,0,2,1,1,1,1,0,2,2,0,1,1,2,0
6,12400.0,8200.0,R6_F6_m6f6_P6_Y30_UO40,R6_F6_m6f6_P6_Y26_UO140,R6_F6_m6f6_P6_Y28_UO280,FXX,1,31.0,0,0,0.0,0,0,0,-9999.0,0.5396575927734375,1,P1_CV0,1,1,1,1,1,0,2,1,1,1,1,1,1,2,0,1,1,1,1,0,2,2,0,1,1,0,2,2,0,0,2,2,0
6,12400.0,8200.0,R6_F6_m6f6_P6_Y30_UO182,R6_F6_m6f6_P6_Y27_UO276,R6_F6_m6f6_P6_Y27_UO93,FXX,1,31.0,0,0,0.0,0,0,0,-9999.0,0.490203857421875,1,P1_CV0,1,0,2,1,1,2,0,0,2,2,0,1,1,0,2,1,1,2,0,0,2,1,1,2,0,2,0,0,2,1,1,0,2
6,12400.0,8200.0,R6_F6_m6f6_P6_Y30_UO183,R6_F6_m6f6_P6_Y27_UO276,R6_F6_m6f6_P6_Y27_UO93,MXY,1,31.0,0,0,0.0,0,0,0,-9999.0,0.490203857421875,1,P1_CV0,1,2,0,1,1,1,1,0,2,2,0,1,1,1,1,1,1,2,0,0,2,0,2,1,1,1,1,0,2,2,0,0,2
6,12400.0,8200.0,R6_F6_m6f6_P6_Y30_UO184,R6_F6_m6f6_P6_Y27_UO276,R6_F6_m6f6_P6_Y27_UO93,MXY,1,31.0,0,0,0.0,0,0,0,-9999.0,0.490203857421875,1,P1_CV0,1,1,1,1,1,1,1,1,1,2,0,1,1,1,1,1,1,2,0,0,2,0,2,2,0,2,0,0,2,2,0,0,2
6,12400.0,8200.0,R6_F6_m6f6_P6_Y30_UO189,R6_F6_m6f6_P6_Y28_UO42,R6_F6_m6f6_P6_Y28_UO59,FXX,1,31.0,0,0,0.0,0,0,0,-9999.0,0.5248947143554688,1,P1_CV0,1,1,1,1,1,0,2,1,1,1,1,1,1,2,0,2,0,1,1,0,2,1,1,2,0,2,0,1,1,1,1,1,1
6,12400.0,8200.0,R6_F6_m6f6_P6_Y30_UO190,R6_F6_m6f6_P6_Y28_UO42,R6_F6_m6f6_P6_Y28_UO59,MXY,1,31.0,0,0,0.0,0,0,0,-9999.0,0.5248947143554688,1,P1_CV0,1,1,1,1,1,0,2,0,2,1,1,1,1,1,1,2,0,1,1,1,1,1,1,2,0,2,0,1,1,1,1,1,1
6,12400.0,8200.0,R6_F6_m6f6_P6_Y30_UO219,R6_F6_m6f6_P6_Y27_UO276,R6_F6_m6f6_P6_Y27_UO216,MXY,1,31.0,0,0,0.0,0,0,0,-9999.0,0.51019287109375,1,P1_CV0,1,0,2,1,1,2,0,1,1,1,1,1,1,2,0,1,1,1,1,0,2,1,1,1,1,1,1,1,1,2,0,0,2
6,12400.0,8200.0,R6_F6_m6f6_P6_Y30_UO220,R6_F6_m6f6_P6_Y27_UO276,R6_F6_m6f6_P6_Y27_UO216,FXX,1,31.0,0,0,0.0,0,0,0,-9999.0,0.51019287109375,1,P1_CV0,1,0,2,0,2,1,1,0,2,2,0,1,1,1,1,2,0,2,0,0,2,1,1,2,0,1,1,1,1,2,0,1,1
6,12400.0,8200.0,R6_F6_m6f6_P6_Y30_UO249,R6_F6_m6f6_P6_Y28_UO200,R6_F6_m6f6_P6_Y27_UO216,FXX,1,31.0,0,0,0.0,0,0,0,-9999.0,0.5367279052734375,1,P1_CV0,1,0,2,1,1,1,1,1,1,2,0,1,1,2,0,0,2,2,0,0,2,1,1,2,0,0,2,2,0,2,0,1,1
6,12400.0,8200.0,R6_F6_m6f6_P6_Y30_UO251,R6_F6_m6f6_P6_Y28_UO125,R6_F6_m6f6_P6_Y27_UO45,FXX,1,31.0,0,0,0.0,0,0,0,-9999.0,0.510009765625,1,P1_CV0,1,0,2,0,2,0,2,1,1,2,0,0,2,1,1,1,1,0,2,0,2,1,1,2,0,0,2,2,0,1,1,0,2
6,12400.0,8200.0,R6_F6_m6f6_P6_Y30_UO252,R6_F6_m6f6_P6_Y28_UO125,R6_F6_m6f6_P6_Y27_UO45,MXY,1,31.0,0,0,0.0,0,0,0,-9999.0,0.510009765625,1,P1_CV0,1,0,2,0,2,1,1,2,0,2,0,0,2,1,1,1,1,0,2,0,2,1,1,2,0,0,2,1,1,1,1,1,1
6,12400.0,8200.0,R6_F6_m6f6_P6_Y29_UO54,R6_F6_m6f6_P6_Y26_UO70,R6_F6_m6f6_P6_Y26_UO62,MXY,2,31.0,1,0,0.0,0,0,0,-9999.0,0.5328826904296875,1,P1_CV0,1,0,2,1,1,1,1,1,1,1,1,0,2,2,0,0,2,0,2,0,2,1,1,2,0,1,1,2,0,1,1,2,0
6,12400.0,8200.0,R6_F6_m6f6_P6_Y29_UO255,R6_F6_m6f6_P6_Y27_UO92,R6_F6_m6f6_P6_Y27_UO194,MXY,2,31.0,1,0,0.0,0,0,0,-9999.0,0.47088623046875,1,P1_CV0,1,1,1,0,2,0,2,2,0,1,1,1,1,1,1,2,0,1,1,0,2,0,2,0,2,0,2,0,2,1,1,0,2
6,12400.0,8200.0,R6_F6_m6f6_P6_Y28_UO125,R6_F6_m6f6_P6_Y26_UO72,R6_F6_m5f5_P5_Y26_UO181,FXX,3,31.0,1,0,1.519,0,0,0,-9999.0,0.488037109375,1,P1_CV0,1,0,2,0,2,1,1,1,1,2,0,0,2,1,1,2,0,1,1,0,2,1,1,1,1,0,2,1,1,1,1,1,1
6,12400.0,8200.0,R6_F6_m6f6_P6_Y28_UO200,R6_F6_m6f6_P6_Y25_UO179,R6_F6_m6f6_P6_Y26_UO132,FXX,3,31.0,1,0,0.0,0,0,0,-9999.0,0.545562744140625,1,P1_CV0,1,0,2,1,1,1,1,2,0,1,1,1,1,1,1,1,1,2,0,0,2,2,0,2,0,1,1,2,0,2,0,2,0
6,12400.0,8200.0,R6_F6_m2f2_P2_Y28_UO115,R2_F2_m2f2_P2_Y24_UO193,R2_F2_m2f2_P2_Y26_UO84,MXY,3,31.0,1,0,0.0,0,0,0,-9999.0,0.456085205078125,1,P2_CV0,1,1,1,1,1,0,2,0,2,1,1,2,0,1,1,1,1,1,1,0,2,1,1,1,1,2,0,2,0,0,2,1,1
6,12400.0,8200.0,RD6_F3_m3f3_P3_Y26_UO251,R3_F3_m3f3_P3_Y24_UO29,R3_F3_m3f3_P3_Y24_UO231,FXX,5,31.0,1,0,3.338,0,0,0,-9999.0,0.50506591796875,1,P2_CV0,1,1,1,2,0,0,2,2,0,1,1,1,1,0,2,1,1,0,2,0,2,0,2,2,0,2,0,2,0,1,1,0,2
6,12400.0,8200.0,R6_F6_m6f6_P6_Y30_UO17,RD6_F4_m4f4_P4_Y28_UO279,R6_F6_m6f6_P6_Y28_UO280,MXY,1,31.0,0,0,0.0,0,0,0,-9999.0,0.5130767822265625,1,P3_CV0,1,1,1,0,2,2,0,1,1,2,0,1,1,1,1,1,1,1,1,1,1,2,0,2,0,1,1,2,0,2,0,1,1
6,12400.0,8200.0,R6_F6_m6f6_P6_Y30_UO38,R6_F6_m6f6_P6_Y28_UO101,R6_F6_m6f6_P6_Y27_UO274,MXY,1,31.0,0,0,0.0,0,0,0,-9999.0,0.526153564453125,1,P3_CV0,1,2,0,1,1,0,2,1,1,1,1,0,2,1,1,2,0,0,2,0,2,1,1,1,1,0,2,1,1,2,0,2,0
6,12400.0,8200.0,R6_F6_m6f6_P6_Y30_UO55,RD6_F4_m4f4_P4_Y28_UO279,R6_F6_m6f6_P6_Y27_UO45,FXX,1,31.0,0,0,0.0,0,0,0,-9999.0,0.50628662109375,1,P3_CV0,1,1,1,1,1,1,1,1,1,2,0,1,1,0,2,1,1,1,1,1,1,2,0,2,0,0,2,2,0,1,1,1,1
6,12400.0,8200.0,R6_F6_m6f6_P6_Y30_UO58,RD6_F4_m4f4_P4_Y28_UO279,R6_F6_m6f6_P6_Y27_UO45,MXY,1,31.0,0,0,0.0,0,0,0,-9999.0,0.50628662109375,1,P3_CV0,1,1,1,1,1,2,0,1,1,2,0,0,2,0,2,2,0,2,0,1,1,1,1,1,1,0,2,1,1,1,1,0,2
6,12400.0,8200.0,R6_F6_m6f6_P6_Y30_UO59,RD6_F4_m4f4_P4_Y28_UO279,R6_F6_m6f6_P6_Y27_UO45,MXY,1,31.0,0,0,0.0,0,0,0,-9999.0,0.50628662109375,1,P3_CV0,1,1,1,0,2,1,1,1,1,2,0,1,1,0,2,2,0,0,2,1,1,2,0,1,1,0,2,1,1,1,1,1,1
6,12400.0,8200.0,R6_F6_m6f6_P6_Y30_UO75,R6_F6_m6f6_P6_Y27_UO9,R6_F6_m6f6_P6_Y27_UO8,MXY,1,31.0,0,0,0.0,0,0,0,-9999.0,0.518035888671875,1,P3_CV0,1,0,2,2,0,0,2,2,0,2,0,0,2,0,2,2,0,1,1,2,0,0,2,2,0,1,1,1,1,0,2,1,1
6,12400.0,8200.0,R6_F6_m6f6_P6_Y30_UO76,R6_F6_m6f6_P6_Y27_UO9,R6_F6_m6f6_P6_Y27_UO8,MXY,1,31.0,0,0,0.0,0,0,0,-9999.0,0.518035888671875,1,P3_CV0,1,0,2,0,2,0,2,2,0,2,0,0,2,0,2,2,0,2,0,1,1,0,2,2,0,0,2,1,1,0,2,1,1
6,12400.0,8200.0,R6_F6_m6f6_P6_Y30_UO85,RD6_F4_m4f4_P4_Y28_UO279,R6_F6_m6f6_P6_Y27_UO8,FXX,1,31.0,0,0,0.0,0,0,0,-9999.0,0.4993133544921875,1,P3_CV0,1,2,0,1,1,1,1,2,0,2,0,0,2,0,2,2,0,0,2,2,0,1,1,1,1,1,1,0,2,1,1,0,2
6,12400.0,8200.0,R6_F6_m6f6_P6_Y30_UO129,R6_F6_m6f6_P6_Y27_UO91,R6_F6_m6f6_P6_Y27_UO8,MXY,1,31.0,0,0,0.0,0,0,0,-9999.0,0.5029754638671875,1,P3_CV0,1,1,1,0,2,0,2,1,1,2,0,1,1,1,1,1,1,1,1,1,1,0,2,1,1,1,1,0,2,1,1,1,1
6,12400.0,8200.0,R6_F6_m6f6_P6_Y30_UO155,R6_F6_m6f6_P6_Y25_UO168,R6_F6_m6f6_P6_Y26_UO61,MXY,1,31.0,0,0,0.0,0,0,0,-9999.0,0.5504913330078125,1,P3_CV0,1,1,1,0,2,0,2,2,0,1,1,0,2,0,2,1,1,1,1,0,2,0,2,2,0,2,0,1,1,0,2,1,1
6,12400.0,8200.0,R6_F6_m6f6_P6_Y30_UO159,R6_F6_m6f6_P6_Y25_UO168,R6_F6_m6f6_P6_Y26_UO61,MXY,1,31.0,0,0,0.0,0,0,0,-9999.0,0.5504913330078125,1,P3_CV0,1,2,0,0,2,0,2,2,0,1,1,0,2,0,2,0,2,1,1,0,2,0,2,2,0,1,1,1,1,1,1,1,1
6,12400.0,8200.0,R6_F6_m6f6_P6_Y30_UO161,R6_F6_m6f6_P6_Y25_UO168,R6_F6_m6f6_P6_Y26_UO61,MXY,1,31.0,0,0,0.0,0,0,0,-9999.0,0.5504913330078125,1,P3_CV0,1,1,1,0,2,0,2,2,0,1,1,0,2,0,2,0,2,1,1,0,2,0,2,2,0,2,0,2,0,1,1,1,1
6,12400.0,8200.0,R6_F6_m6f6_P6_Y30_UO218,R6_F6_m6f6_P6_Y27_UO276,R6_F6_m6f6_P6_Y27_UO216,FXX,1,31.0,0,0,0.0,0,0,0,-9999.0,0.51019287109375,1,P3_CV0,1,1,1,1,1,2,0,1,1,2,0,0,2,2,0,1,1,2,0,0,2,2,0,2,0,0,2,1,1,2,0,1,1
6,12400.0,8200.0,R6_F6_m6f6_P6_Y30_UO221,R6_F6_m6f6_P6_Y27_UO276,R6_F6_m6f6_P6_Y27_UO216,MXY,1,31.0,0,0,0.0,0,0,0,-9999.0,0.51019287109375,1,P3_CV0,1,0,2,1,1,2,0,1,1,1,1,0,2,1,1,1,1,2,0,0,2,0,2,2,0,0,2,1,1,2,0,1,1
6,12400.0,8200.0,R6_F6_m6f6_P6_Y30_UO230,R6_F6_m6f6_P6_Y28_UO262,R6_F6_m6f6_P6_Y28_UO151,FXX,1,31.0,0,0,0.0,0,0,0,-9999.0,0.5294036865234375,1,P3_CV0,1,0,2,0,2,2,0,2,0,1,1,1,1,2,0,1,1,1,1,0,2,0,2,2,0,0,2,0,2,1,1,1,1
6,12400.0,8200.0,R6_F6_m6f6_P6_Y30_UO231,R6_F6_m6f6_P6_Y28_UO262,R6_F6_m6f6_P6_Y28_UO151,FXX,1,31.0,0,0,0.0,0,0,0,-9999.0,0.5294036865234375,1,P3_CV0,1,0,2,0,2,2,0,2,0,1,1,1,1,1,1,2,0,2,0,1,1,1,1,2,0,1,1,1,1,1,1,1,1
6,12400.0,8200.0,R6_F6_m6f6_P6_Y30_UO248,R6_F6_m6f6_P6_Y28_UO200,R6_F6_m6f6_P6_Y27_UO216,FXX,1,31.0,0,0,0.0,0,0,0,-9999.0,0.5367279052734375,1,P3_CV0,1,0,2,1,1,2,0,1,1,1,1,2,0,2,0,2,0,1,1,0,2,2,0,2,0,0,2,2,0,2,0,1,1
6,12400.0,8200.0,RD6_F4_m4f4_P4_Y29_UO123,R4_F4_m4f4_P4_Y27_UO121,R4_F4_m4f4_P4_Y26_UO184,MXY,2,31.0,1,0,0.0,0,0,0,-9999.0,0.490386962890625,1,P3_CV0,1,0,2,1,1,0,2,0,2,2,0,0,2,2,0,0,2,1,1,1,1,0,2,1,1,2,0,1,1,2,0,1,1
6,12400.0,8200.0,R6_F6_m6f6_P6_Y29_UO139,R6_F6_m6f6_P6_Y26_UO205,R6_F6_m6f6_P6_Y27_UO216,FXX,2,31.0,1,0,0.0,0,0,0,-9999.0,0.538238525390625,1,P3_CV0,1,0,2,0,2,2,0,0,2,2,0,0,2,2,0,1,1,1,1,0,2,1,1,2,0,1,1,2,0,2,0,1,1
6,12400.0,8200.0,R6_F6_m6f6_P6_Y29_UO46,R6_F6_m6f6_P6_Y25_UO25,R6_F6_m6f6_P6_Y26_UO62,MXY,2,31.0,1,0,0.0,0,0,0,-9999.0,0.5494537353515625,1,P3_CV0,1,0,2,1,1,0,2,1,1,0,2,0,2,1,1,1,1,2,0,1,1,1,1,2,0,1,1,2,0,1,1,1,1
6,12400.0,8200.0,R6_F6_m6f6_P6_Y29_UO95,R6_F6_m6f6_P6_Y26_UO205,R6_F6_m6f6_P6_Y27_UO8,FXX,2,31.0,1,0,1.0,0,0,0,-9999.0,0.5333099365234375,1,P3_CV0,1,2,0,1,1,1,1,1,1,2,0,0,2,1,1,2,0,1,1,1,1,0,2,2,0,2,0,1,1,1,1,1,1
6,12400.0,8200.0,R6_F6_m3f3_P3_Y28_UO227,R3_F3_m3f3_P3_Y26_UO252,R3_F3_m3f3_P3_Y26_UO287,FXX,3,31.0,1,0,0.0,0,0,0,-9999.0,0.52227783203125,1,P3_CV0,1,2,0,1,1,0,2,0,2,1,1,0,2,0,2,1,1,2,0,0,2,1,1,2,0,1,1,1,1,1,1,0,2
6,12400.0,8200.0,R6_F6_m6f6_P6_Y28_UO151,R6_F6_m6f6_P6_Y23_UO59,RD6_F3_m3f3_P3_Y26_UO286,MXY,3,31.0,1,0,0.0,0,0,0,-9999.0,0.526397705078125,1,P3_CV0,1,1,1,0,2,2,0,1,1,0,2,0,2,1,1,2,0,1,1,0,2,1,1,2,0,1,1,1,1,2,0,0,2
6,12400.0,8200.0,R6_F6_m4f4_P4_Y28_UO279,R4_F4_m4f4_P4_Y24_UO49,R4_F4_m4f4_P4_Y26_UO31,FXX,3,31.0,1,0,2.004,0,0,0,-9999.0,0.4805908203125,1,P3_CV0,1,2,0,1,1,1,1,1,1,2,0,1,1,0,2,2,0,1,1,1,1,1,1,1,1,0,2,1,1,2,0,1,1
6,12400.0,8200.0,R6_F6_m6f6_P6_Y28_UO101,R6_F6_m6f6_P6_Y25_UO19,RD6_F3_m3f3_P3_Y26_UO286,FXX,3,31.0,1,0,0.0,0,0,0,-9999.0,0.527679443359375,1,P3_CV0,1,1,1,0,2,0,2,0,2,1,1,0,2,0,2,1,1,1,1,0,2,0,2,0,2,1,1,0,2,1,1,1,1
6,12400.0,8200.0,R6_F6_m6f6_P6_Y26_UO61,R6_F6_m6f6_P6_Y24_UO107,R6_F6_m6f6_P6_Y24_UO287,MXY,5,31.0,1,0,0.0,0,0,0,-9999.0,0.538604736328125,1,P3_CV0,1,1,1,0,2,0,2,2,0,0,2,0,2,0,2,0,2,1,1,0,2,0,2,2,0,1,1,1,1,1,1,2,0
6,12400.0,8200.0,R6_F6_m6f6_P6_Y26_UO62,R6_F6_m6f6_P6_Y24_UO107,R6_F6_m6f6_P6_Y24_UO287,MXY,5,31.0,1,0,0.0,0,0,0,-9999.0,0.538604736328125,1,P3_CV0,1,0,2,1,1,0,2,0,2,1,1,0,2,1,1,0,2,1,1,1,1,0,2,2,0,2,0,1,1,1,1,2,0
6,12400.0,8200.0,RD6_F5_m5f5_P5_Y30_UO277,R5_F5_m5f5_P5_Y27_UO106,R5_F5_m5f5_P5_Y28_UO167,FXX,1,31.0,0,0,0.0,0,0,0,-9999.0,0.4447479248046875,1,P4_CV0,1,2,0,0,2,0,2,1,1,0,2,1,1,0,2,2,0,1,1,1,1,2,0,0,2,2,0,1,1,1,1,0,2
6,12400.0,8200.0,R6_F6_m6f6_P6_Y30_UO41,R6_F6_m6f6_P6_Y26_UO140,R6_F6_m6f6_P6_Y28_UO280,FXX,1,31.0,0,0,0.0,0,0,0,-9999.0,0.5396575927734375,1,P4_CV0,1,1,1,0,2,1,1,1,1,1,1,0,2,1,1,1,1,1,1,0,2,2,0,2,0,1,1,1,1,0,2,1,1
6,12400.0,8200.0,R6_F6_m6f6_P6_Y30_UO42,R6_F6_m6f6_P6_Y26_UO140,R6_F6_m6f6_P6_Y28_UO280,MXY,1,31.0,0,0,0.0,0,0,0,-9999.0,0.5396575927734375,1,P4_CV0,1,1,1,0,2,0,2,1,1,2,0,1,1,1,1,1,1,1,1,0,2,2,0,2,0,1,1,1,1,0,2,1,1
6,12400.0,8200.0,R6_F6_m6f6_P6_Y30_UO56,RD6_F4_m4f4_P4_Y28_UO279,R6_F6_m6f6_P6_Y27_UO45,FXX,1,31.0,0,0,0.0,0,0,0,-9999.0,0.50628662109375,1,P4_CV0,1,2,0,1,1,1,1,2,0,2,0,1,1,0,2,2,0,2,0,0,2,2,0,1,1,0,2,1,1,1,1,0,2
6,12400.0,8200.0,R6_F6_m6f6_P6_Y30_UO57,RD6_F4_m4f4_P4_Y28_UO279,R6_F6_m6f6_P6_Y27_UO45,FXX,1,31.0,0,0,0.0,0,0,0,-9999.0,0.50628662109375,1,P4_CV0,1,1,1,1,1,0,2,2,0,2,0,1,1,0,2,2,0,1,1,1,1,1,1,1,1,0,2,1,1,1,1,0,2
6,12400.0,8200.0,R6_F6_m6f6_P6_Y30_UO60,RD6_F4_m4f4_P4_Y28_UO279,R6_F6_m6f6_P6_Y27_UO45,MXY,1,31.0,0,0,0.0,0,0,0,-9999.0,0.50628662109375,1,P4_CV0,1,2,0,1,1,2,0,2,0,2,0,0,2,0,2,1,1,1,1,1,1,2,0,1,1,0,2,2,0,1,1,0,2
6,12400.0,8200.0,R6_F6_m6f6_P6_Y30_UO61,R6_F6_m6f6_P6_Y26_UO140,R6_F6_m6f6_P6_Y28_UO290,MXY,1,31.0,0,0,0.0,0,0,0,-9999.0,0.50689697265625,1,P4_CV0,1,2,0,0,2,0,2,2,0,2,0,1,1,0,2,2,0,1,1,1,1,0,2,2,0,1,1,1,1,0,2,1,1
6,12400.0,8200.0,R6_F6_m6f6_P6_Y30_UO62,R6_F6_m6f6_P6_Y26_UO140,R6_F6_m6f6_P6_Y28_UO290,FXX,1,31.0,0,0,0.0,0,0,0,-9999.0,0.50689697265625,1,P4_CV0,1,2,0,0,2,0,2,2,0,2,0,1,1,0,2,2,0,2,0,1,1,1,1,2,0,1,1,2,0,1,1,1,1
6,12400.0,8200.0,R6_F6_m6f6_P6_Y30_UO63,R6_F6_m6f6_P6_Y26_UO140,R6_F6_m6f6_P6_Y28_UO290,MXY,1,31.0,0,0,0.0,0,0,0,-9999.0,0.50689697265625,1,P4_CV0,1,1,1,1,1,0,2,2,0,0,2,2,0,1,1,1,1,1,1,0,2,0,2,1,1,1,1,2,0,1,1,2,0
6,12400.0,8200.0,R6_F6_m6f6_P6_Y30_UO64,R6_F6_m6f6_P6_Y26_UO140,R6_F6_m6f6_P6_Y28_UO290,FXX,1,31.0,0,0,0.0,0,0,0,-9999.0,0.50689697265625,1,P4_CV0,1,1,1,0,2,0,2,2,0,1,1,1,1,0,2,2,0,2,0,0,2,2,0,1,1,1,1,2,0,0,2,2,0
6,12400.0,8200.0,R6_F6_m6f6_P6_Y30_UO154,R6_F6_m6f6_P6_Y25_UO168,R6_F6_m6f6_P6_Y26_UO61,FXX,1,31.0,0,0,0.0,0,0,0,-9999.0,0.5504913330078125,1,P4_CV0,1,1,1,0,2,0,2,2,0,1,1,0,2,0,2,0,2,1,1,0,2,0,2,2,0,2,0,1,1,1,1,1,1
6,12400.0,8200.0,R6_F6_m6f6_P6_Y30_UO156,R6_F6_m6f6_P6_Y25_UO168,R6_F6_m6f6_P6_Y26_UO61,FXX,1,31.0,0,0,0.0,0,0,0,-9999.0,0.5504913330078125,1,P4_CV0,1,2,0,0,2,1,1,2,0,1,1,0,2,0,2,1,1,0,2,0,2,0,2,2,0,2,0,2,0,0,2,1,1
6,12400.0,8200.0,R6_F6_m6f6_P6_Y30_UO157,R6_F6_m6f6_P6_Y25_UO168,R6_F6_m6f6_P6_Y26_UO61,MXY,1,31.0,0,0,0.0,0,0,0,-9999.0,0.5504913330078125,1,P4_CV0,1,1,1,0,2,1,1,2,0,1,1,0,2,0,2,1,1,1,1,0,2,0,2,2,0,2,0,1,1,1,1,1,1
6,12400.0,8200.0,RD6_F6_m6f6_P6_Y30_UO158,R6_F6_m6f6_P6_Y25_UO168,R6_F6_m6f6_P6_Y26_UO61,FXX,1,31.0,0,0,0.0,0,0,0,-9999.0,0.5504913330078125,1,P4_CV0,1,1,1,0,2,0,2,2,0,1,1,0,2,0,2,0,2,0,2,0,2,0,2,2,0,1,1,2,0,0,2,1,1
6,12400.0,8200.0,R6_F6_m6f6_P6_Y30_UO191,R6_F6_m6f6_P6_Y28_UO42,R6_F6_m6f6_P6_Y28_UO59,MXY,1,31.0,0,0,0.0,0,0,0,-9999.0,0.5248947143554688,1,P4_CV0,1,1,1,1,1,0,2,1,1,2,0,1,1,1,1,1,1,2,0,1,1,2,0,2,0,1,1,1,1,1,1,1,1
6,12400.0,8200.0,R6_F6_m6f6_P6_Y30_UO203,R6_F6_m6f6_P6_Y28_UO62,R6_F6_m6f6_P6_Y27_UO45,FXX,1,31.0,0,0,0.0,0,0,0,-9999.0,0.5353546142578125,1,P4_CV0,1,0,2,0,2,0,2,2,0,2,0,0,2,0,2,1,1,1,1,0,2,2,0,1,1,0,2,2,0,1,1,2,0
6,12400.0,8200.0,R6_F6_m6f6_P6_Y30_UO204,R6_F6_m6f6_P6_Y28_UO62,R6_F6_m6f6_P6_Y27_UO45,MXY,1,31.0,0,0,0.0,0,0,0,-9999.0,0.5353546142578125,1,P4_CV0,1,2,0,0,2,0,2,1,1,1,1,0,2,0,2,1,1,2,0,0,2,1,1,2,0,1,1,1,1,1,1,2,0
6,12400.0,8200.0,R6_F6_m6f6_P6_Y30_UO205,R6_F6_m6f6_P6_Y28_UO62,R6_F6_m6f6_P6_Y27_UO45,MXY,1,31.0,0,0,0.0,0,0,0,-9999.0,0.5353546142578125,1,P4_CV0,1,1,1,0,2,1,1,2,0,1,1,0,2,0,2,2,0,2,0,0,2,2,0,2,0,1,1,1,1,1,1,1,1
6,12400.0,8200.0,R6_F6_m6f6_P6_Y30_UO250,R6_F6_m6f6_P6_Y28_UO125,R6_F6_m6f6_P6_Y27_UO45,FXX,1,31.0,0,0,0.0,0,0,0,-9999.0,0.510009765625,1,P4_CV0,1,1,1,0,2,0,2,2,0,2,0,0,2,0,2,1,1,0,2,0,2,1,1,1,1,0,2,1,1,1,1,1,1
6,12400.0,8200.0,R6_F6_m6f6_P6_Y29_UO211,R6_F6_m6f6_P6_Y27_UO92,R6_F6_m6f6_P6_Y26_UO226,FXX,2,31.0,1,0,0.0,0,0,0,-9999.0,0.4996490478515625,1,P4_CV0,1,1,1,1,1,0,2,2,0,2,0,1,1,2,0,1,1,2,0,0,2,1,1,2,0,1,1,1,1,1,1,0,2
6,12400.0,8200.0,R6_F6_m6f6_P6_Y29_UO42,R6_F6_m6f6_P6_Y25_UO25,R6_F6_m6f6_P6_Y26_UO62,MXY,2,31.0,1,0,0.0,0,0,0,-9999.0,0.5494537353515625,1,P4_CV0,1,0,2,1,1,1,1,1,1,0,2,0,2,2,0,0,2,1,1,0,2,1,1,2,0,1,1,2,0,0,2,2,0
6,12400.0,8200.0,R6_F6_m6f6_P6_Y29_UO26,R6_F6_m6f6_P6_Y25_UO25,R6_F6_m6f6_P6_Y24_UO287,FXX,2,31.0,1,0,0.0,0,0,0,-9999.0,0.538726806640625,1,P4_CV0,1,0,2,1,1,0,2,1,1,1,1,0,2,0,2,1,1,1,1,0,2,1,1,2,0,0,2,2,0,1,1,1,1
6,12400.0,8200.0,R6_F6_m6f6_P6_Y29_UO121,R6_F6_m6f6_P6_Y27_UO9,R6_F6_m6f6_P6_Y27_UO45,MXY,2,31.0,1,0,0.0,0,0,0,-9999.0,0.5250091552734375,1,P4_CV0,1,0,2,1,1,0,2,2,0,2,0,0,2,0,2,2,0,2,0,1,1,1,1,2,0,1,1,1,1,0,2,2,0
6,12400.0,8200.0,R6_F6_m6f6_P6_Y29_UO252,R6_F6_m6f6_P6_Y25_UO25,R6_F6_m6f6_P6_Y27_UO41,FXX,2,31.0,1,0,3.147,0,0,0,-9999.0,0.549957275390625,1,P4_CV0,1,0,2,0,2,1,1,0,2,1,1,0,2,2,0,1,1,1,1,0,2,0,2,1,1,1,1,1,1,2,0,2,0
6,12400.0,8200.0,R6_F6_m6f6_P6_Y29_UO96,R6_F6_m6f6_P6_Y26_UO205,R6_F6_m6f6_P6_Y27_UO8,FXX,2,31.0,1,0,2.285,0,0,0,-9999.0,0.5333099365234375,1,P4_CV0,1,1,1,0,2,0,2,1,1,2,0,0,2,1,1,2,0,2,0,1,1,0,2,2,0,2,0,1,1,2,0,2,0
6,12400.0,8200.0,R6_F6_m6f6_P6_Y29_UO137,R6_F6_m6f6_P6_Y26_UO243,R6_F6_m6f6_P6_Y26_UO62,FXX,2,31.0,1,0,1.0,0,0,0,-9999.0,0.5330047607421875,1,P4_CV0,1,1,1,0,2,0,2,1,1,2,0,0,2,1,1,0,2,1,1,2,0,0,2,2,0,2,0,2,0,1,1,1,1
6,12400.0,8200.0,R6_F6_m6f6_P6_Y29_UO250,R6_F6_m6f6_P6_Y25_UO25,R6_F6_m6f6_P6_Y27_UO41,FXX,2,31.0,1,0,2.902,0,0,0,-9999.0,0.549957275390625,1,P4_CV0,1,0,2,1,1,2,0,0,2,0,2,0,2,0,2,1,1,2,0,0,2,1,1,2,0,1,1,2,0,1,1,2,0
6,12400.0,8200.0,R6_F6_m6f6_P6_Y29_UO249,R6_F6_m6f6_P6_Y25_UO25,R6_F6_m6f6_P6_Y27_UO41,FXX,2,31.0,1,0,1.312,0,0,0,-9999.0,0.549957275390625,1,P4_CV0,1,0,2,0,2,0,2,0,2,1,1,0,2,0,2,1,1,1,1,0,2,0,2,1,1,1,1,1,1,2,0,1,1
6,12400.0,8200.0,R6_F6_m6f6_P6_Y29_UO134,R6_F6_m6f6_P6_Y26_UO164,R6_F6_m6f6_P6_Y27_UO41,FXX,2,31.0,1,0,1.0,0,0,0,-9999.0,0.538330078125,1,P4_CV0,1,1,1,0,2,1,1,1,1,1,1,0,2,2,0,2,0,2,0,0,2,0,2,1,1,1,1,1,1,1,1,2,0
6,12400.0,8200.0,R6_F6_m6f6_P6_Y29_UO24,R6_F6_m6f6_P6_Y25_UO25,R6_F6_m6f6_P6_Y24_UO287,FXX,2,31.0,1,0,1.074,0,0,0,-9999.0,0.538726806640625,1,P4_CV0,1,0,2,1,1,1,1,0,2,0,2,0,2,0,2,1,1,1,1,0,2,0,2,2,0,0,2,1,1,1,1,2,0
6,12400.0,8200.0,R6_F6_m6f6_P6_Y28_UO62,R6_F6_m6f6_P6_Y25_UO25,R6_F6_m6f6_P6_Y24_UO287,FXX,3,31.0,1,0,0.0,0,0,0,-9999.0,0.538726806640625,1,P4_CV0,1,1,1,1,1,0,2,1,1,1,1,0,2,0,2,1,1,2,0,0,2,1,1,1,1,1,1,1,1,1,1,2,0
6,12400.0,8200.0,R6_F6_m6f6_P6_Y28_UO44,RD6_F5_m5f5_P5_Y23_UO175,R6_F6_m6f6_P6_Y26_UO246,FXX,3,31.0,1,0,1.454,0,0,0,-9999.0,0.4802093505859375,1,P4_CV0,1,0,2,1,1,1,1,1,1,1,1,0,2,1,1,2,0,1,1,0,2,1,1,2,0,1,1,1,1,0,2,0,2
6,12400.0,8200.0,R6_F6_m6f6_P6_Y28_UO59,R6_F6_m6f6_P6_Y26_UO243,R6_F6_m6f6_P6_Y26_UO166,MXY,3,31.0,1,0,0.0,0,0,0,-9999.0,0.5086669921875,1,P4_CV0,1,2,0,0,2,0,2,0,2,1,1,1,1,2,0,2,0,1,1,1,1,1,1,2,0,2,0,1,1,2,0,0,2
6,12400.0,8200.0,R6_F6_m6f6_P6_Y28_UO112,R6_F6_m6f6_P6_Y25_UO19,R6_F6_m6f6_P6_Y26_UO226,FXX,3,31.0,1,0,2.895,0,0,0,-9999.0,0.5136260986328125,1,P4_CV0,1,1,1,1,1,2,0,2,0,2,0,0,2,2,0,1,1,1,1,0,2,0,2,0,2,1,1,1,1,1,1,1,1
6,12400.0,8200.0,R6_F6_m6f6_P6_Y27_UO93,R6_F6_m6f6_P6_Y22_UO52,R6_F6_m6f6_P6_Y23_UO3,MXY,4,31.0,1,0,0.0,0,0,0,-9999.0,0.4879150390625,1,P4_CV0,1,1,1,0,2,1,1,1,1,2,0,2,0,0,2,0,2,2,0,0,2,0,2,2,0,2,0,0,2,1,1,0,2
6,12400.0,8200.0,R6_F6_m6f6_P6_Y27_UO92,R6_F6_m6f6_P6_Y22_UO52,R6_F6_m6f6_P6_Y23_UO3,FXX,4,31.0,1,0,2.799,0,0,0,-9999.0,0.4879150390625,1,P4_CV0,1,1,1,0,2,1,1,2,0,2,0,2,0,2,0,1,1,2,0,0,2,0,2,1,1,1,1,1,1,1,1,0,2
6,12400.0,8200.0,R6_F6_m6f6_P6_Y26_UO140,R6_F6_m6f6_P6_Y24_UO200,R6_F6_m6f6_P6_Y24_UO232,FXX,5,31.0,1,0,0.0,0,0,0,-9999.0,0.53375244140625,1,P4_CV0,1,1,1,1,1,0,2,2,0,1,1,1,1,1,1,2,0,1,1,0,2,1,1,1,1,0,2,2,0,0,2,1,1
6,12400.0,8200.0,R6_F6_m6f6_P6_Y30_UO130,R6_F6_m6f6_P6_Y27_UO91,R6_F6_m6f6_P6_Y27_UO8,MXY,1,31.0,0,0,0.0,0,0,0,-9999.0,0.5029754638671875,1,P5_CV0,1,2,0,0,2,0,2,1,1,2,0,1,1,1,1,2,0,2,0,0,2,1,1,2,0,0,2,0,2,1,1,1,1
6,12400.0,8200.0,R6_F6_m6f6_P6_Y30_UO229,R6_F6_m6f6_P6_Y28_UO262,R6_F6_m6f6_P6_Y28_UO151,FXX,1,31.0,0,0,0.0,0,0,0,-9999.0,0.5294036865234375,1,P5_CV0,1,0,2,0,2,2,0,1,1,0,2,0,2,2,0,2,0,1,1,0,2,0,2,2,0,1,1,1,1,1,1,1,1
6,12400.0,8200.0,R6_F6_m6f6_P6_Y29_UO185,R6_F6_m5f5_P5_Y27_UO105,R6_F6_m6f6_P6_Y24_UO287,MXY,2,31.0,1,0,0.0,0,0,0,-9999.0,0.478057861328125,1,P5_CV0,1,1,1,1,1,1,1,2,0,0,2,0,2,0,2,1,1,2,0,1,1,1,1,2,0,2,0,1,1,0,2,1,1
6,12400.0,8200.0,R6_F6_m6f6_P6_Y29_UO48,RD6_F6_m6f6_P6_Y27_UO182,R6_F6_m6f6_P6_Y26_UO166,MXY,2,31.0,1,0,0.0,0,0,0,-9999.0,0.498779296875,1,P5_CV0,1,2,0,0,2,0,2,1,1,2,0,1,1,2,0,1,1,1,1,0,2,2,0,1,1,1,1,2,0,1,1,1,1
6,12400.0,8200.0,R6_F6_m6f6_P6_Y29_UO184,R6_F6_m5f5_P5_Y27_UO105,R6_F6_m6f6_P6_Y24_UO287,FXX,2,31.0,1,0,2.247,0,0,0,-9999.0,0.478057861328125,1,P5_CV0,1,2,0,0,2,0,2,1,1,0,2,0,2,0,2,1,1,2,0,0,2,1,1,2,0,1,1,1,1,1,1,1,1
6,12400.0,8200.0,R6_F6_m5f5_P5_Y29_UO295,R5_F5_m5f5_P5_Y26_UO15,R5_F5_m5f5_P5_Y26_UO248,FXX,2,31.0,1,0,1.119,0,0,0,-9999.0,0.446685791015625,1,P5_CV0,1,2,0,0,2,2,0,1,1,2,0,0,2,0,2,2,0,0,2,0,2,0,2,0,2,1,1,0,2,0,2,1,1
6,12400.0,8200.0,R6_F6_m6f6_P6_Y29_UO56,R6_F6_m5f5_P5_Y27_UO105,R6_F6_m6f6_P6_Y27_UO193,MXY,2,31.0,1,0,0.0,0,0,0,-9999.0,0.4464111328125,1,P5_CV0,1,2,0,0,2,0,2,2,0,1,1,1,1,0,2,2,0,1,1,2,0,2,0,1,1,1,1,1,1,1,1,1,1
6,12400.0,8200.0,R6_F6_m6f6_P6_Y29_UO0,R6_F6_m5f5_P5_Y27_UO105,R6_F6_m6f6_P6_Y27_UO193,MXY,2,31.0,1,0,0.0,0,0,0,-9999.0,0.4464111328125,1,P5_CV0,1,1,1,1,1,0,2,2,0,0,2,0,2,1,1,2,0,1,1,1,1,1,1,1,1,1,1,2,0,1,1,1,1
6,12400.0,8200.0,R6_F6_m6f6_P6_Y28_UO262,R6_F6_m6f6_P6_Y23_UO163,R6_F6_m6f6_P6_Y26_UO128,FXX,3,31.0,1,0,0.0,0,0,0,-9999.0,0.53240966796875,1,P5_CV0,1,0,2,1,1,2,0,1,1,1,1,1,1,1,1,1,1,2,0,1,1,0,2,2,0,0,2,1,1,0,2,2,0
6,12400.0,8200.0,R6_F6_m6f6_P6_Y28_UO263,R6_F6_m6f6_P6_Y23_UO163,R6_F6_m6f6_P6_Y26_UO128,MXY,3,31.0,1,0,0.0,0,0,0,-9999.0,0.53240966796875,1,P5_CV0,1,0,2,1,1,2,0,0,2,1,1,2,0,1,1,1,1,2,0,1,1,0,2,2,0,0,2,2,0,1,1,1,1
6,12400.0,8200.0,R6_F6_m6f6_P6_Y27_UO193,R6_F6_m6f6_P6_Y22_UO77,R6_F6_m2f2_P2_Y25_UO119,MXY,4,31.0,1,0,0.0,0,0,0,-9999.0,0.453857421875,1,P5_CV0,1,1,1,1,1,0,2,1,1,1,1,1,1,1,1,2,0,1,1,1,1,1,1,1,1,0,2,1,1,2,0,1,1
