PatchID,XCOORD,YCOORD,ID,MID,FID,sex,age,size,mature,newmature,layeggs,capture,recapture,state,CDist,Hindex,Species,ClassFile,SubPatchID,L0A0,L0A1,L1A0,L1A1,L2A0,L2A1,L3A0,L3A1,L4A0,L4A1,L5A0,L5A1,L6A0,L6A1,L7A0,L7A1,L8A0,L8A1,L9A0,L9A1,L10A0,L10A1,L11A0,L11A1,L12A0,L12A1,L13A0,L13A1,L14A0,L14A1,L15A0,L15A1
1,12200.0,8000.0,Age0_F1_m1f1_P1_Y32_UO11,R1_F1_m1f1_P1_Y30_UO236,R1_F1_m1f1_P1_Y29_UO268,FXX,0,31.0,0,0,0.0,0,0,0,0.0,0.4818878173828125,1,P0_CV0,1,0,2,2,0,1,1,0,2,1,1,1,1,0,2,0,2,0,2,1,1,1,1,1,1,0,2,2,0,0,2,1,1
1,12200.0,8000.0,Age0_F1_m1f1_P1_Y32_UO47,R1_F1_m5f5_P5_Y27_UO64,R1_F1_m1f1_P1_Y30_UO94,FXX,0,31.0,0,0,0.0,0,0,0,0.0,0.489044189453125,1,P1_CV0,1,1,1,1,1,2,0,1,1,0,2,1,1,1,1,1,1,2,0,0,2,1,1,1,1,0,2,2,0,0,2,1,1
1,12200.0,8000.0,Age0_F1_m1f1_P1_Y32_UO48,R1_F1_m5f5_P5_Y27_UO64,R1_F1_m1f1_P1_Y30_UO94,MXY,0,31.0,0,0,0.0,0,0,0,0.0,0.489044189453125,1,P1_CV0,1,0,2,0,2,1,1,1,1,1,1,1,1,1,1,1,1,2,0,1,1,1,1,0,2,2,0,2,0,1,1,1,1
1,12200.0,8000.0,Age0_F1_m1f1_P1_Y32_UO131,R1_F1_m1f1_P1_Y30_UO283,R1_F1_m1f1_P1_Y30_UO186,FXX,0,31.0,0,0,0.0,0,0,0,0.0,0.496734619140625,1,P1_CV0,1,2,0,1,1,0,2,1,1,1,1,1,1,2,0,1,1,1,1,0,2,1,1,1,1,0,2,1,1,0,2,1,1
1,12200.0,8000.0,Age0_F1_m1f1_P1_Y32_UO132,R1_F1_m1f1_P1_Y30_UO283,R1_F1_m1f1_P1_Y30_UO186,FXX,0,31.0,0,0,0.0,0,0,0,0.0,0.496734619140625,1,P1_CV0,1,1,1,1,1,0,2,0,2,0,2,2,0,2,0,1,1,1,1,1,1,1,1,2,0,0,2,0,2,0,2,1,1
1,12200.0,8000.0,Age0_F1_m1f1_P1_Y32_UO278,R1_F1_m1f1_P1_Y29_UO180,R1_F1_m1f1_P1_Y29_UO263,FXX,0,31.0,0,0,0.0,0,0,0,0.0,0.4981536865234375,1,P1_CV0,1,1,1,2,0,1,1,1,1,2,0,0,2,2,0,0,2,0,2,1,1,0,2,2,0,1,1,1,1,0,2,1,1
1,12200.0,8000.0,Age0_F1_m1f1_P1_Y32_UO290,R1_F1_m1f1_P1_Y29_UO224,R1_F1_m1f1_P1_Y30_UO94,FXX,0,31.0,0,0,0.0,0,0,0,0.0,0.50177001953125,1,P1_CV0,1,2,0,1,1,1,1,0,2,2,0,2,0,1,1,0,2,1,1,0,2,0,2,2,0,1,1,1,1,0,2,1,1
1,12200.0,8000.0,Age0_F1_m1f1_P1_Y32_UO293,R1_F1_m1f1_P1_Y29_UO224,R1_F1_m1f1_P1_Y30_UO94,MXY,0,31.0,0,0,0.0,0,0,0,0.0,0.50177001953125,1,P1_CV0,1,1,1,1,1,1,1,0,2,1,1,1,1,1,1,0,2,0,2,0,2,1,1,2,0,0,2,1,1,0,2,1,1
1,12200.0,8000.0,R1_F1_m1f1_P1_Y29_UO165,RD1_F4_m4f4_P4_Y26_UO138,R1_F1_m1f1_P1_Y25_UO102,MXY,3,31.0,1,0,0.0,0,0,0,-9999.0,0.49017333984375,1,P1_CV0,1,0,2,1,1,1,1,0,2,0,2,0,2,1,1,0,2,2,0,0,2,1,1,2,0,1,1,1,1,1,1,2,0
1,12200.0,8000.0,Age0_F1_m1f1_P1_Y32_UO1,R1_F1_m1f1_P1_Y30_UO236,R1_F1_m1f1_P1_Y28_UO288,MXY,0,31.0,0,0,0.0,0,0,0,0.0,0.4979705810546875,1,P2_CV0,1,0,2,2,0,1,1,0,2,1,1,1,1,0,2,1,1,1,1,0,2,2,0,1,1,2,0,2,0,2,0,2,0
1,12200.0,8000.0,Age0_F1_m1f1_P1_Y32_UO26,R1_F1_m1f1_P1_Y30_UO236,R1_F1_m1f1_P1_Y30_UO170,FXX,0,31.0,0,0,0.0,0,0,0,0.0,0.49407958984375,1,P2_CV0,1,0,2,1,1,2,0,0,2,0,2,0,2,1,1,1,1,1,1,1,1,2,0,1,1,0,2,1,1,1,1,2,0
1,12200.0,8000.0,Age0_F1_m1f1_P1_Y32_UO28,R1_F1_m1f1_P1_Y30_UO236,R1_F1_m1f1_P1_Y30_UO170,MXY,0,31.0,0,0,0.0,0,0,0,0.0,0.49407958984375,1,P2_CV0,1,0,2,0,2,1,1,0,2,1,1,1,1,1,1,1,1,2,0,1,1,1,1,0,2,1,1,1,1,1,1,2,0
1,12200.0,8000.0,Age0_F1_m1f1_P1_Y32_UO122,R1_F1_m1f1_P1_Y29_UO109,R1_F1_m1f1_P1_Y30_UO22,MXY,0,31.0,0,0,0.0,0,0,0,0.0,0.4912872314453125,1,P2_CV0,1,1,1,0,2,1,1,0,2,2,0,2,0,1,1,0,2,2,0,0,2,2,0,2,0,2,0,0,2,1,1,2,0
1,12200.0,8000.0,Age0_F1_m1f1_P1_Y32_UO123,R1_F1_m1f1_P1_Y29_UO109,R1_F1_m1f1_P1_Y30_UO22,FXX,0,31.0,0,0,0.0,0,0,0,0.0,0.4912872314453125,1,P2_CV0,1,1,1,1,1,1,1,1,1,2,0,2,0,1,1,1,1,2,0,0,2,1,1,2,0,1,1,1,1,0,2,2,0
1,12200.0,8000.0,Age0_F1_m1f1_P1_Y32_UO124,R1_F1_m1f1_P1_Y29_UO109,R1_F1_m1f1_P1_Y30_UO22,FXX,0,31.0,0,0,0.0,0,0,0,0.0,0.4912872314453125,1,P2_CV0,1,1,1,1,1,1,1,0,2,2,0,1,1,1,1,0,2,2,0,0,2,2,0,2,0,2,0,0,2,0,2,2,0
1,12200.0,8000.0,Age0_F1_m1f1_P1_Y32_UO194,R1_F1_m1f1_P1_Y30_UO236,R1_F1_m1f1_P1_Y30_UO124,FXX,0,31.0,0,0,0.0,0,0,0,0.0,0.4951934814453125,1,P2_CV0,1,0,2,1,1,2,0,1,1,1,1,1,1,0,2,1,1,0,2,0,2,0,2,0,2,1,1,2,0,0,2,1,1
1,12200.0,8000.0,Age0_F1_m1f1_P1_Y32_UO196,R1_F1_m1f1_P1_Y29_UO109,R1_F1_m1f1_P1_Y28_UO285,FXX,0,31.0,0,0,0.0,0,0,0,0.0,0.50445556640625,1,P2_CV0,1,2,0,1,1,0,2,0,2,1,1,2,0,1,1,1,1,2,0,1,1,1,1,1,1,2,0,1,1,1,1,2,0
1,12200.0,8000.0,Age0_F1_m1f1_P1_Y32_UO197,R1_F1_m1f1_P1_Y29_UO109,R1_F1_m1f1_P1_Y28_UO285,FXX,0,31.0,0,0,0.0,0,0,0,0.0,0.50445556640625,1,P2_CV0,1,1,1,0,2,1,1,0,2,0,2,2,0,0,2,0,2,2,0,0,2,2,0,2,0,2,0,1,1,1,1,2,0
1,12200.0,8000.0,Age0_F1_m1f1_P1_Y32_UO253,R1_F1_m1f1_P1_Y30_UO78,R1_F1_m1f1_P1_Y30_UO22,FXX,0,31.0,0,0,0.0,0,0,0,0.0,0.503936767578125,1,P2_CV0,1,0,2,2,0,1,1,1,1,1,1,2,0,2,0,2,0,2,0,0,2,0,2,1,1,0,2,1,1,0,2,2,0
1,12200.0,8000.0,Age0_F1_m1f1_P1_Y32_UO256,R1_F1_m1f1_P1_Y30_UO253,R1_F1_m1f1_P1_Y28_UO285,MXY,0,31.0,0,0,0.0,0,0,0,0.0,0.5068817138671875,1,P2_CV0,1,2,0,1,1,0,2,0,2,1,1,0,2,2,0,2,0,1,1,1,1,1,1,1,1,1,1,2,0,1,1,2,0
1,12200.0,8000.0,Age0_F1_m1f1_P1_Y32_UO279,R1_F1_m1f1_P1_Y29_UO180,R1_F1_m1f1_P1_Y29_UO263,FXX,0,31.0,0,0,0.0,0,0,0,0.0,0.4981536865234375,1,P2_CV0,1,0,2,1,1,1,1,1,1,2,0,1,1,1,1,1,1,0,2,1,1,1,1,2,0,1,1,1,1,0,2,1,1
1,12200.0,8000.0,Age0_F1_m1f1_P1_Y32_UO291,R1_F1_m1f1_P1_Y29_UO224,R1_F1_m1f1_P1_Y30_UO94,FXX,0,31.0,0,0,0.0,0,0,0,0.0,0.50177001953125,1,P2_CV0,1,0,2,1,1,1,1,0,2,2,0,1,1,1,1,1,1,1,1,0,2,0,2,1,1,0,2,1,1,2,0,1,1
1,12200.0,8000.0,Age0_F1_m1f1_P1_Y32_UO292,R1_F1_m1f1_P1_Y29_UO224,R1_F1_m1f1_P1_Y30_UO94,FXX,0,31.0,0,0,0.0,0,0,0,0.0,0.50177001953125,1,P2_CV0,1,1,1,1,1,2,0,1,1,2,0,1,1,1,1,1,1,0,2,0,2,1,1,0,2,1,1,1,1,2,0,1,1
1,12200.0,8000.0,R1_F1_m1f1_P1_Y31_UO111,R1_F1_m1f1_P1_Y28_UO138,R1_F1_m1f1_P1_Y29_UO263,MXY,1,31.0,1,1,0.0,0,0,0,-9999.0,0.5045166015625,1,P2_CV0,1,0,2,1,1,1,1,1,1,2,0,1,1,1,1,2,0,0,2,0,2,0,2,1,1,0,2,1,1,0,2,0,2
1,12200.0,8000.0,R1_F1_m1f1_P1_Y31_UO148,R1_F1_m1f1_P1_Y26_UO33,R1_F1_m1f1_P1_Y29_UO232,FXX,1,31.0,1,1,0.0,0,0,0,-9999.0,0.4927215576171875,1,P2_CV0,1,1,1,1,1,1,1,0,2,1,1,1,1,1,1,0,2,0,2,1,1,2,0,2,0,1,1,1,1,0,2,2,0
1,12200.0,8000.0,R1_F1_m1f1_P1_Y31_UO115,R1_F1_m1f1_P1_Y28_UO138,R1_F1_m1f1_P1_Y29_UO263,MXY,1,31.0,1,1,0.0,0,0,0,-9999.0,0.5045166015625,1,P2_CV0,1,1,1,2,0,2,0,2,0,2,0,1,1,1,1,1,1,1,1,0,2,1,1,1,1,0,2,1,1,0,2,1,1
1,12200.0,8000.0,R1_F1_m1f1_P1_Y31_UO114,R1_F1_m1f1_P1_Y28_UO138,R1_F1_m1f1_P1_Y29_UO263,FXX,1,31.0,1,1,0.0,0,0,0,-9999.0,0.5045166015625,1,P2_CV0,1,1,1,1,1,1,1,2,0,2,0,2,0,2,0,2,0,1,1,0,2,1,1,1,1,1,1,1,1,0,2,1,1
1,12200.0,8000.0,R1_F1_m1f1_P1_Y31_UO132,R1_F1_m1f1_P1_Y28_UO171,R1_F1_m1f1_P1_Y28_UO288,MXY,1,31.0,1,1,0.0,0,0,0,-9999.0,0.51324462890625,1,P2_CV0,1,0,2,0,2,2,0,0,2,2,0,2,0,0,2,1,1,1,1,1,1,1,1,1,1,1,1,2,0,0,2,2,0
1,12200.0,8000.0,R1_F1_m1f1_P1_Y31_UO141,R1_F1_m1f1_P1_Y26_UO33,R1_F1_m1f1_P1_Y29_UO232,FXX,1,31.0,1,1,2.752,0,0,0,-9999.0,0.4927215576171875,1,P2_CV0,1,0,2,2,0,1,1,0,2,1,1,2,0,1,1,0,2,0,2,1,1,2,0,2,0,0,2,2,0,0,2,2,0
1,12200.0,8000.0,R1_F1_m1f1_P1_Y31_UO147,R1_F1_m1f1_P1_Y26_UO33,R1_F1_m1f1_P1_Y29_UO232,MXY,1,31.0,1,1,0.0,0,0,0,-9999.0,0.4927215576171875,1,P2_CV0,1,1,1,1,1,1,1,0,2,1,1,2,0,1,1,0,2,1,1,1,1,2,0,2,0,1,1,2,0,0,2,2,0
1,12200.0,8000.0,R1_F1_m1f1_P1_Y31_UO145,R1_F1_m1f1_P1_Y26_UO33,R1_F1_m1f1_P1_Y29_UO232,FXX,1,31.0,1,1,2.218,0,0,0,-9999.0,0.4927215576171875,1,P2_CV0,1,1,1,1,1,1,1,0,2,1,1,2,0,1,1,0,2,1,1,1,1,2,0,2,0,0,2,1,1,0,2,2,0
1,12200.0,8000.0,R1_F1_m1f1_P1_Y30_UO236,R1_F1_m2f2_P2_Y25_UO82,R1_F1_m1f1_P1_Y28_UO285,FXX,2,31.0,1,0,0.0,0,0,0,-9999.0,0.484588623046875,1,P2_CV0,1,0,2,1,1,2,0,0,2,0,2,0,2,0,2,0,2,1,1,1,1,1,1,0,2,1,1,2,0,1,1,2,0
1,12200.0,8000.0,R1_F1_m1f1_P1_Y30_UO279,R1_F1_m1f1_P1_Y28_UO283,R1_F1_m1f1_P1_Y28_UO311,FXX,2,31.0,1,0,1.0,0,0,0,-9999.0,0.4989013671875,1,P2_CV0,1,2,0,0,2,2,0,0,2,2,0,2,0,1,1,2,0,1,1,0,2,0,2,0,2,1,1,2,0,1,1,1,1
1,12200.0,8000.0,R1_F1_m1f1_P1_Y30_UO233,RD1_F5_m5f5_P5_Y27_UO64,R1_F1_m1f1_P1_Y28_UO285,FXX,2,31.0,1,0,2.838,0,0,0,-9999.0,0.4956207275390625,1,P2_CV0,1,1,1,1,1,1,1,0,2,0,2,1,1,0,2,1,1,0,2,1,1,1,1,1,1,2,0,1,1,2,0,2,0
1,12200.0,8000.0,R1_F1_m1f1_P1_Y29_UO263,R1_F1_m1f1_P1_Y27_UO111,R1_F1_m1f1_P1_Y26_UO157,MXY,3,31.0,1,0,0.0,0,0,0,-9999.0,0.5111083984375,1,P2_CV0,1,1,1,1,1,2,0,2,0,2,0,1,1,1,1,1,1,0,2,0,2,1,1,2,0,0,2,0,2,0,2,0,2
1,12200.0,8000.0,R1_F1_m1f1_P1_Y28_UO285,R1_F1_m1f1_P1_Y25_UO55,R1_F1_m1f1_P1_Y25_UO102,MXY,4,31.0,1,0,0.0,0,0,0,-9999.0,0.5113525390625,1,P2_CV0,1,1,1,1,1,1,1,0,2,1,1,1,1,1,1,1,1,1,1,1,1,1,1,1,1,2,0,1,1,1,1,2,0
1,12200.0,8000.0,R1_F1_m1f1_P1_Y28_UO288,R1_F1_m1f1_P1_Y25_UO55,R1_F1_m1f1_P1_Y25_UO102,MXY,4,31.0,1,0,0.0,0,0,0,-9999.0,0.5113525390625,1,P2_CV0,1,0,2,1,1,1,1,0,2,1,1,2,0,0,2,1,1,1,1,1,1,1,1,1,1,2,0,1,1,1,1,2,0
1,12200.0,8000.0,R1_F1_m1f1_P1_Y28_UO138,R1_F1_m1f1_P1_Y25_UO55,R1_F1_m1f1_P1_Y26_UO6,FXX,4,31.0,1,0,1.851,0,0,0,-9999.0,0.4979248046875,1,P2_CV0,1,0,2,2,0,1,1,1,1,2,0,2,0,1,1,2,0,1,1,1,1,0,2,0,2,1,1,1,1,0,2,1,1
1,12200.0,8000.0,Age0_F1_m1f1_P1_Y32_UO19,R1_F1_m1f1_P1_Y30_UO238,R1_F1_m1f1_P1_Y30_UO94,FXX,0,31.0,0,0,0.0,0,0,0,0.0,0.49139404296875,1,P3_CV0,1,1,1,2,0,1,1,0,2,2,0,0,2,2,0,1,1,1,1,0,2,0,2,1,1,0,2,1,1,0,2,1,1
1,12200.0,8000.0,Age0_F1_m1f1_P1_Y32_UO27,R1_F1_m1f1_P1_Y30_UO236,R1_F1_m1f1_P1_Y30_UO170,FXX,0,31.0,0,0,0.0,0,0,0,0.0,0.49407958984375,1,P3_CV0,1,0,2,0,2,2,0,0,2,0,2,0,2,1,1,1,1,1,1,0,2,1,1,0,2,0,2,1,1,1,1,2,0
1,12200.0,8000.0,Age0_F1_m1f1_P1_Y32_UO29,R1_F1_m1f1_P1_Y30_UO253,R1_F1_m1f1_P1_Y30_UO170,FXX,0,31.0,0,0,0.0,0,0,0,0.0,0.50299072265625,1,P3_CV0,1,1,1,1,1,0,2,0,2,0,2,1,1,1,1,1,1,1,1,0,2,1,1,2,0,0,2,1,1,0,2,2,0
1,12200.0,8000.0,Age0_F1_m1f1_P1_Y32_UO30,R1_F1_m1f1_P1_Y30_UO253,R1_F1_m1f1_P1_Y30_UO170,MXY,0,31.0,0,0,0.0,0,0,0,0.0,0.50299072265625,1,P3_CV0,1,2,0,0,2,0,2,0,2,2,0,2,0,1,1,1,1,2,0,2,0,1,1,2,0,1,1,0,2,0,2,2,0
1,12200.0,8000.0,Age0_F1_m1f1_P1_Y32_UO90,R1_F1_m1f1_P1_Y30_UO78,R1_F1_m1f1_P1_Y30_UO169,FXX,0,31.0,0,0,0.0,0,0,0,0.0,0.513214111328125,1,P3_CV0,1,0,2,1,1,1,1,0,2,0,2,1,1,2,0,1,1,1,1,0,2,2,0,0,2,0,2,0,2,0,2,1,1
1,12200.0,8000.0,Age0_F1_m1f1_P1_Y32_UO91,R1_F1_m1f1_P1_Y30_UO78,R1_F1_m1f1_P1_Y30_UO169,FXX,0,31.0,0,0,0.0,0,0,0,0.0,0.513214111328125,1,P3_CV0,1,1,1,1,1,1,1,0,2,1,1,1,1,2,0,1,1,1,1,0,2,1,1,0,2,1,1,0,2,0,2,2,0
1,12200.0,8000.0,Age0_F1_m1f1_P1_Y32_UO108,R1_F1_m1f1_P1_Y30_UO185,R1_F1_m1f1_P1_Y29_UO263,MXY,0,31.0,0,0,0.0,0,0,0,0.0,0.50860595703125,1,P3_CV0,1,0,2,1,1,2,0,1,1,1,1,2,0,0,2,1,1,1,1,0,2,1,1,1,1,1,1,0,2,0,2,1,1
1,12200.0,8000.0,Age0_F1_m1f1_P1_Y32_UO109,R1_F1_m1f1_P1_Y30_UO185,R1_F1_m1f1_P1_Y29_UO263,MXY,0,31.0,0,0,0.0,0,0,0,0.0,0.50860595703125,1,P3_CV0,1,0,2,1,1,1,1,1,1,2,0,2,0,1,1,0,2,1,1,0,2,1,1,1,1,1,1,0,2,0,2,0,2
1,12200.0,8000.0,Age0_F1_m1f1_P1_Y32_UO110,R1_F1_m1f1_P1_Y30_UO185,R1_F1_m1f1_P1_Y29_UO263,MXY,0,31.0,0,0,0.0,0,0,0,0.0,0.50860595703125,1,P3_CV0,1,1,1,2,0,1,1,1,1,1,1,1,1,0,2,0,2,1,1,0,2,1,1,2,0,0,2,0,2,0,2,1,1
1,12200.0,8000.0,Age0_F1_m1f1_P1_Y32_UO112,R1_F1_m1f1_P1_Y29_UO109,R1_F1_m1f1_P1_Y30_UO186,MXY,0,31.0,0,0,0.0,0,0,0,0.0,0.5018310546875,1,P3_CV0,1,2,0,1,1,0,2,0,2,1,1,2,0,1,1,0,2,1,1,0,2,1,1,2,0,0,2,0,2,0,2,1,1
1,12200.0,8000.0,Age0_F1_m1f1_P1_Y32_UO113,R1_F1_m1f1_P1_Y29_UO109,R1_F1_m1f1_P1_Y30_UO186,FXX,0,31.0,0,0,0.0,0,0,0,0.0,0.5018310546875,1,P3_CV0,1,1,1,1,1,1,1,0,2,1,1,2,0,1,1,0,2,1,1,0,2,1,1,2,0,0,2,0,2,0,2,2,0
1,12200.0,8000.0,Age0_F1_m1f1_P1_Y32_UO114,R1_F1_m1f1_P1_Y29_UO109,R1_F1_m1f1_P1_Y30_UO186,MXY,0,31.0,0,0,0.0,0,0,0,0.0,0.5018310546875,1,P3_CV0,1,1,1,1,1,0,2,0,2,2,0,2,0,1,1,0,2,1,1,0,2,1,1,2,0,0,2,0,2,0,2,1,1
1,12200.0,8000.0,Age0_F1_m1f1_P1_Y32_UO133,R1_F1_m1f1_P1_Y30_UO283,R1_F1_m1f1_P1_Y30_UO186,MXY,0,31.0,0,0,0.0,0,0,0,0.0,0.496734619140625,1,P3_CV0,1,2,0,2,0,1,1,1,1,1,1,2,0,2,0,1,1,1,1,1,1,1,1,1,1,0,2,1,1,0,2,1,1
1,12200.0,8000.0,Age0_F1_m1f1_P1_Y32_UO254,R1_F1_m1f1_P1_Y30_UO78,R1_F1_m1f1_P1_Y30_UO22,MXY,0,31.0,0,0,0.0,0,0,0,0.0,0.503936767578125,1,P3_CV0,1,0,2,2,0,1,1,0,2,1,1,1,1,2,0,2,0,1,1,0,2,1,1,1,1,0,2,0,2,1,1,1,1
1,12200.0,8000.0,Age0_F1_m1f1_P1_Y32_UO255,R1_F1_m1f1_P1_Y30_UO253,R1_F1_m1f1_P1_Y28_UO285,MXY,0,31.0,0,0,0.0,0,0,0,0.0,0.5068817138671875,1,P3_CV0,1,1,1,1,1,0,2,0,2,0,2,0,2,1,1,0,2,1,1,0,2,1,1,0,2,1,1,1,1,0,2,2,0
1,12200.0,8000.0,Age0_F1_m1f1_P1_Y32_UO257,R1_F1_m5f5_P5_Y27_UO64,R1_F1_m1f1_P1_Y30_UO281,FXX,0,31.0,0,0,0.0,0,0,0,0.0,0.4836273193359375,1,P3_CV0,1,1,1,0,2,2,0,1,1,0,2,0,2,0,2,2,0,2,0,0,2,1,1,1,1,1,1,2,0,1,1,1,1
1,12200.0,8000.0,Age0_F1_m1f1_P1_Y32_UO258,R1_F1_m5f5_P5_Y27_UO64,R1_F1_m1f1_P1_Y30_UO281,FXX,0,31.0,0,0,0.0,0,0,0,0.0,0.4836273193359375,1,P3_CV0,1,0,2,0,2,2,0,0,2,1,1,1,1,1,1,2,0,2,0,1,1,2,0,1,1,1,1,2,0,0,2,1,1
1,12200.0,8000.0,Age0_F1_m1f1_P1_Y32_UO259,R1_F1_m5f5_P5_Y27_UO64,R1_F1_m1f1_P1_Y30_UO281,FXX,0,31.0,0,0,0.0,0,0,0,0.0,0.4836273193359375,1,P3_CV0,1,1,1,0,2,2,0,1,1,0,2,0,2,0,2,2,0,2,0,0,2,1,1,0,2,1,1,2,0,1,1,1,1
1,12200.0,8000.0,Age0_F1_m1f1_P1_Y32_UO280,R1_F1_m1f1_P1_Y30_UO71,R1_F1_m1f1_P1_Y30_UO170,MXY,0,31.0,0,0,0.0,0,0,0,0.0,0.5060577392578125,1,P3_CV0,1,1,1,1,1,1,1,0,2,1,1,0,2,1,1,1,1,1,1,0,2,2,0,1,1,0,2,0,2,0,2,1,1
1,12200.0,8000.0,Age0_F1_m1f1_P1_Y32_UO281,R1_F1_m1f1_P1_Y30_UO71,R1_F1_m1f1_P1_Y30_UO170,FXX,0,31.0,0,0,0.0,0,0,0,0.0,0.5060577392578125,1,P3_CV0,1,0,2,1,1,0,2,0,2,0,2,1,1,1,1,2,0,0,2,1,1,2,0,1,1,0,2,0,2,1,1,2,0
1,12200.0,8000.0,R1_F1_m1f1_P1_Y30_UO238,R1_F1_m2f2_P2_Y25_UO82,R1_F1_m1f1_P1_Y28_UO285,FXX,2,31.0,1,0,0.0,0,0,0,-9999.0,0.484588623046875,1,P3_CV0,1,1,1,1,1,1,1,0,2,1,1,1,1,1,1,1,1,1,1,0,2,1,1,1,1,1,1,1,1,0,2,2,0
1,12200.0,8000.0,R1_F1_m1f1_P1_Y27_UO51,R1_F1_m1f1_P1_Y25_UO184,R1_F1_m1f1_P1_Y25_UO56,MXY,5,31.0,1,0,0.0,0,0,0,-9999.0,0.49346923828125,1,P3_CV0,1,2,0,1,1,1,1,0,2,1,1,1,1,1,1,1,1,1,1,1,1,1,1,1,1,0,2,1,1,0,2,2,0
1,12200.0,8000.0,Age0_F1_m1f1_P1_Y32_UO49,R1_F1_m5f5_P5_Y27_UO64,R1_F1_m1f1_P1_Y30_UO94,FXX,0,31.0,0,0,0.0,0,0,0,0.0,0.489044189453125,1,P4_CV0,1,1,1,0,2,1,1,1,1,0,2,0,2,1,1,2,0,1,1,1,1,1,1,1,1,1,1,2,0,0,2,1,1
1,12200.0,8000.0,R1_F1_m1f1_P1_Y31_UO15,R1_F1_m5f5_P5_Y27_UO64,R1_F1_m1f1_P1_Y29_UO108,FXX,1,31.0,1,1,1.534,0,0,0,-9999.0,0.4887237548828125,1,P4_CV0,1,0,2,0,2,2,0,0,2,1,1,1,1,0,2,1,1,2,0,1,1,0,2,2,0,1,1,1,1,1,1,2,0
1,12200.0,8000.0,R1_F1_m1f1_P1_Y31_UO44,R1_F1_m5f5_P5_Y27_UO64,RD1_F5_m5f5_P5_Y29_UO289,MXY,1,31.0,1,1,0.0,0,0,0,-9999.0,0.47940826416015625,1,P4_CV0,1,2,0,0,2,2,0,0,2,1,1,1,1,1,1,2,0,1,1,0,2,0,2,2,0,2,0,1,1,1,1,2,0
1,12200.0,8000.0,R1_F1_m1f1_P1_Y31_UO16,R1_F1_m5f5_P5_Y27_UO64,R1_F1_m1f1_P1_Y29_UO108,FXX,1,31.0,1,1,0.0,0,0,0,-9999.0,0.4887237548828125,1,P4_CV0,1,0,2,0,2,2,0,0,2,0,2,2,0,0,2,1,1,2,0,1,1,0,2,2,0,0,2,1,1,0,2,2,0
1,12200.0,8000.0,R1_F1_m1f1_P1_Y31_UO162,R1_F1_m1f1_P1_Y29_UO106,R1_F1_m1f1_P1_Y29_UO263,MXY,1,31.0,1,1,0.0,0,0,0,-9999.0,0.50433349609375,1,P4_CV0,1,0,2,1,1,2,0,1,1,1,1,1,1,0,2,1,1,1,1,0,2,0,2,2,0,0,2,0,2,0,2,1,1
1,12200.0,8000.0,R1_F1_m1f1_P1_Y31_UO167,R1_F1_m5f5_P5_Y27_UO64,R1_F1_m1f1_P1_Y29_UO165,FXX,1,31.0,1,1,1.025,0,0,0,-9999.0,0.4850311279296875,1,P4_CV0,1,0,2,0,2,2,0,0,2,0,2,1,1,1,1,1,1,1,1,0,2,1,1,2,0,1,1,1,1,2,0,2,0
1,12200.0,8000.0,R1_F1_m1f1_P1_Y31_UO46,R1_F1_m5f5_P5_Y27_UO64,RD1_F5_m5f5_P5_Y29_UO289,MXY,1,31.0,1,1,0.0,0,0,0,-9999.0,0.47940826416015625,1,P4_CV0,1,2,0,0,2,1,1,0,2,1,1,1,1,1,1,2,0,2,0,1,1,0,2,2,0,2,0,1,1,1,1,2,0
1,12200.0,8000.0,R1_F1_m1f1_P1_Y31_UO45,R1_F1_m5f5_P5_Y27_UO64,RD1_F5_m5f5_P5_Y29_UO289,FXX,1,31.0,1,1,1.0,0,0,0,-9999.0,0.47940826416015625,1,P4_CV0,1,2,0,0,2,2,0,0,2,1,1,2,0,1,1,2,0,2,0,1,1,0,2,1,1,2,0,1,1,1,1,2,0
1,12200.0,8000.0,R1_F1_m1f1_P1_Y29_UO106,R1_F1_m1f1_P1_Y24_UO73,R1_F1_m1f1_P1_Y25_UO102,FXX,3,31.0,1,0,1.424,0,0,0,-9999.0,0.49755859375,1,P4_CV0,1,1,1,1,1,2,0,0,2,0,2,1,1,0,2,0,2,2,0,0,2,1,1,2,0,1,1,0,2,1,1,2,0
1,12200.0,8000.0,R1_F1_m5f5_P5_Y27_UO64,R5_F5_m5f5_P5_Y23_UO116,R5_F5_m5f5_P5_Y25_UO8,FXX,5,31.0,1,0,1.586,0,0,0,-9999.0,0.479888916015625,1,P4_CV0,1,1,1,0,2,2,0,0,2,0,2,1,1,0,2,2,0,1,1,1,1,1,1,1,1,1,1,2,0,1,1,2,0
1,12200.0,8000.0,R1_F1_m1f1_P1_Y31_UO271,R1_F1_m1f1_P1_Y29_UO180,R1_F1_m1f1_P1_Y28_UO172,FXX,1,31.0,1,1,0.0,0,0,0,-9999.0,0.5001678466796875,1,P5_CV0,1,2,0,1,1,2,0,0,2,2,0,0,2,0,2,0,2,0,2,1,1,0,2,1,1,1,1,2,0,1,1,1,1
1,12200.0,8000.0,R1_F1_m1f1_P1_Y31_UO270,R1_F1_m1f1_P1_Y29_UO180,R1_F1_m1f1_P1_Y28_UO172,FXX,1,31.0,1,1,0.0,0,0,0,-9999.0,0.5001678466796875,1,P5_CV0,1,2,0,1,1,1,1,0,2,2,0,0,2,2,0,0,2,0,2,1,1,0,2,1,1,0,2,2,0,0,2,1,1
1,12200.0,8000.0,R1_F1_m1f1_P1_Y30_UO70,R1_F1_m1f1_P1_Y27_UO215,R1_F1_m1f1_P1_Y25_UO102,FXX,2,31.0,1,0,1.0,0,0,0,-9999.0,0.508544921875,1,P5_CV0,1,0,2,2,0,1,1,0,2,0,2,2,0,0,2,1,1,1,1,0,2,2,0,2,0,1,1,0,2,0,2,2,0
1,12200.0,8000.0,R1_F1_m5f5_P5_Y30_UO112,R5_F5_m5f5_P5_Y27_UO40,R5_F5_m5f5_P5_Y28_UO28,MXY,2,31.0,1,0,0.0,0,0,0,-9999.0,0.47475433349609375,1,P5_CV0,1,2,0,1,1,1,1,0,2,1,1,1,1,1,1,2,0,0,2,0,2,0,2,1,1,1,1,1,1,1,1,2,0
1,12200.0,8000.0,R1_F1_m1f1_P1_Y30_UO71,R1_F1_m1f1_P1_Y27_UO215,R1_F1_m1f1_P1_Y25_UO102,FXX,2,31.0,1,0,1.0,0,0,0,-9999.0,0.508544921875,1,P5_CV0,1,0,2,2,0,1,1,0,2,0,2,1,1,1,1,1,1,1,1,0,2,2,0,2,0,1,1,0,2,1,1,1,1
1,12200.0,8000.0,R1_F1_m1f1_P1_Y28_UO172,R1_F1_m1f1_P1_Y25_UO55,R1_F1_m1f1_P1_Y25_UO34,MXY,4,31.0,1,0,0.0,0,0,0,-9999.0,0.51513671875,1,P5_CV0,1,1,1,0,2,1,1,0,2,1,1,1,1,1,1,1,1,0,2,0,2,0,2,0,2,1,1,2,0,1,1,0,2
2,12100.0,8100.0,Age0_F2_m2f2_P2_Y32_UO3,R2_F2_m1f1_P1_Y30_UO180,R2_F2_m2f2_P2_Y27_UO225,FXX,0,31.0,0,0,0.0,0,0,0,0.0,0.487884521484375,1,P0_CV0,1,0,2,0,2,1,1,0,2,2,0,2,0,1,1,1,1,0,2,0,2,1,1,1,1,1,1,1,1,1,1,1,1
2,12100.0,8100.0,Age0_F2_m2f2_P2_Y32_UO5,R2_F2_m1f1_P1_Y30_UO180,R2_F2_m2f2_P2_Y27_UO225,MXY,0,31.0,0,0,0.0,0,0,0,0.0,0.487884521484375,1,P0_CV0,1,0,2,2,0,1,1,2,0,2,0,2,0,1,1,0,2,1,1,0,2,2,0,2,0,1,1,1,1,1,1,2,0
2,12100.0,8100.0,Age0_F2_m2f2_P2_Y32_UO6,R2_F2_m1f1_P1_Y30_UO180,R2_F2_m2f2_P2_Y27_UO225,FXX,0,31.0,0,0,0.0,0,0,0,0.0,0.487884521484375,1,P0_CV0,1,0,2,0,2,0,2,2,0,2,0,2,0,2,0,1,1,0,2,0,2,2,0,1,1,1,1,1,1,1,1,2,0
2,12100.0,8100.0,Age0_F2_m2f2_P2_Y32_UO7,R2_F2_m1f1_P1_Y30_UO180,R2_F2_m2f2_P2_Y27_UO225,FXX,0,31.0,0,0,0.0,0,0,0,0.0,0.487884521484375,1,P0_CV0,1,0,2,1,1,1,1,1,1,2,0,2,0,1,1,1,1,1,1,0,2,2,0,2,0,1,1,1,1,1,1,2,0
2,12100.0,8100.0,Age0_F2_m2f2_P2_Y32_UO9,R2_F2_m1f1_P1_Y30_UO180,R2_F2_m2f2_P2_Y27_UO225,FXX,0,31.0,0,0,0.0,0,0,0,0.0,0.487884521484375,1,P0_CV0,1,0,2,2,0,0,2,2,0,2,0,1,1,2,0,0,2,0,2,0,2,1,1,1,1,1,1,0,2,1,1,1,1
2,12100.0,8100.0,Age0_F2_m2f2_P2_Y32_UO10,R2_F2_m1f1_P1_Y30_UO180,R2_F2_m2f2_P2_Y27_UO225,MXY,0,31.0,0,0,0.0,0,0,0,0.0,0.487884521484375,1,P0_CV0,1,0,2,1,1,1,1,1,1,2,0,1,1,2,0,1,1,0,2,0,2,1,1,1,1,1,1,1,1,1,1,1,1
2,12100.0,8100.0,Age0_F2_m2f2_P2_Y32_UO126,R2_F2_m1f1_P1_Y30_UO180,R2_F2_m2f2_P2_Y29_UO2,FXX,0,31.0,0,0,0.0,0,0,0,0.0,0.494598388671875,1,P0_CV0,1,0,2,1,1,0,2,0,2,2,0,0,2,2,0,1,1,0,2,0,2,2,0,2,0,1,1,1,1,1,1,1,1
2,12100.0,8100.0,Age0_F2_m2f2_P2_Y32_UO127,R2_F2_m1f1_P1_Y30_UO180,R2_F2_m2f2_P2_Y29_UO2,FXX,0,31.0,0,0,0.0,0,0,0,0.0,0.494598388671875,1,P0_CV0,1,0,2,1,1,2,0,0,2,2,0,1,1,1,1,0,2,0,2,0,2,1,1,1,1,1,1,0,2,1,1,1,1
2,12100.0,8100.0,Age0_F2_m2f2_P2_Y32_UO128,R2_F2_m1f1_P1_Y30_UO180,R2_F2_m2f2_P2_Y29_UO2,MXY,0,31.0,0,0,0.0,0,0,0,0.0,0.494598388671875,1,P0_CV0,1,1,1,1,1,1,1,0,2,2,0,1,1,2,0,1,1,0,2,0,2,2,0,2,0,1,1,1,1,1,1,0,2
2,12100.0,8100.0,Age0_F2_m2f2_P2_Y32_UO129,R2_F2_m1f1_P1_Y30_UO180,R2_F2_m2f2_P2_Y29_UO2,MXY,0,31.0,0,0,0.0,0,0,0,0.0,0.494598388671875,1,P0_CV0,1,0,2,1,1,1,1,0,2,2,0,1,1,2,0,0,2,0,2,0,2,2,0,2,0,1,1,0,2,1,1,0,2
2,12100.0,8100.0,Age0_F2_m2f2_P2_Y32_UO130,R2_F2_m1f1_P1_Y30_UO180,R2_F2_m2f2_P2_Y29_UO2,FXX,0,31.0,0,0,0.0,0,0,0,0.0,0.494598388671875,1,P0_CV0,1,0,2,2,0,1,1,0,2,2,0,0,2,2,0,1,1,0,2,0,2,1,1,2,0,1,1,1,1,1,1,1,1
2,12100.0,8100.0,Age0_F2_m2f2_P2_Y32_UO287,R2_F2_m1f1_P1_Y30_UO180,R2_F2_m2f2_P2_Y29_UO2,FXX,0,31.0,0,0,0.0,0,0,0,0.0,0.494598388671875,1,P0_CV0,1,0,2,1,1,1,1,1,1,2,0,0,2,1,1,0,2,0,2,0,2,2,0,2,0,1,1,1,1,1,1,0,2
2,12100.0,8100.0,R2_F2_m1f1_P1_Y30_UO180,R1_F1_m1f1_P1_Y27_UO115,R1_F1_m1f1_P1_Y28_UO313,FXX,2,31.0,1,0,0.0,0,0,0,-9999.0,0.4937744140625,1,P0_CV0,1,0,2,1,1,1,1,1,1,2,0,1,1,1,1,1,1,0,2,0,2,2,0,1,1,0,2,1,1,2,0,1,1
2,12100.0,8100.0,Age0_F2_m2f2_P2_Y32_UO2,R2_F2_m1f1_P1_Y30_UO180,R2_F2_m2f2_P2_Y27_UO225,MXY,0,31.0,0,0,0.0,0,0,0,0.0,0.487884521484375,1,P1_CV0,1,0,2,1,1,2,0,1,1,2,0,2,0,1,1,1,1,1,1,0,2,1,1,2,0,1,1,1,1,1,1,2,0
2,12100.0,8100.0,Age0_F2_m2f2_P2_Y32_UO4,R2_F2_m1f1_P1_Y30_UO180,R2_F2_m2f2_P2_Y27_UO225,MXY,0,31.0,0,0,0.0,0,0,0,0.0,0.487884521484375,1,P1_CV0,1,0,2,2,0,2,0,2,0,2,0,2,0,2,0,0,2,1,1,0,2,2,0,1,1,1,1,2,0,1,1,1,1
2,12100.0,8100.0,Age0_F2_m2f2_P2_Y32_UO8,R2_F2_m1f1_P1_Y30_UO180,R2_F2_m2f2_P2_Y27_UO225,FXX,0,31.0,0,0,0.0,0,0,0,0.0,0.487884521484375,1,P1_CV0,1,0,2,1,1,1,1,0,2,2,0,1,1,2,0,0,2,1,1,0,2,2,0,0,2,1,1,0,2,1,1,2,0
2,12100.0,8100.0,Age0_F2_m2f2_P2_Y32_UO146,R2_F2_m2f2_P2_Y30_UO120,RD2_F2_m2f2_P2_Y30_UO103,MXY,0,31.0,0,0,0.0,0,0,0,0.0,0.4770355224609375,1,P1_CV0,1,0,2,0,2,2,0,0,2,0,2,1,1,1,1,0,2,1,1,1,1,2,0,1,1,1,1,0,2,2,0,0,2
2,12100.0,8100.0,Age0_F2_m2f2_P2_Y32_UO150,R2_F2_m2f2_P2_Y29_UO152,R2_F2_m2f2_P2_Y27_UO225,FXX,0,31.0,0,0,0.0,0,0,0,0.0,0.47607421875,1,P1_CV0,1,0,2,1,1,2,0,0,2,1,1,1,1,2,0,1,1,1,1,0,2,2,0,1,1,2,0,0,2,0,2,2,0
2,12100.0,8100.0,Age0_F2_m2f2_P2_Y32_UO151,R2_F2_m2f2_P2_Y29_UO152,R2_F2_m2f2_P2_Y27_UO225,MXY,0,31.0,0,0,0.0,0,0,0,0.0,0.47607421875,1,P1_CV0,1,0,2,1,1,1,1,1,1,2,0,1,1,1,1,1,1,2,0,0,2,1,1,1,1,2,0,0,2,0,2,2,0
2,12100.0,8100.0,Age0_F2_m2f2_P2_Y32_UO152,R2_F2_m2f2_P2_Y29_UO152,R2_F2_m2f2_P2_Y27_UO225,FXX,0,31.0,0,0,0.0,0,0,0,0.0,0.47607421875,1,P1_CV0,1,0,2,1,1,1,1,1,1,1,1,2,0,2,0,0,2,2,0,0,2,1,1,1,1,2,0,1,1,0,2,2,0
2,12100.0,8100.0,Age0_F2_m2f2_P2_Y32_UO153,R2_F2_m2f2_P2_Y29_UO152,R2_F2_m2f2_P2_Y27_UO225,MXY,0,31.0,0,0,0.0,0,0,0,0.0,0.47607421875,1,P1_CV0,1,0,2,2,0,1,1,1,1,1,1,1,1,2,0,0,2,0,2,0,2,1,1,2,0,2,0,0,2,0,2,2,0
2,12100.0,8100.0,Age0_F2_m2f2_P2_Y32_UO154,R2_F2_m2f2_P2_Y29_UO152,R2_F2_m2f2_P2_Y27_UO225,FXX,0,31.0,0,0,0.0,0,0,0,0.0,0.47607421875,1,P1_CV0,1,0,2,1,1,2,0,1,1,2,0,1,1,1,1,0,2,0,2,0,2,2,0,0,2,2,0,0,2,0,2,2,0
2,12100.0,8100.0,Age0_F2_m2f2_P2_Y32_UO155,R2_F2_m2f2_P2_Y29_UO152,R2_F2_m2f2_P2_Y27_UO225,MXY,0,31.0,0,0,0.0,0,0,0,0.0,0.47607421875,1,P1_CV0,1,0,2,2,0,1,1,0,2,1,1,2,0,2,0,0,2,2,0,0,2,2,0,1,1,2,0,0,2,0,2,2,0
2,12100.0,8100.0,Age0_F2_m2f2_P2_Y32_UO240,R2_F2_m2f2_P2_Y29_UO152,R2_F2_m2f2_P2_Y30_UO99,FXX,0,31.0,0,0,0.0,0,0,0,0.0,0.47005462646484375,1,P1_CV0,1,0,2,2,0,1,1,0,2,0,2,0,2,2,0,0,2,1,1,0,2,2,0,2,0,1,1,1,1,0,2,1,1
2,12100.0,8100.0,Age0_F2_m2f2_P2_Y32_UO241,R2_F2_m2f2_P2_Y29_UO152,R2_F2_m2f2_P2_Y30_UO92,FXX,0,31.0,0,0,0.0,0,0,0,0.0,0.4619140625,1,P1_CV0,1,0,2,1,1,2,0,1,1,2,0,2,0,2,0,1,1,0,2,0,2,2,0,2,0,1,1,1,1,1,1,1,1
2,12100.0,8100.0,R2_F2_m2f2_P2_Y31_UO151,R2_F2_m2f2_P2_Y29_UO200,R2_F2_m2f2_P2_Y29_UO3,MXY,1,31.0,1,1,0.0,0,0,0,-9999.0,0.4915313720703125,1,P1_CV0,1,0,2,1,1,2,0,0,2,1,1,0,2,1,1,0,2,1,1,0,2,1,1,1,1,1,1,1,1,0,2,2,0
2,12100.0,8100.0,R2_F2_m2f2_P2_Y30_UO103,R2_F2_m2f2_P2_Y28_UO299,R2_F2_m2f2_P2_Y27_UO223,MXY,2,31.0,1,0,0.0,0,0,0,-9999.0,0.469146728515625,1,P1_CV0,1,0,2,1,1,2,0,1,1,1,1,1,1,1,1,0,2,1,1,0,2,2,0,2,0,1,1,1,1,2,0,1,1
2,12100.0,8100.0,Age0_F2_m2f2_P2_Y32_UO63,R2_F2_m2f2_P2_Y29_UO257,R2_F2_m2f2_P2_Y28_UO142,MXY,0,31.0,0,0,0.0,0,0,0,0.0,0.4822845458984375,1,P2_CV0,1,1,1,1,1,1,1,0,2,1,1,0,2,1,1,1,1,1,1,2,0,0,2,1,1,2,0,0,2,1,1,2,0
2,12100.0,8100.0,Age0_F2_m2f2_P2_Y32_UO64,R2_F2_m2f2_P2_Y29_UO257,R2_F2_m2f2_P2_Y28_UO142,MXY,0,31.0,0,0,0.0,0,0,0,0.0,0.4822845458984375,1,P2_CV0,1,1,1,1,1,0,2,1,1,1,1,1,1,1,1,1,1,0,2,1,1,1,1,1,1,1,1,0,2,1,1,2,0
2,12100.0,8100.0,Age0_F2_m2f2_P2_Y32_UO65,R2_F2_m2f2_P2_Y29_UO257,R2_F2_m2f2_P2_Y28_UO142,MXY,0,31.0,0,0,0.0,0,0,0,0.0,0.4822845458984375,1,P2_CV0,1,1,1,1,1,0,2,2,0,1,1,1,1,1,1,1,1,0,2,1,1,1,1,1,1,1,1,0,2,0,2,2,0
2,12100.0,8100.0,Age0_F2_m2f2_P2_Y32_UO71,R2_F2_m2f2_P2_Y30_UO27,R2_F2_m2f2_P2_Y30_UO99,FXX,0,31.0,0,0,0.0,0,0,0,0.0,0.466796875,1,P2_CV0,1,0,2,1,1,2,0,1,1,0,2,1,1,2,0,1,1,1,1,0,2,1,1,1,1,0,2,2,0,0,2,0,2
2,12100.0,8100.0,Age0_F2_m2f2_P2_Y32_UO72,R2_F2_m2f2_P2_Y30_UO27,R2_F2_m2f2_P2_Y30_UO99,FXX,0,31.0,0,0,0.0,0,0,0,0.0,0.466796875,1,P2_CV0,1,0,2,2,0,1,1,1,1,1,1,0,2,2,0,0,2,0,2,0,2,0,2,1,1,1,1,1,1,2,0,0,2
2,12100.0,8100.0,Age0_F2_m2f2_P2_Y32_UO73,R2_F2_m2f2_P2_Y30_UO27,R2_F2_m2f2_P2_Y30_UO99,MXY,0,31.0,0,0,0.0,0,0,0,0.0,0.466796875,1,P2_CV0,1,0,2,1,1,1,1,0,2,1,1,0,2,2,0,0,2,1,1,1,1,2,0,1,1,1,1,1,1,0,2,0,2
2,12100.0,8100.0,Age0_F2_m2f2_P2_Y32_UO74,R2_F2_m2f2_P2_Y30_UO27,R2_F2_m2f2_P2_Y30_UO99,FXX,0,31.0,0,0,0.0,0,0,0,0.0,0.466796875,1,P2_CV0,1,0,2,1,1,2,0,2,0,1,1,1,1,2,0,0,2,1,1,0,2,2,0,1,1,0,2,1,1,1,1,0,2
2,12100.0,8100.0,Age0_F2_m2f2_P2_Y32_UO117,R2_F2_m2f2_P2_Y29_UO283,R2_F2_m3f3_P3_Y29_UO203,FXX,0,31.0,0,0,0.0,0,0,0,0.0,0.5218048095703125,1,P2_CV0,1,1,1,0,2,1,1,1,1,2,0,0,2,0,2,1,1,0,2,0,2,0,2,2,0,1,1,0,2,2,0,1,1
2,12100.0,8100.0,Age0_F2_m2f2_P2_Y32_UO118,R2_F2_m2f2_P2_Y29_UO283,R2_F2_m3f3_P3_Y29_UO203,MXY,0,31.0,0,0,0.0,0,0,0,0.0,0.5218048095703125,1,P2_CV0,1,1,1,0,2,2,0,1,1,2,0,1,1,1,1,1,1,1,1,0,2,0,2,2,0,1,1,0,2,1,1,1,1
2,12100.0,8100.0,Age0_F2_m2f2_P2_Y32_UO119,R2_F2_m2f2_P2_Y29_UO283,R2_F2_m3f3_P3_Y29_UO203,FXX,0,31.0,0,0,0.0,0,0,0,0.0,0.5218048095703125,1,P2_CV0,1,1,1,0,2,2,0,1,1,2,0,1,1,1,1,1,1,1,1,0,2,1,1,2,0,2,0,1,1,0,2,0,2
2,12100.0,8100.0,Age0_F2_m2f2_P2_Y32_UO120,R2_F2_m2f2_P2_Y29_UO283,R2_F2_m3f3_P3_Y29_UO203,FXX,0,31.0,0,0,0.0,0,0,0,0.0,0.5218048095703125,1,P2_CV0,1,1,1,0,2,2,0,1,1,1,1,2,0,1,1,1,1,1,1,0,2,0,2,2,0,1,1,1,1,1,1,0,2
2,12100.0,8100.0,Age0_F2_m2f2_P2_Y32_UO121,R2_F2_m2f2_P2_Y29_UO283,R2_F2_m3f3_P3_Y29_UO203,MXY,0,31.0,0,0,0.0,0,0,0,0.0,0.5218048095703125,1,P2_CV0,1,2,0,0,2,1,1,1,1,2,0,1,1,0,2,1,1,0,2,0,2,1,1,2,0,1,1,1,1,2,0,0,2
2,12100.0,8100.0,Age0_F2_m2f2_P2_Y32_UO158,R2_F2_m2f2_P2_Y30_UO21,R2_F2_m2f2_P2_Y29_UO174,MXY,0,31.0,0,0,0.0,0,0,0,0.0,0.46721649169921875,1,P2_CV0,1,1,1,1,1,2,0,1,1,1,1,1,1,1,1,0,2,2,0,0,2,0,2,1,1,1,1,1,1,1,1,1,1
2,12100.0,8100.0,Age0_F2_m2f2_P2_Y32_UO160,R2_F2_m2f2_P2_Y30_UO21,R2_F2_m2f2_P2_Y29_UO174,FXX,0,31.0,0,0,0.0,0,0,0,0.0,0.46721649169921875,1,P2_CV0,1,1,1,0,2,2,0,1,1,1,1,1,1,1,1,1,1,1,1,0,2,1,1,2,0,0,2,1,1,0,2,1,1
2,12100.0,8100.0,Age0_F2_m2f2_P2_Y32_UO161,R2_F2_m2f2_P2_Y30_UO21,R2_F2_m2f2_P2_Y29_UO174,MXY,0,31.0,0,0,0.0,0,0,0,0.0,0.46721649169921875,1,P2_CV0,1,0,2,1,1,2,0,1,1,1,1,0,2,1,1,0,2,1,1,0,2,1,1,1,1,0,2,1,1,2,0,0,2
2,12100.0,8100.0,Age0_F2_m2f2_P2_Y32_UO238,R2_F2_m2f2_P2_Y29_UO152,R2_F2_m2f2_P2_Y30_UO99,MXY,0,31.0,0,0,0.0,0,0,0,0.0,0.47005462646484375,1,P2_CV0,1,0,2,1,1,2,0,0,2,1,1,1,1,2,0,1,1,1,1,0,2,2,0,1,1,1,1,1,1,1,1,1,1
2,12100.0,8100.0,Age0_F2_m2f2_P2_Y32_UO239,R2_F2_m2f2_P2_Y29_UO152,R2_F2_m2f2_P2_Y30_UO99,MXY,0,31.0,0,0,0.0,0,0,0,0.0,0.47005462646484375,1,P2_CV0,1,0,2,2,0,1,1,0,2,0,2,1,1,2,0,1,1,0,2,0,2,2,0,1,1,2,0,0,2,0,2,1,1
2,12100.0,8100.0,Age0_F2_m2f2_P2_Y32_UO252,R2_F2_m2f2_P2_Y29_UO257,R2_F2_m2f2_P2_Y30_UO19,FXX,0,31.0,0,0,0.0,0,0,0,0.0,0.48184967041015625,1,P2_CV0,1,0,2,1,1,0,2,1,1,1,1,0,2,1,1,1,1,1,1,1,1,1,1,1,1,0,2,1,1,1,1,1,1
2,12100.0,8100.0,Age0_F2_m2f2_P2_Y32_UO271,R2_F2_m2f2_P2_Y29_UO257,R2_F2_m2f2_P2_Y28_UO144,FXX,0,31.0,0,0,0.0,0,0,0,0.0,0.4822845458984375,1,P2_CV0,1,0,2,1,1,1,1,2,0,1,1,0,2,1,1,1,1,1,1,2,0,1,1,1,1,1,1,2,0,0,2,2,0
2,12100.0,8100.0,Age0_F2_m2f2_P2_Y32_UO272,R2_F2_m2f2_P2_Y29_UO257,R2_F2_m2f2_P2_Y28_UO144,FXX,0,31.0,0,0,0.0,0,0,0,0.0,0.4822845458984375,1,P2_CV0,1,0,2,0,2,1,1,0,2,1,1,2,0,1,1,1,1,1,1,2,0,1,1,2,0,1,1,1,1,0,2,2,0
2,12100.0,8100.0,Age0_F2_m2f2_P2_Y32_UO283,R2_F2_m2f2_P2_Y29_UO205,R2_F2_m2f2_P2_Y28_UO144,FXX,0,31.0,0,0,0.0,0,0,0,0.0,0.45697021484375,1,P2_CV0,1,0,2,0,2,2,0,1,1,0,2,2,0,1,1,1,1,0,2,1,1,0,2,2,0,1,1,1,1,0,2,2,0
2,12100.0,8100.0,Age0_F2_m2f2_P2_Y32_UO286,R2_F2_m2f2_P2_Y29_UO205,R2_F2_m2f2_P2_Y28_UO144,MXY,0,31.0,0,0,0.0,0,0,0,0.0,0.45697021484375,1,P2_CV0,1,0,2,1,1,2,0,2,0,0,2,0,2,2,0,1,1,0,2,0,2,0,2,2,0,2,0,1,1,0,2,2,0
2,12100.0,8100.0,Age0_F2_m2f2_P2_Y32_UO294,R2_F2_m2f2_P2_Y29_UO257,R2_F2_m2f2_P2_Y30_UO217,FXX,0,31.0,0,0,0.0,0,0,0,0.0,0.48700714111328125,1,P2_CV0,1,0,2,0,2,1,1,2,0,1,1,1,1,1,1,1,1,2,0,1,1,1,1,1,1,0,2,1,1,2,0,1,1
2,12100.0,8100.0,Age0_F2_m2f2_P2_Y32_UO295,R2_F2_m2f2_P2_Y29_UO257,R2_F2_m2f2_P2_Y30_UO217,FXX,0,31.0,0,0,0.0,0,0,0,0.0,0.48700714111328125,1,P2_CV0,1,0,2,1,1,0,2,2,0,1,1,1,1,1,1,1,1,1,1,1,1,0,2,1,1,1,1,2,0,1,1,1,1
2,12100.0,8100.0,Age0_F2_m2f2_P2_Y32_UO296,R2_F2_m2f2_P2_Y29_UO257,R2_F2_m2f2_P2_Y30_UO217,FXX,0,31.0,0,0,0.0,0,0,0,0.0,0.48700714111328125,1,P2_CV0,1,0,2,1,1,1,1,1,1,1,1,0,2,1,1,1,1,0,2,1,1,1,1,0,2,1,1,2,0,1,1,1,1
2,12100.0,8100.0,Age0_F2_m2f2_P2_Y32_UO297,R2_F2_m2f2_P2_Y29_UO257,R2_F2_m2f2_P2_Y30_UO217,FXX,0,31.0,0,0,0.0,0,0,0,0.0,0.48700714111328125,1,P2_CV0,1,0,2,0,2,0,2,1,1,1,1,1,1,1,1,1,1,0,2,1,1,0,2,1,1,1,1,1,1,1,1,1,1
2,12100.0,8100.0,R2_F2_m2f2_P2_Y31_UO221,R2_F2_m2f2_P2_Y29_UO280,R2_F2_m2f2_P2_Y28_UO50,MXY,1,31.0,1,1,0.0,0,0,0,-9999.0,0.50115966796875,1,P2_CV0,1,1,1,0,2,1,1,1,1,1,1,1,1,1,1,1,1,2,0,0,2,0,2,2,0,0,2,0,2,1,1,0,2
2,12100.0,8100.0,R2_F2_m2f2_P2_Y31_UO74,R2_F2_m2f2_P2_Y29_UO259,R2_F2_m2f2_P2_Y28_UO236,FXX,1,31.0,1,1,0.0,0,0,0,-9999.0,0.476806640625,1,P2_CV0,1,0,2,1,1,0,2,1,1,1,1,2,0,1,1,1,1,0,2,1,1,0,2,1,1,1,1,0,2,1,1,1,1
2,12100.0,8100.0,R2_F2_m2f2_P2_Y30_UO118,R2_F2_m2f2_P2_Y26_UO89,RD2_F1_m1f1_P1_Y28_UO173,MXY,2,31.0,1,0,0.0,0,0,0,-9999.0,0.48492431640625,1,P2_CV0,1,0,2,1,1,2,0,0,2,1,1,1,1,0,2,1,1,0,2,1,1,1,1,0,2,2,0,2,0,1,1,0,2
2,12100.0,8100.0,R2_F2_m2f2_P2_Y30_UO99,R2_F2_m2f2_P2_Y26_UO86,R2_F2_m2f2_P2_Y27_UO199,MXY,2,31.0,1,0,0.0,0,0,0,-9999.0,0.4699554443359375,1,P2_CV0,1,0,2,1,1,1,1,1,1,1,1,1,1,2,0,1,1,1,1,0,2,1,1,2,0,1,1,1,1,1,1,0,2
2,12100.0,8100.0,R2_F2_m2f2_P2_Y30_UO26,R2_F2_m2f2_P2_Y28_UO299,R2_F2_m2f2_P2_Y27_UO199,FXX,2,31.0,1,0,1.0,0,0,0,-9999.0,0.4636383056640625,1,P2_CV0,1,0,2,2,0,1,1,2,0,1,1,2,0,1,1,1,1,1,1,0,2,2,0,2,0,0,2,1,1,1,1,0,2
2,12100.0,8100.0,R2_F2_m3f3_P3_Y29_UO203,R3_F3_m3f3_P3_Y26_UO178,R3_F3_m1f1_P1_Y25_UO99,MXY,3,31.0,1,0,0.0,0,0,0,-9999.0,0.53997802734375,1,P2_CV0,1,1,1,0,2,2,0,1,1,2,0,1,1,1,1,2,0,0,2,0,2,0,2,2,0,2,0,1,1,1,1,1,1
2,12100.0,8100.0,R2_F2_m2f2_P2_Y29_UO257,R2_F2_m3f3_P3_Y27_UO89,RD2_F3_m4f4_P4_Y26_UO267,FXX,3,31.0,1,0,0.0,0,0,0,-9999.0,0.5103759765625,1,P2_CV0,1,0,2,0,2,0,2,1,1,2,0,1,1,0,2,2,0,1,1,2,0,1,1,1,1,1,1,1,1,1,1,2,0
2,12100.0,8100.0,R2_F2_m2f2_P2_Y29_UO1,R2_F2_m2f2_P2_Y26_UO47,RD2_F4_m4f4_P4_Y24_UO184,MXY,3,31.0,1,0,0.0,0,0,0,-9999.0,0.49542236328125,1,P2_CV0,1,0,2,1,1,1,1,0,2,2,0,0,2,2,0,0,2,0,2,0,2,1,1,2,0,2,0,0,2,2,0,0,2
2,12100.0,8100.0,R2_F2_m2f2_P2_Y28_UO240,R2_F2_m2f2_P2_Y24_UO193,R2_F2_m2f2_P2_Y24_UO196,FXX,4,31.0,1,0,0.0,0,0,0,-9999.0,0.4432373046875,1,P2_CV0,1,0,2,2,0,1,1,0,2,0,2,2,0,2,0,0,2,0,2,1,1,0,2,2,0,1,1,0,2,0,2,2,0
2,12100.0,8100.0,R2_F2_m2f2_P2_Y28_UO142,R2_F2_m2f2_P2_Y26_UO228,R2_F2_m2f2_P2_Y25_UO176,MXY,4,31.0,1,0,0.0,0,0,0,-9999.0,0.454193115234375,1,P2_CV0,1,1,1,2,0,1,1,1,1,1,1,0,2,2,0,0,2,0,2,1,1,1,1,2,0,2,0,0,2,0,2,2,0
2,12100.0,8100.0,R2_F2_m2f2_P2_Y28_UO144,R2_F2_m2f2_P2_Y26_UO228,R2_F2_m2f2_P2_Y25_UO176,MXY,4,31.0,1,0,0.0,0,0,0,-9999.0,0.454193115234375,1,P2_CV0,1,0,2,1,1,2,0,1,1,0,2,1,1,2,0,0,2,0,2,1,1,1,1,1,1,2,0,1,1,0,2,2,0
2,12100.0,8100.0,Age0_F2_m2f2_P2_Y32_UO125,R2_F2_m1f1_P1_Y30_UO180,R2_F2_m2f2_P2_Y29_UO2,MXY,0,31.0,0,0,0.0,0,0,0,0.0,0.494598388671875,1,P3_CV0,1,1,1,1,1,2,0,0,2,2,0,1,1,1,1,0,2,0,2,0,2,1,1,2,0,1,1,1,1,1,1,0,2
2,12100.0,8100.0,Age0_F2_m2f2_P2_Y32_UO147,R2_F2_m2f2_P2_Y30_UO120,RD2_F2_m2f2_P2_Y30_UO103,FXX,0,31.0,0,0,0.0,0,0,0,0.0,0.4770355224609375,1,P3_CV0,1,1,1,1,1,2,0,0,2,0,2,0,2,1,1,1,1,1,1,1,1,2,0,1,1,1,1,1,1,1,1,1,1
2,12100.0,8100.0,Age0_F2_m2f2_P2_Y32_UO148,R2_F2_m2f2_P2_Y30_UO120,RD2_F2_m2f2_P2_Y30_UO103,MXY,0,31.0,0,0,0.0,0,0,0,0.0,0.4770355224609375,1,P3_CV0,1,0,2,2,0,2,0,1,1,0,2,1,1,1,1,1,1,0,2,1,1,2,0,1,1,0,2,0,2,1,1,1,1
2,12100.0,8100.0,Age0_F2_m2f2_P2_Y32_UO149,R2_F2_m2f2_P2_Y30_UO120,RD2_F2_m2f2_P2_Y30_UO103,FXX,0,31.0,0,0,0.0,0,0,0,0.0,0.4770355224609375,1,P3_CV0,1,0,2,1,1,2,0,1,1,2,0,1,1,2,0,1,1,1,1,0,2,2,0,1,1,1,1,1,1,1,1,0,2
2,12100.0,8100.0,Age0_F2_m2f2_P2_Y32_UO157,R2_F2_m2f2_P2_Y30_UO21,R2_F2_m2f2_P2_Y29_UO174,MXY,0,31.0,0,0,0.0,0,0,0,0.0,0.46721649169921875,1,P3_CV0,1,0,2,1,1,2,0,0,2,1,1,0,2,2,0,0,2,1,1,0,2,1,1,1,1,1,1,1,1,0,2,2,0
2,12100.0,8100.0,Age0_F2_m2f2_P2_Y32_UO159,R2_F2_m2f2_P2_Y30_UO21,R2_F2_m2f2_P2_Y29_UO174,MXY,0,31.0,0,0,0.0,0,0,0,0.0,0.46721649169921875,1,P3_CV0,1,1,1,1,1,2,0,0,2,1,1,0,2,1,1,0,2,1,1,0,2,2,0,1,1,0,2,1,1,0,2,1,1
2,12100.0,8100.0,Age0_F2_m2f2_P2_Y32_UO242,R2_F2_m2f2_P2_Y29_UO152,R2_F2_m2f2_P2_Y30_UO92,FXX,0,31.0,0,0,0.0,0,0,0,0.0,0.4619140625,1,P3_CV0,1,0,2,2,0,2,0,1,1,0,2,1,1,2,0,0,2,0,2,0,2,2,0,2,0,2,0,1,1,1,1,2,0
2,12100.0,8100.0,Age0_F2_m2f2_P2_Y32_UO250,R2_F2_m2f2_P2_Y29_UO257,R2_F2_m2f2_P2_Y30_UO19,FXX,0,31.0,0,0,0.0,0,0,0,0.0,0.48184967041015625,1,P3_CV0,1,0,2,1,1,1,1,0,2,1,1,1,1,1,1,1,1,2,0,2,0,1,1,0,2,1,1,1,1,1,1,2,0
2,12100.0,8100.0,Age0_F2_m2f2_P2_Y32_UO251,R2_F2_m2f2_P2_Y29_UO257,R2_F2_m2f2_P2_Y30_UO19,MXY,0,31.0,0,0,0.0,0,0,0,0.0,0.48184967041015625,1,P3_CV0,1,0,2,0,2,0,2,1,1,1,1,0,2,1,1,1,1,1,1,2,0,1,1,2,0,1,1,2,0,0,2,2,0
2,12100.0,8100.0,Age0_F2_m2f2_P2_Y32_UO282,R2_F2_m2f2_P2_Y29_UO205,R2_F2_m2f2_P2_Y28_UO144,MXY,0,31.0,0,0,0.0,0,0,0,0.0,0.45697021484375,1,P3_CV0,1,0,2,1,1,2,0,2,0,0,2,2,0,2,0,0,2,0,2,1,1,2,0,1,1,1,1,1,1,0,2,2,0
2,12100.0,8100.0,Age0_F2_m2f2_P2_Y32_UO284,R2_F2_m2f2_P2_Y29_UO205,R2_F2_m2f2_P2_Y28_UO144,FXX,0,31.0,0,0,0.0,0,0,0,0.0,0.45697021484375,1,P3_CV0,1,0,2,2,0,2,0,1,1,0,2,1,1,1,1,0,2,0,2,1,1,1,1,2,0,2,0,1,1,0,2,2,0
2,12100.0,8100.0,Age0_F2_m2f2_P2_Y32_UO285,R2_F2_m2f2_P2_Y29_UO205,R2_F2_m2f2_P2_Y28_UO144,MXY,0,31.0,0,0,0.0,0,0,0,0.0,0.45697021484375,1,P3_CV0,1,0,2,1,1,2,0,0,2,0,2,1,1,1,1,1,1,0,2,1,1,2,0,2,0,1,1,1,1,0,2,2,0
2,12100.0,8100.0,Age0_F2_m2f2_P2_Y32_UO288,R2_F2_m1f1_P1_Y30_UO180,R2_F2_m2f2_P2_Y29_UO2,MXY,0,31.0,0,0,0.0,0,0,0,0.0,0.494598388671875,1,P3_CV0,1,1,1,1,1,1,1,0,2,2,0,1,1,1,1,1,1,0,2,0,2,2,0,1,1,1,1,0,2,1,1,0,2
2,12100.0,8100.0,R2_F2_m2f2_P2_Y31_UO102,R2_F2_m2f2_P2_Y26_UO89,R2_F2_m2f2_P2_Y29_UO2,MXY,1,31.0,1,1,0.0,0,0,0,-9999.0,0.475067138671875,1,P3_CV0,1,1,1,1,1,2,0,0,2,1,1,1,1,2,0,0,2,0,2,0,2,1,1,1,1,1,1,0,2,0,2,0,2
2,12100.0,8100.0,R2_F2_m2f2_P2_Y31_UO276,R2_F2_m2f2_P2_Y26_UO89,R2_F2_m2f2_P2_Y28_UO206,MXY,1,31.0,1,1,0.0,0,0,0,-9999.0,0.4599761962890625,1,P3_CV0,1,0,2,1,1,1,1,1,1,1,1,1,1,2,0,1,1,0,2,1,1,1,1,0,2,0,2,1,1,1,1,0,2
2,12100.0,8100.0,R2_F2_m2f2_P2_Y31_UO88,R2_F2_m5f5_P5_Y29_UO15,R2_F2_m2f2_P2_Y29_UO2,MXY,1,31.0,1,1,0.0,0,0,0,-9999.0,0.48677825927734375,1,P3_CV0,1,2,0,0,2,2,0,1,1,1,1,1,1,1,1,1,1,1,1,0,2,1,1,1,1,2,0,1,1,0,2,0,2
2,12100.0,8100.0,R2_F2_m2f2_P2_Y31_UO159,R2_F2_m2f2_P2_Y29_UO257,R2_F2_m2f2_P2_Y27_UO239,MXY,1,31.0,1,1,0.0,0,0,0,-9999.0,0.484344482421875,1,P3_CV0,1,0,2,0,2,1,1,2,0,2,0,1,1,1,1,2,0,1,1,1,1,1,1,1,1,2,0,1,1,1,1,2,0
2,12100.0,8100.0,R2_F2_m2f2_P2_Y31_UO149,R2_F2_m2f2_P2_Y29_UO200,R2_F2_m2f2_P2_Y29_UO3,MXY,1,31.0,1,1,0.0,0,0,0,-9999.0,0.4915313720703125,1,P3_CV0,1,0,2,1,1,0,2,0,2,1,1,1,1,1,1,0,2,1,1,0,2,2,0,1,1,2,0,0,2,0,2,2,0
2,12100.0,8100.0,R2_F2_m2f2_P2_Y31_UO76,R2_F2_m2f2_P2_Y29_UO77,R2_F2_m2f2_P2_Y29_UO3,MXY,1,31.0,1,1,0.0,0,0,0,-9999.0,0.4888458251953125,1,P3_CV0,1,0,2,1,1,1,1,0,2,1,1,1,1,2,0,0,2,1,1,0,2,0,2,2,0,0,2,0,2,0,2,2,0
2,12100.0,8100.0,R2_F2_m2f2_P2_Y31_UO246,R2_F2_m2f2_P2_Y29_UO29,R2_F2_m2f2_P2_Y28_UO207,FXX,1,31.0,1,1,0.0,0,0,0,-9999.0,0.4660491943359375,1,P3_CV0,1,1,1,0,2,0,2,1,1,2,0,1,1,1,1,2,0,2,0,2,0,2,0,0,2,1,1,2,0,2,0,1,1
2,12100.0,8100.0,R2_F2_m2f2_P2_Y31_UO100,R2_F2_m2f2_P2_Y26_UO89,R2_F2_m2f2_P2_Y29_UO2,FXX,1,31.0,1,1,1.974,0,0,0,-9999.0,0.475067138671875,1,P3_CV0,1,1,1,1,1,1,1,0,2,1,1,0,2,2,0,0,2,0,2,0,2,1,1,1,1,1,1,0,2,0,2,0,2
2,12100.0,8100.0,R2_F2_m2f2_P2_Y31_UO274,R2_F2_m2f2_P2_Y26_UO89,R2_F2_m2f2_P2_Y28_UO206,MXY,1,31.0,1,1,0.0,0,0,0,-9999.0,0.4599761962890625,1,P3_CV0,1,0,2,1,1,1,1,1,1,0,2,0,2,1,1,1,1,0,2,1,1,1,1,1,1,1,1,2,0,1,1,0,2
2,12100.0,8100.0,R2_F2_m2f2_P2_Y31_UO87,R2_F2_m5f5_P5_Y29_UO15,R2_F2_m2f2_P2_Y29_UO2,FXX,1,31.0,1,1,1.895,0,0,0,-9999.0,0.48677825927734375,1,P3_CV0,1,2,0,1,1,2,0,1,1,1,1,0,2,1,1,1,1,1,1,0,2,1,1,1,1,2,0,1,1,0,2,0,2
2,12100.0,8100.0,R2_F2_m2f2_P2_Y30_UO214,R2_F2_m2f2_P2_Y28_UO299,R2_F2_m2f2_P2_Y27_UO199,MXY,2,31.0,1,0,0.0,0,0,0,-9999.0,0.4636383056640625,1,P3_CV0,1,0,2,2,0,2,0,1,1,1,1,1,1,1,1,0,2,0,2,0,2,1,1,0,2,0,2,1,1,1,1,0,2
2,12100.0,8100.0,R2_F2_m2f2_P2_Y30_UO92,R2_F2_m2f2_P2_Y28_UO299,R2_F2_m2f2_P2_Y27_UO143,MXY,2,31.0,1,0,0.0,0,0,0,-9999.0,0.45367431640625,1,P3_CV0,1,1,1,1,1,2,0,1,1,1,1,1,1,2,0,1,1,1,1,0,2,2,0,2,0,1,1,1,1,1,1,1,1
2,12100.0,8100.0,R2_F2_m2f2_P2_Y30_UO19,R2_F2_m2f2_P2_Y28_UO299,R2_F2_m2f2_P2_Y27_UO204,MXY,2,31.0,1,0,0.0,0,0,0,-9999.0,0.4533233642578125,1,P3_CV0,1,0,2,1,1,1,1,0,2,0,2,0,2,2,0,0,2,2,0,1,1,1,1,1,1,1,1,2,0,1,1,1,1
2,12100.0,8100.0,R2_F2_m2f2_P2_Y30_UO21,R2_F2_m2f2_P2_Y28_UO299,R2_F2_m2f2_P2_Y27_UO204,FXX,2,31.0,1,0,1.129,0,0,0,-9999.0,0.4533233642578125,1,P3_CV0,1,0,2,1,1,2,0,1,1,0,2,0,2,2,0,0,2,2,0,0,2,1,1,1,1,1,1,2,0,1,1,1,1
2,12100.0,8100.0,R2_F2_m2f2_P2_Y30_UO147,R2_F2_m2f2_P2_Y27_UO238,R2_F2_m2f2_P2_Y27_UO143,FXX,2,31.0,1,0,0.0,0,0,0,-9999.0,0.454681396484375,1,P3_CV0,1,1,1,0,2,2,0,0,2,2,0,2,0,2,0,0,2,0,2,0,2,2,0,1,1,2,0,1,1,0,2,2,0
2,12100.0,8100.0,R2_F2_m2f2_P2_Y29_UO3,R2_F2_m2f2_P2_Y26_UO47,RD2_F4_m4f4_P4_Y24_UO184,MXY,3,31.0,1,0,0.0,0,0,0,-9999.0,0.49542236328125,1,P3_CV0,1,1,1,2,0,1,1,0,2,2,0,0,2,1,1,0,2,0,2,0,2,1,1,2,0,1,1,0,2,0,2,1,1
2,12100.0,8100.0,R2_F2_m2f2_P2_Y31_UO174,R2_F2_m5f5_P5_Y29_UO93,R2_F2_m1f1_P1_Y28_UO173,FXX,1,31.0,1,1,1.0,0,0,0,-9999.0,0.4789886474609375,1,P4_CV0,1,0,2,0,2,2,0,0,2,2,0,1,1,1,1,2,0,0,2,1,1,1,1,1,1,2,0,1,1,0,2,0,2
2,12100.0,8100.0,R2_F2_m2f2_P2_Y31_UO222,R2_F2_m2f2_P2_Y29_UO280,R2_F2_m2f2_P2_Y28_UO50,MXY,1,31.0,1,1,0.0,0,0,0,-9999.0,0.50115966796875,1,P4_CV0,1,1,1,0,2,1,1,0,2,2,0,1,1,0,2,0,2,1,1,0,2,0,2,2,0,0,2,1,1,2,0,0,2
2,12100.0,8100.0,R2_F2_m2f2_P2_Y31_UO258,R2_F2_m5f5_P5_Y29_UO15,R2_F2_m2f2_P2_Y29_UO243,MXY,1,31.0,1,1,0.0,0,0,0,-9999.0,0.47858428955078125,1,P4_CV0,1,1,1,0,2,1,1,0,2,2,0,0,2,0,2,2,0,1,1,0,2,2,0,1,1,1,1,2,0,1,1,1,1
2,12100.0,8100.0,R2_F2_m2f2_P2_Y31_UO175,R2_F2_m5f5_P5_Y29_UO93,R2_F2_m1f1_P1_Y28_UO173,FXX,1,31.0,1,1,1.576,0,0,0,-9999.0,0.4789886474609375,1,P4_CV0,1,1,1,0,2,1,1,1,1,1,1,2,0,1,1,2,0,0,2,1,1,1,1,1,1,1,1,1,1,1,1,1,1
2,12100.0,8100.0,R2_F2_m2f2_P2_Y31_UO69,R2_F2_m2f2_P2_Y29_UO77,R2_F2_m2f2_P2_Y27_UO239,FXX,1,31.0,1,1,1.332,0,0,0,-9999.0,0.4702911376953125,1,P4_CV0,1,0,2,1,1,2,0,1,1,1,1,1,1,1,1,0,2,1,1,0,2,2,0,1,1,1,1,1,1,0,2,2,0
2,12100.0,8100.0,R2_F2_m2f2_P2_Y31_UO20,R2_F2_m5f5_P5_Y29_UO15,R2_F2_m2f2_P2_Y28_UO143,MXY,1,31.0,1,1,0.0,0,0,0,-9999.0,0.46616363525390625,1,P4_CV0,1,1,1,1,1,2,0,1,1,2,0,1,1,1,1,2,0,1,1,0,2,1,1,1,1,2,0,1,1,0,2,1,1
2,12100.0,8100.0,R2_F2_m2f2_P2_Y31_UO251,R2_F2_m2f2_P2_Y29_UO77,R2_F2_m2f2_P2_Y29_UO80,FXX,1,31.0,1,1,1.0,0,0,0,-9999.0,0.4681396484375,1,P4_CV0,1,1,1,0,2,1,1,0,2,0,2,1,1,1,1,1,1,1,1,0,2,1,1,1,1,0,2,0,2,0,2,1,1
2,12100.0,8100.0,R2_F2_m2f2_P2_Y31_UO223,R2_F2_m2f2_P2_Y29_UO280,R2_F2_m2f2_P2_Y28_UO50,FXX,1,31.0,1,1,0.0,0,0,0,-9999.0,0.50115966796875,1,P4_CV0,1,1,1,0,2,2,0,1,1,0,2,1,1,1,1,1,1,0,2,0,2,1,1,2,0,0,2,1,1,1,1,0,2
2,12100.0,8100.0,R2_F2_m2f2_P2_Y27_UO184,R2_F2_m2f2_P2_Y25_UO170,RD2_F5_m5f5_P5_Y22_UO209,FXX,5,31.0,1,0,1.01,0,0,0,-9999.0,0.46478271484375,1,P4_CV0,1,2,0,0,2,2,0,1,1,2,0,1,1,0,2,2,0,0,2,0,2,1,1,1,1,2,0,1,1,1,1,2,0
2,12100.0,8100.0,R2_F2_m1f1_P1_Y30_UO245,R1_F1_m1f1_P1_Y27_UO215,R1_F1_m1f1_P1_Y27_UO210,FXX,2,31.0,1,0,1.395,0,0,0,-9999.0,0.526641845703125,1,P5_CV0,1,1,1,0,2,1,1,0,2,0,2,1,1,1,1,2,0,0,2,0,2,1,1,0,2,0,2,0,2,1,1,0,2
3,12200.0,8100.0,R3_F3_m3f3_P3_Y31_UO103,R3_F3_m1f1_P1_Y27_UO219,R3_F3_m3f3_P3_Y28_UO77,FXX,1,31.0,1,1,1.515,0,0,0,-9999.0,0.47747802734375,1,P0_CV0,1,2,0,1,1,1,1,1,1,1,1,2,0,0,2,1,1,0,2,1,1,1,1,1,1,2,0,1,1,1,1,1,1
3,12200.0,8100.0,Age0_F3_m3f3_P3_Y32_UO98,R3_F3_m4f4_P4_Y27_UO254,R3_F3_m3f3_P3_Y29_UO99,FXX,0,31.0,0,0,0.0,0,0,0,0.0,0.4885711669921875,1,P1_CV0,1,1,1,0,2,1,1,1,1,1,1,2,0,1,1,0,2,1,1,2,0,2,0,1,1,1,1,1,1,2,0,1,1
3,12200.0,8100.0,Age0_F3_m3f3_P3_Y32_UO100,R3_F3_m4f4_P4_Y27_UO254,R3_F3_m3f3_P3_Y29_UO99,FXX,0,31.0,0,0,0.0,0,0,0,0.0,0.4885711669921875,1,P1_CV0,1,1,1,0,2,1,1,0,2,1,1,1,1,1,1,0,2,1,1,1,1,1,1,0,2,0,2,2,0,2,0,1,1
3,12200.0,8100.0,R3_F3_m3f3_P3_Y31_UO37,R3_F3_m3f3_P3_Y27_UO31,R3_F3_m3f3_P3_Y29_UO194,MXY,1,31.0,1,1,0.0,0,0,0,-9999.0,0.5038909912109375,1,P1_CV0,1,1,1,1,1,2,0,1,1,1,1,2,0,2,0,2,0,1,1,2,0,1,1,2,0,0,2,1,1,0,2,0,2
3,12200.0,8100.0,R3_F3_m3f3_P3_Y31_UO41,R3_F3_m3f3_P3_Y27_UO31,R3_F3_m3f3_P3_Y29_UO194,MXY,1,31.0,1,1,0.0,0,0,0,-9999.0,0.5038909912109375,1,P1_CV0,1,1,1,1,1,1,1,2,0,1,1,1,1,2,0,2,0,0,2,2,0,0,2,2,0,1,1,2,0,1,1,0,2
3,12200.0,8100.0,R3_F3_m3f3_P3_Y31_UO40,R3_F3_m3f3_P3_Y27_UO31,R3_F3_m3f3_P3_Y29_UO194,FXX,1,31.0,1,1,1.0,0,0,0,-9999.0,0.5038909912109375,1,P1_CV0,1,2,0,0,2,2,0,2,0,1,1,1,1,2,0,2,0,1,1,2,0,2,0,2,0,0,2,2,0,0,2,0,2
3,12200.0,8100.0,R3_F3_m3f3_P3_Y31_UO42,R3_F3_m3f3_P3_Y27_UO31,R3_F3_m3f3_P3_Y29_UO194,MXY,1,31.0,1,1,0.0,0,0,0,-9999.0,0.5038909912109375,1,P1_CV0,1,2,0,1,1,1,1,2,0,1,1,2,0,2,0,2,0,0,2,2,0,1,1,2,0,1,1,1,1,0,2,0,2
3,12200.0,8100.0,R3_F3_m3f3_P3_Y30_UO177,R3_F3_m3f3_P3_Y27_UO150,R3_F3_m3f3_P3_Y27_UO25,FXX,2,31.0,1,0,0.0,0,0,0,-9999.0,0.497314453125,1,P1_CV0,1,2,0,1,1,0,2,2,0,0,2,2,0,1,1,1,1,1,1,1,1,2,0,2,0,0,2,2,0,1,1,0,2
3,12200.0,8100.0,Age0_F3_m3f3_P3_Y32_UO0,R3_F3_m3f3_P3_Y29_UO191,R3_F3_m3f3_P3_Y29_UO8,MXY,0,31.0,0,0,0.0,0,0,0,0.0,0.5119400024414062,1,P2_CV0,1,0,2,0,2,0,2,1,1,1,1,0,2,1,1,1,1,1,1,1,1,0,2,1,1,1,1,1,1,2,0,0,2
3,12200.0,8100.0,Age0_F3_m3f3_P3_Y32_UO14,R3_F3_m3f3_P3_Y30_UO2,R3_F3_m3f3_P3_Y29_UO8,MXY,0,31.0,0,0,0.0,0,0,0,0.0,0.5208282470703125,1,P2_CV0,1,0,2,0,2,0,2,2,0,2,0,1,1,2,0,2,0,1,1,0,2,0,2,2,0,0,2,0,2,1,1,1,1
3,12200.0,8100.0,Age0_F3_m3f3_P3_Y32_UO22,R3_F3_m3f3_P3_Y30_UO150,R3_F3_m3f3_P3_Y28_UO226,MXY,0,31.0,0,0,0.0,0,0,0,0.0,0.5224380493164062,1,P2_CV0,1,1,1,2,0,1,1,0,2,0,2,1,1,2,0,1,1,0,2,0,2,1,1,2,0,0,2,2,0,0,2,0,2
3,12200.0,8100.0,Age0_F3_m3f3_P3_Y32_UO23,R3_F3_m3f3_P3_Y30_UO150,R3_F3_m3f3_P3_Y28_UO226,FXX,0,31.0,0,0,0.0,0,0,0,0.0,0.5224380493164062,1,P2_CV0,1,2,0,2,0,0,2,1,1,1,1,0,2,0,2,1,1,0,2,0,2,1,1,2,0,0,2,1,1,0,2,0,2
3,12200.0,8100.0,Age0_F3_m3f3_P3_Y32_UO24,R3_F3_m3f3_P3_Y30_UO150,R3_F3_m3f3_P3_Y28_UO226,FXX,0,31.0,0,0,0.0,0,0,0,0.0,0.5224380493164062,1,P2_CV0,1,1,1,1,1,1,1,0,2,0,2,1,1,1,1,1,1,0,2,0,2,1,1,2,0,0,2,2,0,0,2,0,2
3,12200.0,8100.0,Age0_F3_m3f3_P3_Y32_UO41,R3_F3_m3f3_P3_Y30_UO178,R3_F3_m3f3_P3_Y30_UO12,MXY,0,31.0,0,0,0.0,0,0,0,0.0,0.501190185546875,1,P2_CV0,1,1,1,1,1,0,2,2,0,1,1,1,1,1,1,1,1,0,2,1,1,0,2,2,0,1,1,2,0,2,0,0,2
3,12200.0,8100.0,Age0_F3_m3f3_P3_Y32_UO53,R3_F3_m3f3_P3_Y30_UO1,R3_F3_m3f3_P3_Y27_UO25,MXY,0,31.0,0,0,0.0,0,0,0,0.0,0.5199508666992188,1,P2_CV0,1,1,1,1,1,0,2,2,0,2,0,2,0,1,1,0,2,0,2,0,2,1,1,2,0,1,1,1,1,1,1,0,2
3,12200.0,8100.0,Age0_F3_m3f3_P3_Y32_UO54,RD3_F4_m4f4_P4_Y29_UO173,R3_F3_m3f3_P3_Y27_UO24,MXY,0,31.0,0,0,0.0,0,0,0,0.0,0.5109176635742188,1,P2_CV0,1,0,2,1,1,1,1,1,1,1,1,1,1,0,2,1,1,1,1,0,2,1,1,1,1,1,1,1,1,1,1,1,1
3,12200.0,8100.0,Age0_F3_m3f3_P3_Y32_UO55,RD3_F4_m4f4_P4_Y29_UO173,R3_F3_m3f3_P3_Y27_UO24,MXY,0,31.0,0,0,0.0,0,0,0,0.0,0.5109176635742188,1,P2_CV0,1,1,1,1,1,2,0,1,1,1,1,2,0,1,1,1,1,1,1,0,2,2,0,2,0,2,0,1,1,2,0,1,1
3,12200.0,8100.0,Age0_F3_m3f3_P3_Y32_UO68,R3_F3_m3f3_P3_Y28_UO191,R3_F3_m3f3_P3_Y30_UO123,FXX,0,31.0,0,0,0.0,0,0,0,0.0,0.5018997192382812,1,P2_CV0,1,0,2,2,0,0,2,2,0,1,1,1,1,1,1,0,2,1,1,0,2,2,0,1,1,0,2,1,1,2,0,0,2
3,12200.0,8100.0,Age0_F3_m3f3_P3_Y32_UO69,R3_F3_m3f3_P3_Y28_UO191,R3_F3_m3f3_P3_Y30_UO123,MXY,0,31.0,0,0,0.0,0,0,0,0.0,0.5018997192382812,1,P2_CV0,1,0,2,2,0,0,2,2,0,1,1,1,1,0,2,0,2,0,2,0,2,1,1,1,1,1,1,2,0,2,0,0,2
3,12200.0,8100.0,Age0_F3_m3f3_P3_Y32_UO80,RD3_F2_m2f2_P2_Y30_UO148,R3_F3_m3f3_P3_Y28_UO259,FXX,0,31.0,0,0,0.0,0,0,0,0.0,0.488311767578125,1,P2_CV0,1,0,2,1,1,2,0,1,1,2,0,1,1,1,1,0,2,1,1,0,2,1,1,1,1,1,1,0,2,1,1,1,1
3,12200.0,8100.0,Age0_F3_m3f3_P3_Y32_UO85,R3_F3_m3f3_P3_Y29_UO196,R3_F3_m3f3_P3_Y27_UO25,FXX,0,31.0,0,0,0.0,0,0,0,0.0,0.5199966430664062,1,P2_CV0,1,2,0,0,2,0,2,1,1,2,0,2,0,0,2,2,0,0,2,0,2,2,0,2,0,1,1,2,0,2,0,0,2
3,12200.0,8100.0,Age0_F3_m3f3_P3_Y32_UO106,R3_F3_m3f3_P3_Y30_UO82,R3_F3_m3f3_P3_Y29_UO155,MXY,0,31.0,0,0,0.0,0,0,0,0.0,0.5096282958984375,1,P2_CV0,1,1,1,2,0,0,2,1,1,1,1,1,1,0,2,1,1,1,1,2,0,1,1,1,1,1,1,0,2,1,1,0,2
3,12200.0,8100.0,Age0_F3_m3f3_P3_Y32_UO107,R3_F3_m3f3_P3_Y30_UO82,R3_F3_m3f3_P3_Y29_UO155,MXY,0,31.0,0,0,0.0,0,0,0,0.0,0.5096282958984375,1,P2_CV0,1,2,0,2,0,0,2,2,0,2,0,2,0,1,1,1,1,1,1,2,0,1,1,2,0,2,0,0,2,2,0,0,2
3,12200.0,8100.0,Age0_F3_m3f3_P3_Y32_UO115,R3_F3_m3f3_P3_Y29_UO198,R3_F3_m3f3_P3_Y29_UO155,MXY,0,31.0,0,0,0.0,0,0,0,0.0,0.5066452026367188,1,P2_CV0,1,1,1,1,1,1,1,1,1,0,2,1,1,2,0,0,2,1,1,2,0,2,0,1,1,0,2,1,1,1,1,0,2
3,12200.0,8100.0,Age0_F3_m3f3_P3_Y32_UO116,R3_F3_m3f3_P3_Y29_UO198,R3_F3_m3f3_P3_Y29_UO155,MXY,0,31.0,0,0,0.0,0,0,0,0.0,0.5066452026367188,1,P2_CV0,1,1,1,1,1,0,2,1,1,1,1,0,2,0,2,0,2,1,1,2,0,1,1,1,1,0,2,1,1,0,2,0,2
3,12200.0,8100.0,Age0_F3_m3f3_P3_Y32_UO185,R3_F3_m3f3_P3_Y29_UO196,R3_F3_m3f3_P3_Y28_UO226,MXY,0,31.0,0,0,0.0,0,0,0,0.0,0.5211410522460938,1,P2_CV0,1,2,0,0,2,0,2,1,1,1,1,0,2,0,2,1,1,0,2,0,2,0,2,2,0,0,2,2,0,1,1,0,2
3,12200.0,8100.0,Age0_F3_m3f3_P3_Y32_UO193,R3_F3_m3f3_P3_Y29_UO188,R3_F3_m3f3_P3_Y28_UO259,MXY,0,31.0,0,0,0.0,0,0,0,0.0,0.5210418701171875,1,P2_CV0,1,1,1,1,1,2,0,1,1,1,1,2,0,0,2,1,1,0,2,1,1,0,2,2,0,0,2,1,1,2,0,0,2
3,12200.0,8100.0,Age0_F3_m3f3_P3_Y32_UO195,R3_F3_m4f4_P4_Y27_UO254,R3_F3_m3f3_P3_Y30_UO131,FXX,0,31.0,0,0,0.0,0,0,0,0.0,0.47960662841796875,1,P2_CV0,1,0,2,0,2,0,2,1,1,0,2,1,1,1,1,0,2,1,1,2,0,2,0,1,1,1,1,1,1,2,0,1,1
3,12200.0,8100.0,Age0_F3_m3f3_P3_Y32_UO200,R3_F3_m3f3_P3_Y30_UO1,R3_F3_m3f3_P3_Y29_UO8,FXX,0,31.0,0,0,0.0,0,0,0,0.0,0.5208282470703125,1,P2_CV0,1,2,0,1,1,0,2,1,1,2,0,1,1,0,2,1,1,1,1,1,1,0,2,2,0,0,2,2,0,1,1,1,1
3,12200.0,8100.0,Age0_F3_m3f3_P3_Y32_UO215,RD3_F2_m2f2_P2_Y30_UO148,R3_F3_m3f3_P3_Y29_UO130,MXY,0,31.0,0,0,0.0,0,0,0,0.0,0.4874114990234375,1,P2_CV0,1,0,2,0,2,2,0,0,2,1,1,1,1,1,1,1,1,1,1,1,1,1,1,1,1,2,0,1,1,1,1,1,1
3,12200.0,8100.0,Age0_F3_m3f3_P3_Y32_UO216,RD3_F2_m2f2_P2_Y30_UO148,R3_F3_m3f3_P3_Y29_UO130,FXX,0,31.0,0,0,0.0,0,0,0,0.0,0.4874114990234375,1,P2_CV0,1,0,2,0,2,2,0,1,1,1,1,1,1,1,1,1,1,1,1,1,1,1,1,1,1,2,0,1,1,1,1,1,1
3,12200.0,8100.0,R3_F3_m3f3_P3_Y31_UO267,R3_F3_m3f3_P3_Y29_UO20,R3_F3_m3f3_P3_Y27_UO25,MXY,1,31.0,1,1,0.0,0,0,0,-9999.0,0.5038986206054688,1,P2_CV0,1,2,0,1,1,0,2,2,0,1,1,1,1,1,1,1,1,1,1,1,1,1,1,1,1,1,1,2,0,1,1,0,2
3,12200.0,8100.0,R3_F3_m3f3_P3_Y31_UO117,R3_F3_m3f3_P3_Y29_UO196,R3_F3_m6f6_P6_Y26_UO166,MXY,1,31.0,1,1,0.0,0,0,0,-9999.0,0.5049667358398438,1,P2_CV0,1,2,0,0,2,0,2,1,1,2,0,1,1,1,1,1,1,0,2,0,2,2,0,1,1,2,0,1,1,2,0,0,2
3,12200.0,8100.0,R3_F3_m3f3_P3_Y31_UO35,R3_F3_m3f3_P3_Y27_UO31,R3_F3_m3f3_P3_Y29_UO194,MXY,1,31.0,1,1,0.0,0,0,0,-9999.0,0.5038909912109375,1,P2_CV0,1,1,1,0,2,1,1,2,0,1,1,2,0,2,0,2,0,0,2,2,0,1,1,2,0,1,1,2,0,1,1,0,2
3,12200.0,8100.0,R3_F3_m3f3_P3_Y31_UO279,R3_F3_m3f3_P3_Y29_UO188,R3_F3_m3f3_P3_Y28_UO77,MXY,1,31.0,1,1,0.0,0,0,0,-9999.0,0.49700927734375,1,P2_CV0,1,1,1,1,1,1,1,2,0,1,1,1,1,1,1,1,1,0,2,1,1,1,1,1,1,1,1,2,0,1,1,1,1
3,12200.0,8100.0,R3_F3_m3f3_P3_Y31_UO98,R3_F3_m3f3_P3_Y28_UO79,R3_F3_m3f3_P3_Y29_UO31,FXX,1,31.0,1,1,0.0,0,0,0,-9999.0,0.4771270751953125,1,P2_CV0,1,1,1,0,2,1,1,2,0,1,1,2,0,1,1,1,1,0,2,2,0,1,1,2,0,0,2,2,0,0,2,0,2
3,12200.0,8100.0,R3_F3_m3f3_P3_Y31_UO278,R3_F3_m3f3_P3_Y29_UO188,R3_F3_m3f3_P3_Y28_UO77,MXY,1,31.0,1,1,0.0,0,0,0,-9999.0,0.49700927734375,1,P2_CV0,1,1,1,1,1,2,0,1,1,1,1,0,2,1,1,1,1,0,2,1,1,2,0,1,1,1,1,2,0,1,1,1,1
3,12200.0,8100.0,R3_F3_m3f3_P3_Y31_UO118,R3_F3_m3f3_P3_Y29_UO196,R3_F3_m6f6_P6_Y26_UO166,FXX,1,31.0,1,1,1.564,0,0,0,-9999.0,0.5049667358398438,1,P2_CV0,1,2,0,0,2,0,2,1,1,2,0,1,1,1,1,1,1,0,2,0,2,2,0,1,1,1,1,1,1,1,1,0,2
3,12200.0,8100.0,R3_F3_m3f3_P3_Y31_UO116,R3_F3_m3f3_P3_Y29_UO196,R3_F3_m6f6_P6_Y26_UO166,FXX,1,31.0,1,1,0.0,0,0,0,-9999.0,0.5049667358398438,1,P2_CV0,1,2,0,0,2,0,2,1,1,2,0,1,1,1,1,0,2,0,2,0,2,1,1,1,1,1,1,0,2,1,1,0,2
3,12200.0,8100.0,R3_F3_m3f3_P3_Y31_UO203,R3_F3_m3f3_P3_Y28_UO79,R3_F3_m3f3_P3_Y29_UO130,MXY,1,31.0,1,1,0.0,0,0,0,-9999.0,0.49700927734375,1,P2_CV0,1,0,2,0,2,2,0,2,0,1,1,2,0,0,2,2,0,0,2,1,1,0,2,2,0,2,0,2,0,1,1,0,2
3,12200.0,8100.0,R3_F3_m3f3_P3_Y31_UO204,R3_F3_m3f3_P3_Y28_UO79,R3_F3_m3f3_P3_Y29_UO130,FXX,1,31.0,1,1,2.347,0,0,0,-9999.0,0.49700927734375,1,P2_CV0,1,0,2,0,2,1,1,1,1,0,2,1,1,0,2,2,0,0,2,2,0,0,2,1,1,2,0,2,0,0,2,1,1
3,12200.0,8100.0,R3_F3_m3f3_P3_Y30_UO150,R3_F3_m3f3_P3_Y28_UO202,R3_F3_m3f3_P3_Y28_UO226,FXX,2,31.0,1,0,1.395,0,0,0,-9999.0,0.5225982666015625,1,P2_CV0,1,1,1,2,0,1,1,1,1,1,1,1,1,1,1,1,1,0,2,0,2,0,2,2,0,0,2,2,0,0,2,0,2
3,12200.0,8100.0,R3_F3_m3f3_P3_Y30_UO131,R3_F3_m3f3_P3_Y28_UO79,R3_F3_m3f3_P3_Y27_UO24,MXY,2,31.0,1,0,0.0,0,0,0,-9999.0,0.4969329833984375,1,P2_CV0,1,0,2,0,2,1,1,2,0,1,1,2,0,0,2,1,1,0,2,1,1,2,0,2,0,1,1,1,1,1,1,1,1
3,12200.0,8100.0,R3_F3_m3f3_P3_Y30_UO2,R3_F3_m3f3_P3_Y27_UO222,R3_F3_m3f3_P3_Y27_UO29,FXX,2,31.0,1,0,1.965,0,0,0,-9999.0,0.5199127197265625,1,P2_CV0,1,0,2,1,1,0,2,2,0,1,1,2,0,1,1,2,0,2,0,1,1,0,2,2,0,1,1,1,1,0,2,1,1
3,12200.0,8100.0,R3_F3_m3f3_P3_Y30_UO105,R3_F3_m3f3_P3_Y26_UO251,R3_F3_m3f3_P3_Y28_UO197,MXY,2,31.0,1,0,0.0,0,0,0,-9999.0,0.5147857666015625,1,P2_CV0,1,1,1,2,0,0,2,1,1,1,1,2,0,0,2,0,2,0,2,0,2,0,2,2,0,2,0,2,0,1,1,1,1
3,12200.0,8100.0,R3_F3_m3f3_P3_Y30_UO83,R3_F3_m3f3_P3_Y28_UO255,R3_F3_m3f3_P3_Y27_UO25,FXX,2,31.0,1,0,0.0,0,0,0,-9999.0,0.520965576171875,1,P2_CV0,1,1,1,2,0,0,2,2,0,0,2,2,0,0,2,1,1,0,2,1,1,0,2,1,1,1,1,0,2,2,0,0,2
3,12200.0,8100.0,R3_F3_m3f3_P3_Y30_UO12,R3_F3_m3f3_P3_Y26_UO251,R3_F3_m3f3_P3_Y26_UO254,MXY,2,31.0,1,0,0.0,0,0,0,-9999.0,0.50506591796875,1,P2_CV0,1,1,1,2,0,0,2,1,1,1,1,1,1,1,1,1,1,1,1,0,2,0,2,2,0,2,0,2,0,2,0,0,2
3,12200.0,8100.0,R3_F3_m3f3_P3_Y29_UO8,R3_F3_m3f3_P3_Y26_UO284,R3_F3_m3f3_P3_Y27_UO42,MXY,3,31.0,1,0,0.0,0,0,0,-9999.0,0.5217437744140625,1,P2_CV0,1,1,1,0,2,0,2,1,1,1,1,0,2,1,1,1,1,1,1,1,1,1,1,1,1,0,2,1,1,2,0,0,2
3,12200.0,8100.0,R3_F3_m3f3_P3_Y29_UO196,R3_F3_m3f3_P3_Y27_UO88,R3_F3_m3f3_P3_Y27_UO42,FXX,3,31.0,1,0,1.302,0,0,0,-9999.0,0.5200042724609375,1,P2_CV0,1,2,0,0,2,0,2,1,1,2,0,1,1,0,2,1,1,0,2,0,2,1,1,2,0,1,1,1,1,2,0,0,2
3,12200.0,8100.0,R3_F3_m3f3_P3_Y29_UO130,R3_F3_m3f3_P3_Y27_UO228,R3_F3_m1f1_P1_Y25_UO99,MXY,3,31.0,1,0,0.0,0,0,0,-9999.0,0.5201416015625,1,P2_CV0,1,0,2,0,2,2,0,1,1,1,1,1,1,0,2,2,0,0,2,1,1,0,2,2,0,2,0,2,0,1,1,0,2
3,12200.0,8100.0,R3_F3_m3f3_P3_Y28_UO191,R3_F3_m3f3_P3_Y26_UO251,R3_F3_m6f6_P6_Y25_UO257,FXX,4,31.0,1,0,1.0,0,0,0,-9999.0,0.511688232421875,1,P2_CV0,1,0,2,1,1,0,2,2,0,2,0,0,2,1,1,0,2,0,2,0,2,1,1,2,0,1,1,2,0,1,1,0,2
3,12200.0,8100.0,R3_F3_m3f3_P3_Y28_UO226,R3_F3_m3f3_P3_Y26_UO252,R3_F3_m3f3_P3_Y26_UO287,MXY,4,31.0,1,0,0.0,0,0,0,-9999.0,0.52227783203125,1,P2_CV0,1,2,0,1,1,0,2,0,2,0,2,0,2,1,1,2,0,0,2,1,1,1,1,2,0,0,2,1,1,0,2,0,2
3,12200.0,8100.0,Age0_F3_m3f3_P3_Y32_UO20,R3_F3_m3f3_P3_Y30_UO1,R3_F3_m3f3_P3_Y29_UO240,MXY,0,31.0,0,0,0.0,0,0,0,0.0,0.51953125,1,P3_CV0,1,1,1,0,2,1,1,2,0,1,1,1,1,0,2,0,2,0,2,1,1,1,1,2,0,2,0,2,0,0,2,1,1
3,12200.0,8100.0,Age0_F3_m3f3_P3_Y32_UO21,R3_F3_m3f3_P3_Y30_UO1,R3_F3_m3f3_P3_Y29_UO240,FXX,0,31.0,0,0,0.0,0,0,0,0.0,0.51953125,1,P3_CV0,1,1,1,1,1,0,2,2,0,2,0,2,0,1,1,0,2,0,2,1,1,0,2,2,0,0,2,1,1,1,1,1,1
3,12200.0,8100.0,Age0_F3_m3f3_P3_Y32_UO66,R3_F3_m3f3_P3_Y28_UO191,R3_F3_m3f3_P3_Y30_UO123,MXY,0,31.0,0,0,0.0,0,0,0,0.0,0.5018997192382812,1,P3_CV0,1,0,2,1,1,0,2,1,1,1,1,1,1,1,1,0,2,0,2,0,2,1,1,1,1,1,1,2,0,2,0,0,2
3,12200.0,8100.0,Age0_F3_m3f3_P3_Y32_UO67,R3_F3_m3f3_P3_Y28_UO191,R3_F3_m3f3_P3_Y30_UO123,FXX,0,31.0,0,0,0.0,0,0,0,0.0,0.5018997192382812,1,P3_CV0,1,0,2,1,1,0,2,1,1,1,1,1,1,1,1,0,2,1,1,0,2,1,1,1,1,1,1,1,1,2,0,0,2
3,12200.0,8100.0,Age0_F3_m3f3_P3_Y32_UO70,R3_F3_m3f3_P3_Y28_UO191,R3_F3_m3f3_P3_Y30_UO123,FXX,0,31.0,0,0,0.0,0,0,0,0.0,0.5018997192382812,1,P3_CV0,1,0,2,0,2,0,2,1,1,1,1,1,1,2,0,0,2,1,1,0,2,2,0,1,1,2,0,1,1,2,0,0,2
3,12200.0,8100.0,Age0_F3_m3f3_P3_Y32_UO81,RD3_F2_m2f2_P2_Y30_UO148,R3_F3_m3f3_P3_Y28_UO259,MXY,0,31.0,0,0,0.0,0,0,0,0.0,0.488311767578125,1,P3_CV0,1,1,1,0,2,1,1,1,1,1,1,2,0,1,1,0,2,0,2,0,2,2,0,0,2,1,1,0,2,1,1,1,1
3,12200.0,8100.0,Age0_F3_m3f3_P3_Y32_UO99,R3_F3_m4f4_P4_Y27_UO254,R3_F3_m3f3_P3_Y29_UO99,MXY,0,31.0,0,0,0.0,0,0,0,0.0,0.4885711669921875,1,P3_CV0,1,1,1,0,2,1,1,0,2,1,1,2,0,2,0,0,2,1,1,1,1,1,1,0,2,1,1,1,1,2,0,0,2
3,12200.0,8100.0,Age0_F3_m3f3_P3_Y32_UO101,R3_F3_m4f4_P4_Y27_UO254,R3_F3_m3f3_P3_Y29_UO99,FXX,0,31.0,0,0,0.0,0,0,0,0.0,0.4885711669921875,1,P3_CV0,1,1,1,0,2,0,2,2,0,1,1,2,0,1,1,0,2,1,1,2,0,1,1,1,1,2,0,2,0,1,1,1,1
3,12200.0,8100.0,Age0_F3_m3f3_P3_Y32_UO162,RD3_F3_m3f3_P3_Y30_UO24,R3_F3_m3f3_P3_Y27_UO24,FXX,0,31.0,0,0,0.0,0,0,0,0.0,0.5060501098632812,1,P3_CV0,1,0,2,0,2,0,2,2,0,1,1,2,0,2,0,1,1,1,1,1,1,2,0,1,1,1,1,0,2,2,0,0,2
3,12200.0,8100.0,Age0_F3_m3f3_P3_Y32_UO163,RD3_F3_m3f3_P3_Y30_UO24,R3_F3_m3f3_P3_Y27_UO24,MXY,0,31.0,0,0,0.0,0,0,0,0.0,0.5060501098632812,1,P3_CV0,1,1,1,0,2,1,1,2,0,1,1,1,1,1,1,0,2,1,1,1,1,1,1,2,0,1,1,1,1,2,0,0,2
3,12200.0,8100.0,Age0_F3_m3f3_P3_Y32_UO201,RD3_F4_m4f4_P4_Y29_UO173,R3_F3_m3f3_P3_Y28_UO259,MXY,0,31.0,0,0,0.0,0,0,0,0.0,0.5118942260742188,1,P3_CV0,1,1,1,1,1,2,0,1,1,1,1,2,0,0,2,1,1,1,1,0,2,2,0,2,0,0,2,0,2,2,0,1,1
3,12200.0,8100.0,Age0_F3_m3f3_P3_Y32_UO202,R3_F3_m3f3_P3_Y29_UO196,R3_F3_m3f3_P3_Y29_UO155,FXX,0,31.0,0,0,0.0,0,0,0,0.0,0.5091476440429688,1,P3_CV0,1,1,1,1,1,0,2,2,0,1,1,1,1,1,1,0,2,1,1,1,1,1,1,2,0,2,0,1,1,2,0,0,2
3,12200.0,8100.0,Age0_F3_m3f3_P3_Y32_UO203,R3_F3_m3f3_P3_Y29_UO196,R3_F3_m3f3_P3_Y29_UO155,FXX,0,31.0,0,0,0.0,0,0,0,0.0,0.5091476440429688,1,P3_CV0,1,2,0,1,1,0,2,1,1,2,0,1,1,0,2,0,2,1,1,1,1,1,1,1,1,0,2,1,1,1,1,0,2
3,12200.0,8100.0,Age0_F3_m3f3_P3_Y32_UO289,R3_F3_m3f3_P3_Y29_UO20,R3_F3_m3f3_P3_Y29_UO155,FXX,0,31.0,0,0,0.0,0,0,0,0.0,0.49304962158203125,1,P3_CV0,1,1,1,2,0,0,2,1,1,0,2,0,2,1,1,1,1,1,1,2,0,0,2,2,0,1,1,1,1,0,2,0,2
3,12200.0,8100.0,Age0_F3_m3f3_P3_Y32_UO298,R3_F3_m3f3_P3_Y29_UO189,R3_F3_m3f3_P3_Y29_UO155,MXY,0,31.0,0,0,0.0,0,0,0,0.0,0.500213623046875,1,P3_CV0,1,2,0,1,1,1,1,2,0,0,2,1,1,1,1,0,2,2,0,2,0,0,2,1,1,1,1,1,1,0,2,0,2
3,12200.0,8100.0,R3_F3_m3f3_P3_Y31_UO96,R3_F3_m3f3_P3_Y28_UO79,R3_F3_m3f3_P3_Y29_UO31,FXX,1,31.0,1,1,2.273,0,0,0,-9999.0,0.4771270751953125,1,P3_CV0,1,1,1,0,2,1,1,2,0,1,1,2,0,1,1,1,1,1,1,1,1,2,0,1,1,0,2,2,0,1,1,1,1
3,12200.0,8100.0,R3_F3_m3f3_P3_Y31_UO99,R3_F3_m3f3_P3_Y28_UO79,R3_F3_m3f3_P3_Y29_UO31,MXY,1,31.0,1,1,0.0,0,0,0,-9999.0,0.4771270751953125,1,P3_CV0,1,1,1,0,2,1,1,2,0,1,1,2,0,1,1,2,0,1,1,2,0,1,1,2,0,0,2,1,1,0,2,1,1
3,12200.0,8100.0,R3_F3_m3f3_P3_Y31_UO52,R3_F3_m3f3_P3_Y28_UO261,R3_F3_m3f3_P3_Y29_UO130,MXY,1,31.0,1,1,0.0,0,0,0,-9999.0,0.5210418701171875,1,P3_CV0,1,1,1,1,1,1,1,0,2,1,1,2,0,0,2,2,0,1,1,2,0,0,2,2,0,2,0,1,1,0,2,0,2
3,12200.0,8100.0,R3_F3_m3f3_P3_Y30_UO1,R3_F3_m3f3_P3_Y27_UO222,R3_F3_m3f3_P3_Y27_UO29,FXX,2,31.0,1,0,1.0,0,0,0,-9999.0,0.5199127197265625,1,P3_CV0,1,1,1,1,1,0,2,2,0,2,0,2,0,1,1,1,1,0,2,0,2,0,2,2,0,1,1,1,1,0,2,1,1
3,12200.0,8100.0,R3_F3_m3f3_P3_Y30_UO271,R3_F3_m4f4_P4_Y27_UO254,R3_F3_m3f3_P3_Y28_UO256,MXY,2,31.0,1,0,0.0,0,0,0,-9999.0,0.4921112060546875,1,P3_CV0,1,1,1,1,1,1,1,1,1,1,1,1,1,1,1,1,1,2,0,0,2,1,1,1,1,1,1,0,2,1,1,0,2
3,12200.0,8100.0,R3_F3_m3f3_P3_Y30_UO24,R3_F3_m4f4_P4_Y27_UO254,R3_F3_m3f3_P3_Y28_UO256,FXX,2,31.0,1,0,0.0,0,0,0,-9999.0,0.4921112060546875,1,P3_CV0,1,1,1,0,2,1,1,2,0,0,2,1,1,1,1,1,1,1,1,2,0,2,0,1,1,0,2,0,2,2,0,0,2
3,12200.0,8100.0,R3_F3_m3f3_P3_Y30_UO68,R3_F3_m3f3_P3_Y28_UO261,R3_F3_m3f3_P3_Y26_UO254,MXY,2,31.0,1,0,0.0,0,0,0,-9999.0,0.5135040283203125,1,P3_CV0,1,1,1,2,0,2,0,1,1,2,0,1,1,0,2,1,1,2,0,1,1,0,2,1,1,2,0,1,1,1,1,0,2
3,12200.0,8100.0,R3_F3_m3f3_P3_Y28_UO256,R3_F3_m3f3_P3_Y24_UO241,R3_F3_m3f3_P3_Y26_UO290,MXY,4,31.0,1,0,0.0,0,0,0,-9999.0,0.521942138671875,1,P3_CV0,1,2,0,1,1,1,1,1,1,1,1,1,1,0,2,1,1,1,1,1,1,1,1,2,0,1,1,0,2,1,1,0,2
3,12200.0,8100.0,R3_F3_m3f3_P3_Y28_UO259,R3_F3_m3f3_P3_Y24_UO241,R3_F3_m3f3_P3_Y26_UO290,MXY,4,31.0,1,0,0.0,0,0,0,-9999.0,0.521942138671875,1,P3_CV0,1,1,1,1,1,1,1,2,0,1,1,2,0,0,2,0,2,0,2,1,1,1,1,1,1,0,2,0,2,2,0,0,2
3,12200.0,8100.0,R3_F3_m4f4_P4_Y27_UO254,R4_F4_m4f4_P4_Y22_UO194,R4_F4_m4f4_P4_Y24_UO50,FXX,5,31.0,1,0,2.137,0,0,0,-9999.0,0.4622802734375,1,P3_CV0,1,0,2,0,2,0,2,1,1,0,2,1,1,2,0,0,2,2,0,1,1,2,0,0,2,1,1,1,1,2,0,0,2
3,12200.0,8100.0,Age0_F3_m3f3_P3_Y32_UO46,RD3_F4_m4f4_P4_Y29_UO173,R3_F3_m3f3_P3_Y27_UO25,FXX,0,31.0,0,0,0.0,0,0,0,0.0,0.5109176635742188,1,P4_CV0,1,2,0,1,1,1,1,1,1,1,1,1,1,0,2,2,0,1,1,0,2,1,1,1,1,1,1,0,2,2,0,1,1
3,12200.0,8100.0,R3_F3_m6f6_P6_Y30_UO160,R6_F6_m6f6_P6_Y25_UO168,R6_F6_m6f6_P6_Y26_UO61,MXY,2,31.0,1,0,0.0,0,0,0,-9999.0,0.5504913330078125,1,P4_CV0,1,1,1,0,2,1,1,2,0,1,1,0,2,0,2,1,1,1,1,0,2,0,2,2,0,2,0,2,0,1,1,1,1
3,12200.0,8100.0,R3_F3_m4f4_P4_Y29_UO173,R4_F4_m4f4_P4_Y27_UO174,R4_F4_m4f4_P4_Y27_UO151,FXX,3,31.0,1,0,2.435,0,0,0,-9999.0,0.5018463134765625,1,P4_CV0,1,1,1,1,1,1,1,0,2,0,2,1,1,0,2,2,0,2,0,0,2,2,0,1,1,1,1,1,1,1,1,2,0
4,12300.0,8100.0,R4_F4_m4f4_P4_Y31_UO216,R4_F4_m4f4_P4_Y26_UO155,RD4_F1_m1f1_P1_Y28_UO311,MXY,1,31.0,1,1,0.0,0,0,0,-9999.0,0.488555908203125,1,P0_CV0,1,1,1,0,2,0,2,1,1,2,0,1,1,1,1,0,2,1,1,0,2,2,0,2,0,2,0,2,0,1,1,1,1
4,12300.0,8100.0,R4_F4_m1f1_P1_Y30_UO36,R1_F1_m1f1_P1_Y27_UO111,R1_F1_m1f1_P1_Y28_UO287,MXY,2,31.0,1,0,0.0,0,0,0,-9999.0,0.51495361328125,1,P2_CV0,1,0,2,2,0,2,0,0,2,2,0,2,0,1,1,2,0,2,0,0,2,1,1,1,1,2,0,2,0,0,2,1,1
4,12300.0,8100.0,Age0_F4_m4f4_P4_Y32_UO37,R4_F4_m4f4_P4_Y30_UO243,R4_F4_m4f4_P4_Y30_UO246,MXY,0,31.0,0,0,0.0,0,0,0,0.0,0.48888397216796875,1,P3_CV0,1,2,0,1,1,0,2,1,1,2,0,0,2,0,2,1,1,1,1,0,2,2,0,2,0,2,0,2,0,2,0,2,0
4,12300.0,8100.0,Age0_F4_m4f4_P4_Y32_UO78,R4_F4_m4f4_P4_Y30_UO266,R4_F4_m4f4_P4_Y29_UO239,FXX,0,31.0,0,0,0.0,0,0,0,0.0,0.4987640380859375,1,P3_CV0,1,1,1,1,1,1,1,2,0,1,1,0,2,0,2,1,1,1,1,0,2,2,0,2,0,2,0,1,1,2,0,2,0
4,12300.0,8100.0,Age0_F4_m4f4_P4_Y32_UO79,R4_F4_m4f4_P4_Y30_UO266,R4_F4_m4f4_P4_Y29_UO239,MXY,0,31.0,0,0,0.0,0,0,0,0.0,0.4987640380859375,1,P3_CV0,1,2,0,0,2,1,1,1,1,0,2,0,2,1,1,1,1,1,1,0,2,2,0,2,0,2,0,2,0,2,0,2,0
4,12300.0,8100.0,Age0_F4_m4f4_P4_Y32_UO82,R4_F4_m4f4_P4_Y30_UO243,R4_F4_m4f4_P4_Y28_UO275,MXY,0,31.0,0,0,0.0,0,0,0,0.0,0.4803009033203125,1,P3_CV0,1,0,2,1,1,0,2,0,2,2,0,0,2,1,1,1,1,1,1,0,2,2,0,2,0,1,1,1,1,2,0,2,0
4,12300.0,8100.0,Age0_F4_m4f4_P4_Y32_UO86,R4_F4_m4f4_P4_Y30_UO223,R4_F4_m4f4_P4_Y29_UO37,MXY,0,31.0,0,0,0.0,0,0,0,0.0,0.49176025390625,1,P3_CV0,1,0,2,2,0,0,2,0,2,2,0,0,2,0,2,0,2,1,1,0,2,2,0,2,0,1,1,2,0,1,1,0,2
4,12300.0,8100.0,Age0_F4_m4f4_P4_Y32_UO87,R4_F4_m4f4_P4_Y30_UO223,R4_F4_m4f4_P4_Y29_UO37,FXX,0,31.0,0,0,0.0,0,0,0,0.0,0.49176025390625,1,P3_CV0,1,0,2,1,1,1,1,0,2,2,0,0,2,2,0,0,2,1,1,0,2,2,0,2,0,1,1,2,0,2,0,1,1
4,12300.0,8100.0,Age0_F4_m4f4_P4_Y32_UO88,R4_F4_m4f4_P4_Y30_UO223,R4_F4_m4f4_P4_Y29_UO37,MXY,0,31.0,0,0,0.0,0,0,0,0.0,0.49176025390625,1,P3_CV0,1,0,2,1,1,0,2,0,2,2,0,0,2,1,1,0,2,1,1,0,2,1,1,2,0,2,0,2,0,2,0,1,1
4,12300.0,8100.0,Age0_F4_m4f4_P4_Y32_UO104,R4_F4_m4f4_P4_Y30_UO223,R4_F4_m5f5_P5_Y30_UO172,MXY,0,31.0,0,0,0.0,0,0,0,0.0,0.48654937744140625,1,P3_CV0,1,0,2,1,1,0,2,1,1,1,1,0,2,1,1,0,2,0,2,0,2,1,1,1,1,1,1,2,0,1,1,1,1
4,12300.0,8100.0,Age0_F4_m4f4_P4_Y32_UO136,R4_F4_m4f4_P4_Y29_UO233,R4_F4_m4f4_P4_Y30_UO0,FXX,0,31.0,0,0,0.0,0,0,0,0.0,0.49021148681640625,1,P3_CV0,1,0,2,1,1,1,1,1,1,0,2,0,2,1,1,1,1,0,2,1,1,2,0,1,1,2,0,2,0,2,0,0,2
4,12300.0,8100.0,Age0_F4_m4f4_P4_Y32_UO137,R4_F4_m4f4_P4_Y29_UO233,R4_F4_m4f4_P4_Y30_UO0,MXY,0,31.0,0,0,0.0,0,0,0,0.0,0.49021148681640625,1,P3_CV0,1,0,2,1,1,0,2,1,1,0,2,0,2,1,1,1,1,1,1,0,2,1,1,1,1,2,0,1,1,2,0,1,1
4,12300.0,8100.0,Age0_F4_m4f4_P4_Y32_UO138,R4_F4_m4f4_P4_Y29_UO233,R4_F4_m4f4_P4_Y30_UO0,FXX,0,31.0,0,0,0.0,0,0,0,0.0,0.49021148681640625,1,P3_CV0,1,0,2,1,1,1,1,1,1,0,2,1,1,1,1,1,1,1,1,1,1,1,1,0,2,2,0,1,1,2,0,0,2
4,12300.0,8100.0,Age0_F4_m4f4_P4_Y32_UO139,R4_F4_m4f4_P4_Y29_UO233,R4_F4_m4f4_P4_Y30_UO0,MXY,0,31.0,0,0,0.0,0,0,0,0.0,0.49021148681640625,1,P3_CV0,1,0,2,0,2,0,2,1,1,0,2,1,1,2,0,2,0,0,2,0,2,2,0,1,1,2,0,2,0,2,0,1,1
4,12300.0,8100.0,Age0_F4_m4f4_P4_Y32_UO144,R4_F4_m4f4_P4_Y30_UO223,R4_F4_m4f4_P4_Y28_UO228,MXY,0,31.0,0,0,0.0,0,0,0,0.0,0.5045928955078125,1,P3_CV0,1,0,2,2,0,0,2,0,2,1,1,0,2,0,2,1,1,0,2,0,2,1,1,2,0,1,1,2,0,2,0,2,0
4,12300.0,8100.0,Age0_F4_m4f4_P4_Y32_UO145,R4_F4_m4f4_P4_Y30_UO223,R4_F4_m4f4_P4_Y28_UO228,FXX,0,31.0,0,0,0.0,0,0,0,0.0,0.5045928955078125,1,P3_CV0,1,0,2,1,1,0,2,0,2,1,1,0,2,1,1,1,1,1,1,0,2,1,1,2,0,0,2,1,1,2,0,0,2
4,12300.0,8100.0,Age0_F4_m4f4_P4_Y32_UO164,R4_F4_m4f4_P4_Y29_UO233,R4_F4_m4f4_P4_Y29_UO21,FXX,0,31.0,0,0,0.0,0,0,0,0.0,0.49846649169921875,1,P3_CV0,1,1,1,2,0,0,2,2,0,1,1,0,2,0,2,2,0,1,1,1,1,1,1,2,0,1,1,0,2,1,1,2,0
4,12300.0,8100.0,Age0_F4_m4f4_P4_Y32_UO165,R4_F4_m4f4_P4_Y29_UO233,R4_F4_m4f4_P4_Y29_UO21,MXY,0,31.0,0,0,0.0,0,0,0,0.0,0.49846649169921875,1,P3_CV0,1,0,2,1,1,1,1,1,1,0,2,1,1,1,1,2,0,1,1,0,2,1,1,2,0,1,1,1,1,2,0,2,0
4,12300.0,8100.0,Age0_F4_m4f4_P4_Y32_UO166,R4_F4_m4f4_P4_Y29_UO233,R4_F4_m4f4_P4_Y29_UO21,MXY,0,31.0,0,0,0.0,0,0,0,0.0,0.49846649169921875,1,P3_CV0,1,0,2,2,0,0,2,2,0,0,2,1,1,2,0,1,1,0,2,1,1,0,2,1,1,1,1,1,1,1,1,1,1
4,12300.0,8100.0,Age0_F4_m4f4_P4_Y32_UO167,R4_F4_m4f4_P4_Y29_UO233,R4_F4_m4f4_P4_Y29_UO21,MXY,0,31.0,0,0,0.0,0,0,0,0.0,0.49846649169921875,1,P3_CV0,1,0,2,1,1,0,2,1,1,0,2,1,1,0,2,1,1,2,0,1,1,0,2,1,1,1,1,1,1,1,1,1,1
4,12300.0,8100.0,Age0_F4_m4f4_P4_Y32_UO168,R4_F4_m4f4_P4_Y29_UO233,R4_F4_m4f4_P4_Y29_UO21,FXX,0,31.0,0,0,0.0,0,0,0,0.0,0.49846649169921875,1,P3_CV0,1,0,2,2,0,0,2,2,0,1,1,0,2,2,0,1,1,2,0,1,1,1,1,1,1,1,1,1,1,1,1,1,1
4,12300.0,8100.0,Age0_F4_m4f4_P4_Y32_UO169,R4_F4_m4f4_P4_Y29_UO233,R4_F4_m4f4_P4_Y29_UO21,FXX,0,31.0,0,0,0.0,0,0,0,0.0,0.49846649169921875,1,P3_CV0,1,1,1,1,1,0,2,2,0,1,1,1,1,0,2,2,0,0,2,1,1,1,1,1,1,1,1,1,1,2,0,1,1
4,12300.0,8100.0,Age0_F4_m4f4_P4_Y32_UO206,R4_F4_m4f4_P4_Y30_UO266,R4_F4_m4f4_P4_Y30_UO241,FXX,0,31.0,0,0,0.0,0,0,0,0.0,0.48809051513671875,1,P3_CV0,1,1,1,1,1,1,1,1,1,1,1,0,2,1,1,1,1,1,1,2,0,1,1,2,0,1,1,2,0,1,1,1,1
4,12300.0,8100.0,Age0_F4_m4f4_P4_Y32_UO209,R4_F4_m4f4_P4_Y30_UO266,R4_F4_m4f4_P4_Y30_UO241,FXX,0,31.0,0,0,0.0,0,0,0,0.0,0.48809051513671875,1,P3_CV0,1,2,0,0,2,1,1,2,0,1,1,0,2,1,1,1,1,1,1,1,1,2,0,2,0,1,1,1,1,2,0,0,2
4,12300.0,8100.0,Age0_F4_m4f4_P4_Y32_UO210,R4_F4_m4f4_P4_Y29_UO131,R4_F4_m1f1_P1_Y30_UO36,MXY,0,31.0,0,0,0.0,0,0,0,0.0,0.5030059814453125,1,P3_CV0,1,0,2,1,1,2,0,0,2,1,1,2,0,2,0,1,1,1,1,0,2,1,1,0,2,2,0,2,0,1,1,0,2
4,12300.0,8100.0,Age0_F4_m4f4_P4_Y32_UO211,R4_F4_m4f4_P4_Y29_UO131,R4_F4_m1f1_P1_Y30_UO36,FXX,0,31.0,0,0,0.0,0,0,0,0.0,0.5030059814453125,1,P3_CV0,1,0,2,1,1,1,1,0,2,2,0,1,1,2,0,2,0,1,1,0,2,1,1,0,2,2,0,1,1,1,1,2,0
4,12300.0,8100.0,Age0_F4_m4f4_P4_Y32_UO212,R4_F4_m4f4_P4_Y29_UO131,R4_F4_m1f1_P1_Y30_UO36,FXX,0,31.0,0,0,0.0,0,0,0,0.0,0.5030059814453125,1,P3_CV0,1,0,2,1,1,1,1,0,2,2,0,1,1,1,1,1,1,2,0,0,2,2,0,2,0,1,1,2,0,1,1,0,2
4,12300.0,8100.0,Age0_F4_m4f4_P4_Y32_UO214,R4_F4_m4f4_P4_Y29_UO246,R4_F4_m4f4_P4_Y30_UO135,FXX,0,31.0,0,0,0.0,0,0,0,0.0,0.4788055419921875,1,P3_CV0,1,1,1,1,1,1,1,0,2,2,0,0,2,1,1,2,0,0,2,2,0,2,0,1,1,1,1,1,1,1,1,1,1
4,12300.0,8100.0,Age0_F4_m4f4_P4_Y32_UO235,R4_F4_m4f4_P4_Y30_UO223,R4_F4_m4f4_P4_Y27_UO266,FXX,0,31.0,0,0,0.0,0,0,0,0.0,0.4799957275390625,1,P3_CV0,1,0,2,0,2,1,1,0,2,2,0,0,2,1,1,1,1,1,1,1,1,2,0,2,0,1,1,2,0,2,0,2,0
4,12300.0,8100.0,Age0_F4_m4f4_P4_Y32_UO236,R4_F4_m4f4_P4_Y30_UO223,R4_F4_m4f4_P4_Y27_UO266,MXY,0,31.0,0,0,0.0,0,0,0,0.0,0.4799957275390625,1,P3_CV0,1,0,2,0,2,1,1,0,2,2,0,0,2,1,1,1,1,1,1,1,1,2,0,2,0,1,1,1,1,2,0,1,1
4,12300.0,8100.0,Age0_F4_m4f4_P4_Y32_UO237,R4_F4_m4f4_P4_Y30_UO223,R4_F4_m4f4_P4_Y27_UO266,FXX,0,31.0,0,0,0.0,0,0,0,0.0,0.4799957275390625,1,P3_CV0,1,0,2,0,2,1,1,0,2,2,0,0,2,2,0,1,1,2,0,1,1,2,0,2,0,2,0,1,1,2,0,2,0
4,12300.0,8100.0,Age0_F4_m4f4_P4_Y32_UO262,R4_F4_m4f4_P4_Y29_UO233,R4_F4_m4f4_P4_Y30_UO210,FXX,0,31.0,0,0,0.0,0,0,0,0.0,0.5053024291992188,1,P3_CV0,1,1,1,1,1,0,2,1,1,0,2,0,2,1,1,2,0,0,2,0,2,0,2,0,2,2,0,0,2,2,0,1,1
4,12300.0,8100.0,Age0_F4_m4f4_P4_Y32_UO263,R4_F4_m4f4_P4_Y29_UO233,R4_F4_m4f4_P4_Y30_UO210,MXY,0,31.0,0,0,0.0,0,0,0,0.0,0.5053024291992188,1,P3_CV0,1,1,1,0,2,0,2,1,1,0,2,1,1,2,0,2,0,1,1,1,1,0,2,1,1,2,0,0,2,1,1,1,1
4,12300.0,8100.0,Age0_F4_m4f4_P4_Y32_UO264,R4_F4_m4f4_P4_Y29_UO233,R4_F4_m4f4_P4_Y30_UO210,MXY,0,31.0,0,0,0.0,0,0,0,0.0,0.5053024291992188,1,P3_CV0,1,1,1,1,1,1,1,1,1,0,2,0,2,0,2,2,0,1,1,1,1,0,2,1,1,2,0,0,2,2,0,0,2
4,12300.0,8100.0,Age0_F4_m4f4_P4_Y32_UO265,R4_F4_m4f4_P4_Y29_UO73,R4_F4_m4f4_P4_Y29_UO37,FXX,0,31.0,0,0,0.0,0,0,0,0.0,0.4883270263671875,1,P3_CV0,1,1,1,2,0,1,1,0,2,2,0,0,2,1,1,1,1,1,1,0,2,2,0,2,0,0,2,1,1,1,1,1,1
4,12300.0,8100.0,Age0_F4_m4f4_P4_Y32_UO266,R4_F4_m4f4_P4_Y29_UO73,R4_F4_m4f4_P4_Y29_UO37,FXX,0,31.0,0,0,0.0,0,0,0,0.0,0.4883270263671875,1,P3_CV0,1,1,1,2,0,0,2,0,2,2,0,0,2,0,2,1,1,2,0,0,2,2,0,2,0,0,2,1,1,2,0,1,1
4,12300.0,8100.0,R4_F4_m4f4_P4_Y31_UO156,R4_F4_m4f4_P4_Y26_UO192,R4_F4_m4f4_P4_Y29_UO21,MXY,1,31.0,1,1,0.0,0,0,0,-9999.0,0.4875335693359375,1,P3_CV0,1,0,2,0,2,1,1,1,1,1,1,1,1,0,2,1,1,0,2,0,2,1,1,1,1,1,1,0,2,1,1,1,1
4,12300.0,8100.0,R4_F4_m4f4_P4_Y31_UO24,R4_F4_m4f4_P4_Y29_UO233,R4_F4_m4f4_P4_Y29_UO67,FXX,1,31.0,1,1,0.0,0,0,0,-9999.0,0.5033340454101562,1,P3_CV0,1,1,1,1,1,1,1,2,0,0,2,1,1,1,1,2,0,0,2,1,1,1,1,1,1,2,0,1,1,2,0,2,0
4,12300.0,8100.0,R4_F4_m4f4_P4_Y31_UO187,R4_F4_m4f4_P4_Y27_UO264,R4_F4_m4f4_P4_Y29_UO149,MXY,1,31.0,1,1,0.0,0,0,0,-9999.0,0.47264862060546875,1,P3_CV0,1,1,1,0,2,1,1,1,1,1,1,1,1,0,2,2,0,1,1,1,1,2,0,1,1,2,0,0,2,2,0,0,2
4,12300.0,8100.0,R4_F4_m4f4_P4_Y31_UO244,R4_F4_m4f4_P4_Y26_UO192,R4_F4_m4f4_P4_Y27_UO266,FXX,1,31.0,1,1,1.522,0,0,0,-9999.0,0.47259521484375,1,P3_CV0,1,0,2,1,1,1,1,0,2,1,1,1,1,2,0,1,1,2,0,1,1,2,0,1,1,2,0,1,1,2,0,0,2
4,12300.0,8100.0,R4_F4_m4f4_P4_Y31_UO135,R4_F4_m4f4_P4_Y27_UO264,R4_F4_m4f4_P4_Y29_UO67,MXY,1,31.0,1,1,0.0,0,0,0,-9999.0,0.485015869140625,1,P3_CV0,1,1,1,0,2,1,1,0,2,1,1,0,2,1,1,1,1,0,2,1,1,1,1,2,0,2,0,2,0,2,0,0,2
4,12300.0,8100.0,R4_F4_m4f4_P4_Y31_UO86,R4_F4_m4f4_P4_Y29_UO73,R4_F4_m4f4_P4_Y27_UO255,MXY,1,31.0,1,1,0.0,0,0,0,-9999.0,0.47509765625,1,P3_CV0,1,1,1,1,1,0,2,0,2,1,1,0,2,0,2,2,0,2,0,1,1,2,0,1,1,0,2,1,1,1,1,1,1
4,12300.0,8100.0,R4_F4_m4f4_P4_Y31_UO243,R4_F4_m4f4_P4_Y26_UO192,R4_F4_m4f4_P4_Y27_UO266,MXY,1,31.0,1,1,0.0,0,0,0,-9999.0,0.47259521484375,1,P3_CV0,1,0,2,1,1,1,1,0,2,1,1,1,1,0,2,1,1,2,0,1,1,2,0,1,1,2,0,1,1,2,0,0,2
4,12300.0,8100.0,R4_F4_m4f4_P4_Y31_UO59,RD4_F3_m3f3_P3_Y29_UO169,R4_F4_m4f4_P4_Y29_UO37,MXY,1,31.0,1,1,0.0,0,0,0,-9999.0,0.49517059326171875,1,P3_CV0,1,1,1,1,1,0,2,0,2,2,0,0,2,0,2,0,2,1,1,0,2,1,1,2,0,1,1,1,1,1,1,1,1
4,12300.0,8100.0,R4_F4_m4f4_P4_Y31_UO186,R4_F4_m4f4_P4_Y27_UO264,R4_F4_m4f4_P4_Y29_UO149,MXY,1,31.0,1,1,0.0,0,0,0,-9999.0,0.47264862060546875,1,P3_CV0,1,1,1,0,2,1,1,0,2,0,2,1,1,2,0,2,0,1,1,1,1,2,0,1,1,2,0,0,2,2,0,0,2
4,12300.0,8100.0,R4_F4_m4f4_P4_Y31_UO53,R4_F4_m4f4_P4_Y27_UO264,R4_F4_m4f4_P4_Y29_UO21,FXX,1,31.0,1,1,0.0,0,0,0,-9999.0,0.4801483154296875,1,P3_CV0,1,0,2,0,2,1,1,0,2,2,0,0,2,2,0,2,0,0,2,1,1,1,1,2,0,1,1,1,1,1,1,1,1
4,12300.0,8100.0,R4_F4_m4f4_P4_Y31_UO240,R4_F4_m4f4_P4_Y27_UO264,R4_F4_m4f4_P4_Y29_UO37,MXY,1,31.0,1,1,0.0,0,0,0,-9999.0,0.4769744873046875,1,P3_CV0,1,0,2,0,2,2,0,0,2,1,1,0,2,2,0,0,2,1,1,1,1,2,0,2,0,1,1,1,1,2,0,0,2
4,12300.0,8100.0,R4_F4_m4f4_P4_Y31_UO242,R4_F4_m4f4_P4_Y27_UO264,R4_F4_m4f4_P4_Y29_UO37,MXY,1,31.0,1,1,0.0,0,0,0,-9999.0,0.4769744873046875,1,P3_CV0,1,0,2,0,2,1,1,0,2,2,0,0,2,0,2,1,1,1,1,1,1,1,1,2,0,1,1,1,1,1,1,1,1
4,12300.0,8100.0,R4_F4_m4f4_P4_Y31_UO154,R4_F4_m4f4_P4_Y26_UO192,R4_F4_m4f4_P4_Y29_UO21,MXY,1,31.0,1,1,0.0,0,0,0,-9999.0,0.4875335693359375,1,P3_CV0,1,1,1,2,0,1,1,0,2,0,2,1,1,2,0,1,1,1,1,0,2,1,1,0,2,1,1,0,2,2,0,1,1
4,12300.0,8100.0,R4_F4_m4f4_P4_Y31_UO155,R4_F4_m4f4_P4_Y26_UO192,R4_F4_m4f4_P4_Y29_UO21,MXY,1,31.0,1,1,0.0,0,0,0,-9999.0,0.4875335693359375,1,P3_CV0,1,1,1,0,2,0,2,0,2,0,2,1,1,2,0,2,0,2,0,0,2,1,1,1,1,1,1,0,2,1,1,1,1
4,12300.0,8100.0,R4_F4_m4f4_P4_Y31_UO64,RD4_F3_m3f3_P3_Y29_UO169,R4_F4_m4f4_P4_Y29_UO239,FXX,1,31.0,1,1,0.0,0,0,0,-9999.0,0.5014801025390625,1,P3_CV0,1,1,1,1,1,0,2,2,0,1,1,0,2,0,2,1,1,0,2,1,1,2,0,1,1,1,1,0,2,2,0,1,1
4,12300.0,8100.0,R4_F4_m4f4_P4_Y31_UO129,R4_F4_m4f4_P4_Y26_UO30,R4_F4_m4f4_P4_Y29_UO37,FXX,1,31.0,1,1,1.0,0,0,0,-9999.0,0.4887542724609375,1,P3_CV0,1,0,2,0,2,1,1,1,1,2,0,1,1,1,1,1,1,2,0,0,2,2,0,1,1,0,2,1,1,2,0,1,1
4,12300.0,8100.0,R4_F4_m4f4_P4_Y31_UO28,RD4_F3_m3f3_P3_Y29_UO169,R4_F4_m4f4_P4_Y29_UO35,FXX,1,31.0,1,1,1.237,0,0,0,-9999.0,0.49517059326171875,1,P3_CV0,1,0,2,0,2,1,1,0,2,2,0,0,2,1,1,0,2,0,2,0,2,2,0,2,0,0,2,0,2,1,1,1,1
4,12300.0,8100.0,R4_F4_m3f3_P3_Y30_UO116,R3_F3_m3f3_P3_Y28_UO261,R3_F3_m6f6_P6_Y25_UO257,FXX,2,31.0,1,0,0.0,0,0,0,-9999.0,0.5201263427734375,1,P3_CV0,1,1,1,2,0,0,2,2,0,0,2,1,1,0,2,1,1,1,1,0,2,1,1,2,0,1,1,1,1,0,2,0,2
4,12300.0,8100.0,R4_F4_m5f5_P5_Y30_UO142,R5_F5_m5f5_P5_Y26_UO71,R5_F5_m5f5_P5_Y28_UO232,MXY,2,31.0,1,0,0.0,0,0,0,-9999.0,0.4594268798828125,1,P3_CV0,1,1,1,0,2,1,1,0,2,0,2,1,1,0,2,1,1,2,0,1,1,0,2,1,1,2,0,1,1,0,2,1,1
4,12300.0,8100.0,R4_F4_m4f4_P4_Y30_UO211,R4_F4_m4f4_P4_Y28_UO110,R4_F4_m4f4_P4_Y28_UO230,FXX,2,31.0,1,0,0.0,0,0,0,-9999.0,0.508758544921875,1,P3_CV0,1,2,0,1,1,0,2,1,1,0,2,0,2,0,2,2,0,0,2,0,2,2,0,1,1,1,1,1,1,1,1,1,1
4,12300.0,8100.0,R4_F4_m4f4_P4_Y30_UO206,R4_F4_m4f4_P4_Y25_UO69,R4_F4_m4f4_P4_Y27_UO257,FXX,2,31.0,1,0,1.263,0,0,0,-9999.0,0.484405517578125,1,P3_CV0,1,1,1,0,2,0,2,0,2,0,2,1,1,1,1,1,1,2,0,1,1,1,1,2,0,1,1,0,2,1,1,2,0
4,12300.0,8100.0,R4_F4_m4f4_P4_Y30_UO223,R4_F4_m4f4_P4_Y26_UO155,R4_F4_m4f4_P4_Y28_UO40,FXX,2,31.0,1,0,1.0,0,0,0,-9999.0,0.494781494140625,1,P3_CV0,1,0,2,1,1,0,2,0,2,2,0,0,2,1,1,0,2,1,1,0,2,2,0,2,0,1,1,2,0,2,0,1,1
4,12300.0,8100.0,R4_F4_m4f4_P4_Y30_UO34,R4_F4_m4f4_P4_Y26_UO52,R4_F4_m6f6_P6_Y26_UO236,MXY,2,31.0,1,0,0.0,0,0,0,-9999.0,0.5044097900390625,1,P3_CV0,1,1,1,0,2,1,1,1,1,1,1,0,2,2,0,1,1,0,2,0,2,2,0,2,0,1,1,2,0,1,1,1,1
4,12300.0,8100.0,R4_F4_m4f4_P4_Y29_UO21,RD4_F1_m1f1_P1_Y27_UO168,R4_F4_m4f4_P4_Y27_UO153,MXY,3,31.0,1,0,0.0,0,0,0,-9999.0,0.495086669921875,1,P3_CV0,1,1,1,1,1,0,2,1,1,1,1,0,2,1,1,1,1,1,1,0,2,0,2,1,1,0,2,0,2,1,1,2,0
4,12300.0,8100.0,R4_F4_m4f4_P4_Y29_UO233,R4_F4_m4f4_P4_Y27_UO173,R4_F4_m4f4_P4_Y27_UO151,FXX,3,31.0,1,0,1.0,0,0,0,-9999.0,0.5018463134765625,1,P3_CV0,1,0,2,1,1,1,1,2,0,0,2,1,1,1,1,2,0,1,1,1,1,1,1,1,1,2,0,1,1,2,0,1,1
4,12300.0,8100.0,R4_F4_m4f4_P4_Y29_UO67,R4_F4_m4f4_P4_Y25_UO69,R4_F4_m4f4_P4_Y27_UO153,MXY,3,31.0,1,0,0.0,0,0,0,-9999.0,0.50482177734375,1,P3_CV0,1,1,1,0,2,0,2,1,1,1,1,0,2,1,1,2,0,0,2,0,2,1,1,1,1,1,1,2,0,2,0,1,1
4,12300.0,8100.0,R4_F4_m4f4_P4_Y28_UO265,R4_F4_m4f4_P4_Y26_UO192,R4_F4_m4f4_P4_Y25_UO166,FXX,4,31.0,1,0,1.0,0,0,0,-9999.0,0.494873046875,1,P3_CV0,1,1,1,1,1,0,2,0,2,1,1,0,2,1,1,0,2,0,2,0,2,1,1,2,0,1,1,1,1,2,0,0,2
4,12300.0,8100.0,R4_F4_m4f4_P4_Y28_UO275,R4_F4_m4f4_P4_Y24_UO49,R4_F4_m4f4_P4_Y26_UO31,MXY,4,31.0,1,0,0.0,0,0,0,-9999.0,0.4805908203125,1,P3_CV0,1,0,2,1,1,0,2,0,2,2,0,0,2,0,2,1,1,1,1,1,1,2,0,1,1,0,2,1,1,2,0,1,1
4,12300.0,8100.0,R4_F4_m4f4_P4_Y28_UO228,R4_F4_m4f4_P4_Y23_UO131,R4_F4_m4f4_P4_Y25_UO33,MXY,4,31.0,1,0,0.0,0,0,0,-9999.0,0.514404296875,1,P3_CV0,1,1,1,1,1,0,2,1,1,1,1,0,2,0,2,2,0,0,2,0,2,1,1,2,0,1,1,1,1,2,0,1,1
4,12300.0,8100.0,Age0_F4_m4f4_P4_Y32_UO35,R4_F4_m4f4_P4_Y30_UO243,R4_F4_m4f4_P4_Y30_UO246,FXX,0,31.0,0,0,0.0,0,0,0,0.0,0.48888397216796875,1,P4_CV0,1,0,2,0,2,0,2,1,1,2,0,0,2,1,1,1,1,1,1,1,1,1,1,2,0,2,0,2,0,2,0,1,1
4,12300.0,8100.0,Age0_F4_m4f4_P4_Y32_UO36,R4_F4_m4f4_P4_Y30_UO243,R4_F4_m4f4_P4_Y30_UO246,FXX,0,31.0,0,0,0.0,0,0,0,0.0,0.48888397216796875,1,P4_CV0,1,0,2,0,2,0,2,0,2,2,0,0,2,0,2,1,1,0,2,0,2,1,1,2,0,2,0,2,0,2,0,1,1
4,12300.0,8100.0,Age0_F4_m4f4_P4_Y32_UO44,R4_F4_m4f4_P4_Y30_UO30,R4_F4_m4f4_P4_Y30_UO239,FXX,0,31.0,0,0,0.0,0,0,0,0.0,0.4959564208984375,1,P4_CV0,1,2,0,0,2,0,2,1,1,2,0,0,2,1,1,2,0,0,2,0,2,1,1,2,0,2,0,2,0,1,1,0,2
4,12300.0,8100.0,Age0_F4_m4f4_P4_Y32_UO45,R4_F4_m4f4_P4_Y30_UO30,R4_F4_m4f4_P4_Y30_UO239,MXY,0,31.0,0,0,0.0,0,0,0,0.0,0.4959564208984375,1,P4_CV0,1,1,1,0,2,1,1,1,1,2,0,1,1,1,1,2,0,1,1,0,2,2,0,2,0,2,0,2,0,2,0,0,2
4,12300.0,8100.0,Age0_F4_m4f4_P4_Y32_UO50,R4_F4_m4f4_P4_Y30_UO243,R4_F4_m4f4_P4_Y30_UO241,FXX,0,31.0,0,0,0.0,0,0,0,0.0,0.480010986328125,1,P4_CV0,1,0,2,1,1,0,2,0,2,2,0,0,2,1,1,0,2,1,1,0,2,2,0,2,0,1,1,2,0,1,1,1,1
4,12300.0,8100.0,Age0_F4_m4f4_P4_Y32_UO51,R4_F4_m4f4_P4_Y30_UO243,R4_F4_m4f4_P4_Y30_UO241,FXX,0,31.0,0,0,0.0,0,0,0,0.0,0.480010986328125,1,P4_CV0,1,1,1,1,1,0,2,1,1,2,0,0,2,1,1,1,1,1,1,1,1,1,1,2,0,2,0,2,0,2,0,1,1
4,12300.0,8100.0,Age0_F4_m4f4_P4_Y32_UO52,R4_F4_m4f4_P4_Y30_UO243,R4_F4_m4f4_P4_Y30_UO241,MXY,0,31.0,0,0,0.0,0,0,0,0.0,0.480010986328125,1,P4_CV0,1,2,0,1,1,0,2,0,2,2,0,0,2,1,1,0,2,1,1,1,1,0,2,2,0,1,1,2,0,1,1,0,2
4,12300.0,8100.0,Age0_F4_m4f4_P4_Y32_UO83,R4_F4_m4f4_P4_Y30_UO243,R4_F4_m4f4_P4_Y28_UO275,MXY,0,31.0,0,0,0.0,0,0,0,0.0,0.4803009033203125,1,P4_CV0,1,1,1,1,1,0,2,1,1,2,0,0,2,0,2,2,0,2,0,0,2,1,1,1,1,1,1,1,1,2,0,0,2
4,12300.0,8100.0,Age0_F4_m4f4_P4_Y32_UO84,R4_F4_m4f4_P4_Y30_UO243,R4_F4_m4f4_P4_Y28_UO275,FXX,0,31.0,0,0,0.0,0,0,0,0.0,0.4803009033203125,1,P4_CV0,1,0,2,1,1,0,2,1,1,2,0,0,2,0,2,2,0,0,2,1,1,1,1,1,1,1,1,2,0,2,0,1,1
4,12300.0,8100.0,Age0_F4_m4f4_P4_Y32_UO89,R4_F4_m4f4_P4_Y30_UO223,R4_F4_m4f4_P4_Y29_UO37,FXX,0,31.0,0,0,0.0,0,0,0,0.0,0.49176025390625,1,P4_CV0,1,0,2,0,2,0,2,0,2,2,0,0,2,2,0,0,2,1,1,0,2,1,1,2,0,1,1,2,0,2,0,1,1
4,12300.0,8100.0,Age0_F4_m4f4_P4_Y32_UO204,R4_F4_m4f4_P4_Y30_UO266,R4_F4_m4f4_P4_Y30_UO241,MXY,0,31.0,0,0,0.0,0,0,0,0.0,0.48809051513671875,1,P4_CV0,1,2,0,1,1,1,1,0,2,1,1,0,2,1,1,1,1,2,0,0,2,2,0,2,0,1,1,1,1,2,0,1,1
4,12300.0,8100.0,Age0_F4_m4f4_P4_Y32_UO205,R4_F4_m4f4_P4_Y30_UO266,R4_F4_m4f4_P4_Y30_UO241,MXY,0,31.0,0,0,0.0,0,0,0,0.0,0.48809051513671875,1,P4_CV0,1,1,1,0,2,1,1,1,1,2,0,0,2,1,1,1,1,1,1,0,2,2,0,2,0,1,1,2,0,2,0,1,1
4,12300.0,8100.0,Age0_F4_m4f4_P4_Y32_UO207,R4_F4_m4f4_P4_Y30_UO266,R4_F4_m4f4_P4_Y30_UO241,FXX,0,31.0,0,0,0.0,0,0,0,0.0,0.48809051513671875,1,P4_CV0,1,0,2,1,1,1,1,1,1,2,0,0,2,1,1,1,1,1,1,1,1,2,0,2,0,2,0,1,1,2,0,0,2
4,12300.0,8100.0,Age0_F4_m4f4_P4_Y32_UO208,R4_F4_m4f4_P4_Y30_UO266,R4_F4_m4f4_P4_Y30_UO241,FXX,0,31.0,0,0,0.0,0,0,0,0.0,0.48809051513671875,1,P4_CV0,1,1,1,1,1,1,1,2,0,1,1,0,2,1,1,1,1,0,2,0,2,2,0,2,0,2,0,1,1,1,1,1,1
4,12300.0,8100.0,Age0_F4_m4f4_P4_Y32_UO213,R4_F4_m4f4_P4_Y29_UO246,R4_F4_m4f4_P4_Y30_UO135,FXX,0,31.0,0,0,0.0,0,0,0,0.0,0.4788055419921875,1,P4_CV0,1,1,1,0,2,1,1,0,2,2,0,0,2,1,1,2,0,1,1,1,1,2,0,1,1,1,1,0,2,1,1,2,0
4,12300.0,8100.0,Age0_F4_m4f4_P4_Y32_UO267,R4_F4_m4f4_P4_Y29_UO73,R4_F4_m4f4_P4_Y29_UO37,FXX,0,31.0,0,0,0.0,0,0,0,0.0,0.4883270263671875,1,P4_CV0,1,1,1,1,1,0,2,0,2,2,0,0,2,1,1,0,2,2,0,0,2,2,0,2,0,1,1,1,1,0,2,2,0
4,12300.0,8100.0,Age0_F4_m4f4_P4_Y32_UO268,R4_F4_m4f4_P4_Y29_UO73,R4_F4_m4f4_P4_Y29_UO37,MXY,0,31.0,0,0,0.0,0,0,0,0.0,0.4883270263671875,1,P4_CV0,1,1,1,1,1,1,1,0,2,2,0,0,2,1,1,1,1,1,1,0,2,1,1,2,0,0,2,1,1,1,1,1,1
4,12300.0,8100.0,R4_F4_m6f6_P6_Y31_UO140,R6_F6_m6f6_P6_Y28_UO44,R6_F6_m6f6_P6_Y27_UO93,FXX,1,31.0,1,1,2.531,0,0,0,-9999.0,0.48406219482421875,1,P4_CV0,1,0,2,0,2,1,1,0,2,1,1,1,1,0,2,1,1,1,1,0,2,0,2,2,0,1,1,0,2,0,2,0,2
4,12300.0,8100.0,R4_F4_m4f4_P4_Y31_UO58,RD4_F3_m3f3_P3_Y29_UO169,R4_F4_m4f4_P4_Y29_UO37,FXX,1,31.0,1,1,0.0,0,0,0,-9999.0,0.49517059326171875,1,P4_CV0,1,0,2,1,1,0,2,1,1,2,0,0,2,1,1,0,2,1,1,0,2,2,0,2,0,0,2,2,0,2,0,1,1
4,12300.0,8100.0,R4_F4_m4f4_P4_Y31_UO128,R4_F4_m4f4_P4_Y26_UO30,R4_F4_m4f4_P4_Y29_UO37,MXY,1,31.0,1,1,0.0,0,0,0,-9999.0,0.4887542724609375,1,P4_CV0,1,0,2,2,0,1,1,1,1,2,0,1,1,2,0,1,1,2,0,1,1,1,1,1,1,1,1,2,0,2,0,1,1
4,12300.0,8100.0,R4_F4_m4f4_P4_Y30_UO31,R4_F4_m4f4_P4_Y26_UO52,R4_F4_m6f6_P6_Y26_UO236,FXX,2,31.0,1,0,2.495,0,0,0,-9999.0,0.5044097900390625,1,P4_CV0,1,1,1,0,2,1,1,1,1,1,1,0,2,2,0,1,1,2,0,1,1,2,0,1,1,1,1,0,2,0,2,1,1
4,12300.0,8100.0,R4_F4_m4f4_P4_Y30_UO285,RD4_F6_m6f6_P6_Y28_UO169,R4_F4_m5f5_P5_Y28_UO307,MXY,2,31.0,1,0,0.0,0,0,0,-9999.0,0.4961395263671875,1,P4_CV0,1,1,1,0,2,0,2,0,2,1,1,0,2,1,1,1,1,1,1,0,2,1,1,2,0,1,1,2,0,0,2,0,2
4,12300.0,8100.0,R4_F4_m4f4_P4_Y30_UO239,R4_F4_m4f4_P4_Y26_UO155,R4_F4_m4f4_P4_Y28_UO133,MXY,2,31.0,1,0,0.0,0,0,0,-9999.0,0.480010986328125,1,P4_CV0,1,2,0,0,2,0,2,1,1,2,0,0,2,2,0,1,1,1,1,0,2,1,1,2,0,2,0,1,1,1,1,0,2
4,12300.0,8100.0,R4_F4_m4f4_P4_Y29_UO246,R4_F4_m4f4_P4_Y26_UO52,R4_F4_m4f4_P4_Y27_UO153,FXX,3,31.0,1,0,0.0,0,0,0,-9999.0,0.492401123046875,1,P4_CV0,1,1,1,1,1,0,2,0,2,2,0,0,2,2,0,1,1,0,2,1,1,1,1,0,2,0,2,1,1,0,2,2,0
4,12300.0,8100.0,R4_F4_m6f6_P6_Y28_UO169,R6_F6_m6f6_P6_Y25_UO168,R6_F6_m6f6_P6_Y26_UO166,FXX,4,31.0,1,0,0.0,0,0,0,-9999.0,0.526153564453125,1,P4_CV0,1,2,0,0,2,1,1,1,1,2,0,0,2,1,1,2,0,0,2,0,2,1,1,2,0,2,0,2,0,1,1,0,2
4,12300.0,8100.0,Age0_F4_m4f4_P4_Y32_UO102,R4_F4_m4f4_P4_Y30_UO223,R4_F4_m5f5_P5_Y30_UO172,FXX,0,31.0,0,0,0.0,0,0,0,0.0,0.48654937744140625,1,P5_CV0,1,0,2,1,1,0,2,0,2,2,0,0,2,0,2,0,2,1,1,1,1,1,1,1,1,2,0,2,0,1,1,1,1
4,12300.0,8100.0,Age0_F4_m4f4_P4_Y32_UO103,R4_F4_m4f4_P4_Y30_UO223,R4_F4_m5f5_P5_Y30_UO172,FXX,0,31.0,0,0,0.0,0,0,0,0.0,0.48654937744140625,1,P5_CV0,1,1,1,1,1,0,2,0,2,2,0,0,2,1,1,0,2,1,1,1,1,1,1,1,1,1,1,2,0,2,0,1,1
4,12300.0,8100.0,Age0_F4_m4f4_P4_Y32_UO105,R4_F4_m4f4_P4_Y30_UO223,R4_F4_m5f5_P5_Y30_UO172,FXX,0,31.0,0,0,0.0,0,0,0,0.0,0.48654937744140625,1,P5_CV0,1,0,2,0,2,0,2,1,1,2,0,0,2,0,2,0,2,0,2,1,1,1,1,1,1,2,0,2,0,2,0,1,1
4,12300.0,8100.0,R4_F4_m4f4_P4_Y31_UO55,R4_F4_m4f4_P4_Y26_UO155,R4_F4_m6f6_P6_Y29_UO57,MXY,1,31.0,1,1,0.0,0,0,0,-9999.0,0.468536376953125,1,P5_CV0,1,2,0,1,1,0,2,0,2,2,0,0,2,2,0,2,0,2,0,1,1,1,1,1,1,2,0,2,0,0,2,1,1
5,12300.0,8200.0,Age0_F5_m5f5_P5_Y32_UO15,R5_F5_m5f5_P5_Y30_UO45,R5_F5_m6f6_P6_Y27_UO20,FXX,0,31.0,0,0,0.0,0,0,0,0.0,0.49074554443359375,1,P1_CV0,1,1,1,1,1,1,1,1,1,0,2,1,1,0,2,2,0,2,0,0,2,1,1,1,1,1,1,2,0,2,0,1,1
5,12300.0,8200.0,Age0_F5_m5f5_P5_Y32_UO16,R5_F5_m5f5_P5_Y30_UO45,R5_F5_m6f6_P6_Y27_UO20,FXX,0,31.0,0,0,0.0,0,0,0,0.0,0.49074554443359375,1,P1_CV0,1,2,0,1,1,1,1,1,1,1,1,0,2,0,2,2,0,2,0,0,2,1,1,2,0,1,1,2,0,2,0,1,1
5,12300.0,8200.0,R5_F5_m5f5_P5_Y31_UO252,R5_F5_m5f5_P5_Y29_UO287,R5_F5_m6f6_P6_Y27_UO20,MXY,1,31.0,1,1,0.0,0,0,0,-9999.0,0.5041122436523438,1,P1_CV0,1,2,0,1,1,1,1,2,0,1,1,0,2,1,1,2,0,1,1,1,1,1,1,2,0,2,0,2,0,1,1,2,0
5,12300.0,8200.0,R5_F5_m5f5_P5_Y31_UO281,R5_F5_m5f5_P5_Y29_UO287,R5_F5_m5f5_P5_Y26_UO58,MXY,1,31.0,1,1,0.0,0,0,0,-9999.0,0.46138763427734375,1,P1_CV0,1,2,0,0,2,2,0,1,1,1,1,0,2,0,2,2,0,1,1,0,2,0,2,2,0,1,1,1,1,1,1,1,1
5,12300.0,8200.0,R5_F5_m5f5_P5_Y31_UO253,R5_F5_m5f5_P5_Y29_UO287,R5_F5_m6f6_P6_Y27_UO20,MXY,1,31.0,1,1,0.0,0,0,0,-9999.0,0.5041122436523438,1,P1_CV0,1,1,1,1,1,1,1,2,0,1,1,1,1,1,1,2,0,1,1,0,2,0,2,2,0,2,0,1,1,1,1,2,0
5,12300.0,8200.0,R5_F5_m3f3_P3_Y30_UO84,R3_F3_m3f3_P3_Y28_UO255,R3_F3_m3f3_P3_Y27_UO25,FXX,2,31.0,1,0,0.0,0,0,0,-9999.0,0.520965576171875,1,P2_CV0,1,2,0,1,1,0,2,2,0,0,2,2,0,0,2,2,0,0,2,1,1,2,0,1,1,1,1,0,2,1,1,0,2
5,12300.0,8200.0,R5_F5_m5f5_P5_Y28_UO251,R5_F5_m5f5_P5_Y25_UO60,R5_F5_m5f5_P5_Y26_UO28,MXY,4,31.0,1,0,0.0,0,0,0,-9999.0,0.4719696044921875,1,P2_CV0,1,2,0,1,1,1,1,1,1,0,2,1,1,1,1,0,2,0,2,0,2,2,0,2,0,1,1,2,0,0,2,1,1
5,12300.0,8200.0,Age0_F5_m5f5_P5_Y32_UO198,R5_F5_m3f3_P3_Y30_UO84,R5_F5_m5f5_P5_Y30_UO139,MXY,0,31.0,0,0,0.0,0,0,0,0.0,0.49019622802734375,1,P3_CV0,1,2,0,1,1,0,2,1,1,0,2,1,1,0,2,2,0,1,1,1,1,2,0,2,0,1,1,1,1,0,2,1,1
5,12300.0,8200.0,Age0_F5_m5f5_P5_Y32_UO199,R5_F5_m3f3_P3_Y30_UO84,R5_F5_m5f5_P5_Y30_UO139,FXX,0,31.0,0,0,0.0,0,0,0,0.0,0.49019622802734375,1,P3_CV0,1,2,0,0,2,0,2,1,1,0,2,1,1,0,2,2,0,0,2,0,2,2,0,1,1,0,2,1,1,0,2,0,2
5,12300.0,8200.0,Age0_F5_m5f5_P5_Y32_UO269,R5_F5_m5f5_P5_Y30_UO45,R5_F5_m5f5_P5_Y28_UO1,FXX,0,31.0,0,0,0.0,0,0,0,0.0,0.46092987060546875,1,P3_CV0,1,2,0,0,2,0,2,2,0,1,1,0,2,0,2,2,0,1,1,0,2,2,0,2,0,2,0,2,0,1,1,0,2
5,12300.0,8200.0,Age0_F5_m5f5_P5_Y32_UO273,R5_F5_m5f5_P5_Y30_UO45,R5_F5_m5f5_P5_Y28_UO167,FXX,0,31.0,0,0,0.0,0,0,0,0.0,0.45136260986328125,1,P3_CV0,1,2,0,0,2,0,2,2,0,0,2,2,0,1,1,2,0,2,0,0,2,2,0,0,2,1,1,1,1,2,0,1,1
5,12300.0,8200.0,Age0_F5_m5f5_P5_Y32_UO275,R5_F5_m5f5_P5_Y30_UO45,R5_F5_m5f5_P5_Y28_UO167,FXX,0,31.0,0,0,0.0,0,0,0,0.0,0.45136260986328125,1,P3_CV0,1,2,0,0,2,0,2,0,2,0,2,0,2,1,1,2,0,2,0,0,2,2,0,0,2,1,1,1,1,1,1,0,2
5,12300.0,8200.0,R5_F5_m5f5_P5_Y31_UO234,R5_F5_m5f5_P5_Y28_UO123,R5_F5_m5f5_P5_Y28_UO28,MXY,1,31.0,1,1,0.0,0,0,0,-9999.0,0.46549224853515625,1,P3_CV0,1,2,0,0,2,0,2,1,1,2,0,1,1,0,2,1,1,1,1,2,0,0,2,0,2,1,1,1,1,1,1,1,1
5,12300.0,8200.0,R5_F5_m5f5_P5_Y31_UO126,R5_F5_m5f5_P5_Y26_UO71,R5_F5_m5f5_P5_Y29_UO87,MXY,1,31.0,1,1,0.0,0,0,0,-9999.0,0.4603118896484375,1,P3_CV0,1,1,1,0,2,1,1,1,1,1,1,0,2,1,1,1,1,0,2,1,1,0,2,2,0,1,1,1,1,0,2,1,1
5,12300.0,8200.0,R5_F5_m5f5_P5_Y30_UO45,R5_F5_m5f5_P5_Y28_UO123,R5_F5_m5f5_P5_Y25_UO8,FXX,2,31.0,1,0,2.075,0,0,0,-9999.0,0.4521942138671875,1,P3_CV0,1,2,0,0,2,0,2,1,1,0,2,1,1,0,2,2,0,2,0,0,2,2,0,1,1,2,0,2,0,2,0,0,2
5,12300.0,8200.0,R5_F5_m5f5_P5_Y30_UO139,R5_F5_m5f5_P5_Y26_UO71,R5_F5_m5f5_P5_Y28_UO232,MXY,2,31.0,1,0,0.0,0,0,0,-9999.0,0.4594268798828125,1,P3_CV0,1,2,0,0,2,0,2,0,2,0,2,1,1,1,1,2,0,1,1,1,1,1,1,1,1,0,2,1,1,0,2,1,1
5,12300.0,8200.0,R5_F5_m5f5_P5_Y30_UO137,R5_F5_m5f5_P5_Y26_UO71,R5_F5_m5f5_P5_Y28_UO232,MXY,2,31.0,1,0,0.0,0,0,0,-9999.0,0.4594268798828125,1,P3_CV0,1,2,0,0,2,1,1,0,2,0,2,0,2,0,2,2,0,1,1,1,1,0,2,2,0,1,1,1,1,0,2,0,2
5,12300.0,8200.0,R5_F5_m5f5_P5_Y29_UO216,R5_F5_m5f5_P5_Y26_UO195,R5_F5_m5f5_P5_Y25_UO30,FXX,3,31.0,1,0,1.206,0,0,0,-9999.0,0.467132568359375,1,P3_CV0,1,0,2,0,2,0,2,2,0,1,1,1,1,1,1,2,0,1,1,1,1,1,1,0,2,2,0,0,2,1,1,1,1
5,12300.0,8200.0,Age0_F5_m5f5_P5_Y32_UO12,R5_F5_m5f5_P5_Y29_UO84,R5_F5_m5f5_P5_Y29_UO87,MXY,0,31.0,0,0,0.0,0,0,0,0.0,0.442840576171875,1,P4_CV0,1,1,1,0,2,0,2,1,1,1,1,1,1,1,1,2,0,1,1,1,1,2,0,2,0,2,0,2,0,0,2,2,0
5,12300.0,8200.0,Age0_F5_m5f5_P5_Y32_UO13,R5_F5_m5f5_P5_Y29_UO84,R5_F5_m5f5_P5_Y29_UO87,FXX,0,31.0,0,0,0.0,0,0,0,0.0,0.442840576171875,1,P4_CV0,1,2,0,0,2,1,1,1,1,2,0,0,2,1,1,1,1,1,1,0,2,2,0,1,1,2,0,0,2,0,2,2,0
5,12300.0,8200.0,Age0_F5_m5f5_P5_Y32_UO17,R5_F5_m5f5_P5_Y29_UO214,R5_F5_m5f5_P5_Y30_UO44,FXX,0,31.0,0,0,0.0,0,0,0,0.0,0.45966339111328125,1,P4_CV0,1,2,0,0,2,1,1,1,1,1,1,2,0,0,2,2,0,1,1,2,0,2,0,0,2,1,1,2,0,2,0,1,1
5,12300.0,8200.0,Age0_F5_m5f5_P5_Y32_UO18,R5_F5_m5f5_P5_Y29_UO214,R5_F5_m5f5_P5_Y30_UO44,FXX,0,31.0,0,0,0.0,0,0,0,0.0,0.45966339111328125,1,P4_CV0,1,1,1,0,2,0,2,1,1,1,1,2,0,0,2,2,0,1,1,1,1,2,0,0,2,1,1,2,0,2,0,0,2
5,12300.0,8200.0,Age0_F5_m5f5_P5_Y32_UO33,R5_F5_m5f5_P5_Y30_UO45,R5_F5_m5f5_P5_Y28_UO1,FXX,0,31.0,0,0,0.0,0,0,0,0.0,0.46092987060546875,1,P4_CV0,1,1,1,0,2,0,2,2,0,1,1,2,0,0,2,1,1,2,0,0,2,2,0,1,1,2,0,2,0,1,1,0,2
5,12300.0,8200.0,Age0_F5_m5f5_P5_Y32_UO34,R5_F5_m5f5_P5_Y30_UO45,R5_F5_m5f5_P5_Y28_UO1,FXX,0,31.0,0,0,0.0,0,0,0,0.0,0.46092987060546875,1,P4_CV0,1,1,1,0,2,0,2,2,0,1,1,1,1,0,2,2,0,1,1,0,2,2,0,1,1,2,0,2,0,1,1,1,1
5,12300.0,8200.0,Age0_F5_m5f5_P5_Y32_UO38,R5_F5_m5f5_P5_Y29_UO275,R5_F5_m5f5_P5_Y30_UO262,FXX,0,31.0,0,0,0.0,0,0,0,0.0,0.4741477966308594,1,P4_CV0,1,2,0,0,2,0,2,1,1,1,1,1,1,0,2,2,0,0,2,1,1,2,0,1,1,2,0,2,0,0,2,2,0
5,12300.0,8200.0,Age0_F5_m5f5_P5_Y32_UO39,R5_F5_m5f5_P5_Y29_UO275,R5_F5_m5f5_P5_Y30_UO262,MXY,0,31.0,0,0,0.0,0,0,0,0.0,0.4741477966308594,1,P4_CV0,1,1,1,0,2,0,2,1,1,1,1,1,1,0,2,1,1,0,2,0,2,2,0,1,1,2,0,1,1,0,2,2,0
5,12300.0,8200.0,Age0_F5_m5f5_P5_Y32_UO40,R5_F5_m5f5_P5_Y29_UO275,R5_F5_m5f5_P5_Y30_UO262,FXX,0,31.0,0,0,0.0,0,0,0,0.0,0.4741477966308594,1,P4_CV0,1,1,1,0,2,0,2,0,2,0,2,0,2,0,2,0,2,0,2,1,1,2,0,1,1,2,0,1,1,1,1,1,1
5,12300.0,8200.0,Age0_F5_m5f5_P5_Y32_UO75,R5_F5_m5f5_P5_Y30_UO275,R5_F5_m5f5_P5_Y29_UO277,FXX,0,31.0,0,0,0.0,0,0,0,0.0,0.45855712890625,1,P4_CV0,1,0,2,0,2,0,2,1,1,0,2,1,1,0,2,2,0,2,0,0,2,2,0,1,1,1,1,1,1,0,2,1,1
5,12300.0,8200.0,Age0_F5_m5f5_P5_Y32_UO76,R5_F5_m5f5_P5_Y30_UO275,R5_F5_m5f5_P5_Y29_UO277,FXX,0,31.0,0,0,0.0,0,0,0,0.0,0.45855712890625,1,P4_CV0,1,0,2,0,2,0,2,1,1,1,1,0,2,0,2,2,0,1,1,1,1,2,0,1,1,1,1,0,2,0,2,1,1
5,12300.0,8200.0,Age0_F5_m5f5_P5_Y32_UO77,R5_F5_m5f5_P5_Y30_UO275,R5_F5_m5f5_P5_Y29_UO277,MXY,0,31.0,0,0,0.0,0,0,0,0.0,0.45855712890625,1,P4_CV0,1,0,2,0,2,0,2,1,1,0,2,1,1,0,2,2,0,0,2,0,2,2,0,1,1,1,1,2,0,0,2,1,1
5,12300.0,8200.0,Age0_F5_m5f5_P5_Y32_UO111,R5_F5_m5f5_P5_Y30_UO45,R5_F5_m5f5_P5_Y28_UO167,MXY,0,31.0,0,0,0.0,0,0,0,0.0,0.45136260986328125,1,P4_CV0,1,2,0,0,2,0,2,1,1,0,2,1,1,0,2,2,0,1,1,0,2,2,0,0,2,2,0,1,1,2,0,1,1
5,12300.0,8200.0,Age0_F5_m5f5_P5_Y32_UO135,R5_F5_m5f5_P5_Y30_UO275,R5_F5_m5f5_P5_Y27_UO38,FXX,0,31.0,0,0,0.0,0,0,0,0.0,0.45479583740234375,1,P4_CV0,1,0,2,0,2,0,2,2,0,1,1,0,2,1,1,2,0,1,1,1,1,2,0,0,2,2,0,2,0,1,1,1,1
5,12300.0,8200.0,Age0_F5_m5f5_P5_Y32_UO140,R5_F5_m5f5_P5_Y28_UO124,R5_F5_m5f5_P5_Y28_UO167,MXY,0,31.0,0,0,0.0,0,0,0,0.0,0.44842529296875,1,P4_CV0,1,2,0,0,2,0,2,1,1,1,1,1,1,0,2,2,0,1,1,0,2,1,1,0,2,2,0,1,1,1,1,1,1
5,12300.0,8200.0,Age0_F5_m5f5_P5_Y32_UO141,R5_F5_m5f5_P5_Y28_UO124,R5_F5_m5f5_P5_Y28_UO167,MXY,0,31.0,0,0,0.0,0,0,0,0.0,0.44842529296875,1,P4_CV0,1,0,2,1,1,0,2,2,0,0,2,2,0,1,1,1,1,1,1,0,2,1,1,1,1,2,0,1,1,1,1,1,1
5,12300.0,8200.0,Age0_F5_m5f5_P5_Y32_UO142,R5_F5_m5f5_P5_Y28_UO124,R5_F5_m5f5_P5_Y28_UO167,MXY,0,31.0,0,0,0.0,0,0,0,0.0,0.44842529296875,1,P4_CV0,1,0,2,0,2,0,2,1,1,0,2,1,1,0,2,1,1,0,2,0,2,1,1,1,1,2,0,0,2,0,2,0,2
5,12300.0,8200.0,Age0_F5_m5f5_P5_Y32_UO143,R5_F5_m5f5_P5_Y28_UO124,R5_F5_m5f5_P5_Y28_UO167,FXX,0,31.0,0,0,0.0,0,0,0,0.0,0.44842529296875,1,P4_CV0,1,0,2,1,1,0,2,1,1,1,1,1,1,1,1,2,0,1,1,0,2,1,1,0,2,0,2,0,2,0,2,0,2
5,12300.0,8200.0,Age0_F5_m5f5_P5_Y32_UO156,R5_F5_m5f5_P5_Y29_UO279,R5_F5_m5f5_P5_Y28_UO1,FXX,0,31.0,0,0,0.0,0,0,0,0.0,0.47101593017578125,1,P4_CV0,1,2,0,0,2,1,1,1,1,1,1,1,1,0,2,1,1,2,0,0,2,1,1,2,0,2,0,2,0,0,2,1,1
5,12300.0,8200.0,Age0_F5_m5f5_P5_Y32_UO171,R5_F5_m5f5_P5_Y30_UO275,R5_F5_m5f5_P5_Y29_UO87,FXX,0,31.0,0,0,0.0,0,0,0,0.0,0.44379425048828125,1,P4_CV0,1,0,2,0,2,1,1,1,1,1,1,2,0,0,2,2,0,0,2,1,1,1,1,1,1,2,0,1,1,0,2,2,0
5,12300.0,8200.0,Age0_F5_m5f5_P5_Y32_UO231,R5_F5_m5f5_P5_Y29_UO86,R5_F5_m5f5_P5_Y30_UO262,FXX,0,31.0,0,0,0.0,0,0,0,0.0,0.4593849182128906,1,P4_CV0,1,1,1,1,1,1,1,1,1,1,1,1,1,0,2,2,0,1,1,1,1,1,1,1,1,2,0,1,1,0,2,1,1
5,12300.0,8200.0,Age0_F5_m5f5_P5_Y32_UO232,R5_F5_m5f5_P5_Y29_UO86,R5_F5_m5f5_P5_Y30_UO262,MXY,0,31.0,0,0,0.0,0,0,0,0.0,0.4593849182128906,1,P4_CV0,1,1,1,1,1,0,2,1,1,2,0,1,1,0,2,1,1,1,1,1,1,2,0,1,1,2,0,1,1,0,2,2,0
5,12300.0,8200.0,Age0_F5_m5f5_P5_Y32_UO233,R5_F5_m5f5_P5_Y29_UO86,R5_F5_m5f5_P5_Y30_UO262,FXX,0,31.0,0,0,0.0,0,0,0,0.0,0.4593849182128906,1,P4_CV0,1,1,1,0,2,0,2,1,1,1,1,1,1,0,2,1,1,1,1,1,1,1,1,1,1,2,0,1,1,0,2,1,1
5,12300.0,8200.0,Age0_F5_m5f5_P5_Y32_UO234,R5_F5_m5f5_P5_Y29_UO86,R5_F5_m5f5_P5_Y30_UO262,MXY,0,31.0,0,0,0.0,0,0,0,0.0,0.4593849182128906,1,P4_CV0,1,1,1,0,2,1,1,1,1,2,0,1,1,0,2,1,1,1,1,1,1,2,0,1,1,2,0,1,1,0,2,2,0
5,12300.0,8200.0,Age0_F5_m5f5_P5_Y32_UO260,R5_F5_m5f5_P5_Y29_UO279,R5_F5_m5f5_P5_Y30_UO201,MXY,0,31.0,0,0,0.0,0,0,0,0.0,0.46502685546875,1,P4_CV0,1,1,1,1,1,1,1,0,2,0,2,1,1,1,1,2,0,1,1,0,2,2,0,2,0,1,1,0,2,1,1,1,1
5,12300.0,8200.0,Age0_F5_m5f5_P5_Y32_UO261,R5_F5_m5f5_P5_Y29_UO279,R5_F5_m5f5_P5_Y30_UO201,MXY,0,31.0,0,0,0.0,0,0,0,0.0,0.46502685546875,1,P4_CV0,1,0,2,1,1,1,1,0,2,0,2,1,1,2,0,2,0,2,0,1,1,2,0,2,0,1,1,0,2,1,1,1,1
5,12300.0,8200.0,Age0_F5_m5f5_P5_Y32_UO270,R5_F5_m5f5_P5_Y30_UO45,R5_F5_m5f5_P5_Y28_UO1,FXX,0,31.0,0,0,0.0,0,0,0,0.0,0.46092987060546875,1,P4_CV0,1,1,1,0,2,0,2,1,1,1,1,2,0,0,2,2,0,1,1,0,2,2,0,2,0,2,0,2,0,1,1,1,1
5,12300.0,8200.0,Age0_F5_m5f5_P5_Y32_UO274,R5_F5_m5f5_P5_Y30_UO45,R5_F5_m5f5_P5_Y28_UO167,MXY,0,31.0,0,0,0.0,0,0,0,0.0,0.45136260986328125,1,P4_CV0,1,2,0,0,2,0,2,1,1,0,2,0,2,1,1,2,0,1,1,0,2,2,0,1,1,2,0,1,1,2,0,0,2
5,12300.0,8200.0,Age0_F5_m5f5_P5_Y32_UO277,R5_F5_m5f5_P5_Y30_UO275,R5_F5_m5f5_P5_Y30_UO44,MXY,0,31.0,0,0,0.0,0,0,0,0.0,0.4484710693359375,1,P4_CV0,1,1,1,0,2,1,1,2,0,0,2,2,0,1,1,2,0,2,0,0,2,2,0,1,1,2,0,2,0,1,1,0,2
5,12300.0,8200.0,R5_F5_m5f5_P5_Y31_UO261,R5_F5_m5f5_P5_Y28_UO252,R5_F5_m5f5_P5_Y28_UO232,FXX,1,31.0,1,1,1.265,0,0,0,-9999.0,0.45652008056640625,1,P4_CV0,1,1,1,0,2,0,2,1,1,0,2,1,1,0,2,1,1,0,2,1,1,1,1,0,2,2,0,2,0,0,2,0,2
5,12300.0,8200.0,R5_F5_m5f5_P5_Y31_UO262,R5_F5_m5f5_P5_Y28_UO252,R5_F5_m5f5_P5_Y28_UO232,MXY,1,31.0,1,1,0.0,0,0,0,-9999.0,0.45652008056640625,1,P4_CV0,1,2,0,0,2,0,2,0,2,0,2,0,2,0,2,1,1,0,2,1,1,1,1,0,2,2,0,2,0,0,2,2,0
5,12300.0,8200.0,R5_F5_m5f5_P5_Y31_UO123,R5_F5_m5f5_P5_Y26_UO71,R5_F5_m5f5_P5_Y29_UO87,FXX,1,31.0,1,1,2.411,0,0,0,-9999.0,0.4603118896484375,1,P4_CV0,1,1,1,0,2,0,2,1,1,1,1,1,1,1,1,1,1,1,1,0,2,0,2,2,0,2,0,1,1,0,2,1,1
5,12300.0,8200.0,R5_F5_m5f5_P5_Y31_UO176,R5_F5_m5f5_P5_Y28_UO252,R5_F5_m5f5_P5_Y28_UO251,FXX,1,31.0,1,1,1.077,0,0,0,-9999.0,0.4719696044921875,1,P4_CV0,1,2,0,1,1,1,1,1,1,0,2,1,1,1,1,0,2,0,2,0,2,1,1,1,1,2,0,2,0,0,2,1,1
5,12300.0,8200.0,R5_F5_m5f5_P5_Y31_UO171,R5_F5_m5f5_P5_Y28_UO25,R5_F5_m5f5_P5_Y29_UO83,FXX,1,31.0,1,1,0.0,0,0,0,-9999.0,0.46375274658203125,1,P4_CV0,1,1,1,1,1,0,2,2,0,1,1,0,2,1,1,1,1,2,0,1,1,2,0,2,0,1,1,1,1,1,1,0,2
5,12300.0,8200.0,R5_F5_m5f5_P5_Y31_UO124,R5_F5_m5f5_P5_Y26_UO71,R5_F5_m5f5_P5_Y29_UO87,MXY,1,31.0,1,1,0.0,0,0,0,-9999.0,0.4603118896484375,1,P4_CV0,1,1,1,0,2,0,2,1,1,1,1,1,1,1,1,0,2,1,1,0,2,0,2,2,0,2,0,2,0,0,2,1,1
5,12300.0,8200.0,R5_F5_m5f5_P5_Y31_UO199,R5_F5_m5f5_P5_Y28_UO252,R5_F5_m5f5_P5_Y29_UO288,MXY,1,31.0,1,1,0.0,0,0,0,-9999.0,0.4754486083984375,1,P4_CV0,1,2,0,0,2,0,2,1,1,0,2,2,0,1,1,0,2,1,1,0,2,1,1,1,1,2,0,1,1,1,1,1,1
5,12300.0,8200.0,R5_F5_m5f5_P5_Y31_UO79,R5_F5_m5f5_P5_Y29_UO84,R5_F5_m5f5_P5_Y29_UO288,MXY,1,31.0,1,1,0.0,0,0,0,-9999.0,0.46088409423828125,1,P4_CV0,1,2,0,0,2,1,1,0,2,2,0,1,1,2,0,2,0,2,0,1,1,2,0,1,1,2,0,1,1,1,1,1,1
5,12300.0,8200.0,R5_F5_m5f5_P5_Y31_UO198,R5_F5_m5f5_P5_Y28_UO252,R5_F5_m5f5_P5_Y29_UO288,FXX,1,31.0,1,1,0.0,0,0,0,-9999.0,0.4754486083984375,1,P4_CV0,1,1,1,0,2,0,2,1,1,1,1,0,2,1,1,0,2,1,1,1,1,1,1,1,1,2,0,1,1,0,2,1,1
5,12300.0,8200.0,R5_F5_m5f5_P5_Y31_UO8,R5_F5_m5f5_P5_Y28_UO3,R5_F5_m5f5_P5_Y29_UO213,FXX,1,31.0,1,1,2.245,0,0,0,-9999.0,0.4683990478515625,1,P4_CV0,1,1,1,0,2,0,2,2,0,0,2,0,2,1,1,1,1,0,2,0,2,1,1,2,0,2,0,0,2,0,2,1,1
5,12300.0,8200.0,R5_F5_m5f5_P5_Y31_UO177,R5_F5_m5f5_P5_Y28_UO252,R5_F5_m5f5_P5_Y28_UO251,MXY,1,31.0,1,1,0.0,0,0,0,-9999.0,0.4719696044921875,1,P4_CV0,1,1,1,1,1,0,2,0,2,0,2,0,2,0,2,0,2,0,2,0,2,2,0,1,1,2,0,2,0,0,2,1,1
5,12300.0,8200.0,R5_F5_m5f5_P5_Y30_UO44,R5_F5_m5f5_P5_Y28_UO123,R5_F5_m5f5_P5_Y25_UO8,MXY,2,31.0,1,0,0.0,0,0,0,-9999.0,0.4521942138671875,1,P4_CV0,1,1,1,0,2,1,1,1,1,0,2,2,0,0,2,2,0,2,0,1,1,2,0,1,1,2,0,2,0,1,1,1,1
5,12300.0,8200.0,R5_F5_m5f5_P5_Y30_UO3,R5_F5_m5f5_P5_Y28_UO124,R5_F5_m5f5_P5_Y28_UO251,FXX,2,31.0,1,0,3.204,0,0,0,-9999.0,0.45914459228515625,1,P4_CV0,1,1,1,1,1,0,2,2,0,0,2,1,1,0,2,0,2,1,1,0,2,1,1,1,1,2,0,1,1,0,2,1,1
5,12300.0,8200.0,R5_F5_m5f5_P5_Y30_UO262,R5_F5_m5f5_P5_Y28_UO252,R5_F5_m5f5_P5_Y27_UO63,MXY,2,31.0,1,0,0.0,0,0,0,-9999.0,0.47592926025390625,1,P4_CV0,1,2,0,0,2,0,2,1,1,1,1,0,2,0,2,1,1,0,2,0,2,2,0,0,2,2,0,2,0,0,2,1,1
5,12300.0,8200.0,R5_F5_m5f5_P5_Y30_UO264,R5_F5_m5f5_P5_Y28_UO252,R5_F5_m5f5_P5_Y27_UO63,FXX,2,31.0,1,0,1.072,0,0,0,-9999.0,0.47592926025390625,1,P4_CV0,1,2,0,0,2,0,2,1,1,0,2,0,2,1,1,1,1,1,1,0,2,1,1,0,2,1,1,2,0,0,2,2,0
5,12300.0,8200.0,R5_F5_m5f5_P5_Y30_UO201,R5_F5_m5f5_P5_Y27_UO40,R5_F5_m5f5_P5_Y28_UO167,MXY,2,31.0,1,0,0.0,0,0,0,-9999.0,0.4576873779296875,1,P4_CV0,1,1,1,1,1,0,2,0,2,0,2,2,0,2,0,1,1,1,1,1,1,2,0,1,1,1,1,0,2,2,0,1,1
5,12300.0,8200.0,R5_F5_m5f5_P5_Y30_UO197,R5_F5_m5f5_P5_Y27_UO106,R5_F5_m5f5_P5_Y27_UO38,FXX,2,31.0,1,0,1.818,0,0,0,-9999.0,0.451904296875,1,P4_CV0,1,0,2,0,2,0,2,2,0,1,1,0,2,0,2,1,1,1,1,1,1,1,1,0,2,1,1,2,0,1,1,0,2
5,12300.0,8200.0,R5_F5_m5f5_P5_Y29_UO50,R5_F5_m5f5_P5_Y27_UO106,R5_F5_m5f5_P5_Y27_UO68,FXX,3,31.0,1,0,0.0,0,0,0,-9999.0,0.4594268798828125,1,P4_CV0,1,2,0,0,2,1,1,2,0,0,2,0,2,0,2,2,0,1,1,1,1,2,0,2,0,1,1,2,0,0,2,1,1
5,12300.0,8200.0,R5_F5_m5f5_P5_Y29_UO86,R5_F5_m5f5_P5_Y25_UO6,R5_F5_m5f5_P5_Y26_UO146,FXX,3,31.0,1,0,0.0,0,0,0,-9999.0,0.442840576171875,1,P4_CV0,1,0,2,1,1,1,1,1,1,2,0,2,0,0,2,2,0,2,0,1,1,1,1,2,0,2,0,0,2,0,2,1,1
5,12300.0,8200.0,R5_F5_m5f5_P5_Y29_UO87,R5_F5_m5f5_P5_Y25_UO6,R5_F5_m5f5_P5_Y26_UO146,MXY,3,31.0,1,0,0.0,0,0,0,-9999.0,0.442840576171875,1,P4_CV0,1,1,1,0,2,1,1,2,0,1,1,1,1,0,2,1,1,1,1,1,1,1,1,2,0,2,0,1,1,0,2,1,1
5,12300.0,8200.0,R5_F5_m5f5_P5_Y29_UO277,R5_F5_m5f5_P5_Y27_UO39,R5_F5_m5f5_P5_Y27_UO63,MXY,3,31.0,1,0,0.0,0,0,0,-9999.0,0.4723663330078125,1,P4_CV0,1,0,2,0,2,0,2,0,2,0,2,0,2,0,2,2,0,1,1,0,2,1,1,2,0,1,1,1,1,0,2,2,0
5,12300.0,8200.0,R5_F5_m5f5_P5_Y28_UO167,R5_F5_m5f5_P5_Y26_UO67,R5_F5_m5f5_P5_Y25_UO30,MXY,4,31.0,1,0,0.0,0,0,0,-9999.0,0.450531005859375,1,P4_CV0,1,1,1,0,2,0,2,1,1,0,2,1,1,1,1,2,0,1,1,0,2,2,0,0,2,1,1,0,2,1,1,1,1
5,12300.0,8200.0,R5_F5_m5f5_P5_Y28_UO1,R5_F5_m5f5_P5_Y24_UO28,R5_F5_m5f5_P5_Y26_UO197,MXY,4,31.0,1,0,0.0,0,0,0,-9999.0,0.46966552734375,1,P4_CV0,1,1,1,0,2,0,2,1,1,2,0,1,1,0,2,1,1,1,1,0,2,2,0,2,0,2,0,2,0,0,2,1,1
5,12300.0,8200.0,Age0_F5_m5f5_P5_Y32_UO25,R5_F5_m5f5_P5_Y29_UO214,R5_F5_m5f5_P5_Y30_UO254,MXY,0,31.0,0,0,0.0,0,0,0,0.0,0.4656944274902344,1,P5_CV0,1,2,0,0,2,1,1,1,1,1,1,1,1,1,1,2,0,1,1,0,2,2,0,1,1,1,1,1,1,1,1,2,0
5,12300.0,8200.0,Age0_F5_m5f5_P5_Y32_UO134,R5_F5_m5f5_P5_Y30_UO275,R5_F5_m5f5_P5_Y27_UO38,MXY,0,31.0,0,0,0.0,0,0,0,0.0,0.45479583740234375,1,P5_CV0,1,0,2,0,2,0,2,1,1,0,2,1,1,0,2,2,0,1,1,1,1,2,0,0,2,2,0,1,1,0,2,0,2
5,12300.0,8200.0,Age0_F5_m5f5_P5_Y32_UO170,R5_F5_m5f5_P5_Y30_UO275,R5_F5_m5f5_P5_Y29_UO87,FXX,0,31.0,0,0,0.0,0,0,0,0.0,0.44379425048828125,1,P5_CV0,1,0,2,0,2,1,1,1,1,2,0,1,1,1,1,2,0,0,2,2,0,2,0,1,1,2,0,2,0,0,2,0,2
5,12300.0,8200.0,Age0_F5_m5f5_P5_Y32_UO226,R5_F5_m5f5_P5_Y30_UO275,R5_F5_m5f5_P5_Y30_UO139,MXY,0,31.0,0,0,0.0,0,0,0,0.0,0.45208740234375,1,P5_CV0,1,1,1,0,2,0,2,1,1,0,2,1,1,2,0,2,0,1,1,1,1,1,1,1,1,1,1,1,1,0,2,1,1
5,12300.0,8200.0,Age0_F5_m5f5_P5_Y32_UO227,R5_F5_m5f5_P5_Y30_UO275,R5_F5_m5f5_P5_Y30_UO139,FXX,0,31.0,0,0,0.0,0,0,0,0.0,0.45208740234375,1,P5_CV0,1,1,1,0,2,0,2,1,1,1,1,1,1,0,2,2,0,2,0,0,2,2,0,0,2,1,1,1,1,0,2,1,1
5,12300.0,8200.0,Age0_F5_m5f5_P5_Y32_UO228,R5_F5_m5f5_P5_Y30_UO275,R5_F5_m5f5_P5_Y30_UO139,MXY,0,31.0,0,0,0.0,0,0,0,0.0,0.45208740234375,1,P5_CV0,1,1,1,0,2,0,2,1,1,1,1,2,0,2,0,2,0,0,2,2,0,1,1,1,1,1,1,1,1,0,2,1,1
5,12300.0,8200.0,Age0_F5_m5f5_P5_Y32_UO229,R5_F5_m5f5_P5_Y30_UO275,R5_F5_m5f5_P5_Y30_UO254,FXX,0,31.0,0,0,0.0,0,0,0,0.0,0.4545021057128906,1,P5_CV0,1,1,1,0,2,0,2,2,0,0,2,0,2,0,2,2,0,1,1,1,1,2,0,1,1,2,0,0,2,0,2,2,0
5,12300.0,8200.0,Age0_F5_m5f5_P5_Y32_UO230,R5_F5_m5f5_P5_Y30_UO275,R5_F5_m5f5_P5_Y30_UO254,MXY,0,31.0,0,0,0.0,0,0,0,0.0,0.4545021057128906,1,P5_CV0,1,1,1,0,2,0,2,1,1,1,1,0,2,1,1,2,0,1,1,0,2,2,0,0,2,2,0,1,1,0,2,0,2
5,12300.0,8200.0,Age0_F5_m5f5_P5_Y32_UO276,R5_F5_m5f5_P5_Y30_UO275,R5_F5_m5f5_P5_Y30_UO44,MXY,0,31.0,0,0,0.0,0,0,0,0.0,0.4484710693359375,1,P5_CV0,1,1,1,0,2,1,1,2,0,1,1,1,1,0,2,2,0,1,1,0,2,2,0,1,1,2,0,1,1,0,2,0,2
5,12300.0,8200.0,R5_F5_m5f5_P5_Y31_UO233,R5_F5_m5f5_P5_Y28_UO123,R5_F5_m5f5_P5_Y28_UO28,MXY,1,31.0,1,1,0.0,0,0,0,-9999.0,0.46549224853515625,1,P5_CV0,1,2,0,0,2,1,1,1,1,1,1,1,1,0,2,1,1,1,1,1,1,2,0,1,1,2,0,1,1,2,0,1,1
5,12300.0,8200.0,R5_F5_m5f5_P5_Y31_UO192,R5_F5_m5f5_P5_Y29_UO297,R5_F5_m5f5_P5_Y26_UO58,MXY,1,31.0,1,1,0.0,0,0,0,-9999.0,0.4452667236328125,1,P5_CV0,1,2,0,0,2,1,1,0,2,0,2,1,1,0,2,2,0,1,1,0,2,0,2,1,1,2,0,1,1,0,2,0,2
5,12300.0,8200.0,R5_F5_m5f5_P5_Y31_UO264,R5_F5_m5f5_P5_Y28_UO252,R5_F5_m5f5_P5_Y28_UO232,FXX,1,31.0,1,1,1.488,0,0,0,-9999.0,0.45652008056640625,1,P5_CV0,1,1,1,0,2,0,2,0,2,0,2,0,2,0,2,1,1,1,1,1,1,0,2,1,1,1,1,1,1,0,2,1,1
5,12300.0,8200.0,R5_F5_m5f5_P5_Y31_UO224,R5_F5_m5f5_P5_Y28_UO3,R5_F5_m5f5_P5_Y28_UO232,FXX,1,31.0,1,1,2.613,0,0,0,-9999.0,0.4553680419921875,1,P5_CV0,1,1,1,0,2,0,2,2,0,1,1,0,2,0,2,1,1,0,2,1,1,1,1,2,0,1,1,0,2,0,2,1,1
5,12300.0,8200.0,R5_F5_m5f5_P5_Y31_UO95,R5_F5_m5f5_P5_Y29_UO50,R5_F5_m5f5_P5_Y28_UO232,FXX,1,31.0,1,1,0.0,0,0,0,-9999.0,0.45024871826171875,1,P5_CV0,1,2,0,0,2,0,2,1,1,0,2,0,2,0,2,2,0,1,1,1,1,1,1,1,1,1,1,2,0,0,2,1,1
5,12300.0,8200.0,R5_F5_m5f5_P5_Y30_UO275,R5_F5_m5f5_P5_Y27_UO106,R5_F5_m5f5_P5_Y28_UO167,FXX,2,31.0,1,0,1.39,0,0,0,-9999.0,0.4447479248046875,1,P5_CV0,1,0,2,0,2,0,2,1,1,1,1,1,1,1,1,2,0,1,1,1,1,2,0,0,2,2,0,1,1,0,2,1,1
5,12300.0,8200.0,R5_F5_m5f5_P5_Y30_UO254,R5_F5_m5f5_P5_Y28_UO25,R5_F5_m5f5_P5_Y26_UO58,MXY,2,31.0,1,0,0.0,0,0,0,-9999.0,0.46425628662109375,1,P5_CV0,1,2,0,0,2,1,1,1,1,1,1,0,2,0,2,2,0,0,2,1,1,2,0,1,1,1,1,0,2,0,2,1,1
5,12300.0,8200.0,R5_F5_m5f5_P5_Y30_UO53,R5_F5_m5f5_P5_Y28_UO124,R5_F5_m5f5_P5_Y26_UO66,FXX,2,31.0,1,0,1.0,0,0,0,-9999.0,0.4447479248046875,1,P5_CV0,1,1,1,0,2,1,1,1,1,0,2,0,2,0,2,2,0,1,1,1,1,0,2,1,1,0,2,0,2,0,2,1,1
5,12300.0,8200.0,R5_F5_m5f5_P5_Y30_UO51,R5_F5_m5f5_P5_Y28_UO124,R5_F5_m5f5_P5_Y26_UO66,MXY,2,31.0,1,0,0.0,0,0,0,-9999.0,0.4447479248046875,1,P5_CV0,1,2,0,0,2,1,1,1,1,0,2,0,2,0,2,1,1,0,2,1,1,0,2,1,1,0,2,0,2,0,2,1,1
5,12300.0,8200.0,R5_F5_m5f5_P5_Y30_UO50,R5_F5_m5f5_P5_Y28_UO124,R5_F5_m5f5_P5_Y26_UO66,FXX,2,31.0,1,0,0.0,0,0,0,-9999.0,0.4447479248046875,1,P5_CV0,1,2,0,1,1,0,2,1,1,0,2,1,1,0,2,1,1,1,1,1,1,0,2,0,2,2,0,1,1,0,2,1,1
6,12400.0,8200.0,Age0_F6_m6f6_P6_Y32_UO31,R6_F6_m6f6_P6_Y28_UO200,R6_F6_m6f6_P6_Y30_UO42,MXY,0,31.0,0,0,0.0,0,0,0,0.0,0.5426101684570312,1,P1_CV0,1,1,1,0,2,0,2,1,1,1,1,1,1,1,1,1,1,1,1,0,2,2,0,2,0,1,1,1,1,1,1,1,1
6,12400.0,8200.0,Age0_F6_m6f6_P6_Y32_UO32,R6_F6_m6f6_P6_Y28_UO200,R6_F6_m6f6_P6_Y30_UO42,FXX,0,31.0,0,0,0.0,0,0,0,0.0,0.5426101684570312,1,P1_CV0,1,0,2,0,2,0,2,1,1,2,0,2,0,1,1,0,2,2,0,0,2,2,0,2,0,2,0,1,1,1,1,1,1
6,12400.0,8200.0,Age0_F6_m6f6_P6_Y32_UO172,R6_F6_m6f6_P6_Y30_UO16,R6_F6_m6f6_P6_Y29_UO121,FXX,0,31.0,0,0,0.0,0,0,0,0.0,0.51904296875,1,P1_CV0,1,1,1,1,1,0,2,1,1,2,0,0,2,0,2,1,1,2,0,1,1,2,0,2,0,1,1,2,0,1,1,1,1
6,12400.0,8200.0,Age0_F6_m6f6_P6_Y32_UO174,R6_F6_m6f6_P6_Y30_UO16,R6_F6_m6f6_P6_Y29_UO121,FXX,0,31.0,0,0,0.0,0,0,0,0.0,0.51904296875,1,P1_CV0,1,0,2,1,1,0,2,2,0,2,0,0,2,0,2,1,1,2,0,1,1,1,1,2,0,1,1,2,0,1,1,1,1
6,12400.0,8200.0,Age0_F6_m6f6_P6_Y32_UO175,R6_F6_m6f6_P6_Y30_UO16,R6_F6_m6f6_P6_Y29_UO121,MXY,0,31.0,0,0,0.0,0,0,0,0.0,0.51904296875,1,P1_CV0,1,1,1,0,2,0,2,2,0,2,0,0,2,0,2,1,1,2,0,2,0,2,0,2,0,1,1,1,1,1,1,1,1
6,12400.0,8200.0,Age0_F6_m6f6_P6_Y32_UO177,R6_F6_m6f6_P6_Y30_UO16,R6_F6_m6f6_P6_Y29_UO121,FXX,0,31.0,0,0,0.0,0,0,0,0.0,0.51904296875,1,P1_CV0,1,0,2,1,1,0,2,1,1,2,0,0,2,0,2,2,0,1,1,0,2,1,1,2,0,2,0,1,1,1,1,2,0
6,12400.0,8200.0,Age0_F6_m6f6_P6_Y32_UO178,R6_F6_m6f6_P6_Y30_UO16,R6_F6_m6f6_P6_Y29_UO121,MXY,0,31.0,0,0,0.0,0,0,0,0.0,0.51904296875,1,P1_CV0,1,0,2,1,1,0,2,2,0,2,0,0,2,0,2,2,0,2,0,1,1,2,0,2,0,2,0,1,1,1,1,2,0
6,12400.0,8200.0,Age0_F6_m6f6_P6_Y32_UO186,R6_F6_m6f6_P6_Y30_UO16,R6_F6_m6f6_P6_Y30_UO252,MXY,0,31.0,0,0,0.0,0,0,0,0.0,0.5115432739257812,1,P1_CV0,1,1,1,0,2,1,1,1,1,2,0,0,2,1,1,1,1,1,1,1,1,2,0,2,0,0,2,2,0,1,1,0,2
6,12400.0,8200.0,Age0_F6_m6f6_P6_Y32_UO187,R6_F6_m6f6_P6_Y30_UO16,R6_F6_m6f6_P6_Y30_UO252,MXY,0,31.0,0,0,0.0,0,0,0,0.0,0.5115432739257812,1,P1_CV0,1,1,1,1,1,0,2,1,1,2,0,0,2,1,1,0,2,1,1,1,1,2,0,2,0,0,2,2,0,1,1,1,1
6,12400.0,8200.0,Age0_F6_m6f6_P6_Y32_UO188,R6_F6_m6f6_P6_Y30_UO16,R6_F6_m6f6_P6_Y30_UO252,MXY,0,31.0,0,0,0.0,0,0,0,0.0,0.5115432739257812,1,P1_CV0,1,0,2,0,2,0,2,2,0,2,0,0,2,0,2,1,1,0,2,0,2,1,1,2,0,1,1,2,0,1,1,1,1
6,12400.0,8200.0,Age0_F6_m6f6_P6_Y32_UO189,R6_F6_m6f6_P6_Y30_UO16,R6_F6_m6f6_P6_Y30_UO252,MXY,0,31.0,0,0,0.0,0,0,0,0.0,0.5115432739257812,1,P1_CV0,1,1,1,0,2,1,1,2,0,2,0,0,2,1,1,1,1,0,2,0,2,1,1,2,0,1,1,1,1,2,0,1,1
6,12400.0,8200.0,Age0_F6_m6f6_P6_Y32_UO190,R6_F6_m6f6_P6_Y30_UO16,R6_F6_m6f6_P6_Y30_UO252,FXX,0,31.0,0,0,0.0,0,0,0,0.0,0.5115432739257812,1,P1_CV0,1,0,2,0,2,0,2,2,0,2,0,0,2,1,1,0,2,0,2,0,2,1,1,2,0,0,2,1,1,1,1,1,1
6,12400.0,8200.0,Age0_F6_m6f6_P6_Y32_UO243,R6_F6_m6f6_P6_Y28_UO200,R6_F6_m6f6_P6_Y28_UO151,FXX,0,31.0,0,0,0.0,0,0,0,0.0,0.535980224609375,1,P1_CV0,1,0,2,1,1,1,1,1,1,0,2,0,2,1,1,1,1,2,0,0,2,2,0,2,0,0,2,2,0,2,0,1,1
6,12400.0,8200.0,Age0_F6_m6f6_P6_Y32_UO246,R6_F6_m6f6_P6_Y28_UO200,R6_F6_m6f6_P6_Y28_UO151,FXX,0,31.0,0,0,0.0,0,0,0,0.0,0.535980224609375,1,P1_CV0,1,0,2,1,1,2,0,1,1,0,2,1,1,2,0,2,0,1,1,0,2,1,1,2,0,0,2,1,1,2,0,1,1
6,12400.0,8200.0,Age0_F6_m6f6_P6_Y32_UO249,R6_F6_m6f6_P6_Y28_UO200,R6_F6_m6f6_P6_Y28_UO151,MXY,0,31.0,0,0,0.0,0,0,0,0.0,0.535980224609375,1,P1_CV0,1,0,2,1,1,1,1,2,0,1,1,0,2,1,1,1,1,2,0,0,2,1,1,2,0,2,0,1,1,2,0,1,1
6,12400.0,8200.0,R6_F6_m6f6_P6_Y30_UO190,R6_F6_m6f6_P6_Y28_UO42,R6_F6_m6f6_P6_Y28_UO59,MXY,2,31.0,1,0,0.0,0,0,0,-9999.0,0.5248947143554688,1,P1_CV0,1,1,1,1,1,0,2,0,2,1,1,1,1,1,1,2,0,1,1,1,1,1,1,2,0,2,0,1,1,1,1,1,1
6,12400.0,8200.0,R6_F6_m6f6_P6_Y30_UO16,RD6_F4_m4f4_P4_Y28_UO279,R6_F6_m6f6_P6_Y28_UO280,FXX,2,31.0,1,0,1.0,0,0,0,-9999.0,0.5130767822265625,1,P1_CV0,1,1,1,1,1,0,2,1,1,2,0,0,2,0,2,1,1,1,1,1,1,2,0,2,0,1,1,2,0,2,0,1,1
6,12400.0,8200.0,R6_F6_m6f6_P6_Y30_UO252,R6_F6_m6f6_P6_Y28_UO125,R6_F6_m6f6_P6_Y27_UO45,MXY,2,31.0,1,0,0.0,0,0,0,-9999.0,0.510009765625,1,P1_CV0,1,0,2,0,2,1,1,2,0,2,0,0,2,1,1,1,1,0,2,0,2,1,1,2,0,0,2,1,1,1,1,1,1
6,12400.0,8200.0,R6_F6_m6f6_P6_Y30_UO40,R6_F6_m6f6_P6_Y26_UO140,R6_F6_m6f6_P6_Y28_UO280,FXX,2,31.0,1,0,1.736,0,0,0,-9999.0,0.5396575927734375,1,P1_CV0,1,1,1,1,1,0,2,1,1,1,1,1,1,2,0,1,1,1,1,0,2,2,0,1,1,0,2,2,0,0,2,2,0
6,12400.0,8200.0,R6_F6_m6f6_P6_Y30_UO251,R6_F6_m6f6_P6_Y28_UO125,R6_F6_m6f6_P6_Y27_UO45,FXX,2,31.0,1,0,2.062,0,0,0,-9999.0,0.510009765625,1,P1_CV0,1,0,2,0,2,0,2,1,1,2,0,0,2,1,1,1,1,0,2,0,2,1,1,2,0,0,2,2,0,1,1,0,2
6,12400.0,8200.0,R6_F6_m6f6_P6_Y30_UO220,R6_F6_m6f6_P6_Y27_UO276,R6_F6_m6f6_P6_Y27_UO216,FXX,2,31.0,1,0,1.599,0,0,0,-9999.0,0.51019287109375,1,P1_CV0,1,0,2,0,2,1,1,0,2,2,0,1,1,1,1,2,0,2,0,0,2,1,1,2,0,1,1,1,1,2,0,1,1
6,12400.0,8200.0,R6_F6_m6f6_P6_Y28_UO200,R6_F6_m6f6_P6_Y25_UO179,R6_F6_m6f6_P6_Y26_UO132,FXX,4,31.0,1,0,2.426,0,0,0,-9999.0,0.545562744140625,1,P1_CV0,1,0,2,1,1,1,1,2,0,1,1,1,1,1,1,1,1,2,0,0,2,2,0,2,0,1,1,2,0,2,0,2,0
6,12400.0,8200.0,R6_F6_m6f6_P6_Y31_UO160,R6_F6_m6f6_P6_Y29_UO134,R6_F6_m2f2_P2_Y28_UO115,FXX,1,31.0,1,1,1.552,0,0,0,-9999.0,0.4972076416015625,1,P2_CV0,1,2,0,0,2,1,1,1,1,1,1,1,1,2,0,1,1,2,0,0,2,0,2,1,1,2,0,2,0,0,2,2,0
6,12400.0,8200.0,R6_F6_m6f6_P6_Y31_UO229,RD6_F3_m3f3_P3_Y26_UO251,R6_F6_m6f6_P6_Y26_UO61,FXX,1,31.0,1,1,0.0,0,0,0,-9999.0,0.5218353271484375,1,P2_CV0,1,0,2,1,1,0,2,2,0,1,1,1,1,0,2,0,2,0,2,0,2,0,2,2,0,1,1,2,0,1,1,1,1
6,12400.0,8200.0,Age0_F6_m6f6_P6_Y32_UO179,R6_F6_m6f6_P6_Y30_UO230,R6_F6_m6f6_P6_Y30_UO159,FXX,0,31.0,0,0,0.0,0,0,0,0.0,0.539947509765625,1,P3_CV0,1,1,1,0,2,1,1,2,0,0,2,1,1,1,1,1,1,2,0,0,2,0,2,2,0,0,2,1,1,1,1,1,1
6,12400.0,8200.0,Age0_F6_m6f6_P6_Y32_UO180,R6_F6_m6f6_P6_Y30_UO230,R6_F6_m6f6_P6_Y30_UO159,MXY,0,31.0,0,0,0.0,0,0,0,0.0,0.539947509765625,1,P3_CV0,1,1,1,0,2,1,1,2,0,2,0,0,2,1,1,1,1,2,0,0,2,0,2,2,0,0,2,0,2,2,0,2,0
6,12400.0,8200.0,Age0_F6_m6f6_P6_Y32_UO181,R6_F6_m6f6_P6_Y30_UO230,R6_F6_m6f6_P6_Y30_UO159,MXY,0,31.0,0,0,0.0,0,0,0,0.0,0.539947509765625,1,P3_CV0,1,1,1,0,2,1,1,2,0,2,0,0,2,1,1,0,2,0,2,0,2,0,2,2,0,0,2,0,2,2,0,0,2
6,12400.0,8200.0,Age0_F6_m6f6_P6_Y32_UO182,R6_F6_m6f6_P6_Y30_UO230,R6_F6_m6f6_P6_Y30_UO159,MXY,0,31.0,0,0,0.0,0,0,0,0.0,0.539947509765625,1,P3_CV0,1,1,1,0,2,1,1,2,0,1,1,1,1,1,1,1,1,1,1,0,2,0,2,2,0,0,2,0,2,0,2,1,1
6,12400.0,8200.0,Age0_F6_m6f6_P6_Y32_UO183,R6_F6_m6f6_P6_Y30_UO230,R6_F6_m6f6_P6_Y30_UO159,MXY,0,31.0,0,0,0.0,0,0,0,0.0,0.539947509765625,1,P3_CV0,1,1,1,0,2,1,1,2,0,2,0,0,2,1,1,1,1,2,0,0,2,0,2,2,0,0,2,1,1,1,1,0,2
6,12400.0,8200.0,Age0_F6_m6f6_P6_Y32_UO184,R6_F6_m6f6_P6_Y30_UO230,R6_F6_m6f6_P6_Y30_UO159,FXX,0,31.0,0,0,0.0,0,0,0,0.0,0.539947509765625,1,P3_CV0,1,1,1,0,2,1,1,2,0,1,1,0,2,1,1,0,2,1,1,0,2,0,2,2,0,1,1,1,1,2,0,2,0
6,12400.0,8200.0,Age0_F6_m6f6_P6_Y32_UO217,R6_F6_m6f6_P6_Y28_UO44,R6_F6_m6f6_P6_Y30_UO159,MXY,0,31.0,0,0,0.0,0,0,0,0.0,0.515350341796875,1,P3_CV0,1,1,1,0,2,0,2,1,1,1,1,0,2,1,1,1,1,2,0,0,2,0,2,2,0,2,0,0,2,0,2,1,1
6,12400.0,8200.0,Age0_F6_m6f6_P6_Y32_UO223,R6_F6_m6f6_P6_Y28_UO44,R6_F6_m6f6_P6_Y30_UO159,FXX,0,31.0,0,0,0.0,0,0,0,0.0,0.515350341796875,1,P3_CV0,1,1,1,0,2,0,2,2,0,2,0,0,2,0,2,1,1,2,0,0,2,0,2,2,0,2,0,1,1,1,1,1,1
6,12400.0,8200.0,Age0_F6_m6f6_P6_Y32_UO244,R6_F6_m6f6_P6_Y28_UO200,R6_F6_m6f6_P6_Y28_UO151,FXX,0,31.0,0,0,0.0,0,0,0,0.0,0.535980224609375,1,P3_CV0,1,0,2,0,2,1,1,1,1,0,2,1,1,0,2,2,0,2,0,0,2,2,0,2,0,0,2,2,0,2,0,1,1
6,12400.0,8200.0,Age0_F6_m6f6_P6_Y32_UO245,R6_F6_m6f6_P6_Y28_UO200,R6_F6_m6f6_P6_Y28_UO151,MXY,0,31.0,0,0,0.0,0,0,0,0.0,0.535980224609375,1,P3_CV0,1,0,2,0,2,2,0,1,1,1,1,1,1,1,1,2,0,2,0,0,2,1,1,2,0,2,0,1,1,2,0,1,1
6,12400.0,8200.0,Age0_F6_m6f6_P6_Y32_UO247,R6_F6_m6f6_P6_Y28_UO200,R6_F6_m6f6_P6_Y28_UO151,FXX,0,31.0,0,0,0.0,0,0,0,0.0,0.535980224609375,1,P3_CV0,1,0,2,1,1,2,0,1,1,1,1,1,1,0,2,1,1,2,0,0,2,2,0,2,0,2,0,1,1,2,0,1,1
6,12400.0,8200.0,Age0_F6_m6f6_P6_Y32_UO248,R6_F6_m6f6_P6_Y28_UO200,R6_F6_m6f6_P6_Y28_UO151,MXY,0,31.0,0,0,0.0,0,0,0,0.0,0.535980224609375,1,P3_CV0,1,0,2,0,2,2,0,2,0,0,2,0,2,1,1,2,0,1,1,0,2,1,1,2,0,0,2,2,0,2,0,1,1
6,12400.0,8200.0,R6_F6_m6f6_P6_Y31_UO63,R6_F6_m6f6_P6_Y28_UO112,R6_F6_m6f6_P6_Y26_UO61,MXY,1,31.0,1,1,0.0,0,0,0,-9999.0,0.5261154174804688,1,P3_CV0,1,1,1,0,2,1,1,2,0,1,1,0,2,1,1,0,2,0,2,0,2,0,2,1,1,1,1,1,1,0,2,2,0
6,12400.0,8200.0,R6_F6_m6f6_P6_Y31_UO27,R6_F6_m6f6_P6_Y29_UO252,R6_F6_m6f6_P6_Y26_UO62,FXX,1,31.0,1,1,1.144,0,0,0,-9999.0,0.544281005859375,1,P3_CV0,1,0,2,1,1,0,2,0,2,2,0,0,2,1,1,1,1,1,1,0,2,0,2,2,0,2,0,0,2,1,1,2,0
6,12400.0,8200.0,R6_F6_m6f6_P6_Y31_UO57,R6_F6_m6f6_P6_Y29_UO184,RD6_F4_m4f4_P4_Y29_UO123,MXY,1,31.0,1,1,0.0,0,0,0,-9999.0,0.484222412109375,1,P3_CV0,1,1,1,1,1,0,2,1,1,1,1,0,2,1,1,1,1,1,1,1,1,0,2,1,1,1,1,1,1,2,0,2,0
6,12400.0,8200.0,R6_F6_m6f6_P6_Y31_UO228,RD6_F3_m3f3_P3_Y26_UO251,R6_F6_m6f6_P6_Y26_UO61,FXX,1,31.0,1,1,0.0,0,0,0,-9999.0,0.5218353271484375,1,P3_CV0,1,2,0,1,1,0,2,2,0,0,2,1,1,0,2,1,1,0,2,0,2,0,2,2,0,2,0,1,1,1,1,1,1
6,12400.0,8200.0,R6_F6_m6f6_P6_Y30_UO230,R6_F6_m6f6_P6_Y28_UO262,R6_F6_m6f6_P6_Y28_UO151,FXX,2,31.0,1,0,0.0,0,0,0,-9999.0,0.5294036865234375,1,P3_CV0,1,0,2,0,2,2,0,2,0,1,1,1,1,2,0,1,1,1,1,0,2,0,2,2,0,0,2,0,2,1,1,1,1
6,12400.0,8200.0,R6_F6_m6f6_P6_Y30_UO159,R6_F6_m6f6_P6_Y25_UO168,R6_F6_m6f6_P6_Y26_UO61,MXY,2,31.0,1,0,0.0,0,0,0,-9999.0,0.5504913330078125,1,P3_CV0,1,2,0,0,2,0,2,2,0,1,1,0,2,0,2,0,2,1,1,0,2,0,2,2,0,1,1,1,1,1,1,1,1
6,12400.0,8200.0,R6_F6_m6f6_P6_Y29_UO139,R6_F6_m6f6_P6_Y26_UO205,R6_F6_m6f6_P6_Y27_UO216,FXX,3,31.0,1,0,0.0,0,0,0,-9999.0,0.538238525390625,1,P3_CV0,1,0,2,0,2,2,0,0,2,2,0,0,2,2,0,1,1,1,1,0,2,1,1,2,0,1,1,2,0,2,0,1,1
6,12400.0,8200.0,R6_F6_m6f6_P6_Y29_UO46,R6_F6_m6f6_P6_Y25_UO25,R6_F6_m6f6_P6_Y26_UO62,MXY,3,31.0,1,0,0.0,0,0,0,-9999.0,0.5494537353515625,1,P3_CV0,1,0,2,1,1,0,2,1,1,0,2,0,2,1,1,1,1,2,0,1,1,1,1,2,0,1,1,2,0,1,1,1,1
6,12400.0,8200.0,R6_F6_m6f6_P6_Y28_UO151,R6_F6_m6f6_P6_Y23_UO59,RD6_F3_m3f3_P3_Y26_UO286,MXY,4,31.0,1,0,0.0,0,0,0,-9999.0,0.526397705078125,1,P3_CV0,1,1,1,0,2,2,0,1,1,0,2,0,2,1,1,2,0,1,1,0,2,1,1,2,0,1,1,1,1,2,0,0,2
6,12400.0,8200.0,Age0_F6_m6f6_P6_Y32_UO42,R6_F6_m6f6_P6_Y30_UO56,R6_F6_m6f6_P6_Y30_UO42,MXY,0,31.0,0,0,0.0,0,0,0,0.0,0.5229721069335938,1,P4_CV0,1,2,0,0,2,0,2,1,1,2,0,1,1,0,2,1,1,2,0,0,2,2,0,2,0,0,2,1,1,1,1,0,2
6,12400.0,8200.0,Age0_F6_m6f6_P6_Y32_UO43,R6_F6_m6f6_P6_Y30_UO56,R6_F6_m6f6_P6_Y30_UO42,FXX,0,31.0,0,0,0.0,0,0,0,0.0,0.5229721069335938,1,P4_CV0,1,2,0,1,1,1,1,1,1,2,0,2,0,1,1,2,0,1,1,0,2,2,0,1,1,0,2,1,1,1,1,1,1
6,12400.0,8200.0,Age0_F6_m6f6_P6_Y32_UO56,R6_F6_m6f6_P6_Y28_UO44,R6_F6_m6f6_P6_Y30_UO60,MXY,0,31.0,0,0,0.0,0,0,0,0.0,0.49324798583984375,1,P4_CV0,1,1,1,2,0,2,0,2,0,2,0,0,2,1,1,1,1,1,1,0,2,1,1,2,0,0,2,1,1,0,2,0,2
6,12400.0,8200.0,Age0_F6_m6f6_P6_Y32_UO57,R6_F6_m6f6_P6_Y28_UO44,R6_F6_m6f6_P6_Y30_UO60,MXY,0,31.0,0,0,0.0,0,0,0,0.0,0.49324798583984375,1,P4_CV0,1,1,1,1,1,1,1,1,1,1,1,0,2,0,2,1,1,0,2,0,2,2,0,2,0,1,1,1,1,1,1,0,2
6,12400.0,8200.0,Age0_F6_m6f6_P6_Y32_UO58,R6_F6_m6f6_P6_Y28_UO44,R6_F6_m6f6_P6_Y30_UO60,MXY,0,31.0,0,0,0.0,0,0,0,0.0,0.49324798583984375,1,P4_CV0,1,1,1,1,1,2,0,1,1,1,1,0,2,0,2,1,1,2,0,0,2,1,1,1,1,0,2,1,1,1,1,0,2
6,12400.0,8200.0,Age0_F6_m6f6_P6_Y32_UO59,R6_F6_m6f6_P6_Y28_UO44,R6_F6_m6f6_P6_Y30_UO60,FXX,0,31.0,0,0,0.0,0,0,0,0.0,0.49324798583984375,1,P4_CV0,1,1,1,1,1,2,0,2,0,1,1,0,2,1,1,1,1,1,1,1,1,1,1,1,1,1,1,2,0,1,1,0,2
6,12400.0,8200.0,Age0_F6_m6f6_P6_Y32_UO60,R6_F6_m6f6_P6_Y28_UO44,R6_F6_m6f6_P6_Y30_UO60,FXX,0,31.0,0,0,0.0,0,0,0,0.0,0.49324798583984375,1,P4_CV0,1,1,1,1,1,1,1,2,0,2,0,0,2,0,2,2,0,1,1,0,2,1,1,2,0,0,2,1,1,1,1,0,2
6,12400.0,8200.0,Age0_F6_m6f6_P6_Y32_UO61,R6_F6_m6f6_P6_Y28_UO44,R6_F6_m6f6_P6_Y30_UO60,FXX,0,31.0,0,0,0.0,0,0,0,0.0,0.49324798583984375,1,P4_CV0,1,1,1,2,0,2,0,1,1,2,0,0,2,1,1,2,0,1,1,1,1,2,0,2,0,0,2,2,0,1,1,0,2
6,12400.0,8200.0,Age0_F6_m6f6_P6_Y32_UO62,R6_F6_m6f6_P6_Y28_UO44,R6_F6_m6f6_P6_Y30_UO60,FXX,0,31.0,0,0,0.0,0,0,0,0.0,0.49324798583984375,1,P4_CV0,1,1,1,2,0,1,1,2,0,1,1,0,2,1,1,2,0,2,0,0,2,1,1,1,1,1,1,1,1,0,2,0,2
6,12400.0,8200.0,Age0_F6_m6f6_P6_Y32_UO93,R6_F6_m6f6_P6_Y30_UO56,R6_F6_m6f6_P6_Y27_UO193,FXX,0,31.0,0,0,0.0,0,0,0,0.0,0.480072021484375,1,P4_CV0,1,2,0,2,0,0,2,1,1,2,0,1,1,0,2,2,0,1,1,0,2,2,0,1,1,0,2,0,2,2,0,1,1
6,12400.0,8200.0,Age0_F6_m6f6_P6_Y32_UO94,R6_F6_m6f6_P6_Y30_UO56,R6_F6_m6f6_P6_Y27_UO193,MXY,0,31.0,0,0,0.0,0,0,0,0.0,0.480072021484375,1,P4_CV0,1,2,0,0,2,1,1,1,1,2,0,1,1,0,2,2,0,1,1,0,2,2,0,0,2,0,2,2,0,2,0,1,1
6,12400.0,8200.0,Age0_F6_m6f6_P6_Y32_UO96,R6_F6_m6f6_P6_Y30_UO56,R6_F6_m6f6_P6_Y27_UO193,MXY,0,31.0,0,0,0.0,0,0,0,0.0,0.480072021484375,1,P4_CV0,1,1,1,0,2,0,2,1,1,2,0,1,1,1,1,2,0,1,1,0,2,2,0,1,1,0,2,0,2,2,0,0,2
6,12400.0,8200.0,Age0_F6_m6f6_P6_Y32_UO173,R6_F6_m6f6_P6_Y30_UO16,R6_F6_m6f6_P6_Y29_UO121,FXX,0,31.0,0,0,0.0,0,0,0,0.0,0.51904296875,1,P4_CV0,1,1,1,1,1,0,2,1,1,2,0,0,2,0,2,2,0,2,0,1,1,1,1,2,0,0,2,1,1,1,1,2,0
6,12400.0,8200.0,Age0_F6_m6f6_P6_Y32_UO176,R6_F6_m6f6_P6_Y30_UO16,R6_F6_m6f6_P6_Y29_UO121,FXX,0,31.0,0,0,0.0,0,0,0,0.0,0.51904296875,1,P4_CV0,1,0,2,1,1,0,2,2,0,2,0,0,2,0,2,2,0,2,0,0,2,1,1,2,0,0,2,1,1,1,1,2,0
6,12400.0,8200.0,Age0_F6_m6f6_P6_Y32_UO218,R6_F6_m6f6_P6_Y28_UO44,R6_F6_m6f6_P6_Y30_UO159,FXX,0,31.0,0,0,0.0,0,0,0,0.0,0.515350341796875,1,P4_CV0,1,1,1,1,1,1,1,2,0,1,1,0,2,1,1,1,1,2,0,0,2,0,2,2,0,1,1,0,2,0,2,0,2
6,12400.0,8200.0,Age0_F6_m6f6_P6_Y32_UO219,R6_F6_m6f6_P6_Y28_UO44,R6_F6_m6f6_P6_Y30_UO159,MXY,0,31.0,0,0,0.0,0,0,0,0.0,0.515350341796875,1,P4_CV0,1,1,1,0,2,1,1,1,1,2,0,0,2,0,2,1,1,1,1,0,2,1,1,2,0,2,0,1,1,1,1,0,2
6,12400.0,8200.0,Age0_F6_m6f6_P6_Y32_UO220,R6_F6_m6f6_P6_Y28_UO44,R6_F6_m6f6_P6_Y30_UO159,MXY,0,31.0,0,0,0.0,0,0,0,0.0,0.515350341796875,1,P4_CV0,1,1,1,0,2,0,2,2,0,0,2,0,2,1,1,1,1,0,2,0,2,1,1,2,0,0,2,0,2,0,2,0,2
6,12400.0,8200.0,Age0_F6_m6f6_P6_Y32_UO221,R6_F6_m6f6_P6_Y28_UO44,R6_F6_m6f6_P6_Y30_UO159,MXY,0,31.0,0,0,0.0,0,0,0,0.0,0.515350341796875,1,P4_CV0,1,1,1,0,2,0,2,1,1,1,1,0,2,1,1,1,1,0,2,0,2,0,2,2,0,1,1,1,1,0,2,1,1
6,12400.0,8200.0,Age0_F6_m6f6_P6_Y32_UO222,R6_F6_m6f6_P6_Y28_UO44,R6_F6_m6f6_P6_Y30_UO159,FXX,0,31.0,0,0,0.0,0,0,0,0.0,0.515350341796875,1,P4_CV0,1,1,1,1,1,0,2,1,1,1,1,0,2,0,2,1,1,2,0,0,2,0,2,2,0,1,1,1,1,0,2,0,2
6,12400.0,8200.0,Age0_F6_m6f6_P6_Y32_UO224,R6_F6_m6f6_P6_Y28_UO44,R6_F6_m6f6_P6_Y30_UO159,FXX,0,31.0,0,0,0.0,0,0,0,0.0,0.515350341796875,1,P4_CV0,1,1,1,0,2,0,2,1,1,1,1,0,2,0,2,1,1,1,1,0,2,1,1,2,0,2,0,2,0,1,1,1,1
6,12400.0,8200.0,Age0_F6_m6f6_P6_Y32_UO225,R6_F6_m6f6_P6_Y28_UO44,R6_F6_m6f6_P6_Y30_UO159,FXX,0,31.0,0,0,0.0,0,0,0,0.0,0.515350341796875,1,P4_CV0,1,1,1,0,2,1,1,1,1,2,0,0,2,0,2,1,1,0,2,0,2,0,2,2,0,1,1,1,1,1,1,1,1
6,12400.0,8200.0,R6_F6_m6f6_P6_Y31_UO19,R6_F6_m6f6_P6_Y29_UO252,R6_F6_m6f6_P6_Y29_UO46,MXY,1,31.0,1,1,0.0,0,0,0,-9999.0,0.5497055053710938,1,P4_CV0,1,0,2,0,2,0,2,1,1,1,1,0,2,1,1,1,1,2,0,0,2,0,2,2,0,0,2,1,1,1,1,1,1
6,12400.0,8200.0,R6_F6_m6f6_P6_Y31_UO91,R6_F6_m6f6_P6_Y29_UO252,R6_F6_m6f6_P6_Y28_UO59,MXY,1,31.0,1,1,0.0,0,0,0,-9999.0,0.5293121337890625,1,P4_CV0,1,1,1,0,2,0,2,0,2,1,1,0,2,2,0,2,0,2,0,0,2,1,1,2,0,2,0,0,2,2,0,1,1
6,12400.0,8200.0,R6_F6_m6f6_P6_Y31_UO130,R6_F6_m6f6_P6_Y29_UO252,R6_F6_m6f6_P6_Y29_UO185,FXX,1,31.0,1,1,2.015,0,0,0,-9999.0,0.514007568359375,1,P4_CV0,1,0,2,0,2,1,1,1,1,1,1,0,2,1,1,1,1,1,1,1,1,1,1,2,0,2,0,2,0,1,1,2,0
6,12400.0,8200.0,R6_F6_m6f6_P6_Y31_UO4,R6_F6_m6f6_P6_Y28_UO112,R6_F6_m6f6_P6_Y28_UO59,MXY,1,31.0,1,1,0.0,0,0,0,-9999.0,0.5111465454101562,1,P4_CV0,1,2,0,0,2,1,1,1,1,1,1,0,2,2,0,1,1,1,1,0,2,1,1,1,1,2,0,2,0,2,0,1,1
6,12400.0,8200.0,R6_F6_m6f6_P6_Y31_UO3,R6_F6_m6f6_P6_Y28_UO112,R6_F6_m6f6_P6_Y28_UO59,MXY,1,31.0,1,1,0.0,0,0,0,-9999.0,0.5111465454101562,1,P4_CV0,1,1,1,1,1,1,1,1,1,2,0,0,2,2,0,1,1,2,0,1,1,1,1,1,1,2,0,1,1,1,1,0,2
6,12400.0,8200.0,R6_F6_m6f6_P6_Y31_UO236,R6_F6_m6f6_P6_Y29_UO134,R6_F6_m6f6_P6_Y27_UO93,MXY,1,31.0,1,1,0.0,0,0,0,-9999.0,0.51312255859375,1,P4_CV0,1,1,1,0,2,2,0,2,0,1,1,1,1,1,1,1,1,2,0,0,2,0,2,1,1,1,1,0,2,0,2,1,1
6,12400.0,8200.0,R6_F6_m6f6_P6_Y31_UO90,R6_F6_m6f6_P6_Y29_UO252,R6_F6_m6f6_P6_Y28_UO59,FXX,1,31.0,1,1,0.0,0,0,0,-9999.0,0.5293121337890625,1,P4_CV0,1,1,1,0,2,0,2,0,2,0,2,1,1,2,0,2,0,1,1,1,1,1,1,2,0,2,0,1,1,2,0,1,1
6,12400.0,8200.0,R6_F6_m6f6_P6_Y31_UO26,R6_F6_m6f6_P6_Y29_UO252,R6_F6_m6f6_P6_Y26_UO62,MXY,1,31.0,1,1,0.0,0,0,0,-9999.0,0.544281005859375,1,P4_CV0,1,0,2,1,1,0,2,0,2,1,1,0,2,2,0,0,2,1,1,1,1,0,2,1,1,2,0,1,1,2,0,2,0
6,12400.0,8200.0,R6_F6_m6f6_P6_Y31_UO71,R6_F6_m6f6_P6_Y29_UO96,R6_F6_m6f6_P6_Y26_UO61,MXY,1,31.0,1,1,0.0,0,0,0,-9999.0,0.5359573364257812,1,P4_CV0,1,0,2,0,2,0,2,2,0,1,1,0,2,1,1,1,1,2,0,1,1,0,2,2,0,1,1,0,2,1,1,2,0
6,12400.0,8200.0,R6_F6_m6f6_P6_Y31_UO65,R6_F6_m6f6_P6_Y29_UO250,R6_F6_m6f6_P6_Y27_UO193,MXY,1,31.0,1,1,0.0,0,0,0,-9999.0,0.5019073486328125,1,P4_CV0,1,1,1,2,0,1,1,0,2,0,2,1,1,1,1,1,1,1,1,0,2,0,2,1,1,1,1,1,1,2,0,2,0
6,12400.0,8200.0,R6_F6_m6f6_P6_Y31_UO138,R6_F6_m6f6_P6_Y28_UO44,R6_F6_m6f6_P6_Y27_UO93,FXX,1,31.0,1,1,1.378,0,0,0,-9999.0,0.48406219482421875,1,P4_CV0,1,0,2,0,2,2,0,0,2,1,1,1,1,1,1,1,1,2,0,0,2,0,2,2,0,2,0,1,1,1,1,0,2
6,12400.0,8200.0,R6_F6_m6f6_P6_Y31_UO237,R6_F6_m5f5_P5_Y29_UO295,R6_F6_m6f6_P6_Y29_UO121,MXY,1,31.0,1,1,0.0,0,0,0,-9999.0,0.48584747314453125,1,P4_CV0,1,1,1,0,2,1,1,1,1,2,0,0,2,0,2,2,0,1,1,1,1,0,2,1,1,0,2,1,1,0,2,1,1
6,12400.0,8200.0,R6_F6_m6f6_P6_Y30_UO203,R6_F6_m6f6_P6_Y28_UO62,R6_F6_m6f6_P6_Y27_UO45,FXX,2,31.0,1,0,1.81,0,0,0,-9999.0,0.5353546142578125,1,P4_CV0,1,0,2,0,2,0,2,2,0,2,0,0,2,0,2,1,1,1,1,0,2,2,0,1,1,0,2,2,0,1,1,2,0
6,12400.0,8200.0,R6_F6_m6f6_P6_Y30_UO250,R6_F6_m6f6_P6_Y28_UO125,R6_F6_m6f6_P6_Y27_UO45,FXX,2,31.0,1,0,1.412,0,0,0,-9999.0,0.510009765625,1,P4_CV0,1,1,1,0,2,0,2,2,0,2,0,0,2,0,2,1,1,0,2,0,2,1,1,1,1,0,2,1,1,1,1,1,1
6,12400.0,8200.0,R6_F6_m6f6_P6_Y30_UO56,RD6_F4_m4f4_P4_Y28_UO279,R6_F6_m6f6_P6_Y27_UO45,FXX,2,31.0,1,0,0.0,0,0,0,-9999.0,0.50628662109375,1,P4_CV0,1,2,0,1,1,1,1,2,0,2,0,1,1,0,2,2,0,2,0,0,2,2,0,1,1,0,2,1,1,1,1,0,2
6,12400.0,8200.0,R6_F6_m6f6_P6_Y30_UO154,R6_F6_m6f6_P6_Y25_UO168,R6_F6_m6f6_P6_Y26_UO61,FXX,2,31.0,1,0,1.0,0,0,0,-9999.0,0.5504913330078125,1,P4_CV0,1,1,1,0,2,0,2,2,0,1,1,0,2,0,2,0,2,1,1,0,2,0,2,2,0,2,0,1,1,1,1,1,1
6,12400.0,8200.0,R6_F6_m6f6_P6_Y30_UO60,RD6_F4_m4f4_P4_Y28_UO279,R6_F6_m6f6_P6_Y27_UO45,MXY,2,31.0,1,0,0.0,0,0,0,-9999.0,0.50628662109375,1,P4_CV0,1,2,0,1,1,2,0,2,0,2,0,0,2,0,2,1,1,1,1,1,1,2,0,1,1,0,2,2,0,1,1,0,2
6,12400.0,8200.0,R6_F6_m6f6_P6_Y30_UO205,R6_F6_m6f6_P6_Y28_UO62,R6_F6_m6f6_P6_Y27_UO45,MXY,2,31.0,1,0,0.0,0,0,0,-9999.0,0.5353546142578125,1,P4_CV0,1,1,1,0,2,1,1,2,0,1,1,0,2,0,2,2,0,2,0,0,2,2,0,2,0,1,1,1,1,1,1,1,1
6,12400.0,8200.0,R6_F6_m6f6_P6_Y29_UO121,R6_F6_m6f6_P6_Y27_UO9,R6_F6_m6f6_P6_Y27_UO45,MXY,3,31.0,1,0,0.0,0,0,0,-9999.0,0.5250091552734375,1,P4_CV0,1,0,2,1,1,0,2,2,0,2,0,0,2,0,2,2,0,2,0,1,1,1,1,2,0,1,1,1,1,0,2,2,0
6,12400.0,8200.0,R6_F6_m6f6_P6_Y29_UO137,R6_F6_m6f6_P6_Y26_UO243,R6_F6_m6f6_P6_Y26_UO62,FXX,3,31.0,1,0,1.369,0,0,0,-9999.0,0.5330047607421875,1,P4_CV0,1,1,1,0,2,0,2,1,1,2,0,0,2,1,1,0,2,1,1,2,0,0,2,2,0,2,0,2,0,1,1,1,1
6,12400.0,8200.0,R6_F6_m6f6_P6_Y29_UO96,R6_F6_m6f6_P6_Y26_UO205,R6_F6_m6f6_P6_Y27_UO8,FXX,3,31.0,1,0,1.0,0,0,0,-9999.0,0.5333099365234375,1,P4_CV0,1,1,1,0,2,0,2,1,1,2,0,0,2,1,1,2,0,2,0,1,1,0,2,2,0,2,0,1,1,2,0,2,0
6,12400.0,8200.0,R6_F6_m6f6_P6_Y28_UO44,RD6_F5_m5f5_P5_Y23_UO175,R6_F6_m6f6_P6_Y26_UO246,FXX,4,31.0,1,0,0.0,0,0,0,-9999.0,0.4802093505859375,1,P4_CV0,1,0,2,1,1,1,1,1,1,1,1,0,2,1,1,2,0,1,1,0,2,1,1,2,0,1,1,1,1,0,2,0,2
6,12400.0,8200.0,R6_F6_m6f6_P6_Y28_UO112,R6_F6_m6f6_P6_Y25_UO19,R6_F6_m6f6_P6_Y26_UO226,FXX,4,31.0,1,0,2.311,0,0,0,-9999.0,0.5136260986328125,1,P4_CV0,1,1,1,1,1,2,0,2,0,2,0,0,2,2,0,1,1,1,1,0,2,0,2,0,2,1,1,1,1,1,1,1,1
6,12400.0,8200.0,Age0_F6_m6f6_P6_Y32_UO92,R6_F6_m6f6_P6_Y30_UO56,R6_F6_m6f6_P6_Y27_UO193,FXX,0,31.0,0,0,0.0,0,0,0,0.0,0.480072021484375,1,P5_CV0,1,1,1,0,2,1,1,2,0,1,1,1,1,1,1,2,0,2,0,1,1,2,0,1,1,0,2,1,1,1,1,0,2
6,12400.0,8200.0,Age0_F6_m6f6_P6_Y32_UO95,R6_F6_m6f6_P6_Y30_UO56,R6_F6_m6f6_P6_Y27_UO193,FXX,0,31.0,0,0,0.0,0,0,0,0.0,0.480072021484375,1,P5_CV0,1,1,1,0,2,1,1,2,0,2,0,2,0,1,1,2,0,1,1,0,2,2,0,2,0,0,2,2,0,2,0,0,2
6,12400.0,8200.0,Age0_F6_m6f6_P6_Y32_UO97,R6_F6_m6f6_P6_Y30_UO56,R6_F6_m6f6_P6_Y27_UO193,FXX,0,31.0,0,0,0.0,0,0,0,0.0,0.480072021484375,1,P5_CV0,1,2,0,1,1,0,2,1,1,2,0,1,1,0,2,2,0,2,0,1,1,1,1,0,2,0,2,1,1,1,1,1,1
6,12400.0,8200.0,Age0_F6_m6f6_P6_Y32_UO191,R6_F6_m5f5_P5_Y29_UO295,R6_F6_m6f6_P6_Y29_UO121,FXX,0,31.0,0,0,0.0,0,0,0,0.0,0.48584747314453125,1,P5_CV0,1,1,1,0,2,1,1,1,1,2,0,0,2,0,2,2,0,1,1,0,2,1,1,1,1,0,2,0,2,0,2,1,1
6,12400.0,8200.0,Age0_F6_m6f6_P6_Y32_UO192,R6_F6_m5f5_P5_Y29_UO295,R6_F6_m6f6_P6_Y29_UO121,FXX,0,31.0,0,0,0.0,0,0,0,0.0,0.48584747314453125,1,P5_CV0,1,1,1,1,1,1,1,2,0,2,0,0,2,0,2,2,0,1,1,0,2,1,1,1,1,2,0,0,2,0,2,2,0
6,12400.0,8200.0,R6_F6_m6f6_P6_Y31_UO67,R6_F6_m6f6_P6_Y29_UO250,R6_F6_m6f6_P6_Y27_UO193,FXX,1,31.0,1,1,0.0,0,0,0,-9999.0,0.5019073486328125,1,P5_CV0,1,0,2,1,1,1,1,0,2,1,1,0,2,0,2,2,0,1,1,0,2,1,1,1,1,1,1,2,0,1,1,1,1
6,12400.0,8200.0,R6_F6_m6f6_P6_Y31_UO66,R6_F6_m6f6_P6_Y29_UO250,R6_F6_m6f6_P6_Y27_UO193,MXY,1,31.0,1,1,0.0,0,0,0,-9999.0,0.5019073486328125,1,P5_CV0,1,0,2,0,2,1,1,0,2,1,1,0,2,1,1,1,1,2,0,0,2,1,1,1,1,1,1,1,1,1,1,1,1
6,12400.0,8200.0,R6_F6_m6f6_P6_Y27_UO193,R6_F6_m6f6_P6_Y22_UO77,R6_F6_m2f2_P2_Y25_UO119,MXY,5,31.0,1,0,0.0,0,0,0,-9999.0,0.453857421875,1,P5_CV0,1,1,1,1,1,0,2,1,1,1,1,1,1,1,1,2,0,1,1,1,1,1,1,1,1,0,2,1,1,2,0,1,1
