Rep	Year	RepSeason	x	y	Species	NInd
0	0	0	90	7	0	5
0	1	0	90	7	0	10
0	2	0	90	7	0	18
0	3	0	90	7	0	15
0	3	0	90	6	0	1
0	4	0	91	9	0	1
0	4	0	90	8	0	1
0	4	0	90	7	0	12
0	4	0	90	6	0	2
0	5	0	91	9	0	1
0	5	0	90	8	0	0
0	5	0	90	7	0	7
0	5	0	91	7	0	1
0	5	0	92	7	0	1
0	5	0	90	6	0	2
0	6	0	91	9	0	3
0	6	0	90	8	0	0
0	6	0	90	7	0	5
0	6	0	91	7	0	0
0	6	0	92	7	0	3
0	6	0	90	6	0	6
0	7	0	91	9	0	2
0	7	0	90	8	0	1
0	7	0	92	8	0	1
0	7	0	90	7	0	8
0	7	0	91	7	0	0
0	7	0	92	7	0	0
0	7	0	90	6	0	3
0	7	0	91	6	0	1
0	7	0	91	5	0	1
0	8	0	91	9	0	2
0	8	0	90	8	0	1
0	8	0	92	8	0	2
0	8	0	90	7	0	13
0	8	0	91	7	0	0
0	8	0	92	7	0	0
0	8	0	90	6	0	1
0	8	0	91	6	0	1
0	8	0	91	5	0	0
0	9	0	91	9	0	3
0	9	0	90	8	0	1
0	9	0	91	8	0	1
0	9	0	92	8	0	1
0	9	0	90	7	0	16
0	9	0	91	7	0	0
0	9	0	92	7	0	0
0	9	0	90	6	0	2
0	9	0	91	6	0	1
0	9	0	91	5	0	0
0	10	0	91	9	0	8
0	10	0	90	8	0	0
0	10	0	91	8	0	5
0	10	0	92	8	0	1
0	10	0	90	7	0	14
0	10	0	91	7	0	0
0	10	0	92	7	0	0
0	10	0	90	6	0	3
0	10	0	91	6	0	0
0	10	0	91	5	0	0
0	11	0	91	9	0	7
0	11	0	90	8	0	0
0	11	0	91	8	0	5
0	11	0	92	8	0	1
0	11	0	90	7	0	10
0	11	0	91	7	0	0
0	11	0	92	7	0	0
0	11	0	90	6	0	3
0	11	0	91	6	0	0
0	11	0	91	5	0	0
0	12	0	91	9	0	4
0	12	0	90	8	0	1
0	12	0	91	8	0	7
0	12	0	92	8	0	2
0	12	0	90	7	0	8
0	12	0	91	7	0	0
0	12	0	92	7	0	0
0	12	0	90	6	0	5
0	12	0	91	6	0	0
0	12	0	91	5	0	0
0	13	0	91	9	0	4
0	13	0	90	8	0	2
0	13	0	91	8	0	7
0	13	0	92	8	0	4
0	13	0	90	7	0	9
0	13	0	91	7	0	1
0	13	0	92	7	0	1
0	13	0	90	6	0	4
0	13	0	91	6	0	0
0	13	0	91	5	0	1
0	14	0	91	9	0	4
0	14	0	90	8	0	2
0	14	0	91	8	0	5
0	14	0	92	8	0	5
0	14	0	90	7	0	9
0	14	0	91	7	0	3
0	14	0	92	7	0	3
0	14	0	90	6	0	4
0	14	0	91	6	0	0
0	14	0	91	5	0	0
0	15	0	91	9	0	4
0	15	0	90	8	0	2
0	15	0	91	8	0	1
0	15	0	92	8	0	9
0	15	0	90	7	0	9
0	15	0	91	7	0	3
0	15	0	92	7	0	5
0	15	0	90	6	0	5
0	15	0	91	6	0	1
0	15	0	91	5	0	0
0	16	0	91	9	0	8
0	16	0	90	8	0	2
0	16	0	91	8	0	0
0	16	0	92	8	0	12
0	16	0	90	7	0	6
0	16	0	91	7	0	5
0	16	0	92	7	0	2
0	16	0	90	6	0	5
0	16	0	91	6	0	0
0	16	0	91	5	0	1
0	17	0	92	10	0	1
0	17	0	91	9	0	7
0	17	0	90	8	0	1
0	17	0	91	8	0	0
0	17	0	92	8	0	11
0	17	0	90	7	0	8
0	17	0	91	7	0	7
0	17	0	92	7	0	5
0	17	0	90	6	0	3
0	17	0	91	6	0	0
0	17	0	91	5	0	3
0	18	0	92	10	0	1
0	18	0	91	9	0	8
0	18	0	90	8	0	0
0	18	0	91	8	0	1
0	18	0	92	8	0	5
0	18	0	90	7	0	10
0	18	0	91	7	0	4
0	18	0	92	7	0	6
0	18	0	90	6	0	4
0	18	0	91	6	0	2
0	18	0	93	6	0	1
0	18	0	91	5	0	2
0	19	0	92	10	0	3
0	19	0	91	9	0	5
0	19	0	95	9	0	1
0	19	0	90	8	0	0
0	19	0	91	8	0	2
0	19	0	92	8	0	10
0	19	0	93	8	0	1
0	19	0	90	7	0	5
0	19	0	91	7	0	4
0	19	0	92	7	0	13
0	19	0	90	6	0	4
0	19	0	91	6	0	3
0	19	0	93	6	0	1
0	19	0	91	5	0	0
0	19	0	93	5	0	1
0	20	0	92	10	0	3
0	20	0	91	9	0	5
0	20	0	95	9	0	0
0	20	0	90	8	0	0
0	20	0	91	8	0	7
0	20	0	92	8	0	14
0	20	0	93	8	0	0
0	20	0	90	7	0	3
0	20	0	91	7	0	5
0	20	0	92	7	0	16
0	20	0	90	6	0	4
0	20	0	91	6	0	2
0	20	0	93	6	0	1
0	20	0	91	5	0	0
0	20	0	93	5	0	2
0	21	0	92	10	0	6
0	21	0	91	9	0	7
0	21	0	93	9	0	1
0	21	0	95	9	0	1
0	21	0	90	8	0	0
0	21	0	91	8	0	9
0	21	0	92	8	0	9
0	21	0	93	8	0	0
0	21	0	90	7	0	7
0	21	0	91	7	0	5
0	21	0	92	7	0	14
0	21	0	93	7	0	1
0	21	0	90	6	0	6
0	21	0	91	6	0	3
0	21	0	92	6	0	2
0	21	0	93	6	0	1
0	21	0	91	5	0	0
0	21	0	93	5	0	2
0	22	0	92	10	0	8
0	22	0	91	9	0	2
0	22	0	92	9	0	1
0	22	0	93	9	0	0
0	22	0	95	9	0	1
0	22	0	90	8	0	0
0	22	0	91	8	0	6
0	22	0	92	8	0	7
0	22	0	93	8	0	1
0	22	0	94	8	0	1
0	22	0	90	7	0	5
0	22	0	91	7	0	3
0	22	0	92	7	0	11
0	22	0	93	7	0	4
0	22	0	90	6	0	6
0	22	0	91	6	0	3
0	22	0	92	6	0	1
0	22	0	93	6	0	5
0	22	0	91	5	0	0
0	22	0	93	5	0	2
0	23	0	92	10	0	7
0	23	0	91	9	0	3
0	23	0	92	9	0	2
0	23	0	93	9	0	0
0	23	0	95	9	0	0
0	23	0	90	8	0	0
0	23	0	91	8	0	2
0	23	0	92	8	0	9
0	23	0	93	8	0	3
0	23	0	94	8	0	2
0	23	0	90	7	0	6
0	23	0	91	7	0	5
0	23	0	92	7	0	8
0	23	0	93	7	0	4
0	23	0	94	7	0	1
0	23	0	90	6	0	10
0	23	0	91	6	0	6
0	23	0	92	6	0	2
0	23	0	93	6	0	4
0	23	0	90	5	0	1
0	23	0	91	5	0	0
0	23	0	93	5	0	5
0	24	0	92	10	0	7
0	24	0	91	9	0	9
0	24	0	92	9	0	4
0	24	0	93	9	0	1
0	24	0	95	9	0	0
0	24	0	90	8	0	0
0	24	0	91	8	0	1
0	24	0	92	8	0	7
0	24	0	93	8	0	6
0	24	0	94	8	0	2
0	24	0	90	7	0	4
0	24	0	91	7	0	5
0	24	0	92	7	0	5
0	24	0	93	7	0	3
0	24	0	94	7	0	2
0	24	0	90	6	0	5
0	24	0	91	6	0	4
0	24	0	92	6	0	2
0	24	0	93	6	0	7
0	24	0	90	5	0	4
0	24	0	91	5	0	0
0	24	0	93	5	0	4
0	25	0	92	10	0	8
0	25	0	91	9	0	11
0	25	0	92	9	0	2
0	25	0	93	9	0	4
0	25	0	95	9	0	0
0	25	0	90	8	0	0
0	25	0	91	8	0	5
0	25	0	92	8	0	9
0	25	0	93	8	0	6
0	25	0	94	8	0	3
0	25	0	90	7	0	6
0	25	0	91	7	0	4
0	25	0	92	7	0	10
0	25	0	93	7	0	1
0	25	0	94	7	0	2
0	25	0	90	6	0	13
0	25	0	91	6	0	3
0	25	0	92	6	0	3
0	25	0	93	6	0	7
0	25	0	90	5	0	5
0	25	0	91	5	0	1
0	25	0	93	5	0	4
0	26	0	92	10	0	9
0	26	0	93	10	0	1
0	26	0	91	9	0	9
0	26	0	92	9	0	0
0	26	0	93	9	0	4
0	26	0	95	9	0	0
0	26	0	90	8	0	1
0	26	0	91	8	0	2
0	26	0	92	8	0	8
0	26	0	93	8	0	8
0	26	0	94	8	0	5
0	26	0	90	7	0	8
0	26	0	91	7	0	5
0	26	0	92	7	0	8
0	26	0	93	7	0	5
0	26	0	94	7	0	6
0	26	0	90	6	0	12
0	26	0	91	6	0	5
0	26	0	92	6	0	2
0	26	0	93	6	0	2
0	26	0	90	5	0	4
0	26	0	91	5	0	0
0	26	0	93	5	0	5
0	27	0	92	10	0	6
0	27	0	93	10	0	3
0	27	0	91	9	0	9
0	27	0	92	9	0	0
0	27	0	93	9	0	5
0	27	0	94	9	0	2
0	27	0	95	9	0	0
0	27	0	90	8	0	3
0	27	0	91	8	0	6
0	27	0	92	8	0	5
0	27	0	93	8	0	7
0	27	0	94	8	0	7
0	27	0	90	7	0	9
0	27	0	91	7	0	6
0	27	0	92	7	0	6
0	27	0	93	7	0	6
0	27	0	94	7	0	13
0	27	0	90	6	0	9
0	27	0	91	6	0	2
0	27	0	92	6	0	3
0	27	0	93	6	0	4
0	27	0	90	5	0	6
0	27	0	91	5	0	0
0	27	0	93	5	0	2
0	27	0	93	4	0	1
0	28	0	92	10	0	4
0	28	0	93	10	0	2
0	28	0	96	10	0	1
0	28	0	91	9	0	7
0	28	0	92	9	0	0
0	28	0	93	9	0	4
0	28	0	94	9	0	7
0	28	0	95	9	0	0
0	28	0	90	8	0	3
0	28	0	91	8	0	4
0	28	0	92	8	0	7
0	28	0	93	8	0	12
0	28	0	94	8	0	7
0	28	0	90	7	0	12
0	28	0	91	7	0	4
0	28	0	92	7	0	9
0	28	0	93	7	0	8
0	28	0	94	7	0	7
0	28	0	90	6	0	11
0	28	0	91	6	0	3
0	28	0	92	6	0	5
0	28	0	93	6	0	1
0	28	0	94	6	0	1
0	28	0	90	5	0	5
0	28	0	91	5	0	0
0	28	0	93	5	0	1
0	28	0	93	4	0	1
0	29	0	92	10	0	4
0	29	0	93	10	0	0
0	29	0	96	10	0	0
0	29	0	91	9	0	6
0	29	0	92	9	0	0
0	29	0	93	9	0	2
0	29	0	94	9	0	7
0	29	0	95	9	0	0
0	29	0	90	8	0	5
0	29	0	91	8	0	7
0	29	0	92	8	0	7
0	29	0	93	8	0	7
0	29	0	94	8	0	6
0	29	0	96	8	0	1
0	29	0	90	7	0	8
0	29	0	91	7	0	4
0	29	0	92	7	0	13
0	29	0	93	7	0	10
0	29	0	94	7	0	11
0	29	0	90	6	0	8
0	29	0	91	6	0	0
0	29	0	92	6	0	5
0	29	0	93	6	0	5
0	29	0	94	6	0	4
0	29	0	90	5	0	1
0	29	0	91	5	0	0
0	29	0	93	5	0	0
0	29	0	93	4	0	0
0	30	0	92	10	0	1
0	30	0	93	10	0	0
0	30	0	96	10	0	0
0	30	0	90	9	0	1
0	30	0	91	9	0	6
0	30	0	92	9	0	0
0	30	0	93	9	0	4
0	30	0	94	9	0	9
0	30	0	95	9	0	0
0	30	0	90	8	0	8
0	30	0	91	8	0	5
0	30	0	92	8	0	10
0	30	0	93	8	0	2
0	30	0	94	8	0	7
0	30	0	96	8	0	3
0	30	0	90	7	0	10
0	30	0	91	7	0	5
0	30	0	92	7	0	10
0	30	0	93	7	0	12
0	30	0	94	7	0	10
0	30	0	97	7	0	1
0	30	0	90	6	0	5
0	30	0	91	6	0	1
0	30	0	92	6	0	5
0	30	0	93	6	0	10
0	30	0	94	6	0	9
0	30	0	90	5	0	1
0	30	0	91	5	0	0
0	30	0	93	5	0	0
0	30	0	93	4	0	0
0	31	0	92	10	0	2
0	31	0	93	10	0	2
0	31	0	96	10	0	0
0	31	0	90	9	0	6
0	31	0	91	9	0	7
0	31	0	92	9	0	0
0	31	0	93	9	0	1
0	31	0	94	9	0	7
0	31	0	95	9	0	0
0	31	0	90	8	0	8
0	31	0	91	8	0	5
0	31	0	92	8	0	9
0	31	0	93	8	0	2
0	31	0	94	8	0	6
0	31	0	96	8	0	7
0	31	0	99	8	0	1
0	31	0	90	7	0	10
0	31	0	91	7	0	8
0	31	0	92	7	0	10
0	31	0	93	7	0	10
0	31	0	94	7	0	7
0	31	0	97	7	0	0
0	31	0	90	6	0	7
0	31	0	91	6	0	0
0	31	0	92	6	0	6
0	31	0	93	6	0	4
0	31	0	94	6	0	9
0	31	0	90	5	0	0
0	31	0	91	5	0	0
0	31	0	93	5	0	0
0	31	0	93	4	0	0
0	32	0	92	10	0	2
0	32	0	93	10	0	5
0	32	0	96	10	0	0
0	32	0	90	9	0	5
0	32	0	91	9	0	7
0	32	0	92	9	0	1
0	32	0	93	9	0	2
0	32	0	94	9	0	8
0	32	0	95	9	0	0
0	32	0	90	8	0	13
0	32	0	91	8	0	6
0	32	0	92	8	0	10
0	32	0	93	8	0	0
0	32	0	94	8	0	8
0	32	0	96	8	0	11
0	32	0	99	8	0	1
0	32	0	90	7	0	13
0	32	0	91	7	0	9
0	32	0	92	7	0	7
0	32	0	93	7	0	4
0	32	0	94	7	0	7
0	32	0	97	7	0	0
0	32	0	90	6	0	12
0	32	0	91	6	0	1
0	32	0	92	6	0	6
0	32	0	93	6	0	6
0	32	0	94	6	0	12
0	32	0	90	5	0	1
0	32	0	91	5	0	0
0	32	0	92	5	0	2
0	32	0	93	5	0	0
0	32	0	94	5	0	1
0	32	0	93	4	0	0
0	33	0	92	10	0	4
0	33	0	93	10	0	2
0	33	0	96	10	0	0
0	33	0	90	9	0	10
0	33	0	91	9	0	9
0	33	0	92	9	0	1
0	33	0	93	9	0	8
0	33	0	94	9	0	7
0	33	0	95	9	0	0
0	33	0	90	8	0	5
0	33	0	91	8	0	6
0	33	0	92	8	0	12
0	33	0	93	8	0	2
0	33	0	94	8	0	6
0	33	0	96	8	0	5
0	33	0	99	8	0	2
0	33	0	90	7	0	11
0	33	0	91	7	0	12
0	33	0	92	7	0	8
0	33	0	93	7	0	5
0	33	0	94	7	0	1
0	33	0	97	7	0	0
0	33	0	90	6	0	9
0	33	0	91	6	0	3
0	33	0	92	6	0	8
0	33	0	93	6	0	5
0	33	0	94	6	0	7
0	33	0	90	5	0	1
0	33	0	91	5	0	0
0	33	0	92	5	0	2
0	33	0	93	5	0	0
0	33	0	94	5	0	0
0	33	0	95	5	0	1
0	33	0	93	4	0	0
0	34	0	92	10	0	5
0	34	0	93	10	0	1
0	34	0	94	10	0	1
0	34	0	96	10	0	0
0	34	0	90	9	0	15
0	34	0	91	9	0	9
0	34	0	92	9	0	1
0	34	0	93	9	0	7
0	34	0	94	9	0	9
0	34	0	95	9	0	1
0	34	0	90	8	0	2
0	34	0	91	8	0	1
0	34	0	92	8	0	15
0	34	0	93	8	0	3
0	34	0	94	8	0	3
0	34	0	95	8	0	1
0	34	0	96	8	0	3
0	34	0	97	8	0	1
0	34	0	99	8	0	2
0	34	0	90	7	0	12
0	34	0	91	7	0	10
0	34	0	92	7	0	7
0	34	0	93	7	0	2
0	34	0	94	7	0	2
0	34	0	97	7	0	0
0	34	0	90	6	0	5
0	34	0	91	6	0	4
0	34	0	92	6	0	8
0	34	0	93	6	0	5
0	34	0	94	6	0	8
0	34	0	95	6	0	1
0	34	0	90	5	0	4
0	34	0	91	5	0	0
0	34	0	92	5	0	1
0	34	0	93	5	0	1
0	34	0	94	5	0	0
0	34	0	95	5	0	2
0	34	0	93	4	0	0
0	35	0	92	10	0	11
0	35	0	93	10	0	2
0	35	0	94	10	0	3
0	35	0	96	10	0	0
0	35	0	90	9	0	10
0	35	0	91	9	0	6
0	35	0	92	9	0	1
0	35	0	93	9	0	7
0	35	0	94	9	0	12
0	35	0	95	9	0	0
0	35	0	90	8	0	5
0	35	0	91	8	0	2
0	35	0	92	8	0	12
0	35	0	93	8	0	8
0	35	0	94	8	0	7
0	35	0	95	8	0	3
0	35	0	96	8	0	2
0	35	0	97	8	0	0
0	35	0	99	8	0	4
0	35	0	100	8	0	1
0	35	0	90	7	0	17
0	35	0	91	7	0	10
0	35	0	92	7	0	8
0	35	0	93	7	0	4
0	35	0	94	7	0	2
0	35	0	95	7	0	1
0	35	0	97	7	0	0
0	35	0	90	6	0	5
0	35	0	91	6	0	7
0	35	0	92	6	0	8
0	35	0	93	6	0	4
0	35	0	94	6	0	9
0	35	0	95	6	0	1
0	35	0	90	5	0	7
0	35	0	91	5	0	0
0	35	0	92	5	0	2
0	35	0	93	5	0	3
0	35	0	94	5	0	0
0	35	0	95	5	0	2
0	35	0	93	4	0	1
0	36	0	92	10	0	7
0	36	0	93	10	0	2
0	36	0	94	10	0	6
0	36	0	96	10	0	0
0	36	0	90	9	0	11
0	36	0	91	9	0	5
0	36	0	92	9	0	1
0	36	0	93	9	0	5
0	36	0	94	9	0	7
0	36	0	95	9	0	1
0	36	0	96	9	0	2
0	36	0	90	8	0	5
0	36	0	91	8	0	4
0	36	0	92	8	0	13
0	36	0	93	8	0	9
0	36	0	94	8	0	7
0	36	0	95	8	0	1
0	36	0	96	8	0	2
0	36	0	97	8	0	0
0	36	0	99	8	0	1
0	36	0	100	8	0	0
0	36	0	90	7	0	8
0	36	0	91	7	0	14
0	36	0	92	7	0	10
0	36	0	93	7	0	2
0	36	0	94	7	0	5
0	36	0	95	7	0	2
0	36	0	97	7	0	0
0	36	0	90	6	0	4
0	36	0	91	6	0	10
0	36	0	92	6	0	7
0	36	0	93	6	0	0
0	36	0	94	6	0	11
0	36	0	95	6	0	1
0	36	0	90	5	0	9
0	36	0	91	5	0	0
0	36	0	92	5	0	3
0	36	0	93	5	0	3
0	36	0	94	5	0	0
0	36	0	95	5	0	1
0	36	0	92	4	0	2
0	36	0	93	4	0	0
0	37	0	92	10	0	8
0	37	0	93	10	0	3
0	37	0	94	10	0	7
0	37	0	96	10	0	0
0	37	0	90	9	0	11
0	37	0	91	9	0	3
0	37	0	92	9	0	1
0	37	0	93	9	0	1
0	37	0	94	9	0	8
0	37	0	95	9	0	0
0	37	0	96	9	0	3
0	37	0	90	8	0	8
0	37	0	91	8	0	6
0	37	0	92	8	0	13
0	37	0	93	8	0	4
0	37	0	94	8	0	7
0	37	0	95	8	0	3
0	37	0	96	8	0	2
0	37	0	97	8	0	0
0	37	0	99	8	0	1
0	37	0	100	8	0	0
0	37	0	90	7	0	7
0	37	0	91	7	0	10
0	37	0	92	7	0	6
0	37	0	93	7	0	1
0	37	0	94	7	0	5
0	37	0	95	7	0	2
0	37	0	97	7	0	0
0	37	0	90	6	0	4
0	37	0	91	6	0	9
0	37	0	92	6	0	9
0	37	0	93	6	0	1
0	37	0	94	6	0	11
0	37	0	95	6	0	2
0	37	0	99	6	0	1
0	37	0	90	5	0	7
0	37	0	91	5	0	1
0	37	0	92	5	0	5
0	37	0	93	5	0	4
0	37	0	94	5	0	0
0	37	0	95	5	0	1
0	37	0	92	4	0	5
0	37	0	93	4	0	0
0	38	0	92	10	0	11
0	38	0	93	10	0	3
0	38	0	94	10	0	11
0	38	0	96	10	0	0
0	38	0	90	9	0	7
0	38	0	91	9	0	4
0	38	0	92	9	0	3
0	38	0	93	9	0	0
0	38	0	94	9	0	6
0	38	0	95	9	0	1
0	38	0	96	9	0	2
0	38	0	90	8	0	8
0	38	0	91	8	0	8
0	38	0	92	8	0	18
0	38	0	93	8	0	6
0	38	0	94	8	0	5
0	38	0	95	8	0	1
0	38	0	96	8	0	3
0	38	0	97	8	0	0
0	38	0	99	8	0	0
0	38	0	100	8	0	0
0	38	0	90	7	0	7
0	38	0	91	7	0	5
0	38	0	92	7	0	3
0	38	0	93	7	0	3
0	38	0	94	7	0	4
0	38	0	95	7	0	2
0	38	0	96	7	0	1
0	38	0	97	7	0	0
0	38	0	90	6	0	5
0	38	0	91	6	0	8
0	38	0	92	6	0	11
0	38	0	93	6	0	1
0	38	0	94	6	0	6
0	38	0	95	6	0	3
0	38	0	99	6	0	2
0	38	0	90	5	0	6
0	38	0	91	5	0	4
0	38	0	92	5	0	1
0	38	0	93	5	0	6
0	38	0	94	5	0	0
0	38	0	95	5	0	0
0	38	0	92	4	0	5
0	38	0	93	4	0	1
0	39	0	92	10	0	10
0	39	0	93	10	0	6
0	39	0	94	10	0	10
0	39	0	96	10	0	0
0	39	0	90	9	0	6
0	39	0	91	9	0	4
0	39	0	92	9	0	6
0	39	0	93	9	0	0
0	39	0	94	9	0	7
0	39	0	95	9	0	1
0	39	0	96	9	0	3
0	39	0	90	8	0	13
0	39	0	91	8	0	12
0	39	0	92	8	0	9
0	39	0	93	8	0	8
0	39	0	94	8	0	3
0	39	0	95	8	0	1
0	39	0	96	8	0	2
0	39	0	97	8	0	0
0	39	0	99	8	0	0
0	39	0	100	8	0	0
0	39	0	90	7	0	5
0	39	0	91	7	0	9
0	39	0	92	7	0	4
0	39	0	93	7	0	5
0	39	0	94	7	0	3
0	39	0	95	7	0	4
0	39	0	96	7	0	1
0	39	0	97	7	0	0
0	39	0	90	6	0	8
0	39	0	91	6	0	9
0	39	0	92	6	0	9
0	39	0	93	6	0	3
0	39	0	94	6	0	5
0	39	0	95	6	0	6
0	39	0	99	6	0	3
0	39	0	90	5	0	8
0	39	0	91	5	0	4
0	39	0	92	5	0	1
0	39	0	93	5	0	9
0	39	0	94	5	0	0
0	39	0	95	5	0	1
0	39	0	96	5	0	1
0	39	0	92	4	0	10
0	39	0	93	4	0	0
0	40	0	92	10	0	7
0	40	0	93	10	0	6
0	40	0	94	10	0	5
0	40	0	96	10	0	1
0	40	0	90	9	0	6
0	40	0	91	9	0	5
0	40	0	92	9	0	8
0	40	0	93	9	0	0
0	40	0	94	9	0	11
0	40	0	95	9	0	1
0	40	0	96	9	0	5
0	40	0	90	8	0	7
0	40	0	91	8	0	14
0	40	0	92	8	0	12
0	40	0	93	8	0	7
0	40	0	94	8	0	5
0	40	0	95	8	0	2
0	40	0	96	8	0	2
0	40	0	97	8	0	0
0	40	0	99	8	0	0
0	40	0	100	8	0	0
0	40	0	90	7	0	9
0	40	0	91	7	0	8
0	40	0	92	7	0	7
0	40	0	93	7	0	5
0	40	0	94	7	0	5
0	40	0	95	7	0	4
0	40	0	96	7	0	1
0	40	0	97	7	0	0
0	40	0	90	6	0	8
0	40	0	91	6	0	7
0	40	0	92	6	0	11
0	40	0	93	6	0	5
0	40	0	94	6	0	7
0	40	0	95	6	0	5
0	40	0	99	6	0	7
0	40	0	90	5	0	6
0	40	0	91	5	0	5
0	40	0	92	5	0	1
0	40	0	93	5	0	7
0	40	0	94	5	0	0
0	40	0	95	5	0	3
0	40	0	96	5	0	3
0	40	0	92	4	0	7
0	40	0	93	4	0	0
0	41	0	92	10	0	7
0	41	0	93	10	0	4
0	41	0	94	10	0	5
0	41	0	96	10	0	2
0	41	0	97	10	0	1
0	41	0	90	9	0	12
0	41	0	91	9	0	5
0	41	0	92	9	0	7
0	41	0	93	9	0	2
0	41	0	94	9	0	13
0	41	0	95	9	0	2
0	41	0	96	9	0	5
0	41	0	90	8	0	4
0	41	0	91	8	0	13
0	41	0	92	8	0	12
0	41	0	93	8	0	8
0	41	0	94	8	0	7
0	41	0	95	8	0	4
0	41	0	96	8	0	5
0	41	0	97	8	0	0
0	41	0	99	8	0	0
0	41	0	100	8	0	0
0	41	0	90	7	0	5
0	41	0	91	7	0	4
0	41	0	92	7	0	9
0	41	0	93	7	0	6
0	41	0	94	7	0	5
0	41	0	95	7	0	3
0	41	0	96	7	0	0
0	41	0	97	7	0	0
0	41	0	90	6	0	8
0	41	0	91	6	0	6
0	41	0	92	6	0	5
0	41	0	93	6	0	3
0	41	0	94	6	0	9
0	41	0	95	6	0	3
0	41	0	99	6	0	6
0	41	0	90	5	0	7
0	41	0	91	5	0	5
0	41	0	92	5	0	2
0	41	0	93	5	0	8
0	41	0	94	5	0	0
0	41	0	95	5	0	2
0	41	0	96	5	0	3
0	41	0	99	5	0	1
0	41	0	92	4	0	5
0	41	0	93	4	0	0
0	42	0	92	10	0	1
0	42	0	93	10	0	5
0	42	0	94	10	0	8
0	42	0	96	10	0	1
0	42	0	97	10	0	1
0	42	0	90	9	0	10
0	42	0	91	9	0	11
0	42	0	92	9	0	7
0	42	0	93	9	0	5
0	42	0	94	9	0	9
0	42	0	95	9	0	2
0	42	0	96	9	0	4
0	42	0	98	9	0	1
0	42	0	90	8	0	5
0	42	0	91	8	0	13
0	42	0	92	8	0	16
0	42	0	93	8	0	13
0	42	0	94	8	0	11
0	42	0	95	8	0	9
0	42	0	96	8	0	3
0	42	0	97	8	0	0
0	42	0	99	8	0	0
0	42	0	100	8	0	0
0	42	0	90	7	0	3
0	42	0	91	7	0	4
0	42	0	92	7	0	11
0	42	0	93	7	0	4
0	42	0	94	7	0	3
0	42	0	95	7	0	2
0	42	0	96	7	0	1
0	42	0	97	7	0	0
0	42	0	98	7	0	1
0	42	0	90	6	0	8
0	42	0	91	6	0	7
0	42	0	92	6	0	6
0	42	0	93	6	0	4
0	42	0	94	6	0	11
0	42	0	95	6	0	4
0	42	0	99	6	0	5
0	42	0	90	5	0	3
0	42	0	91	5	0	3
0	42	0	92	5	0	1
0	42	0	93	5	0	5
0	42	0	94	5	0	0
0	42	0	95	5	0	4
0	42	0	96	5	0	2
0	42	0	97	5	0	1
0	42	0	99	5	0	2
0	42	0	92	4	0	5
0	42	0	93	4	0	0
0	43	0	92	10	0	1
0	43	0	93	10	0	2
0	43	0	94	10	0	2
0	43	0	96	10	0	2
0	43	0	97	10	0	2
0	43	0	90	9	0	9
0	43	0	91	9	0	12
0	43	0	92	9	0	10
0	43	0	93	9	0	5
0	43	0	94	9	0	11
0	43	0	95	9	0	1
0	43	0	96	9	0	1
0	43	0	98	9	0	1
0	43	0	90	8	0	7
0	43	0	91	8	0	10
0	43	0	92	8	0	11
0	43	0	93	8	0	18
0	43	0	94	8	0	7
0	43	0	95	8	0	10
0	43	0	96	8	0	3
0	43	0	97	8	0	0
0	43	0	98	8	0	2
0	43	0	99	8	0	0
0	43	0	100	8	0	0
0	43	0	90	7	0	2
0	43	0	91	7	0	9
0	43	0	92	7	0	14
0	43	0	93	7	0	4
0	43	0	94	7	0	6
0	43	0	95	7	0	2
0	43	0	96	7	0	1
0	43	0	97	7	0	0
0	43	0	98	7	0	4
0	43	0	90	6	0	10
0	43	0	91	6	0	9
0	43	0	92	6	0	6
0	43	0	93	6	0	5
0	43	0	94	6	0	11
0	43	0	95	6	0	6
0	43	0	99	6	0	3
0	43	0	90	5	0	1
0	43	0	91	5	0	4
0	43	0	92	5	0	3
0	43	0	93	5	0	8
0	43	0	94	5	0	0
0	43	0	95	5	0	10
0	43	0	96	5	0	6
0	43	0	97	5	0	1
0	43	0	99	5	0	2
0	43	0	100	5	0	1
0	43	0	92	4	0	0
0	43	0	93	4	0	0
0	44	0	92	10	0	0
0	44	0	93	10	0	3
0	44	0	94	10	0	6
0	44	0	96	10	0	6
0	44	0	97	10	0	2
0	44	0	90	9	0	14
0	44	0	91	9	0	10
0	44	0	92	9	0	20
0	44	0	93	9	0	6
0	44	0	94	9	0	13
0	44	0	95	9	0	4
0	44	0	96	9	0	1
0	44	0	98	9	0	1
0	44	0	90	8	0	8
0	44	0	91	8	0	6
0	44	0	92	8	0	9
0	44	0	93	8	0	18
0	44	0	94	8	0	10
0	44	0	95	8	0	12
0	44	0	96	8	0	0
0	44	0	97	8	0	0
0	44	0	98	8	0	2
0	44	0	99	8	0	1
0	44	0	100	8	0	0
0	44	0	90	7	0	3
0	44	0	91	7	0	6
0	44	0	92	7	0	9
0	44	0	93	7	0	5
0	44	0	94	7	0	9
0	44	0	95	7	0	5
0	44	0	96	7	0	4
0	44	0	97	7	0	0
0	44	0	98	7	0	5
0	44	0	90	6	0	7
0	44	0	91	6	0	8
0	44	0	92	6	0	9
0	44	0	93	6	0	3
0	44	0	94	6	0	8
0	44	0	95	6	0	6
0	44	0	99	6	0	3
0	44	0	90	5	0	0
0	44	0	91	5	0	7
0	44	0	92	5	0	7
0	44	0	93	5	0	11
0	44	0	94	5	0	0
0	44	0	95	5	0	8
0	44	0	96	5	0	5
0	44	0	97	5	0	1
0	44	0	98	5	0	1
0	44	0	99	5	0	1
0	44	0	100	5	0	0
0	44	0	92	4	0	0
0	44	0	93	4	0	0
0	45	0	92	10	0	0
0	45	0	93	10	0	2
0	45	0	94	10	0	7
0	45	0	96	10	0	11
0	45	0	97	10	0	4
0	45	0	90	9	0	5
0	45	0	91	9	0	11
0	45	0	92	9	0	17
0	45	0	93	9	0	6
0	45	0	94	9	0	11
0	45	0	95	9	0	4
0	45	0	96	9	0	4
0	45	0	98	9	0	5
0	45	0	90	8	0	9
0	45	0	91	8	0	9
0	45	0	92	8	0	7
0	45	0	93	8	0	11
0	45	0	94	8	0	12
0	45	0	95	8	0	11
0	45	0	96	8	0	0
0	45	0	97	8	0	1
0	45	0	98	8	0	5
0	45	0	99	8	0	1
0	45	0	100	8	0	0
0	45	0	90	7	0	4
0	45	0	91	7	0	14
0	45	0	92	7	0	7
0	45	0	93	7	0	4
0	45	0	94	7	0	9
0	45	0	95	7	0	3
0	45	0	96	7	0	8
0	45	0	97	7	0	1
0	45	0	98	7	0	6
0	45	0	90	6	0	5
0	45	0	91	6	0	6
0	45	0	92	6	0	6
0	45	0	93	6	0	2
0	45	0	94	6	0	10
0	45	0	95	6	0	6
0	45	0	99	6	0	5
0	45	0	90	5	0	2
0	45	0	91	5	0	10
0	45	0	92	5	0	18
0	45	0	93	5	0	5
0	45	0	94	5	0	0
0	45	0	95	5	0	11
0	45	0	96	5	0	4
0	45	0	97	5	0	0
0	45	0	98	5	0	1
0	45	0	99	5	0	0
0	45	0	100	5	0	0
0	45	0	92	4	0	0
0	45	0	93	4	0	0
0	46	0	92	10	0	0
0	46	0	93	10	0	3
0	46	0	94	10	0	13
0	46	0	96	10	0	6
0	46	0	97	10	0	4
0	46	0	90	9	0	10
0	46	0	91	9	0	7
0	46	0	92	9	0	5
0	46	0	93	9	0	9
0	46	0	94	9	0	7
0	46	0	95	9	0	7
0	46	0	96	9	0	4
0	46	0	97	9	0	1
0	46	0	98	9	0	4
0	46	0	90	8	0	9
0	46	0	91	8	0	13
0	46	0	92	8	0	4
0	46	0	93	8	0	8
0	46	0	94	8	0	4
0	46	0	95	8	0	6
0	46	0	96	8	0	0
0	46	0	97	8	0	2
0	46	0	98	8	0	6
0	46	0	99	8	0	3
0	46	0	100	8	0	0
0	46	0	90	7	0	4
0	46	0	91	7	0	17
0	46	0	92	7	0	4
0	46	0	93	7	0	4
0	46	0	94	7	0	4
0	46	0	95	7	0	6
0	46	0	96	7	0	7
0	46	0	97	7	0	3
0	46	0	98	7	0	8
0	46	0	99	7	0	1
0	46	0	90	6	0	3
0	46	0	91	6	0	6
0	46	0	92	6	0	10
0	46	0	93	6	0	7
0	46	0	94	6	0	9
0	46	0	95	6	0	5
0	46	0	98	6	0	1
0	46	0	99	6	0	3
0	46	0	90	5	0	4
0	46	0	91	5	0	9
0	46	0	92	5	0	10
0	46	0	93	5	0	5
0	46	0	94	5	0	0
0	46	0	95	5	0	7
0	46	0	96	5	0	5
0	46	0	97	5	0	0
0	46	0	98	5	0	1
0	46	0	99	5	0	0
0	46	0	100	5	0	0
0	46	0	92	4	0	0
0	46	0	93	4	0	0
0	47	0	92	10	0	1
0	47	0	93	10	0	6
0	47	0	94	10	0	8
0	47	0	96	10	0	7
0	47	0	97	10	0	1
0	47	0	90	9	0	14
0	47	0	91	9	0	6
0	47	0	92	9	0	8
0	47	0	93	9	0	8
0	47	0	94	9	0	9
0	47	0	95	9	0	5
0	47	0	96	9	0	5
0	47	0	97	9	0	0
0	47	0	98	9	0	7
0	47	0	90	8	0	8
0	47	0	91	8	0	8
0	47	0	92	8	0	4
0	47	0	93	8	0	7
0	47	0	94	8	0	7
0	47	0	95	8	0	4
0	47	0	96	8	0	1
0	47	0	97	8	0	6
0	47	0	98	8	0	7
0	47	0	99	8	0	1
0	47	0	100	8	0	0
0	47	0	90	7	0	6
0	47	0	91	7	0	11
0	47	0	92	7	0	8
0	47	0	93	7	0	7
0	47	0	94	7	0	2
0	47	0	95	7	0	9
0	47	0	96	7	0	11
0	47	0	97	7	0	3
0	47	0	98	7	0	7
0	47	0	99	7	0	1
0	47	0	90	6	0	5
0	47	0	91	6	0	5
0	47	0	92	6	0	8
0	47	0	93	6	0	9
0	47	0	94	6	0	7
0	47	0	95	6	0	5
0	47	0	97	6	0	1
0	47	0	98	6	0	1
0	47	0	99	6	0	2
0	47	0	90	5	0	8
0	47	0	91	5	0	13
0	47	0	92	5	0	9
0	47	0	93	5	0	4
0	47	0	94	5	0	0
0	47	0	95	5	0	6
0	47	0	96	5	0	6
0	47	0	97	5	0	0
0	47	0	98	5	0	3
0	47	0	99	5	0	0
0	47	0	100	5	0	0
0	47	0	92	4	0	0
0	47	0	93	4	0	0
0	48	0	92	10	0	0
0	48	0	93	10	0	8
0	48	0	94	10	0	8
0	48	0	96	10	0	7
0	48	0	97	10	0	3
0	48	0	90	9	0	11
0	48	0	91	9	0	2
0	48	0	92	9	0	10
0	48	0	93	9	0	9
0	48	0	94	9	0	12
0	48	0	95	9	0	3
0	48	0	96	9	0	7
0	48	0	97	9	0	0
0	48	0	98	9	0	5
0	48	0	90	8	0	8
0	48	0	91	8	0	9
0	48	0	92	8	0	6
0	48	0	93	8	0	12
0	48	0	94	8	0	6
0	48	0	95	8	0	4
0	48	0	96	8	0	2
0	48	0	97	8	0	5
0	48	0	98	8	0	6
0	48	0	99	8	0	0
0	48	0	100	8	0	0
0	48	0	90	7	0	9
0	48	0	91	7	0	10
0	48	0	92	7	0	12
0	48	0	93	7	0	9
0	48	0	94	7	0	2
0	48	0	95	7	0	13
0	48	0	96	7	0	8
0	48	0	97	7	0	3
0	48	0	98	7	0	2
0	48	0	99	7	0	0
0	48	0	90	6	0	1
0	48	0	91	6	0	3
0	48	0	92	6	0	7
0	48	0	93	6	0	5
0	48	0	94	6	0	7
0	48	0	95	6	0	8
0	48	0	96	6	0	1
0	48	0	97	6	0	0
0	48	0	98	6	0	1
0	48	0	99	6	0	2
0	48	0	90	5	0	5
0	48	0	91	5	0	11
0	48	0	92	5	0	8
0	48	0	93	5	0	7
0	48	0	94	5	0	1
0	48	0	95	5	0	5
0	48	0	96	5	0	12
0	48	0	97	5	0	0
0	48	0	98	5	0	2
0	48	0	99	5	0	0
0	48	0	100	5	0	0
0	48	0	92	4	0	0
0	48	0	93	4	0	0
0	49	0	92	10	0	0
0	49	0	93	10	0	4
0	49	0	94	10	0	6
0	49	0	96	10	0	6
0	49	0	97	10	0	4
0	49	0	90	9	0	8
0	49	0	91	9	0	1
0	49	0	92	9	0	11
0	49	0	93	9	0	6
0	49	0	94	9	0	8
0	49	0	95	9	0	7
0	49	0	96	9	0	11
0	49	0	97	9	0	2
0	49	0	98	9	0	4
0	49	0	90	8	0	4
0	49	0	91	8	0	13
0	49	0	92	8	0	8
0	49	0	93	8	0	8
0	49	0	94	8	0	7
0	49	0	95	8	0	3
0	49	0	96	8	0	4
0	49	0	97	8	0	4
0	49	0	98	8	0	6
0	49	0	99	8	0	0
0	49	0	100	8	0	0
0	49	0	90	7	0	14
0	49	0	91	7	0	14
0	49	0	92	7	0	16
0	49	0	93	7	0	14
0	49	0	94	7	0	1
0	49	0	95	7	0	12
0	49	0	96	7	0	7
0	49	0	97	7	0	1
0	49	0	98	7	0	2
0	49	0	99	7	0	0
0	49	0	90	6	0	0
0	49	0	91	6	0	3
0	49	0	92	6	0	6
0	49	0	93	6	0	4
0	49	0	94	6	0	9
0	49	0	95	6	0	5
0	49	0	96	6	0	3
0	49	0	97	6	0	0
0	49	0	98	6	0	4
0	49	0	99	6	0	1
0	49	0	90	5	0	3
0	49	0	91	5	0	9
0	49	0	92	5	0	12
0	49	0	93	5	0	7
0	49	0	94	5	0	1
0	49	0	95	5	0	9
0	49	0	96	5	0	16
0	49	0	97	5	0	0
0	49	0	98	5	0	4
0	49	0	99	5	0	0
0	49	0	100	5	0	0
0	49	0	92	4	0	0
0	49	0	93	4	0	0
0	50	0	92	10	0	0
0	50	0	93	10	0	4
0	50	0	94	10	0	7
0	50	0	96	10	0	7
0	50	0	97	10	0	3
0	50	0	90	9	0	7
0	50	0	91	9	0	3
0	50	0	92	9	0	8
0	50	0	93	9	0	8
0	50	0	94	9	0	8
0	50	0	95	9	0	4
0	50	0	96	9	0	10
0	50	0	97	9	0	3
0	50	0	98	9	0	2
0	50	0	90	8	0	5
0	50	0	91	8	0	15
0	50	0	92	8	0	9
0	50	0	93	8	0	7
0	50	0	94	8	0	4
0	50	0	95	8	0	2
0	50	0	96	8	0	8
0	50	0	97	8	0	3
0	50	0	98	8	0	4
0	50	0	99	8	0	0
0	50	0	100	8	0	0
0	50	0	90	7	0	17
0	50	0	91	7	0	9
0	50	0	92	7	0	18
0	50	0	93	7	0	13
0	50	0	94	7	0	1
0	50	0	95	7	0	10
0	50	0	96	7	0	7
0	50	0	97	7	0	3
0	50	0	98	7	0	6
0	50	0	99	7	0	0
0	50	0	90	6	0	1
0	50	0	91	6	0	1
0	50	0	92	6	0	9
0	50	0	93	6	0	4
0	50	0	94	6	0	15
0	50	0	95	6	0	16
0	50	0	96	6	0	2
0	50	0	97	6	0	0
0	50	0	98	6	0	4
0	50	0	99	6	0	0
0	50	0	90	5	0	3
0	50	0	91	5	0	7
0	50	0	92	5	0	11
0	50	0	93	5	0	12
0	50	0	94	5	0	3
0	50	0	95	5	0	5
0	50	0	96	5	0	5
0	50	0	97	5	0	0
0	50	0	98	5	0	5
0	50	0	99	5	0	1
0	50	0	100	5	0	0
0	50	0	92	4	0	0
0	50	0	93	4	0	0
0	51	0	92	10	0	0
0	51	0	93	10	0	6
0	51	0	94	10	0	6
0	51	0	96	10	0	7
0	51	0	97	10	0	2
0	51	0	98	10	0	1
0	51	0	100	10	0	1
0	51	0	90	9	0	2
0	51	0	91	9	0	4
0	51	0	92	9	0	14
0	51	0	93	9	0	12
0	51	0	94	9	0	6
0	51	0	95	9	0	8
0	51	0	96	9	0	12
0	51	0	97	9	0	2
0	51	0	98	9	0	0
0	51	0	90	8	0	11
0	51	0	91	8	0	10
0	51	0	92	8	0	10
0	51	0	93	8	0	5
0	51	0	94	8	0	7
0	51	0	95	8	0	2
0	51	0	96	8	0	11
0	51	0	97	8	0	3
0	51	0	98	8	0	2
0	51	0	99	8	0	0
0	51	0	100	8	0	0
0	51	0	90	7	0	10
0	51	0	91	7	0	15
0	51	0	92	7	0	15
0	51	0	93	7	0	21
0	51	0	94	7	0	4
0	51	0	95	7	0	11
0	51	0	96	7	0	6
0	51	0	97	7	0	6
0	51	0	98	7	0	9
0	51	0	99	7	0	0
0	51	0	90	6	0	0
0	51	0	91	6	0	3
0	51	0	92	6	0	8
0	51	0	93	6	0	4
0	51	0	94	6	0	9
0	51	0	95	6	0	24
0	51	0	96	6	0	2
0	51	0	97	6	0	1
0	51	0	98	6	0	4
0	51	0	99	6	0	0
0	51	0	90	5	0	8
0	51	0	91	5	0	14
0	51	0	92	5	0	14
0	51	0	93	5	0	3
0	51	0	94	5	0	3
0	51	0	95	5	0	7
0	51	0	96	5	0	12
0	51	0	97	5	0	1
0	51	0	98	5	0	4
0	51	0	99	5	0	0
0	51	0	100	5	0	0
0	51	0	92	4	0	1
0	51	0	93	4	0	1
0	51	0	97	4	0	1
0	52	0	92	10	0	0
0	52	0	93	10	0	5
0	52	0	94	10	0	3
0	52	0	96	10	0	9
0	52	0	97	10	0	6
0	52	0	98	10	0	3
0	52	0	100	10	0	1
0	52	0	90	9	0	3
0	52	0	91	9	0	5
0	52	0	92	9	0	8
0	52	0	93	9	0	8
0	52	0	94	9	0	8
0	52	0	95	9	0	5
0	52	0	96	9	0	8
0	52	0	97	9	0	1
0	52	0	98	9	0	0
0	52	0	90	8	0	12
0	52	0	91	8	0	6
0	52	0	92	8	0	12
0	52	0	93	8	0	9
0	52	0	94	8	0	9
0	52	0	95	8	0	3
0	52	0	96	8	0	16
0	52	0	97	8	0	3
0	52	0	98	8	0	7
0	52	0	99	8	0	0
0	52	0	100	8	0	0
0	52	0	90	7	0	6
0	52	0	91	7	0	7
0	52	0	92	7	0	4
0	52	0	93	7	0	11
0	52	0	94	7	0	4
0	52	0	95	7	0	10
0	52	0	96	7	0	6
0	52	0	97	7	0	6
0	52	0	98	7	0	13
0	52	0	99	7	0	0
0	52	0	90	6	0	0
0	52	0	91	6	0	3
0	52	0	92	6	0	6
0	52	0	93	6	0	5
0	52	0	94	6	0	13
0	52	0	95	6	0	10
0	52	0	96	6	0	4
0	52	0	97	6	0	3
0	52	0	98	6	0	7
0	52	0	99	6	0	0
0	52	0	90	5	0	5
0	52	0	91	5	0	12
0	52	0	92	5	0	12
0	52	0	93	5	0	9
0	52	0	94	5	0	2
0	52	0	95	5	0	9
0	52	0	96	5	0	10
0	52	0	97	5	0	1
0	52	0	98	5	0	7
0	52	0	99	5	0	0
0	52	0	100	5	0	0
0	52	0	92	4	0	2
0	52	0	93	4	0	2
0	52	0	97	4	0	2
0	53	0	92	10	0	2
0	53	0	93	10	0	6
0	53	0	94	10	0	2
0	53	0	96	10	0	10
0	53	0	97	10	0	15
0	53	0	98	10	0	6
0	53	0	100	10	0	2
0	53	0	90	9	0	7
0	53	0	91	9	0	5
0	53	0	92	9	0	12
0	53	0	93	9	0	11
0	53	0	94	9	0	7
0	53	0	95	9	0	4
0	53	0	96	9	0	9
0	53	0	97	9	0	3
0	53	0	98	9	0	0
0	53	0	90	8	0	5
0	53	0	91	8	0	8
0	53	0	92	8	0	15
0	53	0	93	8	0	7
0	53	0	94	8	0	8
0	53	0	95	8	0	3
0	53	0	96	8	0	14
0	53	0	97	8	0	1
0	53	0	98	8	0	7
0	53	0	99	8	0	0
0	53	0	100	8	0	0
0	53	0	90	7	0	10
0	53	0	91	7	0	6
0	53	0	92	7	0	4
0	53	0	93	7	0	10
0	53	0	94	7	0	8
0	53	0	95	7	0	8
0	53	0	96	7	0	7
0	53	0	97	7	0	7
0	53	0	98	7	0	7
0	53	0	99	7	0	0
0	53	0	90	6	0	0
0	53	0	91	6	0	5
0	53	0	92	6	0	13
0	53	0	93	6	0	9
0	53	0	94	6	0	10
0	53	0	95	6	0	8
0	53	0	96	6	0	3
0	53	0	97	6	0	1
0	53	0	98	6	0	3
0	53	0	99	6	0	0
0	53	0	90	5	0	5
0	53	0	91	5	0	9
0	53	0	92	5	0	7
0	53	0	93	5	0	16
0	53	0	94	5	0	4
0	53	0	95	5	0	13
0	53	0	96	5	0	8
0	53	0	97	5	0	3
0	53	0	98	5	0	9
0	53	0	99	5	0	0
0	53	0	100	5	0	0
0	53	0	92	4	0	0
0	53	0	93	4	0	4
0	53	0	96	4	0	1
0	53	0	97	4	0	3
0	54	0	99	11	0	1
0	54	0	92	10	0	4
0	54	0	93	10	0	9
0	54	0	94	10	0	3
0	54	0	96	10	0	10
0	54	0	97	10	0	15
0	54	0	98	10	0	7
0	54	0	100	10	0	4
0	54	0	90	9	0	7
0	54	0	91	9	0	4
0	54	0	92	9	0	11
0	54	0	93	9	0	10
0	54	0	94	9	0	10
0	54	0	95	9	0	5
0	54	0	96	9	0	13
0	54	0	97	9	0	4
0	54	0	98	9	0	0
0	54	0	99	9	0	1
0	54	0	90	8	0	9
0	54	0	91	8	0	5
0	54	0	92	8	0	13
0	54	0	93	8	0	4
0	54	0	94	8	0	9
0	54	0	95	8	0	7
0	54	0	96	8	0	11
0	54	0	97	8	0	3
0	54	0	98	8	0	13
0	54	0	99	8	0	0
0	54	0	100	8	0	1
0	54	0	90	7	0	10
0	54	0	91	7	0	3
0	54	0	92	7	0	3
0	54	0	93	7	0	12
0	54	0	94	7	0	11
0	54	0	95	7	0	8
0	54	0	96	7	0	6
0	54	0	97	7	0	4
0	54	0	98	7	0	7
0	54	0	99	7	0	0
0	54	0	90	6	0	0
0	54	0	91	6	0	2
0	54	0	92	6	0	12
0	54	0	93	6	0	13
0	54	0	94	6	0	5
0	54	0	95	6	0	5
0	54	0	96	6	0	3
0	54	0	97	6	0	2
0	54	0	98	6	0	2
0	54	0	99	6	0	1
0	54	0	90	5	0	6
0	54	0	91	5	0	10
0	54	0	92	5	0	7
0	54	0	93	5	0	11
0	54	0	94	5	0	4
0	54	0	95	5	0	15
0	54	0	96	5	0	8
0	54	0	97	5	0	4
0	54	0	98	5	0	8
0	54	0	99	5	0	0
0	54	0	100	5	0	0
0	54	0	92	4	0	0
0	54	0	93	4	0	3
0	54	0	96	4	0	0
0	54	0	97	4	0	2
0	55	0	99	11	0	1
0	55	0	92	10	0	7
0	55	0	93	10	0	6
0	55	0	94	10	0	2
0	55	0	96	10	0	8
0	55	0	97	10	0	14
0	55	0	98	10	0	10
0	55	0	99	10	0	1
0	55	0	100	10	0	10
0	55	0	90	9	0	7
0	55	0	91	9	0	6
0	55	0	92	9	0	13
0	55	0	93	9	0	10
0	55	0	94	9	0	10
0	55	0	95	9	0	5
0	55	0	96	9	0	18
0	55	0	97	9	0	4
0	55	0	98	9	0	0
0	55	0	99	9	0	0
0	55	0	100	9	0	1
0	55	0	90	8	0	12
0	55	0	91	8	0	6
0	55	0	92	8	0	11
0	55	0	93	8	0	3
0	55	0	94	8	0	8
0	55	0	95	8	0	8
0	55	0	96	8	0	14
0	55	0	97	8	0	7
0	55	0	98	8	0	17
0	55	0	99	8	0	0
0	55	0	100	8	0	4
0	55	0	101	8	0	1
0	55	0	90	7	0	11
0	55	0	91	7	0	5
0	55	0	92	7	0	4
0	55	0	93	7	0	8
0	55	0	94	7	0	12
0	55	0	95	7	0	10
0	55	0	96	7	0	13
0	55	0	97	7	0	5
0	55	0	98	7	0	6
0	55	0	99	7	0	0
0	55	0	90	6	0	0
0	55	0	91	6	0	4
0	55	0	92	6	0	9
0	55	0	93	6	0	10
0	55	0	94	6	0	3
0	55	0	95	6	0	5
0	55	0	96	6	0	5
0	55	0	97	6	0	3
0	55	0	98	6	0	7
0	55	0	99	6	0	0
0	55	0	90	5	0	5
0	55	0	91	5	0	12
0	55	0	92	5	0	10
0	55	0	93	5	0	6
0	55	0	94	5	0	5
0	55	0	95	5	0	13
0	55	0	96	5	0	8
0	55	0	97	5	0	5
0	55	0	98	5	0	9
0	55	0	99	5	0	0
0	55	0	100	5	0	0
0	55	0	92	4	0	0
0	55	0	93	4	0	6
0	55	0	96	4	0	0
0	55	0	97	4	0	2
0	56	0	99	11	0	1
0	56	0	92	10	0	13
0	56	0	93	10	0	6
0	56	0	94	10	0	3
0	56	0	96	10	0	10
0	56	0	97	10	0	16
0	56	0	98	10	0	6
0	56	0	99	10	0	2
0	56	0	100	10	0	3
0	56	0	101	10	0	1
0	56	0	90	9	0	13
0	56	0	91	9	0	11
0	56	0	92	9	0	5
0	56	0	93	9	0	8
0	56	0	94	9	0	6
0	56	0	95	9	0	5
0	56	0	96	9	0	12
0	56	0	97	9	0	5
0	56	0	98	9	0	2
0	56	0	99	9	0	1
0	56	0	100	9	0	3
0	56	0	90	8	0	11
0	56	0	91	8	0	12
0	56	0	92	8	0	7
0	56	0	93	8	0	2
0	56	0	94	8	0	11
0	56	0	95	8	0	13
0	56	0	96	8	0	9
0	56	0	97	8	0	6
0	56	0	98	8	0	12
0	56	0	99	8	0	0
0	56	0	100	8	0	7
0	56	0	101	8	0	1
0	56	0	90	7	0	10
0	56	0	91	7	0	8
0	56	0	92	7	0	9
0	56	0	93	7	0	3
0	56	0	94	7	0	4
0	56	0	95	7	0	9
0	56	0	96	7	0	11
0	56	0	97	7	0	7
0	56	0	98	7	0	5
0	56	0	99	7	0	1
0	56	0	90	6	0	0
0	56	0	91	6	0	3
0	56	0	92	6	0	12
0	56	0	93	6	0	6
0	56	0	94	6	0	6
0	56	0	95	6	0	4
0	56	0	96	6	0	9
0	56	0	97	6	0	7
0	56	0	98	6	0	7
0	56	0	99	6	0	0
0	56	0	90	5	0	2
0	56	0	91	5	0	10
0	56	0	92	5	0	16
0	56	0	93	5	0	6
0	56	0	94	5	0	1
0	56	0	95	5	0	6
0	56	0	96	5	0	11
0	56	0	97	5	0	7
0	56	0	98	5	0	15
0	56	0	99	5	0	0
0	56	0	100	5	0	1
0	56	0	92	4	0	0
0	56	0	93	4	0	5
0	56	0	96	4	0	0
0	56	0	97	4	0	1
0	57	0	99	11	0	1
0	57	0	100	11	0	1
0	57	0	92	10	0	8
0	57	0	93	10	0	8
0	57	0	94	10	0	4
0	57	0	96	10	0	15
0	57	0	97	10	0	11
0	57	0	98	10	0	6
0	57	0	99	10	0	4
0	57	0	100	10	0	5
0	57	0	101	10	0	2
0	57	0	90	9	0	8
0	57	0	91	9	0	8
0	57	0	92	9	0	3
0	57	0	93	9	0	12
0	57	0	94	9	0	8
0	57	0	95	9	0	6
0	57	0	96	9	0	7
0	57	0	97	9	0	6
0	57	0	98	9	0	5
0	57	0	99	9	0	1
0	57	0	100	9	0	6
0	57	0	101	9	0	1
0	57	0	90	8	0	15
0	57	0	91	8	0	16
0	57	0	92	8	0	6
0	57	0	93	8	0	1
0	57	0	94	8	0	10
0	57	0	95	8	0	6
0	57	0	96	8	0	5
0	57	0	97	8	0	6
0	57	0	98	8	0	9
0	57	0	99	8	0	0
0	57	0	100	8	0	12
0	57	0	101	8	0	0
0	57	0	90	7	0	7
0	57	0	91	7	0	10
0	57	0	92	7	0	8
0	57	0	93	7	0	2
0	57	0	94	7	0	3
0	57	0	95	7	0	9
0	57	0	96	7	0	15
0	57	0	97	7	0	6
0	57	0	98	7	0	12
0	57	0	99	7	0	0
0	57	0	101	7	0	1
0	57	0	90	6	0	2
0	57	0	91	6	0	1
0	57	0	92	6	0	15
0	57	0	93	6	0	10
0	57	0	94	6	0	5
0	57	0	95	6	0	8
0	57	0	96	6	0	11
0	57	0	97	6	0	9
0	57	0	98	6	0	2
0	57	0	99	6	0	0
0	57	0	90	5	0	5
0	57	0	91	5	0	11
0	57	0	92	5	0	15
0	57	0	93	5	0	10
0	57	0	94	5	0	2
0	57	0	95	5	0	4
0	57	0	96	5	0	6
0	57	0	97	5	0	11
0	57	0	98	5	0	9
0	57	0	99	5	0	4
0	57	0	100	5	0	3
0	57	0	92	4	0	1
0	57	0	93	4	0	6
0	57	0	96	4	0	0
0	57	0	97	4	0	3
0	58	0	99	11	0	1
0	58	0	100	11	0	1
0	58	0	102	11	0	1
0	58	0	92	10	0	4
0	58	0	93	10	0	8
0	58	0	94	10	0	4
0	58	0	96	10	0	15
0	58	0	97	10	0	13
0	58	0	98	10	0	7
0	58	0	99	10	0	3
0	58	0	100	10	0	6
0	58	0	101	10	0	4
0	58	0	90	9	0	5
0	58	0	91	9	0	7
0	58	0	92	9	0	1
0	58	0	93	9	0	9
0	58	0	94	9	0	9
0	58	0	95	9	0	3
0	58	0	96	9	0	8
0	58	0	97	9	0	14
0	58	0	98	9	0	8
0	58	0	99	9	0	0
0	58	0	100	9	0	5
0	58	0	101	9	0	1
0	58	0	90	8	0	16
0	58	0	91	8	0	10
0	58	0	92	8	0	5
0	58	0	93	8	0	0
0	58	0	94	8	0	12
0	58	0	95	8	0	3
0	58	0	96	8	0	8
0	58	0	97	8	0	5
0	58	0	98	8	0	11
0	58	0	99	8	0	0
0	58	0	100	8	0	10
0	58	0	101	8	0	0
0	58	0	90	7	0	8
0	58	0	91	7	0	11
0	58	0	92	7	0	7
0	58	0	93	7	0	5
0	58	0	94	7	0	3
0	58	0	95	7	0	9
0	58	0	96	7	0	18
0	58	0	97	7	0	8
0	58	0	98	7	0	7
0	58	0	99	7	0	0
0	58	0	101	7	0	1
0	58	0	90	6	0	3
0	58	0	91	6	0	2
0	58	0	92	6	0	16
0	58	0	93	6	0	7
0	58	0	94	6	0	2
0	58	0	95	6	0	10
0	58	0	96	6	0	6
0	58	0	97	6	0	11
0	58	0	98	6	0	1
0	58	0	99	6	0	0
0	58	0	90	5	0	3
0	58	0	91	5	0	13
0	58	0	92	5	0	11
0	58	0	93	5	0	11
0	58	0	94	5	0	3
0	58	0	95	5	0	6
0	58	0	96	5	0	12
0	58	0	97	5	0	15
0	58	0	98	5	0	11
0	58	0	99	5	0	2
0	58	0	100	5	0	5
0	58	0	92	4	0	2
0	58	0	93	4	0	4
0	58	0	96	4	0	0
0	58	0	97	4	0	5
0	58	0	98	4	0	1
0	59	0	99	11	0	2
0	59	0	100	11	0	2
0	59	0	102	11	0	3
0	59	0	92	10	0	9
0	59	0	93	10	0	9
0	59	0	94	10	0	4
0	59	0	96	10	0	12
0	59	0	97	10	0	15
0	59	0	98	10	0	6
0	59	0	99	10	0	4
0	59	0	100	10	0	9
0	59	0	101	10	0	8
0	59	0	103	10	0	1
0	59	0	90	9	0	3
0	59	0	91	9	0	8
0	59	0	92	9	0	1
0	59	0	93	9	0	9
0	59	0	94	9	0	5
0	59	0	95	9	0	2
0	59	0	96	9	0	9
0	59	0	97	9	0	12
0	59	0	98	9	0	14
0	59	0	99	9	0	1
0	59	0	100	9	0	7
0	59	0	101	9	0	3
0	59	0	90	8	0	11
0	59	0	91	8	0	4
0	59	0	92	8	0	5
0	59	0	93	8	0	2
0	59	0	94	8	0	10
0	59	0	95	8	0	3
0	59	0	96	8	0	6
0	59	0	97	8	0	6
0	59	0	98	8	0	11
0	59	0	99	8	0	0
0	59	0	100	8	0	11
0	59	0	101	8	0	1
0	59	0	90	7	0	7
0	59	0	91	7	0	8
0	59	0	92	7	0	8
0	59	0	93	7	0	10
0	59	0	94	7	0	7
0	59	0	95	7	0	13
0	59	0	96	7	0	11
0	59	0	97	7	0	9
0	59	0	98	7	0	6
0	59	0	99	7	0	0
0	59	0	101	7	0	3
0	59	0	102	7	0	1
0	59	0	90	6	0	4
0	59	0	91	6	0	3
0	59	0	92	6	0	7
0	59	0	93	6	0	10
0	59	0	94	6	0	4
0	59	0	95	6	0	10
0	59	0	96	6	0	11
0	59	0	97	6	0	12
0	59	0	98	6	0	0
0	59	0	99	6	0	0
0	59	0	90	5	0	7
0	59	0	91	5	0	10
0	59	0	92	5	0	10
0	59	0	93	5	0	8
0	59	0	94	5	0	5
0	59	0	95	5	0	4
0	59	0	96	5	0	8
0	59	0	97	5	0	10
0	59	0	98	5	0	10
0	59	0	99	5	0	4
0	59	0	100	5	0	3
0	59	0	92	4	0	1
0	59	0	93	4	0	6
0	59	0	96	4	0	0
0	59	0	97	4	0	3
0	59	0	98	4	0	0
0	59	0	100	4	0	1
0	60	0	99	11	0	4
0	60	0	100	11	0	5
0	60	0	101	11	0	1
0	60	0	102	11	0	3
0	60	0	92	10	0	6
0	60	0	93	10	0	8
0	60	0	94	10	0	6
0	60	0	96	10	0	11
0	60	0	97	10	0	9
0	60	0	98	10	0	5
0	60	0	99	10	0	4
0	60	0	100	10	0	10
0	60	0	101	10	0	9
0	60	0	102	10	0	1
0	60	0	103	10	0	1
0	60	0	90	9	0	6
0	60	0	91	9	0	10
0	60	0	92	9	0	3
0	60	0	93	9	0	6
0	60	0	94	9	0	8
0	60	0	95	9	0	4
0	60	0	96	9	0	3
0	60	0	97	9	0	11
0	60	0	98	9	0	9
0	60	0	99	9	0	2
0	60	0	100	9	0	6
0	60	0	101	9	0	8
0	60	0	90	8	0	4
0	60	0	91	8	0	7
0	60	0	92	8	0	8
0	60	0	93	8	0	1
0	60	0	94	8	0	7
0	60	0	95	8	0	4
0	60	0	96	8	0	7
0	60	0	97	8	0	5
0	60	0	98	8	0	8
0	60	0	99	8	0	0
0	60	0	100	8	0	12
0	60	0	101	8	0	2
0	60	0	90	7	0	9
0	60	0	91	7	0	11
0	60	0	92	7	0	11
0	60	0	93	7	0	10
0	60	0	94	7	0	9
0	60	0	95	7	0	15
0	60	0	96	7	0	7
0	60	0	97	7	0	13
0	60	0	98	7	0	7
0	60	0	99	7	0	1
0	60	0	100	7	0	1
0	60	0	101	7	0	1
0	60	0	102	7	0	0
0	60	0	90	6	0	7
0	60	0	91	6	0	1
0	60	0	92	6	0	12
0	60	0	93	6	0	8
0	60	0	94	6	0	3
0	60	0	95	6	0	11
0	60	0	96	6	0	8
0	60	0	97	6	0	6
0	60	0	98	6	0	0
0	60	0	99	6	0	0
0	60	0	102	6	0	1
0	60	0	90	5	0	9
0	60	0	91	5	0	10
0	60	0	92	5	0	8
0	60	0	93	5	0	7
0	60	0	94	5	0	6
0	60	0	95	5	0	6
0	60	0	96	5	0	9
0	60	0	97	5	0	7
0	60	0	98	5	0	10
0	60	0	99	5	0	5
0	60	0	100	5	0	5
0	60	0	92	4	0	1
0	60	0	93	4	0	4
0	60	0	96	4	0	0
0	60	0	97	4	0	2
0	60	0	98	4	0	0
0	60	0	100	4	0	1
0	61	0	99	11	0	5
0	61	0	100	11	0	4
0	61	0	101	11	0	1
0	61	0	102	11	0	0
0	61	0	92	10	0	11
0	61	0	93	10	0	6
0	61	0	94	10	0	6
0	61	0	96	10	0	11
0	61	0	97	10	0	10
0	61	0	98	10	0	6
0	61	0	99	10	0	10
0	61	0	100	10	0	7
0	61	0	101	10	0	8
0	61	0	102	10	0	2
0	61	0	103	10	0	2
0	61	0	90	9	0	4
0	61	0	91	9	0	6
0	61	0	92	9	0	4
0	61	0	93	9	0	7
0	61	0	94	9	0	7
0	61	0	95	9	0	5
0	61	0	96	9	0	2
0	61	0	97	9	0	13
0	61	0	98	9	0	13
0	61	0	99	9	0	2
0	61	0	100	9	0	8
0	61	0	101	9	0	8
0	61	0	90	8	0	7
0	61	0	91	8	0	3
0	61	0	92	8	0	6
0	61	0	93	8	0	3
0	61	0	94	8	0	7
0	61	0	95	8	0	2
0	61	0	96	8	0	3
0	61	0	97	8	0	6
0	61	0	98	8	0	5
0	61	0	99	8	0	0
0	61	0	100	8	0	15
0	61	0	101	8	0	9
0	61	0	102	8	0	1
0	61	0	90	7	0	6
0	61	0	91	7	0	9
0	61	0	92	7	0	10
0	61	0	93	7	0	9
0	61	0	94	7	0	14
0	61	0	95	7	0	16
0	61	0	96	7	0	8
0	61	0	97	7	0	14
0	61	0	98	7	0	9
0	61	0	99	7	0	1
0	61	0	100	7	0	0
0	61	0	101	7	0	0
0	61	0	102	7	0	0
0	61	0	90	6	0	11
0	61	0	91	6	0	4
0	61	0	92	6	0	13
0	61	0	93	6	0	7
0	61	0	94	6	0	5
0	61	0	95	6	0	7
0	61	0	96	6	0	9
0	61	0	97	6	0	6
0	61	0	98	6	0	0
0	61	0	99	6	0	0
0	61	0	102	6	0	0
0	61	0	90	5	0	9
0	61	0	91	5	0	9
0	61	0	92	5	0	9
0	61	0	93	5	0	7
0	61	0	94	5	0	4
0	61	0	95	5	0	5
0	61	0	96	5	0	11
0	61	0	97	5	0	3
0	61	0	98	5	0	10
0	61	0	99	5	0	5
0	61	0	100	5	0	4
0	61	0	92	4	0	2
0	61	0	93	4	0	11
0	61	0	96	4	0	0
0	61	0	97	4	0	3
0	61	0	98	4	0	0
0	61	0	100	4	0	1
0	62	0	99	11	0	4
0	62	0	100	11	0	3
0	62	0	101	11	0	3
0	62	0	102	11	0	1
0	62	0	92	10	0	5
0	62	0	93	10	0	11
0	62	0	94	10	0	4
0	62	0	96	10	0	13
0	62	0	97	10	0	6
0	62	0	98	10	0	6
0	62	0	99	10	0	11
0	62	0	100	10	0	11
0	62	0	101	10	0	8
0	62	0	102	10	0	2
0	62	0	103	10	0	4
0	62	0	90	9	0	4
0	62	0	91	9	0	5
0	62	0	92	9	0	8
0	62	0	93	9	0	6
0	62	0	94	9	0	8
0	62	0	95	9	0	4
0	62	0	96	9	0	4
0	62	0	97	9	0	12
0	62	0	98	9	0	11
0	62	0	99	9	0	2
0	62	0	100	9	0	9
0	62	0	101	9	0	10
0	62	0	90	8	0	7
0	62	0	91	8	0	7
0	62	0	92	8	0	7
0	62	0	93	8	0	5
0	62	0	94	8	0	6
0	62	0	95	8	0	1
0	62	0	96	8	0	5
0	62	0	97	8	0	9
0	62	0	98	8	0	8
0	62	0	99	8	0	0
0	62	0	100	8	0	11
0	62	0	101	8	0	9
0	62	0	102	8	0	0
0	62	0	90	7	0	16
0	62	0	91	7	0	12
0	62	0	92	7	0	14
0	62	0	93	7	0	16
0	62	0	94	7	0	15
0	62	0	95	7	0	18
0	62	0	96	7	0	9
0	62	0	97	7	0	10
0	62	0	98	7	0	7
0	62	0	99	7	0	3
0	62	0	100	7	0	0
0	62	0	101	7	0	0
0	62	0	102	7	0	1
0	62	0	90	6	0	7
0	62	0	91	6	0	7
0	62	0	92	6	0	16
0	62	0	93	6	0	6
0	62	0	94	6	0	6
0	62	0	95	6	0	6
0	62	0	96	6	0	3
0	62	0	97	6	0	5
0	62	0	98	6	0	0
0	62	0	99	6	0	0
0	62	0	100	6	0	1
0	62	0	102	6	0	0
0	62	0	90	5	0	12
0	62	0	91	5	0	9
0	62	0	92	5	0	9
0	62	0	93	5	0	7
0	62	0	94	5	0	4
0	62	0	95	5	0	5
0	62	0	96	5	0	7
0	62	0	97	5	0	2
0	62	0	98	5	0	6
0	62	0	99	5	0	5
0	62	0	100	5	0	2
0	62	0	92	4	0	2
0	62	0	93	4	0	11
0	62	0	96	4	0	0
0	62	0	97	4	0	4
0	62	0	98	4	0	0
0	62	0	100	4	0	0
0	63	0	99	11	0	5
0	63	0	100	11	0	5
0	63	0	101	11	0	7
0	63	0	102	11	0	1
0	63	0	92	10	0	4
0	63	0	93	10	0	9
0	63	0	94	10	0	8
0	63	0	96	10	0	16
0	63	0	97	10	0	7
0	63	0	98	10	0	5
0	63	0	99	10	0	11
0	63	0	100	10	0	12
0	63	0	101	10	0	8
0	63	0	102	10	0	0
0	63	0	103	10	0	5
0	63	0	90	9	0	6
0	63	0	91	9	0	5
0	63	0	92	9	0	8
0	63	0	93	9	0	7
0	63	0	94	9	0	11
0	63	0	95	9	0	1
0	63	0	96	9	0	6
0	63	0	97	9	0	12
0	63	0	98	9	0	9
0	63	0	99	9	0	3
0	63	0	100	9	0	7
0	63	0	101	9	0	7
0	63	0	90	8	0	6
0	63	0	91	8	0	6
0	63	0	92	8	0	10
0	63	0	93	8	0	7
0	63	0	94	8	0	8
0	63	0	95	8	0	1
0	63	0	96	8	0	8
0	63	0	97	8	0	12
0	63	0	98	8	0	10
0	63	0	99	8	0	0
0	63	0	100	8	0	11
0	63	0	101	8	0	14
0	63	0	102	8	0	0
0	63	0	90	7	0	15
0	63	0	91	7	0	7
0	63	0	92	7	0	10
0	63	0	93	7	0	18
0	63	0	94	7	0	6
0	63	0	95	7	0	11
0	63	0	96	7	0	12
0	63	0	97	7	0	4
0	63	0	98	7	0	9
0	63	0	99	7	0	2
0	63	0	100	7	0	0
0	63	0	101	7	0	0
0	63	0	102	7	0	2
0	63	0	105	7	0	1
0	63	0	90	6	0	12
0	63	0	91	6	0	8
0	63	0	92	6	0	13
0	63	0	93	6	0	15
0	63	0	94	6	0	5
0	63	0	95	6	0	7
0	63	0	96	6	0	10
0	63	0	97	6	0	10
0	63	0	98	6	0	1
0	63	0	99	6	0	0
0	63	0	100	6	0	2
0	63	0	102	6	0	0
0	63	0	90	5	0	10
0	63	0	91	5	0	6
0	63	0	92	5	0	10
0	63	0	93	5	0	9
0	63	0	94	5	0	2
0	63	0	95	5	0	4
0	63	0	96	5	0	9
0	63	0	97	5	0	4
0	63	0	98	5	0	3
0	63	0	99	5	0	9
0	63	0	100	5	0	4
0	63	0	92	4	0	2
0	63	0	93	4	0	12
0	63	0	96	4	0	0
0	63	0	97	4	0	3
0	63	0	98	4	0	0
0	63	0	99	4	0	1
0	63	0	100	4	0	0
0	64	0	99	11	0	5
0	64	0	100	11	0	7
0	64	0	101	11	0	3
0	64	0	102	11	0	2
0	64	0	92	10	0	6
0	64	0	93	10	0	7
0	64	0	94	10	0	8
0	64	0	96	10	0	7
0	64	0	97	10	0	7
0	64	0	98	10	0	5
0	64	0	99	10	0	5
0	64	0	100	10	0	9
0	64	0	101	10	0	8
0	64	0	102	10	0	1
0	64	0	103	10	0	5
0	64	0	90	9	0	4
0	64	0	91	9	0	6
0	64	0	92	9	0	6
0	64	0	93	9	0	5
0	64	0	94	9	0	12
0	64	0	95	9	0	3
0	64	0	96	9	0	10
0	64	0	97	9	0	7
0	64	0	98	9	0	8
0	64	0	99	9	0	6
0	64	0	100	9	0	4
0	64	0	101	9	0	6
0	64	0	90	8	0	11
0	64	0	91	8	0	4
0	64	0	92	8	0	8
0	64	0	93	8	0	8
0	64	0	94	8	0	9
0	64	0	95	8	0	3
0	64	0	96	8	0	7
0	64	0	97	8	0	17
0	64	0	98	8	0	9
0	64	0	99	8	0	1
0	64	0	100	8	0	11
0	64	0	101	8	0	10
0	64	0	102	8	0	0
0	64	0	90	7	0	11
0	64	0	91	7	0	13
0	64	0	92	7	0	11
0	64	0	93	7	0	13
0	64	0	94	7	0	8
0	64	0	95	7	0	12
0	64	0	96	7	0	10
0	64	0	97	7	0	7
0	64	0	98	7	0	8
0	64	0	99	7	0	1
0	64	0	100	7	0	0
0	64	0	101	7	0	0
0	64	0	102	7	0	2
0	64	0	105	7	0	3
0	64	0	90	6	0	13
0	64	0	91	6	0	6
0	64	0	92	6	0	13
0	64	0	93	6	0	19
0	64	0	94	6	0	6
0	64	0	95	6	0	4
0	64	0	96	6	0	10
0	64	0	97	6	0	8
0	64	0	98	6	0	0
0	64	0	99	6	0	1
0	64	0	100	6	0	2
0	64	0	102	6	0	0
0	64	0	90	5	0	15
0	64	0	91	5	0	7
0	64	0	92	5	0	15
0	64	0	93	5	0	12
0	64	0	94	5	0	4
0	64	0	95	5	0	11
0	64	0	96	5	0	7
0	64	0	97	5	0	11
0	64	0	98	5	0	8
0	64	0	99	5	0	14
0	64	0	100	5	0	10
0	64	0	92	4	0	4
0	64	0	93	4	0	13
0	64	0	96	4	0	1
0	64	0	97	4	0	4
0	64	0	98	4	0	0
0	64	0	99	4	0	1
0	64	0	100	4	0	0
0	65	0	99	11	0	3
0	65	0	100	11	0	8
0	65	0	101	11	0	3
0	65	0	102	11	0	3
0	65	0	92	10	0	8
0	65	0	93	10	0	6
0	65	0	94	10	0	7
0	65	0	96	10	0	11
0	65	0	97	10	0	8
0	65	0	98	10	0	14
0	65	0	99	10	0	3
0	65	0	100	10	0	14
0	65	0	101	10	0	10
0	65	0	102	10	0	1
0	65	0	103	10	0	7
0	65	0	90	9	0	8
0	65	0	91	9	0	9
0	65	0	92	9	0	5
0	65	0	93	9	0	3
0	65	0	94	9	0	9
0	65	0	95	9	0	1
0	65	0	96	9	0	11
0	65	0	97	9	0	13
0	65	0	98	9	0	9
0	65	0	99	9	0	10
0	65	0	100	9	0	6
0	65	0	101	9	0	13
0	65	0	90	8	0	9
0	65	0	91	8	0	3
0	65	0	92	8	0	6
0	65	0	93	8	0	8
0	65	0	94	8	0	8
0	65	0	95	8	0	8
0	65	0	96	8	0	7
0	65	0	97	8	0	11
0	65	0	98	8	0	10
0	65	0	99	8	0	3
0	65	0	100	8	0	12
0	65	0	101	8	0	7
0	65	0	102	8	0	0
0	65	0	90	7	0	13
0	65	0	91	7	0	11
0	65	0	92	7	0	7
0	65	0	93	7	0	12
0	65	0	94	7	0	2
0	65	0	95	7	0	8
0	65	0	96	7	0	7
0	65	0	97	7	0	11
0	65	0	98	7	0	12
0	65	0	99	7	0	1
0	65	0	100	7	0	0
0	65	0	101	7	0	0
0	65	0	102	7	0	5
0	65	0	105	7	0	8
0	65	0	90	6	0	11
0	65	0	91	6	0	10
0	65	0	92	6	0	5
0	65	0	93	6	0	11
0	65	0	94	6	0	8
0	65	0	95	6	0	3
0	65	0	96	6	0	7
0	65	0	97	6	0	10
0	65	0	98	6	0	1
0	65	0	99	6	0	2
0	65	0	100	6	0	1
0	65	0	102	6	0	0
0	65	0	90	5	0	20
0	65	0	91	5	0	7
0	65	0	92	5	0	12
0	65	0	93	5	0	8
0	65	0	94	5	0	9
0	65	0	95	5	0	11
0	65	0	96	5	0	2
0	65	0	97	5	0	9
0	65	0	98	5	0	6
0	65	0	99	5	0	14
0	65	0	100	5	0	9
0	65	0	92	4	0	7
0	65	0	93	4	0	9
0	65	0	96	4	0	2
0	65	0	97	4	0	4
0	65	0	98	4	0	0
0	65	0	99	4	0	2
0	65	0	100	4	0	0
0	66	0	99	11	0	3
0	66	0	100	11	0	3
0	66	0	101	11	0	5
0	66	0	102	11	0	4
0	66	0	92	10	0	9
0	66	0	93	10	0	7
0	66	0	94	10	0	8
0	66	0	96	10	0	6
0	66	0	97	10	0	8
0	66	0	98	10	0	9
0	66	0	99	10	0	2
0	66	0	100	10	0	7
0	66	0	101	10	0	8
0	66	0	102	10	0	1
0	66	0	103	10	0	7
0	66	0	90	9	0	6
0	66	0	91	9	0	11
0	66	0	92	9	0	10
0	66	0	93	9	0	1
0	66	0	94	9	0	10
0	66	0	95	9	0	1
0	66	0	96	9	0	11
0	66	0	97	9	0	11
0	66	0	98	9	0	8
0	66	0	99	9	0	9
0	66	0	100	9	0	5
0	66	0	101	9	0	5
0	66	0	102	9	0	1
0	66	0	90	8	0	10
0	66	0	91	8	0	1
0	66	0	92	8	0	11
0	66	0	93	8	0	11
0	66	0	94	8	0	10
0	66	0	95	8	0	3
0	66	0	96	8	0	7
0	66	0	97	8	0	9
0	66	0	98	8	0	20
0	66	0	99	8	0	2
0	66	0	100	8	0	9
0	66	0	101	8	0	7
0	66	0	102	8	0	1
0	66	0	90	7	0	11
0	66	0	91	7	0	9
0	66	0	92	7	0	10
0	66	0	93	7	0	11
0	66	0	94	7	0	0
0	66	0	95	7	0	13
0	66	0	96	7	0	7
0	66	0	97	7	0	14
0	66	0	98	7	0	10
0	66	0	99	7	0	3
0	66	0	100	7	0	0
0	66	0	101	7	0	0
0	66	0	102	7	0	1
0	66	0	105	7	0	5
0	66	0	90	6	0	9
0	66	0	91	6	0	5
0	66	0	92	6	0	6
0	66	0	93	6	0	11
0	66	0	94	6	0	14
0	66	0	95	6	0	4
0	66	0	96	6	0	6
0	66	0	97	6	0	9
0	66	0	98	6	0	1
0	66	0	99	6	0	1
0	66	0	100	6	0	2
0	66	0	102	6	0	0
0	66	0	90	5	0	7
0	66	0	91	5	0	7
0	66	0	92	5	0	12
0	66	0	93	5	0	8
0	66	0	94	5	0	9
0	66	0	95	5	0	10
0	66	0	96	5	0	1
0	66	0	97	5	0	11
0	66	0	98	5	0	6
0	66	0	99	5	0	19
0	66	0	100	5	0	9
0	66	0	92	4	0	5
0	66	0	93	4	0	4
0	66	0	96	4	0	6
0	66	0	97	4	0	7
0	66	0	98	4	0	0
0	66	0	99	4	0	7
0	66	0	100	4	0	0
0	66	0	104	4	0	1
0	67	0	99	11	0	2
0	67	0	100	11	0	3
0	67	0	101	11	0	7
0	67	0	102	11	0	6
0	67	0	103	11	0	1
0	67	0	92	10	0	10
0	67	0	93	10	0	3
0	67	0	94	10	0	7
0	67	0	96	10	0	5
0	67	0	97	10	0	8
0	67	0	98	10	0	9
0	67	0	99	10	0	4
0	67	0	100	10	0	10
0	67	0	101	10	0	7
0	67	0	102	10	0	0
0	67	0	103	10	0	3
0	67	0	90	9	0	4
0	67	0	91	9	0	9
0	67	0	92	9	0	11
0	67	0	93	9	0	2
0	67	0	94	9	0	5
0	67	0	95	9	0	1
0	67	0	96	9	0	5
0	67	0	97	9	0	13
0	67	0	98	9	0	7
0	67	0	99	9	0	19
0	67	0	100	9	0	5
0	67	0	101	9	0	9
0	67	0	102	9	0	1
0	67	0	90	8	0	6
0	67	0	91	8	0	2
0	67	0	92	8	0	10
0	67	0	93	8	0	15
0	67	0	94	8	0	14
0	67	0	95	8	0	7
0	67	0	96	8	0	7
0	67	0	97	8	0	9
0	67	0	98	8	0	17
0	67	0	99	8	0	1
0	67	0	100	8	0	8
0	67	0	101	8	0	3
0	67	0	102	8	0	1
0	67	0	90	7	0	3
0	67	0	91	7	0	8
0	67	0	92	7	0	9
0	67	0	93	7	0	9
0	67	0	94	7	0	0
0	67	0	95	7	0	10
0	67	0	96	7	0	7
0	67	0	97	7	0	16
0	67	0	98	7	0	8
0	67	0	99	7	0	7
0	67	0	100	7	0	1
0	67	0	101	7	0	0
0	67	0	102	7	0	0
0	67	0	104	7	0	1
0	67	0	105	7	0	5
0	67	0	90	6	0	9
0	67	0	91	6	0	8
0	67	0	92	6	0	10
0	67	0	93	6	0	9
0	67	0	94	6	0	14
0	67	0	95	6	0	8
0	67	0	96	6	0	10
0	67	0	97	6	0	6
0	67	0	98	6	0	2
0	67	0	99	6	0	0
0	67	0	100	6	0	6
0	67	0	102	6	0	0
0	67	0	106	6	0	1
0	67	0	90	5	0	8
0	67	0	91	5	0	8
0	67	0	92	5	0	12
0	67	0	93	5	0	6
0	67	0	94	5	0	13
0	67	0	95	5	0	9
0	67	0	96	5	0	3
0	67	0	97	5	0	10
0	67	0	98	5	0	12
0	67	0	99	5	0	16
0	67	0	100	5	0	5
0	67	0	92	4	0	5
0	67	0	93	4	0	8
0	67	0	96	4	0	9
0	67	0	97	4	0	4
0	67	0	98	4	0	1
0	67	0	99	4	0	7
0	67	0	100	4	0	0
0	67	0	104	4	0	2
0	68	0	99	11	0	1
0	68	0	100	11	0	2
0	68	0	101	11	0	8
0	68	0	102	11	0	6
0	68	0	103	11	0	3
0	68	0	92	10	0	11
0	68	0	93	10	0	3
0	68	0	94	10	0	3
0	68	0	96	10	0	4
0	68	0	97	10	0	10
0	68	0	98	10	0	12
0	68	0	99	10	0	6
0	68	0	100	10	0	8
0	68	0	101	10	0	6
0	68	0	102	10	0	2
0	68	0	103	10	0	2
0	68	0	90	9	0	4
0	68	0	91	9	0	10
0	68	0	92	9	0	10
0	68	0	93	9	0	5
0	68	0	94	9	0	7
0	68	0	95	9	0	2
0	68	0	96	9	0	4
0	68	0	97	9	0	10
0	68	0	98	9	0	9
0	68	0	99	9	0	9
0	68	0	100	9	0	14
0	68	0	101	9	0	12
0	68	0	102	9	0	0
0	68	0	90	8	0	9
0	68	0	91	8	0	2
0	68	0	92	8	0	6
0	68	0	93	8	0	8
0	68	0	94	8	0	8
0	68	0	95	8	0	9
0	68	0	96	8	0	10
0	68	0	97	8	0	11
0	68	0	98	8	0	17
0	68	0	99	8	0	1
0	68	0	100	8	0	8
0	68	0	101	8	0	4
0	68	0	102	8	0	2
0	68	0	103	8	0	1
0	68	0	90	7	0	0
0	68	0	91	7	0	8
0	68	0	92	7	0	8
0	68	0	93	7	0	10
0	68	0	94	7	0	0
0	68	0	95	7	0	9
0	68	0	96	7	0	7
0	68	0	97	7	0	13
0	68	0	98	7	0	10
0	68	0	99	7	0	9
0	68	0	100	7	0	3
0	68	0	101	7	0	0
0	68	0	102	7	0	0
0	68	0	104	7	0	2
0	68	0	105	7	0	5
0	68	0	106	7	0	1
0	68	0	90	6	0	11
0	68	0	91	6	0	10
0	68	0	92	6	0	14
0	68	0	93	6	0	8
0	68	0	94	6	0	15
0	68	0	95	6	0	7
0	68	0	96	6	0	7
0	68	0	97	6	0	7
0	68	0	98	6	0	2
0	68	0	99	6	0	0
0	68	0	100	6	0	4
0	68	0	102	6	0	0
0	68	0	104	6	0	2
0	68	0	106	6	0	1
0	68	0	90	5	0	6
0	68	0	91	5	0	12
0	68	0	92	5	0	12
0	68	0	93	5	0	4
0	68	0	94	5	0	8
0	68	0	95	5	0	9
0	68	0	96	5	0	5
0	68	0	97	5	0	4
0	68	0	98	5	0	10
0	68	0	99	5	0	13
0	68	0	100	5	0	1
0	68	0	92	4	0	6
0	68	0	93	4	0	1
0	68	0	96	4	0	10
0	68	0	97	4	0	5
0	68	0	98	4	0	1
0	68	0	99	4	0	8
0	68	0	100	4	0	1
0	68	0	104	4	0	0
0	69	0	99	11	0	1
0	69	0	100	11	0	3
0	69	0	101	11	0	6
0	69	0	102	11	0	4
0	69	0	103	11	0	4
0	69	0	92	10	0	8
0	69	0	93	10	0	5
0	69	0	94	10	0	5
0	69	0	96	10	0	10
0	69	0	97	10	0	13
0	69	0	98	10	0	11
0	69	0	99	10	0	5
0	69	0	100	10	0	13
0	69	0	101	10	0	7
0	69	0	102	10	0	1
0	69	0	103	10	0	2
0	69	0	90	9	0	0
0	69	0	91	9	0	19
0	69	0	92	9	0	8
0	69	0	93	9	0	5
0	69	0	94	9	0	3
0	69	0	95	9	0	2
0	69	0	96	9	0	5
0	69	0	97	9	0	12
0	69	0	98	9	0	3
0	69	0	99	9	0	10
0	69	0	100	9	0	13
0	69	0	101	9	0	9
0	69	0	102	9	0	0
0	69	0	90	8	0	4
0	69	0	91	8	0	1
0	69	0	92	8	0	4
0	69	0	93	8	0	5
0	69	0	94	8	0	10
0	69	0	95	8	0	7
0	69	0	96	8	0	10
0	69	0	97	8	0	9
0	69	0	98	8	0	5
0	69	0	99	8	0	5
0	69	0	100	8	0	11
0	69	0	101	8	0	8
0	69	0	102	8	0	2
0	69	0	103	8	0	2
0	69	0	104	8	0	1
0	69	0	90	7	0	0
0	69	0	91	7	0	6
0	69	0	92	7	0	8
0	69	0	93	7	0	17
0	69	0	94	7	0	1
0	69	0	95	7	0	5
0	69	0	96	7	0	9
0	69	0	97	7	0	9
0	69	0	98	7	0	14
0	69	0	99	7	0	8
0	69	0	100	7	0	2
0	69	0	101	7	0	1
0	69	0	102	7	0	0
0	69	0	104	7	0	4
0	69	0	105	7	0	5
0	69	0	106	7	0	0
0	69	0	90	6	0	13
0	69	0	91	6	0	10
0	69	0	92	6	0	13
0	69	0	93	6	0	8
0	69	0	94	6	0	13
0	69	0	95	6	0	9
0	69	0	96	6	0	10
0	69	0	97	6	0	7
0	69	0	98	6	0	4
0	69	0	99	6	0	0
0	69	0	100	6	0	6
0	69	0	102	6	0	0
0	69	0	104	6	0	3
0	69	0	106	6	0	1
0	69	0	90	5	0	6
0	69	0	91	5	0	13
0	69	0	92	5	0	8
0	69	0	93	5	0	2
0	69	0	94	5	0	10
0	69	0	95	5	0	9
0	69	0	96	5	0	3
0	69	0	97	5	0	9
0	69	0	98	5	0	10
0	69	0	99	5	0	12
0	69	0	100	5	0	1
0	69	0	92	4	0	9
0	69	0	93	4	0	4
0	69	0	96	4	0	5
0	69	0	97	4	0	4
0	69	0	98	4	0	0
0	69	0	99	4	0	12
0	69	0	100	4	0	1
0	69	0	104	4	0	0
0	70	0	99	11	0	1
0	70	0	100	11	0	4
0	70	0	101	11	0	6
0	70	0	102	11	0	6
0	70	0	103	11	0	1
0	70	0	92	10	0	8
0	70	0	93	10	0	5
0	70	0	94	10	0	9
0	70	0	96	10	0	14
0	70	0	97	10	0	7
0	70	0	98	10	0	8
0	70	0	99	10	0	5
0	70	0	100	10	0	20
0	70	0	101	10	0	6
0	70	0	102	10	0	2
0	70	0	103	10	0	2
0	70	0	104	10	0	1
0	70	0	90	9	0	0
0	70	0	91	9	0	13
0	70	0	92	9	0	11
0	70	0	93	9	0	6
0	70	0	94	9	0	6
0	70	0	95	9	0	2
0	70	0	96	9	0	8
0	70	0	97	9	0	8
0	70	0	98	9	0	7
0	70	0	99	9	0	7
0	70	0	100	9	0	16
0	70	0	101	9	0	16
0	70	0	102	9	0	0
0	70	0	90	8	0	6
0	70	0	91	8	0	2
0	70	0	92	8	0	5
0	70	0	93	8	0	4
0	70	0	94	8	0	15
0	70	0	95	8	0	10
0	70	0	96	8	0	16
0	70	0	97	8	0	11
0	70	0	98	8	0	6
0	70	0	99	8	0	8
0	70	0	100	8	0	11
0	70	0	101	8	0	8
0	70	0	102	8	0	2
0	70	0	103	8	0	1
0	70	0	104	8	0	3
0	70	0	90	7	0	0
0	70	0	91	7	0	7
0	70	0	92	7	0	10
0	70	0	93	7	0	13
0	70	0	94	7	0	3
0	70	0	95	7	0	7
0	70	0	96	7	0	11
0	70	0	97	7	0	14
0	70	0	98	7	0	11
0	70	0	99	7	0	9
0	70	0	100	7	0	1
0	70	0	101	7	0	3
0	70	0	102	7	0	0
0	70	0	104	7	0	5
0	70	0	105	7	0	4
0	70	0	106	7	0	1
0	70	0	90	6	0	13
0	70	0	91	6	0	11
0	70	0	92	6	0	16
0	70	0	93	6	0	5
0	70	0	94	6	0	21
0	70	0	95	6	0	6
0	70	0	96	6	0	9
0	70	0	97	6	0	6
0	70	0	98	6	0	5
0	70	0	99	6	0	1
0	70	0	100	6	0	8
0	70	0	102	6	0	0
0	70	0	104	6	0	2
0	70	0	106	6	0	1
0	70	0	90	5	0	10
0	70	0	91	5	0	12
0	70	0	92	5	0	2
0	70	0	93	5	0	4
0	70	0	94	5	0	13
0	70	0	95	5	0	8
0	70	0	96	5	0	4
0	70	0	97	5	0	11
0	70	0	98	5	0	10
0	70	0	99	5	0	11
0	70	0	100	5	0	4
0	70	0	92	4	0	9
0	70	0	93	4	0	1
0	70	0	96	4	0	5
0	70	0	97	4	0	8
0	70	0	98	4	0	1
0	70	0	99	4	0	15
0	70	0	100	4	0	0
0	70	0	104	4	0	0
0	71	0	99	11	0	1
0	71	0	100	11	0	3
0	71	0	101	11	0	6
0	71	0	102	11	0	3
0	71	0	103	11	0	4
0	71	0	92	10	0	8
0	71	0	93	10	0	6
0	71	0	94	10	0	8
0	71	0	96	10	0	12
0	71	0	97	10	0	12
0	71	0	98	10	0	4
0	71	0	99	10	0	3
0	71	0	100	10	0	13
0	71	0	101	10	0	5
0	71	0	102	10	0	3
0	71	0	103	10	0	3
0	71	0	104	10	0	1
0	71	0	90	9	0	1
0	71	0	91	9	0	11
0	71	0	92	9	0	10
0	71	0	93	9	0	6
0	71	0	94	9	0	8
0	71	0	95	9	0	1
0	71	0	96	9	0	5
0	71	0	97	9	0	10
0	71	0	98	9	0	9
0	71	0	99	9	0	13
0	71	0	100	9	0	10
0	71	0	101	9	0	11
0	71	0	102	9	0	0
0	71	0	90	8	0	4
0	71	0	91	8	0	4
0	71	0	92	8	0	6
0	71	0	93	8	0	3
0	71	0	94	8	0	24
0	71	0	95	8	0	5
0	71	0	96	8	0	11
0	71	0	97	8	0	10
0	71	0	98	8	0	9
0	71	0	99	8	0	8
0	71	0	100	8	0	8
0	71	0	101	8	0	12
0	71	0	102	8	0	3
0	71	0	103	8	0	2
0	71	0	104	8	0	2
0	71	0	90	7	0	0
0	71	0	91	7	0	6
0	71	0	92	7	0	8
0	71	0	93	7	0	13
0	71	0	94	7	0	8
0	71	0	95	7	0	5
0	71	0	96	7	0	13
0	71	0	97	7	0	9
0	71	0	98	7	0	7
0	71	0	99	7	0	9
0	71	0	100	7	0	1
0	71	0	101	7	0	7
0	71	0	102	7	0	1
0	71	0	104	7	0	4
0	71	0	105	7	0	6
0	71	0	106	7	0	1
0	71	0	90	6	0	7
0	71	0	91	6	0	10
0	71	0	92	6	0	13
0	71	0	93	6	0	4
0	71	0	94	6	0	12
0	71	0	95	6	0	7
0	71	0	96	6	0	9
0	71	0	97	6	0	6
0	71	0	98	6	0	5
0	71	0	99	6	0	2
0	71	0	100	6	0	16
0	71	0	102	6	0	0
0	71	0	103	6	0	1
0	71	0	104	6	0	3
0	71	0	105	6	0	1
0	71	0	106	6	0	3
0	71	0	90	5	0	10
0	71	0	91	5	0	15
0	71	0	92	5	0	4
0	71	0	93	5	0	6
0	71	0	94	5	0	10
0	71	0	95	5	0	11
0	71	0	96	5	0	4
0	71	0	97	5	0	11
0	71	0	98	5	0	5
0	71	0	99	5	0	5
0	71	0	100	5	0	4
0	71	0	92	4	0	6
0	71	0	93	4	0	2
0	71	0	96	4	0	5
0	71	0	97	4	0	6
0	71	0	98	4	0	1
0	71	0	99	4	0	14
0	71	0	100	4	0	0
0	71	0	104	4	0	0
0	72	0	99	11	0	1
0	72	0	100	11	0	3
0	72	0	101	11	0	4
0	72	0	102	11	0	2
0	72	0	103	11	0	4
0	72	0	92	10	0	7
0	72	0	93	10	0	4
0	72	0	94	10	0	10
0	72	0	96	10	0	15
0	72	0	97	10	0	12
0	72	0	98	10	0	3
0	72	0	99	10	0	6
0	72	0	100	10	0	18
0	72	0	101	10	0	5
0	72	0	102	10	0	4
0	72	0	103	10	0	5
0	72	0	104	10	0	2
0	72	0	90	9	0	4
0	72	0	91	9	0	7
0	72	0	92	9	0	8
0	72	0	93	9	0	6
0	72	0	94	9	0	8
0	72	0	95	9	0	3
0	72	0	96	9	0	2
0	72	0	97	9	0	13
0	72	0	98	9	0	6
0	72	0	99	9	0	15
0	72	0	100	9	0	6
0	72	0	101	9	0	9
0	72	0	102	9	0	1
0	72	0	90	8	0	3
0	72	0	91	8	0	5
0	72	0	92	8	0	12
0	72	0	93	8	0	2
0	72	0	94	8	0	20
0	72	0	95	8	0	6
0	72	0	96	8	0	9
0	72	0	97	8	0	12
0	72	0	98	8	0	7
0	72	0	99	8	0	10
0	72	0	100	8	0	8
0	72	0	101	8	0	13
0	72	0	102	8	0	2
0	72	0	103	8	0	1
0	72	0	104	8	0	7
0	72	0	90	7	0	1
0	72	0	91	7	0	3
0	72	0	92	7	0	6
0	72	0	93	7	0	15
0	72	0	94	7	0	16
0	72	0	95	7	0	6
0	72	0	96	7	0	12
0	72	0	97	7	0	10
0	72	0	98	7	0	7
0	72	0	99	7	0	11
0	72	0	100	7	0	1
0	72	0	101	7	0	3
0	72	0	102	7	0	0
0	72	0	104	7	0	8
0	72	0	105	7	0	6
0	72	0	106	7	0	1
0	72	0	90	6	0	7
0	72	0	91	6	0	11
0	72	0	92	6	0	15
0	72	0	93	6	0	4
0	72	0	94	6	0	8
0	72	0	95	6	0	6
0	72	0	96	6	0	12
0	72	0	97	6	0	11
0	72	0	98	6	0	7
0	72	0	99	6	0	2
0	72	0	100	6	0	16
0	72	0	102	6	0	0
0	72	0	103	6	0	1
0	72	0	104	6	0	6
0	72	0	105	6	0	2
0	72	0	106	6	0	2
0	72	0	90	5	0	4
0	72	0	91	5	0	14
0	72	0	92	5	0	4
0	72	0	93	5	0	5
0	72	0	94	5	0	4
0	72	0	95	5	0	10
0	72	0	96	5	0	1
0	72	0	97	5	0	11
0	72	0	98	5	0	6
0	72	0	99	5	0	4
0	72	0	100	5	0	4
0	72	0	101	5	0	1
0	72	0	92	4	0	10
0	72	0	93	4	0	2
0	72	0	96	4	0	5
0	72	0	97	4	0	8
0	72	0	98	4	0	2
0	72	0	99	4	0	12
0	72	0	100	4	0	0
0	72	0	104	4	0	0
0	73	0	99	11	0	1
0	73	0	100	11	0	1
0	73	0	101	11	0	3
0	73	0	102	11	0	4
0	73	0	103	11	0	3
0	73	0	104	11	0	1
0	73	0	92	10	0	9
0	73	0	93	10	0	2
0	73	0	94	10	0	6
0	73	0	96	10	0	8
0	73	0	97	10	0	13
0	73	0	98	10	0	2
0	73	0	99	10	0	8
0	73	0	100	10	0	18
0	73	0	101	10	0	3
0	73	0	102	10	0	6
0	73	0	103	10	0	3
0	73	0	104	10	0	3
0	73	0	90	9	0	4
0	73	0	91	9	0	7
0	73	0	92	9	0	9
0	73	0	93	9	0	11
0	73	0	94	9	0	8
0	73	0	95	9	0	5
0	73	0	96	9	0	2
0	73	0	97	9	0	7
0	73	0	98	9	0	5
0	73	0	99	9	0	10
0	73	0	100	9	0	6
0	73	0	101	9	0	16
0	73	0	102	9	0	1
0	73	0	103	9	0	1
0	73	0	106	9	0	1
0	73	0	90	8	0	5
0	73	0	91	8	0	6
0	73	0	92	8	0	9
0	73	0	93	8	0	2
0	73	0	94	8	0	8
0	73	0	95	8	0	6
0	73	0	96	8	0	10
0	73	0	97	8	0	12
0	73	0	98	8	0	10
0	73	0	99	8	0	10
0	73	0	100	8	0	6
0	73	0	101	8	0	8
0	73	0	102	8	0	3
0	73	0	103	8	0	3
0	73	0	104	8	0	7
0	73	0	90	7	0	0
0	73	0	91	7	0	2
0	73	0	92	7	0	8
0	73	0	93	7	0	10
0	73	0	94	7	0	14
0	73	0	95	7	0	4
0	73	0	96	7	0	16
0	73	0	97	7	0	20
0	73	0	98	7	0	6
0	73	0	99	7	0	8
0	73	0	100	7	0	3
0	73	0	101	7	0	2
0	73	0	102	7	0	0
0	73	0	104	7	0	8
0	73	0	105	7	0	8
0	73	0	106	7	0	2
0	73	0	90	6	0	12
0	73	0	91	6	0	16
0	73	0	92	6	0	11
0	73	0	93	6	0	4
0	73	0	94	6	0	3
0	73	0	95	6	0	10
0	73	0	96	6	0	8
0	73	0	97	6	0	7
0	73	0	98	6	0	12
0	73	0	99	6	0	4
0	73	0	100	6	0	15
0	73	0	102	6	0	1
0	73	0	103	6	0	1
0	73	0	104	6	0	7
0	73	0	105	6	0	4
0	73	0	106	6	0	6
0	73	0	90	5	0	3
0	73	0	91	5	0	15
0	73	0	92	5	0	4
0	73	0	93	5	0	1
0	73	0	94	5	0	7
0	73	0	95	5	0	8
0	73	0	96	5	0	4
0	73	0	97	5	0	13
0	73	0	98	5	0	11
0	73	0	99	5	0	5
0	73	0	100	5	0	6
0	73	0	101	5	0	0
0	73	0	92	4	0	6
0	73	0	93	4	0	0
0	73	0	96	4	0	6
0	73	0	97	4	0	8
0	73	0	98	4	0	3
0	73	0	99	4	0	16
0	73	0	100	4	0	0
0	73	0	101	4	0	1
0	73	0	104	4	0	0
0	74	0	99	11	0	2
0	74	0	100	11	0	3
0	74	0	101	11	0	2
0	74	0	102	11	0	3
0	74	0	103	11	0	1
0	74	0	104	11	0	0
0	74	0	92	10	0	10
0	74	0	93	10	0	1
0	74	0	94	10	0	7
0	74	0	96	10	0	11
0	74	0	97	10	0	11
0	74	0	98	10	0	2
0	74	0	99	10	0	6
0	74	0	100	10	0	14
0	74	0	101	10	0	1
0	74	0	102	10	0	9
0	74	0	103	10	0	2
0	74	0	104	10	0	1
0	74	0	90	9	0	4
0	74	0	91	9	0	9
0	74	0	92	9	0	10
0	74	0	93	9	0	11
0	74	0	94	9	0	9
0	74	0	95	9	0	2
0	74	0	96	9	0	3
0	74	0	97	9	0	11
0	74	0	98	9	0	8
0	74	0	99	9	0	7
0	74	0	100	9	0	10
0	74	0	101	9	0	20
0	74	0	102	9	0	4
0	74	0	103	9	0	2
0	74	0	104	9	0	1
0	74	0	106	9	0	1
0	74	0	90	8	0	1
0	74	0	91	8	0	10
0	74	0	92	8	0	7
0	74	0	93	8	0	1
0	74	0	94	8	0	7
0	74	0	95	8	0	10
0	74	0	96	8	0	8
0	74	0	97	8	0	11
0	74	0	98	8	0	4
0	74	0	99	8	0	11
0	74	0	100	8	0	9
0	74	0	101	8	0	12
0	74	0	102	8	0	2
0	74	0	103	8	0	3
0	74	0	104	8	0	3
0	74	0	90	7	0	0
0	74	0	91	7	0	0
0	74	0	92	7	0	11
0	74	0	93	7	0	13
0	74	0	94	7	0	16
0	74	0	95	7	0	6
0	74	0	96	7	0	12
0	74	0	97	7	0	18
0	74	0	98	7	0	4
0	74	0	99	7	0	4
0	74	0	100	7	0	7
0	74	0	101	7	0	1
0	74	0	102	7	0	0
0	74	0	103	7	0	3
0	74	0	104	7	0	12
0	74	0	105	7	0	7
0	74	0	106	7	0	6
0	74	0	90	6	0	7
0	74	0	91	6	0	15
0	74	0	92	6	0	7
0	74	0	93	6	0	5
0	74	0	94	6	0	0
0	74	0	95	6	0	7
0	74	0	96	6	0	9
0	74	0	97	6	0	6
0	74	0	98	6	0	14
0	74	0	99	6	0	6
0	74	0	100	6	0	14
0	74	0	101	6	0	1
0	74	0	102	6	0	1
0	74	0	103	6	0	2
0	74	0	104	6	0	6
0	74	0	105	6	0	9
0	74	0	106	6	0	10
0	74	0	107	6	0	1
0	74	0	90	5	0	3
0	74	0	91	5	0	17
0	74	0	92	5	0	5
0	74	0	93	5	0	1
0	74	0	94	5	0	4
0	74	0	95	5	0	9
0	74	0	96	5	0	6
0	74	0	97	5	0	17
0	74	0	98	5	0	8
0	74	0	99	5	0	9
0	74	0	100	5	0	4
0	74	0	101	5	0	0
0	74	0	92	4	0	3
0	74	0	93	4	0	1
0	74	0	96	4	0	7
0	74	0	97	4	0	7
0	74	0	98	4	0	4
0	74	0	99	4	0	13
0	74	0	100	4	0	1
0	74	0	101	4	0	3
0	74	0	104	4	0	0
0	75	0	99	11	0	3
0	75	0	100	11	0	5
0	75	0	101	11	0	4
0	75	0	102	11	0	4
0	75	0	103	11	0	3
0	75	0	104	11	0	0
0	75	0	92	10	0	13
0	75	0	93	10	0	0
0	75	0	94	10	0	7
0	75	0	96	10	0	8
0	75	0	97	10	0	8
0	75	0	98	10	0	0
0	75	0	99	10	0	6
0	75	0	100	10	0	7
0	75	0	101	10	0	6
0	75	0	102	10	0	3
0	75	0	103	10	0	3
0	75	0	104	10	0	0
0	75	0	90	9	0	2
0	75	0	91	9	0	13
0	75	0	92	9	0	11
0	75	0	93	9	0	16
0	75	0	94	9	0	8
0	75	0	95	9	0	2
0	75	0	96	9	0	5
0	75	0	97	9	0	9
0	75	0	98	9	0	4
0	75	0	99	9	0	7
0	75	0	100	9	0	12
0	75	0	101	9	0	15
0	75	0	102	9	0	7
0	75	0	103	9	0	3
0	75	0	104	9	0	0
0	75	0	106	9	0	1
0	75	0	90	8	0	2
0	75	0	91	8	0	7
0	75	0	92	8	0	7
0	75	0	93	8	0	1
0	75	0	94	8	0	10
0	75	0	95	8	0	5
0	75	0	96	8	0	9
0	75	0	97	8	0	11
0	75	0	98	8	0	6
0	75	0	99	8	0	7
0	75	0	100	8	0	11
0	75	0	101	8	0	17
0	75	0	102	8	0	4
0	75	0	103	8	0	5
0	75	0	104	8	0	0
0	75	0	107	8	0	1
0	75	0	90	7	0	0
0	75	0	91	7	0	1
0	75	0	92	7	0	16
0	75	0	93	7	0	14
0	75	0	94	7	0	7
0	75	0	95	7	0	7
0	75	0	96	7	0	7
0	75	0	97	7	0	15
0	75	0	98	7	0	6
0	75	0	99	7	0	4
0	75	0	100	7	0	15
0	75	0	101	7	0	1
0	75	0	102	7	0	1
0	75	0	103	7	0	4
0	75	0	104	7	0	14
0	75	0	105	7	0	5
0	75	0	106	7	0	5
0	75	0	107	7	0	1
0	75	0	90	6	0	4
0	75	0	91	6	0	14
0	75	0	92	6	0	4
0	75	0	93	6	0	6
0	75	0	94	6	0	0
0	75	0	95	6	0	8
0	75	0	96	6	0	11
0	75	0	97	6	0	6
0	75	0	98	6	0	12
0	75	0	99	6	0	7
0	75	0	100	6	0	11
0	75	0	101	6	0	2
0	75	0	102	6	0	3
0	75	0	103	6	0	4
0	75	0	104	6	0	4
0	75	0	105	6	0	7
0	75	0	106	6	0	10
0	75	0	107	6	0	1
0	75	0	108	6	0	1
0	75	0	90	5	0	0
0	75	0	91	5	0	13
0	75	0	92	5	0	8
0	75	0	93	5	0	2
0	75	0	94	5	0	4
0	75	0	95	5	0	9
0	75	0	96	5	0	5
0	75	0	97	5	0	14
0	75	0	98	5	0	9
0	75	0	99	5	0	11
0	75	0	100	5	0	8
0	75	0	101	5	0	2
0	75	0	106	5	0	2
0	75	0	92	4	0	2
0	75	0	93	4	0	0
0	75	0	96	4	0	4
0	75	0	97	4	0	7
0	75	0	98	4	0	7
0	75	0	99	4	0	13
0	75	0	100	4	0	2
0	75	0	101	4	0	4
0	75	0	104	4	0	0
0	75	0	107	4	0	1
0	76	0	99	11	0	3
0	76	0	100	11	0	5
0	76	0	101	11	0	4
0	76	0	102	11	0	6
0	76	0	103	11	0	3
0	76	0	104	11	0	0
0	76	0	105	11	0	1
0	76	0	92	10	0	15
0	76	0	93	10	0	0
0	76	0	94	10	0	8
0	76	0	96	10	0	12
0	76	0	97	10	0	7
0	76	0	98	10	0	0
0	76	0	99	10	0	8
0	76	0	100	10	0	9
0	76	0	101	10	0	9
0	76	0	102	10	0	2
0	76	0	103	10	0	4
0	76	0	104	10	0	1
0	76	0	90	9	0	4
0	76	0	91	9	0	12
0	76	0	92	9	0	8
0	76	0	93	9	0	11
0	76	0	94	9	0	7
0	76	0	95	9	0	1
0	76	0	96	9	0	6
0	76	0	97	9	0	13
0	76	0	98	9	0	7
0	76	0	99	9	0	11
0	76	0	100	9	0	12
0	76	0	101	9	0	13
0	76	0	102	9	0	7
0	76	0	103	9	0	8
0	76	0	104	9	0	0
0	76	0	106	9	0	3
0	76	0	90	8	0	0
0	76	0	91	8	0	6
0	76	0	92	8	0	9
0	76	0	93	8	0	2
0	76	0	94	8	0	13
0	76	0	95	8	0	2
0	76	0	96	8	0	9
0	76	0	97	8	0	10
0	76	0	98	8	0	6
0	76	0	99	8	0	11
0	76	0	100	8	0	16
0	76	0	101	8	0	11
0	76	0	102	8	0	3
0	76	0	103	8	0	4
0	76	0	104	8	0	0
0	76	0	105	8	0	1
0	76	0	107	8	0	0
0	76	0	90	7	0	1
0	76	0	91	7	0	1
0	76	0	92	7	0	16
0	76	0	93	7	0	16
0	76	0	94	7	0	13
0	76	0	95	7	0	12
0	76	0	96	7	0	6
0	76	0	97	7	0	9
0	76	0	98	7	0	7
0	76	0	99	7	0	3
0	76	0	100	7	0	14
0	76	0	101	7	0	0
0	76	0	102	7	0	1
0	76	0	103	7	0	4
0	76	0	104	7	0	15
0	76	0	105	7	0	6
0	76	0	106	7	0	7
0	76	0	107	7	0	1
0	76	0	90	6	0	3
0	76	0	91	6	0	13
0	76	0	92	6	0	5
0	76	0	93	6	0	12
0	76	0	94	6	0	1
0	76	0	95	6	0	5
0	76	0	96	6	0	8
0	76	0	97	6	0	6
0	76	0	98	6	0	7
0	76	0	99	6	0	11
0	76	0	100	6	0	11
0	76	0	101	6	0	3
0	76	0	102	6	0	7
0	76	0	103	6	0	4
0	76	0	104	6	0	4
0	76	0	105	6	0	8
0	76	0	106	6	0	15
0	76	0	107	6	0	1
0	76	0	108	6	0	0
0	76	0	90	5	0	0
0	76	0	91	5	0	11
0	76	0	92	5	0	13
0	76	0	93	5	0	1
0	76	0	94	5	0	7
0	76	0	95	5	0	8
0	76	0	96	5	0	7
0	76	0	97	5	0	13
0	76	0	98	5	0	9
0	76	0	99	5	0	13
0	76	0	100	5	0	9
0	76	0	101	5	0	1
0	76	0	102	5	0	2
0	76	0	106	5	0	8
0	76	0	107	5	0	1
0	76	0	92	4	0	5
0	76	0	93	4	0	0
0	76	0	96	4	0	10
0	76	0	97	4	0	7
0	76	0	98	4	0	6
0	76	0	99	4	0	15
0	76	0	100	4	0	4
0	76	0	101	4	0	3
0	76	0	102	4	0	1
0	76	0	104	4	0	0
0	76	0	107	4	0	2
0	77	0	105	12	0	1
0	77	0	99	11	0	3
0	77	0	100	11	0	3
0	77	0	101	11	0	8
0	77	0	102	11	0	6
0	77	0	103	11	0	3
0	77	0	104	11	0	1
0	77	0	105	11	0	3
0	77	0	92	10	0	13
0	77	0	93	10	0	0
0	77	0	94	10	0	10
0	77	0	96	10	0	13
0	77	0	97	10	0	7
0	77	0	98	10	0	0
0	77	0	99	10	0	10
0	77	0	100	10	0	8
0	77	0	101	10	0	11
0	77	0	102	10	0	2
0	77	0	103	10	0	4
0	77	0	104	10	0	3
0	77	0	90	9	0	3
0	77	0	91	9	0	14
0	77	0	92	9	0	9
0	77	0	93	9	0	8
0	77	0	94	9	0	7
0	77	0	95	9	0	4
0	77	0	96	9	0	7
0	77	0	97	9	0	16
0	77	0	98	9	0	3
0	77	0	99	9	0	10
0	77	0	100	9	0	13
0	77	0	101	9	0	11
0	77	0	102	9	0	13
0	77	0	103	9	0	11
0	77	0	104	9	0	0
0	77	0	106	9	0	4
0	77	0	90	8	0	1
0	77	0	91	8	0	10
0	77	0	92	8	0	9
0	77	0	93	8	0	2
0	77	0	94	8	0	15
0	77	0	95	8	0	0
0	77	0	96	8	0	10
0	77	0	97	8	0	13
0	77	0	98	8	0	6
0	77	0	99	8	0	12
0	77	0	100	8	0	17
0	77	0	101	8	0	5
0	77	0	102	8	0	6
0	77	0	103	8	0	8
0	77	0	104	8	0	1
0	77	0	105	8	0	1
0	77	0	107	8	0	0
0	77	0	90	7	0	2
0	77	0	91	7	0	3
0	77	0	92	7	0	18
0	77	0	93	7	0	14
0	77	0	94	7	0	11
0	77	0	95	7	0	12
0	77	0	96	7	0	5
0	77	0	97	7	0	9
0	77	0	98	7	0	4
0	77	0	99	7	0	2
0	77	0	100	7	0	10
0	77	0	101	7	0	1
0	77	0	102	7	0	4
0	77	0	103	7	0	2
0	77	0	104	7	0	10
0	77	0	105	7	0	10
0	77	0	106	7	0	7
0	77	0	107	7	0	3
0	77	0	90	6	0	3
0	77	0	91	6	0	6
0	77	0	92	6	0	6
0	77	0	93	6	0	14
0	77	0	94	6	0	1
0	77	0	95	6	0	4
0	77	0	96	6	0	12
0	77	0	97	6	0	10
0	77	0	98	6	0	7
0	77	0	99	6	0	11
0	77	0	100	6	0	6
0	77	0	101	6	0	6
0	77	0	102	6	0	3
0	77	0	103	6	0	6
0	77	0	104	6	0	7
0	77	0	105	6	0	7
0	77	0	106	6	0	8
0	77	0	107	6	0	2
0	77	0	108	6	0	0
0	77	0	90	5	0	2
0	77	0	91	5	0	11
0	77	0	92	5	0	5
0	77	0	93	5	0	0
0	77	0	94	5	0	8
0	77	0	95	5	0	9
0	77	0	96	5	0	9
0	77	0	97	5	0	13
0	77	0	98	5	0	5
0	77	0	99	5	0	6
0	77	0	100	5	0	11
0	77	0	101	5	0	1
0	77	0	102	5	0	5
0	77	0	106	5	0	7
0	77	0	107	5	0	0
0	77	0	92	4	0	2
0	77	0	93	4	0	0
0	77	0	96	4	0	9
0	77	0	97	4	0	12
0	77	0	98	4	0	6
0	77	0	99	4	0	13
0	77	0	100	4	0	3
0	77	0	101	4	0	8
0	77	0	102	4	0	3
0	77	0	104	4	0	0
0	77	0	107	4	0	3
0	77	0	108	4	0	1
0	78	0	104	12	0	1
0	78	0	105	12	0	0
0	78	0	99	11	0	2
0	78	0	100	11	0	2
0	78	0	101	11	0	13
0	78	0	102	11	0	8
0	78	0	103	11	0	2
0	78	0	104	11	0	1
0	78	0	105	11	0	5
0	78	0	92	10	0	12
0	78	0	93	10	0	1
0	78	0	94	10	0	8
0	78	0	96	10	0	11
0	78	0	97	10	0	6
0	78	0	98	10	0	1
0	78	0	99	10	0	11
0	78	0	100	10	0	8
0	78	0	101	10	0	10
0	78	0	102	10	0	2
0	78	0	103	10	0	8
0	78	0	104	10	0	3
0	78	0	90	9	0	7
0	78	0	91	9	0	10
0	78	0	92	9	0	12
0	78	0	93	9	0	13
0	78	0	94	9	0	9
0	78	0	95	9	0	3
0	78	0	96	9	0	6
0	78	0	97	9	0	10
0	78	0	98	9	0	4
0	78	0	99	9	0	12
0	78	0	100	9	0	9
0	78	0	101	9	0	10
0	78	0	102	9	0	10
0	78	0	103	9	0	13
0	78	0	104	9	0	0
0	78	0	106	9	0	8
0	78	0	90	8	0	0
0	78	0	91	8	0	13
0	78	0	92	8	0	10
0	78	0	93	8	0	4
0	78	0	94	8	0	14
0	78	0	95	8	0	0
0	78	0	96	8	0	13
0	78	0	97	8	0	13
0	78	0	98	8	0	8
0	78	0	99	8	0	19
0	78	0	100	8	0	17
0	78	0	101	8	0	4
0	78	0	102	8	0	9
0	78	0	103	8	0	6
0	78	0	104	8	0	1
0	78	0	105	8	0	1
0	78	0	106	8	0	1
0	78	0	107	8	0	0
0	78	0	90	7	0	0
0	78	0	91	7	0	2
0	78	0	92	7	0	13
0	78	0	93	7	0	10
0	78	0	94	7	0	17
0	78	0	95	7	0	8
0	78	0	96	7	0	4
0	78	0	97	7	0	16
0	78	0	98	7	0	9
0	78	0	99	7	0	5
0	78	0	100	7	0	4
0	78	0	101	7	0	6
0	78	0	102	7	0	3
0	78	0	103	7	0	4
0	78	0	104	7	0	8
0	78	0	105	7	0	6
0	78	0	106	7	0	12
0	78	0	107	7	0	1
0	78	0	90	6	0	2
0	78	0	91	6	0	6
0	78	0	92	6	0	6
0	78	0	93	6	0	16
0	78	0	94	6	0	2
0	78	0	95	6	0	6
0	78	0	96	6	0	3
0	78	0	97	6	0	8
0	78	0	98	6	0	6
0	78	0	99	6	0	10
0	78	0	100	6	0	2
0	78	0	101	6	0	7
0	78	0	102	6	0	3
0	78	0	103	6	0	14
0	78	0	104	6	0	8
0	78	0	105	6	0	4
0	78	0	106	6	0	8
0	78	0	107	6	0	3
0	78	0	108	6	0	0
0	78	0	90	5	0	1
0	78	0	91	5	0	7
0	78	0	92	5	0	6
0	78	0	93	5	0	0
0	78	0	94	5	0	4
0	78	0	95	5	0	6
0	78	0	96	5	0	8
0	78	0	97	5	0	12
0	78	0	98	5	0	2
0	78	0	99	5	0	2
0	78	0	100	5	0	4
0	78	0	101	5	0	3
0	78	0	102	5	0	7
0	78	0	106	5	0	10
0	78	0	107	5	0	0
0	78	0	92	4	0	1
0	78	0	93	4	0	1
0	78	0	96	4	0	10
0	78	0	97	4	0	15
0	78	0	98	4	0	4
0	78	0	99	4	0	10
0	78	0	100	4	0	3
0	78	0	101	4	0	8
0	78	0	102	4	0	3
0	78	0	104	4	0	0
0	78	0	107	4	0	4
0	78	0	108	4	0	0
0	79	0	104	12	0	1
0	79	0	105	12	0	1
0	79	0	99	11	0	2
0	79	0	100	11	0	4
0	79	0	101	11	0	9
0	79	0	102	11	0	6
0	79	0	103	11	0	5
0	79	0	104	11	0	1
0	79	0	105	11	0	6
0	79	0	92	10	0	13
0	79	0	93	10	0	1
0	79	0	94	10	0	13
0	79	0	96	10	0	9
0	79	0	97	10	0	4
0	79	0	98	10	0	1
0	79	0	99	10	0	10
0	79	0	100	10	0	10
0	79	0	101	10	0	13
0	79	0	102	10	0	3
0	79	0	103	10	0	9
0	79	0	104	10	0	4
0	79	0	106	10	0	1
0	79	0	90	9	0	6
0	79	0	91	9	0	6
0	79	0	92	9	0	15
0	79	0	93	9	0	8
0	79	0	94	9	0	6
0	79	0	95	9	0	2
0	79	0	96	9	0	6
0	79	0	97	9	0	8
0	79	0	98	9	0	7
0	79	0	99	9	0	6
0	79	0	100	9	0	10
0	79	0	101	9	0	8
0	79	0	102	9	0	5
0	79	0	103	9	0	8
0	79	0	104	9	0	0
0	79	0	106	9	0	7
0	79	0	90	8	0	1
0	79	0	91	8	0	8
0	79	0	92	8	0	12
0	79	0	93	8	0	5
0	79	0	94	8	0	8
0	79	0	95	8	0	2
0	79	0	96	8	0	10
0	79	0	97	8	0	10
0	79	0	98	8	0	4
0	79	0	99	8	0	10
0	79	0	100	8	0	15
0	79	0	101	8	0	5
0	79	0	102	8	0	4
0	79	0	103	8	0	5
0	79	0	104	8	0	2
0	79	0	105	8	0	3
0	79	0	106	8	0	3
0	79	0	107	8	0	0
0	79	0	108	8	0	1
0	79	0	90	7	0	0
0	79	0	91	7	0	2
0	79	0	92	7	0	10
0	79	0	93	7	0	7
0	79	0	94	7	0	9
0	79	0	95	7	0	8
0	79	0	96	7	0	2
0	79	0	97	7	0	14
0	79	0	98	7	0	12
0	79	0	99	7	0	15
0	79	0	100	7	0	6
0	79	0	101	7	0	9
0	79	0	102	7	0	3
0	79	0	103	7	0	2
0	79	0	104	7	0	7
0	79	0	105	7	0	7
0	79	0	106	7	0	9
0	79	0	107	7	0	4
0	79	0	90	6	0	2
0	79	0	91	6	0	6
0	79	0	92	6	0	7
0	79	0	93	6	0	8
0	79	0	94	6	0	11
0	79	0	95	6	0	7
0	79	0	96	6	0	2
0	79	0	97	6	0	6
0	79	0	98	6	0	10
0	79	0	99	6	0	8
0	79	0	100	6	0	3
0	79	0	101	6	0	10
0	79	0	102	6	0	3
0	79	0	103	6	0	10
0	79	0	104	6	0	6
0	79	0	105	6	0	2
0	79	0	106	6	0	7
0	79	0	107	6	0	4
0	79	0	108	6	0	0
0	79	0	90	5	0	0
0	79	0	91	5	0	10
0	79	0	92	5	0	14
0	79	0	93	5	0	0
0	79	0	94	5	0	5
0	79	0	95	5	0	5
0	79	0	96	5	0	10
0	79	0	97	5	0	8
0	79	0	98	5	0	4
0	79	0	99	5	0	4
0	79	0	100	5	0	7
0	79	0	101	5	0	3
0	79	0	102	5	0	8
0	79	0	105	5	0	1
0	79	0	106	5	0	7
0	79	0	107	5	0	0
0	79	0	92	4	0	4
0	79	0	93	4	0	1
0	79	0	96	4	0	13
0	79	0	97	4	0	13
0	79	0	98	4	0	11
0	79	0	99	4	0	11
0	79	0	100	4	0	2
0	79	0	101	4	0	9
0	79	0	102	4	0	4
0	79	0	104	4	0	0
0	79	0	107	4	0	1
0	79	0	108	4	0	0
0	80	0	104	12	0	2
0	80	0	105	12	0	0
0	80	0	99	11	0	2
0	80	0	100	11	0	7
0	80	0	101	11	0	8
0	80	0	102	11	0	9
0	80	0	103	11	0	9
0	80	0	104	11	0	1
0	80	0	105	11	0	8
0	80	0	92	10	0	11
0	80	0	93	10	0	3
0	80	0	94	10	0	8
0	80	0	96	10	0	9
0	80	0	97	10	0	4
0	80	0	98	10	0	0
0	80	0	99	10	0	16
0	80	0	100	10	0	14
0	80	0	101	10	0	14
0	80	0	102	10	0	7
0	80	0	103	10	0	9
0	80	0	104	10	0	4
0	80	0	106	10	0	3
0	80	0	107	10	0	1
0	80	0	90	9	0	6
0	80	0	91	9	0	7
0	80	0	92	9	0	12
0	80	0	93	9	0	8
0	80	0	94	9	0	6
0	80	0	95	9	0	4
0	80	0	96	9	0	4
0	80	0	97	9	0	10
0	80	0	98	9	0	12
0	80	0	99	9	0	10
0	80	0	100	9	0	9
0	80	0	101	9	0	4
0	80	0	102	9	0	1
0	80	0	103	9	0	6
0	80	0	104	9	0	0
0	80	0	106	9	0	8
0	80	0	90	8	0	2
0	80	0	91	8	0	7
0	80	0	92	8	0	11
0	80	0	93	8	0	5
0	80	0	94	8	0	9
0	80	0	95	8	0	3
0	80	0	96	8	0	10
0	80	0	97	8	0	10
0	80	0	98	8	0	8
0	80	0	99	8	0	9
0	80	0	100	8	0	9
0	80	0	101	8	0	6
0	80	0	102	8	0	5
0	80	0	103	8	0	10
0	80	0	104	8	0	2
0	80	0	105	8	0	2
0	80	0	106	8	0	4
0	80	0	107	8	0	1
0	80	0	108	8	0	1
0	80	0	90	7	0	1
0	80	0	91	7	0	1
0	80	0	92	7	0	10
0	80	0	93	7	0	7
0	80	0	94	7	0	10
0	80	0	95	7	0	11
0	80	0	96	7	0	1
0	80	0	97	7	0	16
0	80	0	98	7	0	6
0	80	0	99	7	0	14
0	80	0	100	7	0	11
0	80	0	101	7	0	8
0	80	0	102	7	0	3
0	80	0	103	7	0	1
0	80	0	104	7	0	7
0	80	0	105	7	0	7
0	80	0	106	7	0	6
0	80	0	107	7	0	7
0	80	0	90	6	0	2
0	80	0	91	6	0	10
0	80	0	92	6	0	11
0	80	0	93	6	0	6
0	80	0	94	6	0	12
0	80	0	95	6	0	8
0	80	0	96	6	0	2
0	80	0	97	6	0	14
0	80	0	98	6	0	13
0	80	0	99	6	0	7
0	80	0	100	6	0	5
0	80	0	101	6	0	11
0	80	0	102	6	0	2
0	80	0	103	6	0	6
0	80	0	104	6	0	7
0	80	0	105	6	0	3
0	80	0	106	6	0	9
0	80	0	107	6	0	5
0	80	0	108	6	0	1
0	80	0	110	6	0	1
0	80	0	90	5	0	0
0	80	0	91	5	0	15
0	80	0	92	5	0	13
0	80	0	93	5	0	1
0	80	0	94	5	0	6
0	80	0	95	5	0	6
0	80	0	96	5	0	8
0	80	0	97	5	0	7
0	80	0	98	5	0	5
0	80	0	99	5	0	7
0	80	0	100	5	0	12
0	80	0	101	5	0	7
0	80	0	102	5	0	4
0	80	0	105	5	0	1
0	80	0	106	5	0	8
0	80	0	107	5	0	0
0	80	0	92	4	0	5
0	80	0	93	4	0	4
0	80	0	96	4	0	10
0	80	0	97	4	0	17
0	80	0	98	4	0	8
0	80	0	99	4	0	12
0	80	0	100	4	0	1
0	80	0	101	4	0	13
0	80	0	102	4	0	4
0	80	0	104	4	0	0
0	80	0	105	4	0	1
0	80	0	107	4	0	0
0	80	0	108	4	0	0
0	81	0	104	12	0	5
0	81	0	105	12	0	0
0	81	0	99	11	0	4
0	81	0	100	11	0	7
0	81	0	101	11	0	12
0	81	0	102	11	0	7
0	81	0	103	11	0	8
0	81	0	104	11	0	3
0	81	0	105	11	0	8
0	81	0	92	10	0	8
0	81	0	93	10	0	1
0	81	0	94	10	0	3
0	81	0	96	10	0	6
0	81	0	97	10	0	3
0	81	0	98	10	0	0
0	81	0	99	10	0	12
0	81	0	100	10	0	8
0	81	0	101	10	0	12
0	81	0	102	10	0	6
0	81	0	103	10	0	7
0	81	0	104	10	0	5
0	81	0	106	10	0	3
0	81	0	107	10	0	0
0	81	0	90	9	0	4
0	81	0	91	9	0	10
0	81	0	92	9	0	10
0	81	0	93	9	0	4
0	81	0	94	9	0	8
0	81	0	95	9	0	4
0	81	0	96	9	0	1
0	81	0	97	9	0	13
0	81	0	98	9	0	7
0	81	0	99	9	0	11
0	81	0	100	9	0	8
0	81	0	101	9	0	5
0	81	0	102	9	0	0
0	81	0	103	9	0	6
0	81	0	104	9	0	0
0	81	0	106	9	0	9
0	81	0	90	8	0	2
0	81	0	91	8	0	7
0	81	0	92	8	0	15
0	81	0	93	8	0	2
0	81	0	94	8	0	8
0	81	0	95	8	0	1
0	81	0	96	8	0	11
0	81	0	97	8	0	12
0	81	0	98	8	0	8
0	81	0	99	8	0	11
0	81	0	100	8	0	7
0	81	0	101	8	0	8
0	81	0	102	8	0	6
0	81	0	103	8	0	7
0	81	0	104	8	0	0
0	81	0	105	8	0	7
0	81	0	106	8	0	7
0	81	0	107	8	0	1
0	81	0	108	8	0	1
0	81	0	90	7	0	1
0	81	0	91	7	0	3
0	81	0	92	7	0	4
0	81	0	93	7	0	12
0	81	0	94	7	0	13
0	81	0	95	7	0	6
0	81	0	96	7	0	1
0	81	0	97	7	0	13
0	81	0	98	7	0	4
0	81	0	99	7	0	16
0	81	0	100	7	0	12
0	81	0	101	7	0	8
0	81	0	102	7	0	7
0	81	0	103	7	0	1
0	81	0	104	7	0	3
0	81	0	105	7	0	9
0	81	0	106	7	0	9
0	81	0	107	7	0	7
0	81	0	90	6	0	4
0	81	0	91	6	0	4
0	81	0	92	6	0	8
0	81	0	93	6	0	10
0	81	0	94	6	0	13
0	81	0	95	6	0	8
0	81	0	96	6	0	5
0	81	0	97	6	0	18
0	81	0	98	6	0	13
0	81	0	99	6	0	6
0	81	0	100	6	0	7
0	81	0	101	6	0	7
0	81	0	102	6	0	3
0	81	0	103	6	0	3
0	81	0	104	6	0	8
0	81	0	105	6	0	2
0	81	0	106	6	0	5
0	81	0	107	6	0	9
0	81	0	108	6	0	2
0	81	0	110	6	0	1
0	81	0	90	5	0	0
0	81	0	91	5	0	14
0	81	0	92	5	0	7
0	81	0	93	5	0	2
0	81	0	94	5	0	4
0	81	0	95	5	0	4
0	81	0	96	5	0	6
0	81	0	97	5	0	8
0	81	0	98	5	0	8
0	81	0	99	5	0	5
0	81	0	100	5	0	12
0	81	0	101	5	0	10
0	81	0	102	5	0	2
0	81	0	105	5	0	4
0	81	0	106	5	0	4
0	81	0	107	5	0	1
0	81	0	92	4	0	9
0	81	0	93	4	0	3
0	81	0	96	4	0	12
0	81	0	97	4	0	13
0	81	0	98	4	0	4
0	81	0	99	4	0	10
0	81	0	100	4	0	1
0	81	0	101	4	0	15
0	81	0	102	4	0	6
0	81	0	104	4	0	0
0	81	0	105	4	0	1
0	81	0	106	4	0	1
0	81	0	107	4	0	0
0	81	0	108	4	0	0
0	82	0	104	12	0	9
0	82	0	105	12	0	0
0	82	0	99	11	0	3
0	82	0	100	11	0	9
0	82	0	101	11	0	7
0	82	0	102	11	0	7
0	82	0	103	11	0	8
0	82	0	104	11	0	2
0	82	0	105	11	0	13
0	82	0	109	11	0	1
0	82	0	92	10	0	7
0	82	0	93	10	0	0
0	82	0	94	10	0	4
0	82	0	96	10	0	5
0	82	0	97	10	0	2
0	82	0	98	10	0	1
0	82	0	99	10	0	14
0	82	0	100	10	0	7
0	82	0	101	10	0	12
0	82	0	102	10	0	2
0	82	0	103	10	0	8
0	82	0	104	10	0	6
0	82	0	106	10	0	5
0	82	0	107	10	0	0
0	82	0	90	9	0	3
0	82	0	91	9	0	8
0	82	0	92	9	0	11
0	82	0	93	9	0	7
0	82	0	94	9	0	9
0	82	0	95	9	0	4
0	82	0	96	9	0	2
0	82	0	97	9	0	14
0	82	0	98	9	0	6
0	82	0	99	9	0	13
0	82	0	100	9	0	8
0	82	0	101	9	0	4
0	82	0	102	9	0	0
0	82	0	103	9	0	4
0	82	0	104	9	0	0
0	82	0	105	9	0	1
0	82	0	106	9	0	10
0	82	0	90	8	0	5
0	82	0	91	8	0	10
0	82	0	92	8	0	13
0	82	0	93	8	0	5
0	82	0	94	8	0	12
0	82	0	95	8	0	1
0	82	0	96	8	0	13
0	82	0	97	8	0	13
0	82	0	98	8	0	11
0	82	0	99	8	0	8
0	82	0	100	8	0	11
0	82	0	101	8	0	14
0	82	0	102	8	0	9
0	82	0	103	8	0	11
0	82	0	104	8	0	2
0	82	0	105	8	0	8
0	82	0	106	8	0	10
0	82	0	107	8	0	0
0	82	0	108	8	0	2
0	82	0	90	7	0	1
0	82	0	91	7	0	1
0	82	0	92	7	0	6
0	82	0	93	7	0	9
0	82	0	94	7	0	10
0	82	0	95	7	0	5
0	82	0	96	7	0	1
0	82	0	97	7	0	8
0	82	0	98	7	0	11
0	82	0	99	7	0	9
0	82	0	100	7	0	10
0	82	0	101	7	0	10
0	82	0	102	7	0	6
0	82	0	103	7	0	1
0	82	0	104	7	0	5
0	82	0	105	7	0	6
0	82	0	106	7	0	22
0	82	0	107	7	0	10
0	82	0	108	7	0	1
0	82	0	90	6	0	9
0	82	0	91	6	0	2
0	82	0	92	6	0	10
0	82	0	93	6	0	9
0	82	0	94	6	0	12
0	82	0	95	6	0	6
0	82	0	96	6	0	3
0	82	0	97	6	0	13
0	82	0	98	6	0	9
0	82	0	99	6	0	7
0	82	0	100	6	0	6
0	82	0	101	6	0	3
0	82	0	102	6	0	4
0	82	0	103	6	0	1
0	82	0	104	6	0	10
0	82	0	105	6	0	4
0	82	0	106	6	0	5
0	82	0	107	6	0	6
0	82	0	108	6	0	4
0	82	0	110	6	0	2
0	82	0	90	5	0	0
0	82	0	91	5	0	10
0	82	0	92	5	0	8
0	82	0	93	5	0	4
0	82	0	94	5	0	3
0	82	0	95	5	0	3
0	82	0	96	5	0	4
0	82	0	97	5	0	8
0	82	0	98	5	0	11
0	82	0	99	5	0	12
0	82	0	100	5	0	14
0	82	0	101	5	0	5
0	82	0	102	5	0	3
0	82	0	104	5	0	1
0	82	0	105	5	0	8
0	82	0	106	5	0	1
0	82	0	107	5	0	2
0	82	0	108	5	0	1
0	82	0	92	4	0	8
0	82	0	93	4	0	4
0	82	0	96	4	0	10
0	82	0	97	4	0	7
0	82	0	98	4	0	8
0	82	0	99	4	0	7
0	82	0	100	4	0	1
0	82	0	101	4	0	11
0	82	0	102	4	0	8
0	82	0	104	4	0	0
0	82	0	105	4	0	2
0	82	0	106	4	0	1
0	82	0	107	4	0	1
0	82	0	108	4	0	0
0	83	0	104	12	0	10
0	83	0	105	12	0	0
0	83	0	99	11	0	3
0	83	0	100	11	0	8
0	83	0	101	11	0	9
0	83	0	102	11	0	9
0	83	0	103	11	0	12
0	83	0	104	11	0	5
0	83	0	105	11	0	10
0	83	0	109	11	0	0
0	83	0	92	10	0	7
0	83	0	93	10	0	0
0	83	0	94	10	0	6
0	83	0	96	10	0	4
0	83	0	97	10	0	7
0	83	0	98	10	0	1
0	83	0	99	10	0	10
0	83	0	100	10	0	11
0	83	0	101	10	0	9
0	83	0	102	10	0	2
0	83	0	103	10	0	8
0	83	0	104	10	0	5
0	83	0	106	10	0	10
0	83	0	107	10	0	0
0	83	0	90	9	0	1
0	83	0	91	9	0	5
0	83	0	92	9	0	6
0	83	0	93	9	0	13
0	83	0	94	9	0	5
0	83	0	95	9	0	4
0	83	0	96	9	0	2
0	83	0	97	9	0	9
0	83	0	98	9	0	7
0	83	0	99	9	0	15
0	83	0	100	9	0	10
0	83	0	101	9	0	7
0	83	0	102	9	0	1
0	83	0	103	9	0	6
0	83	0	104	9	0	0
0	83	0	105	9	0	0
0	83	0	106	9	0	6
0	83	0	107	9	0	1
0	83	0	90	8	0	7
0	83	0	91	8	0	10
0	83	0	92	8	0	11
0	83	0	93	8	0	8
0	83	0	94	8	0	13
0	83	0	95	8	0	4
0	83	0	96	8	0	15
0	83	0	97	8	0	13
0	83	0	98	8	0	10
0	83	0	99	8	0	7
0	83	0	100	8	0	13
0	83	0	101	8	0	11
0	83	0	102	8	0	11
0	83	0	103	8	0	11
0	83	0	104	8	0	5
0	83	0	105	8	0	3
0	83	0	106	8	0	8
0	83	0	107	8	0	0
0	83	0	108	8	0	2
0	83	0	109	8	0	1
0	83	0	90	7	0	0
0	83	0	91	7	0	4
0	83	0	92	7	0	2
0	83	0	93	7	0	9
0	83	0	94	7	0	12
0	83	0	95	7	0	7
0	83	0	96	7	0	1
0	83	0	97	7	0	9
0	83	0	98	7	0	8
0	83	0	99	7	0	4
0	83	0	100	7	0	6
0	83	0	101	7	0	12
0	83	0	102	7	0	8
0	83	0	103	7	0	3
0	83	0	104	7	0	7
0	83	0	105	7	0	2
0	83	0	106	7	0	9
0	83	0	107	7	0	9
0	83	0	108	7	0	1
0	83	0	90	6	0	7
0	83	0	91	6	0	6
0	83	0	92	6	0	11
0	83	0	93	6	0	4
0	83	0	94	6	0	10
0	83	0	95	6	0	4
0	83	0	96	6	0	7
0	83	0	97	6	0	11
0	83	0	98	6	0	13
0	83	0	99	6	0	7
0	83	0	100	6	0	4
0	83	0	101	6	0	3
0	83	0	102	6	0	4
0	83	0	103	6	0	0
0	83	0	104	6	0	9
0	83	0	105	6	0	8
0	83	0	106	6	0	5
0	83	0	107	6	0	6
0	83	0	108	6	0	4
0	83	0	110	6	0	2
0	83	0	90	5	0	0
0	83	0	91	5	0	8
0	83	0	92	5	0	13
0	83	0	93	5	0	7
0	83	0	94	5	0	3
0	83	0	95	5	0	5
0	83	0	96	5	0	6
0	83	0	97	5	0	4
0	83	0	98	5	0	11
0	83	0	99	5	0	15
0	83	0	100	5	0	12
0	83	0	101	5	0	9
0	83	0	102	5	0	3
0	83	0	103	5	0	1
0	83	0	104	5	0	2
0	83	0	105	5	0	10
0	83	0	106	5	0	1
0	83	0	107	5	0	4
0	83	0	108	5	0	2
0	83	0	109	5	0	1
0	83	0	92	4	0	11
0	83	0	93	4	0	4
0	83	0	96	4	0	3
0	83	0	97	4	0	3
0	83	0	98	4	0	2
0	83	0	99	4	0	9
0	83	0	100	4	0	3
0	83	0	101	4	0	16
0	83	0	102	4	0	7
0	83	0	104	4	0	0
0	83	0	105	4	0	1
0	83	0	106	4	0	0
0	83	0	107	4	0	3
0	83	0	108	4	0	0
0	84	0	104	12	0	9
0	84	0	105	12	0	0
0	84	0	106	12	0	2
0	84	0	99	11	0	4
0	84	0	100	11	0	3
0	84	0	101	11	0	7
0	84	0	102	11	0	8
0	84	0	103	11	0	12
0	84	0	104	11	0	4
0	84	0	105	11	0	9
0	84	0	107	11	0	1
0	84	0	109	11	0	0
0	84	0	92	10	0	5
0	84	0	93	10	0	0
0	84	0	94	10	0	4
0	84	0	96	10	0	8
0	84	0	97	10	0	6
0	84	0	98	10	0	2
0	84	0	99	10	0	8
0	84	0	100	10	0	11
0	84	0	101	10	0	9
0	84	0	102	10	0	0
0	84	0	103	10	0	6
0	84	0	104	10	0	1
0	84	0	106	10	0	11
0	84	0	107	10	0	0
0	84	0	90	9	0	0
0	84	0	91	9	0	8
0	84	0	92	9	0	5
0	84	0	93	9	0	17
0	84	0	94	9	0	11
0	84	0	95	9	0	8
0	84	0	96	9	0	1
0	84	0	97	9	0	7
0	84	0	98	9	0	9
0	84	0	99	9	0	13
0	84	0	100	9	0	9
0	84	0	101	9	0	6
0	84	0	102	9	0	1
0	84	0	103	9	0	2
0	84	0	104	9	0	0
0	84	0	105	9	0	0
0	84	0	106	9	0	5
0	84	0	107	9	0	4
0	84	0	90	8	0	9
0	84	0	91	8	0	10
0	84	0	92	8	0	9
0	84	0	93	8	0	5
0	84	0	94	8	0	18
0	84	0	95	8	0	8
0	84	0	96	8	0	11
0	84	0	97	8	0	9
0	84	0	98	8	0	11
0	84	0	99	8	0	13
0	84	0	100	8	0	15
0	84	0	101	8	0	9
0	84	0	102	8	0	7
0	84	0	103	8	0	11
0	84	0	104	8	0	15
0	84	0	105	8	0	1
0	84	0	106	8	0	9
0	84	0	107	8	0	2
0	84	0	108	8	0	2
0	84	0	109	8	0	2
0	84	0	90	7	0	0
0	84	0	91	7	0	7
0	84	0	92	7	0	0
0	84	0	93	7	0	9
0	84	0	94	7	0	7
0	84	0	95	7	0	10
0	84	0	96	7	0	6
0	84	0	97	7	0	10
0	84	0	98	7	0	5
0	84	0	99	7	0	4
0	84	0	100	7	0	7
0	84	0	101	7	0	11
0	84	0	102	7	0	11
0	84	0	103	7	0	4
0	84	0	104	7	0	9
0	84	0	105	7	0	4
0	84	0	106	7	0	5
0	84	0	107	7	0	11
0	84	0	108	7	0	2
0	84	0	90	6	0	5
0	84	0	91	6	0	3
0	84	0	92	6	0	10
0	84	0	93	6	0	6
0	84	0	94	6	0	6
0	84	0	95	6	0	6
0	84	0	96	6	0	7
0	84	0	97	6	0	12
0	84	0	98	6	0	12
0	84	0	99	6	0	12
0	84	0	100	6	0	8
0	84	0	101	6	0	5
0	84	0	102	6	0	9
0	84	0	103	6	0	2
0	84	0	104	6	0	8
0	84	0	105	6	0	14
0	84	0	106	6	0	9
0	84	0	107	6	0	2
0	84	0	108	6	0	2
0	84	0	109	6	0	1
0	84	0	110	6	0	2
0	84	0	90	5	0	0
0	84	0	91	5	0	5
0	84	0	92	5	0	14
0	84	0	93	5	0	7
0	84	0	94	5	0	2
0	84	0	95	5	0	1
0	84	0	96	5	0	8
0	84	0	97	5	0	6
0	84	0	98	5	0	9
0	84	0	99	5	0	13
0	84	0	100	5	0	10
0	84	0	101	5	0	10
0	84	0	102	5	0	2
0	84	0	103	5	0	1
0	84	0	104	5	0	2
0	84	0	105	5	0	16
0	84	0	106	5	0	3
0	84	0	107	5	0	4
0	84	0	108	5	0	1
0	84	0	109	5	0	1
0	84	0	92	4	0	8
0	84	0	93	4	0	6
0	84	0	96	4	0	2
0	84	0	97	4	0	2
0	84	0	98	4	0	5
0	84	0	99	4	0	7
0	84	0	100	4	0	3
0	84	0	101	4	0	14
0	84	0	102	4	0	11
0	84	0	104	4	0	1
0	84	0	105	4	0	1
0	84	0	106	4	0	0
0	84	0	107	4	0	3
0	84	0	108	4	0	0
0	85	0	104	12	0	4
0	85	0	105	12	0	0
0	85	0	106	12	0	3
0	85	0	99	11	0	5
0	85	0	100	11	0	3
0	85	0	101	11	0	6
0	85	0	102	11	0	7
0	85	0	103	11	0	8
0	85	0	104	11	0	3
0	85	0	105	11	0	8
0	85	0	107	11	0	1
0	85	0	109	11	0	0
0	85	0	92	10	0	6
0	85	0	93	10	0	0
0	85	0	94	10	0	4
0	85	0	96	10	0	8
0	85	0	97	10	0	5
0	85	0	98	10	0	2
0	85	0	99	10	0	7
0	85	0	100	10	0	7
0	85	0	101	10	0	8
0	85	0	102	10	0	0
0	85	0	103	10	0	6
0	85	0	104	10	0	1
0	85	0	106	10	0	10
0	85	0	107	10	0	2
0	85	0	90	9	0	0
0	85	0	91	9	0	7
0	85	0	92	9	0	3
0	85	0	93	9	0	15
0	85	0	94	9	0	5
0	85	0	95	9	0	7
0	85	0	96	9	0	3
0	85	0	97	9	0	8
0	85	0	98	9	0	11
0	85	0	99	9	0	10
0	85	0	100	9	0	9
0	85	0	101	9	0	10
0	85	0	102	9	0	2
0	85	0	103	9	0	3
0	85	0	104	9	0	0
0	85	0	105	9	0	0
0	85	0	106	9	0	4
0	85	0	107	9	0	5
0	85	0	90	8	0	7
0	85	0	91	8	0	5
0	85	0	92	8	0	4
0	85	0	93	8	0	5
0	85	0	94	8	0	19
0	85	0	95	8	0	7
0	85	0	96	8	0	17
0	85	0	97	8	0	3
0	85	0	98	8	0	8
0	85	0	99	8	0	8
0	85	0	100	8	0	10
0	85	0	101	8	0	15
0	85	0	102	8	0	5
0	85	0	103	8	0	4
0	85	0	104	8	0	14
0	85	0	105	8	0	3
0	85	0	106	8	0	11
0	85	0	107	8	0	2
0	85	0	108	8	0	3
0	85	0	109	8	0	5
0	85	0	90	7	0	0
0	85	0	91	7	0	8
0	85	0	92	7	0	0
0	85	0	93	7	0	7
0	85	0	94	7	0	11
0	85	0	95	7	0	11
0	85	0	96	7	0	6
0	85	0	97	7	0	8
0	85	0	98	7	0	4
0	85	0	99	7	0	5
0	85	0	100	7	0	6
0	85	0	101	7	0	11
0	85	0	102	7	0	9
0	85	0	103	7	0	0
0	85	0	104	7	0	7
0	85	0	105	7	0	4
0	85	0	106	7	0	11
0	85	0	107	7	0	12
0	85	0	108	7	0	1
0	85	0	90	6	0	3
0	85	0	91	6	0	2
0	85	0	92	6	0	11
0	85	0	93	6	0	10
0	85	0	94	6	0	10
0	85	0	95	6	0	8
0	85	0	96	6	0	7
0	85	0	97	6	0	12
0	85	0	98	6	0	5
0	85	0	99	6	0	8
0	85	0	100	6	0	8
0	85	0	101	6	0	4
0	85	0	102	6	0	11
0	85	0	103	6	0	4
0	85	0	104	6	0	9
0	85	0	105	6	0	8
0	85	0	106	6	0	7
0	85	0	107	6	0	2
0	85	0	108	6	0	3
0	85	0	109	6	0	1
0	85	0	110	6	0	2
0	85	0	90	5	0	0
0	85	0	91	5	0	5
0	85	0	92	5	0	14
0	85	0	93	5	0	8
0	85	0	94	5	0	3
0	85	0	95	5	0	1
0	85	0	96	5	0	9
0	85	0	97	5	0	7
0	85	0	98	5	0	11
0	85	0	99	5	0	10
0	85	0	100	5	0	12
0	85	0	101	5	0	8
0	85	0	102	5	0	7
0	85	0	103	5	0	1
0	85	0	104	5	0	1
0	85	0	105	5	0	16
0	85	0	106	5	0	4
0	85	0	107	5	0	7
0	85	0	108	5	0	3
0	85	0	109	5	0	1
0	85	0	92	4	0	11
0	85	0	93	4	0	8
0	85	0	96	4	0	6
0	85	0	97	4	0	5
0	85	0	98	4	0	4
0	85	0	99	4	0	7
0	85	0	100	4	0	3
0	85	0	101	4	0	13
0	85	0	102	4	0	5
0	85	0	104	4	0	0
0	85	0	105	4	0	2
0	85	0	106	4	0	1
0	85	0	107	4	0	2
0	85	0	108	4	0	0
0	86	0	104	12	0	4
0	86	0	105	12	0	0
0	86	0	106	12	0	5
0	86	0	99	11	0	5
0	86	0	100	11	0	7
0	86	0	101	11	0	4
0	86	0	102	11	0	8
0	86	0	103	11	0	5
0	86	0	104	11	0	2
0	86	0	105	11	0	5
0	86	0	107	11	0	1
0	86	0	109	11	0	0
0	86	0	92	10	0	8
0	86	0	93	10	0	1
0	86	0	94	10	0	2
0	86	0	96	10	0	16
0	86	0	97	10	0	5
0	86	0	98	10	0	4
0	86	0	99	10	0	6
0	86	0	100	10	0	5
0	86	0	101	10	0	7
0	86	0	102	10	0	0
0	86	0	103	10	0	8
0	86	0	104	10	0	0
0	86	0	106	10	0	7
0	86	0	107	10	0	0
0	86	0	90	9	0	0
0	86	0	91	9	0	8
0	86	0	92	9	0	3
0	86	0	93	9	0	15
0	86	0	94	9	0	3
0	86	0	95	9	0	8
0	86	0	96	9	0	3
0	86	0	97	9	0	6
0	86	0	98	9	0	9
0	86	0	99	9	0	13
0	86	0	100	9	0	6
0	86	0	101	9	0	17
0	86	0	102	9	0	5
0	86	0	103	9	0	2
0	86	0	104	9	0	0
0	86	0	105	9	0	0
0	86	0	106	9	0	5
0	86	0	107	9	0	6
0	86	0	90	8	0	5
0	86	0	91	8	0	8
0	86	0	92	8	0	6
0	86	0	93	8	0	4
0	86	0	94	8	0	13
0	86	0	95	8	0	9
0	86	0	96	8	0	9
0	86	0	97	8	0	8
0	86	0	98	8	0	9
0	86	0	99	8	0	6
0	86	0	100	8	0	6
0	86	0	101	8	0	12
0	86	0	102	8	0	5
0	86	0	103	8	0	7
0	86	0	104	8	0	7
0	86	0	105	8	0	3
0	86	0	106	8	0	6
0	86	0	107	8	0	1
0	86	0	108	8	0	5
0	86	0	109	8	0	10
0	86	0	90	7	0	0
0	86	0	91	7	0	7
0	86	0	92	7	0	0
0	86	0	93	7	0	3
0	86	0	94	7	0	17
0	86	0	95	7	0	7
0	86	0	96	7	0	4
0	86	0	97	7	0	3
0	86	0	98	7	0	6
0	86	0	99	7	0	3
0	86	0	100	7	0	4
0	86	0	101	7	0	9
0	86	0	102	7	0	7
0	86	0	103	7	0	0
0	86	0	104	7	0	8
0	86	0	105	7	0	2
0	86	0	106	7	0	8
0	86	0	107	7	0	14
0	86	0	108	7	0	2
0	86	0	90	6	0	0
0	86	0	91	6	0	3
0	86	0	92	6	0	10
0	86	0	93	6	0	9
0	86	0	94	6	0	13
0	86	0	95	6	0	10
0	86	0	96	6	0	6
0	86	0	97	6	0	14
0	86	0	98	6	0	9
0	86	0	99	6	0	13
0	86	0	100	6	0	11
0	86	0	101	6	0	4
0	86	0	102	6	0	16
0	86	0	103	6	0	4
0	86	0	104	6	0	8
0	86	0	105	6	0	8
0	86	0	106	6	0	6
0	86	0	107	6	0	5
0	86	0	108	6	0	4
0	86	0	109	6	0	0
0	86	0	110	6	0	0
0	86	0	90	5	0	0
0	86	0	91	5	0	7
0	86	0	92	5	0	10
0	86	0	93	5	0	8
0	86	0	94	5	0	2
0	86	0	95	5	0	1
0	86	0	96	5	0	9
0	86	0	97	5	0	5
0	86	0	98	5	0	7
0	86	0	99	5	0	14
0	86	0	100	5	0	11
0	86	0	101	5	0	13
0	86	0	102	5	0	8
0	86	0	103	5	0	2
0	86	0	104	5	0	1
0	86	0	105	5	0	12
0	86	0	106	5	0	4
0	86	0	107	5	0	4
0	86	0	108	5	0	8
0	86	0	109	5	0	3
0	86	0	110	5	0	1
0	86	0	92	4	0	11
0	86	0	93	4	0	18
0	86	0	96	4	0	3
0	86	0	97	4	0	4
0	86	0	98	4	0	9
0	86	0	99	4	0	3
0	86	0	100	4	0	1
0	86	0	101	4	0	7
0	86	0	102	4	0	3
0	86	0	104	4	0	1
0	86	0	105	4	0	1
0	86	0	106	4	0	5
0	86	0	107	4	0	3
0	86	0	108	4	0	1
0	87	0	104	13	0	1
0	87	0	104	12	0	5
0	87	0	105	12	0	1
0	87	0	106	12	0	6
0	87	0	99	11	0	3
0	87	0	100	11	0	6
0	87	0	101	11	0	3
0	87	0	102	11	0	8
0	87	0	103	11	0	3
0	87	0	104	11	0	5
0	87	0	105	11	0	3
0	87	0	107	11	0	1
0	87	0	109	11	0	0
0	87	0	92	10	0	9
0	87	0	93	10	0	4
0	87	0	94	10	0	2
0	87	0	96	10	0	12
0	87	0	97	10	0	4
0	87	0	98	10	0	8
0	87	0	99	10	0	7
0	87	0	100	10	0	5
0	87	0	101	10	0	3
0	87	0	102	10	0	1
0	87	0	103	10	0	7
0	87	0	104	10	0	0
0	87	0	105	10	0	1
0	87	0	106	10	0	6
0	87	0	107	10	0	0
0	87	0	90	9	0	0
0	87	0	91	9	0	12
0	87	0	92	9	0	3
0	87	0	93	9	0	16
0	87	0	94	9	0	3
0	87	0	95	9	0	7
0	87	0	96	9	0	5
0	87	0	97	9	0	2
0	87	0	98	9	0	8
0	87	0	99	9	0	13
0	87	0	100	9	0	3
0	87	0	101	9	0	13
0	87	0	102	9	0	7
0	87	0	103	9	0	3
0	87	0	104	9	0	0
0	87	0	105	9	0	0
0	87	0	106	9	0	7
0	87	0	107	9	0	3
0	87	0	90	8	0	9
0	87	0	91	8	0	6
0	87	0	92	8	0	10
0	87	0	93	8	0	5
0	87	0	94	8	0	9
0	87	0	95	8	0	6
0	87	0	96	8	0	9
0	87	0	97	8	0	14
0	87	0	98	8	0	8
0	87	0	99	8	0	6
0	87	0	100	8	0	6
0	87	0	101	8	0	8
0	87	0	102	8	0	7
0	87	0	103	8	0	7
0	87	0	104	8	0	8
0	87	0	105	8	0	4
0	87	0	106	8	0	6
0	87	0	107	8	0	0
0	87	0	108	8	0	3
0	87	0	109	8	0	8
0	87	0	90	7	0	0
0	87	0	91	7	0	4
0	87	0	92	7	0	1
0	87	0	93	7	0	5
0	87	0	94	7	0	6
0	87	0	95	7	0	6
0	87	0	96	7	0	6
0	87	0	97	7	0	6
0	87	0	98	7	0	4
0	87	0	99	7	0	4
0	87	0	100	7	0	2
0	87	0	101	7	0	18
0	87	0	102	7	0	11
0	87	0	103	7	0	0
0	87	0	104	7	0	9
0	87	0	105	7	0	4
0	87	0	106	7	0	3
0	87	0	107	7	0	14
0	87	0	108	7	0	3
0	87	0	90	6	0	1
0	87	0	91	6	0	3
0	87	0	92	6	0	8
0	87	0	93	6	0	13
0	87	0	94	6	0	13
0	87	0	95	6	0	9
0	87	0	96	6	0	7
0	87	0	97	6	0	12
0	87	0	98	6	0	11
0	87	0	99	6	0	9
0	87	0	100	6	0	15
0	87	0	101	6	0	3
0	87	0	102	6	0	18
0	87	0	103	6	0	4
0	87	0	104	6	0	6
0	87	0	105	6	0	8
0	87	0	106	6	0	6
0	87	0	107	6	0	5
0	87	0	108	6	0	3
0	87	0	109	6	0	0
0	87	0	110	6	0	2
0	87	0	90	5	0	1
0	87	0	91	5	0	3
0	87	0	92	5	0	7
0	87	0	93	5	0	10
0	87	0	94	5	0	2
0	87	0	95	5	0	1
0	87	0	96	5	0	7
0	87	0	97	5	0	8
0	87	0	98	5	0	11
0	87	0	99	5	0	13
0	87	0	100	5	0	7
0	87	0	101	5	0	10
0	87	0	102	5	0	7
0	87	0	103	5	0	3
0	87	0	104	5	0	3
0	87	0	105	5	0	17
0	87	0	106	5	0	4
0	87	0	107	5	0	7
0	87	0	108	5	0	8
0	87	0	109	5	0	8
0	87	0	110	5	0	0
0	87	0	92	4	0	16
0	87	0	93	4	0	7
0	87	0	96	4	0	4
0	87	0	97	4	0	6
0	87	0	98	4	0	2
0	87	0	99	4	0	2
0	87	0	100	4	0	2
0	87	0	101	4	0	11
0	87	0	102	4	0	8
0	87	0	104	4	0	2
0	87	0	105	4	0	4
0	87	0	106	4	0	4
0	87	0	107	4	0	2
0	87	0	108	4	0	2
0	88	0	104	13	0	1
0	88	0	105	13	0	2
0	88	0	104	12	0	4
0	88	0	105	12	0	1
0	88	0	106	12	0	5
0	88	0	99	11	0	0
0	88	0	100	11	0	6
0	88	0	101	11	0	5
0	88	0	102	11	0	6
0	88	0	103	11	0	1
0	88	0	104	11	0	4
0	88	0	105	11	0	2
0	88	0	107	11	0	2
0	88	0	109	11	0	0
0	88	0	92	10	0	8
0	88	0	93	10	0	5
0	88	0	94	10	0	2
0	88	0	96	10	0	9
0	88	0	97	10	0	8
0	88	0	98	10	0	7
0	88	0	99	10	0	5
0	88	0	100	10	0	5
0	88	0	101	10	0	3
0	88	0	102	10	0	1
0	88	0	103	10	0	12
0	88	0	104	10	0	0
0	88	0	105	10	0	3
0	88	0	106	10	0	8
0	88	0	107	10	0	0
0	88	0	108	10	0	1
0	88	0	90	9	0	0
0	88	0	91	9	0	7
0	88	0	92	9	0	4
0	88	0	93	9	0	11
0	88	0	94	9	0	6
0	88	0	95	9	0	6
0	88	0	96	9	0	2
0	88	0	97	9	0	3
0	88	0	98	9	0	6
0	88	0	99	9	0	14
0	88	0	100	9	0	4
0	88	0	101	9	0	14
0	88	0	102	9	0	9
0	88	0	103	9	0	3
0	88	0	104	9	0	1
0	88	0	105	9	0	0
0	88	0	106	9	0	6
0	88	0	107	9	0	1
0	88	0	108	9	0	1
0	88	0	90	8	0	7
0	88	0	91	8	0	8
0	88	0	92	8	0	5
0	88	0	93	8	0	8
0	88	0	94	8	0	11
0	88	0	95	8	0	6
0	88	0	96	8	0	5
0	88	0	97	8	0	9
0	88	0	98	8	0	3
0	88	0	99	8	0	12
0	88	0	100	8	0	7
0	88	0	101	8	0	11
0	88	0	102	8	0	10
0	88	0	103	8	0	4
0	88	0	104	8	0	11
0	88	0	105	8	0	9
0	88	0	106	8	0	11
0	88	0	107	8	0	2
0	88	0	108	8	0	7
0	88	0	109	8	0	7
0	88	0	90	7	0	1
0	88	0	91	7	0	4
0	88	0	92	7	0	5
0	88	0	93	7	0	7
0	88	0	94	7	0	8
0	88	0	95	7	0	8
0	88	0	96	7	0	10
0	88	0	97	7	0	4
0	88	0	98	7	0	4
0	88	0	99	7	0	5
0	88	0	100	7	0	2
0	88	0	101	7	0	16
0	88	0	102	7	0	12
0	88	0	103	7	0	1
0	88	0	104	7	0	13
0	88	0	105	7	0	5
0	88	0	106	7	0	5
0	88	0	107	7	0	13
0	88	0	108	7	0	6
0	88	0	90	6	0	0
0	88	0	91	6	0	5
0	88	0	92	6	0	6
0	88	0	93	6	0	14
0	88	0	94	6	0	5
0	88	0	95	6	0	8
0	88	0	96	6	0	5
0	88	0	97	6	0	2
0	88	0	98	6	0	9
0	88	0	99	6	0	10
0	88	0	100	6	0	10
0	88	0	101	6	0	5
0	88	0	102	6	0	14
0	88	0	103	6	0	4
0	88	0	104	6	0	7
0	88	0	105	6	0	6
0	88	0	106	6	0	2
0	88	0	107	6	0	3
0	88	0	108	6	0	4
0	88	0	109	6	0	0
0	88	0	110	6	0	3
0	88	0	90	5	0	1
0	88	0	91	5	0	5
0	88	0	92	5	0	9
0	88	0	93	5	0	8
0	88	0	94	5	0	2
0	88	0	95	5	0	2
0	88	0	96	5	0	6
0	88	0	97	5	0	3
0	88	0	98	5	0	17
0	88	0	99	5	0	7
0	88	0	100	5	0	6
0	88	0	101	5	0	9
0	88	0	102	5	0	4
0	88	0	103	5	0	4
0	88	0	104	5	0	3
0	88	0	105	5	0	11
0	88	0	106	5	0	5
0	88	0	107	5	0	7
0	88	0	108	5	0	7
0	88	0	109	5	0	7
0	88	0	110	5	0	0
0	88	0	92	4	0	12
0	88	0	93	4	0	10
0	88	0	96	4	0	5
0	88	0	97	4	0	7
0	88	0	98	4	0	2
0	88	0	99	4	0	1
0	88	0	100	4	0	4
0	88	0	101	4	0	9
0	88	0	102	4	0	6
0	88	0	104	4	0	2
0	88	0	105	4	0	8
0	88	0	106	4	0	2
0	88	0	107	4	0	4
0	88	0	108	4	0	5
0	89	0	104	13	0	0
0	89	0	105	13	0	3
0	89	0	104	12	0	3
0	89	0	105	12	0	1
0	89	0	106	12	0	7
0	89	0	107	12	0	1
0	89	0	99	11	0	1
0	89	0	100	11	0	5
0	89	0	101	11	0	9
0	89	0	102	11	0	9
0	89	0	103	11	0	0
0	89	0	104	11	0	5
0	89	0	105	11	0	2
0	89	0	107	11	0	1
0	89	0	109	11	0	0
0	89	0	92	10	0	11
0	89	0	93	10	0	8
0	89	0	94	10	0	5
0	89	0	96	10	0	16
0	89	0	97	10	0	15
0	89	0	98	10	0	9
0	89	0	99	10	0	5
0	89	0	100	10	0	4
0	89	0	101	10	0	4
0	89	0	102	10	0	2
0	89	0	103	10	0	9
0	89	0	104	10	0	1
0	89	0	105	10	0	3
0	89	0	106	10	0	7
0	89	0	107	10	0	0
0	89	0	108	10	0	1
0	89	0	90	9	0	0
0	89	0	91	9	0	10
0	89	0	92	9	0	0
0	89	0	93	9	0	10
0	89	0	94	9	0	7
0	89	0	95	9	0	7
0	89	0	96	9	0	2
0	89	0	97	9	0	2
0	89	0	98	9	0	7
0	89	0	99	9	0	9
0	89	0	100	9	0	8
0	89	0	101	9	0	8
0	89	0	102	9	0	6
0	89	0	103	9	0	2
0	89	0	104	9	0	0
0	89	0	105	9	0	0
0	89	0	106	9	0	10
0	89	0	107	9	0	1
0	89	0	108	9	0	0
0	89	0	90	8	0	9
0	89	0	91	8	0	8
0	89	0	92	8	0	6
0	89	0	93	8	0	13
0	89	0	94	8	0	9
0	89	0	95	8	0	8
0	89	0	96	8	0	9
0	89	0	97	8	0	6
0	89	0	98	8	0	4
0	89	0	99	8	0	15
0	89	0	100	8	0	11
0	89	0	101	8	0	10
0	89	0	102	8	0	10
0	89	0	103	8	0	5
0	89	0	104	8	0	14
0	89	0	105	8	0	12
0	89	0	106	8	0	6
0	89	0	107	8	0	4
0	89	0	108	8	0	1
0	89	0	109	8	0	6
0	89	0	90	7	0	3
0	89	0	91	7	0	6
0	89	0	92	7	0	5
0	89	0	93	7	0	6
0	89	0	94	7	0	9
0	89	0	95	7	0	9
0	89	0	96	7	0	12
0	89	0	97	7	0	3
0	89	0	98	7	0	8
0	89	0	99	7	0	2
0	89	0	100	7	0	2
0	89	0	101	7	0	18
0	89	0	102	7	0	8
0	89	0	103	7	0	3
0	89	0	104	7	0	12
0	89	0	105	7	0	7
0	89	0	106	7	0	10
0	89	0	107	7	0	14
0	89	0	108	7	0	5
0	89	0	109	7	0	1
0	89	0	90	6	0	0
0	89	0	91	6	0	6
0	89	0	92	6	0	3
0	89	0	93	6	0	13
0	89	0	94	6	0	4
0	89	0	95	6	0	6
0	89	0	96	6	0	9
0	89	0	97	6	0	2
0	89	0	98	6	0	8
0	89	0	99	6	0	13
0	89	0	100	6	0	11
0	89	0	101	6	0	4
0	89	0	102	6	0	10
0	89	0	103	6	0	4
0	89	0	104	6	0	6
0	89	0	105	6	0	6
0	89	0	106	6	0	3
0	89	0	107	6	0	1
0	89	0	108	6	0	5
0	89	0	109	6	0	1
0	89	0	110	6	0	2
0	89	0	111	6	0	1
0	89	0	90	5	0	1
0	89	0	91	5	0	12
0	89	0	92	5	0	12
0	89	0	93	5	0	4
0	89	0	94	5	0	2
0	89	0	95	5	0	2
0	89	0	96	5	0	6
0	89	0	97	5	0	5
0	89	0	98	5	0	10
0	89	0	99	5	0	10
0	89	0	100	5	0	4
0	89	0	101	5	0	9
0	89	0	102	5	0	5
0	89	0	103	5	0	4
0	89	0	104	5	0	4
0	89	0	105	5	0	11
0	89	0	106	5	0	2
0	89	0	107	5	0	13
0	89	0	108	5	0	7
0	89	0	109	5	0	7
0	89	0	110	5	0	0
0	89	0	92	4	0	8
0	89	0	93	4	0	2
0	89	0	96	4	0	5
0	89	0	97	4	0	3
0	89	0	98	4	0	4
0	89	0	99	4	0	0
0	89	0	100	4	0	2
0	89	0	101	4	0	5
0	89	0	102	4	0	7
0	89	0	104	4	0	0
0	89	0	105	4	0	9
0	89	0	106	4	0	3
0	89	0	107	4	0	4
0	89	0	108	4	0	6
0	89	0	110	4	0	1
0	90	0	104	13	0	1
0	90	0	105	13	0	5
0	90	0	104	12	0	7
0	90	0	105	12	0	2
0	90	0	106	12	0	6
0	90	0	107	12	0	0
0	90	0	99	11	0	1
0	90	0	100	11	0	4
0	90	0	101	11	0	9
0	90	0	102	11	0	4
0	90	0	103	11	0	1
0	90	0	104	11	0	10
0	90	0	105	11	0	3
0	90	0	107	11	0	2
0	90	0	109	11	0	0
0	90	0	110	11	0	1
0	90	0	92	10	0	12
0	90	0	93	10	0	8
0	90	0	94	10	0	5
0	90	0	96	10	0	21
0	90	0	97	10	0	14
0	90	0	98	10	0	11
0	90	0	99	10	0	3
0	90	0	100	10	0	6
0	90	0	101	10	0	4
0	90	0	102	10	0	3
0	90	0	103	10	0	11
0	90	0	104	10	0	3
0	90	0	105	10	0	3
0	90	0	106	10	0	7
0	90	0	107	10	0	0
0	90	0	108	10	0	1
0	90	0	90	9	0	0
0	90	0	91	9	0	11
0	90	0	92	9	0	0
0	90	0	93	9	0	8
0	90	0	94	9	0	11
0	90	0	95	9	0	14
0	90	0	96	9	0	4
0	90	0	97	9	0	1
0	90	0	98	9	0	6
0	90	0	99	9	0	10
0	90	0	100	9	0	7
0	90	0	101	9	0	4
0	90	0	102	9	0	7
0	90	0	103	9	0	2
0	90	0	104	9	0	0
0	90	0	105	9	0	0
0	90	0	106	9	0	11
0	90	0	107	9	0	2
0	90	0	108	9	0	0
0	90	0	90	8	0	12
0	90	0	91	8	0	7
0	90	0	92	8	0	6
0	90	0	93	8	0	10
0	90	0	94	8	0	6
0	90	0	95	8	0	11
0	90	0	96	8	0	7
0	90	0	97	8	0	6
0	90	0	98	8	0	3
0	90	0	99	8	0	12
0	90	0	100	8	0	11
0	90	0	101	8	0	3
0	90	0	102	8	0	15
0	90	0	103	8	0	6
0	90	0	104	8	0	11
0	90	0	105	8	0	8
0	90	0	106	8	0	7
0	90	0	107	8	0	3
0	90	0	108	8	0	3
0	90	0	109	8	0	8
0	90	0	90	7	0	3
0	90	0	91	7	0	9
0	90	0	92	7	0	4
0	90	0	93	7	0	8
0	90	0	94	7	0	9
0	90	0	95	7	0	11
0	90	0	96	7	0	9
0	90	0	97	7	0	5
0	90	0	98	7	0	10
0	90	0	99	7	0	3
0	90	0	100	7	0	6
0	90	0	101	7	0	11
0	90	0	102	7	0	6
0	90	0	103	7	0	1
0	90	0	104	7	0	7
0	90	0	105	7	0	6
0	90	0	106	7	0	4
0	90	0	107	7	0	10
0	90	0	108	7	0	2
0	90	0	109	7	0	1
0	90	0	90	6	0	0
0	90	0	91	6	0	6
0	90	0	92	6	0	4
0	90	0	93	6	0	15
0	90	0	94	6	0	4
0	90	0	95	6	0	3
0	90	0	96	6	0	8
0	90	0	97	6	0	5
0	90	0	98	6	0	9
0	90	0	99	6	0	9
0	90	0	100	6	0	10
0	90	0	101	6	0	5
0	90	0	102	6	0	13
0	90	0	103	6	0	3
0	90	0	104	6	0	10
0	90	0	105	6	0	5
0	90	0	106	6	0	5
0	90	0	107	6	0	2
0	90	0	108	6	0	9
0	90	0	109	6	0	0
0	90	0	110	6	0	2
0	90	0	111	6	0	0
0	90	0	90	5	0	0
0	90	0	91	5	0	15
0	90	0	92	5	0	19
0	90	0	93	5	0	7
0	90	0	94	5	0	4
0	90	0	95	5	0	2
0	90	0	96	5	0	8
0	90	0	97	5	0	9
0	90	0	98	5	0	7
0	90	0	99	5	0	5
0	90	0	100	5	0	7
0	90	0	101	5	0	8
0	90	0	102	5	0	9
0	90	0	103	5	0	1
0	90	0	104	5	0	6
0	90	0	105	5	0	12
0	90	0	106	5	0	5
0	90	0	107	5	0	10
0	90	0	108	5	0	11
0	90	0	109	5	0	8
0	90	0	110	5	0	0
0	90	0	92	4	0	7
0	90	0	93	4	0	7
0	90	0	96	4	0	3
0	90	0	97	4	0	5
0	90	0	98	4	0	5
0	90	0	99	4	0	1
0	90	0	100	4	0	5
0	90	0	101	4	0	4
0	90	0	102	4	0	3
0	90	0	104	4	0	0
0	90	0	105	4	0	7
0	90	0	106	4	0	2
0	90	0	107	4	0	11
0	90	0	108	4	0	6
0	90	0	110	4	0	0
0	91	0	104	13	0	2
0	91	0	105	13	0	4
0	91	0	104	12	0	8
0	91	0	105	12	0	4
0	91	0	106	12	0	3
0	91	0	107	12	0	0
0	91	0	109	12	0	1
0	91	0	99	11	0	1
0	91	0	100	11	0	4
0	91	0	101	11	0	10
0	91	0	102	11	0	10
0	91	0	103	11	0	1
0	91	0	104	11	0	5
0	91	0	105	11	0	3
0	91	0	107	11	0	5
0	91	0	108	11	0	1
0	91	0	109	11	0	0
0	91	0	110	11	0	2
0	91	0	92	10	0	7
0	91	0	93	10	0	4
0	91	0	94	10	0	16
0	91	0	96	10	0	13
0	91	0	97	10	0	16
0	91	0	98	10	0	11
0	91	0	99	10	0	1
0	91	0	100	10	0	4
0	91	0	101	10	0	5
0	91	0	102	10	0	1
0	91	0	103	10	0	11
0	91	0	104	10	0	3
0	91	0	105	10	0	5
0	91	0	106	10	0	11
0	91	0	107	10	0	0
0	91	0	108	10	0	2
0	91	0	110	10	0	1
0	91	0	90	9	0	1
0	91	0	91	9	0	13
0	91	0	92	9	0	1
0	91	0	93	9	0	12
0	91	0	94	9	0	9
0	91	0	95	9	0	14
0	91	0	96	9	0	7
0	91	0	97	9	0	0
0	91	0	98	9	0	4
0	91	0	99	9	0	10
0	91	0	100	9	0	8
0	91	0	101	9	0	6
0	91	0	102	9	0	6
0	91	0	103	9	0	4
0	91	0	104	9	0	0
0	91	0	105	9	0	0
0	91	0	106	9	0	10
0	91	0	107	9	0	10
0	91	0	108	9	0	0
0	91	0	90	8	0	16
0	91	0	91	8	0	8
0	91	0	92	8	0	6
0	91	0	93	8	0	6
0	91	0	94	8	0	9
0	91	0	95	8	0	12
0	91	0	96	8	0	10
0	91	0	97	8	0	7
0	91	0	98	8	0	5
0	91	0	99	8	0	10
0	91	0	100	8	0	12
0	91	0	101	8	0	5
0	91	0	102	8	0	13
0	91	0	103	8	0	4
0	91	0	104	8	0	8
0	91	0	105	8	0	9
0	91	0	106	8	0	4
0	91	0	107	8	0	3
0	91	0	108	8	0	5
0	91	0	109	8	0	10
0	91	0	90	7	0	1
0	91	0	91	7	0	13
0	91	0	92	7	0	3
0	91	0	93	7	0	8
0	91	0	94	7	0	10
0	91	0	95	7	0	11
0	91	0	96	7	0	7
0	91	0	97	7	0	6
0	91	0	98	7	0	14
0	91	0	99	7	0	6
0	91	0	100	7	0	5
0	91	0	101	7	0	11
0	91	0	102	7	0	5
0	91	0	103	7	0	0
0	91	0	104	7	0	7
0	91	0	105	7	0	7
0	91	0	106	7	0	5
0	91	0	107	7	0	10
0	91	0	108	7	0	1
0	91	0	109	7	0	1
0	91	0	110	7	0	1
0	91	0	90	6	0	0
0	91	0	91	6	0	3
0	91	0	92	6	0	6
0	91	0	93	6	0	11
0	91	0	94	6	0	4
0	91	0	95	6	0	3
0	91	0	96	6	0	9
0	91	0	97	6	0	9
0	91	0	98	6	0	7
0	91	0	99	6	0	9
0	91	0	100	6	0	8
0	91	0	101	6	0	4
0	91	0	102	6	0	5
0	91	0	103	6	0	3
0	91	0	104	6	0	13
0	91	0	105	6	0	7
0	91	0	106	6	0	3
0	91	0	107	6	0	2
0	91	0	108	6	0	13
0	91	0	109	6	0	0
0	91	0	110	6	0	6
0	91	0	111	6	0	1
0	91	0	90	5	0	0
0	91	0	91	5	0	13
0	91	0	92	5	0	12
0	91	0	93	5	0	8
0	91	0	94	5	0	8
0	91	0	95	5	0	0
0	91	0	96	5	0	11
0	91	0	97	5	0	7
0	91	0	98	5	0	6
0	91	0	99	5	0	1
0	91	0	100	5	0	7
0	91	0	101	5	0	6
0	91	0	102	5	0	11
0	91	0	103	5	0	5
0	91	0	104	5	0	12
0	91	0	105	5	0	13
0	91	0	106	5	0	4
0	91	0	107	5	0	8
0	91	0	108	5	0	8
0	91	0	109	5	0	8
0	91	0	110	5	0	1
0	91	0	92	4	0	11
0	91	0	93	4	0	10
0	91	0	96	4	0	3
0	91	0	97	4	0	2
0	91	0	98	4	0	2
0	91	0	99	4	0	1
0	91	0	100	4	0	5
0	91	0	101	4	0	3
0	91	0	102	4	0	3
0	91	0	104	4	0	0
0	91	0	105	4	0	9
0	91	0	106	4	0	2
0	91	0	107	4	0	11
0	91	0	108	4	0	5
0	91	0	109	4	0	1
0	91	0	110	4	0	0
0	92	0	104	13	0	3
0	92	0	105	13	0	3
0	92	0	104	12	0	9
0	92	0	105	12	0	2
0	92	0	106	12	0	4
0	92	0	107	12	0	0
0	92	0	109	12	0	1
0	92	0	99	11	0	0
0	92	0	100	11	0	3
0	92	0	101	11	0	8
0	92	0	102	11	0	9
0	92	0	103	11	0	2
0	92	0	104	11	0	5
0	92	0	105	11	0	4
0	92	0	106	11	0	2
0	92	0	107	11	0	5
0	92	0	108	11	0	1
0	92	0	109	11	0	1
0	92	0	110	11	0	3
0	92	0	92	10	0	3
0	92	0	93	10	0	4
0	92	0	94	10	0	16
0	92	0	96	10	0	16
0	92	0	97	10	0	13
0	92	0	98	10	0	9
0	92	0	99	10	0	2
0	92	0	100	10	0	6
0	92	0	101	10	0	9
0	92	0	102	10	0	1
0	92	0	103	10	0	14
0	92	0	104	10	0	4
0	92	0	105	10	0	6
0	92	0	106	10	0	6
0	92	0	107	10	0	0
0	92	0	108	10	0	1
0	92	0	110	10	0	1
0	92	0	90	9	0	2
0	92	0	91	9	0	10
0	92	0	92	9	0	1
0	92	0	93	9	0	7
0	92	0	94	9	0	7
0	92	0	95	9	0	11
0	92	0	96	9	0	6
0	92	0	97	9	0	1
0	92	0	98	9	0	4
0	92	0	99	9	0	9
0	92	0	100	9	0	9
0	92	0	101	9	0	6
0	92	0	102	9	0	7
0	92	0	103	9	0	3
0	92	0	104	9	0	0
0	92	0	105	9	0	1
0	92	0	106	9	0	11
0	92	0	107	9	0	15
0	92	0	108	9	0	2
0	92	0	110	9	0	1
0	92	0	90	8	0	9
0	92	0	91	8	0	8
0	92	0	92	8	0	12
0	92	0	93	8	0	2
0	92	0	94	8	0	7
0	92	0	95	8	0	14
0	92	0	96	8	0	12
0	92	0	97	8	0	9
0	92	0	98	8	0	3
0	92	0	99	8	0	14
0	92	0	100	8	0	8
0	92	0	101	8	0	7
0	92	0	102	8	0	11
0	92	0	103	8	0	5
0	92	0	104	8	0	11
0	92	0	105	8	0	8
0	92	0	106	8	0	4
0	92	0	107	8	0	6
0	92	0	108	8	0	5
0	92	0	109	8	0	10
0	92	0	90	7	0	4
0	92	0	91	7	0	13
0	92	0	92	7	0	0
0	92	0	93	7	0	8
0	92	0	94	7	0	10
0	92	0	95	7	0	6
0	92	0	96	7	0	13
0	92	0	97	7	0	8
0	92	0	98	7	0	10
0	92	0	99	7	0	10
0	92	0	100	7	0	5
0	92	0	101	7	0	18
0	92	0	102	7	0	3
0	92	0	103	7	0	1
0	92	0	104	7	0	6
0	92	0	105	7	0	14
0	92	0	106	7	0	3
0	92	0	107	7	0	6
0	92	0	108	7	0	2
0	92	0	109	7	0	2
0	92	0	110	7	0	0
0	92	0	90	6	0	0
0	92	0	91	6	0	2
0	92	0	92	6	0	11
0	92	0	93	6	0	12
0	92	0	94	6	0	9
0	92	0	95	6	0	2
0	92	0	96	6	0	8
0	92	0	97	6	0	7
0	92	0	98	6	0	10
0	92	0	99	6	0	11
0	92	0	100	6	0	11
0	92	0	101	6	0	7
0	92	0	102	6	0	5
0	92	0	103	6	0	2
0	92	0	104	6	0	5
0	92	0	105	6	0	7
0	92	0	106	6	0	3
0	92	0	107	6	0	2
0	92	0	108	6	0	10
0	92	0	109	6	0	1
0	92	0	110	6	0	3
0	92	0	111	6	0	2
0	92	0	90	5	0	0
0	92	0	91	5	0	14
0	92	0	92	5	0	8
0	92	0	93	5	0	8
0	92	0	94	5	0	9
0	92	0	95	5	0	1
0	92	0	96	5	0	8
0	92	0	97	5	0	9
0	92	0	98	5	0	5
0	92	0	99	5	0	2
0	92	0	100	5	0	11
0	92	0	101	5	0	9
0	92	0	102	5	0	11
0	92	0	103	5	0	3
0	92	0	104	5	0	13
0	92	0	105	5	0	10
0	92	0	106	5	0	7
0	92	0	107	5	0	11
0	92	0	108	5	0	4
0	92	0	109	5	0	6
0	92	0	110	5	0	1
0	92	0	92	4	0	7
0	92	0	93	4	0	8
0	92	0	96	4	0	2
0	92	0	97	4	0	2
0	92	0	98	4	0	2
0	92	0	99	4	0	1
0	92	0	100	4	0	4
0	92	0	101	4	0	3
0	92	0	102	4	0	4
0	92	0	104	4	0	0
0	92	0	105	4	0	5
0	92	0	106	4	0	3
0	92	0	107	4	0	8
0	92	0	108	4	0	5
0	92	0	109	4	0	0
0	92	0	110	4	0	0
0	93	0	104	13	0	3
0	93	0	105	13	0	6
0	93	0	104	12	0	7
0	93	0	105	12	0	2
0	93	0	106	12	0	3
0	93	0	107	12	0	0
0	93	0	109	12	0	4
0	93	0	99	11	0	0
0	93	0	100	11	0	6
0	93	0	101	11	0	9
0	93	0	102	11	0	10
0	93	0	103	11	0	6
0	93	0	104	11	0	11
0	93	0	105	11	0	5
0	93	0	106	11	0	7
0	93	0	107	11	0	6
0	93	0	108	11	0	3
0	93	0	109	11	0	3
0	93	0	110	11	0	3
0	93	0	92	10	0	3
0	93	0	93	10	0	3
0	93	0	94	10	0	14
0	93	0	96	10	0	18
0	93	0	97	10	0	3
0	93	0	98	10	0	9
0	93	0	99	10	0	4
0	93	0	100	10	0	9
0	93	0	101	10	0	9
0	93	0	102	10	0	0
0	93	0	103	10	0	12
0	93	0	104	10	0	4
0	93	0	105	10	0	3
0	93	0	106	10	0	3
0	93	0	107	10	0	0
0	93	0	108	10	0	0
0	93	0	110	10	0	1
0	93	0	90	9	0	1
0	93	0	91	9	0	7
0	93	0	92	9	0	1
0	93	0	93	9	0	12
0	93	0	94	9	0	6
0	93	0	95	9	0	10
0	93	0	96	9	0	6
0	93	0	97	9	0	0
0	93	0	98	9	0	0
0	93	0	99	9	0	6
0	93	0	100	9	0	8
0	93	0	101	9	0	5
0	93	0	102	9	0	7
0	93	0	103	9	0	3
0	93	0	104	9	0	1
0	93	0	105	9	0	1
0	93	0	106	9	0	11
0	93	0	107	9	0	12
0	93	0	108	9	0	1
0	93	0	110	9	0	1
0	93	0	90	8	0	10
0	93	0	91	8	0	10
0	93	0	92	8	0	6
0	93	0	93	8	0	2
0	93	0	94	8	0	7
0	93	0	95	8	0	10
0	93	0	96	8	0	12
0	93	0	97	8	0	5
0	93	0	98	8	0	3
0	93	0	99	8	0	13
0	93	0	100	8	0	6
0	93	0	101	8	0	7
0	93	0	102	8	0	10
0	93	0	103	8	0	3
0	93	0	104	8	0	14
0	93	0	105	8	0	10
0	93	0	106	8	0	2
0	93	0	107	8	0	9
0	93	0	108	8	0	5
0	93	0	109	8	0	11
0	93	0	90	7	0	3
0	93	0	91	7	0	4
0	93	0	92	7	0	0
0	93	0	93	7	0	3
0	93	0	94	7	0	14
0	93	0	95	7	0	13
0	93	0	96	7	0	12
0	93	0	97	7	0	5
0	93	0	98	7	0	7
0	93	0	99	7	0	11
0	93	0	100	7	0	6
0	93	0	101	7	0	10
0	93	0	102	7	0	2
0	93	0	103	7	0	3
0	93	0	104	7	0	5
0	93	0	105	7	0	13
0	93	0	106	7	0	3
0	93	0	107	7	0	11
0	93	0	108	7	0	0
0	93	0	109	7	0	2
0	93	0	110	7	0	0
0	93	0	90	6	0	0
0	93	0	91	6	0	6
0	93	0	92	6	0	4
0	93	0	93	6	0	12
0	93	0	94	6	0	4
0	93	0	95	6	0	7
0	93	0	96	6	0	8
0	93	0	97	6	0	10
0	93	0	98	6	0	8
0	93	0	99	6	0	11
0	93	0	100	6	0	14
0	93	0	101	6	0	11
0	93	0	102	6	0	7
0	93	0	103	6	0	2
0	93	0	104	6	0	5
0	93	0	105	6	0	3
0	93	0	106	6	0	10
0	93	0	107	6	0	4
0	93	0	108	6	0	9
0	93	0	109	6	0	0
0	93	0	110	6	0	5
0	93	0	111	6	0	3
0	93	0	90	5	0	0
0	93	0	91	5	0	11
0	93	0	92	5	0	11
0	93	0	93	5	0	8
0	93	0	94	5	0	11
0	93	0	95	5	0	2
0	93	0	96	5	0	7
0	93	0	97	5	0	8
0	93	0	98	5	0	6
0	93	0	99	5	0	2
0	93	0	100	5	0	14
0	93	0	101	5	0	5
0	93	0	102	5	0	7
0	93	0	103	5	0	8
0	93	0	104	5	0	9
0	93	0	105	5	0	6
0	93	0	106	5	0	13
0	93	0	107	5	0	8
0	93	0	108	5	0	6
0	93	0	109	5	0	4
0	93	0	110	5	0	2
0	93	0	92	4	0	3
0	93	0	93	4	0	12
0	93	0	96	4	0	3
0	93	0	97	4	0	5
0	93	0	98	4	0	7
0	93	0	99	4	0	2
0	93	0	100	4	0	7
0	93	0	101	4	0	6
0	93	0	102	4	0	4
0	93	0	104	4	0	1
0	93	0	105	4	0	2
0	93	0	106	4	0	3
0	93	0	107	4	0	7
0	93	0	108	4	0	2
0	93	0	109	4	0	0
0	93	0	110	4	0	0
0	93	0	110	3	0	1
0	94	0	104	13	0	2
0	94	0	105	13	0	6
0	94	0	104	12	0	5
0	94	0	105	12	0	6
0	94	0	106	12	0	2
0	94	0	107	12	0	0
0	94	0	109	12	0	4
0	94	0	99	11	0	0
0	94	0	100	11	0	5
0	94	0	101	11	0	14
0	94	0	102	11	0	10
0	94	0	103	11	0	10
0	94	0	104	11	0	10
0	94	0	105	11	0	2
0	94	0	106	11	0	9
0	94	0	107	11	0	4
0	94	0	108	11	0	3
0	94	0	109	11	0	5
0	94	0	110	11	0	2
0	94	0	92	10	0	3
0	94	0	93	10	0	5
0	94	0	94	10	0	10
0	94	0	96	10	0	17
0	94	0	97	10	0	4
0	94	0	98	10	0	7
0	94	0	99	10	0	7
0	94	0	100	10	0	8
0	94	0	101	10	0	5
0	94	0	102	10	0	2
0	94	0	103	10	0	7
0	94	0	104	10	0	4
0	94	0	105	10	0	6
0	94	0	106	10	0	7
0	94	0	107	10	0	1
0	94	0	108	10	0	0
0	94	0	110	10	0	1
0	94	0	90	9	0	1
0	94	0	91	9	0	3
0	94	0	92	9	0	1
0	94	0	93	9	0	8
0	94	0	94	9	0	7
0	94	0	95	9	0	20
0	94	0	96	9	0	4
0	94	0	97	9	0	0
0	94	0	98	9	0	1
0	94	0	99	9	0	4
0	94	0	100	9	0	12
0	94	0	101	9	0	6
0	94	0	102	9	0	8
0	94	0	103	9	0	8
0	94	0	104	9	0	1
0	94	0	105	9	0	1
0	94	0	106	9	0	4
0	94	0	107	9	0	6
0	94	0	108	9	0	5
0	94	0	110	9	0	3
0	94	0	90	8	0	7
0	94	0	91	8	0	7
0	94	0	92	8	0	4
0	94	0	93	8	0	1
0	94	0	94	8	0	10
0	94	0	95	8	0	11
0	94	0	96	8	0	14
0	94	0	97	8	0	7
0	94	0	98	8	0	1
0	94	0	99	8	0	12
0	94	0	100	8	0	8
0	94	0	101	8	0	7
0	94	0	102	8	0	17
0	94	0	103	8	0	6
0	94	0	104	8	0	7
0	94	0	105	8	0	10
0	94	0	106	8	0	4
0	94	0	107	8	0	7
0	94	0	108	8	0	2
0	94	0	109	8	0	7
0	94	0	90	7	0	3
0	94	0	91	7	0	6
0	94	0	92	7	0	0
0	94	0	93	7	0	7
0	94	0	94	7	0	10
0	94	0	95	7	0	3
0	94	0	96	7	0	8
0	94	0	97	7	0	12
0	94	0	98	7	0	4
0	94	0	99	7	0	14
0	94	0	100	7	0	5
0	94	0	101	7	0	18
0	94	0	102	7	0	2
0	94	0	103	7	0	4
0	94	0	104	7	0	4
0	94	0	105	7	0	10
0	94	0	106	7	0	2
0	94	0	107	7	0	14
0	94	0	108	7	0	1
0	94	0	109	7	0	4
0	94	0	110	7	0	0
0	94	0	90	6	0	0
0	94	0	91	6	0	8
0	94	0	92	6	0	7
0	94	0	93	6	0	11
0	94	0	94	6	0	3
0	94	0	95	6	0	4
0	94	0	96	6	0	5
0	94	0	97	6	0	3
0	94	0	98	6	0	7
0	94	0	99	6	0	9
0	94	0	100	6	0	17
0	94	0	101	6	0	10
0	94	0	102	6	0	13
0	94	0	103	6	0	6
0	94	0	104	6	0	3
0	94	0	105	6	0	6
0	94	0	106	6	0	10
0	94	0	107	6	0	3
0	94	0	108	6	0	12
0	94	0	109	6	0	0
0	94	0	110	6	0	2
0	94	0	111	6	0	0
0	94	0	90	5	0	0
0	94	0	91	5	0	11
0	94	0	92	5	0	16
0	94	0	93	5	0	7
0	94	0	94	5	0	9
0	94	0	95	5	0	3
0	94	0	96	5	0	5
0	94	0	97	5	0	8
0	94	0	98	5	0	9
0	94	0	99	5	0	2
0	94	0	100	5	0	11
0	94	0	101	5	0	6
0	94	0	102	5	0	11
0	94	0	103	5	0	14
0	94	0	104	5	0	10
0	94	0	105	5	0	7
0	94	0	106	5	0	7
0	94	0	107	5	0	7
0	94	0	108	5	0	7
0	94	0	109	5	0	4
0	94	0	110	5	0	1
0	94	0	92	4	0	1
0	94	0	93	4	0	19
0	94	0	96	4	0	7
0	94	0	97	4	0	2
0	94	0	98	4	0	11
0	94	0	99	4	0	2
0	94	0	100	4	0	6
0	94	0	101	4	0	9
0	94	0	102	4	0	4
0	94	0	104	4	0	1
0	94	0	105	4	0	2
0	94	0	106	4	0	5
0	94	0	107	4	0	6
0	94	0	108	4	0	3
0	94	0	109	4	0	0
0	94	0	110	4	0	0
0	94	0	110	3	0	2
0	95	0	104	13	0	2
0	95	0	105	13	0	9
0	95	0	109	13	0	1
0	95	0	104	12	0	6
0	95	0	105	12	0	10
0	95	0	106	12	0	5
0	95	0	107	12	0	0
0	95	0	109	12	0	4
0	95	0	99	11	0	1
0	95	0	100	11	0	6
0	95	0	101	11	0	12
0	95	0	102	11	0	8
0	95	0	103	11	0	14
0	95	0	104	11	0	9
0	95	0	105	11	0	2
0	95	0	106	11	0	5
0	95	0	107	11	0	3
0	95	0	108	11	0	6
0	95	0	109	11	0	5
0	95	0	110	11	0	3
0	95	0	92	10	0	8
0	95	0	93	10	0	5
0	95	0	94	10	0	6
0	95	0	96	10	0	20
0	95	0	97	10	0	2
0	95	0	98	10	0	4
0	95	0	99	10	0	6
0	95	0	100	10	0	7
0	95	0	101	10	0	3
0	95	0	102	10	0	7
0	95	0	103	10	0	5
0	95	0	104	10	0	8
0	95	0	105	10	0	6
0	95	0	106	10	0	8
0	95	0	107	10	0	2
0	95	0	108	10	0	0
0	95	0	110	10	0	2
0	95	0	90	9	0	2
0	95	0	91	9	0	2
0	95	0	92	9	0	1
0	95	0	93	9	0	5
0	95	0	94	9	0	10
0	95	0	95	9	0	11
0	95	0	96	9	0	6
0	95	0	97	9	0	1
0	95	0	98	9	0	1
0	95	0	99	9	0	2
0	95	0	100	9	0	7
0	95	0	101	9	0	9
0	95	0	102	9	0	7
0	95	0	103	9	0	12
0	95	0	104	9	0	2
0	95	0	105	9	0	1
0	95	0	106	9	0	5
0	95	0	107	9	0	8
0	95	0	108	9	0	8
0	95	0	109	9	0	1
0	95	0	110	9	0	2
0	95	0	90	8	0	8
0	95	0	91	8	0	8
0	95	0	92	8	0	2
0	95	0	93	8	0	3
0	95	0	94	8	0	18
0	95	0	95	8	0	15
0	95	0	96	8	0	14
0	95	0	97	8	0	7
0	95	0	98	8	0	1
0	95	0	99	8	0	9
0	95	0	100	8	0	10
0	95	0	101	8	0	8
0	95	0	102	8	0	5
0	95	0	103	8	0	3
0	95	0	104	8	0	7
0	95	0	105	8	0	13
0	95	0	106	8	0	5
0	95	0	107	8	0	5
0	95	0	108	8	0	5
0	95	0	109	8	0	2
0	95	0	90	7	0	5
0	95	0	91	7	0	10
0	95	0	92	7	0	0
0	95	0	93	7	0	7
0	95	0	94	7	0	7
0	95	0	95	7	0	3
0	95	0	96	7	0	10
0	95	0	97	7	0	13
0	95	0	98	7	0	5
0	95	0	99	7	0	13
0	95	0	100	7	0	9
0	95	0	101	7	0	14
0	95	0	102	7	0	6
0	95	0	103	7	0	7
0	95	0	104	7	0	5
0	95	0	105	7	0	10
0	95	0	106	7	0	3
0	95	0	107	7	0	17
0	95	0	108	7	0	0
0	95	0	109	7	0	7
0	95	0	110	7	0	0
0	95	0	90	6	0	0
0	95	0	91	6	0	10
0	95	0	92	6	0	7
0	95	0	93	6	0	15
0	95	0	94	6	0	9
0	95	0	95	6	0	2
0	95	0	96	6	0	5
0	95	0	97	6	0	5
0	95	0	98	6	0	8
0	95	0	99	6	0	9
0	95	0	100	6	0	17
0	95	0	101	6	0	9
0	95	0	102	6	0	12
0	95	0	103	6	0	5
0	95	0	104	6	0	3
0	95	0	105	6	0	13
0	95	0	106	6	0	9
0	95	0	107	6	0	5
0	95	0	108	6	0	13
0	95	0	109	6	0	2
0	95	0	110	6	0	2
0	95	0	111	6	0	0
0	95	0	90	5	0	0
0	95	0	91	5	0	15
0	95	0	92	5	0	10
0	95	0	93	5	0	8
0	95	0	94	5	0	10
0	95	0	95	5	0	10
0	95	0	96	5	0	3
0	95	0	97	5	0	3
0	95	0	98	5	0	11
0	95	0	99	5	0	6
0	95	0	100	5	0	14
0	95	0	101	5	0	5
0	95	0	102	5	0	10
0	95	0	103	5	0	16
0	95	0	104	5	0	14
0	95	0	105	5	0	2
0	95	0	106	5	0	10
0	95	0	107	5	0	12
0	95	0	108	5	0	12
0	95	0	109	5	0	4
0	95	0	110	5	0	1
0	95	0	92	4	0	0
0	95	0	93	4	0	16
0	95	0	96	4	0	7
0	95	0	97	4	0	2
0	95	0	98	4	0	9
0	95	0	99	4	0	4
0	95	0	100	4	0	9
0	95	0	101	4	0	5
0	95	0	102	4	0	5
0	95	0	104	4	0	0
0	95	0	105	4	0	1
0	95	0	106	4	0	8
0	95	0	107	4	0	8
0	95	0	108	4	0	2
0	95	0	109	4	0	0
0	95	0	110	4	0	0
0	95	0	110	3	0	3
0	96	0	104	13	0	5
0	96	0	105	13	0	5
0	96	0	108	13	0	1
0	96	0	109	13	0	4
0	96	0	104	12	0	8
0	96	0	105	12	0	9
0	96	0	106	12	0	5
0	96	0	107	12	0	0
0	96	0	109	12	0	5
0	96	0	99	11	0	1
0	96	0	100	11	0	1
0	96	0	101	11	0	9
0	96	0	102	11	0	8
0	96	0	103	11	0	13
0	96	0	104	11	0	15
0	96	0	105	11	0	1
0	96	0	106	11	0	8
0	96	0	107	11	0	9
0	96	0	108	11	0	4
0	96	0	109	11	0	6
0	96	0	110	11	0	3
0	96	0	92	10	0	10
0	96	0	93	10	0	4
0	96	0	94	10	0	5
0	96	0	96	10	0	12
0	96	0	97	10	0	1
0	96	0	98	10	0	5
0	96	0	99	10	0	13
0	96	0	100	10	0	6
0	96	0	101	10	0	3
0	96	0	102	10	0	8
0	96	0	103	10	0	3
0	96	0	104	10	0	8
0	96	0	105	10	0	4
0	96	0	106	10	0	9
0	96	0	107	10	0	2
0	96	0	108	10	0	0
0	96	0	110	10	0	4
0	96	0	90	9	0	2
0	96	0	91	9	0	1
0	96	0	92	9	0	1
0	96	0	93	9	0	2
0	96	0	94	9	0	8
0	96	0	95	9	0	11
0	96	0	96	9	0	8
0	96	0	97	9	0	0
0	96	0	98	9	0	3
0	96	0	99	9	0	5
0	96	0	100	9	0	7
0	96	0	101	9	0	12
0	96	0	102	9	0	3
0	96	0	103	9	0	8
0	96	0	104	9	0	4
0	96	0	105	9	0	2
0	96	0	106	9	0	3
0	96	0	107	9	0	13
0	96	0	108	9	0	11
0	96	0	109	9	0	0
0	96	0	110	9	0	1
0	96	0	90	8	0	10
0	96	0	91	8	0	8
0	96	0	92	8	0	3
0	96	0	93	8	0	1
0	96	0	94	8	0	12
0	96	0	95	8	0	12
0	96	0	96	8	0	12
0	96	0	97	8	0	6
0	96	0	98	8	0	2
0	96	0	99	8	0	8
0	96	0	100	8	0	13
0	96	0	101	8	0	7
0	96	0	102	8	0	8
0	96	0	103	8	0	2
0	96	0	104	8	0	5
0	96	0	105	8	0	9
0	96	0	106	8	0	8
0	96	0	107	8	0	10
0	96	0	108	8	0	6
0	96	0	109	8	0	5
0	96	0	90	7	0	3
0	96	0	91	7	0	5
0	96	0	92	7	0	0
0	96	0	93	7	0	5
0	96	0	94	7	0	6
0	96	0	95	7	0	3
0	96	0	96	7	0	11
0	96	0	97	7	0	12
0	96	0	98	7	0	3
0	96	0	99	7	0	14
0	96	0	100	7	0	16
0	96	0	101	7	0	9
0	96	0	102	7	0	4
0	96	0	103	7	0	9
0	96	0	104	7	0	8
0	96	0	105	7	0	6
0	96	0	106	7	0	6
0	96	0	107	7	0	12
0	96	0	108	7	0	0
0	96	0	109	7	0	8
0	96	0	110	7	0	0
0	96	0	90	6	0	0
0	96	0	91	6	0	8
0	96	0	92	6	0	7
0	96	0	93	6	0	14
0	96	0	94	6	0	12
0	96	0	95	6	0	2
0	96	0	96	6	0	6
0	96	0	97	6	0	7
0	96	0	98	6	0	5
0	96	0	99	6	0	11
0	96	0	100	6	0	15
0	96	0	101	6	0	16
0	96	0	102	6	0	16
0	96	0	103	6	0	6
0	96	0	104	6	0	2
0	96	0	105	6	0	10
0	96	0	106	6	0	9
0	96	0	107	6	0	6
0	96	0	108	6	0	13
0	96	0	109	6	0	2
0	96	0	110	6	0	2
0	96	0	111	6	0	0
0	96	0	90	5	0	0
0	96	0	91	5	0	11
0	96	0	92	5	0	19
0	96	0	93	5	0	7
0	96	0	94	5	0	12
0	96	0	95	5	0	12
0	96	0	96	5	0	3
0	96	0	97	5	0	5
0	96	0	98	5	0	8
0	96	0	99	5	0	5
0	96	0	100	5	0	11
0	96	0	101	5	0	4
0	96	0	102	5	0	10
0	96	0	103	5	0	9
0	96	0	104	5	0	10
0	96	0	105	5	0	3
0	96	0	106	5	0	7
0	96	0	107	5	0	11
0	96	0	108	5	0	7
0	96	0	109	5	0	8
0	96	0	110	5	0	0
0	96	0	92	4	0	3
0	96	0	93	4	0	11
0	96	0	96	4	0	5
0	96	0	97	4	0	2
0	96	0	98	4	0	5
0	96	0	99	4	0	4
0	96	0	100	4	0	7
0	96	0	101	4	0	12
0	96	0	102	4	0	7
0	96	0	104	4	0	0
0	96	0	105	4	0	1
0	96	0	106	4	0	12
0	96	0	107	4	0	5
0	96	0	108	4	0	3
0	96	0	109	4	0	0
0	96	0	110	4	0	1
0	96	0	110	3	0	2
0	97	0	104	13	0	7
0	97	0	105	13	0	7
0	97	0	108	13	0	1
0	97	0	109	13	0	9
0	97	0	104	12	0	11
0	97	0	105	12	0	8
0	97	0	106	12	0	3
0	97	0	107	12	0	1
0	97	0	109	12	0	4
0	97	0	110	12	0	1
0	97	0	99	11	0	2
0	97	0	100	11	0	2
0	97	0	101	11	0	8
0	97	0	102	11	0	9
0	97	0	103	11	0	10
0	97	0	104	11	0	11
0	97	0	105	11	0	2
0	97	0	106	11	0	9
0	97	0	107	11	0	8
0	97	0	108	11	0	5
0	97	0	109	11	0	10
0	97	0	110	11	0	1
0	97	0	92	10	0	9
0	97	0	93	10	0	4
0	97	0	94	10	0	5
0	97	0	96	10	0	5
0	97	0	97	10	0	2
0	97	0	98	10	0	6
0	97	0	99	10	0	8
0	97	0	100	10	0	6
0	97	0	101	10	0	4
0	97	0	102	10	0	14
0	97	0	103	10	0	3
0	97	0	104	10	0	5
0	97	0	105	10	0	4
0	97	0	106	10	0	6
0	97	0	107	10	0	3
0	97	0	108	10	0	0
0	97	0	110	10	0	4
0	97	0	111	10	0	1
0	97	0	90	9	0	2
0	97	0	91	9	0	1
0	97	0	92	9	0	3
0	97	0	93	9	0	5
0	97	0	94	9	0	14
0	97	0	95	9	0	13
0	97	0	96	9	0	5
0	97	0	97	9	0	1
0	97	0	98	9	0	0
0	97	0	99	9	0	2
0	97	0	100	9	0	6
0	97	0	101	9	0	9
0	97	0	102	9	0	4
0	97	0	103	9	0	4
0	97	0	104	9	0	7
0	97	0	105	9	0	2
0	97	0	106	9	0	3
0	97	0	107	9	0	9
0	97	0	108	9	0	8
0	97	0	109	9	0	0
0	97	0	110	9	0	0
0	97	0	90	8	0	8
0	97	0	91	8	0	7
0	97	0	92	8	0	3
0	97	0	93	8	0	1
0	97	0	94	8	0	17
0	97	0	95	8	0	6
0	97	0	96	8	0	8
0	97	0	97	8	0	6
0	97	0	98	8	0	1
0	97	0	99	8	0	4
0	97	0	100	8	0	10
0	97	0	101	8	0	6
0	97	0	102	8	0	10
0	97	0	103	8	0	4
0	97	0	104	8	0	4
0	97	0	105	8	0	11
0	97	0	106	8	0	5
0	97	0	107	8	0	5
0	97	0	108	8	0	5
0	97	0	109	8	0	6
0	97	0	90	7	0	2
0	97	0	91	7	0	4
0	97	0	92	7	0	0
0	97	0	93	7	0	8
0	97	0	94	7	0	6
0	97	0	95	7	0	3
0	97	0	96	7	0	8
0	97	0	97	7	0	17
0	97	0	98	7	0	7
0	97	0	99	7	0	9
0	97	0	100	7	0	10
0	97	0	101	7	0	7
0	97	0	102	7	0	5
0	97	0	103	7	0	6
0	97	0	104	7	0	2
0	97	0	105	7	0	6
0	97	0	106	7	0	6
0	97	0	107	7	0	13
0	97	0	108	7	0	1
0	97	0	109	7	0	6
0	97	0	110	7	0	0
0	97	0	90	6	0	0
0	97	0	91	6	0	4
0	97	0	92	6	0	6
0	97	0	93	6	0	11
0	97	0	94	6	0	13
0	97	0	95	6	0	1
0	97	0	96	6	0	12
0	97	0	97	6	0	11
0	97	0	98	6	0	6
0	97	0	99	6	0	12
0	97	0	100	6	0	13
0	97	0	101	6	0	12
0	97	0	102	6	0	14
0	97	0	103	6	0	11
0	97	0	104	6	0	1
0	97	0	105	6	0	6
0	97	0	106	6	0	11
0	97	0	107	6	0	4
0	97	0	108	6	0	15
0	97	0	109	6	0	0
0	97	0	110	6	0	0
0	97	0	111	6	0	0
0	97	0	90	5	0	1
0	97	0	91	5	0	11
0	97	0	92	5	0	11
0	97	0	93	5	0	5
0	97	0	94	5	0	12
0	97	0	95	5	0	10
0	97	0	96	5	0	2
0	97	0	97	5	0	13
0	97	0	98	5	0	8
0	97	0	99	5	0	6
0	97	0	100	5	0	14
0	97	0	101	5	0	7
0	97	0	102	5	0	9
0	97	0	103	5	0	12
0	97	0	104	5	0	8
0	97	0	105	5	0	4
0	97	0	106	5	0	2
0	97	0	107	5	0	14
0	97	0	108	5	0	9
0	97	0	109	5	0	10
0	97	0	110	5	0	0
0	97	0	92	4	0	1
0	97	0	93	4	0	10
0	97	0	96	4	0	8
0	97	0	97	4	0	1
0	97	0	98	4	0	4
0	97	0	99	4	0	6
0	97	0	100	4	0	6
0	97	0	101	4	0	6
0	97	0	102	4	0	10
0	97	0	104	4	0	1
0	97	0	105	4	0	1
0	97	0	106	4	0	8
0	97	0	107	4	0	8
0	97	0	108	4	0	6
0	97	0	109	4	0	0
0	97	0	110	4	0	2
0	97	0	110	3	0	1
0	98	0	104	13	0	6
0	98	0	105	13	0	5
0	98	0	106	13	0	1
0	98	0	107	13	0	1
0	98	0	108	13	0	4
0	98	0	109	13	0	10
0	98	0	104	12	0	11
0	98	0	105	12	0	6
0	98	0	106	12	0	2
0	98	0	107	12	0	1
0	98	0	109	12	0	7
0	98	0	110	12	0	2
0	98	0	111	12	0	1
0	98	0	99	11	0	1
0	98	0	100	11	0	3
0	98	0	101	11	0	5
0	98	0	102	11	0	7
0	98	0	103	11	0	8
0	98	0	104	11	0	7
0	98	0	105	11	0	4
0	98	0	106	11	0	5
0	98	0	107	11	0	7
0	98	0	108	11	0	4
0	98	0	109	11	0	11
0	98	0	110	11	0	0
0	98	0	92	10	0	17
0	98	0	93	10	0	3
0	98	0	94	10	0	4
0	98	0	96	10	0	9
0	98	0	97	10	0	1
0	98	0	98	10	0	10
0	98	0	99	10	0	8
0	98	0	100	10	0	6
0	98	0	101	10	0	6
0	98	0	102	10	0	11
0	98	0	103	10	0	6
0	98	0	104	10	0	3
0	98	0	105	10	0	2
0	98	0	106	10	0	5
0	98	0	107	10	0	3
0	98	0	108	10	0	0
0	98	0	109	10	0	1
0	98	0	110	10	0	2
0	98	0	111	10	0	2
0	98	0	90	9	0	2
0	98	0	91	9	0	1
0	98	0	92	9	0	5
0	98	0	93	9	0	8
0	98	0	94	9	0	7
0	98	0	95	9	0	8
0	98	0	96	9	0	12
0	98	0	97	9	0	1
0	98	0	98	9	0	1
0	98	0	99	9	0	3
0	98	0	100	9	0	8
0	98	0	101	9	0	10
0	98	0	102	9	0	3
0	98	0	103	9	0	6
0	98	0	104	9	0	13
0	98	0	105	9	0	4
0	98	0	106	9	0	3
0	98	0	107	9	0	10
0	98	0	108	9	0	8
0	98	0	109	9	0	0
0	98	0	110	9	0	1
0	98	0	90	8	0	11
0	98	0	91	8	0	3
0	98	0	92	8	0	6
0	98	0	93	8	0	2
0	98	0	94	8	0	14
0	98	0	95	8	0	9
0	98	0	96	8	0	9
0	98	0	97	8	0	8
0	98	0	98	8	0	1
0	98	0	99	8	0	3
0	98	0	100	8	0	13
0	98	0	101	8	0	8
0	98	0	102	8	0	8
0	98	0	103	8	0	3
0	98	0	104	8	0	6
0	98	0	105	8	0	12
0	98	0	106	8	0	5
0	98	0	107	8	0	9
0	98	0	108	8	0	5
0	98	0	109	8	0	9
0	98	0	90	7	0	7
0	98	0	91	7	0	7
0	98	0	92	7	0	2
0	98	0	93	7	0	11
0	98	0	94	7	0	5
0	98	0	95	7	0	1
0	98	0	96	7	0	11
0	98	0	97	7	0	17
0	98	0	98	7	0	6
0	98	0	99	7	0	8
0	98	0	100	7	0	10
0	98	0	101	7	0	8
0	98	0	102	7	0	8
0	98	0	103	7	0	5
0	98	0	104	7	0	4
0	98	0	105	7	0	3
0	98	0	106	7	0	5
0	98	0	107	7	0	8
0	98	0	108	7	0	0
0	98	0	109	7	0	7
0	98	0	110	7	0	0
0	98	0	90	6	0	0
0	98	0	91	6	0	2
0	98	0	92	6	0	11
0	98	0	93	6	0	7
0	98	0	94	6	0	16
0	98	0	95	6	0	2
0	98	0	96	6	0	11
0	98	0	97	6	0	11
0	98	0	98	6	0	9
0	98	0	99	6	0	11
0	98	0	100	6	0	12
0	98	0	101	6	0	11
0	98	0	102	6	0	15
0	98	0	103	6	0	6
0	98	0	104	6	0	1
0	98	0	105	6	0	4
0	98	0	106	6	0	4
0	98	0	107	6	0	6
0	98	0	108	6	0	13
0	98	0	109	6	0	1
0	98	0	110	6	0	1
0	98	0	111	6	0	0
0	98	0	90	5	0	6
0	98	0	91	5	0	12
0	98	0	92	5	0	5
0	98	0	93	5	0	3
0	98	0	94	5	0	12
0	98	0	95	5	0	12
0	98	0	96	5	0	7
0	98	0	97	5	0	5
0	98	0	98	5	0	6
0	98	0	99	5	0	6
0	98	0	100	5	0	10
0	98	0	101	5	0	9
0	98	0	102	5	0	2
0	98	0	103	5	0	13
0	98	0	104	5	0	5
0	98	0	105	5	0	4
0	98	0	106	5	0	4
0	98	0	107	5	0	20
0	98	0	108	5	0	8
0	98	0	109	5	0	13
0	98	0	110	5	0	0
0	98	0	111	5	0	1
0	98	0	92	4	0	1
0	98	0	93	4	0	7
0	98	0	96	4	0	9
0	98	0	97	4	0	1
0	98	0	98	4	0	4
0	98	0	99	4	0	2
0	98	0	100	4	0	7
0	98	0	101	4	0	4
0	98	0	102	4	0	8
0	98	0	104	4	0	2
0	98	0	105	4	0	2
0	98	0	106	4	0	5
0	98	0	107	4	0	5
0	98	0	108	4	0	4
0	98	0	109	4	0	0
0	98	0	110	4	0	2
0	98	0	110	3	0	0
0	99	0	104	13	0	4
0	99	0	105	13	0	4
0	99	0	106	13	0	1
0	99	0	107	13	0	0
0	99	0	108	13	0	3
0	99	0	109	13	0	11
0	99	0	111	13	0	1
0	99	0	104	12	0	17
0	99	0	105	12	0	6
0	99	0	106	12	0	3
0	99	0	107	12	0	1
0	99	0	109	12	0	10
0	99	0	110	12	0	3
0	99	0	111	12	0	4
0	99	0	99	11	0	1
0	99	0	100	11	0	6
0	99	0	101	11	0	10
0	99	0	102	11	0	7
0	99	0	103	11	0	9
0	99	0	104	11	0	11
0	99	0	105	11	0	5
0	99	0	106	11	0	2
0	99	0	107	11	0	7
0	99	0	108	11	0	10
0	99	0	109	11	0	15
0	99	0	110	11	0	0
0	99	0	92	10	0	16
0	99	0	93	10	0	4
0	99	0	94	10	0	3
0	99	0	96	10	0	8
0	99	0	97	10	0	1
0	99	0	98	10	0	4
0	99	0	99	10	0	3
0	99	0	100	10	0	8
0	99	0	101	10	0	10
0	99	0	102	10	0	8
0	99	0	103	10	0	9
0	99	0	104	10	0	5
0	99	0	105	10	0	3
0	99	0	106	10	0	4
0	99	0	107	10	0	4
0	99	0	108	10	0	0
0	99	0	109	10	0	0
0	99	0	110	10	0	3
0	99	0	111	10	0	3
0	99	0	90	9	0	2
0	99	0	91	9	0	2
0	99	0	92	9	0	7
0	99	0	93	9	0	6
0	99	0	94	9	0	4
0	99	0	95	9	0	7
0	99	0	96	9	0	8
0	99	0	97	9	0	0
0	99	0	98	9	0	4
0	99	0	99	9	0	5
0	99	0	100	9	0	10
0	99	0	101	9	0	4
0	99	0	102	9	0	5
0	99	0	103	9	0	7
0	99	0	104	9	0	12
0	99	0	105	9	0	4
0	99	0	106	9	0	2
0	99	0	107	9	0	4
0	99	0	108	9	0	7
0	99	0	109	9	0	0
0	99	0	110	9	0	3
0	99	0	90	8	0	12
0	99	0	91	8	0	4
0	99	0	92	8	0	5
0	99	0	93	8	0	1
0	99	0	94	8	0	16
0	99	0	95	8	0	12
0	99	0	96	8	0	6
0	99	0	97	8	0	7
0	99	0	98	8	0	1
0	99	0	99	8	0	3
0	99	0	100	8	0	8
0	99	0	101	8	0	5
0	99	0	102	8	0	10
0	99	0	103	8	0	2
0	99	0	104	8	0	5
0	99	0	105	8	0	12
0	99	0	106	8	0	4
0	99	0	107	8	0	11
0	99	0	108	8	0	9
0	99	0	109	8	0	11
0	99	0	110	8	0	1
0	99	0	90	7	0	2
0	99	0	91	7	0	4
0	99	0	92	7	0	4
0	99	0	93	7	0	9
0	99	0	94	7	0	5
0	99	0	95	7	0	5
0	99	0	96	7	0	11
0	99	0	97	7	0	12
0	99	0	98	7	0	5
0	99	0	99	7	0	8
0	99	0	100	7	0	10
0	99	0	101	7	0	6
0	99	0	102	7	0	1
0	99	0	103	7	0	5
0	99	0	104	7	0	6
0	99	0	105	7	0	5
0	99	0	106	7	0	7
0	99	0	107	7	0	3
0	99	0	108	7	0	4
0	99	0	109	7	0	7
0	99	0	110	7	0	0
0	99	0	90	6	0	0
0	99	0	91	6	0	4
0	99	0	92	6	0	15
0	99	0	93	6	0	9
0	99	0	94	6	0	13
0	99	0	95	6	0	6
0	99	0	96	6	0	13
0	99	0	97	6	0	10
0	99	0	98	6	0	11
0	99	0	99	6	0	14
0	99	0	100	6	0	16
0	99	0	101	6	0	9
0	99	0	102	6	0	12
0	99	0	103	6	0	10
0	99	0	104	6	0	0
0	99	0	105	6	0	1
0	99	0	106	6	0	3
0	99	0	107	6	0	8
0	99	0	108	6	0	9
0	99	0	109	6	0	2
0	99	0	110	6	0	1
0	99	0	111	6	0	2
0	99	0	90	5	0	5
0	99	0	91	5	0	13
0	99	0	92	5	0	7
0	99	0	93	5	0	7
0	99	0	94	5	0	13
0	99	0	95	5	0	12
0	99	0	96	5	0	11
0	99	0	97	5	0	4
0	99	0	98	5	0	5
0	99	0	99	5	0	4
0	99	0	100	5	0	10
0	99	0	101	5	0	7
0	99	0	102	5	0	6
0	99	0	103	5	0	8
0	99	0	104	5	0	4
0	99	0	105	5	0	3
0	99	0	106	5	0	4
0	99	0	107	5	0	14
0	99	0	108	5	0	8
0	99	0	109	5	0	13
0	99	0	110	5	0	1
0	99	0	111	5	0	3
0	99	0	92	4	0	0
0	99	0	93	4	0	13
0	99	0	96	4	0	9
0	99	0	97	4	0	1
0	99	0	98	4	0	5
0	99	0	99	4	0	3
0	99	0	100	4	0	3
0	99	0	101	4	0	6
0	99	0	102	4	0	5
0	99	0	104	4	0	0
0	99	0	105	4	0	1
0	99	0	106	4	0	6
0	99	0	107	4	0	6
0	99	0	108	4	0	1
0	99	0	109	4	0	0
0	99	0	110	4	0	3
0	99	0	110	3	0	0
0	100	0	104	13	0	7
0	100	0	105	13	0	4
0	100	0	106	13	0	4
0	100	0	107	13	0	0
0	100	0	108	13	0	4
0	100	0	109	13	0	10
0	100	0	111	13	0	0
0	100	0	104	12	0	9
0	100	0	105	12	0	6
0	100	0	106	12	0	5
0	100	0	107	12	0	3
0	100	0	109	12	0	13
0	100	0	110	12	0	4
0	100	0	111	12	0	2
0	100	0	99	11	0	1
0	100	0	100	11	0	7
0	100	0	101	11	0	8
0	100	0	102	11	0	11
0	100	0	103	11	0	15
0	100	0	104	11	0	14
0	100	0	105	11	0	5
0	100	0	106	11	0	4
0	100	0	107	11	0	7
0	100	0	108	11	0	7
0	100	0	109	11	0	14
0	100	0	110	11	0	0
0	100	0	92	10	0	15
0	100	0	93	10	0	8
0	100	0	94	10	0	4
0	100	0	96	10	0	6
0	100	0	97	10	0	3
0	100	0	98	10	0	4
0	100	0	99	10	0	2
0	100	0	100	10	0	14
0	100	0	101	10	0	9
0	100	0	102	10	0	11
0	100	0	103	10	0	5
0	100	0	104	10	0	7
0	100	0	105	10	0	4
0	100	0	106	10	0	4
0	100	0	107	10	0	3
0	100	0	108	10	0	0
0	100	0	109	10	0	0
0	100	0	110	10	0	7
0	100	0	111	10	0	2
0	100	0	90	9	0	1
0	100	0	91	9	0	4
0	100	0	92	9	0	9
0	100	0	93	9	0	9
0	100	0	94	9	0	1
0	100	0	95	9	0	8
0	100	0	96	9	0	8
0	100	0	97	9	0	4
0	100	0	98	9	0	5
0	100	0	99	9	0	7
0	100	0	100	9	0	10
0	100	0	101	9	0	2
0	100	0	102	9	0	7
0	100	0	103	9	0	11
0	100	0	104	9	0	15
0	100	0	105	9	0	10
0	100	0	106	9	0	2
0	100	0	107	9	0	3
0	100	0	108	9	0	10
0	100	0	109	9	0	1
0	100	0	110	9	0	2
0	100	0	90	8	0	4
0	100	0	91	8	0	6
0	100	0	92	8	0	5
0	100	0	93	8	0	1
0	100	0	94	8	0	11
0	100	0	95	8	0	9
0	100	0	96	8	0	11
0	100	0	97	8	0	14
0	100	0	98	8	0	4
0	100	0	99	8	0	2
0	100	0	100	8	0	5
0	100	0	101	8	0	7
0	100	0	102	8	0	10
0	100	0	103	8	0	4
0	100	0	104	8	0	7
0	100	0	105	8	0	8
0	100	0	106	8	0	4
0	100	0	107	8	0	9
0	100	0	108	8	0	10
0	100	0	109	8	0	9
0	100	0	110	8	0	1
0	100	0	90	7	0	2
0	100	0	91	7	0	9
0	100	0	92	7	0	5
0	100	0	93	7	0	10
0	100	0	94	7	0	5
0	100	0	95	7	0	6
0	100	0	96	7	0	12
0	100	0	97	7	0	10
0	100	0	98	7	0	7
0	100	0	99	7	0	9
0	100	0	100	7	0	15
0	100	0	101	7	0	6
0	100	0	102	7	0	2
0	100	0	103	7	0	8
0	100	0	104	7	0	7
0	100	0	105	7	0	8
0	100	0	106	7	0	8
0	100	0	107	7	0	3
0	100	0	108	7	0	7
0	100	0	109	7	0	1
0	100	0	110	7	0	0
0	100	0	90	6	0	0
0	100	0	91	6	0	4
0	100	0	92	6	0	12
0	100	0	93	6	0	9
0	100	0	94	6	0	8
0	100	0	95	6	0	10
0	100	0	96	6	0	12
0	100	0	97	6	0	12
0	100	0	98	6	0	19
0	100	0	99	6	0	12
0	100	0	100	6	0	18
0	100	0	101	6	0	7
0	100	0	102	6	0	10
0	100	0	103	6	0	11
0	100	0	104	6	0	0
0	100	0	105	6	0	4
0	100	0	106	6	0	1
0	100	0	107	6	0	6
0	100	0	108	6	0	9
0	100	0	109	6	0	10
0	100	0	110	6	0	0
0	100	0	111	6	0	4
0	100	0	90	5	0	7
0	100	0	91	5	0	11
0	100	0	92	5	0	7
0	100	0	93	5	0	8
0	100	0	94	5	0	7
0	100	0	95	5	0	14
0	100	0	96	5	0	7
0	100	0	97	5	0	8
0	100	0	98	5	0	6
0	100	0	99	5	0	8
0	100	0	100	5	0	10
0	100	0	101	5	0	6
0	100	0	102	5	0	6
0	100	0	103	5	0	11
0	100	0	104	5	0	4
0	100	0	105	5	0	5
0	100	0	106	5	0	8
0	100	0	107	5	0	11
0	100	0	108	5	0	8
0	100	0	109	5	0	13
0	100	0	110	5	0	2
0	100	0	111	5	0	2
0	100	0	92	4	0	1
0	100	0	93	4	0	6
0	100	0	96	4	0	8
0	100	0	97	4	0	1
0	100	0	98	4	0	8
0	100	0	99	4	0	5
0	100	0	100	4	0	6
0	100	0	101	4	0	8
0	100	0	102	4	0	6
0	100	0	104	4	0	0
0	100	0	105	4	0	2
0	100	0	106	4	0	6
0	100	0	107	4	0	8
0	100	0	108	4	0	1
0	100	0	109	4	0	0
0	100	0	110	4	0	7
0	100	0	110	3	0	0
0	101	0	106	14	0	1
0	101	0	110	14	0	1
0	101	0	104	13	0	11
0	101	0	105	13	0	6
0	101	0	106	13	0	6
0	101	0	107	13	0	0
0	101	0	108	13	0	7
0	101	0	109	13	0	8
0	101	0	111	13	0	0
0	101	0	104	12	0	8
0	101	0	105	12	0	14
0	101	0	106	12	0	3
0	101	0	107	12	0	6
0	101	0	108	12	0	1
0	101	0	109	12	0	14
0	101	0	110	12	0	3
0	101	0	111	12	0	1
0	101	0	99	11	0	2
0	101	0	100	11	0	7
0	101	0	101	11	0	3
0	101	0	102	11	0	9
0	101	0	103	11	0	13
0	101	0	104	11	0	4
0	101	0	105	11	0	4
0	101	0	106	11	0	4
0	101	0	107	11	0	5
0	101	0	108	11	0	7
0	101	0	109	11	0	15
0	101	0	110	11	0	1
0	101	0	111	11	0	1
0	101	0	92	10	0	8
0	101	0	93	10	0	9
0	101	0	94	10	0	2
0	101	0	96	10	0	7
0	101	0	97	10	0	1
0	101	0	98	10	0	5
0	101	0	99	10	0	3
0	101	0	100	10	0	14
0	101	0	101	10	0	10
0	101	0	102	10	0	11
0	101	0	103	10	0	4
0	101	0	104	10	0	8
0	101	0	105	10	0	4
0	101	0	106	10	0	4
0	101	0	107	10	0	1
0	101	0	108	10	0	0
0	101	0	109	10	0	1
0	101	0	110	10	0	7
0	101	0	111	10	0	1
0	101	0	90	9	0	0
0	101	0	91	9	0	9
0	101	0	92	9	0	9
0	101	0	93	9	0	10
0	101	0	94	9	0	1
0	101	0	95	9	0	6
0	101	0	96	9	0	6
0	101	0	97	9	0	3
0	101	0	98	9	0	4
0	101	0	99	9	0	5
0	101	0	100	9	0	9
0	101	0	101	9	0	7
0	101	0	102	9	0	3
0	101	0	103	9	0	8
0	101	0	104	9	0	15
0	101	0	105	9	0	5
0	101	0	106	9	0	2
0	101	0	107	9	0	7
0	101	0	108	9	0	11
0	101	0	109	9	0	1
0	101	0	110	9	0	2
0	101	0	90	8	0	3
0	101	0	91	8	0	8
0	101	0	92	8	0	6
0	101	0	93	8	0	2
0	101	0	94	8	0	10
0	101	0	95	8	0	9
0	101	0	96	8	0	8
0	101	0	97	8	0	7
0	101	0	98	8	0	7
0	101	0	99	8	0	3
0	101	0	100	8	0	8
0	101	0	101	8	0	6
0	101	0	102	8	0	9
0	101	0	103	8	0	7
0	101	0	104	8	0	8
0	101	0	105	8	0	10
0	101	0	106	8	0	2
0	101	0	107	8	0	7
0	101	0	108	8	0	10
0	101	0	109	8	0	9
0	101	0	110	8	0	4
0	101	0	90	7	0	3
0	101	0	91	7	0	9
0	101	0	92	7	0	8
0	101	0	93	7	0	10
0	101	0	94	7	0	8
0	101	0	95	7	0	10
0	101	0	96	7	0	7
0	101	0	97	7	0	9
0	101	0	98	7	0	10
0	101	0	99	7	0	9
0	101	0	100	7	0	15
0	101	0	101	7	0	6
0	101	0	102	7	0	3
0	101	0	103	7	0	5
0	101	0	104	7	0	13
0	101	0	105	7	0	3
0	101	0	106	7	0	9
0	101	0	107	7	0	4
0	101	0	108	7	0	11
0	101	0	109	7	0	1
0	101	0	110	7	0	0
0	101	0	112	7	0	1
0	101	0	90	6	0	0
0	101	0	91	6	0	2
0	101	0	92	6	0	9
0	101	0	93	6	0	6
0	101	0	94	6	0	12
0	101	0	95	6	0	11
0	101	0	96	6	0	10
0	101	0	97	6	0	11
0	101	0	98	6	0	20
0	101	0	99	6	0	16
0	101	0	100	6	0	23
0	101	0	101	6	0	7
0	101	0	102	6	0	8
0	101	0	103	6	0	18
0	101	0	104	6	0	1
0	101	0	105	6	0	4
0	101	0	106	6	0	2
0	101	0	107	6	0	5
0	101	0	108	6	0	8
0	101	0	109	6	0	8
0	101	0	110	6	0	0
0	101	0	111	6	0	5
0	101	0	112	6	0	1
0	101	0	90	5	0	5
0	101	0	91	5	0	11
0	101	0	92	5	0	5
0	101	0	93	5	0	6
0	101	0	94	5	0	8
0	101	0	95	5	0	9
0	101	0	96	5	0	7
0	101	0	97	5	0	6
0	101	0	98	5	0	7
0	101	0	99	5	0	4
0	101	0	100	5	0	9
0	101	0	101	5	0	6
0	101	0	102	5	0	12
0	101	0	103	5	0	14
0	101	0	104	5	0	2
0	101	0	105	5	0	5
0	101	0	106	5	0	9
0	101	0	107	5	0	7
0	101	0	108	5	0	8
0	101	0	109	5	0	10
0	101	0	110	5	0	3
0	101	0	111	5	0	3
0	101	0	92	4	0	0
0	101	0	93	4	0	11
0	101	0	96	4	0	8
0	101	0	97	4	0	2
0	101	0	98	4	0	9
0	101	0	99	4	0	11
0	101	0	100	4	0	13
0	101	0	101	4	0	9
0	101	0	102	4	0	8
0	101	0	104	4	0	1
0	101	0	105	4	0	1
0	101	0	106	4	0	7
0	101	0	107	4	0	6
0	101	0	108	4	0	0
0	101	0	109	4	0	1
0	101	0	110	4	0	6
0	101	0	112	4	0	1
0	101	0	110	3	0	0
0	102	0	106	14	0	2
0	102	0	110	14	0	0
0	102	0	104	13	0	10
0	102	0	105	13	0	6
0	102	0	106	13	0	9
0	102	0	107	13	0	0
0	102	0	108	13	0	8
0	102	0	109	13	0	8
0	102	0	111	13	0	0
0	102	0	112	13	0	1
0	102	0	104	12	0	11
0	102	0	105	12	0	11
0	102	0	106	12	0	3
0	102	0	107	12	0	8
0	102	0	108	12	0	3
0	102	0	109	12	0	13
0	102	0	110	12	0	3
0	102	0	111	12	0	1
0	102	0	99	11	0	1
0	102	0	100	11	0	9
0	102	0	101	11	0	1
0	102	0	102	11	0	6
0	102	0	103	11	0	11
0	102	0	104	11	0	9
0	102	0	105	11	0	4
0	102	0	106	11	0	5
0	102	0	107	11	0	4
0	102	0	108	11	0	9
0	102	0	109	11	0	15
0	102	0	110	11	0	1
0	102	0	111	11	0	2
0	102	0	92	10	0	7
0	102	0	93	10	0	8
0	102	0	94	10	0	2
0	102	0	96	10	0	11
0	102	0	97	10	0	2
0	102	0	98	10	0	6
0	102	0	99	10	0	3
0	102	0	100	10	0	8
0	102	0	101	10	0	11
0	102	0	102	10	0	11
0	102	0	103	10	0	2
0	102	0	104	10	0	9
0	102	0	105	10	0	5
0	102	0	106	10	0	4
0	102	0	107	10	0	2
0	102	0	108	10	0	0
0	102	0	109	10	0	3
0	102	0	110	10	0	13
0	102	0	111	10	0	3
0	102	0	90	9	0	0
0	102	0	91	9	0	12
0	102	0	92	9	0	11
0	102	0	93	9	0	6
0	102	0	94	9	0	2
0	102	0	95	9	0	5
0	102	0	96	9	0	8
0	102	0	97	9	0	5
0	102	0	98	9	0	5
0	102	0	99	9	0	3
0	102	0	100	9	0	11
0	102	0	101	9	0	7
0	102	0	102	9	0	3
0	102	0	103	9	0	9
0	102	0	104	9	0	13
0	102	0	105	9	0	8
0	102	0	106	9	0	0
0	102	0	107	9	0	5
0	102	0	108	9	0	19
0	102	0	109	9	0	3
0	102	0	110	9	0	3
0	102	0	111	9	0	1
0	102	0	90	8	0	3
0	102	0	91	8	0	11
0	102	0	92	8	0	8
0	102	0	93	8	0	0
0	102	0	94	8	0	7
0	102	0	95	8	0	13
0	102	0	96	8	0	5
0	102	0	97	8	0	8
0	102	0	98	8	0	7
0	102	0	99	8	0	10
0	102	0	100	8	0	10
0	102	0	101	8	0	5
0	102	0	102	8	0	8
0	102	0	103	8	0	7
0	102	0	104	8	0	7
0	102	0	105	8	0	10
0	102	0	106	8	0	1
0	102	0	107	8	0	8
0	102	0	108	8	0	13
0	102	0	109	8	0	10
0	102	0	110	8	0	6
0	102	0	90	7	0	5
0	102	0	91	7	0	11
0	102	0	92	7	0	6
0	102	0	93	7	0	7
0	102	0	94	7	0	8
0	102	0	95	7	0	12
0	102	0	96	7	0	7
0	102	0	97	7	0	12
0	102	0	98	7	0	10
0	102	0	99	7	0	13
0	102	0	100	7	0	9
0	102	0	101	7	0	7
0	102	0	102	7	0	3
0	102	0	103	7	0	6
0	102	0	104	7	0	14
0	102	0	105	7	0	4
0	102	0	106	7	0	10
0	102	0	107	7	0	5
0	102	0	108	7	0	5
0	102	0	109	7	0	3
0	102	0	110	7	0	0
0	102	0	112	7	0	2
0	102	0	90	6	0	1
0	102	0	91	6	0	2
0	102	0	92	6	0	8
0	102	0	93	6	0	6
0	102	0	94	6	0	13
0	102	0	95	6	0	12
0	102	0	96	6	0	9
0	102	0	97	6	0	8
0	102	0	98	6	0	21
0	102	0	99	6	0	13
0	102	0	100	6	0	14
0	102	0	101	6	0	10
0	102	0	102	6	0	10
0	102	0	103	6	0	12
0	102	0	104	6	0	3
0	102	0	105	6	0	5
0	102	0	106	6	0	6
0	102	0	107	6	0	10
0	102	0	108	6	0	10
0	102	0	109	6	0	7
0	102	0	110	6	0	0
0	102	0	111	6	0	9
0	102	0	112	6	0	4
0	102	0	90	5	0	3
0	102	0	91	5	0	15
0	102	0	92	5	0	6
0	102	0	93	5	0	5
0	102	0	94	5	0	8
0	102	0	95	5	0	6
0	102	0	96	5	0	5
0	102	0	97	5	0	3
0	102	0	98	5	0	7
0	102	0	99	5	0	5
0	102	0	100	5	0	12
0	102	0	101	5	0	5
0	102	0	102	5	0	8
0	102	0	103	5	0	12
0	102	0	104	5	0	2
0	102	0	105	5	0	8
0	102	0	106	5	0	12
0	102	0	107	5	0	6
0	102	0	108	5	0	9
0	102	0	109	5	0	9
0	102	0	110	5	0	3
0	102	0	111	5	0	3
0	102	0	92	4	0	0
0	102	0	93	4	0	12
0	102	0	96	4	0	10
0	102	0	97	4	0	2
0	102	0	98	4	0	8
0	102	0	99	4	0	12
0	102	0	100	4	0	17
0	102	0	101	4	0	6
0	102	0	102	4	0	4
0	102	0	104	4	0	1
0	102	0	105	4	0	0
0	102	0	106	4	0	8
0	102	0	107	4	0	5
0	102	0	108	4	0	1
0	102	0	109	4	0	2
0	102	0	110	4	0	7
0	102	0	112	4	0	1
0	102	0	110	3	0	0
0	103	0	106	14	0	2
0	103	0	108	14	0	1
0	103	0	110	14	0	0
0	103	0	104	13	0	5
0	103	0	105	13	0	5
0	103	0	106	13	0	11
0	103	0	107	13	0	0
0	103	0	108	13	0	8
0	103	0	109	13	0	10
0	103	0	111	13	0	1
0	103	0	112	13	0	1
0	103	0	104	12	0	13
0	103	0	105	12	0	8
0	103	0	106	12	0	1
0	103	0	107	12	0	7
0	103	0	108	12	0	4
0	103	0	109	12	0	9
0	103	0	110	12	0	8
0	103	0	111	12	0	1
0	103	0	99	11	0	2
0	103	0	100	11	0	7
0	103	0	101	11	0	0
0	103	0	102	11	0	1
0	103	0	103	11	0	8
0	103	0	104	11	0	10
0	103	0	105	11	0	4
0	103	0	106	11	0	10
0	103	0	107	11	0	7
0	103	0	108	11	0	7
0	103	0	109	11	0	11
0	103	0	110	11	0	2
0	103	0	111	11	0	3
0	103	0	92	10	0	3
0	103	0	93	10	0	8
0	103	0	94	10	0	2
0	103	0	96	10	0	7
0	103	0	97	10	0	3
0	103	0	98	10	0	5
0	103	0	99	10	0	1
0	103	0	100	10	0	6
0	103	0	101	10	0	6
0	103	0	102	10	0	10
0	103	0	103	10	0	7
0	103	0	104	10	0	15
0	103	0	105	10	0	11
0	103	0	106	10	0	6
0	103	0	107	10	0	4
0	103	0	108	10	0	0
0	103	0	109	10	0	6
0	103	0	110	10	0	7
0	103	0	111	10	0	3
0	103	0	90	9	0	0
0	103	0	91	9	0	11
0	103	0	92	9	0	8
0	103	0	93	9	0	8
0	103	0	94	9	0	2
0	103	0	95	9	0	6
0	103	0	96	9	0	10
0	103	0	97	9	0	4
0	103	0	98	9	0	5
0	103	0	99	9	0	5
0	103	0	100	9	0	13
0	103	0	101	9	0	11
0	103	0	102	9	0	4
0	103	0	103	9	0	6
0	103	0	104	9	0	9
0	103	0	105	9	0	7
0	103	0	106	9	0	6
0	103	0	107	9	0	6
0	103	0	108	9	0	6
0	103	0	109	9	0	5
0	103	0	110	9	0	5
0	103	0	111	9	0	0
0	103	0	90	8	0	9
0	103	0	91	8	0	13
0	103	0	92	8	0	7
0	103	0	93	8	0	1
0	103	0	94	8	0	11
0	103	0	95	8	0	14
0	103	0	96	8	0	5
0	103	0	97	8	0	4
0	103	0	98	8	0	11
0	103	0	99	8	0	11
0	103	0	100	8	0	13
0	103	0	101	8	0	8
0	103	0	102	8	0	10
0	103	0	103	8	0	5
0	103	0	104	8	0	7
0	103	0	105	8	0	6
0	103	0	106	8	0	2
0	103	0	107	8	0	6
0	103	0	108	8	0	11
0	103	0	109	8	0	12
0	103	0	110	8	0	3
0	103	0	90	7	0	5
0	103	0	91	7	0	10
0	103	0	92	7	0	7
0	103	0	93	7	0	5
0	103	0	94	7	0	7
0	103	0	95	7	0	20
0	103	0	96	7	0	6
0	103	0	97	7	0	6
0	103	0	98	7	0	8
0	103	0	99	7	0	11
0	103	0	100	7	0	7
0	103	0	101	7	0	6
0	103	0	102	7	0	4
0	103	0	103	7	0	12
0	103	0	104	7	0	12
0	103	0	105	7	0	3
0	103	0	106	7	0	8
0	103	0	107	7	0	4
0	103	0	108	7	0	4
0	103	0	109	7	0	11
0	103	0	110	7	0	0
0	103	0	111	7	0	1
0	103	0	112	7	0	1
0	103	0	90	6	0	2
0	103	0	91	6	0	5
0	103	0	92	6	0	10
0	103	0	93	6	0	5
0	103	0	94	6	0	15
0	103	0	95	6	0	3
0	103	0	96	6	0	10
0	103	0	97	6	0	9
0	103	0	98	6	0	14
0	103	0	99	6	0	9
0	103	0	100	6	0	10
0	103	0	101	6	0	12
0	103	0	102	6	0	13
0	103	0	103	6	0	14
0	103	0	104	6	0	6
0	103	0	105	6	0	4
0	103	0	106	6	0	7
0	103	0	107	6	0	15
0	103	0	108	6	0	7
0	103	0	109	6	0	7
0	103	0	110	6	0	0
0	103	0	111	6	0	5
0	103	0	112	6	0	5
0	103	0	90	5	0	1
0	103	0	91	5	0	13
0	103	0	92	5	0	6
0	103	0	93	5	0	5
0	103	0	94	5	0	8
0	103	0	95	5	0	6
0	103	0	96	5	0	8
0	103	0	97	5	0	1
0	103	0	98	5	0	8
0	103	0	99	5	0	5
0	103	0	100	5	0	12
0	103	0	101	5	0	4
0	103	0	102	5	0	11
0	103	0	103	5	0	10
0	103	0	104	5	0	4
0	103	0	105	5	0	13
0	103	0	106	5	0	8
0	103	0	107	5	0	8
0	103	0	108	5	0	6
0	103	0	109	5	0	7
0	103	0	110	5	0	4
0	103	0	111	5	0	3
0	103	0	92	4	0	0
0	103	0	93	4	0	18
0	103	0	96	4	0	10
0	103	0	97	4	0	3
0	103	0	98	4	0	8
0	103	0	99	4	0	13
0	103	0	100	4	0	12
0	103	0	101	4	0	6
0	103	0	102	4	0	4
0	103	0	104	4	0	2
0	103	0	105	4	0	0
0	103	0	106	4	0	7
0	103	0	107	4	0	3
0	103	0	108	4	0	0
0	103	0	109	4	0	2
0	103	0	110	4	0	10
0	103	0	112	4	0	2
0	103	0	110	3	0	3
0	104	0	106	14	0	0
0	104	0	107	14	0	1
0	104	0	108	14	0	1
0	104	0	109	14	0	1
0	104	0	110	14	0	0
0	104	0	111	14	0	1
0	104	0	104	13	0	6
0	104	0	105	13	0	4
0	104	0	106	13	0	7
0	104	0	107	13	0	0
0	104	0	108	13	0	6
0	104	0	109	13	0	11
0	104	0	110	13	0	1
0	104	0	111	13	0	0
0	104	0	112	13	0	2
0	104	0	104	12	0	13
0	104	0	105	12	0	4
0	104	0	106	12	0	4
0	104	0	107	12	0	7
0	104	0	108	12	0	4
0	104	0	109	12	0	10
0	104	0	110	12	0	8
0	104	0	111	12	0	1
0	104	0	99	11	0	2
0	104	0	100	11	0	8
0	104	0	101	11	0	1
0	104	0	102	11	0	3
0	104	0	103	11	0	5
0	104	0	104	11	0	11
0	104	0	105	11	0	6
0	104	0	106	11	0	7
0	104	0	107	11	0	4
0	104	0	108	11	0	8
0	104	0	109	11	0	9
0	104	0	110	11	0	0
0	104	0	111	11	0	1
0	104	0	92	10	0	4
0	104	0	93	10	0	12
0	104	0	94	10	0	2
0	104	0	96	10	0	16
0	104	0	97	10	0	7
0	104	0	98	10	0	11
0	104	0	99	10	0	2
0	104	0	100	10	0	7
0	104	0	101	10	0	8
0	104	0	102	10	0	14
0	104	0	103	10	0	6
0	104	0	104	10	0	11
0	104	0	105	10	0	11
0	104	0	106	10	0	7
0	104	0	107	10	0	5
0	104	0	108	10	0	1
0	104	0	109	10	0	6
0	104	0	110	10	0	5
0	104	0	111	10	0	4
0	104	0	113	10	0	1
0	104	0	90	9	0	1
0	104	0	91	9	0	16
0	104	0	92	9	0	10
0	104	0	93	9	0	14
0	104	0	94	9	0	1
0	104	0	95	9	0	3
0	104	0	96	9	0	10
0	104	0	97	9	0	6
0	104	0	98	9	0	7
0	104	0	99	9	0	1
0	104	0	100	9	0	12
0	104	0	101	9	0	9
0	104	0	102	9	0	2
0	104	0	103	9	0	3
0	104	0	104	9	0	12
0	104	0	105	9	0	6
0	104	0	106	9	0	12
0	104	0	107	9	0	8
0	104	0	108	9	0	9
0	104	0	109	9	0	4
0	104	0	110	9	0	10
0	104	0	111	9	0	0
0	104	0	90	8	0	11
0	104	0	91	8	0	12
0	104	0	92	8	0	7
0	104	0	93	8	0	2
0	104	0	94	8	0	11
0	104	0	95	8	0	12
0	104	0	96	8	0	7
0	104	0	97	8	0	5
0	104	0	98	8	0	12
0	104	0	99	8	0	17
0	104	0	100	8	0	19
0	104	0	101	8	0	11
0	104	0	102	8	0	4
0	104	0	103	8	0	3
0	104	0	104	8	0	8
0	104	0	105	8	0	5
0	104	0	106	8	0	4
0	104	0	107	8	0	11
0	104	0	108	8	0	16
0	104	0	109	8	0	13
0	104	0	110	8	0	5
0	104	0	90	7	0	5
0	104	0	91	7	0	13
0	104	0	92	7	0	8
0	104	0	93	7	0	2
0	104	0	94	7	0	9
0	104	0	95	7	0	14
0	104	0	96	7	0	11
0	104	0	97	7	0	14
0	104	0	98	7	0	13
0	104	0	99	7	0	11
0	104	0	100	7	0	8
0	104	0	101	7	0	10
0	104	0	102	7	0	5
0	104	0	103	7	0	13
0	104	0	104	7	0	11
0	104	0	105	7	0	2
0	104	0	106	7	0	12
0	104	0	107	7	0	6
0	104	0	108	7	0	5
0	104	0	109	7	0	12
0	104	0	110	7	0	0
0	104	0	111	7	0	0
0	104	0	112	7	0	0
0	104	0	90	6	0	2
0	104	0	91	6	0	6
0	104	0	92	6	0	14
0	104	0	93	6	0	4
0	104	0	94	6	0	10
0	104	0	95	6	0	4
0	104	0	96	6	0	12
0	104	0	97	6	0	13
0	104	0	98	6	0	14
0	104	0	99	6	0	2
0	104	0	100	6	0	5
0	104	0	101	6	0	12
0	104	0	102	6	0	20
0	104	0	103	6	0	15
0	104	0	104	6	0	11
0	104	0	105	6	0	4
0	104	0	106	6	0	9
0	104	0	107	6	0	15
0	104	0	108	6	0	5
0	104	0	109	6	0	6
0	104	0	110	6	0	1
0	104	0	111	6	0	5
0	104	0	112	6	0	7
0	104	0	90	5	0	4
0	104	0	91	5	0	12
0	104	0	92	5	0	9
0	104	0	93	5	0	8
0	104	0	94	5	0	6
0	104	0	95	5	0	7
0	104	0	96	5	0	4
0	104	0	97	5	0	1
0	104	0	98	5	0	10
0	104	0	99	5	0	6
0	104	0	100	5	0	7
0	104	0	101	5	0	3
0	104	0	102	5	0	6
0	104	0	103	5	0	16
0	104	0	104	5	0	4
0	104	0	105	5	0	13
0	104	0	106	5	0	6
0	104	0	107	5	0	8
0	104	0	108	5	0	7
0	104	0	109	5	0	8
0	104	0	110	5	0	5
0	104	0	111	5	0	3
0	104	0	92	4	0	0
0	104	0	93	4	0	7
0	104	0	96	4	0	6
0	104	0	97	4	0	4
0	104	0	98	4	0	9
0	104	0	99	4	0	13
0	104	0	100	4	0	10
0	104	0	101	4	0	12
0	104	0	102	4	0	5
0	104	0	104	4	0	6
0	104	0	105	4	0	0
0	104	0	106	4	0	3
0	104	0	107	4	0	6
0	104	0	108	4	0	1
0	104	0	109	4	0	3
0	104	0	110	4	0	18
0	104	0	111	4	0	3
0	104	0	112	4	0	3
0	104	0	110	3	0	6
0	105	0	106	14	0	0
0	105	0	107	14	0	2
0	105	0	108	14	0	2
0	105	0	109	14	0	3
0	105	0	110	14	0	0
0	105	0	111	14	0	2
0	105	0	104	13	0	6
0	105	0	105	13	0	4
0	105	0	106	13	0	9
0	105	0	107	13	0	0
0	105	0	108	13	0	10
0	105	0	109	13	0	6
0	105	0	110	13	0	1
0	105	0	111	13	0	1
0	105	0	112	13	0	3
0	105	0	104	12	0	16
0	105	0	105	12	0	7
0	105	0	106	12	0	3
0	105	0	107	12	0	6
0	105	0	108	12	0	2
0	105	0	109	12	0	10
0	105	0	110	12	0	11
0	105	0	111	12	0	1
0	105	0	99	11	0	1
0	105	0	100	11	0	6
0	105	0	101	11	0	3
0	105	0	102	11	0	4
0	105	0	103	11	0	7
0	105	0	104	11	0	9
0	105	0	105	11	0	3
0	105	0	106	11	0	4
0	105	0	107	11	0	3
0	105	0	108	11	0	7
0	105	0	109	11	0	13
0	105	0	110	11	0	1
0	105	0	111	11	0	3
0	105	0	92	10	0	4
0	105	0	93	10	0	10
0	105	0	94	10	0	3
0	105	0	96	10	0	13
0	105	0	97	10	0	8
0	105	0	98	10	0	7
0	105	0	99	10	0	1
0	105	0	100	10	0	9
0	105	0	101	10	0	4
0	105	0	102	10	0	16
0	105	0	103	10	0	7
0	105	0	104	10	0	7
0	105	0	105	10	0	8
0	105	0	106	10	0	11
0	105	0	107	10	0	7
0	105	0	108	10	0	2
0	105	0	109	10	0	3
0	105	0	110	10	0	3
0	105	0	111	10	0	5
0	105	0	113	10	0	2
0	105	0	90	9	0	1
0	105	0	91	9	0	11
0	105	0	92	9	0	9
0	105	0	93	9	0	15
0	105	0	94	9	0	1
0	105	0	95	9	0	5
0	105	0	96	9	0	12
0	105	0	97	9	0	6
0	105	0	98	9	0	12
0	105	0	99	9	0	1
0	105	0	100	9	0	14
0	105	0	101	9	0	12
0	105	0	102	9	0	3
0	105	0	103	9	0	2
0	105	0	104	9	0	7
0	105	0	105	9	0	8
0	105	0	106	9	0	12
0	105	0	107	9	0	4
0	105	0	108	9	0	17
0	105	0	109	9	0	5
0	105	0	110	9	0	8
0	105	0	111	9	0	2
0	105	0	90	8	0	10
0	105	0	91	8	0	14
0	105	0	92	8	0	9
0	105	0	93	8	0	0
0	105	0	94	8	0	13
0	105	0	95	8	0	10
0	105	0	96	8	0	7
0	105	0	97	8	0	3
0	105	0	98	8	0	14
0	105	0	99	8	0	16
0	105	0	100	8	0	10
0	105	0	101	8	0	15
0	105	0	102	8	0	3
0	105	0	103	8	0	6
0	105	0	104	8	0	7
0	105	0	105	8	0	3
0	105	0	106	8	0	2
0	105	0	107	8	0	9
0	105	0	108	8	0	7
0	105	0	109	8	0	8
0	105	0	110	8	0	8
0	105	0	111	8	0	2
0	105	0	90	7	0	5
0	105	0	91	7	0	8
0	105	0	92	7	0	4
0	105	0	93	7	0	3
0	105	0	94	7	0	7
0	105	0	95	7	0	13
0	105	0	96	7	0	11
0	105	0	97	7	0	14
0	105	0	98	7	0	12
0	105	0	99	7	0	11
0	105	0	100	7	0	9
0	105	0	101	7	0	13
0	105	0	102	7	0	4
0	105	0	103	7	0	7
0	105	0	104	7	0	13
0	105	0	105	7	0	1
0	105	0	106	7	0	10
0	105	0	107	7	0	5
0	105	0	108	7	0	10
0	105	0	109	7	0	9
0	105	0	110	7	0	0
0	105	0	111	7	0	0
0	105	0	112	7	0	0
0	105	0	90	6	0	4
0	105	0	91	6	0	10
0	105	0	92	6	0	13
0	105	0	93	6	0	11
0	105	0	94	6	0	12
0	105	0	95	6	0	9
0	105	0	96	6	0	9
0	105	0	97	6	0	12
0	105	0	98	6	0	10
0	105	0	99	6	0	7
0	105	0	100	6	0	5
0	105	0	101	6	0	13
0	105	0	102	6	0	16
0	105	0	103	6	0	20
0	105	0	104	6	0	18
0	105	0	105	6	0	3
0	105	0	106	6	0	19
0	105	0	107	6	0	11
0	105	0	108	6	0	5
0	105	0	109	6	0	6
0	105	0	110	6	0	2
0	105	0	111	6	0	11
0	105	0	112	6	0	4
0	105	0	90	5	0	5
0	105	0	91	5	0	9
0	105	0	92	5	0	8
0	105	0	93	5	0	14
0	105	0	94	5	0	9
0	105	0	95	5	0	7
0	105	0	96	5	0	5
0	105	0	97	5	0	2
0	105	0	98	5	0	6
0	105	0	99	5	0	6
0	105	0	100	5	0	6
0	105	0	101	5	0	3
0	105	0	102	5	0	5
0	105	0	103	5	0	20
0	105	0	104	5	0	3
0	105	0	105	5	0	14
0	105	0	106	5	0	6
0	105	0	107	5	0	6
0	105	0	108	5	0	7
0	105	0	109	5	0	11
0	105	0	110	5	0	7
0	105	0	111	5	0	4
0	105	0	92	4	0	0
0	105	0	93	4	0	9
0	105	0	96	4	0	6
0	105	0	97	4	0	7
0	105	0	98	4	0	7
0	105	0	99	4	0	10
0	105	0	100	4	0	12
0	105	0	101	4	0	14
0	105	0	102	4	0	6
0	105	0	104	4	0	7
0	105	0	105	4	0	1
0	105	0	106	4	0	7
0	105	0	107	4	0	9
0	105	0	108	4	0	0
0	105	0	109	4	0	5
0	105	0	110	4	0	12
0	105	0	111	4	0	7
0	105	0	112	4	0	5
0	105	0	110	3	0	6
0	106	0	106	14	0	0
0	106	0	107	14	0	3
0	106	0	108	14	0	7
0	106	0	109	14	0	6
0	106	0	110	14	0	0
0	106	0	111	14	0	1
0	106	0	104	13	0	6
0	106	0	105	13	0	4
0	106	0	106	13	0	10
0	106	0	107	13	0	0
0	106	0	108	13	0	8
0	106	0	109	13	0	6
0	106	0	110	13	0	2
0	106	0	111	13	0	0
0	106	0	112	13	0	3
0	106	0	104	12	0	12
0	106	0	105	12	0	5
0	106	0	106	12	0	3
0	106	0	107	12	0	6
0	106	0	108	12	0	3
0	106	0	109	12	0	12
0	106	0	110	12	0	9
0	106	0	111	12	0	1
0	106	0	112	12	0	1
0	106	0	99	11	0	2
0	106	0	100	11	0	6
0	106	0	101	11	0	2
0	106	0	102	11	0	5
0	106	0	103	11	0	10
0	106	0	104	11	0	9
0	106	0	105	11	0	3
0	106	0	106	11	0	5
0	106	0	107	11	0	3
0	106	0	108	11	0	9
0	106	0	109	11	0	17
0	106	0	110	11	0	4
0	106	0	111	11	0	5
0	106	0	92	10	0	3
0	106	0	93	10	0	7
0	106	0	94	10	0	3
0	106	0	96	10	0	13
0	106	0	97	10	0	9
0	106	0	98	10	0	10
0	106	0	99	10	0	2
0	106	0	100	10	0	10
0	106	0	101	10	0	1
0	106	0	102	10	0	5
0	106	0	103	10	0	10
0	106	0	104	10	0	9
0	106	0	105	10	0	8
0	106	0	106	10	0	10
0	106	0	107	10	0	7
0	106	0	108	10	0	3
0	106	0	109	10	0	3
0	106	0	110	10	0	5
0	106	0	111	10	0	7
0	106	0	112	10	0	1
0	106	0	113	10	0	2
0	106	0	90	9	0	2
0	106	0	91	9	0	10
0	106	0	92	9	0	9
0	106	0	93	9	0	17
0	106	0	94	9	0	1
0	106	0	95	9	0	5
0	106	0	96	9	0	15
0	106	0	97	9	0	8
0	106	0	98	9	0	15
0	106	0	99	9	0	2
0	106	0	100	9	0	10
0	106	0	101	9	0	10
0	106	0	102	9	0	4
0	106	0	103	9	0	6
0	106	0	104	9	0	11
0	106	0	105	9	0	13
0	106	0	106	9	0	8
0	106	0	107	9	0	5
0	106	0	108	9	0	12
0	106	0	109	9	0	3
0	106	0	110	9	0	7
0	106	0	111	9	0	2
0	106	0	90	8	0	8
0	106	0	91	8	0	12
0	106	0	92	8	0	5
0	106	0	93	8	0	0
0	106	0	94	8	0	14
0	106	0	95	8	0	10
0	106	0	96	8	0	10
0	106	0	97	8	0	4
0	106	0	98	8	0	12
0	106	0	99	8	0	13
0	106	0	100	8	0	11
0	106	0	101	8	0	10
0	106	0	102	8	0	1
0	106	0	103	8	0	6
0	106	0	104	8	0	8
0	106	0	105	8	0	5
0	106	0	106	8	0	3
0	106	0	107	8	0	7
0	106	0	108	8	0	9
0	106	0	109	8	0	10
0	106	0	110	8	0	5
0	106	0	111	8	0	1
0	106	0	90	7	0	7
0	106	0	91	7	0	8
0	106	0	92	7	0	5
0	106	0	93	7	0	1
0	106	0	94	7	0	7
0	106	0	95	7	0	8
0	106	0	96	7	0	6
0	106	0	97	7	0	13
0	106	0	98	7	0	8
0	106	0	99	7	0	6
0	106	0	100	7	0	12
0	106	0	101	7	0	18
0	106	0	102	7	0	6
0	106	0	103	7	0	6
0	106	0	104	7	0	14
0	106	0	105	7	0	3
0	106	0	106	7	0	7
0	106	0	107	7	0	6
0	106	0	108	7	0	12
0	106	0	109	7	0	5
0	106	0	110	7	0	0
0	106	0	111	7	0	1
0	106	0	112	7	0	0
0	106	0	90	6	0	4
0	106	0	91	6	0	8
0	106	0	92	6	0	21
0	106	0	93	6	0	9
0	106	0	94	6	0	14
0	106	0	95	6	0	5
0	106	0	96	6	0	7
0	106	0	97	6	0	14
0	106	0	98	6	0	12
0	106	0	99	6	0	8
0	106	0	100	6	0	4
0	106	0	101	6	0	14
0	106	0	102	6	0	10
0	106	0	103	6	0	12
0	106	0	104	6	0	10
0	106	0	105	6	0	3
0	106	0	106	6	0	20
0	106	0	107	6	0	8
0	106	0	108	6	0	5
0	106	0	109	6	0	7
0	106	0	110	6	0	2
0	106	0	111	6	0	11
0	106	0	112	6	0	2
0	106	0	90	5	0	8
0	106	0	91	5	0	13
0	106	0	92	5	0	9
0	106	0	93	5	0	14
0	106	0	94	5	0	9
0	106	0	95	5	0	5
0	106	0	96	5	0	2
0	106	0	97	5	0	1
0	106	0	98	5	0	7
0	106	0	99	5	0	4
0	106	0	100	5	0	4
0	106	0	101	5	0	0
0	106	0	102	5	0	6
0	106	0	103	5	0	11
0	106	0	104	5	0	4
0	106	0	105	5	0	11
0	106	0	106	5	0	3
0	106	0	107	5	0	8
0	106	0	108	5	0	9
0	106	0	109	5	0	8
0	106	0	110	5	0	9
0	106	0	111	5	0	11
0	106	0	92	4	0	0
0	106	0	93	4	0	13
0	106	0	96	4	0	4
0	106	0	97	4	0	5
0	106	0	98	4	0	6
0	106	0	99	4	0	9
0	106	0	100	4	0	11
0	106	0	101	4	0	7
0	106	0	102	4	0	4
0	106	0	104	4	0	7
0	106	0	105	4	0	3
0	106	0	106	4	0	12
0	106	0	107	4	0	16
0	106	0	108	4	0	1
0	106	0	109	4	0	6
0	106	0	110	4	0	11
0	106	0	111	4	0	7
0	106	0	112	4	0	1
0	106	0	110	3	0	6
0	107	0	106	14	0	0
0	107	0	107	14	0	7
0	107	0	108	14	0	3
0	107	0	109	14	0	6
0	107	0	110	14	0	0
0	107	0	111	14	0	3
0	107	0	104	13	0	2
0	107	0	105	13	0	4
0	107	0	106	13	0	8
0	107	0	107	13	0	1
0	107	0	108	13	0	8
0	107	0	109	13	0	2
0	107	0	110	13	0	1
0	107	0	111	13	0	0
0	107	0	112	13	0	2
0	107	0	104	12	0	7
0	107	0	105	12	0	8
0	107	0	106	12	0	6
0	107	0	107	12	0	9
0	107	0	108	12	0	6
0	107	0	109	12	0	9
0	107	0	110	12	0	7
0	107	0	111	12	0	2
0	107	0	112	12	0	0
0	107	0	99	11	0	4
0	107	0	100	11	0	3
0	107	0	101	11	0	3
0	107	0	102	11	0	5
0	107	0	103	11	0	10
0	107	0	104	11	0	10
0	107	0	105	11	0	6
0	107	0	106	11	0	9
0	107	0	107	11	0	5
0	107	0	108	11	0	8
0	107	0	109	11	0	9
0	107	0	110	11	0	7
0	107	0	111	11	0	3
0	107	0	92	10	0	5
0	107	0	93	10	0	8
0	107	0	94	10	0	7
0	107	0	96	10	0	14
0	107	0	97	10	0	8
0	107	0	98	10	0	5
0	107	0	99	10	0	8
0	107	0	100	10	0	6
0	107	0	101	10	0	1
0	107	0	102	10	0	7
0	107	0	103	10	0	15
0	107	0	104	10	0	9
0	107	0	105	10	0	3
0	107	0	106	10	0	9
0	107	0	107	10	0	3
0	107	0	108	10	0	5
0	107	0	109	10	0	7
0	107	0	110	10	0	8
0	107	0	111	10	0	9
0	107	0	112	10	0	3
0	107	0	113	10	0	3
0	107	0	90	9	0	3
0	107	0	91	9	0	10
0	107	0	92	9	0	4
0	107	0	93	9	0	14
0	107	0	94	9	0	2
0	107	0	95	9	0	6
0	107	0	96	9	0	13
0	107	0	97	9	0	9
0	107	0	98	9	0	10
0	107	0	99	9	0	1
0	107	0	100	9	0	9
0	107	0	101	9	0	10
0	107	0	102	9	0	4
0	107	0	103	9	0	7
0	107	0	104	9	0	12
0	107	0	105	9	0	15
0	107	0	106	9	0	8
0	107	0	107	9	0	3
0	107	0	108	9	0	9
0	107	0	109	9	0	5
0	107	0	110	9	0	2
0	107	0	111	9	0	2
0	107	0	90	8	0	6
0	107	0	91	8	0	5
0	107	0	92	8	0	7
0	107	0	93	8	0	3
0	107	0	94	8	0	9
0	107	0	95	8	0	11
0	107	0	96	8	0	6
0	107	0	97	8	0	4
0	107	0	98	8	0	10
0	107	0	99	8	0	13
0	107	0	100	8	0	13
0	107	0	101	8	0	9
0	107	0	102	8	0	4
0	107	0	103	8	0	10
0	107	0	104	8	0	8
0	107	0	105	8	0	3
0	107	0	106	8	0	5
0	107	0	107	8	0	7
0	107	0	108	8	0	8
0	107	0	109	8	0	13
0	107	0	110	8	0	8
0	107	0	111	8	0	2
0	107	0	90	7	0	13
0	107	0	91	7	0	11
0	107	0	92	7	0	6
0	107	0	93	7	0	0
0	107	0	94	7	0	9
0	107	0	95	7	0	7
0	107	0	96	7	0	7
0	107	0	97	7	0	11
0	107	0	98	7	0	7
0	107	0	99	7	0	5
0	107	0	100	7	0	12
0	107	0	101	7	0	11
0	107	0	102	7	0	5
0	107	0	103	7	0	7
0	107	0	104	7	0	14
0	107	0	105	7	0	4
0	107	0	106	7	0	10
0	107	0	107	7	0	5
0	107	0	108	7	0	11
0	107	0	109	7	0	5
0	107	0	110	7	0	0
0	107	0	111	7	0	1
0	107	0	112	7	0	0
0	107	0	90	6	0	6
0	107	0	91	6	0	8
0	107	0	92	6	0	9
0	107	0	93	6	0	6
0	107	0	94	6	0	14
0	107	0	95	6	0	3
0	107	0	96	6	0	14
0	107	0	97	6	0	13
0	107	0	98	6	0	12
0	107	0	99	6	0	5
0	107	0	100	6	0	5
0	107	0	101	6	0	7
0	107	0	102	6	0	8
0	107	0	103	6	0	10
0	107	0	104	6	0	4
0	107	0	105	6	0	5
0	107	0	106	6	0	12
0	107	0	107	6	0	12
0	107	0	108	6	0	7
0	107	0	109	6	0	10
0	107	0	110	6	0	2
0	107	0	111	6	0	7
0	107	0	112	6	0	6
0	107	0	113	6	0	1
0	107	0	90	5	0	8
0	107	0	91	5	0	8
0	107	0	92	5	0	12
0	107	0	93	5	0	5
0	107	0	94	5	0	10
0	107	0	95	5	0	5
0	107	0	96	5	0	4
0	107	0	97	5	0	1
0	107	0	98	5	0	4
0	107	0	99	5	0	1
0	107	0	100	5	0	8
0	107	0	101	5	0	1
0	107	0	102	5	0	6
0	107	0	103	5	0	11
0	107	0	104	5	0	8
0	107	0	105	5	0	12
0	107	0	106	5	0	4
0	107	0	107	5	0	6
0	107	0	108	5	0	10
0	107	0	109	5	0	6
0	107	0	110	5	0	5
0	107	0	111	5	0	14
0	107	0	112	5	0	1
0	107	0	92	4	0	2
0	107	0	93	4	0	10
0	107	0	96	4	0	6
0	107	0	97	4	0	4
0	107	0	98	4	0	6
0	107	0	99	4	0	15
0	107	0	100	4	0	8
0	107	0	101	4	0	2
0	107	0	102	4	0	2
0	107	0	104	4	0	12
0	107	0	105	4	0	4
0	107	0	106	4	0	12
0	107	0	107	4	0	9
0	107	0	108	4	0	3
0	107	0	109	4	0	5
0	107	0	110	4	0	13
0	107	0	111	4	0	6
0	107	0	112	4	0	1
0	107	0	110	3	0	6
0	108	0	113	15	0	1
0	108	0	106	14	0	1
0	108	0	107	14	0	9
0	108	0	108	14	0	6
0	108	0	109	14	0	7
0	108	0	110	14	0	0
0	108	0	111	14	0	7
0	108	0	104	13	0	4
0	108	0	105	13	0	5
0	108	0	106	13	0	9
0	108	0	107	13	0	3
0	108	0	108	13	0	9
0	108	0	109	13	0	3
0	108	0	110	13	0	1
0	108	0	111	13	0	0
0	108	0	112	13	0	0
0	108	0	113	13	0	1
0	108	0	104	12	0	15
0	108	0	105	12	0	9
0	108	0	106	12	0	10
0	108	0	107	12	0	8
0	108	0	108	12	0	9
0	108	0	109	12	0	8
0	108	0	110	12	0	10
0	108	0	111	12	0	2
0	108	0	112	12	0	0
0	108	0	99	11	0	4
0	108	0	100	11	0	1
0	108	0	101	11	0	4
0	108	0	102	11	0	4
0	108	0	103	11	0	7
0	108	0	104	11	0	15
0	108	0	105	11	0	10
0	108	0	106	11	0	7
0	108	0	107	11	0	6
0	108	0	108	11	0	4
0	108	0	109	11	0	8
0	108	0	110	11	0	6
0	108	0	111	11	0	7
0	108	0	92	10	0	3
0	108	0	93	10	0	5
0	108	0	94	10	0	10
0	108	0	96	10	0	11
0	108	0	97	10	0	9
0	108	0	98	10	0	3
0	108	0	99	10	0	8
0	108	0	100	10	0	2
0	108	0	101	10	0	1
0	108	0	102	10	0	8
0	108	0	103	10	0	13
0	108	0	104	10	0	7
0	108	0	105	10	0	8
0	108	0	106	10	0	18
0	108	0	107	10	0	2
0	108	0	108	10	0	9
0	108	0	109	10	0	4
0	108	0	110	10	0	9
0	108	0	111	10	0	11
0	108	0	112	10	0	2
0	108	0	113	10	0	1
0	108	0	90	9	0	7
0	108	0	91	9	0	12
0	108	0	92	9	0	6
0	108	0	93	9	0	14
0	108	0	94	9	0	3
0	108	0	95	9	0	12
0	108	0	96	9	0	8
0	108	0	97	9	0	11
0	108	0	98	9	0	13
0	108	0	99	9	0	2
0	108	0	100	9	0	10
0	108	0	101	9	0	11
0	108	0	102	9	0	4
0	108	0	103	9	0	5
0	108	0	104	9	0	10
0	108	0	105	9	0	11
0	108	0	106	9	0	10
0	108	0	107	9	0	2
0	108	0	108	9	0	5
0	108	0	109	9	0	8
0	108	0	110	9	0	8
0	108	0	111	9	0	3
0	108	0	114	9	0	1
0	108	0	90	8	0	3
0	108	0	91	8	0	3
0	108	0	92	8	0	8
0	108	0	93	8	0	1
0	108	0	94	8	0	14
0	108	0	95	8	0	15
0	108	0	96	8	0	7
0	108	0	97	8	0	1
0	108	0	98	8	0	16
0	108	0	99	8	0	18
0	108	0	100	8	0	14
0	108	0	101	8	0	9
0	108	0	102	8	0	7
0	108	0	103	8	0	12
0	108	0	104	8	0	5
0	108	0	105	8	0	2
0	108	0	106	8	0	13
0	108	0	107	8	0	6
0	108	0	108	8	0	6
0	108	0	109	8	0	17
0	108	0	110	8	0	7
0	108	0	111	8	0	1
0	108	0	112	8	0	1
0	108	0	90	7	0	13
0	108	0	91	7	0	13
0	108	0	92	7	0	6
0	108	0	93	7	0	2
0	108	0	94	7	0	9
0	108	0	95	7	0	8
0	108	0	96	7	0	7
0	108	0	97	7	0	10
0	108	0	98	7	0	8
0	108	0	99	7	0	5
0	108	0	100	7	0	17
0	108	0	101	7	0	19
0	108	0	102	7	0	6
0	108	0	103	7	0	5
0	108	0	104	7	0	7
0	108	0	105	7	0	5
0	108	0	106	7	0	13
0	108	0	107	7	0	6
0	108	0	108	7	0	5
0	108	0	109	7	0	4
0	108	0	110	7	0	0
0	108	0	111	7	0	1
0	108	0	112	7	0	0
0	108	0	90	6	0	10
0	108	0	91	6	0	5
0	108	0	92	6	0	5
0	108	0	93	6	0	4
0	108	0	94	6	0	11
0	108	0	95	6	0	4
0	108	0	96	6	0	13
0	108	0	97	6	0	13
0	108	0	98	6	0	17
0	108	0	99	6	0	5
0	108	0	100	6	0	7
0	108	0	101	6	0	5
0	108	0	102	6	0	7
0	108	0	103	6	0	16
0	108	0	104	6	0	5
0	108	0	105	6	0	10
0	108	0	106	6	0	9
0	108	0	107	6	0	10
0	108	0	108	6	0	7
0	108	0	109	6	0	8
0	108	0	110	6	0	3
0	108	0	111	6	0	9
0	108	0	112	6	0	7
0	108	0	113	6	0	3
0	108	0	90	5	0	6
0	108	0	91	5	0	16
0	108	0	92	5	0	12
0	108	0	93	5	0	7
0	108	0	94	5	0	6
0	108	0	95	5	0	4
0	108	0	96	5	0	7
0	108	0	97	5	0	1
0	108	0	98	5	0	5
0	108	0	99	5	0	1
0	108	0	100	5	0	10
0	108	0	101	5	0	1
0	108	0	102	5	0	5
0	108	0	103	5	0	11
0	108	0	104	5	0	12
0	108	0	105	5	0	10
0	108	0	106	5	0	8
0	108	0	107	5	0	5
0	108	0	108	5	0	7
0	108	0	109	5	0	13
0	108	0	110	5	0	8
0	108	0	111	5	0	8
0	108	0	112	5	0	3
0	108	0	114	5	0	1
0	108	0	92	4	0	2
0	108	0	93	4	0	16
0	108	0	96	4	0	3
0	108	0	97	4	0	5
0	108	0	98	4	0	8
0	108	0	99	4	0	11
0	108	0	100	4	0	8
0	108	0	101	4	0	2
0	108	0	102	4	0	6
0	108	0	104	4	0	12
0	108	0	105	4	0	9
0	108	0	106	4	0	11
0	108	0	107	4	0	6
0	108	0	108	4	0	5
0	108	0	109	4	0	8
0	108	0	110	4	0	10
0	108	0	111	4	0	6
0	108	0	112	4	0	4
0	108	0	110	3	0	8
0	108	0	111	3	0	1
0	109	0	113	15	0	1
0	109	0	106	14	0	2
0	109	0	107	14	0	7
0	109	0	108	14	0	6
0	109	0	109	14	0	10
0	109	0	110	14	0	0
0	109	0	111	14	0	10
0	109	0	112	14	0	2
0	109	0	104	13	0	5
0	109	0	105	13	0	9
0	109	0	106	13	0	9
0	109	0	107	13	0	2
0	109	0	108	13	0	11
0	109	0	109	13	0	3
0	109	0	110	13	0	4
0	109	0	111	13	0	0
0	109	0	112	13	0	0
0	109	0	113	13	0	2
0	109	0	104	12	0	10
0	109	0	105	12	0	12
0	109	0	106	12	0	8
0	109	0	107	12	0	8
0	109	0	108	12	0	8
0	109	0	109	12	0	11
0	109	0	110	12	0	17
0	109	0	111	12	0	2
0	109	0	112	12	0	0
0	109	0	113	12	0	1
0	109	0	99	11	0	5
0	109	0	100	11	0	3
0	109	0	101	11	0	4
0	109	0	102	11	0	4
0	109	0	103	11	0	10
0	109	0	104	11	0	12
0	109	0	105	11	0	10
0	109	0	106	11	0	7
0	109	0	107	11	0	6
0	109	0	108	11	0	7
0	109	0	109	11	0	10
0	109	0	110	11	0	11
0	109	0	111	11	0	7
0	109	0	113	11	0	1
0	109	0	92	10	0	5
0	109	0	93	10	0	5
0	109	0	94	10	0	3
0	109	0	96	10	0	9
0	109	0	97	10	0	6
0	109	0	98	10	0	2
0	109	0	99	10	0	9
0	109	0	100	10	0	5
0	109	0	101	10	0	3
0	109	0	102	10	0	8
0	109	0	103	10	0	17
0	109	0	104	10	0	14
0	109	0	105	10	0	8
0	109	0	106	10	0	13
0	109	0	107	10	0	2
0	109	0	108	10	0	9
0	109	0	109	10	0	4
0	109	0	110	10	0	10
0	109	0	111	10	0	13
0	109	0	112	10	0	4
0	109	0	113	10	0	2
0	109	0	90	9	0	4
0	109	0	91	9	0	10
0	109	0	92	9	0	8
0	109	0	93	9	0	6
0	109	0	94	9	0	2
0	109	0	95	9	0	10
0	109	0	96	9	0	12
0	109	0	97	9	0	9
0	109	0	98	9	0	13
0	109	0	99	9	0	3
0	109	0	100	9	0	13
0	109	0	101	9	0	5
0	109	0	102	9	0	7
0	109	0	103	9	0	3
0	109	0	104	9	0	9
0	109	0	105	9	0	5
0	109	0	106	9	0	9
0	109	0	107	9	0	2
0	109	0	108	9	0	7
0	109	0	109	9	0	6
0	109	0	110	9	0	5
0	109	0	111	9	0	6
0	109	0	114	9	0	1
0	109	0	90	8	0	4
0	109	0	91	8	0	4
0	109	0	92	8	0	11
0	109	0	93	8	0	8
0	109	0	94	8	0	13
0	109	0	95	8	0	9
0	109	0	96	8	0	8
0	109	0	97	8	0	3
0	109	0	98	8	0	17
0	109	0	99	8	0	14
0	109	0	100	8	0	15
0	109	0	101	8	0	15
0	109	0	102	8	0	5
0	109	0	103	8	0	13
0	109	0	104	8	0	12
0	109	0	105	8	0	7
0	109	0	106	8	0	11
0	109	0	107	8	0	7
0	109	0	108	8	0	7
0	109	0	109	8	0	10
0	109	0	110	8	0	6
0	109	0	111	8	0	3
0	109	0	112	8	0	4
0	109	0	90	7	0	9
0	109	0	91	7	0	13
0	109	0	92	7	0	6
0	109	0	93	7	0	3
0	109	0	94	7	0	7
0	109	0	95	7	0	13
0	109	0	96	7	0	6
0	109	0	97	7	0	11
0	109	0	98	7	0	8
0	109	0	99	7	0	5
0	109	0	100	7	0	16
0	109	0	101	7	0	17
0	109	0	102	7	0	1
0	109	0	103	7	0	7
0	109	0	104	7	0	11
0	109	0	105	7	0	7
0	109	0	106	7	0	11
0	109	0	107	7	0	12
0	109	0	108	7	0	5
0	109	0	109	7	0	6
0	109	0	110	7	0	3
0	109	0	111	7	0	1
0	109	0	112	7	0	0
0	109	0	90	6	0	13
0	109	0	91	6	0	7
0	109	0	92	6	0	6
0	109	0	93	6	0	8
0	109	0	94	6	0	7
0	109	0	95	6	0	5
0	109	0	96	6	0	12
0	109	0	97	6	0	9
0	109	0	98	6	0	11
0	109	0	99	6	0	6
0	109	0	100	6	0	10
0	109	0	101	6	0	5
0	109	0	102	6	0	5
0	109	0	103	6	0	7
0	109	0	104	6	0	6
0	109	0	105	6	0	4
0	109	0	106	6	0	8
0	109	0	107	6	0	15
0	109	0	108	6	0	11
0	109	0	109	6	0	7
0	109	0	110	6	0	5
0	109	0	111	6	0	7
0	109	0	112	6	0	7
0	109	0	113	6	0	4
0	109	0	90	5	0	3
0	109	0	91	5	0	9
0	109	0	92	5	0	9
0	109	0	93	5	0	5
0	109	0	94	5	0	7
0	109	0	95	5	0	14
0	109	0	96	5	0	11
0	109	0	97	5	0	4
0	109	0	98	5	0	4
0	109	0	99	5	0	2
0	109	0	100	5	0	13
0	109	0	101	5	0	1
0	109	0	102	5	0	6
0	109	0	103	5	0	16
0	109	0	104	5	0	10
0	109	0	105	5	0	11
0	109	0	106	5	0	11
0	109	0	107	5	0	5
0	109	0	108	5	0	12
0	109	0	109	5	0	13
0	109	0	110	5	0	10
0	109	0	111	5	0	8
0	109	0	112	5	0	5
0	109	0	114	5	0	1
0	109	0	92	4	0	3
0	109	0	93	4	0	15
0	109	0	96	4	0	6
0	109	0	97	4	0	5
0	109	0	98	4	0	1
0	109	0	99	4	0	9
0	109	0	100	4	0	12
0	109	0	101	4	0	6
0	109	0	102	4	0	7
0	109	0	104	4	0	7
0	109	0	105	4	0	11
0	109	0	106	4	0	10
0	109	0	107	4	0	5
0	109	0	108	4	0	8
0	109	0	109	4	0	5
0	109	0	110	4	0	10
0	109	0	111	4	0	7
0	109	0	112	4	0	5
0	109	0	110	3	0	5
0	109	0	111	3	0	3
0	110	0	114	17	0	1
0	110	0	111	16	0	1
0	110	0	108	15	0	1
0	110	0	111	15	0	1
0	110	0	113	15	0	0
0	110	0	106	14	0	2
0	110	0	107	14	0	10
0	110	0	108	14	0	9
0	110	0	109	14	0	13
0	110	0	110	14	0	1
0	110	0	111	14	0	6
0	110	0	112	14	0	3
0	110	0	113	14	0	1
0	110	0	104	13	0	11
0	110	0	105	13	0	9
0	110	0	106	13	0	7
0	110	0	107	13	0	2
0	110	0	108	13	0	12
0	110	0	109	13	0	6
0	110	0	110	13	0	2
0	110	0	111	13	0	1
0	110	0	112	13	0	0
0	110	0	113	13	0	1
0	110	0	104	12	0	11
0	110	0	105	12	0	11
0	110	0	106	12	0	12
0	110	0	107	12	0	9
0	110	0	108	12	0	8
0	110	0	109	12	0	14
0	110	0	110	12	0	13
0	110	0	111	12	0	4
0	110	0	112	12	0	0
0	110	0	113	12	0	1
0	110	0	99	11	0	9
0	110	0	100	11	0	3
0	110	0	101	11	0	10
0	110	0	102	11	0	4
0	110	0	103	11	0	9
0	110	0	104	11	0	15
0	110	0	105	11	0	7
0	110	0	106	11	0	12
0	110	0	107	11	0	4
0	110	0	108	11	0	9
0	110	0	109	11	0	13
0	110	0	110	11	0	8
0	110	0	111	11	0	6
0	110	0	112	11	0	2
0	110	0	113	11	0	1
0	110	0	114	11	0	1
0	110	0	92	10	0	5
0	110	0	93	10	0	5
0	110	0	94	10	0	3
0	110	0	96	10	0	12
0	110	0	97	10	0	11
0	110	0	98	10	0	3
0	110	0	99	10	0	8
0	110	0	100	10	0	12
0	110	0	101	10	0	4
0	110	0	102	10	0	5
0	110	0	103	10	0	11
0	110	0	104	10	0	16
0	110	0	105	10	0	9
0	110	0	106	10	0	14
0	110	0	107	10	0	3
0	110	0	108	10	0	9
0	110	0	109	10	0	4
0	110	0	110	10	0	13
0	110	0	111	10	0	10
0	110	0	112	10	0	9
0	110	0	113	10	0	4
0	110	0	90	9	0	4
0	110	0	91	9	0	6
0	110	0	92	9	0	5
0	110	0	93	9	0	7
0	110	0	94	9	0	2
0	110	0	95	9	0	8
0	110	0	96	9	0	13
0	110	0	97	9	0	9
0	110	0	98	9	0	13
0	110	0	99	9	0	4
0	110	0	100	9	0	9
0	110	0	101	9	0	8
0	110	0	102	9	0	7
0	110	0	103	9	0	3
0	110	0	104	9	0	8
0	110	0	105	9	0	6
0	110	0	106	9	0	7
0	110	0	107	9	0	2
0	110	0	108	9	0	3
0	110	0	109	9	0	6
0	110	0	110	9	0	7
0	110	0	111	9	0	11
0	110	0	114	9	0	3
0	110	0	90	8	0	10
0	110	0	91	8	0	4
0	110	0	92	8	0	8
0	110	0	93	8	0	8
0	110	0	94	8	0	9
0	110	0	95	8	0	8
0	110	0	96	8	0	7
0	110	0	97	8	0	7
0	110	0	98	8	0	11
0	110	0	99	8	0	14
0	110	0	100	8	0	18
0	110	0	101	8	0	11
0	110	0	102	8	0	7
0	110	0	103	8	0	9
0	110	0	104	8	0	7
0	110	0	105	8	0	7
0	110	0	106	8	0	10
0	110	0	107	8	0	14
0	110	0	108	8	0	8
0	110	0	109	8	0	9
0	110	0	110	8	0	9
0	110	0	111	8	0	7
0	110	0	112	8	0	8
0	110	0	90	7	0	5
0	110	0	91	7	0	5
0	110	0	92	7	0	9
0	110	0	93	7	0	3
0	110	0	94	7	0	3
0	110	0	95	7	0	14
0	110	0	96	7	0	9
0	110	0	97	7	0	15
0	110	0	98	7	0	7
0	110	0	99	7	0	9
0	110	0	100	7	0	12
0	110	0	101	7	0	13
0	110	0	102	7	0	3
0	110	0	103	7	0	11
0	110	0	104	7	0	10
0	110	0	105	7	0	6
0	110	0	106	7	0	12
0	110	0	107	7	0	12
0	110	0	108	7	0	4
0	110	0	109	7	0	8
0	110	0	110	7	0	4
0	110	0	111	7	0	3
0	110	0	112	7	0	0
0	110	0	90	6	0	9
0	110	0	91	6	0	9
0	110	0	92	6	0	6
0	110	0	93	6	0	6
0	110	0	94	6	0	15
0	110	0	95	6	0	6
0	110	0	96	6	0	9
0	110	0	97	6	0	3
0	110	0	98	6	0	13
0	110	0	99	6	0	8
0	110	0	100	6	0	12
0	110	0	101	6	0	6
0	110	0	102	6	0	6
0	110	0	103	6	0	5
0	110	0	104	6	0	8
0	110	0	105	6	0	7
0	110	0	106	6	0	6
0	110	0	107	6	0	13
0	110	0	108	6	0	12
0	110	0	109	6	0	4
0	110	0	110	6	0	6
0	110	0	111	6	0	2
0	110	0	112	6	0	8
0	110	0	113	6	0	8
0	110	0	90	5	0	7
0	110	0	91	5	0	6
0	110	0	92	5	0	6
0	110	0	93	5	0	6
0	110	0	94	5	0	6
0	110	0	95	5	0	13
0	110	0	96	5	0	14
0	110	0	97	5	0	6
0	110	0	98	5	0	6
0	110	0	99	5	0	4
0	110	0	100	5	0	11
0	110	0	101	5	0	3
0	110	0	102	5	0	9
0	110	0	103	5	0	14
0	110	0	104	5	0	17
0	110	0	105	5	0	8
0	110	0	106	5	0	13
0	110	0	107	5	0	9
0	110	0	108	5	0	12
0	110	0	109	5	0	14
0	110	0	110	5	0	5
0	110	0	111	5	0	10
0	110	0	112	5	0	2
0	110	0	114	5	0	5
0	110	0	92	4	0	9
0	110	0	93	4	0	10
0	110	0	96	4	0	5
0	110	0	97	4	0	4
0	110	0	98	4	0	4
0	110	0	99	4	0	8
0	110	0	100	4	0	12
0	110	0	101	4	0	8
0	110	0	102	4	0	11
0	110	0	104	4	0	6
0	110	0	105	4	0	13
0	110	0	106	4	0	9
0	110	0	107	4	0	4
0	110	0	108	4	0	12
0	110	0	109	4	0	5
0	110	0	110	4	0	8
0	110	0	111	4	0	8
0	110	0	112	4	0	8
0	110	0	110	3	0	11
0	110	0	111	3	0	2
0	111	0	114	17	0	4
0	111	0	111	16	0	3
0	111	0	108	15	0	0
0	111	0	110	15	0	1
0	111	0	111	15	0	1
0	111	0	113	15	0	0
0	111	0	106	14	0	4
0	111	0	107	14	0	4
0	111	0	108	14	0	11
0	111	0	109	14	0	15
0	111	0	110	14	0	0
0	111	0	111	14	0	8
0	111	0	112	14	0	3
0	111	0	113	14	0	3
0	111	0	104	13	0	6
0	111	0	105	13	0	6
0	111	0	106	13	0	8
0	111	0	107	13	0	4
0	111	0	108	13	0	15
0	111	0	109	13	0	6
0	111	0	110	13	0	5
0	111	0	111	13	0	0
0	111	0	112	13	0	0
0	111	0	113	13	0	1
0	111	0	104	12	0	7
0	111	0	105	12	0	7
0	111	0	106	12	0	9
0	111	0	107	12	0	10
0	111	0	108	12	0	10
0	111	0	109	12	0	11
0	111	0	110	12	0	10
0	111	0	111	12	0	4
0	111	0	112	12	0	0
0	111	0	113	12	0	1
0	111	0	99	11	0	7
0	111	0	100	11	0	4
0	111	0	101	11	0	14
0	111	0	102	11	0	4
0	111	0	103	11	0	9
0	111	0	104	11	0	7
0	111	0	105	11	0	7
0	111	0	106	11	0	6
0	111	0	107	11	0	4
0	111	0	108	11	0	12
0	111	0	109	11	0	10
0	111	0	110	11	0	18
0	111	0	111	11	0	7
0	111	0	112	11	0	2
0	111	0	113	11	0	2
0	111	0	114	11	0	3
0	111	0	92	10	0	4
0	111	0	93	10	0	8
0	111	0	94	10	0	3
0	111	0	96	10	0	10
0	111	0	97	10	0	13
0	111	0	98	10	0	3
0	111	0	99	10	0	9
0	111	0	100	10	0	15
0	111	0	101	10	0	4
0	111	0	102	10	0	7
0	111	0	103	10	0	12
0	111	0	104	10	0	13
0	111	0	105	10	0	5
0	111	0	106	10	0	9
0	111	0	107	10	0	6
0	111	0	108	10	0	10
0	111	0	109	10	0	5
0	111	0	110	10	0	8
0	111	0	111	10	0	11
0	111	0	112	10	0	10
0	111	0	113	10	0	8
0	111	0	90	9	0	4
0	111	0	91	9	0	10
0	111	0	92	9	0	7
0	111	0	93	9	0	5
0	111	0	94	9	0	3
0	111	0	95	9	0	8
0	111	0	96	9	0	14
0	111	0	97	9	0	7
0	111	0	98	9	0	11
0	111	0	99	9	0	6
0	111	0	100	9	0	12
0	111	0	101	9	0	6
0	111	0	102	9	0	4
0	111	0	103	9	0	5
0	111	0	104	9	0	10
0	111	0	105	9	0	5
0	111	0	106	9	0	9
0	111	0	107	9	0	1
0	111	0	108	9	0	4
0	111	0	109	9	0	10
0	111	0	110	9	0	10
0	111	0	111	9	0	13
0	111	0	112	9	0	1
0	111	0	114	9	0	2
0	111	0	90	8	0	9
0	111	0	91	8	0	7
0	111	0	92	8	0	10
0	111	0	93	8	0	7
0	111	0	94	8	0	10
0	111	0	95	8	0	5
0	111	0	96	8	0	6
0	111	0	97	8	0	9
0	111	0	98	8	0	9
0	111	0	99	8	0	11
0	111	0	100	8	0	12
0	111	0	101	8	0	8
0	111	0	102	8	0	7
0	111	0	103	8	0	6
0	111	0	104	8	0	9
0	111	0	105	8	0	6
0	111	0	106	8	0	10
0	111	0	107	8	0	10
0	111	0	108	8	0	7
0	111	0	109	8	0	13
0	111	0	110	8	0	7
0	111	0	111	8	0	4
0	111	0	112	8	0	6
0	111	0	90	7	0	5
0	111	0	91	7	0	8
0	111	0	92	7	0	4
0	111	0	93	7	0	2
0	111	0	94	7	0	6
0	111	0	95	7	0	6
0	111	0	96	7	0	9
0	111	0	97	7	0	12
0	111	0	98	7	0	7
0	111	0	99	7	0	6
0	111	0	100	7	0	14
0	111	0	101	7	0	9
0	111	0	102	7	0	5
0	111	0	103	7	0	14
0	111	0	104	7	0	10
0	111	0	105	7	0	8
0	111	0	106	7	0	11
0	111	0	107	7	0	20
0	111	0	108	7	0	5
0	111	0	109	7	0	10
0	111	0	110	7	0	6
0	111	0	111	7	0	6
0	111	0	112	7	0	0
0	111	0	90	6	0	8
0	111	0	91	6	0	13
0	111	0	92	6	0	5
0	111	0	93	6	0	2
0	111	0	94	6	0	11
0	111	0	95	6	0	7
0	111	0	96	6	0	8
0	111	0	97	6	0	1
0	111	0	98	6	0	9
0	111	0	99	6	0	10
0	111	0	100	6	0	17
0	111	0	101	6	0	8
0	111	0	102	6	0	4
0	111	0	103	6	0	5
0	111	0	104	6	0	11
0	111	0	105	6	0	9
0	111	0	106	6	0	12
0	111	0	107	6	0	13
0	111	0	108	6	0	11
0	111	0	109	6	0	2
0	111	0	110	6	0	9
0	111	0	111	6	0	2
0	111	0	112	6	0	11
0	111	0	113	6	0	7
0	111	0	90	5	0	4
0	111	0	91	5	0	3
0	111	0	92	5	0	8
0	111	0	93	5	0	7
0	111	0	94	5	0	6
0	111	0	95	5	0	6
0	111	0	96	5	0	15
0	111	0	97	5	0	7
0	111	0	98	5	0	5
0	111	0	99	5	0	4
0	111	0	100	5	0	14
0	111	0	101	5	0	6
0	111	0	102	5	0	14
0	111	0	103	5	0	16
0	111	0	104	5	0	14
0	111	0	105	5	0	7
0	111	0	106	5	0	14
0	111	0	107	5	0	11
0	111	0	108	5	0	15
0	111	0	109	5	0	14
0	111	0	110	5	0	6
0	111	0	111	5	0	10
0	111	0	112	5	0	0
0	111	0	114	5	0	7
0	111	0	92	4	0	8
0	111	0	93	4	0	6
0	111	0	96	4	0	5
0	111	0	97	4	0	9
0	111	0	98	4	0	4
0	111	0	99	4	0	7
0	111	0	100	4	0	8
0	111	0	101	4	0	6
0	111	0	102	4	0	14
0	111	0	104	4	0	5
0	111	0	105	4	0	10
0	111	0	106	4	0	8
0	111	0	107	4	0	6
0	111	0	108	4	0	9
0	111	0	109	4	0	3
0	111	0	110	4	0	6
0	111	0	111	4	0	3
0	111	0	112	4	0	8
0	111	0	113	4	0	1
0	111	0	110	3	0	13
0	111	0	111	3	0	5
0	112	0	114	18	0	1
0	112	0	114	17	0	4
0	112	0	111	16	0	7
0	112	0	108	15	0	1
0	112	0	110	15	0	2
0	112	0	111	15	0	1
0	112	0	112	15	0	1
0	112	0	113	15	0	0
0	112	0	106	14	0	5
0	112	0	107	14	0	5
0	112	0	108	14	0	9
0	112	0	109	14	0	11
0	112	0	110	14	0	1
0	112	0	111	14	0	9
0	112	0	112	14	0	5
0	112	0	113	14	0	3
0	112	0	104	13	0	5
0	112	0	105	13	0	9
0	112	0	106	13	0	4
0	112	0	107	13	0	11
0	112	0	108	13	0	19
0	112	0	109	13	0	5
0	112	0	110	13	0	7
0	112	0	111	13	0	1
0	112	0	112	13	0	0
0	112	0	113	13	0	2
0	112	0	104	12	0	12
0	112	0	105	12	0	10
0	112	0	106	12	0	8
0	112	0	107	12	0	8
0	112	0	108	12	0	10
0	112	0	109	12	0	9
0	112	0	110	12	0	9
0	112	0	111	12	0	3
0	112	0	112	12	0	2
0	112	0	113	12	0	1
0	112	0	99	11	0	6
0	112	0	100	11	0	5
0	112	0	101	11	0	12
0	112	0	102	11	0	7
0	112	0	103	11	0	5
0	112	0	104	11	0	8
0	112	0	105	11	0	5
0	112	0	106	11	0	8
0	112	0	107	11	0	6
0	112	0	108	11	0	7
0	112	0	109	11	0	10
0	112	0	110	11	0	22
0	112	0	111	11	0	5
0	112	0	112	11	0	7
0	112	0	113	11	0	3
0	112	0	114	11	0	3
0	112	0	92	10	0	2
0	112	0	93	10	0	10
0	112	0	94	10	0	4
0	112	0	96	10	0	12
0	112	0	97	10	0	11
0	112	0	98	10	0	2
0	112	0	99	10	0	5
0	112	0	100	10	0	16
0	112	0	101	10	0	8
0	112	0	102	10	0	8
0	112	0	103	10	0	13
0	112	0	104	10	0	14
0	112	0	105	10	0	12
0	112	0	106	10	0	15
0	112	0	107	10	0	9
0	112	0	108	10	0	10
0	112	0	109	10	0	6
0	112	0	110	10	0	12
0	112	0	111	10	0	8
0	112	0	112	10	0	12
0	112	0	113	10	0	7
0	112	0	90	9	0	2
0	112	0	91	9	0	9
0	112	0	92	9	0	5
0	112	0	93	9	0	5
0	112	0	94	9	0	4
0	112	0	95	9	0	7
0	112	0	96	9	0	9
0	112	0	97	9	0	11
0	112	0	98	9	0	10
0	112	0	99	9	0	4
0	112	0	100	9	0	20
0	112	0	101	9	0	3
0	112	0	102	9	0	6
0	112	0	103	9	0	6
0	112	0	104	9	0	11
0	112	0	105	9	0	7
0	112	0	106	9	0	8
0	112	0	107	9	0	2
0	112	0	108	9	0	5
0	112	0	109	9	0	8
0	112	0	110	9	0	13
0	112	0	111	9	0	8
0	112	0	112	9	0	2
0	112	0	114	9	0	4
0	112	0	90	8	0	7
0	112	0	91	8	0	11
0	112	0	92	8	0	8
0	112	0	93	8	0	12
0	112	0	94	8	0	10
0	112	0	95	8	0	10
0	112	0	96	8	0	4
0	112	0	97	8	0	9
0	112	0	98	8	0	8
0	112	0	99	8	0	9
0	112	0	100	8	0	16
0	112	0	101	8	0	9
0	112	0	102	8	0	8
0	112	0	103	8	0	8
0	112	0	104	8	0	4
0	112	0	105	8	0	6
0	112	0	106	8	0	11
0	112	0	107	8	0	6
0	112	0	108	8	0	9
0	112	0	109	8	0	8
0	112	0	110	8	0	6
0	112	0	111	8	0	4
0	112	0	112	8	0	12
0	112	0	90	7	0	9
0	112	0	91	7	0	7
0	112	0	92	7	0	4
0	112	0	93	7	0	2
0	112	0	94	7	0	8
0	112	0	95	7	0	4
0	112	0	96	7	0	13
0	112	0	97	7	0	16
0	112	0	98	7	0	6
0	112	0	99	7	0	9
0	112	0	100	7	0	14
0	112	0	101	7	0	5
0	112	0	102	7	0	10
0	112	0	103	7	0	18
0	112	0	104	7	0	4
0	112	0	105	7	0	9
0	112	0	106	7	0	13
0	112	0	107	7	0	15
0	112	0	108	7	0	9
0	112	0	109	7	0	8
0	112	0	110	7	0	9
0	112	0	111	7	0	6
0	112	0	112	7	0	1
0	112	0	90	6	0	14
0	112	0	91	6	0	13
0	112	0	92	6	0	4
0	112	0	93	6	0	4
0	112	0	94	6	0	8
0	112	0	95	6	0	5
0	112	0	96	6	0	9
0	112	0	97	6	0	0
0	112	0	98	6	0	14
0	112	0	99	6	0	11
0	112	0	100	6	0	11
0	112	0	101	6	0	6
0	112	0	102	6	0	8
0	112	0	103	6	0	5
0	112	0	104	6	0	12
0	112	0	105	6	0	12
0	112	0	106	6	0	7
0	112	0	107	6	0	11
0	112	0	108	6	0	7
0	112	0	109	6	0	3
0	112	0	110	6	0	7
0	112	0	111	6	0	2
0	112	0	112	6	0	9
0	112	0	113	6	0	6
0	112	0	114	6	0	1
0	112	0	90	5	0	4
0	112	0	91	5	0	8
0	112	0	92	5	0	6
0	112	0	93	5	0	7
0	112	0	94	5	0	3
0	112	0	95	5	0	5
0	112	0	96	5	0	10
0	112	0	97	5	0	6
0	112	0	98	5	0	7
0	112	0	99	5	0	6
0	112	0	100	5	0	16
0	112	0	101	5	0	6
0	112	0	102	5	0	10
0	112	0	103	5	0	14
0	112	0	104	5	0	15
0	112	0	105	5	0	3
0	112	0	106	5	0	9
0	112	0	107	5	0	13
0	112	0	108	5	0	14
0	112	0	109	5	0	16
0	112	0	110	5	0	4
0	112	0	111	5	0	11
0	112	0	112	5	0	1
0	112	0	114	5	0	10
0	112	0	92	4	0	4
0	112	0	93	4	0	5
0	112	0	96	4	0	4
0	112	0	97	4	0	8
0	112	0	98	4	0	2
0	112	0	99	4	0	3
0	112	0	100	4	0	8
0	112	0	101	4	0	9
0	112	0	102	4	0	11
0	112	0	104	4	0	11
0	112	0	105	4	0	8
0	112	0	106	4	0	10
0	112	0	107	4	0	5
0	112	0	108	4	0	12
0	112	0	109	4	0	1
0	112	0	110	4	0	6
0	112	0	111	4	0	5
0	112	0	112	4	0	6
0	112	0	113	4	0	0
0	112	0	110	3	0	11
0	112	0	111	3	0	5
0	113	0	114	18	0	0
0	113	0	114	17	0	2
0	113	0	116	17	0	1
0	113	0	111	16	0	7
0	113	0	115	16	0	1
0	113	0	108	15	0	0
0	113	0	110	15	0	1
0	113	0	111	15	0	1
0	113	0	112	15	0	2
0	113	0	113	15	0	0
0	113	0	106	14	0	5
0	113	0	107	14	0	3
0	113	0	108	14	0	7
0	113	0	109	14	0	7
0	113	0	110	14	0	0
0	113	0	111	14	0	6
0	113	0	112	14	0	3
0	113	0	113	14	0	5
0	113	0	104	13	0	10
0	113	0	105	13	0	9
0	113	0	106	13	0	3
0	113	0	107	13	0	8
0	113	0	108	13	0	15
0	113	0	109	13	0	7
0	113	0	110	13	0	8
0	113	0	111	13	0	2
0	113	0	112	13	0	1
0	113	0	113	13	0	3
0	113	0	104	12	0	11
0	113	0	105	12	0	7
0	113	0	106	12	0	10
0	113	0	107	12	0	6
0	113	0	108	12	0	11
0	113	0	109	12	0	10
0	113	0	110	12	0	8
0	113	0	111	12	0	2
0	113	0	112	12	0	2
0	113	0	113	12	0	0
0	113	0	99	11	0	5
0	113	0	100	11	0	4
0	113	0	101	11	0	7
0	113	0	102	11	0	8
0	113	0	103	11	0	5
0	113	0	104	11	0	6
0	113	0	105	11	0	6
0	113	0	106	11	0	9
0	113	0	107	11	0	6
0	113	0	108	11	0	5
0	113	0	109	11	0	10
0	113	0	110	11	0	15
0	113	0	111	11	0	6
0	113	0	112	11	0	9
0	113	0	113	11	0	4
0	113	0	114	11	0	10
0	113	0	92	10	0	3
0	113	0	93	10	0	13
0	113	0	94	10	0	9
0	113	0	96	10	0	8
0	113	0	97	10	0	9
0	113	0	98	10	0	6
0	113	0	99	10	0	6
0	113	0	100	10	0	22
0	113	0	101	10	0	13
0	113	0	102	10	0	5
0	113	0	103	10	0	16
0	113	0	104	10	0	15
0	113	0	105	10	0	9
0	113	0	106	10	0	14
0	113	0	107	10	0	5
0	113	0	108	10	0	8
0	113	0	109	10	0	8
0	113	0	110	10	0	10
0	113	0	111	10	0	7
0	113	0	112	10	0	7
0	113	0	113	10	0	10
0	113	0	90	9	0	2
0	113	0	91	9	0	9
0	113	0	92	9	0	6
0	113	0	93	9	0	2
0	113	0	94	9	0	3
0	113	0	95	9	0	8
0	113	0	96	9	0	10
0	113	0	97	9	0	21
0	113	0	98	9	0	7
0	113	0	99	9	0	3
0	113	0	100	9	0	8
0	113	0	101	9	0	1
0	113	0	102	9	0	4
0	113	0	103	9	0	16
0	113	0	104	9	0	9
0	113	0	105	9	0	7
0	113	0	106	9	0	5
0	113	0	107	9	0	1
0	113	0	108	9	0	7
0	113	0	109	9	0	5
0	113	0	110	9	0	15
0	113	0	111	9	0	10
0	113	0	112	9	0	3
0	113	0	114	9	0	4
0	113	0	90	8	0	6
0	113	0	91	8	0	14
0	113	0	92	8	0	10
0	113	0	93	8	0	8
0	113	0	94	8	0	12
0	113	0	95	8	0	7
0	113	0	96	8	0	5
0	113	0	97	8	0	10
0	113	0	98	8	0	10
0	113	0	99	8	0	15
0	113	0	100	8	0	9
0	113	0	101	8	0	10
0	113	0	102	8	0	10
0	113	0	103	8	0	9
0	113	0	104	8	0	6
0	113	0	105	8	0	6
0	113	0	106	8	0	9
0	113	0	107	8	0	4
0	113	0	108	8	0	11
0	113	0	109	8	0	16
0	113	0	110	8	0	10
0	113	0	111	8	0	4
0	113	0	112	8	0	10
0	113	0	90	7	0	10
0	113	0	91	7	0	5
0	113	0	92	7	0	5
0	113	0	93	7	0	1
0	113	0	94	7	0	8
0	113	0	95	7	0	4
0	113	0	96	7	0	10
0	113	0	97	7	0	17
0	113	0	98	7	0	7
0	113	0	99	7	0	9
0	113	0	100	7	0	14
0	113	0	101	7	0	9
0	113	0	102	7	0	7
0	113	0	103	7	0	13
0	113	0	104	7	0	3
0	113	0	105	7	0	7
0	113	0	106	7	0	13
0	113	0	107	7	0	13
0	113	0	108	7	0	7
0	113	0	109	7	0	5
0	113	0	110	7	0	14
0	113	0	111	7	0	6
0	113	0	112	7	0	0
0	113	0	90	6	0	9
0	113	0	91	6	0	21
0	113	0	92	6	0	8
0	113	0	93	6	0	4
0	113	0	94	6	0	11
0	113	0	95	6	0	3
0	113	0	96	6	0	4
0	113	0	97	6	0	0
0	113	0	98	6	0	14
0	113	0	99	6	0	11
0	113	0	100	6	0	7
0	113	0	101	6	0	7
0	113	0	102	6	0	9
0	113	0	103	6	0	3
0	113	0	104	6	0	14
0	113	0	105	6	0	10
0	113	0	106	6	0	9
0	113	0	107	6	0	9
0	113	0	108	6	0	6
0	113	0	109	6	0	5
0	113	0	110	6	0	9
0	113	0	111	6	0	2
0	113	0	112	6	0	8
0	113	0	113	6	0	6
0	113	0	114	6	0	0
0	113	0	90	5	0	6
0	113	0	91	5	0	10
0	113	0	92	5	0	1
0	113	0	93	5	0	5
0	113	0	94	5	0	2
0	113	0	95	5	0	4
0	113	0	96	5	0	12
0	113	0	97	5	0	14
0	113	0	98	5	0	7
0	113	0	99	5	0	9
0	113	0	100	5	0	7
0	113	0	101	5	0	4
0	113	0	102	5	0	12
0	113	0	103	5	0	8
0	113	0	104	5	0	16
0	113	0	105	5	0	6
0	113	0	106	5	0	14
0	113	0	107	5	0	10
0	113	0	108	5	0	5
0	113	0	109	5	0	8
0	113	0	110	5	0	6
0	113	0	111	5	0	2
0	113	0	112	5	0	2
0	113	0	113	5	0	1
0	113	0	114	5	0	12
0	113	0	92	4	0	10
0	113	0	93	4	0	9
0	113	0	96	4	0	7
0	113	0	97	4	0	5
0	113	0	98	4	0	2
0	113	0	99	4	0	3
0	113	0	100	4	0	9
0	113	0	101	4	0	8
0	113	0	102	4	0	10
0	113	0	104	4	0	9
0	113	0	105	4	0	10
0	113	0	106	4	0	8
0	113	0	107	4	0	5
0	113	0	108	4	0	4
0	113	0	109	4	0	2
0	113	0	110	4	0	4
0	113	0	111	4	0	7
0	113	0	112	4	0	10
0	113	0	113	4	0	0
0	113	0	116	4	0	1
0	113	0	110	3	0	9
0	113	0	111	3	0	2
0	114	0	114	18	0	0
0	114	0	114	17	0	2
0	114	0	116	17	0	1
0	114	0	110	16	0	1
0	114	0	111	16	0	8
0	114	0	115	16	0	1
0	114	0	108	15	0	0
0	114	0	110	15	0	0
0	114	0	111	15	0	3
0	114	0	112	15	0	2
0	114	0	113	15	0	0
0	114	0	106	14	0	4
0	114	0	107	14	0	1
0	114	0	108	14	0	11
0	114	0	109	14	0	5
0	114	0	110	14	0	0
0	114	0	111	14	0	6
0	114	0	112	14	0	4
0	114	0	113	14	0	6
0	114	0	104	13	0	9
0	114	0	105	13	0	13
0	114	0	106	13	0	6
0	114	0	107	13	0	9
0	114	0	108	13	0	16
0	114	0	109	13	0	12
0	114	0	110	13	0	9
0	114	0	111	13	0	1
0	114	0	112	13	0	0
0	114	0	113	13	0	4
0	114	0	104	12	0	12
0	114	0	105	12	0	7
0	114	0	106	12	0	6
0	114	0	107	12	0	7
0	114	0	108	12	0	10
0	114	0	109	12	0	10
0	114	0	110	12	0	8
0	114	0	111	12	0	8
0	114	0	112	12	0	5
0	114	0	113	12	0	0
0	114	0	99	11	0	12
0	114	0	100	11	0	5
0	114	0	101	11	0	8
0	114	0	102	11	0	22
0	114	0	103	11	0	3
0	114	0	104	11	0	10
0	114	0	105	11	0	9
0	114	0	106	11	0	9
0	114	0	107	11	0	4
0	114	0	108	11	0	10
0	114	0	109	11	0	9
0	114	0	110	11	0	9
0	114	0	111	11	0	5
0	114	0	112	11	0	7
0	114	0	113	11	0	7
0	114	0	114	11	0	11
0	114	0	92	10	0	4
0	114	0	93	10	0	8
0	114	0	94	10	0	11
0	114	0	96	10	0	8
0	114	0	97	10	0	13
0	114	0	98	10	0	4
0	114	0	99	10	0	8
0	114	0	100	10	0	21
0	114	0	101	10	0	17
0	114	0	102	10	0	6
0	114	0	103	10	0	11
0	114	0	104	10	0	11
0	114	0	105	10	0	11
0	114	0	106	10	0	12
0	114	0	107	10	0	4
0	114	0	108	10	0	5
0	114	0	109	10	0	6
0	114	0	110	10	0	5
0	114	0	111	10	0	10
0	114	0	112	10	0	7
0	114	0	113	10	0	7
0	114	0	114	10	0	2
0	114	0	90	9	0	0
0	114	0	91	9	0	7
0	114	0	92	9	0	5
0	114	0	93	9	0	4
0	114	0	94	9	0	8
0	114	0	95	9	0	7
0	114	0	96	9	0	6
0	114	0	97	9	0	18
0	114	0	98	9	0	11
0	114	0	99	9	0	4
0	114	0	100	9	0	8
0	114	0	101	9	0	0
0	114	0	102	9	0	3
0	114	0	103	9	0	18
0	114	0	104	9	0	10
0	114	0	105	9	0	9
0	114	0	106	9	0	2
0	114	0	107	9	0	0
0	114	0	108	9	0	5
0	114	0	109	9	0	7
0	114	0	110	9	0	12
0	114	0	111	9	0	8
0	114	0	112	9	0	5
0	114	0	113	9	0	2
0	114	0	114	9	0	7
0	114	0	90	8	0	4
0	114	0	91	8	0	6
0	114	0	92	8	0	7
0	114	0	93	8	0	10
0	114	0	94	8	0	7
0	114	0	95	8	0	7
0	114	0	96	8	0	8
0	114	0	97	8	0	9
0	114	0	98	8	0	11
0	114	0	99	8	0	17
0	114	0	100	8	0	6
0	114	0	101	8	0	11
0	114	0	102	8	0	7
0	114	0	103	8	0	10
0	114	0	104	8	0	8
0	114	0	105	8	0	11
0	114	0	106	8	0	4
0	114	0	107	8	0	2
0	114	0	108	8	0	13
0	114	0	109	8	0	10
0	114	0	110	8	0	16
0	114	0	111	8	0	7
0	114	0	112	8	0	10
0	114	0	90	7	0	8
0	114	0	91	7	0	12
0	114	0	92	7	0	5
0	114	0	93	7	0	0
0	114	0	94	7	0	8
0	114	0	95	7	0	3
0	114	0	96	7	0	13
0	114	0	97	7	0	11
0	114	0	98	7	0	13
0	114	0	99	7	0	11
0	114	0	100	7	0	10
0	114	0	101	7	0	12
0	114	0	102	7	0	4
0	114	0	103	7	0	12
0	114	0	104	7	0	5
0	114	0	105	7	0	10
0	114	0	106	7	0	11
0	114	0	107	7	0	9
0	114	0	108	7	0	9
0	114	0	109	7	0	9
0	114	0	110	7	0	6
0	114	0	111	7	0	7
0	114	0	112	7	0	0
0	114	0	90	6	0	7
0	114	0	91	6	0	11
0	114	0	92	6	0	10
0	114	0	93	6	0	4
0	114	0	94	6	0	12
0	114	0	95	6	0	3
0	114	0	96	6	0	5
0	114	0	97	6	0	1
0	114	0	98	6	0	8
0	114	0	99	6	0	13
0	114	0	100	6	0	9
0	114	0	101	6	0	9
0	114	0	102	6	0	8
0	114	0	103	6	0	6
0	114	0	104	6	0	9
0	114	0	105	6	0	7
0	114	0	106	6	0	12
0	114	0	107	6	0	13
0	114	0	108	6	0	7
0	114	0	109	6	0	7
0	114	0	110	6	0	9
0	114	0	111	6	0	5
0	114	0	112	6	0	9
0	114	0	113	6	0	5
0	114	0	114	6	0	0
0	114	0	90	5	0	7
0	114	0	91	5	0	8
0	114	0	92	5	0	0
0	114	0	93	5	0	11
0	114	0	94	5	0	6
0	114	0	95	5	0	5
0	114	0	96	5	0	14
0	114	0	97	5	0	15
0	114	0	98	5	0	5
0	114	0	99	5	0	10
0	114	0	100	5	0	5
0	114	0	101	5	0	2
0	114	0	102	5	0	18
0	114	0	103	5	0	5
0	114	0	104	5	0	15
0	114	0	105	5	0	8
0	114	0	106	5	0	8
0	114	0	107	5	0	6
0	114	0	108	5	0	5
0	114	0	109	5	0	10
0	114	0	110	5	0	5
0	114	0	111	5	0	2
0	114	0	112	5	0	6
0	114	0	113	5	0	0
0	114	0	114	5	0	16
0	114	0	92	4	0	13
0	114	0	93	4	0	7
0	114	0	96	4	0	9
0	114	0	97	4	0	7
0	114	0	98	4	0	5
0	114	0	99	4	0	6
0	114	0	100	4	0	7
0	114	0	101	4	0	8
0	114	0	102	4	0	15
0	114	0	104	4	0	5
0	114	0	105	4	0	7
0	114	0	106	4	0	5
0	114	0	107	4	0	7
0	114	0	108	4	0	3
0	114	0	109	4	0	3
0	114	0	110	4	0	2
0	114	0	111	4	0	8
0	114	0	112	4	0	3
0	114	0	113	4	0	1
0	114	0	116	4	0	0
0	114	0	110	3	0	11
0	114	0	111	3	0	4
0	115	0	114	18	0	0
0	115	0	114	17	0	2
0	115	0	116	17	0	0
0	115	0	110	16	0	2
0	115	0	111	16	0	10
0	115	0	115	16	0	1
0	115	0	108	15	0	1
0	115	0	109	15	0	1
0	115	0	110	15	0	0
0	115	0	111	15	0	3
0	115	0	112	15	0	3
0	115	0	113	15	0	0
0	115	0	106	14	0	3
0	115	0	107	14	0	3
0	115	0	108	14	0	15
0	115	0	109	14	0	5
0	115	0	110	14	0	1
0	115	0	111	14	0	7
0	115	0	112	14	0	7
0	115	0	113	14	0	10
0	115	0	104	13	0	7
0	115	0	105	13	0	10
0	115	0	106	13	0	7
0	115	0	107	13	0	6
0	115	0	108	13	0	17
0	115	0	109	13	0	14
0	115	0	110	13	0	6
0	115	0	111	13	0	1
0	115	0	112	13	0	1
0	115	0	113	13	0	6
0	115	0	104	12	0	5
0	115	0	105	12	0	11
0	115	0	106	12	0	5
0	115	0	107	12	0	7
0	115	0	108	12	0	12
0	115	0	109	12	0	18
0	115	0	110	12	0	3
0	115	0	111	12	0	3
0	115	0	112	12	0	8
0	115	0	113	12	0	1
0	115	0	99	11	0	12
0	115	0	100	11	0	5
0	115	0	101	11	0	11
0	115	0	102	11	0	17
0	115	0	103	11	0	4
0	115	0	104	11	0	13
0	115	0	105	11	0	8
0	115	0	106	11	0	11
0	115	0	107	11	0	6
0	115	0	108	11	0	3
0	115	0	109	11	0	8
0	115	0	110	11	0	10
0	115	0	111	11	0	7
0	115	0	112	11	0	8
0	115	0	113	11	0	12
0	115	0	114	11	0	8
0	115	0	115	11	0	1
0	115	0	92	10	0	5
0	115	0	93	10	0	4
0	115	0	94	10	0	11
0	115	0	96	10	0	7
0	115	0	97	10	0	13
0	115	0	98	10	0	5
0	115	0	99	10	0	8
0	115	0	100	10	0	10
0	115	0	101	10	0	14
0	115	0	102	10	0	12
0	115	0	103	10	0	12
0	115	0	104	10	0	15
0	115	0	105	10	0	10
0	115	0	106	10	0	9
0	115	0	107	10	0	6
0	115	0	108	10	0	8
0	115	0	109	10	0	7
0	115	0	110	10	0	8
0	115	0	111	10	0	8
0	115	0	112	10	0	8
0	115	0	113	10	0	9
0	115	0	114	10	0	1
0	115	0	90	9	0	0
0	115	0	91	9	0	5
0	115	0	92	9	0	5
0	115	0	93	9	0	2
0	115	0	94	9	0	13
0	115	0	95	9	0	10
0	115	0	96	9	0	7
0	115	0	97	9	0	16
0	115	0	98	9	0	10
0	115	0	99	9	0	4
0	115	0	100	9	0	7
0	115	0	101	9	0	0
0	115	0	102	9	0	2
0	115	0	103	9	0	13
0	115	0	104	9	0	5
0	115	0	105	9	0	10
0	115	0	106	9	0	2
0	115	0	107	9	0	1
0	115	0	108	9	0	7
0	115	0	109	9	0	8
0	115	0	110	9	0	8
0	115	0	111	9	0	6
0	115	0	112	9	0	11
0	115	0	113	9	0	2
0	115	0	114	9	0	11
0	115	0	90	8	0	6
0	115	0	91	8	0	5
0	115	0	92	8	0	5
0	115	0	93	8	0	8
0	115	0	94	8	0	7
0	115	0	95	8	0	10
0	115	0	96	8	0	7
0	115	0	97	8	0	9
0	115	0	98	8	0	11
0	115	0	99	8	0	10
0	115	0	100	8	0	10
0	115	0	101	8	0	12
0	115	0	102	8	0	7
0	115	0	103	8	0	12
0	115	0	104	8	0	9
0	115	0	105	8	0	10
0	115	0	106	8	0	6
0	115	0	107	8	0	2
0	115	0	108	8	0	9
0	115	0	109	8	0	13
0	115	0	110	8	0	9
0	115	0	111	8	0	3
0	115	0	112	8	0	6
0	115	0	113	8	0	1
0	115	0	90	7	0	9
0	115	0	91	7	0	10
0	115	0	92	7	0	6
0	115	0	93	7	0	0
0	115	0	94	7	0	2
0	115	0	95	7	0	6
0	115	0	96	7	0	11
0	115	0	97	7	0	13
0	115	0	98	7	0	15
0	115	0	99	7	0	10
0	115	0	100	7	0	12
0	115	0	101	7	0	14
0	115	0	102	7	0	10
0	115	0	103	7	0	12
0	115	0	104	7	0	9
0	115	0	105	7	0	8
0	115	0	106	7	0	13
0	115	0	107	7	0	6
0	115	0	108	7	0	9
0	115	0	109	7	0	11
0	115	0	110	7	0	7
0	115	0	111	7	0	7
0	115	0	112	7	0	0
0	115	0	90	6	0	8
0	115	0	91	6	0	14
0	115	0	92	6	0	6
0	115	0	93	6	0	7
0	115	0	94	6	0	13
0	115	0	95	6	0	4
0	115	0	96	6	0	10
0	115	0	97	6	0	0
0	115	0	98	6	0	14
0	115	0	99	6	0	9
0	115	0	100	6	0	11
0	115	0	101	6	0	9
0	115	0	102	6	0	8
0	115	0	103	6	0	9
0	115	0	104	6	0	9
0	115	0	105	6	0	7
0	115	0	106	6	0	12
0	115	0	107	6	0	16
0	115	0	108	6	0	5
0	115	0	109	6	0	8
0	115	0	110	6	0	3
0	115	0	111	6	0	4
0	115	0	112	6	0	7
0	115	0	113	6	0	9
0	115	0	114	6	0	0
0	115	0	90	5	0	13
0	115	0	91	5	0	9
0	115	0	92	5	0	0
0	115	0	93	5	0	9
0	115	0	94	5	0	3
0	115	0	95	5	0	4
0	115	0	96	5	0	14
0	115	0	97	5	0	10
0	115	0	98	5	0	5
0	115	0	99	5	0	18
0	115	0	100	5	0	4
0	115	0	101	5	0	0
0	115	0	102	5	0	11
0	115	0	103	5	0	4
0	115	0	104	5	0	10
0	115	0	105	5	0	8
0	115	0	106	5	0	7
0	115	0	107	5	0	7
0	115	0	108	5	0	7
0	115	0	109	5	0	6
0	115	0	110	5	0	6
0	115	0	111	5	0	4
0	115	0	112	5	0	8
0	115	0	113	5	0	1
0	115	0	114	5	0	6
0	115	0	92	4	0	11
0	115	0	93	4	0	9
0	115	0	96	4	0	19
0	115	0	97	4	0	11
0	115	0	98	4	0	3
0	115	0	99	4	0	5
0	115	0	100	4	0	4
0	115	0	101	4	0	9
0	115	0	102	4	0	13
0	115	0	104	4	0	10
0	115	0	105	4	0	10
0	115	0	106	4	0	4
0	115	0	107	4	0	8
0	115	0	108	4	0	6
0	115	0	109	4	0	0
0	115	0	110	4	0	3
0	115	0	111	4	0	5
0	115	0	112	4	0	2
0	115	0	113	4	0	0
0	115	0	116	4	0	0
0	115	0	110	3	0	7
0	115	0	111	3	0	4
0	116	0	114	18	0	0
0	116	0	114	17	0	5
0	116	0	116	17	0	0
0	116	0	110	16	0	3
0	116	0	111	16	0	8
0	116	0	115	16	0	0
0	116	0	108	15	0	4
0	116	0	109	15	0	2
0	116	0	110	15	0	0
0	116	0	111	15	0	1
0	116	0	112	15	0	5
0	116	0	113	15	0	0
0	116	0	106	14	0	5
0	116	0	107	14	0	9
0	116	0	108	14	0	12
0	116	0	109	14	0	9
0	116	0	110	14	0	3
0	116	0	111	14	0	4
0	116	0	112	14	0	10
0	116	0	113	14	0	9
0	116	0	104	13	0	6
0	116	0	105	13	0	11
0	116	0	106	13	0	5
0	116	0	107	13	0	5
0	116	0	108	13	0	13
0	116	0	109	13	0	16
0	116	0	110	13	0	6
0	116	0	111	13	0	3
0	116	0	112	13	0	0
0	116	0	113	13	0	9
0	116	0	104	12	0	4
0	116	0	105	12	0	6
0	116	0	106	12	0	6
0	116	0	107	12	0	11
0	116	0	108	12	0	13
0	116	0	109	12	0	13
0	116	0	110	12	0	5
0	116	0	111	12	0	8
0	116	0	112	12	0	12
0	116	0	113	12	0	1
0	116	0	115	12	0	1
0	116	0	99	11	0	10
0	116	0	100	11	0	5
0	116	0	101	11	0	7
0	116	0	102	11	0	18
0	116	0	103	11	0	3
0	116	0	104	11	0	14
0	116	0	105	11	0	5
0	116	0	106	11	0	14
0	116	0	107	11	0	5
0	116	0	108	11	0	3
0	116	0	109	11	0	12
0	116	0	110	11	0	10
0	116	0	111	11	0	10
0	116	0	112	11	0	12
0	116	0	113	11	0	13
0	116	0	114	11	0	8
0	116	0	115	11	0	0
0	116	0	92	10	0	14
0	116	0	93	10	0	2
0	116	0	94	10	0	9
0	116	0	96	10	0	5
0	116	0	97	10	0	11
0	116	0	98	10	0	10
0	116	0	99	10	0	7
0	116	0	100	10	0	8
0	116	0	101	10	0	15
0	116	0	102	10	0	5
0	116	0	103	10	0	14
0	116	0	104	10	0	16
0	116	0	105	10	0	8
0	116	0	106	10	0	11
0	116	0	107	10	0	4
0	116	0	108	10	0	10
0	116	0	109	10	0	8
0	116	0	110	10	0	9
0	116	0	111	10	0	5
0	116	0	112	10	0	8
0	116	0	113	10	0	10
0	116	0	114	10	0	3
0	116	0	117	10	0	1
0	116	0	90	9	0	0
0	116	0	91	9	0	5
0	116	0	92	9	0	12
0	116	0	93	9	0	2
0	116	0	94	9	0	12
0	116	0	95	9	0	7
0	116	0	96	9	0	9
0	116	0	97	9	0	14
0	116	0	98	9	0	7
0	116	0	99	9	0	2
0	116	0	100	9	0	4
0	116	0	101	9	0	1
0	116	0	102	9	0	0
0	116	0	103	9	0	6
0	116	0	104	9	0	6
0	116	0	105	9	0	11
0	116	0	106	9	0	6
0	116	0	107	9	0	2
0	116	0	108	9	0	10
0	116	0	109	9	0	10
0	116	0	110	9	0	8
0	116	0	111	9	0	10
0	116	0	112	9	0	6
0	116	0	113	9	0	5
0	116	0	114	9	0	9
0	116	0	115	9	0	1
0	116	0	90	8	0	6
0	116	0	91	8	0	7
0	116	0	92	8	0	4
0	116	0	93	8	0	7
0	116	0	94	8	0	8
0	116	0	95	8	0	6
0	116	0	96	8	0	7
0	116	0	97	8	0	6
0	116	0	98	8	0	10
0	116	0	99	8	0	6
0	116	0	100	8	0	10
0	116	0	101	8	0	14
0	116	0	102	8	0	5
0	116	0	103	8	0	5
0	116	0	104	8	0	5
0	116	0	105	8	0	9
0	116	0	106	8	0	10
0	116	0	107	8	0	2
0	116	0	108	8	0	8
0	116	0	109	8	0	12
0	116	0	110	8	0	5
0	116	0	111	8	0	6
0	116	0	112	8	0	5
0	116	0	113	8	0	0
0	116	0	90	7	0	12
0	116	0	91	7	0	12
0	116	0	92	7	0	3
0	116	0	93	7	0	1
0	116	0	94	7	0	3
0	116	0	95	7	0	5
0	116	0	96	7	0	12
0	116	0	97	7	0	8
0	116	0	98	7	0	16
0	116	0	99	7	0	12
0	116	0	100	7	0	12
0	116	0	101	7	0	9
0	116	0	102	7	0	13
0	116	0	103	7	0	12
0	116	0	104	7	0	10
0	116	0	105	7	0	3
0	116	0	106	7	0	8
0	116	0	107	7	0	10
0	116	0	108	7	0	9
0	116	0	109	7	0	14
0	116	0	110	7	0	8
0	116	0	111	7	0	9
0	116	0	112	7	0	0
0	116	0	90	6	0	12
0	116	0	91	6	0	12
0	116	0	92	6	0	9
0	116	0	93	6	0	8
0	116	0	94	6	0	9
0	116	0	95	6	0	5
0	116	0	96	6	0	5
0	116	0	97	6	0	1
0	116	0	98	6	0	13
0	116	0	99	6	0	11
0	116	0	100	6	0	11
0	116	0	101	6	0	12
0	116	0	102	6	0	8
0	116	0	103	6	0	9
0	116	0	104	6	0	12
0	116	0	105	6	0	8
0	116	0	106	6	0	12
0	116	0	107	6	0	18
0	116	0	108	6	0	1
0	116	0	109	6	0	5
0	116	0	110	6	0	2
0	116	0	111	6	0	5
0	116	0	112	6	0	14
0	116	0	113	6	0	13
0	116	0	114	6	0	0
0	116	0	90	5	0	10
0	116	0	91	5	0	7
0	116	0	92	5	0	0
0	116	0	93	5	0	9
0	116	0	94	5	0	5
0	116	0	95	5	0	4
0	116	0	96	5	0	13
0	116	0	97	5	0	8
0	116	0	98	5	0	6
0	116	0	99	5	0	11
0	116	0	100	5	0	4
0	116	0	101	5	0	1
0	116	0	102	5	0	6
0	116	0	103	5	0	1
0	116	0	104	5	0	14
0	116	0	105	5	0	7
0	116	0	106	5	0	9
0	116	0	107	5	0	5
0	116	0	108	5	0	8
0	116	0	109	5	0	5
0	116	0	110	5	0	10
0	116	0	111	5	0	3
0	116	0	112	5	0	6
0	116	0	113	5	0	3
0	116	0	114	5	0	6
0	116	0	92	4	0	12
0	116	0	93	4	0	7
0	116	0	96	4	0	17
0	116	0	97	4	0	7
0	116	0	98	4	0	3
0	116	0	99	4	0	6
0	116	0	100	4	0	6
0	116	0	101	4	0	12
0	116	0	102	4	0	17
0	116	0	104	4	0	7
0	116	0	105	4	0	9
0	116	0	106	4	0	8
0	116	0	107	4	0	8
0	116	0	108	4	0	8
0	116	0	109	4	0	0
0	116	0	110	4	0	3
0	116	0	111	4	0	5
0	116	0	112	4	0	0
0	116	0	113	4	0	0
0	116	0	116	4	0	0
0	116	0	110	3	0	6
0	116	0	111	3	0	4
0	117	0	114	18	0	0
0	117	0	111	17	0	1
0	117	0	114	17	0	11
0	117	0	116	17	0	0
0	117	0	110	16	0	1
0	117	0	111	16	0	6
0	117	0	112	16	0	1
0	117	0	115	16	0	0
0	117	0	108	15	0	3
0	117	0	109	15	0	4
0	117	0	110	15	0	0
0	117	0	111	15	0	2
0	117	0	112	15	0	5
0	117	0	113	15	0	0
0	117	0	106	14	0	9
0	117	0	107	14	0	7
0	117	0	108	14	0	6
0	117	0	109	14	0	13
0	117	0	110	14	0	5
0	117	0	111	14	0	3
0	117	0	112	14	0	8
0	117	0	113	14	0	13
0	117	0	114	14	0	1
0	117	0	104	13	0	4
0	117	0	105	13	0	6
0	117	0	106	13	0	5
0	117	0	107	13	0	3
0	117	0	108	13	0	15
0	117	0	109	13	0	17
0	117	0	110	13	0	6
0	117	0	111	13	0	3
0	117	0	112	13	0	1
0	117	0	113	13	0	14
0	117	0	104	12	0	5
0	117	0	105	12	0	5
0	117	0	106	12	0	5
0	117	0	107	12	0	8
0	117	0	108	12	0	11
0	117	0	109	12	0	10
0	117	0	110	12	0	3
0	117	0	111	12	0	5
0	117	0	112	12	0	10
0	117	0	113	12	0	3
0	117	0	114	12	0	1
0	117	0	115	12	0	1
0	117	0	116	12	0	1
0	117	0	99	11	0	9
0	117	0	100	11	0	6
0	117	0	101	11	0	6
0	117	0	102	11	0	9
0	117	0	103	11	0	4
0	117	0	104	11	0	17
0	117	0	105	11	0	4
0	117	0	106	11	0	12
0	117	0	107	11	0	4
0	117	0	108	11	0	6
0	117	0	109	11	0	18
0	117	0	110	11	0	8
0	117	0	111	11	0	11
0	117	0	112	11	0	13
0	117	0	113	11	0	14
0	117	0	114	11	0	11
0	117	0	115	11	0	0
0	117	0	116	11	0	1
0	117	0	92	10	0	10
0	117	0	93	10	0	2
0	117	0	94	10	0	8
0	117	0	96	10	0	7
0	117	0	97	10	0	10
0	117	0	98	10	0	6
0	117	0	99	10	0	4
0	117	0	100	10	0	8
0	117	0	101	10	0	15
0	117	0	102	10	0	5
0	117	0	103	10	0	14
0	117	0	104	10	0	13
0	117	0	105	10	0	13
0	117	0	106	10	0	12
0	117	0	107	10	0	6
0	117	0	108	10	0	9
0	117	0	109	10	0	4
0	117	0	110	10	0	9
0	117	0	111	10	0	6
0	117	0	112	10	0	8
0	117	0	113	10	0	11
0	117	0	114	10	0	3
0	117	0	117	10	0	0
0	117	0	90	9	0	0
0	117	0	91	9	0	5
0	117	0	92	9	0	14
0	117	0	93	9	0	6
0	117	0	94	9	0	9
0	117	0	95	9	0	5
0	117	0	96	9	0	15
0	117	0	97	9	0	13
0	117	0	98	9	0	6
0	117	0	99	9	0	6
0	117	0	100	9	0	5
0	117	0	101	9	0	2
0	117	0	102	9	0	1
0	117	0	103	9	0	6
0	117	0	104	9	0	8
0	117	0	105	9	0	14
0	117	0	106	9	0	7
0	117	0	107	9	0	3
0	117	0	108	9	0	10
0	117	0	109	9	0	9
0	117	0	110	9	0	7
0	117	0	111	9	0	8
0	117	0	112	9	0	4
0	117	0	113	9	0	8
0	117	0	114	9	0	10
0	117	0	115	9	0	2
0	117	0	90	8	0	9
0	117	0	91	8	0	5
0	117	0	92	8	0	4
0	117	0	93	8	0	7
0	117	0	94	8	0	10
0	117	0	95	8	0	6
0	117	0	96	8	0	9
0	117	0	97	8	0	4
0	117	0	98	8	0	12
0	117	0	99	8	0	8
0	117	0	100	8	0	11
0	117	0	101	8	0	12
0	117	0	102	8	0	3
0	117	0	103	8	0	7
0	117	0	104	8	0	7
0	117	0	105	8	0	13
0	117	0	106	8	0	10
0	117	0	107	8	0	7
0	117	0	108	8	0	9
0	117	0	109	8	0	10
0	117	0	110	8	0	6
0	117	0	111	8	0	4
0	117	0	112	8	0	11
0	117	0	113	8	0	1
0	117	0	90	7	0	17
0	117	0	91	7	0	9
0	117	0	92	7	0	5
0	117	0	93	7	0	0
0	117	0	94	7	0	2
0	117	0	95	7	0	5
0	117	0	96	7	0	11
0	117	0	97	7	0	7
0	117	0	98	7	0	11
0	117	0	99	7	0	9
0	117	0	100	7	0	16
0	117	0	101	7	0	10
0	117	0	102	7	0	10
0	117	0	103	7	0	10
0	117	0	104	7	0	8
0	117	0	105	7	0	1
0	117	0	106	7	0	8
0	117	0	107	7	0	13
0	117	0	108	7	0	12
0	117	0	109	7	0	5
0	117	0	110	7	0	7
0	117	0	111	7	0	5
0	117	0	112	7	0	1
0	117	0	113	7	0	1
0	117	0	115	7	0	1
0	117	0	90	6	0	12
0	117	0	91	6	0	12
0	117	0	92	6	0	7
0	117	0	93	6	0	10
0	117	0	94	6	0	15
0	117	0	95	6	0	5
0	117	0	96	6	0	5
0	117	0	97	6	0	3
0	117	0	98	6	0	12
0	117	0	99	6	0	15
0	117	0	100	6	0	12
0	117	0	101	6	0	6
0	117	0	102	6	0	8
0	117	0	103	6	0	11
0	117	0	104	6	0	19
0	117	0	105	6	0	7
0	117	0	106	6	0	11
0	117	0	107	6	0	15
0	117	0	108	6	0	5
0	117	0	109	6	0	7
0	117	0	110	6	0	5
0	117	0	111	6	0	11
0	117	0	112	6	0	16
0	117	0	113	6	0	10
0	117	0	114	6	0	0
0	117	0	90	5	0	5
0	117	0	91	5	0	9
0	117	0	92	5	0	0
0	117	0	93	5	0	7
0	117	0	94	5	0	8
0	117	0	95	5	0	3
0	117	0	96	5	0	14
0	117	0	97	5	0	7
0	117	0	98	5	0	9
0	117	0	99	5	0	11
0	117	0	100	5	0	5
0	117	0	101	5	0	3
0	117	0	102	5	0	5
0	117	0	103	5	0	2
0	117	0	104	5	0	8
0	117	0	105	5	0	9
0	117	0	106	5	0	12
0	117	0	107	5	0	10
0	117	0	108	5	0	6
0	117	0	109	5	0	4
0	117	0	110	5	0	12
0	117	0	111	5	0	3
0	117	0	112	5	0	12
0	117	0	113	5	0	5
0	117	0	114	5	0	6
0	117	0	92	4	0	14
0	117	0	93	4	0	8
0	117	0	96	4	0	15
0	117	0	97	4	0	7
0	117	0	98	4	0	5
0	117	0	99	4	0	1
0	117	0	100	4	0	10
0	117	0	101	4	0	15
0	117	0	102	4	0	14
0	117	0	104	4	0	5
0	117	0	105	4	0	7
0	117	0	106	4	0	5
0	117	0	107	4	0	10
0	117	0	108	4	0	3
0	117	0	109	4	0	0
0	117	0	110	4	0	6
0	117	0	111	4	0	5
0	117	0	112	4	0	0
0	117	0	113	4	0	1
0	117	0	116	4	0	0
0	117	0	110	3	0	6
0	117	0	111	3	0	1
0	118	0	114	18	0	0
0	118	0	111	17	0	2
0	118	0	113	17	0	1
0	118	0	114	17	0	10
0	118	0	115	17	0	1
0	118	0	116	17	0	0
0	118	0	110	16	0	3
0	118	0	111	16	0	6
0	118	0	112	16	0	3
0	118	0	113	16	0	1
0	118	0	115	16	0	0
0	118	0	108	15	0	6
0	118	0	109	15	0	6
0	118	0	110	15	0	0
0	118	0	111	15	0	4
0	118	0	112	15	0	8
0	118	0	113	15	0	0
0	118	0	106	14	0	11
0	118	0	107	14	0	5
0	118	0	108	14	0	9
0	118	0	109	14	0	13
0	118	0	110	14	0	7
0	118	0	111	14	0	2
0	118	0	112	14	0	13
0	118	0	113	14	0	10
0	118	0	114	14	0	2
0	118	0	104	13	0	6
0	118	0	105	13	0	7
0	118	0	106	13	0	8
0	118	0	107	13	0	5
0	118	0	108	13	0	10
0	118	0	109	13	0	14
0	118	0	110	13	0	7
0	118	0	111	13	0	4
0	118	0	112	13	0	1
0	118	0	113	13	0	10
0	118	0	104	12	0	9
0	118	0	105	12	0	4
0	118	0	106	12	0	7
0	118	0	107	12	0	14
0	118	0	108	12	0	14
0	118	0	109	12	0	9
0	118	0	110	12	0	5
0	118	0	111	12	0	5
0	118	0	112	12	0	4
0	118	0	113	12	0	2
0	118	0	114	12	0	1
0	118	0	115	12	0	0
0	118	0	116	12	0	0
0	118	0	99	11	0	9
0	118	0	100	11	0	4
0	118	0	101	11	0	10
0	118	0	102	11	0	6
0	118	0	103	11	0	9
0	118	0	104	11	0	10
0	118	0	105	11	0	10
0	118	0	106	11	0	13
0	118	0	107	11	0	2
0	118	0	108	11	0	8
0	118	0	109	11	0	14
0	118	0	110	11	0	14
0	118	0	111	11	0	16
0	118	0	112	11	0	5
0	118	0	113	11	0	8
0	118	0	114	11	0	11
0	118	0	115	11	0	2
0	118	0	116	11	0	2
0	118	0	92	10	0	14
0	118	0	93	10	0	5
0	118	0	94	10	0	7
0	118	0	96	10	0	7
0	118	0	97	10	0	9
0	118	0	98	10	0	7
0	118	0	99	10	0	8
0	118	0	100	10	0	11
0	118	0	101	10	0	10
0	118	0	102	10	0	3
0	118	0	103	10	0	15
0	118	0	104	10	0	12
0	118	0	105	10	0	20
0	118	0	106	10	0	11
0	118	0	107	10	0	7
0	118	0	108	10	0	6
0	118	0	109	10	0	6
0	118	0	110	10	0	5
0	118	0	111	10	0	3
0	118	0	112	10	0	3
0	118	0	113	10	0	11
0	118	0	114	10	0	3
0	118	0	116	10	0	1
0	118	0	117	10	0	1
0	118	0	90	9	0	0
0	118	0	91	9	0	2
0	118	0	92	9	0	18
0	118	0	93	9	0	8
0	118	0	94	9	0	8
0	118	0	95	9	0	6
0	118	0	96	9	0	5
0	118	0	97	9	0	9
0	118	0	98	9	0	5
0	118	0	99	9	0	5
0	118	0	100	9	0	9
0	118	0	101	9	0	3
0	118	0	102	9	0	3
0	118	0	103	9	0	9
0	118	0	104	9	0	7
0	118	0	105	9	0	15
0	118	0	106	9	0	5
0	118	0	107	9	0	3
0	118	0	108	9	0	6
0	118	0	109	9	0	11
0	118	0	110	9	0	10
0	118	0	111	9	0	9
0	118	0	112	9	0	3
0	118	0	113	9	0	11
0	118	0	114	9	0	8
0	118	0	115	9	0	2
0	118	0	117	9	0	1
0	118	0	90	8	0	13
0	118	0	91	8	0	7
0	118	0	92	8	0	4
0	118	0	93	8	0	5
0	118	0	94	8	0	10
0	118	0	95	8	0	5
0	118	0	96	8	0	10
0	118	0	97	8	0	0
0	118	0	98	8	0	9
0	118	0	99	8	0	11
0	118	0	100	8	0	11
0	118	0	101	8	0	9
0	118	0	102	8	0	5
0	118	0	103	8	0	3
0	118	0	104	8	0	6
0	118	0	105	8	0	11
0	118	0	106	8	0	11
0	118	0	107	8	0	8
0	118	0	108	8	0	9
0	118	0	109	8	0	10
0	118	0	110	8	0	8
0	118	0	111	8	0	4
0	118	0	112	8	0	7
0	118	0	113	8	0	1
0	118	0	114	8	0	1
0	118	0	90	7	0	9
0	118	0	91	7	0	13
0	118	0	92	7	0	3
0	118	0	93	7	0	0
0	118	0	94	7	0	0
0	118	0	95	7	0	5
0	118	0	96	7	0	8
0	118	0	97	7	0	7
0	118	0	98	7	0	9
0	118	0	99	7	0	6
0	118	0	100	7	0	7
0	118	0	101	7	0	8
0	118	0	102	7	0	11
0	118	0	103	7	0	7
0	118	0	104	7	0	12
0	118	0	105	7	0	2
0	118	0	106	7	0	7
0	118	0	107	7	0	9
0	118	0	108	7	0	9
0	118	0	109	7	0	4
0	118	0	110	7	0	6
0	118	0	111	7	0	7
0	118	0	112	7	0	3
0	118	0	113	7	0	1
0	118	0	115	7	0	1
0	118	0	90	6	0	9
0	118	0	91	6	0	13
0	118	0	92	6	0	7
0	118	0	93	6	0	9
0	118	0	94	6	0	22
0	118	0	95	6	0	6
0	118	0	96	6	0	8
0	118	0	97	6	0	9
0	118	0	98	6	0	7
0	118	0	99	6	0	10
0	118	0	100	6	0	14
0	118	0	101	6	0	9
0	118	0	102	6	0	9
0	118	0	103	6	0	13
0	118	0	104	6	0	8
0	118	0	105	6	0	7
0	118	0	106	6	0	11
0	118	0	107	6	0	13
0	118	0	108	6	0	5
0	118	0	109	6	0	10
0	118	0	110	6	0	7
0	118	0	111	6	0	6
0	118	0	112	6	0	8
0	118	0	113	6	0	12
0	118	0	114	6	0	1
0	118	0	90	5	0	7
0	118	0	91	5	0	4
0	118	0	92	5	0	0
0	118	0	93	5	0	9
0	118	0	94	5	0	7
0	118	0	95	5	0	5
0	118	0	96	5	0	13
0	118	0	97	5	0	9
0	118	0	98	5	0	6
0	118	0	99	5	0	9
0	118	0	100	5	0	8
0	118	0	101	5	0	7
0	118	0	102	5	0	11
0	118	0	103	5	0	5
0	118	0	104	5	0	3
0	118	0	105	5	0	1
0	118	0	106	5	0	12
0	118	0	107	5	0	8
0	118	0	108	5	0	10
0	118	0	109	5	0	5
0	118	0	110	5	0	7
0	118	0	111	5	0	5
0	118	0	112	5	0	7
0	118	0	113	5	0	7
0	118	0	114	5	0	4
0	118	0	117	5	0	1
0	118	0	92	4	0	11
0	118	0	93	4	0	7
0	118	0	96	4	0	8
0	118	0	97	4	0	9
0	118	0	98	4	0	0
0	118	0	99	4	0	1
0	118	0	100	4	0	9
0	118	0	101	4	0	14
0	118	0	102	4	0	8
0	118	0	104	4	0	5
0	118	0	105	4	0	14
0	118	0	106	4	0	8
0	118	0	107	4	0	7
0	118	0	108	4	0	2
0	118	0	109	4	0	0
0	118	0	110	4	0	7
0	118	0	111	4	0	8
0	118	0	112	4	0	0
0	118	0	113	4	0	1
0	118	0	116	4	0	0
0	118	0	110	3	0	6
0	118	0	111	3	0	2
0	119	0	114	18	0	1
0	119	0	115	18	0	1
0	119	0	111	17	0	3
0	119	0	113	17	0	0
0	119	0	114	17	0	6
0	119	0	115	17	0	0
0	119	0	116	17	0	0
0	119	0	110	16	0	2
0	119	0	111	16	0	5
0	119	0	112	16	0	7
0	119	0	113	16	0	2
0	119	0	115	16	0	0
0	119	0	108	15	0	6
0	119	0	109	15	0	6
0	119	0	110	15	0	0
0	119	0	111	15	0	4
0	119	0	112	15	0	9
0	119	0	113	15	0	1
0	119	0	106	14	0	9
0	119	0	107	14	0	9
0	119	0	108	14	0	4
0	119	0	109	14	0	15
0	119	0	110	14	0	10
0	119	0	111	14	0	1
0	119	0	112	14	0	14
0	119	0	113	14	0	12
0	119	0	114	14	0	5
0	119	0	104	13	0	13
0	119	0	105	13	0	6
0	119	0	106	13	0	11
0	119	0	107	13	0	7
0	119	0	108	13	0	8
0	119	0	109	13	0	16
0	119	0	110	13	0	8
0	119	0	111	13	0	2
0	119	0	112	13	0	5
0	119	0	113	13	0	7
0	119	0	104	12	0	9
0	119	0	105	12	0	6
0	119	0	106	12	0	13
0	119	0	107	12	0	22
0	119	0	108	12	0	14
0	119	0	109	12	0	8
0	119	0	110	12	0	7
0	119	0	111	12	0	4
0	119	0	112	12	0	5
0	119	0	113	12	0	4
0	119	0	114	12	0	1
0	119	0	115	12	0	0
0	119	0	116	12	0	0
0	119	0	99	11	0	8
0	119	0	100	11	0	9
0	119	0	101	11	0	10
0	119	0	102	11	0	11
0	119	0	103	11	0	12
0	119	0	104	11	0	5
0	119	0	105	11	0	8
0	119	0	106	11	0	10
0	119	0	107	11	0	5
0	119	0	108	11	0	11
0	119	0	109	11	0	10
0	119	0	110	11	0	7
0	119	0	111	11	0	18
0	119	0	112	11	0	4
0	119	0	113	11	0	7
0	119	0	114	11	0	13
0	119	0	115	11	0	1
0	119	0	116	11	0	3
0	119	0	92	10	0	15
0	119	0	93	10	0	5
0	119	0	94	10	0	7
0	119	0	96	10	0	8
0	119	0	97	10	0	6
0	119	0	98	10	0	4
0	119	0	99	10	0	8
0	119	0	100	10	0	8
0	119	0	101	10	0	11
0	119	0	102	10	0	5
0	119	0	103	10	0	18
0	119	0	104	10	0	10
0	119	0	105	10	0	10
0	119	0	106	10	0	12
0	119	0	107	10	0	4
0	119	0	108	10	0	9
0	119	0	109	10	0	6
0	119	0	110	10	0	5
0	119	0	111	10	0	1
0	119	0	112	10	0	5
0	119	0	113	10	0	11
0	119	0	114	10	0	4
0	119	0	116	10	0	2
0	119	0	117	10	0	1
0	119	0	90	9	0	0
0	119	0	91	9	0	0
0	119	0	92	9	0	13
0	119	0	93	9	0	11
0	119	0	94	9	0	6
0	119	0	95	9	0	9
0	119	0	96	9	0	9
0	119	0	97	9	0	9
0	119	0	98	9	0	6
0	119	0	99	9	0	5
0	119	0	100	9	0	4
0	119	0	101	9	0	6
0	119	0	102	9	0	3
0	119	0	103	9	0	18
0	119	0	104	9	0	19
0	119	0	105	9	0	10
0	119	0	106	9	0	5
0	119	0	107	9	0	4
0	119	0	108	9	0	8
0	119	0	109	9	0	15
0	119	0	110	9	0	11
0	119	0	111	9	0	9
0	119	0	112	9	0	6
0	119	0	113	9	0	6
0	119	0	114	9	0	11
0	119	0	115	9	0	2
0	119	0	117	9	0	1
0	119	0	90	8	0	9
0	119	0	91	8	0	12
0	119	0	92	8	0	7
0	119	0	93	8	0	5
0	119	0	94	8	0	9
0	119	0	95	8	0	10
0	119	0	96	8	0	8
0	119	0	97	8	0	4
0	119	0	98	8	0	5
0	119	0	99	8	0	9
0	119	0	100	8	0	15
0	119	0	101	8	0	9
0	119	0	102	8	0	7
0	119	0	103	8	0	5
0	119	0	104	8	0	9
0	119	0	105	8	0	19
0	119	0	106	8	0	11
0	119	0	107	8	0	6
0	119	0	108	8	0	11
0	119	0	109	8	0	7
0	119	0	110	8	0	8
0	119	0	111	8	0	7
0	119	0	112	8	0	9
0	119	0	113	8	0	1
0	119	0	114	8	0	0
0	119	0	90	7	0	7
0	119	0	91	7	0	6
0	119	0	92	7	0	3
0	119	0	93	7	0	1
0	119	0	94	7	0	0
0	119	0	95	7	0	4
0	119	0	96	7	0	5
0	119	0	97	7	0	6
0	119	0	98	7	0	7
0	119	0	99	7	0	9
0	119	0	100	7	0	9
0	119	0	101	7	0	8
0	119	0	102	7	0	5
0	119	0	103	7	0	8
0	119	0	104	7	0	16
0	119	0	105	7	0	5
0	119	0	106	7	0	4
0	119	0	107	7	0	14
0	119	0	108	7	0	10
0	119	0	109	7	0	10
0	119	0	110	7	0	3
0	119	0	111	7	0	9
0	119	0	112	7	0	3
0	119	0	113	7	0	2
0	119	0	115	7	0	3
0	119	0	90	6	0	5
0	119	0	91	6	0	12
0	119	0	92	6	0	9
0	119	0	93	6	0	7
0	119	0	94	6	0	12
0	119	0	95	6	0	7
0	119	0	96	6	0	9
0	119	0	97	6	0	6
0	119	0	98	6	0	11
0	119	0	99	6	0	6
0	119	0	100	6	0	9
0	119	0	101	6	0	8
0	119	0	102	6	0	13
0	119	0	103	6	0	13
0	119	0	104	6	0	10
0	119	0	105	6	0	10
0	119	0	106	6	0	12
0	119	0	107	6	0	9
0	119	0	108	6	0	3
0	119	0	109	6	0	18
0	119	0	110	6	0	8
0	119	0	111	6	0	4
0	119	0	112	6	0	8
0	119	0	113	6	0	11
0	119	0	114	6	0	1
0	119	0	90	5	0	13
0	119	0	91	5	0	3
0	119	0	92	5	0	1
0	119	0	93	5	0	14
0	119	0	94	5	0	5
0	119	0	95	5	0	6
0	119	0	96	5	0	9
0	119	0	97	5	0	10
0	119	0	98	5	0	1
0	119	0	99	5	0	9
0	119	0	100	5	0	11
0	119	0	101	5	0	11
0	119	0	102	5	0	11
0	119	0	103	5	0	4
0	119	0	104	5	0	2
0	119	0	105	5	0	2
0	119	0	106	5	0	10
0	119	0	107	5	0	5
0	119	0	108	5	0	8
0	119	0	109	5	0	5
0	119	0	110	5	0	8
0	119	0	111	5	0	6
0	119	0	112	5	0	3
0	119	0	113	5	0	9
0	119	0	114	5	0	1
0	119	0	117	5	0	1
0	119	0	92	4	0	6
0	119	0	93	4	0	9
0	119	0	96	4	0	9
0	119	0	97	4	0	15
0	119	0	98	4	0	0
0	119	0	99	4	0	3
0	119	0	100	4	0	9
0	119	0	101	4	0	12
0	119	0	102	4	0	6
0	119	0	104	4	0	1
0	119	0	105	4	0	14
0	119	0	106	4	0	8
0	119	0	107	4	0	9
0	119	0	108	4	0	5
0	119	0	109	4	0	0
0	119	0	110	4	0	9
0	119	0	111	4	0	8
0	119	0	112	4	0	0
0	119	0	113	4	0	1
0	119	0	116	4	0	0
0	119	0	110	3	0	5
0	119	0	111	3	0	0
0	120	0	114	18	0	2
0	120	0	115	18	0	3
0	120	0	111	17	0	4
0	120	0	113	17	0	0
0	120	0	114	17	0	8
0	120	0	115	17	0	0
0	120	0	116	17	0	0
0	120	0	110	16	0	1
0	120	0	111	16	0	8
0	120	0	112	16	0	9
0	120	0	113	16	0	1
0	120	0	115	16	0	0
0	120	0	108	15	0	5
0	120	0	109	15	0	4
0	120	0	110	15	0	1
0	120	0	111	15	0	5
0	120	0	112	15	0	8
0	120	0	113	15	0	3
0	120	0	106	14	0	15
0	120	0	107	14	0	10
0	120	0	108	14	0	3
0	120	0	109	14	0	10
0	120	0	110	14	0	8
0	120	0	111	14	0	3
0	120	0	112	14	0	13
0	120	0	113	14	0	13
0	120	0	114	14	0	5
0	120	0	104	13	0	12
0	120	0	105	13	0	9
0	120	0	106	13	0	11
0	120	0	107	13	0	5
0	120	0	108	13	0	12
0	120	0	109	13	0	16
0	120	0	110	13	0	7
0	120	0	111	13	0	5
0	120	0	112	13	0	8
0	120	0	113	13	0	9
0	120	0	114	13	0	1
0	120	0	104	12	0	5
0	120	0	105	12	0	6
0	120	0	106	12	0	19
0	120	0	107	12	0	16
0	120	0	108	12	0	17
0	120	0	109	12	0	10
0	120	0	110	12	0	8
0	120	0	111	12	0	9
0	120	0	112	12	0	10
0	120	0	113	12	0	5
0	120	0	114	12	0	2
0	120	0	115	12	0	0
0	120	0	116	12	0	0
0	120	0	99	11	0	7
0	120	0	100	11	0	7
0	120	0	101	11	0	5
0	120	0	102	11	0	5
0	120	0	103	11	0	6
0	120	0	104	11	0	6
0	120	0	105	11	0	9
0	120	0	106	11	0	5
0	120	0	107	11	0	6
0	120	0	108	11	0	9
0	120	0	109	11	0	13
0	120	0	110	11	0	8
0	120	0	111	11	0	10
0	120	0	112	11	0	5
0	120	0	113	11	0	6
0	120	0	114	11	0	9
0	120	0	115	11	0	1
0	120	0	116	11	0	10
0	120	0	92	10	0	9
0	120	0	93	10	0	7
0	120	0	94	10	0	8
0	120	0	96	10	0	5
0	120	0	97	10	0	4
0	120	0	98	10	0	3
0	120	0	99	10	0	8
0	120	0	100	10	0	7
0	120	0	101	10	0	11
0	120	0	102	10	0	5
0	120	0	103	10	0	17
0	120	0	104	10	0	13
0	120	0	105	10	0	15
0	120	0	106	10	0	10
0	120	0	107	10	0	7
0	120	0	108	10	0	15
0	120	0	109	10	0	11
0	120	0	110	10	0	2
0	120	0	111	10	0	3
0	120	0	112	10	0	5
0	120	0	113	10	0	11
0	120	0	114	10	0	4
0	120	0	115	10	0	1
0	120	0	116	10	0	4
0	120	0	117	10	0	2
0	120	0	90	9	0	0
0	120	0	91	9	0	1
0	120	0	92	9	0	11
0	120	0	93	9	0	12
0	120	0	94	9	0	11
0	120	0	95	9	0	8
0	120	0	96	9	0	9
0	120	0	97	9	0	10
0	120	0	98	9	0	8
0	120	0	99	9	0	8
0	120	0	100	9	0	3
0	120	0	101	9	0	7
0	120	0	102	9	0	5
0	120	0	103	9	0	14
0	120	0	104	9	0	18
0	120	0	105	9	0	17
0	120	0	106	9	0	6
0	120	0	107	9	0	11
0	120	0	108	9	0	8
0	120	0	109	9	0	4
0	120	0	110	9	0	7
0	120	0	111	9	0	9
0	120	0	112	9	0	9
0	120	0	113	9	0	5
0	120	0	114	9	0	11
0	120	0	115	9	0	4
0	120	0	116	9	0	1
0	120	0	117	9	0	1
0	120	0	90	8	0	11
0	120	0	91	8	0	5
0	120	0	92	8	0	8
0	120	0	93	8	0	2
0	120	0	94	8	0	10
0	120	0	95	8	0	12
0	120	0	96	8	0	7
0	120	0	97	8	0	2
0	120	0	98	8	0	7
0	120	0	99	8	0	6
0	120	0	100	8	0	11
0	120	0	101	8	0	8
0	120	0	102	8	0	12
0	120	0	103	8	0	10
0	120	0	104	8	0	10
0	120	0	105	8	0	10
0	120	0	106	8	0	11
0	120	0	107	8	0	5
0	120	0	108	8	0	9
0	120	0	109	8	0	11
0	120	0	110	8	0	9
0	120	0	111	8	0	10
0	120	0	112	8	0	9
0	120	0	113	8	0	1
0	120	0	114	8	0	0
0	120	0	115	8	0	1
0	120	0	90	7	0	10
0	120	0	91	7	0	7
0	120	0	92	7	0	6
0	120	0	93	7	0	2
0	120	0	94	7	0	0
0	120	0	95	7	0	5
0	120	0	96	7	0	8
0	120	0	97	7	0	5
0	120	0	98	7	0	8
0	120	0	99	7	0	10
0	120	0	100	7	0	11
0	120	0	101	7	0	11
0	120	0	102	7	0	4
0	120	0	103	7	0	12
0	120	0	104	7	0	16
0	120	0	105	7	0	6
0	120	0	106	7	0	9
0	120	0	107	7	0	12
0	120	0	108	7	0	10
0	120	0	109	7	0	15
0	120	0	110	7	0	4
0	120	0	111	7	0	15
0	120	0	112	7	0	6
0	120	0	113	7	0	6
0	120	0	115	7	0	4
0	120	0	90	6	0	4
0	120	0	91	6	0	14
0	120	0	92	6	0	10
0	120	0	93	6	0	9
0	120	0	94	6	0	11
0	120	0	95	6	0	6
0	120	0	96	6	0	8
0	120	0	97	6	0	5
0	120	0	98	6	0	8
0	120	0	99	6	0	14
0	120	0	100	6	0	4
0	120	0	101	6	0	12
0	120	0	102	6	0	11
0	120	0	103	6	0	14
0	120	0	104	6	0	15
0	120	0	105	6	0	10
0	120	0	106	6	0	9
0	120	0	107	6	0	9
0	120	0	108	6	0	4
0	120	0	109	6	0	11
0	120	0	110	6	0	9
0	120	0	111	6	0	5
0	120	0	112	6	0	5
0	120	0	113	6	0	7
0	120	0	114	6	0	3
0	120	0	117	6	0	1
0	120	0	90	5	0	12
0	120	0	91	5	0	3
0	120	0	92	5	0	1
0	120	0	93	5	0	10
0	120	0	94	5	0	4
0	120	0	95	5	0	7
0	120	0	96	5	0	13
0	120	0	97	5	0	13
0	120	0	98	5	0	1
0	120	0	99	5	0	6
0	120	0	100	5	0	9
0	120	0	101	5	0	11
0	120	0	102	5	0	8
0	120	0	103	5	0	5
0	120	0	104	5	0	6
0	120	0	105	5	0	2
0	120	0	106	5	0	12
0	120	0	107	5	0	8
0	120	0	108	5	0	8
0	120	0	109	5	0	4
0	120	0	110	5	0	14
0	120	0	111	5	0	5
0	120	0	112	5	0	7
0	120	0	113	5	0	12
0	120	0	114	5	0	0
0	120	0	117	5	0	0
0	120	0	92	4	0	7
0	120	0	93	4	0	10
0	120	0	96	4	0	13
0	120	0	97	4	0	12
0	120	0	98	4	0	1
0	120	0	99	4	0	5
0	120	0	100	4	0	6
0	120	0	101	4	0	8
0	120	0	102	4	0	4
0	120	0	104	4	0	2
0	120	0	105	4	0	13
0	120	0	106	4	0	3
0	120	0	107	4	0	8
0	120	0	108	4	0	5
0	120	0	109	4	0	0
0	120	0	110	4	0	7
0	120	0	111	4	0	3
0	120	0	112	4	0	0
0	120	0	113	4	0	2
0	120	0	116	4	0	0
0	120	0	110	3	0	6
0	120	0	111	3	0	0
0	121	0	115	19	0	1
0	121	0	114	18	0	3
0	121	0	115	18	0	4
0	121	0	111	17	0	7
0	121	0	113	17	0	0
0	121	0	114	17	0	5
0	121	0	115	17	0	0
0	121	0	116	17	0	0
0	121	0	110	16	0	2
0	121	0	111	16	0	8
0	121	0	112	16	0	11
0	121	0	113	16	0	2
0	121	0	115	16	0	0
0	121	0	108	15	0	4
0	121	0	109	15	0	4
0	121	0	110	15	0	2
0	121	0	111	15	0	3
0	121	0	112	15	0	12
0	121	0	113	15	0	1
0	121	0	106	14	0	10
0	121	0	107	14	0	4
0	121	0	108	14	0	5
0	121	0	109	14	0	9
0	121	0	110	14	0	11
0	121	0	111	14	0	5
0	121	0	112	14	0	8
0	121	0	113	14	0	11
0	121	0	114	14	0	2
0	121	0	104	13	0	15
0	121	0	105	13	0	8
0	121	0	106	13	0	12
0	121	0	107	13	0	4
0	121	0	108	13	0	11
0	121	0	109	13	0	22
0	121	0	110	13	0	12
0	121	0	111	13	0	11
0	121	0	112	13	0	7
0	121	0	113	13	0	13
0	121	0	114	13	0	3
0	121	0	104	12	0	1
0	121	0	105	12	0	3
0	121	0	106	12	0	19
0	121	0	107	12	0	10
0	121	0	108	12	0	11
0	121	0	109	12	0	14
0	121	0	110	12	0	7
0	121	0	111	12	0	4
0	121	0	112	12	0	8
0	121	0	113	12	0	3
0	121	0	114	12	0	2
0	121	0	115	12	0	0
0	121	0	116	12	0	0
0	121	0	99	11	0	4
0	121	0	100	11	0	10
0	121	0	101	11	0	5
0	121	0	102	11	0	5
0	121	0	103	11	0	9
0	121	0	104	11	0	8
0	121	0	105	11	0	11
0	121	0	106	11	0	10
0	121	0	107	11	0	12
0	121	0	108	11	0	16
0	121	0	109	11	0	10
0	121	0	110	11	0	8
0	121	0	111	11	0	6
0	121	0	112	11	0	4
0	121	0	113	11	0	7
0	121	0	114	11	0	9
0	121	0	115	11	0	2
0	121	0	116	11	0	7
0	121	0	92	10	0	6
0	121	0	93	10	0	10
0	121	0	94	10	0	5
0	121	0	96	10	0	6
0	121	0	97	10	0	6
0	121	0	98	10	0	4
0	121	0	99	10	0	8
0	121	0	100	10	0	8
0	121	0	101	10	0	7
0	121	0	102	10	0	4
0	121	0	103	10	0	13
0	121	0	104	10	0	13
0	121	0	105	10	0	11
0	121	0	106	10	0	7
0	121	0	107	10	0	7
0	121	0	108	10	0	15
0	121	0	109	10	0	7
0	121	0	110	10	0	0
0	121	0	111	10	0	4
0	121	0	112	10	0	6
0	121	0	113	10	0	14
0	121	0	114	10	0	7
0	121	0	115	10	0	3
0	121	0	116	10	0	7
0	121	0	117	10	0	1
0	121	0	90	9	0	0
0	121	0	91	9	0	1
0	121	0	92	9	0	15
0	121	0	93	9	0	7
0	121	0	94	9	0	7
0	121	0	95	9	0	12
0	121	0	96	9	0	7
0	121	0	97	9	0	10
0	121	0	98	9	0	10
0	121	0	99	9	0	6
0	121	0	100	9	0	3
0	121	0	101	9	0	12
0	121	0	102	9	0	7
0	121	0	103	9	0	21
0	121	0	104	9	0	11
0	121	0	105	9	0	12
0	121	0	106	9	0	9
0	121	0	107	9	0	10
0	121	0	108	9	0	10
0	121	0	109	9	0	8
0	121	0	110	9	0	7
0	121	0	111	9	0	10
0	121	0	112	9	0	10
0	121	0	113	9	0	0
0	121	0	114	9	0	15
0	121	0	115	9	0	9
0	121	0	116	9	0	0
0	121	0	117	9	0	2
0	121	0	118	9	0	1
0	121	0	90	8	0	11
0	121	0	91	8	0	4
0	121	0	92	8	0	10
0	121	0	93	8	0	2
0	121	0	94	8	0	8
0	121	0	95	8	0	12
0	121	0	96	8	0	7
0	121	0	97	8	0	4
0	121	0	98	8	0	8
0	121	0	99	8	0	8
0	121	0	100	8	0	6
0	121	0	101	8	0	7
0	121	0	102	8	0	10
0	121	0	103	8	0	21
0	121	0	104	8	0	9
0	121	0	105	8	0	12
0	121	0	106	8	0	9
0	121	0	107	8	0	6
0	121	0	108	8	0	5
0	121	0	109	8	0	9
0	121	0	110	8	0	5
0	121	0	111	8	0	10
0	121	0	112	8	0	8
0	121	0	113	8	0	2
0	121	0	114	8	0	0
0	121	0	115	8	0	1
0	121	0	90	7	0	5
0	121	0	91	7	0	5
0	121	0	92	7	0	9
0	121	0	93	7	0	2
0	121	0	94	7	0	1
0	121	0	95	7	0	6
0	121	0	96	7	0	8
0	121	0	97	7	0	4
0	121	0	98	7	0	13
0	121	0	99	7	0	15
0	121	0	100	7	0	9
0	121	0	101	7	0	6
0	121	0	102	7	0	8
0	121	0	103	7	0	8
0	121	0	104	7	0	15
0	121	0	105	7	0	6
0	121	0	106	7	0	5
0	121	0	107	7	0	12
0	121	0	108	7	0	17
0	121	0	109	7	0	22
0	121	0	110	7	0	7
0	121	0	111	7	0	12
0	121	0	112	7	0	6
0	121	0	113	7	0	9
0	121	0	115	7	0	4
0	121	0	90	6	0	4
0	121	0	91	6	0	14
0	121	0	92	6	0	9
0	121	0	93	6	0	9
0	121	0	94	6	0	5
0	121	0	95	6	0	4
0	121	0	96	6	0	3
0	121	0	97	6	0	9
0	121	0	98	6	0	9
0	121	0	99	6	0	13
0	121	0	100	6	0	7
0	121	0	101	6	0	10
0	121	0	102	6	0	12
0	121	0	103	6	0	7
0	121	0	104	6	0	13
0	121	0	105	6	0	12
0	121	0	106	6	0	11
0	121	0	107	6	0	10
0	121	0	108	6	0	5
0	121	0	109	6	0	14
0	121	0	110	6	0	11
0	121	0	111	6	0	5
0	121	0	112	6	0	6
0	121	0	113	6	0	12
0	121	0	114	6	0	3
0	121	0	117	6	0	0
0	121	0	90	5	0	12
0	121	0	91	5	0	1
0	121	0	92	5	0	3
0	121	0	93	5	0	9
0	121	0	94	5	0	7
0	121	0	95	5	0	6
0	121	0	96	5	0	14
0	121	0	97	5	0	11
0	121	0	98	5	0	2
0	121	0	99	5	0	11
0	121	0	100	5	0	10
0	121	0	101	5	0	10
0	121	0	102	5	0	10
0	121	0	103	5	0	2
0	121	0	104	5	0	7
0	121	0	105	5	0	2
0	121	0	106	5	0	10
0	121	0	107	5	0	9
0	121	0	108	5	0	12
0	121	0	109	5	0	8
0	121	0	110	5	0	15
0	121	0	111	5	0	8
0	121	0	112	5	0	7
0	121	0	113	5	0	8
0	121	0	114	5	0	1
0	121	0	117	5	0	0
0	121	0	92	4	0	7
0	121	0	93	4	0	5
0	121	0	96	4	0	14
0	121	0	97	4	0	7
0	121	0	98	4	0	2
0	121	0	99	4	0	5
0	121	0	100	4	0	5
0	121	0	101	4	0	8
0	121	0	102	4	0	9
0	121	0	104	4	0	2
0	121	0	105	4	0	12
0	121	0	106	4	0	4
0	121	0	107	4	0	7
0	121	0	108	4	0	5
0	121	0	109	4	0	0
0	121	0	110	4	0	8
0	121	0	111	4	0	6
0	121	0	112	4	0	0
0	121	0	113	4	0	2
0	121	0	116	4	0	0
0	121	0	110	3	0	8
0	121	0	111	3	0	0
0	122	0	115	19	0	4
0	122	0	111	18	0	1
0	122	0	112	18	0	2
0	122	0	114	18	0	5
0	122	0	115	18	0	6
0	122	0	111	17	0	10
0	122	0	112	17	0	1
0	122	0	113	17	0	0
0	122	0	114	17	0	3
0	122	0	115	17	0	0
0	122	0	116	17	0	0
0	122	0	110	16	0	0
0	122	0	111	16	0	10
0	122	0	112	16	0	12
0	122	0	113	16	0	6
0	122	0	114	16	0	1
0	122	0	115	16	0	0
0	122	0	108	15	0	3
0	122	0	109	15	0	2
0	122	0	110	15	0	5
0	122	0	111	15	0	4
0	122	0	112	15	0	7
0	122	0	113	15	0	2
0	122	0	106	14	0	18
0	122	0	107	14	0	6
0	122	0	108	14	0	7
0	122	0	109	14	0	11
0	122	0	110	14	0	9
0	122	0	111	14	0	3
0	122	0	112	14	0	7
0	122	0	113	14	0	10
0	122	0	114	14	0	1
0	122	0	104	13	0	9
0	122	0	105	13	0	10
0	122	0	106	13	0	10
0	122	0	107	13	0	3
0	122	0	108	13	0	10
0	122	0	109	13	0	11
0	122	0	110	13	0	15
0	122	0	111	13	0	17
0	122	0	112	13	0	10
0	122	0	113	13	0	9
0	122	0	114	13	0	3
0	122	0	104	12	0	1
0	122	0	105	12	0	3
0	122	0	106	12	0	10
0	122	0	107	12	0	11
0	122	0	108	12	0	9
0	122	0	109	12	0	17
0	122	0	110	12	0	13
0	122	0	111	12	0	4
0	122	0	112	12	0	3
0	122	0	113	12	0	2
0	122	0	114	12	0	1
0	122	0	115	12	0	1
0	122	0	116	12	0	0
0	122	0	99	11	0	6
0	122	0	100	11	0	12
0	122	0	101	11	0	4
0	122	0	102	11	0	4
0	122	0	103	11	0	10
0	122	0	104	11	0	8
0	122	0	105	11	0	10
0	122	0	106	11	0	6
0	122	0	107	11	0	14
0	122	0	108	11	0	13
0	122	0	109	11	0	15
0	122	0	110	11	0	6
0	122	0	111	11	0	5
0	122	0	112	11	0	0
0	122	0	113	11	0	11
0	122	0	114	11	0	11
0	122	0	115	11	0	2
0	122	0	116	11	0	6
0	122	0	92	10	0	11
0	122	0	93	10	0	15
0	122	0	94	10	0	2
0	122	0	96	10	0	6
0	122	0	97	10	0	3
0	122	0	98	10	0	3
0	122	0	99	10	0	12
0	122	0	100	10	0	13
0	122	0	101	10	0	4
0	122	0	102	10	0	5
0	122	0	103	10	0	9
0	122	0	104	10	0	12
0	122	0	105	10	0	9
0	122	0	106	10	0	3
0	122	0	107	10	0	9
0	122	0	108	10	0	12
0	122	0	109	10	0	8
0	122	0	110	10	0	3
0	122	0	111	10	0	7
0	122	0	112	10	0	4
0	122	0	113	10	0	13
0	122	0	114	10	0	3
0	122	0	115	10	0	4
0	122	0	116	10	0	8
0	122	0	117	10	0	1
0	122	0	90	9	0	0
0	122	0	91	9	0	2
0	122	0	92	9	0	8
0	122	0	93	9	0	5
0	122	0	94	9	0	3
0	122	0	95	9	0	10
0	122	0	96	9	0	6
0	122	0	97	9	0	9
0	122	0	98	9	0	8
0	122	0	99	9	0	8
0	122	0	100	9	0	2
0	122	0	101	9	0	15
0	122	0	102	9	0	11
0	122	0	103	9	0	17
0	122	0	104	9	0	6
0	122	0	105	9	0	16
0	122	0	106	9	0	10
0	122	0	107	9	0	6
0	122	0	108	9	0	9
0	122	0	109	9	0	10
0	122	0	110	9	0	6
0	122	0	111	9	0	7
0	122	0	112	9	0	7
0	122	0	113	9	0	0
0	122	0	114	9	0	9
0	122	0	115	9	0	4
0	122	0	116	9	0	0
0	122	0	117	9	0	6
0	122	0	118	9	0	0
0	122	0	90	8	0	6
0	122	0	91	8	0	3
0	122	0	92	8	0	11
0	122	0	93	8	0	5
0	122	0	94	8	0	12
0	122	0	95	8	0	15
0	122	0	96	8	0	9
0	122	0	97	8	0	7
0	122	0	98	8	0	9
0	122	0	99	8	0	11
0	122	0	100	8	0	8
0	122	0	101	8	0	7
0	122	0	102	8	0	9
0	122	0	103	8	0	16
0	122	0	104	8	0	10
0	122	0	105	8	0	18
0	122	0	106	8	0	11
0	122	0	107	8	0	6
0	122	0	108	8	0	3
0	122	0	109	8	0	6
0	122	0	110	8	0	9
0	122	0	111	8	0	8
0	122	0	112	8	0	8
0	122	0	113	8	0	3
0	122	0	114	8	0	1
0	122	0	115	8	0	1
0	122	0	90	7	0	8
0	122	0	91	7	0	12
0	122	0	92	7	0	7
0	122	0	93	7	0	4
0	122	0	94	7	0	0
0	122	0	95	7	0	11
0	122	0	96	7	0	8
0	122	0	97	7	0	4
0	122	0	98	7	0	7
0	122	0	99	7	0	13
0	122	0	100	7	0	9
0	122	0	101	7	0	4
0	122	0	102	7	0	14
0	122	0	103	7	0	6
0	122	0	104	7	0	15
0	122	0	105	7	0	11
0	122	0	106	7	0	7
0	122	0	107	7	0	19
0	122	0	108	7	0	16
0	122	0	109	7	0	23
0	122	0	110	7	0	8
0	122	0	111	7	0	14
0	122	0	112	7	0	5
0	122	0	113	7	0	11
0	122	0	114	7	0	1
0	122	0	115	7	0	5
0	122	0	120	7	0	1
0	122	0	90	6	0	4
0	122	0	91	6	0	15
0	122	0	92	6	0	9
0	122	0	93	6	0	7
0	122	0	94	6	0	3
0	122	0	95	6	0	4
0	122	0	96	6	0	5
0	122	0	97	6	0	10
0	122	0	98	6	0	11
0	122	0	99	6	0	13
0	122	0	100	6	0	11
0	122	0	101	6	0	5
0	122	0	102	6	0	10
0	122	0	103	6	0	7
0	122	0	104	6	0	10
0	122	0	105	6	0	7
0	122	0	106	6	0	10
0	122	0	107	6	0	7
0	122	0	108	6	0	5
0	122	0	109	6	0	18
0	122	0	110	6	0	6
0	122	0	111	6	0	4
0	122	0	112	6	0	11
0	122	0	113	6	0	14
0	122	0	114	6	0	5
0	122	0	117	6	0	0
0	122	0	90	5	0	12
0	122	0	91	5	0	2
0	122	0	92	5	0	0
0	122	0	93	5	0	6
0	122	0	94	5	0	7
0	122	0	95	5	0	6
0	122	0	96	5	0	15
0	122	0	97	5	0	8
0	122	0	98	5	0	2
0	122	0	99	5	0	7
0	122	0	100	5	0	9
0	122	0	101	5	0	11
0	122	0	102	5	0	7
0	122	0	103	5	0	3
0	122	0	104	5	0	11
0	122	0	105	5	0	7
0	122	0	106	5	0	9
0	122	0	107	5	0	14
0	122	0	108	5	0	6
0	122	0	109	5	0	5
0	122	0	110	5	0	9
0	122	0	111	5	0	9
0	122	0	112	5	0	8
0	122	0	113	5	0	10
0	122	0	114	5	0	3
0	122	0	117	5	0	0
0	122	0	92	4	0	7
0	122	0	93	4	0	7
0	122	0	96	4	0	14
0	122	0	97	4	0	7
0	122	0	98	4	0	2
0	122	0	99	4	0	12
0	122	0	100	4	0	6
0	122	0	101	4	0	7
0	122	0	102	4	0	10
0	122	0	104	4	0	1
0	122	0	105	4	0	11
0	122	0	106	4	0	6
0	122	0	107	4	0	7
0	122	0	108	4	0	4
0	122	0	109	4	0	0
0	122	0	110	4	0	3
0	122	0	111	4	0	5
0	122	0	112	4	0	1
0	122	0	113	4	0	4
0	122	0	116	4	0	0
0	122	0	110	3	0	2
0	122	0	111	3	0	0
0	123	0	115	19	0	3
0	123	0	111	18	0	2
0	123	0	112	18	0	5
0	123	0	114	18	0	4
0	123	0	115	18	0	12
0	123	0	111	17	0	6
0	123	0	112	17	0	3
0	123	0	113	17	0	0
0	123	0	114	17	0	5
0	123	0	115	17	0	0
0	123	0	116	17	0	0
0	123	0	110	16	0	0
0	123	0	111	16	0	6
0	123	0	112	16	0	8
0	123	0	113	16	0	3
0	123	0	114	16	0	2
0	123	0	115	16	0	0
0	123	0	108	15	0	4
0	123	0	109	15	0	4
0	123	0	110	15	0	4
0	123	0	111	15	0	8
0	123	0	112	15	0	5
0	123	0	113	15	0	6
0	123	0	115	15	0	1
0	123	0	106	14	0	7
0	123	0	107	14	0	3
0	123	0	108	14	0	11
0	123	0	109	14	0	9
0	123	0	110	14	0	7
0	123	0	111	14	0	3
0	123	0	112	14	0	5
0	123	0	113	14	0	7
0	123	0	114	14	0	2
0	123	0	104	13	0	13
0	123	0	105	13	0	13
0	123	0	106	13	0	8
0	123	0	107	13	0	8
0	123	0	108	13	0	9
0	123	0	109	13	0	10
0	123	0	110	13	0	15
0	123	0	111	13	0	13
0	123	0	112	13	0	10
0	123	0	113	13	0	10
0	123	0	114	13	0	4
0	123	0	104	12	0	3
0	123	0	105	12	0	3
0	123	0	106	12	0	9
0	123	0	107	12	0	14
0	123	0	108	12	0	10
0	123	0	109	12	0	10
0	123	0	110	12	0	8
0	123	0	111	12	0	3
0	123	0	112	12	0	3
0	123	0	113	12	0	5
0	123	0	114	12	0	2
0	123	0	115	12	0	3
0	123	0	116	12	0	0
0	123	0	99	11	0	9
0	123	0	100	11	0	8
0	123	0	101	11	0	4
0	123	0	102	11	0	7
0	123	0	103	11	0	13
0	123	0	104	11	0	10
0	123	0	105	11	0	6
0	123	0	106	11	0	4
0	123	0	107	11	0	15
0	123	0	108	11	0	13
0	123	0	109	11	0	6
0	123	0	110	11	0	13
0	123	0	111	11	0	4
0	123	0	112	11	0	3
0	123	0	113	11	0	12
0	123	0	114	11	0	12
0	123	0	115	11	0	2
0	123	0	116	11	0	8
0	123	0	92	10	0	15
0	123	0	93	10	0	19
0	123	0	94	10	0	4
0	123	0	96	10	0	7
0	123	0	97	10	0	5
0	123	0	98	10	0	2
0	123	0	99	10	0	12
0	123	0	100	10	0	14
0	123	0	101	10	0	2
0	123	0	102	10	0	10
0	123	0	103	10	0	13
0	123	0	104	10	0	9
0	123	0	105	10	0	11
0	123	0	106	10	0	7
0	123	0	107	10	0	11
0	123	0	108	10	0	12
0	123	0	109	10	0	3
0	123	0	110	10	0	3
0	123	0	111	10	0	8
0	123	0	112	10	0	6
0	123	0	113	10	0	14
0	123	0	114	10	0	4
0	123	0	115	10	0	3
0	123	0	116	10	0	8
0	123	0	117	10	0	1
0	123	0	90	9	0	0
0	123	0	91	9	0	2
0	123	0	92	9	0	4
0	123	0	93	9	0	7
0	123	0	94	9	0	6
0	123	0	95	9	0	7
0	123	0	96	9	0	11
0	123	0	97	9	0	9
0	123	0	98	9	0	3
0	123	0	99	9	0	7
0	123	0	100	9	0	3
0	123	0	101	9	0	11
0	123	0	102	9	0	6
0	123	0	103	9	0	12
0	123	0	104	9	0	8
0	123	0	105	9	0	15
0	123	0	106	9	0	10
0	123	0	107	9	0	6
0	123	0	108	9	0	7
0	123	0	109	9	0	8
0	123	0	110	9	0	5
0	123	0	111	9	0	8
0	123	0	112	9	0	8
0	123	0	113	9	0	0
0	123	0	114	9	0	10
0	123	0	115	9	0	5
0	123	0	116	9	0	1
0	123	0	117	9	0	8
0	123	0	118	9	0	0
0	123	0	90	8	0	6
0	123	0	91	8	0	5
0	123	0	92	8	0	6
0	123	0	93	8	0	7
0	123	0	94	8	0	11
0	123	0	95	8	0	15
0	123	0	96	8	0	7
0	123	0	97	8	0	6
0	123	0	98	8	0	10
0	123	0	99	8	0	12
0	123	0	100	8	0	15
0	123	0	101	8	0	12
0	123	0	102	8	0	9
0	123	0	103	8	0	11
0	123	0	104	8	0	9
0	123	0	105	8	0	12
0	123	0	106	8	0	11
0	123	0	107	8	0	6
0	123	0	108	8	0	5
0	123	0	109	8	0	4
0	123	0	110	8	0	11
0	123	0	111	8	0	7
0	123	0	112	8	0	6
0	123	0	113	8	0	3
0	123	0	114	8	0	3
0	123	0	115	8	0	1
0	123	0	116	8	0	1
0	123	0	90	7	0	10
0	123	0	91	7	0	6
0	123	0	92	7	0	7
0	123	0	93	7	0	7
0	123	0	94	7	0	0
0	123	0	95	7	0	8
0	123	0	96	7	0	6
0	123	0	97	7	0	3
0	123	0	98	7	0	5
0	123	0	99	7	0	16
0	123	0	100	7	0	6
0	123	0	101	7	0	4
0	123	0	102	7	0	15
0	123	0	103	7	0	15
0	123	0	104	7	0	10
0	123	0	105	7	0	7
0	123	0	106	7	0	13
0	123	0	107	7	0	15
0	123	0	108	7	0	13
0	123	0	109	7	0	19
0	123	0	110	7	0	12
0	123	0	111	7	0	8
0	123	0	112	7	0	11
0	123	0	113	7	0	9
0	123	0	114	7	0	4
0	123	0	115	7	0	5
0	123	0	116	7	0	1
0	123	0	120	7	0	1
0	123	0	90	6	0	4
0	123	0	91	6	0	12
0	123	0	92	6	0	7
0	123	0	93	6	0	6
0	123	0	94	6	0	3
0	123	0	95	6	0	3
0	123	0	96	6	0	0
0	123	0	97	6	0	7
0	123	0	98	6	0	11
0	123	0	99	6	0	18
0	123	0	100	6	0	9
0	123	0	101	6	0	5
0	123	0	102	6	0	14
0	123	0	103	6	0	8
0	123	0	104	6	0	10
0	123	0	105	6	0	11
0	123	0	106	6	0	9
0	123	0	107	6	0	7
0	123	0	108	6	0	10
0	123	0	109	6	0	16
0	123	0	110	6	0	8
0	123	0	111	6	0	6
0	123	0	112	6	0	13
0	123	0	113	6	0	9
0	123	0	114	6	0	3
0	123	0	117	6	0	0
0	123	0	90	5	0	11
0	123	0	91	5	0	4
0	123	0	92	5	0	1
0	123	0	93	5	0	6
0	123	0	94	5	0	4
0	123	0	95	5	0	4
0	123	0	96	5	0	17
0	123	0	97	5	0	12
0	123	0	98	5	0	9
0	123	0	99	5	0	6
0	123	0	100	5	0	10
0	123	0	101	5	0	12
0	123	0	102	5	0	4
0	123	0	103	5	0	1
0	123	0	104	5	0	12
0	123	0	105	5	0	7
0	123	0	106	5	0	10
0	123	0	107	5	0	12
0	123	0	108	5	0	7
0	123	0	109	5	0	4
0	123	0	110	5	0	10
0	123	0	111	5	0	11
0	123	0	112	5	0	14
0	123	0	113	5	0	8
0	123	0	114	5	0	2
0	123	0	115	5	0	1
0	123	0	117	5	0	0
0	123	0	92	4	0	5
0	123	0	93	4	0	11
0	123	0	96	4	0	13
0	123	0	97	4	0	6
0	123	0	98	4	0	2
0	123	0	99	4	0	13
0	123	0	100	4	0	7
0	123	0	101	4	0	6
0	123	0	102	4	0	11
0	123	0	104	4	0	0
0	123	0	105	4	0	14
0	123	0	106	4	0	5
0	123	0	107	4	0	13
0	123	0	108	4	0	4
0	123	0	109	4	0	3
0	123	0	110	4	0	8
0	123	0	111	4	0	6
0	123	0	112	4	0	3
0	123	0	113	4	0	3
0	123	0	116	4	0	0
0	123	0	110	3	0	2
0	123	0	111	3	0	0
0	124	0	114	20	0	1
0	124	0	115	19	0	3
0	124	0	111	18	0	4
0	124	0	112	18	0	8
0	124	0	114	18	0	6
0	124	0	115	18	0	11
0	124	0	111	17	0	8
0	124	0	112	17	0	3
0	124	0	113	17	0	0
0	124	0	114	17	0	9
0	124	0	115	17	0	0
0	124	0	116	17	0	1
0	124	0	110	16	0	0
0	124	0	111	16	0	7
0	124	0	112	16	0	18
0	124	0	113	16	0	2
0	124	0	114	16	0	2
0	124	0	115	16	0	0
0	124	0	108	15	0	5
0	124	0	109	15	0	7
0	124	0	110	15	0	7
0	124	0	111	15	0	7
0	124	0	112	15	0	7
0	124	0	113	15	0	8
0	124	0	115	15	0	1
0	124	0	106	14	0	10
0	124	0	107	14	0	1
0	124	0	108	14	0	11
0	124	0	109	14	0	7
0	124	0	110	14	0	6
0	124	0	111	14	0	5
0	124	0	112	14	0	8
0	124	0	113	14	0	12
0	124	0	114	14	0	2
0	124	0	104	13	0	8
0	124	0	105	13	0	11
0	124	0	106	13	0	5
0	124	0	107	13	0	7
0	124	0	108	13	0	9
0	124	0	109	13	0	11
0	124	0	110	13	0	6
0	124	0	111	13	0	9
0	124	0	112	13	0	5
0	124	0	113	13	0	8
0	124	0	114	13	0	9
0	124	0	115	13	0	1
0	124	0	104	12	0	5
0	124	0	105	12	0	4
0	124	0	106	12	0	16
0	124	0	107	12	0	13
0	124	0	108	12	0	11
0	124	0	109	12	0	10
0	124	0	110	12	0	14
0	124	0	111	12	0	4
0	124	0	112	12	0	3
0	124	0	113	12	0	6
0	124	0	114	12	0	2
0	124	0	115	12	0	5
0	124	0	116	12	0	0
0	124	0	99	11	0	8
0	124	0	100	11	0	10
0	124	0	101	11	0	6
0	124	0	102	11	0	10
0	124	0	103	11	0	9
0	124	0	104	11	0	9
0	124	0	105	11	0	7
0	124	0	106	11	0	7
0	124	0	107	11	0	9
0	124	0	108	11	0	14
0	124	0	109	11	0	9
0	124	0	110	11	0	10
0	124	0	111	11	0	7
0	124	0	112	11	0	7
0	124	0	113	11	0	14
0	124	0	114	11	0	7
0	124	0	115	11	0	6
0	124	0	116	11	0	5
0	124	0	92	10	0	11
0	124	0	93	10	0	14
0	124	0	94	10	0	4
0	124	0	96	10	0	7
0	124	0	97	10	0	5
0	124	0	98	10	0	0
0	124	0	99	10	0	11
0	124	0	100	10	0	7
0	124	0	101	10	0	3
0	124	0	102	10	0	7
0	124	0	103	10	0	9
0	124	0	104	10	0	7
0	124	0	105	10	0	8
0	124	0	106	10	0	8
0	124	0	107	10	0	7
0	124	0	108	10	0	11
0	124	0	109	10	0	7
0	124	0	110	10	0	5
0	124	0	111	10	0	0
0	124	0	112	10	0	6
0	124	0	113	10	0	11
0	124	0	114	10	0	7
0	124	0	115	10	0	4
0	124	0	116	10	0	7
0	124	0	117	10	0	1
0	124	0	90	9	0	0
0	124	0	91	9	0	2
0	124	0	92	9	0	4
0	124	0	93	9	0	6
0	124	0	94	9	0	7
0	124	0	95	9	0	12
0	124	0	96	9	0	8
0	124	0	97	9	0	9
0	124	0	98	9	0	4
0	124	0	99	9	0	9
0	124	0	100	9	0	2
0	124	0	101	9	0	10
0	124	0	102	9	0	2
0	124	0	103	9	0	15
0	124	0	104	9	0	5
0	124	0	105	9	0	10
0	124	0	106	9	0	7
0	124	0	107	9	0	9
0	124	0	108	9	0	4
0	124	0	109	9	0	7
0	124	0	110	9	0	4
0	124	0	111	9	0	5
0	124	0	112	9	0	10
0	124	0	113	9	0	0
0	124	0	114	9	0	10
0	124	0	115	9	0	6
0	124	0	116	9	0	0
0	124	0	117	9	0	7
0	124	0	118	9	0	0
0	124	0	90	8	0	2
0	124	0	91	8	0	8
0	124	0	92	8	0	7
0	124	0	93	8	0	9
0	124	0	94	8	0	12
0	124	0	95	8	0	15
0	124	0	96	8	0	6
0	124	0	97	8	0	6
0	124	0	98	8	0	6
0	124	0	99	8	0	13
0	124	0	100	8	0	16
0	124	0	101	8	0	12
0	124	0	102	8	0	6
0	124	0	103	8	0	3
0	124	0	104	8	0	13
0	124	0	105	8	0	8
0	124	0	106	8	0	13
0	124	0	107	8	0	6
0	124	0	108	8	0	8
0	124	0	109	8	0	6
0	124	0	110	8	0	7
0	124	0	111	8	0	14
0	124	0	112	8	0	3
0	124	0	113	8	0	6
0	124	0	114	8	0	3
0	124	0	115	8	0	3
0	124	0	116	8	0	0
0	124	0	90	7	0	12
0	124	0	91	7	0	11
0	124	0	92	7	0	7
0	124	0	93	7	0	8
0	124	0	94	7	0	0
0	124	0	95	7	0	8
0	124	0	96	7	0	9
0	124	0	97	7	0	5
0	124	0	98	7	0	4
0	124	0	99	7	0	9
0	124	0	100	7	0	7
0	124	0	101	7	0	10
0	124	0	102	7	0	14
0	124	0	103	7	0	14
0	124	0	104	7	0	9
0	124	0	105	7	0	8
0	124	0	106	7	0	14
0	124	0	107	7	0	18
0	124	0	108	7	0	7
0	124	0	109	7	0	7
0	124	0	110	7	0	11
0	124	0	111	7	0	7
0	124	0	112	7	0	10
0	124	0	113	7	0	9
0	124	0	114	7	0	7
0	124	0	115	7	0	7
0	124	0	116	7	0	1
0	124	0	120	7	0	1
0	124	0	90	6	0	5
0	124	0	91	6	0	9
0	124	0	92	6	0	6
0	124	0	93	6	0	7
0	124	0	94	6	0	3
0	124	0	95	6	0	5
0	124	0	96	6	0	2
0	124	0	97	6	0	11
0	124	0	98	6	0	6
0	124	0	99	6	0	15
0	124	0	100	6	0	14
0	124	0	101	6	0	9
0	124	0	102	6	0	11
0	124	0	103	6	0	12
0	124	0	104	6	0	10
0	124	0	105	6	0	11
0	124	0	106	6	0	10
0	124	0	107	6	0	3
0	124	0	108	6	0	16
0	124	0	109	6	0	10
0	124	0	110	6	0	8
0	124	0	111	6	0	9
0	124	0	112	6	0	15
0	124	0	113	6	0	8
0	124	0	114	6	0	2
0	124	0	117	6	0	0
0	124	0	90	5	0	6
0	124	0	91	5	0	5
0	124	0	92	5	0	0
0	124	0	93	5	0	6
0	124	0	94	5	0	6
0	124	0	95	5	0	8
0	124	0	96	5	0	12
0	124	0	97	5	0	15
0	124	0	98	5	0	15
0	124	0	99	5	0	6
0	124	0	100	5	0	9
0	124	0	101	5	0	10
0	124	0	102	5	0	2
0	124	0	103	5	0	0
0	124	0	104	5	0	8
0	124	0	105	5	0	5
0	124	0	106	5	0	10
0	124	0	107	5	0	5
0	124	0	108	5	0	5
0	124	0	109	5	0	8
0	124	0	110	5	0	12
0	124	0	111	5	0	15
0	124	0	112	5	0	13
0	124	0	113	5	0	11
0	124	0	114	5	0	4
0	124	0	115	5	0	1
0	124	0	117	5	0	0
0	124	0	92	4	0	1
0	124	0	93	4	0	8
0	124	0	96	4	0	16
0	124	0	97	4	0	3
0	124	0	98	4	0	3
0	124	0	99	4	0	16
0	124	0	100	4	0	7
0	124	0	101	4	0	4
0	124	0	102	4	0	7
0	124	0	104	4	0	0
0	124	0	105	4	0	11
0	124	0	106	4	0	6
0	124	0	107	4	0	6
0	124	0	108	4	0	1
0	124	0	109	4	0	7
0	124	0	110	4	0	8
0	124	0	111	4	0	4
0	124	0	112	4	0	3
0	124	0	113	4	0	6
0	124	0	116	4	0	0
0	124	0	110	3	0	2
0	124	0	111	3	0	0
0	125	0	114	20	0	3
0	125	0	115	19	0	6
0	125	0	111	18	0	2
0	125	0	112	18	0	6
0	125	0	114	18	0	10
0	125	0	115	18	0	15
0	125	0	111	17	0	7
0	125	0	112	17	0	5
0	125	0	113	17	0	2
0	125	0	114	17	0	11
0	125	0	115	17	0	1
0	125	0	116	17	0	1
0	125	0	110	16	0	0
0	125	0	111	16	0	4
0	125	0	112	16	0	12
0	125	0	113	16	0	3
0	125	0	114	16	0	0
0	125	0	115	16	0	0
0	125	0	108	15	0	6
0	125	0	109	15	0	5
0	125	0	110	15	0	2
0	125	0	111	15	0	10
0	125	0	112	15	0	9
0	125	0	113	15	0	3
0	125	0	114	15	0	2
0	125	0	115	15	0	3
0	125	0	106	14	0	12
0	125	0	107	14	0	2
0	125	0	108	14	0	7
0	125	0	109	14	0	13
0	125	0	110	14	0	9
0	125	0	111	14	0	5
0	125	0	112	14	0	8
0	125	0	113	14	0	14
0	125	0	114	14	0	4
0	125	0	104	13	0	7
0	125	0	105	13	0	7
0	125	0	106	13	0	7
0	125	0	107	13	0	9
0	125	0	108	13	0	11
0	125	0	109	13	0	13
0	125	0	110	13	0	7
0	125	0	111	13	0	13
0	125	0	112	13	0	2
0	125	0	113	13	0	4
0	125	0	114	13	0	8
0	125	0	115	13	0	1
0	125	0	104	12	0	9
0	125	0	105	12	0	5
0	125	0	106	12	0	12
0	125	0	107	12	0	7
0	125	0	108	12	0	9
0	125	0	109	12	0	9
0	125	0	110	12	0	14
0	125	0	111	12	0	4
0	125	0	112	12	0	2
0	125	0	113	12	0	8
0	125	0	114	12	0	2
0	125	0	115	12	0	9
0	125	0	116	12	0	0
0	125	0	99	11	0	2
0	125	0	100	11	0	12
0	125	0	101	11	0	8
0	125	0	102	11	0	13
0	125	0	103	11	0	6
0	125	0	104	11	0	11
0	125	0	105	11	0	6
0	125	0	106	11	0	5
0	125	0	107	11	0	7
0	125	0	108	11	0	12
0	125	0	109	11	0	7
0	125	0	110	11	0	6
0	125	0	111	11	0	12
0	125	0	112	11	0	8
0	125	0	113	11	0	11
0	125	0	114	11	0	7
0	125	0	115	11	0	4
0	125	0	116	11	0	10
0	125	0	92	10	0	14
0	125	0	93	10	0	8
0	125	0	94	10	0	7
0	125	0	96	10	0	7
0	125	0	97	10	0	6
0	125	0	98	10	0	1
0	125	0	99	10	0	15
0	125	0	100	10	0	10
0	125	0	101	10	0	8
0	125	0	102	10	0	9
0	125	0	103	10	0	11
0	125	0	104	10	0	10
0	125	0	105	10	0	9
0	125	0	106	10	0	6
0	125	0	107	10	0	8
0	125	0	108	10	0	14
0	125	0	109	10	0	9
0	125	0	110	10	0	6
0	125	0	111	10	0	0
0	125	0	112	10	0	9
0	125	0	113	10	0	11
0	125	0	114	10	0	7
0	125	0	115	10	0	4
0	125	0	116	10	0	12
0	125	0	117	10	0	1
0	125	0	90	9	0	0
0	125	0	91	9	0	5
0	125	0	92	9	0	4
0	125	0	93	9	0	4
0	125	0	94	9	0	7
0	125	0	95	9	0	13
0	125	0	96	9	0	12
0	125	0	97	9	0	10
0	125	0	98	9	0	6
0	125	0	99	9	0	10
0	125	0	100	9	0	4
0	125	0	101	9	0	11
0	125	0	102	9	0	3
0	125	0	103	9	0	15
0	125	0	104	9	0	9
0	125	0	105	9	0	13
0	125	0	106	9	0	12
0	125	0	107	9	0	6
0	125	0	108	9	0	6
0	125	0	109	9	0	6
0	125	0	110	9	0	8
0	125	0	111	9	0	5
0	125	0	112	9	0	11
0	125	0	113	9	0	1
0	125	0	114	9	0	9
0	125	0	115	9	0	4
0	125	0	116	9	0	1
0	125	0	117	9	0	10
0	125	0	118	9	0	0
0	125	0	90	8	0	1
0	125	0	91	8	0	4
0	125	0	92	8	0	9
0	125	0	93	8	0	13
0	125	0	94	8	0	19
0	125	0	95	8	0	18
0	125	0	96	8	0	8
0	125	0	97	8	0	5
0	125	0	98	8	0	9
0	125	0	99	8	0	11
0	125	0	100	8	0	25
0	125	0	101	8	0	10
0	125	0	102	8	0	3
0	125	0	103	8	0	5
0	125	0	104	8	0	11
0	125	0	105	8	0	12
0	125	0	106	8	0	10
0	125	0	107	8	0	7
0	125	0	108	8	0	8
0	125	0	109	8	0	9
0	125	0	110	8	0	9
0	125	0	111	8	0	6
0	125	0	112	8	0	4
0	125	0	113	8	0	2
0	125	0	114	8	0	8
0	125	0	115	8	0	4
0	125	0	116	8	0	0
0	125	0	90	7	0	8
0	125	0	91	7	0	12
0	125	0	92	7	0	8
0	125	0	93	7	0	8
0	125	0	94	7	0	2
0	125	0	95	7	0	7
0	125	0	96	7	0	9
0	125	0	97	7	0	8
0	125	0	98	7	0	3
0	125	0	99	7	0	11
0	125	0	100	7	0	9
0	125	0	101	7	0	8
0	125	0	102	7	0	12
0	125	0	103	7	0	16
0	125	0	104	7	0	11
0	125	0	105	7	0	8
0	125	0	106	7	0	18
0	125	0	107	7	0	11
0	125	0	108	7	0	7
0	125	0	109	7	0	7
0	125	0	110	7	0	10
0	125	0	111	7	0	14
0	125	0	112	7	0	10
0	125	0	113	7	0	12
0	125	0	114	7	0	10
0	125	0	115	7	0	8
0	125	0	116	7	0	1
0	125	0	120	7	0	1
0	125	0	90	6	0	4
0	125	0	91	6	0	8
0	125	0	92	6	0	8
0	125	0	93	6	0	8
0	125	0	94	6	0	4
0	125	0	95	6	0	4
0	125	0	96	6	0	3
0	125	0	97	6	0	8
0	125	0	98	6	0	9
0	125	0	99	6	0	18
0	125	0	100	6	0	9
0	125	0	101	6	0	8
0	125	0	102	6	0	13
0	125	0	103	6	0	17
0	125	0	104	6	0	8
0	125	0	105	6	0	8
0	125	0	106	6	0	6
0	125	0	107	6	0	6
0	125	0	108	6	0	11
0	125	0	109	6	0	10
0	125	0	110	6	0	10
0	125	0	111	6	0	6
0	125	0	112	6	0	18
0	125	0	113	6	0	10
0	125	0	114	6	0	3
0	125	0	115	6	0	1
0	125	0	117	6	0	0
0	125	0	90	5	0	8
0	125	0	91	5	0	4
0	125	0	92	5	0	0
0	125	0	93	5	0	5
0	125	0	94	5	0	4
0	125	0	95	5	0	8
0	125	0	96	5	0	6
0	125	0	97	5	0	12
0	125	0	98	5	0	14
0	125	0	99	5	0	2
0	125	0	100	5	0	8
0	125	0	101	5	0	9
0	125	0	102	5	0	3
0	125	0	103	5	0	1
0	125	0	104	5	0	7
0	125	0	105	5	0	7
0	125	0	106	5	0	10
0	125	0	107	5	0	9
0	125	0	108	5	0	5
0	125	0	109	5	0	11
0	125	0	110	5	0	8
0	125	0	111	5	0	20
0	125	0	112	5	0	5
0	125	0	113	5	0	14
0	125	0	114	5	0	3
0	125	0	115	5	0	3
0	125	0	117	5	0	0
0	125	0	92	4	0	3
0	125	0	93	4	0	5
0	125	0	96	4	0	10
0	125	0	97	4	0	6
0	125	0	98	4	0	7
0	125	0	99	4	0	16
0	125	0	100	4	0	8
0	125	0	101	4	0	3
0	125	0	102	4	0	10
0	125	0	104	4	0	1
0	125	0	105	4	0	7
0	125	0	106	4	0	5
0	125	0	107	4	0	8
0	125	0	108	4	0	1
0	125	0	109	4	0	7
0	125	0	110	4	0	8
0	125	0	111	4	0	4
0	125	0	112	4	0	1
0	125	0	113	4	0	10
0	125	0	116	4	0	0
0	125	0	110	3	0	2
0	125	0	111	3	0	2
0	126	0	114	20	0	1
0	126	0	115	19	0	6
0	126	0	111	18	0	2
0	126	0	112	18	0	11
0	126	0	114	18	0	9
0	126	0	115	18	0	12
0	126	0	111	17	0	5
0	126	0	112	17	0	7
0	126	0	113	17	0	3
0	126	0	114	17	0	11
0	126	0	115	17	0	0
0	126	0	116	17	0	3
0	126	0	110	16	0	0
0	126	0	111	16	0	4
0	126	0	112	16	0	6
0	126	0	113	16	0	4
0	126	0	114	16	0	1
0	126	0	115	16	0	0
0	126	0	108	15	0	8
0	126	0	109	15	0	3
0	126	0	110	15	0	3
0	126	0	111	15	0	6
0	126	0	112	15	0	10
0	126	0	113	15	0	6
0	126	0	114	15	0	1
0	126	0	115	15	0	4
0	126	0	117	15	0	1
0	126	0	106	14	0	12
0	126	0	107	14	0	0
0	126	0	108	14	0	8
0	126	0	109	14	0	9
0	126	0	110	14	0	7
0	126	0	111	14	0	6
0	126	0	112	14	0	10
0	126	0	113	14	0	15
0	126	0	114	14	0	3
0	126	0	104	13	0	9
0	126	0	105	13	0	3
0	126	0	106	13	0	6
0	126	0	107	13	0	8
0	126	0	108	13	0	11
0	126	0	109	13	0	14
0	126	0	110	13	0	5
0	126	0	111	13	0	19
0	126	0	112	13	0	1
0	126	0	113	13	0	7
0	126	0	114	13	0	11
0	126	0	115	13	0	2
0	126	0	104	12	0	6
0	126	0	105	12	0	10
0	126	0	106	12	0	18
0	126	0	107	12	0	9
0	126	0	108	12	0	8
0	126	0	109	12	0	6
0	126	0	110	12	0	13
0	126	0	111	12	0	2
0	126	0	112	12	0	2
0	126	0	113	12	0	14
0	126	0	114	12	0	6
0	126	0	115	12	0	10
0	126	0	116	12	0	0
0	126	0	99	11	0	6
0	126	0	100	11	0	9
0	126	0	101	11	0	5
0	126	0	102	11	0	14
0	126	0	103	11	0	9
0	126	0	104	11	0	10
0	126	0	105	11	0	7
0	126	0	106	11	0	4
0	126	0	107	11	0	7
0	126	0	108	11	0	11
0	126	0	109	11	0	13
0	126	0	110	11	0	5
0	126	0	111	11	0	5
0	126	0	112	11	0	4
0	126	0	113	11	0	13
0	126	0	114	11	0	3
0	126	0	115	11	0	8
0	126	0	116	11	0	11
0	126	0	92	10	0	14
0	126	0	93	10	0	11
0	126	0	94	10	0	7
0	126	0	96	10	0	14
0	126	0	97	10	0	9
0	126	0	98	10	0	3
0	126	0	99	10	0	11
0	126	0	100	10	0	12
0	126	0	101	10	0	6
0	126	0	102	10	0	6
0	126	0	103	10	0	10
0	126	0	104	10	0	15
0	126	0	105	10	0	13
0	126	0	106	10	0	4
0	126	0	107	10	0	6
0	126	0	108	10	0	9
0	126	0	109	10	0	9
0	126	0	110	10	0	8
0	126	0	111	10	0	0
0	126	0	112	10	0	9
0	126	0	113	10	0	12
0	126	0	114	10	0	4
0	126	0	115	10	0	7
0	126	0	116	10	0	10
0	126	0	117	10	0	0
0	126	0	90	9	0	0
0	126	0	91	9	0	4
0	126	0	92	9	0	4
0	126	0	93	9	0	9
0	126	0	94	9	0	14
0	126	0	95	9	0	13
0	126	0	96	9	0	6
0	126	0	97	9	0	7
0	126	0	98	9	0	6
0	126	0	99	9	0	10
0	126	0	100	9	0	3
0	126	0	101	9	0	13
0	126	0	102	9	0	1
0	126	0	103	9	0	9
0	126	0	104	9	0	12
0	126	0	105	9	0	10
0	126	0	106	9	0	15
0	126	0	107	9	0	5
0	126	0	108	9	0	8
0	126	0	109	9	0	7
0	126	0	110	9	0	6
0	126	0	111	9	0	1
0	126	0	112	9	0	7
0	126	0	113	9	0	2
0	126	0	114	9	0	3
0	126	0	115	9	0	5
0	126	0	116	9	0	4
0	126	0	117	9	0	12
0	126	0	118	9	0	0
0	126	0	90	8	0	4
0	126	0	91	8	0	4
0	126	0	92	8	0	11
0	126	0	93	8	0	12
0	126	0	94	8	0	16
0	126	0	95	8	0	11
0	126	0	96	8	0	8
0	126	0	97	8	0	5
0	126	0	98	8	0	6
0	126	0	99	8	0	5
0	126	0	100	8	0	21
0	126	0	101	8	0	12
0	126	0	102	8	0	5
0	126	0	103	8	0	10
0	126	0	104	8	0	10
0	126	0	105	8	0	6
0	126	0	106	8	0	12
0	126	0	107	8	0	7
0	126	0	108	8	0	12
0	126	0	109	8	0	13
0	126	0	110	8	0	6
0	126	0	111	8	0	3
0	126	0	112	8	0	4
0	126	0	113	8	0	0
0	126	0	114	8	0	9
0	126	0	115	8	0	7
0	126	0	116	8	0	2
0	126	0	90	7	0	4
0	126	0	91	7	0	7
0	126	0	92	7	0	7
0	126	0	93	7	0	7
0	126	0	94	7	0	4
0	126	0	95	7	0	5
0	126	0	96	7	0	9
0	126	0	97	7	0	5
0	126	0	98	7	0	5
0	126	0	99	7	0	5
0	126	0	100	7	0	11
0	126	0	101	7	0	7
0	126	0	102	7	0	10
0	126	0	103	7	0	12
0	126	0	104	7	0	11
0	126	0	105	7	0	12
0	126	0	106	7	0	21
0	126	0	107	7	0	8
0	126	0	108	7	0	11
0	126	0	109	7	0	8
0	126	0	110	7	0	9
0	126	0	111	7	0	12
0	126	0	112	7	0	8
0	126	0	113	7	0	6
0	126	0	114	7	0	10
0	126	0	115	7	0	7
0	126	0	116	7	0	1
0	126	0	120	7	0	0
0	126	0	90	6	0	5
0	126	0	91	6	0	7
0	126	0	92	6	0	9
0	126	0	93	6	0	10
0	126	0	94	6	0	7
0	126	0	95	6	0	1
0	126	0	96	6	0	4
0	126	0	97	6	0	8
0	126	0	98	6	0	7
0	126	0	99	6	0	13
0	126	0	100	6	0	9
0	126	0	101	6	0	9
0	126	0	102	6	0	12
0	126	0	103	6	0	11
0	126	0	104	6	0	6
0	126	0	105	6	0	5
0	126	0	106	6	0	4
0	126	0	107	6	0	9
0	126	0	108	6	0	11
0	126	0	109	6	0	9
0	126	0	110	6	0	8
0	126	0	111	6	0	7
0	126	0	112	6	0	18
0	126	0	113	6	0	13
0	126	0	114	6	0	1
0	126	0	115	6	0	3
0	126	0	117	6	0	0
0	126	0	90	5	0	9
0	126	0	91	5	0	2
0	126	0	92	5	0	0
0	126	0	93	5	0	3
0	126	0	94	5	0	5
0	126	0	95	5	0	8
0	126	0	96	5	0	6
0	126	0	97	5	0	19
0	126	0	98	5	0	17
0	126	0	99	5	0	5
0	126	0	100	5	0	11
0	126	0	101	5	0	13
0	126	0	102	5	0	4
0	126	0	103	5	0	3
0	126	0	104	5	0	11
0	126	0	105	5	0	4
0	126	0	106	5	0	13
0	126	0	107	5	0	7
0	126	0	108	5	0	11
0	126	0	109	5	0	11
0	126	0	110	5	0	12
0	126	0	111	5	0	10
0	126	0	112	5	0	3
0	126	0	113	5	0	9
0	126	0	114	5	0	0
0	126	0	115	5	0	5
0	126	0	117	5	0	0
0	126	0	92	4	0	6
0	126	0	93	4	0	4
0	126	0	96	4	0	14
0	126	0	97	4	0	4
0	126	0	98	4	0	6
0	126	0	99	4	0	16
0	126	0	100	4	0	14
0	126	0	101	4	0	3
0	126	0	102	4	0	5
0	126	0	104	4	0	1
0	126	0	105	4	0	14
0	126	0	106	4	0	7
0	126	0	107	4	0	12
0	126	0	108	4	0	1
0	126	0	109	4	0	4
0	126	0	110	4	0	9
0	126	0	111	4	0	2
0	126	0	112	4	0	1
0	126	0	113	4	0	4
0	126	0	116	4	0	0
0	126	0	110	3	0	2
0	126	0	111	3	0	5
0	127	0	114	20	0	2
0	127	0	112	19	0	1
0	127	0	115	19	0	7
0	127	0	116	19	0	1
0	127	0	111	18	0	5
0	127	0	112	18	0	10
0	127	0	113	18	0	1
0	127	0	114	18	0	4
0	127	0	115	18	0	14
0	127	0	120	18	0	1
0	127	0	111	17	0	6
0	127	0	112	17	0	10
0	127	0	113	17	0	5
0	127	0	114	17	0	13
0	127	0	115	17	0	0
0	127	0	116	17	0	10
0	127	0	110	16	0	1
0	127	0	111	16	0	3
0	127	0	112	16	0	8
0	127	0	113	16	0	3
0	127	0	114	16	0	3
0	127	0	115	16	0	0
0	127	0	108	15	0	12
0	127	0	109	15	0	7
0	127	0	110	15	0	4
0	127	0	111	15	0	2
0	127	0	112	15	0	7
0	127	0	113	15	0	10
0	127	0	114	15	0	2
0	127	0	115	15	0	6
0	127	0	117	15	0	0
0	127	0	106	14	0	13
0	127	0	107	14	0	0
0	127	0	108	14	0	6
0	127	0	109	14	0	13
0	127	0	110	14	0	9
0	127	0	111	14	0	4
0	127	0	112	14	0	7
0	127	0	113	14	0	9
0	127	0	114	14	0	4
0	127	0	116	14	0	1
0	127	0	104	13	0	6
0	127	0	105	13	0	6
0	127	0	106	13	0	2
0	127	0	107	13	0	10
0	127	0	108	13	0	6
0	127	0	109	13	0	7
0	127	0	110	13	0	7
0	127	0	111	13	0	14
0	127	0	112	13	0	2
0	127	0	113	13	0	9
0	127	0	114	13	0	11
0	127	0	115	13	0	5
0	127	0	116	13	0	1
0	127	0	104	12	0	3
0	127	0	105	12	0	9
0	127	0	106	12	0	16
0	127	0	107	12	0	12
0	127	0	108	12	0	10
0	127	0	109	12	0	5
0	127	0	110	12	0	7
0	127	0	111	12	0	0
0	127	0	112	12	0	5
0	127	0	113	12	0	12
0	127	0	114	12	0	6
0	127	0	115	12	0	13
0	127	0	116	12	0	0
0	127	0	99	11	0	4
0	127	0	100	11	0	5
0	127	0	101	11	0	8
0	127	0	102	11	0	17
0	127	0	103	11	0	15
0	127	0	104	11	0	8
0	127	0	105	11	0	6
0	127	0	106	11	0	2
0	127	0	107	11	0	1
0	127	0	108	11	0	12
0	127	0	109	11	0	6
0	127	0	110	11	0	1
0	127	0	111	11	0	3
0	127	0	112	11	0	7
0	127	0	113	11	0	14
0	127	0	114	11	0	7
0	127	0	115	11	0	7
0	127	0	116	11	0	8
0	127	0	92	10	0	17
0	127	0	93	10	0	11
0	127	0	94	10	0	9
0	127	0	96	10	0	7
0	127	0	97	10	0	6
0	127	0	98	10	0	2
0	127	0	99	10	0	10
0	127	0	100	10	0	12
0	127	0	101	10	0	10
0	127	0	102	10	0	7
0	127	0	103	10	0	10
0	127	0	104	10	0	8
0	127	0	105	10	0	21
0	127	0	106	10	0	4
0	127	0	107	10	0	5
0	127	0	108	10	0	11
0	127	0	109	10	0	14
0	127	0	110	10	0	9
0	127	0	111	10	0	1
0	127	0	112	10	0	8
0	127	0	113	10	0	7
0	127	0	114	10	0	3
0	127	0	115	10	0	9
0	127	0	116	10	0	17
0	127	0	117	10	0	0
0	127	0	90	9	0	0
0	127	0	91	9	0	1
0	127	0	92	9	0	7
0	127	0	93	9	0	11
0	127	0	94	9	0	13
0	127	0	95	9	0	9
0	127	0	96	9	0	2
0	127	0	97	9	0	9
0	127	0	98	9	0	7
0	127	0	99	9	0	15
0	127	0	100	9	0	4
0	127	0	101	9	0	18
0	127	0	102	9	0	3
0	127	0	103	9	0	7
0	127	0	104	9	0	10
0	127	0	105	9	0	7
0	127	0	106	9	0	17
0	127	0	107	9	0	15
0	127	0	108	9	0	8
0	127	0	109	9	0	12
0	127	0	110	9	0	4
0	127	0	111	9	0	5
0	127	0	112	9	0	9
0	127	0	113	9	0	5
0	127	0	114	9	0	1
0	127	0	115	9	0	7
0	127	0	116	9	0	2
0	127	0	117	9	0	7
0	127	0	118	9	0	0
0	127	0	90	8	0	5
0	127	0	91	8	0	6
0	127	0	92	8	0	12
0	127	0	93	8	0	13
0	127	0	94	8	0	13
0	127	0	95	8	0	8
0	127	0	96	8	0	5
0	127	0	97	8	0	5
0	127	0	98	8	0	10
0	127	0	99	8	0	5
0	127	0	100	8	0	13
0	127	0	101	8	0	9
0	127	0	102	8	0	8
0	127	0	103	8	0	10
0	127	0	104	8	0	11
0	127	0	105	8	0	15
0	127	0	106	8	0	6
0	127	0	107	8	0	9
0	127	0	108	8	0	8
0	127	0	109	8	0	9
0	127	0	110	8	0	6
0	127	0	111	8	0	1
0	127	0	112	8	0	6
0	127	0	113	8	0	1
0	127	0	114	8	0	6
0	127	0	115	8	0	9
0	127	0	116	8	0	6
0	127	0	117	8	0	1
0	127	0	118	8	0	1
0	127	0	90	7	0	5
0	127	0	91	7	0	8
0	127	0	92	7	0	9
0	127	0	93	7	0	11
0	127	0	94	7	0	4
0	127	0	95	7	0	6
0	127	0	96	7	0	4
0	127	0	97	7	0	5
0	127	0	98	7	0	6
0	127	0	99	7	0	8
0	127	0	100	7	0	8
0	127	0	101	7	0	12
0	127	0	102	7	0	12
0	127	0	103	7	0	15
0	127	0	104	7	0	5
0	127	0	105	7	0	8
0	127	0	106	7	0	15
0	127	0	107	7	0	9
0	127	0	108	7	0	9
0	127	0	109	7	0	6
0	127	0	110	7	0	11
0	127	0	111	7	0	9
0	127	0	112	7	0	5
0	127	0	113	7	0	7
0	127	0	114	7	0	12
0	127	0	115	7	0	7
0	127	0	116	7	0	1
0	127	0	120	7	0	0
0	127	0	90	6	0	5
0	127	0	91	6	0	7
0	127	0	92	6	0	10
0	127	0	93	6	0	9
0	127	0	94	6	0	5
0	127	0	95	6	0	2
0	127	0	96	6	0	9
0	127	0	97	6	0	10
0	127	0	98	6	0	10
0	127	0	99	6	0	7
0	127	0	100	6	0	1
0	127	0	101	6	0	9
0	127	0	102	6	0	13
0	127	0	103	6	0	18
0	127	0	104	6	0	5
0	127	0	105	6	0	7
0	127	0	106	6	0	6
0	127	0	107	6	0	9
0	127	0	108	6	0	10
0	127	0	109	6	0	10
0	127	0	110	6	0	9
0	127	0	111	6	0	6
0	127	0	112	6	0	15
0	127	0	113	6	0	10
0	127	0	114	6	0	2
0	127	0	115	6	0	2
0	127	0	117	6	0	0
0	127	0	90	5	0	9
0	127	0	91	5	0	7
0	127	0	92	5	0	0
0	127	0	93	5	0	9
0	127	0	94	5	0	7
0	127	0	95	5	0	9
0	127	0	96	5	0	9
0	127	0	97	5	0	10
0	127	0	98	5	0	13
0	127	0	99	5	0	6
0	127	0	100	5	0	6
0	127	0	101	5	0	16
0	127	0	102	5	0	3
0	127	0	103	5	0	5
0	127	0	104	5	0	6
0	127	0	105	5	0	4
0	127	0	106	5	0	9
0	127	0	107	5	0	4
0	127	0	108	5	0	9
0	127	0	109	5	0	7
0	127	0	110	5	0	15
0	127	0	111	5	0	14
0	127	0	112	5	0	8
0	127	0	113	5	0	12
0	127	0	114	5	0	1
0	127	0	115	5	0	6
0	127	0	116	5	0	1
0	127	0	117	5	0	0
0	127	0	92	4	0	4
0	127	0	93	4	0	5
0	127	0	96	4	0	14
0	127	0	97	4	0	7
0	127	0	98	4	0	5
0	127	0	99	4	0	9
0	127	0	100	4	0	12
0	127	0	101	4	0	1
0	127	0	102	4	0	6
0	127	0	104	4	0	4
0	127	0	105	4	0	12
0	127	0	106	4	0	7
0	127	0	107	4	0	9
0	127	0	108	4	0	2
0	127	0	109	4	0	4
0	127	0	110	4	0	7
0	127	0	111	4	0	2
0	127	0	112	4	0	1
0	127	0	113	4	0	2
0	127	0	116	4	0	0
0	127	0	110	3	0	2
0	127	0	111	3	0	1
0	128	0	114	20	0	5
0	128	0	112	19	0	2
0	128	0	113	19	0	1
0	128	0	115	19	0	5
0	128	0	116	19	0	2
0	128	0	117	19	0	1
0	128	0	111	18	0	6
0	128	0	112	18	0	12
0	128	0	113	18	0	0
0	128	0	114	18	0	4
0	128	0	115	18	0	12
0	128	0	120	18	0	0
0	128	0	111	17	0	2
0	128	0	112	17	0	11
0	128	0	113	17	0	3
0	128	0	114	17	0	18
0	128	0	115	17	0	0
0	128	0	116	17	0	12
0	128	0	110	16	0	3
0	128	0	111	16	0	2
0	128	0	112	16	0	8
0	128	0	113	16	0	2
0	128	0	114	16	0	2
0	128	0	115	16	0	1
0	128	0	108	15	0	9
0	128	0	109	15	0	5
0	128	0	110	15	0	6
0	128	0	111	15	0	3
0	128	0	112	15	0	5
0	128	0	113	15	0	8
0	128	0	114	15	0	5
0	128	0	115	15	0	8
0	128	0	117	15	0	0
0	128	0	106	14	0	9
0	128	0	107	14	0	0
0	128	0	108	14	0	7
0	128	0	109	14	0	11
0	128	0	110	14	0	8
0	128	0	111	14	0	8
0	128	0	112	14	0	5
0	128	0	113	14	0	15
0	128	0	114	14	0	8
0	128	0	116	14	0	2
0	128	0	104	13	0	7
0	128	0	105	13	0	8
0	128	0	106	13	0	1
0	128	0	107	13	0	2
0	128	0	108	13	0	6
0	128	0	109	13	0	8
0	128	0	110	13	0	12
0	128	0	111	13	0	12
0	128	0	112	13	0	2
0	128	0	113	13	0	10
0	128	0	114	13	0	9
0	128	0	115	13	0	4
0	128	0	116	13	0	3
0	128	0	104	12	0	6
0	128	0	105	12	0	9
0	128	0	106	12	0	14
0	128	0	107	12	0	7
0	128	0	108	12	0	10
0	128	0	109	12	0	8
0	128	0	110	12	0	7
0	128	0	111	12	0	5
0	128	0	112	12	0	6
0	128	0	113	12	0	9
0	128	0	114	12	0	4
0	128	0	115	12	0	12
0	128	0	116	12	0	2
0	128	0	99	11	0	4
0	128	0	100	11	0	5
0	128	0	101	11	0	12
0	128	0	102	11	0	9
0	128	0	103	11	0	10
0	128	0	104	11	0	14
0	128	0	105	11	0	9
0	128	0	106	11	0	2
0	128	0	107	11	0	3
0	128	0	108	11	0	16
0	128	0	109	11	0	6
0	128	0	110	11	0	2
0	128	0	111	11	0	2
0	128	0	112	11	0	8
0	128	0	113	11	0	8
0	128	0	114	11	0	2
0	128	0	115	11	0	4
0	128	0	116	11	0	11
0	128	0	92	10	0	13
0	128	0	93	10	0	6
0	128	0	94	10	0	7
0	128	0	96	10	0	7
0	128	0	97	10	0	5
0	128	0	98	10	0	2
0	128	0	99	10	0	7
0	128	0	100	10	0	18
0	128	0	101	10	0	13
0	128	0	102	10	0	7
0	128	0	103	10	0	8
0	128	0	104	10	0	4
0	128	0	105	10	0	13
0	128	0	106	10	0	3
0	128	0	107	10	0	4
0	128	0	108	10	0	9
0	128	0	109	10	0	12
0	128	0	110	10	0	8
0	128	0	111	10	0	1
0	128	0	112	10	0	10
0	128	0	113	10	0	11
0	128	0	114	10	0	1
0	128	0	115	10	0	13
0	128	0	116	10	0	13
0	128	0	117	10	0	0
0	128	0	90	9	0	0
0	128	0	91	9	0	2
0	128	0	92	9	0	9
0	128	0	93	9	0	11
0	128	0	94	9	0	12
0	128	0	95	9	0	13
0	128	0	96	9	0	2
0	128	0	97	9	0	12
0	128	0	98	9	0	8
0	128	0	99	9	0	9
0	128	0	100	9	0	8
0	128	0	101	9	0	8
0	128	0	102	9	0	4
0	128	0	103	9	0	9
0	128	0	104	9	0	11
0	128	0	105	9	0	7
0	128	0	106	9	0	10
0	128	0	107	9	0	18
0	128	0	108	9	0	9
0	128	0	109	9	0	7
0	128	0	110	9	0	3
0	128	0	111	9	0	8
0	128	0	112	9	0	16
0	128	0	113	9	0	6
0	128	0	114	9	0	1
0	128	0	115	9	0	6
0	128	0	116	9	0	1
0	128	0	117	9	0	4
0	128	0	118	9	0	0
0	128	0	90	8	0	5
0	128	0	91	8	0	11
0	128	0	92	8	0	14
0	128	0	93	8	0	12
0	128	0	94	8	0	7
0	128	0	95	8	0	10
0	128	0	96	8	0	6
0	128	0	97	8	0	3
0	128	0	98	8	0	12
0	128	0	99	8	0	8
0	128	0	100	8	0	7
0	128	0	101	8	0	8
0	128	0	102	8	0	7
0	128	0	103	8	0	7
0	128	0	104	8	0	12
0	128	0	105	8	0	13
0	128	0	106	8	0	5
0	128	0	107	8	0	9
0	128	0	108	8	0	6
0	128	0	109	8	0	8
0	128	0	110	8	0	4
0	128	0	111	8	0	3
0	128	0	112	8	0	9
0	128	0	113	8	0	2
0	128	0	114	8	0	8
0	128	0	115	8	0	11
0	128	0	116	8	0	8
0	128	0	117	8	0	1
0	128	0	118	8	0	0
0	128	0	90	7	0	3
0	128	0	91	7	0	12
0	128	0	92	7	0	10
0	128	0	93	7	0	9
0	128	0	94	7	0	6
0	128	0	95	7	0	9
0	128	0	96	7	0	5
0	128	0	97	7	0	4
0	128	0	98	7	0	4
0	128	0	99	7	0	9
0	128	0	100	7	0	10
0	128	0	101	7	0	15
0	128	0	102	7	0	14
0	128	0	103	7	0	14
0	128	0	104	7	0	7
0	128	0	105	7	0	5
0	128	0	106	7	0	15
0	128	0	107	7	0	12
0	128	0	108	7	0	12
0	128	0	109	7	0	10
0	128	0	110	7	0	9
0	128	0	111	7	0	12
0	128	0	112	7	0	7
0	128	0	113	7	0	8
0	128	0	114	7	0	19
0	128	0	115	7	0	9
0	128	0	116	7	0	2
0	128	0	120	7	0	0
0	128	0	90	6	0	4
0	128	0	91	6	0	10
0	128	0	92	6	0	9
0	128	0	93	6	0	7
0	128	0	94	6	0	4
0	128	0	95	6	0	2
0	128	0	96	6	0	6
0	128	0	97	6	0	6
0	128	0	98	6	0	19
0	128	0	99	6	0	7
0	128	0	100	6	0	2
0	128	0	101	6	0	9
0	128	0	102	6	0	16
0	128	0	103	6	0	20
0	128	0	104	6	0	6
0	128	0	105	6	0	4
0	128	0	106	6	0	14
0	128	0	107	6	0	3
0	128	0	108	6	0	10
0	128	0	109	6	0	6
0	128	0	110	6	0	8
0	128	0	111	6	0	7
0	128	0	112	6	0	15
0	128	0	113	6	0	15
0	128	0	114	6	0	1
0	128	0	115	6	0	1
0	128	0	116	6	0	1
0	128	0	117	6	0	0
0	128	0	90	5	0	6
0	128	0	91	5	0	12
0	128	0	92	5	0	0
0	128	0	93	5	0	6
0	128	0	94	5	0	8
0	128	0	95	5	0	5
0	128	0	96	5	0	5
0	128	0	97	5	0	12
0	128	0	98	5	0	17
0	128	0	99	5	0	2
0	128	0	100	5	0	6
0	128	0	101	5	0	6
0	128	0	102	5	0	3
0	128	0	103	5	0	7
0	128	0	104	5	0	3
0	128	0	105	5	0	7
0	128	0	106	5	0	10
0	128	0	107	5	0	6
0	128	0	108	5	0	8
0	128	0	109	5	0	8
0	128	0	110	5	0	13
0	128	0	111	5	0	8
0	128	0	112	5	0	10
0	128	0	113	5	0	13
0	128	0	114	5	0	4
0	128	0	115	5	0	8
0	128	0	116	5	0	1
0	128	0	117	5	0	0
0	128	0	92	4	0	3
0	128	0	93	4	0	3
0	128	0	96	4	0	10
0	128	0	97	4	0	4
0	128	0	98	4	0	1
0	128	0	99	4	0	11
0	128	0	100	4	0	19
0	128	0	101	4	0	2
0	128	0	102	4	0	5
0	128	0	104	4	0	5
0	128	0	105	4	0	6
0	128	0	106	4	0	13
0	128	0	107	4	0	10
0	128	0	108	4	0	2
0	128	0	109	4	0	6
0	128	0	110	4	0	8
0	128	0	111	4	0	1
0	128	0	112	4	0	2
0	128	0	113	4	0	3
0	128	0	114	4	0	2
0	128	0	116	4	0	0
0	128	0	110	3	0	3
0	128	0	111	3	0	2
0	129	0	114	20	0	5
0	129	0	112	19	0	3
0	129	0	113	19	0	1
0	129	0	114	19	0	1
0	129	0	115	19	0	8
0	129	0	116	19	0	5
0	129	0	117	19	0	0
0	129	0	111	18	0	8
0	129	0	112	18	0	13
0	129	0	113	18	0	1
0	129	0	114	18	0	3
0	129	0	115	18	0	15
0	129	0	120	18	0	0
0	129	0	111	17	0	1
0	129	0	112	17	0	11
0	129	0	113	17	0	1
0	129	0	114	17	0	15
0	129	0	115	17	0	0
0	129	0	116	17	0	14
0	129	0	110	16	0	5
0	129	0	111	16	0	2
0	129	0	112	16	0	11
0	129	0	113	16	0	4
0	129	0	114	16	0	2
0	129	0	115	16	0	0
0	129	0	108	15	0	7
0	129	0	109	15	0	5
0	129	0	110	15	0	15
0	129	0	111	15	0	1
0	129	0	112	15	0	10
0	129	0	113	15	0	11
0	129	0	114	15	0	7
0	129	0	115	15	0	11
0	129	0	117	15	0	0
0	129	0	118	15	0	1
0	129	0	106	14	0	9
0	129	0	107	14	0	2
0	129	0	108	14	0	12
0	129	0	109	14	0	11
0	129	0	110	14	0	13
0	129	0	111	14	0	14
0	129	0	112	14	0	7
0	129	0	113	14	0	12
0	129	0	114	14	0	8
0	129	0	115	14	0	1
0	129	0	116	14	0	8
0	129	0	104	13	0	3
0	129	0	105	13	0	6
0	129	0	106	13	0	4
0	129	0	107	13	0	1
0	129	0	108	13	0	5
0	129	0	109	13	0	7
0	129	0	110	13	0	10
0	129	0	111	13	0	11
0	129	0	112	13	0	6
0	129	0	113	13	0	12
0	129	0	114	13	0	10
0	129	0	115	13	0	9
0	129	0	116	13	0	3
0	129	0	104	12	0	6
0	129	0	105	12	0	8
0	129	0	106	12	0	15
0	129	0	107	12	0	9
0	129	0	108	12	0	9
0	129	0	109	12	0	9
0	129	0	110	12	0	14
0	129	0	111	12	0	6
0	129	0	112	12	0	10
0	129	0	113	12	0	3
0	129	0	114	12	0	4
0	129	0	115	12	0	14
0	129	0	116	12	0	7
0	129	0	99	11	0	5
0	129	0	100	11	0	8
0	129	0	101	11	0	15
0	129	0	102	11	0	14
0	129	0	103	11	0	12
0	129	0	104	11	0	7
0	129	0	105	11	0	6
0	129	0	106	11	0	5
0	129	0	107	11	0	1
0	129	0	108	11	0	18
0	129	0	109	11	0	5
0	129	0	110	11	0	2
0	129	0	111	11	0	1
0	129	0	112	11	0	7
0	129	0	113	11	0	14
0	129	0	114	11	0	4
0	129	0	115	11	0	9
0	129	0	116	11	0	6
0	129	0	92	10	0	11
0	129	0	93	10	0	7
0	129	0	94	10	0	7
0	129	0	96	10	0	3
0	129	0	97	10	0	12
0	129	0	98	10	0	2
0	129	0	99	10	0	4
0	129	0	100	10	0	12
0	129	0	101	10	0	10
0	129	0	102	10	0	3
0	129	0	103	10	0	7
0	129	0	104	10	0	4
0	129	0	105	10	0	9
0	129	0	106	10	0	6
0	129	0	107	10	0	8
0	129	0	108	10	0	5
0	129	0	109	10	0	11
0	129	0	110	10	0	6
0	129	0	111	10	0	3
0	129	0	112	10	0	11
0	129	0	113	10	0	8
0	129	0	114	10	0	3
0	129	0	115	10	0	8
0	129	0	116	10	0	11
0	129	0	117	10	0	0
0	129	0	90	9	0	1
0	129	0	91	9	0	6
0	129	0	92	9	0	14
0	129	0	93	9	0	7
0	129	0	94	9	0	12
0	129	0	95	9	0	19
0	129	0	96	9	0	2
0	129	0	97	9	0	14
0	129	0	98	9	0	8
0	129	0	99	9	0	10
0	129	0	100	9	0	11
0	129	0	101	9	0	11
0	129	0	102	9	0	2
0	129	0	103	9	0	6
0	129	0	104	9	0	10
0	129	0	105	9	0	9
0	129	0	106	9	0	8
0	129	0	107	9	0	13
0	129	0	108	9	0	4
0	129	0	109	9	0	14
0	129	0	110	9	0	6
0	129	0	111	9	0	7
0	129	0	112	9	0	15
0	129	0	113	9	0	11
0	129	0	114	9	0	0
0	129	0	115	9	0	6
0	129	0	116	9	0	1
0	129	0	117	9	0	6
0	129	0	118	9	0	0
0	129	0	90	8	0	6
0	129	0	91	8	0	9
0	129	0	92	8	0	20
0	129	0	93	8	0	7
0	129	0	94	8	0	6
0	129	0	95	8	0	15
0	129	0	96	8	0	5
0	129	0	97	8	0	1
0	129	0	98	8	0	15
0	129	0	99	8	0	11
0	129	0	100	8	0	3
0	129	0	101	8	0	8
0	129	0	102	8	0	10
0	129	0	103	8	0	11
0	129	0	104	8	0	10
0	129	0	105	8	0	7
0	129	0	106	8	0	12
0	129	0	107	8	0	15
0	129	0	108	8	0	6
0	129	0	109	8	0	9
0	129	0	110	8	0	2
0	129	0	111	8	0	2
0	129	0	112	8	0	7
0	129	0	113	8	0	3
0	129	0	114	8	0	10
0	129	0	115	8	0	5
0	129	0	116	8	0	6
0	129	0	117	8	0	1
0	129	0	118	8	0	0
0	129	0	90	7	0	5
0	129	0	91	7	0	5
0	129	0	92	7	0	6
0	129	0	93	7	0	9
0	129	0	94	7	0	4
0	129	0	95	7	0	9
0	129	0	96	7	0	10
0	129	0	97	7	0	2
0	129	0	98	7	0	6
0	129	0	99	7	0	6
0	129	0	100	7	0	9
0	129	0	101	7	0	17
0	129	0	102	7	0	11
0	129	0	103	7	0	16
0	129	0	104	7	0	6
0	129	0	105	7	0	6
0	129	0	106	7	0	20
0	129	0	107	7	0	12
0	129	0	108	7	0	15
0	129	0	109	7	0	10
0	129	0	110	7	0	7
0	129	0	111	7	0	10
0	129	0	112	7	0	6
0	129	0	113	7	0	5
0	129	0	114	7	0	16
0	129	0	115	7	0	8
0	129	0	116	7	0	2
0	129	0	117	7	0	1
0	129	0	120	7	0	0
0	129	0	90	6	0	4
0	129	0	91	6	0	12
0	129	0	92	6	0	9
0	129	0	93	6	0	10
0	129	0	94	6	0	4
0	129	0	95	6	0	2
0	129	0	96	6	0	9
0	129	0	97	6	0	9
0	129	0	98	6	0	7
0	129	0	99	6	0	9
0	129	0	100	6	0	4
0	129	0	101	6	0	3
0	129	0	102	6	0	11
0	129	0	103	6	0	16
0	129	0	104	6	0	5
0	129	0	105	6	0	9
0	129	0	106	6	0	7
0	129	0	107	6	0	4
0	129	0	108	6	0	13
0	129	0	109	6	0	11
0	129	0	110	6	0	4
0	129	0	111	6	0	9
0	129	0	112	6	0	18
0	129	0	113	6	0	8
0	129	0	114	6	0	3
0	129	0	115	6	0	0
0	129	0	116	6	0	1
0	129	0	117	6	0	0
0	129	0	90	5	0	9
0	129	0	91	5	0	12
0	129	0	92	5	0	3
0	129	0	93	5	0	6
0	129	0	94	5	0	4
0	129	0	95	5	0	6
0	129	0	96	5	0	4
0	129	0	97	5	0	12
0	129	0	98	5	0	9
0	129	0	99	5	0	1
0	129	0	100	5	0	3
0	129	0	101	5	0	4
0	129	0	102	5	0	6
0	129	0	103	5	0	8
0	129	0	104	5	0	4
0	129	0	105	5	0	8
0	129	0	106	5	0	11
0	129	0	107	5	0	4
0	129	0	108	5	0	16
0	129	0	109	5	0	8
0	129	0	110	5	0	18
0	129	0	111	5	0	6
0	129	0	112	5	0	10
0	129	0	113	5	0	9
0	129	0	114	5	0	5
0	129	0	115	5	0	5
0	129	0	116	5	0	2
0	129	0	117	5	0	0
0	129	0	92	4	0	4
0	129	0	93	4	0	3
0	129	0	96	4	0	12
0	129	0	97	4	0	5
0	129	0	98	4	0	3
0	129	0	99	4	0	11
0	129	0	100	4	0	9
0	129	0	101	4	0	5
0	129	0	102	4	0	4
0	129	0	104	4	0	5
0	129	0	105	4	0	10
0	129	0	106	4	0	11
0	129	0	107	4	0	13
0	129	0	108	4	0	2
0	129	0	109	4	0	3
0	129	0	110	4	0	10
0	129	0	111	4	0	4
0	129	0	112	4	0	2
0	129	0	113	4	0	3
0	129	0	114	4	0	2
0	129	0	115	4	0	1
0	129	0	116	4	0	0
0	129	0	110	3	0	3
0	129	0	111	3	0	1
0	130	0	114	20	0	7
0	130	0	112	19	0	3
0	130	0	113	19	0	3
0	130	0	114	19	0	1
0	130	0	115	19	0	11
0	130	0	116	19	0	6
0	130	0	117	19	0	0
0	130	0	111	18	0	11
0	130	0	112	18	0	7
0	130	0	113	18	0	2
0	130	0	114	18	0	11
0	130	0	115	18	0	10
0	130	0	116	18	0	1
0	130	0	120	18	0	0
0	130	0	111	17	0	2
0	130	0	112	17	0	10
0	130	0	113	17	0	3
0	130	0	114	17	0	7
0	130	0	115	17	0	2
0	130	0	116	17	0	16
0	130	0	110	16	0	5
0	130	0	111	16	0	1
0	130	0	112	16	0	8
0	130	0	113	16	0	6
0	130	0	114	16	0	5
0	130	0	115	16	0	0
0	130	0	108	15	0	2
0	130	0	109	15	0	10
0	130	0	110	15	0	14
0	130	0	111	15	0	2
0	130	0	112	15	0	7
0	130	0	113	15	0	11
0	130	0	114	15	0	4
0	130	0	115	15	0	10
0	130	0	117	15	0	0
0	130	0	118	15	0	1
0	130	0	106	14	0	9
0	130	0	107	14	0	8
0	130	0	108	14	0	21
0	130	0	109	14	0	7
0	130	0	110	14	0	14
0	130	0	111	14	0	19
0	130	0	112	14	0	11
0	130	0	113	14	0	13
0	130	0	114	14	0	8
0	130	0	115	14	0	2
0	130	0	116	14	0	10
0	130	0	104	13	0	1
0	130	0	105	13	0	3
0	130	0	106	13	0	6
0	130	0	107	13	0	1
0	130	0	108	13	0	6
0	130	0	109	13	0	6
0	130	0	110	13	0	9
0	130	0	111	13	0	11
0	130	0	112	13	0	5
0	130	0	113	13	0	8
0	130	0	114	13	0	8
0	130	0	115	13	0	8
0	130	0	116	13	0	4
0	130	0	104	12	0	8
0	130	0	105	12	0	8
0	130	0	106	12	0	13
0	130	0	107	12	0	12
0	130	0	108	12	0	6
0	130	0	109	12	0	15
0	130	0	110	12	0	10
0	130	0	111	12	0	11
0	130	0	112	12	0	11
0	130	0	113	12	0	1
0	130	0	114	12	0	6
0	130	0	115	12	0	10
0	130	0	116	12	0	9
0	130	0	99	11	0	4
0	130	0	100	11	0	7
0	130	0	101	11	0	12
0	130	0	102	11	0	11
0	130	0	103	11	0	6
0	130	0	104	11	0	11
0	130	0	105	11	0	10
0	130	0	106	11	0	12
0	130	0	107	11	0	6
0	130	0	108	11	0	8
0	130	0	109	11	0	6
0	130	0	110	11	0	0
0	130	0	111	11	0	1
0	130	0	112	11	0	7
0	130	0	113	11	0	16
0	130	0	114	11	0	6
0	130	0	115	11	0	7
0	130	0	116	11	0	12
0	130	0	117	11	0	1
0	130	0	118	11	0	1
0	130	0	92	10	0	12
0	130	0	93	10	0	9
0	130	0	94	10	0	9
0	130	0	96	10	0	3
0	130	0	97	10	0	11
0	130	0	98	10	0	2
0	130	0	99	10	0	5
0	130	0	100	10	0	10
0	130	0	101	10	0	12
0	130	0	102	10	0	6
0	130	0	103	10	0	8
0	130	0	104	10	0	4
0	130	0	105	10	0	13
0	130	0	106	10	0	8
0	130	0	107	10	0	9
0	130	0	108	10	0	2
0	130	0	109	10	0	10
0	130	0	110	10	0	10
0	130	0	111	10	0	4
0	130	0	112	10	0	9
0	130	0	113	10	0	10
0	130	0	114	10	0	6
0	130	0	115	10	0	8
0	130	0	116	10	0	10
0	130	0	117	10	0	1
0	130	0	90	9	0	4
0	130	0	91	9	0	10
0	130	0	92	9	0	14
0	130	0	93	9	0	5
0	130	0	94	9	0	12
0	130	0	95	9	0	18
0	130	0	96	9	0	6
0	130	0	97	9	0	12
0	130	0	98	9	0	11
0	130	0	99	9	0	10
0	130	0	100	9	0	12
0	130	0	101	9	0	8
0	130	0	102	9	0	4
0	130	0	103	9	0	13
0	130	0	104	9	0	13
0	130	0	105	9	0	8
0	130	0	106	9	0	9
0	130	0	107	9	0	16
0	130	0	108	9	0	8
0	130	0	109	9	0	7
0	130	0	110	9	0	6
0	130	0	111	9	0	3
0	130	0	112	9	0	12
0	130	0	113	9	0	10
0	130	0	114	9	0	0
0	130	0	115	9	0	3
0	130	0	116	9	0	2
0	130	0	117	9	0	10
0	130	0	118	9	0	0
0	130	0	90	8	0	9
0	130	0	91	8	0	15
0	130	0	92	8	0	15
0	130	0	93	8	0	7
0	130	0	94	8	0	8
0	130	0	95	8	0	11
0	130	0	96	8	0	11
0	130	0	97	8	0	2
0	130	0	98	8	0	13
0	130	0	99	8	0	19
0	130	0	100	8	0	2
0	130	0	101	8	0	6
0	130	0	102	8	0	10
0	130	0	103	8	0	6
0	130	0	104	8	0	9
0	130	0	105	8	0	8
0	130	0	106	8	0	4
0	130	0	107	8	0	19
0	130	0	108	8	0	8
0	130	0	109	8	0	8
0	130	0	110	8	0	5
0	130	0	111	8	0	5
0	130	0	112	8	0	11
0	130	0	113	8	0	5
0	130	0	114	8	0	13
0	130	0	115	8	0	12
0	130	0	116	8	0	12
0	130	0	117	8	0	4
0	130	0	118	8	0	0
0	130	0	90	7	0	4
0	130	0	91	7	0	7
0	130	0	92	7	0	8
0	130	0	93	7	0	7
0	130	0	94	7	0	1
0	130	0	95	7	0	9
0	130	0	96	7	0	11
0	130	0	97	7	0	3
0	130	0	98	7	0	13
0	130	0	99	7	0	7
0	130	0	100	7	0	13
0	130	0	101	7	0	11
0	130	0	102	7	0	14
0	130	0	103	7	0	13
0	130	0	104	7	0	8
0	130	0	105	7	0	9
0	130	0	106	7	0	15
0	130	0	107	7	0	11
0	130	0	108	7	0	6
0	130	0	109	7	0	5
0	130	0	110	7	0	9
0	130	0	111	7	0	15
0	130	0	112	7	0	7
0	130	0	113	7	0	8
0	130	0	114	7	0	14
0	130	0	115	7	0	5
0	130	0	116	7	0	1
0	130	0	117	7	0	1
0	130	0	120	7	0	0
0	130	0	90	6	0	4
0	130	0	91	6	0	13
0	130	0	92	6	0	4
0	130	0	93	6	0	8
0	130	0	94	6	0	8
0	130	0	95	6	0	4
0	130	0	96	6	0	3
0	130	0	97	6	0	7
0	130	0	98	6	0	7
0	130	0	99	6	0	8
0	130	0	100	6	0	5
0	130	0	101	6	0	5
0	130	0	102	6	0	11
0	130	0	103	6	0	12
0	130	0	104	6	0	11
0	130	0	105	6	0	11
0	130	0	106	6	0	8
0	130	0	107	6	0	8
0	130	0	108	6	0	7
0	130	0	109	6	0	2
0	130	0	110	6	0	6
0	130	0	111	6	0	10
0	130	0	112	6	0	16
0	130	0	113	6	0	5
0	130	0	114	6	0	3
0	130	0	115	6	0	0
0	130	0	116	6	0	3
0	130	0	117	6	0	0
0	130	0	90	5	0	12
0	130	0	91	5	0	10
0	130	0	92	5	0	5
0	130	0	93	5	0	13
0	130	0	94	5	0	6
0	130	0	95	5	0	5
0	130	0	96	5	0	2
0	130	0	97	5	0	7
0	130	0	98	5	0	6
0	130	0	99	5	0	1
0	130	0	100	5	0	4
0	130	0	101	5	0	5
0	130	0	102	5	0	7
0	130	0	103	5	0	7
0	130	0	104	5	0	7
0	130	0	105	5	0	12
0	130	0	106	5	0	11
0	130	0	107	5	0	3
0	130	0	108	5	0	9
0	130	0	109	5	0	14
0	130	0	110	5	0	13
0	130	0	111	5	0	8
0	130	0	112	5	0	3
0	130	0	113	5	0	8
0	130	0	114	5	0	8
0	130	0	115	5	0	3
0	130	0	116	5	0	4
0	130	0	117	5	0	0
0	130	0	92	4	0	4
0	130	0	93	4	0	3
0	130	0	96	4	0	14
0	130	0	97	4	0	6
0	130	0	98	4	0	3
0	130	0	99	4	0	12
0	130	0	100	4	0	17
0	130	0	101	4	0	4
0	130	0	102	4	0	3
0	130	0	104	4	0	4
0	130	0	105	4	0	9
0	130	0	106	4	0	14
0	130	0	107	4	0	10
0	130	0	108	4	0	5
0	130	0	109	4	0	6
0	130	0	110	4	0	7
0	130	0	111	4	0	7
0	130	0	112	4	0	6
0	130	0	113	4	0	2
0	130	0	114	4	0	2
0	130	0	115	4	0	3
0	130	0	116	4	0	0
0	130	0	110	3	0	2
0	130	0	111	3	0	0
0	131	0	114	20	0	11
0	131	0	115	20	0	1
0	131	0	112	19	0	3
0	131	0	113	19	0	5
0	131	0	114	19	0	1
0	131	0	115	19	0	10
0	131	0	116	19	0	7
0	131	0	117	19	0	0
0	131	0	111	18	0	13
0	131	0	112	18	0	6
0	131	0	113	18	0	4
0	131	0	114	18	0	11
0	131	0	115	18	0	10
0	131	0	116	18	0	1
0	131	0	117	18	0	1
0	131	0	120	18	0	0
0	131	0	111	17	0	3
0	131	0	112	17	0	13
0	131	0	113	17	0	3
0	131	0	114	17	0	4
0	131	0	115	17	0	1
0	131	0	116	17	0	15
0	131	0	110	16	0	7
0	131	0	111	16	0	1
0	131	0	112	16	0	12
0	131	0	113	16	0	6
0	131	0	114	16	0	6
0	131	0	115	16	0	0
0	131	0	117	16	0	1
0	131	0	108	15	0	4
0	131	0	109	15	0	11
0	131	0	110	15	0	16
0	131	0	111	15	0	2
0	131	0	112	15	0	8
0	131	0	113	15	0	12
0	131	0	114	15	0	6
0	131	0	115	15	0	4
0	131	0	117	15	0	0
0	131	0	118	15	0	1
0	131	0	106	14	0	8
0	131	0	107	14	0	10
0	131	0	108	14	0	11
0	131	0	109	14	0	6
0	131	0	110	14	0	7
0	131	0	111	14	0	15
0	131	0	112	14	0	14
0	131	0	113	14	0	13
0	131	0	114	14	0	11
0	131	0	115	14	0	5
0	131	0	116	14	0	13
0	131	0	104	13	0	2
0	131	0	105	13	0	5
0	131	0	106	13	0	3
0	131	0	107	13	0	2
0	131	0	108	13	0	3
0	131	0	109	13	0	7
0	131	0	110	13	0	10
0	131	0	111	13	0	13
0	131	0	112	13	0	4
0	131	0	113	13	0	8
0	131	0	114	13	0	10
0	131	0	115	13	0	1
0	131	0	116	13	0	3
0	131	0	104	12	0	10
0	131	0	105	12	0	12
0	131	0	106	12	0	14
0	131	0	107	12	0	8
0	131	0	108	12	0	11
0	131	0	109	12	0	19
0	131	0	110	12	0	14
0	131	0	111	12	0	12
0	131	0	112	12	0	11
0	131	0	113	12	0	3
0	131	0	114	12	0	5
0	131	0	115	12	0	9
0	131	0	116	12	0	11
0	131	0	99	11	0	8
0	131	0	100	11	0	9
0	131	0	101	11	0	8
0	131	0	102	11	0	5
0	131	0	103	11	0	9
0	131	0	104	11	0	13
0	131	0	105	11	0	7
0	131	0	106	11	0	13
0	131	0	107	11	0	7
0	131	0	108	11	0	7
0	131	0	109	11	0	5
0	131	0	110	11	0	0
0	131	0	111	11	0	1
0	131	0	112	11	0	9
0	131	0	113	11	0	12
0	131	0	114	11	0	3
0	131	0	115	11	0	8
0	131	0	116	11	0	11
0	131	0	117	11	0	1
0	131	0	118	11	0	2
0	131	0	92	10	0	14
0	131	0	93	10	0	10
0	131	0	94	10	0	8
0	131	0	96	10	0	3
0	131	0	97	10	0	6
0	131	0	98	10	0	4
0	131	0	99	10	0	5
0	131	0	100	10	0	12
0	131	0	101	10	0	15
0	131	0	102	10	0	7
0	131	0	103	10	0	9
0	131	0	104	10	0	7
0	131	0	105	10	0	6
0	131	0	106	10	0	10
0	131	0	107	10	0	6
0	131	0	108	10	0	6
0	131	0	109	10	0	8
0	131	0	110	10	0	10
0	131	0	111	10	0	4
0	131	0	112	10	0	5
0	131	0	113	10	0	12
0	131	0	114	10	0	8
0	131	0	115	10	0	7
0	131	0	116	10	0	6
0	131	0	117	10	0	1
0	131	0	90	9	0	2
0	131	0	91	9	0	5
0	131	0	92	9	0	8
0	131	0	93	9	0	3
0	131	0	94	9	0	10
0	131	0	95	9	0	20
0	131	0	96	9	0	4
0	131	0	97	9	0	6
0	131	0	98	9	0	8
0	131	0	99	9	0	11
0	131	0	100	9	0	13
0	131	0	101	9	0	7
0	131	0	102	9	0	4
0	131	0	103	9	0	8
0	131	0	104	9	0	18
0	131	0	105	9	0	9
0	131	0	106	9	0	10
0	131	0	107	9	0	7
0	131	0	108	9	0	6
0	131	0	109	9	0	6
0	131	0	110	9	0	3
0	131	0	111	9	0	2
0	131	0	112	9	0	12
0	131	0	113	9	0	14
0	131	0	114	9	0	0
0	131	0	115	9	0	6
0	131	0	116	9	0	5
0	131	0	117	9	0	13
0	131	0	118	9	0	0
0	131	0	90	8	0	10
0	131	0	91	8	0	15
0	131	0	92	8	0	9
0	131	0	93	8	0	8
0	131	0	94	8	0	7
0	131	0	95	8	0	8
0	131	0	96	8	0	12
0	131	0	97	8	0	6
0	131	0	98	8	0	11
0	131	0	99	8	0	14
0	131	0	100	8	0	3
0	131	0	101	8	0	8
0	131	0	102	8	0	11
0	131	0	103	8	0	3
0	131	0	104	8	0	8
0	131	0	105	8	0	10
0	131	0	106	8	0	3
0	131	0	107	8	0	16
0	131	0	108	8	0	7
0	131	0	109	8	0	9
0	131	0	110	8	0	5
0	131	0	111	8	0	12
0	131	0	112	8	0	11
0	131	0	113	8	0	10
0	131	0	114	8	0	11
0	131	0	115	8	0	16
0	131	0	116	8	0	12
0	131	0	117	8	0	8
0	131	0	118	8	0	0
0	131	0	90	7	0	5
0	131	0	91	7	0	12
0	131	0	92	7	0	11
0	131	0	93	7	0	4
0	131	0	94	7	0	1
0	131	0	95	7	0	7
0	131	0	96	7	0	7
0	131	0	97	7	0	3
0	131	0	98	7	0	8
0	131	0	99	7	0	9
0	131	0	100	7	0	13
0	131	0	101	7	0	17
0	131	0	102	7	0	10
0	131	0	103	7	0	16
0	131	0	104	7	0	5
0	131	0	105	7	0	14
0	131	0	106	7	0	11
0	131	0	107	7	0	12
0	131	0	108	7	0	9
0	131	0	109	7	0	7
0	131	0	110	7	0	8
0	131	0	111	7	0	14
0	131	0	112	7	0	6
0	131	0	113	7	0	5
0	131	0	114	7	0	14
0	131	0	115	7	0	12
0	131	0	116	7	0	1
0	131	0	117	7	0	2
0	131	0	120	7	0	0
0	131	0	90	6	0	6
0	131	0	91	6	0	10
0	131	0	92	6	0	4
0	131	0	93	6	0	10
0	131	0	94	6	0	10
0	131	0	95	6	0	5
0	131	0	96	6	0	5
0	131	0	97	6	0	6
0	131	0	98	6	0	9
0	131	0	99	6	0	4
0	131	0	100	6	0	6
0	131	0	101	6	0	9
0	131	0	102	6	0	10
0	131	0	103	6	0	10
0	131	0	104	6	0	11
0	131	0	105	6	0	9
0	131	0	106	6	0	11
0	131	0	107	6	0	11
0	131	0	108	6	0	10
0	131	0	109	6	0	1
0	131	0	110	6	0	6
0	131	0	111	6	0	11
0	131	0	112	6	0	13
0	131	0	113	6	0	3
0	131	0	114	6	0	4
0	131	0	115	6	0	0
0	131	0	116	6	0	3
0	131	0	117	6	0	0
0	131	0	90	5	0	6
0	131	0	91	5	0	10
0	131	0	92	5	0	6
0	131	0	93	5	0	16
0	131	0	94	5	0	5
0	131	0	95	5	0	8
0	131	0	96	5	0	3
0	131	0	97	5	0	5
0	131	0	98	5	0	7
0	131	0	99	5	0	1
0	131	0	100	5	0	5
0	131	0	101	5	0	6
0	131	0	102	5	0	10
0	131	0	103	5	0	10
0	131	0	104	5	0	9
0	131	0	105	5	0	15
0	131	0	106	5	0	10
0	131	0	107	5	0	4
0	131	0	108	5	0	6
0	131	0	109	5	0	11
0	131	0	110	5	0	12
0	131	0	111	5	0	10
0	131	0	112	5	0	4
0	131	0	113	5	0	11
0	131	0	114	5	0	9
0	131	0	115	5	0	3
0	131	0	116	5	0	6
0	131	0	117	5	0	0
0	131	0	92	4	0	3
0	131	0	93	4	0	5
0	131	0	96	4	0	12
0	131	0	97	4	0	7
0	131	0	98	4	0	7
0	131	0	99	4	0	11
0	131	0	100	4	0	12
0	131	0	101	4	0	9
0	131	0	102	4	0	4
0	131	0	104	4	0	3
0	131	0	105	4	0	12
0	131	0	106	4	0	9
0	131	0	107	4	0	10
0	131	0	108	4	0	3
0	131	0	109	4	0	5
0	131	0	110	4	0	8
0	131	0	111	4	0	8
0	131	0	112	4	0	6
0	131	0	113	4	0	6
0	131	0	114	4	0	3
0	131	0	115	4	0	2
0	131	0	116	4	0	0
0	131	0	110	3	0	4
0	131	0	111	3	0	0
0	132	0	115	21	0	1
0	132	0	113	20	0	1
0	132	0	114	20	0	15
0	132	0	115	20	0	1
0	132	0	112	19	0	4
0	132	0	113	19	0	7
0	132	0	114	19	0	2
0	132	0	115	19	0	13
0	132	0	116	19	0	12
0	132	0	117	19	0	0
0	132	0	111	18	0	10
0	132	0	112	18	0	6
0	132	0	113	18	0	2
0	132	0	114	18	0	7
0	132	0	115	18	0	13
0	132	0	116	18	0	1
0	132	0	117	18	0	3
0	132	0	120	18	0	0
0	132	0	111	17	0	3
0	132	0	112	17	0	13
0	132	0	113	17	0	7
0	132	0	114	17	0	3
0	132	0	115	17	0	1
0	132	0	116	17	0	18
0	132	0	110	16	0	8
0	132	0	111	16	0	1
0	132	0	112	16	0	11
0	132	0	113	16	0	8
0	132	0	114	16	0	8
0	132	0	115	16	0	0
0	132	0	117	16	0	2
0	132	0	108	15	0	5
0	132	0	109	15	0	10
0	132	0	110	15	0	12
0	132	0	111	15	0	1
0	132	0	112	15	0	9
0	132	0	113	15	0	9
0	132	0	114	15	0	8
0	132	0	115	15	0	5
0	132	0	117	15	0	0
0	132	0	118	15	0	3
0	132	0	106	14	0	14
0	132	0	107	14	0	8
0	132	0	108	14	0	16
0	132	0	109	14	0	12
0	132	0	110	14	0	3
0	132	0	111	14	0	10
0	132	0	112	14	0	8
0	132	0	113	14	0	7
0	132	0	114	14	0	11
0	132	0	115	14	0	5
0	132	0	116	14	0	4
0	132	0	117	14	0	1
0	132	0	104	13	0	3
0	132	0	105	13	0	5
0	132	0	106	13	0	5
0	132	0	107	13	0	3
0	132	0	108	13	0	6
0	132	0	109	13	0	10
0	132	0	110	13	0	14
0	132	0	111	13	0	17
0	132	0	112	13	0	8
0	132	0	113	13	0	8
0	132	0	114	13	0	9
0	132	0	115	13	0	1
0	132	0	116	13	0	1
0	132	0	104	12	0	5
0	132	0	105	12	0	15
0	132	0	106	12	0	11
0	132	0	107	12	0	9
0	132	0	108	12	0	12
0	132	0	109	12	0	12
0	132	0	110	12	0	10
0	132	0	111	12	0	18
0	132	0	112	12	0	10
0	132	0	113	12	0	1
0	132	0	114	12	0	8
0	132	0	115	12	0	7
0	132	0	116	12	0	11
0	132	0	99	11	0	10
0	132	0	100	11	0	9
0	132	0	101	11	0	10
0	132	0	102	11	0	3
0	132	0	103	11	0	12
0	132	0	104	11	0	13
0	132	0	105	11	0	5
0	132	0	106	11	0	13
0	132	0	107	11	0	11
0	132	0	108	11	0	11
0	132	0	109	11	0	8
0	132	0	110	11	0	2
0	132	0	111	11	0	1
0	132	0	112	11	0	6
0	132	0	113	11	0	11
0	132	0	114	11	0	4
0	132	0	115	11	0	7
0	132	0	116	11	0	11
0	132	0	117	11	0	1
0	132	0	118	11	0	3
0	132	0	92	10	0	14
0	132	0	93	10	0	8
0	132	0	94	10	0	12
0	132	0	96	10	0	7
0	132	0	97	10	0	10
0	132	0	98	10	0	6
0	132	0	99	10	0	7
0	132	0	100	10	0	12
0	132	0	101	10	0	12
0	132	0	102	10	0	4
0	132	0	103	10	0	3
0	132	0	104	10	0	8
0	132	0	105	10	0	11
0	132	0	106	10	0	7
0	132	0	107	10	0	8
0	132	0	108	10	0	3
0	132	0	109	10	0	6
0	132	0	110	10	0	6
0	132	0	111	10	0	8
0	132	0	112	10	0	6
0	132	0	113	10	0	13
0	132	0	114	10	0	7
0	132	0	115	10	0	7
0	132	0	116	10	0	9
0	132	0	117	10	0	4
0	132	0	119	10	0	1
0	132	0	90	9	0	3
0	132	0	91	9	0	7
0	132	0	92	9	0	9
0	132	0	93	9	0	5
0	132	0	94	9	0	15
0	132	0	95	9	0	16
0	132	0	96	9	0	4
0	132	0	97	9	0	6
0	132	0	98	9	0	5
0	132	0	99	9	0	5
0	132	0	100	9	0	13
0	132	0	101	9	0	7
0	132	0	102	9	0	4
0	132	0	103	9	0	13
0	132	0	104	9	0	17
0	132	0	105	9	0	10
0	132	0	106	9	0	8
0	132	0	107	9	0	9
0	132	0	108	9	0	8
0	132	0	109	9	0	6
0	132	0	110	9	0	3
0	132	0	111	9	0	1
0	132	0	112	9	0	13
0	132	0	113	9	0	11
0	132	0	114	9	0	1
0	132	0	115	9	0	11
0	132	0	116	9	0	11
0	132	0	117	9	0	6
0	132	0	118	9	0	0
0	132	0	90	8	0	13
0	132	0	91	8	0	8
0	132	0	92	8	0	6
0	132	0	93	8	0	8
0	132	0	94	8	0	7
0	132	0	95	8	0	7
0	132	0	96	8	0	17
0	132	0	97	8	0	3
0	132	0	98	8	0	13
0	132	0	99	8	0	10
0	132	0	100	8	0	2
0	132	0	101	8	0	11
0	132	0	102	8	0	2
0	132	0	103	8	0	6
0	132	0	104	8	0	9
0	132	0	105	8	0	14
0	132	0	106	8	0	6
0	132	0	107	8	0	18
0	132	0	108	8	0	6
0	132	0	109	8	0	5
0	132	0	110	8	0	7
0	132	0	111	8	0	9
0	132	0	112	8	0	14
0	132	0	113	8	0	16
0	132	0	114	8	0	12
0	132	0	115	8	0	11
0	132	0	116	8	0	8
0	132	0	117	8	0	7
0	132	0	118	8	0	0
0	132	0	90	7	0	9
0	132	0	91	7	0	10
0	132	0	92	7	0	6
0	132	0	93	7	0	6
0	132	0	94	7	0	2
0	132	0	95	7	0	5
0	132	0	96	7	0	2
0	132	0	97	7	0	5
0	132	0	98	7	0	9
0	132	0	99	7	0	11
0	132	0	100	7	0	11
0	132	0	101	7	0	12
0	132	0	102	7	0	7
0	132	0	103	7	0	11
0	132	0	104	7	0	8
0	132	0	105	7	0	8
0	132	0	106	7	0	13
0	132	0	107	7	0	6
0	132	0	108	7	0	8
0	132	0	109	7	0	7
0	132	0	110	7	0	8
0	132	0	111	7	0	10
0	132	0	112	7	0	4
0	132	0	113	7	0	11
0	132	0	114	7	0	10
0	132	0	115	7	0	6
0	132	0	116	7	0	1
0	132	0	117	7	0	0
0	132	0	120	7	0	1
0	132	0	90	6	0	6
0	132	0	91	6	0	10
0	132	0	92	6	0	5
0	132	0	93	6	0	6
0	132	0	94	6	0	12
0	132	0	95	6	0	3
0	132	0	96	6	0	8
0	132	0	97	6	0	8
0	132	0	98	6	0	9
0	132	0	99	6	0	2
0	132	0	100	6	0	12
0	132	0	101	6	0	10
0	132	0	102	6	0	6
0	132	0	103	6	0	9
0	132	0	104	6	0	10
0	132	0	105	6	0	9
0	132	0	106	6	0	16
0	132	0	107	6	0	10
0	132	0	108	6	0	6
0	132	0	109	6	0	1
0	132	0	110	6	0	6
0	132	0	111	6	0	6
0	132	0	112	6	0	13
0	132	0	113	6	0	8
0	132	0	114	6	0	6
0	132	0	115	6	0	2
0	132	0	116	6	0	4
0	132	0	117	6	0	0
0	132	0	90	5	0	3
0	132	0	91	5	0	10
0	132	0	92	5	0	8
0	132	0	93	5	0	9
0	132	0	94	5	0	8
0	132	0	95	5	0	3
0	132	0	96	5	0	3
0	132	0	97	5	0	7
0	132	0	98	5	0	6
0	132	0	99	5	0	1
0	132	0	100	5	0	5
0	132	0	101	5	0	6
0	132	0	102	5	0	12
0	132	0	103	5	0	11
0	132	0	104	5	0	7
0	132	0	105	5	0	10
0	132	0	106	5	0	12
0	132	0	107	5	0	4
0	132	0	108	5	0	9
0	132	0	109	5	0	14
0	132	0	110	5	0	11
0	132	0	111	5	0	8
0	132	0	112	5	0	9
0	132	0	113	5	0	10
0	132	0	114	5	0	6
0	132	0	115	5	0	3
0	132	0	116	5	0	3
0	132	0	117	5	0	0
0	132	0	92	4	0	6
0	132	0	93	4	0	8
0	132	0	96	4	0	14
0	132	0	97	4	0	6
0	132	0	98	4	0	8
0	132	0	99	4	0	11
0	132	0	100	4	0	9
0	132	0	101	4	0	8
0	132	0	102	4	0	2
0	132	0	104	4	0	3
0	132	0	105	4	0	3
0	132	0	106	4	0	8
0	132	0	107	4	0	11
0	132	0	108	4	0	5
0	132	0	109	4	0	9
0	132	0	110	4	0	5
0	132	0	111	4	0	5
0	132	0	112	4	0	4
0	132	0	113	4	0	6
0	132	0	114	4	0	5
0	132	0	115	4	0	2
0	132	0	116	4	0	2
0	132	0	110	3	0	1
0	132	0	111	3	0	0
0	133	0	115	21	0	2
0	133	0	113	20	0	0
0	133	0	114	20	0	16
0	133	0	115	20	0	0
0	133	0	112	19	0	6
0	133	0	113	19	0	9
0	133	0	114	19	0	2
0	133	0	115	19	0	15
0	133	0	116	19	0	14
0	133	0	117	19	0	0
0	133	0	111	18	0	9
0	133	0	112	18	0	4
0	133	0	113	18	0	0
0	133	0	114	18	0	12
0	133	0	115	18	0	15
0	133	0	116	18	0	3
0	133	0	117	18	0	7
0	133	0	120	18	0	0
0	133	0	111	17	0	3
0	133	0	112	17	0	12
0	133	0	113	17	0	6
0	133	0	114	17	0	3
0	133	0	115	17	0	2
0	133	0	116	17	0	15
0	133	0	117	17	0	1
0	133	0	110	16	0	9
0	133	0	111	16	0	4
0	133	0	112	16	0	15
0	133	0	113	16	0	19
0	133	0	114	16	0	7
0	133	0	115	16	0	0
0	133	0	117	16	0	5
0	133	0	118	16	0	1
0	133	0	108	15	0	9
0	133	0	109	15	0	7
0	133	0	110	15	0	7
0	133	0	111	15	0	1
0	133	0	112	15	0	14
0	133	0	113	15	0	10
0	133	0	114	15	0	10
0	133	0	115	15	0	7
0	133	0	117	15	0	0
0	133	0	118	15	0	3
0	133	0	106	14	0	8
0	133	0	107	14	0	4
0	133	0	108	14	0	13
0	133	0	109	14	0	18
0	133	0	110	14	0	4
0	133	0	111	14	0	10
0	133	0	112	14	0	12
0	133	0	113	14	0	8
0	133	0	114	14	0	10
0	133	0	115	14	0	9
0	133	0	116	14	0	6
0	133	0	117	14	0	3
0	133	0	104	13	0	3
0	133	0	105	13	0	4
0	133	0	106	13	0	7
0	133	0	107	13	0	7
0	133	0	108	13	0	12
0	133	0	109	13	0	10
0	133	0	110	13	0	10
0	133	0	111	13	0	19
0	133	0	112	13	0	8
0	133	0	113	13	0	9
0	133	0	114	13	0	8
0	133	0	115	13	0	0
0	133	0	116	13	0	4
0	133	0	118	13	0	1
0	133	0	104	12	0	8
0	133	0	105	12	0	11
0	133	0	106	12	0	5
0	133	0	107	12	0	12
0	133	0	108	12	0	8
0	133	0	109	12	0	11
0	133	0	110	12	0	6
0	133	0	111	12	0	14
0	133	0	112	12	0	4
0	133	0	113	12	0	5
0	133	0	114	12	0	7
0	133	0	115	12	0	4
0	133	0	116	12	0	18
0	133	0	99	11	0	9
0	133	0	100	11	0	13
0	133	0	101	11	0	8
0	133	0	102	11	0	7
0	133	0	103	11	0	13
0	133	0	104	11	0	13
0	133	0	105	11	0	5
0	133	0	106	11	0	11
0	133	0	107	11	0	16
0	133	0	108	11	0	9
0	133	0	109	11	0	8
0	133	0	110	11	0	3
0	133	0	111	11	0	2
0	133	0	112	11	0	10
0	133	0	113	11	0	7
0	133	0	114	11	0	2
0	133	0	115	11	0	6
0	133	0	116	11	0	7
0	133	0	117	11	0	2
0	133	0	118	11	0	4
0	133	0	92	10	0	12
0	133	0	93	10	0	8
0	133	0	94	10	0	9
0	133	0	96	10	0	7
0	133	0	97	10	0	3
0	133	0	98	10	0	2
0	133	0	99	10	0	10
0	133	0	100	10	0	12
0	133	0	101	10	0	12
0	133	0	102	10	0	8
0	133	0	103	10	0	5
0	133	0	104	10	0	6
0	133	0	105	10	0	5
0	133	0	106	10	0	7
0	133	0	107	10	0	6
0	133	0	108	10	0	6
0	133	0	109	10	0	5
0	133	0	110	10	0	8
0	133	0	111	10	0	5
0	133	0	112	10	0	10
0	133	0	113	10	0	9
0	133	0	114	10	0	8
0	133	0	115	10	0	5
0	133	0	116	10	0	10
0	133	0	117	10	0	8
0	133	0	118	10	0	1
0	133	0	119	10	0	3
0	133	0	90	9	0	5
0	133	0	91	9	0	7
0	133	0	92	9	0	9
0	133	0	93	9	0	10
0	133	0	94	9	0	21
0	133	0	95	9	0	12
0	133	0	96	9	0	8
0	133	0	97	9	0	7
0	133	0	98	9	0	10
0	133	0	99	9	0	8
0	133	0	100	9	0	13
0	133	0	101	9	0	12
0	133	0	102	9	0	3
0	133	0	103	9	0	10
0	133	0	104	9	0	11
0	133	0	105	9	0	6
0	133	0	106	9	0	9
0	133	0	107	9	0	6
0	133	0	108	9	0	5
0	133	0	109	9	0	8
0	133	0	110	9	0	6
0	133	0	111	9	0	1
0	133	0	112	9	0	6
0	133	0	113	9	0	8
0	133	0	114	9	0	3
0	133	0	115	9	0	10
0	133	0	116	9	0	13
0	133	0	117	9	0	7
0	133	0	118	9	0	1
0	133	0	119	9	0	1
0	133	0	90	8	0	11
0	133	0	91	8	0	7
0	133	0	92	8	0	5
0	133	0	93	8	0	8
0	133	0	94	8	0	9
0	133	0	95	8	0	6
0	133	0	96	8	0	15
0	133	0	97	8	0	1
0	133	0	98	8	0	12
0	133	0	99	8	0	16
0	133	0	100	8	0	1
0	133	0	101	8	0	11
0	133	0	102	8	0	2
0	133	0	103	8	0	5
0	133	0	104	8	0	13
0	133	0	105	8	0	8
0	133	0	106	8	0	10
0	133	0	107	8	0	12
0	133	0	108	8	0	9
0	133	0	109	8	0	5
0	133	0	110	8	0	6
0	133	0	111	8	0	12
0	133	0	112	8	0	15
0	133	0	113	8	0	14
0	133	0	114	8	0	14
0	133	0	115	8	0	12
0	133	0	116	8	0	9
0	133	0	117	8	0	8
0	133	0	118	8	0	0
0	133	0	90	7	0	10
0	133	0	91	7	0	10
0	133	0	92	7	0	4
0	133	0	93	7	0	6
0	133	0	94	7	0	2
0	133	0	95	7	0	7
0	133	0	96	7	0	1
0	133	0	97	7	0	7
0	133	0	98	7	0	11
0	133	0	99	7	0	14
0	133	0	100	7	0	8
0	133	0	101	7	0	13
0	133	0	102	7	0	7
0	133	0	103	7	0	6
0	133	0	104	7	0	9
0	133	0	105	7	0	6
0	133	0	106	7	0	11
0	133	0	107	7	0	3
0	133	0	108	7	0	9
0	133	0	109	7	0	8
0	133	0	110	7	0	7
0	133	0	111	7	0	12
0	133	0	112	7	0	7
0	133	0	113	7	0	11
0	133	0	114	7	0	7
0	133	0	115	7	0	5
0	133	0	116	7	0	3
0	133	0	117	7	0	0
0	133	0	120	7	0	4
0	133	0	90	6	0	5
0	133	0	91	6	0	6
0	133	0	92	6	0	7
0	133	0	93	6	0	7
0	133	0	94	6	0	11
0	133	0	95	6	0	3
0	133	0	96	6	0	3
0	133	0	97	6	0	6
0	133	0	98	6	0	10
0	133	0	99	6	0	3
0	133	0	100	6	0	13
0	133	0	101	6	0	11
0	133	0	102	6	0	2
0	133	0	103	6	0	6
0	133	0	104	6	0	8
0	133	0	105	6	0	8
0	133	0	106	6	0	15
0	133	0	107	6	0	11
0	133	0	108	6	0	13
0	133	0	109	6	0	0
0	133	0	110	6	0	6
0	133	0	111	6	0	8
0	133	0	112	6	0	15
0	133	0	113	6	0	10
0	133	0	114	6	0	7
0	133	0	115	6	0	5
0	133	0	116	6	0	5
0	133	0	117	6	0	0
0	133	0	90	5	0	1
0	133	0	91	5	0	6
0	133	0	92	5	0	2
0	133	0	93	5	0	7
0	133	0	94	5	0	10
0	133	0	95	5	0	5
0	133	0	96	5	0	3
0	133	0	97	5	0	3
0	133	0	98	5	0	8
0	133	0	99	5	0	1
0	133	0	100	5	0	7
0	133	0	101	5	0	7
0	133	0	102	5	0	8
0	133	0	103	5	0	13
0	133	0	104	5	0	11
0	133	0	105	5	0	10
0	133	0	106	5	0	13
0	133	0	107	5	0	9
0	133	0	108	5	0	12
0	133	0	109	5	0	13
0	133	0	110	5	0	10
0	133	0	111	5	0	9
0	133	0	112	5	0	12
0	133	0	113	5	0	8
0	133	0	114	5	0	3
0	133	0	115	5	0	2
0	133	0	116	5	0	8
0	133	0	117	5	0	0
0	133	0	92	4	0	5
0	133	0	93	4	0	6
0	133	0	96	4	0	15
0	133	0	97	4	0	11
0	133	0	98	4	0	7
0	133	0	99	4	0	7
0	133	0	100	4	0	10
0	133	0	101	4	0	11
0	133	0	102	4	0	1
0	133	0	104	4	0	2
0	133	0	105	4	0	2
0	133	0	106	4	0	5
0	133	0	107	4	0	10
0	133	0	108	4	0	7
0	133	0	109	4	0	9
0	133	0	110	4	0	9
0	133	0	111	4	0	10
0	133	0	112	4	0	6
0	133	0	113	4	0	3
0	133	0	114	4	0	3
0	133	0	115	4	0	6
0	133	0	116	4	0	3
0	133	0	110	3	0	1
0	133	0	111	3	0	0
0	134	0	115	21	0	0
0	134	0	113	20	0	0
0	134	0	114	20	0	11
0	134	0	115	20	0	0
0	134	0	112	19	0	9
0	134	0	113	19	0	11
0	134	0	114	19	0	1
0	134	0	115	19	0	9
0	134	0	116	19	0	18
0	134	0	117	19	0	0
0	134	0	111	18	0	7
0	134	0	112	18	0	5
0	134	0	113	18	0	0
0	134	0	114	18	0	11
0	134	0	115	18	0	8
0	134	0	116	18	0	7
0	134	0	117	18	0	7
0	134	0	120	18	0	0
0	134	0	111	17	0	5
0	134	0	112	17	0	13
0	134	0	113	17	0	4
0	134	0	114	17	0	7
0	134	0	115	17	0	3
0	134	0	116	17	0	8
0	134	0	117	17	0	2
0	134	0	110	16	0	11
0	134	0	111	16	0	3
0	134	0	112	16	0	13
0	134	0	113	16	0	12
0	134	0	114	16	0	4
0	134	0	115	16	0	1
0	134	0	117	16	0	5
0	134	0	118	16	0	1
0	134	0	108	15	0	11
0	134	0	109	15	0	6
0	134	0	110	15	0	9
0	134	0	111	15	0	0
0	134	0	112	15	0	11
0	134	0	113	15	0	13
0	134	0	114	15	0	10
0	134	0	115	15	0	6
0	134	0	117	15	0	1
0	134	0	118	15	0	2
0	134	0	106	14	0	14
0	134	0	107	14	0	3
0	134	0	108	14	0	14
0	134	0	109	14	0	16
0	134	0	110	14	0	4
0	134	0	111	14	0	11
0	134	0	112	14	0	12
0	134	0	113	14	0	7
0	134	0	114	14	0	16
0	134	0	115	14	0	12
0	134	0	116	14	0	5
0	134	0	117	14	0	2
0	134	0	118	14	0	1
0	134	0	104	13	0	5
0	134	0	105	13	0	10
0	134	0	106	13	0	12
0	134	0	107	13	0	8
0	134	0	108	13	0	12
0	134	0	109	13	0	3
0	134	0	110	13	0	12
0	134	0	111	13	0	12
0	134	0	112	13	0	9
0	134	0	113	13	0	12
0	134	0	114	13	0	6
0	134	0	115	13	0	1
0	134	0	116	13	0	6
0	134	0	118	13	0	1
0	134	0	104	12	0	8
0	134	0	105	12	0	8
0	134	0	106	12	0	6
0	134	0	107	12	0	8
0	134	0	108	12	0	9
0	134	0	109	12	0	11
0	134	0	110	12	0	7
0	134	0	111	12	0	8
0	134	0	112	12	0	3
0	134	0	113	12	0	5
0	134	0	114	12	0	8
0	134	0	115	12	0	4
0	134	0	116	12	0	12
0	134	0	119	12	0	1
0	134	0	99	11	0	12
0	134	0	100	11	0	11
0	134	0	101	11	0	6
0	134	0	102	11	0	11
0	134	0	103	11	0	9
0	134	0	104	11	0	10
0	134	0	105	11	0	12
0	134	0	106	11	0	12
0	134	0	107	11	0	7
0	134	0	108	11	0	4
0	134	0	109	11	0	5
0	134	0	110	11	0	3
0	134	0	111	11	0	2
0	134	0	112	11	0	8
0	134	0	113	11	0	9
0	134	0	114	11	0	3
0	134	0	115	11	0	8
0	134	0	116	11	0	8
0	134	0	117	11	0	3
0	134	0	118	11	0	3
0	134	0	92	10	0	13
0	134	0	93	10	0	8
0	134	0	94	10	0	17
0	134	0	96	10	0	6
0	134	0	97	10	0	4
0	134	0	98	10	0	1
0	134	0	99	10	0	9
0	134	0	100	10	0	11
0	134	0	101	10	0	9
0	134	0	102	10	0	5
0	134	0	103	10	0	2
0	134	0	104	10	0	11
0	134	0	105	10	0	7
0	134	0	106	10	0	4
0	134	0	107	10	0	10
0	134	0	108	10	0	8
0	134	0	109	10	0	5
0	134	0	110	10	0	9
0	134	0	111	10	0	3
0	134	0	112	10	0	10
0	134	0	113	10	0	9
0	134	0	114	10	0	16
0	134	0	115	10	0	10
0	134	0	116	10	0	7
0	134	0	117	10	0	9
0	134	0	118	10	0	1
0	134	0	119	10	0	3
0	134	0	90	9	0	2
0	134	0	91	9	0	9
0	134	0	92	9	0	5
0	134	0	93	9	0	11
0	134	0	94	9	0	8
0	134	0	95	9	0	14
0	134	0	96	9	0	10
0	134	0	97	9	0	6
0	134	0	98	9	0	8
0	134	0	99	9	0	8
0	134	0	100	9	0	7
0	134	0	101	9	0	13
0	134	0	102	9	0	3
0	134	0	103	9	0	13
0	134	0	104	9	0	12
0	134	0	105	9	0	3
0	134	0	106	9	0	8
0	134	0	107	9	0	11
0	134	0	108	9	0	6
0	134	0	109	9	0	8
0	134	0	110	9	0	3
0	134	0	111	9	0	1
0	134	0	112	9	0	13
0	134	0	113	9	0	9
0	134	0	114	9	0	5
0	134	0	115	9	0	12
0	134	0	116	9	0	9
0	134	0	117	9	0	10
0	134	0	118	9	0	1
0	134	0	119	9	0	3
0	134	0	90	8	0	10
0	134	0	91	8	0	10
0	134	0	92	8	0	9
0	134	0	93	8	0	11
0	134	0	94	8	0	8
0	134	0	95	8	0	6
0	134	0	96	8	0	11
0	134	0	97	8	0	1
0	134	0	98	8	0	15
0	134	0	99	8	0	10
0	134	0	100	8	0	2
0	134	0	101	8	0	9
0	134	0	102	8	0	5
0	134	0	103	8	0	4
0	134	0	104	8	0	14
0	134	0	105	8	0	7
0	134	0	106	8	0	10
0	134	0	107	8	0	13
0	134	0	108	8	0	9
0	134	0	109	8	0	5
0	134	0	110	8	0	13
0	134	0	111	8	0	14
0	134	0	112	8	0	12
0	134	0	113	8	0	8
0	134	0	114	8	0	8
0	134	0	115	8	0	6
0	134	0	116	8	0	11
0	134	0	117	8	0	6
0	134	0	118	8	0	1
0	134	0	90	7	0	11
0	134	0	91	7	0	8
0	134	0	92	7	0	7
0	134	0	93	7	0	5
0	134	0	94	7	0	2
0	134	0	95	7	0	6
0	134	0	96	7	0	0
0	134	0	97	7	0	12
0	134	0	98	7	0	7
0	134	0	99	7	0	13
0	134	0	100	7	0	5
0	134	0	101	7	0	9
0	134	0	102	7	0	6
0	134	0	103	7	0	5
0	134	0	104	7	0	10
0	134	0	105	7	0	9
0	134	0	106	7	0	11
0	134	0	107	7	0	9
0	134	0	108	7	0	10
0	134	0	109	7	0	10
0	134	0	110	7	0	5
0	134	0	111	7	0	8
0	134	0	112	7	0	10
0	134	0	113	7	0	13
0	134	0	114	7	0	5
0	134	0	115	7	0	5
0	134	0	116	7	0	2
0	134	0	117	7	0	0
0	134	0	118	7	0	1
0	134	0	120	7	0	4
0	134	0	90	6	0	10
0	134	0	91	6	0	3
0	134	0	92	6	0	9
0	134	0	93	6	0	8
0	134	0	94	6	0	12
0	134	0	95	6	0	4
0	134	0	96	6	0	2
0	134	0	97	6	0	11
0	134	0	98	6	0	10
0	134	0	99	6	0	6
0	134	0	100	6	0	9
0	134	0	101	6	0	14
0	134	0	102	6	0	1
0	134	0	103	6	0	7
0	134	0	104	6	0	10
0	134	0	105	6	0	6
0	134	0	106	6	0	11
0	134	0	107	6	0	9
0	134	0	108	6	0	12
0	134	0	109	6	0	0
0	134	0	110	6	0	10
0	134	0	111	6	0	4
0	134	0	112	6	0	13
0	134	0	113	6	0	7
0	134	0	114	6	0	3
0	134	0	115	6	0	4
0	134	0	116	6	0	6
0	134	0	117	6	0	0
0	134	0	119	6	0	1
0	134	0	120	6	0	1
0	134	0	90	5	0	2
0	134	0	91	5	0	4
0	134	0	92	5	0	3
0	134	0	93	5	0	7
0	134	0	94	5	0	7
0	134	0	95	5	0	9
0	134	0	96	5	0	4
0	134	0	97	5	0	4
0	134	0	98	5	0	11
0	134	0	99	5	0	2
0	134	0	100	5	0	3
0	134	0	101	5	0	8
0	134	0	102	5	0	8
0	134	0	103	5	0	4
0	134	0	104	5	0	13
0	134	0	105	5	0	13
0	134	0	106	5	0	16
0	134	0	107	5	0	9
0	134	0	108	5	0	12
0	134	0	109	5	0	10
0	134	0	110	5	0	12
0	134	0	111	5	0	13
0	134	0	112	5	0	10
0	134	0	113	5	0	9
0	134	0	114	5	0	3
0	134	0	115	5	0	2
0	134	0	116	5	0	10
0	134	0	117	5	0	0
0	134	0	92	4	0	5
0	134	0	93	4	0	11
0	134	0	96	4	0	11
0	134	0	97	4	0	10
0	134	0	98	4	0	3
0	134	0	99	4	0	7
0	134	0	100	4	0	10
0	134	0	101	4	0	5
0	134	0	102	4	0	3
0	134	0	104	4	0	4
0	134	0	105	4	0	1
0	134	0	106	4	0	1
0	134	0	107	4	0	8
0	134	0	108	4	0	8
0	134	0	109	4	0	8
0	134	0	110	4	0	8
0	134	0	111	4	0	10
0	134	0	112	4	0	6
0	134	0	113	4	0	3
0	134	0	114	4	0	5
0	134	0	115	4	0	8
0	134	0	116	4	0	4
0	134	0	110	3	0	2
0	134	0	111	3	0	1
0	135	0	115	21	0	0
0	135	0	113	20	0	0
0	135	0	114	20	0	6
0	135	0	115	20	0	1
0	135	0	112	19	0	15
0	135	0	113	19	0	6
0	135	0	114	19	0	0
0	135	0	115	19	0	12
0	135	0	116	19	0	21
0	135	0	117	19	0	0
0	135	0	111	18	0	4
0	135	0	112	18	0	6
0	135	0	113	18	0	1
0	135	0	114	18	0	9
0	135	0	115	18	0	8
0	135	0	116	18	0	5
0	135	0	117	18	0	4
0	135	0	120	18	0	0
0	135	0	111	17	0	4
0	135	0	112	17	0	16
0	135	0	113	17	0	8
0	135	0	114	17	0	7
0	135	0	115	17	0	3
0	135	0	116	17	0	10
0	135	0	117	17	0	2
0	135	0	118	17	0	1
0	135	0	120	17	0	1
0	135	0	110	16	0	10
0	135	0	111	16	0	5
0	135	0	112	16	0	9
0	135	0	113	16	0	10
0	135	0	114	16	0	5
0	135	0	115	16	0	1
0	135	0	116	16	0	1
0	135	0	117	16	0	7
0	135	0	118	16	0	3
0	135	0	108	15	0	11
0	135	0	109	15	0	7
0	135	0	110	15	0	6
0	135	0	111	15	0	1
0	135	0	112	15	0	8
0	135	0	113	15	0	8
0	135	0	114	15	0	11
0	135	0	115	15	0	7
0	135	0	116	15	0	1
0	135	0	117	15	0	4
0	135	0	118	15	0	2
0	135	0	106	14	0	12
0	135	0	107	14	0	3
0	135	0	108	14	0	11
0	135	0	109	14	0	10
0	135	0	110	14	0	5
0	135	0	111	14	0	16
0	135	0	112	14	0	12
0	135	0	113	14	0	4
0	135	0	114	14	0	13
0	135	0	115	14	0	10
0	135	0	116	14	0	9
0	135	0	117	14	0	3
0	135	0	118	14	0	1
0	135	0	104	13	0	5
0	135	0	105	13	0	7
0	135	0	106	13	0	13
0	135	0	107	13	0	7
0	135	0	108	13	0	12
0	135	0	109	13	0	8
0	135	0	110	13	0	12
0	135	0	111	13	0	10
0	135	0	112	13	0	11
0	135	0	113	13	0	12
0	135	0	114	13	0	6
0	135	0	115	13	0	2
0	135	0	116	13	0	6
0	135	0	118	13	0	0
0	135	0	104	12	0	8
0	135	0	105	12	0	6
0	135	0	106	12	0	5
0	135	0	107	12	0	13
0	135	0	108	12	0	11
0	135	0	109	12	0	9
0	135	0	110	12	0	6
0	135	0	111	12	0	4
0	135	0	112	12	0	4
0	135	0	113	12	0	4
0	135	0	114	12	0	6
0	135	0	115	12	0	5
0	135	0	116	12	0	14
0	135	0	117	12	0	1
0	135	0	118	12	0	1
0	135	0	119	12	0	0
0	135	0	99	11	0	13
0	135	0	100	11	0	8
0	135	0	101	11	0	5
0	135	0	102	11	0	8
0	135	0	103	11	0	16
0	135	0	104	11	0	8
0	135	0	105	11	0	13
0	135	0	106	11	0	13
0	135	0	107	11	0	11
0	135	0	108	11	0	2
0	135	0	109	11	0	8
0	135	0	110	11	0	7
0	135	0	111	11	0	1
0	135	0	112	11	0	8
0	135	0	113	11	0	7
0	135	0	114	11	0	3
0	135	0	115	11	0	8
0	135	0	116	11	0	14
0	135	0	117	11	0	1
0	135	0	118	11	0	2
0	135	0	92	10	0	11
0	135	0	93	10	0	10
0	135	0	94	10	0	16
0	135	0	96	10	0	3
0	135	0	97	10	0	11
0	135	0	98	10	0	3
0	135	0	99	10	0	9
0	135	0	100	10	0	9
0	135	0	101	10	0	10
0	135	0	102	10	0	6
0	135	0	103	10	0	3
0	135	0	104	10	0	9
0	135	0	105	10	0	9
0	135	0	106	10	0	3
0	135	0	107	10	0	10
0	135	0	108	10	0	5
0	135	0	109	10	0	7
0	135	0	110	10	0	4
0	135	0	111	10	0	4
0	135	0	112	10	0	13
0	135	0	113	10	0	12
0	135	0	114	10	0	6
0	135	0	115	10	0	9
0	135	0	116	10	0	13
0	135	0	117	10	0	10
0	135	0	118	10	0	4
0	135	0	119	10	0	5
0	135	0	90	9	0	2
0	135	0	91	9	0	4
0	135	0	92	9	0	4
0	135	0	93	9	0	11
0	135	0	94	9	0	8
0	135	0	95	9	0	17
0	135	0	96	9	0	7
0	135	0	97	9	0	5
0	135	0	98	9	0	10
0	135	0	99	9	0	14
0	135	0	100	9	0	7
0	135	0	101	9	0	9
0	135	0	102	9	0	4
0	135	0	103	9	0	6
0	135	0	104	9	0	14
0	135	0	105	9	0	3
0	135	0	106	9	0	6
0	135	0	107	9	0	5
0	135	0	108	9	0	11
0	135	0	109	9	0	8
0	135	0	110	9	0	5
0	135	0	111	9	0	1
0	135	0	112	9	0	11
0	135	0	113	9	0	10
0	135	0	114	9	0	10
0	135	0	115	9	0	10
0	135	0	116	9	0	9
0	135	0	117	9	0	13
0	135	0	118	9	0	4
0	135	0	119	9	0	3
0	135	0	122	9	0	1
0	135	0	90	8	0	5
0	135	0	91	8	0	8
0	135	0	92	8	0	9
0	135	0	93	8	0	5
0	135	0	94	8	0	8
0	135	0	95	8	0	9
0	135	0	96	8	0	6
0	135	0	97	8	0	0
0	135	0	98	8	0	7
0	135	0	99	8	0	10
0	135	0	100	8	0	5
0	135	0	101	8	0	12
0	135	0	102	8	0	7
0	135	0	103	8	0	6
0	135	0	104	8	0	18
0	135	0	105	8	0	7
0	135	0	106	8	0	4
0	135	0	107	8	0	8
0	135	0	108	8	0	14
0	135	0	109	8	0	5
0	135	0	110	8	0	7
0	135	0	111	8	0	17
0	135	0	112	8	0	14
0	135	0	113	8	0	10
0	135	0	114	8	0	7
0	135	0	115	8	0	13
0	135	0	116	8	0	10
0	135	0	117	8	0	11
0	135	0	118	8	0	2
0	135	0	119	8	0	1
0	135	0	90	7	0	5
0	135	0	91	7	0	13
0	135	0	92	7	0	10
0	135	0	93	7	0	4
0	135	0	94	7	0	2
0	135	0	95	7	0	8
0	135	0	96	7	0	0
0	135	0	97	7	0	14
0	135	0	98	7	0	9
0	135	0	99	7	0	10
0	135	0	100	7	0	8
0	135	0	101	7	0	13
0	135	0	102	7	0	5
0	135	0	103	7	0	8
0	135	0	104	7	0	6
0	135	0	105	7	0	10
0	135	0	106	7	0	10
0	135	0	107	7	0	9
0	135	0	108	7	0	16
0	135	0	109	7	0	12
0	135	0	110	7	0	6
0	135	0	111	7	0	4
0	135	0	112	7	0	10
0	135	0	113	7	0	10
0	135	0	114	7	0	6
0	135	0	115	7	0	12
0	135	0	116	7	0	3
0	135	0	117	7	0	0
0	135	0	118	7	0	2
0	135	0	120	7	0	4
0	135	0	90	6	0	15
0	135	0	91	6	0	9
0	135	0	92	6	0	15
0	135	0	93	6	0	8
0	135	0	94	6	0	11
0	135	0	95	6	0	5
0	135	0	96	6	0	1
0	135	0	97	6	0	10
0	135	0	98	6	0	15
0	135	0	99	6	0	9
0	135	0	100	6	0	12
0	135	0	101	6	0	7
0	135	0	102	6	0	4
0	135	0	103	6	0	3
0	135	0	104	6	0	7
0	135	0	105	6	0	8
0	135	0	106	6	0	12
0	135	0	107	6	0	11
0	135	0	108	6	0	10
0	135	0	109	6	0	3
0	135	0	110	6	0	6
0	135	0	111	6	0	9
0	135	0	112	6	0	18
0	135	0	113	6	0	11
0	135	0	114	6	0	3
0	135	0	115	6	0	5
0	135	0	116	6	0	4
0	135	0	117	6	0	0
0	135	0	119	6	0	1
0	135	0	120	6	0	1
0	135	0	90	5	0	2
0	135	0	91	5	0	4
0	135	0	92	5	0	3
0	135	0	93	5	0	11
0	135	0	94	5	0	7
0	135	0	95	5	0	14
0	135	0	96	5	0	7
0	135	0	97	5	0	5
0	135	0	98	5	0	14
0	135	0	99	5	0	2
0	135	0	100	5	0	5
0	135	0	101	5	0	7
0	135	0	102	5	0	7
0	135	0	103	5	0	4
0	135	0	104	5	0	8
0	135	0	105	5	0	16
0	135	0	106	5	0	10
0	135	0	107	5	0	5
0	135	0	108	5	0	9
0	135	0	109	5	0	9
0	135	0	110	5	0	8
0	135	0	111	5	0	13
0	135	0	112	5	0	6
0	135	0	113	5	0	9
0	135	0	114	5	0	3
0	135	0	115	5	0	2
0	135	0	116	5	0	9
0	135	0	117	5	0	0
0	135	0	118	5	0	1
0	135	0	92	4	0	3
0	135	0	93	4	0	13
0	135	0	96	4	0	9
0	135	0	97	4	0	6
0	135	0	98	4	0	3
0	135	0	99	4	0	8
0	135	0	100	4	0	16
0	135	0	101	4	0	6
0	135	0	102	4	0	7
0	135	0	104	4	0	5
0	135	0	105	4	0	2
0	135	0	106	4	0	3
0	135	0	107	4	0	11
0	135	0	108	4	0	4
0	135	0	109	4	0	11
0	135	0	110	4	0	13
0	135	0	111	4	0	12
0	135	0	112	4	0	4
0	135	0	113	4	0	7
0	135	0	114	4	0	2
0	135	0	115	4	0	7
0	135	0	116	4	0	3
0	135	0	110	3	0	3
0	135	0	111	3	0	2
0	136	0	116	22	0	1
0	136	0	115	21	0	0
0	136	0	113	20	0	0
0	136	0	114	20	0	8
0	136	0	115	20	0	0
0	136	0	112	19	0	14
0	136	0	113	19	0	9
0	136	0	114	19	0	2
0	136	0	115	19	0	10
0	136	0	116	19	0	10
0	136	0	117	19	0	0
0	136	0	111	18	0	2
0	136	0	112	18	0	4
0	136	0	113	18	0	1
0	136	0	114	18	0	6
0	136	0	115	18	0	6
0	136	0	116	18	0	4
0	136	0	117	18	0	6
0	136	0	118	18	0	1
0	136	0	120	18	0	0
0	136	0	111	17	0	4
0	136	0	112	17	0	11
0	136	0	113	17	0	5
0	136	0	114	17	0	8
0	136	0	115	17	0	1
0	136	0	116	17	0	10
0	136	0	117	17	0	2
0	136	0	118	17	0	0
0	136	0	120	17	0	0
0	136	0	110	16	0	4
0	136	0	111	16	0	3
0	136	0	112	16	0	10
0	136	0	113	16	0	12
0	136	0	114	16	0	6
0	136	0	115	16	0	1
0	136	0	116	16	0	2
0	136	0	117	16	0	9
0	136	0	118	16	0	4
0	136	0	108	15	0	7
0	136	0	109	15	0	8
0	136	0	110	15	0	5
0	136	0	111	15	0	3
0	136	0	112	15	0	6
0	136	0	113	15	0	13
0	136	0	114	15	0	4
0	136	0	115	15	0	8
0	136	0	116	15	0	3
0	136	0	117	15	0	5
0	136	0	118	15	0	2
0	136	0	106	14	0	8
0	136	0	107	14	0	3
0	136	0	108	14	0	11
0	136	0	109	14	0	11
0	136	0	110	14	0	6
0	136	0	111	14	0	12
0	136	0	112	14	0	12
0	136	0	113	14	0	5
0	136	0	114	14	0	12
0	136	0	115	14	0	6
0	136	0	116	14	0	8
0	136	0	117	14	0	4
0	136	0	118	14	0	1
0	136	0	104	13	0	2
0	136	0	105	13	0	7
0	136	0	106	13	0	8
0	136	0	107	13	0	9
0	136	0	108	13	0	12
0	136	0	109	13	0	6
0	136	0	110	13	0	13
0	136	0	111	13	0	6
0	136	0	112	13	0	7
0	136	0	113	13	0	9
0	136	0	114	13	0	6
0	136	0	115	13	0	3
0	136	0	116	13	0	5
0	136	0	118	13	0	2
0	136	0	104	12	0	6
0	136	0	105	12	0	7
0	136	0	106	12	0	7
0	136	0	107	12	0	8
0	136	0	108	12	0	9
0	136	0	109	12	0	13
0	136	0	110	12	0	8
0	136	0	111	12	0	7
0	136	0	112	12	0	6
0	136	0	113	12	0	4
0	136	0	114	12	0	2
0	136	0	115	12	0	5
0	136	0	116	12	0	13
0	136	0	117	12	0	1
0	136	0	118	12	0	1
0	136	0	119	12	0	0
0	136	0	99	11	0	13
0	136	0	100	11	0	16
0	136	0	101	11	0	3
0	136	0	102	11	0	10
0	136	0	103	11	0	14
0	136	0	104	11	0	8
0	136	0	105	11	0	5
0	136	0	106	11	0	13
0	136	0	107	11	0	10
0	136	0	108	11	0	1
0	136	0	109	11	0	6
0	136	0	110	11	0	13
0	136	0	111	11	0	3
0	136	0	112	11	0	5
0	136	0	113	11	0	8
0	136	0	114	11	0	2
0	136	0	115	11	0	7
0	136	0	116	11	0	10
0	136	0	117	11	0	2
0	136	0	118	11	0	1
0	136	0	92	10	0	10
0	136	0	93	10	0	14
0	136	0	94	10	0	13
0	136	0	96	10	0	6
0	136	0	97	10	0	9
0	136	0	98	10	0	9
0	136	0	99	10	0	14
0	136	0	100	10	0	11
0	136	0	101	10	0	9
0	136	0	102	10	0	3
0	136	0	103	10	0	3
0	136	0	104	10	0	9
0	136	0	105	10	0	4
0	136	0	106	10	0	3
0	136	0	107	10	0	9
0	136	0	108	10	0	6
0	136	0	109	10	0	7
0	136	0	110	10	0	8
0	136	0	111	10	0	7
0	136	0	112	10	0	10
0	136	0	113	10	0	10
0	136	0	114	10	0	4
0	136	0	115	10	0	10
0	136	0	116	10	0	11
0	136	0	117	10	0	12
0	136	0	118	10	0	2
0	136	0	119	10	0	8
0	136	0	120	10	0	1
0	136	0	90	9	0	4
0	136	0	91	9	0	7
0	136	0	92	9	0	7
0	136	0	93	9	0	13
0	136	0	94	9	0	3
0	136	0	95	9	0	17
0	136	0	96	9	0	7
0	136	0	97	9	0	6
0	136	0	98	9	0	14
0	136	0	99	9	0	6
0	136	0	100	9	0	9
0	136	0	101	9	0	9
0	136	0	102	9	0	6
0	136	0	103	9	0	5
0	136	0	104	9	0	16
0	136	0	105	9	0	2
0	136	0	106	9	0	9
0	136	0	107	9	0	4
0	136	0	108	9	0	8
0	136	0	109	9	0	12
0	136	0	110	9	0	9
0	136	0	111	9	0	4
0	136	0	112	9	0	10
0	136	0	113	9	0	16
0	136	0	114	9	0	9
0	136	0	115	9	0	10
0	136	0	116	9	0	5
0	136	0	117	9	0	16
0	136	0	118	9	0	7
0	136	0	119	9	0	2
0	136	0	122	9	0	0
0	136	0	90	8	0	7
0	136	0	91	8	0	7
0	136	0	92	8	0	14
0	136	0	93	8	0	4
0	136	0	94	8	0	10
0	136	0	95	8	0	12
0	136	0	96	8	0	10
0	136	0	97	8	0	0
0	136	0	98	8	0	7
0	136	0	99	8	0	9
0	136	0	100	8	0	10
0	136	0	101	8	0	14
0	136	0	102	8	0	7
0	136	0	103	8	0	8
0	136	0	104	8	0	11
0	136	0	105	8	0	5
0	136	0	106	8	0	3
0	136	0	107	8	0	11
0	136	0	108	8	0	19
0	136	0	109	8	0	8
0	136	0	110	8	0	10
0	136	0	111	8	0	11
0	136	0	112	8	0	23
0	136	0	113	8	0	10
0	136	0	114	8	0	6
0	136	0	115	8	0	17
0	136	0	116	8	0	13
0	136	0	117	8	0	15
0	136	0	118	8	0	2
0	136	0	119	8	0	1
0	136	0	120	8	0	1
0	136	0	90	7	0	7
0	136	0	91	7	0	7
0	136	0	92	7	0	6
0	136	0	93	7	0	3
0	136	0	94	7	0	2
0	136	0	95	7	0	17
0	136	0	96	7	0	0
0	136	0	97	7	0	12
0	136	0	98	7	0	10
0	136	0	99	7	0	12
0	136	0	100	7	0	7
0	136	0	101	7	0	7
0	136	0	102	7	0	6
0	136	0	103	7	0	10
0	136	0	104	7	0	3
0	136	0	105	7	0	9
0	136	0	106	7	0	14
0	136	0	107	7	0	8
0	136	0	108	7	0	15
0	136	0	109	7	0	13
0	136	0	110	7	0	7
0	136	0	111	7	0	3
0	136	0	112	7	0	9
0	136	0	113	7	0	10
0	136	0	114	7	0	9
0	136	0	115	7	0	14
0	136	0	116	7	0	6
0	136	0	117	7	0	1
0	136	0	118	7	0	1
0	136	0	120	7	0	2
0	136	0	90	6	0	15
0	136	0	91	6	0	12
0	136	0	92	6	0	7
0	136	0	93	6	0	8
0	136	0	94	6	0	9
0	136	0	95	6	0	6
0	136	0	96	6	0	2
0	136	0	97	6	0	10
0	136	0	98	6	0	14
0	136	0	99	6	0	9
0	136	0	100	6	0	10
0	136	0	101	6	0	6
0	136	0	102	6	0	5
0	136	0	103	6	0	6
0	136	0	104	6	0	11
0	136	0	105	6	0	10
0	136	0	106	6	0	9
0	136	0	107	6	0	11
0	136	0	108	6	0	11
0	136	0	109	6	0	3
0	136	0	110	6	0	9
0	136	0	111	6	0	13
0	136	0	112	6	0	15
0	136	0	113	6	0	12
0	136	0	114	6	0	3
0	136	0	115	6	0	8
0	136	0	116	6	0	3
0	136	0	117	6	0	0
0	136	0	119	6	0	2
0	136	0	120	6	0	3
0	136	0	90	5	0	1
0	136	0	91	5	0	4
0	136	0	92	5	0	5
0	136	0	93	5	0	9
0	136	0	94	5	0	4
0	136	0	95	5	0	9
0	136	0	96	5	0	4
0	136	0	97	5	0	3
0	136	0	98	5	0	17
0	136	0	99	5	0	3
0	136	0	100	5	0	1
0	136	0	101	5	0	8
0	136	0	102	5	0	10
0	136	0	103	5	0	1
0	136	0	104	5	0	5
0	136	0	105	5	0	9
0	136	0	106	5	0	6
0	136	0	107	5	0	3
0	136	0	108	5	0	17
0	136	0	109	5	0	13
0	136	0	110	5	0	6
0	136	0	111	5	0	16
0	136	0	112	5	0	5
0	136	0	113	5	0	6
0	136	0	114	5	0	2
0	136	0	115	5	0	2
0	136	0	116	5	0	10
0	136	0	117	5	0	0
0	136	0	118	5	0	2
0	136	0	119	5	0	1
0	136	0	92	4	0	6
0	136	0	93	4	0	12
0	136	0	96	4	0	7
0	136	0	97	4	0	8
0	136	0	98	4	0	3
0	136	0	99	4	0	7
0	136	0	100	4	0	14
0	136	0	101	4	0	6
0	136	0	102	4	0	8
0	136	0	104	4	0	5
0	136	0	105	4	0	4
0	136	0	106	4	0	4
0	136	0	107	4	0	5
0	136	0	108	4	0	6
0	136	0	109	4	0	11
0	136	0	110	4	0	9
0	136	0	111	4	0	10
0	136	0	112	4	0	8
0	136	0	113	4	0	9
0	136	0	114	4	0	2
0	136	0	115	4	0	14
0	136	0	116	4	0	1
0	136	0	110	3	0	2
0	136	0	111	3	0	3
0	137	0	116	22	0	0
0	137	0	117	22	0	1
0	137	0	115	21	0	0
0	137	0	113	20	0	1
0	137	0	114	20	0	6
0	137	0	115	20	0	1
0	137	0	116	20	0	1
0	137	0	112	19	0	18
0	137	0	113	19	0	9
0	137	0	114	19	0	4
0	137	0	115	19	0	14
0	137	0	116	19	0	10
0	137	0	117	19	0	0
0	137	0	111	18	0	3
0	137	0	112	18	0	7
0	137	0	113	18	0	3
0	137	0	114	18	0	8
0	137	0	115	18	0	6
0	137	0	116	18	0	10
0	137	0	117	18	0	6
0	137	0	118	18	0	3
0	137	0	120	18	0	0
0	137	0	111	17	0	6
0	137	0	112	17	0	10
0	137	0	113	17	0	6
0	137	0	114	17	0	7
0	137	0	115	17	0	1
0	137	0	116	17	0	12
0	137	0	117	17	0	5
0	137	0	118	17	0	0
0	137	0	120	17	0	0
0	137	0	110	16	0	4
0	137	0	111	16	0	5
0	137	0	112	16	0	6
0	137	0	113	16	0	10
0	137	0	114	16	0	10
0	137	0	115	16	0	3
0	137	0	116	16	0	2
0	137	0	117	16	0	8
0	137	0	118	16	0	4
0	137	0	119	16	0	1
0	137	0	108	15	0	10
0	137	0	109	15	0	16
0	137	0	110	15	0	7
0	137	0	111	15	0	3
0	137	0	112	15	0	5
0	137	0	113	15	0	12
0	137	0	114	15	0	4
0	137	0	115	15	0	4
0	137	0	116	15	0	4
0	137	0	117	15	0	6
0	137	0	118	15	0	5
0	137	0	106	14	0	7
0	137	0	107	14	0	3
0	137	0	108	14	0	6
0	137	0	109	14	0	4
0	137	0	110	14	0	12
0	137	0	111	14	0	19
0	137	0	112	14	0	13
0	137	0	113	14	0	7
0	137	0	114	14	0	11
0	137	0	115	14	0	15
0	137	0	116	14	0	7
0	137	0	117	14	0	2
0	137	0	118	14	0	1
0	137	0	104	13	0	1
0	137	0	105	13	0	8
0	137	0	106	13	0	9
0	137	0	107	13	0	6
0	137	0	108	13	0	15
0	137	0	109	13	0	10
0	137	0	110	13	0	9
0	137	0	111	13	0	8
0	137	0	112	13	0	4
0	137	0	113	13	0	8
0	137	0	114	13	0	10
0	137	0	115	13	0	2
0	137	0	116	13	0	1
0	137	0	118	13	0	4
0	137	0	104	12	0	5
0	137	0	105	12	0	5
0	137	0	106	12	0	8
0	137	0	107	12	0	8
0	137	0	108	12	0	13
0	137	0	109	12	0	14
0	137	0	110	12	0	10
0	137	0	111	12	0	6
0	137	0	112	12	0	5
0	137	0	113	12	0	4
0	137	0	114	12	0	8
0	137	0	115	12	0	10
0	137	0	116	12	0	12
0	137	0	117	12	0	1
0	137	0	118	12	0	1
0	137	0	119	12	0	0
0	137	0	99	11	0	12
0	137	0	100	11	0	12
0	137	0	101	11	0	4
0	137	0	102	11	0	7
0	137	0	103	11	0	10
0	137	0	104	11	0	11
0	137	0	105	11	0	9
0	137	0	106	11	0	11
0	137	0	107	11	0	6
0	137	0	108	11	0	2
0	137	0	109	11	0	9
0	137	0	110	11	0	9
0	137	0	111	11	0	5
0	137	0	112	11	0	5
0	137	0	113	11	0	11
0	137	0	114	11	0	0
0	137	0	115	11	0	5
0	137	0	116	11	0	6
0	137	0	117	11	0	4
0	137	0	118	11	0	4
0	137	0	92	10	0	8
0	137	0	93	10	0	12
0	137	0	94	10	0	14
0	137	0	96	10	0	5
0	137	0	97	10	0	9
0	137	0	98	10	0	5
0	137	0	99	10	0	9
0	137	0	100	10	0	17
0	137	0	101	10	0	9
0	137	0	102	10	0	4
0	137	0	103	10	0	3
0	137	0	104	10	0	9
0	137	0	105	10	0	7
0	137	0	106	10	0	4
0	137	0	107	10	0	8
0	137	0	108	10	0	10
0	137	0	109	10	0	5
0	137	0	110	10	0	9
0	137	0	111	10	0	5
0	137	0	112	10	0	15
0	137	0	113	10	0	10
0	137	0	114	10	0	3
0	137	0	115	10	0	4
0	137	0	116	10	0	9
0	137	0	117	10	0	9
0	137	0	118	10	0	0
0	137	0	119	10	0	9
0	137	0	120	10	0	0
0	137	0	90	9	0	11
0	137	0	91	9	0	8
0	137	0	92	9	0	3
0	137	0	93	9	0	6
0	137	0	94	9	0	6
0	137	0	95	9	0	10
0	137	0	96	9	0	8
0	137	0	97	9	0	7
0	137	0	98	9	0	14
0	137	0	99	9	0	4
0	137	0	100	9	0	9
0	137	0	101	9	0	10
0	137	0	102	9	0	10
0	137	0	103	9	0	5
0	137	0	104	9	0	12
0	137	0	105	9	0	5
0	137	0	106	9	0	10
0	137	0	107	9	0	6
0	137	0	108	9	0	6
0	137	0	109	9	0	17
0	137	0	110	9	0	8
0	137	0	111	9	0	4
0	137	0	112	9	0	8
0	137	0	113	9	0	19
0	137	0	114	9	0	10
0	137	0	115	9	0	15
0	137	0	116	9	0	8
0	137	0	117	9	0	15
0	137	0	118	9	0	7
0	137	0	119	9	0	2
0	137	0	121	9	0	1
0	137	0	122	9	0	0
0	137	0	90	8	0	7
0	137	0	91	8	0	7
0	137	0	92	8	0	14
0	137	0	93	8	0	4
0	137	0	94	8	0	10
0	137	0	95	8	0	8
0	137	0	96	8	0	14
0	137	0	97	8	0	0
0	137	0	98	8	0	2
0	137	0	99	8	0	9
0	137	0	100	8	0	12
0	137	0	101	8	0	11
0	137	0	102	8	0	14
0	137	0	103	8	0	11
0	137	0	104	8	0	9
0	137	0	105	8	0	6
0	137	0	106	8	0	7
0	137	0	107	8	0	15
0	137	0	108	8	0	14
0	137	0	109	8	0	9
0	137	0	110	8	0	10
0	137	0	111	8	0	16
0	137	0	112	8	0	18
0	137	0	113	8	0	14
0	137	0	114	8	0	4
0	137	0	115	8	0	17
0	137	0	116	8	0	12
0	137	0	117	8	0	10
0	137	0	118	8	0	5
0	137	0	119	8	0	2
0	137	0	120	8	0	2
0	137	0	90	7	0	9
0	137	0	91	7	0	13
0	137	0	92	7	0	8
0	137	0	93	7	0	4
0	137	0	94	7	0	3
0	137	0	95	7	0	11
0	137	0	96	7	0	0
0	137	0	97	7	0	7
0	137	0	98	7	0	7
0	137	0	99	7	0	13
0	137	0	100	7	0	10
0	137	0	101	7	0	1
0	137	0	102	7	0	6
0	137	0	103	7	0	17
0	137	0	104	7	0	10
0	137	0	105	7	0	14
0	137	0	106	7	0	12
0	137	0	107	7	0	9
0	137	0	108	7	0	9
0	137	0	109	7	0	13
0	137	0	110	7	0	7
0	137	0	111	7	0	5
0	137	0	112	7	0	9
0	137	0	113	7	0	7
0	137	0	114	7	0	12
0	137	0	115	7	0	12
0	137	0	116	7	0	9
0	137	0	117	7	0	4
0	137	0	118	7	0	3
0	137	0	119	7	0	1
0	137	0	120	7	0	5
0	137	0	90	6	0	15
0	137	0	91	6	0	11
0	137	0	92	6	0	12
0	137	0	93	6	0	10
0	137	0	94	6	0	9
0	137	0	95	6	0	2
0	137	0	96	6	0	2
0	137	0	97	6	0	5
0	137	0	98	6	0	8
0	137	0	99	6	0	10
0	137	0	100	6	0	11
0	137	0	101	6	0	4
0	137	0	102	6	0	6
0	137	0	103	6	0	2
0	137	0	104	6	0	11
0	137	0	105	6	0	9
0	137	0	106	6	0	8
0	137	0	107	6	0	8
0	137	0	108	6	0	6
0	137	0	109	6	0	6
0	137	0	110	6	0	7
0	137	0	111	6	0	17
0	137	0	112	6	0	15
0	137	0	113	6	0	11
0	137	0	114	6	0	2
0	137	0	115	6	0	7
0	137	0	116	6	0	10
0	137	0	117	6	0	0
0	137	0	119	6	0	2
0	137	0	120	6	0	3
0	137	0	121	6	0	1
0	137	0	90	5	0	2
0	137	0	91	5	0	4
0	137	0	92	5	0	4
0	137	0	93	5	0	14
0	137	0	94	5	0	3
0	137	0	95	5	0	11
0	137	0	96	5	0	3
0	137	0	97	5	0	2
0	137	0	98	5	0	13
0	137	0	99	5	0	5
0	137	0	100	5	0	2
0	137	0	101	5	0	6
0	137	0	102	5	0	13
0	137	0	103	5	0	0
0	137	0	104	5	0	10
0	137	0	105	5	0	6
0	137	0	106	5	0	8
0	137	0	107	5	0	3
0	137	0	108	5	0	12
0	137	0	109	5	0	10
0	137	0	110	5	0	8
0	137	0	111	5	0	8
0	137	0	112	5	0	3
0	137	0	113	5	0	6
0	137	0	114	5	0	3
0	137	0	115	5	0	2
0	137	0	116	5	0	12
0	137	0	117	5	0	0
0	137	0	118	5	0	3
0	137	0	119	5	0	0
0	137	0	92	4	0	6
0	137	0	93	4	0	5
0	137	0	96	4	0	7
0	137	0	97	4	0	2
0	137	0	98	4	0	2
0	137	0	99	4	0	7
0	137	0	100	4	0	15
0	137	0	101	4	0	7
0	137	0	102	4	0	6
0	137	0	104	4	0	6
0	137	0	105	4	0	4
0	137	0	106	4	0	6
0	137	0	107	4	0	13
0	137	0	108	4	0	4
0	137	0	109	4	0	11
0	137	0	110	4	0	7
0	137	0	111	4	0	10
0	137	0	112	4	0	15
0	137	0	113	4	0	8
0	137	0	114	4	0	2
0	137	0	115	4	0	10
0	137	0	116	4	0	1
0	137	0	118	4	0	1
0	137	0	120	4	0	1
0	137	0	110	3	0	2
0	137	0	111	3	0	5
0	138	0	119	25	0	1
0	138	0	116	22	0	0
0	138	0	117	22	0	0
0	138	0	115	21	0	0
0	138	0	113	20	0	1
0	138	0	114	20	0	5
0	138	0	115	20	0	4
0	138	0	116	20	0	1
0	138	0	112	19	0	10
0	138	0	113	19	0	9
0	138	0	114	19	0	4
0	138	0	115	19	0	9
0	138	0	116	19	0	9
0	138	0	117	19	0	0
0	138	0	111	18	0	7
0	138	0	112	18	0	9
0	138	0	113	18	0	3
0	138	0	114	18	0	8
0	138	0	115	18	0	6
0	138	0	116	18	0	9
0	138	0	117	18	0	5
0	138	0	118	18	0	3
0	138	0	120	18	0	0
0	138	0	111	17	0	11
0	138	0	112	17	0	9
0	138	0	113	17	0	6
0	138	0	114	17	0	10
0	138	0	115	17	0	0
0	138	0	116	17	0	10
0	138	0	117	17	0	5
0	138	0	118	17	0	2
0	138	0	120	17	0	0
0	138	0	121	17	0	1
0	138	0	110	16	0	9
0	138	0	111	16	0	8
0	138	0	112	16	0	10
0	138	0	113	16	0	12
0	138	0	114	16	0	8
0	138	0	115	16	0	6
0	138	0	116	16	0	3
0	138	0	117	16	0	9
0	138	0	118	16	0	2
0	138	0	119	16	0	4
0	138	0	108	15	0	7
0	138	0	109	15	0	7
0	138	0	110	15	0	8
0	138	0	111	15	0	1
0	138	0	112	15	0	8
0	138	0	113	15	0	11
0	138	0	114	15	0	3
0	138	0	115	15	0	6
0	138	0	116	15	0	1
0	138	0	117	15	0	7
0	138	0	118	15	0	3
0	138	0	106	14	0	12
0	138	0	107	14	0	4
0	138	0	108	14	0	5
0	138	0	109	14	0	7
0	138	0	110	14	0	12
0	138	0	111	14	0	7
0	138	0	112	14	0	13
0	138	0	113	14	0	7
0	138	0	114	14	0	6
0	138	0	115	14	0	18
0	138	0	116	14	0	8
0	138	0	117	14	0	0
0	138	0	118	14	0	0
0	138	0	104	13	0	1
0	138	0	105	13	0	9
0	138	0	106	13	0	7
0	138	0	107	13	0	7
0	138	0	108	13	0	11
0	138	0	109	13	0	9
0	138	0	110	13	0	10
0	138	0	111	13	0	11
0	138	0	112	13	0	3
0	138	0	113	13	0	9
0	138	0	114	13	0	16
0	138	0	115	13	0	3
0	138	0	116	13	0	4
0	138	0	117	13	0	1
0	138	0	118	13	0	3
0	138	0	104	12	0	5
0	138	0	105	12	0	4
0	138	0	106	12	0	11
0	138	0	107	12	0	8
0	138	0	108	12	0	9
0	138	0	109	12	0	16
0	138	0	110	12	0	16
0	138	0	111	12	0	7
0	138	0	112	12	0	2
0	138	0	113	12	0	6
0	138	0	114	12	0	5
0	138	0	115	12	0	7
0	138	0	116	12	0	13
0	138	0	117	12	0	3
0	138	0	118	12	0	2
0	138	0	119	12	0	0
0	138	0	99	11	0	13
0	138	0	100	11	0	13
0	138	0	101	11	0	5
0	138	0	102	11	0	9
0	138	0	103	11	0	8
0	138	0	104	11	0	6
0	138	0	105	11	0	5
0	138	0	106	11	0	9
0	138	0	107	11	0	8
0	138	0	108	11	0	3
0	138	0	109	11	0	5
0	138	0	110	11	0	8
0	138	0	111	11	0	8
0	138	0	112	11	0	3
0	138	0	113	11	0	14
0	138	0	114	11	0	0
0	138	0	115	11	0	7
0	138	0	116	11	0	4
0	138	0	117	11	0	5
0	138	0	118	11	0	4
0	138	0	92	10	0	10
0	138	0	93	10	0	9
0	138	0	94	10	0	8
0	138	0	96	10	0	9
0	138	0	97	10	0	12
0	138	0	98	10	0	6
0	138	0	99	10	0	5
0	138	0	100	10	0	18
0	138	0	101	10	0	6
0	138	0	102	10	0	5
0	138	0	103	10	0	10
0	138	0	104	10	0	7
0	138	0	105	10	0	7
0	138	0	106	10	0	12
0	138	0	107	10	0	5
0	138	0	108	10	0	10
0	138	0	109	10	0	4
0	138	0	110	10	0	8
0	138	0	111	10	0	5
0	138	0	112	10	0	13
0	138	0	113	10	0	10
0	138	0	114	10	0	5
0	138	0	115	10	0	7
0	138	0	116	10	0	7
0	138	0	117	10	0	6
0	138	0	118	10	0	1
0	138	0	119	10	0	7
0	138	0	120	10	0	0
0	138	0	90	9	0	11
0	138	0	91	9	0	8
0	138	0	92	9	0	5
0	138	0	93	9	0	9
0	138	0	94	9	0	6
0	138	0	95	9	0	10
0	138	0	96	9	0	11
0	138	0	97	9	0	8
0	138	0	98	9	0	13
0	138	0	99	9	0	8
0	138	0	100	9	0	7
0	138	0	101	9	0	10
0	138	0	102	9	0	9
0	138	0	103	9	0	16
0	138	0	104	9	0	9
0	138	0	105	9	0	5
0	138	0	106	9	0	9
0	138	0	107	9	0	9
0	138	0	108	9	0	4
0	138	0	109	9	0	10
0	138	0	110	9	0	3
0	138	0	111	9	0	3
0	138	0	112	9	0	7
0	138	0	113	9	0	14
0	138	0	114	9	0	4
0	138	0	115	9	0	14
0	138	0	116	9	0	11
0	138	0	117	9	0	15
0	138	0	118	9	0	5
0	138	0	119	9	0	2
0	138	0	121	9	0	2
0	138	0	122	9	0	0
0	138	0	90	8	0	6
0	138	0	91	8	0	8
0	138	0	92	8	0	12
0	138	0	93	8	0	6
0	138	0	94	8	0	9
0	138	0	95	8	0	9
0	138	0	96	8	0	13
0	138	0	97	8	0	0
0	138	0	98	8	0	2
0	138	0	99	8	0	19
0	138	0	100	8	0	9
0	138	0	101	8	0	7
0	138	0	102	8	0	8
0	138	0	103	8	0	9
0	138	0	104	8	0	10
0	138	0	105	8	0	4
0	138	0	106	8	0	9
0	138	0	107	8	0	10
0	138	0	108	8	0	13
0	138	0	109	8	0	9
0	138	0	110	8	0	13
0	138	0	111	8	0	16
0	138	0	112	8	0	15
0	138	0	113	8	0	7
0	138	0	114	8	0	6
0	138	0	115	8	0	7
0	138	0	116	8	0	11
0	138	0	117	8	0	17
0	138	0	118	8	0	7
0	138	0	119	8	0	2
0	138	0	120	8	0	2
0	138	0	122	8	0	1
0	138	0	90	7	0	9
0	138	0	91	7	0	12
0	138	0	92	7	0	11
0	138	0	93	7	0	4
0	138	0	94	7	0	3
0	138	0	95	7	0	8
0	138	0	96	7	0	2
0	138	0	97	7	0	7
0	138	0	98	7	0	8
0	138	0	99	7	0	19
0	138	0	100	7	0	12
0	138	0	101	7	0	4
0	138	0	102	7	0	9
0	138	0	103	7	0	14
0	138	0	104	7	0	8
0	138	0	105	7	0	21
0	138	0	106	7	0	7
0	138	0	107	7	0	9
0	138	0	108	7	0	11
0	138	0	109	7	0	10
0	138	0	110	7	0	17
0	138	0	111	7	0	9
0	138	0	112	7	0	11
0	138	0	113	7	0	6
0	138	0	114	7	0	10
0	138	0	115	7	0	4
0	138	0	116	7	0	9
0	138	0	117	7	0	4
0	138	0	118	7	0	4
0	138	0	119	7	0	1
0	138	0	120	7	0	4
0	138	0	90	6	0	12
0	138	0	91	6	0	7
0	138	0	92	6	0	13
0	138	0	93	6	0	14
0	138	0	94	6	0	13
0	138	0	95	6	0	4
0	138	0	96	6	0	2
0	138	0	97	6	0	4
0	138	0	98	6	0	7
0	138	0	99	6	0	8
0	138	0	100	6	0	12
0	138	0	101	6	0	2
0	138	0	102	6	0	5
0	138	0	103	6	0	2
0	138	0	104	6	0	13
0	138	0	105	6	0	8
0	138	0	106	6	0	7
0	138	0	107	6	0	8
0	138	0	108	6	0	12
0	138	0	109	6	0	9
0	138	0	110	6	0	6
0	138	0	111	6	0	11
0	138	0	112	6	0	12
0	138	0	113	6	0	7
0	138	0	114	6	0	3
0	138	0	115	6	0	4
0	138	0	116	6	0	11
0	138	0	117	6	0	1
0	138	0	119	6	0	2
0	138	0	120	6	0	3
0	138	0	121	6	0	0
0	138	0	90	5	0	1
0	138	0	91	5	0	10
0	138	0	92	5	0	9
0	138	0	93	5	0	10
0	138	0	94	5	0	5
0	138	0	95	5	0	11
0	138	0	96	5	0	7
0	138	0	97	5	0	4
0	138	0	98	5	0	12
0	138	0	99	5	0	5
0	138	0	100	5	0	0
0	138	0	101	5	0	9
0	138	0	102	5	0	14
0	138	0	103	5	0	1
0	138	0	104	5	0	9
0	138	0	105	5	0	8
0	138	0	106	5	0	10
0	138	0	107	5	0	3
0	138	0	108	5	0	12
0	138	0	109	5	0	12
0	138	0	110	5	0	10
0	138	0	111	5	0	14
0	138	0	112	5	0	3
0	138	0	113	5	0	9
0	138	0	114	5	0	4
0	138	0	115	5	0	9
0	138	0	116	5	0	15
0	138	0	117	5	0	0
0	138	0	118	5	0	2
0	138	0	119	5	0	0
0	138	0	92	4	0	5
0	138	0	93	4	0	10
0	138	0	96	4	0	3
0	138	0	97	4	0	2
0	138	0	98	4	0	1
0	138	0	99	4	0	8
0	138	0	100	4	0	12
0	138	0	101	4	0	7
0	138	0	102	4	0	5
0	138	0	104	4	0	5
0	138	0	105	4	0	3
0	138	0	106	4	0	7
0	138	0	107	4	0	21
0	138	0	108	4	0	8
0	138	0	109	4	0	7
0	138	0	110	4	0	7
0	138	0	111	4	0	15
0	138	0	112	4	0	6
0	138	0	113	4	0	6
0	138	0	114	4	0	5
0	138	0	115	4	0	12
0	138	0	116	4	0	2
0	138	0	118	4	0	3
0	138	0	119	4	0	1
0	138	0	120	4	0	0
0	138	0	110	3	0	3
0	138	0	111	3	0	6
0	139	0	116	30	0	1
0	139	0	119	25	0	2
0	139	0	116	22	0	0
0	139	0	117	22	0	0
0	139	0	115	21	0	0
0	139	0	113	20	0	2
0	139	0	114	20	0	6
0	139	0	115	20	0	4
0	139	0	116	20	0	1
0	139	0	120	20	0	1
0	139	0	112	19	0	7
0	139	0	113	19	0	8
0	139	0	114	19	0	4
0	139	0	115	19	0	11
0	139	0	116	19	0	18
0	139	0	117	19	0	0
0	139	0	111	18	0	10
0	139	0	112	18	0	18
0	139	0	113	18	0	6
0	139	0	114	18	0	5
0	139	0	115	18	0	5
0	139	0	116	18	0	8
0	139	0	117	18	0	4
0	139	0	118	18	0	2
0	139	0	120	18	0	0
0	139	0	111	17	0	15
0	139	0	112	17	0	9
0	139	0	113	17	0	3
0	139	0	114	17	0	11
0	139	0	115	17	0	2
0	139	0	116	17	0	9
0	139	0	117	17	0	6
0	139	0	118	17	0	1
0	139	0	120	17	0	0
0	139	0	121	17	0	3
0	139	0	110	16	0	9
0	139	0	111	16	0	12
0	139	0	112	16	0	12
0	139	0	113	16	0	15
0	139	0	114	16	0	8
0	139	0	115	16	0	9
0	139	0	116	16	0	7
0	139	0	117	16	0	14
0	139	0	118	16	0	3
0	139	0	119	16	0	4
0	139	0	108	15	0	7
0	139	0	109	15	0	10
0	139	0	110	15	0	12
0	139	0	111	15	0	1
0	139	0	112	15	0	7
0	139	0	113	15	0	7
0	139	0	114	15	0	1
0	139	0	115	15	0	3
0	139	0	116	15	0	1
0	139	0	117	15	0	11
0	139	0	118	15	0	3
0	139	0	106	14	0	13
0	139	0	107	14	0	5
0	139	0	108	14	0	7
0	139	0	109	14	0	7
0	139	0	110	14	0	6
0	139	0	111	14	0	5
0	139	0	112	14	0	15
0	139	0	113	14	0	8
0	139	0	114	14	0	10
0	139	0	115	14	0	12
0	139	0	116	14	0	7
0	139	0	117	14	0	0
0	139	0	118	14	0	0
0	139	0	104	13	0	1
0	139	0	105	13	0	12
0	139	0	106	13	0	6
0	139	0	107	13	0	12
0	139	0	108	13	0	10
0	139	0	109	13	0	9
0	139	0	110	13	0	6
0	139	0	111	13	0	11
0	139	0	112	13	0	4
0	139	0	113	13	0	14
0	139	0	114	13	0	6
0	139	0	115	13	0	4
0	139	0	116	13	0	7
0	139	0	117	13	0	2
0	139	0	118	13	0	0
0	139	0	104	12	0	2
0	139	0	105	12	0	3
0	139	0	106	12	0	11
0	139	0	107	12	0	5
0	139	0	108	12	0	7
0	139	0	109	12	0	13
0	139	0	110	12	0	15
0	139	0	111	12	0	6
0	139	0	112	12	0	3
0	139	0	113	12	0	3
0	139	0	114	12	0	4
0	139	0	115	12	0	8
0	139	0	116	12	0	8
0	139	0	117	12	0	2
0	139	0	118	12	0	2
0	139	0	119	12	0	0
0	139	0	120	12	0	1
0	139	0	99	11	0	15
0	139	0	100	11	0	12
0	139	0	101	11	0	5
0	139	0	102	11	0	12
0	139	0	103	11	0	7
0	139	0	104	11	0	9
0	139	0	105	11	0	10
0	139	0	106	11	0	2
0	139	0	107	11	0	8
0	139	0	108	11	0	2
0	139	0	109	11	0	8
0	139	0	110	11	0	10
0	139	0	111	11	0	8
0	139	0	112	11	0	3
0	139	0	113	11	0	7
0	139	0	114	11	0	0
0	139	0	115	11	0	8
0	139	0	116	11	0	6
0	139	0	117	11	0	3
0	139	0	118	11	0	6
0	139	0	92	10	0	11
0	139	0	93	10	0	9
0	139	0	94	10	0	13
0	139	0	96	10	0	6
0	139	0	97	10	0	7
0	139	0	98	10	0	2
0	139	0	99	10	0	8
0	139	0	100	10	0	12
0	139	0	101	10	0	6
0	139	0	102	10	0	6
0	139	0	103	10	0	19
0	139	0	104	10	0	7
0	139	0	105	10	0	6
0	139	0	106	10	0	14
0	139	0	107	10	0	5
0	139	0	108	10	0	12
0	139	0	109	10	0	5
0	139	0	110	10	0	4
0	139	0	111	10	0	8
0	139	0	112	10	0	16
0	139	0	113	10	0	8
0	139	0	114	10	0	9
0	139	0	115	10	0	7
0	139	0	116	10	0	7
0	139	0	117	10	0	10
0	139	0	118	10	0	1
0	139	0	119	10	0	6
0	139	0	120	10	0	0
0	139	0	90	9	0	12
0	139	0	91	9	0	9
0	139	0	92	9	0	5
0	139	0	93	9	0	10
0	139	0	94	9	0	8
0	139	0	95	9	0	9
0	139	0	96	9	0	7
0	139	0	97	9	0	7
0	139	0	98	9	0	10
0	139	0	99	9	0	13
0	139	0	100	9	0	9
0	139	0	101	9	0	4
0	139	0	102	9	0	8
0	139	0	103	9	0	8
0	139	0	104	9	0	7
0	139	0	105	9	0	7
0	139	0	106	9	0	6
0	139	0	107	9	0	8
0	139	0	108	9	0	7
0	139	0	109	9	0	11
0	139	0	110	9	0	9
0	139	0	111	9	0	6
0	139	0	112	9	0	14
0	139	0	113	9	0	18
0	139	0	114	9	0	6
0	139	0	115	9	0	12
0	139	0	116	9	0	9
0	139	0	117	9	0	11
0	139	0	118	9	0	3
0	139	0	119	9	0	2
0	139	0	120	9	0	1
0	139	0	121	9	0	0
0	139	0	122	9	0	0
0	139	0	90	8	0	5
0	139	0	91	8	0	7
0	139	0	92	8	0	13
0	139	0	93	8	0	7
0	139	0	94	8	0	9
0	139	0	95	8	0	8
0	139	0	96	8	0	17
0	139	0	97	8	0	0
0	139	0	98	8	0	1
0	139	0	99	8	0	12
0	139	0	100	8	0	9
0	139	0	101	8	0	11
0	139	0	102	8	0	6
0	139	0	103	8	0	11
0	139	0	104	8	0	9
0	139	0	105	8	0	4
0	139	0	106	8	0	3
0	139	0	107	8	0	12
0	139	0	108	8	0	7
0	139	0	109	8	0	7
0	139	0	110	8	0	13
0	139	0	111	8	0	8
0	139	0	112	8	0	10
0	139	0	113	8	0	6
0	139	0	114	8	0	10
0	139	0	115	8	0	9
0	139	0	116	8	0	9
0	139	0	117	8	0	6
0	139	0	118	8	0	2
0	139	0	119	8	0	3
0	139	0	120	8	0	3
0	139	0	122	8	0	2
0	139	0	90	7	0	11
0	139	0	91	7	0	12
0	139	0	92	7	0	14
0	139	0	93	7	0	6
0	139	0	94	7	0	5
0	139	0	95	7	0	7
0	139	0	96	7	0	2
0	139	0	97	7	0	10
0	139	0	98	7	0	10
0	139	0	99	7	0	12
0	139	0	100	7	0	14
0	139	0	101	7	0	5
0	139	0	102	7	0	9
0	139	0	103	7	0	11
0	139	0	104	7	0	9
0	139	0	105	7	0	21
0	139	0	106	7	0	5
0	139	0	107	7	0	8
0	139	0	108	7	0	7
0	139	0	109	7	0	9
0	139	0	110	7	0	11
0	139	0	111	7	0	15
0	139	0	112	7	0	7
0	139	0	113	7	0	11
0	139	0	114	7	0	6
0	139	0	115	7	0	6
0	139	0	116	7	0	9
0	139	0	117	7	0	6
0	139	0	118	7	0	6
0	139	0	119	7	0	2
0	139	0	120	7	0	2
0	139	0	122	7	0	1
0	139	0	90	6	0	13
0	139	0	91	6	0	5
0	139	0	92	6	0	12
0	139	0	93	6	0	8
0	139	0	94	6	0	5
0	139	0	95	6	0	7
0	139	0	96	6	0	2
0	139	0	97	6	0	4
0	139	0	98	6	0	9
0	139	0	99	6	0	8
0	139	0	100	6	0	11
0	139	0	101	6	0	4
0	139	0	102	6	0	5
0	139	0	103	6	0	3
0	139	0	104	6	0	12
0	139	0	105	6	0	8
0	139	0	106	6	0	8
0	139	0	107	6	0	12
0	139	0	108	6	0	11
0	139	0	109	6	0	5
0	139	0	110	6	0	3
0	139	0	111	6	0	15
0	139	0	112	6	0	16
0	139	0	113	6	0	5
0	139	0	114	6	0	6
0	139	0	115	6	0	4
0	139	0	116	6	0	8
0	139	0	117	6	0	1
0	139	0	119	6	0	2
0	139	0	120	6	0	3
0	139	0	121	6	0	0
0	139	0	90	5	0	0
0	139	0	91	5	0	13
0	139	0	92	5	0	5
0	139	0	93	5	0	12
0	139	0	94	5	0	5
0	139	0	95	5	0	16
0	139	0	96	5	0	7
0	139	0	97	5	0	3
0	139	0	98	5	0	6
0	139	0	99	5	0	3
0	139	0	100	5	0	1
0	139	0	101	5	0	9
0	139	0	102	5	0	10
0	139	0	103	5	0	3
0	139	0	104	5	0	11
0	139	0	105	5	0	8
0	139	0	106	5	0	7
0	139	0	107	5	0	4
0	139	0	108	5	0	10
0	139	0	109	5	0	10
0	139	0	110	5	0	9
0	139	0	111	5	0	11
0	139	0	112	5	0	5
0	139	0	113	5	0	13
0	139	0	114	5	0	10
0	139	0	115	5	0	6
0	139	0	116	5	0	12
0	139	0	117	5	0	2
0	139	0	118	5	0	1
0	139	0	119	5	0	0
0	139	0	122	5	0	1
0	139	0	92	4	0	4
0	139	0	93	4	0	9
0	139	0	96	4	0	2
0	139	0	97	4	0	6
0	139	0	98	4	0	0
0	139	0	99	4	0	6
0	139	0	100	4	0	8
0	139	0	101	4	0	7
0	139	0	102	4	0	5
0	139	0	104	4	0	2
0	139	0	105	4	0	2
0	139	0	106	4	0	12
0	139	0	107	4	0	11
0	139	0	108	4	0	7
0	139	0	109	4	0	9
0	139	0	110	4	0	9
0	139	0	111	4	0	14
0	139	0	112	4	0	7
0	139	0	113	4	0	9
0	139	0	114	4	0	7
0	139	0	115	4	0	7
0	139	0	116	4	0	2
0	139	0	118	4	0	4
0	139	0	119	4	0	0
0	139	0	120	4	0	0
0	139	0	110	3	0	7
0	139	0	111	3	0	6
0	140	0	116	30	0	0
0	140	0	119	25	0	0
0	140	0	116	22	0	0
0	140	0	117	22	0	0
0	140	0	115	21	0	0
0	140	0	113	20	0	5
0	140	0	114	20	0	3
0	140	0	115	20	0	4
0	140	0	116	20	0	1
0	140	0	120	20	0	1
0	140	0	112	19	0	10
0	140	0	113	19	0	3
0	140	0	114	19	0	8
0	140	0	115	19	0	11
0	140	0	116	19	0	11
0	140	0	117	19	0	0
0	140	0	118	19	0	1
0	140	0	122	19	0	1
0	140	0	111	18	0	8
0	140	0	112	18	0	12
0	140	0	113	18	0	3
0	140	0	114	18	0	7
0	140	0	115	18	0	8
0	140	0	116	18	0	6
0	140	0	117	18	0	3
0	140	0	118	18	0	1
0	140	0	120	18	0	0
0	140	0	111	17	0	14
0	140	0	112	17	0	7
0	140	0	113	17	0	6
0	140	0	114	17	0	10
0	140	0	115	17	0	3
0	140	0	116	17	0	8
0	140	0	117	17	0	5
0	140	0	118	17	0	3
0	140	0	120	17	0	0
0	140	0	121	17	0	5
0	140	0	110	16	0	5
0	140	0	111	16	0	8
0	140	0	112	16	0	7
0	140	0	113	16	0	8
0	140	0	114	16	0	7
0	140	0	115	16	0	3
0	140	0	116	16	0	9
0	140	0	117	16	0	15
0	140	0	118	16	0	2
0	140	0	119	16	0	6
0	140	0	108	15	0	5
0	140	0	109	15	0	9
0	140	0	110	15	0	8
0	140	0	111	15	0	0
0	140	0	112	15	0	11
0	140	0	113	15	0	11
0	140	0	114	15	0	4
0	140	0	115	15	0	4
0	140	0	116	15	0	2
0	140	0	117	15	0	12
0	140	0	118	15	0	1
0	140	0	106	14	0	14
0	140	0	107	14	0	8
0	140	0	108	14	0	7
0	140	0	109	14	0	9
0	140	0	110	14	0	5
0	140	0	111	14	0	7
0	140	0	112	14	0	14
0	140	0	113	14	0	8
0	140	0	114	14	0	5
0	140	0	115	14	0	8
0	140	0	116	14	0	9
0	140	0	117	14	0	1
0	140	0	118	14	0	1
0	140	0	104	13	0	0
0	140	0	105	13	0	10
0	140	0	106	13	0	6
0	140	0	107	13	0	12
0	140	0	108	13	0	5
0	140	0	109	13	0	8
0	140	0	110	13	0	3
0	140	0	111	13	0	13
0	140	0	112	13	0	3
0	140	0	113	13	0	15
0	140	0	114	13	0	7
0	140	0	115	13	0	8
0	140	0	116	13	0	11
0	140	0	117	13	0	1
0	140	0	118	13	0	2
0	140	0	104	12	0	4
0	140	0	105	12	0	3
0	140	0	106	12	0	8
0	140	0	107	12	0	8
0	140	0	108	12	0	6
0	140	0	109	12	0	8
0	140	0	110	12	0	15
0	140	0	111	12	0	9
0	140	0	112	12	0	2
0	140	0	113	12	0	8
0	140	0	114	12	0	5
0	140	0	115	12	0	5
0	140	0	116	12	0	12
0	140	0	117	12	0	2
0	140	0	118	12	0	1
0	140	0	119	12	0	0
0	140	0	120	12	0	1
0	140	0	99	11	0	14
0	140	0	100	11	0	12
0	140	0	101	11	0	7
0	140	0	102	11	0	13
0	140	0	103	11	0	15
0	140	0	104	11	0	7
0	140	0	105	11	0	15
0	140	0	106	11	0	7
0	140	0	107	11	0	9
0	140	0	108	11	0	1
0	140	0	109	11	0	9
0	140	0	110	11	0	10
0	140	0	111	11	0	9
0	140	0	112	11	0	3
0	140	0	113	11	0	8
0	140	0	114	11	0	0
0	140	0	115	11	0	10
0	140	0	116	11	0	8
0	140	0	117	11	0	2
0	140	0	118	11	0	10
0	140	0	119	11	0	1
0	140	0	92	10	0	16
0	140	0	93	10	0	5
0	140	0	94	10	0	11
0	140	0	96	10	0	7
0	140	0	97	10	0	3
0	140	0	98	10	0	4
0	140	0	99	10	0	10
0	140	0	100	10	0	12
0	140	0	101	10	0	9
0	140	0	102	10	0	7
0	140	0	103	10	0	12
0	140	0	104	10	0	8
0	140	0	105	10	0	11
0	140	0	106	10	0	11
0	140	0	107	10	0	4
0	140	0	108	10	0	7
0	140	0	109	10	0	9
0	140	0	110	10	0	7
0	140	0	111	10	0	6
0	140	0	112	10	0	12
0	140	0	113	10	0	10
0	140	0	114	10	0	9
0	140	0	115	10	0	5
0	140	0	116	10	0	7
0	140	0	117	10	0	7
0	140	0	118	10	0	2
0	140	0	119	10	0	4
0	140	0	120	10	0	0
0	140	0	90	9	0	8
0	140	0	91	9	0	11
0	140	0	92	9	0	4
0	140	0	93	9	0	8
0	140	0	94	9	0	6
0	140	0	95	9	0	8
0	140	0	96	9	0	7
0	140	0	97	9	0	7
0	140	0	98	9	0	8
0	140	0	99	9	0	8
0	140	0	100	9	0	7
0	140	0	101	9	0	8
0	140	0	102	9	0	5
0	140	0	103	9	0	13
0	140	0	104	9	0	12
0	140	0	105	9	0	3
0	140	0	106	9	0	6
0	140	0	107	9	0	5
0	140	0	108	9	0	12
0	140	0	109	9	0	18
0	140	0	110	9	0	12
0	140	0	111	9	0	2
0	140	0	112	9	0	8
0	140	0	113	9	0	18
0	140	0	114	9	0	10
0	140	0	115	9	0	12
0	140	0	116	9	0	7
0	140	0	117	9	0	13
0	140	0	118	9	0	7
0	140	0	119	9	0	3
0	140	0	120	9	0	1
0	140	0	121	9	0	0
0	140	0	122	9	0	0
0	140	0	90	8	0	4
0	140	0	91	8	0	6
0	140	0	92	8	0	8
0	140	0	93	8	0	6
0	140	0	94	8	0	9
0	140	0	95	8	0	12
0	140	0	96	8	0	14
0	140	0	97	8	0	2
0	140	0	98	8	0	3
0	140	0	99	8	0	12
0	140	0	100	8	0	7
0	140	0	101	8	0	13
0	140	0	102	8	0	6
0	140	0	103	8	0	11
0	140	0	104	8	0	9
0	140	0	105	8	0	9
0	140	0	106	8	0	3
0	140	0	107	8	0	13
0	140	0	108	8	0	7
0	140	0	109	8	0	10
0	140	0	110	8	0	10
0	140	0	111	8	0	12
0	140	0	112	8	0	9
0	140	0	113	8	0	7
0	140	0	114	8	0	11
0	140	0	115	8	0	10
0	140	0	116	8	0	8
0	140	0	117	8	0	5
0	140	0	118	8	0	2
0	140	0	119	8	0	4
0	140	0	120	8	0	3
0	140	0	122	8	0	2
0	140	0	90	7	0	12
0	140	0	91	7	0	12
0	140	0	92	7	0	11
0	140	0	93	7	0	5
0	140	0	94	7	0	2
0	140	0	95	7	0	9
0	140	0	96	7	0	3
0	140	0	97	7	0	4
0	140	0	98	7	0	9
0	140	0	99	7	0	14
0	140	0	100	7	0	13
0	140	0	101	7	0	7
0	140	0	102	7	0	12
0	140	0	103	7	0	15
0	140	0	104	7	0	12
0	140	0	105	7	0	15
0	140	0	106	7	0	6
0	140	0	107	7	0	5
0	140	0	108	7	0	3
0	140	0	109	7	0	11
0	140	0	110	7	0	13
0	140	0	111	7	0	11
0	140	0	112	7	0	8
0	140	0	113	7	0	14
0	140	0	114	7	0	8
0	140	0	115	7	0	9
0	140	0	116	7	0	8
0	140	0	117	7	0	6
0	140	0	118	7	0	6
0	140	0	119	7	0	2
0	140	0	120	7	0	0
0	140	0	122	7	0	2
0	140	0	90	6	0	8
0	140	0	91	6	0	4
0	140	0	92	6	0	11
0	140	0	93	6	0	6
0	140	0	94	6	0	2
0	140	0	95	6	0	11
0	140	0	96	6	0	2
0	140	0	97	6	0	0
0	140	0	98	6	0	6
0	140	0	99	6	0	9
0	140	0	100	6	0	14
0	140	0	101	6	0	3
0	140	0	102	6	0	9
0	140	0	103	6	0	4
0	140	0	104	6	0	15
0	140	0	105	6	0	11
0	140	0	106	6	0	6
0	140	0	107	6	0	7
0	140	0	108	6	0	7
0	140	0	109	6	0	5
0	140	0	110	6	0	6
0	140	0	111	6	0	11
0	140	0	112	6	0	16
0	140	0	113	6	0	9
0	140	0	114	6	0	5
0	140	0	115	6	0	6
0	140	0	116	6	0	11
0	140	0	117	6	0	4
0	140	0	119	6	0	1
0	140	0	120	6	0	7
0	140	0	121	6	0	0
0	140	0	90	5	0	1
0	140	0	91	5	0	9
0	140	0	92	5	0	9
0	140	0	93	5	0	6
0	140	0	94	5	0	4
0	140	0	95	5	0	14
0	140	0	96	5	0	8
0	140	0	97	5	0	6
0	140	0	98	5	0	6
0	140	0	99	5	0	5
0	140	0	100	5	0	2
0	140	0	101	5	0	10
0	140	0	102	5	0	8
0	140	0	103	5	0	1
0	140	0	104	5	0	9
0	140	0	105	5	0	4
0	140	0	106	5	0	6
0	140	0	107	5	0	8
0	140	0	108	5	0	6
0	140	0	109	5	0	5
0	140	0	110	5	0	9
0	140	0	111	5	0	9
0	140	0	112	5	0	3
0	140	0	113	5	0	12
0	140	0	114	5	0	12
0	140	0	115	5	0	9
0	140	0	116	5	0	16
0	140	0	117	5	0	2
0	140	0	118	5	0	2
0	140	0	119	5	0	0
0	140	0	122	5	0	4
0	140	0	92	4	0	5
0	140	0	93	4	0	8
0	140	0	96	4	0	2
0	140	0	97	4	0	10
0	140	0	98	4	0	1
0	140	0	99	4	0	2
0	140	0	100	4	0	9
0	140	0	101	4	0	10
0	140	0	102	4	0	8
0	140	0	104	4	0	4
0	140	0	105	4	0	3
0	140	0	106	4	0	11
0	140	0	107	4	0	6
0	140	0	108	4	0	8
0	140	0	109	4	0	5
0	140	0	110	4	0	12
0	140	0	111	4	0	11
0	140	0	112	4	0	6
0	140	0	113	4	0	14
0	140	0	114	4	0	11
0	140	0	115	4	0	7
0	140	0	116	4	0	0
0	140	0	118	4	0	3
0	140	0	119	4	0	0
0	140	0	120	4	0	0
0	140	0	110	3	0	12
0	140	0	111	3	0	7
