PatchID,XCOORD,YCOORD,ID,MID,FID,sex,age,size,mature,newmature,layeggs,capture,recapture,state,CDist,Hindex,Species,ClassFile,SubPatchID,L0A0,L0A1,L1A0,L1A1
1,2540470.832,712452.2021,Age0_F1_m1f1_P1_Y0_UO0,R1_F1_m-1f-1_P1_Y-1_U67,R1_F1_m-1f-1_P1_Y-1_U23,MXY,0,31.028997987985097,0,0,0.0,0,0,0,0.0,0.25,1,P0_CV0,1,1,1,1,1
1,2540470.832,712452.2021,Age0_F1_m1f1_P1_Y0_UO1,R1_F1_m-1f-1_P1_Y-1_U67,R1_F1_m-1f-1_P1_Y-1_U23,FXX,0,31.028997987985097,0,0,0.0,0,0,0,0.0,0.25,1,P0_CV0,1,1,1,1,1
1,2540470.832,712452.2021,Age0_F1_m1f1_P1_Y0_UO2,R1_F1_m-1f-1_P1_Y-1_U67,R1_F1_m-1f-1_P1_Y-1_U23,MXY,0,31.028997987985097,0,0,0.0,0,0,0,0.0,0.25,1,P0_CV0,1,1,1,1,1
1,2540470.832,712452.2021,Age0_F1_m1f1_P1_Y0_UO3,R1_F1_m-1f-1_P1_Y-1_U67,R1_F1_m-1f-1_P1_Y-1_U23,FXX,0,31.028997987985097,0,0,0.0,0,0,0,0.0,0.25,1,P0_CV0,1,0,2,1,1
1,2540470.832,712452.2021,Age0_F1_m1f1_P1_Y0_UO4,R1_F1_m-1f-1_P1_Y-1_U67,R1_F1_m-1f-1_P1_Y-1_U23,FXX,0,31.028997987985097,0,0,0.0,0,0,0,0.0,0.25,1,P0_CV0,1,0,2,1,1
1,2540470.832,712452.2021,Age0_F1_m1f1_P1_Y0_UO44,R1_F1_m-1f-1_P1_Y-1_U69,R1_F1_m-1f-1_P1_Y-1_U58,FXX,0,31.028997987985097,0,0,0.0,0,0,0,0.0,0.5,1,P0_CV0,1,1,1,1,1
1,2540470.832,712452.2021,Age0_F1_m1f1_P1_Y0_UO45,R1_F1_m-1f-1_P1_Y-1_U69,R1_F1_m-1f-1_P1_Y-1_U58,FXX,0,31.028997987985097,0,0,0.0,0,0,0,0.0,0.5,1,P0_CV0,1,0,2,0,2
1,2540470.832,712452.2021,Age0_F1_m1f1_P1_Y0_UO46,R1_F1_m-1f-1_P1_Y-1_U69,R1_F1_m-1f-1_P1_Y-1_U58,FXX,0,31.028997987985097,0,0,0.0,0,0,0,0.0,0.5,1,P0_CV0,1,0,2,1,1
1,2540470.832,712452.2021,Age0_F1_m1f1_P1_Y0_UO51,R1_F1_m-1f-1_P1_Y-1_U79,R1_F1_m-1f-1_P1_Y-1_U1,MXY,0,31.028997987985097,0,0,0.0,0,0,0,0.0,0.25,1,P0_CV0,1,1,1,1,1
1,2540470.832,712452.2021,Age0_F1_m1f1_P1_Y0_UO52,R1_F1_m-1f-1_P1_Y-1_U79,R1_F1_m-1f-1_P1_Y-1_U1,FXX,0,31.028997987985097,0,0,0.0,0,0,0,0.0,0.25,1,P0_CV0,1,0,2,2,0
1,2540470.832,712452.2021,Age0_F1_m1f1_P1_Y0_UO53,R1_F1_m-1f-1_P1_Y-1_U79,R1_F1_m-1f-1_P1_Y-1_U1,FXX,0,31.028997987985097,0,0,0.0,0,0,0,0.0,0.25,1,P0_CV0,1,1,1,1,1
1,2540470.832,712452.2021,Age0_F1_m1f1_P1_Y0_UO72,R1_F1_m-1f-1_P1_Y-1_U110,R1_F1_m-1f-1_P1_Y-1_U37,MXY,0,31.028997987985097,0,0,0.0,0,0,0,0.0,0.25,1,P0_CV0,1,1,1,2,0
1,2540470.832,712452.2021,Age0_F1_m1f1_P1_Y0_UO73,R1_F1_m-1f-1_P1_Y-1_U110,R1_F1_m-1f-1_P1_Y-1_U37,FXX,0,31.028997987985097,0,0,0.0,0,0,0,0.0,0.25,1,P0_CV0,1,0,2,2,0
1,2540470.832,712452.2021,Age0_F1_m1f1_P1_Y0_UO74,R1_F1_m-1f-1_P1_Y-1_U110,R1_F1_m-1f-1_P1_Y-1_U37,MXY,0,31.028997987985097,0,0,0.0,0,0,0,0.0,0.25,1,P0_CV0,1,2,0,0,2
1,2540470.832,712452.2021,Age0_F1_m1f1_P1_Y0_UO75,R1_F1_m-1f-1_P1_Y-1_U110,R1_F1_m-1f-1_P1_Y-1_U37,MXY,0,31.028997987985097,0,0,0.0,0,0,0,0.0,0.25,1,P0_CV0,1,1,1,1,1
1,2540470.832,712452.2021,Age0_F1_m1f1_P1_Y0_UO124,R1_F1_m-1f-1_P1_Y-1_U56,R1_F1_m-1f-1_P1_Y-1_U84,FXX,0,31.028997987985097,0,0,0.0,0,0,0,0.0,0.25,1,P0_CV0,1,1,1,1,1
1,2540470.832,712452.2021,Age0_F1_m1f1_P1_Y0_UO125,R1_F1_m-1f-1_P1_Y-1_U56,R1_F1_m-1f-1_P1_Y-1_U84,FXX,0,31.028997987985097,0,0,0.0,0,0,0,0.0,0.25,1,P0_CV0,1,0,2,1,1
1,2540470.832,712452.2021,Age0_F1_m1f1_P1_Y0_UO126,R1_F1_m-1f-1_P1_Y-1_U56,R1_F1_m-1f-1_P1_Y-1_U84,FXX,0,31.028997987985097,0,0,0.0,0,0,0,0.0,0.25,1,P0_CV0,1,1,1,2,0
1,2540470.832,712452.2021,Age0_F1_m1f1_P1_Y0_UO148,R1_F1_m-1f-1_P1_Y-1_U64,R1_F1_m-1f-1_P1_Y-1_U23,FXX,0,31.028997987985097,0,0,0.0,0,0,0,0.0,0.5,1,P0_CV0,1,1,1,1,1
1,2540470.832,712452.2021,Age0_F1_m1f1_P1_Y0_UO149,R1_F1_m-1f-1_P1_Y-1_U64,R1_F1_m-1f-1_P1_Y-1_U23,MXY,0,31.028997987985097,0,0,0.0,0,0,0,0.0,0.5,1,P0_CV0,1,2,0,0,2
1,2540470.832,712452.2021,Age0_F1_m1f1_P1_Y0_UO150,R1_F1_m-1f-1_P1_Y-1_U64,R1_F1_m-1f-1_P1_Y-1_U23,FXX,0,31.028997987985097,0,0,0.0,0,0,0,0.0,0.5,1,P0_CV0,1,1,1,2,0
1,2540470.832,712452.2021,Age0_F1_m1f1_P1_Y0_UO151,R1_F1_m-1f-1_P1_Y-1_U64,R1_F1_m-1f-1_P1_Y-1_U23,MXY,0,31.028997987985097,0,0,0.0,0,0,0,0.0,0.5,1,P0_CV0,1,0,2,0,2
1,2540470.832,712452.2021,Age0_F1_m1f1_P1_Y0_UO152,R1_F1_m-1f-1_P1_Y-1_U64,R1_F1_m-1f-1_P1_Y-1_U23,FXX,0,31.028997987985097,0,0,0.0,0,0,0,0.0,0.5,1,P0_CV0,1,1,1,2,0
1,2540470.832,712452.2021,Age0_F1_m1f1_P1_Y0_UO153,R1_F1_m-1f-1_P1_Y-1_U64,R1_F1_m-1f-1_P1_Y-1_U23,FXX,0,31.028997987985097,0,0,0.0,0,0,0,0.0,0.5,1,P0_CV0,1,2,0,1,1
1,2540470.832,712452.2021,Age0_F1_m1f1_P1_Y0_UO154,R1_F1_m-1f-1_P1_Y-1_U121,R1_F1_m-1f-1_P1_Y-1_U86,FXX,0,31.028997987985097,0,0,0.0,0,0,0,0.0,0.0,1,P0_CV0,1,1,1,1,1
1,2540470.832,712452.2021,Age0_F1_m1f1_P1_Y0_UO155,R1_F1_m-1f-1_P1_Y-1_U121,R1_F1_m-1f-1_P1_Y-1_U86,FXX,0,31.028997987985097,0,0,0.0,0,0,0,0.0,0.0,1,P0_CV0,1,1,1,1,1
1,2540470.832,712452.2021,Age0_F1_m1f1_P1_Y0_UO156,R1_F1_m-1f-1_P1_Y-1_U121,R1_F1_m-1f-1_P1_Y-1_U86,MXY,0,31.028997987985097,0,0,0.0,0,0,0,0.0,0.0,1,P0_CV0,1,0,2,2,0
1,2540470.832,712452.2021,Age0_F1_m1f1_P1_Y0_UO159,R1_F1_m-1f-1_P1_Y-1_U13,R1_F1_m-1f-1_P1_Y-1_U40,FXX,0,31.028997987985097,0,0,0.0,0,0,0,0.0,0.25,1,P0_CV0,1,0,2,0,2
1,2540470.832,712452.2021,Age0_F1_m1f1_P1_Y0_UO160,R1_F1_m-1f-1_P1_Y-1_U13,R1_F1_m-1f-1_P1_Y-1_U40,MXY,0,31.028997987985097,0,0,0.0,0,0,0,0.0,0.25,1,P0_CV0,1,0,2,0,2
1,2540470.832,712452.2021,Age0_F1_m1f1_P1_Y0_UO170,R1_F1_m-1f-1_P1_Y-1_U103,R1_F1_m-1f-1_P1_Y-1_U8,FXX,0,31.028997987985097,0,0,0.0,0,0,0,0.0,0.25,1,P0_CV0,1,1,1,0,2
1,2540470.832,712452.2021,Age0_F1_m1f1_P1_Y0_UO171,R1_F1_m-1f-1_P1_Y-1_U103,R1_F1_m-1f-1_P1_Y-1_U8,MXY,0,31.028997987985097,0,0,0.0,0,0,0,0.0,0.25,1,P0_CV0,1,1,1,2,0
1,2540470.832,712452.2021,Age0_F1_m1f1_P1_Y0_UO191,R1_F1_m-1f-1_P1_Y-1_U110,R1_F1_m-1f-1_P1_Y-1_U1,FXX,0,31.028997987985097,0,0,0.0,0,0,0,0.0,0.25,1,P0_CV0,1,1,1,0,2
1,2540470.832,712452.2021,Age0_F1_m1f1_P1_Y0_UO192,R1_F1_m-1f-1_P1_Y-1_U110,R1_F1_m-1f-1_P1_Y-1_U1,FXX,0,31.028997987985097,0,0,0.0,0,0,0,0.0,0.25,1,P0_CV0,1,0,2,1,1
1,2540470.832,712452.2021,Age0_F1_m1f1_P1_Y0_UO193,R1_F1_m-1f-1_P1_Y-1_U110,R1_F1_m-1f-1_P1_Y-1_U1,FXX,0,31.028997987985097,0,0,0.0,0,0,0,0.0,0.25,1,P0_CV0,1,0,2,1,1
1,2540470.832,712452.2021,Age0_F1_m1f1_P1_Y0_UO194,R1_F1_m-1f-1_P1_Y-1_U108,R1_F1_m-1f-1_P1_Y-1_U22,MXY,0,31.028997987985097,0,0,0.0,0,0,0,0.0,0.0,1,P0_CV0,1,0,2,1,1
1,2540470.832,712452.2021,Age0_F1_m1f1_P1_Y0_UO195,R1_F1_m-1f-1_P1_Y-1_U108,R1_F1_m-1f-1_P1_Y-1_U22,FXX,0,31.028997987985097,0,0,0.0,0,0,0,0.0,0.0,1,P0_CV0,1,1,1,1,1
1,2540470.832,712452.2021,Age0_F1_m1f1_P1_Y0_UO196,R1_F1_m-1f-1_P1_Y-1_U108,R1_F1_m-1f-1_P1_Y-1_U22,MXY,0,31.028997987985097,0,0,0.0,0,0,0,0.0,0.0,1,P0_CV0,1,1,1,0,2
1,2540470.832,712452.2021,Age0_F1_m1f1_P1_Y0_UO215,R1_F1_m-1f-1_P1_Y-1_U32,R1_F1_m-1f-1_P1_Y-1_U84,FXX,0,31.028997987985097,0,0,0.0,0,0,0,0.0,0.25,1,P0_CV0,1,1,1,0,2
1,2540470.832,712452.2021,Age0_F1_m1f1_P1_Y0_UO216,R1_F1_m-1f-1_P1_Y-1_U32,R1_F1_m-1f-1_P1_Y-1_U84,MXY,0,31.028997987985097,0,0,0.0,0,0,0,0.0,0.25,1,P0_CV0,1,2,0,2,0
1,2540470.832,712452.2021,Age0_F1_m1f1_P1_Y0_UO217,R1_F1_m-1f-1_P1_Y-1_U32,R1_F1_m-1f-1_P1_Y-1_U84,MXY,0,31.028997987985097,0,0,0.0,0,0,0,0.0,0.25,1,P0_CV0,1,1,1,2,0
1,2540470.832,712452.2021,Age0_F1_m1f1_P1_Y0_UO218,R1_F1_m-1f-1_P1_Y-1_U32,R1_F1_m-1f-1_P1_Y-1_U84,MXY,0,31.028997987985097,0,0,0.0,0,0,0,0.0,0.25,1,P0_CV0,1,1,1,2,0
1,2540470.832,712452.2021,Age0_F1_m1f1_P1_Y0_UO219,R1_F1_m-1f-1_P1_Y-1_U32,R1_F1_m-1f-1_P1_Y-1_U84,FXX,0,31.028997987985097,0,0,0.0,0,0,0,0.0,0.25,1,P0_CV0,1,1,1,0,2
1,2540470.832,712452.2021,Age0_F1_m1f1_P1_Y0_UO234,R1_F1_m-1f-1_P1_Y-1_U13,R1_F1_m-1f-1_P1_Y-1_U51,MXY,0,31.028997987985097,0,0,0.0,0,0,0,0.0,0.25,1,P0_CV0,1,1,1,1,1
1,2540470.832,712452.2021,Age0_F1_m1f1_P1_Y0_UO235,R1_F1_m-1f-1_P1_Y-1_U13,R1_F1_m-1f-1_P1_Y-1_U51,MXY,0,31.028997987985097,0,0,0.0,0,0,0,0.0,0.25,1,P0_CV0,1,1,1,1,1
1,2540470.832,712452.2021,Age0_F1_m1f1_P1_Y0_UO296,R1_F1_m-1f-1_P1_Y-1_U31,R1_F1_m-1f-1_P1_Y-1_U57,FXX,0,31.028997987985097,0,0,0.0,0,0,0,0.0,0.5,1,P0_CV0,1,1,1,1,1
1,2540470.832,712452.2021,Age0_F1_m1f1_P1_Y0_UO297,R1_F1_m-1f-1_P1_Y-1_U31,R1_F1_m-1f-1_P1_Y-1_U57,MXY,0,31.028997987985097,0,0,0.0,0,0,0,0.0,0.5,1,P0_CV0,1,0,2,0,2
1,2540470.832,712452.2021,Age0_F1_m1f1_P1_Y0_UO311,R1_F1_m-1f-1_P1_Y-1_U3,R1_F1_m-1f-1_P1_Y-1_U23,FXX,0,31.028997987985097,0,0,0.0,0,0,0,0.0,0.25,1,P0_CV0,1,2,0,1,1
1,2540470.832,712452.2021,Age0_F1_m1f1_P1_Y0_UO312,R1_F1_m-1f-1_P1_Y-1_U3,R1_F1_m-1f-1_P1_Y-1_U23,FXX,0,31.028997987985097,0,0,0.0,0,0,0,0.0,0.25,1,P0_CV0,1,1,1,0,2
1,2540470.832,712452.2021,Age0_F1_m1f1_P1_Y0_UO332,R1_F1_m-1f-1_P1_Y-1_U79,R1_F1_m-1f-1_P1_Y-1_U51,FXX,0,31.028997987985097,0,0,0.0,0,0,0,0.0,0.5,1,P0_CV0,1,1,1,1,1
1,2540470.832,712452.2021,Age0_F1_m1f1_P1_Y0_UO333,R1_F1_m-1f-1_P1_Y-1_U79,R1_F1_m-1f-1_P1_Y-1_U51,MXY,0,31.028997987985097,0,0,0.0,0,0,0,0.0,0.5,1,P0_CV0,1,2,0,0,2
1,2540470.832,712452.2021,Age0_F1_m1f1_P1_Y0_UO334,R1_F1_m-1f-1_P1_Y-1_U79,R1_F1_m-1f-1_P1_Y-1_U51,MXY,0,31.028997987985097,0,0,0.0,0,0,0,0.0,0.5,1,P0_CV0,1,1,1,1,1
1,2540470.832,712452.2021,Age0_F1_m1f1_P1_Y0_UO335,R1_F1_m-1f-1_P1_Y-1_U79,R1_F1_m-1f-1_P1_Y-1_U51,MXY,0,31.028997987985097,0,0,0.0,0,0,0,0.0,0.5,1,P0_CV0,1,2,0,0,2
1,2540470.832,712452.2021,Age0_F1_m1f1_P1_Y0_UO336,R1_F1_m-1f-1_P1_Y-1_U79,R1_F1_m-1f-1_P1_Y-1_U51,FXX,0,31.028997987985097,0,0,0.0,0,0,0,0.0,0.5,1,P0_CV0,1,1,1,1,1
1,2540470.832,712452.2021,Age0_F1_m1f1_P1_Y0_UO337,R1_F1_m-1f-1_P1_Y-1_U79,R1_F1_m-1f-1_P1_Y-1_U51,MXY,0,31.028997987985097,0,0,0.0,0,0,0,0.0,0.5,1,P0_CV0,1,1,1,1,1
1,2540470.832,712452.2021,Age0_F1_m1f1_P1_Y0_UO338,R1_F1_m-1f-1_P1_Y-1_U79,R1_F1_m-1f-1_P1_Y-1_U51,MXY,0,31.028997987985097,0,0,0.0,0,0,0,0.0,0.5,1,P0_CV0,1,1,1,1,1
1,2540470.832,712452.2021,Age0_F1_m1f1_P1_Y0_UO339,R1_F1_m-1f-1_P1_Y-1_U79,R1_F1_m-1f-1_P1_Y-1_U51,FXX,0,31.028997987985097,0,0,0.0,0,0,0,0.0,0.5,1,P0_CV0,1,0,2,2,0
1,2540470.832,712452.2021,Age0_F1_m1f1_P1_Y0_UO348,R1_F1_m-1f-1_P1_Y-1_U44,R1_F1_m-1f-1_P1_Y-1_U40,FXX,0,31.028997987985097,0,0,0.0,0,0,0,0.0,0.25,1,P0_CV0,1,2,0,0,2
1,2540470.832,712452.2021,Age0_F1_m1f1_P1_Y0_UO349,R1_F1_m-1f-1_P1_Y-1_U44,R1_F1_m-1f-1_P1_Y-1_U40,MXY,0,31.028997987985097,0,0,0.0,0,0,0,0.0,0.25,1,P0_CV0,1,1,1,1,1
1,2540470.832,712452.2021,Age0_F1_m1f1_P1_Y0_UO356,R1_F1_m-1f-1_P1_Y-1_U103,R1_F1_m-1f-1_P1_Y-1_U57,FXX,0,31.028997987985097,0,0,0.0,0,0,0,0.0,0.25,1,P0_CV0,1,2,0,0,2
1,2540470.832,712452.2021,Age0_F1_m1f1_P1_Y0_UO357,R1_F1_m-1f-1_P1_Y-1_U103,R1_F1_m-1f-1_P1_Y-1_U57,FXX,0,31.028997987985097,0,0,0.0,0,0,0,0.0,0.25,1,P0_CV0,1,2,0,2,0
1,2540470.832,712452.2021,Age0_F1_m1f1_P1_Y0_UO358,R1_F1_m-1f-1_P1_Y-1_U103,R1_F1_m-1f-1_P1_Y-1_U57,FXX,0,31.028997987985097,0,0,0.0,0,0,0,0.0,0.25,1,P0_CV0,1,1,1,0,2
1,2540470.832,712452.2021,Age0_F1_m1f1_P1_Y0_UO374,R1_F1_m-1f-1_P1_Y-1_U44,R1_F1_m-1f-1_P1_Y-1_U58,MXY,0,31.028997987985097,0,0,0.0,0,0,0,0.0,0.25,1,P0_CV0,1,1,1,2,0
1,2540470.832,712452.2021,Age0_F1_m1f1_P1_Y0_UO375,R1_F1_m-1f-1_P1_Y-1_U44,R1_F1_m-1f-1_P1_Y-1_U58,MXY,0,31.028997987985097,0,0,0.0,0,0,0,0.0,0.25,1,P0_CV0,1,0,2,2,0
1,2540470.832,712452.2021,Age0_F1_m1f1_P1_Y0_UO376,R1_F1_m-1f-1_P1_Y-1_U79,R1_F1_m-1f-1_P1_Y-1_U23,MXY,0,31.028997987985097,0,0,0.0,0,0,0,0.0,0.5,1,P0_CV0,1,2,0,0,2
1,2540470.832,712452.2021,Age0_F1_m1f1_P1_Y0_UO377,R1_F1_m-1f-1_P1_Y-1_U79,R1_F1_m-1f-1_P1_Y-1_U23,FXX,0,31.028997987985097,0,0,0.0,0,0,0,0.0,0.5,1,P0_CV0,1,1,1,0,2
1,2540470.832,712452.2021,Age0_F1_m1f1_P1_Y0_UO378,R1_F1_m-1f-1_P1_Y-1_U79,R1_F1_m-1f-1_P1_Y-1_U23,MXY,0,31.028997987985097,0,0,0.0,0,0,0,0.0,0.5,1,P0_CV0,1,0,2,0,2
1,2540470.832,712452.2021,Age0_F1_m1f1_P1_Y0_UO379,R1_F1_m-1f-1_P1_Y-1_U79,R1_F1_m-1f-1_P1_Y-1_U23,FXX,0,31.028997987985097,0,0,0.0,0,0,0,0.0,0.5,1,P0_CV0,1,1,1,2,0
1,2540470.832,712452.2021,Age0_F1_m1f1_P1_Y0_UO380,R1_F1_m-1f-1_P1_Y-1_U79,R1_F1_m-1f-1_P1_Y-1_U23,MXY,0,31.028997987985097,0,0,0.0,0,0,0,0.0,0.5,1,P0_CV0,1,0,2,2,0
1,2540470.832,712452.2021,Age0_F1_m1f1_P1_Y0_UO381,R1_F1_m-1f-1_P1_Y-1_U79,R1_F1_m-1f-1_P1_Y-1_U23,MXY,0,31.028997987985097,0,0,0.0,0,0,0,0.0,0.5,1,P0_CV0,1,0,2,0,2
1,2540470.832,712452.2021,Age0_F1_m1f1_P1_Y0_UO410,R1_F1_m-1f-1_P1_Y-1_U32,R1_F1_m-1f-1_P1_Y-1_U84,MXY,0,31.028997987985097,0,0,0.0,0,0,0,0.0,0.25,1,P0_CV0,1,1,1,2,0
1,2540470.832,712452.2021,Age0_F1_m1f1_P1_Y0_UO411,R1_F1_m-1f-1_P1_Y-1_U32,R1_F1_m-1f-1_P1_Y-1_U84,MXY,0,31.028997987985097,0,0,0.0,0,0,0,0.0,0.25,1,P0_CV0,1,1,1,1,1
1,2540470.832,712452.2021,Age0_F1_m1f1_P1_Y0_UO412,R1_F1_m-1f-1_P1_Y-1_U12,R1_F1_m-1f-1_P1_Y-1_U57,MXY,0,31.028997987985097,0,0,0.0,0,0,0,0.0,0.25,1,P0_CV0,1,1,1,0,2
1,2540470.832,712452.2021,Age0_F1_m1f1_P1_Y0_UO413,R1_F1_m-1f-1_P1_Y-1_U12,R1_F1_m-1f-1_P1_Y-1_U57,MXY,0,31.028997987985097,0,0,0.0,0,0,0,0.0,0.25,1,P0_CV0,1,2,0,0,2
1,2540470.832,712452.2021,Age0_F1_m1f1_P1_Y0_UO414,R1_F1_m-1f-1_P1_Y-1_U12,R1_F1_m-1f-1_P1_Y-1_U57,FXX,0,31.028997987985097,0,0,0.0,0,0,0,0.0,0.25,1,P0_CV0,1,0,2,1,1
1,2540470.832,712452.2021,Age0_F1_m1f1_P1_Y0_UO415,R1_F1_m-1f-1_P1_Y-1_U12,R1_F1_m-1f-1_P1_Y-1_U57,FXX,0,31.028997987985097,0,0,0.0,0,0,0,0.0,0.25,1,P0_CV0,1,2,0,2,0
1,2540470.832,712452.2021,Age0_F1_m1f1_P1_Y0_UO416,R1_F1_m-1f-1_P1_Y-1_U12,R1_F1_m-1f-1_P1_Y-1_U57,FXX,0,31.028997987985097,0,0,0.0,0,0,0,0.0,0.25,1,P0_CV0,1,1,1,1,1
1,2540470.832,712452.2021,Age0_F1_m1f1_P1_Y0_UO421,R1_F1_m-1f-1_P1_Y-1_U82,R1_F1_m-1f-1_P1_Y-1_U59,MXY,0,31.028997987985097,0,0,0.0,0,0,0,0.0,0.25,1,P0_CV0,1,0,2,1,1
1,2540470.832,712452.2021,Age0_F1_m1f1_P1_Y0_UO430,R1_F1_m-1f-1_P1_Y-1_U13,R1_F1_m-1f-1_P1_Y-1_U17,MXY,0,31.028997987985097,0,0,0.0,0,0,0,0.0,0.25,1,P0_CV0,1,1,1,1,1
1,2540470.832,712452.2021,Age0_F1_m1f1_P1_Y0_UO431,R1_F1_m-1f-1_P1_Y-1_U13,R1_F1_m-1f-1_P1_Y-1_U17,MXY,0,31.028997987985097,0,0,0.0,0,0,0,0.0,0.25,1,P0_CV0,1,2,0,0,2
1,2540470.832,712452.2021,Age0_F1_m1f1_P1_Y0_UO432,R1_F1_m-1f-1_P1_Y-1_U64,R1_F1_m-1f-1_P1_Y-1_U104,MXY,0,31.028997987985097,0,0,0.0,0,0,0,0.0,0.25,1,P0_CV0,1,1,1,2,0
1,2540470.832,712452.2021,Age0_F1_m1f1_P1_Y0_UO433,R1_F1_m-1f-1_P1_Y-1_U64,R1_F1_m-1f-1_P1_Y-1_U104,MXY,0,31.028997987985097,0,0,0.0,0,0,0,0.0,0.25,1,P0_CV0,1,2,0,1,1
1,2540470.832,712452.2021,Age0_F1_m1f1_P1_Y0_UO434,R1_F1_m-1f-1_P1_Y-1_U64,R1_F1_m-1f-1_P1_Y-1_U104,MXY,0,31.028997987985097,0,0,0.0,0,0,0,0.0,0.25,1,P0_CV0,1,1,1,1,1
1,2540470.832,712452.2021,Age0_F1_m1f1_P1_Y0_UO435,R1_F1_m-1f-1_P1_Y-1_U64,R1_F1_m-1f-1_P1_Y-1_U104,MXY,0,31.028997987985097,0,0,0.0,0,0,0,0.0,0.25,1,P0_CV0,1,2,0,1,1
1,2540470.832,712452.2021,Age0_F1_m1f1_P1_Y0_UO436,R1_F1_m-1f-1_P1_Y-1_U64,R1_F1_m-1f-1_P1_Y-1_U104,MXY,0,31.028997987985097,0,0,0.0,0,0,0,0.0,0.25,1,P0_CV0,1,2,0,0,2
1,2540470.832,712452.2021,Age0_F1_m1f1_P1_Y0_UO437,R1_F1_m-1f-1_P1_Y-1_U64,R1_F1_m-1f-1_P1_Y-1_U104,MXY,0,31.028997987985097,0,0,0.0,0,0,0,0.0,0.25,1,P0_CV0,1,1,1,0,2
1,2540470.832,712452.2021,Age0_F1_m1f1_P1_Y0_UO438,R1_F1_m-1f-1_P1_Y-1_U64,R1_F1_m-1f-1_P1_Y-1_U104,FXX,0,31.028997987985097,0,0,0.0,0,0,0,0.0,0.25,1,P0_CV0,1,1,1,1,1
1,2540470.832,712452.2021,Age0_F1_m1f1_P1_Y0_UO439,R1_F1_m-1f-1_P1_Y-1_U64,R1_F1_m-1f-1_P1_Y-1_U104,MXY,0,31.028997987985097,0,0,0.0,0,0,0,0.0,0.25,1,P0_CV0,1,2,0,2,0
1,2540470.832,712452.2021,Age0_F1_m1f1_P1_Y0_UO459,R1_F1_m-1f-1_P1_Y-1_U123,R1_F1_m-1f-1_P1_Y-1_U104,FXX,0,31.028997987985097,0,0,0.0,0,0,0,0.0,0.0,1,P0_CV0,1,2,0,2,0
1,2540470.832,712452.2021,Age0_F1_m1f1_P1_Y0_UO460,R1_F1_m-1f-1_P1_Y-1_U123,R1_F1_m-1f-1_P1_Y-1_U104,FXX,0,31.028997987985097,0,0,0.0,0,0,0,0.0,0.0,1,P0_CV0,1,2,0,2,0
1,2540470.832,712452.2021,Age0_F1_m1f1_P1_Y0_UO492,R1_F1_m-1f-1_P1_Y-1_U12,R1_F1_m-1f-1_P1_Y-1_U40,FXX,0,31.028997987985097,0,0,0.0,0,0,0,0.0,0.25,1,P0_CV0,1,1,1,0,2
1,2540470.832,712452.2021,Age0_F1_m1f1_P1_Y0_UO493,R1_F1_m-1f-1_P1_Y-1_U12,R1_F1_m-1f-1_P1_Y-1_U40,MXY,0,31.028997987985097,0,0,0.0,0,0,0,0.0,0.25,1,P0_CV0,1,0,2,1,1
1,2540470.832,712452.2021,Age0_F1_m1f1_P1_Y0_UO494,R1_F1_m-1f-1_P1_Y-1_U56,R1_F1_m-1f-1_P1_Y-1_U45,FXX,0,31.028997987985097,0,0,0.0,0,0,0,0.0,0.25,1,P0_CV0,1,2,0,1,1
1,2540470.832,712452.2021,Age0_F1_m1f1_P1_Y0_UO495,R1_F1_m-1f-1_P1_Y-1_U56,R1_F1_m-1f-1_P1_Y-1_U45,FXX,0,31.028997987985097,0,0,0.0,0,0,0,0.0,0.25,1,P0_CV0,1,1,1,1,1
1,2540470.832,712452.2021,Age0_F1_m1f1_P1_Y0_UO496,R1_F1_m-1f-1_P1_Y-1_U56,R1_F1_m-1f-1_P1_Y-1_U45,MXY,0,31.028997987985097,0,0,0.0,0,0,0,0.0,0.25,1,P0_CV0,1,1,1,2,0
1,2540470.832,712452.2021,Age0_F1_m1f1_P1_Y0_UO513,R1_F1_m-1f-1_P1_Y-1_U44,R1_F1_m-1f-1_P1_Y-1_U22,FXX,0,31.028997987985097,0,0,0.0,0,0,0,0.0,0.0,1,P0_CV0,1,1,1,1,1
1,2540470.832,712452.2021,Age0_F1_m1f1_P1_Y0_UO514,R1_F1_m-1f-1_P1_Y-1_U44,R1_F1_m-1f-1_P1_Y-1_U22,FXX,0,31.028997987985097,0,0,0.0,0,0,0,0.0,0.0,1,P0_CV0,1,2,0,0,2
1,2540470.832,712452.2021,Age0_F1_m1f1_P1_Y0_UO528,R1_F1_m-1f-1_P1_Y-1_U67,R1_F1_m-1f-1_P1_Y-1_U45,FXX,0,31.028997987985097,0,0,0.0,0,0,0,0.0,0.25,1,P0_CV0,1,2,0,0,2
1,2540470.832,712452.2021,Age0_F1_m1f1_P1_Y0_UO529,R1_F1_m-1f-1_P1_Y-1_U67,R1_F1_m-1f-1_P1_Y-1_U45,MXY,0,31.028997987985097,0,0,0.0,0,0,0,0.0,0.25,1,P0_CV0,1,1,1,0,2
1,2540470.832,712452.2021,Age0_F1_m1f1_P1_Y0_UO530,R1_F1_m-1f-1_P1_Y-1_U67,R1_F1_m-1f-1_P1_Y-1_U45,FXX,0,31.028997987985097,0,0,0.0,0,0,0,0.0,0.25,1,P0_CV0,1,1,1,0,2
1,2540470.832,712452.2021,Age0_F1_m1f1_P1_Y0_UO531,R1_F1_m-1f-1_P1_Y-1_U67,R1_F1_m-1f-1_P1_Y-1_U45,MXY,0,31.028997987985097,0,0,0.0,0,0,0,0.0,0.25,1,P0_CV0,1,1,1,1,1
1,2540470.832,712452.2021,Age0_F1_m1f1_P1_Y0_UO532,R1_F1_m-1f-1_P1_Y-1_U67,R1_F1_m-1f-1_P1_Y-1_U45,FXX,0,31.028997987985097,0,0,0.0,0,0,0,0.0,0.25,1,P0_CV0,1,0,2,2,0
1,2540470.832,712452.2021,Age0_F1_m1f1_P1_Y0_UO533,R1_F1_m-1f-1_P1_Y-1_U67,R1_F1_m-1f-1_P1_Y-1_U45,MXY,0,31.028997987985097,0,0,0.0,0,0,0,0.0,0.25,1,P0_CV0,1,1,1,1,1
1,2540470.832,712452.2021,Age0_F1_m1f1_P1_Y0_UO534,R1_F1_m-1f-1_P1_Y-1_U67,R1_F1_m-1f-1_P1_Y-1_U45,MXY,0,31.028997987985097,0,0,0.0,0,0,0,0.0,0.25,1,P0_CV0,1,1,1,2,0
1,2540470.832,712452.2021,Age0_F1_m1f1_P1_Y0_UO535,R1_F1_m-1f-1_P1_Y-1_U123,R1_F1_m-1f-1_P1_Y-1_U101,FXX,0,31.028997987985097,0,0,0.0,0,0,0,0.0,0.25,1,P0_CV0,1,1,1,1,1
1,2540470.832,712452.2021,Age0_F1_m1f1_P1_Y0_UO536,R1_F1_m-1f-1_P1_Y-1_U123,R1_F1_m-1f-1_P1_Y-1_U101,MXY,0,31.028997987985097,0,0,0.0,0,0,0,0.0,0.25,1,P0_CV0,1,2,0,0,2
1,2540470.832,712452.2021,Age0_F1_m1f1_P1_Y0_UO537,R1_F1_m-1f-1_P1_Y-1_U5,R1_F1_m-1f-1_P1_Y-1_U114,FXX,0,31.028997987985097,0,0,0.0,0,0,0,0.0,0.25,1,P0_CV0,1,1,1,0,2
1,2540470.832,712452.2021,Age0_F1_m1f1_P1_Y0_UO538,R1_F1_m-1f-1_P1_Y-1_U5,R1_F1_m-1f-1_P1_Y-1_U114,MXY,0,31.028997987985097,0,0,0.0,0,0,0,0.0,0.25,1,P0_CV0,1,0,2,2,0
1,2540470.832,712452.2021,Age0_F1_m1f1_P1_Y0_UO539,R1_F1_m-1f-1_P1_Y-1_U5,R1_F1_m-1f-1_P1_Y-1_U114,FXX,0,31.028997987985097,0,0,0.0,0,0,0,0.0,0.25,1,P0_CV0,1,1,1,0,2
1,2540470.832,712452.2021,Age0_F1_m1f1_P1_Y0_UO589,R1_F1_m-1f-1_P1_Y-1_U12,R1_F1_m-1f-1_P1_Y-1_U17,FXX,0,31.028997987985097,0,0,0.0,0,0,0,0.0,0.25,1,P0_CV0,1,1,1,2,0
1,2540470.832,712452.2021,Age0_F1_m1f1_P1_Y0_UO590,R1_F1_m-1f-1_P1_Y-1_U12,R1_F1_m-1f-1_P1_Y-1_U17,MXY,0,31.028997987985097,0,0,0.0,0,0,0,0.0,0.25,1,P0_CV0,1,0,2,2,0
1,2540470.832,712452.2021,Age0_F1_m1f1_P1_Y0_UO591,R1_F1_m-1f-1_P1_Y-1_U12,R1_F1_m-1f-1_P1_Y-1_U17,MXY,0,31.028997987985097,0,0,0.0,0,0,0,0.0,0.25,1,P0_CV0,1,0,2,1,1
1,2540470.832,712452.2021,Age0_F1_m1f1_P1_Y0_UO601,R1_F1_m-1f-1_P1_Y-1_U69,R1_F1_m-1f-1_P1_Y-1_U104,FXX,0,31.028997987985097,0,0,0.0,0,0,0,0.0,0.25,1,P0_CV0,1,2,0,1,1
1,2540470.832,712452.2021,Age0_F1_m1f1_P1_Y0_UO602,R1_F1_m-1f-1_P1_Y-1_U69,R1_F1_m-1f-1_P1_Y-1_U104,MXY,0,31.028997987985097,0,0,0.0,0,0,0,0.0,0.25,1,P0_CV0,1,1,1,0,2
1,2540470.832,712452.2021,Age0_F1_m1f1_P1_Y0_UO603,R1_F1_m-1f-1_P1_Y-1_U69,R1_F1_m-1f-1_P1_Y-1_U104,FXX,0,31.028997987985097,0,0,0.0,0,0,0,0.0,0.25,1,P0_CV0,1,1,1,2,0
1,2540470.832,712452.2021,Age0_F1_m1f1_P1_Y0_UO604,R1_F1_m-1f-1_P1_Y-1_U69,R1_F1_m-1f-1_P1_Y-1_U104,MXY,0,31.028997987985097,0,0,0.0,0,0,0,0.0,0.25,1,P0_CV0,1,1,1,0,2
1,2540470.832,712452.2021,Age0_F1_m1f1_P1_Y0_UO605,R1_F1_m-1f-1_P1_Y-1_U69,R1_F1_m-1f-1_P1_Y-1_U104,FXX,0,31.028997987985097,0,0,0.0,0,0,0,0.0,0.25,1,P0_CV0,1,1,1,0,2
1,2540470.832,712452.2021,Age0_F1_m1f1_P1_Y0_UO606,R1_F1_m-1f-1_P1_Y-1_U69,R1_F1_m-1f-1_P1_Y-1_U104,FXX,0,31.028997987985097,0,0,0.0,0,0,0,0.0,0.25,1,P0_CV0,1,2,0,2,0
1,2540470.832,712452.2021,Age0_F1_m1f1_P1_Y0_UO660,R1_F1_m-1f-1_P1_Y-1_U44,R1_F1_m-1f-1_P1_Y-1_U22,MXY,0,31.028997987985097,0,0,0.0,0,0,0,0.0,0.0,1,P0_CV0,1,1,1,2,0
1,2540470.832,712452.2021,Age0_F1_m1f1_P1_Y0_UO661,R1_F1_m-1f-1_P1_Y-1_U44,R1_F1_m-1f-1_P1_Y-1_U22,FXX,0,31.028997987985097,0,0,0.0,0,0,0,0.0,0.0,1,P0_CV0,1,1,1,2,0
1,2540470.832,712452.2021,Age0_F1_m1f1_P1_Y0_UO662,R1_F1_m-1f-1_P1_Y-1_U44,R1_F1_m-1f-1_P1_Y-1_U22,FXX,0,31.028997987985097,0,0,0.0,0,0,0,0.0,0.0,1,P0_CV0,1,1,1,1,1
1,2540470.832,712452.2021,Age0_F1_m1f1_P1_Y0_UO663,R1_F1_m-1f-1_P1_Y-1_U44,R1_F1_m-1f-1_P1_Y-1_U22,FXX,0,31.028997987985097,0,0,0.0,0,0,0,0.0,0.0,1,P0_CV0,1,1,1,1,1
1,2540470.832,712452.2021,Age0_F1_m1f1_P1_Y0_UO716,R1_F1_m-1f-1_P1_Y-1_U64,R1_F1_m-1f-1_P1_Y-1_U1,FXX,0,31.028997987985097,0,0,0.0,0,0,0,0.0,0.25,1,P0_CV0,1,1,1,1,1
1,2540470.832,712452.2021,Age0_F1_m1f1_P1_Y0_UO717,R1_F1_m-1f-1_P1_Y-1_U64,R1_F1_m-1f-1_P1_Y-1_U1,MXY,0,31.028997987985097,0,0,0.0,0,0,0,0.0,0.25,1,P0_CV0,1,2,0,2,0
1,2540470.832,712452.2021,Age0_F1_m1f1_P1_Y0_UO718,R1_F1_m-1f-1_P1_Y-1_U64,R1_F1_m-1f-1_P1_Y-1_U1,MXY,0,31.028997987985097,0,0,0.0,0,0,0,0.0,0.25,1,P0_CV0,1,1,1,1,1
1,2540470.832,712452.2021,Age0_F1_m1f1_P1_Y0_UO719,R1_F1_m-1f-1_P1_Y-1_U64,R1_F1_m-1f-1_P1_Y-1_U1,MXY,0,31.028997987985097,0,0,0.0,0,0,0,0.0,0.25,1,P0_CV0,1,2,0,1,1
1,2540470.832,712452.2021,Age0_F1_m1f1_P1_Y0_UO720,R1_F1_m-1f-1_P1_Y-1_U64,R1_F1_m-1f-1_P1_Y-1_U1,FXX,0,31.028997987985097,0,0,0.0,0,0,0,0.0,0.25,1,P0_CV0,1,0,2,1,1
1,2540470.832,712452.2021,R1_F1_m-1f-1_P1_Y-1_U0,-9999,-9999,MXY,1,53.631924746839694,1,1,0.0,0,0,0,-9999.0,0.0,1,P0_CV0,1,0,2,1,1
1,2540470.832,712452.2021,R1_F1_m-1f-1_P1_Y-1_U2,-9999,-9999,FXX,1,53.631924746839694,1,1,0.0,0,0,0,-9999.0,0.0,1,P0_CV0,1,0,2,0,2
1,2540470.832,712452.2021,R1_F1_m-1f-1_P1_Y-1_U4,-9999,-9999,FXX,1,53.631924746839694,1,1,1.626,0,0,0,-9999.0,0.0,1,P0_CV0,1,0,2,1,1
1,2540470.832,712452.2021,R1_F1_m-1f-1_P1_Y-1_U6,-9999,-9999,FXX,1,53.631924746839694,1,1,1.256,0,0,0,-9999.0,1.0,1,P0_CV0,1,2,0,1,1
1,2540470.832,712452.2021,R1_F1_m-1f-1_P1_Y-1_U7,-9999,-9999,FXX,1,53.631924746839694,1,1,1.0,0,0,0,-9999.0,0.5,1,P0_CV0,1,1,1,1,1
1,2540470.832,712452.2021,R1_F1_m-1f-1_P1_Y-1_U9,-9999,-9999,FXX,1,53.631924746839694,1,1,1.406,0,0,0,-9999.0,0.0,1,P0_CV0,1,0,2,1,1
1,2540470.832,712452.2021,R1_F1_m-1f-1_P1_Y-1_U10,-9999,-9999,FXX,1,53.631924746839694,1,1,0.0,0,0,0,-9999.0,0.0,1,P0_CV0,1,0,2,1,1
1,2540470.832,712452.2021,R1_F1_m-1f-1_P1_Y-1_U15,-9999,-9999,MXY,1,53.631924746839694,1,1,0.0,0,0,0,-9999.0,0.0,1,P0_CV0,1,0,2,1,1
1,2540470.832,712452.2021,R1_F1_m-1f-1_P1_Y-1_U16,-9999,-9999,MXY,1,53.631924746839694,1,1,0.0,0,0,0,-9999.0,0.5,1,P0_CV0,1,1,1,0,2
1,2540470.832,712452.2021,R1_F1_m-1f-1_P1_Y-1_U18,-9999,-9999,FXX,1,53.631924746839694,1,1,1.638,0,0,0,-9999.0,0.5,1,P0_CV0,1,1,1,2,0
1,2540470.832,712452.2021,R1_F1_m-1f-1_P1_Y-1_U20,-9999,-9999,MXY,1,53.631924746839694,1,1,0.0,0,0,0,-9999.0,0.0,1,P0_CV0,1,0,2,1,1
1,2540470.832,712452.2021,R1_F1_m-1f-1_P1_Y-1_U24,-9999,-9999,MXY,1,53.631924746839694,1,1,0.0,0,0,0,-9999.0,0.0,1,P0_CV0,1,0,2,1,1
1,2540470.832,712452.2021,R1_F1_m-1f-1_P1_Y-1_U25,-9999,-9999,FXX,1,53.631924746839694,1,1,2.704,0,0,0,-9999.0,0.0,1,P0_CV0,1,0,2,1,1
1,2540470.832,712452.2021,R1_F1_m-1f-1_P1_Y-1_U28,-9999,-9999,FXX,1,53.631924746839694,1,1,1.13,0,0,0,-9999.0,1.0,1,P0_CV0,1,2,0,0,2
1,2540470.832,712452.2021,R1_F1_m-1f-1_P1_Y-1_U29,-9999,-9999,MXY,1,53.631924746839694,1,1,0.0,0,0,0,-9999.0,0.5,1,P0_CV0,1,1,1,1,1
1,2540470.832,712452.2021,R1_F1_m-1f-1_P1_Y-1_U30,-9999,-9999,FXX,1,53.631924746839694,1,1,1.0,0,0,0,-9999.0,0.5,1,P0_CV0,1,1,1,1,1
1,2540470.832,712452.2021,R1_F1_m-1f-1_P1_Y-1_U36,-9999,-9999,MXY,1,53.631924746839694,1,1,0.0,0,0,0,-9999.0,0.5,1,P0_CV0,1,1,1,0,2
1,2540470.832,712452.2021,R1_F1_m-1f-1_P1_Y-1_U38,-9999,-9999,FXX,1,53.631924746839694,1,1,0.0,0,0,0,-9999.0,0.5,1,P0_CV0,1,1,1,1,1
1,2540470.832,712452.2021,R1_F1_m-1f-1_P1_Y-1_U39,-9999,-9999,MXY,1,53.631924746839694,1,1,0.0,0,0,0,-9999.0,0.5,1,P0_CV0,1,1,1,1,1
1,2540470.832,712452.2021,R1_F1_m-1f-1_P1_Y-1_U41,-9999,-9999,FXX,1,53.631924746839694,1,1,1.898,0,0,0,-9999.0,0.0,1,P0_CV0,1,0,2,1,1
1,2540470.832,712452.2021,R1_F1_m-1f-1_P1_Y-1_U46,-9999,-9999,MXY,1,53.631924746839694,1,1,0.0,0,0,0,-9999.0,0.0,1,P0_CV0,1,0,2,2,0
1,2540470.832,712452.2021,R1_F1_m-1f-1_P1_Y-1_U47,-9999,-9999,FXX,1,53.631924746839694,1,1,1.0,0,0,0,-9999.0,0.0,1,P0_CV0,1,0,2,1,1
1,2540470.832,712452.2021,R1_F1_m-1f-1_P1_Y-1_U48,-9999,-9999,MXY,1,53.631924746839694,1,1,0.0,0,0,0,-9999.0,0.0,1,P0_CV0,1,0,2,1,1
1,2540470.832,712452.2021,R1_F1_m-1f-1_P1_Y-1_U52,-9999,-9999,FXX,1,53.631924746839694,1,1,2.175,0,0,0,-9999.0,0.5,1,P0_CV0,1,1,1,0,2
1,2540470.832,712452.2021,R1_F1_m-1f-1_P1_Y-1_U53,-9999,-9999,FXX,1,53.631924746839694,1,1,1.675,0,0,0,-9999.0,1.0,1,P0_CV0,1,2,0,0,2
1,2540470.832,712452.2021,R1_F1_m-1f-1_P1_Y-1_U54,-9999,-9999,MXY,1,53.631924746839694,1,1,0.0,0,0,0,-9999.0,0.0,1,P0_CV0,1,0,2,0,2
1,2540470.832,712452.2021,R1_F1_m-1f-1_P1_Y-1_U55,-9999,-9999,FXX,1,53.631924746839694,1,1,2.189,0,0,0,-9999.0,0.0,1,P0_CV0,1,0,2,0,2
1,2540470.832,712452.2021,R1_F1_m-1f-1_P1_Y-1_U60,-9999,-9999,FXX,1,53.631924746839694,1,1,2.069,0,0,0,-9999.0,0.0,1,P0_CV0,1,0,2,2,0
1,2540470.832,712452.2021,R1_F1_m-1f-1_P1_Y-1_U61,-9999,-9999,MXY,1,53.631924746839694,1,1,0.0,0,0,0,-9999.0,0.5,1,P0_CV0,1,1,1,1,1
1,2540470.832,712452.2021,R1_F1_m-1f-1_P1_Y-1_U65,-9999,-9999,FXX,1,53.631924746839694,1,1,0.0,0,0,0,-9999.0,0.5,1,P0_CV0,1,1,1,1,1
1,2540470.832,712452.2021,R1_F1_m-1f-1_P1_Y-1_U66,-9999,-9999,FXX,1,53.631924746839694,1,1,2.733,0,0,0,-9999.0,0.0,1,P0_CV0,1,0,2,2,0
1,2540470.832,712452.2021,R1_F1_m-1f-1_P1_Y-1_U68,-9999,-9999,FXX,1,53.631924746839694,1,1,0.0,0,0,0,-9999.0,0.5,1,P0_CV0,1,1,1,1,1
1,2540470.832,712452.2021,R1_F1_m-1f-1_P1_Y-1_U70,-9999,-9999,MXY,1,53.631924746839694,1,1,0.0,0,0,0,-9999.0,1.0,1,P0_CV0,1,2,0,2,0
1,2540470.832,712452.2021,R1_F1_m-1f-1_P1_Y-1_U71,-9999,-9999,MXY,1,53.631924746839694,1,1,0.0,0,0,0,-9999.0,0.5,1,P0_CV0,1,1,1,1,1
1,2540470.832,712452.2021,R1_F1_m-1f-1_P1_Y-1_U72,-9999,-9999,MXY,1,53.631924746839694,1,1,0.0,0,0,0,-9999.0,0.0,1,P0_CV0,1,0,2,1,1
1,2540470.832,712452.2021,R1_F1_m-1f-1_P1_Y-1_U73,-9999,-9999,MXY,1,53.631924746839694,1,1,0.0,0,0,0,-9999.0,0.0,1,P0_CV0,1,0,2,1,1
1,2540470.832,712452.2021,R1_F1_m-1f-1_P1_Y-1_U74,-9999,-9999,MXY,1,53.631924746839694,1,1,0.0,0,0,0,-9999.0,0.0,1,P0_CV0,1,0,2,1,1
1,2540470.832,712452.2021,R1_F1_m-1f-1_P1_Y-1_U75,-9999,-9999,MXY,1,53.631924746839694,1,1,0.0,0,0,0,-9999.0,1.0,1,P0_CV0,1,2,0,1,1
1,2540470.832,712452.2021,R1_F1_m-1f-1_P1_Y-1_U77,-9999,-9999,MXY,1,53.631924746839694,1,1,0.0,0,0,0,-9999.0,0.0,1,P0_CV0,1,0,2,0,2
1,2540470.832,712452.2021,R1_F1_m-1f-1_P1_Y-1_U78,-9999,-9999,MXY,1,53.631924746839694,1,1,0.0,0,0,0,-9999.0,0.5,1,P0_CV0,1,1,1,1,1
1,2540470.832,712452.2021,R1_F1_m-1f-1_P1_Y-1_U81,-9999,-9999,FXX,1,53.631924746839694,1,1,1.031,0,0,0,-9999.0,0.5,1,P0_CV0,1,1,1,2,0
1,2540470.832,712452.2021,R1_F1_m-1f-1_P1_Y-1_U83,-9999,-9999,MXY,1,53.631924746839694,1,1,0.0,0,0,0,-9999.0,0.0,1,P0_CV0,1,0,2,2,0
1,2540470.832,712452.2021,R1_F1_m-1f-1_P1_Y-1_U85,-9999,-9999,MXY,1,53.631924746839694,1,1,0.0,0,0,0,-9999.0,0.0,1,P0_CV0,1,0,2,2,0
1,2540470.832,712452.2021,R1_F1_m-1f-1_P1_Y-1_U87,-9999,-9999,MXY,1,53.631924746839694,1,1,0.0,0,0,0,-9999.0,0.5,1,P0_CV0,1,1,1,0,2
1,2540470.832,712452.2021,R1_F1_m-1f-1_P1_Y-1_U89,-9999,-9999,MXY,1,53.631924746839694,1,1,0.0,0,0,0,-9999.0,0.0,1,P0_CV0,1,0,2,0,2
1,2540470.832,712452.2021,R1_F1_m-1f-1_P1_Y-1_U91,-9999,-9999,MXY,1,53.631924746839694,1,1,0.0,0,0,0,-9999.0,0.5,1,P0_CV0,1,1,1,1,1
1,2540470.832,712452.2021,R1_F1_m-1f-1_P1_Y-1_U92,-9999,-9999,FXX,1,53.631924746839694,1,1,0.0,0,0,0,-9999.0,0.0,1,P0_CV0,1,0,2,0,2
1,2540470.832,712452.2021,R1_F1_m-1f-1_P1_Y-1_U93,-9999,-9999,FXX,1,53.631924746839694,1,1,2.34,0,0,0,-9999.0,0.0,1,P0_CV0,1,0,2,1,1
1,2540470.832,712452.2021,R1_F1_m-1f-1_P1_Y-1_U94,-9999,-9999,FXX,1,53.631924746839694,1,1,3.475,0,0,0,-9999.0,0.0,1,P0_CV0,1,0,2,2,0
1,2540470.832,712452.2021,R1_F1_m-1f-1_P1_Y-1_U95,-9999,-9999,MXY,1,53.631924746839694,1,1,0.0,0,0,0,-9999.0,0.0,1,P0_CV0,1,0,2,0,2
1,2540470.832,712452.2021,R1_F1_m-1f-1_P1_Y-1_U96,-9999,-9999,FXX,1,53.631924746839694,1,1,1.0,0,0,0,-9999.0,0.0,1,P0_CV0,1,0,2,1,1
1,2540470.832,712452.2021,R1_F1_m-1f-1_P1_Y-1_U97,-9999,-9999,MXY,1,53.631924746839694,1,1,0.0,0,0,0,-9999.0,0.5,1,P0_CV0,1,1,1,1,1
1,2540470.832,712452.2021,R1_F1_m-1f-1_P1_Y-1_U98,-9999,-9999,FXX,1,53.631924746839694,1,1,1.0,0,0,0,-9999.0,0.0,1,P0_CV0,1,0,2,2,0
1,2540470.832,712452.2021,R1_F1_m-1f-1_P1_Y-1_U99,-9999,-9999,MXY,1,53.631924746839694,1,1,0.0,0,0,0,-9999.0,1.0,1,P0_CV0,1,2,0,2,0
1,2540470.832,712452.2021,R1_F1_m-1f-1_P1_Y-1_U100,-9999,-9999,FXX,1,53.631924746839694,1,1,1.0,0,0,0,-9999.0,0.5,1,P0_CV0,1,1,1,1,1
1,2540470.832,712452.2021,R1_F1_m-1f-1_P1_Y-1_U102,-9999,-9999,FXX,1,53.631924746839694,1,1,2.494,0,0,0,-9999.0,0.0,1,P0_CV0,1,0,2,1,1
1,2540470.832,712452.2021,R1_F1_m-1f-1_P1_Y-1_U105,-9999,-9999,MXY,1,53.631924746839694,1,1,0.0,0,0,0,-9999.0,0.0,1,P0_CV0,1,0,2,2,0
1,2540470.832,712452.2021,R1_F1_m-1f-1_P1_Y-1_U106,-9999,-9999,MXY,1,53.631924746839694,1,1,0.0,0,0,0,-9999.0,0.0,1,P0_CV0,1,0,2,1,1
1,2540470.832,712452.2021,R1_F1_m-1f-1_P1_Y-1_U107,-9999,-9999,MXY,1,53.631924746839694,1,1,0.0,0,0,0,-9999.0,0.0,1,P0_CV0,1,0,2,1,1
1,2540470.832,712452.2021,R1_F1_m-1f-1_P1_Y-1_U109,-9999,-9999,FXX,1,53.631924746839694,1,1,2.858,0,0,0,-9999.0,0.0,1,P0_CV0,1,0,2,2,0
1,2540470.832,712452.2021,R1_F1_m-1f-1_P1_Y-1_U111,-9999,-9999,FXX,1,53.631924746839694,1,1,1.0,0,0,0,-9999.0,0.5,1,P0_CV0,1,1,1,0,2
1,2540470.832,712452.2021,R1_F1_m-1f-1_P1_Y-1_U112,-9999,-9999,FXX,1,53.631924746839694,1,1,2.193,0,0,0,-9999.0,0.0,1,P0_CV0,1,0,2,0,2
1,2540470.832,712452.2021,R1_F1_m-1f-1_P1_Y-1_U115,-9999,-9999,FXX,1,53.631924746839694,1,1,0.0,0,0,0,-9999.0,0.0,1,P0_CV0,1,0,2,1,1
1,2540470.832,712452.2021,R1_F1_m-1f-1_P1_Y-1_U118,-9999,-9999,FXX,1,53.631924746839694,1,1,0.0,0,0,0,-9999.0,1.0,1,P0_CV0,1,2,0,1,1
1,2540470.832,712452.2021,R1_F1_m-1f-1_P1_Y-1_U119,-9999,-9999,MXY,1,53.631924746839694,1,1,0.0,0,0,0,-9999.0,0.5,1,P0_CV0,1,1,1,0,2
1,2540470.832,712452.2021,R1_F1_m-1f-1_P1_Y-1_U120,-9999,-9999,MXY,1,53.631924746839694,1,1,0.0,0,0,0,-9999.0,0.0,1,P0_CV0,1,0,2,1,1
1,2540470.832,712452.2021,R1_F1_m-1f-1_P1_Y-1_U122,-9999,-9999,FXX,1,53.631924746839694,1,1,0.0,0,0,0,-9999.0,1.0,1,P0_CV0,1,2,0,1,1
1,2540470.832,712452.2021,R1_F1_m-1f-1_P1_Y-1_U124,-9999,-9999,FXX,1,53.631924746839694,1,1,2.455,0,0,0,-9999.0,0.0,1,P0_CV0,1,0,2,1,1
1,2540470.832,712452.2021,R1_F1_m-1f-1_P1_Y-1_U27,-9999,-9999,MXY,2,70.66666435076324,1,0,0.0,0,0,0,-9999.0,0.5,1,P0_CV0,1,1,1,1,1
1,2540470.832,712452.2021,R1_F1_m-1f-1_P1_Y-1_U51,-9999,-9999,MXY,2,71.64066435076323,1,0,0.0,0,0,0,-9999.0,0.5,1,P0_CV0,1,1,1,1,1
1,2540470.832,712452.2021,R1_F1_m-1f-1_P1_Y-1_U57,-9999,-9999,MXY,2,71.08866435076324,1,0,0.0,0,0,0,-9999.0,0.5,1,P0_CV0,1,1,1,2,0
1,2540470.832,712452.2021,R1_F1_m-1f-1_P1_Y-1_U90,-9999,-9999,FXX,2,71.24366435076324,1,0,0.0,0,0,0,-9999.0,0.5,1,P0_CV0,1,1,1,1,1
1,2540470.832,712452.2021,R1_F1_m-1f-1_P1_Y-1_U117,-9999,-9999,MXY,2,72.21766435076324,1,0,0.0,0,0,0,-9999.0,0.5,1,P0_CV0,1,1,1,1,1
1,2540470.832,712452.2021,R1_F1_m-1f-1_P1_Y-1_U3,-9999,-9999,FXX,2,77.50266435076324,1,0,1.842,0,0,0,-9999.0,0.0,1,P0_CV0,1,0,2,2,0
1,2540470.832,712452.2021,R1_F1_m-1f-1_P1_Y-1_U5,-9999,-9999,FXX,2,78.48766435076324,1,0,1.357,0,0,0,-9999.0,0.0,1,P0_CV0,1,0,2,1,1
1,2540470.832,712452.2021,R1_F1_m-1f-1_P1_Y-1_U11,-9999,-9999,FXX,2,74.48766435076324,1,0,1.248,0,0,0,-9999.0,0.0,1,P0_CV0,1,0,2,1,1
1,2540470.832,712452.2021,R1_F1_m-1f-1_P1_Y-1_U12,-9999,-9999,FXX,2,79.51966435076325,1,0,2.253,0,0,0,-9999.0,0.0,1,P0_CV0,1,0,2,0,2
1,2540470.832,712452.2021,R1_F1_m-1f-1_P1_Y-1_U13,-9999,-9999,FXX,2,80.57466435076324,1,0,2.073,0,0,0,-9999.0,0.0,1,P0_CV0,1,0,2,1,1
1,2540470.832,712452.2021,R1_F1_m-1f-1_P1_Y-1_U31,-9999,-9999,FXX,2,72.68966435076324,1,0,0.0,0,0,0,-9999.0,0.5,1,P0_CV0,1,1,1,0,2
1,2540470.832,712452.2021,R1_F1_m-1f-1_P1_Y-1_U32,-9999,-9999,FXX,2,85.38566435076324,1,0,0.0,0,0,0,-9999.0,0.0,1,P0_CV0,1,0,2,1,1
1,2540470.832,712452.2021,R1_F1_m-1f-1_P1_Y-1_U35,-9999,-9999,MXY,2,76.02466435076325,1,0,0.0,0,0,0,-9999.0,0.5,1,P0_CV0,1,1,1,2,0
1,2540470.832,712452.2021,R1_F1_m-1f-1_P1_Y-1_U37,-9999,-9999,MXY,2,75.74466435076324,1,0,0.0,0,0,0,-9999.0,0.0,1,P0_CV0,1,0,2,2,0
1,2540470.832,712452.2021,R1_F1_m-1f-1_P1_Y-1_U40,-9999,-9999,MXY,2,85.28466435076324,1,0,0.0,0,0,0,-9999.0,0.5,1,P0_CV0,1,1,1,1,1
1,2540470.832,712452.2021,R1_F1_m-1f-1_P1_Y-1_U42,-9999,-9999,FXX,2,72.53966435076323,1,0,1.0,0,0,0,-9999.0,0.5,1,P0_CV0,1,1,1,2,0
1,2540470.832,712452.2021,R1_F1_m-1f-1_P1_Y-1_U44,-9999,-9999,FXX,2,79.14466435076325,1,0,1.857,0,0,0,-9999.0,0.0,1,P0_CV0,1,0,2,1,1
1,2540470.832,712452.2021,R1_F1_m-1f-1_P1_Y-1_U45,-9999,-9999,MXY,2,85.58166435076323,1,0,0.0,0,0,0,-9999.0,0.5,1,P0_CV0,1,1,1,1,1
1,2540470.832,712452.2021,R1_F1_m-1f-1_P1_Y-1_U50,-9999,-9999,MXY,2,79.26966435076325,1,0,0.0,0,0,0,-9999.0,0.5,1,P0_CV0,1,1,1,0,2
1,2540470.832,712452.2021,R1_F1_m-1f-1_P1_Y-1_U56,-9999,-9999,FXX,2,80.08466435076325,1,0,0.0,0,0,0,-9999.0,0.0,1,P0_CV0,1,0,2,1,1
1,2540470.832,712452.2021,R1_F1_m-1f-1_P1_Y-1_U59,-9999,-9999,MXY,2,80.41166435076325,1,0,0.0,0,0,0,-9999.0,0.0,1,P0_CV0,1,0,2,1,1
1,2540470.832,712452.2021,R1_F1_m-1f-1_P1_Y-1_U84,-9999,-9999,MXY,2,78.46366435076324,1,0,0.0,0,0,0,-9999.0,0.5,1,P0_CV0,1,1,1,0,2
1,2540470.832,712452.2021,R1_F1_m-1f-1_P1_Y-1_U86,-9999,-9999,MXY,2,79.96366435076324,1,0,0.0,0,0,0,-9999.0,0.0,1,P0_CV0,1,0,2,2,0
1,2540470.832,712452.2021,R1_F1_m-1f-1_P1_Y-1_U88,-9999,-9999,FXX,2,76.85766435076324,1,0,0.0,0,0,0,-9999.0,0.5,1,P0_CV0,1,1,1,2,0
1,2540470.832,712452.2021,R1_F1_m-1f-1_P1_Y-1_U101,-9999,-9999,MXY,2,85.57766435076324,1,0,0.0,0,0,0,-9999.0,0.5,1,P0_CV0,1,1,1,1,1
1,2540470.832,712452.2021,R1_F1_m-1f-1_P1_Y-1_U104,-9999,-9999,MXY,2,80.43966435076324,1,0,0.0,0,0,0,-9999.0,0.0,1,P0_CV0,1,0,2,0,2
1,2540470.832,712452.2021,R1_F1_m-1f-1_P1_Y-1_U108,-9999,-9999,FXX,2,84.62166435076324,1,0,1.886,0,0,0,-9999.0,0.0,1,P0_CV0,1,0,2,1,1
1,2540470.832,712452.2021,R1_F1_m-1f-1_P1_Y-1_U113,-9999,-9999,FXX,2,74.64366435076325,1,0,2.106,0,0,0,-9999.0,0.0,1,P0_CV0,1,0,2,1,1
1,2540470.832,712452.2021,R1_F1_m-1f-1_P1_Y-1_U121,-9999,-9999,FXX,2,74.57266435076325,1,0,1.0,0,0,0,-9999.0,0.0,1,P0_CV0,1,0,2,2,0
1,2540470.832,712452.2021,R1_F1_m-1f-1_P1_Y-1_U123,-9999,-9999,FXX,2,77.48166435076324,1,0,0.0,0,0,0,-9999.0,0.0,1,P0_CV0,1,0,2,2,0
1,2540470.832,712452.2021,R1_F1_m-1f-1_P1_Y-1_U14,-9999,-9999,FXX,3,111.59575488416303,1,0,2.139,0,0,0,-9999.0,0.5,1,P0_CV0,1,1,1,1,1
1,2540470.832,712452.2021,R1_F1_m-1f-1_P1_Y-1_U17,-9999,-9999,MXY,3,111.59575488416303,1,0,0.0,0,0,0,-9999.0,0.5,1,P0_CV0,1,1,1,1,1
1,2540470.832,712452.2021,R1_F1_m-1f-1_P1_Y-1_U19,-9999,-9999,FXX,3,111.59575488416303,1,0,0.0,0,0,0,-9999.0,0.0,1,P0_CV0,1,0,2,1,1
1,2540470.832,712452.2021,R1_F1_m-1f-1_P1_Y-1_U22,-9999,-9999,MXY,3,111.59575488416303,1,0,0.0,0,0,0,-9999.0,0.0,1,P0_CV0,1,0,2,0,2
1,2540470.832,712452.2021,R1_F1_m-1f-1_P1_Y-1_U33,-9999,-9999,MXY,3,111.59575488416303,1,0,0.0,0,0,0,-9999.0,0.0,1,P0_CV0,1,0,2,1,1
1,2540470.832,712452.2021,R1_F1_m-1f-1_P1_Y-1_U80,-9999,-9999,FXX,3,111.59575488416303,1,0,1.505,0,0,0,-9999.0,0.0,1,P0_CV0,1,0,2,0,2
1,2540470.832,712452.2021,R1_F1_m-1f-1_P1_Y-1_U82,-9999,-9999,FXX,3,111.59575488416303,1,0,1.55,0,0,0,-9999.0,0.5,1,P0_CV0,1,1,1,2,0
1,2540470.832,712452.2021,R1_F1_m-1f-1_P1_Y-1_U125,-9999,-9999,FXX,3,111.59575488416303,1,0,0.0,0,0,0,-9999.0,0.0,1,P0_CV0,1,0,2,1,1
1,2540470.832,712452.2021,R1_F1_m-1f-1_P1_Y-1_U110,-9999,-9999,FXX,4,133.0900826603593,1,0,1.41,0,0,0,-9999.0,0.5,1,P0_CV0,1,1,1,2,0
1,2540470.832,712452.2021,R1_F1_m-1f-1_P1_Y-1_U1,-9999,-9999,MXY,4,138.73508266035927,1,0,0.0,0,0,0,-9999.0,0.0,1,P0_CV0,1,0,2,2,0
1,2540470.832,712452.2021,R1_F1_m-1f-1_P1_Y-1_U23,-9999,-9999,MXY,4,138.50408266035927,1,0,0.0,0,0,0,-9999.0,0.5,1,P0_CV0,1,1,1,2,0
1,2540470.832,712452.2021,R1_F1_m-1f-1_P1_Y-1_U127,-9999,-9999,MXY,6,185.46285116176443,1,0,0.0,0,0,0,-9999.0,0.5,1,P0_CV0,1,1,1,1,1
1,2540470.832,712452.2021,R1_F1_m-1f-1_P1_Y-1_U67,-9999,-9999,FXX,6,198.5948511617644,1,0,1.0,0,0,0,-9999.0,0.0,1,P0_CV0,1,0,2,0,2
1,2540470.832,712452.2021,R1_F1_m-1f-1_P1_Y-1_U76,-9999,-9999,FXX,6,188.37985116176444,1,0,1.0,0,0,0,-9999.0,1.0,1,P0_CV0,1,2,0,1,1
2,2536859.926,708059.4624,Age0_F2_m2f2_P2_Y0_UO9,R2_F2_m-1f-1_P2_Y-1_U53,R2_F2_m-1f-1_P2_Y-1_U38,FXX,0,31.052480193398516,0,0,0.0,0,0,0,0.0,0.5,1,P1_CV0,1,1,1,2,0
2,2536859.926,708059.4624,Age0_F2_m2f2_P2_Y0_UO10,R2_F2_m-1f-1_P2_Y-1_U53,R2_F2_m-1f-1_P2_Y-1_U38,FXX,0,31.052480193398516,0,0,0.0,0,0,0,0.0,0.5,1,P1_CV0,1,1,1,1,1
2,2536859.926,708059.4624,Age0_F2_m2f2_P2_Y0_UO11,R2_F2_m-1f-1_P2_Y-1_U53,R2_F2_m-1f-1_P2_Y-1_U38,FXX,0,31.052480193398516,0,0,0.0,0,0,0,0.0,0.5,1,P1_CV0,1,1,1,2,0
2,2536859.926,708059.4624,Age0_F2_m2f2_P2_Y0_UO12,R2_F2_m-1f-1_P2_Y-1_U53,R2_F2_m-1f-1_P2_Y-1_U38,FXX,0,31.052480193398516,0,0,0.0,0,0,0,0.0,0.5,1,P1_CV0,1,0,2,1,1
2,2536859.926,708059.4624,Age0_F2_m2f2_P2_Y0_UO13,R2_F2_m-1f-1_P2_Y-1_U53,R2_F2_m-1f-1_P2_Y-1_U38,MXY,0,31.052480193398516,0,0,0.0,0,0,0,0.0,0.5,1,P1_CV0,1,2,0,0,2
2,2536859.926,708059.4624,Age0_F2_m2f2_P2_Y0_UO14,R2_F2_m-1f-1_P2_Y-1_U53,R2_F2_m-1f-1_P2_Y-1_U38,FXX,0,31.052480193398516,0,0,0.0,0,0,0,0.0,0.5,1,P1_CV0,1,2,0,1,1
2,2536859.926,708059.4624,Age0_F2_m2f2_P2_Y0_UO15,R2_F2_m-1f-1_P2_Y-1_U53,R2_F2_m-1f-1_P2_Y-1_U38,MXY,0,31.052480193398516,0,0,0.0,0,0,0,0.0,0.5,1,P1_CV0,1,2,0,0,2
2,2536859.926,708059.4624,Age0_F2_m2f2_P2_Y0_UO25,R2_F2_m-1f-1_P2_Y-1_U53,R2_F2_m-1f-1_P2_Y-1_U42,FXX,0,31.052480193398516,0,0,0.0,0,0,0,0.0,0.5,1,P1_CV0,1,1,1,0,2
2,2536859.926,708059.4624,Age0_F2_m2f2_P2_Y0_UO26,R2_F2_m-1f-1_P2_Y-1_U53,R2_F2_m-1f-1_P2_Y-1_U42,MXY,0,31.052480193398516,0,0,0.0,0,0,0,0.0,0.5,1,P1_CV0,1,2,0,1,1
2,2536859.926,708059.4624,Age0_F2_m2f2_P2_Y0_UO27,R2_F2_m-1f-1_P2_Y-1_U53,R2_F2_m-1f-1_P2_Y-1_U42,MXY,0,31.052480193398516,0,0,0.0,0,0,0,0.0,0.5,1,P1_CV0,1,1,1,0,2
2,2536859.926,708059.4624,Age0_F2_m2f2_P2_Y0_UO28,R2_F2_m-1f-1_P2_Y-1_U53,R2_F2_m-1f-1_P2_Y-1_U42,FXX,0,31.052480193398516,0,0,0.0,0,0,0,0.0,0.5,1,P1_CV0,1,2,0,1,1
2,2536859.926,708059.4624,Age0_F2_m2f2_P2_Y0_UO29,R2_F2_m-1f-1_P2_Y-1_U53,R2_F2_m-1f-1_P2_Y-1_U42,FXX,0,31.052480193398516,0,0,0.0,0,0,0,0.0,0.5,1,P1_CV0,1,0,2,1,1
2,2536859.926,708059.4624,Age0_F2_m2f2_P2_Y0_UO40,R2_F2_m-1f-1_P2_Y-1_U83,R2_F2_m-1f-1_P2_Y-1_U15,FXX,0,31.052480193398516,0,0,0.0,0,0,0,0.0,0.75,1,P1_CV0,1,2,0,0,2
2,2536859.926,708059.4624,Age0_F2_m2f2_P2_Y0_UO41,R2_F2_m-1f-1_P2_Y-1_U83,R2_F2_m-1f-1_P2_Y-1_U15,MXY,0,31.052480193398516,0,0,0.0,0,0,0,0.0,0.75,1,P1_CV0,1,1,1,1,1
2,2536859.926,708059.4624,Age0_F2_m2f2_P2_Y0_UO42,R2_F2_m-1f-1_P2_Y-1_U83,R2_F2_m-1f-1_P2_Y-1_U15,MXY,0,31.052480193398516,0,0,0.0,0,0,0,0.0,0.75,1,P1_CV0,1,1,1,0,2
2,2536859.926,708059.4624,Age0_F2_m2f2_P2_Y0_UO43,R2_F2_m-1f-1_P2_Y-1_U83,R2_F2_m-1f-1_P2_Y-1_U15,FXX,0,31.052480193398516,0,0,0.0,0,0,0,0.0,0.75,1,P1_CV0,1,2,0,1,1
2,2536859.926,708059.4624,Age0_F2_m2f2_P2_Y0_UO94,R2_F2_m-1f-1_P2_Y-1_U3,R2_F2_m-1f-1_P2_Y-1_U71,FXX,0,31.052480193398516,0,0,0.0,0,0,0,0.0,0.0,1,P1_CV0,1,1,1,1,1
2,2536859.926,708059.4624,Age0_F2_m2f2_P2_Y0_UO95,R2_F2_m-1f-1_P2_Y-1_U3,R2_F2_m-1f-1_P2_Y-1_U71,FXX,0,31.052480193398516,0,0,0.0,0,0,0,0.0,0.0,1,P1_CV0,1,0,2,0,2
2,2536859.926,708059.4624,Age0_F2_m2f2_P2_Y0_UO96,R2_F2_m-1f-1_P2_Y-1_U3,R2_F2_m-1f-1_P2_Y-1_U71,FXX,0,31.052480193398516,0,0,0.0,0,0,0,0.0,0.0,1,P1_CV0,1,1,1,1,1
2,2536859.926,708059.4624,Age0_F2_m2f2_P2_Y0_UO97,R2_F2_m-1f-1_P2_Y-1_U3,R2_F2_m-1f-1_P2_Y-1_U71,FXX,0,31.052480193398516,0,0,0.0,0,0,0,0.0,0.0,1,P1_CV0,1,2,0,2,0
2,2536859.926,708059.4624,Age0_F2_m2f2_P2_Y0_UO172,R2_F2_m-1f-1_P2_Y-1_U63,R2_F2_m-1f-1_P2_Y-1_U38,MXY,0,31.052480193398516,0,0,0.0,0,0,0,0.0,0.5,1,P1_CV0,1,2,0,2,0
2,2536859.926,708059.4624,Age0_F2_m2f2_P2_Y0_UO173,R2_F2_m-1f-1_P2_Y-1_U63,R2_F2_m-1f-1_P2_Y-1_U38,MXY,0,31.052480193398516,0,0,0.0,0,0,0,0.0,0.5,1,P1_CV0,1,1,1,0,2
2,2536859.926,708059.4624,Age0_F2_m2f2_P2_Y0_UO174,R2_F2_m-1f-1_P2_Y-1_U63,R2_F2_m-1f-1_P2_Y-1_U38,MXY,0,31.052480193398516,0,0,0.0,0,0,0,0.0,0.5,1,P1_CV0,1,1,1,1,1
2,2536859.926,708059.4624,Age0_F2_m2f2_P2_Y0_UO175,R2_F2_m-1f-1_P2_Y-1_U63,R2_F2_m-1f-1_P2_Y-1_U38,MXY,0,31.052480193398516,0,0,0.0,0,0,0,0.0,0.5,1,P1_CV0,1,1,1,1,1
2,2536859.926,708059.4624,Age0_F2_m2f2_P2_Y0_UO176,R2_F2_m-1f-1_P2_Y-1_U63,R2_F2_m-1f-1_P2_Y-1_U38,FXX,0,31.052480193398516,0,0,0.0,0,0,0,0.0,0.5,1,P1_CV0,1,0,2,1,1
2,2536859.926,708059.4624,Age0_F2_m2f2_P2_Y0_UO177,R2_F2_m-1f-1_P2_Y-1_U63,R2_F2_m-1f-1_P2_Y-1_U38,MXY,0,31.052480193398516,0,0,0.0,0,0,0,0.0,0.5,1,P1_CV0,1,2,0,1,1
2,2536859.926,708059.4624,Age0_F2_m2f2_P2_Y0_UO178,R2_F2_m-1f-1_P2_Y-1_U63,R2_F2_m-1f-1_P2_Y-1_U38,FXX,0,31.052480193398516,0,0,0.0,0,0,0,0.0,0.5,1,P1_CV0,1,1,1,1,1
2,2536859.926,708059.4624,Age0_F2_m2f2_P2_Y0_UO179,R2_F2_m-1f-1_P2_Y-1_U63,R2_F2_m-1f-1_P2_Y-1_U38,MXY,0,31.052480193398516,0,0,0.0,0,0,0,0.0,0.5,1,P1_CV0,1,0,2,2,0
2,2536859.926,708059.4624,Age0_F2_m2f2_P2_Y0_UO180,R2_F2_m-1f-1_P2_Y-1_U63,R2_F2_m-1f-1_P2_Y-1_U38,FXX,0,31.052480193398516,0,0,0.0,0,0,0,0.0,0.5,1,P1_CV0,1,1,1,0,2
2,2536859.926,708059.4624,Age0_F2_m2f2_P2_Y0_UO181,R2_F2_m-1f-1_P2_Y-1_U63,R2_F2_m-1f-1_P2_Y-1_U38,MXY,0,31.052480193398516,0,0,0.0,0,0,0,0.0,0.5,1,P1_CV0,1,2,0,2,0
2,2536859.926,708059.4624,Age0_F2_m2f2_P2_Y0_UO182,R2_F2_m-1f-1_P2_Y-1_U63,R2_F2_m-1f-1_P2_Y-1_U38,MXY,0,31.052480193398516,0,0,0.0,0,0,0,0.0,0.5,1,P1_CV0,1,1,1,1,1
2,2536859.926,708059.4624,Age0_F2_m2f2_P2_Y0_UO183,R2_F2_m-1f-1_P2_Y-1_U63,R2_F2_m-1f-1_P2_Y-1_U38,MXY,0,31.052480193398516,0,0,0.0,0,0,0,0.0,0.5,1,P1_CV0,1,1,1,0,2
2,2536859.926,708059.4624,Age0_F2_m2f2_P2_Y0_UO184,R2_F2_m-1f-1_P2_Y-1_U63,R2_F2_m-1f-1_P2_Y-1_U38,MXY,0,31.052480193398516,0,0,0.0,0,0,0,0.0,0.5,1,P1_CV0,1,0,2,1,1
2,2536859.926,708059.4624,Age0_F2_m2f2_P2_Y0_UO197,R2_F2_m-1f-1_P2_Y-1_U63,R2_F2_m-1f-1_P2_Y-1_U1,FXX,0,31.052480193398516,0,0,0.0,0,0,0,0.0,0.75,1,P1_CV0,1,2,0,1,1
2,2536859.926,708059.4624,Age0_F2_m2f2_P2_Y0_UO198,R2_F2_m-1f-1_P2_Y-1_U63,R2_F2_m-1f-1_P2_Y-1_U1,MXY,0,31.052480193398516,0,0,0.0,0,0,0,0.0,0.75,1,P1_CV0,1,0,2,1,1
2,2536859.926,708059.4624,Age0_F2_m2f2_P2_Y0_UO199,R2_F2_m-1f-1_P2_Y-1_U63,R2_F2_m-1f-1_P2_Y-1_U1,MXY,0,31.052480193398516,0,0,0.0,0,0,0,0.0,0.75,1,P1_CV0,1,1,1,1,1
2,2536859.926,708059.4624,Age0_F2_m2f2_P2_Y0_UO200,R2_F2_m-1f-1_P2_Y-1_U63,R2_F2_m-1f-1_P2_Y-1_U1,MXY,0,31.052480193398516,0,0,0.0,0,0,0,0.0,0.75,1,P1_CV0,1,1,1,2,0
2,2536859.926,708059.4624,Age0_F2_m2f2_P2_Y0_UO201,R2_F2_m-1f-1_P2_Y-1_U63,R2_F2_m-1f-1_P2_Y-1_U1,FXX,0,31.052480193398516,0,0,0.0,0,0,0,0.0,0.75,1,P1_CV0,1,0,2,0,2
2,2536859.926,708059.4624,Age0_F2_m2f2_P2_Y0_UO202,R2_F2_m-1f-1_P2_Y-1_U63,R2_F2_m-1f-1_P2_Y-1_U1,MXY,0,31.052480193398516,0,0,0.0,0,0,0,0.0,0.75,1,P1_CV0,1,1,1,2,0
2,2536859.926,708059.4624,Age0_F2_m2f2_P2_Y0_UO203,R2_F2_m-1f-1_P2_Y-1_U63,R2_F2_m-1f-1_P2_Y-1_U1,MXY,0,31.052480193398516,0,0,0.0,0,0,0,0.0,0.75,1,P1_CV0,1,0,2,0,2
2,2536859.926,708059.4624,Age0_F2_m2f2_P2_Y0_UO204,R2_F2_m-1f-1_P2_Y-1_U63,R2_F2_m-1f-1_P2_Y-1_U1,FXX,0,31.052480193398516,0,0,0.0,0,0,0,0.0,0.75,1,P1_CV0,1,1,1,2,0
2,2536859.926,708059.4624,Age0_F2_m2f2_P2_Y0_UO205,R2_F2_m-1f-1_P2_Y-1_U63,R2_F2_m-1f-1_P2_Y-1_U1,MXY,0,31.052480193398516,0,0,0.0,0,0,0,0.0,0.75,1,P1_CV0,1,2,0,2,0
2,2536859.926,708059.4624,Age0_F2_m2f2_P2_Y0_UO239,R2_F2_m-1f-1_P2_Y-1_U86,R2_F2_m-1f-1_P2_Y-1_U79,FXX,0,31.052480193398516,0,0,0.0,0,0,0,0.0,1.0,1,P1_CV0,1,0,2,1,1
2,2536859.926,708059.4624,Age0_F2_m2f2_P2_Y0_UO240,R2_F2_m-1f-1_P2_Y-1_U86,R2_F2_m-1f-1_P2_Y-1_U79,MXY,0,31.052480193398516,0,0,0.0,0,0,0,0.0,1.0,1,P1_CV0,1,0,2,1,1
2,2536859.926,708059.4624,Age0_F2_m2f2_P2_Y0_UO241,R2_F2_m-1f-1_P2_Y-1_U86,R2_F2_m-1f-1_P2_Y-1_U79,MXY,0,31.052480193398516,0,0,0.0,0,0,0,0.0,1.0,1,P1_CV0,1,1,1,2,0
2,2536859.926,708059.4624,Age0_F2_m2f2_P2_Y0_UO242,R2_F2_m-1f-1_P2_Y-1_U86,R2_F2_m-1f-1_P2_Y-1_U79,FXX,0,31.052480193398516,0,0,0.0,0,0,0,0.0,1.0,1,P1_CV0,1,1,1,1,1
2,2536859.926,708059.4624,Age0_F2_m2f2_P2_Y0_UO243,R2_F2_m-1f-1_P2_Y-1_U86,R2_F2_m-1f-1_P2_Y-1_U79,FXX,0,31.052480193398516,0,0,0.0,0,0,0,0.0,1.0,1,P1_CV0,1,1,1,2,0
2,2536859.926,708059.4624,Age0_F2_m2f2_P2_Y0_UO244,R2_F2_m-1f-1_P2_Y-1_U86,R2_F2_m-1f-1_P2_Y-1_U79,MXY,0,31.052480193398516,0,0,0.0,0,0,0,0.0,1.0,1,P1_CV0,1,2,0,1,1
2,2536859.926,708059.4624,Age0_F2_m2f2_P2_Y0_UO257,R2_F2_m-1f-1_P2_Y-1_U76,R2_F2_m-1f-1_P2_Y-1_U90,MXY,0,31.052480193398516,0,0,0.0,0,0,0,0.0,0.75,1,P1_CV0,1,2,0,2,0
2,2536859.926,708059.4624,Age0_F2_m2f2_P2_Y0_UO258,R2_F2_m-1f-1_P2_Y-1_U76,R2_F2_m-1f-1_P2_Y-1_U90,FXX,0,31.052480193398516,0,0,0.0,0,0,0,0.0,0.75,1,P1_CV0,1,1,1,2,0
2,2536859.926,708059.4624,Age0_F2_m2f2_P2_Y0_UO259,R2_F2_m-1f-1_P2_Y-1_U76,R2_F2_m-1f-1_P2_Y-1_U90,MXY,0,31.052480193398516,0,0,0.0,0,0,0,0.0,0.75,1,P1_CV0,1,0,2,0,2
2,2536859.926,708059.4624,Age0_F2_m2f2_P2_Y0_UO260,R2_F2_m-1f-1_P2_Y-1_U76,R2_F2_m-1f-1_P2_Y-1_U90,MXY,0,31.052480193398516,0,0,0.0,0,0,0,0.0,0.75,1,P1_CV0,1,0,2,1,1
2,2536859.926,708059.4624,Age0_F2_m2f2_P2_Y0_UO382,R2_F2_m-1f-1_P2_Y-1_U119,R2_F2_m-1f-1_P2_Y-1_U117,FXX,0,31.052480193398516,0,0,0.0,0,0,0,0.0,0.25,1,P1_CV0,1,1,1,2,0
2,2536859.926,708059.4624,Age0_F2_m2f2_P2_Y0_UO383,R2_F2_m-1f-1_P2_Y-1_U119,R2_F2_m-1f-1_P2_Y-1_U117,MXY,0,31.052480193398516,0,0,0.0,0,0,0,0.0,0.25,1,P1_CV0,1,2,0,2,0
2,2536859.926,708059.4624,Age0_F2_m2f2_P2_Y0_UO384,R2_F2_m-1f-1_P2_Y-1_U119,R2_F2_m-1f-1_P2_Y-1_U117,FXX,0,31.052480193398516,0,0,0.0,0,0,0,0.0,0.25,1,P1_CV0,1,1,1,1,1
2,2536859.926,708059.4624,Age0_F2_m2f2_P2_Y0_UO385,R2_F2_m-1f-1_P2_Y-1_U119,R2_F2_m-1f-1_P2_Y-1_U117,FXX,0,31.052480193398516,0,0,0.0,0,0,0,0.0,0.25,1,P1_CV0,1,2,0,1,1
2,2536859.926,708059.4624,Age0_F2_m2f2_P2_Y0_UO386,R2_F2_m-1f-1_P2_Y-1_U119,R2_F2_m-1f-1_P2_Y-1_U117,MXY,0,31.052480193398516,0,0,0.0,0,0,0,0.0,0.25,1,P1_CV0,1,1,1,0,2
2,2536859.926,708059.4624,Age0_F2_m2f2_P2_Y0_UO387,R2_F2_m-1f-1_P2_Y-1_U119,R2_F2_m-1f-1_P2_Y-1_U117,MXY,0,31.052480193398516,0,0,0.0,0,0,0,0.0,0.25,1,P1_CV0,1,1,1,2,0
2,2536859.926,708059.4624,Age0_F2_m2f2_P2_Y0_UO388,R2_F2_m-1f-1_P2_Y-1_U119,R2_F2_m-1f-1_P2_Y-1_U117,MXY,0,31.052480193398516,0,0,0.0,0,0,0,0.0,0.25,1,P1_CV0,1,1,1,2,0
2,2536859.926,708059.4624,Age0_F2_m2f2_P2_Y0_UO389,R2_F2_m-1f-1_P2_Y-1_U119,R2_F2_m-1f-1_P2_Y-1_U117,FXX,0,31.052480193398516,0,0,0.0,0,0,0,0.0,0.25,1,P1_CV0,1,0,2,1,1
2,2536859.926,708059.4624,Age0_F2_m2f2_P2_Y0_UO390,R2_F2_m-1f-1_P2_Y-1_U119,R2_F2_m-1f-1_P2_Y-1_U117,FXX,0,31.052480193398516,0,0,0.0,0,0,0,0.0,0.25,1,P1_CV0,1,1,1,2,0
2,2536859.926,708059.4624,Age0_F2_m2f2_P2_Y0_UO391,R2_F2_m-1f-1_P2_Y-1_U119,R2_F2_m-1f-1_P2_Y-1_U117,FXX,0,31.052480193398516,0,0,0.0,0,0,0,0.0,0.25,1,P1_CV0,1,1,1,2,0
2,2536859.926,708059.4624,Age0_F2_m2f2_P2_Y0_UO424,R2_F2_m-1f-1_P2_Y-1_U85,R2_F2_m-1f-1_P2_Y-1_U47,MXY,0,31.052480193398516,0,0,0.0,0,0,0,0.0,0.5,1,P1_CV0,1,2,0,1,1
2,2536859.926,708059.4624,Age0_F2_m2f2_P2_Y0_UO425,R2_F2_m-1f-1_P2_Y-1_U85,R2_F2_m-1f-1_P2_Y-1_U47,FXX,0,31.052480193398516,0,0,0.0,0,0,0,0.0,0.5,1,P1_CV0,1,1,1,1,1
2,2536859.926,708059.4624,Age0_F2_m2f2_P2_Y0_UO426,R2_F2_m-1f-1_P2_Y-1_U85,R2_F2_m-1f-1_P2_Y-1_U47,MXY,0,31.052480193398516,0,0,0.0,0,0,0,0.0,0.5,1,P1_CV0,1,1,1,1,1
2,2536859.926,708059.4624,Age0_F2_m2f2_P2_Y0_UO427,R2_F2_m-1f-1_P2_Y-1_U85,R2_F2_m-1f-1_P2_Y-1_U47,FXX,0,31.052480193398516,0,0,0.0,0,0,0,0.0,0.5,1,P1_CV0,1,1,1,1,1
2,2536859.926,708059.4624,Age0_F2_m2f2_P2_Y0_UO428,R2_F2_m-1f-1_P2_Y-1_U85,R2_F2_m-1f-1_P2_Y-1_U47,MXY,0,31.052480193398516,0,0,0.0,0,0,0,0.0,0.5,1,P1_CV0,1,1,1,1,1
2,2536859.926,708059.4624,Age0_F2_m2f2_P2_Y0_UO429,R2_F2_m-1f-1_P2_Y-1_U85,R2_F2_m-1f-1_P2_Y-1_U47,FXX,0,31.052480193398516,0,0,0.0,0,0,0,0.0,0.5,1,P1_CV0,1,1,1,1,1
2,2536859.926,708059.4624,Age0_F2_m2f2_P2_Y0_UO445,R2_F2_m-1f-1_P2_Y-1_U112,R2_F2_m-1f-1_P2_Y-1_U72,MXY,0,31.052480193398516,0,0,0.0,0,0,0,0.0,0.5,1,P1_CV0,1,1,1,1,1
2,2536859.926,708059.4624,Age0_F2_m2f2_P2_Y0_UO446,R2_F2_m-1f-1_P2_Y-1_U112,R2_F2_m-1f-1_P2_Y-1_U72,MXY,0,31.052480193398516,0,0,0.0,0,0,0,0.0,0.5,1,P1_CV0,1,2,0,1,1
2,2536859.926,708059.4624,Age0_F2_m2f2_P2_Y0_UO461,R2_F2_m-1f-1_P2_Y-1_U63,R2_F2_m-1f-1_P2_Y-1_U110,FXX,0,31.052480193398516,0,0,0.0,0,0,0,0.0,0.75,1,P1_CV0,1,2,0,1,1
2,2536859.926,708059.4624,Age0_F2_m2f2_P2_Y0_UO462,R2_F2_m-1f-1_P2_Y-1_U63,R2_F2_m-1f-1_P2_Y-1_U110,FXX,0,31.052480193398516,0,0,0.0,0,0,0,0.0,0.75,1,P1_CV0,1,1,1,1,1
2,2536859.926,708059.4624,Age0_F2_m2f2_P2_Y0_UO463,R2_F2_m-1f-1_P2_Y-1_U63,R2_F2_m-1f-1_P2_Y-1_U110,MXY,0,31.052480193398516,0,0,0.0,0,0,0,0.0,0.75,1,P1_CV0,1,0,2,1,1
2,2536859.926,708059.4624,Age0_F2_m2f2_P2_Y0_UO464,R2_F2_m-1f-1_P2_Y-1_U63,R2_F2_m-1f-1_P2_Y-1_U110,MXY,0,31.052480193398516,0,0,0.0,0,0,0,0.0,0.75,1,P1_CV0,1,2,0,1,1
2,2536859.926,708059.4624,Age0_F2_m2f2_P2_Y0_UO465,R2_F2_m-1f-1_P2_Y-1_U63,R2_F2_m-1f-1_P2_Y-1_U110,FXX,0,31.052480193398516,0,0,0.0,0,0,0,0.0,0.75,1,P1_CV0,1,0,2,1,1
2,2536859.926,708059.4624,Age0_F2_m2f2_P2_Y0_UO466,R2_F2_m-1f-1_P2_Y-1_U63,R2_F2_m-1f-1_P2_Y-1_U110,MXY,0,31.052480193398516,0,0,0.0,0,0,0,0.0,0.75,1,P1_CV0,1,1,1,2,0
2,2536859.926,708059.4624,Age0_F2_m2f2_P2_Y0_UO467,R2_F2_m-1f-1_P2_Y-1_U63,R2_F2_m-1f-1_P2_Y-1_U110,MXY,0,31.052480193398516,0,0,0.0,0,0,0,0.0,0.75,1,P1_CV0,1,2,0,2,0
2,2536859.926,708059.4624,Age0_F2_m2f2_P2_Y0_UO468,R2_F2_m-1f-1_P2_Y-1_U63,R2_F2_m-1f-1_P2_Y-1_U110,MXY,0,31.052480193398516,0,0,0.0,0,0,0,0.0,0.75,1,P1_CV0,1,0,2,1,1
2,2536859.926,708059.4624,Age0_F2_m2f2_P2_Y0_UO469,R2_F2_m-1f-1_P2_Y-1_U63,R2_F2_m-1f-1_P2_Y-1_U110,FXX,0,31.052480193398516,0,0,0.0,0,0,0,0.0,0.75,1,P1_CV0,1,1,1,0,2
2,2536859.926,708059.4624,Age0_F2_m2f2_P2_Y0_UO470,R2_F2_m-1f-1_P2_Y-1_U63,R2_F2_m-1f-1_P2_Y-1_U110,MXY,0,31.052480193398516,0,0,0.0,0,0,0,0.0,0.75,1,P1_CV0,1,2,0,1,1
2,2536859.926,708059.4624,Age0_F2_m2f2_P2_Y0_UO471,R2_F2_m-1f-1_P2_Y-1_U63,R2_F2_m-1f-1_P2_Y-1_U110,MXY,0,31.052480193398516,0,0,0.0,0,0,0,0.0,0.75,1,P1_CV0,1,0,2,1,1
2,2536859.926,708059.4624,Age0_F2_m2f2_P2_Y0_UO502,R2_F2_m-1f-1_P2_Y-1_U83,R2_F2_m-1f-1_P2_Y-1_U57,FXX,0,31.052480193398516,0,0,0.0,0,0,0,0.0,0.75,1,P1_CV0,1,0,2,0,2
2,2536859.926,708059.4624,Age0_F2_m2f2_P2_Y0_UO503,R2_F2_m-1f-1_P2_Y-1_U83,R2_F2_m-1f-1_P2_Y-1_U57,FXX,0,31.052480193398516,0,0,0.0,0,0,0,0.0,0.75,1,P1_CV0,1,0,2,1,1
2,2536859.926,708059.4624,Age0_F2_m2f2_P2_Y0_UO504,R2_F2_m-1f-1_P2_Y-1_U83,R2_F2_m-1f-1_P2_Y-1_U57,MXY,0,31.052480193398516,0,0,0.0,0,0,0,0.0,0.75,1,P1_CV0,1,0,2,2,0
2,2536859.926,708059.4624,Age0_F2_m2f2_P2_Y0_UO505,R2_F2_m-1f-1_P2_Y-1_U83,R2_F2_m-1f-1_P2_Y-1_U57,FXX,0,31.052480193398516,0,0,0.0,0,0,0,0.0,0.75,1,P1_CV0,1,2,0,2,0
2,2536859.926,708059.4624,Age0_F2_m2f2_P2_Y0_UO506,R2_F2_m-1f-1_P2_Y-1_U83,R2_F2_m-1f-1_P2_Y-1_U57,FXX,0,31.052480193398516,0,0,0.0,0,0,0,0.0,0.75,1,P1_CV0,1,1,1,0,2
2,2536859.926,708059.4624,Age0_F2_m2f2_P2_Y0_UO519,R2_F2_m-1f-1_P2_Y-1_U85,R2_F2_m-1f-1_P2_Y-1_U72,FXX,0,31.052480193398516,0,0,0.0,0,0,0,0.0,0.5,1,P1_CV0,1,0,2,1,1
2,2536859.926,708059.4624,Age0_F2_m2f2_P2_Y0_UO520,R2_F2_m-1f-1_P2_Y-1_U85,R2_F2_m-1f-1_P2_Y-1_U72,FXX,0,31.052480193398516,0,0,0.0,0,0,0,0.0,0.5,1,P1_CV0,1,2,0,0,2
2,2536859.926,708059.4624,Age0_F2_m2f2_P2_Y0_UO521,R2_F2_m-1f-1_P2_Y-1_U85,R2_F2_m-1f-1_P2_Y-1_U72,FXX,0,31.052480193398516,0,0,0.0,0,0,0,0.0,0.5,1,P1_CV0,1,1,1,1,1
2,2536859.926,708059.4624,Age0_F2_m2f2_P2_Y0_UO522,R2_F2_m-1f-1_P2_Y-1_U85,R2_F2_m-1f-1_P2_Y-1_U72,FXX,0,31.052480193398516,0,0,0.0,0,0,0,0.0,0.5,1,P1_CV0,1,2,0,0,2
2,2536859.926,708059.4624,Age0_F2_m2f2_P2_Y0_UO523,R2_F2_m-1f-1_P2_Y-1_U85,R2_F2_m-1f-1_P2_Y-1_U72,FXX,0,31.052480193398516,0,0,0.0,0,0,0,0.0,0.5,1,P1_CV0,1,1,1,1,1
2,2536859.926,708059.4624,Age0_F2_m2f2_P2_Y0_UO524,R2_F2_m-1f-1_P2_Y-1_U19,R2_F2_m-1f-1_P2_Y-1_U66,FXX,0,31.052480193398516,0,0,0.0,0,0,0,0.0,1.0,1,P1_CV0,1,1,1,1,1
2,2536859.926,708059.4624,Age0_F2_m2f2_P2_Y0_UO525,R2_F2_m-1f-1_P2_Y-1_U19,R2_F2_m-1f-1_P2_Y-1_U66,MXY,0,31.052480193398516,0,0,0.0,0,0,0,0.0,1.0,1,P1_CV0,1,1,1,0,2
2,2536859.926,708059.4624,Age0_F2_m2f2_P2_Y0_UO526,R2_F2_m-1f-1_P2_Y-1_U19,R2_F2_m-1f-1_P2_Y-1_U66,MXY,0,31.052480193398516,0,0,0.0,0,0,0,0.0,1.0,1,P1_CV0,1,1,1,0,2
2,2536859.926,708059.4624,Age0_F2_m2f2_P2_Y0_UO527,R2_F2_m-1f-1_P2_Y-1_U19,R2_F2_m-1f-1_P2_Y-1_U66,MXY,0,31.052480193398516,0,0,0.0,0,0,0,0.0,1.0,1,P1_CV0,1,1,1,1,1
2,2536859.926,708059.4624,Age0_F2_m2f2_P2_Y0_UO552,R2_F2_m-1f-1_P2_Y-1_U53,R2_F2_m-1f-1_P2_Y-1_U37,FXX,0,31.052480193398516,0,0,0.0,0,0,0,0.0,0.5,1,P1_CV0,1,2,0,1,1
2,2536859.926,708059.4624,Age0_F2_m2f2_P2_Y0_UO553,R2_F2_m-1f-1_P2_Y-1_U53,R2_F2_m-1f-1_P2_Y-1_U37,FXX,0,31.052480193398516,0,0,0.0,0,0,0,0.0,0.5,1,P1_CV0,1,1,1,1,1
2,2536859.926,708059.4624,Age0_F2_m2f2_P2_Y0_UO554,R2_F2_m-1f-1_P2_Y-1_U53,R2_F2_m-1f-1_P2_Y-1_U37,MXY,0,31.052480193398516,0,0,0.0,0,0,0,0.0,0.5,1,P1_CV0,1,1,1,0,2
2,2536859.926,708059.4624,Age0_F2_m2f2_P2_Y0_UO555,R2_F2_m-1f-1_P2_Y-1_U53,R2_F2_m-1f-1_P2_Y-1_U37,MXY,0,31.052480193398516,0,0,0.0,0,0,0,0.0,0.5,1,P1_CV0,1,1,1,2,0
2,2536859.926,708059.4624,Age0_F2_m2f2_P2_Y0_UO556,R2_F2_m-1f-1_P2_Y-1_U53,R2_F2_m-1f-1_P2_Y-1_U37,FXX,0,31.052480193398516,0,0,0.0,0,0,0,0.0,0.5,1,P1_CV0,1,2,0,1,1
2,2536859.926,708059.4624,Age0_F2_m2f2_P2_Y0_UO557,R2_F2_m-1f-1_P2_Y-1_U53,R2_F2_m-1f-1_P2_Y-1_U37,FXX,0,31.052480193398516,0,0,0.0,0,0,0,0.0,0.5,1,P1_CV0,1,1,1,1,1
2,2536859.926,708059.4624,Age0_F2_m2f2_P2_Y0_UO558,R2_F2_m-1f-1_P2_Y-1_U53,R2_F2_m-1f-1_P2_Y-1_U37,FXX,0,31.052480193398516,0,0,0.0,0,0,0,0.0,0.5,1,P1_CV0,1,0,2,1,1
2,2536859.926,708059.4624,Age0_F2_m2f2_P2_Y0_UO651,R2_F2_m-1f-1_P2_Y-1_U35,R2_F2_m-1f-1_P2_Y-1_U52,FXX,0,31.052480193398516,0,0,0.0,0,0,0,0.0,0.75,1,P1_CV0,1,1,1,1,1
2,2536859.926,708059.4624,Age0_F2_m2f2_P2_Y0_UO652,R2_F2_m-1f-1_P2_Y-1_U35,R2_F2_m-1f-1_P2_Y-1_U52,FXX,0,31.052480193398516,0,0,0.0,0,0,0,0.0,0.75,1,P1_CV0,1,0,2,2,0
2,2536859.926,708059.4624,Age0_F2_m2f2_P2_Y0_UO653,R2_F2_m-1f-1_P2_Y-1_U35,R2_F2_m-1f-1_P2_Y-1_U52,MXY,0,31.052480193398516,0,0,0.0,0,0,0,0.0,0.75,1,P1_CV0,1,2,0,2,0
2,2536859.926,708059.4624,Age0_F2_m2f2_P2_Y0_UO654,R2_F2_m-1f-1_P2_Y-1_U35,R2_F2_m-1f-1_P2_Y-1_U52,FXX,0,31.052480193398516,0,0,0.0,0,0,0,0.0,0.75,1,P1_CV0,1,2,0,2,0
2,2536859.926,708059.4624,Age0_F2_m2f2_P2_Y0_UO655,R2_F2_m-1f-1_P2_Y-1_U35,R2_F2_m-1f-1_P2_Y-1_U52,FXX,0,31.052480193398516,0,0,0.0,0,0,0,0.0,0.75,1,P1_CV0,1,1,1,0,2
2,2536859.926,708059.4624,Age0_F2_m2f2_P2_Y0_UO696,R2_F2_m-1f-1_P2_Y-1_U3,R2_F2_m-1f-1_P2_Y-1_U15,MXY,0,31.052480193398516,0,0,0.0,0,0,0,0.0,0.25,1,P1_CV0,1,0,2,1,1
2,2536859.926,708059.4624,Age0_F2_m2f2_P2_Y0_UO697,R2_F2_m-1f-1_P2_Y-1_U3,R2_F2_m-1f-1_P2_Y-1_U15,MXY,0,31.052480193398516,0,0,0.0,0,0,0,0.0,0.25,1,P1_CV0,1,1,1,1,1
2,2536859.926,708059.4624,Age0_F2_m2f2_P2_Y0_UO698,R2_F2_m-1f-1_P2_Y-1_U3,R2_F2_m-1f-1_P2_Y-1_U15,MXY,0,31.052480193398516,0,0,0.0,0,0,0,0.0,0.25,1,P1_CV0,1,2,0,0,2
2,2536859.926,708059.4624,Age0_F2_m2f2_P2_Y0_UO699,R2_F2_m-1f-1_P2_Y-1_U3,R2_F2_m-1f-1_P2_Y-1_U15,MXY,0,31.052480193398516,0,0,0.0,0,0,0,0.0,0.25,1,P1_CV0,1,2,0,2,0
2,2536859.926,708059.4624,Age0_F2_m2f2_P2_Y0_UO700,R2_F2_m-1f-1_P2_Y-1_U3,R2_F2_m-1f-1_P2_Y-1_U15,FXX,0,31.052480193398516,0,0,0.0,0,0,0,0.0,0.25,1,P1_CV0,1,0,2,1,1
2,2536859.926,708059.4624,Age0_F2_m2f2_P2_Y0_UO701,R2_F2_m-1f-1_P2_Y-1_U3,R2_F2_m-1f-1_P2_Y-1_U15,FXX,0,31.052480193398516,0,0,0.0,0,0,0,0.0,0.25,1,P1_CV0,1,0,2,2,0
2,2536859.926,708059.4624,R2_F2_m-1f-1_P2_Y-1_U0,-9999,-9999,FXX,1,31.641140460233416,1,1,1.272,0,0,0,-9999.0,0.0,1,P1_CV0,1,0,2,1,1
2,2536859.926,708059.4624,R2_F2_m-1f-1_P2_Y-1_U2,-9999,-9999,FXX,1,31.641140460233416,1,1,1.803,0,0,0,-9999.0,0.5,1,P1_CV0,1,1,1,2,0
2,2536859.926,708059.4624,R2_F2_m-1f-1_P2_Y-1_U4,-9999,-9999,FXX,1,31.641140460233416,1,1,0.0,0,0,0,-9999.0,0.5,1,P1_CV0,1,1,1,1,1
2,2536859.926,708059.4624,R2_F2_m-1f-1_P2_Y-1_U5,-9999,-9999,MXY,1,31.641140460233416,1,1,0.0,0,0,0,-9999.0,0.0,1,P1_CV0,1,0,2,1,1
2,2536859.926,708059.4624,R2_F2_m-1f-1_P2_Y-1_U6,-9999,-9999,FXX,1,31.641140460233416,1,1,1.0,0,0,0,-9999.0,0.5,1,P1_CV0,1,1,1,1,1
2,2536859.926,708059.4624,R2_F2_m-1f-1_P2_Y-1_U7,-9999,-9999,FXX,1,31.641140460233416,1,1,1.0,0,0,0,-9999.0,0.5,1,P1_CV0,1,1,1,1,1
2,2536859.926,708059.4624,R2_F2_m-1f-1_P2_Y-1_U8,-9999,-9999,FXX,1,31.641140460233416,1,1,1.923,0,0,0,-9999.0,0.0,1,P1_CV0,1,0,2,1,1
2,2536859.926,708059.4624,R2_F2_m-1f-1_P2_Y-1_U9,-9999,-9999,MXY,1,31.641140460233416,1,1,0.0,0,0,0,-9999.0,0.5,1,P1_CV0,1,1,1,0,2
2,2536859.926,708059.4624,R2_F2_m-1f-1_P2_Y-1_U11,-9999,-9999,FXX,1,31.641140460233416,1,1,1.398,0,0,0,-9999.0,0.5,1,P1_CV0,1,1,1,2,0
2,2536859.926,708059.4624,R2_F2_m-1f-1_P2_Y-1_U12,-9999,-9999,MXY,1,31.641140460233416,1,1,0.0,0,0,0,-9999.0,1.0,1,P1_CV0,1,2,0,0,2
2,2536859.926,708059.4624,R2_F2_m-1f-1_P2_Y-1_U13,-9999,-9999,FXX,1,31.641140460233416,1,1,1.0,0,0,0,-9999.0,0.5,1,P1_CV0,1,1,1,1,1
2,2536859.926,708059.4624,R2_F2_m-1f-1_P2_Y-1_U14,-9999,-9999,FXX,1,31.641140460233416,1,1,1.303,0,0,0,-9999.0,0.0,1,P1_CV0,1,0,2,1,1
2,2536859.926,708059.4624,R2_F2_m-1f-1_P2_Y-1_U17,-9999,-9999,FXX,1,31.641140460233416,1,1,1.012,0,0,0,-9999.0,0.0,1,P1_CV0,1,0,2,1,1
2,2536859.926,708059.4624,R2_F2_m-1f-1_P2_Y-1_U18,-9999,-9999,FXX,1,31.641140460233416,1,1,1.0,0,0,0,-9999.0,1.0,1,P1_CV0,1,2,0,2,0
2,2536859.926,708059.4624,R2_F2_m-1f-1_P2_Y-1_U20,-9999,-9999,FXX,1,31.641140460233416,1,1,0.0,0,0,0,-9999.0,0.0,1,P1_CV0,1,0,2,1,1
2,2536859.926,708059.4624,R2_F2_m-1f-1_P2_Y-1_U21,-9999,-9999,MXY,1,31.641140460233416,1,1,0.0,0,0,0,-9999.0,0.5,1,P1_CV0,1,1,1,2,0
2,2536859.926,708059.4624,R2_F2_m-1f-1_P2_Y-1_U22,-9999,-9999,FXX,1,31.641140460233416,1,1,3.127,0,0,0,-9999.0,0.0,1,P1_CV0,1,0,2,0,2
2,2536859.926,708059.4624,R2_F2_m-1f-1_P2_Y-1_U23,-9999,-9999,FXX,1,31.641140460233416,1,1,1.223,0,0,0,-9999.0,0.0,1,P1_CV0,1,0,2,1,1
2,2536859.926,708059.4624,R2_F2_m-1f-1_P2_Y-1_U24,-9999,-9999,MXY,1,31.641140460233416,1,1,0.0,0,0,0,-9999.0,0.0,1,P1_CV0,1,0,2,1,1
2,2536859.926,708059.4624,R2_F2_m-1f-1_P2_Y-1_U26,-9999,-9999,MXY,1,31.641140460233416,1,1,0.0,0,0,0,-9999.0,1.0,1,P1_CV0,1,2,0,1,1
2,2536859.926,708059.4624,R2_F2_m-1f-1_P2_Y-1_U27,-9999,-9999,FXX,1,31.641140460233416,1,1,1.0,0,0,0,-9999.0,0.5,1,P1_CV0,1,1,1,1,1
2,2536859.926,708059.4624,R2_F2_m-1f-1_P2_Y-1_U29,-9999,-9999,FXX,1,31.641140460233416,1,1,1.353,0,0,0,-9999.0,0.0,1,P1_CV0,1,0,2,1,1
2,2536859.926,708059.4624,R2_F2_m-1f-1_P2_Y-1_U32,-9999,-9999,FXX,1,31.641140460233416,1,1,1.278,0,0,0,-9999.0,1.0,1,P1_CV0,1,2,0,2,0
2,2536859.926,708059.4624,R2_F2_m-1f-1_P2_Y-1_U33,-9999,-9999,MXY,1,31.641140460233416,1,1,0.0,0,0,0,-9999.0,0.5,1,P1_CV0,1,1,1,1,1
2,2536859.926,708059.4624,R2_F2_m-1f-1_P2_Y-1_U34,-9999,-9999,FXX,1,31.641140460233416,1,1,0.0,0,0,0,-9999.0,1.0,1,P1_CV0,1,2,0,0,2
2,2536859.926,708059.4624,R2_F2_m-1f-1_P2_Y-1_U36,-9999,-9999,FXX,1,31.641140460233416,1,1,2.826,0,0,0,-9999.0,0.5,1,P1_CV0,1,1,1,2,0
2,2536859.926,708059.4624,R2_F2_m-1f-1_P2_Y-1_U39,-9999,-9999,MXY,1,31.641140460233416,1,1,0.0,0,0,0,-9999.0,1.0,1,P1_CV0,1,2,0,2,0
2,2536859.926,708059.4624,R2_F2_m-1f-1_P2_Y-1_U40,-9999,-9999,FXX,1,31.641140460233416,1,1,1.257,0,0,0,-9999.0,0.0,1,P1_CV0,1,0,2,1,1
2,2536859.926,708059.4624,R2_F2_m-1f-1_P2_Y-1_U44,-9999,-9999,FXX,1,31.641140460233416,1,1,0.0,0,0,0,-9999.0,0.0,1,P1_CV0,1,0,2,1,1
2,2536859.926,708059.4624,R2_F2_m-1f-1_P2_Y-1_U45,-9999,-9999,FXX,1,31.641140460233416,1,1,1.556,0,0,0,-9999.0,0.5,1,P1_CV0,1,1,1,2,0
2,2536859.926,708059.4624,R2_F2_m-1f-1_P2_Y-1_U49,-9999,-9999,FXX,1,31.641140460233416,1,1,1.578,0,0,0,-9999.0,1.0,1,P1_CV0,1,2,0,1,1
2,2536859.926,708059.4624,R2_F2_m-1f-1_P2_Y-1_U50,-9999,-9999,MXY,1,31.641140460233416,1,1,0.0,0,0,0,-9999.0,0.0,1,P1_CV0,1,0,2,1,1
2,2536859.926,708059.4624,R2_F2_m-1f-1_P2_Y-1_U51,-9999,-9999,MXY,1,31.641140460233416,1,1,0.0,0,0,0,-9999.0,1.0,1,P1_CV0,1,2,0,2,0
2,2536859.926,708059.4624,R2_F2_m-1f-1_P2_Y-1_U56,-9999,-9999,MXY,1,31.641140460233416,1,1,0.0,0,0,0,-9999.0,0.0,1,P1_CV0,1,0,2,0,2
2,2536859.926,708059.4624,R2_F2_m-1f-1_P2_Y-1_U58,-9999,-9999,MXY,1,31.641140460233416,1,1,0.0,0,0,0,-9999.0,0.5,1,P1_CV0,1,1,1,1,1
2,2536859.926,708059.4624,R2_F2_m-1f-1_P2_Y-1_U60,-9999,-9999,FXX,1,31.641140460233416,1,1,1.0,0,0,0,-9999.0,0.5,1,P1_CV0,1,1,1,1,1
2,2536859.926,708059.4624,R2_F2_m-1f-1_P2_Y-1_U61,-9999,-9999,FXX,1,31.641140460233416,1,1,1.244,0,0,0,-9999.0,0.0,1,P1_CV0,1,0,2,2,0
2,2536859.926,708059.4624,R2_F2_m-1f-1_P2_Y-1_U62,-9999,-9999,FXX,1,31.641140460233416,1,1,0.0,0,0,0,-9999.0,0.5,1,P1_CV0,1,1,1,1,1
2,2536859.926,708059.4624,R2_F2_m-1f-1_P2_Y-1_U64,-9999,-9999,FXX,1,31.641140460233416,1,1,0.0,0,0,0,-9999.0,0.5,1,P1_CV0,1,1,1,1,1
2,2536859.926,708059.4624,R2_F2_m-1f-1_P2_Y-1_U65,-9999,-9999,MXY,1,31.641140460233416,1,1,0.0,0,0,0,-9999.0,0.5,1,P1_CV0,1,1,1,1,1
2,2536859.926,708059.4624,R2_F2_m-1f-1_P2_Y-1_U67,-9999,-9999,FXX,1,31.641140460233416,1,1,1.0,0,0,0,-9999.0,0.0,1,P1_CV0,1,0,2,2,0
2,2536859.926,708059.4624,R2_F2_m-1f-1_P2_Y-1_U68,-9999,-9999,MXY,1,31.641140460233416,1,1,0.0,0,0,0,-9999.0,0.5,1,P1_CV0,1,1,1,0,2
2,2536859.926,708059.4624,R2_F2_m-1f-1_P2_Y-1_U70,-9999,-9999,MXY,1,31.641140460233416,1,1,0.0,0,0,0,-9999.0,0.5,1,P1_CV0,1,1,1,1,1
2,2536859.926,708059.4624,R2_F2_m-1f-1_P2_Y-1_U74,-9999,-9999,MXY,1,31.641140460233416,1,1,0.0,0,0,0,-9999.0,1.0,1,P1_CV0,1,2,0,1,1
2,2536859.926,708059.4624,R2_F2_m-1f-1_P2_Y-1_U75,-9999,-9999,FXX,1,31.641140460233416,1,1,1.0,0,0,0,-9999.0,0.5,1,P1_CV0,1,1,1,1,1
2,2536859.926,708059.4624,R2_F2_m-1f-1_P2_Y-1_U77,-9999,-9999,MXY,1,31.641140460233416,1,1,0.0,0,0,0,-9999.0,0.5,1,P1_CV0,1,1,1,0,2
2,2536859.926,708059.4624,R2_F2_m-1f-1_P2_Y-1_U78,-9999,-9999,FXX,1,31.641140460233416,1,1,2.416,0,0,0,-9999.0,1.0,1,P1_CV0,1,2,0,1,1
2,2536859.926,708059.4624,R2_F2_m-1f-1_P2_Y-1_U81,-9999,-9999,FXX,1,31.641140460233416,1,1,0.0,0,0,0,-9999.0,0.5,1,P1_CV0,1,1,1,2,0
2,2536859.926,708059.4624,R2_F2_m-1f-1_P2_Y-1_U84,-9999,-9999,FXX,1,31.641140460233416,1,1,2.791,0,0,0,-9999.0,1.0,1,P1_CV0,1,2,0,1,1
2,2536859.926,708059.4624,R2_F2_m-1f-1_P2_Y-1_U87,-9999,-9999,MXY,1,31.641140460233416,1,1,0.0,0,0,0,-9999.0,1.0,1,P1_CV0,1,2,0,2,0
2,2536859.926,708059.4624,R2_F2_m-1f-1_P2_Y-1_U88,-9999,-9999,FXX,1,31.641140460233416,1,1,1.075,0,0,0,-9999.0,0.5,1,P1_CV0,1,1,1,1,1
2,2536859.926,708059.4624,R2_F2_m-1f-1_P2_Y-1_U91,-9999,-9999,FXX,1,31.641140460233416,1,1,2.748,0,0,0,-9999.0,0.5,1,P1_CV0,1,1,1,1,1
2,2536859.926,708059.4624,R2_F2_m-1f-1_P2_Y-1_U93,-9999,-9999,FXX,1,31.641140460233416,1,1,1.082,0,0,0,-9999.0,0.5,1,P1_CV0,1,1,1,0,2
2,2536859.926,708059.4624,R2_F2_m-1f-1_P2_Y-1_U94,-9999,-9999,FXX,1,31.641140460233416,1,1,1.329,0,0,0,-9999.0,1.0,1,P1_CV0,1,2,0,1,1
2,2536859.926,708059.4624,R2_F2_m-1f-1_P2_Y-1_U95,-9999,-9999,FXX,1,31.641140460233416,1,1,1.165,0,0,0,-9999.0,0.0,1,P1_CV0,1,0,2,1,1
2,2536859.926,708059.4624,R2_F2_m-1f-1_P2_Y-1_U98,-9999,-9999,FXX,1,31.641140460233416,1,1,0.0,0,0,0,-9999.0,0.0,1,P1_CV0,1,0,2,2,0
2,2536859.926,708059.4624,R2_F2_m-1f-1_P2_Y-1_U100,-9999,-9999,MXY,1,31.641140460233416,1,1,0.0,0,0,0,-9999.0,0.0,1,P1_CV0,1,0,2,2,0
2,2536859.926,708059.4624,R2_F2_m-1f-1_P2_Y-1_U101,-9999,-9999,MXY,1,31.641140460233416,1,1,0.0,0,0,0,-9999.0,0.5,1,P1_CV0,1,1,1,1,1
2,2536859.926,708059.4624,R2_F2_m-1f-1_P2_Y-1_U102,-9999,-9999,FXX,1,31.641140460233416,1,1,0.0,0,0,0,-9999.0,1.0,1,P1_CV0,1,2,0,1,1
2,2536859.926,708059.4624,R2_F2_m-1f-1_P2_Y-1_U104,-9999,-9999,FXX,1,31.641140460233416,1,1,1.143,0,0,0,-9999.0,0.5,1,P1_CV0,1,1,1,2,0
2,2536859.926,708059.4624,R2_F2_m-1f-1_P2_Y-1_U105,-9999,-9999,FXX,1,31.641140460233416,1,1,2.447,0,0,0,-9999.0,0.0,1,P1_CV0,1,0,2,1,1
2,2536859.926,708059.4624,R2_F2_m-1f-1_P2_Y-1_U106,-9999,-9999,MXY,1,31.641140460233416,1,1,0.0,0,0,0,-9999.0,1.0,1,P1_CV0,1,2,0,1,1
2,2536859.926,708059.4624,R2_F2_m-1f-1_P2_Y-1_U107,-9999,-9999,FXX,1,31.641140460233416,1,1,0.0,0,0,0,-9999.0,0.5,1,P1_CV0,1,1,1,2,0
2,2536859.926,708059.4624,R2_F2_m-1f-1_P2_Y-1_U108,-9999,-9999,FXX,1,31.641140460233416,1,1,1.803,0,0,0,-9999.0,0.5,1,P1_CV0,1,1,1,1,1
2,2536859.926,708059.4624,R2_F2_m-1f-1_P2_Y-1_U111,-9999,-9999,FXX,1,31.641140460233416,1,1,1.61,0,0,0,-9999.0,0.5,1,P1_CV0,1,1,1,0,2
2,2536859.926,708059.4624,R2_F2_m-1f-1_P2_Y-1_U113,-9999,-9999,FXX,1,31.641140460233416,1,1,1.008,0,0,0,-9999.0,0.0,1,P1_CV0,1,0,2,2,0
2,2536859.926,708059.4624,R2_F2_m-1f-1_P2_Y-1_U114,-9999,-9999,MXY,1,31.641140460233416,1,1,0.0,0,0,0,-9999.0,0.0,1,P1_CV0,1,0,2,0,2
2,2536859.926,708059.4624,R2_F2_m-1f-1_P2_Y-1_U115,-9999,-9999,MXY,1,31.641140460233416,1,1,0.0,0,0,0,-9999.0,0.5,1,P1_CV0,1,1,1,0,2
2,2536859.926,708059.4624,R2_F2_m-1f-1_P2_Y-1_U118,-9999,-9999,FXX,1,31.641140460233416,1,1,1.316,0,0,0,-9999.0,0.0,1,P1_CV0,1,0,2,2,0
2,2536859.926,708059.4624,R2_F2_m-1f-1_P2_Y-1_U120,-9999,-9999,MXY,1,31.641140460233416,1,1,0.0,0,0,0,-9999.0,1.0,1,P1_CV0,1,2,0,1,1
2,2536859.926,708059.4624,R2_F2_m-1f-1_P2_Y-1_U121,-9999,-9999,MXY,1,31.641140460233416,1,1,0.0,0,0,0,-9999.0,0.5,1,P1_CV0,1,1,1,1,1
2,2536859.926,708059.4624,R2_F2_m-1f-1_P2_Y-1_U122,-9999,-9999,FXX,1,31.641140460233416,1,1,1.841,0,0,0,-9999.0,1.0,1,P1_CV0,1,2,0,0,2
2,2536859.926,708059.4624,R2_F2_m-1f-1_P2_Y-1_U123,-9999,-9999,FXX,1,31.641140460233416,1,1,1.023,0,0,0,-9999.0,0.0,1,P1_CV0,1,0,2,1,1
2,2536859.926,708059.4624,R2_F2_m-1f-1_P2_Y-1_U124,-9999,-9999,MXY,1,31.641140460233416,1,1,0.0,0,0,0,-9999.0,0.5,1,P1_CV0,1,1,1,2,0
2,2536859.926,708059.4624,R2_F2_m-1f-1_P2_Y-1_U125,-9999,-9999,FXX,1,31.641140460233416,1,1,0.0,0,0,0,-9999.0,1.0,1,P1_CV0,1,2,0,0,2
2,2536859.926,708059.4624,R2_F2_m-1f-1_P2_Y-1_U126,-9999,-9999,FXX,1,31.641140460233416,1,1,0.0,0,0,0,-9999.0,0.0,1,P1_CV0,1,0,2,1,1
2,2536859.926,708059.4624,R2_F2_m-1f-1_P2_Y-1_U127,-9999,-9999,MXY,1,31.641140460233416,1,1,0.0,0,0,0,-9999.0,1.0,1,P1_CV0,1,2,0,1,1
2,2536859.926,708059.4624,R2_F2_m-1f-1_P2_Y-1_U3,-9999,-9999,FXX,2,59.48307125259339,1,0,0.0,0,0,0,-9999.0,0.0,1,P1_CV0,1,0,2,0,2
2,2536859.926,708059.4624,R2_F2_m-1f-1_P2_Y-1_U15,-9999,-9999,MXY,2,42.35307125259339,1,0,0.0,0,0,0,-9999.0,0.5,1,P1_CV0,1,1,1,1,1
2,2536859.926,708059.4624,R2_F2_m-1f-1_P2_Y-1_U16,-9999,-9999,MXY,2,53.43807125259339,1,0,0.0,0,0,0,-9999.0,0.5,1,P1_CV0,1,1,1,1,1
2,2536859.926,708059.4624,R2_F2_m-1f-1_P2_Y-1_U19,-9999,-9999,FXX,2,54.91707125259339,1,0,0.0,0,0,0,-9999.0,1.0,1,P1_CV0,1,2,0,0,2
2,2536859.926,708059.4624,R2_F2_m-1f-1_P2_Y-1_U25,-9999,-9999,FXX,2,51.089071252593385,1,0,1.159,0,0,0,-9999.0,0.0,1,P1_CV0,1,0,2,1,1
2,2536859.926,708059.4624,R2_F2_m-1f-1_P2_Y-1_U28,-9999,-9999,FXX,2,45.38907125259339,1,0,0.0,0,0,0,-9999.0,0.5,1,P1_CV0,1,1,1,2,0
2,2536859.926,708059.4624,R2_F2_m-1f-1_P2_Y-1_U30,-9999,-9999,MXY,2,58.01307125259339,1,0,0.0,0,0,0,-9999.0,0.5,1,P1_CV0,1,1,1,1,1
2,2536859.926,708059.4624,R2_F2_m-1f-1_P2_Y-1_U41,-9999,-9999,MXY,2,50.671071252593386,1,0,0.0,0,0,0,-9999.0,1.0,1,P1_CV0,1,2,0,1,1
2,2536859.926,708059.4624,R2_F2_m-1f-1_P2_Y-1_U47,-9999,-9999,MXY,2,50.44307125259339,1,0,0.0,0,0,0,-9999.0,0.0,1,P1_CV0,1,0,2,0,2
2,2536859.926,708059.4624,R2_F2_m-1f-1_P2_Y-1_U48,-9999,-9999,MXY,2,53.17807125259339,1,0,0.0,0,0,0,-9999.0,0.5,1,P1_CV0,1,1,1,1,1
2,2536859.926,708059.4624,R2_F2_m-1f-1_P2_Y-1_U52,-9999,-9999,MXY,2,48.534071252593385,1,0,0.0,0,0,0,-9999.0,1.0,1,P1_CV0,1,2,0,2,0
2,2536859.926,708059.4624,R2_F2_m-1f-1_P2_Y-1_U53,-9999,-9999,FXX,2,56.17507125259339,1,0,2.391,0,0,0,-9999.0,0.5,1,P1_CV0,1,1,1,1,1
2,2536859.926,708059.4624,R2_F2_m-1f-1_P2_Y-1_U57,-9999,-9999,MXY,2,52.39507125259339,1,0,0.0,0,0,0,-9999.0,0.5,1,P1_CV0,1,1,1,2,0
2,2536859.926,708059.4624,R2_F2_m-1f-1_P2_Y-1_U59,-9999,-9999,FXX,2,69.1810712525934,1,0,2.882,0,0,0,-9999.0,0.5,1,P1_CV0,1,1,1,2,0
2,2536859.926,708059.4624,R2_F2_m-1f-1_P2_Y-1_U66,-9999,-9999,MXY,2,53.62107125259339,1,0,0.0,0,0,0,-9999.0,1.0,1,P1_CV0,1,2,0,2,0
2,2536859.926,708059.4624,R2_F2_m-1f-1_P2_Y-1_U69,-9999,-9999,MXY,2,51.64607125259339,1,0,0.0,0,0,0,-9999.0,0.5,1,P1_CV0,1,1,1,2,0
2,2536859.926,708059.4624,R2_F2_m-1f-1_P2_Y-1_U71,-9999,-9999,MXY,2,55.598071252593385,1,0,0.0,0,0,0,-9999.0,0.0,1,P1_CV0,1,0,2,0,2
2,2536859.926,708059.4624,R2_F2_m-1f-1_P2_Y-1_U76,-9999,-9999,FXX,2,53.83807125259339,1,0,0.0,0,0,0,-9999.0,0.5,1,P1_CV0,1,1,1,2,0
2,2536859.926,708059.4624,R2_F2_m-1f-1_P2_Y-1_U82,-9999,-9999,FXX,2,57.18107125259339,1,0,0.0,0,0,0,-9999.0,0.5,1,P1_CV0,1,1,1,1,1
2,2536859.926,708059.4624,R2_F2_m-1f-1_P2_Y-1_U83,-9999,-9999,FXX,2,56.44507125259339,1,0,1.69,0,0,0,-9999.0,1.0,1,P1_CV0,1,2,0,1,1
2,2536859.926,708059.4624,R2_F2_m-1f-1_P2_Y-1_U85,-9999,-9999,FXX,2,60.275071252593385,1,0,0.0,0,0,0,-9999.0,1.0,1,P1_CV0,1,2,0,0,2
2,2536859.926,708059.4624,R2_F2_m-1f-1_P2_Y-1_U89,-9999,-9999,FXX,2,44.83207125259339,1,0,0.0,0,0,0,-9999.0,0.5,1,P1_CV0,1,1,1,0,2
2,2536859.926,708059.4624,R2_F2_m-1f-1_P2_Y-1_U90,-9999,-9999,MXY,2,53.96207125259339,1,0,0.0,0,0,0,-9999.0,1.0,1,P1_CV0,1,2,0,0,2
2,2536859.926,708059.4624,R2_F2_m-1f-1_P2_Y-1_U92,-9999,-9999,MXY,2,68.5200712525934,1,0,0.0,0,0,0,-9999.0,0.0,1,P1_CV0,1,0,2,1,1
2,2536859.926,708059.4624,R2_F2_m-1f-1_P2_Y-1_U96,-9999,-9999,MXY,2,55.67507125259339,1,0,0.0,0,0,0,-9999.0,0.5,1,P1_CV0,1,1,1,1,1
2,2536859.926,708059.4624,R2_F2_m-1f-1_P2_Y-1_U97,-9999,-9999,FXX,2,53.99907125259339,1,0,2.782,0,0,0,-9999.0,0.5,1,P1_CV0,1,1,1,0,2
2,2536859.926,708059.4624,R2_F2_m-1f-1_P2_Y-1_U103,-9999,-9999,MXY,2,54.15807125259339,1,0,0.0,0,0,0,-9999.0,1.0,1,P1_CV0,1,2,0,1,1
2,2536859.926,708059.4624,R2_F2_m-1f-1_P2_Y-1_U112,-9999,-9999,FXX,2,54.229071252593386,1,0,1.289,0,0,0,-9999.0,1.0,1,P1_CV0,1,2,0,1,1
2,2536859.926,708059.4624,R2_F2_m-1f-1_P2_Y-1_U117,-9999,-9999,MXY,2,49.549071252593386,1,0,0.0,0,0,0,-9999.0,0.5,1,P1_CV0,1,1,1,0,2
2,2536859.926,708059.4624,R2_F2_m-1f-1_P2_Y-1_U35,-9999,-9999,FXX,3,92.66563782666658,1,0,1.718,0,0,0,-9999.0,0.5,1,P1_CV0,1,1,1,2,0
2,2536859.926,708059.4624,R2_F2_m-1f-1_P2_Y-1_U38,-9999,-9999,MXY,3,92.66563782666658,1,0,0.0,0,0,0,-9999.0,0.5,1,P1_CV0,1,1,1,1,1
2,2536859.926,708059.4624,R2_F2_m-1f-1_P2_Y-1_U46,-9999,-9999,MXY,3,92.66563782666658,1,0,0.0,0,0,0,-9999.0,0.0,1,P1_CV0,1,0,2,2,0
2,2536859.926,708059.4624,R2_F2_m-1f-1_P2_Y-1_U54,-9999,-9999,FXX,3,92.66563782666658,1,0,1.005,0,0,0,-9999.0,0.5,1,P1_CV0,1,1,1,2,0
2,2536859.926,708059.4624,R2_F2_m-1f-1_P2_Y-1_U73,-9999,-9999,FXX,3,92.66563782666658,1,0,1.23,0,0,0,-9999.0,0.5,1,P1_CV0,1,1,1,1,1
2,2536859.926,708059.4624,R2_F2_m-1f-1_P2_Y-1_U79,-9999,-9999,MXY,3,92.66563782666658,1,0,0.0,0,0,0,-9999.0,1.0,1,P1_CV0,1,2,0,1,1
2,2536859.926,708059.4624,R2_F2_m-1f-1_P2_Y-1_U80,-9999,-9999,MXY,3,92.66563782666658,1,0,0.0,0,0,0,-9999.0,0.5,1,P1_CV0,1,1,1,1,1
2,2536859.926,708059.4624,R2_F2_m-1f-1_P2_Y-1_U86,-9999,-9999,FXX,3,92.66563782666658,1,0,0.0,0,0,0,-9999.0,1.0,1,P1_CV0,1,2,0,1,1
2,2536859.926,708059.4624,R2_F2_m-1f-1_P2_Y-1_U110,-9999,-9999,MXY,3,92.66563782666658,1,0,0.0,0,0,0,-9999.0,1.0,1,P1_CV0,1,2,0,1,1
2,2536859.926,708059.4624,R2_F2_m-1f-1_P2_Y-1_U31,-9999,-9999,FXX,4,120.16957389624814,1,0,1.685,0,0,0,-9999.0,0.5,1,P1_CV0,1,1,1,0,2
2,2536859.926,708059.4624,R2_F2_m-1f-1_P2_Y-1_U37,-9999,-9999,MXY,4,130.21557389624812,1,0,0.0,0,0,0,-9999.0,0.5,1,P1_CV0,1,1,1,1,1
2,2536859.926,708059.4624,R2_F2_m-1f-1_P2_Y-1_U42,-9999,-9999,MXY,4,134.0595738962481,1,0,0.0,0,0,0,-9999.0,0.5,1,P1_CV0,1,1,1,2,0
2,2536859.926,708059.4624,R2_F2_m-1f-1_P2_Y-1_U43,-9999,-9999,FXX,4,129.5355738962481,1,0,0.0,0,0,0,-9999.0,0.5,1,P1_CV0,1,1,1,2,0
2,2536859.926,708059.4624,R2_F2_m-1f-1_P2_Y-1_U55,-9999,-9999,MXY,4,112.84257389624814,1,0,0.0,0,0,0,-9999.0,0.5,1,P1_CV0,1,1,1,2,0
2,2536859.926,708059.4624,R2_F2_m-1f-1_P2_Y-1_U119,-9999,-9999,FXX,4,115.84757389624814,1,0,0.0,0,0,0,-9999.0,0.0,1,P1_CV0,1,0,2,1,1
2,2536859.926,708059.4624,R2_F2_m-1f-1_P2_Y-1_U99,-9999,-9999,MXY,6,178.6560054155733,1,0,0.0,0,0,0,-9999.0,0.0,1,P1_CV0,1,0,2,1,1
3,2532969.44,705413.5711,Age0_F3_m3f3_P3_Y0_UO16,R3_F3_m-1f-1_P3_Y-1_U113,R3_F3_m-1f-1_P3_Y-1_U84,FXX,0,31.02779169676512,0,0,0.0,0,0,0,0.0,0.75,1,P2_CV0,2,1,1,2,0
3,2532969.44,705413.5711,Age0_F3_m3f3_P3_Y0_UO17,R3_F3_m-1f-1_P3_Y-1_U113,R3_F3_m-1f-1_P3_Y-1_U84,FXX,0,31.02779169676512,0,0,0.0,0,0,0,0.0,0.75,1,P2_CV0,2,0,2,1,1
3,2532969.44,705413.5711,Age0_F3_m3f3_P3_Y0_UO18,R3_F3_m-1f-1_P3_Y-1_U113,R3_F3_m-1f-1_P3_Y-1_U84,FXX,0,31.02779169676512,0,0,0.0,0,0,0,0.0,0.75,1,P2_CV0,2,1,1,0,2
3,2532969.44,705413.5711,Age0_F3_m3f3_P3_Y0_UO19,R3_F3_m-1f-1_P3_Y-1_U113,R3_F3_m-1f-1_P3_Y-1_U84,FXX,0,31.02779169676512,0,0,0.0,0,0,0,0.0,0.75,1,P2_CV0,2,1,1,2,0
3,2532969.44,705413.5711,Age0_F3_m3f3_P3_Y0_UO20,R3_F3_m-1f-1_P3_Y-1_U113,R3_F3_m-1f-1_P3_Y-1_U84,MXY,0,31.02779169676512,0,0,0.0,0,0,0,0.0,0.75,1,P2_CV0,2,0,2,0,2
3,2532969.44,705413.5711,Age0_F3_m3f3_P3_Y0_UO21,R3_F3_m-1f-1_P3_Y-1_U113,R3_F3_m-1f-1_P3_Y-1_U84,MXY,0,31.02779169676512,0,0,0.0,0,0,0,0.0,0.75,1,P2_CV0,2,1,1,1,1
3,2532969.44,705413.5711,Age0_F3_m3f3_P3_Y0_UO22,R3_F3_m-1f-1_P3_Y-1_U113,R3_F3_m-1f-1_P3_Y-1_U84,FXX,0,31.02779169676512,0,0,0.0,0,0,0,0.0,0.75,1,P2_CV0,2,0,2,0,2
3,2532969.44,705413.5711,Age0_F3_m3f3_P3_Y0_UO35,R3_F3_m-1f-1_P3_Y-1_U50,R3_F3_m-1f-1_P3_Y-1_U56,MXY,0,31.02779169676512,0,0,0.0,0,0,0,0.0,0.75,1,P2_CV0,2,1,1,2,0
3,2532969.44,705413.5711,Age0_F3_m3f3_P3_Y0_UO36,R3_F3_m-1f-1_P3_Y-1_U50,R3_F3_m-1f-1_P3_Y-1_U56,FXX,0,31.02779169676512,0,0,0.0,0,0,0,0.0,0.75,1,P2_CV0,2,1,1,2,0
3,2532969.44,705413.5711,Age0_F3_m3f3_P3_Y0_UO37,R3_F3_m-1f-1_P3_Y-1_U50,R3_F3_m-1f-1_P3_Y-1_U56,MXY,0,31.02779169676512,0,0,0.0,0,0,0,0.0,0.75,1,P2_CV0,2,1,1,1,1
3,2532969.44,705413.5711,Age0_F3_m3f3_P3_Y0_UO38,R3_F3_m-1f-1_P3_Y-1_U50,R3_F3_m-1f-1_P3_Y-1_U56,FXX,0,31.02779169676512,0,0,0.0,0,0,0,0.0,0.75,1,P2_CV0,2,1,1,1,1
3,2532969.44,705413.5711,Age0_F3_m3f3_P3_Y0_UO39,R3_F3_m-1f-1_P3_Y-1_U50,R3_F3_m-1f-1_P3_Y-1_U56,FXX,0,31.02779169676512,0,0,0.0,0,0,0,0.0,0.75,1,P2_CV0,2,2,0,2,0
3,2532969.44,705413.5711,Age0_F3_m3f3_P3_Y0_UO47,R3_F3_m-1f-1_P3_Y-1_U47,R3_F3_m-1f-1_P3_Y-1_U119,FXX,0,31.02779169676512,0,0,0.0,0,0,0,0.0,0.75,1,P2_CV0,2,0,2,2,0
3,2532969.44,705413.5711,Age0_F3_m3f3_P3_Y0_UO48,R3_F3_m-1f-1_P3_Y-1_U47,R3_F3_m-1f-1_P3_Y-1_U119,FXX,0,31.02779169676512,0,0,0.0,0,0,0,0.0,0.75,1,P2_CV0,2,0,2,1,1
3,2532969.44,705413.5711,Age0_F3_m3f3_P3_Y0_UO49,R3_F3_m-1f-1_P3_Y-1_U47,R3_F3_m-1f-1_P3_Y-1_U119,MXY,0,31.02779169676512,0,0,0.0,0,0,0,0.0,0.75,1,P2_CV0,2,1,1,2,0
3,2532969.44,705413.5711,Age0_F3_m3f3_P3_Y0_UO50,R3_F3_m-1f-1_P3_Y-1_U47,R3_F3_m-1f-1_P3_Y-1_U119,FXX,0,31.02779169676512,0,0,0.0,0,0,0,0.0,0.75,1,P2_CV0,2,1,1,1,1
3,2532969.44,705413.5711,Age0_F3_m3f3_P3_Y0_UO98,R3_F3_m-1f-1_P3_Y-1_U99,R3_F3_m-1f-1_P3_Y-1_U116,MXY,0,31.02779169676512,0,0,0.0,0,0,0,0.0,0.5,1,P2_CV0,2,2,0,0,2
3,2532969.44,705413.5711,Age0_F3_m3f3_P3_Y0_UO99,R3_F3_m-1f-1_P3_Y-1_U99,R3_F3_m-1f-1_P3_Y-1_U116,FXX,0,31.02779169676512,0,0,0.0,0,0,0,0.0,0.5,1,P2_CV0,2,1,1,0,2
3,2532969.44,705413.5711,Age0_F3_m3f3_P3_Y0_UO100,R3_F3_m-1f-1_P3_Y-1_U99,R3_F3_m-1f-1_P3_Y-1_U116,FXX,0,31.02779169676512,0,0,0.0,0,0,0,0.0,0.5,1,P2_CV0,2,1,1,1,1
3,2532969.44,705413.5711,Age0_F3_m3f3_P3_Y0_UO101,R3_F3_m-1f-1_P3_Y-1_U99,R3_F3_m-1f-1_P3_Y-1_U116,FXX,0,31.02779169676512,0,0,0.0,0,0,0,0.0,0.5,1,P2_CV0,2,1,1,1,1
3,2532969.44,705413.5711,Age0_F3_m3f3_P3_Y0_UO102,R3_F3_m-1f-1_P3_Y-1_U99,R3_F3_m-1f-1_P3_Y-1_U116,MXY,0,31.02779169676512,0,0,0.0,0,0,0,0.0,0.5,1,P2_CV0,2,1,1,2,0
3,2532969.44,705413.5711,Age0_F3_m3f3_P3_Y0_UO103,R3_F3_m-1f-1_P3_Y-1_U99,R3_F3_m-1f-1_P3_Y-1_U116,FXX,0,31.02779169676512,0,0,0.0,0,0,0,0.0,0.5,1,P2_CV0,2,0,2,2,0
3,2532969.44,705413.5711,Age0_F3_m3f3_P3_Y0_UO104,R3_F3_m-1f-1_P3_Y-1_U99,R3_F3_m-1f-1_P3_Y-1_U116,FXX,0,31.02779169676512,0,0,0.0,0,0,0,0.0,0.5,1,P2_CV0,2,1,1,2,0
3,2532969.44,705413.5711,Age0_F3_m3f3_P3_Y0_UO105,R3_F3_m-1f-1_P3_Y-1_U99,R3_F3_m-1f-1_P3_Y-1_U116,MXY,0,31.02779169676512,0,0,0.0,0,0,0,0.0,0.5,1,P2_CV0,2,2,0,1,1
3,2532969.44,705413.5711,Age0_F3_m3f3_P3_Y0_UO129,R3_F3_m-1f-1_P3_Y-1_U47,R3_F3_m-1f-1_P3_Y-1_U81,FXX,0,31.02779169676512,0,0,0.0,0,0,0,0.0,0.75,1,P2_CV0,2,1,1,1,1
3,2532969.44,705413.5711,Age0_F3_m3f3_P3_Y0_UO130,R3_F3_m-1f-1_P3_Y-1_U47,R3_F3_m-1f-1_P3_Y-1_U81,MXY,0,31.02779169676512,0,0,0.0,0,0,0,0.0,0.75,1,P2_CV0,2,1,1,0,2
3,2532969.44,705413.5711,Age0_F3_m3f3_P3_Y0_UO131,R3_F3_m-1f-1_P3_Y-1_U47,R3_F3_m-1f-1_P3_Y-1_U81,FXX,0,31.02779169676512,0,0,0.0,0,0,0,0.0,0.75,1,P2_CV0,2,1,1,1,1
3,2532969.44,705413.5711,Age0_F3_m3f3_P3_Y0_UO132,R3_F3_m-1f-1_P3_Y-1_U96,R3_F3_m-1f-1_P3_Y-1_U101,FXX,0,31.02779169676512,0,0,0.0,0,0,0,0.0,0.5,1,P2_CV0,2,0,2,2,0
3,2532969.44,705413.5711,Age0_F3_m3f3_P3_Y0_UO133,R3_F3_m-1f-1_P3_Y-1_U96,R3_F3_m-1f-1_P3_Y-1_U101,FXX,0,31.02779169676512,0,0,0.0,0,0,0,0.0,0.5,1,P2_CV0,2,0,2,1,1
3,2532969.44,705413.5711,Age0_F3_m3f3_P3_Y0_UO134,R3_F3_m-1f-1_P3_Y-1_U96,R3_F3_m-1f-1_P3_Y-1_U101,MXY,0,31.02779169676512,0,0,0.0,0,0,0,0.0,0.5,1,P2_CV0,2,1,1,2,0
3,2532969.44,705413.5711,Age0_F3_m3f3_P3_Y0_UO135,R3_F3_m-1f-1_P3_Y-1_U96,R3_F3_m-1f-1_P3_Y-1_U101,MXY,0,31.02779169676512,0,0,0.0,0,0,0,0.0,0.5,1,P2_CV0,2,2,0,1,1
3,2532969.44,705413.5711,Age0_F3_m3f3_P3_Y0_UO164,R3_F3_m-1f-1_P3_Y-1_U120,R3_F3_m-1f-1_P3_Y-1_U22,MXY,0,31.02779169676512,0,0,0.0,0,0,0,0.0,0.75,1,P2_CV0,2,0,2,1,1
3,2532969.44,705413.5711,Age0_F3_m3f3_P3_Y0_UO165,R3_F3_m-1f-1_P3_Y-1_U120,R3_F3_m-1f-1_P3_Y-1_U22,FXX,0,31.02779169676512,0,0,0.0,0,0,0,0.0,0.75,1,P2_CV0,2,2,0,1,1
3,2532969.44,705413.5711,Age0_F3_m3f3_P3_Y0_UO166,R3_F3_m-1f-1_P3_Y-1_U120,R3_F3_m-1f-1_P3_Y-1_U22,MXY,0,31.02779169676512,0,0,0.0,0,0,0,0.0,0.75,1,P2_CV0,2,1,1,1,1
3,2532969.44,705413.5711,Age0_F3_m3f3_P3_Y0_UO167,R3_F3_m-1f-1_P3_Y-1_U113,R3_F3_m-1f-1_P3_Y-1_U66,MXY,0,31.02779169676512,0,0,0.0,0,0,0,0.0,0.5,1,P2_CV0,2,0,2,2,0
3,2532969.44,705413.5711,Age0_F3_m3f3_P3_Y0_UO168,R3_F3_m-1f-1_P3_Y-1_U113,R3_F3_m-1f-1_P3_Y-1_U66,MXY,0,31.02779169676512,0,0,0.0,0,0,0,0.0,0.5,1,P2_CV0,2,2,0,2,0
3,2532969.44,705413.5711,Age0_F3_m3f3_P3_Y0_UO169,R3_F3_m-1f-1_P3_Y-1_U113,R3_F3_m-1f-1_P3_Y-1_U66,FXX,0,31.02779169676512,0,0,0.0,0,0,0,0.0,0.5,1,P2_CV0,2,2,0,0,2
3,2532969.44,705413.5711,Age0_F3_m3f3_P3_Y0_UO209,R3_F3_m-1f-1_P3_Y-1_U34,R3_F3_m-1f-1_P3_Y-1_U15,MXY,0,31.02779169676512,0,0,0.0,0,0,0,0.0,0.0,1,P2_CV0,2,2,0,2,0
3,2532969.44,705413.5711,Age0_F3_m3f3_P3_Y0_UO210,R3_F3_m-1f-1_P3_Y-1_U34,R3_F3_m-1f-1_P3_Y-1_U15,MXY,0,31.02779169676512,0,0,0.0,0,0,0,0.0,0.0,1,P2_CV0,2,2,0,1,1
3,2532969.44,705413.5711,Age0_F3_m3f3_P3_Y0_UO211,R3_F3_m-1f-1_P3_Y-1_U34,R3_F3_m-1f-1_P3_Y-1_U15,FXX,0,31.02779169676512,0,0,0.0,0,0,0,0.0,0.0,1,P2_CV0,2,2,0,1,1
3,2532969.44,705413.5711,Age0_F3_m3f3_P3_Y0_UO251,R3_F3_m-1f-1_P3_Y-1_U40,R3_F3_m-1f-1_P3_Y-1_U126,FXX,0,31.02779169676512,0,0,0.0,0,0,0,0.0,0.75,1,P2_CV0,2,0,2,1,1
3,2532969.44,705413.5711,Age0_F3_m3f3_P3_Y0_UO273,R3_F3_m-1f-1_P3_Y-1_U47,R3_F3_m-1f-1_P3_Y-1_U22,MXY,0,31.02779169676512,0,0,0.0,0,0,0,0.0,1.0,1,P2_CV0,2,1,1,0,2
3,2532969.44,705413.5711,Age0_F3_m3f3_P3_Y0_UO274,R3_F3_m-1f-1_P3_Y-1_U47,R3_F3_m-1f-1_P3_Y-1_U22,MXY,0,31.02779169676512,0,0,0.0,0,0,0,0.0,1.0,1,P2_CV0,2,2,0,1,1
3,2532969.44,705413.5711,Age0_F3_m3f3_P3_Y0_UO275,R3_F3_m-1f-1_P3_Y-1_U47,R3_F3_m-1f-1_P3_Y-1_U22,FXX,0,31.02779169676512,0,0,0.0,0,0,0,0.0,1.0,1,P2_CV0,2,1,1,0,2
3,2532969.44,705413.5711,Age0_F3_m3f3_P3_Y0_UO276,R3_F3_m-1f-1_P3_Y-1_U47,R3_F3_m-1f-1_P3_Y-1_U22,MXY,0,31.02779169676512,0,0,0.0,0,0,0,0.0,1.0,1,P2_CV0,2,2,0,1,1
3,2532969.44,705413.5711,Age0_F3_m3f3_P3_Y0_UO304,R3_F3_m-1f-1_P3_Y-1_U96,R3_F3_m-1f-1_P3_Y-1_U73,FXX,0,31.02779169676512,0,0,0.0,0,0,0,0.0,0.75,1,P2_CV0,2,0,2,2,0
3,2532969.44,705413.5711,Age0_F3_m3f3_P3_Y0_UO305,R3_F3_m-1f-1_P3_Y-1_U96,R3_F3_m-1f-1_P3_Y-1_U73,MXY,0,31.02779169676512,0,0,0.0,0,0,0,0.0,0.75,1,P2_CV0,2,0,2,0,2
3,2532969.44,705413.5711,Age0_F3_m3f3_P3_Y0_UO310,R3_F3_m-1f-1_P3_Y-1_U120,R3_F3_m-1f-1_P3_Y-1_U81,FXX,0,31.02779169676512,0,0,0.0,0,0,0,0.0,0.5,1,P2_CV0,2,1,1,1,1
3,2532969.44,705413.5711,Age0_F3_m3f3_P3_Y0_UO327,R3_F3_m-1f-1_P3_Y-1_U47,R3_F3_m-1f-1_P3_Y-1_U33,MXY,0,31.02779169676512,0,0,0.0,0,0,0,0.0,1.0,1,P2_CV0,2,1,1,1,1
3,2532969.44,705413.5711,Age0_F3_m3f3_P3_Y0_UO328,R3_F3_m-1f-1_P3_Y-1_U47,R3_F3_m-1f-1_P3_Y-1_U33,MXY,0,31.02779169676512,0,0,0.0,0,0,0,0.0,1.0,1,P2_CV0,2,2,0,2,0
3,2532969.44,705413.5711,Age0_F3_m3f3_P3_Y0_UO329,R3_F3_m-1f-1_P3_Y-1_U47,R3_F3_m-1f-1_P3_Y-1_U33,FXX,0,31.02779169676512,0,0,0.0,0,0,0,0.0,1.0,1,P2_CV0,2,0,2,1,1
3,2532969.44,705413.5711,Age0_F3_m3f3_P3_Y0_UO330,R3_F3_m-1f-1_P3_Y-1_U47,R3_F3_m-1f-1_P3_Y-1_U33,MXY,0,31.02779169676512,0,0,0.0,0,0,0,0.0,1.0,1,P2_CV0,2,1,1,1,1
3,2532969.44,705413.5711,Age0_F3_m3f3_P3_Y0_UO331,R3_F3_m-1f-1_P3_Y-1_U47,R3_F3_m-1f-1_P3_Y-1_U33,FXX,0,31.02779169676512,0,0,0.0,0,0,0,0.0,1.0,1,P2_CV0,2,0,2,1,1
3,2532969.44,705413.5711,Age0_F3_m3f3_P3_Y0_UO340,R3_F3_m-1f-1_P3_Y-1_U47,R3_F3_m-1f-1_P3_Y-1_U27,FXX,0,31.02779169676512,0,0,0.0,0,0,0,0.0,0.75,1,P2_CV0,2,1,1,1,1
3,2532969.44,705413.5711,Age0_F3_m3f3_P3_Y0_UO341,R3_F3_m-1f-1_P3_Y-1_U47,R3_F3_m-1f-1_P3_Y-1_U27,FXX,0,31.02779169676512,0,0,0.0,0,0,0,0.0,0.75,1,P2_CV0,2,0,2,1,1
3,2532969.44,705413.5711,Age0_F3_m3f3_P3_Y0_UO392,R3_F3_m-1f-1_P3_Y-1_U80,R3_F3_m-1f-1_P3_Y-1_U56,MXY,0,31.02779169676512,0,0,0.0,0,0,0,0.0,0.5,1,P2_CV0,2,1,1,0,2
3,2532969.44,705413.5711,Age0_F3_m3f3_P3_Y0_UO393,R3_F3_m-1f-1_P3_Y-1_U80,R3_F3_m-1f-1_P3_Y-1_U56,MXY,0,31.02779169676512,0,0,0.0,0,0,0,0.0,0.5,1,P2_CV0,2,0,2,0,2
3,2532969.44,705413.5711,Age0_F3_m3f3_P3_Y0_UO394,R3_F3_m-1f-1_P3_Y-1_U80,R3_F3_m-1f-1_P3_Y-1_U56,MXY,0,31.02779169676512,0,0,0.0,0,0,0,0.0,0.5,1,P2_CV0,2,1,1,2,0
3,2532969.44,705413.5711,Age0_F3_m3f3_P3_Y0_UO395,R3_F3_m-1f-1_P3_Y-1_U80,R3_F3_m-1f-1_P3_Y-1_U56,FXX,0,31.02779169676512,0,0,0.0,0,0,0,0.0,0.5,1,P2_CV0,2,0,2,1,1
3,2532969.44,705413.5711,Age0_F3_m3f3_P3_Y0_UO396,R3_F3_m-1f-1_P3_Y-1_U118,R3_F3_m-1f-1_P3_Y-1_U100,MXY,0,31.02779169676512,0,0,0.0,0,0,0,0.0,0.5,1,P2_CV0,2,1,1,0,2
3,2532969.44,705413.5711,Age0_F3_m3f3_P3_Y0_UO397,R3_F3_m-1f-1_P3_Y-1_U118,R3_F3_m-1f-1_P3_Y-1_U100,MXY,0,31.02779169676512,0,0,0.0,0,0,0,0.0,0.5,1,P2_CV0,2,2,0,0,2
3,2532969.44,705413.5711,Age0_F3_m3f3_P3_Y0_UO398,R3_F3_m-1f-1_P3_Y-1_U60,R3_F3_m-1f-1_P3_Y-1_U22,FXX,0,31.02779169676512,0,0,0.0,0,0,0,0.0,0.75,1,P2_CV0,2,1,1,1,1
3,2532969.44,705413.5711,Age0_F3_m3f3_P3_Y0_UO399,R3_F3_m-1f-1_P3_Y-1_U60,R3_F3_m-1f-1_P3_Y-1_U22,MXY,0,31.02779169676512,0,0,0.0,0,0,0,0.0,0.75,1,P2_CV0,2,0,2,1,1
3,2532969.44,705413.5711,Age0_F3_m3f3_P3_Y0_UO400,R3_F3_m-1f-1_P3_Y-1_U60,R3_F3_m-1f-1_P3_Y-1_U22,FXX,0,31.02779169676512,0,0,0.0,0,0,0,0.0,0.75,1,P2_CV0,2,1,1,2,0
3,2532969.44,705413.5711,Age0_F3_m3f3_P3_Y0_UO401,R3_F3_m-1f-1_P3_Y-1_U60,R3_F3_m-1f-1_P3_Y-1_U22,MXY,0,31.02779169676512,0,0,0.0,0,0,0,0.0,0.75,1,P2_CV0,2,1,1,2,0
3,2532969.44,705413.5711,Age0_F3_m3f3_P3_Y0_UO402,R3_F3_m-1f-1_P3_Y-1_U60,R3_F3_m-1f-1_P3_Y-1_U22,MXY,0,31.02779169676512,0,0,0.0,0,0,0,0.0,0.75,1,P2_CV0,2,0,2,1,1
3,2532969.44,705413.5711,Age0_F3_m3f3_P3_Y0_UO403,R3_F3_m-1f-1_P3_Y-1_U80,R3_F3_m-1f-1_P3_Y-1_U101,FXX,0,31.02779169676512,0,0,0.0,0,0,0,0.0,0.5,1,P2_CV0,2,1,1,0,2
3,2532969.44,705413.5711,Age0_F3_m3f3_P3_Y0_UO404,R3_F3_m-1f-1_P3_Y-1_U80,R3_F3_m-1f-1_P3_Y-1_U101,MXY,0,31.02779169676512,0,0,0.0,0,0,0,0.0,0.5,1,P2_CV0,2,2,0,2,0
3,2532969.44,705413.5711,Age0_F3_m3f3_P3_Y0_UO405,R3_F3_m-1f-1_P3_Y-1_U80,R3_F3_m-1f-1_P3_Y-1_U101,MXY,0,31.02779169676512,0,0,0.0,0,0,0,0.0,0.5,1,P2_CV0,2,2,0,0,2
3,2532969.44,705413.5711,Age0_F3_m3f3_P3_Y0_UO406,R3_F3_m-1f-1_P3_Y-1_U80,R3_F3_m-1f-1_P3_Y-1_U101,MXY,0,31.02779169676512,0,0,0.0,0,0,0,0.0,0.5,1,P2_CV0,2,1,1,2,0
3,2532969.44,705413.5711,Age0_F3_m3f3_P3_Y0_UO422,R3_F3_m-1f-1_P3_Y-1_U118,R3_F3_m-1f-1_P3_Y-1_U105,FXX,0,31.02779169676512,0,0,0.0,0,0,0,0.0,0.5,1,P2_CV0,2,2,0,1,1
3,2532969.44,705413.5711,Age0_F3_m3f3_P3_Y0_UO423,R3_F3_m-1f-1_P3_Y-1_U118,R3_F3_m-1f-1_P3_Y-1_U105,FXX,0,31.02779169676512,0,0,0.0,0,0,0,0.0,0.5,1,P2_CV0,2,0,2,1,1
3,2532969.44,705413.5711,Age0_F3_m3f3_P3_Y0_UO486,R3_F3_m-1f-1_P3_Y-1_U121,R3_F3_m-1f-1_P3_Y-1_U126,FXX,0,31.02779169676512,0,0,0.0,0,0,0,0.0,0.5,1,P2_CV0,2,0,2,1,1
3,2532969.44,705413.5711,Age0_F3_m3f3_P3_Y0_UO487,R3_F3_m-1f-1_P3_Y-1_U121,R3_F3_m-1f-1_P3_Y-1_U126,MXY,0,31.02779169676512,0,0,0.0,0,0,0,0.0,0.5,1,P2_CV0,2,0,2,0,2
3,2532969.44,705413.5711,Age0_F3_m3f3_P3_Y0_UO488,R3_F3_m-1f-1_P3_Y-1_U121,R3_F3_m-1f-1_P3_Y-1_U126,MXY,0,31.02779169676512,0,0,0.0,0,0,0,0.0,0.5,1,P2_CV0,2,2,0,1,1
3,2532969.44,705413.5711,Age0_F3_m3f3_P3_Y0_UO489,R3_F3_m-1f-1_P3_Y-1_U121,R3_F3_m-1f-1_P3_Y-1_U126,FXX,0,31.02779169676512,0,0,0.0,0,0,0,0.0,0.5,1,P2_CV0,2,1,1,2,0
3,2532969.44,705413.5711,Age0_F3_m3f3_P3_Y0_UO507,R3_F3_m-1f-1_P3_Y-1_U108,R3_F3_m-1f-1_P3_Y-1_U11,FXX,0,31.02779169676512,0,0,0.0,0,0,0,0.0,0.5,1,P2_CV0,2,1,1,0,2
3,2532969.44,705413.5711,Age0_F3_m3f3_P3_Y0_UO508,R3_F3_m-1f-1_P3_Y-1_U108,R3_F3_m-1f-1_P3_Y-1_U11,FXX,0,31.02779169676512,0,0,0.0,0,0,0,0.0,0.5,1,P2_CV0,2,2,0,2,0
3,2532969.44,705413.5711,Age0_F3_m3f3_P3_Y0_UO509,R3_F3_m-1f-1_P3_Y-1_U108,R3_F3_m-1f-1_P3_Y-1_U11,FXX,0,31.02779169676512,0,0,0.0,0,0,0,0.0,0.5,1,P2_CV0,2,0,2,0,2
3,2532969.44,705413.5711,Age0_F3_m3f3_P3_Y0_UO510,R3_F3_m-1f-1_P3_Y-1_U108,R3_F3_m-1f-1_P3_Y-1_U11,MXY,0,31.02779169676512,0,0,0.0,0,0,0,0.0,0.5,1,P2_CV0,2,0,2,2,0
3,2532969.44,705413.5711,Age0_F3_m3f3_P3_Y0_UO511,R3_F3_m-1f-1_P3_Y-1_U108,R3_F3_m-1f-1_P3_Y-1_U11,FXX,0,31.02779169676512,0,0,0.0,0,0,0,0.0,0.5,1,P2_CV0,2,2,0,1,1
3,2532969.44,705413.5711,Age0_F3_m3f3_P3_Y0_UO512,R3_F3_m-1f-1_P3_Y-1_U108,R3_F3_m-1f-1_P3_Y-1_U11,MXY,0,31.02779169676512,0,0,0.0,0,0,0,0.0,0.5,1,P2_CV0,2,1,1,1,1
3,2532969.44,705413.5711,Age0_F3_m3f3_P3_Y0_UO517,R3_F3_m-1f-1_P3_Y-1_U118,R3_F3_m-1f-1_P3_Y-1_U102,MXY,0,31.02779169676512,0,0,0.0,0,0,0,0.0,0.75,1,P2_CV0,2,1,1,0,2
3,2532969.44,705413.5711,Age0_F3_m3f3_P3_Y0_UO518,R3_F3_m-1f-1_P3_Y-1_U118,R3_F3_m-1f-1_P3_Y-1_U102,MXY,0,31.02779169676512,0,0,0.0,0,0,0,0.0,0.75,1,P2_CV0,2,1,1,0,2
3,2532969.44,705413.5711,Age0_F3_m3f3_P3_Y0_UO541,R3_F3_m-1f-1_P3_Y-1_U26,R3_F3_m-1f-1_P3_Y-1_U119,FXX,0,31.02779169676512,0,0,0.0,0,0,0,0.0,0.25,1,P2_CV0,2,2,0,1,1
3,2532969.44,705413.5711,Age0_F3_m3f3_P3_Y0_UO542,R3_F3_m-1f-1_P3_Y-1_U26,R3_F3_m-1f-1_P3_Y-1_U119,FXX,0,31.02779169676512,0,0,0.0,0,0,0,0.0,0.25,1,P2_CV0,2,1,1,1,1
3,2532969.44,705413.5711,Age0_F3_m3f3_P3_Y0_UO543,R3_F3_m-1f-1_P3_Y-1_U26,R3_F3_m-1f-1_P3_Y-1_U119,FXX,0,31.02779169676512,0,0,0.0,0,0,0,0.0,0.25,1,P2_CV0,2,0,2,0,2
3,2532969.44,705413.5711,Age0_F3_m3f3_P3_Y0_UO544,R3_F3_m-1f-1_P3_Y-1_U26,R3_F3_m-1f-1_P3_Y-1_U119,MXY,0,31.02779169676512,0,0,0.0,0,0,0,0.0,0.25,1,P2_CV0,2,2,0,1,1
3,2532969.44,705413.5711,Age0_F3_m3f3_P3_Y0_UO545,R3_F3_m-1f-1_P3_Y-1_U26,R3_F3_m-1f-1_P3_Y-1_U119,MXY,0,31.02779169676512,0,0,0.0,0,0,0,0.0,0.25,1,P2_CV0,2,0,2,2,0
3,2532969.44,705413.5711,Age0_F3_m3f3_P3_Y0_UO546,R3_F3_m-1f-1_P3_Y-1_U26,R3_F3_m-1f-1_P3_Y-1_U119,MXY,0,31.02779169676512,0,0,0.0,0,0,0,0.0,0.25,1,P2_CV0,2,1,1,2,0
3,2532969.44,705413.5711,Age0_F3_m3f3_P3_Y0_UO547,R3_F3_m-1f-1_P3_Y-1_U26,R3_F3_m-1f-1_P3_Y-1_U119,FXX,0,31.02779169676512,0,0,0.0,0,0,0,0.0,0.25,1,P2_CV0,2,1,1,1,1
3,2532969.44,705413.5711,Age0_F3_m3f3_P3_Y0_UO548,R3_F3_m-1f-1_P3_Y-1_U79,R3_F3_m-1f-1_P3_Y-1_U58,MXY,0,31.02779169676512,0,0,0.0,0,0,0,0.0,0.5,1,P2_CV0,2,1,1,2,0
3,2532969.44,705413.5711,Age0_F3_m3f3_P3_Y0_UO549,R3_F3_m-1f-1_P3_Y-1_U79,R3_F3_m-1f-1_P3_Y-1_U58,FXX,0,31.02779169676512,0,0,0.0,0,0,0,0.0,0.5,1,P2_CV0,2,1,1,2,0
3,2532969.44,705413.5711,Age0_F3_m3f3_P3_Y0_UO550,R3_F3_m-1f-1_P3_Y-1_U79,R3_F3_m-1f-1_P3_Y-1_U58,FXX,0,31.02779169676512,0,0,0.0,0,0,0,0.0,0.5,1,P2_CV0,2,1,1,2,0
3,2532969.44,705413.5711,Age0_F3_m3f3_P3_Y0_UO551,R3_F3_m-1f-1_P3_Y-1_U79,R3_F3_m-1f-1_P3_Y-1_U58,MXY,0,31.02779169676512,0,0,0.0,0,0,0,0.0,0.5,1,P2_CV0,2,1,1,1,1
3,2532969.44,705413.5711,Age0_F3_m3f3_P3_Y0_UO564,R3_F3_m-1f-1_P3_Y-1_U86,R3_F3_m-1f-1_P3_Y-1_U11,FXX,0,31.02779169676512,0,0,0.0,0,0,0,0.0,0.75,1,P2_CV0,2,2,0,1,1
3,2532969.44,705413.5711,Age0_F3_m3f3_P3_Y0_UO565,R3_F3_m-1f-1_P3_Y-1_U86,R3_F3_m-1f-1_P3_Y-1_U11,FXX,0,31.02779169676512,0,0,0.0,0,0,0,0.0,0.75,1,P2_CV0,2,0,2,1,1
3,2532969.44,705413.5711,Age0_F3_m3f3_P3_Y0_UO566,R3_F3_m-1f-1_P3_Y-1_U86,R3_F3_m-1f-1_P3_Y-1_U11,MXY,0,31.02779169676512,0,0,0.0,0,0,0,0.0,0.75,1,P2_CV0,2,0,2,1,1
3,2532969.44,705413.5711,Age0_F3_m3f3_P3_Y0_UO575,R3_F3_m-1f-1_P3_Y-1_U108,R3_F3_m-1f-1_P3_Y-1_U45,FXX,0,31.02779169676512,0,0,0.0,0,0,0,0.0,0.25,1,P2_CV0,2,0,2,0,2
3,2532969.44,705413.5711,Age0_F3_m3f3_P3_Y0_UO576,R3_F3_m-1f-1_P3_Y-1_U108,R3_F3_m-1f-1_P3_Y-1_U45,FXX,0,31.02779169676512,0,0,0.0,0,0,0,0.0,0.25,1,P2_CV0,2,0,2,1,1
3,2532969.44,705413.5711,Age0_F3_m3f3_P3_Y0_UO577,R3_F3_m-1f-1_P3_Y-1_U108,R3_F3_m-1f-1_P3_Y-1_U45,FXX,0,31.02779169676512,0,0,0.0,0,0,0,0.0,0.25,1,P2_CV0,2,1,1,1,1
3,2532969.44,705413.5711,Age0_F3_m3f3_P3_Y0_UO578,R3_F3_m-1f-1_P3_Y-1_U108,R3_F3_m-1f-1_P3_Y-1_U45,MXY,0,31.02779169676512,0,0,0.0,0,0,0,0.0,0.25,1,P2_CV0,2,0,2,2,0
3,2532969.44,705413.5711,Age0_F3_m3f3_P3_Y0_UO579,R3_F3_m-1f-1_P3_Y-1_U108,R3_F3_m-1f-1_P3_Y-1_U45,MXY,0,31.02779169676512,0,0,0.0,0,0,0,0.0,0.25,1,P2_CV0,2,1,1,2,0
3,2532969.44,705413.5711,Age0_F3_m3f3_P3_Y0_UO580,R3_F3_m-1f-1_P3_Y-1_U108,R3_F3_m-1f-1_P3_Y-1_U45,FXX,0,31.02779169676512,0,0,0.0,0,0,0,0.0,0.25,1,P2_CV0,2,2,0,1,1
3,2532969.44,705413.5711,Age0_F3_m3f3_P3_Y0_UO581,R3_F3_m-1f-1_P3_Y-1_U108,R3_F3_m-1f-1_P3_Y-1_U45,FXX,0,31.02779169676512,0,0,0.0,0,0,0,0.0,0.25,1,P2_CV0,2,1,1,2,0
3,2532969.44,705413.5711,Age0_F3_m3f3_P3_Y0_UO582,R3_F3_m-1f-1_P3_Y-1_U108,R3_F3_m-1f-1_P3_Y-1_U45,MXY,0,31.02779169676512,0,0,0.0,0,0,0,0.0,0.25,1,P2_CV0,2,0,2,1,1
3,2532969.44,705413.5711,Age0_F3_m3f3_P3_Y0_UO638,R3_F3_m-1f-1_P3_Y-1_U94,R3_F3_m-1f-1_P3_Y-1_U116,MXY,0,31.02779169676512,0,0,0.0,0,0,0,0.0,0.75,1,P2_CV0,2,1,1,2,0
3,2532969.44,705413.5711,Age0_F3_m3f3_P3_Y0_UO639,R3_F3_m-1f-1_P3_Y-1_U94,R3_F3_m-1f-1_P3_Y-1_U116,FXX,0,31.02779169676512,0,0,0.0,0,0,0,0.0,0.75,1,P2_CV0,2,1,1,1,1
3,2532969.44,705413.5711,Age0_F3_m3f3_P3_Y0_UO640,R3_F3_m-1f-1_P3_Y-1_U94,R3_F3_m-1f-1_P3_Y-1_U116,FXX,0,31.02779169676512,0,0,0.0,0,0,0,0.0,0.75,1,P2_CV0,2,1,1,0,2
3,2532969.44,705413.5711,Age0_F3_m3f3_P3_Y0_UO641,R3_F3_m-1f-1_P3_Y-1_U94,R3_F3_m-1f-1_P3_Y-1_U116,MXY,0,31.02779169676512,0,0,0.0,0,0,0,0.0,0.75,1,P2_CV0,2,1,1,1,1
3,2532969.44,705413.5711,Age0_F3_m3f3_P3_Y0_UO642,R3_F3_m-1f-1_P3_Y-1_U94,R3_F3_m-1f-1_P3_Y-1_U116,MXY,0,31.02779169676512,0,0,0.0,0,0,0,0.0,0.75,1,P2_CV0,2,1,1,0,2
3,2532969.44,705413.5711,Age0_F3_m3f3_P3_Y0_UO643,R3_F3_m-1f-1_P3_Y-1_U94,R3_F3_m-1f-1_P3_Y-1_U116,MXY,0,31.02779169676512,0,0,0.0,0,0,0,0.0,0.75,1,P2_CV0,2,1,1,1,1
3,2532969.44,705413.5711,Age0_F3_m3f3_P3_Y0_UO644,R3_F3_m-1f-1_P3_Y-1_U94,R3_F3_m-1f-1_P3_Y-1_U116,FXX,0,31.02779169676512,0,0,0.0,0,0,0,0.0,0.75,1,P2_CV0,2,1,1,1,1
3,2532969.44,705413.5711,Age0_F3_m3f3_P3_Y0_UO645,R3_F3_m-1f-1_P3_Y-1_U94,R3_F3_m-1f-1_P3_Y-1_U116,FXX,0,31.02779169676512,0,0,0.0,0,0,0,0.0,0.75,1,P2_CV0,2,1,1,1,1
3,2532969.44,705413.5711,Age0_F3_m3f3_P3_Y0_UO646,R3_F3_m-1f-1_P3_Y-1_U94,R3_F3_m-1f-1_P3_Y-1_U116,MXY,0,31.02779169676512,0,0,0.0,0,0,0,0.0,0.75,1,P2_CV0,2,2,0,0,2
3,2532969.44,705413.5711,Age0_F3_m3f3_P3_Y0_UO649,R3_F3_m-1f-1_P3_Y-1_U40,R3_F3_m-1f-1_P3_Y-1_U116,FXX,0,31.02779169676512,0,0,0.0,0,0,0,0.0,0.75,1,P2_CV0,2,1,1,0,2
3,2532969.44,705413.5711,Age0_F3_m3f3_P3_Y0_UO650,R3_F3_m-1f-1_P3_Y-1_U40,R3_F3_m-1f-1_P3_Y-1_U116,FXX,0,31.02779169676512,0,0,0.0,0,0,0,0.0,0.75,1,P2_CV0,2,1,1,1,1
3,2532969.44,705413.5711,Age0_F3_m3f3_P3_Y0_UO664,R3_F3_m-1f-1_P3_Y-1_U68,R3_F3_m-1f-1_P3_Y-1_U110,FXX,0,31.02779169676512,0,0,0.0,0,0,0,0.0,0.75,1,P2_CV0,2,2,0,2,0
3,2532969.44,705413.5711,Age0_F3_m3f3_P3_Y0_UO665,R3_F3_m-1f-1_P3_Y-1_U68,R3_F3_m-1f-1_P3_Y-1_U110,MXY,0,31.02779169676512,0,0,0.0,0,0,0,0.0,0.75,1,P2_CV0,2,1,1,2,0
3,2532969.44,705413.5711,Age0_F3_m3f3_P3_Y0_UO666,R3_F3_m-1f-1_P3_Y-1_U68,R3_F3_m-1f-1_P3_Y-1_U110,FXX,0,31.02779169676512,0,0,0.0,0,0,0,0.0,0.75,1,P2_CV0,2,0,2,2,0
3,2532969.44,705413.5711,Age0_F3_m3f3_P3_Y0_UO667,R3_F3_m-1f-1_P3_Y-1_U68,R3_F3_m-1f-1_P3_Y-1_U110,MXY,0,31.02779169676512,0,0,0.0,0,0,0,0.0,0.75,1,P2_CV0,2,2,0,0,2
3,2532969.44,705413.5711,Age0_F3_m3f3_P3_Y0_UO676,R3_F3_m-1f-1_P3_Y-1_U99,R3_F3_m-1f-1_P3_Y-1_U58,MXY,0,31.02779169676512,0,0,0.0,0,0,0,0.0,0.25,1,P2_CV0,2,1,1,2,0
3,2532969.44,705413.5711,Age0_F3_m3f3_P3_Y0_UO677,R3_F3_m-1f-1_P3_Y-1_U99,R3_F3_m-1f-1_P3_Y-1_U58,FXX,0,31.02779169676512,0,0,0.0,0,0,0,0.0,0.25,1,P2_CV0,2,1,1,1,1
3,2532969.44,705413.5711,Age0_F3_m3f3_P3_Y0_UO678,R3_F3_m-1f-1_P3_Y-1_U99,R3_F3_m-1f-1_P3_Y-1_U58,FXX,0,31.02779169676512,0,0,0.0,0,0,0,0.0,0.25,1,P2_CV0,2,0,2,2,0
3,2532969.44,705413.5711,Age0_F3_m3f3_P3_Y0_UO679,R3_F3_m-1f-1_P3_Y-1_U99,R3_F3_m-1f-1_P3_Y-1_U58,MXY,0,31.02779169676512,0,0,0.0,0,0,0,0.0,0.25,1,P2_CV0,2,0,2,0,2
3,2532969.44,705413.5711,Age0_F3_m3f3_P3_Y0_UO680,R3_F3_m-1f-1_P3_Y-1_U99,R3_F3_m-1f-1_P3_Y-1_U58,MXY,0,31.02779169676512,0,0,0.0,0,0,0,0.0,0.25,1,P2_CV0,2,2,0,0,2
3,2532969.44,705413.5711,R3_F3_m-1f-1_P3_Y-1_U0,-9999,-9999,FXX,1,31.03422029761606,1,1,1.0,0,0,0,-9999.0,0.0,1,P2_CV0,2,0,2,1,1
3,2532969.44,705413.5711,R3_F3_m-1f-1_P3_Y-1_U3,-9999,-9999,MXY,1,31.03422029761606,1,1,0.0,0,0,0,-9999.0,0.5,1,P2_CV0,2,1,1,1,1
3,2532969.44,705413.5711,R3_F3_m-1f-1_P3_Y-1_U4,-9999,-9999,MXY,1,31.03422029761606,1,1,0.0,0,0,0,-9999.0,0.5,1,P2_CV0,2,1,1,0,2
3,2532969.44,705413.5711,R3_F3_m-1f-1_P3_Y-1_U5,-9999,-9999,FXX,1,31.03422029761606,1,1,0.0,0,0,0,-9999.0,0.5,1,P2_CV0,2,1,1,1,1
3,2532969.44,705413.5711,R3_F3_m-1f-1_P3_Y-1_U7,-9999,-9999,FXX,1,31.03422029761606,1,1,1.0,0,0,0,-9999.0,1.0,1,P2_CV0,2,2,0,0,2
3,2532969.44,705413.5711,R3_F3_m-1f-1_P3_Y-1_U8,-9999,-9999,FXX,1,31.03422029761606,1,1,0.0,0,0,0,-9999.0,0.5,1,P2_CV0,2,1,1,1,1
3,2532969.44,705413.5711,R3_F3_m-1f-1_P3_Y-1_U9,-9999,-9999,MXY,1,31.03422029761606,1,1,0.0,0,0,0,-9999.0,0.0,1,P2_CV0,2,0,2,0,2
3,2532969.44,705413.5711,R3_F3_m-1f-1_P3_Y-1_U10,-9999,-9999,MXY,1,31.03422029761606,1,1,0.0,0,0,0,-9999.0,0.5,1,P2_CV0,2,1,1,2,0
3,2532969.44,705413.5711,R3_F3_m-1f-1_P3_Y-1_U12,-9999,-9999,MXY,1,31.03422029761606,1,1,0.0,0,0,0,-9999.0,1.0,1,P2_CV0,2,2,0,2,0
3,2532969.44,705413.5711,R3_F3_m-1f-1_P3_Y-1_U13,-9999,-9999,MXY,1,31.03422029761606,1,1,0.0,0,0,0,-9999.0,1.0,1,P2_CV0,2,2,0,0,2
3,2532969.44,705413.5711,R3_F3_m-1f-1_P3_Y-1_U16,-9999,-9999,MXY,1,31.03422029761606,1,1,0.0,0,0,0,-9999.0,0.5,1,P2_CV0,2,1,1,2,0
3,2532969.44,705413.5711,R3_F3_m-1f-1_P3_Y-1_U17,-9999,-9999,FXX,1,31.03422029761606,1,1,0.0,0,0,0,-9999.0,1.0,1,P2_CV0,2,2,0,2,0
3,2532969.44,705413.5711,R3_F3_m-1f-1_P3_Y-1_U18,-9999,-9999,FXX,1,31.03422029761606,1,1,1.0,0,0,0,-9999.0,0.5,1,P2_CV0,2,1,1,2,0
3,2532969.44,705413.5711,R3_F3_m-1f-1_P3_Y-1_U20,-9999,-9999,FXX,1,31.03422029761606,1,1,0.0,0,0,0,-9999.0,0.5,1,P2_CV0,2,1,1,0,2
3,2532969.44,705413.5711,R3_F3_m-1f-1_P3_Y-1_U21,-9999,-9999,MXY,1,31.03422029761606,1,1,0.0,0,0,0,-9999.0,0.5,1,P2_CV0,2,1,1,1,1
3,2532969.44,705413.5711,R3_F3_m-1f-1_P3_Y-1_U23,-9999,-9999,MXY,1,31.03422029761606,1,1,0.0,0,0,0,-9999.0,0.5,1,P2_CV0,2,1,1,0,2
3,2532969.44,705413.5711,R3_F3_m-1f-1_P3_Y-1_U28,-9999,-9999,MXY,1,31.03422029761606,1,1,0.0,0,0,0,-9999.0,1.0,1,P2_CV0,2,2,0,2,0
3,2532969.44,705413.5711,R3_F3_m-1f-1_P3_Y-1_U29,-9999,-9999,FXX,1,31.03422029761606,1,1,1.0,0,0,0,-9999.0,0.5,1,P2_CV0,2,1,1,1,1
3,2532969.44,705413.5711,R3_F3_m-1f-1_P3_Y-1_U31,-9999,-9999,MXY,1,31.03422029761606,1,1,0.0,0,0,0,-9999.0,0.5,1,P2_CV0,2,1,1,2,0
3,2532969.44,705413.5711,R3_F3_m-1f-1_P3_Y-1_U35,-9999,-9999,MXY,1,31.03422029761606,1,1,0.0,0,0,0,-9999.0,0.5,1,P2_CV0,2,1,1,0,2
3,2532969.44,705413.5711,R3_F3_m-1f-1_P3_Y-1_U36,-9999,-9999,FXX,1,31.03422029761606,1,1,1.0,0,0,0,-9999.0,1.0,1,P2_CV0,2,2,0,1,1
3,2532969.44,705413.5711,R3_F3_m-1f-1_P3_Y-1_U41,-9999,-9999,MXY,1,31.03422029761606,1,1,0.0,0,0,0,-9999.0,0.5,1,P2_CV0,2,1,1,2,0
3,2532969.44,705413.5711,R3_F3_m-1f-1_P3_Y-1_U42,-9999,-9999,MXY,1,31.03422029761606,1,1,0.0,0,0,0,-9999.0,0.5,1,P2_CV0,2,1,1,1,1
3,2532969.44,705413.5711,R3_F3_m-1f-1_P3_Y-1_U43,-9999,-9999,FXX,1,31.03422029761606,1,1,1.221,0,0,0,-9999.0,0.0,1,P2_CV0,2,0,2,2,0
3,2532969.44,705413.5711,R3_F3_m-1f-1_P3_Y-1_U44,-9999,-9999,FXX,1,31.03422029761606,1,1,2.254,0,0,0,-9999.0,0.5,1,P2_CV0,2,1,1,1,1
3,2532969.44,705413.5711,R3_F3_m-1f-1_P3_Y-1_U46,-9999,-9999,FXX,1,31.03422029761606,1,1,1.0,0,0,0,-9999.0,0.5,1,P2_CV0,2,1,1,1,1
3,2532969.44,705413.5711,R3_F3_m-1f-1_P3_Y-1_U49,-9999,-9999,MXY,1,31.03422029761606,1,1,0.0,0,0,0,-9999.0,0.5,1,P2_CV0,2,1,1,0,2
3,2532969.44,705413.5711,R3_F3_m-1f-1_P3_Y-1_U51,-9999,-9999,FXX,1,31.03422029761606,1,1,2.062,0,0,0,-9999.0,0.5,1,P2_CV0,2,1,1,1,1
3,2532969.44,705413.5711,R3_F3_m-1f-1_P3_Y-1_U53,-9999,-9999,MXY,1,31.03422029761606,1,1,0.0,0,0,0,-9999.0,0.0,1,P2_CV0,2,0,2,1,1
3,2532969.44,705413.5711,R3_F3_m-1f-1_P3_Y-1_U54,-9999,-9999,MXY,1,31.03422029761606,1,1,0.0,0,0,0,-9999.0,1.0,1,P2_CV0,2,2,0,0,2
3,2532969.44,705413.5711,R3_F3_m-1f-1_P3_Y-1_U55,-9999,-9999,MXY,1,31.03422029761606,1,1,0.0,0,0,0,-9999.0,0.0,1,P2_CV0,2,0,2,1,1
3,2532969.44,705413.5711,R3_F3_m-1f-1_P3_Y-1_U57,-9999,-9999,MXY,1,31.03422029761606,1,1,0.0,0,0,0,-9999.0,1.0,1,P2_CV0,2,2,0,2,0
3,2532969.44,705413.5711,R3_F3_m-1f-1_P3_Y-1_U59,-9999,-9999,MXY,1,31.03422029761606,1,1,0.0,0,0,0,-9999.0,1.0,1,P2_CV0,2,2,0,0,2
3,2532969.44,705413.5711,R3_F3_m-1f-1_P3_Y-1_U61,-9999,-9999,FXX,1,31.03422029761606,1,1,0.0,0,0,0,-9999.0,1.0,1,P2_CV0,2,2,0,2,0
3,2532969.44,705413.5711,R3_F3_m-1f-1_P3_Y-1_U62,-9999,-9999,FXX,1,31.03422029761606,1,1,1.0,0,0,0,-9999.0,0.0,1,P2_CV0,2,0,2,1,1
3,2532969.44,705413.5711,R3_F3_m-1f-1_P3_Y-1_U63,-9999,-9999,MXY,1,31.03422029761606,1,1,0.0,0,0,0,-9999.0,0.0,1,P2_CV0,2,0,2,1,1
3,2532969.44,705413.5711,R3_F3_m-1f-1_P3_Y-1_U64,-9999,-9999,MXY,1,31.03422029761606,1,1,0.0,0,0,0,-9999.0,1.0,1,P2_CV0,2,2,0,1,1
3,2532969.44,705413.5711,R3_F3_m-1f-1_P3_Y-1_U65,-9999,-9999,MXY,1,31.03422029761606,1,1,0.0,0,0,0,-9999.0,0.5,1,P2_CV0,2,1,1,0,2
3,2532969.44,705413.5711,R3_F3_m-1f-1_P3_Y-1_U67,-9999,-9999,FXX,1,31.03422029761606,1,1,1.222,0,0,0,-9999.0,0.0,1,P2_CV0,2,0,2,0,2
3,2532969.44,705413.5711,R3_F3_m-1f-1_P3_Y-1_U71,-9999,-9999,MXY,1,31.03422029761606,1,1,0.0,0,0,0,-9999.0,1.0,1,P2_CV0,2,2,0,1,1
3,2532969.44,705413.5711,R3_F3_m-1f-1_P3_Y-1_U72,-9999,-9999,FXX,1,31.03422029761606,1,1,1.926,0,0,0,-9999.0,0.5,1,P2_CV0,2,1,1,1,1
3,2532969.44,705413.5711,R3_F3_m-1f-1_P3_Y-1_U74,-9999,-9999,MXY,1,31.03422029761606,1,1,0.0,0,0,0,-9999.0,1.0,1,P2_CV0,2,2,0,2,0
3,2532969.44,705413.5711,R3_F3_m-1f-1_P3_Y-1_U75,-9999,-9999,MXY,1,31.03422029761606,1,1,0.0,0,0,0,-9999.0,0.0,1,P2_CV0,2,0,2,1,1
3,2532969.44,705413.5711,R3_F3_m-1f-1_P3_Y-1_U76,-9999,-9999,FXX,1,31.03422029761606,1,1,1.171,0,0,0,-9999.0,0.5,1,P2_CV0,2,1,1,1,1
3,2532969.44,705413.5711,R3_F3_m-1f-1_P3_Y-1_U77,-9999,-9999,FXX,1,31.03422029761606,1,1,1.957,0,0,0,-9999.0,0.5,1,P2_CV0,2,1,1,1,1
3,2532969.44,705413.5711,R3_F3_m-1f-1_P3_Y-1_U78,-9999,-9999,MXY,1,31.03422029761606,1,1,0.0,0,0,0,-9999.0,0.0,1,P2_CV0,2,0,2,0,2
3,2532969.44,705413.5711,R3_F3_m-1f-1_P3_Y-1_U88,-9999,-9999,MXY,1,31.03422029761606,1,1,0.0,0,0,0,-9999.0,0.5,1,P2_CV0,2,1,1,1,1
3,2532969.44,705413.5711,R3_F3_m-1f-1_P3_Y-1_U90,-9999,-9999,MXY,1,31.03422029761606,1,1,0.0,0,0,0,-9999.0,0.5,1,P2_CV0,2,1,1,0,2
3,2532969.44,705413.5711,R3_F3_m-1f-1_P3_Y-1_U91,-9999,-9999,FXX,1,31.03422029761606,1,1,1.849,0,0,0,-9999.0,0.5,1,P2_CV0,2,1,1,1,1
3,2532969.44,705413.5711,R3_F3_m-1f-1_P3_Y-1_U92,-9999,-9999,MXY,1,31.03422029761606,1,1,0.0,0,0,0,-9999.0,0.5,1,P2_CV0,2,1,1,1,1
3,2532969.44,705413.5711,R3_F3_m-1f-1_P3_Y-1_U93,-9999,-9999,MXY,1,31.03422029761606,1,1,0.0,0,0,0,-9999.0,0.5,1,P2_CV0,2,1,1,2,0
3,2532969.44,705413.5711,R3_F3_m-1f-1_P3_Y-1_U95,-9999,-9999,FXX,1,31.03422029761606,1,1,0.0,0,0,0,-9999.0,0.5,1,P2_CV0,2,1,1,1,1
3,2532969.44,705413.5711,R3_F3_m-1f-1_P3_Y-1_U97,-9999,-9999,FXX,1,31.03422029761606,1,1,1.0,0,0,0,-9999.0,0.5,1,P2_CV0,2,1,1,2,0
3,2532969.44,705413.5711,R3_F3_m-1f-1_P3_Y-1_U98,-9999,-9999,FXX,1,31.03422029761606,1,1,1.173,0,0,0,-9999.0,0.5,1,P2_CV0,2,1,1,1,1
3,2532969.44,705413.5711,R3_F3_m-1f-1_P3_Y-1_U103,-9999,-9999,FXX,1,31.03422029761606,1,1,1.831,0,0,0,-9999.0,0.5,1,P2_CV0,2,1,1,1,1
3,2532969.44,705413.5711,R3_F3_m-1f-1_P3_Y-1_U107,-9999,-9999,FXX,1,31.03422029761606,1,1,2.57,0,0,0,-9999.0,0.5,1,P2_CV0,2,1,1,1,1
3,2532969.44,705413.5711,R3_F3_m-1f-1_P3_Y-1_U109,-9999,-9999,FXX,1,31.03422029761606,1,1,1.0,0,0,0,-9999.0,0.5,1,P2_CV0,2,1,1,1,1
3,2532969.44,705413.5711,R3_F3_m-1f-1_P3_Y-1_U112,-9999,-9999,FXX,1,31.03422029761606,1,1,0.0,0,0,0,-9999.0,0.5,1,P2_CV0,2,1,1,1,1
3,2532969.44,705413.5711,R3_F3_m-1f-1_P3_Y-1_U117,-9999,-9999,FXX,1,31.03422029761606,1,1,0.0,0,0,0,-9999.0,1.0,1,P2_CV0,2,2,0,1,1
3,2532969.44,705413.5711,R3_F3_m-1f-1_P3_Y-1_U123,-9999,-9999,MXY,1,31.03422029761606,1,1,0.0,0,0,0,-9999.0,1.0,1,P2_CV0,2,2,0,1,1
3,2532969.44,705413.5711,R3_F3_m-1f-1_P3_Y-1_U124,-9999,-9999,MXY,1,31.03422029761606,1,1,0.0,0,0,0,-9999.0,0.0,1,P2_CV0,2,0,2,1,1
3,2532969.44,705413.5711,R3_F3_m-1f-1_P3_Y-1_U125,-9999,-9999,FXX,1,31.03422029761606,1,1,1.565,0,0,0,-9999.0,0.0,1,P2_CV0,2,0,2,2,0
3,2532969.44,705413.5711,R3_F3_m-1f-1_P3_Y-1_U127,-9999,-9999,FXX,1,31.03422029761606,1,1,1.0,0,0,0,-9999.0,0.5,1,P2_CV0,2,1,1,1,1
3,2532969.44,705413.5711,R3_F3_m-1f-1_P3_Y-1_U1,-9999,-9999,FXX,2,56.306768371224486,1,0,1.751,0,0,0,-9999.0,0.0,1,P2_CV0,2,0,2,1,1
3,2532969.44,705413.5711,R3_F3_m-1f-1_P3_Y-1_U6,-9999,-9999,FXX,2,57.654768371224485,1,0,1.524,0,0,0,-9999.0,1.0,1,P2_CV0,2,2,0,0,2
3,2532969.44,705413.5711,R3_F3_m-1f-1_P3_Y-1_U11,-9999,-9999,MXY,2,55.72376837122449,1,0,0.0,0,0,0,-9999.0,0.5,1,P2_CV0,2,1,1,2,0
3,2532969.44,705413.5711,R3_F3_m-1f-1_P3_Y-1_U15,-9999,-9999,MXY,2,44.011768371224484,1,0,0.0,0,0,0,-9999.0,0.0,1,P2_CV0,2,0,2,0,2
3,2532969.44,705413.5711,R3_F3_m-1f-1_P3_Y-1_U19,-9999,-9999,MXY,2,44.54076837122449,1,0,0.0,0,0,0,-9999.0,0.0,1,P2_CV0,2,0,2,0,2
3,2532969.44,705413.5711,R3_F3_m-1f-1_P3_Y-1_U22,-9999,-9999,MXY,2,45.566768371224484,1,0,0.0,0,0,0,-9999.0,1.0,1,P2_CV0,2,2,0,2,0
3,2532969.44,705413.5711,R3_F3_m-1f-1_P3_Y-1_U24,-9999,-9999,FXX,2,54.852768371224485,1,0,0.0,0,0,0,-9999.0,1.0,1,P2_CV0,2,2,0,0,2
3,2532969.44,705413.5711,R3_F3_m-1f-1_P3_Y-1_U26,-9999,-9999,FXX,2,43.49476837122449,1,0,0.0,0,0,0,-9999.0,0.0,1,P2_CV0,2,0,2,0,2
3,2532969.44,705413.5711,R3_F3_m-1f-1_P3_Y-1_U30,-9999,-9999,MXY,2,52.770768371224484,1,0,0.0,0,0,0,-9999.0,0.5,1,P2_CV0,2,1,1,1,1
3,2532969.44,705413.5711,R3_F3_m-1f-1_P3_Y-1_U37,-9999,-9999,FXX,2,49.99676837122449,1,0,1.821,0,0,0,-9999.0,1.0,1,P2_CV0,2,2,0,0,2
3,2532969.44,705413.5711,R3_F3_m-1f-1_P3_Y-1_U38,-9999,-9999,FXX,2,56.20776837122449,1,0,1.0,0,0,0,-9999.0,1.0,1,P2_CV0,2,2,0,1,1
3,2532969.44,705413.5711,R3_F3_m-1f-1_P3_Y-1_U45,-9999,-9999,MXY,2,48.10676837122449,1,0,0.0,0,0,0,-9999.0,0.0,1,P2_CV0,2,0,2,1,1
3,2532969.44,705413.5711,R3_F3_m-1f-1_P3_Y-1_U47,-9999,-9999,FXX,2,58.197768371224484,1,0,1.0,0,0,0,-9999.0,1.0,1,P2_CV0,2,2,0,1,1
3,2532969.44,705413.5711,R3_F3_m-1f-1_P3_Y-1_U48,-9999,-9999,FXX,2,51.06776837122449,1,0,1.966,0,0,0,-9999.0,1.0,1,P2_CV0,2,2,0,1,1
3,2532969.44,705413.5711,R3_F3_m-1f-1_P3_Y-1_U50,-9999,-9999,FXX,2,57.33676837122449,1,0,1.362,0,0,0,-9999.0,1.0,1,P2_CV0,2,2,0,2,0
3,2532969.44,705413.5711,R3_F3_m-1f-1_P3_Y-1_U52,-9999,-9999,FXX,2,49.11276837122449,1,0,1.0,0,0,0,-9999.0,0.5,1,P2_CV0,2,1,1,1,1
3,2532969.44,705413.5711,R3_F3_m-1f-1_P3_Y-1_U56,-9999,-9999,MXY,2,51.559768371224486,1,0,0.0,0,0,0,-9999.0,0.5,1,P2_CV0,2,1,1,0,2
3,2532969.44,705413.5711,R3_F3_m-1f-1_P3_Y-1_U58,-9999,-9999,MXY,2,56.92376837122449,1,0,0.0,0,0,0,-9999.0,0.0,1,P2_CV0,2,0,2,1,1
3,2532969.44,705413.5711,R3_F3_m-1f-1_P3_Y-1_U60,-9999,-9999,FXX,2,62.623768371224486,1,0,0.0,0,0,0,-9999.0,0.5,1,P2_CV0,2,1,1,1,1
3,2532969.44,705413.5711,R3_F3_m-1f-1_P3_Y-1_U66,-9999,-9999,MXY,2,48.690768371224486,1,0,0.0,0,0,0,-9999.0,0.5,1,P2_CV0,2,1,1,2,0
3,2532969.44,705413.5711,R3_F3_m-1f-1_P3_Y-1_U69,-9999,-9999,FXX,2,45.279768371224485,1,0,1.149,0,0,0,-9999.0,0.0,1,P2_CV0,2,0,2,2,0
3,2532969.44,705413.5711,R3_F3_m-1f-1_P3_Y-1_U73,-9999,-9999,MXY,2,61.27876837122449,1,0,0.0,0,0,0,-9999.0,1.0,1,P2_CV0,2,2,0,1,1
3,2532969.44,705413.5711,R3_F3_m-1f-1_P3_Y-1_U79,-9999,-9999,FXX,2,56.532768371224485,1,0,1.0,0,0,0,-9999.0,1.0,1,P2_CV0,2,2,0,1,1
3,2532969.44,705413.5711,R3_F3_m-1f-1_P3_Y-1_U81,-9999,-9999,MXY,2,56.18576837122449,1,0,0.0,0,0,0,-9999.0,0.5,1,P2_CV0,2,1,1,0,2
3,2532969.44,705413.5711,R3_F3_m-1f-1_P3_Y-1_U82,-9999,-9999,MXY,2,48.64776837122449,1,0,0.0,0,0,0,-9999.0,1.0,1,P2_CV0,2,2,0,1,1
3,2532969.44,705413.5711,R3_F3_m-1f-1_P3_Y-1_U83,-9999,-9999,MXY,2,55.74776837122449,1,0,0.0,0,0,0,-9999.0,0.5,1,P2_CV0,2,1,1,1,1
3,2532969.44,705413.5711,R3_F3_m-1f-1_P3_Y-1_U86,-9999,-9999,FXX,2,46.574768371224486,1,0,1.0,0,0,0,-9999.0,1.0,1,P2_CV0,2,2,0,1,1
3,2532969.44,705413.5711,R3_F3_m-1f-1_P3_Y-1_U100,-9999,-9999,MXY,2,57.559768371224486,1,0,0.0,0,0,0,-9999.0,0.5,1,P2_CV0,2,1,1,2,0
3,2532969.44,705413.5711,R3_F3_m-1f-1_P3_Y-1_U102,-9999,-9999,MXY,2,51.51276837122449,1,0,0.0,0,0,0,-9999.0,1.0,1,P2_CV0,2,2,0,2,0
3,2532969.44,705413.5711,R3_F3_m-1f-1_P3_Y-1_U110,-9999,-9999,MXY,2,47.56176837122449,1,0,0.0,0,0,0,-9999.0,0.5,1,P2_CV0,2,1,1,0,2
3,2532969.44,705413.5711,R3_F3_m-1f-1_P3_Y-1_U111,-9999,-9999,FXX,2,53.063768371224484,1,0,1.0,0,0,0,-9999.0,0.0,1,P2_CV0,2,0,2,0,2
3,2532969.44,705413.5711,R3_F3_m-1f-1_P3_Y-1_U116,-9999,-9999,MXY,2,49.294768371224485,1,0,0.0,0,0,0,-9999.0,0.5,1,P2_CV0,2,1,1,0,2
3,2532969.44,705413.5711,R3_F3_m-1f-1_P3_Y-1_U121,-9999,-9999,FXX,2,57.544768371224485,1,0,0.0,0,0,0,-9999.0,0.5,1,P2_CV0,2,1,1,0,2
3,2532969.44,705413.5711,R3_F3_m-1f-1_P3_Y-1_U122,-9999,-9999,MXY,2,50.468768371224485,1,0,0.0,0,0,0,-9999.0,0.5,1,P2_CV0,2,1,1,1,1
3,2532969.44,705413.5711,R3_F3_m-1f-1_P3_Y-1_U14,-9999,-9999,FXX,3,92.02627364563666,1,0,1.0,0,0,0,-9999.0,0.5,1,P2_CV0,2,1,1,0,2
3,2532969.44,705413.5711,R3_F3_m-1f-1_P3_Y-1_U25,-9999,-9999,FXX,3,92.02627364563666,1,0,1.12,0,0,0,-9999.0,1.0,1,P2_CV0,2,2,0,1,1
3,2532969.44,705413.5711,R3_F3_m-1f-1_P3_Y-1_U27,-9999,-9999,MXY,3,92.02627364563666,1,0,0.0,0,0,0,-9999.0,0.5,1,P2_CV0,2,1,1,1,1
3,2532969.44,705413.5711,R3_F3_m-1f-1_P3_Y-1_U34,-9999,-9999,FXX,3,92.02627364563666,1,0,2.233,0,0,0,-9999.0,0.0,1,P2_CV0,2,0,2,0,2
3,2532969.44,705413.5711,R3_F3_m-1f-1_P3_Y-1_U40,-9999,-9999,FXX,3,92.02627364563666,1,0,0.0,0,0,0,-9999.0,1.0,1,P2_CV0,2,2,0,1,1
3,2532969.44,705413.5711,R3_F3_m-1f-1_P3_Y-1_U70,-9999,-9999,MXY,3,92.02627364563666,1,0,0.0,0,0,0,-9999.0,0.0,1,P2_CV0,2,0,2,1,1
3,2532969.44,705413.5711,R3_F3_m-1f-1_P3_Y-1_U80,-9999,-9999,FXX,3,92.02627364563666,1,0,2.531,0,0,0,-9999.0,0.5,1,P2_CV0,2,1,1,2,0
3,2532969.44,705413.5711,R3_F3_m-1f-1_P3_Y-1_U84,-9999,-9999,MXY,3,92.02627364563666,1,0,0.0,0,0,0,-9999.0,1.0,1,P2_CV0,2,2,0,1,1
3,2532969.44,705413.5711,R3_F3_m-1f-1_P3_Y-1_U87,-9999,-9999,MXY,3,92.02627364563666,1,0,0.0,0,0,0,-9999.0,0.5,1,P2_CV0,2,1,1,1,1
3,2532969.44,705413.5711,R3_F3_m-1f-1_P3_Y-1_U89,-9999,-9999,MXY,3,92.02627364563666,1,0,0.0,0,0,0,-9999.0,0.5,1,P2_CV0,2,1,1,2,0
3,2532969.44,705413.5711,R3_F3_m-1f-1_P3_Y-1_U96,-9999,-9999,FXX,3,92.02627364563666,1,0,0.0,0,0,0,-9999.0,0.5,1,P2_CV0,2,1,1,2,0
3,2532969.44,705413.5711,R3_F3_m-1f-1_P3_Y-1_U113,-9999,-9999,FXX,3,92.02627364563666,1,0,1.0,0,0,0,-9999.0,0.5,1,P2_CV0,2,1,1,1,1
3,2532969.44,705413.5711,R3_F3_m-1f-1_P3_Y-1_U115,-9999,-9999,FXX,3,92.02627364563666,1,0,0.0,0,0,0,-9999.0,0.5,1,P2_CV0,2,1,1,2,0
3,2532969.44,705413.5711,R3_F3_m-1f-1_P3_Y-1_U118,-9999,-9999,FXX,3,92.02627364563666,1,0,0.0,0,0,0,-9999.0,0.5,1,P2_CV0,2,1,1,1,1
3,2532969.44,705413.5711,R3_F3_m-1f-1_P3_Y-1_U119,-9999,-9999,MXY,3,92.02627364563666,1,0,0.0,0,0,0,-9999.0,0.5,1,P2_CV0,2,1,1,2,0
3,2532969.44,705413.5711,R3_F3_m-1f-1_P3_Y-1_U120,-9999,-9999,FXX,3,92.02627364563666,1,0,1.571,0,0,0,-9999.0,0.5,1,P2_CV0,2,1,1,1,1
3,2532969.44,705413.5711,R3_F3_m-1f-1_P3_Y-1_U32,-9999,-9999,MXY,4,123.66138957236079,1,0,0.0,0,0,0,-9999.0,1.0,1,P2_CV0,2,2,0,0,2
3,2532969.44,705413.5711,R3_F3_m-1f-1_P3_Y-1_U39,-9999,-9999,FXX,4,117.15438957236078,1,0,0.0,0,0,0,-9999.0,1.0,1,P2_CV0,2,2,0,2,0
3,2532969.44,705413.5711,R3_F3_m-1f-1_P3_Y-1_U85,-9999,-9999,FXX,4,108.31538957236079,1,0,1.0,0,0,0,-9999.0,1.0,1,P2_CV0,2,2,0,1,1
3,2532969.44,705413.5711,R3_F3_m-1f-1_P3_Y-1_U94,-9999,-9999,FXX,4,110.25438957236078,1,0,1.032,0,0,0,-9999.0,1.0,1,P2_CV0,2,2,0,1,1
3,2532969.44,705413.5711,R3_F3_m-1f-1_P3_Y-1_U105,-9999,-9999,MXY,4,119.25038957236079,1,0,0.0,0,0,0,-9999.0,0.5,1,P2_CV0,2,1,1,1,1
3,2532969.44,705413.5711,R3_F3_m-1f-1_P3_Y-1_U33,-9999,-9999,MXY,4,136.11438957236078,1,0,0.0,0,0,0,-9999.0,1.0,1,P2_CV0,2,2,0,2,0
3,2532969.44,705413.5711,R3_F3_m-1f-1_P3_Y-1_U101,-9999,-9999,MXY,4,136.32338957236078,1,0,0.0,0,0,0,-9999.0,0.5,1,P2_CV0,2,1,1,0,2
3,2532969.44,705413.5711,R3_F3_m-1f-1_P3_Y-1_U104,-9999,-9999,FXX,5,153.22619726757327,1,0,1.228,0,0,0,-9999.0,0.5,1,P2_CV0,2,1,1,1,1
4,2539041.489,728416.6747,Age0_F4_m4f4_P4_Y0_UO30,R4_F4_m-1f-1_P4_Y-1_U67,R4_F4_m-1f-1_P4_Y-1_U43,FXX,0,31.00440473478923,0,0,0.0,0,0,0,0.0,0.5,1,P3_CV0,2,1,1,1,1
4,2539041.489,728416.6747,Age0_F4_m4f4_P4_Y0_UO31,R4_F4_m-1f-1_P4_Y-1_U67,R4_F4_m-1f-1_P4_Y-1_U43,FXX,0,31.00440473478923,0,0,0.0,0,0,0,0.0,0.5,1,P3_CV0,2,2,0,1,1
4,2539041.489,728416.6747,Age0_F4_m4f4_P4_Y0_UO32,R4_F4_m-1f-1_P4_Y-1_U67,R4_F4_m-1f-1_P4_Y-1_U43,FXX,0,31.00440473478923,0,0,0.0,0,0,0,0.0,0.5,1,P3_CV0,2,2,0,1,1
4,2539041.489,728416.6747,Age0_F4_m4f4_P4_Y0_UO33,R4_F4_m-1f-1_P4_Y-1_U67,R4_F4_m-1f-1_P4_Y-1_U43,MXY,0,31.00440473478923,0,0,0.0,0,0,0,0.0,0.5,1,P3_CV0,2,1,1,1,1
4,2539041.489,728416.6747,Age0_F4_m4f4_P4_Y0_UO34,R4_F4_m-1f-1_P4_Y-1_U67,R4_F4_m-1f-1_P4_Y-1_U43,FXX,0,31.00440473478923,0,0,0.0,0,0,0,0.0,0.5,1,P3_CV0,2,2,0,1,1
4,2539041.489,728416.6747,Age0_F4_m4f4_P4_Y0_UO55,R4_F4_m-1f-1_P4_Y-1_U33,R4_F4_m-1f-1_P4_Y-1_U111,FXX,0,31.00440473478923,0,0,0.0,0,0,0,0.0,0.5,1,P3_CV0,2,0,2,0,2
4,2539041.489,728416.6747,Age0_F4_m4f4_P4_Y0_UO56,R4_F4_m-1f-1_P4_Y-1_U33,R4_F4_m-1f-1_P4_Y-1_U111,MXY,0,31.00440473478923,0,0,0.0,0,0,0,0.0,0.5,1,P3_CV0,2,0,2,1,1
4,2539041.489,728416.6747,Age0_F4_m4f4_P4_Y0_UO57,R4_F4_m-1f-1_P4_Y-1_U33,R4_F4_m-1f-1_P4_Y-1_U111,MXY,0,31.00440473478923,0,0,0.0,0,0,0,0.0,0.5,1,P3_CV0,2,1,1,1,1
4,2539041.489,728416.6747,Age0_F4_m4f4_P4_Y0_UO58,R4_F4_m-1f-1_P4_Y-1_U36,R4_F4_m-1f-1_P4_Y-1_U43,MXY,0,31.00440473478923,0,0,0.0,0,0,0,0.0,0.75,1,P3_CV0,2,2,0,2,0
4,2539041.489,728416.6747,Age0_F4_m4f4_P4_Y0_UO59,R4_F4_m-1f-1_P4_Y-1_U36,R4_F4_m-1f-1_P4_Y-1_U43,FXX,0,31.00440473478923,0,0,0.0,0,0,0,0.0,0.75,1,P3_CV0,2,0,2,1,1
4,2539041.489,728416.6747,Age0_F4_m4f4_P4_Y0_UO60,R4_F4_m-1f-1_P4_Y-1_U33,R4_F4_m-1f-1_P4_Y-1_U113,MXY,0,31.00440473478923,0,0,0.0,0,0,0,0.0,0.75,1,P3_CV0,2,0,2,1,1
4,2539041.489,728416.6747,Age0_F4_m4f4_P4_Y0_UO61,R4_F4_m-1f-1_P4_Y-1_U33,R4_F4_m-1f-1_P4_Y-1_U113,MXY,0,31.00440473478923,0,0,0.0,0,0,0,0.0,0.75,1,P3_CV0,2,2,0,2,0
4,2539041.489,728416.6747,Age0_F4_m4f4_P4_Y0_UO65,R4_F4_m-1f-1_P4_Y-1_U62,R4_F4_m-1f-1_P4_Y-1_U101,FXX,0,31.00440473478923,0,0,0.0,0,0,0,0.0,0.25,1,P3_CV0,2,1,1,1,1
4,2539041.489,728416.6747,Age0_F4_m4f4_P4_Y0_UO66,R4_F4_m-1f-1_P4_Y-1_U62,R4_F4_m-1f-1_P4_Y-1_U101,MXY,0,31.00440473478923,0,0,0.0,0,0,0,0.0,0.25,1,P3_CV0,2,1,1,0,2
4,2539041.489,728416.6747,Age0_F4_m4f4_P4_Y0_UO67,R4_F4_m-1f-1_P4_Y-1_U62,R4_F4_m-1f-1_P4_Y-1_U101,MXY,0,31.00440473478923,0,0,0.0,0,0,0,0.0,0.25,1,P3_CV0,2,1,1,1,1
4,2539041.489,728416.6747,Age0_F4_m4f4_P4_Y0_UO83,R4_F4_m-1f-1_P4_Y-1_U87,R4_F4_m-1f-1_P4_Y-1_U44,FXX,0,31.00440473478923,0,0,0.0,0,0,0,0.0,0.75,1,P3_CV0,2,1,1,1,1
4,2539041.489,728416.6747,Age0_F4_m4f4_P4_Y0_UO84,R4_F4_m-1f-1_P4_Y-1_U87,R4_F4_m-1f-1_P4_Y-1_U44,FXX,0,31.00440473478923,0,0,0.0,0,0,0,0.0,0.75,1,P3_CV0,2,1,1,0,2
4,2539041.489,728416.6747,Age0_F4_m4f4_P4_Y0_UO85,R4_F4_m-1f-1_P4_Y-1_U87,R4_F4_m-1f-1_P4_Y-1_U44,FXX,0,31.00440473478923,0,0,0.0,0,0,0,0.0,0.75,1,P3_CV0,2,1,1,0,2
4,2539041.489,728416.6747,Age0_F4_m4f4_P4_Y0_UO86,R4_F4_m-1f-1_P4_Y-1_U36,R4_F4_m-1f-1_P4_Y-1_U125,FXX,0,31.00440473478923,0,0,0.0,0,0,0,0.0,1.0,1,P3_CV0,2,0,2,1,1
4,2539041.489,728416.6747,Age0_F4_m4f4_P4_Y0_UO87,R4_F4_m-1f-1_P4_Y-1_U36,R4_F4_m-1f-1_P4_Y-1_U125,FXX,0,31.00440473478923,0,0,0.0,0,0,0,0.0,1.0,1,P3_CV0,2,0,2,0,2
4,2539041.489,728416.6747,Age0_F4_m4f4_P4_Y0_UO115,R4_F4_m-1f-1_P4_Y-1_U106,R4_F4_m-1f-1_P4_Y-1_U24,MXY,0,31.00440473478923,0,0,0.0,0,0,0,0.0,1.0,1,P3_CV0,2,1,1,1,1
4,2539041.489,728416.6747,Age0_F4_m4f4_P4_Y0_UO116,R4_F4_m-1f-1_P4_Y-1_U106,R4_F4_m-1f-1_P4_Y-1_U24,FXX,0,31.00440473478923,0,0,0.0,0,0,0,0.0,1.0,1,P3_CV0,2,1,1,0,2
4,2539041.489,728416.6747,Age0_F4_m4f4_P4_Y0_UO117,R4_F4_m-1f-1_P4_Y-1_U106,R4_F4_m-1f-1_P4_Y-1_U24,MXY,0,31.00440473478923,0,0,0.0,0,0,0,0.0,1.0,1,P3_CV0,2,0,2,0,2
4,2539041.489,728416.6747,Age0_F4_m4f4_P4_Y0_UO127,R4_F4_m-1f-1_P4_Y-1_U39,R4_F4_m-1f-1_P4_Y-1_U44,FXX,0,31.00440473478923,0,0,0.0,0,0,0,0.0,0.75,1,P3_CV0,2,2,0,1,1
4,2539041.489,728416.6747,Age0_F4_m4f4_P4_Y0_UO128,R4_F4_m-1f-1_P4_Y-1_U39,R4_F4_m-1f-1_P4_Y-1_U44,FXX,0,31.00440473478923,0,0,0.0,0,0,0,0.0,0.75,1,P3_CV0,2,0,2,2,0
4,2539041.489,728416.6747,Age0_F4_m4f4_P4_Y0_UO144,R4_F4_m-1f-1_P4_Y-1_U87,R4_F4_m-1f-1_P4_Y-1_U70,MXY,0,31.00440473478923,0,0,0.0,0,0,0,0.0,0.75,1,P3_CV0,2,1,1,2,0
4,2539041.489,728416.6747,Age0_F4_m4f4_P4_Y0_UO145,R4_F4_m-1f-1_P4_Y-1_U87,R4_F4_m-1f-1_P4_Y-1_U70,FXX,0,31.00440473478923,0,0,0.0,0,0,0,0.0,0.75,1,P3_CV0,2,0,2,0,2
4,2539041.489,728416.6747,Age0_F4_m4f4_P4_Y0_UO157,R4_F4_m-1f-1_P4_Y-1_U39,R4_F4_m-1f-1_P4_Y-1_U118,MXY,0,31.00440473478923,0,0,0.0,0,0,0,0.0,1.0,1,P3_CV0,2,1,1,1,1
4,2539041.489,728416.6747,Age0_F4_m4f4_P4_Y0_UO158,R4_F4_m-1f-1_P4_Y-1_U39,R4_F4_m-1f-1_P4_Y-1_U118,MXY,0,31.00440473478923,0,0,0.0,0,0,0,0.0,1.0,1,P3_CV0,2,2,0,2,0
4,2539041.489,728416.6747,Age0_F4_m4f4_P4_Y0_UO161,R4_F4_m-1f-1_P4_Y-1_U117,R4_F4_m-1f-1_P4_Y-1_U115,FXX,0,31.00440473478923,0,0,0.0,0,0,0,0.0,0.75,1,P3_CV0,2,1,1,1,1
4,2539041.489,728416.6747,Age0_F4_m4f4_P4_Y0_UO162,R4_F4_m-1f-1_P4_Y-1_U117,R4_F4_m-1f-1_P4_Y-1_U115,MXY,0,31.00440473478923,0,0,0.0,0,0,0,0.0,0.75,1,P3_CV0,2,0,2,2,0
4,2539041.489,728416.6747,Age0_F4_m4f4_P4_Y0_UO163,R4_F4_m-1f-1_P4_Y-1_U117,R4_F4_m-1f-1_P4_Y-1_U115,FXX,0,31.00440473478923,0,0,0.0,0,0,0,0.0,0.75,1,P3_CV0,2,0,2,0,2
4,2539041.489,728416.6747,Age0_F4_m4f4_P4_Y0_UO185,R4_F4_m-1f-1_P4_Y-1_U5,R4_F4_m-1f-1_P4_Y-1_U122,FXX,0,31.00440473478923,0,0,0.0,0,0,0,0.0,0.5,1,P3_CV0,2,2,0,2,0
4,2539041.489,728416.6747,Age0_F4_m4f4_P4_Y0_UO186,R4_F4_m-1f-1_P4_Y-1_U5,R4_F4_m-1f-1_P4_Y-1_U122,MXY,0,31.00440473478923,0,0,0.0,0,0,0,0.0,0.5,1,P3_CV0,2,2,0,1,1
4,2539041.489,728416.6747,Age0_F4_m4f4_P4_Y0_UO187,R4_F4_m-1f-1_P4_Y-1_U5,R4_F4_m-1f-1_P4_Y-1_U122,MXY,0,31.00440473478923,0,0,0.0,0,0,0,0.0,0.5,1,P3_CV0,2,1,1,2,0
4,2539041.489,728416.6747,Age0_F4_m4f4_P4_Y0_UO188,R4_F4_m-1f-1_P4_Y-1_U5,R4_F4_m-1f-1_P4_Y-1_U122,MXY,0,31.00440473478923,0,0,0.0,0,0,0,0.0,0.5,1,P3_CV0,2,0,2,1,1
4,2539041.489,728416.6747,Age0_F4_m4f4_P4_Y0_UO212,R4_F4_m-1f-1_P4_Y-1_U87,R4_F4_m-1f-1_P4_Y-1_U125,FXX,0,31.00440473478923,0,0,0.0,0,0,0,0.0,1.0,1,P3_CV0,2,0,2,0,2
4,2539041.489,728416.6747,Age0_F4_m4f4_P4_Y0_UO220,R4_F4_m-1f-1_P4_Y-1_U117,R4_F4_m-1f-1_P4_Y-1_U49,MXY,0,31.00440473478923,0,0,0.0,0,0,0,0.0,0.5,1,P3_CV0,2,2,0,1,1
4,2539041.489,728416.6747,Age0_F4_m4f4_P4_Y0_UO221,R4_F4_m-1f-1_P4_Y-1_U117,R4_F4_m-1f-1_P4_Y-1_U49,MXY,0,31.00440473478923,0,0,0.0,0,0,0,0.0,0.5,1,P3_CV0,2,2,0,2,0
4,2539041.489,728416.6747,Age0_F4_m4f4_P4_Y0_UO222,R4_F4_m-1f-1_P4_Y-1_U117,R4_F4_m-1f-1_P4_Y-1_U49,FXX,0,31.00440473478923,0,0,0.0,0,0,0,0.0,0.5,1,P3_CV0,2,1,1,0,2
4,2539041.489,728416.6747,Age0_F4_m4f4_P4_Y0_UO228,R4_F4_m-1f-1_P4_Y-1_U79,R4_F4_m-1f-1_P4_Y-1_U1,MXY,0,31.00440473478923,0,0,0.0,0,0,0,0.0,0.5,1,P3_CV0,2,1,1,1,1
4,2539041.489,728416.6747,Age0_F4_m4f4_P4_Y0_UO236,R4_F4_m-1f-1_P4_Y-1_U33,R4_F4_m-1f-1_P4_Y-1_U24,FXX,0,31.00440473478923,0,0,0.0,0,0,0,0.0,0.75,1,P3_CV0,2,0,2,2,0
4,2539041.489,728416.6747,Age0_F4_m4f4_P4_Y0_UO245,R4_F4_m-1f-1_P4_Y-1_U117,R4_F4_m-1f-1_P4_Y-1_U30,MXY,0,31.00440473478923,0,0,0.0,0,0,0,0.0,0.75,1,P3_CV0,2,2,0,0,2
4,2539041.489,728416.6747,Age0_F4_m4f4_P4_Y0_UO246,R4_F4_m-1f-1_P4_Y-1_U117,R4_F4_m-1f-1_P4_Y-1_U30,MXY,0,31.00440473478923,0,0,0.0,0,0,0,0.0,0.75,1,P3_CV0,2,0,2,0,2
4,2539041.489,728416.6747,Age0_F4_m4f4_P4_Y0_UO247,R4_F4_m-1f-1_P4_Y-1_U117,R4_F4_m-1f-1_P4_Y-1_U30,MXY,0,31.00440473478923,0,0,0.0,0,0,0,0.0,0.75,1,P3_CV0,2,2,0,1,1
4,2539041.489,728416.6747,Age0_F4_m4f4_P4_Y0_UO248,R4_F4_m-1f-1_P4_Y-1_U8,R4_F4_m-1f-1_P4_Y-1_U69,FXX,0,31.00440473478923,0,0,0.0,0,0,0,0.0,0.75,1,P3_CV0,2,2,0,1,1
4,2539041.489,728416.6747,Age0_F4_m4f4_P4_Y0_UO249,R4_F4_m-1f-1_P4_Y-1_U8,R4_F4_m-1f-1_P4_Y-1_U69,FXX,0,31.00440473478923,0,0,0.0,0,0,0,0.0,0.75,1,P3_CV0,2,1,1,1,1
4,2539041.489,728416.6747,Age0_F4_m4f4_P4_Y0_UO250,R4_F4_m-1f-1_P4_Y-1_U8,R4_F4_m-1f-1_P4_Y-1_U69,MXY,0,31.00440473478923,0,0,0.0,0,0,0,0.0,0.75,1,P3_CV0,2,1,1,1,1
4,2539041.489,728416.6747,Age0_F4_m4f4_P4_Y0_UO289,R4_F4_m-1f-1_P4_Y-1_U38,R4_F4_m-1f-1_P4_Y-1_U115,FXX,0,31.00440473478923,0,0,0.0,0,0,0,0.0,0.5,1,P3_CV0,2,1,1,1,1
4,2539041.489,728416.6747,Age0_F4_m4f4_P4_Y0_UO290,R4_F4_m-1f-1_P4_Y-1_U38,R4_F4_m-1f-1_P4_Y-1_U115,FXX,0,31.00440473478923,0,0,0.0,0,0,0,0.0,0.5,1,P3_CV0,2,2,0,1,1
4,2539041.489,728416.6747,Age0_F4_m4f4_P4_Y0_UO291,R4_F4_m-1f-1_P4_Y-1_U38,R4_F4_m-1f-1_P4_Y-1_U115,MXY,0,31.00440473478923,0,0,0.0,0,0,0,0.0,0.5,1,P3_CV0,2,1,1,1,1
4,2539041.489,728416.6747,Age0_F4_m4f4_P4_Y0_UO292,R4_F4_m-1f-1_P4_Y-1_U82,R4_F4_m-1f-1_P4_Y-1_U120,FXX,0,31.00440473478923,0,0,0.0,0,0,0,0.0,0.25,1,P3_CV0,2,1,1,1,1
4,2539041.489,728416.6747,Age0_F4_m4f4_P4_Y0_UO293,R4_F4_m-1f-1_P4_Y-1_U82,R4_F4_m-1f-1_P4_Y-1_U120,MXY,0,31.00440473478923,0,0,0.0,0,0,0,0.0,0.25,1,P3_CV0,2,0,2,1,1
4,2539041.489,728416.6747,Age0_F4_m4f4_P4_Y0_UO294,R4_F4_m-1f-1_P4_Y-1_U82,R4_F4_m-1f-1_P4_Y-1_U120,FXX,0,31.00440473478923,0,0,0.0,0,0,0,0.0,0.25,1,P3_CV0,2,2,0,0,2
4,2539041.489,728416.6747,Age0_F4_m4f4_P4_Y0_UO295,R4_F4_m-1f-1_P4_Y-1_U82,R4_F4_m-1f-1_P4_Y-1_U120,MXY,0,31.00440473478923,0,0,0.0,0,0,0,0.0,0.25,1,P3_CV0,2,2,0,2,0
4,2539041.489,728416.6747,Age0_F4_m4f4_P4_Y0_UO303,R4_F4_m-1f-1_P4_Y-1_U25,R4_F4_m-1f-1_P4_Y-1_U112,FXX,0,31.00440473478923,0,0,0.0,0,0,0,0.0,0.5,1,P3_CV0,2,1,1,1,1
4,2539041.489,728416.6747,Age0_F4_m4f4_P4_Y0_UO306,R4_F4_m-1f-1_P4_Y-1_U52,R4_F4_m-1f-1_P4_Y-1_U90,MXY,0,31.00440473478923,0,0,0.0,0,0,0,0.0,1.0,1,P3_CV0,2,1,1,2,0
4,2539041.489,728416.6747,Age0_F4_m4f4_P4_Y0_UO307,R4_F4_m-1f-1_P4_Y-1_U52,R4_F4_m-1f-1_P4_Y-1_U90,MXY,0,31.00440473478923,0,0,0.0,0,0,0,0.0,1.0,1,P3_CV0,2,1,1,0,2
4,2539041.489,728416.6747,Age0_F4_m4f4_P4_Y0_UO318,R4_F4_m-1f-1_P4_Y-1_U87,R4_F4_m-1f-1_P4_Y-1_U122,MXY,0,31.00440473478923,0,0,0.0,0,0,0,0.0,0.75,1,P3_CV0,2,2,0,1,1
4,2539041.489,728416.6747,Age0_F4_m4f4_P4_Y0_UO319,R4_F4_m-1f-1_P4_Y-1_U87,R4_F4_m-1f-1_P4_Y-1_U122,FXX,0,31.00440473478923,0,0,0.0,0,0,0,0.0,0.75,1,P3_CV0,2,1,1,1,1
4,2539041.489,728416.6747,Age0_F4_m4f4_P4_Y0_UO320,R4_F4_m-1f-1_P4_Y-1_U87,R4_F4_m-1f-1_P4_Y-1_U122,MXY,0,31.00440473478923,0,0,0.0,0,0,0,0.0,0.75,1,P3_CV0,2,1,1,1,1
4,2539041.489,728416.6747,Age0_F4_m4f4_P4_Y0_UO321,R4_F4_m-1f-1_P4_Y-1_U38,R4_F4_m-1f-1_P4_Y-1_U54,MXY,0,31.00440473478923,0,0,0.0,0,0,0,0.0,0.75,1,P3_CV0,2,1,1,0,2
4,2539041.489,728416.6747,Age0_F4_m4f4_P4_Y0_UO322,R4_F4_m-1f-1_P4_Y-1_U38,R4_F4_m-1f-1_P4_Y-1_U54,MXY,0,31.00440473478923,0,0,0.0,0,0,0,0.0,0.75,1,P3_CV0,2,1,1,2,0
4,2539041.489,728416.6747,Age0_F4_m4f4_P4_Y0_UO323,R4_F4_m-1f-1_P4_Y-1_U38,R4_F4_m-1f-1_P4_Y-1_U54,MXY,0,31.00440473478923,0,0,0.0,0,0,0,0.0,0.75,1,P3_CV0,2,1,1,1,1
4,2539041.489,728416.6747,Age0_F4_m4f4_P4_Y0_UO324,R4_F4_m-1f-1_P4_Y-1_U38,R4_F4_m-1f-1_P4_Y-1_U54,MXY,0,31.00440473478923,0,0,0.0,0,0,0,0.0,0.75,1,P3_CV0,2,1,1,0,2
4,2539041.489,728416.6747,Age0_F4_m4f4_P4_Y0_UO325,R4_F4_m-1f-1_P4_Y-1_U38,R4_F4_m-1f-1_P4_Y-1_U54,MXY,0,31.00440473478923,0,0,0.0,0,0,0,0.0,0.75,1,P3_CV0,2,1,1,0,2
4,2539041.489,728416.6747,Age0_F4_m4f4_P4_Y0_UO326,R4_F4_m-1f-1_P4_Y-1_U38,R4_F4_m-1f-1_P4_Y-1_U54,FXX,0,31.00440473478923,0,0,0.0,0,0,0,0.0,0.75,1,P3_CV0,2,1,1,1,1
4,2539041.489,728416.6747,Age0_F4_m4f4_P4_Y0_UO342,R4_F4_m-1f-1_P4_Y-1_U25,R4_F4_m-1f-1_P4_Y-1_U74,MXY,0,31.00440473478923,0,0,0.0,0,0,0,0.0,0.25,1,P3_CV0,2,1,1,1,1
4,2539041.489,728416.6747,Age0_F4_m4f4_P4_Y0_UO343,R4_F4_m-1f-1_P4_Y-1_U25,R4_F4_m-1f-1_P4_Y-1_U74,MXY,0,31.00440473478923,0,0,0.0,0,0,0,0.0,0.25,1,P3_CV0,2,1,1,2,0
4,2539041.489,728416.6747,Age0_F4_m4f4_P4_Y0_UO362,R4_F4_m-1f-1_P4_Y-1_U62,R4_F4_m-1f-1_P4_Y-1_U48,MXY,0,31.00440473478923,0,0,0.0,0,0,0,0.0,0.75,1,P3_CV0,2,0,2,1,1
4,2539041.489,728416.6747,Age0_F4_m4f4_P4_Y0_UO363,R4_F4_m-1f-1_P4_Y-1_U62,R4_F4_m-1f-1_P4_Y-1_U48,FXX,0,31.00440473478923,0,0,0.0,0,0,0,0.0,0.75,1,P3_CV0,2,1,1,1,1
4,2539041.489,728416.6747,Age0_F4_m4f4_P4_Y0_UO408,R4_F4_m-1f-1_P4_Y-1_U66,R4_F4_m-1f-1_P4_Y-1_U101,MXY,0,31.00440473478923,0,0,0.0,0,0,0,0.0,0.5,1,P3_CV0,2,0,2,1,1
4,2539041.489,728416.6747,Age0_F4_m4f4_P4_Y0_UO409,R4_F4_m-1f-1_P4_Y-1_U66,R4_F4_m-1f-1_P4_Y-1_U101,MXY,0,31.00440473478923,0,0,0.0,0,0,0,0.0,0.5,1,P3_CV0,2,2,0,2,0
4,2539041.489,728416.6747,Age0_F4_m4f4_P4_Y0_UO417,R4_F4_m-1f-1_P4_Y-1_U14,R4_F4_m-1f-1_P4_Y-1_U12,FXX,0,31.00440473478923,0,0,0.0,0,0,0,0.0,0.75,1,P3_CV0,2,2,0,2,0
4,2539041.489,728416.6747,Age0_F4_m4f4_P4_Y0_UO418,R4_F4_m-1f-1_P4_Y-1_U14,R4_F4_m-1f-1_P4_Y-1_U12,FXX,0,31.00440473478923,0,0,0.0,0,0,0,0.0,0.75,1,P3_CV0,2,1,1,1,1
4,2539041.489,728416.6747,Age0_F4_m4f4_P4_Y0_UO419,R4_F4_m-1f-1_P4_Y-1_U14,R4_F4_m-1f-1_P4_Y-1_U12,FXX,0,31.00440473478923,0,0,0.0,0,0,0,0.0,0.75,1,P3_CV0,2,1,1,0,2
4,2539041.489,728416.6747,Age0_F4_m4f4_P4_Y0_UO420,R4_F4_m-1f-1_P4_Y-1_U14,R4_F4_m-1f-1_P4_Y-1_U12,FXX,0,31.00440473478923,0,0,0.0,0,0,0,0.0,0.75,1,P3_CV0,2,2,0,1,1
4,2539041.489,728416.6747,Age0_F4_m4f4_P4_Y0_UO440,R4_F4_m-1f-1_P4_Y-1_U36,R4_F4_m-1f-1_P4_Y-1_U81,MXY,0,31.00440473478923,0,0,0.0,0,0,0,0.0,0.75,1,P3_CV0,2,1,1,1,1
4,2539041.489,728416.6747,Age0_F4_m4f4_P4_Y0_UO441,R4_F4_m-1f-1_P4_Y-1_U36,R4_F4_m-1f-1_P4_Y-1_U81,FXX,0,31.00440473478923,0,0,0.0,0,0,0,0.0,0.75,1,P3_CV0,2,1,1,1,1
4,2539041.489,728416.6747,Age0_F4_m4f4_P4_Y0_UO442,R4_F4_m-1f-1_P4_Y-1_U36,R4_F4_m-1f-1_P4_Y-1_U81,MXY,0,31.00440473478923,0,0,0.0,0,0,0,0.0,0.75,1,P3_CV0,2,1,1,1,1
4,2539041.489,728416.6747,Age0_F4_m4f4_P4_Y0_UO540,R4_F4_m-1f-1_P4_Y-1_U38,R4_F4_m-1f-1_P4_Y-1_U54,FXX,0,31.00440473478923,0,0,0.0,0,0,0,0.0,0.75,1,P3_CV0,2,2,0,1,1
4,2539041.489,728416.6747,Age0_F4_m4f4_P4_Y0_UO559,R4_F4_m-1f-1_P4_Y-1_U41,R4_F4_m-1f-1_P4_Y-1_U30,FXX,0,31.00440473478923,0,0,0.0,0,0,0,0.0,0.5,1,P3_CV0,2,0,2,1,1
4,2539041.489,728416.6747,Age0_F4_m4f4_P4_Y0_UO560,R4_F4_m-1f-1_P4_Y-1_U41,R4_F4_m-1f-1_P4_Y-1_U30,MXY,0,31.00440473478923,0,0,0.0,0,0,0,0.0,0.5,1,P3_CV0,2,0,2,2,0
4,2539041.489,728416.6747,Age0_F4_m4f4_P4_Y0_UO561,R4_F4_m-1f-1_P4_Y-1_U41,R4_F4_m-1f-1_P4_Y-1_U30,MXY,0,31.00440473478923,0,0,0.0,0,0,0,0.0,0.5,1,P3_CV0,2,1,1,1,1
4,2539041.489,728416.6747,Age0_F4_m4f4_P4_Y0_UO562,R4_F4_m-1f-1_P4_Y-1_U33,R4_F4_m-1f-1_P4_Y-1_U81,FXX,0,31.00440473478923,0,0,0.0,0,0,0,0.0,0.5,1,P3_CV0,2,2,0,1,1
4,2539041.489,728416.6747,Age0_F4_m4f4_P4_Y0_UO563,R4_F4_m-1f-1_P4_Y-1_U33,R4_F4_m-1f-1_P4_Y-1_U81,FXX,0,31.00440473478923,0,0,0.0,0,0,0,0.0,0.5,1,P3_CV0,2,1,1,2,0
4,2539041.489,728416.6747,Age0_F4_m4f4_P4_Y0_UO567,R4_F4_m-1f-1_P4_Y-1_U14,R4_F4_m-1f-1_P4_Y-1_U43,MXY,0,31.00440473478923,0,0,0.0,0,0,0,0.0,0.75,1,P3_CV0,2,1,1,1,1
4,2539041.489,728416.6747,Age0_F4_m4f4_P4_Y0_UO568,R4_F4_m-1f-1_P4_Y-1_U14,R4_F4_m-1f-1_P4_Y-1_U43,MXY,0,31.00440473478923,0,0,0.0,0,0,0,0.0,0.75,1,P3_CV0,2,1,1,0,2
4,2539041.489,728416.6747,Age0_F4_m4f4_P4_Y0_UO569,R4_F4_m-1f-1_P4_Y-1_U14,R4_F4_m-1f-1_P4_Y-1_U43,FXX,0,31.00440473478923,0,0,0.0,0,0,0,0.0,0.75,1,P3_CV0,2,1,1,1,1
4,2539041.489,728416.6747,Age0_F4_m4f4_P4_Y0_UO570,R4_F4_m-1f-1_P4_Y-1_U14,R4_F4_m-1f-1_P4_Y-1_U90,FXX,0,31.00440473478923,0,0,0.0,0,0,0,0.0,1.0,1,P3_CV0,2,1,1,2,0
4,2539041.489,728416.6747,Age0_F4_m4f4_P4_Y0_UO571,R4_F4_m-1f-1_P4_Y-1_U14,R4_F4_m-1f-1_P4_Y-1_U90,MXY,0,31.00440473478923,0,0,0.0,0,0,0,0.0,1.0,1,P3_CV0,2,1,1,0,2
4,2539041.489,728416.6747,Age0_F4_m4f4_P4_Y0_UO572,R4_F4_m-1f-1_P4_Y-1_U14,R4_F4_m-1f-1_P4_Y-1_U90,FXX,0,31.00440473478923,0,0,0.0,0,0,0,0.0,1.0,1,P3_CV0,2,1,1,1,1
4,2539041.489,728416.6747,Age0_F4_m4f4_P4_Y0_UO600,R4_F4_m-1f-1_P4_Y-1_U33,R4_F4_m-1f-1_P4_Y-1_U12,FXX,0,31.00440473478923,0,0,0.0,0,0,0,0.0,0.5,1,P3_CV0,2,2,0,2,0
4,2539041.489,728416.6747,Age0_F4_m4f4_P4_Y0_UO612,R4_F4_m-1f-1_P4_Y-1_U38,R4_F4_m-1f-1_P4_Y-1_U69,FXX,0,31.00440473478923,0,0,0.0,0,0,0,0.0,0.75,1,P3_CV0,2,0,2,1,1
4,2539041.489,728416.6747,Age0_F4_m4f4_P4_Y0_UO613,R4_F4_m-1f-1_P4_Y-1_U38,R4_F4_m-1f-1_P4_Y-1_U69,FXX,0,31.00440473478923,0,0,0.0,0,0,0,0.0,0.75,1,P3_CV0,2,1,1,0,2
4,2539041.489,728416.6747,Age0_F4_m4f4_P4_Y0_UO614,R4_F4_m-1f-1_P4_Y-1_U38,R4_F4_m-1f-1_P4_Y-1_U69,FXX,0,31.00440473478923,0,0,0.0,0,0,0,0.0,0.75,1,P3_CV0,2,1,1,0,2
4,2539041.489,728416.6747,Age0_F4_m4f4_P4_Y0_UO615,R4_F4_m-1f-1_P4_Y-1_U38,R4_F4_m-1f-1_P4_Y-1_U69,MXY,0,31.00440473478923,0,0,0.0,0,0,0,0.0,0.75,1,P3_CV0,2,1,1,1,1
4,2539041.489,728416.6747,Age0_F4_m4f4_P4_Y0_UO616,R4_F4_m-1f-1_P4_Y-1_U5,R4_F4_m-1f-1_P4_Y-1_U120,MXY,0,31.00440473478923,0,0,0.0,0,0,0,0.0,0.5,1,P3_CV0,2,2,0,1,1
4,2539041.489,728416.6747,Age0_F4_m4f4_P4_Y0_UO617,R4_F4_m-1f-1_P4_Y-1_U5,R4_F4_m-1f-1_P4_Y-1_U120,MXY,0,31.00440473478923,0,0,0.0,0,0,0,0.0,0.5,1,P3_CV0,2,2,0,2,0
4,2539041.489,728416.6747,Age0_F4_m4f4_P4_Y0_UO618,R4_F4_m-1f-1_P4_Y-1_U5,R4_F4_m-1f-1_P4_Y-1_U120,FXX,0,31.00440473478923,0,0,0.0,0,0,0,0.0,0.5,1,P3_CV0,2,1,1,2,0
4,2539041.489,728416.6747,Age0_F4_m4f4_P4_Y0_UO619,R4_F4_m-1f-1_P4_Y-1_U87,R4_F4_m-1f-1_P4_Y-1_U107,MXY,0,31.00440473478923,0,0,0.0,0,0,0,0.0,0.5,1,P3_CV0,2,1,1,1,1
4,2539041.489,728416.6747,Age0_F4_m4f4_P4_Y0_UO623,R4_F4_m-1f-1_P4_Y-1_U19,R4_F4_m-1f-1_P4_Y-1_U107,MXY,0,31.00440473478923,0,0,0.0,0,0,0,0.0,0.25,1,P3_CV0,2,1,1,2,0
4,2539041.489,728416.6747,Age0_F4_m4f4_P4_Y0_UO624,R4_F4_m-1f-1_P4_Y-1_U19,R4_F4_m-1f-1_P4_Y-1_U107,FXX,0,31.00440473478923,0,0,0.0,0,0,0,0.0,0.25,1,P3_CV0,2,1,1,2,0
4,2539041.489,728416.6747,Age0_F4_m4f4_P4_Y0_UO625,R4_F4_m-1f-1_P4_Y-1_U19,R4_F4_m-1f-1_P4_Y-1_U107,MXY,0,31.00440473478923,0,0,0.0,0,0,0,0.0,0.25,1,P3_CV0,2,0,2,0,2
4,2539041.489,728416.6747,Age0_F4_m4f4_P4_Y0_UO686,R4_F4_m-1f-1_P4_Y-1_U82,R4_F4_m-1f-1_P4_Y-1_U37,FXX,0,31.00440473478923,0,0,0.0,0,0,0,0.0,0.0,1,P3_CV0,2,0,2,2,0
4,2539041.489,728416.6747,Age0_F4_m4f4_P4_Y0_UO687,R4_F4_m-1f-1_P4_Y-1_U82,R4_F4_m-1f-1_P4_Y-1_U37,FXX,0,31.00440473478923,0,0,0.0,0,0,0,0.0,0.0,1,P3_CV0,2,1,1,1,1
4,2539041.489,728416.6747,Age0_F4_m4f4_P4_Y0_UO702,R4_F4_m-1f-1_P4_Y-1_U62,R4_F4_m-1f-1_P4_Y-1_U70,FXX,0,31.00440473478923,0,0,0.0,0,0,0,0.0,0.5,1,P3_CV0,2,1,1,1,1
4,2539041.489,728416.6747,Age0_F4_m4f4_P4_Y0_UO703,R4_F4_m-1f-1_P4_Y-1_U62,R4_F4_m-1f-1_P4_Y-1_U70,MXY,0,31.00440473478923,0,0,0.0,0,0,0,0.0,0.5,1,P3_CV0,2,0,2,1,1
4,2539041.489,728416.6747,Age0_F4_m4f4_P4_Y0_UO704,R4_F4_m-1f-1_P4_Y-1_U62,R4_F4_m-1f-1_P4_Y-1_U70,MXY,0,31.00440473478923,0,0,0.0,0,0,0,0.0,0.5,1,P3_CV0,2,2,0,1,1
4,2539041.489,728416.6747,Age0_F4_m4f4_P4_Y0_UO708,R4_F4_m-1f-1_P4_Y-1_U19,R4_F4_m-1f-1_P4_Y-1_U112,FXX,0,31.00440473478923,0,0,0.0,0,0,0,0.0,0.75,1,P3_CV0,2,1,1,2,0
4,2539041.489,728416.6747,Age0_F4_m4f4_P4_Y0_UO709,R4_F4_m-1f-1_P4_Y-1_U19,R4_F4_m-1f-1_P4_Y-1_U112,MXY,0,31.00440473478923,0,0,0.0,0,0,0,0.0,0.75,1,P3_CV0,2,2,0,1,1
4,2539041.489,728416.6747,Age0_F4_m4f4_P4_Y0_UO710,R4_F4_m-1f-1_P4_Y-1_U19,R4_F4_m-1f-1_P4_Y-1_U112,MXY,0,31.00440473478923,0,0,0.0,0,0,0,0.0,0.75,1,P3_CV0,2,1,1,2,0
4,2539041.489,728416.6747,R4_F4_m-1f-1_P4_Y-1_U0,-9999,-9999,FXX,1,56.68303743878534,1,1,2.008,0,0,0,-9999.0,1.0,1,P3_CV0,2,2,0,1,1
4,2539041.489,728416.6747,R4_F4_m-1f-1_P4_Y-1_U2,-9999,-9999,FXX,1,56.68303743878534,1,1,1.0,0,0,0,-9999.0,1.0,1,P3_CV0,2,2,0,0,2
4,2539041.489,728416.6747,R4_F4_m-1f-1_P4_Y-1_U3,-9999,-9999,FXX,1,56.68303743878534,1,1,0.0,0,0,0,-9999.0,0.0,1,P3_CV0,2,0,2,1,1
4,2539041.489,728416.6747,R4_F4_m-1f-1_P4_Y-1_U6,-9999,-9999,FXX,1,56.68303743878534,1,1,2.229,0,0,0,-9999.0,1.0,1,P3_CV0,2,2,0,0,2
4,2539041.489,728416.6747,R4_F4_m-1f-1_P4_Y-1_U9,-9999,-9999,MXY,1,56.68303743878534,1,1,0.0,0,0,0,-9999.0,0.5,1,P3_CV0,2,1,1,1,1
4,2539041.489,728416.6747,R4_F4_m-1f-1_P4_Y-1_U15,-9999,-9999,MXY,1,56.68303743878534,1,1,0.0,0,0,0,-9999.0,1.0,1,P3_CV0,2,2,0,1,1
4,2539041.489,728416.6747,R4_F4_m-1f-1_P4_Y-1_U18,-9999,-9999,MXY,1,56.68303743878534,1,1,0.0,0,0,0,-9999.0,1.0,1,P3_CV0,2,2,0,1,1
4,2539041.489,728416.6747,R4_F4_m-1f-1_P4_Y-1_U20,-9999,-9999,MXY,1,56.68303743878534,1,1,0.0,0,0,0,-9999.0,0.5,1,P3_CV0,2,1,1,1,1
4,2539041.489,728416.6747,R4_F4_m-1f-1_P4_Y-1_U22,-9999,-9999,MXY,1,56.68303743878534,1,1,0.0,0,0,0,-9999.0,1.0,1,P3_CV0,2,2,0,1,1
4,2539041.489,728416.6747,R4_F4_m-1f-1_P4_Y-1_U23,-9999,-9999,FXX,1,56.68303743878534,1,1,0.0,0,0,0,-9999.0,0.0,1,P3_CV0,2,0,2,1,1
4,2539041.489,728416.6747,R4_F4_m-1f-1_P4_Y-1_U26,-9999,-9999,FXX,1,56.68303743878534,1,1,3.199,0,0,0,-9999.0,0.5,1,P3_CV0,2,1,1,1,1
4,2539041.489,728416.6747,R4_F4_m-1f-1_P4_Y-1_U27,-9999,-9999,FXX,1,56.68303743878534,1,1,0.0,0,0,0,-9999.0,0.5,1,P3_CV0,2,1,1,2,0
4,2539041.489,728416.6747,R4_F4_m-1f-1_P4_Y-1_U28,-9999,-9999,MXY,1,56.68303743878534,1,1,0.0,0,0,0,-9999.0,0.5,1,P3_CV0,2,1,1,1,1
4,2539041.489,728416.6747,R4_F4_m-1f-1_P4_Y-1_U29,-9999,-9999,MXY,1,56.68303743878534,1,1,0.0,0,0,0,-9999.0,0.5,1,P3_CV0,2,1,1,1,1
4,2539041.489,728416.6747,R4_F4_m-1f-1_P4_Y-1_U31,-9999,-9999,FXX,1,56.68303743878534,1,1,1.549,0,0,0,-9999.0,0.5,1,P3_CV0,2,1,1,2,0
4,2539041.489,728416.6747,R4_F4_m-1f-1_P4_Y-1_U32,-9999,-9999,FXX,1,56.68303743878534,1,1,1.0,0,0,0,-9999.0,0.0,1,P3_CV0,2,0,2,1,1
4,2539041.489,728416.6747,R4_F4_m-1f-1_P4_Y-1_U35,-9999,-9999,MXY,1,56.68303743878534,1,1,0.0,0,0,0,-9999.0,1.0,1,P3_CV0,2,2,0,2,0
4,2539041.489,728416.6747,R4_F4_m-1f-1_P4_Y-1_U42,-9999,-9999,MXY,1,56.68303743878534,1,1,0.0,0,0,0,-9999.0,0.5,1,P3_CV0,2,1,1,1,1
4,2539041.489,728416.6747,R4_F4_m-1f-1_P4_Y-1_U45,-9999,-9999,FXX,1,56.68303743878534,1,1,3.49,0,0,0,-9999.0,0.5,1,P3_CV0,2,1,1,1,1
4,2539041.489,728416.6747,R4_F4_m-1f-1_P4_Y-1_U47,-9999,-9999,MXY,1,56.68303743878534,1,1,0.0,0,0,0,-9999.0,1.0,1,P3_CV0,2,2,0,1,1
4,2539041.489,728416.6747,R4_F4_m-1f-1_P4_Y-1_U50,-9999,-9999,MXY,1,56.68303743878534,1,1,0.0,0,0,0,-9999.0,0.5,1,P3_CV0,2,1,1,0,2
4,2539041.489,728416.6747,R4_F4_m-1f-1_P4_Y-1_U51,-9999,-9999,FXX,1,56.68303743878534,1,1,1.255,0,0,0,-9999.0,0.5,1,P3_CV0,2,1,1,1,1
4,2539041.489,728416.6747,R4_F4_m-1f-1_P4_Y-1_U55,-9999,-9999,FXX,1,56.68303743878534,1,1,2.733,0,0,0,-9999.0,1.0,1,P3_CV0,2,2,0,1,1
4,2539041.489,728416.6747,R4_F4_m-1f-1_P4_Y-1_U56,-9999,-9999,MXY,1,56.68303743878534,1,1,0.0,0,0,0,-9999.0,0.0,1,P3_CV0,2,0,2,1,1
4,2539041.489,728416.6747,R4_F4_m-1f-1_P4_Y-1_U57,-9999,-9999,FXX,1,56.68303743878534,1,1,1.431,0,0,0,-9999.0,0.0,1,P3_CV0,2,0,2,0,2
4,2539041.489,728416.6747,R4_F4_m-1f-1_P4_Y-1_U58,-9999,-9999,MXY,1,56.68303743878534,1,1,0.0,0,0,0,-9999.0,0.0,1,P3_CV0,2,0,2,1,1
4,2539041.489,728416.6747,R4_F4_m-1f-1_P4_Y-1_U60,-9999,-9999,MXY,1,56.68303743878534,1,1,0.0,0,0,0,-9999.0,1.0,1,P3_CV0,2,2,0,0,2
4,2539041.489,728416.6747,R4_F4_m-1f-1_P4_Y-1_U61,-9999,-9999,MXY,1,56.68303743878534,1,1,0.0,0,0,0,-9999.0,0.5,1,P3_CV0,2,1,1,0,2
4,2539041.489,728416.6747,R4_F4_m-1f-1_P4_Y-1_U63,-9999,-9999,MXY,1,56.68303743878534,1,1,0.0,0,0,0,-9999.0,0.0,1,P3_CV0,2,0,2,1,1
4,2539041.489,728416.6747,R4_F4_m-1f-1_P4_Y-1_U65,-9999,-9999,FXX,1,56.68303743878534,1,1,0.0,0,0,0,-9999.0,1.0,1,P3_CV0,2,2,0,1,1
4,2539041.489,728416.6747,R4_F4_m-1f-1_P4_Y-1_U68,-9999,-9999,FXX,1,56.68303743878534,1,1,1.817,0,0,0,-9999.0,0.5,1,P3_CV0,2,1,1,1,1
4,2539041.489,728416.6747,R4_F4_m-1f-1_P4_Y-1_U71,-9999,-9999,MXY,1,56.68303743878534,1,1,0.0,0,0,0,-9999.0,0.0,1,P3_CV0,2,0,2,0,2
4,2539041.489,728416.6747,R4_F4_m-1f-1_P4_Y-1_U72,-9999,-9999,FXX,1,56.68303743878534,1,1,0.0,0,0,0,-9999.0,1.0,1,P3_CV0,2,2,0,1,1
4,2539041.489,728416.6747,R4_F4_m-1f-1_P4_Y-1_U73,-9999,-9999,FXX,1,56.68303743878534,1,1,1.02,0,0,0,-9999.0,0.5,1,P3_CV0,2,1,1,1,1
4,2539041.489,728416.6747,R4_F4_m-1f-1_P4_Y-1_U75,-9999,-9999,MXY,1,56.68303743878534,1,1,0.0,0,0,0,-9999.0,0.5,1,P3_CV0,2,1,1,0,2
4,2539041.489,728416.6747,R4_F4_m-1f-1_P4_Y-1_U76,-9999,-9999,MXY,1,56.68303743878534,1,1,0.0,0,0,0,-9999.0,0.0,1,P3_CV0,2,0,2,1,1
4,2539041.489,728416.6747,R4_F4_m-1f-1_P4_Y-1_U77,-9999,-9999,MXY,1,56.68303743878534,1,1,0.0,0,0,0,-9999.0,0.0,1,P3_CV0,2,0,2,1,1
4,2539041.489,728416.6747,R4_F4_m-1f-1_P4_Y-1_U80,-9999,-9999,MXY,1,56.68303743878534,1,1,0.0,0,0,0,-9999.0,0.5,1,P3_CV0,2,1,1,1,1
4,2539041.489,728416.6747,R4_F4_m-1f-1_P4_Y-1_U83,-9999,-9999,FXX,1,56.68303743878534,1,1,0.0,0,0,0,-9999.0,1.0,1,P3_CV0,2,2,0,2,0
4,2539041.489,728416.6747,R4_F4_m-1f-1_P4_Y-1_U84,-9999,-9999,MXY,1,56.68303743878534,1,1,0.0,0,0,0,-9999.0,1.0,1,P3_CV0,2,2,0,0,2
4,2539041.489,728416.6747,R4_F4_m-1f-1_P4_Y-1_U85,-9999,-9999,FXX,1,56.68303743878534,1,1,1.63,0,0,0,-9999.0,0.5,1,P3_CV0,2,1,1,0,2
4,2539041.489,728416.6747,R4_F4_m-1f-1_P4_Y-1_U86,-9999,-9999,FXX,1,56.68303743878534,1,1,1.833,0,0,0,-9999.0,0.5,1,P3_CV0,2,1,1,2,0
4,2539041.489,728416.6747,R4_F4_m-1f-1_P4_Y-1_U88,-9999,-9999,MXY,1,56.68303743878534,1,1,0.0,0,0,0,-9999.0,1.0,1,P3_CV0,2,2,0,2,0
4,2539041.489,728416.6747,R4_F4_m-1f-1_P4_Y-1_U89,-9999,-9999,FXX,1,56.68303743878534,1,1,1.546,0,0,0,-9999.0,1.0,1,P3_CV0,2,2,0,2,0
4,2539041.489,728416.6747,R4_F4_m-1f-1_P4_Y-1_U92,-9999,-9999,FXX,1,56.68303743878534,1,1,1.0,0,0,0,-9999.0,0.5,1,P3_CV0,2,1,1,1,1
4,2539041.489,728416.6747,R4_F4_m-1f-1_P4_Y-1_U93,-9999,-9999,MXY,1,56.68303743878534,1,1,0.0,0,0,0,-9999.0,0.5,1,P3_CV0,2,1,1,1,1
4,2539041.489,728416.6747,R4_F4_m-1f-1_P4_Y-1_U94,-9999,-9999,MXY,1,56.68303743878534,1,1,0.0,0,0,0,-9999.0,0.0,1,P3_CV0,2,0,2,1,1
4,2539041.489,728416.6747,R4_F4_m-1f-1_P4_Y-1_U95,-9999,-9999,MXY,1,56.68303743878534,1,1,0.0,0,0,0,-9999.0,0.0,1,P3_CV0,2,0,2,2,0
4,2539041.489,728416.6747,R4_F4_m-1f-1_P4_Y-1_U98,-9999,-9999,FXX,1,56.68303743878534,1,1,0.0,0,0,0,-9999.0,0.5,1,P3_CV0,2,1,1,2,0
4,2539041.489,728416.6747,R4_F4_m-1f-1_P4_Y-1_U99,-9999,-9999,FXX,1,56.68303743878534,1,1,0.0,0,0,0,-9999.0,0.5,1,P3_CV0,2,1,1,2,0
4,2539041.489,728416.6747,R4_F4_m-1f-1_P4_Y-1_U100,-9999,-9999,FXX,1,56.68303743878534,1,1,1.252,0,0,0,-9999.0,0.5,1,P3_CV0,2,1,1,1,1
4,2539041.489,728416.6747,R4_F4_m-1f-1_P4_Y-1_U102,-9999,-9999,FXX,1,56.68303743878534,1,1,1.142,0,0,0,-9999.0,1.0,1,P3_CV0,2,2,0,2,0
4,2539041.489,728416.6747,R4_F4_m-1f-1_P4_Y-1_U104,-9999,-9999,MXY,1,56.68303743878534,1,1,0.0,0,0,0,-9999.0,0.5,1,P3_CV0,2,1,1,0,2
4,2539041.489,728416.6747,R4_F4_m-1f-1_P4_Y-1_U105,-9999,-9999,MXY,1,56.68303743878534,1,1,0.0,0,0,0,-9999.0,1.0,1,P3_CV0,2,2,0,1,1
4,2539041.489,728416.6747,R4_F4_m-1f-1_P4_Y-1_U108,-9999,-9999,MXY,1,56.68303743878534,1,1,0.0,0,0,0,-9999.0,0.5,1,P3_CV0,2,1,1,0,2
4,2539041.489,728416.6747,R4_F4_m-1f-1_P4_Y-1_U109,-9999,-9999,FXX,1,56.68303743878534,1,1,0.0,0,0,0,-9999.0,0.0,1,P3_CV0,2,0,2,1,1
4,2539041.489,728416.6747,R4_F4_m-1f-1_P4_Y-1_U110,-9999,-9999,FXX,1,56.68303743878534,1,1,2.307,0,0,0,-9999.0,0.5,1,P3_CV0,2,1,1,1,1
4,2539041.489,728416.6747,R4_F4_m-1f-1_P4_Y-1_U114,-9999,-9999,MXY,1,56.68303743878534,1,1,0.0,0,0,0,-9999.0,1.0,1,P3_CV0,2,2,0,2,0
4,2539041.489,728416.6747,R4_F4_m-1f-1_P4_Y-1_U116,-9999,-9999,MXY,1,56.68303743878534,1,1,0.0,0,0,0,-9999.0,0.5,1,P3_CV0,2,1,1,1,1
4,2539041.489,728416.6747,R4_F4_m-1f-1_P4_Y-1_U119,-9999,-9999,MXY,1,56.68303743878534,1,1,0.0,0,0,0,-9999.0,0.5,1,P3_CV0,2,1,1,0,2
4,2539041.489,728416.6747,R4_F4_m-1f-1_P4_Y-1_U121,-9999,-9999,MXY,1,56.68303743878534,1,1,0.0,0,0,0,-9999.0,1.0,1,P3_CV0,2,2,0,2,0
4,2539041.489,728416.6747,R4_F4_m-1f-1_P4_Y-1_U123,-9999,-9999,FXX,1,56.68303743878534,1,1,0.0,0,0,0,-9999.0,0.0,1,P3_CV0,2,0,2,1,1
4,2539041.489,728416.6747,R4_F4_m-1f-1_P4_Y-1_U124,-9999,-9999,FXX,1,56.68303743878534,1,1,0.0,0,0,0,-9999.0,0.0,1,P3_CV0,2,0,2,1,1
4,2539041.489,728416.6747,R4_F4_m-1f-1_P4_Y-1_U127,-9999,-9999,FXX,1,56.68303743878534,1,1,1.0,0,0,0,-9999.0,0.5,1,P3_CV0,2,1,1,1,1
4,2539041.489,728416.6747,R4_F4_m-1f-1_P4_Y-1_U59,-9999,-9999,MXY,2,71.22835666637386,1,0,0.0,0,0,0,-9999.0,0.0,1,P3_CV0,2,0,2,1,1
4,2539041.489,728416.6747,R4_F4_m-1f-1_P4_Y-1_U82,-9999,-9999,FXX,2,71.34135666637385,1,0,1.843,0,0,0,-9999.0,0.0,1,P3_CV0,2,0,2,2,0
4,2539041.489,728416.6747,R4_F4_m-1f-1_P4_Y-1_U1,-9999,-9999,MXY,2,74.14935666637385,1,0,0.0,0,0,0,-9999.0,0.5,1,P3_CV0,2,1,1,2,0
4,2539041.489,728416.6747,R4_F4_m-1f-1_P4_Y-1_U5,-9999,-9999,FXX,2,85.21035666637385,1,0,2.362,0,0,0,-9999.0,0.5,1,P3_CV0,2,1,1,1,1
4,2539041.489,728416.6747,R4_F4_m-1f-1_P4_Y-1_U7,-9999,-9999,FXX,2,87.51835666637385,1,0,1.0,0,0,0,-9999.0,0.0,1,P3_CV0,2,0,2,1,1
4,2539041.489,728416.6747,R4_F4_m-1f-1_P4_Y-1_U11,-9999,-9999,FXX,2,80.92135666637385,1,0,1.0,0,0,0,-9999.0,0.5,1,P3_CV0,2,1,1,0,2
4,2539041.489,728416.6747,R4_F4_m-1f-1_P4_Y-1_U13,-9999,-9999,FXX,2,78.64735666637385,1,0,1.442,0,0,0,-9999.0,1.0,1,P3_CV0,2,2,0,2,0
4,2539041.489,728416.6747,R4_F4_m-1f-1_P4_Y-1_U24,-9999,-9999,MXY,2,82.35335666637386,1,0,0.0,0,0,0,-9999.0,1.0,1,P3_CV0,2,2,0,1,1
4,2539041.489,728416.6747,R4_F4_m-1f-1_P4_Y-1_U30,-9999,-9999,MXY,2,81.22735666637385,1,0,0.0,0,0,0,-9999.0,0.5,1,P3_CV0,2,1,1,0,2
4,2539041.489,728416.6747,R4_F4_m-1f-1_P4_Y-1_U34,-9999,-9999,FXX,2,78.88735666637385,1,0,0.0,0,0,0,-9999.0,0.5,1,P3_CV0,2,1,1,2,0
4,2539041.489,728416.6747,R4_F4_m-1f-1_P4_Y-1_U37,-9999,-9999,MXY,2,82.47035666637385,1,0,0.0,0,0,0,-9999.0,0.0,1,P3_CV0,2,0,2,0,2
4,2539041.489,728416.6747,R4_F4_m-1f-1_P4_Y-1_U38,-9999,-9999,FXX,2,78.93435666637384,1,0,1.0,0,0,0,-9999.0,0.5,1,P3_CV0,2,1,1,1,1
4,2539041.489,728416.6747,R4_F4_m-1f-1_P4_Y-1_U39,-9999,-9999,FXX,2,77.98935666637385,1,0,0.0,0,0,0,-9999.0,1.0,1,P3_CV0,2,2,0,1,1
4,2539041.489,728416.6747,R4_F4_m-1f-1_P4_Y-1_U40,-9999,-9999,FXX,2,73.14135666637385,1,0,1.0,0,0,0,-9999.0,0.5,1,P3_CV0,2,1,1,2,0
4,2539041.489,728416.6747,R4_F4_m-1f-1_P4_Y-1_U43,-9999,-9999,MXY,2,85.66935666637384,1,0,0.0,0,0,0,-9999.0,0.5,1,P3_CV0,2,1,1,0,2
4,2539041.489,728416.6747,R4_F4_m-1f-1_P4_Y-1_U46,-9999,-9999,FXX,2,72.90035666637385,1,0,1.0,0,0,0,-9999.0,0.0,1,P3_CV0,2,0,2,2,0
4,2539041.489,728416.6747,R4_F4_m-1f-1_P4_Y-1_U49,-9999,-9999,MXY,2,79.29235666637385,1,0,0.0,0,0,0,-9999.0,0.0,1,P3_CV0,2,0,2,1,1
4,2539041.489,728416.6747,R4_F4_m-1f-1_P4_Y-1_U52,-9999,-9999,FXX,2,75.31735666637385,1,0,1.177,0,0,0,-9999.0,1.0,1,P3_CV0,2,2,0,2,0
4,2539041.489,728416.6747,R4_F4_m-1f-1_P4_Y-1_U53,-9999,-9999,FXX,2,77.84535666637385,1,0,1.0,0,0,0,-9999.0,0.5,1,P3_CV0,2,1,1,2,0
4,2539041.489,728416.6747,R4_F4_m-1f-1_P4_Y-1_U54,-9999,-9999,MXY,2,80.96535666637385,1,0,0.0,0,0,0,-9999.0,1.0,1,P3_CV0,2,2,0,0,2
4,2539041.489,728416.6747,R4_F4_m-1f-1_P4_Y-1_U66,-9999,-9999,FXX,2,88.71735666637385,1,0,2.351,0,0,0,-9999.0,1.0,1,P3_CV0,2,2,0,1,1
4,2539041.489,728416.6747,R4_F4_m-1f-1_P4_Y-1_U87,-9999,-9999,FXX,2,83.40235666637385,1,0,1.0,0,0,0,-9999.0,1.0,1,P3_CV0,2,2,0,1,1
4,2539041.489,728416.6747,R4_F4_m-1f-1_P4_Y-1_U90,-9999,-9999,MXY,2,87.95235666637384,1,0,0.0,0,0,0,-9999.0,1.0,1,P3_CV0,2,2,0,2,0
4,2539041.489,728416.6747,R4_F4_m-1f-1_P4_Y-1_U97,-9999,-9999,FXX,2,79.43635666637385,1,0,1.0,0,0,0,-9999.0,0.5,1,P3_CV0,2,1,1,0,2
4,2539041.489,728416.6747,R4_F4_m-1f-1_P4_Y-1_U103,-9999,-9999,FXX,2,82.83635666637385,1,0,0.0,0,0,0,-9999.0,1.0,1,P3_CV0,2,2,0,1,1
4,2539041.489,728416.6747,R4_F4_m-1f-1_P4_Y-1_U106,-9999,-9999,FXX,2,81.86035666637385,1,0,1.247,0,0,0,-9999.0,1.0,1,P3_CV0,2,2,0,0,2
4,2539041.489,728416.6747,R4_F4_m-1f-1_P4_Y-1_U111,-9999,-9999,MXY,2,79.84235666637385,1,0,0.0,0,0,0,-9999.0,0.5,1,P3_CV0,2,1,1,1,1
4,2539041.489,728416.6747,R4_F4_m-1f-1_P4_Y-1_U113,-9999,-9999,MXY,2,90.33035666637386,1,0,0.0,0,0,0,-9999.0,1.0,1,P3_CV0,2,2,0,2,0
4,2539041.489,728416.6747,R4_F4_m-1f-1_P4_Y-1_U115,-9999,-9999,MXY,2,83.87435666637386,1,0,0.0,0,0,0,-9999.0,0.5,1,P3_CV0,2,1,1,0,2
4,2539041.489,728416.6747,R4_F4_m-1f-1_P4_Y-1_U78,-9999,-9999,FXX,3,112.89241519185566,1,0,0.0,0,0,0,-9999.0,0.5,1,P3_CV0,2,1,1,0,2
4,2539041.489,728416.6747,R4_F4_m-1f-1_P4_Y-1_U70,-9999,-9999,MXY,3,112.89241519185566,1,0,0.0,0,0,0,-9999.0,0.5,1,P3_CV0,2,1,1,2,0
4,2539041.489,728416.6747,R4_F4_m-1f-1_P4_Y-1_U25,-9999,-9999,FXX,3,112.89241519185566,1,0,1.0,0,0,0,-9999.0,0.0,1,P3_CV0,2,0,2,2,0
4,2539041.489,728416.6747,R4_F4_m-1f-1_P4_Y-1_U21,-9999,-9999,MXY,3,112.89241519185566,1,0,0.0,0,0,0,-9999.0,0.5,1,P3_CV0,2,1,1,1,1
4,2539041.489,728416.6747,R4_F4_m-1f-1_P4_Y-1_U122,-9999,-9999,MXY,3,112.89241519185566,1,0,0.0,0,0,0,-9999.0,0.5,1,P3_CV0,2,1,1,2,0
4,2539041.489,728416.6747,R4_F4_m-1f-1_P4_Y-1_U36,-9999,-9999,FXX,3,112.89241519185566,1,0,0.0,0,0,0,-9999.0,1.0,1,P3_CV0,2,2,0,1,1
4,2539041.489,728416.6747,R4_F4_m-1f-1_P4_Y-1_U4,-9999,-9999,FXX,3,112.89241519185566,1,0,1.96,0,0,0,-9999.0,0.5,1,P3_CV0,2,1,1,2,0
4,2539041.489,728416.6747,R4_F4_m-1f-1_P4_Y-1_U16,-9999,-9999,MXY,3,112.89241519185566,1,0,0.0,0,0,0,-9999.0,0.0,1,P3_CV0,2,0,2,2,0
4,2539041.489,728416.6747,R4_F4_m-1f-1_P4_Y-1_U41,-9999,-9999,FXX,3,112.89241519185566,1,0,1.923,0,0,0,-9999.0,0.5,1,P3_CV0,2,1,1,1,1
4,2539041.489,728416.6747,R4_F4_m-1f-1_P4_Y-1_U48,-9999,-9999,MXY,3,112.89241519185566,1,0,0.0,0,0,0,-9999.0,1.0,1,P3_CV0,2,2,0,1,1
4,2539041.489,728416.6747,R4_F4_m-1f-1_P4_Y-1_U33,-9999,-9999,FXX,3,112.89241519185566,1,0,0.0,0,0,0,-9999.0,0.5,1,P3_CV0,2,1,1,2,0
4,2539041.489,728416.6747,R4_F4_m-1f-1_P4_Y-1_U117,-9999,-9999,FXX,3,112.89241519185566,1,0,2.197,0,0,0,-9999.0,1.0,1,P3_CV0,2,2,0,0,2
4,2539041.489,728416.6747,R4_F4_m-1f-1_P4_Y-1_U19,-9999,-9999,FXX,3,112.89241519185566,1,0,0.0,0,0,0,-9999.0,0.5,1,P3_CV0,2,1,1,2,0
4,2539041.489,728416.6747,R4_F4_m-1f-1_P4_Y-1_U17,-9999,-9999,FXX,3,112.89241519185566,1,0,2.773,0,0,0,-9999.0,1.0,1,P3_CV0,2,2,0,0,2
4,2539041.489,728416.6747,R4_F4_m-1f-1_P4_Y-1_U74,-9999,-9999,MXY,3,112.89241519185566,1,0,0.0,0,0,0,-9999.0,0.5,1,P3_CV0,2,1,1,1,1
4,2539041.489,728416.6747,R4_F4_m-1f-1_P4_Y-1_U79,-9999,-9999,FXX,3,112.89241519185566,1,0,1.0,0,0,0,-9999.0,0.5,1,P3_CV0,2,1,1,2,0
4,2539041.489,728416.6747,R4_F4_m-1f-1_P4_Y-1_U8,-9999,-9999,FXX,4,132.33407132812837,1,0,1.638,0,0,0,-9999.0,0.5,1,P3_CV0,2,1,1,1,1
4,2539041.489,728416.6747,R4_F4_m-1f-1_P4_Y-1_U10,-9999,-9999,FXX,4,113.2590713281284,1,0,1.529,0,0,0,-9999.0,0.5,1,P3_CV0,2,1,1,1,1
4,2539041.489,728416.6747,R4_F4_m-1f-1_P4_Y-1_U14,-9999,-9999,FXX,4,134.45207132812837,1,0,1.114,0,0,0,-9999.0,1.0,1,P3_CV0,2,2,0,1,1
4,2539041.489,728416.6747,R4_F4_m-1f-1_P4_Y-1_U118,-9999,-9999,MXY,4,124.69807132812839,1,0,0.0,0,0,0,-9999.0,1.0,1,P3_CV0,2,2,0,0,2
4,2539041.489,728416.6747,R4_F4_m-1f-1_P4_Y-1_U101,-9999,-9999,MXY,4,152.5290713281284,1,0,0.0,0,0,0,-9999.0,0.0,1,P3_CV0,2,0,2,1,1
4,2539041.489,728416.6747,R4_F4_m-1f-1_P4_Y-1_U107,-9999,-9999,MXY,4,141.22307132812838,1,0,0.0,0,0,0,-9999.0,0.0,1,P3_CV0,2,0,2,1,1
4,2539041.489,728416.6747,R4_F4_m-1f-1_P4_Y-1_U69,-9999,-9999,MXY,6,182.45681133361586,1,0,0.0,0,0,0,-9999.0,1.0,1,P3_CV0,2,2,0,0,2
5,2535011.582,720257.8531,Age0_F5_m5f5_P5_Y0_UO88,R5_F5_m-1f-1_P5_Y-1_U115,R5_F5_m-1f-1_P5_Y-1_U122,FXX,0,31.051280793248342,0,0,0.0,0,0,0,0.0,0.5,1,P4_CV0,3,0,2,0,2
5,2535011.582,720257.8531,Age0_F5_m5f5_P5_Y0_UO89,R5_F5_m-1f-1_P5_Y-1_U115,R5_F5_m-1f-1_P5_Y-1_U122,FXX,0,31.051280793248342,0,0,0.0,0,0,0,0.0,0.5,1,P4_CV0,3,1,1,1,1
5,2535011.582,720257.8531,Age0_F5_m5f5_P5_Y0_UO90,R5_F5_m-1f-1_P5_Y-1_U115,R5_F5_m-1f-1_P5_Y-1_U122,FXX,0,31.051280793248342,0,0,0.0,0,0,0,0.0,0.5,1,P4_CV0,3,0,2,0,2
5,2535011.582,720257.8531,Age0_F5_m5f5_P5_Y0_UO91,R5_F5_m-1f-1_P5_Y-1_U115,R5_F5_m-1f-1_P5_Y-1_U122,MXY,0,31.051280793248342,0,0,0.0,0,0,0,0.0,0.5,1,P4_CV0,3,2,0,1,1
5,2535011.582,720257.8531,Age0_F5_m5f5_P5_Y0_UO92,R5_F5_m-1f-1_P5_Y-1_U115,R5_F5_m-1f-1_P5_Y-1_U122,FXX,0,31.051280793248342,0,0,0.0,0,0,0,0.0,0.5,1,P4_CV0,3,0,2,1,1
5,2535011.582,720257.8531,Age0_F5_m5f5_P5_Y0_UO93,R5_F5_m-1f-1_P5_Y-1_U115,R5_F5_m-1f-1_P5_Y-1_U122,MXY,0,31.051280793248342,0,0,0.0,0,0,0,0.0,0.5,1,P4_CV0,3,2,0,2,0
5,2535011.582,720257.8531,Age0_F5_m5f5_P5_Y0_UO106,R5_F5_m-1f-1_P5_Y-1_U115,R5_F5_m-1f-1_P5_Y-1_U123,MXY,0,31.051280793248342,0,0,0.0,0,0,0,0.0,0.5,1,P4_CV0,3,1,1,1,1
5,2535011.582,720257.8531,Age0_F5_m5f5_P5_Y0_UO107,R5_F5_m-1f-1_P5_Y-1_U115,R5_F5_m-1f-1_P5_Y-1_U123,FXX,0,31.051280793248342,0,0,0.0,0,0,0,0.0,0.5,1,P4_CV0,3,1,1,1,1
5,2535011.582,720257.8531,Age0_F5_m5f5_P5_Y0_UO108,R5_F5_m-1f-1_P5_Y-1_U115,R5_F5_m-1f-1_P5_Y-1_U123,MXY,0,31.051280793248342,0,0,0.0,0,0,0,0.0,0.5,1,P4_CV0,3,1,1,1,1
5,2535011.582,720257.8531,Age0_F5_m5f5_P5_Y0_UO109,R5_F5_m-1f-1_P5_Y-1_U115,R5_F5_m-1f-1_P5_Y-1_U123,FXX,0,31.051280793248342,0,0,0.0,0,0,0,0.0,0.5,1,P4_CV0,3,1,1,1,1
5,2535011.582,720257.8531,Age0_F5_m5f5_P5_Y0_UO110,R5_F5_m-1f-1_P5_Y-1_U115,R5_F5_m-1f-1_P5_Y-1_U123,MXY,0,31.051280793248342,0,0,0.0,0,0,0,0.0,0.5,1,P4_CV0,3,1,1,1,1
5,2535011.582,720257.8531,Age0_F5_m5f5_P5_Y0_UO111,R5_F5_m-1f-1_P5_Y-1_U115,R5_F5_m-1f-1_P5_Y-1_U123,FXX,0,31.051280793248342,0,0,0.0,0,0,0,0.0,0.5,1,P4_CV0,3,1,1,1,1
5,2535011.582,720257.8531,Age0_F5_m5f5_P5_Y0_UO118,R5_F5_m-1f-1_P5_Y-1_U87,R5_F5_m-1f-1_P5_Y-1_U127,FXX,0,31.051280793248342,0,0,0.0,0,0,0,0.0,0.5,1,P4_CV0,3,2,0,1,1
5,2535011.582,720257.8531,Age0_F5_m5f5_P5_Y0_UO119,R5_F5_m-1f-1_P5_Y-1_U87,R5_F5_m-1f-1_P5_Y-1_U127,MXY,0,31.051280793248342,0,0,0.0,0,0,0,0.0,0.5,1,P4_CV0,3,1,1,2,0
5,2535011.582,720257.8531,Age0_F5_m5f5_P5_Y0_UO120,R5_F5_m-1f-1_P5_Y-1_U87,R5_F5_m-1f-1_P5_Y-1_U127,MXY,0,31.051280793248342,0,0,0.0,0,0,0,0.0,0.5,1,P4_CV0,3,1,1,0,2
5,2535011.582,720257.8531,Age0_F5_m5f5_P5_Y0_UO121,R5_F5_m-1f-1_P5_Y-1_U87,R5_F5_m-1f-1_P5_Y-1_U127,FXX,0,31.051280793248342,0,0,0.0,0,0,0,0.0,0.5,1,P4_CV0,3,2,0,0,2
5,2535011.582,720257.8531,Age0_F5_m5f5_P5_Y0_UO122,R5_F5_m-1f-1_P5_Y-1_U87,R5_F5_m-1f-1_P5_Y-1_U127,FXX,0,31.051280793248342,0,0,0.0,0,0,0,0.0,0.5,1,P4_CV0,3,1,1,0,2
5,2535011.582,720257.8531,Age0_F5_m5f5_P5_Y0_UO123,R5_F5_m-1f-1_P5_Y-1_U87,R5_F5_m-1f-1_P5_Y-1_U127,MXY,0,31.051280793248342,0,0,0.0,0,0,0,0.0,0.5,1,P4_CV0,3,2,0,1,1
5,2535011.582,720257.8531,Age0_F5_m5f5_P5_Y0_UO136,R5_F5_m-1f-1_P5_Y-1_U19,R5_F5_m-1f-1_P5_Y-1_U108,FXX,0,31.051280793248342,0,0,0.0,0,0,0,0.0,1.0,1,P4_CV0,3,1,1,0,2
5,2535011.582,720257.8531,Age0_F5_m5f5_P5_Y0_UO137,R5_F5_m-1f-1_P5_Y-1_U19,R5_F5_m-1f-1_P5_Y-1_U108,MXY,0,31.051280793248342,0,0,0.0,0,0,0,0.0,1.0,1,P4_CV0,3,0,2,1,1
5,2535011.582,720257.8531,Age0_F5_m5f5_P5_Y0_UO138,R5_F5_m-1f-1_P5_Y-1_U19,R5_F5_m-1f-1_P5_Y-1_U108,FXX,0,31.051280793248342,0,0,0.0,0,0,0,0.0,1.0,1,P4_CV0,3,1,1,0,2
5,2535011.582,720257.8531,Age0_F5_m5f5_P5_Y0_UO139,R5_F5_m-1f-1_P5_Y-1_U19,R5_F5_m-1f-1_P5_Y-1_U108,FXX,0,31.051280793248342,0,0,0.0,0,0,0,0.0,1.0,1,P4_CV0,3,1,1,2,0
5,2535011.582,720257.8531,Age0_F5_m5f5_P5_Y0_UO140,R5_F5_m-1f-1_P5_Y-1_U19,R5_F5_m-1f-1_P5_Y-1_U108,FXX,0,31.051280793248342,0,0,0.0,0,0,0,0.0,1.0,1,P4_CV0,3,2,0,2,0
5,2535011.582,720257.8531,Age0_F5_m5f5_P5_Y0_UO141,R5_F5_m-1f-1_P5_Y-1_U19,R5_F5_m-1f-1_P5_Y-1_U108,MXY,0,31.051280793248342,0,0,0.0,0,0,0,0.0,1.0,1,P4_CV0,3,1,1,1,1
5,2535011.582,720257.8531,Age0_F5_m5f5_P5_Y0_UO142,R5_F5_m-1f-1_P5_Y-1_U19,R5_F5_m-1f-1_P5_Y-1_U108,MXY,0,31.051280793248342,0,0,0.0,0,0,0,0.0,1.0,1,P4_CV0,3,0,2,0,2
5,2535011.582,720257.8531,Age0_F5_m5f5_P5_Y0_UO143,R5_F5_m-1f-1_P5_Y-1_U19,R5_F5_m-1f-1_P5_Y-1_U108,FXX,0,31.051280793248342,0,0,0.0,0,0,0,0.0,1.0,1,P4_CV0,3,1,1,0,2
5,2535011.582,720257.8531,Age0_F5_m5f5_P5_Y0_UO146,R5_F5_m-1f-1_P5_Y-1_U116,R5_F5_m-1f-1_P5_Y-1_U106,MXY,0,31.051280793248342,0,0,0.0,0,0,0,0.0,0.5,1,P4_CV0,3,2,0,2,0
5,2535011.582,720257.8531,Age0_F5_m5f5_P5_Y0_UO147,R5_F5_m-1f-1_P5_Y-1_U116,R5_F5_m-1f-1_P5_Y-1_U106,FXX,0,31.051280793248342,0,0,0.0,0,0,0,0.0,0.5,1,P4_CV0,3,1,1,1,1
5,2535011.582,720257.8531,Age0_F5_m5f5_P5_Y0_UO207,R5_F5_m-1f-1_P5_Y-1_U98,R5_F5_m-1f-1_P5_Y-1_U86,MXY,0,31.051280793248342,0,0,0.0,0,0,0,0.0,0.25,1,P4_CV0,3,0,2,1,1
5,2535011.582,720257.8531,Age0_F5_m5f5_P5_Y0_UO208,R5_F5_m-1f-1_P5_Y-1_U98,R5_F5_m-1f-1_P5_Y-1_U86,MXY,0,31.051280793248342,0,0,0.0,0,0,0,0.0,0.25,1,P4_CV0,3,1,1,0,2
5,2535011.582,720257.8531,Age0_F5_m5f5_P5_Y0_UO213,R5_F5_m-1f-1_P5_Y-1_U31,R5_F5_m-1f-1_P5_Y-1_U83,MXY,0,31.051280793248342,0,0,0.0,0,0,0,0.0,0.25,1,P4_CV0,3,0,2,1,1
5,2535011.582,720257.8531,Age0_F5_m5f5_P5_Y0_UO214,R5_F5_m-1f-1_P5_Y-1_U31,R5_F5_m-1f-1_P5_Y-1_U83,FXX,0,31.051280793248342,0,0,0.0,0,0,0,0.0,0.25,1,P4_CV0,3,1,1,1,1
5,2535011.582,720257.8531,Age0_F5_m5f5_P5_Y0_UO229,R5_F5_m-1f-1_P5_Y-1_U52,R5_F5_m-1f-1_P5_Y-1_U30,FXX,0,31.051280793248342,0,0,0.0,0,0,0,0.0,0.25,1,P4_CV0,3,1,1,1,1
5,2535011.582,720257.8531,Age0_F5_m5f5_P5_Y0_UO230,R5_F5_m-1f-1_P5_Y-1_U52,R5_F5_m-1f-1_P5_Y-1_U30,MXY,0,31.051280793248342,0,0,0.0,0,0,0,0.0,0.25,1,P4_CV0,3,1,1,1,1
5,2535011.582,720257.8531,Age0_F5_m5f5_P5_Y0_UO231,R5_F5_m-1f-1_P5_Y-1_U52,R5_F5_m-1f-1_P5_Y-1_U30,MXY,0,31.051280793248342,0,0,0.0,0,0,0,0.0,0.25,1,P4_CV0,3,0,2,1,1
5,2535011.582,720257.8531,Age0_F5_m5f5_P5_Y0_UO232,R5_F5_m-1f-1_P5_Y-1_U52,R5_F5_m-1f-1_P5_Y-1_U30,MXY,0,31.051280793248342,0,0,0.0,0,0,0,0.0,0.25,1,P4_CV0,3,0,2,0,2
5,2535011.582,720257.8531,Age0_F5_m5f5_P5_Y0_UO233,R5_F5_m-1f-1_P5_Y-1_U52,R5_F5_m-1f-1_P5_Y-1_U30,MXY,0,31.051280793248342,0,0,0.0,0,0,0,0.0,0.25,1,P4_CV0,3,0,2,2,0
5,2535011.582,720257.8531,Age0_F5_m5f5_P5_Y0_UO237,R5_F5_m-1f-1_P5_Y-1_U75,R5_F5_m-1f-1_P5_Y-1_U3,MXY,0,31.051280793248342,0,0,0.0,0,0,0,0.0,0.5,1,P4_CV0,3,2,0,1,1
5,2535011.582,720257.8531,Age0_F5_m5f5_P5_Y0_UO238,R5_F5_m-1f-1_P5_Y-1_U75,R5_F5_m-1f-1_P5_Y-1_U3,MXY,0,31.051280793248342,0,0,0.0,0,0,0,0.0,0.5,1,P4_CV0,3,0,2,2,0
5,2535011.582,720257.8531,Age0_F5_m5f5_P5_Y0_UO252,R5_F5_m-1f-1_P5_Y-1_U45,R5_F5_m-1f-1_P5_Y-1_U102,FXX,0,31.051280793248342,0,0,0.0,0,0,0,0.0,0.75,1,P4_CV0,3,0,2,1,1
5,2535011.582,720257.8531,Age0_F5_m5f5_P5_Y0_UO253,R5_F5_m-1f-1_P5_Y-1_U45,R5_F5_m-1f-1_P5_Y-1_U102,FXX,0,31.051280793248342,0,0,0.0,0,0,0,0.0,0.75,1,P4_CV0,3,2,0,1,1
5,2535011.582,720257.8531,Age0_F5_m5f5_P5_Y0_UO254,R5_F5_m-1f-1_P5_Y-1_U45,R5_F5_m-1f-1_P5_Y-1_U102,MXY,0,31.051280793248342,0,0,0.0,0,0,0,0.0,0.75,1,P4_CV0,3,0,2,1,1
5,2535011.582,720257.8531,Age0_F5_m5f5_P5_Y0_UO255,R5_F5_m-1f-1_P5_Y-1_U45,R5_F5_m-1f-1_P5_Y-1_U102,FXX,0,31.051280793248342,0,0,0.0,0,0,0,0.0,0.75,1,P4_CV0,3,0,2,0,2
5,2535011.582,720257.8531,Age0_F5_m5f5_P5_Y0_UO256,R5_F5_m-1f-1_P5_Y-1_U45,R5_F5_m-1f-1_P5_Y-1_U102,FXX,0,31.051280793248342,0,0,0.0,0,0,0,0.0,0.75,1,P4_CV0,3,1,1,2,0
5,2535011.582,720257.8531,Age0_F5_m5f5_P5_Y0_UO261,R5_F5_m-1f-1_P5_Y-1_U57,R5_F5_m-1f-1_P5_Y-1_U122,FXX,0,31.051280793248342,0,0,0.0,0,0,0,0.0,0.0,1,P4_CV0,3,0,2,0,2
5,2535011.582,720257.8531,Age0_F5_m5f5_P5_Y0_UO262,R5_F5_m-1f-1_P5_Y-1_U57,R5_F5_m-1f-1_P5_Y-1_U122,MXY,0,31.051280793248342,0,0,0.0,0,0,0,0.0,0.0,1,P4_CV0,3,1,1,0,2
5,2535011.582,720257.8531,Age0_F5_m5f5_P5_Y0_UO263,R5_F5_m-1f-1_P5_Y-1_U57,R5_F5_m-1f-1_P5_Y-1_U122,MXY,0,31.051280793248342,0,0,0.0,0,0,0,0.0,0.0,1,P4_CV0,3,0,2,1,1
5,2535011.582,720257.8531,Age0_F5_m5f5_P5_Y0_UO264,R5_F5_m-1f-1_P5_Y-1_U57,R5_F5_m-1f-1_P5_Y-1_U122,FXX,0,31.051280793248342,0,0,0.0,0,0,0,0.0,0.0,1,P4_CV0,3,1,1,0,2
5,2535011.582,720257.8531,Age0_F5_m5f5_P5_Y0_UO265,R5_F5_m-1f-1_P5_Y-1_U57,R5_F5_m-1f-1_P5_Y-1_U122,MXY,0,31.051280793248342,0,0,0.0,0,0,0,0.0,0.0,1,P4_CV0,3,0,2,1,1
5,2535011.582,720257.8531,Age0_F5_m5f5_P5_Y0_UO266,R5_F5_m-1f-1_P5_Y-1_U57,R5_F5_m-1f-1_P5_Y-1_U122,FXX,0,31.051280793248342,0,0,0.0,0,0,0,0.0,0.0,1,P4_CV0,3,1,1,2,0
5,2535011.582,720257.8531,Age0_F5_m5f5_P5_Y0_UO277,R5_F5_m-1f-1_P5_Y-1_U115,R5_F5_m-1f-1_P5_Y-1_U60,FXX,0,31.051280793248342,0,0,0.0,0,0,0,0.0,0.75,1,P4_CV0,3,2,0,1,1
5,2535011.582,720257.8531,Age0_F5_m5f5_P5_Y0_UO278,R5_F5_m-1f-1_P5_Y-1_U115,R5_F5_m-1f-1_P5_Y-1_U60,FXX,0,31.051280793248342,0,0,0.0,0,0,0,0.0,0.75,1,P4_CV0,3,1,1,2,0
5,2535011.582,720257.8531,Age0_F5_m5f5_P5_Y0_UO279,R5_F5_m-1f-1_P5_Y-1_U115,R5_F5_m-1f-1_P5_Y-1_U60,FXX,0,31.051280793248342,0,0,0.0,0,0,0,0.0,0.75,1,P4_CV0,3,2,0,1,1
5,2535011.582,720257.8531,Age0_F5_m5f5_P5_Y0_UO280,R5_F5_m-1f-1_P5_Y-1_U115,R5_F5_m-1f-1_P5_Y-1_U60,MXY,0,31.051280793248342,0,0,0.0,0,0,0,0.0,0.75,1,P4_CV0,3,1,1,0,2
5,2535011.582,720257.8531,Age0_F5_m5f5_P5_Y0_UO281,R5_F5_m-1f-1_P5_Y-1_U115,R5_F5_m-1f-1_P5_Y-1_U60,MXY,0,31.051280793248342,0,0,0.0,0,0,0,0.0,0.75,1,P4_CV0,3,0,2,2,0
5,2535011.582,720257.8531,Age0_F5_m5f5_P5_Y0_UO282,R5_F5_m-1f-1_P5_Y-1_U115,R5_F5_m-1f-1_P5_Y-1_U60,FXX,0,31.051280793248342,0,0,0.0,0,0,0,0.0,0.75,1,P4_CV0,3,2,0,1,1
5,2535011.582,720257.8531,Age0_F5_m5f5_P5_Y0_UO298,R5_F5_m-1f-1_P5_Y-1_U116,R5_F5_m-1f-1_P5_Y-1_U6,FXX,0,31.051280793248342,0,0,0.0,0,0,0,0.0,0.0,1,P4_CV0,3,1,1,1,1
5,2535011.582,720257.8531,Age0_F5_m5f5_P5_Y0_UO299,R5_F5_m-1f-1_P5_Y-1_U116,R5_F5_m-1f-1_P5_Y-1_U6,FXX,0,31.051280793248342,0,0,0.0,0,0,0,0.0,0.0,1,P4_CV0,3,1,1,0,2
5,2535011.582,720257.8531,Age0_F5_m5f5_P5_Y0_UO300,R5_F5_m-1f-1_P5_Y-1_U116,R5_F5_m-1f-1_P5_Y-1_U6,FXX,0,31.051280793248342,0,0,0.0,0,0,0,0.0,0.0,1,P4_CV0,3,2,0,1,1
5,2535011.582,720257.8531,Age0_F5_m5f5_P5_Y0_UO301,R5_F5_m-1f-1_P5_Y-1_U116,R5_F5_m-1f-1_P5_Y-1_U6,MXY,0,31.051280793248342,0,0,0.0,0,0,0,0.0,0.0,1,P4_CV0,3,0,2,2,0
5,2535011.582,720257.8531,Age0_F5_m5f5_P5_Y0_UO302,R5_F5_m-1f-1_P5_Y-1_U116,R5_F5_m-1f-1_P5_Y-1_U6,MXY,0,31.051280793248342,0,0,0.0,0,0,0,0.0,0.0,1,P4_CV0,3,2,0,1,1
5,2535011.582,720257.8531,Age0_F5_m5f5_P5_Y0_UO308,R5_F5_m-1f-1_P5_Y-1_U82,R5_F5_m-1f-1_P5_Y-1_U114,MXY,0,31.051280793248342,0,0,0.0,0,0,0,0.0,0.5,1,P4_CV0,3,0,2,1,1
5,2535011.582,720257.8531,Age0_F5_m5f5_P5_Y0_UO309,R5_F5_m-1f-1_P5_Y-1_U82,R5_F5_m-1f-1_P5_Y-1_U114,MXY,0,31.051280793248342,0,0,0.0,0,0,0,0.0,0.5,1,P4_CV0,3,0,2,1,1
5,2535011.582,720257.8531,Age0_F5_m5f5_P5_Y0_UO316,R5_F5_m-1f-1_P5_Y-1_U31,R5_F5_m-1f-1_P5_Y-1_U6,MXY,0,31.051280793248342,0,0,0.0,0,0,0,0.0,0.25,1,P4_CV0,3,0,2,0,2
5,2535011.582,720257.8531,Age0_F5_m5f5_P5_Y0_UO317,R5_F5_m-1f-1_P5_Y-1_U31,R5_F5_m-1f-1_P5_Y-1_U6,FXX,0,31.051280793248342,0,0,0.0,0,0,0,0.0,0.25,1,P4_CV0,3,1,1,1,1
5,2535011.582,720257.8531,Age0_F5_m5f5_P5_Y0_UO347,R5_F5_m-1f-1_P5_Y-1_U75,R5_F5_m-1f-1_P5_Y-1_U106,FXX,0,31.051280793248342,0,0,0.0,0,0,0,0.0,0.75,1,P4_CV0,3,1,1,2,0
5,2535011.582,720257.8531,Age0_F5_m5f5_P5_Y0_UO364,R5_F5_m-1f-1_P5_Y-1_U75,R5_F5_m-1f-1_P5_Y-1_U30,MXY,0,31.051280793248342,0,0,0.0,0,0,0,0.0,0.25,1,P4_CV0,3,1,1,2,0
5,2535011.582,720257.8531,Age0_F5_m5f5_P5_Y0_UO365,R5_F5_m-1f-1_P5_Y-1_U75,R5_F5_m-1f-1_P5_Y-1_U30,MXY,0,31.051280793248342,0,0,0.0,0,0,0,0.0,0.25,1,P4_CV0,3,1,1,2,0
5,2535011.582,720257.8531,Age0_F5_m5f5_P5_Y0_UO366,R5_F5_m-1f-1_P5_Y-1_U75,R5_F5_m-1f-1_P5_Y-1_U30,MXY,0,31.051280793248342,0,0,0.0,0,0,0,0.0,0.25,1,P4_CV0,3,0,2,1,1
5,2535011.582,720257.8531,Age0_F5_m5f5_P5_Y0_UO367,R5_F5_m-1f-1_P5_Y-1_U59,R5_F5_m-1f-1_P5_Y-1_U127,MXY,0,31.051280793248342,0,0,0.0,0,0,0,0.0,0.5,1,P4_CV0,3,1,1,2,0
5,2535011.582,720257.8531,Age0_F5_m5f5_P5_Y0_UO368,R5_F5_m-1f-1_P5_Y-1_U59,R5_F5_m-1f-1_P5_Y-1_U127,FXX,0,31.051280793248342,0,0,0.0,0,0,0,0.0,0.5,1,P4_CV0,3,2,0,2,0
5,2535011.582,720257.8531,Age0_F5_m5f5_P5_Y0_UO369,R5_F5_m-1f-1_P5_Y-1_U59,R5_F5_m-1f-1_P5_Y-1_U127,MXY,0,31.051280793248342,0,0,0.0,0,0,0,0.0,0.5,1,P4_CV0,3,0,2,1,1
5,2535011.582,720257.8531,Age0_F5_m5f5_P5_Y0_UO370,R5_F5_m-1f-1_P5_Y-1_U59,R5_F5_m-1f-1_P5_Y-1_U127,MXY,0,31.051280793248342,0,0,0.0,0,0,0,0.0,0.5,1,P4_CV0,3,1,1,1,1
5,2535011.582,720257.8531,Age0_F5_m5f5_P5_Y0_UO371,R5_F5_m-1f-1_P5_Y-1_U59,R5_F5_m-1f-1_P5_Y-1_U127,MXY,0,31.051280793248342,0,0,0.0,0,0,0,0.0,0.5,1,P4_CV0,3,1,1,2,0
5,2535011.582,720257.8531,Age0_F5_m5f5_P5_Y0_UO443,R5_F5_m-1f-1_P5_Y-1_U34,R5_F5_m-1f-1_P5_Y-1_U122,MXY,0,31.051280793248342,0,0,0.0,0,0,0,0.0,0.25,1,P4_CV0,3,0,2,2,0
5,2535011.582,720257.8531,Age0_F5_m5f5_P5_Y0_UO444,R5_F5_m-1f-1_P5_Y-1_U34,R5_F5_m-1f-1_P5_Y-1_U122,FXX,0,31.051280793248342,0,0,0.0,0,0,0,0.0,0.25,1,P4_CV0,3,1,1,1,1
5,2535011.582,720257.8531,Age0_F5_m5f5_P5_Y0_UO447,R5_F5_m-1f-1_P5_Y-1_U115,R5_F5_m-1f-1_P5_Y-1_U3,FXX,0,31.051280793248342,0,0,0.0,0,0,0,0.0,0.75,1,P4_CV0,3,1,1,1,1
5,2535011.582,720257.8531,Age0_F5_m5f5_P5_Y0_UO448,R5_F5_m-1f-1_P5_Y-1_U115,R5_F5_m-1f-1_P5_Y-1_U3,MXY,0,31.051280793248342,0,0,0.0,0,0,0,0.0,0.75,1,P4_CV0,3,1,1,1,1
5,2535011.582,720257.8531,Age0_F5_m5f5_P5_Y0_UO449,R5_F5_m-1f-1_P5_Y-1_U115,R5_F5_m-1f-1_P5_Y-1_U3,FXX,0,31.051280793248342,0,0,0.0,0,0,0,0.0,0.75,1,P4_CV0,3,1,1,1,1
5,2535011.582,720257.8531,Age0_F5_m5f5_P5_Y0_UO450,R5_F5_m-1f-1_P5_Y-1_U115,R5_F5_m-1f-1_P5_Y-1_U3,MXY,0,31.051280793248342,0,0,0.0,0,0,0,0.0,0.75,1,P4_CV0,3,1,1,2,0
5,2535011.582,720257.8531,Age0_F5_m5f5_P5_Y0_UO451,R5_F5_m-1f-1_P5_Y-1_U115,R5_F5_m-1f-1_P5_Y-1_U3,FXX,0,31.051280793248342,0,0,0.0,0,0,0,0.0,0.75,1,P4_CV0,3,1,1,2,0
5,2535011.582,720257.8531,Age0_F5_m5f5_P5_Y0_UO452,R5_F5_m-1f-1_P5_Y-1_U115,R5_F5_m-1f-1_P5_Y-1_U3,FXX,0,31.051280793248342,0,0,0.0,0,0,0,0.0,0.75,1,P4_CV0,3,1,1,1,1
5,2535011.582,720257.8531,Age0_F5_m5f5_P5_Y0_UO453,R5_F5_m-1f-1_P5_Y-1_U115,R5_F5_m-1f-1_P5_Y-1_U3,MXY,0,31.051280793248342,0,0,0.0,0,0,0,0.0,0.75,1,P4_CV0,3,0,2,1,1
5,2535011.582,720257.8531,Age0_F5_m5f5_P5_Y0_UO454,R5_F5_m-1f-1_P5_Y-1_U115,R5_F5_m-1f-1_P5_Y-1_U3,MXY,0,31.051280793248342,0,0,0.0,0,0,0,0.0,0.75,1,P4_CV0,3,1,1,0,2
5,2535011.582,720257.8531,Age0_F5_m5f5_P5_Y0_UO455,R5_F5_m-1f-1_P5_Y-1_U115,R5_F5_m-1f-1_P5_Y-1_U3,MXY,0,31.051280793248342,0,0,0.0,0,0,0,0.0,0.75,1,P4_CV0,3,1,1,0,2
5,2535011.582,720257.8531,Age0_F5_m5f5_P5_Y0_UO475,R5_F5_m-1f-1_P5_Y-1_U45,R5_F5_m-1f-1_P5_Y-1_U3,MXY,0,31.051280793248342,0,0,0.0,0,0,0,0.0,0.5,1,P4_CV0,3,0,2,0,2
5,2535011.582,720257.8531,Age0_F5_m5f5_P5_Y0_UO476,R5_F5_m-1f-1_P5_Y-1_U45,R5_F5_m-1f-1_P5_Y-1_U3,MXY,0,31.051280793248342,0,0,0.0,0,0,0,0.0,0.5,1,P4_CV0,3,1,1,1,1
5,2535011.582,720257.8531,Age0_F5_m5f5_P5_Y0_UO477,R5_F5_m-1f-1_P5_Y-1_U45,R5_F5_m-1f-1_P5_Y-1_U3,MXY,0,31.051280793248342,0,0,0.0,0,0,0,0.0,0.5,1,P4_CV0,3,2,0,2,0
5,2535011.582,720257.8531,Age0_F5_m5f5_P5_Y0_UO478,R5_F5_m-1f-1_P5_Y-1_U45,R5_F5_m-1f-1_P5_Y-1_U3,FXX,0,31.051280793248342,0,0,0.0,0,0,0,0.0,0.5,1,P4_CV0,3,1,1,1,1
5,2535011.582,720257.8531,Age0_F5_m5f5_P5_Y0_UO479,R5_F5_m-1f-1_P5_Y-1_U45,R5_F5_m-1f-1_P5_Y-1_U3,MXY,0,31.051280793248342,0,0,0.0,0,0,0,0.0,0.5,1,P4_CV0,3,2,0,1,1
5,2535011.582,720257.8531,Age0_F5_m5f5_P5_Y0_UO480,R5_F5_m-1f-1_P5_Y-1_U45,R5_F5_m-1f-1_P5_Y-1_U3,MXY,0,31.051280793248342,0,0,0.0,0,0,0,0.0,0.5,1,P4_CV0,3,1,1,0,2
5,2535011.582,720257.8531,Age0_F5_m5f5_P5_Y0_UO481,R5_F5_m-1f-1_P5_Y-1_U45,R5_F5_m-1f-1_P5_Y-1_U3,FXX,0,31.051280793248342,0,0,0.0,0,0,0,0.0,0.5,1,P4_CV0,3,2,0,2,0
5,2535011.582,720257.8531,Age0_F5_m5f5_P5_Y0_UO482,R5_F5_m-1f-1_P5_Y-1_U45,R5_F5_m-1f-1_P5_Y-1_U3,MXY,0,31.051280793248342,0,0,0.0,0,0,0,0.0,0.5,1,P4_CV0,3,1,1,1,1
5,2535011.582,720257.8531,Age0_F5_m5f5_P5_Y0_UO483,R5_F5_m-1f-1_P5_Y-1_U45,R5_F5_m-1f-1_P5_Y-1_U3,FXX,0,31.051280793248342,0,0,0.0,0,0,0,0.0,0.5,1,P4_CV0,3,1,1,1,1
5,2535011.582,720257.8531,Age0_F5_m5f5_P5_Y0_UO484,R5_F5_m-1f-1_P5_Y-1_U45,R5_F5_m-1f-1_P5_Y-1_U3,MXY,0,31.051280793248342,0,0,0.0,0,0,0,0.0,0.5,1,P4_CV0,3,1,1,2,0
5,2535011.582,720257.8531,Age0_F5_m5f5_P5_Y0_UO485,R5_F5_m-1f-1_P5_Y-1_U45,R5_F5_m-1f-1_P5_Y-1_U3,MXY,0,31.051280793248342,0,0,0.0,0,0,0,0.0,0.5,1,P4_CV0,3,1,1,2,0
5,2535011.582,720257.8531,Age0_F5_m5f5_P5_Y0_UO497,R5_F5_m-1f-1_P5_Y-1_U82,R5_F5_m-1f-1_P5_Y-1_U114,MXY,0,31.051280793248342,0,0,0.0,0,0,0,0.0,0.5,1,P4_CV0,3,0,2,1,1
5,2535011.582,720257.8531,Age0_F5_m5f5_P5_Y0_UO498,R5_F5_m-1f-1_P5_Y-1_U82,R5_F5_m-1f-1_P5_Y-1_U114,MXY,0,31.051280793248342,0,0,0.0,0,0,0,0.0,0.5,1,P4_CV0,3,0,2,1,1
5,2535011.582,720257.8531,Age0_F5_m5f5_P5_Y0_UO499,R5_F5_m-1f-1_P5_Y-1_U82,R5_F5_m-1f-1_P5_Y-1_U114,MXY,0,31.051280793248342,0,0,0.0,0,0,0,0.0,0.5,1,P4_CV0,3,1,1,0,2
5,2535011.582,720257.8531,Age0_F5_m5f5_P5_Y0_UO500,R5_F5_m-1f-1_P5_Y-1_U82,R5_F5_m-1f-1_P5_Y-1_U114,MXY,0,31.051280793248342,0,0,0.0,0,0,0,0.0,0.5,1,P4_CV0,3,0,2,1,1
5,2535011.582,720257.8531,Age0_F5_m5f5_P5_Y0_UO501,R5_F5_m-1f-1_P5_Y-1_U82,R5_F5_m-1f-1_P5_Y-1_U114,MXY,0,31.051280793248342,0,0,0.0,0,0,0,0.0,0.5,1,P4_CV0,3,0,2,0,2
5,2535011.582,720257.8531,Age0_F5_m5f5_P5_Y0_UO515,R5_F5_m-1f-1_P5_Y-1_U75,R5_F5_m-1f-1_P5_Y-1_U4,MXY,0,31.051280793248342,0,0,0.0,0,0,0,0.0,0.25,1,P4_CV0,3,2,0,0,2
5,2535011.582,720257.8531,Age0_F5_m5f5_P5_Y0_UO516,R5_F5_m-1f-1_P5_Y-1_U75,R5_F5_m-1f-1_P5_Y-1_U4,FXX,0,31.051280793248342,0,0,0.0,0,0,0,0.0,0.25,1,P4_CV0,3,0,2,1,1
5,2535011.582,720257.8531,Age0_F5_m5f5_P5_Y0_UO592,R5_F5_m-1f-1_P5_Y-1_U124,R5_F5_m-1f-1_P5_Y-1_U123,FXX,0,31.051280793248342,0,0,0.0,0,0,0,0.0,0.5,1,P4_CV0,3,2,0,1,1
5,2535011.582,720257.8531,Age0_F5_m5f5_P5_Y0_UO593,R5_F5_m-1f-1_P5_Y-1_U124,R5_F5_m-1f-1_P5_Y-1_U123,FXX,0,31.051280793248342,0,0,0.0,0,0,0,0.0,0.5,1,P4_CV0,3,0,2,0,2
5,2535011.582,720257.8531,Age0_F5_m5f5_P5_Y0_UO594,R5_F5_m-1f-1_P5_Y-1_U124,R5_F5_m-1f-1_P5_Y-1_U123,MXY,0,31.051280793248342,0,0,0.0,0,0,0,0.0,0.5,1,P4_CV0,3,2,0,1,1
5,2535011.582,720257.8531,Age0_F5_m5f5_P5_Y0_UO595,R5_F5_m-1f-1_P5_Y-1_U124,R5_F5_m-1f-1_P5_Y-1_U123,MXY,0,31.051280793248342,0,0,0.0,0,0,0,0.0,0.5,1,P4_CV0,3,0,2,1,1
5,2535011.582,720257.8531,Age0_F5_m5f5_P5_Y0_UO596,R5_F5_m-1f-1_P5_Y-1_U124,R5_F5_m-1f-1_P5_Y-1_U123,FXX,0,31.051280793248342,0,0,0.0,0,0,0,0.0,0.5,1,P4_CV0,3,1,1,1,1
5,2535011.582,720257.8531,Age0_F5_m5f5_P5_Y0_UO597,R5_F5_m-1f-1_P5_Y-1_U124,R5_F5_m-1f-1_P5_Y-1_U123,FXX,0,31.051280793248342,0,0,0.0,0,0,0,0.0,0.5,1,P4_CV0,3,0,2,1,1
5,2535011.582,720257.8531,Age0_F5_m5f5_P5_Y0_UO598,R5_F5_m-1f-1_P5_Y-1_U124,R5_F5_m-1f-1_P5_Y-1_U123,FXX,0,31.051280793248342,0,0,0.0,0,0,0,0.0,0.5,1,P4_CV0,3,2,0,2,0
5,2535011.582,720257.8531,Age0_F5_m5f5_P5_Y0_UO599,R5_F5_m-1f-1_P5_Y-1_U124,R5_F5_m-1f-1_P5_Y-1_U123,FXX,0,31.051280793248342,0,0,0.0,0,0,0,0.0,0.5,1,P4_CV0,3,1,1,1,1
5,2535011.582,720257.8531,Age0_F5_m5f5_P5_Y0_UO608,R5_F5_m-1f-1_P5_Y-1_U38,R5_F5_m-1f-1_P5_Y-1_U123,FXX,0,31.051280793248342,0,0,0.0,0,0,0,0.0,0.0,1,P4_CV0,3,1,1,2,0
5,2535011.582,720257.8531,Age0_F5_m5f5_P5_Y0_UO609,R5_F5_m-1f-1_P5_Y-1_U38,R5_F5_m-1f-1_P5_Y-1_U123,FXX,0,31.051280793248342,0,0,0.0,0,0,0,0.0,0.0,1,P4_CV0,3,1,1,1,1
5,2535011.582,720257.8531,Age0_F5_m5f5_P5_Y0_UO626,R5_F5_m-1f-1_P5_Y-1_U19,R5_F5_m-1f-1_P5_Y-1_U69,MXY,0,31.051280793248342,0,0,0.0,0,0,0,0.0,1.0,1,P4_CV0,3,0,2,1,1
5,2535011.582,720257.8531,Age0_F5_m5f5_P5_Y0_UO627,R5_F5_m-1f-1_P5_Y-1_U19,R5_F5_m-1f-1_P5_Y-1_U69,FXX,0,31.051280793248342,0,0,0.0,0,0,0,0.0,1.0,1,P4_CV0,3,1,1,1,1
5,2535011.582,720257.8531,Age0_F5_m5f5_P5_Y0_UO628,R5_F5_m-1f-1_P5_Y-1_U19,R5_F5_m-1f-1_P5_Y-1_U69,MXY,0,31.051280793248342,0,0,0.0,0,0,0,0.0,1.0,1,P4_CV0,3,2,0,2,0
5,2535011.582,720257.8531,Age0_F5_m5f5_P5_Y0_UO629,R5_F5_m-1f-1_P5_Y-1_U19,R5_F5_m-1f-1_P5_Y-1_U69,MXY,0,31.051280793248342,0,0,0.0,0,0,0,0.0,1.0,1,P4_CV0,3,1,1,2,0
5,2535011.582,720257.8531,Age0_F5_m5f5_P5_Y0_UO630,R5_F5_m-1f-1_P5_Y-1_U19,R5_F5_m-1f-1_P5_Y-1_U69,FXX,0,31.051280793248342,0,0,0.0,0,0,0,0.0,1.0,1,P4_CV0,3,1,1,0,2
5,2535011.582,720257.8531,Age0_F5_m5f5_P5_Y0_UO647,R5_F5_m-1f-1_P5_Y-1_U100,R5_F5_m-1f-1_P5_Y-1_U30,FXX,0,31.051280793248342,0,0,0.0,0,0,0,0.0,0.0,1,P4_CV0,3,2,0,2,0
5,2535011.582,720257.8531,Age0_F5_m5f5_P5_Y0_UO648,R5_F5_m-1f-1_P5_Y-1_U100,R5_F5_m-1f-1_P5_Y-1_U30,MXY,0,31.051280793248342,0,0,0.0,0,0,0,0.0,0.0,1,P4_CV0,3,2,0,1,1
5,2535011.582,720257.8531,Age0_F5_m5f5_P5_Y0_UO668,R5_F5_m-1f-1_P5_Y-1_U126,R5_F5_m-1f-1_P5_Y-1_U8,MXY,0,31.051280793248342,0,0,0.0,0,0,0,0.0,0.5,1,P4_CV0,3,0,2,0,2
5,2535011.582,720257.8531,Age0_F5_m5f5_P5_Y0_UO669,R5_F5_m-1f-1_P5_Y-1_U126,R5_F5_m-1f-1_P5_Y-1_U8,FXX,0,31.051280793248342,0,0,0.0,0,0,0,0.0,0.5,1,P4_CV0,3,1,1,2,0
5,2535011.582,720257.8531,Age0_F5_m5f5_P5_Y0_UO670,R5_F5_m-1f-1_P5_Y-1_U126,R5_F5_m-1f-1_P5_Y-1_U8,FXX,0,31.051280793248342,0,0,0.0,0,0,0,0.0,0.5,1,P4_CV0,3,1,1,1,1
5,2535011.582,720257.8531,Age0_F5_m5f5_P5_Y0_UO671,R5_F5_m-1f-1_P5_Y-1_U126,R5_F5_m-1f-1_P5_Y-1_U8,MXY,0,31.051280793248342,0,0,0.0,0,0,0,0.0,0.5,1,P4_CV0,3,1,1,1,1
5,2535011.582,720257.8531,Age0_F5_m5f5_P5_Y0_UO672,R5_F5_m-1f-1_P5_Y-1_U126,R5_F5_m-1f-1_P5_Y-1_U8,FXX,0,31.051280793248342,0,0,0.0,0,0,0,0.0,0.5,1,P4_CV0,3,1,1,1,1
5,2535011.582,720257.8531,Age0_F5_m5f5_P5_Y0_UO681,R5_F5_m-1f-1_P5_Y-1_U37,R5_F5_m-1f-1_P5_Y-1_U83,FXX,0,31.051280793248342,0,0,0.0,0,0,0,0.0,0.5,1,P4_CV0,3,2,0,1,1
5,2535011.582,720257.8531,Age0_F5_m5f5_P5_Y0_UO682,R5_F5_m-1f-1_P5_Y-1_U37,R5_F5_m-1f-1_P5_Y-1_U83,MXY,0,31.051280793248342,0,0,0.0,0,0,0,0.0,0.5,1,P4_CV0,3,1,1,1,1
5,2535011.582,720257.8531,Age0_F5_m5f5_P5_Y0_UO683,R5_F5_m-1f-1_P5_Y-1_U37,R5_F5_m-1f-1_P5_Y-1_U83,FXX,0,31.051280793248342,0,0,0.0,0,0,0,0.0,0.5,1,P4_CV0,3,2,0,2,0
5,2535011.582,720257.8531,Age0_F5_m5f5_P5_Y0_UO690,R5_F5_m-1f-1_P5_Y-1_U116,R5_F5_m-1f-1_P5_Y-1_U86,FXX,0,31.051280793248342,0,0,0.0,0,0,0,0.0,0.0,1,P4_CV0,3,0,2,0,2
5,2535011.582,720257.8531,Age0_F5_m5f5_P5_Y0_UO691,R5_F5_m-1f-1_P5_Y-1_U116,R5_F5_m-1f-1_P5_Y-1_U86,MXY,0,31.051280793248342,0,0,0.0,0,0,0,0.0,0.0,1,P4_CV0,3,0,2,1,1
5,2535011.582,720257.8531,Age0_F5_m5f5_P5_Y0_UO692,R5_F5_m-1f-1_P5_Y-1_U116,R5_F5_m-1f-1_P5_Y-1_U86,FXX,0,31.051280793248342,0,0,0.0,0,0,0,0.0,0.0,1,P4_CV0,3,0,2,1,1
5,2535011.582,720257.8531,Age0_F5_m5f5_P5_Y0_UO693,R5_F5_m-1f-1_P5_Y-1_U116,R5_F5_m-1f-1_P5_Y-1_U86,MXY,0,31.051280793248342,0,0,0.0,0,0,0,0.0,0.0,1,P4_CV0,3,2,0,1,1
5,2535011.582,720257.8531,Age0_F5_m5f5_P5_Y0_UO694,R5_F5_m-1f-1_P5_Y-1_U67,R5_F5_m-1f-1_P5_Y-1_U95,FXX,0,31.051280793248342,0,0,0.0,0,0,0,0.0,0.0,1,P4_CV0,3,1,1,1,1
5,2535011.582,720257.8531,Age0_F5_m5f5_P5_Y0_UO695,R5_F5_m-1f-1_P5_Y-1_U67,R5_F5_m-1f-1_P5_Y-1_U95,MXY,0,31.051280793248342,0,0,0.0,0,0,0,0.0,0.0,1,P4_CV0,3,1,1,2,0
5,2535011.582,720257.8531,R5_F5_m-1f-1_P5_Y-1_U0,-9999,-9999,FXX,1,57.93250312517446,1,1,3.418,0,0,0,-9999.0,1.0,1,P4_CV0,3,2,0,1,1
5,2535011.582,720257.8531,R5_F5_m-1f-1_P5_Y-1_U1,-9999,-9999,MXY,1,57.93250312517446,1,1,0.0,0,0,0,-9999.0,1.0,1,P4_CV0,3,2,0,0,2
5,2535011.582,720257.8531,R5_F5_m-1f-1_P5_Y-1_U2,-9999,-9999,FXX,1,57.93250312517446,1,1,0.0,0,0,0,-9999.0,1.0,1,P4_CV0,3,2,0,2,0
5,2535011.582,720257.8531,R5_F5_m-1f-1_P5_Y-1_U5,-9999,-9999,FXX,1,57.93250312517446,1,1,1.228,0,0,0,-9999.0,0.5,1,P4_CV0,3,1,1,2,0
5,2535011.582,720257.8531,R5_F5_m-1f-1_P5_Y-1_U7,-9999,-9999,MXY,1,57.93250312517446,1,1,0.0,0,0,0,-9999.0,0.0,1,P4_CV0,3,0,2,1,1
5,2535011.582,720257.8531,R5_F5_m-1f-1_P5_Y-1_U9,-9999,-9999,FXX,1,57.93250312517446,1,1,2.544,0,0,0,-9999.0,0.0,1,P4_CV0,3,0,2,2,0
5,2535011.582,720257.8531,R5_F5_m-1f-1_P5_Y-1_U11,-9999,-9999,FXX,1,57.93250312517446,1,1,1.0,0,0,0,-9999.0,0.0,1,P4_CV0,3,0,2,0,2
5,2535011.582,720257.8531,R5_F5_m-1f-1_P5_Y-1_U15,-9999,-9999,MXY,1,57.93250312517446,1,1,0.0,0,0,0,-9999.0,1.0,1,P4_CV0,3,2,0,1,1
5,2535011.582,720257.8531,R5_F5_m-1f-1_P5_Y-1_U16,-9999,-9999,FXX,1,57.93250312517446,1,1,0.0,0,0,0,-9999.0,0.5,1,P4_CV0,3,1,1,1,1
5,2535011.582,720257.8531,R5_F5_m-1f-1_P5_Y-1_U17,-9999,-9999,MXY,1,57.93250312517446,1,1,0.0,0,0,0,-9999.0,0.5,1,P4_CV0,3,1,1,0,2
5,2535011.582,720257.8531,R5_F5_m-1f-1_P5_Y-1_U18,-9999,-9999,MXY,1,57.93250312517446,1,1,0.0,0,0,0,-9999.0,0.0,1,P4_CV0,3,0,2,1,1
5,2535011.582,720257.8531,R5_F5_m-1f-1_P5_Y-1_U20,-9999,-9999,FXX,1,57.93250312517446,1,1,1.629,0,0,0,-9999.0,0.5,1,P4_CV0,3,1,1,2,0
5,2535011.582,720257.8531,R5_F5_m-1f-1_P5_Y-1_U24,-9999,-9999,MXY,1,57.93250312517446,1,1,0.0,0,0,0,-9999.0,0.5,1,P4_CV0,3,1,1,0,2
5,2535011.582,720257.8531,R5_F5_m-1f-1_P5_Y-1_U25,-9999,-9999,FXX,1,57.93250312517446,1,1,2.514,0,0,0,-9999.0,0.5,1,P4_CV0,3,1,1,2,0
5,2535011.582,720257.8531,R5_F5_m-1f-1_P5_Y-1_U26,-9999,-9999,FXX,1,57.93250312517446,1,1,0.0,0,0,0,-9999.0,1.0,1,P4_CV0,3,2,0,1,1
5,2535011.582,720257.8531,R5_F5_m-1f-1_P5_Y-1_U28,-9999,-9999,MXY,1,57.93250312517446,1,1,0.0,0,0,0,-9999.0,0.5,1,P4_CV0,3,1,1,0,2
5,2535011.582,720257.8531,R5_F5_m-1f-1_P5_Y-1_U29,-9999,-9999,FXX,1,57.93250312517446,1,1,0.0,0,0,0,-9999.0,0.5,1,P4_CV0,3,1,1,1,1
5,2535011.582,720257.8531,R5_F5_m-1f-1_P5_Y-1_U32,-9999,-9999,MXY,1,57.93250312517446,1,1,0.0,0,0,0,-9999.0,0.5,1,P4_CV0,3,1,1,1,1
5,2535011.582,720257.8531,R5_F5_m-1f-1_P5_Y-1_U35,-9999,-9999,FXX,1,57.93250312517446,1,1,1.794,0,0,0,-9999.0,1.0,1,P4_CV0,3,2,0,1,1
5,2535011.582,720257.8531,R5_F5_m-1f-1_P5_Y-1_U39,-9999,-9999,FXX,1,57.93250312517446,1,1,1.0,0,0,0,-9999.0,0.5,1,P4_CV0,3,1,1,2,0
5,2535011.582,720257.8531,R5_F5_m-1f-1_P5_Y-1_U41,-9999,-9999,MXY,1,57.93250312517446,1,1,0.0,0,0,0,-9999.0,0.5,1,P4_CV0,3,1,1,1,1
5,2535011.582,720257.8531,R5_F5_m-1f-1_P5_Y-1_U42,-9999,-9999,MXY,1,57.93250312517446,1,1,0.0,0,0,0,-9999.0,0.5,1,P4_CV0,3,1,1,1,1
5,2535011.582,720257.8531,R5_F5_m-1f-1_P5_Y-1_U46,-9999,-9999,MXY,1,57.93250312517446,1,1,0.0,0,0,0,-9999.0,0.5,1,P4_CV0,3,1,1,0,2
5,2535011.582,720257.8531,R5_F5_m-1f-1_P5_Y-1_U48,-9999,-9999,FXX,1,57.93250312517446,1,1,0.0,0,0,0,-9999.0,1.0,1,P4_CV0,3,2,0,1,1
5,2535011.582,720257.8531,R5_F5_m-1f-1_P5_Y-1_U50,-9999,-9999,MXY,1,57.93250312517446,1,1,0.0,0,0,0,-9999.0,0.5,1,P4_CV0,3,1,1,2,0
5,2535011.582,720257.8531,R5_F5_m-1f-1_P5_Y-1_U53,-9999,-9999,MXY,1,57.93250312517446,1,1,0.0,0,0,0,-9999.0,1.0,1,P4_CV0,3,2,0,1,1
5,2535011.582,720257.8531,R5_F5_m-1f-1_P5_Y-1_U54,-9999,-9999,FXX,1,57.93250312517446,1,1,0.0,0,0,0,-9999.0,0.5,1,P4_CV0,3,1,1,1,1
5,2535011.582,720257.8531,R5_F5_m-1f-1_P5_Y-1_U55,-9999,-9999,MXY,1,57.93250312517446,1,1,0.0,0,0,0,-9999.0,0.0,1,P4_CV0,3,0,2,2,0
5,2535011.582,720257.8531,R5_F5_m-1f-1_P5_Y-1_U56,-9999,-9999,MXY,1,57.93250312517446,1,1,0.0,0,0,0,-9999.0,0.5,1,P4_CV0,3,1,1,0,2
5,2535011.582,720257.8531,R5_F5_m-1f-1_P5_Y-1_U61,-9999,-9999,FXX,1,57.93250312517446,1,1,2.807,0,0,0,-9999.0,0.5,1,P4_CV0,3,1,1,0,2
5,2535011.582,720257.8531,R5_F5_m-1f-1_P5_Y-1_U63,-9999,-9999,MXY,1,57.93250312517446,1,1,0.0,0,0,0,-9999.0,0.0,1,P4_CV0,3,0,2,1,1
5,2535011.582,720257.8531,R5_F5_m-1f-1_P5_Y-1_U64,-9999,-9999,FXX,1,57.93250312517446,1,1,1.231,0,0,0,-9999.0,0.0,1,P4_CV0,3,0,2,1,1
5,2535011.582,720257.8531,R5_F5_m-1f-1_P5_Y-1_U65,-9999,-9999,FXX,1,57.93250312517446,1,1,0.0,0,0,0,-9999.0,0.5,1,P4_CV0,3,1,1,0,2
5,2535011.582,720257.8531,R5_F5_m-1f-1_P5_Y-1_U70,-9999,-9999,MXY,1,57.93250312517446,1,1,0.0,0,0,0,-9999.0,0.0,1,P4_CV0,3,0,2,1,1
5,2535011.582,720257.8531,R5_F5_m-1f-1_P5_Y-1_U71,-9999,-9999,MXY,1,57.93250312517446,1,1,0.0,0,0,0,-9999.0,0.5,1,P4_CV0,3,1,1,0,2
5,2535011.582,720257.8531,R5_F5_m-1f-1_P5_Y-1_U72,-9999,-9999,FXX,1,57.93250312517446,1,1,1.0,0,0,0,-9999.0,0.0,1,P4_CV0,3,0,2,1,1
5,2535011.582,720257.8531,R5_F5_m-1f-1_P5_Y-1_U73,-9999,-9999,MXY,1,57.93250312517446,1,1,0.0,0,0,0,-9999.0,1.0,1,P4_CV0,3,2,0,2,0
5,2535011.582,720257.8531,R5_F5_m-1f-1_P5_Y-1_U74,-9999,-9999,MXY,1,57.93250312517446,1,1,0.0,0,0,0,-9999.0,1.0,1,P4_CV0,3,2,0,2,0
5,2535011.582,720257.8531,R5_F5_m-1f-1_P5_Y-1_U77,-9999,-9999,FXX,1,57.93250312517446,1,1,2.363,0,0,0,-9999.0,0.5,1,P4_CV0,3,1,1,1,1
5,2535011.582,720257.8531,R5_F5_m-1f-1_P5_Y-1_U78,-9999,-9999,FXX,1,57.93250312517446,1,1,1.0,0,0,0,-9999.0,0.0,1,P4_CV0,3,0,2,2,0
5,2535011.582,720257.8531,R5_F5_m-1f-1_P5_Y-1_U79,-9999,-9999,MXY,1,57.93250312517446,1,1,0.0,0,0,0,-9999.0,1.0,1,P4_CV0,3,2,0,1,1
5,2535011.582,720257.8531,R5_F5_m-1f-1_P5_Y-1_U80,-9999,-9999,MXY,1,57.93250312517446,1,1,0.0,0,0,0,-9999.0,0.5,1,P4_CV0,3,1,1,1,1
5,2535011.582,720257.8531,R5_F5_m-1f-1_P5_Y-1_U81,-9999,-9999,FXX,1,57.93250312517446,1,1,1.503,0,0,0,-9999.0,0.5,1,P4_CV0,3,1,1,2,0
5,2535011.582,720257.8531,R5_F5_m-1f-1_P5_Y-1_U85,-9999,-9999,MXY,1,57.93250312517446,1,1,0.0,0,0,0,-9999.0,0.0,1,P4_CV0,3,0,2,1,1
5,2535011.582,720257.8531,R5_F5_m-1f-1_P5_Y-1_U91,-9999,-9999,MXY,1,57.93250312517446,1,1,0.0,0,0,0,-9999.0,0.0,1,P4_CV0,3,0,2,1,1
5,2535011.582,720257.8531,R5_F5_m-1f-1_P5_Y-1_U92,-9999,-9999,FXX,1,57.93250312517446,1,1,1.0,0,0,0,-9999.0,0.0,1,P4_CV0,3,0,2,2,0
5,2535011.582,720257.8531,R5_F5_m-1f-1_P5_Y-1_U93,-9999,-9999,MXY,1,57.93250312517446,1,1,0.0,0,0,0,-9999.0,0.5,1,P4_CV0,3,1,1,1,1
5,2535011.582,720257.8531,R5_F5_m-1f-1_P5_Y-1_U94,-9999,-9999,FXX,1,57.93250312517446,1,1,1.968,0,0,0,-9999.0,0.5,1,P4_CV0,3,1,1,1,1
5,2535011.582,720257.8531,R5_F5_m-1f-1_P5_Y-1_U99,-9999,-9999,FXX,1,57.93250312517446,1,1,2.792,0,0,0,-9999.0,0.5,1,P4_CV0,3,1,1,1,1
5,2535011.582,720257.8531,R5_F5_m-1f-1_P5_Y-1_U101,-9999,-9999,MXY,1,57.93250312517446,1,1,0.0,0,0,0,-9999.0,0.0,1,P4_CV0,3,0,2,1,1
5,2535011.582,720257.8531,R5_F5_m-1f-1_P5_Y-1_U103,-9999,-9999,FXX,1,57.93250312517446,1,1,1.0,0,0,0,-9999.0,1.0,1,P4_CV0,3,2,0,2,0
5,2535011.582,720257.8531,R5_F5_m-1f-1_P5_Y-1_U107,-9999,-9999,MXY,1,57.93250312517446,1,1,0.0,0,0,0,-9999.0,0.5,1,P4_CV0,3,1,1,0,2
5,2535011.582,720257.8531,R5_F5_m-1f-1_P5_Y-1_U109,-9999,-9999,MXY,1,57.93250312517446,1,1,0.0,0,0,0,-9999.0,1.0,1,P4_CV0,3,2,0,1,1
5,2535011.582,720257.8531,R5_F5_m-1f-1_P5_Y-1_U110,-9999,-9999,MXY,1,57.93250312517446,1,1,0.0,0,0,0,-9999.0,0.5,1,P4_CV0,3,1,1,1,1
5,2535011.582,720257.8531,R5_F5_m-1f-1_P5_Y-1_U111,-9999,-9999,FXX,1,57.93250312517446,1,1,2.536,0,0,0,-9999.0,0.0,1,P4_CV0,3,0,2,1,1
5,2535011.582,720257.8531,R5_F5_m-1f-1_P5_Y-1_U112,-9999,-9999,MXY,1,57.93250312517446,1,1,0.0,0,0,0,-9999.0,0.0,1,P4_CV0,3,0,2,2,0
5,2535011.582,720257.8531,R5_F5_m-1f-1_P5_Y-1_U113,-9999,-9999,MXY,1,57.93250312517446,1,1,0.0,0,0,0,-9999.0,0.0,1,P4_CV0,3,0,2,1,1
5,2535011.582,720257.8531,R5_F5_m-1f-1_P5_Y-1_U118,-9999,-9999,MXY,1,57.93250312517446,1,1,0.0,0,0,0,-9999.0,0.0,1,P4_CV0,3,0,2,1,1
5,2535011.582,720257.8531,R5_F5_m-1f-1_P5_Y-1_U120,-9999,-9999,FXX,1,57.93250312517446,1,1,0.0,0,0,0,-9999.0,0.0,1,P4_CV0,3,0,2,0,2
5,2535011.582,720257.8531,R5_F5_m-1f-1_P5_Y-1_U125,-9999,-9999,MXY,1,57.93250312517446,1,1,0.0,0,0,0,-9999.0,0.0,1,P4_CV0,3,0,2,1,1
5,2535011.582,720257.8531,R5_F5_m-1f-1_P5_Y-1_U44,-9999,-9999,FXX,2,71.58177783752882,1,0,1.873,0,0,0,-9999.0,1.0,1,P4_CV0,3,2,0,1,1
5,2535011.582,720257.8531,R5_F5_m-1f-1_P5_Y-1_U58,-9999,-9999,FXX,2,72.33977783752881,1,0,1.325,0,0,0,-9999.0,1.0,1,P4_CV0,3,2,0,1,1
5,2535011.582,720257.8531,R5_F5_m-1f-1_P5_Y-1_U6,-9999,-9999,MXY,2,75.76477783752881,1,0,0.0,0,0,0,-9999.0,0.0,1,P4_CV0,3,0,2,2,0
5,2535011.582,720257.8531,R5_F5_m-1f-1_P5_Y-1_U23,-9999,-9999,FXX,2,85.50477783752882,1,0,1.0,0,0,0,-9999.0,1.0,1,P4_CV0,3,2,0,1,1
5,2535011.582,720257.8531,R5_F5_m-1f-1_P5_Y-1_U27,-9999,-9999,FXX,2,80.96377783752881,1,0,0.0,0,0,0,-9999.0,0.5,1,P4_CV0,3,1,1,1,1
5,2535011.582,720257.8531,R5_F5_m-1f-1_P5_Y-1_U30,-9999,-9999,MXY,2,74.2807778375288,1,0,0.0,0,0,0,-9999.0,0.0,1,P4_CV0,3,0,2,0,2
5,2535011.582,720257.8531,R5_F5_m-1f-1_P5_Y-1_U31,-9999,-9999,FXX,2,80.14577783752881,1,0,2.959,0,0,0,-9999.0,0.5,1,P4_CV0,3,1,1,1,1
5,2535011.582,720257.8531,R5_F5_m-1f-1_P5_Y-1_U36,-9999,-9999,FXX,2,79.2757778375288,1,0,0.0,0,0,0,-9999.0,0.5,1,P4_CV0,3,1,1,2,0
5,2535011.582,720257.8531,R5_F5_m-1f-1_P5_Y-1_U38,-9999,-9999,FXX,2,75.2567778375288,1,0,0.0,0,0,0,-9999.0,0.0,1,P4_CV0,3,0,2,2,0
5,2535011.582,720257.8531,R5_F5_m-1f-1_P5_Y-1_U40,-9999,-9999,FXX,2,74.63677783752881,1,0,2.338,0,0,0,-9999.0,0.5,1,P4_CV0,3,1,1,1,1
5,2535011.582,720257.8531,R5_F5_m-1f-1_P5_Y-1_U43,-9999,-9999,FXX,2,85.56377783752882,1,0,1.0,0,0,0,-9999.0,1.0,1,P4_CV0,3,2,0,0,2
5,2535011.582,720257.8531,R5_F5_m-1f-1_P5_Y-1_U47,-9999,-9999,FXX,2,74.70077783752882,1,0,2.142,0,0,0,-9999.0,0.0,1,P4_CV0,3,0,2,1,1
5,2535011.582,720257.8531,R5_F5_m-1f-1_P5_Y-1_U52,-9999,-9999,FXX,2,83.8577778375288,1,0,1.339,0,0,0,-9999.0,0.5,1,P4_CV0,3,1,1,2,0
5,2535011.582,720257.8531,R5_F5_m-1f-1_P5_Y-1_U57,-9999,-9999,FXX,2,87.88977783752881,1,0,0.0,0,0,0,-9999.0,0.0,1,P4_CV0,3,0,2,2,0
5,2535011.582,720257.8531,R5_F5_m-1f-1_P5_Y-1_U59,-9999,-9999,FXX,2,87.4057778375288,1,0,1.607,0,0,0,-9999.0,0.0,1,P4_CV0,3,0,2,2,0
5,2535011.582,720257.8531,R5_F5_m-1f-1_P5_Y-1_U60,-9999,-9999,MXY,2,76.83777783752882,1,0,0.0,0,0,0,-9999.0,0.5,1,P4_CV0,3,1,1,1,1
5,2535011.582,720257.8531,R5_F5_m-1f-1_P5_Y-1_U66,-9999,-9999,MXY,2,73.45477783752881,1,0,0.0,0,0,0,-9999.0,1.0,1,P4_CV0,3,2,0,1,1
5,2535011.582,720257.8531,R5_F5_m-1f-1_P5_Y-1_U67,-9999,-9999,FXX,2,77.63577783752882,1,0,1.84,0,0,0,-9999.0,0.0,1,P4_CV0,3,0,2,1,1
5,2535011.582,720257.8531,R5_F5_m-1f-1_P5_Y-1_U69,-9999,-9999,MXY,2,76.53277783752881,1,0,0.0,0,0,0,-9999.0,1.0,1,P4_CV0,3,2,0,1,1
5,2535011.582,720257.8531,R5_F5_m-1f-1_P5_Y-1_U75,-9999,-9999,FXX,2,86.52877783752882,1,0,0.0,0,0,0,-9999.0,0.5,1,P4_CV0,3,1,1,1,1
5,2535011.582,720257.8531,R5_F5_m-1f-1_P5_Y-1_U82,-9999,-9999,FXX,2,75.54477783752881,1,0,2.308,0,0,0,-9999.0,0.5,1,P4_CV0,3,1,1,0,2
5,2535011.582,720257.8531,R5_F5_m-1f-1_P5_Y-1_U83,-9999,-9999,MXY,2,79.78977783752882,1,0,0.0,0,0,0,-9999.0,0.0,1,P4_CV0,3,0,2,1,1
5,2535011.582,720257.8531,R5_F5_m-1f-1_P5_Y-1_U96,-9999,-9999,FXX,2,81.93477783752881,1,0,1.844,0,0,0,-9999.0,1.0,1,P4_CV0,3,2,0,2,0
5,2535011.582,720257.8531,R5_F5_m-1f-1_P5_Y-1_U97,-9999,-9999,FXX,2,83.9237778375288,1,0,0.0,0,0,0,-9999.0,0.5,1,P4_CV0,3,1,1,1,1
5,2535011.582,720257.8531,R5_F5_m-1f-1_P5_Y-1_U98,-9999,-9999,FXX,2,74.6737778375288,1,0,0.0,0,0,0,-9999.0,0.5,1,P4_CV0,3,1,1,2,0
5,2535011.582,720257.8531,R5_F5_m-1f-1_P5_Y-1_U104,-9999,-9999,MXY,2,83.7097778375288,1,0,0.0,0,0,0,-9999.0,0.0,1,P4_CV0,3,0,2,1,1
5,2535011.582,720257.8531,R5_F5_m-1f-1_P5_Y-1_U105,-9999,-9999,MXY,2,85.59277783752881,1,0,0.0,0,0,0,-9999.0,0.5,1,P4_CV0,3,1,1,1,1
5,2535011.582,720257.8531,R5_F5_m-1f-1_P5_Y-1_U108,-9999,-9999,MXY,2,78.19077783752881,1,0,0.0,0,0,0,-9999.0,1.0,1,P4_CV0,3,2,0,1,1
5,2535011.582,720257.8531,R5_F5_m-1f-1_P5_Y-1_U116,-9999,-9999,FXX,2,83.33977783752881,1,0,1.686,0,0,0,-9999.0,0.0,1,P4_CV0,3,0,2,2,0
5,2535011.582,720257.8531,R5_F5_m-1f-1_P5_Y-1_U119,-9999,-9999,MXY,2,80.86277783752881,1,0,0.0,0,0,0,-9999.0,0.5,1,P4_CV0,3,1,1,0,2
5,2535011.582,720257.8531,R5_F5_m-1f-1_P5_Y-1_U121,-9999,-9999,FXX,2,86.7337778375288,1,0,1.798,0,0,0,-9999.0,0.0,1,P4_CV0,3,0,2,1,1
5,2535011.582,720257.8531,R5_F5_m-1f-1_P5_Y-1_U126,-9999,-9999,FXX,2,76.8517778375288,1,0,1.492,0,0,0,-9999.0,0.5,1,P4_CV0,3,1,1,1,1
5,2535011.582,720257.8531,R5_F5_m-1f-1_P5_Y-1_U89,-9999,-9999,MXY,3,113.90552653241429,1,0,0.0,0,0,0,-9999.0,1.0,1,P4_CV0,3,2,0,1,1
5,2535011.582,720257.8531,R5_F5_m-1f-1_P5_Y-1_U76,-9999,-9999,FXX,3,113.90552653241429,1,0,1.372,0,0,0,-9999.0,1.0,1,P4_CV0,3,2,0,1,1
5,2535011.582,720257.8531,R5_F5_m-1f-1_P5_Y-1_U88,-9999,-9999,MXY,3,113.90552653241429,1,0,0.0,0,0,0,-9999.0,0.0,1,P4_CV0,3,0,2,2,0
5,2535011.582,720257.8531,R5_F5_m-1f-1_P5_Y-1_U122,-9999,-9999,MXY,3,113.90552653241429,1,0,0.0,0,0,0,-9999.0,0.0,1,P4_CV0,3,0,2,2,0
5,2535011.582,720257.8531,R5_F5_m-1f-1_P5_Y-1_U84,-9999,-9999,FXX,3,113.90552653241429,1,0,1.0,0,0,0,-9999.0,1.0,1,P4_CV0,3,2,0,1,1
5,2535011.582,720257.8531,R5_F5_m-1f-1_P5_Y-1_U100,-9999,-9999,FXX,3,113.90552653241429,1,0,1.657,0,0,0,-9999.0,0.0,1,P4_CV0,3,0,2,0,2
5,2535011.582,720257.8531,R5_F5_m-1f-1_P5_Y-1_U106,-9999,-9999,MXY,3,113.90552653241429,1,0,0.0,0,0,0,-9999.0,1.0,1,P4_CV0,3,2,0,1,1
5,2535011.582,720257.8531,R5_F5_m-1f-1_P5_Y-1_U12,-9999,-9999,FXX,3,113.90552653241429,1,0,0.0,0,0,0,-9999.0,0.5,1,P4_CV0,3,1,1,1,1
5,2535011.582,720257.8531,R5_F5_m-1f-1_P5_Y-1_U19,-9999,-9999,FXX,3,113.90552653241429,1,0,0.0,0,0,0,-9999.0,1.0,1,P4_CV0,3,2,0,0,2
5,2535011.582,720257.8531,R5_F5_m-1f-1_P5_Y-1_U95,-9999,-9999,MXY,3,113.90552653241429,1,0,0.0,0,0,0,-9999.0,0.0,1,P4_CV0,3,0,2,2,0
5,2535011.582,720257.8531,R5_F5_m-1f-1_P5_Y-1_U115,-9999,-9999,FXX,4,134.77058725387315,1,0,0.0,0,0,0,-9999.0,1.0,1,P4_CV0,3,2,0,1,1
5,2535011.582,720257.8531,R5_F5_m-1f-1_P5_Y-1_U10,-9999,-9999,FXX,4,148.77558725387317,1,0,0.0,0,0,0,-9999.0,0.5,1,P4_CV0,3,1,1,1,1
5,2535011.582,720257.8531,R5_F5_m-1f-1_P5_Y-1_U33,-9999,-9999,MXY,4,147.11258725387316,1,0,0.0,0,0,0,-9999.0,0.5,1,P4_CV0,3,1,1,0,2
5,2535011.582,720257.8531,R5_F5_m-1f-1_P5_Y-1_U68,-9999,-9999,MXY,4,147.59158725387317,1,0,0.0,0,0,0,-9999.0,0.5,1,P4_CV0,3,1,1,0,2
5,2535011.582,720257.8531,R5_F5_m-1f-1_P5_Y-1_U86,-9999,-9999,MXY,4,137.99958725387316,1,0,0.0,0,0,0,-9999.0,0.0,1,P4_CV0,3,0,2,0,2
5,2535011.582,720257.8531,R5_F5_m-1f-1_P5_Y-1_U123,-9999,-9999,MXY,4,141.48658725387315,1,0,0.0,0,0,0,-9999.0,0.0,1,P4_CV0,3,0,2,0,2
5,2535011.582,720257.8531,R5_F5_m-1f-1_P5_Y-1_U127,-9999,-9999,MXY,4,138.60258725387317,1,0,0.0,0,0,0,-9999.0,1.0,1,P4_CV0,3,2,0,1,1
5,2535011.582,720257.8531,R5_F5_m-1f-1_P5_Y-1_U49,-9999,-9999,MXY,5,156.3829670018265,1,0,0.0,0,0,0,-9999.0,0.0,1,P4_CV0,3,0,2,1,1
5,2535011.582,720257.8531,R5_F5_m-1f-1_P5_Y-1_U62,-9999,-9999,MXY,5,151.7659670018265,1,0,0.0,0,0,0,-9999.0,0.5,1,P4_CV0,3,1,1,2,0
5,2535011.582,720257.8531,R5_F5_m-1f-1_P5_Y-1_U45,-9999,-9999,FXX,6,201.4860710105473,1,0,1.634,0,0,0,-9999.0,0.5,1,P4_CV0,3,1,1,1,1
5,2535011.582,720257.8531,R5_F5_m-1f-1_P5_Y-1_U114,-9999,-9999,MXY,6,186.26507101054733,1,0,0.0,0,0,0,-9999.0,0.5,1,P4_CV0,3,1,1,1,1
6,2545325.475,726552.0418,Age0_F6_m6f6_P6_Y0_UO5,R6_F6_m-1f-1_P6_Y-1_U29,R6_F6_m-1f-1_P6_Y-1_U46,MXY,0,31.048747336415072,0,0,0.0,0,0,0,0.0,0.25,1,P5_CV0,3,1,1,1,1
6,2545325.475,726552.0418,Age0_F6_m6f6_P6_Y0_UO6,R6_F6_m-1f-1_P6_Y-1_U29,R6_F6_m-1f-1_P6_Y-1_U46,FXX,0,31.048747336415072,0,0,0.0,0,0,0,0.0,0.25,1,P5_CV0,3,0,2,1,1
6,2545325.475,726552.0418,Age0_F6_m6f6_P6_Y0_UO7,R6_F6_m-1f-1_P6_Y-1_U29,R6_F6_m-1f-1_P6_Y-1_U46,FXX,0,31.048747336415072,0,0,0.0,0,0,0,0.0,0.25,1,P5_CV0,3,1,1,0,2
6,2545325.475,726552.0418,Age0_F6_m6f6_P6_Y0_UO8,R6_F6_m-1f-1_P6_Y-1_U29,R6_F6_m-1f-1_P6_Y-1_U46,MXY,0,31.048747336415072,0,0,0.0,0,0,0,0.0,0.25,1,P5_CV0,3,0,2,2,0
6,2545325.475,726552.0418,Age0_F6_m6f6_P6_Y0_UO23,R6_F6_m-1f-1_P6_Y-1_U20,R6_F6_m-1f-1_P6_Y-1_U61,MXY,0,31.048747336415072,0,0,0.0,0,0,0,0.0,0.5,1,P5_CV0,3,1,1,1,1
6,2545325.475,726552.0418,Age0_F6_m6f6_P6_Y0_UO24,R6_F6_m-1f-1_P6_Y-1_U20,R6_F6_m-1f-1_P6_Y-1_U61,MXY,0,31.048747336415072,0,0,0.0,0,0,0,0.0,0.5,1,P5_CV0,3,2,0,0,2
6,2545325.475,726552.0418,Age0_F6_m6f6_P6_Y0_UO54,R6_F6_m-1f-1_P6_Y-1_U123,R6_F6_m-1f-1_P6_Y-1_U65,FXX,0,31.048747336415072,0,0,0.0,0,0,0,0.0,0.5,1,P5_CV0,3,0,2,0,2
6,2545325.475,726552.0418,Age0_F6_m6f6_P6_Y0_UO62,R6_F6_m-1f-1_P6_Y-1_U41,R6_F6_m-1f-1_P6_Y-1_U78,FXX,0,31.048747336415072,0,0,0.0,0,0,0,0.0,0.75,1,P5_CV0,3,1,1,2,0
6,2545325.475,726552.0418,Age0_F6_m6f6_P6_Y0_UO63,R6_F6_m-1f-1_P6_Y-1_U41,R6_F6_m-1f-1_P6_Y-1_U78,FXX,0,31.048747336415072,0,0,0.0,0,0,0,0.0,0.75,1,P5_CV0,3,2,0,1,1
6,2545325.475,726552.0418,Age0_F6_m6f6_P6_Y0_UO64,R6_F6_m-1f-1_P6_Y-1_U41,R6_F6_m-1f-1_P6_Y-1_U78,MXY,0,31.048747336415072,0,0,0.0,0,0,0,0.0,0.75,1,P5_CV0,3,1,1,1,1
6,2545325.475,726552.0418,Age0_F6_m6f6_P6_Y0_UO68,R6_F6_m-1f-1_P6_Y-1_U94,R6_F6_m-1f-1_P6_Y-1_U26,MXY,0,31.048747336415072,0,0,0.0,0,0,0,0.0,0.25,1,P5_CV0,3,0,2,0,2
6,2545325.475,726552.0418,Age0_F6_m6f6_P6_Y0_UO69,R6_F6_m-1f-1_P6_Y-1_U94,R6_F6_m-1f-1_P6_Y-1_U26,MXY,0,31.048747336415072,0,0,0.0,0,0,0,0.0,0.25,1,P5_CV0,3,2,0,1,1
6,2545325.475,726552.0418,Age0_F6_m6f6_P6_Y0_UO70,R6_F6_m-1f-1_P6_Y-1_U94,R6_F6_m-1f-1_P6_Y-1_U26,MXY,0,31.048747336415072,0,0,0.0,0,0,0,0.0,0.25,1,P5_CV0,3,0,2,1,1
6,2545325.475,726552.0418,Age0_F6_m6f6_P6_Y0_UO71,R6_F6_m-1f-1_P6_Y-1_U94,R6_F6_m-1f-1_P6_Y-1_U26,MXY,0,31.048747336415072,0,0,0.0,0,0,0,0.0,0.25,1,P5_CV0,3,2,0,1,1
6,2545325.475,726552.0418,Age0_F6_m6f6_P6_Y0_UO76,R6_F6_m-1f-1_P6_Y-1_U86,R6_F6_m-1f-1_P6_Y-1_U65,MXY,0,31.048747336415072,0,0,0.0,0,0,0,0.0,0.75,1,P5_CV0,3,1,1,2,0
6,2545325.475,726552.0418,Age0_F6_m6f6_P6_Y0_UO77,R6_F6_m-1f-1_P6_Y-1_U86,R6_F6_m-1f-1_P6_Y-1_U65,MXY,0,31.048747336415072,0,0,0.0,0,0,0,0.0,0.75,1,P5_CV0,3,2,0,0,2
6,2545325.475,726552.0418,Age0_F6_m6f6_P6_Y0_UO78,R6_F6_m-1f-1_P6_Y-1_U90,R6_F6_m-1f-1_P6_Y-1_U28,MXY,0,31.048747336415072,0,0,0.0,0,0,0,0.0,0.75,1,P5_CV0,3,2,0,1,1
6,2545325.475,726552.0418,Age0_F6_m6f6_P6_Y0_UO79,R6_F6_m-1f-1_P6_Y-1_U90,R6_F6_m-1f-1_P6_Y-1_U28,MXY,0,31.048747336415072,0,0,0.0,0,0,0,0.0,0.75,1,P5_CV0,3,2,0,1,1
6,2545325.475,726552.0418,Age0_F6_m6f6_P6_Y0_UO80,R6_F6_m-1f-1_P6_Y-1_U90,R6_F6_m-1f-1_P6_Y-1_U28,FXX,0,31.048747336415072,0,0,0.0,0,0,0,0.0,0.75,1,P5_CV0,3,2,0,2,0
6,2545325.475,726552.0418,Age0_F6_m6f6_P6_Y0_UO81,R6_F6_m-1f-1_P6_Y-1_U90,R6_F6_m-1f-1_P6_Y-1_U28,FXX,0,31.048747336415072,0,0,0.0,0,0,0,0.0,0.75,1,P5_CV0,3,2,0,1,1
6,2545325.475,726552.0418,Age0_F6_m6f6_P6_Y0_UO82,R6_F6_m-1f-1_P6_Y-1_U90,R6_F6_m-1f-1_P6_Y-1_U28,MXY,0,31.048747336415072,0,0,0.0,0,0,0,0.0,0.75,1,P5_CV0,3,1,1,2,0
6,2545325.475,726552.0418,Age0_F6_m6f6_P6_Y0_UO112,R6_F6_m-1f-1_P6_Y-1_U127,R6_F6_m-1f-1_P6_Y-1_U44,MXY,0,31.048747336415072,0,0,0.0,0,0,0,0.0,0.75,1,P5_CV0,3,2,0,0,2
6,2545325.475,726552.0418,Age0_F6_m6f6_P6_Y0_UO113,R6_F6_m-1f-1_P6_Y-1_U127,R6_F6_m-1f-1_P6_Y-1_U44,FXX,0,31.048747336415072,0,0,0.0,0,0,0,0.0,0.75,1,P5_CV0,3,1,1,0,2
6,2545325.475,726552.0418,Age0_F6_m6f6_P6_Y0_UO114,R6_F6_m-1f-1_P6_Y-1_U127,R6_F6_m-1f-1_P6_Y-1_U44,FXX,0,31.048747336415072,0,0,0.0,0,0,0,0.0,0.75,1,P5_CV0,3,2,0,1,1
6,2545325.475,726552.0418,Age0_F6_m6f6_P6_Y0_UO189,R6_F6_m-1f-1_P6_Y-1_U47,R6_F6_m-1f-1_P6_Y-1_U26,MXY,0,31.048747336415072,0,0,0.0,0,0,0,0.0,0.5,1,P5_CV0,3,1,1,2,0
6,2545325.475,726552.0418,Age0_F6_m6f6_P6_Y0_UO190,R6_F6_m-1f-1_P6_Y-1_U47,R6_F6_m-1f-1_P6_Y-1_U26,FXX,0,31.048747336415072,0,0,0.0,0,0,0,0.0,0.5,1,P5_CV0,3,1,1,1,1
6,2545325.475,726552.0418,Age0_F6_m6f6_P6_Y0_UO206,R6_F6_m-1f-1_P6_Y-1_U58,R6_F6_m-1f-1_P6_Y-1_U44,FXX,0,31.048747336415072,0,0,0.0,0,0,0,0.0,0.75,1,P5_CV0,3,0,2,2,0
6,2545325.475,726552.0418,Age0_F6_m6f6_P6_Y0_UO223,R6_F6_m-1f-1_P6_Y-1_U50,R6_F6_m-1f-1_P6_Y-1_U28,FXX,0,31.048747336415072,0,0,0.0,0,0,0,0.0,1.0,1,P5_CV0,3,1,1,0,2
6,2545325.475,726552.0418,Age0_F6_m6f6_P6_Y0_UO224,R6_F6_m-1f-1_P6_Y-1_U50,R6_F6_m-1f-1_P6_Y-1_U28,FXX,0,31.048747336415072,0,0,0.0,0,0,0,0.0,1.0,1,P5_CV0,3,2,0,0,2
6,2545325.475,726552.0418,Age0_F6_m6f6_P6_Y0_UO225,R6_F6_m-1f-1_P6_Y-1_U50,R6_F6_m-1f-1_P6_Y-1_U28,MXY,0,31.048747336415072,0,0,0.0,0,0,0,0.0,1.0,1,P5_CV0,3,1,1,1,1
6,2545325.475,726552.0418,Age0_F6_m6f6_P6_Y0_UO226,R6_F6_m-1f-1_P6_Y-1_U50,R6_F6_m-1f-1_P6_Y-1_U28,FXX,0,31.048747336415072,0,0,0.0,0,0,0,0.0,1.0,1,P5_CV0,3,2,0,2,0
6,2545325.475,726552.0418,Age0_F6_m6f6_P6_Y0_UO227,R6_F6_m-1f-1_P6_Y-1_U50,R6_F6_m-1f-1_P6_Y-1_U28,FXX,0,31.048747336415072,0,0,0.0,0,0,0,0.0,1.0,1,P5_CV0,3,1,1,1,1
6,2545325.475,726552.0418,Age0_F6_m6f6_P6_Y0_UO267,R6_F6_m-1f-1_P6_Y-1_U31,R6_F6_m-1f-1_P6_Y-1_U18,MXY,0,31.048747336415072,0,0,0.0,0,0,0,0.0,0.25,1,P5_CV0,3,1,1,2,0
6,2545325.475,726552.0418,Age0_F6_m6f6_P6_Y0_UO268,R6_F6_m-1f-1_P6_Y-1_U31,R6_F6_m-1f-1_P6_Y-1_U18,FXX,0,31.048747336415072,0,0,0.0,0,0,0,0.0,0.25,1,P5_CV0,3,2,0,2,0
6,2545325.475,726552.0418,Age0_F6_m6f6_P6_Y0_UO269,R6_F6_m-1f-1_P6_Y-1_U31,R6_F6_m-1f-1_P6_Y-1_U18,MXY,0,31.048747336415072,0,0,0.0,0,0,0,0.0,0.25,1,P5_CV0,3,1,1,2,0
6,2545325.475,726552.0418,Age0_F6_m6f6_P6_Y0_UO270,R6_F6_m-1f-1_P6_Y-1_U14,R6_F6_m-1f-1_P6_Y-1_U0,MXY,0,31.048747336415072,0,0,0.0,0,0,0,0.0,0.75,1,P5_CV0,3,2,0,0,2
6,2545325.475,726552.0418,Age0_F6_m6f6_P6_Y0_UO271,R6_F6_m-1f-1_P6_Y-1_U14,R6_F6_m-1f-1_P6_Y-1_U0,FXX,0,31.048747336415072,0,0,0.0,0,0,0,0.0,0.75,1,P5_CV0,3,0,2,1,1
6,2545325.475,726552.0418,Age0_F6_m6f6_P6_Y0_UO272,R6_F6_m-1f-1_P6_Y-1_U14,R6_F6_m-1f-1_P6_Y-1_U0,FXX,0,31.048747336415072,0,0,0.0,0,0,0,0.0,0.75,1,P5_CV0,3,2,0,2,0
6,2545325.475,726552.0418,Age0_F6_m6f6_P6_Y0_UO283,R6_F6_m-1f-1_P6_Y-1_U117,R6_F6_m-1f-1_P6_Y-1_U34,MXY,0,31.048747336415072,0,0,0.0,0,0,0,0.0,0.0,1,P5_CV0,3,1,1,0,2
6,2545325.475,726552.0418,Age0_F6_m6f6_P6_Y0_UO284,R6_F6_m-1f-1_P6_Y-1_U117,R6_F6_m-1f-1_P6_Y-1_U34,FXX,0,31.048747336415072,0,0,0.0,0,0,0,0.0,0.0,1,P5_CV0,3,0,2,0,2
6,2545325.475,726552.0418,Age0_F6_m6f6_P6_Y0_UO285,R6_F6_m-1f-1_P6_Y-1_U53,R6_F6_m-1f-1_P6_Y-1_U91,FXX,0,31.048747336415072,0,0,0.0,0,0,0,0.0,0.5,1,P5_CV0,3,1,1,0,2
6,2545325.475,726552.0418,Age0_F6_m6f6_P6_Y0_UO286,R6_F6_m-1f-1_P6_Y-1_U53,R6_F6_m-1f-1_P6_Y-1_U91,MXY,0,31.048747336415072,0,0,0.0,0,0,0,0.0,0.5,1,P5_CV0,3,1,1,1,1
6,2545325.475,726552.0418,Age0_F6_m6f6_P6_Y0_UO287,R6_F6_m-1f-1_P6_Y-1_U53,R6_F6_m-1f-1_P6_Y-1_U91,MXY,0,31.048747336415072,0,0,0.0,0,0,0,0.0,0.5,1,P5_CV0,3,0,2,0,2
6,2545325.475,726552.0418,Age0_F6_m6f6_P6_Y0_UO288,R6_F6_m-1f-1_P6_Y-1_U53,R6_F6_m-1f-1_P6_Y-1_U91,MXY,0,31.048747336415072,0,0,0.0,0,0,0,0.0,0.5,1,P5_CV0,3,1,1,1,1
6,2545325.475,726552.0418,Age0_F6_m6f6_P6_Y0_UO313,R6_F6_m-1f-1_P6_Y-1_U20,R6_F6_m-1f-1_P6_Y-1_U3,MXY,0,31.048747336415072,0,0,0.0,0,0,0,0.0,0.5,1,P5_CV0,3,1,1,1,1
6,2545325.475,726552.0418,Age0_F6_m6f6_P6_Y0_UO314,R6_F6_m-1f-1_P6_Y-1_U20,R6_F6_m-1f-1_P6_Y-1_U3,FXX,0,31.048747336415072,0,0,0.0,0,0,0,0.0,0.5,1,P5_CV0,3,0,2,1,1
6,2545325.475,726552.0418,Age0_F6_m6f6_P6_Y0_UO315,R6_F6_m-1f-1_P6_Y-1_U123,R6_F6_m-1f-1_P6_Y-1_U80,MXY,0,31.048747336415072,0,0,0.0,0,0,0,0.0,0.25,1,P5_CV0,3,1,1,1,1
6,2545325.475,726552.0418,Age0_F6_m6f6_P6_Y0_UO344,R6_F6_m-1f-1_P6_Y-1_U99,R6_F6_m-1f-1_P6_Y-1_U61,FXX,0,31.048747336415072,0,0,0.0,0,0,0,0.0,0.75,1,P5_CV0,3,1,1,1,1
6,2545325.475,726552.0418,Age0_F6_m6f6_P6_Y0_UO345,R6_F6_m-1f-1_P6_Y-1_U99,R6_F6_m-1f-1_P6_Y-1_U61,FXX,0,31.048747336415072,0,0,0.0,0,0,0,0.0,0.75,1,P5_CV0,3,1,1,1,1
6,2545325.475,726552.0418,Age0_F6_m6f6_P6_Y0_UO346,R6_F6_m-1f-1_P6_Y-1_U99,R6_F6_m-1f-1_P6_Y-1_U61,FXX,0,31.048747336415072,0,0,0.0,0,0,0,0.0,0.75,1,P5_CV0,3,0,2,1,1
6,2545325.475,726552.0418,Age0_F6_m6f6_P6_Y0_UO350,R6_F6_m-1f-1_P6_Y-1_U94,R6_F6_m-1f-1_P6_Y-1_U78,FXX,0,31.048747336415072,0,0,0.0,0,0,0,0.0,0.25,1,P5_CV0,3,1,1,1,1
6,2545325.475,726552.0418,Age0_F6_m6f6_P6_Y0_UO351,R6_F6_m-1f-1_P6_Y-1_U94,R6_F6_m-1f-1_P6_Y-1_U78,MXY,0,31.048747336415072,0,0,0.0,0,0,0,0.0,0.25,1,P5_CV0,3,1,1,0,2
6,2545325.475,726552.0418,Age0_F6_m6f6_P6_Y0_UO352,R6_F6_m-1f-1_P6_Y-1_U94,R6_F6_m-1f-1_P6_Y-1_U78,FXX,0,31.048747336415072,0,0,0.0,0,0,0,0.0,0.25,1,P5_CV0,3,0,2,2,0
6,2545325.475,726552.0418,Age0_F6_m6f6_P6_Y0_UO353,R6_F6_m-1f-1_P6_Y-1_U94,R6_F6_m-1f-1_P6_Y-1_U78,FXX,0,31.048747336415072,0,0,0.0,0,0,0,0.0,0.25,1,P5_CV0,3,2,0,0,2
6,2545325.475,726552.0418,Age0_F6_m6f6_P6_Y0_UO354,R6_F6_m-1f-1_P6_Y-1_U94,R6_F6_m-1f-1_P6_Y-1_U78,MXY,0,31.048747336415072,0,0,0.0,0,0,0,0.0,0.25,1,P5_CV0,3,0,2,0,2
6,2545325.475,726552.0418,Age0_F6_m6f6_P6_Y0_UO355,R6_F6_m-1f-1_P6_Y-1_U94,R6_F6_m-1f-1_P6_Y-1_U78,FXX,0,31.048747336415072,0,0,0.0,0,0,0,0.0,0.25,1,P5_CV0,3,0,2,2,0
6,2545325.475,726552.0418,Age0_F6_m6f6_P6_Y0_UO359,R6_F6_m-1f-1_P6_Y-1_U14,R6_F6_m-1f-1_P6_Y-1_U51,FXX,0,31.048747336415072,0,0,0.0,0,0,0,0.0,0.5,1,P5_CV0,3,0,2,0,2
6,2545325.475,726552.0418,Age0_F6_m6f6_P6_Y0_UO360,R6_F6_m-1f-1_P6_Y-1_U14,R6_F6_m-1f-1_P6_Y-1_U51,FXX,0,31.048747336415072,0,0,0.0,0,0,0,0.0,0.5,1,P5_CV0,3,0,2,2,0
6,2545325.475,726552.0418,Age0_F6_m6f6_P6_Y0_UO361,R6_F6_m-1f-1_P6_Y-1_U14,R6_F6_m-1f-1_P6_Y-1_U51,FXX,0,31.048747336415072,0,0,0.0,0,0,0,0.0,0.5,1,P5_CV0,3,0,2,1,1
6,2545325.475,726552.0418,Age0_F6_m6f6_P6_Y0_UO372,R6_F6_m-1f-1_P6_Y-1_U13,R6_F6_m-1f-1_P6_Y-1_U106,MXY,0,31.048747336415072,0,0,0.0,0,0,0,0.0,0.75,1,P5_CV0,3,2,0,1,1
6,2545325.475,726552.0418,Age0_F6_m6f6_P6_Y0_UO373,R6_F6_m-1f-1_P6_Y-1_U13,R6_F6_m-1f-1_P6_Y-1_U106,FXX,0,31.048747336415072,0,0,0.0,0,0,0,0.0,0.75,1,P5_CV0,3,1,1,1,1
6,2545325.475,726552.0418,Age0_F6_m6f6_P6_Y0_UO407,R6_F6_m-1f-1_P6_Y-1_U20,R6_F6_m-1f-1_P6_Y-1_U85,MXY,0,31.048747336415072,0,0,0.0,0,0,0,0.0,0.5,1,P5_CV0,3,2,0,1,1
6,2545325.475,726552.0418,Age0_F6_m6f6_P6_Y0_UO456,R6_F6_m-1f-1_P6_Y-1_U13,R6_F6_m-1f-1_P6_Y-1_U65,FXX,0,31.048747336415072,0,0,0.0,0,0,0,0.0,0.75,1,P5_CV0,3,2,0,0,2
6,2545325.475,726552.0418,Age0_F6_m6f6_P6_Y0_UO457,R6_F6_m-1f-1_P6_Y-1_U13,R6_F6_m-1f-1_P6_Y-1_U65,MXY,0,31.048747336415072,0,0,0.0,0,0,0,0.0,0.75,1,P5_CV0,3,1,1,2,0
6,2545325.475,726552.0418,Age0_F6_m6f6_P6_Y0_UO458,R6_F6_m-1f-1_P6_Y-1_U13,R6_F6_m-1f-1_P6_Y-1_U65,MXY,0,31.048747336415072,0,0,0.0,0,0,0,0.0,0.75,1,P5_CV0,3,2,0,1,1
6,2545325.475,726552.0418,Age0_F6_m6f6_P6_Y0_UO472,R6_F6_m-1f-1_P6_Y-1_U119,R6_F6_m-1f-1_P6_Y-1_U80,MXY,0,31.048747336415072,0,0,0.0,0,0,0,0.0,0.75,1,P5_CV0,3,0,2,0,2
6,2545325.475,726552.0418,Age0_F6_m6f6_P6_Y0_UO473,R6_F6_m-1f-1_P6_Y-1_U119,R6_F6_m-1f-1_P6_Y-1_U80,MXY,0,31.048747336415072,0,0,0.0,0,0,0,0.0,0.75,1,P5_CV0,3,2,0,1,1
6,2545325.475,726552.0418,Age0_F6_m6f6_P6_Y0_UO474,R6_F6_m-1f-1_P6_Y-1_U119,R6_F6_m-1f-1_P6_Y-1_U80,FXX,0,31.048747336415072,0,0,0.0,0,0,0,0.0,0.75,1,P5_CV0,3,2,0,1,1
6,2545325.475,726552.0418,Age0_F6_m6f6_P6_Y0_UO490,R6_F6_m-1f-1_P6_Y-1_U52,R6_F6_m-1f-1_P6_Y-1_U26,MXY,0,31.048747336415072,0,0,0.0,0,0,0,0.0,0.25,1,P5_CV0,3,0,2,1,1
6,2545325.475,726552.0418,Age0_F6_m6f6_P6_Y0_UO491,R6_F6_m-1f-1_P6_Y-1_U47,R6_F6_m-1f-1_P6_Y-1_U10,FXX,0,31.048747336415072,0,0,0.0,0,0,0,0.0,0.5,1,P5_CV0,3,2,0,0,2
6,2545325.475,726552.0418,Age0_F6_m6f6_P6_Y0_UO573,R6_F6_m-1f-1_P6_Y-1_U102,R6_F6_m-1f-1_P6_Y-1_U34,MXY,0,31.048747336415072,0,0,0.0,0,0,0,0.0,0.5,1,P5_CV0,3,1,1,0,2
6,2545325.475,726552.0418,Age0_F6_m6f6_P6_Y0_UO574,R6_F6_m-1f-1_P6_Y-1_U102,R6_F6_m-1f-1_P6_Y-1_U34,MXY,0,31.048747336415072,0,0,0.0,0,0,0,0.0,0.5,1,P5_CV0,3,1,1,1,1
6,2545325.475,726552.0418,Age0_F6_m6f6_P6_Y0_UO583,R6_F6_m-1f-1_P6_Y-1_U99,R6_F6_m-1f-1_P6_Y-1_U0,FXX,0,31.048747336415072,0,0,0.0,0,0,0,0.0,0.75,1,P5_CV0,3,1,1,1,1
6,2545325.475,726552.0418,Age0_F6_m6f6_P6_Y0_UO584,R6_F6_m-1f-1_P6_Y-1_U99,R6_F6_m-1f-1_P6_Y-1_U0,FXX,0,31.048747336415072,0,0,0.0,0,0,0,0.0,0.75,1,P5_CV0,3,1,1,0,2
6,2545325.475,726552.0418,Age0_F6_m6f6_P6_Y0_UO585,R6_F6_m-1f-1_P6_Y-1_U99,R6_F6_m-1f-1_P6_Y-1_U0,FXX,0,31.048747336415072,0,0,0.0,0,0,0,0.0,0.75,1,P5_CV0,3,0,2,2,0
6,2545325.475,726552.0418,Age0_F6_m6f6_P6_Y0_UO586,R6_F6_m-1f-1_P6_Y-1_U20,R6_F6_m-1f-1_P6_Y-1_U106,MXY,0,31.048747336415072,0,0,0.0,0,0,0,0.0,0.75,1,P5_CV0,3,1,1,0,2
6,2545325.475,726552.0418,Age0_F6_m6f6_P6_Y0_UO587,R6_F6_m-1f-1_P6_Y-1_U20,R6_F6_m-1f-1_P6_Y-1_U106,MXY,0,31.048747336415072,0,0,0.0,0,0,0,0.0,0.75,1,P5_CV0,3,2,0,0,2
6,2545325.475,726552.0418,Age0_F6_m6f6_P6_Y0_UO588,R6_F6_m-1f-1_P6_Y-1_U20,R6_F6_m-1f-1_P6_Y-1_U106,FXX,0,31.048747336415072,0,0,0.0,0,0,0,0.0,0.75,1,P5_CV0,3,2,0,1,1
6,2545325.475,726552.0418,Age0_F6_m6f6_P6_Y0_UO607,R6_F6_m-1f-1_P6_Y-1_U102,R6_F6_m-1f-1_P6_Y-1_U85,FXX,0,31.048747336415072,0,0,0.0,0,0,0,0.0,0.75,1,P5_CV0,3,1,1,2,0
6,2545325.475,726552.0418,Age0_F6_m6f6_P6_Y0_UO610,R6_F6_m-1f-1_P6_Y-1_U127,R6_F6_m-1f-1_P6_Y-1_U61,MXY,0,31.048747336415072,0,0,0.0,0,0,0,0.0,0.75,1,P5_CV0,3,2,0,0,2
6,2545325.475,726552.0418,Age0_F6_m6f6_P6_Y0_UO611,R6_F6_m-1f-1_P6_Y-1_U127,R6_F6_m-1f-1_P6_Y-1_U61,MXY,0,31.048747336415072,0,0,0.0,0,0,0,0.0,0.75,1,P5_CV0,3,1,1,1,1
6,2545325.475,726552.0418,Age0_F6_m6f6_P6_Y0_UO620,R6_F6_m-1f-1_P6_Y-1_U102,R6_F6_m-1f-1_P6_Y-1_U61,FXX,0,31.048747336415072,0,0,0.0,0,0,0,0.0,0.75,1,P5_CV0,3,1,1,1,1
6,2545325.475,726552.0418,Age0_F6_m6f6_P6_Y0_UO621,R6_F6_m-1f-1_P6_Y-1_U102,R6_F6_m-1f-1_P6_Y-1_U61,FXX,0,31.048747336415072,0,0,0.0,0,0,0,0.0,0.75,1,P5_CV0,3,1,1,0,2
6,2545325.475,726552.0418,Age0_F6_m6f6_P6_Y0_UO622,R6_F6_m-1f-1_P6_Y-1_U102,R6_F6_m-1f-1_P6_Y-1_U61,MXY,0,31.048747336415072,0,0,0.0,0,0,0,0.0,0.75,1,P5_CV0,3,1,1,0,2
6,2545325.475,726552.0418,Age0_F6_m6f6_P6_Y0_UO631,R6_F6_m-1f-1_P6_Y-1_U41,R6_F6_m-1f-1_P6_Y-1_U9,MXY,0,31.048747336415072,0,0,0.0,0,0,0,0.0,0.75,1,P5_CV0,3,2,0,1,1
6,2545325.475,726552.0418,Age0_F6_m6f6_P6_Y0_UO632,R6_F6_m-1f-1_P6_Y-1_U41,R6_F6_m-1f-1_P6_Y-1_U9,MXY,0,31.048747336415072,0,0,0.0,0,0,0,0.0,0.75,1,P5_CV0,3,0,2,2,0
6,2545325.475,726552.0418,Age0_F6_m6f6_P6_Y0_UO633,R6_F6_m-1f-1_P6_Y-1_U41,R6_F6_m-1f-1_P6_Y-1_U9,FXX,0,31.048747336415072,0,0,0.0,0,0,0,0.0,0.75,1,P5_CV0,3,1,1,0,2
6,2545325.475,726552.0418,Age0_F6_m6f6_P6_Y0_UO634,R6_F6_m-1f-1_P6_Y-1_U41,R6_F6_m-1f-1_P6_Y-1_U9,FXX,0,31.048747336415072,0,0,0.0,0,0,0,0.0,0.75,1,P5_CV0,3,1,1,1,1
6,2545325.475,726552.0418,Age0_F6_m6f6_P6_Y0_UO635,R6_F6_m-1f-1_P6_Y-1_U41,R6_F6_m-1f-1_P6_Y-1_U9,MXY,0,31.048747336415072,0,0,0.0,0,0,0,0.0,0.75,1,P5_CV0,3,2,0,2,0
6,2545325.475,726552.0418,Age0_F6_m6f6_P6_Y0_UO636,R6_F6_m-1f-1_P6_Y-1_U110,R6_F6_m-1f-1_P6_Y-1_U46,MXY,0,31.048747336415072,0,0,0.0,0,0,0,0.0,0.5,1,P5_CV0,3,2,0,0,2
6,2545325.475,726552.0418,Age0_F6_m6f6_P6_Y0_UO637,R6_F6_m-1f-1_P6_Y-1_U110,R6_F6_m-1f-1_P6_Y-1_U46,FXX,0,31.048747336415072,0,0,0.0,0,0,0,0.0,0.5,1,P5_CV0,3,2,0,0,2
6,2545325.475,726552.0418,Age0_F6_m6f6_P6_Y0_UO656,R6_F6_m-1f-1_P6_Y-1_U90,R6_F6_m-1f-1_P6_Y-1_U85,MXY,0,31.048747336415072,0,0,0.0,0,0,0,0.0,0.5,1,P5_CV0,3,0,2,1,1
6,2545325.475,726552.0418,Age0_F6_m6f6_P6_Y0_UO657,R6_F6_m-1f-1_P6_Y-1_U90,R6_F6_m-1f-1_P6_Y-1_U85,MXY,0,31.048747336415072,0,0,0.0,0,0,0,0.0,0.5,1,P5_CV0,3,0,2,1,1
6,2545325.475,726552.0418,Age0_F6_m6f6_P6_Y0_UO658,R6_F6_m-1f-1_P6_Y-1_U90,R6_F6_m-1f-1_P6_Y-1_U85,MXY,0,31.048747336415072,0,0,0.0,0,0,0,0.0,0.5,1,P5_CV0,3,0,2,1,1
6,2545325.475,726552.0418,Age0_F6_m6f6_P6_Y0_UO659,R6_F6_m-1f-1_P6_Y-1_U90,R6_F6_m-1f-1_P6_Y-1_U85,MXY,0,31.048747336415072,0,0,0.0,0,0,0,0.0,0.5,1,P5_CV0,3,1,1,2,0
6,2545325.475,726552.0418,Age0_F6_m6f6_P6_Y0_UO673,R6_F6_m-1f-1_P6_Y-1_U14,R6_F6_m-1f-1_P6_Y-1_U93,MXY,0,31.048747336415072,0,0,0.0,0,0,0,0.0,0.75,1,P5_CV0,3,1,1,1,1
6,2545325.475,726552.0418,Age0_F6_m6f6_P6_Y0_UO674,R6_F6_m-1f-1_P6_Y-1_U14,R6_F6_m-1f-1_P6_Y-1_U93,MXY,0,31.048747336415072,0,0,0.0,0,0,0,0.0,0.75,1,P5_CV0,3,2,0,1,1
6,2545325.475,726552.0418,Age0_F6_m6f6_P6_Y0_UO675,R6_F6_m-1f-1_P6_Y-1_U14,R6_F6_m-1f-1_P6_Y-1_U93,FXX,0,31.048747336415072,0,0,0.0,0,0,0,0.0,0.75,1,P5_CV0,3,0,2,1,1
6,2545325.475,726552.0418,Age0_F6_m6f6_P6_Y0_UO684,R6_F6_m-1f-1_P6_Y-1_U102,R6_F6_m-1f-1_P6_Y-1_U106,MXY,0,31.048747336415072,0,0,0.0,0,0,0,0.0,1.0,1,P5_CV0,3,2,0,1,1
6,2545325.475,726552.0418,Age0_F6_m6f6_P6_Y0_UO685,R6_F6_m-1f-1_P6_Y-1_U102,R6_F6_m-1f-1_P6_Y-1_U106,MXY,0,31.048747336415072,0,0,0.0,0,0,0,0.0,1.0,1,P5_CV0,3,1,1,0,2
6,2545325.475,726552.0418,Age0_F6_m6f6_P6_Y0_UO688,R6_F6_m-1f-1_P6_Y-1_U58,R6_F6_m-1f-1_P6_Y-1_U33,MXY,0,31.048747336415072,0,0,0.0,0,0,0,0.0,0.75,1,P5_CV0,3,1,1,1,1
6,2545325.475,726552.0418,Age0_F6_m6f6_P6_Y0_UO689,R6_F6_m-1f-1_P6_Y-1_U58,R6_F6_m-1f-1_P6_Y-1_U33,FXX,0,31.048747336415072,0,0,0.0,0,0,0,0.0,0.75,1,P5_CV0,3,1,1,0,2
6,2545325.475,726552.0418,Age0_F6_m6f6_P6_Y0_UO705,R6_F6_m-1f-1_P6_Y-1_U47,R6_F6_m-1f-1_P6_Y-1_U5,MXY,0,31.048747336415072,0,0,0.0,0,0,0,0.0,0.75,1,P5_CV0,3,2,0,0,2
6,2545325.475,726552.0418,Age0_F6_m6f6_P6_Y0_UO706,R6_F6_m-1f-1_P6_Y-1_U47,R6_F6_m-1f-1_P6_Y-1_U5,FXX,0,31.048747336415072,0,0,0.0,0,0,0,0.0,0.75,1,P5_CV0,3,2,0,2,0
6,2545325.475,726552.0418,Age0_F6_m6f6_P6_Y0_UO707,R6_F6_m-1f-1_P6_Y-1_U47,R6_F6_m-1f-1_P6_Y-1_U5,FXX,0,31.048747336415072,0,0,0.0,0,0,0,0.0,0.75,1,P5_CV0,3,1,1,1,1
6,2545325.475,726552.0418,Age0_F6_m6f6_P6_Y0_UO711,R6_F6_m-1f-1_P6_Y-1_U29,R6_F6_m-1f-1_P6_Y-1_U78,FXX,0,31.048747336415072,0,0,0.0,0,0,0,0.0,0.5,1,P5_CV0,3,1,1,2,0
6,2545325.475,726552.0418,Age0_F6_m6f6_P6_Y0_UO712,R6_F6_m-1f-1_P6_Y-1_U29,R6_F6_m-1f-1_P6_Y-1_U78,FXX,0,31.048747336415072,0,0,0.0,0,0,0,0.0,0.5,1,P5_CV0,3,2,0,1,1
6,2545325.475,726552.0418,Age0_F6_m6f6_P6_Y0_UO713,R6_F6_m-1f-1_P6_Y-1_U99,R6_F6_m-1f-1_P6_Y-1_U66,MXY,0,31.048747336415072,0,0,0.0,0,0,0,0.0,0.75,1,P5_CV0,3,2,0,0,2
6,2545325.475,726552.0418,Age0_F6_m6f6_P6_Y0_UO714,R6_F6_m-1f-1_P6_Y-1_U99,R6_F6_m-1f-1_P6_Y-1_U66,MXY,0,31.048747336415072,0,0,0.0,0,0,0,0.0,0.75,1,P5_CV0,3,1,1,2,0
6,2545325.475,726552.0418,Age0_F6_m6f6_P6_Y0_UO715,R6_F6_m-1f-1_P6_Y-1_U99,R6_F6_m-1f-1_P6_Y-1_U66,FXX,0,31.048747336415072,0,0,0.0,0,0,0,0.0,0.75,1,P5_CV0,3,1,1,1,1
6,2545325.475,726552.0418,R6_F6_m-1f-1_P6_Y-1_U4,-9999,-9999,FXX,1,62.83042650782189,1,1,1.661,0,0,0,-9999.0,1.0,1,P5_CV0,3,2,0,1,1
6,2545325.475,726552.0418,R6_F6_m-1f-1_P6_Y-1_U12,-9999,-9999,FXX,1,62.83042650782189,1,1,1.51,0,0,0,-9999.0,0.0,1,P5_CV0,3,0,2,0,2
6,2545325.475,726552.0418,R6_F6_m-1f-1_P6_Y-1_U15,-9999,-9999,FXX,1,62.83042650782189,1,1,1.628,0,0,0,-9999.0,0.5,1,P5_CV0,3,1,1,1,1
6,2545325.475,726552.0418,R6_F6_m-1f-1_P6_Y-1_U16,-9999,-9999,MXY,1,62.83042650782189,1,1,0.0,0,0,0,-9999.0,0.0,1,P5_CV0,3,0,2,1,1
6,2545325.475,726552.0418,R6_F6_m-1f-1_P6_Y-1_U17,-9999,-9999,MXY,1,62.83042650782189,1,1,0.0,0,0,0,-9999.0,1.0,1,P5_CV0,3,2,0,0,2
6,2545325.475,726552.0418,R6_F6_m-1f-1_P6_Y-1_U21,-9999,-9999,MXY,1,62.83042650782189,1,1,0.0,0,0,0,-9999.0,0.0,1,P5_CV0,3,0,2,1,1
6,2545325.475,726552.0418,R6_F6_m-1f-1_P6_Y-1_U23,-9999,-9999,MXY,1,62.83042650782189,1,1,0.0,0,0,0,-9999.0,0.5,1,P5_CV0,3,1,1,0,2
6,2545325.475,726552.0418,R6_F6_m-1f-1_P6_Y-1_U24,-9999,-9999,FXX,1,62.83042650782189,1,1,0.0,0,0,0,-9999.0,0.5,1,P5_CV0,3,1,1,0,2
6,2545325.475,726552.0418,R6_F6_m-1f-1_P6_Y-1_U25,-9999,-9999,MXY,1,62.83042650782189,1,1,0.0,0,0,0,-9999.0,0.5,1,P5_CV0,3,1,1,1,1
6,2545325.475,726552.0418,R6_F6_m-1f-1_P6_Y-1_U27,-9999,-9999,FXX,1,62.83042650782189,1,1,1.0,0,0,0,-9999.0,0.0,1,P5_CV0,3,0,2,2,0
6,2545325.475,726552.0418,R6_F6_m-1f-1_P6_Y-1_U30,-9999,-9999,MXY,1,62.83042650782189,1,1,0.0,0,0,0,-9999.0,0.5,1,P5_CV0,3,1,1,2,0
6,2545325.475,726552.0418,R6_F6_m-1f-1_P6_Y-1_U32,-9999,-9999,FXX,1,62.83042650782189,1,1,1.844,0,0,0,-9999.0,1.0,1,P5_CV0,3,2,0,1,1
6,2545325.475,726552.0418,R6_F6_m-1f-1_P6_Y-1_U35,-9999,-9999,MXY,1,62.83042650782189,1,1,0.0,0,0,0,-9999.0,1.0,1,P5_CV0,3,2,0,1,1
6,2545325.475,726552.0418,R6_F6_m-1f-1_P6_Y-1_U36,-9999,-9999,FXX,1,62.83042650782189,1,1,1.16,0,0,0,-9999.0,0.0,1,P5_CV0,3,0,2,0,2
6,2545325.475,726552.0418,R6_F6_m-1f-1_P6_Y-1_U37,-9999,-9999,MXY,1,62.83042650782189,1,1,0.0,0,0,0,-9999.0,1.0,1,P5_CV0,3,2,0,1,1
6,2545325.475,726552.0418,R6_F6_m-1f-1_P6_Y-1_U38,-9999,-9999,MXY,1,62.83042650782189,1,1,0.0,0,0,0,-9999.0,1.0,1,P5_CV0,3,2,0,1,1
6,2545325.475,726552.0418,R6_F6_m-1f-1_P6_Y-1_U39,-9999,-9999,FXX,1,62.83042650782189,1,1,1.964,0,0,0,-9999.0,1.0,1,P5_CV0,3,2,0,2,0
6,2545325.475,726552.0418,R6_F6_m-1f-1_P6_Y-1_U40,-9999,-9999,FXX,1,62.83042650782189,1,1,2.619,0,0,0,-9999.0,0.5,1,P5_CV0,3,1,1,2,0
6,2545325.475,726552.0418,R6_F6_m-1f-1_P6_Y-1_U43,-9999,-9999,MXY,1,62.83042650782189,1,1,0.0,0,0,0,-9999.0,0.5,1,P5_CV0,3,1,1,1,1
6,2545325.475,726552.0418,R6_F6_m-1f-1_P6_Y-1_U45,-9999,-9999,MXY,1,62.83042650782189,1,1,0.0,0,0,0,-9999.0,1.0,1,P5_CV0,3,2,0,1,1
6,2545325.475,726552.0418,R6_F6_m-1f-1_P6_Y-1_U48,-9999,-9999,MXY,1,62.83042650782189,1,1,0.0,0,0,0,-9999.0,0.5,1,P5_CV0,3,1,1,2,0
6,2545325.475,726552.0418,R6_F6_m-1f-1_P6_Y-1_U49,-9999,-9999,MXY,1,62.83042650782189,1,1,0.0,0,0,0,-9999.0,1.0,1,P5_CV0,3,2,0,2,0
6,2545325.475,726552.0418,R6_F6_m-1f-1_P6_Y-1_U56,-9999,-9999,FXX,1,62.83042650782189,1,1,1.596,0,0,0,-9999.0,0.0,1,P5_CV0,3,0,2,2,0
6,2545325.475,726552.0418,R6_F6_m-1f-1_P6_Y-1_U57,-9999,-9999,FXX,1,62.83042650782189,1,1,2.424,0,0,0,-9999.0,0.0,1,P5_CV0,3,0,2,1,1
6,2545325.475,726552.0418,R6_F6_m-1f-1_P6_Y-1_U59,-9999,-9999,FXX,1,62.83042650782189,1,1,0.0,0,0,0,-9999.0,0.5,1,P5_CV0,3,1,1,1,1
6,2545325.475,726552.0418,R6_F6_m-1f-1_P6_Y-1_U60,-9999,-9999,MXY,1,62.83042650782189,1,1,0.0,0,0,0,-9999.0,0.5,1,P5_CV0,3,1,1,1,1
6,2545325.475,726552.0418,R6_F6_m-1f-1_P6_Y-1_U62,-9999,-9999,FXX,1,62.83042650782189,1,1,1.632,0,0,0,-9999.0,1.0,1,P5_CV0,3,2,0,2,0
6,2545325.475,726552.0418,R6_F6_m-1f-1_P6_Y-1_U63,-9999,-9999,MXY,1,62.83042650782189,1,1,0.0,0,0,0,-9999.0,1.0,1,P5_CV0,3,2,0,1,1
6,2545325.475,726552.0418,R6_F6_m-1f-1_P6_Y-1_U64,-9999,-9999,FXX,1,62.83042650782189,1,1,1.655,0,0,0,-9999.0,0.5,1,P5_CV0,3,1,1,0,2
6,2545325.475,726552.0418,R6_F6_m-1f-1_P6_Y-1_U67,-9999,-9999,MXY,1,62.83042650782189,1,1,0.0,0,0,0,-9999.0,0.5,1,P5_CV0,3,1,1,1,1
6,2545325.475,726552.0418,R6_F6_m-1f-1_P6_Y-1_U69,-9999,-9999,MXY,1,62.83042650782189,1,1,0.0,0,0,0,-9999.0,0.5,1,P5_CV0,3,1,1,1,1
6,2545325.475,726552.0418,R6_F6_m-1f-1_P6_Y-1_U70,-9999,-9999,FXX,1,62.83042650782189,1,1,1.335,0,0,0,-9999.0,0.0,1,P5_CV0,3,0,2,1,1
6,2545325.475,726552.0418,R6_F6_m-1f-1_P6_Y-1_U71,-9999,-9999,FXX,1,62.83042650782189,1,1,1.238,0,0,0,-9999.0,0.5,1,P5_CV0,3,1,1,0,2
6,2545325.475,726552.0418,R6_F6_m-1f-1_P6_Y-1_U73,-9999,-9999,MXY,1,62.83042650782189,1,1,0.0,0,0,0,-9999.0,0.5,1,P5_CV0,3,1,1,1,1
6,2545325.475,726552.0418,R6_F6_m-1f-1_P6_Y-1_U74,-9999,-9999,MXY,1,62.83042650782189,1,1,0.0,0,0,0,-9999.0,0.5,1,P5_CV0,3,1,1,1,1
6,2545325.475,726552.0418,R6_F6_m-1f-1_P6_Y-1_U77,-9999,-9999,MXY,1,62.83042650782189,1,1,0.0,0,0,0,-9999.0,0.5,1,P5_CV0,3,1,1,0,2
6,2545325.475,726552.0418,R6_F6_m-1f-1_P6_Y-1_U81,-9999,-9999,MXY,1,62.83042650782189,1,1,0.0,0,0,0,-9999.0,0.5,1,P5_CV0,3,1,1,0,2
6,2545325.475,726552.0418,R6_F6_m-1f-1_P6_Y-1_U82,-9999,-9999,MXY,1,62.83042650782189,1,1,0.0,0,0,0,-9999.0,0.5,1,P5_CV0,3,1,1,1,1
6,2545325.475,726552.0418,R6_F6_m-1f-1_P6_Y-1_U83,-9999,-9999,MXY,1,62.83042650782189,1,1,0.0,0,0,0,-9999.0,0.0,1,P5_CV0,3,0,2,1,1
6,2545325.475,726552.0418,R6_F6_m-1f-1_P6_Y-1_U88,-9999,-9999,FXX,1,62.83042650782189,1,1,2.216,0,0,0,-9999.0,0.5,1,P5_CV0,3,1,1,0,2
6,2545325.475,726552.0418,R6_F6_m-1f-1_P6_Y-1_U89,-9999,-9999,FXX,1,62.83042650782189,1,1,0.0,0,0,0,-9999.0,0.0,1,P5_CV0,3,0,2,0,2
6,2545325.475,726552.0418,R6_F6_m-1f-1_P6_Y-1_U92,-9999,-9999,FXX,1,62.83042650782189,1,1,1.613,0,0,0,-9999.0,0.0,1,P5_CV0,3,0,2,1,1
6,2545325.475,726552.0418,R6_F6_m-1f-1_P6_Y-1_U95,-9999,-9999,FXX,1,62.83042650782189,1,1,1.0,0,0,0,-9999.0,0.5,1,P5_CV0,3,1,1,2,0
6,2545325.475,726552.0418,R6_F6_m-1f-1_P6_Y-1_U96,-9999,-9999,MXY,1,62.83042650782189,1,1,0.0,0,0,0,-9999.0,0.5,1,P5_CV0,3,1,1,2,0
6,2545325.475,726552.0418,R6_F6_m-1f-1_P6_Y-1_U97,-9999,-9999,MXY,1,62.83042650782189,1,1,0.0,0,0,0,-9999.0,1.0,1,P5_CV0,3,2,0,0,2
6,2545325.475,726552.0418,R6_F6_m-1f-1_P6_Y-1_U98,-9999,-9999,MXY,1,62.83042650782189,1,1,0.0,0,0,0,-9999.0,1.0,1,P5_CV0,3,2,0,1,1
6,2545325.475,726552.0418,R6_F6_m-1f-1_P6_Y-1_U105,-9999,-9999,MXY,1,62.83042650782189,1,1,0.0,0,0,0,-9999.0,0.0,1,P5_CV0,3,0,2,2,0
6,2545325.475,726552.0418,R6_F6_m-1f-1_P6_Y-1_U107,-9999,-9999,MXY,1,62.83042650782189,1,1,0.0,0,0,0,-9999.0,1.0,1,P5_CV0,3,2,0,2,0
6,2545325.475,726552.0418,R6_F6_m-1f-1_P6_Y-1_U108,-9999,-9999,FXX,1,62.83042650782189,1,1,0.0,0,0,0,-9999.0,0.5,1,P5_CV0,3,1,1,0,2
6,2545325.475,726552.0418,R6_F6_m-1f-1_P6_Y-1_U109,-9999,-9999,FXX,1,62.83042650782189,1,1,1.0,0,0,0,-9999.0,0.5,1,P5_CV0,3,1,1,2,0
6,2545325.475,726552.0418,R6_F6_m-1f-1_P6_Y-1_U111,-9999,-9999,FXX,1,62.83042650782189,1,1,3.586,0,0,0,-9999.0,1.0,1,P5_CV0,3,2,0,1,1
6,2545325.475,726552.0418,R6_F6_m-1f-1_P6_Y-1_U112,-9999,-9999,MXY,1,62.83042650782189,1,1,0.0,0,0,0,-9999.0,1.0,1,P5_CV0,3,2,0,2,0
6,2545325.475,726552.0418,R6_F6_m-1f-1_P6_Y-1_U113,-9999,-9999,FXX,1,62.83042650782189,1,1,2.279,0,0,0,-9999.0,0.5,1,P5_CV0,3,1,1,2,0
6,2545325.475,726552.0418,R6_F6_m-1f-1_P6_Y-1_U115,-9999,-9999,FXX,1,62.83042650782189,1,1,2.397,0,0,0,-9999.0,0.0,1,P5_CV0,3,0,2,1,1
6,2545325.475,726552.0418,R6_F6_m-1f-1_P6_Y-1_U116,-9999,-9999,FXX,1,62.83042650782189,1,1,1.0,0,0,0,-9999.0,0.5,1,P5_CV0,3,1,1,0,2
6,2545325.475,726552.0418,R6_F6_m-1f-1_P6_Y-1_U118,-9999,-9999,FXX,1,62.83042650782189,1,1,1.006,0,0,0,-9999.0,0.5,1,P5_CV0,3,1,1,1,1
6,2545325.475,726552.0418,R6_F6_m-1f-1_P6_Y-1_U121,-9999,-9999,FXX,1,62.83042650782189,1,1,2.624,0,0,0,-9999.0,1.0,1,P5_CV0,3,2,0,2,0
6,2545325.475,726552.0418,R6_F6_m-1f-1_P6_Y-1_U122,-9999,-9999,FXX,1,62.83042650782189,1,1,1.184,0,0,0,-9999.0,0.5,1,P5_CV0,3,1,1,0,2
6,2545325.475,726552.0418,R6_F6_m-1f-1_P6_Y-1_U124,-9999,-9999,FXX,1,62.83042650782189,1,1,0.0,0,0,0,-9999.0,0.5,1,P5_CV0,3,1,1,1,1
6,2545325.475,726552.0418,R6_F6_m-1f-1_P6_Y-1_U126,-9999,-9999,FXX,1,62.83042650782189,1,1,1.0,0,0,0,-9999.0,1.0,1,P5_CV0,3,2,0,2,0
6,2545325.475,726552.0418,R6_F6_m-1f-1_P6_Y-1_U79,-9999,-9999,MXY,2,91.11511000324387,1,0,0.0,0,0,0,-9999.0,0.0,1,P5_CV0,3,0,2,0,2
6,2545325.475,726552.0418,R6_F6_m-1f-1_P6_Y-1_U6,-9999,-9999,FXX,2,85.15511000324388,1,0,2.489,0,0,0,-9999.0,0.5,1,P5_CV0,3,1,1,0,2
6,2545325.475,726552.0418,R6_F6_m-1f-1_P6_Y-1_U55,-9999,-9999,FXX,2,85.64511000324387,1,0,2.218,0,0,0,-9999.0,1.0,1,P5_CV0,3,2,0,0,2
6,2545325.475,726552.0418,R6_F6_m-1f-1_P6_Y-1_U127,-9999,-9999,FXX,2,89.17911000324388,1,0,0.0,0,0,0,-9999.0,1.0,1,P5_CV0,3,2,0,2,0
6,2545325.475,726552.0418,R6_F6_m-1f-1_P6_Y-1_U20,-9999,-9999,FXX,2,87.41111000324388,1,0,1.548,0,0,0,-9999.0,0.5,1,P5_CV0,3,1,1,0,2
6,2545325.475,726552.0418,R6_F6_m-1f-1_P6_Y-1_U125,-9999,-9999,FXX,2,81.26811000324388,1,0,1.0,0,0,0,-9999.0,0.0,1,P5_CV0,3,0,2,1,1
6,2545325.475,726552.0418,R6_F6_m-1f-1_P6_Y-1_U22,-9999,-9999,MXY,2,88.83611000324387,1,0,0.0,0,0,0,-9999.0,1.0,1,P5_CV0,3,2,0,1,1
6,2545325.475,726552.0418,R6_F6_m-1f-1_P6_Y-1_U110,-9999,-9999,FXX,2,84.70411000324387,1,0,1.734,0,0,0,-9999.0,1.0,1,P5_CV0,3,2,0,1,1
6,2545325.475,726552.0418,R6_F6_m-1f-1_P6_Y-1_U66,-9999,-9999,MXY,2,82.25311000324388,1,0,0.0,0,0,0,-9999.0,0.5,1,P5_CV0,3,1,1,2,0
6,2545325.475,726552.0418,R6_F6_m-1f-1_P6_Y-1_U106,-9999,-9999,MXY,2,84.92311000324388,1,0,0.0,0,0,0,-9999.0,1.0,1,P5_CV0,3,2,0,1,1
6,2545325.475,726552.0418,R6_F6_m-1f-1_P6_Y-1_U104,-9999,-9999,MXY,2,80.15711000324387,1,0,0.0,0,0,0,-9999.0,0.0,1,P5_CV0,3,0,2,2,0
6,2545325.475,726552.0418,R6_F6_m-1f-1_P6_Y-1_U13,-9999,-9999,FXX,2,80.46011000324387,1,0,2.88,0,0,0,-9999.0,0.5,1,P5_CV0,3,1,1,0,2
6,2545325.475,726552.0418,R6_F6_m-1f-1_P6_Y-1_U123,-9999,-9999,FXX,2,82.26011000324388,1,0,1.117,0,0,0,-9999.0,0.0,1,P5_CV0,3,0,2,1,1
6,2545325.475,726552.0418,R6_F6_m-1f-1_P6_Y-1_U87,-9999,-9999,MXY,2,93.58811000324388,1,0,0.0,0,0,0,-9999.0,0.0,1,P5_CV0,3,0,2,1,1
6,2545325.475,726552.0418,R6_F6_m-1f-1_P6_Y-1_U1,-9999,-9999,FXX,2,82.63611000324389,1,0,0.0,0,0,0,-9999.0,0.5,1,P5_CV0,3,1,1,1,1
6,2545325.475,726552.0418,R6_F6_m-1f-1_P6_Y-1_U47,-9999,-9999,FXX,2,84.27911000324389,1,0,2.217,0,0,0,-9999.0,0.5,1,P5_CV0,3,1,1,2,0
6,2545325.475,726552.0418,R6_F6_m-1f-1_P6_Y-1_U54,-9999,-9999,FXX,2,80.91111000324388,1,0,0.0,0,0,0,-9999.0,0.0,1,P5_CV0,3,0,2,1,1
6,2545325.475,726552.0418,R6_F6_m-1f-1_P6_Y-1_U85,-9999,-9999,MXY,2,83.37811000324388,1,0,0.0,0,0,0,-9999.0,0.5,1,P5_CV0,3,1,1,1,1
6,2545325.475,726552.0418,R6_F6_m-1f-1_P6_Y-1_U26,-9999,-9999,MXY,2,79.65611000324387,1,0,0.0,0,0,0,-9999.0,0.5,1,P5_CV0,3,1,1,1,1
6,2545325.475,726552.0418,R6_F6_m-1f-1_P6_Y-1_U119,-9999,-9999,FXX,2,93.10611000324388,1,0,1.0,0,0,0,-9999.0,1.0,1,P5_CV0,3,2,0,1,1
6,2545325.475,726552.0418,R6_F6_m-1f-1_P6_Y-1_U18,-9999,-9999,MXY,2,89.65811000324388,1,0,0.0,0,0,0,-9999.0,0.0,1,P5_CV0,3,0,2,0,2
6,2545325.475,726552.0418,R6_F6_m-1f-1_P6_Y-1_U68,-9999,-9999,FXX,2,80.07311000324387,1,0,0.0,0,0,0,-9999.0,0.0,1,P5_CV0,3,0,2,1,1
6,2545325.475,726552.0418,R6_F6_m-1f-1_P6_Y-1_U78,-9999,-9999,MXY,2,89.74711000324388,1,0,0.0,0,0,0,-9999.0,0.5,1,P5_CV0,3,1,1,1,1
6,2545325.475,726552.0418,R6_F6_m-1f-1_P6_Y-1_U117,-9999,-9999,FXX,2,91.13811000324387,1,0,1.858,0,0,0,-9999.0,0.0,1,P5_CV0,3,0,2,1,1
6,2545325.475,726552.0418,R6_F6_m-1f-1_P6_Y-1_U86,-9999,-9999,FXX,2,88.32211000324388,1,0,1.0,0,0,0,-9999.0,0.5,1,P5_CV0,3,1,1,2,0
6,2545325.475,726552.0418,R6_F6_m-1f-1_P6_Y-1_U58,-9999,-9999,FXX,2,88.26711000324389,1,0,0.0,0,0,0,-9999.0,1.0,1,P5_CV0,3,2,0,1,1
6,2545325.475,726552.0418,R6_F6_m-1f-1_P6_Y-1_U8,-9999,-9999,FXX,2,86.92111000324388,1,0,1.996,0,0,0,-9999.0,0.0,1,P5_CV0,3,0,2,2,0
6,2545325.475,726552.0418,R6_F6_m-1f-1_P6_Y-1_U91,-9999,-9999,MXY,2,81.42011000324388,1,0,0.0,0,0,0,-9999.0,0.5,1,P5_CV0,3,1,1,1,1
6,2545325.475,726552.0418,R6_F6_m-1f-1_P6_Y-1_U114,-9999,-9999,FXX,2,89.68211000324388,1,0,0.0,0,0,0,-9999.0,0.5,1,P5_CV0,3,1,1,1,1
6,2545325.475,726552.0418,R6_F6_m-1f-1_P6_Y-1_U2,-9999,-9999,FXX,2,85.95711000324388,1,0,2.087,0,0,0,-9999.0,0.5,1,P5_CV0,3,1,1,0,2
6,2545325.475,726552.0418,R6_F6_m-1f-1_P6_Y-1_U9,-9999,-9999,MXY,2,79.30911000324387,1,0,0.0,0,0,0,-9999.0,0.5,1,P5_CV0,3,1,1,1,1
6,2545325.475,726552.0418,R6_F6_m-1f-1_P6_Y-1_U14,-9999,-9999,FXX,2,75.97111000324388,1,0,1.0,0,0,0,-9999.0,1.0,1,P5_CV0,3,2,0,2,0
6,2545325.475,726552.0418,R6_F6_m-1f-1_P6_Y-1_U99,-9999,-9999,FXX,3,117.89011972066817,1,0,2.861,0,0,0,-9999.0,1.0,1,P5_CV0,3,2,0,1,1
6,2545325.475,726552.0418,R6_F6_m-1f-1_P6_Y-1_U93,-9999,-9999,MXY,3,117.89011972066817,1,0,0.0,0,0,0,-9999.0,0.5,1,P5_CV0,3,1,1,1,1
6,2545325.475,726552.0418,R6_F6_m-1f-1_P6_Y-1_U53,-9999,-9999,FXX,3,117.89011972066817,1,0,0.0,0,0,0,-9999.0,0.5,1,P5_CV0,3,1,1,0,2
6,2545325.475,726552.0418,R6_F6_m-1f-1_P6_Y-1_U28,-9999,-9999,MXY,3,117.89011972066817,1,0,0.0,0,0,0,-9999.0,1.0,1,P5_CV0,3,2,0,2,0
6,2545325.475,726552.0418,R6_F6_m-1f-1_P6_Y-1_U41,-9999,-9999,FXX,3,117.89011972066817,1,0,0.0,0,0,0,-9999.0,1.0,1,P5_CV0,3,2,0,1,1
6,2545325.475,726552.0418,R6_F6_m-1f-1_P6_Y-1_U101,-9999,-9999,FXX,3,117.89011972066817,1,0,0.0,0,0,0,-9999.0,0.5,1,P5_CV0,3,1,1,1,1
6,2545325.475,726552.0418,R6_F6_m-1f-1_P6_Y-1_U34,-9999,-9999,MXY,3,117.89011972066817,1,0,0.0,0,0,0,-9999.0,0.0,1,P5_CV0,3,0,2,1,1
6,2545325.475,726552.0418,R6_F6_m-1f-1_P6_Y-1_U29,-9999,-9999,FXX,3,117.89011972066817,1,0,1.0,0,0,0,-9999.0,0.5,1,P5_CV0,3,1,1,2,0
6,2545325.475,726552.0418,R6_F6_m-1f-1_P6_Y-1_U42,-9999,-9999,MXY,3,117.89011972066817,1,0,0.0,0,0,0,-9999.0,1.0,1,P5_CV0,3,2,0,1,1
6,2545325.475,726552.0418,R6_F6_m-1f-1_P6_Y-1_U11,-9999,-9999,FXX,3,117.89011972066817,1,0,1.688,0,0,0,-9999.0,1.0,1,P5_CV0,3,2,0,1,1
6,2545325.475,726552.0418,R6_F6_m-1f-1_P6_Y-1_U3,-9999,-9999,MXY,3,117.89011972066817,1,0,0.0,0,0,0,-9999.0,0.5,1,P5_CV0,3,1,1,2,0
6,2545325.475,726552.0418,R6_F6_m-1f-1_P6_Y-1_U44,-9999,-9999,MXY,3,117.89011972066817,1,0,0.0,0,0,0,-9999.0,0.5,1,P5_CV0,3,1,1,0,2
6,2545325.475,726552.0418,R6_F6_m-1f-1_P6_Y-1_U103,-9999,-9999,FXX,3,117.89011972066817,1,0,0.0,0,0,0,-9999.0,0.5,1,P5_CV0,3,1,1,2,0
6,2545325.475,726552.0418,R6_F6_m-1f-1_P6_Y-1_U52,-9999,-9999,FXX,3,117.89011972066817,1,0,2.208,0,0,0,-9999.0,0.0,1,P5_CV0,3,0,2,2,0
6,2545325.475,726552.0418,R6_F6_m-1f-1_P6_Y-1_U33,-9999,-9999,MXY,3,117.89011972066817,1,0,0.0,0,0,0,-9999.0,0.5,1,P5_CV0,3,1,1,1,1
6,2545325.475,726552.0418,R6_F6_m-1f-1_P6_Y-1_U46,-9999,-9999,MXY,4,128.85267469687582,1,0,0.0,0,0,0,-9999.0,0.0,1,P5_CV0,3,0,2,1,1
6,2545325.475,726552.0418,R6_F6_m-1f-1_P6_Y-1_U51,-9999,-9999,MXY,4,128.4876746968758,1,0,0.0,0,0,0,-9999.0,0.0,1,P5_CV0,3,0,2,1,1
6,2545325.475,726552.0418,R6_F6_m-1f-1_P6_Y-1_U61,-9999,-9999,MXY,4,130.33767469687584,1,0,0.0,0,0,0,-9999.0,0.5,1,P5_CV0,3,1,1,1,1
6,2545325.475,726552.0418,R6_F6_m-1f-1_P6_Y-1_U7,-9999,-9999,MXY,4,148.09767469687583,1,0,0.0,0,0,0,-9999.0,1.0,1,P5_CV0,3,2,0,1,1
6,2545325.475,726552.0418,R6_F6_m-1f-1_P6_Y-1_U50,-9999,-9999,FXX,4,145.36167469687584,1,0,0.0,0,0,0,-9999.0,1.0,1,P5_CV0,3,2,0,2,0
6,2545325.475,726552.0418,R6_F6_m-1f-1_P6_Y-1_U75,-9999,-9999,FXX,4,158.26867469687582,1,0,1.063,0,0,0,-9999.0,0.0,1,P5_CV0,3,0,2,1,1
6,2545325.475,726552.0418,R6_F6_m-1f-1_P6_Y-1_U90,-9999,-9999,FXX,4,138.49767469687583,1,0,1.0,0,0,0,-9999.0,0.5,1,P5_CV0,3,1,1,1,1
6,2545325.475,726552.0418,R6_F6_m-1f-1_P6_Y-1_U120,-9999,-9999,MXY,5,154.21731863488182,1,0,0.0,0,0,0,-9999.0,1.0,1,P5_CV0,3,2,0,2,0
6,2545325.475,726552.0418,R6_F6_m-1f-1_P6_Y-1_U65,-9999,-9999,MXY,5,175.5013186348818,1,0,0.0,0,0,0,-9999.0,1.0,1,P5_CV0,3,2,0,2,0
6,2545325.475,726552.0418,R6_F6_m-1f-1_P6_Y-1_U100,-9999,-9999,MXY,6,215.17371657510583,1,0,0.0,0,0,0,-9999.0,1.0,1,P5_CV0,3,2,0,1,1
7,2527429.642,708511.8011,E7_F1_m-1f-1_P1_Y-1_U103,-9999,-9999,FXX,3,111.5992323625544,1,0,1.88,0,0,0,-9999.0,0.0,1,P0_CV0,3,0,2,1,1
7,2527429.642,708511.8011,E7_F1_m-1f-1_P1_Y-1_U8,-9999,-9999,MXY,4,160.81377478020804,1,0,0.0,0,0,0,-9999.0,0.5,1,P0_CV0,3,1,1,1,1
7,2527429.642,708511.8011,E7_F3_m-1f-1_P3_Y-1_U68,-9999,-9999,FXX,3,92.03085994121614,1,0,1.55,0,0,0,-9999.0,1.0,1,P2_CV0,3,2,0,1,1
7,2527429.642,708511.8011,E7_F4_m-1f-1_P4_Y-1_U62,-9999,-9999,FXX,2,79.17972782331448,1,0,1.942,0,0,0,-9999.0,0.5,1,P3_CV0,3,1,1,1,1
7,2527429.642,708511.8011,E7_F4_m-1f-1_P4_Y-1_U120,-9999,-9999,MXY,3,112.91824430036151,1,0,0.0,0,0,0,-9999.0,0.5,1,P3_CV0,3,1,1,1,1
7,2527429.642,708511.8011,E7_F5_m-1f-1_P5_Y-1_U102,-9999,-9999,MXY,2,75.03763323918687,1,0,0.0,0,0,0,-9999.0,1.0,1,P4_CV0,3,2,0,1,1
7,2527429.642,708511.8011,E7_F6_m-1f-1_P6_Y-1_U102,-9999,-9999,FXX,3,117.87585057692438,1,0,1.0,0,0,0,-9999.0,1.0,1,P5_CV0,3,2,0,1,1
