Rep	Year	RepSeason	x	y	Species	NInd
0	0	0	90	70	0	5
0	1	0	90	70	0	10
0	2	0	90	70	0	18
0	3	0	90	70	0	15
0	3	0	90	69	0	1
0	4	0	90	70	0	12
0	4	0	90	69	0	2
0	5	0	90	70	0	8
0	5	0	90	69	0	0
0	5	0	92	68	0	1
0	6	0	90	70	0	9
0	6	0	90	69	0	0
0	6	0	92	68	0	2
0	7	0	90	70	0	8
0	7	0	90	69	0	0
0	7	0	92	68	0	6
0	8	0	90	70	0	9
0	8	0	90	69	0	0
0	8	0	92	68	0	3
0	9	0	90	71	0	1
0	9	0	90	70	0	10
0	9	0	90	69	0	0
0	9	0	92	68	0	1
0	10	0	90	71	0	2
0	10	0	89	70	0	1
0	10	0	90	70	0	13
0	10	0	90	69	0	0
0	10	0	92	68	0	4
0	11	0	90	71	0	3
0	11	0	89	70	0	4
0	11	0	90	70	0	17
0	11	0	91	70	0	1
0	11	0	90	69	0	0
0	11	0	92	68	0	3
0	11	0	88	67	0	1
0	11	0	94	67	0	1
0	12	0	90	71	0	4
0	12	0	89	70	0	7
0	12	0	90	70	0	11
0	12	0	91	70	0	0
0	12	0	90	69	0	1
0	12	0	92	69	0	1
0	12	0	88	68	0	1
0	12	0	92	68	0	6
0	12	0	88	67	0	3
0	12	0	94	67	0	1
0	13	0	90	71	0	3
0	13	0	91	71	0	1
0	13	0	89	70	0	11
0	13	0	90	70	0	8
0	13	0	91	70	0	0
0	13	0	90	69	0	0
0	13	0	92	69	0	2
0	13	0	88	68	0	2
0	13	0	92	68	0	6
0	13	0	88	67	0	3
0	13	0	94	67	0	1
0	14	0	90	71	0	5
0	14	0	91	71	0	1
0	14	0	89	70	0	11
0	14	0	90	70	0	8
0	14	0	91	70	0	0
0	14	0	92	70	0	1
0	14	0	90	69	0	0
0	14	0	92	69	0	4
0	14	0	95	69	0	1
0	14	0	88	68	0	1
0	14	0	91	68	0	1
0	14	0	92	68	0	4
0	14	0	93	68	0	1
0	14	0	88	67	0	1
0	14	0	94	67	0	4
0	14	0	93	66	0	1
0	15	0	90	71	0	8
0	15	0	91	71	0	3
0	15	0	89	70	0	8
0	15	0	90	70	0	5
0	15	0	91	70	0	0
0	15	0	92	70	0	1
0	15	0	88	69	0	1
0	15	0	90	69	0	0
0	15	0	92	69	0	3
0	15	0	95	69	0	0
0	15	0	88	68	0	2
0	15	0	91	68	0	1
0	15	0	92	68	0	4
0	15	0	93	68	0	0
0	15	0	88	67	0	2
0	15	0	94	67	0	7
0	15	0	93	66	0	1
0	16	0	90	71	0	9
0	16	0	91	71	0	6
0	16	0	93	71	0	1
0	16	0	89	70	0	16
0	16	0	90	70	0	7
0	16	0	91	70	0	0
0	16	0	92	70	0	2
0	16	0	93	70	0	1
0	16	0	88	69	0	2
0	16	0	90	69	0	0
0	16	0	92	69	0	2
0	16	0	95	69	0	0
0	16	0	88	68	0	4
0	16	0	91	68	0	1
0	16	0	92	68	0	9
0	16	0	93	68	0	0
0	16	0	88	67	0	1
0	16	0	94	67	0	4
0	16	0	93	66	0	1
0	16	0	93	65	0	1
0	17	0	90	71	0	7
0	17	0	91	71	0	7
0	17	0	92	71	0	1
0	17	0	93	71	0	0
0	17	0	94	71	0	1
0	17	0	89	70	0	12
0	17	0	90	70	0	11
0	17	0	91	70	0	0
0	17	0	92	70	0	3
0	17	0	93	70	0	1
0	17	0	88	69	0	3
0	17	0	90	69	0	0
0	17	0	92	69	0	3
0	17	0	95	69	0	0
0	17	0	88	68	0	2
0	17	0	91	68	0	1
0	17	0	92	68	0	14
0	17	0	93	68	0	0
0	17	0	88	67	0	2
0	17	0	94	67	0	6
0	17	0	93	66	0	2
0	17	0	91	65	0	1
0	17	0	93	65	0	1
0	17	0	91	60	0	1
0	18	0	90	71	0	4
0	18	0	91	71	0	4
0	18	0	92	71	0	2
0	18	0	93	71	0	0
0	18	0	94	71	0	0
0	18	0	89	70	0	10
0	18	0	90	70	0	12
0	18	0	91	70	0	0
0	18	0	92	70	0	0
0	18	0	93	70	0	1
0	18	0	88	69	0	7
0	18	0	89	69	0	1
0	18	0	90	69	0	1
0	18	0	92	69	0	1
0	18	0	95	69	0	0
0	18	0	88	68	0	6
0	18	0	91	68	0	3
0	18	0	92	68	0	13
0	18	0	93	68	0	0
0	18	0	94	68	0	1
0	18	0	88	67	0	5
0	18	0	94	67	0	4
0	18	0	93	66	0	5
0	18	0	91	65	0	1
0	18	0	93	65	0	1
0	18	0	88	64	0	1
0	18	0	91	60	0	1
0	18	0	92	60	0	1
0	19	0	90	71	0	3
0	19	0	91	71	0	5
0	19	0	92	71	0	2
0	19	0	93	71	0	0
0	19	0	94	71	0	0
0	19	0	89	70	0	10
0	19	0	90	70	0	17
0	19	0	91	70	0	0
0	19	0	92	70	0	0
0	19	0	93	70	0	2
0	19	0	88	69	0	10
0	19	0	89	69	0	1
0	19	0	90	69	0	2
0	19	0	92	69	0	1
0	19	0	95	69	0	0
0	19	0	87	68	0	1
0	19	0	88	68	0	7
0	19	0	91	68	0	4
0	19	0	92	68	0	9
0	19	0	93	68	0	0
0	19	0	94	68	0	3
0	19	0	99	68	0	1
0	19	0	88	67	0	4
0	19	0	90	67	0	1
0	19	0	94	67	0	5
0	19	0	93	66	0	9
0	19	0	91	65	0	3
0	19	0	93	65	0	0
0	19	0	88	64	0	1
0	19	0	90	63	0	1
0	19	0	91	60	0	1
0	19	0	92	60	0	1
0	20	0	90	71	0	6
0	20	0	91	71	0	4
0	20	0	92	71	0	2
0	20	0	93	71	0	0
0	20	0	94	71	0	0
0	20	0	89	70	0	9
0	20	0	90	70	0	12
0	20	0	91	70	0	1
0	20	0	92	70	0	1
0	20	0	93	70	0	1
0	20	0	88	69	0	7
0	20	0	89	69	0	2
0	20	0	90	69	0	3
0	20	0	92	69	0	3
0	20	0	95	69	0	0
0	20	0	87	68	0	2
0	20	0	88	68	0	4
0	20	0	91	68	0	2
0	20	0	92	68	0	6
0	20	0	93	68	0	0
0	20	0	94	68	0	2
0	20	0	95	68	0	1
0	20	0	99	68	0	4
0	20	0	88	67	0	4
0	20	0	89	67	0	1
0	20	0	90	67	0	0
0	20	0	94	67	0	6
0	20	0	93	66	0	5
0	20	0	91	65	0	3
0	20	0	93	65	0	0
0	20	0	88	64	0	0
0	20	0	90	63	0	4
0	20	0	91	60	0	1
0	20	0	92	60	0	3
0	21	0	90	71	0	8
0	21	0	91	71	0	8
0	21	0	92	71	0	8
0	21	0	93	71	0	0
0	21	0	94	71	0	0
0	21	0	89	70	0	11
0	21	0	90	70	0	15
0	21	0	91	70	0	0
0	21	0	92	70	0	0
0	21	0	93	70	0	0
0	21	0	88	69	0	13
0	21	0	89	69	0	5
0	21	0	90	69	0	4
0	21	0	92	69	0	4
0	21	0	95	69	0	0
0	21	0	98	69	0	1
0	21	0	87	68	0	2
0	21	0	88	68	0	1
0	21	0	89	68	0	1
0	21	0	91	68	0	1
0	21	0	92	68	0	9
0	21	0	93	68	0	0
0	21	0	94	68	0	2
0	21	0	95	68	0	2
0	21	0	99	68	0	4
0	21	0	88	67	0	3
0	21	0	89	67	0	2
0	21	0	90	67	0	0
0	21	0	94	67	0	14
0	21	0	93	66	0	3
0	21	0	95	66	0	1
0	21	0	98	66	0	1
0	21	0	91	65	0	6
0	21	0	93	65	0	0
0	21	0	88	64	0	0
0	21	0	91	64	0	1
0	21	0	90	63	0	6
0	21	0	97	63	0	1
0	21	0	91	62	0	1
0	21	0	92	61	0	1
0	21	0	91	60	0	0
0	21	0	92	60	0	4
0	22	0	95	72	0	1
0	22	0	90	71	0	6
0	22	0	91	71	0	10
0	22	0	92	71	0	12
0	22	0	93	71	0	0
0	22	0	94	71	0	0
0	22	0	89	70	0	9
0	22	0	90	70	0	11
0	22	0	91	70	0	1
0	22	0	92	70	0	0
0	22	0	93	70	0	0
0	22	0	88	69	0	14
0	22	0	89	69	0	12
0	22	0	90	69	0	4
0	22	0	92	69	0	7
0	22	0	93	69	0	1
0	22	0	95	69	0	0
0	22	0	98	69	0	0
0	22	0	87	68	0	2
0	22	0	88	68	0	2
0	22	0	89	68	0	2
0	22	0	91	68	0	2
0	22	0	92	68	0	6
0	22	0	93	68	0	0
0	22	0	94	68	0	2
0	22	0	95	68	0	2
0	22	0	99	68	0	5
0	22	0	88	67	0	3
0	22	0	89	67	0	1
0	22	0	90	67	0	0
0	22	0	94	67	0	13
0	22	0	92	66	0	1
0	22	0	93	66	0	2
0	22	0	94	66	0	1
0	22	0	95	66	0	2
0	22	0	98	66	0	0
0	22	0	91	65	0	9
0	22	0	93	65	0	0
0	22	0	88	64	0	0
0	22	0	91	64	0	0
0	22	0	90	63	0	3
0	22	0	97	63	0	1
0	22	0	91	62	0	2
0	22	0	92	61	0	2
0	22	0	91	60	0	0
0	22	0	92	60	0	3
0	23	0	95	72	0	1
0	23	0	90	71	0	7
0	23	0	91	71	0	6
0	23	0	92	71	0	14
0	23	0	93	71	0	0
0	23	0	94	71	0	0
0	23	0	101	71	0	1
0	23	0	89	70	0	11
0	23	0	90	70	0	9
0	23	0	91	70	0	4
0	23	0	92	70	0	0
0	23	0	93	70	0	1
0	23	0	88	69	0	13
0	23	0	89	69	0	12
0	23	0	90	69	0	6
0	23	0	92	69	0	8
0	23	0	93	69	0	2
0	23	0	95	69	0	0
0	23	0	98	69	0	0
0	23	0	87	68	0	4
0	23	0	88	68	0	2
0	23	0	89	68	0	4
0	23	0	91	68	0	5
0	23	0	92	68	0	6
0	23	0	93	68	0	1
0	23	0	94	68	0	4
0	23	0	95	68	0	2
0	23	0	99	68	0	7
0	23	0	88	67	0	4
0	23	0	89	67	0	2
0	23	0	90	67	0	1
0	23	0	93	67	0	1
0	23	0	94	67	0	9
0	23	0	100	67	0	1
0	23	0	92	66	0	1
0	23	0	93	66	0	3
0	23	0	94	66	0	1
0	23	0	95	66	0	1
0	23	0	98	66	0	0
0	23	0	91	65	0	9
0	23	0	92	65	0	1
0	23	0	93	65	0	0
0	23	0	88	64	0	0
0	23	0	91	64	0	0
0	23	0	96	64	0	1
0	23	0	90	63	0	8
0	23	0	97	63	0	1
0	23	0	91	62	0	5
0	23	0	92	61	0	1
0	23	0	91	60	0	0
0	23	0	92	60	0	4
0	24	0	95	72	0	2
0	24	0	90	71	0	6
0	24	0	91	71	0	6
0	24	0	92	71	0	10
0	24	0	93	71	0	0
0	24	0	94	71	0	0
0	24	0	101	71	0	1
0	24	0	89	70	0	10
0	24	0	90	70	0	14
0	24	0	91	70	0	3
0	24	0	92	70	0	0
0	24	0	93	70	0	1
0	24	0	88	69	0	12
0	24	0	89	69	0	13
0	24	0	90	69	0	7
0	24	0	91	69	0	1
0	24	0	92	69	0	6
0	24	0	93	69	0	2
0	24	0	95	69	0	0
0	24	0	98	69	0	1
0	24	0	87	68	0	5
0	24	0	88	68	0	3
0	24	0	89	68	0	3
0	24	0	91	68	0	5
0	24	0	92	68	0	5
0	24	0	93	68	0	1
0	24	0	94	68	0	3
0	24	0	95	68	0	2
0	24	0	96	68	0	1
0	24	0	99	68	0	5
0	24	0	88	67	0	3
0	24	0	89	67	0	0
0	24	0	90	67	0	0
0	24	0	93	67	0	2
0	24	0	94	67	0	10
0	24	0	95	67	0	1
0	24	0	100	67	0	2
0	24	0	87	66	0	1
0	24	0	92	66	0	1
0	24	0	93	66	0	3
0	24	0	94	66	0	1
0	24	0	95	66	0	1
0	24	0	98	66	0	0
0	24	0	99	66	0	1
0	24	0	89	65	0	1
0	24	0	90	65	0	1
0	24	0	91	65	0	5
0	24	0	92	65	0	0
0	24	0	93	65	0	0
0	24	0	88	64	0	0
0	24	0	91	64	0	0
0	24	0	96	64	0	0
0	24	0	89	63	0	1
0	24	0	90	63	0	11
0	24	0	97	63	0	2
0	24	0	91	62	0	3
0	24	0	92	61	0	3
0	24	0	91	60	0	0
0	24	0	92	60	0	5
0	25	0	95	72	0	1
0	25	0	90	71	0	8
0	25	0	91	71	0	7
0	25	0	92	71	0	14
0	25	0	93	71	0	0
0	25	0	94	71	0	0
0	25	0	101	71	0	0
0	25	0	89	70	0	13
0	25	0	90	70	0	5
0	25	0	91	70	0	3
0	25	0	92	70	0	1
0	25	0	93	70	0	1
0	25	0	88	69	0	8
0	25	0	89	69	0	8
0	25	0	90	69	0	8
0	25	0	91	69	0	2
0	25	0	92	69	0	6
0	25	0	93	69	0	3
0	25	0	95	69	0	0
0	25	0	98	69	0	1
0	25	0	86	68	0	1
0	25	0	87	68	0	5
0	25	0	88	68	0	6
0	25	0	89	68	0	6
0	25	0	91	68	0	6
0	25	0	92	68	0	5
0	25	0	93	68	0	1
0	25	0	94	68	0	7
0	25	0	95	68	0	2
0	25	0	96	68	0	0
0	25	0	99	68	0	3
0	25	0	88	67	0	4
0	25	0	89	67	0	0
0	25	0	90	67	0	1
0	25	0	91	67	0	1
0	25	0	92	67	0	2
0	25	0	93	67	0	4
0	25	0	94	67	0	7
0	25	0	95	67	0	3
0	25	0	97	67	0	1
0	25	0	100	67	0	3
0	25	0	87	66	0	4
0	25	0	90	66	0	1
0	25	0	91	66	0	1
0	25	0	92	66	0	1
0	25	0	93	66	0	1
0	25	0	94	66	0	0
0	25	0	95	66	0	1
0	25	0	98	66	0	0
0	25	0	99	66	0	1
0	25	0	89	65	0	0
0	25	0	90	65	0	0
0	25	0	91	65	0	3
0	25	0	92	65	0	0
0	25	0	93	65	0	1
0	25	0	88	64	0	0
0	25	0	91	64	0	0
0	25	0	96	64	0	0
0	25	0	89	63	0	1
0	25	0	90	63	0	7
0	25	0	91	63	0	1
0	25	0	97	63	0	1
0	25	0	91	62	0	4
0	25	0	94	62	0	1
0	25	0	92	61	0	1
0	25	0	91	60	0	0
0	25	0	92	60	0	6
0	25	0	93	58	0	1
0	26	0	95	72	0	2
0	26	0	90	71	0	5
0	26	0	91	71	0	6
0	26	0	92	71	0	6
0	26	0	93	71	0	0
0	26	0	94	71	0	0
0	26	0	101	71	0	0
0	26	0	89	70	0	12
0	26	0	90	70	0	6
0	26	0	91	70	0	5
0	26	0	92	70	0	3
0	26	0	93	70	0	2
0	26	0	88	69	0	11
0	26	0	89	69	0	8
0	26	0	90	69	0	15
0	26	0	91	69	0	3
0	26	0	92	69	0	7
0	26	0	93	69	0	5
0	26	0	95	69	0	0
0	26	0	98	69	0	0
0	26	0	100	69	0	1
0	26	0	86	68	0	0
0	26	0	87	68	0	4
0	26	0	88	68	0	6
0	26	0	89	68	0	8
0	26	0	91	68	0	2
0	26	0	92	68	0	5
0	26	0	93	68	0	3
0	26	0	94	68	0	9
0	26	0	95	68	0	2
0	26	0	96	68	0	0
0	26	0	99	68	0	3
0	26	0	88	67	0	4
0	26	0	89	67	0	1
0	26	0	90	67	0	2
0	26	0	91	67	0	1
0	26	0	92	67	0	4
0	26	0	93	67	0	4
0	26	0	94	67	0	9
0	26	0	95	67	0	5
0	26	0	97	67	0	2
0	26	0	100	67	0	5
0	26	0	87	66	0	7
0	26	0	90	66	0	1
0	26	0	91	66	0	0
0	26	0	92	66	0	2
0	26	0	93	66	0	2
0	26	0	94	66	0	0
0	26	0	95	66	0	2
0	26	0	98	66	0	0
0	26	0	99	66	0	0
0	26	0	89	65	0	0
0	26	0	90	65	0	0
0	26	0	91	65	0	1
0	26	0	92	65	0	0
0	26	0	93	65	0	1
0	26	0	88	64	0	0
0	26	0	91	64	0	0
0	26	0	96	64	0	0
0	26	0	89	63	0	1
0	26	0	90	63	0	4
0	26	0	91	63	0	0
0	26	0	97	63	0	1
0	26	0	91	62	0	4
0	26	0	94	62	0	0
0	26	0	98	62	0	1
0	26	0	92	61	0	2
0	26	0	91	60	0	0
0	26	0	92	60	0	6
0	26	0	93	58	0	1
0	26	0	91	57	0	1
0	27	0	95	72	0	0
0	27	0	90	71	0	6
0	27	0	91	71	0	8
0	27	0	92	71	0	9
0	27	0	93	71	0	0
0	27	0	94	71	0	0
0	27	0	101	71	0	0
0	27	0	89	70	0	12
0	27	0	90	70	0	12
0	27	0	91	70	0	8
0	27	0	92	70	0	2
0	27	0	93	70	0	4
0	27	0	94	70	0	2
0	27	0	96	70	0	1
0	27	0	87	69	0	1
0	27	0	88	69	0	9
0	27	0	89	69	0	10
0	27	0	90	69	0	10
0	27	0	91	69	0	3
0	27	0	92	69	0	9
0	27	0	93	69	0	6
0	27	0	95	69	0	0
0	27	0	98	69	0	0
0	27	0	100	69	0	2
0	27	0	86	68	0	0
0	27	0	87	68	0	6
0	27	0	88	68	0	8
0	27	0	89	68	0	3
0	27	0	91	68	0	5
0	27	0	92	68	0	6
0	27	0	93	68	0	3
0	27	0	94	68	0	8
0	27	0	95	68	0	4
0	27	0	96	68	0	0
0	27	0	99	68	0	2
0	27	0	88	67	0	4
0	27	0	89	67	0	3
0	27	0	90	67	0	3
0	27	0	91	67	0	3
0	27	0	92	67	0	8
0	27	0	93	67	0	6
0	27	0	94	67	0	8
0	27	0	95	67	0	3
0	27	0	96	67	0	1
0	27	0	97	67	0	3
0	27	0	99	67	0	1
0	27	0	100	67	0	5
0	27	0	87	66	0	9
0	27	0	90	66	0	2
0	27	0	91	66	0	0
0	27	0	92	66	0	4
0	27	0	93	66	0	2
0	27	0	94	66	0	0
0	27	0	95	66	0	1
0	27	0	97	66	0	3
0	27	0	98	66	0	0
0	27	0	99	66	0	0
0	27	0	89	65	0	0
0	27	0	90	65	0	0
0	27	0	91	65	0	1
0	27	0	92	65	0	0
0	27	0	93	65	0	0
0	27	0	88	64	0	0
0	27	0	91	64	0	0
0	27	0	96	64	0	0
0	27	0	101	64	0	1
0	27	0	89	63	0	2
0	27	0	90	63	0	4
0	27	0	91	63	0	0
0	27	0	97	63	0	0
0	27	0	91	62	0	3
0	27	0	94	62	0	0
0	27	0	98	62	0	2
0	27	0	92	61	0	4
0	27	0	93	61	0	1
0	27	0	95	61	0	1
0	27	0	91	60	0	0
0	27	0	92	60	0	7
0	27	0	94	60	0	1
0	27	0	93	58	0	4
0	27	0	91	57	0	0
0	28	0	95	72	0	0
0	28	0	90	71	0	6
0	28	0	91	71	0	0
0	28	0	92	71	0	10
0	28	0	93	71	0	0
0	28	0	94	71	0	0
0	28	0	101	71	0	0
0	28	0	89	70	0	11
0	28	0	90	70	0	12
0	28	0	91	70	0	10
0	28	0	92	70	0	5
0	28	0	93	70	0	4
0	28	0	94	70	0	2
0	28	0	96	70	0	2
0	28	0	87	69	0	1
0	28	0	88	69	0	7
0	28	0	89	69	0	9
0	28	0	90	69	0	7
0	28	0	91	69	0	5
0	28	0	92	69	0	7
0	28	0	93	69	0	5
0	28	0	94	69	0	2
0	28	0	95	69	0	0
0	28	0	98	69	0	0
0	28	0	100	69	0	1
0	28	0	101	69	0	1
0	28	0	86	68	0	0
0	28	0	87	68	0	8
0	28	0	88	68	0	12
0	28	0	89	68	0	9
0	28	0	91	68	0	8
0	28	0	92	68	0	7
0	28	0	93	68	0	1
0	28	0	94	68	0	7
0	28	0	95	68	0	3
0	28	0	96	68	0	0
0	28	0	99	68	0	3
0	28	0	88	67	0	4
0	28	0	89	67	0	4
0	28	0	90	67	0	3
0	28	0	91	67	0	7
0	28	0	92	67	0	6
0	28	0	93	67	0	11
0	28	0	94	67	0	5
0	28	0	95	67	0	3
0	28	0	96	67	0	2
0	28	0	97	67	0	4
0	28	0	98	67	0	1
0	28	0	99	67	0	1
0	28	0	100	67	0	3
0	28	0	87	66	0	10
0	28	0	90	66	0	2
0	28	0	91	66	0	0
0	28	0	92	66	0	8
0	28	0	93	66	0	1
0	28	0	94	66	0	0
0	28	0	95	66	0	0
0	28	0	97	66	0	3
0	28	0	98	66	0	0
0	28	0	99	66	0	0
0	28	0	89	65	0	0
0	28	0	90	65	0	0
0	28	0	91	65	0	2
0	28	0	92	65	0	0
0	28	0	93	65	0	0
0	28	0	88	64	0	0
0	28	0	91	64	0	0
0	28	0	96	64	0	0
0	28	0	101	64	0	1
0	28	0	89	63	0	1
0	28	0	90	63	0	5
0	28	0	91	63	0	0
0	28	0	97	63	0	0
0	28	0	91	62	0	4
0	28	0	94	62	0	0
0	28	0	98	62	0	1
0	28	0	92	61	0	4
0	28	0	93	61	0	2
0	28	0	95	61	0	2
0	28	0	91	60	0	1
0	28	0	92	60	0	9
0	28	0	94	60	0	1
0	28	0	91	59	0	1
0	28	0	93	58	0	4
0	28	0	91	57	0	0
0	29	0	95	72	0	0
0	29	0	90	71	0	8
0	29	0	91	71	0	1
0	29	0	92	71	0	12
0	29	0	93	71	0	0
0	29	0	94	71	0	0
0	29	0	101	71	0	0
0	29	0	89	70	0	7
0	29	0	90	70	0	12
0	29	0	91	70	0	11
0	29	0	92	70	0	5
0	29	0	93	70	0	6
0	29	0	94	70	0	3
0	29	0	95	70	0	1
0	29	0	96	70	0	2
0	29	0	87	69	0	2
0	29	0	88	69	0	5
0	29	0	89	69	0	6
0	29	0	90	69	0	1
0	29	0	91	69	0	6
0	29	0	92	69	0	9
0	29	0	93	69	0	4
0	29	0	94	69	0	0
0	29	0	95	69	0	0
0	29	0	97	69	0	1
0	29	0	98	69	0	0
0	29	0	100	69	0	1
0	29	0	101	69	0	1
0	29	0	86	68	0	0
0	29	0	87	68	0	6
0	29	0	88	68	0	16
0	29	0	89	68	0	7
0	29	0	91	68	0	11
0	29	0	92	68	0	7
0	29	0	93	68	0	2
0	29	0	94	68	0	4
0	29	0	95	68	0	8
0	29	0	96	68	0	0
0	29	0	99	68	0	4
0	29	0	88	67	0	8
0	29	0	89	67	0	5
0	29	0	90	67	0	5
0	29	0	91	67	0	5
0	29	0	92	67	0	6
0	29	0	93	67	0	12
0	29	0	94	67	0	1
0	29	0	95	67	0	2
0	29	0	96	67	0	0
0	29	0	97	67	0	3
0	29	0	98	67	0	0
0	29	0	99	67	0	3
0	29	0	100	67	0	1
0	29	0	87	66	0	14
0	29	0	90	66	0	2
0	29	0	91	66	0	0
0	29	0	92	66	0	15
0	29	0	93	66	0	0
0	29	0	94	66	0	1
0	29	0	95	66	0	0
0	29	0	96	66	0	1
0	29	0	97	66	0	1
0	29	0	98	66	0	0
0	29	0	99	66	0	1
0	29	0	89	65	0	0
0	29	0	90	65	0	0
0	29	0	91	65	0	3
0	29	0	92	65	0	0
0	29	0	93	65	0	0
0	29	0	88	64	0	0
0	29	0	91	64	0	0
0	29	0	96	64	0	1
0	29	0	97	64	0	1
0	29	0	99	64	0	1
0	29	0	101	64	0	2
0	29	0	89	63	0	2
0	29	0	90	63	0	4
0	29	0	91	63	0	0
0	29	0	97	63	0	0
0	29	0	91	62	0	5
0	29	0	94	62	0	0
0	29	0	98	62	0	2
0	29	0	92	61	0	5
0	29	0	93	61	0	1
0	29	0	94	61	0	1
0	29	0	95	61	0	3
0	29	0	91	60	0	0
0	29	0	92	60	0	8
0	29	0	94	60	0	1
0	29	0	91	59	0	1
0	29	0	93	58	0	6
0	29	0	91	57	0	0
0	30	0	95	72	0	0
0	30	0	90	71	0	9
0	30	0	91	71	0	2
0	30	0	92	71	0	13
0	30	0	93	71	0	0
0	30	0	94	71	0	0
0	30	0	96	71	0	1
0	30	0	101	71	0	0
0	30	0	89	70	0	6
0	30	0	90	70	0	13
0	30	0	91	70	0	10
0	30	0	92	70	0	5
0	30	0	93	70	0	7
0	30	0	94	70	0	1
0	30	0	95	70	0	0
0	30	0	96	70	0	4
0	30	0	99	70	0	1
0	30	0	87	69	0	0
0	30	0	88	69	0	6
0	30	0	89	69	0	6
0	30	0	90	69	0	2
0	30	0	91	69	0	4
0	30	0	92	69	0	3
0	30	0	93	69	0	5
0	30	0	94	69	0	0
0	30	0	95	69	0	0
0	30	0	96	69	0	1
0	30	0	97	69	0	1
0	30	0	98	69	0	0
0	30	0	100	69	0	0
0	30	0	101	69	0	0
0	30	0	86	68	0	0
0	30	0	87	68	0	4
0	30	0	88	68	0	14
0	30	0	89	68	0	7
0	30	0	91	68	0	12
0	30	0	92	68	0	9
0	30	0	93	68	0	3
0	30	0	94	68	0	3
0	30	0	95	68	0	9
0	30	0	96	68	0	0
0	30	0	99	68	0	4
0	30	0	87	67	0	1
0	30	0	88	67	0	4
0	30	0	89	67	0	7
0	30	0	90	67	0	5
0	30	0	91	67	0	9
0	30	0	92	67	0	6
0	30	0	93	67	0	10
0	30	0	94	67	0	2
0	30	0	95	67	0	4
0	30	0	96	67	0	0
0	30	0	97	67	0	2
0	30	0	98	67	0	0
0	30	0	99	67	0	4
0	30	0	100	67	0	1
0	30	0	87	66	0	8
0	30	0	89	66	0	2
0	30	0	90	66	0	4
0	30	0	91	66	0	0
0	30	0	92	66	0	15
0	30	0	93	66	0	0
0	30	0	94	66	0	2
0	30	0	95	66	0	0
0	30	0	96	66	0	1
0	30	0	97	66	0	1
0	30	0	98	66	0	0
0	30	0	99	66	0	2
0	30	0	89	65	0	0
0	30	0	90	65	0	0
0	30	0	91	65	0	6
0	30	0	92	65	0	0
0	30	0	93	65	0	0
0	30	0	96	65	0	1
0	30	0	98	65	0	1
0	30	0	88	64	0	0
0	30	0	91	64	0	0
0	30	0	96	64	0	3
0	30	0	97	64	0	2
0	30	0	99	64	0	5
0	30	0	100	64	0	1
0	30	0	101	64	0	1
0	30	0	89	63	0	3
0	30	0	90	63	0	6
0	30	0	91	63	0	0
0	30	0	97	63	0	0
0	30	0	91	62	0	5
0	30	0	92	62	0	1
0	30	0	94	62	0	0
0	30	0	98	62	0	4
0	30	0	91	61	0	1
0	30	0	92	61	0	6
0	30	0	93	61	0	1
0	30	0	94	61	0	2
0	30	0	95	61	0	4
0	30	0	97	61	0	1
0	30	0	91	60	0	0
0	30	0	92	60	0	7
0	30	0	93	60	0	1
0	30	0	94	60	0	3
0	30	0	91	59	0	0
0	30	0	94	59	0	1
0	30	0	93	58	0	9
0	30	0	91	57	0	0
0	31	0	95	72	0	1
0	31	0	90	71	0	6
0	31	0	91	71	0	1
0	31	0	92	71	0	15
0	31	0	93	71	0	0
0	31	0	94	71	0	0
0	31	0	96	71	0	3
0	31	0	101	71	0	0
0	31	0	89	70	0	5
0	31	0	90	70	0	9
0	31	0	91	70	0	11
0	31	0	92	70	0	5
0	31	0	93	70	0	13
0	31	0	94	70	0	2
0	31	0	95	70	0	1
0	31	0	96	70	0	7
0	31	0	99	70	0	1
0	31	0	87	69	0	0
0	31	0	88	69	0	6
0	31	0	89	69	0	3
0	31	0	90	69	0	2
0	31	0	91	69	0	6
0	31	0	92	69	0	5
0	31	0	93	69	0	2
0	31	0	94	69	0	0
0	31	0	95	69	0	0
0	31	0	96	69	0	1
0	31	0	97	69	0	1
0	31	0	98	69	0	0
0	31	0	99	69	0	1
0	31	0	100	69	0	0
0	31	0	101	69	0	0
0	31	0	86	68	0	0
0	31	0	87	68	0	3
0	31	0	88	68	0	6
0	31	0	89	68	0	9
0	31	0	91	68	0	9
0	31	0	92	68	0	14
0	31	0	93	68	0	4
0	31	0	94	68	0	3
0	31	0	95	68	0	11
0	31	0	96	68	0	0
0	31	0	99	68	0	5
0	31	0	87	67	0	1
0	31	0	88	67	0	5
0	31	0	89	67	0	7
0	31	0	90	67	0	6
0	31	0	91	67	0	9
0	31	0	92	67	0	11
0	31	0	93	67	0	8
0	31	0	94	67	0	3
0	31	0	95	67	0	7
0	31	0	96	67	0	1
0	31	0	97	67	0	1
0	31	0	98	67	0	0
0	31	0	99	67	0	3
0	31	0	100	67	0	0
0	31	0	87	66	0	7
0	31	0	89	66	0	1
0	31	0	90	66	0	6
0	31	0	91	66	0	0
0	31	0	92	66	0	15
0	31	0	93	66	0	2
0	31	0	94	66	0	3
0	31	0	95	66	0	1
0	31	0	96	66	0	0
0	31	0	97	66	0	1
0	31	0	98	66	0	0
0	31	0	99	66	0	1
0	31	0	100	66	0	1
0	31	0	87	65	0	1
0	31	0	89	65	0	0
0	31	0	90	65	0	0
0	31	0	91	65	0	13
0	31	0	92	65	0	0
0	31	0	93	65	0	0
0	31	0	96	65	0	0
0	31	0	98	65	0	1
0	31	0	100	65	0	1
0	31	0	101	65	0	1
0	31	0	87	64	0	1
0	31	0	88	64	0	0
0	31	0	90	64	0	1
0	31	0	91	64	0	0
0	31	0	96	64	0	2
0	31	0	97	64	0	1
0	31	0	99	64	0	6
0	31	0	100	64	0	2
0	31	0	101	64	0	1
0	31	0	88	63	0	1
0	31	0	89	63	0	6
0	31	0	90	63	0	9
0	31	0	91	63	0	0
0	31	0	93	63	0	1
0	31	0	97	63	0	0
0	31	0	91	62	0	4
0	31	0	92	62	0	1
0	31	0	94	62	0	0
0	31	0	98	62	0	7
0	31	0	91	61	0	1
0	31	0	92	61	0	5
0	31	0	93	61	0	0
0	31	0	94	61	0	4
0	31	0	95	61	0	2
0	31	0	97	61	0	0
0	31	0	91	60	0	1
0	31	0	92	60	0	8
0	31	0	93	60	0	2
0	31	0	94	60	0	4
0	31	0	91	59	0	0
0	31	0	94	59	0	2
0	31	0	93	58	0	7
0	31	0	91	57	0	0
0	31	0	96	54	0	1
0	31	0	93	53	0	1
0	32	0	95	72	0	1
0	32	0	90	71	0	9
0	32	0	91	71	0	1
0	32	0	92	71	0	13
0	32	0	93	71	0	0
0	32	0	94	71	0	0
0	32	0	96	71	0	1
0	32	0	97	71	0	1
0	32	0	101	71	0	0
0	32	0	89	70	0	16
0	32	0	90	70	0	8
0	32	0	91	70	0	8
0	32	0	92	70	0	10
0	32	0	93	70	0	8
0	32	0	94	70	0	5
0	32	0	95	70	0	3
0	32	0	96	70	0	6
0	32	0	99	70	0	2
0	32	0	101	70	0	1
0	32	0	87	69	0	0
0	32	0	88	69	0	7
0	32	0	89	69	0	2
0	32	0	90	69	0	2
0	32	0	91	69	0	10
0	32	0	92	69	0	10
0	32	0	93	69	0	2
0	32	0	94	69	0	0
0	32	0	95	69	0	0
0	32	0	96	69	0	3
0	32	0	97	69	0	1
0	32	0	98	69	0	0
0	32	0	99	69	0	1
0	32	0	100	69	0	0
0	32	0	101	69	0	0
0	32	0	86	68	0	0
0	32	0	87	68	0	4
0	32	0	88	68	0	14
0	32	0	89	68	0	11
0	32	0	91	68	0	4
0	32	0	92	68	0	12
0	32	0	93	68	0	8
0	32	0	94	68	0	2
0	32	0	95	68	0	6
0	32	0	96	68	0	0
0	32	0	97	68	0	1
0	32	0	99	68	0	7
0	32	0	87	67	0	0
0	32	0	88	67	0	5
0	32	0	89	67	0	9
0	32	0	90	67	0	9
0	32	0	91	67	0	7
0	32	0	92	67	0	15
0	32	0	93	67	0	4
0	32	0	94	67	0	8
0	32	0	95	67	0	5
0	32	0	96	67	0	2
0	32	0	97	67	0	0
0	32	0	98	67	0	0
0	32	0	99	67	0	4
0	32	0	100	67	0	0
0	32	0	87	66	0	13
0	32	0	89	66	0	4
0	32	0	90	66	0	7
0	32	0	91	66	0	0
0	32	0	92	66	0	12
0	32	0	93	66	0	1
0	32	0	94	66	0	1
0	32	0	95	66	0	1
0	32	0	96	66	0	0
0	32	0	97	66	0	1
0	32	0	98	66	0	0
0	32	0	99	66	0	1
0	32	0	100	66	0	0
0	32	0	87	65	0	3
0	32	0	89	65	0	0
0	32	0	90	65	0	1
0	32	0	91	65	0	11
0	32	0	92	65	0	0
0	32	0	93	65	0	0
0	32	0	96	65	0	0
0	32	0	98	65	0	3
0	32	0	100	65	0	3
0	32	0	101	65	0	1
0	32	0	87	64	0	0
0	32	0	88	64	0	0
0	32	0	90	64	0	5
0	32	0	91	64	0	0
0	32	0	96	64	0	0
0	32	0	97	64	0	0
0	32	0	99	64	0	7
0	32	0	100	64	0	3
0	32	0	101	64	0	1
0	32	0	102	64	0	1
0	32	0	88	63	0	0
0	32	0	89	63	0	4
0	32	0	90	63	0	7
0	32	0	91	63	0	0
0	32	0	93	63	0	0
0	32	0	97	63	0	0
0	32	0	91	62	0	4
0	32	0	92	62	0	1
0	32	0	94	62	0	0
0	32	0	98	62	0	6
0	32	0	91	61	0	0
0	32	0	92	61	0	2
0	32	0	93	61	0	0
0	32	0	94	61	0	7
0	32	0	95	61	0	3
0	32	0	97	61	0	1
0	32	0	98	61	0	1
0	32	0	91	60	0	0
0	32	0	92	60	0	8
0	32	0	93	60	0	2
0	32	0	94	60	0	4
0	32	0	89	59	0	1
0	32	0	91	59	0	0
0	32	0	92	59	0	2
0	32	0	94	59	0	3
0	32	0	92	58	0	1
0	32	0	93	58	0	4
0	32	0	91	57	0	0
0	32	0	96	54	0	1
0	32	0	93	53	0	2
0	33	0	95	72	0	0
0	33	0	97	72	0	2
0	33	0	90	71	0	6
0	33	0	91	71	0	0
0	33	0	92	71	0	8
0	33	0	93	71	0	0
0	33	0	94	71	0	0
0	33	0	96	71	0	0
0	33	0	97	71	0	1
0	33	0	101	71	0	0
0	33	0	89	70	0	16
0	33	0	90	70	0	8
0	33	0	91	70	0	8
0	33	0	92	70	0	8
0	33	0	93	70	0	7
0	33	0	94	70	0	7
0	33	0	95	70	0	3
0	33	0	96	70	0	6
0	33	0	99	70	0	2
0	33	0	101	70	0	2
0	33	0	87	69	0	0
0	33	0	88	69	0	5
0	33	0	89	69	0	2
0	33	0	90	69	0	4
0	33	0	91	69	0	9
0	33	0	92	69	0	11
0	33	0	93	69	0	1
0	33	0	94	69	0	0
0	33	0	95	69	0	0
0	33	0	96	69	0	7
0	33	0	97	69	0	0
0	33	0	98	69	0	0
0	33	0	99	69	0	0
0	33	0	100	69	0	0
0	33	0	101	69	0	0
0	33	0	86	68	0	1
0	33	0	87	68	0	2
0	33	0	88	68	0	12
0	33	0	89	68	0	12
0	33	0	90	68	0	2
0	33	0	91	68	0	4
0	33	0	92	68	0	17
0	33	0	93	68	0	7
0	33	0	94	68	0	2
0	33	0	95	68	0	4
0	33	0	96	68	0	0
0	33	0	97	68	0	1
0	33	0	99	68	0	6
0	33	0	87	67	0	0
0	33	0	88	67	0	7
0	33	0	89	67	0	12
0	33	0	90	67	0	7
0	33	0	91	67	0	10
0	33	0	92	67	0	14
0	33	0	93	67	0	8
0	33	0	94	67	0	3
0	33	0	95	67	0	8
0	33	0	96	67	0	5
0	33	0	97	67	0	1
0	33	0	98	67	0	0
0	33	0	99	67	0	3
0	33	0	100	67	0	0
0	33	0	87	66	0	12
0	33	0	88	66	0	1
0	33	0	89	66	0	6
0	33	0	90	66	0	6
0	33	0	91	66	0	0
0	33	0	92	66	0	10
0	33	0	93	66	0	2
0	33	0	94	66	0	3
0	33	0	95	66	0	1
0	33	0	96	66	0	0
0	33	0	97	66	0	1
0	33	0	98	66	0	0
0	33	0	99	66	0	3
0	33	0	100	66	0	0
0	33	0	87	65	0	3
0	33	0	88	65	0	2
0	33	0	89	65	0	0
0	33	0	90	65	0	1
0	33	0	91	65	0	0
0	33	0	92	65	0	2
0	33	0	93	65	0	0
0	33	0	95	65	0	1
0	33	0	96	65	0	0
0	33	0	98	65	0	4
0	33	0	99	65	0	2
0	33	0	100	65	0	6
0	33	0	101	65	0	2
0	33	0	87	64	0	0
0	33	0	88	64	0	0
0	33	0	90	64	0	5
0	33	0	91	64	0	1
0	33	0	96	64	0	0
0	33	0	97	64	0	0
0	33	0	99	64	0	10
0	33	0	100	64	0	5
0	33	0	101	64	0	1
0	33	0	102	64	0	1
0	33	0	88	63	0	0
0	33	0	89	63	0	5
0	33	0	90	63	0	7
0	33	0	91	63	0	0
0	33	0	93	63	0	0
0	33	0	97	63	0	2
0	33	0	91	62	0	8
0	33	0	92	62	0	1
0	33	0	94	62	0	0
0	33	0	98	62	0	1
0	33	0	90	61	0	1
0	33	0	91	61	0	0
0	33	0	92	61	0	4
0	33	0	93	61	0	0
0	33	0	94	61	0	9
0	33	0	95	61	0	2
0	33	0	97	61	0	0
0	33	0	98	61	0	2
0	33	0	91	60	0	0
0	33	0	92	60	0	6
0	33	0	93	60	0	0
0	33	0	94	60	0	4
0	33	0	89	59	0	1
0	33	0	91	59	0	0
0	33	0	92	59	0	3
0	33	0	93	59	0	1
0	33	0	94	59	0	2
0	33	0	92	58	0	2
0	33	0	93	58	0	7
0	33	0	91	57	0	0
0	33	0	96	55	0	1
0	33	0	96	54	0	4
0	33	0	93	53	0	1
0	34	0	95	72	0	0
0	34	0	97	72	0	4
0	34	0	90	71	0	5
0	34	0	91	71	0	0
0	34	0	92	71	0	11
0	34	0	93	71	0	0
0	34	0	94	71	0	0
0	34	0	96	71	0	0
0	34	0	97	71	0	2
0	34	0	101	71	0	1
0	34	0	89	70	0	16
0	34	0	90	70	0	8
0	34	0	91	70	0	9
0	34	0	92	70	0	12
0	34	0	93	70	0	11
0	34	0	94	70	0	4
0	34	0	95	70	0	6
0	34	0	96	70	0	4
0	34	0	99	70	0	4
0	34	0	101	70	0	2
0	34	0	87	69	0	0
0	34	0	88	69	0	5
0	34	0	89	69	0	7
0	34	0	90	69	0	3
0	34	0	91	69	0	7
0	34	0	92	69	0	10
0	34	0	93	69	0	5
0	34	0	94	69	0	0
0	34	0	95	69	0	0
0	34	0	96	69	0	6
0	34	0	97	69	0	0
0	34	0	98	69	0	0
0	34	0	99	69	0	0
0	34	0	100	69	0	0
0	34	0	101	69	0	0
0	34	0	86	68	0	0
0	34	0	87	68	0	1
0	34	0	88	68	0	8
0	34	0	89	68	0	8
0	34	0	90	68	0	3
0	34	0	91	68	0	7
0	34	0	92	68	0	15
0	34	0	93	68	0	10
0	34	0	94	68	0	3
0	34	0	95	68	0	9
0	34	0	96	68	0	0
0	34	0	97	68	0	1
0	34	0	99	68	0	7
0	34	0	87	67	0	1
0	34	0	88	67	0	7
0	34	0	89	67	0	12
0	34	0	90	67	0	7
0	34	0	91	67	0	8
0	34	0	92	67	0	14
0	34	0	93	67	0	11
0	34	0	94	67	0	6
0	34	0	95	67	0	8
0	34	0	96	67	0	6
0	34	0	97	67	0	1
0	34	0	98	67	0	0
0	34	0	99	67	0	6
0	34	0	100	67	0	0
0	34	0	87	66	0	12
0	34	0	88	66	0	5
0	34	0	89	66	0	6
0	34	0	90	66	0	3
0	34	0	91	66	0	0
0	34	0	92	66	0	10
0	34	0	93	66	0	1
0	34	0	94	66	0	2
0	34	0	95	66	0	2
0	34	0	96	66	0	0
0	34	0	97	66	0	1
0	34	0	98	66	0	1
0	34	0	99	66	0	7
0	34	0	100	66	0	2
0	34	0	87	65	0	3
0	34	0	88	65	0	2
0	34	0	89	65	0	0
0	34	0	90	65	0	3
0	34	0	91	65	0	0
0	34	0	92	65	0	2
0	34	0	93	65	0	0
0	34	0	95	65	0	0
0	34	0	96	65	0	0
0	34	0	98	65	0	6
0	34	0	99	65	0	7
0	34	0	100	65	0	6
0	34	0	101	65	0	5
0	34	0	87	64	0	0
0	34	0	88	64	0	0
0	34	0	90	64	0	2
0	34	0	91	64	0	1
0	34	0	96	64	0	0
0	34	0	97	64	0	0
0	34	0	98	64	0	1
0	34	0	99	64	0	8
0	34	0	100	64	0	3
0	34	0	101	64	0	1
0	34	0	102	64	0	1
0	34	0	88	63	0	0
0	34	0	89	63	0	1
0	34	0	90	63	0	9
0	34	0	91	63	0	1
0	34	0	93	63	0	0
0	34	0	97	63	0	2
0	34	0	102	63	0	1
0	34	0	91	62	0	10
0	34	0	92	62	0	0
0	34	0	94	62	0	0
0	34	0	98	62	0	0
0	34	0	90	61	0	0
0	34	0	91	61	0	0
0	34	0	92	61	0	5
0	34	0	93	61	0	0
0	34	0	94	61	0	8
0	34	0	95	61	0	3
0	34	0	97	61	0	0
0	34	0	98	61	0	2
0	34	0	91	60	0	0
0	34	0	92	60	0	4
0	34	0	93	60	0	1
0	34	0	94	60	0	2
0	34	0	89	59	0	0
0	34	0	91	59	0	0
0	34	0	92	59	0	5
0	34	0	93	59	0	0
0	34	0	94	59	0	0
0	34	0	92	58	0	6
0	34	0	93	58	0	8
0	34	0	91	57	0	0
0	34	0	96	55	0	3
0	34	0	96	54	0	2
0	34	0	93	53	0	2
0	35	0	95	72	0	0
0	35	0	97	72	0	5
0	35	0	90	71	0	9
0	35	0	91	71	0	0
0	35	0	92	71	0	6
0	35	0	93	71	0	0
0	35	0	94	71	0	0
0	35	0	96	71	0	1
0	35	0	97	71	0	1
0	35	0	101	71	0	1
0	35	0	89	70	0	11
0	35	0	90	70	0	7
0	35	0	91	70	0	1
0	35	0	92	70	0	8
0	35	0	93	70	0	12
0	35	0	94	70	0	1
0	35	0	95	70	0	5
0	35	0	96	70	0	7
0	35	0	97	70	0	1
0	35	0	99	70	0	4
0	35	0	101	70	0	7
0	35	0	87	69	0	0
0	35	0	88	69	0	7
0	35	0	89	69	0	7
0	35	0	90	69	0	3
0	35	0	91	69	0	12
0	35	0	92	69	0	12
0	35	0	93	69	0	5
0	35	0	94	69	0	0
0	35	0	95	69	0	0
0	35	0	96	69	0	4
0	35	0	97	69	0	1
0	35	0	98	69	0	0
0	35	0	99	69	0	0
0	35	0	100	69	0	0
0	35	0	101	69	0	0
0	35	0	86	68	0	0
0	35	0	87	68	0	0
0	35	0	88	68	0	6
0	35	0	89	68	0	7
0	35	0	90	68	0	5
0	35	0	91	68	0	11
0	35	0	92	68	0	16
0	35	0	93	68	0	10
0	35	0	94	68	0	7
0	35	0	95	68	0	8
0	35	0	96	68	0	0
0	35	0	97	68	0	2
0	35	0	99	68	0	9
0	35	0	86	67	0	1
0	35	0	87	67	0	2
0	35	0	88	67	0	7
0	35	0	89	67	0	5
0	35	0	90	67	0	1
0	35	0	91	67	0	13
0	35	0	92	67	0	11
0	35	0	93	67	0	8
0	35	0	94	67	0	6
0	35	0	95	67	0	9
0	35	0	96	67	0	5
0	35	0	97	67	0	1
0	35	0	98	67	0	0
0	35	0	99	67	0	9
0	35	0	100	67	0	0
0	35	0	87	66	0	5
0	35	0	88	66	0	3
0	35	0	89	66	0	6
0	35	0	90	66	0	6
0	35	0	91	66	0	0
0	35	0	92	66	0	8
0	35	0	93	66	0	1
0	35	0	94	66	0	3
0	35	0	95	66	0	4
0	35	0	96	66	0	0
0	35	0	97	66	0	3
0	35	0	98	66	0	3
0	35	0	99	66	0	9
0	35	0	100	66	0	3
0	35	0	87	65	0	2
0	35	0	88	65	0	3
0	35	0	89	65	0	0
0	35	0	90	65	0	2
0	35	0	91	65	0	0
0	35	0	92	65	0	4
0	35	0	93	65	0	0
0	35	0	95	65	0	0
0	35	0	96	65	0	0
0	35	0	98	65	0	8
0	35	0	99	65	0	4
0	35	0	100	65	0	12
0	35	0	101	65	0	2
0	35	0	87	64	0	0
0	35	0	88	64	0	0
0	35	0	90	64	0	2
0	35	0	91	64	0	2
0	35	0	94	64	0	1
0	35	0	96	64	0	0
0	35	0	97	64	0	0
0	35	0	98	64	0	2
0	35	0	99	64	0	13
0	35	0	100	64	0	5
0	35	0	101	64	0	1
0	35	0	102	64	0	1
0	35	0	88	63	0	0
0	35	0	89	63	0	0
0	35	0	90	63	0	7
0	35	0	91	63	0	1
0	35	0	93	63	0	1
0	35	0	97	63	0	1
0	35	0	99	63	0	1
0	35	0	102	63	0	1
0	35	0	91	62	0	9
0	35	0	92	62	0	1
0	35	0	94	62	0	0
0	35	0	98	62	0	0
0	35	0	90	61	0	1
0	35	0	91	61	0	0
0	35	0	92	61	0	4
0	35	0	93	61	0	0
0	35	0	94	61	0	7
0	35	0	95	61	0	3
0	35	0	96	61	0	1
0	35	0	97	61	0	0
0	35	0	98	61	0	3
0	35	0	91	60	0	0
0	35	0	92	60	0	3
0	35	0	93	60	0	1
0	35	0	94	60	0	3
0	35	0	89	59	0	0
0	35	0	91	59	0	0
0	35	0	92	59	0	4
0	35	0	93	59	0	0
0	35	0	94	59	0	0
0	35	0	95	59	0	1
0	35	0	92	58	0	9
0	35	0	93	58	0	6
0	35	0	91	57	0	0
0	35	0	96	55	0	3
0	35	0	96	54	0	1
0	35	0	93	53	0	3
0	36	0	95	72	0	0
0	36	0	97	72	0	10
0	36	0	98	72	0	1
0	36	0	90	71	0	9
0	36	0	91	71	0	0
0	36	0	92	71	0	4
0	36	0	93	71	0	0
0	36	0	94	71	0	0
0	36	0	96	71	0	1
0	36	0	97	71	0	1
0	36	0	99	71	0	1
0	36	0	101	71	0	2
0	36	0	89	70	0	12
0	36	0	90	70	0	8
0	36	0	91	70	0	2
0	36	0	92	70	0	9
0	36	0	93	70	0	8
0	36	0	94	70	0	3
0	36	0	95	70	0	5
0	36	0	96	70	0	12
0	36	0	97	70	0	0
0	36	0	99	70	0	7
0	36	0	101	70	0	12
0	36	0	87	69	0	1
0	36	0	88	69	0	10
0	36	0	89	69	0	14
0	36	0	90	69	0	6
0	36	0	91	69	0	14
0	36	0	92	69	0	14
0	36	0	93	69	0	0
0	36	0	94	69	0	0
0	36	0	95	69	0	0
0	36	0	96	69	0	4
0	36	0	97	69	0	4
0	36	0	98	69	0	0
0	36	0	99	69	0	2
0	36	0	100	69	0	0
0	36	0	101	69	0	0
0	36	0	86	68	0	1
0	36	0	87	68	0	0
0	36	0	88	68	0	6
0	36	0	89	68	0	5
0	36	0	90	68	0	6
0	36	0	91	68	0	6
0	36	0	92	68	0	10
0	36	0	93	68	0	7
0	36	0	94	68	0	6
0	36	0	95	68	0	4
0	36	0	96	68	0	0
0	36	0	97	68	0	2
0	36	0	99	68	0	8
0	36	0	86	67	0	2
0	36	0	87	67	0	4
0	36	0	88	67	0	3
0	36	0	89	67	0	7
0	36	0	90	67	0	0
0	36	0	91	67	0	12
0	36	0	92	67	0	12
0	36	0	93	67	0	8
0	36	0	94	67	0	6
0	36	0	95	67	0	7
0	36	0	96	67	0	1
0	36	0	97	67	0	0
0	36	0	98	67	0	0
0	36	0	99	67	0	2
0	36	0	100	67	0	1
0	36	0	87	66	0	4
0	36	0	88	66	0	0
0	36	0	89	66	0	6
0	36	0	90	66	0	2
0	36	0	91	66	0	1
0	36	0	92	66	0	8
0	36	0	93	66	0	2
0	36	0	94	66	0	3
0	36	0	95	66	0	7
0	36	0	96	66	0	1
0	36	0	97	66	0	1
0	36	0	98	66	0	4
0	36	0	99	66	0	5
0	36	0	100	66	0	6
0	36	0	101	66	0	1
0	36	0	87	65	0	2
0	36	0	88	65	0	5
0	36	0	89	65	0	1
0	36	0	90	65	0	3
0	36	0	91	65	0	0
0	36	0	92	65	0	7
0	36	0	93	65	0	0
0	36	0	94	65	0	1
0	36	0	95	65	0	0
0	36	0	96	65	0	0
0	36	0	98	65	0	8
0	36	0	99	65	0	3
0	36	0	100	65	0	6
0	36	0	101	65	0	6
0	36	0	87	64	0	0
0	36	0	88	64	0	0
0	36	0	90	64	0	4
0	36	0	91	64	0	4
0	36	0	93	64	0	1
0	36	0	94	64	0	1
0	36	0	96	64	0	1
0	36	0	97	64	0	0
0	36	0	98	64	0	1
0	36	0	99	64	0	12
0	36	0	100	64	0	2
0	36	0	101	64	0	2
0	36	0	102	64	0	3
0	36	0	88	63	0	0
0	36	0	89	63	0	0
0	36	0	90	63	0	10
0	36	0	91	63	0	1
0	36	0	93	63	0	1
0	36	0	96	63	0	2
0	36	0	97	63	0	0
0	36	0	99	63	0	1
0	36	0	102	63	0	1
0	36	0	103	63	0	1
0	36	0	91	62	0	12
0	36	0	92	62	0	2
0	36	0	94	62	0	0
0	36	0	98	62	0	1
0	36	0	90	61	0	3
0	36	0	91	61	0	0
0	36	0	92	61	0	7
0	36	0	93	61	0	0
0	36	0	94	61	0	9
0	36	0	95	61	0	1
0	36	0	96	61	0	3
0	36	0	97	61	0	0
0	36	0	98	61	0	3
0	36	0	91	60	0	0
0	36	0	92	60	0	2
0	36	0	93	60	0	1
0	36	0	94	60	0	2
0	36	0	95	60	0	1
0	36	0	89	59	0	1
0	36	0	91	59	0	0
0	36	0	92	59	0	3
0	36	0	93	59	0	0
0	36	0	94	59	0	1
0	36	0	95	59	0	2
0	36	0	92	58	0	9
0	36	0	93	58	0	5
0	36	0	94	58	0	1
0	36	0	91	57	0	0
0	36	0	96	55	0	4
0	36	0	96	54	0	0
0	36	0	93	53	0	2
0	36	0	98	52	0	1
0	37	0	95	72	0	0
0	37	0	97	72	0	16
0	37	0	98	72	0	0
0	37	0	90	71	0	9
0	37	0	91	71	0	1
0	37	0	92	71	0	5
0	37	0	93	71	0	0
0	37	0	94	71	0	0
0	37	0	96	71	0	5
0	37	0	97	71	0	0
0	37	0	98	71	0	2
0	37	0	99	71	0	5
0	37	0	101	71	0	1
0	37	0	89	70	0	11
0	37	0	90	70	0	10
0	37	0	91	70	0	2
0	37	0	92	70	0	7
0	37	0	93	70	0	5
0	37	0	94	70	0	5
0	37	0	95	70	0	14
0	37	0	96	70	0	10
0	37	0	97	70	0	0
0	37	0	99	70	0	10
0	37	0	101	70	0	14
0	37	0	87	69	0	1
0	37	0	88	69	0	13
0	37	0	89	69	0	9
0	37	0	90	69	0	3
0	37	0	91	69	0	3
0	37	0	92	69	0	12
0	37	0	93	69	0	2
0	37	0	94	69	0	0
0	37	0	95	69	0	1
0	37	0	96	69	0	4
0	37	0	97	69	0	1
0	37	0	98	69	0	0
0	37	0	99	69	0	3
0	37	0	100	69	0	0
0	37	0	101	69	0	1
0	37	0	86	68	0	3
0	37	0	87	68	0	0
0	37	0	88	68	0	5
0	37	0	89	68	0	3
0	37	0	90	68	0	8
0	37	0	91	68	0	7
0	37	0	92	68	0	11
0	37	0	93	68	0	8
0	37	0	94	68	0	9
0	37	0	95	68	0	5
0	37	0	96	68	0	1
0	37	0	97	68	0	5
0	37	0	98	68	0	1
0	37	0	99	68	0	10
0	37	0	102	68	0	1
0	37	0	86	67	0	5
0	37	0	87	67	0	3
0	37	0	88	67	0	3
0	37	0	89	67	0	9
0	37	0	90	67	0	2
0	37	0	91	67	0	12
0	37	0	92	67	0	11
0	37	0	93	67	0	5
0	37	0	94	67	0	10
0	37	0	95	67	0	7
0	37	0	96	67	0	2
0	37	0	97	67	0	0
0	37	0	98	67	0	0
0	37	0	99	67	0	3
0	37	0	100	67	0	0
0	37	0	87	66	0	3
0	37	0	88	66	0	0
0	37	0	89	66	0	4
0	37	0	90	66	0	3
0	37	0	91	66	0	4
0	37	0	92	66	0	11
0	37	0	93	66	0	2
0	37	0	94	66	0	6
0	37	0	95	66	0	8
0	37	0	96	66	0	2
0	37	0	97	66	0	2
0	37	0	98	66	0	3
0	37	0	99	66	0	8
0	37	0	100	66	0	7
0	37	0	101	66	0	1
0	37	0	87	65	0	2
0	37	0	88	65	0	5
0	37	0	89	65	0	2
0	37	0	90	65	0	2
0	37	0	91	65	0	0
0	37	0	92	65	0	7
0	37	0	93	65	0	0
0	37	0	94	65	0	1
0	37	0	95	65	0	1
0	37	0	96	65	0	0
0	37	0	98	65	0	9
0	37	0	99	65	0	4
0	37	0	100	65	0	8
0	37	0	101	65	0	8
0	37	0	102	65	0	1
0	37	0	87	64	0	0
0	37	0	88	64	0	0
0	37	0	89	64	0	1
0	37	0	90	64	0	6
0	37	0	91	64	0	8
0	37	0	93	64	0	2
0	37	0	94	64	0	2
0	37	0	96	64	0	1
0	37	0	97	64	0	0
0	37	0	98	64	0	0
0	37	0	99	64	0	10
0	37	0	100	64	0	2
0	37	0	101	64	0	5
0	37	0	102	64	0	5
0	37	0	88	63	0	1
0	37	0	89	63	0	1
0	37	0	90	63	0	11
0	37	0	91	63	0	0
0	37	0	93	63	0	2
0	37	0	96	63	0	2
0	37	0	97	63	0	0
0	37	0	99	63	0	1
0	37	0	100	63	0	1
0	37	0	101	63	0	1
0	37	0	102	63	0	1
0	37	0	103	63	0	1
0	37	0	91	62	0	12
0	37	0	92	62	0	2
0	37	0	94	62	0	0
0	37	0	98	62	0	0
0	37	0	87	61	0	1
0	37	0	90	61	0	6
0	37	0	91	61	0	1
0	37	0	92	61	0	8
0	37	0	93	61	0	1
0	37	0	94	61	0	7
0	37	0	95	61	0	0
0	37	0	96	61	0	4
0	37	0	97	61	0	0
0	37	0	98	61	0	3
0	37	0	91	60	0	0
0	37	0	92	60	0	2
0	37	0	93	60	0	1
0	37	0	94	60	0	5
0	37	0	95	60	0	1
0	37	0	89	59	0	2
0	37	0	91	59	0	1
0	37	0	92	59	0	7
0	37	0	93	59	0	0
0	37	0	94	59	0	0
0	37	0	95	59	0	2
0	37	0	92	58	0	5
0	37	0	93	58	0	7
0	37	0	94	58	0	2
0	37	0	91	57	0	0
0	37	0	96	55	0	5
0	37	0	96	54	0	0
0	37	0	93	53	0	3
0	37	0	98	52	0	1
0	38	0	95	72	0	0
0	38	0	97	72	0	13
0	38	0	98	72	0	0
0	38	0	90	71	0	9
0	38	0	91	71	0	3
0	38	0	92	71	0	6
0	38	0	93	71	0	1
0	38	0	94	71	0	0
0	38	0	96	71	0	11
0	38	0	97	71	0	0
0	38	0	98	71	0	2
0	38	0	99	71	0	6
0	38	0	101	71	0	0
0	38	0	89	70	0	16
0	38	0	90	70	0	6
0	38	0	91	70	0	5
0	38	0	92	70	0	6
0	38	0	93	70	0	9
0	38	0	94	70	0	7
0	38	0	95	70	0	12
0	38	0	96	70	0	11
0	38	0	97	70	0	1
0	38	0	99	70	0	7
0	38	0	101	70	0	8
0	38	0	87	69	0	1
0	38	0	88	69	0	9
0	38	0	89	69	0	9
0	38	0	90	69	0	3
0	38	0	91	69	0	8
0	38	0	92	69	0	20
0	38	0	93	69	0	2
0	38	0	94	69	0	1
0	38	0	95	69	0	5
0	38	0	96	69	0	6
0	38	0	97	69	0	1
0	38	0	98	69	0	0
0	38	0	99	69	0	3
0	38	0	100	69	0	1
0	38	0	101	69	0	2
0	38	0	86	68	0	5
0	38	0	87	68	0	0
0	38	0	88	68	0	11
0	38	0	89	68	0	2
0	38	0	90	68	0	10
0	38	0	91	68	0	10
0	38	0	92	68	0	11
0	38	0	93	68	0	6
0	38	0	94	68	0	11
0	38	0	95	68	0	6
0	38	0	96	68	0	3
0	38	0	97	68	0	10
0	38	0	98	68	0	0
0	38	0	99	68	0	9
0	38	0	101	68	0	1
0	38	0	102	68	0	2
0	38	0	86	67	0	9
0	38	0	87	67	0	5
0	38	0	88	67	0	3
0	38	0	89	67	0	9
0	38	0	90	67	0	0
0	38	0	91	67	0	7
0	38	0	92	67	0	15
0	38	0	93	67	0	2
0	38	0	94	67	0	6
0	38	0	95	67	0	7
0	38	0	96	67	0	4
0	38	0	97	67	0	1
0	38	0	98	67	0	0
0	38	0	99	67	0	0
0	38	0	100	67	0	0
0	38	0	87	66	0	2
0	38	0	88	66	0	1
0	38	0	89	66	0	6
0	38	0	90	66	0	4
0	38	0	91	66	0	5
0	38	0	92	66	0	12
0	38	0	93	66	0	5
0	38	0	94	66	0	8
0	38	0	95	66	0	5
0	38	0	96	66	0	7
0	38	0	97	66	0	0
0	38	0	98	66	0	5
0	38	0	99	66	0	10
0	38	0	100	66	0	7
0	38	0	101	66	0	2
0	38	0	87	65	0	5
0	38	0	88	65	0	11
0	38	0	89	65	0	1
0	38	0	90	65	0	2
0	38	0	91	65	0	0
0	38	0	92	65	0	4
0	38	0	93	65	0	0
0	38	0	94	65	0	2
0	38	0	95	65	0	2
0	38	0	96	65	0	0
0	38	0	98	65	0	8
0	38	0	99	65	0	6
0	38	0	100	65	0	7
0	38	0	101	65	0	6
0	38	0	102	65	0	1
0	38	0	87	64	0	0
0	38	0	88	64	0	0
0	38	0	89	64	0	0
0	38	0	90	64	0	7
0	38	0	91	64	0	13
0	38	0	92	64	0	1
0	38	0	93	64	0	7
0	38	0	94	64	0	4
0	38	0	95	64	0	1
0	38	0	96	64	0	0
0	38	0	97	64	0	1
0	38	0	98	64	0	0
0	38	0	99	64	0	8
0	38	0	100	64	0	3
0	38	0	101	64	0	8
0	38	0	102	64	0	1
0	38	0	88	63	0	4
0	38	0	89	63	0	2
0	38	0	90	63	0	13
0	38	0	91	63	0	0
0	38	0	93	63	0	3
0	38	0	96	63	0	0
0	38	0	97	63	0	0
0	38	0	99	63	0	1
0	38	0	100	63	0	1
0	38	0	101	63	0	1
0	38	0	102	63	0	2
0	38	0	103	63	0	1
0	38	0	91	62	0	11
0	38	0	92	62	0	1
0	38	0	94	62	0	0
0	38	0	98	62	0	0
0	38	0	87	61	0	2
0	38	0	90	61	0	6
0	38	0	91	61	0	2
0	38	0	92	61	0	8
0	38	0	93	61	0	2
0	38	0	94	61	0	3
0	38	0	95	61	0	0
0	38	0	96	61	0	6
0	38	0	97	61	0	0
0	38	0	98	61	0	3
0	38	0	91	60	0	0
0	38	0	92	60	0	2
0	38	0	93	60	0	1
0	38	0	94	60	0	4
0	38	0	95	60	0	2
0	38	0	89	59	0	1
0	38	0	91	59	0	3
0	38	0	92	59	0	9
0	38	0	93	59	0	0
0	38	0	94	59	0	0
0	38	0	95	59	0	2
0	38	0	92	58	0	7
0	38	0	93	58	0	6
0	38	0	94	58	0	5
0	38	0	91	57	0	0
0	38	0	96	55	0	5
0	38	0	96	54	0	0
0	38	0	93	53	0	4
0	38	0	98	52	0	2
0	39	0	95	72	0	1
0	39	0	97	72	0	6
0	39	0	98	72	0	1
0	39	0	99	72	0	1
0	39	0	90	71	0	7
0	39	0	91	71	0	3
0	39	0	92	71	0	6
0	39	0	93	71	0	2
0	39	0	94	71	0	0
0	39	0	96	71	0	7
0	39	0	97	71	0	1
0	39	0	98	71	0	0
0	39	0	99	71	0	6
0	39	0	101	71	0	0
0	39	0	89	70	0	10
0	39	0	90	70	0	6
0	39	0	91	70	0	1
0	39	0	92	70	0	7
0	39	0	93	70	0	7
0	39	0	94	70	0	9
0	39	0	95	70	0	17
0	39	0	96	70	0	12
0	39	0	97	70	0	2
0	39	0	99	70	0	4
0	39	0	101	70	0	8
0	39	0	87	69	0	2
0	39	0	88	69	0	10
0	39	0	89	69	0	18
0	39	0	90	69	0	2
0	39	0	91	69	0	6
0	39	0	92	69	0	18
0	39	0	93	69	0	3
0	39	0	94	69	0	1
0	39	0	95	69	0	4
0	39	0	96	69	0	4
0	39	0	97	69	0	1
0	39	0	98	69	0	1
0	39	0	99	69	0	5
0	39	0	100	69	0	2
0	39	0	101	69	0	4
0	39	0	86	68	0	5
0	39	0	87	68	0	0
0	39	0	88	68	0	10
0	39	0	89	68	0	1
0	39	0	90	68	0	12
0	39	0	91	68	0	8
0	39	0	92	68	0	11
0	39	0	93	68	0	9
0	39	0	94	68	0	11
0	39	0	95	68	0	10
0	39	0	96	68	0	4
0	39	0	97	68	0	10
0	39	0	98	68	0	1
0	39	0	99	68	0	10
0	39	0	101	68	0	1
0	39	0	102	68	0	2
0	39	0	86	67	0	10
0	39	0	87	67	0	5
0	39	0	88	67	0	5
0	39	0	89	67	0	9
0	39	0	90	67	0	0
0	39	0	91	67	0	8
0	39	0	92	67	0	7
0	39	0	93	67	0	2
0	39	0	94	67	0	11
0	39	0	95	67	0	4
0	39	0	96	67	0	11
0	39	0	97	67	0	5
0	39	0	98	67	0	1
0	39	0	99	67	0	1
0	39	0	100	67	0	0
0	39	0	101	67	0	1
0	39	0	87	66	0	5
0	39	0	88	66	0	2
0	39	0	89	66	0	3
0	39	0	90	66	0	0
0	39	0	91	66	0	3
0	39	0	92	66	0	4
0	39	0	93	66	0	4
0	39	0	94	66	0	9
0	39	0	95	66	0	6
0	39	0	96	66	0	17
0	39	0	97	66	0	1
0	39	0	98	66	0	7
0	39	0	99	66	0	10
0	39	0	100	66	0	10
0	39	0	101	66	0	3
0	39	0	87	65	0	8
0	39	0	88	65	0	12
0	39	0	89	65	0	3
0	39	0	90	65	0	4
0	39	0	91	65	0	1
0	39	0	92	65	0	7
0	39	0	93	65	0	0
0	39	0	94	65	0	3
0	39	0	95	65	0	6
0	39	0	96	65	0	1
0	39	0	98	65	0	8
0	39	0	99	65	0	8
0	39	0	100	65	0	8
0	39	0	101	65	0	6
0	39	0	102	65	0	2
0	39	0	87	64	0	0
0	39	0	88	64	0	0
0	39	0	89	64	0	1
0	39	0	90	64	0	7
0	39	0	91	64	0	11
0	39	0	92	64	0	1
0	39	0	93	64	0	5
0	39	0	94	64	0	4
0	39	0	95	64	0	0
0	39	0	96	64	0	1
0	39	0	97	64	0	2
0	39	0	98	64	0	1
0	39	0	99	64	0	6
0	39	0	100	64	0	3
0	39	0	101	64	0	6
0	39	0	102	64	0	1
0	39	0	88	63	0	5
0	39	0	89	63	0	4
0	39	0	90	63	0	12
0	39	0	91	63	0	0
0	39	0	93	63	0	3
0	39	0	96	63	0	0
0	39	0	97	63	0	0
0	39	0	99	63	0	1
0	39	0	100	63	0	1
0	39	0	101	63	0	1
0	39	0	102	63	0	1
0	39	0	103	63	0	3
0	39	0	91	62	0	9
0	39	0	92	62	0	1
0	39	0	94	62	0	1
0	39	0	98	62	0	1
0	39	0	87	61	0	2
0	39	0	90	61	0	5
0	39	0	91	61	0	2
0	39	0	92	61	0	9
0	39	0	93	61	0	6
0	39	0	94	61	0	2
0	39	0	95	61	0	0
0	39	0	96	61	0	5
0	39	0	97	61	0	0
0	39	0	98	61	0	10
0	39	0	88	60	0	1
0	39	0	91	60	0	0
0	39	0	92	60	0	6
0	39	0	93	60	0	1
0	39	0	94	60	0	10
0	39	0	95	60	0	5
0	39	0	89	59	0	0
0	39	0	91	59	0	1
0	39	0	92	59	0	12
0	39	0	93	59	0	0
0	39	0	94	59	0	0
0	39	0	95	59	0	1
0	39	0	91	58	0	2
0	39	0	92	58	0	12
0	39	0	93	58	0	4
0	39	0	94	58	0	4
0	39	0	91	57	0	0
0	39	0	96	55	0	4
0	39	0	96	54	0	0
0	39	0	93	53	0	3
0	39	0	98	52	0	8
0	39	0	93	51	0	1
0	40	0	95	72	0	1
0	40	0	97	72	0	7
0	40	0	98	72	0	1
0	40	0	99	72	0	1
0	40	0	90	71	0	10
0	40	0	91	71	0	0
0	40	0	92	71	0	14
0	40	0	93	71	0	3
0	40	0	94	71	0	1
0	40	0	96	71	0	3
0	40	0	97	71	0	3
0	40	0	98	71	0	1
0	40	0	99	71	0	9
0	40	0	101	71	0	0
0	40	0	89	70	0	9
0	40	0	90	70	0	9
0	40	0	91	70	0	3
0	40	0	92	70	0	9
0	40	0	93	70	0	7
0	40	0	94	70	0	4
0	40	0	95	70	0	18
0	40	0	96	70	0	8
0	40	0	97	70	0	2
0	40	0	99	70	0	3
0	40	0	101	70	0	10
0	40	0	87	69	0	2
0	40	0	88	69	0	9
0	40	0	89	69	0	12
0	40	0	90	69	0	6
0	40	0	91	69	0	4
0	40	0	92	69	0	10
0	40	0	93	69	0	4
0	40	0	94	69	0	1
0	40	0	95	69	0	9
0	40	0	96	69	0	6
0	40	0	97	69	0	3
0	40	0	98	69	0	3
0	40	0	99	69	0	8
0	40	0	100	69	0	2
0	40	0	101	69	0	11
0	40	0	86	68	0	8
0	40	0	87	68	0	0
0	40	0	88	68	0	11
0	40	0	89	68	0	0
0	40	0	90	68	0	10
0	40	0	91	68	0	13
0	40	0	92	68	0	7
0	40	0	93	68	0	11
0	40	0	94	68	0	8
0	40	0	95	68	0	8
0	40	0	96	68	0	7
0	40	0	97	68	0	11
0	40	0	98	68	0	3
0	40	0	99	68	0	6
0	40	0	100	68	0	1
0	40	0	101	68	0	1
0	40	0	102	68	0	3
0	40	0	86	67	0	9
0	40	0	87	67	0	8
0	40	0	88	67	0	10
0	40	0	89	67	0	16
0	40	0	90	67	0	0
0	40	0	91	67	0	10
0	40	0	92	67	0	14
0	40	0	93	67	0	3
0	40	0	94	67	0	6
0	40	0	95	67	0	5
0	40	0	96	67	0	5
0	40	0	97	67	0	8
0	40	0	98	67	0	1
0	40	0	99	67	0	0
0	40	0	100	67	0	0
0	40	0	101	67	0	1
0	40	0	102	67	0	1
0	40	0	87	66	0	4
0	40	0	88	66	0	6
0	40	0	89	66	0	5
0	40	0	90	66	0	0
0	40	0	91	66	0	4
0	40	0	92	66	0	3
0	40	0	93	66	0	2
0	40	0	94	66	0	9
0	40	0	95	66	0	10
0	40	0	96	66	0	14
0	40	0	97	66	0	2
0	40	0	98	66	0	11
0	40	0	99	66	0	12
0	40	0	100	66	0	12
0	40	0	101	66	0	7
0	40	0	87	65	0	7
0	40	0	88	65	0	11
0	40	0	89	65	0	5
0	40	0	90	65	0	8
0	40	0	91	65	0	1
0	40	0	92	65	0	11
0	40	0	93	65	0	0
0	40	0	94	65	0	3
0	40	0	95	65	0	5
0	40	0	96	65	0	2
0	40	0	98	65	0	5
0	40	0	99	65	0	14
0	40	0	100	65	0	7
0	40	0	101	65	0	4
0	40	0	102	65	0	5
0	40	0	103	65	0	1
0	40	0	87	64	0	0
0	40	0	88	64	0	0
0	40	0	89	64	0	1
0	40	0	90	64	0	11
0	40	0	91	64	0	14
0	40	0	92	64	0	5
0	40	0	93	64	0	6
0	40	0	94	64	0	8
0	40	0	95	64	0	0
0	40	0	96	64	0	2
0	40	0	97	64	0	3
0	40	0	98	64	0	2
0	40	0	99	64	0	3
0	40	0	100	64	0	4
0	40	0	101	64	0	10
0	40	0	102	64	0	2
0	40	0	88	63	0	11
0	40	0	89	63	0	3
0	40	0	90	63	0	16
0	40	0	91	63	0	0
0	40	0	93	63	0	3
0	40	0	96	63	0	0
0	40	0	97	63	0	0
0	40	0	99	63	0	4
0	40	0	100	63	0	1
0	40	0	101	63	0	1
0	40	0	102	63	0	1
0	40	0	103	63	0	3
0	40	0	91	62	0	15
0	40	0	92	62	0	0
0	40	0	94	62	0	1
0	40	0	98	62	0	0
0	40	0	87	61	0	4
0	40	0	90	61	0	7
0	40	0	91	61	0	1
0	40	0	92	61	0	7
0	40	0	93	61	0	4
0	40	0	94	61	0	4
0	40	0	95	61	0	0
0	40	0	96	61	0	5
0	40	0	97	61	0	0
0	40	0	98	61	0	10
0	40	0	88	60	0	0
0	40	0	91	60	0	0
0	40	0	92	60	0	7
0	40	0	93	60	0	1
0	40	0	94	60	0	9
0	40	0	95	60	0	6
0	40	0	89	59	0	0
0	40	0	91	59	0	1
0	40	0	92	59	0	9
0	40	0	93	59	0	0
0	40	0	94	59	0	0
0	40	0	95	59	0	1
0	40	0	91	58	0	3
0	40	0	92	58	0	8
0	40	0	93	58	0	0
0	40	0	94	58	0	9
0	40	0	91	57	0	1
0	40	0	96	55	0	5
0	40	0	96	54	0	0
0	40	0	93	53	0	3
0	40	0	98	52	0	5
0	40	0	93	51	0	0
0	41	0	95	72	0	2
0	41	0	97	72	0	11
0	41	0	98	72	0	5
0	41	0	99	72	0	1
0	41	0	90	71	0	5
0	41	0	91	71	0	0
0	41	0	92	71	0	7
0	41	0	93	71	0	4
0	41	0	94	71	0	2
0	41	0	95	71	0	1
0	41	0	96	71	0	6
0	41	0	97	71	0	0
0	41	0	98	71	0	1
0	41	0	99	71	0	6
0	41	0	101	71	0	0
0	41	0	89	70	0	9
0	41	0	90	70	0	6
0	41	0	91	70	0	1
0	41	0	92	70	0	8
0	41	0	93	70	0	9
0	41	0	94	70	0	4
0	41	0	95	70	0	9
0	41	0	96	70	0	9
0	41	0	97	70	0	3
0	41	0	99	70	0	4
0	41	0	101	70	0	9
0	41	0	87	69	0	1
0	41	0	88	69	0	11
0	41	0	89	69	0	7
0	41	0	90	69	0	13
0	41	0	91	69	0	1
0	41	0	92	69	0	9
0	41	0	93	69	0	5
0	41	0	94	69	0	1
0	41	0	95	69	0	9
0	41	0	96	69	0	10
0	41	0	97	69	0	4
0	41	0	98	69	0	2
0	41	0	99	69	0	8
0	41	0	100	69	0	5
0	41	0	101	69	0	17
0	41	0	86	68	0	9
0	41	0	87	68	0	0
0	41	0	88	68	0	11
0	41	0	89	68	0	0
0	41	0	90	68	0	13
0	41	0	91	68	0	10
0	41	0	92	68	0	5
0	41	0	93	68	0	9
0	41	0	94	68	0	11
0	41	0	95	68	0	6
0	41	0	96	68	0	5
0	41	0	97	68	0	9
0	41	0	98	68	0	6
0	41	0	99	68	0	10
0	41	0	100	68	0	2
0	41	0	101	68	0	1
0	41	0	102	68	0	5
0	41	0	86	67	0	16
0	41	0	87	67	0	7
0	41	0	88	67	0	7
0	41	0	89	67	0	9
0	41	0	90	67	0	0
0	41	0	91	67	0	8
0	41	0	92	67	0	10
0	41	0	93	67	0	7
0	41	0	94	67	0	11
0	41	0	95	67	0	3
0	41	0	96	67	0	5
0	41	0	97	67	0	9
0	41	0	98	67	0	6
0	41	0	99	67	0	0
0	41	0	100	67	0	2
0	41	0	101	67	0	0
0	41	0	102	67	0	2
0	41	0	87	66	0	6
0	41	0	88	66	0	6
0	41	0	89	66	0	6
0	41	0	90	66	0	1
0	41	0	91	66	0	3
0	41	0	92	66	0	10
0	41	0	93	66	0	5
0	41	0	94	66	0	12
0	41	0	95	66	0	17
0	41	0	96	66	0	15
0	41	0	97	66	0	7
0	41	0	98	66	0	9
0	41	0	99	66	0	9
0	41	0	100	66	0	13
0	41	0	101	66	0	4
0	41	0	87	65	0	6
0	41	0	88	65	0	16
0	41	0	89	65	0	5
0	41	0	90	65	0	11
0	41	0	91	65	0	1
0	41	0	92	65	0	9
0	41	0	93	65	0	0
0	41	0	94	65	0	2
0	41	0	95	65	0	9
0	41	0	96	65	0	6
0	41	0	98	65	0	5
0	41	0	99	65	0	9
0	41	0	100	65	0	10
0	41	0	101	65	0	6
0	41	0	102	65	0	6
0	41	0	103	65	0	1
0	41	0	87	64	0	1
0	41	0	88	64	0	1
0	41	0	89	64	0	0
0	41	0	90	64	0	11
0	41	0	91	64	0	14
0	41	0	92	64	0	8
0	41	0	93	64	0	9
0	41	0	94	64	0	11
0	41	0	95	64	0	0
0	41	0	96	64	0	3
0	41	0	97	64	0	1
0	41	0	98	64	0	3
0	41	0	99	64	0	5
0	41	0	100	64	0	3
0	41	0	101	64	0	10
0	41	0	102	64	0	6
0	41	0	103	64	0	2
0	41	0	88	63	0	8
0	41	0	89	63	0	5
0	41	0	90	63	0	7
0	41	0	91	63	0	0
0	41	0	93	63	0	2
0	41	0	96	63	0	0
0	41	0	97	63	0	0
0	41	0	99	63	0	7
0	41	0	100	63	0	1
0	41	0	101	63	0	0
0	41	0	102	63	0	0
0	41	0	103	63	0	9
0	41	0	90	62	0	2
0	41	0	91	62	0	9
0	41	0	92	62	0	0
0	41	0	94	62	0	2
0	41	0	98	62	0	0
0	41	0	99	62	0	1
0	41	0	87	61	0	3
0	41	0	90	61	0	7
0	41	0	91	61	0	2
0	41	0	92	61	0	3
0	41	0	93	61	0	6
0	41	0	94	61	0	5
0	41	0	95	61	0	0
0	41	0	96	61	0	8
0	41	0	97	61	0	0
0	41	0	98	61	0	6
0	41	0	88	60	0	0
0	41	0	91	60	0	0
0	41	0	92	60	0	6
0	41	0	93	60	0	2
0	41	0	94	60	0	5
0	41	0	95	60	0	4
0	41	0	89	59	0	0
0	41	0	90	59	0	1
0	41	0	91	59	0	3
0	41	0	92	59	0	7
0	41	0	93	59	0	1
0	41	0	94	59	0	0
0	41	0	95	59	0	1
0	41	0	91	58	0	3
0	41	0	92	58	0	5
0	41	0	93	58	0	1
0	41	0	94	58	0	9
0	41	0	91	57	0	2
0	41	0	96	55	0	6
0	41	0	96	54	0	0
0	41	0	93	53	0	6
0	41	0	98	52	0	6
0	41	0	93	51	0	0
0	42	0	95	72	0	4
0	42	0	97	72	0	8
0	42	0	98	72	0	5
0	42	0	99	72	0	4
0	42	0	90	71	0	10
0	42	0	91	71	0	1
0	42	0	92	71	0	6
0	42	0	93	71	0	8
0	42	0	94	71	0	1
0	42	0	95	71	0	1
0	42	0	96	71	0	12
0	42	0	97	71	0	0
0	42	0	98	71	0	2
0	42	0	99	71	0	4
0	42	0	101	71	0	0
0	42	0	102	71	0	2
0	42	0	89	70	0	8
0	42	0	90	70	0	5
0	42	0	91	70	0	1
0	42	0	92	70	0	9
0	42	0	93	70	0	9
0	42	0	94	70	0	9
0	42	0	95	70	0	6
0	42	0	96	70	0	11
0	42	0	97	70	0	3
0	42	0	98	70	0	1
0	42	0	99	70	0	5
0	42	0	101	70	0	12
0	42	0	87	69	0	2
0	42	0	88	69	0	10
0	42	0	89	69	0	8
0	42	0	90	69	0	6
0	42	0	91	69	0	2
0	42	0	92	69	0	8
0	42	0	93	69	0	3
0	42	0	94	69	0	4
0	42	0	95	69	0	8
0	42	0	96	69	0	11
0	42	0	97	69	0	4
0	42	0	98	69	0	2
0	42	0	99	69	0	7
0	42	0	100	69	0	4
0	42	0	101	69	0	9
0	42	0	86	68	0	12
0	42	0	87	68	0	0
0	42	0	88	68	0	15
0	42	0	89	68	0	0
0	42	0	90	68	0	12
0	42	0	91	68	0	10
0	42	0	92	68	0	6
0	42	0	93	68	0	9
0	42	0	94	68	0	12
0	42	0	95	68	0	9
0	42	0	96	68	0	8
0	42	0	97	68	0	7
0	42	0	98	68	0	7
0	42	0	99	68	0	9
0	42	0	100	68	0	3
0	42	0	101	68	0	2
0	42	0	102	68	0	6
0	42	0	86	67	0	9
0	42	0	87	67	0	15
0	42	0	88	67	0	3
0	42	0	89	67	0	6
0	42	0	90	67	0	1
0	42	0	91	67	0	8
0	42	0	92	67	0	8
0	42	0	93	67	0	2
0	42	0	94	67	0	13
0	42	0	95	67	0	3
0	42	0	96	67	0	8
0	42	0	97	67	0	3
0	42	0	98	67	0	8
0	42	0	99	67	0	0
0	42	0	100	67	0	1
0	42	0	101	67	0	0
0	42	0	102	67	0	0
0	42	0	87	66	0	10
0	42	0	88	66	0	4
0	42	0	89	66	0	8
0	42	0	90	66	0	1
0	42	0	91	66	0	4
0	42	0	92	66	0	5
0	42	0	93	66	0	9
0	42	0	94	66	0	19
0	42	0	95	66	0	15
0	42	0	96	66	0	6
0	42	0	97	66	0	6
0	42	0	98	66	0	10
0	42	0	99	66	0	10
0	42	0	100	66	0	6
0	42	0	101	66	0	7
0	42	0	102	66	0	1
0	42	0	87	65	0	8
0	42	0	88	65	0	15
0	42	0	89	65	0	6
0	42	0	90	65	0	9
0	42	0	91	65	0	1
0	42	0	92	65	0	10
0	42	0	93	65	0	1
0	42	0	94	65	0	2
0	42	0	95	65	0	10
0	42	0	96	65	0	4
0	42	0	98	65	0	5
0	42	0	99	65	0	5
0	42	0	100	65	0	7
0	42	0	101	65	0	6
0	42	0	102	65	0	7
0	42	0	103	65	0	1
0	42	0	87	64	0	0
0	42	0	88	64	0	1
0	42	0	89	64	0	1
0	42	0	90	64	0	9
0	42	0	91	64	0	12
0	42	0	92	64	0	8
0	42	0	93	64	0	9
0	42	0	94	64	0	10
0	42	0	95	64	0	0
0	42	0	96	64	0	1
0	42	0	97	64	0	3
0	42	0	98	64	0	7
0	42	0	99	64	0	9
0	42	0	100	64	0	2
0	42	0	101	64	0	9
0	42	0	102	64	0	6
0	42	0	103	64	0	1
0	42	0	88	63	0	8
0	42	0	89	63	0	10
0	42	0	90	63	0	9
0	42	0	91	63	0	1
0	42	0	93	63	0	0
0	42	0	96	63	0	0
0	42	0	97	63	0	0
0	42	0	99	63	0	9
0	42	0	100	63	0	1
0	42	0	101	63	0	0
0	42	0	102	63	0	0
0	42	0	103	63	0	8
0	42	0	90	62	0	1
0	42	0	91	62	0	11
0	42	0	92	62	0	0
0	42	0	94	62	0	4
0	42	0	95	62	0	1
0	42	0	98	62	0	1
0	42	0	99	62	0	0
0	42	0	87	61	0	4
0	42	0	90	61	0	9
0	42	0	91	61	0	4
0	42	0	92	61	0	3
0	42	0	93	61	0	7
0	42	0	94	61	0	1
0	42	0	95	61	0	0
0	42	0	96	61	0	9
0	42	0	97	61	0	0
0	42	0	98	61	0	7
0	42	0	88	60	0	0
0	42	0	91	60	0	0
0	42	0	92	60	0	6
0	42	0	93	60	0	2
0	42	0	94	60	0	6
0	42	0	95	60	0	4
0	42	0	89	59	0	1
0	42	0	90	59	0	3
0	42	0	91	59	0	4
0	42	0	92	59	0	4
0	42	0	93	59	0	3
0	42	0	94	59	0	0
0	42	0	95	59	0	2
0	42	0	91	58	0	3
0	42	0	92	58	0	1
0	42	0	93	58	0	2
0	42	0	94	58	0	4
0	42	0	91	57	0	2
0	42	0	96	55	0	5
0	42	0	96	54	0	0
0	42	0	93	53	0	8
0	42	0	100	53	0	1
0	42	0	98	52	0	5
0	42	0	93	51	0	0
0	43	0	95	73	0	1
0	43	0	95	72	0	7
0	43	0	96	72	0	1
0	43	0	97	72	0	11
0	43	0	98	72	0	6
0	43	0	99	72	0	6
0	43	0	90	71	0	17
0	43	0	91	71	0	2
0	43	0	92	71	0	6
0	43	0	93	71	0	6
0	43	0	94	71	0	2
0	43	0	95	71	0	1
0	43	0	96	71	0	8
0	43	0	97	71	0	0
0	43	0	98	71	0	2
0	43	0	99	71	0	3
0	43	0	100	71	0	1
0	43	0	101	71	0	1
0	43	0	102	71	0	4
0	43	0	89	70	0	11
0	43	0	90	70	0	8
0	43	0	91	70	0	0
0	43	0	92	70	0	7
0	43	0	93	70	0	7
0	43	0	94	70	0	11
0	43	0	95	70	0	7
0	43	0	96	70	0	6
0	43	0	97	70	0	3
0	43	0	98	70	0	0
0	43	0	99	70	0	5
0	43	0	101	70	0	9
0	43	0	102	70	0	1
0	43	0	87	69	0	3
0	43	0	88	69	0	9
0	43	0	89	69	0	5
0	43	0	90	69	0	3
0	43	0	91	69	0	2
0	43	0	92	69	0	11
0	43	0	93	69	0	6
0	43	0	94	69	0	8
0	43	0	95	69	0	7
0	43	0	96	69	0	11
0	43	0	97	69	0	4
0	43	0	98	69	0	4
0	43	0	99	69	0	2
0	43	0	100	69	0	4
0	43	0	101	69	0	6
0	43	0	86	68	0	13
0	43	0	87	68	0	0
0	43	0	88	68	0	16
0	43	0	89	68	0	0
0	43	0	90	68	0	10
0	43	0	91	68	0	15
0	43	0	92	68	0	10
0	43	0	93	68	0	7
0	43	0	94	68	0	10
0	43	0	95	68	0	11
0	43	0	96	68	0	9
0	43	0	97	68	0	13
0	43	0	98	68	0	6
0	43	0	99	68	0	7
0	43	0	100	68	0	4
0	43	0	101	68	0	2
0	43	0	102	68	0	8
0	43	0	86	67	0	3
0	43	0	87	67	0	13
0	43	0	88	67	0	4
0	43	0	89	67	0	6
0	43	0	90	67	0	0
0	43	0	91	67	0	10
0	43	0	92	67	0	9
0	43	0	93	67	0	1
0	43	0	94	67	0	20
0	43	0	95	67	0	4
0	43	0	96	67	0	8
0	43	0	97	67	0	4
0	43	0	98	67	0	5
0	43	0	99	67	0	0
0	43	0	100	67	0	1
0	43	0	101	67	0	0
0	43	0	102	67	0	1
0	43	0	87	66	0	12
0	43	0	88	66	0	3
0	43	0	89	66	0	4
0	43	0	90	66	0	2
0	43	0	91	66	0	4
0	43	0	92	66	0	4
0	43	0	93	66	0	8
0	43	0	94	66	0	27
0	43	0	95	66	0	13
0	43	0	96	66	0	8
0	43	0	97	66	0	6
0	43	0	98	66	0	13
0	43	0	99	66	0	8
0	43	0	100	66	0	10
0	43	0	101	66	0	7
0	43	0	102	66	0	0
0	43	0	87	65	0	5
0	43	0	88	65	0	9
0	43	0	89	65	0	6
0	43	0	90	65	0	12
0	43	0	91	65	0	1
0	43	0	92	65	0	12
0	43	0	93	65	0	1
0	43	0	94	65	0	1
0	43	0	95	65	0	6
0	43	0	96	65	0	9
0	43	0	97	65	0	2
0	43	0	98	65	0	4
0	43	0	99	65	0	6
0	43	0	100	65	0	9
0	43	0	101	65	0	7
0	43	0	102	65	0	11
0	43	0	103	65	0	1
0	43	0	87	64	0	0
0	43	0	88	64	0	2
0	43	0	89	64	0	1
0	43	0	90	64	0	6
0	43	0	91	64	0	8
0	43	0	92	64	0	7
0	43	0	93	64	0	7
0	43	0	94	64	0	8
0	43	0	95	64	0	1
0	43	0	96	64	0	0
0	43	0	97	64	0	4
0	43	0	98	64	0	6
0	43	0	99	64	0	5
0	43	0	100	64	0	9
0	43	0	101	64	0	4
0	43	0	102	64	0	5
0	43	0	103	64	0	0
0	43	0	86	63	0	1
0	43	0	87	63	0	1
0	43	0	88	63	0	4
0	43	0	89	63	0	10
0	43	0	90	63	0	6
0	43	0	91	63	0	4
0	43	0	92	63	0	1
0	43	0	93	63	0	0
0	43	0	96	63	0	0
0	43	0	97	63	0	0
0	43	0	99	63	0	9
0	43	0	100	63	0	0
0	43	0	101	63	0	0
0	43	0	102	63	0	0
0	43	0	103	63	0	4
0	43	0	90	62	0	1
0	43	0	91	62	0	17
0	43	0	92	62	0	0
0	43	0	94	62	0	8
0	43	0	95	62	0	1
0	43	0	96	62	0	1
0	43	0	98	62	0	0
0	43	0	99	62	0	1
0	43	0	87	61	0	6
0	43	0	90	61	0	9
0	43	0	91	61	0	4
0	43	0	92	61	0	6
0	43	0	93	61	0	5
0	43	0	94	61	0	0
0	43	0	95	61	0	2
0	43	0	96	61	0	13
0	43	0	97	61	0	0
0	43	0	98	61	0	5
0	43	0	88	60	0	1
0	43	0	90	60	0	1
0	43	0	91	60	0	0
0	43	0	92	60	0	7
0	43	0	93	60	0	2
0	43	0	94	60	0	5
0	43	0	95	60	0	6
0	43	0	89	59	0	0
0	43	0	90	59	0	4
0	43	0	91	59	0	5
0	43	0	92	59	0	5
0	43	0	93	59	0	3
0	43	0	94	59	0	0
0	43	0	95	59	0	2
0	43	0	91	58	0	2
0	43	0	92	58	0	0
0	43	0	93	58	0	4
0	43	0	94	58	0	4
0	43	0	91	57	0	3
0	43	0	96	55	0	4
0	43	0	95	54	0	1
0	43	0	96	54	0	1
0	43	0	93	53	0	7
0	43	0	100	53	0	0
0	43	0	97	52	0	1
0	43	0	98	52	0	5
0	43	0	93	51	0	0
0	43	0	96	48	0	1
0	44	0	95	73	0	1
0	44	0	95	72	0	6
0	44	0	96	72	0	2
0	44	0	97	72	0	3
0	44	0	98	72	0	4
0	44	0	99	72	0	5
0	44	0	90	71	0	7
0	44	0	91	71	0	3
0	44	0	92	71	0	7
0	44	0	93	71	0	8
0	44	0	94	71	0	2
0	44	0	95	71	0	2
0	44	0	96	71	0	4
0	44	0	97	71	0	0
0	44	0	98	71	0	4
0	44	0	99	71	0	3
0	44	0	100	71	0	3
0	44	0	101	71	0	0
0	44	0	102	71	0	2
0	44	0	89	70	0	9
0	44	0	90	70	0	6
0	44	0	91	70	0	1
0	44	0	92	70	0	12
0	44	0	93	70	0	7
0	44	0	94	70	0	10
0	44	0	95	70	0	8
0	44	0	96	70	0	10
0	44	0	97	70	0	2
0	44	0	98	70	0	0
0	44	0	99	70	0	9
0	44	0	101	70	0	5
0	44	0	102	70	0	1
0	44	0	87	69	0	7
0	44	0	88	69	0	14
0	44	0	89	69	0	6
0	44	0	90	69	0	5
0	44	0	91	69	0	2
0	44	0	92	69	0	3
0	44	0	93	69	0	10
0	44	0	94	69	0	5
0	44	0	95	69	0	7
0	44	0	96	69	0	9
0	44	0	97	69	0	8
0	44	0	98	69	0	7
0	44	0	99	69	0	1
0	44	0	100	69	0	5
0	44	0	101	69	0	6
0	44	0	86	68	0	11
0	44	0	87	68	0	0
0	44	0	88	68	0	5
0	44	0	89	68	0	2
0	44	0	90	68	0	8
0	44	0	91	68	0	13
0	44	0	92	68	0	13
0	44	0	93	68	0	9
0	44	0	94	68	0	8
0	44	0	95	68	0	14
0	44	0	96	68	0	9
0	44	0	97	68	0	16
0	44	0	98	68	0	8
0	44	0	99	68	0	9
0	44	0	100	68	0	3
0	44	0	101	68	0	4
0	44	0	102	68	0	8
0	44	0	86	67	0	8
0	44	0	87	67	0	15
0	44	0	88	67	0	6
0	44	0	89	67	0	5
0	44	0	90	67	0	0
0	44	0	91	67	0	6
0	44	0	92	67	0	9
0	44	0	93	67	0	3
0	44	0	94	67	0	8
0	44	0	95	67	0	2
0	44	0	96	67	0	7
0	44	0	97	67	0	6
0	44	0	98	67	0	3
0	44	0	99	67	0	0
0	44	0	100	67	0	1
0	44	0	101	67	0	1
0	44	0	102	67	0	3
0	44	0	87	66	0	11
0	44	0	88	66	0	7
0	44	0	89	66	0	2
0	44	0	90	66	0	2
0	44	0	91	66	0	5
0	44	0	92	66	0	6
0	44	0	93	66	0	5
0	44	0	94	66	0	9
0	44	0	95	66	0	11
0	44	0	96	66	0	7
0	44	0	97	66	0	6
0	44	0	98	66	0	14
0	44	0	99	66	0	10
0	44	0	100	66	0	10
0	44	0	101	66	0	9
0	44	0	102	66	0	0
0	44	0	87	65	0	4
0	44	0	88	65	0	8
0	44	0	89	65	0	14
0	44	0	90	65	0	14
0	44	0	91	65	0	4
0	44	0	92	65	0	12
0	44	0	93	65	0	4
0	44	0	94	65	0	3
0	44	0	95	65	0	5
0	44	0	96	65	0	7
0	44	0	97	65	0	4
0	44	0	98	65	0	9
0	44	0	99	65	0	7
0	44	0	100	65	0	5
0	44	0	101	65	0	7
0	44	0	102	65	0	6
0	44	0	103	65	0	2
0	44	0	87	64	0	0
0	44	0	88	64	0	7
0	44	0	89	64	0	2
0	44	0	90	64	0	6
0	44	0	91	64	0	6
0	44	0	92	64	0	5
0	44	0	93	64	0	6
0	44	0	94	64	0	12
0	44	0	95	64	0	4
0	44	0	96	64	0	1
0	44	0	97	64	0	3
0	44	0	98	64	0	3
0	44	0	99	64	0	10
0	44	0	100	64	0	16
0	44	0	101	64	0	4
0	44	0	102	64	0	5
0	44	0	103	64	0	0
0	44	0	86	63	0	1
0	44	0	87	63	0	0
0	44	0	88	63	0	4
0	44	0	89	63	0	11
0	44	0	90	63	0	8
0	44	0	91	63	0	4
0	44	0	92	63	0	1
0	44	0	93	63	0	0
0	44	0	95	63	0	1
0	44	0	96	63	0	2
0	44	0	97	63	0	0
0	44	0	98	63	0	1
0	44	0	99	63	0	6
0	44	0	100	63	0	1
0	44	0	101	63	0	0
0	44	0	102	63	0	0
0	44	0	103	63	0	4
0	44	0	90	62	0	7
0	44	0	91	62	0	16
0	44	0	92	62	0	3
0	44	0	93	62	0	1
0	44	0	94	62	0	12
0	44	0	95	62	0	4
0	44	0	96	62	0	3
0	44	0	98	62	0	0
0	44	0	99	62	0	1
0	44	0	87	61	0	5
0	44	0	88	61	0	1
0	44	0	89	61	0	1
0	44	0	90	61	0	8
0	44	0	91	61	0	3
0	44	0	92	61	0	4
0	44	0	93	61	0	4
0	44	0	94	61	0	0
0	44	0	95	61	0	2
0	44	0	96	61	0	4
0	44	0	97	61	0	0
0	44	0	98	61	0	6
0	44	0	99	61	0	1
0	44	0	88	60	0	3
0	44	0	90	60	0	3
0	44	0	91	60	0	0
0	44	0	92	60	0	8
0	44	0	93	60	0	4
0	44	0	94	60	0	7
0	44	0	95	60	0	4
0	44	0	96	60	0	1
0	44	0	88	59	0	1
0	44	0	89	59	0	0
0	44	0	90	59	0	2
0	44	0	91	59	0	5
0	44	0	92	59	0	8
0	44	0	93	59	0	4
0	44	0	94	59	0	1
0	44	0	95	59	0	3
0	44	0	90	58	0	1
0	44	0	91	58	0	2
0	44	0	92	58	0	0
0	44	0	93	58	0	2
0	44	0	94	58	0	3
0	44	0	91	57	0	2
0	44	0	96	55	0	4
0	44	0	95	54	0	1
0	44	0	96	54	0	1
0	44	0	93	53	0	7
0	44	0	100	53	0	0
0	44	0	97	52	0	1
0	44	0	98	52	0	3
0	44	0	93	51	0	0
0	44	0	96	48	0	1
0	45	0	95	73	0	2
0	45	0	95	72	0	7
0	45	0	96	72	0	4
0	45	0	97	72	0	4
0	45	0	98	72	0	6
0	45	0	99	72	0	3
0	45	0	90	71	0	10
0	45	0	91	71	0	6
0	45	0	92	71	0	10
0	45	0	93	71	0	9
0	45	0	94	71	0	5
0	45	0	95	71	0	1
0	45	0	96	71	0	4
0	45	0	97	71	0	0
0	45	0	98	71	0	5
0	45	0	99	71	0	6
0	45	0	100	71	0	2
0	45	0	101	71	0	0
0	45	0	102	71	0	4
0	45	0	89	70	0	9
0	45	0	90	70	0	4
0	45	0	91	70	0	3
0	45	0	92	70	0	13
0	45	0	93	70	0	6
0	45	0	94	70	0	14
0	45	0	95	70	0	10
0	45	0	96	70	0	10
0	45	0	97	70	0	4
0	45	0	98	70	0	1
0	45	0	99	70	0	6
0	45	0	100	70	0	2
0	45	0	101	70	0	1
0	45	0	102	70	0	0
0	45	0	87	69	0	5
0	45	0	88	69	0	16
0	45	0	89	69	0	11
0	45	0	90	69	0	7
0	45	0	91	69	0	4
0	45	0	92	69	0	4
0	45	0	93	69	0	10
0	45	0	94	69	0	5
0	45	0	95	69	0	5
0	45	0	96	69	0	12
0	45	0	97	69	0	10
0	45	0	98	69	0	5
0	45	0	99	69	0	2
0	45	0	100	69	0	8
0	45	0	101	69	0	8
0	45	0	86	68	0	8
0	45	0	87	68	0	1
0	45	0	88	68	0	9
0	45	0	89	68	0	4
0	45	0	90	68	0	11
0	45	0	91	68	0	10
0	45	0	92	68	0	16
0	45	0	93	68	0	13
0	45	0	94	68	0	8
0	45	0	95	68	0	10
0	45	0	96	68	0	13
0	45	0	97	68	0	21
0	45	0	98	68	0	13
0	45	0	99	68	0	9
0	45	0	100	68	0	4
0	45	0	101	68	0	3
0	45	0	102	68	0	6
0	45	0	86	67	0	5
0	45	0	87	67	0	13
0	45	0	88	67	0	5
0	45	0	89	67	0	6
0	45	0	90	67	0	1
0	45	0	91	67	0	10
0	45	0	92	67	0	12
0	45	0	93	67	0	0
0	45	0	94	67	0	6
0	45	0	95	67	0	7
0	45	0	96	67	0	8
0	45	0	97	67	0	11
0	45	0	98	67	0	8
0	45	0	99	67	0	1
0	45	0	100	67	0	0
0	45	0	101	67	0	1
0	45	0	102	67	0	3
0	45	0	87	66	0	8
0	45	0	88	66	0	9
0	45	0	89	66	0	1
0	45	0	90	66	0	2
0	45	0	91	66	0	4
0	45	0	92	66	0	7
0	45	0	93	66	0	14
0	45	0	94	66	0	8
0	45	0	95	66	0	13
0	45	0	96	66	0	11
0	45	0	97	66	0	6
0	45	0	98	66	0	9
0	45	0	99	66	0	10
0	45	0	100	66	0	12
0	45	0	101	66	0	9
0	45	0	102	66	0	1
0	45	0	87	65	0	7
0	45	0	88	65	0	4
0	45	0	89	65	0	17
0	45	0	90	65	0	20
0	45	0	91	65	0	7
0	45	0	92	65	0	6
0	45	0	93	65	0	5
0	45	0	94	65	0	6
0	45	0	95	65	0	3
0	45	0	96	65	0	13
0	45	0	97	65	0	4
0	45	0	98	65	0	3
0	45	0	99	65	0	7
0	45	0	100	65	0	7
0	45	0	101	65	0	15
0	45	0	102	65	0	6
0	45	0	103	65	0	3
0	45	0	87	64	0	0
0	45	0	88	64	0	8
0	45	0	89	64	0	1
0	45	0	90	64	0	8
0	45	0	91	64	0	7
0	45	0	92	64	0	3
0	45	0	93	64	0	10
0	45	0	94	64	0	9
0	45	0	95	64	0	5
0	45	0	96	64	0	1
0	45	0	97	64	0	3
0	45	0	98	64	0	3
0	45	0	99	64	0	12
0	45	0	100	64	0	4
0	45	0	101	64	0	8
0	45	0	102	64	0	8
0	45	0	103	64	0	0
0	45	0	86	63	0	2
0	45	0	87	63	0	0
0	45	0	88	63	0	4
0	45	0	89	63	0	12
0	45	0	90	63	0	13
0	45	0	91	63	0	4
0	45	0	92	63	0	0
0	45	0	93	63	0	0
0	45	0	95	63	0	4
0	45	0	96	63	0	5
0	45	0	97	63	0	1
0	45	0	98	63	0	3
0	45	0	99	63	0	8
0	45	0	100	63	0	1
0	45	0	101	63	0	0
0	45	0	102	63	0	1
0	45	0	103	63	0	4
0	45	0	90	62	0	6
0	45	0	91	62	0	7
0	45	0	92	62	0	5
0	45	0	93	62	0	3
0	45	0	94	62	0	4
0	45	0	95	62	0	4
0	45	0	96	62	0	3
0	45	0	98	62	0	0
0	45	0	99	62	0	1
0	45	0	102	62	0	1
0	45	0	87	61	0	7
0	45	0	88	61	0	1
0	45	0	89	61	0	1
0	45	0	90	61	0	9
0	45	0	91	61	0	3
0	45	0	92	61	0	4
0	45	0	93	61	0	6
0	45	0	94	61	0	0
0	45	0	95	61	0	5
0	45	0	96	61	0	8
0	45	0	97	61	0	0
0	45	0	98	61	0	5
0	45	0	99	61	0	2
0	45	0	88	60	0	6
0	45	0	90	60	0	4
0	45	0	91	60	0	0
0	45	0	92	60	0	1
0	45	0	93	60	0	4
0	45	0	94	60	0	5
0	45	0	95	60	0	8
0	45	0	96	60	0	1
0	45	0	88	59	0	1
0	45	0	89	59	0	0
0	45	0	90	59	0	2
0	45	0	91	59	0	2
0	45	0	92	59	0	10
0	45	0	93	59	0	4
0	45	0	94	59	0	2
0	45	0	95	59	0	2
0	45	0	90	58	0	1
0	45	0	91	58	0	4
0	45	0	92	58	0	0
0	45	0	93	58	0	4
0	45	0	94	58	0	1
0	45	0	91	57	0	3
0	45	0	93	57	0	1
0	45	0	96	55	0	8
0	45	0	95	54	0	2
0	45	0	96	54	0	0
0	45	0	93	53	0	8
0	45	0	94	53	0	1
0	45	0	100	53	0	0
0	45	0	97	52	0	0
0	45	0	98	52	0	4
0	45	0	99	52	0	1
0	45	0	93	51	0	0
0	45	0	96	48	0	4
0	46	0	95	73	0	1
0	46	0	95	72	0	12
0	46	0	96	72	0	4
0	46	0	97	72	0	6
0	46	0	98	72	0	12
0	46	0	99	72	0	6
0	46	0	90	71	0	8
0	46	0	91	71	0	5
0	46	0	92	71	0	13
0	46	0	93	71	0	8
0	46	0	94	71	0	5
0	46	0	95	71	0	2
0	46	0	96	71	0	6
0	46	0	97	71	0	0
0	46	0	98	71	0	9
0	46	0	99	71	0	7
0	46	0	100	71	0	1
0	46	0	101	71	0	0
0	46	0	102	71	0	1
0	46	0	89	70	0	3
0	46	0	90	70	0	5
0	46	0	91	70	0	1
0	46	0	92	70	0	9
0	46	0	93	70	0	4
0	46	0	94	70	0	9
0	46	0	95	70	0	13
0	46	0	96	70	0	9
0	46	0	97	70	0	1
0	46	0	98	70	0	2
0	46	0	99	70	0	7
0	46	0	100	70	0	6
0	46	0	101	70	0	2
0	46	0	102	70	0	0
0	46	0	87	69	0	5
0	46	0	88	69	0	17
0	46	0	89	69	0	5
0	46	0	90	69	0	14
0	46	0	91	69	0	9
0	46	0	92	69	0	4
0	46	0	93	69	0	10
0	46	0	94	69	0	2
0	46	0	95	69	0	7
0	46	0	96	69	0	17
0	46	0	97	69	0	8
0	46	0	98	69	0	4
0	46	0	99	69	0	1
0	46	0	100	69	0	7
0	46	0	101	69	0	6
0	46	0	86	68	0	5
0	46	0	87	68	0	3
0	46	0	88	68	0	9
0	46	0	89	68	0	3
0	46	0	90	68	0	9
0	46	0	91	68	0	8
0	46	0	92	68	0	14
0	46	0	93	68	0	10
0	46	0	94	68	0	7
0	46	0	95	68	0	5
0	46	0	96	68	0	7
0	46	0	97	68	0	11
0	46	0	98	68	0	13
0	46	0	99	68	0	7
0	46	0	100	68	0	2
0	46	0	101	68	0	6
0	46	0	102	68	0	6
0	46	0	86	67	0	4
0	46	0	87	67	0	14
0	46	0	88	67	0	4
0	46	0	89	67	0	8
0	46	0	90	67	0	0
0	46	0	91	67	0	10
0	46	0	92	67	0	7
0	46	0	93	67	0	1
0	46	0	94	67	0	6
0	46	0	95	67	0	12
0	46	0	96	67	0	21
0	46	0	97	67	0	13
0	46	0	98	67	0	7
0	46	0	99	67	0	1
0	46	0	100	67	0	1
0	46	0	101	67	0	2
0	46	0	102	67	0	3
0	46	0	87	66	0	4
0	46	0	88	66	0	13
0	46	0	89	66	0	6
0	46	0	90	66	0	5
0	46	0	91	66	0	8
0	46	0	92	66	0	12
0	46	0	93	66	0	14
0	46	0	94	66	0	8
0	46	0	95	66	0	15
0	46	0	96	66	0	11
0	46	0	97	66	0	7
0	46	0	98	66	0	9
0	46	0	99	66	0	8
0	46	0	100	66	0	10
0	46	0	101	66	0	10
0	46	0	102	66	0	1
0	46	0	87	65	0	9
0	46	0	88	65	0	11
0	46	0	89	65	0	12
0	46	0	90	65	0	12
0	46	0	91	65	0	4
0	46	0	92	65	0	6
0	46	0	93	65	0	2
0	46	0	94	65	0	7
0	46	0	95	65	0	1
0	46	0	96	65	0	9
0	46	0	97	65	0	1
0	46	0	98	65	0	6
0	46	0	99	65	0	7
0	46	0	100	65	0	5
0	46	0	101	65	0	16
0	46	0	102	65	0	4
0	46	0	103	65	0	4
0	46	0	87	64	0	0
0	46	0	88	64	0	6
0	46	0	89	64	0	3
0	46	0	90	64	0	11
0	46	0	91	64	0	5
0	46	0	92	64	0	4
0	46	0	93	64	0	7
0	46	0	94	64	0	6
0	46	0	95	64	0	2
0	46	0	96	64	0	2
0	46	0	97	64	0	7
0	46	0	98	64	0	9
0	46	0	99	64	0	12
0	46	0	100	64	0	7
0	46	0	101	64	0	3
0	46	0	102	64	0	7
0	46	0	103	64	0	0
0	46	0	86	63	0	2
0	46	0	87	63	0	0
0	46	0	88	63	0	6
0	46	0	89	63	0	13
0	46	0	90	63	0	9
0	46	0	91	63	0	6
0	46	0	92	63	0	0
0	46	0	93	63	0	1
0	46	0	94	63	0	1
0	46	0	95	63	0	5
0	46	0	96	63	0	8
0	46	0	97	63	0	1
0	46	0	98	63	0	6
0	46	0	99	63	0	12
0	46	0	100	63	0	1
0	46	0	101	63	0	1
0	46	0	102	63	0	5
0	46	0	103	63	0	2
0	46	0	87	62	0	1
0	46	0	88	62	0	1
0	46	0	89	62	0	1
0	46	0	90	62	0	5
0	46	0	91	62	0	8
0	46	0	92	62	0	5
0	46	0	93	62	0	3
0	46	0	94	62	0	3
0	46	0	95	62	0	5
0	46	0	96	62	0	6
0	46	0	98	62	0	0
0	46	0	99	62	0	0
0	46	0	102	62	0	1
0	46	0	87	61	0	6
0	46	0	88	61	0	3
0	46	0	89	61	0	2
0	46	0	90	61	0	13
0	46	0	91	61	0	3
0	46	0	92	61	0	4
0	46	0	93	61	0	7
0	46	0	94	61	0	1
0	46	0	95	61	0	3
0	46	0	96	61	0	7
0	46	0	97	61	0	1
0	46	0	98	61	0	9
0	46	0	99	61	0	2
0	46	0	88	60	0	5
0	46	0	90	60	0	5
0	46	0	91	60	0	3
0	46	0	92	60	0	1
0	46	0	93	60	0	2
0	46	0	94	60	0	3
0	46	0	95	60	0	3
0	46	0	96	60	0	2
0	46	0	88	59	0	1
0	46	0	89	59	0	0
0	46	0	90	59	0	2
0	46	0	91	59	0	5
0	46	0	92	59	0	10
0	46	0	93	59	0	0
0	46	0	94	59	0	2
0	46	0	95	59	0	5
0	46	0	90	58	0	3
0	46	0	91	58	0	2
0	46	0	92	58	0	0
0	46	0	93	58	0	1
0	46	0	94	58	0	0
0	46	0	91	57	0	4
0	46	0	93	57	0	0
0	46	0	96	55	0	10
0	46	0	95	54	0	1
0	46	0	96	54	0	0
0	46	0	93	53	0	6
0	46	0	94	53	0	3
0	46	0	100	53	0	0
0	46	0	101	53	0	1
0	46	0	97	52	0	0
0	46	0	98	52	0	6
0	46	0	99	52	0	3
0	46	0	93	51	0	0
0	46	0	96	48	0	2
0	47	0	95	73	0	2
0	47	0	95	72	0	13
0	47	0	96	72	0	3
0	47	0	97	72	0	4
0	47	0	98	72	0	12
0	47	0	99	72	0	4
0	47	0	90	71	0	7
0	47	0	91	71	0	3
0	47	0	92	71	0	13
0	47	0	93	71	0	9
0	47	0	94	71	0	4
0	47	0	95	71	0	2
0	47	0	96	71	0	5
0	47	0	97	71	0	0
0	47	0	98	71	0	10
0	47	0	99	71	0	6
0	47	0	100	71	0	1
0	47	0	101	71	0	0
0	47	0	102	71	0	0
0	47	0	89	70	0	3
0	47	0	90	70	0	6
0	47	0	91	70	0	1
0	47	0	92	70	0	13
0	47	0	93	70	0	8
0	47	0	94	70	0	6
0	47	0	95	70	0	8
0	47	0	96	70	0	9
0	47	0	97	70	0	3
0	47	0	98	70	0	3
0	47	0	99	70	0	10
0	47	0	100	70	0	7
0	47	0	101	70	0	5
0	47	0	102	70	0	0
0	47	0	87	69	0	3
0	47	0	88	69	0	20
0	47	0	89	69	0	6
0	47	0	90	69	0	16
0	47	0	91	69	0	13
0	47	0	92	69	0	4
0	47	0	93	69	0	15
0	47	0	94	69	0	3
0	47	0	95	69	0	7
0	47	0	96	69	0	16
0	47	0	97	69	0	11
0	47	0	98	69	0	2
0	47	0	99	69	0	4
0	47	0	100	69	0	8
0	47	0	101	69	0	7
0	47	0	86	68	0	2
0	47	0	87	68	0	4
0	47	0	88	68	0	4
0	47	0	89	68	0	6
0	47	0	90	68	0	5
0	47	0	91	68	0	12
0	47	0	92	68	0	14
0	47	0	93	68	0	10
0	47	0	94	68	0	8
0	47	0	95	68	0	5
0	47	0	96	68	0	7
0	47	0	97	68	0	14
0	47	0	98	68	0	20
0	47	0	99	68	0	7
0	47	0	100	68	0	6
0	47	0	101	68	0	3
0	47	0	102	68	0	5
0	47	0	86	67	0	6
0	47	0	87	67	0	5
0	47	0	88	67	0	4
0	47	0	89	67	0	10
0	47	0	90	67	0	1
0	47	0	91	67	0	6
0	47	0	92	67	0	11
0	47	0	93	67	0	2
0	47	0	94	67	0	10
0	47	0	95	67	0	11
0	47	0	96	67	0	21
0	47	0	97	67	0	10
0	47	0	98	67	0	5
0	47	0	99	67	0	4
0	47	0	100	67	0	3
0	47	0	101	67	0	0
0	47	0	102	67	0	1
0	47	0	87	66	0	3
0	47	0	88	66	0	12
0	47	0	89	66	0	7
0	47	0	90	66	0	13
0	47	0	91	66	0	8
0	47	0	92	66	0	13
0	47	0	93	66	0	13
0	47	0	94	66	0	5
0	47	0	95	66	0	15
0	47	0	96	66	0	12
0	47	0	97	66	0	11
0	47	0	98	66	0	8
0	47	0	99	66	0	13
0	47	0	100	66	0	9
0	47	0	101	66	0	14
0	47	0	102	66	0	1
0	47	0	87	65	0	7
0	47	0	88	65	0	10
0	47	0	89	65	0	6
0	47	0	90	65	0	6
0	47	0	91	65	0	3
0	47	0	92	65	0	10
0	47	0	93	65	0	3
0	47	0	94	65	0	10
0	47	0	95	65	0	1
0	47	0	96	65	0	12
0	47	0	97	65	0	1
0	47	0	98	65	0	17
0	47	0	99	65	0	5
0	47	0	100	65	0	3
0	47	0	101	65	0	10
0	47	0	102	65	0	5
0	47	0	103	65	0	3
0	47	0	87	64	0	1
0	47	0	88	64	0	3
0	47	0	89	64	0	5
0	47	0	90	64	0	9
0	47	0	91	64	0	3
0	47	0	92	64	0	3
0	47	0	93	64	0	6
0	47	0	94	64	0	5
0	47	0	95	64	0	3
0	47	0	96	64	0	3
0	47	0	97	64	0	6
0	47	0	98	64	0	6
0	47	0	99	64	0	9
0	47	0	100	64	0	5
0	47	0	101	64	0	7
0	47	0	102	64	0	6
0	47	0	103	64	0	0
0	47	0	86	63	0	4
0	47	0	87	63	0	1
0	47	0	88	63	0	8
0	47	0	89	63	0	15
0	47	0	90	63	0	10
0	47	0	91	63	0	5
0	47	0	92	63	0	1
0	47	0	93	63	0	2
0	47	0	94	63	0	2
0	47	0	95	63	0	12
0	47	0	96	63	0	7
0	47	0	97	63	0	0
0	47	0	98	63	0	5
0	47	0	99	63	0	16
0	47	0	100	63	0	0
0	47	0	101	63	0	0
0	47	0	102	63	0	2
0	47	0	103	63	0	1
0	47	0	87	62	0	3
0	47	0	88	62	0	0
0	47	0	89	62	0	1
0	47	0	90	62	0	4
0	47	0	91	62	0	7
0	47	0	92	62	0	5
0	47	0	93	62	0	2
0	47	0	94	62	0	2
0	47	0	95	62	0	8
0	47	0	96	62	0	5
0	47	0	97	62	0	1
0	47	0	98	62	0	1
0	47	0	99	62	0	0
0	47	0	102	62	0	0
0	47	0	87	61	0	5
0	47	0	88	61	0	4
0	47	0	89	61	0	2
0	47	0	90	61	0	12
0	47	0	91	61	0	4
0	47	0	92	61	0	5
0	47	0	93	61	0	4
0	47	0	94	61	0	1
0	47	0	95	61	0	2
0	47	0	96	61	0	3
0	47	0	97	61	0	0
0	47	0	98	61	0	10
0	47	0	99	61	0	1
0	47	0	88	60	0	6
0	47	0	89	60	0	1
0	47	0	90	60	0	4
0	47	0	91	60	0	6
0	47	0	92	60	0	2
0	47	0	93	60	0	0
0	47	0	94	60	0	4
0	47	0	95	60	0	5
0	47	0	96	60	0	1
0	47	0	88	59	0	1
0	47	0	89	59	0	0
0	47	0	90	59	0	2
0	47	0	91	59	0	2
0	47	0	92	59	0	12
0	47	0	93	59	0	0
0	47	0	94	59	0	3
0	47	0	95	59	0	5
0	47	0	90	58	0	4
0	47	0	91	58	0	1
0	47	0	92	58	0	1
0	47	0	93	58	0	2
0	47	0	94	58	0	0
0	47	0	91	57	0	4
0	47	0	93	57	0	0
0	47	0	96	55	0	17
0	47	0	95	54	0	2
0	47	0	96	54	0	0
0	47	0	93	53	0	6
0	47	0	94	53	0	2
0	47	0	100	53	0	0
0	47	0	101	53	0	0
0	47	0	97	52	0	0
0	47	0	98	52	0	11
0	47	0	99	52	0	3
0	47	0	93	51	0	0
0	47	0	96	48	0	5
0	48	0	95	73	0	1
0	48	0	95	72	0	11
0	48	0	96	72	0	5
0	48	0	97	72	0	2
0	48	0	98	72	0	11
0	48	0	99	72	0	1
0	48	0	100	72	0	1
0	48	0	90	71	0	6
0	48	0	91	71	0	6
0	48	0	92	71	0	11
0	48	0	93	71	0	4
0	48	0	94	71	0	6
0	48	0	95	71	0	2
0	48	0	96	71	0	9
0	48	0	97	71	0	1
0	48	0	98	71	0	9
0	48	0	99	71	0	10
0	48	0	100	71	0	1
0	48	0	101	71	0	0
0	48	0	102	71	0	1
0	48	0	89	70	0	1
0	48	0	90	70	0	6
0	48	0	91	70	0	1
0	48	0	92	70	0	18
0	48	0	93	70	0	12
0	48	0	94	70	0	5
0	48	0	95	70	0	12
0	48	0	96	70	0	10
0	48	0	97	70	0	4
0	48	0	98	70	0	1
0	48	0	99	70	0	4
0	48	0	100	70	0	5
0	48	0	101	70	0	2
0	48	0	102	70	0	0
0	48	0	87	69	0	7
0	48	0	88	69	0	17
0	48	0	89	69	0	3
0	48	0	90	69	0	14
0	48	0	91	69	0	10
0	48	0	92	69	0	5
0	48	0	93	69	0	6
0	48	0	94	69	0	6
0	48	0	95	69	0	8
0	48	0	96	69	0	14
0	48	0	97	69	0	9
0	48	0	98	69	0	2
0	48	0	99	69	0	9
0	48	0	100	69	0	11
0	48	0	101	69	0	7
0	48	0	86	68	0	5
0	48	0	87	68	0	6
0	48	0	88	68	0	7
0	48	0	89	68	0	6
0	48	0	90	68	0	4
0	48	0	91	68	0	11
0	48	0	92	68	0	17
0	48	0	93	68	0	15
0	48	0	94	68	0	5
0	48	0	95	68	0	6
0	48	0	96	68	0	8
0	48	0	97	68	0	9
0	48	0	98	68	0	18
0	48	0	99	68	0	4
0	48	0	100	68	0	9
0	48	0	101	68	0	4
0	48	0	102	68	0	7
0	48	0	86	67	0	7
0	48	0	87	67	0	7
0	48	0	88	67	0	5
0	48	0	89	67	0	6
0	48	0	90	67	0	2
0	48	0	91	67	0	5
0	48	0	92	67	0	14
0	48	0	93	67	0	1
0	48	0	94	67	0	5
0	48	0	95	67	0	7
0	48	0	96	67	0	9
0	48	0	97	67	0	12
0	48	0	98	67	0	3
0	48	0	99	67	0	5
0	48	0	100	67	0	3
0	48	0	101	67	0	1
0	48	0	102	67	0	3
0	48	0	87	66	0	1
0	48	0	88	66	0	16
0	48	0	89	66	0	6
0	48	0	90	66	0	12
0	48	0	91	66	0	10
0	48	0	92	66	0	9
0	48	0	93	66	0	11
0	48	0	94	66	0	2
0	48	0	95	66	0	8
0	48	0	96	66	0	18
0	48	0	97	66	0	9
0	48	0	98	66	0	6
0	48	0	99	66	0	23
0	48	0	100	66	0	10
0	48	0	101	66	0	12
0	48	0	102	66	0	2
0	48	0	87	65	0	7
0	48	0	88	65	0	10
0	48	0	89	65	0	4
0	48	0	90	65	0	9
0	48	0	91	65	0	2
0	48	0	92	65	0	13
0	48	0	93	65	0	0
0	48	0	94	65	0	6
0	48	0	95	65	0	2
0	48	0	96	65	0	7
0	48	0	97	65	0	0
0	48	0	98	65	0	11
0	48	0	99	65	0	7
0	48	0	100	65	0	4
0	48	0	101	65	0	12
0	48	0	102	65	0	3
0	48	0	103	65	0	2
0	48	0	87	64	0	0
0	48	0	88	64	0	5
0	48	0	89	64	0	9
0	48	0	90	64	0	9
0	48	0	91	64	0	9
0	48	0	92	64	0	4
0	48	0	93	64	0	9
0	48	0	94	64	0	12
0	48	0	95	64	0	8
0	48	0	96	64	0	4
0	48	0	97	64	0	10
0	48	0	98	64	0	10
0	48	0	99	64	0	7
0	48	0	100	64	0	3
0	48	0	101	64	0	10
0	48	0	102	64	0	8
0	48	0	103	64	0	0
0	48	0	86	63	0	10
0	48	0	87	63	0	0
0	48	0	88	63	0	8
0	48	0	89	63	0	4
0	48	0	90	63	0	5
0	48	0	91	63	0	3
0	48	0	92	63	0	1
0	48	0	93	63	0	1
0	48	0	94	63	0	4
0	48	0	95	63	0	11
0	48	0	96	63	0	4
0	48	0	97	63	0	1
0	48	0	98	63	0	6
0	48	0	99	63	0	9
0	48	0	100	63	0	3
0	48	0	101	63	0	0
0	48	0	102	63	0	4
0	48	0	103	63	0	1
0	48	0	87	62	0	2
0	48	0	88	62	0	0
0	48	0	89	62	0	1
0	48	0	90	62	0	4
0	48	0	91	62	0	9
0	48	0	92	62	0	7
0	48	0	93	62	0	4
0	48	0	94	62	0	3
0	48	0	95	62	0	7
0	48	0	96	62	0	6
0	48	0	97	62	0	2
0	48	0	98	62	0	0
0	48	0	99	62	0	0
0	48	0	101	62	0	1
0	48	0	102	62	0	0
0	48	0	87	61	0	7
0	48	0	88	61	0	5
0	48	0	89	61	0	3
0	48	0	90	61	0	12
0	48	0	91	61	0	2
0	48	0	92	61	0	6
0	48	0	93	61	0	5
0	48	0	94	61	0	3
0	48	0	95	61	0	0
0	48	0	96	61	0	3
0	48	0	97	61	0	0
0	48	0	98	61	0	6
0	48	0	99	61	0	2
0	48	0	88	60	0	4
0	48	0	89	60	0	2
0	48	0	90	60	0	3
0	48	0	91	60	0	3
0	48	0	92	60	0	4
0	48	0	93	60	0	0
0	48	0	94	60	0	5
0	48	0	95	60	0	4
0	48	0	96	60	0	1
0	48	0	88	59	0	2
0	48	0	89	59	0	1
0	48	0	90	59	0	2
0	48	0	91	59	0	4
0	48	0	92	59	0	14
0	48	0	93	59	0	0
0	48	0	94	59	0	4
0	48	0	95	59	0	5
0	48	0	90	58	0	3
0	48	0	91	58	0	2
0	48	0	92	58	0	1
0	48	0	93	58	0	2
0	48	0	94	58	0	0
0	48	0	91	57	0	2
0	48	0	92	57	0	1
0	48	0	93	57	0	0
0	48	0	96	55	0	13
0	48	0	94	54	0	1
0	48	0	95	54	0	2
0	48	0	96	54	0	0
0	48	0	93	53	0	16
0	48	0	94	53	0	3
0	48	0	96	53	0	1
0	48	0	100	53	0	0
0	48	0	101	53	0	0
0	48	0	97	52	0	0
0	48	0	98	52	0	11
0	48	0	99	52	0	2
0	48	0	104	52	0	1
0	48	0	93	51	0	0
0	48	0	97	49	0	1
0	48	0	96	48	0	4
0	49	0	95	73	0	1
0	49	0	95	72	0	8
0	49	0	96	72	0	8
0	49	0	97	72	0	2
0	49	0	98	72	0	8
0	49	0	99	72	0	0
0	49	0	100	72	0	1
0	49	0	90	71	0	10
0	49	0	91	71	0	7
0	49	0	92	71	0	14
0	49	0	93	71	0	5
0	49	0	94	71	0	11
0	49	0	95	71	0	2
0	49	0	96	71	0	13
0	49	0	97	71	0	1
0	49	0	98	71	0	9
0	49	0	99	71	0	9
0	49	0	100	71	0	0
0	49	0	101	71	0	0
0	49	0	102	71	0	0
0	49	0	89	70	0	4
0	49	0	90	70	0	6
0	49	0	91	70	0	2
0	49	0	92	70	0	11
0	49	0	93	70	0	16
0	49	0	94	70	0	4
0	49	0	95	70	0	14
0	49	0	96	70	0	4
0	49	0	97	70	0	4
0	49	0	98	70	0	2
0	49	0	99	70	0	5
0	49	0	100	70	0	8
0	49	0	101	70	0	3
0	49	0	102	70	0	0
0	49	0	87	69	0	9
0	49	0	88	69	0	10
0	49	0	89	69	0	2
0	49	0	90	69	0	19
0	49	0	91	69	0	6
0	49	0	92	69	0	6
0	49	0	93	69	0	6
0	49	0	94	69	0	9
0	49	0	95	69	0	5
0	49	0	96	69	0	9
0	49	0	97	69	0	6
0	49	0	98	69	0	6
0	49	0	99	69	0	8
0	49	0	100	69	0	15
0	49	0	101	69	0	4
0	49	0	86	68	0	8
0	49	0	87	68	0	11
0	49	0	88	68	0	7
0	49	0	89	68	0	8
0	49	0	90	68	0	3
0	49	0	91	68	0	12
0	49	0	92	68	0	10
0	49	0	93	68	0	13
0	49	0	94	68	0	9
0	49	0	95	68	0	8
0	49	0	96	68	0	2
0	49	0	97	68	0	13
0	49	0	98	68	0	11
0	49	0	99	68	0	3
0	49	0	100	68	0	13
0	49	0	101	68	0	6
0	49	0	102	68	0	9
0	49	0	86	67	0	11
0	49	0	87	67	0	7
0	49	0	88	67	0	5
0	49	0	89	67	0	2
0	49	0	90	67	0	5
0	49	0	91	67	0	5
0	49	0	92	67	0	10
0	49	0	93	67	0	4
0	49	0	94	67	0	4
0	49	0	95	67	0	5
0	49	0	96	67	0	15
0	49	0	97	67	0	13
0	49	0	98	67	0	4
0	49	0	99	67	0	4
0	49	0	100	67	0	8
0	49	0	101	67	0	0
0	49	0	102	67	0	4
0	49	0	87	66	0	3
0	49	0	88	66	0	15
0	49	0	89	66	0	4
0	49	0	90	66	0	13
0	49	0	91	66	0	15
0	49	0	92	66	0	12
0	49	0	93	66	0	7
0	49	0	94	66	0	4
0	49	0	95	66	0	6
0	49	0	96	66	0	14
0	49	0	97	66	0	12
0	49	0	98	66	0	5
0	49	0	99	66	0	17
0	49	0	100	66	0	10
0	49	0	101	66	0	13
0	49	0	102	66	0	5
0	49	0	87	65	0	9
0	49	0	88	65	0	15
0	49	0	89	65	0	5
0	49	0	90	65	0	5
0	49	0	91	65	0	3
0	49	0	92	65	0	10
0	49	0	93	65	0	0
0	49	0	94	65	0	8
0	49	0	95	65	0	1
0	49	0	96	65	0	9
0	49	0	97	65	0	0
0	49	0	98	65	0	6
0	49	0	99	65	0	2
0	49	0	100	65	0	4
0	49	0	101	65	0	8
0	49	0	102	65	0	3
0	49	0	103	65	0	4
0	49	0	87	64	0	2
0	49	0	88	64	0	6
0	49	0	89	64	0	7
0	49	0	90	64	0	5
0	49	0	91	64	0	6
0	49	0	92	64	0	3
0	49	0	93	64	0	7
0	49	0	94	64	0	14
0	49	0	95	64	0	5
0	49	0	96	64	0	4
0	49	0	97	64	0	10
0	49	0	98	64	0	12
0	49	0	99	64	0	10
0	49	0	100	64	0	3
0	49	0	101	64	0	9
0	49	0	102	64	0	6
0	49	0	103	64	0	0
0	49	0	86	63	0	10
0	49	0	87	63	0	0
0	49	0	88	63	0	13
0	49	0	89	63	0	2
0	49	0	90	63	0	6
0	49	0	91	63	0	4
0	49	0	92	63	0	3
0	49	0	93	63	0	3
0	49	0	94	63	0	2
0	49	0	95	63	0	9
0	49	0	96	63	0	5
0	49	0	97	63	0	3
0	49	0	98	63	0	4
0	49	0	99	63	0	10
0	49	0	100	63	0	2
0	49	0	101	63	0	0
0	49	0	102	63	0	4
0	49	0	103	63	0	3
0	49	0	87	62	0	1
0	49	0	88	62	0	0
0	49	0	89	62	0	1
0	49	0	90	62	0	3
0	49	0	91	62	0	7
0	49	0	92	62	0	4
0	49	0	93	62	0	13
0	49	0	94	62	0	0
0	49	0	95	62	0	3
0	49	0	96	62	0	6
0	49	0	97	62	0	1
0	49	0	98	62	0	0
0	49	0	99	62	0	0
0	49	0	101	62	0	2
0	49	0	102	62	0	0
0	49	0	87	61	0	9
0	49	0	88	61	0	3
0	49	0	89	61	0	4
0	49	0	90	61	0	2
0	49	0	91	61	0	2
0	49	0	92	61	0	7
0	49	0	93	61	0	6
0	49	0	94	61	0	1
0	49	0	95	61	0	0
0	49	0	96	61	0	4
0	49	0	97	61	0	0
0	49	0	98	61	0	2
0	49	0	99	61	0	5
0	49	0	88	60	0	4
0	49	0	89	60	0	3
0	49	0	90	60	0	4
0	49	0	91	60	0	2
0	49	0	92	60	0	4
0	49	0	93	60	0	0
0	49	0	94	60	0	4
0	49	0	95	60	0	4
0	49	0	96	60	0	1
0	49	0	88	59	0	2
0	49	0	89	59	0	3
0	49	0	90	59	0	4
0	49	0	91	59	0	3
0	49	0	92	59	0	7
0	49	0	93	59	0	0
0	49	0	94	59	0	7
0	49	0	95	59	0	7
0	49	0	90	58	0	5
0	49	0	91	58	0	2
0	49	0	92	58	0	1
0	49	0	93	58	0	4
0	49	0	94	58	0	1
0	49	0	91	57	0	2
0	49	0	92	57	0	0
0	49	0	93	57	0	0
0	49	0	96	55	0	14
0	49	0	94	54	0	0
0	49	0	95	54	0	4
0	49	0	96	54	0	0
0	49	0	93	53	0	13
0	49	0	94	53	0	3
0	49	0	96	53	0	1
0	49	0	100	53	0	0
0	49	0	101	53	0	0
0	49	0	93	52	0	2
0	49	0	94	52	0	1
0	49	0	95	52	0	1
0	49	0	97	52	0	0
0	49	0	98	52	0	6
0	49	0	99	52	0	2
0	49	0	104	52	0	2
0	49	0	93	51	0	0
0	49	0	97	49	0	2
0	49	0	96	48	0	8
0	50	0	95	73	0	3
0	50	0	95	72	0	11
0	50	0	96	72	0	6
0	50	0	97	72	0	3
0	50	0	98	72	0	11
0	50	0	99	72	0	1
0	50	0	100	72	0	2
0	50	0	90	71	0	7
0	50	0	91	71	0	11
0	50	0	92	71	0	11
0	50	0	93	71	0	8
0	50	0	94	71	0	4
0	50	0	95	71	0	1
0	50	0	96	71	0	10
0	50	0	97	71	0	2
0	50	0	98	71	0	8
0	50	0	99	71	0	9
0	50	0	100	71	0	1
0	50	0	101	71	0	0
0	50	0	102	71	0	0
0	50	0	89	70	0	1
0	50	0	90	70	0	3
0	50	0	91	70	0	3
0	50	0	92	70	0	10
0	50	0	93	70	0	16
0	50	0	94	70	0	2
0	50	0	95	70	0	8
0	50	0	96	70	0	4
0	50	0	97	70	0	10
0	50	0	98	70	0	3
0	50	0	99	70	0	6
0	50	0	100	70	0	6
0	50	0	101	70	0	2
0	50	0	102	70	0	0
0	50	0	87	69	0	11
0	50	0	88	69	0	11
0	50	0	89	69	0	1
0	50	0	90	69	0	18
0	50	0	91	69	0	8
0	50	0	92	69	0	4
0	50	0	93	69	0	7
0	50	0	94	69	0	9
0	50	0	95	69	0	6
0	50	0	96	69	0	11
0	50	0	97	69	0	5
0	50	0	98	69	0	5
0	50	0	99	69	0	14
0	50	0	100	69	0	9
0	50	0	101	69	0	3
0	50	0	86	68	0	4
0	50	0	87	68	0	11
0	50	0	88	68	0	5
0	50	0	89	68	0	11
0	50	0	90	68	0	5
0	50	0	91	68	0	8
0	50	0	92	68	0	12
0	50	0	93	68	0	16
0	50	0	94	68	0	8
0	50	0	95	68	0	10
0	50	0	96	68	0	4
0	50	0	97	68	0	12
0	50	0	98	68	0	8
0	50	0	99	68	0	3
0	50	0	100	68	0	15
0	50	0	101	68	0	14
0	50	0	102	68	0	10
0	50	0	86	67	0	5
0	50	0	87	67	0	7
0	50	0	88	67	0	7
0	50	0	89	67	0	3
0	50	0	90	67	0	4
0	50	0	91	67	0	5
0	50	0	92	67	0	10
0	50	0	93	67	0	6
0	50	0	94	67	0	4
0	50	0	95	67	0	6
0	50	0	96	67	0	10
0	50	0	97	67	0	12
0	50	0	98	67	0	6
0	50	0	99	67	0	5
0	50	0	100	67	0	6
0	50	0	101	67	0	2
0	50	0	102	67	0	9
0	50	0	87	66	0	7
0	50	0	88	66	0	19
0	50	0	89	66	0	2
0	50	0	90	66	0	10
0	50	0	91	66	0	14
0	50	0	92	66	0	11
0	50	0	93	66	0	4
0	50	0	94	66	0	3
0	50	0	95	66	0	7
0	50	0	96	66	0	9
0	50	0	97	66	0	10
0	50	0	98	66	0	8
0	50	0	99	66	0	15
0	50	0	100	66	0	6
0	50	0	101	66	0	16
0	50	0	102	66	0	5
0	50	0	87	65	0	7
0	50	0	88	65	0	12
0	50	0	89	65	0	9
0	50	0	90	65	0	5
0	50	0	91	65	0	6
0	50	0	92	65	0	10
0	50	0	93	65	0	1
0	50	0	94	65	0	6
0	50	0	95	65	0	0
0	50	0	96	65	0	6
0	50	0	97	65	0	0
0	50	0	98	65	0	14
0	50	0	99	65	0	3
0	50	0	100	65	0	9
0	50	0	101	65	0	11
0	50	0	102	65	0	3
0	50	0	103	65	0	5
0	50	0	87	64	0	2
0	50	0	88	64	0	3
0	50	0	89	64	0	5
0	50	0	90	64	0	7
0	50	0	91	64	0	5
0	50	0	92	64	0	5
0	50	0	93	64	0	5
0	50	0	94	64	0	10
0	50	0	95	64	0	6
0	50	0	96	64	0	8
0	50	0	97	64	0	10
0	50	0	98	64	0	16
0	50	0	99	64	0	7
0	50	0	100	64	0	2
0	50	0	101	64	0	9
0	50	0	102	64	0	7
0	50	0	103	64	0	1
0	50	0	86	63	0	15
0	50	0	87	63	0	0
0	50	0	88	63	0	8
0	50	0	89	63	0	6
0	50	0	90	63	0	8
0	50	0	91	63	0	2
0	50	0	92	63	0	4
0	50	0	93	63	0	5
0	50	0	94	63	0	2
0	50	0	95	63	0	5
0	50	0	96	63	0	8
0	50	0	97	63	0	4
0	50	0	98	63	0	5
0	50	0	99	63	0	4
0	50	0	100	63	0	0
0	50	0	101	63	0	0
0	50	0	102	63	0	5
0	50	0	103	63	0	4
0	50	0	87	62	0	3
0	50	0	88	62	0	1
0	50	0	89	62	0	3
0	50	0	90	62	0	5
0	50	0	91	62	0	4
0	50	0	92	62	0	6
0	50	0	93	62	0	18
0	50	0	94	62	0	1
0	50	0	95	62	0	3
0	50	0	96	62	0	7
0	50	0	97	62	0	1
0	50	0	98	62	0	0
0	50	0	99	62	0	1
0	50	0	101	62	0	4
0	50	0	102	62	0	1
0	50	0	87	61	0	14
0	50	0	88	61	0	2
0	50	0	89	61	0	5
0	50	0	90	61	0	1
0	50	0	91	61	0	4
0	50	0	92	61	0	6
0	50	0	93	61	0	4
0	50	0	94	61	0	1
0	50	0	95	61	0	0
0	50	0	96	61	0	9
0	50	0	97	61	0	0
0	50	0	98	61	0	3
0	50	0	99	61	0	5
0	50	0	88	60	0	6
0	50	0	89	60	0	1
0	50	0	90	60	0	7
0	50	0	91	60	0	1
0	50	0	92	60	0	3
0	50	0	93	60	0	0
0	50	0	94	60	0	5
0	50	0	95	60	0	4
0	50	0	96	60	0	0
0	50	0	88	59	0	7
0	50	0	89	59	0	4
0	50	0	90	59	0	4
0	50	0	91	59	0	3
0	50	0	92	59	0	6
0	50	0	93	59	0	0
0	50	0	94	59	0	5
0	50	0	95	59	0	6
0	50	0	90	58	0	7
0	50	0	91	58	0	3
0	50	0	92	58	0	3
0	50	0	93	58	0	4
0	50	0	94	58	0	2
0	50	0	91	57	0	2
0	50	0	92	57	0	0
0	50	0	93	57	0	0
0	50	0	96	55	0	20
0	50	0	94	54	0	0
0	50	0	95	54	0	1
0	50	0	96	54	0	0
0	50	0	93	53	0	11
0	50	0	94	53	0	8
0	50	0	95	53	0	1
0	50	0	96	53	0	2
0	50	0	97	53	0	1
0	50	0	100	53	0	0
0	50	0	101	53	0	0
0	50	0	93	52	0	0
0	50	0	94	52	0	4
0	50	0	95	52	0	0
0	50	0	97	52	0	0
0	50	0	98	52	0	3
0	50	0	99	52	0	0
0	50	0	104	52	0	3
0	50	0	93	51	0	0
0	50	0	97	51	0	1
0	50	0	97	49	0	1
0	50	0	96	48	0	8
0	50	0	96	47	0	1
0	51	0	95	73	0	5
0	51	0	95	72	0	9
0	51	0	96	72	0	9
0	51	0	97	72	0	4
0	51	0	98	72	0	15
0	51	0	99	72	0	1
0	51	0	100	72	0	2
0	51	0	90	71	0	9
0	51	0	91	71	0	8
0	51	0	92	71	0	12
0	51	0	93	71	0	9
0	51	0	94	71	0	4
0	51	0	95	71	0	2
0	51	0	96	71	0	7
0	51	0	97	71	0	5
0	51	0	98	71	0	2
0	51	0	99	71	0	11
0	51	0	100	71	0	3
0	51	0	101	71	0	0
0	51	0	102	71	0	0
0	51	0	89	70	0	3
0	51	0	90	70	0	4
0	51	0	91	70	0	5
0	51	0	92	70	0	14
0	51	0	93	70	0	12
0	51	0	94	70	0	5
0	51	0	95	70	0	8
0	51	0	96	70	0	4
0	51	0	97	70	0	13
0	51	0	98	70	0	4
0	51	0	99	70	0	8
0	51	0	100	70	0	9
0	51	0	101	70	0	1
0	51	0	102	70	0	1
0	51	0	87	69	0	10
0	51	0	88	69	0	8
0	51	0	89	69	0	3
0	51	0	90	69	0	15
0	51	0	91	69	0	8
0	51	0	92	69	0	4
0	51	0	93	69	0	7
0	51	0	94	69	0	16
0	51	0	95	69	0	8
0	51	0	96	69	0	9
0	51	0	97	69	0	3
0	51	0	98	69	0	6
0	51	0	99	69	0	19
0	51	0	100	69	0	11
0	51	0	101	69	0	4
0	51	0	86	68	0	5
0	51	0	87	68	0	8
0	51	0	88	68	0	9
0	51	0	89	68	0	14
0	51	0	90	68	0	6
0	51	0	91	68	0	7
0	51	0	92	68	0	11
0	51	0	93	68	0	12
0	51	0	94	68	0	5
0	51	0	95	68	0	10
0	51	0	96	68	0	1
0	51	0	97	68	0	12
0	51	0	98	68	0	9
0	51	0	99	68	0	4
0	51	0	100	68	0	8
0	51	0	101	68	0	9
0	51	0	102	68	0	7
0	51	0	86	67	0	4
0	51	0	87	67	0	8
0	51	0	88	67	0	7
0	51	0	89	67	0	2
0	51	0	90	67	0	5
0	51	0	91	67	0	14
0	51	0	92	67	0	13
0	51	0	93	67	0	8
0	51	0	94	67	0	8
0	51	0	95	67	0	9
0	51	0	96	67	0	11
0	51	0	97	67	0	11
0	51	0	98	67	0	10
0	51	0	99	67	0	5
0	51	0	100	67	0	10
0	51	0	101	67	0	5
0	51	0	102	67	0	6
0	51	0	87	66	0	7
0	51	0	88	66	0	14
0	51	0	89	66	0	6
0	51	0	90	66	0	11
0	51	0	91	66	0	13
0	51	0	92	66	0	17
0	51	0	93	66	0	4
0	51	0	94	66	0	3
0	51	0	95	66	0	8
0	51	0	96	66	0	9
0	51	0	97	66	0	7
0	51	0	98	66	0	8
0	51	0	99	66	0	17
0	51	0	100	66	0	4
0	51	0	101	66	0	11
0	51	0	102	66	0	4
0	51	0	87	65	0	10
0	51	0	88	65	0	12
0	51	0	89	65	0	9
0	51	0	90	65	0	10
0	51	0	91	65	0	4
0	51	0	92	65	0	12
0	51	0	93	65	0	1
0	51	0	94	65	0	5
0	51	0	95	65	0	2
0	51	0	96	65	0	3
0	51	0	97	65	0	1
0	51	0	98	65	0	15
0	51	0	99	65	0	4
0	51	0	100	65	0	5
0	51	0	101	65	0	8
0	51	0	102	65	0	3
0	51	0	103	65	0	4
0	51	0	87	64	0	4
0	51	0	88	64	0	5
0	51	0	89	64	0	7
0	51	0	90	64	0	8
0	51	0	91	64	0	7
0	51	0	92	64	0	4
0	51	0	93	64	0	3
0	51	0	94	64	0	9
0	51	0	95	64	0	6
0	51	0	96	64	0	6
0	51	0	97	64	0	14
0	51	0	98	64	0	22
0	51	0	99	64	0	6
0	51	0	100	64	0	5
0	51	0	101	64	0	13
0	51	0	102	64	0	5
0	51	0	103	64	0	1
0	51	0	86	63	0	11
0	51	0	87	63	0	0
0	51	0	88	63	0	12
0	51	0	89	63	0	8
0	51	0	90	63	0	6
0	51	0	91	63	0	6
0	51	0	92	63	0	3
0	51	0	93	63	0	5
0	51	0	94	63	0	4
0	51	0	95	63	0	4
0	51	0	96	63	0	7
0	51	0	97	63	0	6
0	51	0	98	63	0	9
0	51	0	99	63	0	5
0	51	0	100	63	0	0
0	51	0	101	63	0	0
0	51	0	102	63	0	5
0	51	0	103	63	0	3
0	51	0	87	62	0	4
0	51	0	88	62	0	1
0	51	0	89	62	0	1
0	51	0	90	62	0	6
0	51	0	91	62	0	7
0	51	0	92	62	0	8
0	51	0	93	62	0	19
0	51	0	94	62	0	3
0	51	0	95	62	0	2
0	51	0	96	62	0	5
0	51	0	97	62	0	2
0	51	0	98	62	0	0
0	51	0	99	62	0	2
0	51	0	101	62	0	4
0	51	0	102	62	0	0
0	51	0	87	61	0	13
0	51	0	88	61	0	3
0	51	0	89	61	0	9
0	51	0	90	61	0	0
0	51	0	91	61	0	6
0	51	0	92	61	0	12
0	51	0	93	61	0	1
0	51	0	94	61	0	1
0	51	0	95	61	0	1
0	51	0	96	61	0	13
0	51	0	97	61	0	0
0	51	0	98	61	0	3
0	51	0	99	61	0	5
0	51	0	88	60	0	8
0	51	0	89	60	0	3
0	51	0	90	60	0	9
0	51	0	91	60	0	3
0	51	0	92	60	0	5
0	51	0	93	60	0	0
0	51	0	94	60	0	4
0	51	0	95	60	0	4
0	51	0	96	60	0	1
0	51	0	88	59	0	8
0	51	0	89	59	0	6
0	51	0	90	59	0	7
0	51	0	91	59	0	4
0	51	0	92	59	0	2
0	51	0	93	59	0	0
0	51	0	94	59	0	8
0	51	0	95	59	0	6
0	51	0	89	58	0	1
0	51	0	90	58	0	10
0	51	0	91	58	0	3
0	51	0	92	58	0	1
0	51	0	93	58	0	4
0	51	0	94	58	0	3
0	51	0	91	57	0	4
0	51	0	92	57	0	0
0	51	0	93	57	0	1
0	51	0	96	55	0	17
0	51	0	94	54	0	0
0	51	0	95	54	0	1
0	51	0	96	54	0	0
0	51	0	97	54	0	1
0	51	0	93	53	0	7
0	51	0	94	53	0	7
0	51	0	95	53	0	3
0	51	0	96	53	0	6
0	51	0	97	53	0	1
0	51	0	100	53	0	0
0	51	0	101	53	0	0
0	51	0	93	52	0	0
0	51	0	94	52	0	1
0	51	0	95	52	0	0
0	51	0	96	52	0	1
0	51	0	97	52	0	0
0	51	0	98	52	0	5
0	51	0	99	52	0	0
0	51	0	104	52	0	2
0	51	0	105	52	0	1
0	51	0	93	51	0	0
0	51	0	94	51	0	1
0	51	0	97	51	0	0
0	51	0	99	51	0	1
0	51	0	104	51	0	1
0	51	0	97	49	0	5
0	51	0	96	48	0	8
0	51	0	96	47	0	1
0	52	0	95	73	0	7
0	52	0	95	72	0	9
0	52	0	96	72	0	8
0	52	0	97	72	0	3
0	52	0	98	72	0	12
0	52	0	99	72	0	2
0	52	0	100	72	0	2
0	52	0	90	71	0	3
0	52	0	91	71	0	11
0	52	0	92	71	0	12
0	52	0	93	71	0	8
0	52	0	94	71	0	4
0	52	0	95	71	0	8
0	52	0	96	71	0	10
0	52	0	97	71	0	9
0	52	0	98	71	0	5
0	52	0	99	71	0	10
0	52	0	100	71	0	3
0	52	0	101	71	0	0
0	52	0	102	71	0	0
0	52	0	89	70	0	4
0	52	0	90	70	0	7
0	52	0	91	70	0	5
0	52	0	92	70	0	13
0	52	0	93	70	0	14
0	52	0	94	70	0	3
0	52	0	95	70	0	6
0	52	0	96	70	0	3
0	52	0	97	70	0	11
0	52	0	98	70	0	4
0	52	0	99	70	0	12
0	52	0	100	70	0	5
0	52	0	101	70	0	3
0	52	0	102	70	0	2
0	52	0	87	69	0	8
0	52	0	88	69	0	6
0	52	0	89	69	0	5
0	52	0	90	69	0	20
0	52	0	91	69	0	4
0	52	0	92	69	0	2
0	52	0	93	69	0	4
0	52	0	94	69	0	14
0	52	0	95	69	0	9
0	52	0	96	69	0	10
0	52	0	97	69	0	1
0	52	0	98	69	0	8
0	52	0	99	69	0	19
0	52	0	100	69	0	14
0	52	0	101	69	0	8
0	52	0	86	68	0	2
0	52	0	87	68	0	10
0	52	0	88	68	0	11
0	52	0	89	68	0	9
0	52	0	90	68	0	5
0	52	0	91	68	0	10
0	52	0	92	68	0	15
0	52	0	93	68	0	9
0	52	0	94	68	0	4
0	52	0	95	68	0	9
0	52	0	96	68	0	4
0	52	0	97	68	0	7
0	52	0	98	68	0	10
0	52	0	99	68	0	8
0	52	0	100	68	0	11
0	52	0	101	68	0	10
0	52	0	102	68	0	8
0	52	0	86	67	0	4
0	52	0	87	67	0	7
0	52	0	88	67	0	6
0	52	0	89	67	0	4
0	52	0	90	67	0	4
0	52	0	91	67	0	12
0	52	0	92	67	0	15
0	52	0	93	67	0	4
0	52	0	94	67	0	6
0	52	0	95	67	0	9
0	52	0	96	67	0	18
0	52	0	97	67	0	14
0	52	0	98	67	0	13
0	52	0	99	67	0	4
0	52	0	100	67	0	12
0	52	0	101	67	0	8
0	52	0	102	67	0	8
0	52	0	87	66	0	3
0	52	0	88	66	0	16
0	52	0	89	66	0	10
0	52	0	90	66	0	16
0	52	0	91	66	0	6
0	52	0	92	66	0	13
0	52	0	93	66	0	4
0	52	0	94	66	0	1
0	52	0	95	66	0	4
0	52	0	96	66	0	7
0	52	0	97	66	0	9
0	52	0	98	66	0	13
0	52	0	99	66	0	15
0	52	0	100	66	0	7
0	52	0	101	66	0	7
0	52	0	102	66	0	10
0	52	0	87	65	0	12
0	52	0	88	65	0	9
0	52	0	89	65	0	11
0	52	0	90	65	0	6
0	52	0	91	65	0	6
0	52	0	92	65	0	8
0	52	0	93	65	0	2
0	52	0	94	65	0	3
0	52	0	95	65	0	2
0	52	0	96	65	0	2
0	52	0	97	65	0	4
0	52	0	98	65	0	13
0	52	0	99	65	0	6
0	52	0	100	65	0	4
0	52	0	101	65	0	6
0	52	0	102	65	0	1
0	52	0	103	65	0	5
0	52	0	87	64	0	4
0	52	0	88	64	0	6
0	52	0	89	64	0	4
0	52	0	90	64	0	8
0	52	0	91	64	0	12
0	52	0	92	64	0	5
0	52	0	93	64	0	5
0	52	0	94	64	0	5
0	52	0	95	64	0	12
0	52	0	96	64	0	5
0	52	0	97	64	0	9
0	52	0	98	64	0	14
0	52	0	99	64	0	6
0	52	0	100	64	0	9
0	52	0	101	64	0	9
0	52	0	102	64	0	1
0	52	0	103	64	0	0
0	52	0	86	63	0	4
0	52	0	87	63	0	1
0	52	0	88	63	0	11
0	52	0	89	63	0	8
0	52	0	90	63	0	6
0	52	0	91	63	0	12
0	52	0	92	63	0	7
0	52	0	93	63	0	10
0	52	0	94	63	0	3
0	52	0	95	63	0	3
0	52	0	96	63	0	7
0	52	0	97	63	0	9
0	52	0	98	63	0	3
0	52	0	99	63	0	5
0	52	0	100	63	0	0
0	52	0	101	63	0	0
0	52	0	102	63	0	6
0	52	0	103	63	0	5
0	52	0	87	62	0	6
0	52	0	88	62	0	2
0	52	0	89	62	0	1
0	52	0	90	62	0	5
0	52	0	91	62	0	9
0	52	0	92	62	0	6
0	52	0	93	62	0	13
0	52	0	94	62	0	7
0	52	0	95	62	0	4
0	52	0	96	62	0	7
0	52	0	97	62	0	4
0	52	0	98	62	0	0
0	52	0	99	62	0	0
0	52	0	101	62	0	2
0	52	0	102	62	0	0
0	52	0	87	61	0	9
0	52	0	88	61	0	1
0	52	0	89	61	0	10
0	52	0	90	61	0	1
0	52	0	91	61	0	9
0	52	0	92	61	0	10
0	52	0	93	61	0	0
0	52	0	94	61	0	4
0	52	0	95	61	0	1
0	52	0	96	61	0	15
0	52	0	97	61	0	0
0	52	0	98	61	0	5
0	52	0	99	61	0	4
0	52	0	88	60	0	8
0	52	0	89	60	0	3
0	52	0	90	60	0	4
0	52	0	91	60	0	4
0	52	0	92	60	0	3
0	52	0	93	60	0	0
0	52	0	94	60	0	4
0	52	0	95	60	0	3
0	52	0	96	60	0	0
0	52	0	88	59	0	13
0	52	0	89	59	0	7
0	52	0	90	59	0	10
0	52	0	91	59	0	4
0	52	0	92	59	0	2
0	52	0	93	59	0	0
0	52	0	94	59	0	6
0	52	0	95	59	0	6
0	52	0	89	58	0	3
0	52	0	90	58	0	5
0	52	0	91	58	0	3
0	52	0	92	58	0	1
0	52	0	93	58	0	5
0	52	0	94	58	0	7
0	52	0	91	57	0	6
0	52	0	92	57	0	0
0	52	0	93	57	0	1
0	52	0	96	55	0	17
0	52	0	94	54	0	0
0	52	0	95	54	0	1
0	52	0	96	54	0	0
0	52	0	97	54	0	0
0	52	0	93	53	0	4
0	52	0	94	53	0	7
0	52	0	95	53	0	5
0	52	0	96	53	0	2
0	52	0	97	53	0	0
0	52	0	100	53	0	0
0	52	0	101	53	0	0
0	52	0	93	52	0	0
0	52	0	94	52	0	4
0	52	0	95	52	0	0
0	52	0	96	52	0	2
0	52	0	97	52	0	0
0	52	0	98	52	0	7
0	52	0	99	52	0	0
0	52	0	104	52	0	2
0	52	0	105	52	0	3
0	52	0	93	51	0	0
0	52	0	94	51	0	1
0	52	0	97	51	0	0
0	52	0	98	51	0	1
0	52	0	99	51	0	4
0	52	0	104	51	0	1
0	52	0	96	50	0	1
0	52	0	101	50	0	1
0	52	0	93	49	0	1
0	52	0	97	49	0	4
0	52	0	94	48	0	1
0	52	0	96	48	0	6
0	52	0	96	47	0	3
0	53	0	95	73	0	4
0	53	0	95	72	0	5
0	53	0	96	72	0	10
0	53	0	97	72	0	0
0	53	0	98	72	0	10
0	53	0	99	72	0	3
0	53	0	100	72	0	2
0	53	0	90	71	0	3
0	53	0	91	71	0	8
0	53	0	92	71	0	14
0	53	0	93	71	0	10
0	53	0	94	71	0	7
0	53	0	95	71	0	12
0	53	0	96	71	0	12
0	53	0	97	71	0	11
0	53	0	98	71	0	4
0	53	0	99	71	0	11
0	53	0	100	71	0	4
0	53	0	101	71	0	0
0	53	0	102	71	0	0
0	53	0	89	70	0	3
0	53	0	90	70	0	5
0	53	0	91	70	0	4
0	53	0	92	70	0	5
0	53	0	93	70	0	10
0	53	0	94	70	0	8
0	53	0	95	70	0	8
0	53	0	96	70	0	4
0	53	0	97	70	0	7
0	53	0	98	70	0	8
0	53	0	99	70	0	5
0	53	0	100	70	0	9
0	53	0	101	70	0	5
0	53	0	102	70	0	4
0	53	0	87	69	0	5
0	53	0	88	69	0	5
0	53	0	89	69	0	5
0	53	0	90	69	0	18
0	53	0	91	69	0	6
0	53	0	92	69	0	0
0	53	0	93	69	0	6
0	53	0	94	69	0	10
0	53	0	95	69	0	12
0	53	0	96	69	0	8
0	53	0	97	69	0	3
0	53	0	98	69	0	5
0	53	0	99	69	0	8
0	53	0	100	69	0	20
0	53	0	101	69	0	6
0	53	0	102	69	0	1
0	53	0	86	68	0	3
0	53	0	87	68	0	7
0	53	0	88	68	0	10
0	53	0	89	68	0	5
0	53	0	90	68	0	3
0	53	0	91	68	0	15
0	53	0	92	68	0	12
0	53	0	93	68	0	8
0	53	0	94	68	0	8
0	53	0	95	68	0	12
0	53	0	96	68	0	6
0	53	0	97	68	0	8
0	53	0	98	68	0	10
0	53	0	99	68	0	6
0	53	0	100	68	0	3
0	53	0	101	68	0	9
0	53	0	102	68	0	12
0	53	0	86	67	0	5
0	53	0	87	67	0	10
0	53	0	88	67	0	5
0	53	0	89	67	0	3
0	53	0	90	67	0	5
0	53	0	91	67	0	7
0	53	0	92	67	0	9
0	53	0	93	67	0	7
0	53	0	94	67	0	7
0	53	0	95	67	0	7
0	53	0	96	67	0	19
0	53	0	97	67	0	12
0	53	0	98	67	0	11
0	53	0	99	67	0	3
0	53	0	100	67	0	15
0	53	0	101	67	0	11
0	53	0	102	67	0	12
0	53	0	87	66	0	9
0	53	0	88	66	0	19
0	53	0	89	66	0	13
0	53	0	90	66	0	10
0	53	0	91	66	0	6
0	53	0	92	66	0	8
0	53	0	93	66	0	4
0	53	0	94	66	0	2
0	53	0	95	66	0	3
0	53	0	96	66	0	7
0	53	0	97	66	0	10
0	53	0	98	66	0	15
0	53	0	99	66	0	8
0	53	0	100	66	0	7
0	53	0	101	66	0	3
0	53	0	102	66	0	8
0	53	0	87	65	0	14
0	53	0	88	65	0	8
0	53	0	89	65	0	14
0	53	0	90	65	0	6
0	53	0	91	65	0	5
0	53	0	92	65	0	6
0	53	0	93	65	0	4
0	53	0	94	65	0	5
0	53	0	95	65	0	4
0	53	0	96	65	0	4
0	53	0	97	65	0	4
0	53	0	98	65	0	10
0	53	0	99	65	0	7
0	53	0	100	65	0	6
0	53	0	101	65	0	3
0	53	0	102	65	0	4
0	53	0	103	65	0	8
0	53	0	87	64	0	2
0	53	0	88	64	0	6
0	53	0	89	64	0	3
0	53	0	90	64	0	7
0	53	0	91	64	0	9
0	53	0	92	64	0	8
0	53	0	93	64	0	8
0	53	0	94	64	0	5
0	53	0	95	64	0	15
0	53	0	96	64	0	5
0	53	0	97	64	0	7
0	53	0	98	64	0	13
0	53	0	99	64	0	7
0	53	0	100	64	0	11
0	53	0	101	64	0	7
0	53	0	102	64	0	1
0	53	0	103	64	0	0
0	53	0	86	63	0	7
0	53	0	87	63	0	1
0	53	0	88	63	0	9
0	53	0	89	63	0	6
0	53	0	90	63	0	8
0	53	0	91	63	0	19
0	53	0	92	63	0	5
0	53	0	93	63	0	11
0	53	0	94	63	0	5
0	53	0	95	63	0	9
0	53	0	96	63	0	11
0	53	0	97	63	0	9
0	53	0	98	63	0	7
0	53	0	99	63	0	4
0	53	0	100	63	0	2
0	53	0	101	63	0	0
0	53	0	102	63	0	7
0	53	0	103	63	0	5
0	53	0	87	62	0	2
0	53	0	88	62	0	2
0	53	0	89	62	0	2
0	53	0	90	62	0	7
0	53	0	91	62	0	4
0	53	0	92	62	0	12
0	53	0	93	62	0	9
0	53	0	94	62	0	11
0	53	0	95	62	0	3
0	53	0	96	62	0	13
0	53	0	97	62	0	4
0	53	0	98	62	0	0
0	53	0	99	62	0	2
0	53	0	101	62	0	2
0	53	0	102	62	0	0
0	53	0	87	61	0	9
0	53	0	88	61	0	1
0	53	0	89	61	0	12
0	53	0	90	61	0	0
0	53	0	91	61	0	12
0	53	0	92	61	0	13
0	53	0	93	61	0	0
0	53	0	94	61	0	1
0	53	0	95	61	0	1
0	53	0	96	61	0	15
0	53	0	97	61	0	0
0	53	0	98	61	0	7
0	53	0	99	61	0	4
0	53	0	88	60	0	13
0	53	0	89	60	0	4
0	53	0	90	60	0	8
0	53	0	91	60	0	8
0	53	0	92	60	0	5
0	53	0	93	60	0	0
0	53	0	94	60	0	4
0	53	0	95	60	0	2
0	53	0	96	60	0	0
0	53	0	88	59	0	6
0	53	0	89	59	0	8
0	53	0	90	59	0	6
0	53	0	91	59	0	6
0	53	0	92	59	0	1
0	53	0	93	59	0	1
0	53	0	94	59	0	10
0	53	0	95	59	0	5
0	53	0	89	58	0	4
0	53	0	90	58	0	7
0	53	0	91	58	0	5
0	53	0	92	58	0	0
0	53	0	93	58	0	6
0	53	0	94	58	0	5
0	53	0	91	57	0	9
0	53	0	92	57	0	1
0	53	0	93	57	0	1
0	53	0	96	55	0	16
0	53	0	94	54	0	0
0	53	0	95	54	0	3
0	53	0	96	54	0	0
0	53	0	97	54	0	0
0	53	0	93	53	0	5
0	53	0	94	53	0	7
0	53	0	95	53	0	5
0	53	0	96	53	0	2
0	53	0	97	53	0	0
0	53	0	100	53	0	0
0	53	0	101	53	0	0
0	53	0	104	53	0	1
0	53	0	93	52	0	0
0	53	0	94	52	0	3
0	53	0	95	52	0	0
0	53	0	96	52	0	2
0	53	0	97	52	0	0
0	53	0	98	52	0	7
0	53	0	99	52	0	0
0	53	0	104	52	0	4
0	53	0	105	52	0	8
0	53	0	93	51	0	0
0	53	0	94	51	0	0
0	53	0	97	51	0	0
0	53	0	98	51	0	3
0	53	0	99	51	0	6
0	53	0	104	51	0	2
0	53	0	96	50	0	0
0	53	0	101	50	0	2
0	53	0	93	49	0	0
0	53	0	97	49	0	5
0	53	0	94	48	0	2
0	53	0	96	48	0	5
0	53	0	96	47	0	1
0	53	0	98	47	0	1
0	54	0	95	73	0	4
0	54	0	95	72	0	4
0	54	0	96	72	0	7
0	54	0	97	72	0	1
0	54	0	98	72	0	11
0	54	0	99	72	0	2
0	54	0	100	72	0	2
0	54	0	90	71	0	3
0	54	0	91	71	0	8
0	54	0	92	71	0	8
0	54	0	93	71	0	6
0	54	0	94	71	0	6
0	54	0	95	71	0	8
0	54	0	96	71	0	9
0	54	0	97	71	0	10
0	54	0	98	71	0	5
0	54	0	99	71	0	10
0	54	0	100	71	0	6
0	54	0	101	71	0	1
0	54	0	102	71	0	0
0	54	0	89	70	0	4
0	54	0	90	70	0	2
0	54	0	91	70	0	11
0	54	0	92	70	0	6
0	54	0	93	70	0	7
0	54	0	94	70	0	8
0	54	0	95	70	0	7
0	54	0	96	70	0	8
0	54	0	97	70	0	8
0	54	0	98	70	0	10
0	54	0	99	70	0	9
0	54	0	100	70	0	6
0	54	0	101	70	0	3
0	54	0	102	70	0	4
0	54	0	87	69	0	4
0	54	0	88	69	0	6
0	54	0	89	69	0	7
0	54	0	90	69	0	21
0	54	0	91	69	0	8
0	54	0	92	69	0	1
0	54	0	93	69	0	14
0	54	0	94	69	0	9
0	54	0	95	69	0	13
0	54	0	96	69	0	8
0	54	0	97	69	0	4
0	54	0	98	69	0	10
0	54	0	99	69	0	7
0	54	0	100	69	0	14
0	54	0	101	69	0	4
0	54	0	102	69	0	2
0	54	0	86	68	0	8
0	54	0	87	68	0	5
0	54	0	88	68	0	16
0	54	0	89	68	0	5
0	54	0	90	68	0	3
0	54	0	91	68	0	12
0	54	0	92	68	0	13
0	54	0	93	68	0	5
0	54	0	94	68	0	4
0	54	0	95	68	0	11
0	54	0	96	68	0	8
0	54	0	97	68	0	11
0	54	0	98	68	0	7
0	54	0	99	68	0	12
0	54	0	100	68	0	3
0	54	0	101	68	0	10
0	54	0	102	68	0	8
0	54	0	86	67	0	8
0	54	0	87	67	0	9
0	54	0	88	67	0	5
0	54	0	89	67	0	7
0	54	0	90	67	0	10
0	54	0	91	67	0	11
0	54	0	92	67	0	5
0	54	0	93	67	0	7
0	54	0	94	67	0	9
0	54	0	95	67	0	12
0	54	0	96	67	0	13
0	54	0	97	67	0	15
0	54	0	98	67	0	12
0	54	0	99	67	0	5
0	54	0	100	67	0	8
0	54	0	101	67	0	12
0	54	0	102	67	0	7
0	54	0	87	66	0	12
0	54	0	88	66	0	13
0	54	0	89	66	0	15
0	54	0	90	66	0	7
0	54	0	91	66	0	9
0	54	0	92	66	0	8
0	54	0	93	66	0	6
0	54	0	94	66	0	2
0	54	0	95	66	0	1
0	54	0	96	66	0	8
0	54	0	97	66	0	6
0	54	0	98	66	0	14
0	54	0	99	66	0	11
0	54	0	100	66	0	5
0	54	0	101	66	0	5
0	54	0	102	66	0	11
0	54	0	87	65	0	9
0	54	0	88	65	0	8
0	54	0	89	65	0	10
0	54	0	90	65	0	8
0	54	0	91	65	0	2
0	54	0	92	65	0	6
0	54	0	93	65	0	7
0	54	0	94	65	0	6
0	54	0	95	65	0	3
0	54	0	96	65	0	8
0	54	0	97	65	0	4
0	54	0	98	65	0	8
0	54	0	99	65	0	6
0	54	0	100	65	0	8
0	54	0	101	65	0	3
0	54	0	102	65	0	4
0	54	0	103	65	0	8
0	54	0	87	64	0	3
0	54	0	88	64	0	8
0	54	0	89	64	0	4
0	54	0	90	64	0	6
0	54	0	91	64	0	2
0	54	0	92	64	0	13
0	54	0	93	64	0	7
0	54	0	94	64	0	7
0	54	0	95	64	0	7
0	54	0	96	64	0	4
0	54	0	97	64	0	4
0	54	0	98	64	0	11
0	54	0	99	64	0	11
0	54	0	100	64	0	6
0	54	0	101	64	0	8
0	54	0	102	64	0	3
0	54	0	103	64	0	0
0	54	0	86	63	0	9
0	54	0	87	63	0	2
0	54	0	88	63	0	10
0	54	0	89	63	0	8
0	54	0	90	63	0	6
0	54	0	91	63	0	19
0	54	0	92	63	0	9
0	54	0	93	63	0	13
0	54	0	94	63	0	6
0	54	0	95	63	0	11
0	54	0	96	63	0	12
0	54	0	97	63	0	9
0	54	0	98	63	0	8
0	54	0	99	63	0	10
0	54	0	100	63	0	3
0	54	0	101	63	0	0
0	54	0	102	63	0	2
0	54	0	103	63	0	10
0	54	0	87	62	0	6
0	54	0	88	62	0	2
0	54	0	89	62	0	2
0	54	0	90	62	0	11
0	54	0	91	62	0	3
0	54	0	92	62	0	14
0	54	0	93	62	0	11
0	54	0	94	62	0	17
0	54	0	95	62	0	8
0	54	0	96	62	0	8
0	54	0	97	62	0	1
0	54	0	98	62	0	0
0	54	0	99	62	0	4
0	54	0	101	62	0	4
0	54	0	102	62	0	0
0	54	0	87	61	0	9
0	54	0	88	61	0	4
0	54	0	89	61	0	9
0	54	0	90	61	0	1
0	54	0	91	61	0	15
0	54	0	92	61	0	4
0	54	0	93	61	0	2
0	54	0	94	61	0	2
0	54	0	95	61	0	2
0	54	0	96	61	0	7
0	54	0	97	61	0	1
0	54	0	98	61	0	5
0	54	0	99	61	0	5
0	54	0	100	61	0	1
0	54	0	88	60	0	9
0	54	0	89	60	0	6
0	54	0	90	60	0	9
0	54	0	91	60	0	9
0	54	0	92	60	0	15
0	54	0	93	60	0	0
0	54	0	94	60	0	6
0	54	0	95	60	0	2
0	54	0	96	60	0	0
0	54	0	88	59	0	12
0	54	0	89	59	0	9
0	54	0	90	59	0	8
0	54	0	91	59	0	5
0	54	0	92	59	0	1
0	54	0	93	59	0	1
0	54	0	94	59	0	14
0	54	0	95	59	0	3
0	54	0	89	58	0	4
0	54	0	90	58	0	7
0	54	0	91	58	0	3
0	54	0	92	58	0	0
0	54	0	93	58	0	7
0	54	0	94	58	0	11
0	54	0	91	57	0	9
0	54	0	92	57	0	2
0	54	0	93	57	0	1
0	54	0	96	55	0	7
0	54	0	94	54	0	0
0	54	0	95	54	0	5
0	54	0	96	54	0	0
0	54	0	97	54	0	0
0	54	0	93	53	0	4
0	54	0	94	53	0	9
0	54	0	95	53	0	3
0	54	0	96	53	0	0
0	54	0	97	53	0	0
0	54	0	100	53	0	0
0	54	0	101	53	0	0
0	54	0	103	53	0	1
0	54	0	104	53	0	1
0	54	0	93	52	0	0
0	54	0	94	52	0	5
0	54	0	95	52	0	0
0	54	0	96	52	0	4
0	54	0	97	52	0	0
0	54	0	98	52	0	8
0	54	0	99	52	0	0
0	54	0	104	52	0	4
0	54	0	105	52	0	8
0	54	0	93	51	0	0
0	54	0	94	51	0	0
0	54	0	97	51	0	0
0	54	0	98	51	0	2
0	54	0	99	51	0	6
0	54	0	104	51	0	1
0	54	0	96	50	0	0
0	54	0	99	50	0	1
0	54	0	101	50	0	1
0	54	0	93	49	0	0
0	54	0	97	49	0	7
0	54	0	99	49	0	1
0	54	0	94	48	0	1
0	54	0	96	48	0	11
0	54	0	96	47	0	0
0	54	0	98	47	0	2
0	55	0	95	73	0	4
0	55	0	95	72	0	8
0	55	0	96	72	0	8
0	55	0	97	72	0	3
0	55	0	98	72	0	15
0	55	0	99	72	0	5
0	55	0	100	72	0	4
0	55	0	90	71	0	4
0	55	0	91	71	0	16
0	55	0	92	71	0	8
0	55	0	93	71	0	5
0	55	0	94	71	0	4
0	55	0	95	71	0	1
0	55	0	96	71	0	12
0	55	0	97	71	0	17
0	55	0	98	71	0	2
0	55	0	99	71	0	10
0	55	0	100	71	0	9
0	55	0	101	71	0	2
0	55	0	102	71	0	0
0	55	0	89	70	0	5
0	55	0	90	70	0	5
0	55	0	91	70	0	9
0	55	0	92	70	0	3
0	55	0	93	70	0	4
0	55	0	94	70	0	4
0	55	0	95	70	0	10
0	55	0	96	70	0	10
0	55	0	97	70	0	4
0	55	0	98	70	0	7
0	55	0	99	70	0	4
0	55	0	100	70	0	5
0	55	0	101	70	0	7
0	55	0	102	70	0	6
0	55	0	87	69	0	10
0	55	0	88	69	0	8
0	55	0	89	69	0	9
0	55	0	90	69	0	17
0	55	0	91	69	0	7
0	55	0	92	69	0	1
0	55	0	93	69	0	13
0	55	0	94	69	0	9
0	55	0	95	69	0	13
0	55	0	96	69	0	9
0	55	0	97	69	0	4
0	55	0	98	69	0	8
0	55	0	99	69	0	5
0	55	0	100	69	0	14
0	55	0	101	69	0	3
0	55	0	102	69	0	1
0	55	0	86	68	0	5
0	55	0	87	68	0	6
0	55	0	88	68	0	11
0	55	0	89	68	0	6
0	55	0	90	68	0	2
0	55	0	91	68	0	9
0	55	0	92	68	0	13
0	55	0	93	68	0	8
0	55	0	94	68	0	6
0	55	0	95	68	0	10
0	55	0	96	68	0	9
0	55	0	97	68	0	8
0	55	0	98	68	0	6
0	55	0	99	68	0	9
0	55	0	100	68	0	3
0	55	0	101	68	0	13
0	55	0	102	68	0	8
0	55	0	86	67	0	8
0	55	0	87	67	0	11
0	55	0	88	67	0	5
0	55	0	89	67	0	6
0	55	0	90	67	0	7
0	55	0	91	67	0	14
0	55	0	92	67	0	7
0	55	0	93	67	0	9
0	55	0	94	67	0	10
0	55	0	95	67	0	13
0	55	0	96	67	0	16
0	55	0	97	67	0	14
0	55	0	98	67	0	9
0	55	0	99	67	0	6
0	55	0	100	67	0	12
0	55	0	101	67	0	12
0	55	0	102	67	0	5
0	55	0	87	66	0	8
0	55	0	88	66	0	17
0	55	0	89	66	0	13
0	55	0	90	66	0	10
0	55	0	91	66	0	10
0	55	0	92	66	0	8
0	55	0	93	66	0	6
0	55	0	94	66	0	3
0	55	0	95	66	0	1
0	55	0	96	66	0	3
0	55	0	97	66	0	8
0	55	0	98	66	0	10
0	55	0	99	66	0	14
0	55	0	100	66	0	6
0	55	0	101	66	0	2
0	55	0	102	66	0	9
0	55	0	87	65	0	11
0	55	0	88	65	0	9
0	55	0	89	65	0	7
0	55	0	90	65	0	10
0	55	0	91	65	0	3
0	55	0	92	65	0	7
0	55	0	93	65	0	5
0	55	0	94	65	0	6
0	55	0	95	65	0	2
0	55	0	96	65	0	10
0	55	0	97	65	0	1
0	55	0	98	65	0	9
0	55	0	99	65	0	6
0	55	0	100	65	0	9
0	55	0	101	65	0	6
0	55	0	102	65	0	3
0	55	0	103	65	0	8
0	55	0	87	64	0	5
0	55	0	88	64	0	12
0	55	0	89	64	0	3
0	55	0	90	64	0	6
0	55	0	91	64	0	4
0	55	0	92	64	0	10
0	55	0	93	64	0	7
0	55	0	94	64	0	6
0	55	0	95	64	0	6
0	55	0	96	64	0	4
0	55	0	97	64	0	8
0	55	0	98	64	0	12
0	55	0	99	64	0	8
0	55	0	100	64	0	10
0	55	0	101	64	0	7
0	55	0	102	64	0	4
0	55	0	103	64	0	0
0	55	0	86	63	0	8
0	55	0	87	63	0	1
0	55	0	88	63	0	10
0	55	0	89	63	0	7
0	55	0	90	63	0	4
0	55	0	91	63	0	22
0	55	0	92	63	0	12
0	55	0	93	63	0	8
0	55	0	94	63	0	6
0	55	0	95	63	0	16
0	55	0	96	63	0	6
0	55	0	97	63	0	5
0	55	0	98	63	0	8
0	55	0	99	63	0	10
0	55	0	100	63	0	1
0	55	0	101	63	0	0
0	55	0	102	63	0	3
0	55	0	103	63	0	8
0	55	0	87	62	0	4
0	55	0	88	62	0	3
0	55	0	89	62	0	3
0	55	0	90	62	0	13
0	55	0	91	62	0	3
0	55	0	92	62	0	13
0	55	0	93	62	0	8
0	55	0	94	62	0	6
0	55	0	95	62	0	9
0	55	0	96	62	0	6
0	55	0	97	62	0	4
0	55	0	98	62	0	1
0	55	0	99	62	0	8
0	55	0	101	62	0	2
0	55	0	102	62	0	0
0	55	0	87	61	0	8
0	55	0	88	61	0	5
0	55	0	89	61	0	10
0	55	0	90	61	0	3
0	55	0	91	61	0	7
0	55	0	92	61	0	6
0	55	0	93	61	0	3
0	55	0	94	61	0	2
0	55	0	95	61	0	1
0	55	0	96	61	0	9
0	55	0	97	61	0	2
0	55	0	98	61	0	11
0	55	0	99	61	0	3
0	55	0	100	61	0	0
0	55	0	88	60	0	12
0	55	0	89	60	0	12
0	55	0	90	60	0	11
0	55	0	91	60	0	12
0	55	0	92	60	0	13
0	55	0	93	60	0	2
0	55	0	94	60	0	4
0	55	0	95	60	0	3
0	55	0	96	60	0	0
0	55	0	88	59	0	13
0	55	0	89	59	0	2
0	55	0	90	59	0	10
0	55	0	91	59	0	5
0	55	0	92	59	0	4
0	55	0	93	59	0	2
0	55	0	94	59	0	7
0	55	0	95	59	0	2
0	55	0	89	58	0	4
0	55	0	90	58	0	8
0	55	0	91	58	0	5
0	55	0	92	58	0	0
0	55	0	93	58	0	12
0	55	0	94	58	0	6
0	55	0	91	57	0	10
0	55	0	92	57	0	0
0	55	0	93	57	0	1
0	55	0	96	55	0	6
0	55	0	94	54	0	0
0	55	0	95	54	0	6
0	55	0	96	54	0	0
0	55	0	97	54	0	0
0	55	0	93	53	0	2
0	55	0	94	53	0	10
0	55	0	95	53	0	3
0	55	0	96	53	0	1
0	55	0	97	53	0	1
0	55	0	98	53	0	1
0	55	0	100	53	0	1
0	55	0	101	53	0	0
0	55	0	103	53	0	2
0	55	0	104	53	0	4
0	55	0	93	52	0	0
0	55	0	94	52	0	4
0	55	0	95	52	0	0
0	55	0	96	52	0	5
0	55	0	97	52	0	0
0	55	0	98	52	0	10
0	55	0	99	52	0	0
0	55	0	104	52	0	3
0	55	0	105	52	0	5
0	55	0	93	51	0	0
0	55	0	94	51	0	1
0	55	0	97	51	0	0
0	55	0	98	51	0	6
0	55	0	99	51	0	5
0	55	0	104	51	0	0
0	55	0	96	50	0	0
0	55	0	99	50	0	3
0	55	0	101	50	0	2
0	55	0	93	49	0	0
0	55	0	96	49	0	1
0	55	0	97	49	0	8
0	55	0	99	49	0	1
0	55	0	94	48	0	4
0	55	0	95	48	0	1
0	55	0	96	48	0	13
0	55	0	96	47	0	0
0	55	0	98	47	0	1
0	55	0	98	46	0	1
0	56	0	95	73	0	2
0	56	0	95	72	0	8
0	56	0	96	72	0	11
0	56	0	97	72	0	5
0	56	0	98	72	0	11
0	56	0	99	72	0	7
0	56	0	100	72	0	3
0	56	0	90	71	0	4
0	56	0	91	71	0	11
0	56	0	92	71	0	10
0	56	0	93	71	0	3
0	56	0	94	71	0	3
0	56	0	95	71	0	2
0	56	0	96	71	0	8
0	56	0	97	71	0	13
0	56	0	98	71	0	3
0	56	0	99	71	0	10
0	56	0	100	71	0	2
0	56	0	101	71	0	4
0	56	0	102	71	0	0
0	56	0	89	70	0	7
0	56	0	90	70	0	6
0	56	0	91	70	0	12
0	56	0	92	70	0	4
0	56	0	93	70	0	5
0	56	0	94	70	0	4
0	56	0	95	70	0	8
0	56	0	96	70	0	8
0	56	0	97	70	0	2
0	56	0	98	70	0	14
0	56	0	99	70	0	6
0	56	0	100	70	0	5
0	56	0	101	70	0	6
0	56	0	102	70	0	5
0	56	0	87	69	0	6
0	56	0	88	69	0	5
0	56	0	89	69	0	12
0	56	0	90	69	0	16
0	56	0	91	69	0	13
0	56	0	92	69	0	1
0	56	0	93	69	0	4
0	56	0	94	69	0	9
0	56	0	95	69	0	7
0	56	0	96	69	0	14
0	56	0	97	69	0	5
0	56	0	98	69	0	5
0	56	0	99	69	0	8
0	56	0	100	69	0	15
0	56	0	101	69	0	3
0	56	0	102	69	0	3
0	56	0	86	68	0	5
0	56	0	87	68	0	12
0	56	0	88	68	0	7
0	56	0	89	68	0	8
0	56	0	90	68	0	1
0	56	0	91	68	0	8
0	56	0	92	68	0	9
0	56	0	93	68	0	16
0	56	0	94	68	0	10
0	56	0	95	68	0	7
0	56	0	96	68	0	6
0	56	0	97	68	0	10
0	56	0	98	68	0	4
0	56	0	99	68	0	10
0	56	0	100	68	0	3
0	56	0	101	68	0	14
0	56	0	102	68	0	5
0	56	0	86	67	0	4
0	56	0	87	67	0	10
0	56	0	88	67	0	6
0	56	0	89	67	0	8
0	56	0	90	67	0	6
0	56	0	91	67	0	10
0	56	0	92	67	0	6
0	56	0	93	67	0	10
0	56	0	94	67	0	10
0	56	0	95	67	0	10
0	56	0	96	67	0	14
0	56	0	97	67	0	15
0	56	0	98	67	0	10
0	56	0	99	67	0	8
0	56	0	100	67	0	15
0	56	0	101	67	0	15
0	56	0	102	67	0	9
0	56	0	87	66	0	8
0	56	0	88	66	0	5
0	56	0	89	66	0	13
0	56	0	90	66	0	11
0	56	0	91	66	0	5
0	56	0	92	66	0	12
0	56	0	93	66	0	7
0	56	0	94	66	0	6
0	56	0	95	66	0	3
0	56	0	96	66	0	7
0	56	0	97	66	0	10
0	56	0	98	66	0	8
0	56	0	99	66	0	13
0	56	0	100	66	0	8
0	56	0	101	66	0	3
0	56	0	102	66	0	4
0	56	0	87	65	0	8
0	56	0	88	65	0	6
0	56	0	89	65	0	5
0	56	0	90	65	0	8
0	56	0	91	65	0	4
0	56	0	92	65	0	5
0	56	0	93	65	0	7
0	56	0	94	65	0	7
0	56	0	95	65	0	6
0	56	0	96	65	0	7
0	56	0	97	65	0	2
0	56	0	98	65	0	9
0	56	0	99	65	0	4
0	56	0	100	65	0	4
0	56	0	101	65	0	6
0	56	0	102	65	0	1
0	56	0	103	65	0	9
0	56	0	87	64	0	4
0	56	0	88	64	0	8
0	56	0	89	64	0	6
0	56	0	90	64	0	7
0	56	0	91	64	0	6
0	56	0	92	64	0	8
0	56	0	93	64	0	8
0	56	0	94	64	0	6
0	56	0	95	64	0	9
0	56	0	96	64	0	7
0	56	0	97	64	0	8
0	56	0	98	64	0	9
0	56	0	99	64	0	11
0	56	0	100	64	0	7
0	56	0	101	64	0	4
0	56	0	102	64	0	11
0	56	0	103	64	0	1
0	56	0	86	63	0	6
0	56	0	87	63	0	2
0	56	0	88	63	0	9
0	56	0	89	63	0	7
0	56	0	90	63	0	4
0	56	0	91	63	0	9
0	56	0	92	63	0	11
0	56	0	93	63	0	13
0	56	0	94	63	0	9
0	56	0	95	63	0	19
0	56	0	96	63	0	6
0	56	0	97	63	0	14
0	56	0	98	63	0	9
0	56	0	99	63	0	10
0	56	0	100	63	0	0
0	56	0	101	63	0	0
0	56	0	102	63	0	5
0	56	0	103	63	0	9
0	56	0	87	62	0	3
0	56	0	88	62	0	2
0	56	0	89	62	0	6
0	56	0	90	62	0	11
0	56	0	91	62	0	4
0	56	0	92	62	0	10
0	56	0	93	62	0	13
0	56	0	94	62	0	3
0	56	0	95	62	0	12
0	56	0	96	62	0	7
0	56	0	97	62	0	3
0	56	0	98	62	0	0
0	56	0	99	62	0	2
0	56	0	101	62	0	3
0	56	0	102	62	0	0
0	56	0	87	61	0	4
0	56	0	88	61	0	6
0	56	0	89	61	0	7
0	56	0	90	61	0	3
0	56	0	91	61	0	6
0	56	0	92	61	0	10
0	56	0	93	61	0	3
0	56	0	94	61	0	3
0	56	0	95	61	0	1
0	56	0	96	61	0	11
0	56	0	97	61	0	4
0	56	0	98	61	0	15
0	56	0	99	61	0	3
0	56	0	100	61	0	0
0	56	0	88	60	0	9
0	56	0	89	60	0	11
0	56	0	90	60	0	6
0	56	0	91	60	0	12
0	56	0	92	60	0	15
0	56	0	93	60	0	5
0	56	0	94	60	0	6
0	56	0	95	60	0	6
0	56	0	96	60	0	1
0	56	0	88	59	0	8
0	56	0	89	59	0	3
0	56	0	90	59	0	11
0	56	0	91	59	0	3
0	56	0	92	59	0	8
0	56	0	93	59	0	3
0	56	0	94	59	0	11
0	56	0	95	59	0	3
0	56	0	89	58	0	5
0	56	0	90	58	0	6
0	56	0	91	58	0	2
0	56	0	92	58	0	0
0	56	0	93	58	0	10
0	56	0	94	58	0	4
0	56	0	91	57	0	12
0	56	0	92	57	0	0
0	56	0	93	57	0	0
0	56	0	96	55	0	6
0	56	0	94	54	0	0
0	56	0	95	54	0	5
0	56	0	96	54	0	0
0	56	0	97	54	0	0
0	56	0	93	53	0	0
0	56	0	94	53	0	7
0	56	0	95	53	0	11
0	56	0	96	53	0	2
0	56	0	97	53	0	1
0	56	0	98	53	0	2
0	56	0	100	53	0	1
0	56	0	101	53	0	0
0	56	0	103	53	0	3
0	56	0	104	53	0	5
0	56	0	93	52	0	0
0	56	0	94	52	0	3
0	56	0	95	52	0	0
0	56	0	96	52	0	9
0	56	0	97	52	0	0
0	56	0	98	52	0	10
0	56	0	99	52	0	0
0	56	0	104	52	0	1
0	56	0	105	52	0	6
0	56	0	93	51	0	0
0	56	0	94	51	0	1
0	56	0	97	51	0	0
0	56	0	98	51	0	8
0	56	0	99	51	0	3
0	56	0	104	51	0	0
0	56	0	96	50	0	0
0	56	0	98	50	0	1
0	56	0	99	50	0	2
0	56	0	101	50	0	2
0	56	0	93	49	0	0
0	56	0	96	49	0	1
0	56	0	97	49	0	8
0	56	0	99	49	0	3
0	56	0	94	48	0	4
0	56	0	95	48	0	0
0	56	0	96	48	0	18
0	56	0	96	47	0	0
0	56	0	98	47	0	0
0	56	0	98	46	0	0
0	57	0	95	73	0	2
0	57	0	95	72	0	12
0	57	0	96	72	0	4
0	57	0	97	72	0	8
0	57	0	98	72	0	9
0	57	0	99	72	0	2
0	57	0	100	72	0	2
0	57	0	90	71	0	6
0	57	0	91	71	0	9
0	57	0	92	71	0	8
0	57	0	93	71	0	2
0	57	0	94	71	0	4
0	57	0	95	71	0	3
0	57	0	96	71	0	7
0	57	0	97	71	0	12
0	57	0	98	71	0	1
0	57	0	99	71	0	8
0	57	0	100	71	0	1
0	57	0	101	71	0	4
0	57	0	102	71	0	0
0	57	0	89	70	0	8
0	57	0	90	70	0	6
0	57	0	91	70	0	16
0	57	0	92	70	0	6
0	57	0	93	70	0	5
0	57	0	94	70	0	6
0	57	0	95	70	0	6
0	57	0	96	70	0	5
0	57	0	97	70	0	2
0	57	0	98	70	0	16
0	57	0	99	70	0	9
0	57	0	100	70	0	2
0	57	0	101	70	0	7
0	57	0	102	70	0	2
0	57	0	87	69	0	8
0	57	0	88	69	0	2
0	57	0	89	69	0	11
0	57	0	90	69	0	8
0	57	0	91	69	0	9
0	57	0	92	69	0	1
0	57	0	93	69	0	4
0	57	0	94	69	0	9
0	57	0	95	69	0	12
0	57	0	96	69	0	12
0	57	0	97	69	0	3
0	57	0	98	69	0	3
0	57	0	99	69	0	7
0	57	0	100	69	0	13
0	57	0	101	69	0	7
0	57	0	102	69	0	0
0	57	0	86	68	0	11
0	57	0	87	68	0	6
0	57	0	88	68	0	6
0	57	0	89	68	0	10
0	57	0	90	68	0	2
0	57	0	91	68	0	10
0	57	0	92	68	0	9
0	57	0	93	68	0	10
0	57	0	94	68	0	13
0	57	0	95	68	0	9
0	57	0	96	68	0	10
0	57	0	97	68	0	20
0	57	0	98	68	0	4
0	57	0	99	68	0	8
0	57	0	100	68	0	4
0	57	0	101	68	0	8
0	57	0	102	68	0	3
0	57	0	86	67	0	3
0	57	0	87	67	0	7
0	57	0	88	67	0	10
0	57	0	89	67	0	7
0	57	0	90	67	0	6
0	57	0	91	67	0	13
0	57	0	92	67	0	9
0	57	0	93	67	0	10
0	57	0	94	67	0	9
0	57	0	95	67	0	6
0	57	0	96	67	0	15
0	57	0	97	67	0	13
0	57	0	98	67	0	14
0	57	0	99	67	0	14
0	57	0	100	67	0	21
0	57	0	101	67	0	12
0	57	0	102	67	0	9
0	57	0	87	66	0	2
0	57	0	88	66	0	3
0	57	0	89	66	0	13
0	57	0	90	66	0	13
0	57	0	91	66	0	4
0	57	0	92	66	0	12
0	57	0	93	66	0	8
0	57	0	94	66	0	10
0	57	0	95	66	0	5
0	57	0	96	66	0	6
0	57	0	97	66	0	9
0	57	0	98	66	0	7
0	57	0	99	66	0	14
0	57	0	100	66	0	13
0	57	0	101	66	0	2
0	57	0	102	66	0	8
0	57	0	87	65	0	9
0	57	0	88	65	0	7
0	57	0	89	65	0	2
0	57	0	90	65	0	8
0	57	0	91	65	0	3
0	57	0	92	65	0	6
0	57	0	93	65	0	7
0	57	0	94	65	0	5
0	57	0	95	65	0	7
0	57	0	96	65	0	9
0	57	0	97	65	0	2
0	57	0	98	65	0	15
0	57	0	99	65	0	7
0	57	0	100	65	0	2
0	57	0	101	65	0	7
0	57	0	102	65	0	0
0	57	0	103	65	0	14
0	57	0	87	64	0	7
0	57	0	88	64	0	6
0	57	0	89	64	0	6
0	57	0	90	64	0	5
0	57	0	91	64	0	9
0	57	0	92	64	0	10
0	57	0	93	64	0	6
0	57	0	94	64	0	7
0	57	0	95	64	0	10
0	57	0	96	64	0	10
0	57	0	97	64	0	7
0	57	0	98	64	0	7
0	57	0	99	64	0	11
0	57	0	100	64	0	7
0	57	0	101	64	0	4
0	57	0	102	64	0	10
0	57	0	103	64	0	0
0	57	0	86	63	0	6
0	57	0	87	63	0	4
0	57	0	88	63	0	13
0	57	0	89	63	0	5
0	57	0	90	63	0	2
0	57	0	91	63	0	9
0	57	0	92	63	0	9
0	57	0	93	63	0	6
0	57	0	94	63	0	8
0	57	0	95	63	0	18
0	57	0	96	63	0	5
0	57	0	97	63	0	13
0	57	0	98	63	0	10
0	57	0	99	63	0	9
0	57	0	100	63	0	1
0	57	0	101	63	0	1
0	57	0	102	63	0	5
0	57	0	103	63	0	8
0	57	0	87	62	0	3
0	57	0	88	62	0	4
0	57	0	89	62	0	7
0	57	0	90	62	0	10
0	57	0	91	62	0	1
0	57	0	92	62	0	11
0	57	0	93	62	0	11
0	57	0	94	62	0	4
0	57	0	95	62	0	19
0	57	0	96	62	0	4
0	57	0	97	62	0	5
0	57	0	98	62	0	0
0	57	0	99	62	0	6
0	57	0	101	62	0	0
0	57	0	102	62	0	0
0	57	0	87	61	0	6
0	57	0	88	61	0	8
0	57	0	89	61	0	6
0	57	0	90	61	0	3
0	57	0	91	61	0	9
0	57	0	92	61	0	15
0	57	0	93	61	0	5
0	57	0	94	61	0	10
0	57	0	95	61	0	1
0	57	0	96	61	0	7
0	57	0	97	61	0	3
0	57	0	98	61	0	12
0	57	0	99	61	0	4
0	57	0	100	61	0	1
0	57	0	88	60	0	7
0	57	0	89	60	0	13
0	57	0	90	60	0	3
0	57	0	91	60	0	8
0	57	0	92	60	0	14
0	57	0	93	60	0	5
0	57	0	94	60	0	2
0	57	0	95	60	0	3
0	57	0	96	60	0	0
0	57	0	88	59	0	9
0	57	0	89	59	0	5
0	57	0	90	59	0	6
0	57	0	91	59	0	1
0	57	0	92	59	0	10
0	57	0	93	59	0	7
0	57	0	94	59	0	18
0	57	0	95	59	0	5
0	57	0	89	58	0	9
0	57	0	90	58	0	8
0	57	0	91	58	0	1
0	57	0	92	58	0	1
0	57	0	93	58	0	9
0	57	0	94	58	0	5
0	57	0	91	57	0	11
0	57	0	92	57	0	0
0	57	0	93	57	0	0
0	57	0	96	55	0	8
0	57	0	94	54	0	0
0	57	0	95	54	0	7
0	57	0	96	54	0	0
0	57	0	97	54	0	0
0	57	0	93	53	0	0
0	57	0	94	53	0	4
0	57	0	95	53	0	11
0	57	0	96	53	0	1
0	57	0	97	53	0	0
0	57	0	98	53	0	2
0	57	0	100	53	0	5
0	57	0	101	53	0	0
0	57	0	103	53	0	3
0	57	0	104	53	0	5
0	57	0	93	52	0	0
0	57	0	94	52	0	2
0	57	0	95	52	0	0
0	57	0	96	52	0	7
0	57	0	97	52	0	0
0	57	0	98	52	0	11
0	57	0	99	52	0	0
0	57	0	104	52	0	3
0	57	0	105	52	0	3
0	57	0	93	51	0	0
0	57	0	94	51	0	1
0	57	0	97	51	0	1
0	57	0	98	51	0	2
0	57	0	99	51	0	3
0	57	0	104	51	0	0
0	57	0	94	50	0	1
0	57	0	96	50	0	0
0	57	0	98	50	0	1
0	57	0	99	50	0	1
0	57	0	101	50	0	4
0	57	0	93	49	0	0
0	57	0	96	49	0	1
0	57	0	97	49	0	4
0	57	0	99	49	0	1
0	57	0	101	49	0	1
0	57	0	94	48	0	4
0	57	0	95	48	0	0
0	57	0	96	48	0	13
0	57	0	97	48	0	1
0	57	0	94	47	0	1
0	57	0	96	47	0	0
0	57	0	98	47	0	0
0	57	0	93	46	0	1
0	57	0	98	46	0	0
0	58	0	95	73	0	2
0	58	0	95	72	0	11
0	58	0	96	72	0	4
0	58	0	97	72	0	6
0	58	0	98	72	0	3
0	58	0	99	72	0	7
0	58	0	100	72	0	3
0	58	0	90	71	0	8
0	58	0	91	71	0	8
0	58	0	92	71	0	9
0	58	0	93	71	0	1
0	58	0	94	71	0	5
0	58	0	95	71	0	2
0	58	0	96	71	0	8
0	58	0	97	71	0	17
0	58	0	98	71	0	4
0	58	0	99	71	0	3
0	58	0	100	71	0	1
0	58	0	101	71	0	1
0	58	0	102	71	0	0
0	58	0	89	70	0	11
0	58	0	90	70	0	11
0	58	0	91	70	0	14
0	58	0	92	70	0	6
0	58	0	93	70	0	7
0	58	0	94	70	0	7
0	58	0	95	70	0	8
0	58	0	96	70	0	8
0	58	0	97	70	0	2
0	58	0	98	70	0	25
0	58	0	99	70	0	16
0	58	0	100	70	0	3
0	58	0	101	70	0	8
0	58	0	102	70	0	6
0	58	0	87	69	0	5
0	58	0	88	69	0	4
0	58	0	89	69	0	8
0	58	0	90	69	0	10
0	58	0	91	69	0	8
0	58	0	92	69	0	3
0	58	0	93	69	0	5
0	58	0	94	69	0	7
0	58	0	95	69	0	8
0	58	0	96	69	0	9
0	58	0	97	69	0	3
0	58	0	98	69	0	2
0	58	0	99	69	0	10
0	58	0	100	69	0	8
0	58	0	101	69	0	10
0	58	0	102	69	0	0
0	58	0	86	68	0	11
0	58	0	87	68	0	5
0	58	0	88	68	0	9
0	58	0	89	68	0	11
0	58	0	90	68	0	6
0	58	0	91	68	0	8
0	58	0	92	68	0	8
0	58	0	93	68	0	13
0	58	0	94	68	0	10
0	58	0	95	68	0	14
0	58	0	96	68	0	5
0	58	0	97	68	0	20
0	58	0	98	68	0	8
0	58	0	99	68	0	8
0	58	0	100	68	0	5
0	58	0	101	68	0	7
0	58	0	102	68	0	4
0	58	0	86	67	0	5
0	58	0	87	67	0	14
0	58	0	88	67	0	8
0	58	0	89	67	0	9
0	58	0	90	67	0	2
0	58	0	91	67	0	12
0	58	0	92	67	0	5
0	58	0	93	67	0	8
0	58	0	94	67	0	9
0	58	0	95	67	0	10
0	58	0	96	67	0	11
0	58	0	97	67	0	7
0	58	0	98	67	0	11
0	58	0	99	67	0	8
0	58	0	100	67	0	12
0	58	0	101	67	0	17
0	58	0	102	67	0	11
0	58	0	87	66	0	1
0	58	0	88	66	0	2
0	58	0	89	66	0	12
0	58	0	90	66	0	12
0	58	0	91	66	0	3
0	58	0	92	66	0	11
0	58	0	93	66	0	10
0	58	0	94	66	0	8
0	58	0	95	66	0	6
0	58	0	96	66	0	9
0	58	0	97	66	0	7
0	58	0	98	66	0	5
0	58	0	99	66	0	14
0	58	0	100	66	0	12
0	58	0	101	66	0	5
0	58	0	102	66	0	9
0	58	0	87	65	0	9
0	58	0	88	65	0	8
0	58	0	89	65	0	4
0	58	0	90	65	0	2
0	58	0	91	65	0	1
0	58	0	92	65	0	5
0	58	0	93	65	0	4
0	58	0	94	65	0	6
0	58	0	95	65	0	10
0	58	0	96	65	0	6
0	58	0	97	65	0	2
0	58	0	98	65	0	12
0	58	0	99	65	0	9
0	58	0	100	65	0	2
0	58	0	101	65	0	10
0	58	0	102	65	0	0
0	58	0	103	65	0	10
0	58	0	87	64	0	11
0	58	0	88	64	0	11
0	58	0	89	64	0	7
0	58	0	90	64	0	4
0	58	0	91	64	0	4
0	58	0	92	64	0	5
0	58	0	93	64	0	6
0	58	0	94	64	0	8
0	58	0	95	64	0	13
0	58	0	96	64	0	8
0	58	0	97	64	0	5
0	58	0	98	64	0	8
0	58	0	99	64	0	11
0	58	0	100	64	0	5
0	58	0	101	64	0	10
0	58	0	102	64	0	13
0	58	0	103	64	0	0
0	58	0	86	63	0	5
0	58	0	87	63	0	3
0	58	0	88	63	0	10
0	58	0	89	63	0	6
0	58	0	90	63	0	2
0	58	0	91	63	0	7
0	58	0	92	63	0	7
0	58	0	93	63	0	10
0	58	0	94	63	0	7
0	58	0	95	63	0	13
0	58	0	96	63	0	6
0	58	0	97	63	0	13
0	58	0	98	63	0	8
0	58	0	99	63	0	8
0	58	0	100	63	0	3
0	58	0	101	63	0	2
0	58	0	102	63	0	3
0	58	0	103	63	0	5
0	58	0	87	62	0	4
0	58	0	88	62	0	8
0	58	0	89	62	0	6
0	58	0	90	62	0	7
0	58	0	91	62	0	3
0	58	0	92	62	0	14
0	58	0	93	62	0	12
0	58	0	94	62	0	0
0	58	0	95	62	0	16
0	58	0	96	62	0	5
0	58	0	97	62	0	4
0	58	0	98	62	0	1
0	58	0	99	62	0	8
0	58	0	101	62	0	0
0	58	0	102	62	0	0
0	58	0	87	61	0	7
0	58	0	88	61	0	6
0	58	0	89	61	0	7
0	58	0	90	61	0	9
0	58	0	91	61	0	6
0	58	0	92	61	0	11
0	58	0	93	61	0	6
0	58	0	94	61	0	11
0	58	0	95	61	0	3
0	58	0	96	61	0	8
0	58	0	97	61	0	0
0	58	0	98	61	0	13
0	58	0	99	61	0	3
0	58	0	100	61	0	2
0	58	0	88	60	0	5
0	58	0	89	60	0	6
0	58	0	90	60	0	4
0	58	0	91	60	0	9
0	58	0	92	60	0	16
0	58	0	93	60	0	4
0	58	0	94	60	0	2
0	58	0	95	60	0	7
0	58	0	96	60	0	1
0	58	0	88	59	0	14
0	58	0	89	59	0	1
0	58	0	90	59	0	10
0	58	0	91	59	0	3
0	58	0	92	59	0	11
0	58	0	93	59	0	13
0	58	0	94	59	0	11
0	58	0	95	59	0	7
0	58	0	89	58	0	2
0	58	0	90	58	0	7
0	58	0	91	58	0	2
0	58	0	92	58	0	2
0	58	0	93	58	0	12
0	58	0	94	58	0	5
0	58	0	91	57	0	14
0	58	0	92	57	0	0
0	58	0	93	57	0	1
0	58	0	96	55	0	7
0	58	0	94	54	0	0
0	58	0	95	54	0	8
0	58	0	96	54	0	0
0	58	0	97	54	0	0
0	58	0	93	53	0	0
0	58	0	94	53	0	8
0	58	0	95	53	0	7
0	58	0	96	53	0	1
0	58	0	97	53	0	0
0	58	0	98	53	0	3
0	58	0	100	53	0	3
0	58	0	101	53	0	0
0	58	0	103	53	0	5
0	58	0	104	53	0	8
0	58	0	93	52	0	0
0	58	0	94	52	0	0
0	58	0	95	52	0	0
0	58	0	96	52	0	2
0	58	0	97	52	0	0
0	58	0	98	52	0	14
0	58	0	99	52	0	0
0	58	0	102	52	0	1
0	58	0	104	52	0	2
0	58	0	105	52	0	2
0	58	0	106	52	0	2
0	58	0	93	51	0	0
0	58	0	94	51	0	2
0	58	0	97	51	0	1
0	58	0	98	51	0	4
0	58	0	99	51	0	7
0	58	0	104	51	0	0
0	58	0	94	50	0	0
0	58	0	96	50	0	0
0	58	0	98	50	0	1
0	58	0	99	50	0	1
0	58	0	101	50	0	2
0	58	0	93	49	0	0
0	58	0	96	49	0	0
0	58	0	97	49	0	3
0	58	0	99	49	0	0
0	58	0	101	49	0	0
0	58	0	94	48	0	5
0	58	0	95	48	0	0
0	58	0	96	48	0	15
0	58	0	97	48	0	1
0	58	0	98	48	0	1
0	58	0	94	47	0	3
0	58	0	96	47	0	0
0	58	0	98	47	0	0
0	58	0	93	46	0	0
0	58	0	98	46	0	0
0	59	0	95	73	0	1
0	59	0	95	72	0	6
0	59	0	96	72	0	4
0	59	0	97	72	0	4
0	59	0	98	72	0	2
0	59	0	99	72	0	8
0	59	0	100	72	0	3
0	59	0	90	71	0	13
0	59	0	91	71	0	9
0	59	0	92	71	0	10
0	59	0	93	71	0	0
0	59	0	94	71	0	5
0	59	0	95	71	0	3
0	59	0	96	71	0	7
0	59	0	97	71	0	9
0	59	0	98	71	0	5
0	59	0	99	71	0	4
0	59	0	100	71	0	1
0	59	0	101	71	0	3
0	59	0	102	71	0	0
0	59	0	89	70	0	15
0	59	0	90	70	0	10
0	59	0	91	70	0	9
0	59	0	92	70	0	8
0	59	0	93	70	0	8
0	59	0	94	70	0	12
0	59	0	95	70	0	10
0	59	0	96	70	0	11
0	59	0	97	70	0	2
0	59	0	98	70	0	15
0	59	0	99	70	0	16
0	59	0	100	70	0	5
0	59	0	101	70	0	9
0	59	0	102	70	0	6
0	59	0	87	69	0	8
0	59	0	88	69	0	4
0	59	0	89	69	0	11
0	59	0	90	69	0	10
0	59	0	91	69	0	7
0	59	0	92	69	0	4
0	59	0	93	69	0	5
0	59	0	94	69	0	9
0	59	0	95	69	0	8
0	59	0	96	69	0	5
0	59	0	97	69	0	5
0	59	0	98	69	0	4
0	59	0	99	69	0	11
0	59	0	100	69	0	9
0	59	0	101	69	0	10
0	59	0	102	69	0	1
0	59	0	86	68	0	10
0	59	0	87	68	0	9
0	59	0	88	68	0	16
0	59	0	89	68	0	12
0	59	0	90	68	0	11
0	59	0	91	68	0	10
0	59	0	92	68	0	10
0	59	0	93	68	0	12
0	59	0	94	68	0	11
0	59	0	95	68	0	7
0	59	0	96	68	0	3
0	59	0	97	68	0	16
0	59	0	98	68	0	10
0	59	0	99	68	0	9
0	59	0	100	68	0	6
0	59	0	101	68	0	6
0	59	0	102	68	0	3
0	59	0	86	67	0	9
0	59	0	87	67	0	11
0	59	0	88	67	0	3
0	59	0	89	67	0	11
0	59	0	90	67	0	3
0	59	0	91	67	0	9
0	59	0	92	67	0	7
0	59	0	93	67	0	15
0	59	0	94	67	0	7
0	59	0	95	67	0	13
0	59	0	96	67	0	10
0	59	0	97	67	0	11
0	59	0	98	67	0	7
0	59	0	99	67	0	7
0	59	0	100	67	0	7
0	59	0	101	67	0	16
0	59	0	102	67	0	12
0	59	0	87	66	0	2
0	59	0	88	66	0	3
0	59	0	89	66	0	13
0	59	0	90	66	0	9
0	59	0	91	66	0	7
0	59	0	92	66	0	11
0	59	0	93	66	0	10
0	59	0	94	66	0	10
0	59	0	95	66	0	7
0	59	0	96	66	0	9
0	59	0	97	66	0	10
0	59	0	98	66	0	10
0	59	0	99	66	0	20
0	59	0	100	66	0	8
0	59	0	101	66	0	5
0	59	0	102	66	0	11
0	59	0	87	65	0	9
0	59	0	88	65	0	9
0	59	0	89	65	0	4
0	59	0	90	65	0	5
0	59	0	91	65	0	0
0	59	0	92	65	0	4
0	59	0	93	65	0	8
0	59	0	94	65	0	13
0	59	0	95	65	0	11
0	59	0	96	65	0	8
0	59	0	97	65	0	0
0	59	0	98	65	0	9
0	59	0	99	65	0	9
0	59	0	100	65	0	1
0	59	0	101	65	0	7
0	59	0	102	65	0	1
0	59	0	103	65	0	7
0	59	0	87	64	0	9
0	59	0	88	64	0	12
0	59	0	89	64	0	7
0	59	0	90	64	0	1
0	59	0	91	64	0	5
0	59	0	92	64	0	6
0	59	0	93	64	0	7
0	59	0	94	64	0	9
0	59	0	95	64	0	11
0	59	0	96	64	0	11
0	59	0	97	64	0	7
0	59	0	98	64	0	9
0	59	0	99	64	0	12
0	59	0	100	64	0	2
0	59	0	101	64	0	9
0	59	0	102	64	0	5
0	59	0	103	64	0	0
0	59	0	86	63	0	10
0	59	0	87	63	0	6
0	59	0	88	63	0	6
0	59	0	89	63	0	5
0	59	0	90	63	0	2
0	59	0	91	63	0	4
0	59	0	92	63	0	6
0	59	0	93	63	0	9
0	59	0	94	63	0	9
0	59	0	95	63	0	10
0	59	0	96	63	0	8
0	59	0	97	63	0	6
0	59	0	98	63	0	4
0	59	0	99	63	0	4
0	59	0	100	63	0	1
0	59	0	101	63	0	3
0	59	0	102	63	0	6
0	59	0	103	63	0	7
0	59	0	87	62	0	7
0	59	0	88	62	0	8
0	59	0	89	62	0	12
0	59	0	90	62	0	10
0	59	0	91	62	0	4
0	59	0	92	62	0	11
0	59	0	93	62	0	6
0	59	0	94	62	0	2
0	59	0	95	62	0	15
0	59	0	96	62	0	5
0	59	0	97	62	0	6
0	59	0	98	62	0	2
0	59	0	99	62	0	5
0	59	0	101	62	0	1
0	59	0	102	62	0	0
0	59	0	87	61	0	7
0	59	0	88	61	0	0
0	59	0	89	61	0	4
0	59	0	90	61	0	9
0	59	0	91	61	0	7
0	59	0	92	61	0	15
0	59	0	93	61	0	9
0	59	0	94	61	0	10
0	59	0	95	61	0	5
0	59	0	96	61	0	9
0	59	0	97	61	0	0
0	59	0	98	61	0	8
0	59	0	99	61	0	3
0	59	0	100	61	0	2
0	59	0	88	60	0	10
0	59	0	89	60	0	7
0	59	0	90	60	0	3
0	59	0	91	60	0	3
0	59	0	92	60	0	9
0	59	0	93	60	0	6
0	59	0	94	60	0	2
0	59	0	95	60	0	6
0	59	0	96	60	0	3
0	59	0	88	59	0	8
0	59	0	89	59	0	1
0	59	0	90	59	0	6
0	59	0	91	59	0	1
0	59	0	92	59	0	11
0	59	0	93	59	0	9
0	59	0	94	59	0	10
0	59	0	95	59	0	4
0	59	0	89	58	0	4
0	59	0	90	58	0	4
0	59	0	91	58	0	3
0	59	0	92	58	0	3
0	59	0	93	58	0	10
0	59	0	94	58	0	10
0	59	0	91	57	0	10
0	59	0	92	57	0	0
0	59	0	93	57	0	2
0	59	0	96	55	0	7
0	59	0	94	54	0	1
0	59	0	95	54	0	8
0	59	0	96	54	0	0
0	59	0	97	54	0	0
0	59	0	93	53	0	1
0	59	0	94	53	0	4
0	59	0	95	53	0	10
0	59	0	96	53	0	1
0	59	0	97	53	0	0
0	59	0	98	53	0	3
0	59	0	100	53	0	2
0	59	0	101	53	0	0
0	59	0	103	53	0	4
0	59	0	104	53	0	9
0	59	0	93	52	0	0
0	59	0	94	52	0	0
0	59	0	95	52	0	1
0	59	0	96	52	0	5
0	59	0	97	52	0	0
0	59	0	98	52	0	10
0	59	0	99	52	0	0
0	59	0	102	52	0	5
0	59	0	104	52	0	6
0	59	0	105	52	0	2
0	59	0	106	52	0	2
0	59	0	93	51	0	0
0	59	0	94	51	0	2
0	59	0	97	51	0	1
0	59	0	98	51	0	6
0	59	0	99	51	0	7
0	59	0	104	51	0	0
0	59	0	94	50	0	0
0	59	0	96	50	0	1
0	59	0	97	50	0	1
0	59	0	98	50	0	0
0	59	0	99	50	0	3
0	59	0	101	50	0	3
0	59	0	106	50	0	1
0	59	0	107	50	0	1
0	59	0	93	49	0	0
0	59	0	96	49	0	0
0	59	0	97	49	0	3
0	59	0	99	49	0	0
0	59	0	101	49	0	0
0	59	0	94	48	0	7
0	59	0	95	48	0	0
0	59	0	96	48	0	10
0	59	0	97	48	0	0
0	59	0	98	48	0	2
0	59	0	94	47	0	3
0	59	0	96	47	0	0
0	59	0	98	47	0	0
0	59	0	101	47	0	1
0	59	0	93	46	0	0
0	59	0	98	46	0	1
0	60	0	95	73	0	0
0	60	0	95	72	0	9
0	60	0	96	72	0	8
0	60	0	97	72	0	3
0	60	0	98	72	0	2
0	60	0	99	72	0	8
0	60	0	100	72	0	5
0	60	0	90	71	0	10
0	60	0	91	71	0	6
0	60	0	92	71	0	10
0	60	0	93	71	0	1
0	60	0	94	71	0	7
0	60	0	95	71	0	2
0	60	0	96	71	0	6
0	60	0	97	71	0	8
0	60	0	98	71	0	6
0	60	0	99	71	0	6
0	60	0	100	71	0	0
0	60	0	101	71	0	6
0	60	0	102	71	0	1
0	60	0	89	70	0	17
0	60	0	90	70	0	9
0	60	0	91	70	0	6
0	60	0	92	70	0	11
0	60	0	93	70	0	6
0	60	0	94	70	0	9
0	60	0	95	70	0	7
0	60	0	96	70	0	11
0	60	0	97	70	0	2
0	60	0	98	70	0	24
0	60	0	99	70	0	13
0	60	0	100	70	0	3
0	60	0	101	70	0	2
0	60	0	102	70	0	7
0	60	0	87	69	0	11
0	60	0	88	69	0	8
0	60	0	89	69	0	3
0	60	0	90	69	0	8
0	60	0	91	69	0	10
0	60	0	92	69	0	6
0	60	0	93	69	0	4
0	60	0	94	69	0	7
0	60	0	95	69	0	13
0	60	0	96	69	0	8
0	60	0	97	69	0	5
0	60	0	98	69	0	5
0	60	0	99	69	0	9
0	60	0	100	69	0	7
0	60	0	101	69	0	8
0	60	0	102	69	0	2
0	60	0	86	68	0	16
0	60	0	87	68	0	14
0	60	0	88	68	0	8
0	60	0	89	68	0	8
0	60	0	90	68	0	14
0	60	0	91	68	0	10
0	60	0	92	68	0	4
0	60	0	93	68	0	10
0	60	0	94	68	0	13
0	60	0	95	68	0	10
0	60	0	96	68	0	2
0	60	0	97	68	0	13
0	60	0	98	68	0	12
0	60	0	99	68	0	9
0	60	0	100	68	0	13
0	60	0	101	68	0	6
0	60	0	102	68	0	2
0	60	0	86	67	0	13
0	60	0	87	67	0	8
0	60	0	88	67	0	9
0	60	0	89	67	0	10
0	60	0	90	67	0	5
0	60	0	91	67	0	10
0	60	0	92	67	0	3
0	60	0	93	67	0	12
0	60	0	94	67	0	9
0	60	0	95	67	0	10
0	60	0	96	67	0	4
0	60	0	97	67	0	14
0	60	0	98	67	0	10
0	60	0	99	67	0	9
0	60	0	100	67	0	8
0	60	0	101	67	0	13
0	60	0	102	67	0	9
0	60	0	87	66	0	7
0	60	0	88	66	0	5
0	60	0	89	66	0	7
0	60	0	90	66	0	7
0	60	0	91	66	0	7
0	60	0	92	66	0	12
0	60	0	93	66	0	11
0	60	0	94	66	0	11
0	60	0	95	66	0	11
0	60	0	96	66	0	5
0	60	0	97	66	0	13
0	60	0	98	66	0	13
0	60	0	99	66	0	11
0	60	0	100	66	0	12
0	60	0	101	66	0	7
0	60	0	102	66	0	9
0	60	0	87	65	0	9
0	60	0	88	65	0	12
0	60	0	89	65	0	5
0	60	0	90	65	0	7
0	60	0	91	65	0	0
0	60	0	92	65	0	6
0	60	0	93	65	0	6
0	60	0	94	65	0	12
0	60	0	95	65	0	6
0	60	0	96	65	0	12
0	60	0	97	65	0	0
0	60	0	98	65	0	7
0	60	0	99	65	0	16
0	60	0	100	65	0	2
0	60	0	101	65	0	8
0	60	0	102	65	0	0
0	60	0	103	65	0	6
0	60	0	87	64	0	13
0	60	0	88	64	0	5
0	60	0	89	64	0	6
0	60	0	90	64	0	2
0	60	0	91	64	0	2
0	60	0	92	64	0	8
0	60	0	93	64	0	8
0	60	0	94	64	0	8
0	60	0	95	64	0	9
0	60	0	96	64	0	10
0	60	0	97	64	0	4
0	60	0	98	64	0	11
0	60	0	99	64	0	7
0	60	0	100	64	0	6
0	60	0	101	64	0	7
0	60	0	102	64	0	2
0	60	0	103	64	0	0
0	60	0	86	63	0	9
0	60	0	87	63	0	4
0	60	0	88	63	0	8
0	60	0	89	63	0	10
0	60	0	90	63	0	0
0	60	0	91	63	0	2
0	60	0	92	63	0	3
0	60	0	93	63	0	11
0	60	0	94	63	0	9
0	60	0	95	63	0	15
0	60	0	96	63	0	8
0	60	0	97	63	0	10
0	60	0	98	63	0	6
0	60	0	99	63	0	5
0	60	0	100	63	0	3
0	60	0	101	63	0	9
0	60	0	102	63	0	9
0	60	0	103	63	0	10
0	60	0	87	62	0	8
0	60	0	88	62	0	6
0	60	0	89	62	0	6
0	60	0	90	62	0	11
0	60	0	91	62	0	6
0	60	0	92	62	0	8
0	60	0	93	62	0	3
0	60	0	94	62	0	5
0	60	0	95	62	0	14
0	60	0	96	62	0	5
0	60	0	97	62	0	4
0	60	0	98	62	0	4
0	60	0	99	62	0	5
0	60	0	100	62	0	1
0	60	0	101	62	0	1
0	60	0	102	62	0	0
0	60	0	87	61	0	7
0	60	0	88	61	0	1
0	60	0	89	61	0	4
0	60	0	90	61	0	5
0	60	0	91	61	0	6
0	60	0	92	61	0	15
0	60	0	93	61	0	8
0	60	0	94	61	0	13
0	60	0	95	61	0	4
0	60	0	96	61	0	6
0	60	0	97	61	0	2
0	60	0	98	61	0	7
0	60	0	99	61	0	1
0	60	0	100	61	0	2
0	60	0	88	60	0	7
0	60	0	89	60	0	7
0	60	0	90	60	0	6
0	60	0	91	60	0	3
0	60	0	92	60	0	8
0	60	0	93	60	0	5
0	60	0	94	60	0	3
0	60	0	95	60	0	4
0	60	0	96	60	0	5
0	60	0	88	59	0	8
0	60	0	89	59	0	1
0	60	0	90	59	0	5
0	60	0	91	59	0	1
0	60	0	92	59	0	9
0	60	0	93	59	0	8
0	60	0	94	59	0	6
0	60	0	95	59	0	4
0	60	0	89	58	0	6
0	60	0	90	58	0	3
0	60	0	91	58	0	2
0	60	0	92	58	0	3
0	60	0	93	58	0	10
0	60	0	94	58	0	7
0	60	0	91	57	0	8
0	60	0	92	57	0	0
0	60	0	93	57	0	2
0	60	0	96	55	0	4
0	60	0	94	54	0	0
0	60	0	95	54	0	6
0	60	0	96	54	0	0
0	60	0	97	54	0	0
0	60	0	93	53	0	1
0	60	0	94	53	0	6
0	60	0	95	53	0	10
0	60	0	96	53	0	1
0	60	0	97	53	0	0
0	60	0	98	53	0	2
0	60	0	100	53	0	2
0	60	0	101	53	0	0
0	60	0	103	53	0	6
0	60	0	104	53	0	11
0	60	0	105	53	0	1
0	60	0	93	52	0	0
0	60	0	94	52	0	0
0	60	0	95	52	0	5
0	60	0	96	52	0	6
0	60	0	97	52	0	0
0	60	0	98	52	0	6
0	60	0	99	52	0	0
0	60	0	102	52	0	2
0	60	0	104	52	0	5
0	60	0	105	52	0	3
0	60	0	106	52	0	4
0	60	0	93	51	0	0
0	60	0	94	51	0	1
0	60	0	96	51	0	1
0	60	0	97	51	0	4
0	60	0	98	51	0	7
0	60	0	99	51	0	8
0	60	0	103	51	0	1
0	60	0	104	51	0	0
0	60	0	94	50	0	0
0	60	0	96	50	0	1
0	60	0	97	50	0	0
0	60	0	98	50	0	0
0	60	0	99	50	0	3
0	60	0	101	50	0	0
0	60	0	106	50	0	3
0	60	0	107	50	0	1
0	60	0	93	49	0	0
0	60	0	96	49	0	0
0	60	0	97	49	0	4
0	60	0	98	49	0	1
0	60	0	99	49	0	0
0	60	0	101	49	0	0
0	60	0	94	48	0	7
0	60	0	95	48	0	0
0	60	0	96	48	0	11
0	60	0	97	48	0	0
0	60	0	98	48	0	1
0	60	0	94	47	0	3
0	60	0	96	47	0	0
0	60	0	98	47	0	0
0	60	0	101	47	0	0
0	60	0	93	46	0	0
0	60	0	98	46	0	1
0	60	0	99	45	0	1
0	61	0	95	73	0	0
0	61	0	95	72	0	11
0	61	0	96	72	0	7
0	61	0	97	72	0	2
0	61	0	98	72	0	2
0	61	0	99	72	0	9
0	61	0	100	72	0	4
0	61	0	90	71	0	12
0	61	0	91	71	0	5
0	61	0	92	71	0	6
0	61	0	93	71	0	1
0	61	0	94	71	0	5
0	61	0	95	71	0	4
0	61	0	96	71	0	7
0	61	0	97	71	0	11
0	61	0	98	71	0	5
0	61	0	99	71	0	9
0	61	0	100	71	0	1
0	61	0	101	71	0	4
0	61	0	102	71	0	1
0	61	0	89	70	0	16
0	61	0	90	70	0	6
0	61	0	91	70	0	6
0	61	0	92	70	0	9
0	61	0	93	70	0	4
0	61	0	94	70	0	14
0	61	0	95	70	0	9
0	61	0	96	70	0	8
0	61	0	97	70	0	2
0	61	0	98	70	0	15
0	61	0	99	70	0	10
0	61	0	100	70	0	1
0	61	0	101	70	0	2
0	61	0	102	70	0	7
0	61	0	87	69	0	12
0	61	0	88	69	0	10
0	61	0	89	69	0	6
0	61	0	90	69	0	9
0	61	0	91	69	0	12
0	61	0	92	69	0	7
0	61	0	93	69	0	5
0	61	0	94	69	0	12
0	61	0	95	69	0	7
0	61	0	96	69	0	7
0	61	0	97	69	0	9
0	61	0	98	69	0	6
0	61	0	99	69	0	11
0	61	0	100	69	0	7
0	61	0	101	69	0	12
0	61	0	102	69	0	3
0	61	0	86	68	0	14
0	61	0	87	68	0	12
0	61	0	88	68	0	9
0	61	0	89	68	0	10
0	61	0	90	68	0	17
0	61	0	91	68	0	10
0	61	0	92	68	0	10
0	61	0	93	68	0	12
0	61	0	94	68	0	9
0	61	0	95	68	0	11
0	61	0	96	68	0	2
0	61	0	97	68	0	20
0	61	0	98	68	0	14
0	61	0	99	68	0	9
0	61	0	100	68	0	12
0	61	0	101	68	0	7
0	61	0	102	68	0	1
0	61	0	86	67	0	13
0	61	0	87	67	0	7
0	61	0	88	67	0	11
0	61	0	89	67	0	10
0	61	0	90	67	0	7
0	61	0	91	67	0	9
0	61	0	92	67	0	0
0	61	0	93	67	0	10
0	61	0	94	67	0	8
0	61	0	95	67	0	12
0	61	0	96	67	0	6
0	61	0	97	67	0	14
0	61	0	98	67	0	7
0	61	0	99	67	0	6
0	61	0	100	67	0	9
0	61	0	101	67	0	9
0	61	0	102	67	0	9
0	61	0	87	66	0	7
0	61	0	88	66	0	7
0	61	0	89	66	0	14
0	61	0	90	66	0	10
0	61	0	91	66	0	12
0	61	0	92	66	0	14
0	61	0	93	66	0	11
0	61	0	94	66	0	8
0	61	0	95	66	0	11
0	61	0	96	66	0	6
0	61	0	97	66	0	9
0	61	0	98	66	0	13
0	61	0	99	66	0	8
0	61	0	100	66	0	8
0	61	0	101	66	0	7
0	61	0	102	66	0	9
0	61	0	87	65	0	7
0	61	0	88	65	0	6
0	61	0	89	65	0	5
0	61	0	90	65	0	5
0	61	0	91	65	0	0
0	61	0	92	65	0	13
0	61	0	93	65	0	3
0	61	0	94	65	0	9
0	61	0	95	65	0	7
0	61	0	96	65	0	9
0	61	0	97	65	0	0
0	61	0	98	65	0	3
0	61	0	99	65	0	9
0	61	0	100	65	0	1
0	61	0	101	65	0	8
0	61	0	102	65	0	0
0	61	0	103	65	0	6
0	61	0	87	64	0	12
0	61	0	88	64	0	7
0	61	0	89	64	0	4
0	61	0	90	64	0	4
0	61	0	91	64	0	5
0	61	0	92	64	0	8
0	61	0	93	64	0	10
0	61	0	94	64	0	15
0	61	0	95	64	0	6
0	61	0	96	64	0	9
0	61	0	97	64	0	3
0	61	0	98	64	0	14
0	61	0	99	64	0	7
0	61	0	100	64	0	6
0	61	0	101	64	0	7
0	61	0	102	64	0	3
0	61	0	103	64	0	0
0	61	0	86	63	0	11
0	61	0	87	63	0	8
0	61	0	88	63	0	7
0	61	0	89	63	0	4
0	61	0	90	63	0	0
0	61	0	91	63	0	5
0	61	0	92	63	0	2
0	61	0	93	63	0	12
0	61	0	94	63	0	4
0	61	0	95	63	0	11
0	61	0	96	63	0	13
0	61	0	97	63	0	5
0	61	0	98	63	0	6
0	61	0	99	63	0	1
0	61	0	100	63	0	4
0	61	0	101	63	0	6
0	61	0	102	63	0	11
0	61	0	103	63	0	8
0	61	0	87	62	0	13
0	61	0	88	62	0	5
0	61	0	89	62	0	7
0	61	0	90	62	0	15
0	61	0	91	62	0	6
0	61	0	92	62	0	14
0	61	0	93	62	0	4
0	61	0	94	62	0	3
0	61	0	95	62	0	15
0	61	0	96	62	0	5
0	61	0	97	62	0	2
0	61	0	98	62	0	4
0	61	0	99	62	0	7
0	61	0	100	62	0	1
0	61	0	101	62	0	1
0	61	0	102	62	0	0
0	61	0	87	61	0	7
0	61	0	88	61	0	4
0	61	0	89	61	0	8
0	61	0	90	61	0	3
0	61	0	91	61	0	7
0	61	0	92	61	0	11
0	61	0	93	61	0	16
0	61	0	94	61	0	12
0	61	0	95	61	0	7
0	61	0	96	61	0	8
0	61	0	97	61	0	3
0	61	0	98	61	0	7
0	61	0	99	61	0	0
0	61	0	100	61	0	8
0	61	0	88	60	0	9
0	61	0	89	60	0	9
0	61	0	90	60	0	8
0	61	0	91	60	0	2
0	61	0	92	60	0	3
0	61	0	93	60	0	7
0	61	0	94	60	0	2
0	61	0	95	60	0	10
0	61	0	96	60	0	6
0	61	0	88	59	0	6
0	61	0	89	59	0	1
0	61	0	90	59	0	7
0	61	0	91	59	0	1
0	61	0	92	59	0	8
0	61	0	93	59	0	8
0	61	0	94	59	0	5
0	61	0	95	59	0	6
0	61	0	89	58	0	9
0	61	0	90	58	0	7
0	61	0	91	58	0	1
0	61	0	92	58	0	3
0	61	0	93	58	0	6
0	61	0	94	58	0	6
0	61	0	91	57	0	11
0	61	0	92	57	0	0
0	61	0	93	57	0	2
0	61	0	96	55	0	2
0	61	0	94	54	0	0
0	61	0	95	54	0	5
0	61	0	96	54	0	0
0	61	0	97	54	0	0
0	61	0	93	53	0	1
0	61	0	94	53	0	10
0	61	0	95	53	0	11
0	61	0	96	53	0	0
0	61	0	97	53	0	1
0	61	0	98	53	0	2
0	61	0	100	53	0	4
0	61	0	101	53	0	0
0	61	0	103	53	0	7
0	61	0	104	53	0	8
0	61	0	105	53	0	1
0	61	0	93	52	0	0
0	61	0	94	52	0	0
0	61	0	95	52	0	3
0	61	0	96	52	0	5
0	61	0	97	52	0	0
0	61	0	98	52	0	8
0	61	0	99	52	0	0
0	61	0	102	52	0	1
0	61	0	104	52	0	7
0	61	0	105	52	0	7
0	61	0	106	52	0	3
0	61	0	93	51	0	0
0	61	0	94	51	0	1
0	61	0	96	51	0	1
0	61	0	97	51	0	6
0	61	0	98	51	0	5
0	61	0	99	51	0	10
0	61	0	103	51	0	4
0	61	0	104	51	0	0
0	61	0	94	50	0	1
0	61	0	96	50	0	1
0	61	0	97	50	0	0
0	61	0	98	50	0	1
0	61	0	99	50	0	4
0	61	0	101	50	0	0
0	61	0	103	50	0	1
0	61	0	106	50	0	1
0	61	0	107	50	0	0
0	61	0	93	49	0	0
0	61	0	96	49	0	0
0	61	0	97	49	0	1
0	61	0	98	49	0	1
0	61	0	99	49	0	0
0	61	0	100	49	0	1
0	61	0	101	49	0	0
0	61	0	94	48	0	5
0	61	0	95	48	0	0
0	61	0	96	48	0	11
0	61	0	97	48	0	0
0	61	0	98	48	0	2
0	61	0	94	47	0	0
0	61	0	96	47	0	0
0	61	0	98	47	0	0
0	61	0	101	47	0	0
0	61	0	93	46	0	0
0	61	0	98	46	0	1
0	61	0	99	45	0	1
0	62	0	95	73	0	0
0	62	0	95	72	0	12
0	62	0	96	72	0	18
0	62	0	97	72	0	4
0	62	0	98	72	0	3
0	62	0	99	72	0	11
0	62	0	100	72	0	4
0	62	0	90	71	0	7
0	62	0	91	71	0	2
0	62	0	92	71	0	9
0	62	0	93	71	0	4
0	62	0	94	71	0	7
0	62	0	95	71	0	6
0	62	0	96	71	0	7
0	62	0	97	71	0	10
0	62	0	98	71	0	7
0	62	0	99	71	0	11
0	62	0	100	71	0	1
0	62	0	101	71	0	10
0	62	0	102	71	0	1
0	62	0	89	70	0	15
0	62	0	90	70	0	9
0	62	0	91	70	0	5
0	62	0	92	70	0	6
0	62	0	93	70	0	3
0	62	0	94	70	0	4
0	62	0	95	70	0	11
0	62	0	96	70	0	9
0	62	0	97	70	0	3
0	62	0	98	70	0	11
0	62	0	99	70	0	13
0	62	0	100	70	0	3
0	62	0	101	70	0	4
0	62	0	102	70	0	10
0	62	0	87	69	0	11
0	62	0	88	69	0	6
0	62	0	89	69	0	3
0	62	0	90	69	0	8
0	62	0	91	69	0	9
0	62	0	92	69	0	10
0	62	0	93	69	0	6
0	62	0	94	69	0	11
0	62	0	95	69	0	9
0	62	0	96	69	0	7
0	62	0	97	69	0	7
0	62	0	98	69	0	6
0	62	0	99	69	0	14
0	62	0	100	69	0	10
0	62	0	101	69	0	11
0	62	0	102	69	0	3
0	62	0	86	68	0	15
0	62	0	87	68	0	13
0	62	0	88	68	0	9
0	62	0	89	68	0	4
0	62	0	90	68	0	9
0	62	0	91	68	0	8
0	62	0	92	68	0	13
0	62	0	93	68	0	11
0	62	0	94	68	0	7
0	62	0	95	68	0	6
0	62	0	96	68	0	1
0	62	0	97	68	0	12
0	62	0	98	68	0	13
0	62	0	99	68	0	8
0	62	0	100	68	0	12
0	62	0	101	68	0	11
0	62	0	102	68	0	2
0	62	0	86	67	0	16
0	62	0	87	67	0	10
0	62	0	88	67	0	10
0	62	0	89	67	0	7
0	62	0	90	67	0	4
0	62	0	91	67	0	8
0	62	0	92	67	0	0
0	62	0	93	67	0	10
0	62	0	94	67	0	11
0	62	0	95	67	0	14
0	62	0	96	67	0	7
0	62	0	97	67	0	12
0	62	0	98	67	0	6
0	62	0	99	67	0	4
0	62	0	100	67	0	12
0	62	0	101	67	0	6
0	62	0	102	67	0	4
0	62	0	87	66	0	9
0	62	0	88	66	0	8
0	62	0	89	66	0	12
0	62	0	90	66	0	10
0	62	0	91	66	0	9
0	62	0	92	66	0	12
0	62	0	93	66	0	10
0	62	0	94	66	0	13
0	62	0	95	66	0	12
0	62	0	96	66	0	5
0	62	0	97	66	0	10
0	62	0	98	66	0	9
0	62	0	99	66	0	7
0	62	0	100	66	0	9
0	62	0	101	66	0	7
0	62	0	102	66	0	5
0	62	0	87	65	0	8
0	62	0	88	65	0	3
0	62	0	89	65	0	7
0	62	0	90	65	0	3
0	62	0	91	65	0	2
0	62	0	92	65	0	10
0	62	0	93	65	0	2
0	62	0	94	65	0	11
0	62	0	95	65	0	9
0	62	0	96	65	0	7
0	62	0	97	65	0	1
0	62	0	98	65	0	3
0	62	0	99	65	0	15
0	62	0	100	65	0	3
0	62	0	101	65	0	9
0	62	0	102	65	0	0
0	62	0	103	65	0	7
0	62	0	87	64	0	7
0	62	0	88	64	0	6
0	62	0	89	64	0	5
0	62	0	90	64	0	5
0	62	0	91	64	0	6
0	62	0	92	64	0	11
0	62	0	93	64	0	7
0	62	0	94	64	0	13
0	62	0	95	64	0	5
0	62	0	96	64	0	9
0	62	0	97	64	0	6
0	62	0	98	64	0	7
0	62	0	99	64	0	7
0	62	0	100	64	0	5
0	62	0	101	64	0	7
0	62	0	102	64	0	2
0	62	0	103	64	0	0
0	62	0	86	63	0	5
0	62	0	87	63	0	12
0	62	0	88	63	0	5
0	62	0	89	63	0	5
0	62	0	90	63	0	0
0	62	0	91	63	0	5
0	62	0	92	63	0	3
0	62	0	93	63	0	13
0	62	0	94	63	0	3
0	62	0	95	63	0	12
0	62	0	96	63	0	13
0	62	0	97	63	0	5
0	62	0	98	63	0	6
0	62	0	99	63	0	1
0	62	0	100	63	0	7
0	62	0	101	63	0	7
0	62	0	102	63	0	10
0	62	0	103	63	0	11
0	62	0	87	62	0	15
0	62	0	88	62	0	5
0	62	0	89	62	0	4
0	62	0	90	62	0	12
0	62	0	91	62	0	3
0	62	0	92	62	0	15
0	62	0	93	62	0	7
0	62	0	94	62	0	6
0	62	0	95	62	0	12
0	62	0	96	62	0	7
0	62	0	97	62	0	3
0	62	0	98	62	0	7
0	62	0	99	62	0	9
0	62	0	100	62	0	2
0	62	0	101	62	0	2
0	62	0	102	62	0	0
0	62	0	87	61	0	4
0	62	0	88	61	0	6
0	62	0	89	61	0	7
0	62	0	90	61	0	8
0	62	0	91	61	0	5
0	62	0	92	61	0	7
0	62	0	93	61	0	13
0	62	0	94	61	0	12
0	62	0	95	61	0	8
0	62	0	96	61	0	8
0	62	0	97	61	0	5
0	62	0	98	61	0	7
0	62	0	99	61	0	0
0	62	0	100	61	0	5
0	62	0	88	60	0	10
0	62	0	89	60	0	11
0	62	0	90	60	0	6
0	62	0	91	60	0	5
0	62	0	92	60	0	3
0	62	0	93	60	0	5
0	62	0	94	60	0	2
0	62	0	95	60	0	8
0	62	0	96	60	0	8
0	62	0	88	59	0	4
0	62	0	89	59	0	1
0	62	0	90	59	0	4
0	62	0	91	59	0	0
0	62	0	92	59	0	9
0	62	0	93	59	0	12
0	62	0	94	59	0	7
0	62	0	95	59	0	8
0	62	0	89	58	0	5
0	62	0	90	58	0	5
0	62	0	91	58	0	4
0	62	0	92	58	0	4
0	62	0	93	58	0	7
0	62	0	94	58	0	9
0	62	0	91	57	0	14
0	62	0	92	57	0	0
0	62	0	93	57	0	9
0	62	0	96	55	0	2
0	62	0	94	54	0	0
0	62	0	95	54	0	5
0	62	0	96	54	0	0
0	62	0	97	54	0	0
0	62	0	93	53	0	2
0	62	0	94	53	0	14
0	62	0	95	53	0	7
0	62	0	96	53	0	1
0	62	0	97	53	0	0
0	62	0	98	53	0	2
0	62	0	100	53	0	4
0	62	0	101	53	0	0
0	62	0	103	53	0	6
0	62	0	104	53	0	8
0	62	0	105	53	0	2
0	62	0	93	52	0	0
0	62	0	94	52	0	0
0	62	0	95	52	0	4
0	62	0	96	52	0	4
0	62	0	97	52	0	1
0	62	0	98	52	0	9
0	62	0	99	52	0	1
0	62	0	100	52	0	1
0	62	0	102	52	0	3
0	62	0	104	52	0	5
0	62	0	105	52	0	10
0	62	0	106	52	0	4
0	62	0	93	51	0	0
0	62	0	94	51	0	1
0	62	0	96	51	0	3
0	62	0	97	51	0	4
0	62	0	98	51	0	3
0	62	0	99	51	0	7
0	62	0	103	51	0	4
0	62	0	104	51	0	0
0	62	0	94	50	0	2
0	62	0	96	50	0	5
0	62	0	97	50	0	0
0	62	0	98	50	0	3
0	62	0	99	50	0	5
0	62	0	101	50	0	0
0	62	0	103	50	0	2
0	62	0	106	50	0	2
0	62	0	107	50	0	0
0	62	0	93	49	0	0
0	62	0	96	49	0	0
0	62	0	97	49	0	3
0	62	0	98	49	0	3
0	62	0	99	49	0	0
0	62	0	100	49	0	3
0	62	0	101	49	0	0
0	62	0	94	48	0	8
0	62	0	95	48	0	0
0	62	0	96	48	0	12
0	62	0	97	48	0	0
0	62	0	98	48	0	3
0	62	0	106	48	0	1
0	62	0	94	47	0	0
0	62	0	96	47	0	0
0	62	0	98	47	0	0
0	62	0	101	47	0	0
0	62	0	93	46	0	0
0	62	0	98	46	0	1
0	62	0	98	45	0	1
0	62	0	99	45	0	0
0	62	0	100	45	0	1
0	63	0	95	73	0	0
0	63	0	95	72	0	11
0	63	0	96	72	0	15
0	63	0	97	72	0	4
0	63	0	98	72	0	6
0	63	0	99	72	0	10
0	63	0	100	72	0	6
0	63	0	90	71	0	6
0	63	0	91	71	0	2
0	63	0	92	71	0	7
0	63	0	93	71	0	5
0	63	0	94	71	0	8
0	63	0	95	71	0	5
0	63	0	96	71	0	8
0	63	0	97	71	0	12
0	63	0	98	71	0	4
0	63	0	99	71	0	8
0	63	0	100	71	0	1
0	63	0	101	71	0	11
0	63	0	102	71	0	3
0	63	0	89	70	0	15
0	63	0	90	70	0	12
0	63	0	91	70	0	8
0	63	0	92	70	0	8
0	63	0	93	70	0	6
0	63	0	94	70	0	5
0	63	0	95	70	0	9
0	63	0	96	70	0	7
0	63	0	97	70	0	2
0	63	0	98	70	0	8
0	63	0	99	70	0	11
0	63	0	100	70	0	6
0	63	0	101	70	0	8
0	63	0	102	70	0	7
0	63	0	87	69	0	5
0	63	0	88	69	0	5
0	63	0	89	69	0	3
0	63	0	90	69	0	7
0	63	0	91	69	0	13
0	63	0	92	69	0	9
0	63	0	93	69	0	7
0	63	0	94	69	0	9
0	63	0	95	69	0	12
0	63	0	96	69	0	7
0	63	0	97	69	0	10
0	63	0	98	69	0	9
0	63	0	99	69	0	5
0	63	0	100	69	0	10
0	63	0	101	69	0	10
0	63	0	102	69	0	3
0	63	0	86	68	0	7
0	63	0	87	68	0	12
0	63	0	88	68	0	9
0	63	0	89	68	0	8
0	63	0	90	68	0	11
0	63	0	91	68	0	9
0	63	0	92	68	0	19
0	63	0	93	68	0	13
0	63	0	94	68	0	4
0	63	0	95	68	0	10
0	63	0	96	68	0	2
0	63	0	97	68	0	12
0	63	0	98	68	0	12
0	63	0	99	68	0	9
0	63	0	100	68	0	14
0	63	0	101	68	0	14
0	63	0	102	68	0	4
0	63	0	86	67	0	16
0	63	0	87	67	0	7
0	63	0	88	67	0	8
0	63	0	89	67	0	7
0	63	0	90	67	0	3
0	63	0	91	67	0	7
0	63	0	92	67	0	1
0	63	0	93	67	0	9
0	63	0	94	67	0	16
0	63	0	95	67	0	12
0	63	0	96	67	0	10
0	63	0	97	67	0	9
0	63	0	98	67	0	2
0	63	0	99	67	0	2
0	63	0	100	67	0	12
0	63	0	101	67	0	6
0	63	0	102	67	0	3
0	63	0	87	66	0	9
0	63	0	88	66	0	7
0	63	0	89	66	0	13
0	63	0	90	66	0	7
0	63	0	91	66	0	6
0	63	0	92	66	0	14
0	63	0	93	66	0	9
0	63	0	94	66	0	9
0	63	0	95	66	0	9
0	63	0	96	66	0	5
0	63	0	97	66	0	13
0	63	0	98	66	0	11
0	63	0	99	66	0	9
0	63	0	100	66	0	7
0	63	0	101	66	0	8
0	63	0	102	66	0	7
0	63	0	87	65	0	6
0	63	0	88	65	0	4
0	63	0	89	65	0	8
0	63	0	90	65	0	1
0	63	0	91	65	0	2
0	63	0	92	65	0	8
0	63	0	93	65	0	6
0	63	0	94	65	0	12
0	63	0	95	65	0	4
0	63	0	96	65	0	17
0	63	0	97	65	0	2
0	63	0	98	65	0	0
0	63	0	99	65	0	11
0	63	0	100	65	0	6
0	63	0	101	65	0	15
0	63	0	102	65	0	1
0	63	0	103	65	0	3
0	63	0	87	64	0	7
0	63	0	88	64	0	4
0	63	0	89	64	0	7
0	63	0	90	64	0	6
0	63	0	91	64	0	9
0	63	0	92	64	0	10
0	63	0	93	64	0	8
0	63	0	94	64	0	8
0	63	0	95	64	0	5
0	63	0	96	64	0	8
0	63	0	97	64	0	9
0	63	0	98	64	0	5
0	63	0	99	64	0	7
0	63	0	100	64	0	5
0	63	0	101	64	0	4
0	63	0	102	64	0	3
0	63	0	103	64	0	0
0	63	0	86	63	0	2
0	63	0	87	63	0	13
0	63	0	88	63	0	11
0	63	0	89	63	0	5
0	63	0	90	63	0	0
0	63	0	91	63	0	4
0	63	0	92	63	0	2
0	63	0	93	63	0	15
0	63	0	94	63	0	3
0	63	0	95	63	0	8
0	63	0	96	63	0	8
0	63	0	97	63	0	6
0	63	0	98	63	0	10
0	63	0	99	63	0	4
0	63	0	100	63	0	6
0	63	0	101	63	0	11
0	63	0	102	63	0	8
0	63	0	103	63	0	8
0	63	0	87	62	0	12
0	63	0	88	62	0	7
0	63	0	89	62	0	4
0	63	0	90	62	0	6
0	63	0	91	62	0	1
0	63	0	92	62	0	10
0	63	0	93	62	0	6
0	63	0	94	62	0	8
0	63	0	95	62	0	9
0	63	0	96	62	0	5
0	63	0	97	62	0	4
0	63	0	98	62	0	9
0	63	0	99	62	0	10
0	63	0	100	62	0	4
0	63	0	101	62	0	3
0	63	0	102	62	0	0
0	63	0	87	61	0	4
0	63	0	88	61	0	10
0	63	0	89	61	0	5
0	63	0	90	61	0	9
0	63	0	91	61	0	4
0	63	0	92	61	0	6
0	63	0	93	61	0	9
0	63	0	94	61	0	6
0	63	0	95	61	0	12
0	63	0	96	61	0	3
0	63	0	97	61	0	5
0	63	0	98	61	0	6
0	63	0	99	61	0	0
0	63	0	100	61	0	2
0	63	0	88	60	0	3
0	63	0	89	60	0	12
0	63	0	90	60	0	9
0	63	0	91	60	0	8
0	63	0	92	60	0	8
0	63	0	93	60	0	6
0	63	0	94	60	0	3
0	63	0	95	60	0	10
0	63	0	96	60	0	6
0	63	0	88	59	0	5
0	63	0	89	59	0	0
0	63	0	90	59	0	5
0	63	0	91	59	0	0
0	63	0	92	59	0	9
0	63	0	93	59	0	16
0	63	0	94	59	0	6
0	63	0	95	59	0	3
0	63	0	89	58	0	5
0	63	0	90	58	0	5
0	63	0	91	58	0	2
0	63	0	92	58	0	6
0	63	0	93	58	0	10
0	63	0	94	58	0	7
0	63	0	91	57	0	7
0	63	0	92	57	0	1
0	63	0	93	57	0	7
0	63	0	96	55	0	5
0	63	0	94	54	0	0
0	63	0	95	54	0	6
0	63	0	96	54	0	0
0	63	0	97	54	0	1
0	63	0	104	54	0	1
0	63	0	93	53	0	5
0	63	0	94	53	0	12
0	63	0	95	53	0	13
0	63	0	96	53	0	3
0	63	0	97	53	0	0
0	63	0	98	53	0	1
0	63	0	100	53	0	1
0	63	0	101	53	0	1
0	63	0	102	53	0	1
0	63	0	103	53	0	7
0	63	0	104	53	0	9
0	63	0	105	53	0	2
0	63	0	93	52	0	1
0	63	0	94	52	0	2
0	63	0	95	52	0	7
0	63	0	96	52	0	6
0	63	0	97	52	0	2
0	63	0	98	52	0	6
0	63	0	99	52	0	5
0	63	0	100	52	0	1
0	63	0	102	52	0	1
0	63	0	104	52	0	4
0	63	0	105	52	0	9
0	63	0	106	52	0	7
0	63	0	93	51	0	1
0	63	0	94	51	0	1
0	63	0	96	51	0	3
0	63	0	97	51	0	2
0	63	0	98	51	0	4
0	63	0	99	51	0	5
0	63	0	100	51	0	1
0	63	0	103	51	0	6
0	63	0	104	51	0	0
0	63	0	94	50	0	2
0	63	0	96	50	0	7
0	63	0	97	50	0	1
0	63	0	98	50	0	4
0	63	0	99	50	0	1
0	63	0	101	50	0	0
0	63	0	103	50	0	3
0	63	0	106	50	0	3
0	63	0	107	50	0	1
0	63	0	93	49	0	0
0	63	0	96	49	0	0
0	63	0	97	49	0	2
0	63	0	98	49	0	2
0	63	0	99	49	0	0
0	63	0	100	49	0	4
0	63	0	101	49	0	0
0	63	0	94	48	0	7
0	63	0	95	48	0	1
0	63	0	96	48	0	13
0	63	0	97	48	0	0
0	63	0	98	48	0	4
0	63	0	106	48	0	2
0	63	0	94	47	0	1
0	63	0	96	47	0	0
0	63	0	97	47	0	1
0	63	0	98	47	0	0
0	63	0	101	47	0	0
0	63	0	93	46	0	0
0	63	0	98	46	0	4
0	63	0	98	45	0	0
0	63	0	99	45	0	0
0	63	0	100	45	0	1
0	64	0	95	73	0	0
0	64	0	95	72	0	9
0	64	0	96	72	0	13
0	64	0	97	72	0	5
0	64	0	98	72	0	6
0	64	0	99	72	0	4
0	64	0	100	72	0	10
0	64	0	90	71	0	5
0	64	0	91	71	0	1
0	64	0	92	71	0	8
0	64	0	93	71	0	1
0	64	0	94	71	0	6
0	64	0	95	71	0	6
0	64	0	96	71	0	8
0	64	0	97	71	0	11
0	64	0	98	71	0	1
0	64	0	99	71	0	10
0	64	0	100	71	0	0
0	64	0	101	71	0	14
0	64	0	102	71	0	4
0	64	0	89	70	0	10
0	64	0	90	70	0	8
0	64	0	91	70	0	5
0	64	0	92	70	0	8
0	64	0	93	70	0	5
0	64	0	94	70	0	3
0	64	0	95	70	0	10
0	64	0	96	70	0	11
0	64	0	97	70	0	1
0	64	0	98	70	0	4
0	64	0	99	70	0	14
0	64	0	100	70	0	5
0	64	0	101	70	0	7
0	64	0	102	70	0	3
0	64	0	87	69	0	5
0	64	0	88	69	0	7
0	64	0	89	69	0	1
0	64	0	90	69	0	10
0	64	0	91	69	0	12
0	64	0	92	69	0	11
0	64	0	93	69	0	4
0	64	0	94	69	0	8
0	64	0	95	69	0	12
0	64	0	96	69	0	2
0	64	0	97	69	0	3
0	64	0	98	69	0	9
0	64	0	99	69	0	6
0	64	0	100	69	0	4
0	64	0	101	69	0	5
0	64	0	102	69	0	5
0	64	0	86	68	0	14
0	64	0	87	68	0	9
0	64	0	88	68	0	8
0	64	0	89	68	0	7
0	64	0	90	68	0	9
0	64	0	91	68	0	13
0	64	0	92	68	0	15
0	64	0	93	68	0	17
0	64	0	94	68	0	7
0	64	0	95	68	0	11
0	64	0	96	68	0	1
0	64	0	97	68	0	10
0	64	0	98	68	0	15
0	64	0	99	68	0	5
0	64	0	100	68	0	9
0	64	0	101	68	0	11
0	64	0	102	68	0	5
0	64	0	86	67	0	15
0	64	0	87	67	0	9
0	64	0	88	67	0	12
0	64	0	89	67	0	5
0	64	0	90	67	0	7
0	64	0	91	67	0	5
0	64	0	92	67	0	0
0	64	0	93	67	0	11
0	64	0	94	67	0	12
0	64	0	95	67	0	5
0	64	0	96	67	0	10
0	64	0	97	67	0	8
0	64	0	98	67	0	1
0	64	0	99	67	0	4
0	64	0	100	67	0	6
0	64	0	101	67	0	3
0	64	0	102	67	0	4
0	64	0	87	66	0	12
0	64	0	88	66	0	10
0	64	0	89	66	0	22
0	64	0	90	66	0	12
0	64	0	91	66	0	9
0	64	0	92	66	0	13
0	64	0	93	66	0	5
0	64	0	94	66	0	4
0	64	0	95	66	0	9
0	64	0	96	66	0	5
0	64	0	97	66	0	14
0	64	0	98	66	0	9
0	64	0	99	66	0	7
0	64	0	100	66	0	11
0	64	0	101	66	0	10
0	64	0	102	66	0	6
0	64	0	87	65	0	8
0	64	0	88	65	0	6
0	64	0	89	65	0	13
0	64	0	90	65	0	2
0	64	0	91	65	0	3
0	64	0	92	65	0	11
0	64	0	93	65	0	7
0	64	0	94	65	0	9
0	64	0	95	65	0	5
0	64	0	96	65	0	8
0	64	0	97	65	0	3
0	64	0	98	65	0	1
0	64	0	99	65	0	11
0	64	0	100	65	0	6
0	64	0	101	65	0	12
0	64	0	102	65	0	2
0	64	0	103	65	0	4
0	64	0	87	64	0	8
0	64	0	88	64	0	15
0	64	0	89	64	0	9
0	64	0	90	64	0	4
0	64	0	91	64	0	6
0	64	0	92	64	0	6
0	64	0	93	64	0	8
0	64	0	94	64	0	13
0	64	0	95	64	0	4
0	64	0	96	64	0	15
0	64	0	97	64	0	6
0	64	0	98	64	0	8
0	64	0	99	64	0	7
0	64	0	100	64	0	7
0	64	0	101	64	0	3
0	64	0	102	64	0	3
0	64	0	103	64	0	0
0	64	0	86	63	0	5
0	64	0	87	63	0	11
0	64	0	88	63	0	12
0	64	0	89	63	0	8
0	64	0	90	63	0	1
0	64	0	91	63	0	5
0	64	0	92	63	0	2
0	64	0	93	63	0	14
0	64	0	94	63	0	5
0	64	0	95	63	0	4
0	64	0	96	63	0	9
0	64	0	97	63	0	10
0	64	0	98	63	0	16
0	64	0	99	63	0	2
0	64	0	100	63	0	6
0	64	0	101	63	0	10
0	64	0	102	63	0	10
0	64	0	103	63	0	7
0	64	0	87	62	0	17
0	64	0	88	62	0	3
0	64	0	89	62	0	4
0	64	0	90	62	0	3
0	64	0	91	62	0	1
0	64	0	92	62	0	4
0	64	0	93	62	0	4
0	64	0	94	62	0	8
0	64	0	95	62	0	11
0	64	0	96	62	0	8
0	64	0	97	62	0	6
0	64	0	98	62	0	6
0	64	0	99	62	0	11
0	64	0	100	62	0	2
0	64	0	101	62	0	6
0	64	0	102	62	0	0
0	64	0	87	61	0	11
0	64	0	88	61	0	9
0	64	0	89	61	0	8
0	64	0	90	61	0	6
0	64	0	91	61	0	6
0	64	0	92	61	0	4
0	64	0	93	61	0	16
0	64	0	94	61	0	7
0	64	0	95	61	0	10
0	64	0	96	61	0	5
0	64	0	97	61	0	2
0	64	0	98	61	0	4
0	64	0	99	61	0	1
0	64	0	100	61	0	6
0	64	0	88	60	0	4
0	64	0	89	60	0	8
0	64	0	90	60	0	6
0	64	0	91	60	0	5
0	64	0	92	60	0	12
0	64	0	93	60	0	12
0	64	0	94	60	0	8
0	64	0	95	60	0	7
0	64	0	96	60	0	10
0	64	0	88	59	0	6
0	64	0	89	59	0	0
0	64	0	90	59	0	3
0	64	0	91	59	0	2
0	64	0	92	59	0	11
0	64	0	93	59	0	14
0	64	0	94	59	0	8
0	64	0	95	59	0	7
0	64	0	89	58	0	5
0	64	0	90	58	0	5
0	64	0	91	58	0	6
0	64	0	92	58	0	9
0	64	0	93	58	0	11
0	64	0	94	58	0	5
0	64	0	91	57	0	8
0	64	0	92	57	0	5
0	64	0	93	57	0	10
0	64	0	96	55	0	7
0	64	0	94	54	0	0
0	64	0	95	54	0	4
0	64	0	96	54	0	0
0	64	0	97	54	0	1
0	64	0	104	54	0	1
0	64	0	93	53	0	6
0	64	0	94	53	0	9
0	64	0	95	53	0	9
0	64	0	96	53	0	4
0	64	0	97	53	0	0
0	64	0	98	53	0	1
0	64	0	100	53	0	1
0	64	0	101	53	0	2
0	64	0	102	53	0	2
0	64	0	103	53	0	6
0	64	0	104	53	0	8
0	64	0	105	53	0	2
0	64	0	93	52	0	1
0	64	0	94	52	0	2
0	64	0	95	52	0	6
0	64	0	96	52	0	2
0	64	0	97	52	0	3
0	64	0	98	52	0	8
0	64	0	99	52	0	6
0	64	0	100	52	0	2
0	64	0	102	52	0	0
0	64	0	103	52	0	1
0	64	0	104	52	0	6
0	64	0	105	52	0	8
0	64	0	106	52	0	7
0	64	0	93	51	0	0
0	64	0	94	51	0	2
0	64	0	95	51	0	1
0	64	0	96	51	0	1
0	64	0	97	51	0	5
0	64	0	98	51	0	4
0	64	0	99	51	0	5
0	64	0	100	51	0	0
0	64	0	103	51	0	3
0	64	0	104	51	0	0
0	64	0	105	51	0	1
0	64	0	94	50	0	4
0	64	0	96	50	0	9
0	64	0	97	50	0	0
0	64	0	98	50	0	6
0	64	0	99	50	0	0
0	64	0	101	50	0	0
0	64	0	103	50	0	4
0	64	0	106	50	0	1
0	64	0	107	50	0	2
0	64	0	93	49	0	0
0	64	0	96	49	0	0
0	64	0	97	49	0	2
0	64	0	98	49	0	2
0	64	0	99	49	0	0
0	64	0	100	49	0	3
0	64	0	101	49	0	0
0	64	0	94	48	0	6
0	64	0	95	48	0	3
0	64	0	96	48	0	12
0	64	0	97	48	0	0
0	64	0	98	48	0	3
0	64	0	106	48	0	1
0	64	0	94	47	0	1
0	64	0	96	47	0	0
0	64	0	97	47	0	1
0	64	0	98	47	0	0
0	64	0	101	47	0	0
0	64	0	93	46	0	0
0	64	0	97	46	0	1
0	64	0	98	46	0	1
0	64	0	100	46	0	1
0	64	0	98	45	0	0
0	64	0	99	45	0	0
0	64	0	100	45	0	1
0	64	0	101	45	0	1
0	65	0	95	73	0	0
0	65	0	95	72	0	6
0	65	0	96	72	0	9
0	65	0	97	72	0	4
0	65	0	98	72	0	5
0	65	0	99	72	0	4
0	65	0	100	72	0	10
0	65	0	90	71	0	7
0	65	0	91	71	0	3
0	65	0	92	71	0	8
0	65	0	93	71	0	0
0	65	0	94	71	0	5
0	65	0	95	71	0	8
0	65	0	96	71	0	12
0	65	0	97	71	0	8
0	65	0	98	71	0	2
0	65	0	99	71	0	10
0	65	0	100	71	0	1
0	65	0	101	71	0	12
0	65	0	102	71	0	9
0	65	0	89	70	0	13
0	65	0	90	70	0	11
0	65	0	91	70	0	9
0	65	0	92	70	0	4
0	65	0	93	70	0	5
0	65	0	94	70	0	2
0	65	0	95	70	0	4
0	65	0	96	70	0	10
0	65	0	97	70	0	0
0	65	0	98	70	0	4
0	65	0	99	70	0	14
0	65	0	100	70	0	6
0	65	0	101	70	0	8
0	65	0	102	70	0	4
0	65	0	87	69	0	7
0	65	0	88	69	0	8
0	65	0	89	69	0	1
0	65	0	90	69	0	10
0	65	0	91	69	0	11
0	65	0	92	69	0	9
0	65	0	93	69	0	1
0	65	0	94	69	0	10
0	65	0	95	69	0	14
0	65	0	96	69	0	3
0	65	0	97	69	0	8
0	65	0	98	69	0	8
0	65	0	99	69	0	4
0	65	0	100	69	0	4
0	65	0	101	69	0	3
0	65	0	102	69	0	6
0	65	0	86	68	0	13
0	65	0	87	68	0	13
0	65	0	88	68	0	4
0	65	0	89	68	0	9
0	65	0	90	68	0	13
0	65	0	91	68	0	12
0	65	0	92	68	0	15
0	65	0	93	68	0	20
0	65	0	94	68	0	5
0	65	0	95	68	0	11
0	65	0	96	68	0	2
0	65	0	97	68	0	14
0	65	0	98	68	0	18
0	65	0	99	68	0	9
0	65	0	100	68	0	9
0	65	0	101	68	0	10
0	65	0	102	68	0	2
0	65	0	86	67	0	20
0	65	0	87	67	0	6
0	65	0	88	67	0	11
0	65	0	89	67	0	2
0	65	0	90	67	0	10
0	65	0	91	67	0	7
0	65	0	92	67	0	1
0	65	0	93	67	0	13
0	65	0	94	67	0	14
0	65	0	95	67	0	4
0	65	0	96	67	0	8
0	65	0	97	67	0	14
0	65	0	98	67	0	0
0	65	0	99	67	0	5
0	65	0	100	67	0	5
0	65	0	101	67	0	3
0	65	0	102	67	0	0
0	65	0	87	66	0	10
0	65	0	88	66	0	13
0	65	0	89	66	0	25
0	65	0	90	66	0	9
0	65	0	91	66	0	9
0	65	0	92	66	0	13
0	65	0	93	66	0	5
0	65	0	94	66	0	7
0	65	0	95	66	0	6
0	65	0	96	66	0	4
0	65	0	97	66	0	11
0	65	0	98	66	0	7
0	65	0	99	66	0	3
0	65	0	100	66	0	9
0	65	0	101	66	0	9
0	65	0	102	66	0	7
0	65	0	87	65	0	3
0	65	0	88	65	0	7
0	65	0	89	65	0	10
0	65	0	90	65	0	4
0	65	0	91	65	0	7
0	65	0	92	65	0	11
0	65	0	93	65	0	6
0	65	0	94	65	0	6
0	65	0	95	65	0	6
0	65	0	96	65	0	4
0	65	0	97	65	0	4
0	65	0	98	65	0	2
0	65	0	99	65	0	13
0	65	0	100	65	0	5
0	65	0	101	65	0	15
0	65	0	102	65	0	5
0	65	0	103	65	0	6
0	65	0	87	64	0	1
0	65	0	88	64	0	10
0	65	0	89	64	0	6
0	65	0	90	64	0	3
0	65	0	91	64	0	10
0	65	0	92	64	0	8
0	65	0	93	64	0	8
0	65	0	94	64	0	14
0	65	0	95	64	0	4
0	65	0	96	64	0	11
0	65	0	97	64	0	6
0	65	0	98	64	0	12
0	65	0	99	64	0	4
0	65	0	100	64	0	6
0	65	0	101	64	0	4
0	65	0	102	64	0	3
0	65	0	103	64	0	1
0	65	0	86	63	0	9
0	65	0	87	63	0	3
0	65	0	88	63	0	9
0	65	0	89	63	0	8
0	65	0	90	63	0	0
0	65	0	91	63	0	8
0	65	0	92	63	0	3
0	65	0	93	63	0	14
0	65	0	94	63	0	5
0	65	0	95	63	0	4
0	65	0	96	63	0	8
0	65	0	97	63	0	5
0	65	0	98	63	0	7
0	65	0	99	63	0	4
0	65	0	100	63	0	10
0	65	0	101	63	0	8
0	65	0	102	63	0	8
0	65	0	103	63	0	10
0	65	0	87	62	0	12
0	65	0	88	62	0	2
0	65	0	89	62	0	5
0	65	0	90	62	0	4
0	65	0	91	62	0	2
0	65	0	92	62	0	5
0	65	0	93	62	0	6
0	65	0	94	62	0	11
0	65	0	95	62	0	8
0	65	0	96	62	0	11
0	65	0	97	62	0	6
0	65	0	98	62	0	3
0	65	0	99	62	0	13
0	65	0	100	62	0	1
0	65	0	101	62	0	3
0	65	0	102	62	0	0
0	65	0	87	61	0	8
0	65	0	88	61	0	8
0	65	0	89	61	0	10
0	65	0	90	61	0	4
0	65	0	91	61	0	9
0	65	0	92	61	0	5
0	65	0	93	61	0	13
0	65	0	94	61	0	5
0	65	0	95	61	0	9
0	65	0	96	61	0	3
0	65	0	97	61	0	3
0	65	0	98	61	0	1
0	65	0	99	61	0	1
0	65	0	100	61	0	6
0	65	0	88	60	0	4
0	65	0	89	60	0	10
0	65	0	90	60	0	4
0	65	0	91	60	0	3
0	65	0	92	60	0	7
0	65	0	93	60	0	14
0	65	0	94	60	0	7
0	65	0	95	60	0	9
0	65	0	96	60	0	9
0	65	0	88	59	0	6
0	65	0	89	59	0	0
0	65	0	90	59	0	3
0	65	0	91	59	0	6
0	65	0	92	59	0	13
0	65	0	93	59	0	13
0	65	0	94	59	0	16
0	65	0	95	59	0	9
0	65	0	89	58	0	5
0	65	0	90	58	0	9
0	65	0	91	58	0	9
0	65	0	92	58	0	12
0	65	0	93	58	0	7
0	65	0	94	58	0	6
0	65	0	91	57	0	10
0	65	0	92	57	0	6
0	65	0	93	57	0	8
0	65	0	96	55	0	9
0	65	0	94	54	0	1
0	65	0	95	54	0	3
0	65	0	96	54	0	0
0	65	0	97	54	0	1
0	65	0	104	54	0	1
0	65	0	93	53	0	3
0	65	0	94	53	0	7
0	65	0	95	53	0	7
0	65	0	96	53	0	4
0	65	0	97	53	0	0
0	65	0	98	53	0	1
0	65	0	99	53	0	1
0	65	0	100	53	0	0
0	65	0	101	53	0	1
0	65	0	102	53	0	4
0	65	0	103	53	0	6
0	65	0	104	53	0	6
0	65	0	105	53	0	4
0	65	0	93	52	0	4
0	65	0	94	52	0	2
0	65	0	95	52	0	3
0	65	0	96	52	0	1
0	65	0	97	52	0	5
0	65	0	98	52	0	7
0	65	0	99	52	0	12
0	65	0	100	52	0	4
0	65	0	102	52	0	0
0	65	0	103	52	0	1
0	65	0	104	52	0	7
0	65	0	105	52	0	5
0	65	0	106	52	0	7
0	65	0	93	51	0	0
0	65	0	94	51	0	2
0	65	0	95	51	0	0
0	65	0	96	51	0	1
0	65	0	97	51	0	5
0	65	0	98	51	0	3
0	65	0	99	51	0	4
0	65	0	100	51	0	0
0	65	0	103	51	0	5
0	65	0	104	51	0	1
0	65	0	105	51	0	0
0	65	0	94	50	0	6
0	65	0	95	50	0	1
0	65	0	96	50	0	10
0	65	0	97	50	0	1
0	65	0	98	50	0	5
0	65	0	99	50	0	1
0	65	0	100	50	0	1
0	65	0	101	50	0	0
0	65	0	103	50	0	9
0	65	0	106	50	0	1
0	65	0	107	50	0	1
0	65	0	93	49	0	0
0	65	0	96	49	0	0
0	65	0	97	49	0	1
0	65	0	98	49	0	1
0	65	0	99	49	0	0
0	65	0	100	49	0	1
0	65	0	101	49	0	0
0	65	0	94	48	0	13
0	65	0	95	48	0	6
0	65	0	96	48	0	15
0	65	0	97	48	0	0
0	65	0	98	48	0	8
0	65	0	99	48	0	1
0	65	0	104	48	0	1
0	65	0	106	48	0	2
0	65	0	94	47	0	1
0	65	0	96	47	0	0
0	65	0	97	47	0	0
0	65	0	98	47	0	0
0	65	0	101	47	0	0
0	65	0	93	46	0	0
0	65	0	97	46	0	2
0	65	0	98	46	0	0
0	65	0	100	46	0	0
0	65	0	98	45	0	0
0	65	0	99	45	0	0
0	65	0	100	45	0	1
0	65	0	101	45	0	3
0	66	0	95	73	0	1
0	66	0	95	72	0	5
0	66	0	96	72	0	8
0	66	0	97	72	0	4
0	66	0	98	72	0	4
0	66	0	99	72	0	2
0	66	0	100	72	0	10
0	66	0	90	71	0	7
0	66	0	91	71	0	6
0	66	0	92	71	0	12
0	66	0	93	71	0	0
0	66	0	94	71	0	5
0	66	0	95	71	0	4
0	66	0	96	71	0	12
0	66	0	97	71	0	6
0	66	0	98	71	0	4
0	66	0	99	71	0	17
0	66	0	100	71	0	4
0	66	0	101	71	0	17
0	66	0	102	71	0	10
0	66	0	89	70	0	11
0	66	0	90	70	0	7
0	66	0	91	70	0	11
0	66	0	92	70	0	5
0	66	0	93	70	0	11
0	66	0	94	70	0	2
0	66	0	95	70	0	5
0	66	0	96	70	0	9
0	66	0	97	70	0	0
0	66	0	98	70	0	3
0	66	0	99	70	0	14
0	66	0	100	70	0	9
0	66	0	101	70	0	6
0	66	0	102	70	0	4
0	66	0	87	69	0	4
0	66	0	88	69	0	7
0	66	0	89	69	0	2
0	66	0	90	69	0	8
0	66	0	91	69	0	10
0	66	0	92	69	0	6
0	66	0	93	69	0	1
0	66	0	94	69	0	7
0	66	0	95	69	0	11
0	66	0	96	69	0	4
0	66	0	97	69	0	10
0	66	0	98	69	0	14
0	66	0	99	69	0	5
0	66	0	100	69	0	2
0	66	0	101	69	0	7
0	66	0	102	69	0	3
0	66	0	86	68	0	12
0	66	0	87	68	0	10
0	66	0	88	68	0	4
0	66	0	89	68	0	13
0	66	0	90	68	0	14
0	66	0	91	68	0	18
0	66	0	92	68	0	10
0	66	0	93	68	0	9
0	66	0	94	68	0	5
0	66	0	95	68	0	11
0	66	0	96	68	0	2
0	66	0	97	68	0	9
0	66	0	98	68	0	13
0	66	0	99	68	0	8
0	66	0	100	68	0	7
0	66	0	101	68	0	12
0	66	0	102	68	0	5
0	66	0	86	67	0	13
0	66	0	87	67	0	3
0	66	0	88	67	0	8
0	66	0	89	67	0	4
0	66	0	90	67	0	11
0	66	0	91	67	0	10
0	66	0	92	67	0	1
0	66	0	93	67	0	14
0	66	0	94	67	0	15
0	66	0	95	67	0	3
0	66	0	96	67	0	5
0	66	0	97	67	0	9
0	66	0	98	67	0	0
0	66	0	99	67	0	6
0	66	0	100	67	0	6
0	66	0	101	67	0	4
0	66	0	102	67	0	0
0	66	0	87	66	0	11
0	66	0	88	66	0	16
0	66	0	89	66	0	14
0	66	0	90	66	0	11
0	66	0	91	66	0	5
0	66	0	92	66	0	16
0	66	0	93	66	0	6
0	66	0	94	66	0	2
0	66	0	95	66	0	9
0	66	0	96	66	0	5
0	66	0	97	66	0	9
0	66	0	98	66	0	5
0	66	0	99	66	0	2
0	66	0	100	66	0	7
0	66	0	101	66	0	6
0	66	0	102	66	0	3
0	66	0	87	65	0	6
0	66	0	88	65	0	4
0	66	0	89	65	0	9
0	66	0	90	65	0	7
0	66	0	91	65	0	3
0	66	0	92	65	0	11
0	66	0	93	65	0	11
0	66	0	94	65	0	6
0	66	0	95	65	0	7
0	66	0	96	65	0	6
0	66	0	97	65	0	3
0	66	0	98	65	0	3
0	66	0	99	65	0	14
0	66	0	100	65	0	7
0	66	0	101	65	0	17
0	66	0	102	65	0	6
0	66	0	103	65	0	10
0	66	0	87	64	0	2
0	66	0	88	64	0	10
0	66	0	89	64	0	2
0	66	0	90	64	0	0
0	66	0	91	64	0	9
0	66	0	92	64	0	10
0	66	0	93	64	0	6
0	66	0	94	64	0	14
0	66	0	95	64	0	7
0	66	0	96	64	0	9
0	66	0	97	64	0	4
0	66	0	98	64	0	13
0	66	0	99	64	0	4
0	66	0	100	64	0	7
0	66	0	101	64	0	2
0	66	0	102	64	0	8
0	66	0	103	64	0	2
0	66	0	86	63	0	6
0	66	0	87	63	0	3
0	66	0	88	63	0	10
0	66	0	89	63	0	8
0	66	0	90	63	0	1
0	66	0	91	63	0	5
0	66	0	92	63	0	5
0	66	0	93	63	0	9
0	66	0	94	63	0	8
0	66	0	95	63	0	8
0	66	0	96	63	0	9
0	66	0	97	63	0	3
0	66	0	98	63	0	4
0	66	0	99	63	0	5
0	66	0	100	63	0	8
0	66	0	101	63	0	9
0	66	0	102	63	0	15
0	66	0	103	63	0	12
0	66	0	87	62	0	10
0	66	0	88	62	0	3
0	66	0	89	62	0	6
0	66	0	90	62	0	7
0	66	0	91	62	0	2
0	66	0	92	62	0	7
0	66	0	93	62	0	8
0	66	0	94	62	0	15
0	66	0	95	62	0	8
0	66	0	96	62	0	12
0	66	0	97	62	0	8
0	66	0	98	62	0	2
0	66	0	99	62	0	13
0	66	0	100	62	0	2
0	66	0	101	62	0	4
0	66	0	102	62	0	1
0	66	0	87	61	0	6
0	66	0	88	61	0	9
0	66	0	89	61	0	9
0	66	0	90	61	0	5
0	66	0	91	61	0	11
0	66	0	92	61	0	7
0	66	0	93	61	0	14
0	66	0	94	61	0	3
0	66	0	95	61	0	8
0	66	0	96	61	0	6
0	66	0	97	61	0	3
0	66	0	98	61	0	1
0	66	0	99	61	0	2
0	66	0	100	61	0	8
0	66	0	88	60	0	9
0	66	0	89	60	0	12
0	66	0	90	60	0	6
0	66	0	91	60	0	2
0	66	0	92	60	0	11
0	66	0	93	60	0	14
0	66	0	94	60	0	9
0	66	0	95	60	0	4
0	66	0	96	60	0	10
0	66	0	88	59	0	6
0	66	0	89	59	0	1
0	66	0	90	59	0	3
0	66	0	91	59	0	8
0	66	0	92	59	0	18
0	66	0	93	59	0	9
0	66	0	94	59	0	8
0	66	0	95	59	0	12
0	66	0	89	58	0	5
0	66	0	90	58	0	4
0	66	0	91	58	0	10
0	66	0	92	58	0	11
0	66	0	93	58	0	7
0	66	0	94	58	0	3
0	66	0	91	57	0	10
0	66	0	92	57	0	3
0	66	0	93	57	0	11
0	66	0	96	55	0	6
0	66	0	94	54	0	3
0	66	0	95	54	0	3
0	66	0	96	54	0	0
0	66	0	97	54	0	1
0	66	0	104	54	0	2
0	66	0	93	53	0	5
0	66	0	94	53	0	9
0	66	0	95	53	0	7
0	66	0	96	53	0	4
0	66	0	97	53	0	0
0	66	0	98	53	0	2
0	66	0	99	53	0	1
0	66	0	100	53	0	0
0	66	0	101	53	0	4
0	66	0	102	53	0	7
0	66	0	103	53	0	6
0	66	0	104	53	0	7
0	66	0	105	53	0	7
0	66	0	93	52	0	3
0	66	0	94	52	0	1
0	66	0	95	52	0	4
0	66	0	96	52	0	2
0	66	0	97	52	0	3
0	66	0	98	52	0	3
0	66	0	99	52	0	10
0	66	0	100	52	0	4
0	66	0	102	52	0	1
0	66	0	103	52	0	2
0	66	0	104	52	0	9
0	66	0	105	52	0	3
0	66	0	106	52	0	8
0	66	0	107	52	0	1
0	66	0	93	51	0	0
0	66	0	94	51	0	3
0	66	0	95	51	0	0
0	66	0	96	51	0	4
0	66	0	97	51	0	13
0	66	0	98	51	0	4
0	66	0	99	51	0	4
0	66	0	100	51	0	0
0	66	0	103	51	0	6
0	66	0	104	51	0	2
0	66	0	105	51	0	0
0	66	0	93	50	0	1
0	66	0	94	50	0	9
0	66	0	95	50	0	0
0	66	0	96	50	0	3
0	66	0	97	50	0	0
0	66	0	98	50	0	5
0	66	0	99	50	0	1
0	66	0	100	50	0	0
0	66	0	101	50	0	0
0	66	0	103	50	0	7
0	66	0	104	50	0	1
0	66	0	105	50	0	1
0	66	0	106	50	0	5
0	66	0	107	50	0	7
0	66	0	93	49	0	0
0	66	0	95	49	0	1
0	66	0	96	49	0	1
0	66	0	97	49	0	2
0	66	0	98	49	0	0
0	66	0	99	49	0	0
0	66	0	100	49	0	0
0	66	0	101	49	0	0
0	66	0	104	49	0	1
0	66	0	94	48	0	11
0	66	0	95	48	0	6
0	66	0	96	48	0	10
0	66	0	97	48	0	0
0	66	0	98	48	0	8
0	66	0	99	48	0	1
0	66	0	100	48	0	1
0	66	0	104	48	0	5
0	66	0	106	48	0	5
0	66	0	94	47	0	0
0	66	0	95	47	0	1
0	66	0	96	47	0	0
0	66	0	97	47	0	0
0	66	0	98	47	0	0
0	66	0	100	47	0	1
0	66	0	101	47	0	0
0	66	0	93	46	0	0
0	66	0	96	46	0	1
0	66	0	97	46	0	2
0	66	0	98	46	0	0
0	66	0	100	46	0	0
0	66	0	98	45	0	0
0	66	0	99	45	0	0
0	66	0	100	45	0	0
0	66	0	101	45	0	5
0	66	0	102	43	0	1
0	67	0	95	73	0	1
0	67	0	95	72	0	5
0	67	0	96	72	0	11
0	67	0	97	72	0	5
0	67	0	98	72	0	2
0	67	0	99	72	0	2
0	67	0	100	72	0	10
0	67	0	90	71	0	10
0	67	0	91	71	0	5
0	67	0	92	71	0	5
0	67	0	93	71	0	0
0	67	0	94	71	0	6
0	67	0	95	71	0	7
0	67	0	96	71	0	11
0	67	0	97	71	0	4
0	67	0	98	71	0	6
0	67	0	99	71	0	18
0	67	0	100	71	0	7
0	67	0	101	71	0	15
0	67	0	102	71	0	5
0	67	0	89	70	0	8
0	67	0	90	70	0	8
0	67	0	91	70	0	15
0	67	0	92	70	0	8
0	67	0	93	70	0	10
0	67	0	94	70	0	3
0	67	0	95	70	0	7
0	67	0	96	70	0	14
0	67	0	97	70	0	0
0	67	0	98	70	0	2
0	67	0	99	70	0	13
0	67	0	100	70	0	9
0	67	0	101	70	0	8
0	67	0	102	70	0	2
0	67	0	87	69	0	3
0	67	0	88	69	0	8
0	67	0	89	69	0	4
0	67	0	90	69	0	6
0	67	0	91	69	0	5
0	67	0	92	69	0	6
0	67	0	93	69	0	5
0	67	0	94	69	0	5
0	67	0	95	69	0	10
0	67	0	96	69	0	5
0	67	0	97	69	0	9
0	67	0	98	69	0	8
0	67	0	99	69	0	4
0	67	0	100	69	0	3
0	67	0	101	69	0	6
0	67	0	102	69	0	9
0	67	0	86	68	0	13
0	67	0	87	68	0	11
0	67	0	88	68	0	3
0	67	0	89	68	0	16
0	67	0	90	68	0	11
0	67	0	91	68	0	10
0	67	0	92	68	0	5
0	67	0	93	68	0	5
0	67	0	94	68	0	4
0	67	0	95	68	0	8
0	67	0	96	68	0	2
0	67	0	97	68	0	11
0	67	0	98	68	0	11
0	67	0	99	68	0	10
0	67	0	100	68	0	3
0	67	0	101	68	0	10
0	67	0	102	68	0	7
0	67	0	86	67	0	11
0	67	0	87	67	0	5
0	67	0	88	67	0	3
0	67	0	89	67	0	7
0	67	0	90	67	0	9
0	67	0	91	67	0	7
0	67	0	92	67	0	1
0	67	0	93	67	0	10
0	67	0	94	67	0	13
0	67	0	95	67	0	6
0	67	0	96	67	0	9
0	67	0	97	67	0	8
0	67	0	98	67	0	0
0	67	0	99	67	0	5
0	67	0	100	67	0	11
0	67	0	101	67	0	3
0	67	0	102	67	0	1
0	67	0	87	66	0	10
0	67	0	88	66	0	13
0	67	0	89	66	0	11
0	67	0	90	66	0	5
0	67	0	91	66	0	10
0	67	0	92	66	0	10
0	67	0	93	66	0	9
0	67	0	94	66	0	4
0	67	0	95	66	0	6
0	67	0	96	66	0	7
0	67	0	97	66	0	7
0	67	0	98	66	0	8
0	67	0	99	66	0	4
0	67	0	100	66	0	7
0	67	0	101	66	0	7
0	67	0	102	66	0	2
0	67	0	87	65	0	6
0	67	0	88	65	0	5
0	67	0	89	65	0	7
0	67	0	90	65	0	5
0	67	0	91	65	0	8
0	67	0	92	65	0	9
0	67	0	93	65	0	10
0	67	0	94	65	0	15
0	67	0	95	65	0	5
0	67	0	96	65	0	7
0	67	0	97	65	0	8
0	67	0	98	65	0	4
0	67	0	99	65	0	18
0	67	0	100	65	0	6
0	67	0	101	65	0	10
0	67	0	102	65	0	11
0	67	0	103	65	0	8
0	67	0	87	64	0	4
0	67	0	88	64	0	6
0	67	0	89	64	0	2
0	67	0	90	64	0	0
0	67	0	91	64	0	13
0	67	0	92	64	0	12
0	67	0	93	64	0	11
0	67	0	94	64	0	10
0	67	0	95	64	0	6
0	67	0	96	64	0	10
0	67	0	97	64	0	4
0	67	0	98	64	0	12
0	67	0	99	64	0	6
0	67	0	100	64	0	6
0	67	0	101	64	0	0
0	67	0	102	64	0	7
0	67	0	103	64	0	3
0	67	0	86	63	0	6
0	67	0	87	63	0	4
0	67	0	88	63	0	6
0	67	0	89	63	0	13
0	67	0	90	63	0	0
0	67	0	91	63	0	3
0	67	0	92	63	0	9
0	67	0	93	63	0	10
0	67	0	94	63	0	11
0	67	0	95	63	0	5
0	67	0	96	63	0	7
0	67	0	97	63	0	2
0	67	0	98	63	0	5
0	67	0	99	63	0	1
0	67	0	100	63	0	9
0	67	0	101	63	0	11
0	67	0	102	63	0	12
0	67	0	103	63	0	13
0	67	0	87	62	0	16
0	67	0	88	62	0	3
0	67	0	89	62	0	12
0	67	0	90	62	0	9
0	67	0	91	62	0	4
0	67	0	92	62	0	4
0	67	0	93	62	0	12
0	67	0	94	62	0	7
0	67	0	95	62	0	16
0	67	0	96	62	0	9
0	67	0	97	62	0	12
0	67	0	98	62	0	2
0	67	0	99	62	0	14
0	67	0	100	62	0	1
0	67	0	101	62	0	5
0	67	0	102	62	0	5
0	67	0	87	61	0	6
0	67	0	88	61	0	10
0	67	0	89	61	0	8
0	67	0	90	61	0	12
0	67	0	91	61	0	13
0	67	0	92	61	0	18
0	67	0	93	61	0	16
0	67	0	94	61	0	6
0	67	0	95	61	0	10
0	67	0	96	61	0	7
0	67	0	97	61	0	7
0	67	0	98	61	0	3
0	67	0	99	61	0	2
0	67	0	100	61	0	5
0	67	0	88	60	0	11
0	67	0	89	60	0	17
0	67	0	90	60	0	10
0	67	0	91	60	0	1
0	67	0	92	60	0	15
0	67	0	93	60	0	16
0	67	0	94	60	0	11
0	67	0	95	60	0	8
0	67	0	96	60	0	11
0	67	0	88	59	0	3
0	67	0	89	59	0	3
0	67	0	90	59	0	6
0	67	0	91	59	0	12
0	67	0	92	59	0	15
0	67	0	93	59	0	6
0	67	0	94	59	0	7
0	67	0	95	59	0	9
0	67	0	89	58	0	9
0	67	0	90	58	0	6
0	67	0	91	58	0	13
0	67	0	92	58	0	8
0	67	0	93	58	0	11
0	67	0	94	58	0	5
0	67	0	91	57	0	10
0	67	0	92	57	0	5
0	67	0	93	57	0	11
0	67	0	96	55	0	9
0	67	0	94	54	0	6
0	67	0	95	54	0	6
0	67	0	96	54	0	0
0	67	0	97	54	0	2
0	67	0	101	54	0	1
0	67	0	102	54	0	1
0	67	0	104	54	0	2
0	67	0	93	53	0	8
0	67	0	94	53	0	8
0	67	0	95	53	0	4
0	67	0	96	53	0	7
0	67	0	97	53	0	1
0	67	0	98	53	0	4
0	67	0	99	53	0	1
0	67	0	100	53	0	1
0	67	0	101	53	0	7
0	67	0	102	53	0	5
0	67	0	103	53	0	6
0	67	0	104	53	0	4
0	67	0	105	53	0	7
0	67	0	93	52	0	1
0	67	0	94	52	0	2
0	67	0	95	52	0	6
0	67	0	96	52	0	2
0	67	0	97	52	0	3
0	67	0	98	52	0	5
0	67	0	99	52	0	14
0	67	0	100	52	0	8
0	67	0	101	52	0	2
0	67	0	102	52	0	5
0	67	0	103	52	0	2
0	67	0	104	52	0	6
0	67	0	105	52	0	6
0	67	0	106	52	0	5
0	67	0	107	52	0	0
0	67	0	93	51	0	0
0	67	0	94	51	0	6
0	67	0	95	51	0	0
0	67	0	96	51	0	5
0	67	0	97	51	0	7
0	67	0	98	51	0	1
0	67	0	99	51	0	3
0	67	0	100	51	0	0
0	67	0	103	51	0	5
0	67	0	104	51	0	0
0	67	0	105	51	0	1
0	67	0	93	50	0	2
0	67	0	94	50	0	7
0	67	0	95	50	0	0
0	67	0	96	50	0	3
0	67	0	97	50	0	0
0	67	0	98	50	0	6
0	67	0	99	50	0	4
0	67	0	100	50	0	0
0	67	0	101	50	0	0
0	67	0	103	50	0	10
0	67	0	104	50	0	1
0	67	0	105	50	0	1
0	67	0	106	50	0	3
0	67	0	107	50	0	10
0	67	0	93	49	0	0
0	67	0	95	49	0	2
0	67	0	96	49	0	2
0	67	0	97	49	0	4
0	67	0	98	49	0	0
0	67	0	99	49	0	0
0	67	0	100	49	0	0
0	67	0	101	49	0	0
0	67	0	104	49	0	2
0	67	0	106	49	0	1
0	67	0	94	48	0	6
0	67	0	95	48	0	6
0	67	0	96	48	0	10
0	67	0	97	48	0	2
0	67	0	98	48	0	18
0	67	0	99	48	0	0
0	67	0	100	48	0	0
0	67	0	104	48	0	7
0	67	0	106	48	0	5
0	67	0	94	47	0	0
0	67	0	95	47	0	1
0	67	0	96	47	0	0
0	67	0	97	47	0	0
0	67	0	98	47	0	0
0	67	0	100	47	0	2
0	67	0	101	47	0	0
0	67	0	93	46	0	0
0	67	0	96	46	0	2
0	67	0	97	46	0	1
0	67	0	98	46	0	1
0	67	0	100	46	0	0
0	67	0	94	45	0	1
0	67	0	96	45	0	1
0	67	0	98	45	0	0
0	67	0	99	45	0	0
0	67	0	100	45	0	0
0	67	0	101	45	0	5
0	67	0	102	43	0	0
0	67	0	97	37	0	1
0	68	0	95	73	0	2
0	68	0	95	72	0	8
0	68	0	96	72	0	8
0	68	0	97	72	0	7
0	68	0	98	72	0	5
0	68	0	99	72	0	3
0	68	0	100	72	0	5
0	68	0	90	71	0	11
0	68	0	91	71	0	9
0	68	0	92	71	0	2
0	68	0	93	71	0	0
0	68	0	94	71	0	6
0	68	0	95	71	0	2
0	68	0	96	71	0	12
0	68	0	97	71	0	7
0	68	0	98	71	0	6
0	68	0	99	71	0	12
0	68	0	100	71	0	5
0	68	0	101	71	0	15
0	68	0	102	71	0	4
0	68	0	89	70	0	9
0	68	0	90	70	0	13
0	68	0	91	70	0	13
0	68	0	92	70	0	12
0	68	0	93	70	0	18
0	68	0	94	70	0	4
0	68	0	95	70	0	5
0	68	0	96	70	0	10
0	68	0	97	70	0	0
0	68	0	98	70	0	0
0	68	0	99	70	0	17
0	68	0	100	70	0	15
0	68	0	101	70	0	10
0	68	0	102	70	0	3
0	68	0	87	69	0	6
0	68	0	88	69	0	6
0	68	0	89	69	0	8
0	68	0	90	69	0	9
0	68	0	91	69	0	5
0	68	0	92	69	0	14
0	68	0	93	69	0	5
0	68	0	94	69	0	2
0	68	0	95	69	0	9
0	68	0	96	69	0	8
0	68	0	97	69	0	8
0	68	0	98	69	0	6
0	68	0	99	69	0	5
0	68	0	100	69	0	4
0	68	0	101	69	0	6
0	68	0	102	69	0	5
0	68	0	86	68	0	20
0	68	0	87	68	0	7
0	68	0	88	68	0	5
0	68	0	89	68	0	12
0	68	0	90	68	0	8
0	68	0	91	68	0	8
0	68	0	92	68	0	13
0	68	0	93	68	0	5
0	68	0	94	68	0	7
0	68	0	95	68	0	13
0	68	0	96	68	0	1
0	68	0	97	68	0	8
0	68	0	98	68	0	12
0	68	0	99	68	0	10
0	68	0	100	68	0	8
0	68	0	101	68	0	11
0	68	0	102	68	0	7
0	68	0	86	67	0	10
0	68	0	87	67	0	5
0	68	0	88	67	0	2
0	68	0	89	67	0	7
0	68	0	90	67	0	11
0	68	0	91	67	0	8
0	68	0	92	67	0	3
0	68	0	93	67	0	12
0	68	0	94	67	0	12
0	68	0	95	67	0	12
0	68	0	96	67	0	4
0	68	0	97	67	0	9
0	68	0	98	67	0	0
0	68	0	99	67	0	6
0	68	0	100	67	0	13
0	68	0	101	67	0	3
0	68	0	102	67	0	2
0	68	0	87	66	0	9
0	68	0	88	66	0	9
0	68	0	89	66	0	15
0	68	0	90	66	0	4
0	68	0	91	66	0	5
0	68	0	92	66	0	8
0	68	0	93	66	0	8
0	68	0	94	66	0	6
0	68	0	95	66	0	6
0	68	0	96	66	0	13
0	68	0	97	66	0	12
0	68	0	98	66	0	4
0	68	0	99	66	0	5
0	68	0	100	66	0	11
0	68	0	101	66	0	12
0	68	0	102	66	0	2
0	68	0	87	65	0	5
0	68	0	88	65	0	7
0	68	0	89	65	0	14
0	68	0	90	65	0	9
0	68	0	91	65	0	11
0	68	0	92	65	0	11
0	68	0	93	65	0	12
0	68	0	94	65	0	8
0	68	0	95	65	0	4
0	68	0	96	65	0	3
0	68	0	97	65	0	2
0	68	0	98	65	0	3
0	68	0	99	65	0	10
0	68	0	100	65	0	8
0	68	0	101	65	0	5
0	68	0	102	65	0	12
0	68	0	103	65	0	12
0	68	0	87	64	0	2
0	68	0	88	64	0	6
0	68	0	89	64	0	3
0	68	0	90	64	0	1
0	68	0	91	64	0	15
0	68	0	92	64	0	8
0	68	0	93	64	0	15
0	68	0	94	64	0	12
0	68	0	95	64	0	12
0	68	0	96	64	0	5
0	68	0	97	64	0	8
0	68	0	98	64	0	11
0	68	0	99	64	0	15
0	68	0	100	64	0	13
0	68	0	101	64	0	1
0	68	0	102	64	0	7
0	68	0	103	64	0	3
0	68	0	86	63	0	4
0	68	0	87	63	0	3
0	68	0	88	63	0	5
0	68	0	89	63	0	10
0	68	0	90	63	0	0
0	68	0	91	63	0	5
0	68	0	92	63	0	11
0	68	0	93	63	0	11
0	68	0	94	63	0	10
0	68	0	95	63	0	5
0	68	0	96	63	0	6
0	68	0	97	63	0	3
0	68	0	98	63	0	4
0	68	0	99	63	0	0
0	68	0	100	63	0	12
0	68	0	101	63	0	7
0	68	0	102	63	0	13
0	68	0	103	63	0	12
0	68	0	87	62	0	11
0	68	0	88	62	0	4
0	68	0	89	62	0	14
0	68	0	90	62	0	8
0	68	0	91	62	0	4
0	68	0	92	62	0	5
0	68	0	93	62	0	10
0	68	0	94	62	0	12
0	68	0	95	62	0	18
0	68	0	96	62	0	7
0	68	0	97	62	0	11
0	68	0	98	62	0	2
0	68	0	99	62	0	10
0	68	0	100	62	0	0
0	68	0	101	62	0	6
0	68	0	102	62	0	8
0	68	0	87	61	0	9
0	68	0	88	61	0	14
0	68	0	89	61	0	9
0	68	0	90	61	0	9
0	68	0	91	61	0	5
0	68	0	92	61	0	7
0	68	0	93	61	0	10
0	68	0	94	61	0	13
0	68	0	95	61	0	12
0	68	0	96	61	0	8
0	68	0	97	61	0	9
0	68	0	98	61	0	1
0	68	0	99	61	0	5
0	68	0	100	61	0	8
0	68	0	88	60	0	9
0	68	0	89	60	0	14
0	68	0	90	60	0	10
0	68	0	91	60	0	2
0	68	0	92	60	0	15
0	68	0	93	60	0	10
0	68	0	94	60	0	17
0	68	0	95	60	0	10
0	68	0	96	60	0	16
0	68	0	88	59	0	4
0	68	0	89	59	0	4
0	68	0	90	59	0	6
0	68	0	91	59	0	10
0	68	0	92	59	0	20
0	68	0	93	59	0	8
0	68	0	94	59	0	4
0	68	0	95	59	0	14
0	68	0	89	58	0	10
0	68	0	90	58	0	7
0	68	0	91	58	0	12
0	68	0	92	58	0	5
0	68	0	93	58	0	15
0	68	0	94	58	0	7
0	68	0	91	57	0	14
0	68	0	92	57	0	7
0	68	0	93	57	0	8
0	68	0	96	55	0	5
0	68	0	94	54	0	8
0	68	0	95	54	0	4
0	68	0	96	54	0	1
0	68	0	97	54	0	3
0	68	0	101	54	0	4
0	68	0	102	54	0	1
0	68	0	103	54	0	1
0	68	0	104	54	0	3
0	68	0	93	53	0	4
0	68	0	94	53	0	9
0	68	0	95	53	0	7
0	68	0	96	53	0	6
0	68	0	97	53	0	2
0	68	0	98	53	0	4
0	68	0	99	53	0	2
0	68	0	100	53	0	3
0	68	0	101	53	0	8
0	68	0	102	53	0	4
0	68	0	103	53	0	6
0	68	0	104	53	0	2
0	68	0	105	53	0	6
0	68	0	93	52	0	2
0	68	0	94	52	0	2
0	68	0	95	52	0	6
0	68	0	96	52	0	3
0	68	0	97	52	0	1
0	68	0	98	52	0	6
0	68	0	99	52	0	12
0	68	0	100	52	0	11
0	68	0	101	52	0	3
0	68	0	102	52	0	8
0	68	0	103	52	0	4
0	68	0	104	52	0	4
0	68	0	105	52	0	5
0	68	0	106	52	0	4
0	68	0	107	52	0	0
0	68	0	93	51	0	0
0	68	0	94	51	0	6
0	68	0	95	51	0	1
0	68	0	96	51	0	7
0	68	0	97	51	0	5
0	68	0	98	51	0	4
0	68	0	99	51	0	6
0	68	0	100	51	0	0
0	68	0	103	51	0	7
0	68	0	104	51	0	0
0	68	0	105	51	0	4
0	68	0	93	50	0	2
0	68	0	94	50	0	8
0	68	0	95	50	0	1
0	68	0	96	50	0	6
0	68	0	97	50	0	0
0	68	0	98	50	0	7
0	68	0	99	50	0	2
0	68	0	100	50	0	0
0	68	0	101	50	0	0
0	68	0	103	50	0	11
0	68	0	104	50	0	0
0	68	0	105	50	0	3
0	68	0	106	50	0	2
0	68	0	107	50	0	8
0	68	0	93	49	0	0
0	68	0	94	49	0	1
0	68	0	95	49	0	1
0	68	0	96	49	0	4
0	68	0	97	49	0	9
0	68	0	98	49	0	0
0	68	0	99	49	0	0
0	68	0	100	49	0	0
0	68	0	101	49	0	0
0	68	0	103	49	0	1
0	68	0	104	49	0	1
0	68	0	106	49	0	1
0	68	0	94	48	0	5
0	68	0	95	48	0	7
0	68	0	96	48	0	8
0	68	0	97	48	0	1
0	68	0	98	48	0	14
0	68	0	99	48	0	0
0	68	0	100	48	0	1
0	68	0	101	48	0	1
0	68	0	104	48	0	14
0	68	0	106	48	0	5
0	68	0	94	47	0	0
0	68	0	95	47	0	1
0	68	0	96	47	0	1
0	68	0	97	47	0	0
0	68	0	98	47	0	0
0	68	0	99	47	0	1
0	68	0	100	47	0	2
0	68	0	101	47	0	0
0	68	0	93	46	0	0
0	68	0	96	46	0	3
0	68	0	97	46	0	0
0	68	0	98	46	0	1
0	68	0	100	46	0	0
0	68	0	94	45	0	1
0	68	0	96	45	0	1
0	68	0	98	45	0	0
0	68	0	99	45	0	0
0	68	0	100	45	0	0
0	68	0	101	45	0	3
0	68	0	98	44	0	1
0	68	0	102	43	0	0
0	68	0	97	37	0	2
0	69	0	95	73	0	5
0	69	0	95	72	0	8
0	69	0	96	72	0	5
0	69	0	97	72	0	14
0	69	0	98	72	0	5
0	69	0	99	72	0	2
0	69	0	100	72	0	3
0	69	0	90	71	0	8
0	69	0	91	71	0	12
0	69	0	92	71	0	2
0	69	0	93	71	0	2
0	69	0	94	71	0	5
0	69	0	95	71	0	1
0	69	0	96	71	0	16
0	69	0	97	71	0	9
0	69	0	98	71	0	6
0	69	0	99	71	0	16
0	69	0	100	71	0	10
0	69	0	101	71	0	8
0	69	0	102	71	0	5
0	69	0	89	70	0	7
0	69	0	90	70	0	14
0	69	0	91	70	0	13
0	69	0	92	70	0	9
0	69	0	93	70	0	13
0	69	0	94	70	0	9
0	69	0	95	70	0	7
0	69	0	96	70	0	5
0	69	0	97	70	0	0
0	69	0	98	70	0	1
0	69	0	99	70	0	16
0	69	0	100	70	0	15
0	69	0	101	70	0	10
0	69	0	102	70	0	4
0	69	0	87	69	0	5
0	69	0	88	69	0	5
0	69	0	89	69	0	10
0	69	0	90	69	0	16
0	69	0	91	69	0	6
0	69	0	92	69	0	13
0	69	0	93	69	0	3
0	69	0	94	69	0	2
0	69	0	95	69	0	8
0	69	0	96	69	0	12
0	69	0	97	69	0	13
0	69	0	98	69	0	4
0	69	0	99	69	0	7
0	69	0	100	69	0	4
0	69	0	101	69	0	4
0	69	0	102	69	0	7
0	69	0	86	68	0	11
0	69	0	87	68	0	8
0	69	0	88	68	0	5
0	69	0	89	68	0	8
0	69	0	90	68	0	13
0	69	0	91	68	0	2
0	69	0	92	68	0	11
0	69	0	93	68	0	9
0	69	0	94	68	0	9
0	69	0	95	68	0	13
0	69	0	96	68	0	0
0	69	0	97	68	0	9
0	69	0	98	68	0	7
0	69	0	99	68	0	7
0	69	0	100	68	0	7
0	69	0	101	68	0	5
0	69	0	102	68	0	8
0	69	0	86	67	0	10
0	69	0	87	67	0	9
0	69	0	88	67	0	4
0	69	0	89	67	0	7
0	69	0	90	67	0	9
0	69	0	91	67	0	10
0	69	0	92	67	0	8
0	69	0	93	67	0	13
0	69	0	94	67	0	9
0	69	0	95	67	0	10
0	69	0	96	67	0	7
0	69	0	97	67	0	8
0	69	0	98	67	0	0
0	69	0	99	67	0	12
0	69	0	100	67	0	13
0	69	0	101	67	0	2
0	69	0	102	67	0	1
0	69	0	87	66	0	8
0	69	0	88	66	0	8
0	69	0	89	66	0	10
0	69	0	90	66	0	9
0	69	0	91	66	0	8
0	69	0	92	66	0	8
0	69	0	93	66	0	7
0	69	0	94	66	0	8
0	69	0	95	66	0	8
0	69	0	96	66	0	14
0	69	0	97	66	0	13
0	69	0	98	66	0	8
0	69	0	99	66	0	8
0	69	0	100	66	0	11
0	69	0	101	66	0	14
0	69	0	102	66	0	1
0	69	0	87	65	0	8
0	69	0	88	65	0	7
0	69	0	89	65	0	19
0	69	0	90	65	0	9
0	69	0	91	65	0	2
0	69	0	92	65	0	11
0	69	0	93	65	0	11
0	69	0	94	65	0	1
0	69	0	95	65	0	4
0	69	0	96	65	0	3
0	69	0	97	65	0	7
0	69	0	98	65	0	7
0	69	0	99	65	0	8
0	69	0	100	65	0	6
0	69	0	101	65	0	8
0	69	0	102	65	0	13
0	69	0	103	65	0	8
0	69	0	87	64	0	6
0	69	0	88	64	0	7
0	69	0	89	64	0	3
0	69	0	90	64	0	2
0	69	0	91	64	0	11
0	69	0	92	64	0	12
0	69	0	93	64	0	14
0	69	0	94	64	0	9
0	69	0	95	64	0	16
0	69	0	96	64	0	6
0	69	0	97	64	0	9
0	69	0	98	64	0	8
0	69	0	99	64	0	14
0	69	0	100	64	0	11
0	69	0	101	64	0	2
0	69	0	102	64	0	10
0	69	0	103	64	0	6
0	69	0	86	63	0	3
0	69	0	87	63	0	3
0	69	0	88	63	0	3
0	69	0	89	63	0	7
0	69	0	90	63	0	0
0	69	0	91	63	0	3
0	69	0	92	63	0	8
0	69	0	93	63	0	11
0	69	0	94	63	0	13
0	69	0	95	63	0	8
0	69	0	96	63	0	6
0	69	0	97	63	0	3
0	69	0	98	63	0	2
0	69	0	99	63	0	2
0	69	0	100	63	0	7
0	69	0	101	63	0	7
0	69	0	102	63	0	10
0	69	0	103	63	0	8
0	69	0	87	62	0	7
0	69	0	88	62	0	5
0	69	0	89	62	0	15
0	69	0	90	62	0	5
0	69	0	91	62	0	3
0	69	0	92	62	0	6
0	69	0	93	62	0	8
0	69	0	94	62	0	14
0	69	0	95	62	0	12
0	69	0	96	62	0	12
0	69	0	97	62	0	6
0	69	0	98	62	0	2
0	69	0	99	62	0	8
0	69	0	100	62	0	1
0	69	0	101	62	0	7
0	69	0	102	62	0	7
0	69	0	87	61	0	4
0	69	0	88	61	0	9
0	69	0	89	61	0	8
0	69	0	90	61	0	7
0	69	0	91	61	0	5
0	69	0	92	61	0	8
0	69	0	93	61	0	7
0	69	0	94	61	0	14
0	69	0	95	61	0	8
0	69	0	96	61	0	14
0	69	0	97	61	0	5
0	69	0	98	61	0	2
0	69	0	99	61	0	12
0	69	0	100	61	0	8
0	69	0	88	60	0	9
0	69	0	89	60	0	10
0	69	0	90	60	0	12
0	69	0	91	60	0	5
0	69	0	92	60	0	21
0	69	0	93	60	0	12
0	69	0	94	60	0	9
0	69	0	95	60	0	5
0	69	0	96	60	0	18
0	69	0	88	59	0	5
0	69	0	89	59	0	3
0	69	0	90	59	0	8
0	69	0	91	59	0	7
0	69	0	92	59	0	9
0	69	0	93	59	0	9
0	69	0	94	59	0	6
0	69	0	95	59	0	9
0	69	0	89	58	0	12
0	69	0	90	58	0	9
0	69	0	91	58	0	8
0	69	0	92	58	0	8
0	69	0	93	58	0	16
0	69	0	94	58	0	6
0	69	0	91	57	0	11
0	69	0	92	57	0	6
0	69	0	93	57	0	10
0	69	0	96	55	0	4
0	69	0	94	54	0	9
0	69	0	95	54	0	8
0	69	0	96	54	0	2
0	69	0	97	54	0	8
0	69	0	101	54	0	2
0	69	0	102	54	0	4
0	69	0	103	54	0	2
0	69	0	104	54	0	4
0	69	0	93	53	0	8
0	69	0	94	53	0	5
0	69	0	95	53	0	7
0	69	0	96	53	0	6
0	69	0	97	53	0	3
0	69	0	98	53	0	2
0	69	0	99	53	0	1
0	69	0	100	53	0	3
0	69	0	101	53	0	4
0	69	0	102	53	0	5
0	69	0	103	53	0	4
0	69	0	104	53	0	0
0	69	0	105	53	0	9
0	69	0	93	52	0	3
0	69	0	94	52	0	2
0	69	0	95	52	0	3
0	69	0	96	52	0	4
0	69	0	97	52	0	2
0	69	0	98	52	0	6
0	69	0	99	52	0	13
0	69	0	100	52	0	10
0	69	0	101	52	0	6
0	69	0	102	52	0	5
0	69	0	103	52	0	4
0	69	0	104	52	0	4
0	69	0	105	52	0	7
0	69	0	106	52	0	6
0	69	0	107	52	0	0
0	69	0	93	51	0	0
0	69	0	94	51	0	6
0	69	0	95	51	0	3
0	69	0	96	51	0	10
0	69	0	97	51	0	5
0	69	0	98	51	0	7
0	69	0	99	51	0	2
0	69	0	100	51	0	0
0	69	0	102	51	0	1
0	69	0	103	51	0	8
0	69	0	104	51	0	1
0	69	0	105	51	0	4
0	69	0	93	50	0	2
0	69	0	94	50	0	9
0	69	0	95	50	0	1
0	69	0	96	50	0	11
0	69	0	97	50	0	2
0	69	0	98	50	0	12
0	69	0	99	50	0	2
0	69	0	100	50	0	0
0	69	0	101	50	0	0
0	69	0	103	50	0	7
0	69	0	104	50	0	0
0	69	0	105	50	0	6
0	69	0	106	50	0	1
0	69	0	107	50	0	6
0	69	0	93	49	0	0
0	69	0	94	49	0	4
0	69	0	95	49	0	3
0	69	0	96	49	0	3
0	69	0	97	49	0	13
0	69	0	98	49	0	0
0	69	0	99	49	0	0
0	69	0	100	49	0	0
0	69	0	101	49	0	1
0	69	0	103	49	0	0
0	69	0	104	49	0	3
0	69	0	105	49	0	1
0	69	0	106	49	0	0
0	69	0	94	48	0	8
0	69	0	95	48	0	7
0	69	0	96	48	0	5
0	69	0	97	48	0	3
0	69	0	98	48	0	10
0	69	0	99	48	0	1
0	69	0	100	48	0	1
0	69	0	101	48	0	4
0	69	0	104	48	0	9
0	69	0	106	48	0	3
0	69	0	94	47	0	0
0	69	0	95	47	0	0
0	69	0	96	47	0	1
0	69	0	97	47	0	0
0	69	0	98	47	0	0
0	69	0	99	47	0	1
0	69	0	100	47	0	2
0	69	0	101	47	0	1
0	69	0	93	46	0	0
0	69	0	96	46	0	8
0	69	0	97	46	0	0
0	69	0	98	46	0	1
0	69	0	100	46	0	0
0	69	0	94	45	0	3
0	69	0	96	45	0	1
0	69	0	98	45	0	0
0	69	0	99	45	0	0
0	69	0	100	45	0	0
0	69	0	101	45	0	0
0	69	0	96	44	0	1
0	69	0	98	44	0	2
0	69	0	102	43	0	0
0	69	0	97	37	0	5
0	69	0	100	36	0	1
0	70	0	95	73	0	7
0	70	0	95	72	0	7
0	70	0	96	72	0	5
0	70	0	97	72	0	6
0	70	0	98	72	0	6
0	70	0	99	72	0	4
0	70	0	100	72	0	4
0	70	0	90	71	0	4
0	70	0	91	71	0	8
0	70	0	92	71	0	6
0	70	0	93	71	0	2
0	70	0	94	71	0	5
0	70	0	95	71	0	1
0	70	0	96	71	0	11
0	70	0	97	71	0	8
0	70	0	98	71	0	7
0	70	0	99	71	0	12
0	70	0	100	71	0	10
0	70	0	101	71	0	8
0	70	0	102	71	0	3
0	70	0	89	70	0	13
0	70	0	90	70	0	16
0	70	0	91	70	0	11
0	70	0	92	70	0	5
0	70	0	93	70	0	6
0	70	0	94	70	0	7
0	70	0	95	70	0	8
0	70	0	96	70	0	10
0	70	0	97	70	0	1
0	70	0	98	70	0	2
0	70	0	99	70	0	18
0	70	0	100	70	0	15
0	70	0	101	70	0	10
0	70	0	102	70	0	1
0	70	0	87	69	0	4
0	70	0	88	69	0	5
0	70	0	89	69	0	8
0	70	0	90	69	0	11
0	70	0	91	69	0	2
0	70	0	92	69	0	12
0	70	0	93	69	0	4
0	70	0	94	69	0	4
0	70	0	95	69	0	12
0	70	0	96	69	0	5
0	70	0	97	69	0	15
0	70	0	98	69	0	12
0	70	0	99	69	0	7
0	70	0	100	69	0	4
0	70	0	101	69	0	4
0	70	0	102	69	0	8
0	70	0	86	68	0	15
0	70	0	87	68	0	6
0	70	0	88	68	0	5
0	70	0	89	68	0	8
0	70	0	90	68	0	13
0	70	0	91	68	0	4
0	70	0	92	68	0	11
0	70	0	93	68	0	11
0	70	0	94	68	0	8
0	70	0	95	68	0	13
0	70	0	96	68	0	0
0	70	0	97	68	0	11
0	70	0	98	68	0	13
0	70	0	99	68	0	7
0	70	0	100	68	0	9
0	70	0	101	68	0	14
0	70	0	102	68	0	6
0	70	0	86	67	0	11
0	70	0	87	67	0	7
0	70	0	88	67	0	3
0	70	0	89	67	0	7
0	70	0	90	67	0	12
0	70	0	91	67	0	10
0	70	0	92	67	0	15
0	70	0	93	67	0	19
0	70	0	94	67	0	7
0	70	0	95	67	0	11
0	70	0	96	67	0	6
0	70	0	97	67	0	10
0	70	0	98	67	0	1
0	70	0	99	67	0	7
0	70	0	100	67	0	13
0	70	0	101	67	0	7
0	70	0	102	67	0	2
0	70	0	87	66	0	11
0	70	0	88	66	0	12
0	70	0	89	66	0	6
0	70	0	90	66	0	9
0	70	0	91	66	0	6
0	70	0	92	66	0	7
0	70	0	93	66	0	3
0	70	0	94	66	0	4
0	70	0	95	66	0	10
0	70	0	96	66	0	16
0	70	0	97	66	0	13
0	70	0	98	66	0	5
0	70	0	99	66	0	7
0	70	0	100	66	0	9
0	70	0	101	66	0	8
0	70	0	102	66	0	2
0	70	0	87	65	0	4
0	70	0	88	65	0	8
0	70	0	89	65	0	25
0	70	0	90	65	0	11
0	70	0	91	65	0	3
0	70	0	92	65	0	12
0	70	0	93	65	0	12
0	70	0	94	65	0	0
0	70	0	95	65	0	15
0	70	0	96	65	0	4
0	70	0	97	65	0	7
0	70	0	98	65	0	10
0	70	0	99	65	0	7
0	70	0	100	65	0	9
0	70	0	101	65	0	7
0	70	0	102	65	0	9
0	70	0	103	65	0	12
0	70	0	87	64	0	9
0	70	0	88	64	0	8
0	70	0	89	64	0	3
0	70	0	90	64	0	4
0	70	0	91	64	0	11
0	70	0	92	64	0	13
0	70	0	93	64	0	11
0	70	0	94	64	0	10
0	70	0	95	64	0	9
0	70	0	96	64	0	5
0	70	0	97	64	0	12
0	70	0	98	64	0	6
0	70	0	99	64	0	18
0	70	0	100	64	0	8
0	70	0	101	64	0	3
0	70	0	102	64	0	11
0	70	0	103	64	0	4
0	70	0	86	63	0	5
0	70	0	87	63	0	6
0	70	0	88	63	0	3
0	70	0	89	63	0	8
0	70	0	90	63	0	1
0	70	0	91	63	0	10
0	70	0	92	63	0	5
0	70	0	93	63	0	10
0	70	0	94	63	0	9
0	70	0	95	63	0	8
0	70	0	96	63	0	5
0	70	0	97	63	0	2
0	70	0	98	63	0	2
0	70	0	99	63	0	5
0	70	0	100	63	0	6
0	70	0	101	63	0	12
0	70	0	102	63	0	7
0	70	0	103	63	0	6
0	70	0	87	62	0	9
0	70	0	88	62	0	3
0	70	0	89	62	0	15
0	70	0	90	62	0	9
0	70	0	91	62	0	3
0	70	0	92	62	0	7
0	70	0	93	62	0	21
0	70	0	94	62	0	12
0	70	0	95	62	0	12
0	70	0	96	62	0	9
0	70	0	97	62	0	6
0	70	0	98	62	0	4
0	70	0	99	62	0	7
0	70	0	100	62	0	2
0	70	0	101	62	0	10
0	70	0	102	62	0	7
0	70	0	87	61	0	7
0	70	0	88	61	0	8
0	70	0	89	61	0	6
0	70	0	90	61	0	10
0	70	0	91	61	0	9
0	70	0	92	61	0	8
0	70	0	93	61	0	11
0	70	0	94	61	0	12
0	70	0	95	61	0	8
0	70	0	96	61	0	13
0	70	0	97	61	0	7
0	70	0	98	61	0	3
0	70	0	99	61	0	12
0	70	0	100	61	0	10
0	70	0	88	60	0	14
0	70	0	89	60	0	14
0	70	0	90	60	0	15
0	70	0	91	60	0	8
0	70	0	92	60	0	19
0	70	0	93	60	0	7
0	70	0	94	60	0	15
0	70	0	95	60	0	5
0	70	0	96	60	0	10
0	70	0	88	59	0	5
0	70	0	89	59	0	2
0	70	0	90	59	0	9
0	70	0	91	59	0	9
0	70	0	92	59	0	9
0	70	0	93	59	0	7
0	70	0	94	59	0	6
0	70	0	95	59	0	2
0	70	0	89	58	0	17
0	70	0	90	58	0	5
0	70	0	91	58	0	8
0	70	0	92	58	0	6
0	70	0	93	58	0	11
0	70	0	94	58	0	10
0	70	0	91	57	0	7
0	70	0	92	57	0	10
0	70	0	93	57	0	10
0	70	0	96	55	0	4
0	70	0	94	54	0	7
0	70	0	95	54	0	7
0	70	0	96	54	0	4
0	70	0	97	54	0	12
0	70	0	101	54	0	4
0	70	0	102	54	0	4
0	70	0	103	54	0	4
0	70	0	104	54	0	8
0	70	0	93	53	0	3
0	70	0	94	53	0	8
0	70	0	95	53	0	5
0	70	0	96	53	0	8
0	70	0	97	53	0	3
0	70	0	98	53	0	3
0	70	0	99	53	0	1
0	70	0	100	53	0	7
0	70	0	101	53	0	2
0	70	0	102	53	0	6
0	70	0	103	53	0	5
0	70	0	104	53	0	0
0	70	0	105	53	0	6
0	70	0	93	52	0	2
0	70	0	94	52	0	0
0	70	0	95	52	0	4
0	70	0	96	52	0	7
0	70	0	97	52	0	3
0	70	0	98	52	0	7
0	70	0	99	52	0	12
0	70	0	100	52	0	11
0	70	0	101	52	0	6
0	70	0	102	52	0	4
0	70	0	103	52	0	6
0	70	0	104	52	0	2
0	70	0	105	52	0	9
0	70	0	106	52	0	8
0	70	0	107	52	0	0
0	70	0	93	51	0	1
0	70	0	94	51	0	5
0	70	0	95	51	0	1
0	70	0	96	51	0	11
0	70	0	97	51	0	7
0	70	0	98	51	0	6
0	70	0	99	51	0	4
0	70	0	100	51	0	0
0	70	0	102	51	0	2
0	70	0	103	51	0	13
0	70	0	104	51	0	1
0	70	0	105	51	0	4
0	70	0	93	50	0	2
0	70	0	94	50	0	8
0	70	0	95	50	0	1
0	70	0	96	50	0	10
0	70	0	97	50	0	2
0	70	0	98	50	0	9
0	70	0	99	50	0	3
0	70	0	100	50	0	0
0	70	0	101	50	0	2
0	70	0	103	50	0	10
0	70	0	104	50	0	1
0	70	0	105	50	0	6
0	70	0	106	50	0	1
0	70	0	107	50	0	3
0	70	0	93	49	0	0
0	70	0	94	49	0	1
0	70	0	95	49	0	4
0	70	0	96	49	0	5
0	70	0	97	49	0	16
0	70	0	98	49	0	0
0	70	0	99	49	0	0
0	70	0	100	49	0	0
0	70	0	101	49	0	0
0	70	0	103	49	0	0
0	70	0	104	49	0	2
0	70	0	105	49	0	2
0	70	0	106	49	0	1
0	70	0	94	48	0	5
0	70	0	95	48	0	11
0	70	0	96	48	0	4
0	70	0	97	48	0	3
0	70	0	98	48	0	12
0	70	0	99	48	0	3
0	70	0	100	48	0	1
0	70	0	101	48	0	3
0	70	0	104	48	0	6
0	70	0	105	48	0	1
0	70	0	106	48	0	2
0	70	0	94	47	0	2
0	70	0	95	47	0	0
0	70	0	96	47	0	0
0	70	0	97	47	0	0
0	70	0	98	47	0	0
0	70	0	99	47	0	1
0	70	0	100	47	0	4
0	70	0	101	47	0	3
0	70	0	93	46	0	0
0	70	0	96	46	0	3
0	70	0	97	46	0	1
0	70	0	98	46	0	1
0	70	0	100	46	0	0
0	70	0	94	45	0	3
0	70	0	95	45	0	1
0	70	0	96	45	0	0
0	70	0	98	45	0	0
0	70	0	99	45	0	0
0	70	0	100	45	0	0
0	70	0	101	45	0	0
0	70	0	103	45	0	1
0	70	0	96	44	0	1
0	70	0	98	44	0	5
0	70	0	99	44	0	1
0	70	0	102	43	0	0
0	70	0	97	37	0	5
0	70	0	100	36	0	1
0	71	0	95	73	0	7
0	71	0	95	72	0	7
0	71	0	96	72	0	6
0	71	0	97	72	0	5
0	71	0	98	72	0	5
0	71	0	99	72	0	9
0	71	0	100	72	0	1
0	71	0	90	71	0	4
0	71	0	91	71	0	7
0	71	0	92	71	0	9
0	71	0	93	71	0	2
0	71	0	94	71	0	6
0	71	0	95	71	0	3
0	71	0	96	71	0	15
0	71	0	97	71	0	10
0	71	0	98	71	0	5
0	71	0	99	71	0	11
0	71	0	100	71	0	5
0	71	0	101	71	0	8
0	71	0	102	71	0	3
0	71	0	89	70	0	8
0	71	0	90	70	0	11
0	71	0	91	70	0	14
0	71	0	92	70	0	7
0	71	0	93	70	0	11
0	71	0	94	70	0	3
0	71	0	95	70	0	8
0	71	0	96	70	0	6
0	71	0	97	70	0	2
0	71	0	98	70	0	4
0	71	0	99	70	0	15
0	71	0	100	70	0	13
0	71	0	101	70	0	5
0	71	0	102	70	0	2
0	71	0	87	69	0	6
0	71	0	88	69	0	6
0	71	0	89	69	0	11
0	71	0	90	69	0	16
0	71	0	91	69	0	6
0	71	0	92	69	0	5
0	71	0	93	69	0	8
0	71	0	94	69	0	4
0	71	0	95	69	0	11
0	71	0	96	69	0	6
0	71	0	97	69	0	4
0	71	0	98	69	0	9
0	71	0	99	69	0	8
0	71	0	100	69	0	4
0	71	0	101	69	0	6
0	71	0	102	69	0	15
0	71	0	86	68	0	23
0	71	0	87	68	0	3
0	71	0	88	68	0	10
0	71	0	89	68	0	7
0	71	0	90	68	0	17
0	71	0	91	68	0	3
0	71	0	92	68	0	14
0	71	0	93	68	0	8
0	71	0	94	68	0	7
0	71	0	95	68	0	13
0	71	0	96	68	0	0
0	71	0	97	68	0	10
0	71	0	98	68	0	5
0	71	0	99	68	0	6
0	71	0	100	68	0	11
0	71	0	101	68	0	11
0	71	0	102	68	0	13
0	71	0	86	67	0	11
0	71	0	87	67	0	7
0	71	0	88	67	0	5
0	71	0	89	67	0	8
0	71	0	90	67	0	9
0	71	0	91	67	0	13
0	71	0	92	67	0	14
0	71	0	93	67	0	8
0	71	0	94	67	0	5
0	71	0	95	67	0	10
0	71	0	96	67	0	13
0	71	0	97	67	0	7
0	71	0	98	67	0	1
0	71	0	99	67	0	10
0	71	0	100	67	0	15
0	71	0	101	67	0	13
0	71	0	102	67	0	4
0	71	0	87	66	0	13
0	71	0	88	66	0	14
0	71	0	89	66	0	6
0	71	0	90	66	0	14
0	71	0	91	66	0	4
0	71	0	92	66	0	6
0	71	0	93	66	0	6
0	71	0	94	66	0	6
0	71	0	95	66	0	16
0	71	0	96	66	0	20
0	71	0	97	66	0	8
0	71	0	98	66	0	3
0	71	0	99	66	0	16
0	71	0	100	66	0	9
0	71	0	101	66	0	6
0	71	0	102	66	0	2
0	71	0	87	65	0	5
0	71	0	88	65	0	6
0	71	0	89	65	0	15
0	71	0	90	65	0	10
0	71	0	91	65	0	7
0	71	0	92	65	0	8
0	71	0	93	65	0	12
0	71	0	94	65	0	0
0	71	0	95	65	0	12
0	71	0	96	65	0	4
0	71	0	97	65	0	9
0	71	0	98	65	0	10
0	71	0	99	65	0	5
0	71	0	100	65	0	4
0	71	0	101	65	0	13
0	71	0	102	65	0	9
0	71	0	103	65	0	5
0	71	0	87	64	0	10
0	71	0	88	64	0	6
0	71	0	89	64	0	5
0	71	0	90	64	0	6
0	71	0	91	64	0	8
0	71	0	92	64	0	14
0	71	0	93	64	0	16
0	71	0	94	64	0	11
0	71	0	95	64	0	8
0	71	0	96	64	0	6
0	71	0	97	64	0	14
0	71	0	98	64	0	7
0	71	0	99	64	0	17
0	71	0	100	64	0	8
0	71	0	101	64	0	5
0	71	0	102	64	0	11
0	71	0	103	64	0	9
0	71	0	86	63	0	7
0	71	0	87	63	0	6
0	71	0	88	63	0	5
0	71	0	89	63	0	12
0	71	0	90	63	0	2
0	71	0	91	63	0	8
0	71	0	92	63	0	7
0	71	0	93	63	0	9
0	71	0	94	63	0	13
0	71	0	95	63	0	3
0	71	0	96	63	0	8
0	71	0	97	63	0	2
0	71	0	98	63	0	5
0	71	0	99	63	0	5
0	71	0	100	63	0	9
0	71	0	101	63	0	12
0	71	0	102	63	0	8
0	71	0	103	63	0	10
0	71	0	87	62	0	10
0	71	0	88	62	0	4
0	71	0	89	62	0	12
0	71	0	90	62	0	10
0	71	0	91	62	0	7
0	71	0	92	62	0	4
0	71	0	93	62	0	10
0	71	0	94	62	0	15
0	71	0	95	62	0	9
0	71	0	96	62	0	7
0	71	0	97	62	0	9
0	71	0	98	62	0	8
0	71	0	99	62	0	10
0	71	0	100	62	0	6
0	71	0	101	62	0	7
0	71	0	102	62	0	3
0	71	0	87	61	0	7
0	71	0	88	61	0	9
0	71	0	89	61	0	7
0	71	0	90	61	0	14
0	71	0	91	61	0	10
0	71	0	92	61	0	8
0	71	0	93	61	0	10
0	71	0	94	61	0	5
0	71	0	95	61	0	9
0	71	0	96	61	0	12
0	71	0	97	61	0	9
0	71	0	98	61	0	4
0	71	0	99	61	0	8
0	71	0	100	61	0	6
0	71	0	88	60	0	15
0	71	0	89	60	0	10
0	71	0	90	60	0	18
0	71	0	91	60	0	9
0	71	0	92	60	0	9
0	71	0	93	60	0	7
0	71	0	94	60	0	12
0	71	0	95	60	0	8
0	71	0	96	60	0	8
0	71	0	88	59	0	7
0	71	0	89	59	0	5
0	71	0	90	59	0	12
0	71	0	91	59	0	6
0	71	0	92	59	0	6
0	71	0	93	59	0	4
0	71	0	94	59	0	5
0	71	0	95	59	0	3
0	71	0	89	58	0	11
0	71	0	90	58	0	6
0	71	0	91	58	0	7
0	71	0	92	58	0	7
0	71	0	93	58	0	12
0	71	0	94	58	0	9
0	71	0	91	57	0	7
0	71	0	92	57	0	9
0	71	0	93	57	0	13
0	71	0	96	55	0	3
0	71	0	94	54	0	4
0	71	0	95	54	0	7
0	71	0	96	54	0	8
0	71	0	97	54	0	7
0	71	0	101	54	0	8
0	71	0	102	54	0	6
0	71	0	103	54	0	7
0	71	0	104	54	0	10
0	71	0	93	53	0	5
0	71	0	94	53	0	9
0	71	0	95	53	0	5
0	71	0	96	53	0	9
0	71	0	97	53	0	6
0	71	0	98	53	0	2
0	71	0	99	53	0	1
0	71	0	100	53	0	6
0	71	0	101	53	0	2
0	71	0	102	53	0	16
0	71	0	103	53	0	5
0	71	0	104	53	0	0
0	71	0	105	53	0	7
0	71	0	106	53	0	3
0	71	0	93	52	0	0
0	71	0	94	52	0	0
0	71	0	95	52	0	1
0	71	0	96	52	0	9
0	71	0	97	52	0	4
0	71	0	98	52	0	8
0	71	0	99	52	0	14
0	71	0	100	52	0	5
0	71	0	101	52	0	11
0	71	0	102	52	0	9
0	71	0	103	52	0	10
0	71	0	104	52	0	2
0	71	0	105	52	0	9
0	71	0	106	52	0	11
0	71	0	107	52	0	1
0	71	0	93	51	0	2
0	71	0	94	51	0	7
0	71	0	95	51	0	3
0	71	0	96	51	0	11
0	71	0	97	51	0	5
0	71	0	98	51	0	10
0	71	0	99	51	0	7
0	71	0	100	51	0	1
0	71	0	102	51	0	4
0	71	0	103	51	0	7
0	71	0	104	51	0	0
0	71	0	105	51	0	4
0	71	0	106	51	0	1
0	71	0	93	50	0	2
0	71	0	94	50	0	9
0	71	0	95	50	0	0
0	71	0	96	50	0	14
0	71	0	97	50	0	5
0	71	0	98	50	0	11
0	71	0	99	50	0	2
0	71	0	100	50	0	0
0	71	0	101	50	0	3
0	71	0	102	50	0	1
0	71	0	103	50	0	10
0	71	0	104	50	0	4
0	71	0	105	50	0	5
0	71	0	106	50	0	2
0	71	0	107	50	0	1
0	71	0	93	49	0	0
0	71	0	94	49	0	0
0	71	0	95	49	0	2
0	71	0	96	49	0	1
0	71	0	97	49	0	14
0	71	0	98	49	0	0
0	71	0	99	49	0	0
0	71	0	100	49	0	1
0	71	0	101	49	0	0
0	71	0	103	49	0	0
0	71	0	104	49	0	2
0	71	0	105	49	0	4
0	71	0	106	49	0	0
0	71	0	94	48	0	0
0	71	0	95	48	0	9
0	71	0	96	48	0	5
0	71	0	97	48	0	4
0	71	0	98	48	0	10
0	71	0	99	48	0	2
0	71	0	100	48	0	1
0	71	0	101	48	0	6
0	71	0	104	48	0	9
0	71	0	105	48	0	0
0	71	0	106	48	0	2
0	71	0	94	47	0	3
0	71	0	95	47	0	0
0	71	0	96	47	0	0
0	71	0	97	47	0	0
0	71	0	98	47	0	0
0	71	0	99	47	0	2
0	71	0	100	47	0	7
0	71	0	101	47	0	3
0	71	0	93	46	0	1
0	71	0	96	46	0	1
0	71	0	97	46	0	2
0	71	0	98	46	0	1
0	71	0	100	46	0	0
0	71	0	102	46	0	1
0	71	0	94	45	0	3
0	71	0	95	45	0	3
0	71	0	96	45	0	0
0	71	0	98	45	0	0
0	71	0	99	45	0	0
0	71	0	100	45	0	0
0	71	0	101	45	0	0
0	71	0	103	45	0	1
0	71	0	95	44	0	3
0	71	0	96	44	0	0
0	71	0	98	44	0	7
0	71	0	99	44	0	2
0	71	0	102	43	0	0
0	71	0	97	37	0	5
0	71	0	100	36	0	2
0	72	0	95	73	0	6
0	72	0	95	72	0	7
0	72	0	96	72	0	6
0	72	0	97	72	0	12
0	72	0	98	72	0	8
0	72	0	99	72	0	11
0	72	0	100	72	0	1
0	72	0	90	71	0	7
0	72	0	91	71	0	2
0	72	0	92	71	0	6
0	72	0	93	71	0	3
0	72	0	94	71	0	8
0	72	0	95	71	0	3
0	72	0	96	71	0	10
0	72	0	97	71	0	12
0	72	0	98	71	0	5
0	72	0	99	71	0	12
0	72	0	100	71	0	9
0	72	0	101	71	0	5
0	72	0	102	71	0	4
0	72	0	89	70	0	8
0	72	0	90	70	0	11
0	72	0	91	70	0	14
0	72	0	92	70	0	7
0	72	0	93	70	0	9
0	72	0	94	70	0	0
0	72	0	95	70	0	7
0	72	0	96	70	0	9
0	72	0	97	70	0	5
0	72	0	98	70	0	2
0	72	0	99	70	0	11
0	72	0	100	70	0	10
0	72	0	101	70	0	5
0	72	0	102	70	0	4
0	72	0	87	69	0	7
0	72	0	88	69	0	6
0	72	0	89	69	0	8
0	72	0	90	69	0	18
0	72	0	91	69	0	11
0	72	0	92	69	0	7
0	72	0	93	69	0	9
0	72	0	94	69	0	4
0	72	0	95	69	0	9
0	72	0	96	69	0	4
0	72	0	97	69	0	2
0	72	0	98	69	0	4
0	72	0	99	69	0	4
0	72	0	100	69	0	7
0	72	0	101	69	0	6
0	72	0	102	69	0	10
0	72	0	86	68	0	7
0	72	0	87	68	0	4
0	72	0	88	68	0	11
0	72	0	89	68	0	4
0	72	0	90	68	0	13
0	72	0	91	68	0	5
0	72	0	92	68	0	16
0	72	0	93	68	0	10
0	72	0	94	68	0	8
0	72	0	95	68	0	11
0	72	0	96	68	0	2
0	72	0	97	68	0	14
0	72	0	98	68	0	4
0	72	0	99	68	0	16
0	72	0	100	68	0	11
0	72	0	101	68	0	11
0	72	0	102	68	0	8
0	72	0	86	67	0	9
0	72	0	87	67	0	4
0	72	0	88	67	0	8
0	72	0	89	67	0	8
0	72	0	90	67	0	9
0	72	0	91	67	0	9
0	72	0	92	67	0	12
0	72	0	93	67	0	7
0	72	0	94	67	0	4
0	72	0	95	67	0	19
0	72	0	96	67	0	10
0	72	0	97	67	0	10
0	72	0	98	67	0	1
0	72	0	99	67	0	16
0	72	0	100	67	0	14
0	72	0	101	67	0	13
0	72	0	102	67	0	4
0	72	0	87	66	0	21
0	72	0	88	66	0	6
0	72	0	89	66	0	4
0	72	0	90	66	0	10
0	72	0	91	66	0	7
0	72	0	92	66	0	6
0	72	0	93	66	0	8
0	72	0	94	66	0	6
0	72	0	95	66	0	11
0	72	0	96	66	0	12
0	72	0	97	66	0	16
0	72	0	98	66	0	6
0	72	0	99	66	0	16
0	72	0	100	66	0	8
0	72	0	101	66	0	5
0	72	0	102	66	0	2
0	72	0	87	65	0	5
0	72	0	88	65	0	6
0	72	0	89	65	0	19
0	72	0	90	65	0	12
0	72	0	91	65	0	10
0	72	0	92	65	0	12
0	72	0	93	65	0	11
0	72	0	94	65	0	1
0	72	0	95	65	0	9
0	72	0	96	65	0	5
0	72	0	97	65	0	9
0	72	0	98	65	0	9
0	72	0	99	65	0	4
0	72	0	100	65	0	3
0	72	0	101	65	0	11
0	72	0	102	65	0	8
0	72	0	103	65	0	6
0	72	0	87	64	0	7
0	72	0	88	64	0	4
0	72	0	89	64	0	8
0	72	0	90	64	0	6
0	72	0	91	64	0	8
0	72	0	92	64	0	14
0	72	0	93	64	0	9
0	72	0	94	64	0	7
0	72	0	95	64	0	8
0	72	0	96	64	0	5
0	72	0	97	64	0	16
0	72	0	98	64	0	10
0	72	0	99	64	0	17
0	72	0	100	64	0	9
0	72	0	101	64	0	8
0	72	0	102	64	0	9
0	72	0	103	64	0	10
0	72	0	86	63	0	8
0	72	0	87	63	0	4
0	72	0	88	63	0	5
0	72	0	89	63	0	14
0	72	0	90	63	0	4
0	72	0	91	63	0	8
0	72	0	92	63	0	12
0	72	0	93	63	0	4
0	72	0	94	63	0	12
0	72	0	95	63	0	8
0	72	0	96	63	0	7
0	72	0	97	63	0	6
0	72	0	98	63	0	2
0	72	0	99	63	0	6
0	72	0	100	63	0	10
0	72	0	101	63	0	12
0	72	0	102	63	0	16
0	72	0	103	63	0	5
0	72	0	87	62	0	12
0	72	0	88	62	0	4
0	72	0	89	62	0	13
0	72	0	90	62	0	14
0	72	0	91	62	0	8
0	72	0	92	62	0	5
0	72	0	93	62	0	8
0	72	0	94	62	0	13
0	72	0	95	62	0	10
0	72	0	96	62	0	9
0	72	0	97	62	0	11
0	72	0	98	62	0	7
0	72	0	99	62	0	11
0	72	0	100	62	0	5
0	72	0	101	62	0	8
0	72	0	102	62	0	3
0	72	0	87	61	0	9
0	72	0	88	61	0	7
0	72	0	89	61	0	8
0	72	0	90	61	0	16
0	72	0	91	61	0	10
0	72	0	92	61	0	12
0	72	0	93	61	0	11
0	72	0	94	61	0	11
0	72	0	95	61	0	8
0	72	0	96	61	0	12
0	72	0	97	61	0	12
0	72	0	98	61	0	7
0	72	0	99	61	0	1
0	72	0	100	61	0	6
0	72	0	88	60	0	11
0	72	0	89	60	0	11
0	72	0	90	60	0	14
0	72	0	91	60	0	5
0	72	0	92	60	0	11
0	72	0	93	60	0	10
0	72	0	94	60	0	10
0	72	0	95	60	0	9
0	72	0	96	60	0	4
0	72	0	88	59	0	6
0	72	0	89	59	0	8
0	72	0	90	59	0	17
0	72	0	91	59	0	1
0	72	0	92	59	0	11
0	72	0	93	59	0	6
0	72	0	94	59	0	4
0	72	0	95	59	0	5
0	72	0	89	58	0	9
0	72	0	90	58	0	15
0	72	0	91	58	0	12
0	72	0	92	58	0	6
0	72	0	93	58	0	13
0	72	0	94	58	0	7
0	72	0	91	57	0	8
0	72	0	92	57	0	15
0	72	0	93	57	0	12
0	72	0	96	55	0	6
0	72	0	94	54	0	5
0	72	0	95	54	0	14
0	72	0	96	54	0	6
0	72	0	97	54	0	14
0	72	0	101	54	0	7
0	72	0	102	54	0	9
0	72	0	103	54	0	7
0	72	0	104	54	0	14
0	72	0	93	53	0	5
0	72	0	94	53	0	7
0	72	0	95	53	0	7
0	72	0	96	53	0	7
0	72	0	97	53	0	11
0	72	0	98	53	0	3
0	72	0	99	53	0	2
0	72	0	100	53	0	8
0	72	0	101	53	0	6
0	72	0	102	53	0	12
0	72	0	103	53	0	1
0	72	0	104	53	0	0
0	72	0	105	53	0	11
0	72	0	106	53	0	6
0	72	0	93	52	0	0
0	72	0	94	52	0	1
0	72	0	95	52	0	1
0	72	0	96	52	0	8
0	72	0	97	52	0	4
0	72	0	98	52	0	10
0	72	0	99	52	0	11
0	72	0	100	52	0	7
0	72	0	101	52	0	15
0	72	0	102	52	0	4
0	72	0	103	52	0	11
0	72	0	104	52	0	6
0	72	0	105	52	0	12
0	72	0	106	52	0	10
0	72	0	107	52	0	1
0	72	0	93	51	0	4
0	72	0	94	51	0	9
0	72	0	95	51	0	3
0	72	0	96	51	0	14
0	72	0	97	51	0	3
0	72	0	98	51	0	9
0	72	0	99	51	0	13
0	72	0	100	51	0	2
0	72	0	102	51	0	9
0	72	0	103	51	0	4
0	72	0	104	51	0	0
0	72	0	105	51	0	6
0	72	0	106	51	0	2
0	72	0	93	50	0	4
0	72	0	94	50	0	6
0	72	0	95	50	0	0
0	72	0	96	50	0	12
0	72	0	97	50	0	6
0	72	0	98	50	0	13
0	72	0	99	50	0	2
0	72	0	100	50	0	0
0	72	0	101	50	0	3
0	72	0	102	50	0	1
0	72	0	103	50	0	6
0	72	0	104	50	0	4
0	72	0	105	50	0	5
0	72	0	106	50	0	4
0	72	0	107	50	0	0
0	72	0	93	49	0	0
0	72	0	94	49	0	0
0	72	0	95	49	0	8
0	72	0	96	49	0	1
0	72	0	97	49	0	12
0	72	0	98	49	0	0
0	72	0	99	49	0	0
0	72	0	100	49	0	2
0	72	0	101	49	0	0
0	72	0	103	49	0	1
0	72	0	104	49	0	1
0	72	0	105	49	0	7
0	72	0	106	49	0	0
0	72	0	94	48	0	0
0	72	0	95	48	0	10
0	72	0	96	48	0	8
0	72	0	97	48	0	5
0	72	0	98	48	0	10
0	72	0	99	48	0	2
0	72	0	100	48	0	2
0	72	0	101	48	0	6
0	72	0	102	48	0	1
0	72	0	104	48	0	12
0	72	0	105	48	0	2
0	72	0	106	48	0	4
0	72	0	94	47	0	2
0	72	0	95	47	0	0
0	72	0	96	47	0	0
0	72	0	97	47	0	0
0	72	0	98	47	0	2
0	72	0	99	47	0	1
0	72	0	100	47	0	6
0	72	0	101	47	0	4
0	72	0	93	46	0	1
0	72	0	96	46	0	2
0	72	0	97	46	0	1
0	72	0	98	46	0	3
0	72	0	99	46	0	1
0	72	0	100	46	0	0
0	72	0	102	46	0	1
0	72	0	94	45	0	1
0	72	0	95	45	0	3
0	72	0	96	45	0	0
0	72	0	98	45	0	0
0	72	0	99	45	0	0
0	72	0	100	45	0	0
0	72	0	101	45	0	0
0	72	0	103	45	0	3
0	72	0	95	44	0	5
0	72	0	96	44	0	0
0	72	0	98	44	0	11
0	72	0	99	44	0	1
0	72	0	104	44	0	1
0	72	0	99	43	0	1
0	72	0	102	43	0	0
0	72	0	97	37	0	4
0	72	0	100	36	0	0
0	73	0	95	73	0	6
0	73	0	95	72	0	9
0	73	0	96	72	0	4
0	73	0	97	72	0	11
0	73	0	98	72	0	10
0	73	0	99	72	0	8
0	73	0	100	72	0	3
0	73	0	90	71	0	7
0	73	0	91	71	0	4
0	73	0	92	71	0	5
0	73	0	93	71	0	4
0	73	0	94	71	0	13
0	73	0	95	71	0	3
0	73	0	96	71	0	6
0	73	0	97	71	0	13
0	73	0	98	71	0	7
0	73	0	99	71	0	9
0	73	0	100	71	0	10
0	73	0	101	71	0	9
0	73	0	102	71	0	3
0	73	0	89	70	0	10
0	73	0	90	70	0	10
0	73	0	91	70	0	5
0	73	0	92	70	0	6
0	73	0	93	70	0	9
0	73	0	94	70	0	0
0	73	0	95	70	0	9
0	73	0	96	70	0	8
0	73	0	97	70	0	3
0	73	0	98	70	0	4
0	73	0	99	70	0	14
0	73	0	100	70	0	10
0	73	0	101	70	0	7
0	73	0	102	70	0	10
0	73	0	87	69	0	11
0	73	0	88	69	0	7
0	73	0	89	69	0	7
0	73	0	90	69	0	13
0	73	0	91	69	0	11
0	73	0	92	69	0	4
0	73	0	93	69	0	8
0	73	0	94	69	0	5
0	73	0	95	69	0	9
0	73	0	96	69	0	3
0	73	0	97	69	0	4
0	73	0	98	69	0	7
0	73	0	99	69	0	6
0	73	0	100	69	0	5
0	73	0	101	69	0	7
0	73	0	102	69	0	11
0	73	0	86	68	0	8
0	73	0	87	68	0	2
0	73	0	88	68	0	14
0	73	0	89	68	0	8
0	73	0	90	68	0	14
0	73	0	91	68	0	6
0	73	0	92	68	0	20
0	73	0	93	68	0	15
0	73	0	94	68	0	8
0	73	0	95	68	0	16
0	73	0	96	68	0	6
0	73	0	97	68	0	15
0	73	0	98	68	0	5
0	73	0	99	68	0	16
0	73	0	100	68	0	8
0	73	0	101	68	0	13
0	73	0	102	68	0	10
0	73	0	86	67	0	10
0	73	0	87	67	0	3
0	73	0	88	67	0	7
0	73	0	89	67	0	14
0	73	0	90	67	0	8
0	73	0	91	67	0	15
0	73	0	92	67	0	7
0	73	0	93	67	0	10
0	73	0	94	67	0	4
0	73	0	95	67	0	9
0	73	0	96	67	0	12
0	73	0	97	67	0	6
0	73	0	98	67	0	3
0	73	0	99	67	0	13
0	73	0	100	67	0	14
0	73	0	101	67	0	11
0	73	0	102	67	0	8
0	73	0	87	66	0	13
0	73	0	88	66	0	11
0	73	0	89	66	0	10
0	73	0	90	66	0	10
0	73	0	91	66	0	10
0	73	0	92	66	0	5
0	73	0	93	66	0	9
0	73	0	94	66	0	4
0	73	0	95	66	0	10
0	73	0	96	66	0	13
0	73	0	97	66	0	13
0	73	0	98	66	0	5
0	73	0	99	66	0	10
0	73	0	100	66	0	11
0	73	0	101	66	0	4
0	73	0	102	66	0	4
0	73	0	87	65	0	4
0	73	0	88	65	0	4
0	73	0	89	65	0	10
0	73	0	90	65	0	15
0	73	0	91	65	0	7
0	73	0	92	65	0	11
0	73	0	93	65	0	8
0	73	0	94	65	0	2
0	73	0	95	65	0	11
0	73	0	96	65	0	7
0	73	0	97	65	0	11
0	73	0	98	65	0	12
0	73	0	99	65	0	7
0	73	0	100	65	0	2
0	73	0	101	65	0	14
0	73	0	102	65	0	10
0	73	0	103	65	0	7
0	73	0	87	64	0	11
0	73	0	88	64	0	12
0	73	0	89	64	0	7
0	73	0	90	64	0	8
0	73	0	91	64	0	9
0	73	0	92	64	0	11
0	73	0	93	64	0	11
0	73	0	94	64	0	10
0	73	0	95	64	0	11
0	73	0	96	64	0	10
0	73	0	97	64	0	14
0	73	0	98	64	0	10
0	73	0	99	64	0	16
0	73	0	100	64	0	15
0	73	0	101	64	0	5
0	73	0	102	64	0	8
0	73	0	103	64	0	9
0	73	0	86	63	0	10
0	73	0	87	63	0	5
0	73	0	88	63	0	12
0	73	0	89	63	0	11
0	73	0	90	63	0	6
0	73	0	91	63	0	10
0	73	0	92	63	0	13
0	73	0	93	63	0	9
0	73	0	94	63	0	11
0	73	0	95	63	0	12
0	73	0	96	63	0	9
0	73	0	97	63	0	5
0	73	0	98	63	0	3
0	73	0	99	63	0	5
0	73	0	100	63	0	11
0	73	0	101	63	0	16
0	73	0	102	63	0	15
0	73	0	103	63	0	5
0	73	0	87	62	0	12
0	73	0	88	62	0	2
0	73	0	89	62	0	13
0	73	0	90	62	0	17
0	73	0	91	62	0	7
0	73	0	92	62	0	3
0	73	0	93	62	0	6
0	73	0	94	62	0	13
0	73	0	95	62	0	12
0	73	0	96	62	0	8
0	73	0	97	62	0	5
0	73	0	98	62	0	8
0	73	0	99	62	0	9
0	73	0	100	62	0	5
0	73	0	101	62	0	9
0	73	0	102	62	0	6
0	73	0	87	61	0	8
0	73	0	88	61	0	8
0	73	0	89	61	0	5
0	73	0	90	61	0	10
0	73	0	91	61	0	7
0	73	0	92	61	0	9
0	73	0	93	61	0	6
0	73	0	94	61	0	13
0	73	0	95	61	0	11
0	73	0	96	61	0	12
0	73	0	97	61	0	9
0	73	0	98	61	0	4
0	73	0	99	61	0	0
0	73	0	100	61	0	7
0	73	0	88	60	0	7
0	73	0	89	60	0	11
0	73	0	90	60	0	10
0	73	0	91	60	0	7
0	73	0	92	60	0	10
0	73	0	93	60	0	7
0	73	0	94	60	0	8
0	73	0	95	60	0	11
0	73	0	96	60	0	8
0	73	0	88	59	0	2
0	73	0	89	59	0	8
0	73	0	90	59	0	7
0	73	0	91	59	0	5
0	73	0	92	59	0	10
0	73	0	93	59	0	7
0	73	0	94	59	0	8
0	73	0	95	59	0	3
0	73	0	89	58	0	11
0	73	0	90	58	0	11
0	73	0	91	58	0	9
0	73	0	92	58	0	9
0	73	0	93	58	0	17
0	73	0	94	58	0	7
0	73	0	91	57	0	12
0	73	0	92	57	0	14
0	73	0	93	57	0	10
0	73	0	96	55	0	7
0	73	0	94	54	0	5
0	73	0	95	54	0	18
0	73	0	96	54	0	10
0	73	0	97	54	0	15
0	73	0	101	54	0	4
0	73	0	102	54	0	9
0	73	0	103	54	0	9
0	73	0	104	54	0	9
0	73	0	93	53	0	6
0	73	0	94	53	0	12
0	73	0	95	53	0	8
0	73	0	96	53	0	11
0	73	0	97	53	0	7
0	73	0	98	53	0	2
0	73	0	99	53	0	1
0	73	0	100	53	0	10
0	73	0	101	53	0	4
0	73	0	102	53	0	8
0	73	0	103	53	0	2
0	73	0	104	53	0	2
0	73	0	105	53	0	10
0	73	0	106	53	0	8
0	73	0	93	52	0	0
0	73	0	94	52	0	2
0	73	0	95	52	0	3
0	73	0	96	52	0	8
0	73	0	97	52	0	1
0	73	0	98	52	0	9
0	73	0	99	52	0	8
0	73	0	100	52	0	9
0	73	0	101	52	0	17
0	73	0	102	52	0	4
0	73	0	103	52	0	5
0	73	0	104	52	0	6
0	73	0	105	52	0	6
0	73	0	106	52	0	11
0	73	0	107	52	0	1
0	73	0	93	51	0	1
0	73	0	94	51	0	6
0	73	0	95	51	0	3
0	73	0	96	51	0	10
0	73	0	97	51	0	4
0	73	0	98	51	0	10
0	73	0	99	51	0	15
0	73	0	100	51	0	3
0	73	0	101	51	0	1
0	73	0	102	51	0	10
0	73	0	103	51	0	4
0	73	0	104	51	0	0
0	73	0	105	51	0	5
0	73	0	106	51	0	2
0	73	0	93	50	0	5
0	73	0	94	50	0	8
0	73	0	95	50	0	0
0	73	0	96	50	0	8
0	73	0	97	50	0	3
0	73	0	98	50	0	11
0	73	0	99	50	0	3
0	73	0	100	50	0	0
0	73	0	101	50	0	5
0	73	0	102	50	0	1
0	73	0	103	50	0	8
0	73	0	104	50	0	8
0	73	0	105	50	0	6
0	73	0	106	50	0	12
0	73	0	107	50	0	0
0	73	0	93	49	0	0
0	73	0	94	49	0	0
0	73	0	95	49	0	10
0	73	0	96	49	0	0
0	73	0	97	49	0	12
0	73	0	98	49	0	0
0	73	0	99	49	0	2
0	73	0	100	49	0	4
0	73	0	101	49	0	0
0	73	0	102	49	0	2
0	73	0	103	49	0	1
0	73	0	104	49	0	1
0	73	0	105	49	0	10
0	73	0	106	49	0	0
0	73	0	94	48	0	2
0	73	0	95	48	0	10
0	73	0	96	48	0	9
0	73	0	97	48	0	3
0	73	0	98	48	0	11
0	73	0	99	48	0	3
0	73	0	100	48	0	5
0	73	0	101	48	0	9
0	73	0	102	48	0	1
0	73	0	104	48	0	12
0	73	0	105	48	0	3
0	73	0	106	48	0	7
0	73	0	94	47	0	1
0	73	0	95	47	0	2
0	73	0	96	47	0	0
0	73	0	97	47	0	0
0	73	0	98	47	0	6
0	73	0	99	47	0	1
0	73	0	100	47	0	5
0	73	0	101	47	0	8
0	73	0	104	47	0	1
0	73	0	93	46	0	0
0	73	0	96	46	0	4
0	73	0	97	46	0	2
0	73	0	98	46	0	2
0	73	0	99	46	0	1
0	73	0	100	46	0	0
0	73	0	102	46	0	1
0	73	0	94	45	0	4
0	73	0	95	45	0	5
0	73	0	96	45	0	0
0	73	0	98	45	0	0
0	73	0	99	45	0	0
0	73	0	100	45	0	0
0	73	0	101	45	0	0
0	73	0	103	45	0	1
0	73	0	95	44	0	7
0	73	0	96	44	0	0
0	73	0	97	44	0	1
0	73	0	98	44	0	6
0	73	0	99	44	0	0
0	73	0	104	44	0	3
0	73	0	97	43	0	1
0	73	0	99	43	0	2
0	73	0	102	43	0	0
0	73	0	97	37	0	4
0	73	0	100	36	0	0
0	74	0	95	73	0	5
0	74	0	95	72	0	10
0	74	0	96	72	0	4
0	74	0	97	72	0	7
0	74	0	98	72	0	5
0	74	0	99	72	0	8
0	74	0	100	72	0	1
0	74	0	90	71	0	7
0	74	0	91	71	0	6
0	74	0	92	71	0	7
0	74	0	93	71	0	7
0	74	0	94	71	0	7
0	74	0	95	71	0	5
0	74	0	96	71	0	7
0	74	0	97	71	0	15
0	74	0	98	71	0	9
0	74	0	99	71	0	6
0	74	0	100	71	0	11
0	74	0	101	71	0	13
0	74	0	102	71	0	6
0	74	0	89	70	0	15
0	74	0	90	70	0	6
0	74	0	91	70	0	4
0	74	0	92	70	0	11
0	74	0	93	70	0	9
0	74	0	94	70	0	1
0	74	0	95	70	0	12
0	74	0	96	70	0	7
0	74	0	97	70	0	4
0	74	0	98	70	0	3
0	74	0	99	70	0	7
0	74	0	100	70	0	7
0	74	0	101	70	0	2
0	74	0	102	70	0	14
0	74	0	87	69	0	11
0	74	0	88	69	0	3
0	74	0	89	69	0	7
0	74	0	90	69	0	12
0	74	0	91	69	0	12
0	74	0	92	69	0	3
0	74	0	93	69	0	12
0	74	0	94	69	0	9
0	74	0	95	69	0	12
0	74	0	96	69	0	4
0	74	0	97	69	0	5
0	74	0	98	69	0	6
0	74	0	99	69	0	9
0	74	0	100	69	0	8
0	74	0	101	69	0	7
0	74	0	102	69	0	13
0	74	0	86	68	0	2
0	74	0	87	68	0	0
0	74	0	88	68	0	8
0	74	0	89	68	0	13
0	74	0	90	68	0	14
0	74	0	91	68	0	10
0	74	0	92	68	0	9
0	74	0	93	68	0	9
0	74	0	94	68	0	8
0	74	0	95	68	0	13
0	74	0	96	68	0	6
0	74	0	97	68	0	18
0	74	0	98	68	0	8
0	74	0	99	68	0	17
0	74	0	100	68	0	4
0	74	0	101	68	0	13
0	74	0	102	68	0	8
0	74	0	86	67	0	7
0	74	0	87	67	0	5
0	74	0	88	67	0	9
0	74	0	89	67	0	7
0	74	0	90	67	0	6
0	74	0	91	67	0	8
0	74	0	92	67	0	16
0	74	0	93	67	0	9
0	74	0	94	67	0	2
0	74	0	95	67	0	14
0	74	0	96	67	0	9
0	74	0	97	67	0	6
0	74	0	98	67	0	3
0	74	0	99	67	0	7
0	74	0	100	67	0	15
0	74	0	101	67	0	6
0	74	0	102	67	0	9
0	74	0	87	66	0	16
0	74	0	88	66	0	7
0	74	0	89	66	0	13
0	74	0	90	66	0	13
0	74	0	91	66	0	10
0	74	0	92	66	0	9
0	74	0	93	66	0	9
0	74	0	94	66	0	7
0	74	0	95	66	0	10
0	74	0	96	66	0	18
0	74	0	97	66	0	6
0	74	0	98	66	0	4
0	74	0	99	66	0	8
0	74	0	100	66	0	8
0	74	0	101	66	0	9
0	74	0	102	66	0	3
0	74	0	87	65	0	5
0	74	0	88	65	0	5
0	74	0	89	65	0	13
0	74	0	90	65	0	17
0	74	0	91	65	0	8
0	74	0	92	65	0	9
0	74	0	93	65	0	13
0	74	0	94	65	0	4
0	74	0	95	65	0	10
0	74	0	96	65	0	14
0	74	0	97	65	0	9
0	74	0	98	65	0	13
0	74	0	99	65	0	13
0	74	0	100	65	0	4
0	74	0	101	65	0	9
0	74	0	102	65	0	9
0	74	0	103	65	0	8
0	74	0	87	64	0	12
0	74	0	88	64	0	13
0	74	0	89	64	0	7
0	74	0	90	64	0	14
0	74	0	91	64	0	9
0	74	0	92	64	0	9
0	74	0	93	64	0	11
0	74	0	94	64	0	10
0	74	0	95	64	0	12
0	74	0	96	64	0	10
0	74	0	97	64	0	13
0	74	0	98	64	0	8
0	74	0	99	64	0	12
0	74	0	100	64	0	8
0	74	0	101	64	0	5
0	74	0	102	64	0	9
0	74	0	103	64	0	11
0	74	0	86	63	0	11
0	74	0	87	63	0	13
0	74	0	88	63	0	11
0	74	0	89	63	0	14
0	74	0	90	63	0	8
0	74	0	91	63	0	11
0	74	0	92	63	0	14
0	74	0	93	63	0	8
0	74	0	94	63	0	14
0	74	0	95	63	0	6
0	74	0	96	63	0	7
0	74	0	97	63	0	6
0	74	0	98	63	0	3
0	74	0	99	63	0	6
0	74	0	100	63	0	6
0	74	0	101	63	0	8
0	74	0	102	63	0	14
0	74	0	103	63	0	4
0	74	0	87	62	0	11
0	74	0	88	62	0	3
0	74	0	89	62	0	16
0	74	0	90	62	0	11
0	74	0	91	62	0	11
0	74	0	92	62	0	3
0	74	0	93	62	0	10
0	74	0	94	62	0	15
0	74	0	95	62	0	10
0	74	0	96	62	0	12
0	74	0	97	62	0	6
0	74	0	98	62	0	7
0	74	0	99	62	0	8
0	74	0	100	62	0	2
0	74	0	101	62	0	11
0	74	0	102	62	0	7
0	74	0	87	61	0	11
0	74	0	88	61	0	11
0	74	0	89	61	0	11
0	74	0	90	61	0	10
0	74	0	91	61	0	7
0	74	0	92	61	0	10
0	74	0	93	61	0	6
0	74	0	94	61	0	13
0	74	0	95	61	0	14
0	74	0	96	61	0	13
0	74	0	97	61	0	7
0	74	0	98	61	0	3
0	74	0	99	61	0	0
0	74	0	100	61	0	5
0	74	0	88	60	0	6
0	74	0	89	60	0	14
0	74	0	90	60	0	11
0	74	0	91	60	0	13
0	74	0	92	60	0	11
0	74	0	93	60	0	8
0	74	0	94	60	0	6
0	74	0	95	60	0	11
0	74	0	96	60	0	10
0	74	0	88	59	0	4
0	74	0	89	59	0	13
0	74	0	90	59	0	9
0	74	0	91	59	0	6
0	74	0	92	59	0	11
0	74	0	93	59	0	6
0	74	0	94	59	0	7
0	74	0	95	59	0	5
0	74	0	89	58	0	12
0	74	0	90	58	0	11
0	74	0	91	58	0	15
0	74	0	92	58	0	7
0	74	0	93	58	0	23
0	74	0	94	58	0	8
0	74	0	91	57	0	8
0	74	0	92	57	0	15
0	74	0	93	57	0	4
0	74	0	96	55	0	7
0	74	0	94	54	0	6
0	74	0	95	54	0	11
0	74	0	96	54	0	8
0	74	0	97	54	0	11
0	74	0	101	54	0	4
0	74	0	102	54	0	10
0	74	0	103	54	0	10
0	74	0	104	54	0	6
0	74	0	93	53	0	10
0	74	0	94	53	0	11
0	74	0	95	53	0	11
0	74	0	96	53	0	8
0	74	0	97	53	0	3
0	74	0	98	53	0	5
0	74	0	99	53	0	1
0	74	0	100	53	0	12
0	74	0	101	53	0	4
0	74	0	102	53	0	4
0	74	0	103	53	0	4
0	74	0	104	53	0	1
0	74	0	105	53	0	10
0	74	0	106	53	0	9
0	74	0	93	52	0	0
0	74	0	94	52	0	2
0	74	0	95	52	0	2
0	74	0	96	52	0	5
0	74	0	97	52	0	5
0	74	0	98	52	0	9
0	74	0	99	52	0	10
0	74	0	100	52	0	9
0	74	0	101	52	0	11
0	74	0	102	52	0	2
0	74	0	103	52	0	6
0	74	0	104	52	0	4
0	74	0	105	52	0	3
0	74	0	106	52	0	11
0	74	0	107	52	0	1
0	74	0	93	51	0	6
0	74	0	94	51	0	7
0	74	0	95	51	0	8
0	74	0	96	51	0	14
0	74	0	97	51	0	5
0	74	0	98	51	0	3
0	74	0	99	51	0	10
0	74	0	100	51	0	4
0	74	0	101	51	0	3
0	74	0	102	51	0	12
0	74	0	103	51	0	9
0	74	0	104	51	0	0
0	74	0	105	51	0	1
0	74	0	106	51	0	1
0	74	0	93	50	0	7
0	74	0	94	50	0	12
0	74	0	95	50	0	0
0	74	0	96	50	0	14
0	74	0	97	50	0	7
0	74	0	98	50	0	6
0	74	0	99	50	0	6
0	74	0	100	50	0	0
0	74	0	101	50	0	5
0	74	0	102	50	0	2
0	74	0	103	50	0	7
0	74	0	104	50	0	11
0	74	0	105	50	0	6
0	74	0	106	50	0	14
0	74	0	107	50	0	0
0	74	0	93	49	0	0
0	74	0	94	49	0	1
0	74	0	95	49	0	10
0	74	0	96	49	0	0
0	74	0	97	49	0	10
0	74	0	98	49	0	0
0	74	0	99	49	0	6
0	74	0	100	49	0	4
0	74	0	101	49	0	0
0	74	0	102	49	0	2
0	74	0	103	49	0	1
0	74	0	104	49	0	1
0	74	0	105	49	0	15
0	74	0	106	49	0	0
0	74	0	107	49	0	1
0	74	0	94	48	0	1
0	74	0	95	48	0	6
0	74	0	96	48	0	6
0	74	0	97	48	0	3
0	74	0	98	48	0	13
0	74	0	99	48	0	4
0	74	0	100	48	0	7
0	74	0	101	48	0	5
0	74	0	102	48	0	0
0	74	0	103	48	0	1
0	74	0	104	48	0	13
0	74	0	105	48	0	3
0	74	0	106	48	0	16
0	74	0	107	48	0	1
0	74	0	94	47	0	0
0	74	0	95	47	0	1
0	74	0	96	47	0	0
0	74	0	97	47	0	0
0	74	0	98	47	0	9
0	74	0	99	47	0	2
0	74	0	100	47	0	6
0	74	0	101	47	0	9
0	74	0	104	47	0	1
0	74	0	93	46	0	0
0	74	0	96	46	0	8
0	74	0	97	46	0	1
0	74	0	98	46	0	3
0	74	0	99	46	0	3
0	74	0	100	46	0	0
0	74	0	102	46	0	2
0	74	0	94	45	0	3
0	74	0	95	45	0	11
0	74	0	96	45	0	1
0	74	0	98	45	0	0
0	74	0	99	45	0	1
0	74	0	100	45	0	0
0	74	0	101	45	0	0
0	74	0	103	45	0	2
0	74	0	105	45	0	1
0	74	0	94	44	0	1
0	74	0	95	44	0	4
0	74	0	96	44	0	0
0	74	0	97	44	0	5
0	74	0	98	44	0	6
0	74	0	99	44	0	0
0	74	0	101	44	0	1
0	74	0	104	44	0	2
0	74	0	97	43	0	1
0	74	0	99	43	0	2
0	74	0	102	43	0	0
0	74	0	97	37	0	8
0	74	0	100	36	0	0
0	75	0	95	73	0	8
0	75	0	95	72	0	6
0	75	0	96	72	0	7
0	75	0	97	72	0	5
0	75	0	98	72	0	7
0	75	0	99	72	0	11
0	75	0	100	72	0	0
0	75	0	90	71	0	10
0	75	0	91	71	0	10
0	75	0	92	71	0	6
0	75	0	93	71	0	2
0	75	0	94	71	0	4
0	75	0	95	71	0	6
0	75	0	96	71	0	9
0	75	0	97	71	0	5
0	75	0	98	71	0	14
0	75	0	99	71	0	8
0	75	0	100	71	0	4
0	75	0	101	71	0	12
0	75	0	102	71	0	8
0	75	0	89	70	0	11
0	75	0	90	70	0	5
0	75	0	91	70	0	11
0	75	0	92	70	0	8
0	75	0	93	70	0	10
0	75	0	94	70	0	3
0	75	0	95	70	0	14
0	75	0	96	70	0	3
0	75	0	97	70	0	5
0	75	0	98	70	0	5
0	75	0	99	70	0	7
0	75	0	100	70	0	12
0	75	0	101	70	0	1
0	75	0	102	70	0	13
0	75	0	87	69	0	6
0	75	0	88	69	0	6
0	75	0	89	69	0	10
0	75	0	90	69	0	7
0	75	0	91	69	0	12
0	75	0	92	69	0	4
0	75	0	93	69	0	10
0	75	0	94	69	0	7
0	75	0	95	69	0	16
0	75	0	96	69	0	9
0	75	0	97	69	0	10
0	75	0	98	69	0	6
0	75	0	99	69	0	8
0	75	0	100	69	0	6
0	75	0	101	69	0	9
0	75	0	102	69	0	10
0	75	0	86	68	0	4
0	75	0	87	68	0	0
0	75	0	88	68	0	6
0	75	0	89	68	0	12
0	75	0	90	68	0	10
0	75	0	91	68	0	7
0	75	0	92	68	0	9
0	75	0	93	68	0	9
0	75	0	94	68	0	13
0	75	0	95	68	0	9
0	75	0	96	68	0	10
0	75	0	97	68	0	17
0	75	0	98	68	0	7
0	75	0	99	68	0	8
0	75	0	100	68	0	1
0	75	0	101	68	0	13
0	75	0	102	68	0	11
0	75	0	86	67	0	8
0	75	0	87	67	0	5
0	75	0	88	67	0	7
0	75	0	89	67	0	7
0	75	0	90	67	0	10
0	75	0	91	67	0	13
0	75	0	92	67	0	14
0	75	0	93	67	0	10
0	75	0	94	67	0	6
0	75	0	95	67	0	17
0	75	0	96	67	0	6
0	75	0	97	67	0	9
0	75	0	98	67	0	8
0	75	0	99	67	0	6
0	75	0	100	67	0	15
0	75	0	101	67	0	4
0	75	0	102	67	0	4
0	75	0	87	66	0	9
0	75	0	88	66	0	7
0	75	0	89	66	0	12
0	75	0	90	66	0	9
0	75	0	91	66	0	8
0	75	0	92	66	0	11
0	75	0	93	66	0	8
0	75	0	94	66	0	5
0	75	0	95	66	0	10
0	75	0	96	66	0	20
0	75	0	97	66	0	7
0	75	0	98	66	0	5
0	75	0	99	66	0	9
0	75	0	100	66	0	10
0	75	0	101	66	0	7
0	75	0	102	66	0	6
0	75	0	87	65	0	6
0	75	0	88	65	0	3
0	75	0	89	65	0	13
0	75	0	90	65	0	12
0	75	0	91	65	0	5
0	75	0	92	65	0	5
0	75	0	93	65	0	9
0	75	0	94	65	0	4
0	75	0	95	65	0	12
0	75	0	96	65	0	13
0	75	0	97	65	0	6
0	75	0	98	65	0	15
0	75	0	99	65	0	11
0	75	0	100	65	0	5
0	75	0	101	65	0	13
0	75	0	102	65	0	12
0	75	0	103	65	0	8
0	75	0	87	64	0	11
0	75	0	88	64	0	9
0	75	0	89	64	0	7
0	75	0	90	64	0	16
0	75	0	91	64	0	15
0	75	0	92	64	0	6
0	75	0	93	64	0	8
0	75	0	94	64	0	7
0	75	0	95	64	0	15
0	75	0	96	64	0	8
0	75	0	97	64	0	11
0	75	0	98	64	0	6
0	75	0	99	64	0	11
0	75	0	100	64	0	4
0	75	0	101	64	0	10
0	75	0	102	64	0	14
0	75	0	103	64	0	11
0	75	0	86	63	0	14
0	75	0	87	63	0	10
0	75	0	88	63	0	11
0	75	0	89	63	0	10
0	75	0	90	63	0	10
0	75	0	91	63	0	11
0	75	0	92	63	0	17
0	75	0	93	63	0	10
0	75	0	94	63	0	17
0	75	0	95	63	0	9
0	75	0	96	63	0	5
0	75	0	97	63	0	3
0	75	0	98	63	0	1
0	75	0	99	63	0	4
0	75	0	100	63	0	3
0	75	0	101	63	0	6
0	75	0	102	63	0	7
0	75	0	103	63	0	5
0	75	0	87	62	0	9
0	75	0	88	62	0	6
0	75	0	89	62	0	20
0	75	0	90	62	0	12
0	75	0	91	62	0	8
0	75	0	92	62	0	4
0	75	0	93	62	0	8
0	75	0	94	62	0	10
0	75	0	95	62	0	7
0	75	0	96	62	0	10
0	75	0	97	62	0	8
0	75	0	98	62	0	3
0	75	0	99	62	0	11
0	75	0	100	62	0	2
0	75	0	101	62	0	8
0	75	0	102	62	0	16
0	75	0	87	61	0	10
0	75	0	88	61	0	11
0	75	0	89	61	0	10
0	75	0	90	61	0	11
0	75	0	91	61	0	3
0	75	0	92	61	0	10
0	75	0	93	61	0	11
0	75	0	94	61	0	12
0	75	0	95	61	0	7
0	75	0	96	61	0	14
0	75	0	97	61	0	5
0	75	0	98	61	0	3
0	75	0	99	61	0	0
0	75	0	100	61	0	5
0	75	0	88	60	0	9
0	75	0	89	60	0	17
0	75	0	90	60	0	11
0	75	0	91	60	0	16
0	75	0	92	60	0	8
0	75	0	93	60	0	6
0	75	0	94	60	0	7
0	75	0	95	60	0	15
0	75	0	96	60	0	12
0	75	0	88	59	0	6
0	75	0	89	59	0	12
0	75	0	90	59	0	11
0	75	0	91	59	0	9
0	75	0	92	59	0	6
0	75	0	93	59	0	3
0	75	0	94	59	0	8
0	75	0	95	59	0	6
0	75	0	89	58	0	9
0	75	0	90	58	0	8
0	75	0	91	58	0	17
0	75	0	92	58	0	9
0	75	0	93	58	0	19
0	75	0	94	58	0	11
0	75	0	91	57	0	10
0	75	0	92	57	0	11
0	75	0	93	57	0	6
0	75	0	96	55	0	11
0	75	0	94	54	0	4
0	75	0	95	54	0	11
0	75	0	96	54	0	7
0	75	0	97	54	0	10
0	75	0	101	54	0	8
0	75	0	102	54	0	11
0	75	0	103	54	0	6
0	75	0	104	54	0	3
0	75	0	93	53	0	14
0	75	0	94	53	0	5
0	75	0	95	53	0	11
0	75	0	96	53	0	8
0	75	0	97	53	0	4
0	75	0	98	53	0	8
0	75	0	99	53	0	3
0	75	0	100	53	0	8
0	75	0	101	53	0	5
0	75	0	102	53	0	5
0	75	0	103	53	0	6
0	75	0	104	53	0	2
0	75	0	105	53	0	10
0	75	0	106	53	0	11
0	75	0	93	52	0	0
0	75	0	94	52	0	2
0	75	0	95	52	0	1
0	75	0	96	52	0	5
0	75	0	97	52	0	4
0	75	0	98	52	0	11
0	75	0	99	52	0	12
0	75	0	100	52	0	16
0	75	0	101	52	0	8
0	75	0	102	52	0	3
0	75	0	103	52	0	7
0	75	0	104	52	0	6
0	75	0	105	52	0	5
0	75	0	106	52	0	12
0	75	0	107	52	0	1
0	75	0	93	51	0	6
0	75	0	94	51	0	4
0	75	0	95	51	0	4
0	75	0	96	51	0	9
0	75	0	97	51	0	8
0	75	0	98	51	0	8
0	75	0	99	51	0	16
0	75	0	100	51	0	7
0	75	0	101	51	0	3
0	75	0	102	51	0	14
0	75	0	103	51	0	5
0	75	0	104	51	0	0
0	75	0	105	51	0	3
0	75	0	106	51	0	1
0	75	0	93	50	0	3
0	75	0	94	50	0	13
0	75	0	95	50	0	1
0	75	0	96	50	0	9
0	75	0	97	50	0	8
0	75	0	98	50	0	4
0	75	0	99	50	0	6
0	75	0	100	50	0	0
0	75	0	101	50	0	6
0	75	0	102	50	0	0
0	75	0	103	50	0	6
0	75	0	104	50	0	10
0	75	0	105	50	0	8
0	75	0	106	50	0	7
0	75	0	107	50	0	0
0	75	0	93	49	0	0
0	75	0	94	49	0	1
0	75	0	95	49	0	6
0	75	0	96	49	0	0
0	75	0	97	49	0	11
0	75	0	98	49	0	0
0	75	0	99	49	0	4
0	75	0	100	49	0	5
0	75	0	101	49	0	0
0	75	0	102	49	0	3
0	75	0	103	49	0	0
0	75	0	104	49	0	2
0	75	0	105	49	0	8
0	75	0	106	49	0	0
0	75	0	107	49	0	2
0	75	0	94	48	0	0
0	75	0	95	48	0	7
0	75	0	96	48	0	4
0	75	0	97	48	0	7
0	75	0	98	48	0	10
0	75	0	99	48	0	4
0	75	0	100	48	0	8
0	75	0	101	48	0	2
0	75	0	102	48	0	0
0	75	0	103	48	0	1
0	75	0	104	48	0	12
0	75	0	105	48	0	3
0	75	0	106	48	0	13
0	75	0	107	48	0	3
0	75	0	94	47	0	2
0	75	0	95	47	0	1
0	75	0	96	47	0	1
0	75	0	97	47	0	0
0	75	0	98	47	0	4
0	75	0	99	47	0	3
0	75	0	100	47	0	7
0	75	0	101	47	0	7
0	75	0	104	47	0	1
0	75	0	105	47	0	1
0	75	0	93	46	0	0
0	75	0	96	46	0	4
0	75	0	97	46	0	2
0	75	0	98	46	0	2
0	75	0	99	46	0	3
0	75	0	100	46	0	0
0	75	0	101	46	0	1
0	75	0	102	46	0	2
0	75	0	103	46	0	1
0	75	0	94	45	0	2
0	75	0	95	45	0	11
0	75	0	96	45	0	2
0	75	0	98	45	0	0
0	75	0	99	45	0	2
0	75	0	100	45	0	0
0	75	0	101	45	0	0
0	75	0	103	45	0	3
0	75	0	105	45	0	0
0	75	0	94	44	0	3
0	75	0	95	44	0	4
0	75	0	96	44	0	0
0	75	0	97	44	0	7
0	75	0	98	44	0	6
0	75	0	99	44	0	0
0	75	0	101	44	0	0
0	75	0	104	44	0	1
0	75	0	97	43	0	4
0	75	0	99	43	0	2
0	75	0	102	43	0	0
0	75	0	96	42	0	1
0	75	0	101	41	0	1
0	75	0	97	37	0	9
0	75	0	100	36	0	0
0	75	0	96	35	0	1
0	76	0	95	73	0	13
0	76	0	95	72	0	6
0	76	0	96	72	0	8
0	76	0	97	72	0	8
0	76	0	98	72	0	12
0	76	0	99	72	0	8
0	76	0	100	72	0	0
0	76	0	90	71	0	10
0	76	0	91	71	0	10
0	76	0	92	71	0	8
0	76	0	93	71	0	4
0	76	0	94	71	0	8
0	76	0	95	71	0	9
0	76	0	96	71	0	16
0	76	0	97	71	0	3
0	76	0	98	71	0	15
0	76	0	99	71	0	8
0	76	0	100	71	0	6
0	76	0	101	71	0	8
0	76	0	102	71	0	8
0	76	0	89	70	0	13
0	76	0	90	70	0	4
0	76	0	91	70	0	12
0	76	0	92	70	0	6
0	76	0	93	70	0	11
0	76	0	94	70	0	7
0	76	0	95	70	0	11
0	76	0	96	70	0	4
0	76	0	97	70	0	7
0	76	0	98	70	0	8
0	76	0	99	70	0	2
0	76	0	100	70	0	10
0	76	0	101	70	0	2
0	76	0	102	70	0	10
0	76	0	87	69	0	8
0	76	0	88	69	0	9
0	76	0	89	69	0	8
0	76	0	90	69	0	7
0	76	0	91	69	0	13
0	76	0	92	69	0	4
0	76	0	93	69	0	11
0	76	0	94	69	0	9
0	76	0	95	69	0	16
0	76	0	96	69	0	14
0	76	0	97	69	0	12
0	76	0	98	69	0	4
0	76	0	99	69	0	15
0	76	0	100	69	0	7
0	76	0	101	69	0	12
0	76	0	102	69	0	14
0	76	0	86	68	0	3
0	76	0	87	68	0	0
0	76	0	88	68	0	4
0	76	0	89	68	0	8
0	76	0	90	68	0	7
0	76	0	91	68	0	11
0	76	0	92	68	0	9
0	76	0	93	68	0	9
0	76	0	94	68	0	7
0	76	0	95	68	0	6
0	76	0	96	68	0	11
0	76	0	97	68	0	13
0	76	0	98	68	0	9
0	76	0	99	68	0	6
0	76	0	100	68	0	1
0	76	0	101	68	0	10
0	76	0	102	68	0	7
0	76	0	86	67	0	8
0	76	0	87	67	0	5
0	76	0	88	67	0	9
0	76	0	89	67	0	10
0	76	0	90	67	0	10
0	76	0	91	67	0	7
0	76	0	92	67	0	13
0	76	0	93	67	0	7
0	76	0	94	67	0	6
0	76	0	95	67	0	18
0	76	0	96	67	0	12
0	76	0	97	67	0	8
0	76	0	98	67	0	7
0	76	0	99	67	0	6
0	76	0	100	67	0	13
0	76	0	101	67	0	4
0	76	0	102	67	0	3
0	76	0	87	66	0	6
0	76	0	88	66	0	6
0	76	0	89	66	0	15
0	76	0	90	66	0	13
0	76	0	91	66	0	9
0	76	0	92	66	0	4
0	76	0	93	66	0	6
0	76	0	94	66	0	7
0	76	0	95	66	0	7
0	76	0	96	66	0	12
0	76	0	97	66	0	9
0	76	0	98	66	0	6
0	76	0	99	66	0	9
0	76	0	100	66	0	13
0	76	0	101	66	0	9
0	76	0	102	66	0	9
0	76	0	87	65	0	5
0	76	0	88	65	0	2
0	76	0	89	65	0	7
0	76	0	90	65	0	12
0	76	0	91	65	0	10
0	76	0	92	65	0	5
0	76	0	93	65	0	11
0	76	0	94	65	0	7
0	76	0	95	65	0	16
0	76	0	96	65	0	15
0	76	0	97	65	0	8
0	76	0	98	65	0	4
0	76	0	99	65	0	15
0	76	0	100	65	0	9
0	76	0	101	65	0	12
0	76	0	102	65	0	11
0	76	0	103	65	0	6
0	76	0	87	64	0	9
0	76	0	88	64	0	10
0	76	0	89	64	0	4
0	76	0	90	64	0	18
0	76	0	91	64	0	14
0	76	0	92	64	0	11
0	76	0	93	64	0	7
0	76	0	94	64	0	8
0	76	0	95	64	0	12
0	76	0	96	64	0	8
0	76	0	97	64	0	10
0	76	0	98	64	0	7
0	76	0	99	64	0	11
0	76	0	100	64	0	5
0	76	0	101	64	0	12
0	76	0	102	64	0	8
0	76	0	103	64	0	8
0	76	0	86	63	0	9
0	76	0	87	63	0	12
0	76	0	88	63	0	9
0	76	0	89	63	0	14
0	76	0	90	63	0	14
0	76	0	91	63	0	12
0	76	0	92	63	0	16
0	76	0	93	63	0	10
0	76	0	94	63	0	12
0	76	0	95	63	0	13
0	76	0	96	63	0	3
0	76	0	97	63	0	5
0	76	0	98	63	0	1
0	76	0	99	63	0	9
0	76	0	100	63	0	5
0	76	0	101	63	0	9
0	76	0	102	63	0	9
0	76	0	103	63	0	9
0	76	0	87	62	0	9
0	76	0	88	62	0	6
0	76	0	89	62	0	10
0	76	0	90	62	0	10
0	76	0	91	62	0	14
0	76	0	92	62	0	3
0	76	0	93	62	0	12
0	76	0	94	62	0	7
0	76	0	95	62	0	10
0	76	0	96	62	0	14
0	76	0	97	62	0	9
0	76	0	98	62	0	3
0	76	0	99	62	0	12
0	76	0	100	62	0	2
0	76	0	101	62	0	11
0	76	0	102	62	0	9
0	76	0	87	61	0	11
0	76	0	88	61	0	9
0	76	0	89	61	0	4
0	76	0	90	61	0	2
0	76	0	91	61	0	5
0	76	0	92	61	0	12
0	76	0	93	61	0	8
0	76	0	94	61	0	9
0	76	0	95	61	0	12
0	76	0	96	61	0	11
0	76	0	97	61	0	9
0	76	0	98	61	0	2
0	76	0	99	61	0	0
0	76	0	100	61	0	6
0	76	0	88	60	0	8
0	76	0	89	60	0	15
0	76	0	90	60	0	6
0	76	0	91	60	0	13
0	76	0	92	60	0	11
0	76	0	93	60	0	8
0	76	0	94	60	0	6
0	76	0	95	60	0	13
0	76	0	96	60	0	14
0	76	0	88	59	0	6
0	76	0	89	59	0	14
0	76	0	90	59	0	8
0	76	0	91	59	0	7
0	76	0	92	59	0	8
0	76	0	93	59	0	3
0	76	0	94	59	0	12
0	76	0	95	59	0	8
0	76	0	89	58	0	9
0	76	0	90	58	0	4
0	76	0	91	58	0	19
0	76	0	92	58	0	8
0	76	0	93	58	0	19
0	76	0	94	58	0	11
0	76	0	91	57	0	11
0	76	0	92	57	0	8
0	76	0	93	57	0	3
0	76	0	96	55	0	8
0	76	0	94	54	0	6
0	76	0	95	54	0	11
0	76	0	96	54	0	6
0	76	0	97	54	0	10
0	76	0	101	54	0	13
0	76	0	102	54	0	10
0	76	0	103	54	0	8
0	76	0	104	54	0	3
0	76	0	93	53	0	16
0	76	0	94	53	0	1
0	76	0	95	53	0	18
0	76	0	96	53	0	10
0	76	0	97	53	0	5
0	76	0	98	53	0	5
0	76	0	99	53	0	4
0	76	0	100	53	0	6
0	76	0	101	53	0	5
0	76	0	102	53	0	1
0	76	0	103	53	0	6
0	76	0	104	53	0	5
0	76	0	105	53	0	7
0	76	0	106	53	0	5
0	76	0	93	52	0	0
0	76	0	94	52	0	3
0	76	0	95	52	0	3
0	76	0	96	52	0	4
0	76	0	97	52	0	6
0	76	0	98	52	0	9
0	76	0	99	52	0	9
0	76	0	100	52	0	14
0	76	0	101	52	0	7
0	76	0	102	52	0	3
0	76	0	103	52	0	5
0	76	0	104	52	0	9
0	76	0	105	52	0	4
0	76	0	106	52	0	11
0	76	0	107	52	0	2
0	76	0	93	51	0	7
0	76	0	94	51	0	4
0	76	0	95	51	0	3
0	76	0	96	51	0	7
0	76	0	97	51	0	11
0	76	0	98	51	0	6
0	76	0	99	51	0	12
0	76	0	100	51	0	5
0	76	0	101	51	0	1
0	76	0	102	51	0	10
0	76	0	103	51	0	4
0	76	0	104	51	0	1
0	76	0	105	51	0	8
0	76	0	106	51	0	7
0	76	0	93	50	0	2
0	76	0	94	50	0	8
0	76	0	95	50	0	2
0	76	0	96	50	0	6
0	76	0	97	50	0	10
0	76	0	98	50	0	3
0	76	0	99	50	0	7
0	76	0	100	50	0	1
0	76	0	101	50	0	7
0	76	0	102	50	0	0
0	76	0	103	50	0	6
0	76	0	104	50	0	10
0	76	0	105	50	0	5
0	76	0	106	50	0	7
0	76	0	107	50	0	0
0	76	0	93	49	0	0
0	76	0	94	49	0	2
0	76	0	95	49	0	3
0	76	0	96	49	0	0
0	76	0	97	49	0	13
0	76	0	98	49	0	0
0	76	0	99	49	0	6
0	76	0	100	49	0	6
0	76	0	101	49	0	0
0	76	0	102	49	0	6
0	76	0	103	49	0	0
0	76	0	104	49	0	6
0	76	0	105	49	0	7
0	76	0	106	49	0	1
0	76	0	107	49	0	4
0	76	0	94	48	0	0
0	76	0	95	48	0	9
0	76	0	96	48	0	1
0	76	0	97	48	0	10
0	76	0	98	48	0	17
0	76	0	99	48	0	6
0	76	0	100	48	0	7
0	76	0	101	48	0	2
0	76	0	102	48	0	0
0	76	0	103	48	0	0
0	76	0	104	48	0	13
0	76	0	105	48	0	3
0	76	0	106	48	0	8
0	76	0	107	48	0	3
0	76	0	94	47	0	5
0	76	0	95	47	0	1
0	76	0	96	47	0	0
0	76	0	97	47	0	0
0	76	0	98	47	0	8
0	76	0	99	47	0	2
0	76	0	100	47	0	9
0	76	0	101	47	0	5
0	76	0	104	47	0	2
0	76	0	105	47	0	2
0	76	0	93	46	0	1
0	76	0	96	46	0	5
0	76	0	97	46	0	3
0	76	0	98	46	0	1
0	76	0	99	46	0	5
0	76	0	100	46	0	0
0	76	0	101	46	0	1
0	76	0	102	46	0	3
0	76	0	103	46	0	0
0	76	0	104	46	0	1
0	76	0	94	45	0	5
0	76	0	95	45	0	14
0	76	0	96	45	0	1
0	76	0	98	45	0	0
0	76	0	99	45	0	3
0	76	0	100	45	0	0
0	76	0	101	45	0	1
0	76	0	103	45	0	1
0	76	0	105	45	0	0
0	76	0	94	44	0	1
0	76	0	95	44	0	8
0	76	0	96	44	0	0
0	76	0	97	44	0	11
0	76	0	98	44	0	3
0	76	0	99	44	0	0
0	76	0	101	44	0	0
0	76	0	104	44	0	0
0	76	0	95	43	0	1
0	76	0	97	43	0	5
0	76	0	99	43	0	1
0	76	0	102	43	0	0
0	76	0	96	42	0	0
0	76	0	101	41	0	0
0	76	0	97	37	0	7
0	76	0	100	36	0	0
0	76	0	96	35	0	2
0	77	0	95	73	0	9
0	77	0	95	72	0	3
0	77	0	96	72	0	5
0	77	0	97	72	0	5
0	77	0	98	72	0	10
0	77	0	99	72	0	7
0	77	0	100	72	0	1
0	77	0	90	71	0	5
0	77	0	91	71	0	16
0	77	0	92	71	0	8
0	77	0	93	71	0	6
0	77	0	94	71	0	7
0	77	0	95	71	0	12
0	77	0	96	71	0	13
0	77	0	97	71	0	3
0	77	0	98	71	0	11
0	77	0	99	71	0	6
0	77	0	100	71	0	3
0	77	0	101	71	0	9
0	77	0	102	71	0	10
0	77	0	89	70	0	17
0	77	0	90	70	0	9
0	77	0	91	70	0	16
0	77	0	92	70	0	9
0	77	0	93	70	0	9
0	77	0	94	70	0	6
0	77	0	95	70	0	8
0	77	0	96	70	0	5
0	77	0	97	70	0	8
0	77	0	98	70	0	8
0	77	0	99	70	0	4
0	77	0	100	70	0	10
0	77	0	101	70	0	0
0	77	0	102	70	0	8
0	77	0	87	69	0	11
0	77	0	88	69	0	6
0	77	0	89	69	0	11
0	77	0	90	69	0	10
0	77	0	91	69	0	16
0	77	0	92	69	0	10
0	77	0	93	69	0	4
0	77	0	94	69	0	8
0	77	0	95	69	0	7
0	77	0	96	69	0	13
0	77	0	97	69	0	13
0	77	0	98	69	0	6
0	77	0	99	69	0	12
0	77	0	100	69	0	11
0	77	0	101	69	0	8
0	77	0	102	69	0	8
0	77	0	86	68	0	2
0	77	0	87	68	0	0
0	77	0	88	68	0	4
0	77	0	89	68	0	10
0	77	0	90	68	0	7
0	77	0	91	68	0	10
0	77	0	92	68	0	11
0	77	0	93	68	0	11
0	77	0	94	68	0	6
0	77	0	95	68	0	12
0	77	0	96	68	0	9
0	77	0	97	68	0	9
0	77	0	98	68	0	14
0	77	0	99	68	0	7
0	77	0	100	68	0	8
0	77	0	101	68	0	5
0	77	0	102	68	0	7
0	77	0	86	67	0	3
0	77	0	87	67	0	7
0	77	0	88	67	0	16
0	77	0	89	67	0	13
0	77	0	90	67	0	13
0	77	0	91	67	0	2
0	77	0	92	67	0	12
0	77	0	93	67	0	6
0	77	0	94	67	0	7
0	77	0	95	67	0	17
0	77	0	96	67	0	14
0	77	0	97	67	0	5
0	77	0	98	67	0	17
0	77	0	99	67	0	7
0	77	0	100	67	0	19
0	77	0	101	67	0	4
0	77	0	102	67	0	9
0	77	0	87	66	0	7
0	77	0	88	66	0	3
0	77	0	89	66	0	10
0	77	0	90	66	0	17
0	77	0	91	66	0	13
0	77	0	92	66	0	9
0	77	0	93	66	0	5
0	77	0	94	66	0	8
0	77	0	95	66	0	6
0	77	0	96	66	0	18
0	77	0	97	66	0	7
0	77	0	98	66	0	6
0	77	0	99	66	0	12
0	77	0	100	66	0	17
0	77	0	101	66	0	12
0	77	0	102	66	0	6
0	77	0	87	65	0	9
0	77	0	88	65	0	3
0	77	0	89	65	0	10
0	77	0	90	65	0	6
0	77	0	91	65	0	11
0	77	0	92	65	0	5
0	77	0	93	65	0	9
0	77	0	94	65	0	7
0	77	0	95	65	0	11
0	77	0	96	65	0	6
0	77	0	97	65	0	8
0	77	0	98	65	0	8
0	77	0	99	65	0	13
0	77	0	100	65	0	10
0	77	0	101	65	0	13
0	77	0	102	65	0	12
0	77	0	103	65	0	7
0	77	0	87	64	0	9
0	77	0	88	64	0	11
0	77	0	89	64	0	6
0	77	0	90	64	0	12
0	77	0	91	64	0	10
0	77	0	92	64	0	14
0	77	0	93	64	0	9
0	77	0	94	64	0	9
0	77	0	95	64	0	17
0	77	0	96	64	0	15
0	77	0	97	64	0	14
0	77	0	98	64	0	3
0	77	0	99	64	0	9
0	77	0	100	64	0	9
0	77	0	101	64	0	13
0	77	0	102	64	0	8
0	77	0	103	64	0	11
0	77	0	86	63	0	8
0	77	0	87	63	0	12
0	77	0	88	63	0	13
0	77	0	89	63	0	16
0	77	0	90	63	0	12
0	77	0	91	63	0	6
0	77	0	92	63	0	12
0	77	0	93	63	0	9
0	77	0	94	63	0	9
0	77	0	95	63	0	6
0	77	0	96	63	0	3
0	77	0	97	63	0	12
0	77	0	98	63	0	1
0	77	0	99	63	0	7
0	77	0	100	63	0	7
0	77	0	101	63	0	10
0	77	0	102	63	0	4
0	77	0	103	63	0	6
0	77	0	87	62	0	5
0	77	0	88	62	0	5
0	77	0	89	62	0	6
0	77	0	90	62	0	7
0	77	0	91	62	0	9
0	77	0	92	62	0	0
0	77	0	93	62	0	13
0	77	0	94	62	0	6
0	77	0	95	62	0	9
0	77	0	96	62	0	8
0	77	0	97	62	0	8
0	77	0	98	62	0	3
0	77	0	99	62	0	13
0	77	0	100	62	0	5
0	77	0	101	62	0	13
0	77	0	102	62	0	11
0	77	0	87	61	0	10
0	77	0	88	61	0	6
0	77	0	89	61	0	10
0	77	0	90	61	0	4
0	77	0	91	61	0	3
0	77	0	92	61	0	8
0	77	0	93	61	0	6
0	77	0	94	61	0	11
0	77	0	95	61	0	13
0	77	0	96	61	0	8
0	77	0	97	61	0	10
0	77	0	98	61	0	3
0	77	0	99	61	0	0
0	77	0	100	61	0	12
0	77	0	88	60	0	8
0	77	0	89	60	0	12
0	77	0	90	60	0	4
0	77	0	91	60	0	13
0	77	0	92	60	0	5
0	77	0	93	60	0	6
0	77	0	94	60	0	6
0	77	0	95	60	0	15
0	77	0	96	60	0	7
0	77	0	88	59	0	8
0	77	0	89	59	0	8
0	77	0	90	59	0	3
0	77	0	91	59	0	5
0	77	0	92	59	0	10
0	77	0	93	59	0	7
0	77	0	94	59	0	13
0	77	0	95	59	0	7
0	77	0	89	58	0	12
0	77	0	90	58	0	2
0	77	0	91	58	0	22
0	77	0	92	58	0	9
0	77	0	93	58	0	20
0	77	0	94	58	0	13
0	77	0	91	57	0	9
0	77	0	92	57	0	8
0	77	0	93	57	0	5
0	77	0	96	55	0	7
0	77	0	94	54	0	4
0	77	0	95	54	0	13
0	77	0	96	54	0	8
0	77	0	97	54	0	14
0	77	0	101	54	0	9
0	77	0	102	54	0	11
0	77	0	103	54	0	14
0	77	0	104	54	0	3
0	77	0	93	53	0	15
0	77	0	94	53	0	1
0	77	0	95	53	0	23
0	77	0	96	53	0	7
0	77	0	97	53	0	6
0	77	0	98	53	0	4
0	77	0	99	53	0	9
0	77	0	100	53	0	6
0	77	0	101	53	0	10
0	77	0	102	53	0	1
0	77	0	103	53	0	7
0	77	0	104	53	0	7
0	77	0	105	53	0	6
0	77	0	106	53	0	2
0	77	0	93	52	0	0
0	77	0	94	52	0	2
0	77	0	95	52	0	1
0	77	0	96	52	0	3
0	77	0	97	52	0	6
0	77	0	98	52	0	6
0	77	0	99	52	0	13
0	77	0	100	52	0	11
0	77	0	101	52	0	1
0	77	0	102	52	0	7
0	77	0	103	52	0	7
0	77	0	104	52	0	9
0	77	0	105	52	0	7
0	77	0	106	52	0	13
0	77	0	107	52	0	4
0	77	0	93	51	0	7
0	77	0	94	51	0	4
0	77	0	95	51	0	7
0	77	0	96	51	0	11
0	77	0	97	51	0	10
0	77	0	98	51	0	5
0	77	0	99	51	0	5
0	77	0	100	51	0	5
0	77	0	101	51	0	0
0	77	0	102	51	0	8
0	77	0	103	51	0	3
0	77	0	104	51	0	2
0	77	0	105	51	0	8
0	77	0	106	51	0	7
0	77	0	107	51	0	1
0	77	0	93	50	0	1
0	77	0	94	50	0	11
0	77	0	95	50	0	6
0	77	0	96	50	0	7
0	77	0	97	50	0	7
0	77	0	98	50	0	2
0	77	0	99	50	0	9
0	77	0	100	50	0	0
0	77	0	101	50	0	10
0	77	0	102	50	0	0
0	77	0	103	50	0	4
0	77	0	104	50	0	9
0	77	0	105	50	0	6
0	77	0	106	50	0	5
0	77	0	107	50	0	0
0	77	0	93	49	0	0
0	77	0	94	49	0	2
0	77	0	95	49	0	2
0	77	0	96	49	0	0
0	77	0	97	49	0	8
0	77	0	98	49	0	0
0	77	0	99	49	0	10
0	77	0	100	49	0	2
0	77	0	101	49	0	0
0	77	0	102	49	0	5
0	77	0	103	49	0	0
0	77	0	104	49	0	4
0	77	0	105	49	0	10
0	77	0	106	49	0	0
0	77	0	107	49	0	5
0	77	0	108	49	0	1
0	77	0	94	48	0	0
0	77	0	95	48	0	9
0	77	0	96	48	0	2
0	77	0	97	48	0	7
0	77	0	98	48	0	10
0	77	0	99	48	0	6
0	77	0	100	48	0	9
0	77	0	101	48	0	3
0	77	0	102	48	0	0
0	77	0	103	48	0	0
0	77	0	104	48	0	13
0	77	0	105	48	0	5
0	77	0	106	48	0	10
0	77	0	107	48	0	5
0	77	0	94	47	0	11
0	77	0	95	47	0	0
0	77	0	96	47	0	1
0	77	0	97	47	0	0
0	77	0	98	47	0	11
0	77	0	99	47	0	2
0	77	0	100	47	0	7
0	77	0	101	47	0	7
0	77	0	102	47	0	1
0	77	0	104	47	0	3
0	77	0	105	47	0	2
0	77	0	106	47	0	1
0	77	0	93	46	0	2
0	77	0	96	46	0	9
0	77	0	97	46	0	1
0	77	0	98	46	0	2
0	77	0	99	46	0	9
0	77	0	100	46	0	0
0	77	0	101	46	0	1
0	77	0	102	46	0	5
0	77	0	103	46	0	0
0	77	0	104	46	0	0
0	77	0	105	46	0	1
0	77	0	94	45	0	3
0	77	0	95	45	0	7
0	77	0	96	45	0	3
0	77	0	98	45	0	0
0	77	0	99	45	0	1
0	77	0	100	45	0	0
0	77	0	101	45	0	4
0	77	0	103	45	0	1
0	77	0	105	45	0	0
0	77	0	94	44	0	2
0	77	0	95	44	0	8
0	77	0	96	44	0	0
0	77	0	97	44	0	16
0	77	0	98	44	0	5
0	77	0	99	44	0	1
0	77	0	101	44	0	0
0	77	0	104	44	0	0
0	77	0	95	43	0	2
0	77	0	97	43	0	4
0	77	0	98	43	0	1
0	77	0	99	43	0	1
0	77	0	100	43	0	1
0	77	0	102	43	0	0
0	77	0	96	42	0	0
0	77	0	97	42	0	1
0	77	0	101	41	0	0
0	77	0	94	37	0	1
0	77	0	97	37	0	5
0	77	0	98	37	0	1
0	77	0	100	36	0	0
0	77	0	96	35	0	4
0	78	0	95	73	0	8
0	78	0	95	72	0	4
0	78	0	96	72	0	5
0	78	0	97	72	0	6
0	78	0	98	72	0	9
0	78	0	99	72	0	8
0	78	0	100	72	0	3
0	78	0	90	71	0	7
0	78	0	91	71	0	13
0	78	0	92	71	0	9
0	78	0	93	71	0	7
0	78	0	94	71	0	9
0	78	0	95	71	0	12
0	78	0	96	71	0	15
0	78	0	97	71	0	1
0	78	0	98	71	0	8
0	78	0	99	71	0	10
0	78	0	100	71	0	3
0	78	0	101	71	0	13
0	78	0	102	71	0	8
0	78	0	89	70	0	19
0	78	0	90	70	0	11
0	78	0	91	70	0	10
0	78	0	92	70	0	12
0	78	0	93	70	0	7
0	78	0	94	70	0	11
0	78	0	95	70	0	12
0	78	0	96	70	0	7
0	78	0	97	70	0	10
0	78	0	98	70	0	6
0	78	0	99	70	0	5
0	78	0	100	70	0	6
0	78	0	101	70	0	0
0	78	0	102	70	0	5
0	78	0	87	69	0	6
0	78	0	88	69	0	3
0	78	0	89	69	0	13
0	78	0	90	69	0	7
0	78	0	91	69	0	12
0	78	0	92	69	0	14
0	78	0	93	69	0	4
0	78	0	94	69	0	13
0	78	0	95	69	0	5
0	78	0	96	69	0	11
0	78	0	97	69	0	11
0	78	0	98	69	0	10
0	78	0	99	69	0	13
0	78	0	100	69	0	12
0	78	0	101	69	0	6
0	78	0	102	69	0	5
0	78	0	86	68	0	3
0	78	0	87	68	0	0
0	78	0	88	68	0	5
0	78	0	89	68	0	8
0	78	0	90	68	0	10
0	78	0	91	68	0	9
0	78	0	92	68	0	11
0	78	0	93	68	0	9
0	78	0	94	68	0	9
0	78	0	95	68	0	14
0	78	0	96	68	0	18
0	78	0	97	68	0	15
0	78	0	98	68	0	9
0	78	0	99	68	0	8
0	78	0	100	68	0	10
0	78	0	101	68	0	6
0	78	0	102	68	0	6
0	78	0	86	67	0	4
0	78	0	87	67	0	6
0	78	0	88	67	0	17
0	78	0	89	67	0	10
0	78	0	90	67	0	4
0	78	0	91	67	0	5
0	78	0	92	67	0	14
0	78	0	93	67	0	6
0	78	0	94	67	0	5
0	78	0	95	67	0	16
0	78	0	96	67	0	11
0	78	0	97	67	0	7
0	78	0	98	67	0	14
0	78	0	99	67	0	14
0	78	0	100	67	0	20
0	78	0	101	67	0	4
0	78	0	102	67	0	7
0	78	0	87	66	0	4
0	78	0	88	66	0	10
0	78	0	89	66	0	9
0	78	0	90	66	0	16
0	78	0	91	66	0	10
0	78	0	92	66	0	10
0	78	0	93	66	0	8
0	78	0	94	66	0	6
0	78	0	95	66	0	9
0	78	0	96	66	0	14
0	78	0	97	66	0	9
0	78	0	98	66	0	6
0	78	0	99	66	0	3
0	78	0	100	66	0	14
0	78	0	101	66	0	8
0	78	0	102	66	0	10
0	78	0	87	65	0	9
0	78	0	88	65	0	3
0	78	0	89	65	0	9
0	78	0	90	65	0	7
0	78	0	91	65	0	9
0	78	0	92	65	0	5
0	78	0	93	65	0	7
0	78	0	94	65	0	9
0	78	0	95	65	0	14
0	78	0	96	65	0	7
0	78	0	97	65	0	6
0	78	0	98	65	0	11
0	78	0	99	65	0	14
0	78	0	100	65	0	16
0	78	0	101	65	0	11
0	78	0	102	65	0	14
0	78	0	103	65	0	9
0	78	0	87	64	0	9
0	78	0	88	64	0	11
0	78	0	89	64	0	9
0	78	0	90	64	0	13
0	78	0	91	64	0	8
0	78	0	92	64	0	12
0	78	0	93	64	0	9
0	78	0	94	64	0	11
0	78	0	95	64	0	19
0	78	0	96	64	0	10
0	78	0	97	64	0	13
0	78	0	98	64	0	7
0	78	0	99	64	0	14
0	78	0	100	64	0	11
0	78	0	101	64	0	9
0	78	0	102	64	0	5
0	78	0	103	64	0	14
0	78	0	86	63	0	10
0	78	0	87	63	0	14
0	78	0	88	63	0	11
0	78	0	89	63	0	12
0	78	0	90	63	0	14
0	78	0	91	63	0	6
0	78	0	92	63	0	13
0	78	0	93	63	0	12
0	78	0	94	63	0	8
0	78	0	95	63	0	3
0	78	0	96	63	0	10
0	78	0	97	63	0	9
0	78	0	98	63	0	4
0	78	0	99	63	0	8
0	78	0	100	63	0	4
0	78	0	101	63	0	9
0	78	0	102	63	0	6
0	78	0	103	63	0	9
0	78	0	87	62	0	7
0	78	0	88	62	0	6
0	78	0	89	62	0	7
0	78	0	90	62	0	5
0	78	0	91	62	0	9
0	78	0	92	62	0	1
0	78	0	93	62	0	11
0	78	0	94	62	0	14
0	78	0	95	62	0	7
0	78	0	96	62	0	7
0	78	0	97	62	0	8
0	78	0	98	62	0	3
0	78	0	99	62	0	10
0	78	0	100	62	0	5
0	78	0	101	62	0	7
0	78	0	102	62	0	10
0	78	0	87	61	0	9
0	78	0	88	61	0	7
0	78	0	89	61	0	14
0	78	0	90	61	0	5
0	78	0	91	61	0	5
0	78	0	92	61	0	14
0	78	0	93	61	0	9
0	78	0	94	61	0	10
0	78	0	95	61	0	16
0	78	0	96	61	0	13
0	78	0	97	61	0	4
0	78	0	98	61	0	5
0	78	0	99	61	0	0
0	78	0	100	61	0	5
0	78	0	88	60	0	9
0	78	0	89	60	0	9
0	78	0	90	60	0	9
0	78	0	91	60	0	10
0	78	0	92	60	0	7
0	78	0	93	60	0	5
0	78	0	94	60	0	5
0	78	0	95	60	0	12
0	78	0	96	60	0	7
0	78	0	88	59	0	7
0	78	0	89	59	0	7
0	78	0	90	59	0	4
0	78	0	91	59	0	6
0	78	0	92	59	0	7
0	78	0	93	59	0	10
0	78	0	94	59	0	13
0	78	0	95	59	0	5
0	78	0	89	58	0	13
0	78	0	90	58	0	6
0	78	0	91	58	0	6
0	78	0	92	58	0	7
0	78	0	93	58	0	13
0	78	0	94	58	0	9
0	78	0	91	57	0	5
0	78	0	92	57	0	6
0	78	0	93	57	0	9
0	78	0	96	55	0	7
0	78	0	94	54	0	7
0	78	0	95	54	0	11
0	78	0	96	54	0	8
0	78	0	97	54	0	8
0	78	0	101	54	0	7
0	78	0	102	54	0	9
0	78	0	103	54	0	23
0	78	0	104	54	0	9
0	78	0	93	53	0	8
0	78	0	94	53	0	2
0	78	0	95	53	0	16
0	78	0	96	53	0	9
0	78	0	97	53	0	6
0	78	0	98	53	0	4
0	78	0	99	53	0	10
0	78	0	100	53	0	5
0	78	0	101	53	0	10
0	78	0	102	53	0	3
0	78	0	103	53	0	9
0	78	0	104	53	0	2
0	78	0	105	53	0	9
0	78	0	106	53	0	1
0	78	0	93	52	0	1
0	78	0	94	52	0	4
0	78	0	95	52	0	3
0	78	0	96	52	0	6
0	78	0	97	52	0	13
0	78	0	98	52	0	7
0	78	0	99	52	0	13
0	78	0	100	52	0	12
0	78	0	101	52	0	2
0	78	0	102	52	0	4
0	78	0	103	52	0	9
0	78	0	104	52	0	10
0	78	0	105	52	0	6
0	78	0	106	52	0	13
0	78	0	107	52	0	1
0	78	0	93	51	0	9
0	78	0	94	51	0	5
0	78	0	95	51	0	8
0	78	0	96	51	0	13
0	78	0	97	51	0	7
0	78	0	98	51	0	3
0	78	0	99	51	0	5
0	78	0	100	51	0	2
0	78	0	101	51	0	0
0	78	0	102	51	0	14
0	78	0	103	51	0	4
0	78	0	104	51	0	1
0	78	0	105	51	0	8
0	78	0	106	51	0	9
0	78	0	107	51	0	2
0	78	0	93	50	0	0
0	78	0	94	50	0	9
0	78	0	95	50	0	5
0	78	0	96	50	0	5
0	78	0	97	50	0	4
0	78	0	98	50	0	0
0	78	0	99	50	0	7
0	78	0	100	50	0	0
0	78	0	101	50	0	7
0	78	0	102	50	0	0
0	78	0	103	50	0	4
0	78	0	104	50	0	15
0	78	0	105	50	0	8
0	78	0	106	50	0	6
0	78	0	107	50	0	0
0	78	0	93	49	0	0
0	78	0	94	49	0	2
0	78	0	95	49	0	4
0	78	0	96	49	0	0
0	78	0	97	49	0	6
0	78	0	98	49	0	0
0	78	0	99	49	0	10
0	78	0	100	49	0	2
0	78	0	101	49	0	0
0	78	0	102	49	0	4
0	78	0	103	49	0	0
0	78	0	104	49	0	3
0	78	0	105	49	0	6
0	78	0	106	49	0	1
0	78	0	107	49	0	8
0	78	0	108	49	0	3
0	78	0	94	48	0	0
0	78	0	95	48	0	5
0	78	0	96	48	0	2
0	78	0	97	48	0	7
0	78	0	98	48	0	11
0	78	0	99	48	0	11
0	78	0	100	48	0	6
0	78	0	101	48	0	2
0	78	0	102	48	0	0
0	78	0	103	48	0	0
0	78	0	104	48	0	11
0	78	0	105	48	0	6
0	78	0	106	48	0	8
0	78	0	107	48	0	5
0	78	0	94	47	0	14
0	78	0	95	47	0	1
0	78	0	96	47	0	1
0	78	0	97	47	0	0
0	78	0	98	47	0	6
0	78	0	99	47	0	4
0	78	0	100	47	0	5
0	78	0	101	47	0	5
0	78	0	102	47	0	0
0	78	0	104	47	0	3
0	78	0	105	47	0	1
0	78	0	106	47	0	2
0	78	0	93	46	0	3
0	78	0	96	46	0	9
0	78	0	97	46	0	3
0	78	0	98	46	0	4
0	78	0	99	46	0	7
0	78	0	100	46	0	0
0	78	0	101	46	0	0
0	78	0	102	46	0	7
0	78	0	103	46	0	1
0	78	0	104	46	0	0
0	78	0	105	46	0	2
0	78	0	94	45	0	2
0	78	0	95	45	0	4
0	78	0	96	45	0	2
0	78	0	97	45	0	2
0	78	0	98	45	0	1
0	78	0	99	45	0	0
0	78	0	100	45	0	1
0	78	0	101	45	0	3
0	78	0	103	45	0	2
0	78	0	105	45	0	0
0	78	0	94	44	0	2
0	78	0	95	44	0	8
0	78	0	96	44	0	0
0	78	0	97	44	0	10
0	78	0	98	44	0	4
0	78	0	99	44	0	3
0	78	0	100	44	0	1
0	78	0	101	44	0	0
0	78	0	104	44	0	0
0	78	0	95	43	0	1
0	78	0	96	43	0	1
0	78	0	97	43	0	1
0	78	0	98	43	0	1
0	78	0	99	43	0	4
0	78	0	100	43	0	2
0	78	0	102	43	0	0
0	78	0	96	42	0	0
0	78	0	97	42	0	4
0	78	0	101	41	0	0
0	78	0	94	37	0	1
0	78	0	97	37	0	5
0	78	0	98	37	0	1
0	78	0	100	36	0	0
0	78	0	96	35	0	4
0	79	0	95	73	0	9
0	79	0	95	72	0	3
0	79	0	96	72	0	7
0	79	0	97	72	0	8
0	79	0	98	72	0	11
0	79	0	99	72	0	5
0	79	0	100	72	0	7
0	79	0	90	71	0	9
0	79	0	91	71	0	8
0	79	0	92	71	0	13
0	79	0	93	71	0	3
0	79	0	94	71	0	8
0	79	0	95	71	0	10
0	79	0	96	71	0	14
0	79	0	97	71	0	2
0	79	0	98	71	0	8
0	79	0	99	71	0	9
0	79	0	100	71	0	4
0	79	0	101	71	0	10
0	79	0	102	71	0	11
0	79	0	89	70	0	10
0	79	0	90	70	0	13
0	79	0	91	70	0	13
0	79	0	92	70	0	10
0	79	0	93	70	0	7
0	79	0	94	70	0	12
0	79	0	95	70	0	16
0	79	0	96	70	0	10
0	79	0	97	70	0	8
0	79	0	98	70	0	9
0	79	0	99	70	0	6
0	79	0	100	70	0	5
0	79	0	101	70	0	0
0	79	0	102	70	0	3
0	79	0	87	69	0	11
0	79	0	88	69	0	4
0	79	0	89	69	0	7
0	79	0	90	69	0	6
0	79	0	91	69	0	15
0	79	0	92	69	0	12
0	79	0	93	69	0	4
0	79	0	94	69	0	4
0	79	0	95	69	0	11
0	79	0	96	69	0	10
0	79	0	97	69	0	9
0	79	0	98	69	0	12
0	79	0	99	69	0	11
0	79	0	100	69	0	16
0	79	0	101	69	0	10
0	79	0	102	69	0	5
0	79	0	86	68	0	1
0	79	0	87	68	0	1
0	79	0	88	68	0	7
0	79	0	89	68	0	7
0	79	0	90	68	0	10
0	79	0	91	68	0	10
0	79	0	92	68	0	13
0	79	0	93	68	0	5
0	79	0	94	68	0	11
0	79	0	95	68	0	10
0	79	0	96	68	0	12
0	79	0	97	68	0	8
0	79	0	98	68	0	10
0	79	0	99	68	0	12
0	79	0	100	68	0	8
0	79	0	101	68	0	12
0	79	0	102	68	0	4
0	79	0	86	67	0	9
0	79	0	87	67	0	2
0	79	0	88	67	0	12
0	79	0	89	67	0	11
0	79	0	90	67	0	5
0	79	0	91	67	0	10
0	79	0	92	67	0	8
0	79	0	93	67	0	12
0	79	0	94	67	0	2
0	79	0	95	67	0	9
0	79	0	96	67	0	10
0	79	0	97	67	0	9
0	79	0	98	67	0	10
0	79	0	99	67	0	13
0	79	0	100	67	0	10
0	79	0	101	67	0	7
0	79	0	102	67	0	10
0	79	0	87	66	0	5
0	79	0	88	66	0	4
0	79	0	89	66	0	9
0	79	0	90	66	0	14
0	79	0	91	66	0	12
0	79	0	92	66	0	13
0	79	0	93	66	0	8
0	79	0	94	66	0	11
0	79	0	95	66	0	10
0	79	0	96	66	0	9
0	79	0	97	66	0	14
0	79	0	98	66	0	8
0	79	0	99	66	0	4
0	79	0	100	66	0	8
0	79	0	101	66	0	10
0	79	0	102	66	0	11
0	79	0	87	65	0	10
0	79	0	88	65	0	5
0	79	0	89	65	0	12
0	79	0	90	65	0	7
0	79	0	91	65	0	13
0	79	0	92	65	0	6
0	79	0	93	65	0	11
0	79	0	94	65	0	10
0	79	0	95	65	0	8
0	79	0	96	65	0	12
0	79	0	97	65	0	8
0	79	0	98	65	0	7
0	79	0	99	65	0	12
0	79	0	100	65	0	17
0	79	0	101	65	0	7
0	79	0	102	65	0	7
0	79	0	103	65	0	9
0	79	0	87	64	0	5
0	79	0	88	64	0	10
0	79	0	89	64	0	7
0	79	0	90	64	0	14
0	79	0	91	64	0	4
0	79	0	92	64	0	10
0	79	0	93	64	0	17
0	79	0	94	64	0	11
0	79	0	95	64	0	10
0	79	0	96	64	0	8
0	79	0	97	64	0	16
0	79	0	98	64	0	5
0	79	0	99	64	0	13
0	79	0	100	64	0	8
0	79	0	101	64	0	9
0	79	0	102	64	0	6
0	79	0	103	64	0	10
0	79	0	86	63	0	6
0	79	0	87	63	0	14
0	79	0	88	63	0	16
0	79	0	89	63	0	15
0	79	0	90	63	0	14
0	79	0	91	63	0	12
0	79	0	92	63	0	15
0	79	0	93	63	0	15
0	79	0	94	63	0	9
0	79	0	95	63	0	3
0	79	0	96	63	0	10
0	79	0	97	63	0	14
0	79	0	98	63	0	2
0	79	0	99	63	0	8
0	79	0	100	63	0	3
0	79	0	101	63	0	7
0	79	0	102	63	0	4
0	79	0	103	63	0	9
0	79	0	87	62	0	7
0	79	0	88	62	0	6
0	79	0	89	62	0	9
0	79	0	90	62	0	9
0	79	0	91	62	0	11
0	79	0	92	62	0	2
0	79	0	93	62	0	10
0	79	0	94	62	0	15
0	79	0	95	62	0	7
0	79	0	96	62	0	10
0	79	0	97	62	0	9
0	79	0	98	62	0	3
0	79	0	99	62	0	10
0	79	0	100	62	0	3
0	79	0	101	62	0	9
0	79	0	102	62	0	13
0	79	0	87	61	0	15
0	79	0	88	61	0	9
0	79	0	89	61	0	6
0	79	0	90	61	0	7
0	79	0	91	61	0	3
0	79	0	92	61	0	13
0	79	0	93	61	0	11
0	79	0	94	61	0	6
0	79	0	95	61	0	9
0	79	0	96	61	0	6
0	79	0	97	61	0	4
0	79	0	98	61	0	7
0	79	0	99	61	0	0
0	79	0	100	61	0	6
0	79	0	88	60	0	6
0	79	0	89	60	0	10
0	79	0	90	60	0	8
0	79	0	91	60	0	15
0	79	0	92	60	0	12
0	79	0	93	60	0	4
0	79	0	94	60	0	8
0	79	0	95	60	0	9
0	79	0	96	60	0	6
0	79	0	88	59	0	10
0	79	0	89	59	0	3
0	79	0	90	59	0	9
0	79	0	91	59	0	4
0	79	0	92	59	0	9
0	79	0	93	59	0	7
0	79	0	94	59	0	10
0	79	0	95	59	0	7
0	79	0	89	58	0	16
0	79	0	90	58	0	12
0	79	0	91	58	0	7
0	79	0	92	58	0	4
0	79	0	93	58	0	13
0	79	0	94	58	0	6
0	79	0	91	57	0	4
0	79	0	92	57	0	4
0	79	0	93	57	0	11
0	79	0	96	55	0	11
0	79	0	94	54	0	6
0	79	0	95	54	0	6
0	79	0	96	54	0	11
0	79	0	97	54	0	8
0	79	0	101	54	0	9
0	79	0	102	54	0	9
0	79	0	103	54	0	10
0	79	0	104	54	0	9
0	79	0	93	53	0	6
0	79	0	94	53	0	5
0	79	0	95	53	0	20
0	79	0	96	53	0	9
0	79	0	97	53	0	7
0	79	0	98	53	0	5
0	79	0	99	53	0	7
0	79	0	100	53	0	5
0	79	0	101	53	0	17
0	79	0	102	53	0	2
0	79	0	103	53	0	9
0	79	0	104	53	0	3
0	79	0	105	53	0	9
0	79	0	106	53	0	3
0	79	0	93	52	0	1
0	79	0	94	52	0	5
0	79	0	95	52	0	2
0	79	0	96	52	0	9
0	79	0	97	52	0	9
0	79	0	98	52	0	15
0	79	0	99	52	0	8
0	79	0	100	52	0	8
0	79	0	101	52	0	1
0	79	0	102	52	0	7
0	79	0	103	52	0	9
0	79	0	104	52	0	5
0	79	0	105	52	0	10
0	79	0	106	52	0	12
0	79	0	107	52	0	2
0	79	0	93	51	0	10
0	79	0	94	51	0	4
0	79	0	95	51	0	9
0	79	0	96	51	0	15
0	79	0	97	51	0	14
0	79	0	98	51	0	2
0	79	0	99	51	0	7
0	79	0	100	51	0	2
0	79	0	101	51	0	2
0	79	0	102	51	0	16
0	79	0	103	51	0	7
0	79	0	104	51	0	1
0	79	0	105	51	0	6
0	79	0	106	51	0	7
0	79	0	107	51	0	1
0	79	0	93	50	0	0
0	79	0	94	50	0	7
0	79	0	95	50	0	7
0	79	0	96	50	0	7
0	79	0	97	50	0	6
0	79	0	98	50	0	0
0	79	0	99	50	0	6
0	79	0	100	50	0	0
0	79	0	101	50	0	11
0	79	0	102	50	0	1
0	79	0	103	50	0	2
0	79	0	104	50	0	11
0	79	0	105	50	0	8
0	79	0	106	50	0	6
0	79	0	107	50	0	1
0	79	0	93	49	0	0
0	79	0	94	49	0	5
0	79	0	95	49	0	1
0	79	0	96	49	0	0
0	79	0	97	49	0	6
0	79	0	98	49	0	1
0	79	0	99	49	0	9
0	79	0	100	49	0	1
0	79	0	101	49	0	0
0	79	0	102	49	0	3
0	79	0	103	49	0	0
0	79	0	104	49	0	1
0	79	0	105	49	0	2
0	79	0	106	49	0	5
0	79	0	107	49	0	9
0	79	0	108	49	0	3
0	79	0	94	48	0	1
0	79	0	95	48	0	8
0	79	0	96	48	0	1
0	79	0	97	48	0	6
0	79	0	98	48	0	12
0	79	0	99	48	0	12
0	79	0	100	48	0	4
0	79	0	101	48	0	2
0	79	0	102	48	0	1
0	79	0	103	48	0	0
0	79	0	104	48	0	11
0	79	0	105	48	0	9
0	79	0	106	48	0	6
0	79	0	107	48	0	8
0	79	0	94	47	0	15
0	79	0	95	47	0	1
0	79	0	96	47	0	2
0	79	0	97	47	0	0
0	79	0	98	47	0	8
0	79	0	99	47	0	5
0	79	0	100	47	0	9
0	79	0	101	47	0	7
0	79	0	102	47	0	0
0	79	0	104	47	0	5
0	79	0	105	47	0	2
0	79	0	106	47	0	3
0	79	0	93	46	0	0
0	79	0	96	46	0	11
0	79	0	97	46	0	3
0	79	0	98	46	0	2
0	79	0	99	46	0	12
0	79	0	100	46	0	0
0	79	0	101	46	0	2
0	79	0	102	46	0	9
0	79	0	103	46	0	3
0	79	0	104	46	0	0
0	79	0	105	46	0	1
0	79	0	94	45	0	2
0	79	0	95	45	0	4
0	79	0	96	45	0	4
0	79	0	97	45	0	3
0	79	0	98	45	0	0
0	79	0	99	45	0	0
0	79	0	100	45	0	4
0	79	0	101	45	0	4
0	79	0	102	45	0	1
0	79	0	103	45	0	3
0	79	0	105	45	0	0
0	79	0	94	44	0	1
0	79	0	95	44	0	8
0	79	0	96	44	0	1
0	79	0	97	44	0	14
0	79	0	98	44	0	4
0	79	0	99	44	0	1
0	79	0	100	44	0	3
0	79	0	101	44	0	0
0	79	0	103	44	0	1
0	79	0	104	44	0	0
0	79	0	95	43	0	1
0	79	0	96	43	0	2
0	79	0	97	43	0	2
0	79	0	98	43	0	0
0	79	0	99	43	0	4
0	79	0	100	43	0	2
0	79	0	102	43	0	0
0	79	0	95	42	0	2
0	79	0	96	42	0	0
0	79	0	97	42	0	5
0	79	0	101	41	0	0
0	79	0	94	37	0	1
0	79	0	97	37	0	6
0	79	0	98	37	0	0
0	79	0	100	36	0	0
0	79	0	96	35	0	5
0	80	0	95	73	0	9
0	80	0	95	72	0	9
0	80	0	96	72	0	10
0	80	0	97	72	0	11
0	80	0	98	72	0	9
0	80	0	99	72	0	5
0	80	0	100	72	0	10
0	80	0	90	71	0	10
0	80	0	91	71	0	14
0	80	0	92	71	0	12
0	80	0	93	71	0	7
0	80	0	94	71	0	7
0	80	0	95	71	0	10
0	80	0	96	71	0	17
0	80	0	97	71	0	8
0	80	0	98	71	0	4
0	80	0	99	71	0	11
0	80	0	100	71	0	7
0	80	0	101	71	0	12
0	80	0	102	71	0	7
0	80	0	89	70	0	6
0	80	0	90	70	0	10
0	80	0	91	70	0	11
0	80	0	92	70	0	11
0	80	0	93	70	0	4
0	80	0	94	70	0	16
0	80	0	95	70	0	14
0	80	0	96	70	0	11
0	80	0	97	70	0	12
0	80	0	98	70	0	6
0	80	0	99	70	0	8
0	80	0	100	70	0	14
0	80	0	101	70	0	0
0	80	0	102	70	0	5
0	80	0	87	69	0	9
0	80	0	88	69	0	5
0	80	0	89	69	0	10
0	80	0	90	69	0	2
0	80	0	91	69	0	15
0	80	0	92	69	0	15
0	80	0	93	69	0	5
0	80	0	94	69	0	1
0	80	0	95	69	0	5
0	80	0	96	69	0	12
0	80	0	97	69	0	5
0	80	0	98	69	0	13
0	80	0	99	69	0	13
0	80	0	100	69	0	16
0	80	0	101	69	0	10
0	80	0	102	69	0	10
0	80	0	86	68	0	4
0	80	0	87	68	0	1
0	80	0	88	68	0	9
0	80	0	89	68	0	6
0	80	0	90	68	0	11
0	80	0	91	68	0	12
0	80	0	92	68	0	10
0	80	0	93	68	0	6
0	80	0	94	68	0	6
0	80	0	95	68	0	14
0	80	0	96	68	0	12
0	80	0	97	68	0	8
0	80	0	98	68	0	11
0	80	0	99	68	0	6
0	80	0	100	68	0	3
0	80	0	101	68	0	18
0	80	0	102	68	0	2
0	80	0	86	67	0	5
0	80	0	87	67	0	4
0	80	0	88	67	0	15
0	80	0	89	67	0	7
0	80	0	90	67	0	3
0	80	0	91	67	0	5
0	80	0	92	67	0	11
0	80	0	93	67	0	9
0	80	0	94	67	0	5
0	80	0	95	67	0	9
0	80	0	96	67	0	9
0	80	0	97	67	0	9
0	80	0	98	67	0	10
0	80	0	99	67	0	11
0	80	0	100	67	0	13
0	80	0	101	67	0	6
0	80	0	102	67	0	12
0	80	0	87	66	0	1
0	80	0	88	66	0	3
0	80	0	89	66	0	6
0	80	0	90	66	0	12
0	80	0	91	66	0	15
0	80	0	92	66	0	16
0	80	0	93	66	0	6
0	80	0	94	66	0	12
0	80	0	95	66	0	7
0	80	0	96	66	0	5
0	80	0	97	66	0	8
0	80	0	98	66	0	3
0	80	0	99	66	0	8
0	80	0	100	66	0	8
0	80	0	101	66	0	7
0	80	0	102	66	0	7
0	80	0	87	65	0	14
0	80	0	88	65	0	3
0	80	0	89	65	0	15
0	80	0	90	65	0	4
0	80	0	91	65	0	9
0	80	0	92	65	0	8
0	80	0	93	65	0	17
0	80	0	94	65	0	9
0	80	0	95	65	0	7
0	80	0	96	65	0	10
0	80	0	97	65	0	8
0	80	0	98	65	0	4
0	80	0	99	65	0	13
0	80	0	100	65	0	12
0	80	0	101	65	0	5
0	80	0	102	65	0	9
0	80	0	103	65	0	10
0	80	0	87	64	0	6
0	80	0	88	64	0	9
0	80	0	89	64	0	10
0	80	0	90	64	0	17
0	80	0	91	64	0	4
0	80	0	92	64	0	9
0	80	0	93	64	0	15
0	80	0	94	64	0	15
0	80	0	95	64	0	8
0	80	0	96	64	0	14
0	80	0	97	64	0	17
0	80	0	98	64	0	6
0	80	0	99	64	0	10
0	80	0	100	64	0	12
0	80	0	101	64	0	6
0	80	0	102	64	0	10
0	80	0	103	64	0	6
0	80	0	86	63	0	4
0	80	0	87	63	0	17
0	80	0	88	63	0	19
0	80	0	89	63	0	14
0	80	0	90	63	0	12
0	80	0	91	63	0	16
0	80	0	92	63	0	14
0	80	0	93	63	0	12
0	80	0	94	63	0	11
0	80	0	95	63	0	2
0	80	0	96	63	0	7
0	80	0	97	63	0	14
0	80	0	98	63	0	7
0	80	0	99	63	0	13
0	80	0	100	63	0	5
0	80	0	101	63	0	13
0	80	0	102	63	0	1
0	80	0	103	63	0	14
0	80	0	87	62	0	6
0	80	0	88	62	0	3
0	80	0	89	62	0	6
0	80	0	90	62	0	11
0	80	0	91	62	0	13
0	80	0	92	62	0	3
0	80	0	93	62	0	10
0	80	0	94	62	0	11
0	80	0	95	62	0	8
0	80	0	96	62	0	12
0	80	0	97	62	0	7
0	80	0	98	62	0	5
0	80	0	99	62	0	9
0	80	0	100	62	0	7
0	80	0	101	62	0	8
0	80	0	102	62	0	12
0	80	0	87	61	0	7
0	80	0	88	61	0	9
0	80	0	89	61	0	6
0	80	0	90	61	0	11
0	80	0	91	61	0	1
0	80	0	92	61	0	11
0	80	0	93	61	0	7
0	80	0	94	61	0	5
0	80	0	95	61	0	5
0	80	0	96	61	0	9
0	80	0	97	61	0	5
0	80	0	98	61	0	9
0	80	0	99	61	0	1
0	80	0	100	61	0	5
0	80	0	88	60	0	4
0	80	0	89	60	0	10
0	80	0	90	60	0	12
0	80	0	91	60	0	12
0	80	0	92	60	0	12
0	80	0	93	60	0	12
0	80	0	94	60	0	15
0	80	0	95	60	0	4
0	80	0	96	60	0	5
0	80	0	88	59	0	8
0	80	0	89	59	0	3
0	80	0	90	59	0	9
0	80	0	91	59	0	7
0	80	0	92	59	0	12
0	80	0	93	59	0	8
0	80	0	94	59	0	11
0	80	0	95	59	0	9
0	80	0	89	58	0	8
0	80	0	90	58	0	7
0	80	0	91	58	0	11
0	80	0	92	58	0	9
0	80	0	93	58	0	11
0	80	0	94	58	0	5
0	80	0	91	57	0	4
0	80	0	92	57	0	8
0	80	0	93	57	0	6
0	80	0	96	55	0	6
0	80	0	94	54	0	6
0	80	0	95	54	0	7
0	80	0	96	54	0	3
0	80	0	97	54	0	9
0	80	0	101	54	0	8
0	80	0	102	54	0	5
0	80	0	103	54	0	5
0	80	0	104	54	0	6
0	80	0	93	53	0	11
0	80	0	94	53	0	7
0	80	0	95	53	0	12
0	80	0	96	53	0	10
0	80	0	97	53	0	9
0	80	0	98	53	0	11
0	80	0	99	53	0	11
0	80	0	100	53	0	3
0	80	0	101	53	0	18
0	80	0	102	53	0	5
0	80	0	103	53	0	7
0	80	0	104	53	0	4
0	80	0	105	53	0	8
0	80	0	106	53	0	0
0	80	0	93	52	0	0
0	80	0	94	52	0	10
0	80	0	95	52	0	2
0	80	0	96	52	0	9
0	80	0	97	52	0	10
0	80	0	98	52	0	10
0	80	0	99	52	0	7
0	80	0	100	52	0	11
0	80	0	101	52	0	1
0	80	0	102	52	0	6
0	80	0	103	52	0	5
0	80	0	104	52	0	7
0	80	0	105	52	0	6
0	80	0	106	52	0	10
0	80	0	107	52	0	3
0	80	0	93	51	0	4
0	80	0	94	51	0	0
0	80	0	95	51	0	4
0	80	0	96	51	0	16
0	80	0	97	51	0	18
0	80	0	98	51	0	3
0	80	0	99	51	0	8
0	80	0	100	51	0	0
0	80	0	101	51	0	2
0	80	0	102	51	0	14
0	80	0	103	51	0	6
0	80	0	104	51	0	0
0	80	0	105	51	0	8
0	80	0	106	51	0	11
0	80	0	107	51	0	3
0	80	0	93	50	0	0
0	80	0	94	50	0	7
0	80	0	95	50	0	5
0	80	0	96	50	0	16
0	80	0	97	50	0	5
0	80	0	98	50	0	0
0	80	0	99	50	0	5
0	80	0	100	50	0	2
0	80	0	101	50	0	10
0	80	0	102	50	0	1
0	80	0	103	50	0	5
0	80	0	104	50	0	10
0	80	0	105	50	0	10
0	80	0	106	50	0	7
0	80	0	107	50	0	2
0	80	0	93	49	0	0
0	80	0	94	49	0	4
0	80	0	95	49	0	0
0	80	0	96	49	0	0
0	80	0	97	49	0	9
0	80	0	98	49	0	2
0	80	0	99	49	0	10
0	80	0	100	49	0	2
0	80	0	101	49	0	1
0	80	0	102	49	0	1
0	80	0	103	49	0	0
0	80	0	104	49	0	1
0	80	0	105	49	0	3
0	80	0	106	49	0	4
0	80	0	107	49	0	9
0	80	0	108	49	0	4
0	80	0	94	48	0	2
0	80	0	95	48	0	17
0	80	0	96	48	0	4
0	80	0	97	48	0	3
0	80	0	98	48	0	11
0	80	0	99	48	0	9
0	80	0	100	48	0	1
0	80	0	101	48	0	2
0	80	0	102	48	0	3
0	80	0	103	48	0	0
0	80	0	104	48	0	9
0	80	0	105	48	0	8
0	80	0	106	48	0	7
0	80	0	107	48	0	9
0	80	0	94	47	0	10
0	80	0	95	47	0	1
0	80	0	96	47	0	1
0	80	0	97	47	0	1
0	80	0	98	47	0	8
0	80	0	99	47	0	7
0	80	0	100	47	0	14
0	80	0	101	47	0	10
0	80	0	102	47	0	0
0	80	0	104	47	0	5
0	80	0	105	47	0	2
0	80	0	106	47	0	4
0	80	0	110	47	0	1
0	80	0	93	46	0	0
0	80	0	95	46	0	1
0	80	0	96	46	0	6
0	80	0	97	46	0	7
0	80	0	98	46	0	5
0	80	0	99	46	0	10
0	80	0	100	46	0	0
0	80	0	101	46	0	3
0	80	0	102	46	0	12
0	80	0	103	46	0	4
0	80	0	104	46	0	0
0	80	0	105	46	0	1
0	80	0	107	46	0	1
0	80	0	94	45	0	4
0	80	0	95	45	0	7
0	80	0	96	45	0	4
0	80	0	97	45	0	1
0	80	0	98	45	0	1
0	80	0	99	45	0	1
0	80	0	100	45	0	6
0	80	0	101	45	0	9
0	80	0	102	45	0	0
0	80	0	103	45	0	5
0	80	0	105	45	0	0
0	80	0	106	45	0	1
0	80	0	94	44	0	1
0	80	0	95	44	0	8
0	80	0	96	44	0	1
0	80	0	97	44	0	13
0	80	0	98	44	0	4
0	80	0	99	44	0	0
0	80	0	100	44	0	8
0	80	0	101	44	0	0
0	80	0	103	44	0	2
0	80	0	104	44	0	0
0	80	0	95	43	0	1
0	80	0	96	43	0	3
0	80	0	97	43	0	1
0	80	0	98	43	0	0
0	80	0	99	43	0	1
0	80	0	100	43	0	2
0	80	0	102	43	0	0
0	80	0	95	42	0	1
0	80	0	96	42	0	0
0	80	0	97	42	0	3
0	80	0	101	41	0	0
0	80	0	94	37	0	2
0	80	0	97	37	0	6
0	80	0	98	37	0	0
0	80	0	101	37	0	1
0	80	0	100	36	0	0
0	80	0	96	35	0	6
0	81	0	95	73	0	11
0	81	0	95	72	0	6
0	81	0	96	72	0	17
0	81	0	97	72	0	17
0	81	0	98	72	0	7
0	81	0	99	72	0	6
0	81	0	100	72	0	10
0	81	0	90	71	0	9
0	81	0	91	71	0	17
0	81	0	92	71	0	10
0	81	0	93	71	0	2
0	81	0	94	71	0	6
0	81	0	95	71	0	11
0	81	0	96	71	0	8
0	81	0	97	71	0	5
0	81	0	98	71	0	5
0	81	0	99	71	0	12
0	81	0	100	71	0	7
0	81	0	101	71	0	9
0	81	0	102	71	0	3
0	81	0	89	70	0	6
0	81	0	90	70	0	11
0	81	0	91	70	0	15
0	81	0	92	70	0	10
0	81	0	93	70	0	6
0	81	0	94	70	0	12
0	81	0	95	70	0	13
0	81	0	96	70	0	6
0	81	0	97	70	0	14
0	81	0	98	70	0	8
0	81	0	99	70	0	9
0	81	0	100	70	0	13
0	81	0	101	70	0	1
0	81	0	102	70	0	6
0	81	0	87	69	0	9
0	81	0	88	69	0	7
0	81	0	89	69	0	10
0	81	0	90	69	0	4
0	81	0	91	69	0	17
0	81	0	92	69	0	9
0	81	0	93	69	0	1
0	81	0	94	69	0	2
0	81	0	95	69	0	6
0	81	0	96	69	0	14
0	81	0	97	69	0	4
0	81	0	98	69	0	14
0	81	0	99	69	0	8
0	81	0	100	69	0	15
0	81	0	101	69	0	10
0	81	0	102	69	0	7
0	81	0	86	68	0	3
0	81	0	87	68	0	0
0	81	0	88	68	0	9
0	81	0	89	68	0	5
0	81	0	90	68	0	8
0	81	0	91	68	0	14
0	81	0	92	68	0	8
0	81	0	93	68	0	8
0	81	0	94	68	0	8
0	81	0	95	68	0	9
0	81	0	96	68	0	12
0	81	0	97	68	0	7
0	81	0	98	68	0	12
0	81	0	99	68	0	5
0	81	0	100	68	0	3
0	81	0	101	68	0	13
0	81	0	102	68	0	4
0	81	0	86	67	0	4
0	81	0	87	67	0	4
0	81	0	88	67	0	15
0	81	0	89	67	0	8
0	81	0	90	67	0	7
0	81	0	91	67	0	8
0	81	0	92	67	0	13
0	81	0	93	67	0	6
0	81	0	94	67	0	4
0	81	0	95	67	0	11
0	81	0	96	67	0	13
0	81	0	97	67	0	6
0	81	0	98	67	0	16
0	81	0	99	67	0	16
0	81	0	100	67	0	9
0	81	0	101	67	0	4
0	81	0	102	67	0	9
0	81	0	87	66	0	2
0	81	0	88	66	0	1
0	81	0	89	66	0	9
0	81	0	90	66	0	5
0	81	0	91	66	0	13
0	81	0	92	66	0	7
0	81	0	93	66	0	8
0	81	0	94	66	0	12
0	81	0	95	66	0	13
0	81	0	96	66	0	11
0	81	0	97	66	0	10
0	81	0	98	66	0	5
0	81	0	99	66	0	5
0	81	0	100	66	0	4
0	81	0	101	66	0	5
0	81	0	102	66	0	8
0	81	0	87	65	0	12
0	81	0	88	65	0	4
0	81	0	89	65	0	15
0	81	0	90	65	0	7
0	81	0	91	65	0	8
0	81	0	92	65	0	4
0	81	0	93	65	0	17
0	81	0	94	65	0	5
0	81	0	95	65	0	6
0	81	0	96	65	0	5
0	81	0	97	65	0	9
0	81	0	98	65	0	4
0	81	0	99	65	0	15
0	81	0	100	65	0	6
0	81	0	101	65	0	3
0	81	0	102	65	0	10
0	81	0	103	65	0	2
0	81	0	87	64	0	9
0	81	0	88	64	0	18
0	81	0	89	64	0	13
0	81	0	90	64	0	17
0	81	0	91	64	0	3
0	81	0	92	64	0	13
0	81	0	93	64	0	9
0	81	0	94	64	0	7
0	81	0	95	64	0	5
0	81	0	96	64	0	8
0	81	0	97	64	0	7
0	81	0	98	64	0	7
0	81	0	99	64	0	6
0	81	0	100	64	0	12
0	81	0	101	64	0	2
0	81	0	102	64	0	11
0	81	0	103	64	0	5
0	81	0	86	63	0	3
0	81	0	87	63	0	10
0	81	0	88	63	0	8
0	81	0	89	63	0	13
0	81	0	90	63	0	11
0	81	0	91	63	0	11
0	81	0	92	63	0	13
0	81	0	93	63	0	13
0	81	0	94	63	0	12
0	81	0	95	63	0	4
0	81	0	96	63	0	10
0	81	0	97	63	0	16
0	81	0	98	63	0	13
0	81	0	99	63	0	15
0	81	0	100	63	0	7
0	81	0	101	63	0	12
0	81	0	102	63	0	1
0	81	0	103	63	0	9
0	81	0	87	62	0	10
0	81	0	88	62	0	6
0	81	0	89	62	0	9
0	81	0	90	62	0	13
0	81	0	91	62	0	10
0	81	0	92	62	0	5
0	81	0	93	62	0	5
0	81	0	94	62	0	10
0	81	0	95	62	0	4
0	81	0	96	62	0	7
0	81	0	97	62	0	2
0	81	0	98	62	0	4
0	81	0	99	62	0	13
0	81	0	100	62	0	7
0	81	0	101	62	0	12
0	81	0	102	62	0	12
0	81	0	87	61	0	9
0	81	0	88	61	0	5
0	81	0	89	61	0	9
0	81	0	90	61	0	8
0	81	0	91	61	0	1
0	81	0	92	61	0	15
0	81	0	93	61	0	7
0	81	0	94	61	0	7
0	81	0	95	61	0	5
0	81	0	96	61	0	12
0	81	0	97	61	0	6
0	81	0	98	61	0	12
0	81	0	99	61	0	0
0	81	0	100	61	0	9
0	81	0	88	60	0	2
0	81	0	89	60	0	6
0	81	0	90	60	0	11
0	81	0	91	60	0	10
0	81	0	92	60	0	11
0	81	0	93	60	0	7
0	81	0	94	60	0	22
0	81	0	95	60	0	7
0	81	0	96	60	0	5
0	81	0	88	59	0	7
0	81	0	89	59	0	3
0	81	0	90	59	0	15
0	81	0	91	59	0	7
0	81	0	92	59	0	14
0	81	0	93	59	0	8
0	81	0	94	59	0	9
0	81	0	95	59	0	13
0	81	0	89	58	0	12
0	81	0	90	58	0	6
0	81	0	91	58	0	9
0	81	0	92	58	0	7
0	81	0	93	58	0	9
0	81	0	94	58	0	8
0	81	0	91	57	0	5
0	81	0	92	57	0	10
0	81	0	93	57	0	6
0	81	0	96	55	0	13
0	81	0	94	54	0	5
0	81	0	95	54	0	6
0	81	0	96	54	0	4
0	81	0	97	54	0	12
0	81	0	101	54	0	12
0	81	0	102	54	0	5
0	81	0	103	54	0	4
0	81	0	104	54	0	9
0	81	0	93	53	0	9
0	81	0	94	53	0	10
0	81	0	95	53	0	10
0	81	0	96	53	0	12
0	81	0	97	53	0	14
0	81	0	98	53	0	6
0	81	0	99	53	0	11
0	81	0	100	53	0	4
0	81	0	101	53	0	12
0	81	0	102	53	0	8
0	81	0	103	53	0	8
0	81	0	104	53	0	6
0	81	0	105	53	0	10
0	81	0	106	53	0	1
0	81	0	93	52	0	0
0	81	0	94	52	0	6
0	81	0	95	52	0	5
0	81	0	96	52	0	13
0	81	0	97	52	0	9
0	81	0	98	52	0	14
0	81	0	99	52	0	10
0	81	0	100	52	0	6
0	81	0	101	52	0	1
0	81	0	102	52	0	4
0	81	0	103	52	0	3
0	81	0	104	52	0	13
0	81	0	105	52	0	6
0	81	0	106	52	0	10
0	81	0	107	52	0	0
0	81	0	93	51	0	4
0	81	0	94	51	0	1
0	81	0	95	51	0	3
0	81	0	96	51	0	12
0	81	0	97	51	0	14
0	81	0	98	51	0	2
0	81	0	99	51	0	5
0	81	0	100	51	0	0
0	81	0	101	51	0	3
0	81	0	102	51	0	15
0	81	0	103	51	0	10
0	81	0	104	51	0	0
0	81	0	105	51	0	9
0	81	0	106	51	0	6
0	81	0	107	51	0	2
0	81	0	93	50	0	0
0	81	0	94	50	0	8
0	81	0	95	50	0	7
0	81	0	96	50	0	9
0	81	0	97	50	0	7
0	81	0	98	50	0	1
0	81	0	99	50	0	6
0	81	0	100	50	0	3
0	81	0	101	50	0	12
0	81	0	102	50	0	5
0	81	0	103	50	0	11
0	81	0	104	50	0	11
0	81	0	105	50	0	10
0	81	0	106	50	0	7
0	81	0	107	50	0	5
0	81	0	93	49	0	0
0	81	0	94	49	0	5
0	81	0	95	49	0	0
0	81	0	96	49	0	1
0	81	0	97	49	0	3
0	81	0	98	49	0	1
0	81	0	99	49	0	10
0	81	0	100	49	0	3
0	81	0	101	49	0	1
0	81	0	102	49	0	3
0	81	0	103	49	0	0
0	81	0	104	49	0	1
0	81	0	105	49	0	3
0	81	0	106	49	0	8
0	81	0	107	49	0	6
0	81	0	108	49	0	9
0	81	0	94	48	0	4
0	81	0	95	48	0	14
0	81	0	96	48	0	5
0	81	0	97	48	0	4
0	81	0	98	48	0	10
0	81	0	99	48	0	15
0	81	0	100	48	0	3
0	81	0	101	48	0	5
0	81	0	102	48	0	2
0	81	0	103	48	0	0
0	81	0	104	48	0	9
0	81	0	105	48	0	7
0	81	0	106	48	0	8
0	81	0	107	48	0	10
0	81	0	94	47	0	11
0	81	0	95	47	0	0
0	81	0	96	47	0	4
0	81	0	97	47	0	1
0	81	0	98	47	0	13
0	81	0	99	47	0	7
0	81	0	100	47	0	8
0	81	0	101	47	0	11
0	81	0	102	47	0	0
0	81	0	103	47	0	1
0	81	0	104	47	0	3
0	81	0	105	47	0	4
0	81	0	106	47	0	5
0	81	0	109	47	0	1
0	81	0	110	47	0	2
0	81	0	93	46	0	0
0	81	0	95	46	0	2
0	81	0	96	46	0	13
0	81	0	97	46	0	7
0	81	0	98	46	0	4
0	81	0	99	46	0	8
0	81	0	100	46	0	0
0	81	0	101	46	0	5
0	81	0	102	46	0	12
0	81	0	103	46	0	9
0	81	0	104	46	0	0
0	81	0	105	46	0	1
0	81	0	107	46	0	4
0	81	0	94	45	0	2
0	81	0	95	45	0	4
0	81	0	96	45	0	7
0	81	0	97	45	0	3
0	81	0	98	45	0	2
0	81	0	99	45	0	3
0	81	0	100	45	0	10
0	81	0	101	45	0	10
0	81	0	102	45	0	1
0	81	0	103	45	0	9
0	81	0	104	45	0	1
0	81	0	105	45	0	0
0	81	0	106	45	0	1
0	81	0	94	44	0	2
0	81	0	95	44	0	6
0	81	0	96	44	0	0
0	81	0	97	44	0	15
0	81	0	98	44	0	3
0	81	0	99	44	0	0
0	81	0	100	44	0	3
0	81	0	101	44	0	1
0	81	0	103	44	0	1
0	81	0	104	44	0	1
0	81	0	95	43	0	3
0	81	0	96	43	0	2
0	81	0	97	43	0	1
0	81	0	98	43	0	0
0	81	0	99	43	0	0
0	81	0	100	43	0	1
0	81	0	102	43	0	0
0	81	0	95	42	0	1
0	81	0	96	42	0	0
0	81	0	97	42	0	4
0	81	0	101	41	0	0
0	81	0	93	37	0	1
0	81	0	94	37	0	2
0	81	0	97	37	0	3
0	81	0	98	37	0	0
0	81	0	101	37	0	2
0	81	0	100	36	0	0
0	81	0	96	35	0	7
0	81	0	95	32	0	1
0	82	0	95	73	0	9
0	82	0	95	72	0	8
0	82	0	96	72	0	13
0	82	0	97	72	0	10
0	82	0	98	72	0	10
0	82	0	99	72	0	7
0	82	0	100	72	0	14
0	82	0	90	71	0	12
0	82	0	91	71	0	8
0	82	0	92	71	0	5
0	82	0	93	71	0	3
0	82	0	94	71	0	4
0	82	0	95	71	0	10
0	82	0	96	71	0	7
0	82	0	97	71	0	9
0	82	0	98	71	0	4
0	82	0	99	71	0	9
0	82	0	100	71	0	8
0	82	0	101	71	0	10
0	82	0	102	71	0	7
0	82	0	89	70	0	8
0	82	0	90	70	0	6
0	82	0	91	70	0	12
0	82	0	92	70	0	11
0	82	0	93	70	0	14
0	82	0	94	70	0	13
0	82	0	95	70	0	13
0	82	0	96	70	0	6
0	82	0	97	70	0	15
0	82	0	98	70	0	6
0	82	0	99	70	0	10
0	82	0	100	70	0	6
0	82	0	101	70	0	2
0	82	0	102	70	0	10
0	82	0	87	69	0	13
0	82	0	88	69	0	4
0	82	0	89	69	0	9
0	82	0	90	69	0	6
0	82	0	91	69	0	16
0	82	0	92	69	0	15
0	82	0	93	69	0	0
0	82	0	94	69	0	6
0	82	0	95	69	0	3
0	82	0	96	69	0	9
0	82	0	97	69	0	3
0	82	0	98	69	0	13
0	82	0	99	69	0	8
0	82	0	100	69	0	11
0	82	0	101	69	0	11
0	82	0	102	69	0	9
0	82	0	86	68	0	2
0	82	0	87	68	0	0
0	82	0	88	68	0	10
0	82	0	89	68	0	4
0	82	0	90	68	0	6
0	82	0	91	68	0	15
0	82	0	92	68	0	8
0	82	0	93	68	0	9
0	82	0	94	68	0	13
0	82	0	95	68	0	7
0	82	0	96	68	0	7
0	82	0	97	68	0	9
0	82	0	98	68	0	8
0	82	0	99	68	0	3
0	82	0	100	68	0	8
0	82	0	101	68	0	11
0	82	0	102	68	0	10
0	82	0	86	67	0	4
0	82	0	87	67	0	4
0	82	0	88	67	0	11
0	82	0	89	67	0	9
0	82	0	90	67	0	7
0	82	0	91	67	0	10
0	82	0	92	67	0	12
0	82	0	93	67	0	7
0	82	0	94	67	0	8
0	82	0	95	67	0	13
0	82	0	96	67	0	10
0	82	0	97	67	0	11
0	82	0	98	67	0	8
0	82	0	99	67	0	16
0	82	0	100	67	0	6
0	82	0	101	67	0	1
0	82	0	102	67	0	11
0	82	0	87	66	0	3
0	82	0	88	66	0	4
0	82	0	89	66	0	9
0	82	0	90	66	0	9
0	82	0	91	66	0	11
0	82	0	92	66	0	11
0	82	0	93	66	0	8
0	82	0	94	66	0	5
0	82	0	95	66	0	8
0	82	0	96	66	0	13
0	82	0	97	66	0	10
0	82	0	98	66	0	8
0	82	0	99	66	0	7
0	82	0	100	66	0	5
0	82	0	101	66	0	8
0	82	0	102	66	0	5
0	82	0	87	65	0	7
0	82	0	88	65	0	6
0	82	0	89	65	0	9
0	82	0	90	65	0	9
0	82	0	91	65	0	9
0	82	0	92	65	0	8
0	82	0	93	65	0	8
0	82	0	94	65	0	8
0	82	0	95	65	0	8
0	82	0	96	65	0	2
0	82	0	97	65	0	8
0	82	0	98	65	0	5
0	82	0	99	65	0	17
0	82	0	100	65	0	6
0	82	0	101	65	0	6
0	82	0	102	65	0	15
0	82	0	103	65	0	6
0	82	0	87	64	0	10
0	82	0	88	64	0	15
0	82	0	89	64	0	7
0	82	0	90	64	0	15
0	82	0	91	64	0	7
0	82	0	92	64	0	15
0	82	0	93	64	0	7
0	82	0	94	64	0	9
0	82	0	95	64	0	9
0	82	0	96	64	0	12
0	82	0	97	64	0	4
0	82	0	98	64	0	8
0	82	0	99	64	0	7
0	82	0	100	64	0	11
0	82	0	101	64	0	4
0	82	0	102	64	0	9
0	82	0	103	64	0	3
0	82	0	86	63	0	3
0	82	0	87	63	0	13
0	82	0	88	63	0	13
0	82	0	89	63	0	9
0	82	0	90	63	0	8
0	82	0	91	63	0	8
0	82	0	92	63	0	9
0	82	0	93	63	0	9
0	82	0	94	63	0	15
0	82	0	95	63	0	6
0	82	0	96	63	0	9
0	82	0	97	63	0	5
0	82	0	98	63	0	12
0	82	0	99	63	0	7
0	82	0	100	63	0	10
0	82	0	101	63	0	7
0	82	0	102	63	0	2
0	82	0	103	63	0	12
0	82	0	87	62	0	9
0	82	0	88	62	0	9
0	82	0	89	62	0	11
0	82	0	90	62	0	11
0	82	0	91	62	0	9
0	82	0	92	62	0	4
0	82	0	93	62	0	7
0	82	0	94	62	0	11
0	82	0	95	62	0	6
0	82	0	96	62	0	4
0	82	0	97	62	0	3
0	82	0	98	62	0	7
0	82	0	99	62	0	5
0	82	0	100	62	0	9
0	82	0	101	62	0	20
0	82	0	102	62	0	7
0	82	0	87	61	0	10
0	82	0	88	61	0	6
0	82	0	89	61	0	10
0	82	0	90	61	0	11
0	82	0	91	61	0	2
0	82	0	92	61	0	14
0	82	0	93	61	0	2
0	82	0	94	61	0	10
0	82	0	95	61	0	6
0	82	0	96	61	0	12
0	82	0	97	61	0	5
0	82	0	98	61	0	16
0	82	0	99	61	0	0
0	82	0	100	61	0	10
0	82	0	88	60	0	1
0	82	0	89	60	0	7
0	82	0	90	60	0	12
0	82	0	91	60	0	10
0	82	0	92	60	0	13
0	82	0	93	60	0	6
0	82	0	94	60	0	13
0	82	0	95	60	0	4
0	82	0	96	60	0	6
0	82	0	88	59	0	8
0	82	0	89	59	0	4
0	82	0	90	59	0	6
0	82	0	91	59	0	7
0	82	0	92	59	0	5
0	82	0	93	59	0	13
0	82	0	94	59	0	8
0	82	0	95	59	0	12
0	82	0	89	58	0	10
0	82	0	90	58	0	5
0	82	0	91	58	0	3
0	82	0	92	58	0	13
0	82	0	93	58	0	14
0	82	0	94	58	0	11
0	82	0	91	57	0	2
0	82	0	92	57	0	11
0	82	0	93	57	0	9
0	82	0	96	55	0	10
0	82	0	94	54	0	3
0	82	0	95	54	0	4
0	82	0	96	54	0	5
0	82	0	97	54	0	10
0	82	0	101	54	0	10
0	82	0	102	54	0	6
0	82	0	103	54	0	3
0	82	0	104	54	0	9
0	82	0	93	53	0	8
0	82	0	94	53	0	4
0	82	0	95	53	0	7
0	82	0	96	53	0	9
0	82	0	97	53	0	11
0	82	0	98	53	0	5
0	82	0	99	53	0	2
0	82	0	100	53	0	2
0	82	0	101	53	0	13
0	82	0	102	53	0	7
0	82	0	103	53	0	12
0	82	0	104	53	0	4
0	82	0	105	53	0	8
0	82	0	106	53	0	2
0	82	0	93	52	0	0
0	82	0	94	52	0	7
0	82	0	95	52	0	7
0	82	0	96	52	0	11
0	82	0	97	52	0	11
0	82	0	98	52	0	14
0	82	0	99	52	0	8
0	82	0	100	52	0	9
0	82	0	101	52	0	5
0	82	0	102	52	0	6
0	82	0	103	52	0	7
0	82	0	104	52	0	11
0	82	0	105	52	0	6
0	82	0	106	52	0	12
0	82	0	107	52	0	0
0	82	0	93	51	0	7
0	82	0	94	51	0	4
0	82	0	95	51	0	3
0	82	0	96	51	0	12
0	82	0	97	51	0	9
0	82	0	98	51	0	3
0	82	0	99	51	0	6
0	82	0	100	51	0	2
0	82	0	101	51	0	5
0	82	0	102	51	0	9
0	82	0	103	51	0	17
0	82	0	104	51	0	2
0	82	0	105	51	0	10
0	82	0	106	51	0	12
0	82	0	107	51	0	4
0	82	0	93	50	0	1
0	82	0	94	50	0	4
0	82	0	95	50	0	6
0	82	0	96	50	0	12
0	82	0	97	50	0	8
0	82	0	98	50	0	2
0	82	0	99	50	0	5
0	82	0	100	50	0	7
0	82	0	101	50	0	12
0	82	0	102	50	0	4
0	82	0	103	50	0	6
0	82	0	104	50	0	13
0	82	0	105	50	0	13
0	82	0	106	50	0	5
0	82	0	107	50	0	6
0	82	0	93	49	0	0
0	82	0	94	49	0	3
0	82	0	95	49	0	1
0	82	0	96	49	0	3
0	82	0	97	49	0	5
0	82	0	98	49	0	1
0	82	0	99	49	0	7
0	82	0	100	49	0	2
0	82	0	101	49	0	4
0	82	0	102	49	0	2
0	82	0	103	49	0	0
0	82	0	104	49	0	2
0	82	0	105	49	0	6
0	82	0	106	49	0	10
0	82	0	107	49	0	5
0	82	0	108	49	0	7
0	82	0	94	48	0	2
0	82	0	95	48	0	14
0	82	0	96	48	0	6
0	82	0	97	48	0	7
0	82	0	98	48	0	9
0	82	0	99	48	0	12
0	82	0	100	48	0	4
0	82	0	101	48	0	3
0	82	0	102	48	0	2
0	82	0	103	48	0	0
0	82	0	104	48	0	8
0	82	0	105	48	0	9
0	82	0	106	48	0	12
0	82	0	107	48	0	9
0	82	0	111	48	0	1
0	82	0	94	47	0	8
0	82	0	95	47	0	0
0	82	0	96	47	0	4
0	82	0	97	47	0	1
0	82	0	98	47	0	10
0	82	0	99	47	0	8
0	82	0	100	47	0	9
0	82	0	101	47	0	12
0	82	0	102	47	0	1
0	82	0	103	47	0	1
0	82	0	104	47	0	2
0	82	0	105	47	0	4
0	82	0	106	47	0	8
0	82	0	109	47	0	2
0	82	0	110	47	0	3
0	82	0	93	46	0	0
0	82	0	95	46	0	3
0	82	0	96	46	0	8
0	82	0	97	46	0	13
0	82	0	98	46	0	7
0	82	0	99	46	0	9
0	82	0	100	46	0	1
0	82	0	101	46	0	5
0	82	0	102	46	0	5
0	82	0	103	46	0	6
0	82	0	104	46	0	1
0	82	0	105	46	0	1
0	82	0	107	46	0	6
0	82	0	94	45	0	5
0	82	0	95	45	0	7
0	82	0	96	45	0	6
0	82	0	97	45	0	3
0	82	0	98	45	0	3
0	82	0	99	45	0	5
0	82	0	100	45	0	6
0	82	0	101	45	0	9
0	82	0	102	45	0	2
0	82	0	103	45	0	9
0	82	0	104	45	0	2
0	82	0	105	45	0	0
0	82	0	106	45	0	3
0	82	0	94	44	0	0
0	82	0	95	44	0	11
0	82	0	96	44	0	0
0	82	0	97	44	0	8
0	82	0	98	44	0	2
0	82	0	99	44	0	0
0	82	0	100	44	0	3
0	82	0	101	44	0	2
0	82	0	103	44	0	1
0	82	0	104	44	0	2
0	82	0	95	43	0	5
0	82	0	96	43	0	6
0	82	0	97	43	0	2
0	82	0	98	43	0	0
0	82	0	99	43	0	0
0	82	0	100	43	0	2
0	82	0	101	43	0	1
0	82	0	102	43	0	0
0	82	0	103	43	0	1
0	82	0	95	42	0	0
0	82	0	96	42	0	0
0	82	0	97	42	0	0
0	82	0	98	41	0	1
0	82	0	101	41	0	0
0	82	0	93	37	0	0
0	82	0	94	37	0	1
0	82	0	97	37	0	2
0	82	0	98	37	0	0
0	82	0	101	37	0	2
0	82	0	97	36	0	1
0	82	0	100	36	0	0
0	82	0	96	35	0	5
0	82	0	94	32	0	1
0	82	0	95	32	0	0
0	83	0	95	73	0	8
0	83	0	95	72	0	10
0	83	0	96	72	0	10
0	83	0	97	72	0	13
0	83	0	98	72	0	6
0	83	0	99	72	0	3
0	83	0	100	72	0	8
0	83	0	90	71	0	12
0	83	0	91	71	0	4
0	83	0	92	71	0	5
0	83	0	93	71	0	2
0	83	0	94	71	0	3
0	83	0	95	71	0	13
0	83	0	96	71	0	8
0	83	0	97	71	0	8
0	83	0	98	71	0	4
0	83	0	99	71	0	8
0	83	0	100	71	0	8
0	83	0	101	71	0	11
0	83	0	102	71	0	7
0	83	0	89	70	0	7
0	83	0	90	70	0	8
0	83	0	91	70	0	15
0	83	0	92	70	0	13
0	83	0	93	70	0	6
0	83	0	94	70	0	8
0	83	0	95	70	0	8
0	83	0	96	70	0	9
0	83	0	97	70	0	16
0	83	0	98	70	0	6
0	83	0	99	70	0	18
0	83	0	100	70	0	12
0	83	0	101	70	0	2
0	83	0	102	70	0	6
0	83	0	87	69	0	12
0	83	0	88	69	0	5
0	83	0	89	69	0	13
0	83	0	90	69	0	5
0	83	0	91	69	0	19
0	83	0	92	69	0	13
0	83	0	93	69	0	0
0	83	0	94	69	0	7
0	83	0	95	69	0	6
0	83	0	96	69	0	13
0	83	0	97	69	0	1
0	83	0	98	69	0	7
0	83	0	99	69	0	14
0	83	0	100	69	0	15
0	83	0	101	69	0	6
0	83	0	102	69	0	8
0	83	0	86	68	0	2
0	83	0	87	68	0	2
0	83	0	88	68	0	12
0	83	0	89	68	0	2
0	83	0	90	68	0	7
0	83	0	91	68	0	13
0	83	0	92	68	0	10
0	83	0	93	68	0	8
0	83	0	94	68	0	10
0	83	0	95	68	0	9
0	83	0	96	68	0	5
0	83	0	97	68	0	10
0	83	0	98	68	0	8
0	83	0	99	68	0	4
0	83	0	100	68	0	7
0	83	0	101	68	0	13
0	83	0	102	68	0	9
0	83	0	86	67	0	2
0	83	0	87	67	0	2
0	83	0	88	67	0	11
0	83	0	89	67	0	13
0	83	0	90	67	0	8
0	83	0	91	67	0	13
0	83	0	92	67	0	9
0	83	0	93	67	0	7
0	83	0	94	67	0	5
0	83	0	95	67	0	12
0	83	0	96	67	0	11
0	83	0	97	67	0	7
0	83	0	98	67	0	9
0	83	0	99	67	0	15
0	83	0	100	67	0	4
0	83	0	101	67	0	3
0	83	0	102	67	0	11
0	83	0	87	66	0	7
0	83	0	88	66	0	6
0	83	0	89	66	0	5
0	83	0	90	66	0	5
0	83	0	91	66	0	8
0	83	0	92	66	0	7
0	83	0	93	66	0	3
0	83	0	94	66	0	14
0	83	0	95	66	0	9
0	83	0	96	66	0	15
0	83	0	97	66	0	7
0	83	0	98	66	0	8
0	83	0	99	66	0	10
0	83	0	100	66	0	6
0	83	0	101	66	0	9
0	83	0	102	66	0	2
0	83	0	87	65	0	6
0	83	0	88	65	0	7
0	83	0	89	65	0	6
0	83	0	90	65	0	8
0	83	0	91	65	0	9
0	83	0	92	65	0	11
0	83	0	93	65	0	9
0	83	0	94	65	0	10
0	83	0	95	65	0	4
0	83	0	96	65	0	5
0	83	0	97	65	0	11
0	83	0	98	65	0	8
0	83	0	99	65	0	7
0	83	0	100	65	0	6
0	83	0	101	65	0	10
0	83	0	102	65	0	15
0	83	0	103	65	0	9
0	83	0	87	64	0	5
0	83	0	88	64	0	14
0	83	0	89	64	0	10
0	83	0	90	64	0	19
0	83	0	91	64	0	7
0	83	0	92	64	0	11
0	83	0	93	64	0	9
0	83	0	94	64	0	9
0	83	0	95	64	0	11
0	83	0	96	64	0	17
0	83	0	97	64	0	6
0	83	0	98	64	0	6
0	83	0	99	64	0	9
0	83	0	100	64	0	10
0	83	0	101	64	0	6
0	83	0	102	64	0	6
0	83	0	103	64	0	6
0	83	0	86	63	0	4
0	83	0	87	63	0	20
0	83	0	88	63	0	11
0	83	0	89	63	0	5
0	83	0	90	63	0	15
0	83	0	91	63	0	8
0	83	0	92	63	0	9
0	83	0	93	63	0	9
0	83	0	94	63	0	7
0	83	0	95	63	0	6
0	83	0	96	63	0	12
0	83	0	97	63	0	6
0	83	0	98	63	0	16
0	83	0	99	63	0	6
0	83	0	100	63	0	9
0	83	0	101	63	0	5
0	83	0	102	63	0	0
0	83	0	103	63	0	12
0	83	0	87	62	0	12
0	83	0	88	62	0	10
0	83	0	89	62	0	11
0	83	0	90	62	0	11
0	83	0	91	62	0	10
0	83	0	92	62	0	7
0	83	0	93	62	0	7
0	83	0	94	62	0	8
0	83	0	95	62	0	11
0	83	0	96	62	0	2
0	83	0	97	62	0	4
0	83	0	98	62	0	7
0	83	0	99	62	0	5
0	83	0	100	62	0	7
0	83	0	101	62	0	8
0	83	0	102	62	0	5
0	83	0	87	61	0	5
0	83	0	88	61	0	9
0	83	0	89	61	0	13
0	83	0	90	61	0	11
0	83	0	91	61	0	1
0	83	0	92	61	0	15
0	83	0	93	61	0	5
0	83	0	94	61	0	7
0	83	0	95	61	0	3
0	83	0	96	61	0	7
0	83	0	97	61	0	3
0	83	0	98	61	0	13
0	83	0	99	61	0	0
0	83	0	100	61	0	11
0	83	0	88	60	0	2
0	83	0	89	60	0	5
0	83	0	90	60	0	17
0	83	0	91	60	0	7
0	83	0	92	60	0	8
0	83	0	93	60	0	9
0	83	0	94	60	0	15
0	83	0	95	60	0	1
0	83	0	96	60	0	7
0	83	0	88	59	0	8
0	83	0	89	59	0	2
0	83	0	90	59	0	6
0	83	0	91	59	0	11
0	83	0	92	59	0	7
0	83	0	93	59	0	12
0	83	0	94	59	0	7
0	83	0	95	59	0	16
0	83	0	89	58	0	11
0	83	0	90	58	0	6
0	83	0	91	58	0	5
0	83	0	92	58	0	8
0	83	0	93	58	0	12
0	83	0	94	58	0	8
0	83	0	91	57	0	4
0	83	0	92	57	0	5
0	83	0	93	57	0	2
0	83	0	96	55	0	2
0	83	0	94	54	0	1
0	83	0	95	54	0	6
0	83	0	96	54	0	5
0	83	0	97	54	0	17
0	83	0	101	54	0	13
0	83	0	102	54	0	6
0	83	0	103	54	0	5
0	83	0	104	54	0	8
0	83	0	93	53	0	4
0	83	0	94	53	0	4
0	83	0	95	53	0	7
0	83	0	96	53	0	9
0	83	0	97	53	0	9
0	83	0	98	53	0	6
0	83	0	99	53	0	3
0	83	0	100	53	0	0
0	83	0	101	53	0	10
0	83	0	102	53	0	6
0	83	0	103	53	0	12
0	83	0	104	53	0	14
0	83	0	105	53	0	4
0	83	0	106	53	0	4
0	83	0	93	52	0	1
0	83	0	94	52	0	12
0	83	0	95	52	0	6
0	83	0	96	52	0	9
0	83	0	97	52	0	14
0	83	0	98	52	0	11
0	83	0	99	52	0	4
0	83	0	100	52	0	13
0	83	0	101	52	0	5
0	83	0	102	52	0	10
0	83	0	103	52	0	5
0	83	0	104	52	0	6
0	83	0	105	52	0	6
0	83	0	106	52	0	7
0	83	0	107	52	0	0
0	83	0	93	51	0	9
0	83	0	94	51	0	4
0	83	0	95	51	0	0
0	83	0	96	51	0	12
0	83	0	97	51	0	10
0	83	0	98	51	0	4
0	83	0	99	51	0	8
0	83	0	100	51	0	2
0	83	0	101	51	0	8
0	83	0	102	51	0	8
0	83	0	103	51	0	8
0	83	0	104	51	0	2
0	83	0	105	51	0	9
0	83	0	106	51	0	12
0	83	0	107	51	0	5
0	83	0	93	50	0	1
0	83	0	94	50	0	1
0	83	0	95	50	0	4
0	83	0	96	50	0	14
0	83	0	97	50	0	14
0	83	0	98	50	0	3
0	83	0	99	50	0	9
0	83	0	100	50	0	9
0	83	0	101	50	0	11
0	83	0	102	50	0	7
0	83	0	103	50	0	8
0	83	0	104	50	0	9
0	83	0	105	50	0	6
0	83	0	106	50	0	3
0	83	0	107	50	0	8
0	83	0	93	49	0	0
0	83	0	94	49	0	3
0	83	0	95	49	0	1
0	83	0	96	49	0	4
0	83	0	97	49	0	8
0	83	0	98	49	0	1
0	83	0	99	49	0	4
0	83	0	100	49	0	5
0	83	0	101	49	0	6
0	83	0	102	49	0	1
0	83	0	103	49	0	2
0	83	0	104	49	0	1
0	83	0	105	49	0	10
0	83	0	106	49	0	9
0	83	0	107	49	0	4
0	83	0	108	49	0	7
0	83	0	94	48	0	3
0	83	0	95	48	0	11
0	83	0	96	48	0	3
0	83	0	97	48	0	10
0	83	0	98	48	0	4
0	83	0	99	48	0	13
0	83	0	100	48	0	8
0	83	0	101	48	0	7
0	83	0	102	48	0	3
0	83	0	103	48	0	0
0	83	0	104	48	0	7
0	83	0	105	48	0	7
0	83	0	106	48	0	13
0	83	0	107	48	0	11
0	83	0	111	48	0	2
0	83	0	94	47	0	9
0	83	0	95	47	0	0
0	83	0	96	47	0	4
0	83	0	97	47	0	2
0	83	0	98	47	0	13
0	83	0	99	47	0	9
0	83	0	100	47	0	6
0	83	0	101	47	0	11
0	83	0	102	47	0	0
0	83	0	103	47	0	1
0	83	0	104	47	0	1
0	83	0	105	47	0	4
0	83	0	106	47	0	5
0	83	0	107	47	0	2
0	83	0	109	47	0	2
0	83	0	110	47	0	4
0	83	0	111	47	0	1
0	83	0	93	46	0	0
0	83	0	95	46	0	2
0	83	0	96	46	0	8
0	83	0	97	46	0	17
0	83	0	98	46	0	6
0	83	0	99	46	0	11
0	83	0	100	46	0	1
0	83	0	101	46	0	5
0	83	0	102	46	0	9
0	83	0	103	46	0	6
0	83	0	104	46	0	3
0	83	0	105	46	0	2
0	83	0	107	46	0	4
0	83	0	112	46	0	1
0	83	0	94	45	0	6
0	83	0	95	45	0	5
0	83	0	96	45	0	6
0	83	0	97	45	0	2
0	83	0	98	45	0	6
0	83	0	99	45	0	5
0	83	0	100	45	0	8
0	83	0	101	45	0	11
0	83	0	102	45	0	3
0	83	0	103	45	0	10
0	83	0	104	45	0	3
0	83	0	105	45	0	0
0	83	0	106	45	0	6
0	83	0	94	44	0	0
0	83	0	95	44	0	13
0	83	0	96	44	0	1
0	83	0	97	44	0	17
0	83	0	98	44	0	3
0	83	0	99	44	0	0
0	83	0	100	44	0	4
0	83	0	101	44	0	3
0	83	0	103	44	0	1
0	83	0	104	44	0	0
0	83	0	95	43	0	8
0	83	0	96	43	0	3
0	83	0	97	43	0	4
0	83	0	98	43	0	0
0	83	0	99	43	0	1
0	83	0	100	43	0	2
0	83	0	101	43	0	0
0	83	0	102	43	0	0
0	83	0	103	43	0	1
0	83	0	95	42	0	0
0	83	0	96	42	0	0
0	83	0	97	42	0	0
0	83	0	98	41	0	1
0	83	0	101	41	0	0
0	83	0	98	38	0	1
0	83	0	93	37	0	0
0	83	0	94	37	0	1
0	83	0	97	37	0	2
0	83	0	98	37	0	0
0	83	0	101	37	0	4
0	83	0	97	36	0	0
0	83	0	100	36	0	0
0	83	0	96	35	0	2
0	83	0	94	32	0	0
0	83	0	95	32	0	0
0	84	0	95	73	0	11
0	84	0	95	72	0	6
0	84	0	96	72	0	11
0	84	0	97	72	0	16
0	84	0	98	72	0	3
0	84	0	99	72	0	2
0	84	0	100	72	0	11
0	84	0	90	71	0	11
0	84	0	91	71	0	4
0	84	0	92	71	0	2
0	84	0	93	71	0	1
0	84	0	94	71	0	6
0	84	0	95	71	0	10
0	84	0	96	71	0	9
0	84	0	97	71	0	7
0	84	0	98	71	0	6
0	84	0	99	71	0	11
0	84	0	100	71	0	6
0	84	0	101	71	0	13
0	84	0	102	71	0	11
0	84	0	89	70	0	6
0	84	0	90	70	0	16
0	84	0	91	70	0	16
0	84	0	92	70	0	11
0	84	0	93	70	0	5
0	84	0	94	70	0	6
0	84	0	95	70	0	6
0	84	0	96	70	0	7
0	84	0	97	70	0	16
0	84	0	98	70	0	10
0	84	0	99	70	0	17
0	84	0	100	70	0	13
0	84	0	101	70	0	3
0	84	0	102	70	0	10
0	84	0	87	69	0	15
0	84	0	88	69	0	6
0	84	0	89	69	0	7
0	84	0	90	69	0	6
0	84	0	91	69	0	12
0	84	0	92	69	0	4
0	84	0	93	69	0	1
0	84	0	94	69	0	11
0	84	0	95	69	0	6
0	84	0	96	69	0	17
0	84	0	97	69	0	2
0	84	0	98	69	0	5
0	84	0	99	69	0	9
0	84	0	100	69	0	12
0	84	0	101	69	0	7
0	84	0	102	69	0	6
0	84	0	86	68	0	4
0	84	0	87	68	0	2
0	84	0	88	68	0	8
0	84	0	89	68	0	3
0	84	0	90	68	0	5
0	84	0	91	68	0	17
0	84	0	92	68	0	9
0	84	0	93	68	0	5
0	84	0	94	68	0	4
0	84	0	95	68	0	9
0	84	0	96	68	0	8
0	84	0	97	68	0	5
0	84	0	98	68	0	9
0	84	0	99	68	0	6
0	84	0	100	68	0	7
0	84	0	101	68	0	10
0	84	0	102	68	0	8
0	84	0	86	67	0	0
0	84	0	87	67	0	4
0	84	0	88	67	0	6
0	84	0	89	67	0	17
0	84	0	90	67	0	12
0	84	0	91	67	0	7
0	84	0	92	67	0	12
0	84	0	93	67	0	3
0	84	0	94	67	0	6
0	84	0	95	67	0	8
0	84	0	96	67	0	4
0	84	0	97	67	0	9
0	84	0	98	67	0	10
0	84	0	99	67	0	13
0	84	0	100	67	0	5
0	84	0	101	67	0	2
0	84	0	102	67	0	11
0	84	0	87	66	0	17
0	84	0	88	66	0	9
0	84	0	89	66	0	11
0	84	0	90	66	0	8
0	84	0	91	66	0	8
0	84	0	92	66	0	11
0	84	0	93	66	0	5
0	84	0	94	66	0	7
0	84	0	95	66	0	15
0	84	0	96	66	0	9
0	84	0	97	66	0	14
0	84	0	98	66	0	8
0	84	0	99	66	0	6
0	84	0	100	66	0	14
0	84	0	101	66	0	6
0	84	0	102	66	0	4
0	84	0	87	65	0	10
0	84	0	88	65	0	6
0	84	0	89	65	0	5
0	84	0	90	65	0	6
0	84	0	91	65	0	5
0	84	0	92	65	0	9
0	84	0	93	65	0	11
0	84	0	94	65	0	9
0	84	0	95	65	0	7
0	84	0	96	65	0	4
0	84	0	97	65	0	7
0	84	0	98	65	0	6
0	84	0	99	65	0	4
0	84	0	100	65	0	14
0	84	0	101	65	0	5
0	84	0	102	65	0	8
0	84	0	103	65	0	11
0	84	0	87	64	0	9
0	84	0	88	64	0	7
0	84	0	89	64	0	6
0	84	0	90	64	0	13
0	84	0	91	64	0	9
0	84	0	92	64	0	9
0	84	0	93	64	0	12
0	84	0	94	64	0	7
0	84	0	95	64	0	13
0	84	0	96	64	0	8
0	84	0	97	64	0	4
0	84	0	98	64	0	10
0	84	0	99	64	0	6
0	84	0	100	64	0	8
0	84	0	101	64	0	12
0	84	0	102	64	0	5
0	84	0	103	64	0	6
0	84	0	86	63	0	4
0	84	0	87	63	0	16
0	84	0	88	63	0	12
0	84	0	89	63	0	7
0	84	0	90	63	0	12
0	84	0	91	63	0	7
0	84	0	92	63	0	3
0	84	0	93	63	0	19
0	84	0	94	63	0	11
0	84	0	95	63	0	5
0	84	0	96	63	0	14
0	84	0	97	63	0	13
0	84	0	98	63	0	11
0	84	0	99	63	0	6
0	84	0	100	63	0	11
0	84	0	101	63	0	7
0	84	0	102	63	0	0
0	84	0	103	63	0	15
0	84	0	87	62	0	13
0	84	0	88	62	0	10
0	84	0	89	62	0	10
0	84	0	90	62	0	8
0	84	0	91	62	0	8
0	84	0	92	62	0	9
0	84	0	93	62	0	7
0	84	0	94	62	0	7
0	84	0	95	62	0	13
0	84	0	96	62	0	1
0	84	0	97	62	0	7
0	84	0	98	62	0	6
0	84	0	99	62	0	8
0	84	0	100	62	0	12
0	84	0	101	62	0	7
0	84	0	102	62	0	4
0	84	0	87	61	0	9
0	84	0	88	61	0	3
0	84	0	89	61	0	9
0	84	0	90	61	0	9
0	84	0	91	61	0	2
0	84	0	92	61	0	10
0	84	0	93	61	0	6
0	84	0	94	61	0	7
0	84	0	95	61	0	6
0	84	0	96	61	0	11
0	84	0	97	61	0	3
0	84	0	98	61	0	9
0	84	0	99	61	0	1
0	84	0	100	61	0	11
0	84	0	88	60	0	2
0	84	0	89	60	0	7
0	84	0	90	60	0	10
0	84	0	91	60	0	10
0	84	0	92	60	0	10
0	84	0	93	60	0	8
0	84	0	94	60	0	16
0	84	0	95	60	0	0
0	84	0	96	60	0	7
0	84	0	88	59	0	15
0	84	0	89	59	0	2
0	84	0	90	59	0	8
0	84	0	91	59	0	8
0	84	0	92	59	0	5
0	84	0	93	59	0	12
0	84	0	94	59	0	7
0	84	0	95	59	0	8
0	84	0	89	58	0	15
0	84	0	90	58	0	4
0	84	0	91	58	0	5
0	84	0	92	58	0	6
0	84	0	93	58	0	9
0	84	0	94	58	0	3
0	84	0	91	57	0	1
0	84	0	92	57	0	5
0	84	0	93	57	0	3
0	84	0	96	55	0	2
0	84	0	94	54	0	1
0	84	0	95	54	0	5
0	84	0	96	54	0	4
0	84	0	97	54	0	13
0	84	0	101	54	0	10
0	84	0	102	54	0	3
0	84	0	103	54	0	8
0	84	0	104	54	0	9
0	84	0	93	53	0	3
0	84	0	94	53	0	5
0	84	0	95	53	0	7
0	84	0	96	53	0	13
0	84	0	97	53	0	5
0	84	0	98	53	0	8
0	84	0	99	53	0	3
0	84	0	100	53	0	0
0	84	0	101	53	0	6
0	84	0	102	53	0	7
0	84	0	103	53	0	5
0	84	0	104	53	0	14
0	84	0	105	53	0	7
0	84	0	106	53	0	3
0	84	0	93	52	0	5
0	84	0	94	52	0	12
0	84	0	95	52	0	7
0	84	0	96	52	0	8
0	84	0	97	52	0	7
0	84	0	98	52	0	9
0	84	0	99	52	0	5
0	84	0	100	52	0	9
0	84	0	101	52	0	10
0	84	0	102	52	0	7
0	84	0	103	52	0	1
0	84	0	104	52	0	4
0	84	0	105	52	0	7
0	84	0	106	52	0	9
0	84	0	107	52	0	0
0	84	0	93	51	0	7
0	84	0	94	51	0	4
0	84	0	95	51	0	1
0	84	0	96	51	0	11
0	84	0	97	51	0	9
0	84	0	98	51	0	10
0	84	0	99	51	0	11
0	84	0	100	51	0	4
0	84	0	101	51	0	9
0	84	0	102	51	0	2
0	84	0	103	51	0	6
0	84	0	104	51	0	6
0	84	0	105	51	0	9
0	84	0	106	51	0	10
0	84	0	107	51	0	8
0	84	0	93	50	0	4
0	84	0	94	50	0	2
0	84	0	95	50	0	3
0	84	0	96	50	0	8
0	84	0	97	50	0	12
0	84	0	98	50	0	5
0	84	0	99	50	0	11
0	84	0	100	50	0	7
0	84	0	101	50	0	14
0	84	0	102	50	0	7
0	84	0	103	50	0	9
0	84	0	104	50	0	12
0	84	0	105	50	0	6
0	84	0	106	50	0	5
0	84	0	107	50	0	4
0	84	0	93	49	0	0
0	84	0	94	49	0	6
0	84	0	95	49	0	2
0	84	0	96	49	0	4
0	84	0	97	49	0	16
0	84	0	98	49	0	1
0	84	0	99	49	0	4
0	84	0	100	49	0	10
0	84	0	101	49	0	4
0	84	0	102	49	0	4
0	84	0	103	49	0	6
0	84	0	104	49	0	1
0	84	0	105	49	0	6
0	84	0	106	49	0	7
0	84	0	107	49	0	3
0	84	0	108	49	0	5
0	84	0	94	48	0	2
0	84	0	95	48	0	5
0	84	0	96	48	0	4
0	84	0	97	48	0	9
0	84	0	98	48	0	3
0	84	0	99	48	0	6
0	84	0	100	48	0	8
0	84	0	101	48	0	5
0	84	0	102	48	0	6
0	84	0	103	48	0	0
0	84	0	104	48	0	3
0	84	0	105	48	0	6
0	84	0	106	48	0	8
0	84	0	107	48	0	7
0	84	0	110	48	0	2
0	84	0	111	48	0	0
0	84	0	94	47	0	12
0	84	0	95	47	0	0
0	84	0	96	47	0	6
0	84	0	97	47	0	1
0	84	0	98	47	0	12
0	84	0	99	47	0	9
0	84	0	100	47	0	9
0	84	0	101	47	0	16
0	84	0	102	47	0	1
0	84	0	103	47	0	1
0	84	0	104	47	0	3
0	84	0	105	47	0	6
0	84	0	106	47	0	8
0	84	0	107	47	0	4
0	84	0	109	47	0	1
0	84	0	110	47	0	5
0	84	0	111	47	0	1
0	84	0	93	46	0	1
0	84	0	95	46	0	3
0	84	0	96	46	0	8
0	84	0	97	46	0	12
0	84	0	98	46	0	7
0	84	0	99	46	0	3
0	84	0	100	46	0	4
0	84	0	101	46	0	6
0	84	0	102	46	0	8
0	84	0	103	46	0	5
0	84	0	104	46	0	4
0	84	0	105	46	0	6
0	84	0	107	46	0	10
0	84	0	112	46	0	1
0	84	0	93	45	0	1
0	84	0	94	45	0	8
0	84	0	95	45	0	4
0	84	0	96	45	0	4
0	84	0	97	45	0	0
0	84	0	98	45	0	8
0	84	0	99	45	0	6
0	84	0	100	45	0	10
0	84	0	101	45	0	13
0	84	0	102	45	0	4
0	84	0	103	45	0	14
0	84	0	104	45	0	3
0	84	0	105	45	0	0
0	84	0	106	45	0	12
0	84	0	94	44	0	0
0	84	0	95	44	0	4
0	84	0	96	44	0	1
0	84	0	97	44	0	12
0	84	0	98	44	0	5
0	84	0	99	44	0	0
0	84	0	100	44	0	0
0	84	0	101	44	0	5
0	84	0	102	44	0	2
0	84	0	103	44	0	1
0	84	0	104	44	0	0
0	84	0	95	43	0	7
0	84	0	96	43	0	3
0	84	0	97	43	0	5
0	84	0	98	43	0	0
0	84	0	99	43	0	0
0	84	0	100	43	0	2
0	84	0	101	43	0	0
0	84	0	102	43	0	0
0	84	0	103	43	0	1
0	84	0	95	42	0	0
0	84	0	96	42	0	0
0	84	0	97	42	0	1
0	84	0	95	41	0	1
0	84	0	98	41	0	0
0	84	0	101	41	0	0
0	84	0	98	38	0	0
0	84	0	93	37	0	0
0	84	0	94	37	0	0
0	84	0	97	37	0	4
0	84	0	98	37	0	0
0	84	0	101	37	0	1
0	84	0	97	36	0	0
0	84	0	100	36	0	0
0	84	0	96	35	0	2
0	84	0	94	32	0	0
0	84	0	95	32	0	0
0	85	0	95	73	0	16
0	85	0	95	72	0	8
0	85	0	96	72	0	11
0	85	0	97	72	0	9
0	85	0	98	72	0	7
0	85	0	99	72	0	5
0	85	0	100	72	0	7
0	85	0	90	71	0	9
0	85	0	91	71	0	7
0	85	0	92	71	0	2
0	85	0	93	71	0	4
0	85	0	94	71	0	10
0	85	0	95	71	0	9
0	85	0	96	71	0	9
0	85	0	97	71	0	8
0	85	0	98	71	0	7
0	85	0	99	71	0	7
0	85	0	100	71	0	9
0	85	0	101	71	0	9
0	85	0	102	71	0	15
0	85	0	89	70	0	14
0	85	0	90	70	0	13
0	85	0	91	70	0	15
0	85	0	92	70	0	11
0	85	0	93	70	0	9
0	85	0	94	70	0	9
0	85	0	95	70	0	6
0	85	0	96	70	0	11
0	85	0	97	70	0	12
0	85	0	98	70	0	12
0	85	0	99	70	0	11
0	85	0	100	70	0	11
0	85	0	101	70	0	5
0	85	0	102	70	0	8
0	85	0	87	69	0	8
0	85	0	88	69	0	8
0	85	0	89	69	0	8
0	85	0	90	69	0	3
0	85	0	91	69	0	6
0	85	0	92	69	0	4
0	85	0	93	69	0	2
0	85	0	94	69	0	14
0	85	0	95	69	0	5
0	85	0	96	69	0	13
0	85	0	97	69	0	2
0	85	0	98	69	0	9
0	85	0	99	69	0	6
0	85	0	100	69	0	5
0	85	0	101	69	0	4
0	85	0	102	69	0	7
0	85	0	86	68	0	4
0	85	0	87	68	0	2
0	85	0	88	68	0	6
0	85	0	89	68	0	5
0	85	0	90	68	0	10
0	85	0	91	68	0	21
0	85	0	92	68	0	9
0	85	0	93	68	0	3
0	85	0	94	68	0	5
0	85	0	95	68	0	7
0	85	0	96	68	0	11
0	85	0	97	68	0	6
0	85	0	98	68	0	8
0	85	0	99	68	0	6
0	85	0	100	68	0	3
0	85	0	101	68	0	9
0	85	0	102	68	0	10
0	85	0	86	67	0	0
0	85	0	87	67	0	6
0	85	0	88	67	0	4
0	85	0	89	67	0	7
0	85	0	90	67	0	14
0	85	0	91	67	0	9
0	85	0	92	67	0	8
0	85	0	93	67	0	4
0	85	0	94	67	0	13
0	85	0	95	67	0	5
0	85	0	96	67	0	5
0	85	0	97	67	0	4
0	85	0	98	67	0	10
0	85	0	99	67	0	6
0	85	0	100	67	0	4
0	85	0	101	67	0	3
0	85	0	102	67	0	7
0	85	0	87	66	0	12
0	85	0	88	66	0	5
0	85	0	89	66	0	12
0	85	0	90	66	0	5
0	85	0	91	66	0	4
0	85	0	92	66	0	12
0	85	0	93	66	0	6
0	85	0	94	66	0	11
0	85	0	95	66	0	17
0	85	0	96	66	0	11
0	85	0	97	66	0	16
0	85	0	98	66	0	8
0	85	0	99	66	0	5
0	85	0	100	66	0	10
0	85	0	101	66	0	10
0	85	0	102	66	0	5
0	85	0	87	65	0	12
0	85	0	88	65	0	7
0	85	0	89	65	0	4
0	85	0	90	65	0	4
0	85	0	91	65	0	10
0	85	0	92	65	0	11
0	85	0	93	65	0	15
0	85	0	94	65	0	11
0	85	0	95	65	0	6
0	85	0	96	65	0	3
0	85	0	97	65	0	4
0	85	0	98	65	0	6
0	85	0	99	65	0	8
0	85	0	100	65	0	7
0	85	0	101	65	0	5
0	85	0	102	65	0	7
0	85	0	103	65	0	8
0	85	0	87	64	0	7
0	85	0	88	64	0	8
0	85	0	89	64	0	9
0	85	0	90	64	0	14
0	85	0	91	64	0	9
0	85	0	92	64	0	11
0	85	0	93	64	0	14
0	85	0	94	64	0	9
0	85	0	95	64	0	10
0	85	0	96	64	0	9
0	85	0	97	64	0	5
0	85	0	98	64	0	9
0	85	0	99	64	0	10
0	85	0	100	64	0	12
0	85	0	101	64	0	7
0	85	0	102	64	0	5
0	85	0	103	64	0	10
0	85	0	86	63	0	2
0	85	0	87	63	0	12
0	85	0	88	63	0	10
0	85	0	89	63	0	15
0	85	0	90	63	0	13
0	85	0	91	63	0	4
0	85	0	92	63	0	1
0	85	0	93	63	0	16
0	85	0	94	63	0	10
0	85	0	95	63	0	4
0	85	0	96	63	0	10
0	85	0	97	63	0	11
0	85	0	98	63	0	14
0	85	0	99	63	0	4
0	85	0	100	63	0	9
0	85	0	101	63	0	10
0	85	0	102	63	0	1
0	85	0	103	63	0	20
0	85	0	87	62	0	22
0	85	0	88	62	0	12
0	85	0	89	62	0	5
0	85	0	90	62	0	7
0	85	0	91	62	0	11
0	85	0	92	62	0	10
0	85	0	93	62	0	6
0	85	0	94	62	0	14
0	85	0	95	62	0	11
0	85	0	96	62	0	2
0	85	0	97	62	0	5
0	85	0	98	62	0	5
0	85	0	99	62	0	7
0	85	0	100	62	0	9
0	85	0	101	62	0	9
0	85	0	102	62	0	5
0	85	0	87	61	0	8
0	85	0	88	61	0	6
0	85	0	89	61	0	18
0	85	0	90	61	0	5
0	85	0	91	61	0	4
0	85	0	92	61	0	7
0	85	0	93	61	0	5
0	85	0	94	61	0	6
0	85	0	95	61	0	6
0	85	0	96	61	0	6
0	85	0	97	61	0	3
0	85	0	98	61	0	7
0	85	0	99	61	0	3
0	85	0	100	61	0	6
0	85	0	88	60	0	4
0	85	0	89	60	0	14
0	85	0	90	60	0	8
0	85	0	91	60	0	7
0	85	0	92	60	0	13
0	85	0	93	60	0	7
0	85	0	94	60	0	13
0	85	0	95	60	0	1
0	85	0	96	60	0	10
0	85	0	88	59	0	12
0	85	0	89	59	0	2
0	85	0	90	59	0	6
0	85	0	91	59	0	10
0	85	0	92	59	0	4
0	85	0	93	59	0	20
0	85	0	94	59	0	6
0	85	0	95	59	0	3
0	85	0	89	58	0	12
0	85	0	90	58	0	3
0	85	0	91	58	0	10
0	85	0	92	58	0	9
0	85	0	93	58	0	7
0	85	0	94	58	0	3
0	85	0	91	57	0	1
0	85	0	92	57	0	9
0	85	0	93	57	0	2
0	85	0	96	55	0	3
0	85	0	94	54	0	1
0	85	0	95	54	0	5
0	85	0	96	54	0	2
0	85	0	97	54	0	14
0	85	0	101	54	0	12
0	85	0	102	54	0	1
0	85	0	103	54	0	8
0	85	0	104	54	0	7
0	85	0	93	53	0	3
0	85	0	94	53	0	5
0	85	0	95	53	0	9
0	85	0	96	53	0	10
0	85	0	97	53	0	9
0	85	0	98	53	0	8
0	85	0	99	53	0	3
0	85	0	100	53	0	0
0	85	0	101	53	0	13
0	85	0	102	53	0	12
0	85	0	103	53	0	7
0	85	0	104	53	0	15
0	85	0	105	53	0	5
0	85	0	106	53	0	5
0	85	0	93	52	0	4
0	85	0	94	52	0	17
0	85	0	95	52	0	5
0	85	0	96	52	0	6
0	85	0	97	52	0	10
0	85	0	98	52	0	12
0	85	0	99	52	0	8
0	85	0	100	52	0	18
0	85	0	101	52	0	11
0	85	0	102	52	0	7
0	85	0	103	52	0	2
0	85	0	104	52	0	1
0	85	0	105	52	0	8
0	85	0	106	52	0	9
0	85	0	107	52	0	0
0	85	0	93	51	0	6
0	85	0	94	51	0	8
0	85	0	95	51	0	0
0	85	0	96	51	0	5
0	85	0	97	51	0	9
0	85	0	98	51	0	8
0	85	0	99	51	0	14
0	85	0	100	51	0	4
0	85	0	101	51	0	15
0	85	0	102	51	0	12
0	85	0	103	51	0	5
0	85	0	104	51	0	4
0	85	0	105	51	0	13
0	85	0	106	51	0	13
0	85	0	107	51	0	14
0	85	0	93	50	0	4
0	85	0	94	50	0	4
0	85	0	95	50	0	3
0	85	0	96	50	0	10
0	85	0	97	50	0	14
0	85	0	98	50	0	1
0	85	0	99	50	0	6
0	85	0	100	50	0	6
0	85	0	101	50	0	9
0	85	0	102	50	0	5
0	85	0	103	50	0	13
0	85	0	104	50	0	10
0	85	0	105	50	0	7
0	85	0	106	50	0	4
0	85	0	107	50	0	3
0	85	0	93	49	0	0
0	85	0	94	49	0	8
0	85	0	95	49	0	2
0	85	0	96	49	0	4
0	85	0	97	49	0	13
0	85	0	98	49	0	1
0	85	0	99	49	0	10
0	85	0	100	49	0	8
0	85	0	101	49	0	5
0	85	0	102	49	0	10
0	85	0	103	49	0	4
0	85	0	104	49	0	0
0	85	0	105	49	0	5
0	85	0	106	49	0	12
0	85	0	107	49	0	2
0	85	0	108	49	0	6
0	85	0	94	48	0	1
0	85	0	95	48	0	8
0	85	0	96	48	0	5
0	85	0	97	48	0	8
0	85	0	98	48	0	6
0	85	0	99	48	0	8
0	85	0	100	48	0	4
0	85	0	101	48	0	9
0	85	0	102	48	0	7
0	85	0	103	48	0	0
0	85	0	104	48	0	3
0	85	0	105	48	0	5
0	85	0	106	48	0	7
0	85	0	107	48	0	8
0	85	0	110	48	0	2
0	85	0	111	48	0	0
0	85	0	94	47	0	8
0	85	0	95	47	0	0
0	85	0	96	47	0	5
0	85	0	97	47	0	2
0	85	0	98	47	0	13
0	85	0	99	47	0	18
0	85	0	100	47	0	6
0	85	0	101	47	0	10
0	85	0	102	47	0	5
0	85	0	103	47	0	2
0	85	0	104	47	0	2
0	85	0	105	47	0	9
0	85	0	106	47	0	8
0	85	0	107	47	0	4
0	85	0	109	47	0	2
0	85	0	110	47	0	8
0	85	0	111	47	0	0
0	85	0	93	46	0	3
0	85	0	95	46	0	7
0	85	0	96	46	0	7
0	85	0	97	46	0	16
0	85	0	98	46	0	8
0	85	0	99	46	0	7
0	85	0	100	46	0	4
0	85	0	101	46	0	6
0	85	0	102	46	0	9
0	85	0	103	46	0	5
0	85	0	104	46	0	9
0	85	0	105	46	0	8
0	85	0	107	46	0	13
0	85	0	112	46	0	2
0	85	0	93	45	0	0
0	85	0	94	45	0	7
0	85	0	95	45	0	8
0	85	0	96	45	0	6
0	85	0	97	45	0	0
0	85	0	98	45	0	8
0	85	0	99	45	0	3
0	85	0	100	45	0	14
0	85	0	101	45	0	11
0	85	0	102	45	0	3
0	85	0	103	45	0	16
0	85	0	104	45	0	1
0	85	0	105	45	0	0
0	85	0	106	45	0	11
0	85	0	94	44	0	0
0	85	0	95	44	0	2
0	85	0	96	44	0	1
0	85	0	97	44	0	16
0	85	0	98	44	0	6
0	85	0	99	44	0	2
0	85	0	100	44	0	1
0	85	0	101	44	0	7
0	85	0	102	44	0	2
0	85	0	103	44	0	2
0	85	0	104	44	0	0
0	85	0	95	43	0	10
0	85	0	96	43	0	4
0	85	0	97	43	0	6
0	85	0	98	43	0	0
0	85	0	99	43	0	0
0	85	0	100	43	0	2
0	85	0	101	43	0	0
0	85	0	102	43	0	0
0	85	0	103	43	0	2
0	85	0	95	42	0	0
0	85	0	96	42	0	0
0	85	0	97	42	0	2
0	85	0	101	42	0	1
0	85	0	95	41	0	0
0	85	0	98	41	0	1
0	85	0	101	41	0	0
0	85	0	97	38	0	1
0	85	0	98	38	0	0
0	85	0	93	37	0	0
0	85	0	94	37	0	0
0	85	0	97	37	0	6
0	85	0	98	37	0	0
0	85	0	101	37	0	2
0	85	0	93	36	0	1
0	85	0	97	36	0	0
0	85	0	100	36	0	0
0	85	0	96	35	0	4
0	85	0	94	32	0	0
0	85	0	95	32	0	0
0	86	0	95	73	0	14
0	86	0	95	72	0	2
0	86	0	96	72	0	5
0	86	0	97	72	0	4
0	86	0	98	72	0	8
0	86	0	99	72	0	6
0	86	0	100	72	0	7
0	86	0	90	71	0	9
0	86	0	91	71	0	10
0	86	0	92	71	0	4
0	86	0	93	71	0	3
0	86	0	94	71	0	17
0	86	0	95	71	0	9
0	86	0	96	71	0	11
0	86	0	97	71	0	9
0	86	0	98	71	0	7
0	86	0	99	71	0	8
0	86	0	100	71	0	10
0	86	0	101	71	0	12
0	86	0	102	71	0	16
0	86	0	89	70	0	12
0	86	0	90	70	0	13
0	86	0	91	70	0	16
0	86	0	92	70	0	16
0	86	0	93	70	0	9
0	86	0	94	70	0	8
0	86	0	95	70	0	12
0	86	0	96	70	0	9
0	86	0	97	70	0	10
0	86	0	98	70	0	11
0	86	0	99	70	0	14
0	86	0	100	70	0	13
0	86	0	101	70	0	7
0	86	0	102	70	0	12
0	86	0	87	69	0	4
0	86	0	88	69	0	9
0	86	0	89	69	0	2
0	86	0	90	69	0	6
0	86	0	91	69	0	6
0	86	0	92	69	0	8
0	86	0	93	69	0	3
0	86	0	94	69	0	11
0	86	0	95	69	0	6
0	86	0	96	69	0	13
0	86	0	97	69	0	2
0	86	0	98	69	0	3
0	86	0	99	69	0	8
0	86	0	100	69	0	5
0	86	0	101	69	0	1
0	86	0	102	69	0	6
0	86	0	86	68	0	4
0	86	0	87	68	0	3
0	86	0	88	68	0	7
0	86	0	89	68	0	5
0	86	0	90	68	0	11
0	86	0	91	68	0	14
0	86	0	92	68	0	7
0	86	0	93	68	0	3
0	86	0	94	68	0	6
0	86	0	95	68	0	6
0	86	0	96	68	0	12
0	86	0	97	68	0	2
0	86	0	98	68	0	5
0	86	0	99	68	0	6
0	86	0	100	68	0	4
0	86	0	101	68	0	11
0	86	0	102	68	0	11
0	86	0	86	67	0	0
0	86	0	87	67	0	4
0	86	0	88	67	0	7
0	86	0	89	67	0	5
0	86	0	90	67	0	16
0	86	0	91	67	0	8
0	86	0	92	67	0	8
0	86	0	93	67	0	7
0	86	0	94	67	0	13
0	86	0	95	67	0	6
0	86	0	96	67	0	11
0	86	0	97	67	0	8
0	86	0	98	67	0	5
0	86	0	99	67	0	4
0	86	0	100	67	0	11
0	86	0	101	67	0	0
0	86	0	102	67	0	10
0	86	0	87	66	0	9
0	86	0	88	66	0	5
0	86	0	89	66	0	7
0	86	0	90	66	0	8
0	86	0	91	66	0	4
0	86	0	92	66	0	12
0	86	0	93	66	0	8
0	86	0	94	66	0	9
0	86	0	95	66	0	18
0	86	0	96	66	0	10
0	86	0	97	66	0	13
0	86	0	98	66	0	6
0	86	0	99	66	0	2
0	86	0	100	66	0	9
0	86	0	101	66	0	8
0	86	0	102	66	0	6
0	86	0	87	65	0	17
0	86	0	88	65	0	3
0	86	0	89	65	0	6
0	86	0	90	65	0	4
0	86	0	91	65	0	10
0	86	0	92	65	0	15
0	86	0	93	65	0	16
0	86	0	94	65	0	9
0	86	0	95	65	0	6
0	86	0	96	65	0	4
0	86	0	97	65	0	5
0	86	0	98	65	0	7
0	86	0	99	65	0	13
0	86	0	100	65	0	9
0	86	0	101	65	0	5
0	86	0	102	65	0	6
0	86	0	103	65	0	8
0	86	0	87	64	0	9
0	86	0	88	64	0	7
0	86	0	89	64	0	13
0	86	0	90	64	0	12
0	86	0	91	64	0	11
0	86	0	92	64	0	12
0	86	0	93	64	0	16
0	86	0	94	64	0	8
0	86	0	95	64	0	12
0	86	0	96	64	0	8
0	86	0	97	64	0	6
0	86	0	98	64	0	6
0	86	0	99	64	0	10
0	86	0	100	64	0	13
0	86	0	101	64	0	11
0	86	0	102	64	0	5
0	86	0	103	64	0	11
0	86	0	86	63	0	5
0	86	0	87	63	0	10
0	86	0	88	63	0	8
0	86	0	89	63	0	13
0	86	0	90	63	0	15
0	86	0	91	63	0	3
0	86	0	92	63	0	1
0	86	0	93	63	0	13
0	86	0	94	63	0	9
0	86	0	95	63	0	4
0	86	0	96	63	0	10
0	86	0	97	63	0	13
0	86	0	98	63	0	11
0	86	0	99	63	0	5
0	86	0	100	63	0	6
0	86	0	101	63	0	8
0	86	0	102	63	0	0
0	86	0	103	63	0	14
0	86	0	87	62	0	19
0	86	0	88	62	0	11
0	86	0	89	62	0	7
0	86	0	90	62	0	7
0	86	0	91	62	0	8
0	86	0	92	62	0	5
0	86	0	93	62	0	10
0	86	0	94	62	0	9
0	86	0	95	62	0	11
0	86	0	96	62	0	2
0	86	0	97	62	0	5
0	86	0	98	62	0	3
0	86	0	99	62	0	11
0	86	0	100	62	0	14
0	86	0	101	62	0	7
0	86	0	102	62	0	4
0	86	0	87	61	0	5
0	86	0	88	61	0	5
0	86	0	89	61	0	15
0	86	0	90	61	0	5
0	86	0	91	61	0	5
0	86	0	92	61	0	8
0	86	0	93	61	0	11
0	86	0	94	61	0	4
0	86	0	95	61	0	5
0	86	0	96	61	0	2
0	86	0	97	61	0	1
0	86	0	98	61	0	8
0	86	0	99	61	0	6
0	86	0	100	61	0	5
0	86	0	88	60	0	5
0	86	0	89	60	0	19
0	86	0	90	60	0	7
0	86	0	91	60	0	4
0	86	0	92	60	0	15
0	86	0	93	60	0	5
0	86	0	94	60	0	13
0	86	0	95	60	0	2
0	86	0	96	60	0	9
0	86	0	88	59	0	5
0	86	0	89	59	0	4
0	86	0	90	59	0	4
0	86	0	91	59	0	11
0	86	0	92	59	0	6
0	86	0	93	59	0	8
0	86	0	94	59	0	9
0	86	0	95	59	0	6
0	86	0	89	58	0	16
0	86	0	90	58	0	4
0	86	0	91	58	0	12
0	86	0	92	58	0	9
0	86	0	93	58	0	6
0	86	0	94	58	0	5
0	86	0	91	57	0	1
0	86	0	92	57	0	5
0	86	0	93	57	0	3
0	86	0	96	55	0	4
0	86	0	94	54	0	2
0	86	0	95	54	0	4
0	86	0	96	54	0	4
0	86	0	97	54	0	12
0	86	0	101	54	0	9
0	86	0	102	54	0	2
0	86	0	103	54	0	9
0	86	0	104	54	0	6
0	86	0	93	53	0	5
0	86	0	94	53	0	9
0	86	0	95	53	0	10
0	86	0	96	53	0	5
0	86	0	97	53	0	10
0	86	0	98	53	0	2
0	86	0	99	53	0	1
0	86	0	100	53	0	0
0	86	0	101	53	0	12
0	86	0	102	53	0	10
0	86	0	103	53	0	9
0	86	0	104	53	0	15
0	86	0	105	53	0	6
0	86	0	106	53	0	5
0	86	0	93	52	0	9
0	86	0	94	52	0	16
0	86	0	95	52	0	4
0	86	0	96	52	0	9
0	86	0	97	52	0	9
0	86	0	98	52	0	10
0	86	0	99	52	0	9
0	86	0	100	52	0	15
0	86	0	101	52	0	10
0	86	0	102	52	0	7
0	86	0	103	52	0	2
0	86	0	104	52	0	1
0	86	0	105	52	0	7
0	86	0	106	52	0	11
0	86	0	107	52	0	0
0	86	0	93	51	0	6
0	86	0	94	51	0	9
0	86	0	95	51	0	3
0	86	0	96	51	0	12
0	86	0	97	51	0	13
0	86	0	98	51	0	8
0	86	0	99	51	0	14
0	86	0	100	51	0	4
0	86	0	101	51	0	20
0	86	0	102	51	0	10
0	86	0	103	51	0	3
0	86	0	104	51	0	8
0	86	0	105	51	0	14
0	86	0	106	51	0	15
0	86	0	107	51	0	9
0	86	0	93	50	0	3
0	86	0	94	50	0	2
0	86	0	95	50	0	5
0	86	0	96	50	0	14
0	86	0	97	50	0	13
0	86	0	98	50	0	2
0	86	0	99	50	0	5
0	86	0	100	50	0	9
0	86	0	101	50	0	12
0	86	0	102	50	0	3
0	86	0	103	50	0	13
0	86	0	104	50	0	8
0	86	0	105	50	0	7
0	86	0	106	50	0	2
0	86	0	107	50	0	0
0	86	0	93	49	0	0
0	86	0	94	49	0	11
0	86	0	95	49	0	4
0	86	0	96	49	0	3
0	86	0	97	49	0	14
0	86	0	98	49	0	1
0	86	0	99	49	0	10
0	86	0	100	49	0	6
0	86	0	101	49	0	4
0	86	0	102	49	0	12
0	86	0	103	49	0	5
0	86	0	104	49	0	0
0	86	0	105	49	0	10
0	86	0	106	49	0	7
0	86	0	107	49	0	1
0	86	0	108	49	0	9
0	86	0	94	48	0	1
0	86	0	95	48	0	8
0	86	0	96	48	0	4
0	86	0	97	48	0	4
0	86	0	98	48	0	5
0	86	0	99	48	0	8
0	86	0	100	48	0	1
0	86	0	101	48	0	9
0	86	0	102	48	0	8
0	86	0	103	48	0	0
0	86	0	104	48	0	5
0	86	0	105	48	0	9
0	86	0	106	48	0	8
0	86	0	107	48	0	11
0	86	0	110	48	0	1
0	86	0	111	48	0	0
0	86	0	94	47	0	7
0	86	0	95	47	0	1
0	86	0	96	47	0	7
0	86	0	97	47	0	2
0	86	0	98	47	0	14
0	86	0	99	47	0	24
0	86	0	100	47	0	9
0	86	0	101	47	0	8
0	86	0	102	47	0	5
0	86	0	103	47	0	4
0	86	0	104	47	0	4
0	86	0	105	47	0	6
0	86	0	106	47	0	4
0	86	0	107	47	0	4
0	86	0	109	47	0	4
0	86	0	110	47	0	7
0	86	0	111	47	0	0
0	86	0	93	46	0	3
0	86	0	95	46	0	8
0	86	0	96	46	0	8
0	86	0	97	46	0	12
0	86	0	98	46	0	8
0	86	0	99	46	0	11
0	86	0	100	46	0	6
0	86	0	101	46	0	9
0	86	0	102	46	0	16
0	86	0	103	46	0	4
0	86	0	104	46	0	7
0	86	0	105	46	0	7
0	86	0	106	46	0	1
0	86	0	107	46	0	10
0	86	0	112	46	0	3
0	86	0	114	46	0	1
0	86	0	93	45	0	0
0	86	0	94	45	0	5
0	86	0	95	45	0	9
0	86	0	96	45	0	9
0	86	0	97	45	0	1
0	86	0	98	45	0	10
0	86	0	99	45	0	2
0	86	0	100	45	0	3
0	86	0	101	45	0	13
0	86	0	102	45	0	5
0	86	0	103	45	0	12
0	86	0	104	45	0	2
0	86	0	105	45	0	0
0	86	0	106	45	0	12
0	86	0	94	44	0	0
0	86	0	95	44	0	2
0	86	0	96	44	0	1
0	86	0	97	44	0	22
0	86	0	98	44	0	6
0	86	0	99	44	0	0
0	86	0	100	44	0	4
0	86	0	101	44	0	14
0	86	0	102	44	0	4
0	86	0	103	44	0	2
0	86	0	104	44	0	0
0	86	0	95	43	0	4
0	86	0	96	43	0	4
0	86	0	97	43	0	6
0	86	0	98	43	0	0
0	86	0	99	43	0	2
0	86	0	100	43	0	2
0	86	0	101	43	0	0
0	86	0	102	43	0	0
0	86	0	103	43	0	2
0	86	0	95	42	0	0
0	86	0	96	42	0	1
0	86	0	97	42	0	5
0	86	0	99	42	0	1
0	86	0	101	42	0	4
0	86	0	95	41	0	0
0	86	0	97	41	0	1
0	86	0	98	41	0	1
0	86	0	97	38	0	1
0	86	0	98	38	0	0
0	86	0	93	37	0	0
0	86	0	94	37	0	0
0	86	0	95	37	0	1
0	86	0	97	37	0	4
0	86	0	98	37	0	0
0	86	0	101	37	0	3
0	86	0	93	36	0	2
0	86	0	97	36	0	1
0	86	0	100	36	0	0
0	86	0	96	35	0	7
0	86	0	94	32	0	0
0	86	0	95	32	0	0
0	87	0	95	73	0	15
0	87	0	95	72	0	4
0	87	0	96	72	0	11
0	87	0	97	72	0	3
0	87	0	98	72	0	5
0	87	0	99	72	0	10
0	87	0	100	72	0	3
0	87	0	90	71	0	19
0	87	0	91	71	0	7
0	87	0	92	71	0	3
0	87	0	93	71	0	5
0	87	0	94	71	0	9
0	87	0	95	71	0	10
0	87	0	96	71	0	16
0	87	0	97	71	0	8
0	87	0	98	71	0	12
0	87	0	99	71	0	7
0	87	0	100	71	0	9
0	87	0	101	71	0	7
0	87	0	102	71	0	5
0	87	0	89	70	0	5
0	87	0	90	70	0	14
0	87	0	91	70	0	14
0	87	0	92	70	0	12
0	87	0	93	70	0	5
0	87	0	94	70	0	6
0	87	0	95	70	0	14
0	87	0	96	70	0	9
0	87	0	97	70	0	9
0	87	0	98	70	0	7
0	87	0	99	70	0	13
0	87	0	100	70	0	18
0	87	0	101	70	0	8
0	87	0	102	70	0	9
0	87	0	87	69	0	3
0	87	0	88	69	0	10
0	87	0	89	69	0	3
0	87	0	90	69	0	6
0	87	0	91	69	0	8
0	87	0	92	69	0	6
0	87	0	93	69	0	2
0	87	0	94	69	0	12
0	87	0	95	69	0	12
0	87	0	96	69	0	11
0	87	0	97	69	0	2
0	87	0	98	69	0	7
0	87	0	99	69	0	8
0	87	0	100	69	0	8
0	87	0	101	69	0	0
0	87	0	102	69	0	6
0	87	0	86	68	0	6
0	87	0	87	68	0	2
0	87	0	88	68	0	2
0	87	0	89	68	0	7
0	87	0	90	68	0	8
0	87	0	91	68	0	14
0	87	0	92	68	0	8
0	87	0	93	68	0	4
0	87	0	94	68	0	8
0	87	0	95	68	0	5
0	87	0	96	68	0	4
0	87	0	97	68	0	2
0	87	0	98	68	0	6
0	87	0	99	68	0	1
0	87	0	100	68	0	6
0	87	0	101	68	0	11
0	87	0	102	68	0	12
0	87	0	86	67	0	0
0	87	0	87	67	0	7
0	87	0	88	67	0	3
0	87	0	89	67	0	9
0	87	0	90	67	0	10
0	87	0	91	67	0	14
0	87	0	92	67	0	5
0	87	0	93	67	0	10
0	87	0	94	67	0	10
0	87	0	95	67	0	9
0	87	0	96	67	0	11
0	87	0	97	67	0	8
0	87	0	98	67	0	7
0	87	0	99	67	0	6
0	87	0	100	67	0	12
0	87	0	101	67	0	3
0	87	0	102	67	0	9
0	87	0	87	66	0	9
0	87	0	88	66	0	2
0	87	0	89	66	0	9
0	87	0	90	66	0	7
0	87	0	91	66	0	7
0	87	0	92	66	0	9
0	87	0	93	66	0	10
0	87	0	94	66	0	7
0	87	0	95	66	0	10
0	87	0	96	66	0	11
0	87	0	97	66	0	12
0	87	0	98	66	0	5
0	87	0	99	66	0	5
0	87	0	100	66	0	9
0	87	0	101	66	0	11
0	87	0	102	66	0	5
0	87	0	87	65	0	11
0	87	0	88	65	0	5
0	87	0	89	65	0	6
0	87	0	90	65	0	10
0	87	0	91	65	0	8
0	87	0	92	65	0	10
0	87	0	93	65	0	7
0	87	0	94	65	0	9
0	87	0	95	65	0	9
0	87	0	96	65	0	2
0	87	0	97	65	0	6
0	87	0	98	65	0	9
0	87	0	99	65	0	13
0	87	0	100	65	0	12
0	87	0	101	65	0	6
0	87	0	102	65	0	10
0	87	0	103	65	0	11
0	87	0	87	64	0	10
0	87	0	88	64	0	5
0	87	0	89	64	0	11
0	87	0	90	64	0	10
0	87	0	91	64	0	4
0	87	0	92	64	0	6
0	87	0	93	64	0	11
0	87	0	94	64	0	9
0	87	0	95	64	0	10
0	87	0	96	64	0	15
0	87	0	97	64	0	3
0	87	0	98	64	0	3
0	87	0	99	64	0	7
0	87	0	100	64	0	10
0	87	0	101	64	0	14
0	87	0	102	64	0	7
0	87	0	103	64	0	10
0	87	0	86	63	0	2
0	87	0	87	63	0	9
0	87	0	88	63	0	7
0	87	0	89	63	0	9
0	87	0	90	63	0	14
0	87	0	91	63	0	4
0	87	0	92	63	0	1
0	87	0	93	63	0	15
0	87	0	94	63	0	7
0	87	0	95	63	0	8
0	87	0	96	63	0	9
0	87	0	97	63	0	14
0	87	0	98	63	0	11
0	87	0	99	63	0	9
0	87	0	100	63	0	9
0	87	0	101	63	0	4
0	87	0	102	63	0	1
0	87	0	103	63	0	10
0	87	0	87	62	0	11
0	87	0	88	62	0	12
0	87	0	89	62	0	5
0	87	0	90	62	0	4
0	87	0	91	62	0	4
0	87	0	92	62	0	3
0	87	0	93	62	0	13
0	87	0	94	62	0	10
0	87	0	95	62	0	12
0	87	0	96	62	0	1
0	87	0	97	62	0	6
0	87	0	98	62	0	3
0	87	0	99	62	0	7
0	87	0	100	62	0	10
0	87	0	101	62	0	6
0	87	0	102	62	0	7
0	87	0	87	61	0	6
0	87	0	88	61	0	2
0	87	0	89	61	0	15
0	87	0	90	61	0	9
0	87	0	91	61	0	1
0	87	0	92	61	0	16
0	87	0	93	61	0	10
0	87	0	94	61	0	6
0	87	0	95	61	0	5
0	87	0	96	61	0	5
0	87	0	97	61	0	1
0	87	0	98	61	0	11
0	87	0	99	61	0	6
0	87	0	100	61	0	3
0	87	0	88	60	0	5
0	87	0	89	60	0	13
0	87	0	90	60	0	10
0	87	0	91	60	0	7
0	87	0	92	60	0	9
0	87	0	93	60	0	5
0	87	0	94	60	0	11
0	87	0	95	60	0	2
0	87	0	96	60	0	11
0	87	0	88	59	0	1
0	87	0	89	59	0	6
0	87	0	90	59	0	2
0	87	0	91	59	0	19
0	87	0	92	59	0	6
0	87	0	93	59	0	7
0	87	0	94	59	0	4
0	87	0	95	59	0	3
0	87	0	89	58	0	5
0	87	0	90	58	0	5
0	87	0	91	58	0	14
0	87	0	92	58	0	3
0	87	0	93	58	0	5
0	87	0	94	58	0	5
0	87	0	91	57	0	1
0	87	0	92	57	0	4
0	87	0	93	57	0	3
0	87	0	96	55	0	2
0	87	0	94	54	0	0
0	87	0	95	54	0	3
0	87	0	96	54	0	2
0	87	0	97	54	0	13
0	87	0	101	54	0	8
0	87	0	102	54	0	1
0	87	0	103	54	0	10
0	87	0	104	54	0	8
0	87	0	93	53	0	2
0	87	0	94	53	0	8
0	87	0	95	53	0	7
0	87	0	96	53	0	7
0	87	0	97	53	0	11
0	87	0	98	53	0	0
0	87	0	99	53	0	1
0	87	0	100	53	0	1
0	87	0	101	53	0	10
0	87	0	102	53	0	12
0	87	0	103	53	0	8
0	87	0	104	53	0	9
0	87	0	105	53	0	1
0	87	0	106	53	0	12
0	87	0	93	52	0	12
0	87	0	94	52	0	16
0	87	0	95	52	0	2
0	87	0	96	52	0	9
0	87	0	97	52	0	10
0	87	0	98	52	0	8
0	87	0	99	52	0	12
0	87	0	100	52	0	14
0	87	0	101	52	0	12
0	87	0	102	52	0	8
0	87	0	103	52	0	0
0	87	0	104	52	0	2
0	87	0	105	52	0	5
0	87	0	106	52	0	11
0	87	0	107	52	0	0
0	87	0	93	51	0	8
0	87	0	94	51	0	10
0	87	0	95	51	0	2
0	87	0	96	51	0	9
0	87	0	97	51	0	6
0	87	0	98	51	0	5
0	87	0	99	51	0	17
0	87	0	100	51	0	5
0	87	0	101	51	0	14
0	87	0	102	51	0	13
0	87	0	103	51	0	3
0	87	0	104	51	0	3
0	87	0	105	51	0	9
0	87	0	106	51	0	9
0	87	0	107	51	0	9
0	87	0	93	50	0	2
0	87	0	94	50	0	2
0	87	0	95	50	0	4
0	87	0	96	50	0	14
0	87	0	97	50	0	8
0	87	0	98	50	0	3
0	87	0	99	50	0	6
0	87	0	100	50	0	7
0	87	0	101	50	0	7
0	87	0	102	50	0	6
0	87	0	103	50	0	19
0	87	0	104	50	0	13
0	87	0	105	50	0	11
0	87	0	106	50	0	1
0	87	0	107	50	0	0
0	87	0	93	49	0	0
0	87	0	94	49	0	8
0	87	0	95	49	0	8
0	87	0	96	49	0	5
0	87	0	97	49	0	8
0	87	0	98	49	0	3
0	87	0	99	49	0	14
0	87	0	100	49	0	9
0	87	0	101	49	0	5
0	87	0	102	49	0	8
0	87	0	103	49	0	7
0	87	0	104	49	0	1
0	87	0	105	49	0	14
0	87	0	106	49	0	7
0	87	0	107	49	0	1
0	87	0	108	49	0	10
0	87	0	94	48	0	1
0	87	0	95	48	0	7
0	87	0	96	48	0	7
0	87	0	97	48	0	3
0	87	0	98	48	0	5
0	87	0	99	48	0	8
0	87	0	100	48	0	0
0	87	0	101	48	0	12
0	87	0	102	48	0	16
0	87	0	103	48	0	0
0	87	0	104	48	0	5
0	87	0	105	48	0	9
0	87	0	106	48	0	9
0	87	0	107	48	0	5
0	87	0	110	48	0	0
0	87	0	111	48	0	0
0	87	0	112	48	0	1
0	87	0	94	47	0	13
0	87	0	95	47	0	0
0	87	0	96	47	0	2
0	87	0	97	47	0	5
0	87	0	98	47	0	11
0	87	0	99	47	0	20
0	87	0	100	47	0	10
0	87	0	101	47	0	9
0	87	0	102	47	0	3
0	87	0	103	47	0	4
0	87	0	104	47	0	4
0	87	0	105	47	0	9
0	87	0	106	47	0	4
0	87	0	107	47	0	4
0	87	0	109	47	0	4
0	87	0	110	47	0	9
0	87	0	111	47	0	0
0	87	0	93	46	0	6
0	87	0	94	46	0	2
0	87	0	95	46	0	8
0	87	0	96	46	0	3
0	87	0	97	46	0	12
0	87	0	98	46	0	5
0	87	0	99	46	0	9
0	87	0	100	46	0	6
0	87	0	101	46	0	11
0	87	0	102	46	0	7
0	87	0	103	46	0	5
0	87	0	104	46	0	6
0	87	0	105	46	0	16
0	87	0	106	46	0	4
0	87	0	107	46	0	15
0	87	0	112	46	0	2
0	87	0	114	46	0	1
0	87	0	93	45	0	0
0	87	0	94	45	0	3
0	87	0	95	45	0	7
0	87	0	96	45	0	8
0	87	0	97	45	0	0
0	87	0	98	45	0	5
0	87	0	99	45	0	6
0	87	0	100	45	0	5
0	87	0	101	45	0	14
0	87	0	102	45	0	6
0	87	0	103	45	0	11
0	87	0	104	45	0	0
0	87	0	105	45	0	0
0	87	0	106	45	0	10
0	87	0	94	44	0	0
0	87	0	95	44	0	3
0	87	0	96	44	0	2
0	87	0	97	44	0	20
0	87	0	98	44	0	2
0	87	0	99	44	0	0
0	87	0	100	44	0	5
0	87	0	101	44	0	15
0	87	0	102	44	0	2
0	87	0	103	44	0	2
0	87	0	104	44	0	0
0	87	0	95	43	0	6
0	87	0	96	43	0	4
0	87	0	97	43	0	6
0	87	0	98	43	0	1
0	87	0	99	43	0	5
0	87	0	100	43	0	4
0	87	0	101	43	0	0
0	87	0	102	43	0	0
0	87	0	103	43	0	7
0	87	0	95	42	0	0
0	87	0	96	42	0	1
0	87	0	97	42	0	10
0	87	0	98	42	0	1
0	87	0	99	42	0	1
0	87	0	101	42	0	2
0	87	0	95	41	0	0
0	87	0	97	41	0	1
0	87	0	98	41	0	0
0	87	0	97	39	0	1
0	87	0	96	38	0	1
0	87	0	97	38	0	1
0	87	0	98	38	0	0
0	87	0	93	37	0	0
0	87	0	94	37	0	0
0	87	0	95	37	0	0
0	87	0	97	37	0	5
0	87	0	98	37	0	0
0	87	0	101	37	0	3
0	87	0	93	36	0	1
0	87	0	97	36	0	2
0	87	0	100	36	0	0
0	87	0	96	35	0	9
0	87	0	93	34	0	1
0	87	0	95	34	0	1
0	87	0	94	32	0	0
0	87	0	95	32	0	0
0	88	0	95	73	0	14
0	88	0	95	72	0	6
0	88	0	96	72	0	8
0	88	0	97	72	0	7
0	88	0	98	72	0	6
0	88	0	99	72	0	9
0	88	0	100	72	0	2
0	88	0	90	71	0	9
0	88	0	91	71	0	3
0	88	0	92	71	0	4
0	88	0	93	71	0	8
0	88	0	94	71	0	8
0	88	0	95	71	0	17
0	88	0	96	71	0	12
0	88	0	97	71	0	7
0	88	0	98	71	0	8
0	88	0	99	71	0	10
0	88	0	100	71	0	7
0	88	0	101	71	0	2
0	88	0	102	71	0	6
0	88	0	89	70	0	5
0	88	0	90	70	0	14
0	88	0	91	70	0	9
0	88	0	92	70	0	19
0	88	0	93	70	0	5
0	88	0	94	70	0	8
0	88	0	95	70	0	12
0	88	0	96	70	0	9
0	88	0	97	70	0	10
0	88	0	98	70	0	1
0	88	0	99	70	0	11
0	88	0	100	70	0	14
0	88	0	101	70	0	9
0	88	0	102	70	0	9
0	88	0	87	69	0	1
0	88	0	88	69	0	9
0	88	0	89	69	0	6
0	88	0	90	69	0	3
0	88	0	91	69	0	6
0	88	0	92	69	0	7
0	88	0	93	69	0	2
0	88	0	94	69	0	15
0	88	0	95	69	0	9
0	88	0	96	69	0	10
0	88	0	97	69	0	3
0	88	0	98	69	0	6
0	88	0	99	69	0	8
0	88	0	100	69	0	10
0	88	0	101	69	0	1
0	88	0	102	69	0	9
0	88	0	86	68	0	4
0	88	0	87	68	0	5
0	88	0	88	68	0	3
0	88	0	89	68	0	9
0	88	0	90	68	0	18
0	88	0	91	68	0	13
0	88	0	92	68	0	12
0	88	0	93	68	0	5
0	88	0	94	68	0	6
0	88	0	95	68	0	5
0	88	0	96	68	0	2
0	88	0	97	68	0	4
0	88	0	98	68	0	10
0	88	0	99	68	0	2
0	88	0	100	68	0	7
0	88	0	101	68	0	6
0	88	0	102	68	0	10
0	88	0	86	67	0	1
0	88	0	87	67	0	8
0	88	0	88	67	0	7
0	88	0	89	67	0	14
0	88	0	90	67	0	9
0	88	0	91	67	0	11
0	88	0	92	67	0	5
0	88	0	93	67	0	15
0	88	0	94	67	0	12
0	88	0	95	67	0	10
0	88	0	96	67	0	8
0	88	0	97	67	0	10
0	88	0	98	67	0	11
0	88	0	99	67	0	4
0	88	0	100	67	0	8
0	88	0	101	67	0	5
0	88	0	102	67	0	11
0	88	0	87	66	0	12
0	88	0	88	66	0	5
0	88	0	89	66	0	9
0	88	0	90	66	0	11
0	88	0	91	66	0	9
0	88	0	92	66	0	11
0	88	0	93	66	0	10
0	88	0	94	66	0	3
0	88	0	95	66	0	10
0	88	0	96	66	0	8
0	88	0	97	66	0	13
0	88	0	98	66	0	6
0	88	0	99	66	0	4
0	88	0	100	66	0	7
0	88	0	101	66	0	8
0	88	0	102	66	0	5
0	88	0	87	65	0	10
0	88	0	88	65	0	3
0	88	0	89	65	0	5
0	88	0	90	65	0	9
0	88	0	91	65	0	6
0	88	0	92	65	0	17
0	88	0	93	65	0	5
0	88	0	94	65	0	9
0	88	0	95	65	0	12
0	88	0	96	65	0	3
0	88	0	97	65	0	6
0	88	0	98	65	0	13
0	88	0	99	65	0	4
0	88	0	100	65	0	13
0	88	0	101	65	0	9
0	88	0	102	65	0	9
0	88	0	103	65	0	11
0	88	0	87	64	0	4
0	88	0	88	64	0	8
0	88	0	89	64	0	7
0	88	0	90	64	0	9
0	88	0	91	64	0	8
0	88	0	92	64	0	8
0	88	0	93	64	0	12
0	88	0	94	64	0	14
0	88	0	95	64	0	8
0	88	0	96	64	0	7
0	88	0	97	64	0	5
0	88	0	98	64	0	4
0	88	0	99	64	0	11
0	88	0	100	64	0	11
0	88	0	101	64	0	10
0	88	0	102	64	0	7
0	88	0	103	64	0	2
0	88	0	86	63	0	4
0	88	0	87	63	0	13
0	88	0	88	63	0	9
0	88	0	89	63	0	7
0	88	0	90	63	0	11
0	88	0	91	63	0	7
0	88	0	92	63	0	4
0	88	0	93	63	0	9
0	88	0	94	63	0	9
0	88	0	95	63	0	13
0	88	0	96	63	0	5
0	88	0	97	63	0	13
0	88	0	98	63	0	9
0	88	0	99	63	0	10
0	88	0	100	63	0	8
0	88	0	101	63	0	4
0	88	0	102	63	0	5
0	88	0	103	63	0	19
0	88	0	87	62	0	13
0	88	0	88	62	0	10
0	88	0	89	62	0	9
0	88	0	90	62	0	6
0	88	0	91	62	0	6
0	88	0	92	62	0	7
0	88	0	93	62	0	16
0	88	0	94	62	0	6
0	88	0	95	62	0	6
0	88	0	96	62	0	0
0	88	0	97	62	0	9
0	88	0	98	62	0	4
0	88	0	99	62	0	5
0	88	0	100	62	0	13
0	88	0	101	62	0	6
0	88	0	102	62	0	10
0	88	0	87	61	0	4
0	88	0	88	61	0	0
0	88	0	89	61	0	11
0	88	0	90	61	0	5
0	88	0	91	61	0	3
0	88	0	92	61	0	17
0	88	0	93	61	0	6
0	88	0	94	61	0	8
0	88	0	95	61	0	5
0	88	0	96	61	0	5
0	88	0	97	61	0	2
0	88	0	98	61	0	11
0	88	0	99	61	0	5
0	88	0	100	61	0	7
0	88	0	88	60	0	6
0	88	0	89	60	0	7
0	88	0	90	60	0	4
0	88	0	91	60	0	9
0	88	0	92	60	0	6
0	88	0	93	60	0	6
0	88	0	94	60	0	8
0	88	0	95	60	0	1
0	88	0	96	60	0	4
0	88	0	88	59	0	1
0	88	0	89	59	0	8
0	88	0	90	59	0	2
0	88	0	91	59	0	11
0	88	0	92	59	0	11
0	88	0	93	59	0	5
0	88	0	94	59	0	4
0	88	0	95	59	0	1
0	88	0	89	58	0	5
0	88	0	90	58	0	5
0	88	0	91	58	0	18
0	88	0	92	58	0	6
0	88	0	93	58	0	7
0	88	0	94	58	0	4
0	88	0	91	57	0	1
0	88	0	92	57	0	7
0	88	0	93	57	0	2
0	88	0	96	55	0	3
0	88	0	94	54	0	1
0	88	0	95	54	0	4
0	88	0	96	54	0	4
0	88	0	97	54	0	4
0	88	0	101	54	0	6
0	88	0	102	54	0	6
0	88	0	103	54	0	9
0	88	0	104	54	0	7
0	88	0	93	53	0	2
0	88	0	94	53	0	7
0	88	0	95	53	0	8
0	88	0	96	53	0	6
0	88	0	97	53	0	5
0	88	0	98	53	0	0
0	88	0	99	53	0	0
0	88	0	100	53	0	1
0	88	0	101	53	0	17
0	88	0	102	53	0	16
0	88	0	103	53	0	5
0	88	0	104	53	0	11
0	88	0	105	53	0	1
0	88	0	106	53	0	8
0	88	0	93	52	0	8
0	88	0	94	52	0	15
0	88	0	95	52	0	5
0	88	0	96	52	0	12
0	88	0	97	52	0	11
0	88	0	98	52	0	5
0	88	0	99	52	0	10
0	88	0	100	52	0	8
0	88	0	101	52	0	8
0	88	0	102	52	0	11
0	88	0	103	52	0	1
0	88	0	104	52	0	4
0	88	0	105	52	0	4
0	88	0	106	52	0	11
0	88	0	107	52	0	0
0	88	0	93	51	0	7
0	88	0	94	51	0	9
0	88	0	95	51	0	6
0	88	0	96	51	0	9
0	88	0	97	51	0	5
0	88	0	98	51	0	6
0	88	0	99	51	0	10
0	88	0	100	51	0	1
0	88	0	101	51	0	14
0	88	0	102	51	0	15
0	88	0	103	51	0	7
0	88	0	104	51	0	6
0	88	0	105	51	0	10
0	88	0	106	51	0	12
0	88	0	107	51	0	3
0	88	0	93	50	0	3
0	88	0	94	50	0	2
0	88	0	95	50	0	10
0	88	0	96	50	0	14
0	88	0	97	50	0	11
0	88	0	98	50	0	1
0	88	0	99	50	0	8
0	88	0	100	50	0	6
0	88	0	101	50	0	10
0	88	0	102	50	0	5
0	88	0	103	50	0	12
0	88	0	104	50	0	7
0	88	0	105	50	0	6
0	88	0	106	50	0	0
0	88	0	107	50	0	2
0	88	0	93	49	0	0
0	88	0	94	49	0	7
0	88	0	95	49	0	13
0	88	0	96	49	0	7
0	88	0	97	49	0	11
0	88	0	98	49	0	2
0	88	0	99	49	0	7
0	88	0	100	49	0	5
0	88	0	101	49	0	8
0	88	0	102	49	0	8
0	88	0	103	49	0	8
0	88	0	104	49	0	1
0	88	0	105	49	0	13
0	88	0	106	49	0	10
0	88	0	107	49	0	3
0	88	0	108	49	0	11
0	88	0	94	48	0	0
0	88	0	95	48	0	8
0	88	0	96	48	0	6
0	88	0	97	48	0	1
0	88	0	98	48	0	5
0	88	0	99	48	0	5
0	88	0	100	48	0	0
0	88	0	101	48	0	15
0	88	0	102	48	0	7
0	88	0	103	48	0	3
0	88	0	104	48	0	6
0	88	0	105	48	0	4
0	88	0	106	48	0	3
0	88	0	107	48	0	5
0	88	0	110	48	0	0
0	88	0	111	48	0	0
0	88	0	112	48	0	2
0	88	0	94	47	0	11
0	88	0	95	47	0	0
0	88	0	96	47	0	3
0	88	0	97	47	0	10
0	88	0	98	47	0	4
0	88	0	99	47	0	11
0	88	0	100	47	0	8
0	88	0	101	47	0	8
0	88	0	102	47	0	7
0	88	0	103	47	0	4
0	88	0	104	47	0	1
0	88	0	105	47	0	6
0	88	0	106	47	0	6
0	88	0	107	47	0	0
0	88	0	109	47	0	10
0	88	0	110	47	0	16
0	88	0	111	47	0	0
0	88	0	93	46	0	4
0	88	0	94	46	0	4
0	88	0	95	46	0	6
0	88	0	96	46	0	4
0	88	0	97	46	0	13
0	88	0	98	46	0	4
0	88	0	99	46	0	12
0	88	0	100	46	0	3
0	88	0	101	46	0	9
0	88	0	102	46	0	9
0	88	0	103	46	0	4
0	88	0	104	46	0	4
0	88	0	105	46	0	12
0	88	0	106	46	0	5
0	88	0	107	46	0	5
0	88	0	112	46	0	2
0	88	0	114	46	0	2
0	88	0	93	45	0	0
0	88	0	94	45	0	6
0	88	0	95	45	0	11
0	88	0	96	45	0	6
0	88	0	97	45	0	0
0	88	0	98	45	0	8
0	88	0	99	45	0	4
0	88	0	100	45	0	7
0	88	0	101	45	0	12
0	88	0	102	45	0	4
0	88	0	103	45	0	9
0	88	0	104	45	0	0
0	88	0	105	45	0	0
0	88	0	106	45	0	10
0	88	0	94	44	0	1
0	88	0	95	44	0	1
0	88	0	96	44	0	1
0	88	0	97	44	0	13
0	88	0	98	44	0	2
0	88	0	99	44	0	0
0	88	0	100	44	0	6
0	88	0	101	44	0	20
0	88	0	102	44	0	2
0	88	0	103	44	0	1
0	88	0	104	44	0	0
0	88	0	95	43	0	9
0	88	0	96	43	0	5
0	88	0	97	43	0	5
0	88	0	98	43	0	2
0	88	0	99	43	0	8
0	88	0	100	43	0	7
0	88	0	101	43	0	0
0	88	0	102	43	0	1
0	88	0	103	43	0	10
0	88	0	95	42	0	0
0	88	0	96	42	0	4
0	88	0	97	42	0	9
0	88	0	98	42	0	2
0	88	0	99	42	0	0
0	88	0	102	42	0	1
0	88	0	95	41	0	0
0	88	0	96	41	0	1
0	88	0	97	41	0	1
0	88	0	98	41	0	0
0	88	0	97	39	0	0
0	88	0	96	38	0	1
0	88	0	97	38	0	3
0	88	0	98	38	0	0
0	88	0	93	37	0	0
0	88	0	94	37	0	1
0	88	0	95	37	0	0
0	88	0	97	37	0	5
0	88	0	98	37	0	0
0	88	0	101	37	0	5
0	88	0	93	36	0	0
0	88	0	97	36	0	1
0	88	0	100	36	0	0
0	88	0	96	35	0	8
0	88	0	97	35	0	1
0	88	0	93	34	0	0
0	88	0	95	34	0	3
0	88	0	94	32	0	0
0	88	0	95	32	0	0
0	89	0	95	73	0	10
0	89	0	95	72	0	7
0	89	0	96	72	0	9
0	89	0	97	72	0	14
0	89	0	98	72	0	5
0	89	0	99	72	0	11
0	89	0	100	72	0	2
0	89	0	90	71	0	9
0	89	0	91	71	0	3
0	89	0	92	71	0	6
0	89	0	93	71	0	8
0	89	0	94	71	0	6
0	89	0	95	71	0	17
0	89	0	96	71	0	13
0	89	0	97	71	0	3
0	89	0	98	71	0	4
0	89	0	99	71	0	10
0	89	0	100	71	0	7
0	89	0	101	71	0	2
0	89	0	102	71	0	5
0	89	0	89	70	0	8
0	89	0	90	70	0	14
0	89	0	91	70	0	8
0	89	0	92	70	0	14
0	89	0	93	70	0	10
0	89	0	94	70	0	6
0	89	0	95	70	0	7
0	89	0	96	70	0	4
0	89	0	97	70	0	9
0	89	0	98	70	0	1
0	89	0	99	70	0	7
0	89	0	100	70	0	10
0	89	0	101	70	0	7
0	89	0	102	70	0	7
0	89	0	87	69	0	1
0	89	0	88	69	0	10
0	89	0	89	69	0	6
0	89	0	90	69	0	8
0	89	0	91	69	0	10
0	89	0	92	69	0	3
0	89	0	93	69	0	9
0	89	0	94	69	0	13
0	89	0	95	69	0	10
0	89	0	96	69	0	2
0	89	0	97	69	0	5
0	89	0	98	69	0	8
0	89	0	99	69	0	6
0	89	0	100	69	0	10
0	89	0	101	69	0	1
0	89	0	102	69	0	7
0	89	0	86	68	0	4
0	89	0	87	68	0	6
0	89	0	88	68	0	6
0	89	0	89	68	0	10
0	89	0	90	68	0	8
0	89	0	91	68	0	8
0	89	0	92	68	0	8
0	89	0	93	68	0	3
0	89	0	94	68	0	10
0	89	0	95	68	0	4
0	89	0	96	68	0	3
0	89	0	97	68	0	3
0	89	0	98	68	0	14
0	89	0	99	68	0	4
0	89	0	100	68	0	10
0	89	0	101	68	0	4
0	89	0	102	68	0	8
0	89	0	86	67	0	1
0	89	0	87	67	0	6
0	89	0	88	67	0	6
0	89	0	89	67	0	14
0	89	0	90	67	0	9
0	89	0	91	67	0	7
0	89	0	92	67	0	6
0	89	0	93	67	0	10
0	89	0	94	67	0	11
0	89	0	95	67	0	5
0	89	0	96	67	0	10
0	89	0	97	67	0	14
0	89	0	98	67	0	10
0	89	0	99	67	0	4
0	89	0	100	67	0	8
0	89	0	101	67	0	4
0	89	0	102	67	0	8
0	89	0	87	66	0	16
0	89	0	88	66	0	8
0	89	0	89	66	0	11
0	89	0	90	66	0	7
0	89	0	91	66	0	7
0	89	0	92	66	0	9
0	89	0	93	66	0	13
0	89	0	94	66	0	4
0	89	0	95	66	0	10
0	89	0	96	66	0	12
0	89	0	97	66	0	11
0	89	0	98	66	0	1
0	89	0	99	66	0	5
0	89	0	100	66	0	10
0	89	0	101	66	0	4
0	89	0	102	66	0	8
0	89	0	87	65	0	13
0	89	0	88	65	0	4
0	89	0	89	65	0	6
0	89	0	90	65	0	6
0	89	0	91	65	0	7
0	89	0	92	65	0	15
0	89	0	93	65	0	6
0	89	0	94	65	0	9
0	89	0	95	65	0	14
0	89	0	96	65	0	4
0	89	0	97	65	0	11
0	89	0	98	65	0	10
0	89	0	99	65	0	8
0	89	0	100	65	0	12
0	89	0	101	65	0	9
0	89	0	102	65	0	9
0	89	0	103	65	0	11
0	89	0	87	64	0	2
0	89	0	88	64	0	7
0	89	0	89	64	0	5
0	89	0	90	64	0	12
0	89	0	91	64	0	9
0	89	0	92	64	0	7
0	89	0	93	64	0	4
0	89	0	94	64	0	17
0	89	0	95	64	0	4
0	89	0	96	64	0	9
0	89	0	97	64	0	6
0	89	0	98	64	0	7
0	89	0	99	64	0	10
0	89	0	100	64	0	11
0	89	0	101	64	0	10
0	89	0	102	64	0	6
0	89	0	103	64	0	2
0	89	0	86	63	0	6
0	89	0	87	63	0	9
0	89	0	88	63	0	9
0	89	0	89	63	0	13
0	89	0	90	63	0	14
0	89	0	91	63	0	8
0	89	0	92	63	0	9
0	89	0	93	63	0	13
0	89	0	94	63	0	8
0	89	0	95	63	0	8
0	89	0	96	63	0	8
0	89	0	97	63	0	8
0	89	0	98	63	0	8
0	89	0	99	63	0	10
0	89	0	100	63	0	7
0	89	0	101	63	0	5
0	89	0	102	63	0	7
0	89	0	103	63	0	15
0	89	0	87	62	0	10
0	89	0	88	62	0	5
0	89	0	89	62	0	10
0	89	0	90	62	0	6
0	89	0	91	62	0	6
0	89	0	92	62	0	9
0	89	0	93	62	0	16
0	89	0	94	62	0	6
0	89	0	95	62	0	13
0	89	0	96	62	0	1
0	89	0	97	62	0	5
0	89	0	98	62	0	3
0	89	0	99	62	0	1
0	89	0	100	62	0	10
0	89	0	101	62	0	6
0	89	0	102	62	0	12
0	89	0	87	61	0	7
0	89	0	88	61	0	0
0	89	0	89	61	0	10
0	89	0	90	61	0	5
0	89	0	91	61	0	4
0	89	0	92	61	0	13
0	89	0	93	61	0	2
0	89	0	94	61	0	9
0	89	0	95	61	0	4
0	89	0	96	61	0	6
0	89	0	97	61	0	2
0	89	0	98	61	0	9
0	89	0	99	61	0	6
0	89	0	100	61	0	7
0	89	0	88	60	0	8
0	89	0	89	60	0	3
0	89	0	90	60	0	7
0	89	0	91	60	0	6
0	89	0	92	60	0	5
0	89	0	93	60	0	7
0	89	0	94	60	0	12
0	89	0	95	60	0	5
0	89	0	96	60	0	5
0	89	0	88	59	0	0
0	89	0	89	59	0	11
0	89	0	90	59	0	1
0	89	0	91	59	0	14
0	89	0	92	59	0	8
0	89	0	93	59	0	6
0	89	0	94	59	0	5
0	89	0	95	59	0	2
0	89	0	89	58	0	5
0	89	0	90	58	0	7
0	89	0	91	58	0	9
0	89	0	92	58	0	5
0	89	0	93	58	0	7
0	89	0	94	58	0	4
0	89	0	91	57	0	2
0	89	0	92	57	0	11
0	89	0	93	57	0	2
0	89	0	96	55	0	9
0	89	0	94	54	0	1
0	89	0	95	54	0	5
0	89	0	96	54	0	4
0	89	0	97	54	0	4
0	89	0	101	54	0	7
0	89	0	102	54	0	4
0	89	0	103	54	0	6
0	89	0	104	54	0	3
0	89	0	93	53	0	2
0	89	0	94	53	0	7
0	89	0	95	53	0	9
0	89	0	96	53	0	11
0	89	0	97	53	0	4
0	89	0	98	53	0	1
0	89	0	99	53	0	0
0	89	0	100	53	0	0
0	89	0	101	53	0	23
0	89	0	102	53	0	9
0	89	0	103	53	0	7
0	89	0	104	53	0	7
0	89	0	105	53	0	0
0	89	0	106	53	0	3
0	89	0	93	52	0	7
0	89	0	94	52	0	14
0	89	0	95	52	0	5
0	89	0	96	52	0	9
0	89	0	97	52	0	15
0	89	0	98	52	0	6
0	89	0	99	52	0	8
0	89	0	100	52	0	7
0	89	0	101	52	0	2
0	89	0	102	52	0	9
0	89	0	103	52	0	0
0	89	0	104	52	0	6
0	89	0	105	52	0	3
0	89	0	106	52	0	4
0	89	0	107	52	0	0
0	89	0	93	51	0	10
0	89	0	94	51	0	10
0	89	0	95	51	0	7
0	89	0	96	51	0	9
0	89	0	97	51	0	11
0	89	0	98	51	0	7
0	89	0	99	51	0	5
0	89	0	100	51	0	2
0	89	0	101	51	0	14
0	89	0	102	51	0	14
0	89	0	103	51	0	9
0	89	0	104	51	0	4
0	89	0	105	51	0	9
0	89	0	106	51	0	15
0	89	0	107	51	0	7
0	89	0	93	50	0	3
0	89	0	94	50	0	2
0	89	0	95	50	0	14
0	89	0	96	50	0	20
0	89	0	97	50	0	8
0	89	0	98	50	0	2
0	89	0	99	50	0	11
0	89	0	100	50	0	3
0	89	0	101	50	0	11
0	89	0	102	50	0	4
0	89	0	103	50	0	6
0	89	0	104	50	0	8
0	89	0	105	50	0	12
0	89	0	106	50	0	1
0	89	0	107	50	0	1
0	89	0	93	49	0	1
0	89	0	94	49	0	4
0	89	0	95	49	0	15
0	89	0	96	49	0	9
0	89	0	97	49	0	6
0	89	0	98	49	0	1
0	89	0	99	49	0	10
0	89	0	100	49	0	5
0	89	0	101	49	0	11
0	89	0	102	49	0	8
0	89	0	103	49	0	10
0	89	0	104	49	0	4
0	89	0	105	49	0	9
0	89	0	106	49	0	3
0	89	0	107	49	0	9
0	89	0	108	49	0	4
0	89	0	94	48	0	0
0	89	0	95	48	0	9
0	89	0	96	48	0	6
0	89	0	97	48	0	7
0	89	0	98	48	0	6
0	89	0	99	48	0	9
0	89	0	100	48	0	2
0	89	0	101	48	0	11
0	89	0	102	48	0	6
0	89	0	103	48	0	6
0	89	0	104	48	0	8
0	89	0	105	48	0	3
0	89	0	106	48	0	4
0	89	0	107	48	0	10
0	89	0	110	48	0	0
0	89	0	111	48	0	0
0	89	0	112	48	0	3
0	89	0	94	47	0	12
0	89	0	95	47	0	0
0	89	0	96	47	0	3
0	89	0	97	47	0	10
0	89	0	98	47	0	3
0	89	0	99	47	0	11
0	89	0	100	47	0	12
0	89	0	101	47	0	6
0	89	0	102	47	0	8
0	89	0	103	47	0	8
0	89	0	104	47	0	1
0	89	0	105	47	0	10
0	89	0	106	47	0	8
0	89	0	107	47	0	1
0	89	0	109	47	0	8
0	89	0	110	47	0	18
0	89	0	111	47	0	0
0	89	0	93	46	0	1
0	89	0	94	46	0	5
0	89	0	95	46	0	5
0	89	0	96	46	0	9
0	89	0	97	46	0	12
0	89	0	98	46	0	6
0	89	0	99	46	0	17
0	89	0	100	46	0	2
0	89	0	101	46	0	7
0	89	0	102	46	0	7
0	89	0	103	46	0	1
0	89	0	104	46	0	2
0	89	0	105	46	0	21
0	89	0	106	46	0	8
0	89	0	107	46	0	5
0	89	0	112	46	0	0
0	89	0	114	46	0	5
0	89	0	93	45	0	0
0	89	0	94	45	0	4
0	89	0	95	45	0	7
0	89	0	96	45	0	7
0	89	0	97	45	0	1
0	89	0	98	45	0	11
0	89	0	99	45	0	4
0	89	0	100	45	0	14
0	89	0	101	45	0	12
0	89	0	102	45	0	7
0	89	0	103	45	0	10
0	89	0	104	45	0	0
0	89	0	105	45	0	0
0	89	0	106	45	0	8
0	89	0	94	44	0	2
0	89	0	95	44	0	3
0	89	0	96	44	0	1
0	89	0	97	44	0	15
0	89	0	98	44	0	2
0	89	0	99	44	0	0
0	89	0	100	44	0	10
0	89	0	101	44	0	15
0	89	0	102	44	0	5
0	89	0	103	44	0	3
0	89	0	104	44	0	0
0	89	0	95	43	0	4
0	89	0	96	43	0	7
0	89	0	97	43	0	7
0	89	0	98	43	0	4
0	89	0	99	43	0	6
0	89	0	100	43	0	7
0	89	0	101	43	0	0
0	89	0	102	43	0	1
0	89	0	103	43	0	9
0	89	0	95	42	0	0
0	89	0	96	42	0	11
0	89	0	97	42	0	6
0	89	0	98	42	0	4
0	89	0	99	42	0	0
0	89	0	102	42	0	2
0	89	0	95	41	0	0
0	89	0	96	41	0	1
0	89	0	97	41	0	3
0	89	0	98	41	0	0
0	89	0	97	39	0	0
0	89	0	96	38	0	0
0	89	0	97	38	0	2
0	89	0	98	38	0	0
0	89	0	93	37	0	0
0	89	0	94	37	0	1
0	89	0	95	37	0	0
0	89	0	97	37	0	5
0	89	0	98	37	0	0
0	89	0	101	37	0	7
0	89	0	93	36	0	0
0	89	0	95	36	0	1
0	89	0	97	36	0	0
0	89	0	100	36	0	0
0	89	0	96	35	0	5
0	89	0	97	35	0	1
0	89	0	93	34	0	0
0	89	0	95	34	0	4
0	89	0	97	33	0	1
0	89	0	94	32	0	0
0	89	0	95	32	0	0
0	90	0	95	73	0	5
0	90	0	95	72	0	14
0	90	0	96	72	0	10
0	90	0	97	72	0	10
0	90	0	98	72	0	8
0	90	0	99	72	0	5
0	90	0	100	72	0	0
0	90	0	90	71	0	10
0	90	0	91	71	0	5
0	90	0	92	71	0	3
0	90	0	93	71	0	7
0	90	0	94	71	0	5
0	90	0	95	71	0	12
0	90	0	96	71	0	13
0	90	0	97	71	0	3
0	90	0	98	71	0	6
0	90	0	99	71	0	12
0	90	0	100	71	0	6
0	90	0	101	71	0	4
0	90	0	102	71	0	6
0	90	0	89	70	0	10
0	90	0	90	70	0	8
0	90	0	91	70	0	10
0	90	0	92	70	0	13
0	90	0	93	70	0	12
0	90	0	94	70	0	4
0	90	0	95	70	0	6
0	90	0	96	70	0	10
0	90	0	97	70	0	10
0	90	0	98	70	0	0
0	90	0	99	70	0	6
0	90	0	100	70	0	15
0	90	0	101	70	0	5
0	90	0	102	70	0	5
0	90	0	87	69	0	1
0	90	0	88	69	0	10
0	90	0	89	69	0	5
0	90	0	90	69	0	11
0	90	0	91	69	0	12
0	90	0	92	69	0	6
0	90	0	93	69	0	6
0	90	0	94	69	0	12
0	90	0	95	69	0	7
0	90	0	96	69	0	2
0	90	0	97	69	0	7
0	90	0	98	69	0	12
0	90	0	99	69	0	6
0	90	0	100	69	0	9
0	90	0	101	69	0	3
0	90	0	102	69	0	5
0	90	0	86	68	0	4
0	90	0	87	68	0	10
0	90	0	88	68	0	5
0	90	0	89	68	0	7
0	90	0	90	68	0	2
0	90	0	91	68	0	9
0	90	0	92	68	0	9
0	90	0	93	68	0	3
0	90	0	94	68	0	6
0	90	0	95	68	0	6
0	90	0	96	68	0	6
0	90	0	97	68	0	11
0	90	0	98	68	0	10
0	90	0	99	68	0	8
0	90	0	100	68	0	11
0	90	0	101	68	0	4
0	90	0	102	68	0	8
0	90	0	86	67	0	1
0	90	0	87	67	0	5
0	90	0	88	67	0	10
0	90	0	89	67	0	12
0	90	0	90	67	0	9
0	90	0	91	67	0	3
0	90	0	92	67	0	7
0	90	0	93	67	0	13
0	90	0	94	67	0	5
0	90	0	95	67	0	10
0	90	0	96	67	0	5
0	90	0	97	67	0	12
0	90	0	98	67	0	11
0	90	0	99	67	0	5
0	90	0	100	67	0	11
0	90	0	101	67	0	7
0	90	0	102	67	0	11
0	90	0	87	66	0	14
0	90	0	88	66	0	10
0	90	0	89	66	0	10
0	90	0	90	66	0	13
0	90	0	91	66	0	5
0	90	0	92	66	0	9
0	90	0	93	66	0	8
0	90	0	94	66	0	8
0	90	0	95	66	0	11
0	90	0	96	66	0	6
0	90	0	97	66	0	17
0	90	0	98	66	0	1
0	90	0	99	66	0	4
0	90	0	100	66	0	10
0	90	0	101	66	0	9
0	90	0	102	66	0	10
0	90	0	87	65	0	14
0	90	0	88	65	0	6
0	90	0	89	65	0	7
0	90	0	90	65	0	8
0	90	0	91	65	0	9
0	90	0	92	65	0	9
0	90	0	93	65	0	7
0	90	0	94	65	0	11
0	90	0	95	65	0	13
0	90	0	96	65	0	3
0	90	0	97	65	0	14
0	90	0	98	65	0	11
0	90	0	99	65	0	6
0	90	0	100	65	0	9
0	90	0	101	65	0	9
0	90	0	102	65	0	9
0	90	0	103	65	0	8
0	90	0	87	64	0	3
0	90	0	88	64	0	4
0	90	0	89	64	0	7
0	90	0	90	64	0	13
0	90	0	91	64	0	10
0	90	0	92	64	0	5
0	90	0	93	64	0	3
0	90	0	94	64	0	21
0	90	0	95	64	0	7
0	90	0	96	64	0	8
0	90	0	97	64	0	6
0	90	0	98	64	0	7
0	90	0	99	64	0	17
0	90	0	100	64	0	9
0	90	0	101	64	0	6
0	90	0	102	64	0	6
0	90	0	103	64	0	3
0	90	0	86	63	0	4
0	90	0	87	63	0	6
0	90	0	88	63	0	7
0	90	0	89	63	0	8
0	90	0	90	63	0	9
0	90	0	91	63	0	9
0	90	0	92	63	0	6
0	90	0	93	63	0	10
0	90	0	94	63	0	3
0	90	0	95	63	0	3
0	90	0	96	63	0	10
0	90	0	97	63	0	10
0	90	0	98	63	0	8
0	90	0	99	63	0	9
0	90	0	100	63	0	6
0	90	0	101	63	0	7
0	90	0	102	63	0	9
0	90	0	103	63	0	8
0	90	0	87	62	0	12
0	90	0	88	62	0	4
0	90	0	89	62	0	6
0	90	0	90	62	0	9
0	90	0	91	62	0	7
0	90	0	92	62	0	6
0	90	0	93	62	0	9
0	90	0	94	62	0	6
0	90	0	95	62	0	12
0	90	0	96	62	0	2
0	90	0	97	62	0	2
0	90	0	98	62	0	4
0	90	0	99	62	0	2
0	90	0	100	62	0	14
0	90	0	101	62	0	7
0	90	0	102	62	0	12
0	90	0	87	61	0	7
0	90	0	88	61	0	0
0	90	0	89	61	0	11
0	90	0	90	61	0	3
0	90	0	91	61	0	3
0	90	0	92	61	0	10
0	90	0	93	61	0	2
0	90	0	94	61	0	4
0	90	0	95	61	0	3
0	90	0	96	61	0	7
0	90	0	97	61	0	5
0	90	0	98	61	0	8
0	90	0	99	61	0	4
0	90	0	100	61	0	7
0	90	0	88	60	0	8
0	90	0	89	60	0	1
0	90	0	90	60	0	5
0	90	0	91	60	0	7
0	90	0	92	60	0	5
0	90	0	93	60	0	5
0	90	0	94	60	0	7
0	90	0	95	60	0	5
0	90	0	96	60	0	6
0	90	0	88	59	0	0
0	90	0	89	59	0	11
0	90	0	90	59	0	4
0	90	0	91	59	0	8
0	90	0	92	59	0	4
0	90	0	93	59	0	11
0	90	0	94	59	0	8
0	90	0	95	59	0	2
0	90	0	89	58	0	7
0	90	0	90	58	0	8
0	90	0	91	58	0	5
0	90	0	92	58	0	5
0	90	0	93	58	0	7
0	90	0	94	58	0	5
0	90	0	91	57	0	1
0	90	0	92	57	0	15
0	90	0	93	57	0	2
0	90	0	96	55	0	17
0	90	0	94	54	0	1
0	90	0	95	54	0	4
0	90	0	96	54	0	4
0	90	0	97	54	0	9
0	90	0	101	54	0	9
0	90	0	102	54	0	7
0	90	0	103	54	0	8
0	90	0	104	54	0	4
0	90	0	93	53	0	1
0	90	0	94	53	0	4
0	90	0	95	53	0	9
0	90	0	96	53	0	7
0	90	0	97	53	0	4
0	90	0	98	53	0	1
0	90	0	99	53	0	0
0	90	0	100	53	0	1
0	90	0	101	53	0	16
0	90	0	102	53	0	6
0	90	0	103	53	0	5
0	90	0	104	53	0	9
0	90	0	105	53	0	0
0	90	0	106	53	0	3
0	90	0	93	52	0	10
0	90	0	94	52	0	13
0	90	0	95	52	0	14
0	90	0	96	52	0	6
0	90	0	97	52	0	16
0	90	0	98	52	0	5
0	90	0	99	52	0	16
0	90	0	100	52	0	9
0	90	0	101	52	0	4
0	90	0	102	52	0	5
0	90	0	103	52	0	0
0	90	0	104	52	0	7
0	90	0	105	52	0	2
0	90	0	106	52	0	5
0	90	0	107	52	0	0
0	90	0	93	51	0	9
0	90	0	94	51	0	4
0	90	0	95	51	0	10
0	90	0	96	51	0	9
0	90	0	97	51	0	12
0	90	0	98	51	0	7
0	90	0	99	51	0	7
0	90	0	100	51	0	3
0	90	0	101	51	0	8
0	90	0	102	51	0	8
0	90	0	103	51	0	6
0	90	0	104	51	0	2
0	90	0	105	51	0	13
0	90	0	106	51	0	19
0	90	0	107	51	0	7
0	90	0	93	50	0	1
0	90	0	94	50	0	4
0	90	0	95	50	0	10
0	90	0	96	50	0	10
0	90	0	97	50	0	10
0	90	0	98	50	0	2
0	90	0	99	50	0	12
0	90	0	100	50	0	7
0	90	0	101	50	0	6
0	90	0	102	50	0	6
0	90	0	103	50	0	7
0	90	0	104	50	0	12
0	90	0	105	50	0	6
0	90	0	106	50	0	2
0	90	0	107	50	0	7
0	90	0	93	49	0	1
0	90	0	94	49	0	5
0	90	0	95	49	0	14
0	90	0	96	49	0	9
0	90	0	97	49	0	5
0	90	0	98	49	0	2
0	90	0	99	49	0	8
0	90	0	100	49	0	6
0	90	0	101	49	0	12
0	90	0	102	49	0	9
0	90	0	103	49	0	13
0	90	0	104	49	0	2
0	90	0	105	49	0	10
0	90	0	106	49	0	4
0	90	0	107	49	0	3
0	90	0	108	49	0	2
0	90	0	94	48	0	2
0	90	0	95	48	0	13
0	90	0	96	48	0	6
0	90	0	97	48	0	4
0	90	0	98	48	0	8
0	90	0	99	48	0	12
0	90	0	100	48	0	1
0	90	0	101	48	0	15
0	90	0	102	48	0	8
0	90	0	103	48	0	10
0	90	0	104	48	0	7
0	90	0	105	48	0	4
0	90	0	106	48	0	8
0	90	0	107	48	0	12
0	90	0	110	48	0	0
0	90	0	111	48	0	0
0	90	0	112	48	0	2
0	90	0	94	47	0	9
0	90	0	95	47	0	0
0	90	0	96	47	0	4
0	90	0	97	47	0	11
0	90	0	98	47	0	3
0	90	0	99	47	0	11
0	90	0	100	47	0	13
0	90	0	101	47	0	4
0	90	0	102	47	0	7
0	90	0	103	47	0	10
0	90	0	104	47	0	0
0	90	0	105	47	0	13
0	90	0	106	47	0	10
0	90	0	107	47	0	3
0	90	0	109	47	0	7
0	90	0	110	47	0	13
0	90	0	111	47	0	0
0	90	0	93	46	0	3
0	90	0	94	46	0	11
0	90	0	95	46	0	7
0	90	0	96	46	0	10
0	90	0	97	46	0	13
0	90	0	98	46	0	4
0	90	0	99	46	0	12
0	90	0	100	46	0	5
0	90	0	101	46	0	11
0	90	0	102	46	0	7
0	90	0	103	46	0	2
0	90	0	104	46	0	1
0	90	0	105	46	0	14
0	90	0	106	46	0	15
0	90	0	107	46	0	5
0	90	0	112	46	0	0
0	90	0	114	46	0	4
0	90	0	93	45	0	0
0	90	0	94	45	0	3
0	90	0	95	45	0	5
0	90	0	96	45	0	10
0	90	0	97	45	0	3
0	90	0	98	45	0	10
0	90	0	99	45	0	2
0	90	0	100	45	0	8
0	90	0	101	45	0	9
0	90	0	102	45	0	7
0	90	0	103	45	0	6
0	90	0	104	45	0	1
0	90	0	105	45	0	0
0	90	0	106	45	0	9
0	90	0	94	44	0	2
0	90	0	95	44	0	7
0	90	0	96	44	0	0
0	90	0	97	44	0	14
0	90	0	98	44	0	2
0	90	0	99	44	0	1
0	90	0	100	44	0	8
0	90	0	101	44	0	14
0	90	0	102	44	0	6
0	90	0	103	44	0	3
0	90	0	104	44	0	0
0	90	0	95	43	0	4
0	90	0	96	43	0	13
0	90	0	97	43	0	9
0	90	0	98	43	0	7
0	90	0	99	43	0	3
0	90	0	100	43	0	7
0	90	0	101	43	0	1
0	90	0	102	43	0	1
0	90	0	103	43	0	12
0	90	0	95	42	0	0
0	90	0	96	42	0	8
0	90	0	97	42	0	4
0	90	0	98	42	0	6
0	90	0	99	42	0	0
0	90	0	95	41	0	0
0	90	0	96	41	0	0
0	90	0	97	41	0	3
0	90	0	98	41	0	1
0	90	0	99	41	0	1
0	90	0	97	39	0	0
0	90	0	96	38	0	0
0	90	0	97	38	0	2
0	90	0	98	38	0	0
0	90	0	93	37	0	0
0	90	0	94	37	0	0
0	90	0	95	37	0	0
0	90	0	97	37	0	7
0	90	0	98	37	0	0
0	90	0	101	37	0	3
0	90	0	93	36	0	1
0	90	0	95	36	0	3
0	90	0	97	36	0	0
0	90	0	100	36	0	0
0	90	0	96	35	0	6
0	90	0	97	35	0	2
0	90	0	93	34	0	0
0	90	0	95	34	0	4
0	90	0	97	33	0	2
0	90	0	94	32	0	0
0	90	0	95	32	0	0
0	91	0	95	73	0	7
0	91	0	95	72	0	11
0	91	0	96	72	0	18
0	91	0	97	72	0	14
0	91	0	98	72	0	7
0	91	0	99	72	0	3
0	91	0	100	72	0	0
0	91	0	90	71	0	7
0	91	0	91	71	0	4
0	91	0	92	71	0	5
0	91	0	93	71	0	8
0	91	0	94	71	0	5
0	91	0	95	71	0	8
0	91	0	96	71	0	12
0	91	0	97	71	0	2
0	91	0	98	71	0	7
0	91	0	99	71	0	14
0	91	0	100	71	0	9
0	91	0	101	71	0	4
0	91	0	102	71	0	2
0	91	0	89	70	0	7
0	91	0	90	70	0	6
0	91	0	91	70	0	8
0	91	0	92	70	0	12
0	91	0	93	70	0	18
0	91	0	94	70	0	4
0	91	0	95	70	0	4
0	91	0	96	70	0	9
0	91	0	97	70	0	12
0	91	0	98	70	0	1
0	91	0	99	70	0	13
0	91	0	100	70	0	13
0	91	0	101	70	0	5
0	91	0	102	70	0	3
0	91	0	87	69	0	3
0	91	0	88	69	0	14
0	91	0	89	69	0	6
0	91	0	90	69	0	15
0	91	0	91	69	0	7
0	91	0	92	69	0	4
0	91	0	93	69	0	7
0	91	0	94	69	0	13
0	91	0	95	69	0	6
0	91	0	96	69	0	3
0	91	0	97	69	0	5
0	91	0	98	69	0	13
0	91	0	99	69	0	12
0	91	0	100	69	0	11
0	91	0	101	69	0	4
0	91	0	102	69	0	7
0	91	0	86	68	0	4
0	91	0	87	68	0	6
0	91	0	88	68	0	6
0	91	0	89	68	0	5
0	91	0	90	68	0	4
0	91	0	91	68	0	12
0	91	0	92	68	0	8
0	91	0	93	68	0	2
0	91	0	94	68	0	5
0	91	0	95	68	0	9
0	91	0	96	68	0	9
0	91	0	97	68	0	20
0	91	0	98	68	0	10
0	91	0	99	68	0	13
0	91	0	100	68	0	7
0	91	0	101	68	0	8
0	91	0	102	68	0	13
0	91	0	86	67	0	1
0	91	0	87	67	0	5
0	91	0	88	67	0	10
0	91	0	89	67	0	10
0	91	0	90	67	0	6
0	91	0	91	67	0	4
0	91	0	92	67	0	10
0	91	0	93	67	0	8
0	91	0	94	67	0	5
0	91	0	95	67	0	11
0	91	0	96	67	0	6
0	91	0	97	67	0	13
0	91	0	98	67	0	6
0	91	0	99	67	0	9
0	91	0	100	67	0	5
0	91	0	101	67	0	6
0	91	0	102	67	0	14
0	91	0	87	66	0	13
0	91	0	88	66	0	10
0	91	0	89	66	0	16
0	91	0	90	66	0	8
0	91	0	91	66	0	7
0	91	0	92	66	0	13
0	91	0	93	66	0	8
0	91	0	94	66	0	9
0	91	0	95	66	0	11
0	91	0	96	66	0	5
0	91	0	97	66	0	10
0	91	0	98	66	0	3
0	91	0	99	66	0	7
0	91	0	100	66	0	5
0	91	0	101	66	0	7
0	91	0	102	66	0	12
0	91	0	87	65	0	10
0	91	0	88	65	0	6
0	91	0	89	65	0	9
0	91	0	90	65	0	9
0	91	0	91	65	0	4
0	91	0	92	65	0	8
0	91	0	93	65	0	5
0	91	0	94	65	0	7
0	91	0	95	65	0	11
0	91	0	96	65	0	3
0	91	0	97	65	0	11
0	91	0	98	65	0	14
0	91	0	99	65	0	5
0	91	0	100	65	0	8
0	91	0	101	65	0	9
0	91	0	102	65	0	6
0	91	0	103	65	0	13
0	91	0	87	64	0	7
0	91	0	88	64	0	4
0	91	0	89	64	0	8
0	91	0	90	64	0	8
0	91	0	91	64	0	10
0	91	0	92	64	0	6
0	91	0	93	64	0	3
0	91	0	94	64	0	15
0	91	0	95	64	0	8
0	91	0	96	64	0	8
0	91	0	97	64	0	5
0	91	0	98	64	0	6
0	91	0	99	64	0	12
0	91	0	100	64	0	5
0	91	0	101	64	0	2
0	91	0	102	64	0	11
0	91	0	103	64	0	6
0	91	0	86	63	0	2
0	91	0	87	63	0	4
0	91	0	88	63	0	7
0	91	0	89	63	0	15
0	91	0	90	63	0	7
0	91	0	91	63	0	4
0	91	0	92	63	0	4
0	91	0	93	63	0	9
0	91	0	94	63	0	4
0	91	0	95	63	0	2
0	91	0	96	63	0	8
0	91	0	97	63	0	9
0	91	0	98	63	0	10
0	91	0	99	63	0	11
0	91	0	100	63	0	4
0	91	0	101	63	0	9
0	91	0	102	63	0	10
0	91	0	103	63	0	6
0	91	0	87	62	0	13
0	91	0	88	62	0	7
0	91	0	89	62	0	7
0	91	0	90	62	0	5
0	91	0	91	62	0	11
0	91	0	92	62	0	11
0	91	0	93	62	0	7
0	91	0	94	62	0	3
0	91	0	95	62	0	12
0	91	0	96	62	0	5
0	91	0	97	62	0	5
0	91	0	98	62	0	7
0	91	0	99	62	0	2
0	91	0	100	62	0	16
0	91	0	101	62	0	12
0	91	0	102	62	0	8
0	91	0	87	61	0	8
0	91	0	88	61	0	1
0	91	0	89	61	0	11
0	91	0	90	61	0	4
0	91	0	91	61	0	3
0	91	0	92	61	0	10
0	91	0	93	61	0	3
0	91	0	94	61	0	9
0	91	0	95	61	0	4
0	91	0	96	61	0	5
0	91	0	97	61	0	3
0	91	0	98	61	0	7
0	91	0	99	61	0	4
0	91	0	100	61	0	12
0	91	0	88	60	0	4
0	91	0	89	60	0	0
0	91	0	90	60	0	10
0	91	0	91	60	0	6
0	91	0	92	60	0	4
0	91	0	93	60	0	5
0	91	0	94	60	0	5
0	91	0	95	60	0	5
0	91	0	96	60	0	10
0	91	0	88	59	0	0
0	91	0	89	59	0	11
0	91	0	90	59	0	1
0	91	0	91	59	0	5
0	91	0	92	59	0	12
0	91	0	93	59	0	12
0	91	0	94	59	0	8
0	91	0	95	59	0	1
0	91	0	89	58	0	9
0	91	0	90	58	0	6
0	91	0	91	58	0	8
0	91	0	92	58	0	11
0	91	0	93	58	0	11
0	91	0	94	58	0	8
0	91	0	91	57	0	4
0	91	0	92	57	0	15
0	91	0	93	57	0	1
0	91	0	96	55	0	14
0	91	0	94	54	0	1
0	91	0	95	54	0	3
0	91	0	96	54	0	7
0	91	0	97	54	0	8
0	91	0	101	54	0	8
0	91	0	102	54	0	7
0	91	0	103	54	0	13
0	91	0	104	54	0	4
0	91	0	93	53	0	1
0	91	0	94	53	0	6
0	91	0	95	53	0	12
0	91	0	96	53	0	9
0	91	0	97	53	0	4
0	91	0	98	53	0	2
0	91	0	99	53	0	0
0	91	0	100	53	0	2
0	91	0	101	53	0	7
0	91	0	102	53	0	9
0	91	0	103	53	0	5
0	91	0	104	53	0	11
0	91	0	105	53	0	0
0	91	0	106	53	0	1
0	91	0	93	52	0	6
0	91	0	94	52	0	17
0	91	0	95	52	0	17
0	91	0	96	52	0	8
0	91	0	97	52	0	12
0	91	0	98	52	0	8
0	91	0	99	52	0	11
0	91	0	100	52	0	11
0	91	0	101	52	0	4
0	91	0	102	52	0	7
0	91	0	103	52	0	1
0	91	0	104	52	0	12
0	91	0	105	52	0	1
0	91	0	106	52	0	4
0	91	0	107	52	0	1
0	91	0	93	51	0	5
0	91	0	94	51	0	7
0	91	0	95	51	0	11
0	91	0	96	51	0	9
0	91	0	97	51	0	11
0	91	0	98	51	0	5
0	91	0	99	51	0	5
0	91	0	100	51	0	14
0	91	0	101	51	0	6
0	91	0	102	51	0	12
0	91	0	103	51	0	15
0	91	0	104	51	0	0
0	91	0	105	51	0	10
0	91	0	106	51	0	5
0	91	0	107	51	0	7
0	91	0	93	50	0	2
0	91	0	94	50	0	6
0	91	0	95	50	0	11
0	91	0	96	50	0	10
0	91	0	97	50	0	7
0	91	0	98	50	0	0
0	91	0	99	50	0	9
0	91	0	100	50	0	11
0	91	0	101	50	0	5
0	91	0	102	50	0	6
0	91	0	103	50	0	6
0	91	0	104	50	0	9
0	91	0	105	50	0	2
0	91	0	106	50	0	3
0	91	0	107	50	0	5
0	91	0	93	49	0	2
0	91	0	94	49	0	6
0	91	0	95	49	0	19
0	91	0	96	49	0	8
0	91	0	97	49	0	12
0	91	0	98	49	0	2
0	91	0	99	49	0	7
0	91	0	100	49	0	4
0	91	0	101	49	0	13
0	91	0	102	49	0	7
0	91	0	103	49	0	12
0	91	0	104	49	0	3
0	91	0	105	49	0	12
0	91	0	106	49	0	0
0	91	0	107	49	0	3
0	91	0	108	49	0	3
0	91	0	94	48	0	1
0	91	0	95	48	0	10
0	91	0	96	48	0	8
0	91	0	97	48	0	8
0	91	0	98	48	0	11
0	91	0	99	48	0	13
0	91	0	100	48	0	0
0	91	0	101	48	0	12
0	91	0	102	48	0	7
0	91	0	103	48	0	14
0	91	0	104	48	0	6
0	91	0	105	48	0	4
0	91	0	106	48	0	4
0	91	0	107	48	0	7
0	91	0	110	48	0	0
0	91	0	111	48	0	0
0	91	0	112	48	0	2
0	91	0	94	47	0	6
0	91	0	95	47	0	0
0	91	0	96	47	0	3
0	91	0	97	47	0	11
0	91	0	98	47	0	1
0	91	0	99	47	0	10
0	91	0	100	47	0	13
0	91	0	101	47	0	6
0	91	0	102	47	0	4
0	91	0	103	47	0	11
0	91	0	104	47	0	0
0	91	0	105	47	0	12
0	91	0	106	47	0	9
0	91	0	107	47	0	6
0	91	0	109	47	0	6
0	91	0	110	47	0	15
0	91	0	111	47	0	0
0	91	0	93	46	0	1
0	91	0	94	46	0	6
0	91	0	95	46	0	7
0	91	0	96	46	0	12
0	91	0	97	46	0	11
0	91	0	98	46	0	8
0	91	0	99	46	0	7
0	91	0	100	46	0	3
0	91	0	101	46	0	4
0	91	0	102	46	0	7
0	91	0	103	46	0	1
0	91	0	104	46	0	2
0	91	0	105	46	0	12
0	91	0	106	46	0	11
0	91	0	107	46	0	5
0	91	0	112	46	0	0
0	91	0	114	46	0	4
0	91	0	93	45	0	1
0	91	0	94	45	0	3
0	91	0	95	45	0	2
0	91	0	96	45	0	7
0	91	0	97	45	0	5
0	91	0	98	45	0	6
0	91	0	99	45	0	6
0	91	0	100	45	0	11
0	91	0	101	45	0	8
0	91	0	102	45	0	7
0	91	0	103	45	0	9
0	91	0	104	45	0	0
0	91	0	105	45	0	0
0	91	0	106	45	0	8
0	91	0	94	44	0	3
0	91	0	95	44	0	8
0	91	0	96	44	0	1
0	91	0	97	44	0	10
0	91	0	98	44	0	5
0	91	0	99	44	0	1
0	91	0	100	44	0	8
0	91	0	101	44	0	16
0	91	0	102	44	0	12
0	91	0	103	44	0	4
0	91	0	104	44	0	0
0	91	0	111	44	0	1
0	91	0	112	44	0	1
0	91	0	95	43	0	4
0	91	0	96	43	0	13
0	91	0	97	43	0	7
0	91	0	98	43	0	5
0	91	0	99	43	0	7
0	91	0	100	43	0	8
0	91	0	101	43	0	5
0	91	0	102	43	0	4
0	91	0	103	43	0	14
0	91	0	95	42	0	0
0	91	0	96	42	0	11
0	91	0	97	42	0	8
0	91	0	98	42	0	6
0	91	0	99	42	0	0
0	91	0	95	41	0	0
0	91	0	96	41	0	1
0	91	0	97	41	0	3
0	91	0	98	41	0	4
0	91	0	99	41	0	1
0	91	0	97	39	0	0
0	91	0	95	38	0	1
0	91	0	96	38	0	1
0	91	0	97	38	0	2
0	91	0	98	38	0	0
0	91	0	93	37	0	0
0	91	0	94	37	0	0
0	91	0	95	37	0	0
0	91	0	97	37	0	7
0	91	0	98	37	0	0
0	91	0	101	37	0	5
0	91	0	93	36	0	2
0	91	0	95	36	0	0
0	91	0	97	36	0	0
0	91	0	100	36	0	0
0	91	0	96	35	0	9
0	91	0	97	35	0	0
0	91	0	93	34	0	0
0	91	0	95	34	0	5
0	91	0	99	34	0	1
0	91	0	97	33	0	1
0	91	0	94	32	0	0
0	91	0	95	32	0	0
0	91	0	97	32	0	1
0	92	0	95	73	0	9
0	92	0	95	72	0	10
0	92	0	96	72	0	16
0	92	0	97	72	0	14
0	92	0	98	72	0	3
0	92	0	99	72	0	5
0	92	0	100	72	0	0
0	92	0	90	71	0	8
0	92	0	91	71	0	5
0	92	0	92	71	0	3
0	92	0	93	71	0	6
0	92	0	94	71	0	5
0	92	0	95	71	0	12
0	92	0	96	71	0	6
0	92	0	97	71	0	3
0	92	0	98	71	0	14
0	92	0	99	71	0	15
0	92	0	100	71	0	6
0	92	0	101	71	0	6
0	92	0	102	71	0	2
0	92	0	89	70	0	4
0	92	0	90	70	0	4
0	92	0	91	70	0	10
0	92	0	92	70	0	13
0	92	0	93	70	0	14
0	92	0	94	70	0	6
0	92	0	95	70	0	9
0	92	0	96	70	0	10
0	92	0	97	70	0	8
0	92	0	98	70	0	0
0	92	0	99	70	0	12
0	92	0	100	70	0	15
0	92	0	101	70	0	3
0	92	0	102	70	0	6
0	92	0	87	69	0	6
0	92	0	88	69	0	8
0	92	0	89	69	0	12
0	92	0	90	69	0	9
0	92	0	91	69	0	11
0	92	0	92	69	0	4
0	92	0	93	69	0	6
0	92	0	94	69	0	11
0	92	0	95	69	0	5
0	92	0	96	69	0	1
0	92	0	97	69	0	7
0	92	0	98	69	0	6
0	92	0	99	69	0	13
0	92	0	100	69	0	5
0	92	0	101	69	0	4
0	92	0	102	69	0	4
0	92	0	86	68	0	2
0	92	0	87	68	0	5
0	92	0	88	68	0	6
0	92	0	89	68	0	7
0	92	0	90	68	0	3
0	92	0	91	68	0	11
0	92	0	92	68	0	11
0	92	0	93	68	0	4
0	92	0	94	68	0	5
0	92	0	95	68	0	11
0	92	0	96	68	0	9
0	92	0	97	68	0	10
0	92	0	98	68	0	10
0	92	0	99	68	0	11
0	92	0	100	68	0	10
0	92	0	101	68	0	6
0	92	0	102	68	0	13
0	92	0	86	67	0	5
0	92	0	87	67	0	4
0	92	0	88	67	0	10
0	92	0	89	67	0	11
0	92	0	90	67	0	6
0	92	0	91	67	0	2
0	92	0	92	67	0	8
0	92	0	93	67	0	8
0	92	0	94	67	0	6
0	92	0	95	67	0	6
0	92	0	96	67	0	8
0	92	0	97	67	0	16
0	92	0	98	67	0	5
0	92	0	99	67	0	12
0	92	0	100	67	0	8
0	92	0	101	67	0	5
0	92	0	102	67	0	16
0	92	0	87	66	0	8
0	92	0	88	66	0	13
0	92	0	89	66	0	16
0	92	0	90	66	0	4
0	92	0	91	66	0	6
0	92	0	92	66	0	6
0	92	0	93	66	0	14
0	92	0	94	66	0	13
0	92	0	95	66	0	14
0	92	0	96	66	0	4
0	92	0	97	66	0	12
0	92	0	98	66	0	3
0	92	0	99	66	0	8
0	92	0	100	66	0	7
0	92	0	101	66	0	10
0	92	0	102	66	0	9
0	92	0	87	65	0	8
0	92	0	88	65	0	4
0	92	0	89	65	0	12
0	92	0	90	65	0	12
0	92	0	91	65	0	7
0	92	0	92	65	0	5
0	92	0	93	65	0	10
0	92	0	94	65	0	11
0	92	0	95	65	0	6
0	92	0	96	65	0	9
0	92	0	97	65	0	19
0	92	0	98	65	0	14
0	92	0	99	65	0	5
0	92	0	100	65	0	9
0	92	0	101	65	0	12
0	92	0	102	65	0	11
0	92	0	103	65	0	15
0	92	0	87	64	0	5
0	92	0	88	64	0	6
0	92	0	89	64	0	4
0	92	0	90	64	0	4
0	92	0	91	64	0	10
0	92	0	92	64	0	5
0	92	0	93	64	0	3
0	92	0	94	64	0	13
0	92	0	95	64	0	5
0	92	0	96	64	0	8
0	92	0	97	64	0	10
0	92	0	98	64	0	7
0	92	0	99	64	0	11
0	92	0	100	64	0	10
0	92	0	101	64	0	6
0	92	0	102	64	0	8
0	92	0	103	64	0	4
0	92	0	86	63	0	2
0	92	0	87	63	0	2
0	92	0	88	63	0	8
0	92	0	89	63	0	9
0	92	0	90	63	0	6
0	92	0	91	63	0	6
0	92	0	92	63	0	5
0	92	0	93	63	0	13
0	92	0	94	63	0	3
0	92	0	95	63	0	4
0	92	0	96	63	0	8
0	92	0	97	63	0	8
0	92	0	98	63	0	13
0	92	0	99	63	0	12
0	92	0	100	63	0	5
0	92	0	101	63	0	9
0	92	0	102	63	0	2
0	92	0	103	63	0	8
0	92	0	87	62	0	9
0	92	0	88	62	0	4
0	92	0	89	62	0	12
0	92	0	90	62	0	6
0	92	0	91	62	0	12
0	92	0	92	62	0	12
0	92	0	93	62	0	7
0	92	0	94	62	0	5
0	92	0	95	62	0	11
0	92	0	96	62	0	8
0	92	0	97	62	0	4
0	92	0	98	62	0	7
0	92	0	99	62	0	2
0	92	0	100	62	0	14
0	92	0	101	62	0	9
0	92	0	102	62	0	6
0	92	0	87	61	0	11
0	92	0	88	61	0	2
0	92	0	89	61	0	10
0	92	0	90	61	0	2
0	92	0	91	61	0	5
0	92	0	92	61	0	9
0	92	0	93	61	0	3
0	92	0	94	61	0	14
0	92	0	95	61	0	4
0	92	0	96	61	0	6
0	92	0	97	61	0	6
0	92	0	98	61	0	6
0	92	0	99	61	0	6
0	92	0	100	61	0	15
0	92	0	88	60	0	9
0	92	0	89	60	0	1
0	92	0	90	60	0	13
0	92	0	91	60	0	4
0	92	0	92	60	0	5
0	92	0	93	60	0	7
0	92	0	94	60	0	5
0	92	0	95	60	0	13
0	92	0	96	60	0	9
0	92	0	88	59	0	1
0	92	0	89	59	0	11
0	92	0	90	59	0	2
0	92	0	91	59	0	5
0	92	0	92	59	0	14
0	92	0	93	59	0	20
0	92	0	94	59	0	7
0	92	0	95	59	0	1
0	92	0	89	58	0	6
0	92	0	90	58	0	8
0	92	0	91	58	0	7
0	92	0	92	58	0	6
0	92	0	93	58	0	7
0	92	0	94	58	0	10
0	92	0	91	57	0	6
0	92	0	92	57	0	14
0	92	0	93	57	0	1
0	92	0	96	55	0	7
0	92	0	94	54	0	2
0	92	0	95	54	0	5
0	92	0	96	54	0	8
0	92	0	97	54	0	12
0	92	0	101	54	0	4
0	92	0	102	54	0	4
0	92	0	103	54	0	13
0	92	0	104	54	0	5
0	92	0	93	53	0	3
0	92	0	94	53	0	6
0	92	0	95	53	0	9
0	92	0	96	53	0	8
0	92	0	97	53	0	5
0	92	0	98	53	0	3
0	92	0	99	53	0	0
0	92	0	100	53	0	4
0	92	0	101	53	0	6
0	92	0	102	53	0	9
0	92	0	103	53	0	9
0	92	0	104	53	0	10
0	92	0	105	53	0	0
0	92	0	106	53	0	0
0	92	0	93	52	0	5
0	92	0	94	52	0	13
0	92	0	95	52	0	8
0	92	0	96	52	0	11
0	92	0	97	52	0	5
0	92	0	98	52	0	6
0	92	0	99	52	0	7
0	92	0	100	52	0	11
0	92	0	101	52	0	4
0	92	0	102	52	0	7
0	92	0	103	52	0	0
0	92	0	104	52	0	12
0	92	0	105	52	0	0
0	92	0	106	52	0	1
0	92	0	107	52	0	4
0	92	0	93	51	0	7
0	92	0	94	51	0	8
0	92	0	95	51	0	10
0	92	0	96	51	0	8
0	92	0	97	51	0	8
0	92	0	98	51	0	6
0	92	0	99	51	0	7
0	92	0	100	51	0	11
0	92	0	101	51	0	3
0	92	0	102	51	0	14
0	92	0	103	51	0	14
0	92	0	104	51	0	0
0	92	0	105	51	0	7
0	92	0	106	51	0	6
0	92	0	107	51	0	8
0	92	0	93	50	0	1
0	92	0	94	50	0	8
0	92	0	95	50	0	14
0	92	0	96	50	0	9
0	92	0	97	50	0	9
0	92	0	98	50	0	0
0	92	0	99	50	0	10
0	92	0	100	50	0	11
0	92	0	101	50	0	7
0	92	0	102	50	0	7
0	92	0	103	50	0	7
0	92	0	104	50	0	7
0	92	0	105	50	0	3
0	92	0	106	50	0	7
0	92	0	107	50	0	5
0	92	0	93	49	0	1
0	92	0	94	49	0	10
0	92	0	95	49	0	13
0	92	0	96	49	0	10
0	92	0	97	49	0	14
0	92	0	98	49	0	2
0	92	0	99	49	0	6
0	92	0	100	49	0	6
0	92	0	101	49	0	10
0	92	0	102	49	0	12
0	92	0	103	49	0	10
0	92	0	104	49	0	5
0	92	0	105	49	0	13
0	92	0	106	49	0	0
0	92	0	107	49	0	5
0	92	0	108	49	0	5
0	92	0	94	48	0	1
0	92	0	95	48	0	12
0	92	0	96	48	0	11
0	92	0	97	48	0	6
0	92	0	98	48	0	8
0	92	0	99	48	0	8
0	92	0	100	48	0	1
0	92	0	101	48	0	11
0	92	0	102	48	0	8
0	92	0	103	48	0	13
0	92	0	104	48	0	7
0	92	0	105	48	0	4
0	92	0	106	48	0	14
0	92	0	107	48	0	7
0	92	0	110	48	0	0
0	92	0	111	48	0	0
0	92	0	112	48	0	5
0	92	0	94	47	0	9
0	92	0	95	47	0	0
0	92	0	96	47	0	4
0	92	0	97	47	0	15
0	92	0	98	47	0	5
0	92	0	99	47	0	13
0	92	0	100	47	0	14
0	92	0	101	47	0	7
0	92	0	102	47	0	4
0	92	0	103	47	0	13
0	92	0	104	47	0	0
0	92	0	105	47	0	10
0	92	0	106	47	0	10
0	92	0	107	47	0	3
0	92	0	109	47	0	7
0	92	0	110	47	0	10
0	92	0	111	47	0	0
0	92	0	112	47	0	1
0	92	0	93	46	0	1
0	92	0	94	46	0	8
0	92	0	95	46	0	9
0	92	0	96	46	0	8
0	92	0	97	46	0	12
0	92	0	98	46	0	7
0	92	0	99	46	0	9
0	92	0	100	46	0	3
0	92	0	101	46	0	9
0	92	0	102	46	0	7
0	92	0	103	46	0	0
0	92	0	104	46	0	2
0	92	0	105	46	0	10
0	92	0	106	46	0	6
0	92	0	107	46	0	6
0	92	0	112	46	0	0
0	92	0	114	46	0	5
0	92	0	93	45	0	2
0	92	0	94	45	0	5
0	92	0	95	45	0	2
0	92	0	96	45	0	8
0	92	0	97	45	0	5
0	92	0	98	45	0	10
0	92	0	99	45	0	8
0	92	0	100	45	0	12
0	92	0	101	45	0	7
0	92	0	102	45	0	2
0	92	0	103	45	0	15
0	92	0	104	45	0	0
0	92	0	105	45	0	2
0	92	0	106	45	0	15
0	92	0	110	45	0	1
0	92	0	112	45	0	1
0	92	0	94	44	0	7
0	92	0	95	44	0	12
0	92	0	96	44	0	5
0	92	0	97	44	0	13
0	92	0	98	44	0	6
0	92	0	99	44	0	2
0	92	0	100	44	0	7
0	92	0	101	44	0	14
0	92	0	102	44	0	16
0	92	0	103	44	0	2
0	92	0	104	44	0	1
0	92	0	111	44	0	2
0	92	0	112	44	0	2
0	92	0	95	43	0	5
0	92	0	96	43	0	11
0	92	0	97	43	0	7
0	92	0	98	43	0	7
0	92	0	99	43	0	8
0	92	0	100	43	0	12
0	92	0	101	43	0	6
0	92	0	103	43	0	10
0	92	0	95	42	0	2
0	92	0	96	42	0	9
0	92	0	97	42	0	6
0	92	0	98	42	0	8
0	92	0	99	42	0	0
0	92	0	95	41	0	0
0	92	0	96	41	0	2
0	92	0	97	41	0	5
0	92	0	98	41	0	5
0	92	0	99	41	0	3
0	92	0	97	39	0	0
0	92	0	95	38	0	1
0	92	0	96	38	0	2
0	92	0	97	38	0	6
0	92	0	98	38	0	0
0	92	0	92	37	0	1
0	92	0	93	37	0	0
0	92	0	94	37	0	0
0	92	0	95	37	0	0
0	92	0	97	37	0	6
0	92	0	98	37	0	0
0	92	0	101	37	0	8
0	92	0	93	36	0	0
0	92	0	95	36	0	0
0	92	0	97	36	0	1
0	92	0	100	36	0	0
0	92	0	96	35	0	9
0	92	0	97	35	0	0
0	92	0	93	34	0	0
0	92	0	95	34	0	5
0	92	0	99	34	0	1
0	92	0	97	33	0	1
0	92	0	100	33	0	1
0	92	0	94	32	0	0
0	92	0	95	32	0	0
0	92	0	97	32	0	0
0	93	0	95	73	0	5
0	93	0	95	72	0	9
0	93	0	96	72	0	11
0	93	0	97	72	0	13
0	93	0	98	72	0	7
0	93	0	99	72	0	9
0	93	0	100	72	0	0
0	93	0	90	71	0	10
0	93	0	91	71	0	3
0	93	0	92	71	0	1
0	93	0	93	71	0	6
0	93	0	94	71	0	8
0	93	0	95	71	0	6
0	93	0	96	71	0	9
0	93	0	97	71	0	2
0	93	0	98	71	0	9
0	93	0	99	71	0	14
0	93	0	100	71	0	7
0	93	0	101	71	0	6
0	93	0	102	71	0	2
0	93	0	89	70	0	8
0	93	0	90	70	0	3
0	93	0	91	70	0	10
0	93	0	92	70	0	11
0	93	0	93	70	0	12
0	93	0	94	70	0	6
0	93	0	95	70	0	9
0	93	0	96	70	0	13
0	93	0	97	70	0	5
0	93	0	98	70	0	0
0	93	0	99	70	0	12
0	93	0	100	70	0	13
0	93	0	101	70	0	4
0	93	0	102	70	0	8
0	93	0	87	69	0	4
0	93	0	88	69	0	6
0	93	0	89	69	0	10
0	93	0	90	69	0	6
0	93	0	91	69	0	15
0	93	0	92	69	0	4
0	93	0	93	69	0	9
0	93	0	94	69	0	12
0	93	0	95	69	0	4
0	93	0	96	69	0	0
0	93	0	97	69	0	5
0	93	0	98	69	0	4
0	93	0	99	69	0	10
0	93	0	100	69	0	5
0	93	0	101	69	0	5
0	93	0	102	69	0	6
0	93	0	86	68	0	2
0	93	0	87	68	0	6
0	93	0	88	68	0	7
0	93	0	89	68	0	6
0	93	0	90	68	0	4
0	93	0	91	68	0	10
0	93	0	92	68	0	7
0	93	0	93	68	0	4
0	93	0	94	68	0	9
0	93	0	95	68	0	6
0	93	0	96	68	0	9
0	93	0	97	68	0	18
0	93	0	98	68	0	7
0	93	0	99	68	0	8
0	93	0	100	68	0	9
0	93	0	101	68	0	2
0	93	0	102	68	0	14
0	93	0	86	67	0	5
0	93	0	87	67	0	5
0	93	0	88	67	0	9
0	93	0	89	67	0	7
0	93	0	90	67	0	7
0	93	0	91	67	0	1
0	93	0	92	67	0	9
0	93	0	93	67	0	6
0	93	0	94	67	0	6
0	93	0	95	67	0	10
0	93	0	96	67	0	7
0	93	0	97	67	0	18
0	93	0	98	67	0	9
0	93	0	99	67	0	11
0	93	0	100	67	0	11
0	93	0	101	67	0	7
0	93	0	102	67	0	11
0	93	0	87	66	0	7
0	93	0	88	66	0	15
0	93	0	89	66	0	15
0	93	0	90	66	0	5
0	93	0	91	66	0	4
0	93	0	92	66	0	6
0	93	0	93	66	0	13
0	93	0	94	66	0	11
0	93	0	95	66	0	15
0	93	0	96	66	0	4
0	93	0	97	66	0	9
0	93	0	98	66	0	1
0	93	0	99	66	0	8
0	93	0	100	66	0	6
0	93	0	101	66	0	12
0	93	0	102	66	0	7
0	93	0	87	65	0	10
0	93	0	88	65	0	7
0	93	0	89	65	0	16
0	93	0	90	65	0	12
0	93	0	91	65	0	5
0	93	0	92	65	0	3
0	93	0	93	65	0	9
0	93	0	94	65	0	7
0	93	0	95	65	0	10
0	93	0	96	65	0	8
0	93	0	97	65	0	18
0	93	0	98	65	0	10
0	93	0	99	65	0	3
0	93	0	100	65	0	16
0	93	0	101	65	0	9
0	93	0	102	65	0	12
0	93	0	103	65	0	14
0	93	0	87	64	0	5
0	93	0	88	64	0	8
0	93	0	89	64	0	5
0	93	0	90	64	0	11
0	93	0	91	64	0	5
0	93	0	92	64	0	6
0	93	0	93	64	0	8
0	93	0	94	64	0	16
0	93	0	95	64	0	8
0	93	0	96	64	0	6
0	93	0	97	64	0	7
0	93	0	98	64	0	3
0	93	0	99	64	0	10
0	93	0	100	64	0	14
0	93	0	101	64	0	8
0	93	0	102	64	0	7
0	93	0	103	64	0	3
0	93	0	86	63	0	1
0	93	0	87	63	0	2
0	93	0	88	63	0	6
0	93	0	89	63	0	9
0	93	0	90	63	0	4
0	93	0	91	63	0	5
0	93	0	92	63	0	5
0	93	0	93	63	0	10
0	93	0	94	63	0	7
0	93	0	95	63	0	5
0	93	0	96	63	0	9
0	93	0	97	63	0	6
0	93	0	98	63	0	11
0	93	0	99	63	0	7
0	93	0	100	63	0	4
0	93	0	101	63	0	8
0	93	0	102	63	0	2
0	93	0	103	63	0	7
0	93	0	87	62	0	6
0	93	0	88	62	0	7
0	93	0	89	62	0	6
0	93	0	90	62	0	12
0	93	0	91	62	0	11
0	93	0	92	62	0	7
0	93	0	93	62	0	7
0	93	0	94	62	0	7
0	93	0	95	62	0	7
0	93	0	96	62	0	10
0	93	0	97	62	0	4
0	93	0	98	62	0	10
0	93	0	99	62	0	2
0	93	0	100	62	0	10
0	93	0	101	62	0	13
0	93	0	102	62	0	4
0	93	0	87	61	0	7
0	93	0	88	61	0	1
0	93	0	89	61	0	9
0	93	0	90	61	0	4
0	93	0	91	61	0	4
0	93	0	92	61	0	8
0	93	0	93	61	0	5
0	93	0	94	61	0	12
0	93	0	95	61	0	4
0	93	0	96	61	0	9
0	93	0	97	61	0	8
0	93	0	98	61	0	2
0	93	0	99	61	0	5
0	93	0	100	61	0	17
0	93	0	88	60	0	6
0	93	0	89	60	0	2
0	93	0	90	60	0	18
0	93	0	91	60	0	6
0	93	0	92	60	0	5
0	93	0	93	60	0	5
0	93	0	94	60	0	10
0	93	0	95	60	0	9
0	93	0	96	60	0	8
0	93	0	88	59	0	0
0	93	0	89	59	0	16
0	93	0	90	59	0	1
0	93	0	91	59	0	4
0	93	0	92	59	0	11
0	93	0	93	59	0	13
0	93	0	94	59	0	6
0	93	0	95	59	0	1
0	93	0	89	58	0	5
0	93	0	90	58	0	9
0	93	0	91	58	0	4
0	93	0	92	58	0	5
0	93	0	93	58	0	6
0	93	0	94	58	0	12
0	93	0	91	57	0	9
0	93	0	92	57	0	15
0	93	0	93	57	0	4
0	93	0	96	55	0	7
0	93	0	94	54	0	2
0	93	0	95	54	0	4
0	93	0	96	54	0	5
0	93	0	97	54	0	10
0	93	0	101	54	0	3
0	93	0	102	54	0	9
0	93	0	103	54	0	11
0	93	0	104	54	0	6
0	93	0	93	53	0	2
0	93	0	94	53	0	8
0	93	0	95	53	0	8
0	93	0	96	53	0	8
0	93	0	97	53	0	3
0	93	0	98	53	0	6
0	93	0	99	53	0	1
0	93	0	100	53	0	7
0	93	0	101	53	0	9
0	93	0	102	53	0	13
0	93	0	103	53	0	6
0	93	0	104	53	0	13
0	93	0	105	53	0	0
0	93	0	106	53	0	0
0	93	0	93	52	0	5
0	93	0	94	52	0	10
0	93	0	95	52	0	9
0	93	0	96	52	0	8
0	93	0	97	52	0	5
0	93	0	98	52	0	7
0	93	0	99	52	0	3
0	93	0	100	52	0	8
0	93	0	101	52	0	7
0	93	0	102	52	0	7
0	93	0	103	52	0	0
0	93	0	104	52	0	8
0	93	0	105	52	0	1
0	93	0	106	52	0	2
0	93	0	107	52	0	4
0	93	0	93	51	0	8
0	93	0	94	51	0	4
0	93	0	95	51	0	18
0	93	0	96	51	0	9
0	93	0	97	51	0	7
0	93	0	98	51	0	6
0	93	0	99	51	0	7
0	93	0	100	51	0	6
0	93	0	101	51	0	2
0	93	0	102	51	0	10
0	93	0	103	51	0	11
0	93	0	104	51	0	0
0	93	0	105	51	0	10
0	93	0	106	51	0	9
0	93	0	107	51	0	11
0	93	0	93	50	0	1
0	93	0	94	50	0	6
0	93	0	95	50	0	13
0	93	0	96	50	0	13
0	93	0	97	50	0	6
0	93	0	98	50	0	1
0	93	0	99	50	0	10
0	93	0	100	50	0	4
0	93	0	101	50	0	6
0	93	0	102	50	0	8
0	93	0	103	50	0	5
0	93	0	104	50	0	7
0	93	0	105	50	0	5
0	93	0	106	50	0	7
0	93	0	107	50	0	6
0	93	0	93	49	0	3
0	93	0	94	49	0	9
0	93	0	95	49	0	8
0	93	0	96	49	0	11
0	93	0	97	49	0	9
0	93	0	98	49	0	1
0	93	0	99	49	0	7
0	93	0	100	49	0	3
0	93	0	101	49	0	9
0	93	0	102	49	0	13
0	93	0	103	49	0	10
0	93	0	104	49	0	4
0	93	0	105	49	0	10
0	93	0	106	49	0	0
0	93	0	107	49	0	7
0	93	0	108	49	0	2
0	93	0	94	48	0	3
0	93	0	95	48	0	10
0	93	0	96	48	0	12
0	93	0	97	48	0	11
0	93	0	98	48	0	12
0	93	0	99	48	0	10
0	93	0	100	48	0	2
0	93	0	101	48	0	9
0	93	0	102	48	0	3
0	93	0	103	48	0	12
0	93	0	104	48	0	11
0	93	0	105	48	0	8
0	93	0	106	48	0	18
0	93	0	107	48	0	6
0	93	0	110	48	0	0
0	93	0	111	48	0	0
0	93	0	112	48	0	2
0	93	0	94	47	0	10
0	93	0	95	47	0	0
0	93	0	96	47	0	3
0	93	0	97	47	0	14
0	93	0	98	47	0	8
0	93	0	99	47	0	17
0	93	0	100	47	0	17
0	93	0	101	47	0	9
0	93	0	102	47	0	3
0	93	0	103	47	0	9
0	93	0	104	47	0	0
0	93	0	105	47	0	14
0	93	0	106	47	0	7
0	93	0	107	47	0	8
0	93	0	109	47	0	7
0	93	0	110	47	0	3
0	93	0	111	47	0	0
0	93	0	112	47	0	3
0	93	0	93	46	0	0
0	93	0	94	46	0	12
0	93	0	95	46	0	8
0	93	0	96	46	0	10
0	93	0	97	46	0	10
0	93	0	98	46	0	7
0	93	0	99	46	0	7
0	93	0	100	46	0	6
0	93	0	101	46	0	8
0	93	0	102	46	0	6
0	93	0	103	46	0	0
0	93	0	104	46	0	4
0	93	0	105	46	0	9
0	93	0	106	46	0	8
0	93	0	107	46	0	2
0	93	0	112	46	0	0
0	93	0	114	46	0	4
0	93	0	93	45	0	5
0	93	0	94	45	0	10
0	93	0	95	45	0	3
0	93	0	96	45	0	3
0	93	0	97	45	0	4
0	93	0	98	45	0	16
0	93	0	99	45	0	9
0	93	0	100	45	0	11
0	93	0	101	45	0	10
0	93	0	102	45	0	7
0	93	0	103	45	0	15
0	93	0	104	45	0	2
0	93	0	105	45	0	4
0	93	0	106	45	0	11
0	93	0	110	45	0	1
0	93	0	111	45	0	1
0	93	0	112	45	0	3
0	93	0	94	44	0	4
0	93	0	95	44	0	11
0	93	0	96	44	0	5
0	93	0	97	44	0	11
0	93	0	98	44	0	8
0	93	0	99	44	0	5
0	93	0	100	44	0	5
0	93	0	101	44	0	15
0	93	0	102	44	0	14
0	93	0	103	44	0	5
0	93	0	104	44	0	2
0	93	0	111	44	0	6
0	93	0	112	44	0	5
0	93	0	113	44	0	1
0	93	0	115	44	0	1
0	93	0	95	43	0	9
0	93	0	96	43	0	14
0	93	0	97	43	0	8
0	93	0	98	43	0	9
0	93	0	99	43	0	10
0	93	0	100	43	0	10
0	93	0	101	43	0	4
0	93	0	103	43	0	13
0	93	0	95	42	0	2
0	93	0	96	42	0	11
0	93	0	97	42	0	8
0	93	0	98	42	0	10
0	93	0	99	42	0	0
0	93	0	100	42	0	1
0	93	0	95	41	0	0
0	93	0	96	41	0	3
0	93	0	97	41	0	4
0	93	0	98	41	0	4
0	93	0	99	41	0	5
0	93	0	97	39	0	0
0	93	0	95	38	0	0
0	93	0	96	38	0	3
0	93	0	97	38	0	8
0	93	0	98	38	0	0
0	93	0	92	37	0	2
0	93	0	93	37	0	0
0	93	0	94	37	0	0
0	93	0	95	37	0	0
0	93	0	97	37	0	8
0	93	0	98	37	0	1
0	93	0	101	37	0	5
0	93	0	93	36	0	0
0	93	0	95	36	0	0
0	93	0	97	36	0	0
0	93	0	100	36	0	0
0	93	0	96	35	0	12
0	93	0	97	35	0	0
0	93	0	93	34	0	0
0	93	0	95	34	0	3
0	93	0	99	34	0	3
0	93	0	97	33	0	1
0	93	0	100	33	0	1
0	93	0	94	32	0	0
0	93	0	95	32	0	0
0	93	0	97	32	0	0
0	94	0	95	73	0	4
0	94	0	95	72	0	6
0	94	0	96	72	0	10
0	94	0	97	72	0	12
0	94	0	98	72	0	12
0	94	0	99	72	0	4
0	94	0	100	72	0	1
0	94	0	90	71	0	9
0	94	0	91	71	0	5
0	94	0	92	71	0	0
0	94	0	93	71	0	7
0	94	0	94	71	0	10
0	94	0	95	71	0	7
0	94	0	96	71	0	5
0	94	0	97	71	0	0
0	94	0	98	71	0	12
0	94	0	99	71	0	15
0	94	0	100	71	0	7
0	94	0	101	71	0	4
0	94	0	102	71	0	3
0	94	0	89	70	0	7
0	94	0	90	70	0	4
0	94	0	91	70	0	10
0	94	0	92	70	0	12
0	94	0	93	70	0	13
0	94	0	94	70	0	5
0	94	0	95	70	0	8
0	94	0	96	70	0	9
0	94	0	97	70	0	6
0	94	0	98	70	0	0
0	94	0	99	70	0	6
0	94	0	100	70	0	9
0	94	0	101	70	0	3
0	94	0	102	70	0	6
0	94	0	87	69	0	6
0	94	0	88	69	0	7
0	94	0	89	69	0	14
0	94	0	90	69	0	8
0	94	0	91	69	0	12
0	94	0	92	69	0	5
0	94	0	93	69	0	8
0	94	0	94	69	0	11
0	94	0	95	69	0	4
0	94	0	96	69	0	0
0	94	0	97	69	0	8
0	94	0	98	69	0	7
0	94	0	99	69	0	12
0	94	0	100	69	0	6
0	94	0	101	69	0	7
0	94	0	102	69	0	12
0	94	0	86	68	0	2
0	94	0	87	68	0	14
0	94	0	88	68	0	2
0	94	0	89	68	0	1
0	94	0	90	68	0	3
0	94	0	91	68	0	9
0	94	0	92	68	0	5
0	94	0	93	68	0	7
0	94	0	94	68	0	13
0	94	0	95	68	0	8
0	94	0	96	68	0	7
0	94	0	97	68	0	15
0	94	0	98	68	0	2
0	94	0	99	68	0	11
0	94	0	100	68	0	14
0	94	0	101	68	0	3
0	94	0	102	68	0	17
0	94	0	86	67	0	3
0	94	0	87	67	0	7
0	94	0	88	67	0	8
0	94	0	89	67	0	6
0	94	0	90	67	0	8
0	94	0	91	67	0	0
0	94	0	92	67	0	7
0	94	0	93	67	0	7
0	94	0	94	67	0	5
0	94	0	95	67	0	13
0	94	0	96	67	0	2
0	94	0	97	67	0	14
0	94	0	98	67	0	9
0	94	0	99	67	0	13
0	94	0	100	67	0	13
0	94	0	101	67	0	10
0	94	0	102	67	0	10
0	94	0	87	66	0	11
0	94	0	88	66	0	12
0	94	0	89	66	0	8
0	94	0	90	66	0	3
0	94	0	91	66	0	3
0	94	0	92	66	0	8
0	94	0	93	66	0	10
0	94	0	94	66	0	9
0	94	0	95	66	0	12
0	94	0	96	66	0	7
0	94	0	97	66	0	7
0	94	0	98	66	0	3
0	94	0	99	66	0	7
0	94	0	100	66	0	3
0	94	0	101	66	0	16
0	94	0	102	66	0	11
0	94	0	87	65	0	10
0	94	0	88	65	0	6
0	94	0	89	65	0	12
0	94	0	90	65	0	9
0	94	0	91	65	0	10
0	94	0	92	65	0	4
0	94	0	93	65	0	8
0	94	0	94	65	0	3
0	94	0	95	65	0	6
0	94	0	96	65	0	18
0	94	0	97	65	0	11
0	94	0	98	65	0	6
0	94	0	99	65	0	1
0	94	0	100	65	0	16
0	94	0	101	65	0	9
0	94	0	102	65	0	9
0	94	0	103	65	0	7
0	94	0	87	64	0	9
0	94	0	88	64	0	4
0	94	0	89	64	0	10
0	94	0	90	64	0	10
0	94	0	91	64	0	12
0	94	0	92	64	0	6
0	94	0	93	64	0	4
0	94	0	94	64	0	9
0	94	0	95	64	0	8
0	94	0	96	64	0	3
0	94	0	97	64	0	5
0	94	0	98	64	0	3
0	94	0	99	64	0	8
0	94	0	100	64	0	10
0	94	0	101	64	0	7
0	94	0	102	64	0	8
0	94	0	103	64	0	7
0	94	0	86	63	0	3
0	94	0	87	63	0	6
0	94	0	88	63	0	4
0	94	0	89	63	0	6
0	94	0	90	63	0	8
0	94	0	91	63	0	7
0	94	0	92	63	0	4
0	94	0	93	63	0	11
0	94	0	94	63	0	8
0	94	0	95	63	0	5
0	94	0	96	63	0	14
0	94	0	97	63	0	5
0	94	0	98	63	0	21
0	94	0	99	63	0	5
0	94	0	100	63	0	4
0	94	0	101	63	0	10
0	94	0	102	63	0	2
0	94	0	103	63	0	9
0	94	0	87	62	0	6
0	94	0	88	62	0	7
0	94	0	89	62	0	9
0	94	0	90	62	0	9
0	94	0	91	62	0	9
0	94	0	92	62	0	6
0	94	0	93	62	0	10
0	94	0	94	62	0	12
0	94	0	95	62	0	7
0	94	0	96	62	0	5
0	94	0	97	62	0	3
0	94	0	98	62	0	13
0	94	0	99	62	0	2
0	94	0	100	62	0	6
0	94	0	101	62	0	9
0	94	0	102	62	0	10
0	94	0	87	61	0	3
0	94	0	88	61	0	0
0	94	0	89	61	0	11
0	94	0	90	61	0	5
0	94	0	91	61	0	3
0	94	0	92	61	0	7
0	94	0	93	61	0	4
0	94	0	94	61	0	13
0	94	0	95	61	0	4
0	94	0	96	61	0	8
0	94	0	97	61	0	12
0	94	0	98	61	0	0
0	94	0	99	61	0	5
0	94	0	100	61	0	11
0	94	0	88	60	0	5
0	94	0	89	60	0	2
0	94	0	90	60	0	10
0	94	0	91	60	0	10
0	94	0	92	60	0	2
0	94	0	93	60	0	2
0	94	0	94	60	0	5
0	94	0	95	60	0	6
0	94	0	96	60	0	6
0	94	0	88	59	0	0
0	94	0	89	59	0	10
0	94	0	90	59	0	1
0	94	0	91	59	0	9
0	94	0	92	59	0	11
0	94	0	93	59	0	10
0	94	0	94	59	0	9
0	94	0	95	59	0	4
0	94	0	89	58	0	4
0	94	0	90	58	0	8
0	94	0	91	58	0	8
0	94	0	92	58	0	6
0	94	0	93	58	0	5
0	94	0	94	58	0	11
0	94	0	91	57	0	5
0	94	0	92	57	0	16
0	94	0	93	57	0	3
0	94	0	96	55	0	3
0	94	0	94	54	0	3
0	94	0	95	54	0	5
0	94	0	96	54	0	7
0	94	0	97	54	0	8
0	94	0	101	54	0	4
0	94	0	102	54	0	10
0	94	0	103	54	0	11
0	94	0	104	54	0	3
0	94	0	93	53	0	0
0	94	0	94	53	0	9
0	94	0	95	53	0	3
0	94	0	96	53	0	11
0	94	0	97	53	0	5
0	94	0	98	53	0	9
0	94	0	99	53	0	4
0	94	0	100	53	0	9
0	94	0	101	53	0	8
0	94	0	102	53	0	13
0	94	0	103	53	0	7
0	94	0	104	53	0	15
0	94	0	105	53	0	1
0	94	0	106	53	0	0
0	94	0	93	52	0	7
0	94	0	94	52	0	6
0	94	0	95	52	0	10
0	94	0	96	52	0	13
0	94	0	97	52	0	2
0	94	0	98	52	0	9
0	94	0	99	52	0	6
0	94	0	100	52	0	9
0	94	0	101	52	0	10
0	94	0	102	52	0	2
0	94	0	103	52	0	1
0	94	0	104	52	0	9
0	94	0	105	52	0	2
0	94	0	106	52	0	1
0	94	0	107	52	0	5
0	94	0	93	51	0	9
0	94	0	94	51	0	7
0	94	0	95	51	0	11
0	94	0	96	51	0	4
0	94	0	97	51	0	11
0	94	0	98	51	0	9
0	94	0	99	51	0	13
0	94	0	100	51	0	5
0	94	0	101	51	0	4
0	94	0	102	51	0	8
0	94	0	103	51	0	11
0	94	0	104	51	0	0
0	94	0	105	51	0	5
0	94	0	106	51	0	6
0	94	0	107	51	0	10
0	94	0	93	50	0	2
0	94	0	94	50	0	12
0	94	0	95	50	0	18
0	94	0	96	50	0	9
0	94	0	97	50	0	5
0	94	0	98	50	0	1
0	94	0	99	50	0	12
0	94	0	100	50	0	4
0	94	0	101	50	0	7
0	94	0	102	50	0	8
0	94	0	103	50	0	8
0	94	0	104	50	0	7
0	94	0	105	50	0	4
0	94	0	106	50	0	7
0	94	0	107	50	0	6
0	94	0	93	49	0	5
0	94	0	94	49	0	9
0	94	0	95	49	0	5
0	94	0	96	49	0	8
0	94	0	97	49	0	6
0	94	0	98	49	0	2
0	94	0	99	49	0	9
0	94	0	100	49	0	5
0	94	0	101	49	0	12
0	94	0	102	49	0	12
0	94	0	103	49	0	10
0	94	0	104	49	0	3
0	94	0	105	49	0	8
0	94	0	106	49	0	3
0	94	0	107	49	0	5
0	94	0	108	49	0	4
0	94	0	94	48	0	5
0	94	0	95	48	0	12
0	94	0	96	48	0	9
0	94	0	97	48	0	9
0	94	0	98	48	0	10
0	94	0	99	48	0	5
0	94	0	100	48	0	0
0	94	0	101	48	0	3
0	94	0	102	48	0	3
0	94	0	103	48	0	9
0	94	0	104	48	0	15
0	94	0	105	48	0	9
0	94	0	106	48	0	20
0	94	0	107	48	0	4
0	94	0	110	48	0	0
0	94	0	111	48	0	0
0	94	0	112	48	0	3
0	94	0	94	47	0	12
0	94	0	95	47	0	1
0	94	0	96	47	0	4
0	94	0	97	47	0	9
0	94	0	98	47	0	13
0	94	0	99	47	0	11
0	94	0	100	47	0	8
0	94	0	101	47	0	12
0	94	0	102	47	0	5
0	94	0	103	47	0	8
0	94	0	104	47	0	1
0	94	0	105	47	0	8
0	94	0	106	47	0	13
0	94	0	107	47	0	8
0	94	0	109	47	0	8
0	94	0	110	47	0	3
0	94	0	111	47	0	0
0	94	0	112	47	0	4
0	94	0	93	46	0	0
0	94	0	94	46	0	10
0	94	0	95	46	0	10
0	94	0	96	46	0	9
0	94	0	97	46	0	8
0	94	0	98	46	0	12
0	94	0	99	46	0	6
0	94	0	100	46	0	9
0	94	0	101	46	0	4
0	94	0	102	46	0	6
0	94	0	103	46	0	1
0	94	0	104	46	0	7
0	94	0	105	46	0	10
0	94	0	106	46	0	7
0	94	0	107	46	0	4
0	94	0	112	46	0	0
0	94	0	114	46	0	4
0	94	0	93	45	0	4
0	94	0	94	45	0	9
0	94	0	95	45	0	4
0	94	0	96	45	0	3
0	94	0	97	45	0	7
0	94	0	98	45	0	17
0	94	0	99	45	0	10
0	94	0	100	45	0	16
0	94	0	101	45	0	10
0	94	0	102	45	0	10
0	94	0	103	45	0	15
0	94	0	104	45	0	4
0	94	0	105	45	0	7
0	94	0	106	45	0	15
0	94	0	110	45	0	1
0	94	0	111	45	0	1
0	94	0	112	45	0	8
0	94	0	94	44	0	3
0	94	0	95	44	0	9
0	94	0	96	44	0	6
0	94	0	97	44	0	5
0	94	0	98	44	0	9
0	94	0	99	44	0	5
0	94	0	100	44	0	6
0	94	0	101	44	0	10
0	94	0	102	44	0	11
0	94	0	103	44	0	7
0	94	0	104	44	0	1
0	94	0	111	44	0	9
0	94	0	112	44	0	6
0	94	0	113	44	0	0
0	94	0	115	44	0	2
0	94	0	95	43	0	10
0	94	0	96	43	0	11
0	94	0	97	43	0	13
0	94	0	98	43	0	11
0	94	0	99	43	0	10
0	94	0	100	43	0	10
0	94	0	101	43	0	2
0	94	0	113	43	0	1
0	94	0	95	42	0	3
0	94	0	96	42	0	12
0	94	0	97	42	0	12
0	94	0	98	42	0	9
0	94	0	99	42	0	0
0	94	0	100	42	0	1
0	94	0	95	41	0	0
0	94	0	96	41	0	2
0	94	0	97	41	0	5
0	94	0	98	41	0	9
0	94	0	99	41	0	6
0	94	0	97	39	0	0
0	94	0	95	38	0	0
0	94	0	96	38	0	5
0	94	0	97	38	0	8
0	94	0	98	38	0	0
0	94	0	92	37	0	0
0	94	0	93	37	0	0
0	94	0	94	37	0	0
0	94	0	95	37	0	0
0	94	0	97	37	0	5
0	94	0	98	37	0	0
0	94	0	101	37	0	6
0	94	0	93	36	0	0
0	94	0	95	36	0	0
0	94	0	96	36	0	1
0	94	0	97	36	0	0
0	94	0	100	36	0	0
0	94	0	96	35	0	9
0	94	0	97	35	0	1
0	94	0	93	34	0	0
0	94	0	95	34	0	3
0	94	0	99	34	0	2
0	94	0	97	33	0	0
0	94	0	99	33	0	1
0	94	0	100	33	0	0
0	94	0	94	32	0	0
0	94	0	95	32	0	0
0	94	0	97	32	0	0
0	95	0	95	73	0	9
0	95	0	95	72	0	3
0	95	0	96	72	0	10
0	95	0	97	72	0	8
0	95	0	98	72	0	5
0	95	0	99	72	0	6
0	95	0	100	72	0	3
0	95	0	90	71	0	7
0	95	0	91	71	0	4
0	95	0	92	71	0	0
0	95	0	93	71	0	5
0	95	0	94	71	0	17
0	95	0	95	71	0	6
0	95	0	96	71	0	3
0	95	0	97	71	0	0
0	95	0	98	71	0	12
0	95	0	99	71	0	8
0	95	0	100	71	0	10
0	95	0	101	71	0	6
0	95	0	102	71	0	8
0	95	0	89	70	0	4
0	95	0	90	70	0	8
0	95	0	91	70	0	5
0	95	0	92	70	0	9
0	95	0	93	70	0	13
0	95	0	94	70	0	5
0	95	0	95	70	0	10
0	95	0	96	70	0	10
0	95	0	97	70	0	7
0	95	0	98	70	0	0
0	95	0	99	70	0	9
0	95	0	100	70	0	11
0	95	0	101	70	0	5
0	95	0	102	70	0	6
0	95	0	87	69	0	2
0	95	0	88	69	0	8
0	95	0	89	69	0	7
0	95	0	90	69	0	8
0	95	0	91	69	0	16
0	95	0	92	69	0	9
0	95	0	93	69	0	3
0	95	0	94	69	0	9
0	95	0	95	69	0	3
0	95	0	96	69	0	0
0	95	0	97	69	0	6
0	95	0	98	69	0	8
0	95	0	99	69	0	10
0	95	0	100	69	0	10
0	95	0	101	69	0	9
0	95	0	102	69	0	17
0	95	0	86	68	0	0
0	95	0	87	68	0	17
0	95	0	88	68	0	5
0	95	0	89	68	0	1
0	95	0	90	68	0	5
0	95	0	91	68	0	9
0	95	0	92	68	0	6
0	95	0	93	68	0	9
0	95	0	94	68	0	6
0	95	0	95	68	0	2
0	95	0	96	68	0	12
0	95	0	97	68	0	9
0	95	0	98	68	0	4
0	95	0	99	68	0	6
0	95	0	100	68	0	11
0	95	0	101	68	0	5
0	95	0	102	68	0	13
0	95	0	86	67	0	2
0	95	0	87	67	0	8
0	95	0	88	67	0	11
0	95	0	89	67	0	5
0	95	0	90	67	0	9
0	95	0	91	67	0	0
0	95	0	92	67	0	5
0	95	0	93	67	0	13
0	95	0	94	67	0	8
0	95	0	95	67	0	16
0	95	0	96	67	0	2
0	95	0	97	67	0	10
0	95	0	98	67	0	14
0	95	0	99	67	0	5
0	95	0	100	67	0	7
0	95	0	101	67	0	8
0	95	0	102	67	0	5
0	95	0	87	66	0	15
0	95	0	88	66	0	10
0	95	0	89	66	0	7
0	95	0	90	66	0	6
0	95	0	91	66	0	5
0	95	0	92	66	0	6
0	95	0	93	66	0	11
0	95	0	94	66	0	8
0	95	0	95	66	0	8
0	95	0	96	66	0	4
0	95	0	97	66	0	13
0	95	0	98	66	0	2
0	95	0	99	66	0	3
0	95	0	100	66	0	5
0	95	0	101	66	0	14
0	95	0	102	66	0	6
0	95	0	87	65	0	8
0	95	0	88	65	0	2
0	95	0	89	65	0	6
0	95	0	90	65	0	12
0	95	0	91	65	0	9
0	95	0	92	65	0	0
0	95	0	93	65	0	5
0	95	0	94	65	0	5
0	95	0	95	65	0	6
0	95	0	96	65	0	11
0	95	0	97	65	0	12
0	95	0	98	65	0	7
0	95	0	99	65	0	2
0	95	0	100	65	0	12
0	95	0	101	65	0	14
0	95	0	102	65	0	8
0	95	0	103	65	0	12
0	95	0	87	64	0	9
0	95	0	88	64	0	5
0	95	0	89	64	0	6
0	95	0	90	64	0	10
0	95	0	91	64	0	13
0	95	0	92	64	0	11
0	95	0	93	64	0	6
0	95	0	94	64	0	8
0	95	0	95	64	0	8
0	95	0	96	64	0	3
0	95	0	97	64	0	7
0	95	0	98	64	0	3
0	95	0	99	64	0	8
0	95	0	100	64	0	12
0	95	0	101	64	0	10
0	95	0	102	64	0	11
0	95	0	103	64	0	7
0	95	0	86	63	0	3
0	95	0	87	63	0	7
0	95	0	88	63	0	8
0	95	0	89	63	0	9
0	95	0	90	63	0	15
0	95	0	91	63	0	6
0	95	0	92	63	0	5
0	95	0	93	63	0	10
0	95	0	94	63	0	6
0	95	0	95	63	0	12
0	95	0	96	63	0	8
0	95	0	97	63	0	5
0	95	0	98	63	0	8
0	95	0	99	63	0	5
0	95	0	100	63	0	4
0	95	0	101	63	0	9
0	95	0	102	63	0	1
0	95	0	103	63	0	7
0	95	0	87	62	0	5
0	95	0	88	62	0	13
0	95	0	89	62	0	6
0	95	0	90	62	0	8
0	95	0	91	62	0	8
0	95	0	92	62	0	8
0	95	0	93	62	0	14
0	95	0	94	62	0	12
0	95	0	95	62	0	11
0	95	0	96	62	0	6
0	95	0	97	62	0	8
0	95	0	98	62	0	16
0	95	0	99	62	0	1
0	95	0	100	62	0	6
0	95	0	101	62	0	10
0	95	0	102	62	0	9
0	95	0	87	61	0	4
0	95	0	88	61	0	2
0	95	0	89	61	0	8
0	95	0	90	61	0	6
0	95	0	91	61	0	4
0	95	0	92	61	0	10
0	95	0	93	61	0	7
0	95	0	94	61	0	8
0	95	0	95	61	0	1
0	95	0	96	61	0	10
0	95	0	97	61	0	11
0	95	0	98	61	0	0
0	95	0	99	61	0	4
0	95	0	100	61	0	9
0	95	0	88	60	0	12
0	95	0	89	60	0	3
0	95	0	90	60	0	4
0	95	0	91	60	0	9
0	95	0	92	60	0	2
0	95	0	93	60	0	2
0	95	0	94	60	0	6
0	95	0	95	60	0	7
0	95	0	96	60	0	11
0	95	0	88	59	0	0
0	95	0	89	59	0	6
0	95	0	90	59	0	1
0	95	0	91	59	0	5
0	95	0	92	59	0	9
0	95	0	93	59	0	15
0	95	0	94	59	0	9
0	95	0	95	59	0	2
0	95	0	89	58	0	4
0	95	0	90	58	0	7
0	95	0	91	58	0	7
0	95	0	92	58	0	5
0	95	0	93	58	0	4
0	95	0	94	58	0	10
0	95	0	91	57	0	3
0	95	0	92	57	0	6
0	95	0	93	57	0	5
0	95	0	96	55	0	1
0	95	0	94	54	0	7
0	95	0	95	54	0	6
0	95	0	96	54	0	9
0	95	0	97	54	0	6
0	95	0	101	54	0	5
0	95	0	102	54	0	9
0	95	0	103	54	0	8
0	95	0	104	54	0	5
0	95	0	93	53	0	1
0	95	0	94	53	0	10
0	95	0	95	53	0	4
0	95	0	96	53	0	16
0	95	0	97	53	0	5
0	95	0	98	53	0	5
0	95	0	99	53	0	4
0	95	0	100	53	0	10
0	95	0	101	53	0	7
0	95	0	102	53	0	4
0	95	0	103	53	0	4
0	95	0	104	53	0	11
0	95	0	105	53	0	5
0	95	0	106	53	0	0
0	95	0	93	52	0	8
0	95	0	94	52	0	8
0	95	0	95	52	0	6
0	95	0	96	52	0	15
0	95	0	97	52	0	4
0	95	0	98	52	0	4
0	95	0	99	52	0	6
0	95	0	100	52	0	7
0	95	0	101	52	0	7
0	95	0	102	52	0	6
0	95	0	103	52	0	3
0	95	0	104	52	0	8
0	95	0	105	52	0	0
0	95	0	106	52	0	3
0	95	0	107	52	0	3
0	95	0	93	51	0	8
0	95	0	94	51	0	9
0	95	0	95	51	0	8
0	95	0	96	51	0	1
0	95	0	97	51	0	11
0	95	0	98	51	0	10
0	95	0	99	51	0	7
0	95	0	100	51	0	3
0	95	0	101	51	0	5
0	95	0	102	51	0	6
0	95	0	103	51	0	16
0	95	0	104	51	0	2
0	95	0	105	51	0	6
0	95	0	106	51	0	5
0	95	0	107	51	0	11
0	95	0	93	50	0	5
0	95	0	94	50	0	11
0	95	0	95	50	0	13
0	95	0	96	50	0	9
0	95	0	97	50	0	4
0	95	0	98	50	0	1
0	95	0	99	50	0	11
0	95	0	100	50	0	10
0	95	0	101	50	0	5
0	95	0	102	50	0	6
0	95	0	103	50	0	9
0	95	0	104	50	0	6
0	95	0	105	50	0	4
0	95	0	106	50	0	5
0	95	0	107	50	0	8
0	95	0	93	49	0	4
0	95	0	94	49	0	3
0	95	0	95	49	0	5
0	95	0	96	49	0	7
0	95	0	97	49	0	8
0	95	0	98	49	0	2
0	95	0	99	49	0	11
0	95	0	100	49	0	7
0	95	0	101	49	0	11
0	95	0	102	49	0	11
0	95	0	103	49	0	7
0	95	0	104	49	0	3
0	95	0	105	49	0	8
0	95	0	106	49	0	2
0	95	0	107	49	0	10
0	95	0	108	49	0	4
0	95	0	94	48	0	7
0	95	0	95	48	0	13
0	95	0	96	48	0	13
0	95	0	97	48	0	7
0	95	0	98	48	0	9
0	95	0	99	48	0	8
0	95	0	100	48	0	1
0	95	0	101	48	0	2
0	95	0	102	48	0	3
0	95	0	103	48	0	9
0	95	0	104	48	0	16
0	95	0	105	48	0	12
0	95	0	106	48	0	22
0	95	0	107	48	0	10
0	95	0	110	48	0	0
0	95	0	111	48	0	0
0	95	0	112	48	0	6
0	95	0	94	47	0	11
0	95	0	95	47	0	2
0	95	0	96	47	0	6
0	95	0	97	47	0	9
0	95	0	98	47	0	16
0	95	0	99	47	0	12
0	95	0	100	47	0	6
0	95	0	101	47	0	11
0	95	0	102	47	0	3
0	95	0	103	47	0	12
0	95	0	104	47	0	0
0	95	0	105	47	0	9
0	95	0	106	47	0	11
0	95	0	107	47	0	6
0	95	0	109	47	0	8
0	95	0	110	47	0	4
0	95	0	111	47	0	0
0	95	0	112	47	0	1
0	95	0	93	46	0	0
0	95	0	94	46	0	15
0	95	0	95	46	0	12
0	95	0	96	46	0	8
0	95	0	97	46	0	10
0	95	0	98	46	0	15
0	95	0	99	46	0	8
0	95	0	100	46	0	23
0	95	0	101	46	0	8
0	95	0	102	46	0	7
0	95	0	103	46	0	2
0	95	0	104	46	0	3
0	95	0	105	46	0	17
0	95	0	106	46	0	3
0	95	0	107	46	0	10
0	95	0	112	46	0	0
0	95	0	114	46	0	2
0	95	0	93	45	0	2
0	95	0	94	45	0	14
0	95	0	95	45	0	3
0	95	0	96	45	0	9
0	95	0	97	45	0	7
0	95	0	98	45	0	17
0	95	0	99	45	0	18
0	95	0	100	45	0	13
0	95	0	101	45	0	12
0	95	0	102	45	0	6
0	95	0	103	45	0	17
0	95	0	104	45	0	4
0	95	0	105	45	0	8
0	95	0	106	45	0	13
0	95	0	110	45	0	3
0	95	0	111	45	0	1
0	95	0	112	45	0	9
0	95	0	114	45	0	1
0	95	0	94	44	0	3
0	95	0	95	44	0	9
0	95	0	96	44	0	2
0	95	0	97	44	0	6
0	95	0	98	44	0	8
0	95	0	99	44	0	8
0	95	0	100	44	0	9
0	95	0	101	44	0	10
0	95	0	102	44	0	15
0	95	0	103	44	0	4
0	95	0	104	44	0	3
0	95	0	111	44	0	11
0	95	0	112	44	0	8
0	95	0	113	44	0	0
0	95	0	115	44	0	1
0	95	0	95	43	0	12
0	95	0	96	43	0	8
0	95	0	97	43	0	14
0	95	0	98	43	0	12
0	95	0	99	43	0	8
0	95	0	100	43	0	9
0	95	0	101	43	0	2
0	95	0	113	43	0	1
0	95	0	95	42	0	3
0	95	0	96	42	0	5
0	95	0	97	42	0	11
0	95	0	98	42	0	14
0	95	0	99	42	0	1
0	95	0	100	42	0	3
0	95	0	95	41	0	0
0	95	0	96	41	0	3
0	95	0	97	41	0	3
0	95	0	98	41	0	10
0	95	0	99	41	0	6
0	95	0	97	39	0	0
0	95	0	95	38	0	0
0	95	0	96	38	0	8
0	95	0	97	38	0	8
0	95	0	98	38	0	1
0	95	0	92	37	0	0
0	95	0	93	37	0	0
0	95	0	94	37	0	0
0	95	0	95	37	0	0
0	95	0	97	37	0	9
0	95	0	98	37	0	0
0	95	0	101	37	0	8
0	95	0	93	36	0	0
0	95	0	95	36	0	0
0	95	0	96	36	0	0
0	95	0	97	36	0	0
0	95	0	100	36	0	0
0	95	0	101	36	0	1
0	95	0	96	35	0	9
0	95	0	97	35	0	0
0	95	0	93	34	0	0
0	95	0	95	34	0	6
0	95	0	99	34	0	5
0	95	0	97	33	0	0
0	95	0	99	33	0	2
0	95	0	100	33	0	0
0	95	0	94	32	0	0
0	95	0	95	32	0	0
0	95	0	97	32	0	0
0	96	0	95	73	0	6
0	96	0	95	72	0	6
0	96	0	96	72	0	10
0	96	0	97	72	0	9
0	96	0	98	72	0	9
0	96	0	99	72	0	4
0	96	0	100	72	0	7
0	96	0	90	71	0	4
0	96	0	91	71	0	6
0	96	0	92	71	0	0
0	96	0	93	71	0	2
0	96	0	94	71	0	16
0	96	0	95	71	0	5
0	96	0	96	71	0	2
0	96	0	97	71	0	0
0	96	0	98	71	0	6
0	96	0	99	71	0	4
0	96	0	100	71	0	13
0	96	0	101	71	0	4
0	96	0	102	71	0	7
0	96	0	89	70	0	5
0	96	0	90	70	0	5
0	96	0	91	70	0	5
0	96	0	92	70	0	14
0	96	0	93	70	0	12
0	96	0	94	70	0	7
0	96	0	95	70	0	14
0	96	0	96	70	0	7
0	96	0	97	70	0	14
0	96	0	98	70	0	0
0	96	0	99	70	0	3
0	96	0	100	70	0	12
0	96	0	101	70	0	5
0	96	0	102	70	0	6
0	96	0	87	69	0	3
0	96	0	88	69	0	10
0	96	0	89	69	0	8
0	96	0	90	69	0	5
0	96	0	91	69	0	17
0	96	0	92	69	0	11
0	96	0	93	69	0	3
0	96	0	94	69	0	11
0	96	0	95	69	0	5
0	96	0	96	69	0	0
0	96	0	97	69	0	7
0	96	0	98	69	0	10
0	96	0	99	69	0	8
0	96	0	100	69	0	4
0	96	0	101	69	0	17
0	96	0	102	69	0	15
0	96	0	86	68	0	0
0	96	0	87	68	0	14
0	96	0	88	68	0	5
0	96	0	89	68	0	3
0	96	0	90	68	0	11
0	96	0	91	68	0	8
0	96	0	92	68	0	4
0	96	0	93	68	0	9
0	96	0	94	68	0	8
0	96	0	95	68	0	4
0	96	0	96	68	0	15
0	96	0	97	68	0	6
0	96	0	98	68	0	6
0	96	0	99	68	0	2
0	96	0	100	68	0	6
0	96	0	101	68	0	6
0	96	0	102	68	0	11
0	96	0	86	67	0	4
0	96	0	87	67	0	7
0	96	0	88	67	0	10
0	96	0	89	67	0	9
0	96	0	90	67	0	10
0	96	0	91	67	0	0
0	96	0	92	67	0	7
0	96	0	93	67	0	10
0	96	0	94	67	0	4
0	96	0	95	67	0	14
0	96	0	96	67	0	4
0	96	0	97	67	0	11
0	96	0	98	67	0	5
0	96	0	99	67	0	5
0	96	0	100	67	0	3
0	96	0	101	67	0	10
0	96	0	102	67	0	5
0	96	0	87	66	0	12
0	96	0	88	66	0	2
0	96	0	89	66	0	7
0	96	0	90	66	0	6
0	96	0	91	66	0	4
0	96	0	92	66	0	5
0	96	0	93	66	0	8
0	96	0	94	66	0	11
0	96	0	95	66	0	8
0	96	0	96	66	0	6
0	96	0	97	66	0	7
0	96	0	98	66	0	3
0	96	0	99	66	0	5
0	96	0	100	66	0	11
0	96	0	101	66	0	10
0	96	0	102	66	0	7
0	96	0	87	65	0	7
0	96	0	88	65	0	2
0	96	0	89	65	0	8
0	96	0	90	65	0	7
0	96	0	91	65	0	7
0	96	0	92	65	0	1
0	96	0	93	65	0	10
0	96	0	94	65	0	8
0	96	0	95	65	0	7
0	96	0	96	65	0	10
0	96	0	97	65	0	4
0	96	0	98	65	0	12
0	96	0	99	65	0	2
0	96	0	100	65	0	9
0	96	0	101	65	0	9
0	96	0	102	65	0	7
0	96	0	103	65	0	7
0	96	0	87	64	0	9
0	96	0	88	64	0	8
0	96	0	89	64	0	3
0	96	0	90	64	0	7
0	96	0	91	64	0	14
0	96	0	92	64	0	13
0	96	0	93	64	0	8
0	96	0	94	64	0	8
0	96	0	95	64	0	1
0	96	0	96	64	0	5
0	96	0	97	64	0	5
0	96	0	98	64	0	3
0	96	0	99	64	0	8
0	96	0	100	64	0	6
0	96	0	101	64	0	7
0	96	0	102	64	0	11
0	96	0	103	64	0	12
0	96	0	86	63	0	2
0	96	0	87	63	0	8
0	96	0	88	63	0	3
0	96	0	89	63	0	3
0	96	0	90	63	0	11
0	96	0	91	63	0	8
0	96	0	92	63	0	4
0	96	0	93	63	0	6
0	96	0	94	63	0	5
0	96	0	95	63	0	11
0	96	0	96	63	0	8
0	96	0	97	63	0	6
0	96	0	98	63	0	5
0	96	0	99	63	0	7
0	96	0	100	63	0	8
0	96	0	101	63	0	8
0	96	0	102	63	0	2
0	96	0	103	63	0	9
0	96	0	87	62	0	7
0	96	0	88	62	0	10
0	96	0	89	62	0	16
0	96	0	90	62	0	12
0	96	0	91	62	0	8
0	96	0	92	62	0	7
0	96	0	93	62	0	19
0	96	0	94	62	0	9
0	96	0	95	62	0	16
0	96	0	96	62	0	11
0	96	0	97	62	0	12
0	96	0	98	62	0	12
0	96	0	99	62	0	0
0	96	0	100	62	0	16
0	96	0	101	62	0	11
0	96	0	102	62	0	7
0	96	0	87	61	0	5
0	96	0	88	61	0	1
0	96	0	89	61	0	2
0	96	0	90	61	0	5
0	96	0	91	61	0	4
0	96	0	92	61	0	11
0	96	0	93	61	0	6
0	96	0	94	61	0	4
0	96	0	95	61	0	1
0	96	0	96	61	0	14
0	96	0	97	61	0	13
0	96	0	98	61	0	0
0	96	0	99	61	0	5
0	96	0	100	61	0	10
0	96	0	88	60	0	12
0	96	0	89	60	0	2
0	96	0	90	60	0	5
0	96	0	91	60	0	6
0	96	0	92	60	0	4
0	96	0	93	60	0	3
0	96	0	94	60	0	6
0	96	0	95	60	0	3
0	96	0	96	60	0	16
0	96	0	88	59	0	0
0	96	0	89	59	0	4
0	96	0	90	59	0	4
0	96	0	91	59	0	10
0	96	0	92	59	0	16
0	96	0	93	59	0	15
0	96	0	94	59	0	6
0	96	0	95	59	0	2
0	96	0	89	58	0	4
0	96	0	90	58	0	7
0	96	0	91	58	0	11
0	96	0	92	58	0	4
0	96	0	93	58	0	3
0	96	0	94	58	0	5
0	96	0	91	57	0	2
0	96	0	92	57	0	3
0	96	0	93	57	0	7
0	96	0	96	55	0	2
0	96	0	94	54	0	8
0	96	0	95	54	0	6
0	96	0	96	54	0	9
0	96	0	97	54	0	9
0	96	0	101	54	0	5
0	96	0	102	54	0	12
0	96	0	103	54	0	8
0	96	0	104	54	0	2
0	96	0	93	53	0	0
0	96	0	94	53	0	10
0	96	0	95	53	0	5
0	96	0	96	53	0	9
0	96	0	97	53	0	7
0	96	0	98	53	0	3
0	96	0	99	53	0	4
0	96	0	100	53	0	13
0	96	0	101	53	0	8
0	96	0	102	53	0	7
0	96	0	103	53	0	3
0	96	0	104	53	0	11
0	96	0	105	53	0	4
0	96	0	106	53	0	0
0	96	0	93	52	0	7
0	96	0	94	52	0	7
0	96	0	95	52	0	5
0	96	0	96	52	0	5
0	96	0	97	52	0	6
0	96	0	98	52	0	5
0	96	0	99	52	0	4
0	96	0	100	52	0	12
0	96	0	101	52	0	2
0	96	0	102	52	0	5
0	96	0	103	52	0	2
0	96	0	104	52	0	11
0	96	0	105	52	0	0
0	96	0	106	52	0	5
0	96	0	107	52	0	5
0	96	0	93	51	0	5
0	96	0	94	51	0	12
0	96	0	95	51	0	11
0	96	0	96	51	0	1
0	96	0	97	51	0	7
0	96	0	98	51	0	14
0	96	0	99	51	0	6
0	96	0	100	51	0	7
0	96	0	101	51	0	9
0	96	0	102	51	0	9
0	96	0	103	51	0	20
0	96	0	104	51	0	3
0	96	0	105	51	0	4
0	96	0	106	51	0	14
0	96	0	107	51	0	15
0	96	0	93	50	0	2
0	96	0	94	50	0	10
0	96	0	95	50	0	18
0	96	0	96	50	0	12
0	96	0	97	50	0	3
0	96	0	98	50	0	2
0	96	0	99	50	0	12
0	96	0	100	50	0	15
0	96	0	101	50	0	5
0	96	0	102	50	0	6
0	96	0	103	50	0	6
0	96	0	104	50	0	8
0	96	0	105	50	0	6
0	96	0	106	50	0	5
0	96	0	107	50	0	7
0	96	0	93	49	0	9
0	96	0	94	49	0	4
0	96	0	95	49	0	3
0	96	0	96	49	0	5
0	96	0	97	49	0	8
0	96	0	98	49	0	3
0	96	0	99	49	0	6
0	96	0	100	49	0	9
0	96	0	101	49	0	9
0	96	0	102	49	0	12
0	96	0	103	49	0	8
0	96	0	104	49	0	3
0	96	0	105	49	0	3
0	96	0	106	49	0	4
0	96	0	107	49	0	7
0	96	0	108	49	0	6
0	96	0	94	48	0	3
0	96	0	95	48	0	13
0	96	0	96	48	0	9
0	96	0	97	48	0	8
0	96	0	98	48	0	9
0	96	0	99	48	0	7
0	96	0	100	48	0	3
0	96	0	101	48	0	3
0	96	0	102	48	0	8
0	96	0	103	48	0	11
0	96	0	104	48	0	14
0	96	0	105	48	0	15
0	96	0	106	48	0	12
0	96	0	107	48	0	9
0	96	0	110	48	0	0
0	96	0	111	48	0	0
0	96	0	112	48	0	5
0	96	0	94	47	0	6
0	96	0	95	47	0	4
0	96	0	96	47	0	9
0	96	0	97	47	0	10
0	96	0	98	47	0	14
0	96	0	99	47	0	14
0	96	0	100	47	0	9
0	96	0	101	47	0	11
0	96	0	102	47	0	4
0	96	0	103	47	0	8
0	96	0	104	47	0	1
0	96	0	105	47	0	15
0	96	0	106	47	0	9
0	96	0	107	47	0	16
0	96	0	109	47	0	6
0	96	0	110	47	0	4
0	96	0	111	47	0	0
0	96	0	112	47	0	3
0	96	0	114	47	0	1
0	96	0	93	46	0	1
0	96	0	94	46	0	16
0	96	0	95	46	0	13
0	96	0	96	46	0	8
0	96	0	97	46	0	2
0	96	0	98	46	0	12
0	96	0	99	46	0	10
0	96	0	100	46	0	18
0	96	0	101	46	0	11
0	96	0	102	46	0	4
0	96	0	103	46	0	1
0	96	0	104	46	0	2
0	96	0	105	46	0	12
0	96	0	106	46	0	6
0	96	0	107	46	0	9
0	96	0	112	46	0	0
0	96	0	114	46	0	2
0	96	0	93	45	0	2
0	96	0	94	45	0	10
0	96	0	95	45	0	2
0	96	0	96	45	0	10
0	96	0	97	45	0	1
0	96	0	98	45	0	18
0	96	0	99	45	0	12
0	96	0	100	45	0	14
0	96	0	101	45	0	10
0	96	0	102	45	0	11
0	96	0	103	45	0	16
0	96	0	104	45	0	6
0	96	0	105	45	0	11
0	96	0	106	45	0	10
0	96	0	110	45	0	1
0	96	0	111	45	0	3
0	96	0	112	45	0	13
0	96	0	114	45	0	2
0	96	0	94	44	0	3
0	96	0	95	44	0	8
0	96	0	96	44	0	4
0	96	0	97	44	0	6
0	96	0	98	44	0	8
0	96	0	99	44	0	9
0	96	0	100	44	0	15
0	96	0	101	44	0	9
0	96	0	102	44	0	13
0	96	0	104	44	0	4
0	96	0	111	44	0	8
0	96	0	112	44	0	7
0	96	0	113	44	0	0
0	96	0	115	44	0	2
0	96	0	95	43	0	7
0	96	0	96	43	0	9
0	96	0	97	43	0	13
0	96	0	98	43	0	13
0	96	0	99	43	0	8
0	96	0	100	43	0	9
0	96	0	101	43	0	4
0	96	0	112	43	0	1
0	96	0	113	43	0	1
0	96	0	95	42	0	5
0	96	0	96	42	0	5
0	96	0	97	42	0	9
0	96	0	98	42	0	12
0	96	0	99	42	0	2
0	96	0	100	42	0	1
0	96	0	95	41	0	0
0	96	0	96	41	0	2
0	96	0	97	41	0	2
0	96	0	98	41	0	10
0	96	0	99	41	0	5
0	96	0	97	39	0	0
0	96	0	94	38	0	1
0	96	0	95	38	0	0
0	96	0	96	38	0	6
0	96	0	97	38	0	7
0	96	0	98	38	0	1
0	96	0	92	37	0	0
0	96	0	93	37	0	0
0	96	0	94	37	0	0
0	96	0	95	37	0	0
0	96	0	97	37	0	9
0	96	0	98	37	0	0
0	96	0	101	37	0	8
0	96	0	93	36	0	0
0	96	0	95	36	0	0
0	96	0	96	36	0	0
0	96	0	97	36	0	0
0	96	0	100	36	0	0
0	96	0	101	36	0	1
0	96	0	96	35	0	10
0	96	0	97	35	0	0
0	96	0	93	34	0	0
0	96	0	95	34	0	5
0	96	0	96	34	0	1
0	96	0	97	34	0	1
0	96	0	99	34	0	2
0	96	0	97	33	0	0
0	96	0	99	33	0	3
0	96	0	100	33	0	0
0	96	0	94	32	0	0
0	96	0	95	32	0	0
0	96	0	97	32	0	0
0	97	0	95	73	0	5
0	97	0	95	72	0	6
0	97	0	96	72	0	5
0	97	0	97	72	0	7
0	97	0	98	72	0	4
0	97	0	99	72	0	5
0	97	0	100	72	0	9
0	97	0	90	71	0	5
0	97	0	91	71	0	7
0	97	0	92	71	0	1
0	97	0	93	71	0	5
0	97	0	94	71	0	11
0	97	0	95	71	0	6
0	97	0	96	71	0	0
0	97	0	97	71	0	2
0	97	0	98	71	0	5
0	97	0	99	71	0	3
0	97	0	100	71	0	14
0	97	0	101	71	0	4
0	97	0	102	71	0	14
0	97	0	89	70	0	8
0	97	0	90	70	0	3
0	97	0	91	70	0	3
0	97	0	92	70	0	11
0	97	0	93	70	0	7
0	97	0	94	70	0	7
0	97	0	95	70	0	9
0	97	0	96	70	0	5
0	97	0	97	70	0	14
0	97	0	98	70	0	2
0	97	0	99	70	0	4
0	97	0	100	70	0	10
0	97	0	101	70	0	4
0	97	0	102	70	0	5
0	97	0	87	69	0	4
0	97	0	88	69	0	10
0	97	0	89	69	0	9
0	97	0	90	69	0	4
0	97	0	91	69	0	13
0	97	0	92	69	0	7
0	97	0	93	69	0	4
0	97	0	94	69	0	11
0	97	0	95	69	0	8
0	97	0	96	69	0	2
0	97	0	97	69	0	2
0	97	0	98	69	0	10
0	97	0	99	69	0	18
0	97	0	100	69	0	4
0	97	0	101	69	0	15
0	97	0	102	69	0	8
0	97	0	86	68	0	0
0	97	0	87	68	0	12
0	97	0	88	68	0	12
0	97	0	89	68	0	4
0	97	0	90	68	0	17
0	97	0	91	68	0	7
0	97	0	92	68	0	15
0	97	0	93	68	0	10
0	97	0	94	68	0	9
0	97	0	95	68	0	6
0	97	0	96	68	0	19
0	97	0	97	68	0	5
0	97	0	98	68	0	9
0	97	0	99	68	0	5
0	97	0	100	68	0	11
0	97	0	101	68	0	5
0	97	0	102	68	0	10
0	97	0	86	67	0	3
0	97	0	87	67	0	6
0	97	0	88	67	0	6
0	97	0	89	67	0	16
0	97	0	90	67	0	13
0	97	0	91	67	0	0
0	97	0	92	67	0	16
0	97	0	93	67	0	10
0	97	0	94	67	0	8
0	97	0	95	67	0	11
0	97	0	96	67	0	3
0	97	0	97	67	0	12
0	97	0	98	67	0	1
0	97	0	99	67	0	3
0	97	0	100	67	0	6
0	97	0	101	67	0	10
0	97	0	102	67	0	8
0	97	0	87	66	0	9
0	97	0	88	66	0	3
0	97	0	89	66	0	9
0	97	0	90	66	0	4
0	97	0	91	66	0	3
0	97	0	92	66	0	6
0	97	0	93	66	0	8
0	97	0	94	66	0	3
0	97	0	95	66	0	7
0	97	0	96	66	0	7
0	97	0	97	66	0	6
0	97	0	98	66	0	5
0	97	0	99	66	0	3
0	97	0	100	66	0	10
0	97	0	101	66	0	5
0	97	0	102	66	0	6
0	97	0	87	65	0	7
0	97	0	88	65	0	1
0	97	0	89	65	0	10
0	97	0	90	65	0	10
0	97	0	91	65	0	4
0	97	0	92	65	0	2
0	97	0	93	65	0	9
0	97	0	94	65	0	5
0	97	0	95	65	0	13
0	97	0	96	65	0	13
0	97	0	97	65	0	4
0	97	0	98	65	0	11
0	97	0	99	65	0	7
0	97	0	100	65	0	9
0	97	0	101	65	0	9
0	97	0	102	65	0	5
0	97	0	103	65	0	8
0	97	0	87	64	0	12
0	97	0	88	64	0	4
0	97	0	89	64	0	3
0	97	0	90	64	0	6
0	97	0	91	64	0	19
0	97	0	92	64	0	15
0	97	0	93	64	0	10
0	97	0	94	64	0	8
0	97	0	95	64	0	1
0	97	0	96	64	0	4
0	97	0	97	64	0	10
0	97	0	98	64	0	5
0	97	0	99	64	0	11
0	97	0	100	64	0	8
0	97	0	101	64	0	9
0	97	0	102	64	0	10
0	97	0	103	64	0	12
0	97	0	86	63	0	1
0	97	0	87	63	0	3
0	97	0	88	63	0	6
0	97	0	89	63	0	6
0	97	0	90	63	0	15
0	97	0	91	63	0	5
0	97	0	92	63	0	4
0	97	0	93	63	0	9
0	97	0	94	63	0	8
0	97	0	95	63	0	18
0	97	0	96	63	0	10
0	97	0	97	63	0	5
0	97	0	98	63	0	4
0	97	0	99	63	0	17
0	97	0	100	63	0	13
0	97	0	101	63	0	10
0	97	0	102	63	0	6
0	97	0	103	63	0	6
0	97	0	87	62	0	7
0	97	0	88	62	0	8
0	97	0	89	62	0	15
0	97	0	90	62	0	8
0	97	0	91	62	0	6
0	97	0	92	62	0	9
0	97	0	93	62	0	22
0	97	0	94	62	0	5
0	97	0	95	62	0	17
0	97	0	96	62	0	14
0	97	0	97	62	0	16
0	97	0	98	62	0	15
0	97	0	99	62	0	1
0	97	0	100	62	0	12
0	97	0	101	62	0	8
0	97	0	102	62	0	8
0	97	0	87	61	0	2
0	97	0	88	61	0	4
0	97	0	89	61	0	2
0	97	0	90	61	0	9
0	97	0	91	61	0	7
0	97	0	92	61	0	6
0	97	0	93	61	0	4
0	97	0	94	61	0	2
0	97	0	95	61	0	4
0	97	0	96	61	0	15
0	97	0	97	61	0	14
0	97	0	98	61	0	1
0	97	0	99	61	0	8
0	97	0	100	61	0	8
0	97	0	88	60	0	7
0	97	0	89	60	0	4
0	97	0	90	60	0	9
0	97	0	91	60	0	3
0	97	0	92	60	0	5
0	97	0	93	60	0	2
0	97	0	94	60	0	9
0	97	0	95	60	0	7
0	97	0	96	60	0	11
0	97	0	88	59	0	0
0	97	0	89	59	0	4
0	97	0	90	59	0	3
0	97	0	91	59	0	13
0	97	0	92	59	0	15
0	97	0	93	59	0	10
0	97	0	94	59	0	8
0	97	0	95	59	0	2
0	97	0	89	58	0	3
0	97	0	90	58	0	7
0	97	0	91	58	0	4
0	97	0	92	58	0	7
0	97	0	93	58	0	7
0	97	0	94	58	0	9
0	97	0	91	57	0	3
0	97	0	92	57	0	6
0	97	0	93	57	0	5
0	97	0	96	55	0	3
0	97	0	94	54	0	4
0	97	0	95	54	0	7
0	97	0	96	54	0	9
0	97	0	97	54	0	10
0	97	0	101	54	0	2
0	97	0	102	54	0	9
0	97	0	103	54	0	12
0	97	0	104	54	0	3
0	97	0	93	53	0	1
0	97	0	94	53	0	11
0	97	0	95	53	0	11
0	97	0	96	53	0	14
0	97	0	97	53	0	2
0	97	0	98	53	0	6
0	97	0	99	53	0	4
0	97	0	100	53	0	8
0	97	0	101	53	0	6
0	97	0	102	53	0	5
0	97	0	103	53	0	3
0	97	0	104	53	0	14
0	97	0	105	53	0	9
0	97	0	106	53	0	1
0	97	0	93	52	0	2
0	97	0	94	52	0	7
0	97	0	95	52	0	8
0	97	0	96	52	0	6
0	97	0	97	52	0	8
0	97	0	98	52	0	5
0	97	0	99	52	0	9
0	97	0	100	52	0	14
0	97	0	101	52	0	6
0	97	0	102	52	0	8
0	97	0	103	52	0	2
0	97	0	104	52	0	9
0	97	0	105	52	0	1
0	97	0	106	52	0	2
0	97	0	107	52	0	5
0	97	0	93	51	0	12
0	97	0	94	51	0	14
0	97	0	95	51	0	14
0	97	0	96	51	0	1
0	97	0	97	51	0	6
0	97	0	98	51	0	15
0	97	0	99	51	0	5
0	97	0	100	51	0	5
0	97	0	101	51	0	10
0	97	0	102	51	0	7
0	97	0	103	51	0	10
0	97	0	104	51	0	0
0	97	0	105	51	0	3
0	97	0	106	51	0	14
0	97	0	107	51	0	14
0	97	0	93	50	0	1
0	97	0	94	50	0	9
0	97	0	95	50	0	7
0	97	0	96	50	0	7
0	97	0	97	50	0	3
0	97	0	98	50	0	2
0	97	0	99	50	0	11
0	97	0	100	50	0	10
0	97	0	101	50	0	7
0	97	0	102	50	0	5
0	97	0	103	50	0	10
0	97	0	104	50	0	5
0	97	0	105	50	0	6
0	97	0	106	50	0	5
0	97	0	107	50	0	5
0	97	0	93	49	0	7
0	97	0	94	49	0	7
0	97	0	95	49	0	4
0	97	0	96	49	0	10
0	97	0	97	49	0	12
0	97	0	98	49	0	6
0	97	0	99	49	0	11
0	97	0	100	49	0	7
0	97	0	101	49	0	9
0	97	0	102	49	0	7
0	97	0	103	49	0	5
0	97	0	104	49	0	4
0	97	0	105	49	0	1
0	97	0	106	49	0	5
0	97	0	107	49	0	8
0	97	0	108	49	0	10
0	97	0	94	48	0	3
0	97	0	95	48	0	6
0	97	0	96	48	0	5
0	97	0	97	48	0	9
0	97	0	98	48	0	12
0	97	0	99	48	0	6
0	97	0	100	48	0	8
0	97	0	101	48	0	6
0	97	0	102	48	0	11
0	97	0	103	48	0	11
0	97	0	104	48	0	14
0	97	0	105	48	0	16
0	97	0	106	48	0	5
0	97	0	107	48	0	7
0	97	0	110	48	0	0
0	97	0	111	48	0	1
0	97	0	112	48	0	7
0	97	0	94	47	0	5
0	97	0	95	47	0	6
0	97	0	96	47	0	9
0	97	0	97	47	0	11
0	97	0	98	47	0	13
0	97	0	99	47	0	15
0	97	0	100	47	0	8
0	97	0	101	47	0	9
0	97	0	102	47	0	4
0	97	0	103	47	0	10
0	97	0	104	47	0	5
0	97	0	105	47	0	13
0	97	0	106	47	0	6
0	97	0	107	47	0	16
0	97	0	109	47	0	6
0	97	0	110	47	0	3
0	97	0	111	47	0	1
0	97	0	112	47	0	5
0	97	0	114	47	0	3
0	97	0	93	46	0	2
0	97	0	94	46	0	6
0	97	0	95	46	0	10
0	97	0	96	46	0	9
0	97	0	97	46	0	4
0	97	0	98	46	0	5
0	97	0	99	46	0	10
0	97	0	100	46	0	15
0	97	0	101	46	0	10
0	97	0	102	46	0	8
0	97	0	103	46	0	2
0	97	0	104	46	0	2
0	97	0	105	46	0	11
0	97	0	106	46	0	4
0	97	0	107	46	0	8
0	97	0	112	46	0	0
0	97	0	114	46	0	2
0	97	0	93	45	0	3
0	97	0	94	45	0	8
0	97	0	95	45	0	5
0	97	0	96	45	0	5
0	97	0	97	45	0	1
0	97	0	98	45	0	14
0	97	0	99	45	0	8
0	97	0	100	45	0	12
0	97	0	101	45	0	13
0	97	0	102	45	0	10
0	97	0	103	45	0	13
0	97	0	104	45	0	4
0	97	0	105	45	0	11
0	97	0	106	45	0	9
0	97	0	110	45	0	2
0	97	0	111	45	0	2
0	97	0	112	45	0	12
0	97	0	114	45	0	2
0	97	0	94	44	0	9
0	97	0	95	44	0	10
0	97	0	96	44	0	5
0	97	0	97	44	0	5
0	97	0	98	44	0	4
0	97	0	99	44	0	10
0	97	0	100	44	0	13
0	97	0	101	44	0	7
0	97	0	102	44	0	6
0	97	0	104	44	0	7
0	97	0	111	44	0	8
0	97	0	112	44	0	9
0	97	0	113	44	0	0
0	97	0	114	44	0	1
0	97	0	115	44	0	3
0	97	0	95	43	0	9
0	97	0	96	43	0	5
0	97	0	97	43	0	14
0	97	0	98	43	0	8
0	97	0	99	43	0	14
0	97	0	100	43	0	7
0	97	0	101	43	0	4
0	97	0	111	43	0	1
0	97	0	112	43	0	0
0	97	0	113	43	0	0
0	97	0	95	42	0	11
0	97	0	96	42	0	11
0	97	0	97	42	0	12
0	97	0	98	42	0	6
0	97	0	99	42	0	3
0	97	0	100	42	0	4
0	97	0	114	42	0	1
0	97	0	95	41	0	0
0	97	0	96	41	0	1
0	97	0	97	41	0	1
0	97	0	98	41	0	7
0	97	0	99	41	0	3
0	97	0	97	39	0	0
0	97	0	94	38	0	2
0	97	0	95	38	0	0
0	97	0	96	38	0	4
0	97	0	97	38	0	6
0	97	0	98	38	0	1
0	97	0	92	37	0	0
0	97	0	93	37	0	0
0	97	0	94	37	0	0
0	97	0	95	37	0	0
0	97	0	97	37	0	10
0	97	0	98	37	0	0
0	97	0	101	37	0	10
0	97	0	93	36	0	0
0	97	0	95	36	0	0
0	97	0	96	36	0	0
0	97	0	97	36	0	0
0	97	0	100	36	0	0
0	97	0	101	36	0	0
0	97	0	96	35	0	11
0	97	0	97	35	0	0
0	97	0	100	35	0	1
0	97	0	93	34	0	0
0	97	0	95	34	0	6
0	97	0	96	34	0	2
0	97	0	97	34	0	2
0	97	0	99	34	0	4
0	97	0	95	33	0	1
0	97	0	97	33	0	0
0	97	0	99	33	0	2
0	97	0	100	33	0	0
0	97	0	94	32	0	0
0	97	0	95	32	0	0
0	97	0	97	32	0	0
0	98	0	95	73	0	7
0	98	0	95	72	0	11
0	98	0	96	72	0	3
0	98	0	97	72	0	5
0	98	0	98	72	0	9
0	98	0	99	72	0	5
0	98	0	100	72	0	7
0	98	0	90	71	0	8
0	98	0	91	71	0	14
0	98	0	92	71	0	3
0	98	0	93	71	0	7
0	98	0	94	71	0	12
0	98	0	95	71	0	6
0	98	0	96	71	0	1
0	98	0	97	71	0	3
0	98	0	98	71	0	5
0	98	0	99	71	0	2
0	98	0	100	71	0	11
0	98	0	101	71	0	6
0	98	0	102	71	0	9
0	98	0	89	70	0	9
0	98	0	90	70	0	2
0	98	0	91	70	0	6
0	98	0	92	70	0	11
0	98	0	93	70	0	10
0	98	0	94	70	0	8
0	98	0	95	70	0	8
0	98	0	96	70	0	8
0	98	0	97	70	0	7
0	98	0	98	70	0	4
0	98	0	99	70	0	1
0	98	0	100	70	0	6
0	98	0	101	70	0	5
0	98	0	102	70	0	8
0	98	0	87	69	0	3
0	98	0	88	69	0	15
0	98	0	89	69	0	9
0	98	0	90	69	0	2
0	98	0	91	69	0	13
0	98	0	92	69	0	9
0	98	0	93	69	0	5
0	98	0	94	69	0	13
0	98	0	95	69	0	4
0	98	0	96	69	0	0
0	98	0	97	69	0	1
0	98	0	98	69	0	11
0	98	0	99	69	0	11
0	98	0	100	69	0	7
0	98	0	101	69	0	13
0	98	0	102	69	0	6
0	98	0	86	68	0	0
0	98	0	87	68	0	17
0	98	0	88	68	0	12
0	98	0	89	68	0	2
0	98	0	90	68	0	9
0	98	0	91	68	0	6
0	98	0	92	68	0	15
0	98	0	93	68	0	11
0	98	0	94	68	0	7
0	98	0	95	68	0	7
0	98	0	96	68	0	15
0	98	0	97	68	0	6
0	98	0	98	68	0	4
0	98	0	99	68	0	7
0	98	0	100	68	0	11
0	98	0	101	68	0	2
0	98	0	102	68	0	15
0	98	0	86	67	0	3
0	98	0	87	67	0	10
0	98	0	88	67	0	8
0	98	0	89	67	0	6
0	98	0	90	67	0	15
0	98	0	91	67	0	0
0	98	0	92	67	0	12
0	98	0	93	67	0	9
0	98	0	94	67	0	10
0	98	0	95	67	0	11
0	98	0	96	67	0	6
0	98	0	97	67	0	6
0	98	0	98	67	0	2
0	98	0	99	67	0	2
0	98	0	100	67	0	5
0	98	0	101	67	0	9
0	98	0	102	67	0	10
0	98	0	87	66	0	8
0	98	0	88	66	0	5
0	98	0	89	66	0	5
0	98	0	90	66	0	3
0	98	0	91	66	0	3
0	98	0	92	66	0	6
0	98	0	93	66	0	12
0	98	0	94	66	0	4
0	98	0	95	66	0	6
0	98	0	96	66	0	4
0	98	0	97	66	0	5
0	98	0	98	66	0	3
0	98	0	99	66	0	3
0	98	0	100	66	0	11
0	98	0	101	66	0	4
0	98	0	102	66	0	5
0	98	0	87	65	0	12
0	98	0	88	65	0	1
0	98	0	89	65	0	12
0	98	0	90	65	0	9
0	98	0	91	65	0	9
0	98	0	92	65	0	2
0	98	0	93	65	0	15
0	98	0	94	65	0	8
0	98	0	95	65	0	14
0	98	0	96	65	0	12
0	98	0	97	65	0	7
0	98	0	98	65	0	5
0	98	0	99	65	0	6
0	98	0	100	65	0	10
0	98	0	101	65	0	3
0	98	0	102	65	0	7
0	98	0	103	65	0	1
0	98	0	87	64	0	14
0	98	0	88	64	0	5
0	98	0	89	64	0	4
0	98	0	90	64	0	5
0	98	0	91	64	0	15
0	98	0	92	64	0	9
0	98	0	93	64	0	10
0	98	0	94	64	0	7
0	98	0	95	64	0	2
0	98	0	96	64	0	11
0	98	0	97	64	0	13
0	98	0	98	64	0	7
0	98	0	99	64	0	5
0	98	0	100	64	0	9
0	98	0	101	64	0	6
0	98	0	102	64	0	7
0	98	0	103	64	0	11
0	98	0	86	63	0	3
0	98	0	87	63	0	4
0	98	0	88	63	0	7
0	98	0	89	63	0	5
0	98	0	90	63	0	10
0	98	0	91	63	0	4
0	98	0	92	63	0	4
0	98	0	93	63	0	6
0	98	0	94	63	0	8
0	98	0	95	63	0	15
0	98	0	96	63	0	6
0	98	0	97	63	0	8
0	98	0	98	63	0	6
0	98	0	99	63	0	15
0	98	0	100	63	0	13
0	98	0	101	63	0	19
0	98	0	102	63	0	10
0	98	0	103	63	0	10
0	98	0	87	62	0	6
0	98	0	88	62	0	10
0	98	0	89	62	0	15
0	98	0	90	62	0	6
0	98	0	91	62	0	8
0	98	0	92	62	0	8
0	98	0	93	62	0	15
0	98	0	94	62	0	7
0	98	0	95	62	0	16
0	98	0	96	62	0	13
0	98	0	97	62	0	18
0	98	0	98	62	0	9
0	98	0	99	62	0	6
0	98	0	100	62	0	11
0	98	0	101	62	0	13
0	98	0	102	62	0	7
0	98	0	87	61	0	4
0	98	0	88	61	0	5
0	98	0	89	61	0	2
0	98	0	90	61	0	13
0	98	0	91	61	0	10
0	98	0	92	61	0	8
0	98	0	93	61	0	4
0	98	0	94	61	0	5
0	98	0	95	61	0	3
0	98	0	96	61	0	8
0	98	0	97	61	0	12
0	98	0	98	61	0	1
0	98	0	99	61	0	2
0	98	0	100	61	0	5
0	98	0	88	60	0	8
0	98	0	89	60	0	2
0	98	0	90	60	0	5
0	98	0	91	60	0	4
0	98	0	92	60	0	9
0	98	0	93	60	0	1
0	98	0	94	60	0	9
0	98	0	95	60	0	8
0	98	0	96	60	0	8
0	98	0	88	59	0	0
0	98	0	89	59	0	6
0	98	0	90	59	0	8
0	98	0	91	59	0	10
0	98	0	92	59	0	10
0	98	0	93	59	0	9
0	98	0	94	59	0	3
0	98	0	95	59	0	4
0	98	0	89	58	0	9
0	98	0	90	58	0	9
0	98	0	91	58	0	2
0	98	0	92	58	0	4
0	98	0	93	58	0	10
0	98	0	94	58	0	10
0	98	0	91	57	0	3
0	98	0	92	57	0	5
0	98	0	93	57	0	8
0	98	0	96	55	0	6
0	98	0	94	54	0	5
0	98	0	95	54	0	9
0	98	0	96	54	0	15
0	98	0	97	54	0	10
0	98	0	101	54	0	1
0	98	0	102	54	0	9
0	98	0	103	54	0	7
0	98	0	104	54	0	3
0	98	0	93	53	0	3
0	98	0	94	53	0	7
0	98	0	95	53	0	14
0	98	0	96	53	0	11
0	98	0	97	53	0	0
0	98	0	98	53	0	4
0	98	0	99	53	0	7
0	98	0	100	53	0	11
0	98	0	101	53	0	11
0	98	0	102	53	0	8
0	98	0	103	53	0	8
0	98	0	104	53	0	8
0	98	0	105	53	0	9
0	98	0	106	53	0	2
0	98	0	93	52	0	1
0	98	0	94	52	0	9
0	98	0	95	52	0	12
0	98	0	96	52	0	8
0	98	0	97	52	0	9
0	98	0	98	52	0	9
0	98	0	99	52	0	6
0	98	0	100	52	0	14
0	98	0	101	52	0	7
0	98	0	102	52	0	11
0	98	0	103	52	0	7
0	98	0	104	52	0	7
0	98	0	105	52	0	0
0	98	0	106	52	0	5
0	98	0	107	52	0	1
0	98	0	93	51	0	12
0	98	0	94	51	0	10
0	98	0	95	51	0	21
0	98	0	96	51	0	3
0	98	0	97	51	0	7
0	98	0	98	51	0	14
0	98	0	99	51	0	6
0	98	0	100	51	0	10
0	98	0	101	51	0	7
0	98	0	102	51	0	5
0	98	0	103	51	0	5
0	98	0	104	51	0	0
0	98	0	105	51	0	6
0	98	0	106	51	0	4
0	98	0	107	51	0	7
0	98	0	93	50	0	0
0	98	0	94	50	0	6
0	98	0	95	50	0	9
0	98	0	96	50	0	9
0	98	0	97	50	0	6
0	98	0	98	50	0	4
0	98	0	99	50	0	8
0	98	0	100	50	0	8
0	98	0	101	50	0	8
0	98	0	102	50	0	2
0	98	0	103	50	0	15
0	98	0	104	50	0	6
0	98	0	105	50	0	4
0	98	0	106	50	0	6
0	98	0	107	50	0	7
0	98	0	93	49	0	6
0	98	0	94	49	0	10
0	98	0	95	49	0	6
0	98	0	96	49	0	11
0	98	0	97	49	0	14
0	98	0	98	49	0	4
0	98	0	99	49	0	12
0	98	0	100	49	0	7
0	98	0	101	49	0	4
0	98	0	102	49	0	5
0	98	0	103	49	0	1
0	98	0	104	49	0	4
0	98	0	105	49	0	4
0	98	0	106	49	0	3
0	98	0	107	49	0	10
0	98	0	108	49	0	11
0	98	0	94	48	0	4
0	98	0	95	48	0	2
0	98	0	96	48	0	6
0	98	0	97	48	0	11
0	98	0	98	48	0	10
0	98	0	99	48	0	7
0	98	0	100	48	0	10
0	98	0	101	48	0	8
0	98	0	102	48	0	17
0	98	0	103	48	0	8
0	98	0	104	48	0	9
0	98	0	105	48	0	13
0	98	0	106	48	0	4
0	98	0	107	48	0	9
0	98	0	110	48	0	0
0	98	0	111	48	0	3
0	98	0	112	48	0	8
0	98	0	94	47	0	6
0	98	0	95	47	0	5
0	98	0	96	47	0	10
0	98	0	97	47	0	10
0	98	0	98	47	0	6
0	98	0	99	47	0	9
0	98	0	100	47	0	12
0	98	0	101	47	0	6
0	98	0	102	47	0	6
0	98	0	103	47	0	4
0	98	0	104	47	0	9
0	98	0	105	47	0	8
0	98	0	106	47	0	9
0	98	0	107	47	0	16
0	98	0	109	47	0	5
0	98	0	110	47	0	2
0	98	0	111	47	0	1
0	98	0	112	47	0	5
0	98	0	114	47	0	4
0	98	0	93	46	0	5
0	98	0	94	46	0	3
0	98	0	95	46	0	6
0	98	0	96	46	0	7
0	98	0	97	46	0	7
0	98	0	98	46	0	8
0	98	0	99	46	0	13
0	98	0	100	46	0	12
0	98	0	101	46	0	8
0	98	0	102	46	0	9
0	98	0	103	46	0	1
0	98	0	104	46	0	2
0	98	0	105	46	0	13
0	98	0	106	46	0	3
0	98	0	107	46	0	18
0	98	0	112	46	0	1
0	98	0	114	46	0	3
0	98	0	93	45	0	9
0	98	0	94	45	0	9
0	98	0	95	45	0	6
0	98	0	96	45	0	5
0	98	0	97	45	0	0
0	98	0	98	45	0	12
0	98	0	99	45	0	7
0	98	0	100	45	0	11
0	98	0	101	45	0	5
0	98	0	102	45	0	8
0	98	0	103	45	0	11
0	98	0	104	45	0	4
0	98	0	105	45	0	16
0	98	0	106	45	0	10
0	98	0	110	45	0	2
0	98	0	111	45	0	3
0	98	0	112	45	0	9
0	98	0	114	45	0	2
0	98	0	115	45	0	1
0	98	0	94	44	0	8
0	98	0	95	44	0	8
0	98	0	96	44	0	3
0	98	0	97	44	0	6
0	98	0	98	44	0	4
0	98	0	99	44	0	5
0	98	0	100	44	0	10
0	98	0	101	44	0	4
0	98	0	102	44	0	7
0	98	0	111	44	0	5
0	98	0	112	44	0	12
0	98	0	113	44	0	0
0	98	0	114	44	0	4
0	98	0	115	44	0	4
0	98	0	95	43	0	9
0	98	0	96	43	0	9
0	98	0	97	43	0	8
0	98	0	98	43	0	7
0	98	0	99	43	0	9
0	98	0	100	43	0	6
0	98	0	101	43	0	5
0	98	0	111	43	0	1
0	98	0	112	43	0	0
0	98	0	113	43	0	0
0	98	0	95	42	0	12
0	98	0	96	42	0	6
0	98	0	97	42	0	7
0	98	0	98	42	0	7
0	98	0	99	42	0	2
0	98	0	100	42	0	8
0	98	0	114	42	0	3
0	98	0	95	41	0	0
0	98	0	96	41	0	1
0	98	0	97	41	0	1
0	98	0	98	41	0	9
0	98	0	99	41	0	4
0	98	0	97	39	0	0
0	98	0	94	38	0	4
0	98	0	95	38	0	1
0	98	0	96	38	0	4
0	98	0	97	38	0	10
0	98	0	98	38	0	2
0	98	0	92	37	0	0
0	98	0	93	37	0	0
0	98	0	94	37	0	0
0	98	0	95	37	0	0
0	98	0	97	37	0	9
0	98	0	98	37	0	0
0	98	0	101	37	0	5
0	98	0	93	36	0	0
0	98	0	95	36	0	0
0	98	0	96	36	0	0
0	98	0	97	36	0	0
0	98	0	100	36	0	0
0	98	0	101	36	0	0
0	98	0	95	35	0	1
0	98	0	96	35	0	15
0	98	0	97	35	0	0
0	98	0	100	35	0	1
0	98	0	101	35	0	1
0	98	0	93	34	0	0
0	98	0	95	34	0	12
0	98	0	96	34	0	1
0	98	0	97	34	0	6
0	98	0	99	34	0	5
0	98	0	95	33	0	0
0	98	0	96	33	0	1
0	98	0	97	33	0	1
0	98	0	99	33	0	3
0	98	0	100	33	0	0
0	98	0	94	32	0	0
0	98	0	95	32	0	0
0	98	0	97	32	0	0
0	98	0	100	32	0	1
0	99	0	95	73	0	2
0	99	0	95	72	0	11
0	99	0	96	72	0	6
0	99	0	97	72	0	9
0	99	0	98	72	0	7
0	99	0	99	72	0	6
0	99	0	100	72	0	4
0	99	0	90	71	0	5
0	99	0	91	71	0	14
0	99	0	92	71	0	3
0	99	0	93	71	0	8
0	99	0	94	71	0	17
0	99	0	95	71	0	11
0	99	0	96	71	0	3
0	99	0	97	71	0	3
0	99	0	98	71	0	7
0	99	0	99	71	0	2
0	99	0	100	71	0	4
0	99	0	101	71	0	5
0	99	0	102	71	0	8
0	99	0	89	70	0	10
0	99	0	90	70	0	1
0	99	0	91	70	0	9
0	99	0	92	70	0	13
0	99	0	93	70	0	7
0	99	0	94	70	0	10
0	99	0	95	70	0	6
0	99	0	96	70	0	9
0	99	0	97	70	0	8
0	99	0	98	70	0	11
0	99	0	99	70	0	3
0	99	0	100	70	0	5
0	99	0	101	70	0	3
0	99	0	102	70	0	9
0	99	0	87	69	0	7
0	99	0	88	69	0	11
0	99	0	89	69	0	5
0	99	0	90	69	0	1
0	99	0	91	69	0	7
0	99	0	92	69	0	9
0	99	0	93	69	0	10
0	99	0	94	69	0	13
0	99	0	95	69	0	4
0	99	0	96	69	0	0
0	99	0	97	69	0	0
0	99	0	98	69	0	7
0	99	0	99	69	0	13
0	99	0	100	69	0	10
0	99	0	101	69	0	13
0	99	0	102	69	0	7
0	99	0	86	68	0	1
0	99	0	87	68	0	18
0	99	0	88	68	0	12
0	99	0	89	68	0	5
0	99	0	90	68	0	12
0	99	0	91	68	0	4
0	99	0	92	68	0	12
0	99	0	93	68	0	9
0	99	0	94	68	0	6
0	99	0	95	68	0	7
0	99	0	96	68	0	10
0	99	0	97	68	0	5
0	99	0	98	68	0	4
0	99	0	99	68	0	9
0	99	0	100	68	0	9
0	99	0	101	68	0	2
0	99	0	102	68	0	15
0	99	0	86	67	0	5
0	99	0	87	67	0	14
0	99	0	88	67	0	9
0	99	0	89	67	0	7
0	99	0	90	67	0	19
0	99	0	91	67	0	1
0	99	0	92	67	0	23
0	99	0	93	67	0	16
0	99	0	94	67	0	8
0	99	0	95	67	0	15
0	99	0	96	67	0	8
0	99	0	97	67	0	6
0	99	0	98	67	0	3
0	99	0	99	67	0	1
0	99	0	100	67	0	7
0	99	0	101	67	0	7
0	99	0	102	67	0	7
0	99	0	87	66	0	10
0	99	0	88	66	0	4
0	99	0	89	66	0	9
0	99	0	90	66	0	5
0	99	0	91	66	0	7
0	99	0	92	66	0	4
0	99	0	93	66	0	4
0	99	0	94	66	0	3
0	99	0	95	66	0	11
0	99	0	96	66	0	2
0	99	0	97	66	0	2
0	99	0	98	66	0	2
0	99	0	99	66	0	1
0	99	0	100	66	0	14
0	99	0	101	66	0	3
0	99	0	102	66	0	5
0	99	0	87	65	0	8
0	99	0	88	65	0	2
0	99	0	89	65	0	15
0	99	0	90	65	0	13
0	99	0	91	65	0	16
0	99	0	92	65	0	2
0	99	0	93	65	0	17
0	99	0	94	65	0	12
0	99	0	95	65	0	14
0	99	0	96	65	0	10
0	99	0	97	65	0	11
0	99	0	98	65	0	8
0	99	0	99	65	0	9
0	99	0	100	65	0	6
0	99	0	101	65	0	3
0	99	0	102	65	0	4
0	99	0	103	65	0	5
0	99	0	87	64	0	16
0	99	0	88	64	0	4
0	99	0	89	64	0	4
0	99	0	90	64	0	3
0	99	0	91	64	0	21
0	99	0	92	64	0	10
0	99	0	93	64	0	9
0	99	0	94	64	0	7
0	99	0	95	64	0	2
0	99	0	96	64	0	8
0	99	0	97	64	0	7
0	99	0	98	64	0	15
0	99	0	99	64	0	7
0	99	0	100	64	0	7
0	99	0	101	64	0	5
0	99	0	102	64	0	10
0	99	0	103	64	0	9
0	99	0	86	63	0	4
0	99	0	87	63	0	4
0	99	0	88	63	0	12
0	99	0	89	63	0	4
0	99	0	90	63	0	14
0	99	0	91	63	0	3
0	99	0	92	63	0	6
0	99	0	93	63	0	11
0	99	0	94	63	0	6
0	99	0	95	63	0	13
0	99	0	96	63	0	4
0	99	0	97	63	0	6
0	99	0	98	63	0	8
0	99	0	99	63	0	7
0	99	0	100	63	0	8
0	99	0	101	63	0	11
0	99	0	102	63	0	8
0	99	0	103	63	0	13
0	99	0	87	62	0	4
0	99	0	88	62	0	8
0	99	0	89	62	0	10
0	99	0	90	62	0	9
0	99	0	91	62	0	3
0	99	0	92	62	0	8
0	99	0	93	62	0	14
0	99	0	94	62	0	2
0	99	0	95	62	0	13
0	99	0	96	62	0	10
0	99	0	97	62	0	10
0	99	0	98	62	0	8
0	99	0	99	62	0	6
0	99	0	100	62	0	8
0	99	0	101	62	0	11
0	99	0	102	62	0	6
0	99	0	87	61	0	4
0	99	0	88	61	0	3
0	99	0	89	61	0	2
0	99	0	90	61	0	10
0	99	0	91	61	0	10
0	99	0	92	61	0	8
0	99	0	93	61	0	3
0	99	0	94	61	0	7
0	99	0	95	61	0	3
0	99	0	96	61	0	12
0	99	0	97	61	0	13
0	99	0	98	61	0	1
0	99	0	99	61	0	1
0	99	0	100	61	0	3
0	99	0	88	60	0	7
0	99	0	89	60	0	1
0	99	0	90	60	0	6
0	99	0	91	60	0	4
0	99	0	92	60	0	5
0	99	0	93	60	0	1
0	99	0	94	60	0	7
0	99	0	95	60	0	13
0	99	0	96	60	0	7
0	99	0	88	59	0	0
0	99	0	89	59	0	7
0	99	0	90	59	0	2
0	99	0	91	59	0	10
0	99	0	92	59	0	8
0	99	0	93	59	0	17
0	99	0	94	59	0	4
0	99	0	95	59	0	2
0	99	0	89	58	0	8
0	99	0	90	58	0	8
0	99	0	91	58	0	2
0	99	0	92	58	0	8
0	99	0	93	58	0	11
0	99	0	94	58	0	5
0	99	0	91	57	0	7
0	99	0	92	57	0	6
0	99	0	93	57	0	7
0	99	0	96	55	0	5
0	99	0	94	54	0	5
0	99	0	95	54	0	4
0	99	0	96	54	0	14
0	99	0	97	54	0	8
0	99	0	101	54	0	2
0	99	0	102	54	0	5
0	99	0	103	54	0	7
0	99	0	104	54	0	3
0	99	0	93	53	0	7
0	99	0	94	53	0	13
0	99	0	95	53	0	9
0	99	0	96	53	0	6
0	99	0	97	53	0	0
0	99	0	98	53	0	2
0	99	0	99	53	0	7
0	99	0	100	53	0	8
0	99	0	101	53	0	13
0	99	0	102	53	0	12
0	99	0	103	53	0	7
0	99	0	104	53	0	1
0	99	0	105	53	0	9
0	99	0	106	53	0	6
0	99	0	93	52	0	1
0	99	0	94	52	0	11
0	99	0	95	52	0	12
0	99	0	96	52	0	9
0	99	0	97	52	0	9
0	99	0	98	52	0	7
0	99	0	99	52	0	6
0	99	0	100	52	0	12
0	99	0	101	52	0	4
0	99	0	102	52	0	10
0	99	0	103	52	0	9
0	99	0	104	52	0	9
0	99	0	105	52	0	0
0	99	0	106	52	0	3
0	99	0	107	52	0	0
0	99	0	93	51	0	9
0	99	0	94	51	0	10
0	99	0	95	51	0	11
0	99	0	96	51	0	6
0	99	0	97	51	0	5
0	99	0	98	51	0	10
0	99	0	99	51	0	6
0	99	0	100	51	0	6
0	99	0	101	51	0	4
0	99	0	102	51	0	8
0	99	0	103	51	0	8
0	99	0	104	51	0	0
0	99	0	105	51	0	7
0	99	0	106	51	0	7
0	99	0	107	51	0	7
0	99	0	93	50	0	1
0	99	0	94	50	0	4
0	99	0	95	50	0	16
0	99	0	96	50	0	9
0	99	0	97	50	0	6
0	99	0	98	50	0	7
0	99	0	99	50	0	11
0	99	0	100	50	0	5
0	99	0	101	50	0	8
0	99	0	102	50	0	6
0	99	0	103	50	0	10
0	99	0	104	50	0	9
0	99	0	105	50	0	2
0	99	0	106	50	0	0
0	99	0	107	50	0	8
0	99	0	93	49	0	9
0	99	0	94	49	0	10
0	99	0	95	49	0	5
0	99	0	96	49	0	6
0	99	0	97	49	0	13
0	99	0	98	49	0	4
0	99	0	99	49	0	10
0	99	0	100	49	0	9
0	99	0	101	49	0	5
0	99	0	102	49	0	5
0	99	0	103	49	0	2
0	99	0	104	49	0	11
0	99	0	105	49	0	5
0	99	0	106	49	0	5
0	99	0	107	49	0	11
0	99	0	108	49	0	6
0	99	0	94	48	0	8
0	99	0	95	48	0	4
0	99	0	96	48	0	7
0	99	0	97	48	0	13
0	99	0	98	48	0	11
0	99	0	99	48	0	5
0	99	0	100	48	0	15
0	99	0	101	48	0	9
0	99	0	102	48	0	11
0	99	0	103	48	0	5
0	99	0	104	48	0	7
0	99	0	105	48	0	10
0	99	0	106	48	0	2
0	99	0	107	48	0	6
0	99	0	110	48	0	0
0	99	0	111	48	0	4
0	99	0	112	48	0	4
0	99	0	94	47	0	7
0	99	0	95	47	0	6
0	99	0	96	47	0	14
0	99	0	97	47	0	7
0	99	0	98	47	0	13
0	99	0	99	47	0	18
0	99	0	100	47	0	11
0	99	0	101	47	0	8
0	99	0	102	47	0	7
0	99	0	103	47	0	2
0	99	0	104	47	0	8
0	99	0	105	47	0	4
0	99	0	106	47	0	8
0	99	0	107	47	0	6
0	99	0	109	47	0	3
0	99	0	110	47	0	3
0	99	0	111	47	0	2
0	99	0	112	47	0	5
0	99	0	113	47	0	2
0	99	0	114	47	0	7
0	99	0	93	46	0	3
0	99	0	94	46	0	3
0	99	0	95	46	0	9
0	99	0	96	46	0	5
0	99	0	97	46	0	6
0	99	0	98	46	0	8
0	99	0	99	46	0	12
0	99	0	100	46	0	10
0	99	0	101	46	0	10
0	99	0	102	46	0	7
0	99	0	103	46	0	1
0	99	0	104	46	0	3
0	99	0	105	46	0	6
0	99	0	106	46	0	6
0	99	0	107	46	0	16
0	99	0	111	46	0	1
0	99	0	112	46	0	5
0	99	0	114	46	0	5
0	99	0	93	45	0	5
0	99	0	94	45	0	6
0	99	0	95	45	0	9
0	99	0	96	45	0	7
0	99	0	97	45	0	0
0	99	0	98	45	0	10
0	99	0	99	45	0	2
0	99	0	100	45	0	13
0	99	0	101	45	0	7
0	99	0	102	45	0	11
0	99	0	103	45	0	11
0	99	0	104	45	0	3
0	99	0	105	45	0	8
0	99	0	106	45	0	11
0	99	0	110	45	0	1
0	99	0	111	45	0	4
0	99	0	112	45	0	10
0	99	0	114	45	0	3
0	99	0	115	45	0	0
0	99	0	118	45	0	1
0	99	0	94	44	0	4
0	99	0	95	44	0	11
0	99	0	96	44	0	7
0	99	0	97	44	0	8
0	99	0	98	44	0	3
0	99	0	99	44	0	14
0	99	0	100	44	0	11
0	99	0	101	44	0	1
0	99	0	102	44	0	5
0	99	0	111	44	0	6
0	99	0	112	44	0	9
0	99	0	113	44	0	0
0	99	0	114	44	0	7
0	99	0	115	44	0	6
0	99	0	95	43	0	7
0	99	0	96	43	0	11
0	99	0	97	43	0	4
0	99	0	98	43	0	4
0	99	0	99	43	0	9
0	99	0	100	43	0	5
0	99	0	101	43	0	9
0	99	0	111	43	0	3
0	99	0	112	43	0	1
0	99	0	113	43	0	0
0	99	0	95	42	0	10
0	99	0	96	42	0	9
0	99	0	97	42	0	6
0	99	0	98	42	0	8
0	99	0	99	42	0	0
0	99	0	100	42	0	7
0	99	0	114	42	0	3
0	99	0	95	41	0	0
0	99	0	96	41	0	1
0	99	0	97	41	0	1
0	99	0	98	41	0	5
0	99	0	99	41	0	3
0	99	0	97	39	0	0
0	99	0	94	38	0	7
0	99	0	95	38	0	2
0	99	0	96	38	0	4
0	99	0	97	38	0	10
0	99	0	98	38	0	5
0	99	0	92	37	0	0
0	99	0	93	37	0	0
0	99	0	94	37	0	0
0	99	0	95	37	0	0
0	99	0	96	37	0	1
0	99	0	97	37	0	12
0	99	0	98	37	0	0
0	99	0	99	37	0	1
0	99	0	101	37	0	5
0	99	0	93	36	0	0
0	99	0	95	36	0	0
0	99	0	96	36	0	0
0	99	0	97	36	0	0
0	99	0	99	36	0	1
0	99	0	100	36	0	0
0	99	0	101	36	0	0
0	99	0	95	35	0	0
0	99	0	96	35	0	10
0	99	0	97	35	0	0
0	99	0	100	35	0	1
0	99	0	101	35	0	1
0	99	0	93	34	0	0
0	99	0	95	34	0	14
0	99	0	96	34	0	1
0	99	0	97	34	0	6
0	99	0	99	34	0	2
0	99	0	95	33	0	1
0	99	0	96	33	0	0
0	99	0	97	33	0	1
0	99	0	99	33	0	2
0	99	0	100	33	0	1
0	99	0	101	33	0	1
0	99	0	94	32	0	0
0	99	0	95	32	0	0
0	99	0	97	32	0	0
0	99	0	99	32	0	1
0	99	0	100	32	0	0
0	100	0	95	73	0	0
0	100	0	95	72	0	10
0	100	0	96	72	0	6
0	100	0	97	72	0	10
0	100	0	98	72	0	12
0	100	0	99	72	0	6
0	100	0	100	72	0	6
0	100	0	90	71	0	9
0	100	0	91	71	0	10
0	100	0	92	71	0	9
0	100	0	93	71	0	10
0	100	0	94	71	0	16
0	100	0	95	71	0	17
0	100	0	96	71	0	8
0	100	0	97	71	0	5
0	100	0	98	71	0	7
0	100	0	99	71	0	3
0	100	0	100	71	0	5
0	100	0	101	71	0	4
0	100	0	102	71	0	9
0	100	0	89	70	0	2
0	100	0	90	70	0	2
0	100	0	91	70	0	9
0	100	0	92	70	0	9
0	100	0	93	70	0	14
0	100	0	94	70	0	12
0	100	0	95	70	0	9
0	100	0	96	70	0	7
0	100	0	97	70	0	10
0	100	0	98	70	0	8
0	100	0	99	70	0	6
0	100	0	100	70	0	2
0	100	0	101	70	0	2
0	100	0	102	70	0	7
0	100	0	87	69	0	8
0	100	0	88	69	0	16
0	100	0	89	69	0	2
0	100	0	90	69	0	2
0	100	0	91	69	0	12
0	100	0	92	69	0	10
0	100	0	93	69	0	10
0	100	0	94	69	0	15
0	100	0	95	69	0	3
0	100	0	96	69	0	1
0	100	0	97	69	0	1
0	100	0	98	69	0	9
0	100	0	99	69	0	12
0	100	0	100	69	0	8
0	100	0	101	69	0	11
0	100	0	102	69	0	5
0	100	0	86	68	0	2
0	100	0	87	68	0	9
0	100	0	88	68	0	13
0	100	0	89	68	0	7
0	100	0	90	68	0	18
0	100	0	91	68	0	6
0	100	0	92	68	0	11
0	100	0	93	68	0	7
0	100	0	94	68	0	11
0	100	0	95	68	0	3
0	100	0	96	68	0	12
0	100	0	97	68	0	5
0	100	0	98	68	0	1
0	100	0	99	68	0	12
0	100	0	100	68	0	8
0	100	0	101	68	0	2
0	100	0	102	68	0	11
0	100	0	86	67	0	7
0	100	0	87	67	0	12
0	100	0	88	67	0	10
0	100	0	89	67	0	6
0	100	0	90	67	0	10
0	100	0	91	67	0	2
0	100	0	92	67	0	10
0	100	0	93	67	0	17
0	100	0	94	67	0	7
0	100	0	95	67	0	13
0	100	0	96	67	0	8
0	100	0	97	67	0	7
0	100	0	98	67	0	5
0	100	0	99	67	0	1
0	100	0	100	67	0	7
0	100	0	101	67	0	12
0	100	0	102	67	0	4
0	100	0	87	66	0	8
0	100	0	88	66	0	11
0	100	0	89	66	0	14
0	100	0	90	66	0	7
0	100	0	91	66	0	12
0	100	0	92	66	0	5
0	100	0	93	66	0	5
0	100	0	94	66	0	5
0	100	0	95	66	0	12
0	100	0	96	66	0	6
0	100	0	97	66	0	3
0	100	0	98	66	0	1
0	100	0	99	66	0	3
0	100	0	100	66	0	12
0	100	0	101	66	0	5
0	100	0	102	66	0	6
0	100	0	87	65	0	8
0	100	0	88	65	0	4
0	100	0	89	65	0	10
0	100	0	90	65	0	18
0	100	0	91	65	0	20
0	100	0	92	65	0	3
0	100	0	93	65	0	15
0	100	0	94	65	0	8
0	100	0	95	65	0	14
0	100	0	96	65	0	10
0	100	0	97	65	0	20
0	100	0	98	65	0	4
0	100	0	99	65	0	14
0	100	0	100	65	0	3
0	100	0	101	65	0	3
0	100	0	102	65	0	4
0	100	0	103	65	0	5
0	100	0	87	64	0	15
0	100	0	88	64	0	5
0	100	0	89	64	0	5
0	100	0	90	64	0	4
0	100	0	91	64	0	11
0	100	0	92	64	0	8
0	100	0	93	64	0	10
0	100	0	94	64	0	4
0	100	0	95	64	0	5
0	100	0	96	64	0	6
0	100	0	97	64	0	7
0	100	0	98	64	0	8
0	100	0	99	64	0	10
0	100	0	100	64	0	11
0	100	0	101	64	0	2
0	100	0	102	64	0	12
0	100	0	103	64	0	9
0	100	0	86	63	0	1
0	100	0	87	63	0	7
0	100	0	88	63	0	10
0	100	0	89	63	0	2
0	100	0	90	63	0	17
0	100	0	91	63	0	2
0	100	0	92	63	0	3
0	100	0	93	63	0	11
0	100	0	94	63	0	6
0	100	0	95	63	0	11
0	100	0	96	63	0	3
0	100	0	97	63	0	7
0	100	0	98	63	0	8
0	100	0	99	63	0	5
0	100	0	100	63	0	7
0	100	0	101	63	0	11
0	100	0	102	63	0	10
0	100	0	103	63	0	11
0	100	0	87	62	0	5
0	100	0	88	62	0	9
0	100	0	89	62	0	6
0	100	0	90	62	0	10
0	100	0	91	62	0	2
0	100	0	92	62	0	12
0	100	0	93	62	0	13
0	100	0	94	62	0	5
0	100	0	95	62	0	7
0	100	0	96	62	0	9
0	100	0	97	62	0	12
0	100	0	98	62	0	2
0	100	0	99	62	0	7
0	100	0	100	62	0	5
0	100	0	101	62	0	7
0	100	0	102	62	0	4
0	100	0	87	61	0	3
0	100	0	88	61	0	4
0	100	0	89	61	0	3
0	100	0	90	61	0	6
0	100	0	91	61	0	13
0	100	0	92	61	0	6
0	100	0	93	61	0	5
0	100	0	94	61	0	11
0	100	0	95	61	0	4
0	100	0	96	61	0	11
0	100	0	97	61	0	10
0	100	0	98	61	0	3
0	100	0	99	61	0	0
0	100	0	100	61	0	3
0	100	0	88	60	0	5
0	100	0	89	60	0	1
0	100	0	90	60	0	8
0	100	0	91	60	0	5
0	100	0	92	60	0	7
0	100	0	93	60	0	3
0	100	0	94	60	0	8
0	100	0	95	60	0	11
0	100	0	96	60	0	9
0	100	0	88	59	0	0
0	100	0	89	59	0	9
0	100	0	90	59	0	3
0	100	0	91	59	0	9
0	100	0	92	59	0	9
0	100	0	93	59	0	7
0	100	0	94	59	0	4
0	100	0	95	59	0	3
0	100	0	89	58	0	11
0	100	0	90	58	0	13
0	100	0	91	58	0	2
0	100	0	92	58	0	6
0	100	0	93	58	0	8
0	100	0	94	58	0	6
0	100	0	91	57	0	6
0	100	0	92	57	0	6
0	100	0	93	57	0	5
0	100	0	96	55	0	3
0	100	0	94	54	0	6
0	100	0	95	54	0	6
0	100	0	96	54	0	10
0	100	0	97	54	0	8
0	100	0	101	54	0	5
0	100	0	102	54	0	5
0	100	0	103	54	0	10
0	100	0	104	54	0	2
0	100	0	93	53	0	10
0	100	0	94	53	0	10
0	100	0	95	53	0	12
0	100	0	96	53	0	11
0	100	0	97	53	0	0
0	100	0	98	53	0	1
0	100	0	99	53	0	9
0	100	0	100	53	0	8
0	100	0	101	53	0	12
0	100	0	102	53	0	10
0	100	0	103	53	0	5
0	100	0	104	53	0	0
0	100	0	105	53	0	6
0	100	0	106	53	0	10
0	100	0	93	52	0	1
0	100	0	94	52	0	7
0	100	0	95	52	0	8
0	100	0	96	52	0	12
0	100	0	97	52	0	7
0	100	0	98	52	0	17
0	100	0	99	52	0	9
0	100	0	100	52	0	15
0	100	0	101	52	0	9
0	100	0	102	52	0	9
0	100	0	103	52	0	6
0	100	0	104	52	0	10
0	100	0	105	52	0	1
0	100	0	106	52	0	4
0	100	0	107	52	0	0
0	100	0	93	51	0	10
0	100	0	94	51	0	10
0	100	0	95	51	0	15
0	100	0	96	51	0	7
0	100	0	97	51	0	9
0	100	0	98	51	0	4
0	100	0	99	51	0	4
0	100	0	100	51	0	12
0	100	0	101	51	0	4
0	100	0	102	51	0	4
0	100	0	103	51	0	14
0	100	0	104	51	0	0
0	100	0	105	51	0	11
0	100	0	106	51	0	1
0	100	0	107	51	0	10
0	100	0	93	50	0	1
0	100	0	94	50	0	3
0	100	0	95	50	0	19
0	100	0	96	50	0	5
0	100	0	97	50	0	10
0	100	0	98	50	0	7
0	100	0	99	50	0	11
0	100	0	100	50	0	3
0	100	0	101	50	0	11
0	100	0	102	50	0	7
0	100	0	103	50	0	11
0	100	0	104	50	0	10
0	100	0	105	50	0	8
0	100	0	106	50	0	0
0	100	0	107	50	0	7
0	100	0	93	49	0	4
0	100	0	94	49	0	7
0	100	0	95	49	0	7
0	100	0	96	49	0	6
0	100	0	97	49	0	11
0	100	0	98	49	0	8
0	100	0	99	49	0	8
0	100	0	100	49	0	12
0	100	0	101	49	0	6
0	100	0	102	49	0	9
0	100	0	103	49	0	4
0	100	0	104	49	0	7
0	100	0	105	49	0	13
0	100	0	106	49	0	5
0	100	0	107	49	0	13
0	100	0	108	49	0	6
0	100	0	94	48	0	11
0	100	0	95	48	0	4
0	100	0	96	48	0	10
0	100	0	97	48	0	16
0	100	0	98	48	0	9
0	100	0	99	48	0	3
0	100	0	100	48	0	10
0	100	0	101	48	0	5
0	100	0	102	48	0	13
0	100	0	103	48	0	8
0	100	0	104	48	0	6
0	100	0	105	48	0	6
0	100	0	106	48	0	7
0	100	0	107	48	0	12
0	100	0	110	48	0	0
0	100	0	111	48	0	2
0	100	0	112	48	0	6
0	100	0	94	47	0	10
0	100	0	95	47	0	11
0	100	0	96	47	0	14
0	100	0	97	47	0	13
0	100	0	98	47	0	8
0	100	0	99	47	0	11
0	100	0	100	47	0	14
0	100	0	101	47	0	6
0	100	0	102	47	0	10
0	100	0	103	47	0	7
0	100	0	104	47	0	8
0	100	0	105	47	0	4
0	100	0	106	47	0	9
0	100	0	107	47	0	8
0	100	0	109	47	0	8
0	100	0	110	47	0	3
0	100	0	111	47	0	4
0	100	0	112	47	0	8
0	100	0	113	47	0	3
0	100	0	114	47	0	6
0	100	0	93	46	0	2
0	100	0	94	46	0	1
0	100	0	95	46	0	12
0	100	0	96	46	0	7
0	100	0	97	46	0	9
0	100	0	98	46	0	7
0	100	0	99	46	0	18
0	100	0	100	46	0	8
0	100	0	101	46	0	9
0	100	0	102	46	0	11
0	100	0	103	46	0	4
0	100	0	104	46	0	4
0	100	0	105	46	0	10
0	100	0	106	46	0	11
0	100	0	107	46	0	14
0	100	0	111	46	0	1
0	100	0	112	46	0	4
0	100	0	113	46	0	1
0	100	0	114	46	0	6
0	100	0	93	45	0	8
0	100	0	94	45	0	10
0	100	0	95	45	0	7
0	100	0	96	45	0	6
0	100	0	97	45	0	1
0	100	0	98	45	0	15
0	100	0	99	45	0	0
0	100	0	100	45	0	13
0	100	0	101	45	0	7
0	100	0	102	45	0	9
0	100	0	103	45	0	14
0	100	0	104	45	0	2
0	100	0	106	45	0	7
0	100	0	110	45	0	0
0	100	0	111	45	0	4
0	100	0	112	45	0	9
0	100	0	114	45	0	3
0	100	0	115	45	0	0
0	100	0	116	45	0	1
0	100	0	118	45	0	2
0	100	0	94	44	0	6
0	100	0	95	44	0	10
0	100	0	96	44	0	6
0	100	0	97	44	0	9
0	100	0	98	44	0	3
0	100	0	99	44	0	6
0	100	0	100	44	0	11
0	100	0	101	44	0	1
0	100	0	102	44	0	3
0	100	0	111	44	0	8
0	100	0	112	44	0	8
0	100	0	113	44	0	0
0	100	0	114	44	0	4
0	100	0	115	44	0	10
0	100	0	95	43	0	8
0	100	0	96	43	0	6
0	100	0	97	43	0	5
0	100	0	98	43	0	7
0	100	0	99	43	0	6
0	100	0	100	43	0	3
0	100	0	101	43	0	6
0	100	0	111	43	0	1
0	100	0	112	43	0	1
0	100	0	113	43	0	1
0	100	0	95	42	0	10
0	100	0	96	42	0	14
0	100	0	97	42	0	6
0	100	0	98	42	0	9
0	100	0	99	42	0	1
0	100	0	100	42	0	8
0	100	0	114	42	0	6
0	100	0	95	41	0	0
0	100	0	96	41	0	2
0	100	0	97	41	0	2
0	100	0	98	41	0	6
0	100	0	99	41	0	3
0	100	0	97	39	0	0
0	100	0	94	38	0	6
0	100	0	95	38	0	2
0	100	0	96	38	0	6
0	100	0	97	38	0	11
0	100	0	98	38	0	6
0	100	0	92	37	0	0
0	100	0	93	37	0	0
0	100	0	94	37	0	1
0	100	0	95	37	0	0
0	100	0	96	37	0	4
0	100	0	97	37	0	7
0	100	0	98	37	0	2
0	100	0	99	37	0	0
0	100	0	101	37	0	7
0	100	0	93	36	0	0
0	100	0	95	36	0	0
0	100	0	96	36	0	0
0	100	0	97	36	0	0
0	100	0	99	36	0	0
0	100	0	100	36	0	0
0	100	0	101	36	0	0
0	100	0	95	35	0	2
0	100	0	96	35	0	7
0	100	0	97	35	0	0
0	100	0	100	35	0	4
0	100	0	101	35	0	1
0	100	0	93	34	0	0
0	100	0	95	34	0	9
0	100	0	96	34	0	1
0	100	0	97	34	0	8
0	100	0	99	34	0	3
0	100	0	100	34	0	1
0	100	0	95	33	0	1
0	100	0	96	33	0	0
0	100	0	97	33	0	2
0	100	0	99	33	0	1
0	100	0	100	33	0	1
0	100	0	101	33	0	1
0	100	0	94	32	0	0
0	100	0	95	32	0	1
0	100	0	97	32	0	0
0	100	0	99	32	0	0
0	100	0	100	32	0	0
0	101	0	95	73	0	1
0	101	0	95	72	0	11
0	101	0	96	72	0	3
0	101	0	97	72	0	13
0	101	0	98	72	0	9
0	101	0	99	72	0	11
0	101	0	100	72	0	3
0	101	0	90	71	0	13
0	101	0	91	71	0	11
0	101	0	92	71	0	9
0	101	0	93	71	0	12
0	101	0	94	71	0	17
0	101	0	95	71	0	13
0	101	0	96	71	0	10
0	101	0	97	71	0	6
0	101	0	98	71	0	9
0	101	0	99	71	0	9
0	101	0	100	71	0	8
0	101	0	101	71	0	7
0	101	0	102	71	0	9
0	101	0	89	70	0	0
0	101	0	90	70	0	1
0	101	0	91	70	0	5
0	101	0	92	70	0	12
0	101	0	93	70	0	14
0	101	0	94	70	0	9
0	101	0	95	70	0	15
0	101	0	96	70	0	2
0	101	0	97	70	0	11
0	101	0	98	70	0	10
0	101	0	99	70	0	7
0	101	0	100	70	0	0
0	101	0	101	70	0	1
0	101	0	102	70	0	10
0	101	0	87	69	0	5
0	101	0	88	69	0	18
0	101	0	89	69	0	1
0	101	0	90	69	0	3
0	101	0	91	69	0	16
0	101	0	92	69	0	12
0	101	0	93	69	0	8
0	101	0	94	69	0	24
0	101	0	95	69	0	8
0	101	0	96	69	0	2
0	101	0	97	69	0	3
0	101	0	98	69	0	10
0	101	0	99	69	0	6
0	101	0	100	69	0	7
0	101	0	101	69	0	13
0	101	0	102	69	0	2
0	101	0	86	68	0	5
0	101	0	87	68	0	9
0	101	0	88	68	0	20
0	101	0	89	68	0	8
0	101	0	90	68	0	18
0	101	0	91	68	0	8
0	101	0	92	68	0	8
0	101	0	93	68	0	6
0	101	0	94	68	0	6
0	101	0	95	68	0	1
0	101	0	96	68	0	14
0	101	0	97	68	0	2
0	101	0	98	68	0	3
0	101	0	99	68	0	9
0	101	0	100	68	0	6
0	101	0	101	68	0	3
0	101	0	102	68	0	9
0	101	0	86	67	0	7
0	101	0	87	67	0	9
0	101	0	88	67	0	13
0	101	0	89	67	0	7
0	101	0	90	67	0	7
0	101	0	91	67	0	2
0	101	0	92	67	0	3
0	101	0	93	67	0	15
0	101	0	94	67	0	8
0	101	0	95	67	0	17
0	101	0	96	67	0	12
0	101	0	97	67	0	9
0	101	0	98	67	0	5
0	101	0	99	67	0	3
0	101	0	100	67	0	8
0	101	0	101	67	0	13
0	101	0	102	67	0	3
0	101	0	87	66	0	11
0	101	0	88	66	0	15
0	101	0	89	66	0	15
0	101	0	90	66	0	5
0	101	0	91	66	0	10
0	101	0	92	66	0	5
0	101	0	93	66	0	6
0	101	0	94	66	0	5
0	101	0	95	66	0	15
0	101	0	96	66	0	5
0	101	0	97	66	0	6
0	101	0	98	66	0	3
0	101	0	99	66	0	6
0	101	0	100	66	0	10
0	101	0	101	66	0	3
0	101	0	102	66	0	7
0	101	0	87	65	0	5
0	101	0	88	65	0	8
0	101	0	89	65	0	9
0	101	0	90	65	0	15
0	101	0	91	65	0	10
0	101	0	92	65	0	1
0	101	0	93	65	0	15
0	101	0	94	65	0	7
0	101	0	95	65	0	14
0	101	0	96	65	0	13
0	101	0	97	65	0	20
0	101	0	98	65	0	5
0	101	0	99	65	0	15
0	101	0	100	65	0	3
0	101	0	101	65	0	2
0	101	0	102	65	0	2
0	101	0	103	65	0	6
0	101	0	87	64	0	7
0	101	0	88	64	0	5
0	101	0	89	64	0	1
0	101	0	90	64	0	2
0	101	0	91	64	0	16
0	101	0	92	64	0	12
0	101	0	93	64	0	11
0	101	0	94	64	0	6
0	101	0	95	64	0	6
0	101	0	96	64	0	5
0	101	0	97	64	0	10
0	101	0	98	64	0	11
0	101	0	99	64	0	10
0	101	0	100	64	0	11
0	101	0	101	64	0	4
0	101	0	102	64	0	14
0	101	0	103	64	0	6
0	101	0	86	63	0	2
0	101	0	87	63	0	8
0	101	0	88	63	0	10
0	101	0	89	63	0	3
0	101	0	90	63	0	11
0	101	0	91	63	0	4
0	101	0	92	63	0	2
0	101	0	93	63	0	5
0	101	0	94	63	0	14
0	101	0	95	63	0	16
0	101	0	96	63	0	6
0	101	0	97	63	0	8
0	101	0	98	63	0	8
0	101	0	99	63	0	5
0	101	0	100	63	0	9
0	101	0	101	63	0	11
0	101	0	102	63	0	13
0	101	0	103	63	0	4
0	101	0	87	62	0	3
0	101	0	88	62	0	12
0	101	0	89	62	0	7
0	101	0	90	62	0	17
0	101	0	91	62	0	3
0	101	0	92	62	0	12
0	101	0	93	62	0	14
0	101	0	94	62	0	6
0	101	0	95	62	0	8
0	101	0	96	62	0	13
0	101	0	97	62	0	9
0	101	0	98	62	0	1
0	101	0	99	62	0	7
0	101	0	100	62	0	3
0	101	0	101	62	0	5
0	101	0	102	62	0	7
0	101	0	87	61	0	1
0	101	0	88	61	0	5
0	101	0	89	61	0	2
0	101	0	90	61	0	4
0	101	0	91	61	0	9
0	101	0	92	61	0	8
0	101	0	93	61	0	2
0	101	0	94	61	0	8
0	101	0	95	61	0	4
0	101	0	96	61	0	11
0	101	0	97	61	0	12
0	101	0	98	61	0	3
0	101	0	99	61	0	1
0	101	0	100	61	0	4
0	101	0	88	60	0	4
0	101	0	89	60	0	4
0	101	0	90	60	0	7
0	101	0	91	60	0	2
0	101	0	92	60	0	9
0	101	0	93	60	0	6
0	101	0	94	60	0	5
0	101	0	95	60	0	8
0	101	0	96	60	0	8
0	101	0	88	59	0	0
0	101	0	89	59	0	11
0	101	0	90	59	0	5
0	101	0	91	59	0	10
0	101	0	92	59	0	14
0	101	0	93	59	0	8
0	101	0	94	59	0	4
0	101	0	95	59	0	2
0	101	0	89	58	0	6
0	101	0	90	58	0	15
0	101	0	91	58	0	2
0	101	0	92	58	0	6
0	101	0	93	58	0	10
0	101	0	94	58	0	5
0	101	0	91	57	0	6
0	101	0	92	57	0	8
0	101	0	93	57	0	5
0	101	0	96	55	0	2
0	101	0	94	54	0	8
0	101	0	95	54	0	4
0	101	0	96	54	0	7
0	101	0	97	54	0	9
0	101	0	101	54	0	4
0	101	0	102	54	0	10
0	101	0	103	54	0	6
0	101	0	104	54	0	3
0	101	0	93	53	0	8
0	101	0	94	53	0	11
0	101	0	95	53	0	10
0	101	0	96	53	0	7
0	101	0	97	53	0	1
0	101	0	98	53	0	2
0	101	0	99	53	0	6
0	101	0	100	53	0	11
0	101	0	101	53	0	16
0	101	0	102	53	0	12
0	101	0	103	53	0	9
0	101	0	104	53	0	0
0	101	0	105	53	0	4
0	101	0	106	53	0	8
0	101	0	93	52	0	0
0	101	0	94	52	0	7
0	101	0	95	52	0	7
0	101	0	96	52	0	7
0	101	0	97	52	0	12
0	101	0	98	52	0	11
0	101	0	99	52	0	7
0	101	0	100	52	0	7
0	101	0	101	52	0	8
0	101	0	102	52	0	13
0	101	0	103	52	0	2
0	101	0	104	52	0	4
0	101	0	105	52	0	1
0	101	0	106	52	0	6
0	101	0	107	52	0	0
0	101	0	93	51	0	10
0	101	0	94	51	0	4
0	101	0	95	51	0	9
0	101	0	96	51	0	11
0	101	0	97	51	0	8
0	101	0	98	51	0	2
0	101	0	99	51	0	3
0	101	0	100	51	0	10
0	101	0	101	51	0	6
0	101	0	102	51	0	6
0	101	0	103	51	0	15
0	101	0	104	51	0	1
0	101	0	105	51	0	11
0	101	0	106	51	0	1
0	101	0	107	51	0	11
0	101	0	93	50	0	2
0	101	0	94	50	0	6
0	101	0	95	50	0	12
0	101	0	96	50	0	11
0	101	0	97	50	0	16
0	101	0	98	50	0	6
0	101	0	99	50	0	14
0	101	0	100	50	0	2
0	101	0	101	50	0	10
0	101	0	102	50	0	5
0	101	0	103	50	0	12
0	101	0	104	50	0	10
0	101	0	105	50	0	10
0	101	0	106	50	0	2
0	101	0	107	50	0	6
0	101	0	93	49	0	7
0	101	0	94	49	0	7
0	101	0	95	49	0	5
0	101	0	96	49	0	8
0	101	0	97	49	0	7
0	101	0	98	49	0	14
0	101	0	99	49	0	3
0	101	0	100	49	0	9
0	101	0	101	49	0	11
0	101	0	102	49	0	11
0	101	0	103	49	0	8
0	101	0	104	49	0	14
0	101	0	105	49	0	11
0	101	0	106	49	0	9
0	101	0	107	49	0	2
0	101	0	108	49	0	6
0	101	0	94	48	0	13
0	101	0	95	48	0	7
0	101	0	96	48	0	9
0	101	0	97	48	0	14
0	101	0	98	48	0	15
0	101	0	99	48	0	2
0	101	0	100	48	0	10
0	101	0	101	48	0	2
0	101	0	102	48	0	19
0	101	0	103	48	0	7
0	101	0	104	48	0	6
0	101	0	105	48	0	7
0	101	0	106	48	0	13
0	101	0	107	48	0	9
0	101	0	110	48	0	0
0	101	0	111	48	0	3
0	101	0	112	48	0	4
0	101	0	94	47	0	10
0	101	0	95	47	0	2
0	101	0	96	47	0	10
0	101	0	97	47	0	10
0	101	0	98	47	0	7
0	101	0	99	47	0	15
0	101	0	100	47	0	14
0	101	0	101	47	0	6
0	101	0	102	47	0	5
0	101	0	103	47	0	4
0	101	0	104	47	0	10
0	101	0	105	47	0	9
0	101	0	106	47	0	8
0	101	0	107	47	0	7
0	101	0	109	47	0	10
0	101	0	110	47	0	5
0	101	0	111	47	0	7
0	101	0	112	47	0	5
0	101	0	113	47	0	7
0	101	0	114	47	0	6
0	101	0	93	46	0	3
0	101	0	94	46	0	2
0	101	0	95	46	0	10
0	101	0	96	46	0	10
0	101	0	97	46	0	13
0	101	0	98	46	0	4
0	101	0	99	46	0	10
0	101	0	100	46	0	6
0	101	0	101	46	0	6
0	101	0	102	46	0	8
0	101	0	103	46	0	6
0	101	0	104	46	0	3
0	101	0	105	46	0	16
0	101	0	106	46	0	8
0	101	0	107	46	0	12
0	101	0	111	46	0	3
0	101	0	112	46	0	4
0	101	0	113	46	0	3
0	101	0	114	46	0	10
0	101	0	93	45	0	4
0	101	0	94	45	0	7
0	101	0	95	45	0	10
0	101	0	96	45	0	6
0	101	0	97	45	0	2
0	101	0	98	45	0	8
0	101	0	99	45	0	3
0	101	0	100	45	0	8
0	101	0	101	45	0	1
0	101	0	102	45	0	8
0	101	0	103	45	0	11
0	101	0	104	45	0	2
0	101	0	106	45	0	6
0	101	0	110	45	0	0
0	101	0	111	45	0	1
0	101	0	112	45	0	10
0	101	0	114	45	0	4
0	101	0	115	45	0	0
0	101	0	116	45	0	3
0	101	0	118	45	0	3
0	101	0	94	44	0	6
0	101	0	95	44	0	10
0	101	0	96	44	0	8
0	101	0	97	44	0	11
0	101	0	98	44	0	5
0	101	0	99	44	0	8
0	101	0	100	44	0	5
0	101	0	101	44	0	0
0	101	0	102	44	0	3
0	101	0	111	44	0	6
0	101	0	112	44	0	9
0	101	0	113	44	0	0
0	101	0	114	44	0	7
0	101	0	115	44	0	4
0	101	0	95	43	0	7
0	101	0	96	43	0	7
0	101	0	97	43	0	5
0	101	0	98	43	0	10
0	101	0	99	43	0	9
0	101	0	100	43	0	2
0	101	0	101	43	0	6
0	101	0	111	43	0	1
0	101	0	112	43	0	0
0	101	0	113	43	0	3
0	101	0	114	43	0	1
0	101	0	117	43	0	1
0	101	0	95	42	0	11
0	101	0	96	42	0	13
0	101	0	97	42	0	8
0	101	0	98	42	0	7
0	101	0	99	42	0	3
0	101	0	100	42	0	9
0	101	0	114	42	0	4
0	101	0	95	41	0	0
0	101	0	96	41	0	1
0	101	0	97	41	0	1
0	101	0	98	41	0	4
0	101	0	99	41	0	4
0	101	0	97	39	0	0
0	101	0	94	38	0	11
0	101	0	95	38	0	5
0	101	0	96	38	0	5
0	101	0	97	38	0	11
0	101	0	98	38	0	4
0	101	0	92	37	0	0
0	101	0	93	37	0	0
0	101	0	94	37	0	3
0	101	0	95	37	0	1
0	101	0	96	37	0	3
0	101	0	97	37	0	6
0	101	0	98	37	0	6
0	101	0	99	37	0	0
0	101	0	101	37	0	6
0	101	0	93	36	0	0
0	101	0	95	36	0	0
0	101	0	96	36	0	1
0	101	0	97	36	0	0
0	101	0	99	36	0	0
0	101	0	100	36	0	0
0	101	0	101	36	0	0
0	101	0	95	35	0	2
0	101	0	96	35	0	8
0	101	0	97	35	0	0
0	101	0	100	35	0	8
0	101	0	101	35	0	1
0	101	0	93	34	0	0
0	101	0	95	34	0	5
0	101	0	96	34	0	1
0	101	0	97	34	0	11
0	101	0	99	34	0	2
0	101	0	100	34	0	0
0	101	0	95	33	0	1
0	101	0	96	33	0	0
0	101	0	97	33	0	7
0	101	0	98	33	0	1
0	101	0	99	33	0	3
0	101	0	100	33	0	1
0	101	0	101	33	0	0
0	101	0	94	32	0	1
0	101	0	95	32	0	0
0	101	0	97	32	0	0
0	101	0	99	32	0	0
0	101	0	100	32	0	0
0	101	0	100	29	0	1
0	102	0	95	73	0	4
0	102	0	95	72	0	8
0	102	0	96	72	0	6
0	102	0	97	72	0	13
0	102	0	98	72	0	7
0	102	0	99	72	0	17
0	102	0	100	72	0	4
0	102	0	90	71	0	6
0	102	0	91	71	0	7
0	102	0	92	71	0	5
0	102	0	93	71	0	7
0	102	0	94	71	0	14
0	102	0	95	71	0	14
0	102	0	96	71	0	8
0	102	0	97	71	0	5
0	102	0	98	71	0	10
0	102	0	99	71	0	13
0	102	0	100	71	0	8
0	102	0	101	71	0	8
0	102	0	102	71	0	12
0	102	0	89	70	0	0
0	102	0	90	70	0	2
0	102	0	91	70	0	6
0	102	0	92	70	0	9
0	102	0	93	70	0	14
0	102	0	94	70	0	13
0	102	0	95	70	0	15
0	102	0	96	70	0	5
0	102	0	97	70	0	8
0	102	0	98	70	0	10
0	102	0	99	70	0	8
0	102	0	100	70	0	0
0	102	0	101	70	0	0
0	102	0	102	70	0	6
0	102	0	87	69	0	6
0	102	0	88	69	0	10
0	102	0	89	69	0	2
0	102	0	90	69	0	9
0	102	0	91	69	0	13
0	102	0	92	69	0	11
0	102	0	93	69	0	9
0	102	0	94	69	0	16
0	102	0	95	69	0	8
0	102	0	96	69	0	8
0	102	0	97	69	0	4
0	102	0	98	69	0	8
0	102	0	99	69	0	5
0	102	0	100	69	0	5
0	102	0	101	69	0	8
0	102	0	102	69	0	3
0	102	0	86	68	0	3
0	102	0	87	68	0	10
0	102	0	88	68	0	19
0	102	0	89	68	0	10
0	102	0	90	68	0	10
0	102	0	91	68	0	5
0	102	0	92	68	0	6
0	102	0	93	68	0	3
0	102	0	94	68	0	9
0	102	0	95	68	0	2
0	102	0	96	68	0	6
0	102	0	97	68	0	3
0	102	0	98	68	0	5
0	102	0	99	68	0	6
0	102	0	100	68	0	8
0	102	0	101	68	0	5
0	102	0	102	68	0	12
0	102	0	86	67	0	3
0	102	0	87	67	0	13
0	102	0	88	67	0	11
0	102	0	89	67	0	5
0	102	0	90	67	0	4
0	102	0	91	67	0	2
0	102	0	92	67	0	2
0	102	0	93	67	0	10
0	102	0	94	67	0	6
0	102	0	95	67	0	15
0	102	0	96	67	0	11
0	102	0	97	67	0	7
0	102	0	98	67	0	4
0	102	0	99	67	0	3
0	102	0	100	67	0	8
0	102	0	101	67	0	8
0	102	0	102	67	0	1
0	102	0	87	66	0	10
0	102	0	88	66	0	8
0	102	0	89	66	0	20
0	102	0	90	66	0	7
0	102	0	91	66	0	9
0	102	0	92	66	0	3
0	102	0	93	66	0	9
0	102	0	94	66	0	7
0	102	0	95	66	0	11
0	102	0	96	66	0	11
0	102	0	97	66	0	5
0	102	0	98	66	0	4
0	102	0	99	66	0	10
0	102	0	100	66	0	10
0	102	0	101	66	0	5
0	102	0	102	66	0	9
0	102	0	87	65	0	4
0	102	0	88	65	0	6
0	102	0	89	65	0	11
0	102	0	90	65	0	10
0	102	0	91	65	0	11
0	102	0	92	65	0	4
0	102	0	93	65	0	14
0	102	0	94	65	0	10
0	102	0	95	65	0	15
0	102	0	96	65	0	8
0	102	0	97	65	0	15
0	102	0	98	65	0	7
0	102	0	99	65	0	17
0	102	0	100	65	0	7
0	102	0	101	65	0	1
0	102	0	102	65	0	3
0	102	0	103	65	0	6
0	102	0	87	64	0	6
0	102	0	88	64	0	6
0	102	0	89	64	0	1
0	102	0	90	64	0	4
0	102	0	91	64	0	11
0	102	0	92	64	0	13
0	102	0	93	64	0	1
0	102	0	94	64	0	7
0	102	0	95	64	0	5
0	102	0	96	64	0	6
0	102	0	97	64	0	8
0	102	0	98	64	0	12
0	102	0	99	64	0	8
0	102	0	100	64	0	8
0	102	0	101	64	0	1
0	102	0	102	64	0	9
0	102	0	103	64	0	7
0	102	0	86	63	0	2
0	102	0	87	63	0	15
0	102	0	88	63	0	9
0	102	0	89	63	0	2
0	102	0	90	63	0	11
0	102	0	91	63	0	7
0	102	0	92	63	0	1
0	102	0	93	63	0	7
0	102	0	94	63	0	4
0	102	0	95	63	0	12
0	102	0	96	63	0	9
0	102	0	97	63	0	10
0	102	0	98	63	0	7
0	102	0	99	63	0	4
0	102	0	100	63	0	5
0	102	0	101	63	0	9
0	102	0	102	63	0	19
0	102	0	103	63	0	1
0	102	0	87	62	0	4
0	102	0	88	62	0	13
0	102	0	89	62	0	9
0	102	0	90	62	0	11
0	102	0	91	62	0	6
0	102	0	92	62	0	10
0	102	0	93	62	0	10
0	102	0	94	62	0	6
0	102	0	95	62	0	9
0	102	0	96	62	0	7
0	102	0	97	62	0	10
0	102	0	98	62	0	1
0	102	0	99	62	0	7
0	102	0	100	62	0	4
0	102	0	101	62	0	4
0	102	0	102	62	0	5
0	102	0	87	61	0	2
0	102	0	88	61	0	7
0	102	0	89	61	0	6
0	102	0	90	61	0	5
0	102	0	91	61	0	10
0	102	0	92	61	0	14
0	102	0	93	61	0	5
0	102	0	94	61	0	6
0	102	0	95	61	0	5
0	102	0	96	61	0	9
0	102	0	97	61	0	11
0	102	0	98	61	0	4
0	102	0	99	61	0	1
0	102	0	100	61	0	7
0	102	0	88	60	0	3
0	102	0	89	60	0	5
0	102	0	90	60	0	8
0	102	0	91	60	0	7
0	102	0	92	60	0	9
0	102	0	93	60	0	9
0	102	0	94	60	0	5
0	102	0	95	60	0	8
0	102	0	96	60	0	7
0	102	0	88	59	0	0
0	102	0	89	59	0	12
0	102	0	90	59	0	9
0	102	0	91	59	0	5
0	102	0	92	59	0	11
0	102	0	93	59	0	10
0	102	0	94	59	0	4
0	102	0	95	59	0	1
0	102	0	89	58	0	8
0	102	0	90	58	0	13
0	102	0	91	58	0	5
0	102	0	92	58	0	4
0	102	0	93	58	0	6
0	102	0	94	58	0	4
0	102	0	91	57	0	8
0	102	0	92	57	0	16
0	102	0	93	57	0	5
0	102	0	96	55	0	3
0	102	0	94	54	0	11
0	102	0	95	54	0	5
0	102	0	96	54	0	7
0	102	0	97	54	0	13
0	102	0	101	54	0	9
0	102	0	102	54	0	12
0	102	0	103	54	0	5
0	102	0	104	54	0	4
0	102	0	93	53	0	8
0	102	0	94	53	0	11
0	102	0	95	53	0	12
0	102	0	96	53	0	6
0	102	0	97	53	0	2
0	102	0	98	53	0	7
0	102	0	99	53	0	6
0	102	0	100	53	0	9
0	102	0	101	53	0	13
0	102	0	102	53	0	13
0	102	0	103	53	0	11
0	102	0	104	53	0	0
0	102	0	105	53	0	2
0	102	0	106	53	0	4
0	102	0	93	52	0	2
0	102	0	94	52	0	4
0	102	0	95	52	0	13
0	102	0	96	52	0	7
0	102	0	97	52	0	14
0	102	0	98	52	0	11
0	102	0	99	52	0	7
0	102	0	100	52	0	4
0	102	0	101	52	0	5
0	102	0	102	52	0	10
0	102	0	103	52	0	3
0	102	0	104	52	0	9
0	102	0	105	52	0	3
0	102	0	106	52	0	11
0	102	0	107	52	0	0
0	102	0	93	51	0	12
0	102	0	94	51	0	6
0	102	0	95	51	0	13
0	102	0	96	51	0	11
0	102	0	97	51	0	5
0	102	0	98	51	0	0
0	102	0	99	51	0	2
0	102	0	100	51	0	18
0	102	0	101	51	0	8
0	102	0	102	51	0	5
0	102	0	103	51	0	15
0	102	0	104	51	0	2
0	102	0	105	51	0	7
0	102	0	106	51	0	3
0	102	0	107	51	0	18
0	102	0	93	50	0	3
0	102	0	94	50	0	9
0	102	0	95	50	0	16
0	102	0	96	50	0	11
0	102	0	97	50	0	15
0	102	0	98	50	0	5
0	102	0	99	50	0	11
0	102	0	100	50	0	3
0	102	0	101	50	0	8
0	102	0	102	50	0	7
0	102	0	103	50	0	17
0	102	0	104	50	0	14
0	102	0	105	50	0	15
0	102	0	106	50	0	3
0	102	0	107	50	0	8
0	102	0	93	49	0	6
0	102	0	94	49	0	7
0	102	0	95	49	0	4
0	102	0	96	49	0	12
0	102	0	97	49	0	8
0	102	0	98	49	0	15
0	102	0	99	49	0	3
0	102	0	100	49	0	6
0	102	0	101	49	0	10
0	102	0	102	49	0	11
0	102	0	103	49	0	11
0	102	0	104	49	0	17
0	102	0	105	49	0	13
0	102	0	106	49	0	6
0	102	0	107	49	0	5
0	102	0	108	49	0	3
0	102	0	94	48	0	10
0	102	0	95	48	0	4
0	102	0	96	48	0	7
0	102	0	97	48	0	14
0	102	0	98	48	0	13
0	102	0	99	48	0	1
0	102	0	100	48	0	10
0	102	0	101	48	0	4
0	102	0	102	48	0	14
0	102	0	103	48	0	7
0	102	0	104	48	0	12
0	102	0	105	48	0	7
0	102	0	106	48	0	13
0	102	0	107	48	0	6
0	102	0	110	48	0	0
0	102	0	111	48	0	2
0	102	0	112	48	0	4
0	102	0	94	47	0	7
0	102	0	95	47	0	8
0	102	0	96	47	0	10
0	102	0	97	47	0	8
0	102	0	98	47	0	8
0	102	0	99	47	0	10
0	102	0	100	47	0	14
0	102	0	101	47	0	6
0	102	0	102	47	0	6
0	102	0	103	47	0	10
0	102	0	104	47	0	13
0	102	0	105	47	0	6
0	102	0	106	47	0	8
0	102	0	107	47	0	6
0	102	0	109	47	0	12
0	102	0	110	47	0	6
0	102	0	111	47	0	9
0	102	0	112	47	0	4
0	102	0	113	47	0	3
0	102	0	114	47	0	6
0	102	0	93	46	0	2
0	102	0	94	46	0	2
0	102	0	95	46	0	11
0	102	0	96	46	0	12
0	102	0	97	46	0	6
0	102	0	98	46	0	8
0	102	0	99	46	0	11
0	102	0	100	46	0	7
0	102	0	101	46	0	5
0	102	0	102	46	0	8
0	102	0	103	46	0	8
0	102	0	104	46	0	4
0	102	0	105	46	0	12
0	102	0	106	46	0	12
0	102	0	107	46	0	10
0	102	0	111	46	0	5
0	102	0	112	46	0	3
0	102	0	113	46	0	3
0	102	0	114	46	0	12
0	102	0	93	45	0	5
0	102	0	94	45	0	11
0	102	0	95	45	0	8
0	102	0	96	45	0	7
0	102	0	97	45	0	5
0	102	0	98	45	0	6
0	102	0	99	45	0	3
0	102	0	100	45	0	10
0	102	0	101	45	0	2
0	102	0	102	45	0	11
0	102	0	103	45	0	14
0	102	0	104	45	0	2
0	102	0	106	45	0	8
0	102	0	110	45	0	0
0	102	0	111	45	0	2
0	102	0	112	45	0	13
0	102	0	113	45	0	2
0	102	0	114	45	0	6
0	102	0	115	45	0	0
0	102	0	116	45	0	6
0	102	0	118	45	0	3
0	102	0	94	44	0	7
0	102	0	95	44	0	10
0	102	0	96	44	0	7
0	102	0	97	44	0	8
0	102	0	98	44	0	10
0	102	0	99	44	0	10
0	102	0	100	44	0	8
0	102	0	101	44	0	0
0	102	0	102	44	0	6
0	102	0	111	44	0	5
0	102	0	112	44	0	6
0	102	0	113	44	0	0
0	102	0	114	44	0	6
0	102	0	115	44	0	5
0	102	0	95	43	0	11
0	102	0	96	43	0	5
0	102	0	97	43	0	6
0	102	0	98	43	0	13
0	102	0	99	43	0	7
0	102	0	100	43	0	4
0	102	0	101	43	0	5
0	102	0	111	43	0	1
0	102	0	112	43	0	0
0	102	0	113	43	0	2
0	102	0	114	43	0	2
0	102	0	116	43	0	1
0	102	0	117	43	0	2
0	102	0	95	42	0	12
0	102	0	96	42	0	8
0	102	0	97	42	0	14
0	102	0	98	42	0	7
0	102	0	99	42	0	4
0	102	0	100	42	0	8
0	102	0	112	42	0	1
0	102	0	114	42	0	2
0	102	0	95	41	0	0
0	102	0	96	41	0	3
0	102	0	97	41	0	3
0	102	0	98	41	0	9
0	102	0	99	41	0	5
0	102	0	97	39	0	0
0	102	0	94	38	0	5
0	102	0	95	38	0	8
0	102	0	96	38	0	3
0	102	0	97	38	0	11
0	102	0	98	38	0	5
0	102	0	92	37	0	0
0	102	0	93	37	0	0
0	102	0	94	37	0	4
0	102	0	95	37	0	1
0	102	0	96	37	0	6
0	102	0	97	37	0	6
0	102	0	98	37	0	8
0	102	0	99	37	0	0
0	102	0	101	37	0	12
0	102	0	93	36	0	0
0	102	0	95	36	0	0
0	102	0	96	36	0	0
0	102	0	97	36	0	0
0	102	0	99	36	0	0
0	102	0	100	36	0	0
0	102	0	101	36	0	0
0	102	0	95	35	0	0
0	102	0	96	35	0	7
0	102	0	97	35	0	0
0	102	0	100	35	0	2
0	102	0	101	35	0	1
0	102	0	93	34	0	0
0	102	0	95	34	0	5
0	102	0	96	34	0	2
0	102	0	97	34	0	12
0	102	0	99	34	0	1
0	102	0	100	34	0	0
0	102	0	94	33	0	1
0	102	0	95	33	0	1
0	102	0	96	33	0	0
0	102	0	97	33	0	4
0	102	0	98	33	0	1
0	102	0	99	33	0	1
0	102	0	100	33	0	3
0	102	0	101	33	0	0
0	102	0	94	32	0	1
0	102	0	95	32	0	0
0	102	0	97	32	0	0
0	102	0	99	32	0	0
0	102	0	100	32	0	1
0	102	0	100	29	0	3
0	103	0	95	73	0	8
0	103	0	95	72	0	8
0	103	0	96	72	0	1
0	103	0	97	72	0	12
0	103	0	98	72	0	5
0	103	0	99	72	0	11
0	103	0	100	72	0	4
0	103	0	90	71	0	7
0	103	0	91	71	0	6
0	103	0	92	71	0	10
0	103	0	93	71	0	6
0	103	0	94	71	0	8
0	103	0	95	71	0	17
0	103	0	96	71	0	11
0	103	0	97	71	0	6
0	103	0	98	71	0	6
0	103	0	99	71	0	10
0	103	0	100	71	0	8
0	103	0	101	71	0	8
0	103	0	102	71	0	13
0	103	0	89	70	0	1
0	103	0	90	70	0	3
0	103	0	91	70	0	6
0	103	0	92	70	0	11
0	103	0	93	70	0	18
0	103	0	94	70	0	9
0	103	0	95	70	0	11
0	103	0	96	70	0	4
0	103	0	97	70	0	2
0	103	0	98	70	0	13
0	103	0	99	70	0	7
0	103	0	100	70	0	1
0	103	0	101	70	0	2
0	103	0	102	70	0	8
0	103	0	87	69	0	4
0	103	0	88	69	0	9
0	103	0	89	69	0	3
0	103	0	90	69	0	9
0	103	0	91	69	0	9
0	103	0	92	69	0	14
0	103	0	93	69	0	10
0	103	0	94	69	0	12
0	103	0	95	69	0	10
0	103	0	96	69	0	4
0	103	0	97	69	0	4
0	103	0	98	69	0	6
0	103	0	99	69	0	5
0	103	0	100	69	0	8
0	103	0	101	69	0	5
0	103	0	102	69	0	9
0	103	0	86	68	0	3
0	103	0	87	68	0	7
0	103	0	88	68	0	12
0	103	0	89	68	0	16
0	103	0	90	68	0	10
0	103	0	91	68	0	5
0	103	0	92	68	0	8
0	103	0	93	68	0	6
0	103	0	94	68	0	6
0	103	0	95	68	0	3
0	103	0	96	68	0	4
0	103	0	97	68	0	1
0	103	0	98	68	0	3
0	103	0	99	68	0	4
0	103	0	100	68	0	4
0	103	0	101	68	0	4
0	103	0	102	68	0	7
0	103	0	86	67	0	1
0	103	0	87	67	0	14
0	103	0	88	67	0	13
0	103	0	89	67	0	9
0	103	0	90	67	0	8
0	103	0	91	67	0	2
0	103	0	92	67	0	3
0	103	0	93	67	0	8
0	103	0	94	67	0	7
0	103	0	95	67	0	17
0	103	0	96	67	0	14
0	103	0	97	67	0	7
0	103	0	98	67	0	8
0	103	0	99	67	0	1
0	103	0	100	67	0	7
0	103	0	101	67	0	12
0	103	0	102	67	0	3
0	103	0	87	66	0	12
0	103	0	88	66	0	10
0	103	0	89	66	0	17
0	103	0	90	66	0	4
0	103	0	91	66	0	8
0	103	0	92	66	0	5
0	103	0	93	66	0	10
0	103	0	94	66	0	5
0	103	0	95	66	0	14
0	103	0	96	66	0	9
0	103	0	97	66	0	6
0	103	0	98	66	0	8
0	103	0	99	66	0	14
0	103	0	100	66	0	11
0	103	0	101	66	0	6
0	103	0	102	66	0	6
0	103	0	87	65	0	7
0	103	0	88	65	0	8
0	103	0	89	65	0	17
0	103	0	90	65	0	12
0	103	0	91	65	0	11
0	103	0	92	65	0	3
0	103	0	93	65	0	14
0	103	0	94	65	0	13
0	103	0	95	65	0	13
0	103	0	96	65	0	10
0	103	0	97	65	0	8
0	103	0	98	65	0	6
0	103	0	99	65	0	20
0	103	0	100	65	0	8
0	103	0	101	65	0	2
0	103	0	102	65	0	6
0	103	0	103	65	0	7
0	103	0	87	64	0	6
0	103	0	88	64	0	5
0	103	0	89	64	0	5
0	103	0	90	64	0	10
0	103	0	91	64	0	14
0	103	0	92	64	0	15
0	103	0	93	64	0	2
0	103	0	94	64	0	3
0	103	0	95	64	0	5
0	103	0	96	64	0	7
0	103	0	97	64	0	7
0	103	0	98	64	0	12
0	103	0	99	64	0	8
0	103	0	100	64	0	7
0	103	0	101	64	0	2
0	103	0	102	64	0	6
0	103	0	103	64	0	7
0	103	0	86	63	0	2
0	103	0	87	63	0	11
0	103	0	88	63	0	9
0	103	0	89	63	0	2
0	103	0	90	63	0	11
0	103	0	91	63	0	8
0	103	0	92	63	0	1
0	103	0	93	63	0	11
0	103	0	94	63	0	3
0	103	0	95	63	0	12
0	103	0	96	63	0	4
0	103	0	97	63	0	7
0	103	0	98	63	0	12
0	103	0	99	63	0	6
0	103	0	100	63	0	6
0	103	0	101	63	0	6
0	103	0	102	63	0	15
0	103	0	103	63	0	1
0	103	0	87	62	0	2
0	103	0	88	62	0	13
0	103	0	89	62	0	10
0	103	0	90	62	0	12
0	103	0	91	62	0	8
0	103	0	92	62	0	11
0	103	0	93	62	0	11
0	103	0	94	62	0	6
0	103	0	95	62	0	5
0	103	0	96	62	0	8
0	103	0	97	62	0	13
0	103	0	98	62	0	2
0	103	0	99	62	0	8
0	103	0	100	62	0	3
0	103	0	101	62	0	3
0	103	0	102	62	0	4
0	103	0	87	61	0	2
0	103	0	88	61	0	3
0	103	0	89	61	0	11
0	103	0	90	61	0	4
0	103	0	91	61	0	11
0	103	0	92	61	0	6
0	103	0	93	61	0	6
0	103	0	94	61	0	5
0	103	0	95	61	0	6
0	103	0	96	61	0	14
0	103	0	97	61	0	5
0	103	0	98	61	0	7
0	103	0	99	61	0	2
0	103	0	100	61	0	9
0	103	0	88	60	0	8
0	103	0	89	60	0	7
0	103	0	90	60	0	5
0	103	0	91	60	0	3
0	103	0	92	60	0	6
0	103	0	93	60	0	13
0	103	0	94	60	0	3
0	103	0	95	60	0	13
0	103	0	96	60	0	8
0	103	0	88	59	0	0
0	103	0	89	59	0	12
0	103	0	90	59	0	7
0	103	0	91	59	0	1
0	103	0	92	59	0	14
0	103	0	93	59	0	6
0	103	0	94	59	0	6
0	103	0	95	59	0	3
0	103	0	89	58	0	4
0	103	0	90	58	0	12
0	103	0	91	58	0	6
0	103	0	92	58	0	5
0	103	0	93	58	0	4
0	103	0	94	58	0	5
0	103	0	91	57	0	4
0	103	0	92	57	0	12
0	103	0	93	57	0	5
0	103	0	96	55	0	7
0	103	0	94	54	0	6
0	103	0	95	54	0	5
0	103	0	96	54	0	6
0	103	0	97	54	0	8
0	103	0	101	54	0	8
0	103	0	102	54	0	12
0	103	0	103	54	0	7
0	103	0	104	54	0	7
0	103	0	93	53	0	8
0	103	0	94	53	0	7
0	103	0	95	53	0	7
0	103	0	96	53	0	4
0	103	0	97	53	0	1
0	103	0	98	53	0	7
0	103	0	99	53	0	5
0	103	0	100	53	0	5
0	103	0	101	53	0	12
0	103	0	102	53	0	14
0	103	0	103	53	0	8
0	103	0	104	53	0	1
0	103	0	105	53	0	1
0	103	0	106	53	0	4
0	103	0	93	52	0	5
0	103	0	94	52	0	5
0	103	0	95	52	0	10
0	103	0	96	52	0	5
0	103	0	97	52	0	13
0	103	0	98	52	0	11
0	103	0	99	52	0	6
0	103	0	100	52	0	6
0	103	0	101	52	0	5
0	103	0	102	52	0	13
0	103	0	103	52	0	0
0	103	0	104	52	0	11
0	103	0	105	52	0	5
0	103	0	106	52	0	11
0	103	0	107	52	0	0
0	103	0	93	51	0	11
0	103	0	94	51	0	3
0	103	0	95	51	0	18
0	103	0	96	51	0	9
0	103	0	97	51	0	3
0	103	0	98	51	0	2
0	103	0	99	51	0	1
0	103	0	100	51	0	16
0	103	0	101	51	0	10
0	103	0	102	51	0	5
0	103	0	103	51	0	14
0	103	0	104	51	0	5
0	103	0	105	51	0	11
0	103	0	106	51	0	2
0	103	0	107	51	0	14
0	103	0	93	50	0	4
0	103	0	94	50	0	9
0	103	0	95	50	0	9
0	103	0	96	50	0	13
0	103	0	97	50	0	13
0	103	0	98	50	0	7
0	103	0	99	50	0	17
0	103	0	100	50	0	7
0	103	0	101	50	0	10
0	103	0	102	50	0	4
0	103	0	103	50	0	24
0	103	0	104	50	0	12
0	103	0	105	50	0	14
0	103	0	106	50	0	2
0	103	0	107	50	0	5
0	103	0	93	49	0	2
0	103	0	94	49	0	8
0	103	0	95	49	0	4
0	103	0	96	49	0	16
0	103	0	97	49	0	6
0	103	0	98	49	0	11
0	103	0	99	49	0	3
0	103	0	100	49	0	7
0	103	0	101	49	0	10
0	103	0	102	49	0	10
0	103	0	103	49	0	11
0	103	0	104	49	0	9
0	103	0	105	49	0	7
0	103	0	106	49	0	7
0	103	0	107	49	0	3
0	103	0	108	49	0	2
0	103	0	94	48	0	10
0	103	0	95	48	0	3
0	103	0	96	48	0	7
0	103	0	97	48	0	15
0	103	0	98	48	0	10
0	103	0	99	48	0	3
0	103	0	100	48	0	12
0	103	0	101	48	0	5
0	103	0	102	48	0	13
0	103	0	103	48	0	9
0	103	0	104	48	0	7
0	103	0	105	48	0	10
0	103	0	106	48	0	15
0	103	0	107	48	0	7
0	103	0	110	48	0	1
0	103	0	111	48	0	2
0	103	0	112	48	0	6
0	103	0	115	48	0	1
0	103	0	94	47	0	7
0	103	0	95	47	0	7
0	103	0	96	47	0	13
0	103	0	97	47	0	7
0	103	0	98	47	0	9
0	103	0	99	47	0	13
0	103	0	100	47	0	13
0	103	0	101	47	0	6
0	103	0	102	47	0	7
0	103	0	103	47	0	13
0	103	0	104	47	0	8
0	103	0	105	47	0	7
0	103	0	106	47	0	6
0	103	0	107	47	0	5
0	103	0	109	47	0	8
0	103	0	110	47	0	7
0	103	0	111	47	0	10
0	103	0	112	47	0	4
0	103	0	113	47	0	2
0	103	0	114	47	0	3
0	103	0	115	47	0	1
0	103	0	93	46	0	3
0	103	0	94	46	0	3
0	103	0	95	46	0	9
0	103	0	96	46	0	15
0	103	0	97	46	0	4
0	103	0	98	46	0	12
0	103	0	99	46	0	12
0	103	0	100	46	0	7
0	103	0	101	46	0	4
0	103	0	102	46	0	11
0	103	0	103	46	0	8
0	103	0	104	46	0	0
0	103	0	105	46	0	9
0	103	0	106	46	0	19
0	103	0	107	46	0	14
0	103	0	111	46	0	2
0	103	0	112	46	0	5
0	103	0	113	46	0	8
0	103	0	114	46	0	13
0	103	0	115	46	0	2
0	103	0	93	45	0	6
0	103	0	94	45	0	13
0	103	0	95	45	0	12
0	103	0	96	45	0	10
0	103	0	97	45	0	5
0	103	0	98	45	0	8
0	103	0	99	45	0	4
0	103	0	100	45	0	8
0	103	0	101	45	0	6
0	103	0	102	45	0	13
0	103	0	103	45	0	13
0	103	0	104	45	0	2
0	103	0	106	45	0	9
0	103	0	110	45	0	0
0	103	0	111	45	0	1
0	103	0	112	45	0	18
0	103	0	113	45	0	1
0	103	0	114	45	0	4
0	103	0	115	45	0	0
0	103	0	116	45	0	6
0	103	0	118	45	0	2
0	103	0	94	44	0	7
0	103	0	95	44	0	7
0	103	0	96	44	0	11
0	103	0	97	44	0	9
0	103	0	98	44	0	8
0	103	0	99	44	0	5
0	103	0	100	44	0	7
0	103	0	101	44	0	1
0	103	0	102	44	0	7
0	103	0	111	44	0	5
0	103	0	112	44	0	7
0	103	0	113	44	0	0
0	103	0	114	44	0	6
0	103	0	115	44	0	4
0	103	0	95	43	0	9
0	103	0	96	43	0	7
0	103	0	97	43	0	8
0	103	0	98	43	0	9
0	103	0	99	43	0	5
0	103	0	100	43	0	6
0	103	0	101	43	0	7
0	103	0	111	43	0	0
0	103	0	112	43	0	0
0	103	0	113	43	0	5
0	103	0	114	43	0	3
0	103	0	116	43	0	4
0	103	0	117	43	0	1
0	103	0	95	42	0	10
0	103	0	96	42	0	5
0	103	0	97	42	0	10
0	103	0	98	42	0	6
0	103	0	99	42	0	3
0	103	0	100	42	0	8
0	103	0	112	42	0	1
0	103	0	114	42	0	2
0	103	0	115	42	0	1
0	103	0	95	41	0	1
0	103	0	96	41	0	2
0	103	0	97	41	0	2
0	103	0	98	41	0	14
0	103	0	99	41	0	8
0	103	0	97	39	0	0
0	103	0	94	38	0	6
0	103	0	95	38	0	6
0	103	0	96	38	0	2
0	103	0	97	38	0	6
0	103	0	98	38	0	6
0	103	0	92	37	0	0
0	103	0	93	37	0	0
0	103	0	94	37	0	5
0	103	0	95	37	0	2
0	103	0	96	37	0	9
0	103	0	97	37	0	8
0	103	0	98	37	0	7
0	103	0	99	37	0	0
0	103	0	101	37	0	9
0	103	0	93	36	0	0
0	103	0	94	36	0	1
0	103	0	95	36	0	0
0	103	0	96	36	0	0
0	103	0	97	36	0	0
0	103	0	99	36	0	0
0	103	0	100	36	0	0
0	103	0	101	36	0	0
0	103	0	95	35	0	1
0	103	0	96	35	0	7
0	103	0	97	35	0	0
0	103	0	100	35	0	1
0	103	0	101	35	0	1
0	103	0	93	34	0	0
0	103	0	95	34	0	5
0	103	0	96	34	0	2
0	103	0	97	34	0	8
0	103	0	99	34	0	2
0	103	0	100	34	0	1
0	103	0	94	33	0	3
0	103	0	95	33	0	1
0	103	0	96	33	0	0
0	103	0	97	33	0	5
0	103	0	98	33	0	0
0	103	0	99	33	0	0
0	103	0	100	33	0	4
0	103	0	101	33	0	0
0	103	0	94	32	0	1
0	103	0	95	32	0	0
0	103	0	97	32	0	0
0	103	0	99	32	0	0
0	103	0	100	32	0	0
0	103	0	99	31	0	1
0	103	0	100	29	0	4
0	104	0	95	73	0	8
0	104	0	95	72	0	7
0	104	0	96	72	0	0
0	104	0	97	72	0	10
0	104	0	98	72	0	3
0	104	0	99	72	0	15
0	104	0	100	72	0	1
0	104	0	90	71	0	5
0	104	0	91	71	0	6
0	104	0	92	71	0	7
0	104	0	93	71	0	8
0	104	0	94	71	0	13
0	104	0	95	71	0	12
0	104	0	96	71	0	9
0	104	0	97	71	0	6
0	104	0	98	71	0	5
0	104	0	99	71	0	9
0	104	0	100	71	0	8
0	104	0	101	71	0	8
0	104	0	102	71	0	9
0	104	0	89	70	0	1
0	104	0	90	70	0	7
0	104	0	91	70	0	6
0	104	0	92	70	0	9
0	104	0	93	70	0	24
0	104	0	94	70	0	11
0	104	0	95	70	0	8
0	104	0	96	70	0	6
0	104	0	97	70	0	5
0	104	0	98	70	0	10
0	104	0	99	70	0	5
0	104	0	100	70	0	2
0	104	0	101	70	0	2
0	104	0	102	70	0	10
0	104	0	87	69	0	6
0	104	0	88	69	0	8
0	104	0	89	69	0	1
0	104	0	90	69	0	9
0	104	0	91	69	0	5
0	104	0	92	69	0	13
0	104	0	93	69	0	9
0	104	0	94	69	0	8
0	104	0	95	69	0	5
0	104	0	96	69	0	10
0	104	0	97	69	0	7
0	104	0	98	69	0	9
0	104	0	99	69	0	5
0	104	0	100	69	0	9
0	104	0	101	69	0	7
0	104	0	102	69	0	8
0	104	0	86	68	0	7
0	104	0	87	68	0	8
0	104	0	88	68	0	12
0	104	0	89	68	0	10
0	104	0	90	68	0	8
0	104	0	91	68	0	7
0	104	0	92	68	0	6
0	104	0	93	68	0	7
0	104	0	94	68	0	5
0	104	0	95	68	0	1
0	104	0	96	68	0	7
0	104	0	97	68	0	2
0	104	0	98	68	0	4
0	104	0	99	68	0	5
0	104	0	100	68	0	5
0	104	0	101	68	0	2
0	104	0	102	68	0	9
0	104	0	86	67	0	0
0	104	0	87	67	0	16
0	104	0	88	67	0	13
0	104	0	89	67	0	10
0	104	0	90	67	0	10
0	104	0	91	67	0	2
0	104	0	92	67	0	3
0	104	0	93	67	0	6
0	104	0	94	67	0	6
0	104	0	95	67	0	23
0	104	0	96	67	0	13
0	104	0	97	67	0	9
0	104	0	98	67	0	5
0	104	0	99	67	0	3
0	104	0	100	67	0	10
0	104	0	101	67	0	10
0	104	0	102	67	0	2
0	104	0	87	66	0	17
0	104	0	88	66	0	6
0	104	0	89	66	0	12
0	104	0	90	66	0	3
0	104	0	91	66	0	13
0	104	0	92	66	0	4
0	104	0	93	66	0	10
0	104	0	94	66	0	3
0	104	0	95	66	0	14
0	104	0	96	66	0	10
0	104	0	97	66	0	6
0	104	0	98	66	0	10
0	104	0	99	66	0	8
0	104	0	100	66	0	11
0	104	0	101	66	0	5
0	104	0	102	66	0	10
0	104	0	87	65	0	3
0	104	0	88	65	0	4
0	104	0	89	65	0	8
0	104	0	90	65	0	7
0	104	0	91	65	0	7
0	104	0	92	65	0	6
0	104	0	93	65	0	10
0	104	0	94	65	0	12
0	104	0	95	65	0	7
0	104	0	96	65	0	5
0	104	0	97	65	0	14
0	104	0	98	65	0	11
0	104	0	99	65	0	15
0	104	0	100	65	0	9
0	104	0	101	65	0	2
0	104	0	102	65	0	6
0	104	0	103	65	0	10
0	104	0	87	64	0	9
0	104	0	88	64	0	5
0	104	0	89	64	0	5
0	104	0	90	64	0	11
0	104	0	91	64	0	12
0	104	0	92	64	0	9
0	104	0	93	64	0	8
0	104	0	94	64	0	7
0	104	0	95	64	0	7
0	104	0	96	64	0	4
0	104	0	97	64	0	12
0	104	0	98	64	0	10
0	104	0	99	64	0	3
0	104	0	100	64	0	6
0	104	0	101	64	0	4
0	104	0	102	64	0	5
0	104	0	103	64	0	9
0	104	0	86	63	0	3
0	104	0	87	63	0	6
0	104	0	88	63	0	7
0	104	0	89	63	0	8
0	104	0	90	63	0	9
0	104	0	91	63	0	13
0	104	0	92	63	0	1
0	104	0	93	63	0	13
0	104	0	94	63	0	2
0	104	0	95	63	0	11
0	104	0	96	63	0	3
0	104	0	97	63	0	6
0	104	0	98	63	0	11
0	104	0	99	63	0	4
0	104	0	100	63	0	4
0	104	0	101	63	0	7
0	104	0	102	63	0	11
0	104	0	103	63	0	2
0	104	0	87	62	0	3
0	104	0	88	62	0	13
0	104	0	89	62	0	16
0	104	0	90	62	0	14
0	104	0	91	62	0	7
0	104	0	92	62	0	8
0	104	0	93	62	0	9
0	104	0	94	62	0	7
0	104	0	95	62	0	10
0	104	0	96	62	0	5
0	104	0	97	62	0	7
0	104	0	98	62	0	4
0	104	0	99	62	0	10
0	104	0	100	62	0	4
0	104	0	101	62	0	1
0	104	0	102	62	0	4
0	104	0	87	61	0	1
0	104	0	88	61	0	6
0	104	0	89	61	0	10
0	104	0	90	61	0	3
0	104	0	91	61	0	6
0	104	0	92	61	0	3
0	104	0	93	61	0	7
0	104	0	94	61	0	8
0	104	0	95	61	0	6
0	104	0	96	61	0	15
0	104	0	97	61	0	10
0	104	0	98	61	0	10
0	104	0	99	61	0	0
0	104	0	100	61	0	5
0	104	0	88	60	0	13
0	104	0	89	60	0	6
0	104	0	90	60	0	8
0	104	0	91	60	0	7
0	104	0	92	60	0	6
0	104	0	93	60	0	11
0	104	0	94	60	0	4
0	104	0	95	60	0	11
0	104	0	96	60	0	5
0	104	0	88	59	0	0
0	104	0	89	59	0	6
0	104	0	90	59	0	11
0	104	0	91	59	0	1
0	104	0	92	59	0	19
0	104	0	93	59	0	5
0	104	0	94	59	0	4
0	104	0	95	59	0	9
0	104	0	89	58	0	4
0	104	0	90	58	0	8
0	104	0	91	58	0	15
0	104	0	92	58	0	7
0	104	0	93	58	0	7
0	104	0	94	58	0	7
0	104	0	91	57	0	3
0	104	0	92	57	0	8
0	104	0	93	57	0	5
0	104	0	96	55	0	7
0	104	0	94	54	0	3
0	104	0	95	54	0	8
0	104	0	96	54	0	10
0	104	0	97	54	0	5
0	104	0	101	54	0	9
0	104	0	102	54	0	14
0	104	0	103	54	0	4
0	104	0	104	54	0	5
0	104	0	93	53	0	6
0	104	0	94	53	0	6
0	104	0	95	53	0	10
0	104	0	96	53	0	5
0	104	0	97	53	0	1
0	104	0	98	53	0	7
0	104	0	99	53	0	4
0	104	0	100	53	0	11
0	104	0	101	53	0	15
0	104	0	102	53	0	14
0	104	0	103	53	0	4
0	104	0	104	53	0	1
0	104	0	105	53	0	1
0	104	0	106	53	0	3
0	104	0	93	52	0	6
0	104	0	94	52	0	4
0	104	0	95	52	0	6
0	104	0	96	52	0	8
0	104	0	97	52	0	9
0	104	0	98	52	0	18
0	104	0	99	52	0	9
0	104	0	100	52	0	5
0	104	0	101	52	0	4
0	104	0	102	52	0	10
0	104	0	103	52	0	0
0	104	0	104	52	0	9
0	104	0	105	52	0	6
0	104	0	106	52	0	9
0	104	0	107	52	0	1
0	104	0	93	51	0	8
0	104	0	94	51	0	2
0	104	0	95	51	0	14
0	104	0	96	51	0	9
0	104	0	97	51	0	4
0	104	0	98	51	0	5
0	104	0	99	51	0	0
0	104	0	100	51	0	13
0	104	0	101	51	0	6
0	104	0	102	51	0	8
0	104	0	103	51	0	18
0	104	0	104	51	0	2
0	104	0	105	51	0	7
0	104	0	106	51	0	4
0	104	0	107	51	0	16
0	104	0	93	50	0	3
0	104	0	94	50	0	14
0	104	0	95	50	0	7
0	104	0	96	50	0	12
0	104	0	97	50	0	9
0	104	0	98	50	0	6
0	104	0	99	50	0	9
0	104	0	100	50	0	4
0	104	0	101	50	0	11
0	104	0	102	50	0	6
0	104	0	103	50	0	14
0	104	0	104	50	0	13
0	104	0	105	50	0	9
0	104	0	106	50	0	2
0	104	0	107	50	0	8
0	104	0	93	49	0	2
0	104	0	94	49	0	9
0	104	0	95	49	0	7
0	104	0	96	49	0	8
0	104	0	97	49	0	10
0	104	0	98	49	0	9
0	104	0	99	49	0	5
0	104	0	100	49	0	7
0	104	0	101	49	0	10
0	104	0	102	49	0	7
0	104	0	103	49	0	11
0	104	0	104	49	0	8
0	104	0	105	49	0	5
0	104	0	106	49	0	3
0	104	0	107	49	0	6
0	104	0	108	49	0	1
0	104	0	94	48	0	14
0	104	0	95	48	0	3
0	104	0	96	48	0	2
0	104	0	97	48	0	11
0	104	0	98	48	0	12
0	104	0	99	48	0	6
0	104	0	100	48	0	8
0	104	0	101	48	0	5
0	104	0	102	48	0	13
0	104	0	103	48	0	11
0	104	0	104	48	0	13
0	104	0	105	48	0	7
0	104	0	106	48	0	7
0	104	0	107	48	0	4
0	104	0	110	48	0	4
0	104	0	111	48	0	2
0	104	0	112	48	0	4
0	104	0	115	48	0	4
0	104	0	94	47	0	6
0	104	0	95	47	0	9
0	104	0	96	47	0	11
0	104	0	97	47	0	7
0	104	0	98	47	0	11
0	104	0	99	47	0	12
0	104	0	100	47	0	12
0	104	0	101	47	0	8
0	104	0	102	47	0	6
0	104	0	103	47	0	12
0	104	0	104	47	0	15
0	104	0	105	47	0	7
0	104	0	106	47	0	6
0	104	0	107	47	0	1
0	104	0	109	47	0	8
0	104	0	110	47	0	8
0	104	0	111	47	0	13
0	104	0	112	47	0	7
0	104	0	113	47	0	1
0	104	0	114	47	0	2
0	104	0	115	47	0	1
0	104	0	93	46	0	2
0	104	0	94	46	0	1
0	104	0	95	46	0	11
0	104	0	96	46	0	16
0	104	0	97	46	0	6
0	104	0	98	46	0	5
0	104	0	99	46	0	10
0	104	0	100	46	0	7
0	104	0	101	46	0	2
0	104	0	102	46	0	10
0	104	0	103	46	0	7
0	104	0	104	46	0	0
0	104	0	105	46	0	8
0	104	0	106	46	0	11
0	104	0	107	46	0	10
0	104	0	111	46	0	1
0	104	0	112	46	0	8
0	104	0	113	46	0	5
0	104	0	114	46	0	9
0	104	0	115	46	0	7
0	104	0	93	45	0	6
0	104	0	94	45	0	16
0	104	0	95	45	0	16
0	104	0	96	45	0	11
0	104	0	97	45	0	2
0	104	0	98	45	0	3
0	104	0	99	45	0	5
0	104	0	100	45	0	10
0	104	0	101	45	0	9
0	104	0	102	45	0	10
0	104	0	103	45	0	12
0	104	0	104	45	0	4
0	104	0	106	45	0	10
0	104	0	110	45	0	0
0	104	0	111	45	0	3
0	104	0	112	45	0	8
0	104	0	113	45	0	1
0	104	0	114	45	0	4
0	104	0	115	45	0	0
0	104	0	116	45	0	7
0	104	0	117	45	0	1
0	104	0	118	45	0	0
0	104	0	94	44	0	9
0	104	0	95	44	0	11
0	104	0	96	44	0	10
0	104	0	97	44	0	10
0	104	0	98	44	0	10
0	104	0	99	44	0	6
0	104	0	100	44	0	12
0	104	0	101	44	0	0
0	104	0	102	44	0	10
0	104	0	111	44	0	4
0	104	0	112	44	0	10
0	104	0	113	44	0	1
0	104	0	114	44	0	6
0	104	0	115	44	0	3
0	104	0	95	43	0	12
0	104	0	96	43	0	9
0	104	0	97	43	0	10
0	104	0	98	43	0	15
0	104	0	99	43	0	6
0	104	0	100	43	0	4
0	104	0	101	43	0	8
0	104	0	111	43	0	0
0	104	0	112	43	0	0
0	104	0	113	43	0	6
0	104	0	114	43	0	6
0	104	0	115	43	0	1
0	104	0	116	43	0	1
0	104	0	117	43	0	1
0	104	0	95	42	0	7
0	104	0	96	42	0	4
0	104	0	97	42	0	13
0	104	0	98	42	0	9
0	104	0	99	42	0	7
0	104	0	100	42	0	3
0	104	0	112	42	0	1
0	104	0	114	42	0	6
0	104	0	115	42	0	2
0	104	0	95	41	0	3
0	104	0	96	41	0	1
0	104	0	97	41	0	2
0	104	0	98	41	0	6
0	104	0	99	41	0	7
0	104	0	97	39	0	0
0	104	0	94	38	0	3
0	104	0	95	38	0	6
0	104	0	96	38	0	4
0	104	0	97	38	0	7
0	104	0	98	38	0	6
0	104	0	92	37	0	0
0	104	0	93	37	0	1
0	104	0	94	37	0	7
0	104	0	95	37	0	2
0	104	0	96	37	0	9
0	104	0	97	37	0	7
0	104	0	98	37	0	8
0	104	0	99	37	0	0
0	104	0	101	37	0	11
0	104	0	93	36	0	0
0	104	0	94	36	0	4
0	104	0	95	36	0	1
0	104	0	96	36	0	1
0	104	0	97	36	0	1
0	104	0	99	36	0	0
0	104	0	100	36	0	0
0	104	0	101	36	0	0
0	104	0	95	35	0	1
0	104	0	96	35	0	4
0	104	0	97	35	0	0
0	104	0	100	35	0	1
0	104	0	101	35	0	2
0	104	0	93	34	0	0
0	104	0	95	34	0	5
0	104	0	96	34	0	4
0	104	0	97	34	0	6
0	104	0	99	34	0	4
0	104	0	100	34	0	4
0	104	0	94	33	0	6
0	104	0	95	33	0	2
0	104	0	96	33	0	0
0	104	0	97	33	0	5
0	104	0	98	33	0	1
0	104	0	99	33	0	0
0	104	0	100	33	0	8
0	104	0	101	33	0	0
0	104	0	94	32	0	1
0	104	0	95	32	0	0
0	104	0	97	32	0	0
0	104	0	99	32	0	0
0	104	0	100	32	0	0
0	104	0	99	31	0	1
0	104	0	100	29	0	5
0	105	0	95	73	0	7
0	105	0	95	72	0	3
0	105	0	96	72	0	0
0	105	0	97	72	0	8
0	105	0	98	72	0	9
0	105	0	99	72	0	21
0	105	0	100	72	0	2
0	105	0	90	71	0	6
0	105	0	91	71	0	7
0	105	0	92	71	0	7
0	105	0	93	71	0	8
0	105	0	94	71	0	10
0	105	0	95	71	0	12
0	105	0	96	71	0	8
0	105	0	97	71	0	5
0	105	0	98	71	0	3
0	105	0	99	71	0	6
0	105	0	100	71	0	10
0	105	0	101	71	0	10
0	105	0	102	71	0	11
0	105	0	89	70	0	0
0	105	0	90	70	0	5
0	105	0	91	70	0	2
0	105	0	92	70	0	6
0	105	0	93	70	0	11
0	105	0	94	70	0	8
0	105	0	95	70	0	5
0	105	0	96	70	0	9
0	105	0	97	70	0	6
0	105	0	98	70	0	6
0	105	0	99	70	0	3
0	105	0	100	70	0	2
0	105	0	101	70	0	6
0	105	0	102	70	0	8
0	105	0	87	69	0	9
0	105	0	88	69	0	6
0	105	0	89	69	0	4
0	105	0	90	69	0	6
0	105	0	91	69	0	7
0	105	0	92	69	0	10
0	105	0	93	69	0	14
0	105	0	94	69	0	10
0	105	0	95	69	0	7
0	105	0	96	69	0	16
0	105	0	97	69	0	11
0	105	0	98	69	0	10
0	105	0	99	69	0	6
0	105	0	100	69	0	6
0	105	0	101	69	0	9
0	105	0	102	69	0	7
0	105	0	86	68	0	8
0	105	0	87	68	0	8
0	105	0	88	68	0	11
0	105	0	89	68	0	10
0	105	0	90	68	0	12
0	105	0	91	68	0	9
0	105	0	92	68	0	9
0	105	0	93	68	0	11
0	105	0	94	68	0	7
0	105	0	95	68	0	1
0	105	0	96	68	0	8
0	105	0	97	68	0	4
0	105	0	98	68	0	6
0	105	0	99	68	0	8
0	105	0	100	68	0	9
0	105	0	101	68	0	3
0	105	0	102	68	0	6
0	105	0	86	67	0	0
0	105	0	87	67	0	14
0	105	0	88	67	0	19
0	105	0	89	67	0	7
0	105	0	90	67	0	11
0	105	0	91	67	0	4
0	105	0	92	67	0	4
0	105	0	93	67	0	6
0	105	0	94	67	0	9
0	105	0	95	67	0	15
0	105	0	96	67	0	11
0	105	0	97	67	0	10
0	105	0	98	67	0	6
0	105	0	99	67	0	0
0	105	0	100	67	0	9
0	105	0	101	67	0	10
0	105	0	102	67	0	2
0	105	0	87	66	0	9
0	105	0	88	66	0	11
0	105	0	89	66	0	5
0	105	0	90	66	0	4
0	105	0	91	66	0	11
0	105	0	92	66	0	6
0	105	0	93	66	0	3
0	105	0	94	66	0	2
0	105	0	95	66	0	10
0	105	0	96	66	0	8
0	105	0	97	66	0	6
0	105	0	98	66	0	3
0	105	0	99	66	0	6
0	105	0	100	66	0	16
0	105	0	101	66	0	4
0	105	0	102	66	0	5
0	105	0	87	65	0	3
0	105	0	88	65	0	7
0	105	0	89	65	0	10
0	105	0	90	65	0	7
0	105	0	91	65	0	7
0	105	0	92	65	0	10
0	105	0	93	65	0	9
0	105	0	94	65	0	10
0	105	0	95	65	0	14
0	105	0	96	65	0	10
0	105	0	97	65	0	14
0	105	0	98	65	0	10
0	105	0	99	65	0	7
0	105	0	100	65	0	10
0	105	0	101	65	0	4
0	105	0	102	65	0	6
0	105	0	103	65	0	12
0	105	0	87	64	0	11
0	105	0	88	64	0	3
0	105	0	89	64	0	7
0	105	0	90	64	0	10
0	105	0	91	64	0	14
0	105	0	92	64	0	10
0	105	0	93	64	0	3
0	105	0	94	64	0	8
0	105	0	95	64	0	7
0	105	0	96	64	0	4
0	105	0	97	64	0	13
0	105	0	98	64	0	9
0	105	0	99	64	0	10
0	105	0	100	64	0	4
0	105	0	101	64	0	2
0	105	0	102	64	0	6
0	105	0	103	64	0	9
0	105	0	86	63	0	3
0	105	0	87	63	0	10
0	105	0	88	63	0	8
0	105	0	89	63	0	8
0	105	0	90	63	0	9
0	105	0	91	63	0	10
0	105	0	92	63	0	3
0	105	0	93	63	0	14
0	105	0	94	63	0	4
0	105	0	95	63	0	11
0	105	0	96	63	0	3
0	105	0	97	63	0	11
0	105	0	98	63	0	10
0	105	0	99	63	0	5
0	105	0	100	63	0	3
0	105	0	101	63	0	5
0	105	0	102	63	0	5
0	105	0	103	63	0	2
0	105	0	87	62	0	6
0	105	0	88	62	0	13
0	105	0	89	62	0	6
0	105	0	90	62	0	11
0	105	0	91	62	0	7
0	105	0	92	62	0	13
0	105	0	93	62	0	10
0	105	0	94	62	0	6
0	105	0	95	62	0	13
0	105	0	96	62	0	10
0	105	0	97	62	0	8
0	105	0	98	62	0	3
0	105	0	99	62	0	6
0	105	0	100	62	0	6
0	105	0	101	62	0	1
0	105	0	102	62	0	8
0	105	0	87	61	0	4
0	105	0	88	61	0	8
0	105	0	89	61	0	7
0	105	0	90	61	0	4
0	105	0	91	61	0	4
0	105	0	92	61	0	6
0	105	0	93	61	0	9
0	105	0	94	61	0	6
0	105	0	95	61	0	8
0	105	0	96	61	0	5
0	105	0	97	61	0	7
0	105	0	98	61	0	13
0	105	0	99	61	0	0
0	105	0	100	61	0	8
0	105	0	88	60	0	7
0	105	0	89	60	0	8
0	105	0	90	60	0	5
0	105	0	91	60	0	6
0	105	0	92	60	0	4
0	105	0	93	60	0	6
0	105	0	94	60	0	6
0	105	0	95	60	0	8
0	105	0	96	60	0	12
0	105	0	88	59	0	0
0	105	0	89	59	0	6
0	105	0	90	59	0	13
0	105	0	91	59	0	3
0	105	0	92	59	0	13
0	105	0	93	59	0	12
0	105	0	94	59	0	7
0	105	0	95	59	0	15
0	105	0	89	58	0	4
0	105	0	90	58	0	5
0	105	0	91	58	0	7
0	105	0	92	58	0	4
0	105	0	93	58	0	6
0	105	0	94	58	0	3
0	105	0	91	57	0	5
0	105	0	92	57	0	12
0	105	0	93	57	0	5
0	105	0	96	55	0	8
0	105	0	94	54	0	4
0	105	0	95	54	0	11
0	105	0	96	54	0	8
0	105	0	97	54	0	2
0	105	0	101	54	0	6
0	105	0	102	54	0	14
0	105	0	103	54	0	4
0	105	0	104	54	0	11
0	105	0	93	53	0	6
0	105	0	94	53	0	6
0	105	0	95	53	0	7
0	105	0	96	53	0	5
0	105	0	97	53	0	1
0	105	0	98	53	0	9
0	105	0	99	53	0	4
0	105	0	100	53	0	10
0	105	0	101	53	0	7
0	105	0	102	53	0	11
0	105	0	103	53	0	3
0	105	0	104	53	0	1
0	105	0	105	53	0	1
0	105	0	106	53	0	3
0	105	0	93	52	0	4
0	105	0	94	52	0	2
0	105	0	95	52	0	3
0	105	0	96	52	0	11
0	105	0	97	52	0	12
0	105	0	98	52	0	16
0	105	0	99	52	0	5
0	105	0	100	52	0	11
0	105	0	101	52	0	5
0	105	0	102	52	0	5
0	105	0	103	52	0	0
0	105	0	104	52	0	5
0	105	0	105	52	0	7
0	105	0	106	52	0	8
0	105	0	107	52	0	2
0	105	0	93	51	0	5
0	105	0	94	51	0	4
0	105	0	95	51	0	17
0	105	0	96	51	0	11
0	105	0	97	51	0	6
0	105	0	98	51	0	3
0	105	0	99	51	0	1
0	105	0	100	51	0	11
0	105	0	101	51	0	11
0	105	0	102	51	0	12
0	105	0	103	51	0	14
0	105	0	104	51	0	1
0	105	0	105	51	0	8
0	105	0	106	51	0	3
0	105	0	107	51	0	11
0	105	0	93	50	0	3
0	105	0	94	50	0	12
0	105	0	95	50	0	5
0	105	0	96	50	0	9
0	105	0	97	50	0	13
0	105	0	98	50	0	4
0	105	0	99	50	0	8
0	105	0	100	50	0	7
0	105	0	101	50	0	15
0	105	0	102	50	0	17
0	105	0	103	50	0	10
0	105	0	104	50	0	11
0	105	0	105	50	0	8
0	105	0	106	50	0	5
0	105	0	107	50	0	9
0	105	0	93	49	0	3
0	105	0	94	49	0	10
0	105	0	95	49	0	7
0	105	0	96	49	0	7
0	105	0	97	49	0	4
0	105	0	98	49	0	6
0	105	0	99	49	0	2
0	105	0	100	49	0	9
0	105	0	101	49	0	14
0	105	0	102	49	0	10
0	105	0	103	49	0	12
0	105	0	104	49	0	7
0	105	0	105	49	0	4
0	105	0	106	49	0	4
0	105	0	107	49	0	3
0	105	0	108	49	0	1
0	105	0	94	48	0	10
0	105	0	95	48	0	3
0	105	0	96	48	0	5
0	105	0	97	48	0	9
0	105	0	98	48	0	17
0	105	0	99	48	0	7
0	105	0	100	48	0	9
0	105	0	101	48	0	7
0	105	0	102	48	0	17
0	105	0	103	48	0	11
0	105	0	104	48	0	19
0	105	0	105	48	0	6
0	105	0	106	48	0	12
0	105	0	107	48	0	5
0	105	0	110	48	0	7
0	105	0	111	48	0	4
0	105	0	112	48	0	3
0	105	0	115	48	0	5
0	105	0	94	47	0	6
0	105	0	95	47	0	1
0	105	0	96	47	0	10
0	105	0	97	47	0	3
0	105	0	98	47	0	11
0	105	0	99	47	0	7
0	105	0	100	47	0	8
0	105	0	101	47	0	8
0	105	0	102	47	0	15
0	105	0	103	47	0	12
0	105	0	104	47	0	15
0	105	0	105	47	0	5
0	105	0	106	47	0	8
0	105	0	107	47	0	3
0	105	0	109	47	0	8
0	105	0	110	47	0	7
0	105	0	111	47	0	15
0	105	0	112	47	0	9
0	105	0	113	47	0	3
0	105	0	114	47	0	4
0	105	0	115	47	0	1
0	105	0	93	46	0	4
0	105	0	94	46	0	5
0	105	0	95	46	0	17
0	105	0	96	46	0	15
0	105	0	97	46	0	5
0	105	0	98	46	0	4
0	105	0	99	46	0	13
0	105	0	100	46	0	4
0	105	0	101	46	0	3
0	105	0	102	46	0	12
0	105	0	103	46	0	10
0	105	0	104	46	0	4
0	105	0	105	46	0	6
0	105	0	106	46	0	9
0	105	0	107	46	0	9
0	105	0	111	46	0	1
0	105	0	112	46	0	8
0	105	0	113	46	0	4
0	105	0	114	46	0	9
0	105	0	115	46	0	9
0	105	0	93	45	0	7
0	105	0	94	45	0	5
0	105	0	95	45	0	11
0	105	0	96	45	0	11
0	105	0	97	45	0	2
0	105	0	98	45	0	3
0	105	0	99	45	0	3
0	105	0	100	45	0	7
0	105	0	101	45	0	4
0	105	0	102	45	0	21
0	105	0	103	45	0	6
0	105	0	104	45	0	3
0	105	0	106	45	0	6
0	105	0	110	45	0	0
0	105	0	111	45	0	4
0	105	0	112	45	0	15
0	105	0	113	45	0	0
0	105	0	114	45	0	4
0	105	0	115	45	0	1
0	105	0	116	45	0	8
0	105	0	117	45	0	1
0	105	0	118	45	0	0
0	105	0	94	44	0	6
0	105	0	95	44	0	14
0	105	0	96	44	0	16
0	105	0	97	44	0	8
0	105	0	98	44	0	13
0	105	0	99	44	0	10
0	105	0	100	44	0	12
0	105	0	101	44	0	0
0	105	0	102	44	0	6
0	105	0	111	44	0	10
0	105	0	112	44	0	14
0	105	0	113	44	0	2
0	105	0	114	44	0	3
0	105	0	115	44	0	4
0	105	0	95	43	0	9
0	105	0	96	43	0	10
0	105	0	97	43	0	9
0	105	0	98	43	0	8
0	105	0	99	43	0	3
0	105	0	100	43	0	4
0	105	0	101	43	0	4
0	105	0	111	43	0	0
0	105	0	112	43	0	1
0	105	0	113	43	0	12
0	105	0	114	43	0	6
0	105	0	115	43	0	0
0	105	0	116	43	0	3
0	105	0	117	43	0	0
0	105	0	95	42	0	9
0	105	0	96	42	0	5
0	105	0	97	42	0	8
0	105	0	98	42	0	12
0	105	0	99	42	0	9
0	105	0	100	42	0	7
0	105	0	112	42	0	0
0	105	0	114	42	0	5
0	105	0	115	42	0	4
0	105	0	95	41	0	6
0	105	0	96	41	0	3
0	105	0	97	41	0	2
0	105	0	98	41	0	8
0	105	0	99	41	0	1
0	105	0	97	39	0	0
0	105	0	94	38	0	2
0	105	0	95	38	0	7
0	105	0	96	38	0	6
0	105	0	97	38	0	12
0	105	0	98	38	0	4
0	105	0	92	37	0	0
0	105	0	93	37	0	2
0	105	0	94	37	0	10
0	105	0	95	37	0	2
0	105	0	96	37	0	10
0	105	0	97	37	0	7
0	105	0	98	37	0	8
0	105	0	99	37	0	0
0	105	0	101	37	0	12
0	105	0	93	36	0	0
0	105	0	94	36	0	2
0	105	0	95	36	0	2
0	105	0	96	36	0	1
0	105	0	97	36	0	2
0	105	0	99	36	0	0
0	105	0	100	36	0	0
0	105	0	101	36	0	0
0	105	0	95	35	0	2
0	105	0	96	35	0	0
0	105	0	97	35	0	1
0	105	0	100	35	0	1
0	105	0	101	35	0	3
0	105	0	93	34	0	0
0	105	0	95	34	0	7
0	105	0	96	34	0	5
0	105	0	97	34	0	3
0	105	0	99	34	0	1
0	105	0	100	34	0	7
0	105	0	94	33	0	11
0	105	0	95	33	0	1
0	105	0	96	33	0	0
0	105	0	97	33	0	3
0	105	0	98	33	0	0
0	105	0	99	33	0	0
0	105	0	100	33	0	12
0	105	0	101	33	0	0
0	105	0	102	33	0	1
0	105	0	94	32	0	1
0	105	0	95	32	0	0
0	105	0	97	32	0	0
0	105	0	99	32	0	2
0	105	0	100	32	0	0
0	105	0	99	31	0	3
0	105	0	100	31	0	2
0	105	0	95	30	0	1
0	105	0	99	29	0	1
0	105	0	100	29	0	8
0	105	0	99	26	0	1
0	106	0	95	73	0	12
0	106	0	95	72	0	5
0	106	0	96	72	0	0
0	106	0	97	72	0	8
0	106	0	98	72	0	13
0	106	0	99	72	0	15
0	106	0	100	72	0	4
0	106	0	90	71	0	9
0	106	0	91	71	0	8
0	106	0	92	71	0	5
0	106	0	93	71	0	9
0	106	0	94	71	0	10
0	106	0	95	71	0	9
0	106	0	96	71	0	10
0	106	0	97	71	0	11
0	106	0	98	71	0	1
0	106	0	99	71	0	8
0	106	0	100	71	0	9
0	106	0	101	71	0	11
0	106	0	102	71	0	11
0	106	0	89	70	0	0
0	106	0	90	70	0	6
0	106	0	91	70	0	3
0	106	0	92	70	0	7
0	106	0	93	70	0	8
0	106	0	94	70	0	8
0	106	0	95	70	0	6
0	106	0	96	70	0	8
0	106	0	97	70	0	5
0	106	0	98	70	0	7
0	106	0	99	70	0	0
0	106	0	100	70	0	2
0	106	0	101	70	0	6
0	106	0	102	70	0	8
0	106	0	87	69	0	9
0	106	0	88	69	0	6
0	106	0	89	69	0	5
0	106	0	90	69	0	7
0	106	0	91	69	0	11
0	106	0	92	69	0	8
0	106	0	93	69	0	7
0	106	0	94	69	0	10
0	106	0	95	69	0	8
0	106	0	96	69	0	10
0	106	0	97	69	0	14
0	106	0	98	69	0	11
0	106	0	99	69	0	10
0	106	0	100	69	0	7
0	106	0	101	69	0	7
0	106	0	102	69	0	14
0	106	0	86	68	0	2
0	106	0	87	68	0	14
0	106	0	88	68	0	5
0	106	0	89	68	0	8
0	106	0	90	68	0	9
0	106	0	91	68	0	3
0	106	0	92	68	0	12
0	106	0	93	68	0	9
0	106	0	94	68	0	8
0	106	0	95	68	0	1
0	106	0	96	68	0	10
0	106	0	97	68	0	8
0	106	0	98	68	0	9
0	106	0	99	68	0	9
0	106	0	100	68	0	9
0	106	0	101	68	0	4
0	106	0	102	68	0	6
0	106	0	86	67	0	0
0	106	0	87	67	0	10
0	106	0	88	67	0	15
0	106	0	89	67	0	4
0	106	0	90	67	0	10
0	106	0	91	67	0	9
0	106	0	92	67	0	6
0	106	0	93	67	0	5
0	106	0	94	67	0	6
0	106	0	95	67	0	5
0	106	0	96	67	0	15
0	106	0	97	67	0	7
0	106	0	98	67	0	3
0	106	0	99	67	0	1
0	106	0	100	67	0	10
0	106	0	101	67	0	9
0	106	0	102	67	0	4
0	106	0	87	66	0	7
0	106	0	88	66	0	10
0	106	0	89	66	0	1
0	106	0	90	66	0	5
0	106	0	91	66	0	8
0	106	0	92	66	0	7
0	106	0	93	66	0	2
0	106	0	94	66	0	3
0	106	0	95	66	0	12
0	106	0	96	66	0	11
0	106	0	97	66	0	9
0	106	0	98	66	0	0
0	106	0	99	66	0	7
0	106	0	100	66	0	15
0	106	0	101	66	0	7
0	106	0	102	66	0	10
0	106	0	87	65	0	1
0	106	0	88	65	0	9
0	106	0	89	65	0	4
0	106	0	90	65	0	14
0	106	0	91	65	0	8
0	106	0	92	65	0	5
0	106	0	93	65	0	5
0	106	0	94	65	0	14
0	106	0	95	65	0	15
0	106	0	96	65	0	10
0	106	0	97	65	0	7
0	106	0	98	65	0	5
0	106	0	99	65	0	5
0	106	0	100	65	0	8
0	106	0	101	65	0	6
0	106	0	102	65	0	6
0	106	0	103	65	0	12
0	106	0	87	64	0	8
0	106	0	88	64	0	5
0	106	0	89	64	0	11
0	106	0	90	64	0	8
0	106	0	91	64	0	15
0	106	0	92	64	0	6
0	106	0	93	64	0	3
0	106	0	94	64	0	11
0	106	0	95	64	0	12
0	106	0	96	64	0	5
0	106	0	97	64	0	17
0	106	0	98	64	0	13
0	106	0	99	64	0	15
0	106	0	100	64	0	6
0	106	0	101	64	0	2
0	106	0	102	64	0	6
0	106	0	103	64	0	12
0	106	0	86	63	0	2
0	106	0	87	63	0	14
0	106	0	88	63	0	8
0	106	0	89	63	0	10
0	106	0	90	63	0	9
0	106	0	91	63	0	10
0	106	0	92	63	0	8
0	106	0	93	63	0	12
0	106	0	94	63	0	3
0	106	0	95	63	0	6
0	106	0	96	63	0	6
0	106	0	97	63	0	8
0	106	0	98	63	0	15
0	106	0	99	63	0	3
0	106	0	100	63	0	2
0	106	0	101	63	0	4
0	106	0	102	63	0	9
0	106	0	103	63	0	1
0	106	0	87	62	0	6
0	106	0	88	62	0	18
0	106	0	89	62	0	7
0	106	0	90	62	0	8
0	106	0	91	62	0	4
0	106	0	92	62	0	7
0	106	0	93	62	0	11
0	106	0	94	62	0	6
0	106	0	95	62	0	6
0	106	0	96	62	0	14
0	106	0	97	62	0	10
0	106	0	98	62	0	6
0	106	0	99	62	0	5
0	106	0	100	62	0	3
0	106	0	101	62	0	0
0	106	0	102	62	0	6
0	106	0	87	61	0	5
0	106	0	88	61	0	8
0	106	0	89	61	0	6
0	106	0	90	61	0	6
0	106	0	91	61	0	6
0	106	0	92	61	0	7
0	106	0	93	61	0	9
0	106	0	94	61	0	8
0	106	0	95	61	0	11
0	106	0	96	61	0	7
0	106	0	97	61	0	13
0	106	0	98	61	0	11
0	106	0	99	61	0	0
0	106	0	100	61	0	9
0	106	0	88	60	0	4
0	106	0	89	60	0	8
0	106	0	90	60	0	4
0	106	0	91	60	0	13
0	106	0	92	60	0	4
0	106	0	93	60	0	14
0	106	0	94	60	0	6
0	106	0	95	60	0	9
0	106	0	96	60	0	5
0	106	0	88	59	0	0
0	106	0	89	59	0	6
0	106	0	90	59	0	5
0	106	0	91	59	0	4
0	106	0	92	59	0	19
0	106	0	93	59	0	12
0	106	0	94	59	0	14
0	106	0	95	59	0	13
0	106	0	89	58	0	3
0	106	0	90	58	0	3
0	106	0	91	58	0	10
0	106	0	92	58	0	1
0	106	0	93	58	0	6
0	106	0	94	58	0	1
0	106	0	91	57	0	8
0	106	0	92	57	0	11
0	106	0	93	57	0	4
0	106	0	96	55	0	6
0	106	0	94	54	0	4
0	106	0	95	54	0	5
0	106	0	96	54	0	5
0	106	0	97	54	0	3
0	106	0	101	54	0	5
0	106	0	102	54	0	8
0	106	0	103	54	0	4
0	106	0	104	54	0	8
0	106	0	93	53	0	7
0	106	0	94	53	0	6
0	106	0	95	53	0	6
0	106	0	96	53	0	7
0	106	0	97	53	0	4
0	106	0	98	53	0	11
0	106	0	99	53	0	3
0	106	0	100	53	0	9
0	106	0	101	53	0	4
0	106	0	102	53	0	13
0	106	0	103	53	0	9
0	106	0	104	53	0	2
0	106	0	105	53	0	2
0	106	0	106	53	0	2
0	106	0	93	52	0	4
0	106	0	94	52	0	3
0	106	0	95	52	0	0
0	106	0	96	52	0	5
0	106	0	97	52	0	9
0	106	0	98	52	0	11
0	106	0	99	52	0	6
0	106	0	100	52	0	9
0	106	0	101	52	0	6
0	106	0	102	52	0	10
0	106	0	103	52	0	1
0	106	0	104	52	0	4
0	106	0	105	52	0	9
0	106	0	106	52	0	13
0	106	0	107	52	0	0
0	106	0	93	51	0	6
0	106	0	94	51	0	5
0	106	0	95	51	0	12
0	106	0	96	51	0	10
0	106	0	97	51	0	7
0	106	0	98	51	0	8
0	106	0	99	51	0	3
0	106	0	100	51	0	10
0	106	0	101	51	0	7
0	106	0	102	51	0	16
0	106	0	103	51	0	16
0	106	0	104	51	0	1
0	106	0	105	51	0	7
0	106	0	106	51	0	3
0	106	0	107	51	0	11
0	106	0	93	50	0	7
0	106	0	94	50	0	5
0	106	0	95	50	0	3
0	106	0	96	50	0	3
0	106	0	97	50	0	7
0	106	0	98	50	0	8
0	106	0	99	50	0	12
0	106	0	100	50	0	7
0	106	0	101	50	0	10
0	106	0	102	50	0	17
0	106	0	103	50	0	9
0	106	0	104	50	0	11
0	106	0	105	50	0	7
0	106	0	106	50	0	5
0	106	0	107	50	0	13
0	106	0	93	49	0	7
0	106	0	94	49	0	16
0	106	0	95	49	0	6
0	106	0	96	49	0	8
0	106	0	97	49	0	9
0	106	0	98	49	0	6
0	106	0	99	49	0	4
0	106	0	100	49	0	9
0	106	0	101	49	0	9
0	106	0	102	49	0	5
0	106	0	103	49	0	15
0	106	0	104	49	0	13
0	106	0	105	49	0	3
0	106	0	106	49	0	5
0	106	0	107	49	0	5
0	106	0	108	49	0	2
0	106	0	94	48	0	10
0	106	0	95	48	0	3
0	106	0	96	48	0	6
0	106	0	97	48	0	5
0	106	0	98	48	0	16
0	106	0	99	48	0	11
0	106	0	100	48	0	14
0	106	0	101	48	0	8
0	106	0	102	48	0	8
0	106	0	103	48	0	13
0	106	0	104	48	0	16
0	106	0	105	48	0	6
0	106	0	106	48	0	15
0	106	0	107	48	0	12
0	106	0	110	48	0	6
0	106	0	111	48	0	1
0	106	0	112	48	0	1
0	106	0	115	48	0	8
0	106	0	94	47	0	5
0	106	0	95	47	0	1
0	106	0	96	47	0	9
0	106	0	97	47	0	4
0	106	0	98	47	0	7
0	106	0	99	47	0	8
0	106	0	100	47	0	9
0	106	0	101	47	0	3
0	106	0	102	47	0	13
0	106	0	103	47	0	9
0	106	0	104	47	0	15
0	106	0	105	47	0	5
0	106	0	106	47	0	5
0	106	0	107	47	0	3
0	106	0	109	47	0	8
0	106	0	110	47	0	11
0	106	0	111	47	0	8
0	106	0	112	47	0	9
0	106	0	113	47	0	1
0	106	0	114	47	0	6
0	106	0	115	47	0	3
0	106	0	93	46	0	6
0	106	0	94	46	0	3
0	106	0	95	46	0	11
0	106	0	96	46	0	16
0	106	0	97	46	0	5
0	106	0	98	46	0	6
0	106	0	99	46	0	10
0	106	0	100	46	0	3
0	106	0	101	46	0	7
0	106	0	102	46	0	6
0	106	0	103	46	0	10
0	106	0	104	46	0	8
0	106	0	105	46	0	3
0	106	0	106	46	0	8
0	106	0	107	46	0	11
0	106	0	111	46	0	0
0	106	0	112	46	0	6
0	106	0	113	46	0	2
0	106	0	114	46	0	10
0	106	0	115	46	0	8
0	106	0	116	46	0	1
0	106	0	93	45	0	7
0	106	0	94	45	0	8
0	106	0	95	45	0	9
0	106	0	96	45	0	10
0	106	0	97	45	0	2
0	106	0	98	45	0	2
0	106	0	99	45	0	2
0	106	0	100	45	0	6
0	106	0	101	45	0	5
0	106	0	102	45	0	11
0	106	0	103	45	0	9
0	106	0	104	45	0	4
0	106	0	106	45	0	6
0	106	0	110	45	0	1
0	106	0	111	45	0	8
0	106	0	112	45	0	13
0	106	0	113	45	0	1
0	106	0	114	45	0	4
0	106	0	115	45	0	2
0	106	0	116	45	0	7
0	106	0	117	45	0	5
0	106	0	118	45	0	0
0	106	0	94	44	0	6
0	106	0	95	44	0	8
0	106	0	96	44	0	14
0	106	0	97	44	0	6
0	106	0	98	44	0	14
0	106	0	99	44	0	9
0	106	0	100	44	0	8
0	106	0	101	44	0	0
0	106	0	102	44	0	10
0	106	0	111	44	0	9
0	106	0	112	44	0	15
0	106	0	113	44	0	1
0	106	0	114	44	0	7
0	106	0	115	44	0	4
0	106	0	95	43	0	8
0	106	0	96	43	0	12
0	106	0	97	43	0	15
0	106	0	98	43	0	11
0	106	0	99	43	0	4
0	106	0	100	43	0	4
0	106	0	101	43	0	6
0	106	0	111	43	0	0
0	106	0	112	43	0	2
0	106	0	113	43	0	7
0	106	0	114	43	0	7
0	106	0	115	43	0	0
0	106	0	116	43	0	3
0	106	0	117	43	0	0
0	106	0	95	42	0	11
0	106	0	96	42	0	11
0	106	0	97	42	0	10
0	106	0	98	42	0	11
0	106	0	99	42	0	11
0	106	0	100	42	0	4
0	106	0	112	42	0	0
0	106	0	113	42	0	2
0	106	0	114	42	0	5
0	106	0	115	42	0	1
0	106	0	95	41	0	7
0	106	0	96	41	0	6
0	106	0	97	41	0	1
0	106	0	98	41	0	6
0	106	0	99	41	0	0
0	106	0	97	39	0	0
0	106	0	94	38	0	0
0	106	0	95	38	0	10
0	106	0	96	38	0	6
0	106	0	97	38	0	8
0	106	0	98	38	0	6
0	106	0	92	37	0	0
0	106	0	93	37	0	3
0	106	0	94	37	0	8
0	106	0	95	37	0	1
0	106	0	96	37	0	8
0	106	0	97	37	0	9
0	106	0	98	37	0	5
0	106	0	99	37	0	0
0	106	0	100	37	0	1
0	106	0	101	37	0	12
0	106	0	93	36	0	0
0	106	0	94	36	0	3
0	106	0	95	36	0	4
0	106	0	96	36	0	1
0	106	0	97	36	0	3
0	106	0	99	36	0	0
0	106	0	100	36	0	0
0	106	0	101	36	0	1
0	106	0	94	35	0	1
0	106	0	95	35	0	2
0	106	0	96	35	0	0
0	106	0	97	35	0	2
0	106	0	98	35	0	1
0	106	0	100	35	0	0
0	106	0	101	35	0	7
0	106	0	93	34	0	0
0	106	0	95	34	0	8
0	106	0	96	34	0	1
0	106	0	97	34	0	2
0	106	0	99	34	0	2
0	106	0	100	34	0	6
0	106	0	94	33	0	6
0	106	0	95	33	0	1
0	106	0	96	33	0	1
0	106	0	97	33	0	4
0	106	0	98	33	0	1
0	106	0	99	33	0	0
0	106	0	100	33	0	9
0	106	0	101	33	0	1
0	106	0	102	33	0	1
0	106	0	94	32	0	3
0	106	0	95	32	0	0
0	106	0	97	32	0	0
0	106	0	99	32	0	0
0	106	0	100	32	0	1
0	106	0	99	31	0	5
0	106	0	100	31	0	4
0	106	0	95	30	0	1
0	106	0	97	29	0	1
0	106	0	99	29	0	0
0	106	0	100	29	0	8
0	106	0	99	26	0	3
0	107	0	95	73	0	5
0	107	0	95	72	0	4
0	107	0	96	72	0	1
0	107	0	97	72	0	9
0	107	0	98	72	0	15
0	107	0	99	72	0	8
0	107	0	100	72	0	4
0	107	0	90	71	0	8
0	107	0	91	71	0	7
0	107	0	92	71	0	8
0	107	0	93	71	0	14
0	107	0	94	71	0	8
0	107	0	95	71	0	4
0	107	0	96	71	0	7
0	107	0	97	71	0	11
0	107	0	98	71	0	2
0	107	0	99	71	0	6
0	107	0	100	71	0	7
0	107	0	101	71	0	10
0	107	0	102	71	0	12
0	107	0	89	70	0	0
0	107	0	90	70	0	3
0	107	0	91	70	0	0
0	107	0	92	70	0	9
0	107	0	93	70	0	5
0	107	0	94	70	0	9
0	107	0	95	70	0	8
0	107	0	96	70	0	5
0	107	0	97	70	0	7
0	107	0	98	70	0	4
0	107	0	99	70	0	2
0	107	0	100	70	0	3
0	107	0	101	70	0	4
0	107	0	102	70	0	9
0	107	0	87	69	0	11
0	107	0	88	69	0	10
0	107	0	89	69	0	2
0	107	0	90	69	0	4
0	107	0	91	69	0	10
0	107	0	92	69	0	10
0	107	0	93	69	0	9
0	107	0	94	69	0	11
0	107	0	95	69	0	10
0	107	0	96	69	0	12
0	107	0	97	69	0	17
0	107	0	98	69	0	8
0	107	0	99	69	0	6
0	107	0	100	69	0	7
0	107	0	101	69	0	6
0	107	0	102	69	0	5
0	107	0	86	68	0	2
0	107	0	87	68	0	14
0	107	0	88	68	0	3
0	107	0	89	68	0	8
0	107	0	90	68	0	11
0	107	0	91	68	0	10
0	107	0	92	68	0	8
0	107	0	93	68	0	5
0	107	0	94	68	0	4
0	107	0	95	68	0	2
0	107	0	96	68	0	10
0	107	0	97	68	0	11
0	107	0	98	68	0	14
0	107	0	99	68	0	8
0	107	0	100	68	0	13
0	107	0	101	68	0	7
0	107	0	102	68	0	4
0	107	0	86	67	0	0
0	107	0	87	67	0	9
0	107	0	88	67	0	9
0	107	0	89	67	0	12
0	107	0	90	67	0	11
0	107	0	91	67	0	5
0	107	0	92	67	0	6
0	107	0	93	67	0	4
0	107	0	94	67	0	6
0	107	0	95	67	0	7
0	107	0	96	67	0	11
0	107	0	97	67	0	7
0	107	0	98	67	0	2
0	107	0	99	67	0	0
0	107	0	100	67	0	11
0	107	0	101	67	0	6
0	107	0	102	67	0	3
0	107	0	87	66	0	7
0	107	0	88	66	0	10
0	107	0	89	66	0	1
0	107	0	90	66	0	8
0	107	0	91	66	0	7
0	107	0	92	66	0	13
0	107	0	93	66	0	3
0	107	0	94	66	0	2
0	107	0	95	66	0	8
0	107	0	96	66	0	4
0	107	0	97	66	0	17
0	107	0	98	66	0	1
0	107	0	99	66	0	14
0	107	0	100	66	0	5
0	107	0	101	66	0	9
0	107	0	102	66	0	5
0	107	0	87	65	0	0
0	107	0	88	65	0	7
0	107	0	89	65	0	7
0	107	0	90	65	0	12
0	107	0	91	65	0	4
0	107	0	92	65	0	5
0	107	0	93	65	0	5
0	107	0	94	65	0	12
0	107	0	95	65	0	12
0	107	0	96	65	0	6
0	107	0	97	65	0	5
0	107	0	98	65	0	8
0	107	0	99	65	0	6
0	107	0	100	65	0	4
0	107	0	101	65	0	10
0	107	0	102	65	0	4
0	107	0	103	65	0	8
0	107	0	87	64	0	6
0	107	0	88	64	0	7
0	107	0	89	64	0	11
0	107	0	90	64	0	9
0	107	0	91	64	0	16
0	107	0	92	64	0	7
0	107	0	93	64	0	10
0	107	0	94	64	0	13
0	107	0	95	64	0	8
0	107	0	96	64	0	7
0	107	0	97	64	0	19
0	107	0	98	64	0	11
0	107	0	99	64	0	12
0	107	0	100	64	0	7
0	107	0	101	64	0	6
0	107	0	102	64	0	13
0	107	0	103	64	0	5
0	107	0	86	63	0	1
0	107	0	87	63	0	10
0	107	0	88	63	0	10
0	107	0	89	63	0	3
0	107	0	90	63	0	14
0	107	0	91	63	0	7
0	107	0	92	63	0	7
0	107	0	93	63	0	13
0	107	0	94	63	0	3
0	107	0	95	63	0	9
0	107	0	96	63	0	8
0	107	0	97	63	0	7
0	107	0	98	63	0	12
0	107	0	99	63	0	6
0	107	0	100	63	0	2
0	107	0	101	63	0	8
0	107	0	102	63	0	5
0	107	0	103	63	0	4
0	107	0	87	62	0	13
0	107	0	88	62	0	17
0	107	0	89	62	0	7
0	107	0	90	62	0	8
0	107	0	91	62	0	6
0	107	0	92	62	0	5
0	107	0	93	62	0	12
0	107	0	94	62	0	3
0	107	0	95	62	0	7
0	107	0	96	62	0	13
0	107	0	97	62	0	13
0	107	0	98	62	0	7
0	107	0	99	62	0	6
0	107	0	100	62	0	3
0	107	0	101	62	0	0
0	107	0	102	62	0	4
0	107	0	87	61	0	4
0	107	0	88	61	0	7
0	107	0	89	61	0	5
0	107	0	90	61	0	8
0	107	0	91	61	0	8
0	107	0	92	61	0	6
0	107	0	93	61	0	12
0	107	0	94	61	0	6
0	107	0	95	61	0	4
0	107	0	96	61	0	11
0	107	0	97	61	0	8
0	107	0	98	61	0	12
0	107	0	99	61	0	1
0	107	0	100	61	0	8
0	107	0	88	60	0	5
0	107	0	89	60	0	11
0	107	0	90	60	0	3
0	107	0	91	60	0	10
0	107	0	92	60	0	6
0	107	0	93	60	0	12
0	107	0	94	60	0	9
0	107	0	95	60	0	5
0	107	0	96	60	0	3
0	107	0	88	59	0	0
0	107	0	89	59	0	4
0	107	0	90	59	0	15
0	107	0	91	59	0	1
0	107	0	92	59	0	13
0	107	0	93	59	0	10
0	107	0	94	59	0	10
0	107	0	95	59	0	13
0	107	0	89	58	0	2
0	107	0	90	58	0	0
0	107	0	91	58	0	9
0	107	0	92	58	0	1
0	107	0	93	58	0	7
0	107	0	94	58	0	3
0	107	0	91	57	0	5
0	107	0	92	57	0	8
0	107	0	93	57	0	3
0	107	0	96	55	0	9
0	107	0	94	54	0	5
0	107	0	95	54	0	5
0	107	0	96	54	0	6
0	107	0	97	54	0	3
0	107	0	101	54	0	6
0	107	0	102	54	0	13
0	107	0	103	54	0	5
0	107	0	104	54	0	13
0	107	0	93	53	0	9
0	107	0	94	53	0	10
0	107	0	95	53	0	7
0	107	0	96	53	0	8
0	107	0	97	53	0	2
0	107	0	98	53	0	10
0	107	0	99	53	0	0
0	107	0	100	53	0	8
0	107	0	101	53	0	1
0	107	0	102	53	0	7
0	107	0	103	53	0	10
0	107	0	104	53	0	5
0	107	0	105	53	0	4
0	107	0	106	53	0	3
0	107	0	93	52	0	4
0	107	0	94	52	0	5
0	107	0	95	52	0	0
0	107	0	96	52	0	6
0	107	0	97	52	0	16
0	107	0	98	52	0	7
0	107	0	99	52	0	4
0	107	0	100	52	0	12
0	107	0	101	52	0	6
0	107	0	102	52	0	17
0	107	0	103	52	0	2
0	107	0	104	52	0	8
0	107	0	105	52	0	9
0	107	0	106	52	0	11
0	107	0	107	52	0	1
0	107	0	93	51	0	3
0	107	0	94	51	0	7
0	107	0	95	51	0	13
0	107	0	96	51	0	11
0	107	0	97	51	0	8
0	107	0	98	51	0	9
0	107	0	99	51	0	1
0	107	0	100	51	0	8
0	107	0	101	51	0	13
0	107	0	102	51	0	13
0	107	0	103	51	0	12
0	107	0	104	51	0	4
0	107	0	105	51	0	12
0	107	0	106	51	0	2
0	107	0	107	51	0	11
0	107	0	93	50	0	8
0	107	0	94	50	0	3
0	107	0	95	50	0	3
0	107	0	96	50	0	6
0	107	0	97	50	0	4
0	107	0	98	50	0	8
0	107	0	99	50	0	9
0	107	0	100	50	0	7
0	107	0	101	50	0	10
0	107	0	102	50	0	11
0	107	0	103	50	0	16
0	107	0	104	50	0	13
0	107	0	105	50	0	10
0	107	0	106	50	0	9
0	107	0	107	50	0	9
0	107	0	93	49	0	6
0	107	0	94	49	0	8
0	107	0	95	49	0	5
0	107	0	96	49	0	3
0	107	0	97	49	0	10
0	107	0	98	49	0	7
0	107	0	99	49	0	4
0	107	0	100	49	0	10
0	107	0	101	49	0	8
0	107	0	102	49	0	6
0	107	0	103	49	0	14
0	107	0	104	49	0	18
0	107	0	105	49	0	5
0	107	0	106	49	0	9
0	107	0	107	49	0	7
0	107	0	108	49	0	2
0	107	0	94	48	0	7
0	107	0	95	48	0	2
0	107	0	96	48	0	5
0	107	0	97	48	0	6
0	107	0	98	48	0	7
0	107	0	99	48	0	13
0	107	0	100	48	0	9
0	107	0	101	48	0	5
0	107	0	102	48	0	4
0	107	0	103	48	0	7
0	107	0	104	48	0	7
0	107	0	105	48	0	7
0	107	0	106	48	0	11
0	107	0	107	48	0	11
0	107	0	110	48	0	4
0	107	0	111	48	0	1
0	107	0	112	48	0	1
0	107	0	115	48	0	11
0	107	0	94	47	0	2
0	107	0	95	47	0	2
0	107	0	96	47	0	8
0	107	0	97	47	0	5
0	107	0	98	47	0	6
0	107	0	99	47	0	8
0	107	0	100	47	0	7
0	107	0	101	47	0	3
0	107	0	102	47	0	12
0	107	0	103	47	0	8
0	107	0	104	47	0	12
0	107	0	105	47	0	2
0	107	0	106	47	0	6
0	107	0	107	47	0	3
0	107	0	109	47	0	10
0	107	0	110	47	0	11
0	107	0	111	47	0	11
0	107	0	112	47	0	4
0	107	0	113	47	0	1
0	107	0	114	47	0	7
0	107	0	115	47	0	3
0	107	0	93	46	0	9
0	107	0	94	46	0	5
0	107	0	95	46	0	15
0	107	0	96	46	0	13
0	107	0	97	46	0	10
0	107	0	98	46	0	5
0	107	0	99	46	0	11
0	107	0	100	46	0	4
0	107	0	101	46	0	8
0	107	0	102	46	0	9
0	107	0	103	46	0	6
0	107	0	104	46	0	11
0	107	0	105	46	0	7
0	107	0	106	46	0	6
0	107	0	107	46	0	12
0	107	0	111	46	0	2
0	107	0	112	46	0	12
0	107	0	113	46	0	0
0	107	0	114	46	0	9
0	107	0	115	46	0	5
0	107	0	116	46	0	2
0	107	0	93	45	0	3
0	107	0	94	45	0	11
0	107	0	95	45	0	8
0	107	0	96	45	0	8
0	107	0	97	45	0	2
0	107	0	98	45	0	1
0	107	0	99	45	0	6
0	107	0	100	45	0	4
0	107	0	101	45	0	2
0	107	0	102	45	0	11
0	107	0	103	45	0	9
0	107	0	104	45	0	1
0	107	0	106	45	0	4
0	107	0	110	45	0	0
0	107	0	111	45	0	6
0	107	0	112	45	0	12
0	107	0	113	45	0	0
0	107	0	114	45	0	9
0	107	0	115	45	0	4
0	107	0	116	45	0	12
0	107	0	117	45	0	6
0	107	0	118	45	0	0
0	107	0	94	44	0	2
0	107	0	95	44	0	8
0	107	0	96	44	0	16
0	107	0	97	44	0	10
0	107	0	98	44	0	13
0	107	0	99	44	0	12
0	107	0	100	44	0	11
0	107	0	101	44	0	1
0	107	0	102	44	0	6
0	107	0	111	44	0	6
0	107	0	112	44	0	23
0	107	0	113	44	0	3
0	107	0	114	44	0	7
0	107	0	115	44	0	6
0	107	0	95	43	0	5
0	107	0	96	43	0	10
0	107	0	97	43	0	15
0	107	0	98	43	0	15
0	107	0	99	43	0	12
0	107	0	100	43	0	3
0	107	0	101	43	0	4
0	107	0	111	43	0	0
0	107	0	112	43	0	5
0	107	0	113	43	0	5
0	107	0	114	43	0	8
0	107	0	115	43	0	0
0	107	0	116	43	0	3
0	107	0	117	43	0	0
0	107	0	95	42	0	9
0	107	0	96	42	0	12
0	107	0	97	42	0	10
0	107	0	98	42	0	7
0	107	0	99	42	0	6
0	107	0	100	42	0	4
0	107	0	112	42	0	0
0	107	0	113	42	0	2
0	107	0	114	42	0	7
0	107	0	115	42	0	0
0	107	0	95	41	0	3
0	107	0	96	41	0	6
0	107	0	97	41	0	2
0	107	0	98	41	0	6
0	107	0	99	41	0	0
0	107	0	97	39	0	2
0	107	0	94	38	0	0
0	107	0	95	38	0	10
0	107	0	96	38	0	8
0	107	0	97	38	0	5
0	107	0	98	38	0	5
0	107	0	92	37	0	0
0	107	0	93	37	0	5
0	107	0	94	37	0	9
0	107	0	95	37	0	0
0	107	0	96	37	0	7
0	107	0	97	37	0	7
0	107	0	98	37	0	5
0	107	0	99	37	0	0
0	107	0	100	37	0	3
0	107	0	101	37	0	8
0	107	0	93	36	0	0
0	107	0	94	36	0	7
0	107	0	95	36	0	9
0	107	0	96	36	0	3
0	107	0	97	36	0	2
0	107	0	99	36	0	0
0	107	0	100	36	0	0
0	107	0	101	36	0	3
0	107	0	94	35	0	0
0	107	0	95	35	0	2
0	107	0	96	35	0	0
0	107	0	97	35	0	3
0	107	0	98	35	0	1
0	107	0	100	35	0	0
0	107	0	101	35	0	6
0	107	0	93	34	0	0
0	107	0	94	34	0	1
0	107	0	95	34	0	12
0	107	0	96	34	0	1
0	107	0	97	34	0	6
0	107	0	99	34	0	2
0	107	0	100	34	0	7
0	107	0	94	33	0	8
0	107	0	95	33	0	1
0	107	0	96	33	0	4
0	107	0	97	33	0	4
0	107	0	98	33	0	0
0	107	0	99	33	0	0
0	107	0	100	33	0	8
0	107	0	101	33	0	0
0	107	0	102	33	0	2
0	107	0	94	32	0	1
0	107	0	95	32	0	0
0	107	0	97	32	0	0
0	107	0	99	32	0	0
0	107	0	100	32	0	2
0	107	0	101	32	0	1
0	107	0	97	31	0	1
0	107	0	99	31	0	7
0	107	0	100	31	0	2
0	107	0	95	30	0	1
0	107	0	97	29	0	1
0	107	0	99	29	0	0
0	107	0	100	29	0	9
0	107	0	99	26	0	4
0	107	0	99	24	0	1
0	108	0	95	73	0	4
0	108	0	95	72	0	5
0	108	0	96	72	0	0
0	108	0	97	72	0	9
0	108	0	98	72	0	17
0	108	0	99	72	0	15
0	108	0	100	72	0	9
0	108	0	90	71	0	8
0	108	0	91	71	0	6
0	108	0	92	71	0	8
0	108	0	93	71	0	18
0	108	0	94	71	0	10
0	108	0	95	71	0	5
0	108	0	96	71	0	9
0	108	0	97	71	0	10
0	108	0	98	71	0	6
0	108	0	99	71	0	11
0	108	0	100	71	0	7
0	108	0	101	71	0	8
0	108	0	102	71	0	11
0	108	0	89	70	0	0
0	108	0	90	70	0	0
0	108	0	91	70	0	2
0	108	0	92	70	0	5
0	108	0	93	70	0	2
0	108	0	94	70	0	9
0	108	0	95	70	0	13
0	108	0	96	70	0	5
0	108	0	97	70	0	14
0	108	0	98	70	0	9
0	108	0	99	70	0	3
0	108	0	100	70	0	1
0	108	0	101	70	0	6
0	108	0	102	70	0	12
0	108	0	87	69	0	15
0	108	0	88	69	0	11
0	108	0	89	69	0	4
0	108	0	90	69	0	3
0	108	0	91	69	0	11
0	108	0	92	69	0	4
0	108	0	93	69	0	6
0	108	0	94	69	0	7
0	108	0	95	69	0	7
0	108	0	96	69	0	8
0	108	0	97	69	0	17
0	108	0	98	69	0	6
0	108	0	99	69	0	7
0	108	0	100	69	0	7
0	108	0	101	69	0	4
0	108	0	102	69	0	5
0	108	0	86	68	0	3
0	108	0	87	68	0	12
0	108	0	88	68	0	3
0	108	0	89	68	0	8
0	108	0	90	68	0	9
0	108	0	91	68	0	7
0	108	0	92	68	0	6
0	108	0	93	68	0	6
0	108	0	94	68	0	1
0	108	0	95	68	0	2
0	108	0	96	68	0	11
0	108	0	97	68	0	13
0	108	0	98	68	0	7
0	108	0	99	68	0	9
0	108	0	100	68	0	10
0	108	0	101	68	0	9
0	108	0	102	68	0	4
0	108	0	86	67	0	0
0	108	0	87	67	0	12
0	108	0	88	67	0	8
0	108	0	89	67	0	9
0	108	0	90	67	0	9
0	108	0	91	67	0	7
0	108	0	92	67	0	7
0	108	0	93	67	0	7
0	108	0	94	67	0	2
0	108	0	95	67	0	7
0	108	0	96	67	0	12
0	108	0	97	67	0	8
0	108	0	98	67	0	3
0	108	0	99	67	0	0
0	108	0	100	67	0	14
0	108	0	101	67	0	2
0	108	0	102	67	0	3
0	108	0	87	66	0	7
0	108	0	88	66	0	9
0	108	0	89	66	0	1
0	108	0	90	66	0	5
0	108	0	91	66	0	6
0	108	0	92	66	0	10
0	108	0	93	66	0	3
0	108	0	94	66	0	5
0	108	0	95	66	0	8
0	108	0	96	66	0	7
0	108	0	97	66	0	13
0	108	0	98	66	0	5
0	108	0	99	66	0	19
0	108	0	100	66	0	10
0	108	0	101	66	0	9
0	108	0	102	66	0	9
0	108	0	87	65	0	1
0	108	0	88	65	0	11
0	108	0	89	65	0	10
0	108	0	90	65	0	8
0	108	0	91	65	0	6
0	108	0	92	65	0	3
0	108	0	93	65	0	11
0	108	0	94	65	0	12
0	108	0	95	65	0	12
0	108	0	96	65	0	7
0	108	0	97	65	0	2
0	108	0	98	65	0	4
0	108	0	99	65	0	8
0	108	0	100	65	0	4
0	108	0	101	65	0	10
0	108	0	102	65	0	5
0	108	0	103	65	0	11
0	108	0	87	64	0	8
0	108	0	88	64	0	8
0	108	0	89	64	0	12
0	108	0	90	64	0	14
0	108	0	91	64	0	8
0	108	0	92	64	0	5
0	108	0	93	64	0	9
0	108	0	94	64	0	12
0	108	0	95	64	0	7
0	108	0	96	64	0	11
0	108	0	97	64	0	14
0	108	0	98	64	0	9
0	108	0	99	64	0	9
0	108	0	100	64	0	11
0	108	0	101	64	0	11
0	108	0	102	64	0	9
0	108	0	103	64	0	9
0	108	0	86	63	0	1
0	108	0	87	63	0	8
0	108	0	88	63	0	8
0	108	0	89	63	0	4
0	108	0	90	63	0	16
0	108	0	91	63	0	4
0	108	0	92	63	0	3
0	108	0	93	63	0	11
0	108	0	94	63	0	7
0	108	0	95	63	0	11
0	108	0	96	63	0	8
0	108	0	97	63	0	9
0	108	0	98	63	0	9
0	108	0	99	63	0	5
0	108	0	100	63	0	4
0	108	0	101	63	0	10
0	108	0	102	63	0	3
0	108	0	103	63	0	3
0	108	0	87	62	0	12
0	108	0	88	62	0	12
0	108	0	89	62	0	10
0	108	0	90	62	0	9
0	108	0	91	62	0	6
0	108	0	92	62	0	14
0	108	0	93	62	0	15
0	108	0	94	62	0	2
0	108	0	95	62	0	8
0	108	0	96	62	0	15
0	108	0	97	62	0	18
0	108	0	98	62	0	4
0	108	0	99	62	0	7
0	108	0	100	62	0	7
0	108	0	101	62	0	1
0	108	0	102	62	0	4
0	108	0	87	61	0	2
0	108	0	88	61	0	13
0	108	0	89	61	0	4
0	108	0	90	61	0	5
0	108	0	91	61	0	5
0	108	0	92	61	0	7
0	108	0	93	61	0	11
0	108	0	94	61	0	6
0	108	0	95	61	0	2
0	108	0	96	61	0	9
0	108	0	97	61	0	7
0	108	0	98	61	0	6
0	108	0	99	61	0	2
0	108	0	100	61	0	5
0	108	0	88	60	0	2
0	108	0	89	60	0	9
0	108	0	90	60	0	4
0	108	0	91	60	0	12
0	108	0	92	60	0	7
0	108	0	93	60	0	13
0	108	0	94	60	0	8
0	108	0	95	60	0	12
0	108	0	96	60	0	2
0	108	0	88	59	0	1
0	108	0	89	59	0	4
0	108	0	90	59	0	8
0	108	0	91	59	0	2
0	108	0	92	59	0	18
0	108	0	93	59	0	11
0	108	0	94	59	0	10
0	108	0	95	59	0	10
0	108	0	89	58	0	1
0	108	0	90	58	0	0
0	108	0	91	58	0	14
0	108	0	92	58	0	2
0	108	0	93	58	0	6
0	108	0	94	58	0	3
0	108	0	91	57	0	3
0	108	0	92	57	0	13
0	108	0	93	57	0	4
0	108	0	96	55	0	8
0	108	0	94	54	0	5
0	108	0	95	54	0	7
0	108	0	96	54	0	7
0	108	0	97	54	0	4
0	108	0	101	54	0	7
0	108	0	102	54	0	13
0	108	0	103	54	0	11
0	108	0	104	54	0	8
0	108	0	93	53	0	11
0	108	0	94	53	0	9
0	108	0	95	53	0	6
0	108	0	96	53	0	14
0	108	0	97	53	0	0
0	108	0	98	53	0	10
0	108	0	99	53	0	0
0	108	0	100	53	0	7
0	108	0	101	53	0	3
0	108	0	102	53	0	7
0	108	0	103	53	0	10
0	108	0	104	53	0	5
0	108	0	105	53	0	2
0	108	0	106	53	0	3
0	108	0	93	52	0	4
0	108	0	94	52	0	13
0	108	0	95	52	0	0
0	108	0	96	52	0	4
0	108	0	97	52	0	14
0	108	0	98	52	0	2
0	108	0	99	52	0	9
0	108	0	100	52	0	13
0	108	0	101	52	0	8
0	108	0	102	52	0	19
0	108	0	103	52	0	5
0	108	0	104	52	0	9
0	108	0	105	52	0	4
0	108	0	106	52	0	11
0	108	0	107	52	0	2
0	108	0	93	51	0	3
0	108	0	94	51	0	6
0	108	0	95	51	0	10
0	108	0	96	51	0	14
0	108	0	97	51	0	8
0	108	0	98	51	0	6
0	108	0	99	51	0	3
0	108	0	100	51	0	9
0	108	0	101	51	0	8
0	108	0	102	51	0	13
0	108	0	103	51	0	8
0	108	0	104	51	0	3
0	108	0	105	51	0	13
0	108	0	106	51	0	0
0	108	0	107	51	0	8
0	108	0	93	50	0	10
0	108	0	94	50	0	4
0	108	0	95	50	0	6
0	108	0	96	50	0	2
0	108	0	97	50	0	9
0	108	0	98	50	0	6
0	108	0	99	50	0	10
0	108	0	100	50	0	1
0	108	0	101	50	0	10
0	108	0	102	50	0	15
0	108	0	103	50	0	14
0	108	0	104	50	0	12
0	108	0	105	50	0	7
0	108	0	106	50	0	14
0	108	0	107	50	0	8
0	108	0	93	49	0	7
0	108	0	94	49	0	10
0	108	0	95	49	0	5
0	108	0	96	49	0	4
0	108	0	97	49	0	9
0	108	0	98	49	0	8
0	108	0	99	49	0	5
0	108	0	100	49	0	7
0	108	0	101	49	0	6
0	108	0	102	49	0	3
0	108	0	103	49	0	15
0	108	0	104	49	0	15
0	108	0	105	49	0	4
0	108	0	106	49	0	6
0	108	0	107	49	0	9
0	108	0	108	49	0	3
0	108	0	94	48	0	10
0	108	0	95	48	0	4
0	108	0	96	48	0	9
0	108	0	97	48	0	5
0	108	0	98	48	0	7
0	108	0	99	48	0	18
0	108	0	100	48	0	11
0	108	0	101	48	0	7
0	108	0	102	48	0	4
0	108	0	103	48	0	4
0	108	0	104	48	0	6
0	108	0	105	48	0	7
0	108	0	106	48	0	9
0	108	0	107	48	0	7
0	108	0	110	48	0	4
0	108	0	111	48	0	3
0	108	0	112	48	0	0
0	108	0	115	48	0	5
0	108	0	94	47	0	5
0	108	0	95	47	0	0
0	108	0	96	47	0	7
0	108	0	97	47	0	4
0	108	0	98	47	0	6
0	108	0	99	47	0	6
0	108	0	100	47	0	3
0	108	0	101	47	0	1
0	108	0	102	47	0	5
0	108	0	103	47	0	7
0	108	0	104	47	0	7
0	108	0	105	47	0	1
0	108	0	106	47	0	9
0	108	0	107	47	0	8
0	108	0	109	47	0	11
0	108	0	110	47	0	10
0	108	0	111	47	0	12
0	108	0	112	47	0	7
0	108	0	113	47	0	0
0	108	0	114	47	0	15
0	108	0	115	47	0	9
0	108	0	93	46	0	9
0	108	0	94	46	0	5
0	108	0	95	46	0	12
0	108	0	96	46	0	8
0	108	0	97	46	0	12
0	108	0	98	46	0	3
0	108	0	99	46	0	15
0	108	0	100	46	0	9
0	108	0	101	46	0	9
0	108	0	102	46	0	9
0	108	0	103	46	0	10
0	108	0	104	46	0	14
0	108	0	105	46	0	5
0	108	0	106	46	0	7
0	108	0	107	46	0	11
0	108	0	111	46	0	3
0	108	0	112	46	0	12
0	108	0	113	46	0	0
0	108	0	114	46	0	11
0	108	0	115	46	0	6
0	108	0	116	46	0	3
0	108	0	117	46	0	1
0	108	0	93	45	0	4
0	108	0	94	45	0	5
0	108	0	95	45	0	10
0	108	0	96	45	0	7
0	108	0	97	45	0	2
0	108	0	98	45	0	2
0	108	0	99	45	0	10
0	108	0	100	45	0	5
0	108	0	101	45	0	2
0	108	0	102	45	0	9
0	108	0	103	45	0	20
0	108	0	104	45	0	2
0	108	0	106	45	0	6
0	108	0	110	45	0	0
0	108	0	111	45	0	6
0	108	0	112	45	0	13
0	108	0	113	45	0	0
0	108	0	114	45	0	11
0	108	0	115	45	0	9
0	108	0	116	45	0	10
0	108	0	117	45	0	2
0	108	0	118	45	0	2
0	108	0	94	44	0	2
0	108	0	95	44	0	8
0	108	0	96	44	0	18
0	108	0	97	44	0	12
0	108	0	98	44	0	12
0	108	0	99	44	0	12
0	108	0	100	44	0	15
0	108	0	101	44	0	1
0	108	0	102	44	0	5
0	108	0	111	44	0	6
0	108	0	112	44	0	9
0	108	0	113	44	0	8
0	108	0	114	44	0	4
0	108	0	115	44	0	12
0	108	0	95	43	0	2
0	108	0	96	43	0	3
0	108	0	97	43	0	15
0	108	0	98	43	0	15
0	108	0	99	43	0	8
0	108	0	100	43	0	2
0	108	0	101	43	0	2
0	108	0	111	43	0	0
0	108	0	112	43	0	2
0	108	0	113	43	0	5
0	108	0	114	43	0	7
0	108	0	115	43	0	0
0	108	0	116	43	0	2
0	108	0	117	43	0	0
0	108	0	95	42	0	16
0	108	0	96	42	0	10
0	108	0	97	42	0	4
0	108	0	98	42	0	9
0	108	0	99	42	0	6
0	108	0	100	42	0	1
0	108	0	112	42	0	0
0	108	0	113	42	0	4
0	108	0	114	42	0	6
0	108	0	115	42	0	0
0	108	0	116	42	0	1
0	108	0	95	41	0	4
0	108	0	96	41	0	6
0	108	0	97	41	0	5
0	108	0	98	41	0	6
0	108	0	99	41	0	0
0	108	0	97	39	0	1
0	108	0	94	38	0	0
0	108	0	95	38	0	6
0	108	0	96	38	0	7
0	108	0	97	38	0	4
0	108	0	98	38	0	7
0	108	0	92	37	0	0
0	108	0	93	37	0	3
0	108	0	94	37	0	17
0	108	0	95	37	0	0
0	108	0	96	37	0	8
0	108	0	97	37	0	12
0	108	0	98	37	0	8
0	108	0	99	37	0	0
0	108	0	100	37	0	5
0	108	0	101	37	0	7
0	108	0	91	36	0	1
0	108	0	93	36	0	0
0	108	0	94	36	0	4
0	108	0	95	36	0	6
0	108	0	96	36	0	5
0	108	0	97	36	0	5
0	108	0	98	36	0	1
0	108	0	99	36	0	0
0	108	0	100	36	0	0
0	108	0	101	36	0	0
0	108	0	93	35	0	1
0	108	0	94	35	0	0
0	108	0	95	35	0	2
0	108	0	96	35	0	0
0	108	0	97	35	0	2
0	108	0	98	35	0	3
0	108	0	99	35	0	2
0	108	0	100	35	0	1
0	108	0	101	35	0	5
0	108	0	93	34	0	0
0	108	0	94	34	0	1
0	108	0	95	34	0	13
0	108	0	96	34	0	0
0	108	0	97	34	0	3
0	108	0	99	34	0	1
0	108	0	100	34	0	14
0	108	0	94	33	0	4
0	108	0	95	33	0	0
0	108	0	96	33	0	3
0	108	0	97	33	0	3
0	108	0	98	33	0	0
0	108	0	99	33	0	0
0	108	0	100	33	0	7
0	108	0	101	33	0	0
0	108	0	102	33	0	0
0	108	0	94	32	0	1
0	108	0	95	32	0	0
0	108	0	97	32	0	0
0	108	0	99	32	0	0
0	108	0	100	32	0	2
0	108	0	101	32	0	1
0	108	0	96	31	0	2
0	108	0	97	31	0	0
0	108	0	99	31	0	16
0	108	0	100	31	0	3
0	108	0	95	30	0	0
0	108	0	97	29	0	1
0	108	0	99	29	0	1
0	108	0	100	29	0	5
0	108	0	98	28	0	1
0	108	0	99	26	0	6
0	108	0	101	26	0	1
0	108	0	99	24	0	2
0	109	0	95	73	0	6
0	109	0	95	72	0	4
0	109	0	96	72	0	0
0	109	0	97	72	0	9
0	109	0	98	72	0	16
0	109	0	99	72	0	19
0	109	0	100	72	0	6
0	109	0	90	71	0	4
0	109	0	91	71	0	6
0	109	0	92	71	0	8
0	109	0	93	71	0	12
0	109	0	94	71	0	7
0	109	0	95	71	0	12
0	109	0	96	71	0	7
0	109	0	97	71	0	19
0	109	0	98	71	0	6
0	109	0	99	71	0	5
0	109	0	100	71	0	7
0	109	0	101	71	0	11
0	109	0	102	71	0	10
0	109	0	89	70	0	0
0	109	0	90	70	0	0
0	109	0	91	70	0	1
0	109	0	92	70	0	8
0	109	0	93	70	0	6
0	109	0	94	70	0	5
0	109	0	95	70	0	13
0	109	0	96	70	0	5
0	109	0	97	70	0	13
0	109	0	98	70	0	7
0	109	0	99	70	0	5
0	109	0	100	70	0	2
0	109	0	101	70	0	8
0	109	0	102	70	0	15
0	109	0	87	69	0	11
0	109	0	88	69	0	10
0	109	0	89	69	0	3
0	109	0	90	69	0	6
0	109	0	91	69	0	5
0	109	0	92	69	0	5
0	109	0	93	69	0	11
0	109	0	94	69	0	8
0	109	0	95	69	0	3
0	109	0	96	69	0	11
0	109	0	97	69	0	10
0	109	0	98	69	0	8
0	109	0	99	69	0	6
0	109	0	100	69	0	5
0	109	0	101	69	0	7
0	109	0	102	69	0	7
0	109	0	86	68	0	6
0	109	0	87	68	0	5
0	109	0	88	68	0	2
0	109	0	89	68	0	5
0	109	0	90	68	0	15
0	109	0	91	68	0	10
0	109	0	92	68	0	8
0	109	0	93	68	0	3
0	109	0	94	68	0	2
0	109	0	95	68	0	6
0	109	0	96	68	0	14
0	109	0	97	68	0	11
0	109	0	98	68	0	5
0	109	0	99	68	0	10
0	109	0	100	68	0	5
0	109	0	101	68	0	10
0	109	0	102	68	0	7
0	109	0	86	67	0	0
0	109	0	87	67	0	3
0	109	0	88	67	0	7
0	109	0	89	67	0	9
0	109	0	90	67	0	6
0	109	0	91	67	0	4
0	109	0	92	67	0	9
0	109	0	93	67	0	4
0	109	0	94	67	0	2
0	109	0	95	67	0	7
0	109	0	96	67	0	9
0	109	0	97	67	0	6
0	109	0	98	67	0	5
0	109	0	99	67	0	1
0	109	0	100	67	0	10
0	109	0	101	67	0	2
0	109	0	102	67	0	5
0	109	0	87	66	0	6
0	109	0	88	66	0	10
0	109	0	89	66	0	0
0	109	0	90	66	0	6
0	109	0	91	66	0	10
0	109	0	92	66	0	8
0	109	0	93	66	0	5
0	109	0	94	66	0	5
0	109	0	95	66	0	9
0	109	0	96	66	0	6
0	109	0	97	66	0	8
0	109	0	98	66	0	7
0	109	0	99	66	0	14
0	109	0	100	66	0	7
0	109	0	101	66	0	12
0	109	0	102	66	0	7
0	109	0	87	65	0	0
0	109	0	88	65	0	10
0	109	0	89	65	0	12
0	109	0	90	65	0	9
0	109	0	91	65	0	9
0	109	0	92	65	0	4
0	109	0	93	65	0	10
0	109	0	94	65	0	12
0	109	0	95	65	0	10
0	109	0	96	65	0	8
0	109	0	97	65	0	3
0	109	0	98	65	0	3
0	109	0	99	65	0	8
0	109	0	100	65	0	3
0	109	0	101	65	0	10
0	109	0	102	65	0	5
0	109	0	103	65	0	10
0	109	0	87	64	0	7
0	109	0	88	64	0	12
0	109	0	89	64	0	9
0	109	0	90	64	0	8
0	109	0	91	64	0	11
0	109	0	92	64	0	7
0	109	0	93	64	0	11
0	109	0	94	64	0	11
0	109	0	95	64	0	10
0	109	0	96	64	0	12
0	109	0	97	64	0	11
0	109	0	98	64	0	7
0	109	0	99	64	0	17
0	109	0	100	64	0	14
0	109	0	101	64	0	6
0	109	0	102	64	0	7
0	109	0	103	64	0	11
0	109	0	86	63	0	0
0	109	0	87	63	0	6
0	109	0	88	63	0	8
0	109	0	89	63	0	4
0	109	0	90	63	0	13
0	109	0	91	63	0	5
0	109	0	92	63	0	5
0	109	0	93	63	0	9
0	109	0	94	63	0	8
0	109	0	95	63	0	11
0	109	0	96	63	0	7
0	109	0	97	63	0	3
0	109	0	98	63	0	8
0	109	0	99	63	0	6
0	109	0	100	63	0	4
0	109	0	101	63	0	12
0	109	0	102	63	0	3
0	109	0	103	63	0	6
0	109	0	87	62	0	11
0	109	0	88	62	0	6
0	109	0	89	62	0	6
0	109	0	90	62	0	3
0	109	0	91	62	0	9
0	109	0	92	62	0	10
0	109	0	93	62	0	15
0	109	0	94	62	0	2
0	109	0	95	62	0	3
0	109	0	96	62	0	8
0	109	0	97	62	0	12
0	109	0	98	62	0	3
0	109	0	99	62	0	12
0	109	0	100	62	0	6
0	109	0	101	62	0	1
0	109	0	102	62	0	4
0	109	0	87	61	0	1
0	109	0	88	61	0	12
0	109	0	89	61	0	2
0	109	0	90	61	0	8
0	109	0	91	61	0	6
0	109	0	92	61	0	6
0	109	0	93	61	0	11
0	109	0	94	61	0	8
0	109	0	95	61	0	4
0	109	0	96	61	0	6
0	109	0	97	61	0	6
0	109	0	98	61	0	4
0	109	0	99	61	0	4
0	109	0	100	61	0	11
0	109	0	88	60	0	4
0	109	0	89	60	0	8
0	109	0	90	60	0	1
0	109	0	91	60	0	8
0	109	0	92	60	0	12
0	109	0	93	60	0	9
0	109	0	94	60	0	6
0	109	0	95	60	0	13
0	109	0	96	60	0	1
0	109	0	88	59	0	3
0	109	0	89	59	0	5
0	109	0	90	59	0	12
0	109	0	91	59	0	6
0	109	0	92	59	0	14
0	109	0	93	59	0	16
0	109	0	94	59	0	11
0	109	0	95	59	0	6
0	109	0	89	58	0	1
0	109	0	90	58	0	0
0	109	0	91	58	0	10
0	109	0	92	58	0	2
0	109	0	93	58	0	6
0	109	0	94	58	0	3
0	109	0	91	57	0	3
0	109	0	92	57	0	12
0	109	0	93	57	0	5
0	109	0	96	55	0	16
0	109	0	94	54	0	3
0	109	0	95	54	0	12
0	109	0	96	54	0	5
0	109	0	97	54	0	3
0	109	0	101	54	0	8
0	109	0	102	54	0	14
0	109	0	103	54	0	11
0	109	0	104	54	0	5
0	109	0	93	53	0	12
0	109	0	94	53	0	8
0	109	0	95	53	0	6
0	109	0	96	53	0	9
0	109	0	97	53	0	3
0	109	0	98	53	0	8
0	109	0	99	53	0	1
0	109	0	100	53	0	7
0	109	0	101	53	0	4
0	109	0	102	53	0	5
0	109	0	103	53	0	10
0	109	0	104	53	0	5
0	109	0	105	53	0	0
0	109	0	106	53	0	4
0	109	0	93	52	0	4
0	109	0	94	52	0	12
0	109	0	95	52	0	0
0	109	0	96	52	0	5
0	109	0	97	52	0	9
0	109	0	98	52	0	1
0	109	0	99	52	0	5
0	109	0	100	52	0	15
0	109	0	101	52	0	12
0	109	0	102	52	0	12
0	109	0	103	52	0	6
0	109	0	104	52	0	7
0	109	0	105	52	0	7
0	109	0	106	52	0	8
0	109	0	107	52	0	3
0	109	0	93	51	0	3
0	109	0	94	51	0	7
0	109	0	95	51	0	7
0	109	0	96	51	0	11
0	109	0	97	51	0	6
0	109	0	98	51	0	5
0	109	0	99	51	0	5
0	109	0	100	51	0	6
0	109	0	101	51	0	9
0	109	0	102	51	0	10
0	109	0	103	51	0	6
0	109	0	104	51	0	5
0	109	0	105	51	0	8
0	109	0	106	51	0	1
0	109	0	107	51	0	10
0	109	0	93	50	0	8
0	109	0	94	50	0	5
0	109	0	95	50	0	6
0	109	0	96	50	0	4
0	109	0	97	50	0	7
0	109	0	98	50	0	5
0	109	0	99	50	0	13
0	109	0	100	50	0	2
0	109	0	101	50	0	11
0	109	0	102	50	0	19
0	109	0	103	50	0	16
0	109	0	104	50	0	7
0	109	0	105	50	0	7
0	109	0	106	50	0	15
0	109	0	107	50	0	15
0	109	0	93	49	0	9
0	109	0	94	49	0	7
0	109	0	95	49	0	5
0	109	0	96	49	0	3
0	109	0	97	49	0	12
0	109	0	98	49	0	11
0	109	0	99	49	0	6
0	109	0	100	49	0	8
0	109	0	101	49	0	9
0	109	0	102	49	0	3
0	109	0	103	49	0	21
0	109	0	104	49	0	15
0	109	0	105	49	0	8
0	109	0	106	49	0	3
0	109	0	107	49	0	2
0	109	0	108	49	0	4
0	109	0	94	48	0	14
0	109	0	95	48	0	4
0	109	0	96	48	0	8
0	109	0	97	48	0	6
0	109	0	98	48	0	8
0	109	0	99	48	0	13
0	109	0	100	48	0	7
0	109	0	101	48	0	8
0	109	0	102	48	0	8
0	109	0	103	48	0	3
0	109	0	104	48	0	4
0	109	0	105	48	0	8
0	109	0	106	48	0	9
0	109	0	107	48	0	7
0	109	0	110	48	0	3
0	109	0	111	48	0	6
0	109	0	112	48	0	0
0	109	0	113	48	0	1
0	109	0	114	48	0	2
0	109	0	115	48	0	5
0	109	0	94	47	0	5
0	109	0	95	47	0	1
0	109	0	96	47	0	7
0	109	0	97	47	0	4
0	109	0	98	47	0	10
0	109	0	99	47	0	10
0	109	0	100	47	0	5
0	109	0	101	47	0	4
0	109	0	102	47	0	9
0	109	0	103	47	0	10
0	109	0	104	47	0	8
0	109	0	105	47	0	0
0	109	0	106	47	0	10
0	109	0	107	47	0	8
0	109	0	109	47	0	13
0	109	0	110	47	0	9
0	109	0	111	47	0	10
0	109	0	112	47	0	4
0	109	0	113	47	0	1
0	109	0	114	47	0	19
0	109	0	115	47	0	7
0	109	0	93	46	0	6
0	109	0	94	46	0	5
0	109	0	95	46	0	9
0	109	0	96	46	0	9
0	109	0	97	46	0	14
0	109	0	98	46	0	6
0	109	0	99	46	0	16
0	109	0	100	46	0	11
0	109	0	101	46	0	13
0	109	0	102	46	0	8
0	109	0	103	46	0	20
0	109	0	104	46	0	7
0	109	0	105	46	0	7
0	109	0	106	46	0	11
0	109	0	107	46	0	10
0	109	0	111	46	0	4
0	109	0	112	46	0	17
0	109	0	113	46	0	0
0	109	0	114	46	0	7
0	109	0	115	46	0	8
0	109	0	116	46	0	4
0	109	0	117	46	0	1
0	109	0	93	45	0	7
0	109	0	94	45	0	4
0	109	0	95	45	0	6
0	109	0	96	45	0	14
0	109	0	97	45	0	4
0	109	0	98	45	0	5
0	109	0	99	45	0	9
0	109	0	100	45	0	3
0	109	0	101	45	0	3
0	109	0	102	45	0	10
0	109	0	103	45	0	15
0	109	0	104	45	0	2
0	109	0	106	45	0	13
0	109	0	110	45	0	0
0	109	0	111	45	0	9
0	109	0	112	45	0	4
0	109	0	113	45	0	1
0	109	0	114	45	0	11
0	109	0	115	45	0	8
0	109	0	116	45	0	7
0	109	0	117	45	0	5
0	109	0	118	45	0	4
0	109	0	94	44	0	3
0	109	0	95	44	0	6
0	109	0	96	44	0	15
0	109	0	97	44	0	5
0	109	0	98	44	0	17
0	109	0	99	44	0	8
0	109	0	100	44	0	8
0	109	0	101	44	0	1
0	109	0	102	44	0	4
0	109	0	111	44	0	7
0	109	0	112	44	0	8
0	109	0	113	44	0	9
0	109	0	114	44	0	3
0	109	0	115	44	0	13
0	109	0	95	43	0	2
0	109	0	96	43	0	1
0	109	0	97	43	0	10
0	109	0	98	43	0	15
0	109	0	99	43	0	8
0	109	0	100	43	0	0
0	109	0	101	43	0	3
0	109	0	111	43	0	0
0	109	0	112	43	0	2
0	109	0	113	43	0	3
0	109	0	114	43	0	14
0	109	0	115	43	0	0
0	109	0	116	43	0	4
0	109	0	117	43	0	0
0	109	0	95	42	0	8
0	109	0	96	42	0	12
0	109	0	97	42	0	5
0	109	0	98	42	0	17
0	109	0	99	42	0	7
0	109	0	100	42	0	4
0	109	0	112	42	0	0
0	109	0	113	42	0	5
0	109	0	114	42	0	7
0	109	0	115	42	0	1
0	109	0	116	42	0	0
0	109	0	95	41	0	7
0	109	0	96	41	0	5
0	109	0	97	41	0	7
0	109	0	98	41	0	9
0	109	0	99	41	0	1
0	109	0	97	39	0	2
0	109	0	94	38	0	1
0	109	0	95	38	0	10
0	109	0	96	38	0	7
0	109	0	97	38	0	7
0	109	0	98	38	0	7
0	109	0	92	37	0	0
0	109	0	93	37	0	1
0	109	0	94	37	0	8
0	109	0	95	37	0	0
0	109	0	96	37	0	9
0	109	0	97	37	0	11
0	109	0	98	37	0	13
0	109	0	99	37	0	0
0	109	0	100	37	0	8
0	109	0	101	37	0	7
0	109	0	91	36	0	1
0	109	0	93	36	0	2
0	109	0	94	36	0	4
0	109	0	95	36	0	10
0	109	0	96	36	0	5
0	109	0	97	36	0	6
0	109	0	98	36	0	1
0	109	0	99	36	0	0
0	109	0	100	36	0	0
0	109	0	101	36	0	0
0	109	0	91	35	0	1
0	109	0	93	35	0	1
0	109	0	94	35	0	0
0	109	0	95	35	0	2
0	109	0	96	35	0	0
0	109	0	97	35	0	2
0	109	0	98	35	0	3
0	109	0	99	35	0	5
0	109	0	100	35	0	0
0	109	0	101	35	0	6
0	109	0	93	34	0	1
0	109	0	94	34	0	1
0	109	0	95	34	0	7
0	109	0	96	34	0	0
0	109	0	97	34	0	4
0	109	0	99	34	0	3
0	109	0	100	34	0	10
0	109	0	101	34	0	2
0	109	0	94	33	0	8
0	109	0	95	33	0	0
0	109	0	96	33	0	2
0	109	0	97	33	0	4
0	109	0	98	33	0	0
0	109	0	99	33	0	1
0	109	0	100	33	0	13
0	109	0	101	33	0	0
0	109	0	102	33	0	0
0	109	0	94	32	0	2
0	109	0	95	32	0	0
0	109	0	96	32	0	1
0	109	0	97	32	0	0
0	109	0	99	32	0	0
0	109	0	100	32	0	4
0	109	0	101	32	0	1
0	109	0	96	31	0	2
0	109	0	97	31	0	0
0	109	0	99	31	0	10
0	109	0	100	31	0	5
0	109	0	95	30	0	0
0	109	0	101	30	0	1
0	109	0	97	29	0	0
0	109	0	99	29	0	1
0	109	0	100	29	0	2
0	109	0	98	28	0	1
0	109	0	99	26	0	5
0	109	0	101	26	0	1
0	109	0	99	25	0	1
0	109	0	99	24	0	3
0	110	0	95	73	0	4
0	110	0	95	72	0	5
0	110	0	96	72	0	2
0	110	0	97	72	0	13
0	110	0	98	72	0	6
0	110	0	99	72	0	17
0	110	0	100	72	0	13
0	110	0	90	71	0	1
0	110	0	91	71	0	4
0	110	0	92	71	0	7
0	110	0	93	71	0	8
0	110	0	94	71	0	7
0	110	0	95	71	0	13
0	110	0	96	71	0	4
0	110	0	97	71	0	23
0	110	0	98	71	0	6
0	110	0	99	71	0	7
0	110	0	100	71	0	8
0	110	0	101	71	0	8
0	110	0	102	71	0	9
0	110	0	89	70	0	2
0	110	0	90	70	0	0
0	110	0	91	70	0	2
0	110	0	92	70	0	7
0	110	0	93	70	0	10
0	110	0	94	70	0	10
0	110	0	95	70	0	16
0	110	0	96	70	0	6
0	110	0	97	70	0	11
0	110	0	98	70	0	8
0	110	0	99	70	0	6
0	110	0	100	70	0	6
0	110	0	101	70	0	5
0	110	0	102	70	0	8
0	110	0	87	69	0	13
0	110	0	88	69	0	7
0	110	0	89	69	0	1
0	110	0	90	69	0	8
0	110	0	91	69	0	4
0	110	0	92	69	0	4
0	110	0	93	69	0	6
0	110	0	94	69	0	8
0	110	0	95	69	0	3
0	110	0	96	69	0	11
0	110	0	97	69	0	9
0	110	0	98	69	0	11
0	110	0	99	69	0	6
0	110	0	100	69	0	4
0	110	0	101	69	0	5
0	110	0	102	69	0	5
0	110	0	86	68	0	6
0	110	0	87	68	0	7
0	110	0	88	68	0	2
0	110	0	89	68	0	5
0	110	0	90	68	0	14
0	110	0	91	68	0	13
0	110	0	92	68	0	6
0	110	0	93	68	0	3
0	110	0	94	68	0	3
0	110	0	95	68	0	12
0	110	0	96	68	0	12
0	110	0	97	68	0	16
0	110	0	98	68	0	9
0	110	0	99	68	0	10
0	110	0	100	68	0	5
0	110	0	101	68	0	13
0	110	0	102	68	0	8
0	110	0	86	67	0	0
0	110	0	87	67	0	2
0	110	0	88	67	0	7
0	110	0	89	67	0	7
0	110	0	90	67	0	5
0	110	0	91	67	0	6
0	110	0	92	67	0	9
0	110	0	93	67	0	6
0	110	0	94	67	0	6
0	110	0	95	67	0	14
0	110	0	96	67	0	12
0	110	0	97	67	0	6
0	110	0	98	67	0	10
0	110	0	99	67	0	2
0	110	0	100	67	0	9
0	110	0	101	67	0	4
0	110	0	102	67	0	6
0	110	0	87	66	0	7
0	110	0	88	66	0	9
0	110	0	89	66	0	0
0	110	0	90	66	0	5
0	110	0	91	66	0	10
0	110	0	92	66	0	11
0	110	0	93	66	0	6
0	110	0	94	66	0	5
0	110	0	95	66	0	6
0	110	0	96	66	0	7
0	110	0	97	66	0	12
0	110	0	98	66	0	7
0	110	0	99	66	0	16
0	110	0	100	66	0	9
0	110	0	101	66	0	13
0	110	0	102	66	0	7
0	110	0	87	65	0	0
0	110	0	88	65	0	9
0	110	0	89	65	0	24
0	110	0	90	65	0	5
0	110	0	91	65	0	7
0	110	0	92	65	0	5
0	110	0	93	65	0	6
0	110	0	94	65	0	9
0	110	0	95	65	0	10
0	110	0	96	65	0	6
0	110	0	97	65	0	7
0	110	0	98	65	0	2
0	110	0	99	65	0	6
0	110	0	100	65	0	5
0	110	0	101	65	0	10
0	110	0	102	65	0	7
0	110	0	103	65	0	13
0	110	0	87	64	0	6
0	110	0	88	64	0	13
0	110	0	89	64	0	2
0	110	0	90	64	0	8
0	110	0	91	64	0	14
0	110	0	92	64	0	8
0	110	0	93	64	0	14
0	110	0	94	64	0	20
0	110	0	95	64	0	8
0	110	0	96	64	0	14
0	110	0	97	64	0	12
0	110	0	98	64	0	8
0	110	0	99	64	0	11
0	110	0	100	64	0	17
0	110	0	101	64	0	9
0	110	0	102	64	0	8
0	110	0	103	64	0	7
0	110	0	86	63	0	1
0	110	0	87	63	0	5
0	110	0	88	63	0	9
0	110	0	89	63	0	5
0	110	0	90	63	0	12
0	110	0	91	63	0	8
0	110	0	92	63	0	7
0	110	0	93	63	0	5
0	110	0	94	63	0	8
0	110	0	95	63	0	6
0	110	0	96	63	0	10
0	110	0	97	63	0	5
0	110	0	98	63	0	7
0	110	0	99	63	0	12
0	110	0	100	63	0	3
0	110	0	101	63	0	6
0	110	0	102	63	0	5
0	110	0	103	63	0	11
0	110	0	87	62	0	9
0	110	0	88	62	0	7
0	110	0	89	62	0	5
0	110	0	90	62	0	3
0	110	0	91	62	0	9
0	110	0	92	62	0	10
0	110	0	93	62	0	14
0	110	0	94	62	0	5
0	110	0	95	62	0	5
0	110	0	96	62	0	10
0	110	0	97	62	0	11
0	110	0	98	62	0	5
0	110	0	99	62	0	10
0	110	0	100	62	0	7
0	110	0	101	62	0	4
0	110	0	102	62	0	4
0	110	0	87	61	0	2
0	110	0	88	61	0	7
0	110	0	89	61	0	5
0	110	0	90	61	0	6
0	110	0	91	61	0	3
0	110	0	92	61	0	2
0	110	0	93	61	0	13
0	110	0	94	61	0	16
0	110	0	95	61	0	7
0	110	0	96	61	0	7
0	110	0	97	61	0	10
0	110	0	98	61	0	7
0	110	0	99	61	0	4
0	110	0	100	61	0	11
0	110	0	88	60	0	5
0	110	0	89	60	0	7
0	110	0	90	60	0	4
0	110	0	91	60	0	10
0	110	0	92	60	0	11
0	110	0	93	60	0	11
0	110	0	94	60	0	11
0	110	0	95	60	0	2
0	110	0	96	60	0	1
0	110	0	88	59	0	5
0	110	0	89	59	0	7
0	110	0	90	59	0	8
0	110	0	91	59	0	10
0	110	0	92	59	0	10
0	110	0	93	59	0	11
0	110	0	94	59	0	4
0	110	0	95	59	0	6
0	110	0	89	58	0	1
0	110	0	90	58	0	2
0	110	0	91	58	0	8
0	110	0	92	58	0	3
0	110	0	93	58	0	11
0	110	0	94	58	0	5
0	110	0	91	57	0	4
0	110	0	92	57	0	6
0	110	0	93	57	0	7
0	110	0	96	55	0	14
0	110	0	94	54	0	4
0	110	0	95	54	0	6
0	110	0	96	54	0	4
0	110	0	97	54	0	3
0	110	0	101	54	0	8
0	110	0	102	54	0	13
0	110	0	103	54	0	9
0	110	0	104	54	0	9
0	110	0	93	53	0	13
0	110	0	94	53	0	12
0	110	0	95	53	0	7
0	110	0	96	53	0	9
0	110	0	97	53	0	3
0	110	0	98	53	0	5
0	110	0	99	53	0	2
0	110	0	100	53	0	5
0	110	0	101	53	0	7
0	110	0	102	53	0	9
0	110	0	103	53	0	11
0	110	0	104	53	0	2
0	110	0	105	53	0	1
0	110	0	106	53	0	7
0	110	0	93	52	0	4
0	110	0	94	52	0	8
0	110	0	95	52	0	1
0	110	0	96	52	0	3
0	110	0	97	52	0	11
0	110	0	98	52	0	2
0	110	0	99	52	0	6
0	110	0	100	52	0	16
0	110	0	101	52	0	8
0	110	0	102	52	0	5
0	110	0	103	52	0	8
0	110	0	104	52	0	6
0	110	0	105	52	0	9
0	110	0	106	52	0	9
0	110	0	107	52	0	3
0	110	0	93	51	0	3
0	110	0	94	51	0	3
0	110	0	95	51	0	13
0	110	0	96	51	0	9
0	110	0	97	51	0	7
0	110	0	98	51	0	7
0	110	0	99	51	0	6
0	110	0	100	51	0	9
0	110	0	101	51	0	10
0	110	0	102	51	0	9
0	110	0	103	51	0	6
0	110	0	104	51	0	4
0	110	0	105	51	0	7
0	110	0	106	51	0	0
0	110	0	107	51	0	8
0	110	0	93	50	0	4
0	110	0	94	50	0	8
0	110	0	95	50	0	6
0	110	0	96	50	0	5
0	110	0	97	50	0	8
0	110	0	98	50	0	5
0	110	0	99	50	0	9
0	110	0	100	50	0	1
0	110	0	101	50	0	10
0	110	0	102	50	0	18
0	110	0	103	50	0	18
0	110	0	104	50	0	2
0	110	0	105	50	0	7
0	110	0	106	50	0	8
0	110	0	107	50	0	13
0	110	0	93	49	0	11
0	110	0	94	49	0	6
0	110	0	95	49	0	4
0	110	0	96	49	0	2
0	110	0	97	49	0	7
0	110	0	98	49	0	5
0	110	0	99	49	0	12
0	110	0	100	49	0	13
0	110	0	101	49	0	6
0	110	0	102	49	0	6
0	110	0	103	49	0	15
0	110	0	104	49	0	5
0	110	0	105	49	0	10
0	110	0	106	49	0	8
0	110	0	107	49	0	4
0	110	0	108	49	0	2
0	110	0	94	48	0	17
0	110	0	95	48	0	9
0	110	0	96	48	0	5
0	110	0	97	48	0	7
0	110	0	98	48	0	9
0	110	0	99	48	0	13
0	110	0	100	48	0	6
0	110	0	101	48	0	7
0	110	0	102	48	0	9
0	110	0	103	48	0	9
0	110	0	104	48	0	6
0	110	0	105	48	0	10
0	110	0	106	48	0	3
0	110	0	107	48	0	5
0	110	0	110	48	0	3
0	110	0	111	48	0	6
0	110	0	112	48	0	1
0	110	0	113	48	0	0
0	110	0	114	48	0	3
0	110	0	115	48	0	7
0	110	0	94	47	0	6
0	110	0	95	47	0	3
0	110	0	96	47	0	10
0	110	0	97	47	0	3
0	110	0	98	47	0	9
0	110	0	99	47	0	9
0	110	0	100	47	0	3
0	110	0	101	47	0	8
0	110	0	102	47	0	9
0	110	0	103	47	0	14
0	110	0	104	47	0	9
0	110	0	105	47	0	0
0	110	0	106	47	0	11
0	110	0	107	47	0	9
0	110	0	109	47	0	15
0	110	0	110	47	0	6
0	110	0	111	47	0	10
0	110	0	112	47	0	1
0	110	0	113	47	0	3
0	110	0	114	47	0	8
0	110	0	115	47	0	10
0	110	0	117	47	0	1
0	110	0	93	46	0	7
0	110	0	94	46	0	4
0	110	0	95	46	0	8
0	110	0	96	46	0	5
0	110	0	97	46	0	19
0	110	0	98	46	0	5
0	110	0	99	46	0	9
0	110	0	100	46	0	12
0	110	0	101	46	0	14
0	110	0	102	46	0	11
0	110	0	103	46	0	12
0	110	0	104	46	0	11
0	110	0	105	46	0	10
0	110	0	106	46	0	12
0	110	0	107	46	0	14
0	110	0	111	46	0	7
0	110	0	112	46	0	9
0	110	0	113	46	0	0
0	110	0	114	46	0	12
0	110	0	115	46	0	11
0	110	0	116	46	0	8
0	110	0	117	46	0	1
0	110	0	93	45	0	8
0	110	0	94	45	0	5
0	110	0	95	45	0	12
0	110	0	96	45	0	11
0	110	0	97	45	0	3
0	110	0	98	45	0	6
0	110	0	99	45	0	10
0	110	0	100	45	0	4
0	110	0	101	45	0	4
0	110	0	102	45	0	14
0	110	0	103	45	0	10
0	110	0	104	45	0	1
0	110	0	106	45	0	9
0	110	0	110	45	0	0
0	110	0	111	45	0	8
0	110	0	112	45	0	7
0	110	0	113	45	0	3
0	110	0	114	45	0	10
0	110	0	115	45	0	6
0	110	0	116	45	0	8
0	110	0	117	45	0	8
0	110	0	118	45	0	6
0	110	0	94	44	0	3
0	110	0	95	44	0	8
0	110	0	96	44	0	10
0	110	0	97	44	0	2
0	110	0	98	44	0	13
0	110	0	99	44	0	11
0	110	0	100	44	0	14
0	110	0	101	44	0	2
0	110	0	102	44	0	3
0	110	0	111	44	0	11
0	110	0	112	44	0	6
0	110	0	113	44	0	13
0	110	0	114	44	0	9
0	110	0	115	44	0	11
0	110	0	95	43	0	4
0	110	0	96	43	0	2
0	110	0	97	43	0	3
0	110	0	98	43	0	12
0	110	0	99	43	0	8
0	110	0	100	43	0	1
0	110	0	101	43	0	4
0	110	0	111	43	0	0
0	110	0	112	43	0	4
0	110	0	113	43	0	4
0	110	0	114	43	0	11
0	110	0	115	43	0	0
0	110	0	116	43	0	7
0	110	0	117	43	0	0
0	110	0	95	42	0	9
0	110	0	96	42	0	9
0	110	0	97	42	0	5
0	110	0	98	42	0	10
0	110	0	99	42	0	10
0	110	0	100	42	0	4
0	110	0	112	42	0	0
0	110	0	113	42	0	4
0	110	0	114	42	0	3
0	110	0	115	42	0	3
0	110	0	116	42	0	1
0	110	0	95	41	0	14
0	110	0	96	41	0	2
0	110	0	97	41	0	13
0	110	0	98	41	0	12
0	110	0	99	41	0	0
0	110	0	97	39	0	7
0	110	0	94	38	0	3
0	110	0	95	38	0	8
0	110	0	96	38	0	17
0	110	0	97	38	0	8
0	110	0	98	38	0	6
0	110	0	92	37	0	0
0	110	0	93	37	0	4
0	110	0	94	37	0	6
0	110	0	95	37	0	1
0	110	0	96	37	0	11
0	110	0	97	37	0	10
0	110	0	98	37	0	8
0	110	0	99	37	0	0
0	110	0	100	37	0	5
0	110	0	101	37	0	6
0	110	0	91	36	0	0
0	110	0	93	36	0	5
0	110	0	94	36	0	6
0	110	0	95	36	0	10
0	110	0	96	36	0	5
0	110	0	97	36	0	4
0	110	0	98	36	0	1
0	110	0	99	36	0	1
0	110	0	100	36	0	0
0	110	0	101	36	0	0
0	110	0	91	35	0	4
0	110	0	93	35	0	0
0	110	0	94	35	0	0
0	110	0	95	35	0	2
0	110	0	96	35	0	1
0	110	0	97	35	0	1
0	110	0	98	35	0	2
0	110	0	99	35	0	4
0	110	0	100	35	0	0
0	110	0	101	35	0	3
0	110	0	102	35	0	1
0	110	0	92	34	0	1
0	110	0	93	34	0	1
0	110	0	94	34	0	1
0	110	0	95	34	0	6
0	110	0	96	34	0	0
0	110	0	97	34	0	5
0	110	0	99	34	0	2
0	110	0	100	34	0	8
0	110	0	101	34	0	1
0	110	0	102	34	0	1
0	110	0	94	33	0	5
0	110	0	95	33	0	0
0	110	0	96	33	0	2
0	110	0	97	33	0	9
0	110	0	98	33	0	0
0	110	0	99	33	0	3
0	110	0	100	33	0	7
0	110	0	101	33	0	0
0	110	0	102	33	0	0
0	110	0	94	32	0	2
0	110	0	95	32	0	0
0	110	0	96	32	0	4
0	110	0	97	32	0	0
0	110	0	99	32	0	0
0	110	0	100	32	0	1
0	110	0	101	32	0	0
0	110	0	96	31	0	1
0	110	0	97	31	0	0
0	110	0	99	31	0	14
0	110	0	100	31	0	6
0	110	0	95	30	0	0
0	110	0	101	30	0	1
0	110	0	97	29	0	0
0	110	0	99	29	0	1
0	110	0	100	29	0	2
0	110	0	98	28	0	4
0	110	0	95	27	0	1
0	110	0	99	26	0	4
0	110	0	101	26	0	0
0	110	0	99	25	0	3
0	110	0	99	24	0	3
0	110	0	101	22	0	1
0	111	0	95	73	0	3
0	111	0	95	72	0	6
0	111	0	96	72	0	4
0	111	0	97	72	0	8
0	111	0	98	72	0	10
0	111	0	99	72	0	14
0	111	0	100	72	0	8
0	111	0	90	71	0	1
0	111	0	91	71	0	5
0	111	0	92	71	0	5
0	111	0	93	71	0	4
0	111	0	94	71	0	10
0	111	0	95	71	0	15
0	111	0	96	71	0	1
0	111	0	97	71	0	10
0	111	0	98	71	0	8
0	111	0	99	71	0	12
0	111	0	100	71	0	4
0	111	0	101	71	0	14
0	111	0	102	71	0	12
0	111	0	89	70	0	2
0	111	0	90	70	0	0
0	111	0	91	70	0	2
0	111	0	92	70	0	7
0	111	0	93	70	0	7
0	111	0	94	70	0	8
0	111	0	95	70	0	18
0	111	0	96	70	0	5
0	111	0	97	70	0	12
0	111	0	98	70	0	6
0	111	0	99	70	0	10
0	111	0	100	70	0	3
0	111	0	101	70	0	2
0	111	0	102	70	0	9
0	111	0	87	69	0	14
0	111	0	88	69	0	4
0	111	0	89	69	0	2
0	111	0	90	69	0	7
0	111	0	91	69	0	2
0	111	0	92	69	0	4
0	111	0	93	69	0	5
0	111	0	94	69	0	10
0	111	0	95	69	0	5
0	111	0	96	69	0	10
0	111	0	97	69	0	6
0	111	0	98	69	0	13
0	111	0	99	69	0	5
0	111	0	100	69	0	6
0	111	0	101	69	0	6
0	111	0	102	69	0	4
0	111	0	86	68	0	10
0	111	0	87	68	0	7
0	111	0	88	68	0	2
0	111	0	89	68	0	8
0	111	0	90	68	0	16
0	111	0	91	68	0	12
0	111	0	92	68	0	4
0	111	0	93	68	0	5
0	111	0	94	68	0	10
0	111	0	95	68	0	12
0	111	0	96	68	0	15
0	111	0	97	68	0	9
0	111	0	98	68	0	8
0	111	0	99	68	0	5
0	111	0	100	68	0	6
0	111	0	101	68	0	10
0	111	0	102	68	0	6
0	111	0	86	67	0	0
0	111	0	87	67	0	5
0	111	0	88	67	0	3
0	111	0	89	67	0	8
0	111	0	90	67	0	8
0	111	0	91	67	0	3
0	111	0	92	67	0	6
0	111	0	93	67	0	4
0	111	0	94	67	0	8
0	111	0	95	67	0	9
0	111	0	96	67	0	9
0	111	0	97	67	0	5
0	111	0	98	67	0	14
0	111	0	99	67	0	1
0	111	0	100	67	0	6
0	111	0	101	67	0	5
0	111	0	102	67	0	8
0	111	0	87	66	0	4
0	111	0	88	66	0	8
0	111	0	89	66	0	1
0	111	0	90	66	0	10
0	111	0	91	66	0	13
0	111	0	92	66	0	12
0	111	0	93	66	0	7
0	111	0	94	66	0	5
0	111	0	95	66	0	10
0	111	0	96	66	0	10
0	111	0	97	66	0	11
0	111	0	98	66	0	11
0	111	0	99	66	0	15
0	111	0	100	66	0	12
0	111	0	101	66	0	15
0	111	0	102	66	0	7
0	111	0	87	65	0	0
0	111	0	88	65	0	10
0	111	0	89	65	0	16
0	111	0	90	65	0	5
0	111	0	91	65	0	6
0	111	0	92	65	0	2
0	111	0	93	65	0	6
0	111	0	94	65	0	2
0	111	0	95	65	0	12
0	111	0	96	65	0	4
0	111	0	97	65	0	5
0	111	0	98	65	0	2
0	111	0	99	65	0	8
0	111	0	100	65	0	6
0	111	0	101	65	0	8
0	111	0	102	65	0	14
0	111	0	103	65	0	14
0	111	0	87	64	0	6
0	111	0	88	64	0	8
0	111	0	89	64	0	2
0	111	0	90	64	0	12
0	111	0	91	64	0	13
0	111	0	92	64	0	3
0	111	0	93	64	0	12
0	111	0	94	64	0	15
0	111	0	95	64	0	10
0	111	0	96	64	0	12
0	111	0	97	64	0	17
0	111	0	98	64	0	15
0	111	0	99	64	0	9
0	111	0	100	64	0	11
0	111	0	101	64	0	10
0	111	0	102	64	0	14
0	111	0	103	64	0	7
0	111	0	86	63	0	1
0	111	0	87	63	0	2
0	111	0	88	63	0	11
0	111	0	89	63	0	9
0	111	0	90	63	0	10
0	111	0	91	63	0	6
0	111	0	92	63	0	10
0	111	0	93	63	0	3
0	111	0	94	63	0	14
0	111	0	95	63	0	11
0	111	0	96	63	0	9
0	111	0	97	63	0	4
0	111	0	98	63	0	6
0	111	0	99	63	0	10
0	111	0	100	63	0	2
0	111	0	101	63	0	7
0	111	0	102	63	0	6
0	111	0	103	63	0	17
0	111	0	87	62	0	16
0	111	0	88	62	0	10
0	111	0	89	62	0	3
0	111	0	90	62	0	3
0	111	0	91	62	0	10
0	111	0	92	62	0	12
0	111	0	93	62	0	15
0	111	0	94	62	0	8
0	111	0	95	62	0	1
0	111	0	96	62	0	8
0	111	0	97	62	0	7
0	111	0	98	62	0	6
0	111	0	99	62	0	7
0	111	0	100	62	0	7
0	111	0	101	62	0	5
0	111	0	102	62	0	4
0	111	0	87	61	0	4
0	111	0	88	61	0	5
0	111	0	89	61	0	4
0	111	0	90	61	0	4
0	111	0	91	61	0	3
0	111	0	92	61	0	3
0	111	0	93	61	0	16
0	111	0	94	61	0	9
0	111	0	95	61	0	3
0	111	0	96	61	0	5
0	111	0	97	61	0	9
0	111	0	98	61	0	6
0	111	0	99	61	0	7
0	111	0	100	61	0	12
0	111	0	88	60	0	4
0	111	0	89	60	0	7
0	111	0	90	60	0	4
0	111	0	91	60	0	11
0	111	0	92	60	0	11
0	111	0	93	60	0	10
0	111	0	94	60	0	10
0	111	0	95	60	0	1
0	111	0	96	60	0	2
0	111	0	88	59	0	8
0	111	0	89	59	0	5
0	111	0	90	59	0	11
0	111	0	91	59	0	8
0	111	0	92	59	0	10
0	111	0	93	59	0	10
0	111	0	94	59	0	5
0	111	0	95	59	0	7
0	111	0	89	58	0	0
0	111	0	90	58	0	3
0	111	0	91	58	0	3
0	111	0	92	58	0	4
0	111	0	93	58	0	5
0	111	0	94	58	0	4
0	111	0	91	57	0	9
0	111	0	92	57	0	7
0	111	0	93	57	0	4
0	111	0	96	55	0	9
0	111	0	94	54	0	3
0	111	0	95	54	0	4
0	111	0	96	54	0	6
0	111	0	97	54	0	3
0	111	0	101	54	0	14
0	111	0	102	54	0	16
0	111	0	103	54	0	10
0	111	0	104	54	0	9
0	111	0	93	53	0	9
0	111	0	94	53	0	6
0	111	0	95	53	0	4
0	111	0	96	53	0	11
0	111	0	97	53	0	3
0	111	0	98	53	0	4
0	111	0	99	53	0	2
0	111	0	100	53	0	8
0	111	0	101	53	0	9
0	111	0	102	53	0	12
0	111	0	103	53	0	16
0	111	0	104	53	0	2
0	111	0	105	53	0	2
0	111	0	106	53	0	14
0	111	0	93	52	0	5
0	111	0	94	52	0	8
0	111	0	95	52	0	1
0	111	0	96	52	0	6
0	111	0	97	52	0	10
0	111	0	98	52	0	4
0	111	0	99	52	0	2
0	111	0	100	52	0	10
0	111	0	101	52	0	7
0	111	0	102	52	0	12
0	111	0	103	52	0	10
0	111	0	104	52	0	6
0	111	0	105	52	0	9
0	111	0	106	52	0	9
0	111	0	107	52	0	1
0	111	0	93	51	0	6
0	111	0	94	51	0	3
0	111	0	95	51	0	12
0	111	0	96	51	0	14
0	111	0	97	51	0	7
0	111	0	98	51	0	4
0	111	0	99	51	0	5
0	111	0	100	51	0	7
0	111	0	101	51	0	9
0	111	0	102	51	0	8
0	111	0	103	51	0	4
0	111	0	104	51	0	13
0	111	0	105	51	0	12
0	111	0	106	51	0	0
0	111	0	107	51	0	4
0	111	0	93	50	0	10
0	111	0	94	50	0	10
0	111	0	95	50	0	1
0	111	0	96	50	0	3
0	111	0	97	50	0	13
0	111	0	98	50	0	7
0	111	0	99	50	0	12
0	111	0	100	50	0	2
0	111	0	101	50	0	12
0	111	0	102	50	0	15
0	111	0	103	50	0	18
0	111	0	104	50	0	3
0	111	0	105	50	0	5
0	111	0	106	50	0	12
0	111	0	107	50	0	13
0	111	0	93	49	0	13
0	111	0	94	49	0	4
0	111	0	95	49	0	8
0	111	0	96	49	0	6
0	111	0	97	49	0	9
0	111	0	98	49	0	9
0	111	0	99	49	0	12
0	111	0	100	49	0	7
0	111	0	101	49	0	7
0	111	0	102	49	0	4
0	111	0	103	49	0	15
0	111	0	104	49	0	4
0	111	0	105	49	0	10
0	111	0	106	49	0	8
0	111	0	107	49	0	10
0	111	0	108	49	0	4
0	111	0	94	48	0	13
0	111	0	95	48	0	4
0	111	0	96	48	0	8
0	111	0	97	48	0	8
0	111	0	98	48	0	4
0	111	0	99	48	0	12
0	111	0	100	48	0	10
0	111	0	101	48	0	7
0	111	0	102	48	0	10
0	111	0	103	48	0	7
0	111	0	104	48	0	7
0	111	0	105	48	0	9
0	111	0	106	48	0	0
0	111	0	107	48	0	3
0	111	0	110	48	0	6
0	111	0	111	48	0	7
0	111	0	112	48	0	3
0	111	0	113	48	0	0
0	111	0	114	48	0	4
0	111	0	115	48	0	6
0	111	0	94	47	0	5
0	111	0	95	47	0	6
0	111	0	96	47	0	11
0	111	0	97	47	0	5
0	111	0	98	47	0	4
0	111	0	99	47	0	8
0	111	0	100	47	0	2
0	111	0	101	47	0	12
0	111	0	102	47	0	10
0	111	0	103	47	0	12
0	111	0	104	47	0	9
0	111	0	105	47	0	1
0	111	0	106	47	0	10
0	111	0	107	47	0	13
0	111	0	109	47	0	8
0	111	0	110	47	0	2
0	111	0	111	47	0	12
0	111	0	112	47	0	4
0	111	0	113	47	0	3
0	111	0	114	47	0	9
0	111	0	115	47	0	8
0	111	0	117	47	0	1
0	111	0	93	46	0	6
0	111	0	94	46	0	5
0	111	0	95	46	0	14
0	111	0	96	46	0	6
0	111	0	97	46	0	10
0	111	0	98	46	0	5
0	111	0	99	46	0	11
0	111	0	100	46	0	13
0	111	0	101	46	0	8
0	111	0	102	46	0	11
0	111	0	103	46	0	12
0	111	0	104	46	0	14
0	111	0	105	46	0	11
0	111	0	106	46	0	5
0	111	0	107	46	0	15
0	111	0	111	46	0	3
0	111	0	112	46	0	12
0	111	0	113	46	0	1
0	111	0	114	46	0	7
0	111	0	115	46	0	9
0	111	0	116	46	0	14
0	111	0	117	46	0	2
0	111	0	93	45	0	6
0	111	0	94	45	0	6
0	111	0	95	45	0	9
0	111	0	96	45	0	5
0	111	0	97	45	0	3
0	111	0	98	45	0	10
0	111	0	99	45	0	8
0	111	0	100	45	0	3
0	111	0	101	45	0	4
0	111	0	102	45	0	13
0	111	0	103	45	0	7
0	111	0	104	45	0	1
0	111	0	106	45	0	10
0	111	0	110	45	0	0
0	111	0	111	45	0	6
0	111	0	112	45	0	4
0	111	0	113	45	0	2
0	111	0	114	45	0	6
0	111	0	115	45	0	8
0	111	0	116	45	0	5
0	111	0	117	45	0	14
0	111	0	118	45	0	9
0	111	0	94	44	0	5
0	111	0	95	44	0	10
0	111	0	96	44	0	4
0	111	0	97	44	0	3
0	111	0	98	44	0	7
0	111	0	99	44	0	18
0	111	0	100	44	0	13
0	111	0	101	44	0	0
0	111	0	102	44	0	5
0	111	0	111	44	0	6
0	111	0	112	44	0	7
0	111	0	113	44	0	12
0	111	0	114	44	0	7
0	111	0	115	44	0	22
0	111	0	95	43	0	11
0	111	0	96	43	0	2
0	111	0	97	43	0	8
0	111	0	98	43	0	11
0	111	0	99	43	0	9
0	111	0	100	43	0	2
0	111	0	101	43	0	3
0	111	0	111	43	0	0
0	111	0	112	43	0	6
0	111	0	113	43	0	3
0	111	0	114	43	0	5
0	111	0	115	43	0	0
0	111	0	116	43	0	7
0	111	0	117	43	0	0
0	111	0	95	42	0	8
0	111	0	96	42	0	9
0	111	0	97	42	0	11
0	111	0	98	42	0	9
0	111	0	99	42	0	10
0	111	0	100	42	0	5
0	111	0	112	42	0	1
0	111	0	113	42	0	3
0	111	0	114	42	0	6
0	111	0	115	42	0	2
0	111	0	116	42	0	1
0	111	0	95	41	0	6
0	111	0	96	41	0	0
0	111	0	97	41	0	11
0	111	0	98	41	0	11
0	111	0	99	41	0	0
0	111	0	113	41	0	1
0	111	0	97	39	0	5
0	111	0	94	38	0	3
0	111	0	95	38	0	5
0	111	0	96	38	0	11
0	111	0	97	38	0	10
0	111	0	98	38	0	7
0	111	0	92	37	0	0
0	111	0	93	37	0	6
0	111	0	94	37	0	7
0	111	0	95	37	0	0
0	111	0	96	37	0	11
0	111	0	97	37	0	12
0	111	0	98	37	0	10
0	111	0	99	37	0	0
0	111	0	100	37	0	6
0	111	0	101	37	0	5
0	111	0	91	36	0	0
0	111	0	92	36	0	1
0	111	0	93	36	0	7
0	111	0	94	36	0	11
0	111	0	95	36	0	13
0	111	0	96	36	0	6
0	111	0	97	36	0	2
0	111	0	98	36	0	1
0	111	0	99	36	0	0
0	111	0	100	36	0	1
0	111	0	101	36	0	1
0	111	0	91	35	0	3
0	111	0	93	35	0	0
0	111	0	94	35	0	0
0	111	0	95	35	0	2
0	111	0	96	35	0	2
0	111	0	97	35	0	2
0	111	0	98	35	0	6
0	111	0	99	35	0	2
0	111	0	100	35	0	0
0	111	0	101	35	0	1
0	111	0	102	35	0	0
0	111	0	92	34	0	2
0	111	0	93	34	0	6
0	111	0	94	34	0	1
0	111	0	95	34	0	5
0	111	0	96	34	0	0
0	111	0	97	34	0	2
0	111	0	99	34	0	4
0	111	0	100	34	0	7
0	111	0	101	34	0	0
0	111	0	102	34	0	2
0	111	0	93	33	0	1
0	111	0	94	33	0	7
0	111	0	95	33	0	0
0	111	0	96	33	0	4
0	111	0	97	33	0	10
0	111	0	98	33	0	1
0	111	0	99	33	0	3
0	111	0	100	33	0	6
0	111	0	101	33	0	1
0	111	0	102	33	0	0
0	111	0	94	32	0	5
0	111	0	95	32	0	0
0	111	0	96	32	0	5
0	111	0	97	32	0	0
0	111	0	98	32	0	1
0	111	0	99	32	0	0
0	111	0	100	32	0	1
0	111	0	101	32	0	0
0	111	0	102	32	0	1
0	111	0	96	31	0	1
0	111	0	97	31	0	0
0	111	0	99	31	0	7
0	111	0	100	31	0	4
0	111	0	95	30	0	0
0	111	0	101	30	0	3
0	111	0	103	30	0	1
0	111	0	97	29	0	0
0	111	0	99	29	0	0
0	111	0	100	29	0	3
0	111	0	97	28	0	1
0	111	0	98	28	0	2
0	111	0	95	27	0	1
0	111	0	99	27	0	2
0	111	0	99	26	0	4
0	111	0	101	26	0	0
0	111	0	99	25	0	4
0	111	0	99	24	0	1
0	111	0	101	22	0	1
0	112	0	95	73	0	4
0	112	0	95	72	0	14
0	112	0	96	72	0	4
0	112	0	97	72	0	10
0	112	0	98	72	0	8
0	112	0	99	72	0	14
0	112	0	100	72	0	5
0	112	0	90	71	0	2
0	112	0	91	71	0	5
0	112	0	92	71	0	7
0	112	0	93	71	0	4
0	112	0	94	71	0	6
0	112	0	95	71	0	9
0	112	0	96	71	0	2
0	112	0	97	71	0	7
0	112	0	98	71	0	6
0	112	0	99	71	0	11
0	112	0	100	71	0	3
0	112	0	101	71	0	7
0	112	0	102	71	0	11
0	112	0	89	70	0	1
0	112	0	90	70	0	1
0	112	0	91	70	0	1
0	112	0	92	70	0	9
0	112	0	93	70	0	4
0	112	0	94	70	0	7
0	112	0	95	70	0	12
0	112	0	96	70	0	7
0	112	0	97	70	0	11
0	112	0	98	70	0	8
0	112	0	99	70	0	10
0	112	0	100	70	0	5
0	112	0	101	70	0	1
0	112	0	102	70	0	5
0	112	0	87	69	0	14
0	112	0	88	69	0	7
0	112	0	89	69	0	4
0	112	0	90	69	0	6
0	112	0	91	69	0	2
0	112	0	92	69	0	7
0	112	0	93	69	0	6
0	112	0	94	69	0	8
0	112	0	95	69	0	6
0	112	0	96	69	0	12
0	112	0	97	69	0	4
0	112	0	98	69	0	13
0	112	0	99	69	0	8
0	112	0	100	69	0	9
0	112	0	101	69	0	8
0	112	0	102	69	0	5
0	112	0	86	68	0	9
0	112	0	87	68	0	7
0	112	0	88	68	0	4
0	112	0	89	68	0	12
0	112	0	90	68	0	22
0	112	0	91	68	0	15
0	112	0	92	68	0	5
0	112	0	93	68	0	3
0	112	0	94	68	0	10
0	112	0	95	68	0	10
0	112	0	96	68	0	12
0	112	0	97	68	0	12
0	112	0	98	68	0	6
0	112	0	99	68	0	5
0	112	0	100	68	0	14
0	112	0	101	68	0	6
0	112	0	102	68	0	4
0	112	0	86	67	0	0
0	112	0	87	67	0	7
0	112	0	88	67	0	1
0	112	0	89	67	0	8
0	112	0	90	67	0	5
0	112	0	91	67	0	2
0	112	0	92	67	0	6
0	112	0	93	67	0	7
0	112	0	94	67	0	6
0	112	0	95	67	0	12
0	112	0	96	67	0	8
0	112	0	97	67	0	5
0	112	0	98	67	0	15
0	112	0	99	67	0	4
0	112	0	100	67	0	7
0	112	0	101	67	0	9
0	112	0	102	67	0	7
0	112	0	87	66	0	5
0	112	0	88	66	0	4
0	112	0	89	66	0	1
0	112	0	90	66	0	9
0	112	0	91	66	0	8
0	112	0	92	66	0	9
0	112	0	93	66	0	9
0	112	0	94	66	0	9
0	112	0	95	66	0	11
0	112	0	96	66	0	13
0	112	0	97	66	0	13
0	112	0	98	66	0	11
0	112	0	99	66	0	8
0	112	0	100	66	0	10
0	112	0	101	66	0	10
0	112	0	102	66	0	6
0	112	0	87	65	0	0
0	112	0	88	65	0	10
0	112	0	89	65	0	11
0	112	0	90	65	0	8
0	112	0	91	65	0	7
0	112	0	92	65	0	3
0	112	0	93	65	0	10
0	112	0	94	65	0	4
0	112	0	95	65	0	14
0	112	0	96	65	0	6
0	112	0	97	65	0	7
0	112	0	98	65	0	6
0	112	0	99	65	0	9
0	112	0	100	65	0	6
0	112	0	101	65	0	10
0	112	0	102	65	0	5
0	112	0	103	65	0	10
0	112	0	87	64	0	8
0	112	0	88	64	0	9
0	112	0	89	64	0	0
0	112	0	90	64	0	7
0	112	0	91	64	0	11
0	112	0	92	64	0	4
0	112	0	93	64	0	13
0	112	0	94	64	0	10
0	112	0	95	64	0	15
0	112	0	96	64	0	14
0	112	0	97	64	0	11
0	112	0	98	64	0	17
0	112	0	99	64	0	8
0	112	0	100	64	0	10
0	112	0	101	64	0	9
0	112	0	102	64	0	12
0	112	0	103	64	0	6
0	112	0	86	63	0	1
0	112	0	87	63	0	5
0	112	0	88	63	0	18
0	112	0	89	63	0	9
0	112	0	90	63	0	9
0	112	0	91	63	0	7
0	112	0	92	63	0	4
0	112	0	93	63	0	3
0	112	0	94	63	0	12
0	112	0	95	63	0	11
0	112	0	96	63	0	7
0	112	0	97	63	0	3
0	112	0	98	63	0	7
0	112	0	99	63	0	5
0	112	0	100	63	0	3
0	112	0	101	63	0	8
0	112	0	102	63	0	4
0	112	0	103	63	0	12
0	112	0	87	62	0	14
0	112	0	88	62	0	12
0	112	0	89	62	0	5
0	112	0	90	62	0	4
0	112	0	91	62	0	13
0	112	0	92	62	0	9
0	112	0	93	62	0	15
0	112	0	94	62	0	4
0	112	0	95	62	0	2
0	112	0	96	62	0	10
0	112	0	97	62	0	8
0	112	0	98	62	0	5
0	112	0	99	62	0	10
0	112	0	100	62	0	6
0	112	0	101	62	0	2
0	112	0	102	62	0	9
0	112	0	87	61	0	1
0	112	0	88	61	0	10
0	112	0	89	61	0	4
0	112	0	90	61	0	6
0	112	0	91	61	0	5
0	112	0	92	61	0	6
0	112	0	93	61	0	14
0	112	0	94	61	0	8
0	112	0	95	61	0	2
0	112	0	96	61	0	7
0	112	0	97	61	0	11
0	112	0	98	61	0	7
0	112	0	99	61	0	12
0	112	0	100	61	0	13
0	112	0	88	60	0	3
0	112	0	89	60	0	8
0	112	0	90	60	0	5
0	112	0	91	60	0	9
0	112	0	92	60	0	7
0	112	0	93	60	0	8
0	112	0	94	60	0	10
0	112	0	95	60	0	2
0	112	0	96	60	0	4
0	112	0	88	59	0	8
0	112	0	89	59	0	4
0	112	0	90	59	0	11
0	112	0	91	59	0	7
0	112	0	92	59	0	9
0	112	0	93	59	0	12
0	112	0	94	59	0	6
0	112	0	95	59	0	7
0	112	0	89	58	0	0
0	112	0	90	58	0	4
0	112	0	91	58	0	3
0	112	0	92	58	0	10
0	112	0	93	58	0	5
0	112	0	94	58	0	6
0	112	0	91	57	0	9
0	112	0	92	57	0	6
0	112	0	93	57	0	4
0	112	0	96	55	0	6
0	112	0	94	54	0	5
0	112	0	95	54	0	11
0	112	0	96	54	0	13
0	112	0	97	54	0	5
0	112	0	101	54	0	10
0	112	0	102	54	0	8
0	112	0	103	54	0	13
0	112	0	104	54	0	5
0	112	0	93	53	0	8
0	112	0	94	53	0	7
0	112	0	95	53	0	5
0	112	0	96	53	0	14
0	112	0	97	53	0	0
0	112	0	98	53	0	8
0	112	0	99	53	0	3
0	112	0	100	53	0	9
0	112	0	101	53	0	10
0	112	0	102	53	0	15
0	112	0	103	53	0	9
0	112	0	104	53	0	5
0	112	0	105	53	0	4
0	112	0	106	53	0	12
0	112	0	93	52	0	9
0	112	0	94	52	0	8
0	112	0	95	52	0	2
0	112	0	96	52	0	6
0	112	0	97	52	0	8
0	112	0	98	52	0	5
0	112	0	99	52	0	2
0	112	0	100	52	0	5
0	112	0	101	52	0	7
0	112	0	102	52	0	13
0	112	0	103	52	0	11
0	112	0	104	52	0	7
0	112	0	105	52	0	4
0	112	0	106	52	0	10
0	112	0	107	52	0	3
0	112	0	93	51	0	6
0	112	0	94	51	0	0
0	112	0	95	51	0	8
0	112	0	96	51	0	11
0	112	0	97	51	0	12
0	112	0	98	51	0	4
0	112	0	99	51	0	4
0	112	0	100	51	0	12
0	112	0	101	51	0	5
0	112	0	102	51	0	12
0	112	0	103	51	0	5
0	112	0	104	51	0	13
0	112	0	105	51	0	10
0	112	0	106	51	0	1
0	112	0	107	51	0	5
0	112	0	93	50	0	8
0	112	0	94	50	0	10
0	112	0	95	50	0	5
0	112	0	96	50	0	3
0	112	0	97	50	0	15
0	112	0	98	50	0	11
0	112	0	99	50	0	9
0	112	0	100	50	0	1
0	112	0	101	50	0	6
0	112	0	102	50	0	13
0	112	0	103	50	0	13
0	112	0	104	50	0	1
0	112	0	105	50	0	7
0	112	0	106	50	0	6
0	112	0	107	50	0	11
0	112	0	93	49	0	7
0	112	0	94	49	0	5
0	112	0	95	49	0	11
0	112	0	96	49	0	10
0	112	0	97	49	0	10
0	112	0	98	49	0	9
0	112	0	99	49	0	11
0	112	0	100	49	0	4
0	112	0	101	49	0	4
0	112	0	102	49	0	3
0	112	0	103	49	0	11
0	112	0	104	49	0	8
0	112	0	105	49	0	10
0	112	0	106	49	0	5
0	112	0	107	49	0	16
0	112	0	108	49	0	0
0	112	0	94	48	0	9
0	112	0	95	48	0	4
0	112	0	96	48	0	11
0	112	0	97	48	0	8
0	112	0	98	48	0	3
0	112	0	99	48	0	14
0	112	0	100	48	0	6
0	112	0	101	48	0	5
0	112	0	102	48	0	9
0	112	0	103	48	0	3
0	112	0	104	48	0	8
0	112	0	105	48	0	5
0	112	0	106	48	0	1
0	112	0	107	48	0	2
0	112	0	110	48	0	4
0	112	0	111	48	0	8
0	112	0	112	48	0	4
0	112	0	113	48	0	0
0	112	0	114	48	0	3
0	112	0	115	48	0	8
0	112	0	94	47	0	10
0	112	0	95	47	0	4
0	112	0	96	47	0	9
0	112	0	97	47	0	7
0	112	0	98	47	0	2
0	112	0	99	47	0	9
0	112	0	100	47	0	4
0	112	0	101	47	0	12
0	112	0	102	47	0	11
0	112	0	103	47	0	17
0	112	0	104	47	0	7
0	112	0	105	47	0	1
0	112	0	106	47	0	10
0	112	0	107	47	0	21
0	112	0	109	47	0	5
0	112	0	110	47	0	3
0	112	0	111	47	0	4
0	112	0	112	47	0	6
0	112	0	113	47	0	8
0	112	0	114	47	0	7
0	112	0	115	47	0	7
0	112	0	116	47	0	1
0	112	0	117	47	0	2
0	112	0	93	46	0	13
0	112	0	94	46	0	4
0	112	0	95	46	0	21
0	112	0	96	46	0	5
0	112	0	97	46	0	6
0	112	0	98	46	0	4
0	112	0	99	46	0	6
0	112	0	100	46	0	16
0	112	0	101	46	0	7
0	112	0	102	46	0	11
0	112	0	103	46	0	7
0	112	0	104	46	0	14
0	112	0	105	46	0	5
0	112	0	106	46	0	4
0	112	0	107	46	0	15
0	112	0	110	46	0	1
0	112	0	111	46	0	6
0	112	0	112	46	0	9
0	112	0	113	46	0	0
0	112	0	114	46	0	11
0	112	0	115	46	0	5
0	112	0	116	46	0	19
0	112	0	117	46	0	2
0	112	0	93	45	0	5
0	112	0	94	45	0	4
0	112	0	95	45	0	8
0	112	0	96	45	0	10
0	112	0	97	45	0	2
0	112	0	98	45	0	7
0	112	0	99	45	0	10
0	112	0	100	45	0	6
0	112	0	101	45	0	6
0	112	0	102	45	0	13
0	112	0	103	45	0	10
0	112	0	104	45	0	2
0	112	0	106	45	0	12
0	112	0	110	45	0	0
0	112	0	111	45	0	10
0	112	0	112	45	0	6
0	112	0	113	45	0	4
0	112	0	114	45	0	6
0	112	0	115	45	0	7
0	112	0	116	45	0	3
0	112	0	117	45	0	7
0	112	0	118	45	0	7
0	112	0	94	44	0	7
0	112	0	95	44	0	14
0	112	0	96	44	0	6
0	112	0	97	44	0	10
0	112	0	98	44	0	4
0	112	0	99	44	0	15
0	112	0	100	44	0	9
0	112	0	101	44	0	3
0	112	0	102	44	0	6
0	112	0	111	44	0	7
0	112	0	112	44	0	9
0	112	0	113	44	0	6
0	112	0	114	44	0	9
0	112	0	115	44	0	8
0	112	0	116	44	0	1
0	112	0	95	43	0	7
0	112	0	96	43	0	6
0	112	0	97	43	0	5
0	112	0	98	43	0	8
0	112	0	99	43	0	6
0	112	0	100	43	0	6
0	112	0	101	43	0	2
0	112	0	111	43	0	1
0	112	0	112	43	0	7
0	112	0	113	43	0	2
0	112	0	114	43	0	6
0	112	0	115	43	0	0
0	112	0	116	43	0	4
0	112	0	117	43	0	0
0	112	0	95	42	0	11
0	112	0	96	42	0	11
0	112	0	97	42	0	4
0	112	0	98	42	0	10
0	112	0	99	42	0	9
0	112	0	100	42	0	6
0	112	0	112	42	0	0
0	112	0	113	42	0	4
0	112	0	114	42	0	5
0	112	0	115	42	0	2
0	112	0	116	42	0	0
0	112	0	95	41	0	10
0	112	0	96	41	0	1
0	112	0	97	41	0	7
0	112	0	98	41	0	3
0	112	0	99	41	0	1
0	112	0	113	41	0	1
0	112	0	97	39	0	7
0	112	0	94	38	0	4
0	112	0	95	38	0	5
0	112	0	96	38	0	9
0	112	0	97	38	0	10
0	112	0	98	38	0	5
0	112	0	92	37	0	0
0	112	0	93	37	0	7
0	112	0	94	37	0	6
0	112	0	95	37	0	0
0	112	0	96	37	0	6
0	112	0	97	37	0	8
0	112	0	98	37	0	6
0	112	0	99	37	0	1
0	112	0	100	37	0	5
0	112	0	101	37	0	5
0	112	0	91	36	0	1
0	112	0	92	36	0	1
0	112	0	93	36	0	11
0	112	0	94	36	0	9
0	112	0	95	36	0	15
0	112	0	96	36	0	5
0	112	0	97	36	0	3
0	112	0	98	36	0	2
0	112	0	99	36	0	0
0	112	0	100	36	0	3
0	112	0	101	36	0	0
0	112	0	91	35	0	3
0	112	0	92	35	0	1
0	112	0	93	35	0	1
0	112	0	94	35	0	0
0	112	0	95	35	0	2
0	112	0	96	35	0	4
0	112	0	97	35	0	0
0	112	0	98	35	0	7
0	112	0	99	35	0	1
0	112	0	100	35	0	0
0	112	0	101	35	0	1
0	112	0	102	35	0	0
0	112	0	92	34	0	1
0	112	0	93	34	0	8
0	112	0	94	34	0	2
0	112	0	95	34	0	9
0	112	0	96	34	0	1
0	112	0	97	34	0	3
0	112	0	99	34	0	9
0	112	0	100	34	0	7
0	112	0	101	34	0	0
0	112	0	102	34	0	3
0	112	0	93	33	0	1
0	112	0	94	33	0	5
0	112	0	95	33	0	0
0	112	0	96	33	0	4
0	112	0	97	33	0	7
0	112	0	98	33	0	0
0	112	0	99	33	0	4
0	112	0	100	33	0	8
0	112	0	101	33	0	3
0	112	0	102	33	0	0
0	112	0	94	32	0	4
0	112	0	95	32	0	0
0	112	0	96	32	0	6
0	112	0	97	32	0	1
0	112	0	98	32	0	0
0	112	0	99	32	0	1
0	112	0	100	32	0	0
0	112	0	101	32	0	0
0	112	0	102	32	0	2
0	112	0	92	31	0	2
0	112	0	96	31	0	3
0	112	0	97	31	0	0
0	112	0	98	31	0	1
0	112	0	99	31	0	4
0	112	0	100	31	0	7
0	112	0	95	30	0	0
0	112	0	101	30	0	2
0	112	0	103	30	0	0
0	112	0	97	29	0	0
0	112	0	99	29	0	0
0	112	0	100	29	0	5
0	112	0	97	28	0	1
0	112	0	98	28	0	2
0	112	0	103	28	0	1
0	112	0	95	27	0	2
0	112	0	99	27	0	2
0	112	0	98	26	0	2
0	112	0	99	26	0	8
0	112	0	101	26	0	0
0	112	0	99	25	0	3
0	112	0	99	24	0	3
0	112	0	101	22	0	0
0	113	0	95	73	0	5
0	113	0	95	72	0	13
0	113	0	96	72	0	3
0	113	0	97	72	0	11
0	113	0	98	72	0	10
0	113	0	99	72	0	11
0	113	0	100	72	0	6
0	113	0	90	71	0	0
0	113	0	91	71	0	7
0	113	0	92	71	0	5
0	113	0	93	71	0	3
0	113	0	94	71	0	3
0	113	0	95	71	0	9
0	113	0	96	71	0	2
0	113	0	97	71	0	10
0	113	0	98	71	0	6
0	113	0	99	71	0	10
0	113	0	100	71	0	6
0	113	0	101	71	0	5
0	113	0	102	71	0	11
0	113	0	89	70	0	1
0	113	0	90	70	0	3
0	113	0	91	70	0	2
0	113	0	92	70	0	7
0	113	0	93	70	0	9
0	113	0	94	70	0	8
0	113	0	95	70	0	12
0	113	0	96	70	0	5
0	113	0	97	70	0	9
0	113	0	98	70	0	8
0	113	0	99	70	0	12
0	113	0	100	70	0	8
0	113	0	101	70	0	3
0	113	0	102	70	0	6
0	113	0	87	69	0	11
0	113	0	88	69	0	10
0	113	0	89	69	0	3
0	113	0	90	69	0	5
0	113	0	91	69	0	5
0	113	0	92	69	0	6
0	113	0	93	69	0	8
0	113	0	94	69	0	10
0	113	0	95	69	0	2
0	113	0	96	69	0	16
0	113	0	97	69	0	1
0	113	0	98	69	0	19
0	113	0	99	69	0	9
0	113	0	100	69	0	12
0	113	0	101	69	0	9
0	113	0	102	69	0	3
0	113	0	86	68	0	11
0	113	0	87	68	0	5
0	113	0	88	68	0	6
0	113	0	89	68	0	7
0	113	0	90	68	0	18
0	113	0	91	68	0	11
0	113	0	92	68	0	3
0	113	0	93	68	0	3
0	113	0	94	68	0	9
0	113	0	95	68	0	4
0	113	0	96	68	0	12
0	113	0	97	68	0	6
0	113	0	98	68	0	8
0	113	0	99	68	0	5
0	113	0	100	68	0	16
0	113	0	101	68	0	5
0	113	0	102	68	0	8
0	113	0	86	67	0	0
0	113	0	87	67	0	3
0	113	0	88	67	0	0
0	113	0	89	67	0	7
0	113	0	90	67	0	4
0	113	0	91	67	0	3
0	113	0	92	67	0	6
0	113	0	93	67	0	4
0	113	0	94	67	0	11
0	113	0	95	67	0	12
0	113	0	96	67	0	6
0	113	0	97	67	0	2
0	113	0	98	67	0	14
0	113	0	99	67	0	4
0	113	0	100	67	0	10
0	113	0	101	67	0	14
0	113	0	102	67	0	10
0	113	0	87	66	0	9
0	113	0	88	66	0	8
0	113	0	89	66	0	2
0	113	0	90	66	0	9
0	113	0	91	66	0	9
0	113	0	92	66	0	7
0	113	0	93	66	0	17
0	113	0	94	66	0	14
0	113	0	95	66	0	11
0	113	0	96	66	0	13
0	113	0	97	66	0	11
0	113	0	98	66	0	10
0	113	0	99	66	0	2
0	113	0	100	66	0	10
0	113	0	101	66	0	9
0	113	0	102	66	0	9
0	113	0	87	65	0	0
0	113	0	88	65	0	11
0	113	0	89	65	0	11
0	113	0	90	65	0	10
0	113	0	91	65	0	12
0	113	0	92	65	0	4
0	113	0	93	65	0	14
0	113	0	94	65	0	8
0	113	0	95	65	0	10
0	113	0	96	65	0	8
0	113	0	97	65	0	10
0	113	0	98	65	0	7
0	113	0	99	65	0	8
0	113	0	100	65	0	8
0	113	0	101	65	0	7
0	113	0	102	65	0	4
0	113	0	103	65	0	10
0	113	0	87	64	0	8
0	113	0	88	64	0	4
0	113	0	89	64	0	1
0	113	0	90	64	0	4
0	113	0	91	64	0	13
0	113	0	92	64	0	1
0	113	0	93	64	0	12
0	113	0	94	64	0	14
0	113	0	95	64	0	16
0	113	0	96	64	0	14
0	113	0	97	64	0	8
0	113	0	98	64	0	4
0	113	0	99	64	0	12
0	113	0	100	64	0	5
0	113	0	101	64	0	3
0	113	0	102	64	0	8
0	113	0	103	64	0	1
0	113	0	86	63	0	1
0	113	0	87	63	0	5
0	113	0	88	63	0	11
0	113	0	89	63	0	12
0	113	0	90	63	0	6
0	113	0	91	63	0	7
0	113	0	92	63	0	12
0	113	0	93	63	0	1
0	113	0	94	63	0	16
0	113	0	95	63	0	5
0	113	0	96	63	0	11
0	113	0	97	63	0	5
0	113	0	98	63	0	6
0	113	0	99	63	0	5
0	113	0	100	63	0	3
0	113	0	101	63	0	6
0	113	0	102	63	0	4
0	113	0	103	63	0	10
0	113	0	87	62	0	12
0	113	0	88	62	0	16
0	113	0	89	62	0	5
0	113	0	90	62	0	6
0	113	0	91	62	0	15
0	113	0	92	62	0	13
0	113	0	93	62	0	18
0	113	0	94	62	0	7
0	113	0	95	62	0	1
0	113	0	96	62	0	12
0	113	0	97	62	0	5
0	113	0	98	62	0	7
0	113	0	99	62	0	10
0	113	0	100	62	0	4
0	113	0	101	62	0	0
0	113	0	102	62	0	8
0	113	0	87	61	0	2
0	113	0	88	61	0	10
0	113	0	89	61	0	6
0	113	0	90	61	0	10
0	113	0	91	61	0	3
0	113	0	92	61	0	8
0	113	0	93	61	0	11
0	113	0	94	61	0	9
0	113	0	95	61	0	2
0	113	0	96	61	0	6
0	113	0	97	61	0	13
0	113	0	98	61	0	8
0	113	0	99	61	0	19
0	113	0	100	61	0	10
0	113	0	88	60	0	4
0	113	0	89	60	0	10
0	113	0	90	60	0	7
0	113	0	91	60	0	10
0	113	0	92	60	0	11
0	113	0	93	60	0	13
0	113	0	94	60	0	10
0	113	0	95	60	0	1
0	113	0	96	60	0	4
0	113	0	88	59	0	13
0	113	0	89	59	0	5
0	113	0	90	59	0	13
0	113	0	91	59	0	7
0	113	0	92	59	0	9
0	113	0	93	59	0	6
0	113	0	94	59	0	6
0	113	0	95	59	0	7
0	113	0	89	58	0	0
0	113	0	90	58	0	4
0	113	0	91	58	0	1
0	113	0	92	58	0	8
0	113	0	93	58	0	5
0	113	0	94	58	0	7
0	113	0	91	57	0	14
0	113	0	92	57	0	7
0	113	0	93	57	0	3
0	113	0	96	55	0	10
0	113	0	94	54	0	5
0	113	0	95	54	0	11
0	113	0	96	54	0	10
0	113	0	97	54	0	8
0	113	0	101	54	0	9
0	113	0	102	54	0	15
0	113	0	103	54	0	14
0	113	0	104	54	0	5
0	113	0	93	53	0	9
0	113	0	94	53	0	11
0	113	0	95	53	0	7
0	113	0	96	53	0	7
0	113	0	97	53	0	0
0	113	0	98	53	0	13
0	113	0	99	53	0	4
0	113	0	100	53	0	5
0	113	0	101	53	0	9
0	113	0	102	53	0	14
0	113	0	103	53	0	10
0	113	0	104	53	0	12
0	113	0	105	53	0	8
0	113	0	106	53	0	15
0	113	0	93	52	0	13
0	113	0	94	52	0	7
0	113	0	95	52	0	7
0	113	0	96	52	0	6
0	113	0	97	52	0	7
0	113	0	98	52	0	4
0	113	0	99	52	0	2
0	113	0	100	52	0	7
0	113	0	101	52	0	7
0	113	0	102	52	0	15
0	113	0	103	52	0	17
0	113	0	104	52	0	4
0	113	0	105	52	0	3
0	113	0	106	52	0	10
0	113	0	107	52	0	5
0	113	0	93	51	0	8
0	113	0	94	51	0	2
0	113	0	95	51	0	6
0	113	0	96	51	0	16
0	113	0	97	51	0	10
0	113	0	98	51	0	6
0	113	0	99	51	0	2
0	113	0	100	51	0	8
0	113	0	101	51	0	9
0	113	0	102	51	0	13
0	113	0	103	51	0	6
0	113	0	104	51	0	11
0	113	0	105	51	0	8
0	113	0	106	51	0	0
0	113	0	107	51	0	5
0	113	0	93	50	0	2
0	113	0	94	50	0	9
0	113	0	95	50	0	7
0	113	0	96	50	0	5
0	113	0	97	50	0	23
0	113	0	98	50	0	10
0	113	0	99	50	0	9
0	113	0	100	50	0	2
0	113	0	101	50	0	6
0	113	0	102	50	0	10
0	113	0	103	50	0	9
0	113	0	104	50	0	0
0	113	0	105	50	0	7
0	113	0	106	50	0	14
0	113	0	107	50	0	21
0	113	0	93	49	0	7
0	113	0	94	49	0	4
0	113	0	95	49	0	8
0	113	0	96	49	0	17
0	113	0	97	49	0	11
0	113	0	98	49	0	6
0	113	0	99	49	0	11
0	113	0	100	49	0	5
0	113	0	101	49	0	6
0	113	0	102	49	0	3
0	113	0	103	49	0	11
0	113	0	104	49	0	6
0	113	0	105	49	0	11
0	113	0	106	49	0	6
0	113	0	107	49	0	5
0	113	0	108	49	0	0
0	113	0	94	48	0	6
0	113	0	95	48	0	7
0	113	0	96	48	0	14
0	113	0	97	48	0	6
0	113	0	98	48	0	7
0	113	0	99	48	0	10
0	113	0	100	48	0	9
0	113	0	101	48	0	8
0	113	0	102	48	0	2
0	113	0	103	48	0	6
0	113	0	104	48	0	7
0	113	0	105	48	0	7
0	113	0	106	48	0	3
0	113	0	107	48	0	4
0	113	0	110	48	0	6
0	113	0	111	48	0	7
0	113	0	112	48	0	6
0	113	0	113	48	0	0
0	113	0	114	48	0	5
0	113	0	115	48	0	7
0	113	0	94	47	0	9
0	113	0	95	47	0	2
0	113	0	96	47	0	14
0	113	0	97	47	0	10
0	113	0	98	47	0	5
0	113	0	99	47	0	8
0	113	0	100	47	0	1
0	113	0	101	47	0	10
0	113	0	102	47	0	12
0	113	0	103	47	0	16
0	113	0	104	47	0	6
0	113	0	105	47	0	1
0	113	0	106	47	0	15
0	113	0	107	47	0	15
0	113	0	109	47	0	2
0	113	0	110	47	0	4
0	113	0	111	47	0	2
0	113	0	112	47	0	9
0	113	0	113	47	0	8
0	113	0	114	47	0	7
0	113	0	115	47	0	6
0	113	0	116	47	0	1
0	113	0	117	47	0	4
0	113	0	93	46	0	14
0	113	0	94	46	0	7
0	113	0	95	46	0	14
0	113	0	96	46	0	7
0	113	0	97	46	0	7
0	113	0	98	46	0	3
0	113	0	99	46	0	14
0	113	0	100	46	0	14
0	113	0	101	46	0	9
0	113	0	102	46	0	11
0	113	0	103	46	0	7
0	113	0	104	46	0	17
0	113	0	105	46	0	3
0	113	0	106	46	0	4
0	113	0	107	46	0	13
0	113	0	110	46	0	3
0	113	0	111	46	0	5
0	113	0	112	46	0	15
0	113	0	113	46	0	0
0	113	0	114	46	0	10
0	113	0	115	46	0	7
0	113	0	116	46	0	15
0	113	0	117	46	0	4
0	113	0	93	45	0	2
0	113	0	94	45	0	7
0	113	0	95	45	0	9
0	113	0	96	45	0	4
0	113	0	97	45	0	5
0	113	0	98	45	0	7
0	113	0	99	45	0	8
0	113	0	100	45	0	5
0	113	0	101	45	0	7
0	113	0	102	45	0	10
0	113	0	103	45	0	9
0	113	0	104	45	0	0
0	113	0	106	45	0	17
0	113	0	110	45	0	0
0	113	0	111	45	0	7
0	113	0	112	45	0	8
0	113	0	113	45	0	3
0	113	0	114	45	0	7
0	113	0	115	45	0	7
0	113	0	116	45	0	4
0	113	0	117	45	0	5
0	113	0	118	45	0	6
0	113	0	94	44	0	6
0	113	0	95	44	0	14
0	113	0	96	44	0	6
0	113	0	97	44	0	4
0	113	0	98	44	0	6
0	113	0	99	44	0	14
0	113	0	100	44	0	12
0	113	0	101	44	0	2
0	113	0	102	44	0	3
0	113	0	111	44	0	12
0	113	0	112	44	0	9
0	113	0	113	44	0	2
0	113	0	114	44	0	10
0	113	0	115	44	0	5
0	113	0	116	44	0	1
0	113	0	95	43	0	6
0	113	0	96	43	0	6
0	113	0	97	43	0	9
0	113	0	98	43	0	15
0	113	0	99	43	0	2
0	113	0	100	43	0	4
0	113	0	101	43	0	2
0	113	0	111	43	0	4
0	113	0	112	43	0	8
0	113	0	113	43	0	1
0	113	0	114	43	0	5
0	113	0	115	43	0	0
0	113	0	116	43	0	5
0	113	0	117	43	0	0
0	113	0	95	42	0	16
0	113	0	96	42	0	6
0	113	0	97	42	0	5
0	113	0	98	42	0	19
0	113	0	99	42	0	10
0	113	0	100	42	0	4
0	113	0	112	42	0	0
0	113	0	113	42	0	5
0	113	0	114	42	0	5
0	113	0	115	42	0	4
0	113	0	116	42	0	0
0	113	0	95	41	0	6
0	113	0	96	41	0	4
0	113	0	97	41	0	5
0	113	0	98	41	0	3
0	113	0	99	41	0	0
0	113	0	113	41	0	0
0	113	0	97	39	0	2
0	113	0	94	38	0	5
0	113	0	95	38	0	9
0	113	0	96	38	0	18
0	113	0	97	38	0	16
0	113	0	98	38	0	5
0	113	0	92	37	0	0
0	113	0	93	37	0	7
0	113	0	94	37	0	5
0	113	0	95	37	0	0
0	113	0	96	37	0	10
0	113	0	97	37	0	11
0	113	0	98	37	0	7
0	113	0	99	37	0	3
0	113	0	100	37	0	7
0	113	0	101	37	0	4
0	113	0	91	36	0	0
0	113	0	92	36	0	1
0	113	0	93	36	0	8
0	113	0	94	36	0	7
0	113	0	95	36	0	14
0	113	0	96	36	0	10
0	113	0	97	36	0	2
0	113	0	98	36	0	4
0	113	0	99	36	0	0
0	113	0	100	36	0	2
0	113	0	101	36	0	0
0	113	0	91	35	0	6
0	113	0	92	35	0	1
0	113	0	93	35	0	1
0	113	0	94	35	0	1
0	113	0	95	35	0	3
0	113	0	96	35	0	8
0	113	0	97	35	0	1
0	113	0	98	35	0	11
0	113	0	99	35	0	1
0	113	0	100	35	0	0
0	113	0	101	35	0	3
0	113	0	102	35	0	0
0	113	0	92	34	0	1
0	113	0	93	34	0	6
0	113	0	94	34	0	3
0	113	0	95	34	0	10
0	113	0	96	34	0	4
0	113	0	97	34	0	2
0	113	0	98	34	0	1
0	113	0	99	34	0	11
0	113	0	100	34	0	8
0	113	0	101	34	0	0
0	113	0	102	34	0	2
0	113	0	93	33	0	0
0	113	0	94	33	0	7
0	113	0	95	33	0	0
0	113	0	96	33	0	6
0	113	0	97	33	0	10
0	113	0	98	33	0	0
0	113	0	99	33	0	7
0	113	0	100	33	0	8
0	113	0	101	33	0	6
0	113	0	102	33	0	0
0	113	0	94	32	0	2
0	113	0	95	32	0	1
0	113	0	96	32	0	5
0	113	0	97	32	0	2
0	113	0	98	32	0	0
0	113	0	99	32	0	3
0	113	0	100	32	0	0
0	113	0	101	32	0	0
0	113	0	102	32	0	5
0	113	0	92	31	0	5
0	113	0	96	31	0	2
0	113	0	97	31	0	0
0	113	0	98	31	0	3
0	113	0	99	31	0	3
0	113	0	100	31	0	9
0	113	0	95	30	0	0
0	113	0	101	30	0	5
0	113	0	103	30	0	0
0	113	0	97	29	0	0
0	113	0	99	29	0	0
0	113	0	100	29	0	1
0	113	0	97	28	0	3
0	113	0	98	28	0	0
0	113	0	103	28	0	1
0	113	0	105	28	0	1
0	113	0	95	27	0	7
0	113	0	99	27	0	2
0	113	0	97	26	0	1
0	113	0	98	26	0	3
0	113	0	99	26	0	11
0	113	0	101	26	0	0
0	113	0	99	25	0	1
0	113	0	100	25	0	1
0	113	0	99	24	0	7
0	113	0	101	22	0	0
0	114	0	95	73	0	10
0	114	0	95	72	0	15
0	114	0	96	72	0	4
0	114	0	97	72	0	11
0	114	0	98	72	0	8
0	114	0	99	72	0	7
0	114	0	100	72	0	6
0	114	0	90	71	0	0
0	114	0	91	71	0	5
0	114	0	92	71	0	5
0	114	0	93	71	0	3
0	114	0	94	71	0	2
0	114	0	95	71	0	9
0	114	0	96	71	0	2
0	114	0	97	71	0	11
0	114	0	98	71	0	2
0	114	0	99	71	0	11
0	114	0	100	71	0	7
0	114	0	101	71	0	6
0	114	0	102	71	0	15
0	114	0	89	70	0	0
0	114	0	90	70	0	3
0	114	0	91	70	0	2
0	114	0	92	70	0	7
0	114	0	93	70	0	7
0	114	0	94	70	0	9
0	114	0	95	70	0	4
0	114	0	96	70	0	6
0	114	0	97	70	0	4
0	114	0	98	70	0	6
0	114	0	99	70	0	7
0	114	0	100	70	0	17
0	114	0	101	70	0	4
0	114	0	102	70	0	6
0	114	0	87	69	0	7
0	114	0	88	69	0	7
0	114	0	89	69	0	7
0	114	0	90	69	0	7
0	114	0	91	69	0	4
0	114	0	92	69	0	1
0	114	0	93	69	0	7
0	114	0	94	69	0	5
0	114	0	95	69	0	3
0	114	0	96	69	0	4
0	114	0	97	69	0	3
0	114	0	98	69	0	16
0	114	0	99	69	0	8
0	114	0	100	69	0	8
0	114	0	101	69	0	8
0	114	0	102	69	0	10
0	114	0	86	68	0	12
0	114	0	87	68	0	3
0	114	0	88	68	0	8
0	114	0	89	68	0	7
0	114	0	90	68	0	14
0	114	0	91	68	0	8
0	114	0	92	68	0	6
0	114	0	93	68	0	7
0	114	0	94	68	0	12
0	114	0	95	68	0	6
0	114	0	96	68	0	14
0	114	0	97	68	0	7
0	114	0	98	68	0	4
0	114	0	99	68	0	7
0	114	0	100	68	0	10
0	114	0	101	68	0	7
0	114	0	102	68	0	10
0	114	0	86	67	0	0
0	114	0	87	67	0	2
0	114	0	88	67	0	0
0	114	0	89	67	0	10
0	114	0	90	67	0	5
0	114	0	91	67	0	7
0	114	0	92	67	0	6
0	114	0	93	67	0	5
0	114	0	94	67	0	10
0	114	0	95	67	0	11
0	114	0	96	67	0	9
0	114	0	97	67	0	4
0	114	0	98	67	0	12
0	114	0	99	67	0	0
0	114	0	100	67	0	13
0	114	0	101	67	0	15
0	114	0	102	67	0	5
0	114	0	87	66	0	4
0	114	0	88	66	0	8
0	114	0	89	66	0	2
0	114	0	90	66	0	10
0	114	0	91	66	0	12
0	114	0	92	66	0	7
0	114	0	93	66	0	18
0	114	0	94	66	0	8
0	114	0	95	66	0	6
0	114	0	96	66	0	13
0	114	0	97	66	0	11
0	114	0	98	66	0	11
0	114	0	99	66	0	3
0	114	0	100	66	0	7
0	114	0	101	66	0	11
0	114	0	102	66	0	10
0	114	0	87	65	0	0
0	114	0	88	65	0	5
0	114	0	89	65	0	12
0	114	0	90	65	0	9
0	114	0	91	65	0	7
0	114	0	92	65	0	3
0	114	0	93	65	0	13
0	114	0	94	65	0	15
0	114	0	95	65	0	11
0	114	0	96	65	0	4
0	114	0	97	65	0	15
0	114	0	98	65	0	9
0	114	0	99	65	0	8
0	114	0	100	65	0	6
0	114	0	101	65	0	7
0	114	0	102	65	0	5
0	114	0	103	65	0	9
0	114	0	87	64	0	10
0	114	0	88	64	0	5
0	114	0	89	64	0	0
0	114	0	90	64	0	5
0	114	0	91	64	0	8
0	114	0	92	64	0	3
0	114	0	93	64	0	10
0	114	0	94	64	0	10
0	114	0	95	64	0	15
0	114	0	96	64	0	9
0	114	0	97	64	0	6
0	114	0	98	64	0	4
0	114	0	99	64	0	13
0	114	0	100	64	0	4
0	114	0	101	64	0	2
0	114	0	102	64	0	8
0	114	0	103	64	0	1
0	114	0	86	63	0	0
0	114	0	87	63	0	4
0	114	0	88	63	0	13
0	114	0	89	63	0	15
0	114	0	90	63	0	6
0	114	0	91	63	0	13
0	114	0	92	63	0	9
0	114	0	93	63	0	0
0	114	0	94	63	0	9
0	114	0	95	63	0	6
0	114	0	96	63	0	11
0	114	0	97	63	0	7
0	114	0	98	63	0	7
0	114	0	99	63	0	6
0	114	0	100	63	0	6
0	114	0	101	63	0	11
0	114	0	102	63	0	5
0	114	0	103	63	0	12
0	114	0	87	62	0	8
0	114	0	88	62	0	12
0	114	0	89	62	0	4
0	114	0	90	62	0	4
0	114	0	91	62	0	11
0	114	0	92	62	0	11
0	114	0	93	62	0	23
0	114	0	94	62	0	8
0	114	0	95	62	0	2
0	114	0	96	62	0	17
0	114	0	97	62	0	10
0	114	0	98	62	0	8
0	114	0	99	62	0	12
0	114	0	100	62	0	7
0	114	0	101	62	0	1
0	114	0	102	62	0	9
0	114	0	87	61	0	5
0	114	0	88	61	0	12
0	114	0	89	61	0	5
0	114	0	90	61	0	11
0	114	0	91	61	0	3
0	114	0	92	61	0	8
0	114	0	93	61	0	10
0	114	0	94	61	0	8
0	114	0	95	61	0	4
0	114	0	96	61	0	4
0	114	0	97	61	0	19
0	114	0	98	61	0	6
0	114	0	99	61	0	13
0	114	0	100	61	0	8
0	114	0	88	60	0	9
0	114	0	89	60	0	7
0	114	0	90	60	0	6
0	114	0	91	60	0	11
0	114	0	92	60	0	8
0	114	0	93	60	0	9
0	114	0	94	60	0	12
0	114	0	95	60	0	2
0	114	0	96	60	0	1
0	114	0	88	59	0	9
0	114	0	89	59	0	6
0	114	0	90	59	0	8
0	114	0	91	59	0	9
0	114	0	92	59	0	14
0	114	0	93	59	0	3
0	114	0	94	59	0	11
0	114	0	95	59	0	10
0	114	0	89	58	0	1
0	114	0	90	58	0	3
0	114	0	91	58	0	2
0	114	0	92	58	0	6
0	114	0	93	58	0	4
0	114	0	94	58	0	5
0	114	0	91	57	0	13
0	114	0	92	57	0	10
0	114	0	93	57	0	4
0	114	0	96	55	0	5
0	114	0	94	54	0	5
0	114	0	95	54	0	9
0	114	0	96	54	0	5
0	114	0	97	54	0	5
0	114	0	101	54	0	8
0	114	0	102	54	0	9
0	114	0	103	54	0	8
0	114	0	104	54	0	5
0	114	0	93	53	0	12
0	114	0	94	53	0	10
0	114	0	95	53	0	7
0	114	0	96	53	0	5
0	114	0	97	53	0	1
0	114	0	98	53	0	12
0	114	0	99	53	0	2
0	114	0	100	53	0	1
0	114	0	101	53	0	12
0	114	0	102	53	0	15
0	114	0	103	53	0	4
0	114	0	104	53	0	10
0	114	0	105	53	0	6
0	114	0	106	53	0	20
0	114	0	93	52	0	10
0	114	0	94	52	0	8
0	114	0	95	52	0	6
0	114	0	96	52	0	12
0	114	0	97	52	0	2
0	114	0	98	52	0	5
0	114	0	99	52	0	2
0	114	0	100	52	0	6
0	114	0	101	52	0	9
0	114	0	102	52	0	7
0	114	0	103	52	0	12
0	114	0	104	52	0	5
0	114	0	105	52	0	1
0	114	0	106	52	0	9
0	114	0	107	52	0	5
0	114	0	93	51	0	5
0	114	0	94	51	0	1
0	114	0	95	51	0	8
0	114	0	96	51	0	23
0	114	0	97	51	0	8
0	114	0	98	51	0	14
0	114	0	99	51	0	4
0	114	0	100	51	0	7
0	114	0	101	51	0	12
0	114	0	102	51	0	11
0	114	0	103	51	0	9
0	114	0	104	51	0	7
0	114	0	105	51	0	12
0	114	0	106	51	0	0
0	114	0	107	51	0	5
0	114	0	93	50	0	4
0	114	0	94	50	0	12
0	114	0	95	50	0	7
0	114	0	96	50	0	6
0	114	0	97	50	0	14
0	114	0	98	50	0	3
0	114	0	99	50	0	9
0	114	0	100	50	0	7
0	114	0	101	50	0	5
0	114	0	102	50	0	12
0	114	0	103	50	0	10
0	114	0	104	50	0	3
0	114	0	105	50	0	10
0	114	0	106	50	0	15
0	114	0	107	50	0	15
0	114	0	93	49	0	4
0	114	0	94	49	0	3
0	114	0	95	49	0	8
0	114	0	96	49	0	17
0	114	0	97	49	0	10
0	114	0	98	49	0	6
0	114	0	99	49	0	13
0	114	0	100	49	0	6
0	114	0	101	49	0	6
0	114	0	102	49	0	2
0	114	0	103	49	0	12
0	114	0	104	49	0	6
0	114	0	105	49	0	9
0	114	0	106	49	0	2
0	114	0	107	49	0	3
0	114	0	108	49	0	0
0	114	0	94	48	0	7
0	114	0	95	48	0	9
0	114	0	96	48	0	11
0	114	0	97	48	0	4
0	114	0	98	48	0	9
0	114	0	99	48	0	11
0	114	0	100	48	0	7
0	114	0	101	48	0	6
0	114	0	102	48	0	6
0	114	0	103	48	0	6
0	114	0	104	48	0	9
0	114	0	105	48	0	6
0	114	0	106	48	0	2
0	114	0	107	48	0	2
0	114	0	110	48	0	6
0	114	0	111	48	0	5
0	114	0	112	48	0	2
0	114	0	113	48	0	1
0	114	0	114	48	0	10
0	114	0	115	48	0	9
0	114	0	94	47	0	5
0	114	0	95	47	0	3
0	114	0	96	47	0	9
0	114	0	97	47	0	8
0	114	0	98	47	0	5
0	114	0	99	47	0	4
0	114	0	100	47	0	3
0	114	0	101	47	0	8
0	114	0	102	47	0	8
0	114	0	103	47	0	13
0	114	0	104	47	0	9
0	114	0	105	47	0	2
0	114	0	106	47	0	12
0	114	0	107	47	0	10
0	114	0	109	47	0	3
0	114	0	110	47	0	5
0	114	0	111	47	0	8
0	114	0	112	47	0	5
0	114	0	113	47	0	8
0	114	0	114	47	0	9
0	114	0	115	47	0	7
0	114	0	116	47	0	2
0	114	0	117	47	0	2
0	114	0	93	46	0	9
0	114	0	94	46	0	8
0	114	0	95	46	0	9
0	114	0	96	46	0	11
0	114	0	97	46	0	14
0	114	0	98	46	0	5
0	114	0	99	46	0	15
0	114	0	100	46	0	13
0	114	0	101	46	0	7
0	114	0	102	46	0	4
0	114	0	103	46	0	8
0	114	0	104	46	0	10
0	114	0	105	46	0	1
0	114	0	106	46	0	5
0	114	0	107	46	0	14
0	114	0	110	46	0	1
0	114	0	111	46	0	6
0	114	0	112	46	0	6
0	114	0	113	46	0	0
0	114	0	114	46	0	12
0	114	0	115	46	0	7
0	114	0	116	46	0	16
0	114	0	117	46	0	3
0	114	0	93	45	0	3
0	114	0	94	45	0	8
0	114	0	95	45	0	5
0	114	0	96	45	0	6
0	114	0	97	45	0	5
0	114	0	98	45	0	9
0	114	0	99	45	0	9
0	114	0	100	45	0	6
0	114	0	101	45	0	9
0	114	0	102	45	0	6
0	114	0	103	45	0	8
0	114	0	104	45	0	0
0	114	0	106	45	0	12
0	114	0	110	45	0	2
0	114	0	111	45	0	8
0	114	0	112	45	0	15
0	114	0	113	45	0	3
0	114	0	114	45	0	9
0	114	0	115	45	0	7
0	114	0	116	45	0	6
0	114	0	117	45	0	6
0	114	0	118	45	0	10
0	114	0	94	44	0	6
0	114	0	95	44	0	12
0	114	0	96	44	0	6
0	114	0	97	44	0	8
0	114	0	98	44	0	5
0	114	0	99	44	0	11
0	114	0	100	44	0	12
0	114	0	101	44	0	1
0	114	0	102	44	0	8
0	114	0	111	44	0	6
0	114	0	112	44	0	13
0	114	0	113	44	0	2
0	114	0	114	44	0	10
0	114	0	115	44	0	10
0	114	0	116	44	0	1
0	114	0	95	43	0	7
0	114	0	96	43	0	7
0	114	0	97	43	0	5
0	114	0	98	43	0	5
0	114	0	99	43	0	1
0	114	0	100	43	0	5
0	114	0	101	43	0	1
0	114	0	111	43	0	4
0	114	0	112	43	0	14
0	114	0	113	43	0	1
0	114	0	114	43	0	10
0	114	0	115	43	0	0
0	114	0	116	43	0	3
0	114	0	117	43	0	1
0	114	0	95	42	0	9
0	114	0	96	42	0	9
0	114	0	97	42	0	5
0	114	0	98	42	0	10
0	114	0	99	42	0	10
0	114	0	100	42	0	4
0	114	0	112	42	0	0
0	114	0	113	42	0	3
0	114	0	114	42	0	2
0	114	0	115	42	0	4
0	114	0	116	42	0	1
0	114	0	95	41	0	8
0	114	0	96	41	0	6
0	114	0	97	41	0	3
0	114	0	98	41	0	5
0	114	0	99	41	0	0
0	114	0	113	41	0	0
0	114	0	97	39	0	4
0	114	0	94	38	0	4
0	114	0	95	38	0	8
0	114	0	96	38	0	16
0	114	0	97	38	0	7
0	114	0	98	38	0	5
0	114	0	92	37	0	0
0	114	0	93	37	0	8
0	114	0	94	37	0	6
0	114	0	95	37	0	1
0	114	0	96	37	0	5
0	114	0	97	37	0	13
0	114	0	98	37	0	11
0	114	0	99	37	0	2
0	114	0	100	37	0	8
0	114	0	101	37	0	3
0	114	0	91	36	0	0
0	114	0	92	36	0	2
0	114	0	93	36	0	10
0	114	0	94	36	0	3
0	114	0	95	36	0	11
0	114	0	96	36	0	8
0	114	0	97	36	0	4
0	114	0	98	36	0	4
0	114	0	99	36	0	0
0	114	0	100	36	0	2
0	114	0	101	36	0	1
0	114	0	91	35	0	9
0	114	0	92	35	0	2
0	114	0	93	35	0	0
0	114	0	94	35	0	1
0	114	0	95	35	0	4
0	114	0	96	35	0	15
0	114	0	97	35	0	2
0	114	0	98	35	0	7
0	114	0	99	35	0	0
0	114	0	100	35	0	0
0	114	0	101	35	0	1
0	114	0	102	35	0	0
0	114	0	92	34	0	1
0	114	0	93	34	0	10
0	114	0	94	34	0	2
0	114	0	95	34	0	10
0	114	0	96	34	0	5
0	114	0	97	34	0	6
0	114	0	98	34	0	1
0	114	0	99	34	0	6
0	114	0	100	34	0	9
0	114	0	101	34	0	0
0	114	0	102	34	0	4
0	114	0	93	33	0	1
0	114	0	94	33	0	10
0	114	0	95	33	0	0
0	114	0	96	33	0	3
0	114	0	97	33	0	12
0	114	0	98	33	0	1
0	114	0	99	33	0	10
0	114	0	100	33	0	10
0	114	0	101	33	0	5
0	114	0	102	33	0	1
0	114	0	103	33	0	1
0	114	0	94	32	0	3
0	114	0	95	32	0	2
0	114	0	96	32	0	4
0	114	0	97	32	0	4
0	114	0	98	32	0	0
0	114	0	99	32	0	5
0	114	0	100	32	0	0
0	114	0	101	32	0	0
0	114	0	102	32	0	4
0	114	0	92	31	0	6
0	114	0	96	31	0	2
0	114	0	97	31	0	0
0	114	0	98	31	0	3
0	114	0	99	31	0	4
0	114	0	100	31	0	7
0	114	0	103	31	0	1
0	114	0	95	30	0	0
0	114	0	101	30	0	6
0	114	0	103	30	0	1
0	114	0	96	29	0	1
0	114	0	97	29	0	0
0	114	0	99	29	0	1
0	114	0	100	29	0	0
0	114	0	97	28	0	3
0	114	0	98	28	0	0
0	114	0	102	28	0	1
0	114	0	103	28	0	3
0	114	0	105	28	0	1
0	114	0	95	27	0	7
0	114	0	97	27	0	1
0	114	0	99	27	0	2
0	114	0	97	26	0	2
0	114	0	98	26	0	3
0	114	0	99	26	0	10
0	114	0	100	26	0	1
0	114	0	101	26	0	0
0	114	0	99	25	0	2
0	114	0	100	25	0	1
0	114	0	99	24	0	6
0	114	0	100	24	0	1
0	114	0	101	22	0	0
0	115	0	95	73	0	11
0	115	0	95	72	0	11
0	115	0	96	72	0	3
0	115	0	97	72	0	8
0	115	0	98	72	0	14
0	115	0	99	72	0	10
0	115	0	100	72	0	5
0	115	0	90	71	0	0
0	115	0	91	71	0	8
0	115	0	92	71	0	6
0	115	0	93	71	0	6
0	115	0	94	71	0	3
0	115	0	95	71	0	17
0	115	0	96	71	0	2
0	115	0	97	71	0	4
0	115	0	98	71	0	2
0	115	0	99	71	0	8
0	115	0	100	71	0	9
0	115	0	101	71	0	6
0	115	0	102	71	0	9
0	115	0	89	70	0	0
0	115	0	90	70	0	3
0	115	0	91	70	0	5
0	115	0	92	70	0	10
0	115	0	93	70	0	5
0	115	0	94	70	0	8
0	115	0	95	70	0	3
0	115	0	96	70	0	7
0	115	0	97	70	0	5
0	115	0	98	70	0	9
0	115	0	99	70	0	7
0	115	0	100	70	0	15
0	115	0	101	70	0	4
0	115	0	102	70	0	1
0	115	0	87	69	0	12
0	115	0	88	69	0	11
0	115	0	89	69	0	8
0	115	0	90	69	0	6
0	115	0	91	69	0	8
0	115	0	92	69	0	0
0	115	0	93	69	0	9
0	115	0	94	69	0	4
0	115	0	95	69	0	2
0	115	0	96	69	0	6
0	115	0	97	69	0	1
0	115	0	98	69	0	13
0	115	0	99	69	0	9
0	115	0	100	69	0	7
0	115	0	101	69	0	11
0	115	0	102	69	0	11
0	115	0	86	68	0	10
0	115	0	87	68	0	5
0	115	0	88	68	0	7
0	115	0	89	68	0	5
0	115	0	90	68	0	10
0	115	0	91	68	0	12
0	115	0	92	68	0	8
0	115	0	93	68	0	6
0	115	0	94	68	0	10
0	115	0	95	68	0	5
0	115	0	96	68	0	10
0	115	0	97	68	0	9
0	115	0	98	68	0	1
0	115	0	99	68	0	8
0	115	0	100	68	0	10
0	115	0	101	68	0	9
0	115	0	102	68	0	8
0	115	0	86	67	0	2
0	115	0	87	67	0	3
0	115	0	88	67	0	0
0	115	0	89	67	0	8
0	115	0	90	67	0	10
0	115	0	91	67	0	7
0	115	0	92	67	0	11
0	115	0	93	67	0	4
0	115	0	94	67	0	9
0	115	0	95	67	0	14
0	115	0	96	67	0	9
0	115	0	97	67	0	5
0	115	0	98	67	0	12
0	115	0	99	67	0	0
0	115	0	100	67	0	16
0	115	0	101	67	0	10
0	115	0	102	67	0	5
0	115	0	87	66	0	3
0	115	0	88	66	0	9
0	115	0	89	66	0	3
0	115	0	90	66	0	12
0	115	0	91	66	0	12
0	115	0	92	66	0	10
0	115	0	93	66	0	12
0	115	0	94	66	0	13
0	115	0	95	66	0	4
0	115	0	96	66	0	14
0	115	0	97	66	0	13
0	115	0	98	66	0	11
0	115	0	99	66	0	6
0	115	0	100	66	0	14
0	115	0	101	66	0	15
0	115	0	102	66	0	8
0	115	0	87	65	0	0
0	115	0	88	65	0	7
0	115	0	89	65	0	11
0	115	0	90	65	0	10
0	115	0	91	65	0	6
0	115	0	92	65	0	2
0	115	0	93	65	0	9
0	115	0	94	65	0	16
0	115	0	95	65	0	16
0	115	0	96	65	0	5
0	115	0	97	65	0	11
0	115	0	98	65	0	11
0	115	0	99	65	0	8
0	115	0	100	65	0	5
0	115	0	101	65	0	7
0	115	0	102	65	0	5
0	115	0	103	65	0	9
0	115	0	87	64	0	9
0	115	0	88	64	0	8
0	115	0	89	64	0	2
0	115	0	90	64	0	6
0	115	0	91	64	0	6
0	115	0	92	64	0	2
0	115	0	93	64	0	7
0	115	0	94	64	0	9
0	115	0	95	64	0	12
0	115	0	96	64	0	11
0	115	0	97	64	0	16
0	115	0	98	64	0	3
0	115	0	99	64	0	9
0	115	0	100	64	0	6
0	115	0	101	64	0	5
0	115	0	102	64	0	8
0	115	0	103	64	0	3
0	115	0	86	63	0	0
0	115	0	87	63	0	6
0	115	0	88	63	0	14
0	115	0	89	63	0	5
0	115	0	90	63	0	6
0	115	0	91	63	0	17
0	115	0	92	63	0	16
0	115	0	93	63	0	2
0	115	0	94	63	0	6
0	115	0	95	63	0	10
0	115	0	96	63	0	11
0	115	0	97	63	0	11
0	115	0	98	63	0	7
0	115	0	99	63	0	7
0	115	0	100	63	0	9
0	115	0	101	63	0	10
0	115	0	102	63	0	8
0	115	0	103	63	0	15
0	115	0	87	62	0	6
0	115	0	88	62	0	15
0	115	0	89	62	0	8
0	115	0	90	62	0	5
0	115	0	91	62	0	9
0	115	0	92	62	0	16
0	115	0	93	62	0	9
0	115	0	94	62	0	7
0	115	0	95	62	0	3
0	115	0	96	62	0	17
0	115	0	97	62	0	14
0	115	0	98	62	0	11
0	115	0	99	62	0	9
0	115	0	100	62	0	16
0	115	0	101	62	0	2
0	115	0	102	62	0	8
0	115	0	87	61	0	3
0	115	0	88	61	0	9
0	115	0	89	61	0	7
0	115	0	90	61	0	15
0	115	0	91	61	0	4
0	115	0	92	61	0	9
0	115	0	93	61	0	12
0	115	0	94	61	0	14
0	115	0	95	61	0	5
0	115	0	96	61	0	8
0	115	0	97	61	0	13
0	115	0	98	61	0	6
0	115	0	99	61	0	7
0	115	0	100	61	0	11
0	115	0	88	60	0	11
0	115	0	89	60	0	8
0	115	0	90	60	0	6
0	115	0	91	60	0	5
0	115	0	92	60	0	12
0	115	0	93	60	0	12
0	115	0	94	60	0	13
0	115	0	95	60	0	3
0	115	0	96	60	0	2
0	115	0	88	59	0	5
0	115	0	89	59	0	9
0	115	0	90	59	0	9
0	115	0	91	59	0	7
0	115	0	92	59	0	16
0	115	0	93	59	0	5
0	115	0	94	59	0	8
0	115	0	95	59	0	13
0	115	0	89	58	0	3
0	115	0	90	58	0	4
0	115	0	91	58	0	4
0	115	0	92	58	0	12
0	115	0	93	58	0	9
0	115	0	94	58	0	5
0	115	0	91	57	0	13
0	115	0	92	57	0	8
0	115	0	93	57	0	8
0	115	0	96	55	0	3
0	115	0	94	54	0	7
0	115	0	95	54	0	9
0	115	0	96	54	0	8
0	115	0	97	54	0	5
0	115	0	101	54	0	8
0	115	0	102	54	0	7
0	115	0	103	54	0	7
0	115	0	104	54	0	11
0	115	0	93	53	0	15
0	115	0	94	53	0	8
0	115	0	95	53	0	7
0	115	0	96	53	0	6
0	115	0	97	53	0	1
0	115	0	98	53	0	6
0	115	0	99	53	0	2
0	115	0	100	53	0	1
0	115	0	101	53	0	12
0	115	0	102	53	0	17
0	115	0	103	53	0	8
0	115	0	104	53	0	14
0	115	0	105	53	0	9
0	115	0	106	53	0	13
0	115	0	93	52	0	9
0	115	0	94	52	0	8
0	115	0	95	52	0	8
0	115	0	96	52	0	7
0	115	0	97	52	0	5
0	115	0	98	52	0	5
0	115	0	99	52	0	1
0	115	0	100	52	0	10
0	115	0	101	52	0	7
0	115	0	102	52	0	11
0	115	0	103	52	0	10
0	115	0	104	52	0	6
0	115	0	105	52	0	2
0	115	0	106	52	0	10
0	115	0	107	52	0	3
0	115	0	93	51	0	6
0	115	0	94	51	0	4
0	115	0	95	51	0	4
0	115	0	96	51	0	12
0	115	0	97	51	0	6
0	115	0	98	51	0	12
0	115	0	99	51	0	2
0	115	0	100	51	0	9
0	115	0	101	51	0	7
0	115	0	102	51	0	5
0	115	0	103	51	0	5
0	115	0	104	51	0	7
0	115	0	105	51	0	4
0	115	0	106	51	0	1
0	115	0	107	51	0	6
0	115	0	93	50	0	6
0	115	0	94	50	0	11
0	115	0	95	50	0	9
0	115	0	96	50	0	5
0	115	0	97	50	0	10
0	115	0	98	50	0	5
0	115	0	99	50	0	10
0	115	0	100	50	0	7
0	115	0	101	50	0	3
0	115	0	102	50	0	9
0	115	0	103	50	0	11
0	115	0	104	50	0	6
0	115	0	105	50	0	7
0	115	0	106	50	0	20
0	115	0	107	50	0	10
0	115	0	93	49	0	2
0	115	0	94	49	0	6
0	115	0	95	49	0	15
0	115	0	96	49	0	15
0	115	0	97	49	0	11
0	115	0	98	49	0	8
0	115	0	99	49	0	19
0	115	0	100	49	0	4
0	115	0	101	49	0	6
0	115	0	102	49	0	4
0	115	0	103	49	0	12
0	115	0	104	49	0	7
0	115	0	105	49	0	6
0	115	0	106	49	0	4
0	115	0	107	49	0	1
0	115	0	108	49	0	0
0	115	0	94	48	0	5
0	115	0	95	48	0	9
0	115	0	96	48	0	10
0	115	0	97	48	0	5
0	115	0	98	48	0	10
0	115	0	99	48	0	11
0	115	0	100	48	0	6
0	115	0	101	48	0	9
0	115	0	102	48	0	6
0	115	0	103	48	0	5
0	115	0	104	48	0	14
0	115	0	105	48	0	8
0	115	0	106	48	0	1
0	115	0	107	48	0	4
0	115	0	110	48	0	4
0	115	0	111	48	0	4
0	115	0	112	48	0	1
0	115	0	113	48	0	4
0	115	0	114	48	0	5
0	115	0	115	48	0	14
0	115	0	94	47	0	7
0	115	0	95	47	0	1
0	115	0	96	47	0	11
0	115	0	97	47	0	9
0	115	0	98	47	0	10
0	115	0	99	47	0	5
0	115	0	100	47	0	5
0	115	0	101	47	0	10
0	115	0	102	47	0	7
0	115	0	103	47	0	16
0	115	0	104	47	0	8
0	115	0	105	47	0	2
0	115	0	106	47	0	9
0	115	0	107	47	0	10
0	115	0	109	47	0	5
0	115	0	110	47	0	2
0	115	0	111	47	0	8
0	115	0	112	47	0	6
0	115	0	113	47	0	11
0	115	0	114	47	0	13
0	115	0	115	47	0	10
0	115	0	116	47	0	5
0	115	0	117	47	0	4
0	115	0	93	46	0	11
0	115	0	94	46	0	8
0	115	0	95	46	0	7
0	115	0	96	46	0	6
0	115	0	97	46	0	12
0	115	0	98	46	0	9
0	115	0	99	46	0	10
0	115	0	100	46	0	7
0	115	0	101	46	0	8
0	115	0	102	46	0	6
0	115	0	103	46	0	9
0	115	0	104	46	0	7
0	115	0	105	46	0	0
0	115	0	106	46	0	8
0	115	0	107	46	0	11
0	115	0	110	46	0	0
0	115	0	111	46	0	6
0	115	0	112	46	0	7
0	115	0	113	46	0	0
0	115	0	114	46	0	15
0	115	0	115	46	0	8
0	115	0	116	46	0	8
0	115	0	117	46	0	6
0	115	0	93	45	0	8
0	115	0	94	45	0	8
0	115	0	95	45	0	4
0	115	0	96	45	0	4
0	115	0	97	45	0	5
0	115	0	98	45	0	15
0	115	0	99	45	0	12
0	115	0	100	45	0	4
0	115	0	101	45	0	11
0	115	0	102	45	0	5
0	115	0	103	45	0	20
0	115	0	104	45	0	0
0	115	0	106	45	0	7
0	115	0	110	45	0	3
0	115	0	111	45	0	4
0	115	0	112	45	0	11
0	115	0	113	45	0	5
0	115	0	114	45	0	16
0	115	0	115	45	0	11
0	115	0	116	45	0	3
0	115	0	117	45	0	11
0	115	0	118	45	0	17
0	115	0	94	44	0	9
0	115	0	95	44	0	8
0	115	0	96	44	0	8
0	115	0	97	44	0	7
0	115	0	98	44	0	7
0	115	0	99	44	0	9
0	115	0	100	44	0	13
0	115	0	101	44	0	2
0	115	0	102	44	0	11
0	115	0	111	44	0	10
0	115	0	112	44	0	15
0	115	0	113	44	0	3
0	115	0	114	44	0	11
0	115	0	115	44	0	10
0	115	0	116	44	0	3
0	115	0	95	43	0	9
0	115	0	96	43	0	6
0	115	0	97	43	0	7
0	115	0	98	43	0	2
0	115	0	99	43	0	3
0	115	0	100	43	0	5
0	115	0	101	43	0	1
0	115	0	111	43	0	3
0	115	0	112	43	0	15
0	115	0	113	43	0	3
0	115	0	114	43	0	12
0	115	0	115	43	0	0
0	115	0	116	43	0	5
0	115	0	117	43	0	4
0	115	0	95	42	0	16
0	115	0	96	42	0	10
0	115	0	97	42	0	5
0	115	0	98	42	0	15
0	115	0	99	42	0	8
0	115	0	100	42	0	4
0	115	0	112	42	0	0
0	115	0	113	42	0	3
0	115	0	114	42	0	5
0	115	0	115	42	0	5
0	115	0	116	42	0	2
0	115	0	95	41	0	9
0	115	0	96	41	0	9
0	115	0	97	41	0	1
0	115	0	98	41	0	7
0	115	0	99	41	0	1
0	115	0	113	41	0	0
0	115	0	97	39	0	5
0	115	0	94	38	0	7
0	115	0	95	38	0	9
0	115	0	96	38	0	10
0	115	0	97	38	0	5
0	115	0	98	38	0	7
0	115	0	92	37	0	0
0	115	0	93	37	0	10
0	115	0	94	37	0	8
0	115	0	95	37	0	2
0	115	0	96	37	0	6
0	115	0	97	37	0	14
0	115	0	98	37	0	12
0	115	0	99	37	0	2
0	115	0	100	37	0	7
0	115	0	101	37	0	3
0	115	0	91	36	0	0
0	115	0	92	36	0	2
0	115	0	93	36	0	12
0	115	0	94	36	0	3
0	115	0	95	36	0	7
0	115	0	96	36	0	4
0	115	0	97	36	0	2
0	115	0	98	36	0	7
0	115	0	99	36	0	0
0	115	0	100	36	0	1
0	115	0	101	36	0	1
0	115	0	91	35	0	4
0	115	0	92	35	0	1
0	115	0	93	35	0	0
0	115	0	94	35	0	0
0	115	0	95	35	0	6
0	115	0	96	35	0	16
0	115	0	97	35	0	3
0	115	0	98	35	0	7
0	115	0	99	35	0	1
0	115	0	100	35	0	0
0	115	0	101	35	0	2
0	115	0	102	35	0	1
0	115	0	92	34	0	3
0	115	0	93	34	0	10
0	115	0	94	34	0	4
0	115	0	95	34	0	19
0	115	0	96	34	0	8
0	115	0	97	34	0	7
0	115	0	98	34	0	3
0	115	0	99	34	0	13
0	115	0	100	34	0	10
0	115	0	101	34	0	0
0	115	0	102	34	0	3
0	115	0	93	33	0	2
0	115	0	94	33	0	6
0	115	0	95	33	0	0
0	115	0	96	33	0	5
0	115	0	97	33	0	12
0	115	0	98	33	0	3
0	115	0	99	33	0	6
0	115	0	100	33	0	9
0	115	0	101	33	0	4
0	115	0	102	33	0	2
0	115	0	103	33	0	0
0	115	0	94	32	0	6
0	115	0	95	32	0	2
0	115	0	96	32	0	2
0	115	0	97	32	0	3
0	115	0	98	32	0	1
0	115	0	99	32	0	8
0	115	0	100	32	0	0
0	115	0	101	32	0	0
0	115	0	102	32	0	6
0	115	0	92	31	0	10
0	115	0	96	31	0	3
0	115	0	97	31	0	0
0	115	0	98	31	0	3
0	115	0	99	31	0	5
0	115	0	100	31	0	7
0	115	0	102	31	0	1
0	115	0	103	31	0	0
0	115	0	95	30	0	0
0	115	0	100	30	0	1
0	115	0	101	30	0	5
0	115	0	103	30	0	0
0	115	0	96	29	0	1
0	115	0	97	29	0	0
0	115	0	99	29	0	1
0	115	0	100	29	0	0
0	115	0	97	28	0	2
0	115	0	98	28	0	0
0	115	0	102	28	0	0
0	115	0	103	28	0	3
0	115	0	105	28	0	0
0	115	0	95	27	0	7
0	115	0	97	27	0	0
0	115	0	99	27	0	4
0	115	0	100	27	0	1
0	115	0	97	26	0	1
0	115	0	98	26	0	5
0	115	0	99	26	0	7
0	115	0	100	26	0	1
0	115	0	101	26	0	0
0	115	0	99	25	0	4
0	115	0	100	25	0	0
0	115	0	99	24	0	6
0	115	0	100	24	0	2
0	115	0	101	24	0	1
0	115	0	101	22	0	0
0	116	0	95	73	0	10
0	116	0	95	72	0	14
0	116	0	96	72	0	5
0	116	0	97	72	0	7
0	116	0	98	72	0	10
0	116	0	99	72	0	15
0	116	0	100	72	0	5
0	116	0	90	71	0	0
0	116	0	91	71	0	10
0	116	0	92	71	0	5
0	116	0	93	71	0	11
0	116	0	94	71	0	6
0	116	0	95	71	0	16
0	116	0	96	71	0	2
0	116	0	97	71	0	5
0	116	0	98	71	0	2
0	116	0	99	71	0	8
0	116	0	100	71	0	11
0	116	0	101	71	0	7
0	116	0	102	71	0	6
0	116	0	89	70	0	0
0	116	0	90	70	0	1
0	116	0	91	70	0	12
0	116	0	92	70	0	5
0	116	0	93	70	0	5
0	116	0	94	70	0	6
0	116	0	95	70	0	6
0	116	0	96	70	0	6
0	116	0	97	70	0	6
0	116	0	98	70	0	5
0	116	0	99	70	0	10
0	116	0	100	70	0	13
0	116	0	101	70	0	7
0	116	0	102	70	0	5
0	116	0	87	69	0	4
0	116	0	88	69	0	14
0	116	0	89	69	0	10
0	116	0	90	69	0	6
0	116	0	91	69	0	8
0	116	0	92	69	0	0
0	116	0	93	69	0	10
0	116	0	94	69	0	6
0	116	0	95	69	0	1
0	116	0	96	69	0	11
0	116	0	97	69	0	5
0	116	0	98	69	0	14
0	116	0	99	69	0	9
0	116	0	100	69	0	8
0	116	0	101	69	0	8
0	116	0	102	69	0	9
0	116	0	86	68	0	11
0	116	0	87	68	0	5
0	116	0	88	68	0	11
0	116	0	89	68	0	5
0	116	0	90	68	0	13
0	116	0	91	68	0	15
0	116	0	92	68	0	9
0	116	0	93	68	0	7
0	116	0	94	68	0	10
0	116	0	95	68	0	4
0	116	0	96	68	0	14
0	116	0	97	68	0	14
0	116	0	98	68	0	1
0	116	0	99	68	0	9
0	116	0	100	68	0	13
0	116	0	101	68	0	9
0	116	0	102	68	0	8
0	116	0	86	67	0	1
0	116	0	87	67	0	3
0	116	0	88	67	0	0
0	116	0	89	67	0	6
0	116	0	90	67	0	9
0	116	0	91	67	0	6
0	116	0	92	67	0	10
0	116	0	93	67	0	4
0	116	0	94	67	0	13
0	116	0	95	67	0	15
0	116	0	96	67	0	11
0	116	0	97	67	0	6
0	116	0	98	67	0	10
0	116	0	99	67	0	0
0	116	0	100	67	0	18
0	116	0	101	67	0	8
0	116	0	102	67	0	9
0	116	0	87	66	0	5
0	116	0	88	66	0	17
0	116	0	89	66	0	4
0	116	0	90	66	0	12
0	116	0	91	66	0	10
0	116	0	92	66	0	8
0	116	0	93	66	0	10
0	116	0	94	66	0	16
0	116	0	95	66	0	5
0	116	0	96	66	0	14
0	116	0	97	66	0	11
0	116	0	98	66	0	18
0	116	0	99	66	0	7
0	116	0	100	66	0	8
0	116	0	101	66	0	11
0	116	0	102	66	0	12
0	116	0	87	65	0	1
0	116	0	88	65	0	4
0	116	0	89	65	0	13
0	116	0	90	65	0	12
0	116	0	91	65	0	5
0	116	0	92	65	0	1
0	116	0	93	65	0	15
0	116	0	94	65	0	17
0	116	0	95	65	0	18
0	116	0	96	65	0	4
0	116	0	97	65	0	11
0	116	0	98	65	0	9
0	116	0	99	65	0	6
0	116	0	100	65	0	3
0	116	0	101	65	0	13
0	116	0	102	65	0	9
0	116	0	103	65	0	7
0	116	0	87	64	0	8
0	116	0	88	64	0	7
0	116	0	89	64	0	1
0	116	0	90	64	0	9
0	116	0	91	64	0	8
0	116	0	92	64	0	3
0	116	0	93	64	0	8
0	116	0	94	64	0	11
0	116	0	95	64	0	13
0	116	0	96	64	0	11
0	116	0	97	64	0	20
0	116	0	98	64	0	4
0	116	0	99	64	0	11
0	116	0	100	64	0	7
0	116	0	101	64	0	5
0	116	0	102	64	0	14
0	116	0	103	64	0	4
0	116	0	86	63	0	0
0	116	0	87	63	0	7
0	116	0	88	63	0	11
0	116	0	89	63	0	6
0	116	0	90	63	0	5
0	116	0	91	63	0	21
0	116	0	92	63	0	11
0	116	0	93	63	0	5
0	116	0	94	63	0	6
0	116	0	95	63	0	12
0	116	0	96	63	0	12
0	116	0	97	63	0	11
0	116	0	98	63	0	6
0	116	0	99	63	0	4
0	116	0	100	63	0	5
0	116	0	101	63	0	8
0	116	0	102	63	0	10
0	116	0	103	63	0	15
0	116	0	87	62	0	9
0	116	0	88	62	0	10
0	116	0	89	62	0	10
0	116	0	90	62	0	7
0	116	0	91	62	0	11
0	116	0	92	62	0	15
0	116	0	93	62	0	7
0	116	0	94	62	0	6
0	116	0	95	62	0	2
0	116	0	96	62	0	9
0	116	0	97	62	0	10
0	116	0	98	62	0	10
0	116	0	99	62	0	8
0	116	0	100	62	0	9
0	116	0	101	62	0	6
0	116	0	102	62	0	7
0	116	0	87	61	0	2
0	116	0	88	61	0	7
0	116	0	89	61	0	9
0	116	0	90	61	0	17
0	116	0	91	61	0	8
0	116	0	92	61	0	7
0	116	0	93	61	0	7
0	116	0	94	61	0	5
0	116	0	95	61	0	5
0	116	0	96	61	0	8
0	116	0	97	61	0	14
0	116	0	98	61	0	9
0	116	0	99	61	0	5
0	116	0	100	61	0	8
0	116	0	88	60	0	8
0	116	0	89	60	0	8
0	116	0	90	60	0	8
0	116	0	91	60	0	6
0	116	0	92	60	0	14
0	116	0	93	60	0	6
0	116	0	94	60	0	11
0	116	0	95	60	0	6
0	116	0	96	60	0	0
0	116	0	88	59	0	8
0	116	0	89	59	0	6
0	116	0	90	59	0	5
0	116	0	91	59	0	5
0	116	0	92	59	0	4
0	116	0	93	59	0	8
0	116	0	94	59	0	4
0	116	0	95	59	0	7
0	116	0	89	58	0	5
0	116	0	90	58	0	3
0	116	0	91	58	0	8
0	116	0	92	58	0	13
0	116	0	93	58	0	10
0	116	0	94	58	0	3
0	116	0	91	57	0	16
0	116	0	92	57	0	8
0	116	0	93	57	0	9
0	116	0	96	55	0	4
0	116	0	94	54	0	7
0	116	0	95	54	0	9
0	116	0	96	54	0	7
0	116	0	97	54	0	4
0	116	0	101	54	0	5
0	116	0	102	54	0	6
0	116	0	103	54	0	8
0	116	0	104	54	0	10
0	116	0	93	53	0	8
0	116	0	94	53	0	16
0	116	0	95	53	0	12
0	116	0	96	53	0	4
0	116	0	97	53	0	1
0	116	0	98	53	0	10
0	116	0	99	53	0	1
0	116	0	100	53	0	1
0	116	0	101	53	0	16
0	116	0	102	53	0	18
0	116	0	103	53	0	10
0	116	0	104	53	0	11
0	116	0	105	53	0	5
0	116	0	106	53	0	16
0	116	0	93	52	0	7
0	116	0	94	52	0	4
0	116	0	95	52	0	5
0	116	0	96	52	0	7
0	116	0	97	52	0	7
0	116	0	98	52	0	4
0	116	0	99	52	0	1
0	116	0	100	52	0	18
0	116	0	101	52	0	7
0	116	0	102	52	0	8
0	116	0	103	52	0	10
0	116	0	104	52	0	9
0	116	0	105	52	0	2
0	116	0	106	52	0	11
0	116	0	107	52	0	1
0	116	0	93	51	0	7
0	116	0	94	51	0	3
0	116	0	95	51	0	8
0	116	0	96	51	0	5
0	116	0	97	51	0	10
0	116	0	98	51	0	19
0	116	0	99	51	0	5
0	116	0	100	51	0	12
0	116	0	101	51	0	13
0	116	0	102	51	0	3
0	116	0	103	51	0	12
0	116	0	104	51	0	6
0	116	0	105	51	0	5
0	116	0	106	51	0	4
0	116	0	107	51	0	8
0	116	0	93	50	0	7
0	116	0	94	50	0	10
0	116	0	95	50	0	8
0	116	0	96	50	0	8
0	116	0	97	50	0	8
0	116	0	98	50	0	5
0	116	0	99	50	0	13
0	116	0	100	50	0	8
0	116	0	101	50	0	3
0	116	0	102	50	0	6
0	116	0	103	50	0	13
0	116	0	104	50	0	6
0	116	0	105	50	0	6
0	116	0	106	50	0	16
0	116	0	107	50	0	7
0	116	0	93	49	0	3
0	116	0	94	49	0	5
0	116	0	95	49	0	17
0	116	0	96	49	0	16
0	116	0	97	49	0	13
0	116	0	98	49	0	6
0	116	0	99	49	0	16
0	116	0	100	49	0	5
0	116	0	101	49	0	7
0	116	0	102	49	0	9
0	116	0	103	49	0	4
0	116	0	104	49	0	4
0	116	0	105	49	0	6
0	116	0	106	49	0	5
0	116	0	107	49	0	1
0	116	0	108	49	0	0
0	116	0	94	48	0	10
0	116	0	95	48	0	10
0	116	0	96	48	0	9
0	116	0	97	48	0	8
0	116	0	98	48	0	13
0	116	0	99	48	0	11
0	116	0	100	48	0	7
0	116	0	101	48	0	6
0	116	0	102	48	0	2
0	116	0	103	48	0	4
0	116	0	104	48	0	10
0	116	0	105	48	0	10
0	116	0	106	48	0	1
0	116	0	107	48	0	4
0	116	0	110	48	0	10
0	116	0	111	48	0	2
0	116	0	112	48	0	2
0	116	0	113	48	0	8
0	116	0	114	48	0	8
0	116	0	115	48	0	14
0	116	0	94	47	0	10
0	116	0	95	47	0	1
0	116	0	96	47	0	10
0	116	0	97	47	0	10
0	116	0	98	47	0	7
0	116	0	99	47	0	11
0	116	0	100	47	0	8
0	116	0	101	47	0	11
0	116	0	102	47	0	8
0	116	0	103	47	0	12
0	116	0	104	47	0	10
0	116	0	105	47	0	4
0	116	0	106	47	0	8
0	116	0	107	47	0	8
0	116	0	109	47	0	5
0	116	0	110	47	0	3
0	116	0	111	47	0	7
0	116	0	112	47	0	5
0	116	0	113	47	0	6
0	116	0	114	47	0	16
0	116	0	115	47	0	6
0	116	0	116	47	0	9
0	116	0	117	47	0	5
0	116	0	93	46	0	10
0	116	0	94	46	0	9
0	116	0	95	46	0	9
0	116	0	96	46	0	10
0	116	0	97	46	0	13
0	116	0	98	46	0	6
0	116	0	99	46	0	7
0	116	0	100	46	0	6
0	116	0	101	46	0	8
0	116	0	102	46	0	4
0	116	0	103	46	0	8
0	116	0	104	46	0	6
0	116	0	105	46	0	1
0	116	0	106	46	0	7
0	116	0	107	46	0	5
0	116	0	110	46	0	0
0	116	0	111	46	0	8
0	116	0	112	46	0	11
0	116	0	113	46	0	0
0	116	0	114	46	0	13
0	116	0	115	46	0	14
0	116	0	116	46	0	8
0	116	0	117	46	0	8
0	116	0	93	45	0	10
0	116	0	94	45	0	5
0	116	0	95	45	0	6
0	116	0	96	45	0	8
0	116	0	97	45	0	4
0	116	0	98	45	0	16
0	116	0	99	45	0	13
0	116	0	100	45	0	6
0	116	0	101	45	0	4
0	116	0	102	45	0	3
0	116	0	103	45	0	15
0	116	0	104	45	0	0
0	116	0	106	45	0	9
0	116	0	110	45	0	5
0	116	0	111	45	0	6
0	116	0	112	45	0	10
0	116	0	113	45	0	7
0	116	0	114	45	0	8
0	116	0	115	45	0	6
0	116	0	116	45	0	4
0	116	0	117	45	0	9
0	116	0	118	45	0	14
0	116	0	94	44	0	10
0	116	0	95	44	0	7
0	116	0	96	44	0	12
0	116	0	97	44	0	12
0	116	0	98	44	0	7
0	116	0	99	44	0	5
0	116	0	100	44	0	7
0	116	0	101	44	0	5
0	116	0	102	44	0	9
0	116	0	111	44	0	7
0	116	0	112	44	0	13
0	116	0	113	44	0	4
0	116	0	114	44	0	10
0	116	0	115	44	0	12
0	116	0	116	44	0	3
0	116	0	117	44	0	1
0	116	0	95	43	0	7
0	116	0	96	43	0	4
0	116	0	97	43	0	9
0	116	0	98	43	0	0
0	116	0	99	43	0	5
0	116	0	100	43	0	5
0	116	0	101	43	0	1
0	116	0	111	43	0	3
0	116	0	112	43	0	5
0	116	0	113	43	0	4
0	116	0	114	43	0	12
0	116	0	115	43	0	0
0	116	0	116	43	0	8
0	116	0	117	43	0	3
0	116	0	95	42	0	17
0	116	0	96	42	0	8
0	116	0	97	42	0	2
0	116	0	98	42	0	18
0	116	0	99	42	0	8
0	116	0	100	42	0	6
0	116	0	112	42	0	1
0	116	0	113	42	0	5
0	116	0	114	42	0	9
0	116	0	115	42	0	7
0	116	0	116	42	0	6
0	116	0	95	41	0	13
0	116	0	96	41	0	7
0	116	0	97	41	0	2
0	116	0	98	41	0	9
0	116	0	99	41	0	0
0	116	0	113	41	0	0
0	116	0	97	39	0	9
0	116	0	93	38	0	1
0	116	0	94	38	0	6
0	116	0	95	38	0	7
0	116	0	96	38	0	12
0	116	0	97	38	0	5
0	116	0	98	38	0	5
0	116	0	92	37	0	1
0	116	0	93	37	0	7
0	116	0	94	37	0	5
0	116	0	95	37	0	4
0	116	0	96	37	0	9
0	116	0	97	37	0	7
0	116	0	98	37	0	10
0	116	0	99	37	0	1
0	116	0	100	37	0	9
0	116	0	101	37	0	4
0	116	0	91	36	0	0
0	116	0	92	36	0	3
0	116	0	93	36	0	16
0	116	0	94	36	0	1
0	116	0	95	36	0	10
0	116	0	96	36	0	2
0	116	0	97	36	0	5
0	116	0	98	36	0	5
0	116	0	99	36	0	0
0	116	0	100	36	0	1
0	116	0	101	36	0	5
0	116	0	91	35	0	6
0	116	0	92	35	0	2
0	116	0	93	35	0	0
0	116	0	94	35	0	0
0	116	0	95	35	0	9
0	116	0	96	35	0	9
0	116	0	97	35	0	3
0	116	0	98	35	0	12
0	116	0	99	35	0	3
0	116	0	100	35	0	2
0	116	0	101	35	0	4
0	116	0	102	35	0	1
0	116	0	92	34	0	3
0	116	0	93	34	0	12
0	116	0	94	34	0	5
0	116	0	95	34	0	13
0	116	0	96	34	0	9
0	116	0	97	34	0	7
0	116	0	98	34	0	2
0	116	0	99	34	0	15
0	116	0	100	34	0	5
0	116	0	101	34	0	1
0	116	0	102	34	0	4
0	116	0	93	33	0	3
0	116	0	94	33	0	8
0	116	0	95	33	0	0
0	116	0	96	33	0	5
0	116	0	97	33	0	11
0	116	0	98	33	0	2
0	116	0	99	33	0	7
0	116	0	100	33	0	9
0	116	0	101	33	0	4
0	116	0	102	33	0	2
0	116	0	103	33	0	0
0	116	0	94	32	0	11
0	116	0	95	32	0	2
0	116	0	96	32	0	3
0	116	0	97	32	0	8
0	116	0	98	32	0	2
0	116	0	99	32	0	6
0	116	0	100	32	0	0
0	116	0	101	32	0	0
0	116	0	102	32	0	7
0	116	0	92	31	0	11
0	116	0	93	31	0	1
0	116	0	96	31	0	5
0	116	0	97	31	0	1
0	116	0	98	31	0	1
0	116	0	99	31	0	2
0	116	0	100	31	0	8
0	116	0	102	31	0	3
0	116	0	103	31	0	0
0	116	0	94	30	0	1
0	116	0	95	30	0	0
0	116	0	100	30	0	1
0	116	0	101	30	0	9
0	116	0	103	30	0	1
0	116	0	96	29	0	0
0	116	0	97	29	0	0
0	116	0	99	29	0	1
0	116	0	100	29	0	0
0	116	0	101	29	0	1
0	116	0	108	29	0	1
0	116	0	96	28	0	1
0	116	0	97	28	0	3
0	116	0	98	28	0	0
0	116	0	102	28	0	0
0	116	0	103	28	0	4
0	116	0	105	28	0	0
0	116	0	95	27	0	5
0	116	0	97	27	0	0
0	116	0	98	27	0	1
0	116	0	99	27	0	5
0	116	0	100	27	0	0
0	116	0	104	27	0	1
0	116	0	97	26	0	2
0	116	0	98	26	0	4
0	116	0	99	26	0	9
0	116	0	100	26	0	2
0	116	0	101	26	0	1
0	116	0	99	25	0	6
0	116	0	100	25	0	0
0	116	0	102	25	0	1
0	116	0	99	24	0	6
0	116	0	100	24	0	2
0	116	0	101	24	0	2
0	116	0	101	22	0	0
0	117	0	95	73	0	10
0	117	0	95	72	0	18
0	117	0	96	72	0	3
0	117	0	97	72	0	7
0	117	0	98	72	0	8
0	117	0	99	72	0	8
0	117	0	100	72	0	8
0	117	0	90	71	0	0
0	117	0	91	71	0	10
0	117	0	92	71	0	8
0	117	0	93	71	0	14
0	117	0	94	71	0	6
0	117	0	95	71	0	13
0	117	0	96	71	0	0
0	117	0	97	71	0	6
0	117	0	98	71	0	3
0	117	0	99	71	0	9
0	117	0	100	71	0	2
0	117	0	101	71	0	10
0	117	0	102	71	0	8
0	117	0	89	70	0	0
0	117	0	90	70	0	0
0	117	0	91	70	0	10
0	117	0	92	70	0	7
0	117	0	93	70	0	5
0	117	0	94	70	0	7
0	117	0	95	70	0	3
0	117	0	96	70	0	8
0	117	0	97	70	0	4
0	117	0	98	70	0	6
0	117	0	99	70	0	9
0	117	0	100	70	0	15
0	117	0	101	70	0	15
0	117	0	102	70	0	7
0	117	0	87	69	0	5
0	117	0	88	69	0	5
0	117	0	89	69	0	12
0	117	0	90	69	0	7
0	117	0	91	69	0	13
0	117	0	92	69	0	0
0	117	0	93	69	0	5
0	117	0	94	69	0	7
0	117	0	95	69	0	1
0	117	0	96	69	0	11
0	117	0	97	69	0	5
0	117	0	98	69	0	12
0	117	0	99	69	0	15
0	117	0	100	69	0	8
0	117	0	101	69	0	10
0	117	0	102	69	0	9
0	117	0	86	68	0	9
0	117	0	87	68	0	4
0	117	0	88	68	0	11
0	117	0	89	68	0	3
0	117	0	90	68	0	11
0	117	0	91	68	0	8
0	117	0	92	68	0	6
0	117	0	93	68	0	5
0	117	0	94	68	0	12
0	117	0	95	68	0	4
0	117	0	96	68	0	15
0	117	0	97	68	0	7
0	117	0	98	68	0	2
0	117	0	99	68	0	8
0	117	0	100	68	0	16
0	117	0	101	68	0	7
0	117	0	102	68	0	9
0	117	0	86	67	0	0
0	117	0	87	67	0	7
0	117	0	88	67	0	2
0	117	0	89	67	0	6
0	117	0	90	67	0	16
0	117	0	91	67	0	12
0	117	0	92	67	0	12
0	117	0	93	67	0	2
0	117	0	94	67	0	11
0	117	0	95	67	0	12
0	117	0	96	67	0	16
0	117	0	97	67	0	7
0	117	0	98	67	0	8
0	117	0	99	67	0	1
0	117	0	100	67	0	9
0	117	0	101	67	0	13
0	117	0	102	67	0	8
0	117	0	87	66	0	4
0	117	0	88	66	0	16
0	117	0	89	66	0	4
0	117	0	90	66	0	9
0	117	0	91	66	0	8
0	117	0	92	66	0	4
0	117	0	93	66	0	18
0	117	0	94	66	0	16
0	117	0	95	66	0	7
0	117	0	96	66	0	8
0	117	0	97	66	0	9
0	117	0	98	66	0	9
0	117	0	99	66	0	5
0	117	0	100	66	0	12
0	117	0	101	66	0	8
0	117	0	102	66	0	18
0	117	0	87	65	0	1
0	117	0	88	65	0	7
0	117	0	89	65	0	10
0	117	0	90	65	0	11
0	117	0	91	65	0	4
0	117	0	92	65	0	3
0	117	0	93	65	0	9
0	117	0	94	65	0	13
0	117	0	95	65	0	12
0	117	0	96	65	0	6
0	117	0	97	65	0	7
0	117	0	98	65	0	8
0	117	0	99	65	0	5
0	117	0	100	65	0	5
0	117	0	101	65	0	10
0	117	0	102	65	0	7
0	117	0	103	65	0	6
0	117	0	87	64	0	9
0	117	0	88	64	0	6
0	117	0	89	64	0	2
0	117	0	90	64	0	10
0	117	0	91	64	0	6
0	117	0	92	64	0	2
0	117	0	93	64	0	6
0	117	0	94	64	0	10
0	117	0	95	64	0	10
0	117	0	96	64	0	13
0	117	0	97	64	0	12
0	117	0	98	64	0	7
0	117	0	99	64	0	7
0	117	0	100	64	0	5
0	117	0	101	64	0	9
0	117	0	102	64	0	6
0	117	0	103	64	0	4
0	117	0	86	63	0	0
0	117	0	87	63	0	8
0	117	0	88	63	0	11
0	117	0	89	63	0	5
0	117	0	90	63	0	5
0	117	0	91	63	0	18
0	117	0	92	63	0	13
0	117	0	93	63	0	6
0	117	0	94	63	0	9
0	117	0	95	63	0	11
0	117	0	96	63	0	12
0	117	0	97	63	0	10
0	117	0	98	63	0	10
0	117	0	99	63	0	1
0	117	0	100	63	0	8
0	117	0	101	63	0	9
0	117	0	102	63	0	8
0	117	0	103	63	0	10
0	117	0	87	62	0	10
0	117	0	88	62	0	7
0	117	0	89	62	0	12
0	117	0	90	62	0	9
0	117	0	91	62	0	13
0	117	0	92	62	0	17
0	117	0	93	62	0	6
0	117	0	94	62	0	8
0	117	0	95	62	0	4
0	117	0	96	62	0	9
0	117	0	97	62	0	12
0	117	0	98	62	0	11
0	117	0	99	62	0	7
0	117	0	100	62	0	11
0	117	0	101	62	0	13
0	117	0	102	62	0	9
0	117	0	87	61	0	3
0	117	0	88	61	0	15
0	117	0	89	61	0	10
0	117	0	90	61	0	15
0	117	0	91	61	0	11
0	117	0	92	61	0	10
0	117	0	93	61	0	4
0	117	0	94	61	0	6
0	117	0	95	61	0	11
0	117	0	96	61	0	6
0	117	0	97	61	0	12
0	117	0	98	61	0	6
0	117	0	99	61	0	2
0	117	0	100	61	0	4
0	117	0	88	60	0	8
0	117	0	89	60	0	9
0	117	0	90	60	0	12
0	117	0	91	60	0	7
0	117	0	92	60	0	10
0	117	0	93	60	0	10
0	117	0	94	60	0	3
0	117	0	95	60	0	3
0	117	0	96	60	0	0
0	117	0	88	59	0	10
0	117	0	89	59	0	6
0	117	0	90	59	0	8
0	117	0	91	59	0	10
0	117	0	92	59	0	8
0	117	0	93	59	0	12
0	117	0	94	59	0	8
0	117	0	95	59	0	5
0	117	0	89	58	0	10
0	117	0	90	58	0	4
0	117	0	91	58	0	8
0	117	0	92	58	0	14
0	117	0	93	58	0	18
0	117	0	94	58	0	5
0	117	0	91	57	0	9
0	117	0	92	57	0	14
0	117	0	93	57	0	10
0	117	0	96	55	0	6
0	117	0	94	54	0	5
0	117	0	95	54	0	10
0	117	0	96	54	0	7
0	117	0	97	54	0	7
0	117	0	101	54	0	3
0	117	0	102	54	0	8
0	117	0	103	54	0	12
0	117	0	104	54	0	11
0	117	0	93	53	0	7
0	117	0	94	53	0	18
0	117	0	95	53	0	9
0	117	0	96	53	0	2
0	117	0	97	53	0	1
0	117	0	98	53	0	10
0	117	0	99	53	0	2
0	117	0	100	53	0	1
0	117	0	101	53	0	18
0	117	0	102	53	0	18
0	117	0	103	53	0	12
0	117	0	104	53	0	11
0	117	0	105	53	0	7
0	117	0	106	53	0	7
0	117	0	93	52	0	14
0	117	0	94	52	0	4
0	117	0	95	52	0	9
0	117	0	96	52	0	12
0	117	0	97	52	0	5
0	117	0	98	52	0	6
0	117	0	99	52	0	2
0	117	0	100	52	0	9
0	117	0	101	52	0	7
0	117	0	102	52	0	5
0	117	0	103	52	0	7
0	117	0	104	52	0	8
0	117	0	105	52	0	2
0	117	0	106	52	0	17
0	117	0	107	52	0	1
0	117	0	93	51	0	4
0	117	0	94	51	0	3
0	117	0	95	51	0	5
0	117	0	96	51	0	4
0	117	0	97	51	0	16
0	117	0	98	51	0	16
0	117	0	99	51	0	10
0	117	0	100	51	0	16
0	117	0	101	51	0	9
0	117	0	102	51	0	2
0	117	0	103	51	0	12
0	117	0	104	51	0	7
0	117	0	105	51	0	7
0	117	0	106	51	0	4
0	117	0	107	51	0	6
0	117	0	93	50	0	5
0	117	0	94	50	0	9
0	117	0	95	50	0	6
0	117	0	96	50	0	10
0	117	0	97	50	0	7
0	117	0	98	50	0	4
0	117	0	99	50	0	13
0	117	0	100	50	0	9
0	117	0	101	50	0	6
0	117	0	102	50	0	4
0	117	0	103	50	0	14
0	117	0	104	50	0	6
0	117	0	105	50	0	9
0	117	0	106	50	0	12
0	117	0	107	50	0	9
0	117	0	93	49	0	1
0	117	0	94	49	0	8
0	117	0	95	49	0	20
0	117	0	96	49	0	14
0	117	0	97	49	0	15
0	117	0	98	49	0	6
0	117	0	99	49	0	10
0	117	0	100	49	0	4
0	117	0	101	49	0	4
0	117	0	102	49	0	12
0	117	0	103	49	0	10
0	117	0	104	49	0	7
0	117	0	105	49	0	6
0	117	0	106	49	0	5
0	117	0	107	49	0	3
0	117	0	108	49	0	1
0	117	0	94	48	0	4
0	117	0	95	48	0	11
0	117	0	96	48	0	8
0	117	0	97	48	0	9
0	117	0	98	48	0	11
0	117	0	99	48	0	16
0	117	0	100	48	0	12
0	117	0	101	48	0	7
0	117	0	102	48	0	3
0	117	0	103	48	0	5
0	117	0	104	48	0	7
0	117	0	105	48	0	11
0	117	0	106	48	0	1
0	117	0	107	48	0	7
0	117	0	110	48	0	5
0	117	0	111	48	0	1
0	117	0	112	48	0	3
0	117	0	113	48	0	6
0	117	0	114	48	0	8
0	117	0	115	48	0	11
0	117	0	94	47	0	4
0	117	0	95	47	0	1
0	117	0	96	47	0	11
0	117	0	97	47	0	6
0	117	0	98	47	0	12
0	117	0	99	47	0	10
0	117	0	100	47	0	3
0	117	0	101	47	0	11
0	117	0	102	47	0	11
0	117	0	103	47	0	10
0	117	0	104	47	0	7
0	117	0	105	47	0	3
0	117	0	106	47	0	5
0	117	0	107	47	0	13
0	117	0	109	47	0	6
0	117	0	110	47	0	3
0	117	0	111	47	0	8
0	117	0	112	47	0	9
0	117	0	113	47	0	3
0	117	0	114	47	0	7
0	117	0	115	47	0	8
0	117	0	116	47	0	11
0	117	0	117	47	0	4
0	117	0	93	46	0	11
0	117	0	94	46	0	10
0	117	0	95	46	0	5
0	117	0	96	46	0	13
0	117	0	97	46	0	10
0	117	0	98	46	0	6
0	117	0	99	46	0	6
0	117	0	100	46	0	7
0	117	0	101	46	0	9
0	117	0	102	46	0	7
0	117	0	103	46	0	10
0	117	0	104	46	0	11
0	117	0	105	46	0	3
0	117	0	106	46	0	8
0	117	0	107	46	0	10
0	117	0	110	46	0	1
0	117	0	111	46	0	8
0	117	0	112	46	0	10
0	117	0	113	46	0	0
0	117	0	114	46	0	6
0	117	0	115	46	0	13
0	117	0	116	46	0	10
0	117	0	117	46	0	9
0	117	0	93	45	0	12
0	117	0	94	45	0	2
0	117	0	95	45	0	8
0	117	0	96	45	0	6
0	117	0	97	45	0	8
0	117	0	98	45	0	12
0	117	0	99	45	0	9
0	117	0	100	45	0	10
0	117	0	101	45	0	4
0	117	0	102	45	0	3
0	117	0	103	45	0	13
0	117	0	104	45	0	0
0	117	0	106	45	0	12
0	117	0	110	45	0	3
0	117	0	111	45	0	9
0	117	0	112	45	0	13
0	117	0	113	45	0	15
0	117	0	114	45	0	8
0	117	0	115	45	0	4
0	117	0	116	45	0	3
0	117	0	117	45	0	6
0	117	0	118	45	0	14
0	117	0	94	44	0	12
0	117	0	95	44	0	10
0	117	0	96	44	0	10
0	117	0	97	44	0	7
0	117	0	98	44	0	7
0	117	0	99	44	0	5
0	117	0	100	44	0	12
0	117	0	101	44	0	8
0	117	0	102	44	0	4
0	117	0	111	44	0	9
0	117	0	112	44	0	15
0	117	0	113	44	0	4
0	117	0	114	44	0	10
0	117	0	115	44	0	11
0	117	0	116	44	0	1
0	117	0	117	44	0	4
0	117	0	95	43	0	6
0	117	0	96	43	0	7
0	117	0	97	43	0	7
0	117	0	98	43	0	2
0	117	0	99	43	0	4
0	117	0	100	43	0	7
0	117	0	101	43	0	1
0	117	0	111	43	0	3
0	117	0	112	43	0	6
0	117	0	113	43	0	6
0	117	0	114	43	0	10
0	117	0	115	43	0	0
0	117	0	116	43	0	11
0	117	0	117	43	0	2
0	117	0	95	42	0	10
0	117	0	96	42	0	10
0	117	0	97	42	0	2
0	117	0	98	42	0	18
0	117	0	99	42	0	8
0	117	0	100	42	0	3
0	117	0	112	42	0	4
0	117	0	113	42	0	8
0	117	0	114	42	0	12
0	117	0	115	42	0	9
0	117	0	116	42	0	3
0	117	0	95	41	0	8
0	117	0	96	41	0	8
0	117	0	97	41	0	2
0	117	0	98	41	0	4
0	117	0	99	41	0	0
0	117	0	113	41	0	0
0	117	0	97	39	0	7
0	117	0	93	38	0	2
0	117	0	94	38	0	2
0	117	0	95	38	0	7
0	117	0	96	38	0	6
0	117	0	97	38	0	7
0	117	0	98	38	0	6
0	117	0	92	37	0	0
0	117	0	93	37	0	4
0	117	0	94	37	0	6
0	117	0	95	37	0	1
0	117	0	96	37	0	11
0	117	0	97	37	0	7
0	117	0	98	37	0	9
0	117	0	99	37	0	3
0	117	0	100	37	0	10
0	117	0	101	37	0	4
0	117	0	91	36	0	1
0	117	0	92	36	0	6
0	117	0	93	36	0	18
0	117	0	94	36	0	3
0	117	0	95	36	0	8
0	117	0	96	36	0	4
0	117	0	97	36	0	9
0	117	0	98	36	0	8
0	117	0	99	36	0	0
0	117	0	100	36	0	1
0	117	0	101	36	0	2
0	117	0	91	35	0	9
0	117	0	92	35	0	3
0	117	0	93	35	0	0
0	117	0	94	35	0	0
0	117	0	95	35	0	6
0	117	0	96	35	0	6
0	117	0	97	35	0	5
0	117	0	98	35	0	8
0	117	0	99	35	0	5
0	117	0	100	35	0	0
0	117	0	101	35	0	4
0	117	0	102	35	0	3
0	117	0	92	34	0	3
0	117	0	93	34	0	9
0	117	0	94	34	0	7
0	117	0	95	34	0	14
0	117	0	96	34	0	8
0	117	0	97	34	0	7
0	117	0	98	34	0	6
0	117	0	99	34	0	17
0	117	0	100	34	0	7
0	117	0	101	34	0	0
0	117	0	102	34	0	5
0	117	0	93	33	0	3
0	117	0	94	33	0	8
0	117	0	95	33	0	0
0	117	0	96	33	0	9
0	117	0	97	33	0	11
0	117	0	98	33	0	2
0	117	0	99	33	0	13
0	117	0	100	33	0	10
0	117	0	101	33	0	5
0	117	0	102	33	0	7
0	117	0	103	33	0	0
0	117	0	93	32	0	1
0	117	0	94	32	0	4
0	117	0	95	32	0	4
0	117	0	96	32	0	5
0	117	0	97	32	0	4
0	117	0	98	32	0	4
0	117	0	99	32	0	5
0	117	0	100	32	0	1
0	117	0	101	32	0	0
0	117	0	102	32	0	5
0	117	0	92	31	0	12
0	117	0	93	31	0	1
0	117	0	95	31	0	1
0	117	0	96	31	0	6
0	117	0	97	31	0	1
0	117	0	98	31	0	2
0	117	0	99	31	0	2
0	117	0	100	31	0	8
0	117	0	101	31	0	1
0	117	0	102	31	0	3
0	117	0	103	31	0	0
0	117	0	94	30	0	2
0	117	0	95	30	0	0
0	117	0	96	30	0	1
0	117	0	100	30	0	0
0	117	0	101	30	0	11
0	117	0	103	30	0	2
0	117	0	95	29	0	1
0	117	0	96	29	0	0
0	117	0	97	29	0	0
0	117	0	99	29	0	1
0	117	0	100	29	0	0
0	117	0	101	29	0	5
0	117	0	108	29	0	2
0	117	0	96	28	0	0
0	117	0	97	28	0	3
0	117	0	98	28	0	1
0	117	0	101	28	0	1
0	117	0	102	28	0	0
0	117	0	103	28	0	7
0	117	0	105	28	0	0
0	117	0	95	27	0	1
0	117	0	97	27	0	0
0	117	0	98	27	0	2
0	117	0	99	27	0	3
0	117	0	100	27	0	0
0	117	0	102	27	0	1
0	117	0	104	27	0	3
0	117	0	97	26	0	1
0	117	0	98	26	0	4
0	117	0	99	26	0	8
0	117	0	100	26	0	1
0	117	0	101	26	0	3
0	117	0	99	25	0	20
0	117	0	100	25	0	0
0	117	0	102	25	0	0
0	117	0	99	24	0	12
0	117	0	100	24	0	2
0	117	0	101	24	0	3
0	117	0	101	22	0	0
0	118	0	95	73	0	10
0	118	0	95	72	0	12
0	118	0	96	72	0	2
0	118	0	97	72	0	10
0	118	0	98	72	0	5
0	118	0	99	72	0	7
0	118	0	100	72	0	10
0	118	0	90	71	0	0
0	118	0	91	71	0	9
0	118	0	92	71	0	13
0	118	0	93	71	0	12
0	118	0	94	71	0	5
0	118	0	95	71	0	6
0	118	0	96	71	0	2
0	118	0	97	71	0	6
0	118	0	98	71	0	3
0	118	0	99	71	0	5
0	118	0	100	71	0	5
0	118	0	101	71	0	8
0	118	0	102	71	0	7
0	118	0	89	70	0	0
0	118	0	90	70	0	1
0	118	0	91	70	0	12
0	118	0	92	70	0	5
0	118	0	93	70	0	8
0	118	0	94	70	0	7
0	118	0	95	70	0	5
0	118	0	96	70	0	12
0	118	0	97	70	0	7
0	118	0	98	70	0	10
0	118	0	99	70	0	14
0	118	0	100	70	0	11
0	118	0	101	70	0	10
0	118	0	102	70	0	8
0	118	0	87	69	0	11
0	118	0	88	69	0	3
0	118	0	89	69	0	12
0	118	0	90	69	0	6
0	118	0	91	69	0	10
0	118	0	92	69	0	1
0	118	0	93	69	0	4
0	118	0	94	69	0	6
0	118	0	95	69	0	3
0	118	0	96	69	0	11
0	118	0	97	69	0	1
0	118	0	98	69	0	5
0	118	0	99	69	0	8
0	118	0	100	69	0	5
0	118	0	101	69	0	10
0	118	0	102	69	0	6
0	118	0	86	68	0	8
0	118	0	87	68	0	5
0	118	0	88	68	0	6
0	118	0	89	68	0	5
0	118	0	90	68	0	10
0	118	0	91	68	0	11
0	118	0	92	68	0	8
0	118	0	93	68	0	3
0	118	0	94	68	0	13
0	118	0	95	68	0	4
0	118	0	96	68	0	10
0	118	0	97	68	0	8
0	118	0	98	68	0	7
0	118	0	99	68	0	10
0	118	0	100	68	0	11
0	118	0	101	68	0	8
0	118	0	102	68	0	4
0	118	0	86	67	0	1
0	118	0	87	67	0	11
0	118	0	88	67	0	6
0	118	0	89	67	0	3
0	118	0	90	67	0	21
0	118	0	91	67	0	13
0	118	0	92	67	0	10
0	118	0	93	67	0	1
0	118	0	94	67	0	14
0	118	0	95	67	0	13
0	118	0	96	67	0	13
0	118	0	97	67	0	9
0	118	0	98	67	0	5
0	118	0	99	67	0	2
0	118	0	100	67	0	2
0	118	0	101	67	0	12
0	118	0	102	67	0	7
0	118	0	87	66	0	6
0	118	0	88	66	0	17
0	118	0	89	66	0	1
0	118	0	90	66	0	14
0	118	0	91	66	0	13
0	118	0	92	66	0	7
0	118	0	93	66	0	11
0	118	0	94	66	0	16
0	118	0	95	66	0	6
0	118	0	96	66	0	17
0	118	0	97	66	0	8
0	118	0	98	66	0	7
0	118	0	99	66	0	6
0	118	0	100	66	0	7
0	118	0	101	66	0	7
0	118	0	102	66	0	12
0	118	0	87	65	0	3
0	118	0	88	65	0	5
0	118	0	89	65	0	9
0	118	0	90	65	0	11
0	118	0	91	65	0	3
0	118	0	92	65	0	5
0	118	0	93	65	0	13
0	118	0	94	65	0	9
0	118	0	95	65	0	13
0	118	0	96	65	0	7
0	118	0	97	65	0	5
0	118	0	98	65	0	9
0	118	0	99	65	0	7
0	118	0	100	65	0	6
0	118	0	101	65	0	13
0	118	0	102	65	0	6
0	118	0	103	65	0	8
0	118	0	87	64	0	12
0	118	0	88	64	0	1
0	118	0	89	64	0	3
0	118	0	90	64	0	7
0	118	0	91	64	0	7
0	118	0	92	64	0	2
0	118	0	93	64	0	10
0	118	0	94	64	0	10
0	118	0	95	64	0	12
0	118	0	96	64	0	13
0	118	0	97	64	0	22
0	118	0	98	64	0	9
0	118	0	99	64	0	10
0	118	0	100	64	0	5
0	118	0	101	64	0	9
0	118	0	102	64	0	5
0	118	0	103	64	0	6
0	118	0	86	63	0	0
0	118	0	87	63	0	6
0	118	0	88	63	0	13
0	118	0	89	63	0	8
0	118	0	90	63	0	2
0	118	0	91	63	0	12
0	118	0	92	63	0	11
0	118	0	93	63	0	8
0	118	0	94	63	0	12
0	118	0	95	63	0	18
0	118	0	96	63	0	13
0	118	0	97	63	0	13
0	118	0	98	63	0	8
0	118	0	99	63	0	2
0	118	0	100	63	0	7
0	118	0	101	63	0	11
0	118	0	102	63	0	4
0	118	0	103	63	0	14
0	118	0	87	62	0	10
0	118	0	88	62	0	10
0	118	0	89	62	0	10
0	118	0	90	62	0	7
0	118	0	91	62	0	7
0	118	0	92	62	0	10
0	118	0	93	62	0	10
0	118	0	94	62	0	4
0	118	0	95	62	0	4
0	118	0	96	62	0	5
0	118	0	97	62	0	8
0	118	0	98	62	0	11
0	118	0	99	62	0	7
0	118	0	100	62	0	15
0	118	0	101	62	0	12
0	118	0	102	62	0	7
0	118	0	87	61	0	3
0	118	0	88	61	0	5
0	118	0	89	61	0	3
0	118	0	90	61	0	18
0	118	0	91	61	0	10
0	118	0	92	61	0	14
0	118	0	93	61	0	6
0	118	0	94	61	0	9
0	118	0	95	61	0	16
0	118	0	96	61	0	6
0	118	0	97	61	0	13
0	118	0	98	61	0	5
0	118	0	99	61	0	4
0	118	0	100	61	0	4
0	118	0	88	60	0	12
0	118	0	89	60	0	11
0	118	0	90	60	0	4
0	118	0	91	60	0	10
0	118	0	92	60	0	5
0	118	0	93	60	0	9
0	118	0	94	60	0	4
0	118	0	95	60	0	1
0	118	0	96	60	0	0
0	118	0	88	59	0	9
0	118	0	89	59	0	6
0	118	0	90	59	0	6
0	118	0	91	59	0	11
0	118	0	92	59	0	12
0	118	0	93	59	0	11
0	118	0	94	59	0	12
0	118	0	95	59	0	10
0	118	0	89	58	0	9
0	118	0	90	58	0	5
0	118	0	91	58	0	12
0	118	0	92	58	0	15
0	118	0	93	58	0	15
0	118	0	94	58	0	7
0	118	0	91	57	0	5
0	118	0	92	57	0	15
0	118	0	93	57	0	8
0	118	0	96	55	0	8
0	118	0	94	54	0	6
0	118	0	95	54	0	10
0	118	0	96	54	0	12
0	118	0	97	54	0	5
0	118	0	101	54	0	2
0	118	0	102	54	0	11
0	118	0	103	54	0	15
0	118	0	104	54	0	11
0	118	0	93	53	0	13
0	118	0	94	53	0	9
0	118	0	95	53	0	6
0	118	0	96	53	0	1
0	118	0	97	53	0	1
0	118	0	98	53	0	3
0	118	0	99	53	0	3
0	118	0	100	53	0	1
0	118	0	101	53	0	16
0	118	0	102	53	0	9
0	118	0	103	53	0	12
0	118	0	104	53	0	13
0	118	0	105	53	0	5
0	118	0	106	53	0	11
0	118	0	93	52	0	13
0	118	0	94	52	0	6
0	118	0	95	52	0	5
0	118	0	96	52	0	16
0	118	0	97	52	0	5
0	118	0	98	52	0	8
0	118	0	99	52	0	5
0	118	0	100	52	0	10
0	118	0	101	52	0	7
0	118	0	102	52	0	8
0	118	0	103	52	0	7
0	118	0	104	52	0	9
0	118	0	105	52	0	3
0	118	0	106	52	0	7
0	118	0	107	52	0	0
0	118	0	93	51	0	7
0	118	0	94	51	0	2
0	118	0	95	51	0	3
0	118	0	96	51	0	4
0	118	0	97	51	0	16
0	118	0	98	51	0	14
0	118	0	99	51	0	16
0	118	0	100	51	0	21
0	118	0	101	51	0	8
0	118	0	102	51	0	4
0	118	0	103	51	0	4
0	118	0	104	51	0	9
0	118	0	105	51	0	6
0	118	0	106	51	0	3
0	118	0	107	51	0	6
0	118	0	93	50	0	7
0	118	0	94	50	0	8
0	118	0	95	50	0	11
0	118	0	96	50	0	9
0	118	0	97	50	0	10
0	118	0	98	50	0	3
0	118	0	99	50	0	10
0	118	0	100	50	0	7
0	118	0	101	50	0	7
0	118	0	102	50	0	3
0	118	0	103	50	0	13
0	118	0	104	50	0	7
0	118	0	105	50	0	11
0	118	0	106	50	0	6
0	118	0	107	50	0	8
0	118	0	93	49	0	5
0	118	0	94	49	0	3
0	118	0	95	49	0	12
0	118	0	96	49	0	14
0	118	0	97	49	0	8
0	118	0	98	49	0	8
0	118	0	99	49	0	11
0	118	0	100	49	0	3
0	118	0	101	49	0	7
0	118	0	102	49	0	11
0	118	0	103	49	0	4
0	118	0	104	49	0	4
0	118	0	105	49	0	9
0	118	0	106	49	0	7
0	118	0	107	49	0	5
0	118	0	108	49	0	1
0	118	0	114	49	0	1
0	118	0	94	48	0	4
0	118	0	95	48	0	8
0	118	0	96	48	0	7
0	118	0	97	48	0	8
0	118	0	98	48	0	3
0	118	0	99	48	0	12
0	118	0	100	48	0	17
0	118	0	101	48	0	5
0	118	0	102	48	0	9
0	118	0	103	48	0	6
0	118	0	104	48	0	8
0	118	0	105	48	0	10
0	118	0	106	48	0	4
0	118	0	107	48	0	9
0	118	0	110	48	0	5
0	118	0	111	48	0	3
0	118	0	112	48	0	3
0	118	0	113	48	0	5
0	118	0	114	48	0	8
0	118	0	115	48	0	9
0	118	0	94	47	0	4
0	118	0	95	47	0	2
0	118	0	96	47	0	10
0	118	0	97	47	0	5
0	118	0	98	47	0	16
0	118	0	99	47	0	7
0	118	0	100	47	0	1
0	118	0	101	47	0	12
0	118	0	102	47	0	14
0	118	0	103	47	0	11
0	118	0	104	47	0	4
0	118	0	105	47	0	3
0	118	0	106	47	0	6
0	118	0	107	47	0	16
0	118	0	109	47	0	9
0	118	0	110	47	0	3
0	118	0	111	47	0	7
0	118	0	112	47	0	14
0	118	0	113	47	0	8
0	118	0	114	47	0	11
0	118	0	115	47	0	17
0	118	0	116	47	0	12
0	118	0	117	47	0	5
0	118	0	93	46	0	12
0	118	0	94	46	0	13
0	118	0	95	46	0	5
0	118	0	96	46	0	12
0	118	0	97	46	0	9
0	118	0	98	46	0	9
0	118	0	99	46	0	11
0	118	0	100	46	0	6
0	118	0	101	46	0	6
0	118	0	102	46	0	7
0	118	0	103	46	0	3
0	118	0	104	46	0	7
0	118	0	105	46	0	2
0	118	0	106	46	0	7
0	118	0	107	46	0	10
0	118	0	110	46	0	1
0	118	0	111	46	0	8
0	118	0	112	46	0	7
0	118	0	113	46	0	0
0	118	0	114	46	0	10
0	118	0	115	46	0	17
0	118	0	116	46	0	13
0	118	0	117	46	0	9
0	118	0	93	45	0	4
0	118	0	94	45	0	4
0	118	0	95	45	0	9
0	118	0	96	45	0	4
0	118	0	97	45	0	9
0	118	0	98	45	0	9
0	118	0	99	45	0	9
0	118	0	100	45	0	9
0	118	0	101	45	0	8
0	118	0	102	45	0	4
0	118	0	103	45	0	16
0	118	0	104	45	0	1
0	118	0	106	45	0	12
0	118	0	110	45	0	7
0	118	0	111	45	0	14
0	118	0	112	45	0	11
0	118	0	113	45	0	16
0	118	0	114	45	0	8
0	118	0	115	45	0	2
0	118	0	116	45	0	7
0	118	0	117	45	0	9
0	118	0	118	45	0	9
0	118	0	94	44	0	14
0	118	0	95	44	0	16
0	118	0	96	44	0	7
0	118	0	97	44	0	8
0	118	0	98	44	0	6
0	118	0	99	44	0	11
0	118	0	100	44	0	15
0	118	0	101	44	0	13
0	118	0	102	44	0	5
0	118	0	111	44	0	4
0	118	0	112	44	0	6
0	118	0	113	44	0	5
0	118	0	114	44	0	14
0	118	0	115	44	0	8
0	118	0	116	44	0	2
0	118	0	117	44	0	9
0	118	0	95	43	0	13
0	118	0	96	43	0	8
0	118	0	97	43	0	9
0	118	0	98	43	0	1
0	118	0	99	43	0	6
0	118	0	100	43	0	7
0	118	0	101	43	0	2
0	118	0	111	43	0	5
0	118	0	112	43	0	4
0	118	0	113	43	0	12
0	118	0	114	43	0	11
0	118	0	115	43	0	1
0	118	0	116	43	0	12
0	118	0	117	43	0	1
0	118	0	95	42	0	10
0	118	0	96	42	0	7
0	118	0	97	42	0	1
0	118	0	98	42	0	15
0	118	0	99	42	0	9
0	118	0	100	42	0	9
0	118	0	112	42	0	3
0	118	0	113	42	0	9
0	118	0	114	42	0	7
0	118	0	115	42	0	6
0	118	0	116	42	0	3
0	118	0	95	41	0	13
0	118	0	96	41	0	7
0	118	0	97	41	0	3
0	118	0	98	41	0	10
0	118	0	99	41	0	0
0	118	0	113	41	0	1
0	118	0	97	39	0	9
0	118	0	93	38	0	3
0	118	0	94	38	0	0
0	118	0	95	38	0	4
0	118	0	96	38	0	7
0	118	0	97	38	0	10
0	118	0	98	38	0	5
0	118	0	92	37	0	2
0	118	0	93	37	0	5
0	118	0	94	37	0	7
0	118	0	95	37	0	3
0	118	0	96	37	0	7
0	118	0	97	37	0	8
0	118	0	98	37	0	10
0	118	0	99	37	0	2
0	118	0	100	37	0	6
0	118	0	101	37	0	8
0	118	0	91	36	0	2
0	118	0	92	36	0	8
0	118	0	93	36	0	10
0	118	0	94	36	0	4
0	118	0	95	36	0	7
0	118	0	96	36	0	2
0	118	0	97	36	0	10
0	118	0	98	36	0	8
0	118	0	99	36	0	0
0	118	0	100	36	0	1
0	118	0	101	36	0	5
0	118	0	91	35	0	6
0	118	0	92	35	0	4
0	118	0	93	35	0	0
0	118	0	94	35	0	0
0	118	0	95	35	0	9
0	118	0	96	35	0	5
0	118	0	97	35	0	3
0	118	0	98	35	0	3
0	118	0	99	35	0	1
0	118	0	100	35	0	0
0	118	0	101	35	0	5
0	118	0	102	35	0	2
0	118	0	92	34	0	3
0	118	0	93	34	0	11
0	118	0	94	34	0	11
0	118	0	95	34	0	8
0	118	0	96	34	0	8
0	118	0	97	34	0	2
0	118	0	98	34	0	9
0	118	0	99	34	0	12
0	118	0	100	34	0	9
0	118	0	101	34	0	0
0	118	0	102	34	0	6
0	118	0	93	33	0	0
0	118	0	94	33	0	9
0	118	0	95	33	0	0
0	118	0	96	33	0	12
0	118	0	97	33	0	13
0	118	0	98	33	0	3
0	118	0	99	33	0	10
0	118	0	100	33	0	10
0	118	0	101	33	0	6
0	118	0	102	33	0	9
0	118	0	103	33	0	0
0	118	0	93	32	0	0
0	118	0	94	32	0	7
0	118	0	95	32	0	5
0	118	0	96	32	0	5
0	118	0	97	32	0	5
0	118	0	98	32	0	4
0	118	0	99	32	0	3
0	118	0	100	32	0	2
0	118	0	101	32	0	0
0	118	0	102	32	0	4
0	118	0	103	32	0	1
0	118	0	92	31	0	8
0	118	0	93	31	0	1
0	118	0	94	31	0	1
0	118	0	95	31	0	1
0	118	0	96	31	0	4
0	118	0	97	31	0	3
0	118	0	98	31	0	2
0	118	0	99	31	0	2
0	118	0	100	31	0	8
0	118	0	101	31	0	0
0	118	0	102	31	0	4
0	118	0	103	31	0	0
0	118	0	94	30	0	4
0	118	0	95	30	0	0
0	118	0	96	30	0	0
0	118	0	97	30	0	1
0	118	0	100	30	0	0
0	118	0	101	30	0	11
0	118	0	103	30	0	4
0	118	0	95	29	0	1
0	118	0	96	29	0	0
0	118	0	97	29	0	0
0	118	0	99	29	0	1
0	118	0	100	29	0	0
0	118	0	101	29	0	4
0	118	0	103	29	0	1
0	118	0	108	29	0	2
0	118	0	96	28	0	0
0	118	0	97	28	0	3
0	118	0	98	28	0	1
0	118	0	101	28	0	3
0	118	0	102	28	0	0
0	118	0	103	28	0	6
0	118	0	105	28	0	0
0	118	0	108	28	0	1
0	118	0	95	27	0	1
0	118	0	97	27	0	0
0	118	0	98	27	0	4
0	118	0	99	27	0	3
0	118	0	100	27	0	0
0	118	0	102	27	0	1
0	118	0	104	27	0	3
0	118	0	97	26	0	1
0	118	0	98	26	0	3
0	118	0	99	26	0	6
0	118	0	100	26	0	2
0	118	0	101	26	0	2
0	118	0	103	26	0	1
0	118	0	99	25	0	14
0	118	0	100	25	0	1
0	118	0	102	25	0	0
0	118	0	99	24	0	10
0	118	0	100	24	0	3
0	118	0	101	24	0	2
0	118	0	98	23	0	1
0	118	0	101	23	0	1
0	118	0	101	22	0	0
0	119	0	95	73	0	10
0	119	0	95	72	0	7
0	119	0	96	72	0	4
0	119	0	97	72	0	12
0	119	0	98	72	0	4
0	119	0	99	72	0	5
0	119	0	100	72	0	12
0	119	0	90	71	0	0
0	119	0	91	71	0	12
0	119	0	92	71	0	11
0	119	0	93	71	0	12
0	119	0	94	71	0	1
0	119	0	95	71	0	4
0	119	0	96	71	0	4
0	119	0	97	71	0	7
0	119	0	98	71	0	2
0	119	0	99	71	0	4
0	119	0	100	71	0	6
0	119	0	101	71	0	2
0	119	0	102	71	0	9
0	119	0	89	70	0	0
0	119	0	90	70	0	1
0	119	0	91	70	0	10
0	119	0	92	70	0	3
0	119	0	93	70	0	5
0	119	0	94	70	0	8
0	119	0	95	70	0	7
0	119	0	96	70	0	14
0	119	0	97	70	0	4
0	119	0	98	70	0	6
0	119	0	99	70	0	10
0	119	0	100	70	0	17
0	119	0	101	70	0	15
0	119	0	102	70	0	9
0	119	0	87	69	0	6
0	119	0	88	69	0	3
0	119	0	89	69	0	11
0	119	0	90	69	0	7
0	119	0	91	69	0	15
0	119	0	92	69	0	0
0	119	0	93	69	0	8
0	119	0	94	69	0	3
0	119	0	95	69	0	5
0	119	0	96	69	0	7
0	119	0	97	69	0	1
0	119	0	98	69	0	7
0	119	0	99	69	0	9
0	119	0	100	69	0	5
0	119	0	101	69	0	15
0	119	0	102	69	0	4
0	119	0	86	68	0	8
0	119	0	87	68	0	7
0	119	0	88	68	0	4
0	119	0	89	68	0	5
0	119	0	90	68	0	12
0	119	0	91	68	0	9
0	119	0	92	68	0	8
0	119	0	93	68	0	2
0	119	0	94	68	0	15
0	119	0	95	68	0	6
0	119	0	96	68	0	8
0	119	0	97	68	0	7
0	119	0	98	68	0	4
0	119	0	99	68	0	13
0	119	0	100	68	0	6
0	119	0	101	68	0	9
0	119	0	102	68	0	10
0	119	0	86	67	0	0
0	119	0	87	67	0	11
0	119	0	88	67	0	6
0	119	0	89	67	0	8
0	119	0	90	67	0	19
0	119	0	91	67	0	7
0	119	0	92	67	0	13
0	119	0	93	67	0	1
0	119	0	94	67	0	15
0	119	0	95	67	0	7
0	119	0	96	67	0	14
0	119	0	97	67	0	5
0	119	0	98	67	0	1
0	119	0	99	67	0	5
0	119	0	100	67	0	3
0	119	0	101	67	0	10
0	119	0	102	67	0	7
0	119	0	87	66	0	4
0	119	0	88	66	0	12
0	119	0	89	66	0	3
0	119	0	90	66	0	8
0	119	0	91	66	0	10
0	119	0	92	66	0	12
0	119	0	93	66	0	7
0	119	0	94	66	0	13
0	119	0	95	66	0	8
0	119	0	96	66	0	10
0	119	0	97	66	0	9
0	119	0	98	66	0	8
0	119	0	99	66	0	9
0	119	0	100	66	0	5
0	119	0	101	66	0	2
0	119	0	102	66	0	12
0	119	0	87	65	0	7
0	119	0	88	65	0	3
0	119	0	89	65	0	3
0	119	0	90	65	0	8
0	119	0	91	65	0	3
0	119	0	92	65	0	10
0	119	0	93	65	0	17
0	119	0	94	65	0	7
0	119	0	95	65	0	9
0	119	0	96	65	0	7
0	119	0	97	65	0	8
0	119	0	98	65	0	15
0	119	0	99	65	0	4
0	119	0	100	65	0	10
0	119	0	101	65	0	9
0	119	0	102	65	0	8
0	119	0	103	65	0	8
0	119	0	87	64	0	8
0	119	0	88	64	0	1
0	119	0	89	64	0	5
0	119	0	90	64	0	5
0	119	0	91	64	0	7
0	119	0	92	64	0	6
0	119	0	93	64	0	11
0	119	0	94	64	0	9
0	119	0	95	64	0	11
0	119	0	96	64	0	8
0	119	0	97	64	0	12
0	119	0	98	64	0	11
0	119	0	99	64	0	9
0	119	0	100	64	0	2
0	119	0	101	64	0	3
0	119	0	102	64	0	5
0	119	0	103	64	0	4
0	119	0	86	63	0	0
0	119	0	87	63	0	1
0	119	0	88	63	0	12
0	119	0	89	63	0	9
0	119	0	90	63	0	2
0	119	0	91	63	0	10
0	119	0	92	63	0	8
0	119	0	93	63	0	7
0	119	0	94	63	0	12
0	119	0	95	63	0	12
0	119	0	96	63	0	14
0	119	0	97	63	0	9
0	119	0	98	63	0	9
0	119	0	99	63	0	2
0	119	0	100	63	0	7
0	119	0	101	63	0	8
0	119	0	102	63	0	3
0	119	0	103	63	0	13
0	119	0	87	62	0	10
0	119	0	88	62	0	7
0	119	0	89	62	0	7
0	119	0	90	62	0	5
0	119	0	91	62	0	8
0	119	0	92	62	0	6
0	119	0	93	62	0	9
0	119	0	94	62	0	5
0	119	0	95	62	0	5
0	119	0	96	62	0	7
0	119	0	97	62	0	12
0	119	0	98	62	0	9
0	119	0	99	62	0	7
0	119	0	100	62	0	10
0	119	0	101	62	0	11
0	119	0	102	62	0	5
0	119	0	87	61	0	3
0	119	0	88	61	0	8
0	119	0	89	61	0	3
0	119	0	90	61	0	7
0	119	0	91	61	0	10
0	119	0	92	61	0	13
0	119	0	93	61	0	4
0	119	0	94	61	0	14
0	119	0	95	61	0	16
0	119	0	96	61	0	7
0	119	0	97	61	0	14
0	119	0	98	61	0	4
0	119	0	99	61	0	5
0	119	0	100	61	0	2
0	119	0	88	60	0	13
0	119	0	89	60	0	9
0	119	0	90	60	0	10
0	119	0	91	60	0	8
0	119	0	92	60	0	9
0	119	0	93	60	0	10
0	119	0	94	60	0	2
0	119	0	95	60	0	2
0	119	0	96	60	0	2
0	119	0	88	59	0	10
0	119	0	89	59	0	12
0	119	0	90	59	0	5
0	119	0	91	59	0	10
0	119	0	92	59	0	8
0	119	0	93	59	0	12
0	119	0	94	59	0	11
0	119	0	95	59	0	10
0	119	0	89	58	0	15
0	119	0	90	58	0	5
0	119	0	91	58	0	12
0	119	0	92	58	0	8
0	119	0	93	58	0	12
0	119	0	94	58	0	6
0	119	0	91	57	0	7
0	119	0	92	57	0	13
0	119	0	93	57	0	6
0	119	0	96	55	0	2
0	119	0	94	54	0	10
0	119	0	95	54	0	8
0	119	0	96	54	0	11
0	119	0	97	54	0	4
0	119	0	101	54	0	2
0	119	0	102	54	0	8
0	119	0	103	54	0	17
0	119	0	104	54	0	5
0	119	0	93	53	0	17
0	119	0	94	53	0	4
0	119	0	95	53	0	6
0	119	0	96	53	0	0
0	119	0	97	53	0	1
0	119	0	98	53	0	2
0	119	0	99	53	0	4
0	119	0	100	53	0	3
0	119	0	101	53	0	11
0	119	0	102	53	0	12
0	119	0	103	53	0	10
0	119	0	104	53	0	10
0	119	0	105	53	0	7
0	119	0	106	53	0	7
0	119	0	93	52	0	14
0	119	0	94	52	0	6
0	119	0	95	52	0	7
0	119	0	96	52	0	7
0	119	0	97	52	0	5
0	119	0	98	52	0	7
0	119	0	99	52	0	9
0	119	0	100	52	0	8
0	119	0	101	52	0	8
0	119	0	102	52	0	12
0	119	0	103	52	0	7
0	119	0	104	52	0	8
0	119	0	105	52	0	5
0	119	0	106	52	0	6
0	119	0	107	52	0	0
0	119	0	93	51	0	7
0	119	0	94	51	0	3
0	119	0	95	51	0	5
0	119	0	96	51	0	5
0	119	0	97	51	0	15
0	119	0	98	51	0	8
0	119	0	99	51	0	19
0	119	0	100	51	0	10
0	119	0	101	51	0	5
0	119	0	102	51	0	4
0	119	0	103	51	0	10
0	119	0	104	51	0	7
0	119	0	105	51	0	7
0	119	0	106	51	0	3
0	119	0	107	51	0	7
0	119	0	93	50	0	9
0	119	0	94	50	0	8
0	119	0	95	50	0	5
0	119	0	96	50	0	7
0	119	0	97	50	0	9
0	119	0	98	50	0	6
0	119	0	99	50	0	11
0	119	0	100	50	0	8
0	119	0	101	50	0	5
0	119	0	102	50	0	0
0	119	0	103	50	0	11
0	119	0	104	50	0	7
0	119	0	105	50	0	12
0	119	0	106	50	0	8
0	119	0	107	50	0	5
0	119	0	93	49	0	6
0	119	0	94	49	0	6
0	119	0	95	49	0	10
0	119	0	96	49	0	13
0	119	0	97	49	0	8
0	119	0	98	49	0	12
0	119	0	99	49	0	15
0	119	0	100	49	0	7
0	119	0	101	49	0	9
0	119	0	102	49	0	10
0	119	0	103	49	0	10
0	119	0	104	49	0	3
0	119	0	105	49	0	10
0	119	0	106	49	0	10
0	119	0	107	49	0	3
0	119	0	108	49	0	1
0	119	0	114	49	0	3
0	119	0	94	48	0	5
0	119	0	95	48	0	8
0	119	0	96	48	0	9
0	119	0	97	48	0	5
0	119	0	98	48	0	5
0	119	0	99	48	0	6
0	119	0	100	48	0	12
0	119	0	101	48	0	1
0	119	0	102	48	0	6
0	119	0	103	48	0	9
0	119	0	104	48	0	7
0	119	0	105	48	0	11
0	119	0	106	48	0	7
0	119	0	107	48	0	14
0	119	0	110	48	0	9
0	119	0	111	48	0	7
0	119	0	112	48	0	13
0	119	0	113	48	0	5
0	119	0	114	48	0	7
0	119	0	115	48	0	9
0	119	0	94	47	0	6
0	119	0	95	47	0	6
0	119	0	96	47	0	8
0	119	0	97	47	0	8
0	119	0	98	47	0	17
0	119	0	99	47	0	9
0	119	0	100	47	0	3
0	119	0	101	47	0	6
0	119	0	102	47	0	10
0	119	0	103	47	0	8
0	119	0	104	47	0	5
0	119	0	105	47	0	3
0	119	0	106	47	0	7
0	119	0	107	47	0	14
0	119	0	109	47	0	8
0	119	0	110	47	0	5
0	119	0	111	47	0	8
0	119	0	112	47	0	12
0	119	0	113	47	0	5
0	119	0	114	47	0	6
0	119	0	115	47	0	11
0	119	0	116	47	0	9
0	119	0	117	47	0	5
0	119	0	93	46	0	7
0	119	0	94	46	0	10
0	119	0	95	46	0	8
0	119	0	96	46	0	8
0	119	0	97	46	0	9
0	119	0	98	46	0	8
0	119	0	99	46	0	10
0	119	0	100	46	0	10
0	119	0	101	46	0	3
0	119	0	102	46	0	7
0	119	0	103	46	0	1
0	119	0	104	46	0	3
0	119	0	105	46	0	3
0	119	0	106	46	0	3
0	119	0	107	46	0	9
0	119	0	110	46	0	1
0	119	0	111	46	0	9
0	119	0	112	46	0	11
0	119	0	113	46	0	1
0	119	0	114	46	0	6
0	119	0	115	46	0	12
0	119	0	116	46	0	8
0	119	0	117	46	0	15
0	119	0	93	45	0	4
0	119	0	94	45	0	1
0	119	0	95	45	0	7
0	119	0	96	45	0	7
0	119	0	97	45	0	8
0	119	0	98	45	0	10
0	119	0	99	45	0	13
0	119	0	100	45	0	11
0	119	0	101	45	0	4
0	119	0	102	45	0	7
0	119	0	103	45	0	8
0	119	0	104	45	0	2
0	119	0	106	45	0	10
0	119	0	110	45	0	7
0	119	0	111	45	0	16
0	119	0	112	45	0	18
0	119	0	113	45	0	12
0	119	0	114	45	0	7
0	119	0	115	45	0	5
0	119	0	116	45	0	7
0	119	0	117	45	0	7
0	119	0	118	45	0	6
0	119	0	94	44	0	6
0	119	0	95	44	0	16
0	119	0	96	44	0	6
0	119	0	97	44	0	9
0	119	0	98	44	0	9
0	119	0	99	44	0	12
0	119	0	100	44	0	5
0	119	0	101	44	0	15
0	119	0	102	44	0	4
0	119	0	111	44	0	4
0	119	0	112	44	0	2
0	119	0	113	44	0	10
0	119	0	114	44	0	5
0	119	0	115	44	0	8
0	119	0	116	44	0	3
0	119	0	117	44	0	3
0	119	0	95	43	0	8
0	119	0	96	43	0	7
0	119	0	97	43	0	11
0	119	0	98	43	0	3
0	119	0	99	43	0	5
0	119	0	100	43	0	6
0	119	0	101	43	0	0
0	119	0	111	43	0	5
0	119	0	112	43	0	2
0	119	0	113	43	0	14
0	119	0	114	43	0	10
0	119	0	115	43	0	1
0	119	0	116	43	0	5
0	119	0	117	43	0	2
0	119	0	95	42	0	10
0	119	0	96	42	0	12
0	119	0	97	42	0	1
0	119	0	98	42	0	8
0	119	0	99	42	0	14
0	119	0	100	42	0	12
0	119	0	112	42	0	1
0	119	0	113	42	0	10
0	119	0	114	42	0	3
0	119	0	115	42	0	7
0	119	0	116	42	0	5
0	119	0	95	41	0	10
0	119	0	96	41	0	10
0	119	0	97	41	0	8
0	119	0	98	41	0	15
0	119	0	99	41	0	0
0	119	0	113	41	0	0
0	119	0	97	39	0	5
0	119	0	93	38	0	2
0	119	0	94	38	0	1
0	119	0	95	38	0	5
0	119	0	96	38	0	4
0	119	0	97	38	0	15
0	119	0	98	38	0	10
0	119	0	92	37	0	2
0	119	0	93	37	0	10
0	119	0	94	37	0	5
0	119	0	95	37	0	11
0	119	0	96	37	0	10
0	119	0	97	37	0	8
0	119	0	98	37	0	10
0	119	0	99	37	0	2
0	119	0	100	37	0	5
0	119	0	101	37	0	13
0	119	0	91	36	0	1
0	119	0	92	36	0	5
0	119	0	93	36	0	11
0	119	0	94	36	0	6
0	119	0	95	36	0	12
0	119	0	96	36	0	2
0	119	0	97	36	0	17
0	119	0	98	36	0	13
0	119	0	99	36	0	0
0	119	0	100	36	0	1
0	119	0	101	36	0	3
0	119	0	102	36	0	1
0	119	0	91	35	0	7
0	119	0	92	35	0	10
0	119	0	93	35	0	0
0	119	0	94	35	0	0
0	119	0	95	35	0	8
0	119	0	96	35	0	8
0	119	0	97	35	0	7
0	119	0	98	35	0	8
0	119	0	99	35	0	2
0	119	0	100	35	0	2
0	119	0	101	35	0	1
0	119	0	102	35	0	2
0	119	0	92	34	0	2
0	119	0	93	34	0	15
0	119	0	94	34	0	15
0	119	0	95	34	0	9
0	119	0	96	34	0	8
0	119	0	97	34	0	2
0	119	0	98	34	0	14
0	119	0	99	34	0	12
0	119	0	100	34	0	12
0	119	0	101	34	0	1
0	119	0	102	34	0	8
0	119	0	93	33	0	0
0	119	0	94	33	0	6
0	119	0	95	33	0	0
0	119	0	96	33	0	17
0	119	0	97	33	0	7
0	119	0	98	33	0	2
0	119	0	99	33	0	6
0	119	0	100	33	0	14
0	119	0	101	33	0	5
0	119	0	102	33	0	15
0	119	0	103	33	0	2
0	119	0	93	32	0	0
0	119	0	94	32	0	5
0	119	0	95	32	0	7
0	119	0	96	32	0	6
0	119	0	97	32	0	4
0	119	0	98	32	0	4
0	119	0	99	32	0	1
0	119	0	100	32	0	3
0	119	0	101	32	0	0
0	119	0	102	32	0	5
0	119	0	103	32	0	2
0	119	0	92	31	0	7
0	119	0	93	31	0	3
0	119	0	94	31	0	1
0	119	0	95	31	0	2
0	119	0	96	31	0	3
0	119	0	97	31	0	3
0	119	0	98	31	0	2
0	119	0	99	31	0	3
0	119	0	100	31	0	6
0	119	0	101	31	0	0
0	119	0	102	31	0	10
0	119	0	103	31	0	0
0	119	0	94	30	0	3
0	119	0	95	30	0	1
0	119	0	96	30	0	0
0	119	0	97	30	0	0
0	119	0	99	30	0	1
0	119	0	100	30	0	0
0	119	0	101	30	0	10
0	119	0	103	30	0	11
0	119	0	95	29	0	1
0	119	0	96	29	0	0
0	119	0	97	29	0	0
0	119	0	99	29	0	1
0	119	0	100	29	0	0
0	119	0	101	29	0	9
0	119	0	103	29	0	0
0	119	0	106	29	0	1
0	119	0	108	29	0	1
0	119	0	96	28	0	0
0	119	0	97	28	0	3
0	119	0	98	28	0	0
0	119	0	99	28	0	1
0	119	0	101	28	0	2
0	119	0	102	28	0	1
0	119	0	103	28	0	8
0	119	0	105	28	0	0
0	119	0	108	28	0	1
0	119	0	95	27	0	1
0	119	0	97	27	0	0
0	119	0	98	27	0	4
0	119	0	99	27	0	3
0	119	0	100	27	0	1
0	119	0	102	27	0	0
0	119	0	104	27	0	6
0	119	0	97	26	0	0
0	119	0	98	26	0	5
0	119	0	99	26	0	11
0	119	0	100	26	0	2
0	119	0	101	26	0	4
0	119	0	102	26	0	1
0	119	0	103	26	0	1
0	119	0	99	25	0	11
0	119	0	100	25	0	3
0	119	0	102	25	0	0
0	119	0	97	24	0	1
0	119	0	99	24	0	9
0	119	0	100	24	0	5
0	119	0	101	24	0	1
0	119	0	98	23	0	0
0	119	0	101	23	0	1
0	119	0	101	22	0	0
0	120	0	95	73	0	9
0	120	0	95	72	0	2
0	120	0	96	72	0	5
0	120	0	97	72	0	8
0	120	0	98	72	0	6
0	120	0	99	72	0	8
0	120	0	100	72	0	8
0	120	0	90	71	0	0
0	120	0	91	71	0	8
0	120	0	92	71	0	11
0	120	0	93	71	0	11
0	120	0	94	71	0	2
0	120	0	95	71	0	11
0	120	0	96	71	0	4
0	120	0	97	71	0	4
0	120	0	98	71	0	4
0	120	0	99	71	0	3
0	120	0	100	71	0	4
0	120	0	101	71	0	3
0	120	0	102	71	0	4
0	120	0	89	70	0	1
0	120	0	90	70	0	0
0	120	0	91	70	0	12
0	120	0	92	70	0	3
0	120	0	93	70	0	4
0	120	0	94	70	0	10
0	120	0	95	70	0	8
0	120	0	96	70	0	10
0	120	0	97	70	0	6
0	120	0	98	70	0	4
0	120	0	99	70	0	10
0	120	0	100	70	0	7
0	120	0	101	70	0	15
0	120	0	102	70	0	9
0	120	0	87	69	0	4
0	120	0	88	69	0	4
0	120	0	89	69	0	13
0	120	0	90	69	0	13
0	120	0	91	69	0	12
0	120	0	92	69	0	0
0	120	0	93	69	0	7
0	120	0	94	69	0	1
0	120	0	95	69	0	10
0	120	0	96	69	0	6
0	120	0	97	69	0	1
0	120	0	98	69	0	8
0	120	0	99	69	0	7
0	120	0	100	69	0	8
0	120	0	101	69	0	12
0	120	0	102	69	0	3
0	120	0	86	68	0	8
0	120	0	87	68	0	12
0	120	0	88	68	0	5
0	120	0	89	68	0	4
0	120	0	90	68	0	11
0	120	0	91	68	0	5
0	120	0	92	68	0	6
0	120	0	93	68	0	1
0	120	0	94	68	0	15
0	120	0	95	68	0	5
0	120	0	96	68	0	14
0	120	0	97	68	0	11
0	120	0	98	68	0	7
0	120	0	99	68	0	8
0	120	0	100	68	0	6
0	120	0	101	68	0	14
0	120	0	102	68	0	7
0	120	0	86	67	0	0
0	120	0	87	67	0	13
0	120	0	88	67	0	6
0	120	0	89	67	0	4
0	120	0	90	67	0	15
0	120	0	91	67	0	10
0	120	0	92	67	0	17
0	120	0	93	67	0	3
0	120	0	94	67	0	10
0	120	0	95	67	0	4
0	120	0	96	67	0	11
0	120	0	97	67	0	7
0	120	0	98	67	0	0
0	120	0	99	67	0	2
0	120	0	100	67	0	0
0	120	0	101	67	0	13
0	120	0	102	67	0	4
0	120	0	87	66	0	6
0	120	0	88	66	0	7
0	120	0	89	66	0	6
0	120	0	90	66	0	7
0	120	0	91	66	0	6
0	120	0	92	66	0	7
0	120	0	93	66	0	11
0	120	0	94	66	0	17
0	120	0	95	66	0	11
0	120	0	96	66	0	12
0	120	0	97	66	0	10
0	120	0	98	66	0	7
0	120	0	99	66	0	10
0	120	0	100	66	0	3
0	120	0	101	66	0	6
0	120	0	102	66	0	15
0	120	0	87	65	0	6
0	120	0	88	65	0	2
0	120	0	89	65	0	5
0	120	0	90	65	0	10
0	120	0	91	65	0	9
0	120	0	92	65	0	7
0	120	0	93	65	0	16
0	120	0	94	65	0	8
0	120	0	95	65	0	7
0	120	0	96	65	0	3
0	120	0	97	65	0	8
0	120	0	98	65	0	11
0	120	0	99	65	0	6
0	120	0	100	65	0	7
0	120	0	101	65	0	13
0	120	0	102	65	0	7
0	120	0	103	65	0	4
0	120	0	87	64	0	8
0	120	0	88	64	0	1
0	120	0	89	64	0	5
0	120	0	90	64	0	8
0	120	0	91	64	0	14
0	120	0	92	64	0	2
0	120	0	93	64	0	13
0	120	0	94	64	0	11
0	120	0	95	64	0	16
0	120	0	96	64	0	19
0	120	0	97	64	0	11
0	120	0	98	64	0	7
0	120	0	99	64	0	15
0	120	0	100	64	0	4
0	120	0	101	64	0	3
0	120	0	102	64	0	4
0	120	0	103	64	0	2
0	120	0	86	63	0	0
0	120	0	87	63	0	4
0	120	0	88	63	0	8
0	120	0	89	63	0	14
0	120	0	90	63	0	4
0	120	0	91	63	0	4
0	120	0	92	63	0	7
0	120	0	93	63	0	12
0	120	0	94	63	0	13
0	120	0	95	63	0	8
0	120	0	96	63	0	8
0	120	0	97	63	0	11
0	120	0	98	63	0	6
0	120	0	99	63	0	4
0	120	0	100	63	0	6
0	120	0	101	63	0	9
0	120	0	102	63	0	8
0	120	0	103	63	0	11
0	120	0	87	62	0	8
0	120	0	88	62	0	2
0	120	0	89	62	0	5
0	120	0	90	62	0	4
0	120	0	91	62	0	9
0	120	0	92	62	0	8
0	120	0	93	62	0	7
0	120	0	94	62	0	3
0	120	0	95	62	0	4
0	120	0	96	62	0	12
0	120	0	97	62	0	10
0	120	0	98	62	0	13
0	120	0	99	62	0	9
0	120	0	100	62	0	12
0	120	0	101	62	0	18
0	120	0	102	62	0	5
0	120	0	87	61	0	7
0	120	0	88	61	0	5
0	120	0	89	61	0	2
0	120	0	90	61	0	8
0	120	0	91	61	0	14
0	120	0	92	61	0	12
0	120	0	93	61	0	6
0	120	0	94	61	0	7
0	120	0	95	61	0	18
0	120	0	96	61	0	7
0	120	0	97	61	0	13
0	120	0	98	61	0	4
0	120	0	99	61	0	6
0	120	0	100	61	0	4
0	120	0	88	60	0	13
0	120	0	89	60	0	8
0	120	0	90	60	0	11
0	120	0	91	60	0	13
0	120	0	92	60	0	9
0	120	0	93	60	0	8
0	120	0	94	60	0	2
0	120	0	95	60	0	1
0	120	0	96	60	0	2
0	120	0	88	59	0	7
0	120	0	89	59	0	11
0	120	0	90	59	0	12
0	120	0	91	59	0	11
0	120	0	92	59	0	6
0	120	0	93	59	0	12
0	120	0	94	59	0	9
0	120	0	95	59	0	11
0	120	0	89	58	0	8
0	120	0	90	58	0	5
0	120	0	91	58	0	10
0	120	0	92	58	0	7
0	120	0	93	58	0	8
0	120	0	94	58	0	3
0	120	0	91	57	0	4
0	120	0	92	57	0	13
0	120	0	93	57	0	7
0	120	0	96	55	0	5
0	120	0	94	54	0	12
0	120	0	95	54	0	6
0	120	0	96	54	0	5
0	120	0	97	54	0	9
0	120	0	101	54	0	2
0	120	0	102	54	0	7
0	120	0	103	54	0	16
0	120	0	104	54	0	6
0	120	0	93	53	0	13
0	120	0	94	53	0	3
0	120	0	95	53	0	4
0	120	0	96	53	0	0
0	120	0	97	53	0	3
0	120	0	98	53	0	5
0	120	0	99	53	0	2
0	120	0	100	53	0	4
0	120	0	101	53	0	9
0	120	0	102	53	0	12
0	120	0	103	53	0	11
0	120	0	104	53	0	10
0	120	0	105	53	0	8
0	120	0	106	53	0	8
0	120	0	93	52	0	7
0	120	0	94	52	0	11
0	120	0	95	52	0	8
0	120	0	96	52	0	11
0	120	0	97	52	0	6
0	120	0	98	52	0	4
0	120	0	99	52	0	12
0	120	0	100	52	0	10
0	120	0	101	52	0	8
0	120	0	102	52	0	10
0	120	0	103	52	0	6
0	120	0	104	52	0	10
0	120	0	105	52	0	3
0	120	0	106	52	0	10
0	120	0	107	52	0	0
0	120	0	93	51	0	5
0	120	0	94	51	0	7
0	120	0	95	51	0	6
0	120	0	96	51	0	9
0	120	0	97	51	0	6
0	120	0	98	51	0	12
0	120	0	99	51	0	11
0	120	0	100	51	0	9
0	120	0	101	51	0	3
0	120	0	102	51	0	8
0	120	0	103	51	0	10
0	120	0	104	51	0	10
0	120	0	105	51	0	11
0	120	0	106	51	0	4
0	120	0	107	51	0	10
0	120	0	93	50	0	10
0	120	0	94	50	0	12
0	120	0	95	50	0	5
0	120	0	96	50	0	11
0	120	0	97	50	0	8
0	120	0	98	50	0	5
0	120	0	99	50	0	15
0	120	0	100	50	0	13
0	120	0	101	50	0	1
0	120	0	102	50	0	2
0	120	0	103	50	0	8
0	120	0	104	50	0	10
0	120	0	105	50	0	20
0	120	0	106	50	0	7
0	120	0	107	50	0	6
0	120	0	93	49	0	7
0	120	0	94	49	0	8
0	120	0	95	49	0	1
0	120	0	96	49	0	16
0	120	0	97	49	0	7
0	120	0	98	49	0	11
0	120	0	99	49	0	11
0	120	0	100	49	0	7
0	120	0	101	49	0	11
0	120	0	102	49	0	9
0	120	0	103	49	0	11
0	120	0	104	49	0	4
0	120	0	105	49	0	3
0	120	0	106	49	0	6
0	120	0	107	49	0	5
0	120	0	108	49	0	4
0	120	0	114	49	0	3
0	120	0	94	48	0	3
0	120	0	95	48	0	16
0	120	0	96	48	0	10
0	120	0	97	48	0	13
0	120	0	98	48	0	9
0	120	0	99	48	0	7
0	120	0	100	48	0	8
0	120	0	101	48	0	0
0	120	0	102	48	0	7
0	120	0	103	48	0	12
0	120	0	104	48	0	9
0	120	0	105	48	0	9
0	120	0	106	48	0	5
0	120	0	107	48	0	13
0	120	0	110	48	0	6
0	120	0	111	48	0	5
0	120	0	112	48	0	6
0	120	0	113	48	0	3
0	120	0	114	48	0	11
0	120	0	115	48	0	4
0	120	0	94	47	0	3
0	120	0	95	47	0	4
0	120	0	96	47	0	13
0	120	0	97	47	0	7
0	120	0	98	47	0	12
0	120	0	99	47	0	12
0	120	0	100	47	0	4
0	120	0	101	47	0	4
0	120	0	102	47	0	6
0	120	0	103	47	0	2
0	120	0	104	47	0	3
0	120	0	105	47	0	6
0	120	0	106	47	0	5
0	120	0	107	47	0	15
0	120	0	109	47	0	11
0	120	0	110	47	0	6
0	120	0	111	47	0	9
0	120	0	112	47	0	16
0	120	0	113	47	0	7
0	120	0	114	47	0	7
0	120	0	115	47	0	10
0	120	0	116	47	0	3
0	120	0	117	47	0	6
0	120	0	93	46	0	8
0	120	0	94	46	0	9
0	120	0	95	46	0	9
0	120	0	96	46	0	6
0	120	0	97	46	0	14
0	120	0	98	46	0	9
0	120	0	99	46	0	7
0	120	0	100	46	0	6
0	120	0	101	46	0	6
0	120	0	102	46	0	13
0	120	0	103	46	0	0
0	120	0	104	46	0	3
0	120	0	105	46	0	3
0	120	0	106	46	0	2
0	120	0	107	46	0	10
0	120	0	110	46	0	1
0	120	0	111	46	0	8
0	120	0	112	46	0	11
0	120	0	113	46	0	0
0	120	0	114	46	0	7
0	120	0	115	46	0	9
0	120	0	116	46	0	6
0	120	0	117	46	0	10
0	120	0	93	45	0	6
0	120	0	94	45	0	1
0	120	0	95	45	0	6
0	120	0	96	45	0	9
0	120	0	97	45	0	6
0	120	0	98	45	0	14
0	120	0	99	45	0	14
0	120	0	100	45	0	11
0	120	0	101	45	0	4
0	120	0	102	45	0	8
0	120	0	103	45	0	8
0	120	0	104	45	0	2
0	120	0	106	45	0	14
0	120	0	110	45	0	4
0	120	0	111	45	0	15
0	120	0	112	45	0	13
0	120	0	113	45	0	9
0	120	0	114	45	0	3
0	120	0	115	45	0	4
0	120	0	116	45	0	3
0	120	0	117	45	0	3
0	120	0	118	45	0	3
0	120	0	94	44	0	11
0	120	0	95	44	0	19
0	120	0	96	44	0	8
0	120	0	97	44	0	9
0	120	0	98	44	0	8
0	120	0	99	44	0	10
0	120	0	100	44	0	6
0	120	0	101	44	0	17
0	120	0	102	44	0	4
0	120	0	111	44	0	2
0	120	0	112	44	0	3
0	120	0	113	44	0	7
0	120	0	114	44	0	9
0	120	0	115	44	0	12
0	120	0	116	44	0	3
0	120	0	117	44	0	3
0	120	0	95	43	0	5
0	120	0	96	43	0	5
0	120	0	97	43	0	11
0	120	0	98	43	0	9
0	120	0	99	43	0	10
0	120	0	100	43	0	6
0	120	0	101	43	0	1
0	120	0	111	43	0	6
0	120	0	112	43	0	1
0	120	0	113	43	0	10
0	120	0	114	43	0	7
0	120	0	115	43	0	4
0	120	0	116	43	0	4
0	120	0	117	43	0	3
0	120	0	95	42	0	16
0	120	0	96	42	0	14
0	120	0	97	42	0	2
0	120	0	98	42	0	11
0	120	0	99	42	0	7
0	120	0	100	42	0	9
0	120	0	112	42	0	5
0	120	0	113	42	0	10
0	120	0	114	42	0	6
0	120	0	115	42	0	8
0	120	0	116	42	0	2
0	120	0	95	41	0	9
0	120	0	96	41	0	3
0	120	0	97	41	0	12
0	120	0	98	41	0	9
0	120	0	99	41	0	1
0	120	0	113	41	0	2
0	120	0	97	39	0	7
0	120	0	93	38	0	2
0	120	0	94	38	0	2
0	120	0	95	38	0	12
0	120	0	96	38	0	7
0	120	0	97	38	0	15
0	120	0	98	38	0	11
0	120	0	92	37	0	3
0	120	0	93	37	0	16
0	120	0	94	37	0	5
0	120	0	95	37	0	20
0	120	0	96	37	0	11
0	120	0	97	37	0	9
0	120	0	98	37	0	8
0	120	0	99	37	0	0
0	120	0	100	37	0	3
0	120	0	101	37	0	14
0	120	0	91	36	0	0
0	120	0	92	36	0	5
0	120	0	93	36	0	3
0	120	0	94	36	0	3
0	120	0	95	36	0	7
0	120	0	96	36	0	3
0	120	0	97	36	0	15
0	120	0	98	36	0	17
0	120	0	99	36	0	0
0	120	0	100	36	0	1
0	120	0	101	36	0	5
0	120	0	102	36	0	0
0	120	0	91	35	0	16
0	120	0	92	35	0	8
0	120	0	93	35	0	0
0	120	0	94	35	0	0
0	120	0	95	35	0	7
0	120	0	96	35	0	11
0	120	0	97	35	0	12
0	120	0	98	35	0	11
0	120	0	99	35	0	4
0	120	0	100	35	0	2
0	120	0	101	35	0	1
0	120	0	102	35	0	2
0	120	0	92	34	0	1
0	120	0	93	34	0	9
0	120	0	94	34	0	11
0	120	0	95	34	0	7
0	120	0	96	34	0	10
0	120	0	97	34	0	4
0	120	0	98	34	0	14
0	120	0	99	34	0	10
0	120	0	100	34	0	6
0	120	0	101	34	0	7
0	120	0	102	34	0	8
0	120	0	92	33	0	1
0	120	0	93	33	0	1
0	120	0	94	33	0	13
0	120	0	95	33	0	0
0	120	0	96	33	0	15
0	120	0	97	33	0	8
0	120	0	98	33	0	0
0	120	0	99	33	0	6
0	120	0	100	33	0	13
0	120	0	101	33	0	2
0	120	0	102	33	0	8
0	120	0	103	33	0	2
0	120	0	93	32	0	0
0	120	0	94	32	0	7
0	120	0	95	32	0	3
0	120	0	96	32	0	7
0	120	0	97	32	0	4
0	120	0	98	32	0	5
0	120	0	99	32	0	2
0	120	0	100	32	0	2
0	120	0	101	32	0	2
0	120	0	102	32	0	3
0	120	0	103	32	0	1
0	120	0	92	31	0	5
0	120	0	93	31	0	1
0	120	0	94	31	0	1
0	120	0	95	31	0	3
0	120	0	96	31	0	8
0	120	0	97	31	0	6
0	120	0	98	31	0	3
0	120	0	99	31	0	6
0	120	0	100	31	0	9
0	120	0	101	31	0	0
0	120	0	102	31	0	12
0	120	0	103	31	0	0
0	120	0	94	30	0	3
0	120	0	95	30	0	2
0	120	0	96	30	0	1
0	120	0	97	30	0	0
0	120	0	99	30	0	0
0	120	0	100	30	0	0
0	120	0	101	30	0	9
0	120	0	102	30	0	1
0	120	0	103	30	0	12
0	120	0	95	29	0	2
0	120	0	96	29	0	0
0	120	0	97	29	0	0
0	120	0	99	29	0	0
0	120	0	100	29	0	1
0	120	0	101	29	0	6
0	120	0	103	29	0	0
0	120	0	106	29	0	0
0	120	0	108	29	0	0
0	120	0	96	28	0	0
0	120	0	97	28	0	3
0	120	0	98	28	0	0
0	120	0	99	28	0	1
0	120	0	101	28	0	4
0	120	0	102	28	0	4
0	120	0	103	28	0	10
0	120	0	105	28	0	0
0	120	0	108	28	0	1
0	120	0	95	27	0	2
0	120	0	97	27	0	0
0	120	0	98	27	0	4
0	120	0	99	27	0	2
0	120	0	100	27	0	1
0	120	0	102	27	0	1
0	120	0	103	27	0	1
0	120	0	104	27	0	5
0	120	0	97	26	0	0
0	120	0	98	26	0	5
0	120	0	99	26	0	11
0	120	0	100	26	0	4
0	120	0	101	26	0	3
0	120	0	102	26	0	0
0	120	0	103	26	0	1
0	120	0	99	25	0	6
0	120	0	100	25	0	5
0	120	0	101	25	0	1
0	120	0	102	25	0	2
0	120	0	97	24	0	0
0	120	0	99	24	0	10
0	120	0	100	24	0	7
0	120	0	101	24	0	1
0	120	0	98	23	0	0
0	120	0	101	23	0	0
0	120	0	101	22	0	0
0	121	0	95	73	0	14
0	121	0	95	72	0	3
0	121	0	96	72	0	8
0	121	0	97	72	0	10
0	121	0	98	72	0	6
0	121	0	99	72	0	8
0	121	0	100	72	0	14
0	121	0	90	71	0	0
0	121	0	91	71	0	8
0	121	0	92	71	0	8
0	121	0	93	71	0	10
0	121	0	94	71	0	5
0	121	0	95	71	0	10
0	121	0	96	71	0	3
0	121	0	97	71	0	6
0	121	0	98	71	0	5
0	121	0	99	71	0	9
0	121	0	100	71	0	3
0	121	0	101	71	0	5
0	121	0	102	71	0	3
0	121	0	89	70	0	1
0	121	0	90	70	0	1
0	121	0	91	70	0	15
0	121	0	92	70	0	1
0	121	0	93	70	0	7
0	121	0	94	70	0	7
0	121	0	95	70	0	7
0	121	0	96	70	0	16
0	121	0	97	70	0	6
0	121	0	98	70	0	9
0	121	0	99	70	0	12
0	121	0	100	70	0	7
0	121	0	101	70	0	14
0	121	0	102	70	0	10
0	121	0	87	69	0	3
0	121	0	88	69	0	7
0	121	0	89	69	0	14
0	121	0	90	69	0	9
0	121	0	91	69	0	5
0	121	0	92	69	0	0
0	121	0	93	69	0	4
0	121	0	94	69	0	1
0	121	0	95	69	0	5
0	121	0	96	69	0	4
0	121	0	97	69	0	2
0	121	0	98	69	0	6
0	121	0	99	69	0	6
0	121	0	100	69	0	7
0	121	0	101	69	0	9
0	121	0	102	69	0	5
0	121	0	86	68	0	11
0	121	0	87	68	0	11
0	121	0	88	68	0	10
0	121	0	89	68	0	6
0	121	0	90	68	0	12
0	121	0	91	68	0	3
0	121	0	92	68	0	11
0	121	0	93	68	0	4
0	121	0	94	68	0	9
0	121	0	95	68	0	4
0	121	0	96	68	0	12
0	121	0	97	68	0	10
0	121	0	98	68	0	10
0	121	0	99	68	0	15
0	121	0	100	68	0	8
0	121	0	101	68	0	15
0	121	0	102	68	0	11
0	121	0	86	67	0	0
0	121	0	87	67	0	10
0	121	0	88	67	0	7
0	121	0	89	67	0	4
0	121	0	90	67	0	7
0	121	0	91	67	0	12
0	121	0	92	67	0	22
0	121	0	93	67	0	8
0	121	0	94	67	0	10
0	121	0	95	67	0	3
0	121	0	96	67	0	8
0	121	0	97	67	0	14
0	121	0	98	67	0	0
0	121	0	99	67	0	2
0	121	0	100	67	0	2
0	121	0	101	67	0	11
0	121	0	102	67	0	7
0	121	0	87	66	0	5
0	121	0	88	66	0	6
0	121	0	89	66	0	9
0	121	0	90	66	0	12
0	121	0	91	66	0	7
0	121	0	92	66	0	10
0	121	0	93	66	0	11
0	121	0	94	66	0	13
0	121	0	95	66	0	8
0	121	0	96	66	0	9
0	121	0	97	66	0	8
0	121	0	98	66	0	6
0	121	0	99	66	0	8
0	121	0	100	66	0	3
0	121	0	101	66	0	7
0	121	0	102	66	0	14
0	121	0	87	65	0	4
0	121	0	88	65	0	2
0	121	0	89	65	0	4
0	121	0	90	65	0	9
0	121	0	91	65	0	11
0	121	0	92	65	0	6
0	121	0	93	65	0	15
0	121	0	94	65	0	4
0	121	0	95	65	0	9
0	121	0	96	65	0	5
0	121	0	97	65	0	9
0	121	0	98	65	0	11
0	121	0	99	65	0	5
0	121	0	100	65	0	3
0	121	0	101	65	0	8
0	121	0	102	65	0	4
0	121	0	103	65	0	7
0	121	0	87	64	0	6
0	121	0	88	64	0	1
0	121	0	89	64	0	5
0	121	0	90	64	0	9
0	121	0	91	64	0	14
0	121	0	92	64	0	3
0	121	0	93	64	0	9
0	121	0	94	64	0	6
0	121	0	95	64	0	11
0	121	0	96	64	0	12
0	121	0	97	64	0	8
0	121	0	98	64	0	8
0	121	0	99	64	0	16
0	121	0	100	64	0	2
0	121	0	101	64	0	4
0	121	0	102	64	0	2
0	121	0	103	64	0	1
0	121	0	86	63	0	1
0	121	0	87	63	0	5
0	121	0	88	63	0	10
0	121	0	89	63	0	5
0	121	0	90	63	0	7
0	121	0	91	63	0	5
0	121	0	92	63	0	4
0	121	0	93	63	0	15
0	121	0	94	63	0	15
0	121	0	95	63	0	8
0	121	0	96	63	0	6
0	121	0	97	63	0	9
0	121	0	98	63	0	7
0	121	0	99	63	0	5
0	121	0	100	63	0	5
0	121	0	101	63	0	7
0	121	0	102	63	0	7
0	121	0	103	63	0	9
0	121	0	87	62	0	11
0	121	0	88	62	0	7
0	121	0	89	62	0	6
0	121	0	90	62	0	2
0	121	0	91	62	0	6
0	121	0	92	62	0	10
0	121	0	93	62	0	7
0	121	0	94	62	0	2
0	121	0	95	62	0	5
0	121	0	96	62	0	10
0	121	0	97	62	0	7
0	121	0	98	62	0	14
0	121	0	99	62	0	11
0	121	0	100	62	0	14
0	121	0	101	62	0	13
0	121	0	102	62	0	9
0	121	0	87	61	0	9
0	121	0	88	61	0	11
0	121	0	89	61	0	3
0	121	0	90	61	0	6
0	121	0	91	61	0	11
0	121	0	92	61	0	10
0	121	0	93	61	0	4
0	121	0	94	61	0	5
0	121	0	95	61	0	13
0	121	0	96	61	0	10
0	121	0	97	61	0	12
0	121	0	98	61	0	6
0	121	0	99	61	0	3
0	121	0	100	61	0	2
0	121	0	88	60	0	13
0	121	0	89	60	0	6
0	121	0	90	60	0	9
0	121	0	91	60	0	13
0	121	0	92	60	0	3
0	121	0	93	60	0	6
0	121	0	94	60	0	2
0	121	0	95	60	0	1
0	121	0	96	60	0	2
0	121	0	88	59	0	9
0	121	0	89	59	0	13
0	121	0	90	59	0	6
0	121	0	91	59	0	6
0	121	0	92	59	0	7
0	121	0	93	59	0	8
0	121	0	94	59	0	3
0	121	0	95	59	0	9
0	121	0	89	58	0	8
0	121	0	90	58	0	6
0	121	0	91	58	0	8
0	121	0	92	58	0	8
0	121	0	93	58	0	10
0	121	0	94	58	0	8
0	121	0	91	57	0	5
0	121	0	92	57	0	8
0	121	0	93	57	0	3
0	121	0	96	55	0	5
0	121	0	94	54	0	9
0	121	0	95	54	0	5
0	121	0	96	54	0	8
0	121	0	97	54	0	0
0	121	0	101	54	0	6
0	121	0	102	54	0	8
0	121	0	103	54	0	16
0	121	0	104	54	0	7
0	121	0	93	53	0	13
0	121	0	94	53	0	8
0	121	0	95	53	0	6
0	121	0	96	53	0	1
0	121	0	97	53	0	2
0	121	0	98	53	0	6
0	121	0	99	53	0	1
0	121	0	100	53	0	8
0	121	0	101	53	0	6
0	121	0	102	53	0	18
0	121	0	103	53	0	13
0	121	0	104	53	0	9
0	121	0	105	53	0	6
0	121	0	106	53	0	9
0	121	0	93	52	0	7
0	121	0	94	52	0	4
0	121	0	95	52	0	6
0	121	0	96	52	0	13
0	121	0	97	52	0	6
0	121	0	98	52	0	6
0	121	0	99	52	0	11
0	121	0	100	52	0	6
0	121	0	101	52	0	13
0	121	0	102	52	0	9
0	121	0	103	52	0	8
0	121	0	104	52	0	8
0	121	0	105	52	0	3
0	121	0	106	52	0	10
0	121	0	107	52	0	0
0	121	0	93	51	0	5
0	121	0	94	51	0	8
0	121	0	95	51	0	7
0	121	0	96	51	0	9
0	121	0	97	51	0	9
0	121	0	98	51	0	13
0	121	0	99	51	0	10
0	121	0	100	51	0	14
0	121	0	101	51	0	2
0	121	0	102	51	0	12
0	121	0	103	51	0	17
0	121	0	104	51	0	11
0	121	0	105	51	0	10
0	121	0	106	51	0	3
0	121	0	107	51	0	5
0	121	0	93	50	0	7
0	121	0	94	50	0	10
0	121	0	95	50	0	8
0	121	0	96	50	0	13
0	121	0	97	50	0	4
0	121	0	98	50	0	3
0	121	0	99	50	0	21
0	121	0	100	50	0	7
0	121	0	101	50	0	4
0	121	0	102	50	0	2
0	121	0	103	50	0	6
0	121	0	104	50	0	1
0	121	0	105	50	0	10
0	121	0	106	50	0	9
0	121	0	107	50	0	3
0	121	0	93	49	0	8
0	121	0	94	49	0	6
0	121	0	95	49	0	1
0	121	0	96	49	0	11
0	121	0	97	49	0	5
0	121	0	98	49	0	9
0	121	0	99	49	0	7
0	121	0	100	49	0	3
0	121	0	101	49	0	6
0	121	0	102	49	0	5
0	121	0	103	49	0	11
0	121	0	104	49	0	6
0	121	0	105	49	0	5
0	121	0	106	49	0	3
0	121	0	107	49	0	4
0	121	0	108	49	0	2
0	121	0	114	49	0	3
0	121	0	94	48	0	8
0	121	0	95	48	0	12
0	121	0	96	48	0	10
0	121	0	97	48	0	6
0	121	0	98	48	0	13
0	121	0	99	48	0	6
0	121	0	100	48	0	6
0	121	0	101	48	0	1
0	121	0	102	48	0	6
0	121	0	103	48	0	8
0	121	0	104	48	0	10
0	121	0	105	48	0	12
0	121	0	106	48	0	5
0	121	0	107	48	0	10
0	121	0	110	48	0	11
0	121	0	111	48	0	8
0	121	0	112	48	0	11
0	121	0	113	48	0	8
0	121	0	114	48	0	10
0	121	0	115	48	0	0
0	121	0	94	47	0	3
0	121	0	95	47	0	6
0	121	0	96	47	0	8
0	121	0	97	47	0	7
0	121	0	98	47	0	9
0	121	0	99	47	0	12
0	121	0	100	47	0	8
0	121	0	101	47	0	6
0	121	0	102	47	0	8
0	121	0	103	47	0	1
0	121	0	104	47	0	2
0	121	0	105	47	0	4
0	121	0	106	47	0	6
0	121	0	107	47	0	12
0	121	0	109	47	0	8
0	121	0	110	47	0	2
0	121	0	111	47	0	13
0	121	0	112	47	0	16
0	121	0	113	47	0	9
0	121	0	114	47	0	8
0	121	0	115	47	0	12
0	121	0	116	47	0	3
0	121	0	117	47	0	7
0	121	0	93	46	0	7
0	121	0	94	46	0	6
0	121	0	95	46	0	12
0	121	0	96	46	0	9
0	121	0	97	46	0	9
0	121	0	98	46	0	7
0	121	0	99	46	0	6
0	121	0	100	46	0	1
0	121	0	101	46	0	10
0	121	0	102	46	0	14
0	121	0	103	46	0	0
0	121	0	104	46	0	3
0	121	0	105	46	0	3
0	121	0	106	46	0	3
0	121	0	107	46	0	15
0	121	0	110	46	0	0
0	121	0	111	46	0	8
0	121	0	112	46	0	10
0	121	0	113	46	0	1
0	121	0	114	46	0	9
0	121	0	115	46	0	14
0	121	0	116	46	0	9
0	121	0	117	46	0	9
0	121	0	93	45	0	8
0	121	0	94	45	0	3
0	121	0	95	45	0	11
0	121	0	96	45	0	12
0	121	0	97	45	0	5
0	121	0	98	45	0	11
0	121	0	99	45	0	12
0	121	0	100	45	0	13
0	121	0	101	45	0	6
0	121	0	102	45	0	10
0	121	0	103	45	0	9
0	121	0	104	45	0	5
0	121	0	106	45	0	12
0	121	0	110	45	0	8
0	121	0	111	45	0	13
0	121	0	112	45	0	12
0	121	0	113	45	0	4
0	121	0	114	45	0	3
0	121	0	115	45	0	3
0	121	0	116	45	0	5
0	121	0	117	45	0	4
0	121	0	118	45	0	3
0	121	0	94	44	0	12
0	121	0	95	44	0	11
0	121	0	96	44	0	9
0	121	0	97	44	0	5
0	121	0	98	44	0	12
0	121	0	99	44	0	8
0	121	0	100	44	0	6
0	121	0	101	44	0	16
0	121	0	102	44	0	3
0	121	0	111	44	0	2
0	121	0	112	44	0	7
0	121	0	113	44	0	16
0	121	0	114	44	0	8
0	121	0	115	44	0	5
0	121	0	116	44	0	7
0	121	0	117	44	0	4
0	121	0	95	43	0	6
0	121	0	96	43	0	4
0	121	0	97	43	0	11
0	121	0	98	43	0	6
0	121	0	99	43	0	13
0	121	0	100	43	0	7
0	121	0	101	43	0	2
0	121	0	111	43	0	10
0	121	0	112	43	0	3
0	121	0	113	43	0	16
0	121	0	114	43	0	2
0	121	0	115	43	0	5
0	121	0	116	43	0	6
0	121	0	117	43	0	7
0	121	0	95	42	0	9
0	121	0	96	42	0	10
0	121	0	97	42	0	6
0	121	0	98	42	0	11
0	121	0	99	42	0	8
0	121	0	100	42	0	7
0	121	0	112	42	0	8
0	121	0	113	42	0	7
0	121	0	114	42	0	5
0	121	0	115	42	0	15
0	121	0	116	42	0	4
0	121	0	95	41	0	10
0	121	0	96	41	0	3
0	121	0	97	41	0	14
0	121	0	98	41	0	13
0	121	0	99	41	0	0
0	121	0	113	41	0	4
0	121	0	97	39	0	7
0	121	0	93	38	0	2
0	121	0	94	38	0	6
0	121	0	95	38	0	9
0	121	0	96	38	0	6
0	121	0	97	38	0	11
0	121	0	98	38	0	12
0	121	0	92	37	0	3
0	121	0	93	37	0	10
0	121	0	94	37	0	5
0	121	0	95	37	0	18
0	121	0	96	37	0	12
0	121	0	97	37	0	8
0	121	0	98	37	0	8
0	121	0	99	37	0	1
0	121	0	100	37	0	4
0	121	0	101	37	0	11
0	121	0	91	36	0	0
0	121	0	92	36	0	5
0	121	0	93	36	0	6
0	121	0	94	36	0	4
0	121	0	95	36	0	7
0	121	0	96	36	0	3
0	121	0	97	36	0	13
0	121	0	98	36	0	14
0	121	0	99	36	0	2
0	121	0	100	36	0	1
0	121	0	101	36	0	8
0	121	0	102	36	0	0
0	121	0	91	35	0	7
0	121	0	92	35	0	12
0	121	0	93	35	0	0
0	121	0	94	35	0	1
0	121	0	95	35	0	9
0	121	0	96	35	0	9
0	121	0	97	35	0	9
0	121	0	98	35	0	9
0	121	0	99	35	0	6
0	121	0	100	35	0	4
0	121	0	101	35	0	2
0	121	0	102	35	0	0
0	121	0	92	34	0	2
0	121	0	93	34	0	8
0	121	0	94	34	0	13
0	121	0	95	34	0	10
0	121	0	96	34	0	16
0	121	0	97	34	0	4
0	121	0	98	34	0	9
0	121	0	99	34	0	10
0	121	0	100	34	0	8
0	121	0	101	34	0	7
0	121	0	102	34	0	8
0	121	0	103	34	0	1
0	121	0	92	33	0	1
0	121	0	93	33	0	1
0	121	0	94	33	0	13
0	121	0	95	33	0	0
0	121	0	96	33	0	10
0	121	0	97	33	0	10
0	121	0	98	33	0	2
0	121	0	99	33	0	3
0	121	0	100	33	0	9
0	121	0	101	33	0	3
0	121	0	102	33	0	5
0	121	0	103	33	0	3
0	121	0	93	32	0	0
0	121	0	94	32	0	12
0	121	0	95	32	0	2
0	121	0	96	32	0	4
0	121	0	97	32	0	6
0	121	0	98	32	0	4
0	121	0	99	32	0	3
0	121	0	100	32	0	4
0	121	0	101	32	0	1
0	121	0	102	32	0	8
0	121	0	103	32	0	0
0	121	0	92	31	0	1
0	121	0	93	31	0	3
0	121	0	94	31	0	1
0	121	0	95	31	0	3
0	121	0	96	31	0	15
0	121	0	97	31	0	6
0	121	0	98	31	0	2
0	121	0	99	31	0	8
0	121	0	100	31	0	9
0	121	0	101	31	0	0
0	121	0	102	31	0	8
0	121	0	103	31	0	0
0	121	0	94	30	0	7
0	121	0	95	30	0	1
0	121	0	96	30	0	1
0	121	0	97	30	0	0
0	121	0	99	30	0	0
0	121	0	100	30	0	2
0	121	0	101	30	0	8
0	121	0	102	30	0	0
0	121	0	103	30	0	4
0	121	0	95	29	0	1
0	121	0	96	29	0	0
0	121	0	97	29	0	0
0	121	0	99	29	0	0
0	121	0	100	29	0	5
0	121	0	101	29	0	7
0	121	0	102	29	0	1
0	121	0	103	29	0	0
0	121	0	106	29	0	0
0	121	0	108	29	0	0
0	121	0	96	28	0	0
0	121	0	97	28	0	2
0	121	0	98	28	0	1
0	121	0	99	28	0	3
0	121	0	100	28	0	1
0	121	0	101	28	0	5
0	121	0	102	28	0	7
0	121	0	103	28	0	9
0	121	0	105	28	0	0
0	121	0	108	28	0	2
0	121	0	95	27	0	2
0	121	0	97	27	0	0
0	121	0	98	27	0	2
0	121	0	99	27	0	3
0	121	0	100	27	0	2
0	121	0	102	27	0	1
0	121	0	103	27	0	1
0	121	0	104	27	0	6
0	121	0	105	27	0	1
0	121	0	97	26	0	1
0	121	0	98	26	0	6
0	121	0	99	26	0	10
0	121	0	100	26	0	4
0	121	0	101	26	0	8
0	121	0	102	26	0	0
0	121	0	103	26	0	4
0	121	0	104	26	0	1
0	121	0	105	26	0	1
0	121	0	99	25	0	7
0	121	0	100	25	0	7
0	121	0	101	25	0	1
0	121	0	102	25	0	4
0	121	0	97	24	0	0
0	121	0	99	24	0	13
0	121	0	100	24	0	3
0	121	0	101	24	0	2
0	121	0	98	23	0	0
0	121	0	101	23	0	0
0	121	0	100	22	0	1
0	121	0	101	22	0	0
0	122	0	95	73	0	13
0	122	0	95	72	0	6
0	122	0	96	72	0	10
0	122	0	97	72	0	9
0	122	0	98	72	0	5
0	122	0	99	72	0	6
0	122	0	100	72	0	8
0	122	0	90	71	0	0
0	122	0	91	71	0	8
0	122	0	92	71	0	5
0	122	0	93	71	0	10
0	122	0	94	71	0	8
0	122	0	95	71	0	7
0	122	0	96	71	0	5
0	122	0	97	71	0	13
0	122	0	98	71	0	5
0	122	0	99	71	0	14
0	122	0	100	71	0	2
0	122	0	101	71	0	3
0	122	0	102	71	0	5
0	122	0	89	70	0	1
0	122	0	90	70	0	2
0	122	0	91	70	0	8
0	122	0	92	70	0	1
0	122	0	93	70	0	7
0	122	0	94	70	0	4
0	122	0	95	70	0	9
0	122	0	96	70	0	10
0	122	0	97	70	0	3
0	122	0	98	70	0	8
0	122	0	99	70	0	16
0	122	0	100	70	0	5
0	122	0	101	70	0	18
0	122	0	102	70	0	11
0	122	0	87	69	0	2
0	122	0	88	69	0	2
0	122	0	89	69	0	19
0	122	0	90	69	0	5
0	122	0	91	69	0	10
0	122	0	92	69	0	0
0	122	0	93	69	0	4
0	122	0	94	69	0	3
0	122	0	95	69	0	2
0	122	0	96	69	0	5
0	122	0	97	69	0	7
0	122	0	98	69	0	5
0	122	0	99	69	0	6
0	122	0	100	69	0	5
0	122	0	101	69	0	11
0	122	0	102	69	0	8
0	122	0	86	68	0	7
0	122	0	87	68	0	12
0	122	0	88	68	0	10
0	122	0	89	68	0	7
0	122	0	90	68	0	11
0	122	0	91	68	0	2
0	122	0	92	68	0	9
0	122	0	93	68	0	7
0	122	0	94	68	0	10
0	122	0	95	68	0	6
0	122	0	96	68	0	8
0	122	0	97	68	0	8
0	122	0	98	68	0	8
0	122	0	99	68	0	16
0	122	0	100	68	0	7
0	122	0	101	68	0	11
0	122	0	102	68	0	14
0	122	0	86	67	0	0
0	122	0	87	67	0	10
0	122	0	88	67	0	7
0	122	0	89	67	0	6
0	122	0	90	67	0	5
0	122	0	91	67	0	15
0	122	0	92	67	0	13
0	122	0	93	67	0	9
0	122	0	94	67	0	12
0	122	0	95	67	0	5
0	122	0	96	67	0	4
0	122	0	97	67	0	16
0	122	0	98	67	0	0
0	122	0	99	67	0	6
0	122	0	100	67	0	4
0	122	0	101	67	0	6
0	122	0	102	67	0	6
0	122	0	87	66	0	6
0	122	0	88	66	0	10
0	122	0	89	66	0	6
0	122	0	90	66	0	11
0	122	0	91	66	0	6
0	122	0	92	66	0	13
0	122	0	93	66	0	11
0	122	0	94	66	0	10
0	122	0	95	66	0	13
0	122	0	96	66	0	9
0	122	0	97	66	0	7
0	122	0	98	66	0	13
0	122	0	99	66	0	6
0	122	0	100	66	0	4
0	122	0	101	66	0	3
0	122	0	102	66	0	16
0	122	0	87	65	0	2
0	122	0	88	65	0	3
0	122	0	89	65	0	5
0	122	0	90	65	0	9
0	122	0	91	65	0	14
0	122	0	92	65	0	4
0	122	0	93	65	0	13
0	122	0	94	65	0	2
0	122	0	95	65	0	14
0	122	0	96	65	0	6
0	122	0	97	65	0	13
0	122	0	98	65	0	12
0	122	0	99	65	0	6
0	122	0	100	65	0	6
0	122	0	101	65	0	12
0	122	0	102	65	0	6
0	122	0	103	65	0	7
0	122	0	87	64	0	11
0	122	0	88	64	0	2
0	122	0	89	64	0	3
0	122	0	90	64	0	10
0	122	0	91	64	0	7
0	122	0	92	64	0	3
0	122	0	93	64	0	13
0	122	0	94	64	0	10
0	122	0	95	64	0	8
0	122	0	96	64	0	14
0	122	0	97	64	0	14
0	122	0	98	64	0	14
0	122	0	99	64	0	12
0	122	0	100	64	0	3
0	122	0	101	64	0	3
0	122	0	102	64	0	2
0	122	0	103	64	0	0
0	122	0	86	63	0	2
0	122	0	87	63	0	6
0	122	0	88	63	0	6
0	122	0	89	63	0	3
0	122	0	90	63	0	7
0	122	0	91	63	0	8
0	122	0	92	63	0	6
0	122	0	93	63	0	7
0	122	0	94	63	0	9
0	122	0	95	63	0	13
0	122	0	96	63	0	6
0	122	0	97	63	0	10
0	122	0	98	63	0	8
0	122	0	99	63	0	11
0	122	0	100	63	0	3
0	122	0	101	63	0	5
0	122	0	102	63	0	7
0	122	0	103	63	0	7
0	122	0	87	62	0	5
0	122	0	88	62	0	3
0	122	0	89	62	0	5
0	122	0	90	62	0	2
0	122	0	91	62	0	1
0	122	0	92	62	0	11
0	122	0	93	62	0	6
0	122	0	94	62	0	3
0	122	0	95	62	0	11
0	122	0	96	62	0	13
0	122	0	97	62	0	11
0	122	0	98	62	0	11
0	122	0	99	62	0	12
0	122	0	100	62	0	5
0	122	0	101	62	0	14
0	122	0	102	62	0	6
0	122	0	87	61	0	6
0	122	0	88	61	0	10
0	122	0	89	61	0	5
0	122	0	90	61	0	12
0	122	0	91	61	0	11
0	122	0	92	61	0	10
0	122	0	93	61	0	9
0	122	0	94	61	0	2
0	122	0	95	61	0	12
0	122	0	96	61	0	4
0	122	0	97	61	0	10
0	122	0	98	61	0	9
0	122	0	99	61	0	2
0	122	0	100	61	0	3
0	122	0	88	60	0	15
0	122	0	89	60	0	4
0	122	0	90	60	0	10
0	122	0	91	60	0	9
0	122	0	92	60	0	1
0	122	0	93	60	0	5
0	122	0	94	60	0	5
0	122	0	95	60	0	4
0	122	0	96	60	0	3
0	122	0	88	59	0	14
0	122	0	89	59	0	13
0	122	0	90	59	0	11
0	122	0	91	59	0	9
0	122	0	92	59	0	6
0	122	0	93	59	0	5
0	122	0	94	59	0	5
0	122	0	95	59	0	9
0	122	0	89	58	0	6
0	122	0	90	58	0	6
0	122	0	91	58	0	11
0	122	0	92	58	0	4
0	122	0	93	58	0	13
0	122	0	94	58	0	3
0	122	0	91	57	0	10
0	122	0	92	57	0	8
0	122	0	93	57	0	2
0	122	0	96	55	0	5
0	122	0	94	54	0	7
0	122	0	95	54	0	8
0	122	0	96	54	0	9
0	122	0	97	54	0	0
0	122	0	101	54	0	8
0	122	0	102	54	0	9
0	122	0	103	54	0	15
0	122	0	104	54	0	9
0	122	0	93	53	0	11
0	122	0	94	53	0	5
0	122	0	95	53	0	5
0	122	0	96	53	0	2
0	122	0	97	53	0	1
0	122	0	98	53	0	11
0	122	0	99	53	0	4
0	122	0	100	53	0	12
0	122	0	101	53	0	11
0	122	0	102	53	0	18
0	122	0	103	53	0	9
0	122	0	104	53	0	10
0	122	0	105	53	0	7
0	122	0	106	53	0	11
0	122	0	93	52	0	7
0	122	0	94	52	0	5
0	122	0	95	52	0	6
0	122	0	96	52	0	19
0	122	0	97	52	0	5
0	122	0	98	52	0	12
0	122	0	99	52	0	11
0	122	0	100	52	0	7
0	122	0	101	52	0	12
0	122	0	102	52	0	12
0	122	0	103	52	0	12
0	122	0	104	52	0	14
0	122	0	105	52	0	5
0	122	0	106	52	0	15
0	122	0	107	52	0	0
0	122	0	93	51	0	5
0	122	0	94	51	0	11
0	122	0	95	51	0	10
0	122	0	96	51	0	8
0	122	0	97	51	0	7
0	122	0	98	51	0	6
0	122	0	99	51	0	11
0	122	0	100	51	0	11
0	122	0	101	51	0	4
0	122	0	102	51	0	11
0	122	0	103	51	0	14
0	122	0	104	51	0	5
0	122	0	105	51	0	11
0	122	0	106	51	0	4
0	122	0	107	51	0	8
0	122	0	93	50	0	11
0	122	0	94	50	0	4
0	122	0	95	50	0	9
0	122	0	96	50	0	7
0	122	0	97	50	0	7
0	122	0	98	50	0	1
0	122	0	99	50	0	13
0	122	0	100	50	0	6
0	122	0	101	50	0	8
0	122	0	102	50	0	3
0	122	0	103	50	0	6
0	122	0	104	50	0	4
0	122	0	105	50	0	8
0	122	0	106	50	0	10
0	122	0	107	50	0	6
0	122	0	93	49	0	10
0	122	0	94	49	0	12
0	122	0	95	49	0	3
0	122	0	96	49	0	12
0	122	0	97	49	0	5
0	122	0	98	49	0	12
0	122	0	99	49	0	8
0	122	0	100	49	0	8
0	122	0	101	49	0	8
0	122	0	102	49	0	7
0	122	0	103	49	0	9
0	122	0	104	49	0	10
0	122	0	105	49	0	8
0	122	0	106	49	0	4
0	122	0	107	49	0	4
0	122	0	108	49	0	2
0	122	0	114	49	0	3
0	122	0	94	48	0	6
0	122	0	95	48	0	7
0	122	0	96	48	0	10
0	122	0	97	48	0	6
0	122	0	98	48	0	12
0	122	0	99	48	0	3
0	122	0	100	48	0	9
0	122	0	101	48	0	6
0	122	0	102	48	0	8
0	122	0	103	48	0	8
0	122	0	104	48	0	10
0	122	0	105	48	0	11
0	122	0	106	48	0	5
0	122	0	107	48	0	10
0	122	0	110	48	0	11
0	122	0	111	48	0	6
0	122	0	112	48	0	6
0	122	0	113	48	0	5
0	122	0	114	48	0	11
0	122	0	115	48	0	0
0	122	0	94	47	0	5
0	122	0	95	47	0	6
0	122	0	96	47	0	7
0	122	0	97	47	0	7
0	122	0	98	47	0	12
0	122	0	99	47	0	16
0	122	0	100	47	0	12
0	122	0	101	47	0	7
0	122	0	102	47	0	4
0	122	0	103	47	0	1
0	122	0	104	47	0	3
0	122	0	105	47	0	4
0	122	0	106	47	0	11
0	122	0	107	47	0	9
0	122	0	109	47	0	11
0	122	0	110	47	0	4
0	122	0	111	47	0	8
0	122	0	112	47	0	12
0	122	0	113	47	0	10
0	122	0	114	47	0	9
0	122	0	115	47	0	13
0	122	0	116	47	0	4
0	122	0	117	47	0	6
0	122	0	93	46	0	13
0	122	0	94	46	0	6
0	122	0	95	46	0	11
0	122	0	96	46	0	17
0	122	0	97	46	0	10
0	122	0	98	46	0	13
0	122	0	99	46	0	9
0	122	0	100	46	0	3
0	122	0	101	46	0	7
0	122	0	102	46	0	11
0	122	0	103	46	0	1
0	122	0	104	46	0	5
0	122	0	105	46	0	6
0	122	0	106	46	0	5
0	122	0	107	46	0	12
0	122	0	110	46	0	0
0	122	0	111	46	0	9
0	122	0	112	46	0	6
0	122	0	113	46	0	7
0	122	0	114	46	0	9
0	122	0	115	46	0	11
0	122	0	116	46	0	12
0	122	0	117	46	0	11
0	122	0	93	45	0	8
0	122	0	94	45	0	6
0	122	0	95	45	0	14
0	122	0	96	45	0	10
0	122	0	97	45	0	4
0	122	0	98	45	0	8
0	122	0	99	45	0	12
0	122	0	100	45	0	16
0	122	0	101	45	0	5
0	122	0	102	45	0	12
0	122	0	103	45	0	10
0	122	0	104	45	0	7
0	122	0	106	45	0	9
0	122	0	110	45	0	4
0	122	0	111	45	0	9
0	122	0	112	45	0	10
0	122	0	113	45	0	7
0	122	0	114	45	0	6
0	122	0	115	45	0	1
0	122	0	116	45	0	10
0	122	0	117	45	0	6
0	122	0	118	45	0	2
0	122	0	94	44	0	11
0	122	0	95	44	0	8
0	122	0	96	44	0	10
0	122	0	97	44	0	10
0	122	0	98	44	0	5
0	122	0	99	44	0	14
0	122	0	100	44	0	7
0	122	0	101	44	0	13
0	122	0	102	44	0	6
0	122	0	111	44	0	4
0	122	0	112	44	0	5
0	122	0	113	44	0	14
0	122	0	114	44	0	11
0	122	0	115	44	0	7
0	122	0	116	44	0	7
0	122	0	117	44	0	6
0	122	0	95	43	0	7
0	122	0	96	43	0	6
0	122	0	97	43	0	7
0	122	0	98	43	0	6
0	122	0	99	43	0	15
0	122	0	100	43	0	11
0	122	0	101	43	0	0
0	122	0	111	43	0	12
0	122	0	112	43	0	8
0	122	0	113	43	0	17
0	122	0	114	43	0	3
0	122	0	115	43	0	8
0	122	0	116	43	0	3
0	122	0	117	43	0	4
0	122	0	95	42	0	16
0	122	0	96	42	0	7
0	122	0	97	42	0	9
0	122	0	98	42	0	13
0	122	0	99	42	0	9
0	122	0	100	42	0	7
0	122	0	112	42	0	11
0	122	0	113	42	0	8
0	122	0	114	42	0	6
0	122	0	115	42	0	10
0	122	0	116	42	0	4
0	122	0	95	41	0	12
0	122	0	96	41	0	3
0	122	0	97	41	0	15
0	122	0	98	41	0	2
0	122	0	99	41	0	0
0	122	0	113	41	0	5
0	122	0	97	39	0	5
0	122	0	93	38	0	3
0	122	0	94	38	0	1
0	122	0	95	38	0	7
0	122	0	96	38	0	13
0	122	0	97	38	0	11
0	122	0	98	38	0	7
0	122	0	92	37	0	4
0	122	0	93	37	0	9
0	122	0	94	37	0	5
0	122	0	95	37	0	20
0	122	0	96	37	0	9
0	122	0	97	37	0	6
0	122	0	98	37	0	6
0	122	0	99	37	0	3
0	122	0	100	37	0	9
0	122	0	101	37	0	13
0	122	0	91	36	0	0
0	122	0	92	36	0	5
0	122	0	93	36	0	2
0	122	0	94	36	0	2
0	122	0	95	36	0	8
0	122	0	96	36	0	4
0	122	0	97	36	0	5
0	122	0	98	36	0	13
0	122	0	99	36	0	3
0	122	0	100	36	0	1
0	122	0	101	36	0	7
0	122	0	102	36	0	0
0	122	0	91	35	0	3
0	122	0	92	35	0	5
0	122	0	93	35	0	1
0	122	0	94	35	0	0
0	122	0	95	35	0	13
0	122	0	96	35	0	9
0	122	0	97	35	0	8
0	122	0	98	35	0	10
0	122	0	99	35	0	6
0	122	0	100	35	0	4
0	122	0	101	35	0	2
0	122	0	102	35	0	0
0	122	0	92	34	0	2
0	122	0	93	34	0	10
0	122	0	94	34	0	12
0	122	0	95	34	0	10
0	122	0	96	34	0	5
0	122	0	97	34	0	8
0	122	0	98	34	0	11
0	122	0	99	34	0	11
0	122	0	100	34	0	4
0	122	0	101	34	0	2
0	122	0	102	34	0	10
0	122	0	103	34	0	1
0	122	0	92	33	0	2
0	122	0	93	33	0	1
0	122	0	94	33	0	13
0	122	0	95	33	0	1
0	122	0	96	33	0	14
0	122	0	97	33	0	14
0	122	0	98	33	0	2
0	122	0	99	33	0	6
0	122	0	100	33	0	5
0	122	0	101	33	0	1
0	122	0	102	33	0	7
0	122	0	103	33	0	3
0	122	0	93	32	0	1
0	122	0	94	32	0	10
0	122	0	95	32	0	3
0	122	0	96	32	0	7
0	122	0	97	32	0	8
0	122	0	98	32	0	7
0	122	0	99	32	0	7
0	122	0	100	32	0	7
0	122	0	101	32	0	3
0	122	0	102	32	0	7
0	122	0	103	32	0	0
0	122	0	92	31	0	2
0	122	0	93	31	0	4
0	122	0	94	31	0	2
0	122	0	95	31	0	3
0	122	0	96	31	0	18
0	122	0	97	31	0	5
0	122	0	98	31	0	4
0	122	0	99	31	0	7
0	122	0	100	31	0	9
0	122	0	101	31	0	0
0	122	0	102	31	0	8
0	122	0	103	31	0	0
0	122	0	94	30	0	7
0	122	0	95	30	0	1
0	122	0	96	30	0	3
0	122	0	97	30	0	0
0	122	0	99	30	0	0
0	122	0	100	30	0	3
0	122	0	101	30	0	6
0	122	0	102	30	0	0
0	122	0	103	30	0	6
0	122	0	95	29	0	2
0	122	0	96	29	0	0
0	122	0	97	29	0	0
0	122	0	98	29	0	1
0	122	0	99	29	0	1
0	122	0	100	29	0	4
0	122	0	101	29	0	6
0	122	0	102	29	0	1
0	122	0	103	29	0	0
0	122	0	106	29	0	0
0	122	0	108	29	0	0
0	122	0	96	28	0	0
0	122	0	97	28	0	1
0	122	0	98	28	0	1
0	122	0	99	28	0	6
0	122	0	100	28	0	4
0	122	0	101	28	0	5
0	122	0	102	28	0	4
0	122	0	103	28	0	12
0	122	0	105	28	0	1
0	122	0	108	28	0	3
0	122	0	95	27	0	5
0	122	0	97	27	0	0
0	122	0	98	27	0	1
0	122	0	99	27	0	5
0	122	0	100	27	0	5
0	122	0	101	27	0	1
0	122	0	102	27	0	0
0	122	0	103	27	0	6
0	122	0	104	27	0	5
0	122	0	105	27	0	0
0	122	0	97	26	0	2
0	122	0	98	26	0	8
0	122	0	99	26	0	11
0	122	0	100	26	0	3
0	122	0	101	26	0	5
0	122	0	102	26	0	0
0	122	0	103	26	0	6
0	122	0	104	26	0	0
0	122	0	105	26	0	0
0	122	0	99	25	0	3
0	122	0	100	25	0	5
0	122	0	101	25	0	2
0	122	0	102	25	0	6
0	122	0	97	24	0	0
0	122	0	99	24	0	5
0	122	0	100	24	0	4
0	122	0	101	24	0	5
0	122	0	102	24	0	1
0	122	0	98	23	0	0
0	122	0	101	23	0	0
0	122	0	100	22	0	4
0	122	0	101	22	0	0
0	123	0	95	73	0	8
0	123	0	95	72	0	10
0	123	0	96	72	0	12
0	123	0	97	72	0	8
0	123	0	98	72	0	7
0	123	0	99	72	0	4
0	123	0	100	72	0	9
0	123	0	90	71	0	0
0	123	0	91	71	0	4
0	123	0	92	71	0	4
0	123	0	93	71	0	13
0	123	0	94	71	0	6
0	123	0	95	71	0	11
0	123	0	96	71	0	5
0	123	0	97	71	0	12
0	123	0	98	71	0	11
0	123	0	99	71	0	16
0	123	0	100	71	0	2
0	123	0	101	71	0	9
0	123	0	102	71	0	9
0	123	0	89	70	0	0
0	123	0	90	70	0	5
0	123	0	91	70	0	18
0	123	0	92	70	0	0
0	123	0	93	70	0	10
0	123	0	94	70	0	7
0	123	0	95	70	0	7
0	123	0	96	70	0	9
0	123	0	97	70	0	3
0	123	0	98	70	0	10
0	123	0	99	70	0	10
0	123	0	100	70	0	6
0	123	0	101	70	0	14
0	123	0	102	70	0	8
0	123	0	87	69	0	1
0	123	0	88	69	0	2
0	123	0	89	69	0	8
0	123	0	90	69	0	3
0	123	0	91	69	0	9
0	123	0	92	69	0	1
0	123	0	93	69	0	7
0	123	0	94	69	0	4
0	123	0	95	69	0	5
0	123	0	96	69	0	5
0	123	0	97	69	0	7
0	123	0	98	69	0	5
0	123	0	99	69	0	10
0	123	0	100	69	0	8
0	123	0	101	69	0	12
0	123	0	102	69	0	18
0	123	0	86	68	0	13
0	123	0	87	68	0	12
0	123	0	88	68	0	8
0	123	0	89	68	0	3
0	123	0	90	68	0	10
0	123	0	91	68	0	4
0	123	0	92	68	0	13
0	123	0	93	68	0	6
0	123	0	94	68	0	11
0	123	0	95	68	0	9
0	123	0	96	68	0	5
0	123	0	97	68	0	12
0	123	0	98	68	0	11
0	123	0	99	68	0	15
0	123	0	100	68	0	7
0	123	0	101	68	0	8
0	123	0	102	68	0	11
0	123	0	86	67	0	0
0	123	0	87	67	0	4
0	123	0	88	67	0	8
0	123	0	89	67	0	14
0	123	0	90	67	0	5
0	123	0	91	67	0	16
0	123	0	92	67	0	13
0	123	0	93	67	0	8
0	123	0	94	67	0	10
0	123	0	95	67	0	10
0	123	0	96	67	0	7
0	123	0	97	67	0	7
0	123	0	98	67	0	1
0	123	0	99	67	0	6
0	123	0	100	67	0	7
0	123	0	101	67	0	10
0	123	0	102	67	0	4
0	123	0	87	66	0	9
0	123	0	88	66	0	6
0	123	0	89	66	0	2
0	123	0	90	66	0	8
0	123	0	91	66	0	7
0	123	0	92	66	0	11
0	123	0	93	66	0	2
0	123	0	94	66	0	7
0	123	0	95	66	0	16
0	123	0	96	66	0	12
0	123	0	97	66	0	5
0	123	0	98	66	0	9
0	123	0	99	66	0	7
0	123	0	100	66	0	3
0	123	0	101	66	0	1
0	123	0	102	66	0	11
0	123	0	87	65	0	3
0	123	0	88	65	0	3
0	123	0	89	65	0	8
0	123	0	90	65	0	8
0	123	0	91	65	0	19
0	123	0	92	65	0	7
0	123	0	93	65	0	12
0	123	0	94	65	0	4
0	123	0	95	65	0	16
0	123	0	96	65	0	8
0	123	0	97	65	0	8
0	123	0	98	65	0	15
0	123	0	99	65	0	9
0	123	0	100	65	0	11
0	123	0	101	65	0	14
0	123	0	102	65	0	2
0	123	0	103	65	0	8
0	123	0	87	64	0	8
0	123	0	88	64	0	4
0	123	0	89	64	0	3
0	123	0	90	64	0	12
0	123	0	91	64	0	6
0	123	0	92	64	0	4
0	123	0	93	64	0	13
0	123	0	94	64	0	15
0	123	0	95	64	0	11
0	123	0	96	64	0	12
0	123	0	97	64	0	19
0	123	0	98	64	0	6
0	123	0	99	64	0	12
0	123	0	100	64	0	1
0	123	0	101	64	0	4
0	123	0	102	64	0	4
0	123	0	103	64	0	1
0	123	0	86	63	0	0
0	123	0	87	63	0	2
0	123	0	88	63	0	5
0	123	0	89	63	0	6
0	123	0	90	63	0	8
0	123	0	91	63	0	9
0	123	0	92	63	0	11
0	123	0	93	63	0	9
0	123	0	94	63	0	4
0	123	0	95	63	0	13
0	123	0	96	63	0	5
0	123	0	97	63	0	10
0	123	0	98	63	0	5
0	123	0	99	63	0	12
0	123	0	100	63	0	4
0	123	0	101	63	0	6
0	123	0	102	63	0	12
0	123	0	103	63	0	3
0	123	0	87	62	0	6
0	123	0	88	62	0	1
0	123	0	89	62	0	1
0	123	0	90	62	0	2
0	123	0	91	62	0	2
0	123	0	92	62	0	9
0	123	0	93	62	0	6
0	123	0	94	62	0	5
0	123	0	95	62	0	11
0	123	0	96	62	0	12
0	123	0	97	62	0	9
0	123	0	98	62	0	11
0	123	0	99	62	0	9
0	123	0	100	62	0	8
0	123	0	101	62	0	11
0	123	0	102	62	0	8
0	123	0	87	61	0	3
0	123	0	88	61	0	8
0	123	0	89	61	0	3
0	123	0	90	61	0	6
0	123	0	91	61	0	12
0	123	0	92	61	0	10
0	123	0	93	61	0	7
0	123	0	94	61	0	5
0	123	0	95	61	0	10
0	123	0	96	61	0	1
0	123	0	97	61	0	11
0	123	0	98	61	0	15
0	123	0	99	61	0	3
0	123	0	100	61	0	5
0	123	0	88	60	0	6
0	123	0	89	60	0	4
0	123	0	90	60	0	7
0	123	0	91	60	0	7
0	123	0	92	60	0	3
0	123	0	93	60	0	5
0	123	0	94	60	0	8
0	123	0	95	60	0	3
0	123	0	96	60	0	5
0	123	0	88	59	0	12
0	123	0	89	59	0	15
0	123	0	90	59	0	12
0	123	0	91	59	0	15
0	123	0	92	59	0	7
0	123	0	93	59	0	3
0	123	0	94	59	0	8
0	123	0	95	59	0	16
0	123	0	89	58	0	9
0	123	0	90	58	0	11
0	123	0	91	58	0	12
0	123	0	92	58	0	6
0	123	0	93	58	0	13
0	123	0	94	58	0	5
0	123	0	91	57	0	11
0	123	0	92	57	0	9
0	123	0	93	57	0	3
0	123	0	96	55	0	4
0	123	0	94	54	0	7
0	123	0	95	54	0	2
0	123	0	96	54	0	7
0	123	0	97	54	0	0
0	123	0	101	54	0	16
0	123	0	102	54	0	9
0	123	0	103	54	0	8
0	123	0	104	54	0	11
0	123	0	93	53	0	8
0	123	0	94	53	0	5
0	123	0	95	53	0	7
0	123	0	96	53	0	3
0	123	0	97	53	0	5
0	123	0	98	53	0	11
0	123	0	99	53	0	9
0	123	0	100	53	0	11
0	123	0	101	53	0	8
0	123	0	102	53	0	10
0	123	0	103	53	0	12
0	123	0	104	53	0	11
0	123	0	105	53	0	7
0	123	0	106	53	0	7
0	123	0	93	52	0	7
0	123	0	94	52	0	9
0	123	0	95	52	0	7
0	123	0	96	52	0	17
0	123	0	97	52	0	5
0	123	0	98	52	0	13
0	123	0	99	52	0	6
0	123	0	100	52	0	12
0	123	0	101	52	0	11
0	123	0	102	52	0	13
0	123	0	103	52	0	9
0	123	0	104	52	0	9
0	123	0	105	52	0	7
0	123	0	106	52	0	11
0	123	0	107	52	0	1
0	123	0	93	51	0	3
0	123	0	94	51	0	16
0	123	0	95	51	0	5
0	123	0	96	51	0	9
0	123	0	97	51	0	8
0	123	0	98	51	0	7
0	123	0	99	51	0	10
0	123	0	100	51	0	5
0	123	0	101	51	0	7
0	123	0	102	51	0	18
0	123	0	103	51	0	10
0	123	0	104	51	0	5
0	123	0	105	51	0	12
0	123	0	106	51	0	5
0	123	0	107	51	0	7
0	123	0	93	50	0	19
0	123	0	94	50	0	10
0	123	0	95	50	0	11
0	123	0	96	50	0	8
0	123	0	97	50	0	9
0	123	0	98	50	0	1
0	123	0	99	50	0	13
0	123	0	100	50	0	4
0	123	0	101	50	0	4
0	123	0	102	50	0	9
0	123	0	103	50	0	10
0	123	0	104	50	0	8
0	123	0	105	50	0	6
0	123	0	106	50	0	11
0	123	0	107	50	0	5
0	123	0	93	49	0	13
0	123	0	94	49	0	13
0	123	0	95	49	0	5
0	123	0	96	49	0	15
0	123	0	97	49	0	3
0	123	0	98	49	0	11
0	123	0	99	49	0	7
0	123	0	100	49	0	5
0	123	0	101	49	0	9
0	123	0	102	49	0	12
0	123	0	103	49	0	3
0	123	0	104	49	0	9
0	123	0	105	49	0	7
0	123	0	106	49	0	6
0	123	0	107	49	0	4
0	123	0	108	49	0	3
0	123	0	114	49	0	5
0	123	0	94	48	0	9
0	123	0	95	48	0	10
0	123	0	96	48	0	11
0	123	0	97	48	0	10
0	123	0	98	48	0	6
0	123	0	99	48	0	5
0	123	0	100	48	0	12
0	123	0	101	48	0	10
0	123	0	102	48	0	10
0	123	0	103	48	0	8
0	123	0	104	48	0	14
0	123	0	105	48	0	14
0	123	0	106	48	0	8
0	123	0	107	48	0	9
0	123	0	110	48	0	9
0	123	0	111	48	0	6
0	123	0	112	48	0	7
0	123	0	113	48	0	3
0	123	0	114	48	0	10
0	123	0	115	48	0	1
0	123	0	94	47	0	8
0	123	0	95	47	0	8
0	123	0	96	47	0	10
0	123	0	97	47	0	10
0	123	0	98	47	0	9
0	123	0	99	47	0	15
0	123	0	100	47	0	11
0	123	0	101	47	0	6
0	123	0	102	47	0	4
0	123	0	103	47	0	3
0	123	0	104	47	0	3
0	123	0	105	47	0	7
0	123	0	106	47	0	3
0	123	0	107	47	0	6
0	123	0	109	47	0	3
0	123	0	110	47	0	4
0	123	0	111	47	0	16
0	123	0	112	47	0	10
0	123	0	113	47	0	4
0	123	0	114	47	0	8
0	123	0	115	47	0	9
0	123	0	116	47	0	4
0	123	0	117	47	0	9
0	123	0	93	46	0	8
0	123	0	94	46	0	10
0	123	0	95	46	0	18
0	123	0	96	46	0	16
0	123	0	97	46	0	18
0	123	0	98	46	0	10
0	123	0	99	46	0	8
0	123	0	100	46	0	4
0	123	0	101	46	0	8
0	123	0	102	46	0	10
0	123	0	103	46	0	4
0	123	0	104	46	0	8
0	123	0	105	46	0	6
0	123	0	106	46	0	8
0	123	0	107	46	0	13
0	123	0	110	46	0	0
0	123	0	111	46	0	6
0	123	0	112	46	0	7
0	123	0	113	46	0	4
0	123	0	114	46	0	9
0	123	0	115	46	0	8
0	123	0	116	46	0	11
0	123	0	117	46	0	8
0	123	0	93	45	0	13
0	123	0	94	45	0	5
0	123	0	95	45	0	18
0	123	0	96	45	0	17
0	123	0	97	45	0	3
0	123	0	98	45	0	8
0	123	0	99	45	0	16
0	123	0	100	45	0	11
0	123	0	101	45	0	6
0	123	0	102	45	0	6
0	123	0	103	45	0	5
0	123	0	104	45	0	3
0	123	0	106	45	0	7
0	123	0	110	45	0	2
0	123	0	111	45	0	6
0	123	0	112	45	0	8
0	123	0	113	45	0	4
0	123	0	114	45	0	8
0	123	0	115	45	0	0
0	123	0	116	45	0	14
0	123	0	117	45	0	3
0	123	0	118	45	0	4
0	123	0	94	44	0	12
0	123	0	95	44	0	10
0	123	0	96	44	0	12
0	123	0	97	44	0	19
0	123	0	98	44	0	4
0	123	0	99	44	0	6
0	123	0	100	44	0	8
0	123	0	101	44	0	17
0	123	0	102	44	0	11
0	123	0	111	44	0	6
0	123	0	112	44	0	6
0	123	0	113	44	0	15
0	123	0	114	44	0	11
0	123	0	115	44	0	9
0	123	0	116	44	0	7
0	123	0	117	44	0	9
0	123	0	95	43	0	9
0	123	0	96	43	0	8
0	123	0	97	43	0	11
0	123	0	98	43	0	4
0	123	0	99	43	0	17
0	123	0	100	43	0	6
0	123	0	101	43	0	0
0	123	0	111	43	0	13
0	123	0	112	43	0	8
0	123	0	113	43	0	11
0	123	0	114	43	0	5
0	123	0	115	43	0	10
0	123	0	116	43	0	0
0	123	0	117	43	0	2
0	123	0	95	42	0	10
0	123	0	96	42	0	11
0	123	0	97	42	0	7
0	123	0	98	42	0	12
0	123	0	99	42	0	4
0	123	0	100	42	0	8
0	123	0	112	42	0	4
0	123	0	113	42	0	7
0	123	0	114	42	0	7
0	123	0	115	42	0	13
0	123	0	116	42	0	2
0	123	0	95	41	0	9
0	123	0	96	41	0	6
0	123	0	97	41	0	7
0	123	0	98	41	0	5
0	123	0	99	41	0	1
0	123	0	113	41	0	2
0	123	0	97	39	0	6
0	123	0	93	38	0	4
0	123	0	94	38	0	3
0	123	0	95	38	0	6
0	123	0	96	38	0	14
0	123	0	97	38	0	3
0	123	0	98	38	0	7
0	123	0	92	37	0	6
0	123	0	93	37	0	10
0	123	0	94	37	0	3
0	123	0	95	37	0	13
0	123	0	96	37	0	8
0	123	0	97	37	0	7
0	123	0	98	37	0	10
0	123	0	99	37	0	4
0	123	0	100	37	0	9
0	123	0	101	37	0	7
0	123	0	91	36	0	0
0	123	0	92	36	0	6
0	123	0	93	36	0	3
0	123	0	94	36	0	1
0	123	0	95	36	0	11
0	123	0	96	36	0	3
0	123	0	97	36	0	3
0	123	0	98	36	0	11
0	123	0	99	36	0	5
0	123	0	100	36	0	1
0	123	0	101	36	0	6
0	123	0	102	36	0	0
0	123	0	91	35	0	7
0	123	0	92	35	0	7
0	123	0	93	35	0	1
0	123	0	94	35	0	0
0	123	0	95	35	0	6
0	123	0	96	35	0	7
0	123	0	97	35	0	10
0	123	0	98	35	0	5
0	123	0	99	35	0	12
0	123	0	100	35	0	8
0	123	0	101	35	0	7
0	123	0	102	35	0	0
0	123	0	92	34	0	3
0	123	0	93	34	0	10
0	123	0	94	34	0	9
0	123	0	95	34	0	14
0	123	0	96	34	0	4
0	123	0	97	34	0	7
0	123	0	98	34	0	8
0	123	0	99	34	0	4
0	123	0	100	34	0	6
0	123	0	101	34	0	4
0	123	0	102	34	0	7
0	123	0	103	34	0	2
0	123	0	92	33	0	0
0	123	0	93	33	0	4
0	123	0	94	33	0	13
0	123	0	95	33	0	1
0	123	0	96	33	0	15
0	123	0	97	33	0	13
0	123	0	98	33	0	2
0	123	0	99	33	0	5
0	123	0	100	33	0	5
0	123	0	101	33	0	0
0	123	0	102	33	0	1
0	123	0	103	33	0	5
0	123	0	93	32	0	3
0	123	0	94	32	0	7
0	123	0	95	32	0	0
0	123	0	96	32	0	5
0	123	0	97	32	0	11
0	123	0	98	32	0	11
0	123	0	99	32	0	4
0	123	0	100	32	0	7
0	123	0	101	32	0	5
0	123	0	102	32	0	4
0	123	0	103	32	0	0
0	123	0	92	31	0	2
0	123	0	93	31	0	5
0	123	0	94	31	0	1
0	123	0	95	31	0	7
0	123	0	96	31	0	8
0	123	0	97	31	0	11
0	123	0	98	31	0	3
0	123	0	99	31	0	8
0	123	0	100	31	0	9
0	123	0	101	31	0	2
0	123	0	102	31	0	7
0	123	0	103	31	0	0
0	123	0	94	30	0	7
0	123	0	95	30	0	1
0	123	0	96	30	0	0
0	123	0	97	30	0	0
0	123	0	99	30	0	0
0	123	0	100	30	0	1
0	123	0	101	30	0	6
0	123	0	102	30	0	0
0	123	0	103	30	0	7
0	123	0	95	29	0	5
0	123	0	96	29	0	1
0	123	0	97	29	0	0
0	123	0	98	29	0	2
0	123	0	99	29	0	0
0	123	0	100	29	0	6
0	123	0	101	29	0	5
0	123	0	102	29	0	1
0	123	0	103	29	0	1
0	123	0	106	29	0	0
0	123	0	107	29	0	1
0	123	0	108	29	0	0
0	123	0	96	28	0	0
0	123	0	97	28	0	0
0	123	0	98	28	0	1
0	123	0	99	28	0	3
0	123	0	100	28	0	3
0	123	0	101	28	0	14
0	123	0	102	28	0	4
0	123	0	103	28	0	15
0	123	0	105	28	0	2
0	123	0	108	28	0	4
0	123	0	95	27	0	4
0	123	0	97	27	0	0
0	123	0	98	27	0	0
0	123	0	99	27	0	5
0	123	0	100	27	0	7
0	123	0	101	27	0	2
0	123	0	102	27	0	0
0	123	0	103	27	0	8
0	123	0	104	27	0	1
0	123	0	105	27	0	0
0	123	0	106	27	0	2
0	123	0	97	26	0	1
0	123	0	98	26	0	6
0	123	0	99	26	0	6
0	123	0	100	26	0	2
0	123	0	101	26	0	6
0	123	0	102	26	0	0
0	123	0	103	26	0	5
0	123	0	104	26	0	0
0	123	0	105	26	0	0
0	123	0	99	25	0	5
0	123	0	100	25	0	6
0	123	0	101	25	0	1
0	123	0	102	25	0	6
0	123	0	97	24	0	0
0	123	0	99	24	0	11
0	123	0	100	24	0	3
0	123	0	101	24	0	7
0	123	0	102	24	0	1
0	123	0	98	23	0	0
0	123	0	101	23	0	0
0	123	0	98	22	0	1
0	123	0	100	22	0	3
0	123	0	101	22	0	0
0	124	0	95	73	0	9
0	124	0	95	72	0	7
0	124	0	96	72	0	9
0	124	0	97	72	0	9
0	124	0	98	72	0	10
0	124	0	99	72	0	6
0	124	0	100	72	0	15
0	124	0	90	71	0	0
0	124	0	91	71	0	5
0	124	0	92	71	0	3
0	124	0	93	71	0	12
0	124	0	94	71	0	9
0	124	0	95	71	0	10
0	124	0	96	71	0	5
0	124	0	97	71	0	11
0	124	0	98	71	0	9
0	124	0	99	71	0	8
0	124	0	100	71	0	0
0	124	0	101	71	0	10
0	124	0	102	71	0	11
0	124	0	89	70	0	1
0	124	0	90	70	0	9
0	124	0	91	70	0	18
0	124	0	92	70	0	0
0	124	0	93	70	0	9
0	124	0	94	70	0	1
0	124	0	95	70	0	6
0	124	0	96	70	0	10
0	124	0	97	70	0	4
0	124	0	98	70	0	9
0	124	0	99	70	0	9
0	124	0	100	70	0	10
0	124	0	101	70	0	10
0	124	0	102	70	0	7
0	124	0	87	69	0	0
0	124	0	88	69	0	2
0	124	0	89	69	0	7
0	124	0	90	69	0	3
0	124	0	91	69	0	9
0	124	0	92	69	0	6
0	124	0	93	69	0	4
0	124	0	94	69	0	6
0	124	0	95	69	0	9
0	124	0	96	69	0	4
0	124	0	97	69	0	6
0	124	0	98	69	0	6
0	124	0	99	69	0	16
0	124	0	100	69	0	7
0	124	0	101	69	0	20
0	124	0	102	69	0	13
0	124	0	86	68	0	12
0	124	0	87	68	0	8
0	124	0	88	68	0	5
0	124	0	89	68	0	4
0	124	0	90	68	0	13
0	124	0	91	68	0	12
0	124	0	92	68	0	10
0	124	0	93	68	0	6
0	124	0	94	68	0	8
0	124	0	95	68	0	4
0	124	0	96	68	0	4
0	124	0	97	68	0	6
0	124	0	98	68	0	7
0	124	0	99	68	0	15
0	124	0	100	68	0	4
0	124	0	101	68	0	6
0	124	0	102	68	0	7
0	124	0	86	67	0	0
0	124	0	87	67	0	8
0	124	0	88	67	0	10
0	124	0	89	67	0	9
0	124	0	90	67	0	11
0	124	0	91	67	0	13
0	124	0	92	67	0	16
0	124	0	93	67	0	9
0	124	0	94	67	0	10
0	124	0	95	67	0	6
0	124	0	96	67	0	11
0	124	0	97	67	0	3
0	124	0	98	67	0	0
0	124	0	99	67	0	9
0	124	0	100	67	0	15
0	124	0	101	67	0	5
0	124	0	102	67	0	1
0	124	0	87	66	0	10
0	124	0	88	66	0	8
0	124	0	89	66	0	6
0	124	0	90	66	0	7
0	124	0	91	66	0	6
0	124	0	92	66	0	13
0	124	0	93	66	0	3
0	124	0	94	66	0	8
0	124	0	95	66	0	14
0	124	0	96	66	0	9
0	124	0	97	66	0	5
0	124	0	98	66	0	7
0	124	0	99	66	0	7
0	124	0	100	66	0	6
0	124	0	101	66	0	3
0	124	0	102	66	0	13
0	124	0	87	65	0	7
0	124	0	88	65	0	1
0	124	0	89	65	0	6
0	124	0	90	65	0	8
0	124	0	91	65	0	14
0	124	0	92	65	0	7
0	124	0	93	65	0	12
0	124	0	94	65	0	6
0	124	0	95	65	0	10
0	124	0	96	65	0	9
0	124	0	97	65	0	8
0	124	0	98	65	0	17
0	124	0	99	65	0	11
0	124	0	100	65	0	10
0	124	0	101	65	0	16
0	124	0	102	65	0	1
0	124	0	103	65	0	6
0	124	0	87	64	0	10
0	124	0	88	64	0	4
0	124	0	89	64	0	4
0	124	0	90	64	0	8
0	124	0	91	64	0	7
0	124	0	92	64	0	6
0	124	0	93	64	0	9
0	124	0	94	64	0	10
0	124	0	95	64	0	8
0	124	0	96	64	0	16
0	124	0	97	64	0	18
0	124	0	98	64	0	5
0	124	0	99	64	0	20
0	124	0	100	64	0	4
0	124	0	101	64	0	4
0	124	0	102	64	0	3
0	124	0	103	64	0	1
0	124	0	86	63	0	0
0	124	0	87	63	0	3
0	124	0	88	63	0	4
0	124	0	89	63	0	16
0	124	0	90	63	0	7
0	124	0	91	63	0	13
0	124	0	92	63	0	8
0	124	0	93	63	0	8
0	124	0	94	63	0	2
0	124	0	95	63	0	11
0	124	0	96	63	0	3
0	124	0	97	63	0	9
0	124	0	98	63	0	5
0	124	0	99	63	0	5
0	124	0	100	63	0	6
0	124	0	101	63	0	6
0	124	0	102	63	0	13
0	124	0	103	63	0	4
0	124	0	87	62	0	7
0	124	0	88	62	0	2
0	124	0	89	62	0	0
0	124	0	90	62	0	2
0	124	0	91	62	0	4
0	124	0	92	62	0	9
0	124	0	93	62	0	4
0	124	0	94	62	0	12
0	124	0	95	62	0	8
0	124	0	96	62	0	17
0	124	0	97	62	0	15
0	124	0	98	62	0	13
0	124	0	99	62	0	7
0	124	0	100	62	0	6
0	124	0	101	62	0	9
0	124	0	102	62	0	3
0	124	0	87	61	0	5
0	124	0	88	61	0	7
0	124	0	89	61	0	6
0	124	0	90	61	0	7
0	124	0	91	61	0	9
0	124	0	92	61	0	12
0	124	0	93	61	0	9
0	124	0	94	61	0	7
0	124	0	95	61	0	17
0	124	0	96	61	0	1
0	124	0	97	61	0	13
0	124	0	98	61	0	12
0	124	0	99	61	0	1
0	124	0	100	61	0	9
0	124	0	88	60	0	7
0	124	0	89	60	0	5
0	124	0	90	60	0	8
0	124	0	91	60	0	6
0	124	0	92	60	0	5
0	124	0	93	60	0	3
0	124	0	94	60	0	12
0	124	0	95	60	0	3
0	124	0	96	60	0	4
0	124	0	88	59	0	12
0	124	0	89	59	0	7
0	124	0	90	59	0	9
0	124	0	91	59	0	10
0	124	0	92	59	0	8
0	124	0	93	59	0	3
0	124	0	94	59	0	6
0	124	0	95	59	0	16
0	124	0	89	58	0	12
0	124	0	90	58	0	14
0	124	0	91	58	0	14
0	124	0	92	58	0	6
0	124	0	93	58	0	10
0	124	0	94	58	0	6
0	124	0	91	57	0	12
0	124	0	92	57	0	14
0	124	0	93	57	0	4
0	124	0	96	55	0	8
0	124	0	94	54	0	8
0	124	0	95	54	0	2
0	124	0	96	54	0	10
0	124	0	97	54	0	1
0	124	0	101	54	0	9
0	124	0	102	54	0	4
0	124	0	103	54	0	5
0	124	0	104	54	0	9
0	124	0	93	53	0	9
0	124	0	94	53	0	5
0	124	0	95	53	0	8
0	124	0	96	53	0	3
0	124	0	97	53	0	8
0	124	0	98	53	0	9
0	124	0	99	53	0	19
0	124	0	100	53	0	9
0	124	0	101	53	0	4
0	124	0	102	53	0	14
0	124	0	103	53	0	7
0	124	0	104	53	0	8
0	124	0	105	53	0	5
0	124	0	106	53	0	4
0	124	0	93	52	0	7
0	124	0	94	52	0	10
0	124	0	95	52	0	4
0	124	0	96	52	0	13
0	124	0	97	52	0	6
0	124	0	98	52	0	10
0	124	0	99	52	0	11
0	124	0	100	52	0	8
0	124	0	101	52	0	19
0	124	0	102	52	0	22
0	124	0	103	52	0	10
0	124	0	104	52	0	4
0	124	0	105	52	0	10
0	124	0	106	52	0	16
0	124	0	107	52	0	2
0	124	0	93	51	0	8
0	124	0	94	51	0	12
0	124	0	95	51	0	4
0	124	0	96	51	0	15
0	124	0	97	51	0	11
0	124	0	98	51	0	5
0	124	0	99	51	0	9
0	124	0	100	51	0	8
0	124	0	101	51	0	5
0	124	0	102	51	0	20
0	124	0	103	51	0	9
0	124	0	104	51	0	9
0	124	0	105	51	0	16
0	124	0	106	51	0	3
0	124	0	107	51	0	5
0	124	0	93	50	0	14
0	124	0	94	50	0	7
0	124	0	95	50	0	15
0	124	0	96	50	0	12
0	124	0	97	50	0	12
0	124	0	98	50	0	4
0	124	0	99	50	0	6
0	124	0	100	50	0	3
0	124	0	101	50	0	4
0	124	0	102	50	0	8
0	124	0	103	50	0	10
0	124	0	104	50	0	12
0	124	0	105	50	0	5
0	124	0	106	50	0	12
0	124	0	107	50	0	6
0	124	0	93	49	0	10
0	124	0	94	49	0	8
0	124	0	95	49	0	7
0	124	0	96	49	0	13
0	124	0	97	49	0	3
0	124	0	98	49	0	5
0	124	0	99	49	0	4
0	124	0	100	49	0	7
0	124	0	101	49	0	7
0	124	0	102	49	0	16
0	124	0	103	49	0	8
0	124	0	104	49	0	11
0	124	0	105	49	0	6
0	124	0	106	49	0	3
0	124	0	107	49	0	4
0	124	0	108	49	0	4
0	124	0	114	49	0	5
0	124	0	94	48	0	10
0	124	0	95	48	0	9
0	124	0	96	48	0	14
0	124	0	97	48	0	12
0	124	0	98	48	0	8
0	124	0	99	48	0	10
0	124	0	100	48	0	12
0	124	0	101	48	0	6
0	124	0	102	48	0	6
0	124	0	103	48	0	11
0	124	0	104	48	0	11
0	124	0	105	48	0	13
0	124	0	106	48	0	3
0	124	0	107	48	0	6
0	124	0	110	48	0	11
0	124	0	111	48	0	6
0	124	0	112	48	0	7
0	124	0	113	48	0	4
0	124	0	114	48	0	8
0	124	0	115	48	0	1
0	124	0	94	47	0	9
0	124	0	95	47	0	5
0	124	0	96	47	0	8
0	124	0	97	47	0	13
0	124	0	98	47	0	5
0	124	0	99	47	0	12
0	124	0	100	47	0	12
0	124	0	101	47	0	8
0	124	0	102	47	0	11
0	124	0	103	47	0	7
0	124	0	104	47	0	2
0	124	0	105	47	0	7
0	124	0	106	47	0	1
0	124	0	107	47	0	8
0	124	0	109	47	0	3
0	124	0	110	47	0	12
0	124	0	111	47	0	12
0	124	0	112	47	0	8
0	124	0	113	47	0	6
0	124	0	114	47	0	6
0	124	0	115	47	0	10
0	124	0	116	47	0	4
0	124	0	117	47	0	9
0	124	0	93	46	0	6
0	124	0	94	46	0	15
0	124	0	95	46	0	15
0	124	0	96	46	0	11
0	124	0	97	46	0	13
0	124	0	98	46	0	7
0	124	0	99	46	0	7
0	124	0	100	46	0	5
0	124	0	101	46	0	9
0	124	0	102	46	0	7
0	124	0	103	46	0	6
0	124	0	104	46	0	9
0	124	0	105	46	0	3
0	124	0	106	46	0	6
0	124	0	107	46	0	9
0	124	0	110	46	0	0
0	124	0	111	46	0	5
0	124	0	112	46	0	9
0	124	0	113	46	0	6
0	124	0	114	46	0	11
0	124	0	115	46	0	9
0	124	0	116	46	0	10
0	124	0	117	46	0	3
0	124	0	93	45	0	8
0	124	0	94	45	0	5
0	124	0	95	45	0	12
0	124	0	96	45	0	7
0	124	0	97	45	0	6
0	124	0	98	45	0	8
0	124	0	99	45	0	14
0	124	0	100	45	0	5
0	124	0	101	45	0	9
0	124	0	102	45	0	8
0	124	0	103	45	0	9
0	124	0	104	45	0	4
0	124	0	106	45	0	10
0	124	0	110	45	0	2
0	124	0	111	45	0	4
0	124	0	112	45	0	7
0	124	0	113	45	0	4
0	124	0	114	45	0	7
0	124	0	115	45	0	0
0	124	0	116	45	0	10
0	124	0	117	45	0	4
0	124	0	118	45	0	4
0	124	0	94	44	0	2
0	124	0	95	44	0	12
0	124	0	96	44	0	9
0	124	0	97	44	0	8
0	124	0	98	44	0	5
0	124	0	99	44	0	5
0	124	0	100	44	0	8
0	124	0	101	44	0	17
0	124	0	102	44	0	15
0	124	0	111	44	0	10
0	124	0	112	44	0	5
0	124	0	113	44	0	12
0	124	0	114	44	0	11
0	124	0	115	44	0	8
0	124	0	116	44	0	7
0	124	0	117	44	0	7
0	124	0	95	43	0	10
0	124	0	96	43	0	9
0	124	0	97	43	0	16
0	124	0	98	43	0	6
0	124	0	99	43	0	16
0	124	0	100	43	0	9
0	124	0	101	43	0	0
0	124	0	111	43	0	12
0	124	0	112	43	0	6
0	124	0	113	43	0	5
0	124	0	114	43	0	9
0	124	0	115	43	0	7
0	124	0	116	43	0	1
0	124	0	117	43	0	0
0	124	0	95	42	0	9
0	124	0	96	42	0	8
0	124	0	97	42	0	10
0	124	0	98	42	0	5
0	124	0	99	42	0	4
0	124	0	100	42	0	6
0	124	0	112	42	0	7
0	124	0	113	42	0	13
0	124	0	114	42	0	5
0	124	0	115	42	0	10
0	124	0	116	42	0	4
0	124	0	95	41	0	6
0	124	0	96	41	0	5
0	124	0	97	41	0	5
0	124	0	98	41	0	4
0	124	0	99	41	0	3
0	124	0	113	41	0	1
0	124	0	97	39	0	6
0	124	0	93	38	0	2
0	124	0	94	38	0	2
0	124	0	95	38	0	11
0	124	0	96	38	0	12
0	124	0	97	38	0	4
0	124	0	98	38	0	5
0	124	0	92	37	0	5
0	124	0	93	37	0	10
0	124	0	94	37	0	5
0	124	0	95	37	0	11
0	124	0	96	37	0	8
0	124	0	97	37	0	7
0	124	0	98	37	0	9
0	124	0	99	37	0	5
0	124	0	100	37	0	10
0	124	0	101	37	0	9
0	124	0	91	36	0	1
0	124	0	92	36	0	9
0	124	0	93	36	0	4
0	124	0	94	36	0	1
0	124	0	95	36	0	4
0	124	0	96	36	0	3
0	124	0	97	36	0	3
0	124	0	98	36	0	14
0	124	0	99	36	0	4
0	124	0	100	36	0	1
0	124	0	101	36	0	5
0	124	0	102	36	0	0
0	124	0	91	35	0	7
0	124	0	92	35	0	9
0	124	0	93	35	0	2
0	124	0	94	35	0	1
0	124	0	95	35	0	6
0	124	0	96	35	0	2
0	124	0	97	35	0	10
0	124	0	98	35	0	6
0	124	0	99	35	0	9
0	124	0	100	35	0	4
0	124	0	101	35	0	8
0	124	0	102	35	0	0
0	124	0	92	34	0	5
0	124	0	93	34	0	8
0	124	0	94	34	0	5
0	124	0	95	34	0	10
0	124	0	96	34	0	6
0	124	0	97	34	0	6
0	124	0	98	34	0	5
0	124	0	99	34	0	12
0	124	0	100	34	0	9
0	124	0	101	34	0	6
0	124	0	102	34	0	7
0	124	0	103	34	0	4
0	124	0	92	33	0	0
0	124	0	93	33	0	5
0	124	0	94	33	0	11
0	124	0	95	33	0	0
0	124	0	96	33	0	7
0	124	0	97	33	0	7
0	124	0	98	33	0	3
0	124	0	99	33	0	4
0	124	0	100	33	0	5
0	124	0	101	33	0	0
0	124	0	102	33	0	1
0	124	0	103	33	0	7
0	124	0	93	32	0	5
0	124	0	94	32	0	8
0	124	0	95	32	0	0
0	124	0	96	32	0	6
0	124	0	97	32	0	9
0	124	0	98	32	0	9
0	124	0	99	32	0	9
0	124	0	100	32	0	10
0	124	0	101	32	0	9
0	124	0	102	32	0	5
0	124	0	103	32	0	0
0	124	0	92	31	0	2
0	124	0	93	31	0	7
0	124	0	94	31	0	2
0	124	0	95	31	0	9
0	124	0	96	31	0	6
0	124	0	97	31	0	13
0	124	0	98	31	0	5
0	124	0	99	31	0	10
0	124	0	100	31	0	7
0	124	0	101	31	0	4
0	124	0	102	31	0	6
0	124	0	103	31	0	0
0	124	0	94	30	0	5
0	124	0	95	30	0	2
0	124	0	96	30	0	0
0	124	0	97	30	0	1
0	124	0	98	30	0	1
0	124	0	99	30	0	0
0	124	0	100	30	0	2
0	124	0	101	30	0	8
0	124	0	102	30	0	2
0	124	0	103	30	0	8
0	124	0	104	30	0	1
0	124	0	95	29	0	6
0	124	0	96	29	0	2
0	124	0	97	29	0	1
0	124	0	98	29	0	5
0	124	0	99	29	0	1
0	124	0	100	29	0	8
0	124	0	101	29	0	8
0	124	0	102	29	0	3
0	124	0	103	29	0	1
0	124	0	106	29	0	0
0	124	0	107	29	0	1
0	124	0	108	29	0	0
0	124	0	95	28	0	1
0	124	0	96	28	0	0
0	124	0	97	28	0	0
0	124	0	98	28	0	1
0	124	0	99	28	0	4
0	124	0	100	28	0	9
0	124	0	101	28	0	11
0	124	0	102	28	0	1
0	124	0	103	28	0	6
0	124	0	105	28	0	2
0	124	0	106	28	0	1
0	124	0	108	28	0	3
0	124	0	95	27	0	3
0	124	0	97	27	0	0
0	124	0	98	27	0	0
0	124	0	99	27	0	5
0	124	0	100	27	0	6
0	124	0	101	27	0	5
0	124	0	102	27	0	3
0	124	0	103	27	0	4
0	124	0	104	27	0	2
0	124	0	105	27	0	0
0	124	0	106	27	0	0
0	124	0	107	27	0	1
0	124	0	97	26	0	2
0	124	0	98	26	0	11
0	124	0	99	26	0	5
0	124	0	100	26	0	6
0	124	0	101	26	0	5
0	124	0	102	26	0	0
0	124	0	103	26	0	5
0	124	0	104	26	0	2
0	124	0	105	26	0	0
0	124	0	99	25	0	4
0	124	0	100	25	0	5
0	124	0	101	25	0	3
0	124	0	102	25	0	8
0	124	0	97	24	0	0
0	124	0	99	24	0	9
0	124	0	100	24	0	4
0	124	0	101	24	0	18
0	124	0	102	24	0	1
0	124	0	98	23	0	0
0	124	0	101	23	0	0
0	124	0	97	22	0	1
0	124	0	98	22	0	1
0	124	0	100	22	0	3
0	124	0	101	22	0	0
0	124	0	102	22	0	1
0	124	0	104	22	0	1
0	125	0	95	73	0	10
0	125	0	95	72	0	6
0	125	0	96	72	0	10
0	125	0	97	72	0	7
0	125	0	98	72	0	7
0	125	0	99	72	0	5
0	125	0	100	72	0	7
0	125	0	90	71	0	0
0	125	0	91	71	0	5
0	125	0	92	71	0	3
0	125	0	93	71	0	14
0	125	0	94	71	0	11
0	125	0	95	71	0	13
0	125	0	96	71	0	7
0	125	0	97	71	0	15
0	125	0	98	71	0	7
0	125	0	99	71	0	9
0	125	0	100	71	0	1
0	125	0	101	71	0	13
0	125	0	102	71	0	7
0	125	0	89	70	0	1
0	125	0	90	70	0	3
0	125	0	91	70	0	15
0	125	0	92	70	0	0
0	125	0	93	70	0	9
0	125	0	94	70	0	3
0	125	0	95	70	0	6
0	125	0	96	70	0	10
0	125	0	97	70	0	5
0	125	0	98	70	0	6
0	125	0	99	70	0	7
0	125	0	100	70	0	8
0	125	0	101	70	0	7
0	125	0	102	70	0	8
0	125	0	87	69	0	1
0	125	0	88	69	0	6
0	125	0	89	69	0	10
0	125	0	90	69	0	3
0	125	0	91	69	0	7
0	125	0	92	69	0	9
0	125	0	93	69	0	3
0	125	0	94	69	0	8
0	125	0	95	69	0	11
0	125	0	96	69	0	4
0	125	0	97	69	0	10
0	125	0	98	69	0	7
0	125	0	99	69	0	13
0	125	0	100	69	0	5
0	125	0	101	69	0	16
0	125	0	102	69	0	9
0	125	0	86	68	0	14
0	125	0	87	68	0	5
0	125	0	88	68	0	3
0	125	0	89	68	0	7
0	125	0	90	68	0	8
0	125	0	91	68	0	8
0	125	0	92	68	0	9
0	125	0	93	68	0	9
0	125	0	94	68	0	11
0	125	0	95	68	0	3
0	125	0	96	68	0	3
0	125	0	97	68	0	8
0	125	0	98	68	0	12
0	125	0	99	68	0	13
0	125	0	100	68	0	7
0	125	0	101	68	0	8
0	125	0	102	68	0	9
0	125	0	86	67	0	0
0	125	0	87	67	0	10
0	125	0	88	67	0	13
0	125	0	89	67	0	7
0	125	0	90	67	0	3
0	125	0	91	67	0	10
0	125	0	92	67	0	10
0	125	0	93	67	0	11
0	125	0	94	67	0	8
0	125	0	95	67	0	10
0	125	0	96	67	0	16
0	125	0	97	67	0	6
0	125	0	98	67	0	1
0	125	0	99	67	0	9
0	125	0	100	67	0	17
0	125	0	101	67	0	13
0	125	0	102	67	0	3
0	125	0	87	66	0	7
0	125	0	88	66	0	10
0	125	0	89	66	0	7
0	125	0	90	66	0	6
0	125	0	91	66	0	6
0	125	0	92	66	0	8
0	125	0	93	66	0	4
0	125	0	94	66	0	13
0	125	0	95	66	0	13
0	125	0	96	66	0	4
0	125	0	97	66	0	4
0	125	0	98	66	0	4
0	125	0	99	66	0	5
0	125	0	100	66	0	3
0	125	0	101	66	0	7
0	125	0	102	66	0	6
0	125	0	87	65	0	4
0	125	0	88	65	0	0
0	125	0	89	65	0	7
0	125	0	90	65	0	12
0	125	0	91	65	0	17
0	125	0	92	65	0	8
0	125	0	93	65	0	11
0	125	0	94	65	0	2
0	125	0	95	65	0	5
0	125	0	96	65	0	7
0	125	0	97	65	0	12
0	125	0	98	65	0	13
0	125	0	99	65	0	6
0	125	0	100	65	0	8
0	125	0	101	65	0	9
0	125	0	102	65	0	2
0	125	0	103	65	0	9
0	125	0	87	64	0	8
0	125	0	88	64	0	3
0	125	0	89	64	0	1
0	125	0	90	64	0	8
0	125	0	91	64	0	7
0	125	0	92	64	0	10
0	125	0	93	64	0	8
0	125	0	94	64	0	15
0	125	0	95	64	0	9
0	125	0	96	64	0	11
0	125	0	97	64	0	10
0	125	0	98	64	0	6
0	125	0	99	64	0	27
0	125	0	100	64	0	11
0	125	0	101	64	0	7
0	125	0	102	64	0	9
0	125	0	103	64	0	3
0	125	0	86	63	0	0
0	125	0	87	63	0	4
0	125	0	88	63	0	3
0	125	0	89	63	0	14
0	125	0	90	63	0	5
0	125	0	91	63	0	11
0	125	0	92	63	0	5
0	125	0	93	63	0	6
0	125	0	94	63	0	6
0	125	0	95	63	0	13
0	125	0	96	63	0	4
0	125	0	97	63	0	11
0	125	0	98	63	0	5
0	125	0	99	63	0	5
0	125	0	100	63	0	6
0	125	0	101	63	0	7
0	125	0	102	63	0	11
0	125	0	103	63	0	2
0	125	0	87	62	0	6
0	125	0	88	62	0	5
0	125	0	89	62	0	0
0	125	0	90	62	0	2
0	125	0	91	62	0	7
0	125	0	92	62	0	13
0	125	0	93	62	0	5
0	125	0	94	62	0	12
0	125	0	95	62	0	12
0	125	0	96	62	0	14
0	125	0	97	62	0	9
0	125	0	98	62	0	6
0	125	0	99	62	0	7
0	125	0	100	62	0	6
0	125	0	101	62	0	13
0	125	0	102	62	0	1
0	125	0	87	61	0	6
0	125	0	88	61	0	9
0	125	0	89	61	0	7
0	125	0	90	61	0	9
0	125	0	91	61	0	10
0	125	0	92	61	0	8
0	125	0	93	61	0	11
0	125	0	94	61	0	12
0	125	0	95	61	0	13
0	125	0	96	61	0	1
0	125	0	97	61	0	10
0	125	0	98	61	0	10
0	125	0	99	61	0	2
0	125	0	100	61	0	7
0	125	0	88	60	0	9
0	125	0	89	60	0	6
0	125	0	90	60	0	6
0	125	0	91	60	0	11
0	125	0	92	60	0	6
0	125	0	93	60	0	5
0	125	0	94	60	0	11
0	125	0	95	60	0	3
0	125	0	96	60	0	4
0	125	0	88	59	0	10
0	125	0	89	59	0	8
0	125	0	90	59	0	12
0	125	0	91	59	0	10
0	125	0	92	59	0	10
0	125	0	93	59	0	3
0	125	0	94	59	0	6
0	125	0	95	59	0	15
0	125	0	89	58	0	8
0	125	0	90	58	0	12
0	125	0	91	58	0	12
0	125	0	92	58	0	7
0	125	0	93	58	0	12
0	125	0	94	58	0	4
0	125	0	91	57	0	10
0	125	0	92	57	0	11
0	125	0	93	57	0	10
0	125	0	96	55	0	7
0	125	0	94	54	0	5
0	125	0	95	54	0	5
0	125	0	96	54	0	4
0	125	0	97	54	0	4
0	125	0	101	54	0	8
0	125	0	102	54	0	6
0	125	0	103	54	0	3
0	125	0	104	54	0	8
0	125	0	93	53	0	13
0	125	0	94	53	0	11
0	125	0	95	53	0	7
0	125	0	96	53	0	5
0	125	0	97	53	0	7
0	125	0	98	53	0	8
0	125	0	99	53	0	14
0	125	0	100	53	0	6
0	125	0	101	53	0	3
0	125	0	102	53	0	11
0	125	0	103	53	0	13
0	125	0	104	53	0	5
0	125	0	105	53	0	7
0	125	0	106	53	0	9
0	125	0	93	52	0	6
0	125	0	94	52	0	7
0	125	0	95	52	0	6
0	125	0	96	52	0	11
0	125	0	97	52	0	11
0	125	0	98	52	0	18
0	125	0	99	52	0	8
0	125	0	100	52	0	11
0	125	0	101	52	0	21
0	125	0	102	52	0	13
0	125	0	103	52	0	7
0	125	0	104	52	0	5
0	125	0	105	52	0	13
0	125	0	106	52	0	14
0	125	0	107	52	0	5
0	125	0	93	51	0	7
0	125	0	94	51	0	21
0	125	0	95	51	0	6
0	125	0	96	51	0	16
0	125	0	97	51	0	11
0	125	0	98	51	0	7
0	125	0	99	51	0	7
0	125	0	100	51	0	7
0	125	0	101	51	0	4
0	125	0	102	51	0	13
0	125	0	103	51	0	9
0	125	0	104	51	0	13
0	125	0	105	51	0	14
0	125	0	106	51	0	6
0	125	0	107	51	0	7
0	125	0	93	50	0	15
0	125	0	94	50	0	4
0	125	0	95	50	0	20
0	125	0	96	50	0	6
0	125	0	97	50	0	13
0	125	0	98	50	0	5
0	125	0	99	50	0	10
0	125	0	100	50	0	3
0	125	0	101	50	0	4
0	125	0	102	50	0	13
0	125	0	103	50	0	16
0	125	0	104	50	0	14
0	125	0	105	50	0	9
0	125	0	106	50	0	16
0	125	0	107	50	0	6
0	125	0	93	49	0	10
0	125	0	94	49	0	11
0	125	0	95	49	0	7
0	125	0	96	49	0	19
0	125	0	97	49	0	4
0	125	0	98	49	0	7
0	125	0	99	49	0	6
0	125	0	100	49	0	8
0	125	0	101	49	0	6
0	125	0	102	49	0	10
0	125	0	103	49	0	7
0	125	0	104	49	0	11
0	125	0	105	49	0	8
0	125	0	106	49	0	2
0	125	0	107	49	0	3
0	125	0	108	49	0	2
0	125	0	114	49	0	4
0	125	0	94	48	0	20
0	125	0	95	48	0	14
0	125	0	96	48	0	13
0	125	0	97	48	0	11
0	125	0	98	48	0	9
0	125	0	99	48	0	8
0	125	0	100	48	0	16
0	125	0	101	48	0	7
0	125	0	102	48	0	8
0	125	0	103	48	0	9
0	125	0	104	48	0	11
0	125	0	105	48	0	12
0	125	0	106	48	0	3
0	125	0	107	48	0	5
0	125	0	110	48	0	9
0	125	0	111	48	0	12
0	125	0	112	48	0	8
0	125	0	113	48	0	2
0	125	0	114	48	0	9
0	125	0	115	48	0	0
0	125	0	94	47	0	4
0	125	0	95	47	0	5
0	125	0	96	47	0	6
0	125	0	97	47	0	16
0	125	0	98	47	0	5
0	125	0	99	47	0	9
0	125	0	100	47	0	14
0	125	0	101	47	0	7
0	125	0	102	47	0	12
0	125	0	103	47	0	11
0	125	0	104	47	0	1
0	125	0	105	47	0	10
0	125	0	106	47	0	1
0	125	0	107	47	0	13
0	125	0	109	47	0	2
0	125	0	110	47	0	12
0	125	0	111	47	0	13
0	125	0	112	47	0	10
0	125	0	113	47	0	9
0	125	0	114	47	0	8
0	125	0	115	47	0	7
0	125	0	116	47	0	3
0	125	0	117	47	0	11
0	125	0	93	46	0	6
0	125	0	94	46	0	16
0	125	0	95	46	0	12
0	125	0	96	46	0	12
0	125	0	97	46	0	15
0	125	0	98	46	0	4
0	125	0	99	46	0	8
0	125	0	100	46	0	4
0	125	0	101	46	0	9
0	125	0	102	46	0	7
0	125	0	103	46	0	4
0	125	0	104	46	0	3
0	125	0	105	46	0	3
0	125	0	106	46	0	8
0	125	0	107	46	0	11
0	125	0	110	46	0	0
0	125	0	111	46	0	3
0	125	0	112	46	0	2
0	125	0	113	46	0	8
0	125	0	114	46	0	12
0	125	0	115	46	0	7
0	125	0	116	46	0	7
0	125	0	117	46	0	6
0	125	0	93	45	0	12
0	125	0	94	45	0	8
0	125	0	95	45	0	8
0	125	0	96	45	0	10
0	125	0	97	45	0	4
0	125	0	98	45	0	6
0	125	0	99	45	0	18
0	125	0	100	45	0	5
0	125	0	101	45	0	7
0	125	0	102	45	0	10
0	125	0	103	45	0	12
0	125	0	104	45	0	5
0	125	0	106	45	0	7
0	125	0	110	45	0	3
0	125	0	111	45	0	4
0	125	0	112	45	0	12
0	125	0	113	45	0	8
0	125	0	114	45	0	8
0	125	0	115	45	0	3
0	125	0	116	45	0	8
0	125	0	117	45	0	3
0	125	0	118	45	0	2
0	125	0	94	44	0	3
0	125	0	95	44	0	12
0	125	0	96	44	0	8
0	125	0	97	44	0	5
0	125	0	98	44	0	6
0	125	0	99	44	0	5
0	125	0	100	44	0	9
0	125	0	101	44	0	11
0	125	0	102	44	0	10
0	125	0	111	44	0	13
0	125	0	112	44	0	7
0	125	0	113	44	0	11
0	125	0	114	44	0	12
0	125	0	115	44	0	13
0	125	0	116	44	0	12
0	125	0	117	44	0	10
0	125	0	95	43	0	6
0	125	0	96	43	0	7
0	125	0	97	43	0	17
0	125	0	98	43	0	9
0	125	0	99	43	0	8
0	125	0	100	43	0	9
0	125	0	101	43	0	3
0	125	0	111	43	0	13
0	125	0	112	43	0	3
0	125	0	113	43	0	2
0	125	0	114	43	0	3
0	125	0	115	43	0	4
0	125	0	116	43	0	4
0	125	0	117	43	0	0
0	125	0	95	42	0	12
0	125	0	96	42	0	10
0	125	0	97	42	0	6
0	125	0	98	42	0	7
0	125	0	99	42	0	3
0	125	0	100	42	0	10
0	125	0	112	42	0	9
0	125	0	113	42	0	9
0	125	0	114	42	0	9
0	125	0	115	42	0	10
0	125	0	116	42	0	1
0	125	0	95	41	0	4
0	125	0	96	41	0	7
0	125	0	97	41	0	6
0	125	0	98	41	0	4
0	125	0	99	41	0	2
0	125	0	113	41	0	2
0	125	0	97	39	0	2
0	125	0	93	38	0	5
0	125	0	94	38	0	5
0	125	0	95	38	0	13
0	125	0	96	38	0	12
0	125	0	97	38	0	7
0	125	0	98	38	0	6
0	125	0	92	37	0	8
0	125	0	93	37	0	6
0	125	0	94	37	0	5
0	125	0	95	37	0	10
0	125	0	96	37	0	3
0	125	0	97	37	0	7
0	125	0	98	37	0	13
0	125	0	99	37	0	5
0	125	0	100	37	0	8
0	125	0	101	37	0	5
0	125	0	91	36	0	1
0	125	0	92	36	0	8
0	125	0	93	36	0	6
0	125	0	94	36	0	3
0	125	0	95	36	0	2
0	125	0	96	36	0	3
0	125	0	97	36	0	4
0	125	0	98	36	0	11
0	125	0	99	36	0	10
0	125	0	100	36	0	3
0	125	0	101	36	0	6
0	125	0	102	36	0	0
0	125	0	91	35	0	8
0	125	0	92	35	0	9
0	125	0	93	35	0	1
0	125	0	94	35	0	2
0	125	0	95	35	0	4
0	125	0	96	35	0	2
0	125	0	97	35	0	8
0	125	0	98	35	0	7
0	125	0	99	35	0	7
0	125	0	100	35	0	4
0	125	0	101	35	0	9
0	125	0	102	35	0	0
0	125	0	92	34	0	11
0	125	0	93	34	0	11
0	125	0	94	34	0	10
0	125	0	95	34	0	12
0	125	0	96	34	0	6
0	125	0	97	34	0	5
0	125	0	98	34	0	6
0	125	0	99	34	0	14
0	125	0	100	34	0	11
0	125	0	101	34	0	6
0	125	0	102	34	0	11
0	125	0	103	34	0	3
0	125	0	92	33	0	0
0	125	0	93	33	0	2
0	125	0	94	33	0	19
0	125	0	95	33	0	0
0	125	0	96	33	0	8
0	125	0	97	33	0	4
0	125	0	98	33	0	3
0	125	0	99	33	0	5
0	125	0	100	33	0	6
0	125	0	101	33	0	0
0	125	0	102	33	0	0
0	125	0	103	33	0	4
0	125	0	93	32	0	6
0	125	0	94	32	0	5
0	125	0	95	32	0	2
0	125	0	96	32	0	7
0	125	0	97	32	0	14
0	125	0	98	32	0	8
0	125	0	99	32	0	8
0	125	0	100	32	0	8
0	125	0	101	32	0	9
0	125	0	102	32	0	5
0	125	0	103	32	0	0
0	125	0	92	31	0	2
0	125	0	93	31	0	11
0	125	0	94	31	0	5
0	125	0	95	31	0	4
0	125	0	96	31	0	6
0	125	0	97	31	0	6
0	125	0	98	31	0	4
0	125	0	99	31	0	7
0	125	0	100	31	0	8
0	125	0	101	31	0	3
0	125	0	102	31	0	15
0	125	0	103	31	0	0
0	125	0	94	30	0	6
0	125	0	95	30	0	2
0	125	0	96	30	0	0
0	125	0	97	30	0	1
0	125	0	98	30	0	1
0	125	0	99	30	0	1
0	125	0	100	30	0	5
0	125	0	101	30	0	9
0	125	0	102	30	0	7
0	125	0	103	30	0	8
0	125	0	104	30	0	1
0	125	0	95	29	0	5
0	125	0	96	29	0	4
0	125	0	97	29	0	1
0	125	0	98	29	0	9
0	125	0	99	29	0	0
0	125	0	100	29	0	9
0	125	0	101	29	0	8
0	125	0	102	29	0	5
0	125	0	103	29	0	1
0	125	0	106	29	0	0
0	125	0	107	29	0	0
0	125	0	108	29	0	0
0	125	0	95	28	0	3
0	125	0	96	28	0	1
0	125	0	97	28	0	0
0	125	0	98	28	0	2
0	125	0	99	28	0	6
0	125	0	100	28	0	12
0	125	0	101	28	0	5
0	125	0	102	28	0	0
0	125	0	103	28	0	4
0	125	0	105	28	0	0
0	125	0	106	28	0	0
0	125	0	107	28	0	1
0	125	0	108	28	0	5
0	125	0	95	27	0	2
0	125	0	96	27	0	1
0	125	0	97	27	0	0
0	125	0	98	27	0	2
0	125	0	99	27	0	5
0	125	0	100	27	0	6
0	125	0	101	27	0	6
0	125	0	102	27	0	5
0	125	0	103	27	0	5
0	125	0	104	27	0	7
0	125	0	105	27	0	0
0	125	0	106	27	0	0
0	125	0	107	27	0	4
0	125	0	108	27	0	1
0	125	0	109	27	0	1
0	125	0	97	26	0	1
0	125	0	98	26	0	8
0	125	0	99	26	0	6
0	125	0	100	26	0	3
0	125	0	101	26	0	3
0	125	0	102	26	0	0
0	125	0	103	26	0	9
0	125	0	104	26	0	0
0	125	0	105	26	0	0
0	125	0	99	25	0	2
0	125	0	100	25	0	6
0	125	0	101	25	0	3
0	125	0	102	25	0	8
0	125	0	97	24	0	0
0	125	0	99	24	0	13
0	125	0	100	24	0	4
0	125	0	101	24	0	14
0	125	0	102	24	0	1
0	125	0	98	23	0	0
0	125	0	99	23	0	1
0	125	0	101	23	0	0
0	125	0	102	23	0	1
0	125	0	96	22	0	1
0	125	0	97	22	0	2
0	125	0	98	22	0	3
0	125	0	99	22	0	1
0	125	0	100	22	0	5
0	125	0	101	22	0	0
0	125	0	102	22	0	2
0	125	0	104	22	0	0
0	125	0	100	21	0	1
0	125	0	104	20	0	1
0	126	0	95	73	0	13
0	126	0	95	72	0	8
0	126	0	96	72	0	8
0	126	0	97	72	0	12
0	126	0	98	72	0	5
0	126	0	99	72	0	2
0	126	0	100	72	0	7
0	126	0	90	71	0	0
0	126	0	91	71	0	2
0	126	0	92	71	0	4
0	126	0	93	71	0	16
0	126	0	94	71	0	4
0	126	0	95	71	0	6
0	126	0	96	71	0	11
0	126	0	97	71	0	8
0	126	0	98	71	0	4
0	126	0	99	71	0	6
0	126	0	100	71	0	2
0	126	0	101	71	0	2
0	126	0	102	71	0	14
0	126	0	89	70	0	2
0	126	0	90	70	0	5
0	126	0	91	70	0	15
0	126	0	92	70	0	0
0	126	0	93	70	0	8
0	126	0	94	70	0	2
0	126	0	95	70	0	3
0	126	0	96	70	0	8
0	126	0	97	70	0	9
0	126	0	98	70	0	3
0	126	0	99	70	0	12
0	126	0	100	70	0	9
0	126	0	101	70	0	9
0	126	0	102	70	0	6
0	126	0	87	69	0	0
0	126	0	88	69	0	9
0	126	0	89	69	0	10
0	126	0	90	69	0	3
0	126	0	91	69	0	7
0	126	0	92	69	0	14
0	126	0	93	69	0	2
0	126	0	94	69	0	6
0	126	0	95	69	0	11
0	126	0	96	69	0	9
0	126	0	97	69	0	10
0	126	0	98	69	0	5
0	126	0	99	69	0	15
0	126	0	100	69	0	4
0	126	0	101	69	0	8
0	126	0	102	69	0	8
0	126	0	86	68	0	12
0	126	0	87	68	0	6
0	126	0	88	68	0	5
0	126	0	89	68	0	7
0	126	0	90	68	0	6
0	126	0	91	68	0	9
0	126	0	92	68	0	7
0	126	0	93	68	0	15
0	126	0	94	68	0	10
0	126	0	95	68	0	4
0	126	0	96	68	0	5
0	126	0	97	68	0	6
0	126	0	98	68	0	13
0	126	0	99	68	0	9
0	126	0	100	68	0	7
0	126	0	101	68	0	13
0	126	0	102	68	0	3
0	126	0	86	67	0	0
0	126	0	87	67	0	5
0	126	0	88	67	0	16
0	126	0	89	67	0	8
0	126	0	90	67	0	8
0	126	0	91	67	0	7
0	126	0	92	67	0	9
0	126	0	93	67	0	10
0	126	0	94	67	0	8
0	126	0	95	67	0	8
0	126	0	96	67	0	12
0	126	0	97	67	0	10
0	126	0	98	67	0	0
0	126	0	99	67	0	8
0	126	0	100	67	0	17
0	126	0	101	67	0	7
0	126	0	102	67	0	9
0	126	0	87	66	0	13
0	126	0	88	66	0	7
0	126	0	89	66	0	10
0	126	0	90	66	0	9
0	126	0	91	66	0	5
0	126	0	92	66	0	13
0	126	0	93	66	0	11
0	126	0	94	66	0	11
0	126	0	95	66	0	19
0	126	0	96	66	0	2
0	126	0	97	66	0	1
0	126	0	98	66	0	6
0	126	0	99	66	0	6
0	126	0	100	66	0	2
0	126	0	101	66	0	6
0	126	0	102	66	0	4
0	126	0	87	65	0	5
0	126	0	88	65	0	0
0	126	0	89	65	0	11
0	126	0	90	65	0	7
0	126	0	91	65	0	16
0	126	0	92	65	0	11
0	126	0	93	65	0	3
0	126	0	94	65	0	7
0	126	0	95	65	0	7
0	126	0	96	65	0	3
0	126	0	97	65	0	9
0	126	0	98	65	0	13
0	126	0	99	65	0	7
0	126	0	100	65	0	6
0	126	0	101	65	0	10
0	126	0	102	65	0	6
0	126	0	103	65	0	8
0	126	0	87	64	0	7
0	126	0	88	64	0	3
0	126	0	89	64	0	0
0	126	0	90	64	0	7
0	126	0	91	64	0	8
0	126	0	92	64	0	4
0	126	0	93	64	0	5
0	126	0	94	64	0	14
0	126	0	95	64	0	10
0	126	0	96	64	0	10
0	126	0	97	64	0	5
0	126	0	98	64	0	10
0	126	0	99	64	0	14
0	126	0	100	64	0	14
0	126	0	101	64	0	6
0	126	0	102	64	0	1
0	126	0	103	64	0	3
0	126	0	86	63	0	1
0	126	0	87	63	0	5
0	126	0	88	63	0	4
0	126	0	89	63	0	9
0	126	0	90	63	0	7
0	126	0	91	63	0	9
0	126	0	92	63	0	8
0	126	0	93	63	0	5
0	126	0	94	63	0	1
0	126	0	95	63	0	13
0	126	0	96	63	0	1
0	126	0	97	63	0	17
0	126	0	98	63	0	11
0	126	0	99	63	0	9
0	126	0	100	63	0	5
0	126	0	101	63	0	5
0	126	0	102	63	0	8
0	126	0	103	63	0	4
0	126	0	87	62	0	4
0	126	0	88	62	0	3
0	126	0	89	62	0	0
0	126	0	90	62	0	1
0	126	0	91	62	0	4
0	126	0	92	62	0	10
0	126	0	93	62	0	6
0	126	0	94	62	0	11
0	126	0	95	62	0	4
0	126	0	96	62	0	8
0	126	0	97	62	0	11
0	126	0	98	62	0	10
0	126	0	99	62	0	9
0	126	0	100	62	0	12
0	126	0	101	62	0	8
0	126	0	102	62	0	0
0	126	0	87	61	0	9
0	126	0	88	61	0	8
0	126	0	89	61	0	8
0	126	0	90	61	0	10
0	126	0	91	61	0	14
0	126	0	92	61	0	8
0	126	0	93	61	0	12
0	126	0	94	61	0	15
0	126	0	95	61	0	11
0	126	0	96	61	0	0
0	126	0	97	61	0	10
0	126	0	98	61	0	11
0	126	0	99	61	0	2
0	126	0	100	61	0	5
0	126	0	88	60	0	7
0	126	0	89	60	0	7
0	126	0	90	60	0	2
0	126	0	91	60	0	5
0	126	0	92	60	0	9
0	126	0	93	60	0	3
0	126	0	94	60	0	10
0	126	0	95	60	0	5
0	126	0	96	60	0	8
0	126	0	88	59	0	10
0	126	0	89	59	0	8
0	126	0	90	59	0	10
0	126	0	91	59	0	12
0	126	0	92	59	0	15
0	126	0	93	59	0	3
0	126	0	94	59	0	6
0	126	0	95	59	0	11
0	126	0	89	58	0	7
0	126	0	90	58	0	11
0	126	0	91	58	0	12
0	126	0	92	58	0	9
0	126	0	93	58	0	6
0	126	0	94	58	0	4
0	126	0	91	57	0	12
0	126	0	92	57	0	8
0	126	0	93	57	0	11
0	126	0	96	55	0	10
0	126	0	94	54	0	5
0	126	0	95	54	0	10
0	126	0	96	54	0	3
0	126	0	97	54	0	3
0	126	0	101	54	0	4
0	126	0	102	54	0	5
0	126	0	103	54	0	4
0	126	0	104	54	0	4
0	126	0	93	53	0	9
0	126	0	94	53	0	10
0	126	0	95	53	0	7
0	126	0	96	53	0	7
0	126	0	97	53	0	9
0	126	0	98	53	0	12
0	126	0	99	53	0	16
0	126	0	100	53	0	6
0	126	0	101	53	0	6
0	126	0	102	53	0	6
0	126	0	103	53	0	11
0	126	0	104	53	0	5
0	126	0	105	53	0	11
0	126	0	106	53	0	9
0	126	0	93	52	0	7
0	126	0	94	52	0	3
0	126	0	95	52	0	11
0	126	0	96	52	0	11
0	126	0	97	52	0	7
0	126	0	98	52	0	18
0	126	0	99	52	0	12
0	126	0	100	52	0	8
0	126	0	101	52	0	20
0	126	0	102	52	0	6
0	126	0	103	52	0	3
0	126	0	104	52	0	5
0	126	0	105	52	0	9
0	126	0	106	52	0	8
0	126	0	107	52	0	1
0	126	0	93	51	0	9
0	126	0	94	51	0	17
0	126	0	95	51	0	12
0	126	0	96	51	0	15
0	126	0	97	51	0	5
0	126	0	98	51	0	8
0	126	0	99	51	0	11
0	126	0	100	51	0	6
0	126	0	101	51	0	2
0	126	0	102	51	0	11
0	126	0	103	51	0	5
0	126	0	104	51	0	16
0	126	0	105	51	0	14
0	126	0	106	51	0	5
0	126	0	107	51	0	7
0	126	0	93	50	0	14
0	126	0	94	50	0	3
0	126	0	95	50	0	16
0	126	0	96	50	0	4
0	126	0	97	50	0	12
0	126	0	98	50	0	6
0	126	0	99	50	0	8
0	126	0	100	50	0	2
0	126	0	101	50	0	6
0	126	0	102	50	0	22
0	126	0	103	50	0	10
0	126	0	104	50	0	9
0	126	0	105	50	0	10
0	126	0	106	50	0	14
0	126	0	107	50	0	4
0	126	0	93	49	0	8
0	126	0	94	49	0	12
0	126	0	95	49	0	8
0	126	0	96	49	0	13
0	126	0	97	49	0	8
0	126	0	98	49	0	7
0	126	0	99	49	0	4
0	126	0	100	49	0	6
0	126	0	101	49	0	5
0	126	0	102	49	0	16
0	126	0	103	49	0	3
0	126	0	104	49	0	11
0	126	0	105	49	0	14
0	126	0	106	49	0	5
0	126	0	107	49	0	2
0	126	0	108	49	0	6
0	126	0	114	49	0	3
0	126	0	94	48	0	15
0	126	0	95	48	0	15
0	126	0	96	48	0	11
0	126	0	97	48	0	10
0	126	0	98	48	0	7
0	126	0	99	48	0	12
0	126	0	100	48	0	24
0	126	0	101	48	0	5
0	126	0	102	48	0	12
0	126	0	103	48	0	6
0	126	0	104	48	0	8
0	126	0	105	48	0	14
0	126	0	106	48	0	5
0	126	0	107	48	0	6
0	126	0	110	48	0	11
0	126	0	111	48	0	9
0	126	0	112	48	0	9
0	126	0	113	48	0	4
0	126	0	114	48	0	12
0	126	0	115	48	0	0
0	126	0	94	47	0	6
0	126	0	95	47	0	7
0	126	0	96	47	0	11
0	126	0	97	47	0	13
0	126	0	98	47	0	7
0	126	0	99	47	0	3
0	126	0	100	47	0	10
0	126	0	101	47	0	13
0	126	0	102	47	0	12
0	126	0	103	47	0	19
0	126	0	104	47	0	2
0	126	0	105	47	0	10
0	126	0	106	47	0	0
0	126	0	107	47	0	8
0	126	0	109	47	0	1
0	126	0	110	47	0	8
0	126	0	111	47	0	9
0	126	0	112	47	0	12
0	126	0	113	47	0	12
0	126	0	114	47	0	7
0	126	0	115	47	0	10
0	126	0	116	47	0	3
0	126	0	117	47	0	5
0	126	0	93	46	0	9
0	126	0	94	46	0	7
0	126	0	95	46	0	11
0	126	0	96	46	0	13
0	126	0	97	46	0	13
0	126	0	98	46	0	1
0	126	0	99	46	0	4
0	126	0	100	46	0	5
0	126	0	101	46	0	12
0	126	0	102	46	0	10
0	126	0	103	46	0	8
0	126	0	104	46	0	2
0	126	0	105	46	0	2
0	126	0	106	46	0	7
0	126	0	107	46	0	10
0	126	0	110	46	0	0
0	126	0	111	46	0	5
0	126	0	112	46	0	3
0	126	0	113	46	0	7
0	126	0	114	46	0	14
0	126	0	115	46	0	7
0	126	0	116	46	0	7
0	126	0	117	46	0	8
0	126	0	93	45	0	9
0	126	0	94	45	0	7
0	126	0	95	45	0	10
0	126	0	96	45	0	10
0	126	0	97	45	0	10
0	126	0	98	45	0	7
0	126	0	99	45	0	9
0	126	0	100	45	0	6
0	126	0	101	45	0	12
0	126	0	102	45	0	12
0	126	0	103	45	0	13
0	126	0	104	45	0	9
0	126	0	106	45	0	6
0	126	0	110	45	0	9
0	126	0	111	45	0	5
0	126	0	112	45	0	4
0	126	0	113	45	0	8
0	126	0	114	45	0	12
0	126	0	115	45	0	3
0	126	0	116	45	0	9
0	126	0	117	45	0	2
0	126	0	118	45	0	4
0	126	0	94	44	0	4
0	126	0	95	44	0	14
0	126	0	96	44	0	10
0	126	0	97	44	0	6
0	126	0	98	44	0	8
0	126	0	99	44	0	7
0	126	0	100	44	0	6
0	126	0	101	44	0	8
0	126	0	102	44	0	14
0	126	0	111	44	0	12
0	126	0	112	44	0	6
0	126	0	113	44	0	12
0	126	0	114	44	0	8
0	126	0	115	44	0	10
0	126	0	116	44	0	12
0	126	0	117	44	0	9
0	126	0	95	43	0	10
0	126	0	96	43	0	8
0	126	0	97	43	0	13
0	126	0	98	43	0	5
0	126	0	99	43	0	8
0	126	0	100	43	0	4
0	126	0	101	43	0	2
0	126	0	111	43	0	10
0	126	0	112	43	0	1
0	126	0	113	43	0	4
0	126	0	114	43	0	8
0	126	0	115	43	0	5
0	126	0	116	43	0	5
0	126	0	117	43	0	0
0	126	0	95	42	0	12
0	126	0	96	42	0	13
0	126	0	97	42	0	9
0	126	0	98	42	0	6
0	126	0	99	42	0	5
0	126	0	100	42	0	9
0	126	0	112	42	0	15
0	126	0	113	42	0	10
0	126	0	114	42	0	11
0	126	0	115	42	0	13
0	126	0	116	42	0	1
0	126	0	95	41	0	4
0	126	0	96	41	0	11
0	126	0	97	41	0	11
0	126	0	98	41	0	3
0	126	0	99	41	0	4
0	126	0	113	41	0	3
0	126	0	97	39	0	1
0	126	0	93	38	0	7
0	126	0	94	38	0	4
0	126	0	95	38	0	9
0	126	0	96	38	0	16
0	126	0	97	38	0	6
0	126	0	98	38	0	8
0	126	0	92	37	0	11
0	126	0	93	37	0	10
0	126	0	94	37	0	7
0	126	0	95	37	0	10
0	126	0	96	37	0	6
0	126	0	97	37	0	4
0	126	0	98	37	0	13
0	126	0	99	37	0	7
0	126	0	100	37	0	8
0	126	0	101	37	0	3
0	126	0	91	36	0	0
0	126	0	92	36	0	7
0	126	0	93	36	0	13
0	126	0	94	36	0	6
0	126	0	95	36	0	5
0	126	0	96	36	0	5
0	126	0	97	36	0	13
0	126	0	98	36	0	15
0	126	0	99	36	0	12
0	126	0	100	36	0	4
0	126	0	101	36	0	8
0	126	0	102	36	0	1
0	126	0	91	35	0	7
0	126	0	92	35	0	9
0	126	0	93	35	0	0
0	126	0	94	35	0	2
0	126	0	95	35	0	5
0	126	0	96	35	0	1
0	126	0	97	35	0	14
0	126	0	98	35	0	9
0	126	0	99	35	0	10
0	126	0	100	35	0	5
0	126	0	101	35	0	6
0	126	0	102	35	0	0
0	126	0	92	34	0	12
0	126	0	93	34	0	8
0	126	0	94	34	0	10
0	126	0	95	34	0	15
0	126	0	96	34	0	5
0	126	0	97	34	0	5
0	126	0	98	34	0	5
0	126	0	99	34	0	10
0	126	0	100	34	0	5
0	126	0	101	34	0	8
0	126	0	102	34	0	13
0	126	0	103	34	0	1
0	126	0	92	33	0	1
0	126	0	93	33	0	2
0	126	0	94	33	0	13
0	126	0	95	33	0	0
0	126	0	96	33	0	10
0	126	0	97	33	0	2
0	126	0	98	33	0	4
0	126	0	99	33	0	4
0	126	0	100	33	0	11
0	126	0	101	33	0	0
0	126	0	102	33	0	0
0	126	0	103	33	0	0
0	126	0	93	32	0	10
0	126	0	94	32	0	3
0	126	0	95	32	0	1
0	126	0	96	32	0	10
0	126	0	97	32	0	9
0	126	0	98	32	0	10
0	126	0	99	32	0	8
0	126	0	100	32	0	13
0	126	0	101	32	0	10
0	126	0	102	32	0	9
0	126	0	103	32	0	0
0	126	0	92	31	0	1
0	126	0	93	31	0	17
0	126	0	94	31	0	5
0	126	0	95	31	0	0
0	126	0	96	31	0	5
0	126	0	97	31	0	9
0	126	0	98	31	0	7
0	126	0	99	31	0	11
0	126	0	100	31	0	5
0	126	0	101	31	0	5
0	126	0	102	31	0	15
0	126	0	103	31	0	0
0	126	0	94	30	0	6
0	126	0	95	30	0	4
0	126	0	96	30	0	0
0	126	0	97	30	0	3
0	126	0	98	30	0	3
0	126	0	99	30	0	3
0	126	0	100	30	0	2
0	126	0	101	30	0	10
0	126	0	102	30	0	1
0	126	0	103	30	0	11
0	126	0	104	30	0	0
0	126	0	95	29	0	7
0	126	0	96	29	0	2
0	126	0	97	29	0	2
0	126	0	98	29	0	10
0	126	0	99	29	0	1
0	126	0	100	29	0	9
0	126	0	101	29	0	8
0	126	0	102	29	0	13
0	126	0	103	29	0	2
0	126	0	106	29	0	0
0	126	0	107	29	0	0
0	126	0	108	29	0	0
0	126	0	95	28	0	0
0	126	0	96	28	0	0
0	126	0	97	28	0	0
0	126	0	98	28	0	4
0	126	0	99	28	0	6
0	126	0	100	28	0	18
0	126	0	101	28	0	4
0	126	0	102	28	0	1
0	126	0	103	28	0	2
0	126	0	104	28	0	1
0	126	0	105	28	0	0
0	126	0	106	28	0	0
0	126	0	107	28	0	3
0	126	0	108	28	0	6
0	126	0	95	27	0	2
0	126	0	96	27	0	2
0	126	0	97	27	0	0
0	126	0	98	27	0	1
0	126	0	99	27	0	4
0	126	0	100	27	0	3
0	126	0	101	27	0	5
0	126	0	102	27	0	7
0	126	0	103	27	0	6
0	126	0	104	27	0	6
0	126	0	105	27	0	0
0	126	0	106	27	0	0
0	126	0	107	27	0	2
0	126	0	108	27	0	1
0	126	0	109	27	0	1
0	126	0	97	26	0	1
0	126	0	98	26	0	13
0	126	0	99	26	0	6
0	126	0	100	26	0	1
0	126	0	101	26	0	6
0	126	0	102	26	0	0
0	126	0	103	26	0	5
0	126	0	104	26	0	0
0	126	0	105	26	0	0
0	126	0	108	26	0	1
0	126	0	98	25	0	2
0	126	0	99	25	0	2
0	126	0	100	25	0	10
0	126	0	101	25	0	5
0	126	0	102	25	0	14
0	126	0	103	25	0	1
0	126	0	104	25	0	1
0	126	0	105	25	0	1
0	126	0	97	24	0	0
0	126	0	99	24	0	18
0	126	0	100	24	0	5
0	126	0	101	24	0	12
0	126	0	102	24	0	2
0	126	0	107	24	0	1
0	126	0	98	23	0	0
0	126	0	99	23	0	0
0	126	0	100	23	0	2
0	126	0	101	23	0	0
0	126	0	102	23	0	3
0	126	0	96	22	0	0
0	126	0	97	22	0	0
0	126	0	98	22	0	4
0	126	0	99	22	0	2
0	126	0	100	22	0	5
0	126	0	101	22	0	0
0	126	0	102	22	0	3
0	126	0	103	22	0	1
0	126	0	104	22	0	0
0	126	0	100	21	0	1
0	126	0	104	20	0	2
0	127	0	95	73	0	7
0	127	0	95	72	0	8
0	127	0	96	72	0	9
0	127	0	97	72	0	11
0	127	0	98	72	0	11
0	127	0	99	72	0	2
0	127	0	100	72	0	5
0	127	0	90	71	0	0
0	127	0	91	71	0	1
0	127	0	92	71	0	6
0	127	0	93	71	0	11
0	127	0	94	71	0	7
0	127	0	95	71	0	3
0	127	0	96	71	0	9
0	127	0	97	71	0	14
0	127	0	98	71	0	5
0	127	0	99	71	0	4
0	127	0	100	71	0	6
0	127	0	101	71	0	6
0	127	0	102	71	0	7
0	127	0	89	70	0	4
0	127	0	90	70	0	6
0	127	0	91	70	0	13
0	127	0	92	70	0	1
0	127	0	93	70	0	8
0	127	0	94	70	0	2
0	127	0	95	70	0	5
0	127	0	96	70	0	4
0	127	0	97	70	0	12
0	127	0	98	70	0	4
0	127	0	99	70	0	10
0	127	0	100	70	0	8
0	127	0	101	70	0	9
0	127	0	102	70	0	5
0	127	0	87	69	0	0
0	127	0	88	69	0	5
0	127	0	89	69	0	12
0	127	0	90	69	0	6
0	127	0	91	69	0	6
0	127	0	92	69	0	15
0	127	0	93	69	0	1
0	127	0	94	69	0	7
0	127	0	95	69	0	12
0	127	0	96	69	0	6
0	127	0	97	69	0	11
0	127	0	98	69	0	4
0	127	0	99	69	0	11
0	127	0	100	69	0	4
0	127	0	101	69	0	5
0	127	0	102	69	0	8
0	127	0	86	68	0	7
0	127	0	87	68	0	6
0	127	0	88	68	0	4
0	127	0	89	68	0	10
0	127	0	90	68	0	8
0	127	0	91	68	0	10
0	127	0	92	68	0	7
0	127	0	93	68	0	16
0	127	0	94	68	0	7
0	127	0	95	68	0	4
0	127	0	96	68	0	4
0	127	0	97	68	0	4
0	127	0	98	68	0	13
0	127	0	99	68	0	12
0	127	0	100	68	0	6
0	127	0	101	68	0	10
0	127	0	102	68	0	5
0	127	0	86	67	0	0
0	127	0	87	67	0	6
0	127	0	88	67	0	11
0	127	0	89	67	0	11
0	127	0	90	67	0	11
0	127	0	91	67	0	6
0	127	0	92	67	0	16
0	127	0	93	67	0	6
0	127	0	94	67	0	13
0	127	0	95	67	0	8
0	127	0	96	67	0	10
0	127	0	97	67	0	11
0	127	0	98	67	0	1
0	127	0	99	67	0	9
0	127	0	100	67	0	12
0	127	0	101	67	0	9
0	127	0	102	67	0	11
0	127	0	87	66	0	18
0	127	0	88	66	0	4
0	127	0	89	66	0	6
0	127	0	90	66	0	11
0	127	0	91	66	0	7
0	127	0	92	66	0	13
0	127	0	93	66	0	7
0	127	0	94	66	0	10
0	127	0	95	66	0	10
0	127	0	96	66	0	4
0	127	0	97	66	0	3
0	127	0	98	66	0	3
0	127	0	99	66	0	9
0	127	0	100	66	0	5
0	127	0	101	66	0	11
0	127	0	102	66	0	4
0	127	0	87	65	0	7
0	127	0	88	65	0	1
0	127	0	89	65	0	7
0	127	0	90	65	0	10
0	127	0	91	65	0	12
0	127	0	92	65	0	4
0	127	0	93	65	0	8
0	127	0	94	65	0	10
0	127	0	95	65	0	8
0	127	0	96	65	0	2
0	127	0	97	65	0	9
0	127	0	98	65	0	10
0	127	0	99	65	0	6
0	127	0	100	65	0	5
0	127	0	101	65	0	9
0	127	0	102	65	0	8
0	127	0	103	65	0	8
0	127	0	87	64	0	6
0	127	0	88	64	0	2
0	127	0	89	64	0	1
0	127	0	90	64	0	5
0	127	0	91	64	0	4
0	127	0	92	64	0	5
0	127	0	93	64	0	6
0	127	0	94	64	0	14
0	127	0	95	64	0	10
0	127	0	96	64	0	13
0	127	0	97	64	0	4
0	127	0	98	64	0	5
0	127	0	99	64	0	10
0	127	0	100	64	0	11
0	127	0	101	64	0	8
0	127	0	102	64	0	2
0	127	0	103	64	0	3
0	127	0	86	63	0	0
0	127	0	87	63	0	6
0	127	0	88	63	0	1
0	127	0	89	63	0	9
0	127	0	90	63	0	15
0	127	0	91	63	0	10
0	127	0	92	63	0	11
0	127	0	93	63	0	7
0	127	0	94	63	0	0
0	127	0	95	63	0	3
0	127	0	96	63	0	1
0	127	0	97	63	0	13
0	127	0	98	63	0	9
0	127	0	99	63	0	13
0	127	0	100	63	0	10
0	127	0	101	63	0	7
0	127	0	102	63	0	8
0	127	0	103	63	0	6
0	127	0	87	62	0	8
0	127	0	88	62	0	7
0	127	0	89	62	0	0
0	127	0	90	62	0	2
0	127	0	91	62	0	4
0	127	0	92	62	0	5
0	127	0	93	62	0	9
0	127	0	94	62	0	13
0	127	0	95	62	0	6
0	127	0	96	62	0	8
0	127	0	97	62	0	12
0	127	0	98	62	0	5
0	127	0	99	62	0	10
0	127	0	100	62	0	15
0	127	0	101	62	0	6
0	127	0	102	62	0	0
0	127	0	87	61	0	5
0	127	0	88	61	0	8
0	127	0	89	61	0	7
0	127	0	90	61	0	10
0	127	0	91	61	0	9
0	127	0	92	61	0	6
0	127	0	93	61	0	11
0	127	0	94	61	0	10
0	127	0	95	61	0	10
0	127	0	96	61	0	0
0	127	0	97	61	0	10
0	127	0	98	61	0	10
0	127	0	99	61	0	3
0	127	0	100	61	0	8
0	127	0	88	60	0	8
0	127	0	89	60	0	4
0	127	0	90	60	0	5
0	127	0	91	60	0	6
0	127	0	92	60	0	10
0	127	0	93	60	0	2
0	127	0	94	60	0	7
0	127	0	95	60	0	9
0	127	0	96	60	0	9
0	127	0	88	59	0	12
0	127	0	89	59	0	9
0	127	0	90	59	0	9
0	127	0	91	59	0	8
0	127	0	92	59	0	9
0	127	0	93	59	0	4
0	127	0	94	59	0	7
0	127	0	95	59	0	9
0	127	0	89	58	0	8
0	127	0	90	58	0	11
0	127	0	91	58	0	14
0	127	0	92	58	0	5
0	127	0	93	58	0	7
0	127	0	94	58	0	6
0	127	0	91	57	0	9
0	127	0	92	57	0	8
0	127	0	93	57	0	14
0	127	0	96	55	0	12
0	127	0	94	54	0	5
0	127	0	95	54	0	15
0	127	0	96	54	0	3
0	127	0	97	54	0	1
0	127	0	101	54	0	2
0	127	0	102	54	0	4
0	127	0	103	54	0	3
0	127	0	104	54	0	4
0	127	0	93	53	0	7
0	127	0	94	53	0	11
0	127	0	95	53	0	5
0	127	0	96	53	0	3
0	127	0	97	53	0	9
0	127	0	98	53	0	10
0	127	0	99	53	0	14
0	127	0	100	53	0	8
0	127	0	101	53	0	12
0	127	0	102	53	0	9
0	127	0	103	53	0	7
0	127	0	104	53	0	8
0	127	0	105	53	0	9
0	127	0	106	53	0	11
0	127	0	93	52	0	8
0	127	0	94	52	0	4
0	127	0	95	52	0	6
0	127	0	96	52	0	6
0	127	0	97	52	0	9
0	127	0	98	52	0	13
0	127	0	99	52	0	16
0	127	0	100	52	0	11
0	127	0	101	52	0	12
0	127	0	102	52	0	9
0	127	0	103	52	0	2
0	127	0	104	52	0	9
0	127	0	105	52	0	15
0	127	0	106	52	0	11
0	127	0	107	52	0	3
0	127	0	93	51	0	6
0	127	0	94	51	0	9
0	127	0	95	51	0	10
0	127	0	96	51	0	8
0	127	0	97	51	0	5
0	127	0	98	51	0	8
0	127	0	99	51	0	15
0	127	0	100	51	0	6
0	127	0	101	51	0	5
0	127	0	102	51	0	12
0	127	0	103	51	0	10
0	127	0	104	51	0	11
0	127	0	105	51	0	14
0	127	0	106	51	0	5
0	127	0	107	51	0	9
0	127	0	93	50	0	15
0	127	0	94	50	0	6
0	127	0	95	50	0	15
0	127	0	96	50	0	3
0	127	0	97	50	0	7
0	127	0	98	50	0	8
0	127	0	99	50	0	12
0	127	0	100	50	0	4
0	127	0	101	50	0	3
0	127	0	102	50	0	21
0	127	0	103	50	0	17
0	127	0	104	50	0	8
0	127	0	105	50	0	13
0	127	0	106	50	0	11
0	127	0	107	50	0	5
0	127	0	93	49	0	6
0	127	0	94	49	0	9
0	127	0	95	49	0	10
0	127	0	96	49	0	14
0	127	0	97	49	0	3
0	127	0	98	49	0	6
0	127	0	99	49	0	1
0	127	0	100	49	0	8
0	127	0	101	49	0	8
0	127	0	102	49	0	20
0	127	0	103	49	0	7
0	127	0	104	49	0	10
0	127	0	105	49	0	18
0	127	0	106	49	0	5
0	127	0	107	49	0	4
0	127	0	108	49	0	8
0	127	0	114	49	0	2
0	127	0	94	48	0	11
0	127	0	95	48	0	10
0	127	0	96	48	0	10
0	127	0	97	48	0	12
0	127	0	98	48	0	9
0	127	0	99	48	0	11
0	127	0	100	48	0	18
0	127	0	101	48	0	4
0	127	0	102	48	0	7
0	127	0	103	48	0	4
0	127	0	104	48	0	5
0	127	0	105	48	0	9
0	127	0	106	48	0	7
0	127	0	107	48	0	7
0	127	0	110	48	0	12
0	127	0	111	48	0	11
0	127	0	112	48	0	11
0	127	0	113	48	0	3
0	127	0	114	48	0	10
0	127	0	115	48	0	0
0	127	0	94	47	0	3
0	127	0	95	47	0	9
0	127	0	96	47	0	9
0	127	0	97	47	0	5
0	127	0	98	47	0	10
0	127	0	99	47	0	6
0	127	0	100	47	0	10
0	127	0	101	47	0	14
0	127	0	102	47	0	14
0	127	0	103	47	0	18
0	127	0	104	47	0	2
0	127	0	105	47	0	11
0	127	0	106	47	0	0
0	127	0	107	47	0	0
0	127	0	109	47	0	2
0	127	0	110	47	0	8
0	127	0	111	47	0	9
0	127	0	112	47	0	10
0	127	0	113	47	0	7
0	127	0	114	47	0	4
0	127	0	115	47	0	6
0	127	0	116	47	0	9
0	127	0	117	47	0	8
0	127	0	93	46	0	9
0	127	0	94	46	0	10
0	127	0	95	46	0	8
0	127	0	96	46	0	18
0	127	0	97	46	0	10
0	127	0	98	46	0	2
0	127	0	99	46	0	7
0	127	0	100	46	0	8
0	127	0	101	46	0	12
0	127	0	102	46	0	3
0	127	0	103	46	0	9
0	127	0	104	46	0	2
0	127	0	105	46	0	1
0	127	0	106	46	0	7
0	127	0	107	46	0	10
0	127	0	110	46	0	1
0	127	0	111	46	0	5
0	127	0	112	46	0	3
0	127	0	113	46	0	4
0	127	0	114	46	0	9
0	127	0	115	46	0	5
0	127	0	116	46	0	19
0	127	0	117	46	0	10
0	127	0	93	45	0	14
0	127	0	94	45	0	5
0	127	0	95	45	0	7
0	127	0	96	45	0	8
0	127	0	97	45	0	11
0	127	0	98	45	0	8
0	127	0	99	45	0	8
0	127	0	100	45	0	10
0	127	0	101	45	0	14
0	127	0	102	45	0	9
0	127	0	103	45	0	12
0	127	0	104	45	0	9
0	127	0	106	45	0	5
0	127	0	110	45	0	6
0	127	0	111	45	0	4
0	127	0	112	45	0	2
0	127	0	113	45	0	3
0	127	0	114	45	0	9
0	127	0	115	45	0	2
0	127	0	116	45	0	10
0	127	0	117	45	0	2
0	127	0	118	45	0	11
0	127	0	94	44	0	5
0	127	0	95	44	0	9
0	127	0	96	44	0	9
0	127	0	97	44	0	7
0	127	0	98	44	0	6
0	127	0	99	44	0	12
0	127	0	100	44	0	4
0	127	0	101	44	0	6
0	127	0	102	44	0	6
0	127	0	111	44	0	10
0	127	0	112	44	0	4
0	127	0	113	44	0	7
0	127	0	114	44	0	3
0	127	0	115	44	0	13
0	127	0	116	44	0	9
0	127	0	117	44	0	8
0	127	0	95	43	0	9
0	127	0	96	43	0	8
0	127	0	97	43	0	13
0	127	0	98	43	0	5
0	127	0	99	43	0	6
0	127	0	100	43	0	6
0	127	0	101	43	0	1
0	127	0	111	43	0	9
0	127	0	112	43	0	1
0	127	0	113	43	0	5
0	127	0	114	43	0	11
0	127	0	115	43	0	3
0	127	0	116	43	0	2
0	127	0	117	43	0	0
0	127	0	95	42	0	10
0	127	0	96	42	0	12
0	127	0	97	42	0	6
0	127	0	98	42	0	6
0	127	0	99	42	0	7
0	127	0	100	42	0	10
0	127	0	112	42	0	11
0	127	0	113	42	0	6
0	127	0	114	42	0	6
0	127	0	115	42	0	16
0	127	0	116	42	0	1
0	127	0	95	41	0	3
0	127	0	96	41	0	6
0	127	0	97	41	0	9
0	127	0	98	41	0	4
0	127	0	99	41	0	7
0	127	0	113	41	0	5
0	127	0	97	39	0	0
0	127	0	93	38	0	11
0	127	0	94	38	0	3
0	127	0	95	38	0	6
0	127	0	96	38	0	11
0	127	0	97	38	0	5
0	127	0	98	38	0	8
0	127	0	92	37	0	16
0	127	0	93	37	0	15
0	127	0	94	37	0	5
0	127	0	95	37	0	10
0	127	0	96	37	0	6
0	127	0	97	37	0	7
0	127	0	98	37	0	17
0	127	0	99	37	0	6
0	127	0	100	37	0	10
0	127	0	101	37	0	5
0	127	0	91	36	0	0
0	127	0	92	36	0	8
0	127	0	93	36	0	12
0	127	0	94	36	0	6
0	127	0	95	36	0	5
0	127	0	96	36	0	6
0	127	0	97	36	0	11
0	127	0	98	36	0	13
0	127	0	99	36	0	20
0	127	0	100	36	0	7
0	127	0	101	36	0	8
0	127	0	102	36	0	2
0	127	0	91	35	0	6
0	127	0	92	35	0	12
0	127	0	93	35	0	1
0	127	0	94	35	0	2
0	127	0	95	35	0	8
0	127	0	96	35	0	2
0	127	0	97	35	0	12
0	127	0	98	35	0	13
0	127	0	99	35	0	7
0	127	0	100	35	0	3
0	127	0	101	35	0	5
0	127	0	102	35	0	0
0	127	0	92	34	0	10
0	127	0	93	34	0	8
0	127	0	94	34	0	10
0	127	0	95	34	0	10
0	127	0	96	34	0	3
0	127	0	97	34	0	1
0	127	0	98	34	0	5
0	127	0	99	34	0	7
0	127	0	100	34	0	7
0	127	0	101	34	0	9
0	127	0	102	34	0	9
0	127	0	103	34	0	1
0	127	0	92	33	0	3
0	127	0	93	33	0	3
0	127	0	94	33	0	4
0	127	0	95	33	0	0
0	127	0	96	33	0	12
0	127	0	97	33	0	4
0	127	0	98	33	0	3
0	127	0	99	33	0	4
0	127	0	100	33	0	14
0	127	0	101	33	0	1
0	127	0	102	33	0	0
0	127	0	103	33	0	1
0	127	0	93	32	0	10
0	127	0	94	32	0	4
0	127	0	95	32	0	2
0	127	0	96	32	0	14
0	127	0	97	32	0	5
0	127	0	98	32	0	2
0	127	0	99	32	0	6
0	127	0	100	32	0	9
0	127	0	101	32	0	4
0	127	0	102	32	0	9
0	127	0	103	32	0	1
0	127	0	92	31	0	1
0	127	0	93	31	0	12
0	127	0	94	31	0	9
0	127	0	95	31	0	0
0	127	0	96	31	0	4
0	127	0	97	31	0	13
0	127	0	98	31	0	8
0	127	0	99	31	0	11
0	127	0	100	31	0	6
0	127	0	101	31	0	9
0	127	0	102	31	0	9
0	127	0	103	31	0	0
0	127	0	94	30	0	9
0	127	0	95	30	0	6
0	127	0	96	30	0	1
0	127	0	97	30	0	2
0	127	0	98	30	0	2
0	127	0	99	30	0	5
0	127	0	100	30	0	3
0	127	0	101	30	0	10
0	127	0	102	30	0	3
0	127	0	103	30	0	5
0	127	0	104	30	0	1
0	127	0	95	29	0	10
0	127	0	96	29	0	0
0	127	0	97	29	0	2
0	127	0	98	29	0	11
0	127	0	99	29	0	2
0	127	0	100	29	0	6
0	127	0	101	29	0	11
0	127	0	102	29	0	4
0	127	0	103	29	0	2
0	127	0	106	29	0	0
0	127	0	107	29	0	0
0	127	0	108	29	0	0
0	127	0	95	28	0	0
0	127	0	96	28	0	0
0	127	0	97	28	0	0
0	127	0	98	28	0	2
0	127	0	99	28	0	8
0	127	0	100	28	0	9
0	127	0	101	28	0	4
0	127	0	102	28	0	4
0	127	0	103	28	0	4
0	127	0	104	28	0	1
0	127	0	105	28	0	0
0	127	0	106	28	0	0
0	127	0	107	28	0	6
0	127	0	108	28	0	5
0	127	0	95	27	0	1
0	127	0	96	27	0	0
0	127	0	97	27	0	0
0	127	0	98	27	0	3
0	127	0	99	27	0	5
0	127	0	100	27	0	5
0	127	0	101	27	0	5
0	127	0	102	27	0	9
0	127	0	103	27	0	6
0	127	0	104	27	0	1
0	127	0	105	27	0	0
0	127	0	106	27	0	0
0	127	0	107	27	0	1
0	127	0	108	27	0	2
0	127	0	109	27	0	1
0	127	0	96	26	0	1
0	127	0	97	26	0	0
0	127	0	98	26	0	11
0	127	0	99	26	0	6
0	127	0	100	26	0	2
0	127	0	101	26	0	6
0	127	0	102	26	0	0
0	127	0	103	26	0	7
0	127	0	104	26	0	1
0	127	0	105	26	0	0
0	127	0	108	26	0	0
0	127	0	98	25	0	3
0	127	0	99	25	0	2
0	127	0	100	25	0	5
0	127	0	101	25	0	3
0	127	0	102	25	0	15
0	127	0	103	25	0	1
0	127	0	104	25	0	4
0	127	0	105	25	0	2
0	127	0	96	24	0	1
0	127	0	97	24	0	0
0	127	0	98	24	0	1
0	127	0	99	24	0	11
0	127	0	100	24	0	7
0	127	0	101	24	0	9
0	127	0	102	24	0	1
0	127	0	103	24	0	1
0	127	0	107	24	0	1
0	127	0	98	23	0	0
0	127	0	99	23	0	0
0	127	0	100	23	0	4
0	127	0	101	23	0	0
0	127	0	102	23	0	7
0	127	0	96	22	0	0
0	127	0	97	22	0	0
0	127	0	98	22	0	3
0	127	0	99	22	0	2
0	127	0	100	22	0	5
0	127	0	101	22	0	0
0	127	0	102	22	0	1
0	127	0	103	22	0	3
0	127	0	104	22	0	0
0	127	0	100	21	0	1
0	127	0	104	21	0	1
0	127	0	104	20	0	2
0	128	0	95	73	0	10
0	128	0	95	72	0	6
0	128	0	96	72	0	5
0	128	0	97	72	0	9
0	128	0	98	72	0	10
0	128	0	99	72	0	4
0	128	0	100	72	0	4
0	128	0	90	71	0	0
0	128	0	91	71	0	0
0	128	0	92	71	0	8
0	128	0	93	71	0	8
0	128	0	94	71	0	8
0	128	0	95	71	0	8
0	128	0	96	71	0	7
0	128	0	97	71	0	6
0	128	0	98	71	0	3
0	128	0	99	71	0	2
0	128	0	100	71	0	7
0	128	0	101	71	0	4
0	128	0	102	71	0	5
0	128	0	89	70	0	8
0	128	0	90	70	0	11
0	128	0	91	70	0	3
0	128	0	92	70	0	1
0	128	0	93	70	0	8
0	128	0	94	70	0	4
0	128	0	95	70	0	6
0	128	0	96	70	0	11
0	128	0	97	70	0	12
0	128	0	98	70	0	4
0	128	0	99	70	0	9
0	128	0	100	70	0	5
0	128	0	101	70	0	11
0	128	0	102	70	0	8
0	128	0	87	69	0	1
0	128	0	88	69	0	4
0	128	0	89	69	0	11
0	128	0	90	69	0	5
0	128	0	91	69	0	5
0	128	0	92	69	0	10
0	128	0	93	69	0	0
0	128	0	94	69	0	16
0	128	0	95	69	0	15
0	128	0	96	69	0	10
0	128	0	97	69	0	7
0	128	0	98	69	0	6
0	128	0	99	69	0	11
0	128	0	100	69	0	3
0	128	0	101	69	0	8
0	128	0	102	69	0	7
0	128	0	86	68	0	13
0	128	0	87	68	0	5
0	128	0	88	68	0	4
0	128	0	89	68	0	10
0	128	0	90	68	0	9
0	128	0	91	68	0	13
0	128	0	92	68	0	12
0	128	0	93	68	0	11
0	128	0	94	68	0	8
0	128	0	95	68	0	7
0	128	0	96	68	0	7
0	128	0	97	68	0	3
0	128	0	98	68	0	4
0	128	0	99	68	0	4
0	128	0	100	68	0	3
0	128	0	101	68	0	4
0	128	0	102	68	0	6
0	128	0	86	67	0	0
0	128	0	87	67	0	4
0	128	0	88	67	0	8
0	128	0	89	67	0	14
0	128	0	90	67	0	12
0	128	0	91	67	0	7
0	128	0	92	67	0	17
0	128	0	93	67	0	6
0	128	0	94	67	0	8
0	128	0	95	67	0	6
0	128	0	96	67	0	10
0	128	0	97	67	0	4
0	128	0	98	67	0	1
0	128	0	99	67	0	5
0	128	0	100	67	0	19
0	128	0	101	67	0	9
0	128	0	102	67	0	9
0	128	0	87	66	0	12
0	128	0	88	66	0	2
0	128	0	89	66	0	7
0	128	0	90	66	0	10
0	128	0	91	66	0	4
0	128	0	92	66	0	14
0	128	0	93	66	0	4
0	128	0	94	66	0	13
0	128	0	95	66	0	13
0	128	0	96	66	0	5
0	128	0	97	66	0	4
0	128	0	98	66	0	1
0	128	0	99	66	0	4
0	128	0	100	66	0	8
0	128	0	101	66	0	8
0	128	0	102	66	0	2
0	128	0	87	65	0	4
0	128	0	88	65	0	1
0	128	0	89	65	0	15
0	128	0	90	65	0	11
0	128	0	91	65	0	7
0	128	0	92	65	0	7
0	128	0	93	65	0	4
0	128	0	94	65	0	10
0	128	0	95	65	0	13
0	128	0	96	65	0	3
0	128	0	97	65	0	8
0	128	0	98	65	0	16
0	128	0	99	65	0	5
0	128	0	100	65	0	7
0	128	0	101	65	0	11
0	128	0	102	65	0	7
0	128	0	103	65	0	9
0	128	0	87	64	0	3
0	128	0	88	64	0	1
0	128	0	89	64	0	2
0	128	0	90	64	0	3
0	128	0	91	64	0	4
0	128	0	92	64	0	7
0	128	0	93	64	0	6
0	128	0	94	64	0	17
0	128	0	95	64	0	11
0	128	0	96	64	0	10
0	128	0	97	64	0	3
0	128	0	98	64	0	8
0	128	0	99	64	0	11
0	128	0	100	64	0	10
0	128	0	101	64	0	6
0	128	0	102	64	0	1
0	128	0	103	64	0	2
0	128	0	86	63	0	0
0	128	0	87	63	0	5
0	128	0	88	63	0	6
0	128	0	89	63	0	13
0	128	0	90	63	0	10
0	128	0	91	63	0	9
0	128	0	92	63	0	11
0	128	0	93	63	0	8
0	128	0	94	63	0	1
0	128	0	95	63	0	2
0	128	0	96	63	0	3
0	128	0	97	63	0	10
0	128	0	98	63	0	12
0	128	0	99	63	0	4
0	128	0	100	63	0	7
0	128	0	101	63	0	5
0	128	0	102	63	0	6
0	128	0	103	63	0	7
0	128	0	87	62	0	6
0	128	0	88	62	0	8
0	128	0	89	62	0	0
0	128	0	90	62	0	2
0	128	0	91	62	0	4
0	128	0	92	62	0	8
0	128	0	93	62	0	5
0	128	0	94	62	0	5
0	128	0	95	62	0	8
0	128	0	96	62	0	9
0	128	0	97	62	0	5
0	128	0	98	62	0	6
0	128	0	99	62	0	14
0	128	0	100	62	0	13
0	128	0	101	62	0	4
0	128	0	102	62	0	0
0	128	0	87	61	0	9
0	128	0	88	61	0	8
0	128	0	89	61	0	13
0	128	0	90	61	0	15
0	128	0	91	61	0	5
0	128	0	92	61	0	8
0	128	0	93	61	0	11
0	128	0	94	61	0	14
0	128	0	95	61	0	11
0	128	0	96	61	0	1
0	128	0	97	61	0	13
0	128	0	98	61	0	10
0	128	0	99	61	0	6
0	128	0	100	61	0	10
0	128	0	88	60	0	8
0	128	0	89	60	0	3
0	128	0	90	60	0	1
0	128	0	91	60	0	4
0	128	0	92	60	0	7
0	128	0	93	60	0	0
0	128	0	94	60	0	9
0	128	0	95	60	0	7
0	128	0	96	60	0	10
0	128	0	88	59	0	5
0	128	0	89	59	0	16
0	128	0	90	59	0	7
0	128	0	91	59	0	8
0	128	0	92	59	0	7
0	128	0	93	59	0	6
0	128	0	94	59	0	5
0	128	0	95	59	0	11
0	128	0	89	58	0	10
0	128	0	90	58	0	4
0	128	0	91	58	0	12
0	128	0	92	58	0	5
0	128	0	93	58	0	9
0	128	0	94	58	0	7
0	128	0	91	57	0	10
0	128	0	92	57	0	9
0	128	0	93	57	0	15
0	128	0	96	55	0	10
0	128	0	94	54	0	8
0	128	0	95	54	0	13
0	128	0	96	54	0	3
0	128	0	97	54	0	2
0	128	0	101	54	0	4
0	128	0	102	54	0	1
0	128	0	103	54	0	1
0	128	0	104	54	0	5
0	128	0	93	53	0	3
0	128	0	94	53	0	18
0	128	0	95	53	0	4
0	128	0	96	53	0	3
0	128	0	97	53	0	7
0	128	0	98	53	0	18
0	128	0	99	53	0	13
0	128	0	100	53	0	8
0	128	0	101	53	0	12
0	128	0	102	53	0	13
0	128	0	103	53	0	4
0	128	0	104	53	0	7
0	128	0	105	53	0	17
0	128	0	106	53	0	9
0	128	0	93	52	0	10
0	128	0	94	52	0	6
0	128	0	95	52	0	5
0	128	0	96	52	0	8
0	128	0	97	52	0	6
0	128	0	98	52	0	13
0	128	0	99	52	0	17
0	128	0	100	52	0	18
0	128	0	101	52	0	13
0	128	0	102	52	0	6
0	128	0	103	52	0	3
0	128	0	104	52	0	14
0	128	0	105	52	0	6
0	128	0	106	52	0	13
0	128	0	107	52	0	10
0	128	0	93	51	0	3
0	128	0	94	51	0	9
0	128	0	95	51	0	4
0	128	0	96	51	0	9
0	128	0	97	51	0	7
0	128	0	98	51	0	9
0	128	0	99	51	0	13
0	128	0	100	51	0	11
0	128	0	101	51	0	3
0	128	0	102	51	0	14
0	128	0	103	51	0	10
0	128	0	104	51	0	6
0	128	0	105	51	0	11
0	128	0	106	51	0	7
0	128	0	107	51	0	5
0	128	0	93	50	0	18
0	128	0	94	50	0	11
0	128	0	95	50	0	9
0	128	0	96	50	0	5
0	128	0	97	50	0	6
0	128	0	98	50	0	14
0	128	0	99	50	0	14
0	128	0	100	50	0	7
0	128	0	101	50	0	4
0	128	0	102	50	0	17
0	128	0	103	50	0	8
0	128	0	104	50	0	13
0	128	0	105	50	0	12
0	128	0	106	50	0	7
0	128	0	107	50	0	7
0	128	0	93	49	0	9
0	128	0	94	49	0	8
0	128	0	95	49	0	9
0	128	0	96	49	0	14
0	128	0	97	49	0	1
0	128	0	98	49	0	7
0	128	0	99	49	0	1
0	128	0	100	49	0	7
0	128	0	101	49	0	9
0	128	0	102	49	0	14
0	128	0	103	49	0	5
0	128	0	104	49	0	15
0	128	0	105	49	0	19
0	128	0	106	49	0	12
0	128	0	107	49	0	6
0	128	0	108	49	0	10
0	128	0	114	49	0	3
0	128	0	94	48	0	8
0	128	0	95	48	0	7
0	128	0	96	48	0	11
0	128	0	97	48	0	6
0	128	0	98	48	0	6
0	128	0	99	48	0	14
0	128	0	100	48	0	15
0	128	0	101	48	0	4
0	128	0	102	48	0	11
0	128	0	103	48	0	13
0	128	0	104	48	0	5
0	128	0	105	48	0	12
0	128	0	106	48	0	7
0	128	0	107	48	0	11
0	128	0	110	48	0	10
0	128	0	111	48	0	11
0	128	0	112	48	0	8
0	128	0	113	48	0	6
0	128	0	114	48	0	10
0	128	0	115	48	0	0
0	128	0	94	47	0	4
0	128	0	95	47	0	7
0	128	0	96	47	0	13
0	128	0	97	47	0	3
0	128	0	98	47	0	10
0	128	0	99	47	0	5
0	128	0	100	47	0	5
0	128	0	101	47	0	10
0	128	0	102	47	0	7
0	128	0	103	47	0	20
0	128	0	104	47	0	4
0	128	0	105	47	0	7
0	128	0	106	47	0	0
0	128	0	107	47	0	0
0	128	0	109	47	0	3
0	128	0	110	47	0	14
0	128	0	111	47	0	7
0	128	0	112	47	0	9
0	128	0	113	47	0	5
0	128	0	114	47	0	5
0	128	0	115	47	0	9
0	128	0	116	47	0	8
0	128	0	117	47	0	9
0	128	0	93	46	0	10
0	128	0	94	46	0	9
0	128	0	95	46	0	11
0	128	0	96	46	0	10
0	128	0	97	46	0	10
0	128	0	98	46	0	2
0	128	0	99	46	0	9
0	128	0	100	46	0	7
0	128	0	101	46	0	8
0	128	0	102	46	0	3
0	128	0	103	46	0	9
0	128	0	104	46	0	2
0	128	0	105	46	0	2
0	128	0	106	46	0	8
0	128	0	107	46	0	5
0	128	0	110	46	0	1
0	128	0	111	46	0	4
0	128	0	112	46	0	2
0	128	0	113	46	0	5
0	128	0	114	46	0	6
0	128	0	115	46	0	12
0	128	0	116	46	0	8
0	128	0	117	46	0	8
0	128	0	93	45	0	11
0	128	0	94	45	0	9
0	128	0	95	45	0	8
0	128	0	96	45	0	5
0	128	0	97	45	0	16
0	128	0	98	45	0	4
0	128	0	99	45	0	5
0	128	0	100	45	0	13
0	128	0	101	45	0	9
0	128	0	102	45	0	14
0	128	0	103	45	0	5
0	128	0	104	45	0	10
0	128	0	106	45	0	8
0	128	0	110	45	0	4
0	128	0	111	45	0	4
0	128	0	112	45	0	2
0	128	0	113	45	0	7
0	128	0	114	45	0	11
0	128	0	115	45	0	5
0	128	0	116	45	0	2
0	128	0	117	45	0	1
0	128	0	118	45	0	6
0	128	0	94	44	0	7
0	128	0	95	44	0	9
0	128	0	96	44	0	4
0	128	0	97	44	0	12
0	128	0	98	44	0	4
0	128	0	99	44	0	12
0	128	0	100	44	0	4
0	128	0	101	44	0	12
0	128	0	102	44	0	4
0	128	0	111	44	0	12
0	128	0	112	44	0	12
0	128	0	113	44	0	6
0	128	0	114	44	0	2
0	128	0	115	44	0	11
0	128	0	116	44	0	13
0	128	0	117	44	0	10
0	128	0	95	43	0	12
0	128	0	96	43	0	12
0	128	0	97	43	0	11
0	128	0	98	43	0	13
0	128	0	99	43	0	7
0	128	0	100	43	0	7
0	128	0	101	43	0	3
0	128	0	111	43	0	6
0	128	0	112	43	0	1
0	128	0	113	43	0	2
0	128	0	114	43	0	14
0	128	0	115	43	0	3
0	128	0	116	43	0	3
0	128	0	117	43	0	1
0	128	0	95	42	0	6
0	128	0	96	42	0	11
0	128	0	97	42	0	7
0	128	0	98	42	0	6
0	128	0	99	42	0	14
0	128	0	100	42	0	9
0	128	0	112	42	0	7
0	128	0	113	42	0	6
0	128	0	114	42	0	6
0	128	0	115	42	0	17
0	128	0	116	42	0	0
0	128	0	95	41	0	3
0	128	0	96	41	0	11
0	128	0	97	41	0	7
0	128	0	98	41	0	2
0	128	0	99	41	0	10
0	128	0	113	41	0	5
0	128	0	97	39	0	0
0	128	0	93	38	0	8
0	128	0	94	38	0	9
0	128	0	95	38	0	7
0	128	0	96	38	0	13
0	128	0	97	38	0	9
0	128	0	98	38	0	9
0	128	0	92	37	0	14
0	128	0	93	37	0	8
0	128	0	94	37	0	4
0	128	0	95	37	0	19
0	128	0	96	37	0	6
0	128	0	97	37	0	9
0	128	0	98	37	0	8
0	128	0	99	37	0	8
0	128	0	100	37	0	13
0	128	0	101	37	0	5
0	128	0	91	36	0	0
0	128	0	92	36	0	8
0	128	0	93	36	0	8
0	128	0	94	36	0	4
0	128	0	95	36	0	6
0	128	0	96	36	0	8
0	128	0	97	36	0	10
0	128	0	98	36	0	16
0	128	0	99	36	0	18
0	128	0	100	36	0	6
0	128	0	101	36	0	5
0	128	0	102	36	0	4
0	128	0	91	35	0	7
0	128	0	92	35	0	10
0	128	0	93	35	0	0
0	128	0	94	35	0	4
0	128	0	95	35	0	7
0	128	0	96	35	0	3
0	128	0	97	35	0	9
0	128	0	98	35	0	9
0	128	0	99	35	0	9
0	128	0	100	35	0	5
0	128	0	101	35	0	7
0	128	0	102	35	0	1
0	128	0	92	34	0	9
0	128	0	93	34	0	6
0	128	0	94	34	0	11
0	128	0	95	34	0	13
0	128	0	96	34	0	6
0	128	0	97	34	0	1
0	128	0	98	34	0	5
0	128	0	99	34	0	6
0	128	0	100	34	0	5
0	128	0	101	34	0	9
0	128	0	102	34	0	6
0	128	0	103	34	0	2
0	128	0	92	33	0	1
0	128	0	93	33	0	5
0	128	0	94	33	0	3
0	128	0	95	33	0	1
0	128	0	96	33	0	6
0	128	0	97	33	0	4
0	128	0	98	33	0	2
0	128	0	99	33	0	7
0	128	0	100	33	0	11
0	128	0	101	33	0	2
0	128	0	102	33	0	0
0	128	0	103	33	0	0
0	128	0	93	32	0	10
0	128	0	94	32	0	5
0	128	0	95	32	0	4
0	128	0	96	32	0	9
0	128	0	97	32	0	5
0	128	0	98	32	0	1
0	128	0	99	32	0	9
0	128	0	100	32	0	9
0	128	0	101	32	0	8
0	128	0	102	32	0	8
0	128	0	103	32	0	0
0	128	0	92	31	0	1
0	128	0	93	31	0	14
0	128	0	94	31	0	12
0	128	0	95	31	0	0
0	128	0	96	31	0	3
0	128	0	97	31	0	10
0	128	0	98	31	0	13
0	128	0	99	31	0	10
0	128	0	100	31	0	9
0	128	0	101	31	0	13
0	128	0	102	31	0	6
0	128	0	103	31	0	1
0	128	0	94	30	0	10
0	128	0	95	30	0	10
0	128	0	96	30	0	2
0	128	0	97	30	0	5
0	128	0	98	30	0	2
0	128	0	99	30	0	6
0	128	0	100	30	0	5
0	128	0	101	30	0	7
0	128	0	102	30	0	4
0	128	0	103	30	0	6
0	128	0	104	30	0	1
0	128	0	95	29	0	14
0	128	0	96	29	0	0
0	128	0	97	29	0	1
0	128	0	98	29	0	6
0	128	0	99	29	0	2
0	128	0	100	29	0	8
0	128	0	101	29	0	7
0	128	0	102	29	0	5
0	128	0	103	29	0	1
0	128	0	104	29	0	2
0	128	0	106	29	0	0
0	128	0	107	29	0	0
0	128	0	108	29	0	2
0	128	0	95	28	0	0
0	128	0	96	28	0	0
0	128	0	97	28	0	0
0	128	0	98	28	0	1
0	128	0	99	28	0	13
0	128	0	100	28	0	5
0	128	0	101	28	0	11
0	128	0	102	28	0	3
0	128	0	103	28	0	8
0	128	0	104	28	0	2
0	128	0	105	28	0	0
0	128	0	106	28	0	0
0	128	0	107	28	0	8
0	128	0	108	28	0	3
0	128	0	95	27	0	5
0	128	0	96	27	0	0
0	128	0	97	27	0	0
0	128	0	98	27	0	7
0	128	0	99	27	0	6
0	128	0	100	27	0	10
0	128	0	101	27	0	5
0	128	0	102	27	0	11
0	128	0	103	27	0	5
0	128	0	104	27	0	1
0	128	0	105	27	0	0
0	128	0	106	27	0	1
0	128	0	107	27	0	0
0	128	0	108	27	0	1
0	128	0	109	27	0	0
0	128	0	96	26	0	2
0	128	0	97	26	0	0
0	128	0	98	26	0	10
0	128	0	99	26	0	11
0	128	0	100	26	0	2
0	128	0	101	26	0	5
0	128	0	102	26	0	1
0	128	0	103	26	0	9
0	128	0	104	26	0	3
0	128	0	105	26	0	0
0	128	0	108	26	0	0
0	128	0	98	25	0	5
0	128	0	99	25	0	1
0	128	0	100	25	0	4
0	128	0	101	25	0	3
0	128	0	102	25	0	16
0	128	0	103	25	0	0
0	128	0	104	25	0	1
0	128	0	105	25	0	1
0	128	0	106	25	0	1
0	128	0	96	24	0	1
0	128	0	97	24	0	0
0	128	0	98	24	0	0
0	128	0	99	24	0	11
0	128	0	100	24	0	10
0	128	0	101	24	0	11
0	128	0	102	24	0	1
0	128	0	103	24	0	2
0	128	0	105	24	0	1
0	128	0	107	24	0	0
0	128	0	98	23	0	0
0	128	0	99	23	0	0
0	128	0	100	23	0	7
0	128	0	101	23	0	1
0	128	0	102	23	0	6
0	128	0	103	23	0	1
0	128	0	96	22	0	0
0	128	0	97	22	0	1
0	128	0	98	22	0	6
0	128	0	99	22	0	4
0	128	0	100	22	0	9
0	128	0	101	22	0	0
0	128	0	102	22	0	5
0	128	0	103	22	0	5
0	128	0	104	22	0	0
0	128	0	100	21	0	0
0	128	0	104	21	0	2
0	128	0	104	20	0	2
0	128	0	103	19	0	1
0	129	0	95	73	0	6
0	129	0	95	72	0	5
0	129	0	96	72	0	7
0	129	0	97	72	0	10
0	129	0	98	72	0	3
0	129	0	99	72	0	6
0	129	0	100	72	0	5
0	129	0	90	71	0	0
0	129	0	91	71	0	0
0	129	0	92	71	0	11
0	129	0	93	71	0	6
0	129	0	94	71	0	9
0	129	0	95	71	0	5
0	129	0	96	71	0	8
0	129	0	97	71	0	8
0	129	0	98	71	0	7
0	129	0	99	71	0	4
0	129	0	100	71	0	4
0	129	0	101	71	0	6
0	129	0	102	71	0	9
0	129	0	89	70	0	3
0	129	0	90	70	0	9
0	129	0	91	70	0	5
0	129	0	92	70	0	1
0	129	0	93	70	0	12
0	129	0	94	70	0	9
0	129	0	95	70	0	6
0	129	0	96	70	0	15
0	129	0	97	70	0	8
0	129	0	98	70	0	3
0	129	0	99	70	0	7
0	129	0	100	70	0	4
0	129	0	101	70	0	6
0	129	0	102	70	0	9
0	129	0	87	69	0	3
0	129	0	88	69	0	9
0	129	0	89	69	0	8
0	129	0	90	69	0	4
0	129	0	91	69	0	5
0	129	0	92	69	0	7
0	129	0	93	69	0	0
0	129	0	94	69	0	9
0	129	0	95	69	0	13
0	129	0	96	69	0	10
0	129	0	97	69	0	14
0	129	0	98	69	0	13
0	129	0	99	69	0	8
0	129	0	100	69	0	4
0	129	0	101	69	0	7
0	129	0	102	69	0	14
0	129	0	86	68	0	9
0	129	0	87	68	0	7
0	129	0	88	68	0	4
0	129	0	89	68	0	8
0	129	0	90	68	0	7
0	129	0	91	68	0	12
0	129	0	92	68	0	5
0	129	0	93	68	0	11
0	129	0	94	68	0	8
0	129	0	95	68	0	9
0	129	0	96	68	0	11
0	129	0	97	68	0	3
0	129	0	98	68	0	2
0	129	0	99	68	0	5
0	129	0	100	68	0	1
0	129	0	101	68	0	9
0	129	0	102	68	0	8
0	129	0	86	67	0	1
0	129	0	87	67	0	5
0	129	0	88	67	0	11
0	129	0	89	67	0	14
0	129	0	90	67	0	5
0	129	0	91	67	0	7
0	129	0	92	67	0	10
0	129	0	93	67	0	8
0	129	0	94	67	0	10
0	129	0	95	67	0	5
0	129	0	96	67	0	9
0	129	0	97	67	0	4
0	129	0	98	67	0	0
0	129	0	99	67	0	3
0	129	0	100	67	0	11
0	129	0	101	67	0	5
0	129	0	102	67	0	10
0	129	0	87	66	0	6
0	129	0	88	66	0	2
0	129	0	89	66	0	8
0	129	0	90	66	0	9
0	129	0	91	66	0	5
0	129	0	92	66	0	17
0	129	0	93	66	0	2
0	129	0	94	66	0	15
0	129	0	95	66	0	11
0	129	0	96	66	0	3
0	129	0	97	66	0	3
0	129	0	98	66	0	2
0	129	0	99	66	0	6
0	129	0	100	66	0	9
0	129	0	101	66	0	10
0	129	0	102	66	0	3
0	129	0	87	65	0	2
0	129	0	88	65	0	1
0	129	0	89	65	0	11
0	129	0	90	65	0	8
0	129	0	91	65	0	3
0	129	0	92	65	0	9
0	129	0	93	65	0	5
0	129	0	94	65	0	8
0	129	0	95	65	0	11
0	129	0	96	65	0	3
0	129	0	97	65	0	7
0	129	0	98	65	0	11
0	129	0	99	65	0	3
0	129	0	100	65	0	10
0	129	0	101	65	0	10
0	129	0	102	65	0	13
0	129	0	103	65	0	10
0	129	0	87	64	0	4
0	129	0	88	64	0	3
0	129	0	89	64	0	3
0	129	0	90	64	0	2
0	129	0	91	64	0	6
0	129	0	92	64	0	11
0	129	0	93	64	0	4
0	129	0	94	64	0	18
0	129	0	95	64	0	14
0	129	0	96	64	0	9
0	129	0	97	64	0	5
0	129	0	98	64	0	11
0	129	0	99	64	0	8
0	129	0	100	64	0	15
0	129	0	101	64	0	9
0	129	0	102	64	0	2
0	129	0	103	64	0	6
0	129	0	86	63	0	0
0	129	0	87	63	0	3
0	129	0	88	63	0	5
0	129	0	89	63	0	14
0	129	0	90	63	0	12
0	129	0	91	63	0	8
0	129	0	92	63	0	13
0	129	0	93	63	0	10
0	129	0	94	63	0	1
0	129	0	95	63	0	2
0	129	0	96	63	0	8
0	129	0	97	63	0	8
0	129	0	98	63	0	12
0	129	0	99	63	0	4
0	129	0	100	63	0	6
0	129	0	101	63	0	3
0	129	0	102	63	0	4
0	129	0	103	63	0	9
0	129	0	87	62	0	6
0	129	0	88	62	0	10
0	129	0	89	62	0	0
0	129	0	90	62	0	3
0	129	0	91	62	0	4
0	129	0	92	62	0	5
0	129	0	93	62	0	7
0	129	0	94	62	0	3
0	129	0	95	62	0	9
0	129	0	96	62	0	9
0	129	0	97	62	0	3
0	129	0	98	62	0	5
0	129	0	99	62	0	14
0	129	0	100	62	0	6
0	129	0	101	62	0	8
0	129	0	102	62	0	0
0	129	0	87	61	0	9
0	129	0	88	61	0	4
0	129	0	89	61	0	14
0	129	0	90	61	0	18
0	129	0	91	61	0	10
0	129	0	92	61	0	8
0	129	0	93	61	0	11
0	129	0	94	61	0	21
0	129	0	95	61	0	7
0	129	0	96	61	0	0
0	129	0	97	61	0	8
0	129	0	98	61	0	8
0	129	0	99	61	0	8
0	129	0	100	61	0	9
0	129	0	88	60	0	6
0	129	0	89	60	0	4
0	129	0	90	60	0	2
0	129	0	91	60	0	7
0	129	0	92	60	0	6
0	129	0	93	60	0	1
0	129	0	94	60	0	8
0	129	0	95	60	0	8
0	129	0	96	60	0	12
0	129	0	88	59	0	4
0	129	0	89	59	0	17
0	129	0	90	59	0	8
0	129	0	91	59	0	6
0	129	0	92	59	0	7
0	129	0	93	59	0	4
0	129	0	94	59	0	6
0	129	0	95	59	0	17
0	129	0	89	58	0	13
0	129	0	90	58	0	2
0	129	0	91	58	0	8
0	129	0	92	58	0	6
0	129	0	93	58	0	11
0	129	0	94	58	0	7
0	129	0	91	57	0	13
0	129	0	92	57	0	17
0	129	0	93	57	0	13
0	129	0	96	55	0	11
0	129	0	94	54	0	8
0	129	0	95	54	0	11
0	129	0	96	54	0	7
0	129	0	97	54	0	3
0	129	0	101	54	0	6
0	129	0	102	54	0	3
0	129	0	103	54	0	1
0	129	0	104	54	0	6
0	129	0	93	53	0	3
0	129	0	94	53	0	8
0	129	0	95	53	0	10
0	129	0	96	53	0	2
0	129	0	97	53	0	9
0	129	0	98	53	0	14
0	129	0	99	53	0	11
0	129	0	100	53	0	11
0	129	0	101	53	0	15
0	129	0	102	53	0	18
0	129	0	103	53	0	7
0	129	0	104	53	0	12
0	129	0	105	53	0	12
0	129	0	106	53	0	8
0	129	0	93	52	0	3
0	129	0	94	52	0	7
0	129	0	95	52	0	4
0	129	0	96	52	0	8
0	129	0	97	52	0	7
0	129	0	98	52	0	11
0	129	0	99	52	0	11
0	129	0	100	52	0	10
0	129	0	101	52	0	10
0	129	0	102	52	0	3
0	129	0	103	52	0	5
0	129	0	104	52	0	9
0	129	0	105	52	0	6
0	129	0	106	52	0	12
0	129	0	107	52	0	8
0	129	0	93	51	0	8
0	129	0	94	51	0	5
0	129	0	95	51	0	8
0	129	0	96	51	0	15
0	129	0	97	51	0	13
0	129	0	98	51	0	9
0	129	0	99	51	0	11
0	129	0	100	51	0	6
0	129	0	101	51	0	4
0	129	0	102	51	0	8
0	129	0	103	51	0	10
0	129	0	104	51	0	5
0	129	0	105	51	0	11
0	129	0	106	51	0	8
0	129	0	107	51	0	6
0	129	0	93	50	0	14
0	129	0	94	50	0	13
0	129	0	95	50	0	7
0	129	0	96	50	0	6
0	129	0	97	50	0	4
0	129	0	98	50	0	13
0	129	0	99	50	0	15
0	129	0	100	50	0	9
0	129	0	101	50	0	4
0	129	0	102	50	0	12
0	129	0	103	50	0	7
0	129	0	104	50	0	8
0	129	0	105	50	0	10
0	129	0	106	50	0	2
0	129	0	107	50	0	10
0	129	0	93	49	0	7
0	129	0	94	49	0	8
0	129	0	95	49	0	6
0	129	0	96	49	0	7
0	129	0	97	49	0	2
0	129	0	98	49	0	14
0	129	0	99	49	0	1
0	129	0	100	49	0	4
0	129	0	101	49	0	9
0	129	0	102	49	0	12
0	129	0	103	49	0	4
0	129	0	104	49	0	19
0	129	0	105	49	0	14
0	129	0	106	49	0	11
0	129	0	107	49	0	7
0	129	0	108	49	0	6
0	129	0	114	49	0	5
0	129	0	94	48	0	7
0	129	0	95	48	0	11
0	129	0	96	48	0	8
0	129	0	97	48	0	6
0	129	0	98	48	0	7
0	129	0	99	48	0	13
0	129	0	100	48	0	16
0	129	0	101	48	0	8
0	129	0	102	48	0	5
0	129	0	103	48	0	16
0	129	0	104	48	0	5
0	129	0	105	48	0	14
0	129	0	106	48	0	6
0	129	0	107	48	0	8
0	129	0	110	48	0	7
0	129	0	111	48	0	10
0	129	0	112	48	0	13
0	129	0	113	48	0	9
0	129	0	114	48	0	10
0	129	0	115	48	0	0
0	129	0	94	47	0	8
0	129	0	95	47	0	10
0	129	0	96	47	0	9
0	129	0	97	47	0	2
0	129	0	98	47	0	8
0	129	0	99	47	0	9
0	129	0	100	47	0	11
0	129	0	101	47	0	7
0	129	0	102	47	0	13
0	129	0	103	47	0	14
0	129	0	104	47	0	5
0	129	0	105	47	0	3
0	129	0	106	47	0	0
0	129	0	107	47	0	0
0	129	0	109	47	0	6
0	129	0	110	47	0	10
0	129	0	111	47	0	7
0	129	0	112	47	0	12
0	129	0	113	47	0	7
0	129	0	114	47	0	6
0	129	0	115	47	0	7
0	129	0	116	47	0	12
0	129	0	117	47	0	6
0	129	0	93	46	0	8
0	129	0	94	46	0	9
0	129	0	95	46	0	6
0	129	0	96	46	0	15
0	129	0	97	46	0	8
0	129	0	98	46	0	5
0	129	0	99	46	0	9
0	129	0	100	46	0	12
0	129	0	101	46	0	10
0	129	0	102	46	0	6
0	129	0	103	46	0	4
0	129	0	104	46	0	9
0	129	0	105	46	0	3
0	129	0	106	46	0	7
0	129	0	107	46	0	7
0	129	0	110	46	0	2
0	129	0	111	46	0	6
0	129	0	112	46	0	1
0	129	0	113	46	0	6
0	129	0	114	46	0	11
0	129	0	115	46	0	11
0	129	0	116	46	0	6
0	129	0	117	46	0	10
0	129	0	93	45	0	10
0	129	0	94	45	0	10
0	129	0	95	45	0	9
0	129	0	96	45	0	5
0	129	0	97	45	0	12
0	129	0	98	45	0	5
0	129	0	99	45	0	10
0	129	0	100	45	0	11
0	129	0	101	45	0	8
0	129	0	102	45	0	10
0	129	0	103	45	0	7
0	129	0	104	45	0	7
0	129	0	106	45	0	8
0	129	0	110	45	0	4
0	129	0	111	45	0	3
0	129	0	112	45	0	2
0	129	0	113	45	0	5
0	129	0	114	45	0	11
0	129	0	115	45	0	6
0	129	0	116	45	0	4
0	129	0	117	45	0	0
0	129	0	118	45	0	7
0	129	0	94	44	0	4
0	129	0	95	44	0	11
0	129	0	96	44	0	5
0	129	0	97	44	0	10
0	129	0	98	44	0	5
0	129	0	99	44	0	15
0	129	0	100	44	0	8
0	129	0	101	44	0	12
0	129	0	102	44	0	4
0	129	0	111	44	0	9
0	129	0	112	44	0	11
0	129	0	113	44	0	5
0	129	0	114	44	0	3
0	129	0	115	44	0	7
0	129	0	116	44	0	9
0	129	0	117	44	0	12
0	129	0	95	43	0	12
0	129	0	96	43	0	12
0	129	0	97	43	0	15
0	129	0	98	43	0	4
0	129	0	99	43	0	14
0	129	0	100	43	0	2
0	129	0	101	43	0	5
0	129	0	111	43	0	5
0	129	0	112	43	0	1
0	129	0	113	43	0	1
0	129	0	114	43	0	9
0	129	0	115	43	0	4
0	129	0	116	43	0	2
0	129	0	117	43	0	0
0	129	0	95	42	0	12
0	129	0	96	42	0	11
0	129	0	97	42	0	7
0	129	0	98	42	0	5
0	129	0	99	42	0	17
0	129	0	100	42	0	11
0	129	0	112	42	0	4
0	129	0	113	42	0	1
0	129	0	114	42	0	7
0	129	0	115	42	0	9
0	129	0	116	42	0	0
0	129	0	95	41	0	1
0	129	0	96	41	0	14
0	129	0	97	41	0	5
0	129	0	98	41	0	1
0	129	0	99	41	0	15
0	129	0	113	41	0	5
0	129	0	97	39	0	0
0	129	0	93	38	0	6
0	129	0	94	38	0	8
0	129	0	95	38	0	10
0	129	0	96	38	0	12
0	129	0	97	38	0	6
0	129	0	98	38	0	12
0	129	0	92	37	0	12
0	129	0	93	37	0	6
0	129	0	94	37	0	3
0	129	0	95	37	0	10
0	129	0	96	37	0	5
0	129	0	97	37	0	8
0	129	0	98	37	0	6
0	129	0	99	37	0	7
0	129	0	100	37	0	5
0	129	0	101	37	0	7
0	129	0	91	36	0	0
0	129	0	92	36	0	8
0	129	0	93	36	0	5
0	129	0	94	36	0	12
0	129	0	95	36	0	3
0	129	0	96	36	0	12
0	129	0	97	36	0	15
0	129	0	98	36	0	12
0	129	0	99	36	0	18
0	129	0	100	36	0	8
0	129	0	101	36	0	4
0	129	0	102	36	0	6
0	129	0	91	35	0	7
0	129	0	92	35	0	8
0	129	0	93	35	0	1
0	129	0	94	35	0	4
0	129	0	95	35	0	4
0	129	0	96	35	0	8
0	129	0	97	35	0	9
0	129	0	98	35	0	13
0	129	0	99	35	0	11
0	129	0	100	35	0	6
0	129	0	101	35	0	3
0	129	0	102	35	0	1
0	129	0	92	34	0	5
0	129	0	93	34	0	10
0	129	0	94	34	0	13
0	129	0	95	34	0	9
0	129	0	96	34	0	4
0	129	0	97	34	0	3
0	129	0	98	34	0	8
0	129	0	99	34	0	6
0	129	0	100	34	0	5
0	129	0	101	34	0	9
0	129	0	102	34	0	5
0	129	0	103	34	0	2
0	129	0	92	33	0	2
0	129	0	93	33	0	8
0	129	0	94	33	0	6
0	129	0	95	33	0	3
0	129	0	96	33	0	5
0	129	0	97	33	0	3
0	129	0	98	33	0	4
0	129	0	99	33	0	4
0	129	0	100	33	0	15
0	129	0	101	33	0	2
0	129	0	102	33	0	0
0	129	0	103	33	0	0
0	129	0	93	32	0	10
0	129	0	94	32	0	7
0	129	0	95	32	0	1
0	129	0	96	32	0	10
0	129	0	97	32	0	8
0	129	0	98	32	0	2
0	129	0	99	32	0	10
0	129	0	100	32	0	12
0	129	0	101	32	0	9
0	129	0	102	32	0	9
0	129	0	103	32	0	0
0	129	0	92	31	0	2
0	129	0	93	31	0	9
0	129	0	94	31	0	11
0	129	0	95	31	0	1
0	129	0	96	31	0	1
0	129	0	97	31	0	5
0	129	0	98	31	0	17
0	129	0	99	31	0	8
0	129	0	100	31	0	11
0	129	0	101	31	0	13
0	129	0	102	31	0	5
0	129	0	103	31	0	3
0	129	0	94	30	0	11
0	129	0	95	30	0	5
0	129	0	96	30	0	0
0	129	0	97	30	0	7
0	129	0	98	30	0	4
0	129	0	99	30	0	9
0	129	0	100	30	0	5
0	129	0	101	30	0	10
0	129	0	102	30	0	8
0	129	0	103	30	0	5
0	129	0	104	30	0	1
0	129	0	95	29	0	12
0	129	0	96	29	0	2
0	129	0	97	29	0	3
0	129	0	98	29	0	8
0	129	0	99	29	0	1
0	129	0	100	29	0	6
0	129	0	101	29	0	8
0	129	0	102	29	0	11
0	129	0	103	29	0	3
0	129	0	104	29	0	1
0	129	0	105	29	0	1
0	129	0	106	29	0	0
0	129	0	107	29	0	0
0	129	0	108	29	0	4
0	129	0	95	28	0	1
0	129	0	96	28	0	1
0	129	0	97	28	0	0
0	129	0	98	28	0	1
0	129	0	99	28	0	15
0	129	0	100	28	0	7
0	129	0	101	28	0	11
0	129	0	102	28	0	3
0	129	0	103	28	0	4
0	129	0	104	28	0	1
0	129	0	105	28	0	0
0	129	0	106	28	0	0
0	129	0	107	28	0	10
0	129	0	108	28	0	2
0	129	0	95	27	0	7
0	129	0	96	27	0	0
0	129	0	97	27	0	0
0	129	0	98	27	0	10
0	129	0	99	27	0	9
0	129	0	100	27	0	14
0	129	0	101	27	0	2
0	129	0	102	27	0	12
0	129	0	103	27	0	6
0	129	0	104	27	0	1
0	129	0	105	27	0	0
0	129	0	106	27	0	0
0	129	0	107	27	0	0
0	129	0	108	27	0	0
0	129	0	109	27	0	0
0	129	0	96	26	0	2
0	129	0	97	26	0	0
0	129	0	98	26	0	12
0	129	0	99	26	0	8
0	129	0	100	26	0	5
0	129	0	101	26	0	12
0	129	0	102	26	0	1
0	129	0	103	26	0	11
0	129	0	104	26	0	9
0	129	0	105	26	0	0
0	129	0	108	26	0	0
0	129	0	98	25	0	6
0	129	0	99	25	0	0
0	129	0	100	25	0	3
0	129	0	101	25	0	9
0	129	0	102	25	0	12
0	129	0	103	25	0	1
0	129	0	104	25	0	1
0	129	0	105	25	0	1
0	129	0	106	25	0	3
0	129	0	96	24	0	0
0	129	0	97	24	0	0
0	129	0	98	24	0	1
0	129	0	99	24	0	8
0	129	0	100	24	0	11
0	129	0	101	24	0	5
0	129	0	102	24	0	1
0	129	0	103	24	0	1
0	129	0	105	24	0	0
0	129	0	107	24	0	0
0	129	0	97	23	0	1
0	129	0	98	23	0	1
0	129	0	99	23	0	0
0	129	0	100	23	0	7
0	129	0	101	23	0	0
0	129	0	102	23	0	4
0	129	0	103	23	0	2
0	129	0	96	22	0	0
0	129	0	97	22	0	1
0	129	0	98	22	0	9
0	129	0	99	22	0	6
0	129	0	100	22	0	6
0	129	0	101	22	0	0
0	129	0	102	22	0	5
0	129	0	103	22	0	3
0	129	0	104	22	0	0
0	129	0	100	21	0	0
0	129	0	103	21	0	1
0	129	0	104	21	0	6
0	129	0	105	21	0	1
0	129	0	101	20	0	2
0	129	0	104	20	0	3
0	129	0	103	19	0	1
0	130	0	95	73	0	5
0	130	0	95	72	0	10
0	130	0	96	72	0	4
0	130	0	97	72	0	10
0	130	0	98	72	0	6
0	130	0	99	72	0	6
0	130	0	100	72	0	4
0	130	0	90	71	0	0
0	130	0	91	71	0	0
0	130	0	92	71	0	13
0	130	0	93	71	0	12
0	130	0	94	71	0	4
0	130	0	95	71	0	3
0	130	0	96	71	0	1
0	130	0	97	71	0	7
0	130	0	98	71	0	7
0	130	0	99	71	0	8
0	130	0	100	71	0	4
0	130	0	101	71	0	14
0	130	0	102	71	0	9
0	130	0	89	70	0	4
0	130	0	90	70	0	12
0	130	0	91	70	0	4
0	130	0	92	70	0	1
0	130	0	93	70	0	15
0	130	0	94	70	0	11
0	130	0	95	70	0	7
0	130	0	96	70	0	12
0	130	0	97	70	0	11
0	130	0	98	70	0	2
0	130	0	99	70	0	7
0	130	0	100	70	0	4
0	130	0	101	70	0	9
0	130	0	102	70	0	8
0	130	0	87	69	0	2
0	130	0	88	69	0	6
0	130	0	89	69	0	8
0	130	0	90	69	0	0
0	130	0	91	69	0	7
0	130	0	92	69	0	3
0	130	0	93	69	0	3
0	130	0	94	69	0	11
0	130	0	95	69	0	10
0	130	0	96	69	0	11
0	130	0	97	69	0	18
0	130	0	98	69	0	14
0	130	0	99	69	0	7
0	130	0	100	69	0	8
0	130	0	101	69	0	8
0	130	0	102	69	0	15
0	130	0	86	68	0	14
0	130	0	87	68	0	9
0	130	0	88	68	0	14
0	130	0	89	68	0	8
0	130	0	90	68	0	7
0	130	0	91	68	0	19
0	130	0	92	68	0	7
0	130	0	93	68	0	5
0	130	0	94	68	0	4
0	130	0	95	68	0	8
0	130	0	96	68	0	12
0	130	0	97	68	0	4
0	130	0	98	68	0	6
0	130	0	99	68	0	5
0	130	0	100	68	0	1
0	130	0	101	68	0	7
0	130	0	102	68	0	9
0	130	0	86	67	0	3
0	130	0	87	67	0	5
0	130	0	88	67	0	10
0	130	0	89	67	0	8
0	130	0	90	67	0	5
0	130	0	91	67	0	4
0	130	0	92	67	0	14
0	130	0	93	67	0	5
0	130	0	94	67	0	12
0	130	0	95	67	0	3
0	130	0	96	67	0	3
0	130	0	97	67	0	2
0	130	0	98	67	0	0
0	130	0	99	67	0	6
0	130	0	100	67	0	16
0	130	0	101	67	0	7
0	130	0	102	67	0	11
0	130	0	87	66	0	5
0	130	0	88	66	0	7
0	130	0	89	66	0	9
0	130	0	90	66	0	9
0	130	0	91	66	0	5
0	130	0	92	66	0	14
0	130	0	93	66	0	1
0	130	0	94	66	0	10
0	130	0	95	66	0	7
0	130	0	96	66	0	7
0	130	0	97	66	0	6
0	130	0	98	66	0	1
0	130	0	99	66	0	10
0	130	0	100	66	0	4
0	130	0	101	66	0	13
0	130	0	102	66	0	1
0	130	0	87	65	0	1
0	130	0	88	65	0	1
0	130	0	89	65	0	5
0	130	0	90	65	0	7
0	130	0	91	65	0	4
0	130	0	92	65	0	11
0	130	0	93	65	0	7
0	130	0	94	65	0	8
0	130	0	95	65	0	8
0	130	0	96	65	0	5
0	130	0	97	65	0	7
0	130	0	98	65	0	15
0	130	0	99	65	0	7
0	130	0	100	65	0	8
0	130	0	101	65	0	8
0	130	0	102	65	0	10
0	130	0	103	65	0	5
0	130	0	87	64	0	8
0	130	0	88	64	0	2
0	130	0	89	64	0	7
0	130	0	90	64	0	6
0	130	0	91	64	0	10
0	130	0	92	64	0	7
0	130	0	93	64	0	7
0	130	0	94	64	0	12
0	130	0	95	64	0	17
0	130	0	96	64	0	12
0	130	0	97	64	0	5
0	130	0	98	64	0	18
0	130	0	99	64	0	12
0	130	0	100	64	0	11
0	130	0	101	64	0	6
0	130	0	102	64	0	1
0	130	0	103	64	0	8
0	130	0	86	63	0	0
0	130	0	87	63	0	2
0	130	0	88	63	0	5
0	130	0	89	63	0	10
0	130	0	90	63	0	20
0	130	0	91	63	0	12
0	130	0	92	63	0	10
0	130	0	93	63	0	11
0	130	0	94	63	0	1
0	130	0	95	63	0	6
0	130	0	96	63	0	16
0	130	0	97	63	0	7
0	130	0	98	63	0	9
0	130	0	99	63	0	4
0	130	0	100	63	0	8
0	130	0	101	63	0	2
0	130	0	102	63	0	1
0	130	0	103	63	0	7
0	130	0	87	62	0	11
0	130	0	88	62	0	5
0	130	0	89	62	0	0
0	130	0	90	62	0	4
0	130	0	91	62	0	5
0	130	0	92	62	0	4
0	130	0	93	62	0	11
0	130	0	94	62	0	2
0	130	0	95	62	0	11
0	130	0	96	62	0	7
0	130	0	97	62	0	3
0	130	0	98	62	0	5
0	130	0	99	62	0	9
0	130	0	100	62	0	9
0	130	0	101	62	0	3
0	130	0	102	62	0	2
0	130	0	87	61	0	7
0	130	0	88	61	0	4
0	130	0	89	61	0	7
0	130	0	90	61	0	16
0	130	0	91	61	0	14
0	130	0	92	61	0	7
0	130	0	93	61	0	13
0	130	0	94	61	0	17
0	130	0	95	61	0	2
0	130	0	96	61	0	0
0	130	0	97	61	0	3
0	130	0	98	61	0	7
0	130	0	99	61	0	10
0	130	0	100	61	0	5
0	130	0	88	60	0	11
0	130	0	89	60	0	1
0	130	0	90	60	0	6
0	130	0	91	60	0	7
0	130	0	92	60	0	8
0	130	0	93	60	0	1
0	130	0	94	60	0	9
0	130	0	95	60	0	7
0	130	0	96	60	0	6
0	130	0	88	59	0	7
0	130	0	89	59	0	11
0	130	0	90	59	0	4
0	130	0	91	59	0	8
0	130	0	92	59	0	3
0	130	0	93	59	0	3
0	130	0	94	59	0	6
0	130	0	95	59	0	7
0	130	0	89	58	0	7
0	130	0	90	58	0	3
0	130	0	91	58	0	8
0	130	0	92	58	0	7
0	130	0	93	58	0	4
0	130	0	94	58	0	9
0	130	0	91	57	0	11
0	130	0	92	57	0	15
0	130	0	93	57	0	12
0	130	0	96	55	0	8
0	130	0	94	54	0	15
0	130	0	95	54	0	14
0	130	0	96	54	0	8
0	130	0	97	54	0	3
0	130	0	101	54	0	7
0	130	0	102	54	0	4
0	130	0	103	54	0	1
0	130	0	104	54	0	9
0	130	0	93	53	0	4
0	130	0	94	53	0	10
0	130	0	95	53	0	13
0	130	0	96	53	0	1
0	130	0	97	53	0	9
0	130	0	98	53	0	11
0	130	0	99	53	0	11
0	130	0	100	53	0	10
0	130	0	101	53	0	11
0	130	0	102	53	0	15
0	130	0	103	53	0	11
0	130	0	104	53	0	13
0	130	0	105	53	0	11
0	130	0	106	53	0	8
0	130	0	93	52	0	2
0	130	0	94	52	0	8
0	130	0	95	52	0	2
0	130	0	96	52	0	9
0	130	0	97	52	0	11
0	130	0	98	52	0	11
0	130	0	99	52	0	6
0	130	0	100	52	0	8
0	130	0	101	52	0	6
0	130	0	102	52	0	7
0	130	0	103	52	0	8
0	130	0	104	52	0	13
0	130	0	105	52	0	5
0	130	0	106	52	0	10
0	130	0	107	52	0	12
0	130	0	93	51	0	15
0	130	0	94	51	0	10
0	130	0	95	51	0	7
0	130	0	96	51	0	8
0	130	0	97	51	0	17
0	130	0	98	51	0	4
0	130	0	99	51	0	12
0	130	0	100	51	0	12
0	130	0	101	51	0	4
0	130	0	102	51	0	12
0	130	0	103	51	0	8
0	130	0	104	51	0	9
0	130	0	105	51	0	6
0	130	0	106	51	0	7
0	130	0	107	51	0	8
0	130	0	93	50	0	13
0	130	0	94	50	0	11
0	130	0	95	50	0	5
0	130	0	96	50	0	5
0	130	0	97	50	0	4
0	130	0	98	50	0	8
0	130	0	99	50	0	12
0	130	0	100	50	0	6
0	130	0	101	50	0	3
0	130	0	102	50	0	11
0	130	0	103	50	0	11
0	130	0	104	50	0	7
0	130	0	105	50	0	19
0	130	0	106	50	0	3
0	130	0	107	50	0	7
0	130	0	93	49	0	5
0	130	0	94	49	0	8
0	130	0	95	49	0	4
0	130	0	96	49	0	10
0	130	0	97	49	0	2
0	130	0	98	49	0	14
0	130	0	99	49	0	3
0	130	0	100	49	0	8
0	130	0	101	49	0	8
0	130	0	102	49	0	15
0	130	0	103	49	0	5
0	130	0	104	49	0	11
0	130	0	105	49	0	14
0	130	0	106	49	0	14
0	130	0	107	49	0	11
0	130	0	108	49	0	9
0	130	0	114	49	0	5
0	130	0	94	48	0	10
0	130	0	95	48	0	9
0	130	0	96	48	0	11
0	130	0	97	48	0	5
0	130	0	98	48	0	12
0	130	0	99	48	0	11
0	130	0	100	48	0	13
0	130	0	101	48	0	12
0	130	0	102	48	0	6
0	130	0	103	48	0	9
0	130	0	104	48	0	10
0	130	0	105	48	0	6
0	130	0	106	48	0	4
0	130	0	107	48	0	8
0	130	0	110	48	0	4
0	130	0	111	48	0	8
0	130	0	112	48	0	7
0	130	0	113	48	0	9
0	130	0	114	48	0	12
0	130	0	115	48	0	0
0	130	0	94	47	0	9
0	130	0	95	47	0	12
0	130	0	96	47	0	10
0	130	0	97	47	0	7
0	130	0	98	47	0	6
0	130	0	99	47	0	11
0	130	0	100	47	0	8
0	130	0	101	47	0	8
0	130	0	102	47	0	7
0	130	0	103	47	0	10
0	130	0	104	47	0	5
0	130	0	105	47	0	1
0	130	0	106	47	0	1
0	130	0	107	47	0	0
0	130	0	109	47	0	3
0	130	0	110	47	0	15
0	130	0	111	47	0	11
0	130	0	112	47	0	8
0	130	0	113	47	0	4
0	130	0	114	47	0	8
0	130	0	115	47	0	8
0	130	0	116	47	0	12
0	130	0	117	47	0	7
0	130	0	93	46	0	13
0	130	0	94	46	0	9
0	130	0	95	46	0	7
0	130	0	96	46	0	4
0	130	0	97	46	0	10
0	130	0	98	46	0	4
0	130	0	99	46	0	10
0	130	0	100	46	0	10
0	130	0	101	46	0	11
0	130	0	102	46	0	9
0	130	0	103	46	0	7
0	130	0	104	46	0	6
0	130	0	105	46	0	1
0	130	0	106	46	0	9
0	130	0	107	46	0	4
0	130	0	110	46	0	3
0	130	0	111	46	0	12
0	130	0	112	46	0	3
0	130	0	113	46	0	3
0	130	0	114	46	0	14
0	130	0	115	46	0	10
0	130	0	116	46	0	8
0	130	0	117	46	0	12
0	130	0	93	45	0	8
0	130	0	94	45	0	6
0	130	0	95	45	0	7
0	130	0	96	45	0	11
0	130	0	97	45	0	9
0	130	0	98	45	0	4
0	130	0	99	45	0	9
0	130	0	100	45	0	7
0	130	0	101	45	0	12
0	130	0	102	45	0	9
0	130	0	103	45	0	6
0	130	0	104	45	0	8
0	130	0	106	45	0	5
0	130	0	110	45	0	8
0	130	0	111	45	0	2
0	130	0	112	45	0	5
0	130	0	113	45	0	10
0	130	0	114	45	0	10
0	130	0	115	45	0	6
0	130	0	116	45	0	8
0	130	0	117	45	0	0
0	130	0	118	45	0	9
0	130	0	94	44	0	2
0	130	0	95	44	0	13
0	130	0	96	44	0	12
0	130	0	97	44	0	9
0	130	0	98	44	0	3
0	130	0	99	44	0	14
0	130	0	100	44	0	9
0	130	0	101	44	0	7
0	130	0	102	44	0	5
0	130	0	111	44	0	10
0	130	0	112	44	0	12
0	130	0	113	44	0	7
0	130	0	114	44	0	5
0	130	0	115	44	0	6
0	130	0	116	44	0	12
0	130	0	117	44	0	11
0	130	0	95	43	0	5
0	130	0	96	43	0	12
0	130	0	97	43	0	13
0	130	0	98	43	0	4
0	130	0	99	43	0	17
0	130	0	100	43	0	1
0	130	0	101	43	0	4
0	130	0	111	43	0	6
0	130	0	112	43	0	1
0	130	0	113	43	0	1
0	130	0	114	43	0	8
0	130	0	115	43	0	9
0	130	0	116	43	0	1
0	130	0	117	43	0	0
0	130	0	95	42	0	9
0	130	0	96	42	0	7
0	130	0	97	42	0	11
0	130	0	98	42	0	7
0	130	0	99	42	0	12
0	130	0	100	42	0	14
0	130	0	112	42	0	7
0	130	0	113	42	0	2
0	130	0	114	42	0	8
0	130	0	115	42	0	6
0	130	0	116	42	0	0
0	130	0	95	41	0	1
0	130	0	96	41	0	12
0	130	0	97	41	0	9
0	130	0	98	41	0	3
0	130	0	99	41	0	14
0	130	0	113	41	0	5
0	130	0	97	39	0	0
0	130	0	93	38	0	10
0	130	0	94	38	0	5
0	130	0	95	38	0	14
0	130	0	96	38	0	10
0	130	0	97	38	0	7
0	130	0	98	38	0	17
0	130	0	92	37	0	18
0	130	0	93	37	0	6
0	130	0	94	37	0	3
0	130	0	95	37	0	13
0	130	0	96	37	0	4
0	130	0	97	37	0	9
0	130	0	98	37	0	7
0	130	0	99	37	0	5
0	130	0	100	37	0	5
0	130	0	101	37	0	6
0	130	0	91	36	0	0
0	130	0	92	36	0	4
0	130	0	93	36	0	6
0	130	0	94	36	0	10
0	130	0	95	36	0	8
0	130	0	96	36	0	10
0	130	0	97	36	0	12
0	130	0	98	36	0	9
0	130	0	99	36	0	10
0	130	0	100	36	0	9
0	130	0	101	36	0	5
0	130	0	102	36	0	9
0	130	0	91	35	0	4
0	130	0	92	35	0	11
0	130	0	93	35	0	1
0	130	0	94	35	0	2
0	130	0	95	35	0	9
0	130	0	96	35	0	6
0	130	0	97	35	0	16
0	130	0	98	35	0	10
0	130	0	99	35	0	7
0	130	0	100	35	0	4
0	130	0	101	35	0	2
0	130	0	102	35	0	2
0	130	0	92	34	0	4
0	130	0	93	34	0	10
0	130	0	94	34	0	12
0	130	0	95	34	0	6
0	130	0	96	34	0	9
0	130	0	97	34	0	2
0	130	0	98	34	0	4
0	130	0	99	34	0	3
0	130	0	100	34	0	4
0	130	0	101	34	0	5
0	130	0	102	34	0	2
0	130	0	103	34	0	5
0	130	0	92	33	0	6
0	130	0	93	33	0	5
0	130	0	94	33	0	8
0	130	0	95	33	0	3
0	130	0	96	33	0	1
0	130	0	97	33	0	4
0	130	0	98	33	0	4
0	130	0	99	33	0	4
0	130	0	100	33	0	12
0	130	0	101	33	0	3
0	130	0	102	33	0	0
0	130	0	103	33	0	1
0	130	0	93	32	0	6
0	130	0	94	32	0	6
0	130	0	95	32	0	2
0	130	0	96	32	0	8
0	130	0	97	32	0	12
0	130	0	98	32	0	4
0	130	0	99	32	0	5
0	130	0	100	32	0	17
0	130	0	101	32	0	7
0	130	0	102	32	0	12
0	130	0	103	32	0	0
0	130	0	92	31	0	5
0	130	0	93	31	0	3
0	130	0	94	31	0	9
0	130	0	95	31	0	1
0	130	0	96	31	0	0
0	130	0	97	31	0	7
0	130	0	98	31	0	15
0	130	0	99	31	0	8
0	130	0	100	31	0	11
0	130	0	101	31	0	21
0	130	0	102	31	0	7
0	130	0	103	31	0	6
0	130	0	94	30	0	8
0	130	0	95	30	0	5
0	130	0	96	30	0	0
0	130	0	97	30	0	8
0	130	0	98	30	0	5
0	130	0	99	30	0	7
0	130	0	100	30	0	7
0	130	0	101	30	0	12
0	130	0	102	30	0	9
0	130	0	103	30	0	6
0	130	0	104	30	0	1
0	130	0	95	29	0	9
0	130	0	96	29	0	0
0	130	0	97	29	0	0
0	130	0	98	29	0	6
0	130	0	99	29	0	1
0	130	0	100	29	0	6
0	130	0	101	29	0	6
0	130	0	102	29	0	10
0	130	0	103	29	0	4
0	130	0	104	29	0	1
0	130	0	105	29	0	1
0	130	0	106	29	0	0
0	130	0	107	29	0	0
0	130	0	108	29	0	6
0	130	0	95	28	0	0
0	130	0	96	28	0	1
0	130	0	97	28	0	0
0	130	0	98	28	0	1
0	130	0	99	28	0	12
0	130	0	100	28	0	9
0	130	0	101	28	0	9
0	130	0	102	28	0	4
0	130	0	103	28	0	10
0	130	0	104	28	0	1
0	130	0	105	28	0	0
0	130	0	106	28	0	0
0	130	0	107	28	0	8
0	130	0	108	28	0	6
0	130	0	95	27	0	13
0	130	0	96	27	0	0
0	130	0	97	27	0	0
0	130	0	98	27	0	17
0	130	0	99	27	0	7
0	130	0	100	27	0	9
0	130	0	101	27	0	2
0	130	0	102	27	0	11
0	130	0	103	27	0	3
0	130	0	104	27	0	1
0	130	0	105	27	0	0
0	130	0	106	27	0	0
0	130	0	107	27	0	0
0	130	0	108	27	0	0
0	130	0	109	27	0	0
0	130	0	96	26	0	5
0	130	0	97	26	0	0
0	130	0	98	26	0	12
0	130	0	99	26	0	7
0	130	0	100	26	0	4
0	130	0	101	26	0	8
0	130	0	102	26	0	0
0	130	0	103	26	0	6
0	130	0	104	26	0	11
0	130	0	105	26	0	1
0	130	0	108	26	0	0
0	130	0	97	25	0	3
0	130	0	98	25	0	2
0	130	0	99	25	0	1
0	130	0	100	25	0	4
0	130	0	101	25	0	10
0	130	0	102	25	0	13
0	130	0	103	25	0	2
0	130	0	104	25	0	0
0	130	0	105	25	0	3
0	130	0	106	25	0	5
0	130	0	96	24	0	0
0	130	0	97	24	0	0
0	130	0	98	24	0	3
0	130	0	99	24	0	4
0	130	0	100	24	0	12
0	130	0	101	24	0	8
0	130	0	102	24	0	3
0	130	0	103	24	0	1
0	130	0	105	24	0	0
0	130	0	107	24	0	0
0	130	0	97	23	0	2
0	130	0	98	23	0	1
0	130	0	99	23	0	0
0	130	0	100	23	0	13
0	130	0	101	23	0	1
0	130	0	102	23	0	7
0	130	0	103	23	0	2
0	130	0	96	22	0	0
0	130	0	97	22	0	1
0	130	0	98	22	0	12
0	130	0	99	22	0	6
0	130	0	100	22	0	3
0	130	0	101	22	0	1
0	130	0	102	22	0	5
0	130	0	103	22	0	3
0	130	0	104	22	0	1
0	130	0	100	21	0	1
0	130	0	101	21	0	1
0	130	0	102	21	0	1
0	130	0	103	21	0	2
0	130	0	104	21	0	7
0	130	0	105	21	0	1
0	130	0	101	20	0	1
0	130	0	104	20	0	1
0	130	0	103	19	0	2
0	131	0	95	73	0	5
0	131	0	95	72	0	10
0	131	0	96	72	0	6
0	131	0	97	72	0	10
0	131	0	98	72	0	8
0	131	0	99	72	0	4
0	131	0	100	72	0	4
0	131	0	90	71	0	0
0	131	0	91	71	0	0
0	131	0	92	71	0	9
0	131	0	93	71	0	17
0	131	0	94	71	0	6
0	131	0	95	71	0	7
0	131	0	96	71	0	1
0	131	0	97	71	0	8
0	131	0	98	71	0	11
0	131	0	99	71	0	4
0	131	0	100	71	0	6
0	131	0	101	71	0	11
0	131	0	102	71	0	8
0	131	0	89	70	0	4
0	131	0	90	70	0	8
0	131	0	91	70	0	6
0	131	0	92	70	0	0
0	131	0	93	70	0	12
0	131	0	94	70	0	8
0	131	0	95	70	0	7
0	131	0	96	70	0	14
0	131	0	97	70	0	11
0	131	0	98	70	0	3
0	131	0	99	70	0	10
0	131	0	100	70	0	7
0	131	0	101	70	0	7
0	131	0	102	70	0	8
0	131	0	87	69	0	5
0	131	0	88	69	0	5
0	131	0	89	69	0	7
0	131	0	90	69	0	0
0	131	0	91	69	0	13
0	131	0	92	69	0	10
0	131	0	93	69	0	7
0	131	0	94	69	0	12
0	131	0	95	69	0	10
0	131	0	96	69	0	13
0	131	0	97	69	0	13
0	131	0	98	69	0	15
0	131	0	99	69	0	13
0	131	0	100	69	0	11
0	131	0	101	69	0	7
0	131	0	102	69	0	9
0	131	0	86	68	0	7
0	131	0	87	68	0	9
0	131	0	88	68	0	13
0	131	0	89	68	0	6
0	131	0	90	68	0	6
0	131	0	91	68	0	16
0	131	0	92	68	0	11
0	131	0	93	68	0	5
0	131	0	94	68	0	6
0	131	0	95	68	0	10
0	131	0	96	68	0	14
0	131	0	97	68	0	5
0	131	0	98	68	0	5
0	131	0	99	68	0	10
0	131	0	100	68	0	5
0	131	0	101	68	0	4
0	131	0	102	68	0	12
0	131	0	86	67	0	2
0	131	0	87	67	0	9
0	131	0	88	67	0	13
0	131	0	89	67	0	3
0	131	0	90	67	0	7
0	131	0	91	67	0	4
0	131	0	92	67	0	13
0	131	0	93	67	0	8
0	131	0	94	67	0	8
0	131	0	95	67	0	4
0	131	0	96	67	0	1
0	131	0	97	67	0	6
0	131	0	98	67	0	1
0	131	0	99	67	0	7
0	131	0	100	67	0	11
0	131	0	101	67	0	16
0	131	0	102	67	0	8
0	131	0	87	66	0	4
0	131	0	88	66	0	8
0	131	0	89	66	0	4
0	131	0	90	66	0	10
0	131	0	91	66	0	16
0	131	0	92	66	0	13
0	131	0	93	66	0	1
0	131	0	94	66	0	10
0	131	0	95	66	0	8
0	131	0	96	66	0	6
0	131	0	97	66	0	7
0	131	0	98	66	0	3
0	131	0	99	66	0	13
0	131	0	100	66	0	4
0	131	0	101	66	0	11
0	131	0	102	66	0	4
0	131	0	87	65	0	0
0	131	0	88	65	0	1
0	131	0	89	65	0	7
0	131	0	90	65	0	14
0	131	0	91	65	0	5
0	131	0	92	65	0	10
0	131	0	93	65	0	6
0	131	0	94	65	0	19
0	131	0	95	65	0	6
0	131	0	96	65	0	8
0	131	0	97	65	0	7
0	131	0	98	65	0	9
0	131	0	99	65	0	12
0	131	0	100	65	0	7
0	131	0	101	65	0	5
0	131	0	102	65	0	5
0	131	0	103	65	0	2
0	131	0	87	64	0	10
0	131	0	88	64	0	2
0	131	0	89	64	0	6
0	131	0	90	64	0	5
0	131	0	91	64	0	4
0	131	0	92	64	0	4
0	131	0	93	64	0	13
0	131	0	94	64	0	11
0	131	0	95	64	0	15
0	131	0	96	64	0	5
0	131	0	97	64	0	4
0	131	0	98	64	0	11
0	131	0	99	64	0	13
0	131	0	100	64	0	12
0	131	0	101	64	0	3
0	131	0	102	64	0	1
0	131	0	103	64	0	6
0	131	0	86	63	0	0
0	131	0	87	63	0	4
0	131	0	88	63	0	5
0	131	0	89	63	0	7
0	131	0	90	63	0	12
0	131	0	91	63	0	8
0	131	0	92	63	0	9
0	131	0	93	63	0	7
0	131	0	94	63	0	3
0	131	0	95	63	0	5
0	131	0	96	63	0	13
0	131	0	97	63	0	10
0	131	0	98	63	0	10
0	131	0	99	63	0	3
0	131	0	100	63	0	5
0	131	0	101	63	0	5
0	131	0	102	63	0	2
0	131	0	103	63	0	9
0	131	0	87	62	0	7
0	131	0	88	62	0	2
0	131	0	89	62	0	0
0	131	0	90	62	0	6
0	131	0	91	62	0	4
0	131	0	92	62	0	1
0	131	0	93	62	0	10
0	131	0	94	62	0	3
0	131	0	95	62	0	15
0	131	0	96	62	0	8
0	131	0	97	62	0	4
0	131	0	98	62	0	5
0	131	0	99	62	0	4
0	131	0	100	62	0	10
0	131	0	101	62	0	5
0	131	0	102	62	0	2
0	131	0	87	61	0	5
0	131	0	88	61	0	7
0	131	0	89	61	0	7
0	131	0	90	61	0	14
0	131	0	91	61	0	11
0	131	0	92	61	0	8
0	131	0	93	61	0	11
0	131	0	94	61	0	12
0	131	0	95	61	0	6
0	131	0	96	61	0	1
0	131	0	97	61	0	1
0	131	0	98	61	0	8
0	131	0	99	61	0	12
0	131	0	100	61	0	8
0	131	0	88	60	0	5
0	131	0	89	60	0	2
0	131	0	90	60	0	8
0	131	0	91	60	0	13
0	131	0	92	60	0	9
0	131	0	93	60	0	2
0	131	0	94	60	0	9
0	131	0	95	60	0	7
0	131	0	96	60	0	6
0	131	0	88	59	0	4
0	131	0	89	59	0	8
0	131	0	90	59	0	7
0	131	0	91	59	0	14
0	131	0	92	59	0	5
0	131	0	93	59	0	6
0	131	0	94	59	0	7
0	131	0	95	59	0	4
0	131	0	89	58	0	2
0	131	0	90	58	0	2
0	131	0	91	58	0	10
0	131	0	92	58	0	8
0	131	0	93	58	0	8
0	131	0	94	58	0	12
0	131	0	91	57	0	10
0	131	0	92	57	0	11
0	131	0	93	57	0	5
0	131	0	96	55	0	4
0	131	0	94	54	0	12
0	131	0	95	54	0	10
0	131	0	96	54	0	9
0	131	0	97	54	0	5
0	131	0	101	54	0	11
0	131	0	102	54	0	4
0	131	0	103	54	0	2
0	131	0	104	54	0	11
0	131	0	93	53	0	1
0	131	0	94	53	0	11
0	131	0	95	53	0	8
0	131	0	96	53	0	2
0	131	0	97	53	0	11
0	131	0	98	53	0	13
0	131	0	99	53	0	13
0	131	0	100	53	0	8
0	131	0	101	53	0	8
0	131	0	102	53	0	7
0	131	0	103	53	0	10
0	131	0	104	53	0	12
0	131	0	105	53	0	13
0	131	0	106	53	0	15
0	131	0	93	52	0	0
0	131	0	94	52	0	11
0	131	0	95	52	0	2
0	131	0	96	52	0	11
0	131	0	97	52	0	14
0	131	0	98	52	0	16
0	131	0	99	52	0	4
0	131	0	100	52	0	7
0	131	0	101	52	0	6
0	131	0	102	52	0	7
0	131	0	103	52	0	4
0	131	0	104	52	0	9
0	131	0	105	52	0	6
0	131	0	106	52	0	8
0	131	0	107	52	0	9
0	131	0	93	51	0	12
0	131	0	94	51	0	12
0	131	0	95	51	0	7
0	131	0	96	51	0	15
0	131	0	97	51	0	15
0	131	0	98	51	0	5
0	131	0	99	51	0	13
0	131	0	100	51	0	16
0	131	0	101	51	0	6
0	131	0	102	51	0	7
0	131	0	103	51	0	8
0	131	0	104	51	0	16
0	131	0	105	51	0	8
0	131	0	106	51	0	10
0	131	0	107	51	0	10
0	131	0	93	50	0	14
0	131	0	94	50	0	13
0	131	0	95	50	0	4
0	131	0	96	50	0	6
0	131	0	97	50	0	5
0	131	0	98	50	0	11
0	131	0	99	50	0	14
0	131	0	100	50	0	5
0	131	0	101	50	0	9
0	131	0	102	50	0	12
0	131	0	103	50	0	7
0	131	0	104	50	0	4
0	131	0	105	50	0	12
0	131	0	106	50	0	6
0	131	0	107	50	0	7
0	131	0	93	49	0	6
0	131	0	94	49	0	7
0	131	0	95	49	0	3
0	131	0	96	49	0	4
0	131	0	97	49	0	3
0	131	0	98	49	0	12
0	131	0	99	49	0	5
0	131	0	100	49	0	9
0	131	0	101	49	0	5
0	131	0	102	49	0	12
0	131	0	103	49	0	4
0	131	0	104	49	0	7
0	131	0	105	49	0	14
0	131	0	106	49	0	9
0	131	0	107	49	0	8
0	131	0	108	49	0	9
0	131	0	114	49	0	7
0	131	0	94	48	0	14
0	131	0	95	48	0	15
0	131	0	96	48	0	17
0	131	0	97	48	0	7
0	131	0	98	48	0	14
0	131	0	99	48	0	12
0	131	0	100	48	0	13
0	131	0	101	48	0	8
0	131	0	102	48	0	8
0	131	0	103	48	0	9
0	131	0	104	48	0	6
0	131	0	105	48	0	8
0	131	0	106	48	0	2
0	131	0	107	48	0	5
0	131	0	110	48	0	7
0	131	0	111	48	0	9
0	131	0	112	48	0	10
0	131	0	113	48	0	4
0	131	0	114	48	0	5
0	131	0	115	48	0	1
0	131	0	94	47	0	6
0	131	0	95	47	0	8
0	131	0	96	47	0	12
0	131	0	97	47	0	10
0	131	0	98	47	0	9
0	131	0	99	47	0	10
0	131	0	100	47	0	12
0	131	0	101	47	0	7
0	131	0	102	47	0	12
0	131	0	103	47	0	11
0	131	0	104	47	0	8
0	131	0	105	47	0	3
0	131	0	106	47	0	2
0	131	0	107	47	0	1
0	131	0	109	47	0	5
0	131	0	110	47	0	14
0	131	0	111	47	0	3
0	131	0	112	47	0	10
0	131	0	113	47	0	5
0	131	0	114	47	0	7
0	131	0	115	47	0	7
0	131	0	116	47	0	11
0	131	0	117	47	0	13
0	131	0	93	46	0	10
0	131	0	94	46	0	8
0	131	0	95	46	0	9
0	131	0	96	46	0	6
0	131	0	97	46	0	12
0	131	0	98	46	0	7
0	131	0	99	46	0	11
0	131	0	100	46	0	12
0	131	0	101	46	0	16
0	131	0	102	46	0	10
0	131	0	103	46	0	3
0	131	0	104	46	0	8
0	131	0	105	46	0	1
0	131	0	106	46	0	13
0	131	0	107	46	0	5
0	131	0	110	46	0	4
0	131	0	111	46	0	12
0	131	0	112	46	0	3
0	131	0	113	46	0	5
0	131	0	114	46	0	7
0	131	0	115	46	0	9
0	131	0	116	46	0	9
0	131	0	117	46	0	17
0	131	0	93	45	0	6
0	131	0	94	45	0	8
0	131	0	95	45	0	9
0	131	0	96	45	0	11
0	131	0	97	45	0	7
0	131	0	98	45	0	4
0	131	0	99	45	0	11
0	131	0	100	45	0	8
0	131	0	101	45	0	6
0	131	0	102	45	0	9
0	131	0	103	45	0	8
0	131	0	104	45	0	6
0	131	0	106	45	0	6
0	131	0	110	45	0	7
0	131	0	111	45	0	2
0	131	0	112	45	0	9
0	131	0	113	45	0	10
0	131	0	114	45	0	16
0	131	0	115	45	0	4
0	131	0	116	45	0	5
0	131	0	117	45	0	0
0	131	0	118	45	0	11
0	131	0	94	44	0	2
0	131	0	95	44	0	9
0	131	0	96	44	0	7
0	131	0	97	44	0	7
0	131	0	98	44	0	5
0	131	0	99	44	0	4
0	131	0	100	44	0	8
0	131	0	101	44	0	3
0	131	0	102	44	0	8
0	131	0	111	44	0	12
0	131	0	112	44	0	16
0	131	0	113	44	0	4
0	131	0	114	44	0	6
0	131	0	115	44	0	3
0	131	0	116	44	0	11
0	131	0	117	44	0	10
0	131	0	95	43	0	9
0	131	0	96	43	0	10
0	131	0	97	43	0	7
0	131	0	98	43	0	5
0	131	0	99	43	0	17
0	131	0	100	43	0	4
0	131	0	101	43	0	4
0	131	0	111	43	0	5
0	131	0	112	43	0	2
0	131	0	113	43	0	1
0	131	0	114	43	0	6
0	131	0	115	43	0	9
0	131	0	116	43	0	1
0	131	0	117	43	0	0
0	131	0	95	42	0	12
0	131	0	96	42	0	7
0	131	0	97	42	0	14
0	131	0	98	42	0	9
0	131	0	99	42	0	11
0	131	0	100	42	0	11
0	131	0	112	42	0	11
0	131	0	113	42	0	4
0	131	0	114	42	0	6
0	131	0	115	42	0	9
0	131	0	116	42	0	1
0	131	0	95	41	0	1
0	131	0	96	41	0	14
0	131	0	97	41	0	11
0	131	0	98	41	0	5
0	131	0	99	41	0	11
0	131	0	113	41	0	7
0	131	0	97	39	0	1
0	131	0	93	38	0	7
0	131	0	94	38	0	8
0	131	0	95	38	0	13
0	131	0	96	38	0	9
0	131	0	97	38	0	8
0	131	0	98	38	0	6
0	131	0	92	37	0	13
0	131	0	93	37	0	4
0	131	0	94	37	0	1
0	131	0	95	37	0	11
0	131	0	96	37	0	6
0	131	0	97	37	0	6
0	131	0	98	37	0	13
0	131	0	99	37	0	5
0	131	0	100	37	0	6
0	131	0	101	37	0	10
0	131	0	91	36	0	0
0	131	0	92	36	0	2
0	131	0	93	36	0	13
0	131	0	94	36	0	6
0	131	0	95	36	0	8
0	131	0	96	36	0	12
0	131	0	97	36	0	16
0	131	0	98	36	0	9
0	131	0	99	36	0	9
0	131	0	100	36	0	10
0	131	0	101	36	0	10
0	131	0	102	36	0	13
0	131	0	91	35	0	5
0	131	0	92	35	0	8
0	131	0	93	35	0	0
0	131	0	94	35	0	1
0	131	0	95	35	0	6
0	131	0	96	35	0	3
0	131	0	97	35	0	16
0	131	0	98	35	0	17
0	131	0	99	35	0	10
0	131	0	100	35	0	9
0	131	0	101	35	0	4
0	131	0	102	35	0	4
0	131	0	92	34	0	8
0	131	0	93	34	0	10
0	131	0	94	34	0	12
0	131	0	95	34	0	5
0	131	0	96	34	0	10
0	131	0	97	34	0	3
0	131	0	98	34	0	7
0	131	0	99	34	0	4
0	131	0	100	34	0	4
0	131	0	101	34	0	6
0	131	0	102	34	0	2
0	131	0	103	34	0	9
0	131	0	92	33	0	10
0	131	0	93	33	0	9
0	131	0	94	33	0	3
0	131	0	95	33	0	4
0	131	0	96	33	0	1
0	131	0	97	33	0	5
0	131	0	98	33	0	6
0	131	0	99	33	0	5
0	131	0	100	33	0	8
0	131	0	101	33	0	1
0	131	0	102	33	0	1
0	131	0	103	33	0	3
0	131	0	93	32	0	12
0	131	0	94	32	0	13
0	131	0	95	32	0	1
0	131	0	96	32	0	10
0	131	0	97	32	0	11
0	131	0	98	32	0	7
0	131	0	99	32	0	5
0	131	0	100	32	0	14
0	131	0	101	32	0	8
0	131	0	102	32	0	13
0	131	0	103	32	0	0
0	131	0	92	31	0	2
0	131	0	93	31	0	2
0	131	0	94	31	0	13
0	131	0	95	31	0	5
0	131	0	96	31	0	0
0	131	0	97	31	0	13
0	131	0	98	31	0	13
0	131	0	99	31	0	10
0	131	0	100	31	0	17
0	131	0	101	31	0	18
0	131	0	102	31	0	9
0	131	0	103	31	0	7
0	131	0	94	30	0	8
0	131	0	95	30	0	3
0	131	0	96	30	0	1
0	131	0	97	30	0	8
0	131	0	98	30	0	6
0	131	0	99	30	0	8
0	131	0	100	30	0	6
0	131	0	101	30	0	10
0	131	0	102	30	0	13
0	131	0	103	30	0	7
0	131	0	104	30	0	2
0	131	0	95	29	0	10
0	131	0	96	29	0	0
0	131	0	97	29	0	0
0	131	0	98	29	0	2
0	131	0	99	29	0	2
0	131	0	100	29	0	5
0	131	0	101	29	0	14
0	131	0	102	29	0	10
0	131	0	103	29	0	5
0	131	0	104	29	0	2
0	131	0	105	29	0	1
0	131	0	106	29	0	0
0	131	0	107	29	0	0
0	131	0	108	29	0	4
0	131	0	95	28	0	0
0	131	0	96	28	0	1
0	131	0	97	28	0	1
0	131	0	98	28	0	1
0	131	0	99	28	0	6
0	131	0	100	28	0	8
0	131	0	101	28	0	11
0	131	0	102	28	0	7
0	131	0	103	28	0	11
0	131	0	104	28	0	1
0	131	0	105	28	0	0
0	131	0	106	28	0	0
0	131	0	107	28	0	5
0	131	0	108	28	0	6
0	131	0	95	27	0	10
0	131	0	96	27	0	0
0	131	0	97	27	0	0
0	131	0	98	27	0	11
0	131	0	99	27	0	8
0	131	0	100	27	0	11
0	131	0	101	27	0	3
0	131	0	102	27	0	9
0	131	0	103	27	0	4
0	131	0	104	27	0	4
0	131	0	105	27	0	0
0	131	0	106	27	0	0
0	131	0	107	27	0	1
0	131	0	108	27	0	0
0	131	0	109	27	0	0
0	131	0	96	26	0	2
0	131	0	97	26	0	0
0	131	0	98	26	0	15
0	131	0	99	26	0	8
0	131	0	100	26	0	1
0	131	0	101	26	0	12
0	131	0	102	26	0	1
0	131	0	103	26	0	6
0	131	0	104	26	0	6
0	131	0	105	26	0	2
0	131	0	108	26	0	0
0	131	0	97	25	0	3
0	131	0	98	25	0	1
0	131	0	99	25	0	4
0	131	0	100	25	0	3
0	131	0	101	25	0	9
0	131	0	102	25	0	9
0	131	0	103	25	0	3
0	131	0	104	25	0	0
0	131	0	105	25	0	4
0	131	0	106	25	0	10
0	131	0	96	24	0	0
0	131	0	97	24	0	0
0	131	0	98	24	0	4
0	131	0	99	24	0	3
0	131	0	100	24	0	10
0	131	0	101	24	0	5
0	131	0	102	24	0	3
0	131	0	103	24	0	0
0	131	0	105	24	0	1
0	131	0	107	24	0	0
0	131	0	97	23	0	3
0	131	0	98	23	0	3
0	131	0	99	23	0	0
0	131	0	100	23	0	12
0	131	0	101	23	0	0
0	131	0	102	23	0	8
0	131	0	103	23	0	3
0	131	0	96	22	0	0
0	131	0	97	22	0	3
0	131	0	98	22	0	10
0	131	0	99	22	0	9
0	131	0	100	22	0	1
0	131	0	101	22	0	1
0	131	0	102	22	0	9
0	131	0	103	22	0	0
0	131	0	104	22	0	0
0	131	0	100	21	0	1
0	131	0	101	21	0	2
0	131	0	102	21	0	0
0	131	0	103	21	0	3
0	131	0	104	21	0	8
0	131	0	105	21	0	2
0	131	0	101	20	0	1
0	131	0	104	20	0	2
0	131	0	103	19	0	1
0	132	0	95	73	0	2
0	132	0	95	72	0	8
0	132	0	96	72	0	5
0	132	0	97	72	0	9
0	132	0	98	72	0	4
0	132	0	99	72	0	6
0	132	0	100	72	0	3
0	132	0	90	71	0	0
0	132	0	91	71	0	1
0	132	0	92	71	0	14
0	132	0	93	71	0	14
0	132	0	94	71	0	3
0	132	0	95	71	0	7
0	132	0	96	71	0	1
0	132	0	97	71	0	10
0	132	0	98	71	0	20
0	132	0	99	71	0	4
0	132	0	100	71	0	9
0	132	0	101	71	0	5
0	132	0	102	71	0	4
0	132	0	89	70	0	6
0	132	0	90	70	0	13
0	132	0	91	70	0	6
0	132	0	92	70	0	1
0	132	0	93	70	0	9
0	132	0	94	70	0	5
0	132	0	95	70	0	8
0	132	0	96	70	0	12
0	132	0	97	70	0	10
0	132	0	98	70	0	6
0	132	0	99	70	0	10
0	132	0	100	70	0	13
0	132	0	101	70	0	6
0	132	0	102	70	0	11
0	132	0	87	69	0	7
0	132	0	88	69	0	4
0	132	0	89	69	0	5
0	132	0	90	69	0	0
0	132	0	91	69	0	12
0	132	0	92	69	0	12
0	132	0	93	69	0	7
0	132	0	94	69	0	9
0	132	0	95	69	0	14
0	132	0	96	69	0	7
0	132	0	97	69	0	18
0	132	0	98	69	0	12
0	132	0	99	69	0	8
0	132	0	100	69	0	7
0	132	0	101	69	0	4
0	132	0	102	69	0	6
0	132	0	86	68	0	10
0	132	0	87	68	0	9
0	132	0	88	68	0	9
0	132	0	89	68	0	8
0	132	0	90	68	0	8
0	132	0	91	68	0	8
0	132	0	92	68	0	9
0	132	0	93	68	0	10
0	132	0	94	68	0	4
0	132	0	95	68	0	13
0	132	0	96	68	0	9
0	132	0	97	68	0	6
0	132	0	98	68	0	5
0	132	0	99	68	0	8
0	132	0	100	68	0	6
0	132	0	101	68	0	5
0	132	0	102	68	0	11
0	132	0	86	67	0	5
0	132	0	87	67	0	7
0	132	0	88	67	0	16
0	132	0	89	67	0	4
0	132	0	90	67	0	5
0	132	0	91	67	0	5
0	132	0	92	67	0	12
0	132	0	93	67	0	8
0	132	0	94	67	0	12
0	132	0	95	67	0	5
0	132	0	96	67	0	5
0	132	0	97	67	0	5
0	132	0	98	67	0	3
0	132	0	99	67	0	7
0	132	0	100	67	0	11
0	132	0	101	67	0	12
0	132	0	102	67	0	10
0	132	0	87	66	0	6
0	132	0	88	66	0	8
0	132	0	89	66	0	5
0	132	0	90	66	0	11
0	132	0	91	66	0	12
0	132	0	92	66	0	10
0	132	0	93	66	0	6
0	132	0	94	66	0	13
0	132	0	95	66	0	6
0	132	0	96	66	0	6
0	132	0	97	66	0	6
0	132	0	98	66	0	2
0	132	0	99	66	0	15
0	132	0	100	66	0	7
0	132	0	101	66	0	14
0	132	0	102	66	0	5
0	132	0	87	65	0	0
0	132	0	88	65	0	1
0	132	0	89	65	0	8
0	132	0	90	65	0	19
0	132	0	91	65	0	4
0	132	0	92	65	0	8
0	132	0	93	65	0	8
0	132	0	94	65	0	13
0	132	0	95	65	0	3
0	132	0	96	65	0	8
0	132	0	97	65	0	3
0	132	0	98	65	0	12
0	132	0	99	65	0	4
0	132	0	100	65	0	4
0	132	0	101	65	0	11
0	132	0	102	65	0	6
0	132	0	103	65	0	0
0	132	0	87	64	0	15
0	132	0	88	64	0	3
0	132	0	89	64	0	9
0	132	0	90	64	0	9
0	132	0	91	64	0	5
0	132	0	92	64	0	5
0	132	0	93	64	0	12
0	132	0	94	64	0	11
0	132	0	95	64	0	15
0	132	0	96	64	0	8
0	132	0	97	64	0	5
0	132	0	98	64	0	18
0	132	0	99	64	0	9
0	132	0	100	64	0	10
0	132	0	101	64	0	4
0	132	0	102	64	0	2
0	132	0	103	64	0	6
0	132	0	86	63	0	0
0	132	0	87	63	0	2
0	132	0	88	63	0	5
0	132	0	89	63	0	5
0	132	0	90	63	0	19
0	132	0	91	63	0	17
0	132	0	92	63	0	7
0	132	0	93	63	0	5
0	132	0	94	63	0	7
0	132	0	95	63	0	7
0	132	0	96	63	0	13
0	132	0	97	63	0	4
0	132	0	98	63	0	6
0	132	0	99	63	0	5
0	132	0	100	63	0	8
0	132	0	101	63	0	5
0	132	0	102	63	0	4
0	132	0	103	63	0	11
0	132	0	87	62	0	5
0	132	0	88	62	0	3
0	132	0	89	62	0	0
0	132	0	90	62	0	6
0	132	0	91	62	0	4
0	132	0	92	62	0	1
0	132	0	93	62	0	11
0	132	0	94	62	0	1
0	132	0	95	62	0	9
0	132	0	96	62	0	5
0	132	0	97	62	0	9
0	132	0	98	62	0	6
0	132	0	99	62	0	3
0	132	0	100	62	0	6
0	132	0	101	62	0	5
0	132	0	102	62	0	4
0	132	0	87	61	0	5
0	132	0	88	61	0	13
0	132	0	89	61	0	7
0	132	0	90	61	0	16
0	132	0	91	61	0	9
0	132	0	92	61	0	6
0	132	0	93	61	0	12
0	132	0	94	61	0	11
0	132	0	95	61	0	5
0	132	0	96	61	0	0
0	132	0	97	61	0	2
0	132	0	98	61	0	9
0	132	0	99	61	0	17
0	132	0	100	61	0	5
0	132	0	88	60	0	4
0	132	0	89	60	0	1
0	132	0	90	60	0	13
0	132	0	91	60	0	13
0	132	0	92	60	0	7
0	132	0	93	60	0	3
0	132	0	94	60	0	6
0	132	0	95	60	0	6
0	132	0	96	60	0	8
0	132	0	88	59	0	7
0	132	0	89	59	0	8
0	132	0	90	59	0	5
0	132	0	91	59	0	16
0	132	0	92	59	0	3
0	132	0	93	59	0	12
0	132	0	94	59	0	7
0	132	0	95	59	0	4
0	132	0	89	58	0	4
0	132	0	90	58	0	1
0	132	0	91	58	0	6
0	132	0	92	58	0	5
0	132	0	93	58	0	12
0	132	0	94	58	0	11
0	132	0	91	57	0	12
0	132	0	92	57	0	8
0	132	0	93	57	0	2
0	132	0	96	55	0	3
0	132	0	94	54	0	9
0	132	0	95	54	0	5
0	132	0	96	54	0	7
0	132	0	97	54	0	6
0	132	0	101	54	0	6
0	132	0	102	54	0	5
0	132	0	103	54	0	2
0	132	0	104	54	0	9
0	132	0	93	53	0	3
0	132	0	94	53	0	8
0	132	0	95	53	0	6
0	132	0	96	53	0	0
0	132	0	97	53	0	9
0	132	0	98	53	0	17
0	132	0	99	53	0	7
0	132	0	100	53	0	8
0	132	0	101	53	0	12
0	132	0	102	53	0	9
0	132	0	103	53	0	15
0	132	0	104	53	0	6
0	132	0	105	53	0	6
0	132	0	106	53	0	11
0	132	0	93	52	0	1
0	132	0	94	52	0	11
0	132	0	95	52	0	3
0	132	0	96	52	0	12
0	132	0	97	52	0	10
0	132	0	98	52	0	8
0	132	0	99	52	0	8
0	132	0	100	52	0	7
0	132	0	101	52	0	6
0	132	0	102	52	0	6
0	132	0	103	52	0	1
0	132	0	104	52	0	14
0	132	0	105	52	0	8
0	132	0	106	52	0	3
0	132	0	107	52	0	10
0	132	0	93	51	0	10
0	132	0	94	51	0	15
0	132	0	95	51	0	6
0	132	0	96	51	0	15
0	132	0	97	51	0	19
0	132	0	98	51	0	6
0	132	0	99	51	0	15
0	132	0	100	51	0	20
0	132	0	101	51	0	11
0	132	0	102	51	0	5
0	132	0	103	51	0	11
0	132	0	104	51	0	12
0	132	0	105	51	0	10
0	132	0	106	51	0	12
0	132	0	107	51	0	14
0	132	0	93	50	0	12
0	132	0	94	50	0	11
0	132	0	95	50	0	5
0	132	0	96	50	0	4
0	132	0	97	50	0	6
0	132	0	98	50	0	11
0	132	0	99	50	0	9
0	132	0	100	50	0	5
0	132	0	101	50	0	7
0	132	0	102	50	0	10
0	132	0	103	50	0	8
0	132	0	104	50	0	1
0	132	0	105	50	0	19
0	132	0	106	50	0	4
0	132	0	107	50	0	9
0	132	0	93	49	0	7
0	132	0	94	49	0	8
0	132	0	95	49	0	3
0	132	0	96	49	0	5
0	132	0	97	49	0	3
0	132	0	98	49	0	11
0	132	0	99	49	0	7
0	132	0	100	49	0	7
0	132	0	101	49	0	7
0	132	0	102	49	0	13
0	132	0	103	49	0	5
0	132	0	104	49	0	10
0	132	0	105	49	0	8
0	132	0	106	49	0	7
0	132	0	107	49	0	8
0	132	0	108	49	0	7
0	132	0	114	49	0	7
0	132	0	94	48	0	12
0	132	0	95	48	0	11
0	132	0	96	48	0	18
0	132	0	97	48	0	4
0	132	0	98	48	0	16
0	132	0	99	48	0	11
0	132	0	100	48	0	18
0	132	0	101	48	0	9
0	132	0	102	48	0	5
0	132	0	103	48	0	6
0	132	0	104	48	0	8
0	132	0	105	48	0	11
0	132	0	106	48	0	3
0	132	0	107	48	0	5
0	132	0	110	48	0	8
0	132	0	111	48	0	12
0	132	0	112	48	0	11
0	132	0	113	48	0	4
0	132	0	114	48	0	1
0	132	0	115	48	0	3
0	132	0	94	47	0	5
0	132	0	95	47	0	7
0	132	0	96	47	0	11
0	132	0	97	47	0	5
0	132	0	98	47	0	13
0	132	0	99	47	0	8
0	132	0	100	47	0	9
0	132	0	101	47	0	6
0	132	0	102	47	0	5
0	132	0	103	47	0	7
0	132	0	104	47	0	11
0	132	0	105	47	0	3
0	132	0	106	47	0	2
0	132	0	107	47	0	2
0	132	0	109	47	0	11
0	132	0	110	47	0	9
0	132	0	111	47	0	4
0	132	0	112	47	0	9
0	132	0	113	47	0	6
0	132	0	114	47	0	10
0	132	0	115	47	0	11
0	132	0	116	47	0	19
0	132	0	117	47	0	9
0	132	0	93	46	0	12
0	132	0	94	46	0	9
0	132	0	95	46	0	8
0	132	0	96	46	0	9
0	132	0	97	46	0	17
0	132	0	98	46	0	4
0	132	0	99	46	0	11
0	132	0	100	46	0	11
0	132	0	101	46	0	21
0	132	0	102	46	0	6
0	132	0	103	46	0	4
0	132	0	104	46	0	11
0	132	0	105	46	0	5
0	132	0	106	46	0	11
0	132	0	107	46	0	8
0	132	0	110	46	0	6
0	132	0	111	46	0	9
0	132	0	112	46	0	4
0	132	0	113	46	0	4
0	132	0	114	46	0	7
0	132	0	115	46	0	10
0	132	0	116	46	0	9
0	132	0	117	46	0	9
0	132	0	93	45	0	5
0	132	0	94	45	0	7
0	132	0	95	45	0	7
0	132	0	96	45	0	11
0	132	0	97	45	0	8
0	132	0	98	45	0	7
0	132	0	99	45	0	7
0	132	0	100	45	0	6
0	132	0	101	45	0	8
0	132	0	102	45	0	13
0	132	0	103	45	0	10
0	132	0	104	45	0	5
0	132	0	106	45	0	3
0	132	0	110	45	0	7
0	132	0	111	45	0	4
0	132	0	112	45	0	12
0	132	0	113	45	0	5
0	132	0	114	45	0	17
0	132	0	115	45	0	4
0	132	0	116	45	0	6
0	132	0	117	45	0	1
0	132	0	118	45	0	14
0	132	0	94	44	0	2
0	132	0	95	44	0	12
0	132	0	96	44	0	12
0	132	0	97	44	0	8
0	132	0	98	44	0	6
0	132	0	99	44	0	6
0	132	0	100	44	0	8
0	132	0	101	44	0	4
0	132	0	102	44	0	7
0	132	0	111	44	0	9
0	132	0	112	44	0	13
0	132	0	113	44	0	7
0	132	0	114	44	0	5
0	132	0	115	44	0	5
0	132	0	116	44	0	9
0	132	0	117	44	0	11
0	132	0	95	43	0	9
0	132	0	96	43	0	9
0	132	0	97	43	0	11
0	132	0	98	43	0	9
0	132	0	99	43	0	10
0	132	0	100	43	0	4
0	132	0	101	43	0	4
0	132	0	111	43	0	5
0	132	0	112	43	0	3
0	132	0	113	43	0	2
0	132	0	114	43	0	3
0	132	0	115	43	0	8
0	132	0	116	43	0	0
0	132	0	117	43	0	0
0	132	0	95	42	0	7
0	132	0	96	42	0	8
0	132	0	97	42	0	14
0	132	0	98	42	0	8
0	132	0	99	42	0	9
0	132	0	100	42	0	14
0	132	0	112	42	0	11
0	132	0	113	42	0	4
0	132	0	114	42	0	9
0	132	0	115	42	0	7
0	132	0	116	42	0	4
0	132	0	95	41	0	3
0	132	0	96	41	0	13
0	132	0	97	41	0	12
0	132	0	98	41	0	4
0	132	0	99	41	0	12
0	132	0	113	41	0	8
0	132	0	97	39	0	3
0	132	0	93	38	0	5
0	132	0	94	38	0	9
0	132	0	95	38	0	14
0	132	0	96	38	0	5
0	132	0	97	38	0	9
0	132	0	98	38	0	4
0	132	0	92	37	0	17
0	132	0	93	37	0	9
0	132	0	94	37	0	1
0	132	0	95	37	0	8
0	132	0	96	37	0	9
0	132	0	97	37	0	6
0	132	0	98	37	0	12
0	132	0	99	37	0	4
0	132	0	100	37	0	12
0	132	0	101	37	0	10
0	132	0	91	36	0	0
0	132	0	92	36	0	3
0	132	0	93	36	0	14
0	132	0	94	36	0	6
0	132	0	95	36	0	10
0	132	0	96	36	0	9
0	132	0	97	36	0	19
0	132	0	98	36	0	11
0	132	0	99	36	0	10
0	132	0	100	36	0	12
0	132	0	101	36	0	7
0	132	0	102	36	0	4
0	132	0	91	35	0	10
0	132	0	92	35	0	9
0	132	0	93	35	0	0
0	132	0	94	35	0	1
0	132	0	95	35	0	7
0	132	0	96	35	0	2
0	132	0	97	35	0	11
0	132	0	98	35	0	20
0	132	0	99	35	0	10
0	132	0	100	35	0	14
0	132	0	101	35	0	9
0	132	0	102	35	0	4
0	132	0	92	34	0	9
0	132	0	93	34	0	9
0	132	0	94	34	0	11
0	132	0	95	34	0	5
0	132	0	96	34	0	8
0	132	0	97	34	0	3
0	132	0	98	34	0	8
0	132	0	99	34	0	5
0	132	0	100	34	0	5
0	132	0	101	34	0	4
0	132	0	102	34	0	3
0	132	0	103	34	0	8
0	132	0	92	33	0	8
0	132	0	93	33	0	13
0	132	0	94	33	0	2
0	132	0	95	33	0	5
0	132	0	96	33	0	1
0	132	0	97	33	0	5
0	132	0	98	33	0	11
0	132	0	99	33	0	6
0	132	0	100	33	0	3
0	132	0	101	33	0	2
0	132	0	102	33	0	3
0	132	0	103	33	0	4
0	132	0	92	32	0	1
0	132	0	93	32	0	10
0	132	0	94	32	0	17
0	132	0	95	32	0	3
0	132	0	96	32	0	8
0	132	0	97	32	0	10
0	132	0	98	32	0	10
0	132	0	99	32	0	6
0	132	0	100	32	0	12
0	132	0	101	32	0	12
0	132	0	102	32	0	11
0	132	0	103	32	0	1
0	132	0	92	31	0	3
0	132	0	93	31	0	1
0	132	0	94	31	0	6
0	132	0	95	31	0	2
0	132	0	96	31	0	1
0	132	0	97	31	0	13
0	132	0	98	31	0	9
0	132	0	99	31	0	9
0	132	0	100	31	0	10
0	132	0	101	31	0	7
0	132	0	102	31	0	12
0	132	0	103	31	0	12
0	132	0	94	30	0	9
0	132	0	95	30	0	3
0	132	0	96	30	0	2
0	132	0	97	30	0	13
0	132	0	98	30	0	11
0	132	0	99	30	0	8
0	132	0	100	30	0	9
0	132	0	101	30	0	13
0	132	0	102	30	0	10
0	132	0	103	30	0	6
0	132	0	104	30	0	1
0	132	0	95	29	0	14
0	132	0	96	29	0	1
0	132	0	97	29	0	0
0	132	0	98	29	0	0
0	132	0	99	29	0	1
0	132	0	100	29	0	3
0	132	0	101	29	0	11
0	132	0	102	29	0	8
0	132	0	103	29	0	7
0	132	0	104	29	0	1
0	132	0	105	29	0	2
0	132	0	106	29	0	0
0	132	0	107	29	0	0
0	132	0	108	29	0	4
0	132	0	109	29	0	1
0	132	0	95	28	0	0
0	132	0	96	28	0	1
0	132	0	97	28	0	1
0	132	0	98	28	0	4
0	132	0	99	28	0	10
0	132	0	100	28	0	12
0	132	0	101	28	0	8
0	132	0	102	28	0	8
0	132	0	103	28	0	13
0	132	0	104	28	0	3
0	132	0	105	28	0	0
0	132	0	106	28	0	1
0	132	0	107	28	0	5
0	132	0	108	28	0	5
0	132	0	95	27	0	5
0	132	0	96	27	0	2
0	132	0	97	27	0	0
0	132	0	98	27	0	6
0	132	0	99	27	0	7
0	132	0	100	27	0	15
0	132	0	101	27	0	3
0	132	0	102	27	0	12
0	132	0	103	27	0	6
0	132	0	104	27	0	2
0	132	0	105	27	0	0
0	132	0	106	27	0	0
0	132	0	107	27	0	2
0	132	0	108	27	0	0
0	132	0	109	27	0	0
0	132	0	96	26	0	3
0	132	0	97	26	0	0
0	132	0	98	26	0	17
0	132	0	99	26	0	2
0	132	0	100	26	0	0
0	132	0	101	26	0	12
0	132	0	102	26	0	2
0	132	0	103	26	0	3
0	132	0	104	26	0	3
0	132	0	105	26	0	1
0	132	0	108	26	0	0
0	132	0	97	25	0	3
0	132	0	98	25	0	0
0	132	0	99	25	0	3
0	132	0	100	25	0	1
0	132	0	101	25	0	5
0	132	0	102	25	0	11
0	132	0	103	25	0	7
0	132	0	104	25	0	0
0	132	0	105	25	0	1
0	132	0	106	25	0	15
0	132	0	96	24	0	0
0	132	0	97	24	0	0
0	132	0	98	24	0	4
0	132	0	99	24	0	3
0	132	0	100	24	0	11
0	132	0	101	24	0	6
0	132	0	102	24	0	5
0	132	0	103	24	0	0
0	132	0	105	24	0	0
0	132	0	107	24	0	0
0	132	0	97	23	0	4
0	132	0	98	23	0	5
0	132	0	99	23	0	1
0	132	0	100	23	0	12
0	132	0	101	23	0	1
0	132	0	102	23	0	13
0	132	0	103	23	0	2
0	132	0	96	22	0	1
0	132	0	97	22	0	7
0	132	0	98	22	0	6
0	132	0	99	22	0	9
0	132	0	100	22	0	0
0	132	0	101	22	0	0
0	132	0	102	22	0	7
0	132	0	103	22	0	0
0	132	0	104	22	0	0
0	132	0	100	21	0	1
0	132	0	101	21	0	3
0	132	0	102	21	0	0
0	132	0	103	21	0	3
0	132	0	104	21	0	9
0	132	0	105	21	0	1
0	132	0	101	20	0	3
0	132	0	104	20	0	5
0	132	0	103	19	0	2
0	133	0	95	73	0	1
0	133	0	95	72	0	4
0	133	0	96	72	0	6
0	133	0	97	72	0	16
0	133	0	98	72	0	7
0	133	0	99	72	0	9
0	133	0	100	72	0	4
0	133	0	90	71	0	0
0	133	0	91	71	0	2
0	133	0	92	71	0	17
0	133	0	93	71	0	8
0	133	0	94	71	0	4
0	133	0	95	71	0	5
0	133	0	96	71	0	2
0	133	0	97	71	0	7
0	133	0	98	71	0	11
0	133	0	99	71	0	5
0	133	0	100	71	0	9
0	133	0	101	71	0	13
0	133	0	102	71	0	8
0	133	0	89	70	0	9
0	133	0	90	70	0	8
0	133	0	91	70	0	10
0	133	0	92	70	0	4
0	133	0	93	70	0	6
0	133	0	94	70	0	6
0	133	0	95	70	0	12
0	133	0	96	70	0	5
0	133	0	97	70	0	10
0	133	0	98	70	0	15
0	133	0	99	70	0	19
0	133	0	100	70	0	13
0	133	0	101	70	0	3
0	133	0	102	70	0	11
0	133	0	87	69	0	5
0	133	0	88	69	0	4
0	133	0	89	69	0	2
0	133	0	90	69	0	0
0	133	0	91	69	0	15
0	133	0	92	69	0	11
0	133	0	93	69	0	8
0	133	0	94	69	0	12
0	133	0	95	69	0	7
0	133	0	96	69	0	4
0	133	0	97	69	0	19
0	133	0	98	69	0	11
0	133	0	99	69	0	7
0	133	0	100	69	0	11
0	133	0	101	69	0	7
0	133	0	102	69	0	5
0	133	0	86	68	0	9
0	133	0	87	68	0	10
0	133	0	88	68	0	10
0	133	0	89	68	0	14
0	133	0	90	68	0	7
0	133	0	91	68	0	7
0	133	0	92	68	0	13
0	133	0	93	68	0	10
0	133	0	94	68	0	3
0	133	0	95	68	0	15
0	133	0	96	68	0	9
0	133	0	97	68	0	7
0	133	0	98	68	0	5
0	133	0	99	68	0	12
0	133	0	100	68	0	7
0	133	0	101	68	0	2
0	133	0	102	68	0	10
0	133	0	86	67	0	4
0	133	0	87	67	0	10
0	133	0	88	67	0	12
0	133	0	89	67	0	1
0	133	0	90	67	0	7
0	133	0	91	67	0	6
0	133	0	92	67	0	12
0	133	0	93	67	0	7
0	133	0	94	67	0	7
0	133	0	95	67	0	7
0	133	0	96	67	0	5
0	133	0	97	67	0	1
0	133	0	98	67	0	3
0	133	0	99	67	0	9
0	133	0	100	67	0	12
0	133	0	101	67	0	14
0	133	0	102	67	0	12
0	133	0	87	66	0	5
0	133	0	88	66	0	4
0	133	0	89	66	0	4
0	133	0	90	66	0	9
0	133	0	91	66	0	11
0	133	0	92	66	0	8
0	133	0	93	66	0	9
0	133	0	94	66	0	17
0	133	0	95	66	0	6
0	133	0	96	66	0	10
0	133	0	97	66	0	4
0	133	0	98	66	0	5
0	133	0	99	66	0	11
0	133	0	100	66	0	8
0	133	0	101	66	0	8
0	133	0	102	66	0	4
0	133	0	87	65	0	1
0	133	0	88	65	0	1
0	133	0	89	65	0	12
0	133	0	90	65	0	17
0	133	0	91	65	0	6
0	133	0	92	65	0	7
0	133	0	93	65	0	8
0	133	0	94	65	0	12
0	133	0	95	65	0	8
0	133	0	96	65	0	12
0	133	0	97	65	0	5
0	133	0	98	65	0	8
0	133	0	99	65	0	4
0	133	0	100	65	0	5
0	133	0	101	65	0	12
0	133	0	102	65	0	3
0	133	0	103	65	0	0
0	133	0	87	64	0	7
0	133	0	88	64	0	2
0	133	0	89	64	0	7
0	133	0	90	64	0	9
0	133	0	91	64	0	5
0	133	0	92	64	0	5
0	133	0	93	64	0	12
0	133	0	94	64	0	10
0	133	0	95	64	0	11
0	133	0	96	64	0	6
0	133	0	97	64	0	7
0	133	0	98	64	0	14
0	133	0	99	64	0	8
0	133	0	100	64	0	15
0	133	0	101	64	0	8
0	133	0	102	64	0	5
0	133	0	103	64	0	6
0	133	0	86	63	0	0
0	133	0	87	63	0	1
0	133	0	88	63	0	7
0	133	0	89	63	0	4
0	133	0	90	63	0	13
0	133	0	91	63	0	9
0	133	0	92	63	0	8
0	133	0	93	63	0	3
0	133	0	94	63	0	8
0	133	0	95	63	0	12
0	133	0	96	63	0	10
0	133	0	97	63	0	9
0	133	0	98	63	0	9
0	133	0	99	63	0	8
0	133	0	100	63	0	14
0	133	0	101	63	0	7
0	133	0	102	63	0	4
0	133	0	103	63	0	9
0	133	0	87	62	0	4
0	133	0	88	62	0	3
0	133	0	89	62	0	0
0	133	0	90	62	0	7
0	133	0	91	62	0	7
0	133	0	92	62	0	2
0	133	0	93	62	0	15
0	133	0	94	62	0	3
0	133	0	95	62	0	14
0	133	0	96	62	0	5
0	133	0	97	62	0	10
0	133	0	98	62	0	9
0	133	0	99	62	0	8
0	133	0	100	62	0	8
0	133	0	101	62	0	6
0	133	0	102	62	0	5
0	133	0	87	61	0	4
0	133	0	88	61	0	11
0	133	0	89	61	0	10
0	133	0	90	61	0	12
0	133	0	91	61	0	6
0	133	0	92	61	0	6
0	133	0	93	61	0	14
0	133	0	94	61	0	13
0	133	0	95	61	0	6
0	133	0	96	61	0	1
0	133	0	97	61	0	7
0	133	0	98	61	0	6
0	133	0	99	61	0	7
0	133	0	100	61	0	11
0	133	0	88	60	0	6
0	133	0	89	60	0	0
0	133	0	90	60	0	8
0	133	0	91	60	0	10
0	133	0	92	60	0	7
0	133	0	93	60	0	4
0	133	0	94	60	0	5
0	133	0	95	60	0	11
0	133	0	96	60	0	10
0	133	0	88	59	0	9
0	133	0	89	59	0	7
0	133	0	90	59	0	4
0	133	0	91	59	0	15
0	133	0	92	59	0	5
0	133	0	93	59	0	10
0	133	0	94	59	0	8
0	133	0	95	59	0	4
0	133	0	89	58	0	8
0	133	0	90	58	0	1
0	133	0	91	58	0	3
0	133	0	92	58	0	5
0	133	0	93	58	0	8
0	133	0	94	58	0	14
0	133	0	91	57	0	16
0	133	0	92	57	0	6
0	133	0	93	57	0	1
0	133	0	96	55	0	3
0	133	0	94	54	0	11
0	133	0	95	54	0	4
0	133	0	96	54	0	9
0	133	0	97	54	0	8
0	133	0	101	54	0	4
0	133	0	102	54	0	5
0	133	0	103	54	0	8
0	133	0	104	54	0	8
0	133	0	93	53	0	3
0	133	0	94	53	0	9
0	133	0	95	53	0	10
0	133	0	96	53	0	1
0	133	0	97	53	0	9
0	133	0	98	53	0	14
0	133	0	99	53	0	10
0	133	0	100	53	0	9
0	133	0	101	53	0	8
0	133	0	102	53	0	6
0	133	0	103	53	0	11
0	133	0	104	53	0	2
0	133	0	105	53	0	8
0	133	0	106	53	0	12
0	133	0	93	52	0	2
0	133	0	94	52	0	10
0	133	0	95	52	0	5
0	133	0	96	52	0	16
0	133	0	97	52	0	8
0	133	0	98	52	0	5
0	133	0	99	52	0	5
0	133	0	100	52	0	8
0	133	0	101	52	0	6
0	133	0	102	52	0	4
0	133	0	103	52	0	1
0	133	0	104	52	0	9
0	133	0	105	52	0	10
0	133	0	106	52	0	7
0	133	0	107	52	0	11
0	133	0	93	51	0	10
0	133	0	94	51	0	8
0	133	0	95	51	0	7
0	133	0	96	51	0	13
0	133	0	97	51	0	12
0	133	0	98	51	0	8
0	133	0	99	51	0	21
0	133	0	100	51	0	16
0	133	0	101	51	0	5
0	133	0	102	51	0	6
0	133	0	103	51	0	9
0	133	0	104	51	0	13
0	133	0	105	51	0	11
0	133	0	106	51	0	8
0	133	0	107	51	0	13
0	133	0	93	50	0	13
0	133	0	94	50	0	11
0	133	0	95	50	0	6
0	133	0	96	50	0	4
0	133	0	97	50	0	7
0	133	0	98	50	0	12
0	133	0	99	50	0	6
0	133	0	100	50	0	4
0	133	0	101	50	0	8
0	133	0	102	50	0	12
0	133	0	103	50	0	9
0	133	0	104	50	0	0
0	133	0	105	50	0	12
0	133	0	106	50	0	8
0	133	0	107	50	0	9
0	133	0	93	49	0	2
0	133	0	94	49	0	10
0	133	0	95	49	0	2
0	133	0	96	49	0	5
0	133	0	97	49	0	1
0	133	0	98	49	0	9
0	133	0	99	49	0	8
0	133	0	100	49	0	7
0	133	0	101	49	0	9
0	133	0	102	49	0	14
0	133	0	103	49	0	4
0	133	0	104	49	0	13
0	133	0	105	49	0	13
0	133	0	106	49	0	7
0	133	0	107	49	0	12
0	133	0	108	49	0	11
0	133	0	114	49	0	9
0	133	0	94	48	0	7
0	133	0	95	48	0	9
0	133	0	96	48	0	17
0	133	0	97	48	0	7
0	133	0	98	48	0	20
0	133	0	99	48	0	9
0	133	0	100	48	0	9
0	133	0	101	48	0	15
0	133	0	102	48	0	6
0	133	0	103	48	0	9
0	133	0	104	48	0	7
0	133	0	105	48	0	12
0	133	0	106	48	0	2
0	133	0	107	48	0	4
0	133	0	110	48	0	13
0	133	0	111	48	0	9
0	133	0	112	48	0	13
0	133	0	113	48	0	3
0	133	0	114	48	0	4
0	133	0	115	48	0	4
0	133	0	94	47	0	4
0	133	0	95	47	0	9
0	133	0	96	47	0	9
0	133	0	97	47	0	11
0	133	0	98	47	0	11
0	133	0	99	47	0	7
0	133	0	100	47	0	9
0	133	0	101	47	0	6
0	133	0	102	47	0	6
0	133	0	103	47	0	6
0	133	0	104	47	0	16
0	133	0	105	47	0	2
0	133	0	106	47	0	3
0	133	0	107	47	0	1
0	133	0	109	47	0	9
0	133	0	110	47	0	13
0	133	0	111	47	0	7
0	133	0	112	47	0	8
0	133	0	113	47	0	7
0	133	0	114	47	0	9
0	133	0	115	47	0	5
0	133	0	116	47	0	18
0	133	0	117	47	0	14
0	133	0	93	46	0	11
0	133	0	94	46	0	9
0	133	0	95	46	0	9
0	133	0	96	46	0	15
0	133	0	97	46	0	10
0	133	0	98	46	0	3
0	133	0	99	46	0	15
0	133	0	100	46	0	14
0	133	0	101	46	0	11
0	133	0	102	46	0	4
0	133	0	103	46	0	6
0	133	0	104	46	0	11
0	133	0	105	46	0	4
0	133	0	106	46	0	12
0	133	0	107	46	0	7
0	133	0	110	46	0	8
0	133	0	111	46	0	8
0	133	0	112	46	0	5
0	133	0	113	46	0	3
0	133	0	114	46	0	7
0	133	0	115	46	0	10
0	133	0	116	46	0	9
0	133	0	117	46	0	11
0	133	0	93	45	0	5
0	133	0	94	45	0	6
0	133	0	95	45	0	10
0	133	0	96	45	0	10
0	133	0	97	45	0	7
0	133	0	98	45	0	14
0	133	0	99	45	0	13
0	133	0	100	45	0	10
0	133	0	101	45	0	10
0	133	0	102	45	0	12
0	133	0	103	45	0	7
0	133	0	104	45	0	9
0	133	0	106	45	0	6
0	133	0	110	45	0	9
0	133	0	111	45	0	2
0	133	0	112	45	0	5
0	133	0	113	45	0	5
0	133	0	114	45	0	16
0	133	0	115	45	0	5
0	133	0	116	45	0	5
0	133	0	117	45	0	3
0	133	0	118	45	0	15
0	133	0	94	44	0	2
0	133	0	95	44	0	9
0	133	0	96	44	0	5
0	133	0	97	44	0	10
0	133	0	98	44	0	5
0	133	0	99	44	0	6
0	133	0	100	44	0	8
0	133	0	101	44	0	6
0	133	0	102	44	0	7
0	133	0	111	44	0	8
0	133	0	112	44	0	9
0	133	0	113	44	0	14
0	133	0	114	44	0	6
0	133	0	115	44	0	4
0	133	0	116	44	0	10
0	133	0	117	44	0	9
0	133	0	95	43	0	9
0	133	0	96	43	0	7
0	133	0	97	43	0	8
0	133	0	98	43	0	9
0	133	0	99	43	0	6
0	133	0	100	43	0	3
0	133	0	101	43	0	3
0	133	0	111	43	0	4
0	133	0	112	43	0	3
0	133	0	113	43	0	3
0	133	0	114	43	0	3
0	133	0	115	43	0	5
0	133	0	116	43	0	0
0	133	0	117	43	0	0
0	133	0	95	42	0	6
0	133	0	96	42	0	4
0	133	0	97	42	0	19
0	133	0	98	42	0	8
0	133	0	99	42	0	12
0	133	0	100	42	0	18
0	133	0	112	42	0	7
0	133	0	113	42	0	1
0	133	0	114	42	0	8
0	133	0	115	42	0	10
0	133	0	116	42	0	3
0	133	0	95	41	0	3
0	133	0	96	41	0	14
0	133	0	97	41	0	5
0	133	0	98	41	0	4
0	133	0	99	41	0	13
0	133	0	113	41	0	10
0	133	0	97	39	0	4
0	133	0	93	38	0	7
0	133	0	94	38	0	8
0	133	0	95	38	0	14
0	133	0	96	38	0	3
0	133	0	97	38	0	9
0	133	0	98	38	0	8
0	133	0	92	37	0	9
0	133	0	93	37	0	8
0	133	0	94	37	0	0
0	133	0	95	37	0	6
0	133	0	96	37	0	9
0	133	0	97	37	0	9
0	133	0	98	37	0	17
0	133	0	99	37	0	1
0	133	0	100	37	0	10
0	133	0	101	37	0	11
0	133	0	91	36	0	0
0	133	0	92	36	0	5
0	133	0	93	36	0	6
0	133	0	94	36	0	6
0	133	0	95	36	0	10
0	133	0	96	36	0	13
0	133	0	97	36	0	13
0	133	0	98	36	0	20
0	133	0	99	36	0	11
0	133	0	100	36	0	15
0	133	0	101	36	0	9
0	133	0	102	36	0	5
0	133	0	91	35	0	4
0	133	0	92	35	0	8
0	133	0	93	35	0	0
0	133	0	94	35	0	3
0	133	0	95	35	0	1
0	133	0	96	35	0	7
0	133	0	97	35	0	13
0	133	0	98	35	0	11
0	133	0	99	35	0	7
0	133	0	100	35	0	11
0	133	0	101	35	0	8
0	133	0	102	35	0	5
0	133	0	92	34	0	11
0	133	0	93	34	0	9
0	133	0	94	34	0	15
0	133	0	95	34	0	4
0	133	0	96	34	0	7
0	133	0	97	34	0	5
0	133	0	98	34	0	15
0	133	0	99	34	0	7
0	133	0	100	34	0	7
0	133	0	101	34	0	7
0	133	0	102	34	0	6
0	133	0	103	34	0	6
0	133	0	92	33	0	7
0	133	0	93	33	0	11
0	133	0	94	33	0	4
0	133	0	95	33	0	5
0	133	0	96	33	0	2
0	133	0	97	33	0	4
0	133	0	98	33	0	6
0	133	0	99	33	0	6
0	133	0	100	33	0	7
0	133	0	101	33	0	2
0	133	0	102	33	0	7
0	133	0	103	33	0	5
0	133	0	92	32	0	1
0	133	0	93	32	0	12
0	133	0	94	32	0	8
0	133	0	95	32	0	5
0	133	0	96	32	0	12
0	133	0	97	32	0	6
0	133	0	98	32	0	8
0	133	0	99	32	0	11
0	133	0	100	32	0	6
0	133	0	101	32	0	9
0	133	0	102	32	0	10
0	133	0	103	32	0	2
0	133	0	92	31	0	6
0	133	0	93	31	0	2
0	133	0	94	31	0	4
0	133	0	95	31	0	3
0	133	0	96	31	0	2
0	133	0	97	31	0	14
0	133	0	98	31	0	8
0	133	0	99	31	0	3
0	133	0	100	31	0	9
0	133	0	101	31	0	7
0	133	0	102	31	0	7
0	133	0	103	31	0	13
0	133	0	94	30	0	8
0	133	0	95	30	0	3
0	133	0	96	30	0	4
0	133	0	97	30	0	10
0	133	0	98	30	0	7
0	133	0	99	30	0	4
0	133	0	100	30	0	8
0	133	0	101	30	0	16
0	133	0	102	30	0	11
0	133	0	103	30	0	7
0	133	0	104	30	0	3
0	133	0	95	29	0	13
0	133	0	96	29	0	0
0	133	0	97	29	0	1
0	133	0	98	29	0	0
0	133	0	99	29	0	4
0	133	0	100	29	0	4
0	133	0	101	29	0	11
0	133	0	102	29	0	11
0	133	0	103	29	0	11
0	133	0	104	29	0	0
0	133	0	105	29	0	2
0	133	0	106	29	0	0
0	133	0	107	29	0	2
0	133	0	108	29	0	6
0	133	0	109	29	0	1
0	133	0	95	28	0	0
0	133	0	96	28	0	2
0	133	0	97	28	0	2
0	133	0	98	28	0	4
0	133	0	99	28	0	13
0	133	0	100	28	0	10
0	133	0	101	28	0	10
0	133	0	102	28	0	9
0	133	0	103	28	0	14
0	133	0	104	28	0	5
0	133	0	105	28	0	0
0	133	0	106	28	0	2
0	133	0	107	28	0	8
0	133	0	108	28	0	5
0	133	0	95	27	0	7
0	133	0	96	27	0	2
0	133	0	97	27	0	1
0	133	0	98	27	0	8
0	133	0	99	27	0	7
0	133	0	100	27	0	10
0	133	0	101	27	0	5
0	133	0	102	27	0	14
0	133	0	103	27	0	6
0	133	0	104	27	0	2
0	133	0	105	27	0	0
0	133	0	106	27	0	0
0	133	0	107	27	0	6
0	133	0	108	27	0	0
0	133	0	109	27	0	0
0	133	0	96	26	0	2
0	133	0	97	26	0	1
0	133	0	98	26	0	8
0	133	0	99	26	0	0
0	133	0	100	26	0	0
0	133	0	101	26	0	9
0	133	0	102	26	0	3
0	133	0	103	26	0	3
0	133	0	104	26	0	4
0	133	0	105	26	0	2
0	133	0	107	26	0	1
0	133	0	108	26	0	1
0	133	0	97	25	0	2
0	133	0	98	25	0	2
0	133	0	99	25	0	1
0	133	0	100	25	0	2
0	133	0	101	25	0	5
0	133	0	102	25	0	12
0	133	0	103	25	0	8
0	133	0	104	25	0	0
0	133	0	105	25	0	0
0	133	0	106	25	0	10
0	133	0	110	25	0	1
0	133	0	96	24	0	0
0	133	0	97	24	0	0
0	133	0	98	24	0	5
0	133	0	99	24	0	5
0	133	0	100	24	0	7
0	133	0	101	24	0	8
0	133	0	102	24	0	6
0	133	0	103	24	0	0
0	133	0	105	24	0	0
0	133	0	107	24	0	0
0	133	0	97	23	0	8
0	133	0	98	23	0	5
0	133	0	99	23	0	3
0	133	0	100	23	0	15
0	133	0	101	23	0	2
0	133	0	102	23	0	6
0	133	0	103	23	0	2
0	133	0	96	22	0	2
0	133	0	97	22	0	5
0	133	0	98	22	0	7
0	133	0	99	22	0	10
0	133	0	100	22	0	0
0	133	0	101	22	0	0
0	133	0	102	22	0	8
0	133	0	103	22	0	0
0	133	0	104	22	0	0
0	133	0	100	21	0	4
0	133	0	101	21	0	3
0	133	0	102	21	0	0
0	133	0	103	21	0	3
0	133	0	104	21	0	7
0	133	0	105	21	0	2
0	133	0	101	20	0	6
0	133	0	104	20	0	8
0	133	0	103	19	0	5
0	133	0	104	19	0	1
0	134	0	95	73	0	1
0	134	0	95	72	0	4
0	134	0	96	72	0	11
0	134	0	97	72	0	17
0	134	0	98	72	0	7
0	134	0	99	72	0	4
0	134	0	100	72	0	6
0	134	0	90	71	0	1
0	134	0	91	71	0	2
0	134	0	92	71	0	13
0	134	0	93	71	0	8
0	134	0	94	71	0	8
0	134	0	95	71	0	4
0	134	0	96	71	0	4
0	134	0	97	71	0	3
0	134	0	98	71	0	9
0	134	0	99	71	0	5
0	134	0	100	71	0	11
0	134	0	101	71	0	9
0	134	0	102	71	0	10
0	134	0	89	70	0	11
0	134	0	90	70	0	10
0	134	0	91	70	0	10
0	134	0	92	70	0	5
0	134	0	93	70	0	8
0	134	0	94	70	0	6
0	134	0	95	70	0	8
0	134	0	96	70	0	6
0	134	0	97	70	0	12
0	134	0	98	70	0	13
0	134	0	99	70	0	13
0	134	0	100	70	0	8
0	134	0	101	70	0	6
0	134	0	102	70	0	7
0	134	0	87	69	0	6
0	134	0	88	69	0	5
0	134	0	89	69	0	3
0	134	0	90	69	0	0
0	134	0	91	69	0	18
0	134	0	92	69	0	13
0	134	0	93	69	0	5
0	134	0	94	69	0	13
0	134	0	95	69	0	7
0	134	0	96	69	0	6
0	134	0	97	69	0	10
0	134	0	98	69	0	10
0	134	0	99	69	0	8
0	134	0	100	69	0	11
0	134	0	101	69	0	5
0	134	0	102	69	0	6
0	134	0	86	68	0	3
0	134	0	87	68	0	3
0	134	0	88	68	0	5
0	134	0	89	68	0	9
0	134	0	90	68	0	11
0	134	0	91	68	0	6
0	134	0	92	68	0	16
0	134	0	93	68	0	8
0	134	0	94	68	0	4
0	134	0	95	68	0	12
0	134	0	96	68	0	11
0	134	0	97	68	0	8
0	134	0	98	68	0	3
0	134	0	99	68	0	9
0	134	0	100	68	0	11
0	134	0	101	68	0	5
0	134	0	102	68	0	11
0	134	0	86	67	0	4
0	134	0	87	67	0	8
0	134	0	88	67	0	7
0	134	0	89	67	0	2
0	134	0	90	67	0	8
0	134	0	91	67	0	8
0	134	0	92	67	0	14
0	134	0	93	67	0	6
0	134	0	94	67	0	9
0	134	0	95	67	0	10
0	134	0	96	67	0	8
0	134	0	97	67	0	4
0	134	0	98	67	0	1
0	134	0	99	67	0	6
0	134	0	100	67	0	10
0	134	0	101	67	0	12
0	134	0	102	67	0	12
0	134	0	87	66	0	3
0	134	0	88	66	0	7
0	134	0	89	66	0	3
0	134	0	90	66	0	13
0	134	0	91	66	0	10
0	134	0	92	66	0	7
0	134	0	93	66	0	10
0	134	0	94	66	0	16
0	134	0	95	66	0	6
0	134	0	96	66	0	9
0	134	0	97	66	0	4
0	134	0	98	66	0	0
0	134	0	99	66	0	10
0	134	0	100	66	0	7
0	134	0	101	66	0	7
0	134	0	102	66	0	6
0	134	0	87	65	0	1
0	134	0	88	65	0	3
0	134	0	89	65	0	5
0	134	0	90	65	0	16
0	134	0	91	65	0	6
0	134	0	92	65	0	10
0	134	0	93	65	0	14
0	134	0	94	65	0	5
0	134	0	95	65	0	10
0	134	0	96	65	0	14
0	134	0	97	65	0	7
0	134	0	98	65	0	10
0	134	0	99	65	0	6
0	134	0	100	65	0	5
0	134	0	101	65	0	13
0	134	0	102	65	0	5
0	134	0	103	65	0	0
0	134	0	87	64	0	9
0	134	0	88	64	0	5
0	134	0	89	64	0	11
0	134	0	90	64	0	12
0	134	0	91	64	0	7
0	134	0	92	64	0	7
0	134	0	93	64	0	10
0	134	0	94	64	0	10
0	134	0	95	64	0	10
0	134	0	96	64	0	9
0	134	0	97	64	0	10
0	134	0	98	64	0	15
0	134	0	99	64	0	4
0	134	0	100	64	0	9
0	134	0	101	64	0	7
0	134	0	102	64	0	4
0	134	0	103	64	0	7
0	134	0	86	63	0	0
0	134	0	87	63	0	3
0	134	0	88	63	0	9
0	134	0	89	63	0	9
0	134	0	90	63	0	17
0	134	0	91	63	0	14
0	134	0	92	63	0	12
0	134	0	93	63	0	2
0	134	0	94	63	0	5
0	134	0	95	63	0	8
0	134	0	96	63	0	7
0	134	0	97	63	0	9
0	134	0	98	63	0	16
0	134	0	99	63	0	5
0	134	0	100	63	0	10
0	134	0	101	63	0	2
0	134	0	102	63	0	5
0	134	0	103	63	0	12
0	134	0	87	62	0	3
0	134	0	88	62	0	1
0	134	0	89	62	0	0
0	134	0	90	62	0	5
0	134	0	91	62	0	3
0	134	0	92	62	0	4
0	134	0	93	62	0	12
0	134	0	94	62	0	4
0	134	0	95	62	0	7
0	134	0	96	62	0	6
0	134	0	97	62	0	13
0	134	0	98	62	0	8
0	134	0	99	62	0	6
0	134	0	100	62	0	7
0	134	0	101	62	0	5
0	134	0	102	62	0	6
0	134	0	87	61	0	3
0	134	0	88	61	0	11
0	134	0	89	61	0	14
0	134	0	90	61	0	10
0	134	0	91	61	0	9
0	134	0	92	61	0	12
0	134	0	93	61	0	12
0	134	0	94	61	0	16
0	134	0	95	61	0	12
0	134	0	96	61	0	0
0	134	0	97	61	0	11
0	134	0	98	61	0	5
0	134	0	99	61	0	6
0	134	0	100	61	0	13
0	134	0	88	60	0	4
0	134	0	89	60	0	0
0	134	0	90	60	0	11
0	134	0	91	60	0	8
0	134	0	92	60	0	6
0	134	0	93	60	0	6
0	134	0	94	60	0	3
0	134	0	95	60	0	12
0	134	0	96	60	0	12
0	134	0	88	59	0	8
0	134	0	89	59	0	7
0	134	0	90	59	0	4
0	134	0	91	59	0	8
0	134	0	92	59	0	8
0	134	0	93	59	0	16
0	134	0	94	59	0	2
0	134	0	95	59	0	8
0	134	0	89	58	0	12
0	134	0	90	58	0	0
0	134	0	91	58	0	2
0	134	0	92	58	0	2
0	134	0	93	58	0	7
0	134	0	94	58	0	14
0	134	0	91	57	0	10
0	134	0	92	57	0	5
0	134	0	93	57	0	1
0	134	0	96	55	0	1
0	134	0	94	54	0	10
0	134	0	95	54	0	7
0	134	0	96	54	0	11
0	134	0	97	54	0	8
0	134	0	101	54	0	6
0	134	0	102	54	0	7
0	134	0	103	54	0	5
0	134	0	104	54	0	3
0	134	0	93	53	0	4
0	134	0	94	53	0	11
0	134	0	95	53	0	10
0	134	0	96	53	0	3
0	134	0	97	53	0	9
0	134	0	98	53	0	11
0	134	0	99	53	0	10
0	134	0	100	53	0	8
0	134	0	101	53	0	10
0	134	0	102	53	0	11
0	134	0	103	53	0	9
0	134	0	104	53	0	1
0	134	0	105	53	0	4
0	134	0	106	53	0	5
0	134	0	93	52	0	6
0	134	0	94	52	0	12
0	134	0	95	52	0	5
0	134	0	96	52	0	10
0	134	0	97	52	0	8
0	134	0	98	52	0	7
0	134	0	99	52	0	4
0	134	0	100	52	0	8
0	134	0	101	52	0	6
0	134	0	102	52	0	5
0	134	0	103	52	0	1
0	134	0	104	52	0	10
0	134	0	105	52	0	12
0	134	0	106	52	0	7
0	134	0	107	52	0	9
0	134	0	93	51	0	4
0	134	0	94	51	0	11
0	134	0	95	51	0	5
0	134	0	96	51	0	8
0	134	0	97	51	0	5
0	134	0	98	51	0	10
0	134	0	99	51	0	9
0	134	0	100	51	0	13
0	134	0	101	51	0	6
0	134	0	102	51	0	6
0	134	0	103	51	0	9
0	134	0	104	51	0	13
0	134	0	105	51	0	17
0	134	0	106	51	0	7
0	134	0	107	51	0	8
0	134	0	93	50	0	12
0	134	0	94	50	0	10
0	134	0	95	50	0	5
0	134	0	96	50	0	10
0	134	0	97	50	0	9
0	134	0	98	50	0	6
0	134	0	99	50	0	6
0	134	0	100	50	0	3
0	134	0	101	50	0	5
0	134	0	102	50	0	10
0	134	0	103	50	0	10
0	134	0	104	50	0	1
0	134	0	105	50	0	12
0	134	0	106	50	0	7
0	134	0	107	50	0	6
0	134	0	93	49	0	2
0	134	0	94	49	0	14
0	134	0	95	49	0	3
0	134	0	96	49	0	8
0	134	0	97	49	0	4
0	134	0	98	49	0	9
0	134	0	99	49	0	7
0	134	0	100	49	0	10
0	134	0	101	49	0	12
0	134	0	102	49	0	11
0	134	0	103	49	0	6
0	134	0	104	49	0	11
0	134	0	105	49	0	14
0	134	0	106	49	0	3
0	134	0	107	49	0	11
0	134	0	108	49	0	6
0	134	0	114	49	0	9
0	134	0	94	48	0	11
0	134	0	95	48	0	10
0	134	0	96	48	0	19
0	134	0	97	48	0	5
0	134	0	98	48	0	21
0	134	0	99	48	0	9
0	134	0	100	48	0	10
0	134	0	101	48	0	5
0	134	0	102	48	0	9
0	134	0	103	48	0	11
0	134	0	104	48	0	9
0	134	0	105	48	0	4
0	134	0	106	48	0	0
0	134	0	107	48	0	8
0	134	0	110	48	0	11
0	134	0	111	48	0	10
0	134	0	112	48	0	17
0	134	0	113	48	0	6
0	134	0	114	48	0	6
0	134	0	115	48	0	3
0	134	0	94	47	0	4
0	134	0	95	47	0	13
0	134	0	96	47	0	14
0	134	0	97	47	0	13
0	134	0	98	47	0	11
0	134	0	99	47	0	15
0	134	0	100	47	0	11
0	134	0	101	47	0	4
0	134	0	102	47	0	5
0	134	0	103	47	0	9
0	134	0	104	47	0	17
0	134	0	105	47	0	4
0	134	0	106	47	0	5
0	134	0	107	47	0	2
0	134	0	109	47	0	6
0	134	0	110	47	0	5
0	134	0	111	47	0	4
0	134	0	112	47	0	9
0	134	0	113	47	0	6
0	134	0	114	47	0	11
0	134	0	115	47	0	1
0	134	0	116	47	0	16
0	134	0	117	47	0	7
0	134	0	93	46	0	7
0	134	0	94	46	0	5
0	134	0	95	46	0	12
0	134	0	96	46	0	10
0	134	0	97	46	0	10
0	134	0	98	46	0	8
0	134	0	99	46	0	12
0	134	0	100	46	0	11
0	134	0	101	46	0	12
0	134	0	102	46	0	7
0	134	0	103	46	0	5
0	134	0	104	46	0	6
0	134	0	105	46	0	6
0	134	0	106	46	0	6
0	134	0	107	46	0	6
0	134	0	110	46	0	11
0	134	0	111	46	0	6
0	134	0	112	46	0	7
0	134	0	113	46	0	2
0	134	0	114	46	0	5
0	134	0	115	46	0	14
0	134	0	116	46	0	8
0	134	0	117	46	0	5
0	134	0	93	45	0	4
0	134	0	94	45	0	6
0	134	0	95	45	0	5
0	134	0	96	45	0	11
0	134	0	97	45	0	6
0	134	0	98	45	0	9
0	134	0	99	45	0	5
0	134	0	100	45	0	6
0	134	0	101	45	0	10
0	134	0	102	45	0	7
0	134	0	103	45	0	12
0	134	0	104	45	0	16
0	134	0	106	45	0	9
0	134	0	110	45	0	7
0	134	0	111	45	0	2
0	134	0	112	45	0	9
0	134	0	113	45	0	5
0	134	0	114	45	0	10
0	134	0	115	45	0	2
0	134	0	116	45	0	9
0	134	0	117	45	0	2
0	134	0	118	45	0	19
0	134	0	94	44	0	3
0	134	0	95	44	0	9
0	134	0	96	44	0	4
0	134	0	97	44	0	9
0	134	0	98	44	0	6
0	134	0	99	44	0	5
0	134	0	100	44	0	13
0	134	0	101	44	0	7
0	134	0	102	44	0	7
0	134	0	111	44	0	9
0	134	0	112	44	0	10
0	134	0	113	44	0	15
0	134	0	114	44	0	6
0	134	0	115	44	0	3
0	134	0	116	44	0	10
0	134	0	117	44	0	10
0	134	0	95	43	0	13
0	134	0	96	43	0	4
0	134	0	97	43	0	9
0	134	0	98	43	0	9
0	134	0	99	43	0	10
0	134	0	100	43	0	6
0	134	0	101	43	0	7
0	134	0	111	43	0	4
0	134	0	112	43	0	2
0	134	0	113	43	0	8
0	134	0	114	43	0	5
0	134	0	115	43	0	4
0	134	0	116	43	0	0
0	134	0	117	43	0	0
0	134	0	95	42	0	9
0	134	0	96	42	0	7
0	134	0	97	42	0	8
0	134	0	98	42	0	7
0	134	0	99	42	0	9
0	134	0	100	42	0	10
0	134	0	112	42	0	7
0	134	0	113	42	0	0
0	134	0	114	42	0	10
0	134	0	115	42	0	6
0	134	0	116	42	0	3
0	134	0	95	41	0	3
0	134	0	96	41	0	11
0	134	0	97	41	0	6
0	134	0	98	41	0	2
0	134	0	99	41	0	11
0	134	0	113	41	0	5
0	134	0	97	39	0	2
0	134	0	93	38	0	10
0	134	0	94	38	0	10
0	134	0	95	38	0	13
0	134	0	96	38	0	6
0	134	0	97	38	0	11
0	134	0	98	38	0	9
0	134	0	92	37	0	8
0	134	0	93	37	0	9
0	134	0	94	37	0	0
0	134	0	95	37	0	7
0	134	0	96	37	0	6
0	134	0	97	37	0	6
0	134	0	98	37	0	15
0	134	0	99	37	0	3
0	134	0	100	37	0	6
0	134	0	101	37	0	8
0	134	0	91	36	0	0
0	134	0	92	36	0	6
0	134	0	93	36	0	7
0	134	0	94	36	0	10
0	134	0	95	36	0	7
0	134	0	96	36	0	13
0	134	0	97	36	0	14
0	134	0	98	36	0	16
0	134	0	99	36	0	19
0	134	0	100	36	0	13
0	134	0	101	36	0	13
0	134	0	102	36	0	2
0	134	0	91	35	0	5
0	134	0	92	35	0	3
0	134	0	93	35	0	0
0	134	0	94	35	0	5
0	134	0	95	35	0	3
0	134	0	96	35	0	5
0	134	0	97	35	0	6
0	134	0	98	35	0	3
0	134	0	99	35	0	10
0	134	0	100	35	0	14
0	134	0	101	35	0	9
0	134	0	102	35	0	4
0	134	0	92	34	0	12
0	134	0	93	34	0	7
0	134	0	94	34	0	11
0	134	0	95	34	0	5
0	134	0	96	34	0	6
0	134	0	97	34	0	5
0	134	0	98	34	0	6
0	134	0	99	34	0	7
0	134	0	100	34	0	12
0	134	0	101	34	0	6
0	134	0	102	34	0	8
0	134	0	103	34	0	3
0	134	0	92	33	0	8
0	134	0	93	33	0	6
0	134	0	94	33	0	6
0	134	0	95	33	0	6
0	134	0	96	33	0	4
0	134	0	97	33	0	9
0	134	0	98	33	0	7
0	134	0	99	33	0	6
0	134	0	100	33	0	9
0	134	0	101	33	0	2
0	134	0	102	33	0	11
0	134	0	103	33	0	6
0	134	0	92	32	0	2
0	134	0	93	32	0	10
0	134	0	94	32	0	9
0	134	0	95	32	0	6
0	134	0	96	32	0	9
0	134	0	97	32	0	12
0	134	0	98	32	0	6
0	134	0	99	32	0	9
0	134	0	100	32	0	9
0	134	0	101	32	0	11
0	134	0	102	32	0	8
0	134	0	103	32	0	4
0	134	0	92	31	0	12
0	134	0	93	31	0	3
0	134	0	94	31	0	6
0	134	0	95	31	0	2
0	134	0	96	31	0	3
0	134	0	97	31	0	10
0	134	0	98	31	0	3
0	134	0	99	31	0	2
0	134	0	100	31	0	8
0	134	0	101	31	0	7
0	134	0	102	31	0	6
0	134	0	103	31	0	8
0	134	0	94	30	0	5
0	134	0	95	30	0	1
0	134	0	96	30	0	3
0	134	0	97	30	0	9
0	134	0	98	30	0	7
0	134	0	99	30	0	2
0	134	0	100	30	0	14
0	134	0	101	30	0	13
0	134	0	102	30	0	11
0	134	0	103	30	0	12
0	134	0	104	30	0	5
0	134	0	95	29	0	15
0	134	0	96	29	0	0
0	134	0	97	29	0	2
0	134	0	98	29	0	1
0	134	0	99	29	0	4
0	134	0	100	29	0	6
0	134	0	101	29	0	13
0	134	0	102	29	0	11
0	134	0	103	29	0	5
0	134	0	104	29	0	0
0	134	0	105	29	0	1
0	134	0	106	29	0	1
0	134	0	107	29	0	2
0	134	0	108	29	0	10
0	134	0	109	29	0	0
0	134	0	95	28	0	0
0	134	0	96	28	0	1
0	134	0	97	28	0	1
0	134	0	98	28	0	6
0	134	0	99	28	0	10
0	134	0	100	28	0	5
0	134	0	101	28	0	11
0	134	0	102	28	0	11
0	134	0	103	28	0	14
0	134	0	104	28	0	5
0	134	0	105	28	0	0
0	134	0	106	28	0	4
0	134	0	107	28	0	8
0	134	0	108	28	0	6
0	134	0	95	27	0	9
0	134	0	96	27	0	3
0	134	0	97	27	0	4
0	134	0	98	27	0	11
0	134	0	99	27	0	8
0	134	0	100	27	0	13
0	134	0	101	27	0	8
0	134	0	102	27	0	11
0	134	0	103	27	0	9
0	134	0	104	27	0	4
0	134	0	105	27	0	0
0	134	0	106	27	0	1
0	134	0	107	27	0	8
0	134	0	108	27	0	0
0	134	0	109	27	0	0
0	134	0	96	26	0	1
0	134	0	97	26	0	2
0	134	0	98	26	0	9
0	134	0	99	26	0	1
0	134	0	100	26	0	2
0	134	0	101	26	0	10
0	134	0	102	26	0	8
0	134	0	103	26	0	2
0	134	0	104	26	0	8
0	134	0	105	26	0	5
0	134	0	107	26	0	1
0	134	0	108	26	0	1
0	134	0	109	26	0	1
0	134	0	97	25	0	3
0	134	0	98	25	0	1
0	134	0	99	25	0	4
0	134	0	100	25	0	3
0	134	0	101	25	0	3
0	134	0	102	25	0	14
0	134	0	103	25	0	12
0	134	0	104	25	0	1
0	134	0	105	25	0	0
0	134	0	106	25	0	3
0	134	0	110	25	0	3
0	134	0	96	24	0	0
0	134	0	97	24	0	0
0	134	0	98	24	0	5
0	134	0	99	24	0	2
0	134	0	100	24	0	9
0	134	0	101	24	0	9
0	134	0	102	24	0	10
0	134	0	103	24	0	0
0	134	0	104	24	0	1
0	134	0	105	24	0	0
0	134	0	107	24	0	1
0	134	0	96	23	0	1
0	134	0	97	23	0	11
0	134	0	98	23	0	4
0	134	0	99	23	0	5
0	134	0	100	23	0	8
0	134	0	101	23	0	2
0	134	0	102	23	0	7
0	134	0	103	23	0	2
0	134	0	104	23	0	1
0	134	0	96	22	0	3
0	134	0	97	22	0	7
0	134	0	98	22	0	6
0	134	0	99	22	0	7
0	134	0	100	22	0	0
0	134	0	101	22	0	0
0	134	0	102	22	0	5
0	134	0	103	22	0	0
0	134	0	104	22	0	0
0	134	0	100	21	0	1
0	134	0	101	21	0	4
0	134	0	102	21	0	0
0	134	0	103	21	0	5
0	134	0	104	21	0	5
0	134	0	105	21	0	2
0	134	0	101	20	0	7
0	134	0	104	20	0	8
0	134	0	103	19	0	5
0	134	0	104	19	0	1
0	135	0	95	73	0	1
0	135	0	95	72	0	6
0	135	0	96	72	0	11
0	135	0	97	72	0	13
0	135	0	98	72	0	8
0	135	0	99	72	0	6
0	135	0	100	72	0	7
0	135	0	90	71	0	2
0	135	0	91	71	0	5
0	135	0	92	71	0	12
0	135	0	93	71	0	2
0	135	0	94	71	0	9
0	135	0	95	71	0	3
0	135	0	96	71	0	11
0	135	0	97	71	0	3
0	135	0	98	71	0	8
0	135	0	99	71	0	7
0	135	0	100	71	0	13
0	135	0	101	71	0	9
0	135	0	102	71	0	5
0	135	0	89	70	0	8
0	135	0	90	70	0	7
0	135	0	91	70	0	14
0	135	0	92	70	0	5
0	135	0	93	70	0	10
0	135	0	94	70	0	5
0	135	0	95	70	0	5
0	135	0	96	70	0	7
0	135	0	97	70	0	9
0	135	0	98	70	0	8
0	135	0	99	70	0	11
0	135	0	100	70	0	3
0	135	0	101	70	0	7
0	135	0	102	70	0	10
0	135	0	87	69	0	5
0	135	0	88	69	0	3
0	135	0	89	69	0	4
0	135	0	90	69	0	0
0	135	0	91	69	0	16
0	135	0	92	69	0	15
0	135	0	93	69	0	6
0	135	0	94	69	0	11
0	135	0	95	69	0	10
0	135	0	96	69	0	7
0	135	0	97	69	0	6
0	135	0	98	69	0	19
0	135	0	99	69	0	7
0	135	0	100	69	0	10
0	135	0	101	69	0	7
0	135	0	102	69	0	5
0	135	0	86	68	0	6
0	135	0	87	68	0	3
0	135	0	88	68	0	6
0	135	0	89	68	0	8
0	135	0	90	68	0	5
0	135	0	91	68	0	4
0	135	0	92	68	0	11
0	135	0	93	68	0	5
0	135	0	94	68	0	2
0	135	0	95	68	0	10
0	135	0	96	68	0	13
0	135	0	97	68	0	18
0	135	0	98	68	0	5
0	135	0	99	68	0	10
0	135	0	100	68	0	16
0	135	0	101	68	0	5
0	135	0	102	68	0	6
0	135	0	86	67	0	5
0	135	0	87	67	0	13
0	135	0	88	67	0	6
0	135	0	89	67	0	2
0	135	0	90	67	0	7
0	135	0	91	67	0	13
0	135	0	92	67	0	16
0	135	0	93	67	0	9
0	135	0	94	67	0	8
0	135	0	95	67	0	15
0	135	0	96	67	0	8
0	135	0	97	67	0	5
0	135	0	98	67	0	3
0	135	0	99	67	0	7
0	135	0	100	67	0	13
0	135	0	101	67	0	11
0	135	0	102	67	0	11
0	135	0	87	66	0	2
0	135	0	88	66	0	9
0	135	0	89	66	0	3
0	135	0	90	66	0	10
0	135	0	91	66	0	15
0	135	0	92	66	0	5
0	135	0	93	66	0	9
0	135	0	94	66	0	17
0	135	0	95	66	0	3
0	135	0	96	66	0	11
0	135	0	97	66	0	8
0	135	0	98	66	0	2
0	135	0	99	66	0	9
0	135	0	100	66	0	12
0	135	0	101	66	0	12
0	135	0	102	66	0	3
0	135	0	87	65	0	1
0	135	0	88	65	0	6
0	135	0	89	65	0	5
0	135	0	90	65	0	16
0	135	0	91	65	0	4
0	135	0	92	65	0	10
0	135	0	93	65	0	14
0	135	0	94	65	0	10
0	135	0	95	65	0	7
0	135	0	96	65	0	18
0	135	0	97	65	0	10
0	135	0	98	65	0	11
0	135	0	99	65	0	6
0	135	0	100	65	0	8
0	135	0	101	65	0	11
0	135	0	102	65	0	5
0	135	0	103	65	0	0
0	135	0	87	64	0	7
0	135	0	88	64	0	4
0	135	0	89	64	0	9
0	135	0	90	64	0	7
0	135	0	91	64	0	7
0	135	0	92	64	0	16
0	135	0	93	64	0	12
0	135	0	94	64	0	10
0	135	0	95	64	0	12
0	135	0	96	64	0	7
0	135	0	97	64	0	11
0	135	0	98	64	0	9
0	135	0	99	64	0	3
0	135	0	100	64	0	7
0	135	0	101	64	0	5
0	135	0	102	64	0	6
0	135	0	103	64	0	6
0	135	0	86	63	0	0
0	135	0	87	63	0	4
0	135	0	88	63	0	7
0	135	0	89	63	0	11
0	135	0	90	63	0	8
0	135	0	91	63	0	13
0	135	0	92	63	0	12
0	135	0	93	63	0	2
0	135	0	94	63	0	5
0	135	0	95	63	0	9
0	135	0	96	63	0	13
0	135	0	97	63	0	10
0	135	0	98	63	0	11
0	135	0	99	63	0	5
0	135	0	100	63	0	10
0	135	0	101	63	0	2
0	135	0	102	63	0	4
0	135	0	103	63	0	6
0	135	0	87	62	0	5
0	135	0	88	62	0	0
0	135	0	89	62	0	0
0	135	0	90	62	0	3
0	135	0	91	62	0	10
0	135	0	92	62	0	6
0	135	0	93	62	0	6
0	135	0	94	62	0	4
0	135	0	95	62	0	3
0	135	0	96	62	0	10
0	135	0	97	62	0	9
0	135	0	98	62	0	8
0	135	0	99	62	0	4
0	135	0	100	62	0	11
0	135	0	101	62	0	10
0	135	0	102	62	0	8
0	135	0	87	61	0	4
0	135	0	88	61	0	8
0	135	0	89	61	0	9
0	135	0	90	61	0	8
0	135	0	91	61	0	3
0	135	0	92	61	0	8
0	135	0	93	61	0	12
0	135	0	94	61	0	15
0	135	0	95	61	0	13
0	135	0	96	61	0	0
0	135	0	97	61	0	14
0	135	0	98	61	0	3
0	135	0	99	61	0	6
0	135	0	100	61	0	10
0	135	0	88	60	0	7
0	135	0	89	60	0	0
0	135	0	90	60	0	11
0	135	0	91	60	0	6
0	135	0	92	60	0	6
0	135	0	93	60	0	7
0	135	0	94	60	0	3
0	135	0	95	60	0	11
0	135	0	96	60	0	7
0	135	0	88	59	0	9
0	135	0	89	59	0	8
0	135	0	90	59	0	2
0	135	0	91	59	0	5
0	135	0	92	59	0	8
0	135	0	93	59	0	21
0	135	0	94	59	0	2
0	135	0	95	59	0	4
0	135	0	89	58	0	10
0	135	0	90	58	0	0
0	135	0	91	58	0	2
0	135	0	92	58	0	6
0	135	0	93	58	0	12
0	135	0	94	58	0	4
0	135	0	91	57	0	7
0	135	0	92	57	0	7
0	135	0	93	57	0	6
0	135	0	96	55	0	3
0	135	0	94	54	0	9
0	135	0	95	54	0	9
0	135	0	96	54	0	9
0	135	0	97	54	0	8
0	135	0	101	54	0	8
0	135	0	102	54	0	8
0	135	0	103	54	0	7
0	135	0	104	54	0	5
0	135	0	93	53	0	1
0	135	0	94	53	0	9
0	135	0	95	53	0	9
0	135	0	96	53	0	6
0	135	0	97	53	0	10
0	135	0	98	53	0	7
0	135	0	99	53	0	8
0	135	0	100	53	0	8
0	135	0	101	53	0	6
0	135	0	102	53	0	8
0	135	0	103	53	0	6
0	135	0	104	53	0	0
0	135	0	105	53	0	8
0	135	0	106	53	0	10
0	135	0	93	52	0	5
0	135	0	94	52	0	14
0	135	0	95	52	0	10
0	135	0	96	52	0	11
0	135	0	97	52	0	11
0	135	0	98	52	0	8
0	135	0	99	52	0	9
0	135	0	100	52	0	13
0	135	0	101	52	0	11
0	135	0	102	52	0	3
0	135	0	103	52	0	2
0	135	0	104	52	0	8
0	135	0	105	52	0	10
0	135	0	106	52	0	4
0	135	0	107	52	0	6
0	135	0	93	51	0	2
0	135	0	94	51	0	16
0	135	0	95	51	0	1
0	135	0	96	51	0	12
0	135	0	97	51	0	6
0	135	0	98	51	0	12
0	135	0	99	51	0	10
0	135	0	100	51	0	8
0	135	0	101	51	0	7
0	135	0	102	51	0	13
0	135	0	103	51	0	7
0	135	0	104	51	0	11
0	135	0	105	51	0	9
0	135	0	106	51	0	5
0	135	0	107	51	0	4
0	135	0	93	50	0	9
0	135	0	94	50	0	12
0	135	0	95	50	0	3
0	135	0	96	50	0	9
0	135	0	97	50	0	7
0	135	0	98	50	0	3
0	135	0	99	50	0	6
0	135	0	100	50	0	3
0	135	0	101	50	0	4
0	135	0	102	50	0	9
0	135	0	103	50	0	11
0	135	0	104	50	0	2
0	135	0	105	50	0	12
0	135	0	106	50	0	4
0	135	0	107	50	0	5
0	135	0	93	49	0	0
0	135	0	94	49	0	11
0	135	0	95	49	0	4
0	135	0	96	49	0	13
0	135	0	97	49	0	9
0	135	0	98	49	0	10
0	135	0	99	49	0	9
0	135	0	100	49	0	9
0	135	0	101	49	0	7
0	135	0	102	49	0	7
0	135	0	103	49	0	6
0	135	0	104	49	0	10
0	135	0	105	49	0	17
0	135	0	106	49	0	3
0	135	0	107	49	0	9
0	135	0	108	49	0	6
0	135	0	114	49	0	10
0	135	0	94	48	0	11
0	135	0	95	48	0	6
0	135	0	96	48	0	14
0	135	0	97	48	0	6
0	135	0	98	48	0	17
0	135	0	99	48	0	3
0	135	0	100	48	0	16
0	135	0	101	48	0	3
0	135	0	102	48	0	13
0	135	0	103	48	0	11
0	135	0	104	48	0	7
0	135	0	105	48	0	6
0	135	0	106	48	0	2
0	135	0	107	48	0	12
0	135	0	110	48	0	10
0	135	0	111	48	0	7
0	135	0	112	48	0	14
0	135	0	113	48	0	2
0	135	0	114	48	0	9
0	135	0	115	48	0	6
0	135	0	94	47	0	7
0	135	0	95	47	0	12
0	135	0	96	47	0	11
0	135	0	97	47	0	9
0	135	0	98	47	0	14
0	135	0	99	47	0	12
0	135	0	100	47	0	7
0	135	0	101	47	0	4
0	135	0	102	47	0	5
0	135	0	103	47	0	15
0	135	0	104	47	0	12
0	135	0	105	47	0	11
0	135	0	106	47	0	5
0	135	0	107	47	0	6
0	135	0	109	47	0	4
0	135	0	110	47	0	5
0	135	0	111	47	0	4
0	135	0	112	47	0	11
0	135	0	113	47	0	8
0	135	0	114	47	0	9
0	135	0	115	47	0	1
0	135	0	116	47	0	12
0	135	0	117	47	0	6
0	135	0	93	46	0	7
0	135	0	94	46	0	5
0	135	0	95	46	0	11
0	135	0	96	46	0	11
0	135	0	97	46	0	12
0	135	0	98	46	0	13
0	135	0	99	46	0	11
0	135	0	100	46	0	6
0	135	0	101	46	0	11
0	135	0	102	46	0	7
0	135	0	103	46	0	6
0	135	0	104	46	0	4
0	135	0	105	46	0	6
0	135	0	106	46	0	7
0	135	0	107	46	0	2
0	135	0	110	46	0	8
0	135	0	111	46	0	6
0	135	0	112	46	0	8
0	135	0	113	46	0	1
0	135	0	114	46	0	8
0	135	0	115	46	0	10
0	135	0	116	46	0	8
0	135	0	117	46	0	2
0	135	0	93	45	0	9
0	135	0	94	45	0	5
0	135	0	95	45	0	6
0	135	0	96	45	0	9
0	135	0	97	45	0	5
0	135	0	98	45	0	15
0	135	0	99	45	0	3
0	135	0	100	45	0	9
0	135	0	101	45	0	5
0	135	0	102	45	0	3
0	135	0	103	45	0	8
0	135	0	104	45	0	7
0	135	0	106	45	0	12
0	135	0	110	45	0	5
0	135	0	111	45	0	2
0	135	0	112	45	0	9
0	135	0	113	45	0	6
0	135	0	114	45	0	11
0	135	0	115	45	0	0
0	135	0	116	45	0	15
0	135	0	117	45	0	3
0	135	0	118	45	0	18
0	135	0	94	44	0	7
0	135	0	95	44	0	10
0	135	0	96	44	0	5
0	135	0	97	44	0	8
0	135	0	98	44	0	6
0	135	0	99	44	0	2
0	135	0	100	44	0	12
0	135	0	101	44	0	14
0	135	0	102	44	0	7
0	135	0	111	44	0	8
0	135	0	112	44	0	11
0	135	0	113	44	0	14
0	135	0	114	44	0	9
0	135	0	115	44	0	3
0	135	0	116	44	0	11
0	135	0	117	44	0	10
0	135	0	95	43	0	12
0	135	0	96	43	0	4
0	135	0	97	43	0	9
0	135	0	98	43	0	13
0	135	0	99	43	0	7
0	135	0	100	43	0	5
0	135	0	101	43	0	4
0	135	0	111	43	0	6
0	135	0	112	43	0	7
0	135	0	113	43	0	2
0	135	0	114	43	0	5
0	135	0	115	43	0	4
0	135	0	116	43	0	0
0	135	0	117	43	0	1
0	135	0	95	42	0	12
0	135	0	96	42	0	7
0	135	0	97	42	0	6
0	135	0	98	42	0	5
0	135	0	99	42	0	13
0	135	0	100	42	0	17
0	135	0	112	42	0	9
0	135	0	113	42	0	0
0	135	0	114	42	0	12
0	135	0	115	42	0	4
0	135	0	116	42	0	5
0	135	0	95	41	0	4
0	135	0	96	41	0	5
0	135	0	97	41	0	5
0	135	0	98	41	0	2
0	135	0	99	41	0	9
0	135	0	113	41	0	6
0	135	0	97	39	0	3
0	135	0	93	38	0	6
0	135	0	94	38	0	16
0	135	0	95	38	0	11
0	135	0	96	38	0	4
0	135	0	97	38	0	16
0	135	0	98	38	0	9
0	135	0	92	37	0	7
0	135	0	93	37	0	6
0	135	0	94	37	0	0
0	135	0	95	37	0	8
0	135	0	96	37	0	8
0	135	0	97	37	0	5
0	135	0	98	37	0	12
0	135	0	99	37	0	2
0	135	0	100	37	0	13
0	135	0	101	37	0	8
0	135	0	91	36	0	0
0	135	0	92	36	0	10
0	135	0	93	36	0	7
0	135	0	94	36	0	15
0	135	0	95	36	0	10
0	135	0	96	36	0	9
0	135	0	97	36	0	19
0	135	0	98	36	0	8
0	135	0	99	36	0	12
0	135	0	100	36	0	10
0	135	0	101	36	0	12
0	135	0	102	36	0	3
0	135	0	91	35	0	0
0	135	0	92	35	0	3
0	135	0	93	35	0	0
0	135	0	94	35	0	5
0	135	0	95	35	0	5
0	135	0	96	35	0	2
0	135	0	97	35	0	6
0	135	0	98	35	0	5
0	135	0	99	35	0	5
0	135	0	100	35	0	13
0	135	0	101	35	0	8
0	135	0	102	35	0	4
0	135	0	92	34	0	15
0	135	0	93	34	0	10
0	135	0	94	34	0	18
0	135	0	95	34	0	9
0	135	0	96	34	0	3
0	135	0	97	34	0	8
0	135	0	98	34	0	11
0	135	0	99	34	0	9
0	135	0	100	34	0	7
0	135	0	101	34	0	6
0	135	0	102	34	0	12
0	135	0	103	34	0	3
0	135	0	92	33	0	6
0	135	0	93	33	0	5
0	135	0	94	33	0	8
0	135	0	95	33	0	8
0	135	0	96	33	0	3
0	135	0	97	33	0	12
0	135	0	98	33	0	11
0	135	0	99	33	0	4
0	135	0	100	33	0	8
0	135	0	101	33	0	3
0	135	0	102	33	0	10
0	135	0	103	33	0	7
0	135	0	92	32	0	2
0	135	0	93	32	0	10
0	135	0	94	32	0	16
0	135	0	95	32	0	5
0	135	0	96	32	0	11
0	135	0	97	32	0	9
0	135	0	98	32	0	4
0	135	0	99	32	0	9
0	135	0	100	32	0	13
0	135	0	101	32	0	6
0	135	0	102	32	0	14
0	135	0	103	32	0	4
0	135	0	92	31	0	12
0	135	0	93	31	0	0
0	135	0	94	31	0	7
0	135	0	95	31	0	3
0	135	0	96	31	0	4
0	135	0	97	31	0	11
0	135	0	98	31	0	6
0	135	0	99	31	0	1
0	135	0	100	31	0	7
0	135	0	101	31	0	7
0	135	0	102	31	0	3
0	135	0	103	31	0	9
0	135	0	94	30	0	6
0	135	0	95	30	0	1
0	135	0	96	30	0	3
0	135	0	97	30	0	13
0	135	0	98	30	0	4
0	135	0	99	30	0	6
0	135	0	100	30	0	12
0	135	0	101	30	0	6
0	135	0	102	30	0	10
0	135	0	103	30	0	11
0	135	0	104	30	0	5
0	135	0	95	29	0	17
0	135	0	96	29	0	0
0	135	0	97	29	0	2
0	135	0	98	29	0	1
0	135	0	99	29	0	5
0	135	0	100	29	0	8
0	135	0	101	29	0	14
0	135	0	102	29	0	14
0	135	0	103	29	0	4
0	135	0	104	29	0	0
0	135	0	105	29	0	0
0	135	0	106	29	0	2
0	135	0	107	29	0	3
0	135	0	108	29	0	11
0	135	0	109	29	0	0
0	135	0	95	28	0	0
0	135	0	96	28	0	2
0	135	0	97	28	0	2
0	135	0	98	28	0	9
0	135	0	99	28	0	12
0	135	0	100	28	0	6
0	135	0	101	28	0	10
0	135	0	102	28	0	10
0	135	0	103	28	0	12
0	135	0	104	28	0	7
0	135	0	105	28	0	0
0	135	0	106	28	0	7
0	135	0	107	28	0	9
0	135	0	108	28	0	5
0	135	0	95	27	0	15
0	135	0	96	27	0	4
0	135	0	97	27	0	4
0	135	0	98	27	0	11
0	135	0	99	27	0	10
0	135	0	100	27	0	15
0	135	0	101	27	0	4
0	135	0	102	27	0	3
0	135	0	103	27	0	12
0	135	0	104	27	0	6
0	135	0	105	27	0	0
0	135	0	106	27	0	1
0	135	0	107	27	0	7
0	135	0	108	27	0	1
0	135	0	109	27	0	0
0	135	0	96	26	0	1
0	135	0	97	26	0	1
0	135	0	98	26	0	10
0	135	0	99	26	0	2
0	135	0	100	26	0	3
0	135	0	101	26	0	14
0	135	0	102	26	0	5
0	135	0	103	26	0	2
0	135	0	104	26	0	6
0	135	0	105	26	0	4
0	135	0	107	26	0	3
0	135	0	108	26	0	1
0	135	0	109	26	0	1
0	135	0	97	25	0	1
0	135	0	98	25	0	4
0	135	0	99	25	0	6
0	135	0	100	25	0	5
0	135	0	101	25	0	5
0	135	0	102	25	0	16
0	135	0	103	25	0	15
0	135	0	104	25	0	2
0	135	0	105	25	0	0
0	135	0	106	25	0	4
0	135	0	110	25	0	2
0	135	0	94	24	0	1
0	135	0	96	24	0	0
0	135	0	97	24	0	1
0	135	0	98	24	0	5
0	135	0	99	24	0	5
0	135	0	100	24	0	5
0	135	0	101	24	0	3
0	135	0	102	24	0	12
0	135	0	103	24	0	0
0	135	0	104	24	0	1
0	135	0	105	24	0	0
0	135	0	107	24	0	3
0	135	0	96	23	0	1
0	135	0	97	23	0	5
0	135	0	98	23	0	3
0	135	0	99	23	0	12
0	135	0	100	23	0	10
0	135	0	101	23	0	5
0	135	0	102	23	0	4
0	135	0	103	23	0	1
0	135	0	104	23	0	2
0	135	0	105	23	0	1
0	135	0	96	22	0	3
0	135	0	97	22	0	4
0	135	0	98	22	0	6
0	135	0	99	22	0	12
0	135	0	100	22	0	0
0	135	0	101	22	0	0
0	135	0	102	22	0	7
0	135	0	103	22	0	0
0	135	0	104	22	0	0
0	135	0	100	21	0	2
0	135	0	101	21	0	6
0	135	0	102	21	0	2
0	135	0	103	21	0	4
0	135	0	104	21	0	7
0	135	0	105	21	0	1
0	135	0	101	20	0	12
0	135	0	102	20	0	1
0	135	0	103	20	0	1
0	135	0	104	20	0	8
0	135	0	105	20	0	1
0	135	0	103	19	0	1
0	135	0	104	19	0	0
0	136	0	95	73	0	0
0	136	0	95	72	0	7
0	136	0	96	72	0	6
0	136	0	97	72	0	11
0	136	0	98	72	0	9
0	136	0	99	72	0	12
0	136	0	100	72	0	7
0	136	0	90	71	0	4
0	136	0	91	71	0	9
0	136	0	92	71	0	6
0	136	0	93	71	0	1
0	136	0	94	71	0	9
0	136	0	95	71	0	7
0	136	0	96	71	0	7
0	136	0	97	71	0	4
0	136	0	98	71	0	8
0	136	0	99	71	0	7
0	136	0	100	71	0	16
0	136	0	101	71	0	11
0	136	0	102	71	0	9
0	136	0	89	70	0	9
0	136	0	90	70	0	3
0	136	0	91	70	0	6
0	136	0	92	70	0	11
0	136	0	93	70	0	11
0	136	0	94	70	0	6
0	136	0	95	70	0	4
0	136	0	96	70	0	9
0	136	0	97	70	0	9
0	136	0	98	70	0	8
0	136	0	99	70	0	8
0	136	0	100	70	0	6
0	136	0	101	70	0	9
0	136	0	102	70	0	9
0	136	0	87	69	0	6
0	136	0	88	69	0	8
0	136	0	89	69	0	4
0	136	0	90	69	0	0
0	136	0	91	69	0	12
0	136	0	92	69	0	15
0	136	0	93	69	0	9
0	136	0	94	69	0	12
0	136	0	95	69	0	7
0	136	0	96	69	0	6
0	136	0	97	69	0	7
0	136	0	98	69	0	16
0	136	0	99	69	0	10
0	136	0	100	69	0	12
0	136	0	101	69	0	6
0	136	0	102	69	0	4
0	136	0	86	68	0	10
0	136	0	87	68	0	2
0	136	0	88	68	0	8
0	136	0	89	68	0	8
0	136	0	90	68	0	6
0	136	0	91	68	0	8
0	136	0	92	68	0	8
0	136	0	93	68	0	10
0	136	0	94	68	0	1
0	136	0	95	68	0	8
0	136	0	96	68	0	13
0	136	0	97	68	0	12
0	136	0	98	68	0	9
0	136	0	99	68	0	11
0	136	0	100	68	0	9
0	136	0	101	68	0	7
0	136	0	102	68	0	4
0	136	0	86	67	0	7
0	136	0	87	67	0	6
0	136	0	88	67	0	3
0	136	0	89	67	0	2
0	136	0	90	67	0	8
0	136	0	91	67	0	9
0	136	0	92	67	0	9
0	136	0	93	67	0	17
0	136	0	94	67	0	8
0	136	0	95	67	0	8
0	136	0	96	67	0	7
0	136	0	97	67	0	8
0	136	0	98	67	0	1
0	136	0	99	67	0	6
0	136	0	100	67	0	13
0	136	0	101	67	0	12
0	136	0	102	67	0	10
0	136	0	87	66	0	1
0	136	0	88	66	0	8
0	136	0	89	66	0	8
0	136	0	90	66	0	7
0	136	0	91	66	0	11
0	136	0	92	66	0	3
0	136	0	93	66	0	8
0	136	0	94	66	0	10
0	136	0	95	66	0	3
0	136	0	96	66	0	10
0	136	0	97	66	0	12
0	136	0	98	66	0	7
0	136	0	99	66	0	5
0	136	0	100	66	0	13
0	136	0	101	66	0	11
0	136	0	102	66	0	3
0	136	0	87	65	0	2
0	136	0	88	65	0	6
0	136	0	89	65	0	10
0	136	0	90	65	0	17
0	136	0	91	65	0	4
0	136	0	92	65	0	10
0	136	0	93	65	0	14
0	136	0	94	65	0	12
0	136	0	95	65	0	6
0	136	0	96	65	0	16
0	136	0	97	65	0	9
0	136	0	98	65	0	7
0	136	0	99	65	0	10
0	136	0	100	65	0	12
0	136	0	101	65	0	16
0	136	0	102	65	0	2
0	136	0	103	65	0	0
0	136	0	87	64	0	4
0	136	0	88	64	0	2
0	136	0	89	64	0	14
0	136	0	90	64	0	10
0	136	0	91	64	0	9
0	136	0	92	64	0	14
0	136	0	93	64	0	12
0	136	0	94	64	0	3
0	136	0	95	64	0	15
0	136	0	96	64	0	3
0	136	0	97	64	0	7
0	136	0	98	64	0	11
0	136	0	99	64	0	5
0	136	0	100	64	0	10
0	136	0	101	64	0	1
0	136	0	102	64	0	6
0	136	0	103	64	0	6
0	136	0	86	63	0	0
0	136	0	87	63	0	6
0	136	0	88	63	0	4
0	136	0	89	63	0	16
0	136	0	90	63	0	7
0	136	0	91	63	0	9
0	136	0	92	63	0	20
0	136	0	93	63	0	1
0	136	0	94	63	0	6
0	136	0	95	63	0	10
0	136	0	96	63	0	9
0	136	0	97	63	0	5
0	136	0	98	63	0	7
0	136	0	99	63	0	3
0	136	0	100	63	0	7
0	136	0	101	63	0	2
0	136	0	102	63	0	6
0	136	0	103	63	0	9
0	136	0	87	62	0	12
0	136	0	88	62	0	1
0	136	0	89	62	0	0
0	136	0	90	62	0	4
0	136	0	91	62	0	9
0	136	0	92	62	0	2
0	136	0	93	62	0	4
0	136	0	94	62	0	3
0	136	0	95	62	0	4
0	136	0	96	62	0	11
0	136	0	97	62	0	12
0	136	0	98	62	0	11
0	136	0	99	62	0	7
0	136	0	100	62	0	14
0	136	0	101	62	0	6
0	136	0	102	62	0	8
0	136	0	87	61	0	7
0	136	0	88	61	0	6
0	136	0	89	61	0	6
0	136	0	90	61	0	5
0	136	0	91	61	0	7
0	136	0	92	61	0	5
0	136	0	93	61	0	9
0	136	0	94	61	0	15
0	136	0	95	61	0	7
0	136	0	96	61	0	1
0	136	0	97	61	0	9
0	136	0	98	61	0	0
0	136	0	99	61	0	6
0	136	0	100	61	0	8
0	136	0	88	60	0	2
0	136	0	89	60	0	1
0	136	0	90	60	0	10
0	136	0	91	60	0	5
0	136	0	92	60	0	8
0	136	0	93	60	0	3
0	136	0	94	60	0	9
0	136	0	95	60	0	6
0	136	0	96	60	0	3
0	136	0	88	59	0	3
0	136	0	89	59	0	8
0	136	0	90	59	0	0
0	136	0	91	59	0	2
0	136	0	92	59	0	7
0	136	0	93	59	0	10
0	136	0	94	59	0	5
0	136	0	95	59	0	5
0	136	0	89	58	0	6
0	136	0	90	58	0	0
0	136	0	91	58	0	0
0	136	0	92	58	0	6
0	136	0	93	58	0	8
0	136	0	94	58	0	6
0	136	0	91	57	0	10
0	136	0	92	57	0	7
0	136	0	93	57	0	6
0	136	0	96	55	0	3
0	136	0	94	54	0	7
0	136	0	95	54	0	9
0	136	0	96	54	0	8
0	136	0	97	54	0	7
0	136	0	101	54	0	8
0	136	0	102	54	0	4
0	136	0	103	54	0	7
0	136	0	104	54	0	12
0	136	0	93	53	0	1
0	136	0	94	53	0	10
0	136	0	95	53	0	11
0	136	0	96	53	0	11
0	136	0	97	53	0	4
0	136	0	98	53	0	9
0	136	0	99	53	0	7
0	136	0	100	53	0	6
0	136	0	101	53	0	8
0	136	0	102	53	0	10
0	136	0	103	53	0	6
0	136	0	104	53	0	0
0	136	0	105	53	0	7
0	136	0	106	53	0	14
0	136	0	93	52	0	7
0	136	0	94	52	0	11
0	136	0	95	52	0	6
0	136	0	96	52	0	10
0	136	0	97	52	0	15
0	136	0	98	52	0	18
0	136	0	99	52	0	10
0	136	0	100	52	0	7
0	136	0	101	52	0	6
0	136	0	102	52	0	2
0	136	0	103	52	0	2
0	136	0	104	52	0	9
0	136	0	105	52	0	15
0	136	0	106	52	0	5
0	136	0	107	52	0	7
0	136	0	93	51	0	4
0	136	0	94	51	0	15
0	136	0	95	51	0	0
0	136	0	96	51	0	12
0	136	0	97	51	0	8
0	136	0	98	51	0	5
0	136	0	99	51	0	10
0	136	0	100	51	0	7
0	136	0	101	51	0	10
0	136	0	102	51	0	10
0	136	0	103	51	0	16
0	136	0	104	51	0	12
0	136	0	105	51	0	7
0	136	0	106	51	0	6
0	136	0	107	51	0	6
0	136	0	93	50	0	7
0	136	0	94	50	0	10
0	136	0	95	50	0	5
0	136	0	96	50	0	10
0	136	0	97	50	0	3
0	136	0	98	50	0	3
0	136	0	99	50	0	6
0	136	0	100	50	0	5
0	136	0	101	50	0	5
0	136	0	102	50	0	4
0	136	0	103	50	0	12
0	136	0	104	50	0	3
0	136	0	105	50	0	11
0	136	0	106	50	0	3
0	136	0	107	50	0	4
0	136	0	93	49	0	0
0	136	0	94	49	0	6
0	136	0	95	49	0	4
0	136	0	96	49	0	10
0	136	0	97	49	0	10
0	136	0	98	49	0	6
0	136	0	99	49	0	7
0	136	0	100	49	0	4
0	136	0	101	49	0	5
0	136	0	102	49	0	5
0	136	0	103	49	0	4
0	136	0	104	49	0	9
0	136	0	105	49	0	17
0	136	0	106	49	0	5
0	136	0	107	49	0	6
0	136	0	108	49	0	4
0	136	0	114	49	0	4
0	136	0	94	48	0	9
0	136	0	95	48	0	3
0	136	0	96	48	0	11
0	136	0	97	48	0	13
0	136	0	98	48	0	11
0	136	0	99	48	0	4
0	136	0	100	48	0	11
0	136	0	101	48	0	4
0	136	0	102	48	0	6
0	136	0	103	48	0	11
0	136	0	104	48	0	10
0	136	0	105	48	0	4
0	136	0	106	48	0	0
0	136	0	107	48	0	16
0	136	0	110	48	0	8
0	136	0	111	48	0	4
0	136	0	112	48	0	12
0	136	0	113	48	0	2
0	136	0	114	48	0	14
0	136	0	115	48	0	5
0	136	0	94	47	0	8
0	136	0	95	47	0	13
0	136	0	96	47	0	9
0	136	0	97	47	0	10
0	136	0	98	47	0	10
0	136	0	99	47	0	7
0	136	0	100	47	0	9
0	136	0	101	47	0	10
0	136	0	102	47	0	9
0	136	0	103	47	0	15
0	136	0	104	47	0	10
0	136	0	105	47	0	6
0	136	0	106	47	0	9
0	136	0	107	47	0	5
0	136	0	109	47	0	8
0	136	0	110	47	0	5
0	136	0	111	47	0	2
0	136	0	112	47	0	10
0	136	0	113	47	0	10
0	136	0	114	47	0	10
0	136	0	115	47	0	0
0	136	0	116	47	0	12
0	136	0	117	47	0	5
0	136	0	93	46	0	7
0	136	0	94	46	0	2
0	136	0	95	46	0	11
0	136	0	96	46	0	17
0	136	0	97	46	0	15
0	136	0	98	46	0	17
0	136	0	99	46	0	12
0	136	0	100	46	0	8
0	136	0	101	46	0	8
0	136	0	102	46	0	9
0	136	0	103	46	0	10
0	136	0	104	46	0	4
0	136	0	105	46	0	7
0	136	0	106	46	0	13
0	136	0	107	46	0	5
0	136	0	110	46	0	3
0	136	0	111	46	0	6
0	136	0	112	46	0	5
0	136	0	113	46	0	1
0	136	0	114	46	0	9
0	136	0	115	46	0	16
0	136	0	116	46	0	11
0	136	0	117	46	0	5
0	136	0	93	45	0	9
0	136	0	94	45	0	9
0	136	0	95	45	0	8
0	136	0	96	45	0	12
0	136	0	97	45	0	9
0	136	0	98	45	0	15
0	136	0	99	45	0	1
0	136	0	100	45	0	6
0	136	0	101	45	0	14
0	136	0	102	45	0	5
0	136	0	103	45	0	7
0	136	0	104	45	0	8
0	136	0	106	45	0	5
0	136	0	110	45	0	6
0	136	0	111	45	0	1
0	136	0	112	45	0	5
0	136	0	113	45	0	8
0	136	0	114	45	0	13
0	136	0	115	45	0	0
0	136	0	116	45	0	14
0	136	0	117	45	0	4
0	136	0	118	45	0	9
0	136	0	94	44	0	10
0	136	0	95	44	0	8
0	136	0	96	44	0	7
0	136	0	97	44	0	9
0	136	0	98	44	0	6
0	136	0	99	44	0	3
0	136	0	100	44	0	13
0	136	0	101	44	0	11
0	136	0	102	44	0	17
0	136	0	111	44	0	7
0	136	0	112	44	0	12
0	136	0	113	44	0	13
0	136	0	114	44	0	11
0	136	0	115	44	0	4
0	136	0	116	44	0	12
0	136	0	117	44	0	10
0	136	0	95	43	0	7
0	136	0	96	43	0	6
0	136	0	97	43	0	7
0	136	0	98	43	0	10
0	136	0	99	43	0	5
0	136	0	100	43	0	6
0	136	0	101	43	0	6
0	136	0	111	43	0	4
0	136	0	112	43	0	9
0	136	0	113	43	0	1
0	136	0	114	43	0	6
0	136	0	115	43	0	7
0	136	0	116	43	0	0
0	136	0	117	43	0	3
0	136	0	95	42	0	15
0	136	0	96	42	0	14
0	136	0	97	42	0	7
0	136	0	98	42	0	5
0	136	0	99	42	0	14
0	136	0	100	42	0	9
0	136	0	112	42	0	11
0	136	0	113	42	0	1
0	136	0	114	42	0	7
0	136	0	115	42	0	5
0	136	0	116	42	0	9
0	136	0	95	41	0	7
0	136	0	96	41	0	5
0	136	0	97	41	0	6
0	136	0	98	41	0	3
0	136	0	99	41	0	6
0	136	0	113	41	0	11
0	136	0	97	39	0	5
0	136	0	93	38	0	9
0	136	0	94	38	0	8
0	136	0	95	38	0	13
0	136	0	96	38	0	6
0	136	0	97	38	0	12
0	136	0	98	38	0	10
0	136	0	92	37	0	8
0	136	0	93	37	0	8
0	136	0	94	37	0	0
0	136	0	95	37	0	6
0	136	0	96	37	0	10
0	136	0	97	37	0	6
0	136	0	98	37	0	11
0	136	0	99	37	0	6
0	136	0	100	37	0	11
0	136	0	101	37	0	3
0	136	0	91	36	0	1
0	136	0	92	36	0	10
0	136	0	93	36	0	6
0	136	0	94	36	0	18
0	136	0	95	36	0	12
0	136	0	96	36	0	9
0	136	0	97	36	0	19
0	136	0	98	36	0	7
0	136	0	99	36	0	15
0	136	0	100	36	0	13
0	136	0	101	36	0	15
0	136	0	102	36	0	3
0	136	0	91	35	0	0
0	136	0	92	35	0	5
0	136	0	93	35	0	1
0	136	0	94	35	0	4
0	136	0	95	35	0	7
0	136	0	96	35	0	3
0	136	0	97	35	0	4
0	136	0	98	35	0	2
0	136	0	99	35	0	10
0	136	0	100	35	0	12
0	136	0	101	35	0	7
0	136	0	102	35	0	4
0	136	0	92	34	0	12
0	136	0	93	34	0	12
0	136	0	94	34	0	20
0	136	0	95	34	0	15
0	136	0	96	34	0	3
0	136	0	97	34	0	7
0	136	0	98	34	0	16
0	136	0	99	34	0	12
0	136	0	100	34	0	7
0	136	0	101	34	0	8
0	136	0	102	34	0	15
0	136	0	103	34	0	2
0	136	0	92	33	0	5
0	136	0	93	33	0	3
0	136	0	94	33	0	9
0	136	0	95	33	0	2
0	136	0	96	33	0	7
0	136	0	97	33	0	17
0	136	0	98	33	0	10
0	136	0	99	33	0	6
0	136	0	100	33	0	7
0	136	0	101	33	0	5
0	136	0	102	33	0	10
0	136	0	103	33	0	14
0	136	0	92	32	0	1
0	136	0	93	32	0	10
0	136	0	94	32	0	15
0	136	0	95	32	0	5
0	136	0	96	32	0	11
0	136	0	97	32	0	5
0	136	0	98	32	0	11
0	136	0	99	32	0	12
0	136	0	100	32	0	9
0	136	0	101	32	0	6
0	136	0	102	32	0	12
0	136	0	103	32	0	6
0	136	0	92	31	0	13
0	136	0	93	31	0	0
0	136	0	94	31	0	7
0	136	0	95	31	0	2
0	136	0	96	31	0	5
0	136	0	97	31	0	14
0	136	0	98	31	0	9
0	136	0	99	31	0	4
0	136	0	100	31	0	12
0	136	0	101	31	0	10
0	136	0	102	31	0	3
0	136	0	103	31	0	11
0	136	0	94	30	0	11
0	136	0	95	30	0	3
0	136	0	96	30	0	7
0	136	0	97	30	0	14
0	136	0	98	30	0	6
0	136	0	99	30	0	7
0	136	0	100	30	0	10
0	136	0	101	30	0	1
0	136	0	102	30	0	7
0	136	0	103	30	0	5
0	136	0	104	30	0	5
0	136	0	107	30	0	1
0	136	0	95	29	0	14
0	136	0	96	29	0	1
0	136	0	97	29	0	1
0	136	0	98	29	0	3
0	136	0	99	29	0	2
0	136	0	100	29	0	14
0	136	0	101	29	0	14
0	136	0	102	29	0	7
0	136	0	103	29	0	2
0	136	0	104	29	0	0
0	136	0	105	29	0	0
0	136	0	106	29	0	3
0	136	0	107	29	0	0
0	136	0	108	29	0	10
0	136	0	109	29	0	0
0	136	0	95	28	0	0
0	136	0	96	28	0	1
0	136	0	97	28	0	1
0	136	0	98	28	0	9
0	136	0	99	28	0	8
0	136	0	100	28	0	6
0	136	0	101	28	0	7
0	136	0	102	28	0	13
0	136	0	103	28	0	8
0	136	0	104	28	0	5
0	136	0	105	28	0	0
0	136	0	106	28	0	6
0	136	0	107	28	0	6
0	136	0	108	28	0	3
0	136	0	95	27	0	15
0	136	0	96	27	0	5
0	136	0	97	27	0	6
0	136	0	98	27	0	13
0	136	0	99	27	0	5
0	136	0	100	27	0	13
0	136	0	101	27	0	6
0	136	0	102	27	0	1
0	136	0	103	27	0	9
0	136	0	104	27	0	5
0	136	0	105	27	0	2
0	136	0	106	27	0	1
0	136	0	107	27	0	11
0	136	0	108	27	0	0
0	136	0	109	27	0	0
0	136	0	96	26	0	2
0	136	0	97	26	0	2
0	136	0	98	26	0	7
0	136	0	99	26	0	2
0	136	0	100	26	0	5
0	136	0	101	26	0	15
0	136	0	102	26	0	6
0	136	0	103	26	0	3
0	136	0	104	26	0	11
0	136	0	105	26	0	6
0	136	0	106	26	0	1
0	136	0	107	26	0	6
0	136	0	108	26	0	1
0	136	0	109	26	0	2
0	136	0	97	25	0	0
0	136	0	98	25	0	9
0	136	0	99	25	0	2
0	136	0	100	25	0	7
0	136	0	101	25	0	4
0	136	0	102	25	0	14
0	136	0	103	25	0	12
0	136	0	104	25	0	1
0	136	0	105	25	0	0
0	136	0	106	25	0	6
0	136	0	109	25	0	1
0	136	0	110	25	0	3
0	136	0	94	24	0	9
0	136	0	96	24	0	0
0	136	0	97	24	0	1
0	136	0	98	24	0	5
0	136	0	99	24	0	6
0	136	0	100	24	0	5
0	136	0	101	24	0	6
0	136	0	102	24	0	17
0	136	0	103	24	0	0
0	136	0	104	24	0	0
0	136	0	105	24	0	0
0	136	0	107	24	0	5
0	136	0	94	23	0	1
0	136	0	96	23	0	1
0	136	0	97	23	0	9
0	136	0	98	23	0	4
0	136	0	99	23	0	12
0	136	0	100	23	0	10
0	136	0	101	23	0	4
0	136	0	102	23	0	3
0	136	0	103	23	0	1
0	136	0	104	23	0	2
0	136	0	105	23	0	2
0	136	0	107	23	0	1
0	136	0	96	22	0	1
0	136	0	97	22	0	4
0	136	0	98	22	0	12
0	136	0	99	22	0	8
0	136	0	100	22	0	0
0	136	0	101	22	0	0
0	136	0	102	22	0	6
0	136	0	103	22	0	1
0	136	0	104	22	0	1
0	136	0	100	21	0	1
0	136	0	101	21	0	7
0	136	0	102	21	0	2
0	136	0	103	21	0	5
0	136	0	104	21	0	9
0	136	0	105	21	0	1
0	136	0	101	20	0	10
0	136	0	102	20	0	2
0	136	0	103	20	0	0
0	136	0	104	20	0	6
0	136	0	105	20	0	3
0	136	0	103	19	0	0
0	136	0	104	19	0	0
0	137	0	95	73	0	0
0	137	0	95	72	0	11
0	137	0	96	72	0	7
0	137	0	97	72	0	11
0	137	0	98	72	0	10
0	137	0	99	72	0	10
0	137	0	100	72	0	9
0	137	0	90	71	0	3
0	137	0	91	71	0	8
0	137	0	92	71	0	1
0	137	0	93	71	0	1
0	137	0	94	71	0	9
0	137	0	95	71	0	8
0	137	0	96	71	0	8
0	137	0	97	71	0	4
0	137	0	98	71	0	7
0	137	0	99	71	0	8
0	137	0	100	71	0	23
0	137	0	101	71	0	9
0	137	0	102	71	0	10
0	137	0	89	70	0	12
0	137	0	90	70	0	1
0	137	0	91	70	0	5
0	137	0	92	70	0	12
0	137	0	93	70	0	7
0	137	0	94	70	0	4
0	137	0	95	70	0	7
0	137	0	96	70	0	4
0	137	0	97	70	0	6
0	137	0	98	70	0	12
0	137	0	99	70	0	5
0	137	0	100	70	0	7
0	137	0	101	70	0	8
0	137	0	102	70	0	9
0	137	0	87	69	0	8
0	137	0	88	69	0	9
0	137	0	89	69	0	4
0	137	0	90	69	0	2
0	137	0	91	69	0	16
0	137	0	92	69	0	9
0	137	0	93	69	0	10
0	137	0	94	69	0	16
0	137	0	95	69	0	6
0	137	0	96	69	0	6
0	137	0	97	69	0	14
0	137	0	98	69	0	18
0	137	0	99	69	0	8
0	137	0	100	69	0	15
0	137	0	101	69	0	9
0	137	0	102	69	0	3
0	137	0	86	68	0	4
0	137	0	87	68	0	2
0	137	0	88	68	0	8
0	137	0	89	68	0	13
0	137	0	90	68	0	5
0	137	0	91	68	0	5
0	137	0	92	68	0	11
0	137	0	93	68	0	10
0	137	0	94	68	0	0
0	137	0	95	68	0	10
0	137	0	96	68	0	8
0	137	0	97	68	0	8
0	137	0	98	68	0	7
0	137	0	99	68	0	9
0	137	0	100	68	0	9
0	137	0	101	68	0	10
0	137	0	102	68	0	6
0	137	0	86	67	0	4
0	137	0	87	67	0	4
0	137	0	88	67	0	5
0	137	0	89	67	0	4
0	137	0	90	67	0	9
0	137	0	91	67	0	14
0	137	0	92	67	0	4
0	137	0	93	67	0	12
0	137	0	94	67	0	9
0	137	0	95	67	0	8
0	137	0	96	67	0	10
0	137	0	97	67	0	6
0	137	0	98	67	0	1
0	137	0	99	67	0	1
0	137	0	100	67	0	10
0	137	0	101	67	0	8
0	137	0	102	67	0	8
0	137	0	87	66	0	0
0	137	0	88	66	0	12
0	137	0	89	66	0	5
0	137	0	90	66	0	9
0	137	0	91	66	0	7
0	137	0	92	66	0	1
0	137	0	93	66	0	8
0	137	0	94	66	0	12
0	137	0	95	66	0	8
0	137	0	96	66	0	12
0	137	0	97	66	0	9
0	137	0	98	66	0	10
0	137	0	99	66	0	5
0	137	0	100	66	0	15
0	137	0	101	66	0	8
0	137	0	102	66	0	7
0	137	0	87	65	0	6
0	137	0	88	65	0	8
0	137	0	89	65	0	10
0	137	0	90	65	0	11
0	137	0	91	65	0	6
0	137	0	92	65	0	10
0	137	0	93	65	0	12
0	137	0	94	65	0	12
0	137	0	95	65	0	6
0	137	0	96	65	0	14
0	137	0	97	65	0	12
0	137	0	98	65	0	9
0	137	0	99	65	0	11
0	137	0	100	65	0	11
0	137	0	101	65	0	18
0	137	0	102	65	0	2
0	137	0	103	65	0	0
0	137	0	87	64	0	5
0	137	0	88	64	0	6
0	137	0	89	64	0	11
0	137	0	90	64	0	11
0	137	0	91	64	0	6
0	137	0	92	64	0	11
0	137	0	93	64	0	15
0	137	0	94	64	0	3
0	137	0	95	64	0	8
0	137	0	96	64	0	2
0	137	0	97	64	0	10
0	137	0	98	64	0	10
0	137	0	99	64	0	11
0	137	0	100	64	0	8
0	137	0	101	64	0	6
0	137	0	102	64	0	9
0	137	0	103	64	0	2
0	137	0	86	63	0	0
0	137	0	87	63	0	6
0	137	0	88	63	0	6
0	137	0	89	63	0	15
0	137	0	90	63	0	8
0	137	0	91	63	0	11
0	137	0	92	63	0	11
0	137	0	93	63	0	2
0	137	0	94	63	0	11
0	137	0	95	63	0	6
0	137	0	96	63	0	14
0	137	0	97	63	0	7
0	137	0	98	63	0	14
0	137	0	99	63	0	8
0	137	0	100	63	0	4
0	137	0	101	63	0	2
0	137	0	102	63	0	9
0	137	0	103	63	0	10
0	137	0	87	62	0	12
0	137	0	88	62	0	1
0	137	0	89	62	0	0
0	137	0	90	62	0	3
0	137	0	91	62	0	11
0	137	0	92	62	0	1
0	137	0	93	62	0	7
0	137	0	94	62	0	6
0	137	0	95	62	0	5
0	137	0	96	62	0	8
0	137	0	97	62	0	9
0	137	0	98	62	0	9
0	137	0	99	62	0	8
0	137	0	100	62	0	22
0	137	0	101	62	0	4
0	137	0	102	62	0	10
0	137	0	87	61	0	10
0	137	0	88	61	0	2
0	137	0	89	61	0	9
0	137	0	90	61	0	4
0	137	0	91	61	0	10
0	137	0	92	61	0	3
0	137	0	93	61	0	8
0	137	0	94	61	0	9
0	137	0	95	61	0	5
0	137	0	96	61	0	5
0	137	0	97	61	0	12
0	137	0	98	61	0	0
0	137	0	99	61	0	5
0	137	0	100	61	0	6
0	137	0	88	60	0	2
0	137	0	89	60	0	3
0	137	0	90	60	0	9
0	137	0	91	60	0	7
0	137	0	92	60	0	10
0	137	0	93	60	0	5
0	137	0	94	60	0	7
0	137	0	95	60	0	8
0	137	0	96	60	0	2
0	137	0	88	59	0	4
0	137	0	89	59	0	8
0	137	0	90	59	0	1
0	137	0	91	59	0	4
0	137	0	92	59	0	4
0	137	0	93	59	0	10
0	137	0	94	59	0	11
0	137	0	95	59	0	3
0	137	0	89	58	0	8
0	137	0	90	58	0	0
0	137	0	91	58	0	1
0	137	0	92	58	0	4
0	137	0	93	58	0	16
0	137	0	94	58	0	9
0	137	0	91	57	0	15
0	137	0	92	57	0	6
0	137	0	93	57	0	3
0	137	0	96	55	0	2
0	137	0	94	54	0	9
0	137	0	95	54	0	2
0	137	0	96	54	0	7
0	137	0	97	54	0	8
0	137	0	101	54	0	3
0	137	0	102	54	0	7
0	137	0	103	54	0	10
0	137	0	104	54	0	8
0	137	0	93	53	0	4
0	137	0	94	53	0	14
0	137	0	95	53	0	5
0	137	0	96	53	0	12
0	137	0	97	53	0	4
0	137	0	98	53	0	7
0	137	0	99	53	0	7
0	137	0	100	53	0	8
0	137	0	101	53	0	8
0	137	0	102	53	0	17
0	137	0	103	53	0	8
0	137	0	104	53	0	2
0	137	0	105	53	0	4
0	137	0	106	53	0	17
0	137	0	93	52	0	7
0	137	0	94	52	0	4
0	137	0	95	52	0	10
0	137	0	96	52	0	10
0	137	0	97	52	0	23
0	137	0	98	52	0	18
0	137	0	99	52	0	9
0	137	0	100	52	0	12
0	137	0	101	52	0	5
0	137	0	102	52	0	3
0	137	0	103	52	0	4
0	137	0	104	52	0	5
0	137	0	105	52	0	9
0	137	0	106	52	0	6
0	137	0	107	52	0	9
0	137	0	93	51	0	0
0	137	0	94	51	0	11
0	137	0	95	51	0	3
0	137	0	96	51	0	15
0	137	0	97	51	0	6
0	137	0	98	51	0	9
0	137	0	99	51	0	13
0	137	0	100	51	0	7
0	137	0	101	51	0	9
0	137	0	102	51	0	5
0	137	0	103	51	0	18
0	137	0	104	51	0	5
0	137	0	105	51	0	11
0	137	0	106	51	0	4
0	137	0	107	51	0	5
0	137	0	93	50	0	15
0	137	0	94	50	0	11
0	137	0	95	50	0	6
0	137	0	96	50	0	11
0	137	0	97	50	0	5
0	137	0	98	50	0	4
0	137	0	99	50	0	5
0	137	0	100	50	0	3
0	137	0	101	50	0	4
0	137	0	102	50	0	7
0	137	0	103	50	0	8
0	137	0	104	50	0	8
0	137	0	105	50	0	9
0	137	0	106	50	0	2
0	137	0	107	50	0	4
0	137	0	93	49	0	2
0	137	0	94	49	0	4
0	137	0	95	49	0	3
0	137	0	96	49	0	10
0	137	0	97	49	0	10
0	137	0	98	49	0	5
0	137	0	99	49	0	8
0	137	0	100	49	0	3
0	137	0	101	49	0	5
0	137	0	102	49	0	8
0	137	0	103	49	0	4
0	137	0	104	49	0	17
0	137	0	105	49	0	9
0	137	0	106	49	0	3
0	137	0	107	49	0	12
0	137	0	108	49	0	6
0	137	0	114	49	0	3
0	137	0	94	48	0	4
0	137	0	95	48	0	3
0	137	0	96	48	0	12
0	137	0	97	48	0	10
0	137	0	98	48	0	8
0	137	0	99	48	0	3
0	137	0	100	48	0	10
0	137	0	101	48	0	3
0	137	0	102	48	0	12
0	137	0	103	48	0	5
0	137	0	104	48	0	16
0	137	0	105	48	0	8
0	137	0	106	48	0	0
0	137	0	107	48	0	15
0	137	0	110	48	0	8
0	137	0	111	48	0	4
0	137	0	112	48	0	12
0	137	0	113	48	0	2
0	137	0	114	48	0	13
0	137	0	115	48	0	4
0	137	0	94	47	0	3
0	137	0	95	47	0	9
0	137	0	96	47	0	9
0	137	0	97	47	0	13
0	137	0	98	47	0	10
0	137	0	99	47	0	15
0	137	0	100	47	0	8
0	137	0	101	47	0	16
0	137	0	102	47	0	8
0	137	0	103	47	0	12
0	137	0	104	47	0	6
0	137	0	105	47	0	9
0	137	0	106	47	0	11
0	137	0	107	47	0	3
0	137	0	109	47	0	10
0	137	0	110	47	0	6
0	137	0	111	47	0	5
0	137	0	112	47	0	10
0	137	0	113	47	0	9
0	137	0	114	47	0	12
0	137	0	115	47	0	1
0	137	0	116	47	0	9
0	137	0	117	47	0	6
0	137	0	93	46	0	5
0	137	0	94	46	0	4
0	137	0	95	46	0	17
0	137	0	96	46	0	12
0	137	0	97	46	0	12
0	137	0	98	46	0	10
0	137	0	99	46	0	9
0	137	0	100	46	0	12
0	137	0	101	46	0	12
0	137	0	102	46	0	8
0	137	0	103	46	0	10
0	137	0	104	46	0	8
0	137	0	105	46	0	6
0	137	0	106	46	0	8
0	137	0	107	46	0	9
0	137	0	110	46	0	5
0	137	0	111	46	0	9
0	137	0	112	46	0	10
0	137	0	113	46	0	3
0	137	0	114	46	0	8
0	137	0	115	46	0	16
0	137	0	116	46	0	13
0	137	0	117	46	0	6
0	137	0	93	45	0	10
0	137	0	94	45	0	8
0	137	0	95	45	0	7
0	137	0	96	45	0	7
0	137	0	97	45	0	8
0	137	0	98	45	0	13
0	137	0	99	45	0	4
0	137	0	100	45	0	4
0	137	0	101	45	0	12
0	137	0	102	45	0	12
0	137	0	103	45	0	3
0	137	0	104	45	0	8
0	137	0	106	45	0	12
0	137	0	110	45	0	6
0	137	0	111	45	0	2
0	137	0	112	45	0	10
0	137	0	113	45	0	8
0	137	0	114	45	0	15
0	137	0	115	45	0	0
0	137	0	116	45	0	18
0	137	0	117	45	0	8
0	137	0	118	45	0	9
0	137	0	94	44	0	8
0	137	0	95	44	0	5
0	137	0	96	44	0	4
0	137	0	97	44	0	12
0	137	0	98	44	0	6
0	137	0	99	44	0	6
0	137	0	100	44	0	12
0	137	0	101	44	0	14
0	137	0	102	44	0	12
0	137	0	111	44	0	7
0	137	0	112	44	0	12
0	137	0	113	44	0	6
0	137	0	114	44	0	11
0	137	0	115	44	0	6
0	137	0	116	44	0	16
0	137	0	117	44	0	13
0	137	0	95	43	0	7
0	137	0	96	43	0	4
0	137	0	97	43	0	16
0	137	0	98	43	0	13
0	137	0	99	43	0	2
0	137	0	100	43	0	4
0	137	0	101	43	0	11
0	137	0	111	43	0	4
0	137	0	112	43	0	12
0	137	0	113	43	0	3
0	137	0	114	43	0	3
0	137	0	115	43	0	9
0	137	0	116	43	0	2
0	137	0	117	43	0	4
0	137	0	95	42	0	14
0	137	0	96	42	0	14
0	137	0	97	42	0	8
0	137	0	98	42	0	6
0	137	0	99	42	0	8
0	137	0	100	42	0	12
0	137	0	112	42	0	13
0	137	0	113	42	0	2
0	137	0	114	42	0	12
0	137	0	115	42	0	6
0	137	0	116	42	0	9
0	137	0	95	41	0	9
0	137	0	96	41	0	8
0	137	0	97	41	0	3
0	137	0	98	41	0	4
0	137	0	99	41	0	9
0	137	0	113	41	0	9
0	137	0	97	39	0	5
0	137	0	93	38	0	8
0	137	0	94	38	0	6
0	137	0	95	38	0	11
0	137	0	96	38	0	2
0	137	0	97	38	0	11
0	137	0	98	38	0	8
0	137	0	92	37	0	6
0	137	0	93	37	0	6
0	137	0	94	37	0	0
0	137	0	95	37	0	4
0	137	0	96	37	0	15
0	137	0	97	37	0	8
0	137	0	98	37	0	14
0	137	0	99	37	0	8
0	137	0	100	37	0	18
0	137	0	101	37	0	5
0	137	0	91	36	0	2
0	137	0	92	36	0	19
0	137	0	93	36	0	6
0	137	0	94	36	0	16
0	137	0	95	36	0	10
0	137	0	96	36	0	6
0	137	0	97	36	0	6
0	137	0	98	36	0	11
0	137	0	99	36	0	19
0	137	0	100	36	0	7
0	137	0	101	36	0	10
0	137	0	102	36	0	3
0	137	0	91	35	0	1
0	137	0	92	35	0	5
0	137	0	93	35	0	3
0	137	0	94	35	0	3
0	137	0	95	35	0	12
0	137	0	96	35	0	5
0	137	0	97	35	0	7
0	137	0	98	35	0	3
0	137	0	99	35	0	9
0	137	0	100	35	0	13
0	137	0	101	35	0	4
0	137	0	102	35	0	6
0	137	0	92	34	0	8
0	137	0	93	34	0	5
0	137	0	94	34	0	16
0	137	0	95	34	0	17
0	137	0	96	34	0	2
0	137	0	97	34	0	3
0	137	0	98	34	0	12
0	137	0	99	34	0	15
0	137	0	100	34	0	6
0	137	0	101	34	0	11
0	137	0	102	34	0	17
0	137	0	103	34	0	4
0	137	0	92	33	0	8
0	137	0	93	33	0	3
0	137	0	94	33	0	6
0	137	0	95	33	0	5
0	137	0	96	33	0	16
0	137	0	97	33	0	11
0	137	0	98	33	0	11
0	137	0	99	33	0	4
0	137	0	100	33	0	5
0	137	0	101	33	0	6
0	137	0	102	33	0	12
0	137	0	103	33	0	11
0	137	0	92	32	0	1
0	137	0	93	32	0	0
0	137	0	94	32	0	10
0	137	0	95	32	0	8
0	137	0	96	32	0	18
0	137	0	97	32	0	8
0	137	0	98	32	0	7
0	137	0	99	32	0	9
0	137	0	100	32	0	7
0	137	0	101	32	0	7
0	137	0	102	32	0	8
0	137	0	103	32	0	6
0	137	0	92	31	0	5
0	137	0	93	31	0	0
0	137	0	94	31	0	7
0	137	0	95	31	0	1
0	137	0	96	31	0	8
0	137	0	97	31	0	12
0	137	0	98	31	0	7
0	137	0	99	31	0	4
0	137	0	100	31	0	12
0	137	0	101	31	0	8
0	137	0	102	31	0	4
0	137	0	103	31	0	14
0	137	0	94	30	0	7
0	137	0	95	30	0	2
0	137	0	96	30	0	9
0	137	0	97	30	0	8
0	137	0	98	30	0	5
0	137	0	99	30	0	8
0	137	0	100	30	0	13
0	137	0	101	30	0	3
0	137	0	102	30	0	6
0	137	0	103	30	0	9
0	137	0	104	30	0	6
0	137	0	107	30	0	1
0	137	0	95	29	0	8
0	137	0	96	29	0	0
0	137	0	97	29	0	2
0	137	0	98	29	0	5
0	137	0	99	29	0	2
0	137	0	100	29	0	14
0	137	0	101	29	0	11
0	137	0	102	29	0	10
0	137	0	103	29	0	4
0	137	0	104	29	0	0
0	137	0	105	29	0	0
0	137	0	106	29	0	5
0	137	0	107	29	0	1
0	137	0	108	29	0	18
0	137	0	109	29	0	0
0	137	0	110	29	0	1
0	137	0	95	28	0	0
0	137	0	96	28	0	4
0	137	0	97	28	0	0
0	137	0	98	28	0	15
0	137	0	99	28	0	8
0	137	0	100	28	0	4
0	137	0	101	28	0	8
0	137	0	102	28	0	7
0	137	0	103	28	0	8
0	137	0	104	28	0	3
0	137	0	105	28	0	0
0	137	0	106	28	0	5
0	137	0	107	28	0	7
0	137	0	108	28	0	1
0	137	0	95	27	0	10
0	137	0	96	27	0	4
0	137	0	97	27	0	7
0	137	0	98	27	0	12
0	137	0	99	27	0	3
0	137	0	100	27	0	8
0	137	0	101	27	0	10
0	137	0	102	27	0	1
0	137	0	103	27	0	6
0	137	0	104	27	0	8
0	137	0	105	27	0	3
0	137	0	106	27	0	0
0	137	0	107	27	0	8
0	137	0	108	27	0	0
0	137	0	109	27	0	0
0	137	0	96	26	0	2
0	137	0	97	26	0	0
0	137	0	98	26	0	6
0	137	0	99	26	0	4
0	137	0	100	26	0	4
0	137	0	101	26	0	8
0	137	0	102	26	0	6
0	137	0	103	26	0	4
0	137	0	104	26	0	13
0	137	0	105	26	0	4
0	137	0	106	26	0	2
0	137	0	107	26	0	5
0	137	0	108	26	0	3
0	137	0	109	26	0	1
0	137	0	97	25	0	0
0	137	0	98	25	0	12
0	137	0	99	25	0	3
0	137	0	100	25	0	10
0	137	0	101	25	0	1
0	137	0	102	25	0	10
0	137	0	103	25	0	7
0	137	0	104	25	0	2
0	137	0	105	25	0	0
0	137	0	106	25	0	3
0	137	0	107	25	0	1
0	137	0	109	25	0	2
0	137	0	110	25	0	10
0	137	0	94	24	0	9
0	137	0	95	24	0	1
0	137	0	96	24	0	0
0	137	0	97	24	0	0
0	137	0	98	24	0	7
0	137	0	99	24	0	2
0	137	0	100	24	0	6
0	137	0	101	24	0	6
0	137	0	102	24	0	14
0	137	0	103	24	0	0
0	137	0	104	24	0	1
0	137	0	105	24	0	1
0	137	0	107	24	0	4
0	137	0	94	23	0	0
0	137	0	96	23	0	2
0	137	0	97	23	0	2
0	137	0	98	23	0	4
0	137	0	99	23	0	13
0	137	0	100	23	0	10
0	137	0	101	23	0	5
0	137	0	102	23	0	7
0	137	0	103	23	0	3
0	137	0	104	23	0	0
0	137	0	105	23	0	5
0	137	0	107	23	0	2
0	137	0	96	22	0	1
0	137	0	97	22	0	1
0	137	0	98	22	0	13
0	137	0	99	22	0	7
0	137	0	100	22	0	0
0	137	0	101	22	0	0
0	137	0	102	22	0	8
0	137	0	103	22	0	2
0	137	0	104	22	0	3
0	137	0	107	22	0	1
0	137	0	95	21	0	1
0	137	0	100	21	0	0
0	137	0	101	21	0	8
0	137	0	102	21	0	1
0	137	0	103	21	0	3
0	137	0	104	21	0	10
0	137	0	105	21	0	1
0	137	0	101	20	0	5
0	137	0	102	20	0	3
0	137	0	103	20	0	0
0	137	0	104	20	0	3
0	137	0	105	20	0	2
0	137	0	103	19	0	1
0	137	0	104	19	0	0
0	138	0	95	73	0	1
0	138	0	95	72	0	10
0	138	0	96	72	0	5
0	138	0	97	72	0	6
0	138	0	98	72	0	10
0	138	0	99	72	0	12
0	138	0	100	72	0	2
0	138	0	90	71	0	3
0	138	0	91	71	0	3
0	138	0	92	71	0	3
0	138	0	93	71	0	0
0	138	0	94	71	0	9
0	138	0	95	71	0	13
0	138	0	96	71	0	3
0	138	0	97	71	0	6
0	138	0	98	71	0	8
0	138	0	99	71	0	2
0	138	0	100	71	0	15
0	138	0	101	71	0	4
0	138	0	102	71	0	9
0	138	0	89	70	0	9
0	138	0	90	70	0	1
0	138	0	91	70	0	5
0	138	0	92	70	0	16
0	138	0	93	70	0	6
0	138	0	94	70	0	5
0	138	0	95	70	0	11
0	138	0	96	70	0	2
0	138	0	97	70	0	7
0	138	0	98	70	0	11
0	138	0	99	70	0	3
0	138	0	100	70	0	7
0	138	0	101	70	0	14
0	138	0	102	70	0	8
0	138	0	87	69	0	3
0	138	0	88	69	0	12
0	138	0	89	69	0	4
0	138	0	90	69	0	2
0	138	0	91	69	0	16
0	138	0	92	69	0	12
0	138	0	93	69	0	12
0	138	0	94	69	0	18
0	138	0	95	69	0	8
0	138	0	96	69	0	9
0	138	0	97	69	0	10
0	138	0	98	69	0	18
0	138	0	99	69	0	8
0	138	0	100	69	0	8
0	138	0	101	69	0	17
0	138	0	102	69	0	7
0	138	0	86	68	0	4
0	138	0	87	68	0	2
0	138	0	88	68	0	8
0	138	0	89	68	0	13
0	138	0	90	68	0	3
0	138	0	91	68	0	10
0	138	0	92	68	0	14
0	138	0	93	68	0	10
0	138	0	94	68	0	2
0	138	0	95	68	0	7
0	138	0	96	68	0	7
0	138	0	97	68	0	11
0	138	0	98	68	0	5
0	138	0	99	68	0	10
0	138	0	100	68	0	5
0	138	0	101	68	0	3
0	138	0	102	68	0	4
0	138	0	86	67	0	5
0	138	0	87	67	0	7
0	138	0	88	67	0	4
0	138	0	89	67	0	5
0	138	0	90	67	0	13
0	138	0	91	67	0	15
0	138	0	92	67	0	6
0	138	0	93	67	0	14
0	138	0	94	67	0	9
0	138	0	95	67	0	14
0	138	0	96	67	0	8
0	138	0	97	67	0	6
0	138	0	98	67	0	2
0	138	0	99	67	0	3
0	138	0	100	67	0	15
0	138	0	101	67	0	10
0	138	0	102	67	0	6
0	138	0	87	66	0	0
0	138	0	88	66	0	9
0	138	0	89	66	0	9
0	138	0	90	66	0	4
0	138	0	91	66	0	6
0	138	0	92	66	0	2
0	138	0	93	66	0	7
0	138	0	94	66	0	10
0	138	0	95	66	0	11
0	138	0	96	66	0	13
0	138	0	97	66	0	14
0	138	0	98	66	0	12
0	138	0	99	66	0	7
0	138	0	100	66	0	11
0	138	0	101	66	0	11
0	138	0	102	66	0	4
0	138	0	87	65	0	8
0	138	0	88	65	0	12
0	138	0	89	65	0	5
0	138	0	90	65	0	9
0	138	0	91	65	0	8
0	138	0	92	65	0	11
0	138	0	93	65	0	10
0	138	0	94	65	0	14
0	138	0	95	65	0	5
0	138	0	96	65	0	5
0	138	0	97	65	0	13
0	138	0	98	65	0	13
0	138	0	99	65	0	9
0	138	0	100	65	0	7
0	138	0	101	65	0	21
0	138	0	102	65	0	4
0	138	0	103	65	0	0
0	138	0	87	64	0	8
0	138	0	88	64	0	9
0	138	0	89	64	0	13
0	138	0	90	64	0	12
0	138	0	91	64	0	2
0	138	0	92	64	0	8
0	138	0	93	64	0	8
0	138	0	94	64	0	2
0	138	0	95	64	0	6
0	138	0	96	64	0	5
0	138	0	97	64	0	9
0	138	0	98	64	0	10
0	138	0	99	64	0	15
0	138	0	100	64	0	6
0	138	0	101	64	0	6
0	138	0	102	64	0	13
0	138	0	103	64	0	5
0	138	0	86	63	0	2
0	138	0	87	63	0	9
0	138	0	88	63	0	11
0	138	0	89	63	0	11
0	138	0	90	63	0	6
0	138	0	91	63	0	8
0	138	0	92	63	0	9
0	138	0	93	63	0	4
0	138	0	94	63	0	4
0	138	0	95	63	0	9
0	138	0	96	63	0	8
0	138	0	97	63	0	9
0	138	0	98	63	0	17
0	138	0	99	63	0	11
0	138	0	100	63	0	3
0	138	0	101	63	0	4
0	138	0	102	63	0	12
0	138	0	103	63	0	16
0	138	0	87	62	0	10
0	138	0	88	62	0	1
0	138	0	89	62	0	0
0	138	0	90	62	0	1
0	138	0	91	62	0	13
0	138	0	92	62	0	4
0	138	0	93	62	0	7
0	138	0	94	62	0	5
0	138	0	95	62	0	5
0	138	0	96	62	0	10
0	138	0	97	62	0	11
0	138	0	98	62	0	8
0	138	0	99	62	0	11
0	138	0	100	62	0	14
0	138	0	101	62	0	1
0	138	0	102	62	0	9
0	138	0	87	61	0	15
0	138	0	88	61	0	2
0	138	0	89	61	0	10
0	138	0	90	61	0	8
0	138	0	91	61	0	12
0	138	0	92	61	0	3
0	138	0	93	61	0	9
0	138	0	94	61	0	8
0	138	0	95	61	0	6
0	138	0	96	61	0	6
0	138	0	97	61	0	15
0	138	0	98	61	0	0
0	138	0	99	61	0	11
0	138	0	100	61	0	8
0	138	0	88	60	0	6
0	138	0	89	60	0	6
0	138	0	90	60	0	8
0	138	0	91	60	0	5
0	138	0	92	60	0	6
0	138	0	93	60	0	2
0	138	0	94	60	0	6
0	138	0	95	60	0	6
0	138	0	96	60	0	5
0	138	0	88	59	0	3
0	138	0	89	59	0	4
0	138	0	90	59	0	6
0	138	0	91	59	0	1
0	138	0	92	59	0	8
0	138	0	93	59	0	17
0	138	0	94	59	0	9
0	138	0	95	59	0	3
0	138	0	89	58	0	10
0	138	0	90	58	0	0
0	138	0	91	58	0	5
0	138	0	92	58	0	5
0	138	0	93	58	0	9
0	138	0	94	58	0	8
0	138	0	91	57	0	11
0	138	0	92	57	0	4
0	138	0	93	57	0	3
0	138	0	96	55	0	3
0	138	0	94	54	0	10
0	138	0	95	54	0	2
0	138	0	96	54	0	8
0	138	0	97	54	0	13
0	138	0	101	54	0	2
0	138	0	102	54	0	10
0	138	0	103	54	0	9
0	138	0	104	54	0	5
0	138	0	93	53	0	3
0	138	0	94	53	0	9
0	138	0	95	53	0	5
0	138	0	96	53	0	18
0	138	0	97	53	0	4
0	138	0	98	53	0	8
0	138	0	99	53	0	11
0	138	0	100	53	0	5
0	138	0	101	53	0	11
0	138	0	102	53	0	12
0	138	0	103	53	0	10
0	138	0	104	53	0	4
0	138	0	105	53	0	4
0	138	0	106	53	0	15
0	138	0	93	52	0	8
0	138	0	94	52	0	4
0	138	0	95	52	0	9
0	138	0	96	52	0	11
0	138	0	97	52	0	18
0	138	0	98	52	0	7
0	138	0	99	52	0	10
0	138	0	100	52	0	6
0	138	0	101	52	0	5
0	138	0	102	52	0	2
0	138	0	103	52	0	3
0	138	0	104	52	0	8
0	138	0	105	52	0	5
0	138	0	106	52	0	6
0	138	0	107	52	0	6
0	138	0	93	51	0	0
0	138	0	94	51	0	14
0	138	0	95	51	0	4
0	138	0	96	51	0	9
0	138	0	97	51	0	6
0	138	0	98	51	0	6
0	138	0	99	51	0	15
0	138	0	100	51	0	4
0	138	0	101	51	0	7
0	138	0	102	51	0	4
0	138	0	103	51	0	17
0	138	0	104	51	0	4
0	138	0	105	51	0	13
0	138	0	106	51	0	4
0	138	0	107	51	0	3
0	138	0	93	50	0	13
0	138	0	94	50	0	19
0	138	0	95	50	0	5
0	138	0	96	50	0	11
0	138	0	97	50	0	4
0	138	0	98	50	0	7
0	138	0	99	50	0	5
0	138	0	100	50	0	5
0	138	0	101	50	0	9
0	138	0	102	50	0	14
0	138	0	103	50	0	7
0	138	0	104	50	0	9
0	138	0	105	50	0	13
0	138	0	106	50	0	3
0	138	0	107	50	0	7
0	138	0	93	49	0	3
0	138	0	94	49	0	1
0	138	0	95	49	0	6
0	138	0	96	49	0	7
0	138	0	97	49	0	12
0	138	0	98	49	0	6
0	138	0	99	49	0	4
0	138	0	100	49	0	6
0	138	0	101	49	0	10
0	138	0	102	49	0	9
0	138	0	103	49	0	9
0	138	0	104	49	0	12
0	138	0	105	49	0	7
0	138	0	106	49	0	4
0	138	0	107	49	0	3
0	138	0	108	49	0	10
0	138	0	114	49	0	4
0	138	0	94	48	0	2
0	138	0	95	48	0	6
0	138	0	96	48	0	10
0	138	0	97	48	0	12
0	138	0	98	48	0	12
0	138	0	99	48	0	4
0	138	0	100	48	0	12
0	138	0	101	48	0	3
0	138	0	102	48	0	7
0	138	0	103	48	0	3
0	138	0	104	48	0	16
0	138	0	105	48	0	6
0	138	0	106	48	0	0
0	138	0	107	48	0	6
0	138	0	110	48	0	6
0	138	0	111	48	0	10
0	138	0	112	48	0	8
0	138	0	113	48	0	3
0	138	0	114	48	0	8
0	138	0	115	48	0	2
0	138	0	94	47	0	6
0	138	0	95	47	0	12
0	138	0	96	47	0	12
0	138	0	97	47	0	11
0	138	0	98	47	0	12
0	138	0	99	47	0	15
0	138	0	100	47	0	12
0	138	0	101	47	0	9
0	138	0	102	47	0	12
0	138	0	103	47	0	10
0	138	0	104	47	0	6
0	138	0	105	47	0	7
0	138	0	106	47	0	15
0	138	0	107	47	0	3
0	138	0	109	47	0	12
0	138	0	110	47	0	7
0	138	0	111	47	0	5
0	138	0	112	47	0	11
0	138	0	113	47	0	5
0	138	0	114	47	0	6
0	138	0	115	47	0	1
0	138	0	116	47	0	9
0	138	0	117	47	0	4
0	138	0	93	46	0	8
0	138	0	94	46	0	5
0	138	0	95	46	0	10
0	138	0	96	46	0	10
0	138	0	97	46	0	11
0	138	0	98	46	0	10
0	138	0	99	46	0	4
0	138	0	100	46	0	19
0	138	0	101	46	0	15
0	138	0	102	46	0	4
0	138	0	103	46	0	8
0	138	0	104	46	0	8
0	138	0	105	46	0	9
0	138	0	106	46	0	8
0	138	0	107	46	0	4
0	138	0	110	46	0	8
0	138	0	111	46	0	10
0	138	0	112	46	0	11
0	138	0	113	46	0	8
0	138	0	114	46	0	8
0	138	0	115	46	0	13
0	138	0	116	46	0	15
0	138	0	117	46	0	9
0	138	0	93	45	0	7
0	138	0	94	45	0	10
0	138	0	95	45	0	5
0	138	0	96	45	0	9
0	138	0	97	45	0	11
0	138	0	98	45	0	6
0	138	0	99	45	0	4
0	138	0	100	45	0	7
0	138	0	101	45	0	10
0	138	0	102	45	0	10
0	138	0	103	45	0	2
0	138	0	104	45	0	7
0	138	0	106	45	0	13
0	138	0	110	45	0	7
0	138	0	111	45	0	2
0	138	0	112	45	0	11
0	138	0	113	45	0	15
0	138	0	114	45	0	11
0	138	0	115	45	0	0
0	138	0	116	45	0	9
0	138	0	117	45	0	8
0	138	0	118	45	0	10
0	138	0	94	44	0	9
0	138	0	95	44	0	3
0	138	0	96	44	0	5
0	138	0	97	44	0	9
0	138	0	98	44	0	8
0	138	0	99	44	0	5
0	138	0	100	44	0	15
0	138	0	101	44	0	9
0	138	0	102	44	0	10
0	138	0	111	44	0	7
0	138	0	112	44	0	14
0	138	0	113	44	0	6
0	138	0	114	44	0	8
0	138	0	115	44	0	5
0	138	0	116	44	0	8
0	138	0	117	44	0	13
0	138	0	95	43	0	7
0	138	0	96	43	0	9
0	138	0	97	43	0	11
0	138	0	98	43	0	12
0	138	0	99	43	0	3
0	138	0	100	43	0	8
0	138	0	101	43	0	10
0	138	0	111	43	0	4
0	138	0	112	43	0	8
0	138	0	113	43	0	5
0	138	0	114	43	0	6
0	138	0	115	43	0	9
0	138	0	116	43	0	2
0	138	0	117	43	0	5
0	138	0	95	42	0	11
0	138	0	96	42	0	8
0	138	0	97	42	0	11
0	138	0	98	42	0	6
0	138	0	99	42	0	8
0	138	0	100	42	0	9
0	138	0	112	42	0	9
0	138	0	113	42	0	1
0	138	0	114	42	0	15
0	138	0	115	42	0	6
0	138	0	116	42	0	8
0	138	0	95	41	0	16
0	138	0	96	41	0	8
0	138	0	97	41	0	6
0	138	0	98	41	0	4
0	138	0	99	41	0	7
0	138	0	113	41	0	12
0	138	0	97	39	0	6
0	138	0	93	38	0	10
0	138	0	94	38	0	11
0	138	0	95	38	0	13
0	138	0	96	38	0	1
0	138	0	97	38	0	8
0	138	0	98	38	0	11
0	138	0	92	37	0	11
0	138	0	93	37	0	5
0	138	0	94	37	0	2
0	138	0	95	37	0	4
0	138	0	96	37	0	13
0	138	0	97	37	0	14
0	138	0	98	37	0	8
0	138	0	99	37	0	10
0	138	0	100	37	0	14
0	138	0	101	37	0	5
0	138	0	91	36	0	1
0	138	0	92	36	0	9
0	138	0	93	36	0	5
0	138	0	94	36	0	16
0	138	0	95	36	0	7
0	138	0	96	36	0	8
0	138	0	97	36	0	7
0	138	0	98	36	0	11
0	138	0	99	36	0	22
0	138	0	100	36	0	5
0	138	0	101	36	0	7
0	138	0	102	36	0	5
0	138	0	91	35	0	3
0	138	0	92	35	0	8
0	138	0	93	35	0	4
0	138	0	94	35	0	3
0	138	0	95	35	0	7
0	138	0	96	35	0	10
0	138	0	97	35	0	8
0	138	0	98	35	0	2
0	138	0	99	35	0	13
0	138	0	100	35	0	9
0	138	0	101	35	0	5
0	138	0	102	35	0	4
0	138	0	92	34	0	9
0	138	0	93	34	0	8
0	138	0	94	34	0	13
0	138	0	95	34	0	19
0	138	0	96	34	0	5
0	138	0	97	34	0	4
0	138	0	98	34	0	13
0	138	0	99	34	0	12
0	138	0	100	34	0	6
0	138	0	101	34	0	11
0	138	0	102	34	0	12
0	138	0	103	34	0	2
0	138	0	92	33	0	10
0	138	0	93	33	0	2
0	138	0	94	33	0	5
0	138	0	95	33	0	6
0	138	0	96	33	0	13
0	138	0	97	33	0	7
0	138	0	98	33	0	10
0	138	0	99	33	0	7
0	138	0	100	33	0	10
0	138	0	101	33	0	4
0	138	0	102	33	0	9
0	138	0	103	33	0	14
0	138	0	92	32	0	1
0	138	0	93	32	0	0
0	138	0	94	32	0	7
0	138	0	95	32	0	6
0	138	0	96	32	0	14
0	138	0	97	32	0	10
0	138	0	98	32	0	10
0	138	0	99	32	0	9
0	138	0	100	32	0	3
0	138	0	101	32	0	8
0	138	0	102	32	0	9
0	138	0	103	32	0	5
0	138	0	92	31	0	5
0	138	0	93	31	0	1
0	138	0	94	31	0	2
0	138	0	95	31	0	3
0	138	0	96	31	0	9
0	138	0	97	31	0	8
0	138	0	98	31	0	11
0	138	0	99	31	0	4
0	138	0	100	31	0	11
0	138	0	101	31	0	11
0	138	0	102	31	0	5
0	138	0	103	31	0	9
0	138	0	94	30	0	11
0	138	0	95	30	0	2
0	138	0	96	30	0	16
0	138	0	97	30	0	10
0	138	0	98	30	0	8
0	138	0	99	30	0	7
0	138	0	100	30	0	8
0	138	0	101	30	0	3
0	138	0	102	30	0	6
0	138	0	103	30	0	9
0	138	0	104	30	0	5
0	138	0	107	30	0	1
0	138	0	95	29	0	12
0	138	0	96	29	0	2
0	138	0	97	29	0	4
0	138	0	98	29	0	5
0	138	0	99	29	0	0
0	138	0	100	29	0	11
0	138	0	101	29	0	11
0	138	0	102	29	0	15
0	138	0	103	29	0	7
0	138	0	104	29	0	1
0	138	0	105	29	0	0
0	138	0	106	29	0	9
0	138	0	107	29	0	4
0	138	0	108	29	0	20
0	138	0	109	29	0	0
0	138	0	110	29	0	2
0	138	0	95	28	0	0
0	138	0	96	28	0	2
0	138	0	97	28	0	1
0	138	0	98	28	0	9
0	138	0	99	28	0	2
0	138	0	100	28	0	7
0	138	0	101	28	0	13
0	138	0	102	28	0	10
0	138	0	103	28	0	11
0	138	0	104	28	0	1
0	138	0	105	28	0	0
0	138	0	106	28	0	8
0	138	0	107	28	0	9
0	138	0	108	28	0	2
0	138	0	95	27	0	12
0	138	0	96	27	0	5
0	138	0	97	27	0	8
0	138	0	98	27	0	19
0	138	0	99	27	0	1
0	138	0	100	27	0	14
0	138	0	101	27	0	11
0	138	0	102	27	0	3
0	138	0	103	27	0	5
0	138	0	104	27	0	11
0	138	0	105	27	0	3
0	138	0	106	27	0	0
0	138	0	107	27	0	6
0	138	0	108	27	0	0
0	138	0	109	27	0	0
0	138	0	96	26	0	1
0	138	0	97	26	0	0
0	138	0	98	26	0	6
0	138	0	99	26	0	4
0	138	0	100	26	0	5
0	138	0	101	26	0	9
0	138	0	102	26	0	6
0	138	0	103	26	0	5
0	138	0	104	26	0	14
0	138	0	105	26	0	4
0	138	0	106	26	0	2
0	138	0	107	26	0	4
0	138	0	108	26	0	0
0	138	0	109	26	0	0
0	138	0	97	25	0	0
0	138	0	98	25	0	19
0	138	0	99	25	0	1
0	138	0	100	25	0	10
0	138	0	101	25	0	2
0	138	0	102	25	0	9
0	138	0	103	25	0	16
0	138	0	104	25	0	4
0	138	0	105	25	0	2
0	138	0	106	25	0	4
0	138	0	107	25	0	1
0	138	0	108	25	0	1
0	138	0	109	25	0	2
0	138	0	110	25	0	6
0	138	0	94	24	0	14
0	138	0	95	24	0	0
0	138	0	96	24	0	0
0	138	0	97	24	0	1
0	138	0	98	24	0	7
0	138	0	99	24	0	2
0	138	0	100	24	0	6
0	138	0	101	24	0	10
0	138	0	102	24	0	9
0	138	0	103	24	0	0
0	138	0	104	24	0	3
0	138	0	105	24	0	2
0	138	0	107	24	0	7
0	138	0	94	23	0	0
0	138	0	96	23	0	1
0	138	0	97	23	0	3
0	138	0	98	23	0	5
0	138	0	99	23	0	12
0	138	0	100	23	0	7
0	138	0	101	23	0	11
0	138	0	102	23	0	12
0	138	0	103	23	0	4
0	138	0	104	23	0	0
0	138	0	105	23	0	2
0	138	0	107	23	0	0
0	138	0	96	22	0	1
0	138	0	97	22	0	0
0	138	0	98	22	0	14
0	138	0	99	22	0	11
0	138	0	100	22	0	0
0	138	0	101	22	0	0
0	138	0	102	22	0	9
0	138	0	103	22	0	4
0	138	0	104	22	0	7
0	138	0	107	22	0	1
0	138	0	95	21	0	2
0	138	0	100	21	0	0
0	138	0	101	21	0	4
0	138	0	102	21	0	2
0	138	0	103	21	0	4
0	138	0	104	21	0	11
0	138	0	105	21	0	0
0	138	0	101	20	0	6
0	138	0	102	20	0	3
0	138	0	103	20	0	1
0	138	0	104	20	0	2
0	138	0	105	20	0	0
0	138	0	103	19	0	1
0	138	0	104	19	0	0
0	139	0	95	73	0	2
0	139	0	95	72	0	10
0	139	0	96	72	0	7
0	139	0	97	72	0	2
0	139	0	98	72	0	10
0	139	0	99	72	0	12
0	139	0	100	72	0	5
0	139	0	90	71	0	1
0	139	0	91	71	0	2
0	139	0	92	71	0	5
0	139	0	93	71	0	0
0	139	0	94	71	0	16
0	139	0	95	71	0	9
0	139	0	96	71	0	2
0	139	0	97	71	0	12
0	139	0	98	71	0	8
0	139	0	99	71	0	3
0	139	0	100	71	0	11
0	139	0	101	71	0	6
0	139	0	102	71	0	12
0	139	0	89	70	0	6
0	139	0	90	70	0	1
0	139	0	91	70	0	5
0	139	0	92	70	0	12
0	139	0	93	70	0	4
0	139	0	94	70	0	6
0	139	0	95	70	0	15
0	139	0	96	70	0	2
0	139	0	97	70	0	9
0	139	0	98	70	0	8
0	139	0	99	70	0	4
0	139	0	100	70	0	6
0	139	0	101	70	0	14
0	139	0	102	70	0	15
0	139	0	87	69	0	6
0	139	0	88	69	0	6
0	139	0	89	69	0	8
0	139	0	90	69	0	4
0	139	0	91	69	0	10
0	139	0	92	69	0	14
0	139	0	93	69	0	13
0	139	0	94	69	0	15
0	139	0	95	69	0	5
0	139	0	96	69	0	5
0	139	0	97	69	0	13
0	139	0	98	69	0	15
0	139	0	99	69	0	13
0	139	0	100	69	0	15
0	139	0	101	69	0	18
0	139	0	102	69	0	3
0	139	0	86	68	0	3
0	139	0	87	68	0	0
0	139	0	88	68	0	7
0	139	0	89	68	0	9
0	139	0	90	68	0	6
0	139	0	91	68	0	9
0	139	0	92	68	0	12
0	139	0	93	68	0	11
0	139	0	94	68	0	2
0	139	0	95	68	0	14
0	139	0	96	68	0	5
0	139	0	97	68	0	7
0	139	0	98	68	0	3
0	139	0	99	68	0	12
0	139	0	100	68	0	8
0	139	0	101	68	0	4
0	139	0	102	68	0	7
0	139	0	86	67	0	5
0	139	0	87	67	0	4
0	139	0	88	67	0	1
0	139	0	89	67	0	2
0	139	0	90	67	0	8
0	139	0	91	67	0	17
0	139	0	92	67	0	5
0	139	0	93	67	0	12
0	139	0	94	67	0	13
0	139	0	95	67	0	8
0	139	0	96	67	0	10
0	139	0	97	67	0	1
0	139	0	98	67	0	2
0	139	0	99	67	0	2
0	139	0	100	67	0	12
0	139	0	101	67	0	12
0	139	0	102	67	0	4
0	139	0	87	66	0	1
0	139	0	88	66	0	9
0	139	0	89	66	0	12
0	139	0	90	66	0	9
0	139	0	91	66	0	5
0	139	0	92	66	0	4
0	139	0	93	66	0	7
0	139	0	94	66	0	7
0	139	0	95	66	0	14
0	139	0	96	66	0	16
0	139	0	97	66	0	9
0	139	0	98	66	0	15
0	139	0	99	66	0	9
0	139	0	100	66	0	13
0	139	0	101	66	0	12
0	139	0	102	66	0	2
0	139	0	87	65	0	4
0	139	0	88	65	0	9
0	139	0	89	65	0	2
0	139	0	90	65	0	11
0	139	0	91	65	0	6
0	139	0	92	65	0	12
0	139	0	93	65	0	9
0	139	0	94	65	0	11
0	139	0	95	65	0	5
0	139	0	96	65	0	4
0	139	0	97	65	0	13
0	139	0	98	65	0	13
0	139	0	99	65	0	9
0	139	0	100	65	0	7
0	139	0	101	65	0	10
0	139	0	102	65	0	6
0	139	0	103	65	0	1
0	139	0	87	64	0	7
0	139	0	88	64	0	7
0	139	0	89	64	0	10
0	139	0	90	64	0	6
0	139	0	91	64	0	3
0	139	0	92	64	0	3
0	139	0	93	64	0	11
0	139	0	94	64	0	4
0	139	0	95	64	0	6
0	139	0	96	64	0	8
0	139	0	97	64	0	10
0	139	0	98	64	0	6
0	139	0	99	64	0	14
0	139	0	100	64	0	8
0	139	0	101	64	0	8
0	139	0	102	64	0	10
0	139	0	103	64	0	9
0	139	0	86	63	0	2
0	139	0	87	63	0	7
0	139	0	88	63	0	9
0	139	0	89	63	0	11
0	139	0	90	63	0	6
0	139	0	91	63	0	4
0	139	0	92	63	0	6
0	139	0	93	63	0	0
0	139	0	94	63	0	2
0	139	0	95	63	0	11
0	139	0	96	63	0	5
0	139	0	97	63	0	13
0	139	0	98	63	0	15
0	139	0	99	63	0	8
0	139	0	100	63	0	6
0	139	0	101	63	0	2
0	139	0	102	63	0	12
0	139	0	103	63	0	13
0	139	0	87	62	0	4
0	139	0	88	62	0	1
0	139	0	89	62	0	1
0	139	0	90	62	0	0
0	139	0	91	62	0	13
0	139	0	92	62	0	3
0	139	0	93	62	0	10
0	139	0	94	62	0	9
0	139	0	95	62	0	9
0	139	0	96	62	0	6
0	139	0	97	62	0	14
0	139	0	98	62	0	14
0	139	0	99	62	0	8
0	139	0	100	62	0	17
0	139	0	101	62	0	2
0	139	0	102	62	0	14
0	139	0	87	61	0	16
0	139	0	88	61	0	2
0	139	0	89	61	0	7
0	139	0	90	61	0	8
0	139	0	91	61	0	11
0	139	0	92	61	0	7
0	139	0	93	61	0	7
0	139	0	94	61	0	13
0	139	0	95	61	0	6
0	139	0	96	61	0	8
0	139	0	97	61	0	10
0	139	0	98	61	0	0
0	139	0	99	61	0	10
0	139	0	100	61	0	4
0	139	0	88	60	0	8
0	139	0	89	60	0	3
0	139	0	90	60	0	9
0	139	0	91	60	0	9
0	139	0	92	60	0	6
0	139	0	93	60	0	2
0	139	0	94	60	0	10
0	139	0	95	60	0	5
0	139	0	96	60	0	5
0	139	0	88	59	0	8
0	139	0	89	59	0	7
0	139	0	90	59	0	6
0	139	0	91	59	0	4
0	139	0	92	59	0	7
0	139	0	93	59	0	17
0	139	0	94	59	0	13
0	139	0	95	59	0	8
0	139	0	89	58	0	10
0	139	0	90	58	0	0
0	139	0	91	58	0	5
0	139	0	92	58	0	6
0	139	0	93	58	0	12
0	139	0	94	58	0	6
0	139	0	91	57	0	14
0	139	0	92	57	0	4
0	139	0	93	57	0	1
0	139	0	96	55	0	1
0	139	0	94	54	0	6
0	139	0	95	54	0	1
0	139	0	96	54	0	9
0	139	0	97	54	0	14
0	139	0	101	54	0	7
0	139	0	102	54	0	10
0	139	0	103	54	0	11
0	139	0	104	54	0	7
0	139	0	93	53	0	3
0	139	0	94	53	0	8
0	139	0	95	53	0	5
0	139	0	96	53	0	17
0	139	0	97	53	0	5
0	139	0	98	53	0	3
0	139	0	99	53	0	8
0	139	0	100	53	0	10
0	139	0	101	53	0	15
0	139	0	102	53	0	20
0	139	0	103	53	0	3
0	139	0	104	53	0	4
0	139	0	105	53	0	5
0	139	0	106	53	0	6
0	139	0	93	52	0	11
0	139	0	94	52	0	3
0	139	0	95	52	0	9
0	139	0	96	52	0	8
0	139	0	97	52	0	8
0	139	0	98	52	0	8
0	139	0	99	52	0	15
0	139	0	100	52	0	6
0	139	0	101	52	0	10
0	139	0	102	52	0	1
0	139	0	103	52	0	2
0	139	0	104	52	0	13
0	139	0	105	52	0	3
0	139	0	106	52	0	5
0	139	0	107	52	0	6
0	139	0	93	51	0	0
0	139	0	94	51	0	15
0	139	0	95	51	0	4
0	139	0	96	51	0	13
0	139	0	97	51	0	8
0	139	0	98	51	0	15
0	139	0	99	51	0	11
0	139	0	100	51	0	7
0	139	0	101	51	0	8
0	139	0	102	51	0	6
0	139	0	103	51	0	23
0	139	0	104	51	0	10
0	139	0	105	51	0	10
0	139	0	106	51	0	2
0	139	0	107	51	0	6
0	139	0	93	50	0	12
0	139	0	94	50	0	13
0	139	0	95	50	0	5
0	139	0	96	50	0	12
0	139	0	97	50	0	8
0	139	0	98	50	0	5
0	139	0	99	50	0	9
0	139	0	100	50	0	10
0	139	0	101	50	0	17
0	139	0	102	50	0	16
0	139	0	103	50	0	7
0	139	0	104	50	0	11
0	139	0	105	50	0	13
0	139	0	106	50	0	5
0	139	0	107	50	0	8
0	139	0	93	49	0	4
0	139	0	94	49	0	1
0	139	0	95	49	0	13
0	139	0	96	49	0	8
0	139	0	97	49	0	13
0	139	0	98	49	0	5
0	139	0	99	49	0	5
0	139	0	100	49	0	9
0	139	0	101	49	0	7
0	139	0	102	49	0	9
0	139	0	103	49	0	10
0	139	0	104	49	0	17
0	139	0	105	49	0	4
0	139	0	106	49	0	7
0	139	0	107	49	0	4
0	139	0	108	49	0	4
0	139	0	114	49	0	7
0	139	0	94	48	0	0
0	139	0	95	48	0	5
0	139	0	96	48	0	9
0	139	0	97	48	0	10
0	139	0	98	48	0	8
0	139	0	99	48	0	7
0	139	0	100	48	0	11
0	139	0	101	48	0	4
0	139	0	102	48	0	7
0	139	0	103	48	0	7
0	139	0	104	48	0	10
0	139	0	105	48	0	7
0	139	0	106	48	0	0
0	139	0	107	48	0	7
0	139	0	110	48	0	6
0	139	0	111	48	0	9
0	139	0	112	48	0	5
0	139	0	113	48	0	6
0	139	0	114	48	0	4
0	139	0	115	48	0	2
0	139	0	94	47	0	13
0	139	0	95	47	0	13
0	139	0	96	47	0	14
0	139	0	97	47	0	11
0	139	0	98	47	0	11
0	139	0	99	47	0	15
0	139	0	100	47	0	7
0	139	0	101	47	0	10
0	139	0	102	47	0	12
0	139	0	103	47	0	10
0	139	0	104	47	0	4
0	139	0	105	47	0	4
0	139	0	106	47	0	9
0	139	0	107	47	0	5
0	139	0	109	47	0	6
0	139	0	110	47	0	5
0	139	0	111	47	0	6
0	139	0	112	47	0	11
0	139	0	113	47	0	3
0	139	0	114	47	0	8
0	139	0	115	47	0	4
0	139	0	116	47	0	5
0	139	0	117	47	0	0
0	139	0	93	46	0	5
0	139	0	94	46	0	2
0	139	0	95	46	0	7
0	139	0	96	46	0	14
0	139	0	97	46	0	9
0	139	0	98	46	0	11
0	139	0	99	46	0	7
0	139	0	100	46	0	16
0	139	0	101	46	0	16
0	139	0	102	46	0	8
0	139	0	103	46	0	4
0	139	0	104	46	0	8
0	139	0	105	46	0	8
0	139	0	106	46	0	7
0	139	0	107	46	0	4
0	139	0	110	46	0	9
0	139	0	111	46	0	5
0	139	0	112	46	0	11
0	139	0	113	46	0	9
0	139	0	114	46	0	9
0	139	0	115	46	0	7
0	139	0	116	46	0	10
0	139	0	117	46	0	7
0	139	0	93	45	0	10
0	139	0	94	45	0	6
0	139	0	95	45	0	2
0	139	0	96	45	0	6
0	139	0	97	45	0	9
0	139	0	98	45	0	8
0	139	0	99	45	0	4
0	139	0	100	45	0	10
0	139	0	101	45	0	13
0	139	0	102	45	0	8
0	139	0	103	45	0	3
0	139	0	104	45	0	5
0	139	0	106	45	0	16
0	139	0	110	45	0	11
0	139	0	111	45	0	2
0	139	0	112	45	0	4
0	139	0	113	45	0	15
0	139	0	114	45	0	16
0	139	0	115	45	0	0
0	139	0	116	45	0	11
0	139	0	117	45	0	12
0	139	0	118	45	0	10
0	139	0	94	44	0	9
0	139	0	95	44	0	2
0	139	0	96	44	0	3
0	139	0	97	44	0	5
0	139	0	98	44	0	13
0	139	0	99	44	0	8
0	139	0	100	44	0	9
0	139	0	101	44	0	5
0	139	0	102	44	0	11
0	139	0	111	44	0	3
0	139	0	112	44	0	13
0	139	0	113	44	0	3
0	139	0	114	44	0	9
0	139	0	115	44	0	4
0	139	0	116	44	0	4
0	139	0	117	44	0	17
0	139	0	95	43	0	8
0	139	0	96	43	0	7
0	139	0	97	43	0	9
0	139	0	98	43	0	11
0	139	0	99	43	0	3
0	139	0	100	43	0	16
0	139	0	101	43	0	11
0	139	0	111	43	0	6
0	139	0	112	43	0	9
0	139	0	113	43	0	2
0	139	0	114	43	0	8
0	139	0	115	43	0	10
0	139	0	116	43	0	4
0	139	0	117	43	0	7
0	139	0	95	42	0	13
0	139	0	96	42	0	3
0	139	0	97	42	0	9
0	139	0	98	42	0	4
0	139	0	99	42	0	7
0	139	0	100	42	0	13
0	139	0	112	42	0	13
0	139	0	113	42	0	1
0	139	0	114	42	0	10
0	139	0	115	42	0	9
0	139	0	116	42	0	10
0	139	0	95	41	0	10
0	139	0	96	41	0	4
0	139	0	97	41	0	10
0	139	0	98	41	0	5
0	139	0	99	41	0	5
0	139	0	113	41	0	5
0	139	0	97	39	0	7
0	139	0	93	38	0	14
0	139	0	94	38	0	9
0	139	0	95	38	0	9
0	139	0	96	38	0	3
0	139	0	97	38	0	7
0	139	0	98	38	0	20
0	139	0	92	37	0	10
0	139	0	93	37	0	3
0	139	0	94	37	0	2
0	139	0	95	37	0	7
0	139	0	96	37	0	8
0	139	0	97	37	0	12
0	139	0	98	37	0	8
0	139	0	99	37	0	10
0	139	0	100	37	0	11
0	139	0	101	37	0	8
0	139	0	91	36	0	4
0	139	0	92	36	0	6
0	139	0	93	36	0	2
0	139	0	94	36	0	14
0	139	0	95	36	0	5
0	139	0	96	36	0	6
0	139	0	97	36	0	8
0	139	0	98	36	0	11
0	139	0	99	36	0	17
0	139	0	100	36	0	4
0	139	0	101	36	0	9
0	139	0	102	36	0	8
0	139	0	91	35	0	3
0	139	0	92	35	0	10
0	139	0	93	35	0	6
0	139	0	94	35	0	2
0	139	0	95	35	0	5
0	139	0	96	35	0	8
0	139	0	97	35	0	5
0	139	0	98	35	0	1
0	139	0	99	35	0	10
0	139	0	100	35	0	10
0	139	0	101	35	0	6
0	139	0	102	35	0	6
0	139	0	92	34	0	8
0	139	0	93	34	0	11
0	139	0	94	34	0	8
0	139	0	95	34	0	17
0	139	0	96	34	0	3
0	139	0	97	34	0	4
0	139	0	98	34	0	11
0	139	0	99	34	0	20
0	139	0	100	34	0	15
0	139	0	101	34	0	12
0	139	0	102	34	0	8
0	139	0	103	34	0	2
0	139	0	92	33	0	10
0	139	0	93	33	0	3
0	139	0	94	33	0	7
0	139	0	95	33	0	9
0	139	0	96	33	0	15
0	139	0	97	33	0	13
0	139	0	98	33	0	11
0	139	0	99	33	0	8
0	139	0	100	33	0	18
0	139	0	101	33	0	1
0	139	0	102	33	0	8
0	139	0	103	33	0	10
0	139	0	92	32	0	3
0	139	0	93	32	0	0
0	139	0	94	32	0	5
0	139	0	95	32	0	6
0	139	0	96	32	0	12
0	139	0	97	32	0	15
0	139	0	98	32	0	10
0	139	0	99	32	0	7
0	139	0	100	32	0	2
0	139	0	101	32	0	11
0	139	0	102	32	0	7
0	139	0	103	32	0	8
0	139	0	92	31	0	4
0	139	0	93	31	0	3
0	139	0	94	31	0	3
0	139	0	95	31	0	2
0	139	0	96	31	0	6
0	139	0	97	31	0	5
0	139	0	98	31	0	14
0	139	0	99	31	0	1
0	139	0	100	31	0	8
0	139	0	101	31	0	12
0	139	0	102	31	0	8
0	139	0	103	31	0	7
0	139	0	94	30	0	10
0	139	0	95	30	0	3
0	139	0	96	30	0	17
0	139	0	97	30	0	5
0	139	0	98	30	0	7
0	139	0	99	30	0	7
0	139	0	100	30	0	9
0	139	0	101	30	0	6
0	139	0	102	30	0	5
0	139	0	103	30	0	13
0	139	0	104	30	0	7
0	139	0	107	30	0	1
0	139	0	95	29	0	11
0	139	0	96	29	0	3
0	139	0	97	29	0	4
0	139	0	98	29	0	3
0	139	0	99	29	0	0
0	139	0	100	29	0	15
0	139	0	101	29	0	13
0	139	0	102	29	0	19
0	139	0	103	29	0	7
0	139	0	104	29	0	4
0	139	0	105	29	0	0
0	139	0	106	29	0	8
0	139	0	107	29	0	4
0	139	0	108	29	0	9
0	139	0	109	29	0	0
0	139	0	110	29	0	6
0	139	0	95	28	0	0
0	139	0	96	28	0	3
0	139	0	97	28	0	3
0	139	0	98	28	0	10
0	139	0	99	28	0	2
0	139	0	100	28	0	9
0	139	0	101	28	0	18
0	139	0	102	28	0	10
0	139	0	103	28	0	7
0	139	0	104	28	0	2
0	139	0	105	28	0	0
0	139	0	106	28	0	9
0	139	0	107	28	0	5
0	139	0	108	28	0	5
0	139	0	95	27	0	10
0	139	0	96	27	0	5
0	139	0	97	27	0	7
0	139	0	98	27	0	16
0	139	0	99	27	0	3
0	139	0	100	27	0	10
0	139	0	101	27	0	9
0	139	0	102	27	0	5
0	139	0	103	27	0	4
0	139	0	104	27	0	6
0	139	0	105	27	0	4
0	139	0	106	27	0	0
0	139	0	107	27	0	7
0	139	0	108	27	0	0
0	139	0	109	27	0	0
0	139	0	96	26	0	1
0	139	0	97	26	0	0
0	139	0	98	26	0	7
0	139	0	99	26	0	7
0	139	0	100	26	0	8
0	139	0	101	26	0	6
0	139	0	102	26	0	7
0	139	0	103	26	0	5
0	139	0	104	26	0	14
0	139	0	105	26	0	5
0	139	0	106	26	0	4
0	139	0	107	26	0	4
0	139	0	108	26	0	0
0	139	0	109	26	0	1
0	139	0	110	26	0	1
0	139	0	97	25	0	1
0	139	0	98	25	0	19
0	139	0	99	25	0	2
0	139	0	100	25	0	13
0	139	0	101	25	0	1
0	139	0	102	25	0	7
0	139	0	103	25	0	12
0	139	0	104	25	0	7
0	139	0	105	25	0	3
0	139	0	106	25	0	4
0	139	0	107	25	0	2
0	139	0	108	25	0	2
0	139	0	109	25	0	0
0	139	0	110	25	0	5
0	139	0	94	24	0	10
0	139	0	95	24	0	0
0	139	0	96	24	0	0
0	139	0	97	24	0	1
0	139	0	98	24	0	5
0	139	0	99	24	0	6
0	139	0	100	24	0	6
0	139	0	101	24	0	9
0	139	0	102	24	0	9
0	139	0	103	24	0	1
0	139	0	104	24	0	4
0	139	0	105	24	0	3
0	139	0	107	24	0	5
0	139	0	94	23	0	1
0	139	0	96	23	0	0
0	139	0	97	23	0	1
0	139	0	98	23	0	5
0	139	0	99	23	0	9
0	139	0	100	23	0	9
0	139	0	101	23	0	7
0	139	0	102	23	0	14
0	139	0	103	23	0	8
0	139	0	104	23	0	1
0	139	0	105	23	0	2
0	139	0	106	23	0	1
0	139	0	107	23	0	1
0	139	0	96	22	0	1
0	139	0	97	22	0	0
0	139	0	98	22	0	8
0	139	0	99	22	0	8
0	139	0	100	22	0	0
0	139	0	101	22	0	1
0	139	0	102	22	0	9
0	139	0	103	22	0	3
0	139	0	104	22	0	9
0	139	0	105	22	0	1
0	139	0	106	22	0	1
0	139	0	107	22	0	1
0	139	0	95	21	0	2
0	139	0	100	21	0	0
0	139	0	101	21	0	2
0	139	0	102	21	0	5
0	139	0	103	21	0	2
0	139	0	104	21	0	11
0	139	0	105	21	0	0
0	139	0	101	20	0	7
0	139	0	102	20	0	4
0	139	0	103	20	0	0
0	139	0	104	20	0	1
0	139	0	105	20	0	0
0	139	0	103	19	0	0
0	139	0	104	19	0	0
0	140	0	95	73	0	3
0	140	0	95	72	0	8
0	140	0	96	72	0	6
0	140	0	97	72	0	0
0	140	0	98	72	0	9
0	140	0	99	72	0	14
0	140	0	100	72	0	5
0	140	0	90	71	0	1
0	140	0	91	71	0	3
0	140	0	92	71	0	4
0	140	0	93	71	0	1
0	140	0	94	71	0	11
0	140	0	95	71	0	9
0	140	0	96	71	0	2
0	140	0	97	71	0	12
0	140	0	98	71	0	5
0	140	0	99	71	0	6
0	140	0	100	71	0	16
0	140	0	101	71	0	10
0	140	0	102	71	0	14
0	140	0	89	70	0	4
0	140	0	90	70	0	1
0	140	0	91	70	0	7
0	140	0	92	70	0	12
0	140	0	93	70	0	4
0	140	0	94	70	0	3
0	140	0	95	70	0	13
0	140	0	96	70	0	6
0	140	0	97	70	0	7
0	140	0	98	70	0	6
0	140	0	99	70	0	6
0	140	0	100	70	0	8
0	140	0	101	70	0	9
0	140	0	102	70	0	12
0	140	0	87	69	0	1
0	140	0	88	69	0	4
0	140	0	89	69	0	4
0	140	0	90	69	0	8
0	140	0	91	69	0	7
0	140	0	92	69	0	7
0	140	0	93	69	0	21
0	140	0	94	69	0	10
0	140	0	95	69	0	5
0	140	0	96	69	0	5
0	140	0	97	69	0	6
0	140	0	98	69	0	12
0	140	0	99	69	0	12
0	140	0	100	69	0	8
0	140	0	101	69	0	9
0	140	0	102	69	0	6
0	140	0	86	68	0	4
0	140	0	87	68	0	0
0	140	0	88	68	0	12
0	140	0	89	68	0	7
0	140	0	90	68	0	11
0	140	0	91	68	0	8
0	140	0	92	68	0	11
0	140	0	93	68	0	16
0	140	0	94	68	0	0
0	140	0	95	68	0	11
0	140	0	96	68	0	9
0	140	0	97	68	0	9
0	140	0	98	68	0	3
0	140	0	99	68	0	10
0	140	0	100	68	0	14
0	140	0	101	68	0	7
0	140	0	102	68	0	10
0	140	0	86	67	0	5
0	140	0	87	67	0	6
0	140	0	88	67	0	3
0	140	0	89	67	0	1
0	140	0	90	67	0	4
0	140	0	91	67	0	8
0	140	0	92	67	0	3
0	140	0	93	67	0	12
0	140	0	94	67	0	11
0	140	0	95	67	0	9
0	140	0	96	67	0	6
0	140	0	97	67	0	1
0	140	0	98	67	0	1
0	140	0	99	67	0	3
0	140	0	100	67	0	8
0	140	0	101	67	0	10
0	140	0	102	67	0	5
0	140	0	87	66	0	1
0	140	0	88	66	0	6
0	140	0	89	66	0	7
0	140	0	90	66	0	7
0	140	0	91	66	0	3
0	140	0	92	66	0	10
0	140	0	93	66	0	8
0	140	0	94	66	0	9
0	140	0	95	66	0	17
0	140	0	96	66	0	13
0	140	0	97	66	0	8
0	140	0	98	66	0	6
0	140	0	99	66	0	10
0	140	0	100	66	0	12
0	140	0	101	66	0	14
0	140	0	102	66	0	2
0	140	0	87	65	0	8
0	140	0	88	65	0	6
0	140	0	89	65	0	0
0	140	0	90	65	0	10
0	140	0	91	65	0	11
0	140	0	92	65	0	8
0	140	0	93	65	0	13
0	140	0	94	65	0	9
0	140	0	95	65	0	7
0	140	0	96	65	0	7
0	140	0	97	65	0	10
0	140	0	98	65	0	14
0	140	0	99	65	0	8
0	140	0	100	65	0	4
0	140	0	101	65	0	4
0	140	0	102	65	0	8
0	140	0	103	65	0	3
0	140	0	87	64	0	9
0	140	0	88	64	0	7
0	140	0	89	64	0	8
0	140	0	90	64	0	10
0	140	0	91	64	0	4
0	140	0	92	64	0	4
0	140	0	93	64	0	12
0	140	0	94	64	0	5
0	140	0	95	64	0	9
0	140	0	96	64	0	10
0	140	0	97	64	0	6
0	140	0	98	64	0	7
0	140	0	99	64	0	7
0	140	0	100	64	0	8
0	140	0	101	64	0	8
0	140	0	102	64	0	11
0	140	0	103	64	0	9
0	140	0	86	63	0	4
0	140	0	87	63	0	6
0	140	0	88	63	0	5
0	140	0	89	63	0	13
0	140	0	90	63	0	5
0	140	0	91	63	0	9
0	140	0	92	63	0	7
0	140	0	93	63	0	1
0	140	0	94	63	0	3
0	140	0	95	63	0	6
0	140	0	96	63	0	9
0	140	0	97	63	0	9
0	140	0	98	63	0	13
0	140	0	99	63	0	6
0	140	0	100	63	0	7
0	140	0	101	63	0	2
0	140	0	102	63	0	10
0	140	0	103	63	0	11
0	140	0	87	62	0	9
0	140	0	88	62	0	3
0	140	0	89	62	0	1
0	140	0	90	62	0	2
0	140	0	91	62	0	14
0	140	0	92	62	0	5
0	140	0	93	62	0	16
0	140	0	94	62	0	12
0	140	0	95	62	0	9
0	140	0	96	62	0	6
0	140	0	97	62	0	13
0	140	0	98	62	0	10
0	140	0	99	62	0	12
0	140	0	100	62	0	9
0	140	0	101	62	0	1
0	140	0	102	62	0	15
0	140	0	87	61	0	11
0	140	0	88	61	0	2
0	140	0	89	61	0	4
0	140	0	90	61	0	9
0	140	0	91	61	0	8
0	140	0	92	61	0	10
0	140	0	93	61	0	13
0	140	0	94	61	0	12
0	140	0	95	61	0	17
0	140	0	96	61	0	10
0	140	0	97	61	0	6
0	140	0	98	61	0	1
0	140	0	99	61	0	8
0	140	0	100	61	0	6
0	140	0	88	60	0	10
0	140	0	89	60	0	4
0	140	0	90	60	0	9
0	140	0	91	60	0	9
0	140	0	92	60	0	6
0	140	0	93	60	0	3
0	140	0	94	60	0	6
0	140	0	95	60	0	4
0	140	0	96	60	0	11
0	140	0	88	59	0	12
0	140	0	89	59	0	10
0	140	0	90	59	0	7
0	140	0	91	59	0	5
0	140	0	92	59	0	8
0	140	0	93	59	0	8
0	140	0	94	59	0	12
0	140	0	95	59	0	6
0	140	0	89	58	0	11
0	140	0	90	58	0	0
0	140	0	91	58	0	5
0	140	0	92	58	0	6
0	140	0	93	58	0	9
0	140	0	94	58	0	5
0	140	0	91	57	0	14
0	140	0	92	57	0	6
0	140	0	93	57	0	0
0	140	0	96	55	0	1
0	140	0	94	54	0	10
0	140	0	95	54	0	0
0	140	0	96	54	0	8
0	140	0	97	54	0	11
0	140	0	101	54	0	6
0	140	0	102	54	0	15
0	140	0	103	54	0	7
0	140	0	104	54	0	7
0	140	0	93	53	0	2
0	140	0	94	53	0	7
0	140	0	95	53	0	7
0	140	0	96	53	0	18
0	140	0	97	53	0	4
0	140	0	98	53	0	3
0	140	0	99	53	0	10
0	140	0	100	53	0	9
0	140	0	101	53	0	12
0	140	0	102	53	0	14
0	140	0	103	53	0	3
0	140	0	104	53	0	7
0	140	0	105	53	0	7
0	140	0	106	53	0	8
0	140	0	93	52	0	10
0	140	0	94	52	0	4
0	140	0	95	52	0	6
0	140	0	96	52	0	6
0	140	0	97	52	0	5
0	140	0	98	52	0	7
0	140	0	99	52	0	15
0	140	0	100	52	0	9
0	140	0	101	52	0	9
0	140	0	102	52	0	3
0	140	0	103	52	0	4
0	140	0	104	52	0	10
0	140	0	105	52	0	1
0	140	0	106	52	0	2
0	140	0	107	52	0	5
0	140	0	93	51	0	1
0	140	0	94	51	0	14
0	140	0	95	51	0	7
0	140	0	96	51	0	17
0	140	0	97	51	0	4
0	140	0	98	51	0	14
0	140	0	99	51	0	16
0	140	0	100	51	0	9
0	140	0	101	51	0	9
0	140	0	102	51	0	2
0	140	0	103	51	0	8
0	140	0	104	51	0	16
0	140	0	105	51	0	9
0	140	0	106	51	0	4
0	140	0	107	51	0	8
0	140	0	93	50	0	13
0	140	0	94	50	0	9
0	140	0	95	50	0	4
0	140	0	96	50	0	10
0	140	0	97	50	0	6
0	140	0	98	50	0	10
0	140	0	99	50	0	8
0	140	0	100	50	0	15
0	140	0	101	50	0	16
0	140	0	102	50	0	13
0	140	0	103	50	0	7
0	140	0	104	50	0	6
0	140	0	105	50	0	15
0	140	0	106	50	0	6
0	140	0	107	50	0	11
0	140	0	93	49	0	3
0	140	0	94	49	0	1
0	140	0	95	49	0	11
0	140	0	96	49	0	13
0	140	0	97	49	0	8
0	140	0	98	49	0	10
0	140	0	99	49	0	5
0	140	0	100	49	0	11
0	140	0	101	49	0	7
0	140	0	102	49	0	9
0	140	0	103	49	0	10
0	140	0	104	49	0	17
0	140	0	105	49	0	6
0	140	0	106	49	0	7
0	140	0	107	49	0	3
0	140	0	108	49	0	2
0	140	0	114	49	0	11
0	140	0	94	48	0	3
0	140	0	95	48	0	5
0	140	0	96	48	0	7
0	140	0	97	48	0	13
0	140	0	98	48	0	7
0	140	0	99	48	0	5
0	140	0	100	48	0	12
0	140	0	101	48	0	6
0	140	0	102	48	0	10
0	140	0	103	48	0	7
0	140	0	104	48	0	9
0	140	0	105	48	0	9
0	140	0	106	48	0	1
0	140	0	107	48	0	11
0	140	0	110	48	0	8
0	140	0	111	48	0	7
0	140	0	112	48	0	2
0	140	0	113	48	0	6
0	140	0	114	48	0	9
0	140	0	115	48	0	1
0	140	0	94	47	0	9
0	140	0	95	47	0	12
0	140	0	96	47	0	13
0	140	0	97	47	0	13
0	140	0	98	47	0	11
0	140	0	99	47	0	16
0	140	0	100	47	0	3
0	140	0	101	47	0	12
0	140	0	102	47	0	15
0	140	0	103	47	0	8
0	140	0	104	47	0	4
0	140	0	105	47	0	4
0	140	0	106	47	0	14
0	140	0	107	47	0	2
0	140	0	109	47	0	9
0	140	0	110	47	0	9
0	140	0	111	47	0	7
0	140	0	112	47	0	11
0	140	0	113	47	0	5
0	140	0	114	47	0	11
0	140	0	115	47	0	5
0	140	0	116	47	0	12
0	140	0	117	47	0	0
0	140	0	93	46	0	6
0	140	0	94	46	0	5
0	140	0	95	46	0	6
0	140	0	96	46	0	13
0	140	0	97	46	0	9
0	140	0	98	46	0	9
0	140	0	99	46	0	11
0	140	0	100	46	0	16
0	140	0	101	46	0	11
0	140	0	102	46	0	3
0	140	0	103	46	0	4
0	140	0	104	46	0	3
0	140	0	105	46	0	9
0	140	0	106	46	0	2
0	140	0	107	46	0	5
0	140	0	110	46	0	8
0	140	0	111	46	0	6
0	140	0	112	46	0	13
0	140	0	113	46	0	11
0	140	0	114	46	0	8
0	140	0	115	46	0	9
0	140	0	116	46	0	9
0	140	0	117	46	0	9
0	140	0	93	45	0	11
0	140	0	94	45	0	8
0	140	0	95	45	0	4
0	140	0	96	45	0	13
0	140	0	97	45	0	5
0	140	0	98	45	0	11
0	140	0	99	45	0	7
0	140	0	100	45	0	9
0	140	0	101	45	0	8
0	140	0	102	45	0	4
0	140	0	103	45	0	2
0	140	0	104	45	0	6
0	140	0	106	45	0	14
0	140	0	110	45	0	4
0	140	0	111	45	0	3
0	140	0	112	45	0	6
0	140	0	113	45	0	14
0	140	0	114	45	0	14
0	140	0	115	45	0	1
0	140	0	116	45	0	9
0	140	0	117	45	0	13
0	140	0	118	45	0	12
0	140	0	94	44	0	9
0	140	0	95	44	0	4
0	140	0	96	44	0	7
0	140	0	97	44	0	7
0	140	0	98	44	0	11
0	140	0	99	44	0	8
0	140	0	100	44	0	10
0	140	0	101	44	0	10
0	140	0	102	44	0	13
0	140	0	111	44	0	4
0	140	0	112	44	0	10
0	140	0	113	44	0	3
0	140	0	114	44	0	8
0	140	0	115	44	0	8
0	140	0	116	44	0	4
0	140	0	117	44	0	8
0	140	0	95	43	0	13
0	140	0	96	43	0	6
0	140	0	97	43	0	7
0	140	0	98	43	0	9
0	140	0	99	43	0	4
0	140	0	100	43	0	15
0	140	0	101	43	0	13
0	140	0	111	43	0	7
0	140	0	112	43	0	6
0	140	0	113	43	0	3
0	140	0	114	43	0	12
0	140	0	115	43	0	11
0	140	0	116	43	0	3
0	140	0	117	43	0	13
0	140	0	95	42	0	7
0	140	0	96	42	0	5
0	140	0	97	42	0	14
0	140	0	98	42	0	3
0	140	0	99	42	0	11
0	140	0	100	42	0	13
0	140	0	112	42	0	7
0	140	0	113	42	0	0
0	140	0	114	42	0	8
0	140	0	115	42	0	7
0	140	0	116	42	0	7
0	140	0	95	41	0	14
0	140	0	96	41	0	6
0	140	0	97	41	0	7
0	140	0	98	41	0	7
0	140	0	99	41	0	2
0	140	0	113	41	0	9
0	140	0	97	39	0	4
0	140	0	93	38	0	10
0	140	0	94	38	0	12
0	140	0	95	38	0	7
0	140	0	96	38	0	2
0	140	0	97	38	0	5
0	140	0	98	38	0	15
0	140	0	92	37	0	8
0	140	0	93	37	0	4
0	140	0	94	37	0	2
0	140	0	95	37	0	10
0	140	0	96	37	0	5
0	140	0	97	37	0	11
0	140	0	98	37	0	7
0	140	0	99	37	0	13
0	140	0	100	37	0	8
0	140	0	101	37	0	7
0	140	0	91	36	0	2
0	140	0	92	36	0	6
0	140	0	93	36	0	5
0	140	0	94	36	0	8
0	140	0	95	36	0	5
0	140	0	96	36	0	6
0	140	0	97	36	0	8
0	140	0	98	36	0	9
0	140	0	99	36	0	21
0	140	0	100	36	0	6
0	140	0	101	36	0	10
0	140	0	102	36	0	5
0	140	0	91	35	0	4
0	140	0	92	35	0	8
0	140	0	93	35	0	9
0	140	0	94	35	0	4
0	140	0	95	35	0	3
0	140	0	96	35	0	11
0	140	0	97	35	0	6
0	140	0	98	35	0	3
0	140	0	99	35	0	9
0	140	0	100	35	0	14
0	140	0	101	35	0	4
0	140	0	102	35	0	9
0	140	0	92	34	0	9
0	140	0	93	34	0	11
0	140	0	94	34	0	11
0	140	0	95	34	0	15
0	140	0	96	34	0	3
0	140	0	97	34	0	6
0	140	0	98	34	0	14
0	140	0	99	34	0	12
0	140	0	100	34	0	10
0	140	0	101	34	0	11
0	140	0	102	34	0	13
0	140	0	103	34	0	5
0	140	0	92	33	0	6
0	140	0	93	33	0	0
0	140	0	94	33	0	11
0	140	0	95	33	0	8
0	140	0	96	33	0	8
0	140	0	97	33	0	14
0	140	0	98	33	0	9
0	140	0	99	33	0	13
0	140	0	100	33	0	8
0	140	0	101	33	0	3
0	140	0	102	33	0	10
0	140	0	103	33	0	11
0	140	0	92	32	0	4
0	140	0	93	32	0	0
0	140	0	94	32	0	9
0	140	0	95	32	0	5
0	140	0	96	32	0	12
0	140	0	97	32	0	17
0	140	0	98	32	0	9
0	140	0	99	32	0	4
0	140	0	100	32	0	6
0	140	0	101	32	0	11
0	140	0	102	32	0	9
0	140	0	103	32	0	12
0	140	0	92	31	0	4
0	140	0	93	31	0	6
0	140	0	94	31	0	3
0	140	0	95	31	0	5
0	140	0	96	31	0	10
0	140	0	97	31	0	5
0	140	0	98	31	0	14
0	140	0	99	31	0	2
0	140	0	100	31	0	16
0	140	0	101	31	0	16
0	140	0	102	31	0	9
0	140	0	103	31	0	2
0	140	0	94	30	0	14
0	140	0	95	30	0	2
0	140	0	96	30	0	14
0	140	0	97	30	0	6
0	140	0	98	30	0	5
0	140	0	99	30	0	4
0	140	0	100	30	0	6
0	140	0	101	30	0	2
0	140	0	102	30	0	7
0	140	0	103	30	0	17
0	140	0	104	30	0	10
0	140	0	107	30	0	4
0	140	0	95	29	0	13
0	140	0	96	29	0	5
0	140	0	97	29	0	3
0	140	0	98	29	0	3
0	140	0	99	29	0	2
0	140	0	100	29	0	11
0	140	0	101	29	0	13
0	140	0	102	29	0	14
0	140	0	103	29	0	9
0	140	0	104	29	0	6
0	140	0	105	29	0	1
0	140	0	106	29	0	9
0	140	0	107	29	0	6
0	140	0	108	29	0	14
0	140	0	109	29	0	0
0	140	0	110	29	0	4
0	140	0	95	28	0	0
0	140	0	96	28	0	4
0	140	0	97	28	0	5
0	140	0	98	28	0	11
0	140	0	99	28	0	3
0	140	0	100	28	0	17
0	140	0	101	28	0	11
0	140	0	102	28	0	14
0	140	0	103	28	0	9
0	140	0	104	28	0	6
0	140	0	105	28	0	1
0	140	0	106	28	0	8
0	140	0	107	28	0	6
0	140	0	108	28	0	2
0	140	0	95	27	0	11
0	140	0	96	27	0	11
0	140	0	97	27	0	7
0	140	0	98	27	0	17
0	140	0	99	27	0	8
0	140	0	100	27	0	10
0	140	0	101	27	0	11
0	140	0	102	27	0	7
0	140	0	103	27	0	5
0	140	0	104	27	0	4
0	140	0	105	27	0	2
0	140	0	106	27	0	0
0	140	0	107	27	0	9
0	140	0	108	27	0	1
0	140	0	109	27	0	0
0	140	0	96	26	0	1
0	140	0	97	26	0	1
0	140	0	98	26	0	4
0	140	0	99	26	0	10
0	140	0	100	26	0	4
0	140	0	101	26	0	7
0	140	0	102	26	0	6
0	140	0	103	26	0	9
0	140	0	104	26	0	17
0	140	0	105	26	0	5
0	140	0	106	26	0	3
0	140	0	107	26	0	4
0	140	0	108	26	0	1
0	140	0	109	26	0	2
0	140	0	110	26	0	3
0	140	0	97	25	0	0
0	140	0	98	25	0	12
0	140	0	99	25	0	3
0	140	0	100	25	0	11
0	140	0	101	25	0	6
0	140	0	102	25	0	4
0	140	0	103	25	0	10
0	140	0	104	25	0	7
0	140	0	105	25	0	7
0	140	0	106	25	0	5
0	140	0	107	25	0	2
0	140	0	108	25	0	3
0	140	0	109	25	0	0
0	140	0	110	25	0	10
0	140	0	94	24	0	10
0	140	0	95	24	0	0
0	140	0	96	24	0	0
0	140	0	97	24	0	0
0	140	0	98	24	0	3
0	140	0	99	24	0	8
0	140	0	100	24	0	7
0	140	0	101	24	0	7
0	140	0	102	24	0	10
0	140	0	103	24	0	3
0	140	0	104	24	0	0
0	140	0	105	24	0	3
0	140	0	106	24	0	1
0	140	0	107	24	0	9
0	140	0	94	23	0	3
0	140	0	96	23	0	0
0	140	0	97	23	0	1
0	140	0	98	23	0	4
0	140	0	99	23	0	13
0	140	0	100	23	0	9
0	140	0	101	23	0	6
0	140	0	102	23	0	13
0	140	0	103	23	0	4
0	140	0	104	23	0	4
0	140	0	105	23	0	1
0	140	0	106	23	0	1
0	140	0	107	23	0	0
0	140	0	109	23	0	1
0	140	0	95	22	0	1
0	140	0	96	22	0	0
0	140	0	97	22	0	1
0	140	0	98	22	0	11
0	140	0	99	22	0	6
0	140	0	100	22	0	0
0	140	0	101	22	0	0
0	140	0	102	22	0	8
0	140	0	103	22	0	1
0	140	0	104	22	0	13
0	140	0	105	22	0	0
0	140	0	106	22	0	1
0	140	0	107	22	0	3
0	140	0	95	21	0	1
0	140	0	100	21	0	0
0	140	0	101	21	0	5
0	140	0	102	21	0	3
0	140	0	103	21	0	4
0	140	0	104	21	0	7
0	140	0	105	21	0	0
0	140	0	101	20	0	8
0	140	0	102	20	0	6
0	140	0	103	20	0	0
0	140	0	104	20	0	1
0	140	0	105	20	0	0
0	140	0	103	19	0	0
0	140	0	104	19	0	1
