PatchID,XCOORD,YCOORD,ID,MID,FID,sex,age,size,mature,newmature,layeggs,capture,recapture,state,CDist,Hindex,Species,ClassFile,SubPatchID,L0A0,L0A1,L1A0,L1A1
1,2540470.832,712452.2021,R1_F1_m1f1_P1_Y2_UO0,R1_F1_m1f1_P1_Y0_UO706,R1_F1_m1f1_P1_Y0_UO292,MXY,1,53.62613020747331,0,0,0.0,0,0,0,-9999.0,0.375,1,P0_CV0,1,0,2,0,2
1,2540470.832,712452.2021,R1_F1_m1f1_P1_Y2_UO1,R1_F1_m1f1_P1_Y0_UO706,R1_F1_m1f1_P1_Y0_UO292,FXX,1,53.62613020747331,0,0,0.0,0,0,0,-9999.0,0.375,1,P0_CV0,1,0,2,1,1
1,2540470.832,712452.2021,R1_F1_m1f1_P1_Y2_UO2,R1_F1_m1f1_P1_Y0_UO706,R1_F1_m1f1_P1_Y0_UO292,MXY,1,53.62613020747331,0,0,0.0,0,0,0,-9999.0,0.375,1,P0_CV0,1,0,2,2,0
1,2540470.832,712452.2021,R1_F1_m1f1_P1_Y2_UO3,R1_F1_m1f1_P1_Y0_UO706,R1_F1_m1f1_P1_Y0_UO292,FXX,1,53.62613020747331,0,0,0.0,0,0,0,-9999.0,0.375,1,P0_CV0,1,0,2,0,2
1,2540470.832,712452.2021,R1_F1_m1f1_P1_Y2_UO4,R1_F1_m1f1_P1_Y0_UO706,R1_F1_m1f1_P1_Y0_UO292,FXX,1,53.62613020747331,0,0,0.0,0,0,0,-9999.0,0.375,1,P0_CV0,1,0,2,1,1
1,2540470.832,712452.2021,R1_F1_m1f1_P1_Y2_UO5,R1_F1_m-1f-1_P1_Y-1_U31,R1_F1_m-1f-1_P1_Y-1_U125,MXY,1,53.62613020747331,0,0,0.0,0,0,0,-9999.0,0.5,1,P0_CV0,1,1,1,1,1
1,2540470.832,712452.2021,R1_F1_m1f1_P1_Y2_UO6,R1_F1_m-1f-1_P1_Y-1_U31,R1_F1_m-1f-1_P1_Y-1_U125,FXX,1,53.62613020747331,0,0,0.0,0,0,0,-9999.0,0.5,1,P0_CV0,1,1,1,1,1
1,2540470.832,712452.2021,R1_F1_m1f1_P1_Y2_UO7,R1_F1_m-1f-1_P1_Y-1_U31,R1_F1_m-1f-1_P1_Y-1_U125,FXX,1,53.62613020747331,0,0,0.0,0,0,0,-9999.0,0.5,1,P0_CV0,1,1,1,0,2
1,2540470.832,712452.2021,R1_F1_m1f1_P1_Y2_UO20,R1_F1_m1f1_P1_Y0_UO677,R1_F1_m-1f-1_P1_Y-1_U125,MXY,1,53.62613020747331,0,0,0.0,0,0,0,-9999.0,0.75,1,P0_CV0,1,2,0,1,1
1,2540470.832,712452.2021,R1_F1_m1f1_P1_Y2_UO21,R1_F1_m1f1_P1_Y0_UO677,R1_F1_m-1f-1_P1_Y-1_U125,MXY,1,53.62613020747331,0,0,0.0,0,0,0,-9999.0,0.75,1,P0_CV0,1,2,0,1,1
1,2540470.832,712452.2021,R1_F1_m1f1_P1_Y2_UO22,R1_F1_m1f1_P1_Y0_UO677,R1_F1_m-1f-1_P1_Y-1_U125,FXX,1,53.62613020747331,0,0,0.0,0,0,0,-9999.0,0.75,1,P0_CV0,1,2,0,0,2
1,2540470.832,712452.2021,R1_F1_m1f1_P1_Y2_UO23,R1_F1_m1f1_P1_Y0_UO677,R1_F1_m-1f-1_P1_Y-1_U125,FXX,1,53.62613020747331,0,0,0.0,0,0,0,-9999.0,0.75,1,P0_CV0,1,2,0,1,1
1,2540470.832,712452.2021,R1_F1_m1f1_P1_Y2_UO24,R1_F1_m1f1_P1_Y0_UO677,R1_F1_m-1f-1_P1_Y-1_U125,FXX,1,53.62613020747331,0,0,0.0,0,0,0,-9999.0,0.75,1,P0_CV0,1,2,0,1,1
1,2540470.832,712452.2021,R1_F1_m1f1_P1_Y2_UO101,R1_F1_m1f1_P1_Y0_UO286,R1_F1_m1f1_P1_Y0_UO610,MXY,1,53.62613020747331,0,0,0.0,0,0,0,-9999.0,0.5,1,P0_CV0,1,0,2,2,0
1,2540470.832,712452.2021,R1_F1_m1f1_P1_Y2_UO102,R1_F1_m1f1_P1_Y0_UO286,R1_F1_m1f1_P1_Y0_UO610,FXX,1,53.62613020747331,0,0,0.0,0,0,0,-9999.0,0.5,1,P0_CV0,1,1,1,2,0
1,2540470.832,712452.2021,R1_F1_m1f1_P1_Y2_UO103,R1_F1_m1f1_P1_Y0_UO286,R1_F1_m1f1_P1_Y0_UO610,MXY,1,53.62613020747331,0,0,0.0,0,0,0,-9999.0,0.5,1,P0_CV0,1,1,1,2,0
1,2540470.832,712452.2021,R1_F1_m1f1_P1_Y2_UO104,R1_F1_m1f1_P1_Y0_UO286,R1_F1_m1f1_P1_Y0_UO610,MXY,1,53.62613020747331,0,0,0.0,0,0,0,-9999.0,0.5,1,P0_CV0,1,1,1,2,0
1,2540470.832,712452.2021,R1_F1_m1f1_P1_Y2_UO112,R1_F1_m1f1_P1_Y0_UO690,R1_F1_m1f1_P1_Y0_UO610,FXX,1,53.62613020747331,0,0,0.0,0,0,0,-9999.0,0.375,1,P0_CV0,1,2,0,1,1
1,2540470.832,712452.2021,R1_F1_m1f1_P1_Y2_UO113,R1_F1_m1f1_P1_Y0_UO690,R1_F1_m1f1_P1_Y0_UO610,FXX,1,53.62613020747331,0,0,0.0,0,0,0,-9999.0,0.375,1,P0_CV0,1,2,0,1,1
1,2540470.832,712452.2021,R1_F1_m1f1_P1_Y2_UO114,R1_F1_m1f1_P1_Y0_UO690,R1_F1_m1f1_P1_Y0_UO610,FXX,1,53.62613020747331,0,0,0.0,0,0,0,-9999.0,0.375,1,P0_CV0,1,2,0,1,1
1,2540470.832,712452.2021,R1_F1_m1f1_P1_Y2_UO115,R1_F1_m1f1_P1_Y0_UO690,R1_F1_m1f1_P1_Y0_UO610,MXY,1,53.62613020747331,0,0,0.0,0,0,0,-9999.0,0.375,1,P0_CV0,1,2,0,1,1
1,2540470.832,712452.2021,R1_F1_m1f1_P1_Y2_UO116,R1_F1_m1f1_P1_Y0_UO690,R1_F1_m1f1_P1_Y0_UO610,MXY,1,53.62613020747331,0,0,0.0,0,0,0,-9999.0,0.375,1,P0_CV0,1,1,1,1,1
1,2540470.832,712452.2021,R1_F1_m1f1_P1_Y2_UO132,R1_F1_m-1f-1_P1_Y-1_U103,R1_F1_m-1f-1_P1_Y-1_U125,FXX,1,53.62613020747331,0,0,0.0,0,0,0,-9999.0,0.5,1,P0_CV0,1,1,1,0,2
1,2540470.832,712452.2021,R1_F1_m1f1_P1_Y2_UO133,R1_F1_m-1f-1_P1_Y-1_U103,R1_F1_m-1f-1_P1_Y-1_U125,FXX,1,53.62613020747331,0,0,0.0,0,0,0,-9999.0,0.5,1,P0_CV0,1,1,1,0,2
1,2540470.832,712452.2021,R1_F1_m1f1_P1_Y2_UO134,R1_F1_m-1f-1_P1_Y-1_U103,R1_F1_m-1f-1_P1_Y-1_U125,MXY,1,53.62613020747331,0,0,0.0,0,0,0,-9999.0,0.5,1,P0_CV0,1,1,1,0,2
1,2540470.832,712452.2021,R1_F1_m1f1_P1_Y2_UO136,R1_F1_m-1f-1_P1_Y-1_U103,R1_F1_m-1f-1_P1_Y-1_U125,FXX,1,53.62613020747331,0,0,0.0,0,0,0,-9999.0,0.5,1,P0_CV0,1,1,1,0,2
1,2540470.832,712452.2021,R1_F1_m1f1_P1_Y2_UO137,R1_F1_m1f1_P1_Y0_UO604,R1_F1_m1f1_P1_Y0_UO290,MXY,1,53.62613020747331,0,0,0.0,0,0,0,-9999.0,0.125,1,P0_CV0,1,1,1,1,1
1,2540470.832,712452.2021,R1_F1_m1f1_P1_Y2_UO138,R1_F1_m1f1_P1_Y0_UO604,R1_F1_m1f1_P1_Y0_UO290,FXX,1,53.62613020747331,0,0,0.0,0,0,0,-9999.0,0.125,1,P0_CV0,1,2,0,1,1
1,2540470.832,712452.2021,R1_F1_m1f1_P1_Y2_UO139,R1_F1_m1f1_P1_Y0_UO604,R1_F1_m1f1_P1_Y0_UO290,MXY,1,53.62613020747331,0,0,0.0,0,0,0,-9999.0,0.125,1,P0_CV0,1,1,1,2,0
1,2540470.832,712452.2021,R1_F1_m1f1_P1_Y2_UO140,R1_F1_m-1f-1_P1_Y-1_U31,R1_F1_m1f1_P1_Y0_UO522,MXY,1,53.62613020747331,0,0,0.0,0,0,0,-9999.0,0.25,1,P0_CV0,1,0,2,0,2
1,2540470.832,712452.2021,R1_F1_m1f1_P1_Y2_UO141,R1_F1_m-1f-1_P1_Y-1_U31,R1_F1_m1f1_P1_Y0_UO522,MXY,1,53.62613020747331,0,0,0.0,0,0,0,-9999.0,0.25,1,P0_CV0,1,0,2,2,0
1,2540470.832,712452.2021,R1_F1_m1f1_P1_Y2_UO179,R1_F1_m-1f-1_P1_Y-1_U93,R1_F1_m-1f-1_P1_Y-1_U60,MXY,1,53.62613020747331,0,0,0.0,0,0,0,-9999.0,0.5,1,P0_CV0,1,0,2,1,1
1,2540470.832,712452.2021,R1_F1_m1f1_P1_Y2_UO180,R1_F1_m-1f-1_P1_Y-1_U93,R1_F1_m-1f-1_P1_Y-1_U60,MXY,1,53.62613020747331,0,0,0.0,0,0,0,-9999.0,0.5,1,P0_CV0,1,1,1,1,1
1,2540470.832,712452.2021,R1_F1_m1f1_P1_Y2_UO181,R1_F1_m-1f-1_P1_Y-1_U93,R1_F1_m-1f-1_P1_Y-1_U60,FXX,1,53.62613020747331,0,0,0.0,0,0,0,-9999.0,0.5,1,P0_CV0,1,2,0,2,0
1,2540470.832,712452.2021,R1_F1_m1f1_P1_Y2_UO184,R1_F1_m1f1_P1_Y0_UO183,R1_F1_m-1f-1_P1_Y-1_U38,MXY,1,53.62613020747331,0,0,0.0,0,0,0,-9999.0,0.125,1,P0_CV0,1,1,1,0,2
1,2540470.832,712452.2021,R1_F1_m1f1_P1_Y2_UO185,R1_F1_m1f1_P1_Y0_UO183,R1_F1_m-1f-1_P1_Y-1_U38,FXX,1,53.62613020747331,0,0,0.0,0,0,0,-9999.0,0.125,1,P0_CV0,1,0,2,0,2
1,2540470.832,712452.2021,R1_F1_m1f1_P1_Y2_UO186,R1_F1_m1f1_P1_Y0_UO183,R1_F1_m-1f-1_P1_Y-1_U38,FXX,1,53.62613020747331,0,0,0.0,0,0,0,-9999.0,0.125,1,P0_CV0,1,1,1,0,2
1,2540470.832,712452.2021,R1_F1_m1f1_P1_Y2_UO211,R1_F1_m1f1_P1_Y0_UO286,R1_F1_m-1f-1_P1_Y-1_U38,FXX,1,53.62613020747331,0,0,0.0,0,0,0,-9999.0,0.25,1,P0_CV0,1,1,1,1,1
1,2540470.832,712452.2021,R1_F1_m1f1_P1_Y2_UO212,R1_F1_m1f1_P1_Y0_UO286,R1_F1_m-1f-1_P1_Y-1_U38,FXX,1,53.62613020747331,0,0,0.0,0,0,0,-9999.0,0.25,1,P0_CV0,1,0,2,1,1
1,2540470.832,712452.2021,R1_F1_m1f1_P1_Y2_UO213,R1_F1_m1f1_P1_Y0_UO286,R1_F1_m-1f-1_P1_Y-1_U38,FXX,1,53.62613020747331,0,0,0.0,0,0,0,-9999.0,0.25,1,P0_CV0,1,0,2,1,1
1,2540470.832,712452.2021,R1_F1_m1f1_P1_Y2_UO214,R1_F1_m1f1_P1_Y0_UO286,R1_F1_m-1f-1_P1_Y-1_U38,FXX,1,53.62613020747331,0,0,0.0,0,0,0,-9999.0,0.25,1,P0_CV0,1,0,2,1,1
1,2540470.832,712452.2021,R1_F1_m1f1_P1_Y2_UO241,R1_F1_m-1f-1_P1_Y-1_U103,R1_F1_m1f1_P1_Y0_UO292,FXX,1,53.62613020747331,0,0,0.0,0,0,0,-9999.0,0.125,1,P0_CV0,1,0,2,1,1
1,2540470.832,712452.2021,R1_F1_m1f1_P1_Y2_UO242,R1_F1_m-1f-1_P1_Y-1_U103,R1_F1_m1f1_P1_Y0_UO292,FXX,1,53.62613020747331,0,0,0.0,0,0,0,-9999.0,0.125,1,P0_CV0,1,0,2,1,1
1,2540470.832,712452.2021,R1_F1_m1f1_P1_Y2_UO243,R1_F1_m-1f-1_P1_Y-1_U103,R1_F1_m1f1_P1_Y0_UO292,FXX,1,53.62613020747331,0,0,0.0,0,0,0,-9999.0,0.125,1,P0_CV0,1,0,2,0,2
1,2540470.832,712452.2021,R1_F1_m1f1_P1_Y2_UO244,R1_F1_m-1f-1_P1_Y-1_U103,R1_F1_m1f1_P1_Y0_UO292,FXX,1,53.62613020747331,0,0,0.0,0,0,0,-9999.0,0.125,1,P0_CV0,1,0,2,0,2
1,2540470.832,712452.2021,R1_F1_m1f1_P1_Y2_UO245,R1_F1_m-1f-1_P1_Y-1_U103,R1_F1_m1f1_P1_Y0_UO292,FXX,1,53.62613020747331,0,0,0.0,0,0,0,-9999.0,0.125,1,P0_CV0,1,0,2,1,1
1,2540470.832,712452.2021,R1_F1_m1f1_P1_Y2_UO246,R1_F1_m-1f-1_P1_Y-1_U103,R1_F1_m1f1_P1_Y0_UO292,MXY,1,53.62613020747331,0,0,0.0,0,0,0,-9999.0,0.125,1,P0_CV0,1,0,2,0,2
1,2540470.832,712452.2021,R1_F1_m1f1_P1_Y2_UO250,R1_F1_m1f1_P1_Y0_UO183,R1_F1_m1f1_P1_Y0_UO522,MXY,1,53.62613020747331,0,0,0.0,0,0,0,-9999.0,0.375,1,P0_CV0,1,1,1,1,1
1,2540470.832,712452.2021,R1_F1_m1f1_P1_Y2_UO251,R1_F1_m1f1_P1_Y0_UO183,R1_F1_m1f1_P1_Y0_UO522,FXX,1,53.62613020747331,0,0,0.0,0,0,0,-9999.0,0.375,1,P0_CV0,1,0,2,0,2
1,2540470.832,712452.2021,R1_F1_m1f1_P1_Y2_UO252,R1_F1_m1f1_P1_Y0_UO183,R1_F1_m1f1_P1_Y0_UO522,MXY,1,53.62613020747331,0,0,0.0,0,0,0,-9999.0,0.375,1,P0_CV0,1,0,2,2,0
1,2540470.832,712452.2021,R1_F1_m1f1_P1_Y2_UO259,R1_F1_m1f1_P1_Y0_UO690,R1_F1_m-1f-1_P1_Y-1_U38,FXX,1,53.62613020747331,0,0,0.0,0,0,0,-9999.0,0.125,1,P0_CV0,1,1,1,0,2
1,2540470.832,712452.2021,R1_F1_m1f1_P1_Y2_UO260,R1_F1_m1f1_P1_Y0_UO690,R1_F1_m-1f-1_P1_Y-1_U38,MXY,1,53.62613020747331,0,0,0.0,0,0,0,-9999.0,0.125,1,P0_CV0,1,1,1,0,2
1,2540470.832,712452.2021,R1_F1_m1f1_P1_Y2_UO261,R1_F1_m1f1_P1_Y0_UO690,R1_F1_m-1f-1_P1_Y-1_U38,FXX,1,53.62613020747331,0,0,0.0,0,0,0,-9999.0,0.125,1,P0_CV0,1,1,1,0,2
1,2540470.832,712452.2021,R1_F1_m1f1_P1_Y2_UO262,R1_F1_m1f1_P1_Y0_UO690,R1_F1_m-1f-1_P1_Y-1_U38,MXY,1,53.62613020747331,0,0,0.0,0,0,0,-9999.0,0.125,1,P0_CV0,1,1,1,0,2
1,2540470.832,712452.2021,R1_F1_m1f1_P1_Y2_UO263,R1_F1_m1f1_P1_Y0_UO690,R1_F1_m-1f-1_P1_Y-1_U38,FXX,1,53.62613020747331,0,0,0.0,0,0,0,-9999.0,0.125,1,P0_CV0,1,1,1,0,2
1,2540470.832,712452.2021,R1_F1_m1f1_P1_Y2_UO264,R1_F1_m1f1_P1_Y0_UO690,R1_F1_m-1f-1_P1_Y-1_U38,MXY,1,53.62613020747331,0,0,0.0,0,0,0,-9999.0,0.125,1,P0_CV0,1,1,1,0,2
1,2540470.832,712452.2021,R1_F1_m1f1_P1_Y2_UO265,R1_F1_m1f1_P1_Y0_UO690,R1_F1_m-1f-1_P1_Y-1_U38,MXY,1,53.62613020747331,0,0,0.0,0,0,0,-9999.0,0.125,1,P0_CV0,1,1,1,0,2
1,2540470.832,712452.2021,R1_F1_m1f1_P1_Y2_UO282,R1_F1_m1f1_P1_Y0_UO478,R1_F1_m-1f-1_P1_Y-1_U118,MXY,1,53.62613020747331,0,0,0.0,0,0,0,-9999.0,0.0,1,P0_CV0,1,0,2,0,2
1,2540470.832,712452.2021,R1_F1_m1f1_P1_Y2_UO283,R1_F1_m1f1_P1_Y0_UO478,R1_F1_m-1f-1_P1_Y-1_U118,FXX,1,53.62613020747331,0,0,0.0,0,0,0,-9999.0,0.0,1,P0_CV0,1,1,1,0,2
1,2540470.832,712452.2021,R1_F1_m1f1_P1_Y2_UO321,R1_F1_m1f1_P1_Y0_UO286,R1_F1_m1f1_P1_Y0_UO522,FXX,1,53.62613020747331,0,0,0.0,0,0,0,-9999.0,0.5,1,P0_CV0,1,0,2,1,1
1,2540470.832,712452.2021,R1_F1_m1f1_P1_Y2_UO376,R1_F1_m1f1_P1_Y0_UO689,R1_F1_m1f1_P1_Y0_UO234,FXX,1,53.62613020747331,0,0,0.0,0,0,0,-9999.0,0.125,1,P0_CV0,1,1,1,0,2
1,2540470.832,712452.2021,R1_F1_m1f1_P1_Y2_UO377,R1_F1_m1f1_P1_Y0_UO689,R1_F1_m1f1_P1_Y0_UO234,MXY,1,53.62613020747331,0,0,0.0,0,0,0,-9999.0,0.125,1,P0_CV0,1,1,1,2,0
1,2540470.832,712452.2021,R1_F1_m1f1_P1_Y2_UO378,R1_F1_m1f1_P1_Y0_UO689,R1_F1_m1f1_P1_Y0_UO234,FXX,1,53.62613020747331,0,0,0.0,0,0,0,-9999.0,0.125,1,P0_CV0,1,1,1,1,1
1,2540470.832,712452.2021,R1_F1_m1f1_P1_Y2_UO460,R1_F1_m1f1_P1_Y0_UO677,R1_F1_m1f1_P1_Y0_UO610,FXX,1,53.62613020747331,0,0,0.0,0,0,0,-9999.0,0.5,1,P0_CV0,1,2,0,2,0
1,2540470.832,712452.2021,R1_F1_m1f1_P1_Y2_UO461,R1_F1_m1f1_P1_Y0_UO677,R1_F1_m1f1_P1_Y0_UO610,MXY,1,53.62613020747331,0,0,0.0,0,0,0,-9999.0,0.5,1,P0_CV0,1,2,0,2,0
1,2540470.832,712452.2021,R1_F1_m1f1_P1_Y2_UO462,R1_F1_m1f1_P1_Y0_UO677,R1_F1_m1f1_P1_Y0_UO610,FXX,1,53.62613020747331,0,0,0.0,0,0,0,-9999.0,0.5,1,P0_CV0,1,2,0,1,1
1,2540470.832,712452.2021,R1_F1_m1f1_P1_Y2_UO463,R1_F1_m1f1_P1_Y0_UO677,R1_F1_m1f1_P1_Y0_UO610,MXY,1,53.62613020747331,0,0,0.0,0,0,0,-9999.0,0.5,1,P0_CV0,1,1,1,1,1
1,2540470.832,712452.2021,R1_F1_m1f1_P1_Y2_UO464,R1_F1_m1f1_P1_Y0_UO677,R1_F1_m1f1_P1_Y0_UO610,FXX,1,53.62613020747331,0,0,0.0,0,0,0,-9999.0,0.5,1,P0_CV0,1,1,1,2,0
1,2540470.832,712452.2021,R1_F1_m1f1_P1_Y2_UO471,R1_F1_m1f1_P1_Y0_UO47,R1_F1_m1f1_P1_Y0_UO610,MXY,1,53.62613020747331,0,0,0.0,0,0,0,-9999.0,0.625,1,P0_CV0,1,2,0,1,1
1,2540470.832,712452.2021,R1_F1_m1f1_P1_Y2_UO472,R1_F1_m1f1_P1_Y0_UO677,R1_F1_m1f1_P1_Y0_UO365,MXY,1,53.62613020747331,0,0,0.0,0,0,0,-9999.0,0.5,1,P0_CV0,1,2,0,2,0
1,2540470.832,712452.2021,R1_F1_m1f1_P1_Y2_UO473,R1_F1_m1f1_P1_Y0_UO677,R1_F1_m1f1_P1_Y0_UO365,MXY,1,53.62613020747331,0,0,0.0,0,0,0,-9999.0,0.5,1,P0_CV0,1,2,0,2,0
1,2540470.832,712452.2021,R1_F1_m1f1_P1_Y2_UO474,R1_F1_m-1f-1_P1_Y-1_U72,R1_F1_m1f1_P1_Y0_UO522,FXX,1,53.62613020747331,0,0,0.0,0,0,0,-9999.0,0.25,1,P0_CV0,1,0,2,1,1
1,2540470.832,712452.2021,R1_F1_m1f1_P1_Y2_UO475,R1_F1_m-1f-1_P1_Y-1_U72,R1_F1_m1f1_P1_Y0_UO522,FXX,1,53.62613020747331,0,0,0.0,0,0,0,-9999.0,0.25,1,P0_CV0,1,0,2,2,0
1,2540470.832,712452.2021,R1_F1_m1f1_P1_Y2_UO476,R1_F1_m-1f-1_P1_Y-1_U72,R1_F1_m1f1_P1_Y0_UO522,MXY,1,53.62613020747331,0,0,0.0,0,0,0,-9999.0,0.25,1,P0_CV0,1,0,2,1,1
1,2540470.832,712452.2021,R1_F1_m1f1_P1_Y2_UO478,R1_F1_m1f1_P1_Y0_UO677,R1_F1_m-1f-1_P1_Y-1_U124,FXX,1,53.62613020747331,0,0,0.0,0,0,0,-9999.0,0.5,1,P0_CV0,1,2,0,1,1
1,2540470.832,712452.2021,R1_F1_m1f1_P1_Y2_UO479,R1_F1_m1f1_P1_Y0_UO677,R1_F1_m-1f-1_P1_Y-1_U124,MXY,1,53.62613020747331,0,0,0.0,0,0,0,-9999.0,0.5,1,P0_CV0,1,2,0,1,1
1,2540470.832,712452.2021,R1_F1_m1f1_P1_Y2_UO480,R1_F1_m1f1_P1_Y0_UO677,R1_F1_m-1f-1_P1_Y-1_U124,MXY,1,53.62613020747331,0,0,0.0,0,0,0,-9999.0,0.5,1,P0_CV0,1,2,0,1,1
1,2540470.832,712452.2021,R1_F1_m1f1_P1_Y2_UO508,R1_F1_m-1f-1_P1_Y-1_U93,R1_F1_m-1f-1_P1_Y-1_U127,MXY,1,53.62613020747331,0,0,0.0,0,0,0,-9999.0,0.25,1,P0_CV0,1,0,2,1,1
1,2540470.832,712452.2021,R1_F1_m1f1_P1_Y2_UO509,R1_F1_m-1f-1_P1_Y-1_U93,R1_F1_m-1f-1_P1_Y-1_U127,FXX,1,53.62613020747331,0,0,0.0,0,0,0,-9999.0,0.25,1,P0_CV0,1,1,1,1,1
1,2540470.832,712452.2021,R1_F1_m1f1_P1_Y2_UO510,R1_F1_m1f1_P1_Y0_UO689,R1_F1_m1f1_P1_Y0_UO290,FXX,1,53.62613020747331,0,0,0.0,0,0,0,-9999.0,0.25,1,P0_CV0,1,1,1,2,0
1,2540470.832,712452.2021,R1_F1_m1f1_P1_Y2_UO511,R1_F1_m1f1_P1_Y0_UO689,R1_F1_m1f1_P1_Y0_UO290,MXY,1,53.62613020747331,0,0,0.0,0,0,0,-9999.0,0.25,1,P0_CV0,1,1,1,1,1
1,2540470.832,712452.2021,R1_F1_m1f1_P1_Y2_UO512,R1_F1_m1f1_P1_Y0_UO689,R1_F1_m1f1_P1_Y0_UO290,MXY,1,53.62613020747331,0,0,0.0,0,0,0,-9999.0,0.25,1,P0_CV0,1,0,2,1,1
1,2540470.832,712452.2021,R1_F1_m1f1_P1_Y2_UO513,R1_F1_m1f1_P1_Y0_UO689,R1_F1_m1f1_P1_Y0_UO290,FXX,1,53.62613020747331,0,0,0.0,0,0,0,-9999.0,0.25,1,P0_CV0,1,1,1,1,1
1,2540470.832,712452.2021,R1_F1_m1f1_P1_Y2_UO514,R1_F1_m1f1_P1_Y0_UO689,R1_F1_m1f1_P1_Y0_UO290,MXY,1,53.62613020747331,0,0,0.0,0,0,0,-9999.0,0.25,1,P0_CV0,1,0,2,1,1
1,2540470.832,712452.2021,R1_F1_m1f1_P1_Y2_UO515,R1_F1_m1f1_P1_Y0_UO604,R1_F1_m1f1_P1_Y0_UO603,MXY,1,53.62613020747331,0,0,0.0,0,0,0,-9999.0,0.0,1,P0_CV0,1,2,0,1,1
1,2540470.832,712452.2021,R1_F1_m1f1_P1_Y2_UO516,R1_F1_m1f1_P1_Y0_UO604,R1_F1_m1f1_P1_Y0_UO603,MXY,1,53.62613020747331,0,0,0.0,0,0,0,-9999.0,0.0,1,P0_CV0,1,2,0,1,1
1,2540470.832,712452.2021,R1_F1_m1f1_P1_Y2_UO517,R1_F1_m1f1_P1_Y0_UO604,R1_F1_m1f1_P1_Y0_UO603,MXY,1,53.62613020747331,0,0,0.0,0,0,0,-9999.0,0.0,1,P0_CV0,1,2,0,1,1
1,2540470.832,712452.2021,R1_F1_m1f1_P1_Y2_UO536,R1_F1_m1f1_P1_Y0_UO183,R1_F1_m-1f-1_P1_Y-1_U107,FXX,1,53.62613020747331,0,0,0.0,0,0,0,-9999.0,0.375,1,P0_CV0,1,0,2,2,0
1,2540470.832,712452.2021,R1_F1_m1f1_P1_Y2_UO537,R1_F1_m1f1_P1_Y0_UO183,R1_F1_m-1f-1_P1_Y-1_U107,MXY,1,53.62613020747331,0,0,0.0,0,0,0,-9999.0,0.375,1,P0_CV0,1,1,1,1,1
1,2540470.832,712452.2021,R1_F1_m1f1_P1_Y2_UO538,R1_F1_m1f1_P1_Y0_UO183,R1_F1_m-1f-1_P1_Y-1_U107,MXY,1,53.62613020747331,0,0,0.0,0,0,0,-9999.0,0.375,1,P0_CV0,1,1,1,2,0
1,2540470.832,712452.2021,R1_F1_m1f1_P1_Y2_UO543,R1_F1_m1f1_P1_Y0_UO690,R1_F1_m1f1_P1_Y0_UO610,MXY,1,53.62613020747331,0,0,0.0,0,0,0,-9999.0,0.375,1,P0_CV0,1,2,0,1,1
1,2540470.832,712452.2021,R1_F1_m1f1_P1_Y2_UO544,R1_F1_m-1f-1_P1_Y-1_U72,R1_F1_m-1f-1_P1_Y-1_U38,FXX,1,53.62613020747331,0,0,0.0,0,0,0,-9999.0,0.0,1,P0_CV0,1,0,2,0,2
1,2540470.832,712452.2021,R1_F1_m1f1_P1_Y2_UO545,R1_F1_m-1f-1_P1_Y-1_U72,R1_F1_m-1f-1_P1_Y-1_U38,MXY,1,53.62613020747331,0,0,0.0,0,0,0,-9999.0,0.0,1,P0_CV0,1,0,2,1,1
1,2540470.832,712452.2021,R1_F1_m1f1_P1_Y2_UO546,R1_F1_m-1f-1_P1_Y-1_U72,R1_F1_m-1f-1_P1_Y-1_U38,MXY,1,53.62613020747331,0,0,0.0,0,0,0,-9999.0,0.0,1,P0_CV0,1,0,2,0,2
1,2540470.832,712452.2021,R1_F1_m1f1_P1_Y2_UO551,R1_F1_m1f1_P1_Y0_UO235,R1_F1_m-1f-1_P1_Y-1_U120,FXX,1,53.62613020747331,0,0,0.0,0,0,0,-9999.0,0.25,1,P0_CV0,1,1,1,1,1
1,2540470.832,712452.2021,R1_F1_m1f1_P1_Y2_UO552,R1_F1_m1f1_P1_Y0_UO235,R1_F1_m-1f-1_P1_Y-1_U120,FXX,1,53.62613020747331,0,0,0.0,0,0,0,-9999.0,0.25,1,P0_CV0,1,2,0,0,2
1,2540470.832,712452.2021,R1_F1_m1f1_P1_Y2_UO553,R1_F1_m1f1_P1_Y0_UO235,R1_F1_m-1f-1_P1_Y-1_U120,MXY,1,53.62613020747331,0,0,0.0,0,0,0,-9999.0,0.25,1,P0_CV0,1,1,1,0,2
1,2540470.832,712452.2021,R1_F1_m1f1_P1_Y2_UO595,R1_F1_m1f1_P1_Y0_UO690,R1_F1_m-1f-1_P1_Y-1_U41,FXX,1,53.62613020747331,0,0,0.0,0,0,0,-9999.0,0.125,1,P0_CV0,1,1,1,0,2
1,2540470.832,712452.2021,R1_F1_m1f1_P1_Y2_UO596,R1_F1_m1f1_P1_Y0_UO690,R1_F1_m-1f-1_P1_Y-1_U41,MXY,1,53.62613020747331,0,0,0.0,0,0,0,-9999.0,0.125,1,P0_CV0,1,1,1,0,2
1,2540470.832,712452.2021,R1_F1_m1f1_P1_Y2_UO597,R1_F1_m1f1_P1_Y0_UO690,R1_F1_m-1f-1_P1_Y-1_U41,FXX,1,53.62613020747331,0,0,0.0,0,0,0,-9999.0,0.125,1,P0_CV0,1,1,1,1,1
1,2540470.832,712452.2021,R1_F1_m1f1_P1_Y2_UO611,R1_F1_m1f1_P1_Y0_UO690,R1_F1_m-1f-1_P1_Y-1_U37,MXY,1,53.62613020747331,0,0,0.0,0,0,0,-9999.0,0.125,1,P0_CV0,1,1,1,1,1
1,2540470.832,712452.2021,R1_F1_m1f1_P1_Y2_UO612,R1_F1_m1f1_P1_Y0_UO690,R1_F1_m-1f-1_P1_Y-1_U37,FXX,1,53.62613020747331,0,0,0.0,0,0,0,-9999.0,0.125,1,P0_CV0,1,1,1,0,2
1,2540470.832,712452.2021,R1_F1_m1f1_P1_Y2_UO613,R1_F1_m1f1_P1_Y0_UO690,R1_F1_m-1f-1_P1_Y-1_U37,FXX,1,53.62613020747331,0,0,0.0,0,0,0,-9999.0,0.125,1,P0_CV0,1,1,1,1,1
1,2540470.832,712452.2021,R1_F1_m1f1_P1_Y2_UO614,R1_F1_m1f1_P1_Y0_UO690,R1_F1_m-1f-1_P1_Y-1_U37,FXX,1,53.62613020747331,0,0,0.0,0,0,0,-9999.0,0.125,1,P0_CV0,1,1,1,0,2
1,2540470.832,712452.2021,R1_F1_m1f1_P1_Y2_UO621,R1_F1_m1f1_P1_Y0_UO675,R1_F1_m-1f-1_P1_Y-1_U107,FXX,1,53.62613020747331,0,0,0.0,0,0,0,-9999.0,0.5,1,P0_CV0,1,2,0,1,1
1,2540470.832,712452.2021,R1_F1_m1f1_P1_Y2_UO622,R1_F1_m1f1_P1_Y0_UO675,R1_F1_m-1f-1_P1_Y-1_U107,MXY,1,53.62613020747331,0,0,0.0,0,0,0,-9999.0,0.5,1,P0_CV0,1,1,1,1,1
1,2540470.832,712452.2021,R1_F1_m1f1_P1_Y2_UO623,R1_F1_m1f1_P1_Y0_UO675,R1_F1_m-1f-1_P1_Y-1_U107,FXX,1,53.62613020747331,0,0,0.0,0,0,0,-9999.0,0.5,1,P0_CV0,1,2,0,1,1
1,2540470.832,712452.2021,R1_F1_m1f1_P1_Y2_UO624,R1_F1_m1f1_P1_Y0_UO183,R1_F1_m1f1_P1_Y0_UO477,FXX,1,53.62613020747331,0,0,0.0,0,0,0,-9999.0,0.125,1,P0_CV0,1,1,1,1,1
1,2540470.832,712452.2021,R1_F1_m1f1_P1_Y2_UO625,R1_F1_m1f1_P1_Y0_UO183,R1_F1_m1f1_P1_Y0_UO477,MXY,1,53.62613020747331,0,0,0.0,0,0,0,-9999.0,0.125,1,P0_CV0,1,1,1,1,1
1,2540470.832,712452.2021,R1_F1_m1f1_P1_Y2_UO649,R1_F1_m1f1_P1_Y0_UO47,R1_F1_m1f1_P1_Y0_UO181,MXY,1,53.62613020747331,0,0,0.0,0,0,0,-9999.0,0.625,1,P0_CV0,1,1,1,0,2
1,2540470.832,712452.2021,R1_F1_m1f1_P1_Y2_UO650,R1_F1_m1f1_P1_Y0_UO47,R1_F1_m1f1_P1_Y0_UO181,MXY,1,53.62613020747331,0,0,0.0,0,0,0,-9999.0,0.625,1,P0_CV0,1,2,0,0,2
1,2540470.832,712452.2021,R1_F1_m1f1_P1_Y2_UO651,R1_F1_m1f1_P1_Y0_UO690,R1_F1_m1f1_P1_Y0_UO290,MXY,1,53.62613020747331,0,0,0.0,0,0,0,-9999.0,0.25,1,P0_CV0,1,2,0,1,1
1,2540470.832,712452.2021,R1_F1_m1f1_P1_Y2_UO652,R1_F1_m1f1_P1_Y0_UO690,R1_F1_m1f1_P1_Y0_UO290,FXX,1,53.62613020747331,0,0,0.0,0,0,0,-9999.0,0.25,1,P0_CV0,1,1,1,0,2
1,2540470.832,712452.2021,R1_F1_m1f1_P1_Y2_UO653,R1_F1_m1f1_P1_Y0_UO690,R1_F1_m1f1_P1_Y0_UO290,MXY,1,53.62613020747331,0,0,0.0,0,0,0,-9999.0,0.25,1,P0_CV0,1,1,1,1,1
1,2540470.832,712452.2021,R1_F1_m1f1_P1_Y2_UO654,R1_F1_m1f1_P1_Y0_UO690,R1_F1_m1f1_P1_Y0_UO290,MXY,1,53.62613020747331,0,0,0.0,0,0,0,-9999.0,0.25,1,P0_CV0,1,1,1,1,1
1,2540470.832,712452.2021,R1_F1_m1f1_P1_Y1_UO464,R1_F1_m-1f-1_P1_Y-1_U61,R1_F1_m-1f-1_P1_Y-1_U40,FXX,2,77.58253724906278,1,0,1.0,0,0,0,-9999.0,0.25,1,P0_CV0,1,1,1,1,1
1,2540470.832,712452.2021,R1_F1_m1f1_P1_Y1_UO480,R1_F1_m-1f-1_P1_Y-1_U61,R1_F1_m-1f-1_P1_Y-1_U70,FXX,2,77.58253724906278,1,0,1.616,0,0,0,-9999.0,0.5,1,P0_CV0,1,0,2,2,0
1,2540470.832,712452.2021,R1_F1_m1f1_P1_Y1_UO381,R1_F1_m-1f-1_P1_Y-1_U83,R1_F1_m-1f-1_P1_Y-1_U111,MXY,2,77.58253724906278,1,0,0.0,0,0,0,-9999.0,0.0,1,P0_CV0,1,0,2,2,0
1,2540470.832,712452.2021,R1_F1_m1f1_P1_Y1_UO187,R1_F1_m-1f-1_P1_Y-1_U28,R1_F1_m-1f-1_P1_Y-1_U70,MXY,2,77.58253724906278,1,0,0.0,0,0,0,-9999.0,0.25,1,P0_CV0,1,1,1,1,1
1,2540470.832,712452.2021,R1_F1_m1f1_P1_Y1_UO333,R1_F1_m-1f-1_P1_Y-1_U11,R1_F1_m-1f-1_P1_Y-1_U38,FXX,2,77.58253724906278,1,0,0.0,0,0,0,-9999.0,0.0,1,P0_CV0,1,1,1,2,0
1,2540470.832,712452.2021,R1_F1_m1f1_P1_Y1_UO72,R1_F1_m-1f-1_P1_Y-1_U43,R1_F1_m-1f-1_P1_Y-1_U111,FXX,2,77.58253724906278,1,0,0.0,0,0,0,-9999.0,0.0,1,P0_CV0,1,2,0,2,0
1,2540470.832,712452.2021,R1_F1_m1f1_P1_Y1_UO46,R1_F1_m-1f-1_P1_Y-1_U22,R1_F1_m-1f-1_P1_Y-1_U90,MXY,2,77.58253724906278,1,0,0.0,0,0,0,-9999.0,0.25,1,P0_CV0,1,0,2,0,2
1,2540470.832,712452.2021,R1_F1_m1f1_P1_Y1_UO42,R1_F1_m-1f-1_P1_Y-1_U104,R1_F1_m-1f-1_P1_Y-1_U111,FXX,2,77.58253724906278,1,0,0.0,0,0,0,-9999.0,0.0,1,P0_CV0,1,1,1,1,1
1,2540470.832,712452.2021,R1_F1_m1f1_P1_Y1_UO274,R1_F1_m-1f-1_P1_Y-1_U23,R1_F1_m-1f-1_P1_Y-1_U56,FXX,2,77.58253724906278,1,0,1.091,0,0,0,-9999.0,0.5,1,P0_CV0,1,1,1,1,1
1,2540470.832,712452.2021,R1_F1_m1f1_P1_Y1_UO276,R1_F1_m-1f-1_P1_Y-1_U23,R1_F1_m-1f-1_P1_Y-1_U56,FXX,2,77.58253724906278,1,0,0.0,0,0,0,-9999.0,0.5,1,P0_CV0,1,1,1,0,2
1,2540470.832,712452.2021,R1_F1_m1f1_P1_Y1_UO123,R1_F1_m-1f-1_P1_Y-1_U93,R1_F1_m-1f-1_P1_Y-1_U125,MXY,2,77.58253724906278,1,0,0.0,0,0,0,-9999.0,0.75,1,P0_CV0,1,0,2,1,1
1,2540470.832,712452.2021,R1_F1_m1f1_P1_Y1_UO440,R1_F1_m-1f-1_P1_Y-1_U11,R1_F1_m-1f-1_P1_Y-1_U52,FXX,2,77.58253724906278,1,0,0.0,0,0,0,-9999.0,0.0,1,P0_CV0,1,1,1,1,1
1,2540470.832,712452.2021,R1_F1_m1f1_P1_Y1_UO336,R1_F1_m-1f-1_P1_Y-1_U79,R1_F1_m-1f-1_P1_Y-1_U92,MXY,2,77.58253724906278,1,0,0.0,0,0,0,-9999.0,0.25,1,P0_CV0,1,0,2,0,2
1,2540470.832,712452.2021,R1_F1_m1f1_P1_Y1_UO189,R1_F1_m-1f-1_P1_Y-1_U28,R1_F1_m-1f-1_P1_Y-1_U70,MXY,2,77.58253724906278,1,0,0.0,0,0,0,-9999.0,0.25,1,P0_CV0,1,2,0,1,1
1,2540470.832,712452.2021,R1_F1_m1f1_P1_Y1_UO315,R1_F1_m-1f-1_P1_Y-1_U71,R1_F1_m-1f-1_P1_Y-1_U27,MXY,2,77.58253724906278,1,0,0.0,0,0,0,-9999.0,0.0,1,P0_CV0,1,1,1,1,1
1,2540470.832,712452.2021,R1_F1_m1f1_P1_Y1_UO209,R1_F1_m-1f-1_P1_Y-1_U23,R1_F1_m-1f-1_P1_Y-1_U41,MXY,2,77.58253724906278,1,0,0.0,0,0,0,-9999.0,0.25,1,P0_CV0,1,2,0,1,1
1,2540470.832,712452.2021,R1_F1_m1f1_P1_Y1_UO317,R1_F1_m-1f-1_P1_Y-1_U117,R1_F1_m-1f-1_P1_Y-1_U40,FXX,2,77.58253724906278,1,0,1.198,0,0,0,-9999.0,0.0,1,P0_CV0,1,1,1,1,1
1,2540470.832,712452.2021,R1_F1_m1f1_P1_Y1_UO427,R1_F1_m-1f-1_P1_Y-1_U88,R1_F1_m-1f-1_P1_Y-1_U6,FXX,2,77.58253724906278,1,0,1.0,0,0,0,-9999.0,0.5,1,P0_CV0,1,0,2,0,2
1,2540470.832,712452.2021,R1_F1_m1f1_P1_Y1_UO185,R1_F1_m-1f-1_P1_Y-1_U104,R1_F1_m-1f-1_P1_Y-1_U12,FXX,2,77.58253724906278,1,0,1.293,0,0,0,-9999.0,0.25,1,P0_CV0,1,0,2,2,0
1,2540470.832,712452.2021,R1_F1_m1f1_P1_Y1_UO307,R1_F1_m-1f-1_P1_Y-1_U42,R1_F1_m-1f-1_P1_Y-1_U41,FXX,2,77.58253724906278,1,0,1.094,0,0,0,-9999.0,0.25,1,P0_CV0,1,0,2,1,1
1,2540470.832,712452.2021,R1_F1_m1f1_P1_Y1_UO488,R1_F1_m-1f-1_P1_Y-1_U61,R1_F1_m-1f-1_P1_Y-1_U40,FXX,2,77.58253724906278,1,0,1.564,0,0,0,-9999.0,0.25,1,P0_CV0,1,1,1,2,0
1,2540470.832,712452.2021,R1_F1_m1f1_P1_Y1_UO523,R1_F1_m-1f-1_P1_Y-1_U109,R1_F1_m-1f-1_P1_Y-1_U27,FXX,2,77.58253724906278,1,0,0.0,0,0,0,-9999.0,0.25,1,P0_CV0,1,0,2,1,1
1,2540470.832,712452.2021,R1_F1_m1f1_P1_Y1_UO538,R1_F1_m-1f-1_P1_Y-1_U25,R1_F1_m-1f-1_P1_Y-1_U69,FXX,2,77.58253724906278,1,0,2.06,0,0,0,-9999.0,0.5,1,P0_CV0,1,2,0,1,1
1,2540470.832,712452.2021,R1_F1_m1f1_P1_Y1_UO481,R1_F1_m-1f-1_P1_Y-1_U61,R1_F1_m-1f-1_P1_Y-1_U70,FXX,2,77.58253724906278,1,0,1.0,0,0,0,-9999.0,0.5,1,P0_CV0,1,1,1,1,1
1,2540470.832,712452.2021,R1_F1_m1f1_P1_Y1_UO483,R1_F1_m-1f-1_P1_Y-1_U104,R1_F1_m-1f-1_P1_Y-1_U92,FXX,2,77.58253724906278,1,0,2.184,0,0,0,-9999.0,0.0,1,P0_CV0,1,0,2,0,2
1,2540470.832,712452.2021,R1_F1_m1f1_P1_Y1_UO240,R1_F1_m-1f-1_P1_Y-1_U25,R1_F1_m-1f-1_P1_Y-1_U41,MXY,2,77.58253724906278,1,0,0.0,0,0,0,-9999.0,0.5,1,P0_CV0,1,0,2,1,1
1,2540470.832,712452.2021,R1_F1_m1f1_P1_Y1_UO76,R1_F1_m-1f-1_P1_Y-1_U28,R1_F1_m-1f-1_P1_Y-1_U30,MXY,2,77.58253724906278,1,0,0.0,0,0,0,-9999.0,0.0,1,P0_CV0,1,2,0,2,0
1,2540470.832,712452.2021,R1_F1_m1f1_P1_Y1_UO22,R1_F1_m-1f-1_P1_Y-1_U23,R1_F1_m-1f-1_P1_Y-1_U3,MXY,2,77.58253724906278,1,0,0.0,0,0,0,-9999.0,0.25,1,P0_CV0,1,0,2,0,2
1,2540470.832,712452.2021,R1_F1_m1f1_P1_Y1_UO351,R1_F1_m-1f-1_P1_Y-1_U20,R1_F1_m-1f-1_P1_Y-1_U38,MXY,2,77.58253724906278,1,0,0.0,0,0,0,-9999.0,0.0,1,P0_CV0,1,0,2,2,0
1,2540470.832,712452.2021,R1_F1_m1f1_P1_Y1_UO67,R1_F1_m-1f-1_P1_Y-1_U109,R1_F1_m-1f-1_P1_Y-1_U34,FXX,2,77.58253724906278,1,0,1.258,0,0,0,-9999.0,0.25,1,P0_CV0,1,2,0,2,0
1,2540470.832,712452.2021,R1_F1_m1f1_P1_Y1_UO426,R1_F1_m-1f-1_P1_Y-1_U88,R1_F1_m-1f-1_P1_Y-1_U6,MXY,2,77.58253724906278,1,0,0.0,0,0,0,-9999.0,0.5,1,P0_CV0,1,0,2,1,1
1,2540470.832,712452.2021,R1_F1_m1f1_P1_Y1_UO109,R1_F1_m-1f-1_P1_Y-1_U23,R1_F1_m-1f-1_P1_Y-1_U127,MXY,2,77.58253724906278,1,0,0.0,0,0,0,-9999.0,0.25,1,P0_CV0,1,0,2,1,1
1,2540470.832,712452.2021,R1_F1_m1f1_P1_Y1_UO506,R1_F1_m-1f-1_P1_Y-1_U80,R1_F1_m-1f-1_P1_Y-1_U41,MXY,2,77.58253724906278,1,0,0.0,0,0,0,-9999.0,0.25,1,P0_CV0,1,2,0,1,1
1,2540470.832,712452.2021,R1_F1_m1f1_P1_Y1_UO533,R1_F1_m-1f-1_P1_Y-1_U99,R1_F1_m-1f-1_P1_Y-1_U27,MXY,2,77.58253724906278,1,0,0.0,0,0,0,-9999.0,0.25,1,P0_CV0,1,1,1,1,1
1,2540470.832,712452.2021,R1_F1_m1f1_P1_Y1_UO262,R1_F1_m-1f-1_P1_Y-1_U104,R1_F1_m-1f-1_P1_Y-1_U6,MXY,2,77.58253724906278,1,0,0.0,0,0,0,-9999.0,0.25,1,P0_CV0,1,2,0,1,1
1,2540470.832,712452.2021,R1_F1_m1f1_P1_Y1_UO92,R1_F1_m-1f-1_P1_Y-1_U104,R1_F1_m-1f-1_P1_Y-1_U120,FXX,2,77.58253724906278,1,0,0.0,0,0,0,-9999.0,0.25,1,P0_CV0,1,0,2,2,0
1,2540470.832,712452.2021,R1_F1_m1f1_P1_Y1_UO23,R1_F1_m-1f-1_P1_Y-1_U23,R1_F1_m-1f-1_P1_Y-1_U3,MXY,2,77.58253724906278,1,0,0.0,0,0,0,-9999.0,0.25,1,P0_CV0,1,1,1,1,1
1,2540470.832,712452.2021,R1_F1_m1f1_P1_Y1_UO91,R1_F1_m-1f-1_P1_Y-1_U104,R1_F1_m-1f-1_P1_Y-1_U120,FXX,2,77.58253724906278,1,0,1.0,0,0,0,-9999.0,0.25,1,P0_CV0,1,0,2,0,2
1,2540470.832,712452.2021,R1_F1_m1f1_P1_Y1_UO350,R1_F1_m-1f-1_P1_Y-1_U20,R1_F1_m-1f-1_P1_Y-1_U38,MXY,2,77.58253724906278,1,0,0.0,0,0,0,-9999.0,0.0,1,P0_CV0,1,0,2,0,2
1,2540470.832,712452.2021,R1_F1_m1f1_P1_Y1_UO539,R1_F1_m-1f-1_P1_Y-1_U25,R1_F1_m-1f-1_P1_Y-1_U69,FXX,2,77.58253724906278,1,0,2.194,0,0,0,-9999.0,0.5,1,P0_CV0,1,0,2,1,1
1,2540470.832,712452.2021,R1_F1_m1f1_P1_Y1_UO499,R1_F1_m-1f-1_P1_Y-1_U25,R1_F1_m-1f-1_P1_Y-1_U96,FXX,2,77.58253724906278,1,0,1.145,0,0,0,-9999.0,0.5,1,P0_CV0,1,1,1,2,0
1,2540470.832,712452.2021,R1_F1_m1f1_P1_Y1_UO83,R1_F1_m-1f-1_P1_Y-1_U65,R1_F1_m-1f-1_P1_Y-1_U124,MXY,2,77.58253724906278,1,0,0.0,0,0,0,-9999.0,0.5,1,P0_CV0,1,0,2,1,1
1,2540470.832,712452.2021,R1_F1_m1f1_P1_Y1_UO261,R1_F1_m-1f-1_P1_Y-1_U104,R1_F1_m-1f-1_P1_Y-1_U6,FXX,2,77.58253724906278,1,0,1.997,0,0,0,-9999.0,0.25,1,P0_CV0,1,1,1,0,2
1,2540470.832,712452.2021,R1_F1_m1f1_P1_Y1_UO439,R1_F1_m-1f-1_P1_Y-1_U11,R1_F1_m-1f-1_P1_Y-1_U52,MXY,2,77.58253724906278,1,0,0.0,0,0,0,-9999.0,0.0,1,P0_CV0,1,1,1,0,2
1,2540470.832,712452.2021,R1_F1_m1f1_P1_Y1_UO275,R1_F1_m-1f-1_P1_Y-1_U23,R1_F1_m-1f-1_P1_Y-1_U56,MXY,2,77.58253724906278,1,0,0.0,0,0,0,-9999.0,0.5,1,P0_CV0,1,1,1,0,2
1,2540470.832,712452.2021,R1_F1_m1f1_P1_Y1_UO342,R1_F1_m-1f-1_P1_Y-1_U47,R1_F1_m-1f-1_P1_Y-1_U60,FXX,2,77.58253724906278,1,0,1.546,0,0,0,-9999.0,0.5,1,P0_CV0,1,1,1,1,1
1,2540470.832,712452.2021,R1_F1_m1f1_P1_Y1_UO507,R1_F1_m-1f-1_P1_Y-1_U80,R1_F1_m-1f-1_P1_Y-1_U41,FXX,2,77.58253724906278,1,0,0.0,0,0,0,-9999.0,0.25,1,P0_CV0,1,2,0,2,0
1,2540470.832,712452.2021,R1_F1_m1f1_P1_Y1_UO438,R1_F1_m-1f-1_P1_Y-1_U11,R1_F1_m-1f-1_P1_Y-1_U52,MXY,2,77.58253724906278,1,0,0.0,0,0,0,-9999.0,0.0,1,P0_CV0,1,0,2,1,1
1,2540470.832,712452.2021,R1_F1_m1f1_P1_Y1_UO75,R1_F1_m-1f-1_P1_Y-1_U43,R1_F1_m-1f-1_P1_Y-1_U111,MXY,2,77.58253724906278,1,0,0.0,0,0,0,-9999.0,0.0,1,P0_CV0,1,0,2,1,1
1,2540470.832,712452.2021,R1_F1_m1f1_P1_Y1_UO534,R1_F1_m-1f-1_P1_Y-1_U99,R1_F1_m-1f-1_P1_Y-1_U27,FXX,2,77.58253724906278,1,0,1.0,0,0,0,-9999.0,0.25,1,P0_CV0,1,1,1,2,0
1,2540470.832,712452.2021,R1_F1_m1f1_P1_Y1_UO413,R1_F1_m-1f-1_P1_Y-1_U80,R1_F1_m-1f-1_P1_Y-1_U112,MXY,2,77.58253724906278,1,0,0.0,0,0,0,-9999.0,0.5,1,P0_CV0,1,0,2,1,1
1,2540470.832,712452.2021,R1_F1_m1f1_P1_Y1_UO306,R1_F1_m-1f-1_P1_Y-1_U42,R1_F1_m-1f-1_P1_Y-1_U41,FXX,2,77.58253724906278,1,0,0.0,0,0,0,-9999.0,0.25,1,P0_CV0,1,1,1,2,0
1,2540470.832,712452.2021,R1_F1_m1f1_P1_Y0_UO689,R1_F1_m-1f-1_P1_Y-1_U65,R1_F1_m-1f-1_P1_Y-1_U62,FXX,3,97.18394065947172,1,0,0.0,0,0,0,-9999.0,0.25,1,P0_CV0,1,0,2,1,1
1,2540470.832,712452.2021,R1_F1_m1f1_P1_Y0_UO690,R1_F1_m-1f-1_P1_Y-1_U65,R1_F1_m-1f-1_P1_Y-1_U62,FXX,3,97.18394065947172,1,0,2.776,0,0,0,-9999.0,0.25,1,P0_CV0,1,2,0,0,2
1,2540470.832,712452.2021,R1_F1_m1f1_P1_Y0_UO52,R1_F1_m-1f-1_P1_Y-1_U86,R1_F1_m-1f-1_P1_Y-1_U125,FXX,3,97.18394065947172,1,0,1.439,0,0,0,-9999.0,0.75,1,P0_CV0,1,1,1,1,1
1,2540470.832,712452.2021,R1_F1_m1f1_P1_Y0_UO420,R1_F1_m-1f-1_P1_Y-1_U9,R1_F1_m-1f-1_P1_Y-1_U60,MXY,3,97.18394065947172,1,0,0.0,0,0,0,-9999.0,0.5,1,P0_CV0,1,2,0,1,1
1,2540470.832,712452.2021,R1_F1_m1f1_P1_Y0_UO343,R1_F1_m-1f-1_P1_Y-1_U114,R1_F1_m-1f-1_P1_Y-1_U14,MXY,3,97.18394065947172,1,0,0.0,0,0,0,-9999.0,0.0,1,P0_CV0,1,1,1,1,1
1,2540470.832,712452.2021,R1_F1_m1f1_P1_Y0_UO288,R1_F1_m-1f-1_P1_Y-1_U86,R1_F1_m-1f-1_P1_Y-1_U56,MXY,3,97.18394065947172,1,0,0.0,0,0,0,-9999.0,0.5,1,P0_CV0,1,2,0,0,2
1,2540470.832,712452.2021,R1_F1_m1f1_P1_Y0_UO604,R1_F1_m-1f-1_P1_Y-1_U4,R1_F1_m-1f-1_P1_Y-1_U44,FXX,3,97.18394065947172,1,0,2.136,0,0,0,-9999.0,0.0,1,P0_CV0,1,2,0,2,0
1,2540470.832,712452.2021,R1_F1_m1f1_P1_Y0_UO292,R1_F1_m-1f-1_P1_Y-1_U58,R1_F1_m-1f-1_P1_Y-1_U56,MXY,3,97.18394065947172,1,0,0.0,0,0,0,-9999.0,0.25,1,P0_CV0,1,0,2,1,1
1,2540470.832,712452.2021,R1_F1_m1f1_P1_Y0_UO479,R1_F1_m-1f-1_P1_Y-1_U67,R1_F1_m-1f-1_P1_Y-1_U44,MXY,3,97.18394065947172,1,0,0.0,0,0,0,-9999.0,0.0,1,P0_CV0,1,2,0,0,2
1,2540470.832,712452.2021,R1_F1_m1f1_P1_Y0_UO675,R1_F1_m-1f-1_P1_Y-1_U86,R1_F1_m-1f-1_P1_Y-1_U15,FXX,3,97.18394065947172,1,0,2.058,0,0,0,-9999.0,0.5,1,P0_CV0,1,2,0,0,2
1,2540470.832,712452.2021,R1_F1_m1f1_P1_Y0_UO235,R1_F1_m-1f-1_P1_Y-1_U95,R1_F1_m-1f-1_P1_Y-1_U105,FXX,3,97.18394065947172,1,0,1.646,0,0,0,-9999.0,0.0,1,P0_CV0,1,1,1,0,2
1,2540470.832,712452.2021,R1_F1_m1f1_P1_Y0_UO477,R1_F1_m-1f-1_P1_Y-1_U67,R1_F1_m-1f-1_P1_Y-1_U44,MXY,3,97.18394065947172,1,0,0.0,0,0,0,-9999.0,0.0,1,P0_CV0,1,1,1,2,0
1,2540470.832,712452.2021,R1_F1_m1f1_P1_Y0_UO599,R1_F1_m-1f-1_P1_Y-1_U4,R1_F1_m-1f-1_P1_Y-1_U44,FXX,3,97.18394065947172,1,0,2.19,0,0,0,-9999.0,0.0,1,P0_CV0,1,2,0,1,1
1,2540470.832,712452.2021,R1_F1_m1f1_P1_Y0_UO478,R1_F1_m-1f-1_P1_Y-1_U67,R1_F1_m-1f-1_P1_Y-1_U44,FXX,3,97.18394065947172,1,0,1.544,0,0,0,-9999.0,0.0,1,P0_CV0,1,1,1,1,1
1,2540470.832,712452.2021,R1_F1_m1f1_P1_Y0_UO706,R1_F1_m-1f-1_P1_Y-1_U77,R1_F1_m-1f-1_P1_Y-1_U62,FXX,3,97.18394065947172,1,0,2.239,0,0,0,-9999.0,0.5,1,P0_CV0,1,0,2,1,1
1,2540470.832,712452.2021,R1_F1_m1f1_P1_Y0_UO285,R1_F1_m-1f-1_P1_Y-1_U86,R1_F1_m-1f-1_P1_Y-1_U56,MXY,3,97.18394065947172,1,0,0.0,0,0,0,-9999.0,0.5,1,P0_CV0,1,0,2,1,1
1,2540470.832,712452.2021,R1_F1_m1f1_P1_Y0_UO234,R1_F1_m-1f-1_P1_Y-1_U95,R1_F1_m-1f-1_P1_Y-1_U105,MXY,3,97.18394065947172,1,0,0.0,0,0,0,-9999.0,0.0,1,P0_CV0,1,2,0,1,1
1,2540470.832,712452.2021,R1_F1_m1f1_P1_Y0_UO47,R1_F1_m-1f-1_P1_Y-1_U86,R1_F1_m-1f-1_P1_Y-1_U125,FXX,3,97.18394065947172,1,0,1.0,0,0,0,-9999.0,0.75,1,P0_CV0,1,2,0,0,2
1,2540470.832,712452.2021,R1_F1_m1f1_P1_Y0_UO46,R1_F1_m-1f-1_P1_Y-1_U86,R1_F1_m-1f-1_P1_Y-1_U125,FXX,3,97.18394065947172,1,0,1.415,0,0,0,-9999.0,0.75,1,P0_CV0,1,2,0,1,1
1,2540470.832,712452.2021,R1_F1_m1f1_P1_Y0_UO182,R1_F1_m-1f-1_P1_Y-1_U114,R1_F1_m-1f-1_P1_Y-1_U56,MXY,3,97.18394065947172,1,0,0.0,0,0,0,-9999.0,0.25,1,P0_CV0,1,0,2,2,0
1,2540470.832,712452.2021,R1_F1_m1f1_P1_Y0_UO49,R1_F1_m-1f-1_P1_Y-1_U86,R1_F1_m-1f-1_P1_Y-1_U125,FXX,3,97.18394065947172,1,0,0.0,0,0,0,-9999.0,0.75,1,P0_CV0,1,1,1,0,2
1,2540470.832,712452.2021,R1_F1_m1f1_P1_Y0_UO673,R1_F1_m-1f-1_P1_Y-1_U86,R1_F1_m-1f-1_P1_Y-1_U15,FXX,3,97.18394065947172,1,0,1.0,0,0,0,-9999.0,0.5,1,P0_CV0,1,1,1,1,1
1,2540470.832,712452.2021,R1_F1_m1f1_P1_Y0_UO603,R1_F1_m-1f-1_P1_Y-1_U4,R1_F1_m-1f-1_P1_Y-1_U44,MXY,3,97.18394065947172,1,0,0.0,0,0,0,-9999.0,0.0,1,P0_CV0,1,2,0,0,2
1,2540470.832,712452.2021,R1_F1_m1f1_P1_Y0_UO522,R1_F1_m-1f-1_P1_Y-1_U45,R1_F1_m-1f-1_P1_Y-1_U105,MXY,3,97.18394065947172,1,0,0.0,0,0,0,-9999.0,0.5,1,P0_CV0,1,0,2,1,1
1,2540470.832,712452.2021,R1_F1_m1f1_P1_Y0_UO513,R1_F1_m-1f-1_P1_Y-1_U71,R1_F1_m-1f-1_P1_Y-1_U44,FXX,3,97.18394065947172,1,0,1.988,0,0,0,-9999.0,0.0,1,P0_CV0,1,0,2,0,2
1,2540470.832,712452.2021,R1_F1_m1f1_P1_Y0_UO610,R1_F1_m-1f-1_P1_Y-1_U47,R1_F1_m-1f-1_P1_Y-1_U15,MXY,3,97.18394065947172,1,0,0.0,0,0,0,-9999.0,0.5,1,P0_CV0,1,1,1,2,0
1,2540470.832,712452.2021,R1_F1_m1f1_P1_Y0_UO286,R1_F1_m-1f-1_P1_Y-1_U86,R1_F1_m-1f-1_P1_Y-1_U56,FXX,3,97.18394065947172,1,0,1.745,0,0,0,-9999.0,0.5,1,P0_CV0,1,1,1,2,0
1,2540470.832,712452.2021,R1_F1_m1f1_P1_Y0_UO692,R1_F1_m-1f-1_P1_Y-1_U11,R1_F1_m-1f-1_P1_Y-1_U56,FXX,3,97.18394065947172,1,0,0.0,0,0,0,-9999.0,0.25,1,P0_CV0,1,1,1,1,1
1,2540470.832,712452.2021,R1_F1_m1f1_P1_Y0_UO514,R1_F1_m-1f-1_P1_Y-1_U71,R1_F1_m-1f-1_P1_Y-1_U44,FXX,3,97.18394065947172,1,0,2.129,0,0,0,-9999.0,0.0,1,P0_CV0,1,1,1,0,2
1,2540470.832,712452.2021,R1_F1_m1f1_P1_Y0_UO688,R1_F1_m-1f-1_P1_Y-1_U65,R1_F1_m-1f-1_P1_Y-1_U62,FXX,3,97.18394065947172,1,0,1.627,0,0,0,-9999.0,0.25,1,P0_CV0,1,0,2,1,1
1,2540470.832,712452.2021,R1_F1_m1f1_P1_Y0_UO183,R1_F1_m-1f-1_P1_Y-1_U114,R1_F1_m-1f-1_P1_Y-1_U56,FXX,3,97.18394065947172,1,0,1.86,0,0,0,-9999.0,0.25,1,P0_CV0,1,1,1,1,1
1,2540470.832,712452.2021,R1_F1_m1f1_P1_Y0_UO290,R1_F1_m-1f-1_P1_Y-1_U58,R1_F1_m-1f-1_P1_Y-1_U56,MXY,3,97.18394065947172,1,0,0.0,0,0,0,-9999.0,0.25,1,P0_CV0,1,1,1,1,1
1,2540470.832,712452.2021,R1_F1_m1f1_P1_Y0_UO181,R1_F1_m-1f-1_P1_Y-1_U42,R1_F1_m-1f-1_P1_Y-1_U26,MXY,3,97.18394065947172,1,0,0.0,0,0,0,-9999.0,0.5,1,P0_CV0,1,1,1,1,1
1,2540470.832,712452.2021,R1_F1_m1f1_P1_Y0_UO365,R1_F1_m-1f-1_P1_Y-1_U65,R1_F1_m-1f-1_P1_Y-1_U26,MXY,3,97.18394065947172,1,0,0.0,0,0,0,-9999.0,0.5,1,P0_CV0,1,2,0,2,0
1,2540470.832,712452.2021,R1_F1_m-1f-1_P1_Y-1_U100,-9999,-9999,FXX,4,111.58898784037386,1,0,0.0,0,0,0,-9999.0,0.0,1,P0_CV0,1,0,2,1,1
1,2540470.832,712452.2021,R1_F1_m-1f-1_P1_Y-1_U103,-9999,-9999,FXX,4,111.58898784037386,1,0,1.0,0,0,0,-9999.0,0.0,1,P0_CV0,1,0,2,0,2
1,2540470.832,712452.2021,R1_F1_m-1f-1_P1_Y-1_U118,-9999,-9999,MXY,4,111.58898784037386,1,0,0.0,0,0,0,-9999.0,0.0,1,P0_CV0,1,0,2,0,2
1,2540470.832,712452.2021,R1_F1_m-1f-1_P1_Y-1_U80,-9999,-9999,FXX,4,111.58898784037386,1,0,1.069,0,0,0,-9999.0,0.5,1,P0_CV0,1,1,1,0,2
1,2540470.832,712452.2021,R1_F1_m-1f-1_P1_Y-1_U31,-9999,-9999,FXX,4,111.58898784037386,1,0,1.5,0,0,0,-9999.0,0.0,1,P0_CV0,1,0,2,1,1
1,2540470.832,712452.2021,R1_F1_m-1f-1_P1_Y-1_U72,-9999,-9999,FXX,4,111.58898784037386,1,0,1.0,0,0,0,-9999.0,0.0,1,P0_CV0,1,0,2,1,1
1,2540470.832,712452.2021,R1_F1_m-1f-1_P1_Y-1_U30,-9999,-9999,MXY,4,111.58898784037386,1,0,0.0,0,0,0,-9999.0,0.0,1,P0_CV0,1,0,2,1,1
1,2540470.832,712452.2021,R1_F1_m-1f-1_P1_Y-1_U79,-9999,-9999,FXX,4,111.58898784037386,1,0,0.0,0,0,0,-9999.0,0.5,1,P0_CV0,1,1,1,1,1
1,2540470.832,712452.2021,R1_F1_m-1f-1_P1_Y-1_U41,-9999,-9999,MXY,4,111.58898784037386,1,0,0.0,0,0,0,-9999.0,0.0,1,P0_CV0,1,0,2,1,1
1,2540470.832,712452.2021,R1_F1_m-1f-1_P1_Y-1_U93,-9999,-9999,FXX,4,111.58898784037386,1,0,2.23,0,0,0,-9999.0,0.5,1,P0_CV0,1,1,1,2,0
1,2540470.832,712452.2021,R1_F1_m-1f-1_P1_Y-1_U127,-9999,-9999,MXY,4,111.58898784037386,1,0,0.0,0,0,0,-9999.0,0.0,1,P0_CV0,1,0,2,1,1
1,2540470.832,712452.2021,I1_F7_m-1f-1_P1_Y-1_U107,-9999,-9999,MXY,4,111.59091496569322,1,0,0.0,0,0,0,-9999.0,0.5,1,P0_CV0,1,1,1,2,0
1,2540470.832,712452.2021,R1_F1_m-1f-1_P1_Y-1_U29,-9999,-9999,FXX,5,118.229870800287,1,0,0.0,0,0,0,-9999.0,1.0,1,P0_CV0,1,2,0,0,2
1,2540470.832,712452.2021,R1_F1_m-1f-1_P1_Y-1_U65,-9999,-9999,FXX,5,125.27928815868206,1,0,0.0,0,0,0,-9999.0,0.5,1,P0_CV0,1,1,1,0,2
1,2540470.832,712452.2021,R1_F1_m-1f-1_P1_Y-1_U120,-9999,-9999,MXY,5,123.65828815868207,1,0,0.0,0,0,0,-9999.0,0.5,1,P0_CV0,1,1,1,1,1
1,2540470.832,712452.2021,R1_F1_m-1f-1_P1_Y-1_U82,-9999,-9999,FXX,5,121.06428815868206,1,0,0.0,0,0,0,-9999.0,0.5,1,P0_CV0,1,1,1,0,2
1,2540470.832,712452.2021,R1_F1_m-1f-1_P1_Y-1_U60,-9999,-9999,MXY,5,118.62628815868207,1,0,0.0,0,0,0,-9999.0,0.5,1,P0_CV0,1,1,1,1,1
1,2540470.832,712452.2021,R1_F1_m-1f-1_P1_Y-1_U37,-9999,-9999,MXY,5,121.20828815868207,1,0,0.0,0,0,0,-9999.0,0.0,1,P0_CV0,1,0,2,1,1
1,2540470.832,712452.2021,R1_F1_m-1f-1_P1_Y-1_U7,-9999,-9999,FXX,5,131.57228815868206,1,0,1.0,0,0,0,-9999.0,1.0,1,P0_CV0,1,2,0,2,0
1,2540470.832,712452.2021,RD1_F2_m2f2_P2_Y2_UO609,R2_F2_m2f2_P2_Y0_UO149,R2_F2_m-1f-1_P2_Y-1_U78,MXY,1,53.624862974894384,0,0,0.0,0,0,0,-9999.0,0.875,1,P1_CV0,1,1,1,2,0
1,2540470.832,712452.2021,R1_F1_m3f3_P3_Y1_UO171,R3_F3_m-1f-1_P3_Y-1_U20,R3_F3_m-1f-1_P3_Y-1_U111,FXX,2,77.58355225841507,1,0,0.0,0,0,0,-9999.0,0.5,1,P2_CV0,1,1,1,0,2
1,2540470.832,712452.2021,RD1_F3_m3f3_P3_Y0_UO425,R3_F3_m-1f-1_P3_Y-1_U83,R3_F3_m-1f-1_P3_Y-1_U89,MXY,3,50.66636243856716,1,0,0.0,0,0,0,-9999.0,0.25,1,P2_CV0,1,1,1,0,2
1,2540470.832,712452.2021,RD1_F5_m5f5_P5_Y0_UO374,R5_F5_m-1f-1_P5_Y-1_U119,R5_F5_m-1f-1_P5_Y-1_U3,FXX,3,105.06725904688737,1,0,1.0,0,0,0,-9999.0,0.5,1,P4_CV0,1,2,0,1,1
1,2540470.832,712452.2021,R1_F1_m-1f-1_P5_Y-1_U95,-9999,-9999,FXX,5,125.15942275484291,1,0,2.095,0,0,0,-9999.0,0.5,1,P4_CV0,1,1,1,1,1
2,2536859.926,708059.4624,R2_F2_m2f2_P2_Y2_UO25,R2_F2_m2f2_P2_Y0_UO149,R2_F2_m2f2_P2_Y0_UO296,FXX,1,31.464817663534674,0,0,0.0,0,0,0,-9999.0,0.625,1,P1_CV0,1,0,2,2,0
2,2536859.926,708059.4624,R2_F2_m2f2_P2_Y2_UO26,R2_F2_m2f2_P2_Y0_UO149,R2_F2_m2f2_P2_Y0_UO296,MXY,1,31.464817663534674,0,0,0.0,0,0,0,-9999.0,0.625,1,P1_CV0,1,0,2,2,0
2,2536859.926,708059.4624,R2_F2_m2f2_P2_Y2_UO27,R2_F2_m2f2_P2_Y0_UO149,R2_F2_m2f2_P2_Y0_UO296,FXX,1,31.464817663534674,0,0,0.0,0,0,0,-9999.0,0.625,1,P1_CV0,1,1,1,2,0
2,2536859.926,708059.4624,R2_F2_m2f2_P2_Y2_UO28,R2_F2_m2f2_P2_Y0_UO149,R2_F2_m2f2_P2_Y0_UO296,FXX,1,31.464817663534674,0,0,0.0,0,0,0,-9999.0,0.625,1,P1_CV0,1,1,1,2,0
2,2536859.926,708059.4624,R2_F2_m2f2_P2_Y2_UO105,R2_F2_m-1f-1_P2_Y-1_U21,R2_F2_m-1f-1_P2_Y-1_U108,MXY,1,31.464817663534674,0,0,0.0,0,0,0,-9999.0,0.5,1,P1_CV0,1,1,1,1,1
2,2536859.926,708059.4624,R2_F2_m2f2_P2_Y2_UO106,R2_F2_m-1f-1_P2_Y-1_U21,R2_F2_m-1f-1_P2_Y-1_U108,MXY,1,31.464817663534674,0,0,0.0,0,0,0,-9999.0,0.5,1,P1_CV0,1,1,1,1,1
2,2536859.926,708059.4624,R2_F2_m2f2_P2_Y2_UO107,R2_F2_m-1f-1_P2_Y-1_U21,R2_F2_m-1f-1_P2_Y-1_U108,MXY,1,31.464817663534674,0,0,0.0,0,0,0,-9999.0,0.5,1,P1_CV0,1,1,1,1,1
2,2536859.926,708059.4624,R2_F2_m2f2_P2_Y2_UO108,R2_F2_m-1f-1_P2_Y-1_U21,R2_F2_m-1f-1_P2_Y-1_U108,MXY,1,31.464817663534674,0,0,0.0,0,0,0,-9999.0,0.5,1,P1_CV0,1,1,1,0,2
2,2536859.926,708059.4624,R2_F2_m2f2_P2_Y2_UO126,R2_F2_m2f2_P2_Y0_UO230,I2_F7_m-1f-1_P2_Y-1_U42,MXY,1,31.464817663534674,0,0,0.0,0,0,0,-9999.0,0.625,1,P1_CV0,1,2,0,2,0
2,2536859.926,708059.4624,R2_F2_m2f2_P2_Y2_UO127,R2_F2_m2f2_P2_Y0_UO230,I2_F7_m-1f-1_P2_Y-1_U42,FXX,1,31.464817663534674,0,0,0.0,0,0,0,-9999.0,0.625,1,P1_CV0,1,2,0,2,0
2,2536859.926,708059.4624,R2_F2_m2f2_P2_Y2_UO128,R2_F2_m2f2_P2_Y0_UO230,I2_F7_m-1f-1_P2_Y-1_U42,FXX,1,31.464817663534674,0,0,0.0,0,0,0,-9999.0,0.625,1,P1_CV0,1,2,0,2,0
2,2536859.926,708059.4624,R2_F2_m2f2_P2_Y2_UO129,R2_F2_m2f2_P2_Y0_UO230,I2_F7_m-1f-1_P2_Y-1_U42,FXX,1,31.464817663534674,0,0,0.0,0,0,0,-9999.0,0.625,1,P1_CV0,1,2,0,2,0
2,2536859.926,708059.4624,R2_F2_m2f2_P2_Y2_UO130,R2_F2_m2f2_P2_Y0_UO230,I2_F7_m-1f-1_P2_Y-1_U42,MXY,1,31.464817663534674,0,0,0.0,0,0,0,-9999.0,0.625,1,P1_CV0,1,2,0,2,0
2,2536859.926,708059.4624,R2_F2_m2f2_P2_Y2_UO131,R2_F2_m2f2_P2_Y0_UO230,I2_F7_m-1f-1_P2_Y-1_U42,FXX,1,31.464817663534674,0,0,0.0,0,0,0,-9999.0,0.625,1,P1_CV0,1,2,0,2,0
2,2536859.926,708059.4624,R2_F2_m2f2_P2_Y2_UO200,R2_F2_m-1f-1_P2_Y-1_U111,R2_F2_m2f2_P2_Y0_UO331,MXY,1,31.464817663534674,0,0,0.0,0,0,0,-9999.0,0.75,1,P1_CV0,1,2,0,2,0
2,2536859.926,708059.4624,R2_F2_m2f2_P2_Y2_UO201,R2_F2_m-1f-1_P2_Y-1_U111,R2_F2_m2f2_P2_Y0_UO331,MXY,1,31.464817663534674,0,0,0.0,0,0,0,-9999.0,0.75,1,P1_CV0,1,2,0,2,0
2,2536859.926,708059.4624,R2_F2_m2f2_P2_Y2_UO202,R2_F2_m-1f-1_P2_Y-1_U111,R2_F2_m2f2_P2_Y0_UO331,MXY,1,31.464817663534674,0,0,0.0,0,0,0,-9999.0,0.75,1,P1_CV0,1,2,0,1,1
2,2536859.926,708059.4624,R2_F2_m2f2_P2_Y2_UO203,R2_F2_m-1f-1_P2_Y-1_U111,R2_F2_m2f2_P2_Y0_UO331,MXY,1,31.464817663534674,0,0,0.0,0,0,0,-9999.0,0.75,1,P1_CV0,1,1,1,2,0
2,2536859.926,708059.4624,R2_F2_m2f2_P2_Y2_UO204,R2_F2_m-1f-1_P2_Y-1_U111,R2_F2_m2f2_P2_Y0_UO331,FXX,1,31.464817663534674,0,0,0.0,0,0,0,-9999.0,0.75,1,P1_CV0,1,1,1,1,1
2,2536859.926,708059.4624,R2_F2_m2f2_P2_Y2_UO205,R2_F2_m-1f-1_P2_Y-1_U111,R2_F2_m2f2_P2_Y0_UO331,FXX,1,31.464817663534674,0,0,0.0,0,0,0,-9999.0,0.75,1,P1_CV0,1,1,1,1,1
2,2536859.926,708059.4624,R2_F2_m2f2_P2_Y2_UO237,R2_F2_m2f2_P2_Y0_UO471,R2_F2_m-1f-1_P2_Y-1_U32,MXY,1,31.464817663534674,0,0,0.0,0,0,0,-9999.0,0.5,1,P1_CV0,1,0,2,1,1
2,2536859.926,708059.4624,R2_F2_m2f2_P2_Y2_UO238,R2_F2_m2f2_P2_Y0_UO471,R2_F2_m-1f-1_P2_Y-1_U32,MXY,1,31.464817663534674,0,0,0.0,0,0,0,-9999.0,0.5,1,P1_CV0,1,1,1,1,1
2,2536859.926,708059.4624,R2_F2_m2f2_P2_Y2_UO239,R2_F2_m2f2_P2_Y0_UO471,R2_F2_m-1f-1_P2_Y-1_U32,FXX,1,31.464817663534674,0,0,0.0,0,0,0,-9999.0,0.5,1,P1_CV0,1,0,2,1,1
2,2536859.926,708059.4624,R2_F2_m2f2_P2_Y2_UO240,R2_F2_m2f2_P2_Y0_UO471,R2_F2_m-1f-1_P2_Y-1_U32,FXX,1,31.464817663534674,0,0,0.0,0,0,0,-9999.0,0.5,1,P1_CV0,1,0,2,1,1
2,2536859.926,708059.4624,R2_F2_m2f2_P2_Y2_UO284,R2_F2_m-1f-1_P2_Y-1_U4,R2_F2_m-1f-1_P2_Y-1_U51,MXY,1,31.464817663534674,0,0,0.0,0,0,0,-9999.0,0.5,1,P1_CV0,1,2,0,1,1
2,2536859.926,708059.4624,R2_F2_m2f2_P2_Y2_UO285,R2_F2_m-1f-1_P2_Y-1_U4,R2_F2_m-1f-1_P2_Y-1_U51,FXX,1,31.464817663534674,0,0,0.0,0,0,0,-9999.0,0.5,1,P1_CV0,1,1,1,1,1
2,2536859.926,708059.4624,R2_F2_m2f2_P2_Y2_UO286,R2_F2_m-1f-1_P2_Y-1_U4,R2_F2_m-1f-1_P2_Y-1_U51,MXY,1,31.464817663534674,0,0,0.0,0,0,0,-9999.0,0.5,1,P1_CV0,1,2,0,1,1
2,2536859.926,708059.4624,R2_F2_m2f2_P2_Y2_UO287,R2_F2_m-1f-1_P2_Y-1_U4,R2_F2_m-1f-1_P2_Y-1_U51,MXY,1,31.464817663534674,0,0,0.0,0,0,0,-9999.0,0.5,1,P1_CV0,1,1,1,1,1
2,2536859.926,708059.4624,R2_F2_m2f2_P2_Y2_UO288,R2_F2_m-1f-1_P2_Y-1_U4,R2_F2_m-1f-1_P2_Y-1_U51,FXX,1,31.464817663534674,0,0,0.0,0,0,0,-9999.0,0.5,1,P1_CV0,1,2,0,1,1
2,2536859.926,708059.4624,R2_F2_m2f2_P2_Y2_UO289,R2_F2_m-1f-1_P2_Y-1_U4,R2_F2_m-1f-1_P2_Y-1_U51,MXY,1,31.464817663534674,0,0,0.0,0,0,0,-9999.0,0.5,1,P1_CV0,1,1,1,1,1
2,2536859.926,708059.4624,R2_F2_m2f2_P2_Y2_UO314,R2_F2_m2f2_P2_Y0_UO54,R2_F2_m2f2_P2_Y0_UO574,FXX,1,31.464817663534674,0,0,0.0,0,0,0,-9999.0,0.625,1,P1_CV0,1,1,1,2,0
2,2536859.926,708059.4624,R2_F2_m2f2_P2_Y2_UO315,R2_F2_m2f2_P2_Y0_UO54,R2_F2_m2f2_P2_Y0_UO574,FXX,1,31.464817663534674,0,0,0.0,0,0,0,-9999.0,0.625,1,P1_CV0,1,0,2,1,1
2,2536859.926,708059.4624,R2_F2_m2f2_P2_Y2_UO316,R2_F2_m2f2_P2_Y0_UO54,R2_F2_m2f2_P2_Y0_UO574,FXX,1,31.464817663534674,0,0,0.0,0,0,0,-9999.0,0.625,1,P1_CV0,1,1,1,1,1
2,2536859.926,708059.4624,R2_F2_m2f2_P2_Y2_UO317,R2_F2_m2f2_P2_Y0_UO54,R2_F2_m2f2_P2_Y0_UO574,FXX,1,31.464817663534674,0,0,0.0,0,0,0,-9999.0,0.625,1,P1_CV0,1,1,1,0,2
2,2536859.926,708059.4624,R2_F2_m2f2_P2_Y2_UO318,R2_F2_m2f2_P2_Y0_UO54,R2_F2_m2f2_P2_Y0_UO574,FXX,1,31.464817663534674,0,0,0.0,0,0,0,-9999.0,0.625,1,P1_CV0,1,1,1,1,1
2,2536859.926,708059.4624,R2_F2_m2f2_P2_Y2_UO319,R2_F2_m2f2_P2_Y0_UO54,R2_F2_m2f2_P2_Y0_UO574,FXX,1,31.464817663534674,0,0,0.0,0,0,0,-9999.0,0.625,1,P1_CV0,1,1,1,1,1
2,2536859.926,708059.4624,R2_F2_m2f2_P2_Y2_UO320,R2_F2_m2f2_P2_Y0_UO54,R2_F2_m2f2_P2_Y0_UO574,MXY,1,31.464817663534674,0,0,0.0,0,0,0,-9999.0,0.625,1,P1_CV0,1,1,1,1,1
2,2536859.926,708059.4624,R2_F2_m2f2_P2_Y2_UO350,R2_F2_m2f2_P2_Y0_UO149,R2_F2_m2f2_P2_Y0_UO660,MXY,1,31.464817663534674,0,0,0.0,0,0,0,-9999.0,0.625,1,P1_CV0,1,1,1,2,0
2,2536859.926,708059.4624,R2_F2_m2f2_P2_Y2_UO351,R2_F2_m2f2_P2_Y0_UO149,R2_F2_m2f2_P2_Y0_UO660,FXX,1,31.464817663534674,0,0,0.0,0,0,0,-9999.0,0.625,1,P1_CV0,1,1,1,2,0
2,2536859.926,708059.4624,R2_F2_m2f2_P2_Y2_UO352,R2_F2_m2f2_P2_Y0_UO149,R2_F2_m2f2_P2_Y0_UO660,MXY,1,31.464817663534674,0,0,0.0,0,0,0,-9999.0,0.625,1,P1_CV0,1,0,2,2,0
2,2536859.926,708059.4624,R2_F2_m2f2_P2_Y2_UO364,R2_F2_m2f2_P2_Y0_UO139,R2_F2_m-1f-1_P2_Y-1_U25,MXY,1,31.464817663534674,0,0,0.0,0,0,0,-9999.0,0.375,1,P1_CV0,1,1,1,1,1
2,2536859.926,708059.4624,R2_F2_m2f2_P2_Y2_UO365,R2_F2_m2f2_P2_Y0_UO139,R2_F2_m-1f-1_P2_Y-1_U25,FXX,1,31.464817663534674,0,0,0.0,0,0,0,-9999.0,0.375,1,P1_CV0,1,1,1,1,1
2,2536859.926,708059.4624,R2_F2_m2f2_P2_Y2_UO366,R2_F2_m2f2_P2_Y0_UO139,R2_F2_m-1f-1_P2_Y-1_U25,FXX,1,31.464817663534674,0,0,0.0,0,0,0,-9999.0,0.375,1,P1_CV0,1,1,1,1,1
2,2536859.926,708059.4624,R2_F2_m2f2_P2_Y2_UO367,R2_F2_m2f2_P2_Y0_UO139,R2_F2_m-1f-1_P2_Y-1_U25,FXX,1,31.464817663534674,0,0,0.0,0,0,0,-9999.0,0.375,1,P1_CV0,1,1,1,1,1
2,2536859.926,708059.4624,R2_F2_m2f2_P2_Y2_UO368,R2_F2_m2f2_P2_Y0_UO139,R2_F2_m-1f-1_P2_Y-1_U25,MXY,1,31.464817663534674,0,0,0.0,0,0,0,-9999.0,0.375,1,P1_CV0,1,1,1,1,1
2,2536859.926,708059.4624,R2_F2_m2f2_P2_Y2_UO425,R2_F2_m2f2_P2_Y0_UO54,R2_F2_m2f2_P2_Y0_UO296,FXX,1,31.464817663534674,0,0,0.0,0,0,0,-9999.0,0.625,1,P1_CV0,1,0,2,1,1
2,2536859.926,708059.4624,R2_F2_m2f2_P2_Y2_UO426,R2_F2_m2f2_P2_Y0_UO54,R2_F2_m2f2_P2_Y0_UO296,MXY,1,31.464817663534674,0,0,0.0,0,0,0,-9999.0,0.625,1,P1_CV0,1,0,2,1,1
2,2536859.926,708059.4624,R2_F2_m2f2_P2_Y2_UO427,R2_F2_m2f2_P2_Y0_UO54,R2_F2_m2f2_P2_Y0_UO296,FXX,1,31.464817663534674,0,0,0.0,0,0,0,-9999.0,0.625,1,P1_CV0,1,0,2,2,0
2,2536859.926,708059.4624,R2_F2_m2f2_P2_Y2_UO428,R2_F2_m2f2_P2_Y0_UO54,R2_F2_m2f2_P2_Y0_UO296,FXX,1,31.464817663534674,0,0,0.0,0,0,0,-9999.0,0.625,1,P1_CV0,1,1,1,2,0
2,2536859.926,708059.4624,R2_F2_m2f2_P2_Y2_UO429,R2_F2_m2f2_P2_Y0_UO54,R2_F2_m2f2_P2_Y0_UO296,FXX,1,31.464817663534674,0,0,0.0,0,0,0,-9999.0,0.625,1,P1_CV0,1,1,1,1,1
2,2536859.926,708059.4624,R2_F2_m2f2_P2_Y2_UO430,R2_F2_m2f2_P2_Y0_UO54,R2_F2_m2f2_P2_Y0_UO296,FXX,1,31.464817663534674,0,0,0.0,0,0,0,-9999.0,0.625,1,P1_CV0,1,1,1,1,1
2,2536859.926,708059.4624,R2_F2_m2f2_P2_Y2_UO431,R2_F2_m2f2_P2_Y0_UO54,R2_F2_m2f2_P2_Y0_UO296,MXY,1,31.464817663534674,0,0,0.0,0,0,0,-9999.0,0.625,1,P1_CV0,1,0,2,2,0
2,2536859.926,708059.4624,R2_F2_m2f2_P2_Y2_UO432,R2_F2_m2f2_P2_Y0_UO54,R2_F2_m2f2_P2_Y0_UO296,MXY,1,31.464817663534674,0,0,0.0,0,0,0,-9999.0,0.625,1,P1_CV0,1,0,2,2,0
2,2536859.926,708059.4624,R2_F2_m2f2_P2_Y2_UO525,R2_F2_m2f2_P2_Y0_UO448,R2_F2_m2f2_P2_Y0_UO55,FXX,1,31.464817663534674,0,0,0.0,0,0,0,-9999.0,0.625,1,P1_CV0,1,1,1,1,1
2,2536859.926,708059.4624,R2_F2_m2f2_P2_Y2_UO526,R2_F2_m2f2_P2_Y0_UO448,R2_F2_m2f2_P2_Y0_UO55,FXX,1,31.464817663534674,0,0,0.0,0,0,0,-9999.0,0.625,1,P1_CV0,1,1,1,0,2
2,2536859.926,708059.4624,R2_F2_m2f2_P2_Y2_UO527,R2_F2_m2f2_P2_Y0_UO448,R2_F2_m2f2_P2_Y0_UO55,MXY,1,31.464817663534674,0,0,0.0,0,0,0,-9999.0,0.625,1,P1_CV0,1,1,1,0,2
2,2536859.926,708059.4624,R2_F2_m2f2_P2_Y2_UO528,R2_F2_m2f2_P2_Y0_UO448,R2_F2_m2f2_P2_Y0_UO55,MXY,1,31.464817663534674,0,0,0.0,0,0,0,-9999.0,0.625,1,P1_CV0,1,1,1,1,1
2,2536859.926,708059.4624,R2_F2_m2f2_P2_Y2_UO601,R2_F2_m2f2_P2_Y0_UO149,R2_F2_m-1f-1_P2_Y-1_U78,FXX,1,31.464817663534674,0,0,0.0,0,0,0,-9999.0,0.875,1,P1_CV0,1,1,1,1,1
2,2536859.926,708059.4624,R2_F2_m2f2_P2_Y2_UO602,R2_F2_m2f2_P2_Y0_UO149,R2_F2_m-1f-1_P2_Y-1_U78,MXY,1,31.464817663534674,0,0,0.0,0,0,0,-9999.0,0.875,1,P1_CV0,1,1,1,2,0
2,2536859.926,708059.4624,R2_F2_m2f2_P2_Y2_UO603,R2_F2_m2f2_P2_Y0_UO149,R2_F2_m-1f-1_P2_Y-1_U78,MXY,1,31.464817663534674,0,0,0.0,0,0,0,-9999.0,0.875,1,P1_CV0,1,1,1,2,0
2,2536859.926,708059.4624,R2_F2_m2f2_P2_Y2_UO604,R2_F2_m2f2_P2_Y0_UO149,R2_F2_m-1f-1_P2_Y-1_U78,MXY,1,31.464817663534674,0,0,0.0,0,0,0,-9999.0,0.875,1,P1_CV0,1,1,1,2,0
2,2536859.926,708059.4624,R2_F2_m2f2_P2_Y2_UO605,R2_F2_m2f2_P2_Y0_UO149,R2_F2_m-1f-1_P2_Y-1_U78,MXY,1,31.464817663534674,0,0,0.0,0,0,0,-9999.0,0.875,1,P1_CV0,1,1,1,1,1
2,2536859.926,708059.4624,R2_F2_m2f2_P2_Y2_UO606,R2_F2_m2f2_P2_Y0_UO149,R2_F2_m-1f-1_P2_Y-1_U78,MXY,1,31.464817663534674,0,0,0.0,0,0,0,-9999.0,0.875,1,P1_CV0,1,1,1,2,0
2,2536859.926,708059.4624,R2_F2_m2f2_P2_Y2_UO607,R2_F2_m2f2_P2_Y0_UO149,R2_F2_m-1f-1_P2_Y-1_U78,MXY,1,31.464817663534674,0,0,0.0,0,0,0,-9999.0,0.875,1,P1_CV0,1,1,1,1,1
2,2536859.926,708059.4624,R2_F2_m2f2_P2_Y2_UO608,R2_F2_m2f2_P2_Y0_UO149,R2_F2_m-1f-1_P2_Y-1_U78,FXX,1,31.464817663534674,0,0,0.0,0,0,0,-9999.0,0.875,1,P1_CV0,1,1,1,2,0
2,2536859.926,708059.4624,R2_F2_m2f2_P2_Y2_UO610,R2_F2_m2f2_P2_Y0_UO149,R2_F2_m-1f-1_P2_Y-1_U78,FXX,1,31.464817663534674,0,0,0.0,0,0,0,-9999.0,0.875,1,P1_CV0,1,1,1,1,1
2,2536859.926,708059.4624,R2_F2_m2f2_P2_Y2_UO641,R2_F2_m2f2_P2_Y0_UO132,R2_F2_m-1f-1_P2_Y-1_U75,FXX,1,31.464817663534674,0,0,0.0,0,0,0,-9999.0,0.5,1,P1_CV0,1,1,1,1,1
2,2536859.926,708059.4624,R2_F2_m2f2_P2_Y2_UO642,R2_F2_m2f2_P2_Y0_UO132,R2_F2_m-1f-1_P2_Y-1_U75,FXX,1,31.464817663534674,0,0,0.0,0,0,0,-9999.0,0.5,1,P1_CV0,1,2,0,1,1
2,2536859.926,708059.4624,R2_F2_m2f2_P2_Y2_UO643,R2_F2_m2f2_P2_Y0_UO132,R2_F2_m-1f-1_P2_Y-1_U75,FXX,1,31.464817663534674,0,0,0.0,0,0,0,-9999.0,0.5,1,P1_CV0,1,1,1,2,0
2,2536859.926,708059.4624,R2_F2_m2f2_P2_Y2_UO644,R2_F2_m2f2_P2_Y0_UO132,R2_F2_m-1f-1_P2_Y-1_U75,FXX,1,31.464817663534674,0,0,0.0,0,0,0,-9999.0,0.5,1,P1_CV0,1,1,1,1,1
2,2536859.926,708059.4624,R2_F2_m2f2_P2_Y2_UO645,R2_F2_m2f2_P2_Y0_UO132,R2_F2_m-1f-1_P2_Y-1_U75,FXX,1,31.464817663534674,0,0,0.0,0,0,0,-9999.0,0.5,1,P1_CV0,1,1,1,2,0
2,2536859.926,708059.4624,R2_F2_m2f2_P2_Y2_UO646,R2_F2_m2f2_P2_Y0_UO132,R2_F2_m-1f-1_P2_Y-1_U75,MXY,1,31.464817663534674,0,0,0.0,0,0,0,-9999.0,0.5,1,P1_CV0,1,2,0,2,0
2,2536859.926,708059.4624,R2_F2_m2f2_P2_Y2_UO647,R2_F2_m2f2_P2_Y0_UO132,R2_F2_m-1f-1_P2_Y-1_U75,FXX,1,31.464817663534674,0,0,0.0,0,0,0,-9999.0,0.5,1,P1_CV0,1,1,1,2,0
2,2536859.926,708059.4624,R2_F2_m2f2_P2_Y2_UO648,R2_F2_m2f2_P2_Y0_UO132,R2_F2_m-1f-1_P2_Y-1_U75,FXX,1,31.464817663534674,0,0,0.0,0,0,0,-9999.0,0.5,1,P1_CV0,1,1,1,2,0
2,2536859.926,708059.4624,R2_F2_m2f2_P2_Y1_UO363,R2_F2_m-1f-1_P2_Y-1_U65,R2_F2_m-1f-1_P2_Y-1_U25,FXX,2,31.96410254393867,1,0,1.0,0,0,0,-9999.0,0.5,1,P1_CV0,1,1,1,1,1
2,2536859.926,708059.4624,R2_F2_m2f2_P2_Y1_UO406,R2_F2_m-1f-1_P2_Y-1_U124,R2_F2_m-1f-1_P2_Y-1_U88,FXX,2,31.96410254393867,1,0,1.895,0,0,0,-9999.0,0.25,1,P1_CV0,1,1,1,1,1
2,2536859.926,708059.4624,R2_F2_m2f2_P2_Y1_UO389,R2_F2_m-1f-1_P2_Y-1_U71,R2_F2_m-1f-1_P2_Y-1_U88,FXX,2,31.96410254393867,1,0,1.563,0,0,0,-9999.0,0.75,1,P1_CV0,1,2,0,1,1
2,2536859.926,708059.4624,R2_F2_m2f2_P2_Y1_UO337,R2_F2_m-1f-1_P2_Y-1_U94,R2_F2_m-1f-1_P2_Y-1_U90,MXY,2,31.96410254393867,1,0,0.0,0,0,0,-9999.0,0.5,1,P1_CV0,1,1,1,1,1
2,2536859.926,708059.4624,R2_F2_m2f2_P2_Y1_UO244,R2_F2_m-1f-1_P2_Y-1_U96,R2_F2_m-1f-1_P2_Y-1_U23,MXY,2,31.96410254393867,1,0,0.0,0,0,0,-9999.0,0.5,1,P1_CV0,1,1,1,2,0
2,2536859.926,708059.4624,R2_F2_m2f2_P2_Y1_UO423,R2_F2_m-1f-1_P2_Y-1_U106,R2_F2_m-1f-1_P2_Y-1_U28,MXY,2,31.96410254393867,1,0,0.0,0,0,0,-9999.0,0.75,1,P1_CV0,1,2,0,1,1
2,2536859.926,708059.4624,R2_F2_m2f2_P2_Y1_UO422,R2_F2_m-1f-1_P2_Y-1_U106,R2_F2_m-1f-1_P2_Y-1_U28,FXX,2,31.96410254393867,1,0,1.179,0,0,0,-9999.0,0.75,1,P1_CV0,1,0,2,2,0
2,2536859.926,708059.4624,R2_F2_m2f2_P2_Y1_UO445,R2_F2_m-1f-1_P2_Y-1_U106,I2_F7_m-1f-1_P2_Y-1_U10,MXY,2,31.96410254393867,1,0,0.0,0,0,0,-9999.0,0.75,1,P1_CV0,1,1,1,0,2
2,2536859.926,708059.4624,R2_F2_m2f2_P2_Y1_UO471,R2_F2_m-1f-1_P2_Y-1_U30,R2_F2_m-1f-1_P2_Y-1_U88,MXY,2,31.96410254393867,1,0,0.0,0,0,0,-9999.0,0.5,1,P1_CV0,1,2,0,2,0
2,2536859.926,708059.4624,R2_F2_m2f2_P2_Y1_UO45,R2_F2_m-1f-1_P2_Y-1_U124,R2_F2_m-1f-1_P2_Y-1_U80,MXY,2,31.96410254393867,1,0,0.0,0,0,0,-9999.0,0.0,1,P1_CV0,1,0,2,1,1
2,2536859.926,708059.4624,R2_F2_m2f2_P2_Y1_UO388,R2_F2_m-1f-1_P2_Y-1_U38,R2_F2_m-1f-1_P2_Y-1_U103,MXY,2,31.96410254393867,1,0,0.0,0,0,0,-9999.0,0.25,1,P1_CV0,1,2,0,2,0
2,2536859.926,708059.4624,R2_F2_m2f2_P2_Y1_UO446,R2_F2_m-1f-1_P2_Y-1_U106,I2_F7_m-1f-1_P2_Y-1_U10,FXX,2,31.96410254393867,1,0,1.0,0,0,0,-9999.0,0.75,1,P1_CV0,1,1,1,2,0
2,2536859.926,708059.4624,R2_F2_m2f2_P2_Y1_UO26,R2_F2_m-1f-1_P2_Y-1_U11,R2_F2_m-1f-1_P2_Y-1_U7,MXY,2,31.96410254393867,1,0,0.0,0,0,0,-9999.0,0.25,1,P1_CV0,1,1,1,0,2
2,2536859.926,708059.4624,R2_F2_m2f2_P2_Y1_UO545,R2_F2_m-1f-1_P2_Y-1_U67,R2_F2_m-1f-1_P2_Y-1_U8,MXY,2,31.96410254393867,1,0,0.0,0,0,0,-9999.0,0.5,1,P1_CV0,1,1,1,0,2
2,2536859.926,708059.4624,R2_F2_m2f2_P2_Y1_UO32,R2_F2_m-1f-1_P2_Y-1_U81,R2_F2_m-1f-1_P2_Y-1_U110,FXX,2,31.96410254393867,1,0,2.844,0,0,0,-9999.0,0.25,1,P1_CV0,1,0,2,1,1
2,2536859.926,708059.4624,R2_F2_m2f2_P2_Y1_UO369,R2_F2_m-1f-1_P2_Y-1_U121,R2_F2_m-1f-1_P2_Y-1_U118,MXY,2,31.96410254393867,1,0,0.0,0,0,0,-9999.0,0.75,1,P1_CV0,1,2,0,2,0
2,2536859.926,708059.4624,R2_F2_m2f2_P2_Y1_UO475,R2_F2_m-1f-1_P2_Y-1_U71,R2_F2_m-1f-1_P2_Y-1_U91,MXY,2,31.96410254393867,1,0,0.0,0,0,0,-9999.0,0.75,1,P1_CV0,1,1,1,0,2
2,2536859.926,708059.4624,R2_F2_m2f2_P2_Y1_UO453,R2_F2_m-1f-1_P2_Y-1_U124,R2_F2_m-1f-1_P2_Y-1_U93,FXX,2,31.96410254393867,1,0,1.0,0,0,0,-9999.0,0.5,1,P1_CV0,1,0,2,0,2
2,2536859.926,708059.4624,R2_F2_m2f2_P2_Y1_UO391,R2_F2_m-1f-1_P2_Y-1_U52,R2_F2_m-1f-1_P2_Y-1_U19,FXX,2,31.96410254393867,1,0,2.514,0,0,0,-9999.0,0.75,1,P1_CV0,1,2,0,0,2
2,2536859.926,708059.4624,R2_F2_m2f2_P2_Y1_UO243,R2_F2_m-1f-1_P2_Y-1_U96,R2_F2_m-1f-1_P2_Y-1_U23,MXY,2,31.96410254393867,1,0,0.0,0,0,0,-9999.0,0.5,1,P1_CV0,1,2,0,0,2
2,2536859.926,708059.4624,R2_F2_m2f2_P2_Y1_UO140,R2_F2_m-1f-1_P2_Y-1_U82,R2_F2_m-1f-1_P2_Y-1_U98,MXY,2,31.96410254393867,1,0,0.0,0,0,0,-9999.0,0.5,1,P1_CV0,1,0,2,2,0
2,2536859.926,708059.4624,R2_F2_m2f2_P2_Y1_UO298,R2_F2_m-1f-1_P2_Y-1_U65,R2_F2_m-1f-1_P2_Y-1_U117,FXX,2,31.96410254393867,1,0,0.0,0,0,0,-9999.0,0.5,1,P1_CV0,1,1,1,1,1
2,2536859.926,708059.4624,R2_F2_m2f2_P2_Y1_UO297,R2_F2_m-1f-1_P2_Y-1_U65,R2_F2_m-1f-1_P2_Y-1_U117,FXX,2,31.96410254393867,1,0,0.0,0,0,0,-9999.0,0.5,1,P1_CV0,1,1,1,1,1
2,2536859.926,708059.4624,R2_F2_m2f2_P2_Y1_UO447,R2_F2_m-1f-1_P2_Y-1_U116,R2_F2_m-1f-1_P2_Y-1_U99,FXX,2,31.96410254393867,1,0,1.835,0,0,0,-9999.0,0.75,1,P1_CV0,1,1,1,0,2
2,2536859.926,708059.4624,R2_F2_m2f2_P2_Y1_UO407,R2_F2_m-1f-1_P2_Y-1_U124,R2_F2_m-1f-1_P2_Y-1_U88,MXY,2,31.96410254393867,1,0,0.0,0,0,0,-9999.0,0.25,1,P1_CV0,1,1,1,1,1
2,2536859.926,708059.4624,R2_F2_m2f2_P2_Y1_UO325,R2_F2_m-1f-1_P2_Y-1_U38,R2_F2_m-1f-1_P2_Y-1_U0,FXX,2,31.96410254393867,1,0,0.0,0,0,0,-9999.0,0.25,1,P1_CV0,1,0,2,1,1
2,2536859.926,708059.4624,R2_F2_m2f2_P2_Y1_UO87,R2_F2_m-1f-1_P2_Y-1_U14,R2_F2_m-1f-1_P2_Y-1_U85,MXY,2,31.96410254393867,1,0,0.0,0,0,0,-9999.0,0.75,1,P1_CV0,1,2,0,0,2
2,2536859.926,708059.4624,R2_F2_m2f2_P2_Y1_UO444,R2_F2_m-1f-1_P2_Y-1_U106,I2_F7_m-1f-1_P2_Y-1_U10,MXY,2,31.96410254393867,1,0,0.0,0,0,0,-9999.0,0.75,1,P1_CV0,1,0,2,0,2
2,2536859.926,708059.4624,R2_F2_m2f2_P2_Y1_UO20,R2_F2_m-1f-1_P2_Y-1_U121,R2_F2_m-1f-1_P2_Y-1_U7,MXY,2,31.96410254393867,1,0,0.0,0,0,0,-9999.0,0.5,1,P1_CV0,1,2,0,2,0
2,2536859.926,708059.4624,R2_F2_m2f2_P2_Y1_UO472,R2_F2_m-1f-1_P2_Y-1_U30,R2_F2_m-1f-1_P2_Y-1_U88,FXX,2,31.96410254393867,1,0,0.0,0,0,0,-9999.0,0.5,1,P1_CV0,1,1,1,1,1
2,2536859.926,708059.4624,R2_F2_m2f2_P2_Y1_UO233,R2_F2_m-1f-1_P2_Y-1_U119,R2_F2_m-1f-1_P2_Y-1_U28,MXY,2,31.96410254393867,1,0,0.0,0,0,0,-9999.0,0.25,1,P1_CV0,1,0,2,1,1
2,2536859.926,708059.4624,R2_F2_m2f2_P2_Y1_UO323,R2_F2_m-1f-1_P2_Y-1_U57,R2_F2_m-1f-1_P2_Y-1_U36,MXY,2,31.96410254393867,1,0,0.0,0,0,0,-9999.0,0.25,1,P1_CV0,1,1,1,2,0
2,2536859.926,708059.4624,R2_F2_m2f2_P2_Y1_UO61,R2_F2_m-1f-1_P2_Y-1_U59,R2_F2_m-1f-1_P2_Y-1_U78,MXY,2,31.96410254393867,1,0,0.0,0,0,0,-9999.0,0.75,1,P1_CV0,1,1,1,1,1
2,2536859.926,708059.4624,R2_F2_m2f2_P2_Y1_UO473,R2_F2_m-1f-1_P2_Y-1_U71,R2_F2_m-1f-1_P2_Y-1_U8,FXX,2,31.96410254393867,1,0,1.747,0,0,0,-9999.0,0.75,1,P1_CV0,1,1,1,2,0
2,2536859.926,708059.4624,R2_F2_m2f2_P2_Y1_UO362,R2_F2_m-1f-1_P2_Y-1_U65,R2_F2_m-1f-1_P2_Y-1_U25,MXY,2,31.96410254393867,1,0,0.0,0,0,0,-9999.0,0.5,1,P1_CV0,1,0,2,0,2
2,2536859.926,708059.4624,R2_F2_m2f2_P2_Y1_UO299,R2_F2_m-1f-1_P2_Y-1_U65,R2_F2_m-1f-1_P2_Y-1_U117,MXY,2,31.96410254393867,1,0,0.0,0,0,0,-9999.0,0.5,1,P1_CV0,1,0,2,1,1
2,2536859.926,708059.4624,R2_F2_m2f2_P2_Y1_UO60,R2_F2_m-1f-1_P2_Y-1_U59,R2_F2_m-1f-1_P2_Y-1_U78,MXY,2,31.96410254393867,1,0,0.0,0,0,0,-9999.0,0.75,1,P1_CV0,1,0,2,2,0
2,2536859.926,708059.4624,R2_F2_m2f2_P2_Y1_UO139,R2_F2_m-1f-1_P2_Y-1_U82,R2_F2_m-1f-1_P2_Y-1_U98,FXX,2,31.96410254393867,1,0,1.0,0,0,0,-9999.0,0.5,1,P1_CV0,1,1,1,0,2
2,2536859.926,708059.4624,R2_F2_m2f2_P2_Y1_UO392,R2_F2_m-1f-1_P2_Y-1_U52,R2_F2_m-1f-1_P2_Y-1_U19,MXY,2,31.96410254393867,1,0,0.0,0,0,0,-9999.0,0.75,1,P1_CV0,1,1,1,1,1
2,2536859.926,708059.4624,R2_F2_m2f2_P2_Y1_UO264,R2_F2_m-1f-1_P2_Y-1_U71,R2_F2_m-1f-1_P2_Y-1_U42,FXX,2,31.96410254393867,1,0,0.0,0,0,0,-9999.0,1.0,1,P1_CV0,1,0,2,1,1
2,2536859.926,708059.4624,R2_F2_m2f2_P2_Y1_UO222,R2_F2_m-1f-1_P2_Y-1_U119,R2_F2_m-1f-1_P2_Y-1_U7,MXY,2,31.96410254393867,1,0,0.0,0,0,0,-9999.0,0.25,1,P1_CV0,1,0,2,0,2
2,2536859.926,708059.4624,R2_F2_m2f2_P2_Y1_UO448,R2_F2_m-1f-1_P2_Y-1_U116,R2_F2_m-1f-1_P2_Y-1_U99,MXY,2,31.96410254393867,1,0,0.0,0,0,0,-9999.0,0.75,1,P1_CV0,1,2,0,2,0
2,2536859.926,708059.4624,R2_F2_m2f2_P2_Y1_UO390,R2_F2_m-1f-1_P2_Y-1_U71,R2_F2_m-1f-1_P2_Y-1_U88,MXY,2,31.96410254393867,1,0,0.0,0,0,0,-9999.0,0.75,1,P1_CV0,1,0,2,0,2
2,2536859.926,708059.4624,R2_F2_m2f2_P2_Y1_UO221,R2_F2_m-1f-1_P2_Y-1_U119,R2_F2_m-1f-1_P2_Y-1_U7,MXY,2,31.96410254393867,1,0,0.0,0,0,0,-9999.0,0.25,1,P1_CV0,1,1,1,2,0
2,2536859.926,708059.4624,R2_F2_m2f2_P2_Y1_UO414,R2_F2_m-1f-1_P2_Y-1_U71,R2_F2_m-1f-1_P2_Y-1_U6,FXX,2,31.96410254393867,1,0,1.835,0,0,0,-9999.0,0.5,1,P1_CV0,1,2,0,2,0
2,2536859.926,708059.4624,R2_F2_m2f2_P2_Y1_UO324,R2_F2_m-1f-1_P2_Y-1_U57,R2_F2_m-1f-1_P2_Y-1_U36,MXY,2,31.96410254393867,1,0,0.0,0,0,0,-9999.0,0.25,1,P1_CV0,1,2,0,2,0
2,2536859.926,708059.4624,R2_F2_m2f2_P2_Y1_UO338,R2_F2_m-1f-1_P2_Y-1_U94,R2_F2_m-1f-1_P2_Y-1_U90,MXY,2,31.96410254393867,1,0,0.0,0,0,0,-9999.0,0.5,1,P1_CV0,1,1,1,0,2
2,2536859.926,708059.4624,R2_F2_m2f2_P2_Y1_UO24,R2_F2_m-1f-1_P2_Y-1_U11,R2_F2_m-1f-1_P2_Y-1_U7,MXY,2,31.96410254393867,1,0,0.0,0,0,0,-9999.0,0.25,1,P1_CV0,1,1,1,1,1
2,2536859.926,708059.4624,R2_F2_m2f2_P2_Y1_UO293,R2_F2_m-1f-1_P2_Y-1_U52,R2_F2_m-1f-1_P2_Y-1_U1,FXX,2,31.96410254393867,1,0,3.253,0,0,0,-9999.0,0.5,1,P1_CV0,1,2,0,1,1
2,2536859.926,708059.4624,R2_F2_m2f2_P2_Y1_UO368,R2_F2_m-1f-1_P2_Y-1_U121,R2_F2_m-1f-1_P2_Y-1_U118,MXY,2,31.96410254393867,1,0,0.0,0,0,0,-9999.0,0.75,1,P1_CV0,1,0,2,0,2
2,2536859.926,708059.4624,R2_F2_m2f2_P2_Y1_UO398,R2_F2_m-1f-1_P2_Y-1_U121,R2_F2_m-1f-1_P2_Y-1_U19,FXX,2,31.96410254393867,1,0,2.362,0,0,0,-9999.0,0.5,1,P1_CV0,1,0,2,0,2
2,2536859.926,708059.4624,R2_F2_m2f2_P2_Y1_UO327,R2_F2_m-1f-1_P2_Y-1_U119,R2_F2_m-1f-1_P2_Y-1_U6,MXY,2,31.96410254393867,1,0,0.0,0,0,0,-9999.0,0.0,1,P1_CV0,1,0,2,1,1
2,2536859.926,708059.4624,R2_F2_m2f2_P2_Y1_UO7,R2_F2_m-1f-1_P2_Y-1_U30,R2_F2_m-1f-1_P2_Y-1_U51,FXX,2,31.96410254393867,1,0,1.0,0,0,0,-9999.0,0.5,1,P1_CV0,1,1,1,1,1
2,2536859.926,708059.4624,R2_F2_m2f2_P2_Y1_UO183,R2_F2_m-1f-1_P2_Y-1_U71,R2_F2_m-1f-1_P2_Y-1_U91,FXX,2,31.96410254393867,1,0,1.808,0,0,0,-9999.0,0.75,1,P1_CV0,1,2,0,1,1
2,2536859.926,708059.4624,I2_F7_m2f2_P2_Y1_UO176,R2_F2_m-1f-1_P2_Y-1_U74,R2_F2_m-1f-1_P2_Y-1_U123,MXY,2,31.968150514504355,1,0,0.0,0,0,0,-9999.0,0.25,1,P1_CV0,1,0,2,2,0
2,2536859.926,708059.4624,I2_F7_m2f2_P2_Y1_UO268,R2_F2_m-1f-1_P2_Y-1_U9,R2_F2_m-1f-1_P2_Y-1_U28,FXX,2,31.968150514504355,1,0,1.0,0,0,0,-9999.0,0.5,1,P1_CV0,1,1,1,0,2
2,2536859.926,708059.4624,R2_F2_m2f2_P2_Y0_UO231,R2_F2_m-1f-1_P2_Y-1_U38,R2_F2_m-1f-1_P2_Y-1_U0,MXY,3,32.44105982310022,1,0,0.0,0,0,0,-9999.0,0.25,1,P1_CV0,1,0,2,1,1
2,2536859.926,708059.4624,R2_F2_m2f2_P2_Y0_UO13,R2_F2_m-1f-1_P2_Y-1_U87,R2_F2_m-1f-1_P2_Y-1_U16,MXY,3,32.44105982310022,1,0,0.0,0,0,0,-9999.0,0.5,1,P1_CV0,1,2,0,2,0
2,2536859.926,708059.4624,R2_F2_m2f2_P2_Y0_UO14,R2_F2_m-1f-1_P2_Y-1_U87,R2_F2_m-1f-1_P2_Y-1_U16,FXX,3,32.44105982310022,1,0,1.186,0,0,0,-9999.0,0.5,1,P1_CV0,1,2,0,0,2
2,2536859.926,708059.4624,R2_F2_m2f2_P2_Y0_UO476,R2_F2_m-1f-1_P2_Y-1_U66,R2_F2_m-1f-1_P2_Y-1_U75,FXX,3,32.44105982310022,1,0,0.0,0,0,0,-9999.0,0.5,1,P1_CV0,1,2,0,1,1
2,2536859.926,708059.4624,R2_F2_m2f2_P2_Y0_UO132,R2_F2_m-1f-1_P2_Y-1_U113,R2_F2_m-1f-1_P2_Y-1_U8,FXX,3,32.44105982310022,1,0,0.0,0,0,0,-9999.0,0.5,1,P1_CV0,1,2,0,1,1
2,2536859.926,708059.4624,R2_F2_m2f2_P2_Y0_UO607,R2_F2_m-1f-1_P2_Y-1_U95,R2_F2_m-1f-1_P2_Y-1_U18,FXX,3,32.44105982310022,1,0,0.0,0,0,0,-9999.0,0.75,1,P1_CV0,1,1,1,2,0
2,2536859.926,708059.4624,R2_F2_m2f2_P2_Y0_UO138,R2_F2_m-1f-1_P2_Y-1_U83,R2_F2_m-1f-1_P2_Y-1_U108,FXX,3,32.44105982310022,1,0,1.308,0,0,0,-9999.0,0.25,1,P1_CV0,1,1,1,2,0
2,2536859.926,708059.4624,R2_F2_m2f2_P2_Y0_UO504,R2_F2_m-1f-1_P2_Y-1_U38,R2_F2_m-1f-1_P2_Y-1_U88,MXY,3,32.44105982310022,1,0,0.0,0,0,0,-9999.0,0.25,1,P1_CV0,1,1,1,1,1
2,2536859.926,708059.4624,R2_F2_m2f2_P2_Y0_UO331,R2_F2_m-1f-1_P2_Y-1_U95,R2_F2_m-1f-1_P2_Y-1_U49,MXY,3,32.44105982310022,1,0,0.0,0,0,0,-9999.0,0.5,1,P1_CV0,1,1,1,2,0
2,2536859.926,708059.4624,R2_F2_m2f2_P2_Y0_UO110,R2_F2_m-1f-1_P2_Y-1_U122,R2_F2_m-1f-1_P2_Y-1_U6,FXX,3,32.44105982310022,1,0,2.159,0,0,0,-9999.0,0.25,1,P1_CV0,1,1,1,2,0
2,2536859.926,708059.4624,R2_F2_m2f2_P2_Y0_UO149,R2_F2_m-1f-1_P2_Y-1_U46,R2_F2_m-1f-1_P2_Y-1_U103,FXX,3,32.44105982310022,1,0,0.0,0,0,0,-9999.0,0.75,1,P1_CV0,1,0,2,2,0
2,2536859.926,708059.4624,R2_F2_m2f2_P2_Y0_UO472,R2_F2_m-1f-1_P2_Y-1_U66,R2_F2_m-1f-1_P2_Y-1_U75,FXX,3,32.44105982310022,1,0,1.0,0,0,0,-9999.0,0.5,1,P1_CV0,1,2,0,1,1
2,2536859.926,708059.4624,R2_F2_m2f2_P2_Y0_UO55,R2_F2_m-1f-1_P2_Y-1_U17,R2_F2_m-1f-1_P2_Y-1_U91,MXY,3,32.44105982310022,1,0,0.0,0,0,0,-9999.0,0.75,1,P1_CV0,1,0,2,1,1
2,2536859.926,708059.4624,R2_F2_m2f2_P2_Y0_UO139,R2_F2_m-1f-1_P2_Y-1_U83,R2_F2_m-1f-1_P2_Y-1_U108,FXX,3,32.44105982310022,1,0,0.0,0,0,0,-9999.0,0.25,1,P1_CV0,1,1,1,2,0
2,2536859.926,708059.4624,R2_F2_m2f2_P2_Y0_UO448,R2_F2_m-1f-1_P2_Y-1_U100,R2_F2_m-1f-1_P2_Y-1_U127,FXX,3,32.44105982310022,1,0,0.0,0,0,0,-9999.0,0.5,1,P1_CV0,1,2,0,0,2
2,2536859.926,708059.4624,R2_F2_m2f2_P2_Y0_UO652,R2_F2_m-1f-1_P2_Y-1_U113,R2_F2_m-1f-1_P2_Y-1_U8,MXY,3,32.44105982310022,1,0,0.0,0,0,0,-9999.0,0.5,1,P1_CV0,1,1,1,2,0
2,2536859.926,708059.4624,R2_F2_m2f2_P2_Y0_UO533,R2_F2_m-1f-1_P2_Y-1_U2,R2_F2_m-1f-1_P2_Y-1_U27,FXX,3,32.44105982310022,1,0,1.0,0,0,0,-9999.0,0.75,1,P1_CV0,1,1,1,0,2
2,2536859.926,708059.4624,R2_F2_m2f2_P2_Y0_UO659,R2_F2_m-1f-1_P2_Y-1_U50,R2_F2_m-1f-1_P2_Y-1_U31,MXY,3,32.44105982310022,1,0,0.0,0,0,0,-9999.0,0.5,1,P1_CV0,1,0,2,1,1
2,2536859.926,708059.4624,R2_F2_m2f2_P2_Y0_UO72,R2_F2_m-1f-1_P2_Y-1_U113,R2_F2_m-1f-1_P2_Y-1_U16,FXX,3,32.44105982310022,1,0,0.0,0,0,0,-9999.0,0.5,1,P1_CV0,1,0,2,0,2
2,2536859.926,708059.4624,R2_F2_m2f2_P2_Y0_UO54,R2_F2_m-1f-1_P2_Y-1_U17,R2_F2_m-1f-1_P2_Y-1_U91,FXX,3,32.44105982310022,1,0,1.0,0,0,0,-9999.0,0.75,1,P1_CV0,1,0,2,1,1
2,2536859.926,708059.4624,R2_F2_m2f2_P2_Y0_UO104,R2_F2_m-1f-1_P2_Y-1_U100,R2_F2_m-1f-1_P2_Y-1_U77,MXY,3,32.44105982310022,1,0,0.0,0,0,0,-9999.0,0.5,1,P1_CV0,1,2,0,2,0
2,2536859.926,708059.4624,R2_F2_m2f2_P2_Y0_UO30,R2_F2_m-1f-1_P2_Y-1_U20,R2_F2_m-1f-1_P2_Y-1_U8,MXY,3,32.44105982310022,1,0,0.0,0,0,0,-9999.0,0.75,1,P1_CV0,1,1,1,0,2
2,2536859.926,708059.4624,R2_F2_m2f2_P2_Y0_UO473,R2_F2_m-1f-1_P2_Y-1_U66,R2_F2_m-1f-1_P2_Y-1_U75,FXX,3,32.44105982310022,1,0,1.0,0,0,0,-9999.0,0.5,1,P1_CV0,1,0,2,1,1
2,2536859.926,708059.4624,R2_F2_m2f2_P2_Y0_UO660,R2_F2_m-1f-1_P2_Y-1_U50,R2_F2_m-1f-1_P2_Y-1_U31,MXY,3,32.44105982310022,1,0,0.0,0,0,0,-9999.0,0.5,1,P1_CV0,1,1,1,2,0
2,2536859.926,708059.4624,R2_F2_m2f2_P2_Y0_UO637,R2_F2_m-1f-1_P2_Y-1_U113,R2_F2_m-1f-1_P2_Y-1_U27,FXX,3,32.44105982310022,1,0,0.0,0,0,0,-9999.0,0.5,1,P1_CV0,1,2,0,2,0
2,2536859.926,708059.4624,R2_F2_m2f2_P2_Y0_UO56,R2_F2_m-1f-1_P2_Y-1_U17,R2_F2_m-1f-1_P2_Y-1_U91,MXY,3,32.44105982310022,1,0,0.0,0,0,0,-9999.0,0.75,1,P1_CV0,1,1,1,1,1
2,2536859.926,708059.4624,R2_F2_m2f2_P2_Y0_UO429,R2_F2_m-1f-1_P2_Y-1_U2,R2_F2_m-1f-1_P2_Y-1_U77,FXX,3,32.44105982310022,1,0,0.0,0,0,0,-9999.0,0.75,1,P1_CV0,1,2,0,2,0
2,2536859.926,708059.4624,R2_F2_m2f2_P2_Y0_UO574,R2_F2_m-1f-1_P2_Y-1_U100,R2_F2_m-1f-1_P2_Y-1_U8,MXY,3,32.44105982310022,1,0,0.0,0,0,0,-9999.0,0.5,1,P1_CV0,1,1,1,1,1
2,2536859.926,708059.4624,R2_F2_m2f2_P2_Y0_UO230,R2_F2_m-1f-1_P2_Y-1_U38,R2_F2_m-1f-1_P2_Y-1_U0,FXX,3,32.44105982310022,1,0,1.0,0,0,0,-9999.0,0.25,1,P1_CV0,1,2,0,2,0
2,2536859.926,708059.4624,R2_F2_m2f2_P2_Y0_UO35,R2_F2_m-1f-1_P2_Y-1_U20,R2_F2_m-1f-1_P2_Y-1_U8,FXX,3,32.44105982310022,1,0,0.0,0,0,0,-9999.0,0.75,1,P1_CV0,1,2,0,0,2
2,2536859.926,708059.4624,R2_F2_m2f2_P2_Y0_UO296,R2_F2_m-1f-1_P2_Y-1_U50,R2_F2_m-1f-1_P2_Y-1_U127,MXY,3,32.44105982310022,1,0,0.0,0,0,0,-9999.0,0.5,1,P1_CV0,1,1,1,2,0
2,2536859.926,708059.4624,R2_F2_m2f2_P2_Y0_UO471,R2_F2_m-1f-1_P2_Y-1_U66,R2_F2_m-1f-1_P2_Y-1_U75,FXX,3,32.44105982310022,1,0,2.262,0,0,0,-9999.0,0.5,1,P1_CV0,1,0,2,2,0
2,2536859.926,708059.4624,R2_F2_m2f2_P2_Y0_UO113,R2_F2_m-1f-1_P2_Y-1_U122,R2_F2_m-1f-1_P2_Y-1_U6,MXY,3,32.44105982310022,1,0,0.0,0,0,0,-9999.0,0.25,1,P1_CV0,1,2,0,0,2
2,2536859.926,708059.4624,R2_F2_m2f2_P2_Y0_UO562,R2_F2_m-1f-1_P2_Y-1_U58,R2_F2_m-1f-1_P2_Y-1_U104,MXY,3,32.44105982310022,1,0,0.0,0,0,0,-9999.0,0.75,1,P1_CV0,1,1,1,2,0
2,2536859.926,708059.4624,R2_F2_m-1f-1_P2_Y-1_U30,-9999,-9999,FXX,4,32.76620145061728,1,0,0.0,0,0,0,-9999.0,0.5,1,P1_CV0,1,1,1,2,0
2,2536859.926,708059.4624,R2_F2_m-1f-1_P2_Y-1_U70,-9999,-9999,FXX,4,32.769701390643164,1,0,1.576,0,0,0,-9999.0,0.5,1,P1_CV0,1,1,1,1,1
2,2536859.926,708059.4624,R2_F2_m-1f-1_P2_Y-1_U44,-9999,-9999,MXY,4,32.76620145061728,1,0,0.0,0,0,0,-9999.0,1.0,1,P1_CV0,1,2,0,0,2
2,2536859.926,708059.4624,R2_F2_m-1f-1_P2_Y-1_U74,-9999,-9999,FXX,4,32.76620145061728,1,0,0.0,0,0,0,-9999.0,0.5,1,P1_CV0,1,1,1,1,1
2,2536859.926,708059.4624,R2_F2_m-1f-1_P2_Y-1_U51,-9999,-9999,MXY,4,32.76620145061728,1,0,0.0,0,0,0,-9999.0,0.5,1,P1_CV0,1,1,1,2,0
2,2536859.926,708059.4624,R2_F2_m-1f-1_P2_Y-1_U32,-9999,-9999,MXY,4,32.76620145061728,1,0,0.0,0,0,0,-9999.0,0.5,1,P1_CV0,1,1,1,0,2
2,2536859.926,708059.4624,R2_F2_m-1f-1_P2_Y-1_U97,-9999,-9999,MXY,4,32.76620145061728,1,0,0.0,0,0,0,-9999.0,1.0,1,P1_CV0,1,2,0,1,1
2,2536859.926,708059.4624,R2_F2_m-1f-1_P2_Y-1_U111,-9999,-9999,FXX,4,32.76620145061728,1,0,1.03,0,0,0,-9999.0,1.0,1,P1_CV0,1,2,0,1,1
2,2536859.926,708059.4624,R2_F2_m-1f-1_P2_Y-1_U37,-9999,-9999,MXY,4,32.76620145061728,1,0,0.0,0,0,0,-9999.0,0.5,1,P1_CV0,1,1,1,1,1
2,2536859.926,708059.4624,R2_F2_m-1f-1_P2_Y-1_U21,-9999,-9999,FXX,4,32.76620145061728,1,0,1.426,0,0,0,-9999.0,1.0,1,P1_CV0,1,2,0,1,1
2,2536859.926,708059.4624,R2_F2_m-1f-1_P2_Y-1_U86,-9999,-9999,FXX,4,32.76620145061728,1,0,1.337,0,0,0,-9999.0,0.5,1,P1_CV0,1,1,1,2,0
2,2536859.926,708059.4624,R2_F2_m-1f-1_P2_Y-1_U25,-9999,-9999,MXY,4,32.76620145061728,1,0,0.0,0,0,0,-9999.0,0.5,1,P1_CV0,1,1,1,1,1
2,2536859.926,708059.4624,R2_F2_m-1f-1_P2_Y-1_U78,-9999,-9999,MXY,4,32.76620145061728,1,0,0.0,0,0,0,-9999.0,1.0,1,P1_CV0,1,2,0,1,1
2,2536859.926,708059.4624,R2_F2_m-1f-1_P2_Y-1_U81,-9999,-9999,FXX,4,32.76620145061728,1,0,0.0,0,0,0,-9999.0,0.0,1,P1_CV0,1,0,2,0,2
2,2536859.926,708059.4624,R2_F2_m-1f-1_P2_Y-1_U10,-9999,-9999,MXY,4,32.77158853148816,1,0,0.0,0,0,0,-9999.0,0.5,1,P1_CV0,1,1,1,1,1
2,2536859.926,708059.4624,R2_F2_m-1f-1_P2_Y-1_U75,-9999,-9999,MXY,5,53.902277695293854,1,0,0.0,0,0,0,-9999.0,0.5,1,P1_CV0,1,1,1,2,0
2,2536859.926,708059.4624,R2_F2_m-1f-1_P2_Y-1_U48,-9999,-9999,FXX,5,56.70827769529386,1,0,1.0,0,0,0,-9999.0,1.0,1,P1_CV0,1,2,0,1,1
2,2536859.926,708059.4624,R2_F2_m-1f-1_P2_Y-1_U108,-9999,-9999,MXY,5,54.46127769529386,1,0,0.0,0,0,0,-9999.0,0.0,1,P1_CV0,1,0,2,0,2
2,2536859.926,708059.4624,R2_F2_m-1f-1_P2_Y-1_U31,-9999,-9999,MXY,5,54.47327769529386,1,0,0.0,0,0,0,-9999.0,0.5,1,P1_CV0,1,1,1,2,0
2,2536859.926,708059.4624,R2_F2_m-1f-1_P2_Y-1_U71,-9999,-9999,FXX,5,49.310277695293856,1,0,2.183,0,0,0,-9999.0,1.0,1,P1_CV0,1,2,0,0,2
2,2536859.926,708059.4624,I2_F7_m-1f-1_P2_Y-1_U4,-9999,-9999,FXX,5,53.5816344487066,1,0,1.901,0,0,0,-9999.0,0.5,1,P1_CV0,1,1,1,0,2
2,2536859.926,708059.4624,R2_F2_m6f6_P6_Y1_UO456,R6_F6_m-1f-1_P6_Y-1_U8,R6_F6_m-1f-1_P6_Y-1_U43,MXY,2,31.965934584188364,1,0,0.0,0,0,0,-9999.0,0.75,1,P5_CV0,1,1,1,1,1
3,2532969.44,705413.5711,R3_F3_m3f3_P3_Y2_UO402,RD3_F2_m2f2_P2_Y0_UO279,R3_F3_m3f3_P3_Y0_UO367,MXY,1,31.024148991181125,0,0,0.0,0,0,0,-9999.0,0.5,1,P1_CV0,2,0,2,1,1
3,2532969.44,705413.5711,R3_F3_m3f3_P3_Y2_UO403,RD3_F2_m2f2_P2_Y0_UO279,R3_F3_m3f3_P3_Y0_UO367,MXY,1,31.024148991181125,0,0,0.0,0,0,0,-9999.0,0.5,1,P1_CV0,2,0,2,1,1
3,2532969.44,705413.5711,R3_F3_m2f2_P2_Y0_UO279,R2_F2_m-1f-1_P2_Y-1_U113,R2_F2_m-1f-1_P2_Y-1_U103,FXX,3,31.510522739419017,1,0,0.0,0,0,0,-9999.0,0.5,1,P1_CV0,2,1,1,1,1
3,2532969.44,705413.5711,R3_F3_m3f3_P3_Y2_UO94,R3_F3_m3f3_P3_Y0_UO427,R3_F3_m3f3_P3_Y0_UO481,MXY,1,31.024148991181125,0,0,0.0,0,0,0,-9999.0,0.125,1,P2_CV0,2,1,1,1,1
3,2532969.44,705413.5711,R3_F3_m3f3_P3_Y2_UO95,R3_F3_m3f3_P3_Y0_UO427,R3_F3_m3f3_P3_Y0_UO481,FXX,1,31.024148991181125,0,0,0.0,0,0,0,-9999.0,0.125,1,P2_CV0,2,1,1,1,1
3,2532969.44,705413.5711,R3_F3_m3f3_P3_Y2_UO96,R3_F3_m3f3_P3_Y0_UO427,R3_F3_m3f3_P3_Y0_UO481,FXX,1,31.024148991181125,0,0,0.0,0,0,0,-9999.0,0.125,1,P2_CV0,2,2,0,1,1
3,2532969.44,705413.5711,R3_F3_m3f3_P3_Y2_UO97,R3_F3_m3f3_P3_Y0_UO427,R3_F3_m3f3_P3_Y0_UO481,MXY,1,31.024148991181125,0,0,0.0,0,0,0,-9999.0,0.125,1,P2_CV0,2,1,1,2,0
3,2532969.44,705413.5711,R3_F3_m3f3_P3_Y2_UO98,R3_F3_m3f3_P3_Y0_UO427,R3_F3_m3f3_P3_Y0_UO481,FXX,1,31.024148991181125,0,0,0.0,0,0,0,-9999.0,0.125,1,P2_CV0,2,2,0,1,1
3,2532969.44,705413.5711,R3_F3_m3f3_P3_Y2_UO99,R3_F3_m3f3_P3_Y0_UO427,R3_F3_m3f3_P3_Y0_UO481,FXX,1,31.024148991181125,0,0,0.0,0,0,0,-9999.0,0.125,1,P2_CV0,2,2,0,2,0
3,2532969.44,705413.5711,R3_F3_m3f3_P3_Y2_UO100,R3_F3_m3f3_P3_Y0_UO427,R3_F3_m3f3_P3_Y0_UO481,MXY,1,31.024148991181125,0,0,0.0,0,0,0,-9999.0,0.125,1,P2_CV0,2,2,0,2,0
3,2532969.44,705413.5711,R3_F3_m3f3_P3_Y2_UO161,R3_F3_m-1f-1_P3_Y-1_U0,R3_F3_m3f3_P3_Y0_UO481,FXX,1,31.024148991181125,0,0,0.0,0,0,0,-9999.0,0.0,1,P2_CV0,2,1,1,2,0
3,2532969.44,705413.5711,R3_F3_m3f3_P3_Y2_UO162,R3_F3_m-1f-1_P3_Y-1_U0,R3_F3_m3f3_P3_Y0_UO481,FXX,1,31.024148991181125,0,0,0.0,0,0,0,-9999.0,0.0,1,P2_CV0,2,1,1,2,0
3,2532969.44,705413.5711,R3_F3_m3f3_P3_Y2_UO163,R3_F3_m-1f-1_P3_Y-1_U0,R3_F3_m3f3_P3_Y0_UO481,MXY,1,31.024148991181125,0,0,0.0,0,0,0,-9999.0,0.0,1,P2_CV0,2,1,1,2,0
3,2532969.44,705413.5711,R3_F3_m3f3_P3_Y2_UO164,R3_F3_m-1f-1_P3_Y-1_U0,R3_F3_m3f3_P3_Y0_UO481,FXX,1,31.024148991181125,0,0,0.0,0,0,0,-9999.0,0.0,1,P2_CV0,2,1,1,2,0
3,2532969.44,705413.5711,R3_F3_m3f3_P3_Y2_UO165,R3_F3_m-1f-1_P3_Y-1_U0,R3_F3_m3f3_P3_Y0_UO481,FXX,1,31.024148991181125,0,0,0.0,0,0,0,-9999.0,0.0,1,P2_CV0,2,1,1,2,0
3,2532969.44,705413.5711,R3_F3_m3f3_P3_Y2_UO182,R3_F3_m-1f-1_P3_Y-1_U112,R3_F3_m-1f-1_P3_Y-1_U114,MXY,1,31.024148991181125,0,0,0.0,0,0,0,-9999.0,0.25,1,P2_CV0,2,1,1,1,1
3,2532969.44,705413.5711,R3_F3_m3f3_P3_Y2_UO183,R3_F3_m-1f-1_P3_Y-1_U112,R3_F3_m-1f-1_P3_Y-1_U114,FXX,1,31.024148991181125,0,0,0.0,0,0,0,-9999.0,0.25,1,P2_CV0,2,1,1,1,1
3,2532969.44,705413.5711,R3_F3_m3f3_P3_Y2_UO187,R3_F3_m-1f-1_P3_Y-1_U94,R3_F3_m3f3_P3_Y0_UO367,MXY,1,31.024148991181125,0,0,0.0,0,0,0,-9999.0,0.25,1,P2_CV0,2,0,2,0,2
3,2532969.44,705413.5711,R3_F3_m3f3_P3_Y2_UO188,R3_F3_m-1f-1_P3_Y-1_U94,R3_F3_m3f3_P3_Y0_UO367,MXY,1,31.024148991181125,0,0,0.0,0,0,0,-9999.0,0.25,1,P2_CV0,2,0,2,0,2
3,2532969.44,705413.5711,R3_F3_m3f3_P3_Y2_UO189,R3_F3_m-1f-1_P3_Y-1_U94,R3_F3_m3f3_P3_Y0_UO367,FXX,1,31.024148991181125,0,0,0.0,0,0,0,-9999.0,0.25,1,P2_CV0,2,0,2,0,2
3,2532969.44,705413.5711,R3_F3_m3f3_P3_Y2_UO222,R3_F3_m-1f-1_P3_Y-1_U15,R3_F3_m3f3_P3_Y0_UO162,FXX,1,31.024148991181125,0,0,0.0,0,0,0,-9999.0,0.625,1,P2_CV0,2,2,0,2,0
3,2532969.44,705413.5711,R3_F3_m3f3_P3_Y2_UO223,R3_F3_m-1f-1_P3_Y-1_U15,R3_F3_m3f3_P3_Y0_UO162,FXX,1,31.024148991181125,0,0,0.0,0,0,0,-9999.0,0.625,1,P2_CV0,2,1,1,2,0
3,2532969.44,705413.5711,R3_F3_m3f3_P3_Y2_UO224,R3_F3_m-1f-1_P3_Y-1_U15,R3_F3_m3f3_P3_Y0_UO162,MXY,1,31.024148991181125,0,0,0.0,0,0,0,-9999.0,0.625,1,P2_CV0,2,1,1,1,1
3,2532969.44,705413.5711,R3_F3_m3f3_P3_Y2_UO225,R3_F3_m3f3_P3_Y0_UO470,I3_F7_m-1f-1_P3_Y-1_U124,MXY,1,31.024148991181125,0,0,0.0,0,0,0,-9999.0,0.625,1,P2_CV0,2,2,0,0,2
3,2532969.44,705413.5711,R3_F3_m3f3_P3_Y2_UO226,R3_F3_m3f3_P3_Y0_UO470,I3_F7_m-1f-1_P3_Y-1_U124,MXY,1,31.024148991181125,0,0,0.0,0,0,0,-9999.0,0.625,1,P2_CV0,2,2,0,0,2
3,2532969.44,705413.5711,R3_F3_m3f3_P3_Y2_UO227,R3_F3_m3f3_P3_Y0_UO470,I3_F7_m-1f-1_P3_Y-1_U124,MXY,1,31.024148991181125,0,0,0.0,0,0,0,-9999.0,0.625,1,P2_CV0,2,2,0,0,2
3,2532969.44,705413.5711,R3_F3_m3f3_P3_Y2_UO228,R3_F3_m3f3_P3_Y0_UO470,I3_F7_m-1f-1_P3_Y-1_U124,FXX,1,31.024148991181125,0,0,0.0,0,0,0,-9999.0,0.625,1,P2_CV0,2,2,0,0,2
3,2532969.44,705413.5711,R3_F3_m3f3_P3_Y2_UO280,R3_F3_m3f3_P3_Y0_UO629,R3_F3_m3f3_P3_Y0_UO549,MXY,1,31.024148991181125,0,0,0.0,0,0,0,-9999.0,0.5,1,P2_CV0,2,1,1,1,1
3,2532969.44,705413.5711,R3_F3_m3f3_P3_Y2_UO281,R3_F3_m3f3_P3_Y0_UO629,R3_F3_m3f3_P3_Y0_UO549,MXY,1,31.024148991181125,0,0,0.0,0,0,0,-9999.0,0.5,1,P2_CV0,2,1,1,1,1
3,2532969.44,705413.5711,R3_F3_m3f3_P3_Y2_UO322,R3_F3_m-1f-1_P3_Y-1_U112,R3_F3_m-1f-1_P3_Y-1_U90,MXY,1,31.024148991181125,0,0,0.0,0,0,0,-9999.0,0.75,1,P2_CV0,2,2,0,2,0
3,2532969.44,705413.5711,R3_F3_m3f3_P3_Y2_UO323,R3_F3_m-1f-1_P3_Y-1_U112,R3_F3_m-1f-1_P3_Y-1_U90,FXX,1,31.024148991181125,0,0,0.0,0,0,0,-9999.0,0.75,1,P2_CV0,2,1,1,2,0
3,2532969.44,705413.5711,R3_F3_m3f3_P3_Y2_UO324,R3_F3_m-1f-1_P3_Y-1_U112,R3_F3_m-1f-1_P3_Y-1_U90,FXX,1,31.024148991181125,0,0,0.0,0,0,0,-9999.0,0.75,1,P2_CV0,2,2,0,2,0
3,2532969.44,705413.5711,R3_F3_m3f3_P3_Y2_UO325,R3_F3_m-1f-1_P3_Y-1_U102,R3_F3_m3f3_P3_Y0_UO205,MXY,1,31.024148991181125,0,0,0.0,0,0,0,-9999.0,0.625,1,P2_CV0,2,0,2,2,0
3,2532969.44,705413.5711,R3_F3_m3f3_P3_Y2_UO326,R3_F3_m-1f-1_P3_Y-1_U102,R3_F3_m3f3_P3_Y0_UO205,FXX,1,31.024148991181125,0,0,0.0,0,0,0,-9999.0,0.625,1,P2_CV0,2,2,0,2,0
3,2532969.44,705413.5711,R3_F3_m3f3_P3_Y2_UO327,R3_F3_m-1f-1_P3_Y-1_U102,R3_F3_m3f3_P3_Y0_UO205,MXY,1,31.024148991181125,0,0,0.0,0,0,0,-9999.0,0.625,1,P2_CV0,2,1,1,2,0
3,2532969.44,705413.5711,R3_F3_m3f3_P3_Y2_UO328,R3_F3_m-1f-1_P3_Y-1_U102,R3_F3_m3f3_P3_Y0_UO205,FXX,1,31.024148991181125,0,0,0.0,0,0,0,-9999.0,0.625,1,P2_CV0,2,1,1,2,0
3,2532969.44,705413.5711,R3_F3_m3f3_P3_Y2_UO329,R3_F3_m-1f-1_P3_Y-1_U102,R3_F3_m3f3_P3_Y0_UO205,MXY,1,31.024148991181125,0,0,0.0,0,0,0,-9999.0,0.625,1,P2_CV0,2,0,2,2,0
3,2532969.44,705413.5711,R3_F3_m3f3_P3_Y2_UO330,R3_F3_m-1f-1_P3_Y-1_U102,R3_F3_m3f3_P3_Y0_UO205,MXY,1,31.024148991181125,0,0,0.0,0,0,0,-9999.0,0.625,1,P2_CV0,2,1,1,2,0
3,2532969.44,705413.5711,R3_F3_m3f3_P3_Y2_UO331,R3_F3_m-1f-1_P3_Y-1_U102,R3_F3_m3f3_P3_Y0_UO205,MXY,1,31.024148991181125,0,0,0.0,0,0,0,-9999.0,0.625,1,P2_CV0,2,1,1,2,0
3,2532969.44,705413.5711,R3_F3_m3f3_P3_Y2_UO332,R3_F3_m-1f-1_P3_Y-1_U102,R3_F3_m3f3_P3_Y0_UO205,MXY,1,31.024148991181125,0,0,0.0,0,0,0,-9999.0,0.625,1,P2_CV0,2,2,0,2,0
3,2532969.44,705413.5711,R3_F3_m3f3_P3_Y2_UO333,R3_F3_m-1f-1_P3_Y-1_U102,R3_F3_m3f3_P3_Y0_UO205,FXX,1,31.024148991181125,0,0,0.0,0,0,0,-9999.0,0.625,1,P2_CV0,2,1,1,2,0
3,2532969.44,705413.5711,R3_F3_m3f3_P3_Y2_UO385,R3_F3_m3f3_P3_Y0_UO470,R3_F3_m3f3_P3_Y0_UO387,FXX,1,31.024148991181125,0,0,0.0,0,0,0,-9999.0,0.375,1,P2_CV0,2,2,0,1,1
3,2532969.44,705413.5711,R3_F3_m3f3_P3_Y2_UO386,R3_F3_m3f3_P3_Y0_UO470,R3_F3_m3f3_P3_Y0_UO387,MXY,1,31.024148991181125,0,0,0.0,0,0,0,-9999.0,0.375,1,P2_CV0,2,2,0,1,1
3,2532969.44,705413.5711,R3_F3_m3f3_P3_Y2_UO387,R3_F3_m3f3_P3_Y0_UO470,R3_F3_m3f3_P3_Y0_UO387,FXX,1,31.024148991181125,0,0,0.0,0,0,0,-9999.0,0.375,1,P2_CV0,2,2,0,1,1
3,2532969.44,705413.5711,R3_F3_m3f3_P3_Y2_UO405,R3_F3_m-1f-1_P3_Y-1_U112,R3_F3_m3f3_P3_Y0_UO619,FXX,1,31.024148991181125,0,0,0.0,0,0,0,-9999.0,0.5,1,P2_CV0,2,1,1,1,1
3,2532969.44,705413.5711,R3_F3_m3f3_P3_Y2_UO406,R3_F3_m-1f-1_P3_Y-1_U112,R3_F3_m3f3_P3_Y0_UO619,FXX,1,31.024148991181125,0,0,0.0,0,0,0,-9999.0,0.5,1,P2_CV0,2,1,1,1,1
3,2532969.44,705413.5711,R3_F3_m3f3_P3_Y2_UO407,R3_F3_m-1f-1_P3_Y-1_U112,R3_F3_m3f3_P3_Y0_UO619,MXY,1,31.024148991181125,0,0,0.0,0,0,0,-9999.0,0.5,1,P2_CV0,2,1,1,1,1
3,2532969.44,705413.5711,R3_F3_m3f3_P3_Y2_UO412,R3_F3_m-1f-1_P3_Y-1_U118,R3_F3_m3f3_P3_Y0_UO367,MXY,1,31.024148991181125,0,0,0.0,0,0,0,-9999.0,0.5,1,P2_CV0,2,0,2,0,2
3,2532969.44,705413.5711,R3_F3_m3f3_P3_Y2_UO413,R3_F3_m-1f-1_P3_Y-1_U118,R3_F3_m3f3_P3_Y0_UO367,FXX,1,31.024148991181125,0,0,0.0,0,0,0,-9999.0,0.5,1,P2_CV0,2,0,2,0,2
3,2532969.44,705413.5711,R3_F3_m3f3_P3_Y2_UO414,R3_F3_m-1f-1_P3_Y-1_U118,R3_F3_m3f3_P3_Y0_UO367,FXX,1,31.024148991181125,0,0,0.0,0,0,0,-9999.0,0.5,1,P2_CV0,2,1,1,0,2
3,2532969.44,705413.5711,R3_F3_m3f3_P3_Y2_UO415,R3_F3_m-1f-1_P3_Y-1_U118,R3_F3_m3f3_P3_Y0_UO367,FXX,1,31.024148991181125,0,0,0.0,0,0,0,-9999.0,0.5,1,P2_CV0,2,1,1,0,2
3,2532969.44,705413.5711,R3_F3_m3f3_P3_Y2_UO416,R3_F3_m-1f-1_P3_Y-1_U118,R3_F3_m3f3_P3_Y0_UO367,FXX,1,31.024148991181125,0,0,0.0,0,0,0,-9999.0,0.5,1,P2_CV0,2,0,2,0,2
3,2532969.44,705413.5711,R3_F3_m3f3_P3_Y2_UO417,R3_F3_m-1f-1_P3_Y-1_U118,R3_F3_m3f3_P3_Y0_UO367,MXY,1,31.024148991181125,0,0,0.0,0,0,0,-9999.0,0.5,1,P2_CV0,2,0,2,0,2
3,2532969.44,705413.5711,R3_F3_m3f3_P3_Y2_UO418,R3_F3_m-1f-1_P3_Y-1_U118,R3_F3_m3f3_P3_Y0_UO367,MXY,1,31.024148991181125,0,0,0.0,0,0,0,-9999.0,0.5,1,P2_CV0,2,1,1,0,2
3,2532969.44,705413.5711,R3_F3_m3f3_P3_Y2_UO419,R3_F3_m-1f-1_P3_Y-1_U118,R3_F3_m3f3_P3_Y0_UO367,MXY,1,31.024148991181125,0,0,0.0,0,0,0,-9999.0,0.5,1,P2_CV0,2,1,1,0,2
3,2532969.44,705413.5711,R3_F3_m3f3_P3_Y2_UO420,R3_F3_m-1f-1_P3_Y-1_U6,R3_F3_m3f3_P3_Y0_UO624,MXY,1,31.024148991181125,0,0,0.0,0,0,0,-9999.0,0.5,1,P2_CV0,2,0,2,0,2
3,2532969.44,705413.5711,R3_F3_m3f3_P3_Y2_UO421,R3_F3_m-1f-1_P3_Y-1_U6,R3_F3_m3f3_P3_Y0_UO624,MXY,1,31.024148991181125,0,0,0.0,0,0,0,-9999.0,0.5,1,P2_CV0,2,1,1,1,1
3,2532969.44,705413.5711,R3_F3_m3f3_P3_Y2_UO422,R3_F3_m-1f-1_P3_Y-1_U6,R3_F3_m3f3_P3_Y0_UO624,FXX,1,31.024148991181125,0,0,0.0,0,0,0,-9999.0,0.5,1,P2_CV0,2,1,1,2,0
3,2532969.44,705413.5711,R3_F3_m3f3_P3_Y2_UO423,R3_F3_m3f3_P3_Y0_UO629,R3_F3_m3f3_P3_Y0_UO452,MXY,1,31.024148991181125,0,0,0.0,0,0,0,-9999.0,0.375,1,P2_CV0,2,1,1,1,1
3,2532969.44,705413.5711,R3_F3_m3f3_P3_Y2_UO424,R3_F3_m3f3_P3_Y0_UO629,R3_F3_m3f3_P3_Y0_UO452,FXX,1,31.024148991181125,0,0,0.0,0,0,0,-9999.0,0.375,1,P2_CV0,2,1,1,2,0
3,2532969.44,705413.5711,R3_F3_m3f3_P3_Y2_UO454,R3_F3_m-1f-1_P3_Y-1_U37,R3_F3_m-1f-1_P3_Y-1_U57,MXY,1,31.024148991181125,0,0,0.0,0,0,0,-9999.0,0.25,1,P2_CV0,2,1,1,2,0
3,2532969.44,705413.5711,R3_F3_m3f3_P3_Y2_UO455,R3_F3_m-1f-1_P3_Y-1_U37,R3_F3_m-1f-1_P3_Y-1_U57,MXY,1,31.024148991181125,0,0,0.0,0,0,0,-9999.0,0.25,1,P2_CV0,2,1,1,1,1
3,2532969.44,705413.5711,R3_F3_m3f3_P3_Y2_UO456,R3_F3_m-1f-1_P3_Y-1_U37,R3_F3_m-1f-1_P3_Y-1_U57,MXY,1,31.024148991181125,0,0,0.0,0,0,0,-9999.0,0.25,1,P2_CV0,2,1,1,1,1
3,2532969.44,705413.5711,R3_F3_m3f3_P3_Y2_UO457,R3_F3_m-1f-1_P3_Y-1_U37,R3_F3_m-1f-1_P3_Y-1_U57,MXY,1,31.024148991181125,0,0,0.0,0,0,0,-9999.0,0.25,1,P2_CV0,2,1,1,0,2
3,2532969.44,705413.5711,R3_F3_m3f3_P3_Y2_UO458,R3_F3_m-1f-1_P3_Y-1_U37,R3_F3_m-1f-1_P3_Y-1_U57,MXY,1,31.024148991181125,0,0,0.0,0,0,0,-9999.0,0.25,1,P2_CV0,2,1,1,2,0
3,2532969.44,705413.5711,R3_F3_m3f3_P3_Y2_UO459,R3_F3_m-1f-1_P3_Y-1_U37,R3_F3_m-1f-1_P3_Y-1_U57,FXX,1,31.024148991181125,0,0,0.0,0,0,0,-9999.0,0.25,1,P2_CV0,2,1,1,1,1
3,2532969.44,705413.5711,R3_F3_m3f3_P3_Y2_UO486,R3_F3_m-1f-1_P3_Y-1_U104,R3_F3_m3f3_P3_Y0_UO367,FXX,1,31.024148991181125,0,0,0.0,0,0,0,-9999.0,0.5,1,P2_CV0,2,0,2,0,2
3,2532969.44,705413.5711,R3_F3_m3f3_P3_Y2_UO487,R3_F3_m-1f-1_P3_Y-1_U104,R3_F3_m3f3_P3_Y0_UO367,FXX,1,31.024148991181125,0,0,0.0,0,0,0,-9999.0,0.5,1,P2_CV0,2,1,1,1,1
3,2532969.44,705413.5711,R3_F3_m3f3_P3_Y2_UO488,R3_F3_m-1f-1_P3_Y-1_U104,R3_F3_m3f3_P3_Y0_UO367,FXX,1,31.024148991181125,0,0,0.0,0,0,0,-9999.0,0.5,1,P2_CV0,2,1,1,0,2
3,2532969.44,705413.5711,R3_F3_m3f3_P3_Y2_UO489,R3_F3_m-1f-1_P3_Y-1_U104,R3_F3_m3f3_P3_Y0_UO367,FXX,1,31.024148991181125,0,0,0.0,0,0,0,-9999.0,0.5,1,P2_CV0,2,0,2,0,2
3,2532969.44,705413.5711,R3_F3_m3f3_P3_Y2_UO490,R3_F3_m-1f-1_P3_Y-1_U104,R3_F3_m3f3_P3_Y0_UO367,MXY,1,31.024148991181125,0,0,0.0,0,0,0,-9999.0,0.5,1,P2_CV0,2,1,1,0,2
3,2532969.44,705413.5711,R3_F3_m3f3_P3_Y2_UO491,R3_F3_m-1f-1_P3_Y-1_U104,R3_F3_m3f3_P3_Y0_UO367,FXX,1,31.024148991181125,0,0,0.0,0,0,0,-9999.0,0.5,1,P2_CV0,2,1,1,1,1
3,2532969.44,705413.5711,R3_F3_m3f3_P3_Y2_UO492,R3_F3_m-1f-1_P3_Y-1_U104,R3_F3_m3f3_P3_Y0_UO367,FXX,1,31.024148991181125,0,0,0.0,0,0,0,-9999.0,0.5,1,P2_CV0,2,0,2,0,2
3,2532969.44,705413.5711,R3_F3_m3f3_P3_Y2_UO495,R3_F3_m-1f-1_P3_Y-1_U118,R3_F3_m3f3_P3_Y0_UO624,FXX,1,31.024148991181125,0,0,0.0,0,0,0,-9999.0,0.5,1,P2_CV0,2,1,1,1,1
3,2532969.44,705413.5711,R3_F3_m3f3_P3_Y2_UO496,R3_F3_m-1f-1_P3_Y-1_U118,R3_F3_m3f3_P3_Y0_UO624,MXY,1,31.024148991181125,0,0,0.0,0,0,0,-9999.0,0.5,1,P2_CV0,2,0,2,0,2
3,2532969.44,705413.5711,R3_F3_m3f3_P3_Y2_UO497,R3_F3_m-1f-1_P3_Y-1_U118,R3_F3_m3f3_P3_Y0_UO624,MXY,1,31.024148991181125,0,0,0.0,0,0,0,-9999.0,0.5,1,P2_CV0,2,0,2,1,1
3,2532969.44,705413.5711,R3_F3_m3f3_P3_Y2_UO498,R3_F3_m-1f-1_P3_Y-1_U118,R3_F3_m3f3_P3_Y0_UO624,MXY,1,31.024148991181125,0,0,0.0,0,0,0,-9999.0,0.5,1,P2_CV0,2,0,2,0,2
3,2532969.44,705413.5711,R3_F3_m3f3_P3_Y2_UO499,R3_F3_m-1f-1_P3_Y-1_U118,R3_F3_m3f3_P3_Y0_UO624,MXY,1,31.024148991181125,0,0,0.0,0,0,0,-9999.0,0.5,1,P2_CV0,2,0,2,1,1
3,2532969.44,705413.5711,R3_F3_m3f3_P3_Y2_UO500,R3_F3_m-1f-1_P3_Y-1_U118,R3_F3_m3f3_P3_Y0_UO624,MXY,1,31.024148991181125,0,0,0.0,0,0,0,-9999.0,0.5,1,P2_CV0,2,1,1,0,2
3,2532969.44,705413.5711,R3_F3_m3f3_P3_Y2_UO501,R3_F3_m-1f-1_P3_Y-1_U118,R3_F3_m3f3_P3_Y0_UO624,FXX,1,31.024148991181125,0,0,0.0,0,0,0,-9999.0,0.5,1,P2_CV0,2,0,2,1,1
3,2532969.44,705413.5711,R3_F3_m3f3_P3_Y2_UO502,R3_F3_m-1f-1_P3_Y-1_U118,R3_F3_m3f3_P3_Y0_UO549,MXY,1,31.024148991181125,0,0,0.0,0,0,0,-9999.0,0.5,1,P2_CV0,2,2,0,1,1
3,2532969.44,705413.5711,R3_F3_m3f3_P3_Y2_UO503,R3_F3_m-1f-1_P3_Y-1_U118,R3_F3_m3f3_P3_Y0_UO549,MXY,1,31.024148991181125,0,0,0.0,0,0,0,-9999.0,0.5,1,P2_CV0,2,1,1,1,1
3,2532969.44,705413.5711,R3_F3_m3f3_P3_Y2_UO504,R3_F3_m-1f-1_P3_Y-1_U118,R3_F3_m3f3_P3_Y0_UO549,FXX,1,31.024148991181125,0,0,0.0,0,0,0,-9999.0,0.5,1,P2_CV0,2,2,0,1,1
3,2532969.44,705413.5711,R3_F3_m3f3_P3_Y2_UO505,R3_F3_m-1f-1_P3_Y-1_U118,R3_F3_m3f3_P3_Y0_UO549,MXY,1,31.024148991181125,0,0,0.0,0,0,0,-9999.0,0.5,1,P2_CV0,2,0,2,1,1
3,2532969.44,705413.5711,R3_F3_m3f3_P3_Y2_UO506,R3_F3_m-1f-1_P3_Y-1_U118,R3_F3_m3f3_P3_Y0_UO549,MXY,1,31.024148991181125,0,0,0.0,0,0,0,-9999.0,0.5,1,P2_CV0,2,0,2,0,2
3,2532969.44,705413.5711,R3_F3_m3f3_P3_Y2_UO507,R3_F3_m-1f-1_P3_Y-1_U118,R3_F3_m3f3_P3_Y0_UO549,FXX,1,31.024148991181125,0,0,0.0,0,0,0,-9999.0,0.5,1,P2_CV0,2,0,2,1,1
3,2532969.44,705413.5711,R3_F3_m3f3_P3_Y2_UO529,R3_F3_m-1f-1_P3_Y-1_U0,R3_F3_m3f3_P3_Y0_UO624,FXX,1,31.024148991181125,0,0,0.0,0,0,0,-9999.0,0.25,1,P2_CV0,2,0,2,2,0
3,2532969.44,705413.5711,R3_F3_m3f3_P3_Y2_UO530,R3_F3_m-1f-1_P3_Y-1_U0,R3_F3_m3f3_P3_Y0_UO624,MXY,1,31.024148991181125,0,0,0.0,0,0,0,-9999.0,0.25,1,P2_CV0,2,0,2,1,1
3,2532969.44,705413.5711,R3_F3_m3f3_P3_Y2_UO531,R3_F3_m-1f-1_P3_Y-1_U0,R3_F3_m3f3_P3_Y0_UO624,FXX,1,31.024148991181125,0,0,0.0,0,0,0,-9999.0,0.25,1,P2_CV0,2,1,1,2,0
3,2532969.44,705413.5711,R3_F3_m3f3_P3_Y2_UO532,R3_F3_m-1f-1_P3_Y-1_U0,R3_F3_m3f3_P3_Y0_UO624,MXY,1,31.024148991181125,0,0,0.0,0,0,0,-9999.0,0.25,1,P2_CV0,2,0,2,2,0
3,2532969.44,705413.5711,R3_F3_m3f3_P3_Y2_UO539,R3_F3_m-1f-1_P3_Y-1_U112,R3_F3_m3f3_P3_Y0_UO452,MXY,1,31.024148991181125,0,0,0.0,0,0,0,-9999.0,0.375,1,P2_CV0,2,1,1,2,0
3,2532969.44,705413.5711,R3_F3_m3f3_P3_Y2_UO540,R3_F3_m3f3_P3_Y0_UO627,R3_F3_m3f3_P3_Y0_UO549,MXY,1,31.024148991181125,0,0,0.0,0,0,0,-9999.0,0.5,1,P2_CV0,2,1,1,1,1
3,2532969.44,705413.5711,R3_F3_m3f3_P3_Y2_UO541,R3_F3_m3f3_P3_Y0_UO627,R3_F3_m3f3_P3_Y0_UO549,FXX,1,31.024148991181125,0,0,0.0,0,0,0,-9999.0,0.5,1,P2_CV0,2,1,1,0,2
3,2532969.44,705413.5711,R3_F3_m3f3_P3_Y2_UO542,R3_F3_m3f3_P3_Y0_UO627,R3_F3_m3f3_P3_Y0_UO549,FXX,1,31.024148991181125,0,0,0.0,0,0,0,-9999.0,0.5,1,P2_CV0,2,0,2,0,2
3,2532969.44,705413.5711,R3_F3_m3f3_P3_Y2_UO547,R3_F3_m3f3_P3_Y0_UO627,R3_F3_m-1f-1_P3_Y-1_U114,FXX,1,31.024148991181125,0,0,0.0,0,0,0,-9999.0,0.25,1,P2_CV0,2,0,2,0,2
3,2532969.44,705413.5711,R3_F3_m3f3_P3_Y2_UO548,R3_F3_m3f3_P3_Y0_UO627,R3_F3_m-1f-1_P3_Y-1_U114,MXY,1,31.024148991181125,0,0,0.0,0,0,0,-9999.0,0.25,1,P2_CV0,2,1,1,1,1
3,2532969.44,705413.5711,R3_F3_m3f3_P3_Y2_UO549,R3_F3_m3f3_P3_Y0_UO627,R3_F3_m-1f-1_P3_Y-1_U114,FXX,1,31.024148991181125,0,0,0.0,0,0,0,-9999.0,0.25,1,P2_CV0,2,1,1,1,1
3,2532969.44,705413.5711,R3_F3_m3f3_P3_Y2_UO550,R3_F3_m3f3_P3_Y0_UO627,R3_F3_m-1f-1_P3_Y-1_U114,MXY,1,31.024148991181125,0,0,0.0,0,0,0,-9999.0,0.25,1,P2_CV0,2,0,2,1,1
3,2532969.44,705413.5711,R3_F3_m3f3_P3_Y2_UO573,R3_F3_m-1f-1_P3_Y-1_U112,R3_F3_m-1f-1_P3_Y-1_U23,MXY,1,31.024148991181125,0,0,0.0,0,0,0,-9999.0,0.25,1,P2_CV0,2,0,2,1,1
3,2532969.44,705413.5711,R3_F3_m3f3_P3_Y2_UO574,R3_F3_m-1f-1_P3_Y-1_U112,R3_F3_m-1f-1_P3_Y-1_U23,FXX,1,31.024148991181125,0,0,0.0,0,0,0,-9999.0,0.25,1,P2_CV0,2,1,1,1,1
3,2532969.44,705413.5711,R3_F3_m3f3_P3_Y2_UO575,R3_F3_m-1f-1_P3_Y-1_U112,R3_F3_m-1f-1_P3_Y-1_U23,MXY,1,31.024148991181125,0,0,0.0,0,0,0,-9999.0,0.25,1,P2_CV0,2,1,1,2,0
3,2532969.44,705413.5711,R3_F3_m3f3_P3_Y2_UO576,R3_F3_m-1f-1_P3_Y-1_U112,R3_F3_m-1f-1_P3_Y-1_U23,MXY,1,31.024148991181125,0,0,0.0,0,0,0,-9999.0,0.25,1,P2_CV0,2,1,1,1,1
3,2532969.44,705413.5711,R3_F3_m3f3_P3_Y2_UO577,R3_F3_m-1f-1_P3_Y-1_U37,R3_F3_m3f3_P3_Y0_UO709,FXX,1,31.024148991181125,0,0,0.0,0,0,0,-9999.0,0.0,1,P2_CV0,2,0,2,2,0
3,2532969.44,705413.5711,R3_F3_m3f3_P3_Y2_UO578,R3_F3_m-1f-1_P3_Y-1_U37,R3_F3_m3f3_P3_Y0_UO709,MXY,1,31.024148991181125,0,0,0.0,0,0,0,-9999.0,0.0,1,P2_CV0,2,1,1,1,1
3,2532969.44,705413.5711,R3_F3_m3f3_P3_Y2_UO579,R3_F3_m-1f-1_P3_Y-1_U37,R3_F3_m3f3_P3_Y0_UO709,MXY,1,31.024148991181125,0,0,0.0,0,0,0,-9999.0,0.0,1,P2_CV0,2,0,2,1,1
3,2532969.44,705413.5711,R3_F3_m3f3_P3_Y2_UO580,R3_F3_m-1f-1_P3_Y-1_U37,R3_F3_m3f3_P3_Y0_UO709,FXX,1,31.024148991181125,0,0,0.0,0,0,0,-9999.0,0.0,1,P2_CV0,2,1,1,1,1
3,2532969.44,705413.5711,R3_F3_m3f3_P3_Y2_UO581,R3_F3_m-1f-1_P3_Y-1_U37,R3_F3_m3f3_P3_Y0_UO709,FXX,1,31.024148991181125,0,0,0.0,0,0,0,-9999.0,0.0,1,P2_CV0,2,0,2,2,0
3,2532969.44,705413.5711,R3_F3_m3f3_P3_Y2_UO582,R3_F3_m-1f-1_P3_Y-1_U37,R3_F3_m3f3_P3_Y0_UO709,MXY,1,31.024148991181125,0,0,0.0,0,0,0,-9999.0,0.0,1,P2_CV0,2,0,2,1,1
3,2532969.44,705413.5711,R3_F3_m3f3_P3_Y2_UO583,R3_F3_m-1f-1_P3_Y-1_U37,R3_F3_m3f3_P3_Y0_UO709,FXX,1,31.024148991181125,0,0,0.0,0,0,0,-9999.0,0.0,1,P2_CV0,2,0,2,1,1
3,2532969.44,705413.5711,R3_F3_m3f3_P3_Y2_UO584,R3_F3_m-1f-1_P3_Y-1_U37,R3_F3_m3f3_P3_Y0_UO709,FXX,1,31.024148991181125,0,0,0.0,0,0,0,-9999.0,0.0,1,P2_CV0,2,1,1,0,2
3,2532969.44,705413.5711,R3_F3_m3f3_P3_Y2_UO585,R3_F3_m-1f-1_P3_Y-1_U37,R3_F3_m3f3_P3_Y0_UO709,FXX,1,31.024148991181125,0,0,0.0,0,0,0,-9999.0,0.0,1,P2_CV0,2,1,1,0,2
3,2532969.44,705413.5711,R3_F3_m3f3_P3_Y2_UO590,R3_F3_m3f3_P3_Y0_UO175,R3_F3_m-1f-1_P3_Y-1_U103,FXX,1,31.024148991181125,0,0,0.0,0,0,0,-9999.0,0.125,1,P2_CV0,2,1,1,2,0
3,2532969.44,705413.5711,R3_F3_m3f3_P3_Y2_UO591,R3_F3_m3f3_P3_Y0_UO175,R3_F3_m-1f-1_P3_Y-1_U103,FXX,1,31.024148991181125,0,0,0.0,0,0,0,-9999.0,0.125,1,P2_CV0,2,1,1,2,0
3,2532969.44,705413.5711,R3_F3_m3f3_P3_Y1_UO341,R3_F3_m-1f-1_P3_Y-1_U5,R3_F3_m-1f-1_P3_Y-1_U24,FXX,2,31.05965075328702,1,0,1.218,0,0,0,-9999.0,0.25,1,P2_CV0,2,0,2,1,1
3,2532969.44,705413.5711,R3_F3_m3f3_P3_Y1_UO358,R3_F3_m-1f-1_P3_Y-1_U3,R3_F3_m-1f-1_P3_Y-1_U42,FXX,2,31.05965075328702,1,0,2.258,0,0,0,-9999.0,0.5,1,P2_CV0,2,2,0,1,1
3,2532969.44,705413.5711,R3_F3_m3f3_P3_Y1_UO69,R3_F3_m-1f-1_P3_Y-1_U11,R3_F3_m-1f-1_P3_Y-1_U98,FXX,2,31.05965075328702,1,0,1.0,0,0,0,-9999.0,0.25,1,P2_CV0,2,2,0,1,1
3,2532969.44,705413.5711,R3_F3_m3f3_P3_Y1_UO256,R3_F3_m-1f-1_P3_Y-1_U102,R3_F3_m-1f-1_P3_Y-1_U41,FXX,2,31.05965075328702,1,0,2.697,0,0,0,-9999.0,0.5,1,P2_CV0,2,1,1,2,0
3,2532969.44,705413.5711,R3_F3_m3f3_P3_Y1_UO107,R3_F3_m-1f-1_P3_Y-1_U34,R3_F3_m-1f-1_P3_Y-1_U109,MXY,2,31.05965075328702,1,0,0.0,0,0,0,-9999.0,0.5,1,P2_CV0,2,0,2,0,2
3,2532969.44,705413.5711,R3_F3_m3f3_P3_Y1_UO361,R3_F3_m-1f-1_P3_Y-1_U55,R3_F3_m-1f-1_P3_Y-1_U1,FXX,2,31.05965075328702,1,0,0.0,0,0,0,-9999.0,0.25,1,P2_CV0,2,0,2,1,1
3,2532969.44,705413.5711,R3_F3_m3f3_P3_Y1_UO310,R3_F3_m-1f-1_P3_Y-1_U125,R3_F3_m-1f-1_P3_Y-1_U107,FXX,2,31.05965075328702,1,0,1.0,0,0,0,-9999.0,0.75,1,P2_CV0,2,0,2,1,1
3,2532969.44,705413.5711,R3_F3_m3f3_P3_Y1_UO190,R3_F3_m-1f-1_P3_Y-1_U100,R3_F3_m-1f-1_P3_Y-1_U9,MXY,2,31.05965075328702,1,0,0.0,0,0,0,-9999.0,0.75,1,P2_CV0,2,2,0,2,0
3,2532969.44,705413.5711,R3_F3_m3f3_P3_Y1_UO417,R3_F3_m-1f-1_P3_Y-1_U92,R3_F3_m-1f-1_P3_Y-1_U68,FXX,2,31.05965075328702,1,0,1.295,0,0,0,-9999.0,0.25,1,P2_CV0,2,2,0,1,1
3,2532969.44,705413.5711,R3_F3_m3f3_P3_Y1_UO35,R3_F3_m-1f-1_P3_Y-1_U3,R3_F3_m-1f-1_P3_Y-1_U105,FXX,2,31.05965075328702,1,0,1.184,0,0,0,-9999.0,0.75,1,P2_CV0,2,2,0,0,2
3,2532969.44,705413.5711,R3_F3_m3f3_P3_Y1_UO50,R3_F3_m-1f-1_P3_Y-1_U6,R3_F3_m-1f-1_P3_Y-1_U114,FXX,2,31.05965075328702,1,0,2.152,0,0,0,-9999.0,0.25,1,P2_CV0,2,1,1,0,2
3,2532969.44,705413.5711,R3_F3_m3f3_P3_Y1_UO412,R3_F3_m-1f-1_P3_Y-1_U5,R3_F3_m-1f-1_P3_Y-1_U107,MXY,2,31.05965075328702,1,0,0.0,0,0,0,-9999.0,0.75,1,P2_CV0,2,0,2,2,0
3,2532969.44,705413.5711,R3_F3_m3f3_P3_Y1_UO255,R3_F3_m-1f-1_P3_Y-1_U102,R3_F3_m-1f-1_P3_Y-1_U41,MXY,2,31.05965075328702,1,0,0.0,0,0,0,-9999.0,0.5,1,P2_CV0,2,0,2,2,0
3,2532969.44,705413.5711,R3_F3_m3f3_P3_Y1_UO102,R3_F3_m-1f-1_P3_Y-1_U121,R3_F3_m-1f-1_P3_Y-1_U22,FXX,2,31.05965075328702,1,0,1.0,0,0,0,-9999.0,0.75,1,P2_CV0,2,1,1,2,0
3,2532969.44,705413.5711,R3_F3_m3f3_P3_Y1_UO503,R3_F3_m-1f-1_P3_Y-1_U100,R3_F3_m-1f-1_P3_Y-1_U53,FXX,2,31.05965075328702,1,0,0.0,0,0,0,-9999.0,0.5,1,P2_CV0,2,0,2,1,1
3,2532969.44,705413.5711,R3_F3_m3f3_P3_Y1_UO522,I3_F7_m-1f-1_P3_Y-1_U95,R3_F3_m-1f-1_P3_Y-1_U127,FXX,2,31.05965075328702,1,0,1.082,0,0,0,-9999.0,0.75,1,P2_CV0,2,1,1,1,1
3,2532969.44,705413.5711,R3_F3_m3f3_P3_Y1_UO51,R3_F3_m-1f-1_P3_Y-1_U6,R3_F3_m-1f-1_P3_Y-1_U114,FXX,2,31.05965075328702,1,0,0.0,0,0,0,-9999.0,0.25,1,P2_CV0,2,0,2,1,1
3,2532969.44,705413.5711,R3_F3_m3f3_P3_Y1_UO41,R3_F3_m-1f-1_P3_Y-1_U59,R3_F3_m-1f-1_P3_Y-1_U32,MXY,2,31.05965075328702,1,0,0.0,0,0,0,-9999.0,0.75,1,P2_CV0,2,2,0,2,0
3,2532969.44,705413.5711,R3_F3_m3f3_P3_Y1_UO477,R3_F3_m-1f-1_P3_Y-1_U115,R3_F3_m-1f-1_P3_Y-1_U43,FXX,2,31.05965075328702,1,0,2.32,0,0,0,-9999.0,0.25,1,P2_CV0,2,1,1,1,1
3,2532969.44,705413.5711,R3_F3_m3f3_P3_Y1_UO320,R3_F3_m-1f-1_P3_Y-1_U100,R3_F3_m-1f-1_P3_Y-1_U42,MXY,2,31.05965075328702,1,0,0.0,0,0,0,-9999.0,0.5,1,P2_CV0,2,1,1,1,1
3,2532969.44,705413.5711,R3_F3_m3f3_P3_Y1_UO442,R3_F3_m-1f-1_P3_Y-1_U58,R3_F3_m-1f-1_P3_Y-1_U91,MXY,2,31.05965075328702,1,0,0.0,0,0,0,-9999.0,0.25,1,P2_CV0,2,2,0,2,0
3,2532969.44,705413.5711,R3_F3_m3f3_P3_Y1_UO64,R3_F3_m-1f-1_P3_Y-1_U102,R3_F3_m-1f-1_P3_Y-1_U72,MXY,2,31.05965075328702,1,0,0.0,0,0,0,-9999.0,0.75,1,P2_CV0,2,1,1,1,1
3,2532969.44,705413.5711,R3_F3_m3f3_P3_Y1_UO66,R3_F3_m-1f-1_P3_Y-1_U102,R3_F3_m-1f-1_P3_Y-1_U72,MXY,2,31.05965075328702,1,0,0.0,0,0,0,-9999.0,0.75,1,P2_CV0,2,1,1,0,2
3,2532969.44,705413.5711,R3_F3_m3f3_P3_Y1_UO443,R3_F3_m-1f-1_P3_Y-1_U58,R3_F3_m-1f-1_P3_Y-1_U91,FXX,2,31.05965075328702,1,0,0.0,0,0,0,-9999.0,0.25,1,P2_CV0,2,2,0,0,2
3,2532969.44,705413.5711,R3_F3_m3f3_P3_Y1_UO62,R3_F3_m-1f-1_P3_Y-1_U102,R3_F3_m-1f-1_P3_Y-1_U72,FXX,2,31.05965075328702,1,0,0.0,0,0,0,-9999.0,0.75,1,P2_CV0,2,2,0,1,1
3,2532969.44,705413.5711,R3_F3_m3f3_P3_Y1_UO476,R3_F3_m-1f-1_P3_Y-1_U115,R3_F3_m-1f-1_P3_Y-1_U43,FXX,2,31.05965075328702,1,0,1.697,0,0,0,-9999.0,0.25,1,P2_CV0,2,0,2,1,1
3,2532969.44,705413.5711,R3_F3_m3f3_P3_Y1_UO492,R3_F3_m-1f-1_P3_Y-1_U118,R3_F3_m-1f-1_P3_Y-1_U113,FXX,2,31.05965075328702,1,0,0.0,0,0,0,-9999.0,0.25,1,P2_CV0,2,0,2,1,1
3,2532969.44,705413.5711,R3_F3_m3f3_P3_Y1_UO309,R3_F3_m-1f-1_P3_Y-1_U125,R3_F3_m-1f-1_P3_Y-1_U107,MXY,2,31.05965075328702,1,0,0.0,0,0,0,-9999.0,0.75,1,P2_CV0,2,1,1,1,1
3,2532969.44,705413.5711,R3_F3_m3f3_P3_Y1_UO227,R3_F3_m-1f-1_P3_Y-1_U36,R3_F3_m-1f-1_P3_Y-1_U7,FXX,2,31.05965075328702,1,0,0.0,0,0,0,-9999.0,0.75,1,P2_CV0,2,1,1,2,0
3,2532969.44,705413.5711,R3_F3_m3f3_P3_Y1_UO357,R3_F3_m-1f-1_P3_Y-1_U3,R3_F3_m-1f-1_P3_Y-1_U42,MXY,2,31.05965075328702,1,0,0.0,0,0,0,-9999.0,0.5,1,P2_CV0,2,0,2,1,1
3,2532969.44,705413.5711,R3_F3_m3f3_P3_Y1_UO521,I3_F7_m-1f-1_P3_Y-1_U95,R3_F3_m-1f-1_P3_Y-1_U127,MXY,2,31.05965075328702,1,0,0.0,0,0,0,-9999.0,0.75,1,P2_CV0,2,0,2,2,0
3,2532969.44,705413.5711,R3_F3_m3f3_P3_Y1_UO400,R3_F3_m-1f-1_P3_Y-1_U112,R3_F3_m-1f-1_P3_Y-1_U62,FXX,2,31.05965075328702,1,0,1.936,0,0,0,-9999.0,0.75,1,P2_CV0,2,0,2,2,0
3,2532969.44,705413.5711,R3_F3_m3f3_P3_Y1_UO500,R3_F3_m-1f-1_P3_Y-1_U100,R3_F3_m-1f-1_P3_Y-1_U53,MXY,2,31.05965075328702,1,0,0.0,0,0,0,-9999.0,0.5,1,P2_CV0,2,2,0,0,2
3,2532969.44,705413.5711,R3_F3_m3f3_P3_Y1_UO181,R3_F3_m-1f-1_P3_Y-1_U16,R3_F3_m-1f-1_P3_Y-1_U88,FXX,2,31.05965075328702,1,0,1.903,0,0,0,-9999.0,0.5,1,P2_CV0,2,0,2,2,0
3,2532969.44,705413.5711,R3_F3_m3f3_P3_Y1_UO198,R3_F3_m-1f-1_P3_Y-1_U17,R3_F3_m-1f-1_P3_Y-1_U72,MXY,2,31.05965075328702,1,0,0.0,0,0,0,-9999.0,0.5,1,P2_CV0,2,1,1,1,1
3,2532969.44,705413.5711,R3_F3_m3f3_P3_Y1_UO192,R3_F3_m-1f-1_P3_Y-1_U100,R3_F3_m-1f-1_P3_Y-1_U9,FXX,2,31.05965075328702,1,0,0.0,0,0,0,-9999.0,0.75,1,P2_CV0,2,1,1,1,1
3,2532969.44,705413.5711,R3_F3_m3f3_P3_Y1_UO395,R3_F3_m-1f-1_P3_Y-1_U6,R3_F3_m-1f-1_P3_Y-1_U111,MXY,2,31.05965075328702,1,0,0.0,0,0,0,-9999.0,0.75,1,P2_CV0,2,0,2,0,2
3,2532969.44,705413.5711,R3_F3_m3f3_P3_Y1_UO359,R3_F3_m-1f-1_P3_Y-1_U55,R3_F3_m-1f-1_P3_Y-1_U1,MXY,2,31.05965075328702,1,0,0.0,0,0,0,-9999.0,0.25,1,P2_CV0,2,1,1,1,1
3,2532969.44,705413.5711,R3_F3_m3f3_P3_Y1_UO378,R3_F3_m-1f-1_P3_Y-1_U100,R3_F3_m-1f-1_P3_Y-1_U107,MXY,2,31.05965075328702,1,0,0.0,0,0,0,-9999.0,0.75,1,P2_CV0,2,2,0,0,2
3,2532969.44,705413.5711,R3_F3_m3f3_P3_Y1_UO416,R3_F3_m-1f-1_P3_Y-1_U92,R3_F3_m-1f-1_P3_Y-1_U68,FXX,2,31.05965075328702,1,0,1.0,0,0,0,-9999.0,0.25,1,P2_CV0,2,1,1,0,2
3,2532969.44,705413.5711,R3_F3_m3f3_P3_Y1_UO502,R3_F3_m-1f-1_P3_Y-1_U100,R3_F3_m-1f-1_P3_Y-1_U53,MXY,2,31.05965075328702,1,0,0.0,0,0,0,-9999.0,0.5,1,P2_CV0,2,1,1,1,1
3,2532969.44,705413.5711,R3_F3_m3f3_P3_Y1_UO493,R3_F3_m-1f-1_P3_Y-1_U118,R3_F3_m-1f-1_P3_Y-1_U113,FXX,2,31.05965075328702,1,0,1.0,0,0,0,-9999.0,0.25,1,P2_CV0,2,0,2,0,2
3,2532969.44,705413.5711,R3_F3_m3f3_P3_Y1_UO375,R3_F3_m-1f-1_P3_Y-1_U86,R3_F3_m-1f-1_P3_Y-1_U41,MXY,2,31.05965075328702,1,0,0.0,0,0,0,-9999.0,0.75,1,P2_CV0,2,2,0,1,1
3,2532969.44,705413.5711,R3_F3_m3f3_P3_Y1_UO126,R3_F3_m-1f-1_P3_Y-1_U125,R3_F3_m-1f-1_P3_Y-1_U88,MXY,2,31.05965075328702,1,0,0.0,0,0,0,-9999.0,0.5,1,P2_CV0,2,1,1,0,2
3,2532969.44,705413.5711,R3_F3_m3f3_P3_Y1_UO157,R3_F3_m-1f-1_P3_Y-1_U16,R3_F3_m-1f-1_P3_Y-1_U68,FXX,2,31.05965075328702,1,0,1.937,0,0,0,-9999.0,0.5,1,P2_CV0,2,1,1,2,0
3,2532969.44,705413.5711,R3_F3_m3f3_P3_Y1_UO170,R3_F3_m-1f-1_P3_Y-1_U20,R3_F3_m-1f-1_P3_Y-1_U111,MXY,2,31.05965075328702,1,0,0.0,0,0,0,-9999.0,0.5,1,P2_CV0,2,1,1,1,1
3,2532969.44,705413.5711,R3_F3_m3f3_P3_Y1_UO4,R3_F3_m-1f-1_P3_Y-1_U0,R3_F3_m-1f-1_P3_Y-1_U66,MXY,2,31.05965075328702,1,0,0.0,0,0,0,-9999.0,0.5,1,P2_CV0,2,1,1,2,0
3,2532969.44,705413.5711,R3_F3_m3f3_P3_Y1_UO31,R3_F3_m-1f-1_P3_Y-1_U6,R3_F3_m-1f-1_P3_Y-1_U28,MXY,2,31.05965075328702,1,0,0.0,0,0,0,-9999.0,0.25,1,P2_CV0,2,1,1,2,0
3,2532969.44,705413.5711,R3_F3_m3f3_P3_Y1_UO322,R3_F3_m-1f-1_P3_Y-1_U100,R3_F3_m-1f-1_P3_Y-1_U42,MXY,2,31.05965075328702,1,0,0.0,0,0,0,-9999.0,0.5,1,P2_CV0,2,2,0,1,1
3,2532969.44,705413.5711,R3_F3_m3f3_P3_Y1_UO5,R3_F3_m-1f-1_P3_Y-1_U112,R3_F3_m-1f-1_P3_Y-1_U124,MXY,2,31.05965075328702,1,0,0.0,0,0,0,-9999.0,0.75,1,P2_CV0,2,1,1,1,1
3,2532969.44,705413.5711,R3_F3_m3f3_P3_Y0_UO29,R3_F3_m-1f-1_P3_Y-1_U92,R3_F3_m-1f-1_P3_Y-1_U120,FXX,3,31.0979601175392,1,0,1.531,0,0,0,-9999.0,0.25,1,P2_CV0,2,2,0,1,1
3,2532969.44,705413.5711,R3_F3_m3f3_P3_Y0_UO325,R3_F3_m-1f-1_P3_Y-1_U47,R3_F3_m-1f-1_P3_Y-1_U41,FXX,3,31.0979601175392,1,0,0.0,0,0,0,-9999.0,0.5,1,P2_CV0,2,2,0,0,2
3,2532969.44,705413.5711,R3_F3_m3f3_P3_Y0_UO619,R3_F3_m-1f-1_P3_Y-1_U29,R3_F3_m-1f-1_P3_Y-1_U80,MXY,3,31.0979601175392,1,0,0.0,0,0,0,-9999.0,0.5,1,P2_CV0,2,0,2,0,2
3,2532969.44,705413.5711,R3_F3_m3f3_P3_Y0_UO387,R3_F3_m-1f-1_P3_Y-1_U121,R3_F3_m-1f-1_P3_Y-1_U97,MXY,3,31.0979601175392,1,0,0.0,0,0,0,-9999.0,0.5,1,P2_CV0,2,2,0,1,1
3,2532969.44,705413.5711,R3_F3_m3f3_P3_Y0_UO427,R3_F3_m-1f-1_P3_Y-1_U83,R3_F3_m-1f-1_P3_Y-1_U89,FXX,3,31.0979601175392,1,0,1.0,0,0,0,-9999.0,0.25,1,P2_CV0,2,1,1,1,1
3,2532969.44,705413.5711,R3_F3_m3f3_P3_Y0_UO657,R3_F3_m-1f-1_P3_Y-1_U48,R3_F3_m-1f-1_P3_Y-1_U39,MXY,3,31.0979601175392,1,0,0.0,0,0,0,-9999.0,0.75,1,P2_CV0,2,1,1,1,1
3,2532969.44,705413.5711,R3_F3_m3f3_P3_Y0_UO615,R3_F3_m-1f-1_P3_Y-1_U29,R3_F3_m-1f-1_P3_Y-1_U80,MXY,3,31.0979601175392,1,0,0.0,0,0,0,-9999.0,0.5,1,P2_CV0,2,1,1,0,2
3,2532969.44,705413.5711,R3_F3_m3f3_P3_Y0_UO549,R3_F3_m-1f-1_P3_Y-1_U29,R3_F3_m-1f-1_P3_Y-1_U105,MXY,3,31.0979601175392,1,0,0.0,0,0,0,-9999.0,0.5,1,P2_CV0,2,1,1,1,1
3,2532969.44,705413.5711,R3_F3_m3f3_P3_Y0_UO205,R3_F3_m-1f-1_P3_Y-1_U95,R3_F3_m-1f-1_P3_Y-1_U82,MXY,3,31.0979601175392,1,0,0.0,0,0,0,-9999.0,0.75,1,P2_CV0,2,1,1,2,0
3,2532969.44,705413.5711,R3_F3_m3f3_P3_Y0_UO388,R3_F3_m-1f-1_P3_Y-1_U121,R3_F3_m-1f-1_P3_Y-1_U97,MXY,3,31.0979601175392,1,0,0.0,0,0,0,-9999.0,0.5,1,P2_CV0,2,2,0,0,2
3,2532969.44,705413.5711,R3_F3_m3f3_P3_Y0_UO481,R3_F3_m-1f-1_P3_Y-1_U55,R3_F3_m-1f-1_P3_Y-1_U122,MXY,3,31.0979601175392,1,0,0.0,0,0,0,-9999.0,0.0,1,P2_CV0,2,2,0,2,0
3,2532969.44,705413.5711,R3_F3_m3f3_P3_Y0_UO711,R3_F3_m-1f-1_P3_Y-1_U92,R3_F3_m-1f-1_P3_Y-1_U12,FXX,3,31.0979601175392,1,0,1.575,0,0,0,-9999.0,0.0,1,P2_CV0,2,0,2,1,1
3,2532969.44,705413.5711,R3_F3_m3f3_P3_Y0_UO173,R3_F3_m-1f-1_P3_Y-1_U29,R3_F3_m-1f-1_P3_Y-1_U56,MXY,3,31.0979601175392,1,0,0.0,0,0,0,-9999.0,0.25,1,P2_CV0,2,1,1,1,1
3,2532969.44,705413.5711,R3_F3_m3f3_P3_Y0_UO470,R3_F3_m-1f-1_P3_Y-1_U47,R3_F3_m-1f-1_P3_Y-1_U23,FXX,3,31.0979601175392,1,0,1.032,0,0,0,-9999.0,0.25,1,P2_CV0,2,2,0,0,2
3,2532969.44,705413.5711,R3_F3_m3f3_P3_Y0_UO367,R3_F3_m-1f-1_P3_Y-1_U108,R3_F3_m-1f-1_P3_Y-1_U88,MXY,3,31.0979601175392,1,0,0.0,0,0,0,-9999.0,0.5,1,P2_CV0,2,0,2,0,2
3,2532969.44,705413.5711,R3_F3_m3f3_P3_Y0_UO624,R3_F3_m-1f-1_P3_Y-1_U95,R3_F3_m-1f-1_P3_Y-1_U12,MXY,3,31.0979601175392,1,0,0.0,0,0,0,-9999.0,0.5,1,P2_CV0,2,1,1,1,1
3,2532969.44,705413.5711,R3_F3_m3f3_P3_Y0_UO486,R3_F3_m-1f-1_P3_Y-1_U83,R3_F3_m-1f-1_P3_Y-1_U109,FXX,3,31.0979601175392,1,0,0.0,0,0,0,-9999.0,0.5,1,P2_CV0,2,1,1,1,1
3,2532969.44,705413.5711,R3_F3_m3f3_P3_Y0_UO452,R3_F3_m-1f-1_P3_Y-1_U87,R3_F3_m-1f-1_P3_Y-1_U113,MXY,3,31.0979601175392,1,0,0.0,0,0,0,-9999.0,0.25,1,P2_CV0,2,2,0,2,0
3,2532969.44,705413.5711,R3_F3_m3f3_P3_Y0_UO27,R3_F3_m-1f-1_P3_Y-1_U92,R3_F3_m-1f-1_P3_Y-1_U120,FXX,3,31.0979601175392,1,0,2.259,0,0,0,-9999.0,0.25,1,P2_CV0,2,2,0,1,1
3,2532969.44,705413.5711,R3_F3_m3f3_P3_Y0_UO91,R3_F3_m-1f-1_P3_Y-1_U83,R3_F3_m-1f-1_P3_Y-1_U57,FXX,3,31.0979601175392,1,0,0.0,0,0,0,-9999.0,0.5,1,P2_CV0,2,1,1,1,1
3,2532969.44,705413.5711,R3_F3_m3f3_P3_Y0_UO162,R3_F3_m-1f-1_P3_Y-1_U60,R3_F3_m-1f-1_P3_Y-1_U45,MXY,3,31.0979601175392,1,0,0.0,0,0,0,-9999.0,0.75,1,P2_CV0,2,2,0,2,0
3,2532969.44,705413.5711,R3_F3_m3f3_P3_Y0_UO93,R3_F3_m-1f-1_P3_Y-1_U83,R3_F3_m-1f-1_P3_Y-1_U57,FXX,3,31.0979601175392,1,0,0.0,0,0,0,-9999.0,0.5,1,P2_CV0,2,0,2,0,2
3,2532969.44,705413.5711,R3_F3_m3f3_P3_Y0_UO498,R3_F3_m-1f-1_P3_Y-1_U38,R3_F3_m-1f-1_P3_Y-1_U122,MXY,3,31.0979601175392,1,0,0.0,0,0,0,-9999.0,0.5,1,P2_CV0,2,2,0,0,2
3,2532969.44,705413.5711,R3_F3_m3f3_P3_Y0_UO627,R3_F3_m-1f-1_P3_Y-1_U95,R3_F3_m-1f-1_P3_Y-1_U12,FXX,3,31.0979601175392,1,0,0.0,0,0,0,-9999.0,0.5,1,P2_CV0,2,1,1,1,1
3,2532969.44,705413.5711,R3_F3_m3f3_P3_Y0_UO160,R3_F3_m-1f-1_P3_Y-1_U60,R3_F3_m-1f-1_P3_Y-1_U45,MXY,3,31.0979601175392,1,0,0.0,0,0,0,-9999.0,0.75,1,P2_CV0,2,1,1,0,2
3,2532969.44,705413.5711,R3_F3_m3f3_P3_Y0_UO28,R3_F3_m-1f-1_P3_Y-1_U92,R3_F3_m-1f-1_P3_Y-1_U120,FXX,3,31.0979601175392,1,0,2.8,0,0,0,-9999.0,0.25,1,P2_CV0,2,2,0,0,2
3,2532969.44,705413.5711,R3_F3_m3f3_P3_Y0_UO204,R3_F3_m-1f-1_P3_Y-1_U95,R3_F3_m-1f-1_P3_Y-1_U82,MXY,3,31.0979601175392,1,0,0.0,0,0,0,-9999.0,0.75,1,P2_CV0,2,1,1,2,0
3,2532969.44,705413.5711,R3_F3_m3f3_P3_Y0_UO175,R3_F3_m-1f-1_P3_Y-1_U29,R3_F3_m-1f-1_P3_Y-1_U56,FXX,3,31.0979601175392,1,0,0.0,0,0,0,-9999.0,0.25,1,P2_CV0,2,1,1,1,1
3,2532969.44,705413.5711,R3_F3_m3f3_P3_Y0_UO206,R3_F3_m-1f-1_P3_Y-1_U95,R3_F3_m-1f-1_P3_Y-1_U82,MXY,3,31.0979601175392,1,0,0.0,0,0,0,-9999.0,0.75,1,P2_CV0,2,1,1,0,2
3,2532969.44,705413.5711,R3_F3_m3f3_P3_Y0_UO629,R3_F3_m-1f-1_P3_Y-1_U95,R3_F3_m-1f-1_P3_Y-1_U12,FXX,3,31.0979601175392,1,0,0.0,0,0,0,-9999.0,0.5,1,P2_CV0,2,0,2,1,1
3,2532969.44,705413.5711,R3_F3_m3f3_P3_Y0_UO547,R3_F3_m-1f-1_P3_Y-1_U29,R3_F3_m-1f-1_P3_Y-1_U105,FXX,3,31.0979601175392,1,0,0.0,0,0,0,-9999.0,0.5,1,P2_CV0,2,1,1,1,1
3,2532969.44,705413.5711,R3_F3_m3f3_P3_Y0_UO310,R3_F3_m-1f-1_P3_Y-1_U108,R3_F3_m-1f-1_P3_Y-1_U12,FXX,3,31.0979601175392,1,0,1.432,0,0,0,-9999.0,0.25,1,P2_CV0,2,1,1,1,1
3,2532969.44,705413.5711,I3_F7_m3f3_P3_Y0_UO709,R3_F3_m-1f-1_P3_Y-1_U92,R3_F3_m-1f-1_P3_Y-1_U12,MXY,3,31.106603588481455,1,0,0.0,0,0,0,-9999.0,0.0,1,P2_CV0,2,1,1,1,1
3,2532969.44,705413.5711,R3_F3_m-1f-1_P3_Y-1_U6,-9999,-9999,FXX,4,31.098032875806993,1,0,1.389,0,0,0,-9999.0,0.5,1,P2_CV0,2,1,1,1,1
3,2532969.44,705413.5711,R3_F3_m-1f-1_P3_Y-1_U90,-9999,-9999,MXY,4,31.098032875806993,1,0,0.0,0,0,0,-9999.0,1.0,1,P2_CV0,2,2,0,1,1
3,2532969.44,705413.5711,R3_F3_m-1f-1_P3_Y-1_U43,-9999,-9999,MXY,4,31.098032875806993,1,0,0.0,0,0,0,-9999.0,0.0,1,P2_CV0,2,0,2,1,1
3,2532969.44,705413.5711,R3_F3_m-1f-1_P3_Y-1_U86,-9999,-9999,FXX,4,31.098032875806993,1,0,1.503,0,0,0,-9999.0,1.0,1,P2_CV0,2,2,0,2,0
3,2532969.44,705413.5711,R3_F3_m-1f-1_P3_Y-1_U79,-9999,-9999,FXX,4,31.098032875806993,1,0,1.767,0,0,0,-9999.0,0.5,1,P2_CV0,2,1,1,0,2
3,2532969.44,705413.5711,R3_F3_m-1f-1_P3_Y-1_U114,-9999,-9999,MXY,4,31.098032875806993,1,0,0.0,0,0,0,-9999.0,0.0,1,P2_CV0,2,0,2,0,2
3,2532969.44,705413.5711,R3_F3_m-1f-1_P3_Y-1_U21,-9999,-9999,MXY,4,31.098032875806993,1,0,0.0,0,0,0,-9999.0,0.5,1,P2_CV0,2,1,1,1,1
3,2532969.44,705413.5711,R3_F3_m-1f-1_P3_Y-1_U13,-9999,-9999,MXY,4,31.098032875806993,1,0,0.0,0,0,0,-9999.0,1.0,1,P2_CV0,2,2,0,0,2
3,2532969.44,705413.5711,R3_F3_m-1f-1_P3_Y-1_U94,-9999,-9999,FXX,4,31.098032875806993,1,0,1.421,0,0,0,-9999.0,0.0,1,P2_CV0,2,0,2,0,2
3,2532969.44,705413.5711,R3_F3_m-1f-1_P3_Y-1_U112,-9999,-9999,FXX,4,31.098032875806993,1,0,1.0,0,0,0,-9999.0,0.5,1,P2_CV0,2,1,1,2,0
3,2532969.44,705413.5711,R3_F3_m-1f-1_P3_Y-1_U91,-9999,-9999,MXY,4,31.098032875806993,1,0,0.0,0,0,0,-9999.0,0.0,1,P2_CV0,2,0,2,2,0
3,2532969.44,705413.5711,R3_F3_m-1f-1_P3_Y-1_U15,-9999,-9999,FXX,4,31.098032875806993,1,0,0.0,0,0,0,-9999.0,0.5,1,P2_CV0,2,1,1,1,1
3,2532969.44,705413.5711,R3_F3_m-1f-1_P3_Y-1_U103,-9999,-9999,MXY,4,31.098032875806993,1,0,0.0,0,0,0,-9999.0,0.0,1,P2_CV0,2,0,2,1,1
3,2532969.44,705413.5711,R3_F3_m-1f-1_P3_Y-1_U63,-9999,-9999,MXY,4,31.094469002537146,1,0,0.0,0,0,0,-9999.0,0.0,1,P2_CV0,2,0,2,1,1
3,2532969.44,705413.5711,R3_F3_m-1f-1_P3_Y-1_U116,-9999,-9999,FXX,5,50.20497777048968,1,0,0.0,0,0,0,-9999.0,0.0,1,P2_CV0,2,0,2,0,2
3,2532969.44,705413.5711,R3_F3_m-1f-1_P3_Y-1_U0,-9999,-9999,FXX,5,55.28997777048968,1,0,1.0,0,0,0,-9999.0,0.0,1,P2_CV0,2,0,2,2,0
3,2532969.44,705413.5711,R3_F3_m-1f-1_P3_Y-1_U23,-9999,-9999,MXY,5,56.01297777048968,1,0,0.0,0,0,0,-9999.0,0.0,1,P2_CV0,2,0,2,1,1
3,2532969.44,705413.5711,R3_F3_m-1f-1_P3_Y-1_U104,-9999,-9999,FXX,5,57.38397777048967,1,0,1.39,0,0,0,-9999.0,0.5,1,P2_CV0,2,1,1,1,1
3,2532969.44,705413.5711,R3_F3_m-1f-1_P3_Y-1_U126,-9999,-9999,MXY,5,47.894977770489675,1,0,0.0,0,0,0,-9999.0,0.5,1,P2_CV0,2,1,1,1,1
3,2532969.44,705413.5711,R3_F3_m-1f-1_P3_Y-1_U57,-9999,-9999,MXY,5,49.25897777048967,1,0,0.0,0,0,0,-9999.0,0.5,1,P2_CV0,2,1,1,1,1
3,2532969.44,705413.5711,R3_F3_m4f4_P4_Y1_UO147,R4_F4_m-1f-1_P4_Y-1_U60,R4_F4_m-1f-1_P4_Y-1_U0,FXX,2,31.044021131240836,1,0,0.0,0,0,0,-9999.0,0.75,1,P3_CV0,2,1,1,1,1
3,2532969.44,705413.5711,R3_F3_m4f4_P4_Y1_UO285,R4_F4_m-1f-1_P4_Y-1_U95,R4_F4_m-1f-1_P4_Y-1_U110,FXX,2,31.044021131240836,1,0,1.729,0,0,0,-9999.0,0.5,1,P3_CV0,2,2,0,1,1
3,2532969.44,705413.5711,RD3_F6_m6f6_P6_Y2_UO40,R6_F6_m6f6_P6_Y0_UO385,R6_F6_m6f6_P6_Y0_UO269,MXY,1,31.02195849293106,0,0,0.0,0,0,0,-9999.0,0.5,1,P5_CV0,2,2,0,1,1
4,2539041.489,728416.6747,RD4_F1_m1f1_P1_Y1_UO385,R1_F1_m-1f-1_P1_Y-1_U23,R1_F1_m-1f-1_P1_Y-1_U123,MXY,2,77.85332465424693,1,0,0.0,0,0,0,-9999.0,0.25,1,P0_CV0,2,0,2,0,2
4,2539041.489,728416.6747,R4_F4_m1f1_P1_Y1_UO331,R1_F1_m-1f-1_P1_Y-1_U11,R1_F1_m-1f-1_P1_Y-1_U38,FXX,2,80.73933451150378,1,0,1.463,0,0,0,-9999.0,0.0,1,P0_CV0,2,0,2,1,1
4,2539041.489,728416.6747,R4_F4_m4f4_P4_Y2_UO8,R4_F4_m4f4_P4_Y0_UO186,R4_F4_m4f4_P4_Y0_UO556,FXX,1,54.735164458298435,0,0,0.0,0,0,0,-9999.0,0.375,1,P3_CV0,2,2,0,0,2
4,2539041.489,728416.6747,R4_F4_m4f4_P4_Y2_UO9,R4_F4_m4f4_P4_Y0_UO186,R4_F4_m4f4_P4_Y0_UO556,FXX,1,54.735164458298435,0,0,0.0,0,0,0,-9999.0,0.375,1,P3_CV0,2,2,0,1,1
4,2539041.489,728416.6747,R4_F4_m4f4_P4_Y2_UO10,R4_F4_m4f4_P4_Y0_UO186,R4_F4_m4f4_P4_Y0_UO556,FXX,1,54.735164458298435,0,0,0.0,0,0,0,-9999.0,0.375,1,P3_CV0,2,1,1,0,2
4,2539041.489,728416.6747,R4_F4_m4f4_P4_Y2_UO67,R4_F4_m4f4_P4_Y0_UO41,RD4_F5_m-1f-1_P5_Y-1_U55,MXY,1,54.735164458298435,0,0,0.0,0,0,0,-9999.0,0.125,1,P3_CV0,2,1,1,1,1
4,2539041.489,728416.6747,R4_F4_m4f4_P4_Y2_UO81,R4_F4_m-1f-1_P4_Y-1_U42,R4_F4_m4f4_P4_Y0_UO556,FXX,1,54.735164458298435,0,0,0.0,0,0,0,-9999.0,0.5,1,P3_CV0,2,0,2,1,1
4,2539041.489,728416.6747,R4_F4_m4f4_P4_Y2_UO82,R4_F4_m-1f-1_P4_Y-1_U42,R4_F4_m4f4_P4_Y0_UO556,FXX,1,54.735164458298435,0,0,0.0,0,0,0,-9999.0,0.5,1,P3_CV0,2,1,1,0,2
4,2539041.489,728416.6747,R4_F4_m4f4_P4_Y2_UO83,R4_F4_m-1f-1_P4_Y-1_U42,R4_F4_m4f4_P4_Y0_UO556,FXX,1,54.735164458298435,0,0,0.0,0,0,0,-9999.0,0.5,1,P3_CV0,2,1,1,0,2
4,2539041.489,728416.6747,R4_F4_m4f4_P4_Y2_UO84,R4_F4_m-1f-1_P4_Y-1_U42,R4_F4_m4f4_P4_Y0_UO556,FXX,1,54.735164458298435,0,0,0.0,0,0,0,-9999.0,0.5,1,P3_CV0,2,2,0,1,1
4,2539041.489,728416.6747,R4_F4_m4f4_P4_Y2_UO121,R4_F4_m4f4_P4_Y0_UO17,R4_F4_m-1f-1_P4_Y-1_U105,MXY,1,54.735164458298435,0,0,0.0,0,0,0,-9999.0,0.375,1,P3_CV0,2,2,0,1,1
4,2539041.489,728416.6747,R4_F4_m4f4_P4_Y2_UO122,R4_F4_m4f4_P4_Y0_UO17,R4_F4_m-1f-1_P4_Y-1_U105,FXX,1,54.735164458298435,0,0,0.0,0,0,0,-9999.0,0.375,1,P3_CV0,2,1,1,1,1
4,2539041.489,728416.6747,R4_F4_m4f4_P4_Y2_UO123,R4_F4_m4f4_P4_Y0_UO17,R4_F4_m-1f-1_P4_Y-1_U105,FXX,1,54.735164458298435,0,0,0.0,0,0,0,-9999.0,0.375,1,P3_CV0,2,2,0,1,1
4,2539041.489,728416.6747,R4_F4_m4f4_P4_Y2_UO124,R4_F4_m4f4_P4_Y0_UO17,R4_F4_m-1f-1_P4_Y-1_U105,MXY,1,54.735164458298435,0,0,0.0,0,0,0,-9999.0,0.375,1,P3_CV0,2,2,0,1,1
4,2539041.489,728416.6747,R4_F4_m4f4_P4_Y2_UO125,R4_F4_m4f4_P4_Y0_UO17,R4_F4_m-1f-1_P4_Y-1_U105,MXY,1,54.735164458298435,0,0,0.0,0,0,0,-9999.0,0.375,1,P3_CV0,2,2,0,1,1
4,2539041.489,728416.6747,R4_F4_m4f4_P4_Y2_UO142,R4_F4_m-1f-1_P4_Y-1_U126,I4_F7_m4f4_P4_Y0_UO431,FXX,1,54.735164458298435,0,0,0.0,0,0,0,-9999.0,0.375,1,P3_CV0,2,0,2,1,1
4,2539041.489,728416.6747,R4_F4_m4f4_P4_Y2_UO143,R4_F4_m-1f-1_P4_Y-1_U126,I4_F7_m4f4_P4_Y0_UO431,MXY,1,54.735164458298435,0,0,0.0,0,0,0,-9999.0,0.375,1,P3_CV0,2,0,2,0,2
4,2539041.489,728416.6747,R4_F4_m4f4_P4_Y2_UO144,R4_F4_m-1f-1_P4_Y-1_U126,I4_F7_m4f4_P4_Y0_UO431,MXY,1,54.735164458298435,0,0,0.0,0,0,0,-9999.0,0.375,1,P3_CV0,2,1,1,1,1
4,2539041.489,728416.6747,R4_F4_m4f4_P4_Y2_UO145,R4_F4_m-1f-1_P4_Y-1_U126,I4_F7_m4f4_P4_Y0_UO431,MXY,1,54.735164458298435,0,0,0.0,0,0,0,-9999.0,0.375,1,P3_CV0,2,0,2,1,1
4,2539041.489,728416.6747,R4_F4_m4f4_P4_Y2_UO146,R4_F4_m-1f-1_P4_Y-1_U126,I4_F7_m4f4_P4_Y0_UO431,FXX,1,54.735164458298435,0,0,0.0,0,0,0,-9999.0,0.375,1,P3_CV0,2,0,2,1,1
4,2539041.489,728416.6747,R4_F4_m4f4_P4_Y2_UO147,R4_F4_m-1f-1_P4_Y-1_U126,I4_F7_m4f4_P4_Y0_UO431,FXX,1,54.735164458298435,0,0,0.0,0,0,0,-9999.0,0.375,1,P3_CV0,2,0,2,0,2
4,2539041.489,728416.6747,R4_F4_m4f4_P4_Y2_UO148,R4_F4_m-1f-1_P4_Y-1_U126,I4_F7_m4f4_P4_Y0_UO431,FXX,1,54.735164458298435,0,0,0.0,0,0,0,-9999.0,0.375,1,P3_CV0,2,0,2,1,1
4,2539041.489,728416.6747,R4_F4_m4f4_P4_Y2_UO149,R4_F4_m-1f-1_P4_Y-1_U126,I4_F7_m4f4_P4_Y0_UO431,MXY,1,54.735164458298435,0,0,0.0,0,0,0,-9999.0,0.375,1,P3_CV0,2,1,1,1,1
4,2539041.489,728416.6747,R4_F4_m4f4_P4_Y2_UO150,R4_F4_m-1f-1_P4_Y-1_U126,I4_F7_m4f4_P4_Y0_UO431,MXY,1,54.735164458298435,0,0,0.0,0,0,0,-9999.0,0.375,1,P3_CV0,2,0,2,0,2
4,2539041.489,728416.6747,R4_F4_m4f4_P4_Y2_UO151,R4_F4_m-1f-1_P4_Y-1_U126,I4_F7_m4f4_P4_Y0_UO431,FXX,1,54.735164458298435,0,0,0.0,0,0,0,-9999.0,0.375,1,P3_CV0,2,0,2,1,1
4,2539041.489,728416.6747,R4_F4_m4f4_P4_Y2_UO152,R4_F4_m-1f-1_P4_Y-1_U126,I4_F7_m4f4_P4_Y0_UO431,FXX,1,54.735164458298435,0,0,0.0,0,0,0,-9999.0,0.375,1,P3_CV0,2,1,1,1,1
4,2539041.489,728416.6747,R4_F4_m4f4_P4_Y2_UO153,R4_F4_m-1f-1_P4_Y-1_U63,R4_F4_m4f4_P4_Y0_UO572,MXY,1,54.735164458298435,0,0,0.0,0,0,0,-9999.0,1.0,1,P3_CV0,2,2,0,0,2
4,2539041.489,728416.6747,R4_F4_m4f4_P4_Y2_UO154,R4_F4_m-1f-1_P4_Y-1_U63,R4_F4_m4f4_P4_Y0_UO572,FXX,1,54.735164458298435,0,0,0.0,0,0,0,-9999.0,1.0,1,P3_CV0,2,2,0,1,1
4,2539041.489,728416.6747,R4_F4_m4f4_P4_Y2_UO155,R4_F4_m-1f-1_P4_Y-1_U63,R4_F4_m4f4_P4_Y0_UO572,FXX,1,54.735164458298435,0,0,0.0,0,0,0,-9999.0,1.0,1,P3_CV0,2,2,0,1,1
4,2539041.489,728416.6747,R4_F4_m4f4_P4_Y2_UO156,R4_F4_m-1f-1_P4_Y-1_U63,R4_F4_m4f4_P4_Y0_UO572,FXX,1,54.735164458298435,0,0,0.0,0,0,0,-9999.0,1.0,1,P3_CV0,2,2,0,1,1
4,2539041.489,728416.6747,R4_F4_m4f4_P4_Y2_UO157,R4_F4_m-1f-1_P4_Y-1_U63,R4_F4_m4f4_P4_Y0_UO572,MXY,1,54.735164458298435,0,0,0.0,0,0,0,-9999.0,1.0,1,P3_CV0,2,2,0,1,1
4,2539041.489,728416.6747,R4_F4_m4f4_P4_Y2_UO158,R4_F4_m-1f-1_P4_Y-1_U63,R4_F4_m4f4_P4_Y0_UO572,FXX,1,54.735164458298435,0,0,0.0,0,0,0,-9999.0,1.0,1,P3_CV0,2,2,0,0,2
4,2539041.489,728416.6747,R4_F4_m4f4_P4_Y2_UO159,R4_F4_m-1f-1_P4_Y-1_U63,R4_F4_m4f4_P4_Y0_UO572,FXX,1,54.735164458298435,0,0,0.0,0,0,0,-9999.0,1.0,1,P3_CV0,2,2,0,1,1
4,2539041.489,728416.6747,R4_F4_m4f4_P4_Y2_UO160,R4_F4_m-1f-1_P4_Y-1_U63,R4_F4_m4f4_P4_Y0_UO572,MXY,1,54.735164458298435,0,0,0.0,0,0,0,-9999.0,1.0,1,P3_CV0,2,2,0,1,1
4,2539041.489,728416.6747,R4_F4_m4f4_P4_Y2_UO166,R4_F4_m-1f-1_P4_Y-1_U64,R4_F4_m-1f-1_P4_Y-1_U56,MXY,1,54.735164458298435,0,0,0.0,0,0,0,-9999.0,0.5,1,P3_CV0,2,1,1,0,2
4,2539041.489,728416.6747,R4_F4_m4f4_P4_Y2_UO167,R4_F4_m-1f-1_P4_Y-1_U64,R4_F4_m-1f-1_P4_Y-1_U56,MXY,1,54.735164458298435,0,0,0.0,0,0,0,-9999.0,0.5,1,P3_CV0,2,1,1,0,2
4,2539041.489,728416.6747,R4_F4_m4f4_P4_Y2_UO168,R4_F4_m-1f-1_P4_Y-1_U64,R4_F4_m-1f-1_P4_Y-1_U56,MXY,1,54.735164458298435,0,0,0.0,0,0,0,-9999.0,0.5,1,P3_CV0,2,1,1,0,2
4,2539041.489,728416.6747,R4_F4_m4f4_P4_Y2_UO169,R4_F4_m-1f-1_P4_Y-1_U64,R4_F4_m-1f-1_P4_Y-1_U56,MXY,1,54.735164458298435,0,0,0.0,0,0,0,-9999.0,0.5,1,P3_CV0,2,1,1,0,2
4,2539041.489,728416.6747,R4_F4_m4f4_P4_Y2_UO170,R4_F4_m-1f-1_P4_Y-1_U64,R4_F4_m-1f-1_P4_Y-1_U56,MXY,1,54.735164458298435,0,0,0.0,0,0,0,-9999.0,0.5,1,P3_CV0,2,1,1,0,2
4,2539041.489,728416.6747,R4_F4_m4f4_P4_Y2_UO171,R4_F4_m-1f-1_P4_Y-1_U64,R4_F4_m-1f-1_P4_Y-1_U56,MXY,1,54.735164458298435,0,0,0.0,0,0,0,-9999.0,0.5,1,P3_CV0,2,1,1,0,2
4,2539041.489,728416.6747,R4_F4_m4f4_P4_Y2_UO172,R4_F4_m-1f-1_P4_Y-1_U64,R4_F4_m-1f-1_P4_Y-1_U56,FXX,1,54.735164458298435,0,0,0.0,0,0,0,-9999.0,0.5,1,P3_CV0,2,1,1,0,2
4,2539041.489,728416.6747,R4_F4_m4f4_P4_Y2_UO173,R4_F4_m-1f-1_P4_Y-1_U64,R4_F4_m-1f-1_P4_Y-1_U56,FXX,1,54.735164458298435,0,0,0.0,0,0,0,-9999.0,0.5,1,P3_CV0,2,1,1,0,2
4,2539041.489,728416.6747,R4_F4_m4f4_P4_Y2_UO174,R4_F4_m-1f-1_P4_Y-1_U64,R4_F4_m-1f-1_P4_Y-1_U56,FXX,1,54.735164458298435,0,0,0.0,0,0,0,-9999.0,0.5,1,P3_CV0,2,1,1,0,2
4,2539041.489,728416.6747,R4_F4_m4f4_P4_Y2_UO175,R4_F4_m-1f-1_P4_Y-1_U64,R4_F4_m-1f-1_P4_Y-1_U56,MXY,1,54.735164458298435,0,0,0.0,0,0,0,-9999.0,0.5,1,P3_CV0,2,1,1,0,2
4,2539041.489,728416.6747,R4_F4_m4f4_P4_Y2_UO190,R4_F4_m-1f-1_P4_Y-1_U63,R4_F4_m-1f-1_P4_Y-1_U105,FXX,1,54.735164458298435,0,0,0.0,0,0,0,-9999.0,0.75,1,P3_CV0,2,1,1,1,1
4,2539041.489,728416.6747,R4_F4_m4f4_P4_Y2_UO191,R4_F4_m-1f-1_P4_Y-1_U63,R4_F4_m-1f-1_P4_Y-1_U105,FXX,1,54.735164458298435,0,0,0.0,0,0,0,-9999.0,0.75,1,P3_CV0,2,2,0,0,2
4,2539041.489,728416.6747,R4_F4_m4f4_P4_Y2_UO192,R4_F4_m-1f-1_P4_Y-1_U63,R4_F4_m-1f-1_P4_Y-1_U105,FXX,1,54.735164458298435,0,0,0.0,0,0,0,-9999.0,0.75,1,P3_CV0,2,1,1,1,1
4,2539041.489,728416.6747,R4_F4_m4f4_P4_Y2_UO193,R4_F4_m-1f-1_P4_Y-1_U63,R4_F4_m-1f-1_P4_Y-1_U105,FXX,1,54.735164458298435,0,0,0.0,0,0,0,-9999.0,0.75,1,P3_CV0,2,1,1,1,1
4,2539041.489,728416.6747,R4_F4_m4f4_P4_Y2_UO194,R4_F4_m-1f-1_P4_Y-1_U63,R4_F4_m-1f-1_P4_Y-1_U105,FXX,1,54.735164458298435,0,0,0.0,0,0,0,-9999.0,0.75,1,P3_CV0,2,1,1,1,1
4,2539041.489,728416.6747,R4_F4_m4f4_P4_Y2_UO195,R4_F4_m-1f-1_P4_Y-1_U63,R4_F4_m-1f-1_P4_Y-1_U105,FXX,1,54.735164458298435,0,0,0.0,0,0,0,-9999.0,0.75,1,P3_CV0,2,1,1,1,1
4,2539041.489,728416.6747,R4_F4_m4f4_P4_Y2_UO196,R4_F4_m-1f-1_P4_Y-1_U63,R4_F4_m-1f-1_P4_Y-1_U105,FXX,1,54.735164458298435,0,0,0.0,0,0,0,-9999.0,0.75,1,P3_CV0,2,2,0,0,2
4,2539041.489,728416.6747,R4_F4_m4f4_P4_Y2_UO197,R4_F4_m-1f-1_P4_Y-1_U63,R4_F4_m-1f-1_P4_Y-1_U105,MXY,1,54.735164458298435,0,0,0.0,0,0,0,-9999.0,0.75,1,P3_CV0,2,2,0,1,1
4,2539041.489,728416.6747,R4_F4_m4f4_P4_Y2_UO198,R4_F4_m-1f-1_P4_Y-1_U63,R4_F4_m-1f-1_P4_Y-1_U105,MXY,1,54.735164458298435,0,0,0.0,0,0,0,-9999.0,0.75,1,P3_CV0,2,2,0,0,2
4,2539041.489,728416.6747,R4_F4_m4f4_P4_Y2_UO273,R4_F4_m4f4_P4_Y0_UO249,R4_F4_m-1f-1_P4_Y-1_U48,MXY,1,54.735164458298435,0,0,0.0,0,0,0,-9999.0,1.0,1,P3_CV0,2,2,0,0,2
4,2539041.489,728416.6747,R4_F4_m4f4_P4_Y2_UO274,R4_F4_m4f4_P4_Y0_UO249,R4_F4_m-1f-1_P4_Y-1_U48,MXY,1,54.735164458298435,0,0,0.0,0,0,0,-9999.0,1.0,1,P3_CV0,2,1,1,0,2
4,2539041.489,728416.6747,R4_F4_m4f4_P4_Y2_UO275,R4_F4_m4f4_P4_Y0_UO249,R4_F4_m-1f-1_P4_Y-1_U48,MXY,1,54.735164458298435,0,0,0.0,0,0,0,-9999.0,1.0,1,P3_CV0,2,1,1,0,2
4,2539041.489,728416.6747,R4_F4_m4f4_P4_Y2_UO276,R4_F4_m4f4_P4_Y0_UO249,R4_F4_m-1f-1_P4_Y-1_U48,FXX,1,54.735164458298435,0,0,0.0,0,0,0,-9999.0,1.0,1,P3_CV0,2,1,1,0,2
4,2539041.489,728416.6747,R4_F4_m4f4_P4_Y2_UO277,R4_F4_m4f4_P4_Y0_UO249,R4_F4_m-1f-1_P4_Y-1_U48,MXY,1,54.735164458298435,0,0,0.0,0,0,0,-9999.0,1.0,1,P3_CV0,2,2,0,0,2
4,2539041.489,728416.6747,R4_F4_m4f4_P4_Y2_UO278,R4_F4_m4f4_P4_Y0_UO249,R4_F4_m-1f-1_P4_Y-1_U48,FXX,1,54.735164458298435,0,0,0.0,0,0,0,-9999.0,1.0,1,P3_CV0,2,2,0,0,2
4,2539041.489,728416.6747,R4_F4_m4f4_P4_Y2_UO279,R4_F4_m4f4_P4_Y0_UO249,R4_F4_m-1f-1_P4_Y-1_U48,FXX,1,54.735164458298435,0,0,0.0,0,0,0,-9999.0,1.0,1,P3_CV0,2,1,1,0,2
4,2539041.489,728416.6747,R4_F4_m4f4_P4_Y2_UO300,R4_F4_m4f4_P4_Y0_UO17,R4_F4_m-1f-1_P4_Y-1_U2,MXY,1,54.735164458298435,0,0,0.0,0,0,0,-9999.0,0.125,1,P3_CV0,2,1,1,2,0
4,2539041.489,728416.6747,R4_F4_m4f4_P4_Y2_UO338,R4_F4_m4f4_P4_Y0_UO17,I4_F7_m-1f-1_P4_Y-1_U65,FXX,1,54.735164458298435,0,0,0.0,0,0,0,-9999.0,0.625,1,P3_CV0,2,2,0,2,0
4,2539041.489,728416.6747,R4_F4_m4f4_P4_Y2_UO339,R4_F4_m4f4_P4_Y0_UO17,I4_F7_m-1f-1_P4_Y-1_U65,MXY,1,54.735164458298435,0,0,0.0,0,0,0,-9999.0,0.625,1,P3_CV0,2,2,0,2,0
4,2539041.489,728416.6747,R4_F4_m4f4_P4_Y2_UO340,R4_F4_m4f4_P4_Y0_UO17,I4_F7_m-1f-1_P4_Y-1_U65,FXX,1,54.735164458298435,0,0,0.0,0,0,0,-9999.0,0.625,1,P3_CV0,2,2,0,2,0
4,2539041.489,728416.6747,R4_F4_m4f4_P4_Y2_UO341,R4_F4_m4f4_P4_Y0_UO17,I4_F7_m-1f-1_P4_Y-1_U65,MXY,1,54.735164458298435,0,0,0.0,0,0,0,-9999.0,0.625,1,P3_CV0,2,2,0,2,0
4,2539041.489,728416.6747,R4_F4_m4f4_P4_Y2_UO342,R4_F4_m4f4_P4_Y0_UO17,I4_F7_m-1f-1_P4_Y-1_U65,MXY,1,54.735164458298435,0,0,0.0,0,0,0,-9999.0,0.625,1,P3_CV0,2,2,0,2,0
4,2539041.489,728416.6747,R4_F4_m4f4_P4_Y2_UO343,R4_F4_m4f4_P4_Y0_UO17,I4_F7_m-1f-1_P4_Y-1_U65,MXY,1,54.735164458298435,0,0,0.0,0,0,0,-9999.0,0.625,1,P3_CV0,2,2,0,2,0
4,2539041.489,728416.6747,R4_F4_m4f4_P4_Y2_UO344,R4_F4_m4f4_P4_Y0_UO17,I4_F7_m-1f-1_P4_Y-1_U65,FXX,1,54.735164458298435,0,0,0.0,0,0,0,-9999.0,0.625,1,P3_CV0,2,2,0,2,0
4,2539041.489,728416.6747,R4_F4_m4f4_P4_Y2_UO345,R4_F4_m4f4_P4_Y0_UO17,I4_F7_m-1f-1_P4_Y-1_U65,MXY,1,54.735164458298435,0,0,0.0,0,0,0,-9999.0,0.625,1,P3_CV0,2,2,0,2,0
4,2539041.489,728416.6747,R4_F4_m4f4_P4_Y2_UO346,R4_F4_m4f4_P4_Y0_UO17,I4_F7_m-1f-1_P4_Y-1_U65,FXX,1,54.735164458298435,0,0,0.0,0,0,0,-9999.0,0.625,1,P3_CV0,2,2,0,2,0
4,2539041.489,728416.6747,R4_F4_m4f4_P4_Y2_UO353,R4_F4_m4f4_P4_Y0_UO253,R4_F4_m-1f-1_P4_Y-1_U121,MXY,1,54.735164458298435,0,0,0.0,0,0,0,-9999.0,0.75,1,P3_CV0,2,1,1,1,1
4,2539041.489,728416.6747,R4_F4_m4f4_P4_Y2_UO354,R4_F4_m4f4_P4_Y0_UO253,R4_F4_m-1f-1_P4_Y-1_U121,MXY,1,54.735164458298435,0,0,0.0,0,0,0,-9999.0,0.75,1,P3_CV0,2,2,0,1,1
4,2539041.489,728416.6747,R4_F4_m4f4_P4_Y2_UO355,R4_F4_m4f4_P4_Y0_UO253,R4_F4_m-1f-1_P4_Y-1_U121,FXX,1,54.735164458298435,0,0,0.0,0,0,0,-9999.0,0.75,1,P3_CV0,2,2,0,0,2
4,2539041.489,728416.6747,R4_F4_m4f4_P4_Y2_UO358,R4_F4_m-1f-1_P4_Y-1_U29,R4_F4_m4f4_P4_Y0_UO572,FXX,1,54.735164458298435,0,0,0.0,0,0,0,-9999.0,0.75,1,P3_CV0,2,1,1,1,1
4,2539041.489,728416.6747,R4_F4_m4f4_P4_Y2_UO359,R4_F4_m-1f-1_P4_Y-1_U29,R4_F4_m4f4_P4_Y0_UO572,MXY,1,54.735164458298435,0,0,0.0,0,0,0,-9999.0,0.75,1,P3_CV0,2,2,0,1,1
4,2539041.489,728416.6747,R4_F4_m4f4_P4_Y2_UO360,R4_F4_m-1f-1_P4_Y-1_U29,R4_F4_m4f4_P4_Y0_UO572,MXY,1,54.735164458298435,0,0,0.0,0,0,0,-9999.0,0.75,1,P3_CV0,2,2,0,1,1
4,2539041.489,728416.6747,R4_F4_m4f4_P4_Y2_UO396,R4_F4_m4f4_P4_Y0_UO17,I4_F7_m-1f-1_P4_Y-1_U91,MXY,1,54.735164458298435,0,0,0.0,0,0,0,-9999.0,0.125,1,P3_CV0,2,1,1,1,1
4,2539041.489,728416.6747,R4_F4_m4f4_P4_Y2_UO397,R4_F4_m4f4_P4_Y0_UO17,I4_F7_m-1f-1_P4_Y-1_U91,FXX,1,54.735164458298435,0,0,0.0,0,0,0,-9999.0,0.125,1,P3_CV0,2,1,1,2,0
4,2539041.489,728416.6747,R4_F4_m4f4_P4_Y2_UO398,R4_F4_m4f4_P4_Y0_UO17,I4_F7_m-1f-1_P4_Y-1_U91,MXY,1,54.735164458298435,0,0,0.0,0,0,0,-9999.0,0.125,1,P3_CV0,2,1,1,2,0
4,2539041.489,728416.6747,R4_F4_m4f4_P4_Y2_UO399,R4_F4_m4f4_P4_Y0_UO17,I4_F7_m-1f-1_P4_Y-1_U91,FXX,1,54.735164458298435,0,0,0.0,0,0,0,-9999.0,0.125,1,P3_CV0,2,1,1,1,1
4,2539041.489,728416.6747,R4_F4_m4f4_P4_Y2_UO400,R4_F4_m4f4_P4_Y0_UO17,I4_F7_m-1f-1_P4_Y-1_U91,MXY,1,54.735164458298435,0,0,0.0,0,0,0,-9999.0,0.125,1,P3_CV0,2,1,1,1,1
4,2539041.489,728416.6747,R4_F4_m4f4_P4_Y2_UO401,R4_F4_m4f4_P4_Y0_UO17,I4_F7_m-1f-1_P4_Y-1_U91,FXX,1,54.735164458298435,0,0,0.0,0,0,0,-9999.0,0.125,1,P3_CV0,2,1,1,2,0
4,2539041.489,728416.6747,R4_F4_m4f4_P4_Y2_UO433,R4_F4_m-1f-1_P4_Y-1_U59,R4_F4_m4f4_P4_Y0_UO16,FXX,1,54.735164458298435,0,0,0.0,0,0,0,-9999.0,0.375,1,P3_CV0,2,1,1,1,1
4,2539041.489,728416.6747,R4_F4_m4f4_P4_Y2_UO434,R4_F4_m-1f-1_P4_Y-1_U59,R4_F4_m4f4_P4_Y0_UO16,MXY,1,54.735164458298435,0,0,0.0,0,0,0,-9999.0,0.375,1,P3_CV0,2,0,2,1,1
4,2539041.489,728416.6747,R4_F4_m4f4_P4_Y2_UO435,R4_F4_m-1f-1_P4_Y-1_U59,R4_F4_m4f4_P4_Y0_UO16,FXX,1,54.735164458298435,0,0,0.0,0,0,0,-9999.0,0.375,1,P3_CV0,2,0,2,1,1
4,2539041.489,728416.6747,R4_F4_m4f4_P4_Y2_UO436,R4_F4_m-1f-1_P4_Y-1_U59,R4_F4_m4f4_P4_Y0_UO16,MXY,1,54.735164458298435,0,0,0.0,0,0,0,-9999.0,0.375,1,P3_CV0,2,0,2,1,1
4,2539041.489,728416.6747,R4_F4_m4f4_P4_Y2_UO437,R4_F4_m-1f-1_P4_Y-1_U59,R4_F4_m4f4_P4_Y0_UO16,FXX,1,54.735164458298435,0,0,0.0,0,0,0,-9999.0,0.375,1,P3_CV0,2,1,1,1,1
4,2539041.489,728416.6747,R4_F4_m4f4_P4_Y2_UO438,R4_F4_m-1f-1_P4_Y-1_U59,R4_F4_m4f4_P4_Y0_UO16,MXY,1,54.735164458298435,0,0,0.0,0,0,0,-9999.0,0.375,1,P3_CV0,2,0,2,1,1
4,2539041.489,728416.6747,R4_F4_m4f4_P4_Y2_UO439,R4_F4_m-1f-1_P4_Y-1_U59,R4_F4_m4f4_P4_Y0_UO16,FXX,1,54.735164458298435,0,0,0.0,0,0,0,-9999.0,0.375,1,P3_CV0,2,1,1,1,1
4,2539041.489,728416.6747,R4_F4_m4f4_P4_Y2_UO440,R4_F4_m-1f-1_P4_Y-1_U59,R4_F4_m4f4_P4_Y0_UO16,FXX,1,54.735164458298435,0,0,0.0,0,0,0,-9999.0,0.375,1,P3_CV0,2,0,2,1,1
4,2539041.489,728416.6747,R4_F4_m4f4_P4_Y2_UO441,R4_F4_m-1f-1_P4_Y-1_U59,R4_F4_m4f4_P4_Y0_UO16,FXX,1,54.735164458298435,0,0,0.0,0,0,0,-9999.0,0.375,1,P3_CV0,2,0,2,1,1
4,2539041.489,728416.6747,R4_F4_m4f4_P4_Y2_UO442,R4_F4_m-1f-1_P4_Y-1_U59,R4_F4_m4f4_P4_Y0_UO16,MXY,1,54.735164458298435,0,0,0.0,0,0,0,-9999.0,0.375,1,P3_CV0,2,0,2,2,0
4,2539041.489,728416.6747,R4_F4_m4f4_P4_Y2_UO477,R4_F4_m4f4_P4_Y0_UO41,R4_F4_m-1f-1_P4_Y-1_U62,FXX,1,54.735164458298435,0,0,0.0,0,0,0,-9999.0,0.375,1,P3_CV0,2,0,2,1,1
4,2539041.489,728416.6747,R4_F4_m4f4_P4_Y2_UO493,R4_F4_m4f4_P4_Y0_UO705,R4_F4_m-1f-1_P4_Y-1_U48,MXY,1,54.735164458298435,0,0,0.0,0,0,0,-9999.0,0.75,1,P3_CV0,2,1,1,0,2
4,2539041.489,728416.6747,R4_F4_m4f4_P4_Y2_UO494,R4_F4_m4f4_P4_Y0_UO705,R4_F4_m-1f-1_P4_Y-1_U48,MXY,1,54.735164458298435,0,0,0.0,0,0,0,-9999.0,0.75,1,P3_CV0,2,2,0,0,2
4,2539041.489,728416.6747,R4_F4_m4f4_P4_Y2_UO518,R4_F4_m-1f-1_P4_Y-1_U63,R4_F4_m-1f-1_P4_Y-1_U80,FXX,1,54.735164458298435,0,0,0.0,0,0,0,-9999.0,0.75,1,P3_CV0,2,2,0,0,2
4,2539041.489,728416.6747,R4_F4_m4f4_P4_Y2_UO519,R4_F4_m-1f-1_P4_Y-1_U63,R4_F4_m-1f-1_P4_Y-1_U80,FXX,1,54.735164458298435,0,0,0.0,0,0,0,-9999.0,0.75,1,P3_CV0,2,2,0,1,1
4,2539041.489,728416.6747,R4_F4_m4f4_P4_Y2_UO520,R4_F4_m-1f-1_P4_Y-1_U63,R4_F4_m-1f-1_P4_Y-1_U80,FXX,1,54.735164458298435,0,0,0.0,0,0,0,-9999.0,0.75,1,P3_CV0,2,1,1,1,1
4,2539041.489,728416.6747,R4_F4_m4f4_P4_Y2_UO521,R4_F4_m-1f-1_P4_Y-1_U63,R4_F4_m-1f-1_P4_Y-1_U80,FXX,1,54.735164458298435,0,0,0.0,0,0,0,-9999.0,0.75,1,P3_CV0,2,2,0,1,1
4,2539041.489,728416.6747,R4_F4_m4f4_P4_Y2_UO522,R4_F4_m-1f-1_P4_Y-1_U63,R4_F4_m-1f-1_P4_Y-1_U80,FXX,1,54.735164458298435,0,0,0.0,0,0,0,-9999.0,0.75,1,P3_CV0,2,1,1,1,1
4,2539041.489,728416.6747,R4_F4_m4f4_P4_Y2_UO523,R4_F4_m-1f-1_P4_Y-1_U63,R4_F4_m-1f-1_P4_Y-1_U80,FXX,1,54.735164458298435,0,0,0.0,0,0,0,-9999.0,0.75,1,P3_CV0,2,2,0,2,0
4,2539041.489,728416.6747,R4_F4_m4f4_P4_Y2_UO524,R4_F4_m-1f-1_P4_Y-1_U63,R4_F4_m-1f-1_P4_Y-1_U80,MXY,1,54.735164458298435,0,0,0.0,0,0,0,-9999.0,0.75,1,P3_CV0,2,1,1,1,1
4,2539041.489,728416.6747,R4_F4_m4f4_P4_Y2_UO554,R4_F4_m4f4_P4_Y0_UO253,R4_F4_m-1f-1_P4_Y-1_U62,FXX,1,54.735164458298435,0,0,0.0,0,0,0,-9999.0,0.75,1,P3_CV0,2,2,0,0,2
4,2539041.489,728416.6747,R4_F4_m4f4_P4_Y2_UO555,R4_F4_m4f4_P4_Y0_UO253,R4_F4_m-1f-1_P4_Y-1_U62,MXY,1,54.735164458298435,0,0,0.0,0,0,0,-9999.0,0.75,1,P3_CV0,2,2,0,0,2
4,2539041.489,728416.6747,R4_F4_m4f4_P4_Y2_UO556,R4_F4_m4f4_P4_Y0_UO253,R4_F4_m-1f-1_P4_Y-1_U62,FXX,1,54.735164458298435,0,0,0.0,0,0,0,-9999.0,0.75,1,P3_CV0,2,1,1,1,1
4,2539041.489,728416.6747,R4_F4_m4f4_P4_Y2_UO557,R4_F4_m4f4_P4_Y0_UO253,R4_F4_m-1f-1_P4_Y-1_U62,MXY,1,54.735164458298435,0,0,0.0,0,0,0,-9999.0,0.75,1,P3_CV0,2,1,1,0,2
4,2539041.489,728416.6747,R4_F4_m4f4_P4_Y2_UO558,R4_F4_m4f4_P4_Y0_UO253,R4_F4_m-1f-1_P4_Y-1_U62,FXX,1,54.735164458298435,0,0,0.0,0,0,0,-9999.0,0.75,1,P3_CV0,2,1,1,0,2
4,2539041.489,728416.6747,R4_F4_m4f4_P4_Y2_UO559,R4_F4_m-1f-1_P4_Y-1_U29,R4_F4_m4f4_P4_Y0_UO391,FXX,1,54.735164458298435,0,0,0.0,0,0,0,-9999.0,0.5,1,P3_CV0,2,2,0,1,1
4,2539041.489,728416.6747,R4_F4_m4f4_P4_Y2_UO560,R4_F4_m-1f-1_P4_Y-1_U29,R4_F4_m4f4_P4_Y0_UO391,MXY,1,54.735164458298435,0,0,0.0,0,0,0,-9999.0,0.5,1,P3_CV0,2,1,1,1,1
4,2539041.489,728416.6747,R4_F4_m4f4_P4_Y2_UO561,R4_F4_m-1f-1_P4_Y-1_U29,R4_F4_m4f4_P4_Y0_UO391,FXX,1,54.735164458298435,0,0,0.0,0,0,0,-9999.0,0.5,1,P3_CV0,2,1,1,2,0
4,2539041.489,728416.6747,R4_F4_m4f4_P4_Y2_UO562,R4_F4_m-1f-1_P4_Y-1_U29,R4_F4_m4f4_P4_Y0_UO391,MXY,1,54.735164458298435,0,0,0.0,0,0,0,-9999.0,0.5,1,P3_CV0,2,1,1,2,0
4,2539041.489,728416.6747,R4_F4_m4f4_P4_Y2_UO563,R4_F4_m-1f-1_P4_Y-1_U29,R4_F4_m4f4_P4_Y0_UO391,FXX,1,54.735164458298435,0,0,0.0,0,0,0,-9999.0,0.5,1,P3_CV0,2,1,1,2,0
4,2539041.489,728416.6747,R4_F4_m4f4_P4_Y2_UO564,R4_F4_m-1f-1_P4_Y-1_U29,R4_F4_m4f4_P4_Y0_UO391,FXX,1,54.735164458298435,0,0,0.0,0,0,0,-9999.0,0.5,1,P3_CV0,2,1,1,2,0
4,2539041.489,728416.6747,R4_F4_m4f4_P4_Y2_UO565,R4_F4_m-1f-1_P4_Y-1_U29,R4_F4_m4f4_P4_Y0_UO391,FXX,1,54.735164458298435,0,0,0.0,0,0,0,-9999.0,0.5,1,P3_CV0,2,0,2,2,0
4,2539041.489,728416.6747,R4_F4_m4f4_P4_Y2_UO566,R4_F4_m-1f-1_P4_Y-1_U88,R4_F4_m-1f-1_P4_Y-1_U105,FXX,1,54.735164458298435,0,0,0.0,0,0,0,-9999.0,0.5,1,P3_CV0,2,2,0,0,2
4,2539041.489,728416.6747,R4_F4_m4f4_P4_Y2_UO567,R4_F4_m-1f-1_P4_Y-1_U88,R4_F4_m-1f-1_P4_Y-1_U105,FXX,1,54.735164458298435,0,0,0.0,0,0,0,-9999.0,0.5,1,P3_CV0,2,1,1,0,2
4,2539041.489,728416.6747,R4_F4_m4f4_P4_Y2_UO568,R4_F4_m-1f-1_P4_Y-1_U88,R4_F4_m-1f-1_P4_Y-1_U105,MXY,1,54.735164458298435,0,0,0.0,0,0,0,-9999.0,0.5,1,P3_CV0,2,1,1,0,2
4,2539041.489,728416.6747,R4_F4_m4f4_P4_Y2_UO569,R4_F4_m-1f-1_P4_Y-1_U88,R4_F4_m-1f-1_P4_Y-1_U105,FXX,1,54.735164458298435,0,0,0.0,0,0,0,-9999.0,0.5,1,P3_CV0,2,0,2,0,2
4,2539041.489,728416.6747,R4_F4_m4f4_P4_Y2_UO570,R4_F4_m-1f-1_P4_Y-1_U88,R4_F4_m-1f-1_P4_Y-1_U105,FXX,1,54.735164458298435,0,0,0.0,0,0,0,-9999.0,0.5,1,P3_CV0,2,1,1,0,2
4,2539041.489,728416.6747,R4_F4_m4f4_P4_Y2_UO571,R4_F4_m-1f-1_P4_Y-1_U88,R4_F4_m-1f-1_P4_Y-1_U105,MXY,1,54.735164458298435,0,0,0.0,0,0,0,-9999.0,0.5,1,P3_CV0,2,2,0,0,2
4,2539041.489,728416.6747,R4_F4_m4f4_P4_Y2_UO626,R4_F4_m-1f-1_P4_Y-1_U9,R4_F4_m4f4_P4_Y0_UO121,MXY,1,54.735164458298435,0,0,0.0,0,0,0,-9999.0,0.375,1,P3_CV0,2,1,1,2,0
4,2539041.489,728416.6747,R4_F4_m4f4_P4_Y2_UO627,R4_F4_m-1f-1_P4_Y-1_U9,R4_F4_m4f4_P4_Y0_UO121,MXY,1,54.735164458298435,0,0,0.0,0,0,0,-9999.0,0.375,1,P3_CV0,2,0,2,2,0
4,2539041.489,728416.6747,R4_F4_m4f4_P4_Y2_UO628,R4_F4_m-1f-1_P4_Y-1_U9,R4_F4_m4f4_P4_Y0_UO121,MXY,1,54.735164458298435,0,0,0.0,0,0,0,-9999.0,0.375,1,P3_CV0,2,0,2,2,0
4,2539041.489,728416.6747,R4_F4_m4f4_P4_Y2_UO629,R4_F4_m-1f-1_P4_Y-1_U9,R4_F4_m4f4_P4_Y0_UO121,FXX,1,54.735164458298435,0,0,0.0,0,0,0,-9999.0,0.375,1,P3_CV0,2,0,2,2,0
4,2539041.489,728416.6747,R4_F4_m4f4_P4_Y2_UO630,R4_F4_m-1f-1_P4_Y-1_U9,R4_F4_m4f4_P4_Y0_UO121,MXY,1,54.735164458298435,0,0,0.0,0,0,0,-9999.0,0.375,1,P3_CV0,2,1,1,2,0
4,2539041.489,728416.6747,R4_F4_m4f4_P4_Y2_UO631,R4_F4_m-1f-1_P4_Y-1_U9,R4_F4_m4f4_P4_Y0_UO121,FXX,1,54.735164458298435,0,0,0.0,0,0,0,-9999.0,0.375,1,P3_CV0,2,0,2,2,0
4,2539041.489,728416.6747,R4_F4_m4f4_P4_Y2_UO632,R4_F4_m-1f-1_P4_Y-1_U9,R4_F4_m4f4_P4_Y0_UO121,MXY,1,54.735164458298435,0,0,0.0,0,0,0,-9999.0,0.375,1,P3_CV0,2,1,1,2,0
4,2539041.489,728416.6747,R4_F4_m4f4_P4_Y2_UO633,R4_F4_m4f4_P4_Y0_UO41,R4_F4_m4f4_P4_Y0_UO40,FXX,1,54.735164458298435,0,0,0.0,0,0,0,-9999.0,0.25,1,P3_CV0,2,2,0,1,1
4,2539041.489,728416.6747,R4_F4_m4f4_P4_Y2_UO634,R4_F4_m4f4_P4_Y0_UO41,R4_F4_m4f4_P4_Y0_UO40,MXY,1,54.735164458298435,0,0,0.0,0,0,0,-9999.0,0.25,1,P3_CV0,2,2,0,1,1
4,2539041.489,728416.6747,R4_F4_m4f4_P4_Y2_UO635,R4_F4_m4f4_P4_Y0_UO41,R4_F4_m4f4_P4_Y0_UO40,MXY,1,54.735164458298435,0,0,0.0,0,0,0,-9999.0,0.25,1,P3_CV0,2,1,1,1,1
4,2539041.489,728416.6747,R4_F4_m4f4_P4_Y2_UO636,R4_F4_m4f4_P4_Y0_UO41,R4_F4_m4f4_P4_Y0_UO40,MXY,1,54.735164458298435,0,0,0.0,0,0,0,-9999.0,0.25,1,P3_CV0,2,0,2,1,1
4,2539041.489,728416.6747,R4_F4_m4f4_P4_Y2_UO637,R4_F4_m4f4_P4_Y0_UO41,R4_F4_m4f4_P4_Y0_UO40,FXX,1,54.735164458298435,0,0,0.0,0,0,0,-9999.0,0.25,1,P3_CV0,2,2,0,2,0
4,2539041.489,728416.6747,R4_F4_m4f4_P4_Y2_UO638,R4_F4_m4f4_P4_Y0_UO41,R4_F4_m4f4_P4_Y0_UO40,MXY,1,54.735164458298435,0,0,0.0,0,0,0,-9999.0,0.25,1,P3_CV0,2,1,1,2,0
4,2539041.489,728416.6747,R4_F4_m4f4_P4_Y2_UO639,R4_F4_m4f4_P4_Y0_UO41,R4_F4_m4f4_P4_Y0_UO40,FXX,1,54.735164458298435,0,0,0.0,0,0,0,-9999.0,0.25,1,P3_CV0,2,0,2,1,1
4,2539041.489,728416.6747,R4_F4_m4f4_P4_Y2_UO640,R4_F4_m4f4_P4_Y0_UO41,R4_F4_m4f4_P4_Y0_UO40,MXY,1,54.735164458298435,0,0,0.0,0,0,0,-9999.0,0.25,1,P3_CV0,2,1,1,2,0
4,2539041.489,728416.6747,R4_F4_m4f4_P4_Y1_UO250,R4_F4_m-1f-1_P4_Y-1_U15,R4_F4_m-1f-1_P4_Y-1_U23,FXX,2,80.7247198988099,1,0,0.0,0,0,0,-9999.0,0.5,1,P3_CV0,2,1,1,1,1
4,2539041.489,728416.6747,R4_F4_m4f4_P4_Y1_UO81,RD4_F4_m-1f-1_P4_Y-1_U114,R4_F4_m-1f-1_P4_Y-1_U8,FXX,2,80.7247198988099,1,0,1.0,0,0,0,-9999.0,0.0,1,P3_CV0,2,1,1,1,1
4,2539041.489,728416.6747,R4_F4_m4f4_P4_Y1_UO345,R4_F4_m-1f-1_P4_Y-1_U20,R4_F4_m-1f-1_P4_Y-1_U1,MXY,2,80.7247198988099,1,0,0.0,0,0,0,-9999.0,0.5,1,P3_CV0,2,0,2,0,2
4,2539041.489,728416.6747,R4_F4_m4f4_P4_Y1_UO219,R4_F4_m-1f-1_P4_Y-1_U83,R4_F4_m-1f-1_P4_Y-1_U85,FXX,2,80.7247198988099,1,0,0.0,0,0,0,-9999.0,0.75,1,P3_CV0,2,1,1,1,1
4,2539041.489,728416.6747,R4_F4_m4f4_P4_Y1_UO216,R4_F4_m-1f-1_P4_Y-1_U97,R4_F4_m-1f-1_P4_Y-1_U90,MXY,2,80.7247198988099,1,0,0.0,0,0,0,-9999.0,0.75,1,P3_CV0,2,1,1,1,1
4,2539041.489,728416.6747,R4_F4_m4f4_P4_Y1_UO348,R4_F4_m-1f-1_P4_Y-1_U20,R4_F4_m-1f-1_P4_Y-1_U1,FXX,2,80.7247198988099,1,0,2.424,0,0,0,-9999.0,0.5,1,P3_CV0,2,1,1,1,1
4,2539041.489,728416.6747,R4_F4_m4f4_P4_Y1_UO517,R4_F4_m-1f-1_P4_Y-1_U40,R4_F4_m-1f-1_P4_Y-1_U94,FXX,2,80.7247198988099,1,0,2.464,0,0,0,-9999.0,0.25,1,P3_CV0,2,0,2,0,2
4,2539041.489,728416.6747,R4_F4_m4f4_P4_Y1_UO303,R4_F4_m-1f-1_P4_Y-1_U87,R4_F4_m-1f-1_P4_Y-1_U35,FXX,2,80.7247198988099,1,0,0.0,0,0,0,-9999.0,0.75,1,P3_CV0,2,2,0,1,1
4,2539041.489,728416.6747,R4_F4_m4f4_P4_Y1_UO237,R4_F4_m-1f-1_P4_Y-1_U54,R4_F4_m-1f-1_P4_Y-1_U2,MXY,2,80.7247198988099,1,0,0.0,0,0,0,-9999.0,0.25,1,P3_CV0,2,1,1,0,2
4,2539041.489,728416.6747,R4_F4_m4f4_P4_Y1_UO159,R4_F4_m-1f-1_P4_Y-1_U47,R4_F4_m-1f-1_P4_Y-1_U56,MXY,2,80.7247198988099,1,0,0.0,0,0,0,-9999.0,0.25,1,P3_CV0,2,1,1,0,2
4,2539041.489,728416.6747,R4_F4_m4f4_P4_Y1_UO235,R4_F4_m-1f-1_P4_Y-1_U54,R4_F4_m-1f-1_P4_Y-1_U2,FXX,2,80.7247198988099,1,0,1.704,0,0,0,-9999.0,0.25,1,P3_CV0,2,1,1,1,1
4,2539041.489,728416.6747,R4_F4_m4f4_P4_Y1_UO163,R4_F4_m-1f-1_P4_Y-1_U29,R4_F4_m-1f-1_P4_Y-1_U117,FXX,2,80.7247198988099,1,0,1.582,0,0,0,-9999.0,0.5,1,P3_CV0,2,0,2,1,1
4,2539041.489,728416.6747,R4_F4_m4f4_P4_Y1_UO421,R4_F4_m-1f-1_P4_Y-1_U101,R4_F4_m-1f-1_P4_Y-1_U62,MXY,2,80.7247198988099,1,0,0.0,0,0,0,-9999.0,0.75,1,P3_CV0,2,2,0,0,2
4,2539041.489,728416.6747,R4_F4_m4f4_P4_Y1_UO497,R4_F4_m-1f-1_P4_Y-1_U29,R4_F4_m-1f-1_P4_Y-1_U117,FXX,2,80.7247198988099,1,0,0.0,0,0,0,-9999.0,0.5,1,P3_CV0,2,1,1,1,1
4,2539041.489,728416.6747,R4_F4_m4f4_P4_Y1_UO96,R4_F4_m-1f-1_P4_Y-1_U115,R4_F4_m-1f-1_P4_Y-1_U94,FXX,2,80.7247198988099,1,0,1.506,0,0,0,-9999.0,0.0,1,P3_CV0,2,1,1,2,0
4,2539041.489,728416.6747,R4_F4_m4f4_P4_Y1_UO105,R4_F4_m-1f-1_P4_Y-1_U53,R4_F4_m-1f-1_P4_Y-1_U91,FXX,2,80.7247198988099,1,0,0.0,0,0,0,-9999.0,0.25,1,P3_CV0,2,0,2,1,1
4,2539041.489,728416.6747,R4_F4_m4f4_P4_Y1_UO166,RD4_F6_m-1f-1_P6_Y-1_U48,R4_F4_m-1f-1_P4_Y-1_U28,FXX,2,80.7247198988099,1,0,1.8,0,0,0,-9999.0,0.25,1,P3_CV0,2,1,1,1,1
4,2539041.489,728416.6747,R4_F4_m4f4_P4_Y1_UO283,R4_F4_m-1f-1_P4_Y-1_U95,R4_F4_m-1f-1_P4_Y-1_U110,FXX,2,80.7247198988099,1,0,1.0,0,0,0,-9999.0,0.5,1,P3_CV0,2,2,0,2,0
4,2539041.489,728416.6747,R4_F4_m4f4_P4_Y1_UO207,R4_F4_m-1f-1_P4_Y-1_U60,R4_F4_m-1f-1_P4_Y-1_U62,MXY,2,80.7247198988099,1,0,0.0,0,0,0,-9999.0,0.75,1,P3_CV0,2,1,1,0,2
4,2539041.489,728416.6747,R4_F4_m4f4_P4_Y1_UO498,R4_F4_m-1f-1_P4_Y-1_U29,R4_F4_m-1f-1_P4_Y-1_U117,MXY,2,80.7247198988099,1,0,0.0,0,0,0,-9999.0,0.5,1,P3_CV0,2,2,0,0,2
4,2539041.489,728416.6747,R4_F4_m4f4_P4_Y1_UO95,R4_F4_m-1f-1_P4_Y-1_U115,R4_F4_m-1f-1_P4_Y-1_U94,MXY,2,80.7247198988099,1,0,0.0,0,0,0,-9999.0,0.0,1,P3_CV0,2,1,1,1,1
4,2539041.489,728416.6747,R4_F4_m4f4_P4_Y1_UO77,RD4_F4_m-1f-1_P4_Y-1_U114,R4_F4_m-1f-1_P4_Y-1_U8,MXY,2,80.7247198988099,1,0,0.0,0,0,0,-9999.0,0.0,1,P3_CV0,2,0,2,1,1
4,2539041.489,728416.6747,R4_F4_m4f4_P4_Y1_UO239,R4_F4_m-1f-1_P4_Y-1_U54,R4_F4_m-1f-1_P4_Y-1_U2,FXX,2,80.7247198988099,1,0,1.0,0,0,0,-9999.0,0.25,1,P3_CV0,2,1,1,1,1
4,2539041.489,728416.6747,R4_F4_m4f4_P4_Y1_UO525,R4_F4_m-1f-1_P4_Y-1_U7,R4_F4_m-1f-1_P4_Y-1_U11,MXY,2,80.7247198988099,1,0,0.0,0,0,0,-9999.0,0.5,1,P3_CV0,2,2,0,0,2
4,2539041.489,728416.6747,R4_F4_m4f4_P4_Y1_UO84,R4_F4_m-1f-1_P4_Y-1_U127,R4_F4_m-1f-1_P4_Y-1_U65,MXY,2,80.7247198988099,1,0,0.0,0,0,0,-9999.0,0.75,1,P3_CV0,2,0,2,2,0
4,2539041.489,728416.6747,R4_F4_m4f4_P4_Y1_UO290,R4_F4_m-1f-1_P4_Y-1_U127,R4_F4_m-1f-1_P4_Y-1_U56,MXY,2,80.7247198988099,1,0,0.0,0,0,0,-9999.0,0.25,1,P3_CV0,2,0,2,0,2
4,2539041.489,728416.6747,R4_F4_m4f4_P4_Y1_UO132,R4_F4_m-1f-1_P4_Y-1_U70,R4_F4_m-1f-1_P4_Y-1_U14,FXX,2,80.7247198988099,1,0,2.942,0,0,0,-9999.0,0.5,1,P3_CV0,2,1,1,1,1
4,2539041.489,728416.6747,R4_F4_m4f4_P4_Y1_UO247,R4_F4_m-1f-1_P4_Y-1_U97,R4_F4_m-1f-1_P4_Y-1_U39,FXX,2,80.7247198988099,1,0,2.257,0,0,0,-9999.0,0.75,1,P3_CV0,2,1,1,0,2
4,2539041.489,728416.6747,R4_F4_m4f4_P4_Y1_UO97,R4_F4_m-1f-1_P4_Y-1_U115,R4_F4_m-1f-1_P4_Y-1_U94,MXY,2,80.7247198988099,1,0,0.0,0,0,0,-9999.0,0.0,1,P3_CV0,2,1,1,1,1
4,2539041.489,728416.6747,R4_F4_m4f4_P4_Y1_UO343,R4_F4_m-1f-1_P4_Y-1_U47,R4_F4_m-1f-1_P4_Y-1_U24,FXX,2,80.7247198988099,1,0,1.0,0,0,0,-9999.0,0.5,1,P3_CV0,2,0,2,1,1
4,2539041.489,728416.6747,R4_F4_m4f4_P4_Y1_UO29,R4_F4_m-1f-1_P4_Y-1_U83,R4_F4_m-1f-1_P4_Y-1_U61,FXX,2,80.7247198988099,1,0,0.0,0,0,0,-9999.0,0.5,1,P3_CV0,2,1,1,1,1
4,2539041.489,728416.6747,R4_F4_m4f4_P4_Y1_UO162,R4_F4_m-1f-1_P4_Y-1_U29,R4_F4_m-1f-1_P4_Y-1_U117,MXY,2,80.7247198988099,1,0,0.0,0,0,0,-9999.0,0.5,1,P3_CV0,2,1,1,1,1
4,2539041.489,728416.6747,R4_F4_m4f4_P4_Y1_UO213,R4_F4_m-1f-1_P4_Y-1_U67,R4_F4_m-1f-1_P4_Y-1_U61,FXX,2,80.7247198988099,1,0,0.0,0,0,0,-9999.0,0.75,1,P3_CV0,2,1,1,1,1
4,2539041.489,728416.6747,R4_F4_m4f4_P4_Y1_UO302,R4_F4_m-1f-1_P4_Y-1_U87,R4_F4_m-1f-1_P4_Y-1_U35,FXX,2,80.7247198988099,1,0,0.0,0,0,0,-9999.0,0.75,1,P3_CV0,2,1,1,0,2
4,2539041.489,728416.6747,R4_F4_m4f4_P4_Y1_UO420,R4_F4_m-1f-1_P4_Y-1_U101,R4_F4_m-1f-1_P4_Y-1_U62,FXX,2,80.7247198988099,1,0,0.0,0,0,0,-9999.0,0.75,1,P3_CV0,2,0,2,2,0
4,2539041.489,728416.6747,R4_F4_m4f4_P4_Y1_UO352,R4_F4_m-1f-1_P4_Y-1_U29,R4_F4_m-1f-1_P4_Y-1_U106,FXX,2,80.7247198988099,1,0,0.0,0,0,0,-9999.0,0.5,1,P3_CV0,2,2,0,1,1
4,2539041.489,728416.6747,R4_F4_m4f4_P4_Y1_UO284,R4_F4_m-1f-1_P4_Y-1_U95,R4_F4_m-1f-1_P4_Y-1_U110,FXX,2,80.7247198988099,1,0,1.721,0,0,0,-9999.0,0.5,1,P3_CV0,2,1,1,2,0
4,2539041.489,728416.6747,R4_F4_m4f4_P4_Y1_UO133,R4_F4_m-1f-1_P4_Y-1_U70,R4_F4_m-1f-1_P4_Y-1_U14,MXY,2,80.7247198988099,1,0,0.0,0,0,0,-9999.0,0.5,1,P3_CV0,2,1,1,1,1
4,2539041.489,728416.6747,R4_F4_m4f4_P4_Y1_UO487,R4_F4_m-1f-1_P4_Y-1_U53,R4_F4_m-1f-1_P4_Y-1_U51,FXX,2,80.7247198988099,1,0,1.756,0,0,0,-9999.0,0.5,1,P3_CV0,2,2,0,1,1
4,2539041.489,728416.6747,R4_F4_m4f4_P4_Y1_UO144,R4_F4_m-1f-1_P4_Y-1_U60,R4_F4_m-1f-1_P4_Y-1_U0,FXX,2,80.7247198988099,1,0,2.615,0,0,0,-9999.0,0.75,1,P3_CV0,2,1,1,0,2
4,2539041.489,728416.6747,R4_F4_m4f4_P4_Y1_UO236,R4_F4_m-1f-1_P4_Y-1_U54,R4_F4_m-1f-1_P4_Y-1_U2,FXX,2,80.7247198988099,1,0,0.0,0,0,0,-9999.0,0.25,1,P3_CV0,2,0,2,0,2
4,2539041.489,728416.6747,R4_F4_m4f4_P4_Y1_UO128,R4_F4_m-1f-1_P4_Y-1_U60,R4_F4_m-1f-1_P4_Y-1_U13,FXX,2,80.7247198988099,1,0,1.0,0,0,0,-9999.0,1.0,1,P3_CV0,2,2,0,0,2
4,2539041.489,728416.6747,R4_F4_m4f4_P4_Y1_UO129,R4_F4_m-1f-1_P4_Y-1_U60,R4_F4_m-1f-1_P4_Y-1_U13,FXX,2,80.7247198988099,1,0,1.538,0,0,0,-9999.0,1.0,1,P3_CV0,2,1,1,1,1
4,2539041.489,728416.6747,R4_F4_m4f4_P4_Y1_UO78,RD4_F4_m-1f-1_P4_Y-1_U114,R4_F4_m-1f-1_P4_Y-1_U8,MXY,2,80.7247198988099,1,0,0.0,0,0,0,-9999.0,0.0,1,P3_CV0,2,2,0,1,1
4,2539041.489,728416.6747,R4_F4_m4f4_P4_Y1_UO145,R4_F4_m-1f-1_P4_Y-1_U60,R4_F4_m-1f-1_P4_Y-1_U0,MXY,2,80.7247198988099,1,0,0.0,0,0,0,-9999.0,0.75,1,P3_CV0,2,2,0,2,0
4,2539041.489,728416.6747,R4_F4_m4f4_P4_Y1_UO451,R4_F4_m-1f-1_P4_Y-1_U63,R4_F4_m-1f-1_P4_Y-1_U13,MXY,2,80.7247198988099,1,0,0.0,0,0,0,-9999.0,1.0,1,P3_CV0,2,1,1,0,2
4,2539041.489,728416.6747,R4_F4_m4f4_P4_Y1_UO248,R4_F4_m-1f-1_P4_Y-1_U97,R4_F4_m-1f-1_P4_Y-1_U39,MXY,2,80.7247198988099,1,0,0.0,0,0,0,-9999.0,0.75,1,P3_CV0,2,2,0,2,0
4,2539041.489,728416.6747,R4_F4_m4f4_P4_Y1_UO3,R4_F4_m-1f-1_P4_Y-1_U84,R4_F4_m-1f-1_P4_Y-1_U35,FXX,2,80.7247198988099,1,0,0.0,0,0,0,-9999.0,0.5,1,P3_CV0,2,1,1,2,0
4,2539041.489,728416.6747,R4_F4_m4f4_P4_Y1_UO340,R4_F4_m-1f-1_P4_Y-1_U88,R4_F4_m-1f-1_P4_Y-1_U61,FXX,2,80.7247198988099,1,0,1.0,0,0,0,-9999.0,0.5,1,P3_CV0,2,0,2,2,0
4,2539041.489,728416.6747,R4_F4_m4f4_P4_Y0_UO134,R4_F4_m-1f-1_P4_Y-1_U53,R4_F4_m-1f-1_P4_Y-1_U30,MXY,3,92.17477511124534,1,0,0.0,0,0,0,-9999.0,0.75,1,P3_CV0,2,0,2,1,1
4,2539041.489,728416.6747,R4_F4_m4f4_P4_Y0_UO226,R4_F4_m-1f-1_P4_Y-1_U109,R4_F4_m-1f-1_P4_Y-1_U28,FXX,3,92.17477511124534,1,0,1.237,0,0,0,-9999.0,0.25,1,P3_CV0,2,2,0,2,0
4,2539041.489,728416.6747,R4_F4_m4f4_P4_Y0_UO40,R4_F4_m-1f-1_P4_Y-1_U98,R4_F4_m-1f-1_P4_Y-1_U14,MXY,3,92.17477511124534,1,0,0.0,0,0,0,-9999.0,0.25,1,P3_CV0,2,1,1,1,1
4,2539041.489,728416.6747,R4_F4_m4f4_P4_Y0_UO253,R4_F4_m-1f-1_P4_Y-1_U87,R4_F4_m-1f-1_P4_Y-1_U111,FXX,3,92.17477511124534,1,0,2.211,0,0,0,-9999.0,1.0,1,P3_CV0,2,1,1,1,1
4,2539041.489,728416.6747,R4_F4_m4f4_P4_Y0_UO571,R4_F4_m-1f-1_P4_Y-1_U37,R4_F4_m-1f-1_P4_Y-1_U82,MXY,3,92.17477511124534,1,0,0.0,0,0,0,-9999.0,1.0,1,P3_CV0,2,1,1,1,1
4,2539041.489,728416.6747,R4_F4_m4f4_P4_Y0_UO136,R4_F4_m-1f-1_P4_Y-1_U53,R4_F4_m-1f-1_P4_Y-1_U30,MXY,3,92.17477511124534,1,0,0.0,0,0,0,-9999.0,0.75,1,P3_CV0,2,1,1,1,1
4,2539041.489,728416.6747,R4_F4_m4f4_P4_Y0_UO531,R4_F4_m-1f-1_P4_Y-1_U81,R4_F4_m-1f-1_P4_Y-1_U11,MXY,3,92.17477511124534,1,0,0.0,0,0,0,-9999.0,0.5,1,P3_CV0,2,1,1,1,1
4,2539041.489,728416.6747,R4_F4_m4f4_P4_Y0_UO431,R4_F4_m-1f-1_P4_Y-1_U53,R4_F4_m-1f-1_P4_Y-1_U28,MXY,3,92.18960704151172,1,0,0.0,0,0,0,-9999.0,0.25,1,P3_CV0,2,0,2,1,1
4,2539041.489,728416.6747,R4_F4_m4f4_P4_Y0_UO553,R4_F4_m-1f-1_P4_Y-1_U93,R4_F4_m-1f-1_P4_Y-1_U118,FXX,3,92.17477511124534,1,0,0.0,0,0,0,-9999.0,0.5,1,P3_CV0,2,2,0,0,2
4,2539041.489,728416.6747,R4_F4_m4f4_P4_Y0_UO200,R4_F4_m-1f-1_P4_Y-1_U114,R4_F4_m-1f-1_P4_Y-1_U30,FXX,3,92.17477511124534,1,0,0.0,0,0,0,-9999.0,0.5,1,P3_CV0,2,2,0,2,0
4,2539041.489,728416.6747,R4_F4_m4f4_P4_Y0_UO569,R4_F4_m-1f-1_P4_Y-1_U37,R4_F4_m-1f-1_P4_Y-1_U82,FXX,3,92.17477511124534,1,0,2.23,0,0,0,-9999.0,1.0,1,P3_CV0,2,0,2,1,1
4,2539041.489,728416.6747,R4_F4_m4f4_P4_Y0_UO121,R4_F4_m-1f-1_P4_Y-1_U55,R4_F4_m-1f-1_P4_Y-1_U91,MXY,3,92.17477511124534,1,0,0.0,0,0,0,-9999.0,0.25,1,P3_CV0,2,0,2,2,0
4,2539041.489,728416.6747,R4_F4_m4f4_P4_Y0_UO391,R4_F4_m-1f-1_P4_Y-1_U10,R4_F4_m-1f-1_P4_Y-1_U68,MXY,3,92.17477511124534,1,0,0.0,0,0,0,-9999.0,0.5,1,P3_CV0,2,1,1,1,1
4,2539041.489,728416.6747,R4_F4_m4f4_P4_Y0_UO532,R4_F4_m-1f-1_P4_Y-1_U81,R4_F4_m-1f-1_P4_Y-1_U11,MXY,3,92.17477511124534,1,0,0.0,0,0,0,-9999.0,0.5,1,P3_CV0,2,1,1,0,2
4,2539041.489,728416.6747,R4_F4_m4f4_P4_Y0_UO254,R4_F4_m-1f-1_P4_Y-1_U87,R4_F4_m-1f-1_P4_Y-1_U111,MXY,3,92.17477511124534,1,0,0.0,0,0,0,-9999.0,1.0,1,P3_CV0,2,1,1,1,1
4,2539041.489,728416.6747,R4_F4_m4f4_P4_Y0_UO198,R4_F4_m-1f-1_P4_Y-1_U113,R4_F4_m-1f-1_P4_Y-1_U90,MXY,3,92.18960704151172,1,0,0.0,0,0,0,-9999.0,0.5,1,P3_CV0,2,2,0,1,1
4,2539041.489,728416.6747,R4_F4_m4f4_P4_Y0_UO568,R4_F4_m-1f-1_P4_Y-1_U37,R4_F4_m-1f-1_P4_Y-1_U82,FXX,3,92.17477511124534,1,0,1.201,0,0,0,-9999.0,1.0,1,P3_CV0,2,1,1,1,1
4,2539041.489,728416.6747,R4_F4_m4f4_P4_Y0_UO413,R4_F4_m-1f-1_P4_Y-1_U12,R4_F4_m-1f-1_P4_Y-1_U68,MXY,3,92.17477511124534,1,0,0.0,0,0,0,-9999.0,0.25,1,P3_CV0,2,1,1,0,2
4,2539041.489,728416.6747,R4_F4_m4f4_P4_Y0_UO572,R4_F4_m-1f-1_P4_Y-1_U37,R4_F4_m-1f-1_P4_Y-1_U82,MXY,3,92.17477511124534,1,0,0.0,0,0,0,-9999.0,1.0,1,P3_CV0,2,2,0,0,2
4,2539041.489,728416.6747,R4_F4_m4f4_P4_Y0_UO556,R4_F4_m-1f-1_P4_Y-1_U93,R4_F4_m-1f-1_P4_Y-1_U118,MXY,3,92.17477511124534,1,0,0.0,0,0,0,-9999.0,0.5,1,P3_CV0,2,1,1,1,1
4,2539041.489,728416.6747,R4_F4_m4f4_P4_Y0_UO84,R4_F4_m-1f-1_P4_Y-1_U97,R4_F4_m-1f-1_P4_Y-1_U0,FXX,3,92.17477511124534,1,0,1.0,0,0,0,-9999.0,0.75,1,P3_CV0,2,2,0,1,1
4,2539041.489,728416.6747,R4_F4_m4f4_P4_Y0_UO147,R4_F4_m-1f-1_P4_Y-1_U81,R4_F4_m-1f-1_P4_Y-1_U28,FXX,3,92.17477511124534,1,0,1.375,0,0,0,-9999.0,0.25,1,P3_CV0,2,2,0,1,1
4,2539041.489,728416.6747,R4_F4_m4f4_P4_Y0_UO199,R4_F4_m-1f-1_P4_Y-1_U113,R4_F4_m-1f-1_P4_Y-1_U90,MXY,3,92.17477511124534,1,0,0.0,0,0,0,-9999.0,0.5,1,P3_CV0,2,1,1,0,2
4,2539041.489,728416.6747,R4_F4_m4f4_P4_Y0_UO41,R4_F4_m-1f-1_P4_Y-1_U98,R4_F4_m-1f-1_P4_Y-1_U14,FXX,3,92.17477511124534,1,0,0.0,0,0,0,-9999.0,0.25,1,P3_CV0,2,1,1,2,0
4,2539041.489,728416.6747,R4_F4_m4f4_P4_Y0_UO255,R4_F4_m-1f-1_P4_Y-1_U87,R4_F4_m-1f-1_P4_Y-1_U111,FXX,3,92.17477511124534,1,0,1.591,0,0,0,-9999.0,1.0,1,P3_CV0,2,2,0,1,1
4,2539041.489,728416.6747,R4_F4_m4f4_P4_Y0_UO251,R4_F4_m-1f-1_P4_Y-1_U87,R4_F4_m-1f-1_P4_Y-1_U111,FXX,3,92.17477511124534,1,0,2.006,0,0,0,-9999.0,1.0,1,P3_CV0,2,1,1,1,1
4,2539041.489,728416.6747,R4_F4_m4f4_P4_Y0_UO187,R4_F4_m-1f-1_P4_Y-1_U98,R4_F4_m-1f-1_P4_Y-1_U14,MXY,3,92.17477511124534,1,0,0.0,0,0,0,-9999.0,0.25,1,P3_CV0,2,0,2,1,1
4,2539041.489,728416.6747,R4_F4_m4f4_P4_Y0_UO705,R4_F4_m-1f-1_P4_Y-1_U12,R4_F4_m-1f-1_P4_Y-1_U0,FXX,3,92.17477511124534,1,0,1.473,0,0,0,-9999.0,0.5,1,P3_CV0,2,1,1,1,1
4,2539041.489,728416.6747,R4_F4_m4f4_P4_Y0_UO17,R4_F4_m-1f-1_P4_Y-1_U114,R4_F4_m-1f-1_P4_Y-1_U11,FXX,3,92.17477511124534,1,0,1.486,0,0,0,-9999.0,0.25,1,P3_CV0,2,2,0,2,0
4,2539041.489,728416.6747,R4_F4_m4f4_P4_Y0_UO573,R4_F4_m-1f-1_P4_Y-1_U37,R4_F4_m-1f-1_P4_Y-1_U82,MXY,3,92.17477511124534,1,0,0.0,0,0,0,-9999.0,1.0,1,P3_CV0,2,1,1,1,1
4,2539041.489,728416.6747,R4_F4_m4f4_P4_Y0_UO272,R4_F4_m-1f-1_P4_Y-1_U87,R4_F4_m-1f-1_P4_Y-1_U52,MXY,3,92.17477511124534,1,0,0.0,0,0,0,-9999.0,0.75,1,P3_CV0,2,1,1,0,2
4,2539041.489,728416.6747,R4_F4_m4f4_P4_Y0_UO669,R4_F4_m-1f-1_P4_Y-1_U87,R4_F4_m-1f-1_P4_Y-1_U30,FXX,3,92.17477511124534,1,0,0.0,0,0,0,-9999.0,1.0,1,P3_CV0,2,1,1,2,0
4,2539041.489,728416.6747,R4_F4_m-1f-1_P4_Y-1_U29,-9999,-9999,FXX,4,102.1202357920739,1,0,2.072,0,0,0,-9999.0,0.5,1,P3_CV0,2,1,1,2,0
4,2539041.489,728416.6747,R4_F4_m-1f-1_P4_Y-1_U9,-9999,-9999,FXX,4,102.1202357920739,1,0,3.045,0,0,0,-9999.0,0.5,1,P3_CV0,2,1,1,2,0
4,2539041.489,728416.6747,R4_F4_m-1f-1_P4_Y-1_U127,-9999,-9999,FXX,4,102.1202357920739,1,0,2.374,0,0,0,-9999.0,0.5,1,P3_CV0,2,1,1,0,2
4,2539041.489,728416.6747,R4_F4_m-1f-1_P4_Y-1_U80,-9999,-9999,MXY,4,102.1202357920739,1,0,0.0,0,0,0,-9999.0,0.5,1,P3_CV0,2,1,1,1,1
4,2539041.489,728416.6747,R4_F4_m-1f-1_P4_Y-1_U42,-9999,-9999,FXX,4,102.1202357920739,1,0,0.0,0,0,0,-9999.0,0.5,1,P3_CV0,2,1,1,0,2
4,2539041.489,728416.6747,R4_F4_m-1f-1_P4_Y-1_U88,-9999,-9999,FXX,4,102.1202357920739,1,0,0.0,0,0,0,-9999.0,0.5,1,P3_CV0,2,1,1,0,2
4,2539041.489,728416.6747,R4_F4_m-1f-1_P4_Y-1_U48,-9999,-9999,MXY,4,102.1202357920739,1,0,0.0,0,0,0,-9999.0,1.0,1,P3_CV0,2,2,0,0,2
4,2539041.489,728416.6747,R4_F4_m-1f-1_P4_Y-1_U16,-9999,-9999,FXX,4,102.1202357920739,1,0,0.0,0,0,0,-9999.0,1.0,1,P3_CV0,2,2,0,0,2
4,2539041.489,728416.6747,R4_F4_m-1f-1_P4_Y-1_U62,-9999,-9999,MXY,4,102.1202357920739,1,0,0.0,0,0,0,-9999.0,0.5,1,P3_CV0,2,1,1,0,2
4,2539041.489,728416.6747,R4_F4_m-1f-1_P4_Y-1_U121,-9999,-9999,MXY,4,102.1202357920739,1,0,0.0,0,0,0,-9999.0,0.5,1,P3_CV0,2,1,1,1,1
4,2539041.489,728416.6747,R4_F4_m-1f-1_P4_Y-1_U112,-9999,-9999,FXX,4,102.1202357920739,1,0,3.442,0,0,0,-9999.0,0.5,1,P3_CV0,2,1,1,1,1
4,2539041.489,728416.6747,R4_F4_m-1f-1_P4_Y-1_U76,-9999,-9999,MXY,4,102.1338755993642,1,0,0.0,0,0,0,-9999.0,1.0,1,P3_CV0,2,2,0,1,1
4,2539041.489,728416.6747,R4_F4_m-1f-1_P4_Y-1_U13,-9999,-9999,MXY,5,112.45276768524569,1,0,0.0,0,0,0,-9999.0,1.0,1,P3_CV0,2,2,0,2,0
4,2539041.489,728416.6747,R4_F4_m-1f-1_P4_Y-1_U64,-9999,-9999,FXX,5,106.21976768524569,1,0,0.0,0,0,0,-9999.0,1.0,1,P3_CV0,2,2,0,0,2
4,2539041.489,728416.6747,R4_F4_m-1f-1_P4_Y-1_U118,-9999,-9999,MXY,5,109.11776768524568,1,0,0.0,0,0,0,-9999.0,0.5,1,P3_CV0,2,1,1,0,2
4,2539041.489,728416.6747,R4_F4_m-1f-1_P4_Y-1_U56,-9999,-9999,MXY,5,108.40476768524569,1,0,0.0,0,0,0,-9999.0,0.0,1,P3_CV0,2,0,2,0,2
4,2539041.489,728416.6747,I4_F7_m-1f-1_P4_Y-1_U63,-9999,-9999,FXX,5,110.02031679846024,1,0,1.231,0,0,0,-9999.0,1.0,1,P3_CV0,2,2,0,1,1
4,2539041.489,728416.6747,R4_F4_m-1f-1_P4_Y-1_U59,-9999,-9999,FXX,5,117.96076768524568,1,0,1.533,0,0,0,-9999.0,0.5,1,P3_CV0,2,1,1,1,1
4,2539041.489,728416.6747,R4_F4_m-1f-1_P4_Y-1_U2,-9999,-9999,MXY,5,118.75376768524568,1,0,0.0,0,0,0,-9999.0,0.0,1,P3_CV0,2,0,2,1,1
4,2539041.489,728416.6747,R4_F4_m4f4_P4_Y2_UO64,R4_F4_m4f4_P4_Y0_UO41,RD4_F5_m-1f-1_P5_Y-1_U55,FXX,1,54.735164458298435,0,0,0.0,0,0,0,-9999.0,0.125,1,P4_CV0,2,0,2,1,1
4,2539041.489,728416.6747,R4_F4_m4f4_P4_Y2_UO65,R4_F4_m4f4_P4_Y0_UO41,RD4_F5_m-1f-1_P5_Y-1_U55,FXX,1,54.735164458298435,0,0,0.0,0,0,0,-9999.0,0.125,1,P4_CV0,2,1,1,1,1
4,2539041.489,728416.6747,R4_F4_m4f4_P4_Y2_UO66,R4_F4_m4f4_P4_Y0_UO41,RD4_F5_m-1f-1_P5_Y-1_U55,MXY,1,54.735164458298435,0,0,0.0,0,0,0,-9999.0,0.125,1,P4_CV0,2,1,1,1,1
4,2539041.489,728416.6747,R4_F4_m5f5_P5_Y1_UO528,R5_F5_m-1f-1_P5_Y-1_U2,R5_F5_m-1f-1_P5_Y-1_U40,FXX,2,80.73160562963672,1,0,2.604,0,0,0,-9999.0,1.0,1,P4_CV0,2,2,0,2,0
5,2535011.582,720257.8531,RD5_F1_m1f1_P1_Y2_UO135,R1_F1_m-1f-1_P1_Y-1_U103,R1_F1_m-1f-1_P1_Y-1_U125,FXX,1,50.766048978967376,0,0,0.0,0,0,0,-9999.0,0.5,1,P0_CV0,3,1,1,0,2
5,2535011.582,720257.8531,R5_F5_m5f5_P5_Y1_UO110,RD5_F2_m-1f-1_P2_Y-1_U55,R5_F5_m-1f-1_P5_Y-1_U66,FXX,2,78.21719004190751,1,0,1.216,0,0,0,-9999.0,0.25,1,P1_CV0,3,1,1,2,0
5,2535011.582,720257.8531,R5_F5_m5f5_P5_Y2_UO42,R5_F5_m5f5_P5_Y0_UO445,R5_F5_m5f5_P5_Y0_UO191,MXY,1,50.748839944850815,0,0,0.0,0,0,0,-9999.0,0.375,1,P4_CV0,3,2,0,2,0
5,2535011.582,720257.8531,R5_F5_m5f5_P5_Y2_UO43,R5_F5_m5f5_P5_Y0_UO445,R5_F5_m5f5_P5_Y0_UO191,MXY,1,50.748839944850815,0,0,0.0,0,0,0,-9999.0,0.375,1,P4_CV0,3,1,1,1,1
5,2535011.582,720257.8531,R5_F5_m5f5_P5_Y2_UO68,R5_F5_m-1f-1_P5_Y-1_U120,R5_F5_m-1f-1_P5_Y-1_U38,MXY,1,50.748839944850815,0,0,0.0,0,0,0,-9999.0,0.75,1,P4_CV0,3,1,1,1,1
5,2535011.582,720257.8531,R5_F5_m5f5_P5_Y2_UO69,R5_F5_m-1f-1_P5_Y-1_U120,R5_F5_m-1f-1_P5_Y-1_U38,FXX,1,50.748839944850815,0,0,0.0,0,0,0,-9999.0,0.75,1,P4_CV0,3,2,0,1,1
5,2535011.582,720257.8531,R5_F5_m5f5_P5_Y2_UO70,R5_F5_m-1f-1_P5_Y-1_U120,R5_F5_m-1f-1_P5_Y-1_U38,FXX,1,50.748839944850815,0,0,0.0,0,0,0,-9999.0,0.75,1,P4_CV0,3,1,1,1,1
5,2535011.582,720257.8531,R5_F5_m5f5_P5_Y2_UO71,R5_F5_m-1f-1_P5_Y-1_U120,R5_F5_m-1f-1_P5_Y-1_U38,FXX,1,50.748839944850815,0,0,0.0,0,0,0,-9999.0,0.75,1,P4_CV0,3,1,1,1,1
5,2535011.582,720257.8531,R5_F5_m5f5_P5_Y2_UO72,R5_F5_m-1f-1_P5_Y-1_U120,R5_F5_m-1f-1_P5_Y-1_U38,MXY,1,50.748839944850815,0,0,0.0,0,0,0,-9999.0,0.75,1,P4_CV0,3,1,1,1,1
5,2535011.582,720257.8531,R5_F5_m5f5_P5_Y2_UO73,R5_F5_m-1f-1_P5_Y-1_U120,R5_F5_m-1f-1_P5_Y-1_U38,FXX,1,50.748839944850815,0,0,0.0,0,0,0,-9999.0,0.75,1,P4_CV0,3,2,0,1,1
5,2535011.582,720257.8531,R5_F5_m5f5_P5_Y2_UO74,R5_F5_m-1f-1_P5_Y-1_U120,R5_F5_m-1f-1_P5_Y-1_U38,FXX,1,50.748839944850815,0,0,0.0,0,0,0,-9999.0,0.75,1,P4_CV0,3,1,1,1,1
5,2535011.582,720257.8531,R5_F5_m5f5_P5_Y2_UO75,R5_F5_m-1f-1_P5_Y-1_U120,R5_F5_m-1f-1_P5_Y-1_U38,MXY,1,50.748839944850815,0,0,0.0,0,0,0,-9999.0,0.75,1,P4_CV0,3,1,1,1,1
5,2535011.582,720257.8531,R5_F5_m5f5_P5_Y2_UO76,R5_F5_m-1f-1_P5_Y-1_U115,R5_F5_m5f5_P5_Y0_UO79,FXX,1,50.748839944850815,0,0,0.0,0,0,0,-9999.0,0.625,1,P4_CV0,3,2,0,1,1
5,2535011.582,720257.8531,R5_F5_m5f5_P5_Y2_UO88,R5_F5_m5f5_P5_Y0_UO445,R5_F5_m-1f-1_P5_Y-1_U86,FXX,1,50.748839944850815,0,0,0.0,0,0,0,-9999.0,0.375,1,P4_CV0,3,2,0,2,0
5,2535011.582,720257.8531,R5_F5_m5f5_P5_Y2_UO89,R5_F5_m5f5_P5_Y0_UO445,R5_F5_m-1f-1_P5_Y-1_U86,FXX,1,50.748839944850815,0,0,0.0,0,0,0,-9999.0,0.375,1,P4_CV0,3,1,1,1,1
5,2535011.582,720257.8531,R5_F5_m5f5_P5_Y2_UO109,R5_F5_m5f5_P5_Y0_UO95,R5_F5_m5f5_P5_Y0_UO398,MXY,1,50.748839944850815,0,0,0.0,0,0,0,-9999.0,0.625,1,P4_CV0,3,1,1,1,1
5,2535011.582,720257.8531,R5_F5_m5f5_P5_Y2_UO110,R5_F5_m5f5_P5_Y0_UO95,R5_F5_m5f5_P5_Y0_UO398,FXX,1,50.748839944850815,0,0,0.0,0,0,0,-9999.0,0.625,1,P4_CV0,3,2,0,1,1
5,2535011.582,720257.8531,R5_F5_m5f5_P5_Y2_UO111,R5_F5_m5f5_P5_Y0_UO95,R5_F5_m5f5_P5_Y0_UO398,FXX,1,50.748839944850815,0,0,0.0,0,0,0,-9999.0,0.625,1,P4_CV0,3,2,0,1,1
5,2535011.582,720257.8531,R5_F5_m5f5_P5_Y2_UO199,R5_F5_m5f5_P5_Y0_UO99,R5_F5_m5f5_P5_Y0_UO82,FXX,1,50.748839944850815,0,0,0.0,0,0,0,-9999.0,0.5,1,P4_CV0,3,0,2,1,1
5,2535011.582,720257.8531,R5_F5_m5f5_P5_Y2_UO206,R5_F5_m-1f-1_P5_Y-1_U127,I5_F7_m-1f-1_P5_Y-1_U124,MXY,1,50.748839944850815,0,0,0.0,0,0,0,-9999.0,0.0,1,P4_CV0,3,0,2,2,0
5,2535011.582,720257.8531,R5_F5_m5f5_P5_Y2_UO207,R5_F5_m-1f-1_P5_Y-1_U127,I5_F7_m-1f-1_P5_Y-1_U124,FXX,1,50.748839944850815,0,0,0.0,0,0,0,-9999.0,0.0,1,P4_CV0,3,0,2,2,0
5,2535011.582,720257.8531,R5_F5_m5f5_P5_Y2_UO208,R5_F5_m-1f-1_P5_Y-1_U127,I5_F7_m-1f-1_P5_Y-1_U124,FXX,1,50.748839944850815,0,0,0.0,0,0,0,-9999.0,0.0,1,P4_CV0,3,0,2,2,0
5,2535011.582,720257.8531,R5_F5_m5f5_P5_Y2_UO209,R5_F5_m-1f-1_P5_Y-1_U127,I5_F7_m-1f-1_P5_Y-1_U124,FXX,1,50.748839944850815,0,0,0.0,0,0,0,-9999.0,0.0,1,P4_CV0,3,0,2,2,0
5,2535011.582,720257.8531,R5_F5_m5f5_P5_Y2_UO210,R5_F5_m-1f-1_P5_Y-1_U127,I5_F7_m-1f-1_P5_Y-1_U124,MXY,1,50.748839944850815,0,0,0.0,0,0,0,-9999.0,0.0,1,P4_CV0,3,0,2,2,0
5,2535011.582,720257.8531,R5_F5_m5f5_P5_Y2_UO219,R5_F5_m5f5_P5_Y0_UO214,R5_F5_m-1f-1_P5_Y-1_U60,FXX,1,50.748839944850815,0,0,0.0,0,0,0,-9999.0,0.25,1,P4_CV0,3,0,2,1,1
5,2535011.582,720257.8531,R5_F5_m5f5_P5_Y2_UO220,R5_F5_m5f5_P5_Y0_UO214,R5_F5_m-1f-1_P5_Y-1_U60,MXY,1,50.748839944850815,0,0,0.0,0,0,0,-9999.0,0.25,1,P4_CV0,3,0,2,1,1
5,2535011.582,720257.8531,R5_F5_m5f5_P5_Y2_UO221,R5_F5_m5f5_P5_Y0_UO214,R5_F5_m-1f-1_P5_Y-1_U60,FXX,1,50.748839944850815,0,0,0.0,0,0,0,-9999.0,0.25,1,P4_CV0,3,0,2,1,1
5,2535011.582,720257.8531,R5_F5_m5f5_P5_Y2_UO247,R5_F5_m-1f-1_P5_Y-1_U42,R5_F5_m5f5_P5_Y0_UO79,MXY,1,50.748839944850815,0,0,0.0,0,0,0,-9999.0,0.375,1,P4_CV0,3,2,0,1,1
5,2535011.582,720257.8531,R5_F5_m5f5_P5_Y2_UO248,R5_F5_m-1f-1_P5_Y-1_U42,R5_F5_m5f5_P5_Y0_UO79,FXX,1,50.748839944850815,0,0,0.0,0,0,0,-9999.0,0.375,1,P4_CV0,3,1,1,1,1
5,2535011.582,720257.8531,R5_F5_m5f5_P5_Y2_UO249,R5_F5_m-1f-1_P5_Y-1_U42,R5_F5_m5f5_P5_Y0_UO79,FXX,1,50.748839944850815,0,0,0.0,0,0,0,-9999.0,0.375,1,P4_CV0,3,1,1,1,1
5,2535011.582,720257.8531,R5_F5_m5f5_P5_Y2_UO253,R5_F5_m-1f-1_P5_Y-1_U35,R5_F5_m-1f-1_P5_Y-1_U3,MXY,1,50.748839944850815,0,0,0.0,0,0,0,-9999.0,0.5,1,P4_CV0,3,1,1,1,1
5,2535011.582,720257.8531,R5_F5_m5f5_P5_Y2_UO254,R5_F5_m-1f-1_P5_Y-1_U35,R5_F5_m-1f-1_P5_Y-1_U3,FXX,1,50.748839944850815,0,0,0.0,0,0,0,-9999.0,0.5,1,P4_CV0,3,1,1,0,2
5,2535011.582,720257.8531,R5_F5_m5f5_P5_Y2_UO255,R5_F5_m-1f-1_P5_Y-1_U35,R5_F5_m-1f-1_P5_Y-1_U3,MXY,1,50.748839944850815,0,0,0.0,0,0,0,-9999.0,0.5,1,P4_CV0,3,1,1,1,1
5,2535011.582,720257.8531,R5_F5_m5f5_P5_Y2_UO256,R5_F5_m-1f-1_P5_Y-1_U35,R5_F5_m-1f-1_P5_Y-1_U3,FXX,1,50.748839944850815,0,0,0.0,0,0,0,-9999.0,0.5,1,P4_CV0,3,1,1,1,1
5,2535011.582,720257.8531,R5_F5_m5f5_P5_Y2_UO257,R5_F5_m-1f-1_P5_Y-1_U35,R5_F5_m-1f-1_P5_Y-1_U3,FXX,1,50.748839944850815,0,0,0.0,0,0,0,-9999.0,0.5,1,P4_CV0,3,1,1,0,2
5,2535011.582,720257.8531,R5_F5_m5f5_P5_Y2_UO258,R5_F5_m-1f-1_P5_Y-1_U35,R5_F5_m-1f-1_P5_Y-1_U3,FXX,1,50.748839944850815,0,0,0.0,0,0,0,-9999.0,0.5,1,P4_CV0,3,1,1,1,1
5,2535011.582,720257.8531,R5_F5_m5f5_P5_Y2_UO266,R5_F5_m-1f-1_P5_Y-1_U42,R5_F5_m5f5_P5_Y0_UO194,FXX,1,50.748839944850815,0,0,0.0,0,0,0,-9999.0,0.5,1,P4_CV0,3,0,2,2,0
5,2535011.582,720257.8531,R5_F5_m5f5_P5_Y2_UO267,R5_F5_m-1f-1_P5_Y-1_U42,R5_F5_m5f5_P5_Y0_UO194,FXX,1,50.748839944850815,0,0,0.0,0,0,0,-9999.0,0.5,1,P4_CV0,3,1,1,2,0
5,2535011.582,720257.8531,R5_F5_m5f5_P5_Y2_UO268,R5_F5_m-1f-1_P5_Y-1_U42,R5_F5_m5f5_P5_Y0_UO194,FXX,1,50.748839944850815,0,0,0.0,0,0,0,-9999.0,0.5,1,P4_CV0,3,0,2,1,1
5,2535011.582,720257.8531,R5_F5_m5f5_P5_Y2_UO269,R5_F5_m-1f-1_P5_Y-1_U42,R5_F5_m5f5_P5_Y0_UO194,FXX,1,50.748839944850815,0,0,0.0,0,0,0,-9999.0,0.5,1,P4_CV0,3,1,1,1,1
5,2535011.582,720257.8531,R5_F5_m5f5_P5_Y2_UO270,R5_F5_m-1f-1_P5_Y-1_U42,R5_F5_m5f5_P5_Y0_UO194,FXX,1,50.748839944850815,0,0,0.0,0,0,0,-9999.0,0.5,1,P4_CV0,3,1,1,2,0
5,2535011.582,720257.8531,R5_F5_m5f5_P5_Y2_UO271,R5_F5_m5f5_P5_Y0_UO246,R5_F5_m-1f-1_P5_Y-1_U57,MXY,1,50.748839944850815,0,0,0.0,0,0,0,-9999.0,0.125,1,P4_CV0,3,0,2,1,1
5,2535011.582,720257.8531,R5_F5_m5f5_P5_Y2_UO272,R5_F5_m5f5_P5_Y0_UO246,R5_F5_m-1f-1_P5_Y-1_U57,MXY,1,50.748839944850815,0,0,0.0,0,0,0,-9999.0,0.125,1,P4_CV0,3,0,2,1,1
5,2535011.582,720257.8531,R5_F5_m5f5_P5_Y2_UO290,R5_F5_m-1f-1_P5_Y-1_U127,R5_F5_m5f5_P5_Y0_UO151,MXY,1,50.748839944850815,0,0,0.0,0,0,0,-9999.0,0.25,1,P4_CV0,3,1,1,1,1
5,2535011.582,720257.8531,R5_F5_m5f5_P5_Y2_UO291,R5_F5_m-1f-1_P5_Y-1_U127,R5_F5_m5f5_P5_Y0_UO151,FXX,1,50.748839944850815,0,0,0.0,0,0,0,-9999.0,0.25,1,P4_CV0,3,1,1,2,0
5,2535011.582,720257.8531,R5_F5_m5f5_P5_Y2_UO292,R5_F5_m-1f-1_P5_Y-1_U127,R5_F5_m5f5_P5_Y0_UO151,FXX,1,50.748839944850815,0,0,0.0,0,0,0,-9999.0,0.25,1,P4_CV0,3,1,1,0,2
5,2535011.582,720257.8531,R5_F5_m5f5_P5_Y2_UO293,R5_F5_m-1f-1_P5_Y-1_U127,R5_F5_m5f5_P5_Y0_UO151,MXY,1,50.748839944850815,0,0,0.0,0,0,0,-9999.0,0.25,1,P4_CV0,3,1,1,2,0
5,2535011.582,720257.8531,R5_F5_m5f5_P5_Y2_UO294,R5_F5_m-1f-1_P5_Y-1_U127,R5_F5_m5f5_P5_Y0_UO151,MXY,1,50.748839944850815,0,0,0.0,0,0,0,-9999.0,0.25,1,P4_CV0,3,1,1,0,2
5,2535011.582,720257.8531,R5_F5_m5f5_P5_Y2_UO295,R5_F5_m-1f-1_P5_Y-1_U127,R5_F5_m5f5_P5_Y0_UO151,MXY,1,50.748839944850815,0,0,0.0,0,0,0,-9999.0,0.25,1,P4_CV0,3,1,1,2,0
5,2535011.582,720257.8531,R5_F5_m5f5_P5_Y2_UO296,R5_F5_m-1f-1_P5_Y-1_U127,R5_F5_m5f5_P5_Y0_UO151,FXX,1,50.748839944850815,0,0,0.0,0,0,0,-9999.0,0.25,1,P4_CV0,3,1,1,1,1
5,2535011.582,720257.8531,R5_F5_m5f5_P5_Y2_UO297,R5_F5_m5f5_P5_Y0_UO65,R5_F5_m-1f-1_P5_Y-1_U38,MXY,1,50.748839944850815,0,0,0.0,0,0,0,-9999.0,0.625,1,P4_CV0,3,1,1,0,2
5,2535011.582,720257.8531,R5_F5_m5f5_P5_Y2_UO298,R5_F5_m5f5_P5_Y0_UO65,R5_F5_m-1f-1_P5_Y-1_U38,MXY,1,50.748839944850815,0,0,0.0,0,0,0,-9999.0,0.625,1,P4_CV0,3,2,0,0,2
5,2535011.582,720257.8531,R5_F5_m5f5_P5_Y2_UO299,R5_F5_m5f5_P5_Y0_UO65,R5_F5_m-1f-1_P5_Y-1_U38,FXX,1,50.748839944850815,0,0,0.0,0,0,0,-9999.0,0.625,1,P4_CV0,3,1,1,0,2
5,2535011.582,720257.8531,R5_F5_m5f5_P5_Y2_UO311,R5_F5_m-1f-1_P5_Y-1_U42,R5_F5_m5f5_P5_Y0_UO222,FXX,1,50.748839944850815,0,0,0.0,0,0,0,-9999.0,0.625,1,P4_CV0,3,1,1,1,1
5,2535011.582,720257.8531,R5_F5_m5f5_P5_Y2_UO312,R5_F5_m-1f-1_P5_Y-1_U42,R5_F5_m5f5_P5_Y0_UO222,FXX,1,50.748839944850815,0,0,0.0,0,0,0,-9999.0,0.625,1,P4_CV0,3,2,0,1,1
5,2535011.582,720257.8531,R5_F5_m5f5_P5_Y2_UO313,R5_F5_m-1f-1_P5_Y-1_U42,R5_F5_m5f5_P5_Y0_UO222,MXY,1,50.748839944850815,0,0,0.0,0,0,0,-9999.0,0.625,1,P4_CV0,3,1,1,2,0
5,2535011.582,720257.8531,R5_F5_m5f5_P5_Y2_UO334,R5_F5_m5f5_P5_Y0_UO214,R5_F5_m-1f-1_P5_Y-1_U86,MXY,1,50.748839944850815,0,0,0.0,0,0,0,-9999.0,0.5,1,P4_CV0,3,0,2,0,2
5,2535011.582,720257.8531,R5_F5_m5f5_P5_Y2_UO335,R5_F5_m5f5_P5_Y0_UO95,R5_F5_m-1f-1_P5_Y-1_U57,MXY,1,50.748839944850815,0,0,0.0,0,0,0,-9999.0,0.375,1,P4_CV0,3,1,1,1,1
5,2535011.582,720257.8531,R5_F5_m5f5_P5_Y2_UO336,R5_F5_m5f5_P5_Y0_UO95,R5_F5_m-1f-1_P5_Y-1_U57,MXY,1,50.748839944850815,0,0,0.0,0,0,0,-9999.0,0.375,1,P4_CV0,3,0,2,1,1
5,2535011.582,720257.8531,R5_F5_m5f5_P5_Y2_UO337,R5_F5_m5f5_P5_Y0_UO95,R5_F5_m-1f-1_P5_Y-1_U57,FXX,1,50.748839944850815,0,0,0.0,0,0,0,-9999.0,0.375,1,P4_CV0,3,1,1,1,1
5,2535011.582,720257.8531,R5_F5_m5f5_P5_Y2_UO369,R5_F5_m-1f-1_P5_Y-1_U42,R5_F5_m-1f-1_P5_Y-1_U3,MXY,1,50.748839944850815,0,0,0.0,0,0,0,-9999.0,0.75,1,P4_CV0,3,2,0,0,2
5,2535011.582,720257.8531,R5_F5_m5f5_P5_Y2_UO370,R5_F5_m-1f-1_P5_Y-1_U42,R5_F5_m-1f-1_P5_Y-1_U3,FXX,1,50.748839944850815,0,0,0.0,0,0,0,-9999.0,0.75,1,P4_CV0,3,1,1,0,2
5,2535011.582,720257.8531,R5_F5_m5f5_P5_Y2_UO371,R5_F5_m-1f-1_P5_Y-1_U42,R5_F5_m-1f-1_P5_Y-1_U3,MXY,1,50.748839944850815,0,0,0.0,0,0,0,-9999.0,0.75,1,P4_CV0,3,2,0,1,1
5,2535011.582,720257.8531,R5_F5_m5f5_P5_Y2_UO372,R5_F5_m-1f-1_P5_Y-1_U42,R5_F5_m-1f-1_P5_Y-1_U3,FXX,1,50.748839944850815,0,0,0.0,0,0,0,-9999.0,0.75,1,P4_CV0,3,2,0,0,2
5,2535011.582,720257.8531,R5_F5_m5f5_P5_Y2_UO373,R5_F5_m-1f-1_P5_Y-1_U42,R5_F5_m-1f-1_P5_Y-1_U3,FXX,1,50.748839944850815,0,0,0.0,0,0,0,-9999.0,0.75,1,P4_CV0,3,1,1,0,2
5,2535011.582,720257.8531,R5_F5_m5f5_P5_Y2_UO374,R5_F5_m-1f-1_P5_Y-1_U42,R5_F5_m-1f-1_P5_Y-1_U3,FXX,1,50.748839944850815,0,0,0.0,0,0,0,-9999.0,0.75,1,P4_CV0,3,2,0,0,2
5,2535011.582,720257.8531,R5_F5_m5f5_P5_Y2_UO375,R5_F5_m-1f-1_P5_Y-1_U42,R5_F5_m-1f-1_P5_Y-1_U3,MXY,1,50.748839944850815,0,0,0.0,0,0,0,-9999.0,0.75,1,P4_CV0,3,2,0,0,2
5,2535011.582,720257.8531,R5_F5_m5f5_P5_Y2_UO380,R5_F5_m-1f-1_P5_Y-1_U14,R5_F5_m5f5_P5_Y0_UO377,FXX,1,50.748839944850815,0,0,0.0,0,0,0,-9999.0,0.5,1,P4_CV0,3,2,0,1,1
5,2535011.582,720257.8531,R5_F5_m5f5_P5_Y2_UO381,R5_F5_m-1f-1_P5_Y-1_U14,R5_F5_m5f5_P5_Y0_UO377,MXY,1,50.748839944850815,0,0,0.0,0,0,0,-9999.0,0.5,1,P4_CV0,3,1,1,2,0
5,2535011.582,720257.8531,R5_F5_m5f5_P5_Y2_UO382,R5_F5_m-1f-1_P5_Y-1_U14,R5_F5_m5f5_P5_Y0_UO377,FXX,1,50.748839944850815,0,0,0.0,0,0,0,-9999.0,0.5,1,P4_CV0,3,1,1,2,0
5,2535011.582,720257.8531,R5_F5_m5f5_P5_Y2_UO383,R5_F5_m-1f-1_P5_Y-1_U14,R5_F5_m5f5_P5_Y0_UO377,MXY,1,50.748839944850815,0,0,0.0,0,0,0,-9999.0,0.5,1,P4_CV0,3,1,1,1,1
5,2535011.582,720257.8531,R5_F5_m5f5_P5_Y2_UO384,R5_F5_m-1f-1_P5_Y-1_U14,R5_F5_m5f5_P5_Y0_UO377,FXX,1,50.748839944850815,0,0,0.0,0,0,0,-9999.0,0.5,1,P4_CV0,3,2,0,2,0
5,2535011.582,720257.8531,R5_F5_m5f5_P5_Y2_UO388,R5_F5_m5f5_P5_Y0_UO214,R5_F5_m5f5_P5_Y0_UO120,FXX,1,50.748839944850815,0,0,0.0,0,0,0,-9999.0,0.5,1,P4_CV0,3,1,1,1,1
5,2535011.582,720257.8531,R5_F5_m5f5_P5_Y2_UO389,R5_F5_m5f5_P5_Y0_UO65,R5_F5_m-1f-1_P5_Y-1_U38,MXY,1,50.748839944850815,0,0,0.0,0,0,0,-9999.0,0.625,1,P4_CV0,3,0,2,0,2
5,2535011.582,720257.8531,R5_F5_m5f5_P5_Y2_UO390,R5_F5_m5f5_P5_Y0_UO65,R5_F5_m-1f-1_P5_Y-1_U38,MXY,1,50.748839944850815,0,0,0.0,0,0,0,-9999.0,0.625,1,P4_CV0,3,0,2,0,2
5,2535011.582,720257.8531,R5_F5_m5f5_P5_Y2_UO391,R5_F5_m5f5_P5_Y0_UO65,R5_F5_m-1f-1_P5_Y-1_U38,FXX,1,50.748839944850815,0,0,0.0,0,0,0,-9999.0,0.625,1,P4_CV0,3,1,1,0,2
5,2535011.582,720257.8531,R5_F5_m5f5_P5_Y2_UO392,R5_F5_m5f5_P5_Y0_UO374,R5_F5_m-1f-1_P5_Y-1_U73,FXX,1,50.748839944850815,0,0,0.0,0,0,0,-9999.0,0.25,1,P4_CV0,3,1,1,0,2
5,2535011.582,720257.8531,R5_F5_m5f5_P5_Y2_UO393,R5_F5_m5f5_P5_Y0_UO374,R5_F5_m-1f-1_P5_Y-1_U73,FXX,1,50.748839944850815,0,0,0.0,0,0,0,-9999.0,0.25,1,P4_CV0,3,1,1,1,1
5,2535011.582,720257.8531,R5_F5_m5f5_P5_Y2_UO394,R5_F5_m5f5_P5_Y0_UO374,R5_F5_m-1f-1_P5_Y-1_U73,FXX,1,50.748839944850815,0,0,0.0,0,0,0,-9999.0,0.25,1,P4_CV0,3,1,1,1,1
5,2535011.582,720257.8531,R5_F5_m5f5_P5_Y2_UO395,R5_F5_m5f5_P5_Y0_UO374,R5_F5_m-1f-1_P5_Y-1_U73,MXY,1,50.748839944850815,0,0,0.0,0,0,0,-9999.0,0.25,1,P4_CV0,3,1,1,1,1
5,2535011.582,720257.8531,R5_F5_m5f5_P5_Y2_UO404,R5_F5_m5f5_P5_Y0_UO246,R5_F5_m-1f-1_P5_Y-1_U104,MXY,1,50.748839944850815,0,0,0.0,0,0,0,-9999.0,0.375,1,P4_CV0,3,1,1,0,2
5,2535011.582,720257.8531,R5_F5_m5f5_P5_Y2_UO408,R5_F5_m-1f-1_P5_Y-1_U115,R5_F5_m-1f-1_P5_Y-1_U104,MXY,1,50.748839944850815,0,0,0.0,0,0,0,-9999.0,0.75,1,P4_CV0,3,2,0,1,1
5,2535011.582,720257.8531,R5_F5_m5f5_P5_Y2_UO409,R5_F5_m-1f-1_P5_Y-1_U115,R5_F5_m-1f-1_P5_Y-1_U104,MXY,1,50.748839944850815,0,0,0.0,0,0,0,-9999.0,0.75,1,P4_CV0,3,2,0,1,1
5,2535011.582,720257.8531,R5_F5_m5f5_P5_Y2_UO410,R5_F5_m-1f-1_P5_Y-1_U115,R5_F5_m-1f-1_P5_Y-1_U104,FXX,1,50.748839944850815,0,0,0.0,0,0,0,-9999.0,0.75,1,P4_CV0,3,2,0,1,1
5,2535011.582,720257.8531,R5_F5_m5f5_P5_Y2_UO411,R5_F5_m-1f-1_P5_Y-1_U115,R5_F5_m-1f-1_P5_Y-1_U104,MXY,1,50.748839944850815,0,0,0.0,0,0,0,-9999.0,0.75,1,P4_CV0,3,1,1,1,1
5,2535011.582,720257.8531,R5_F5_m5f5_P5_Y2_UO443,R5_F5_m5f5_P5_Y0_UO99,R5_F5_m5f5_P5_Y0_UO222,MXY,1,50.748839944850815,0,0,0.0,0,0,0,-9999.0,0.75,1,P4_CV0,3,1,1,1,1
5,2535011.582,720257.8531,R5_F5_m5f5_P5_Y2_UO444,R5_F5_m5f5_P5_Y0_UO99,R5_F5_m5f5_P5_Y0_UO222,MXY,1,50.748839944850815,0,0,0.0,0,0,0,-9999.0,0.75,1,P4_CV0,3,1,1,1,1
5,2535011.582,720257.8531,R5_F5_m5f5_P5_Y2_UO445,R5_F5_m5f5_P5_Y0_UO99,R5_F5_m5f5_P5_Y0_UO222,MXY,1,50.748839944850815,0,0,0.0,0,0,0,-9999.0,0.75,1,P4_CV0,3,1,1,1,1
5,2535011.582,720257.8531,R5_F5_m5f5_P5_Y2_UO446,R5_F5_m5f5_P5_Y0_UO99,R5_F5_m5f5_P5_Y0_UO222,MXY,1,50.748839944850815,0,0,0.0,0,0,0,-9999.0,0.75,1,P4_CV0,3,1,1,1,1
5,2535011.582,720257.8531,R5_F5_m5f5_P5_Y2_UO465,R5_F5_m-1f-1_P5_Y-1_U24,R5_F5_m5f5_P5_Y0_UO737,MXY,1,50.748839944850815,0,0,0.0,0,0,0,-9999.0,0.5,1,P4_CV0,3,1,1,2,0
5,2535011.582,720257.8531,R5_F5_m5f5_P5_Y2_UO466,R5_F5_m-1f-1_P5_Y-1_U24,R5_F5_m5f5_P5_Y0_UO737,FXX,1,50.748839944850815,0,0,0.0,0,0,0,-9999.0,0.5,1,P4_CV0,3,0,2,1,1
5,2535011.582,720257.8531,R5_F5_m5f5_P5_Y2_UO467,R5_F5_m-1f-1_P5_Y-1_U24,R5_F5_m5f5_P5_Y0_UO737,MXY,1,50.748839944850815,0,0,0.0,0,0,0,-9999.0,0.5,1,P4_CV0,3,1,1,2,0
5,2535011.582,720257.8531,R5_F5_m5f5_P5_Y2_UO468,R5_F5_m-1f-1_P5_Y-1_U24,R5_F5_m5f5_P5_Y0_UO737,FXX,1,50.748839944850815,0,0,0.0,0,0,0,-9999.0,0.5,1,P4_CV0,3,1,1,2,0
5,2535011.582,720257.8531,R5_F5_m5f5_P5_Y2_UO469,R5_F5_m-1f-1_P5_Y-1_U24,R5_F5_m5f5_P5_Y0_UO737,FXX,1,50.748839944850815,0,0,0.0,0,0,0,-9999.0,0.5,1,P4_CV0,3,1,1,1,1
5,2535011.582,720257.8531,R5_F5_m5f5_P5_Y2_UO470,R5_F5_m-1f-1_P5_Y-1_U24,R5_F5_m5f5_P5_Y0_UO737,MXY,1,50.748839944850815,0,0,0.0,0,0,0,-9999.0,0.5,1,P4_CV0,3,2,0,2,0
5,2535011.582,720257.8531,R5_F5_m5f5_P5_Y2_UO481,R5_F5_m5f5_P5_Y0_UO214,R5_F5_m-1f-1_P5_Y-1_U52,MXY,1,50.748839944850815,0,0,0.0,0,0,0,-9999.0,0.5,1,P4_CV0,3,1,1,0,2
5,2535011.582,720257.8531,R5_F5_m5f5_P5_Y2_UO482,R5_F5_m5f5_P5_Y0_UO214,R5_F5_m-1f-1_P5_Y-1_U52,FXX,1,50.748839944850815,0,0,0.0,0,0,0,-9999.0,0.5,1,P4_CV0,3,1,1,0,2
5,2535011.582,720257.8531,R5_F5_m5f5_P5_Y2_UO483,R5_F5_m5f5_P5_Y0_UO214,R5_F5_m-1f-1_P5_Y-1_U52,MXY,1,50.748839944850815,0,0,0.0,0,0,0,-9999.0,0.5,1,P4_CV0,3,1,1,0,2
5,2535011.582,720257.8531,R5_F5_m5f5_P5_Y2_UO484,R5_F5_m5f5_P5_Y0_UO214,R5_F5_m-1f-1_P5_Y-1_U52,FXX,1,50.748839944850815,0,0,0.0,0,0,0,-9999.0,0.5,1,P4_CV0,3,2,0,1,1
5,2535011.582,720257.8531,R5_F5_m5f5_P5_Y2_UO485,R5_F5_m5f5_P5_Y0_UO214,R5_F5_m-1f-1_P5_Y-1_U52,MXY,1,50.748839944850815,0,0,0.0,0,0,0,-9999.0,0.5,1,P4_CV0,3,0,2,1,1
5,2535011.582,720257.8531,R5_F5_m5f5_P5_Y2_UO572,R5_F5_m5f5_P5_Y0_UO445,R5_F5_m-1f-1_P5_Y-1_U38,MXY,1,50.748839944850815,0,0,0.0,0,0,0,-9999.0,0.375,1,P4_CV0,3,1,1,1,1
5,2535011.582,720257.8531,R5_F5_m5f5_P5_Y2_UO586,R5_F5_m5f5_P5_Y0_UO445,R5_F5_m5f5_P5_Y0_UO79,FXX,1,50.748839944850815,0,0,0.0,0,0,0,-9999.0,0.25,1,P4_CV0,3,2,0,1,1
5,2535011.582,720257.8531,R5_F5_m5f5_P5_Y2_UO587,R5_F5_m5f5_P5_Y0_UO445,R5_F5_m5f5_P5_Y0_UO79,MXY,1,50.748839944850815,0,0,0.0,0,0,0,-9999.0,0.25,1,P4_CV0,3,2,0,1,1
5,2535011.582,720257.8531,R5_F5_m5f5_P5_Y2_UO588,R5_F5_m5f5_P5_Y0_UO445,R5_F5_m5f5_P5_Y0_UO79,MXY,1,50.748839944850815,0,0,0.0,0,0,0,-9999.0,0.25,1,P4_CV0,3,1,1,1,1
5,2535011.582,720257.8531,R5_F5_m5f5_P5_Y2_UO589,R5_F5_m5f5_P5_Y0_UO445,R5_F5_m5f5_P5_Y0_UO79,FXX,1,50.748839944850815,0,0,0.0,0,0,0,-9999.0,0.25,1,P4_CV0,3,2,0,1,1
5,2535011.582,720257.8531,R5_F5_m5f5_P5_Y2_UO598,R5_F5_m5f5_P5_Y0_UO246,R5_F5_m-1f-1_P5_Y-1_U56,MXY,1,50.748839944850815,0,0,0.0,0,0,0,-9999.0,0.125,1,P4_CV0,3,0,2,0,2
5,2535011.582,720257.8531,R5_F5_m5f5_P5_Y2_UO599,R5_F5_m5f5_P5_Y0_UO246,R5_F5_m-1f-1_P5_Y-1_U56,FXX,1,50.748839944850815,0,0,0.0,0,0,0,-9999.0,0.125,1,P4_CV0,3,0,2,0,2
5,2535011.582,720257.8531,R5_F5_m5f5_P5_Y2_UO600,R5_F5_m5f5_P5_Y0_UO246,R5_F5_m-1f-1_P5_Y-1_U56,MXY,1,50.748839944850815,0,0,0.0,0,0,0,-9999.0,0.125,1,P4_CV0,3,0,2,0,2
5,2535011.582,720257.8531,R5_F5_m5f5_P5_Y2_UO655,R5_F5_m5f5_P5_Y0_UO99,R5_F5_m-1f-1_P5_Y-1_U3,FXX,1,50.748839944850815,0,0,0.0,0,0,0,-9999.0,0.875,1,P4_CV0,3,1,1,0,2
5,2535011.582,720257.8531,R5_F5_m5f5_P5_Y2_UO656,R5_F5_m5f5_P5_Y0_UO99,R5_F5_m-1f-1_P5_Y-1_U3,MXY,1,50.748839944850815,0,0,0.0,0,0,0,-9999.0,0.875,1,P4_CV0,3,1,1,0,2
5,2535011.582,720257.8531,R5_F5_m5f5_P5_Y2_UO657,R5_F5_m5f5_P5_Y0_UO99,R5_F5_m-1f-1_P5_Y-1_U3,FXX,1,50.748839944850815,0,0,0.0,0,0,0,-9999.0,0.875,1,P4_CV0,3,1,1,1,1
5,2535011.582,720257.8531,R5_F5_m5f5_P5_Y2_UO658,R5_F5_m5f5_P5_Y0_UO99,R5_F5_m-1f-1_P5_Y-1_U3,MXY,1,50.748839944850815,0,0,0.0,0,0,0,-9999.0,0.875,1,P4_CV0,3,1,1,1,1
5,2535011.582,720257.8531,R5_F5_m5f5_P5_Y2_UO659,R5_F5_m5f5_P5_Y0_UO99,R5_F5_m-1f-1_P5_Y-1_U3,FXX,1,50.748839944850815,0,0,0.0,0,0,0,-9999.0,0.875,1,P4_CV0,3,1,1,1,1
5,2535011.582,720257.8531,R5_F5_m5f5_P5_Y2_UO660,R5_F5_m5f5_P5_Y0_UO99,R5_F5_m-1f-1_P5_Y-1_U3,MXY,1,50.748839944850815,0,0,0.0,0,0,0,-9999.0,0.875,1,P4_CV0,3,1,1,1,1
5,2535011.582,720257.8531,R5_F5_m5f5_P5_Y2_UO661,R5_F5_m5f5_P5_Y0_UO99,R5_F5_m-1f-1_P5_Y-1_U3,MXY,1,50.748839944850815,0,0,0.0,0,0,0,-9999.0,0.875,1,P4_CV0,3,1,1,1,1
5,2535011.582,720257.8531,R5_F5_m5f5_P5_Y2_UO662,R5_F5_m5f5_P5_Y0_UO99,R5_F5_m-1f-1_P5_Y-1_U3,MXY,1,50.748839944850815,0,0,0.0,0,0,0,-9999.0,0.875,1,P4_CV0,3,1,1,0,2
5,2535011.582,720257.8531,R5_F5_m5f5_P5_Y2_UO663,R5_F5_m5f5_P5_Y0_UO99,R5_F5_m-1f-1_P5_Y-1_U3,MXY,1,50.748839944850815,0,0,0.0,0,0,0,-9999.0,0.875,1,P4_CV0,3,1,1,1,1
5,2535011.582,720257.8531,R5_F5_m5f5_P5_Y2_UO669,R5_F5_m5f5_P5_Y0_UO99,R5_F5_m-1f-1_P5_Y-1_U46,MXY,1,50.748839944850815,0,0,0.0,0,0,0,-9999.0,0.625,1,P4_CV0,3,1,1,0,2
5,2535011.582,720257.8531,R5_F5_m5f5_P5_Y2_UO670,R5_F5_m5f5_P5_Y0_UO99,R5_F5_m-1f-1_P5_Y-1_U46,FXX,1,50.748839944850815,0,0,0.0,0,0,0,-9999.0,0.625,1,P4_CV0,3,1,1,1,1
5,2535011.582,720257.8531,R5_F5_m5f5_P5_Y2_UO671,R5_F5_m5f5_P5_Y0_UO99,R5_F5_m-1f-1_P5_Y-1_U46,FXX,1,50.748839944850815,0,0,0.0,0,0,0,-9999.0,0.625,1,P4_CV0,3,1,1,1,1
5,2535011.582,720257.8531,R5_F5_m5f5_P5_Y2_UO672,R5_F5_m5f5_P5_Y0_UO99,R5_F5_m-1f-1_P5_Y-1_U46,MXY,1,50.748839944850815,0,0,0.0,0,0,0,-9999.0,0.625,1,P4_CV0,3,1,1,0,2
5,2535011.582,720257.8531,R5_F5_m5f5_P5_Y2_UO673,R5_F5_m5f5_P5_Y0_UO99,R5_F5_m-1f-1_P5_Y-1_U46,MXY,1,50.748839944850815,0,0,0.0,0,0,0,-9999.0,0.625,1,P4_CV0,3,1,1,1,1
5,2535011.582,720257.8531,R5_F5_m5f5_P5_Y2_UO674,R5_F5_m5f5_P5_Y0_UO99,R5_F5_m-1f-1_P5_Y-1_U46,MXY,1,50.748839944850815,0,0,0.0,0,0,0,-9999.0,0.625,1,P4_CV0,3,1,1,1,1
5,2535011.582,720257.8531,R5_F5_m5f5_P5_Y2_UO675,R5_F5_m5f5_P5_Y0_UO99,R5_F5_m-1f-1_P5_Y-1_U46,FXX,1,50.748839944850815,0,0,0.0,0,0,0,-9999.0,0.625,1,P4_CV0,3,1,1,1,1
5,2535011.582,720257.8531,R5_F5_m5f5_P5_Y1_UO478,R5_F5_m-1f-1_P5_Y-1_U27,R5_F5_m-1f-1_P5_Y-1_U86,FXX,2,78.21719004190751,1,0,1.612,0,0,0,-9999.0,0.5,1,P4_CV0,3,2,0,1,1
5,2535011.582,720257.8531,R5_F5_m5f5_P5_Y1_UO450,R5_F5_m-1f-1_P5_Y-1_U79,R5_F5_m-1f-1_P5_Y-1_U113,MXY,2,78.21719004190751,1,0,0.0,0,0,0,-9999.0,0.25,1,P4_CV0,3,1,1,2,0
5,2535011.582,720257.8531,R5_F5_m5f5_P5_Y1_UO14,R5_F5_m-1f-1_P5_Y-1_U102,R5_F5_m-1f-1_P5_Y-1_U96,MXY,2,78.21719004190751,1,0,0.0,0,0,0,-9999.0,0.75,1,P4_CV0,3,1,1,2,0
5,2535011.582,720257.8531,R5_F5_m5f5_P5_Y1_UO402,R5_F5_m-1f-1_P5_Y-1_U22,R5_F5_m-1f-1_P5_Y-1_U105,FXX,2,78.21719004190751,1,0,3.558,0,0,0,-9999.0,1.0,1,P4_CV0,3,1,1,1,1
5,2535011.582,720257.8531,R5_F5_m5f5_P5_Y1_UO224,R5_F5_m-1f-1_P5_Y-1_U53,R5_F5_m-1f-1_P5_Y-1_U63,MXY,2,78.21719004190751,1,0,0.0,0,0,0,-9999.0,1.0,1,P4_CV0,3,1,1,0,2
5,2535011.582,720257.8531,R5_F5_m5f5_P5_Y1_UO458,R5_F5_m-1f-1_P5_Y-1_U80,R5_F5_m-1f-1_P5_Y-1_U20,FXX,2,78.21719004190751,1,0,2.625,0,0,0,-9999.0,0.75,1,P4_CV0,3,2,0,1,1
5,2535011.582,720257.8531,R5_F5_m5f5_P5_Y1_UO373,R5_F5_m-1f-1_P5_Y-1_U114,R5_F5_m-1f-1_P5_Y-1_U19,FXX,2,78.21719004190751,1,0,1.86,0,0,0,-9999.0,0.75,1,P4_CV0,3,0,2,1,1
5,2535011.582,720257.8531,R5_F5_m5f5_P5_Y1_UO211,R5_F5_m-1f-1_P5_Y-1_U79,R5_F5_m-1f-1_P5_Y-1_U113,FXX,2,78.21719004190751,1,0,1.466,0,0,0,-9999.0,0.25,1,P4_CV0,3,2,0,1,1
5,2535011.582,720257.8531,R5_F5_m5f5_P5_Y1_UO530,R5_F5_m-1f-1_P5_Y-1_U49,R5_F5_m-1f-1_P5_Y-1_U8,MXY,2,78.21719004190751,1,0,0.0,0,0,0,-9999.0,0.5,1,P4_CV0,3,2,0,1,1
5,2535011.582,720257.8531,R5_F5_m5f5_P5_Y1_UO532,R5_F5_m-1f-1_P5_Y-1_U93,R5_F5_m-1f-1_P5_Y-1_U52,MXY,2,78.21719004190751,1,0,0.0,0,0,0,-9999.0,0.5,1,P4_CV0,3,1,1,0,2
5,2535011.582,720257.8531,R5_F5_m5f5_P5_Y1_UO513,R5_F5_m-1f-1_P5_Y-1_U2,R5_F5_m-1f-1_P5_Y-1_U97,FXX,2,78.21719004190751,1,0,1.858,0,0,0,-9999.0,0.5,1,P4_CV0,3,0,2,1,1
5,2535011.582,720257.8531,R5_F5_m5f5_P5_Y1_UO173,R5_F5_m-1f-1_P5_Y-1_U76,R5_F5_m-1f-1_P5_Y-1_U52,MXY,2,78.21719004190751,1,0,0.0,0,0,0,-9999.0,0.25,1,P4_CV0,3,1,1,0,2
5,2535011.582,720257.8531,R5_F5_m5f5_P5_Y1_UO13,R5_F5_m-1f-1_P5_Y-1_U35,R5_F5_m-1f-1_P5_Y-1_U109,MXY,2,78.21719004190751,1,0,0.0,0,0,0,-9999.0,0.5,1,P4_CV0,3,0,2,0,2
5,2535011.582,720257.8531,R5_F5_m5f5_P5_Y1_UO229,R5_F5_m-1f-1_P5_Y-1_U93,R5_F5_m-1f-1_P5_Y-1_U118,FXX,2,78.21719004190751,1,0,0.0,0,0,0,-9999.0,0.75,1,P4_CV0,3,2,0,1,1
5,2535011.582,720257.8531,R5_F5_m5f5_P5_Y1_UO305,R5_F5_m-1f-1_P5_Y-1_U126,R5_F5_m-1f-1_P5_Y-1_U43,MXY,2,78.21719004190751,1,0,0.0,0,0,0,-9999.0,0.25,1,P4_CV0,3,2,0,2,0
5,2535011.582,720257.8531,R5_F5_m5f5_P5_Y1_UO512,R5_F5_m-1f-1_P5_Y-1_U2,R5_F5_m-1f-1_P5_Y-1_U97,MXY,2,78.21719004190751,1,0,0.0,0,0,0,-9999.0,0.5,1,P4_CV0,3,1,1,2,0
5,2535011.582,720257.8531,R5_F5_m5f5_P5_Y1_UO403,R5_F5_m-1f-1_P5_Y-1_U22,R5_F5_m-1f-1_P5_Y-1_U105,MXY,2,78.21719004190751,1,0,0.0,0,0,0,-9999.0,1.0,1,P4_CV0,3,1,1,2,0
5,2535011.582,720257.8531,R5_F5_m5f5_P5_Y1_UO334,R5_F5_m-1f-1_P5_Y-1_U1,R5_F5_m-1f-1_P5_Y-1_U109,MXY,2,78.21719004190751,1,0,0.0,0,0,0,-9999.0,0.5,1,P4_CV0,3,1,1,0,2
5,2535011.582,720257.8531,R5_F5_m5f5_P5_Y1_UO204,R5_F5_m-1f-1_P5_Y-1_U99,R5_F5_m-1f-1_P5_Y-1_U26,FXX,2,78.21719004190751,1,0,1.0,0,0,0,-9999.0,0.5,1,P4_CV0,3,2,0,1,1
5,2535011.582,720257.8531,R5_F5_m5f5_P5_Y1_UO449,R5_F5_m-1f-1_P5_Y-1_U79,R5_F5_m-1f-1_P5_Y-1_U113,MXY,2,78.21719004190751,1,0,0.0,0,0,0,-9999.0,0.25,1,P4_CV0,3,1,1,0,2
5,2535011.582,720257.8531,R5_F5_m5f5_P5_Y1_UO295,R5_F5_m-1f-1_P5_Y-1_U126,R5_F5_m-1f-1_P5_Y-1_U101,MXY,2,78.21719004190751,1,0,0.0,0,0,0,-9999.0,0.75,1,P4_CV0,3,1,1,1,1
5,2535011.582,720257.8531,R5_F5_m5f5_P5_Y1_UO195,R5_F5_m-1f-1_P5_Y-1_U123,R5_F5_m-1f-1_P5_Y-1_U66,FXX,2,78.21719004190751,1,0,1.397,0,0,0,-9999.0,0.25,1,P4_CV0,3,1,1,1,1
5,2535011.582,720257.8531,R5_F5_m5f5_P5_Y1_UO319,R5_F5_m-1f-1_P5_Y-1_U12,R5_F5_m-1f-1_P5_Y-1_U73,MXY,2,78.21719004190751,1,0,0.0,0,0,0,-9999.0,0.25,1,P4_CV0,3,1,1,0,2
5,2535011.582,720257.8531,R5_F5_m5f5_P5_Y1_UO313,R5_F5_m-1f-1_P5_Y-1_U102,R5_F5_m-1f-1_P5_Y-1_U97,FXX,2,78.21719004190751,1,0,2.711,0,0,0,-9999.0,0.25,1,P4_CV0,3,0,2,1,1
5,2535011.582,720257.8531,R5_F5_m5f5_P5_Y1_UO466,R5_F5_m-1f-1_P5_Y-1_U27,R5_F5_m-1f-1_P5_Y-1_U9,MXY,2,78.21719004190751,1,0,0.0,0,0,0,-9999.0,0.5,1,P4_CV0,3,2,0,1,1
5,2535011.582,720257.8531,R5_F5_m5f5_P5_Y1_UO194,R5_F5_m-1f-1_P5_Y-1_U123,R5_F5_m-1f-1_P5_Y-1_U66,FXX,2,78.21719004190751,1,0,1.0,0,0,0,-9999.0,0.25,1,P4_CV0,3,0,2,0,2
5,2535011.582,720257.8531,R5_F5_m5f5_P5_Y1_UO387,R5_F5_m-1f-1_P5_Y-1_U47,R5_F5_m-1f-1_P5_Y-1_U66,FXX,2,78.21719004190751,1,0,1.056,0,0,0,-9999.0,0.25,1,P4_CV0,3,0,2,1,1
5,2535011.582,720257.8531,R5_F5_m5f5_P5_Y1_UO252,R5_F5_m-1f-1_P5_Y-1_U58,R5_F5_m-1f-1_P5_Y-1_U105,MXY,2,78.21719004190751,1,0,0.0,0,0,0,-9999.0,0.75,1,P4_CV0,3,1,1,1,1
5,2535011.582,720257.8531,R5_F5_m5f5_P5_Y1_UO461,R5_F5_m-1f-1_P5_Y-1_U80,R5_F5_m-1f-1_P5_Y-1_U20,MXY,2,78.21719004190751,1,0,0.0,0,0,0,-9999.0,0.75,1,P4_CV0,3,1,1,0,2
5,2535011.582,720257.8531,R5_F5_m5f5_P5_Y1_UO205,R5_F5_m-1f-1_P5_Y-1_U99,R5_F5_m-1f-1_P5_Y-1_U26,MXY,2,78.21719004190751,1,0,0.0,0,0,0,-9999.0,0.5,1,P4_CV0,3,1,1,1,1
5,2535011.582,720257.8531,R5_F5_m5f5_P5_Y1_UO374,R5_F5_m-1f-1_P5_Y-1_U114,R5_F5_m-1f-1_P5_Y-1_U19,FXX,2,78.21719004190751,1,0,1.755,0,0,0,-9999.0,0.75,1,P4_CV0,3,1,1,1,1
5,2535011.582,720257.8531,R5_F5_m5f5_P5_Y1_UO223,R5_F5_m-1f-1_P5_Y-1_U53,R5_F5_m-1f-1_P5_Y-1_U63,MXY,2,78.21719004190751,1,0,0.0,0,0,0,-9999.0,1.0,1,P4_CV0,3,1,1,1,1
5,2535011.582,720257.8531,R5_F5_m5f5_P5_Y1_UO409,R5_F5_m-1f-1_P5_Y-1_U77,R5_F5_m-1f-1_P5_Y-1_U111,MXY,2,78.21719004190751,1,0,0.0,0,0,0,-9999.0,0.25,1,P4_CV0,3,2,0,2,0
5,2535011.582,720257.8531,R5_F5_m5f5_P5_Y1_UO111,R5_F5_m-1f-1_P5_Y-1_U102,R5_F5_m-1f-1_P5_Y-1_U88,FXX,2,78.21719004190751,1,0,1.152,0,0,0,-9999.0,0.25,1,P4_CV0,3,1,1,1,1
5,2535011.582,720257.8531,R5_F5_m5f5_P5_Y1_UO459,R5_F5_m-1f-1_P5_Y-1_U80,R5_F5_m-1f-1_P5_Y-1_U20,MXY,2,78.21719004190751,1,0,0.0,0,0,0,-9999.0,0.75,1,P4_CV0,3,1,1,1,1
5,2535011.582,720257.8531,R5_F5_m5f5_P5_Y1_UO112,R5_F5_m-1f-1_P5_Y-1_U102,R5_F5_m-1f-1_P5_Y-1_U88,MXY,2,78.21719004190751,1,0,0.0,0,0,0,-9999.0,0.25,1,P4_CV0,3,1,1,0,2
5,2535011.582,720257.8531,R5_F5_m5f5_P5_Y1_UO335,R5_F5_m-1f-1_P5_Y-1_U1,R5_F5_m-1f-1_P5_Y-1_U109,MXY,2,78.21719004190751,1,0,0.0,0,0,0,-9999.0,0.5,1,P4_CV0,3,1,1,1,1
5,2535011.582,720257.8531,R5_F5_m5f5_P5_Y1_UO311,R5_F5_m-1f-1_P5_Y-1_U102,R5_F5_m-1f-1_P5_Y-1_U97,MXY,2,78.21719004190751,1,0,0.0,0,0,0,-9999.0,0.25,1,P4_CV0,3,2,0,1,1
5,2535011.582,720257.8531,R5_F5_m5f5_P5_Y1_UO260,R5_F5_m-1f-1_P5_Y-1_U32,R5_F5_m-1f-1_P5_Y-1_U21,MXY,2,78.21719004190751,1,0,0.0,0,0,0,-9999.0,0.25,1,P4_CV0,3,2,0,0,2
5,2535011.582,720257.8531,R5_F5_m5f5_P5_Y1_UO531,R5_F5_m-1f-1_P5_Y-1_U93,R5_F5_m-1f-1_P5_Y-1_U52,FXX,2,78.21719004190751,1,0,0.0,0,0,0,-9999.0,0.5,1,P4_CV0,3,1,1,2,0
5,2535011.582,720257.8531,R5_F5_m5f5_P5_Y1_UO296,R5_F5_m-1f-1_P5_Y-1_U126,R5_F5_m-1f-1_P5_Y-1_U101,MXY,2,78.21719004190751,1,0,0.0,0,0,0,-9999.0,0.75,1,P4_CV0,3,2,0,1,1
5,2535011.582,720257.8531,R5_F5_m5f5_P5_Y1_UO156,R5_F5_m-1f-1_P5_Y-1_U11,R5_F5_m-1f-1_P5_Y-1_U15,MXY,2,78.21719004190751,1,0,0.0,0,0,0,-9999.0,0.25,1,P4_CV0,3,1,1,2,0
5,2535011.582,720257.8531,R5_F5_m5f5_P5_Y1_UO494,R5_F5_m-1f-1_P5_Y-1_U123,R5_F5_m-1f-1_P5_Y-1_U84,FXX,2,78.21719004190751,1,0,3.294,0,0,0,-9999.0,0.25,1,P4_CV0,3,2,0,2,0
5,2535011.582,720257.8531,R5_F5_m5f5_P5_Y1_UO197,R5_F5_m-1f-1_P5_Y-1_U123,R5_F5_m-1f-1_P5_Y-1_U66,MXY,2,78.21719004190751,1,0,0.0,0,0,0,-9999.0,0.25,1,P4_CV0,3,1,1,1,1
5,2535011.582,720257.8531,R5_F5_m5f5_P5_Y1_UO401,R5_F5_m-1f-1_P5_Y-1_U22,R5_F5_m-1f-1_P5_Y-1_U105,FXX,2,78.21719004190751,1,0,1.028,0,0,0,-9999.0,1.0,1,P4_CV0,3,0,2,1,1
5,2535011.582,720257.8531,R5_F5_m5f5_P5_Y1_UO257,R5_F5_m-1f-1_P5_Y-1_U93,R5_F5_m-1f-1_P5_Y-1_U19,MXY,2,78.21719004190751,1,0,0.0,0,0,0,-9999.0,0.5,1,P4_CV0,3,2,0,0,2
5,2535011.582,720257.8531,R5_F5_m5f5_P5_Y1_UO372,R5_F5_m-1f-1_P5_Y-1_U114,R5_F5_m-1f-1_P5_Y-1_U19,MXY,2,78.21719004190751,1,0,0.0,0,0,0,-9999.0,0.75,1,P4_CV0,3,1,1,0,2
5,2535011.582,720257.8531,R5_F5_m5f5_P5_Y1_UO509,R5_F5_m-1f-1_P5_Y-1_U1,R5_F5_m-1f-1_P5_Y-1_U118,FXX,2,78.21719004190751,1,0,1.827,0,0,0,-9999.0,0.5,1,P4_CV0,3,0,2,1,1
5,2535011.582,720257.8531,R5_F5_m5f5_P5_Y1_UO529,R5_F5_m-1f-1_P5_Y-1_U2,R5_F5_m-1f-1_P5_Y-1_U40,MXY,2,78.21719004190751,1,0,0.0,0,0,0,-9999.0,1.0,1,P4_CV0,3,2,0,1,1
5,2535011.582,720257.8531,R5_F5_m5f5_P5_Y1_UO318,R5_F5_m-1f-1_P5_Y-1_U12,R5_F5_m-1f-1_P5_Y-1_U73,FXX,2,78.21719004190751,1,0,0.0,0,0,0,-9999.0,0.25,1,P4_CV0,3,1,1,0,2
5,2535011.582,720257.8531,R5_F5_m5f5_P5_Y1_UO113,R5_F5_m-1f-1_P5_Y-1_U102,R5_F5_m-1f-1_P5_Y-1_U88,MXY,2,78.21719004190751,1,0,0.0,0,0,0,-9999.0,0.25,1,P4_CV0,3,0,2,1,1
5,2535011.582,720257.8531,R5_F5_m5f5_P5_Y1_UO172,R5_F5_m-1f-1_P5_Y-1_U76,R5_F5_m-1f-1_P5_Y-1_U52,FXX,2,78.21719004190751,1,0,0.0,0,0,0,-9999.0,0.25,1,P4_CV0,3,0,2,1,1
5,2535011.582,720257.8531,R5_F5_m5f5_P5_Y1_UO460,R5_F5_m-1f-1_P5_Y-1_U80,R5_F5_m-1f-1_P5_Y-1_U20,FXX,2,78.21719004190751,1,0,0.0,0,0,0,-9999.0,0.75,1,P4_CV0,3,0,2,0,2
5,2535011.582,720257.8531,R5_F5_m5f5_P5_Y1_UO258,R5_F5_m-1f-1_P5_Y-1_U93,R5_F5_m-1f-1_P5_Y-1_U19,FXX,2,78.21719004190751,1,0,1.142,0,0,0,-9999.0,0.5,1,P4_CV0,3,0,2,1,1
5,2535011.582,720257.8531,R5_F5_m5f5_P5_Y1_UO6,R5_F5_m-1f-1_P5_Y-1_U106,R5_F5_m-1f-1_P5_Y-1_U86,MXY,2,78.21719004190751,1,0,0.0,0,0,0,-9999.0,0.25,1,P4_CV0,3,1,1,1,1
5,2535011.582,720257.8531,R5_F5_m5f5_P5_Y1_UO527,R5_F5_m-1f-1_P5_Y-1_U77,R5_F5_m-1f-1_P5_Y-1_U8,FXX,2,78.21719004190751,1,0,2.415,0,0,0,-9999.0,0.25,1,P4_CV0,3,1,1,2,0
5,2535011.582,720257.8531,R5_F5_m5f5_P5_Y1_UO212,R5_F5_m-1f-1_P5_Y-1_U79,R5_F5_m-1f-1_P5_Y-1_U113,MXY,2,78.21719004190751,1,0,0.0,0,0,0,-9999.0,0.25,1,P4_CV0,3,1,1,1,1
5,2535011.582,720257.8531,R5_F5_m5f5_P5_Y1_UO287,R5_F5_m-1f-1_P5_Y-1_U79,R5_F5_m-1f-1_P5_Y-1_U63,MXY,2,78.21719004190751,1,0,0.0,0,0,0,-9999.0,0.5,1,P4_CV0,3,2,0,2,0
5,2535011.582,720257.8531,R5_F5_m5f5_P5_Y1_UO15,R5_F5_m-1f-1_P5_Y-1_U102,R5_F5_m-1f-1_P5_Y-1_U96,FXX,2,78.21719004190751,1,0,0.0,0,0,0,-9999.0,0.75,1,P4_CV0,3,1,1,1,1
5,2535011.582,720257.8531,R5_F5_m5f5_P5_Y1_UO354,I5_F7_m-1f-1_P5_Y-1_U122,R5_F5_m-1f-1_P5_Y-1_U30,MXY,2,78.21719004190751,1,0,0.0,0,0,0,-9999.0,0.25,1,P4_CV0,3,1,1,0,2
5,2535011.582,720257.8531,R5_F5_m5f5_P5_Y1_UO514,R5_F5_m-1f-1_P5_Y-1_U22,R5_F5_m-1f-1_P5_Y-1_U90,MXY,2,78.21719004190751,1,0,0.0,0,0,0,-9999.0,1.0,1,P4_CV0,3,1,1,1,1
5,2535011.582,720257.8531,R5_F5_m5f5_P5_Y1_UO312,R5_F5_m-1f-1_P5_Y-1_U102,R5_F5_m-1f-1_P5_Y-1_U97,MXY,2,78.21719004190751,1,0,0.0,0,0,0,-9999.0,0.25,1,P4_CV0,3,0,2,0,2
5,2535011.582,720257.8531,I5_F7_m5f5_P5_Y1_UO56,R5_F5_m-1f-1_P5_Y-1_U120,R5_F5_m-1f-1_P5_Y-1_U107,MXY,2,78.24035059617586,1,0,0.0,0,0,0,-9999.0,0.75,1,P4_CV0,3,1,1,0,2
5,2535011.582,720257.8531,R5_F5_m5f5_P5_Y0_UO65,R5_F5_m-1f-1_P5_Y-1_U102,R5_F5_m-1f-1_P5_Y-1_U40,FXX,3,101.55363357215808,1,0,0.0,0,0,0,-9999.0,0.75,1,P4_CV0,3,1,1,0,2
5,2535011.582,720257.8531,R5_F5_m5f5_P5_Y0_UO95,R5_F5_m-1f-1_P5_Y-1_U67,R5_F5_m-1f-1_P5_Y-1_U112,FXX,3,101.55363357215808,1,0,1.079,0,0,0,-9999.0,0.75,1,P4_CV0,3,1,1,0,2
5,2535011.582,720257.8531,R5_F5_m5f5_P5_Y0_UO9,R5_F5_m-1f-1_P5_Y-1_U68,R5_F5_m-1f-1_P5_Y-1_U3,FXX,3,101.55363357215808,1,0,0.0,0,0,0,-9999.0,0.75,1,P4_CV0,3,1,1,1,1
5,2535011.582,720257.8531,R5_F5_m5f5_P5_Y0_UO445,R5_F5_m-1f-1_P5_Y-1_U14,R5_F5_m-1f-1_P5_Y-1_U97,FXX,3,101.55363357215808,1,0,1.606,0,0,0,-9999.0,0.25,1,P4_CV0,3,1,1,1,1
5,2535011.582,720257.8531,R5_F5_m5f5_P5_Y0_UO101,R5_F5_m-1f-1_P5_Y-1_U67,R5_F5_m-1f-1_P5_Y-1_U112,MXY,3,101.55363357215808,1,0,0.0,0,0,0,-9999.0,0.75,1,P4_CV0,3,1,1,1,1
5,2535011.582,720257.8531,R5_F5_m5f5_P5_Y0_UO190,R5_F5_m-1f-1_P5_Y-1_U58,R5_F5_m-1f-1_P5_Y-1_U85,MXY,3,101.55363357215808,1,0,0.0,0,0,0,-9999.0,0.5,1,P4_CV0,3,0,2,0,2
5,2535011.582,720257.8531,R5_F5_m5f5_P5_Y0_UO260,R5_F5_m-1f-1_P5_Y-1_U68,R5_F5_m-1f-1_P5_Y-1_U5,MXY,3,101.55363357215808,1,0,0.0,0,0,0,-9999.0,0.25,1,P4_CV0,3,2,0,1,1
5,2535011.582,720257.8531,R5_F5_m5f5_P5_Y0_UO151,R5_F5_m-1f-1_P5_Y-1_U102,R5_F5_m-1f-1_P5_Y-1_U38,MXY,3,101.55363357215808,1,0,0.0,0,0,0,-9999.0,0.5,1,P4_CV0,3,2,0,1,1
5,2535011.582,720257.8531,R5_F5_m5f5_P5_Y0_UO248,R5_F5_m-1f-1_P5_Y-1_U58,R5_F5_m-1f-1_P5_Y-1_U5,FXX,3,101.55363357215808,1,0,2.557,0,0,0,-9999.0,0.25,1,P4_CV0,3,1,1,1,1
5,2535011.582,720257.8531,R5_F5_m5f5_P5_Y0_UO82,R5_F5_m-1f-1_P5_Y-1_U12,R5_F5_m-1f-1_P5_Y-1_U88,MXY,3,101.55363357215808,1,0,0.0,0,0,0,-9999.0,0.25,1,P4_CV0,3,0,2,2,0
5,2535011.582,720257.8531,R5_F5_m5f5_P5_Y0_UO194,R5_F5_m-1f-1_P5_Y-1_U58,R5_F5_m-1f-1_P5_Y-1_U85,MXY,3,101.55363357215808,1,0,0.0,0,0,0,-9999.0,0.5,1,P4_CV0,3,0,2,2,0
5,2535011.582,720257.8531,R5_F5_m5f5_P5_Y0_UO737,R5_F5_m-1f-1_P5_Y-1_U58,R5_F5_m-1f-1_P5_Y-1_U52,MXY,3,101.55363357215808,1,0,0.0,0,0,0,-9999.0,0.5,1,P4_CV0,3,1,1,1,1
5,2535011.582,720257.8531,R5_F5_m5f5_P5_Y0_UO79,R5_F5_m-1f-1_P5_Y-1_U12,R5_F5_m-1f-1_P5_Y-1_U88,MXY,3,101.55363357215808,1,0,0.0,0,0,0,-9999.0,0.25,1,P4_CV0,3,2,0,1,1
5,2535011.582,720257.8531,R5_F5_m5f5_P5_Y0_UO191,R5_F5_m-1f-1_P5_Y-1_U58,R5_F5_m-1f-1_P5_Y-1_U85,MXY,3,101.55363357215808,1,0,0.0,0,0,0,-9999.0,0.5,1,P4_CV0,3,1,1,1,1
5,2535011.582,720257.8531,R5_F5_m5f5_P5_Y0_UO150,R5_F5_m-1f-1_P5_Y-1_U102,R5_F5_m-1f-1_P5_Y-1_U38,FXX,3,101.55363357215808,1,0,1.336,0,0,0,-9999.0,0.5,1,P4_CV0,3,1,1,2,0
5,2535011.582,720257.8531,R5_F5_m5f5_P5_Y0_UO648,R5_F5_m-1f-1_P5_Y-1_U68,R5_F5_m-1f-1_P5_Y-1_U87,MXY,3,101.55363357215808,1,0,0.0,0,0,0,-9999.0,0.25,1,P4_CV0,3,0,2,1,1
5,2535011.582,720257.8531,R5_F5_m5f5_P5_Y0_UO155,R5_F5_m-1f-1_P5_Y-1_U120,R5_F5_m-1f-1_P5_Y-1_U19,MXY,3,101.55363357215808,1,0,0.0,0,0,0,-9999.0,0.75,1,P4_CV0,3,1,1,2,0
5,2535011.582,720257.8531,R5_F5_m5f5_P5_Y0_UO81,R5_F5_m-1f-1_P5_Y-1_U12,R5_F5_m-1f-1_P5_Y-1_U88,FXX,3,101.55363357215808,1,0,1.96,0,0,0,-9999.0,0.25,1,P4_CV0,3,1,1,1,1
5,2535011.582,720257.8531,R5_F5_m5f5_P5_Y0_UO736,R5_F5_m-1f-1_P5_Y-1_U58,R5_F5_m-1f-1_P5_Y-1_U52,FXX,3,101.55363357215808,1,0,1.277,0,0,0,-9999.0,0.5,1,P4_CV0,3,1,1,1,1
5,2535011.582,720257.8531,R5_F5_m5f5_P5_Y0_UO11,R5_F5_m-1f-1_P5_Y-1_U68,R5_F5_m-1f-1_P5_Y-1_U3,MXY,3,101.55363357215808,1,0,0.0,0,0,0,-9999.0,0.75,1,P4_CV0,3,2,0,2,0
5,2535011.582,720257.8531,R5_F5_m5f5_P5_Y0_UO102,R5_F5_m-1f-1_P5_Y-1_U67,R5_F5_m-1f-1_P5_Y-1_U112,FXX,3,101.55363357215808,1,0,0.0,0,0,0,-9999.0,0.75,1,P4_CV0,3,1,1,0,2
5,2535011.582,720257.8531,R5_F5_m5f5_P5_Y0_UO222,R5_F5_m-1f-1_P5_Y-1_U48,R5_F5_m-1f-1_P5_Y-1_U113,MXY,3,101.55363357215808,1,0,0.0,0,0,0,-9999.0,0.75,1,P4_CV0,3,1,1,2,0
5,2535011.582,720257.8531,R5_F5_m5f5_P5_Y0_UO99,R5_F5_m-1f-1_P5_Y-1_U67,R5_F5_m-1f-1_P5_Y-1_U112,FXX,3,101.55363357215808,1,0,0.0,0,0,0,-9999.0,0.75,1,P4_CV0,3,0,2,1,1
5,2535011.582,720257.8531,R5_F5_m5f5_P5_Y0_UO259,R5_F5_m-1f-1_P5_Y-1_U68,R5_F5_m-1f-1_P5_Y-1_U5,MXY,3,101.55363357215808,1,0,0.0,0,0,0,-9999.0,0.25,1,P4_CV0,3,0,2,2,0
5,2535011.582,720257.8531,R5_F5_m5f5_P5_Y0_UO377,R5_F5_m-1f-1_P5_Y-1_U119,R5_F5_m-1f-1_P5_Y-1_U3,MXY,3,101.55363357215808,1,0,0.0,0,0,0,-9999.0,0.5,1,P4_CV0,3,2,0,1,1
5,2535011.582,720257.8531,R5_F5_m5f5_P5_Y0_UO8,R5_F5_m-1f-1_P5_Y-1_U68,R5_F5_m-1f-1_P5_Y-1_U3,FXX,3,101.55363357215808,1,0,0.0,0,0,0,-9999.0,0.75,1,P4_CV0,3,1,1,1,1
5,2535011.582,720257.8531,R5_F5_m5f5_P5_Y0_UO246,R5_F5_m-1f-1_P5_Y-1_U58,R5_F5_m-1f-1_P5_Y-1_U5,FXX,3,101.55363357215808,1,0,1.288,0,0,0,-9999.0,0.25,1,P4_CV0,3,0,2,0,2
5,2535011.582,720257.8531,R5_F5_m5f5_P5_Y0_UO398,R5_F5_m-1f-1_P5_Y-1_U24,R5_F5_m-1f-1_P5_Y-1_U38,MXY,3,101.55363357215808,1,0,0.0,0,0,0,-9999.0,0.5,1,P4_CV0,3,1,1,2,0
5,2535011.582,720257.8531,R5_F5_m5f5_P5_Y0_UO214,R5_F5_m-1f-1_P5_Y-1_U14,R5_F5_m-1f-1_P5_Y-1_U19,FXX,3,101.55363357215808,1,0,2.191,0,0,0,-9999.0,0.5,1,P4_CV0,3,1,1,0,2
5,2535011.582,720257.8531,I5_F7_m5f5_P5_Y0_UO120,R5_F5_m-1f-1_P5_Y-1_U36,R5_F5_m-1f-1_P5_Y-1_U125,MXY,3,101.57494361768383,1,0,0.0,0,0,0,-9999.0,0.5,1,P4_CV0,3,2,0,1,1
5,2535011.582,720257.8531,R5_F5_m-1f-1_P5_Y-1_U56,-9999,-9999,MXY,4,115.4784474472305,1,0,0.0,0,0,0,-9999.0,0.0,1,P4_CV0,3,0,2,0,2
5,2535011.582,720257.8531,R5_F5_m-1f-1_P5_Y-1_U115,-9999,-9999,FXX,4,115.4784474472305,1,0,1.0,0,0,0,-9999.0,1.0,1,P4_CV0,3,2,0,2,0
5,2535011.582,720257.8531,R5_F5_m-1f-1_P5_Y-1_U104,-9999,-9999,MXY,4,115.4784474472305,1,0,0.0,0,0,0,-9999.0,0.5,1,P4_CV0,3,1,1,0,2
5,2535011.582,720257.8531,R5_F5_m-1f-1_P5_Y-1_U15,-9999,-9999,MXY,4,115.4784474472305,1,0,0.0,0,0,0,-9999.0,0.0,1,P4_CV0,3,0,2,2,0
5,2535011.582,720257.8531,R5_F5_m-1f-1_P5_Y-1_U42,-9999,-9999,FXX,4,115.4784474472305,1,0,1.0,0,0,0,-9999.0,0.5,1,P4_CV0,3,1,1,1,1
5,2535011.582,720257.8531,R5_F5_m-1f-1_P5_Y-1_U57,-9999,-9999,MXY,4,115.4784474472305,1,0,0.0,0,0,0,-9999.0,0.0,1,P4_CV0,3,0,2,1,1
5,2535011.582,720257.8531,R5_F5_m-1f-1_P5_Y-1_U46,-9999,-9999,MXY,4,115.4784474472305,1,0,0.0,0,0,0,-9999.0,0.5,1,P4_CV0,3,1,1,1,1
5,2535011.582,720257.8531,R5_F5_m-1f-1_P5_Y-1_U110,-9999,-9999,FXX,4,115.4784474472305,1,0,0.0,0,0,0,-9999.0,1.0,1,P4_CV0,3,2,0,0,2
5,2535011.582,720257.8531,R5_F5_m-1f-1_P5_Y-1_U16,-9999,-9999,FXX,4,115.4784474472305,1,0,1.292,0,0,0,-9999.0,0.5,1,P4_CV0,3,1,1,2,0
5,2535011.582,720257.8531,R5_F5_m-1f-1_P5_Y-1_U24,-9999,-9999,FXX,5,108.86160645382672,1,0,1.707,0,0,0,-9999.0,0.5,1,P4_CV0,3,1,1,2,0
5,2535011.582,720257.8531,R5_F5_m-1f-1_P5_Y-1_U120,-9999,-9999,FXX,5,126.56360645382672,1,0,1.915,0,0,0,-9999.0,1.0,1,P4_CV0,3,2,0,2,0
5,2535011.582,720257.8531,R5_F5_m-1f-1_P5_Y-1_U81,-9999,-9999,MXY,5,119.45660645382672,1,0,0.0,0,0,0,-9999.0,1.0,1,P4_CV0,3,2,0,2,0
5,2535011.582,720257.8531,R5_F5_m-1f-1_P5_Y-1_U82,-9999,-9999,FXX,5,119.46260645382672,1,0,1.045,0,0,0,-9999.0,0.5,1,P4_CV0,3,1,1,2,0
5,2535011.582,720257.8531,RD5_F6_m6f6_P6_Y2_UO58,R6_F6_m6f6_P6_Y0_UO66,I6_F7_m-1f-1_P6_Y-1_U84,FXX,1,50.75815653408171,0,0,0.0,0,0,0,-9999.0,0.5,1,P5_CV0,3,1,1,1,1
5,2535011.582,720257.8531,ID5_F7_m6f6_P6_Y1_UO393,R6_F6_m-1f-1_P6_Y-1_U21,R6_F6_m-1f-1_P6_Y-1_U1,MXY,2,73.74700529986791,1,0,0.0,0,0,0,-9999.0,0.0,1,P5_CV0,3,1,1,2,0
6,2545325.475,726552.0418,R6_F6_m6f6_P6_Y2_UO46,R6_F6_m-1f-1_P2_Y-1_U68,I6_F7_m-1f-1_P6_Y-1_U84,MXY,1,63.651694595057606,0,0,0.0,0,0,0,-9999.0,0.75,1,P1_CV0,3,2,0,1,1
6,2545325.475,726552.0418,R6_F6_m6f6_P6_Y2_UO48,R6_F6_m-1f-1_P2_Y-1_U68,I6_F7_m-1f-1_P6_Y-1_U84,FXX,1,63.651694595057606,0,0,0.0,0,0,0,-9999.0,0.75,1,P1_CV0,3,1,1,1,1
6,2545325.475,726552.0418,R6_F6_m6f6_P6_Y2_UO90,R6_F6_m-1f-1_P2_Y-1_U68,RD6_F6_m-1f-1_P6_Y-1_U107,MXY,1,63.651694595057606,0,0,0.0,0,0,0,-9999.0,1.0,1,P1_CV0,3,2,0,1,1
6,2545325.475,726552.0418,R6_F6_m6f6_P6_Y2_UO91,R6_F6_m-1f-1_P2_Y-1_U68,RD6_F6_m-1f-1_P6_Y-1_U107,FXX,1,63.651694595057606,0,0,0.0,0,0,0,-9999.0,1.0,1,P1_CV0,3,2,0,1,1
6,2545325.475,726552.0418,R6_F6_m6f6_P6_Y2_UO92,R6_F6_m-1f-1_P2_Y-1_U68,RD6_F6_m-1f-1_P6_Y-1_U107,MXY,1,63.651694595057606,0,0,0.0,0,0,0,-9999.0,1.0,1,P1_CV0,3,2,0,1,1
6,2545325.475,726552.0418,R6_F6_m6f6_P6_Y1_UO122,RD6_F2_m-1f-1_P2_Y-1_U68,R6_F6_m-1f-1_P6_Y-1_U28,MXY,2,86.93671385827288,1,0,0.0,0,0,0,-9999.0,0.75,1,P1_CV0,3,0,2,2,0
6,2545325.475,726552.0418,R6_F6_m-1f-1_P2_Y-1_U68,-9999,-9999,FXX,4,89.87728131147438,1,0,2.261,0,0,0,-9999.0,1.0,1,P1_CV0,3,2,0,0,2
6,2545325.475,726552.0418,RD6_F5_m-1f-1_P5_Y-1_U45,-9999,-9999,FXX,5,132.83167913793903,1,0,1.257,0,0,0,-9999.0,0.5,1,P4_CV0,3,1,1,0,2
6,2545325.475,726552.0418,R6_F6_m6f6_P6_Y2_UO11,R6_F6_m6f6_P6_Y0_UO621,R6_F6_m6f6_P6_Y0_UO144,FXX,1,63.651694595057606,0,0,0.0,0,0,0,-9999.0,0.75,1,P5_CV0,3,1,1,1,1
6,2545325.475,726552.0418,R6_F6_m6f6_P6_Y2_UO12,R6_F6_m6f6_P6_Y0_UO621,R6_F6_m6f6_P6_Y0_UO144,MXY,1,63.651694595057606,0,0,0.0,0,0,0,-9999.0,0.75,1,P5_CV0,3,0,2,1,1
6,2545325.475,726552.0418,R6_F6_m6f6_P6_Y2_UO13,R6_F6_m6f6_P6_Y0_UO621,R6_F6_m6f6_P6_Y0_UO144,MXY,1,63.651694595057606,0,0,0.0,0,0,0,-9999.0,0.75,1,P5_CV0,3,2,0,0,2
6,2545325.475,726552.0418,R6_F6_m6f6_P6_Y2_UO14,R6_F6_m6f6_P6_Y0_UO127,R6_F6_m6f6_P6_Y0_UO515,MXY,1,63.651694595057606,0,0,0.0,0,0,0,-9999.0,0.5,1,P5_CV0,3,1,1,1,1
6,2545325.475,726552.0418,R6_F6_m6f6_P6_Y2_UO15,R6_F6_m6f6_P6_Y0_UO127,R6_F6_m6f6_P6_Y0_UO515,MXY,1,63.651694595057606,0,0,0.0,0,0,0,-9999.0,0.5,1,P5_CV0,3,1,1,2,0
6,2545325.475,726552.0418,R6_F6_m6f6_P6_Y2_UO16,R6_F6_m6f6_P6_Y0_UO127,R6_F6_m6f6_P6_Y0_UO515,FXX,1,63.651694595057606,0,0,0.0,0,0,0,-9999.0,0.5,1,P5_CV0,3,1,1,2,0
6,2545325.475,726552.0418,R6_F6_m6f6_P6_Y2_UO17,R6_F6_m6f6_P6_Y0_UO127,R6_F6_m6f6_P6_Y0_UO515,FXX,1,63.651694595057606,0,0,0.0,0,0,0,-9999.0,0.5,1,P5_CV0,3,1,1,2,0
6,2545325.475,726552.0418,R6_F6_m6f6_P6_Y2_UO18,R6_F6_m6f6_P6_Y0_UO127,R6_F6_m6f6_P6_Y0_UO515,FXX,1,63.651694595057606,0,0,0.0,0,0,0,-9999.0,0.5,1,P5_CV0,3,1,1,1,1
6,2545325.475,726552.0418,R6_F6_m6f6_P6_Y2_UO19,R6_F6_m6f6_P6_Y0_UO127,R6_F6_m6f6_P6_Y0_UO515,MXY,1,63.651694595057606,0,0,0.0,0,0,0,-9999.0,0.5,1,P5_CV0,3,1,1,1,1
6,2545325.475,726552.0418,R6_F6_m6f6_P6_Y2_UO29,R6_F6_m6f6_P6_Y0_UO383,R6_F6_m6f6_P6_Y0_UO641,MXY,1,63.651694595057606,0,0,0.0,0,0,0,-9999.0,0.625,1,P5_CV0,3,2,0,0,2
6,2545325.475,726552.0418,R6_F6_m6f6_P6_Y2_UO30,R6_F6_m6f6_P6_Y0_UO383,R6_F6_m6f6_P6_Y0_UO641,FXX,1,63.651694595057606,0,0,0.0,0,0,0,-9999.0,0.625,1,P5_CV0,3,2,0,0,2
6,2545325.475,726552.0418,R6_F6_m6f6_P6_Y2_UO31,R6_F6_m6f6_P6_Y0_UO383,R6_F6_m6f6_P6_Y0_UO641,MXY,1,63.651694595057606,0,0,0.0,0,0,0,-9999.0,0.625,1,P5_CV0,3,2,0,1,1
6,2545325.475,726552.0418,R6_F6_m6f6_P6_Y2_UO32,R6_F6_m6f6_P6_Y0_UO383,R6_F6_m6f6_P6_Y0_UO641,FXX,1,63.651694595057606,0,0,0.0,0,0,0,-9999.0,0.625,1,P5_CV0,3,2,0,1,1
6,2545325.475,726552.0418,R6_F6_m6f6_P6_Y2_UO33,R6_F6_m-1f-1_P6_Y-1_U100,R6_F6_m6f6_P6_Y0_UO277,FXX,1,63.651694595057606,0,0,0.0,0,0,0,-9999.0,0.5,1,P5_CV0,3,0,2,1,1
6,2545325.475,726552.0418,R6_F6_m6f6_P6_Y2_UO34,R6_F6_m-1f-1_P6_Y-1_U100,R6_F6_m6f6_P6_Y0_UO277,FXX,1,63.651694595057606,0,0,0.0,0,0,0,-9999.0,0.5,1,P5_CV0,3,1,1,2,0
6,2545325.475,726552.0418,R6_F6_m6f6_P6_Y2_UO35,R6_F6_m-1f-1_P6_Y-1_U100,R6_F6_m6f6_P6_Y0_UO277,MXY,1,63.651694595057606,0,0,0.0,0,0,0,-9999.0,0.5,1,P5_CV0,3,1,1,1,1
6,2545325.475,726552.0418,R6_F6_m6f6_P6_Y2_UO36,R6_F6_m-1f-1_P6_Y-1_U100,R6_F6_m6f6_P6_Y0_UO277,MXY,1,63.651694595057606,0,0,0.0,0,0,0,-9999.0,0.5,1,P5_CV0,3,0,2,2,0
6,2545325.475,726552.0418,R6_F6_m6f6_P6_Y2_UO37,R6_F6_m-1f-1_P6_Y-1_U100,R6_F6_m6f6_P6_Y0_UO277,MXY,1,63.651694595057606,0,0,0.0,0,0,0,-9999.0,0.5,1,P5_CV0,3,1,1,1,1
6,2545325.475,726552.0418,R6_F6_m6f6_P6_Y2_UO38,R6_F6_m-1f-1_P6_Y-1_U100,R6_F6_m6f6_P6_Y0_UO277,FXX,1,63.651694595057606,0,0,0.0,0,0,0,-9999.0,0.5,1,P5_CV0,3,0,2,2,0
6,2545325.475,726552.0418,R6_F6_m6f6_P6_Y2_UO39,R6_F6_m6f6_P6_Y0_UO385,R6_F6_m6f6_P6_Y0_UO269,MXY,1,63.651694595057606,0,0,0.0,0,0,0,-9999.0,0.5,1,P5_CV0,3,2,0,0,2
6,2545325.475,726552.0418,R6_F6_m6f6_P6_Y2_UO41,R6_F6_m6f6_P6_Y0_UO385,R6_F6_m6f6_P6_Y0_UO269,FXX,1,63.651694595057606,0,0,0.0,0,0,0,-9999.0,0.5,1,P5_CV0,3,1,1,2,0
6,2545325.475,726552.0418,R6_F6_m6f6_P6_Y2_UO44,R6_F6_m6f6_P6_Y0_UO125,R6_F6_m6f6_P6_Y0_UO362,MXY,1,63.651694595057606,0,0,0.0,0,0,0,-9999.0,0.625,1,P5_CV0,3,1,1,0,2
6,2545325.475,726552.0418,R6_F6_m6f6_P6_Y2_UO45,R6_F6_m6f6_P6_Y0_UO125,R6_F6_m6f6_P6_Y0_UO362,MXY,1,63.651694595057606,0,0,0.0,0,0,0,-9999.0,0.625,1,P5_CV0,3,1,1,0,2
6,2545325.475,726552.0418,R6_F6_m6f6_P6_Y2_UO47,R6_F6_m-1f-1_P2_Y-1_U68,I6_F7_m-1f-1_P6_Y-1_U84,MXY,1,63.651694595057606,0,0,0.0,0,0,0,-9999.0,0.75,1,P5_CV0,3,2,0,1,1
6,2545325.475,726552.0418,R6_F6_m6f6_P6_Y2_UO49,R6_F6_m-1f-1_P2_Y-1_U68,I6_F7_m-1f-1_P6_Y-1_U84,MXY,1,63.651694595057606,0,0,0.0,0,0,0,-9999.0,0.75,1,P5_CV0,3,2,0,1,1
6,2545325.475,726552.0418,R6_F6_m6f6_P6_Y2_UO50,R6_F6_m-1f-1_P6_Y-1_U23,R6_F6_m-1f-1_P6_Y-1_U27,FXX,1,63.651694595057606,0,0,0.0,0,0,0,-9999.0,0.5,1,P5_CV0,3,1,1,0,2
6,2545325.475,726552.0418,R6_F6_m6f6_P6_Y2_UO51,R6_F6_m-1f-1_P6_Y-1_U23,R6_F6_m-1f-1_P6_Y-1_U27,MXY,1,63.651694595057606,0,0,0.0,0,0,0,-9999.0,0.5,1,P5_CV0,3,1,1,1,1
6,2545325.475,726552.0418,R6_F6_m6f6_P6_Y2_UO52,R6_F6_m-1f-1_P6_Y-1_U23,R6_F6_m-1f-1_P6_Y-1_U27,FXX,1,63.651694595057606,0,0,0.0,0,0,0,-9999.0,0.5,1,P5_CV0,3,1,1,2,0
6,2545325.475,726552.0418,R6_F6_m6f6_P6_Y2_UO53,R6_F6_m-1f-1_P6_Y-1_U23,R6_F6_m-1f-1_P6_Y-1_U27,MXY,1,63.651694595057606,0,0,0.0,0,0,0,-9999.0,0.5,1,P5_CV0,3,1,1,1,1
6,2545325.475,726552.0418,R6_F6_m6f6_P6_Y2_UO54,R6_F6_m-1f-1_P6_Y-1_U23,R6_F6_m-1f-1_P6_Y-1_U27,FXX,1,63.651694595057606,0,0,0.0,0,0,0,-9999.0,0.5,1,P5_CV0,3,1,1,1,1
6,2545325.475,726552.0418,R6_F6_m6f6_P6_Y2_UO55,R6_F6_m-1f-1_P6_Y-1_U23,R6_F6_m-1f-1_P6_Y-1_U27,FXX,1,63.651694595057606,0,0,0.0,0,0,0,-9999.0,0.5,1,P5_CV0,3,1,1,0,2
6,2545325.475,726552.0418,R6_F6_m6f6_P6_Y2_UO56,R6_F6_m-1f-1_P6_Y-1_U23,R6_F6_m-1f-1_P6_Y-1_U27,MXY,1,63.651694595057606,0,0,0.0,0,0,0,-9999.0,0.5,1,P5_CV0,3,1,1,1,1
6,2545325.475,726552.0418,R6_F6_m6f6_P6_Y2_UO57,R6_F6_m-1f-1_P6_Y-1_U23,R6_F6_m-1f-1_P6_Y-1_U27,FXX,1,63.651694595057606,0,0,0.0,0,0,0,-9999.0,0.5,1,P5_CV0,3,1,1,1,1
6,2545325.475,726552.0418,R6_F6_m6f6_P6_Y2_UO59,R6_F6_m6f6_P6_Y0_UO66,I6_F7_m-1f-1_P6_Y-1_U84,FXX,1,63.651694595057606,0,0,0.0,0,0,0,-9999.0,0.5,1,P5_CV0,3,0,2,1,1
6,2545325.475,726552.0418,R6_F6_m6f6_P6_Y2_UO60,R6_F6_m6f6_P6_Y0_UO66,I6_F7_m-1f-1_P6_Y-1_U84,FXX,1,63.651694595057606,0,0,0.0,0,0,0,-9999.0,0.5,1,P5_CV0,3,0,2,1,1
6,2545325.475,726552.0418,R6_F6_m6f6_P6_Y2_UO61,R6_F6_m6f6_P6_Y0_UO66,I6_F7_m-1f-1_P6_Y-1_U84,MXY,1,63.651694595057606,0,0,0.0,0,0,0,-9999.0,0.5,1,P5_CV0,3,0,2,1,1
6,2545325.475,726552.0418,R6_F6_m6f6_P6_Y2_UO62,R6_F6_m6f6_P6_Y0_UO66,I6_F7_m-1f-1_P6_Y-1_U84,FXX,1,63.651694595057606,0,0,0.0,0,0,0,-9999.0,0.5,1,P5_CV0,3,1,1,1,1
6,2545325.475,726552.0418,R6_F6_m6f6_P6_Y2_UO63,R6_F6_m6f6_P6_Y0_UO66,I6_F7_m-1f-1_P6_Y-1_U84,FXX,1,63.651694595057606,0,0,0.0,0,0,0,-9999.0,0.5,1,P5_CV0,3,0,2,1,1
6,2545325.475,726552.0418,R6_F6_m6f6_P6_Y2_UO77,R6_F6_m6f6_P6_Y0_UO210,R6_F6_m6f6_P6_Y0_UO667,MXY,1,63.651694595057606,0,0,0.0,0,0,0,-9999.0,0.5,1,P5_CV0,3,1,1,2,0
6,2545325.475,726552.0418,R6_F6_m6f6_P6_Y2_UO78,R6_F6_m6f6_P6_Y0_UO210,R6_F6_m6f6_P6_Y0_UO667,MXY,1,63.651694595057606,0,0,0.0,0,0,0,-9999.0,0.5,1,P5_CV0,3,1,1,2,0
6,2545325.475,726552.0418,R6_F6_m6f6_P6_Y2_UO79,R6_F6_m6f6_P6_Y0_UO210,R6_F6_m6f6_P6_Y0_UO667,MXY,1,63.651694595057606,0,0,0.0,0,0,0,-9999.0,0.5,1,P5_CV0,3,1,1,2,0
6,2545325.475,726552.0418,R6_F6_m6f6_P6_Y2_UO80,R6_F6_m6f6_P6_Y0_UO210,R6_F6_m6f6_P6_Y0_UO667,FXX,1,63.651694595057606,0,0,0.0,0,0,0,-9999.0,0.5,1,P5_CV0,3,1,1,2,0
6,2545325.475,726552.0418,R6_F6_m6f6_P6_Y2_UO85,R6_F6_m-1f-1_P6_Y-1_U92,R6_F6_m6f6_P6_Y0_UO144,MXY,1,63.651694595057606,0,0,0.0,0,0,0,-9999.0,0.375,1,P5_CV0,3,0,2,0,2
6,2545325.475,726552.0418,R6_F6_m6f6_P6_Y2_UO86,R6_F6_m-1f-1_P6_Y-1_U92,R6_F6_m6f6_P6_Y0_UO144,FXX,1,63.651694595057606,0,0,0.0,0,0,0,-9999.0,0.375,1,P5_CV0,3,0,2,0,2
6,2545325.475,726552.0418,R6_F6_m6f6_P6_Y2_UO87,R6_F6_m-1f-1_P6_Y-1_U92,R6_F6_m6f6_P6_Y0_UO144,FXX,1,63.651694595057606,0,0,0.0,0,0,0,-9999.0,0.375,1,P5_CV0,3,0,2,0,2
6,2545325.475,726552.0418,R6_F6_m6f6_P6_Y2_UO93,R6_F6_m-1f-1_P2_Y-1_U68,RD6_F6_m-1f-1_P6_Y-1_U107,FXX,1,63.651694595057606,0,0,0.0,0,0,0,-9999.0,1.0,1,P5_CV0,3,2,0,1,1
6,2545325.475,726552.0418,R6_F6_m6f6_P6_Y2_UO117,R6_F6_m6f6_P6_Y0_UO621,R6_F6_m6f6_P6_Y0_UO667,FXX,1,63.651694595057606,0,0,0.0,0,0,0,-9999.0,0.625,1,P5_CV0,3,1,1,1,1
6,2545325.475,726552.0418,R6_F6_m6f6_P6_Y2_UO118,R6_F6_m6f6_P6_Y0_UO621,R6_F6_m6f6_P6_Y0_UO667,FXX,1,63.651694595057606,0,0,0.0,0,0,0,-9999.0,0.625,1,P5_CV0,3,0,2,2,0
6,2545325.475,726552.0418,R6_F6_m6f6_P6_Y2_UO119,R6_F6_m6f6_P6_Y0_UO621,R6_F6_m6f6_P6_Y0_UO667,MXY,1,63.651694595057606,0,0,0.0,0,0,0,-9999.0,0.625,1,P5_CV0,3,0,2,2,0
6,2545325.475,726552.0418,R6_F6_m6f6_P6_Y2_UO120,R6_F6_m6f6_P6_Y0_UO621,R6_F6_m6f6_P6_Y0_UO667,FXX,1,63.651694595057606,0,0,0.0,0,0,0,-9999.0,0.625,1,P5_CV0,3,0,2,1,1
6,2545325.475,726552.0418,R6_F6_m6f6_P6_Y2_UO176,R6_F6_m-1f-1_P6_Y-1_U92,R6_F6_m-1f-1_P6_Y-1_U24,FXX,1,63.651694595057606,0,0,0.0,0,0,0,-9999.0,0.0,1,P5_CV0,3,0,2,1,1
6,2545325.475,726552.0418,R6_F6_m6f6_P6_Y2_UO177,R6_F6_m-1f-1_P6_Y-1_U92,R6_F6_m-1f-1_P6_Y-1_U24,MXY,1,63.651694595057606,0,0,0.0,0,0,0,-9999.0,0.0,1,P5_CV0,3,0,2,0,2
6,2545325.475,726552.0418,R6_F6_m6f6_P6_Y2_UO178,R6_F6_m-1f-1_P6_Y-1_U92,R6_F6_m-1f-1_P6_Y-1_U24,FXX,1,63.651694595057606,0,0,0.0,0,0,0,-9999.0,0.0,1,P5_CV0,3,0,2,1,1
6,2545325.475,726552.0418,R6_F6_m6f6_P6_Y2_UO215,R6_F6_m-1f-1_P6_Y-1_U17,I6_F7_m-1f-1_P6_Y-1_U84,MXY,1,63.651694595057606,0,0,0.0,0,0,0,-9999.0,0.5,1,P5_CV0,3,0,2,1,1
6,2545325.475,726552.0418,R6_F6_m6f6_P6_Y2_UO216,R6_F6_m-1f-1_P6_Y-1_U17,I6_F7_m-1f-1_P6_Y-1_U84,MXY,1,63.651694595057606,0,0,0.0,0,0,0,-9999.0,0.5,1,P5_CV0,3,1,1,2,0
6,2545325.475,726552.0418,R6_F6_m6f6_P6_Y2_UO217,R6_F6_m-1f-1_P6_Y-1_U17,I6_F7_m-1f-1_P6_Y-1_U84,FXX,1,63.651694595057606,0,0,0.0,0,0,0,-9999.0,0.5,1,P5_CV0,3,1,1,2,0
6,2545325.475,726552.0418,R6_F6_m6f6_P6_Y2_UO218,R6_F6_m-1f-1_P6_Y-1_U17,I6_F7_m-1f-1_P6_Y-1_U84,MXY,1,63.651694595057606,0,0,0.0,0,0,0,-9999.0,0.5,1,P5_CV0,3,1,1,2,0
6,2545325.475,726552.0418,R6_F6_m6f6_P6_Y2_UO229,R6_F6_m6f6_P6_Y0_UO66,I6_F7_m-1f-1_P6_Y-1_U84,FXX,1,63.651694595057606,0,0,0.0,0,0,0,-9999.0,0.5,1,P5_CV0,3,0,2,1,1
6,2545325.475,726552.0418,R6_F6_m6f6_P6_Y2_UO230,R6_F6_m6f6_P6_Y0_UO66,I6_F7_m-1f-1_P6_Y-1_U84,MXY,1,63.651694595057606,0,0,0.0,0,0,0,-9999.0,0.5,1,P5_CV0,3,1,1,1,1
6,2545325.475,726552.0418,R6_F6_m6f6_P6_Y2_UO231,R6_F6_m6f6_P6_Y0_UO66,I6_F7_m-1f-1_P6_Y-1_U84,FXX,1,63.651694595057606,0,0,0.0,0,0,0,-9999.0,0.5,1,P5_CV0,3,0,2,1,1
6,2545325.475,726552.0418,R6_F6_m6f6_P6_Y2_UO232,R6_F6_m6f6_P6_Y0_UO66,I6_F7_m-1f-1_P6_Y-1_U84,MXY,1,63.651694595057606,0,0,0.0,0,0,0,-9999.0,0.5,1,P5_CV0,3,1,1,1,1
6,2545325.475,726552.0418,R6_F6_m6f6_P6_Y2_UO233,R6_F6_m-1f-1_P6_Y-1_U92,R6_F6_m6f6_P6_Y0_UO362,FXX,1,63.651694595057606,0,0,0.0,0,0,0,-9999.0,0.5,1,P5_CV0,3,1,1,1,1
6,2545325.475,726552.0418,R6_F6_m6f6_P6_Y2_UO234,R6_F6_m-1f-1_P6_Y-1_U92,R6_F6_m6f6_P6_Y0_UO362,MXY,1,63.651694595057606,0,0,0.0,0,0,0,-9999.0,0.5,1,P5_CV0,3,1,1,1,1
6,2545325.475,726552.0418,R6_F6_m6f6_P6_Y2_UO235,R6_F6_m-1f-1_P6_Y-1_U92,R6_F6_m6f6_P6_Y0_UO362,MXY,1,63.651694595057606,0,0,0.0,0,0,0,-9999.0,0.5,1,P5_CV0,3,1,1,0,2
6,2545325.475,726552.0418,R6_F6_m6f6_P6_Y2_UO236,R6_F6_m-1f-1_P6_Y-1_U92,R6_F6_m6f6_P6_Y0_UO362,FXX,1,63.651694595057606,0,0,0.0,0,0,0,-9999.0,0.5,1,P5_CV0,3,1,1,0,2
6,2545325.475,726552.0418,R6_F6_m6f6_P6_Y2_UO301,R6_F6_m-1f-1_P6_Y-1_U93,R6_F6_m6f6_P6_Y0_UO581,FXX,1,63.651694595057606,0,0,0.0,0,0,0,-9999.0,0.125,1,P5_CV0,3,1,1,0,2
6,2545325.475,726552.0418,R6_F6_m6f6_P6_Y2_UO302,R6_F6_m-1f-1_P6_Y-1_U93,R6_F6_m6f6_P6_Y0_UO581,MXY,1,63.651694595057606,0,0,0.0,0,0,0,-9999.0,0.125,1,P5_CV0,3,0,2,1,1
6,2545325.475,726552.0418,R6_F6_m6f6_P6_Y2_UO303,R6_F6_m-1f-1_P6_Y-1_U93,R6_F6_m6f6_P6_Y0_UO581,FXX,1,63.651694595057606,0,0,0.0,0,0,0,-9999.0,0.125,1,P5_CV0,3,0,2,1,1
6,2545325.475,726552.0418,R6_F6_m6f6_P6_Y2_UO304,R6_F6_m-1f-1_P6_Y-1_U93,R6_F6_m6f6_P6_Y0_UO581,MXY,1,63.651694595057606,0,0,0.0,0,0,0,-9999.0,0.125,1,P5_CV0,3,1,1,1,1
6,2545325.475,726552.0418,R6_F6_m6f6_P6_Y2_UO305,R6_F6_m-1f-1_P6_Y-1_U74,R6_F6_m-1f-1_P6_Y-1_U51,MXY,1,63.651694595057606,0,0,0.0,0,0,0,-9999.0,0.25,1,P5_CV0,3,0,2,1,1
6,2545325.475,726552.0418,R6_F6_m6f6_P6_Y2_UO306,R6_F6_m-1f-1_P6_Y-1_U74,R6_F6_m-1f-1_P6_Y-1_U51,MXY,1,63.651694595057606,0,0,0.0,0,0,0,-9999.0,0.25,1,P5_CV0,3,1,1,1,1
6,2545325.475,726552.0418,R6_F6_m6f6_P6_Y2_UO307,R6_F6_m-1f-1_P6_Y-1_U74,R6_F6_m-1f-1_P6_Y-1_U51,MXY,1,63.651694595057606,0,0,0.0,0,0,0,-9999.0,0.25,1,P5_CV0,3,1,1,2,0
6,2545325.475,726552.0418,R6_F6_m6f6_P6_Y2_UO308,R6_F6_m-1f-1_P6_Y-1_U74,R6_F6_m-1f-1_P6_Y-1_U51,MXY,1,63.651694595057606,0,0,0.0,0,0,0,-9999.0,0.25,1,P5_CV0,3,1,1,2,0
6,2545325.475,726552.0418,R6_F6_m6f6_P6_Y2_UO309,R6_F6_m-1f-1_P6_Y-1_U74,R6_F6_m-1f-1_P6_Y-1_U51,MXY,1,63.651694595057606,0,0,0.0,0,0,0,-9999.0,0.25,1,P5_CV0,3,1,1,1,1
6,2545325.475,726552.0418,R6_F6_m6f6_P6_Y2_UO310,R6_F6_m-1f-1_P6_Y-1_U74,R6_F6_m-1f-1_P6_Y-1_U51,MXY,1,63.651694595057606,0,0,0.0,0,0,0,-9999.0,0.25,1,P5_CV0,3,0,2,2,0
6,2545325.475,726552.0418,R6_F6_m6f6_P6_Y2_UO347,R6_F6_m6f6_P6_Y0_UO210,R6_F6_m-1f-1_P6_Y-1_U51,FXX,1,63.651694595057606,0,0,0.0,0,0,0,-9999.0,0.25,1,P5_CV0,3,1,1,2,0
6,2545325.475,726552.0418,R6_F6_m6f6_P6_Y2_UO348,R6_F6_m6f6_P6_Y0_UO210,R6_F6_m-1f-1_P6_Y-1_U51,MXY,1,63.651694595057606,0,0,0.0,0,0,0,-9999.0,0.25,1,P5_CV0,3,1,1,2,0
6,2545325.475,726552.0418,R6_F6_m6f6_P6_Y2_UO349,R6_F6_m6f6_P6_Y0_UO210,R6_F6_m-1f-1_P6_Y-1_U51,FXX,1,63.651694595057606,0,0,0.0,0,0,0,-9999.0,0.25,1,P5_CV0,3,1,1,2,0
6,2545325.475,726552.0418,R6_F6_m6f6_P6_Y2_UO356,R6_F6_m-1f-1_P6_Y-1_U100,R6_F6_m-1f-1_P6_Y-1_U27,MXY,1,63.651694595057606,0,0,0.0,0,0,0,-9999.0,0.25,1,P5_CV0,3,1,1,1,1
6,2545325.475,726552.0418,R6_F6_m6f6_P6_Y2_UO357,R6_F6_m-1f-1_P6_Y-1_U100,R6_F6_m-1f-1_P6_Y-1_U27,FXX,1,63.651694595057606,0,0,0.0,0,0,0,-9999.0,0.25,1,P5_CV0,3,0,2,2,0
6,2545325.475,726552.0418,R6_F6_m6f6_P6_Y2_UO361,R6_F6_m-1f-1_P6_Y-1_U17,RD6_F6_m-1f-1_P6_Y-1_U107,MXY,1,63.651694595057606,0,0,0.0,0,0,0,-9999.0,0.75,1,P5_CV0,3,2,0,2,0
6,2545325.475,726552.0418,R6_F6_m6f6_P6_Y2_UO362,R6_F6_m-1f-1_P6_Y-1_U17,RD6_F6_m-1f-1_P6_Y-1_U107,FXX,1,63.651694595057606,0,0,0.0,0,0,0,-9999.0,0.75,1,P5_CV0,3,2,0,2,0
6,2545325.475,726552.0418,R6_F6_m6f6_P6_Y2_UO363,R6_F6_m-1f-1_P6_Y-1_U17,RD6_F6_m-1f-1_P6_Y-1_U107,MXY,1,63.651694595057606,0,0,0.0,0,0,0,-9999.0,0.75,1,P5_CV0,3,1,1,1,1
6,2545325.475,726552.0418,R6_F6_m6f6_P6_Y2_UO379,R6_F6_m6f6_P6_Y0_UO621,R6_F6_m6f6_P6_Y0_UO515,FXX,1,63.651694595057606,0,0,0.0,0,0,0,-9999.0,0.625,1,P5_CV0,3,1,1,1,1
6,2545325.475,726552.0418,R6_F6_m6f6_P6_Y2_UO447,R6_F6_m-1f-1_P6_Y-1_U34,R6_F6_m6f6_P6_Y0_UO487,MXY,1,63.651694595057606,0,0,0.0,0,0,0,-9999.0,0.75,1,P5_CV0,3,1,1,0,2
6,2545325.475,726552.0418,R6_F6_m6f6_P6_Y2_UO448,R6_F6_m-1f-1_P6_Y-1_U34,R6_F6_m6f6_P6_Y0_UO487,FXX,1,63.651694595057606,0,0,0.0,0,0,0,-9999.0,0.75,1,P5_CV0,3,1,1,1,1
6,2545325.475,726552.0418,R6_F6_m6f6_P6_Y2_UO449,R6_F6_m-1f-1_P6_Y-1_U34,R6_F6_m6f6_P6_Y0_UO487,FXX,1,63.651694595057606,0,0,0.0,0,0,0,-9999.0,0.75,1,P5_CV0,3,1,1,1,1
6,2545325.475,726552.0418,R6_F6_m6f6_P6_Y2_UO450,R6_F6_m-1f-1_P6_Y-1_U34,R6_F6_m6f6_P6_Y0_UO487,MXY,1,63.651694595057606,0,0,0.0,0,0,0,-9999.0,0.75,1,P5_CV0,3,1,1,1,1
6,2545325.475,726552.0418,R6_F6_m6f6_P6_Y2_UO451,R6_F6_m-1f-1_P6_Y-1_U34,R6_F6_m6f6_P6_Y0_UO487,MXY,1,63.651694595057606,0,0,0.0,0,0,0,-9999.0,0.75,1,P5_CV0,3,1,1,1,1
6,2545325.475,726552.0418,R6_F6_m6f6_P6_Y2_UO452,R6_F6_m-1f-1_P6_Y-1_U34,R6_F6_m6f6_P6_Y0_UO487,FXX,1,63.651694595057606,0,0,0.0,0,0,0,-9999.0,0.75,1,P5_CV0,3,1,1,0,2
6,2545325.475,726552.0418,R6_F6_m6f6_P6_Y2_UO453,R6_F6_m-1f-1_P6_Y-1_U34,R6_F6_m6f6_P6_Y0_UO487,MXY,1,63.651694595057606,0,0,0.0,0,0,0,-9999.0,0.75,1,P5_CV0,3,1,1,1,1
6,2545325.475,726552.0418,R6_F6_m6f6_P6_Y2_UO533,R6_F6_m6f6_P6_Y0_UO383,R6_F6_m6f6_P6_Y0_UO277,FXX,1,63.651694595057606,0,0,0.0,0,0,0,-9999.0,0.625,1,P5_CV0,3,1,1,0,2
6,2545325.475,726552.0418,R6_F6_m6f6_P6_Y2_UO534,R6_F6_m6f6_P6_Y0_UO383,R6_F6_m6f6_P6_Y0_UO277,FXX,1,63.651694595057606,0,0,0.0,0,0,0,-9999.0,0.625,1,P5_CV0,3,2,0,1,1
6,2545325.475,726552.0418,R6_F6_m6f6_P6_Y2_UO535,R6_F6_m6f6_P6_Y0_UO383,R6_F6_m6f6_P6_Y0_UO277,MXY,1,63.651694595057606,0,0,0.0,0,0,0,-9999.0,0.625,1,P5_CV0,3,1,1,0,2
6,2545325.475,726552.0418,R6_F6_m6f6_P6_Y2_UO592,R6_F6_m-1f-1_P6_Y-1_U12,I6_F7_m-1f-1_P6_Y-1_U84,MXY,1,63.651694595057606,0,0,0.0,0,0,0,-9999.0,0.5,1,P5_CV0,3,2,0,2,0
6,2545325.475,726552.0418,R6_F6_m6f6_P6_Y2_UO593,R6_F6_m-1f-1_P6_Y-1_U12,I6_F7_m-1f-1_P6_Y-1_U84,FXX,1,63.651694595057606,0,0,0.0,0,0,0,-9999.0,0.5,1,P5_CV0,3,1,1,2,0
6,2545325.475,726552.0418,R6_F6_m6f6_P6_Y2_UO594,R6_F6_m-1f-1_P6_Y-1_U12,I6_F7_m-1f-1_P6_Y-1_U84,MXY,1,63.651694595057606,0,0,0.0,0,0,0,-9999.0,0.5,1,P5_CV0,3,1,1,2,0
6,2545325.475,726552.0418,R6_F6_m6f6_P6_Y2_UO615,R6_F6_m-1f-1_P6_Y-1_U23,R6_F6_m6f6_P6_Y0_UO641,FXX,1,63.651694595057606,0,0,0.0,0,0,0,-9999.0,0.75,1,P5_CV0,3,2,0,0,2
6,2545325.475,726552.0418,R6_F6_m6f6_P6_Y2_UO616,R6_F6_m-1f-1_P6_Y-1_U23,R6_F6_m6f6_P6_Y0_UO641,MXY,1,63.651694595057606,0,0,0.0,0,0,0,-9999.0,0.75,1,P5_CV0,3,2,0,1,1
6,2545325.475,726552.0418,R6_F6_m6f6_P6_Y2_UO617,R6_F6_m-1f-1_P6_Y-1_U23,R6_F6_m6f6_P6_Y0_UO641,FXX,1,63.651694595057606,0,0,0.0,0,0,0,-9999.0,0.75,1,P5_CV0,3,2,0,1,1
6,2545325.475,726552.0418,R6_F6_m6f6_P6_Y2_UO618,R6_F6_m-1f-1_P6_Y-1_U23,R6_F6_m6f6_P6_Y0_UO641,MXY,1,63.651694595057606,0,0,0.0,0,0,0,-9999.0,0.75,1,P5_CV0,3,2,0,1,1
6,2545325.475,726552.0418,R6_F6_m6f6_P6_Y2_UO619,R6_F6_m-1f-1_P6_Y-1_U100,R6_F6_m6f6_P6_Y0_UO717,FXX,1,63.651694595057606,0,0,0.0,0,0,0,-9999.0,0.375,1,P5_CV0,3,2,0,1,1
6,2545325.475,726552.0418,R6_F6_m6f6_P6_Y2_UO620,R6_F6_m-1f-1_P6_Y-1_U100,R6_F6_m6f6_P6_Y0_UO717,FXX,1,63.651694595057606,0,0,0.0,0,0,0,-9999.0,0.375,1,P5_CV0,3,1,1,2,0
6,2545325.475,726552.0418,R6_F6_m6f6_P6_Y2_UO664,R6_F6_m6f6_P6_Y0_UO209,R6_F6_m6f6_P6_Y0_UO641,FXX,1,63.651694595057606,0,0,0.0,0,0,0,-9999.0,0.5,1,P5_CV0,3,2,0,1,1
6,2545325.475,726552.0418,R6_F6_m6f6_P6_Y2_UO665,R6_F6_m6f6_P6_Y0_UO209,R6_F6_m6f6_P6_Y0_UO641,FXX,1,63.651694595057606,0,0,0.0,0,0,0,-9999.0,0.5,1,P5_CV0,3,2,0,1,1
6,2545325.475,726552.0418,R6_F6_m6f6_P6_Y2_UO666,R6_F6_m6f6_P6_Y0_UO209,R6_F6_m6f6_P6_Y0_UO641,FXX,1,63.651694595057606,0,0,0.0,0,0,0,-9999.0,0.5,1,P5_CV0,3,2,0,0,2
6,2545325.475,726552.0418,R6_F6_m6f6_P6_Y2_UO667,R6_F6_m6f6_P6_Y0_UO209,R6_F6_m6f6_P6_Y0_UO641,FXX,1,63.651694595057606,0,0,0.0,0,0,0,-9999.0,0.5,1,P5_CV0,3,2,0,1,1
6,2545325.475,726552.0418,R6_F6_m6f6_P6_Y2_UO668,R6_F6_m6f6_P6_Y0_UO209,R6_F6_m6f6_P6_Y0_UO641,MXY,1,63.651694595057606,0,0,0.0,0,0,0,-9999.0,0.5,1,P5_CV0,3,2,0,1,1
6,2545325.475,726552.0418,R6_F6_m6f6_P6_Y1_UO241,R6_F6_m-1f-1_P6_Y-1_U30,R6_F6_m-1f-1_P6_Y-1_U14,FXX,2,86.93671385827288,1,0,1.523,0,0,0,-9999.0,0.0,1,P5_CV0,3,2,0,2,0
6,2545325.475,726552.0418,R6_F6_m6f6_P6_Y1_UO524,R6_F6_m-1f-1_P6_Y-1_U15,R6_F6_m-1f-1_P6_Y-1_U36,MXY,2,86.93671385827288,1,0,0.0,0,0,0,-9999.0,0.5,1,P5_CV0,3,2,0,0,2
6,2545325.475,726552.0418,R6_F6_m6f6_P6_Y1_UO0,R6_F6_m-1f-1_P6_Y-1_U93,R6_F6_m-1f-1_P6_Y-1_U22,MXY,2,86.93671385827288,1,0,0.0,0,0,0,-9999.0,0.25,1,P5_CV0,3,1,1,2,0
6,2545325.475,726552.0418,R6_F6_m6f6_P6_Y1_UO431,R6_F6_m-1f-1_P6_Y-1_U69,R6_F6_m-1f-1_P6_Y-1_U105,MXY,2,86.93671385827288,1,0,0.0,0,0,0,-9999.0,0.75,1,P5_CV0,3,0,2,2,0
6,2545325.475,726552.0418,R6_F6_m6f6_P6_Y1_UO138,R6_F6_m-1f-1_P6_Y-1_U113,R6_F6_m-1f-1_P6_Y-1_U79,MXY,2,86.93671385827288,1,0,0.0,0,0,0,-9999.0,1.0,1,P5_CV0,3,1,1,0,2
6,2545325.475,726552.0418,R6_F6_m6f6_P6_Y1_UO405,R6_F6_m-1f-1_P6_Y-1_U104,I6_F7_m-1f-1_P6_Y-1_U27,FXX,2,86.93671385827288,1,0,1.033,0,0,0,-9999.0,0.25,1,P5_CV0,3,0,2,1,1
6,2545325.475,726552.0418,R6_F6_m6f6_P6_Y1_UO281,R6_F6_m-1f-1_P6_Y-1_U93,R6_F6_m-1f-1_P6_Y-1_U61,MXY,2,86.93671385827288,1,0,0.0,0,0,0,-9999.0,0.5,1,P5_CV0,3,0,2,1,1
6,2545325.475,726552.0418,R6_F6_m6f6_P6_Y1_UO39,I6_F7_m-1f-1_P6_Y-1_U116,R6_F6_m-1f-1_P6_Y-1_U53,FXX,2,86.93671385827288,1,0,1.0,0,0,0,-9999.0,0.25,1,P5_CV0,3,1,1,1,1
6,2545325.475,726552.0418,R6_F6_m6f6_P6_Y1_UO457,R6_F6_m-1f-1_P6_Y-1_U8,R6_F6_m-1f-1_P6_Y-1_U43,FXX,2,86.93671385827288,1,0,1.198,0,0,0,-9999.0,0.75,1,P5_CV0,3,2,0,1,1
6,2545325.475,726552.0418,R6_F6_m6f6_P6_Y1_UO349,R6_F6_m-1f-1_P6_Y-1_U11,R6_F6_m-1f-1_P6_Y-1_U53,FXX,2,86.93671385827288,1,0,1.0,0,0,0,-9999.0,0.25,1,P5_CV0,3,1,1,0,2
6,2545325.475,726552.0418,R6_F6_m6f6_P6_Y1_UO149,R6_F6_m-1f-1_P6_Y-1_U86,R6_F6_m-1f-1_P6_Y-1_U35,MXY,2,86.93671385827288,1,0,0.0,0,0,0,-9999.0,0.25,1,P5_CV0,3,1,1,0,2
6,2545325.475,726552.0418,R6_F6_m6f6_P6_Y1_UO98,R6_F6_m-1f-1_P6_Y-1_U12,R6_F6_m-1f-1_P6_Y-1_U19,MXY,2,86.93671385827288,1,0,0.0,0,0,0,-9999.0,0.5,1,P5_CV0,3,2,0,1,1
6,2545325.475,726552.0418,R6_F6_m6f6_P6_Y1_UO515,R6_F6_m-1f-1_P6_Y-1_U12,R6_F6_m-1f-1_P6_Y-1_U110,FXX,2,86.93671385827288,1,0,2.979,0,0,0,-9999.0,0.25,1,P5_CV0,3,0,2,0,2
6,2545325.475,726552.0418,R6_F6_m6f6_P6_Y1_UO174,R6_F6_m-1f-1_P6_Y-1_U111,R6_F6_m-1f-1_P6_Y-1_U117,FXX,2,86.93671385827288,1,0,1.816,0,0,0,-9999.0,0.5,1,P5_CV0,3,2,0,0,2
6,2545325.475,726552.0418,R6_F6_m6f6_P6_Y1_UO184,R6_F6_m-1f-1_P6_Y-1_U30,R6_F6_m-1f-1_P6_Y-1_U97,FXX,2,86.93671385827288,1,0,2.15,0,0,0,-9999.0,0.5,1,P5_CV0,3,0,2,0,2
6,2545325.475,726552.0418,R6_F6_m6f6_P6_Y1_UO455,R6_F6_m-1f-1_P6_Y-1_U8,R6_F6_m-1f-1_P6_Y-1_U43,FXX,2,86.93671385827288,1,0,1.0,0,0,0,-9999.0,0.75,1,P5_CV0,3,1,1,1,1
6,2545325.475,726552.0418,R6_F6_m6f6_P6_Y1_UO48,R6_F6_m-1f-1_P6_Y-1_U92,R6_F6_m-1f-1_P6_Y-1_U54,MXY,2,86.93671385827288,1,0,0.0,0,0,0,-9999.0,0.5,1,P5_CV0,3,1,1,1,1
6,2545325.475,726552.0418,R6_F6_m6f6_P6_Y1_UO536,R6_F6_m-1f-1_P6_Y-1_U113,R6_F6_m-1f-1_P6_Y-1_U72,MXY,2,86.93671385827288,1,0,0.0,0,0,0,-9999.0,0.75,1,P5_CV0,3,0,2,0,2
6,2545325.475,726552.0418,R6_F6_m6f6_P6_Y1_UO424,R6_F6_m-1f-1_P6_Y-1_U92,R6_F6_m-1f-1_P6_Y-1_U66,MXY,2,86.93671385827288,1,0,0.0,0,0,0,-9999.0,0.25,1,P5_CV0,3,1,1,1,1
6,2545325.475,726552.0418,R6_F6_m6f6_P6_Y1_UO282,I6_F7_m-1f-1_P6_Y-1_U116,R6_F6_m-1f-1_P6_Y-1_U76,FXX,2,86.93671385827288,1,0,1.0,0,0,0,-9999.0,0.5,1,P5_CV0,3,0,2,1,1
6,2545325.475,726552.0418,R6_F6_m6f6_P6_Y1_UO38,R6_F6_m-1f-1_P6_Y-1_U32,R6_F6_m-1f-1_P6_Y-1_U91,FXX,2,86.93671385827288,1,0,0.0,0,0,0,-9999.0,0.75,1,P5_CV0,3,1,1,2,0
6,2545325.475,726552.0418,R6_F6_m6f6_P6_Y1_UO54,R6_F6_m-1f-1_P6_Y-1_U101,R6_F6_m-1f-1_P6_Y-1_U29,MXY,2,86.93671385827288,1,0,0.0,0,0,0,-9999.0,0.75,1,P5_CV0,3,0,2,2,0
6,2545325.475,726552.0418,R6_F6_m6f6_P6_Y1_UO394,R6_F6_m-1f-1_P6_Y-1_U21,R6_F6_m-1f-1_P6_Y-1_U1,MXY,2,86.93671385827288,1,0,0.0,0,0,0,-9999.0,0.0,1,P5_CV0,3,1,1,1,1
6,2545325.475,726552.0418,R6_F6_m6f6_P6_Y1_UO136,R6_F6_m-1f-1_P6_Y-1_U113,R6_F6_m-1f-1_P6_Y-1_U79,FXX,2,86.93671385827288,1,0,1.36,0,0,0,-9999.0,1.0,1,P5_CV0,3,1,1,0,2
6,2545325.475,726552.0418,R6_F6_m6f6_P6_Y1_UO463,R6_F6_m-1f-1_P6_Y-1_U60,R6_F6_m-1f-1_P6_Y-1_U37,FXX,2,86.93671385827288,1,0,1.0,0,0,0,-9999.0,0.5,1,P5_CV0,3,2,0,2,0
6,2545325.475,726552.0418,R6_F6_m6f6_P6_Y1_UO178,R6_F6_m-1f-1_P6_Y-1_U8,R6_F6_m-1f-1_P6_Y-1_U118,MXY,2,86.93671385827288,1,0,0.0,0,0,0,-9999.0,0.5,1,P5_CV0,3,1,1,1,1
6,2545325.475,726552.0418,R6_F6_m6f6_P6_Y1_UO1,R6_F6_m-1f-1_P6_Y-1_U93,R6_F6_m-1f-1_P6_Y-1_U22,FXX,2,86.93671385827288,1,0,1.898,0,0,0,-9999.0,0.25,1,P5_CV0,3,0,2,1,1
6,2545325.475,726552.0418,R6_F6_m6f6_P6_Y1_UO430,R6_F6_m-1f-1_P6_Y-1_U69,R6_F6_m-1f-1_P6_Y-1_U105,MXY,2,86.93671385827288,1,0,0.0,0,0,0,-9999.0,0.75,1,P5_CV0,3,1,1,2,0
6,2545325.475,726552.0418,R6_F6_m6f6_P6_Y1_UO541,RD6_F2_m-1f-1_P2_Y-1_U68,R6_F6_m-1f-1_P6_Y-1_U10,FXX,2,86.93671385827288,1,0,1.657,0,0,0,-9999.0,0.75,1,P5_CV0,3,1,1,0,2
6,2545325.475,726552.0418,R6_F6_m6f6_P6_Y1_UO118,R6_F6_m-1f-1_P6_Y-1_U8,R6_F6_m-1f-1_P6_Y-1_U65,FXX,2,86.93671385827288,1,0,2.158,0,0,0,-9999.0,0.75,1,P5_CV0,3,0,2,1,1
6,2545325.475,726552.0418,R6_F6_m6f6_P6_Y1_UO151,R6_F6_m-1f-1_P6_Y-1_U86,R6_F6_m-1f-1_P6_Y-1_U68,FXX,2,86.93671385827288,1,0,1.686,0,0,0,-9999.0,0.5,1,P5_CV0,3,2,0,2,0
6,2545325.475,726552.0418,R6_F6_m6f6_P6_Y1_UO177,R6_F6_m-1f-1_P6_Y-1_U8,R6_F6_m-1f-1_P6_Y-1_U118,MXY,2,86.93671385827288,1,0,0.0,0,0,0,-9999.0,0.5,1,P5_CV0,3,1,1,1,1
6,2545325.475,726552.0418,R6_F6_m6f6_P6_Y1_UO245,R6_F6_m-1f-1_P6_Y-1_U38,R6_F6_m-1f-1_P6_Y-1_U97,FXX,2,86.93671385827288,1,0,1.0,0,0,0,-9999.0,1.0,1,P5_CV0,3,1,1,1,1
6,2545325.475,726552.0418,R6_F6_m6f6_P6_Y1_UO52,R6_F6_m-1f-1_P6_Y-1_U101,R6_F6_m-1f-1_P6_Y-1_U29,FXX,2,86.93671385827288,1,0,0.0,0,0,0,-9999.0,0.75,1,P5_CV0,3,1,1,0,2
6,2545325.475,726552.0418,R6_F6_m6f6_P6_Y1_UO470,R6_F6_m-1f-1_P6_Y-1_U3,R6_F6_m-1f-1_P6_Y-1_U22,MXY,2,86.93671385827288,1,0,0.0,0,0,0,-9999.0,0.25,1,P5_CV0,3,1,1,2,0
6,2545325.475,726552.0418,R6_F6_m6f6_P6_Y1_UO404,R6_F6_m-1f-1_P6_Y-1_U104,I6_F7_m-1f-1_P6_Y-1_U27,MXY,2,86.93671385827288,1,0,0.0,0,0,0,-9999.0,0.25,1,P5_CV0,3,0,2,0,2
6,2545325.475,726552.0418,R6_F6_m6f6_P6_Y1_UO137,R6_F6_m-1f-1_P6_Y-1_U113,R6_F6_m-1f-1_P6_Y-1_U79,FXX,2,86.93671385827288,1,0,0.0,0,0,0,-9999.0,1.0,1,P5_CV0,3,1,1,2,0
6,2545325.475,726552.0418,R6_F6_m6f6_P6_Y1_UO355,I6_F7_m-1f-1_P6_Y-1_U116,R6_F6_m-1f-1_P6_Y-1_U68,FXX,2,86.93671385827288,1,0,0.0,0,0,0,-9999.0,0.5,1,P5_CV0,3,0,2,0,2
6,2545325.475,726552.0418,R6_F6_m6f6_P6_Y1_UO291,R6_F6_m-1f-1_P6_Y-1_U33,R6_F6_m-1f-1_P6_Y-1_U28,FXX,2,86.93671385827288,1,0,3.178,0,0,0,-9999.0,0.25,1,P5_CV0,3,2,0,1,1
6,2545325.475,726552.0418,R6_F6_m6f6_P6_Y1_UO89,R6_F6_m-1f-1_P6_Y-1_U93,R6_F6_m-1f-1_P6_Y-1_U123,MXY,2,86.93671385827288,1,0,0.0,0,0,0,-9999.0,0.25,1,P5_CV0,3,0,2,1,1
6,2545325.475,726552.0418,R6_F6_m6f6_P6_Y1_UO99,R6_F6_m-1f-1_P6_Y-1_U12,R6_F6_m-1f-1_P6_Y-1_U19,FXX,2,86.93671385827288,1,0,0.0,0,0,0,-9999.0,0.5,1,P5_CV0,3,0,2,2,0
6,2545325.475,726552.0418,R6_F6_m6f6_P6_Y1_UO384,R6_F6_m-1f-1_P6_Y-1_U44,R6_F6_m-1f-1_P6_Y-1_U67,MXY,2,86.93671385827288,1,0,0.0,0,0,0,-9999.0,0.5,1,P5_CV0,3,0,2,0,2
6,2545325.475,726552.0418,R6_F6_m6f6_P6_Y1_UO179,R6_F6_m-1f-1_P6_Y-1_U8,R6_F6_m-1f-1_P6_Y-1_U118,MXY,2,86.93671385827288,1,0,0.0,0,0,0,-9999.0,0.5,1,P5_CV0,3,1,1,0,2
6,2545325.475,726552.0418,R6_F6_m6f6_P6_Y1_UO537,R6_F6_m-1f-1_P6_Y-1_U113,R6_F6_m-1f-1_P6_Y-1_U72,FXX,2,86.93671385827288,1,0,0.0,0,0,0,-9999.0,0.75,1,P5_CV0,3,0,2,1,1
6,2545325.475,726552.0418,R6_F6_m6f6_P6_Y1_UO164,R6_F6_m-1f-1_P6_Y-1_U15,R6_F6_m-1f-1_P6_Y-1_U64,MXY,2,86.93671385827288,1,0,0.0,0,0,0,-9999.0,0.5,1,P5_CV0,3,1,1,1,1
6,2545325.475,726552.0418,R6_F6_m6f6_P6_Y1_UO543,R6_F6_m-1f-1_P6_Y-1_U34,R6_F6_m-1f-1_P6_Y-1_U50,FXX,2,86.93671385827288,1,0,1.708,0,0,0,-9999.0,0.75,1,P5_CV0,3,2,0,1,1
6,2545325.475,726552.0418,R6_F6_m6f6_P6_Y1_UO9,R6_F6_m-1f-1_P6_Y-1_U86,R6_F6_m-1f-1_P6_Y-1_U122,FXX,2,86.93671385827288,1,0,1.045,0,0,0,-9999.0,0.75,1,P5_CV0,3,0,2,0,2
6,2545325.475,726552.0418,R6_F6_m6f6_P6_Y1_UO542,R6_F6_m-1f-1_P6_Y-1_U106,R6_F6_m-1f-1_P6_Y-1_U87,FXX,2,86.93671385827288,1,0,2.344,0,0,0,-9999.0,0.5,1,P5_CV0,3,1,1,1,1
6,2545325.475,726552.0418,R6_F6_m6f6_P6_Y1_UO150,R6_F6_m-1f-1_P6_Y-1_U86,R6_F6_m-1f-1_P6_Y-1_U35,FXX,2,86.93671385827288,1,0,1.0,0,0,0,-9999.0,0.25,1,P5_CV0,3,2,0,1,1
6,2545325.475,726552.0418,R6_F6_m6f6_P6_Y1_UO11,R6_F6_m-1f-1_P6_Y-1_U86,R6_F6_m-1f-1_P6_Y-1_U122,FXX,2,86.93671385827288,1,0,2.163,0,0,0,-9999.0,0.75,1,P5_CV0,3,2,0,2,0
6,2545325.475,726552.0418,R6_F6_m6f6_P6_Y1_UO154,R6_F6_m-1f-1_P6_Y-1_U5,R6_F6_m-1f-1_P6_Y-1_U76,MXY,2,86.93671385827288,1,0,0.0,0,0,0,-9999.0,0.25,1,P5_CV0,3,1,1,0,2
6,2545325.475,726552.0418,R6_F6_m6f6_P6_Y1_UO432,R6_F6_m-1f-1_P6_Y-1_U69,R6_F6_m-1f-1_P6_Y-1_U105,FXX,2,86.93671385827288,1,0,2.071,0,0,0,-9999.0,0.75,1,P5_CV0,3,1,1,0,2
6,2545325.475,726552.0418,R6_F6_m6f6_P6_Y1_UO155,R6_F6_m-1f-1_P6_Y-1_U5,R6_F6_m-1f-1_P6_Y-1_U76,FXX,2,86.93671385827288,1,0,0.0,0,0,0,-9999.0,0.25,1,P5_CV0,3,2,0,1,1
6,2545325.475,726552.0418,R6_F6_m6f6_P6_Y1_UO246,R6_F6_m-1f-1_P6_Y-1_U38,R6_F6_m-1f-1_P6_Y-1_U97,MXY,2,86.93671385827288,1,0,0.0,0,0,0,-9999.0,1.0,1,P5_CV0,3,2,0,1,1
6,2545325.475,726552.0418,R6_F6_m6f6_P6_Y1_UO37,R6_F6_m-1f-1_P6_Y-1_U32,R6_F6_m-1f-1_P6_Y-1_U91,FXX,2,86.93671385827288,1,0,0.0,0,0,0,-9999.0,0.75,1,P5_CV0,3,0,2,1,1
6,2545325.475,726552.0418,R6_F6_m6f6_P6_Y0_UO360,R6_F6_m-1f-1_P6_Y-1_U113,R6_F6_m-1f-1_P6_Y-1_U36,MXY,3,101.24391395303908,1,0,0.0,0,0,0,-9999.0,1.0,1,P5_CV0,3,0,2,0,2
6,2545325.475,726552.0418,R6_F6_m6f6_P6_Y0_UO0,R6_F6_m-1f-1_P6_Y-1_U45,R6_F6_m-1f-1_P6_Y-1_U96,MXY,3,101.24391395303908,1,0,0.0,0,0,0,-9999.0,0.75,1,P5_CV0,3,0,2,2,0
6,2545325.475,726552.0418,R6_F6_m6f6_P6_Y0_UO621,R6_F6_m-1f-1_P6_Y-1_U57,R6_F6_m-1f-1_P6_Y-1_U118,FXX,3,101.24391395303908,1,0,2.306,0,0,0,-9999.0,0.75,1,P5_CV0,3,1,1,1,1
6,2545325.475,726552.0418,R6_F6_m6f6_P6_Y0_UO209,R6_F6_m-1f-1_P6_Y-1_U78,R6_F6_m-1f-1_P6_Y-1_U55,FXX,3,101.24391395303908,1,0,0.0,0,0,0,-9999.0,0.5,1,P5_CV0,3,2,0,1,1
6,2545325.475,726552.0418,R6_F6_m6f6_P6_Y0_UO385,R6_F6_m-1f-1_P6_Y-1_U116,R6_F6_m-1f-1_P6_Y-1_U64,FXX,3,101.24391395303908,1,0,1.0,0,0,0,-9999.0,0.75,1,P5_CV0,3,2,0,1,1
6,2545325.475,726552.0418,R6_F6_m6f6_P6_Y0_UO409,R6_F6_m-1f-1_P6_Y-1_U99,R6_F6_m-1f-1_P6_Y-1_U51,FXX,3,101.24391395303908,1,0,0.0,0,0,0,-9999.0,0.25,1,P5_CV0,3,2,0,1,1
6,2545325.475,726552.0418,R6_F6_m6f6_P6_Y0_UO305,R6_F6_m-1f-1_P6_Y-1_U62,R6_F6_m-1f-1_P6_Y-1_U84,FXX,3,101.24391395303908,1,0,0.0,0,0,0,-9999.0,0.5,1,P5_CV0,3,1,1,1,1
6,2545325.475,726552.0418,R6_F6_m6f6_P6_Y0_UO715,R6_F6_m-1f-1_P6_Y-1_U78,R6_F6_m-1f-1_P6_Y-1_U72,FXX,3,101.24391395303908,1,0,1.0,0,0,0,-9999.0,0.25,1,P5_CV0,3,0,2,1,1
6,2545325.475,726552.0418,R6_F6_m6f6_P6_Y0_UO620,R6_F6_m-1f-1_P6_Y-1_U57,R6_F6_m-1f-1_P6_Y-1_U118,MXY,3,101.24391395303908,1,0,0.0,0,0,0,-9999.0,0.75,1,P5_CV0,3,1,1,1,1
6,2545325.475,726552.0418,R6_F6_m6f6_P6_Y0_UO487,R6_F6_m-1f-1_P6_Y-1_U99,R6_F6_m-1f-1_P6_Y-1_U63,MXY,3,101.24391395303908,1,0,0.0,0,0,0,-9999.0,0.5,1,P5_CV0,3,0,2,0,2
6,2545325.475,726552.0418,R6_F6_m6f6_P6_Y0_UO127,R6_F6_m-1f-1_P6_Y-1_U8,R6_F6_m-1f-1_P6_Y-1_U118,FXX,3,101.24391395303908,1,0,2.384,0,0,0,-9999.0,0.5,1,P5_CV0,3,0,2,1,1
6,2545325.475,726552.0418,R6_F6_m6f6_P6_Y0_UO579,R6_F6_m-1f-1_P6_Y-1_U4,R6_F6_m-1f-1_P6_Y-1_U72,MXY,3,101.24391395303908,1,0,0.0,0,0,0,-9999.0,0.25,1,P5_CV0,3,2,0,1,1
6,2545325.475,726552.0418,R6_F6_m6f6_P6_Y0_UO3,R6_F6_m-1f-1_P6_Y-1_U45,R6_F6_m-1f-1_P6_Y-1_U96,MXY,3,101.24391395303908,1,0,0.0,0,0,0,-9999.0,0.75,1,P5_CV0,3,0,2,2,0
6,2545325.475,726552.0418,R6_F6_m6f6_P6_Y0_UO267,R6_F6_m-1f-1_P6_Y-1_U8,R6_F6_m-1f-1_P6_Y-1_U51,FXX,3,101.24391395303908,1,0,0.0,0,0,0,-9999.0,0.25,1,P5_CV0,3,1,1,2,0
6,2545325.475,726552.0418,R6_F6_m6f6_P6_Y0_UO144,R6_F6_m-1f-1_P6_Y-1_U70,R6_F6_m-1f-1_P6_Y-1_U64,MXY,3,101.24391395303908,1,0,0.0,0,0,0,-9999.0,0.75,1,P5_CV0,3,1,1,0,2
6,2545325.475,726552.0418,R6_F6_m6f6_P6_Y0_UO581,R6_F6_m-1f-1_P6_Y-1_U4,R6_F6_m-1f-1_P6_Y-1_U72,MXY,3,101.24391395303908,1,0,0.0,0,0,0,-9999.0,0.25,1,P5_CV0,3,1,1,1,1
6,2545325.475,726552.0418,R6_F6_m6f6_P6_Y0_UO277,R6_F6_m-1f-1_P6_Y-1_U18,R6_F6_m-1f-1_P6_Y-1_U35,MXY,3,101.24391395303908,1,0,0.0,0,0,0,-9999.0,0.5,1,P5_CV0,3,1,1,1,1
6,2545325.475,726552.0418,R6_F6_m6f6_P6_Y0_UO515,R6_F6_m-1f-1_P6_Y-1_U33,R6_F6_m-1f-1_P6_Y-1_U64,MXY,3,101.24391395303908,1,0,0.0,0,0,0,-9999.0,0.5,1,P5_CV0,3,2,0,2,0
6,2545325.475,726552.0418,R6_F6_m6f6_P6_Y0_UO586,R6_F6_m-1f-1_P6_Y-1_U116,R6_F6_m-1f-1_P6_Y-1_U82,FXX,3,101.24391395303908,1,0,0.0,0,0,0,-9999.0,0.5,1,P5_CV0,3,1,1,0,2
6,2545325.475,726552.0418,R6_F6_m6f6_P6_Y0_UO269,R6_F6_m-1f-1_P6_Y-1_U8,R6_F6_m-1f-1_P6_Y-1_U51,MXY,3,101.24391395303908,1,0,0.0,0,0,0,-9999.0,0.25,1,P5_CV0,3,1,1,1,1
6,2545325.475,726552.0418,R6_F6_m6f6_P6_Y0_UO125,R6_F6_m-1f-1_P6_Y-1_U62,R6_F6_m-1f-1_P6_Y-1_U120,FXX,3,101.24391395303908,1,0,0.0,0,0,0,-9999.0,0.25,1,P5_CV0,3,0,2,0,2
6,2545325.475,726552.0418,R6_F6_m6f6_P6_Y0_UO68,R6_F6_m-1f-1_P6_Y-1_U69,R6_F6_m-1f-1_P6_Y-1_U7,FXX,3,101.24391395303908,1,0,0.0,0,0,0,-9999.0,0.5,1,P5_CV0,3,2,0,1,1
6,2545325.475,726552.0418,R6_F6_m6f6_P6_Y0_UO701,R6_F6_m-1f-1_P6_Y-1_U78,R6_F6_m-1f-1_P6_Y-1_U118,FXX,3,101.24391395303908,1,0,0.0,0,0,0,-9999.0,0.25,1,P5_CV0,3,1,1,2,0
6,2545325.475,726552.0418,R6_F6_m6f6_P6_Y0_UO383,R6_F6_m-1f-1_P6_Y-1_U116,R6_F6_m-1f-1_P6_Y-1_U64,FXX,3,101.24391395303908,1,0,0.0,0,0,0,-9999.0,0.75,1,P5_CV0,3,2,0,1,1
6,2545325.475,726552.0418,R6_F6_m6f6_P6_Y0_UO718,R6_F6_m-1f-1_P6_Y-1_U4,R6_F6_m-1f-1_P6_Y-1_U126,FXX,3,101.24391395303908,1,0,1.0,0,0,0,-9999.0,0.5,1,P5_CV0,3,2,0,1,1
6,2545325.475,726552.0418,R6_F6_m6f6_P6_Y0_UO109,R6_F6_m-1f-1_P6_Y-1_U69,R6_F6_m-1f-1_P6_Y-1_U24,MXY,3,101.24391395303908,1,0,0.0,0,0,0,-9999.0,0.25,1,P5_CV0,3,1,1,1,1
6,2545325.475,726552.0418,R6_F6_m6f6_P6_Y0_UO210,R6_F6_m-1f-1_P6_Y-1_U78,R6_F6_m-1f-1_P6_Y-1_U55,FXX,3,101.24391395303908,1,0,0.0,0,0,0,-9999.0,0.5,1,P5_CV0,3,2,0,2,0
6,2545325.475,726552.0418,R6_F6_m6f6_P6_Y0_UO66,R6_F6_m-1f-1_P6_Y-1_U69,R6_F6_m-1f-1_P6_Y-1_U7,FXX,3,101.24391395303908,1,0,1.565,0,0,0,-9999.0,0.5,1,P5_CV0,3,0,2,0,2
6,2545325.475,726552.0418,R6_F6_m6f6_P6_Y0_UO667,R6_F6_m-1f-1_P6_Y-1_U4,R6_F6_m-1f-1_P6_Y-1_U55,MXY,3,101.24391395303908,1,0,0.0,0,0,0,-9999.0,0.5,1,P5_CV0,3,0,2,2,0
6,2545325.475,726552.0418,R6_F6_m6f6_P6_Y0_UO439,R6_F6_m-1f-1_P6_Y-1_U62,R6_F6_m-1f-1_P6_Y-1_U120,FXX,3,101.24391395303908,1,0,1.873,0,0,0,-9999.0,0.25,1,P5_CV0,3,2,0,0,2
6,2545325.475,726552.0418,R6_F6_m6f6_P6_Y0_UO641,R6_F6_m-1f-1_P6_Y-1_U18,R6_F6_m-1f-1_P6_Y-1_U120,MXY,3,101.24391395303908,1,0,0.0,0,0,0,-9999.0,0.5,1,P5_CV0,3,2,0,0,2
6,2545325.475,726552.0418,R6_F6_m6f6_P6_Y0_UO362,R6_F6_m-1f-1_P6_Y-1_U113,R6_F6_m-1f-1_P6_Y-1_U36,MXY,3,101.24391395303908,1,0,0.0,0,0,0,-9999.0,1.0,1,P5_CV0,3,2,0,0,2
6,2545325.475,726552.0418,R6_F6_m6f6_P6_Y0_UO717,R6_F6_m-1f-1_P6_Y-1_U78,R6_F6_m-1f-1_P6_Y-1_U72,MXY,3,101.24391395303908,1,0,0.0,0,0,0,-9999.0,0.25,1,P5_CV0,3,1,1,2,0
6,2545325.475,726552.0418,R6_F6_m6f6_P6_Y0_UO440,R6_F6_m-1f-1_P6_Y-1_U62,R6_F6_m-1f-1_P6_Y-1_U120,FXX,3,101.24391395303908,1,0,0.0,0,0,0,-9999.0,0.25,1,P5_CV0,3,0,2,2,0
6,2545325.475,726552.0418,R6_F6_m6f6_P6_Y0_UO300,R6_F6_m-1f-1_P6_Y-1_U62,R6_F6_m-1f-1_P6_Y-1_U84,MXY,3,101.24372887456849,1,0,0.0,0,0,0,-9999.0,0.5,1,P5_CV0,3,1,1,1,1
6,2545325.475,726552.0418,R6_F6_m-1f-1_P6_Y-1_U44,-9999,-9999,FXX,4,118.79126919804301,1,0,0.0,0,0,0,-9999.0,0.5,1,P5_CV0,3,1,1,1,1
6,2545325.475,726552.0418,R6_F6_m-1f-1_P6_Y-1_U92,-9999,-9999,FXX,4,118.79126919804301,1,0,1.084,0,0,0,-9999.0,0.0,1,P5_CV0,3,0,2,1,1
6,2545325.475,726552.0418,R6_F6_m-1f-1_P6_Y-1_U93,-9999,-9999,FXX,4,118.79126919804301,1,0,1.0,0,0,0,-9999.0,0.0,1,P5_CV0,3,0,2,1,1
6,2545325.475,726552.0418,R6_F6_m-1f-1_P6_Y-1_U23,-9999,-9999,FXX,4,118.79126919804301,1,0,1.0,0,0,0,-9999.0,1.0,1,P5_CV0,3,2,0,1,1
6,2545325.475,726552.0418,R6_F6_m-1f-1_P6_Y-1_U12,-9999,-9999,FXX,4,118.79126919804301,1,0,2.672,0,0,0,-9999.0,0.5,1,P5_CV0,3,1,1,2,0
6,2545325.475,726552.0418,R6_F6_m-1f-1_P6_Y-1_U100,-9999,-9999,FXX,4,118.79126919804301,1,0,0.0,0,0,0,-9999.0,0.5,1,P5_CV0,3,1,1,1,1
6,2545325.475,726552.0418,R6_F6_m-1f-1_P6_Y-1_U20,-9999,-9999,FXX,4,118.79126919804301,1,0,0.0,0,0,0,-9999.0,1.0,1,P5_CV0,3,2,0,0,2
6,2545325.475,726552.0418,R6_F6_m-1f-1_P6_Y-1_U107,-9999,-9999,MXY,4,118.79126919804301,1,0,0.0,0,0,0,-9999.0,1.0,1,P5_CV0,3,2,0,2,0
6,2545325.475,726552.0418,R6_F6_m-1f-1_P6_Y-1_U17,-9999,-9999,FXX,4,118.79126919804301,1,0,1.398,0,0,0,-9999.0,0.5,1,P5_CV0,3,1,1,1,1
6,2545325.475,726552.0418,R6_F6_m-1f-1_P6_Y-1_U28,-9999,-9999,MXY,4,118.79126919804301,1,0,0.0,0,0,0,-9999.0,0.5,1,P5_CV0,3,1,1,2,0
6,2545325.475,726552.0418,R6_F6_m-1f-1_P6_Y-1_U125,-9999,-9999,FXX,4,118.79126919804301,1,0,1.0,0,0,0,-9999.0,0.5,1,P5_CV0,3,1,1,1,1
6,2545325.475,726552.0418,R6_F6_m-1f-1_P6_Y-1_U10,-9999,-9999,MXY,4,118.79126919804301,1,0,0.0,0,0,0,-9999.0,0.5,1,P5_CV0,3,1,1,1,1
6,2545325.475,726552.0418,R6_F6_m-1f-1_P6_Y-1_U74,-9999,-9999,FXX,4,118.79126919804301,1,0,0.0,0,0,0,-9999.0,0.5,1,P5_CV0,3,1,1,1,1
6,2545325.475,726552.0418,R6_F6_m-1f-1_P6_Y-1_U111,-9999,-9999,FXX,4,118.79108683083575,1,0,1.458,0,0,0,-9999.0,0.5,1,P5_CV0,3,1,1,0,2
6,2545325.475,726552.0418,R6_F6_m-1f-1_P6_Y-1_U71,-9999,-9999,MXY,5,130.00097002388333,1,0,0.0,0,0,0,-9999.0,0.5,1,P5_CV0,3,1,1,1,1
6,2545325.475,726552.0418,R6_F6_m-1f-1_P6_Y-1_U84,-9999,-9999,MXY,5,127.43081004332224,1,0,0.0,0,0,0,-9999.0,0.5,1,P5_CV0,3,1,1,2,0
6,2545325.475,726552.0418,R6_F6_m-1f-1_P6_Y-1_U78,-9999,-9999,FXX,5,126.75497002388335,1,0,2.473,0,0,0,-9999.0,0.0,1,P5_CV0,3,0,2,1,1
6,2545325.475,726552.0418,R6_F6_m-1f-1_P6_Y-1_U34,-9999,-9999,FXX,5,122.70597002388335,1,0,0.0,0,0,0,-9999.0,1.0,1,P5_CV0,3,2,0,1,1
6,2545325.475,726552.0418,R6_F6_m-1f-1_P6_Y-1_U87,-9999,-9999,MXY,5,133.37797002388334,1,0,0.0,0,0,0,-9999.0,0.5,1,P5_CV0,3,1,1,0,2
6,2545325.475,726552.0418,R6_F6_m-1f-1_P6_Y-1_U33,-9999,-9999,FXX,5,129.29297002388333,1,0,0.0,0,0,0,-9999.0,0.0,1,P5_CV0,3,0,2,1,1
