PatchID,XCOORD,YCOORD,ID,MID,FID,sex,age,size,mature,newmature,layeggs,capture,recapture,state,CDist,Hindex,Species,ClassFile,SubPatchID,L0A0,L0A1,L1A0,L1A1
1,2540470.832,712452.2021,R1_F1_m1f1_P1_Y0_UO0,R1_F1_m-1f-1_P1_Y-1_U53,R1_F1_m-1f-1_P1_Y-1_U44,FXX,1,53.62613020747331,0,0,0.0,0,0,0,-9999.0,0.25,1,P0_CV0,1,1,1,1,1
1,2540470.832,712452.2021,R1_F1_m1f1_P1_Y0_UO1,R1_F1_m-1f-1_P1_Y-1_U53,R1_F1_m-1f-1_P1_Y-1_U44,MXY,1,53.62613020747331,0,0,0.0,0,0,0,-9999.0,0.25,1,P0_CV0,1,2,0,1,1
1,2540470.832,712452.2021,R1_F1_m1f1_P1_Y0_UO2,R1_F1_m-1f-1_P1_Y-1_U53,R1_F1_m-1f-1_P1_Y-1_U44,MXY,1,53.62613020747331,0,0,0.0,0,0,0,-9999.0,0.25,1,P0_CV0,1,2,0,1,1
1,2540470.832,712452.2021,R1_F1_m1f1_P1_Y0_UO3,R1_F1_m-1f-1_P1_Y-1_U53,R1_F1_m-1f-1_P1_Y-1_U44,FXX,1,53.62613020747331,0,0,0.0,0,0,0,-9999.0,0.25,1,P0_CV0,1,0,2,0,2
1,2540470.832,712452.2021,R1_F1_m1f1_P1_Y0_UO4,R1_F1_m-1f-1_P1_Y-1_U53,R1_F1_m-1f-1_P1_Y-1_U44,FXX,1,53.62613020747331,0,0,0.0,0,0,0,-9999.0,0.25,1,P0_CV0,1,1,1,1,1
1,2540470.832,712452.2021,R1_F1_m1f1_P1_Y0_UO18,R1_F1_m-1f-1_P1_Y-1_U53,R1_F1_m-1f-1_P1_Y-1_U96,FXX,1,53.62613020747331,0,0,0.0,0,0,0,-9999.0,0.0,1,P0_CV0,1,0,2,0,2
1,2540470.832,712452.2021,R1_F1_m1f1_P1_Y0_UO19,R1_F1_m-1f-1_P1_Y-1_U53,R1_F1_m-1f-1_P1_Y-1_U96,MXY,1,53.62613020747331,0,0,0.0,0,0,0,-9999.0,0.0,1,P0_CV0,1,1,1,2,0
1,2540470.832,712452.2021,R1_F1_m1f1_P1_Y0_UO48,R1_F1_m-1f-1_P1_Y-1_U93,R1_F1_m-1f-1_P1_Y-1_U62,FXX,1,53.62613020747331,0,0,0.0,0,0,0,-9999.0,0.0,1,P0_CV0,1,0,2,1,1
1,2540470.832,712452.2021,R1_F1_m1f1_P1_Y0_UO49,R1_F1_m-1f-1_P1_Y-1_U93,R1_F1_m-1f-1_P1_Y-1_U62,MXY,1,53.62613020747331,0,0,0.0,0,0,0,-9999.0,0.0,1,P0_CV0,1,2,0,1,1
1,2540470.832,712452.2021,R1_F1_m1f1_P1_Y0_UO50,R1_F1_m-1f-1_P1_Y-1_U93,R1_F1_m-1f-1_P1_Y-1_U62,MXY,1,53.62613020747331,0,0,0.0,0,0,0,-9999.0,0.0,1,P0_CV0,1,1,1,1,1
1,2540470.832,712452.2021,R1_F1_m1f1_P1_Y0_UO51,R1_F1_m-1f-1_P1_Y-1_U93,R1_F1_m-1f-1_P1_Y-1_U62,MXY,1,53.62613020747331,0,0,0.0,0,0,0,-9999.0,0.0,1,P0_CV0,1,1,1,0,2
1,2540470.832,712452.2021,R1_F1_m1f1_P1_Y0_UO52,R1_F1_m-1f-1_P1_Y-1_U93,R1_F1_m-1f-1_P1_Y-1_U62,MXY,1,53.62613020747331,0,0,0.0,0,0,0,-9999.0,0.0,1,P0_CV0,1,1,1,1,1
1,2540470.832,712452.2021,R1_F1_m1f1_P1_Y0_UO111,R1_F1_m-1f-1_P1_Y-1_U45,R1_F1_m-1f-1_P1_Y-1_U96,FXX,1,53.62613020747331,0,0,0.0,0,0,0,-9999.0,0.5,1,P0_CV0,1,0,2,1,1
1,2540470.832,712452.2021,R1_F1_m1f1_P1_Y0_UO112,R1_F1_m-1f-1_P1_Y-1_U45,R1_F1_m-1f-1_P1_Y-1_U96,FXX,1,53.62613020747331,0,0,0.0,0,0,0,-9999.0,0.5,1,P0_CV0,1,1,1,2,0
1,2540470.832,712452.2021,R1_F1_m1f1_P1_Y0_UO134,R1_F1_m-1f-1_P1_Y-1_U114,R1_F1_m-1f-1_P1_Y-1_U68,FXX,1,53.62613020747331,0,0,0.0,0,0,0,-9999.0,0.0,1,P0_CV0,1,1,1,2,0
1,2540470.832,712452.2021,R1_F1_m1f1_P1_Y0_UO135,R1_F1_m-1f-1_P1_Y-1_U114,R1_F1_m-1f-1_P1_Y-1_U68,FXX,1,53.62613020747331,0,0,0.0,0,0,0,-9999.0,0.0,1,P0_CV0,1,1,1,0,2
1,2540470.832,712452.2021,R1_F1_m1f1_P1_Y0_UO136,R1_F1_m-1f-1_P1_Y-1_U114,R1_F1_m-1f-1_P1_Y-1_U68,MXY,1,53.62613020747331,0,0,0.0,0,0,0,-9999.0,0.0,1,P0_CV0,1,2,0,1,1
1,2540470.832,712452.2021,R1_F1_m1f1_P1_Y0_UO137,R1_F1_m-1f-1_P1_Y-1_U114,R1_F1_m-1f-1_P1_Y-1_U68,FXX,1,53.62613020747331,0,0,0.0,0,0,0,-9999.0,0.0,1,P0_CV0,1,2,0,1,1
1,2540470.832,712452.2021,R1_F1_m1f1_P1_Y0_UO154,R1_F1_m-1f-1_P1_Y-1_U20,R1_F1_m-1f-1_P1_Y-1_U64,MXY,1,53.62613020747331,0,0,0.0,0,0,0,-9999.0,0.75,1,P0_CV0,1,1,1,1,1
1,2540470.832,712452.2021,R1_F1_m1f1_P1_Y0_UO155,R1_F1_m-1f-1_P1_Y-1_U20,R1_F1_m-1f-1_P1_Y-1_U64,MXY,1,53.62613020747331,0,0,0.0,0,0,0,-9999.0,0.75,1,P0_CV0,1,2,0,1,1
1,2540470.832,712452.2021,R1_F1_m1f1_P1_Y0_UO194,R1_F1_m-1f-1_P1_Y-1_U29,R1_F1_m-1f-1_P1_Y-1_U97,FXX,1,53.62613020747331,0,0,0.0,0,0,0,-9999.0,0.5,1,P0_CV0,1,2,0,1,1
1,2540470.832,712452.2021,R1_F1_m1f1_P1_Y0_UO195,R1_F1_m-1f-1_P1_Y-1_U29,R1_F1_m-1f-1_P1_Y-1_U97,FXX,1,53.62613020747331,0,0,0.0,0,0,0,-9999.0,0.5,1,P0_CV0,1,1,1,1,1
1,2540470.832,712452.2021,R1_F1_m1f1_P1_Y0_UO196,R1_F1_m-1f-1_P1_Y-1_U93,R1_F1_m-1f-1_P1_Y-1_U42,MXY,1,53.62613020747331,0,0,0.0,0,0,0,-9999.0,0.0,1,P0_CV0,1,2,0,0,2
1,2540470.832,712452.2021,R1_F1_m1f1_P1_Y0_UO216,R1_F1_m-1f-1_P1_Y-1_U88,R1_F1_m-1f-1_P1_Y-1_U73,FXX,1,53.62613020747331,0,0,0.0,0,0,0,-9999.0,0.25,1,P0_CV0,1,1,1,2,0
1,2540470.832,712452.2021,R1_F1_m1f1_P1_Y0_UO217,R1_F1_m-1f-1_P1_Y-1_U88,R1_F1_m-1f-1_P1_Y-1_U96,FXX,1,53.62613020747331,0,0,0.0,0,0,0,-9999.0,0.0,1,P0_CV0,1,1,1,0,2
1,2540470.832,712452.2021,R1_F1_m1f1_P1_Y0_UO218,R1_F1_m-1f-1_P1_Y-1_U88,R1_F1_m-1f-1_P1_Y-1_U96,MXY,1,53.62613020747331,0,0,0.0,0,0,0,-9999.0,0.0,1,P0_CV0,1,0,2,2,0
1,2540470.832,712452.2021,R1_F1_m1f1_P1_Y0_UO219,R1_F1_m-1f-1_P1_Y-1_U88,R1_F1_m-1f-1_P1_Y-1_U96,MXY,1,53.62613020747331,0,0,0.0,0,0,0,-9999.0,0.0,1,P0_CV0,1,1,1,1,1
1,2540470.832,712452.2021,R1_F1_m1f1_P1_Y0_UO232,R1_F1_m-1f-1_P1_Y-1_U74,R1_F1_m-1f-1_P1_Y-1_U62,FXX,1,53.62613020747331,0,0,0.0,0,0,0,-9999.0,0.25,1,P0_CV0,1,0,2,0,2
1,2540470.832,712452.2021,R1_F1_m1f1_P1_Y0_UO233,R1_F1_m-1f-1_P1_Y-1_U74,R1_F1_m-1f-1_P1_Y-1_U62,FXX,1,53.62613020747331,0,0,0.0,0,0,0,-9999.0,0.25,1,P0_CV0,1,2,0,2,0
1,2540470.832,712452.2021,R1_F1_m1f1_P1_Y0_UO234,R1_F1_m-1f-1_P1_Y-1_U74,R1_F1_m-1f-1_P1_Y-1_U62,FXX,1,53.62613020747331,0,0,0.0,0,0,0,-9999.0,0.25,1,P0_CV0,1,2,0,1,1
1,2540470.832,712452.2021,R1_F1_m1f1_P1_Y0_UO283,R1_F1_m-1f-1_P1_Y-1_U33,R1_F1_m-1f-1_P1_Y-1_U127,FXX,1,53.62613020747331,0,0,0.0,0,0,0,-9999.0,0.0,1,P0_CV0,1,1,1,1,1
1,2540470.832,712452.2021,R1_F1_m1f1_P1_Y0_UO284,R1_F1_m-1f-1_P1_Y-1_U33,R1_F1_m-1f-1_P1_Y-1_U127,MXY,1,53.62613020747331,0,0,0.0,0,0,0,-9999.0,0.0,1,P0_CV0,1,1,1,1,1
1,2540470.832,712452.2021,R1_F1_m1f1_P1_Y0_UO285,R1_F1_m-1f-1_P1_Y-1_U33,R1_F1_m-1f-1_P1_Y-1_U127,MXY,1,53.62613020747331,0,0,0.0,0,0,0,-9999.0,0.0,1,P0_CV0,1,1,1,2,0
1,2540470.832,712452.2021,R1_F1_m1f1_P1_Y0_UO286,R1_F1_m-1f-1_P1_Y-1_U33,R1_F1_m-1f-1_P1_Y-1_U127,MXY,1,53.62613020747331,0,0,0.0,0,0,0,-9999.0,0.0,1,P0_CV0,1,1,1,2,0
1,2540470.832,712452.2021,R1_F1_m1f1_P1_Y0_UO287,R1_F1_m-1f-1_P1_Y-1_U33,R1_F1_m-1f-1_P1_Y-1_U127,MXY,1,53.62613020747331,0,0,0.0,0,0,0,-9999.0,0.0,1,P0_CV0,1,1,1,0,2
1,2540470.832,712452.2021,R1_F1_m1f1_P1_Y0_UO288,R1_F1_m-1f-1_P1_Y-1_U33,R1_F1_m-1f-1_P1_Y-1_U127,FXX,1,53.62613020747331,0,0,0.0,0,0,0,-9999.0,0.0,1,P0_CV0,1,1,1,1,1
1,2540470.832,712452.2021,R1_F1_m1f1_P1_Y0_UO289,R1_F1_m-1f-1_P1_Y-1_U33,R1_F1_m-1f-1_P1_Y-1_U127,MXY,1,53.62613020747331,0,0,0.0,0,0,0,-9999.0,0.0,1,P0_CV0,1,0,2,2,0
1,2540470.832,712452.2021,R1_F1_m1f1_P1_Y0_UO290,R1_F1_m-1f-1_P1_Y-1_U33,R1_F1_m-1f-1_P1_Y-1_U127,MXY,1,53.62613020747331,0,0,0.0,0,0,0,-9999.0,0.0,1,P0_CV0,1,1,1,0,2
1,2540470.832,712452.2021,R1_F1_m1f1_P1_Y0_UO291,R1_F1_m-1f-1_P1_Y-1_U33,R1_F1_m-1f-1_P1_Y-1_U127,FXX,1,53.62613020747331,0,0,0.0,0,0,0,-9999.0,0.0,1,P0_CV0,1,2,0,1,1
1,2540470.832,712452.2021,R1_F1_m1f1_P1_Y0_UO292,R1_F1_m-1f-1_P1_Y-1_U33,R1_F1_m-1f-1_P1_Y-1_U127,FXX,1,53.62613020747331,0,0,0.0,0,0,0,-9999.0,0.0,1,P0_CV0,1,1,1,1,1
1,2540470.832,712452.2021,R1_F1_m1f1_P1_Y0_UO293,R1_F1_m-1f-1_P1_Y-1_U33,R1_F1_m-1f-1_P1_Y-1_U127,FXX,1,53.62613020747331,0,0,0.0,0,0,0,-9999.0,0.0,1,P0_CV0,1,0,2,1,1
1,2540470.832,712452.2021,R1_F1_m1f1_P1_Y0_UO294,R1_F1_m-1f-1_P1_Y-1_U33,R1_F1_m-1f-1_P1_Y-1_U127,FXX,1,53.62613020747331,0,0,0.0,0,0,0,-9999.0,0.0,1,P0_CV0,1,0,2,1,1
1,2540470.832,712452.2021,R1_F1_m1f1_P1_Y0_UO327,R1_F1_m-1f-1_P1_Y-1_U53,R1_F1_m-1f-1_P1_Y-1_U125,MXY,1,53.62613020747331,0,0,0.0,0,0,0,-9999.0,0.0,1,P0_CV0,1,1,1,0,2
1,2540470.832,712452.2021,R1_F1_m1f1_P1_Y0_UO328,R1_F1_m-1f-1_P1_Y-1_U53,R1_F1_m-1f-1_P1_Y-1_U125,MXY,1,53.62613020747331,0,0,0.0,0,0,0,-9999.0,0.0,1,P0_CV0,1,1,1,1,1
1,2540470.832,712452.2021,R1_F1_m1f1_P1_Y0_UO329,R1_F1_m-1f-1_P1_Y-1_U53,R1_F1_m-1f-1_P1_Y-1_U125,FXX,1,53.62613020747331,0,0,0.0,0,0,0,-9999.0,0.0,1,P0_CV0,1,1,1,1,1
1,2540470.832,712452.2021,R1_F1_m1f1_P1_Y0_UO337,R1_F1_m-1f-1_P1_Y-1_U74,R1_F1_m-1f-1_P1_Y-1_U14,MXY,1,53.62613020747331,0,0,0.0,0,0,0,-9999.0,0.25,1,P0_CV0,1,1,1,1,1
1,2540470.832,712452.2021,R1_F1_m1f1_P1_Y0_UO338,R1_F1_m-1f-1_P1_Y-1_U74,R1_F1_m-1f-1_P1_Y-1_U14,FXX,1,53.62613020747331,0,0,0.0,0,0,0,-9999.0,0.25,1,P0_CV0,1,0,2,2,0
1,2540470.832,712452.2021,R1_F1_m1f1_P1_Y0_UO339,R1_F1_m-1f-1_P1_Y-1_U74,R1_F1_m-1f-1_P1_Y-1_U14,MXY,1,53.62613020747331,0,0,0.0,0,0,0,-9999.0,0.25,1,P0_CV0,1,1,1,2,0
1,2540470.832,712452.2021,R1_F1_m1f1_P1_Y0_UO340,R1_F1_m-1f-1_P1_Y-1_U74,R1_F1_m-1f-1_P1_Y-1_U14,MXY,1,53.62613020747331,0,0,0.0,0,0,0,-9999.0,0.25,1,P0_CV0,1,1,1,1,1
1,2540470.832,712452.2021,R1_F1_m1f1_P1_Y0_UO341,R1_F1_m-1f-1_P1_Y-1_U74,R1_F1_m-1f-1_P1_Y-1_U14,FXX,1,53.62613020747331,0,0,0.0,0,0,0,-9999.0,0.25,1,P0_CV0,1,1,1,1,1
1,2540470.832,712452.2021,R1_F1_m1f1_P1_Y0_UO373,R1_F1_m-1f-1_P1_Y-1_U20,R1_F1_m-1f-1_P1_Y-1_U62,MXY,1,53.62613020747331,0,0,0.0,0,0,0,-9999.0,0.5,1,P0_CV0,1,1,1,2,0
1,2540470.832,712452.2021,R1_F1_m1f1_P1_Y0_UO374,R1_F1_m-1f-1_P1_Y-1_U20,R1_F1_m-1f-1_P1_Y-1_U62,MXY,1,53.62613020747331,0,0,0.0,0,0,0,-9999.0,0.5,1,P0_CV0,1,1,1,0,2
1,2540470.832,712452.2021,R1_F1_m1f1_P1_Y0_UO375,R1_F1_m-1f-1_P1_Y-1_U20,R1_F1_m-1f-1_P1_Y-1_U62,MXY,1,53.62613020747331,0,0,0.0,0,0,0,-9999.0,0.5,1,P0_CV0,1,0,2,0,2
1,2540470.832,712452.2021,R1_F1_m1f1_P1_Y0_UO394,R1_F1_m-1f-1_P1_Y-1_U25,R1_F1_m-1f-1_P1_Y-1_U68,FXX,1,53.62613020747331,0,0,0.0,0,0,0,-9999.0,0.25,1,P0_CV0,1,1,1,1,1
1,2540470.832,712452.2021,R1_F1_m1f1_P1_Y0_UO395,R1_F1_m-1f-1_P1_Y-1_U25,R1_F1_m-1f-1_P1_Y-1_U68,MXY,1,53.62613020747331,0,0,0.0,0,0,0,-9999.0,0.25,1,P0_CV0,1,0,2,1,1
1,2540470.832,712452.2021,R1_F1_m1f1_P1_Y0_UO396,R1_F1_m-1f-1_P1_Y-1_U25,R1_F1_m-1f-1_P1_Y-1_U68,FXX,1,53.62613020747331,0,0,0.0,0,0,0,-9999.0,0.25,1,P0_CV0,1,0,2,2,0
1,2540470.832,712452.2021,R1_F1_m1f1_P1_Y0_UO397,R1_F1_m-1f-1_P1_Y-1_U25,R1_F1_m-1f-1_P1_Y-1_U68,FXX,1,53.62613020747331,0,0,0.0,0,0,0,-9999.0,0.25,1,P0_CV0,1,1,1,0,2
1,2540470.832,712452.2021,R1_F1_m1f1_P1_Y0_UO425,R1_F1_m-1f-1_P1_Y-1_U93,R1_F1_m-1f-1_P1_Y-1_U123,FXX,1,53.62613020747331,0,0,0.0,0,0,0,-9999.0,0.0,1,P0_CV0,1,0,2,1,1
1,2540470.832,712452.2021,R1_F1_m1f1_P1_Y0_UO426,R1_F1_m-1f-1_P1_Y-1_U93,R1_F1_m-1f-1_P1_Y-1_U123,FXX,1,53.62613020747331,0,0,0.0,0,0,0,-9999.0,0.0,1,P0_CV0,1,1,1,0,2
1,2540470.832,712452.2021,R1_F1_m1f1_P1_Y0_UO427,R1_F1_m-1f-1_P1_Y-1_U93,R1_F1_m-1f-1_P1_Y-1_U123,FXX,1,53.62613020747331,0,0,0.0,0,0,0,-9999.0,0.0,1,P0_CV0,1,2,0,2,0
1,2540470.832,712452.2021,R1_F1_m1f1_P1_Y0_UO428,R1_F1_m-1f-1_P1_Y-1_U93,R1_F1_m-1f-1_P1_Y-1_U123,MXY,1,53.62613020747331,0,0,0.0,0,0,0,-9999.0,0.0,1,P0_CV0,1,2,0,0,2
1,2540470.832,712452.2021,R1_F1_m1f1_P1_Y0_UO429,R1_F1_m-1f-1_P1_Y-1_U93,R1_F1_m-1f-1_P1_Y-1_U123,MXY,1,53.62613020747331,0,0,0.0,0,0,0,-9999.0,0.0,1,P0_CV0,1,2,0,1,1
1,2540470.832,712452.2021,R1_F1_m1f1_P1_Y0_UO430,R1_F1_m-1f-1_P1_Y-1_U121,R1_F1_m-1f-1_P1_Y-1_U40,MXY,1,53.62613020747331,0,0,0.0,0,0,0,-9999.0,0.5,1,P0_CV0,1,1,1,2,0
1,2540470.832,712452.2021,R1_F1_m1f1_P1_Y0_UO431,R1_F1_m-1f-1_P1_Y-1_U121,R1_F1_m-1f-1_P1_Y-1_U40,FXX,1,53.62613020747331,0,0,0.0,0,0,0,-9999.0,0.5,1,P0_CV0,1,1,1,1,1
1,2540470.832,712452.2021,R1_F1_m1f1_P1_Y0_UO432,R1_F1_m-1f-1_P1_Y-1_U121,R1_F1_m-1f-1_P1_Y-1_U40,MXY,1,53.62613020747331,0,0,0.0,0,0,0,-9999.0,0.5,1,P0_CV0,1,2,0,0,2
1,2540470.832,712452.2021,R1_F1_m1f1_P1_Y0_UO433,R1_F1_m-1f-1_P1_Y-1_U121,R1_F1_m-1f-1_P1_Y-1_U40,FXX,1,53.62613020747331,0,0,0.0,0,0,0,-9999.0,0.5,1,P0_CV0,1,0,2,1,1
1,2540470.832,712452.2021,R1_F1_m1f1_P1_Y0_UO434,R1_F1_m-1f-1_P1_Y-1_U121,R1_F1_m-1f-1_P1_Y-1_U40,FXX,1,53.62613020747331,0,0,0.0,0,0,0,-9999.0,0.5,1,P0_CV0,1,2,0,1,1
1,2540470.832,712452.2021,R1_F1_m1f1_P1_Y0_UO435,R1_F1_m-1f-1_P1_Y-1_U88,R1_F1_m-1f-1_P1_Y-1_U62,FXX,1,53.62613020747331,0,0,0.0,0,0,0,-9999.0,0.0,1,P0_CV0,1,0,2,2,0
1,2540470.832,712452.2021,R1_F1_m1f1_P1_Y0_UO436,R1_F1_m-1f-1_P1_Y-1_U88,R1_F1_m-1f-1_P1_Y-1_U62,FXX,1,53.62613020747331,0,0,0.0,0,0,0,-9999.0,0.0,1,P0_CV0,1,1,1,0,2
1,2540470.832,712452.2021,R1_F1_m1f1_P1_Y0_UO437,R1_F1_m-1f-1_P1_Y-1_U88,R1_F1_m-1f-1_P1_Y-1_U62,FXX,1,53.62613020747331,0,0,0.0,0,0,0,-9999.0,0.0,1,P0_CV0,1,2,0,1,1
1,2540470.832,712452.2021,R1_F1_m1f1_P1_Y0_UO438,R1_F1_m-1f-1_P1_Y-1_U88,R1_F1_m-1f-1_P1_Y-1_U62,FXX,1,53.62613020747331,0,0,0.0,0,0,0,-9999.0,0.0,1,P0_CV0,1,1,1,1,1
1,2540470.832,712452.2021,R1_F1_m1f1_P1_Y0_UO439,R1_F1_m-1f-1_P1_Y-1_U53,R1_F1_m-1f-1_P1_Y-1_U125,MXY,1,53.62613020747331,0,0,0.0,0,0,0,-9999.0,0.0,1,P0_CV0,1,1,1,0,2
1,2540470.832,712452.2021,R1_F1_m1f1_P1_Y0_UO440,R1_F1_m-1f-1_P1_Y-1_U53,R1_F1_m-1f-1_P1_Y-1_U125,MXY,1,53.62613020747331,0,0,0.0,0,0,0,-9999.0,0.0,1,P0_CV0,1,1,1,0,2
1,2540470.832,712452.2021,R1_F1_m1f1_P1_Y0_UO441,R1_F1_m-1f-1_P1_Y-1_U53,R1_F1_m-1f-1_P1_Y-1_U125,MXY,1,53.62613020747331,0,0,0.0,0,0,0,-9999.0,0.0,1,P0_CV0,1,2,0,0,2
1,2540470.832,712452.2021,R1_F1_m1f1_P1_Y0_UO444,R1_F1_m-1f-1_P1_Y-1_U82,R1_F1_m-1f-1_P1_Y-1_U62,MXY,1,53.62613020747331,0,0,0.0,0,0,0,-9999.0,0.0,1,P0_CV0,1,1,1,1,1
1,2540470.832,712452.2021,R1_F1_m1f1_P1_Y0_UO445,R1_F1_m-1f-1_P1_Y-1_U82,R1_F1_m-1f-1_P1_Y-1_U62,MXY,1,53.62613020747331,0,0,0.0,0,0,0,-9999.0,0.0,1,P0_CV0,1,1,1,2,0
1,2540470.832,712452.2021,R1_F1_m1f1_P1_Y0_UO447,R1_F1_m-1f-1_P1_Y-1_U82,R1_F1_m-1f-1_P1_Y-1_U62,FXX,1,53.62613020747331,0,0,0.0,0,0,0,-9999.0,0.0,1,P0_CV0,1,1,1,0,2
1,2540470.832,712452.2021,R1_F1_m1f1_P1_Y0_UO448,R1_F1_m-1f-1_P1_Y-1_U82,R1_F1_m-1f-1_P1_Y-1_U62,MXY,1,53.62613020747331,0,0,0.0,0,0,0,-9999.0,0.0,1,P0_CV0,1,2,0,1,1
1,2540470.832,712452.2021,R1_F1_m1f1_P1_Y0_UO457,R1_F1_m-1f-1_P1_Y-1_U93,R1_F1_m-1f-1_P1_Y-1_U40,MXY,1,53.62613020747331,0,0,0.0,0,0,0,-9999.0,0.5,1,P0_CV0,1,1,1,1,1
1,2540470.832,712452.2021,R1_F1_m1f1_P1_Y0_UO458,R1_F1_m-1f-1_P1_Y-1_U93,R1_F1_m-1f-1_P1_Y-1_U40,MXY,1,53.62613020747331,0,0,0.0,0,0,0,-9999.0,0.5,1,P0_CV0,1,2,0,1,1
1,2540470.832,712452.2021,R1_F1_m1f1_P1_Y0_UO459,R1_F1_m-1f-1_P1_Y-1_U93,R1_F1_m-1f-1_P1_Y-1_U40,FXX,1,53.62613020747331,0,0,0.0,0,0,0,-9999.0,0.5,1,P0_CV0,1,2,0,2,0
1,2540470.832,712452.2021,R1_F1_m1f1_P1_Y0_UO460,R1_F1_m-1f-1_P1_Y-1_U51,R1_F1_m-1f-1_P1_Y-1_U68,MXY,1,53.62613020747331,0,0,0.0,0,0,0,-9999.0,0.0,1,P0_CV0,1,1,1,0,2
1,2540470.832,712452.2021,R1_F1_m1f1_P1_Y0_UO461,R1_F1_m-1f-1_P1_Y-1_U51,R1_F1_m-1f-1_P1_Y-1_U68,MXY,1,53.62613020747331,0,0,0.0,0,0,0,-9999.0,0.0,1,P0_CV0,1,2,0,2,0
1,2540470.832,712452.2021,R1_F1_m1f1_P1_Y0_UO462,R1_F1_m-1f-1_P1_Y-1_U51,R1_F1_m-1f-1_P1_Y-1_U68,FXX,1,53.62613020747331,0,0,0.0,0,0,0,-9999.0,0.0,1,P0_CV0,1,0,2,1,1
1,2540470.832,712452.2021,R1_F1_m1f1_P1_Y0_UO463,R1_F1_m-1f-1_P1_Y-1_U51,R1_F1_m-1f-1_P1_Y-1_U68,FXX,1,53.62613020747331,0,0,0.0,0,0,0,-9999.0,0.0,1,P0_CV0,1,2,0,1,1
1,2540470.832,712452.2021,R1_F1_m1f1_P1_Y0_UO464,R1_F1_m-1f-1_P1_Y-1_U51,R1_F1_m-1f-1_P1_Y-1_U68,FXX,1,53.62613020747331,0,0,0.0,0,0,0,-9999.0,0.0,1,P0_CV0,1,1,1,1,1
1,2540470.832,712452.2021,R1_F1_m1f1_P1_Y0_UO465,R1_F1_m-1f-1_P1_Y-1_U51,R1_F1_m-1f-1_P1_Y-1_U68,MXY,1,53.62613020747331,0,0,0.0,0,0,0,-9999.0,0.0,1,P0_CV0,1,1,1,0,2
1,2540470.832,712452.2021,R1_F1_m1f1_P1_Y0_UO466,R1_F1_m-1f-1_P1_Y-1_U51,R1_F1_m-1f-1_P1_Y-1_U68,MXY,1,53.62613020747331,0,0,0.0,0,0,0,-9999.0,0.0,1,P0_CV0,1,0,2,2,0
1,2540470.832,712452.2021,R1_F1_m1f1_P1_Y0_UO467,R1_F1_m-1f-1_P1_Y-1_U51,R1_F1_m-1f-1_P1_Y-1_U68,FXX,1,53.62613020747331,0,0,0.0,0,0,0,-9999.0,0.0,1,P0_CV0,1,0,2,1,1
1,2540470.832,712452.2021,R1_F1_m1f1_P1_Y0_UO468,R1_F1_m-1f-1_P1_Y-1_U51,R1_F1_m-1f-1_P1_Y-1_U68,MXY,1,53.62613020747331,0,0,0.0,0,0,0,-9999.0,0.0,1,P0_CV0,1,0,2,0,2
1,2540470.832,712452.2021,R1_F1_m1f1_P1_Y0_UO469,R1_F1_m-1f-1_P1_Y-1_U51,R1_F1_m-1f-1_P1_Y-1_U68,FXX,1,53.62613020747331,0,0,0.0,0,0,0,-9999.0,0.0,1,P0_CV0,1,0,2,0,2
1,2540470.832,712452.2021,R1_F1_m1f1_P1_Y0_UO545,R1_F1_m-1f-1_P1_Y-1_U45,R1_F1_m-1f-1_P1_Y-1_U68,FXX,1,53.62613020747331,0,0,0.0,0,0,0,-9999.0,0.5,1,P0_CV0,1,0,2,1,1
1,2540470.832,712452.2021,R1_F1_m1f1_P1_Y0_UO546,R1_F1_m-1f-1_P1_Y-1_U45,R1_F1_m-1f-1_P1_Y-1_U68,MXY,1,53.62613020747331,0,0,0.0,0,0,0,-9999.0,0.5,1,P0_CV0,1,0,2,0,2
1,2540470.832,712452.2021,R1_F1_m1f1_P1_Y0_UO547,R1_F1_m-1f-1_P1_Y-1_U45,R1_F1_m-1f-1_P1_Y-1_U68,FXX,1,53.62613020747331,0,0,0.0,0,0,0,-9999.0,0.5,1,P0_CV0,1,0,2,1,1
1,2540470.832,712452.2021,R1_F1_m1f1_P1_Y0_UO555,R1_F1_m-1f-1_P1_Y-1_U76,R1_F1_m-1f-1_P1_Y-1_U42,MXY,1,53.62613020747331,0,0,0.0,0,0,0,-9999.0,0.0,1,P0_CV0,1,1,1,2,0
1,2540470.832,712452.2021,R1_F1_m1f1_P1_Y0_UO556,R1_F1_m-1f-1_P1_Y-1_U76,R1_F1_m-1f-1_P1_Y-1_U42,FXX,1,53.62613020747331,0,0,0.0,0,0,0,-9999.0,0.0,1,P0_CV0,1,0,2,1,1
1,2540470.832,712452.2021,R1_F1_m1f1_P1_Y0_UO557,R1_F1_m-1f-1_P1_Y-1_U76,R1_F1_m-1f-1_P1_Y-1_U42,FXX,1,53.62613020747331,0,0,0.0,0,0,0,-9999.0,0.0,1,P0_CV0,1,1,1,2,0
1,2540470.832,712452.2021,R1_F1_m1f1_P1_Y0_UO569,R1_F1_m-1f-1_P1_Y-1_U45,R1_F1_m-1f-1_P1_Y-1_U97,MXY,1,53.62613020747331,0,0,0.0,0,0,0,-9999.0,0.5,1,P0_CV0,1,1,1,1,1
1,2540470.832,712452.2021,R1_F1_m1f1_P1_Y0_UO570,R1_F1_m-1f-1_P1_Y-1_U45,R1_F1_m-1f-1_P1_Y-1_U97,MXY,1,53.62613020747331,0,0,0.0,0,0,0,-9999.0,0.5,1,P0_CV0,1,1,1,2,0
1,2540470.832,712452.2021,R1_F1_m1f1_P1_Y0_UO571,R1_F1_m-1f-1_P1_Y-1_U45,R1_F1_m-1f-1_P1_Y-1_U97,FXX,1,53.62613020747331,0,0,0.0,0,0,0,-9999.0,0.5,1,P0_CV0,1,1,1,2,0
1,2540470.832,712452.2021,R1_F1_m1f1_P1_Y0_UO572,R1_F1_m-1f-1_P1_Y-1_U45,R1_F1_m-1f-1_P1_Y-1_U97,FXX,1,53.62613020747331,0,0,0.0,0,0,0,-9999.0,0.5,1,P0_CV0,1,1,1,1,1
1,2540470.832,712452.2021,R1_F1_m1f1_P1_Y0_UO573,R1_F1_m-1f-1_P1_Y-1_U45,R1_F1_m-1f-1_P1_Y-1_U97,FXX,1,53.62613020747331,0,0,0.0,0,0,0,-9999.0,0.5,1,P0_CV0,1,0,2,1,1
1,2540470.832,712452.2021,R1_F1_m1f1_P1_Y0_UO601,R1_F1_m-1f-1_P1_Y-1_U21,R1_F1_m-1f-1_P1_Y-1_U42,FXX,1,53.62613020747331,0,0,0.0,0,0,0,-9999.0,0.0,1,P0_CV0,1,0,2,1,1
1,2540470.832,712452.2021,R1_F1_m1f1_P1_Y0_UO602,R1_F1_m-1f-1_P1_Y-1_U21,R1_F1_m-1f-1_P1_Y-1_U42,FXX,1,53.62613020747331,0,0,0.0,0,0,0,-9999.0,0.0,1,P0_CV0,1,1,1,1,1
1,2540470.832,712452.2021,R1_F1_m1f1_P1_Y0_UO603,R1_F1_m-1f-1_P1_Y-1_U21,R1_F1_m-1f-1_P1_Y-1_U42,MXY,1,53.62613020747331,0,0,0.0,0,0,0,-9999.0,0.0,1,P0_CV0,1,1,1,2,0
1,2540470.832,712452.2021,R1_F1_m1f1_P1_Y0_UO604,R1_F1_m-1f-1_P1_Y-1_U21,R1_F1_m-1f-1_P1_Y-1_U42,MXY,1,53.62613020747331,0,0,0.0,0,0,0,-9999.0,0.0,1,P0_CV0,1,1,1,0,2
1,2540470.832,712452.2021,R1_F1_m1f1_P1_Y0_UO687,R1_F1_m-1f-1_P1_Y-1_U45,R1_F1_m-1f-1_P1_Y-1_U77,FXX,1,53.62613020747331,0,0,0.0,0,0,0,-9999.0,0.5,1,P0_CV0,1,2,0,1,1
1,2540470.832,712452.2021,R1_F1_m1f1_P1_Y0_UO704,R1_F1_m-1f-1_P1_Y-1_U20,R1_F1_m-1f-1_P1_Y-1_U44,FXX,1,53.62613020747331,0,0,0.0,0,0,0,-9999.0,0.75,1,P0_CV0,1,1,1,2,0
1,2540470.832,712452.2021,R1_F1_m1f1_P1_Y0_UO705,R1_F1_m-1f-1_P1_Y-1_U20,R1_F1_m-1f-1_P1_Y-1_U44,FXX,1,53.62613020747331,0,0,0.0,0,0,0,-9999.0,0.75,1,P0_CV0,1,2,0,0,2
1,2540470.832,712452.2021,R1_F1_m1f1_P1_Y0_UO706,R1_F1_m-1f-1_P1_Y-1_U20,R1_F1_m-1f-1_P1_Y-1_U44,MXY,1,53.62613020747331,0,0,0.0,0,0,0,-9999.0,0.75,1,P0_CV0,1,0,2,1,1
1,2540470.832,712452.2021,R1_F1_m1f1_P1_Y0_UO707,R1_F1_m-1f-1_P1_Y-1_U20,R1_F1_m-1f-1_P1_Y-1_U44,FXX,1,53.62613020747331,0,0,0.0,0,0,0,-9999.0,0.75,1,P0_CV0,1,2,0,1,1
1,2540470.832,712452.2021,R1_F1_m1f1_P1_Y0_UO708,R1_F1_m-1f-1_P1_Y-1_U20,R1_F1_m-1f-1_P1_Y-1_U44,MXY,1,53.62613020747331,0,0,0.0,0,0,0,-9999.0,0.75,1,P0_CV0,1,1,1,2,0
1,2540470.832,712452.2021,R1_F1_m1f1_P1_Y0_UO709,R1_F1_m-1f-1_P1_Y-1_U20,R1_F1_m-1f-1_P1_Y-1_U44,FXX,1,53.62613020747331,0,0,0.0,0,0,0,-9999.0,0.75,1,P0_CV0,1,1,1,1,1
1,2540470.832,712452.2021,R1_F1_m1f1_P1_Y0_UO710,R1_F1_m-1f-1_P1_Y-1_U20,R1_F1_m-1f-1_P1_Y-1_U44,FXX,1,53.62613020747331,0,0,0.0,0,0,0,-9999.0,0.75,1,P0_CV0,1,0,2,2,0
1,2540470.832,712452.2021,R1_F1_m1f1_P1_Y0_UO711,R1_F1_m-1f-1_P1_Y-1_U20,R1_F1_m-1f-1_P1_Y-1_U44,MXY,1,53.62613020747331,0,0,0.0,0,0,0,-9999.0,0.75,1,P0_CV0,1,0,2,2,0
1,2540470.832,712452.2021,R1_F1_m1f1_P1_Y0_UO712,R1_F1_m-1f-1_P1_Y-1_U20,R1_F1_m-1f-1_P1_Y-1_U44,FXX,1,53.62613020747331,0,0,0.0,0,0,0,-9999.0,0.75,1,P0_CV0,1,1,1,1,1
1,2540470.832,712452.2021,R1_F1_m1f1_P1_Y0_UO742,R1_F1_m-1f-1_P1_Y-1_U93,R1_F1_m-1f-1_P1_Y-1_U42,MXY,1,53.62613020747331,0,0,0.0,0,0,0,-9999.0,0.0,1,P0_CV0,1,2,0,1,1
1,2540470.832,712452.2021,R1_F1_m1f1_P1_Y0_UO743,R1_F1_m-1f-1_P1_Y-1_U74,R1_F1_m-1f-1_P1_Y-1_U4,FXX,1,53.62613020747331,0,0,0.0,0,0,0,-9999.0,0.25,1,P0_CV0,1,2,0,2,0
1,2540470.832,712452.2021,R1_F1_m1f1_P1_Y0_UO744,R1_F1_m-1f-1_P1_Y-1_U74,R1_F1_m-1f-1_P1_Y-1_U4,MXY,1,53.62613020747331,0,0,0.0,0,0,0,-9999.0,0.25,1,P0_CV0,1,1,1,1,1
1,2540470.832,712452.2021,R1_F1_m1f1_P1_Y0_UO745,R1_F1_m-1f-1_P1_Y-1_U74,R1_F1_m-1f-1_P1_Y-1_U4,MXY,1,53.62613020747331,0,0,0.0,0,0,0,-9999.0,0.25,1,P0_CV0,1,2,0,0,2
1,2540470.832,712452.2021,R1_F1_m-1f-1_P1_Y-1_U87,-9999,-9999,FXX,2,77.55353926107769,1,0,0.0,0,0,0,-9999.0,0.0,1,P0_CV0,1,0,2,2,0
1,2540470.832,712452.2021,R1_F1_m-1f-1_P1_Y-1_U72,-9999,-9999,MXY,2,77.55353926107769,1,0,0.0,0,0,0,-9999.0,0.5,1,P0_CV0,1,1,1,0,2
1,2540470.832,712452.2021,R1_F1_m-1f-1_P1_Y-1_U71,-9999,-9999,MXY,2,77.55353926107769,1,0,0.0,0,0,0,-9999.0,0.5,1,P0_CV0,1,1,1,1,1
1,2540470.832,712452.2021,R1_F1_m-1f-1_P1_Y-1_U113,-9999,-9999,FXX,2,77.55353926107769,1,0,1.0,0,0,0,-9999.0,0.5,1,P0_CV0,1,1,1,0,2
1,2540470.832,712452.2021,R1_F1_m-1f-1_P1_Y-1_U83,-9999,-9999,FXX,2,77.55353926107769,1,0,1.016,0,0,0,-9999.0,0.0,1,P0_CV0,1,0,2,2,0
1,2540470.832,712452.2021,R1_F1_m-1f-1_P1_Y-1_U115,-9999,-9999,FXX,2,77.55353926107769,1,0,2.041,0,0,0,-9999.0,0.0,1,P0_CV0,1,0,2,1,1
1,2540470.832,712452.2021,R1_F1_m-1f-1_P1_Y-1_U38,-9999,-9999,FXX,2,77.55353926107769,1,0,1.0,0,0,0,-9999.0,0.5,1,P0_CV0,1,1,1,0,2
1,2540470.832,712452.2021,R1_F1_m-1f-1_P1_Y-1_U100,-9999,-9999,MXY,2,77.55353926107769,1,0,0.0,0,0,0,-9999.0,0.0,1,P0_CV0,1,0,2,0,2
1,2540470.832,712452.2021,R1_F1_m-1f-1_P1_Y-1_U110,-9999,-9999,MXY,2,77.55353926107769,1,0,0.0,0,0,0,-9999.0,0.0,1,P0_CV0,1,0,2,1,1
1,2540470.832,712452.2021,R1_F1_m-1f-1_P1_Y-1_U16,-9999,-9999,MXY,2,77.55353926107769,1,0,0.0,0,0,0,-9999.0,0.5,1,P0_CV0,1,1,1,1,1
1,2540470.832,712452.2021,R1_F1_m-1f-1_P1_Y-1_U79,-9999,-9999,MXY,2,77.55353926107769,1,0,0.0,0,0,0,-9999.0,0.5,1,P0_CV0,1,1,1,1,1
1,2540470.832,712452.2021,R1_F1_m-1f-1_P1_Y-1_U67,-9999,-9999,MXY,2,77.55353926107769,1,0,0.0,0,0,0,-9999.0,0.0,1,P0_CV0,1,0,2,0,2
1,2540470.832,712452.2021,R1_F1_m-1f-1_P1_Y-1_U49,-9999,-9999,MXY,2,77.55353926107769,1,0,0.0,0,0,0,-9999.0,0.0,1,P0_CV0,1,0,2,0,2
1,2540470.832,712452.2021,R1_F1_m-1f-1_P1_Y-1_U34,-9999,-9999,FXX,2,77.55353926107769,1,0,0.0,0,0,0,-9999.0,0.5,1,P0_CV0,1,1,1,1,1
1,2540470.832,712452.2021,R1_F1_m-1f-1_P1_Y-1_U8,-9999,-9999,FXX,2,77.55353926107769,1,0,1.409,0,0,0,-9999.0,0.0,1,P0_CV0,1,0,2,0,2
1,2540470.832,712452.2021,R1_F1_m-1f-1_P1_Y-1_U2,-9999,-9999,MXY,2,77.55353926107769,1,0,0.0,0,0,0,-9999.0,0.0,1,P0_CV0,1,0,2,0,2
1,2540470.832,712452.2021,R1_F1_m-1f-1_P1_Y-1_U103,-9999,-9999,FXX,2,77.55353926107769,1,0,0.0,0,0,0,-9999.0,0.0,1,P0_CV0,1,0,2,1,1
1,2540470.832,712452.2021,R1_F1_m-1f-1_P1_Y-1_U109,-9999,-9999,MXY,2,77.55353926107769,1,0,0.0,0,0,0,-9999.0,0.0,1,P0_CV0,1,0,2,1,1
1,2540470.832,712452.2021,R1_F1_m-1f-1_P1_Y-1_U47,-9999,-9999,FXX,2,77.55353926107769,1,0,0.0,0,0,0,-9999.0,1.0,1,P0_CV0,1,2,0,1,1
1,2540470.832,712452.2021,R1_F1_m-1f-1_P1_Y-1_U101,-9999,-9999,MXY,2,77.55353926107769,1,0,0.0,0,0,0,-9999.0,0.0,1,P0_CV0,1,0,2,2,0
1,2540470.832,712452.2021,R1_F1_m-1f-1_P1_Y-1_U84,-9999,-9999,MXY,2,77.55353926107769,1,0,0.0,0,0,0,-9999.0,0.0,1,P0_CV0,1,0,2,0,2
1,2540470.832,712452.2021,R1_F1_m-1f-1_P1_Y-1_U91,-9999,-9999,FXX,2,77.55353926107769,1,0,0.0,0,0,0,-9999.0,0.5,1,P0_CV0,1,1,1,1,1
1,2540470.832,712452.2021,R1_F1_m-1f-1_P1_Y-1_U27,-9999,-9999,MXY,2,77.55353926107769,1,0,0.0,0,0,0,-9999.0,0.5,1,P0_CV0,1,1,1,2,0
1,2540470.832,712452.2021,R1_F1_m-1f-1_P1_Y-1_U94,-9999,-9999,MXY,2,77.55353926107769,1,0,0.0,0,0,0,-9999.0,0.0,1,P0_CV0,1,0,2,1,1
1,2540470.832,712452.2021,R1_F1_m-1f-1_P1_Y-1_U50,-9999,-9999,MXY,2,77.55353926107769,1,0,0.0,0,0,0,-9999.0,0.0,1,P0_CV0,1,0,2,1,1
1,2540470.832,712452.2021,R1_F1_m-1f-1_P1_Y-1_U23,-9999,-9999,MXY,2,77.55353926107769,1,0,0.0,0,0,0,-9999.0,0.5,1,P0_CV0,1,1,1,0,2
1,2540470.832,712452.2021,R1_F1_m-1f-1_P1_Y-1_U75,-9999,-9999,MXY,2,77.55353926107769,1,0,0.0,0,0,0,-9999.0,0.0,1,P0_CV0,1,0,2,1,1
1,2540470.832,712452.2021,R1_F1_m-1f-1_P1_Y-1_U31,-9999,-9999,MXY,2,77.55353926107769,1,0,0.0,0,0,0,-9999.0,0.5,1,P0_CV0,1,1,1,0,2
1,2540470.832,712452.2021,R1_F1_m-1f-1_P1_Y-1_U26,-9999,-9999,MXY,2,77.55353926107769,1,0,0.0,0,0,0,-9999.0,0.5,1,P0_CV0,1,1,1,1,1
1,2540470.832,712452.2021,R1_F1_m-1f-1_P1_Y-1_U111,-9999,-9999,MXY,2,77.55353926107769,1,0,0.0,0,0,0,-9999.0,0.0,1,P0_CV0,1,0,2,1,1
1,2540470.832,712452.2021,R1_F1_m-1f-1_P1_Y-1_U124,-9999,-9999,FXX,2,77.55353926107769,1,0,2.281,0,0,0,-9999.0,0.0,1,P0_CV0,1,0,2,0,2
1,2540470.832,712452.2021,R1_F1_m-1f-1_P1_Y-1_U32,-9999,-9999,MXY,2,77.55353926107769,1,0,0.0,0,0,0,-9999.0,0.5,1,P0_CV0,1,1,1,1,1
1,2540470.832,712452.2021,R1_F1_m-1f-1_P1_Y-1_U106,-9999,-9999,FXX,2,77.55353926107769,1,0,1.928,0,0,0,-9999.0,0.5,1,P0_CV0,1,1,1,2,0
1,2540470.832,712452.2021,R1_F1_m-1f-1_P1_Y-1_U3,-9999,-9999,FXX,2,77.55353926107769,1,0,1.0,0,0,0,-9999.0,1.0,1,P0_CV0,1,2,0,0,2
1,2540470.832,712452.2021,R1_F1_m-1f-1_P1_Y-1_U0,-9999,-9999,FXX,2,77.55353926107769,1,0,1.0,0,0,0,-9999.0,0.5,1,P0_CV0,1,1,1,1,1
1,2540470.832,712452.2021,R1_F1_m-1f-1_P1_Y-1_U56,-9999,-9999,MXY,2,77.55353926107769,1,0,0.0,0,0,0,-9999.0,0.0,1,P0_CV0,1,0,2,1,1
1,2540470.832,712452.2021,R1_F1_m-1f-1_P1_Y-1_U19,-9999,-9999,FXX,2,77.55353926107769,1,0,2.412,0,0,0,-9999.0,0.5,1,P0_CV0,1,1,1,2,0
1,2540470.832,712452.2021,R1_F1_m-1f-1_P1_Y-1_U1,-9999,-9999,FXX,2,77.55353926107769,1,0,1.0,0,0,0,-9999.0,0.0,1,P0_CV0,1,0,2,1,1
1,2540470.832,712452.2021,R1_F1_m-1f-1_P1_Y-1_U120,-9999,-9999,FXX,2,77.55353926107769,1,0,1.192,0,0,0,-9999.0,0.5,1,P0_CV0,1,1,1,0,2
1,2540470.832,712452.2021,R1_F1_m-1f-1_P1_Y-1_U92,-9999,-9999,MXY,2,77.55353926107769,1,0,0.0,0,0,0,-9999.0,0.5,1,P0_CV0,1,1,1,1,1
1,2540470.832,712452.2021,R1_F1_m-1f-1_P1_Y-1_U112,-9999,-9999,MXY,2,77.55353926107769,1,0,0.0,0,0,0,-9999.0,0.5,1,P0_CV0,1,1,1,1,1
1,2540470.832,712452.2021,R1_F1_m-1f-1_P1_Y-1_U122,-9999,-9999,FXX,2,77.55353926107769,1,0,2.179,0,0,0,-9999.0,0.0,1,P0_CV0,1,0,2,0,2
1,2540470.832,712452.2021,R1_F1_m-1f-1_P1_Y-1_U55,-9999,-9999,FXX,2,77.55353926107769,1,0,1.988,0,0,0,-9999.0,0.0,1,P0_CV0,1,0,2,1,1
1,2540470.832,712452.2021,RD1_F1_m-1f-1_P1_Y-1_U63,-9999,-9999,MXY,2,77.55353926107769,1,0,0.0,0,0,0,-9999.0,0.5,1,P0_CV0,1,1,1,2,0
1,2540470.832,712452.2021,R1_F1_m-1f-1_P1_Y-1_U102,-9999,-9999,FXX,2,77.55353926107769,1,0,0.0,0,0,0,-9999.0,0.0,1,P0_CV0,1,0,2,1,1
1,2540470.832,712452.2021,R1_F1_m-1f-1_P1_Y-1_U105,-9999,-9999,MXY,2,77.55353926107769,1,0,0.0,0,0,0,-9999.0,0.0,1,P0_CV0,1,0,2,2,0
1,2540470.832,712452.2021,R1_F1_m-1f-1_P1_Y-1_U13,-9999,-9999,FXX,2,77.55353926107769,1,0,2.028,0,0,0,-9999.0,0.5,1,P0_CV0,1,1,1,1,1
1,2540470.832,712452.2021,R1_F1_m-1f-1_P1_Y-1_U118,-9999,-9999,MXY,2,77.55353926107769,1,0,0.0,0,0,0,-9999.0,0.5,1,P0_CV0,1,1,1,0,2
1,2540470.832,712452.2021,R1_F1_m-1f-1_P1_Y-1_U69,-9999,-9999,MXY,2,77.55353926107769,1,0,0.0,0,0,0,-9999.0,0.5,1,P0_CV0,1,1,1,1,1
1,2540470.832,712452.2021,R1_F1_m-1f-1_P1_Y-1_U89,-9999,-9999,MXY,2,77.55353926107769,1,0,0.0,0,0,0,-9999.0,0.5,1,P0_CV0,1,1,1,1,1
1,2540470.832,712452.2021,R1_F1_m-1f-1_P1_Y-1_U116,-9999,-9999,MXY,2,77.55353926107769,1,0,0.0,0,0,0,-9999.0,0.5,1,P0_CV0,1,1,1,2,0
1,2540470.832,712452.2021,R1_F1_m-1f-1_P1_Y-1_U11,-9999,-9999,MXY,2,77.55353926107769,1,0,0.0,0,0,0,-9999.0,0.0,1,P0_CV0,1,0,2,2,0
1,2540470.832,712452.2021,R1_F1_m-1f-1_P1_Y-1_U6,-9999,-9999,MXY,2,77.55353926107769,1,0,0.0,0,0,0,-9999.0,0.5,1,P0_CV0,1,1,1,2,0
1,2540470.832,712452.2021,R1_F1_m-1f-1_P1_Y-1_U59,-9999,-9999,FXX,2,77.55353926107769,1,0,0.0,0,0,0,-9999.0,0.0,1,P0_CV0,1,0,2,2,0
1,2540470.832,712452.2021,R1_F1_m-1f-1_P1_Y-1_U107,-9999,-9999,FXX,2,77.55353926107769,1,0,1.0,0,0,0,-9999.0,0.5,1,P0_CV0,1,1,1,1,1
1,2540470.832,712452.2021,R1_F1_m-1f-1_P1_Y-1_U46,-9999,-9999,MXY,2,77.55353926107769,1,0,0.0,0,0,0,-9999.0,0.5,1,P0_CV0,1,1,1,2,0
1,2540470.832,712452.2021,R1_F1_m-1f-1_P1_Y-1_U70,-9999,-9999,MXY,2,77.55353926107769,1,0,0.0,0,0,0,-9999.0,0.0,1,P0_CV0,1,0,2,1,1
1,2540470.832,712452.2021,R1_F1_m-1f-1_P1_Y-1_U7,-9999,-9999,FXX,2,77.55353926107769,1,0,1.0,0,0,0,-9999.0,0.0,1,P0_CV0,1,0,2,2,0
1,2540470.832,712452.2021,R1_F1_m-1f-1_P1_Y-1_U22,-9999,-9999,MXY,2,77.55353926107769,1,0,0.0,0,0,0,-9999.0,0.5,1,P0_CV0,1,1,1,1,1
1,2540470.832,712452.2021,R1_F1_m-1f-1_P1_Y-1_U66,-9999,-9999,MXY,2,77.55353926107769,1,0,0.0,0,0,0,-9999.0,0.0,1,P0_CV0,1,0,2,2,0
1,2540470.832,712452.2021,R1_F1_m-1f-1_P1_Y-1_U35,-9999,-9999,FXX,2,77.55353926107769,1,0,0.0,0,0,0,-9999.0,0.0,1,P0_CV0,1,0,2,1,1
1,2540470.832,712452.2021,R1_F1_m-1f-1_P1_Y-1_U37,-9999,-9999,MXY,2,77.55353926107769,1,0,0.0,0,0,0,-9999.0,0.0,1,P0_CV0,1,0,2,1,1
1,2540470.832,712452.2021,R1_F1_m-1f-1_P1_Y-1_U60,-9999,-9999,MXY,2,77.55353926107769,1,0,0.0,0,0,0,-9999.0,0.0,1,P0_CV0,1,0,2,1,1
1,2540470.832,712452.2021,R1_F1_m-1f-1_P1_Y-1_U90,-9999,-9999,MXY,2,77.55353926107769,1,0,0.0,0,0,0,-9999.0,0.0,1,P0_CV0,1,0,2,1,1
1,2540470.832,712452.2021,R1_F1_m-1f-1_P1_Y-1_U57,-9999,-9999,FXX,2,77.55353926107769,1,0,1.0,0,0,0,-9999.0,0.0,1,P0_CV0,1,0,2,0,2
1,2540470.832,712452.2021,R1_F1_m-1f-1_P1_Y-1_U65,-9999,-9999,FXX,2,77.55353926107769,1,0,0.0,0,0,0,-9999.0,0.0,1,P0_CV0,1,0,2,1,1
1,2540470.832,712452.2021,R1_F1_m-1f-1_P1_Y-1_U24,-9999,-9999,MXY,2,77.55353926107769,1,0,0.0,0,0,0,-9999.0,0.5,1,P0_CV0,1,1,1,2,0
1,2540470.832,712452.2021,R1_F1_m-1f-1_P1_Y-1_U12,-9999,-9999,FXX,2,77.55353926107769,1,0,2.556,0,0,0,-9999.0,0.5,1,P0_CV0,1,1,1,2,0
1,2540470.832,712452.2021,R1_F1_m-1f-1_P1_Y-1_U61,-9999,-9999,MXY,2,77.55353926107769,1,0,0.0,0,0,0,-9999.0,0.5,1,P0_CV0,1,1,1,0,2
1,2540470.832,712452.2021,R1_F1_m-1f-1_P1_Y-1_U78,-9999,-9999,MXY,2,77.55353926107769,1,0,0.0,0,0,0,-9999.0,0.0,1,P0_CV0,1,0,2,0,2
1,2540470.832,712452.2021,R1_F1_m-1f-1_P1_Y-1_U15,-9999,-9999,MXY,2,77.55353926107769,1,0,0.0,0,0,0,-9999.0,0.5,1,P0_CV0,1,1,1,2,0
1,2540470.832,712452.2021,R1_F1_m-1f-1_P1_Y-1_U58,-9999,-9999,FXX,2,77.55353926107769,1,0,0.0,0,0,0,-9999.0,0.5,1,P0_CV0,1,1,1,1,1
1,2540470.832,712452.2021,R1_F1_m-1f-1_P1_Y-1_U104,-9999,-9999,FXX,2,77.55353926107769,1,0,2.363,0,0,0,-9999.0,0.5,1,P0_CV0,1,1,1,1,1
1,2540470.832,712452.2021,R1_F1_m-1f-1_P1_Y-1_U86,-9999,-9999,FXX,2,77.55353926107769,1,0,0.0,0,0,0,-9999.0,0.0,1,P0_CV0,1,0,2,1,1
1,2540470.832,712452.2021,R1_F1_m-1f-1_P1_Y-1_U95,-9999,-9999,MXY,2,77.55353926107769,1,0,0.0,0,0,0,-9999.0,0.0,1,P0_CV0,1,0,2,0,2
1,2540470.832,712452.2021,R1_F1_m-1f-1_P1_Y-1_U48,-9999,-9999,FXX,2,77.55353926107769,1,0,0.0,0,0,0,-9999.0,0.5,1,P0_CV0,1,1,1,1,1
1,2540470.832,712452.2021,R1_F1_m-1f-1_P1_Y-1_U5,-9999,-9999,MXY,2,77.55353926107769,1,0,0.0,0,0,0,-9999.0,0.5,1,P0_CV0,1,1,1,1,1
1,2540470.832,712452.2021,R1_F1_m-1f-1_P1_Y-1_U54,-9999,-9999,MXY,3,91.43101792464692,1,0,0.0,0,0,0,-9999.0,0.5,1,P0_CV0,1,1,1,2,0
1,2540470.832,712452.2021,R1_F1_m-1f-1_P1_Y-1_U68,-9999,-9999,MXY,3,88.58001792464692,1,0,0.0,0,0,0,-9999.0,0.0,1,P0_CV0,1,0,2,0,2
1,2540470.832,712452.2021,R1_F1_m-1f-1_P1_Y-1_U117,-9999,-9999,FXX,3,87.05201792464693,1,0,2.778,0,0,0,-9999.0,0.5,1,P0_CV0,1,1,1,1,1
1,2540470.832,712452.2021,R1_F1_m-1f-1_P1_Y-1_U127,-9999,-9999,MXY,3,91.57801792464693,1,0,0.0,0,0,0,-9999.0,0.0,1,P0_CV0,1,0,2,0,2
1,2540470.832,712452.2021,R1_F1_m-1f-1_P1_Y-1_U14,-9999,-9999,MXY,3,98.47301792464692,1,0,0.0,0,0,0,-9999.0,0.0,1,P0_CV0,1,0,2,2,0
1,2540470.832,712452.2021,R1_F1_m-1f-1_P1_Y-1_U17,-9999,-9999,FXX,3,98.03901792464693,1,0,1.679,0,0,0,-9999.0,0.0,1,P0_CV0,1,0,2,1,1
1,2540470.832,712452.2021,R1_F1_m-1f-1_P1_Y-1_U28,-9999,-9999,FXX,3,95.53301792464693,1,0,2.225,0,0,0,-9999.0,1.0,1,P0_CV0,1,2,0,2,0
1,2540470.832,712452.2021,R1_F1_m-1f-1_P1_Y-1_U29,-9999,-9999,FXX,3,99.68001792464692,1,0,0.0,0,0,0,-9999.0,1.0,1,P0_CV0,1,2,0,0,2
1,2540470.832,712452.2021,R1_F1_m-1f-1_P1_Y-1_U36,-9999,-9999,MXY,3,96.62501792464693,1,0,0.0,0,0,0,-9999.0,0.0,1,P0_CV0,1,0,2,1,1
1,2540470.832,712452.2021,R1_F1_m-1f-1_P1_Y-1_U40,-9999,-9999,MXY,3,103.11301792464694,1,0,0.0,0,0,0,-9999.0,1.0,1,P0_CV0,1,2,0,1,1
1,2540470.832,712452.2021,R1_F1_m-1f-1_P1_Y-1_U41,-9999,-9999,MXY,3,96.74501792464693,1,0,0.0,0,0,0,-9999.0,0.0,1,P0_CV0,1,0,2,2,0
1,2540470.832,712452.2021,R1_F1_m-1f-1_P1_Y-1_U45,-9999,-9999,FXX,3,94.92801792464694,1,0,0.0,0,0,0,-9999.0,1.0,1,P0_CV0,1,2,0,2,0
1,2540470.832,712452.2021,R1_F1_m-1f-1_P1_Y-1_U53,-9999,-9999,FXX,3,100.28201792464692,1,0,3.171,0,0,0,-9999.0,0.0,1,P0_CV0,1,0,2,1,1
1,2540470.832,712452.2021,R1_F1_m-1f-1_P1_Y-1_U64,-9999,-9999,MXY,3,95.92901792464693,1,0,0.0,0,0,0,-9999.0,0.5,1,P0_CV0,1,1,1,0,2
1,2540470.832,712452.2021,R1_F1_m-1f-1_P1_Y-1_U76,-9999,-9999,FXX,3,98.54601792464693,1,0,1.0,0,0,0,-9999.0,0.0,1,P0_CV0,1,0,2,1,1
1,2540470.832,712452.2021,R1_F1_m-1f-1_P1_Y-1_U85,-9999,-9999,FXX,3,95.00501792464694,1,0,0.0,0,0,0,-9999.0,0.5,1,P0_CV0,1,1,1,1,1
1,2540470.832,712452.2021,R1_F1_m-1f-1_P1_Y-1_U88,-9999,-9999,FXX,3,99.08901792464694,1,0,1.0,0,0,0,-9999.0,0.0,1,P0_CV0,1,0,2,2,0
1,2540470.832,712452.2021,R1_F1_m-1f-1_P1_Y-1_U93,-9999,-9999,FXX,3,104.63501792464693,1,0,1.093,0,0,0,-9999.0,0.0,1,P0_CV0,1,0,2,1,1
1,2540470.832,712452.2021,R1_F1_m-1f-1_P1_Y-1_U96,-9999,-9999,MXY,3,99.10601792464693,1,0,0.0,0,0,0,-9999.0,0.0,1,P0_CV0,1,0,2,2,0
1,2540470.832,712452.2021,R1_F1_m-1f-1_P1_Y-1_U99,-9999,-9999,MXY,3,93.81001792464693,1,0,0.0,0,0,0,-9999.0,0.0,1,P0_CV0,1,0,2,1,1
1,2540470.832,712452.2021,R1_F1_m-1f-1_P1_Y-1_U114,-9999,-9999,FXX,3,106.94001792464694,1,0,0.0,0,0,0,-9999.0,0.0,1,P0_CV0,1,0,2,2,0
1,2540470.832,712452.2021,R1_F1_m-1f-1_P1_Y-1_U119,-9999,-9999,MXY,3,93.00901792464693,1,0,0.0,0,0,0,-9999.0,0.0,1,P0_CV0,1,0,2,1,1
1,2540470.832,712452.2021,R1_F1_m-1f-1_P1_Y-1_U121,-9999,-9999,FXX,3,94.05701792464693,1,0,0.0,0,0,0,-9999.0,0.0,1,P0_CV0,1,0,2,2,0
1,2540470.832,712452.2021,R1_F1_m-1f-1_P1_Y-1_U125,-9999,-9999,MXY,3,99.77401792464693,1,0,0.0,0,0,0,-9999.0,0.0,1,P0_CV0,1,0,2,1,1
1,2540470.832,712452.2021,R1_F1_m-1f-1_P1_Y-1_U9,-9999,-9999,FXX,4,126.00339874277093,1,0,1.836,0,0,0,-9999.0,0.5,1,P0_CV0,1,1,1,1,1
1,2540470.832,712452.2021,R1_F1_m-1f-1_P1_Y-1_U20,-9999,-9999,FXX,4,126.00339874277093,1,0,2.07,0,0,0,-9999.0,1.0,1,P0_CV0,1,2,0,0,2
1,2540470.832,712452.2021,R1_F1_m-1f-1_P1_Y-1_U21,-9999,-9999,FXX,4,126.00339874277093,1,0,0.0,0,0,0,-9999.0,0.0,1,P0_CV0,1,0,2,0,2
1,2540470.832,712452.2021,R1_F1_m-1f-1_P1_Y-1_U42,-9999,-9999,MXY,4,126.00339874277093,1,0,0.0,0,0,0,-9999.0,0.0,1,P0_CV0,1,0,2,2,0
1,2540470.832,712452.2021,R1_F1_m-1f-1_P1_Y-1_U43,-9999,-9999,MXY,4,126.00339874277093,1,0,0.0,0,0,0,-9999.0,0.5,1,P0_CV0,1,1,1,2,0
1,2540470.832,712452.2021,R1_F1_m-1f-1_P1_Y-1_U52,-9999,-9999,MXY,4,126.00339874277093,1,0,0.0,0,0,0,-9999.0,0.0,1,P0_CV0,1,0,2,0,2
1,2540470.832,712452.2021,R1_F1_m-1f-1_P1_Y-1_U62,-9999,-9999,MXY,4,126.00339874277093,1,0,0.0,0,0,0,-9999.0,0.0,1,P0_CV0,1,0,2,0,2
1,2540470.832,712452.2021,R1_F1_m-1f-1_P1_Y-1_U74,-9999,-9999,FXX,4,126.00339874277093,1,0,0.0,0,0,0,-9999.0,0.5,1,P0_CV0,1,1,1,2,0
1,2540470.832,712452.2021,R1_F1_m-1f-1_P1_Y-1_U77,-9999,-9999,MXY,4,126.00339874277093,1,0,0.0,0,0,0,-9999.0,0.0,1,P0_CV0,1,0,2,1,1
1,2540470.832,712452.2021,R1_F1_m-1f-1_P1_Y-1_U108,-9999,-9999,FXX,4,126.00339874277093,1,0,1.387,0,0,0,-9999.0,0.5,1,P0_CV0,1,1,1,2,0
1,2540470.832,712452.2021,R1_F1_m-1f-1_P1_Y-1_U4,-9999,-9999,MXY,5,141.5898689237558,1,0,0.0,0,0,0,-9999.0,0.0,1,P0_CV0,1,0,2,2,0
1,2540470.832,712452.2021,R1_F1_m-1f-1_P1_Y-1_U123,-9999,-9999,MXY,5,139.9588689237558,1,0,0.0,0,0,0,-9999.0,0.0,1,P0_CV0,1,0,2,1,1
1,2540470.832,712452.2021,R1_F1_m-1f-1_P1_Y-1_U44,-9999,-9999,MXY,5,133.56186892375578,1,0,0.0,0,0,0,-9999.0,0.5,1,P0_CV0,1,1,1,1,1
1,2540470.832,712452.2021,R1_F1_m-1f-1_P1_Y-1_U97,-9999,-9999,MXY,5,148.6468689237558,1,0,0.0,0,0,0,-9999.0,0.0,1,P0_CV0,1,0,2,1,1
1,2540470.832,712452.2021,R1_F1_m-1f-1_P1_Y-1_U80,-9999,-9999,FXX,5,152.0098689237558,1,0,1.0,0,0,0,-9999.0,0.5,1,P0_CV0,1,1,1,1,1
1,2540470.832,712452.2021,R1_F1_m-1f-1_P1_Y-1_U18,-9999,-9999,FXX,5,146.0098689237558,1,0,1.167,0,0,0,-9999.0,0.5,1,P0_CV0,1,1,1,0,2
1,2540470.832,712452.2021,R1_F1_m-1f-1_P1_Y-1_U81,-9999,-9999,FXX,5,161.9348689237558,1,0,1.0,0,0,0,-9999.0,0.5,1,P0_CV0,1,1,1,2,0
1,2540470.832,712452.2021,R1_F1_m-1f-1_P1_Y-1_U10,-9999,-9999,FXX,5,146.4528689237558,1,0,3.506,0,0,0,-9999.0,0.0,1,P0_CV0,1,0,2,0,2
1,2540470.832,712452.2021,RD1_F2_m2f2_P2_Y0_UO500,R2_F2_m-1f-1_P2_Y-1_U39,R2_F2_m-1f-1_P2_Y-1_U44,FXX,1,53.63582512549851,0,0,0.0,0,0,0,-9999.0,0.75,1,P1_CV0,1,1,1,1,1
1,2540470.832,712452.2021,RD1_F5_m-1f-1_P5_Y-1_U36,-9999,-9999,MXY,2,82.55050900994189,1,0,0.0,0,0,0,-9999.0,0.5,1,P4_CV0,1,1,1,1,1
1,2540470.832,712452.2021,RD1_F6_m-1f-1_P6_Y-1_U79,-9999,-9999,MXY,4,129.6086394261028,1,0,0.0,0,0,0,-9999.0,0.5,1,P5_CV0,1,1,1,1,1
2,2536859.926,708059.4624,R2_F2_m2f2_P2_Y0_UO5,R2_F2_m-1f-1_P2_Y-1_U87,R2_F2_m-1f-1_P2_Y-1_U119,MXY,1,31.487533720905095,0,0,0.0,0,0,0,-9999.0,0.5,1,P1_CV0,1,0,2,2,0
2,2536859.926,708059.4624,R2_F2_m2f2_P2_Y0_UO6,R2_F2_m-1f-1_P2_Y-1_U87,R2_F2_m-1f-1_P2_Y-1_U119,MXY,1,31.487533720905095,0,0,0.0,0,0,0,-9999.0,0.5,1,P1_CV0,1,0,2,0,2
2,2536859.926,708059.4624,RD2_F2_m2f2_P2_Y0_UO7,R2_F2_m-1f-1_P2_Y-1_U87,R2_F2_m-1f-1_P2_Y-1_U119,FXX,1,31.487533720905095,0,0,0.0,0,0,0,-9999.0,0.5,1,P1_CV0,1,1,1,0,2
2,2536859.926,708059.4624,R2_F2_m2f2_P2_Y0_UO8,R2_F2_m-1f-1_P2_Y-1_U87,R2_F2_m-1f-1_P2_Y-1_U119,MXY,1,31.487533720905095,0,0,0.0,0,0,0,-9999.0,0.5,1,P1_CV0,1,2,0,1,1
2,2536859.926,708059.4624,R2_F2_m2f2_P2_Y0_UO9,R2_F2_m-1f-1_P2_Y-1_U108,R2_F2_m-1f-1_P2_Y-1_U13,MXY,1,31.487533720905095,0,0,0.0,0,0,0,-9999.0,0.25,1,P1_CV0,1,2,0,1,1
2,2536859.926,708059.4624,R2_F2_m2f2_P2_Y0_UO10,R2_F2_m-1f-1_P2_Y-1_U108,R2_F2_m-1f-1_P2_Y-1_U13,FXX,1,31.487533720905095,0,0,0.0,0,0,0,-9999.0,0.25,1,P1_CV0,1,0,2,0,2
2,2536859.926,708059.4624,R2_F2_m2f2_P2_Y0_UO11,R2_F2_m-1f-1_P2_Y-1_U108,R2_F2_m-1f-1_P2_Y-1_U13,FXX,1,31.487533720905095,0,0,0.0,0,0,0,-9999.0,0.25,1,P1_CV0,1,0,2,1,1
2,2536859.926,708059.4624,R2_F2_m2f2_P2_Y0_UO12,R2_F2_m-1f-1_P2_Y-1_U108,R2_F2_m-1f-1_P2_Y-1_U13,MXY,1,31.487533720905095,0,0,0.0,0,0,0,-9999.0,0.25,1,P1_CV0,1,1,1,2,0
2,2536859.926,708059.4624,R2_F2_m2f2_P2_Y0_UO13,R2_F2_m-1f-1_P2_Y-1_U108,R2_F2_m-1f-1_P2_Y-1_U13,MXY,1,31.487533720905095,0,0,0.0,0,0,0,-9999.0,0.25,1,P1_CV0,1,0,2,2,0
2,2536859.926,708059.4624,R2_F2_m2f2_P2_Y0_UO14,R2_F2_m-1f-1_P2_Y-1_U108,R2_F2_m-1f-1_P2_Y-1_U13,FXX,1,31.487533720905095,0,0,0.0,0,0,0,-9999.0,0.25,1,P1_CV0,1,0,2,2,0
2,2536859.926,708059.4624,R2_F2_m2f2_P2_Y0_UO62,R2_F2_m-1f-1_P2_Y-1_U60,R2_F2_m-1f-1_P2_Y-1_U58,FXX,1,31.487533720905095,0,0,0.0,0,0,0,-9999.0,0.75,1,P1_CV0,1,0,2,1,1
2,2536859.926,708059.4624,R2_F2_m2f2_P2_Y0_UO63,R2_F2_m-1f-1_P2_Y-1_U60,R2_F2_m-1f-1_P2_Y-1_U58,MXY,1,31.487533720905095,0,0,0.0,0,0,0,-9999.0,0.75,1,P1_CV0,1,1,1,0,2
2,2536859.926,708059.4624,R2_F2_m2f2_P2_Y0_UO79,R2_F2_m-1f-1_P2_Y-1_U62,R2_F2_m-1f-1_P2_Y-1_U20,FXX,1,31.487533720905095,0,0,0.0,0,0,0,-9999.0,0.25,1,P1_CV0,1,2,0,1,1
2,2536859.926,708059.4624,R2_F2_m2f2_P2_Y0_UO80,R2_F2_m-1f-1_P2_Y-1_U62,R2_F2_m-1f-1_P2_Y-1_U20,FXX,1,31.487533720905095,0,0,0.0,0,0,0,-9999.0,0.25,1,P1_CV0,1,0,2,1,1
2,2536859.926,708059.4624,R2_F2_m2f2_P2_Y0_UO81,R2_F2_m-1f-1_P2_Y-1_U62,R2_F2_m-1f-1_P2_Y-1_U20,MXY,1,31.487533720905095,0,0,0.0,0,0,0,-9999.0,0.25,1,P1_CV0,1,1,1,1,1
2,2536859.926,708059.4624,R2_F2_m2f2_P2_Y0_UO82,R2_F2_m-1f-1_P2_Y-1_U87,R2_F2_m-1f-1_P2_Y-1_U28,MXY,1,31.487533720905095,0,0,0.0,0,0,0,-9999.0,0.5,1,P1_CV0,1,1,1,1,1
2,2536859.926,708059.4624,R2_F2_m2f2_P2_Y0_UO83,R2_F2_m-1f-1_P2_Y-1_U87,R2_F2_m-1f-1_P2_Y-1_U28,FXX,1,31.487533720905095,0,0,0.0,0,0,0,-9999.0,0.5,1,P1_CV0,1,1,1,1,1
2,2536859.926,708059.4624,R2_F2_m2f2_P2_Y0_UO84,R2_F2_m-1f-1_P2_Y-1_U87,R2_F2_m-1f-1_P2_Y-1_U28,MXY,1,31.487533720905095,0,0,0.0,0,0,0,-9999.0,0.5,1,P1_CV0,1,0,2,2,0
2,2536859.926,708059.4624,R2_F2_m2f2_P2_Y0_UO99,R2_F2_m-1f-1_P2_Y-1_U2,R2_F2_m-1f-1_P2_Y-1_U72,MXY,1,31.487533720905095,0,0,0.0,0,0,0,-9999.0,0.75,1,P1_CV0,1,0,2,0,2
2,2536859.926,708059.4624,R2_F2_m2f2_P2_Y0_UO100,R2_F2_m-1f-1_P2_Y-1_U2,R2_F2_m-1f-1_P2_Y-1_U72,MXY,1,31.487533720905095,0,0,0.0,0,0,0,-9999.0,0.75,1,P1_CV0,1,1,1,1,1
2,2536859.926,708059.4624,R2_F2_m2f2_P2_Y0_UO101,R2_F2_m-1f-1_P2_Y-1_U2,R2_F2_m-1f-1_P2_Y-1_U72,MXY,1,31.487533720905095,0,0,0.0,0,0,0,-9999.0,0.75,1,P1_CV0,1,2,0,0,2
2,2536859.926,708059.4624,R2_F2_m2f2_P2_Y0_UO102,R2_F2_m-1f-1_P2_Y-1_U2,R2_F2_m-1f-1_P2_Y-1_U72,FXX,1,31.487533720905095,0,0,0.0,0,0,0,-9999.0,0.75,1,P1_CV0,1,1,1,1,1
2,2536859.926,708059.4624,R2_F2_m2f2_P2_Y0_UO103,R2_F2_m-1f-1_P2_Y-1_U2,R2_F2_m-1f-1_P2_Y-1_U72,FXX,1,31.487533720905095,0,0,0.0,0,0,0,-9999.0,0.75,1,P1_CV0,1,1,1,2,0
2,2536859.926,708059.4624,R2_F2_m2f2_P2_Y0_UO104,R2_F2_m-1f-1_P2_Y-1_U2,R2_F2_m-1f-1_P2_Y-1_U72,FXX,1,31.487533720905095,0,0,0.0,0,0,0,-9999.0,0.75,1,P1_CV0,1,0,2,1,1
2,2536859.926,708059.4624,R2_F2_m2f2_P2_Y0_UO105,R2_F2_m-1f-1_P2_Y-1_U22,R2_F2_m-1f-1_P2_Y-1_U57,FXX,1,31.487533720905095,0,0,0.0,0,0,0,-9999.0,0.0,1,P1_CV0,1,1,1,1,1
2,2536859.926,708059.4624,R2_F2_m2f2_P2_Y0_UO106,R2_F2_m-1f-1_P2_Y-1_U22,R2_F2_m-1f-1_P2_Y-1_U57,FXX,1,31.487533720905095,0,0,0.0,0,0,0,-9999.0,0.0,1,P1_CV0,1,2,0,1,1
2,2536859.926,708059.4624,R2_F2_m2f2_P2_Y0_UO113,R2_F2_m-1f-1_P2_Y-1_U94,R2_F2_m-1f-1_P2_Y-1_U13,MXY,1,31.487533720905095,0,0,0.0,0,0,0,-9999.0,0.25,1,P1_CV0,1,0,2,2,0
2,2536859.926,708059.4624,R2_F2_m2f2_P2_Y0_UO114,R2_F2_m-1f-1_P2_Y-1_U94,R2_F2_m-1f-1_P2_Y-1_U13,FXX,1,31.487533720905095,0,0,0.0,0,0,0,-9999.0,0.25,1,P1_CV0,1,1,1,1,1
2,2536859.926,708059.4624,R2_F2_m2f2_P2_Y0_UO115,R2_F2_m-1f-1_P2_Y-1_U94,R2_F2_m-1f-1_P2_Y-1_U13,FXX,1,31.487533720905095,0,0,0.0,0,0,0,-9999.0,0.25,1,P1_CV0,1,1,1,1,1
2,2536859.926,708059.4624,R2_F2_m2f2_P2_Y0_UO116,R2_F2_m-1f-1_P2_Y-1_U94,R2_F2_m-1f-1_P2_Y-1_U13,FXX,1,31.487533720905095,0,0,0.0,0,0,0,-9999.0,0.25,1,P1_CV0,1,0,2,0,2
2,2536859.926,708059.4624,R2_F2_m2f2_P2_Y0_UO146,R2_F2_m-1f-1_P2_Y-1_U52,R2_F2_m-1f-1_P2_Y-1_U12,MXY,1,31.487533720905095,0,0,0.0,0,0,0,-9999.0,0.25,1,P1_CV0,1,1,1,0,2
2,2536859.926,708059.4624,R2_F2_m2f2_P2_Y0_UO147,R2_F2_m-1f-1_P2_Y-1_U52,R2_F2_m-1f-1_P2_Y-1_U12,FXX,1,31.487533720905095,0,0,0.0,0,0,0,-9999.0,0.25,1,P1_CV0,1,1,1,1,1
2,2536859.926,708059.4624,R2_F2_m2f2_P2_Y0_UO148,R2_F2_m-1f-1_P2_Y-1_U52,R2_F2_m-1f-1_P2_Y-1_U12,MXY,1,31.487533720905095,0,0,0.0,0,0,0,-9999.0,0.25,1,P1_CV0,1,0,2,1,1
2,2536859.926,708059.4624,R2_F2_m2f2_P2_Y0_UO149,R2_F2_m-1f-1_P2_Y-1_U52,R2_F2_m-1f-1_P2_Y-1_U12,MXY,1,31.487533720905095,0,0,0.0,0,0,0,-9999.0,0.25,1,P1_CV0,1,1,1,0,2
2,2536859.926,708059.4624,R2_F2_m2f2_P2_Y0_UO150,R2_F2_m-1f-1_P2_Y-1_U52,R2_F2_m-1f-1_P2_Y-1_U12,MXY,1,31.487533720905095,0,0,0.0,0,0,0,-9999.0,0.25,1,P1_CV0,1,1,1,2,0
2,2536859.926,708059.4624,R2_F2_m2f2_P2_Y0_UO197,R2_F2_m-1f-1_P2_Y-1_U125,R2_F2_m-1f-1_P2_Y-1_U20,MXY,1,31.487533720905095,0,0,0.0,0,0,0,-9999.0,0.5,1,P1_CV0,1,1,1,1,1
2,2536859.926,708059.4624,R2_F2_m2f2_P2_Y0_UO198,R2_F2_m-1f-1_P2_Y-1_U125,R2_F2_m-1f-1_P2_Y-1_U20,FXX,1,31.487533720905095,0,0,0.0,0,0,0,-9999.0,0.5,1,P1_CV0,1,1,1,0,2
2,2536859.926,708059.4624,R2_F2_m2f2_P2_Y0_UO199,R2_F2_m-1f-1_P2_Y-1_U125,R2_F2_m-1f-1_P2_Y-1_U20,MXY,1,31.487533720905095,0,0,0.0,0,0,0,-9999.0,0.5,1,P1_CV0,1,2,0,1,1
2,2536859.926,708059.4624,R2_F2_m2f2_P2_Y0_UO200,R2_F2_m-1f-1_P2_Y-1_U125,R2_F2_m-1f-1_P2_Y-1_U20,MXY,1,31.487533720905095,0,0,0.0,0,0,0,-9999.0,0.5,1,P1_CV0,1,1,1,1,1
2,2536859.926,708059.4624,R2_F2_m2f2_P2_Y0_UO201,R2_F2_m-1f-1_P2_Y-1_U125,R2_F2_m-1f-1_P2_Y-1_U20,MXY,1,31.487533720905095,0,0,0.0,0,0,0,-9999.0,0.5,1,P1_CV0,1,0,2,2,0
2,2536859.926,708059.4624,R2_F2_m2f2_P2_Y0_UO202,R2_F2_m-1f-1_P2_Y-1_U125,R2_F2_m-1f-1_P2_Y-1_U20,MXY,1,31.487533720905095,0,0,0.0,0,0,0,-9999.0,0.5,1,P1_CV0,1,1,1,2,0
2,2536859.926,708059.4624,R2_F2_m2f2_P2_Y0_UO203,R2_F2_m-1f-1_P2_Y-1_U125,R2_F2_m-1f-1_P2_Y-1_U20,MXY,1,31.487533720905095,0,0,0.0,0,0,0,-9999.0,0.5,1,P1_CV0,1,1,1,2,0
2,2536859.926,708059.4624,R2_F2_m2f2_P2_Y0_UO204,R2_F2_m-1f-1_P2_Y-1_U60,R2_F2_m-1f-1_P2_Y-1_U107,MXY,1,31.487533720905095,0,0,0.0,0,0,0,-9999.0,0.25,1,P1_CV0,1,0,2,2,0
2,2536859.926,708059.4624,R2_F2_m2f2_P2_Y0_UO205,R2_F2_m-1f-1_P2_Y-1_U60,R2_F2_m-1f-1_P2_Y-1_U107,FXX,1,31.487533720905095,0,0,0.0,0,0,0,-9999.0,0.25,1,P1_CV0,1,1,1,0,2
2,2536859.926,708059.4624,R2_F2_m2f2_P2_Y0_UO206,R2_F2_m-1f-1_P2_Y-1_U60,R2_F2_m-1f-1_P2_Y-1_U107,FXX,1,31.487533720905095,0,0,0.0,0,0,0,-9999.0,0.25,1,P1_CV0,1,0,2,2,0
2,2536859.926,708059.4624,R2_F2_m2f2_P2_Y0_UO207,R2_F2_m-1f-1_P2_Y-1_U60,R2_F2_m-1f-1_P2_Y-1_U107,MXY,1,31.487533720905095,0,0,0.0,0,0,0,-9999.0,0.25,1,P1_CV0,1,1,1,2,0
2,2536859.926,708059.4624,R2_F2_m2f2_P2_Y0_UO208,R2_F2_m-1f-1_P2_Y-1_U60,R2_F2_m-1f-1_P2_Y-1_U107,MXY,1,31.487533720905095,0,0,0.0,0,0,0,-9999.0,0.25,1,P1_CV0,1,0,2,1,1
2,2536859.926,708059.4624,R2_F2_m2f2_P2_Y0_UO226,R2_F2_m-1f-1_P2_Y-1_U39,R2_F2_m-1f-1_P2_Y-1_U79,MXY,1,31.487533720905095,0,0,0.0,0,0,0,-9999.0,0.5,1,P1_CV0,1,1,1,2,0
2,2536859.926,708059.4624,R2_F2_m2f2_P2_Y0_UO227,R2_F2_m-1f-1_P2_Y-1_U39,R2_F2_m-1f-1_P2_Y-1_U79,FXX,1,31.487533720905095,0,0,0.0,0,0,0,-9999.0,0.5,1,P1_CV0,1,1,1,1,1
2,2536859.926,708059.4624,R2_F2_m2f2_P2_Y0_UO228,R2_F2_m-1f-1_P2_Y-1_U39,R2_F2_m-1f-1_P2_Y-1_U79,FXX,1,31.487533720905095,0,0,0.0,0,0,0,-9999.0,0.5,1,P1_CV0,1,1,1,1,1
2,2536859.926,708059.4624,R2_F2_m2f2_P2_Y0_UO229,R2_F2_m-1f-1_P2_Y-1_U39,R2_F2_m-1f-1_P2_Y-1_U79,FXX,1,31.487533720905095,0,0,0.0,0,0,0,-9999.0,0.5,1,P1_CV0,1,1,1,2,0
2,2536859.926,708059.4624,R2_F2_m2f2_P2_Y0_UO230,R2_F2_m-1f-1_P2_Y-1_U39,R2_F2_m-1f-1_P2_Y-1_U79,MXY,1,31.487533720905095,0,0,0.0,0,0,0,-9999.0,0.5,1,P1_CV0,1,1,1,1,1
2,2536859.926,708059.4624,R2_F2_m2f2_P2_Y0_UO231,R2_F2_m-1f-1_P2_Y-1_U39,R2_F2_m-1f-1_P2_Y-1_U79,MXY,1,31.487533720905095,0,0,0.0,0,0,0,-9999.0,0.5,1,P1_CV0,1,2,0,0,2
2,2536859.926,708059.4624,R2_F2_m2f2_P2_Y0_UO235,R2_F2_m-1f-1_P2_Y-1_U32,R2_F2_m-1f-1_P2_Y-1_U104,MXY,1,31.487533720905095,0,0,0.0,0,0,0,-9999.0,0.5,1,P1_CV0,1,1,1,2,0
2,2536859.926,708059.4624,R2_F2_m2f2_P2_Y0_UO236,R2_F2_m-1f-1_P2_Y-1_U32,R2_F2_m-1f-1_P2_Y-1_U104,MXY,1,31.487533720905095,0,0,0.0,0,0,0,-9999.0,0.5,1,P1_CV0,1,0,2,2,0
2,2536859.926,708059.4624,R2_F2_m2f2_P2_Y0_UO237,R2_F2_m-1f-1_P2_Y-1_U32,R2_F2_m-1f-1_P2_Y-1_U104,MXY,1,31.487533720905095,0,0,0.0,0,0,0,-9999.0,0.5,1,P1_CV0,1,0,2,1,1
2,2536859.926,708059.4624,R2_F2_m2f2_P2_Y0_UO238,R2_F2_m-1f-1_P2_Y-1_U32,R2_F2_m-1f-1_P2_Y-1_U104,MXY,1,31.487533720905095,0,0,0.0,0,0,0,-9999.0,0.5,1,P1_CV0,1,2,0,1,1
2,2536859.926,708059.4624,R2_F2_m2f2_P2_Y0_UO239,R2_F2_m-1f-1_P2_Y-1_U32,R2_F2_m-1f-1_P2_Y-1_U104,MXY,1,31.487533720905095,0,0,0.0,0,0,0,-9999.0,0.5,1,P1_CV0,1,0,2,0,2
2,2536859.926,708059.4624,R2_F2_m2f2_P2_Y0_UO240,R2_F2_m-1f-1_P2_Y-1_U32,R2_F2_m-1f-1_P2_Y-1_U104,FXX,1,31.487533720905095,0,0,0.0,0,0,0,-9999.0,0.5,1,P1_CV0,1,2,0,2,0
2,2536859.926,708059.4624,R2_F2_m2f2_P2_Y0_UO261,R2_F2_m-1f-1_P2_Y-1_U26,R2_F2_m-1f-1_P2_Y-1_U119,MXY,1,31.487533720905095,0,0,0.0,0,0,0,-9999.0,0.5,1,P1_CV0,1,2,0,1,1
2,2536859.926,708059.4624,R2_F2_m2f2_P2_Y0_UO262,R2_F2_m-1f-1_P2_Y-1_U26,R2_F2_m-1f-1_P2_Y-1_U119,FXX,1,31.487533720905095,0,0,0.0,0,0,0,-9999.0,0.5,1,P1_CV0,1,2,0,0,2
2,2536859.926,708059.4624,R2_F2_m2f2_P2_Y0_UO263,R2_F2_m-1f-1_P2_Y-1_U26,R2_F2_m-1f-1_P2_Y-1_U119,MXY,1,31.487533720905095,0,0,0.0,0,0,0,-9999.0,0.5,1,P1_CV0,1,1,1,0,2
2,2536859.926,708059.4624,R2_F2_m2f2_P2_Y0_UO264,R2_F2_m-1f-1_P2_Y-1_U26,R2_F2_m-1f-1_P2_Y-1_U119,FXX,1,31.487533720905095,0,0,0.0,0,0,0,-9999.0,0.5,1,P1_CV0,1,1,1,1,1
2,2536859.926,708059.4624,R2_F2_m2f2_P2_Y0_UO265,R2_F2_m-1f-1_P2_Y-1_U108,R2_F2_m-1f-1_P2_Y-1_U8,MXY,1,31.487533720905095,0,0,0.0,0,0,0,-9999.0,0.5,1,P1_CV0,1,2,0,2,0
2,2536859.926,708059.4624,R2_F2_m2f2_P2_Y0_UO266,R2_F2_m-1f-1_P2_Y-1_U108,R2_F2_m-1f-1_P2_Y-1_U8,FXX,1,31.487533720905095,0,0,0.0,0,0,0,-9999.0,0.5,1,P1_CV0,1,2,0,2,0
2,2536859.926,708059.4624,R2_F2_m2f2_P2_Y0_UO267,R2_F2_m-1f-1_P2_Y-1_U108,R2_F2_m-1f-1_P2_Y-1_U8,MXY,1,31.487533720905095,0,0,0.0,0,0,0,-9999.0,0.5,1,P1_CV0,1,1,1,1,1
2,2536859.926,708059.4624,R2_F2_m2f2_P2_Y0_UO268,R2_F2_m-1f-1_P2_Y-1_U108,R2_F2_m-1f-1_P2_Y-1_U8,MXY,1,31.487533720905095,0,0,0.0,0,0,0,-9999.0,0.5,1,P1_CV0,1,0,2,1,1
2,2536859.926,708059.4624,R2_F2_m2f2_P2_Y0_UO281,R2_F2_m-1f-1_P2_Y-1_U22,R2_F2_m-1f-1_P2_Y-1_U104,FXX,1,31.487533720905095,0,0,0.0,0,0,0,-9999.0,0.25,1,P1_CV0,1,2,0,1,1
2,2536859.926,708059.4624,R2_F2_m2f2_P2_Y0_UO282,R2_F2_m-1f-1_P2_Y-1_U22,R2_F2_m-1f-1_P2_Y-1_U104,MXY,1,31.487533720905095,0,0,0.0,0,0,0,-9999.0,0.25,1,P1_CV0,1,1,1,2,0
2,2536859.926,708059.4624,R2_F2_m2f2_P2_Y0_UO307,R2_F2_m-1f-1_P2_Y-1_U32,R2_F2_m-1f-1_P2_Y-1_U15,FXX,1,31.487533720905095,0,0,0.0,0,0,0,-9999.0,0.25,1,P1_CV0,1,2,0,1,1
2,2536859.926,708059.4624,R2_F2_m2f2_P2_Y0_UO308,R2_F2_m-1f-1_P2_Y-1_U32,R2_F2_m-1f-1_P2_Y-1_U15,MXY,1,31.487533720905095,0,0,0.0,0,0,0,-9999.0,0.25,1,P1_CV0,1,1,1,1,1
2,2536859.926,708059.4624,R2_F2_m2f2_P2_Y0_UO309,R2_F2_m-1f-1_P2_Y-1_U32,R2_F2_m-1f-1_P2_Y-1_U15,MXY,1,31.487533720905095,0,0,0.0,0,0,0,-9999.0,0.25,1,P1_CV0,1,2,0,1,1
2,2536859.926,708059.4624,R2_F2_m2f2_P2_Y0_UO310,R2_F2_m-1f-1_P2_Y-1_U32,R2_F2_m-1f-1_P2_Y-1_U15,MXY,1,31.487533720905095,0,0,0.0,0,0,0,-9999.0,0.25,1,P1_CV0,1,1,1,2,0
2,2536859.926,708059.4624,R2_F2_m2f2_P2_Y0_UO316,R2_F2_m-1f-1_P2_Y-1_U108,R2_F2_m-1f-1_P2_Y-1_U91,FXX,1,31.487533720905095,0,0,0.0,0,0,0,-9999.0,0.0,1,P1_CV0,1,2,0,1,1
2,2536859.926,708059.4624,R2_F2_m2f2_P2_Y0_UO317,R2_F2_m-1f-1_P2_Y-1_U108,R2_F2_m-1f-1_P2_Y-1_U91,MXY,1,31.487533720905095,0,0,0.0,0,0,0,-9999.0,0.0,1,P1_CV0,1,1,1,0,2
2,2536859.926,708059.4624,R2_F2_m2f2_P2_Y0_UO318,R2_F2_m-1f-1_P2_Y-1_U108,R2_F2_m-1f-1_P2_Y-1_U91,MXY,1,31.487533720905095,0,0,0.0,0,0,0,-9999.0,0.0,1,P1_CV0,1,2,0,2,0
2,2536859.926,708059.4624,R2_F2_m2f2_P2_Y0_UO319,R2_F2_m-1f-1_P2_Y-1_U108,R2_F2_m-1f-1_P2_Y-1_U91,FXX,1,31.487533720905095,0,0,0.0,0,0,0,-9999.0,0.0,1,P1_CV0,1,2,0,0,2
2,2536859.926,708059.4624,R2_F2_m2f2_P2_Y0_UO346,R2_F2_m-1f-1_P2_Y-1_U87,R2_F2_m-1f-1_P2_Y-1_U57,FXX,1,31.487533720905095,0,0,0.0,0,0,0,-9999.0,0.25,1,P1_CV0,1,2,0,2,0
2,2536859.926,708059.4624,R2_F2_m2f2_P2_Y0_UO347,R2_F2_m-1f-1_P2_Y-1_U87,R2_F2_m-1f-1_P2_Y-1_U57,FXX,1,31.487533720905095,0,0,0.0,0,0,0,-9999.0,0.25,1,P1_CV0,1,1,1,2,0
2,2536859.926,708059.4624,R2_F2_m2f2_P2_Y0_UO348,R2_F2_m-1f-1_P2_Y-1_U87,R2_F2_m-1f-1_P2_Y-1_U57,FXX,1,31.487533720905095,0,0,0.0,0,0,0,-9999.0,0.25,1,P1_CV0,1,0,2,0,2
2,2536859.926,708059.4624,R2_F2_m2f2_P2_Y0_UO351,R2_F2_m-1f-1_P2_Y-1_U26,R2_F2_m-1f-1_P2_Y-1_U40,FXX,1,31.487533720905095,0,0,0.0,0,0,0,-9999.0,0.5,1,P1_CV0,1,0,2,2,0
2,2536859.926,708059.4624,R2_F2_m2f2_P2_Y0_UO352,R2_F2_m-1f-1_P2_Y-1_U26,R2_F2_m-1f-1_P2_Y-1_U40,FXX,1,31.487533720905095,0,0,0.0,0,0,0,-9999.0,0.5,1,P1_CV0,1,1,1,1,1
2,2536859.926,708059.4624,R2_F2_m2f2_P2_Y0_UO353,R2_F2_m-1f-1_P2_Y-1_U26,R2_F2_m-1f-1_P2_Y-1_U40,FXX,1,31.487533720905095,0,0,0.0,0,0,0,-9999.0,0.5,1,P1_CV0,1,2,0,2,0
2,2536859.926,708059.4624,R2_F2_m2f2_P2_Y0_UO361,R2_F2_m-1f-1_P2_Y-1_U105,R2_F2_m-1f-1_P2_Y-1_U11,FXX,1,31.487533720905095,0,0,0.0,0,0,0,-9999.0,0.25,1,P1_CV0,1,0,2,2,0
2,2536859.926,708059.4624,R2_F2_m2f2_P2_Y0_UO362,R2_F2_m-1f-1_P2_Y-1_U105,R2_F2_m-1f-1_P2_Y-1_U11,MXY,1,31.487533720905095,0,0,0.0,0,0,0,-9999.0,0.25,1,P1_CV0,1,1,1,1,1
2,2536859.926,708059.4624,R2_F2_m2f2_P2_Y0_UO363,R2_F2_m-1f-1_P2_Y-1_U105,R2_F2_m-1f-1_P2_Y-1_U11,FXX,1,31.487533720905095,0,0,0.0,0,0,0,-9999.0,0.25,1,P1_CV0,1,1,1,1,1
2,2536859.926,708059.4624,R2_F2_m2f2_P2_Y0_UO385,R2_F2_m-1f-1_P2_Y-1_U2,R2_F2_m-1f-1_P2_Y-1_U15,MXY,1,31.487533720905095,0,0,0.0,0,0,0,-9999.0,0.25,1,P1_CV0,1,0,2,2,0
2,2536859.926,708059.4624,R2_F2_m2f2_P2_Y0_UO386,R2_F2_m-1f-1_P2_Y-1_U2,R2_F2_m-1f-1_P2_Y-1_U15,FXX,1,31.487533720905095,0,0,0.0,0,0,0,-9999.0,0.25,1,P1_CV0,1,0,2,1,1
2,2536859.926,708059.4624,R2_F2_m2f2_P2_Y0_UO387,R2_F2_m-1f-1_P2_Y-1_U2,R2_F2_m-1f-1_P2_Y-1_U15,FXX,1,31.487533720905095,0,0,0.0,0,0,0,-9999.0,0.25,1,P1_CV0,1,0,2,0,2
2,2536859.926,708059.4624,R2_F2_m2f2_P2_Y0_UO388,R2_F2_m-1f-1_P2_Y-1_U2,R2_F2_m-1f-1_P2_Y-1_U15,FXX,1,31.487533720905095,0,0,0.0,0,0,0,-9999.0,0.25,1,P1_CV0,1,2,0,2,0
2,2536859.926,708059.4624,R2_F2_m2f2_P2_Y0_UO485,R2_F2_m-1f-1_P2_Y-1_U14,R2_F2_m-1f-1_P2_Y-1_U46,MXY,1,31.487533720905095,0,0,0.0,0,0,0,-9999.0,0.5,1,P1_CV0,1,1,1,0,2
2,2536859.926,708059.4624,R2_F2_m2f2_P2_Y0_UO486,R2_F2_m-1f-1_P2_Y-1_U14,R2_F2_m-1f-1_P2_Y-1_U46,MXY,1,31.487533720905095,0,0,0.0,0,0,0,-9999.0,0.5,1,P1_CV0,1,0,2,2,0
2,2536859.926,708059.4624,R2_F2_m2f2_P2_Y0_UO487,R2_F2_m-1f-1_P2_Y-1_U14,R2_F2_m-1f-1_P2_Y-1_U46,MXY,1,31.487533720905095,0,0,0.0,0,0,0,-9999.0,0.5,1,P1_CV0,1,1,1,1,1
2,2536859.926,708059.4624,R2_F2_m2f2_P2_Y0_UO495,R2_F2_m-1f-1_P2_Y-1_U108,R2_F2_m-1f-1_P2_Y-1_U54,MXY,1,31.487533720905095,0,0,0.0,0,0,0,-9999.0,0.5,1,P1_CV0,1,1,1,1,1
2,2536859.926,708059.4624,R2_F2_m2f2_P2_Y0_UO496,R2_F2_m-1f-1_P2_Y-1_U108,R2_F2_m-1f-1_P2_Y-1_U54,FXX,1,31.487533720905095,0,0,0.0,0,0,0,-9999.0,0.5,1,P1_CV0,1,2,0,0,2
2,2536859.926,708059.4624,R2_F2_m2f2_P2_Y0_UO497,R2_F2_m-1f-1_P2_Y-1_U39,R2_F2_m-1f-1_P2_Y-1_U44,FXX,1,31.487533720905095,0,0,0.0,0,0,0,-9999.0,0.75,1,P1_CV0,1,1,1,2,0
2,2536859.926,708059.4624,R2_F2_m2f2_P2_Y0_UO498,R2_F2_m-1f-1_P2_Y-1_U39,R2_F2_m-1f-1_P2_Y-1_U44,MXY,1,31.487533720905095,0,0,0.0,0,0,0,-9999.0,0.75,1,P1_CV0,1,1,1,2,0
2,2536859.926,708059.4624,R2_F2_m2f2_P2_Y0_UO499,R2_F2_m-1f-1_P2_Y-1_U39,R2_F2_m-1f-1_P2_Y-1_U44,FXX,1,31.487533720905095,0,0,0.0,0,0,0,-9999.0,0.75,1,P1_CV0,1,1,1,1,1
2,2536859.926,708059.4624,R2_F2_m2f2_P2_Y0_UO501,R2_F2_m-1f-1_P2_Y-1_U39,R2_F2_m-1f-1_P2_Y-1_U44,FXX,1,31.487533720905095,0,0,0.0,0,0,0,-9999.0,0.75,1,P1_CV0,1,1,1,1,1
2,2536859.926,708059.4624,R2_F2_m2f2_P2_Y0_UO502,R2_F2_m-1f-1_P2_Y-1_U39,R2_F2_m-1f-1_P2_Y-1_U44,FXX,1,31.487533720905095,0,0,0.0,0,0,0,-9999.0,0.75,1,P1_CV0,1,1,1,0,2
2,2536859.926,708059.4624,R2_F2_m2f2_P2_Y0_UO503,R2_F2_m-1f-1_P2_Y-1_U39,R2_F2_m-1f-1_P2_Y-1_U44,MXY,1,31.487533720905095,0,0,0.0,0,0,0,-9999.0,0.75,1,P1_CV0,1,1,1,0,2
2,2536859.926,708059.4624,R2_F2_m2f2_P2_Y0_UO504,R2_F2_m-1f-1_P2_Y-1_U32,R2_F2_m-1f-1_P2_Y-1_U107,FXX,1,31.487533720905095,0,0,0.0,0,0,0,-9999.0,0.25,1,P1_CV0,1,2,0,1,1
2,2536859.926,708059.4624,R2_F2_m2f2_P2_Y0_UO505,R2_F2_m-1f-1_P2_Y-1_U32,R2_F2_m-1f-1_P2_Y-1_U107,MXY,1,31.487533720905095,0,0,0.0,0,0,0,-9999.0,0.25,1,P1_CV0,1,1,1,1,1
2,2536859.926,708059.4624,R2_F2_m2f2_P2_Y0_UO506,R2_F2_m-1f-1_P2_Y-1_U32,R2_F2_m-1f-1_P2_Y-1_U107,FXX,1,31.487533720905095,0,0,0.0,0,0,0,-9999.0,0.25,1,P1_CV0,1,2,0,0,2
2,2536859.926,708059.4624,R2_F2_m2f2_P2_Y0_UO507,R2_F2_m-1f-1_P2_Y-1_U32,R2_F2_m-1f-1_P2_Y-1_U107,FXX,1,31.487533720905095,0,0,0.0,0,0,0,-9999.0,0.25,1,P1_CV0,1,2,0,2,0
2,2536859.926,708059.4624,R2_F2_m2f2_P2_Y0_UO508,R2_F2_m-1f-1_P2_Y-1_U32,R2_F2_m-1f-1_P2_Y-1_U107,MXY,1,31.487533720905095,0,0,0.0,0,0,0,-9999.0,0.25,1,P1_CV0,1,1,1,0,2
2,2536859.926,708059.4624,R2_F2_m2f2_P2_Y0_UO532,R2_F2_m-1f-1_P2_Y-1_U62,R2_F2_m-1f-1_P2_Y-1_U45,FXX,1,31.487533720905095,0,0,0.0,0,0,0,-9999.0,0.25,1,P1_CV0,1,1,1,1,1
2,2536859.926,708059.4624,R2_F2_m2f2_P2_Y0_UO533,R2_F2_m-1f-1_P2_Y-1_U62,R2_F2_m-1f-1_P2_Y-1_U45,FXX,1,31.487533720905095,0,0,0.0,0,0,0,-9999.0,0.25,1,P1_CV0,1,1,1,1,1
2,2536859.926,708059.4624,R2_F2_m2f2_P2_Y0_UO534,R2_F2_m-1f-1_P2_Y-1_U62,R2_F2_m-1f-1_P2_Y-1_U45,FXX,1,31.487533720905095,0,0,0.0,0,0,0,-9999.0,0.25,1,P1_CV0,1,1,1,0,2
2,2536859.926,708059.4624,R2_F2_m2f2_P2_Y0_UO535,R2_F2_m-1f-1_P2_Y-1_U102,R2_F2_m-1f-1_P2_Y-1_U89,FXX,1,31.487533720905095,0,0,0.0,0,0,0,-9999.0,0.5,1,P1_CV0,1,0,2,2,0
2,2536859.926,708059.4624,R2_F2_m2f2_P2_Y0_UO536,R2_F2_m-1f-1_P2_Y-1_U102,R2_F2_m-1f-1_P2_Y-1_U89,MXY,1,31.487533720905095,0,0,0.0,0,0,0,-9999.0,0.5,1,P1_CV0,1,1,1,1,1
2,2536859.926,708059.4624,R2_F2_m2f2_P2_Y0_UO537,R2_F2_m-1f-1_P2_Y-1_U102,R2_F2_m-1f-1_P2_Y-1_U89,MXY,1,31.487533720905095,0,0,0.0,0,0,0,-9999.0,0.5,1,P1_CV0,1,0,2,2,0
2,2536859.926,708059.4624,R2_F2_m2f2_P2_Y0_UO567,R2_F2_m-1f-1_P2_Y-1_U62,R2_F2_m-1f-1_P2_Y-1_U45,MXY,1,31.487533720905095,0,0,0.0,0,0,0,-9999.0,0.25,1,P1_CV0,1,1,1,1,1
2,2536859.926,708059.4624,R2_F2_m2f2_P2_Y0_UO568,R2_F2_m-1f-1_P2_Y-1_U62,R2_F2_m-1f-1_P2_Y-1_U45,MXY,1,31.487533720905095,0,0,0.0,0,0,0,-9999.0,0.25,1,P1_CV0,1,1,1,0,2
2,2536859.926,708059.4624,R2_F2_m2f2_P2_Y0_UO649,R2_F2_m-1f-1_P2_Y-1_U52,R2_F2_m-1f-1_P2_Y-1_U74,MXY,1,31.487533720905095,0,0,0.0,0,0,0,-9999.0,0.75,1,P1_CV0,1,1,1,1,1
2,2536859.926,708059.4624,R2_F2_m2f2_P2_Y0_UO650,R2_F2_m-1f-1_P2_Y-1_U52,R2_F2_m-1f-1_P2_Y-1_U74,FXX,1,31.487533720905095,0,0,0.0,0,0,0,-9999.0,0.75,1,P1_CV0,1,1,1,0,2
2,2536859.926,708059.4624,R2_F2_m2f2_P2_Y0_UO651,R2_F2_m-1f-1_P2_Y-1_U52,R2_F2_m-1f-1_P2_Y-1_U74,FXX,1,31.487533720905095,0,0,0.0,0,0,0,-9999.0,0.75,1,P1_CV0,1,1,1,1,1
2,2536859.926,708059.4624,R2_F2_m2f2_P2_Y0_UO673,R2_F2_m-1f-1_P2_Y-1_U70,R2_F2_m-1f-1_P2_Y-1_U59,FXX,1,31.487533720905095,0,0,0.0,0,0,0,-9999.0,0.5,1,P1_CV0,1,0,2,2,0
2,2536859.926,708059.4624,R2_F2_m2f2_P2_Y0_UO674,R2_F2_m-1f-1_P2_Y-1_U70,R2_F2_m-1f-1_P2_Y-1_U59,MXY,1,31.487533720905095,0,0,0.0,0,0,0,-9999.0,0.5,1,P1_CV0,1,1,1,2,0
2,2536859.926,708059.4624,R2_F2_m2f2_P2_Y0_UO675,R2_F2_m-1f-1_P2_Y-1_U70,R2_F2_m-1f-1_P2_Y-1_U59,MXY,1,31.487533720905095,0,0,0.0,0,0,0,-9999.0,0.5,1,P1_CV0,1,2,0,0,2
2,2536859.926,708059.4624,R2_F2_m2f2_P2_Y0_UO676,R2_F2_m-1f-1_P2_Y-1_U70,R2_F2_m-1f-1_P2_Y-1_U59,MXY,1,31.487533720905095,0,0,0.0,0,0,0,-9999.0,0.5,1,P1_CV0,1,1,1,2,0
2,2536859.926,708059.4624,R2_F2_m2f2_P2_Y0_UO680,R2_F2_m-1f-1_P2_Y-1_U68,R2_F2_m-1f-1_P2_Y-1_U57,FXX,1,31.487533720905095,0,0,0.0,0,0,0,-9999.0,0.25,1,P1_CV0,1,1,1,1,1
2,2536859.926,708059.4624,R2_F2_m2f2_P2_Y0_UO681,R2_F2_m-1f-1_P2_Y-1_U68,R2_F2_m-1f-1_P2_Y-1_U57,MXY,1,31.487533720905095,0,0,0.0,0,0,0,-9999.0,0.25,1,P1_CV0,1,1,1,1,1
2,2536859.926,708059.4624,R2_F2_m2f2_P2_Y0_UO682,R2_F2_m-1f-1_P2_Y-1_U68,R2_F2_m-1f-1_P2_Y-1_U57,MXY,1,31.487533720905095,0,0,0.0,0,0,0,-9999.0,0.25,1,P1_CV0,1,2,0,1,1
2,2536859.926,708059.4624,R2_F2_m2f2_P2_Y0_UO734,R2_F2_m-1f-1_P2_Y-1_U39,R2_F2_m-1f-1_P2_Y-1_U13,MXY,1,31.487533720905095,0,0,0.0,0,0,0,-9999.0,0.5,1,P1_CV0,1,1,1,1,1
2,2536859.926,708059.4624,R2_F2_m2f2_P2_Y0_UO735,R2_F2_m-1f-1_P2_Y-1_U39,R2_F2_m-1f-1_P2_Y-1_U13,MXY,1,31.487533720905095,0,0,0.0,0,0,0,-9999.0,0.5,1,P1_CV0,1,0,2,2,0
2,2536859.926,708059.4624,R2_F2_m2f2_P2_Y0_UO736,R2_F2_m-1f-1_P2_Y-1_U39,R2_F2_m-1f-1_P2_Y-1_U13,FXX,1,31.487533720905095,0,0,0.0,0,0,0,-9999.0,0.5,1,P1_CV0,1,0,2,0,2
2,2536859.926,708059.4624,R2_F2_m2f2_P2_Y0_UO737,R2_F2_m-1f-1_P2_Y-1_U39,R2_F2_m-1f-1_P2_Y-1_U13,FXX,1,31.487533720905095,0,0,0.0,0,0,0,-9999.0,0.5,1,P1_CV0,1,1,1,0,2
2,2536859.926,708059.4624,R2_F2_m2f2_P2_Y0_UO738,R2_F2_m-1f-1_P2_Y-1_U39,R2_F2_m-1f-1_P2_Y-1_U13,MXY,1,31.487533720905095,0,0,0.0,0,0,0,-9999.0,0.5,1,P1_CV0,1,1,1,0,2
2,2536859.926,708059.4624,R2_F2_m2f2_P2_Y0_UO739,R2_F2_m-1f-1_P2_Y-1_U39,R2_F2_m-1f-1_P2_Y-1_U13,FXX,1,31.487533720905095,0,0,0.0,0,0,0,-9999.0,0.5,1,P1_CV0,1,1,1,1,1
2,2536859.926,708059.4624,R2_F2_m2f2_P2_Y0_UO740,R2_F2_m-1f-1_P2_Y-1_U39,R2_F2_m-1f-1_P2_Y-1_U13,MXY,1,31.487533720905095,0,0,0.0,0,0,0,-9999.0,0.5,1,P1_CV0,1,2,0,0,2
2,2536859.926,708059.4624,R2_F2_m2f2_P2_Y0_UO741,R2_F2_m-1f-1_P2_Y-1_U39,R2_F2_m-1f-1_P2_Y-1_U13,FXX,1,31.487533720905095,0,0,0.0,0,0,0,-9999.0,0.5,1,P1_CV0,1,2,0,1,1
2,2536859.926,708059.4624,R2_F2_m2f2_P2_Y0_UO746,R2_F2_m-1f-1_P2_Y-1_U14,R2_F2_m-1f-1_P2_Y-1_U15,MXY,1,31.487533720905095,0,0,0.0,0,0,0,-9999.0,0.5,1,P1_CV0,1,1,1,1,1
2,2536859.926,708059.4624,R2_F2_m2f2_P2_Y0_UO747,R2_F2_m-1f-1_P2_Y-1_U14,R2_F2_m-1f-1_P2_Y-1_U15,MXY,1,31.487533720905095,0,0,0.0,0,0,0,-9999.0,0.5,1,P1_CV0,1,2,0,1,1
2,2536859.926,708059.4624,R2_F2_m-1f-1_P2_Y-1_U0,-9999,-9999,FXX,2,31.94093477842453,1,0,1.287,0,0,0,-9999.0,1.0,1,P1_CV0,1,2,0,1,1
2,2536859.926,708059.4624,R2_F2_m-1f-1_P2_Y-1_U1,-9999,-9999,FXX,2,31.94093477842453,1,0,1.157,0,0,0,-9999.0,0.5,1,P1_CV0,1,1,1,1,1
2,2536859.926,708059.4624,R2_F2_m-1f-1_P2_Y-1_U3,-9999,-9999,FXX,2,31.94093477842453,1,0,1.0,0,0,0,-9999.0,0.5,1,P1_CV0,1,1,1,2,0
2,2536859.926,708059.4624,R2_F2_m-1f-1_P2_Y-1_U5,-9999,-9999,MXY,2,31.94093477842453,1,0,0.0,0,0,0,-9999.0,0.5,1,P1_CV0,1,1,1,2,0
2,2536859.926,708059.4624,R2_F2_m-1f-1_P2_Y-1_U6,-9999,-9999,MXY,2,31.94093477842453,1,0,0.0,0,0,0,-9999.0,0.5,1,P1_CV0,1,1,1,1,1
2,2536859.926,708059.4624,R2_F2_m-1f-1_P2_Y-1_U7,-9999,-9999,MXY,2,31.94093477842453,1,0,0.0,0,0,0,-9999.0,0.0,1,P1_CV0,1,0,2,1,1
2,2536859.926,708059.4624,R2_F2_m-1f-1_P2_Y-1_U9,-9999,-9999,FXX,2,31.94093477842453,1,0,1.495,0,0,0,-9999.0,1.0,1,P1_CV0,1,2,0,1,1
2,2536859.926,708059.4624,R2_F2_m-1f-1_P2_Y-1_U16,-9999,-9999,FXX,2,31.94093477842453,1,0,0.0,0,0,0,-9999.0,0.0,1,P1_CV0,1,0,2,1,1
2,2536859.926,708059.4624,R2_F2_m-1f-1_P2_Y-1_U19,-9999,-9999,FXX,2,31.94093477842453,1,0,0.0,0,0,0,-9999.0,0.5,1,P1_CV0,1,1,1,1,1
2,2536859.926,708059.4624,R2_F2_m-1f-1_P2_Y-1_U21,-9999,-9999,MXY,2,31.94093477842453,1,0,0.0,0,0,0,-9999.0,0.5,1,P1_CV0,1,1,1,1,1
2,2536859.926,708059.4624,R2_F2_m-1f-1_P2_Y-1_U27,-9999,-9999,FXX,2,31.94093477842453,1,0,1.332,0,0,0,-9999.0,0.5,1,P1_CV0,1,1,1,1,1
2,2536859.926,708059.4624,R2_F2_m-1f-1_P2_Y-1_U30,-9999,-9999,FXX,2,31.94093477842453,1,0,1.902,0,0,0,-9999.0,0.5,1,P1_CV0,1,1,1,0,2
2,2536859.926,708059.4624,R2_F2_m-1f-1_P2_Y-1_U31,-9999,-9999,MXY,2,31.94093477842453,1,0,0.0,0,0,0,-9999.0,1.0,1,P1_CV0,1,2,0,2,0
2,2536859.926,708059.4624,R2_F2_m-1f-1_P2_Y-1_U33,-9999,-9999,FXX,2,31.94093477842453,1,0,0.0,0,0,0,-9999.0,0.5,1,P1_CV0,1,1,1,1,1
2,2536859.926,708059.4624,R2_F2_m-1f-1_P2_Y-1_U34,-9999,-9999,FXX,2,31.94093477842453,1,0,1.0,0,0,0,-9999.0,1.0,1,P1_CV0,1,2,0,2,0
2,2536859.926,708059.4624,R2_F2_m-1f-1_P2_Y-1_U41,-9999,-9999,FXX,2,31.94093477842453,1,0,1.436,0,0,0,-9999.0,1.0,1,P1_CV0,1,2,0,1,1
2,2536859.926,708059.4624,R2_F2_m-1f-1_P2_Y-1_U42,-9999,-9999,MXY,2,31.94093477842453,1,0,0.0,0,0,0,-9999.0,0.5,1,P1_CV0,1,1,1,2,0
2,2536859.926,708059.4624,R2_F2_m-1f-1_P2_Y-1_U43,-9999,-9999,FXX,2,31.94093477842453,1,0,0.0,0,0,0,-9999.0,0.0,1,P1_CV0,1,0,2,0,2
2,2536859.926,708059.4624,R2_F2_m-1f-1_P2_Y-1_U48,-9999,-9999,MXY,2,31.94093477842453,1,0,0.0,0,0,0,-9999.0,0.0,1,P1_CV0,1,0,2,1,1
2,2536859.926,708059.4624,R2_F2_m-1f-1_P2_Y-1_U49,-9999,-9999,MXY,2,31.94093477842453,1,0,0.0,0,0,0,-9999.0,0.5,1,P1_CV0,1,1,1,1,1
2,2536859.926,708059.4624,R2_F2_m-1f-1_P2_Y-1_U53,-9999,-9999,FXX,2,31.94093477842453,1,0,1.0,0,0,0,-9999.0,0.0,1,P1_CV0,1,0,2,0,2
2,2536859.926,708059.4624,R2_F2_m-1f-1_P2_Y-1_U56,-9999,-9999,MXY,2,31.94093477842453,1,0,0.0,0,0,0,-9999.0,1.0,1,P1_CV0,1,2,0,0,2
2,2536859.926,708059.4624,R2_F2_m-1f-1_P2_Y-1_U61,-9999,-9999,MXY,2,31.94093477842453,1,0,0.0,0,0,0,-9999.0,1.0,1,P1_CV0,1,2,0,1,1
2,2536859.926,708059.4624,R2_F2_m-1f-1_P2_Y-1_U63,-9999,-9999,MXY,2,31.94093477842453,1,0,0.0,0,0,0,-9999.0,0.0,1,P1_CV0,1,0,2,1,1
2,2536859.926,708059.4624,R2_F2_m-1f-1_P2_Y-1_U66,-9999,-9999,MXY,2,31.94093477842453,1,0,0.0,0,0,0,-9999.0,0.0,1,P1_CV0,1,0,2,0,2
2,2536859.926,708059.4624,R2_F2_m-1f-1_P2_Y-1_U67,-9999,-9999,MXY,2,31.94093477842453,1,0,0.0,0,0,0,-9999.0,0.0,1,P1_CV0,1,0,2,1,1
2,2536859.926,708059.4624,R2_F2_m-1f-1_P2_Y-1_U69,-9999,-9999,MXY,2,31.94093477842453,1,0,0.0,0,0,0,-9999.0,0.5,1,P1_CV0,1,1,1,1,1
2,2536859.926,708059.4624,R2_F2_m-1f-1_P2_Y-1_U71,-9999,-9999,FXX,2,31.94093477842453,1,0,0.0,0,0,0,-9999.0,0.5,1,P1_CV0,1,1,1,0,2
2,2536859.926,708059.4624,R2_F2_m-1f-1_P2_Y-1_U75,-9999,-9999,MXY,2,31.94093477842453,1,0,0.0,0,0,0,-9999.0,0.5,1,P1_CV0,1,1,1,2,0
2,2536859.926,708059.4624,R2_F2_m-1f-1_P2_Y-1_U76,-9999,-9999,FXX,2,31.94093477842453,1,0,1.188,0,0,0,-9999.0,0.0,1,P1_CV0,1,0,2,2,0
2,2536859.926,708059.4624,R2_F2_m-1f-1_P2_Y-1_U77,-9999,-9999,MXY,2,31.94093477842453,1,0,0.0,0,0,0,-9999.0,0.0,1,P1_CV0,1,0,2,2,0
2,2536859.926,708059.4624,R2_F2_m-1f-1_P2_Y-1_U82,-9999,-9999,FXX,2,31.94093477842453,1,0,1.654,0,0,0,-9999.0,0.5,1,P1_CV0,1,1,1,2,0
2,2536859.926,708059.4624,R2_F2_m-1f-1_P2_Y-1_U83,-9999,-9999,FXX,2,31.94093477842453,1,0,1.572,0,0,0,-9999.0,0.0,1,P1_CV0,1,0,2,0,2
2,2536859.926,708059.4624,R2_F2_m-1f-1_P2_Y-1_U85,-9999,-9999,FXX,2,31.94093477842453,1,0,0.0,0,0,0,-9999.0,0.5,1,P1_CV0,1,1,1,2,0
2,2536859.926,708059.4624,R2_F2_m-1f-1_P2_Y-1_U86,-9999,-9999,FXX,2,31.94093477842453,1,0,0.0,0,0,0,-9999.0,0.0,1,P1_CV0,1,0,2,1,1
2,2536859.926,708059.4624,R2_F2_m-1f-1_P2_Y-1_U90,-9999,-9999,MXY,2,31.94093477842453,1,0,0.0,0,0,0,-9999.0,0.5,1,P1_CV0,1,1,1,2,0
2,2536859.926,708059.4624,R2_F2_m-1f-1_P2_Y-1_U95,-9999,-9999,FXX,2,31.94093477842453,1,0,2.197,0,0,0,-9999.0,0.0,1,P1_CV0,1,0,2,0,2
2,2536859.926,708059.4624,R2_F2_m-1f-1_P2_Y-1_U96,-9999,-9999,MXY,2,31.94093477842453,1,0,0.0,0,0,0,-9999.0,1.0,1,P1_CV0,1,2,0,1,1
2,2536859.926,708059.4624,R2_F2_m-1f-1_P2_Y-1_U98,-9999,-9999,FXX,2,31.94093477842453,1,0,2.273,0,0,0,-9999.0,1.0,1,P1_CV0,1,2,0,2,0
2,2536859.926,708059.4624,R2_F2_m-1f-1_P2_Y-1_U99,-9999,-9999,MXY,2,31.94093477842453,1,0,0.0,0,0,0,-9999.0,0.5,1,P1_CV0,1,1,1,1,1
2,2536859.926,708059.4624,R2_F2_m-1f-1_P2_Y-1_U101,-9999,-9999,FXX,2,31.94093477842453,1,0,1.676,0,0,0,-9999.0,0.0,1,P1_CV0,1,0,2,1,1
2,2536859.926,708059.4624,R2_F2_m-1f-1_P2_Y-1_U106,-9999,-9999,FXX,2,31.94093477842453,1,0,2.032,0,0,0,-9999.0,0.5,1,P1_CV0,1,1,1,2,0
2,2536859.926,708059.4624,R2_F2_m-1f-1_P2_Y-1_U110,-9999,-9999,MXY,2,31.94093477842453,1,0,0.0,0,0,0,-9999.0,1.0,1,P1_CV0,1,2,0,1,1
2,2536859.926,708059.4624,R2_F2_m-1f-1_P2_Y-1_U112,-9999,-9999,FXX,2,31.94093477842453,1,0,0.0,0,0,0,-9999.0,0.5,1,P1_CV0,1,1,1,2,0
2,2536859.926,708059.4624,R2_F2_m-1f-1_P2_Y-1_U113,-9999,-9999,FXX,2,31.94093477842453,1,0,1.0,0,0,0,-9999.0,0.5,1,P1_CV0,1,1,1,0,2
2,2536859.926,708059.4624,R2_F2_m-1f-1_P2_Y-1_U115,-9999,-9999,FXX,2,31.94093477842453,1,0,0.0,0,0,0,-9999.0,1.0,1,P1_CV0,1,2,0,0,2
2,2536859.926,708059.4624,R2_F2_m-1f-1_P2_Y-1_U116,-9999,-9999,FXX,2,31.94093477842453,1,0,0.0,0,0,0,-9999.0,0.5,1,P1_CV0,1,1,1,0,2
2,2536859.926,708059.4624,R2_F2_m-1f-1_P2_Y-1_U118,-9999,-9999,MXY,2,31.94093477842453,1,0,0.0,0,0,0,-9999.0,0.5,1,P1_CV0,1,1,1,0,2
2,2536859.926,708059.4624,R2_F2_m-1f-1_P2_Y-1_U120,-9999,-9999,FXX,2,31.94093477842453,1,0,1.0,0,0,0,-9999.0,0.5,1,P1_CV0,1,1,1,0,2
2,2536859.926,708059.4624,R2_F2_m-1f-1_P2_Y-1_U121,-9999,-9999,MXY,2,31.94093477842453,1,0,0.0,0,0,0,-9999.0,0.5,1,P1_CV0,1,1,1,1,1
2,2536859.926,708059.4624,R2_F2_m-1f-1_P2_Y-1_U122,-9999,-9999,FXX,2,31.94093477842453,1,0,0.0,0,0,0,-9999.0,1.0,1,P1_CV0,1,2,0,2,0
2,2536859.926,708059.4624,R2_F2_m-1f-1_P2_Y-1_U123,-9999,-9999,MXY,2,31.94093477842453,1,0,0.0,0,0,0,-9999.0,0.5,1,P1_CV0,1,1,1,1,1
2,2536859.926,708059.4624,R2_F2_m-1f-1_P2_Y-1_U124,-9999,-9999,FXX,2,31.94093477842453,1,0,1.739,0,0,0,-9999.0,0.0,1,P1_CV0,1,0,2,0,2
2,2536859.926,708059.4624,R2_F2_m-1f-1_P2_Y-1_U127,-9999,-9999,FXX,2,31.94093477842453,1,0,2.122,0,0,0,-9999.0,0.5,1,P1_CV0,1,1,1,1,1
2,2536859.926,708059.4624,I2_F7_m-1f-1_P2_Y-1_U29,-9999,-9999,MXY,2,31.929854584722825,1,0,0.0,0,0,0,-9999.0,0.0,1,P1_CV0,1,0,2,1,1
2,2536859.926,708059.4624,R2_F2_m-1f-1_P2_Y-1_U2,-9999,-9999,FXX,3,55.98104445069577,1,0,1.259,0,0,0,-9999.0,0.5,1,P1_CV0,1,1,1,1,1
2,2536859.926,708059.4624,R2_F2_m-1f-1_P2_Y-1_U8,-9999,-9999,MXY,3,55.44704445069577,1,0,0.0,0,0,0,-9999.0,1.0,1,P1_CV0,1,2,0,2,0
2,2536859.926,708059.4624,R2_F2_m-1f-1_P2_Y-1_U12,-9999,-9999,MXY,3,53.57304445069577,1,0,0.0,0,0,0,-9999.0,0.0,1,P1_CV0,1,0,2,2,0
2,2536859.926,708059.4624,R2_F2_m-1f-1_P2_Y-1_U13,-9999,-9999,MXY,3,55.607044450695774,1,0,0.0,0,0,0,-9999.0,0.5,1,P1_CV0,1,1,1,0,2
2,2536859.926,708059.4624,R2_F2_m-1f-1_P2_Y-1_U15,-9999,-9999,MXY,3,58.06304445069577,1,0,0.0,0,0,0,-9999.0,0.0,1,P1_CV0,1,0,2,1,1
2,2536859.926,708059.4624,R2_F2_m-1f-1_P2_Y-1_U18,-9999,-9999,MXY,3,55.80904445069577,1,0,0.0,0,0,0,-9999.0,0.5,1,P1_CV0,1,1,1,1,1
2,2536859.926,708059.4624,R2_F2_m-1f-1_P2_Y-1_U22,-9999,-9999,FXX,3,58.50904445069577,1,0,2.637,0,0,0,-9999.0,0.0,1,P1_CV0,1,0,2,1,1
2,2536859.926,708059.4624,R2_F2_m-1f-1_P2_Y-1_U23,-9999,-9999,FXX,3,64.92004445069576,1,0,1.0,0,0,0,-9999.0,0.5,1,P1_CV0,1,1,1,1,1
2,2536859.926,708059.4624,R2_F2_m-1f-1_P2_Y-1_U26,-9999,-9999,FXX,3,52.99504445069577,1,0,2.252,0,0,0,-9999.0,0.5,1,P1_CV0,1,1,1,0,2
2,2536859.926,708059.4624,R2_F2_m-1f-1_P2_Y-1_U28,-9999,-9999,MXY,3,53.36704445069577,1,0,0.0,0,0,0,-9999.0,0.5,1,P1_CV0,1,1,1,1,1
2,2536859.926,708059.4624,R2_F2_m-1f-1_P2_Y-1_U35,-9999,-9999,MXY,3,46.540044450695774,1,0,0.0,0,0,0,-9999.0,0.0,1,P1_CV0,1,0,2,1,1
2,2536859.926,708059.4624,R2_F2_m-1f-1_P2_Y-1_U38,-9999,-9999,FXX,3,53.33804445069577,1,0,1.0,0,0,0,-9999.0,1.0,1,P1_CV0,1,2,0,0,2
2,2536859.926,708059.4624,R2_F2_m-1f-1_P2_Y-1_U44,-9999,-9999,MXY,3,54.02804445069577,1,0,0.0,0,0,0,-9999.0,1.0,1,P1_CV0,1,2,0,1,1
2,2536859.926,708059.4624,R2_F2_m-1f-1_P2_Y-1_U50,-9999,-9999,MXY,3,52.89904445069577,1,0,0.0,0,0,0,-9999.0,1.0,1,P1_CV0,1,2,0,2,0
2,2536859.926,708059.4624,R2_F2_m-1f-1_P2_Y-1_U54,-9999,-9999,MXY,3,57.21504445069577,1,0,0.0,0,0,0,-9999.0,1.0,1,P1_CV0,1,2,0,0,2
2,2536859.926,708059.4624,R2_F2_m-1f-1_P2_Y-1_U55,-9999,-9999,MXY,3,60.52804445069577,1,0,0.0,0,0,0,-9999.0,1.0,1,P1_CV0,1,2,0,1,1
2,2536859.926,708059.4624,R2_F2_m-1f-1_P2_Y-1_U58,-9999,-9999,MXY,3,57.80304445069577,1,0,0.0,0,0,0,-9999.0,1.0,1,P1_CV0,1,2,0,0,2
2,2536859.926,708059.4624,R2_F2_m-1f-1_P2_Y-1_U59,-9999,-9999,MXY,3,55.74604445069577,1,0,0.0,0,0,0,-9999.0,0.5,1,P1_CV0,1,1,1,2,0
2,2536859.926,708059.4624,R2_F2_m-1f-1_P2_Y-1_U60,-9999,-9999,FXX,3,43.82104445069577,1,0,0.0,0,0,0,-9999.0,0.5,1,P1_CV0,1,1,1,1,1
2,2536859.926,708059.4624,R2_F2_m-1f-1_P2_Y-1_U64,-9999,-9999,FXX,3,58.98504445069577,1,0,1.351,0,0,0,-9999.0,0.5,1,P1_CV0,1,1,1,1,1
2,2536859.926,708059.4624,R2_F2_m-1f-1_P2_Y-1_U70,-9999,-9999,FXX,3,57.92404445069577,1,0,2.118,0,0,0,-9999.0,0.5,1,P1_CV0,1,1,1,0,2
2,2536859.926,708059.4624,R2_F2_m-1f-1_P2_Y-1_U73,-9999,-9999,FXX,3,50.99604445069577,1,0,0.0,0,0,0,-9999.0,1.0,1,P1_CV0,1,2,0,0,2
2,2536859.926,708059.4624,R2_F2_m-1f-1_P2_Y-1_U74,-9999,-9999,MXY,3,50.58104445069577,1,0,0.0,0,0,0,-9999.0,1.0,1,P1_CV0,1,2,0,0,2
2,2536859.926,708059.4624,R2_F2_m-1f-1_P2_Y-1_U79,-9999,-9999,MXY,3,55.348044450695774,1,0,0.0,0,0,0,-9999.0,0.5,1,P1_CV0,1,1,1,1,1
2,2536859.926,708059.4624,R2_F2_m-1f-1_P2_Y-1_U80,-9999,-9999,FXX,3,55.87304445069577,1,0,1.093,0,0,0,-9999.0,0.0,1,P1_CV0,1,0,2,2,0
2,2536859.926,708059.4624,R2_F2_m-1f-1_P2_Y-1_U84,-9999,-9999,FXX,3,58.48004445069577,1,0,0.0,0,0,0,-9999.0,0.5,1,P1_CV0,1,1,1,1,1
2,2536859.926,708059.4624,R2_F2_m-1f-1_P2_Y-1_U89,-9999,-9999,MXY,3,45.14704445069577,1,0,0.0,0,0,0,-9999.0,1.0,1,P1_CV0,1,2,0,2,0
2,2536859.926,708059.4624,R2_F2_m-1f-1_P2_Y-1_U93,-9999,-9999,FXX,3,58.95304445069577,1,0,1.0,0,0,0,-9999.0,0.0,1,P1_CV0,1,0,2,1,1
2,2536859.926,708059.4624,R2_F2_m-1f-1_P2_Y-1_U94,-9999,-9999,FXX,3,53.39804445069577,1,0,2.044,0,0,0,-9999.0,0.0,1,P1_CV0,1,0,2,1,1
2,2536859.926,708059.4624,R2_F2_m-1f-1_P2_Y-1_U103,-9999,-9999,FXX,3,56.45004445069577,1,0,1.0,0,0,0,-9999.0,0.5,1,P1_CV0,1,1,1,1,1
2,2536859.926,708059.4624,R2_F2_m-1f-1_P2_Y-1_U104,-9999,-9999,MXY,3,49.72104445069577,1,0,0.0,0,0,0,-9999.0,0.5,1,P1_CV0,1,1,1,0,2
2,2536859.926,708059.4624,R2_F2_m-1f-1_P2_Y-1_U105,-9999,-9999,FXX,3,62.293044450695774,1,0,1.492,0,0,0,-9999.0,0.0,1,P1_CV0,1,0,2,2,0
2,2536859.926,708059.4624,R2_F2_m-1f-1_P2_Y-1_U119,-9999,-9999,MXY,3,56.43804445069577,1,0,0.0,0,0,0,-9999.0,0.5,1,P1_CV0,1,1,1,0,2
2,2536859.926,708059.4624,R2_F2_m-1f-1_P2_Y-1_U92,-9999,-9999,MXY,4,92.813950400892,1,0,0.0,0,0,0,-9999.0,0.0,1,P1_CV0,1,0,2,1,1
2,2536859.926,708059.4624,R2_F2_m-1f-1_P2_Y-1_U88,-9999,-9999,MXY,4,92.813950400892,1,0,0.0,0,0,0,-9999.0,0.5,1,P1_CV0,1,1,1,1,1
2,2536859.926,708059.4624,R2_F2_m-1f-1_P2_Y-1_U40,-9999,-9999,MXY,4,92.813950400892,1,0,0.0,0,0,0,-9999.0,0.5,1,P1_CV0,1,1,1,1,1
2,2536859.926,708059.4624,R2_F2_m-1f-1_P2_Y-1_U102,-9999,-9999,FXX,4,92.813950400892,1,0,2.418,0,0,0,-9999.0,0.0,1,P1_CV0,1,0,2,0,2
2,2536859.926,708059.4624,R2_F2_m-1f-1_P2_Y-1_U51,-9999,-9999,FXX,4,92.813950400892,1,0,2.239,0,0,0,-9999.0,0.5,1,P1_CV0,1,1,1,1,1
2,2536859.926,708059.4624,R2_F2_m-1f-1_P2_Y-1_U68,-9999,-9999,FXX,4,92.813950400892,1,0,1.491,0,0,0,-9999.0,0.5,1,P1_CV0,1,1,1,1,1
2,2536859.926,708059.4624,R2_F2_m-1f-1_P2_Y-1_U62,-9999,-9999,FXX,4,92.813950400892,1,0,1.095,0,0,0,-9999.0,0.5,1,P1_CV0,1,1,1,1,1
2,2536859.926,708059.4624,R2_F2_m-1f-1_P2_Y-1_U72,-9999,-9999,MXY,4,92.813950400892,1,0,0.0,0,0,0,-9999.0,1.0,1,P1_CV0,1,2,0,2,0
2,2536859.926,708059.4624,R2_F2_m-1f-1_P2_Y-1_U91,-9999,-9999,MXY,4,92.813950400892,1,0,0.0,0,0,0,-9999.0,0.0,1,P1_CV0,1,0,2,1,1
2,2536859.926,708059.4624,R2_F2_m-1f-1_P2_Y-1_U108,-9999,-9999,FXX,4,92.813950400892,1,0,1.844,0,0,0,-9999.0,0.0,1,P1_CV0,1,0,2,1,1
2,2536859.926,708059.4624,R2_F2_m-1f-1_P2_Y-1_U14,-9999,-9999,FXX,4,92.813950400892,1,0,1.0,0,0,0,-9999.0,1.0,1,P1_CV0,1,2,0,2,0
2,2536859.926,708059.4624,R2_F2_m-1f-1_P2_Y-1_U125,-9999,-9999,FXX,4,92.813950400892,1,0,1.182,0,0,0,-9999.0,1.0,1,P1_CV0,1,2,0,1,1
2,2536859.926,708059.4624,R2_F2_m-1f-1_P2_Y-1_U81,-9999,-9999,FXX,4,92.813950400892,1,0,1.227,0,0,0,-9999.0,0.5,1,P1_CV0,1,1,1,1,1
2,2536859.926,708059.4624,R2_F2_m-1f-1_P2_Y-1_U117,-9999,-9999,FXX,4,92.813950400892,1,0,1.467,0,0,0,-9999.0,0.5,1,P1_CV0,1,1,1,2,0
2,2536859.926,708059.4624,I2_F7_m-1f-1_P2_Y-1_U37,-9999,-9999,MXY,4,92.80561257721149,1,0,0.0,0,0,0,-9999.0,1.0,1,P1_CV0,1,2,0,2,0
2,2536859.926,708059.4624,R2_F2_m-1f-1_P2_Y-1_U11,-9999,-9999,MXY,5,105.56529678281197,1,0,0.0,0,0,0,-9999.0,0.5,1,P1_CV0,1,1,1,2,0
2,2536859.926,708059.4624,R2_F2_m-1f-1_P2_Y-1_U109,-9999,-9999,MXY,5,133.22429678281196,1,0,0.0,0,0,0,-9999.0,0.5,1,P1_CV0,1,1,1,2,0
2,2536859.926,708059.4624,R2_F2_m-1f-1_P2_Y-1_U78,-9999,-9999,FXX,5,127.25229678281197,1,0,0.0,0,0,0,-9999.0,0.5,1,P1_CV0,1,1,1,2,0
2,2536859.926,708059.4624,R2_F2_m-1f-1_P2_Y-1_U25,-9999,-9999,MXY,5,132.56029678281195,1,0,0.0,0,0,0,-9999.0,1.0,1,P1_CV0,1,2,0,2,0
2,2536859.926,708059.4624,RD2_F5_m-1f-1_P5_Y-1_U15,-9999,-9999,FXX,3,77.7692387994685,1,0,1.0,0,0,0,-9999.0,0.5,1,P4_CV0,1,1,1,1,1
2,2536859.926,708059.4624,RD2_F6_m-1f-1_P6_Y-1_U112,-9999,-9999,FXX,2,60.05281432512691,1,0,0.0,0,0,0,-9999.0,0.5,1,P5_CV0,1,1,1,1,1
3,2532969.44,705413.5711,RD3_F1_m-1f-1_P1_Y-1_U98,-9999,-9999,FXX,2,53.6329455955315,1,0,0.0,0,0,0,-9999.0,0.0,1,P0_CV0,2,0,2,0,2
3,2532969.44,705413.5711,R3_F3_m3f3_P3_Y0_UO15,R3_F3_m-1f-1_P3_Y-1_U82,R3_F3_m-1f-1_P3_Y-1_U116,MXY,1,31.02402745971523,0,0,0.0,0,0,0,-9999.0,0.75,1,P2_CV0,2,1,1,1,1
3,2532969.44,705413.5711,R3_F3_m3f3_P3_Y0_UO16,R3_F3_m-1f-1_P3_Y-1_U82,R3_F3_m-1f-1_P3_Y-1_U116,MXY,1,31.02402745971523,0,0,0.0,0,0,0,-9999.0,0.75,1,P2_CV0,2,0,2,1,1
3,2532969.44,705413.5711,R3_F3_m3f3_P3_Y0_UO17,R3_F3_m-1f-1_P3_Y-1_U82,R3_F3_m-1f-1_P3_Y-1_U116,FXX,1,31.02402745971523,0,0,0.0,0,0,0,-9999.0,0.75,1,P2_CV0,2,1,1,1,1
3,2532969.44,705413.5711,R3_F3_m3f3_P3_Y0_UO33,R3_F3_m-1f-1_P3_Y-1_U59,R3_F3_m-1f-1_P3_Y-1_U30,FXX,1,31.02402745971523,0,0,0.0,0,0,0,-9999.0,1.0,1,P2_CV0,2,1,1,1,1
3,2532969.44,705413.5711,R3_F3_m3f3_P3_Y0_UO34,R3_F3_m-1f-1_P3_Y-1_U59,R3_F3_m-1f-1_P3_Y-1_U30,MXY,1,31.02402745971523,0,0,0.0,0,0,0,-9999.0,1.0,1,P2_CV0,2,0,2,2,0
3,2532969.44,705413.5711,R3_F3_m3f3_P3_Y0_UO35,R3_F3_m-1f-1_P3_Y-1_U59,R3_F3_m-1f-1_P3_Y-1_U30,FXX,1,31.02402745971523,0,0,0.0,0,0,0,-9999.0,1.0,1,P2_CV0,2,1,1,2,0
3,2532969.44,705413.5711,R3_F3_m3f3_P3_Y0_UO36,R3_F3_m-1f-1_P3_Y-1_U59,R3_F3_m-1f-1_P3_Y-1_U30,MXY,1,31.02402745971523,0,0,0.0,0,0,0,-9999.0,1.0,1,P2_CV0,2,2,0,1,1
3,2532969.44,705413.5711,R3_F3_m3f3_P3_Y0_UO37,R3_F3_m-1f-1_P3_Y-1_U59,R3_F3_m-1f-1_P3_Y-1_U30,MXY,1,31.02402745971523,0,0,0.0,0,0,0,-9999.0,1.0,1,P2_CV0,2,1,1,1,1
3,2532969.44,705413.5711,R3_F3_m3f3_P3_Y0_UO38,R3_F3_m-1f-1_P3_Y-1_U59,R3_F3_m-1f-1_P3_Y-1_U30,MXY,1,31.02402745971523,0,0,0.0,0,0,0,-9999.0,1.0,1,P2_CV0,2,0,2,0,2
3,2532969.44,705413.5711,R3_F3_m3f3_P3_Y0_UO39,R3_F3_m-1f-1_P3_Y-1_U59,R3_F3_m-1f-1_P3_Y-1_U30,MXY,1,31.02402745971523,0,0,0.0,0,0,0,-9999.0,1.0,1,P2_CV0,2,1,1,1,1
3,2532969.44,705413.5711,R3_F3_m3f3_P3_Y0_UO40,R3_F3_m-1f-1_P3_Y-1_U59,R3_F3_m-1f-1_P3_Y-1_U30,FXX,1,31.02402745971523,0,0,0.0,0,0,0,-9999.0,1.0,1,P2_CV0,2,1,1,1,1
3,2532969.44,705413.5711,R3_F3_m3f3_P3_Y0_UO41,R3_F3_m-1f-1_P3_Y-1_U59,R3_F3_m-1f-1_P3_Y-1_U30,MXY,1,31.02402745971523,0,0,0.0,0,0,0,-9999.0,1.0,1,P2_CV0,2,0,2,1,1
3,2532969.44,705413.5711,R3_F3_m3f3_P3_Y0_UO64,R3_F3_m-1f-1_P3_Y-1_U88,R3_F3_m-1f-1_P3_Y-1_U94,FXX,1,31.02402745971523,0,0,0.0,0,0,0,-9999.0,1.0,1,P2_CV0,2,1,1,1,1
3,2532969.44,705413.5711,R3_F3_m3f3_P3_Y0_UO65,R3_F3_m-1f-1_P3_Y-1_U88,R3_F3_m-1f-1_P3_Y-1_U94,FXX,1,31.02402745971523,0,0,0.0,0,0,0,-9999.0,1.0,1,P2_CV0,2,0,2,1,1
3,2532969.44,705413.5711,R3_F3_m3f3_P3_Y0_UO66,R3_F3_m-1f-1_P3_Y-1_U88,R3_F3_m-1f-1_P3_Y-1_U94,MXY,1,31.02402745971523,0,0,0.0,0,0,0,-9999.0,1.0,1,P2_CV0,2,2,0,1,1
3,2532969.44,705413.5711,R3_F3_m3f3_P3_Y0_UO67,R3_F3_m-1f-1_P3_Y-1_U88,R3_F3_m-1f-1_P3_Y-1_U94,FXX,1,31.02402745971523,0,0,0.0,0,0,0,-9999.0,1.0,1,P2_CV0,2,1,1,2,0
3,2532969.44,705413.5711,R3_F3_m3f3_P3_Y0_UO68,R3_F3_m-1f-1_P3_Y-1_U88,R3_F3_m-1f-1_P3_Y-1_U94,FXX,1,31.02402745971523,0,0,0.0,0,0,0,-9999.0,1.0,1,P2_CV0,2,2,0,1,1
3,2532969.44,705413.5711,R3_F3_m3f3_P3_Y0_UO69,R3_F3_m-1f-1_P3_Y-1_U88,R3_F3_m-1f-1_P3_Y-1_U94,FXX,1,31.02402745971523,0,0,0.0,0,0,0,-9999.0,1.0,1,P2_CV0,2,1,1,2,0
3,2532969.44,705413.5711,R3_F3_m3f3_P3_Y0_UO119,R3_F3_m-1f-1_P3_Y-1_U71,R3_F3_m-1f-1_P3_Y-1_U6,FXX,1,31.02402745971523,0,0,0.0,0,0,0,-9999.0,0.25,1,P2_CV0,2,0,2,0,2
3,2532969.44,705413.5711,R3_F3_m3f3_P3_Y0_UO120,R3_F3_m-1f-1_P3_Y-1_U71,R3_F3_m-1f-1_P3_Y-1_U6,MXY,1,31.02402745971523,0,0,0.0,0,0,0,-9999.0,0.25,1,P2_CV0,2,1,1,1,1
3,2532969.44,705413.5711,R3_F3_m3f3_P3_Y0_UO121,R3_F3_m-1f-1_P3_Y-1_U71,R3_F3_m-1f-1_P3_Y-1_U6,FXX,1,31.02402745971523,0,0,0.0,0,0,0,-9999.0,0.25,1,P2_CV0,2,0,2,0,2
3,2532969.44,705413.5711,R3_F3_m3f3_P3_Y0_UO122,R3_F3_m-1f-1_P3_Y-1_U71,R3_F3_m-1f-1_P3_Y-1_U6,FXX,1,31.02402745971523,0,0,0.0,0,0,0,-9999.0,0.25,1,P2_CV0,2,1,1,2,0
3,2532969.44,705413.5711,R3_F3_m3f3_P3_Y0_UO123,R3_F3_m-1f-1_P3_Y-1_U71,R3_F3_m-1f-1_P3_Y-1_U6,FXX,1,31.02402745971523,0,0,0.0,0,0,0,-9999.0,0.25,1,P2_CV0,2,1,1,0,2
3,2532969.44,705413.5711,R3_F3_m3f3_P3_Y0_UO178,R3_F3_m-1f-1_P3_Y-1_U117,R3_F3_m-1f-1_P3_Y-1_U64,MXY,1,31.02402745971523,0,0,0.0,0,0,0,-9999.0,1.0,1,P2_CV0,2,1,1,1,1
3,2532969.44,705413.5711,R3_F3_m3f3_P3_Y0_UO179,R3_F3_m-1f-1_P3_Y-1_U117,R3_F3_m-1f-1_P3_Y-1_U64,MXY,1,31.02402745971523,0,0,0.0,0,0,0,-9999.0,1.0,1,P2_CV0,2,1,1,0,2
3,2532969.44,705413.5711,R3_F3_m3f3_P3_Y0_UO180,R3_F3_m-1f-1_P3_Y-1_U117,R3_F3_m-1f-1_P3_Y-1_U64,FXX,1,31.02402745971523,0,0,0.0,0,0,0,-9999.0,1.0,1,P2_CV0,2,0,2,0,2
3,2532969.44,705413.5711,R3_F3_m3f3_P3_Y0_UO181,R3_F3_m-1f-1_P3_Y-1_U117,R3_F3_m-1f-1_P3_Y-1_U64,MXY,1,31.02402745971523,0,0,0.0,0,0,0,-9999.0,1.0,1,P2_CV0,2,2,0,1,1
3,2532969.44,705413.5711,R3_F3_m3f3_P3_Y0_UO182,R3_F3_m-1f-1_P3_Y-1_U117,R3_F3_m-1f-1_P3_Y-1_U64,FXX,1,31.02402745971523,0,0,0.0,0,0,0,-9999.0,1.0,1,P2_CV0,2,1,1,1,1
3,2532969.44,705413.5711,R3_F3_m3f3_P3_Y0_UO183,R3_F3_m-1f-1_P3_Y-1_U117,R3_F3_m-1f-1_P3_Y-1_U64,MXY,1,31.02402745971523,0,0,0.0,0,0,0,-9999.0,1.0,1,P2_CV0,2,1,1,1,1
3,2532969.44,705413.5711,R3_F3_m3f3_P3_Y0_UO241,R3_F3_m-1f-1_P3_Y-1_U88,R3_F3_m-1f-1_P3_Y-1_U30,FXX,1,31.02402745971523,0,0,0.0,0,0,0,-9999.0,1.0,1,P2_CV0,2,0,2,1,1
3,2532969.44,705413.5711,R3_F3_m3f3_P3_Y0_UO242,R3_F3_m-1f-1_P3_Y-1_U88,R3_F3_m-1f-1_P3_Y-1_U30,FXX,1,31.02402745971523,0,0,0.0,0,0,0,-9999.0,1.0,1,P2_CV0,2,0,2,0,2
3,2532969.44,705413.5711,R3_F3_m3f3_P3_Y0_UO243,R3_F3_m-1f-1_P3_Y-1_U88,R3_F3_m-1f-1_P3_Y-1_U30,FXX,1,31.02402745971523,0,0,0.0,0,0,0,-9999.0,1.0,1,P2_CV0,2,0,2,1,1
3,2532969.44,705413.5711,R3_F3_m3f3_P3_Y0_UO244,R3_F3_m-1f-1_P3_Y-1_U88,R3_F3_m-1f-1_P3_Y-1_U30,MXY,1,31.02402745971523,0,0,0.0,0,0,0,-9999.0,1.0,1,P2_CV0,2,0,2,0,2
3,2532969.44,705413.5711,R3_F3_m3f3_P3_Y0_UO245,R3_F3_m-1f-1_P3_Y-1_U88,R3_F3_m-1f-1_P3_Y-1_U30,FXX,1,31.02402745971523,0,0,0.0,0,0,0,-9999.0,1.0,1,P2_CV0,2,0,2,1,1
3,2532969.44,705413.5711,R3_F3_m3f3_P3_Y0_UO246,R3_F3_m-1f-1_P3_Y-1_U88,R3_F3_m-1f-1_P3_Y-1_U30,FXX,1,31.02402745971523,0,0,0.0,0,0,0,-9999.0,1.0,1,P2_CV0,2,2,0,2,0
3,2532969.44,705413.5711,R3_F3_m3f3_P3_Y0_UO247,R3_F3_m-1f-1_P3_Y-1_U88,R3_F3_m-1f-1_P3_Y-1_U30,MXY,1,31.02402745971523,0,0,0.0,0,0,0,-9999.0,1.0,1,P2_CV0,2,1,1,1,1
3,2532969.44,705413.5711,R3_F3_m3f3_P3_Y0_UO248,R3_F3_m-1f-1_P3_Y-1_U88,R3_F3_m-1f-1_P3_Y-1_U30,FXX,1,31.02402745971523,0,0,0.0,0,0,0,-9999.0,1.0,1,P2_CV0,2,1,1,2,0
3,2532969.44,705413.5711,R3_F3_m3f3_P3_Y0_UO249,R3_F3_m-1f-1_P3_Y-1_U88,R3_F3_m-1f-1_P3_Y-1_U30,MXY,1,31.02402745971523,0,0,0.0,0,0,0,-9999.0,1.0,1,P2_CV0,2,0,2,1,1
3,2532969.44,705413.5711,R3_F3_m3f3_P3_Y0_UO250,R3_F3_m-1f-1_P3_Y-1_U88,R3_F3_m-1f-1_P3_Y-1_U30,FXX,1,31.02402745971523,0,0,0.0,0,0,0,-9999.0,1.0,1,P2_CV0,2,1,1,0,2
3,2532969.44,705413.5711,R3_F3_m3f3_P3_Y0_UO251,R3_F3_m-1f-1_P3_Y-1_U88,R3_F3_m-1f-1_P3_Y-1_U30,FXX,1,31.02402745971523,0,0,0.0,0,0,0,-9999.0,1.0,1,P2_CV0,2,1,1,1,1
3,2532969.44,705413.5711,R3_F3_m3f3_P3_Y0_UO252,R3_F3_m-1f-1_P3_Y-1_U88,R3_F3_m-1f-1_P3_Y-1_U30,MXY,1,31.02402745971523,0,0,0.0,0,0,0,-9999.0,1.0,1,P2_CV0,2,1,1,0,2
3,2532969.44,705413.5711,R3_F3_m3f3_P3_Y0_UO253,R3_F3_m-1f-1_P3_Y-1_U117,R3_F3_m-1f-1_P3_Y-1_U48,MXY,1,31.02402745971523,0,0,0.0,0,0,0,-9999.0,0.75,1,P2_CV0,2,0,2,1,1
3,2532969.44,705413.5711,R3_F3_m3f3_P3_Y0_UO254,R3_F3_m-1f-1_P3_Y-1_U117,R3_F3_m-1f-1_P3_Y-1_U48,MXY,1,31.02402745971523,0,0,0.0,0,0,0,-9999.0,0.75,1,P2_CV0,2,0,2,0,2
3,2532969.44,705413.5711,R3_F3_m3f3_P3_Y0_UO255,R3_F3_m-1f-1_P3_Y-1_U117,R3_F3_m-1f-1_P3_Y-1_U48,MXY,1,31.02402745971523,0,0,0.0,0,0,0,-9999.0,0.75,1,P2_CV0,2,1,1,0,2
3,2532969.44,705413.5711,R3_F3_m3f3_P3_Y0_UO256,R3_F3_m-1f-1_P3_Y-1_U117,R3_F3_m-1f-1_P3_Y-1_U48,MXY,1,31.02402745971523,0,0,0.0,0,0,0,-9999.0,0.75,1,P2_CV0,2,1,1,1,1
3,2532969.44,705413.5711,R3_F3_m3f3_P3_Y0_UO355,R3_F3_m-1f-1_P3_Y-1_U83,R3_F3_m-1f-1_P3_Y-1_U97,MXY,1,31.02402745971523,0,0,0.0,0,0,0,-9999.0,0.5,1,P2_CV0,2,2,0,2,0
3,2532969.44,705413.5711,R3_F3_m3f3_P3_Y0_UO398,R3_F3_m-1f-1_P3_Y-1_U71,R3_F3_m-1f-1_P3_Y-1_U127,FXX,1,31.02402745971523,0,0,0.0,0,0,0,-9999.0,0.25,1,P2_CV0,2,1,1,2,0
3,2532969.44,705413.5711,R3_F3_m3f3_P3_Y0_UO399,R3_F3_m-1f-1_P3_Y-1_U71,R3_F3_m-1f-1_P3_Y-1_U127,MXY,1,31.02402745971523,0,0,0.0,0,0,0,-9999.0,0.25,1,P2_CV0,2,2,0,1,1
3,2532969.44,705413.5711,R3_F3_m3f3_P3_Y0_UO400,R3_F3_m-1f-1_P3_Y-1_U71,R3_F3_m-1f-1_P3_Y-1_U127,FXX,1,31.02402745971523,0,0,0.0,0,0,0,-9999.0,0.25,1,P2_CV0,2,0,2,0,2
3,2532969.44,705413.5711,R3_F3_m3f3_P3_Y0_UO418,R3_F3_m-1f-1_P3_Y-1_U119,R3_F3_m-1f-1_P3_Y-1_U8,MXY,1,31.02402745971523,0,0,0.0,0,0,0,-9999.0,0.75,1,P2_CV0,2,1,1,2,0
3,2532969.44,705413.5711,R3_F3_m3f3_P3_Y0_UO419,R3_F3_m-1f-1_P3_Y-1_U119,R3_F3_m-1f-1_P3_Y-1_U8,MXY,1,31.02402745971523,0,0,0.0,0,0,0,-9999.0,0.75,1,P2_CV0,2,1,1,0,2
3,2532969.44,705413.5711,R3_F3_m3f3_P3_Y0_UO420,R3_F3_m-1f-1_P3_Y-1_U119,R3_F3_m-1f-1_P3_Y-1_U8,MXY,1,31.02402745971523,0,0,0.0,0,0,0,-9999.0,0.75,1,P2_CV0,2,2,0,1,1
3,2532969.44,705413.5711,R3_F3_m3f3_P3_Y0_UO421,R3_F3_m-1f-1_P3_Y-1_U119,R3_F3_m-1f-1_P3_Y-1_U8,FXX,1,31.02402745971523,0,0,0.0,0,0,0,-9999.0,0.75,1,P2_CV0,2,1,1,1,1
3,2532969.44,705413.5711,R3_F3_m3f3_P3_Y0_UO422,R3_F3_m-1f-1_P3_Y-1_U98,R3_F3_m-1f-1_P3_Y-1_U94,MXY,1,31.02402745971523,0,0,0.0,0,0,0,-9999.0,1.0,1,P2_CV0,2,0,2,1,1
3,2532969.44,705413.5711,R3_F3_m3f3_P3_Y0_UO423,R3_F3_m-1f-1_P3_Y-1_U98,R3_F3_m-1f-1_P3_Y-1_U94,MXY,1,31.02402745971523,0,0,0.0,0,0,0,-9999.0,1.0,1,P2_CV0,2,2,0,0,2
3,2532969.44,705413.5711,R3_F3_m3f3_P3_Y0_UO424,R3_F3_m-1f-1_P3_Y-1_U98,R3_F3_m-1f-1_P3_Y-1_U94,FXX,1,31.02402745971523,0,0,0.0,0,0,0,-9999.0,1.0,1,P2_CV0,2,0,2,1,1
3,2532969.44,705413.5711,R3_F3_m3f3_P3_Y0_UO470,R3_F3_m-1f-1_P3_Y-1_U36,R3_F3_m-1f-1_P3_Y-1_U25,FXX,1,31.02402745971523,0,0,0.0,0,0,0,-9999.0,0.5,1,P2_CV0,2,1,1,1,1
3,2532969.44,705413.5711,R3_F3_m3f3_P3_Y0_UO471,R3_F3_m-1f-1_P3_Y-1_U36,R3_F3_m-1f-1_P3_Y-1_U25,FXX,1,31.02402745971523,0,0,0.0,0,0,0,-9999.0,0.5,1,P2_CV0,2,1,1,1,1
3,2532969.44,705413.5711,R3_F3_m3f3_P3_Y0_UO472,R3_F3_m-1f-1_P3_Y-1_U36,R3_F3_m-1f-1_P3_Y-1_U25,MXY,1,31.02402745971523,0,0,0.0,0,0,0,-9999.0,0.5,1,P2_CV0,2,1,1,0,2
3,2532969.44,705413.5711,R3_F3_m3f3_P3_Y0_UO473,R3_F3_m-1f-1_P3_Y-1_U36,R3_F3_m-1f-1_P3_Y-1_U25,FXX,1,31.02402745971523,0,0,0.0,0,0,0,-9999.0,0.5,1,P2_CV0,2,0,2,0,2
3,2532969.44,705413.5711,R3_F3_m3f3_P3_Y0_UO474,R3_F3_m-1f-1_P3_Y-1_U36,R3_F3_m-1f-1_P3_Y-1_U25,FXX,1,31.02402745971523,0,0,0.0,0,0,0,-9999.0,0.5,1,P2_CV0,2,1,1,1,1
3,2532969.44,705413.5711,R3_F3_m3f3_P3_Y0_UO490,R3_F3_m-1f-1_P3_Y-1_U88,R3_F3_m-1f-1_P3_Y-1_U3,MXY,1,31.02402745971523,0,0,0.0,0,0,0,-9999.0,0.5,1,P2_CV0,2,2,0,2,0
3,2532969.44,705413.5711,R3_F3_m3f3_P3_Y0_UO491,R3_F3_m-1f-1_P3_Y-1_U88,R3_F3_m-1f-1_P3_Y-1_U3,MXY,1,31.02402745971523,0,0,0.0,0,0,0,-9999.0,0.5,1,P2_CV0,2,1,1,1,1
3,2532969.44,705413.5711,R3_F3_m3f3_P3_Y0_UO492,R3_F3_m-1f-1_P3_Y-1_U88,R3_F3_m-1f-1_P3_Y-1_U3,FXX,1,31.02402745971523,0,0,0.0,0,0,0,-9999.0,0.5,1,P2_CV0,2,2,0,1,1
3,2532969.44,705413.5711,R3_F3_m3f3_P3_Y0_UO527,R3_F3_m-1f-1_P3_Y-1_U37,R3_F3_m-1f-1_P3_Y-1_U85,MXY,1,31.02402745971523,0,0,0.0,0,0,0,-9999.0,0.25,1,P2_CV0,2,0,2,1,1
3,2532969.44,705413.5711,R3_F3_m3f3_P3_Y0_UO528,R3_F3_m-1f-1_P3_Y-1_U37,R3_F3_m-1f-1_P3_Y-1_U85,FXX,1,31.02402745971523,0,0,0.0,0,0,0,-9999.0,0.25,1,P2_CV0,2,1,1,2,0
3,2532969.44,705413.5711,R3_F3_m3f3_P3_Y0_UO529,R3_F3_m-1f-1_P3_Y-1_U37,R3_F3_m-1f-1_P3_Y-1_U85,FXX,1,31.02402745971523,0,0,0.0,0,0,0,-9999.0,0.25,1,P2_CV0,2,0,2,0,2
3,2532969.44,705413.5711,R3_F3_m3f3_P3_Y0_UO530,R3_F3_m-1f-1_P3_Y-1_U37,R3_F3_m-1f-1_P3_Y-1_U85,FXX,1,31.02402745971523,0,0,0.0,0,0,0,-9999.0,0.25,1,P2_CV0,2,2,0,1,1
3,2532969.44,705413.5711,R3_F3_m3f3_P3_Y0_UO531,R3_F3_m-1f-1_P3_Y-1_U37,R3_F3_m-1f-1_P3_Y-1_U85,FXX,1,31.02402745971523,0,0,0.0,0,0,0,-9999.0,0.25,1,P2_CV0,2,1,1,1,1
3,2532969.44,705413.5711,R3_F3_m3f3_P3_Y0_UO577,R3_F3_m-1f-1_P3_Y-1_U98,R3_F3_m-1f-1_P3_Y-1_U69,MXY,1,31.02402745971523,0,0,0.0,0,0,0,-9999.0,0.5,1,P2_CV0,2,1,1,1,1
3,2532969.44,705413.5711,R3_F3_m3f3_P3_Y0_UO578,R3_F3_m-1f-1_P3_Y-1_U98,R3_F3_m-1f-1_P3_Y-1_U69,MXY,1,31.02402745971523,0,0,0.0,0,0,0,-9999.0,0.5,1,P2_CV0,2,1,1,1,1
3,2532969.44,705413.5711,R3_F3_m3f3_P3_Y0_UO579,R3_F3_m-1f-1_P3_Y-1_U98,R3_F3_m-1f-1_P3_Y-1_U69,FXX,1,31.02402745971523,0,0,0.0,0,0,0,-9999.0,0.5,1,P2_CV0,2,1,1,0,2
3,2532969.44,705413.5711,R3_F3_m3f3_P3_Y0_UO583,R3_F3_m-1f-1_P3_Y-1_U36,R3_F3_m-1f-1_P3_Y-1_U116,FXX,1,31.02402745971523,0,0,0.0,0,0,0,-9999.0,0.5,1,P2_CV0,2,1,1,0,2
3,2532969.44,705413.5711,R3_F3_m3f3_P3_Y0_UO584,R3_F3_m-1f-1_P3_Y-1_U36,R3_F3_m-1f-1_P3_Y-1_U116,MXY,1,31.02402745971523,0,0,0.0,0,0,0,-9999.0,0.5,1,P2_CV0,2,0,2,2,0
3,2532969.44,705413.5711,R3_F3_m3f3_P3_Y0_UO585,R3_F3_m-1f-1_P3_Y-1_U34,R3_F3_m-1f-1_P3_Y-1_U30,MXY,1,31.02402745971523,0,0,0.0,0,0,0,-9999.0,0.5,1,P2_CV0,2,0,2,1,1
3,2532969.44,705413.5711,R3_F3_m3f3_P3_Y0_UO586,R3_F3_m-1f-1_P3_Y-1_U34,R3_F3_m-1f-1_P3_Y-1_U30,MXY,1,31.02402745971523,0,0,0.0,0,0,0,-9999.0,0.5,1,P2_CV0,2,1,1,1,1
3,2532969.44,705413.5711,R3_F3_m3f3_P3_Y0_UO587,R3_F3_m-1f-1_P3_Y-1_U34,R3_F3_m-1f-1_P3_Y-1_U30,FXX,1,31.02402745971523,0,0,0.0,0,0,0,-9999.0,0.5,1,P2_CV0,2,1,1,1,1
3,2532969.44,705413.5711,R3_F3_m3f3_P3_Y0_UO588,R3_F3_m-1f-1_P3_Y-1_U34,R3_F3_m-1f-1_P3_Y-1_U30,FXX,1,31.02402745971523,0,0,0.0,0,0,0,-9999.0,0.5,1,P2_CV0,2,2,0,0,2
3,2532969.44,705413.5711,R3_F3_m3f3_P3_Y0_UO589,R3_F3_m-1f-1_P3_Y-1_U34,R3_F3_m-1f-1_P3_Y-1_U30,FXX,1,31.02402745971523,0,0,0.0,0,0,0,-9999.0,0.5,1,P2_CV0,2,0,2,1,1
3,2532969.44,705413.5711,R3_F3_m3f3_P3_Y0_UO590,R3_F3_m-1f-1_P3_Y-1_U34,R3_F3_m-1f-1_P3_Y-1_U30,FXX,1,31.02402745971523,0,0,0.0,0,0,0,-9999.0,0.5,1,P2_CV0,2,1,1,2,0
3,2532969.44,705413.5711,R3_F3_m3f3_P3_Y0_UO591,R3_F3_m-1f-1_P3_Y-1_U34,R3_F3_m-1f-1_P3_Y-1_U49,FXX,1,31.02402745971523,0,0,0.0,0,0,0,-9999.0,0.5,1,P2_CV0,2,2,0,1,1
3,2532969.44,705413.5711,R3_F3_m3f3_P3_Y0_UO592,R3_F3_m-1f-1_P3_Y-1_U34,R3_F3_m-1f-1_P3_Y-1_U49,FXX,1,31.02402745971523,0,0,0.0,0,0,0,-9999.0,0.5,1,P2_CV0,2,0,2,1,1
3,2532969.44,705413.5711,R3_F3_m3f3_P3_Y0_UO593,R3_F3_m-1f-1_P3_Y-1_U34,R3_F3_m-1f-1_P3_Y-1_U49,FXX,1,31.02402745971523,0,0,0.0,0,0,0,-9999.0,0.5,1,P2_CV0,2,2,0,1,1
3,2532969.44,705413.5711,R3_F3_m3f3_P3_Y0_UO594,R3_F3_m-1f-1_P3_Y-1_U34,R3_F3_m-1f-1_P3_Y-1_U49,MXY,1,31.02402745971523,0,0,0.0,0,0,0,-9999.0,0.5,1,P2_CV0,2,1,1,1,1
3,2532969.44,705413.5711,R3_F3_m3f3_P3_Y0_UO595,R3_F3_m-1f-1_P3_Y-1_U34,R3_F3_m-1f-1_P3_Y-1_U49,MXY,1,31.02402745971523,0,0,0.0,0,0,0,-9999.0,0.5,1,P2_CV0,2,2,0,1,1
3,2532969.44,705413.5711,R3_F3_m3f3_P3_Y0_UO596,R3_F3_m-1f-1_P3_Y-1_U27,R3_F3_m-1f-1_P3_Y-1_U94,FXX,1,31.02402745971523,0,0,0.0,0,0,0,-9999.0,1.0,1,P2_CV0,2,1,1,0,2
3,2532969.44,705413.5711,R3_F3_m3f3_P3_Y0_UO597,R3_F3_m-1f-1_P3_Y-1_U27,R3_F3_m-1f-1_P3_Y-1_U94,FXX,1,31.02402745971523,0,0,0.0,0,0,0,-9999.0,1.0,1,P2_CV0,2,2,0,2,0
3,2532969.44,705413.5711,R3_F3_m3f3_P3_Y0_UO598,R3_F3_m-1f-1_P3_Y-1_U27,R3_F3_m-1f-1_P3_Y-1_U94,MXY,1,31.02402745971523,0,0,0.0,0,0,0,-9999.0,1.0,1,P2_CV0,2,0,2,1,1
3,2532969.44,705413.5711,R3_F3_m3f3_P3_Y0_UO599,R3_F3_m-1f-1_P3_Y-1_U27,R3_F3_m-1f-1_P3_Y-1_U94,FXX,1,31.02402745971523,0,0,0.0,0,0,0,-9999.0,1.0,1,P2_CV0,2,1,1,0,2
3,2532969.44,705413.5711,R3_F3_m3f3_P3_Y0_UO600,R3_F3_m-1f-1_P3_Y-1_U27,R3_F3_m-1f-1_P3_Y-1_U94,MXY,1,31.02402745971523,0,0,0.0,0,0,0,-9999.0,1.0,1,P2_CV0,2,2,0,1,1
3,2532969.44,705413.5711,R3_F3_m3f3_P3_Y0_UO652,R3_F3_m-1f-1_P3_Y-1_U59,R3_F3_m-1f-1_P3_Y-1_U24,MXY,1,31.02402745971523,0,0,0.0,0,0,0,-9999.0,0.75,1,P2_CV0,2,1,1,0,2
3,2532969.44,705413.5711,R3_F3_m3f3_P3_Y0_UO653,R3_F3_m-1f-1_P3_Y-1_U59,R3_F3_m-1f-1_P3_Y-1_U24,MXY,1,31.02402745971523,0,0,0.0,0,0,0,-9999.0,0.75,1,P2_CV0,2,1,1,2,0
3,2532969.44,705413.5711,R3_F3_m3f3_P3_Y0_UO654,R3_F3_m-1f-1_P3_Y-1_U59,R3_F3_m-1f-1_P3_Y-1_U24,MXY,1,31.02402745971523,0,0,0.0,0,0,0,-9999.0,0.75,1,P2_CV0,2,2,0,0,2
3,2532969.44,705413.5711,R3_F3_m3f3_P3_Y0_UO655,R3_F3_m-1f-1_P3_Y-1_U59,R3_F3_m-1f-1_P3_Y-1_U24,MXY,1,31.02402745971523,0,0,0.0,0,0,0,-9999.0,0.75,1,P2_CV0,2,1,1,2,0
3,2532969.44,705413.5711,R3_F3_m3f3_P3_Y0_UO656,R3_F3_m-1f-1_P3_Y-1_U59,R3_F3_m-1f-1_P3_Y-1_U24,MXY,1,31.02402745971523,0,0,0.0,0,0,0,-9999.0,0.75,1,P2_CV0,2,0,2,1,1
3,2532969.44,705413.5711,R3_F3_m3f3_P3_Y0_UO657,R3_F3_m-1f-1_P3_Y-1_U59,R3_F3_m-1f-1_P3_Y-1_U24,FXX,1,31.02402745971523,0,0,0.0,0,0,0,-9999.0,0.75,1,P2_CV0,2,1,1,1,1
3,2532969.44,705413.5711,R3_F3_m3f3_P3_Y0_UO658,R3_F3_m-1f-1_P3_Y-1_U59,R3_F3_m-1f-1_P3_Y-1_U24,FXX,1,31.02402745971523,0,0,0.0,0,0,0,-9999.0,0.75,1,P2_CV0,2,2,0,1,1
3,2532969.44,705413.5711,R3_F3_m3f3_P3_Y0_UO659,R3_F3_m-1f-1_P3_Y-1_U59,R3_F3_m-1f-1_P3_Y-1_U24,MXY,1,31.02402745971523,0,0,0.0,0,0,0,-9999.0,0.75,1,P2_CV0,2,1,1,2,0
3,2532969.44,705413.5711,R3_F3_m3f3_P3_Y0_UO660,R3_F3_m-1f-1_P3_Y-1_U59,R3_F3_m-1f-1_P3_Y-1_U24,MXY,1,31.02402745971523,0,0,0.0,0,0,0,-9999.0,0.75,1,P2_CV0,2,1,1,2,0
3,2532969.44,705413.5711,R3_F3_m3f3_P3_Y0_UO692,R3_F3_m-1f-1_P3_Y-1_U87,R3_F3_m-1f-1_P3_Y-1_U99,MXY,1,31.02402745971523,0,0,0.0,0,0,0,-9999.0,0.25,1,P2_CV0,2,0,2,1,1
3,2532969.44,705413.5711,R3_F3_m3f3_P3_Y0_UO693,R3_F3_m-1f-1_P3_Y-1_U87,R3_F3_m-1f-1_P3_Y-1_U99,MXY,1,31.02402745971523,0,0,0.0,0,0,0,-9999.0,0.25,1,P2_CV0,2,0,2,1,1
3,2532969.44,705413.5711,R3_F3_m3f3_P3_Y0_UO694,R3_F3_m-1f-1_P3_Y-1_U87,R3_F3_m-1f-1_P3_Y-1_U99,FXX,1,31.02402745971523,0,0,0.0,0,0,0,-9999.0,0.25,1,P2_CV0,2,2,0,1,1
3,2532969.44,705413.5711,R3_F3_m3f3_P3_Y0_UO695,R3_F3_m-1f-1_P3_Y-1_U87,R3_F3_m-1f-1_P3_Y-1_U99,MXY,1,31.02402745971523,0,0,0.0,0,0,0,-9999.0,0.25,1,P2_CV0,2,1,1,0,2
3,2532969.44,705413.5711,R3_F3_m3f3_P3_Y0_UO696,R3_F3_m-1f-1_P3_Y-1_U87,R3_F3_m-1f-1_P3_Y-1_U99,MXY,1,31.02402745971523,0,0,0.0,0,0,0,-9999.0,0.25,1,P2_CV0,2,1,1,1,1
3,2532969.44,705413.5711,R3_F3_m3f3_P3_Y0_UO697,R3_F3_m-1f-1_P3_Y-1_U87,R3_F3_m-1f-1_P3_Y-1_U99,MXY,1,31.02402745971523,0,0,0.0,0,0,0,-9999.0,0.25,1,P2_CV0,2,0,2,1,1
3,2532969.44,705413.5711,R3_F3_m3f3_P3_Y0_UO698,R3_F3_m-1f-1_P3_Y-1_U87,R3_F3_m-1f-1_P3_Y-1_U99,MXY,1,31.02402745971523,0,0,0.0,0,0,0,-9999.0,0.25,1,P2_CV0,2,2,0,1,1
3,2532969.44,705413.5711,R3_F3_m3f3_P3_Y0_UO699,R3_F3_m-1f-1_P3_Y-1_U87,R3_F3_m-1f-1_P3_Y-1_U99,MXY,1,31.02402745971523,0,0,0.0,0,0,0,-9999.0,0.25,1,P2_CV0,2,1,1,1,1
3,2532969.44,705413.5711,R3_F3_m3f3_P3_Y0_UO700,R3_F3_m-1f-1_P3_Y-1_U87,R3_F3_m-1f-1_P3_Y-1_U99,MXY,1,31.02402745971523,0,0,0.0,0,0,0,-9999.0,0.25,1,P2_CV0,2,2,0,1,1
3,2532969.44,705413.5711,R3_F3_m3f3_P3_Y0_UO701,R3_F3_m-1f-1_P3_Y-1_U87,R3_F3_m-1f-1_P3_Y-1_U99,MXY,1,31.02402745971523,0,0,0.0,0,0,0,-9999.0,0.25,1,P2_CV0,2,1,1,2,0
3,2532969.44,705413.5711,R3_F3_m3f3_P3_Y0_UO702,R3_F3_m-1f-1_P3_Y-1_U87,R3_F3_m-1f-1_P3_Y-1_U99,MXY,1,31.02402745971523,0,0,0.0,0,0,0,-9999.0,0.25,1,P2_CV0,2,0,2,1,1
3,2532969.44,705413.5711,R3_F3_m3f3_P3_Y0_UO703,R3_F3_m-1f-1_P3_Y-1_U87,R3_F3_m-1f-1_P3_Y-1_U99,FXX,1,31.02402745971523,0,0,0.0,0,0,0,-9999.0,0.25,1,P2_CV0,2,0,2,1,1
3,2532969.44,705413.5711,R3_F3_m3f3_P3_Y0_UO722,R3_F3_m-1f-1_P3_Y-1_U117,R3_F3_m-1f-1_P3_Y-1_U86,MXY,1,31.02402745971523,0,0,0.0,0,0,0,-9999.0,0.5,1,P2_CV0,2,1,1,1,1
3,2532969.44,705413.5711,R3_F3_m3f3_P3_Y0_UO723,R3_F3_m-1f-1_P3_Y-1_U117,R3_F3_m-1f-1_P3_Y-1_U86,FXX,1,31.02402745971523,0,0,0.0,0,0,0,-9999.0,0.5,1,P2_CV0,2,1,1,1,1
3,2532969.44,705413.5711,R3_F3_m3f3_P3_Y0_UO724,R3_F3_m-1f-1_P3_Y-1_U117,R3_F3_m-1f-1_P3_Y-1_U86,MXY,1,31.02402745971523,0,0,0.0,0,0,0,-9999.0,0.5,1,P2_CV0,2,1,1,1,1
3,2532969.44,705413.5711,R3_F3_m3f3_P3_Y0_UO725,R3_F3_m-1f-1_P3_Y-1_U117,R3_F3_m-1f-1_P3_Y-1_U86,FXX,1,31.02402745971523,0,0,0.0,0,0,0,-9999.0,0.5,1,P2_CV0,2,0,2,0,2
3,2532969.44,705413.5711,R3_F3_m-1f-1_P3_Y-1_U0,-9999,-9999,FXX,2,31.029800260222007,1,0,1.0,0,0,0,-9999.0,0.5,1,P2_CV0,2,1,1,2,0
3,2532969.44,705413.5711,R3_F3_m-1f-1_P3_Y-1_U2,-9999,-9999,FXX,2,31.029800260222007,1,0,0.0,0,0,0,-9999.0,1.0,1,P2_CV0,2,2,0,1,1
3,2532969.44,705413.5711,R3_F3_m-1f-1_P3_Y-1_U4,-9999,-9999,FXX,2,31.029800260222007,1,0,0.0,0,0,0,-9999.0,1.0,1,P2_CV0,2,2,0,1,1
3,2532969.44,705413.5711,R3_F3_m-1f-1_P3_Y-1_U5,-9999,-9999,MXY,2,31.029800260222007,1,0,0.0,0,0,0,-9999.0,1.0,1,P2_CV0,2,2,0,0,2
3,2532969.44,705413.5711,R3_F3_m-1f-1_P3_Y-1_U7,-9999,-9999,MXY,2,31.029800260222007,1,0,0.0,0,0,0,-9999.0,0.0,1,P2_CV0,2,0,2,1,1
3,2532969.44,705413.5711,R3_F3_m-1f-1_P3_Y-1_U11,-9999,-9999,FXX,2,31.029800260222007,1,0,0.0,0,0,0,-9999.0,1.0,1,P2_CV0,2,2,0,1,1
3,2532969.44,705413.5711,R3_F3_m-1f-1_P3_Y-1_U12,-9999,-9999,FXX,2,31.029800260222007,1,0,0.0,0,0,0,-9999.0,0.0,1,P2_CV0,2,0,2,0,2
3,2532969.44,705413.5711,R3_F3_m-1f-1_P3_Y-1_U15,-9999,-9999,MXY,2,31.029800260222007,1,0,0.0,0,0,0,-9999.0,1.0,1,P2_CV0,2,2,0,1,1
3,2532969.44,705413.5711,R3_F3_m-1f-1_P3_Y-1_U16,-9999,-9999,FXX,2,31.029800260222007,1,0,1.0,0,0,0,-9999.0,0.5,1,P2_CV0,2,1,1,2,0
3,2532969.44,705413.5711,R3_F3_m-1f-1_P3_Y-1_U17,-9999,-9999,FXX,2,31.029800260222007,1,0,0.0,0,0,0,-9999.0,1.0,1,P2_CV0,2,2,0,2,0
3,2532969.44,705413.5711,R3_F3_m-1f-1_P3_Y-1_U18,-9999,-9999,FXX,2,31.029800260222007,1,0,1.418,0,0,0,-9999.0,0.0,1,P2_CV0,2,0,2,1,1
3,2532969.44,705413.5711,R3_F3_m-1f-1_P3_Y-1_U19,-9999,-9999,MXY,2,31.029800260222007,1,0,0.0,0,0,0,-9999.0,0.5,1,P2_CV0,2,1,1,1,1
3,2532969.44,705413.5711,R3_F3_m-1f-1_P3_Y-1_U20,-9999,-9999,MXY,2,31.029800260222007,1,0,0.0,0,0,0,-9999.0,1.0,1,P2_CV0,2,2,0,0,2
3,2532969.44,705413.5711,R3_F3_m-1f-1_P3_Y-1_U21,-9999,-9999,MXY,2,31.029800260222007,1,0,0.0,0,0,0,-9999.0,1.0,1,P2_CV0,2,2,0,1,1
3,2532969.44,705413.5711,R3_F3_m-1f-1_P3_Y-1_U23,-9999,-9999,FXX,2,31.029800260222007,1,0,1.357,0,0,0,-9999.0,0.0,1,P2_CV0,2,0,2,0,2
3,2532969.44,705413.5711,R3_F3_m-1f-1_P3_Y-1_U26,-9999,-9999,FXX,2,31.029800260222007,1,0,1.82,0,0,0,-9999.0,0.5,1,P2_CV0,2,1,1,2,0
3,2532969.44,705413.5711,R3_F3_m-1f-1_P3_Y-1_U28,-9999,-9999,FXX,2,31.029800260222007,1,0,2.192,0,0,0,-9999.0,0.0,1,P2_CV0,2,0,2,0,2
3,2532969.44,705413.5711,R3_F3_m-1f-1_P3_Y-1_U29,-9999,-9999,FXX,2,31.029800260222007,1,0,1.855,0,0,0,-9999.0,0.5,1,P2_CV0,2,1,1,1,1
3,2532969.44,705413.5711,R3_F3_m-1f-1_P3_Y-1_U32,-9999,-9999,FXX,2,31.029800260222007,1,0,1.0,0,0,0,-9999.0,0.5,1,P2_CV0,2,1,1,2,0
3,2532969.44,705413.5711,R3_F3_m-1f-1_P3_Y-1_U33,-9999,-9999,MXY,2,31.029800260222007,1,0,0.0,0,0,0,-9999.0,0.0,1,P2_CV0,2,0,2,2,0
3,2532969.44,705413.5711,R3_F3_m-1f-1_P3_Y-1_U35,-9999,-9999,MXY,2,31.029800260222007,1,0,0.0,0,0,0,-9999.0,0.5,1,P2_CV0,2,1,1,1,1
3,2532969.44,705413.5711,R3_F3_m-1f-1_P3_Y-1_U39,-9999,-9999,MXY,2,31.029800260222007,1,0,0.0,0,0,0,-9999.0,0.0,1,P2_CV0,2,0,2,2,0
3,2532969.44,705413.5711,R3_F3_m-1f-1_P3_Y-1_U40,-9999,-9999,MXY,2,31.029800260222007,1,0,0.0,0,0,0,-9999.0,0.5,1,P2_CV0,2,1,1,1,1
3,2532969.44,705413.5711,R3_F3_m-1f-1_P3_Y-1_U41,-9999,-9999,FXX,2,31.029800260222007,1,0,1.0,0,0,0,-9999.0,0.0,1,P2_CV0,2,0,2,1,1
3,2532969.44,705413.5711,R3_F3_m-1f-1_P3_Y-1_U42,-9999,-9999,FXX,2,31.029800260222007,1,0,2.051,0,0,0,-9999.0,0.5,1,P2_CV0,2,1,1,1,1
3,2532969.44,705413.5711,R3_F3_m-1f-1_P3_Y-1_U43,-9999,-9999,FXX,2,31.029800260222007,1,0,0.0,0,0,0,-9999.0,1.0,1,P2_CV0,2,2,0,1,1
3,2532969.44,705413.5711,R3_F3_m-1f-1_P3_Y-1_U44,-9999,-9999,MXY,2,31.029800260222007,1,0,0.0,0,0,0,-9999.0,1.0,1,P2_CV0,2,2,0,0,2
3,2532969.44,705413.5711,R3_F3_m-1f-1_P3_Y-1_U46,-9999,-9999,FXX,2,31.029800260222007,1,0,1.584,0,0,0,-9999.0,0.5,1,P2_CV0,2,1,1,2,0
3,2532969.44,705413.5711,R3_F3_m-1f-1_P3_Y-1_U51,-9999,-9999,MXY,2,31.029800260222007,1,0,0.0,0,0,0,-9999.0,0.0,1,P2_CV0,2,0,2,0,2
3,2532969.44,705413.5711,R3_F3_m-1f-1_P3_Y-1_U52,-9999,-9999,FXX,2,31.029800260222007,1,0,0.0,0,0,0,-9999.0,0.5,1,P2_CV0,2,1,1,1,1
3,2532969.44,705413.5711,R3_F3_m-1f-1_P3_Y-1_U53,-9999,-9999,MXY,2,31.029800260222007,1,0,0.0,0,0,0,-9999.0,0.5,1,P2_CV0,2,1,1,0,2
3,2532969.44,705413.5711,R3_F3_m-1f-1_P3_Y-1_U54,-9999,-9999,MXY,2,31.029800260222007,1,0,0.0,0,0,0,-9999.0,0.5,1,P2_CV0,2,1,1,1,1
3,2532969.44,705413.5711,R3_F3_m-1f-1_P3_Y-1_U57,-9999,-9999,FXX,2,31.029800260222007,1,0,1.0,0,0,0,-9999.0,0.5,1,P2_CV0,2,1,1,2,0
3,2532969.44,705413.5711,R3_F3_m-1f-1_P3_Y-1_U62,-9999,-9999,FXX,2,31.029800260222007,1,0,0.0,0,0,0,-9999.0,0.0,1,P2_CV0,2,0,2,2,0
3,2532969.44,705413.5711,R3_F3_m-1f-1_P3_Y-1_U63,-9999,-9999,FXX,2,31.029800260222007,1,0,0.0,0,0,0,-9999.0,1.0,1,P2_CV0,2,2,0,1,1
3,2532969.44,705413.5711,R3_F3_m-1f-1_P3_Y-1_U65,-9999,-9999,FXX,2,31.029800260222007,1,0,0.0,0,0,0,-9999.0,0.0,1,P2_CV0,2,0,2,1,1
3,2532969.44,705413.5711,R3_F3_m-1f-1_P3_Y-1_U70,-9999,-9999,MXY,2,31.029800260222007,1,0,0.0,0,0,0,-9999.0,1.0,1,P2_CV0,2,2,0,2,0
3,2532969.44,705413.5711,R3_F3_m-1f-1_P3_Y-1_U72,-9999,-9999,MXY,2,31.029800260222007,1,0,0.0,0,0,0,-9999.0,0.0,1,P2_CV0,2,0,2,1,1
3,2532969.44,705413.5711,R3_F3_m-1f-1_P3_Y-1_U73,-9999,-9999,FXX,2,31.029800260222007,1,0,1.0,0,0,0,-9999.0,1.0,1,P2_CV0,2,2,0,1,1
3,2532969.44,705413.5711,R3_F3_m-1f-1_P3_Y-1_U74,-9999,-9999,FXX,2,31.029800260222007,1,0,0.0,0,0,0,-9999.0,0.0,1,P2_CV0,2,0,2,1,1
3,2532969.44,705413.5711,R3_F3_m-1f-1_P3_Y-1_U76,-9999,-9999,FXX,2,31.029800260222007,1,0,1.0,0,0,0,-9999.0,1.0,1,P2_CV0,2,2,0,1,1
3,2532969.44,705413.5711,R3_F3_m-1f-1_P3_Y-1_U78,-9999,-9999,MXY,2,31.029800260222007,1,0,0.0,0,0,0,-9999.0,1.0,1,P2_CV0,2,2,0,1,1
3,2532969.44,705413.5711,R3_F3_m-1f-1_P3_Y-1_U79,-9999,-9999,MXY,2,31.029800260222007,1,0,0.0,0,0,0,-9999.0,0.5,1,P2_CV0,2,1,1,2,0
3,2532969.44,705413.5711,R3_F3_m-1f-1_P3_Y-1_U80,-9999,-9999,MXY,2,31.029800260222007,1,0,0.0,0,0,0,-9999.0,0.5,1,P2_CV0,2,1,1,0,2
3,2532969.44,705413.5711,R3_F3_m-1f-1_P3_Y-1_U84,-9999,-9999,FXX,2,31.029800260222007,1,0,0.0,0,0,0,-9999.0,1.0,1,P2_CV0,2,2,0,0,2
3,2532969.44,705413.5711,R3_F3_m-1f-1_P3_Y-1_U89,-9999,-9999,MXY,2,31.029800260222007,1,0,0.0,0,0,0,-9999.0,0.0,1,P2_CV0,2,0,2,1,1
3,2532969.44,705413.5711,R3_F3_m-1f-1_P3_Y-1_U90,-9999,-9999,MXY,2,31.029800260222007,1,0,0.0,0,0,0,-9999.0,0.5,1,P2_CV0,2,1,1,0,2
3,2532969.44,705413.5711,R3_F3_m-1f-1_P3_Y-1_U92,-9999,-9999,MXY,2,31.029800260222007,1,0,0.0,0,0,0,-9999.0,0.5,1,P2_CV0,2,1,1,0,2
3,2532969.44,705413.5711,R3_F3_m-1f-1_P3_Y-1_U95,-9999,-9999,FXX,2,31.029800260222007,1,0,1.0,0,0,0,-9999.0,0.5,1,P2_CV0,2,1,1,1,1
3,2532969.44,705413.5711,R3_F3_m-1f-1_P3_Y-1_U101,-9999,-9999,MXY,2,31.029800260222007,1,0,0.0,0,0,0,-9999.0,0.5,1,P2_CV0,2,1,1,2,0
3,2532969.44,705413.5711,R3_F3_m-1f-1_P3_Y-1_U102,-9999,-9999,MXY,2,31.029800260222007,1,0,0.0,0,0,0,-9999.0,0.5,1,P2_CV0,2,1,1,1,1
3,2532969.44,705413.5711,R3_F3_m-1f-1_P3_Y-1_U103,-9999,-9999,MXY,2,31.029800260222007,1,0,0.0,0,0,0,-9999.0,0.5,1,P2_CV0,2,1,1,1,1
3,2532969.44,705413.5711,R3_F3_m-1f-1_P3_Y-1_U104,-9999,-9999,FXX,2,31.029800260222007,1,0,0.0,0,0,0,-9999.0,0.0,1,P2_CV0,2,0,2,1,1
3,2532969.44,705413.5711,R3_F3_m-1f-1_P3_Y-1_U105,-9999,-9999,FXX,2,31.029800260222007,1,0,1.0,0,0,0,-9999.0,1.0,1,P2_CV0,2,2,0,0,2
3,2532969.44,705413.5711,R3_F3_m-1f-1_P3_Y-1_U106,-9999,-9999,FXX,2,31.029800260222007,1,0,2.001,0,0,0,-9999.0,0.0,1,P2_CV0,2,0,2,1,1
3,2532969.44,705413.5711,R3_F3_m-1f-1_P3_Y-1_U109,-9999,-9999,MXY,2,31.029800260222007,1,0,0.0,0,0,0,-9999.0,0.0,1,P2_CV0,2,0,2,0,2
3,2532969.44,705413.5711,R3_F3_m-1f-1_P3_Y-1_U112,-9999,-9999,FXX,2,31.029800260222007,1,0,2.995,0,0,0,-9999.0,0.0,1,P2_CV0,2,0,2,0,2
3,2532969.44,705413.5711,R3_F3_m-1f-1_P3_Y-1_U113,-9999,-9999,FXX,2,31.029800260222007,1,0,1.0,0,0,0,-9999.0,0.5,1,P2_CV0,2,1,1,1,1
3,2532969.44,705413.5711,R3_F3_m-1f-1_P3_Y-1_U114,-9999,-9999,MXY,2,31.029800260222007,1,0,0.0,0,0,0,-9999.0,0.5,1,P2_CV0,2,1,1,0,2
3,2532969.44,705413.5711,R3_F3_m-1f-1_P3_Y-1_U118,-9999,-9999,MXY,2,31.029800260222007,1,0,0.0,0,0,0,-9999.0,0.5,1,P2_CV0,2,1,1,1,1
3,2532969.44,705413.5711,R3_F3_m-1f-1_P3_Y-1_U120,-9999,-9999,MXY,2,31.029800260222007,1,0,0.0,0,0,0,-9999.0,0.0,1,P2_CV0,2,0,2,1,1
3,2532969.44,705413.5711,R3_F3_m-1f-1_P3_Y-1_U121,-9999,-9999,MXY,2,31.029800260222007,1,0,0.0,0,0,0,-9999.0,0.5,1,P2_CV0,2,1,1,2,0
3,2532969.44,705413.5711,R3_F3_m-1f-1_P3_Y-1_U122,-9999,-9999,FXX,2,31.029800260222007,1,0,0.0,0,0,0,-9999.0,0.5,1,P2_CV0,2,1,1,2,0
3,2532969.44,705413.5711,R3_F3_m-1f-1_P3_Y-1_U123,-9999,-9999,FXX,2,31.029800260222007,1,0,0.0,0,0,0,-9999.0,0.0,1,P2_CV0,2,0,2,2,0
3,2532969.44,705413.5711,R3_F3_m-1f-1_P3_Y-1_U125,-9999,-9999,FXX,2,31.029800260222007,1,0,0.0,0,0,0,-9999.0,0.5,1,P2_CV0,2,1,1,1,1
3,2532969.44,705413.5711,R3_F3_m-1f-1_P3_Y-1_U126,-9999,-9999,MXY,2,31.029800260222007,1,0,0.0,0,0,0,-9999.0,0.5,1,P2_CV0,2,1,1,1,1
3,2532969.44,705413.5711,I3_F7_m-1f-1_P3_Y-1_U96,-9999,-9999,FXX,2,31.03726771516948,1,0,1.0,0,0,0,-9999.0,0.5,1,P2_CV0,2,1,1,0,2
3,2532969.44,705413.5711,R3_F3_m-1f-1_P3_Y-1_U1,-9999,-9999,MXY,3,55.43274149490063,1,0,0.0,0,0,0,-9999.0,0.0,1,P2_CV0,2,0,2,1,1
3,2532969.44,705413.5711,R3_F3_m-1f-1_P3_Y-1_U3,-9999,-9999,MXY,3,47.04874149490063,1,0,0.0,0,0,0,-9999.0,0.0,1,P2_CV0,2,0,2,2,0
3,2532969.44,705413.5711,R3_F3_m-1f-1_P3_Y-1_U6,-9999,-9999,MXY,3,57.68874149490063,1,0,0.0,0,0,0,-9999.0,0.5,1,P2_CV0,2,1,1,0,2
3,2532969.44,705413.5711,R3_F3_m-1f-1_P3_Y-1_U8,-9999,-9999,MXY,3,52.727741494900634,1,0,0.0,0,0,0,-9999.0,1.0,1,P2_CV0,2,2,0,1,1
3,2532969.44,705413.5711,R3_F3_m-1f-1_P3_Y-1_U13,-9999,-9999,FXX,3,63.60674149490063,1,0,0.0,0,0,0,-9999.0,0.5,1,P2_CV0,2,1,1,0,2
3,2532969.44,705413.5711,R3_F3_m-1f-1_P3_Y-1_U22,-9999,-9999,MXY,3,53.303741494900635,1,0,0.0,0,0,0,-9999.0,0.5,1,P2_CV0,2,1,1,0,2
3,2532969.44,705413.5711,R3_F3_m-1f-1_P3_Y-1_U25,-9999,-9999,MXY,3,55.53474149490063,1,0,0.0,0,0,0,-9999.0,0.5,1,P2_CV0,2,1,1,2,0
3,2532969.44,705413.5711,R3_F3_m-1f-1_P3_Y-1_U27,-9999,-9999,FXX,3,57.166741494900634,1,0,2.025,0,0,0,-9999.0,1.0,1,P2_CV0,2,2,0,0,2
3,2532969.44,705413.5711,R3_F3_m-1f-1_P3_Y-1_U34,-9999,-9999,FXX,3,52.38774149490063,1,0,2.968,0,0,0,-9999.0,0.0,1,P2_CV0,2,0,2,1,1
3,2532969.44,705413.5711,R3_F3_m-1f-1_P3_Y-1_U36,-9999,-9999,FXX,3,49.96074149490063,1,0,2.134,0,0,0,-9999.0,0.5,1,P2_CV0,2,1,1,1,1
3,2532969.44,705413.5711,R3_F3_m-1f-1_P3_Y-1_U37,-9999,-9999,FXX,3,48.63674149490063,1,0,0.0,0,0,0,-9999.0,0.0,1,P2_CV0,2,0,2,0,2
3,2532969.44,705413.5711,R3_F3_m-1f-1_P3_Y-1_U45,-9999,-9999,MXY,3,48.407741494900634,1,0,0.0,0,0,0,-9999.0,1.0,1,P2_CV0,2,2,0,1,1
3,2532969.44,705413.5711,R3_F3_m-1f-1_P3_Y-1_U47,-9999,-9999,FXX,3,51.62274149490063,1,0,0.0,0,0,0,-9999.0,0.5,1,P2_CV0,2,1,1,2,0
3,2532969.44,705413.5711,R3_F3_m-1f-1_P3_Y-1_U48,-9999,-9999,MXY,3,68.96274149490063,1,0,0.0,0,0,0,-9999.0,0.5,1,P2_CV0,2,1,1,1,1
3,2532969.44,705413.5711,R3_F3_m-1f-1_P3_Y-1_U50,-9999,-9999,MXY,3,45.62974149490063,1,0,0.0,0,0,0,-9999.0,0.0,1,P2_CV0,2,0,2,1,1
3,2532969.44,705413.5711,R3_F3_m-1f-1_P3_Y-1_U55,-9999,-9999,MXY,3,57.51874149490063,1,0,0.0,0,0,0,-9999.0,0.5,1,P2_CV0,2,1,1,0,2
3,2532969.44,705413.5711,R3_F3_m-1f-1_P3_Y-1_U58,-9999,-9999,MXY,3,53.669741494900634,1,0,0.0,0,0,0,-9999.0,0.0,1,P2_CV0,2,0,2,2,0
3,2532969.44,705413.5711,R3_F3_m-1f-1_P3_Y-1_U59,-9999,-9999,FXX,3,60.58974149490063,1,0,2.114,0,0,0,-9999.0,1.0,1,P2_CV0,2,2,0,1,1
3,2532969.44,705413.5711,R3_F3_m-1f-1_P3_Y-1_U60,-9999,-9999,MXY,3,58.922741494900635,1,0,0.0,0,0,0,-9999.0,0.5,1,P2_CV0,2,1,1,1,1
3,2532969.44,705413.5711,R3_F3_m-1f-1_P3_Y-1_U67,-9999,-9999,MXY,3,49.21674149490063,1,0,0.0,0,0,0,-9999.0,1.0,1,P2_CV0,2,2,0,2,0
3,2532969.44,705413.5711,R3_F3_m-1f-1_P3_Y-1_U68,-9999,-9999,MXY,3,57.06474149490063,1,0,0.0,0,0,0,-9999.0,0.0,1,P2_CV0,2,0,2,0,2
3,2532969.44,705413.5711,R3_F3_m-1f-1_P3_Y-1_U71,-9999,-9999,FXX,3,60.68974149490063,1,0,1.883,0,0,0,-9999.0,0.0,1,P2_CV0,2,0,2,2,0
3,2532969.44,705413.5711,R3_F3_m-1f-1_P3_Y-1_U82,-9999,-9999,FXX,3,55.22374149490063,1,0,1.441,0,0,0,-9999.0,1.0,1,P2_CV0,2,2,0,1,1
3,2532969.44,705413.5711,R3_F3_m-1f-1_P3_Y-1_U85,-9999,-9999,MXY,3,57.54274149490063,1,0,0.0,0,0,0,-9999.0,0.5,1,P2_CV0,2,1,1,1,1
3,2532969.44,705413.5711,R3_F3_m-1f-1_P3_Y-1_U93,-9999,-9999,MXY,3,47.49074149490063,1,0,0.0,0,0,0,-9999.0,0.5,1,P2_CV0,2,1,1,2,0
3,2532969.44,705413.5711,R3_F3_m-1f-1_P3_Y-1_U94,-9999,-9999,MXY,3,51.65574149490063,1,0,0.0,0,0,0,-9999.0,1.0,1,P2_CV0,2,2,0,1,1
3,2532969.44,705413.5711,R3_F3_m-1f-1_P3_Y-1_U98,-9999,-9999,FXX,3,54.19974149490063,1,0,1.0,0,0,0,-9999.0,1.0,1,P2_CV0,2,2,0,1,1
3,2532969.44,705413.5711,R3_F3_m-1f-1_P3_Y-1_U100,-9999,-9999,FXX,3,56.01074149490063,1,0,0.0,0,0,0,-9999.0,0.5,1,P2_CV0,2,1,1,2,0
3,2532969.44,705413.5711,R3_F3_m-1f-1_P3_Y-1_U108,-9999,-9999,FXX,3,45.83074149490063,1,0,0.0,0,0,0,-9999.0,1.0,1,P2_CV0,2,2,0,0,2
3,2532969.44,705413.5711,R3_F3_m-1f-1_P3_Y-1_U115,-9999,-9999,MXY,3,55.04574149490063,1,0,0.0,0,0,0,-9999.0,0.0,1,P2_CV0,2,0,2,1,1
3,2532969.44,705413.5711,R3_F3_m-1f-1_P3_Y-1_U124,-9999,-9999,MXY,3,51.965741494900634,1,0,0.0,0,0,0,-9999.0,0.0,1,P2_CV0,2,0,2,2,0
3,2532969.44,705413.5711,R3_F3_m-1f-1_P3_Y-1_U127,-9999,-9999,MXY,3,49.82374149490063,1,0,0.0,0,0,0,-9999.0,0.5,1,P2_CV0,2,1,1,2,0
3,2532969.44,705413.5711,R3_F3_m-1f-1_P3_Y-1_U9,-9999,-9999,MXY,4,92.02298556767835,1,0,0.0,0,0,0,-9999.0,0.0,1,P2_CV0,2,0,2,0,2
3,2532969.44,705413.5711,R3_F3_m-1f-1_P3_Y-1_U24,-9999,-9999,MXY,4,92.02298556767835,1,0,0.0,0,0,0,-9999.0,0.5,1,P2_CV0,2,1,1,0,2
3,2532969.44,705413.5711,R3_F3_m-1f-1_P3_Y-1_U30,-9999,-9999,MXY,4,92.02298556767835,1,0,0.0,0,0,0,-9999.0,1.0,1,P2_CV0,2,2,0,2,0
3,2532969.44,705413.5711,R3_F3_m-1f-1_P3_Y-1_U61,-9999,-9999,MXY,4,92.02298556767835,1,0,0.0,0,0,0,-9999.0,1.0,1,P2_CV0,2,2,0,1,1
3,2532969.44,705413.5711,R3_F3_m-1f-1_P3_Y-1_U64,-9999,-9999,MXY,4,92.02298556767835,1,0,0.0,0,0,0,-9999.0,1.0,1,P2_CV0,2,2,0,1,1
3,2532969.44,705413.5711,R3_F3_m-1f-1_P3_Y-1_U66,-9999,-9999,MXY,4,92.02298556767835,1,0,0.0,0,0,0,-9999.0,0.5,1,P2_CV0,2,1,1,0,2
3,2532969.44,705413.5711,R3_F3_m-1f-1_P3_Y-1_U77,-9999,-9999,MXY,4,92.02298556767835,1,0,0.0,0,0,0,-9999.0,0.5,1,P2_CV0,2,1,1,1,1
3,2532969.44,705413.5711,R3_F3_m-1f-1_P3_Y-1_U81,-9999,-9999,MXY,4,92.02298556767835,1,0,0.0,0,0,0,-9999.0,1.0,1,P2_CV0,2,2,0,1,1
3,2532969.44,705413.5711,R3_F3_m-1f-1_P3_Y-1_U83,-9999,-9999,FXX,4,92.02298556767835,1,0,0.0,0,0,0,-9999.0,0.5,1,P2_CV0,2,1,1,1,1
3,2532969.44,705413.5711,R3_F3_m-1f-1_P3_Y-1_U88,-9999,-9999,FXX,4,92.02298556767835,1,0,1.333,0,0,0,-9999.0,1.0,1,P2_CV0,2,2,0,1,1
3,2532969.44,705413.5711,R3_F3_m-1f-1_P3_Y-1_U99,-9999,-9999,MXY,4,92.02298556767835,1,0,0.0,0,0,0,-9999.0,0.0,1,P2_CV0,2,0,2,1,1
3,2532969.44,705413.5711,R3_F3_m-1f-1_P3_Y-1_U117,-9999,-9999,FXX,4,92.02298556767835,1,0,2.328,0,0,0,-9999.0,1.0,1,P2_CV0,2,2,0,1,1
3,2532969.44,705413.5711,R3_F3_m-1f-1_P3_Y-1_U119,-9999,-9999,FXX,4,92.02298556767835,1,0,1.443,0,0,0,-9999.0,0.5,1,P2_CV0,2,1,1,1,1
3,2532969.44,705413.5711,R3_F3_m-1f-1_P3_Y-1_U38,-9999,-9999,MXY,5,101.77886412790265,1,0,0.0,0,0,0,-9999.0,1.0,1,P2_CV0,2,2,0,1,1
3,2532969.44,705413.5711,R3_F3_m-1f-1_P3_Y-1_U31,-9999,-9999,MXY,5,109.08186412790265,1,0,0.0,0,0,0,-9999.0,0.5,1,P2_CV0,2,1,1,2,0
3,2532969.44,705413.5711,R3_F3_m-1f-1_P3_Y-1_U49,-9999,-9999,MXY,5,112.07686412790265,1,0,0.0,0,0,0,-9999.0,1.0,1,P2_CV0,2,2,0,1,1
3,2532969.44,705413.5711,R3_F3_m-1f-1_P3_Y-1_U56,-9999,-9999,FXX,5,117.82786412790266,1,0,1.481,0,0,0,-9999.0,0.0,1,P2_CV0,2,0,2,1,1
3,2532969.44,705413.5711,R3_F3_m-1f-1_P3_Y-1_U86,-9999,-9999,MXY,5,127.51386412790265,1,0,0.0,0,0,0,-9999.0,0.0,1,P2_CV0,2,0,2,0,2
3,2532969.44,705413.5711,I3_F7_m-1f-1_P3_Y-1_U97,-9999,-9999,MXY,5,119.48021920828853,1,0,0.0,0,0,0,-9999.0,0.5,1,P2_CV0,2,1,1,0,2
3,2532969.44,705413.5711,R3_F3_m-1f-1_P3_Y-1_U110,-9999,-9999,MXY,5,137.90586412790267,1,0,0.0,0,0,0,-9999.0,0.0,1,P2_CV0,2,0,2,1,1
3,2532969.44,705413.5711,RD3_F4_m-1f-1_P4_Y-1_U36,-9999,-9999,MXY,5,128.36159874696546,1,0,0.0,0,0,0,-9999.0,0.5,1,P3_CV0,2,1,1,2,0
3,2532969.44,705413.5711,RD3_F5_m-1f-1_P5_Y-1_U34,-9999,-9999,FXX,2,58.62991534439571,1,0,0.0,0,0,0,-9999.0,1.0,1,P4_CV0,2,2,0,1,1
4,2539041.489,728416.6747,R4_F4_m4f4_P4_Y0_UO22,R4_F4_m-1f-1_P4_Y-1_U46,R4_F4_m-1f-1_P4_Y-1_U54,MXY,1,53.09657821670753,0,0,0.0,0,0,0,-9999.0,0.5,1,P3_CV0,2,0,2,1,1
4,2539041.489,728416.6747,R4_F4_m4f4_P4_Y0_UO23,R4_F4_m-1f-1_P4_Y-1_U46,R4_F4_m-1f-1_P4_Y-1_U54,MXY,1,53.09657821670753,0,0,0.0,0,0,0,-9999.0,0.5,1,P3_CV0,2,0,2,1,1
4,2539041.489,728416.6747,R4_F4_m4f4_P4_Y0_UO24,R4_F4_m-1f-1_P4_Y-1_U46,R4_F4_m-1f-1_P4_Y-1_U54,FXX,1,53.09657821670753,0,0,0.0,0,0,0,-9999.0,0.5,1,P3_CV0,2,2,0,1,1
4,2539041.489,728416.6747,R4_F4_m4f4_P4_Y0_UO25,R4_F4_m-1f-1_P4_Y-1_U46,R4_F4_m-1f-1_P4_Y-1_U54,MXY,1,53.09657821670753,0,0,0.0,0,0,0,-9999.0,0.5,1,P3_CV0,2,0,2,0,2
4,2539041.489,728416.6747,R4_F4_m4f4_P4_Y0_UO26,R4_F4_m-1f-1_P4_Y-1_U91,R4_F4_m-1f-1_P4_Y-1_U54,FXX,1,53.09657821670753,0,0,0.0,0,0,0,-9999.0,0.5,1,P3_CV0,2,2,0,1,1
4,2539041.489,728416.6747,R4_F4_m4f4_P4_Y0_UO27,R4_F4_m-1f-1_P4_Y-1_U91,R4_F4_m-1f-1_P4_Y-1_U54,MXY,1,53.09657821670753,0,0,0.0,0,0,0,-9999.0,0.5,1,P3_CV0,2,1,1,1,1
4,2539041.489,728416.6747,R4_F4_m4f4_P4_Y0_UO28,R4_F4_m-1f-1_P4_Y-1_U91,R4_F4_m-1f-1_P4_Y-1_U54,FXX,1,53.09657821670753,0,0,0.0,0,0,0,-9999.0,0.5,1,P3_CV0,2,1,1,1,1
4,2539041.489,728416.6747,R4_F4_m4f4_P4_Y0_UO29,R4_F4_m-1f-1_P4_Y-1_U91,R4_F4_m-1f-1_P4_Y-1_U54,MXY,1,53.09657821670753,0,0,0.0,0,0,0,-9999.0,0.5,1,P3_CV0,2,0,2,1,1
4,2539041.489,728416.6747,R4_F4_m4f4_P4_Y0_UO30,R4_F4_m-1f-1_P4_Y-1_U91,R4_F4_m-1f-1_P4_Y-1_U54,MXY,1,53.09657821670753,0,0,0.0,0,0,0,-9999.0,0.5,1,P3_CV0,2,1,1,0,2
4,2539041.489,728416.6747,R4_F4_m4f4_P4_Y0_UO31,R4_F4_m-1f-1_P4_Y-1_U91,R4_F4_m-1f-1_P4_Y-1_U54,MXY,1,53.09657821670753,0,0,0.0,0,0,0,-9999.0,0.5,1,P3_CV0,2,0,2,2,0
4,2539041.489,728416.6747,R4_F4_m4f4_P4_Y0_UO32,R4_F4_m-1f-1_P4_Y-1_U91,R4_F4_m-1f-1_P4_Y-1_U54,MXY,1,53.09657821670753,0,0,0.0,0,0,0,-9999.0,0.5,1,P3_CV0,2,2,0,1,1
4,2539041.489,728416.6747,R4_F4_m4f4_P4_Y0_UO42,R4_F4_m-1f-1_P4_Y-1_U98,R4_F4_m-1f-1_P4_Y-1_U89,FXX,1,53.09657821670753,0,0,0.0,0,0,0,-9999.0,0.75,1,P3_CV0,2,1,1,0,2
4,2539041.489,728416.6747,R4_F4_m4f4_P4_Y0_UO43,R4_F4_m-1f-1_P4_Y-1_U98,R4_F4_m-1f-1_P4_Y-1_U89,MXY,1,53.09657821670753,0,0,0.0,0,0,0,-9999.0,0.75,1,P3_CV0,2,1,1,0,2
4,2539041.489,728416.6747,R4_F4_m4f4_P4_Y0_UO44,R4_F4_m-1f-1_P4_Y-1_U98,R4_F4_m-1f-1_P4_Y-1_U89,FXX,1,53.09657821670753,0,0,0.0,0,0,0,-9999.0,0.75,1,P3_CV0,2,1,1,2,0
4,2539041.489,728416.6747,R4_F4_m4f4_P4_Y0_UO45,R4_F4_m-1f-1_P4_Y-1_U98,R4_F4_m-1f-1_P4_Y-1_U89,MXY,1,53.09657821670753,0,0,0.0,0,0,0,-9999.0,0.75,1,P3_CV0,2,1,1,1,1
4,2539041.489,728416.6747,R4_F4_m4f4_P4_Y0_UO46,R4_F4_m-1f-1_P4_Y-1_U98,R4_F4_m-1f-1_P4_Y-1_U89,MXY,1,53.09657821670753,0,0,0.0,0,0,0,-9999.0,0.75,1,P3_CV0,2,0,2,0,2
4,2539041.489,728416.6747,R4_F4_m4f4_P4_Y0_UO47,R4_F4_m-1f-1_P4_Y-1_U98,R4_F4_m-1f-1_P4_Y-1_U89,MXY,1,53.09657821670753,0,0,0.0,0,0,0,-9999.0,0.75,1,P3_CV0,2,1,1,2,0
4,2539041.489,728416.6747,R4_F4_m4f4_P4_Y0_UO53,R4_F4_m-1f-1_P4_Y-1_U15,R4_F4_m-1f-1_P4_Y-1_U4,FXX,1,53.09657821670753,0,0,0.0,0,0,0,-9999.0,0.25,1,P3_CV0,2,1,1,0,2
4,2539041.489,728416.6747,R4_F4_m4f4_P4_Y0_UO54,R4_F4_m-1f-1_P4_Y-1_U15,R4_F4_m-1f-1_P4_Y-1_U4,FXX,1,53.09657821670753,0,0,0.0,0,0,0,-9999.0,0.25,1,P3_CV0,2,1,1,1,1
4,2539041.489,728416.6747,R4_F4_m4f4_P4_Y0_UO70,R4_F4_m-1f-1_P4_Y-1_U9,R4_F4_m-1f-1_P4_Y-1_U56,FXX,1,53.09657821670753,0,0,0.0,0,0,0,-9999.0,0.25,1,P3_CV0,2,2,0,0,2
4,2539041.489,728416.6747,R4_F4_m4f4_P4_Y0_UO71,R4_F4_m-1f-1_P4_Y-1_U9,R4_F4_m-1f-1_P4_Y-1_U56,FXX,1,53.09657821670753,0,0,0.0,0,0,0,-9999.0,0.25,1,P3_CV0,2,1,1,1,1
4,2539041.489,728416.6747,R4_F4_m4f4_P4_Y0_UO94,R4_F4_m-1f-1_P4_Y-1_U11,R4_F4_m-1f-1_P4_Y-1_U56,FXX,1,53.09657821670753,0,0,0.0,0,0,0,-9999.0,0.0,1,P3_CV0,2,1,1,0,2
4,2539041.489,728416.6747,R4_F4_m4f4_P4_Y0_UO95,R4_F4_m-1f-1_P4_Y-1_U11,R4_F4_m-1f-1_P4_Y-1_U56,MXY,1,53.09657821670753,0,0,0.0,0,0,0,-9999.0,0.0,1,P3_CV0,2,0,2,1,1
4,2539041.489,728416.6747,R4_F4_m4f4_P4_Y0_UO96,R4_F4_m-1f-1_P4_Y-1_U11,R4_F4_m-1f-1_P4_Y-1_U56,FXX,1,53.09657821670753,0,0,0.0,0,0,0,-9999.0,0.0,1,P3_CV0,2,0,2,1,1
4,2539041.489,728416.6747,R4_F4_m4f4_P4_Y0_UO97,R4_F4_m-1f-1_P4_Y-1_U11,R4_F4_m-1f-1_P4_Y-1_U56,FXX,1,53.09657821670753,0,0,0.0,0,0,0,-9999.0,0.0,1,P3_CV0,2,2,0,1,1
4,2539041.489,728416.6747,R4_F4_m4f4_P4_Y0_UO98,R4_F4_m-1f-1_P4_Y-1_U11,R4_F4_m-1f-1_P4_Y-1_U56,MXY,1,53.09657821670753,0,0,0.0,0,0,0,-9999.0,0.0,1,P3_CV0,2,1,1,2,0
4,2539041.489,728416.6747,R4_F4_m4f4_P4_Y0_UO107,R4_F4_m-1f-1_P4_Y-1_U101,R4_F4_m-1f-1_P4_Y-1_U55,MXY,1,53.09657821670753,0,0,0.0,0,0,0,-9999.0,0.25,1,P3_CV0,2,0,2,0,2
4,2539041.489,728416.6747,R4_F4_m4f4_P4_Y0_UO108,R4_F4_m-1f-1_P4_Y-1_U101,R4_F4_m-1f-1_P4_Y-1_U55,MXY,1,53.09657821670753,0,0,0.0,0,0,0,-9999.0,0.25,1,P3_CV0,2,1,1,0,2
4,2539041.489,728416.6747,R4_F4_m4f4_P4_Y0_UO109,R4_F4_m-1f-1_P4_Y-1_U101,R4_F4_m-1f-1_P4_Y-1_U55,MXY,1,53.09657821670753,0,0,0.0,0,0,0,-9999.0,0.25,1,P3_CV0,2,2,0,2,0
4,2539041.489,728416.6747,R4_F4_m4f4_P4_Y0_UO132,R4_F4_m-1f-1_P4_Y-1_U31,R4_F4_m-1f-1_P4_Y-1_U54,MXY,1,53.09657821670753,0,0,0.0,0,0,0,-9999.0,0.5,1,P3_CV0,2,1,1,1,1
4,2539041.489,728416.6747,R4_F4_m4f4_P4_Y0_UO133,R4_F4_m-1f-1_P4_Y-1_U31,R4_F4_m-1f-1_P4_Y-1_U54,MXY,1,53.09657821670753,0,0,0.0,0,0,0,-9999.0,0.5,1,P3_CV0,2,1,1,0,2
4,2539041.489,728416.6747,R4_F4_m4f4_P4_Y0_UO139,R4_F4_m-1f-1_P4_Y-1_U86,R4_F4_m-1f-1_P4_Y-1_U66,FXX,1,53.09657821670753,0,0,0.0,0,0,0,-9999.0,0.5,1,P3_CV0,2,0,2,1,1
4,2539041.489,728416.6747,R4_F4_m4f4_P4_Y0_UO140,R4_F4_m-1f-1_P4_Y-1_U86,R4_F4_m-1f-1_P4_Y-1_U66,MXY,1,53.09657821670753,0,0,0.0,0,0,0,-9999.0,0.5,1,P3_CV0,2,1,1,2,0
4,2539041.489,728416.6747,R4_F4_m4f4_P4_Y0_UO141,R4_F4_m-1f-1_P4_Y-1_U86,R4_F4_m-1f-1_P4_Y-1_U66,FXX,1,53.09657821670753,0,0,0.0,0,0,0,-9999.0,0.5,1,P3_CV0,2,1,1,2,0
4,2539041.489,728416.6747,R4_F4_m4f4_P4_Y0_UO142,R4_F4_m-1f-1_P4_Y-1_U86,R4_F4_m-1f-1_P4_Y-1_U66,FXX,1,53.09657821670753,0,0,0.0,0,0,0,-9999.0,0.5,1,P3_CV0,2,2,0,1,1
4,2539041.489,728416.6747,R4_F4_m4f4_P4_Y0_UO151,R4_F4_m-1f-1_P4_Y-1_U61,R4_F4_m-1f-1_P4_Y-1_U54,FXX,1,53.09657821670753,0,0,0.0,0,0,0,-9999.0,0.5,1,P3_CV0,2,0,2,1,1
4,2539041.489,728416.6747,R4_F4_m4f4_P4_Y0_UO152,R4_F4_m-1f-1_P4_Y-1_U61,R4_F4_m-1f-1_P4_Y-1_U54,FXX,1,53.09657821670753,0,0,0.0,0,0,0,-9999.0,0.5,1,P3_CV0,2,1,1,2,0
4,2539041.489,728416.6747,R4_F4_m4f4_P4_Y0_UO153,R4_F4_m-1f-1_P4_Y-1_U61,R4_F4_m-1f-1_P4_Y-1_U54,FXX,1,53.09657821670753,0,0,0.0,0,0,0,-9999.0,0.5,1,P3_CV0,2,0,2,2,0
4,2539041.489,728416.6747,R4_F4_m4f4_P4_Y0_UO156,R4_F4_m-1f-1_P4_Y-1_U91,R4_F4_m-1f-1_P4_Y-1_U79,FXX,1,53.09657821670753,0,0,0.0,0,0,0,-9999.0,0.5,1,P3_CV0,2,2,0,1,1
4,2539041.489,728416.6747,R4_F4_m4f4_P4_Y0_UO157,R4_F4_m-1f-1_P4_Y-1_U91,R4_F4_m-1f-1_P4_Y-1_U79,MXY,1,53.09657821670753,0,0,0.0,0,0,0,-9999.0,0.5,1,P3_CV0,2,2,0,1,1
4,2539041.489,728416.6747,R4_F4_m4f4_P4_Y0_UO158,R4_F4_m-1f-1_P4_Y-1_U91,R4_F4_m-1f-1_P4_Y-1_U79,MXY,1,53.09657821670753,0,0,0.0,0,0,0,-9999.0,0.5,1,P3_CV0,2,2,0,2,0
4,2539041.489,728416.6747,R4_F4_m4f4_P4_Y0_UO159,R4_F4_m-1f-1_P4_Y-1_U91,R4_F4_m-1f-1_P4_Y-1_U79,FXX,1,53.09657821670753,0,0,0.0,0,0,0,-9999.0,0.5,1,P3_CV0,2,0,2,0,2
4,2539041.489,728416.6747,R4_F4_m4f4_P4_Y0_UO160,R4_F4_m-1f-1_P4_Y-1_U91,R4_F4_m-1f-1_P4_Y-1_U79,FXX,1,53.09657821670753,0,0,0.0,0,0,0,-9999.0,0.5,1,P3_CV0,2,1,1,1,1
4,2539041.489,728416.6747,R4_F4_m4f4_P4_Y0_UO161,R4_F4_m-1f-1_P4_Y-1_U91,R4_F4_m-1f-1_P4_Y-1_U79,MXY,1,53.09657821670753,0,0,0.0,0,0,0,-9999.0,0.5,1,P3_CV0,2,2,0,0,2
4,2539041.489,728416.6747,R4_F4_m4f4_P4_Y0_UO162,R4_F4_m-1f-1_P4_Y-1_U91,R4_F4_m-1f-1_P4_Y-1_U79,FXX,1,53.09657821670753,0,0,0.0,0,0,0,-9999.0,0.5,1,P3_CV0,2,1,1,2,0
4,2539041.489,728416.6747,R4_F4_m4f4_P4_Y0_UO163,R4_F4_m-1f-1_P4_Y-1_U91,R4_F4_m-1f-1_P4_Y-1_U79,MXY,1,53.09657821670753,0,0,0.0,0,0,0,-9999.0,0.5,1,P3_CV0,2,1,1,1,1
4,2539041.489,728416.6747,R4_F4_m4f4_P4_Y0_UO164,R4_F4_m-1f-1_P4_Y-1_U98,R4_F4_m-1f-1_P4_Y-1_U63,FXX,1,53.09657821670753,0,0,0.0,0,0,0,-9999.0,1.0,1,P3_CV0,2,1,1,0,2
4,2539041.489,728416.6747,R4_F4_m4f4_P4_Y0_UO165,R4_F4_m-1f-1_P4_Y-1_U98,R4_F4_m-1f-1_P4_Y-1_U63,FXX,1,53.09657821670753,0,0,0.0,0,0,0,-9999.0,1.0,1,P3_CV0,2,1,1,1,1
4,2539041.489,728416.6747,R4_F4_m4f4_P4_Y0_UO166,R4_F4_m-1f-1_P4_Y-1_U98,R4_F4_m-1f-1_P4_Y-1_U63,MXY,1,53.09657821670753,0,0,0.0,0,0,0,-9999.0,1.0,1,P3_CV0,2,1,1,1,1
4,2539041.489,728416.6747,R4_F4_m4f4_P4_Y0_UO167,R4_F4_m-1f-1_P4_Y-1_U98,R4_F4_m-1f-1_P4_Y-1_U63,MXY,1,53.09657821670753,0,0,0.0,0,0,0,-9999.0,1.0,1,P3_CV0,2,1,1,0,2
4,2539041.489,728416.6747,R4_F4_m4f4_P4_Y0_UO168,R4_F4_m-1f-1_P4_Y-1_U98,R4_F4_m-1f-1_P4_Y-1_U63,MXY,1,53.09657821670753,0,0,0.0,0,0,0,-9999.0,1.0,1,P3_CV0,2,1,1,1,1
4,2539041.489,728416.6747,R4_F4_m4f4_P4_Y0_UO169,R4_F4_m-1f-1_P4_Y-1_U98,R4_F4_m-1f-1_P4_Y-1_U63,FXX,1,53.09657821670753,0,0,0.0,0,0,0,-9999.0,1.0,1,P3_CV0,2,1,1,1,1
4,2539041.489,728416.6747,R4_F4_m4f4_P4_Y0_UO170,R4_F4_m-1f-1_P4_Y-1_U98,R4_F4_m-1f-1_P4_Y-1_U63,FXX,1,53.09657821670753,0,0,0.0,0,0,0,-9999.0,1.0,1,P3_CV0,2,1,1,1,1
4,2539041.489,728416.6747,R4_F4_m4f4_P4_Y0_UO171,R4_F4_m-1f-1_P4_Y-1_U98,R4_F4_m-1f-1_P4_Y-1_U97,FXX,1,53.09657821670753,0,0,0.0,0,0,0,-9999.0,1.0,1,P3_CV0,2,0,2,1,1
4,2539041.489,728416.6747,R4_F4_m4f4_P4_Y0_UO172,R4_F4_m-1f-1_P4_Y-1_U98,R4_F4_m-1f-1_P4_Y-1_U97,FXX,1,53.09657821670753,0,0,0.0,0,0,0,-9999.0,1.0,1,P3_CV0,2,0,2,0,2
4,2539041.489,728416.6747,R4_F4_m4f4_P4_Y0_UO173,R4_F4_m-1f-1_P4_Y-1_U98,R4_F4_m-1f-1_P4_Y-1_U97,MXY,1,53.09657821670753,0,0,0.0,0,0,0,-9999.0,1.0,1,P3_CV0,2,1,1,1,1
4,2539041.489,728416.6747,R4_F4_m4f4_P4_Y0_UO174,R4_F4_m-1f-1_P4_Y-1_U98,R4_F4_m-1f-1_P4_Y-1_U97,MXY,1,53.09657821670753,0,0,0.0,0,0,0,-9999.0,1.0,1,P3_CV0,2,1,1,2,0
4,2539041.489,728416.6747,R4_F4_m4f4_P4_Y0_UO175,R4_F4_m-1f-1_P4_Y-1_U98,R4_F4_m-1f-1_P4_Y-1_U97,FXX,1,53.09657821670753,0,0,0.0,0,0,0,-9999.0,1.0,1,P3_CV0,2,2,0,1,1
4,2539041.489,728416.6747,R4_F4_m4f4_P4_Y0_UO221,R4_F4_m-1f-1_P4_Y-1_U109,R4_F4_m-1f-1_P4_Y-1_U105,MXY,1,53.09657821670753,0,0,0.0,0,0,0,-9999.0,0.25,1,P3_CV0,2,1,1,2,0
4,2539041.489,728416.6747,R4_F4_m4f4_P4_Y0_UO222,R4_F4_m-1f-1_P4_Y-1_U109,R4_F4_m-1f-1_P4_Y-1_U105,FXX,1,53.09657821670753,0,0,0.0,0,0,0,-9999.0,0.25,1,P3_CV0,2,2,0,0,2
4,2539041.489,728416.6747,R4_F4_m4f4_P4_Y0_UO223,R4_F4_m-1f-1_P4_Y-1_U109,R4_F4_m-1f-1_P4_Y-1_U105,FXX,1,53.09657821670753,0,0,0.0,0,0,0,-9999.0,0.25,1,P3_CV0,2,0,2,1,1
4,2539041.489,728416.6747,R4_F4_m4f4_P4_Y0_UO224,R4_F4_m-1f-1_P4_Y-1_U109,R4_F4_m-1f-1_P4_Y-1_U105,MXY,1,53.09657821670753,0,0,0.0,0,0,0,-9999.0,0.25,1,P3_CV0,2,1,1,0,2
4,2539041.489,728416.6747,R4_F4_m4f4_P4_Y0_UO225,R4_F4_m-1f-1_P4_Y-1_U109,R4_F4_m-1f-1_P4_Y-1_U105,MXY,1,53.09657821670753,0,0,0.0,0,0,0,-9999.0,0.25,1,P3_CV0,2,2,0,2,0
4,2539041.489,728416.6747,R4_F4_m4f4_P4_Y0_UO278,R4_F4_m-1f-1_P4_Y-1_U9,R4_F4_m-1f-1_P4_Y-1_U99,MXY,1,53.09657821670753,0,0,0.0,0,0,0,-9999.0,0.25,1,P3_CV0,2,0,2,1,1
4,2539041.489,728416.6747,R4_F4_m4f4_P4_Y0_UO279,R4_F4_m-1f-1_P4_Y-1_U9,R4_F4_m-1f-1_P4_Y-1_U99,MXY,1,53.09657821670753,0,0,0.0,0,0,0,-9999.0,0.25,1,P3_CV0,2,1,1,1,1
4,2539041.489,728416.6747,R4_F4_m4f4_P4_Y0_UO280,R4_F4_m-1f-1_P4_Y-1_U9,R4_F4_m-1f-1_P4_Y-1_U99,FXX,1,53.09657821670753,0,0,0.0,0,0,0,-9999.0,0.25,1,P3_CV0,2,1,1,1,1
4,2539041.489,728416.6747,R4_F4_m4f4_P4_Y0_UO356,R4_F4_m-1f-1_P4_Y-1_U116,R4_F4_m-1f-1_P4_Y-1_U89,MXY,1,53.09657821670753,0,0,0.0,0,0,0,-9999.0,0.25,1,P3_CV0,2,1,1,1,1
4,2539041.489,728416.6747,R4_F4_m4f4_P4_Y0_UO357,R4_F4_m-1f-1_P4_Y-1_U116,R4_F4_m-1f-1_P4_Y-1_U89,MXY,1,53.09657821670753,0,0,0.0,0,0,0,-9999.0,0.25,1,P3_CV0,2,1,1,1,1
4,2539041.489,728416.6747,R4_F4_m4f4_P4_Y0_UO364,R4_F4_m-1f-1_P4_Y-1_U84,R4_F4_m-1f-1_P4_Y-1_U36,FXX,1,53.09657821670753,0,0,0.0,0,0,0,-9999.0,0.75,1,P3_CV0,2,1,1,1,1
4,2539041.489,728416.6747,R4_F4_m4f4_P4_Y0_UO365,R4_F4_m-1f-1_P4_Y-1_U84,R4_F4_m-1f-1_P4_Y-1_U36,FXX,1,53.09657821670753,0,0,0.0,0,0,0,-9999.0,0.75,1,P3_CV0,2,0,2,1,1
4,2539041.489,728416.6747,R4_F4_m4f4_P4_Y0_UO366,R4_F4_m-1f-1_P4_Y-1_U84,R4_F4_m-1f-1_P4_Y-1_U36,MXY,1,53.09657821670753,0,0,0.0,0,0,0,-9999.0,0.75,1,P3_CV0,2,0,2,2,0
4,2539041.489,728416.6747,R4_F4_m4f4_P4_Y0_UO370,R4_F4_m-1f-1_P4_Y-1_U11,R4_F4_m-1f-1_P4_Y-1_U4,MXY,1,53.09657821670753,0,0,0.0,0,0,0,-9999.0,0.25,1,P3_CV0,2,0,2,0,2
4,2539041.489,728416.6747,R4_F4_m4f4_P4_Y0_UO371,R4_F4_m-1f-1_P4_Y-1_U11,R4_F4_m-1f-1_P4_Y-1_U4,MXY,1,53.09657821670753,0,0,0.0,0,0,0,-9999.0,0.25,1,P3_CV0,2,2,0,1,1
4,2539041.489,728416.6747,R4_F4_m4f4_P4_Y0_UO372,R4_F4_m-1f-1_P4_Y-1_U11,R4_F4_m-1f-1_P4_Y-1_U4,FXX,1,53.09657821670753,0,0,0.0,0,0,0,-9999.0,0.25,1,P3_CV0,2,1,1,0,2
4,2539041.489,728416.6747,R4_F4_m4f4_P4_Y0_UO376,R4_F4_m-1f-1_P4_Y-1_U116,R4_F4_m-1f-1_P4_Y-1_U26,FXX,1,53.09657821670753,0,0,0.0,0,0,0,-9999.0,0.0,1,P3_CV0,2,1,1,0,2
4,2539041.489,728416.6747,R4_F4_m4f4_P4_Y0_UO377,R4_F4_m-1f-1_P4_Y-1_U116,R4_F4_m-1f-1_P4_Y-1_U26,FXX,1,53.09657821670753,0,0,0.0,0,0,0,-9999.0,0.0,1,P3_CV0,2,0,2,1,1
4,2539041.489,728416.6747,R4_F4_m4f4_P4_Y0_UO378,R4_F4_m-1f-1_P4_Y-1_U116,R4_F4_m-1f-1_P4_Y-1_U26,MXY,1,53.09657821670753,0,0,0.0,0,0,0,-9999.0,0.0,1,P3_CV0,2,1,1,2,0
4,2539041.489,728416.6747,R4_F4_m4f4_P4_Y0_UO379,R4_F4_m-1f-1_P4_Y-1_U116,R4_F4_m-1f-1_P4_Y-1_U26,MXY,1,53.09657821670753,0,0,0.0,0,0,0,-9999.0,0.0,1,P3_CV0,2,0,2,1,1
4,2539041.489,728416.6747,R4_F4_m4f4_P4_Y0_UO380,R4_F4_m-1f-1_P4_Y-1_U116,R4_F4_m-1f-1_P4_Y-1_U26,FXX,1,53.09657821670753,0,0,0.0,0,0,0,-9999.0,0.0,1,P3_CV0,2,1,1,0,2
4,2539041.489,728416.6747,R4_F4_m4f4_P4_Y0_UO381,R4_F4_m-1f-1_P4_Y-1_U116,R4_F4_m-1f-1_P4_Y-1_U26,FXX,1,53.09657821670753,0,0,0.0,0,0,0,-9999.0,0.0,1,P3_CV0,2,2,0,2,0
4,2539041.489,728416.6747,R4_F4_m4f4_P4_Y0_UO413,R4_F4_m-1f-1_P4_Y-1_U15,R4_F4_m-1f-1_P4_Y-1_U97,MXY,1,53.09657821670753,0,0,0.0,0,0,0,-9999.0,0.5,1,P3_CV0,2,2,0,2,0
4,2539041.489,728416.6747,R4_F4_m4f4_P4_Y0_UO449,R4_F4_m-1f-1_P4_Y-1_U15,R4_F4_m-1f-1_P4_Y-1_U115,FXX,1,53.09657821670753,0,0,0.0,0,0,0,-9999.0,0.25,1,P3_CV0,2,1,1,1,1
4,2539041.489,728416.6747,R4_F4_m4f4_P4_Y0_UO450,R4_F4_m-1f-1_P4_Y-1_U15,R4_F4_m-1f-1_P4_Y-1_U115,FXX,1,53.09657821670753,0,0,0.0,0,0,0,-9999.0,0.25,1,P3_CV0,2,1,1,1,1
4,2539041.489,728416.6747,R4_F4_m4f4_P4_Y0_UO451,R4_F4_m-1f-1_P4_Y-1_U15,R4_F4_m-1f-1_P4_Y-1_U115,FXX,1,53.09657821670753,0,0,0.0,0,0,0,-9999.0,0.25,1,P3_CV0,2,1,1,1,1
4,2539041.489,728416.6747,R4_F4_m4f4_P4_Y0_UO452,R4_F4_m-1f-1_P4_Y-1_U15,R4_F4_m-1f-1_P4_Y-1_U115,FXX,1,53.09657821670753,0,0,0.0,0,0,0,-9999.0,0.25,1,P3_CV0,2,0,2,0,2
4,2539041.489,728416.6747,R4_F4_m4f4_P4_Y0_UO478,R4_F4_m-1f-1_P4_Y-1_U46,R4_F4_m-1f-1_P4_Y-1_U110,FXX,1,53.09657821670753,0,0,0.0,0,0,0,-9999.0,0.5,1,P3_CV0,2,2,0,1,1
4,2539041.489,728416.6747,R4_F4_m4f4_P4_Y0_UO479,R4_F4_m-1f-1_P4_Y-1_U46,R4_F4_m-1f-1_P4_Y-1_U110,MXY,1,53.09657821670753,0,0,0.0,0,0,0,-9999.0,0.5,1,P3_CV0,2,0,2,1,1
4,2539041.489,728416.6747,R4_F4_m4f4_P4_Y0_UO480,R4_F4_m-1f-1_P4_Y-1_U46,R4_F4_m-1f-1_P4_Y-1_U110,FXX,1,53.09657821670753,0,0,0.0,0,0,0,-9999.0,0.5,1,P3_CV0,2,1,1,1,1
4,2539041.489,728416.6747,R4_F4_m4f4_P4_Y0_UO493,R4_F4_m-1f-1_P4_Y-1_U86,R4_F4_m-1f-1_P4_Y-1_U66,FXX,1,53.09657821670753,0,0,0.0,0,0,0,-9999.0,0.5,1,P3_CV0,2,2,0,1,1
4,2539041.489,728416.6747,R4_F4_m4f4_P4_Y0_UO494,R4_F4_m-1f-1_P4_Y-1_U86,R4_F4_m-1f-1_P4_Y-1_U66,FXX,1,53.09657821670753,0,0,0.0,0,0,0,-9999.0,0.5,1,P3_CV0,2,1,1,2,0
4,2539041.489,728416.6747,R4_F4_m4f4_P4_Y0_UO548,R4_F4_m-1f-1_P4_Y-1_U86,R4_F4_m-1f-1_P4_Y-1_U56,FXX,1,53.09657821670753,0,0,0.0,0,0,0,-9999.0,0.5,1,P3_CV0,2,1,1,1,1
4,2539041.489,728416.6747,R4_F4_m4f4_P4_Y0_UO549,R4_F4_m-1f-1_P4_Y-1_U86,R4_F4_m-1f-1_P4_Y-1_U56,FXX,1,53.09657821670753,0,0,0.0,0,0,0,-9999.0,0.5,1,P3_CV0,2,2,0,2,0
4,2539041.489,728416.6747,R4_F4_m4f4_P4_Y0_UO550,R4_F4_m-1f-1_P4_Y-1_U86,R4_F4_m-1f-1_P4_Y-1_U56,MXY,1,53.09657821670753,0,0,0.0,0,0,0,-9999.0,0.5,1,P3_CV0,2,2,0,1,1
4,2539041.489,728416.6747,R4_F4_m4f4_P4_Y0_UO560,R4_F4_m-1f-1_P4_Y-1_U84,R4_F4_m-1f-1_P4_Y-1_U72,FXX,1,53.09657821670753,0,0,0.0,0,0,0,-9999.0,0.75,1,P3_CV0,2,0,2,0,2
4,2539041.489,728416.6747,R4_F4_m4f4_P4_Y0_UO561,R4_F4_m-1f-1_P4_Y-1_U84,R4_F4_m-1f-1_P4_Y-1_U72,MXY,1,53.09657821670753,0,0,0.0,0,0,0,-9999.0,0.75,1,P3_CV0,2,1,1,1,1
4,2539041.489,728416.6747,R4_F4_m4f4_P4_Y0_UO562,R4_F4_m-1f-1_P4_Y-1_U84,R4_F4_m-1f-1_P4_Y-1_U72,MXY,1,53.09657821670753,0,0,0.0,0,0,0,-9999.0,0.75,1,P3_CV0,2,0,2,1,1
4,2539041.489,728416.6747,R4_F4_m4f4_P4_Y0_UO563,R4_F4_m-1f-1_P4_Y-1_U84,R4_F4_m-1f-1_P4_Y-1_U72,MXY,1,53.09657821670753,0,0,0.0,0,0,0,-9999.0,0.75,1,P3_CV0,2,2,0,0,2
4,2539041.489,728416.6747,R4_F4_m4f4_P4_Y0_UO574,R4_F4_m-1f-1_P4_Y-1_U116,R4_F4_m-1f-1_P4_Y-1_U41,FXX,1,53.09657821670753,0,0,0.0,0,0,0,-9999.0,0.0,1,P3_CV0,2,0,2,1,1
4,2539041.489,728416.6747,R4_F4_m4f4_P4_Y0_UO575,R4_F4_m-1f-1_P4_Y-1_U116,R4_F4_m-1f-1_P4_Y-1_U41,MXY,1,53.09657821670753,0,0,0.0,0,0,0,-9999.0,0.0,1,P3_CV0,2,1,1,1,1
4,2539041.489,728416.6747,R4_F4_m4f4_P4_Y0_UO576,R4_F4_m-1f-1_P4_Y-1_U116,R4_F4_m-1f-1_P4_Y-1_U41,FXX,1,53.09657821670753,0,0,0.0,0,0,0,-9999.0,0.0,1,P3_CV0,2,1,1,0,2
4,2539041.489,728416.6747,R4_F4_m4f4_P4_Y0_UO580,R4_F4_m-1f-1_P4_Y-1_U9,R4_F4_m-1f-1_P4_Y-1_U72,MXY,1,53.09657821670753,0,0,0.0,0,0,0,-9999.0,0.5,1,P3_CV0,2,0,2,0,2
4,2539041.489,728416.6747,R4_F4_m4f4_P4_Y0_UO581,R4_F4_m-1f-1_P4_Y-1_U9,R4_F4_m-1f-1_P4_Y-1_U72,FXX,1,53.09657821670753,0,0,0.0,0,0,0,-9999.0,0.5,1,P3_CV0,2,2,0,1,1
4,2539041.489,728416.6747,R4_F4_m4f4_P4_Y0_UO582,R4_F4_m-1f-1_P4_Y-1_U9,R4_F4_m-1f-1_P4_Y-1_U72,MXY,1,53.09657821670753,0,0,0.0,0,0,0,-9999.0,0.5,1,P3_CV0,2,1,1,0,2
4,2539041.489,728416.6747,R4_F4_m4f4_P4_Y0_UO621,R4_F4_m-1f-1_P4_Y-1_U74,R4_F4_m-1f-1_P4_Y-1_U4,FXX,1,53.09657821670753,0,0,0.0,0,0,0,-9999.0,0.5,1,P3_CV0,2,2,0,0,2
4,2539041.489,728416.6747,R4_F4_m4f4_P4_Y0_UO622,R4_F4_m-1f-1_P4_Y-1_U74,R4_F4_m-1f-1_P4_Y-1_U4,FXX,1,53.09657821670753,0,0,0.0,0,0,0,-9999.0,0.5,1,P3_CV0,2,1,1,0,2
4,2539041.489,728416.6747,R4_F4_m4f4_P4_Y0_UO623,R4_F4_m-1f-1_P4_Y-1_U74,R4_F4_m-1f-1_P4_Y-1_U4,MXY,1,53.09657821670753,0,0,0.0,0,0,0,-9999.0,0.5,1,P3_CV0,2,1,1,2,0
4,2539041.489,728416.6747,R4_F4_m4f4_P4_Y0_UO624,R4_F4_m-1f-1_P4_Y-1_U74,R4_F4_m-1f-1_P4_Y-1_U4,MXY,1,53.09657821670753,0,0,0.0,0,0,0,-9999.0,0.5,1,P3_CV0,2,1,1,2,0
4,2539041.489,728416.6747,R4_F4_m4f4_P4_Y0_UO625,R4_F4_m-1f-1_P4_Y-1_U74,R4_F4_m-1f-1_P4_Y-1_U4,MXY,1,53.09657821670753,0,0,0.0,0,0,0,-9999.0,0.5,1,P3_CV0,2,1,1,1,1
4,2539041.489,728416.6747,R4_F4_m4f4_P4_Y0_UO626,R4_F4_m-1f-1_P4_Y-1_U74,R4_F4_m-1f-1_P4_Y-1_U4,FXX,1,53.09657821670753,0,0,0.0,0,0,0,-9999.0,0.5,1,P3_CV0,2,0,2,1,1
4,2539041.489,728416.6747,R4_F4_m4f4_P4_Y0_UO661,R4_F4_m-1f-1_P4_Y-1_U11,R4_F4_m-1f-1_P4_Y-1_U89,MXY,1,53.09657821670753,0,0,0.0,0,0,0,-9999.0,0.25,1,P3_CV0,2,1,1,0,2
4,2539041.489,728416.6747,R4_F4_m4f4_P4_Y0_UO662,R4_F4_m-1f-1_P4_Y-1_U11,R4_F4_m-1f-1_P4_Y-1_U89,MXY,1,53.09657821670753,0,0,0.0,0,0,0,-9999.0,0.25,1,P3_CV0,2,1,1,2,0
4,2539041.489,728416.6747,R4_F4_m4f4_P4_Y0_UO663,R4_F4_m-1f-1_P4_Y-1_U11,R4_F4_m-1f-1_P4_Y-1_U89,FXX,1,53.09657821670753,0,0,0.0,0,0,0,-9999.0,0.25,1,P3_CV0,2,0,2,1,1
4,2539041.489,728416.6747,R4_F4_m4f4_P4_Y0_UO664,R4_F4_m-1f-1_P4_Y-1_U11,R4_F4_m-1f-1_P4_Y-1_U89,MXY,1,53.09657821670753,0,0,0.0,0,0,0,-9999.0,0.25,1,P3_CV0,2,1,1,1,1
4,2539041.489,728416.6747,R4_F4_m4f4_P4_Y0_UO665,R4_F4_m-1f-1_P4_Y-1_U98,R4_F4_m-1f-1_P4_Y-1_U63,FXX,1,53.09657821670753,0,0,0.0,0,0,0,-9999.0,1.0,1,P3_CV0,2,1,1,2,0
4,2539041.489,728416.6747,R4_F4_m4f4_P4_Y0_UO666,R4_F4_m-1f-1_P4_Y-1_U98,R4_F4_m-1f-1_P4_Y-1_U63,FXX,1,53.09657821670753,0,0,0.0,0,0,0,-9999.0,1.0,1,P3_CV0,2,0,2,1,1
4,2539041.489,728416.6747,R4_F4_m4f4_P4_Y0_UO667,R4_F4_m-1f-1_P4_Y-1_U98,R4_F4_m-1f-1_P4_Y-1_U63,FXX,1,53.09657821670753,0,0,0.0,0,0,0,-9999.0,1.0,1,P3_CV0,2,0,2,2,0
4,2539041.489,728416.6747,R4_F4_m4f4_P4_Y0_UO668,R4_F4_m-1f-1_P4_Y-1_U98,R4_F4_m-1f-1_P4_Y-1_U63,MXY,1,53.09657821670753,0,0,0.0,0,0,0,-9999.0,1.0,1,P3_CV0,2,2,0,0,2
4,2539041.489,728416.6747,R4_F4_m4f4_P4_Y0_UO669,R4_F4_m-1f-1_P4_Y-1_U101,R4_F4_m-1f-1_P4_Y-1_U26,MXY,1,53.09657821670753,0,0,0.0,0,0,0,-9999.0,0.0,1,P3_CV0,2,1,1,1,1
4,2539041.489,728416.6747,R4_F4_m4f4_P4_Y0_UO670,R4_F4_m-1f-1_P4_Y-1_U101,R4_F4_m-1f-1_P4_Y-1_U26,FXX,1,53.09657821670753,0,0,0.0,0,0,0,-9999.0,0.0,1,P3_CV0,2,0,2,1,1
4,2539041.489,728416.6747,R4_F4_m4f4_P4_Y0_UO719,R4_F4_m-1f-1_P4_Y-1_U73,R4_F4_m-1f-1_P4_Y-1_U50,FXX,1,53.09657821670753,0,0,0.0,0,0,0,-9999.0,0.25,1,P3_CV0,2,2,0,1,1
4,2539041.489,728416.6747,R4_F4_m4f4_P4_Y0_UO720,R4_F4_m-1f-1_P4_Y-1_U73,R4_F4_m-1f-1_P4_Y-1_U50,MXY,1,53.09657821670753,0,0,0.0,0,0,0,-9999.0,0.25,1,P3_CV0,2,1,1,1,1
4,2539041.489,728416.6747,R4_F4_m4f4_P4_Y0_UO721,R4_F4_m-1f-1_P4_Y-1_U73,R4_F4_m-1f-1_P4_Y-1_U50,MXY,1,53.09657821670753,0,0,0.0,0,0,0,-9999.0,0.25,1,P3_CV0,2,0,2,2,0
4,2539041.489,728416.6747,R4_F4_m-1f-1_P4_Y-1_U0,-9999,-9999,FXX,2,77.43730786215917,1,0,1.007,0,0,0,-9999.0,0.5,1,P3_CV0,2,1,1,1,1
4,2539041.489,728416.6747,R4_F4_m-1f-1_P4_Y-1_U1,-9999,-9999,FXX,2,77.43730786215917,1,0,1.0,0,0,0,-9999.0,0.5,1,P3_CV0,2,1,1,2,0
4,2539041.489,728416.6747,R4_F4_m-1f-1_P4_Y-1_U2,-9999,-9999,MXY,2,77.43730786215917,1,0,0.0,0,0,0,-9999.0,0.5,1,P3_CV0,2,1,1,0,2
4,2539041.489,728416.6747,R4_F4_m-1f-1_P4_Y-1_U3,-9999,-9999,MXY,2,77.43730786215917,1,0,0.0,0,0,0,-9999.0,0.0,1,P3_CV0,2,0,2,1,1
4,2539041.489,728416.6747,R4_F4_m-1f-1_P4_Y-1_U5,-9999,-9999,MXY,2,77.43730786215917,1,0,0.0,0,0,0,-9999.0,1.0,1,P3_CV0,2,2,0,1,1
4,2539041.489,728416.6747,R4_F4_m-1f-1_P4_Y-1_U6,-9999,-9999,MXY,2,77.43730786215917,1,0,0.0,0,0,0,-9999.0,0.5,1,P3_CV0,2,1,1,0,2
4,2539041.489,728416.6747,R4_F4_m-1f-1_P4_Y-1_U7,-9999,-9999,MXY,2,77.43730786215917,1,0,0.0,0,0,0,-9999.0,0.0,1,P3_CV0,2,0,2,1,1
4,2539041.489,728416.6747,R4_F4_m-1f-1_P4_Y-1_U8,-9999,-9999,MXY,2,77.43730786215917,1,0,0.0,0,0,0,-9999.0,0.5,1,P3_CV0,2,1,1,2,0
4,2539041.489,728416.6747,R4_F4_m-1f-1_P4_Y-1_U10,-9999,-9999,MXY,2,77.43730786215917,1,0,0.0,0,0,0,-9999.0,0.0,1,P3_CV0,2,0,2,0,2
4,2539041.489,728416.6747,R4_F4_m-1f-1_P4_Y-1_U14,-9999,-9999,FXX,2,77.43730786215917,1,0,2.801,0,0,0,-9999.0,1.0,1,P3_CV0,2,2,0,0,2
4,2539041.489,728416.6747,R4_F4_m-1f-1_P4_Y-1_U16,-9999,-9999,FXX,2,77.43730786215917,1,0,1.041,0,0,0,-9999.0,0.0,1,P3_CV0,2,0,2,0,2
4,2539041.489,728416.6747,R4_F4_m-1f-1_P4_Y-1_U17,-9999,-9999,FXX,2,77.43730786215917,1,0,0.0,0,0,0,-9999.0,1.0,1,P3_CV0,2,2,0,0,2
4,2539041.489,728416.6747,R4_F4_m-1f-1_P4_Y-1_U18,-9999,-9999,MXY,2,77.43730786215917,1,0,0.0,0,0,0,-9999.0,0.0,1,P3_CV0,2,0,2,1,1
4,2539041.489,728416.6747,R4_F4_m-1f-1_P4_Y-1_U20,-9999,-9999,FXX,2,77.43730786215917,1,0,1.0,0,0,0,-9999.0,1.0,1,P3_CV0,2,2,0,1,1
4,2539041.489,728416.6747,R4_F4_m-1f-1_P4_Y-1_U21,-9999,-9999,MXY,2,77.43730786215917,1,0,0.0,0,0,0,-9999.0,0.0,1,P3_CV0,2,0,2,0,2
4,2539041.489,728416.6747,R4_F4_m-1f-1_P4_Y-1_U25,-9999,-9999,MXY,2,77.43730786215917,1,0,0.0,0,0,0,-9999.0,0.5,1,P3_CV0,2,1,1,1,1
4,2539041.489,728416.6747,R4_F4_m-1f-1_P4_Y-1_U27,-9999,-9999,FXX,2,77.43730786215917,1,0,1.0,0,0,0,-9999.0,0.5,1,P3_CV0,2,1,1,2,0
4,2539041.489,728416.6747,R4_F4_m-1f-1_P4_Y-1_U29,-9999,-9999,FXX,2,77.43730786215917,1,0,1.0,0,0,0,-9999.0,0.5,1,P3_CV0,2,1,1,0,2
4,2539041.489,728416.6747,R4_F4_m-1f-1_P4_Y-1_U30,-9999,-9999,MXY,2,77.43730786215917,1,0,0.0,0,0,0,-9999.0,1.0,1,P3_CV0,2,2,0,2,0
4,2539041.489,728416.6747,R4_F4_m-1f-1_P4_Y-1_U33,-9999,-9999,FXX,2,77.43730786215917,1,0,1.442,0,0,0,-9999.0,0.0,1,P3_CV0,2,0,2,0,2
4,2539041.489,728416.6747,R4_F4_m-1f-1_P4_Y-1_U34,-9999,-9999,MXY,2,77.43730786215917,1,0,0.0,0,0,0,-9999.0,0.0,1,P3_CV0,2,0,2,1,1
4,2539041.489,728416.6747,R4_F4_m-1f-1_P4_Y-1_U35,-9999,-9999,FXX,2,77.43730786215917,1,0,0.0,0,0,0,-9999.0,0.5,1,P3_CV0,2,1,1,1,1
4,2539041.489,728416.6747,R4_F4_m-1f-1_P4_Y-1_U38,-9999,-9999,MXY,2,77.43730786215917,1,0,0.0,0,0,0,-9999.0,0.0,1,P3_CV0,2,0,2,0,2
4,2539041.489,728416.6747,R4_F4_m-1f-1_P4_Y-1_U39,-9999,-9999,MXY,2,77.43730786215917,1,0,0.0,0,0,0,-9999.0,0.5,1,P3_CV0,2,1,1,2,0
4,2539041.489,728416.6747,R4_F4_m-1f-1_P4_Y-1_U40,-9999,-9999,MXY,2,77.43730786215917,1,0,0.0,0,0,0,-9999.0,0.5,1,P3_CV0,2,1,1,2,0
4,2539041.489,728416.6747,R4_F4_m-1f-1_P4_Y-1_U42,-9999,-9999,FXX,2,77.43730786215917,1,0,2.135,0,0,0,-9999.0,0.5,1,P3_CV0,2,1,1,1,1
4,2539041.489,728416.6747,R4_F4_m-1f-1_P4_Y-1_U45,-9999,-9999,FXX,2,77.43730786215917,1,0,0.0,0,0,0,-9999.0,1.0,1,P3_CV0,2,2,0,1,1
4,2539041.489,728416.6747,R4_F4_m-1f-1_P4_Y-1_U47,-9999,-9999,FXX,2,77.43730786215917,1,0,3.128,0,0,0,-9999.0,1.0,1,P3_CV0,2,2,0,1,1
4,2539041.489,728416.6747,R4_F4_m-1f-1_P4_Y-1_U48,-9999,-9999,MXY,2,77.43730786215917,1,0,0.0,0,0,0,-9999.0,0.5,1,P3_CV0,2,1,1,0,2
4,2539041.489,728416.6747,R4_F4_m-1f-1_P4_Y-1_U49,-9999,-9999,MXY,2,77.43730786215917,1,0,0.0,0,0,0,-9999.0,0.0,1,P3_CV0,2,0,2,0,2
4,2539041.489,728416.6747,R4_F4_m-1f-1_P4_Y-1_U51,-9999,-9999,FXX,2,77.43730786215917,1,0,1.0,0,0,0,-9999.0,0.5,1,P3_CV0,2,1,1,0,2
4,2539041.489,728416.6747,R4_F4_m-1f-1_P4_Y-1_U53,-9999,-9999,FXX,2,77.43730786215917,1,0,3.19,0,0,0,-9999.0,0.5,1,P3_CV0,2,1,1,0,2
4,2539041.489,728416.6747,R4_F4_m-1f-1_P4_Y-1_U58,-9999,-9999,FXX,2,77.43730786215917,1,0,0.0,0,0,0,-9999.0,1.0,1,P3_CV0,2,2,0,1,1
4,2539041.489,728416.6747,R4_F4_m-1f-1_P4_Y-1_U59,-9999,-9999,MXY,2,77.43730786215917,1,0,0.0,0,0,0,-9999.0,0.0,1,P3_CV0,2,0,2,0,2
4,2539041.489,728416.6747,R4_F4_m-1f-1_P4_Y-1_U60,-9999,-9999,FXX,2,77.43730786215917,1,0,0.0,0,0,0,-9999.0,0.5,1,P3_CV0,2,1,1,1,1
4,2539041.489,728416.6747,R4_F4_m-1f-1_P4_Y-1_U64,-9999,-9999,FXX,2,77.43730786215917,1,0,1.458,0,0,0,-9999.0,0.5,1,P3_CV0,2,1,1,2,0
4,2539041.489,728416.6747,R4_F4_m-1f-1_P4_Y-1_U65,-9999,-9999,MXY,2,77.43730786215917,1,0,0.0,0,0,0,-9999.0,0.5,1,P3_CV0,2,1,1,1,1
4,2539041.489,728416.6747,R4_F4_m-1f-1_P4_Y-1_U68,-9999,-9999,FXX,2,77.43730786215917,1,0,1.0,0,0,0,-9999.0,0.5,1,P3_CV0,2,1,1,1,1
4,2539041.489,728416.6747,R4_F4_m-1f-1_P4_Y-1_U70,-9999,-9999,MXY,2,77.43730786215917,1,0,0.0,0,0,0,-9999.0,0.0,1,P3_CV0,2,0,2,1,1
4,2539041.489,728416.6747,R4_F4_m-1f-1_P4_Y-1_U71,-9999,-9999,MXY,2,77.43730786215917,1,0,0.0,0,0,0,-9999.0,0.5,1,P3_CV0,2,1,1,2,0
4,2539041.489,728416.6747,R4_F4_m-1f-1_P4_Y-1_U75,-9999,-9999,MXY,2,77.43730786215917,1,0,0.0,0,0,0,-9999.0,0.0,1,P3_CV0,2,0,2,1,1
4,2539041.489,728416.6747,R4_F4_m-1f-1_P4_Y-1_U76,-9999,-9999,FXX,2,77.43730786215917,1,0,0.0,0,0,0,-9999.0,0.5,1,P3_CV0,2,1,1,1,1
4,2539041.489,728416.6747,R4_F4_m-1f-1_P4_Y-1_U77,-9999,-9999,MXY,2,77.43730786215917,1,0,0.0,0,0,0,-9999.0,0.0,1,P3_CV0,2,0,2,1,1
4,2539041.489,728416.6747,R4_F4_m-1f-1_P4_Y-1_U78,-9999,-9999,FXX,2,77.43730786215917,1,0,1.373,0,0,0,-9999.0,0.5,1,P3_CV0,2,1,1,2,0
4,2539041.489,728416.6747,R4_F4_m-1f-1_P4_Y-1_U80,-9999,-9999,MXY,2,77.43730786215917,1,0,0.0,0,0,0,-9999.0,0.5,1,P3_CV0,2,1,1,1,1
4,2539041.489,728416.6747,R4_F4_m-1f-1_P4_Y-1_U81,-9999,-9999,MXY,2,77.43730786215917,1,0,0.0,0,0,0,-9999.0,1.0,1,P3_CV0,2,2,0,1,1
4,2539041.489,728416.6747,R4_F4_m-1f-1_P4_Y-1_U88,-9999,-9999,MXY,2,77.43730786215917,1,0,0.0,0,0,0,-9999.0,0.5,1,P3_CV0,2,1,1,0,2
4,2539041.489,728416.6747,R4_F4_m-1f-1_P4_Y-1_U90,-9999,-9999,FXX,2,77.43730786215917,1,0,1.393,0,0,0,-9999.0,0.5,1,P3_CV0,2,1,1,1,1
4,2539041.489,728416.6747,R4_F4_m-1f-1_P4_Y-1_U92,-9999,-9999,FXX,2,77.43730786215917,1,0,3.563,0,0,0,-9999.0,0.5,1,P3_CV0,2,1,1,1,1
4,2539041.489,728416.6747,R4_F4_m-1f-1_P4_Y-1_U94,-9999,-9999,MXY,2,77.43730786215917,1,0,0.0,0,0,0,-9999.0,1.0,1,P3_CV0,2,2,0,1,1
4,2539041.489,728416.6747,R4_F4_m-1f-1_P4_Y-1_U96,-9999,-9999,MXY,2,77.43730786215917,1,0,0.0,0,0,0,-9999.0,0.5,1,P3_CV0,2,1,1,1,1
4,2539041.489,728416.6747,R4_F4_m-1f-1_P4_Y-1_U100,-9999,-9999,MXY,2,77.43730786215917,1,0,0.0,0,0,0,-9999.0,1.0,1,P3_CV0,2,2,0,2,0
4,2539041.489,728416.6747,R4_F4_m-1f-1_P4_Y-1_U102,-9999,-9999,FXX,2,77.43730786215917,1,0,1.6,0,0,0,-9999.0,1.0,1,P3_CV0,2,2,0,2,0
4,2539041.489,728416.6747,R4_F4_m-1f-1_P4_Y-1_U103,-9999,-9999,MXY,2,77.43730786215917,1,0,0.0,0,0,0,-9999.0,0.5,1,P3_CV0,2,1,1,0,2
4,2539041.489,728416.6747,R4_F4_m-1f-1_P4_Y-1_U104,-9999,-9999,FXX,2,77.43730786215917,1,0,1.491,0,0,0,-9999.0,0.5,1,P3_CV0,2,1,1,0,2
4,2539041.489,728416.6747,R4_F4_m-1f-1_P4_Y-1_U106,-9999,-9999,FXX,2,77.43730786215917,1,0,1.0,0,0,0,-9999.0,1.0,1,P3_CV0,2,2,0,1,1
4,2539041.489,728416.6747,R4_F4_m-1f-1_P4_Y-1_U108,-9999,-9999,MXY,2,77.43730786215917,1,0,0.0,0,0,0,-9999.0,0.5,1,P3_CV0,2,1,1,2,0
4,2539041.489,728416.6747,R4_F4_m-1f-1_P4_Y-1_U111,-9999,-9999,MXY,2,77.43730786215917,1,0,0.0,0,0,0,-9999.0,0.5,1,P3_CV0,2,1,1,2,0
4,2539041.489,728416.6747,R4_F4_m-1f-1_P4_Y-1_U112,-9999,-9999,MXY,2,77.43730786215917,1,0,0.0,0,0,0,-9999.0,0.0,1,P3_CV0,2,0,2,1,1
4,2539041.489,728416.6747,R4_F4_m-1f-1_P4_Y-1_U113,-9999,-9999,FXX,2,77.43730786215917,1,0,0.0,0,0,0,-9999.0,0.0,1,P3_CV0,2,0,2,1,1
4,2539041.489,728416.6747,R4_F4_m-1f-1_P4_Y-1_U114,-9999,-9999,FXX,2,77.43730786215917,1,0,2.204,0,0,0,-9999.0,0.5,1,P3_CV0,2,1,1,0,2
4,2539041.489,728416.6747,R4_F4_m-1f-1_P4_Y-1_U117,-9999,-9999,FXX,2,77.43730786215917,1,0,1.0,0,0,0,-9999.0,0.0,1,P3_CV0,2,0,2,1,1
4,2539041.489,728416.6747,R4_F4_m-1f-1_P4_Y-1_U118,-9999,-9999,FXX,2,77.43730786215917,1,0,0.0,0,0,0,-9999.0,0.0,1,P3_CV0,2,0,2,2,0
4,2539041.489,728416.6747,R4_F4_m-1f-1_P4_Y-1_U119,-9999,-9999,MXY,2,77.43730786215917,1,0,0.0,0,0,0,-9999.0,0.5,1,P3_CV0,2,1,1,1,1
4,2539041.489,728416.6747,R4_F4_m-1f-1_P4_Y-1_U120,-9999,-9999,MXY,2,77.43730786215917,1,0,0.0,0,0,0,-9999.0,1.0,1,P3_CV0,2,2,0,1,1
4,2539041.489,728416.6747,R4_F4_m-1f-1_P4_Y-1_U121,-9999,-9999,MXY,2,77.43730786215917,1,0,0.0,0,0,0,-9999.0,1.0,1,P3_CV0,2,2,0,0,2
4,2539041.489,728416.6747,R4_F4_m-1f-1_P4_Y-1_U122,-9999,-9999,MXY,2,77.43730786215917,1,0,0.0,0,0,0,-9999.0,0.5,1,P3_CV0,2,1,1,2,0
4,2539041.489,728416.6747,R4_F4_m-1f-1_P4_Y-1_U123,-9999,-9999,FXX,2,77.43730786215917,1,0,1.588,0,0,0,-9999.0,1.0,1,P3_CV0,2,2,0,1,1
4,2539041.489,728416.6747,R4_F4_m-1f-1_P4_Y-1_U124,-9999,-9999,FXX,2,77.43730786215917,1,0,0.0,0,0,0,-9999.0,0.5,1,P3_CV0,2,1,1,2,0
4,2539041.489,728416.6747,R4_F4_m-1f-1_P4_Y-1_U126,-9999,-9999,FXX,2,77.43730786215917,1,0,2.154,0,0,0,-9999.0,1.0,1,P3_CV0,2,2,0,0,2
4,2539041.489,728416.6747,R4_F4_m-1f-1_P4_Y-1_U127,-9999,-9999,FXX,2,77.43730786215917,1,0,1.0,0,0,0,-9999.0,0.5,1,P3_CV0,2,1,1,1,1
4,2539041.489,728416.6747,I4_F7_m-1f-1_P4_Y-1_U107,-9999,-9999,MXY,2,77.45438552322823,1,0,0.0,0,0,0,-9999.0,0.5,1,P3_CV0,2,1,1,2,0
4,2539041.489,728416.6747,R4_F4_m-1f-1_P4_Y-1_U4,-9999,-9999,MXY,3,85.98861311980933,1,0,0.0,0,0,0,-9999.0,0.5,1,P3_CV0,2,1,1,2,0
4,2539041.489,728416.6747,R4_F4_m-1f-1_P4_Y-1_U28,-9999,-9999,FXX,3,89.14261311980933,1,0,0.0,0,0,0,-9999.0,0.5,1,P3_CV0,2,1,1,1,1
4,2539041.489,728416.6747,R4_F4_m-1f-1_P4_Y-1_U57,-9999,-9999,FXX,3,85.07761311980933,1,0,1.0,0,0,0,-9999.0,1.0,1,P3_CV0,2,2,0,0,2
4,2539041.489,728416.6747,R4_F4_m-1f-1_P4_Y-1_U115,-9999,-9999,MXY,3,89.39161311980932,1,0,0.0,0,0,0,-9999.0,0.5,1,P3_CV0,2,1,1,1,1
4,2539041.489,728416.6747,R4_F4_m-1f-1_P4_Y-1_U116,-9999,-9999,FXX,3,89.55961311980933,1,0,1.0,0,0,0,-9999.0,0.0,1,P3_CV0,2,0,2,1,1
4,2539041.489,728416.6747,R4_F4_m-1f-1_P4_Y-1_U9,-9999,-9999,FXX,3,96.72861311980932,1,0,1.81,0,0,0,-9999.0,0.5,1,P3_CV0,2,1,1,1,1
4,2539041.489,728416.6747,R4_F4_m-1f-1_P4_Y-1_U13,-9999,-9999,FXX,3,102.39661311980932,1,0,1.463,0,0,0,-9999.0,0.5,1,P3_CV0,2,1,1,1,1
4,2539041.489,728416.6747,R4_F4_m-1f-1_P4_Y-1_U15,-9999,-9999,FXX,3,96.35461311980933,1,0,1.129,0,0,0,-9999.0,0.0,1,P3_CV0,2,0,2,0,2
4,2539041.489,728416.6747,R4_F4_m-1f-1_P4_Y-1_U22,-9999,-9999,MXY,3,102.20161311980932,1,0,0.0,0,0,0,-9999.0,0.5,1,P3_CV0,2,1,1,1,1
4,2539041.489,728416.6747,R4_F4_m-1f-1_P4_Y-1_U24,-9999,-9999,FXX,3,101.30261311980932,1,0,1.098,0,0,0,-9999.0,0.0,1,P3_CV0,2,0,2,1,1
4,2539041.489,728416.6747,R4_F4_m-1f-1_P4_Y-1_U31,-9999,-9999,FXX,3,94.14761311980932,1,0,0.0,0,0,0,-9999.0,0.5,1,P3_CV0,2,1,1,1,1
4,2539041.489,728416.6747,R4_F4_m-1f-1_P4_Y-1_U43,-9999,-9999,FXX,3,91.46661311980932,1,0,1.0,0,0,0,-9999.0,0.5,1,P3_CV0,2,1,1,2,0
4,2539041.489,728416.6747,R4_F4_m-1f-1_P4_Y-1_U44,-9999,-9999,MXY,3,97.44161311980933,1,0,0.0,0,0,0,-9999.0,0.5,1,P3_CV0,2,1,1,2,0
4,2539041.489,728416.6747,R4_F4_m-1f-1_P4_Y-1_U50,-9999,-9999,MXY,3,96.47661311980933,1,0,0.0,0,0,0,-9999.0,0.5,1,P3_CV0,2,1,1,2,0
4,2539041.489,728416.6747,R4_F4_m-1f-1_P4_Y-1_U67,-9999,-9999,MXY,3,92.25761311980933,1,0,0.0,0,0,0,-9999.0,1.0,1,P3_CV0,2,2,0,2,0
4,2539041.489,728416.6747,R4_F4_m-1f-1_P4_Y-1_U72,-9999,-9999,MXY,3,93.75261311980933,1,0,0.0,0,0,0,-9999.0,0.5,1,P3_CV0,2,1,1,1,1
4,2539041.489,728416.6747,R4_F4_m-1f-1_P4_Y-1_U79,-9999,-9999,MXY,3,98.75261311980933,1,0,0.0,0,0,0,-9999.0,0.5,1,P3_CV0,2,1,1,1,1
4,2539041.489,728416.6747,R4_F4_m-1f-1_P4_Y-1_U85,-9999,-9999,FXX,3,90.70761311980932,1,0,2.319,0,0,0,-9999.0,0.5,1,P3_CV0,2,1,1,2,0
4,2539041.489,728416.6747,R4_F4_m-1f-1_P4_Y-1_U89,-9999,-9999,MXY,3,97.32461311980933,1,0,0.0,0,0,0,-9999.0,0.5,1,P3_CV0,2,1,1,2,0
4,2539041.489,728416.6747,R4_F4_m-1f-1_P4_Y-1_U93,-9999,-9999,FXX,3,99.98361311980933,1,0,2.218,0,0,0,-9999.0,0.0,1,P3_CV0,2,0,2,1,1
4,2539041.489,728416.6747,R4_F4_m-1f-1_P4_Y-1_U95,-9999,-9999,FXX,3,99.32861311980933,1,0,0.0,0,0,0,-9999.0,1.0,1,P3_CV0,2,2,0,0,2
4,2539041.489,728416.6747,R4_F4_m-1f-1_P4_Y-1_U99,-9999,-9999,MXY,3,106.36561311980934,1,0,0.0,0,0,0,-9999.0,0.0,1,P3_CV0,2,0,2,2,0
4,2539041.489,728416.6747,R4_F4_m-1f-1_P4_Y-1_U109,-9999,-9999,FXX,3,99.90761311980933,1,0,1.211,0,0,0,-9999.0,0.5,1,P3_CV0,2,1,1,2,0
4,2539041.489,728416.6747,R4_F4_m-1f-1_P4_Y-1_U125,-9999,-9999,MXY,3,93.78161311980934,1,0,0.0,0,0,0,-9999.0,1.0,1,P3_CV0,2,2,0,2,0
4,2539041.489,728416.6747,R4_F4_m-1f-1_P4_Y-1_U66,-9999,-9999,MXY,4,124.27671454224291,1,0,0.0,0,0,0,-9999.0,0.0,1,P3_CV0,2,0,2,0,2
4,2539041.489,728416.6747,R4_F4_m-1f-1_P4_Y-1_U63,-9999,-9999,MXY,4,124.27671454224291,1,0,0.0,0,0,0,-9999.0,1.0,1,P3_CV0,2,2,0,2,0
4,2539041.489,728416.6747,R4_F4_m-1f-1_P4_Y-1_U110,-9999,-9999,MXY,4,124.27671454224291,1,0,0.0,0,0,0,-9999.0,0.5,1,P3_CV0,2,1,1,0,2
4,2539041.489,728416.6747,R4_F4_m-1f-1_P4_Y-1_U101,-9999,-9999,FXX,4,124.27671454224291,1,0,1.729,0,0,0,-9999.0,0.0,1,P3_CV0,2,0,2,2,0
4,2539041.489,728416.6747,R4_F4_m-1f-1_P4_Y-1_U32,-9999,-9999,MXY,4,124.27671454224291,1,0,0.0,0,0,0,-9999.0,0.5,1,P3_CV0,2,1,1,0,2
4,2539041.489,728416.6747,R4_F4_m-1f-1_P4_Y-1_U97,-9999,-9999,MXY,4,124.27671454224291,1,0,0.0,0,0,0,-9999.0,1.0,1,P3_CV0,2,2,0,1,1
4,2539041.489,728416.6747,R4_F4_m-1f-1_P4_Y-1_U73,-9999,-9999,FXX,4,124.27671454224291,1,0,1.107,0,0,0,-9999.0,0.0,1,P3_CV0,2,0,2,1,1
4,2539041.489,728416.6747,R4_F4_m-1f-1_P4_Y-1_U82,-9999,-9999,FXX,4,124.27671454224291,1,0,1.0,0,0,0,-9999.0,0.0,1,P3_CV0,2,0,2,1,1
4,2539041.489,728416.6747,R4_F4_m-1f-1_P4_Y-1_U11,-9999,-9999,FXX,4,124.27671454224291,1,0,0.0,0,0,0,-9999.0,0.0,1,P3_CV0,2,0,2,0,2
4,2539041.489,728416.6747,R4_F4_m-1f-1_P4_Y-1_U23,-9999,-9999,FXX,4,124.27671454224291,1,0,0.0,0,0,0,-9999.0,0.0,1,P3_CV0,2,0,2,1,1
4,2539041.489,728416.6747,R4_F4_m-1f-1_P4_Y-1_U86,-9999,-9999,FXX,4,124.27671454224291,1,0,1.012,0,0,0,-9999.0,1.0,1,P3_CV0,2,2,0,1,1
4,2539041.489,728416.6747,R4_F4_m-1f-1_P4_Y-1_U62,-9999,-9999,FXX,4,124.27671454224291,1,0,0.0,0,0,0,-9999.0,1.0,1,P3_CV0,2,2,0,1,1
4,2539041.489,728416.6747,R4_F4_m-1f-1_P4_Y-1_U69,-9999,-9999,MXY,4,124.27671454224291,1,0,0.0,0,0,0,-9999.0,0.0,1,P3_CV0,2,0,2,1,1
4,2539041.489,728416.6747,R4_F4_m-1f-1_P4_Y-1_U46,-9999,-9999,FXX,4,124.27671454224291,1,0,2.946,0,0,0,-9999.0,0.5,1,P3_CV0,2,1,1,0,2
4,2539041.489,728416.6747,R4_F4_m-1f-1_P4_Y-1_U105,-9999,-9999,MXY,5,138.0540148450901,1,0,0.0,0,0,0,-9999.0,0.0,1,P3_CV0,2,0,2,1,1
4,2539041.489,728416.6747,R4_F4_m-1f-1_P4_Y-1_U19,-9999,-9999,FXX,5,140.0810148450901,1,0,0.0,0,0,0,-9999.0,1.0,1,P3_CV0,2,2,0,1,1
4,2539041.489,728416.6747,R4_F4_m-1f-1_P4_Y-1_U56,-9999,-9999,MXY,5,133.5260148450901,1,0,0.0,0,0,0,-9999.0,0.0,1,P3_CV0,2,0,2,1,1
4,2539041.489,728416.6747,R4_F4_m-1f-1_P4_Y-1_U98,-9999,-9999,FXX,5,149.7020148450901,1,0,0.0,0,0,0,-9999.0,1.0,1,P3_CV0,2,2,0,1,1
4,2539041.489,728416.6747,R4_F4_m-1f-1_P4_Y-1_U55,-9999,-9999,MXY,5,145.0780148450901,1,0,0.0,0,0,0,-9999.0,0.5,1,P3_CV0,2,1,1,2,0
4,2539041.489,728416.6747,R4_F4_m-1f-1_P4_Y-1_U12,-9999,-9999,MXY,5,148.21701484509012,1,0,0.0,0,0,0,-9999.0,0.5,1,P3_CV0,2,1,1,1,1
4,2539041.489,728416.6747,R4_F4_m-1f-1_P4_Y-1_U83,-9999,-9999,FXX,5,151.98001484509012,1,0,0.0,0,0,0,-9999.0,0.5,1,P3_CV0,2,1,1,0,2
5,2535011.582,720257.8531,RD5_F1_m1f1_P1_Y0_UO110,R1_F1_m-1f-1_P1_Y-1_U45,R1_F1_m-1f-1_P1_Y-1_U96,MXY,1,61.21695943449428,0,0,0.0,0,0,0,-9999.0,0.5,1,P0_CV0,3,1,1,2,0
5,2535011.582,720257.8531,RD5_F1_m1f1_P1_Y0_UO138,R1_F1_m-1f-1_P1_Y-1_U114,R1_F1_m-1f-1_P1_Y-1_U68,MXY,1,61.21695943449428,0,0,0.0,0,0,0,-9999.0,0.0,1,P0_CV0,3,1,1,1,1
5,2535011.582,720257.8531,RD5_F1_m1f1_P1_Y0_UO446,R1_F1_m-1f-1_P1_Y-1_U82,R1_F1_m-1f-1_P1_Y-1_U62,FXX,1,61.21695943449428,0,0,0.0,0,0,0,-9999.0,0.0,1,P0_CV0,3,1,1,1,1
5,2535011.582,720257.8531,R5_F5_m5f5_P5_Y0_UO55,R5_F5_m-1f-1_P5_Y-1_U121,R5_F5_m-1f-1_P5_Y-1_U117,MXY,1,61.257320758485626,0,0,0.0,0,0,0,-9999.0,0.5,1,P4_CV0,3,2,0,1,1
5,2535011.582,720257.8531,R5_F5_m5f5_P5_Y0_UO56,R5_F5_m-1f-1_P5_Y-1_U121,R5_F5_m-1f-1_P5_Y-1_U117,MXY,1,61.257320758485626,0,0,0.0,0,0,0,-9999.0,0.5,1,P4_CV0,3,1,1,0,2
5,2535011.582,720257.8531,R5_F5_m5f5_P5_Y0_UO57,R5_F5_m-1f-1_P5_Y-1_U121,R5_F5_m-1f-1_P5_Y-1_U117,FXX,1,61.257320758485626,0,0,0.0,0,0,0,-9999.0,0.5,1,P4_CV0,3,0,2,1,1
5,2535011.582,720257.8531,R5_F5_m5f5_P5_Y0_UO58,R5_F5_m-1f-1_P5_Y-1_U121,R5_F5_m-1f-1_P5_Y-1_U117,FXX,1,61.257320758485626,0,0,0.0,0,0,0,-9999.0,0.5,1,P4_CV0,3,1,1,0,2
5,2535011.582,720257.8531,R5_F5_m5f5_P5_Y0_UO59,R5_F5_m-1f-1_P5_Y-1_U121,R5_F5_m-1f-1_P5_Y-1_U117,MXY,1,61.257320758485626,0,0,0.0,0,0,0,-9999.0,0.5,1,P4_CV0,3,1,1,1,1
5,2535011.582,720257.8531,R5_F5_m5f5_P5_Y0_UO60,R5_F5_m-1f-1_P5_Y-1_U121,R5_F5_m-1f-1_P5_Y-1_U117,MXY,1,61.257320758485626,0,0,0.0,0,0,0,-9999.0,0.5,1,P4_CV0,3,2,0,2,0
5,2535011.582,720257.8531,R5_F5_m5f5_P5_Y0_UO61,R5_F5_m-1f-1_P5_Y-1_U121,R5_F5_m-1f-1_P5_Y-1_U117,MXY,1,61.257320758485626,0,0,0.0,0,0,0,-9999.0,0.5,1,P4_CV0,3,2,0,2,0
5,2535011.582,720257.8531,R5_F5_m5f5_P5_Y0_UO72,R5_F5_m-1f-1_P5_Y-1_U105,R5_F5_m-1f-1_P5_Y-1_U100,FXX,1,61.257320758485626,0,0,0.0,0,0,0,-9999.0,0.5,1,P4_CV0,3,2,0,2,0
5,2535011.582,720257.8531,R5_F5_m5f5_P5_Y0_UO73,R5_F5_m-1f-1_P5_Y-1_U105,R5_F5_m-1f-1_P5_Y-1_U100,MXY,1,61.257320758485626,0,0,0.0,0,0,0,-9999.0,0.5,1,P4_CV0,3,1,1,1,1
5,2535011.582,720257.8531,R5_F5_m5f5_P5_Y0_UO74,R5_F5_m-1f-1_P5_Y-1_U105,R5_F5_m-1f-1_P5_Y-1_U100,MXY,1,61.257320758485626,0,0,0.0,0,0,0,-9999.0,0.5,1,P4_CV0,3,0,2,1,1
5,2535011.582,720257.8531,R5_F5_m5f5_P5_Y0_UO75,R5_F5_m-1f-1_P5_Y-1_U105,R5_F5_m-1f-1_P5_Y-1_U100,MXY,1,61.257320758485626,0,0,0.0,0,0,0,-9999.0,0.5,1,P4_CV0,3,1,1,2,0
5,2535011.582,720257.8531,R5_F5_m5f5_P5_Y0_UO76,R5_F5_m-1f-1_P5_Y-1_U105,R5_F5_m-1f-1_P5_Y-1_U100,FXX,1,61.257320758485626,0,0,0.0,0,0,0,-9999.0,0.5,1,P4_CV0,3,0,2,1,1
5,2535011.582,720257.8531,R5_F5_m5f5_P5_Y0_UO77,R5_F5_m-1f-1_P5_Y-1_U105,R5_F5_m-1f-1_P5_Y-1_U100,MXY,1,61.257320758485626,0,0,0.0,0,0,0,-9999.0,0.5,1,P4_CV0,3,1,1,1,1
5,2535011.582,720257.8531,R5_F5_m5f5_P5_Y0_UO78,R5_F5_m-1f-1_P5_Y-1_U105,R5_F5_m-1f-1_P5_Y-1_U100,FXX,1,61.257320758485626,0,0,0.0,0,0,0,-9999.0,0.5,1,P4_CV0,3,2,0,0,2
5,2535011.582,720257.8531,R5_F5_m5f5_P5_Y0_UO85,R5_F5_m-1f-1_P5_Y-1_U49,R5_F5_m-1f-1_P5_Y-1_U13,MXY,1,61.257320758485626,0,0,0.0,0,0,0,-9999.0,0.25,1,P4_CV0,3,1,1,1,1
5,2535011.582,720257.8531,R5_F5_m5f5_P5_Y0_UO86,R5_F5_m-1f-1_P5_Y-1_U49,R5_F5_m-1f-1_P5_Y-1_U13,FXX,1,61.257320758485626,0,0,0.0,0,0,0,-9999.0,0.25,1,P4_CV0,3,1,1,1,1
5,2535011.582,720257.8531,R5_F5_m5f5_P5_Y0_UO87,R5_F5_m-1f-1_P5_Y-1_U49,R5_F5_m-1f-1_P5_Y-1_U13,MXY,1,61.257320758485626,0,0,0.0,0,0,0,-9999.0,0.25,1,P4_CV0,3,1,1,1,1
5,2535011.582,720257.8531,R5_F5_m5f5_P5_Y0_UO88,R5_F5_m-1f-1_P5_Y-1_U49,R5_F5_m-1f-1_P5_Y-1_U13,FXX,1,61.257320758485626,0,0,0.0,0,0,0,-9999.0,0.25,1,P4_CV0,3,1,1,1,1
5,2535011.582,720257.8531,R5_F5_m5f5_P5_Y0_UO89,R5_F5_m-1f-1_P5_Y-1_U49,R5_F5_m-1f-1_P5_Y-1_U13,FXX,1,61.257320758485626,0,0,0.0,0,0,0,-9999.0,0.25,1,P4_CV0,3,0,2,0,2
5,2535011.582,720257.8531,R5_F5_m5f5_P5_Y0_UO90,R5_F5_m-1f-1_P5_Y-1_U49,R5_F5_m-1f-1_P5_Y-1_U13,FXX,1,61.257320758485626,0,0,0.0,0,0,0,-9999.0,0.25,1,P4_CV0,3,1,1,2,0
5,2535011.582,720257.8531,R5_F5_m5f5_P5_Y0_UO91,R5_F5_m-1f-1_P5_Y-1_U49,R5_F5_m-1f-1_P5_Y-1_U13,MXY,1,61.257320758485626,0,0,0.0,0,0,0,-9999.0,0.25,1,P4_CV0,3,1,1,2,0
5,2535011.582,720257.8531,R5_F5_m5f5_P5_Y0_UO124,R5_F5_m-1f-1_P5_Y-1_U37,R5_F5_m-1f-1_P5_Y-1_U102,FXX,1,61.257320758485626,0,0,0.0,0,0,0,-9999.0,0.25,1,P4_CV0,3,1,1,0,2
5,2535011.582,720257.8531,R5_F5_m5f5_P5_Y0_UO125,R5_F5_m-1f-1_P5_Y-1_U37,R5_F5_m-1f-1_P5_Y-1_U102,MXY,1,61.257320758485626,0,0,0.0,0,0,0,-9999.0,0.25,1,P4_CV0,3,0,2,2,0
5,2535011.582,720257.8531,R5_F5_m5f5_P5_Y0_UO126,R5_F5_m-1f-1_P5_Y-1_U37,R5_F5_m-1f-1_P5_Y-1_U102,FXX,1,61.257320758485626,0,0,0.0,0,0,0,-9999.0,0.25,1,P4_CV0,3,1,1,1,1
5,2535011.582,720257.8531,R5_F5_m5f5_P5_Y0_UO127,R5_F5_m-1f-1_P5_Y-1_U37,R5_F5_m-1f-1_P5_Y-1_U102,MXY,1,61.257320758485626,0,0,0.0,0,0,0,-9999.0,0.25,1,P4_CV0,3,0,2,1,1
5,2535011.582,720257.8531,R5_F5_m5f5_P5_Y0_UO128,R5_F5_m-1f-1_P5_Y-1_U37,R5_F5_m-1f-1_P5_Y-1_U102,MXY,1,61.257320758485626,0,0,0.0,0,0,0,-9999.0,0.25,1,P4_CV0,3,1,1,1,1
5,2535011.582,720257.8531,R5_F5_m5f5_P5_Y0_UO184,R5_F5_m-1f-1_P5_Y-1_U21,R5_F5_m-1f-1_P5_Y-1_U100,MXY,1,61.257320758485626,0,0,0.0,0,0,0,-9999.0,0.5,1,P4_CV0,3,1,1,1,1
5,2535011.582,720257.8531,R5_F5_m5f5_P5_Y0_UO185,R5_F5_m-1f-1_P5_Y-1_U21,R5_F5_m-1f-1_P5_Y-1_U100,FXX,1,61.257320758485626,0,0,0.0,0,0,0,-9999.0,0.5,1,P4_CV0,3,1,1,1,1
5,2535011.582,720257.8531,R5_F5_m5f5_P5_Y0_UO186,R5_F5_m-1f-1_P5_Y-1_U21,R5_F5_m-1f-1_P5_Y-1_U100,FXX,1,61.257320758485626,0,0,0.0,0,0,0,-9999.0,0.5,1,P4_CV0,3,1,1,1,1
5,2535011.582,720257.8531,R5_F5_m5f5_P5_Y0_UO187,R5_F5_m-1f-1_P5_Y-1_U21,R5_F5_m-1f-1_P5_Y-1_U100,MXY,1,61.257320758485626,0,0,0.0,0,0,0,-9999.0,0.5,1,P4_CV0,3,1,1,2,0
5,2535011.582,720257.8531,R5_F5_m5f5_P5_Y0_UO188,R5_F5_m-1f-1_P5_Y-1_U21,R5_F5_m-1f-1_P5_Y-1_U100,MXY,1,61.257320758485626,0,0,0.0,0,0,0,-9999.0,0.5,1,P4_CV0,3,1,1,2,0
5,2535011.582,720257.8531,R5_F5_m5f5_P5_Y0_UO189,R5_F5_m-1f-1_P5_Y-1_U21,R5_F5_m-1f-1_P5_Y-1_U100,FXX,1,61.257320758485626,0,0,0.0,0,0,0,-9999.0,0.5,1,P4_CV0,3,2,0,2,0
5,2535011.582,720257.8531,R5_F5_m5f5_P5_Y0_UO190,R5_F5_m-1f-1_P5_Y-1_U21,R5_F5_m-1f-1_P5_Y-1_U100,MXY,1,61.257320758485626,0,0,0.0,0,0,0,-9999.0,0.5,1,P4_CV0,3,1,1,2,0
5,2535011.582,720257.8531,R5_F5_m5f5_P5_Y0_UO191,R5_F5_m-1f-1_P5_Y-1_U21,R5_F5_m-1f-1_P5_Y-1_U100,FXX,1,61.257320758485626,0,0,0.0,0,0,0,-9999.0,0.5,1,P4_CV0,3,0,2,0,2
5,2535011.582,720257.8531,R5_F5_m5f5_P5_Y0_UO192,R5_F5_m-1f-1_P5_Y-1_U21,R5_F5_m-1f-1_P5_Y-1_U100,MXY,1,61.257320758485626,0,0,0.0,0,0,0,-9999.0,0.5,1,P4_CV0,3,0,2,1,1
5,2535011.582,720257.8531,R5_F5_m5f5_P5_Y0_UO257,R5_F5_m-1f-1_P5_Y-1_U21,R5_F5_m-1f-1_P5_Y-1_U19,FXX,1,61.257320758485626,0,0,0.0,0,0,0,-9999.0,0.5,1,P4_CV0,3,2,0,1,1
5,2535011.582,720257.8531,R5_F5_m5f5_P5_Y0_UO258,R5_F5_m-1f-1_P5_Y-1_U21,R5_F5_m-1f-1_P5_Y-1_U19,FXX,1,61.257320758485626,0,0,0.0,0,0,0,-9999.0,0.5,1,P4_CV0,3,2,0,1,1
5,2535011.582,720257.8531,R5_F5_m5f5_P5_Y0_UO259,R5_F5_m-1f-1_P5_Y-1_U21,R5_F5_m-1f-1_P5_Y-1_U19,FXX,1,61.257320758485626,0,0,0.0,0,0,0,-9999.0,0.5,1,P4_CV0,3,1,1,1,1
5,2535011.582,720257.8531,R5_F5_m5f5_P5_Y0_UO260,R5_F5_m-1f-1_P5_Y-1_U21,R5_F5_m-1f-1_P5_Y-1_U19,MXY,1,61.257320758485626,0,0,0.0,0,0,0,-9999.0,0.5,1,P4_CV0,3,1,1,1,1
5,2535011.582,720257.8531,R5_F5_m5f5_P5_Y0_UO269,R5_F5_m-1f-1_P5_Y-1_U123,R5_F5_m-1f-1_P5_Y-1_U63,MXY,1,61.257320758485626,0,0,0.0,0,0,0,-9999.0,0.5,1,P4_CV0,3,2,0,0,2
5,2535011.582,720257.8531,R5_F5_m5f5_P5_Y0_UO270,R5_F5_m-1f-1_P5_Y-1_U123,R5_F5_m-1f-1_P5_Y-1_U63,FXX,1,61.257320758485626,0,0,0.0,0,0,0,-9999.0,0.5,1,P4_CV0,3,1,1,1,1
5,2535011.582,720257.8531,R5_F5_m5f5_P5_Y0_UO271,R5_F5_m-1f-1_P5_Y-1_U123,R5_F5_m-1f-1_P5_Y-1_U63,FXX,1,61.257320758485626,0,0,0.0,0,0,0,-9999.0,0.5,1,P4_CV0,3,1,1,0,2
5,2535011.582,720257.8531,R5_F5_m5f5_P5_Y0_UO272,R5_F5_m-1f-1_P5_Y-1_U123,R5_F5_m-1f-1_P5_Y-1_U63,FXX,1,61.257320758485626,0,0,0.0,0,0,0,-9999.0,0.5,1,P4_CV0,3,2,0,0,2
5,2535011.582,720257.8531,R5_F5_m5f5_P5_Y0_UO273,R5_F5_m-1f-1_P5_Y-1_U123,R5_F5_m-1f-1_P5_Y-1_U63,FXX,1,61.257320758485626,0,0,0.0,0,0,0,-9999.0,0.5,1,P4_CV0,3,2,0,1,1
5,2535011.582,720257.8531,R5_F5_m5f5_P5_Y0_UO274,R5_F5_m-1f-1_P5_Y-1_U123,R5_F5_m-1f-1_P5_Y-1_U63,FXX,1,61.257320758485626,0,0,0.0,0,0,0,-9999.0,0.5,1,P4_CV0,3,0,2,2,0
5,2535011.582,720257.8531,R5_F5_m5f5_P5_Y0_UO275,R5_F5_m-1f-1_P5_Y-1_U123,R5_F5_m-1f-1_P5_Y-1_U63,FXX,1,61.257320758485626,0,0,0.0,0,0,0,-9999.0,0.5,1,P4_CV0,3,1,1,2,0
5,2535011.582,720257.8531,R5_F5_m5f5_P5_Y0_UO276,R5_F5_m-1f-1_P5_Y-1_U123,R5_F5_m-1f-1_P5_Y-1_U63,FXX,1,61.257320758485626,0,0,0.0,0,0,0,-9999.0,0.5,1,P4_CV0,3,0,2,0,2
5,2535011.582,720257.8531,R5_F5_m5f5_P5_Y0_UO277,R5_F5_m-1f-1_P5_Y-1_U123,R5_F5_m-1f-1_P5_Y-1_U63,MXY,1,61.257320758485626,0,0,0.0,0,0,0,-9999.0,0.5,1,P4_CV0,3,1,1,1,1
5,2535011.582,720257.8531,R5_F5_m5f5_P5_Y0_UO295,R5_F5_m-1f-1_P5_Y-1_U94,R5_F5_m-1f-1_P5_Y-1_U11,FXX,1,61.257320758485626,0,0,0.0,0,0,0,-9999.0,0.5,1,P4_CV0,3,2,0,1,1
5,2535011.582,720257.8531,R5_F5_m5f5_P5_Y0_UO296,R5_F5_m-1f-1_P5_Y-1_U94,R5_F5_m-1f-1_P5_Y-1_U11,MXY,1,61.257320758485626,0,0,0.0,0,0,0,-9999.0,0.5,1,P4_CV0,3,1,1,1,1
5,2535011.582,720257.8531,R5_F5_m5f5_P5_Y0_UO297,R5_F5_m-1f-1_P5_Y-1_U94,R5_F5_m-1f-1_P5_Y-1_U11,MXY,1,61.257320758485626,0,0,0.0,0,0,0,-9999.0,0.5,1,P4_CV0,3,2,0,1,1
5,2535011.582,720257.8531,R5_F5_m5f5_P5_Y0_UO298,R5_F5_m-1f-1_P5_Y-1_U94,R5_F5_m-1f-1_P5_Y-1_U11,MXY,1,61.257320758485626,0,0,0.0,0,0,0,-9999.0,0.5,1,P4_CV0,3,2,0,0,2
5,2535011.582,720257.8531,R5_F5_m5f5_P5_Y0_UO299,R5_F5_m-1f-1_P5_Y-1_U94,R5_F5_m-1f-1_P5_Y-1_U11,FXX,1,61.257320758485626,0,0,0.0,0,0,0,-9999.0,0.5,1,P4_CV0,3,2,0,1,1
5,2535011.582,720257.8531,R5_F5_m5f5_P5_Y0_UO300,R5_F5_m-1f-1_P5_Y-1_U94,R5_F5_m-1f-1_P5_Y-1_U11,MXY,1,61.257320758485626,0,0,0.0,0,0,0,-9999.0,0.5,1,P4_CV0,3,0,2,1,1
5,2535011.582,720257.8531,R5_F5_m5f5_P5_Y0_UO301,R5_F5_m-1f-1_P5_Y-1_U94,R5_F5_m-1f-1_P5_Y-1_U11,FXX,1,61.257320758485626,0,0,0.0,0,0,0,-9999.0,0.5,1,P4_CV0,3,1,1,2,0
5,2535011.582,720257.8531,R5_F5_m5f5_P5_Y0_UO302,R5_F5_m-1f-1_P5_Y-1_U94,R5_F5_m-1f-1_P5_Y-1_U11,MXY,1,61.257320758485626,0,0,0.0,0,0,0,-9999.0,0.5,1,P4_CV0,3,1,1,1,1
5,2535011.582,720257.8531,R5_F5_m5f5_P5_Y0_UO303,R5_F5_m-1f-1_P5_Y-1_U94,R5_F5_m-1f-1_P5_Y-1_U11,MXY,1,61.257320758485626,0,0,0.0,0,0,0,-9999.0,0.5,1,P4_CV0,3,1,1,0,2
5,2535011.582,720257.8531,R5_F5_m5f5_P5_Y0_UO304,R5_F5_m-1f-1_P5_Y-1_U94,R5_F5_m-1f-1_P5_Y-1_U11,MXY,1,61.257320758485626,0,0,0.0,0,0,0,-9999.0,0.5,1,P4_CV0,3,2,0,0,2
5,2535011.582,720257.8531,R5_F5_m5f5_P5_Y0_UO305,R5_F5_m-1f-1_P5_Y-1_U94,R5_F5_m-1f-1_P5_Y-1_U11,MXY,1,61.257320758485626,0,0,0.0,0,0,0,-9999.0,0.5,1,P4_CV0,3,1,1,0,2
5,2535011.582,720257.8531,R5_F5_m5f5_P5_Y0_UO306,R5_F5_m-1f-1_P5_Y-1_U94,R5_F5_m-1f-1_P5_Y-1_U11,FXX,1,61.257320758485626,0,0,0.0,0,0,0,-9999.0,0.5,1,P4_CV0,3,1,1,2,0
5,2535011.582,720257.8531,R5_F5_m5f5_P5_Y0_UO342,R5_F5_m-1f-1_P5_Y-1_U80,R5_F5_m-1f-1_P5_Y-1_U91,MXY,1,61.257320758485626,0,0,0.0,0,0,0,-9999.0,0.25,1,P4_CV0,3,1,1,0,2
5,2535011.582,720257.8531,R5_F5_m5f5_P5_Y0_UO343,R5_F5_m-1f-1_P5_Y-1_U80,R5_F5_m-1f-1_P5_Y-1_U91,MXY,1,61.257320758485626,0,0,0.0,0,0,0,-9999.0,0.25,1,P4_CV0,3,2,0,0,2
5,2535011.582,720257.8531,R5_F5_m5f5_P5_Y0_UO344,R5_F5_m-1f-1_P5_Y-1_U80,R5_F5_m-1f-1_P5_Y-1_U91,FXX,1,61.257320758485626,0,0,0.0,0,0,0,-9999.0,0.25,1,P4_CV0,3,0,2,1,1
5,2535011.582,720257.8531,R5_F5_m5f5_P5_Y0_UO345,R5_F5_m-1f-1_P5_Y-1_U80,R5_F5_m-1f-1_P5_Y-1_U91,FXX,1,61.257320758485626,0,0,0.0,0,0,0,-9999.0,0.25,1,P4_CV0,3,1,1,0,2
5,2535011.582,720257.8531,R5_F5_m5f5_P5_Y0_UO382,R5_F5_m-1f-1_P5_Y-1_U58,R5_F5_m-1f-1_P5_Y-1_U41,MXY,1,61.257320758485626,0,0,0.0,0,0,0,-9999.0,0.75,1,P4_CV0,3,1,1,2,0
5,2535011.582,720257.8531,R5_F5_m5f5_P5_Y0_UO383,R5_F5_m-1f-1_P5_Y-1_U58,R5_F5_m-1f-1_P5_Y-1_U41,MXY,1,61.257320758485626,0,0,0.0,0,0,0,-9999.0,0.75,1,P4_CV0,3,1,1,2,0
5,2535011.582,720257.8531,R5_F5_m5f5_P5_Y0_UO384,R5_F5_m-1f-1_P5_Y-1_U58,R5_F5_m-1f-1_P5_Y-1_U41,MXY,1,61.257320758485626,0,0,0.0,0,0,0,-9999.0,0.75,1,P4_CV0,3,1,1,2,0
5,2535011.582,720257.8531,R5_F5_m5f5_P5_Y0_UO389,R5_F5_m-1f-1_P5_Y-1_U58,R5_F5_m-1f-1_P5_Y-1_U66,FXX,1,61.257320758485626,0,0,0.0,0,0,0,-9999.0,0.75,1,P4_CV0,3,0,2,1,1
5,2535011.582,720257.8531,R5_F5_m5f5_P5_Y0_UO401,R5_F5_m-1f-1_P5_Y-1_U58,R5_F5_m-1f-1_P5_Y-1_U42,FXX,1,61.257320758485626,0,0,0.0,0,0,0,-9999.0,0.75,1,P4_CV0,3,1,1,1,1
5,2535011.582,720257.8531,R5_F5_m5f5_P5_Y0_UO402,R5_F5_m-1f-1_P5_Y-1_U58,R5_F5_m-1f-1_P5_Y-1_U42,MXY,1,61.257320758485626,0,0,0.0,0,0,0,-9999.0,0.75,1,P4_CV0,3,0,2,2,0
5,2535011.582,720257.8531,R5_F5_m5f5_P5_Y0_UO403,R5_F5_m-1f-1_P5_Y-1_U58,R5_F5_m-1f-1_P5_Y-1_U42,MXY,1,61.257320758485626,0,0,0.0,0,0,0,-9999.0,0.75,1,P4_CV0,3,2,0,0,2
5,2535011.582,720257.8531,R5_F5_m5f5_P5_Y0_UO404,R5_F5_m-1f-1_P5_Y-1_U58,R5_F5_m-1f-1_P5_Y-1_U42,FXX,1,61.257320758485626,0,0,0.0,0,0,0,-9999.0,0.75,1,P4_CV0,3,1,1,0,2
5,2535011.582,720257.8531,R5_F5_m5f5_P5_Y0_UO407,R5_F5_m-1f-1_P5_Y-1_U57,R5_F5_m-1f-1_P5_Y-1_U41,MXY,1,61.257320758485626,0,0,0.0,0,0,0,-9999.0,0.5,1,P4_CV0,3,2,0,1,1
5,2535011.582,720257.8531,R5_F5_m5f5_P5_Y0_UO408,R5_F5_m-1f-1_P5_Y-1_U57,R5_F5_m-1f-1_P5_Y-1_U41,MXY,1,61.257320758485626,0,0,0.0,0,0,0,-9999.0,0.5,1,P4_CV0,3,1,1,1,1
5,2535011.582,720257.8531,R5_F5_m5f5_P5_Y0_UO409,R5_F5_m-1f-1_P5_Y-1_U57,R5_F5_m-1f-1_P5_Y-1_U41,MXY,1,61.257320758485626,0,0,0.0,0,0,0,-9999.0,0.5,1,P4_CV0,3,1,1,1,1
5,2535011.582,720257.8531,R5_F5_m5f5_P5_Y0_UO410,R5_F5_m-1f-1_P5_Y-1_U57,R5_F5_m-1f-1_P5_Y-1_U41,FXX,1,61.257320758485626,0,0,0.0,0,0,0,-9999.0,0.5,1,P4_CV0,3,0,2,2,0
5,2535011.582,720257.8531,R5_F5_m5f5_P5_Y0_UO411,R5_F5_m-1f-1_P5_Y-1_U57,R5_F5_m-1f-1_P5_Y-1_U41,MXY,1,61.257320758485626,0,0,0.0,0,0,0,-9999.0,0.5,1,P4_CV0,3,1,1,2,0
5,2535011.582,720257.8531,R5_F5_m5f5_P5_Y0_UO412,R5_F5_m-1f-1_P5_Y-1_U57,R5_F5_m-1f-1_P5_Y-1_U41,MXY,1,61.257320758485626,0,0,0.0,0,0,0,-9999.0,0.5,1,P4_CV0,3,2,0,1,1
5,2535011.582,720257.8531,R5_F5_m5f5_P5_Y0_UO414,R5_F5_m-1f-1_P5_Y-1_U37,R5_F5_m-1f-1_P5_Y-1_U84,MXY,1,61.257320758485626,0,0,0.0,0,0,0,-9999.0,0.0,1,P4_CV0,3,0,2,1,1
5,2535011.582,720257.8531,R5_F5_m5f5_P5_Y0_UO415,R5_F5_m-1f-1_P5_Y-1_U37,R5_F5_m-1f-1_P5_Y-1_U84,MXY,1,61.257320758485626,0,0,0.0,0,0,0,-9999.0,0.0,1,P4_CV0,3,0,2,1,1
5,2535011.582,720257.8531,R5_F5_m5f5_P5_Y0_UO416,R5_F5_m-1f-1_P5_Y-1_U37,R5_F5_m-1f-1_P5_Y-1_U84,FXX,1,61.257320758485626,0,0,0.0,0,0,0,-9999.0,0.0,1,P4_CV0,3,1,1,1,1
5,2535011.582,720257.8531,R5_F5_m5f5_P5_Y0_UO417,R5_F5_m-1f-1_P5_Y-1_U37,R5_F5_m-1f-1_P5_Y-1_U84,FXX,1,61.257320758485626,0,0,0.0,0,0,0,-9999.0,0.0,1,P4_CV0,3,2,0,1,1
5,2535011.582,720257.8531,R5_F5_m5f5_P5_Y0_UO481,R5_F5_m-1f-1_P5_Y-1_U57,R5_F5_m-1f-1_P5_Y-1_U4,MXY,1,61.257320758485626,0,0,0.0,0,0,0,-9999.0,0.75,1,P4_CV0,3,0,2,1,1
5,2535011.582,720257.8531,R5_F5_m5f5_P5_Y0_UO482,R5_F5_m-1f-1_P5_Y-1_U57,R5_F5_m-1f-1_P5_Y-1_U4,MXY,1,61.257320758485626,0,0,0.0,0,0,0,-9999.0,0.75,1,P4_CV0,3,1,1,1,1
5,2535011.582,720257.8531,R5_F5_m5f5_P5_Y0_UO483,R5_F5_m-1f-1_P5_Y-1_U57,R5_F5_m-1f-1_P5_Y-1_U4,FXX,1,61.257320758485626,0,0,0.0,0,0,0,-9999.0,0.75,1,P4_CV0,3,1,1,2,0
5,2535011.582,720257.8531,R5_F5_m5f5_P5_Y0_UO484,R5_F5_m-1f-1_P5_Y-1_U57,R5_F5_m-1f-1_P5_Y-1_U4,FXX,1,61.257320758485626,0,0,0.0,0,0,0,-9999.0,0.75,1,P4_CV0,3,0,2,1,1
5,2535011.582,720257.8531,R5_F5_m5f5_P5_Y0_UO509,R5_F5_m-1f-1_P5_Y-1_U49,R5_F5_m-1f-1_P5_Y-1_U102,MXY,1,61.257320758485626,0,0,0.0,0,0,0,-9999.0,0.5,1,P4_CV0,3,1,1,1,1
5,2535011.582,720257.8531,R5_F5_m5f5_P5_Y0_UO510,R5_F5_m-1f-1_P5_Y-1_U49,R5_F5_m-1f-1_P5_Y-1_U102,FXX,1,61.257320758485626,0,0,0.0,0,0,0,-9999.0,0.5,1,P4_CV0,3,1,1,1,1
5,2535011.582,720257.8531,R5_F5_m5f5_P5_Y0_UO511,R5_F5_m-1f-1_P5_Y-1_U49,R5_F5_m-1f-1_P5_Y-1_U102,MXY,1,61.257320758485626,0,0,0.0,0,0,0,-9999.0,0.5,1,P4_CV0,3,1,1,2,0
5,2535011.582,720257.8531,R5_F5_m5f5_P5_Y0_UO512,R5_F5_m-1f-1_P5_Y-1_U49,R5_F5_m-1f-1_P5_Y-1_U102,MXY,1,61.257320758485626,0,0,0.0,0,0,0,-9999.0,0.5,1,P4_CV0,3,0,2,1,1
5,2535011.582,720257.8531,R5_F5_m5f5_P5_Y0_UO513,R5_F5_m-1f-1_P5_Y-1_U49,R5_F5_m-1f-1_P5_Y-1_U102,FXX,1,61.257320758485626,0,0,0.0,0,0,0,-9999.0,0.5,1,P4_CV0,3,1,1,2,0
5,2535011.582,720257.8531,R5_F5_m5f5_P5_Y0_UO514,R5_F5_m-1f-1_P5_Y-1_U49,R5_F5_m-1f-1_P5_Y-1_U102,FXX,1,61.257320758485626,0,0,0.0,0,0,0,-9999.0,0.5,1,P4_CV0,3,1,1,2,0
5,2535011.582,720257.8531,R5_F5_m5f5_P5_Y0_UO515,R5_F5_m-1f-1_P5_Y-1_U49,R5_F5_m-1f-1_P5_Y-1_U102,FXX,1,61.257320758485626,0,0,0.0,0,0,0,-9999.0,0.5,1,P4_CV0,3,1,1,2,0
5,2535011.582,720257.8531,R5_F5_m5f5_P5_Y0_UO522,R5_F5_m-1f-1_P5_Y-1_U126,R5_F5_m-1f-1_P5_Y-1_U39,FXX,1,61.257320758485626,0,0,0.0,0,0,0,-9999.0,0.5,1,P4_CV0,3,2,0,2,0
5,2535011.582,720257.8531,R5_F5_m5f5_P5_Y0_UO523,R5_F5_m-1f-1_P5_Y-1_U126,R5_F5_m-1f-1_P5_Y-1_U39,MXY,1,61.257320758485626,0,0,0.0,0,0,0,-9999.0,0.5,1,P4_CV0,3,1,1,2,0
5,2535011.582,720257.8531,R5_F5_m5f5_P5_Y0_UO524,R5_F5_m-1f-1_P5_Y-1_U126,R5_F5_m-1f-1_P5_Y-1_U39,FXX,1,61.257320758485626,0,0,0.0,0,0,0,-9999.0,0.5,1,P4_CV0,3,1,1,1,1
5,2535011.582,720257.8531,R5_F5_m5f5_P5_Y0_UO525,R5_F5_m-1f-1_P5_Y-1_U126,R5_F5_m-1f-1_P5_Y-1_U39,FXX,1,61.257320758485626,0,0,0.0,0,0,0,-9999.0,0.5,1,P4_CV0,3,2,0,0,2
5,2535011.582,720257.8531,R5_F5_m5f5_P5_Y0_UO526,R5_F5_m-1f-1_P5_Y-1_U126,R5_F5_m-1f-1_P5_Y-1_U39,MXY,1,61.257320758485626,0,0,0.0,0,0,0,-9999.0,0.5,1,P4_CV0,3,1,1,1,1
5,2535011.582,720257.8531,R5_F5_m5f5_P5_Y0_UO538,R5_F5_m-1f-1_P5_Y-1_U15,R5_F5_m-1f-1_P5_Y-1_U63,MXY,1,61.257320758485626,0,0,0.0,0,0,0,-9999.0,0.75,1,P4_CV0,3,2,0,1,1
5,2535011.582,720257.8531,R5_F5_m5f5_P5_Y0_UO539,R5_F5_m-1f-1_P5_Y-1_U15,R5_F5_m-1f-1_P5_Y-1_U63,MXY,1,61.257320758485626,0,0,0.0,0,0,0,-9999.0,0.75,1,P4_CV0,3,1,1,2,0
5,2535011.582,720257.8531,R5_F5_m5f5_P5_Y0_UO540,R5_F5_m-1f-1_P5_Y-1_U15,R5_F5_m-1f-1_P5_Y-1_U63,MXY,1,61.257320758485626,0,0,0.0,0,0,0,-9999.0,0.75,1,P4_CV0,3,1,1,2,0
5,2535011.582,720257.8531,R5_F5_m5f5_P5_Y0_UO541,R5_F5_m-1f-1_P5_Y-1_U15,R5_F5_m-1f-1_P5_Y-1_U63,MXY,1,61.257320758485626,0,0,0.0,0,0,0,-9999.0,0.75,1,P4_CV0,3,1,1,0,2
5,2535011.582,720257.8531,R5_F5_m5f5_P5_Y0_UO542,R5_F5_m-1f-1_P5_Y-1_U15,R5_F5_m-1f-1_P5_Y-1_U63,MXY,1,61.257320758485626,0,0,0.0,0,0,0,-9999.0,0.75,1,P4_CV0,3,0,2,1,1
5,2535011.582,720257.8531,R5_F5_m5f5_P5_Y0_UO543,R5_F5_m-1f-1_P5_Y-1_U15,R5_F5_m-1f-1_P5_Y-1_U63,FXX,1,61.257320758485626,0,0,0.0,0,0,0,-9999.0,0.75,1,P4_CV0,3,2,0,1,1
5,2535011.582,720257.8531,R5_F5_m5f5_P5_Y0_UO544,R5_F5_m-1f-1_P5_Y-1_U15,R5_F5_m-1f-1_P5_Y-1_U63,MXY,1,61.257320758485626,0,0,0.0,0,0,0,-9999.0,0.75,1,P4_CV0,3,2,0,1,1
5,2535011.582,720257.8531,R5_F5_m5f5_P5_Y0_UO605,R5_F5_m-1f-1_P5_Y-1_U64,R5_F5_m-1f-1_P5_Y-1_U92,MXY,1,61.257320758485626,0,0,0.0,0,0,0,-9999.0,0.5,1,P4_CV0,3,0,2,1,1
5,2535011.582,720257.8531,R5_F5_m5f5_P5_Y0_UO606,R5_F5_m-1f-1_P5_Y-1_U64,R5_F5_m-1f-1_P5_Y-1_U92,MXY,1,61.257320758485626,0,0,0.0,0,0,0,-9999.0,0.5,1,P4_CV0,3,1,1,1,1
5,2535011.582,720257.8531,R5_F5_m5f5_P5_Y0_UO607,R5_F5_m-1f-1_P5_Y-1_U64,R5_F5_m-1f-1_P5_Y-1_U92,MXY,1,61.257320758485626,0,0,0.0,0,0,0,-9999.0,0.5,1,P4_CV0,3,2,0,2,0
5,2535011.582,720257.8531,R5_F5_m5f5_P5_Y0_UO608,R5_F5_m-1f-1_P5_Y-1_U64,R5_F5_m-1f-1_P5_Y-1_U92,MXY,1,61.257320758485626,0,0,0.0,0,0,0,-9999.0,0.5,1,P4_CV0,3,1,1,1,1
5,2535011.582,720257.8531,R5_F5_m5f5_P5_Y0_UO609,R5_F5_m-1f-1_P5_Y-1_U64,R5_F5_m-1f-1_P5_Y-1_U92,FXX,1,61.257320758485626,0,0,0.0,0,0,0,-9999.0,0.5,1,P4_CV0,3,1,1,1,1
5,2535011.582,720257.8531,R5_F5_m5f5_P5_Y0_UO610,R5_F5_m-1f-1_P5_Y-1_U64,R5_F5_m-1f-1_P5_Y-1_U92,FXX,1,61.257320758485626,0,0,0.0,0,0,0,-9999.0,0.5,1,P4_CV0,3,2,0,1,1
5,2535011.582,720257.8531,R5_F5_m5f5_P5_Y0_UO611,R5_F5_m-1f-1_P5_Y-1_U64,R5_F5_m-1f-1_P5_Y-1_U92,MXY,1,61.257320758485626,0,0,0.0,0,0,0,-9999.0,0.5,1,P4_CV0,3,1,1,0,2
5,2535011.582,720257.8531,R5_F5_m5f5_P5_Y0_UO612,R5_F5_m-1f-1_P5_Y-1_U64,R5_F5_m-1f-1_P5_Y-1_U92,FXX,1,61.257320758485626,0,0,0.0,0,0,0,-9999.0,0.5,1,P4_CV0,3,0,2,0,2
5,2535011.582,720257.8531,R5_F5_m5f5_P5_Y0_UO613,R5_F5_m-1f-1_P5_Y-1_U64,R5_F5_m-1f-1_P5_Y-1_U92,FXX,1,61.257320758485626,0,0,0.0,0,0,0,-9999.0,0.5,1,P4_CV0,3,1,1,1,1
5,2535011.582,720257.8531,R5_F5_m5f5_P5_Y0_UO614,R5_F5_m-1f-1_P5_Y-1_U64,R5_F5_m-1f-1_P5_Y-1_U92,FXX,1,61.257320758485626,0,0,0.0,0,0,0,-9999.0,0.5,1,P4_CV0,3,1,1,1,1
5,2535011.582,720257.8531,R5_F5_m5f5_P5_Y0_UO615,R5_F5_m-1f-1_P5_Y-1_U64,R5_F5_m-1f-1_P5_Y-1_U92,FXX,1,61.257320758485626,0,0,0.0,0,0,0,-9999.0,0.5,1,P4_CV0,3,1,1,2,0
5,2535011.582,720257.8531,R5_F5_m5f5_P5_Y0_UO616,R5_F5_m-1f-1_P5_Y-1_U64,R5_F5_m-1f-1_P5_Y-1_U92,FXX,1,61.257320758485626,0,0,0.0,0,0,0,-9999.0,0.5,1,P4_CV0,3,1,1,1,1
5,2535011.582,720257.8531,R5_F5_m5f5_P5_Y0_UO617,R5_F5_m-1f-1_P5_Y-1_U64,R5_F5_m-1f-1_P5_Y-1_U92,MXY,1,61.257320758485626,0,0,0.0,0,0,0,-9999.0,0.5,1,P4_CV0,3,1,1,0,2
5,2535011.582,720257.8531,R5_F5_m5f5_P5_Y0_UO618,R5_F5_m-1f-1_P5_Y-1_U64,R5_F5_m-1f-1_P5_Y-1_U92,MXY,1,61.257320758485626,0,0,0.0,0,0,0,-9999.0,0.5,1,P4_CV0,3,0,2,1,1
5,2535011.582,720257.8531,R5_F5_m5f5_P5_Y0_UO619,R5_F5_m-1f-1_P5_Y-1_U64,R5_F5_m-1f-1_P5_Y-1_U92,FXX,1,61.257320758485626,0,0,0.0,0,0,0,-9999.0,0.5,1,P4_CV0,3,1,1,2,0
5,2535011.582,720257.8531,R5_F5_m5f5_P5_Y0_UO620,R5_F5_m-1f-1_P5_Y-1_U64,R5_F5_m-1f-1_P5_Y-1_U92,MXY,1,61.257320758485626,0,0,0.0,0,0,0,-9999.0,0.5,1,P4_CV0,3,1,1,1,1
5,2535011.582,720257.8531,R5_F5_m5f5_P5_Y0_UO631,R5_F5_m-1f-1_P5_Y-1_U38,R5_F5_m-1f-1_P5_Y-1_U8,FXX,1,61.257320758485626,0,0,0.0,0,0,0,-9999.0,0.25,1,P4_CV0,3,1,1,1,1
5,2535011.582,720257.8531,R5_F5_m5f5_P5_Y0_UO632,R5_F5_m-1f-1_P5_Y-1_U38,R5_F5_m-1f-1_P5_Y-1_U8,FXX,1,61.257320758485626,0,0,0.0,0,0,0,-9999.0,0.25,1,P4_CV0,3,0,2,1,1
5,2535011.582,720257.8531,R5_F5_m5f5_P5_Y0_UO633,R5_F5_m-1f-1_P5_Y-1_U38,R5_F5_m-1f-1_P5_Y-1_U8,MXY,1,61.257320758485626,0,0,0.0,0,0,0,-9999.0,0.25,1,P4_CV0,3,1,1,2,0
5,2535011.582,720257.8531,R5_F5_m5f5_P5_Y0_UO634,R5_F5_m-1f-1_P5_Y-1_U38,R5_F5_m-1f-1_P5_Y-1_U8,MXY,1,61.257320758485626,0,0,0.0,0,0,0,-9999.0,0.25,1,P4_CV0,3,1,1,0,2
5,2535011.582,720257.8531,R5_F5_m5f5_P5_Y0_UO635,R5_F5_m-1f-1_P5_Y-1_U38,R5_F5_m-1f-1_P5_Y-1_U8,FXX,1,61.257320758485626,0,0,0.0,0,0,0,-9999.0,0.25,1,P4_CV0,3,1,1,1,1
5,2535011.582,720257.8531,R5_F5_m5f5_P5_Y0_UO636,R5_F5_m-1f-1_P5_Y-1_U38,R5_F5_m-1f-1_P5_Y-1_U8,FXX,1,61.257320758485626,0,0,0.0,0,0,0,-9999.0,0.25,1,P4_CV0,3,2,0,1,1
5,2535011.582,720257.8531,R5_F5_m5f5_P5_Y0_UO637,R5_F5_m-1f-1_P5_Y-1_U38,R5_F5_m-1f-1_P5_Y-1_U8,FXX,1,61.257320758485626,0,0,0.0,0,0,0,-9999.0,0.25,1,P4_CV0,3,1,1,1,1
5,2535011.582,720257.8531,R5_F5_m5f5_P5_Y0_UO638,R5_F5_m-1f-1_P5_Y-1_U38,R5_F5_m-1f-1_P5_Y-1_U8,MXY,1,61.257320758485626,0,0,0.0,0,0,0,-9999.0,0.25,1,P4_CV0,3,1,1,1,1
5,2535011.582,720257.8531,R5_F5_m5f5_P5_Y0_UO639,R5_F5_m-1f-1_P5_Y-1_U38,R5_F5_m-1f-1_P5_Y-1_U8,FXX,1,61.257320758485626,0,0,0.0,0,0,0,-9999.0,0.25,1,P4_CV0,3,0,2,1,1
5,2535011.582,720257.8531,R5_F5_m5f5_P5_Y0_UO640,R5_F5_m-1f-1_P5_Y-1_U38,R5_F5_m-1f-1_P5_Y-1_U8,MXY,1,61.257320758485626,0,0,0.0,0,0,0,-9999.0,0.25,1,P4_CV0,3,0,2,2,0
5,2535011.582,720257.8531,R5_F5_m5f5_P5_Y0_UO641,R5_F5_m-1f-1_P5_Y-1_U38,R5_F5_m-1f-1_P5_Y-1_U8,MXY,1,61.257320758485626,0,0,0.0,0,0,0,-9999.0,0.25,1,P4_CV0,3,2,0,2,0
5,2535011.582,720257.8531,R5_F5_m5f5_P5_Y0_UO642,R5_F5_m-1f-1_P5_Y-1_U38,R5_F5_m-1f-1_P5_Y-1_U8,MXY,1,61.257320758485626,0,0,0.0,0,0,0,-9999.0,0.25,1,P4_CV0,3,1,1,2,0
5,2535011.582,720257.8531,R5_F5_m5f5_P5_Y0_UO643,R5_F5_m-1f-1_P5_Y-1_U38,R5_F5_m-1f-1_P5_Y-1_U8,FXX,1,61.257320758485626,0,0,0.0,0,0,0,-9999.0,0.25,1,P4_CV0,3,2,0,2,0
5,2535011.582,720257.8531,R5_F5_m5f5_P5_Y0_UO644,R5_F5_m-1f-1_P5_Y-1_U49,R5_F5_m-1f-1_P5_Y-1_U84,MXY,1,61.257320758485626,0,0,0.0,0,0,0,-9999.0,0.25,1,P4_CV0,3,1,1,1,1
5,2535011.582,720257.8531,R5_F5_m5f5_P5_Y0_UO645,R5_F5_m-1f-1_P5_Y-1_U49,R5_F5_m-1f-1_P5_Y-1_U84,FXX,1,61.257320758485626,0,0,0.0,0,0,0,-9999.0,0.25,1,P4_CV0,3,1,1,1,1
5,2535011.582,720257.8531,R5_F5_m5f5_P5_Y0_UO646,R5_F5_m-1f-1_P5_Y-1_U49,R5_F5_m-1f-1_P5_Y-1_U84,MXY,1,61.257320758485626,0,0,0.0,0,0,0,-9999.0,0.25,1,P4_CV0,3,2,0,1,1
5,2535011.582,720257.8531,R5_F5_m5f5_P5_Y0_UO647,R5_F5_m-1f-1_P5_Y-1_U49,R5_F5_m-1f-1_P5_Y-1_U84,MXY,1,61.257320758485626,0,0,0.0,0,0,0,-9999.0,0.25,1,P4_CV0,3,0,2,0,2
5,2535011.582,720257.8531,R5_F5_m5f5_P5_Y0_UO648,R5_F5_m-1f-1_P5_Y-1_U49,R5_F5_m-1f-1_P5_Y-1_U84,MXY,1,61.257320758485626,0,0,0.0,0,0,0,-9999.0,0.25,1,P4_CV0,3,1,1,1,1
5,2535011.582,720257.8531,R5_F5_m5f5_P5_Y0_UO688,R5_F5_m-1f-1_P5_Y-1_U126,R5_F5_m-1f-1_P5_Y-1_U61,FXX,1,61.257320758485626,0,0,0.0,0,0,0,-9999.0,0.75,1,P4_CV0,3,1,1,0,2
5,2535011.582,720257.8531,R5_F5_m5f5_P5_Y0_UO689,R5_F5_m-1f-1_P5_Y-1_U126,R5_F5_m-1f-1_P5_Y-1_U61,FXX,1,61.257320758485626,0,0,0.0,0,0,0,-9999.0,0.75,1,P4_CV0,3,2,0,0,2
5,2535011.582,720257.8531,R5_F5_m5f5_P5_Y0_UO690,R5_F5_m-1f-1_P5_Y-1_U126,R5_F5_m-1f-1_P5_Y-1_U61,FXX,1,61.257320758485626,0,0,0.0,0,0,0,-9999.0,0.75,1,P4_CV0,3,2,0,2,0
5,2535011.582,720257.8531,R5_F5_m5f5_P5_Y0_UO691,R5_F5_m-1f-1_P5_Y-1_U126,R5_F5_m-1f-1_P5_Y-1_U61,MXY,1,61.257320758485626,0,0,0.0,0,0,0,-9999.0,0.75,1,P4_CV0,3,1,1,1,1
5,2535011.582,720257.8531,R5_F5_m5f5_P5_Y0_UO726,R5_F5_m-1f-1_P5_Y-1_U94,R5_F5_m-1f-1_P5_Y-1_U43,MXY,1,61.257320758485626,0,0,0.0,0,0,0,-9999.0,0.5,1,P4_CV0,3,1,1,0,2
5,2535011.582,720257.8531,R5_F5_m5f5_P5_Y0_UO727,R5_F5_m-1f-1_P5_Y-1_U94,R5_F5_m-1f-1_P5_Y-1_U43,FXX,1,61.257320758485626,0,0,0.0,0,0,0,-9999.0,0.5,1,P4_CV0,3,1,1,1,1
5,2535011.582,720257.8531,R5_F5_m5f5_P5_Y0_UO728,R5_F5_m-1f-1_P5_Y-1_U94,R5_F5_m-1f-1_P5_Y-1_U43,FXX,1,61.257320758485626,0,0,0.0,0,0,0,-9999.0,0.5,1,P4_CV0,3,1,1,1,1
5,2535011.582,720257.8531,R5_F5_m5f5_P5_Y0_UO729,R5_F5_m-1f-1_P5_Y-1_U94,R5_F5_m-1f-1_P5_Y-1_U43,MXY,1,61.257320758485626,0,0,0.0,0,0,0,-9999.0,0.5,1,P4_CV0,3,1,1,2,0
5,2535011.582,720257.8531,R5_F5_m5f5_P5_Y0_UO730,R5_F5_m-1f-1_P5_Y-1_U94,R5_F5_m-1f-1_P5_Y-1_U43,FXX,1,61.257320758485626,0,0,0.0,0,0,0,-9999.0,0.5,1,P4_CV0,3,0,2,2,0
5,2535011.582,720257.8531,R5_F5_m5f5_P5_Y0_UO731,R5_F5_m-1f-1_P5_Y-1_U94,R5_F5_m-1f-1_P5_Y-1_U43,FXX,1,61.257320758485626,0,0,0.0,0,0,0,-9999.0,0.5,1,P4_CV0,3,1,1,0,2
5,2535011.582,720257.8531,R5_F5_m5f5_P5_Y0_UO732,R5_F5_m-1f-1_P5_Y-1_U94,R5_F5_m-1f-1_P5_Y-1_U43,FXX,1,61.257320758485626,0,0,0.0,0,0,0,-9999.0,0.5,1,P4_CV0,3,1,1,0,2
5,2535011.582,720257.8531,R5_F5_m5f5_P5_Y0_UO733,R5_F5_m-1f-1_P5_Y-1_U94,R5_F5_m-1f-1_P5_Y-1_U43,FXX,1,61.257320758485626,0,0,0.0,0,0,0,-9999.0,0.5,1,P4_CV0,3,1,1,0,2
5,2535011.582,720257.8531,R5_F5_m-1f-1_P5_Y-1_U0,-9999,-9999,MXY,2,89.53837572353025,1,0,0.0,0,0,0,-9999.0,0.5,1,P4_CV0,3,1,1,0,2
5,2535011.582,720257.8531,R5_F5_m-1f-1_P5_Y-1_U2,-9999,-9999,MXY,2,89.53837572353025,1,0,0.0,0,0,0,-9999.0,0.5,1,P4_CV0,3,1,1,2,0
5,2535011.582,720257.8531,R5_F5_m-1f-1_P5_Y-1_U3,-9999,-9999,FXX,2,89.53837572353025,1,0,1.0,0,0,0,-9999.0,0.0,1,P4_CV0,3,0,2,1,1
5,2535011.582,720257.8531,R5_F5_m-1f-1_P5_Y-1_U5,-9999,-9999,MXY,2,89.53837572353025,1,0,0.0,0,0,0,-9999.0,0.5,1,P4_CV0,3,1,1,0,2
5,2535011.582,720257.8531,R5_F5_m-1f-1_P5_Y-1_U7,-9999,-9999,MXY,2,89.53837572353025,1,0,0.0,0,0,0,-9999.0,0.5,1,P4_CV0,3,1,1,1,1
5,2535011.582,720257.8531,R5_F5_m-1f-1_P5_Y-1_U9,-9999,-9999,MXY,2,89.53837572353025,1,0,0.0,0,0,0,-9999.0,1.0,1,P4_CV0,3,2,0,0,2
5,2535011.582,720257.8531,R5_F5_m-1f-1_P5_Y-1_U14,-9999,-9999,FXX,2,89.53837572353025,1,0,1.235,0,0,0,-9999.0,0.0,1,P4_CV0,3,0,2,0,2
5,2535011.582,720257.8531,R5_F5_m-1f-1_P5_Y-1_U16,-9999,-9999,MXY,2,89.53837572353025,1,0,0.0,0,0,0,-9999.0,0.0,1,P4_CV0,3,0,2,1,1
5,2535011.582,720257.8531,R5_F5_m-1f-1_P5_Y-1_U17,-9999,-9999,MXY,2,89.53837572353025,1,0,0.0,0,0,0,-9999.0,0.5,1,P4_CV0,3,1,1,2,0
5,2535011.582,720257.8531,R5_F5_m-1f-1_P5_Y-1_U18,-9999,-9999,MXY,2,89.53837572353025,1,0,0.0,0,0,0,-9999.0,1.0,1,P4_CV0,3,2,0,2,0
5,2535011.582,720257.8531,R5_F5_m-1f-1_P5_Y-1_U20,-9999,-9999,FXX,2,89.53837572353025,1,0,1.737,0,0,0,-9999.0,0.0,1,P4_CV0,3,0,2,0,2
5,2535011.582,720257.8531,R5_F5_m-1f-1_P5_Y-1_U22,-9999,-9999,MXY,2,89.53837572353025,1,0,0.0,0,0,0,-9999.0,1.0,1,P4_CV0,3,2,0,1,1
5,2535011.582,720257.8531,R5_F5_m-1f-1_P5_Y-1_U23,-9999,-9999,MXY,2,89.53837572353025,1,0,0.0,0,0,0,-9999.0,1.0,1,P4_CV0,3,2,0,1,1
5,2535011.582,720257.8531,R5_F5_m-1f-1_P5_Y-1_U24,-9999,-9999,MXY,2,89.53837572353025,1,0,0.0,0,0,0,-9999.0,0.5,1,P4_CV0,3,1,1,2,0
5,2535011.582,720257.8531,R5_F5_m-1f-1_P5_Y-1_U25,-9999,-9999,FXX,2,89.53837572353025,1,0,1.0,0,0,0,-9999.0,1.0,1,P4_CV0,3,2,0,1,1
5,2535011.582,720257.8531,R5_F5_m-1f-1_P5_Y-1_U26,-9999,-9999,MXY,2,89.53837572353025,1,0,0.0,0,0,0,-9999.0,0.5,1,P4_CV0,3,1,1,1,1
5,2535011.582,720257.8531,R5_F5_m-1f-1_P5_Y-1_U27,-9999,-9999,FXX,2,89.53837572353025,1,0,0.0,0,0,0,-9999.0,0.5,1,P4_CV0,3,1,1,2,0
5,2535011.582,720257.8531,R5_F5_m-1f-1_P5_Y-1_U28,-9999,-9999,FXX,2,89.53837572353025,1,0,1.389,0,0,0,-9999.0,0.5,1,P4_CV0,3,1,1,2,0
5,2535011.582,720257.8531,R5_F5_m-1f-1_P5_Y-1_U35,-9999,-9999,MXY,2,89.53837572353025,1,0,0.0,0,0,0,-9999.0,0.5,1,P4_CV0,3,1,1,0,2
5,2535011.582,720257.8531,R5_F5_m-1f-1_P5_Y-1_U40,-9999,-9999,FXX,2,89.53837572353025,1,0,1.0,0,0,0,-9999.0,0.5,1,P4_CV0,3,1,1,0,2
5,2535011.582,720257.8531,R5_F5_m-1f-1_P5_Y-1_U44,-9999,-9999,MXY,2,89.53837572353025,1,0,0.0,0,0,0,-9999.0,0.5,1,P4_CV0,3,1,1,1,1
5,2535011.582,720257.8531,R5_F5_m-1f-1_P5_Y-1_U47,-9999,-9999,MXY,2,89.53837572353025,1,0,0.0,0,0,0,-9999.0,0.5,1,P4_CV0,3,1,1,2,0
5,2535011.582,720257.8531,R5_F5_m-1f-1_P5_Y-1_U48,-9999,-9999,FXX,2,89.53837572353025,1,0,0.0,0,0,0,-9999.0,0.0,1,P4_CV0,3,0,2,1,1
5,2535011.582,720257.8531,R5_F5_m-1f-1_P5_Y-1_U50,-9999,-9999,MXY,2,89.53837572353025,1,0,0.0,0,0,0,-9999.0,0.5,1,P4_CV0,3,1,1,0,2
5,2535011.582,720257.8531,R5_F5_m-1f-1_P5_Y-1_U51,-9999,-9999,FXX,2,89.53837572353025,1,0,1.0,0,0,0,-9999.0,0.5,1,P4_CV0,3,1,1,2,0
5,2535011.582,720257.8531,R5_F5_m-1f-1_P5_Y-1_U52,-9999,-9999,FXX,2,89.53837572353025,1,0,1.595,0,0,0,-9999.0,0.5,1,P4_CV0,3,1,1,1,1
5,2535011.582,720257.8531,R5_F5_m-1f-1_P5_Y-1_U54,-9999,-9999,FXX,2,89.53837572353025,1,0,1.0,0,0,0,-9999.0,1.0,1,P4_CV0,3,2,0,1,1
5,2535011.582,720257.8531,R5_F5_m-1f-1_P5_Y-1_U55,-9999,-9999,MXY,2,89.53837572353025,1,0,0.0,0,0,0,-9999.0,0.0,1,P4_CV0,3,0,2,0,2
5,2535011.582,720257.8531,R5_F5_m-1f-1_P5_Y-1_U56,-9999,-9999,MXY,2,89.53837572353025,1,0,0.0,0,0,0,-9999.0,1.0,1,P4_CV0,3,2,0,2,0
5,2535011.582,720257.8531,R5_F5_m-1f-1_P5_Y-1_U62,-9999,-9999,MXY,2,89.53837572353025,1,0,0.0,0,0,0,-9999.0,0.0,1,P4_CV0,3,0,2,2,0
5,2535011.582,720257.8531,R5_F5_m-1f-1_P5_Y-1_U65,-9999,-9999,MXY,2,89.53837572353025,1,0,0.0,0,0,0,-9999.0,1.0,1,P4_CV0,3,2,0,1,1
5,2535011.582,720257.8531,R5_F5_m-1f-1_P5_Y-1_U68,-9999,-9999,MXY,2,89.53837572353025,1,0,0.0,0,0,0,-9999.0,0.0,1,P4_CV0,3,0,2,1,1
5,2535011.582,720257.8531,R5_F5_m-1f-1_P5_Y-1_U69,-9999,-9999,MXY,2,89.53837572353025,1,0,0.0,0,0,0,-9999.0,0.0,1,P4_CV0,3,0,2,2,0
5,2535011.582,720257.8531,R5_F5_m-1f-1_P5_Y-1_U70,-9999,-9999,MXY,2,89.53837572353025,1,0,0.0,0,0,0,-9999.0,0.5,1,P4_CV0,3,1,1,1,1
5,2535011.582,720257.8531,R5_F5_m-1f-1_P5_Y-1_U71,-9999,-9999,FXX,2,89.53837572353025,1,0,0.0,0,0,0,-9999.0,0.0,1,P4_CV0,3,0,2,2,0
5,2535011.582,720257.8531,R5_F5_m-1f-1_P5_Y-1_U72,-9999,-9999,MXY,2,89.53837572353025,1,0,0.0,0,0,0,-9999.0,0.5,1,P4_CV0,3,1,1,2,0
5,2535011.582,720257.8531,R5_F5_m-1f-1_P5_Y-1_U73,-9999,-9999,MXY,2,89.53837572353025,1,0,0.0,0,0,0,-9999.0,1.0,1,P4_CV0,3,2,0,1,1
5,2535011.582,720257.8531,R5_F5_m-1f-1_P5_Y-1_U75,-9999,-9999,FXX,2,89.53837572353025,1,0,2.367,0,0,0,-9999.0,0.5,1,P4_CV0,3,1,1,0,2
5,2535011.582,720257.8531,R5_F5_m-1f-1_P5_Y-1_U77,-9999,-9999,MXY,2,89.53837572353025,1,0,0.0,0,0,0,-9999.0,0.0,1,P4_CV0,3,0,2,0,2
5,2535011.582,720257.8531,R5_F5_m-1f-1_P5_Y-1_U81,-9999,-9999,FXX,2,89.53837572353025,1,0,0.0,0,0,0,-9999.0,0.5,1,P4_CV0,3,1,1,1,1
5,2535011.582,720257.8531,R5_F5_m-1f-1_P5_Y-1_U82,-9999,-9999,MXY,2,89.53837572353025,1,0,0.0,0,0,0,-9999.0,0.0,1,P4_CV0,3,0,2,1,1
5,2535011.582,720257.8531,R5_F5_m-1f-1_P5_Y-1_U83,-9999,-9999,FXX,2,89.53837572353025,1,0,1.0,0,0,0,-9999.0,0.5,1,P4_CV0,3,1,1,1,1
5,2535011.582,720257.8531,R5_F5_m-1f-1_P5_Y-1_U85,-9999,-9999,FXX,2,89.53837572353025,1,0,1.93,0,0,0,-9999.0,1.0,1,P4_CV0,3,2,0,0,2
5,2535011.582,720257.8531,R5_F5_m-1f-1_P5_Y-1_U86,-9999,-9999,MXY,2,89.53837572353025,1,0,0.0,0,0,0,-9999.0,0.5,1,P4_CV0,3,1,1,1,1
5,2535011.582,720257.8531,R5_F5_m-1f-1_P5_Y-1_U88,-9999,-9999,FXX,2,89.53837572353025,1,0,1.0,0,0,0,-9999.0,0.5,1,P4_CV0,3,1,1,2,0
5,2535011.582,720257.8531,R5_F5_m-1f-1_P5_Y-1_U93,-9999,-9999,FXX,2,89.53837572353025,1,0,0.0,0,0,0,-9999.0,0.5,1,P4_CV0,3,1,1,2,0
5,2535011.582,720257.8531,R5_F5_m-1f-1_P5_Y-1_U96,-9999,-9999,MXY,2,89.53837572353025,1,0,0.0,0,0,0,-9999.0,0.5,1,P4_CV0,3,1,1,1,1
5,2535011.582,720257.8531,R5_F5_m-1f-1_P5_Y-1_U98,-9999,-9999,FXX,2,89.53837572353025,1,0,1.0,0,0,0,-9999.0,1.0,1,P4_CV0,3,2,0,0,2
5,2535011.582,720257.8531,R5_F5_m-1f-1_P5_Y-1_U101,-9999,-9999,MXY,2,89.53837572353025,1,0,0.0,0,0,0,-9999.0,0.5,1,P4_CV0,3,1,1,0,2
5,2535011.582,720257.8531,R5_F5_m-1f-1_P5_Y-1_U104,-9999,-9999,FXX,2,89.53837572353025,1,0,1.0,0,0,0,-9999.0,1.0,1,P4_CV0,3,2,0,2,0
5,2535011.582,720257.8531,R5_F5_m-1f-1_P5_Y-1_U106,-9999,-9999,FXX,2,89.53837572353025,1,0,1.791,0,0,0,-9999.0,0.5,1,P4_CV0,3,1,1,1,1
5,2535011.582,720257.8531,R5_F5_m-1f-1_P5_Y-1_U107,-9999,-9999,MXY,2,89.53837572353025,1,0,0.0,0,0,0,-9999.0,0.0,1,P4_CV0,3,0,2,2,0
5,2535011.582,720257.8531,R5_F5_m-1f-1_P5_Y-1_U108,-9999,-9999,FXX,2,89.53837572353025,1,0,1.0,0,0,0,-9999.0,1.0,1,P4_CV0,3,2,0,0,2
5,2535011.582,720257.8531,R5_F5_m-1f-1_P5_Y-1_U109,-9999,-9999,MXY,2,89.53837572353025,1,0,0.0,0,0,0,-9999.0,1.0,1,P4_CV0,3,2,0,0,2
5,2535011.582,720257.8531,R5_F5_m-1f-1_P5_Y-1_U110,-9999,-9999,MXY,2,89.53837572353025,1,0,0.0,0,0,0,-9999.0,0.5,1,P4_CV0,3,1,1,2,0
5,2535011.582,720257.8531,R5_F5_m-1f-1_P5_Y-1_U111,-9999,-9999,MXY,2,89.53837572353025,1,0,0.0,0,0,0,-9999.0,0.5,1,P4_CV0,3,1,1,2,0
5,2535011.582,720257.8531,R5_F5_m-1f-1_P5_Y-1_U114,-9999,-9999,MXY,2,89.53837572353025,1,0,0.0,0,0,0,-9999.0,0.5,1,P4_CV0,3,1,1,1,1
5,2535011.582,720257.8531,R5_F5_m-1f-1_P5_Y-1_U119,-9999,-9999,MXY,2,89.53837572353025,1,0,0.0,0,0,0,-9999.0,1.0,1,P4_CV0,3,2,0,2,0
5,2535011.582,720257.8531,R5_F5_m-1f-1_P5_Y-1_U122,-9999,-9999,MXY,2,89.53837572353025,1,0,0.0,0,0,0,-9999.0,0.5,1,P4_CV0,3,1,1,1,1
5,2535011.582,720257.8531,R5_F5_m-1f-1_P5_Y-1_U124,-9999,-9999,MXY,2,89.53837572353025,1,0,0.0,0,0,0,-9999.0,0.5,1,P4_CV0,3,1,1,2,0
5,2535011.582,720257.8531,R5_F5_m-1f-1_P5_Y-1_U127,-9999,-9999,MXY,2,89.53837572353025,1,0,0.0,0,0,0,-9999.0,0.5,1,P4_CV0,3,1,1,1,1
5,2535011.582,720257.8531,R5_F5_m-1f-1_P5_Y-1_U105,-9999,-9999,FXX,3,96.46287246259415,1,0,0.0,0,0,0,-9999.0,0.5,1,P4_CV0,3,1,1,1,1
5,2535011.582,720257.8531,R5_F5_m-1f-1_P5_Y-1_U116,-9999,-9999,FXX,3,92.66787246259415,1,0,1.132,0,0,0,-9999.0,0.5,1,P4_CV0,3,1,1,1,1
5,2535011.582,720257.8531,R5_F5_m-1f-1_P5_Y-1_U1,-9999,-9999,FXX,3,104.91387246259414,1,0,1.642,0,0,0,-9999.0,1.0,1,P4_CV0,3,2,0,0,2
5,2535011.582,720257.8531,R5_F5_m-1f-1_P5_Y-1_U4,-9999,-9999,MXY,3,113.20287246259414,1,0,0.0,0,0,0,-9999.0,1.0,1,P4_CV0,3,2,0,1,1
5,2535011.582,720257.8531,R5_F5_m-1f-1_P5_Y-1_U11,-9999,-9999,MXY,3,103.52187246259415,1,0,0.0,0,0,0,-9999.0,0.5,1,P4_CV0,3,1,1,1,1
5,2535011.582,720257.8531,R5_F5_m-1f-1_P5_Y-1_U12,-9999,-9999,FXX,3,102.93187246259414,1,0,1.0,0,0,0,-9999.0,0.5,1,P4_CV0,3,1,1,0,2
5,2535011.582,720257.8531,R5_F5_m-1f-1_P5_Y-1_U19,-9999,-9999,MXY,3,109.41187246259415,1,0,0.0,0,0,0,-9999.0,0.5,1,P4_CV0,3,1,1,2,0
5,2535011.582,720257.8531,R5_F5_m-1f-1_P5_Y-1_U21,-9999,-9999,FXX,3,106.31587246259414,1,0,0.0,0,0,0,-9999.0,0.5,1,P4_CV0,3,1,1,2,0
5,2535011.582,720257.8531,R5_F5_m-1f-1_P5_Y-1_U29,-9999,-9999,FXX,3,106.05887246259414,1,0,0.0,0,0,0,-9999.0,0.5,1,P4_CV0,3,1,1,1,1
5,2535011.582,720257.8531,R5_F5_m-1f-1_P5_Y-1_U31,-9999,-9999,FXX,3,112.18487246259414,1,0,0.0,0,0,0,-9999.0,0.5,1,P4_CV0,3,1,1,1,1
5,2535011.582,720257.8531,R5_F5_m-1f-1_P5_Y-1_U32,-9999,-9999,MXY,3,106.84087246259415,1,0,0.0,0,0,0,-9999.0,1.0,1,P4_CV0,3,2,0,1,1
5,2535011.582,720257.8531,R5_F5_m-1f-1_P5_Y-1_U33,-9999,-9999,FXX,3,100.14087246259415,1,0,3.006,0,0,0,-9999.0,0.5,1,P4_CV0,3,1,1,2,0
5,2535011.582,720257.8531,R5_F5_m-1f-1_P5_Y-1_U41,-9999,-9999,MXY,3,102.20687246259415,1,0,0.0,0,0,0,-9999.0,0.5,1,P4_CV0,3,1,1,0,2
5,2535011.582,720257.8531,R5_F5_m-1f-1_P5_Y-1_U45,-9999,-9999,FXX,3,107.25287246259414,1,0,1.559,0,0,0,-9999.0,0.5,1,P4_CV0,3,1,1,1,1
5,2535011.582,720257.8531,R5_F5_m-1f-1_P5_Y-1_U46,-9999,-9999,MXY,3,103.57587246259415,1,0,0.0,0,0,0,-9999.0,0.5,1,P4_CV0,3,1,1,1,1
5,2535011.582,720257.8531,R5_F5_m-1f-1_P5_Y-1_U49,-9999,-9999,FXX,3,109.55587246259415,1,0,1.405,0,0,0,-9999.0,0.5,1,P4_CV0,3,1,1,0,2
5,2535011.582,720257.8531,R5_F5_m-1f-1_P5_Y-1_U57,-9999,-9999,FXX,3,99.62387246259415,1,0,1.387,0,0,0,-9999.0,0.5,1,P4_CV0,3,1,1,2,0
5,2535011.582,720257.8531,R5_F5_m-1f-1_P5_Y-1_U59,-9999,-9999,MXY,3,106.15387246259415,1,0,0.0,0,0,0,-9999.0,0.5,1,P4_CV0,3,1,1,1,1
5,2535011.582,720257.8531,R5_F5_m-1f-1_P5_Y-1_U63,-9999,-9999,MXY,3,102.56187246259414,1,0,0.0,0,0,0,-9999.0,1.0,1,P4_CV0,3,2,0,1,1
5,2535011.582,720257.8531,R5_F5_m-1f-1_P5_Y-1_U74,-9999,-9999,FXX,3,97.55287246259415,1,0,1.222,0,0,0,-9999.0,1.0,1,P4_CV0,3,2,0,1,1
5,2535011.582,720257.8531,R5_F5_m-1f-1_P5_Y-1_U78,-9999,-9999,FXX,3,101.44587246259414,1,0,1.248,0,0,0,-9999.0,0.5,1,P4_CV0,3,1,1,1,1
5,2535011.582,720257.8531,R5_F5_m-1f-1_P5_Y-1_U79,-9999,-9999,MXY,3,107.53487246259415,1,0,0.0,0,0,0,-9999.0,0.5,1,P4_CV0,3,1,1,2,0
5,2535011.582,720257.8531,R5_F5_m-1f-1_P5_Y-1_U80,-9999,-9999,FXX,3,111.76287246259415,1,0,0.0,0,0,0,-9999.0,0.0,1,P4_CV0,3,0,2,2,0
5,2535011.582,720257.8531,R5_F5_m-1f-1_P5_Y-1_U84,-9999,-9999,MXY,3,114.47687246259414,1,0,0.0,0,0,0,-9999.0,0.0,1,P4_CV0,3,0,2,1,1
5,2535011.582,720257.8531,R5_F5_m-1f-1_P5_Y-1_U90,-9999,-9999,MXY,3,112.52887246259415,1,0,0.0,0,0,0,-9999.0,0.5,1,P4_CV0,3,1,1,2,0
5,2535011.582,720257.8531,R5_F5_m-1f-1_P5_Y-1_U91,-9999,-9999,MXY,3,99.37387246259415,1,0,0.0,0,0,0,-9999.0,0.5,1,P4_CV0,3,1,1,1,1
5,2535011.582,720257.8531,R5_F5_m-1f-1_P5_Y-1_U92,-9999,-9999,MXY,3,108.41787246259415,1,0,0.0,0,0,0,-9999.0,0.5,1,P4_CV0,3,1,1,1,1
5,2535011.582,720257.8531,R5_F5_m-1f-1_P5_Y-1_U95,-9999,-9999,MXY,3,99.79787246259414,1,0,0.0,0,0,0,-9999.0,0.0,1,P4_CV0,3,0,2,1,1
5,2535011.582,720257.8531,R5_F5_m-1f-1_P5_Y-1_U97,-9999,-9999,FXX,3,105.06687246259415,1,0,0.0,0,0,0,-9999.0,0.5,1,P4_CV0,3,1,1,0,2
5,2535011.582,720257.8531,R5_F5_m-1f-1_P5_Y-1_U100,-9999,-9999,MXY,3,107.24187246259415,1,0,0.0,0,0,0,-9999.0,0.5,1,P4_CV0,3,1,1,2,0
5,2535011.582,720257.8531,R5_F5_m-1f-1_P5_Y-1_U103,-9999,-9999,FXX,3,101.06987246259415,1,0,1.206,0,0,0,-9999.0,0.0,1,P4_CV0,3,0,2,1,1
5,2535011.582,720257.8531,R5_F5_m-1f-1_P5_Y-1_U118,-9999,-9999,MXY,3,102.32987246259414,1,0,0.0,0,0,0,-9999.0,0.5,1,P4_CV0,3,1,1,1,1
5,2535011.582,720257.8531,R5_F5_m-1f-1_P5_Y-1_U123,-9999,-9999,FXX,3,113.93587246259415,1,0,0.0,0,0,0,-9999.0,0.0,1,P4_CV0,3,0,2,1,1
5,2535011.582,720257.8531,R5_F5_m-1f-1_P5_Y-1_U8,-9999,-9999,MXY,4,132.098297223335,1,0,0.0,0,0,0,-9999.0,0.5,1,P4_CV0,3,1,1,1,1
5,2535011.582,720257.8531,R5_F5_m-1f-1_P5_Y-1_U37,-9999,-9999,FXX,4,132.098297223335,1,0,1.0,0,0,0,-9999.0,0.0,1,P4_CV0,3,0,2,1,1
5,2535011.582,720257.8531,R5_F5_m-1f-1_P5_Y-1_U39,-9999,-9999,MXY,4,132.098297223335,1,0,0.0,0,0,0,-9999.0,0.5,1,P4_CV0,3,1,1,0,2
5,2535011.582,720257.8531,R5_F5_m-1f-1_P5_Y-1_U42,-9999,-9999,MXY,4,132.098297223335,1,0,0.0,0,0,0,-9999.0,0.5,1,P4_CV0,3,1,1,1,1
5,2535011.582,720257.8531,R5_F5_m-1f-1_P5_Y-1_U43,-9999,-9999,MXY,4,132.098297223335,1,0,0.0,0,0,0,-9999.0,0.5,1,P4_CV0,3,1,1,1,1
5,2535011.582,720257.8531,R5_F5_m-1f-1_P5_Y-1_U53,-9999,-9999,FXX,4,132.098297223335,1,0,0.0,0,0,0,-9999.0,0.0,1,P4_CV0,3,0,2,0,2
5,2535011.582,720257.8531,R5_F5_m-1f-1_P5_Y-1_U58,-9999,-9999,FXX,4,132.098297223335,1,0,1.77,0,0,0,-9999.0,1.0,1,P4_CV0,3,2,0,1,1
5,2535011.582,720257.8531,R5_F5_m-1f-1_P5_Y-1_U66,-9999,-9999,MXY,4,132.098297223335,1,0,0.0,0,0,0,-9999.0,0.5,1,P4_CV0,3,1,1,1,1
5,2535011.582,720257.8531,R5_F5_m-1f-1_P5_Y-1_U67,-9999,-9999,MXY,4,132.098297223335,1,0,0.0,0,0,0,-9999.0,0.0,1,P4_CV0,3,0,2,0,2
5,2535011.582,720257.8531,R5_F5_m-1f-1_P5_Y-1_U102,-9999,-9999,MXY,4,132.098297223335,1,0,0.0,0,0,0,-9999.0,0.5,1,P4_CV0,3,1,1,2,0
5,2535011.582,720257.8531,R5_F5_m-1f-1_P5_Y-1_U112,-9999,-9999,MXY,4,132.098297223335,1,0,0.0,0,0,0,-9999.0,1.0,1,P4_CV0,3,2,0,2,0
5,2535011.582,720257.8531,R5_F5_m-1f-1_P5_Y-1_U115,-9999,-9999,MXY,4,132.098297223335,1,0,0.0,0,0,0,-9999.0,0.5,1,P4_CV0,3,1,1,1,1
5,2535011.582,720257.8531,R5_F5_m-1f-1_P5_Y-1_U120,-9999,-9999,FXX,4,132.098297223335,1,0,0.0,0,0,0,-9999.0,0.0,1,P4_CV0,3,0,2,1,1
5,2535011.582,720257.8531,R5_F5_m-1f-1_P5_Y-1_U121,-9999,-9999,FXX,4,132.098297223335,1,0,0.0,0,0,0,-9999.0,1.0,1,P4_CV0,3,2,0,2,0
5,2535011.582,720257.8531,R5_F5_m-1f-1_P5_Y-1_U126,-9999,-9999,FXX,4,132.098297223335,1,0,0.0,0,0,0,-9999.0,0.5,1,P4_CV0,3,1,1,1,1
5,2535011.582,720257.8531,R5_F5_m-1f-1_P5_Y-1_U6,-9999,-9999,FXX,5,145.26599294649222,1,0,2.097,0,0,0,-9999.0,1.0,1,P4_CV0,3,2,0,0,2
5,2535011.582,720257.8531,R5_F5_m-1f-1_P5_Y-1_U117,-9999,-9999,MXY,5,141.1279929464922,1,0,0.0,0,0,0,-9999.0,0.0,1,P4_CV0,3,0,2,1,1
5,2535011.582,720257.8531,R5_F5_m-1f-1_P5_Y-1_U10,-9999,-9999,MXY,5,147.07599294649222,1,0,0.0,0,0,0,-9999.0,0.0,1,P4_CV0,3,0,2,0,2
5,2535011.582,720257.8531,R5_F5_m-1f-1_P5_Y-1_U60,-9999,-9999,MXY,5,148.7339929464922,1,0,0.0,0,0,0,-9999.0,0.0,1,P4_CV0,3,0,2,1,1
5,2535011.582,720257.8531,RD5_F6_m6f6_P6_Y0_UO521,R6_F6_m-1f-1_P6_Y-1_U60,R6_F6_m-1f-1_P6_Y-1_U95,MXY,1,61.221001058863365,0,0,0.0,0,0,0,-9999.0,0.0,1,P5_CV0,3,0,2,1,1
6,2545325.475,726552.0418,ID6_F7_m-1f-1_P2_Y-1_U57,-9999,-9999,MXY,5,123.19422332634844,1,0,0.0,0,0,0,-9999.0,0.0,1,P1_CV0,3,0,2,0,2
6,2545325.475,726552.0418,RD6_F3_m-1f-1_P3_Y-1_U10,-9999,-9999,FXX,3,68.18385979513242,1,0,1.0,0,0,0,-9999.0,0.5,1,P2_CV0,3,1,1,2,0
6,2545325.475,726552.0418,RD6_F5_m-1f-1_P5_Y-1_U30,-9999,-9999,MXY,5,144.82654715353345,1,0,0.0,0,0,0,-9999.0,0.5,1,P4_CV0,3,1,1,2,0
6,2545325.475,726552.0418,R6_F6_m6f6_P6_Y0_UO20,R6_F6_m-1f-1_P6_Y-1_U38,R6_F6_m-1f-1_P6_Y-1_U29,MXY,1,54.37476312246407,0,0,0.0,0,0,0,-9999.0,0.25,1,P5_CV0,3,2,0,0,2
6,2545325.475,726552.0418,R6_F6_m6f6_P6_Y0_UO21,R6_F6_m-1f-1_P6_Y-1_U38,R6_F6_m-1f-1_P6_Y-1_U29,FXX,1,54.37476312246407,0,0,0.0,0,0,0,-9999.0,0.25,1,P5_CV0,3,2,0,0,2
6,2545325.475,726552.0418,R6_F6_m6f6_P6_Y0_UO92,R6_F6_m-1f-1_P6_Y-1_U125,R6_F6_m-1f-1_P6_Y-1_U43,MXY,1,54.37476312246407,0,0,0.0,0,0,0,-9999.0,0.75,1,P5_CV0,3,1,1,0,2
6,2545325.475,726552.0418,R6_F6_m6f6_P6_Y0_UO93,R6_F6_m-1f-1_P6_Y-1_U125,R6_F6_m-1f-1_P6_Y-1_U43,MXY,1,54.37476312246407,0,0,0.0,0,0,0,-9999.0,0.75,1,P5_CV0,3,1,1,1,1
6,2545325.475,726552.0418,R6_F6_m6f6_P6_Y0_UO117,R6_F6_m-1f-1_P6_Y-1_U40,R6_F6_m-1f-1_P6_Y-1_U109,FXX,1,54.37476312246407,0,0,0.0,0,0,0,-9999.0,0.5,1,P5_CV0,3,2,0,1,1
6,2545325.475,726552.0418,R6_F6_m6f6_P6_Y0_UO118,R6_F6_m-1f-1_P6_Y-1_U40,R6_F6_m-1f-1_P6_Y-1_U109,MXY,1,54.37476312246407,0,0,0.0,0,0,0,-9999.0,0.5,1,P5_CV0,3,0,2,1,1
6,2545325.475,726552.0418,R6_F6_m6f6_P6_Y0_UO129,R6_F6_m-1f-1_P6_Y-1_U82,R6_F6_m-1f-1_P6_Y-1_U67,FXX,1,54.37476312246407,0,0,0.0,0,0,0,-9999.0,0.5,1,P5_CV0,3,1,1,0,2
6,2545325.475,726552.0418,R6_F6_m6f6_P6_Y0_UO130,R6_F6_m-1f-1_P6_Y-1_U82,R6_F6_m-1f-1_P6_Y-1_U67,FXX,1,54.37476312246407,0,0,0.0,0,0,0,-9999.0,0.5,1,P5_CV0,3,1,1,2,0
6,2545325.475,726552.0418,R6_F6_m6f6_P6_Y0_UO131,R6_F6_m-1f-1_P6_Y-1_U82,R6_F6_m-1f-1_P6_Y-1_U67,MXY,1,54.37476312246407,0,0,0.0,0,0,0,-9999.0,0.5,1,P5_CV0,3,2,0,2,0
6,2545325.475,726552.0418,R6_F6_m6f6_P6_Y0_UO143,R6_F6_m-1f-1_P6_Y-1_U105,R6_F6_m-1f-1_P6_Y-1_U43,FXX,1,54.37476312246407,0,0,0.0,0,0,0,-9999.0,0.75,1,P5_CV0,3,0,2,1,1
6,2545325.475,726552.0418,R6_F6_m6f6_P6_Y0_UO144,R6_F6_m-1f-1_P6_Y-1_U105,R6_F6_m-1f-1_P6_Y-1_U43,FXX,1,54.37476312246407,0,0,0.0,0,0,0,-9999.0,0.75,1,P5_CV0,3,1,1,1,1
6,2545325.475,726552.0418,R6_F6_m6f6_P6_Y0_UO145,R6_F6_m-1f-1_P6_Y-1_U105,R6_F6_m-1f-1_P6_Y-1_U43,FXX,1,54.37476312246407,0,0,0.0,0,0,0,-9999.0,0.75,1,P5_CV0,3,1,1,2,0
6,2545325.475,726552.0418,R6_F6_m6f6_P6_Y0_UO176,R6_F6_m-1f-1_P6_Y-1_U7,R6_F6_m-1f-1_P6_Y-1_U35,FXX,1,54.37476312246407,0,0,0.0,0,0,0,-9999.0,0.5,1,P5_CV0,3,2,0,2,0
6,2545325.475,726552.0418,R6_F6_m6f6_P6_Y0_UO177,R6_F6_m-1f-1_P6_Y-1_U7,R6_F6_m-1f-1_P6_Y-1_U35,MXY,1,54.37476312246407,0,0,0.0,0,0,0,-9999.0,0.5,1,P5_CV0,3,1,1,0,2
6,2545325.475,726552.0418,R6_F6_m6f6_P6_Y0_UO193,R6_F6_m-1f-1_P6_Y-1_U82,R6_F6_m-1f-1_P6_Y-1_U79,MXY,1,54.37476312246407,0,0,0.0,0,0,0,-9999.0,0.75,1,P5_CV0,3,1,1,0,2
6,2545325.475,726552.0418,R6_F6_m6f6_P6_Y0_UO209,R6_F6_m-1f-1_P6_Y-1_U49,R6_F6_m-1f-1_P6_Y-1_U25,FXX,1,54.37476312246407,0,0,0.0,0,0,0,-9999.0,0.0,1,P5_CV0,3,2,0,2,0
6,2545325.475,726552.0418,R6_F6_m6f6_P6_Y0_UO210,R6_F6_m-1f-1_P6_Y-1_U49,R6_F6_m-1f-1_P6_Y-1_U25,FXX,1,54.37476312246407,0,0,0.0,0,0,0,-9999.0,0.0,1,P5_CV0,3,2,0,2,0
6,2545325.475,726552.0418,R6_F6_m6f6_P6_Y0_UO211,R6_F6_m-1f-1_P6_Y-1_U49,R6_F6_m-1f-1_P6_Y-1_U25,FXX,1,54.37476312246407,0,0,0.0,0,0,0,-9999.0,0.0,1,P5_CV0,3,1,1,2,0
6,2545325.475,726552.0418,R6_F6_m6f6_P6_Y0_UO212,R6_F6_m-1f-1_P6_Y-1_U49,R6_F6_m-1f-1_P6_Y-1_U25,MXY,1,54.37476312246407,0,0,0.0,0,0,0,-9999.0,0.0,1,P5_CV0,3,0,2,2,0
6,2545325.475,726552.0418,R6_F6_m6f6_P6_Y0_UO213,R6_F6_m-1f-1_P6_Y-1_U49,R6_F6_m-1f-1_P6_Y-1_U25,FXX,1,54.37476312246407,0,0,0.0,0,0,0,-9999.0,0.0,1,P5_CV0,3,0,2,2,0
6,2545325.475,726552.0418,R6_F6_m6f6_P6_Y0_UO214,R6_F6_m-1f-1_P6_Y-1_U49,R6_F6_m-1f-1_P6_Y-1_U25,FXX,1,54.37476312246407,0,0,0.0,0,0,0,-9999.0,0.0,1,P5_CV0,3,1,1,1,1
6,2545325.475,726552.0418,R6_F6_m6f6_P6_Y0_UO215,R6_F6_m-1f-1_P6_Y-1_U49,R6_F6_m-1f-1_P6_Y-1_U25,MXY,1,54.37476312246407,0,0,0.0,0,0,0,-9999.0,0.0,1,P5_CV0,3,0,2,0,2
6,2545325.475,726552.0418,R6_F6_m6f6_P6_Y0_UO220,R6_F6_m-1f-1_P6_Y-1_U82,R6_F6_m-1f-1_P6_Y-1_U59,MXY,1,54.37476312246407,0,0,0.0,0,0,0,-9999.0,0.75,1,P5_CV0,3,0,2,1,1
6,2545325.475,726552.0418,R6_F6_m6f6_P6_Y0_UO311,R6_F6_m-1f-1_P6_Y-1_U7,R6_F6_m-1f-1_P6_Y-1_U87,FXX,1,54.37476312246407,0,0,0.0,0,0,0,-9999.0,0.75,1,P5_CV0,3,0,2,0,2
6,2545325.475,726552.0418,R6_F6_m6f6_P6_Y0_UO312,R6_F6_m-1f-1_P6_Y-1_U7,R6_F6_m-1f-1_P6_Y-1_U87,MXY,1,54.37476312246407,0,0,0.0,0,0,0,-9999.0,0.75,1,P5_CV0,3,1,1,1,1
6,2545325.475,726552.0418,R6_F6_m6f6_P6_Y0_UO313,R6_F6_m-1f-1_P6_Y-1_U7,R6_F6_m-1f-1_P6_Y-1_U87,FXX,1,54.37476312246407,0,0,0.0,0,0,0,-9999.0,0.75,1,P5_CV0,3,2,0,2,0
6,2545325.475,726552.0418,R6_F6_m6f6_P6_Y0_UO314,R6_F6_m-1f-1_P6_Y-1_U11,R6_F6_m-1f-1_P6_Y-1_U88,FXX,1,54.37476312246407,0,0,0.0,0,0,0,-9999.0,0.25,1,P5_CV0,3,0,2,0,2
6,2545325.475,726552.0418,R6_F6_m6f6_P6_Y0_UO315,R6_F6_m-1f-1_P6_Y-1_U11,R6_F6_m-1f-1_P6_Y-1_U88,FXX,1,54.37476312246407,0,0,0.0,0,0,0,-9999.0,0.25,1,P5_CV0,3,0,2,2,0
6,2545325.475,726552.0418,R6_F6_m6f6_P6_Y0_UO320,R6_F6_m-1f-1_P6_Y-1_U125,R6_F6_m-1f-1_P6_Y-1_U35,MXY,1,54.37476312246407,0,0,0.0,0,0,0,-9999.0,0.25,1,P5_CV0,3,1,1,1,1
6,2545325.475,726552.0418,R6_F6_m6f6_P6_Y0_UO321,R6_F6_m-1f-1_P6_Y-1_U125,R6_F6_m-1f-1_P6_Y-1_U35,FXX,1,54.37476312246407,0,0,0.0,0,0,0,-9999.0,0.25,1,P5_CV0,3,1,1,2,0
6,2545325.475,726552.0418,R6_F6_m6f6_P6_Y0_UO322,R6_F6_m-1f-1_P6_Y-1_U125,R6_F6_m-1f-1_P6_Y-1_U35,MXY,1,54.37476312246407,0,0,0.0,0,0,0,-9999.0,0.25,1,P5_CV0,3,1,1,1,1
6,2545325.475,726552.0418,R6_F6_m6f6_P6_Y0_UO323,R6_F6_m-1f-1_P6_Y-1_U104,R6_F6_m-1f-1_P6_Y-1_U109,MXY,1,54.37476312246407,0,0,0.0,0,0,0,-9999.0,0.5,1,P5_CV0,3,1,1,1,1
6,2545325.475,726552.0418,R6_F6_m6f6_P6_Y0_UO324,R6_F6_m-1f-1_P6_Y-1_U30,R6_F6_m-1f-1_P6_Y-1_U66,MXY,1,54.37476312246407,0,0,0.0,0,0,0,-9999.0,0.5,1,P5_CV0,3,0,2,1,1
6,2545325.475,726552.0418,R6_F6_m6f6_P6_Y0_UO325,R6_F6_m-1f-1_P6_Y-1_U30,R6_F6_m-1f-1_P6_Y-1_U66,MXY,1,54.37476312246407,0,0,0.0,0,0,0,-9999.0,0.5,1,P5_CV0,3,1,1,2,0
6,2545325.475,726552.0418,R6_F6_m6f6_P6_Y0_UO326,R6_F6_m-1f-1_P6_Y-1_U30,R6_F6_m-1f-1_P6_Y-1_U66,MXY,1,54.37476312246407,0,0,0.0,0,0,0,-9999.0,0.5,1,P5_CV0,3,0,2,0,2
6,2545325.475,726552.0418,R6_F6_m6f6_P6_Y0_UO330,R6_F6_m-1f-1_P6_Y-1_U125,R6_F6_m-1f-1_P6_Y-1_U109,MXY,1,54.37476312246407,0,0,0.0,0,0,0,-9999.0,0.5,1,P5_CV0,3,1,1,1,1
6,2545325.475,726552.0418,R6_F6_m6f6_P6_Y0_UO331,R6_F6_m-1f-1_P6_Y-1_U125,R6_F6_m-1f-1_P6_Y-1_U109,MXY,1,54.37476312246407,0,0,0.0,0,0,0,-9999.0,0.5,1,P5_CV0,3,1,1,1,1
6,2545325.475,726552.0418,R6_F6_m6f6_P6_Y0_UO332,R6_F6_m-1f-1_P6_Y-1_U125,R6_F6_m-1f-1_P6_Y-1_U109,FXX,1,54.37476312246407,0,0,0.0,0,0,0,-9999.0,0.5,1,P5_CV0,3,1,1,0,2
6,2545325.475,726552.0418,R6_F6_m6f6_P6_Y0_UO333,R6_F6_m-1f-1_P6_Y-1_U125,R6_F6_m-1f-1_P6_Y-1_U109,FXX,1,54.37476312246407,0,0,0.0,0,0,0,-9999.0,0.5,1,P5_CV0,3,2,0,1,1
6,2545325.475,726552.0418,R6_F6_m6f6_P6_Y0_UO334,R6_F6_m-1f-1_P6_Y-1_U104,R6_F6_m-1f-1_P6_Y-1_U67,MXY,1,54.37476312246407,0,0,0.0,0,0,0,-9999.0,0.25,1,P5_CV0,3,1,1,1,1
6,2545325.475,726552.0418,R6_F6_m6f6_P6_Y0_UO335,R6_F6_m-1f-1_P6_Y-1_U104,R6_F6_m-1f-1_P6_Y-1_U67,FXX,1,54.37476312246407,0,0,0.0,0,0,0,-9999.0,0.25,1,P5_CV0,3,1,1,1,1
6,2545325.475,726552.0418,R6_F6_m6f6_P6_Y0_UO336,R6_F6_m-1f-1_P6_Y-1_U104,R6_F6_m-1f-1_P6_Y-1_U67,FXX,1,54.37476312246407,0,0,0.0,0,0,0,-9999.0,0.25,1,P5_CV0,3,0,2,2,0
6,2545325.475,726552.0418,R6_F6_m6f6_P6_Y0_UO349,R6_F6_m-1f-1_P6_Y-1_U38,R6_F6_m-1f-1_P6_Y-1_U59,FXX,1,54.37476312246407,0,0,0.0,0,0,0,-9999.0,0.5,1,P5_CV0,3,1,1,1,1
6,2545325.475,726552.0418,R6_F6_m6f6_P6_Y0_UO350,R6_F6_m-1f-1_P6_Y-1_U82,R6_F6_m-1f-1_P6_Y-1_U29,MXY,1,54.37476312246407,0,0,0.0,0,0,0,-9999.0,0.5,1,P5_CV0,3,1,1,2,0
6,2545325.475,726552.0418,R6_F6_m6f6_P6_Y0_UO354,R6_F6_m-1f-1_P6_Y-1_U119,R6_F6_m-1f-1_P6_Y-1_U53,FXX,1,54.37476312246407,0,0,0.0,0,0,0,-9999.0,0.25,1,P5_CV0,3,2,0,1,1
6,2545325.475,726552.0418,R6_F6_m6f6_P6_Y0_UO358,R6_F6_m-1f-1_P6_Y-1_U38,R6_F6_m-1f-1_P6_Y-1_U44,FXX,1,54.37476312246407,0,0,0.0,0,0,0,-9999.0,0.5,1,P5_CV0,3,1,1,1,1
6,2545325.475,726552.0418,R6_F6_m6f6_P6_Y0_UO359,R6_F6_m-1f-1_P6_Y-1_U38,R6_F6_m-1f-1_P6_Y-1_U44,MXY,1,54.37476312246407,0,0,0.0,0,0,0,-9999.0,0.5,1,P5_CV0,3,2,0,2,0
6,2545325.475,726552.0418,R6_F6_m6f6_P6_Y0_UO360,R6_F6_m-1f-1_P6_Y-1_U38,R6_F6_m-1f-1_P6_Y-1_U44,FXX,1,54.37476312246407,0,0,0.0,0,0,0,-9999.0,0.5,1,P5_CV0,3,1,1,0,2
6,2545325.475,726552.0418,R6_F6_m6f6_P6_Y0_UO367,R6_F6_m-1f-1_P6_Y-1_U82,R6_F6_m-1f-1_P6_Y-1_U120,MXY,1,54.37476312246407,0,0,0.0,0,0,0,-9999.0,0.5,1,P5_CV0,3,2,0,1,1
6,2545325.475,726552.0418,R6_F6_m6f6_P6_Y0_UO368,R6_F6_m-1f-1_P6_Y-1_U82,R6_F6_m-1f-1_P6_Y-1_U120,MXY,1,54.37476312246407,0,0,0.0,0,0,0,-9999.0,0.5,1,P5_CV0,3,0,2,2,0
6,2545325.475,726552.0418,R6_F6_m6f6_P6_Y0_UO369,R6_F6_m-1f-1_P6_Y-1_U82,R6_F6_m-1f-1_P6_Y-1_U120,FXX,1,54.37476312246407,0,0,0.0,0,0,0,-9999.0,0.5,1,P5_CV0,3,2,0,2,0
6,2545325.475,726552.0418,R6_F6_m6f6_P6_Y0_UO390,R6_F6_m-1f-1_P6_Y-1_U49,R6_F6_m-1f-1_P6_Y-1_U59,MXY,1,54.37476312246407,0,0,0.0,0,0,0,-9999.0,0.25,1,P5_CV0,3,2,0,1,1
6,2545325.475,726552.0418,R6_F6_m6f6_P6_Y0_UO391,R6_F6_m-1f-1_P6_Y-1_U49,R6_F6_m-1f-1_P6_Y-1_U59,FXX,1,54.37476312246407,0,0,0.0,0,0,0,-9999.0,0.25,1,P5_CV0,3,2,0,2,0
6,2545325.475,726552.0418,R6_F6_m6f6_P6_Y0_UO392,R6_F6_m-1f-1_P6_Y-1_U49,R6_F6_m-1f-1_P6_Y-1_U59,FXX,1,54.37476312246407,0,0,0.0,0,0,0,-9999.0,0.25,1,P5_CV0,3,1,1,1,1
6,2545325.475,726552.0418,R6_F6_m6f6_P6_Y0_UO393,R6_F6_m-1f-1_P6_Y-1_U49,R6_F6_m-1f-1_P6_Y-1_U59,FXX,1,54.37476312246407,0,0,0.0,0,0,0,-9999.0,0.25,1,P5_CV0,3,2,0,2,0
6,2545325.475,726552.0418,R6_F6_m6f6_P6_Y0_UO405,R6_F6_m-1f-1_P6_Y-1_U38,R6_F6_m-1f-1_P6_Y-1_U43,MXY,1,54.37476312246407,0,0,0.0,0,0,0,-9999.0,0.75,1,P5_CV0,3,1,1,2,0
6,2545325.475,726552.0418,R6_F6_m6f6_P6_Y0_UO406,R6_F6_m-1f-1_P6_Y-1_U38,R6_F6_m-1f-1_P6_Y-1_U43,FXX,1,54.37476312246407,0,0,0.0,0,0,0,-9999.0,0.75,1,P5_CV0,3,1,1,1,1
6,2545325.475,726552.0418,R6_F6_m6f6_P6_Y0_UO442,R6_F6_m-1f-1_P6_Y-1_U113,R6_F6_m-1f-1_P6_Y-1_U95,FXX,1,54.37476312246407,0,0,0.0,0,0,0,-9999.0,0.25,1,P5_CV0,3,1,1,2,0
6,2545325.475,726552.0418,R6_F6_m6f6_P6_Y0_UO443,R6_F6_m-1f-1_P6_Y-1_U113,R6_F6_m-1f-1_P6_Y-1_U95,MXY,1,54.37476312246407,0,0,0.0,0,0,0,-9999.0,0.25,1,P5_CV0,3,1,1,2,0
6,2545325.475,726552.0418,R6_F6_m6f6_P6_Y0_UO453,R6_F6_m-1f-1_P6_Y-1_U97,R6_F6_m-1f-1_P6_Y-1_U121,FXX,1,54.37476312246407,0,0,0.0,0,0,0,-9999.0,0.5,1,P5_CV0,3,1,1,0,2
6,2545325.475,726552.0418,R6_F6_m6f6_P6_Y0_UO454,R6_F6_m-1f-1_P6_Y-1_U97,R6_F6_m-1f-1_P6_Y-1_U121,FXX,1,54.37476312246407,0,0,0.0,0,0,0,-9999.0,0.5,1,P5_CV0,3,0,2,1,1
6,2545325.475,726552.0418,R6_F6_m6f6_P6_Y0_UO455,R6_F6_m-1f-1_P6_Y-1_U97,R6_F6_m-1f-1_P6_Y-1_U121,FXX,1,54.37476312246407,0,0,0.0,0,0,0,-9999.0,0.5,1,P5_CV0,3,1,1,2,0
6,2545325.475,726552.0418,R6_F6_m6f6_P6_Y0_UO456,R6_F6_m-1f-1_P6_Y-1_U97,R6_F6_m-1f-1_P6_Y-1_U121,FXX,1,54.37476312246407,0,0,0.0,0,0,0,-9999.0,0.5,1,P5_CV0,3,2,0,0,2
6,2545325.475,726552.0418,R6_F6_m6f6_P6_Y0_UO475,R6_F6_m-1f-1_P6_Y-1_U38,R6_F6_m-1f-1_P6_Y-1_U67,FXX,1,54.37476312246407,0,0,0.0,0,0,0,-9999.0,0.25,1,P5_CV0,3,0,2,2,0
6,2545325.475,726552.0418,R6_F6_m6f6_P6_Y0_UO476,R6_F6_m-1f-1_P6_Y-1_U104,R6_F6_m-1f-1_P6_Y-1_U33,MXY,1,54.37476312246407,0,0,0.0,0,0,0,-9999.0,0.75,1,P5_CV0,3,1,1,1,1
6,2545325.475,726552.0418,R6_F6_m6f6_P6_Y0_UO477,R6_F6_m-1f-1_P6_Y-1_U104,R6_F6_m-1f-1_P6_Y-1_U33,FXX,1,54.37476312246407,0,0,0.0,0,0,0,-9999.0,0.75,1,P5_CV0,3,0,2,0,2
6,2545325.475,726552.0418,R6_F6_m6f6_P6_Y0_UO488,R6_F6_m-1f-1_P6_Y-1_U60,R6_F6_m-1f-1_P6_Y-1_U34,MXY,1,54.37476312246407,0,0,0.0,0,0,0,-9999.0,0.0,1,P5_CV0,3,1,1,0,2
6,2545325.475,726552.0418,R6_F6_m6f6_P6_Y0_UO489,R6_F6_m-1f-1_P6_Y-1_U60,R6_F6_m-1f-1_P6_Y-1_U34,MXY,1,54.37476312246407,0,0,0.0,0,0,0,-9999.0,0.0,1,P5_CV0,3,1,1,2,0
6,2545325.475,726552.0418,R6_F6_m6f6_P6_Y0_UO516,R6_F6_m-1f-1_P6_Y-1_U104,R6_F6_m-1f-1_P6_Y-1_U53,FXX,1,54.37476312246407,0,0,0.0,0,0,0,-9999.0,0.5,1,P5_CV0,3,0,2,0,2
6,2545325.475,726552.0418,R6_F6_m6f6_P6_Y0_UO517,R6_F6_m-1f-1_P6_Y-1_U104,R6_F6_m-1f-1_P6_Y-1_U53,FXX,1,54.37476312246407,0,0,0.0,0,0,0,-9999.0,0.5,1,P5_CV0,3,1,1,1,1
6,2545325.475,726552.0418,R6_F6_m6f6_P6_Y0_UO518,R6_F6_m-1f-1_P6_Y-1_U104,R6_F6_m-1f-1_P6_Y-1_U53,FXX,1,54.37476312246407,0,0,0.0,0,0,0,-9999.0,0.5,1,P5_CV0,3,1,1,0,2
6,2545325.475,726552.0418,R6_F6_m6f6_P6_Y0_UO519,R6_F6_m-1f-1_P6_Y-1_U104,R6_F6_m-1f-1_P6_Y-1_U53,MXY,1,54.37476312246407,0,0,0.0,0,0,0,-9999.0,0.5,1,P5_CV0,3,1,1,2,0
6,2545325.475,726552.0418,R6_F6_m6f6_P6_Y0_UO520,R6_F6_m-1f-1_P6_Y-1_U60,R6_F6_m-1f-1_P6_Y-1_U95,MXY,1,54.37476312246407,0,0,0.0,0,0,0,-9999.0,0.0,1,P5_CV0,3,0,2,1,1
6,2545325.475,726552.0418,R6_F6_m6f6_P6_Y0_UO551,R6_F6_m-1f-1_P6_Y-1_U113,R6_F6_m-1f-1_P6_Y-1_U66,MXY,1,54.37476312246407,0,0,0.0,0,0,0,-9999.0,0.25,1,P5_CV0,3,1,1,1,1
6,2545325.475,726552.0418,R6_F6_m6f6_P6_Y0_UO552,R6_F6_m-1f-1_P6_Y-1_U113,R6_F6_m-1f-1_P6_Y-1_U66,MXY,1,54.37476312246407,0,0,0.0,0,0,0,-9999.0,0.25,1,P5_CV0,3,1,1,0,2
6,2545325.475,726552.0418,R6_F6_m6f6_P6_Y0_UO553,R6_F6_m-1f-1_P6_Y-1_U113,R6_F6_m-1f-1_P6_Y-1_U66,FXX,1,54.37476312246407,0,0,0.0,0,0,0,-9999.0,0.25,1,P5_CV0,3,1,1,1,1
6,2545325.475,726552.0418,R6_F6_m6f6_P6_Y0_UO554,R6_F6_m-1f-1_P6_Y-1_U113,R6_F6_m-1f-1_P6_Y-1_U66,MXY,1,54.37476312246407,0,0,0.0,0,0,0,-9999.0,0.25,1,P5_CV0,3,0,2,0,2
6,2545325.475,726552.0418,R6_F6_m6f6_P6_Y0_UO558,R6_F6_m-1f-1_P6_Y-1_U104,R6_F6_m-1f-1_P6_Y-1_U31,MXY,1,54.37476312246407,0,0,0.0,0,0,0,-9999.0,0.5,1,P5_CV0,3,2,0,1,1
6,2545325.475,726552.0418,R6_F6_m6f6_P6_Y0_UO559,R6_F6_m-1f-1_P6_Y-1_U104,R6_F6_m-1f-1_P6_Y-1_U31,MXY,1,54.37476312246407,0,0,0.0,0,0,0,-9999.0,0.5,1,P5_CV0,3,1,1,1,1
6,2545325.475,726552.0418,R6_F6_m6f6_P6_Y0_UO564,R6_F6_m-1f-1_P6_Y-1_U119,R6_F6_m-1f-1_P6_Y-1_U50,MXY,1,54.37476312246407,0,0,0.0,0,0,0,-9999.0,0.5,1,P5_CV0,3,1,1,1,1
6,2545325.475,726552.0418,R6_F6_m6f6_P6_Y0_UO565,R6_F6_m-1f-1_P6_Y-1_U119,R6_F6_m-1f-1_P6_Y-1_U50,FXX,1,54.37476312246407,0,0,0.0,0,0,0,-9999.0,0.5,1,P5_CV0,3,1,1,0,2
6,2545325.475,726552.0418,R6_F6_m6f6_P6_Y0_UO566,R6_F6_m-1f-1_P6_Y-1_U119,R6_F6_m-1f-1_P6_Y-1_U50,MXY,1,54.37476312246407,0,0,0.0,0,0,0,-9999.0,0.5,1,P5_CV0,3,1,1,1,1
6,2545325.475,726552.0418,R6_F6_m6f6_P6_Y0_UO627,R6_F6_m-1f-1_P6_Y-1_U49,R6_F6_m-1f-1_P6_Y-1_U29,MXY,1,54.37476312246407,0,0,0.0,0,0,0,-9999.0,0.0,1,P5_CV0,3,1,1,1,1
6,2545325.475,726552.0418,R6_F6_m6f6_P6_Y0_UO628,R6_F6_m-1f-1_P6_Y-1_U49,R6_F6_m-1f-1_P6_Y-1_U29,MXY,1,54.37476312246407,0,0,0.0,0,0,0,-9999.0,0.0,1,P5_CV0,3,0,2,2,0
6,2545325.475,726552.0418,R6_F6_m6f6_P6_Y0_UO629,R6_F6_m-1f-1_P6_Y-1_U49,R6_F6_m-1f-1_P6_Y-1_U29,MXY,1,54.37476312246407,0,0,0.0,0,0,0,-9999.0,0.0,1,P5_CV0,3,1,1,1,1
6,2545325.475,726552.0418,R6_F6_m6f6_P6_Y0_UO630,R6_F6_m-1f-1_P6_Y-1_U49,R6_F6_m-1f-1_P6_Y-1_U29,MXY,1,54.37476312246407,0,0,0.0,0,0,0,-9999.0,0.0,1,P5_CV0,3,1,1,1,1
6,2545325.475,726552.0418,R6_F6_m6f6_P6_Y0_UO671,R6_F6_m-1f-1_P6_Y-1_U38,R6_F6_m-1f-1_P6_Y-1_U88,MXY,1,54.37476312246407,0,0,0.0,0,0,0,-9999.0,0.5,1,P5_CV0,3,1,1,1,1
6,2545325.475,726552.0418,R6_F6_m6f6_P6_Y0_UO672,R6_F6_m-1f-1_P6_Y-1_U38,R6_F6_m-1f-1_P6_Y-1_U88,FXX,1,54.37476312246407,0,0,0.0,0,0,0,-9999.0,0.5,1,P5_CV0,3,0,2,0,2
6,2545325.475,726552.0418,R6_F6_m6f6_P6_Y0_UO677,R6_F6_m-1f-1_P6_Y-1_U82,R6_F6_m-1f-1_P6_Y-1_U53,MXY,1,54.37476312246407,0,0,0.0,0,0,0,-9999.0,0.75,1,P5_CV0,3,1,1,2,0
6,2545325.475,726552.0418,R6_F6_m6f6_P6_Y0_UO678,R6_F6_m-1f-1_P6_Y-1_U82,R6_F6_m-1f-1_P6_Y-1_U53,MXY,1,54.37476312246407,0,0,0.0,0,0,0,-9999.0,0.75,1,P5_CV0,3,2,0,2,0
6,2545325.475,726552.0418,R6_F6_m6f6_P6_Y0_UO679,R6_F6_m-1f-1_P6_Y-1_U82,R6_F6_m-1f-1_P6_Y-1_U53,MXY,1,54.37476312246407,0,0,0.0,0,0,0,-9999.0,0.75,1,P5_CV0,3,1,1,1,1
6,2545325.475,726552.0418,R6_F6_m6f6_P6_Y0_UO683,R6_F6_m-1f-1_P6_Y-1_U30,R6_F6_m-1f-1_P6_Y-1_U93,FXX,1,54.37476312246407,0,0,0.0,0,0,0,-9999.0,0.5,1,P5_CV0,3,2,0,1,1
6,2545325.475,726552.0418,R6_F6_m6f6_P6_Y0_UO684,R6_F6_m-1f-1_P6_Y-1_U30,R6_F6_m-1f-1_P6_Y-1_U93,FXX,1,54.37476312246407,0,0,0.0,0,0,0,-9999.0,0.5,1,P5_CV0,3,1,1,1,1
6,2545325.475,726552.0418,R6_F6_m6f6_P6_Y0_UO685,R6_F6_m-1f-1_P6_Y-1_U30,R6_F6_m-1f-1_P6_Y-1_U93,FXX,1,54.37476312246407,0,0,0.0,0,0,0,-9999.0,0.5,1,P5_CV0,3,1,1,0,2
6,2545325.475,726552.0418,R6_F6_m6f6_P6_Y0_UO686,R6_F6_m-1f-1_P6_Y-1_U30,R6_F6_m-1f-1_P6_Y-1_U93,FXX,1,54.37476312246407,0,0,0.0,0,0,0,-9999.0,0.5,1,P5_CV0,3,1,1,1,1
6,2545325.475,726552.0418,R6_F6_m6f6_P6_Y0_UO713,R6_F6_m-1f-1_P6_Y-1_U97,R6_F6_m-1f-1_P6_Y-1_U66,MXY,1,54.37476312246407,0,0,0.0,0,0,0,-9999.0,0.25,1,P5_CV0,3,1,1,2,0
6,2545325.475,726552.0418,R6_F6_m6f6_P6_Y0_UO714,R6_F6_m-1f-1_P6_Y-1_U97,R6_F6_m-1f-1_P6_Y-1_U66,MXY,1,54.37476312246407,0,0,0.0,0,0,0,-9999.0,0.25,1,P5_CV0,3,2,0,0,2
6,2545325.475,726552.0418,R6_F6_m6f6_P6_Y0_UO715,R6_F6_m-1f-1_P6_Y-1_U97,R6_F6_m-1f-1_P6_Y-1_U66,FXX,1,54.37476312246407,0,0,0.0,0,0,0,-9999.0,0.25,1,P5_CV0,3,1,1,2,0
6,2545325.475,726552.0418,R6_F6_m6f6_P6_Y0_UO716,R6_F6_m-1f-1_P6_Y-1_U97,R6_F6_m-1f-1_P6_Y-1_U66,MXY,1,54.37476312246407,0,0,0.0,0,0,0,-9999.0,0.25,1,P5_CV0,3,0,2,2,0
6,2545325.475,726552.0418,R6_F6_m6f6_P6_Y0_UO717,R6_F6_m-1f-1_P6_Y-1_U97,R6_F6_m-1f-1_P6_Y-1_U66,MXY,1,54.37476312246407,0,0,0.0,0,0,0,-9999.0,0.25,1,P5_CV0,3,2,0,0,2
6,2545325.475,726552.0418,R6_F6_m6f6_P6_Y0_UO718,R6_F6_m-1f-1_P6_Y-1_U97,R6_F6_m-1f-1_P6_Y-1_U66,MXY,1,54.37476312246407,0,0,0.0,0,0,0,-9999.0,0.25,1,P5_CV0,3,2,0,1,1
6,2545325.475,726552.0418,R6_F6_m6f6_P6_Y0_UO748,R6_F6_m-1f-1_P6_Y-1_U94,R6_F6_m-1f-1_P6_Y-1_U33,FXX,1,54.37476312246407,0,0,0.0,0,0,0,-9999.0,0.75,1,P5_CV0,3,1,1,0,2
6,2545325.475,726552.0418,R6_F6_m-1f-1_P6_Y-1_U0,-9999,-9999,FXX,2,83.42289262878553,1,0,1.231,0,0,0,-9999.0,1.0,1,P5_CV0,3,2,0,1,1
6,2545325.475,726552.0418,R6_F6_m-1f-1_P6_Y-1_U2,-9999,-9999,MXY,2,83.42289262878553,1,0,0.0,0,0,0,-9999.0,0.5,1,P5_CV0,3,1,1,0,2
6,2545325.475,726552.0418,R6_F6_m-1f-1_P6_Y-1_U4,-9999,-9999,MXY,2,83.42289262878553,1,0,0.0,0,0,0,-9999.0,1.0,1,P5_CV0,3,2,0,1,1
6,2545325.475,726552.0418,R6_F6_m-1f-1_P6_Y-1_U6,-9999,-9999,MXY,2,83.42289262878553,1,0,0.0,0,0,0,-9999.0,1.0,1,P5_CV0,3,2,0,1,1
6,2545325.475,726552.0418,R6_F6_m-1f-1_P6_Y-1_U8,-9999,-9999,FXX,2,83.42289262878553,1,0,2.024,0,0,0,-9999.0,0.5,1,P5_CV0,3,1,1,1,1
6,2545325.475,726552.0418,R6_F6_m-1f-1_P6_Y-1_U9,-9999,-9999,FXX,2,83.42289262878553,1,0,1.0,0,0,0,-9999.0,1.0,1,P5_CV0,3,2,0,0,2
6,2545325.475,726552.0418,R6_F6_m-1f-1_P6_Y-1_U13,-9999,-9999,FXX,2,83.42289262878553,1,0,0.0,0,0,0,-9999.0,0.0,1,P5_CV0,3,0,2,1,1
6,2545325.475,726552.0418,R6_F6_m-1f-1_P6_Y-1_U14,-9999,-9999,FXX,2,83.42289262878553,1,0,2.676,0,0,0,-9999.0,0.5,1,P5_CV0,3,1,1,1,1
6,2545325.475,726552.0418,R6_F6_m-1f-1_P6_Y-1_U15,-9999,-9999,FXX,2,83.42289262878553,1,0,1.0,0,0,0,-9999.0,0.5,1,P5_CV0,3,1,1,1,1
6,2545325.475,726552.0418,R6_F6_m-1f-1_P6_Y-1_U16,-9999,-9999,FXX,2,83.42289262878553,1,0,0.0,0,0,0,-9999.0,0.5,1,P5_CV0,3,1,1,1,1
6,2545325.475,726552.0418,R6_F6_m-1f-1_P6_Y-1_U18,-9999,-9999,FXX,2,83.42289262878553,1,0,2.265,0,0,0,-9999.0,1.0,1,P5_CV0,3,2,0,0,2
6,2545325.475,726552.0418,R6_F6_m-1f-1_P6_Y-1_U20,-9999,-9999,MXY,2,83.42289262878553,1,0,0.0,0,0,0,-9999.0,0.5,1,P5_CV0,3,1,1,0,2
6,2545325.475,726552.0418,R6_F6_m-1f-1_P6_Y-1_U21,-9999,-9999,FXX,2,83.42289262878553,1,0,1.504,0,0,0,-9999.0,0.5,1,P5_CV0,3,1,1,0,2
6,2545325.475,726552.0418,R6_F6_m-1f-1_P6_Y-1_U22,-9999,-9999,FXX,2,83.42289262878553,1,0,1.0,0,0,0,-9999.0,0.5,1,P5_CV0,3,1,1,1,1
6,2545325.475,726552.0418,R6_F6_m-1f-1_P6_Y-1_U23,-9999,-9999,FXX,2,83.42289262878553,1,0,1.465,0,0,0,-9999.0,0.0,1,P5_CV0,3,0,2,2,0
6,2545325.475,726552.0418,R6_F6_m-1f-1_P6_Y-1_U24,-9999,-9999,MXY,2,83.42289262878553,1,0,0.0,0,0,0,-9999.0,0.5,1,P5_CV0,3,1,1,1,1
6,2545325.475,726552.0418,R6_F6_m-1f-1_P6_Y-1_U26,-9999,-9999,MXY,2,83.42289262878553,1,0,0.0,0,0,0,-9999.0,0.5,1,P5_CV0,3,1,1,1,1
6,2545325.475,726552.0418,R6_F6_m-1f-1_P6_Y-1_U28,-9999,-9999,FXX,2,83.42289262878553,1,0,2.259,0,0,0,-9999.0,0.5,1,P5_CV0,3,1,1,0,2
6,2545325.475,726552.0418,R6_F6_m-1f-1_P6_Y-1_U36,-9999,-9999,MXY,2,83.42289262878553,1,0,0.0,0,0,0,-9999.0,0.0,1,P5_CV0,3,0,2,1,1
6,2545325.475,726552.0418,R6_F6_m-1f-1_P6_Y-1_U39,-9999,-9999,MXY,2,83.42289262878553,1,0,0.0,0,0,0,-9999.0,0.5,1,P5_CV0,3,1,1,2,0
6,2545325.475,726552.0418,R6_F6_m-1f-1_P6_Y-1_U41,-9999,-9999,MXY,2,83.42289262878553,1,0,0.0,0,0,0,-9999.0,1.0,1,P5_CV0,3,2,0,2,0
6,2545325.475,726552.0418,R6_F6_m-1f-1_P6_Y-1_U45,-9999,-9999,MXY,2,83.42289262878553,1,0,0.0,0,0,0,-9999.0,0.0,1,P5_CV0,3,0,2,1,1
6,2545325.475,726552.0418,R6_F6_m-1f-1_P6_Y-1_U46,-9999,-9999,MXY,2,83.42289262878553,1,0,0.0,0,0,0,-9999.0,0.5,1,P5_CV0,3,1,1,1,1
6,2545325.475,726552.0418,R6_F6_m-1f-1_P6_Y-1_U47,-9999,-9999,FXX,2,83.42289262878553,1,0,2.97,0,0,0,-9999.0,0.0,1,P5_CV0,3,0,2,1,1
6,2545325.475,726552.0418,R6_F6_m-1f-1_P6_Y-1_U51,-9999,-9999,MXY,2,83.42289262878553,1,0,0.0,0,0,0,-9999.0,0.5,1,P5_CV0,3,1,1,1,1
6,2545325.475,726552.0418,R6_F6_m-1f-1_P6_Y-1_U52,-9999,-9999,MXY,2,83.42289262878553,1,0,0.0,0,0,0,-9999.0,0.5,1,P5_CV0,3,1,1,0,2
6,2545325.475,726552.0418,R6_F6_m-1f-1_P6_Y-1_U56,-9999,-9999,MXY,2,83.42289262878553,1,0,0.0,0,0,0,-9999.0,0.5,1,P5_CV0,3,1,1,1,1
6,2545325.475,726552.0418,R6_F6_m-1f-1_P6_Y-1_U57,-9999,-9999,FXX,2,83.42289262878553,1,0,1.612,0,0,0,-9999.0,0.0,1,P5_CV0,3,0,2,0,2
6,2545325.475,726552.0418,R6_F6_m-1f-1_P6_Y-1_U58,-9999,-9999,FXX,2,83.42289262878553,1,0,0.0,0,0,0,-9999.0,0.0,1,P5_CV0,3,0,2,0,2
6,2545325.475,726552.0418,R6_F6_m-1f-1_P6_Y-1_U61,-9999,-9999,MXY,2,83.42289262878553,1,0,0.0,0,0,0,-9999.0,0.5,1,P5_CV0,3,1,1,1,1
6,2545325.475,726552.0418,R6_F6_m-1f-1_P6_Y-1_U62,-9999,-9999,MXY,2,83.42289262878553,1,0,0.0,0,0,0,-9999.0,0.5,1,P5_CV0,3,1,1,0,2
6,2545325.475,726552.0418,R6_F6_m-1f-1_P6_Y-1_U63,-9999,-9999,FXX,2,83.42289262878553,1,0,1.0,0,0,0,-9999.0,0.5,1,P5_CV0,3,1,1,0,2
6,2545325.475,726552.0418,R6_F6_m-1f-1_P6_Y-1_U64,-9999,-9999,MXY,2,83.42289262878553,1,0,0.0,0,0,0,-9999.0,1.0,1,P5_CV0,3,2,0,2,0
6,2545325.475,726552.0418,R6_F6_m-1f-1_P6_Y-1_U69,-9999,-9999,FXX,2,83.42289262878553,1,0,1.0,0,0,0,-9999.0,0.0,1,P5_CV0,3,0,2,2,0
6,2545325.475,726552.0418,R6_F6_m-1f-1_P6_Y-1_U71,-9999,-9999,FXX,2,83.42289262878553,1,0,1.772,0,0,0,-9999.0,0.5,1,P5_CV0,3,1,1,1,1
6,2545325.475,726552.0418,R6_F6_m-1f-1_P6_Y-1_U73,-9999,-9999,MXY,2,83.42289262878553,1,0,0.0,0,0,0,-9999.0,1.0,1,P5_CV0,3,2,0,1,1
6,2545325.475,726552.0418,R6_F6_m-1f-1_P6_Y-1_U74,-9999,-9999,FXX,2,83.42289262878553,1,0,0.0,0,0,0,-9999.0,0.0,1,P5_CV0,3,0,2,1,1
6,2545325.475,726552.0418,R6_F6_m-1f-1_P6_Y-1_U75,-9999,-9999,FXX,2,83.42289262878553,1,0,0.0,0,0,0,-9999.0,0.5,1,P5_CV0,3,1,1,0,2
6,2545325.475,726552.0418,RD6_F6_m-1f-1_P6_Y-1_U76,-9999,-9999,FXX,2,83.42289262878553,1,0,1.974,0,0,0,-9999.0,0.5,1,P5_CV0,3,1,1,0,2
6,2545325.475,726552.0418,R6_F6_m-1f-1_P6_Y-1_U78,-9999,-9999,MXY,2,83.42289262878553,1,0,0.0,0,0,0,-9999.0,0.0,1,P5_CV0,3,0,2,1,1
6,2545325.475,726552.0418,R6_F6_m-1f-1_P6_Y-1_U80,-9999,-9999,FXX,2,83.42289262878553,1,0,0.0,0,0,0,-9999.0,0.5,1,P5_CV0,3,1,1,2,0
6,2545325.475,726552.0418,R6_F6_m-1f-1_P6_Y-1_U83,-9999,-9999,FXX,2,83.42289262878553,1,0,2.519,0,0,0,-9999.0,1.0,1,P5_CV0,3,2,0,1,1
6,2545325.475,726552.0418,R6_F6_m-1f-1_P6_Y-1_U84,-9999,-9999,MXY,2,83.42289262878553,1,0,0.0,0,0,0,-9999.0,0.5,1,P5_CV0,3,1,1,1,1
6,2545325.475,726552.0418,R6_F6_m-1f-1_P6_Y-1_U85,-9999,-9999,FXX,2,83.42289262878553,1,0,1.918,0,0,0,-9999.0,0.0,1,P5_CV0,3,0,2,2,0
6,2545325.475,726552.0418,R6_F6_m-1f-1_P6_Y-1_U86,-9999,-9999,FXX,2,83.42289262878553,1,0,0.0,0,0,0,-9999.0,0.5,1,P5_CV0,3,1,1,1,1
6,2545325.475,726552.0418,R6_F6_m-1f-1_P6_Y-1_U89,-9999,-9999,MXY,2,83.42289262878553,1,0,0.0,0,0,0,-9999.0,1.0,1,P5_CV0,3,2,0,0,2
6,2545325.475,726552.0418,R6_F6_m-1f-1_P6_Y-1_U90,-9999,-9999,MXY,2,83.42289262878553,1,0,0.0,0,0,0,-9999.0,0.5,1,P5_CV0,3,1,1,1,1
6,2545325.475,726552.0418,R6_F6_m-1f-1_P6_Y-1_U91,-9999,-9999,MXY,2,83.42289262878553,1,0,0.0,0,0,0,-9999.0,1.0,1,P5_CV0,3,2,0,1,1
6,2545325.475,726552.0418,R6_F6_m-1f-1_P6_Y-1_U92,-9999,-9999,FXX,2,83.42289262878553,1,0,1.0,0,0,0,-9999.0,0.5,1,P5_CV0,3,1,1,1,1
6,2545325.475,726552.0418,R6_F6_m-1f-1_P6_Y-1_U96,-9999,-9999,FXX,2,83.42289262878553,1,0,1.826,0,0,0,-9999.0,0.0,1,P5_CV0,3,0,2,1,1
6,2545325.475,726552.0418,R6_F6_m-1f-1_P6_Y-1_U98,-9999,-9999,MXY,2,83.42289262878553,1,0,0.0,0,0,0,-9999.0,0.5,1,P5_CV0,3,1,1,0,2
6,2545325.475,726552.0418,R6_F6_m-1f-1_P6_Y-1_U99,-9999,-9999,MXY,2,83.42289262878553,1,0,0.0,0,0,0,-9999.0,0.0,1,P5_CV0,3,0,2,0,2
6,2545325.475,726552.0418,R6_F6_m-1f-1_P6_Y-1_U100,-9999,-9999,FXX,2,83.42289262878553,1,0,1.834,0,0,0,-9999.0,1.0,1,P5_CV0,3,2,0,2,0
6,2545325.475,726552.0418,R6_F6_m-1f-1_P6_Y-1_U101,-9999,-9999,FXX,2,83.42289262878553,1,0,1.666,0,0,0,-9999.0,0.0,1,P5_CV0,3,0,2,0,2
6,2545325.475,726552.0418,R6_F6_m-1f-1_P6_Y-1_U103,-9999,-9999,MXY,2,83.42289262878553,1,0,0.0,0,0,0,-9999.0,0.5,1,P5_CV0,3,1,1,1,1
6,2545325.475,726552.0418,R6_F6_m-1f-1_P6_Y-1_U106,-9999,-9999,MXY,2,83.42289262878553,1,0,0.0,0,0,0,-9999.0,0.5,1,P5_CV0,3,1,1,1,1
6,2545325.475,726552.0418,R6_F6_m-1f-1_P6_Y-1_U108,-9999,-9999,MXY,2,83.42289262878553,1,0,0.0,0,0,0,-9999.0,0.5,1,P5_CV0,3,1,1,0,2
6,2545325.475,726552.0418,RD6_F6_m-1f-1_P6_Y-1_U110,-9999,-9999,MXY,2,83.42289262878553,1,0,0.0,0,0,0,-9999.0,0.5,1,P5_CV0,3,1,1,2,0
6,2545325.475,726552.0418,R6_F6_m-1f-1_P6_Y-1_U111,-9999,-9999,MXY,2,83.42289262878553,1,0,0.0,0,0,0,-9999.0,1.0,1,P5_CV0,3,2,0,1,1
6,2545325.475,726552.0418,R6_F6_m-1f-1_P6_Y-1_U114,-9999,-9999,MXY,2,83.42289262878553,1,0,0.0,0,0,0,-9999.0,0.0,1,P5_CV0,3,0,2,1,1
6,2545325.475,726552.0418,R6_F6_m-1f-1_P6_Y-1_U115,-9999,-9999,MXY,2,83.42289262878553,1,0,0.0,0,0,0,-9999.0,0.5,1,P5_CV0,3,1,1,1,1
6,2545325.475,726552.0418,R6_F6_m-1f-1_P6_Y-1_U116,-9999,-9999,FXX,2,83.42289262878553,1,0,0.0,0,0,0,-9999.0,0.5,1,P5_CV0,3,1,1,2,0
6,2545325.475,726552.0418,R6_F6_m-1f-1_P6_Y-1_U118,-9999,-9999,FXX,2,83.42289262878553,1,0,2.774,0,0,0,-9999.0,0.5,1,P5_CV0,3,1,1,2,0
6,2545325.475,726552.0418,R6_F6_m-1f-1_P6_Y-1_U122,-9999,-9999,FXX,2,83.42289262878553,1,0,1.909,0,0,0,-9999.0,0.0,1,P5_CV0,3,0,2,0,2
6,2545325.475,726552.0418,R6_F6_m-1f-1_P6_Y-1_U123,-9999,-9999,FXX,2,83.42289262878553,1,0,1.725,0,0,0,-9999.0,0.5,1,P5_CV0,3,1,1,1,1
6,2545325.475,726552.0418,R6_F6_m-1f-1_P6_Y-1_U124,-9999,-9999,FXX,2,83.42289262878553,1,0,1.0,0,0,0,-9999.0,0.5,1,P5_CV0,3,1,1,1,1
6,2545325.475,726552.0418,R6_F6_m-1f-1_P6_Y-1_U126,-9999,-9999,FXX,2,83.42289262878553,1,0,1.0,0,0,0,-9999.0,0.5,1,P5_CV0,3,1,1,1,1
6,2545325.475,726552.0418,R6_F6_m-1f-1_P6_Y-1_U127,-9999,-9999,FXX,2,83.42289262878553,1,0,0.0,0,0,0,-9999.0,0.0,1,P5_CV0,3,0,2,1,1
6,2545325.475,726552.0418,R6_F6_m-1f-1_P6_Y-1_U25,-9999,-9999,MXY,3,88.27300242586266,1,0,0.0,0,0,0,-9999.0,0.0,1,P5_CV0,3,0,2,0,2
6,2545325.475,726552.0418,R6_F6_m-1f-1_P6_Y-1_U1,-9999,-9999,FXX,3,102.03900242586266,1,0,2.622,0,0,0,-9999.0,0.5,1,P5_CV0,3,1,1,1,1
6,2545325.475,726552.0418,R6_F6_m-1f-1_P6_Y-1_U5,-9999,-9999,FXX,3,103.75400242586265,1,0,1.0,0,0,0,-9999.0,1.0,1,P5_CV0,3,2,0,0,2
6,2545325.475,726552.0418,R6_F6_m-1f-1_P6_Y-1_U10,-9999,-9999,FXX,3,97.37700242586266,1,0,0.0,0,0,0,-9999.0,0.0,1,P5_CV0,3,0,2,1,1
6,2545325.475,726552.0418,R6_F6_m-1f-1_P6_Y-1_U11,-9999,-9999,FXX,3,103.40300242586265,1,0,0.0,0,0,0,-9999.0,0.0,1,P5_CV0,3,0,2,0,2
6,2545325.475,726552.0418,R6_F6_m-1f-1_P6_Y-1_U17,-9999,-9999,FXX,3,96.53700242586265,1,0,1.557,0,0,0,-9999.0,0.0,1,P5_CV0,3,0,2,2,0
6,2545325.475,726552.0418,R6_F6_m-1f-1_P6_Y-1_U19,-9999,-9999,FXX,3,93.80100242586266,1,0,0.0,0,0,0,-9999.0,0.0,1,P5_CV0,3,0,2,0,2
6,2545325.475,726552.0418,R6_F6_m-1f-1_P6_Y-1_U31,-9999,-9999,MXY,3,94.50100242586265,1,0,0.0,0,0,0,-9999.0,0.5,1,P5_CV0,3,1,1,2,0
6,2545325.475,726552.0418,R6_F6_m-1f-1_P6_Y-1_U35,-9999,-9999,MXY,3,105.18300242586265,1,0,0.0,0,0,0,-9999.0,0.0,1,P5_CV0,3,0,2,2,0
6,2545325.475,726552.0418,R6_F6_m-1f-1_P6_Y-1_U37,-9999,-9999,FXX,3,103.95300242586266,1,0,0.0,0,0,0,-9999.0,0.5,1,P5_CV0,3,1,1,1,1
6,2545325.475,726552.0418,R6_F6_m-1f-1_P6_Y-1_U38,-9999,-9999,FXX,3,102.22600242586266,1,0,1.0,0,0,0,-9999.0,0.5,1,P5_CV0,3,1,1,0,2
6,2545325.475,726552.0418,R6_F6_m-1f-1_P6_Y-1_U40,-9999,-9999,FXX,3,99.48500242586266,1,0,1.0,0,0,0,-9999.0,0.5,1,P5_CV0,3,1,1,1,1
6,2545325.475,726552.0418,R6_F6_m-1f-1_P6_Y-1_U44,-9999,-9999,MXY,3,110.83000242586266,1,0,0.0,0,0,0,-9999.0,0.5,1,P5_CV0,3,1,1,1,1
6,2545325.475,726552.0418,R6_F6_m-1f-1_P6_Y-1_U48,-9999,-9999,MXY,3,99.59400242586266,1,0,0.0,0,0,0,-9999.0,0.5,1,P5_CV0,3,1,1,1,1
6,2545325.475,726552.0418,R6_F6_m-1f-1_P6_Y-1_U53,-9999,-9999,MXY,3,103.83200242586265,1,0,0.0,0,0,0,-9999.0,0.5,1,P5_CV0,3,1,1,2,0
6,2545325.475,726552.0418,R6_F6_m-1f-1_P6_Y-1_U54,-9999,-9999,FXX,3,98.79600242586265,1,0,0.0,0,0,0,-9999.0,0.0,1,P5_CV0,3,0,2,0,2
6,2545325.475,726552.0418,R6_F6_m-1f-1_P6_Y-1_U59,-9999,-9999,MXY,3,102.75700242586265,1,0,0.0,0,0,0,-9999.0,0.5,1,P5_CV0,3,1,1,2,0
6,2545325.475,726552.0418,R6_F6_m-1f-1_P6_Y-1_U65,-9999,-9999,MXY,3,103.42400242586265,1,0,0.0,0,0,0,-9999.0,1.0,1,P5_CV0,3,2,0,1,1
6,2545325.475,726552.0418,R6_F6_m-1f-1_P6_Y-1_U66,-9999,-9999,MXY,3,96.08900242586266,1,0,0.0,0,0,0,-9999.0,0.0,1,P5_CV0,3,0,2,0,2
6,2545325.475,726552.0418,R6_F6_m-1f-1_P6_Y-1_U67,-9999,-9999,MXY,3,93.99000242586266,1,0,0.0,0,0,0,-9999.0,0.0,1,P5_CV0,3,0,2,1,1
6,2545325.475,726552.0418,R6_F6_m-1f-1_P6_Y-1_U68,-9999,-9999,FXX,3,95.85500242586265,1,0,0.0,0,0,0,-9999.0,0.5,1,P5_CV0,3,1,1,0,2
6,2545325.475,726552.0418,R6_F6_m-1f-1_P6_Y-1_U77,-9999,-9999,FXX,3,104.95000242586266,1,0,1.307,0,0,0,-9999.0,0.5,1,P5_CV0,3,1,1,2,0
6,2545325.475,726552.0418,R6_F6_m-1f-1_P6_Y-1_U81,-9999,-9999,FXX,3,99.10400242586266,1,0,1.455,0,0,0,-9999.0,0.0,1,P5_CV0,3,0,2,1,1
6,2545325.475,726552.0418,R6_F6_m-1f-1_P6_Y-1_U82,-9999,-9999,FXX,3,98.72300242586266,1,0,0.0,0,0,0,-9999.0,1.0,1,P5_CV0,3,2,0,2,0
6,2545325.475,726552.0418,R6_F6_m-1f-1_P6_Y-1_U88,-9999,-9999,MXY,3,102.26400242586266,1,0,0.0,0,0,0,-9999.0,0.5,1,P5_CV0,3,1,1,1,1
6,2545325.475,726552.0418,R6_F6_m-1f-1_P6_Y-1_U104,-9999,-9999,FXX,3,100.98200242586266,1,0,2.81,0,0,0,-9999.0,0.5,1,P5_CV0,3,1,1,1,1
6,2545325.475,726552.0418,R6_F6_m-1f-1_P6_Y-1_U105,-9999,-9999,FXX,3,112.42500242586266,1,0,1.327,0,0,0,-9999.0,0.5,1,P5_CV0,3,1,1,1,1
6,2545325.475,726552.0418,R6_F6_m-1f-1_P6_Y-1_U107,-9999,-9999,FXX,3,102.69600242586266,1,0,3.17,0,0,0,-9999.0,0.5,1,P5_CV0,3,1,1,1,1
6,2545325.475,726552.0418,R6_F6_m-1f-1_P6_Y-1_U121,-9999,-9999,MXY,3,108.02900242586266,1,0,0.0,0,0,0,-9999.0,0.5,1,P5_CV0,3,1,1,1,1
6,2545325.475,726552.0418,R6_F6_m-1f-1_P6_Y-1_U125,-9999,-9999,FXX,3,104.64600242586266,1,0,1.506,0,0,0,-9999.0,0.5,1,P5_CV0,3,1,1,1,1
6,2545325.475,726552.0418,R6_F6_m-1f-1_P6_Y-1_U12,-9999,-9999,MXY,4,128.83086101784383,1,0,0.0,0,0,0,-9999.0,0.5,1,P5_CV0,3,1,1,1,1
6,2545325.475,726552.0418,R6_F6_m-1f-1_P6_Y-1_U117,-9999,-9999,MXY,4,128.83086101784383,1,0,0.0,0,0,0,-9999.0,0.5,1,P5_CV0,3,1,1,1,1
6,2545325.475,726552.0418,R6_F6_m-1f-1_P6_Y-1_U109,-9999,-9999,MXY,4,128.83086101784383,1,0,0.0,0,0,0,-9999.0,0.5,1,P5_CV0,3,1,1,1,1
6,2545325.475,726552.0418,R6_F6_m-1f-1_P6_Y-1_U119,-9999,-9999,FXX,4,128.83086101784383,1,0,1.162,0,0,0,-9999.0,0.0,1,P5_CV0,3,0,2,1,1
6,2545325.475,726552.0418,R6_F6_m-1f-1_P6_Y-1_U87,-9999,-9999,MXY,4,128.83086101784383,1,0,0.0,0,0,0,-9999.0,0.5,1,P5_CV0,3,1,1,1,1
6,2545325.475,726552.0418,R6_F6_m-1f-1_P6_Y-1_U60,-9999,-9999,FXX,4,128.83086101784383,1,0,0.0,0,0,0,-9999.0,0.0,1,P5_CV0,3,0,2,1,1
6,2545325.475,726552.0418,R6_F6_m-1f-1_P6_Y-1_U33,-9999,-9999,MXY,4,128.83086101784383,1,0,0.0,0,0,0,-9999.0,1.0,1,P5_CV0,3,2,0,1,1
6,2545325.475,726552.0418,R6_F6_m-1f-1_P6_Y-1_U113,-9999,-9999,FXX,4,128.83086101784383,1,0,1.601,0,0,0,-9999.0,0.5,1,P5_CV0,3,1,1,0,2
6,2545325.475,726552.0418,R6_F6_m-1f-1_P6_Y-1_U29,-9999,-9999,MXY,4,128.83086101784383,1,0,0.0,0,0,0,-9999.0,0.0,1,P5_CV0,3,0,2,1,1
6,2545325.475,726552.0418,I6_F7_m-1f-1_P6_Y-1_U94,-9999,-9999,FXX,4,128.82756800285915,1,0,1.0,0,0,0,-9999.0,0.5,1,P5_CV0,3,1,1,2,0
6,2545325.475,726552.0418,R6_F6_m-1f-1_P6_Y-1_U7,-9999,-9999,FXX,4,128.83086101784383,1,0,1.0,0,0,0,-9999.0,1.0,1,P5_CV0,3,2,0,2,0
6,2545325.475,726552.0418,R6_F6_m-1f-1_P6_Y-1_U102,-9999,-9999,FXX,4,128.83086101784383,1,0,1.248,0,0,0,-9999.0,0.5,1,P5_CV0,3,1,1,2,0
6,2545325.475,726552.0418,R6_F6_m-1f-1_P6_Y-1_U27,-9999,-9999,FXX,4,128.83086101784383,1,0,1.0,0,0,0,-9999.0,0.0,1,P5_CV0,3,0,2,0,2
6,2545325.475,726552.0418,R6_F6_m-1f-1_P6_Y-1_U120,-9999,-9999,MXY,4,128.83086101784383,1,0,0.0,0,0,0,-9999.0,0.0,1,P5_CV0,3,0,2,1,1
6,2545325.475,726552.0418,R6_F6_m-1f-1_P6_Y-1_U70,-9999,-9999,FXX,4,128.83086101784383,1,0,2.828,0,0,0,-9999.0,0.5,1,P5_CV0,3,1,1,0,2
6,2545325.475,726552.0418,R6_F6_m-1f-1_P6_Y-1_U50,-9999,-9999,MXY,4,128.83086101784383,1,0,0.0,0,0,0,-9999.0,1.0,1,P5_CV0,3,2,0,0,2
6,2545325.475,726552.0418,R6_F6_m-1f-1_P6_Y-1_U3,-9999,-9999,FXX,4,128.83086101784383,1,0,1.346,0,0,0,-9999.0,1.0,1,P5_CV0,3,2,0,2,0
6,2545325.475,726552.0418,R6_F6_m-1f-1_P6_Y-1_U93,-9999,-9999,MXY,4,128.83086101784383,1,0,0.0,0,0,0,-9999.0,0.0,1,P5_CV0,3,0,2,0,2
6,2545325.475,726552.0418,R6_F6_m-1f-1_P6_Y-1_U49,-9999,-9999,FXX,5,138.3320340723948,1,0,0.0,0,0,0,-9999.0,0.0,1,P5_CV0,3,0,2,2,0
6,2545325.475,726552.0418,R6_F6_m-1f-1_P6_Y-1_U55,-9999,-9999,FXX,5,130.0170340723948,1,0,1.455,0,0,0,-9999.0,0.0,1,P5_CV0,3,0,2,0,2
6,2545325.475,726552.0418,R6_F6_m-1f-1_P6_Y-1_U95,-9999,-9999,MXY,5,135.7800340723948,1,0,0.0,0,0,0,-9999.0,0.0,1,P5_CV0,3,0,2,1,1
6,2545325.475,726552.0418,R6_F6_m-1f-1_P6_Y-1_U32,-9999,-9999,FXX,5,152.7350340723948,1,0,1.0,0,0,0,-9999.0,1.0,1,P5_CV0,3,2,0,1,1
6,2545325.475,726552.0418,R6_F6_m-1f-1_P6_Y-1_U42,-9999,-9999,FXX,5,147.4220340723948,1,0,3.269,0,0,0,-9999.0,0.0,1,P5_CV0,3,0,2,1,1
6,2545325.475,726552.0418,R6_F6_m-1f-1_P6_Y-1_U72,-9999,-9999,FXX,5,161.41903407239482,1,0,0.0,0,0,0,-9999.0,0.0,1,P5_CV0,3,0,2,0,2
