PatchID,XCOORD,YCOORD,ID,MID,FID,sex,age,size,mature,newmature,layeggs,capture,recapture,state,CDist,Hindex,Species,ClassFile,SubPatchID,L0A0,L0A1,L1A0,L1A1
1,2540470.832,712452.2021,R1_F1_m1f1_P1_Y3_UO5,R1_F1_m1f1_P1_Y0_UO202,R1_F1_m1f1_P1_Y0_UO518,MXY,1,53.62613020747331,0,0,0.0,0,0,0,-9999.0,0.375,1,P0_CV0,1,1,1,2,0
1,2540470.832,712452.2021,R1_F1_m1f1_P1_Y3_UO6,R1_F1_m1f1_P1_Y0_UO202,R1_F1_m1f1_P1_Y0_UO518,MXY,1,53.62613020747331,0,0,0.0,0,0,0,-9999.0,0.375,1,P0_CV0,1,2,0,2,0
1,2540470.832,712452.2021,RD1_F1_m1f1_P1_Y3_UO7,R1_F1_m1f1_P1_Y0_UO202,R1_F1_m1f1_P1_Y0_UO518,FXX,1,53.62613020747331,0,0,0.0,0,0,0,-9999.0,0.375,1,P0_CV0,1,1,1,1,1
1,2540470.832,712452.2021,R1_F1_m1f1_P1_Y3_UO28,R1_F1_m1f1_P1_Y1_UO338,R1_F1_m1f1_P1_Y1_UO285,FXX,1,53.62613020747331,0,0,0.0,0,0,0,-9999.0,0.25,1,P0_CV0,1,1,1,0,2
1,2540470.832,712452.2021,R1_F1_m1f1_P1_Y3_UO29,R1_F1_m1f1_P1_Y1_UO338,R1_F1_m1f1_P1_Y1_UO285,MXY,1,53.62613020747331,0,0,0.0,0,0,0,-9999.0,0.25,1,P0_CV0,1,1,1,0,2
1,2540470.832,712452.2021,R1_F1_m1f1_P1_Y3_UO59,R1_F1_m1f1_P1_Y0_UO551,R1_F1_m-1f-1_P1_Y-1_U112,MXY,1,53.62613020747331,0,0,0.0,0,0,0,-9999.0,0.375,1,P0_CV0,1,1,1,2,0
1,2540470.832,712452.2021,R1_F1_m1f1_P1_Y3_UO60,R1_F1_m-1f-1_P1_Y-1_U119,R1_F1_m1f1_P1_Y1_UO344,FXX,1,53.62613020747331,0,0,0.0,0,0,0,-9999.0,0.25,1,P0_CV0,1,0,2,1,1
1,2540470.832,712452.2021,R1_F1_m1f1_P1_Y3_UO61,R1_F1_m-1f-1_P1_Y-1_U119,R1_F1_m1f1_P1_Y1_UO344,MXY,1,53.62613020747331,0,0,0.0,0,0,0,-9999.0,0.25,1,P0_CV0,1,0,2,2,0
1,2540470.832,712452.2021,R1_F1_m1f1_P1_Y3_UO62,R1_F1_m-1f-1_P1_Y-1_U119,R1_F1_m1f1_P1_Y1_UO344,FXX,1,53.62613020747331,0,0,0.0,0,0,0,-9999.0,0.25,1,P0_CV0,1,0,2,0,2
1,2540470.832,712452.2021,R1_F1_m1f1_P1_Y3_UO78,R1_F1_m-1f-1_P1_Y-1_U134,R1_F1_m1f1_P1_Y0_UO126,FXX,1,53.62613020747331,0,0,0.0,0,0,0,-9999.0,0.125,1,P0_CV0,1,1,1,1,1
1,2540470.832,712452.2021,R1_F1_m1f1_P1_Y3_UO79,R1_F1_m-1f-1_P1_Y-1_U134,R1_F1_m1f1_P1_Y0_UO126,MXY,1,53.62613020747331,0,0,0.0,0,0,0,-9999.0,0.125,1,P0_CV0,1,1,1,1,1
1,2540470.832,712452.2021,R1_F1_m1f1_P1_Y3_UO80,R1_F1_m-1f-1_P1_Y-1_U134,R1_F1_m1f1_P1_Y0_UO126,MXY,1,53.62613020747331,0,0,0.0,0,0,0,-9999.0,0.125,1,P0_CV0,1,1,1,1,1
1,2540470.832,712452.2021,R1_F1_m1f1_P1_Y3_UO81,R1_F1_m-1f-1_P1_Y-1_U134,R1_F1_m1f1_P1_Y0_UO126,FXX,1,53.62613020747331,0,0,0.0,0,0,0,-9999.0,0.125,1,P0_CV0,1,1,1,1,1
1,2540470.832,712452.2021,R1_F1_m1f1_P1_Y3_UO82,R1_F1_m-1f-1_P1_Y-1_U134,R1_F1_m1f1_P1_Y0_UO126,MXY,1,53.62613020747331,0,0,0.0,0,0,0,-9999.0,0.125,1,P0_CV0,1,1,1,1,1
1,2540470.832,712452.2021,R1_F1_m1f1_P1_Y3_UO144,R1_F1_m1f1_P1_Y0_UO551,R1_F1_m1f1_P1_Y1_UO519,FXX,1,53.62613020747331,0,0,0.0,0,0,0,-9999.0,0.25,1,P0_CV0,1,1,1,2,0
1,2540470.832,712452.2021,R1_F1_m1f1_P1_Y3_UO145,R1_F1_m1f1_P1_Y0_UO551,R1_F1_m1f1_P1_Y1_UO519,FXX,1,53.62613020747331,0,0,0.0,0,0,0,-9999.0,0.25,1,P0_CV0,1,1,1,1,1
1,2540470.832,712452.2021,R1_F1_m1f1_P1_Y3_UO156,R1_F1_m1f1_P1_Y0_UO305,R1_F1_m1f1_P1_Y0_UO379,FXX,1,53.62613020747331,0,0,0.0,0,0,0,-9999.0,0.5,1,P0_CV0,1,1,1,0,2
1,2540470.832,712452.2021,R1_F1_m1f1_P1_Y3_UO184,R1_F1_m1f1_P1_Y1_UO476,R1_F1_m1f1_P1_Y1_UO322,FXX,1,53.62613020747331,0,0,0.0,0,0,0,-9999.0,0.25,1,P0_CV0,1,2,0,0,2
1,2540470.832,712452.2021,R1_F1_m1f1_P1_Y3_UO185,R1_F1_m1f1_P1_Y1_UO476,R1_F1_m1f1_P1_Y1_UO322,MXY,1,53.62613020747331,0,0,0.0,0,0,0,-9999.0,0.25,1,P0_CV0,1,2,0,1,1
1,2540470.832,712452.2021,R1_F1_m1f1_P1_Y3_UO186,R1_F1_m1f1_P1_Y1_UO476,R1_F1_m1f1_P1_Y1_UO322,MXY,1,53.62613020747331,0,0,0.0,0,0,0,-9999.0,0.25,1,P0_CV0,1,2,0,0,2
1,2540470.832,712452.2021,R1_F1_m1f1_P1_Y3_UO201,R1_F1_m1f1_P1_Y1_UO338,R1_F1_m1f1_P1_Y1_UO435,MXY,1,53.62613020747331,0,0,0.0,0,0,0,-9999.0,0.125,1,P0_CV0,1,0,2,1,1
1,2540470.832,712452.2021,R1_F1_m1f1_P1_Y3_UO202,R1_F1_m1f1_P1_Y1_UO338,R1_F1_m1f1_P1_Y1_UO435,MXY,1,53.62613020747331,0,0,0.0,0,0,0,-9999.0,0.125,1,P0_CV0,1,0,2,1,1
1,2540470.832,712452.2021,R1_F1_m1f1_P1_Y3_UO216,R1_F1_m1f1_P1_Y1_UO440,R1_F1_m1f1_P1_Y0_UO157,MXY,1,53.62613020747331,0,0,0.0,0,0,0,-9999.0,0.125,1,P0_CV0,1,1,1,0,2
1,2540470.832,712452.2021,R1_F1_m1f1_P1_Y3_UO217,R1_F1_m1f1_P1_Y0_UO551,R1_F1_m1f1_P1_Y1_UO7,FXX,1,53.62613020747331,0,0,0.0,0,0,0,-9999.0,0.25,1,P0_CV0,1,1,1,1,1
1,2540470.832,712452.2021,R1_F1_m1f1_P1_Y3_UO218,R1_F1_m1f1_P1_Y0_UO551,R1_F1_m1f1_P1_Y1_UO7,MXY,1,53.62613020747331,0,0,0.0,0,0,0,-9999.0,0.25,1,P0_CV0,1,2,0,1,1
1,2540470.832,712452.2021,R1_F1_m1f1_P1_Y3_UO219,R1_F1_m1f1_P1_Y1_UO476,R1_F1_m-1f-1_P1_Y-1_U95,FXX,1,53.62613020747331,0,0,0.0,0,0,0,-9999.0,0.125,1,P0_CV0,1,1,1,1,1
1,2540470.832,712452.2021,R1_F1_m1f1_P1_Y3_UO220,R1_F1_m1f1_P1_Y1_UO476,R1_F1_m-1f-1_P1_Y-1_U95,FXX,1,53.62613020747331,0,0,0.0,0,0,0,-9999.0,0.125,1,P0_CV0,1,1,1,1,1
1,2540470.832,712452.2021,R1_F1_m1f1_P1_Y3_UO222,R1_F1_m-1f-1_P1_Y-1_U119,R1_F1_m1f1_P1_Y1_UO580,FXX,1,53.62613020747331,0,0,0.0,0,0,0,-9999.0,0.25,1,P0_CV0,1,1,1,0,2
1,2540470.832,712452.2021,R1_F1_m1f1_P1_Y3_UO223,R1_F1_m-1f-1_P1_Y-1_U119,R1_F1_m1f1_P1_Y1_UO580,MXY,1,53.62613020747331,0,0,0.0,0,0,0,-9999.0,0.25,1,P0_CV0,1,1,1,1,1
1,2540470.832,712452.2021,R1_F1_m1f1_P1_Y3_UO224,R1_F1_m-1f-1_P1_Y-1_U119,R1_F1_m1f1_P1_Y1_UO580,MXY,1,53.62613020747331,0,0,0.0,0,0,0,-9999.0,0.25,1,P0_CV0,1,1,1,0,2
1,2540470.832,712452.2021,R1_F1_m1f1_P1_Y3_UO225,R1_F1_m-1f-1_P1_Y-1_U119,R1_F1_m1f1_P1_Y1_UO580,FXX,1,53.62613020747331,0,0,0.0,0,0,0,-9999.0,0.25,1,P0_CV0,1,0,2,0,2
1,2540470.832,712452.2021,R1_F1_m1f1_P1_Y3_UO226,R1_F1_m-1f-1_P1_Y-1_U119,R1_F1_m1f1_P1_Y1_UO580,MXY,1,53.62613020747331,0,0,0.0,0,0,0,-9999.0,0.25,1,P0_CV0,1,1,1,1,1
1,2540470.832,712452.2021,R1_F1_m1f1_P1_Y3_UO238,R1_F1_m-1f-1_P1_Y-1_U82,R1_F1_m1f1_P1_Y0_UO208,MXY,1,53.62613020747331,0,0,0.0,0,0,0,-9999.0,0.25,1,P0_CV0,1,1,1,1,1
1,2540470.832,712452.2021,R1_F1_m1f1_P1_Y3_UO239,R1_F1_m-1f-1_P1_Y-1_U82,R1_F1_m1f1_P1_Y0_UO208,MXY,1,53.62613020747331,0,0,0.0,0,0,0,-9999.0,0.25,1,P0_CV0,1,1,1,1,1
1,2540470.832,712452.2021,R1_F1_m1f1_P1_Y3_UO240,R1_F1_m-1f-1_P1_Y-1_U82,R1_F1_m1f1_P1_Y0_UO208,MXY,1,53.62613020747331,0,0,0.0,0,0,0,-9999.0,0.25,1,P0_CV0,1,1,1,1,1
1,2540470.832,712452.2021,R1_F1_m1f1_P1_Y3_UO241,R1_F1_m-1f-1_P1_Y-1_U82,R1_F1_m1f1_P1_Y0_UO208,MXY,1,53.62613020747331,0,0,0.0,0,0,0,-9999.0,0.25,1,P0_CV0,1,1,1,1,1
1,2540470.832,712452.2021,R1_F1_m1f1_P1_Y3_UO242,R1_F1_m-1f-1_P1_Y-1_U82,R1_F1_m1f1_P1_Y0_UO208,FXX,1,53.62613020747331,0,0,0.0,0,0,0,-9999.0,0.25,1,P0_CV0,1,2,0,1,1
1,2540470.832,712452.2021,R1_F1_m1f1_P1_Y3_UO243,R1_F1_m1f1_P1_Y1_UO568,R1_F1_m-1f-1_P1_Y-1_U112,MXY,1,53.62613020747331,0,0,0.0,0,0,0,-9999.0,0.5,1,P0_CV0,1,2,0,2,0
1,2540470.832,712452.2021,R1_F1_m1f1_P1_Y3_UO247,R1_F1_m1f1_P1_Y0_UO437,R1_F1_m-1f-1_P1_Y-1_U95,MXY,1,53.62613020747331,0,0,0.0,0,0,0,-9999.0,0.25,1,P0_CV0,1,1,1,1,1
1,2540470.832,712452.2021,R1_F1_m1f1_P1_Y3_UO251,R1_F1_m1f1_P1_Y1_UO476,R1_F1_m1f1_P1_Y1_UO262,FXX,1,53.62613020747331,0,0,0.0,0,0,0,-9999.0,0.25,1,P0_CV0,1,1,1,0,2
1,2540470.832,712452.2021,R1_F1_m1f1_P1_Y3_UO259,R1_F1_m1f1_P1_Y1_UO476,R1_F1_m1f1_P1_Y0_UO160,MXY,1,53.62613020747331,0,0,0.0,0,0,0,-9999.0,0.25,1,P0_CV0,1,2,0,0,2
1,2540470.832,712452.2021,R1_F1_m1f1_P1_Y3_UO263,R1_F1_m1f1_P1_Y0_UO757,R1_F1_m1f1_P1_Y1_UO262,FXX,1,53.62613020747331,0,0,0.0,0,0,0,-9999.0,0.5,1,P0_CV0,1,2,0,2,0
1,2540470.832,712452.2021,R1_F1_m1f1_P1_Y3_UO264,R1_F1_m1f1_P1_Y0_UO757,R1_F1_m1f1_P1_Y1_UO262,FXX,1,53.62613020747331,0,0,0.0,0,0,0,-9999.0,0.5,1,P0_CV0,1,2,0,1,1
1,2540470.832,712452.2021,R1_F1_m1f1_P1_Y3_UO271,R1_F1_m1f1_P1_Y1_UO338,R1_F1_m1f1_P1_Y0_UO516,FXX,1,53.62613020747331,0,0,0.0,0,0,0,-9999.0,0.375,1,P0_CV0,1,1,1,0,2
1,2540470.832,712452.2021,R1_F1_m1f1_P1_Y3_UO294,R1_F1_m1f1_P1_Y1_UO338,R1_F1_m1f1_P1_Y1_UO344,MXY,1,53.62613020747331,0,0,0.0,0,0,0,-9999.0,0.375,1,P0_CV0,1,0,2,0,2
1,2540470.832,712452.2021,R1_F1_m1f1_P1_Y3_UO295,R1_F1_m1f1_P1_Y1_UO338,R1_F1_m1f1_P1_Y1_UO344,MXY,1,53.62613020747331,0,0,0.0,0,0,0,-9999.0,0.375,1,P0_CV0,1,0,2,1,1
1,2540470.832,712452.2021,R1_F1_m1f1_P1_Y3_UO296,R1_F1_m1f1_P1_Y1_UO338,R1_F1_m1f1_P1_Y1_UO344,MXY,1,53.62613020747331,0,0,0.0,0,0,0,-9999.0,0.375,1,P0_CV0,1,1,1,0,2
1,2540470.832,712452.2021,R1_F1_m1f1_P1_Y3_UO298,R1_F1_m1f1_P1_Y1_UO568,R1_F1_m-1f-1_P1_Y-1_U31,FXX,1,53.62613020747331,0,0,0.0,0,0,0,-9999.0,0.25,1,P0_CV0,1,1,1,2,0
1,2540470.832,712452.2021,R1_F1_m1f1_P1_Y3_UO302,R1_F1_m1f1_P1_Y1_UO569,I1_F7_m1f1_P1_Y0_UO272,MXY,1,53.62613020747331,0,0,0.0,0,0,0,-9999.0,0.375,1,P0_CV0,1,1,1,0,2
1,2540470.832,712452.2021,R1_F1_m1f1_P1_Y3_UO303,R1_F1_m1f1_P1_Y1_UO569,I1_F7_m1f1_P1_Y0_UO272,FXX,1,53.62613020747331,0,0,0.0,0,0,0,-9999.0,0.375,1,P0_CV0,1,1,1,2,0
1,2540470.832,712452.2021,R1_F1_m1f1_P1_Y3_UO304,R1_F1_m1f1_P1_Y1_UO569,I1_F7_m1f1_P1_Y0_UO272,FXX,1,53.62613020747331,0,0,0.0,0,0,0,-9999.0,0.375,1,P0_CV0,1,1,1,1,1
1,2540470.832,712452.2021,R1_F1_m1f1_P1_Y3_UO314,R1_F1_m1f1_P1_Y0_UO437,R1_F1_m1f1_P1_Y0_UO157,MXY,1,53.62613020747331,0,0,0.0,0,0,0,-9999.0,0.375,1,P0_CV0,1,1,1,1,1
1,2540470.832,712452.2021,R1_F1_m1f1_P1_Y3_UO342,R1_F1_m-1f-1_P1_Y-1_U82,R1_F1_m1f1_P1_Y1_UO283,MXY,1,53.62613020747331,0,0,0.0,0,0,0,-9999.0,0.5,1,P0_CV0,1,1,1,0,2
1,2540470.832,712452.2021,R1_F1_m1f1_P1_Y3_UO343,R1_F1_m-1f-1_P1_Y-1_U82,R1_F1_m1f1_P1_Y1_UO283,FXX,1,53.62613020747331,0,0,0.0,0,0,0,-9999.0,0.5,1,P0_CV0,1,0,2,1,1
1,2540470.832,712452.2021,R1_F1_m1f1_P1_Y3_UO344,R1_F1_m-1f-1_P1_Y-1_U82,R1_F1_m1f1_P1_Y1_UO283,MXY,1,53.62613020747331,0,0,0.0,0,0,0,-9999.0,0.5,1,P0_CV0,1,1,1,0,2
1,2540470.832,712452.2021,R1_F1_m1f1_P1_Y3_UO345,R1_F1_m-1f-1_P1_Y-1_U82,R1_F1_m1f1_P1_Y1_UO283,FXX,1,53.62613020747331,0,0,0.0,0,0,0,-9999.0,0.5,1,P0_CV0,1,1,1,0,2
1,2540470.832,712452.2021,R1_F1_m1f1_P1_Y3_UO348,R1_F1_m1f1_P1_Y0_UO305,R1_F1_m1f1_P1_Y1_UO435,MXY,1,53.62613020747331,0,0,0.0,0,0,0,-9999.0,0.125,1,P0_CV0,1,0,2,1,1
1,2540470.832,712452.2021,R1_F1_m1f1_P1_Y3_UO362,R1_F1_m1f1_P1_Y1_UO483,R1_F1_m1f1_P1_Y1_UO262,MXY,1,53.62613020747331,0,0,0.0,0,0,0,-9999.0,0.25,1,P0_CV0,1,1,1,2,0
1,2540470.832,712452.2021,R1_F1_m1f1_P1_Y3_UO366,R1_F1_m1f1_P1_Y0_UO71,R1_F1_m1f1_P1_Y1_UO322,MXY,1,53.62613020747331,0,0,0.0,0,0,0,-9999.0,0.375,1,P0_CV0,1,1,1,0,2
1,2540470.832,712452.2021,R1_F1_m1f1_P1_Y3_UO377,R1_F1_m1f1_P1_Y0_UO305,I1_F7_m1f1_P1_Y0_UO272,MXY,1,53.62613020747331,0,0,0.0,0,0,0,-9999.0,0.25,1,P0_CV0,1,0,2,0,2
1,2540470.832,712452.2021,R1_F1_m1f1_P1_Y3_UO379,R1_F1_m1f1_P1_Y0_UO551,R1_F1_m1f1_P1_Y0_UO101,FXX,1,53.62613020747331,0,0,0.0,0,0,0,-9999.0,0.375,1,P0_CV0,1,0,2,1,1
1,2540470.832,712452.2021,R1_F1_m1f1_P1_Y3_UO380,R1_F1_m1f1_P1_Y0_UO551,R1_F1_m1f1_P1_Y0_UO101,MXY,1,53.62613020747331,0,0,0.0,0,0,0,-9999.0,0.375,1,P0_CV0,1,2,0,1,1
1,2540470.832,712452.2021,R1_F1_m1f1_P1_Y3_UO381,R1_F1_m1f1_P1_Y0_UO551,R1_F1_m1f1_P1_Y0_UO101,MXY,1,53.62613020747331,0,0,0.0,0,0,0,-9999.0,0.375,1,P0_CV0,1,1,1,2,0
1,2540470.832,712452.2021,R1_F1_m1f1_P1_Y2_UO116,R1_F1_m1f1_P1_Y0_UO239,R1_F1_m1f1_P1_Y0_UO691,FXX,2,77.58253724906278,1,0,1.685,0,0,0,-9999.0,0.5,1,P0_CV0,1,0,2,1,1
1,2540470.832,712452.2021,R1_F1_m1f1_P1_Y2_UO359,R1_F1_m1f1_P1_Y0_UO551,R1_F1_m-1f-1_P1_Y-1_U90,FXX,2,77.58253724906278,1,0,1.554,0,0,0,-9999.0,0.125,1,P0_CV0,1,0,2,1,1
1,2540470.832,712452.2021,R1_F1_m1f1_P1_Y2_UO56,R1_F1_m1f1_P1_Y0_UO71,R1_F1_m1f1_P1_Y0_UO99,FXX,2,77.58253724906278,1,0,1.285,0,0,0,-9999.0,0.5,1,P0_CV0,1,0,2,1,1
1,2540470.832,712452.2021,R1_F1_m1f1_P1_Y2_UO99,R1_F1_m1f1_P1_Y0_UO550,R1_F1_m1f1_P1_Y0_UO101,MXY,2,77.58253724906278,1,0,0.0,0,0,0,-9999.0,0.375,1,P0_CV0,1,2,0,0,2
1,2540470.832,712452.2021,R1_F1_m1f1_P1_Y2_UO89,R1_F1_m-1f-1_P1_Y-1_U134,R1_F1_m-1f-1_P1_Y-1_U29,MXY,2,77.58253724906278,1,0,0.0,0,0,0,-9999.0,0.25,1,P0_CV0,1,1,1,1,1
1,2540470.832,712452.2021,R1_F1_m1f1_P1_Y2_UO126,R1_F1_m1f1_P1_Y0_UO551,R1_F1_m-1f-1_P1_Y-1_U34,MXY,2,77.58253724906278,1,0,0.0,0,0,0,-9999.0,0.125,1,P0_CV0,1,1,1,2,0
1,2540470.832,712452.2021,R1_F1_m1f1_P1_Y2_UO219,R1_F1_m-1f-1_P1_Y-1_U85,R1_F1_m1f1_P1_Y0_UO58,MXY,2,77.58253724906278,1,0,0.0,0,0,0,-9999.0,0.125,1,P0_CV0,1,1,1,1,1
1,2540470.832,712452.2021,R1_F1_m1f1_P1_Y2_UO66,R1_F1_m-1f-1_P1_Y-1_U125,R1_F1_m1f1_P1_Y0_UO176,MXY,2,77.58253724906278,1,0,0.0,0,0,0,-9999.0,0.375,1,P0_CV0,1,0,2,0,2
1,2540470.832,712452.2021,R1_F1_m1f1_P1_Y2_UO332,R1_F1_m1f1_P1_Y0_UO71,R1_F1_m-1f-1_P1_Y-1_U90,MXY,2,77.58253724906278,1,0,0.0,0,0,0,-9999.0,0.25,1,P0_CV0,1,0,2,0,2
1,2540470.832,712452.2021,R1_F1_m1f1_P1_Y2_UO105,R1_F1_m1f1_P1_Y0_UO551,R1_F1_m1f1_P1_Y0_UO272,FXX,2,77.58253724906278,1,0,1.73,0,0,0,-9999.0,0.25,1,P0_CV0,1,0,2,2,0
1,2540470.832,712452.2021,R1_F1_m1f1_P1_Y2_UO177,R1_F1_m-1f-1_P1_Y-1_U82,R1_F1_m1f1_P1_Y0_UO516,FXX,2,77.58253724906278,1,0,1.573,0,0,0,-9999.0,0.5,1,P0_CV0,1,2,0,0,2
1,2540470.832,712452.2021,R1_F1_m1f1_P1_Y2_UO181,R1_F1_m1f1_P1_Y0_UO718,R1_F1_m1f1_P1_Y0_UO518,FXX,2,77.58253724906278,1,0,1.681,0,0,0,-9999.0,0.25,1,P0_CV0,1,1,1,1,1
1,2540470.832,712452.2021,R1_F1_m1f1_P1_Y2_UO117,R1_F1_m1f1_P1_Y0_UO239,R1_F1_m1f1_P1_Y0_UO691,MXY,2,77.58253724906278,1,0,0.0,0,0,0,-9999.0,0.5,1,P0_CV0,1,1,1,1,1
1,2540470.832,712452.2021,R1_F1_m1f1_P1_Y2_UO42,R1_F1_m-1f-1_P1_Y-1_U119,R1_F1_m1f1_P1_Y0_UO386,FXX,2,77.58253724906278,1,0,1.0,0,0,0,-9999.0,0.125,1,P0_CV0,1,0,2,1,1
1,2540470.832,712452.2021,R1_F1_m1f1_P1_Y2_UO237,R1_F1_m1f1_P1_Y0_UO763,R1_F1_m1f1_P1_Y0_UO518,FXX,2,77.58253724906278,1,0,1.466,0,0,0,-9999.0,0.5,1,P0_CV0,1,2,0,1,1
1,2540470.832,712452.2021,R1_F1_m1f1_P1_Y2_UO395,R1_F1_m1f1_P1_Y0_UO551,R1_F1_m-1f-1_P1_Y-1_U29,MXY,2,77.58253724906278,1,0,0.0,0,0,0,-9999.0,0.375,1,P0_CV0,1,1,1,2,0
1,2540470.832,712452.2021,R1_F1_m1f1_P1_Y2_UO113,R1_F1_m1f1_P1_Y0_UO239,R1_F1_m1f1_P1_Y0_UO691,FXX,2,77.58253724906278,1,0,0.0,0,0,0,-9999.0,0.5,1,P0_CV0,1,0,2,0,2
1,2540470.832,712452.2021,R1_F1_m1f1_P1_Y2_UO517,R1_F1_m-1f-1_P1_Y-1_U125,R1_F1_m-1f-1_P1_Y-1_U29,FXX,2,77.58253724906278,1,0,0.0,0,0,0,-9999.0,0.5,1,P0_CV0,1,1,1,1,1
1,2540470.832,712452.2021,R1_F1_m1f1_P1_Y2_UO264,R1_F1_m-1f-1_P1_Y-1_U134,R1_F1_m1f1_P1_Y0_UO176,FXX,2,77.58253724906278,1,0,0.0,0,0,0,-9999.0,0.125,1,P0_CV0,1,0,2,1,1
1,2540470.832,712452.2021,R1_F1_m1f1_P1_Y2_UO178,R1_F1_m-1f-1_P1_Y-1_U82,R1_F1_m1f1_P1_Y0_UO516,MXY,2,77.58253724906278,1,0,0.0,0,0,0,-9999.0,0.5,1,P0_CV0,1,0,2,0,2
1,2540470.832,712452.2021,R1_F1_m1f1_P1_Y2_UO310,R1_F1_m1f1_P1_Y0_UO71,R1_F1_m1f1_P1_Y0_UO160,FXX,2,77.58253724906278,1,0,1.434,0,0,0,-9999.0,0.375,1,P0_CV0,1,1,1,0,2
1,2540470.832,712452.2021,R1_F1_m1f1_P1_Y2_UO112,R1_F1_m1f1_P1_Y0_UO239,R1_F1_m1f1_P1_Y0_UO691,MXY,2,77.58253724906278,1,0,0.0,0,0,0,-9999.0,0.5,1,P0_CV0,1,1,1,1,1
1,2540470.832,712452.2021,R1_F1_m1f1_P1_Y2_UO65,R1_F1_m-1f-1_P1_Y-1_U125,R1_F1_m1f1_P1_Y0_UO176,FXX,2,77.58253724906278,1,0,1.0,0,0,0,-9999.0,0.375,1,P0_CV0,1,0,2,0,2
1,2540470.832,712452.2021,R1_F1_m1f1_P1_Y2_UO288,R1_F1_m1f1_P1_Y0_UO207,R1_F1_m-1f-1_P1_Y-1_U31,FXX,2,77.58253724906278,1,0,1.992,0,0,0,-9999.0,0.0,1,P0_CV0,1,0,2,1,1
1,2540470.832,712452.2021,I1_F7_m1f1_P1_Y2_UO488,R1_F1_m1f1_P1_Y0_UO57,R1_F1_m-1f-1_P1_Y-1_U124,FXX,2,77.58539854161859,1,0,0.0,0,0,0,-9999.0,0.125,1,P0_CV0,1,0,2,2,0
1,2540470.832,712452.2021,R1_F1_m1f1_P1_Y1_UO338,R1_F1_m-1f-1_P1_Y-1_U65,R1_F1_m-1f-1_P1_Y-1_U32,FXX,3,97.18394065947172,1,0,1.0,0,0,0,-9999.0,0.25,1,P0_CV0,1,1,1,0,2
1,2540470.832,712452.2021,R1_F1_m1f1_P1_Y1_UO581,R1_F1_m-1f-1_P1_Y-1_U76,R1_F1_m-1f-1_P1_Y-1_U26,FXX,3,97.18394065947172,1,0,2.441,0,0,0,-9999.0,0.5,1,P0_CV0,1,1,1,2,0
1,2540470.832,712452.2021,R1_F1_m1f1_P1_Y1_UO517,R1_F1_m-1f-1_P1_Y-1_U83,R1_F1_m-1f-1_P1_Y-1_U42,MXY,3,97.18394065947172,1,0,0.0,0,0,0,-9999.0,0.25,1,P0_CV0,1,0,2,1,1
1,2540470.832,712452.2021,R1_F1_m1f1_P1_Y1_UO435,R1_F1_m-1f-1_P1_Y-1_U110,R1_F1_m-1f-1_P1_Y-1_U35,MXY,3,97.18394065947172,1,0,0.0,0,0,0,-9999.0,0.0,1,P0_CV0,1,0,2,1,1
1,2540470.832,712452.2021,R1_F1_m1f1_P1_Y1_UO344,R1_F1_m-1f-1_P1_Y-1_U140,R1_F1_m-1f-1_P1_Y-1_U116,MXY,3,97.18394065947172,1,0,0.0,0,0,0,-9999.0,0.5,1,P0_CV0,1,0,2,1,1
1,2540470.832,712452.2021,R1_F1_m1f1_P1_Y1_UO285,R1_F1_m-1f-1_P1_Y-1_U98,R1_F1_m-1f-1_P1_Y-1_U64,MXY,3,97.18394065947172,1,0,0.0,0,0,0,-9999.0,0.25,1,P0_CV0,1,1,1,0,2
1,2540470.832,712452.2021,R1_F1_m1f1_P1_Y1_UO286,R1_F1_m-1f-1_P1_Y-1_U98,R1_F1_m-1f-1_P1_Y-1_U64,FXX,3,97.18394065947172,1,0,1.118,0,0,0,-9999.0,0.25,1,P0_CV0,1,1,1,2,0
1,2540470.832,712452.2021,R1_F1_m1f1_P1_Y1_UO440,R1_F1_m-1f-1_P1_Y-1_U65,R1_F1_m-1f-1_P1_Y-1_U64,FXX,3,97.18394065947172,1,0,1.477,0,0,0,-9999.0,0.0,1,P0_CV0,1,0,2,0,2
1,2540470.832,712452.2021,R1_F1_m1f1_P1_Y1_UO568,R1_F1_m-1f-1_P1_Y-1_U23,R1_F1_m-1f-1_P1_Y-1_U64,FXX,3,97.18394065947172,1,0,0.0,0,0,0,-9999.0,0.5,1,P0_CV0,1,2,0,2,0
1,2540470.832,712452.2021,R1_F1_m1f1_P1_Y1_UO519,R1_F1_m-1f-1_P1_Y-1_U16,R1_F1_m-1f-1_P1_Y-1_U39,MXY,3,97.18394065947172,1,0,0.0,0,0,0,-9999.0,0.25,1,P0_CV0,1,1,1,1,1
1,2540470.832,712452.2021,R1_F1_m1f1_P1_Y1_UO363,R1_F1_m-1f-1_P1_Y-1_U110,R1_F1_m-1f-1_P1_Y-1_U88,FXX,3,97.18394065947172,1,0,1.313,0,0,0,-9999.0,0.25,1,P0_CV0,1,0,2,1,1
1,2540470.832,712452.2021,R1_F1_m1f1_P1_Y1_UO287,R1_F1_m-1f-1_P1_Y-1_U98,R1_F1_m-1f-1_P1_Y-1_U64,FXX,3,97.18394065947172,1,0,0.0,0,0,0,-9999.0,0.25,1,P0_CV0,1,0,2,0,2
1,2540470.832,712452.2021,R1_F1_m1f1_P1_Y1_UO558,R1_F1_m-1f-1_P1_Y-1_U98,R1_F1_m-1f-1_P1_Y-1_U1,MXY,3,97.18394065947172,1,0,0.0,0,0,0,-9999.0,0.5,1,P0_CV0,1,2,0,1,1
1,2540470.832,712452.2021,R1_F1_m1f1_P1_Y1_UO133,R1_F1_m-1f-1_P1_Y-1_U16,R1_F1_m-1f-1_P1_Y-1_U68,FXX,3,97.18394065947172,1,0,1.0,0,0,0,-9999.0,0.0,1,P0_CV0,1,0,2,2,0
1,2540470.832,712452.2021,R1_F1_m1f1_P1_Y1_UO322,R1_F1_m-1f-1_P1_Y-1_U55,R1_F1_m-1f-1_P1_Y-1_U11,MXY,3,97.18394065947172,1,0,0.0,0,0,0,-9999.0,0.25,1,P0_CV0,1,2,0,1,1
1,2540470.832,712452.2021,R1_F1_m1f1_P1_Y1_UO98,R1_F1_m-1f-1_P1_Y-1_U23,R1_F1_m-1f-1_P1_Y-1_U18,MXY,3,97.18394065947172,1,0,0.0,0,0,0,-9999.0,0.5,1,P0_CV0,1,1,1,1,1
1,2540470.832,712452.2021,I1_F7_m1f1_P1_Y1_UO7,R1_F1_m-1f-1_P1_Y-1_U57,R1_F1_m-1f-1_P1_Y-1_U31,MXY,3,97.18657639667292,1,0,0.0,0,0,0,-9999.0,0.25,1,P0_CV0,1,1,1,1,1
1,2540470.832,712452.2021,R1_F1_m1f1_P1_Y0_UO157,R1_F1_m-1f-1_P1_Y-1_U62,R1_F1_m-1f-1_P1_Y-1_U0,MXY,4,111.61798582835895,1,0,0.0,0,0,0,-9999.0,0.25,1,P0_CV0,1,1,1,1,1
1,2540470.832,712452.2021,R1_F1_m1f1_P1_Y0_UO126,R1_F1_m-1f-1_P1_Y-1_U115,R1_F1_m-1f-1_P1_Y-1_U19,MXY,4,111.61798582835895,1,0,0.0,0,0,0,-9999.0,0.25,1,P0_CV0,1,2,0,2,0
1,2540470.832,712452.2021,R1_F1_m1f1_P1_Y0_UO718,R1_F1_m-1f-1_P1_Y-1_U16,R1_F1_m-1f-1_P1_Y-1_U103,FXX,4,111.61798582835895,1,0,0.0,0,0,0,-9999.0,0.0,1,P0_CV0,1,1,1,1,1
1,2540470.832,712452.2021,R1_F1_m1f1_P1_Y0_UO437,R1_F1_m-1f-1_P1_Y-1_U89,R1_F1_m-1f-1_P1_Y-1_U52,FXX,4,111.61798582835895,1,0,1.0,0,0,0,-9999.0,0.5,1,P0_CV0,1,2,0,1,1
1,2540470.832,712452.2021,R1_F1_m-1f-1_P1_Y-1_U119,-9999,-9999,FXX,5,121.64021290552176,1,0,0.0,0,0,0,-9999.0,0.0,1,P0_CV0,1,0,2,1,1
1,2540470.832,712452.2021,R1_F1_m-1f-1_P1_Y-1_U124,-9999,-9999,MXY,5,121.64021290552176,1,0,0.0,0,0,0,-9999.0,0.0,1,P0_CV0,1,0,2,2,0
2,2536859.926,708059.4624,R2_F2_m2f2_P2_Y3_UO19,R2_F2_m2f2_P2_Y1_UO295,R2_F2_m-1f-1_P2_Y-1_U135,MXY,1,31.52886679052666,0,0,0.0,0,0,0,-9999.0,0.375,1,P1_CV0,1,0,2,1,1
2,2536859.926,708059.4624,R2_F2_m2f2_P2_Y3_UO20,R2_F2_m2f2_P2_Y1_UO295,R2_F2_m-1f-1_P2_Y-1_U135,FXX,1,31.52886679052666,0,0,0.0,0,0,0,-9999.0,0.375,1,P1_CV0,1,0,2,0,2
2,2536859.926,708059.4624,R2_F2_m2f2_P2_Y3_UO22,R2_F2_m2f2_P2_Y0_UO131,R2_F2_m2f2_P2_Y1_UO113,MXY,1,31.52886679052666,0,0,0.0,0,0,0,-9999.0,0.625,1,P1_CV0,1,2,0,2,0
2,2536859.926,708059.4624,R2_F2_m2f2_P2_Y3_UO23,R2_F2_m2f2_P2_Y0_UO131,R2_F2_m2f2_P2_Y1_UO113,MXY,1,31.52886679052666,0,0,0.0,0,0,0,-9999.0,0.625,1,P1_CV0,1,1,1,2,0
2,2536859.926,708059.4624,R2_F2_m2f2_P2_Y3_UO24,R2_F2_m2f2_P2_Y0_UO131,R2_F2_m2f2_P2_Y1_UO113,FXX,1,31.52886679052666,0,0,0.0,0,0,0,-9999.0,0.625,1,P1_CV0,1,1,1,1,1
2,2536859.926,708059.4624,R2_F2_m2f2_P2_Y3_UO30,R2_F2_m2f2_P2_Y1_UO574,R2_F2_m-1f-1_P2_Y-1_U58,MXY,1,31.52886679052666,0,0,0.0,0,0,0,-9999.0,0.625,1,P1_CV0,1,2,0,2,0
2,2536859.926,708059.4624,R2_F2_m2f2_P2_Y3_UO35,R2_F2_m2f2_P2_Y1_UO412,R2_F2_m-1f-1_P2_Y-1_U5,FXX,1,31.52886679052666,0,0,0.0,0,0,0,-9999.0,0.375,1,P1_CV0,1,1,1,0,2
2,2536859.926,708059.4624,R2_F2_m2f2_P2_Y3_UO36,R2_F2_m2f2_P2_Y1_UO412,R2_F2_m-1f-1_P2_Y-1_U5,MXY,1,31.52886679052666,0,0,0.0,0,0,0,-9999.0,0.375,1,P1_CV0,1,1,1,0,2
2,2536859.926,708059.4624,R2_F2_m2f2_P2_Y3_UO42,R2_F2_m2f2_P2_Y1_UO576,R2_F2_m2f2_P2_Y1_UO173,MXY,1,31.52886679052666,0,0,0.0,0,0,0,-9999.0,0.25,1,P1_CV0,1,1,1,1,1
2,2536859.926,708059.4624,R2_F2_m2f2_P2_Y3_UO50,R2_F2_m2f2_P2_Y0_UO656,R2_F2_m2f2_P2_Y1_UO169,FXX,1,31.52886679052666,0,0,0.0,0,0,0,-9999.0,0.375,1,P1_CV0,1,1,1,1,1
2,2536859.926,708059.4624,R2_F2_m2f2_P2_Y3_UO51,R2_F2_m2f2_P2_Y0_UO656,R2_F2_m2f2_P2_Y1_UO169,MXY,1,31.52886679052666,0,0,0.0,0,0,0,-9999.0,0.375,1,P1_CV0,1,1,1,1,1
2,2536859.926,708059.4624,R2_F2_m2f2_P2_Y3_UO52,R2_F2_m2f2_P2_Y0_UO656,R2_F2_m2f2_P2_Y1_UO169,FXX,1,31.52886679052666,0,0,0.0,0,0,0,-9999.0,0.375,1,P1_CV0,1,2,0,1,1
2,2536859.926,708059.4624,R2_F2_m2f2_P2_Y3_UO53,R2_F2_m2f2_P2_Y1_UO574,R2_F2_m2f2_P2_Y0_UO375,MXY,1,31.52886679052666,0,0,0.0,0,0,0,-9999.0,0.5,1,P1_CV0,1,2,0,2,0
2,2536859.926,708059.4624,R2_F2_m2f2_P2_Y3_UO84,R2_F2_m2f2_P2_Y1_UO531,R2_F2_m2f2_P2_Y0_UO375,MXY,1,31.52886679052666,0,0,0.0,0,0,0,-9999.0,0.75,1,P1_CV0,1,1,1,2,0
2,2536859.926,708059.4624,R2_F2_m2f2_P2_Y3_UO85,R2_F2_m-1f-1_P2_Y-1_U70,R2_F2_m2f2_P2_Y1_UO113,MXY,1,31.52886679052666,0,0,0.0,0,0,0,-9999.0,0.375,1,P1_CV0,1,1,1,1,1
2,2536859.926,708059.4624,R2_F2_m2f2_P2_Y3_UO86,R2_F2_m-1f-1_P2_Y-1_U70,R2_F2_m2f2_P2_Y1_UO113,MXY,1,31.52886679052666,0,0,0.0,0,0,0,-9999.0,0.375,1,P1_CV0,1,1,1,0,2
2,2536859.926,708059.4624,R2_F2_m2f2_P2_Y3_UO87,R2_F2_m-1f-1_P2_Y-1_U70,R2_F2_m2f2_P2_Y1_UO113,MXY,1,31.52886679052666,0,0,0.0,0,0,0,-9999.0,0.375,1,P1_CV0,1,1,1,0,2
2,2536859.926,708059.4624,R2_F2_m2f2_P2_Y3_UO109,R2_F2_m-1f-1_P2_Y-1_U56,R2_F2_m2f2_P2_Y1_UO573,FXX,1,31.52886679052666,0,0,0.0,0,0,0,-9999.0,0.375,1,P1_CV0,1,0,2,1,1
2,2536859.926,708059.4624,R2_F2_m2f2_P2_Y3_UO110,R2_F2_m-1f-1_P2_Y-1_U56,R2_F2_m2f2_P2_Y1_UO573,MXY,1,31.52886679052666,0,0,0.0,0,0,0,-9999.0,0.375,1,P1_CV0,1,0,2,1,1
2,2536859.926,708059.4624,R2_F2_m2f2_P2_Y3_UO111,R2_F2_m-1f-1_P2_Y-1_U56,R2_F2_m2f2_P2_Y1_UO573,FXX,1,31.52886679052666,0,0,0.0,0,0,0,-9999.0,0.375,1,P1_CV0,1,0,2,0,2
2,2536859.926,708059.4624,R2_F2_m2f2_P2_Y3_UO112,R2_F2_m-1f-1_P2_Y-1_U56,R2_F2_m2f2_P2_Y1_UO573,FXX,1,31.52886679052666,0,0,0.0,0,0,0,-9999.0,0.375,1,P1_CV0,1,0,2,1,1
2,2536859.926,708059.4624,R2_F2_m2f2_P2_Y3_UO120,R2_F2_m-1f-1_P2_Y-1_U60,R2_F2_m2f2_P2_Y1_UO169,FXX,1,31.52886679052666,0,0,0.0,0,0,0,-9999.0,0.5,1,P1_CV0,1,2,0,1,1
2,2536859.926,708059.4624,R2_F2_m2f2_P2_Y3_UO121,R2_F2_m-1f-1_P2_Y-1_U60,R2_F2_m2f2_P2_Y1_UO169,MXY,1,31.52886679052666,0,0,0.0,0,0,0,-9999.0,0.5,1,P1_CV0,1,2,0,1,1
2,2536859.926,708059.4624,R2_F2_m2f2_P2_Y3_UO122,R2_F2_m-1f-1_P2_Y-1_U60,R2_F2_m2f2_P2_Y1_UO169,MXY,1,31.52886679052666,0,0,0.0,0,0,0,-9999.0,0.5,1,P1_CV0,1,1,1,1,1
2,2536859.926,708059.4624,R2_F2_m2f2_P2_Y3_UO123,R2_F2_m-1f-1_P2_Y-1_U60,R2_F2_m2f2_P2_Y1_UO169,MXY,1,31.52886679052666,0,0,0.0,0,0,0,-9999.0,0.5,1,P1_CV0,1,2,0,1,1
2,2536859.926,708059.4624,R2_F2_m2f2_P2_Y3_UO124,R2_F2_m-1f-1_P2_Y-1_U60,R2_F2_m2f2_P2_Y1_UO169,MXY,1,31.52886679052666,0,0,0.0,0,0,0,-9999.0,0.5,1,P1_CV0,1,1,1,1,1
2,2536859.926,708059.4624,R2_F2_m2f2_P2_Y3_UO172,R2_F2_m2f2_P2_Y0_UO656,R2_F2_m2f2_P2_Y0_UO377,MXY,1,31.52886679052666,0,0,0.0,0,0,0,-9999.0,0.25,1,P1_CV0,1,2,0,1,1
2,2536859.926,708059.4624,R2_F2_m2f2_P2_Y3_UO192,R2_F2_m2f2_P2_Y1_UO576,R2_F2_m2f2_P2_Y0_UO654,FXX,1,31.52886679052666,0,0,0.0,0,0,0,-9999.0,0.25,1,P1_CV0,1,1,1,0,2
2,2536859.926,708059.4624,R2_F2_m2f2_P2_Y3_UO194,R2_F2_m2f2_P2_Y0_UO131,R2_F2_m2f2_P2_Y1_UO417,MXY,1,31.52886679052666,0,0,0.0,0,0,0,-9999.0,0.375,1,P1_CV0,1,2,0,2,0
2,2536859.926,708059.4624,R2_F2_m2f2_P2_Y3_UO195,R2_F2_m2f2_P2_Y0_UO131,R2_F2_m2f2_P2_Y1_UO417,MXY,1,31.52886679052666,0,0,0.0,0,0,0,-9999.0,0.375,1,P1_CV0,1,2,0,1,1
2,2536859.926,708059.4624,R2_F2_m2f2_P2_Y3_UO196,R2_F2_m2f2_P2_Y0_UO131,R2_F2_m2f2_P2_Y1_UO417,MXY,1,31.52886679052666,0,0,0.0,0,0,0,-9999.0,0.375,1,P1_CV0,1,2,0,1,1
2,2536859.926,708059.4624,R2_F2_m2f2_P2_Y3_UO205,R2_F2_m2f2_P2_Y1_UO264,R2_F2_m2f2_P2_Y1_UO111,FXX,1,31.52886679052666,0,0,0.0,0,0,0,-9999.0,0.625,1,P1_CV0,1,1,1,1,1
2,2536859.926,708059.4624,R2_F2_m2f2_P2_Y3_UO207,R2_F2_m2f2_P2_Y1_UO264,R2_F2_m2f2_P2_Y1_UO111,FXX,1,31.52886679052666,0,0,0.0,0,0,0,-9999.0,0.625,1,P1_CV0,1,1,1,0,2
2,2536859.926,708059.4624,R2_F2_m2f2_P2_Y3_UO210,R2_F2_m2f2_P2_Y1_UO412,R2_F2_m-1f-1_P3_Y-1_U74,FXX,1,31.52886679052666,0,0,0.0,0,0,0,-9999.0,0.375,1,P1_CV0,1,0,2,2,0
2,2536859.926,708059.4624,R2_F2_m2f2_P2_Y3_UO214,R2_F2_m2f2_P2_Y1_UO149,R2_F2_m2f2_P2_Y0_UO477,FXX,1,31.52886679052666,0,0,0.0,0,0,0,-9999.0,0.25,1,P1_CV0,1,1,1,2,0
2,2536859.926,708059.4624,R2_F2_m2f2_P2_Y3_UO230,R2_F2_m-1f-1_P2_Y-1_U33,R2_F2_m2f2_P2_Y1_UO128,MXY,1,31.52886679052666,0,0,0.0,0,0,0,-9999.0,0.75,1,P1_CV0,1,2,0,2,0
2,2536859.926,708059.4624,R2_F2_m2f2_P2_Y3_UO231,R2_F2_m-1f-1_P2_Y-1_U33,R2_F2_m2f2_P2_Y1_UO128,MXY,1,31.52886679052666,0,0,0.0,0,0,0,-9999.0,0.75,1,P1_CV0,1,1,1,1,1
2,2536859.926,708059.4624,R2_F2_m2f2_P2_Y3_UO232,R2_F2_m-1f-1_P2_Y-1_U33,R2_F2_m2f2_P2_Y1_UO128,MXY,1,31.52886679052666,0,0,0.0,0,0,0,-9999.0,0.75,1,P1_CV0,1,1,1,1,1
2,2536859.926,708059.4624,R2_F2_m2f2_P2_Y3_UO233,R2_F2_m-1f-1_P2_Y-1_U33,R2_F2_m2f2_P2_Y1_UO128,FXX,1,31.52886679052666,0,0,0.0,0,0,0,-9999.0,0.75,1,P1_CV0,1,2,0,2,0
2,2536859.926,708059.4624,R2_F2_m2f2_P2_Y3_UO234,R2_F2_m-1f-1_P2_Y-1_U33,R2_F2_m2f2_P2_Y1_UO128,MXY,1,31.52886679052666,0,0,0.0,0,0,0,-9999.0,0.75,1,P1_CV0,1,2,0,1,1
2,2536859.926,708059.4624,R2_F2_m2f2_P2_Y3_UO235,R2_F2_m-1f-1_P2_Y-1_U33,R2_F2_m2f2_P2_Y1_UO128,FXX,1,31.52886679052666,0,0,0.0,0,0,0,-9999.0,0.75,1,P1_CV0,1,2,0,2,0
2,2536859.926,708059.4624,R2_F2_m2f2_P2_Y3_UO236,R2_F2_m2f2_P2_Y0_UO755,R2_F2_m2f2_P2_Y0_UO434,MXY,1,31.52886679052666,0,0,0.0,0,0,0,-9999.0,0.25,1,P1_CV0,1,2,0,1,1
2,2536859.926,708059.4624,R2_F2_m2f2_P2_Y3_UO237,R2_F2_m2f2_P2_Y0_UO755,R2_F2_m2f2_P2_Y0_UO434,MXY,1,31.52886679052666,0,0,0.0,0,0,0,-9999.0,0.25,1,P1_CV0,1,1,1,1,1
2,2536859.926,708059.4624,R2_F2_m2f2_P2_Y3_UO299,R2_F2_m-1f-1_P2_Y-1_U60,R2_F2_m2f2_P2_Y0_UO442,FXX,1,31.52886679052666,0,0,0.0,0,0,0,-9999.0,0.5,1,P1_CV0,1,1,1,2,0
2,2536859.926,708059.4624,R2_F2_m2f2_P2_Y3_UO300,R2_F2_m-1f-1_P2_Y-1_U60,R2_F2_m2f2_P2_Y0_UO442,FXX,1,31.52886679052666,0,0,0.0,0,0,0,-9999.0,0.5,1,P1_CV0,1,1,1,2,0
2,2536859.926,708059.4624,R2_F2_m2f2_P2_Y3_UO301,R2_F2_m-1f-1_P2_Y-1_U60,R2_F2_m2f2_P2_Y0_UO442,FXX,1,31.52886679052666,0,0,0.0,0,0,0,-9999.0,0.5,1,P1_CV0,1,0,2,2,0
2,2536859.926,708059.4624,R2_F2_m2f2_P2_Y3_UO305,R2_F2_m2f2_P2_Y1_UO412,R2_F2_m2f2_P2_Y0_UO443,MXY,1,31.52886679052666,0,0,0.0,0,0,0,-9999.0,0.375,1,P1_CV0,1,0,2,1,1
2,2536859.926,708059.4624,R2_F2_m2f2_P2_Y3_UO315,R2_F2_m2f2_P2_Y1_UO412,R2_F2_m2f2_P2_Y1_UO86,FXX,1,31.52886679052666,0,0,0.0,0,0,0,-9999.0,0.375,1,P1_CV0,1,1,1,1,1
2,2536859.926,708059.4624,R2_F2_m2f2_P2_Y3_UO322,R2_F2_m2f2_P2_Y0_UO213,R2_F2_m2f2_P2_Y1_UO178,FXX,1,31.52886679052666,0,0,0.0,0,0,0,-9999.0,0.375,1,P1_CV0,1,2,0,2,0
2,2536859.926,708059.4624,R2_F2_m2f2_P2_Y3_UO323,R2_F2_m2f2_P2_Y0_UO213,R2_F2_m2f2_P2_Y1_UO178,FXX,1,31.52886679052666,0,0,0.0,0,0,0,-9999.0,0.375,1,P1_CV0,1,2,0,0,2
2,2536859.926,708059.4624,R2_F2_m2f2_P2_Y3_UO340,R2_F2_m2f2_P2_Y1_UO412,R2_F2_m-1f-1_P2_Y-1_U121,FXX,1,31.52886679052666,0,0,0.0,0,0,0,-9999.0,0.625,1,P1_CV0,1,1,1,1,1
2,2536859.926,708059.4624,R2_F2_m2f2_P2_Y3_UO341,R2_F2_m2f2_P2_Y1_UO412,R2_F2_m-1f-1_P2_Y-1_U121,MXY,1,31.52886679052666,0,0,0.0,0,0,0,-9999.0,0.625,1,P1_CV0,1,1,1,0,2
2,2536859.926,708059.4624,R2_F2_m2f2_P2_Y3_UO360,R2_F2_m2f2_P2_Y1_UO149,R2_F2_m-1f-1_P2_Y-1_U121,FXX,1,31.52886679052666,0,0,0.0,0,0,0,-9999.0,0.75,1,P1_CV0,1,1,1,1,1
2,2536859.926,708059.4624,R2_F2_m2f2_P2_Y3_UO361,R2_F2_m2f2_P2_Y1_UO149,R2_F2_m-1f-1_P2_Y-1_U121,FXX,1,31.52886679052666,0,0,0.0,0,0,0,-9999.0,0.75,1,P1_CV0,1,1,1,1,1
2,2536859.926,708059.4624,R2_F2_m2f2_P2_Y3_UO368,R2_F2_m2f2_P2_Y1_UO412,R2_F2_m2f2_P2_Y1_UO113,MXY,1,31.52886679052666,0,0,0.0,0,0,0,-9999.0,0.5,1,P1_CV0,1,1,1,1,1
2,2536859.926,708059.4624,R2_F2_m2f2_P2_Y3_UO378,R2_F2_m2f2_P2_Y1_UO574,R2_F2_m2f2_P2_Y1_UO64,MXY,1,31.52886679052666,0,0,0.0,0,0,0,-9999.0,0.25,1,P1_CV0,1,1,1,0,2
2,2536859.926,708059.4624,R2_F2_m2f2_P2_Y3_UO390,R2_F2_m2f2_P2_Y1_UO531,R2_F2_m2f2_P2_Y1_UO40,MXY,1,31.52886679052666,0,0,0.0,0,0,0,-9999.0,0.875,1,P1_CV0,1,1,1,2,0
2,2536859.926,708059.4624,R2_F2_m2f2_P2_Y3_UO391,R2_F2_m2f2_P2_Y1_UO531,R2_F2_m2f2_P2_Y1_UO40,MXY,1,31.52886679052666,0,0,0.0,0,0,0,-9999.0,0.875,1,P1_CV0,1,1,1,2,0
2,2536859.926,708059.4624,R2_F2_m2f2_P2_Y2_UO142,R2_F2_m-1f-1_P2_Y-1_U16,R2_F2_m2f2_P2_Y0_UO443,MXY,2,32.11202838243983,1,0,0.0,0,0,0,-9999.0,0.5,1,P1_CV0,1,1,1,0,2
2,2536859.926,708059.4624,R2_F2_m2f2_P2_Y2_UO389,R2_F2_m2f2_P2_Y0_UO131,R2_F2_m2f2_P2_Y0_UO212,MXY,2,32.11202838243983,1,0,0.0,0,0,0,-9999.0,0.5,1,P1_CV0,1,1,1,2,0
2,2536859.926,708059.4624,R2_F2_m2f2_P2_Y2_UO28,R2_F2_m-1f-1_P2_Y-1_U122,R2_F2_m2f2_P2_Y0_UO140,MXY,2,32.11202838243983,1,0,0.0,0,0,0,-9999.0,0.25,1,P1_CV0,1,1,1,0,2
2,2536859.926,708059.4624,R2_F2_m2f2_P2_Y2_UO331,R2_F2_m2f2_P2_Y0_UO317,R2_F2_m2f2_P2_Y0_UO216,MXY,2,32.11202838243983,1,0,0.0,0,0,0,-9999.0,0.25,1,P1_CV0,1,1,1,1,1
2,2536859.926,708059.4624,R2_F2_m2f2_P2_Y2_UO418,R2_F2_m-1f-1_P2_Y-1_U16,R2_F2_m-1f-1_P2_Y-1_U44,FXX,2,32.11202838243983,1,0,1.0,0,0,0,-9999.0,0.5,1,P1_CV0,1,1,1,2,0
2,2536859.926,708059.4624,R2_F2_m2f2_P2_Y2_UO247,R2_F2_m-1f-1_P2_Y-1_U97,R2_F2_m2f2_P2_Y0_UO477,FXX,2,32.11202838243983,1,0,0.0,0,0,0,-9999.0,0.5,1,P1_CV0,1,1,1,2,0
2,2536859.926,708059.4624,R2_F2_m2f2_P2_Y2_UO536,R2_F2_m-1f-1_P2_Y-1_U123,R2_F2_m2f2_P2_Y0_UO549,MXY,2,32.11202838243983,1,0,0.0,0,0,0,-9999.0,0.625,1,P1_CV0,1,2,0,0,2
2,2536859.926,708059.4624,R2_F2_m2f2_P2_Y2_UO74,R2_F2_m-1f-1_P2_Y-1_U33,R2_F2_m2f2_P2_Y0_UO730,FXX,2,32.11202838243983,1,0,1.932,0,0,0,-9999.0,0.75,1,P1_CV0,1,2,0,1,1
2,2536859.926,708059.4624,R2_F2_m2f2_P2_Y2_UO370,R2_F2_m2f2_P2_Y0_UO731,R2_F2_m-1f-1_P2_Y-1_U5,MXY,2,32.11202838243983,1,0,0.0,0,0,0,-9999.0,0.375,1,P1_CV0,1,0,2,1,1
2,2536859.926,708059.4624,R2_F2_m2f2_P2_Y2_UO147,R2_F2_m-1f-1_P2_Y-1_U16,R2_F2_m2f2_P2_Y0_UO443,FXX,2,32.11202838243983,1,0,0.0,0,0,0,-9999.0,0.5,1,P1_CV0,1,1,1,1,1
2,2536859.926,708059.4624,R2_F2_m2f2_P2_Y2_UO129,R2_F2_m-1f-1_P2_Y-1_U60,R2_F2_m2f2_P2_Y0_UO140,MXY,2,32.11202838243983,1,0,0.0,0,0,0,-9999.0,0.5,1,P1_CV0,1,2,0,1,1
2,2536859.926,708059.4624,R2_F2_m2f2_P2_Y2_UO144,R2_F2_m-1f-1_P2_Y-1_U16,R2_F2_m2f2_P2_Y0_UO443,FXX,2,32.11202838243983,1,0,1.973,0,0,0,-9999.0,0.5,1,P1_CV0,1,1,1,0,2
2,2536859.926,708059.4624,R2_F2_m2f2_P2_Y2_UO535,R2_F2_m-1f-1_P2_Y-1_U47,R2_F2_m-1f-1_P2_Y-1_U117,MXY,2,32.11202838243983,1,0,0.0,0,0,0,-9999.0,0.5,1,P1_CV0,1,1,1,1,1
2,2536859.926,708059.4624,R2_F2_m2f2_P2_Y2_UO216,R2_F2_m2f2_P2_Y0_UO378,R2_F2_m2f2_P2_Y0_UO215,MXY,2,32.11202838243983,1,0,0.0,0,0,0,-9999.0,0.125,1,P1_CV0,1,0,2,1,1
2,2536859.926,708059.4624,R2_F2_m2f2_P2_Y2_UO441,R2_F2_m-1f-1_P2_Y-1_U70,R2_F2_m2f2_P2_Y0_UO102,FXX,2,32.11202838243983,1,0,2.102,0,0,0,-9999.0,0.125,1,P1_CV0,1,0,2,0,2
2,2536859.926,708059.4624,R2_F2_m2f2_P2_Y2_UO372,R2_F2_m2f2_P2_Y0_UO731,R2_F2_m-1f-1_P2_Y-1_U5,FXX,2,32.11202838243983,1,0,2.246,0,0,0,-9999.0,0.375,1,P1_CV0,1,0,2,1,1
2,2536859.926,708059.4624,R2_F2_m2f2_P2_Y1_UO574,R2_F2_m-1f-1_P2_Y-1_U77,R2_F2_m-1f-1_P2_Y-1_U111,FXX,3,32.56047509815745,1,0,0.0,0,0,0,-9999.0,0.25,1,P1_CV0,1,1,1,1,1
2,2536859.926,708059.4624,R2_F2_m2f2_P2_Y1_UO169,R2_F2_m-1f-1_P2_Y-1_U98,R2_F2_m-1f-1_P2_Y-1_U7,MXY,3,32.56047509815745,1,0,0.0,0,0,0,-9999.0,0.5,1,P1_CV0,1,2,0,0,2
2,2536859.926,708059.4624,R2_F2_m2f2_P2_Y1_UO128,R2_F2_m-1f-1_P2_Y-1_U32,R2_F2_m-1f-1_P2_Y-1_U121,MXY,3,32.56047509815745,1,0,0.0,0,0,0,-9999.0,0.5,1,P1_CV0,1,1,1,2,0
2,2536859.926,708059.4624,R2_F2_m2f2_P2_Y1_UO264,R2_F2_m-1f-1_P2_Y-1_U18,R2_F2_m-1f-1_P2_Y-1_U110,FXX,3,32.56047509815745,1,0,0.0,0,0,0,-9999.0,0.75,1,P1_CV0,1,2,0,0,2
2,2536859.926,708059.4624,R2_F2_m2f2_P2_Y1_UO417,R2_F2_m-1f-1_P2_Y-1_U54,R2_F2_m-1f-1_P2_Y-1_U62,MXY,3,32.56047509815745,1,0,0.0,0,0,0,-9999.0,0.25,1,P1_CV0,1,2,0,1,1
2,2536859.926,708059.4624,R2_F2_m2f2_P2_Y1_UO215,R2_F2_m-1f-1_P2_Y-1_U57,R2_F2_m-1f-1_P2_Y-1_U19,FXX,3,32.56047509815745,1,0,0.0,0,0,0,-9999.0,0.25,1,P1_CV0,1,1,1,0,2
2,2536859.926,708059.4624,R2_F2_m2f2_P2_Y1_UO88,R2_F2_m-1f-1_P2_Y-1_U57,R2_F2_m-1f-1_P2_Y-1_U140,MXY,3,32.56047509815745,1,0,0.0,0,0,0,-9999.0,0.5,1,P1_CV0,1,1,1,0,2
2,2536859.926,708059.4624,R2_F2_m2f2_P2_Y1_UO309,R2_F2_m-1f-1_P2_Y-1_U76,R2_F2_m-1f-1_P2_Y-1_U130,MXY,3,32.56047509815745,1,0,0.0,0,0,0,-9999.0,0.75,1,P1_CV0,1,0,2,1,1
2,2536859.926,708059.4624,R2_F2_m2f2_P2_Y1_UO573,R2_F2_m-1f-1_P2_Y-1_U77,R2_F2_m-1f-1_P2_Y-1_U111,MXY,3,32.56047509815745,1,0,0.0,0,0,0,-9999.0,0.25,1,P1_CV0,1,0,2,1,1
2,2536859.926,708059.4624,R2_F2_m2f2_P2_Y1_UO86,R2_F2_m-1f-1_P2_Y-1_U57,R2_F2_m-1f-1_P2_Y-1_U140,MXY,3,32.56047509815745,1,0,0.0,0,0,0,-9999.0,0.5,1,P1_CV0,1,1,1,0,2
2,2536859.926,708059.4624,R2_F2_m2f2_P2_Y1_UO461,R2_F2_m-1f-1_P2_Y-1_U75,R2_F2_m-1f-1_P2_Y-1_U135,MXY,3,32.56047509815745,1,0,0.0,0,0,0,-9999.0,0.75,1,P1_CV0,1,1,1,1,1
2,2536859.926,708059.4624,R2_F2_m2f2_P2_Y1_UO397,R2_F2_m-1f-1_P2_Y-1_U77,R2_F2_m-1f-1_P2_Y-1_U78,MXY,3,32.56047509815745,1,0,0.0,0,0,0,-9999.0,0.5,1,P1_CV0,1,1,1,1,1
2,2536859.926,708059.4624,R2_F2_m2f2_P2_Y1_UO113,R2_F2_m-1f-1_P2_Y-1_U35,R2_F2_m-1f-1_P2_Y-1_U134,MXY,3,32.56047509815745,1,0,0.0,0,0,0,-9999.0,0.75,1,P1_CV0,1,1,1,1,1
2,2536859.926,708059.4624,R2_F2_m2f2_P2_Y1_UO173,R2_F2_m-1f-1_P2_Y-1_U50,R2_F2_m-1f-1_P2_Y-1_U135,MXY,3,32.56047509815745,1,0,0.0,0,0,0,-9999.0,0.25,1,P1_CV0,1,1,1,1,1
2,2536859.926,708059.4624,R2_F2_m2f2_P2_Y1_UO531,R2_F2_m-1f-1_P2_Y-1_U102,RD2_F2_m-1f-1_P2_Y-1_U94,FXX,3,32.56047509815745,1,0,0.0,0,0,0,-9999.0,0.75,1,P1_CV0,1,0,2,2,0
2,2536859.926,708059.4624,R2_F2_m2f2_P2_Y1_UO601,R2_F2_m-1f-1_P2_Y-1_U15,R2_F2_m-1f-1_P2_Y-1_U115,FXX,3,32.56047509815745,1,0,1.281,0,0,0,-9999.0,0.25,1,P1_CV0,1,1,1,2,0
2,2536859.926,708059.4624,R2_F2_m2f2_P2_Y1_UO460,R2_F2_m-1f-1_P2_Y-1_U75,R2_F2_m-1f-1_P2_Y-1_U135,MXY,3,32.56047509815745,1,0,0.0,0,0,0,-9999.0,0.75,1,P1_CV0,1,1,1,1,1
2,2536859.926,708059.4624,I2_F7_m2f2_P2_Y1_UO111,R2_F2_m-1f-1_P2_Y-1_U1,R2_F2_m-1f-1_P2_Y-1_U135,MXY,3,32.572946277598184,1,0,0.0,0,0,0,-9999.0,0.5,1,P1_CV0,1,1,1,1,1
2,2536859.926,708059.4624,I2_F7_m2f2_P2_Y1_UO396,R2_F2_m-1f-1_P2_Y-1_U77,R2_F2_m-1f-1_P2_Y-1_U78,MXY,3,32.572946277598184,1,0,0.0,0,0,0,-9999.0,0.5,1,P1_CV0,1,1,1,2,0
2,2536859.926,708059.4624,R2_F2_m2f2_P2_Y0_UO610,R2_F2_m-1f-1_P2_Y-1_U107,R2_F2_m-1f-1_P2_Y-1_U105,FXX,4,33.01434751686229,1,0,1.0,0,0,0,-9999.0,0.25,1,P1_CV0,1,1,1,2,0
2,2536859.926,708059.4624,R2_F2_m2f2_P2_Y0_UO467,R2_F2_m-1f-1_P2_Y-1_U50,R2_F2_m-1f-1_P2_Y-1_U130,MXY,4,33.01434751686229,1,0,0.0,0,0,0,-9999.0,0.5,1,P1_CV0,1,1,1,1,1
2,2536859.926,708059.4624,R2_F2_m2f2_P2_Y0_UO131,R2_F2_m-1f-1_P2_Y-1_U82,R2_F2_m-1f-1_P2_Y-1_U64,FXX,4,33.01434751686229,1,0,0.0,0,0,0,-9999.0,0.5,1,P1_CV0,1,2,0,2,0
2,2536859.926,708059.4624,R2_F2_m2f2_P2_Y0_UO434,R2_F2_m-1f-1_P2_Y-1_U136,R2_F2_m-1f-1_P2_Y-1_U27,MXY,4,33.01434751686229,1,0,0.0,0,0,0,-9999.0,0.5,1,P1_CV0,1,1,1,1,1
2,2536859.926,708059.4624,R2_F2_m2f2_P2_Y0_UO442,R2_F2_m-1f-1_P2_Y-1_U15,R2_F2_m-1f-1_P2_Y-1_U103,MXY,4,33.01434751686229,1,0,0.0,0,0,0,-9999.0,0.5,1,P1_CV0,1,0,2,2,0
2,2536859.926,708059.4624,R2_F2_m2f2_P2_Y0_UO318,R2_F2_m-1f-1_P2_Y-1_U15,R2_F2_m-1f-1_P2_Y-1_U13,FXX,4,33.01434751686229,1,0,0.0,0,0,0,-9999.0,0.5,1,P1_CV0,1,1,1,1,1
2,2536859.926,708059.4624,R2_F2_m2f2_P2_Y0_UO377,R2_F2_m-1f-1_P2_Y-1_U15,R2_F2_m-1f-1_P2_Y-1_U72,MXY,4,33.01434751686229,1,0,0.0,0,0,0,-9999.0,0.25,1,P1_CV0,1,2,0,0,2
2,2536859.926,708059.4624,R2_F2_m-1f-1_P2_Y-1_U56,-9999,-9999,FXX,5,33.21365159847723,1,0,1.153,0,0,0,-9999.0,0.5,1,P1_CV0,1,1,1,1,1
2,2536859.926,708059.4624,R2_F2_m-1f-1_P2_Y-1_U51,-9999,-9999,FXX,5,33.21365159847723,1,0,1.31,0,0,0,-9999.0,0.5,1,P1_CV0,1,1,1,0,2
2,2536859.926,708059.4624,R2_F2_m-1f-1_P2_Y-1_U94,-9999,-9999,MXY,5,33.21365159847723,1,0,0.0,0,0,0,-9999.0,1.0,1,P1_CV0,1,2,0,2,0
2,2536859.926,708059.4624,R2_F2_m2f2_P2_Y3_UO177,R2_F2_m-1f-1_P2_Y-1_U70,R2_F2_m-1f-1_P3_Y-1_U74,FXX,1,31.52886679052666,0,0,0.0,0,0,0,-9999.0,0.25,1,P2_CV0,1,0,2,1,1
2,2536859.926,708059.4624,R2_F2_m2f2_P2_Y3_UO178,R2_F2_m-1f-1_P2_Y-1_U70,R2_F2_m-1f-1_P3_Y-1_U74,MXY,1,31.52886679052666,0,0,0.0,0,0,0,-9999.0,0.25,1,P2_CV0,1,1,1,2,0
2,2536859.926,708059.4624,R2_F2_m2f2_P2_Y3_UO179,R2_F2_m-1f-1_P2_Y-1_U70,R2_F2_m-1f-1_P3_Y-1_U74,MXY,1,31.52886679052666,0,0,0.0,0,0,0,-9999.0,0.25,1,P2_CV0,1,1,1,2,0
2,2536859.926,708059.4624,R2_F2_m2f2_P2_Y3_UO208,R2_F2_m2f2_P2_Y1_UO412,R2_F2_m-1f-1_P3_Y-1_U74,MXY,1,31.52886679052666,0,0,0.0,0,0,0,-9999.0,0.375,1,P2_CV0,1,1,1,1,1
2,2536859.926,708059.4624,R2_F2_m2f2_P2_Y3_UO209,R2_F2_m2f2_P2_Y1_UO412,R2_F2_m-1f-1_P3_Y-1_U74,MXY,1,31.52886679052666,0,0,0.0,0,0,0,-9999.0,0.375,1,P2_CV0,1,0,2,1,1
3,2532969.44,705413.5711,RD3_F1_m1f1_P1_Y3_UO244,R1_F1_m1f1_P1_Y1_UO568,R1_F1_m-1f-1_P1_Y-1_U112,FXX,1,31.029804990280876,0,0,0.0,0,0,0,-9999.0,0.5,1,P0_CV0,2,2,0,2,0
3,2532969.44,705413.5711,R3_F3_m1f1_P1_Y2_UO309,R1_F1_m1f1_P1_Y0_UO71,R1_F1_m1f1_P1_Y0_UO160,MXY,2,31.072571219843308,1,0,0.0,0,0,0,-9999.0,0.375,1,P0_CV0,2,1,1,0,2
3,2532969.44,705413.5711,R3_F3_m3f3_P3_Y3_UO0,R3_F3_m3f3_P3_Y1_UO346,R3_F3_m3f3_P3_Y1_UO26,MXY,1,31.035620728811846,0,0,0.0,0,0,0,-9999.0,0.25,1,P2_CV0,2,0,2,2,0
3,2532969.44,705413.5711,R3_F3_m3f3_P3_Y3_UO10,R3_F3_m3f3_P3_Y1_UO346,R3_F3_m3f3_P3_Y1_UO455,MXY,1,31.035620728811846,0,0,0.0,0,0,0,-9999.0,0.5,1,P2_CV0,2,2,0,0,2
3,2532969.44,705413.5711,R3_F3_m3f3_P3_Y3_UO21,R3_F3_m3f3_P3_Y1_UO160,R3_F3_m3f3_P3_Y1_UO564,MXY,1,31.035620728811846,0,0,0.0,0,0,0,-9999.0,0.375,1,P2_CV0,2,0,2,1,1
3,2532969.44,705413.5711,R3_F3_m3f3_P3_Y3_UO37,R3_F3_m3f3_P3_Y0_UO389,R3_F3_m3f3_P3_Y1_UO614,FXX,1,31.035620728811846,0,0,0.0,0,0,0,-9999.0,0.5,1,P2_CV0,2,1,1,1,1
3,2532969.44,705413.5711,R3_F3_m3f3_P3_Y3_UO43,R3_F3_m3f3_P3_Y1_UO346,R3_F3_m3f3_P3_Y0_UO339,MXY,1,31.035620728811846,0,0,0.0,0,0,0,-9999.0,0.25,1,P2_CV0,2,1,1,2,0
3,2532969.44,705413.5711,R3_F3_m3f3_P3_Y3_UO44,R3_F3_m3f3_P3_Y1_UO346,R3_F3_m3f3_P3_Y0_UO339,MXY,1,31.035620728811846,0,0,0.0,0,0,0,-9999.0,0.25,1,P2_CV0,2,1,1,0,2
3,2532969.44,705413.5711,R3_F3_m3f3_P3_Y3_UO45,R3_F3_m-1f-1_P3_Y-1_U57,R3_F3_m3f3_P3_Y1_UO613,FXX,1,31.035620728811846,0,0,0.0,0,0,0,-9999.0,0.5,1,P2_CV0,2,1,1,0,2
3,2532969.44,705413.5711,R3_F3_m3f3_P3_Y3_UO46,R3_F3_m-1f-1_P3_Y-1_U57,R3_F3_m3f3_P3_Y1_UO613,MXY,1,31.035620728811846,0,0,0.0,0,0,0,-9999.0,0.5,1,P2_CV0,2,0,2,0,2
3,2532969.44,705413.5711,R3_F3_m3f3_P3_Y3_UO47,R3_F3_m-1f-1_P3_Y-1_U57,R3_F3_m3f3_P3_Y1_UO613,MXY,1,31.035620728811846,0,0,0.0,0,0,0,-9999.0,0.5,1,P2_CV0,2,0,2,0,2
3,2532969.44,705413.5711,R3_F3_m3f3_P3_Y3_UO71,R3_F3_m3f3_P3_Y1_UO387,R3_F3_m3f3_P3_Y1_UO605,MXY,1,31.035620728811846,0,0,0.0,0,0,0,-9999.0,0.5,1,P2_CV0,2,2,0,1,1
3,2532969.44,705413.5711,R3_F3_m3f3_P3_Y3_UO72,R3_F3_m3f3_P3_Y1_UO387,R3_F3_m3f3_P3_Y1_UO605,MXY,1,31.035620728811846,0,0,0.0,0,0,0,-9999.0,0.5,1,P2_CV0,2,2,0,1,1
3,2532969.44,705413.5711,R3_F3_m3f3_P3_Y3_UO83,R3_F3_m3f3_P3_Y1_UO227,R3_F3_m3f3_P3_Y1_UO331,FXX,1,31.035620728811846,0,0,0.0,0,0,0,-9999.0,0.125,1,P2_CV0,2,1,1,1,1
3,2532969.44,705413.5711,R3_F3_m3f3_P3_Y3_UO113,R3_F3_m-1f-1_P3_Y-1_U82,R3_F3_m3f3_P3_Y1_UO17,MXY,1,31.035620728811846,0,0,0.0,0,0,0,-9999.0,0.25,1,P2_CV0,2,0,2,1,1
3,2532969.44,705413.5711,R3_F3_m3f3_P3_Y3_UO114,R3_F3_m-1f-1_P3_Y-1_U82,R3_F3_m3f3_P3_Y1_UO17,MXY,1,31.035620728811846,0,0,0.0,0,0,0,-9999.0,0.25,1,P2_CV0,2,0,2,0,2
3,2532969.44,705413.5711,R3_F3_m3f3_P3_Y3_UO115,R3_F3_m-1f-1_P3_Y-1_U82,R3_F3_m3f3_P3_Y1_UO17,FXX,1,31.035620728811846,0,0,0.0,0,0,0,-9999.0,0.25,1,P2_CV0,2,0,2,1,1
3,2532969.44,705413.5711,R3_F3_m3f3_P3_Y3_UO116,R3_F3_m-1f-1_P3_Y-1_U82,R3_F3_m3f3_P3_Y1_UO17,FXX,1,31.035620728811846,0,0,0.0,0,0,0,-9999.0,0.25,1,P2_CV0,2,0,2,1,1
3,2532969.44,705413.5711,R3_F3_m3f3_P3_Y3_UO117,R3_F3_m-1f-1_P3_Y-1_U82,R3_F3_m3f3_P3_Y1_UO17,MXY,1,31.035620728811846,0,0,0.0,0,0,0,-9999.0,0.25,1,P2_CV0,2,1,1,1,1
3,2532969.44,705413.5711,R3_F3_m3f3_P3_Y3_UO137,R3_F3_m3f3_P3_Y1_UO387,R3_F3_m-1f-1_P3_Y-1_U81,MXY,1,31.035620728811846,0,0,0.0,0,0,0,-9999.0,0.375,1,P2_CV0,2,1,1,0,2
3,2532969.44,705413.5711,R3_F3_m3f3_P3_Y3_UO169,R3_F3_m-1f-1_P3_Y-1_U22,R3_F3_m3f3_P3_Y0_UO339,MXY,1,31.035620728811846,0,0,0.0,0,0,0,-9999.0,0.625,1,P2_CV0,2,1,1,2,0
3,2532969.44,705413.5711,R3_F3_m3f3_P3_Y3_UO170,R3_F3_m-1f-1_P3_Y-1_U22,R3_F3_m3f3_P3_Y0_UO339,FXX,1,31.035620728811846,0,0,0.0,0,0,0,-9999.0,0.625,1,P2_CV0,2,1,1,1,1
3,2532969.44,705413.5711,R3_F3_m3f3_P3_Y3_UO171,R3_F3_m-1f-1_P3_Y-1_U22,R3_F3_m3f3_P3_Y0_UO339,MXY,1,31.035620728811846,0,0,0.0,0,0,0,-9999.0,0.625,1,P2_CV0,2,1,1,2,0
3,2532969.44,705413.5711,R3_F3_m3f3_P3_Y3_UO189,R3_F3_m3f3_P3_Y1_UO432,R3_F3_m3f3_P3_Y0_UO80,MXY,1,31.035620728811846,0,0,0.0,0,0,0,-9999.0,0.75,1,P2_CV0,2,1,1,0,2
3,2532969.44,705413.5711,R3_F3_m3f3_P3_Y3_UO190,R3_F3_m-1f-1_P3_Y-1_U124,R3_F3_m3f3_P3_Y1_UO84,FXX,1,31.035620728811846,0,0,0.0,0,0,0,-9999.0,0.5,1,P2_CV0,2,1,1,0,2
3,2532969.44,705413.5711,R3_F3_m3f3_P3_Y3_UO191,R3_F3_m-1f-1_P3_Y-1_U124,R3_F3_m3f3_P3_Y1_UO84,FXX,1,31.035620728811846,0,0,0.0,0,0,0,-9999.0,0.5,1,P2_CV0,2,2,0,0,2
3,2532969.44,705413.5711,R3_F3_m3f3_P3_Y3_UO193,R3_F3_m3f3_P3_Y0_UO60,R3_F3_m3f3_P3_Y0_UO781,MXY,1,31.035620728811846,0,0,0.0,0,0,0,-9999.0,0.625,1,P2_CV0,2,1,1,1,1
3,2532969.44,705413.5711,R3_F3_m3f3_P3_Y3_UO248,R3_F3_m3f3_P3_Y0_UO697,R3_F3_m3f3_P3_Y0_UO150,MXY,1,31.035620728811846,0,0,0.0,0,0,0,-9999.0,0.5,1,P2_CV0,2,1,1,1,1
3,2532969.44,705413.5711,R3_F3_m3f3_P3_Y3_UO253,R3_F3_m3f3_P3_Y1_UO346,R3_F3_m-1f-1_P3_Y-1_U66,FXX,1,31.035620728811846,0,0,0.0,0,0,0,-9999.0,0.375,1,P2_CV0,2,1,1,1,1
3,2532969.44,705413.5711,R3_F3_m3f3_P3_Y3_UO254,R3_F3_m3f3_P3_Y1_UO346,R3_F3_m-1f-1_P3_Y-1_U66,FXX,1,31.035620728811846,0,0,0.0,0,0,0,-9999.0,0.375,1,P2_CV0,2,0,2,1,1
3,2532969.44,705413.5711,R3_F3_m3f3_P3_Y3_UO256,R3_F3_m-1f-1_P3_Y-1_U57,R3_F3_m3f3_P3_Y0_UO339,FXX,1,31.035620728811846,0,0,0.0,0,0,0,-9999.0,0.375,1,P2_CV0,2,1,1,1,1
3,2532969.44,705413.5711,R3_F3_m3f3_P3_Y3_UO257,R3_F3_m-1f-1_P3_Y-1_U57,R3_F3_m3f3_P3_Y0_UO339,FXX,1,31.035620728811846,0,0,0.0,0,0,0,-9999.0,0.375,1,P2_CV0,2,0,2,0,2
3,2532969.44,705413.5711,R3_F3_m3f3_P3_Y3_UO258,R3_F3_m-1f-1_P3_Y-1_U57,R3_F3_m3f3_P3_Y0_UO339,FXX,1,31.035620728811846,0,0,0.0,0,0,0,-9999.0,0.375,1,P2_CV0,2,1,1,0,2
3,2532969.44,705413.5711,R3_F3_m3f3_P3_Y3_UO261,R3_F3_m3f3_P3_Y1_UO144,R3_F3_m3f3_P3_Y0_UO347,MXY,1,31.035620728811846,0,0,0.0,0,0,0,-9999.0,0.5,1,P2_CV0,2,1,1,1,1
3,2532969.44,705413.5711,R3_F3_m3f3_P3_Y3_UO262,R3_F3_m3f3_P3_Y1_UO144,R3_F3_m3f3_P3_Y0_UO347,MXY,1,31.035620728811846,0,0,0.0,0,0,0,-9999.0,0.5,1,P2_CV0,2,1,1,2,0
3,2532969.44,705413.5711,R3_F3_m3f3_P3_Y3_UO275,R3_F3_m-1f-1_P3_Y-1_U57,R3_F3_m3f3_P3_Y1_UO331,MXY,1,31.035620728811846,0,0,0.0,0,0,0,-9999.0,0.25,1,P2_CV0,2,0,2,1,1
3,2532969.44,705413.5711,R3_F3_m3f3_P3_Y3_UO276,R3_F3_m-1f-1_P3_Y-1_U57,R3_F3_m3f3_P3_Y1_UO331,FXX,1,31.035620728811846,0,0,0.0,0,0,0,-9999.0,0.25,1,P2_CV0,2,1,1,1,1
3,2532969.44,705413.5711,R3_F3_m3f3_P3_Y3_UO277,R3_F3_m-1f-1_P3_Y-1_U82,R3_F3_m3f3_P3_Y0_UO150,FXX,1,31.035620728811846,0,0,0.0,0,0,0,-9999.0,0.25,1,P2_CV0,2,0,2,0,2
3,2532969.44,705413.5711,R3_F3_m3f3_P3_Y3_UO278,R3_F3_m-1f-1_P3_Y-1_U82,R3_F3_m3f3_P3_Y0_UO150,FXX,1,31.035620728811846,0,0,0.0,0,0,0,-9999.0,0.25,1,P2_CV0,2,1,1,1,1
3,2532969.44,705413.5711,R3_F3_m3f3_P3_Y3_UO279,R3_F3_m-1f-1_P3_Y-1_U82,R3_F3_m3f3_P3_Y0_UO150,MXY,1,31.035620728811846,0,0,0.0,0,0,0,-9999.0,0.25,1,P2_CV0,2,0,2,0,2
3,2532969.44,705413.5711,R3_F3_m3f3_P3_Y3_UO280,R3_F3_m-1f-1_P3_Y-1_U82,R3_F3_m3f3_P3_Y0_UO150,FXX,1,31.035620728811846,0,0,0.0,0,0,0,-9999.0,0.25,1,P2_CV0,2,1,1,1,1
3,2532969.44,705413.5711,R3_F3_m3f3_P3_Y3_UO281,R3_F3_m-1f-1_P3_Y-1_U82,R3_F3_m3f3_P3_Y0_UO150,FXX,1,31.035620728811846,0,0,0.0,0,0,0,-9999.0,0.25,1,P2_CV0,2,1,1,0,2
3,2532969.44,705413.5711,R3_F3_m3f3_P3_Y3_UO289,R3_F3_m-1f-1_P3_Y-1_U57,R3_F3_m3f3_P3_Y1_UO506,MXY,1,31.035620728811846,0,0,0.0,0,0,0,-9999.0,0.625,1,P2_CV0,2,2,0,1,1
3,2532969.44,705413.5711,R3_F3_m3f3_P3_Y3_UO290,R3_F3_m-1f-1_P3_Y-1_U57,R3_F3_m3f3_P3_Y1_UO506,FXX,1,31.035620728811846,0,0,0.0,0,0,0,-9999.0,0.625,1,P2_CV0,2,0,2,1,1
3,2532969.44,705413.5711,R3_F3_m3f3_P3_Y3_UO291,R3_F3_m-1f-1_P3_Y-1_U57,R3_F3_m3f3_P3_Y1_UO506,MXY,1,31.035620728811846,0,0,0.0,0,0,0,-9999.0,0.625,1,P2_CV0,2,1,1,1,1
3,2532969.44,705413.5711,R3_F3_m3f3_P3_Y3_UO292,R3_F3_m-1f-1_P3_Y-1_U57,R3_F3_m3f3_P3_Y1_UO506,MXY,1,31.035620728811846,0,0,0.0,0,0,0,-9999.0,0.625,1,P2_CV0,2,1,1,1,1
3,2532969.44,705413.5711,R3_F3_m3f3_P3_Y3_UO293,R3_F3_m3f3_P3_Y0_UO60,R3_F3_m3f3_P3_Y1_UO273,MXY,1,31.035620728811846,0,0,0.0,0,0,0,-9999.0,0.625,1,P2_CV0,2,1,1,2,0
3,2532969.44,705413.5711,R3_F3_m3f3_P3_Y3_UO307,R3_F3_m-1f-1_P3_Y-1_U51,R3_F3_m3f3_P3_Y1_UO455,MXY,1,31.035620728811846,0,0,0.0,0,0,0,-9999.0,0.875,1,P2_CV0,2,1,1,0,2
3,2532969.44,705413.5711,R3_F3_m3f3_P3_Y3_UO308,R3_F3_m-1f-1_P3_Y-1_U51,R3_F3_m3f3_P3_Y1_UO455,FXX,1,31.035620728811846,0,0,0.0,0,0,0,-9999.0,0.875,1,P2_CV0,2,1,1,0,2
3,2532969.44,705413.5711,R3_F3_m3f3_P3_Y3_UO316,R3_F3_m-1f-1_P3_Y-1_U22,R3_F3_m3f3_P3_Y0_UO339,FXX,1,31.035620728811846,0,0,0.0,0,0,0,-9999.0,0.625,1,P2_CV0,2,1,1,2,0
3,2532969.44,705413.5711,R3_F3_m3f3_P3_Y3_UO317,R3_F3_m-1f-1_P3_Y-1_U22,R3_F3_m3f3_P3_Y0_UO339,FXX,1,31.035620728811846,0,0,0.0,0,0,0,-9999.0,0.625,1,P2_CV0,2,1,1,2,0
3,2532969.44,705413.5711,R3_F3_m3f3_P3_Y3_UO318,R3_F3_m-1f-1_P3_Y-1_U22,R3_F3_m3f3_P3_Y0_UO339,MXY,1,31.035620728811846,0,0,0.0,0,0,0,-9999.0,0.625,1,P2_CV0,2,2,0,2,0
3,2532969.44,705413.5711,R3_F3_m3f3_P3_Y3_UO319,R3_F3_m-1f-1_P3_Y-1_U22,R3_F3_m3f3_P3_Y1_UO315,MXY,1,31.035620728811846,0,0,0.0,0,0,0,-9999.0,0.75,1,P2_CV0,2,1,1,1,1
3,2532969.44,705413.5711,R3_F3_m3f3_P3_Y3_UO320,R3_F3_m-1f-1_P3_Y-1_U22,R3_F3_m3f3_P3_Y1_UO315,FXX,1,31.035620728811846,0,0,0.0,0,0,0,-9999.0,0.75,1,P2_CV0,2,1,1,1,1
3,2532969.44,705413.5711,R3_F3_m3f3_P3_Y3_UO321,R3_F3_m-1f-1_P3_Y-1_U22,R3_F3_m3f3_P3_Y1_UO315,MXY,1,31.035620728811846,0,0,0.0,0,0,0,-9999.0,0.75,1,P2_CV0,2,1,1,1,1
3,2532969.44,705413.5711,R3_F3_m3f3_P3_Y3_UO329,R3_F3_m3f3_P3_Y1_UO85,R3_F3_m3f3_P3_Y1_UO273,FXX,1,31.035620728811846,0,0,0.0,0,0,0,-9999.0,0.625,1,P2_CV0,2,2,0,1,1
3,2532969.44,705413.5711,R3_F3_m3f3_P3_Y3_UO334,R3_F3_m-1f-1_P3_Y-1_U117,R3_F3_m3f3_P3_Y1_UO506,FXX,1,31.035620728811846,0,0,0.0,0,0,0,-9999.0,0.375,1,P2_CV0,2,1,1,2,0
3,2532969.44,705413.5711,R3_F3_m3f3_P3_Y3_UO338,R3_F3_m3f3_P3_Y1_UO578,R3_F3_m3f3_P3_Y0_UO339,MXY,1,31.035620728811846,0,0,0.0,0,0,0,-9999.0,0.5,1,P2_CV0,2,1,1,1,1
3,2532969.44,705413.5711,R3_F3_m3f3_P3_Y3_UO339,R3_F3_m3f3_P3_Y1_UO578,R3_F3_m3f3_P3_Y0_UO339,FXX,1,31.035620728811846,0,0,0.0,0,0,0,-9999.0,0.5,1,P2_CV0,2,1,1,1,1
3,2532969.44,705413.5711,R3_F3_m3f3_P3_Y3_UO356,R3_F3_m3f3_P3_Y1_UO160,R3_F3_m3f3_P3_Y1_UO430,FXX,1,31.035620728811846,0,0,0.0,0,0,0,-9999.0,0.625,1,P2_CV0,2,0,2,1,1
3,2532969.44,705413.5711,R3_F3_m3f3_P3_Y3_UO357,R3_F3_m3f3_P3_Y1_UO160,R3_F3_m3f3_P3_Y1_UO430,MXY,1,31.035620728811846,0,0,0.0,0,0,0,-9999.0,0.625,1,P2_CV0,2,0,2,1,1
3,2532969.44,705413.5711,R3_F3_m3f3_P3_Y3_UO386,R3_F3_m-1f-1_P3_Y-1_U57,R3_F3_m3f3_P3_Y1_UO273,MXY,1,31.035620728811846,0,0,0.0,0,0,0,-9999.0,0.625,1,P2_CV0,2,2,0,1,1
3,2532969.44,705413.5711,R3_F3_m3f3_P3_Y3_UO387,R3_F3_m-1f-1_P3_Y-1_U57,R3_F3_m3f3_P3_Y1_UO273,FXX,1,31.035620728811846,0,0,0.0,0,0,0,-9999.0,0.625,1,P2_CV0,2,1,1,0,2
3,2532969.44,705413.5711,R3_F3_m3f3_P3_Y3_UO388,R3_F3_m-1f-1_P3_Y-1_U57,R3_F3_m3f3_P3_Y1_UO273,MXY,1,31.035620728811846,0,0,0.0,0,0,0,-9999.0,0.625,1,P2_CV0,2,2,0,0,2
3,2532969.44,705413.5711,R3_F3_m3f3_P3_Y3_UO389,R3_F3_m-1f-1_P3_Y-1_U57,R3_F3_m3f3_P3_Y1_UO273,MXY,1,31.035620728811846,0,0,0.0,0,0,0,-9999.0,0.625,1,P2_CV0,2,2,0,1,1
3,2532969.44,705413.5711,R3_F3_m3f3_P3_Y2_UO164,R3_F3_m-1f-1_P3_Y-1_U51,R3_F3_m3f3_P3_Y0_UO475,MXY,2,31.0708401285631,1,0,0.0,0,0,0,-9999.0,0.75,1,P2_CV0,2,1,1,1,1
3,2532969.44,705413.5711,R3_F3_m3f3_P3_Y2_UO434,R3_F3_m-1f-1_P3_Y-1_U82,R3_F3_m3f3_P3_Y0_UO424,MXY,2,31.0708401285631,1,0,0.0,0,0,0,-9999.0,0.125,1,P2_CV0,2,0,2,1,1
3,2532969.44,705413.5711,R3_F3_m3f3_P3_Y2_UO207,RD3_F3_m-1f-1_P3_Y-1_U59,R3_F3_m3f3_P3_Y0_UO89,MXY,2,31.0708401285631,1,0,0.0,0,0,0,-9999.0,0.625,1,P2_CV0,2,1,1,0,2
3,2532969.44,705413.5711,R3_F3_m3f3_P3_Y2_UO134,R3_F3_m3f3_P3_Y0_UO60,R3_F3_m3f3_P3_Y0_UO373,MXY,2,31.0708401285631,1,0,0.0,0,0,0,-9999.0,0.625,1,P2_CV0,2,0,2,1,1
3,2532969.44,705413.5711,R3_F3_m3f3_P3_Y2_UO402,R3_F3_m-1f-1_P3_Y-1_U7,R3_F3_m3f3_P3_Y0_UO343,FXX,2,31.0708401285631,1,0,1.208,0,0,0,-9999.0,0.625,1,P2_CV0,2,1,1,2,0
3,2532969.44,705413.5711,R3_F3_m3f3_P3_Y2_UO11,R3_F3_m3f3_P3_Y0_UO400,R3_F3_m-1f-1_P3_Y-1_U27,MXY,2,31.0708401285631,1,0,0.0,0,0,0,-9999.0,0.625,1,P2_CV0,2,1,1,2,0
3,2532969.44,705413.5711,R3_F3_m3f3_P3_Y2_UO349,R3_F3_m-1f-1_P3_Y-1_U53,R3_F3_m3f3_P3_Y0_UO80,FXX,2,31.0708401285631,1,0,0.0,0,0,0,-9999.0,0.75,1,P2_CV0,2,1,1,1,1
3,2532969.44,705413.5711,R3_F3_m3f3_P3_Y2_UO221,R3_F3_m3f3_P3_Y0_UO391,R3_F3_m3f3_P3_Y0_UO401,MXY,2,31.0708401285631,1,0,0.0,0,0,0,-9999.0,0.625,1,P2_CV0,2,1,1,1,1
3,2532969.44,705413.5711,R3_F3_m3f3_P3_Y2_UO404,R3_F3_m-1f-1_P3_Y-1_U100,R3_F3_m-1f-1_P3_Y-1_U56,MXY,2,31.0708401285631,1,0,0.0,0,0,0,-9999.0,0.25,1,P2_CV0,2,1,1,1,1
3,2532969.44,705413.5711,R3_F3_m3f3_P3_Y2_UO403,R3_F3_m-1f-1_P3_Y-1_U7,R3_F3_m3f3_P3_Y0_UO343,FXX,2,31.0708401285631,1,0,1.073,0,0,0,-9999.0,0.625,1,P2_CV0,2,2,0,2,0
3,2532969.44,705413.5711,R3_F3_m3f3_P3_Y2_UO274,R3_F3_m-1f-1_P3_Y-1_U53,R3_F3_m-1f-1_P3_Y-1_U66,MXY,2,31.0708401285631,1,0,0.0,0,0,0,-9999.0,0.75,1,P2_CV0,2,1,1,1,1
3,2532969.44,705413.5711,R3_F3_m3f3_P3_Y2_UO476,R3_F3_m3f3_P3_Y0_UO391,R3_F3_m3f3_P3_Y0_UO576,FXX,2,31.0708401285631,1,0,1.0,0,0,0,-9999.0,0.75,1,P2_CV0,2,2,0,0,2
3,2532969.44,705413.5711,R3_F3_m3f3_P3_Y2_UO433,R3_F3_m-1f-1_P3_Y-1_U82,R3_F3_m3f3_P3_Y0_UO424,FXX,2,31.0708401285631,1,0,0.0,0,0,0,-9999.0,0.125,1,P2_CV0,2,1,1,1,1
3,2532969.44,705413.5711,R3_F3_m3f3_P3_Y2_UO166,R3_F3_m-1f-1_P3_Y-1_U51,R3_F3_m3f3_P3_Y0_UO475,MXY,2,31.0708401285631,1,0,0.0,0,0,0,-9999.0,0.75,1,P2_CV0,2,1,1,1,1
3,2532969.44,705413.5711,R3_F3_m3f3_P3_Y2_UO438,R3_F3_m3f3_P3_Y0_UO26,R3_F3_m3f3_P3_Y0_UO203,FXX,2,31.0708401285631,1,0,1.466,0,0,0,-9999.0,0.375,1,P2_CV0,2,2,0,2,0
3,2532969.44,705413.5711,R3_F3_m3f3_P3_Y2_UO432,R3_F3_m-1f-1_P3_Y-1_U82,R3_F3_m3f3_P3_Y0_UO424,MXY,2,31.0708401285631,1,0,0.0,0,0,0,-9999.0,0.125,1,P2_CV0,2,0,2,1,1
3,2532969.44,705413.5711,R3_F3_m3f3_P3_Y2_UO512,R3_F3_m-1f-1_P3_Y-1_U100,R3_F3_m3f3_P3_Y0_UO203,MXY,2,31.0708401285631,1,0,0.0,0,0,0,-9999.0,0.375,1,P2_CV0,2,1,1,2,0
3,2532969.44,705413.5711,R3_F3_m3f3_P3_Y2_UO95,R3_F3_m-1f-1_P3_Y-1_U116,R3_F3_m3f3_P3_Y0_UO782,FXX,2,31.0708401285631,1,0,2.157,0,0,0,-9999.0,0.875,1,P2_CV0,2,2,0,1,1
3,2532969.44,705413.5711,R3_F3_m3f3_P3_Y2_UO407,R3_F3_m-1f-1_P3_Y-1_U100,R3_F3_m-1f-1_P3_Y-1_U56,FXX,2,31.0708401285631,1,0,0.0,0,0,0,-9999.0,0.25,1,P2_CV0,2,1,1,1,1
3,2532969.44,705413.5711,R3_F3_m3f3_P3_Y2_UO477,R3_F3_m3f3_P3_Y0_UO391,R3_F3_m3f3_P3_Y0_UO576,FXX,2,31.0708401285631,1,0,0.0,0,0,0,-9999.0,0.75,1,P2_CV0,2,1,1,0,2
3,2532969.44,705413.5711,R3_F3_m3f3_P3_Y1_UO578,R3_F3_m-1f-1_P3_Y-1_U114,R3_F3_m-1f-1_P3_Y-1_U98,FXX,3,31.10491339489246,1,0,0.0,0,0,0,-9999.0,0.75,1,P2_CV0,2,0,2,1,1
3,2532969.44,705413.5711,R3_F3_m3f3_P3_Y1_UO452,R3_F3_m-1f-1_P3_Y-1_U93,R3_F3_m-1f-1_P3_Y-1_U68,FXX,3,31.106943930500936,1,0,1.62,0,0,0,-9999.0,0.75,1,P2_CV0,2,1,1,2,0
3,2532969.44,705413.5711,R3_F3_m3f3_P3_Y1_UO564,R3_F3_m-1f-1_P3_Y-1_U91,R3_F3_m-1f-1_P3_Y-1_U75,MXY,3,31.10491339489246,1,0,0.0,0,0,0,-9999.0,0.5,1,P2_CV0,2,0,2,1,1
3,2532969.44,705413.5711,R3_F3_m3f3_P3_Y1_UO228,R3_F3_m-1f-1_P3_Y-1_U26,R3_F3_m-1f-1_P3_Y-1_U15,MXY,3,31.10491339489246,1,0,0.0,0,0,0,-9999.0,0.75,1,P2_CV0,2,1,1,2,0
3,2532969.44,705413.5711,R3_F3_m3f3_P3_Y1_UO316,R3_F3_m-1f-1_P3_Y-1_U49,R3_F3_m-1f-1_P3_Y-1_U65,MXY,3,31.10491339489246,1,0,0.0,0,0,0,-9999.0,0.5,1,P2_CV0,2,1,1,0,2
3,2532969.44,705413.5711,R3_F3_m3f3_P3_Y1_UO613,R3_F3_m-1f-1_P3_Y-1_U78,R3_F3_m-1f-1_P3_Y-1_U123,MXY,3,31.10491339489246,1,0,0.0,0,0,0,-9999.0,0.5,1,P2_CV0,2,0,2,0,2
3,2532969.44,705413.5711,R3_F3_m3f3_P3_Y1_UO274,R3_F3_m-1f-1_P3_Y-1_U72,R3_F3_m-1f-1_P3_Y-1_U128,MXY,3,31.10491339489246,1,0,0.0,0,0,0,-9999.0,0.75,1,P2_CV0,2,2,0,0,2
3,2532969.44,705413.5711,R3_F3_m3f3_P3_Y1_UO614,R3_F3_m-1f-1_P3_Y-1_U78,R3_F3_m-1f-1_P3_Y-1_U123,MXY,3,31.10491339489246,1,0,0.0,0,0,0,-9999.0,0.5,1,P2_CV0,2,1,1,1,1
3,2532969.44,705413.5711,R3_F3_m3f3_P3_Y1_UO506,R3_F3_m-1f-1_P3_Y-1_U31,R3_F3_m-1f-1_P3_Y-1_U99,MXY,3,31.10491339489246,1,0,0.0,0,0,0,-9999.0,0.75,1,P2_CV0,2,1,1,2,0
3,2532969.44,705413.5711,R3_F3_m3f3_P3_Y1_UO432,R3_F3_m-1f-1_P3_Y-1_U110,R3_F3_m-1f-1_P3_Y-1_U28,FXX,3,31.10491339489246,1,0,0.0,0,0,0,-9999.0,1.0,1,P2_CV0,2,0,2,0,2
3,2532969.44,705413.5711,R3_F3_m3f3_P3_Y1_UO26,R3_F3_m-1f-1_P3_Y-1_U90,R3_F3_m-1f-1_P3_Y-1_U48,MXY,3,31.10491339489246,1,0,0.0,0,0,0,-9999.0,0.25,1,P2_CV0,2,0,2,2,0
3,2532969.44,705413.5711,R3_F3_m3f3_P3_Y1_UO485,R3_F3_m-1f-1_P3_Y-1_U108,R3_F3_m-1f-1_P3_Y-1_U68,MXY,3,31.10491339489246,1,0,0.0,0,0,0,-9999.0,0.75,1,P2_CV0,2,2,0,1,1
3,2532969.44,705413.5711,R3_F3_m3f3_P3_Y1_UO273,R3_F3_m-1f-1_P3_Y-1_U72,R3_F3_m-1f-1_P3_Y-1_U128,MXY,3,31.10491339489246,1,0,0.0,0,0,0,-9999.0,0.75,1,P2_CV0,2,2,0,1,1
3,2532969.44,705413.5711,R3_F3_m3f3_P3_Y1_UO144,R3_F3_m-1f-1_P3_Y-1_U18,R3_F3_m-1f-1_P3_Y-1_U29,FXX,3,31.10491339489246,1,0,1.446,0,0,0,-9999.0,0.25,1,P2_CV0,2,0,2,1,1
3,2532969.44,705413.5711,I3_F7_m3f3_P3_Y1_UO608,R3_F3_m-1f-1_P3_Y-1_U12,R3_F3_m-1f-1_P3_Y-1_U1,MXY,3,31.101144710674575,1,0,0.0,0,0,0,-9999.0,0.75,1,P2_CV0,2,1,1,1,1
3,2532969.44,705413.5711,R3_F3_m3f3_P3_Y0_UO478,R3_F3_m-1f-1_P3_Y-1_U35,R3_F3_m-1f-1_P3_Y-1_U74,MXY,4,31.13601067682227,1,0,0.0,0,0,0,-9999.0,0.5,1,P2_CV0,2,0,2,1,1
3,2532969.44,705413.5711,R3_F3_m3f3_P3_Y0_UO418,R3_F3_m-1f-1_P3_Y-1_U49,R3_F3_m-1f-1_P3_Y-1_U23,MXY,4,31.13601067682227,1,0,0.0,0,0,0,-9999.0,0.75,1,P2_CV0,2,1,1,2,0
3,2532969.44,705413.5711,R3_F3_m3f3_P3_Y0_UO697,R3_F3_m-1f-1_P3_Y-1_U3,R3_F3_m-1f-1_P3_Y-1_U23,FXX,4,31.13601067682227,1,0,1.0,0,0,0,-9999.0,0.5,1,P2_CV0,2,0,2,0,2
3,2532969.44,705413.5711,R3_F3_m3f3_P3_Y0_UO698,R3_F3_m-1f-1_P3_Y-1_U3,R3_F3_m-1f-1_P3_Y-1_U23,FXX,4,31.13601067682227,1,0,2.782,0,0,0,-9999.0,0.5,1,P2_CV0,2,2,0,2,0
3,2532969.44,705413.5711,R3_F3_m3f3_P3_Y0_UO339,R3_F3_m-1f-1_P3_Y-1_U92,R3_F3_m-1f-1_P3_Y-1_U138,MXY,4,31.13601067682227,1,0,0.0,0,0,0,-9999.0,0.25,1,P2_CV0,2,1,1,1,1
3,2532969.44,705413.5711,R3_F3_m3f3_P3_Y0_UO60,R3_F3_m-1f-1_P3_Y-1_U7,R3_F3_m-1f-1_P3_Y-1_U80,FXX,4,31.13601067682227,1,0,1.164,0,0,0,-9999.0,0.5,1,P2_CV0,2,0,2,1,1
3,2532969.44,705413.5711,I3_F7_m3f3_P3_Y0_UO301,R3_F3_m-1f-1_P3_Y-1_U126,R3_F3_m-1f-1_P3_Y-1_U101,FXX,4,31.13291576590396,1,0,1.0,0,0,0,-9999.0,0.5,1,P2_CV0,2,1,1,0,2
3,2532969.44,705413.5711,R3_F3_m-1f-1_P3_Y-1_U66,-9999,-9999,MXY,5,31.127857166475582,1,0,0.0,0,0,0,-9999.0,0.5,1,P2_CV0,2,1,1,0,2
3,2532969.44,705413.5711,R3_F3_m-1f-1_P3_Y-1_U117,-9999,-9999,FXX,5,31.127857166475582,1,0,1.0,0,0,0,-9999.0,0.0,1,P2_CV0,2,0,2,1,1
3,2532969.44,705413.5711,R3_F3_m-1f-1_P3_Y-1_U57,-9999,-9999,FXX,5,31.127857166475582,1,0,0.0,0,0,0,-9999.0,0.5,1,P2_CV0,2,1,1,0,2
3,2532969.44,705413.5711,RD3_F4_m4f4_P4_Y3_UO311,R4_F4_m-1f-1_P4_Y-1_U124,R4_F4_m4f4_P4_Y1_UO623,FXX,1,31.050978489029077,0,0,0.0,0,0,0,-9999.0,0.375,1,P3_CV0,2,1,1,1,1
3,2532969.44,705413.5711,R3_F3_m5f5_P5_Y2_UO294,R5_F5_m5f5_P5_Y0_UO291,R5_F5_m5f5_P5_Y0_UO535,FXX,2,31.101987970439755,1,0,3.738,0,0,0,-9999.0,0.875,1,P4_CV0,2,2,0,0,2
4,2539041.489,728416.6747,R4_F4_m4f4_P4_Y3_UO11,R4_F4_m4f4_P4_Y1_UO252,R4_F4_m4f4_P4_Y0_UO661,FXX,1,55.77262167355319,0,0,0.0,0,0,0,-9999.0,0.5,1,P3_CV0,2,1,1,2,0
4,2539041.489,728416.6747,R4_F4_m4f4_P4_Y3_UO12,R4_F4_m4f4_P4_Y1_UO252,R4_F4_m4f4_P4_Y0_UO661,MXY,1,55.77262167355319,0,0,0.0,0,0,0,-9999.0,0.5,1,P3_CV0,2,0,2,2,0
4,2539041.489,728416.6747,R4_F4_m4f4_P4_Y3_UO13,R4_F4_m4f4_P4_Y1_UO252,R4_F4_m4f4_P4_Y0_UO661,FXX,1,55.77262167355319,0,0,0.0,0,0,0,-9999.0,0.5,1,P3_CV0,2,0,2,1,1
4,2539041.489,728416.6747,R4_F4_m4f4_P4_Y3_UO14,R4_F4_m-1f-1_P4_Y-1_U52,R4_F4_m-1f-1_P4_Y-1_U73,FXX,1,55.77262167355319,0,0,0.0,0,0,0,-9999.0,0.75,1,P3_CV0,2,2,0,2,0
4,2539041.489,728416.6747,R4_F4_m4f4_P4_Y3_UO15,R4_F4_m-1f-1_P4_Y-1_U52,R4_F4_m-1f-1_P4_Y-1_U73,FXX,1,55.77262167355319,0,0,0.0,0,0,0,-9999.0,0.75,1,P3_CV0,2,1,1,2,0
4,2539041.489,728416.6747,R4_F4_m4f4_P4_Y3_UO16,R4_F4_m-1f-1_P4_Y-1_U52,R4_F4_m-1f-1_P4_Y-1_U73,MXY,1,55.77262167355319,0,0,0.0,0,0,0,-9999.0,0.75,1,P3_CV0,2,2,0,1,1
4,2539041.489,728416.6747,R4_F4_m4f4_P4_Y3_UO17,R4_F4_m-1f-1_P4_Y-1_U52,R4_F4_m-1f-1_P4_Y-1_U73,FXX,1,55.77262167355319,0,0,0.0,0,0,0,-9999.0,0.75,1,P3_CV0,2,2,0,2,0
4,2539041.489,728416.6747,R4_F4_m4f4_P4_Y3_UO31,R4_F4_m4f4_P4_Y1_UO237,R4_F4_m4f4_P4_Y0_UO70,MXY,1,55.77262167355319,0,0,0.0,0,0,0,-9999.0,0.5,1,P3_CV0,2,0,2,0,2
4,2539041.489,728416.6747,R4_F4_m4f4_P4_Y3_UO32,R4_F4_m4f4_P4_Y1_UO237,R4_F4_m4f4_P4_Y1_UO280,FXX,1,55.77262167355319,0,0,0.0,0,0,0,-9999.0,0.375,1,P3_CV0,2,0,2,0,2
4,2539041.489,728416.6747,R4_F4_m4f4_P4_Y3_UO33,R4_F4_m4f4_P4_Y1_UO237,R4_F4_m4f4_P4_Y1_UO280,FXX,1,55.77262167355319,0,0,0.0,0,0,0,-9999.0,0.375,1,P3_CV0,2,1,1,0,2
4,2539041.489,728416.6747,R4_F4_m4f4_P4_Y3_UO38,R4_F4_m-1f-1_P4_Y-1_U38,R4_F4_m4f4_P4_Y1_UO545,FXX,1,55.77262167355319,0,0,0.0,0,0,0,-9999.0,0.5,1,P3_CV0,2,1,1,1,1
4,2539041.489,728416.6747,R4_F4_m4f4_P4_Y3_UO39,R4_F4_m-1f-1_P4_Y-1_U38,R4_F4_m4f4_P4_Y1_UO545,FXX,1,55.77262167355319,0,0,0.0,0,0,0,-9999.0,0.5,1,P3_CV0,2,1,1,0,2
4,2539041.489,728416.6747,R4_F4_m4f4_P4_Y3_UO40,R4_F4_m-1f-1_P4_Y-1_U38,R4_F4_m4f4_P4_Y1_UO545,FXX,1,55.77262167355319,0,0,0.0,0,0,0,-9999.0,0.5,1,P3_CV0,2,1,1,1,1
4,2539041.489,728416.6747,R4_F4_m4f4_P4_Y3_UO41,R4_F4_m4f4_P4_Y1_UO151,R4_F4_m4f4_P4_Y0_UO615,FXX,1,55.77262167355319,0,0,0.0,0,0,0,-9999.0,0.5,1,P3_CV0,2,1,1,1,1
4,2539041.489,728416.6747,R4_F4_m4f4_P4_Y3_UO88,R4_F4_m4f4_P4_Y1_UO137,R4_F4_m4f4_P4_Y0_UO223,MXY,1,55.77262167355319,0,0,0.0,0,0,0,-9999.0,0.5,1,P3_CV0,2,1,1,2,0
4,2539041.489,728416.6747,R4_F4_m4f4_P4_Y3_UO98,R4_F4_m4f4_P4_Y0_UO566,R4_F4_m4f4_P4_Y0_UO222,FXX,1,55.77262167355319,0,0,0.0,0,0,0,-9999.0,0.5,1,P3_CV0,2,1,1,0,2
4,2539041.489,728416.6747,R4_F4_m4f4_P4_Y3_UO118,R4_F4_m4f4_P4_Y1_UO137,R4_F4_m4f4_P4_Y1_UO623,MXY,1,55.77262167355319,0,0,0.0,0,0,0,-9999.0,0.25,1,P3_CV0,2,0,2,1,1
4,2539041.489,728416.6747,R4_F4_m4f4_P4_Y3_UO119,R4_F4_m4f4_P4_Y1_UO137,R4_F4_m4f4_P4_Y1_UO623,FXX,1,55.77262167355319,0,0,0.0,0,0,0,-9999.0,0.25,1,P3_CV0,2,0,2,1,1
4,2539041.489,728416.6747,R4_F4_m4f4_P4_Y3_UO135,R4_F4_m4f4_P4_Y1_UO281,R4_F4_m-1f-1_P4_Y-1_U16,MXY,1,55.77262167355319,0,0,0.0,0,0,0,-9999.0,0.0,1,P3_CV0,2,0,2,2,0
4,2539041.489,728416.6747,R4_F4_m4f4_P4_Y3_UO136,R4_F4_m4f4_P4_Y1_UO281,R4_F4_m-1f-1_P4_Y-1_U16,MXY,1,55.77262167355319,0,0,0.0,0,0,0,-9999.0,0.0,1,P3_CV0,2,0,2,1,1
4,2539041.489,728416.6747,R4_F4_m4f4_P4_Y3_UO168,R4_F4_m4f4_P4_Y1_UO342,R4_F4_m-1f-1_P4_Y-1_U18,FXX,1,55.77262167355319,0,0,0.0,0,0,0,-9999.0,0.25,1,P3_CV0,2,1,1,0,2
4,2539041.489,728416.6747,R4_F4_m4f4_P4_Y3_UO173,R4_F4_m-1f-1_P4_Y-1_U52,R4_F4_m4f4_P4_Y1_UO280,FXX,1,55.77262167355319,0,0,0.0,0,0,0,-9999.0,0.25,1,P3_CV0,2,1,1,0,2
4,2539041.489,728416.6747,R4_F4_m4f4_P4_Y3_UO174,R4_F4_m-1f-1_P4_Y-1_U52,R4_F4_m4f4_P4_Y1_UO280,FXX,1,55.77262167355319,0,0,0.0,0,0,0,-9999.0,0.25,1,P3_CV0,2,1,1,1,1
4,2539041.489,728416.6747,R4_F4_m4f4_P4_Y3_UO175,R4_F4_m-1f-1_P4_Y-1_U52,R4_F4_m4f4_P4_Y1_UO280,MXY,1,55.77262167355319,0,0,0.0,0,0,0,-9999.0,0.25,1,P3_CV0,2,0,2,0,2
4,2539041.489,728416.6747,R4_F4_m4f4_P4_Y3_UO176,R4_F4_m4f4_P4_Y0_UO454,R4_F4_m4f4_P4_Y0_UO222,MXY,1,55.77262167355319,0,0,0.0,0,0,0,-9999.0,0.5,1,P3_CV0,2,2,0,0,2
4,2539041.489,728416.6747,R4_F4_m4f4_P4_Y3_UO180,R4_F4_m4f4_P4_Y1_UO598,R4_F4_m-1f-1_P4_Y-1_U99,MXY,1,55.77262167355319,0,0,0.0,0,0,0,-9999.0,0.625,1,P3_CV0,2,1,1,1,1
4,2539041.489,728416.6747,R4_F4_m4f4_P4_Y3_UO181,R4_F4_m4f4_P4_Y1_UO237,R4_F4_m4f4_P4_Y1_UO258,MXY,1,55.77262167355319,0,0,0.0,0,0,0,-9999.0,0.75,1,P3_CV0,2,1,1,1,1
4,2539041.489,728416.6747,R4_F4_m4f4_P4_Y3_UO182,R4_F4_m4f4_P4_Y1_UO237,R4_F4_m4f4_P4_Y1_UO258,FXX,1,55.77262167355319,0,0,0.0,0,0,0,-9999.0,0.75,1,P3_CV0,2,0,2,1,1
4,2539041.489,728416.6747,R4_F4_m4f4_P4_Y3_UO183,R4_F4_m4f4_P4_Y1_UO598,R4_F4_m4f4_P4_Y1_UO545,MXY,1,55.77262167355319,0,0,0.0,0,0,0,-9999.0,0.375,1,P3_CV0,2,0,2,1,1
4,2539041.489,728416.6747,R4_F4_m4f4_P4_Y3_UO187,R4_F4_m4f4_P4_Y0_UO481,R4_F4_m-1f-1_P4_Y-1_U134,FXX,1,55.77262167355319,0,0,0.0,0,0,0,-9999.0,0.75,1,P3_CV0,2,2,0,1,1
4,2539041.489,728416.6747,R4_F4_m4f4_P4_Y3_UO188,R4_F4_m4f4_P4_Y0_UO481,R4_F4_m-1f-1_P4_Y-1_U134,MXY,1,55.77262167355319,0,0,0.0,0,0,0,-9999.0,0.75,1,P3_CV0,2,1,1,1,1
4,2539041.489,728416.6747,R4_F4_m4f4_P4_Y3_UO203,R4_F4_m-1f-1_P4_Y-1_U29,R4_F4_m4f4_P4_Y0_UO733,MXY,1,55.77262167355319,0,0,0.0,0,0,0,-9999.0,0.125,1,P3_CV0,2,1,1,0,2
4,2539041.489,728416.6747,R4_F4_m4f4_P4_Y3_UO204,R4_F4_m-1f-1_P4_Y-1_U29,R4_F4_m4f4_P4_Y0_UO733,MXY,1,55.77262167355319,0,0,0.0,0,0,0,-9999.0,0.125,1,P3_CV0,2,1,1,1,1
4,2539041.489,728416.6747,R4_F4_m4f4_P4_Y3_UO211,R4_F4_m4f4_P4_Y1_UO622,R4_F4_m4f4_P4_Y0_UO223,FXX,1,55.77262167355319,0,0,0.0,0,0,0,-9999.0,0.5,1,P3_CV0,2,0,2,2,0
4,2539041.489,728416.6747,R4_F4_m4f4_P4_Y3_UO215,R4_F4_m4f4_P4_Y1_UO622,R4_F4_m4f4_P4_Y0_UO269,FXX,1,55.77262167355319,0,0,0.0,0,0,0,-9999.0,0.5,1,P3_CV0,2,0,2,2,0
4,2539041.489,728416.6747,R4_F4_m4f4_P4_Y3_UO249,R4_F4_m-1f-1_P4_Y-1_U38,R4_F4_m4f4_P4_Y0_UO733,MXY,1,55.77262167355319,0,0,0.0,0,0,0,-9999.0,0.375,1,P3_CV0,2,2,0,1,1
4,2539041.489,728416.6747,R4_F4_m4f4_P4_Y3_UO250,R4_F4_m-1f-1_P4_Y-1_U38,R4_F4_m4f4_P4_Y0_UO733,FXX,1,55.77262167355319,0,0,0.0,0,0,0,-9999.0,0.375,1,P3_CV0,2,2,0,1,1
4,2539041.489,728416.6747,R4_F4_m4f4_P4_Y3_UO260,R4_F4_m4f4_P4_Y1_UO622,R4_F4_m-1f-1_P4_Y-1_U18,MXY,1,55.77262167355319,0,0,0.0,0,0,0,-9999.0,0.125,1,P3_CV0,2,0,2,1,1
4,2539041.489,728416.6747,R4_F4_m4f4_P4_Y3_UO265,R4_F4_m-1f-1_P4_Y-1_U124,R4_F4_m-1f-1_P4_Y-1_U18,FXX,1,55.77262167355319,0,0,0.0,0,0,0,-9999.0,0.25,1,P3_CV0,2,0,2,0,2
4,2539041.489,728416.6747,R4_F4_m4f4_P4_Y3_UO285,R4_F4_m4f4_P4_Y1_UO52,R4_F4_m4f4_P4_Y1_UO258,FXX,1,55.77262167355319,0,0,0.0,0,0,0,-9999.0,0.75,1,P3_CV0,2,1,1,1,1
4,2539041.489,728416.6747,R4_F4_m4f4_P4_Y3_UO286,R4_F4_m-1f-1_P4_Y-1_U29,R4_F4_m4f4_P4_Y1_UO258,FXX,1,55.77262167355319,0,0,0.0,0,0,0,-9999.0,0.375,1,P3_CV0,2,1,1,1,1
4,2539041.489,728416.6747,R4_F4_m4f4_P4_Y3_UO287,R4_F4_m-1f-1_P4_Y-1_U29,R4_F4_m4f4_P4_Y1_UO258,MXY,1,55.77262167355319,0,0,0.0,0,0,0,-9999.0,0.375,1,P3_CV0,2,1,1,1,1
4,2539041.489,728416.6747,R4_F4_m4f4_P4_Y3_UO288,R4_F4_m-1f-1_P4_Y-1_U29,R4_F4_m4f4_P4_Y1_UO258,MXY,1,55.77262167355319,0,0,0.0,0,0,0,-9999.0,0.375,1,P3_CV0,2,1,1,1,1
4,2539041.489,728416.6747,R4_F4_m4f4_P4_Y3_UO297,R4_F4_m4f4_P4_Y1_UO353,R4_F4_m4f4_P4_Y1_UO448,MXY,1,55.77262167355319,0,0,0.0,0,0,0,-9999.0,0.5,1,P3_CV0,2,1,1,1,1
4,2539041.489,728416.6747,R4_F4_m4f4_P4_Y3_UO306,R4_F4_m4f4_P4_Y0_UO481,R4_F4_m-1f-1_P4_Y-1_U88,MXY,1,55.77262167355319,0,0,0.0,0,0,0,-9999.0,0.5,1,P3_CV0,2,1,1,1,1
4,2539041.489,728416.6747,R4_F4_m4f4_P4_Y3_UO309,R4_F4_m-1f-1_P4_Y-1_U124,R4_F4_m4f4_P4_Y1_UO623,FXX,1,55.77262167355319,0,0,0.0,0,0,0,-9999.0,0.375,1,P3_CV0,2,1,1,1,1
4,2539041.489,728416.6747,R4_F4_m4f4_P4_Y3_UO310,R4_F4_m-1f-1_P4_Y-1_U124,R4_F4_m4f4_P4_Y1_UO623,FXX,1,55.77262167355319,0,0,0.0,0,0,0,-9999.0,0.375,1,P3_CV0,2,1,1,1,1
4,2539041.489,728416.6747,R4_F4_m4f4_P4_Y3_UO312,R4_F4_m-1f-1_P4_Y-1_U124,R4_F4_m4f4_P4_Y1_UO623,FXX,1,55.77262167355319,0,0,0.0,0,0,0,-9999.0,0.375,1,P3_CV0,2,1,1,2,0
4,2539041.489,728416.6747,R4_F4_m4f4_P4_Y3_UO313,R4_F4_m-1f-1_P4_Y-1_U124,R4_F4_m4f4_P4_Y1_UO623,FXX,1,55.77262167355319,0,0,0.0,0,0,0,-9999.0,0.375,1,P3_CV0,2,0,2,1,1
4,2539041.489,728416.6747,R4_F4_m4f4_P4_Y3_UO328,R4_F4_m4f4_P4_Y1_UO187,R4_F4_m4f4_P4_Y1_UO258,FXX,1,55.77262167355319,0,0,0.0,0,0,0,-9999.0,0.625,1,P3_CV0,2,1,1,0,2
4,2539041.489,728416.6747,R4_F4_m4f4_P4_Y3_UO330,R4_F4_m4f4_P4_Y1_UO622,R4_F4_m4f4_P4_Y1_UO192,FXX,1,55.77262167355319,0,0,0.0,0,0,0,-9999.0,0.375,1,P3_CV0,2,0,2,1,1
4,2539041.489,728416.6747,R4_F4_m4f4_P4_Y3_UO331,R4_F4_m4f4_P4_Y1_UO622,R4_F4_m4f4_P4_Y1_UO192,FXX,1,55.77262167355319,0,0,0.0,0,0,0,-9999.0,0.375,1,P3_CV0,2,0,2,1,1
4,2539041.489,728416.6747,R4_F4_m4f4_P4_Y3_UO332,R4_F4_m4f4_P4_Y1_UO137,R4_F4_m4f4_P4_Y0_UO222,FXX,1,55.77262167355319,0,0,0.0,0,0,0,-9999.0,0.5,1,P3_CV0,2,1,1,0,2
4,2539041.489,728416.6747,R4_F4_m4f4_P4_Y3_UO333,R4_F4_m4f4_P4_Y1_UO137,R4_F4_m4f4_P4_Y0_UO222,FXX,1,55.77262167355319,0,0,0.0,0,0,0,-9999.0,0.5,1,P3_CV0,2,0,2,1,1
4,2539041.489,728416.6747,R4_F4_m4f4_P4_Y3_UO349,R4_F4_m-1f-1_P4_Y-1_U38,R4_F4_m4f4_P4_Y1_UO258,MXY,1,55.77262167355319,0,0,0.0,0,0,0,-9999.0,0.625,1,P3_CV0,2,1,1,1,1
4,2539041.489,728416.6747,R4_F4_m4f4_P4_Y3_UO350,R4_F4_m-1f-1_P4_Y-1_U38,R4_F4_m4f4_P4_Y1_UO258,MXY,1,55.77262167355319,0,0,0.0,0,0,0,-9999.0,0.625,1,P3_CV0,2,0,2,2,0
4,2539041.489,728416.6747,R4_F4_m4f4_P4_Y3_UO358,R4_F4_m4f4_P4_Y1_UO622,R4_F4_m4f4_P4_Y1_UO166,FXX,1,55.77262167355319,0,0,0.0,0,0,0,-9999.0,0.125,1,P3_CV0,2,0,2,2,0
4,2539041.489,728416.6747,R4_F4_m4f4_P4_Y3_UO363,R4_F4_m4f4_P4_Y0_UO566,R4_F4_m-1f-1_P4_Y-1_U88,MXY,1,55.77262167355319,0,0,0.0,0,0,0,-9999.0,0.375,1,P3_CV0,2,2,0,1,1
4,2539041.489,728416.6747,R4_F4_m4f4_P4_Y3_UO364,R4_F4_m4f4_P4_Y0_UO566,R4_F4_m-1f-1_P4_Y-1_U88,FXX,1,55.77262167355319,0,0,0.0,0,0,0,-9999.0,0.375,1,P3_CV0,2,1,1,2,0
4,2539041.489,728416.6747,R4_F4_m4f4_P4_Y3_UO365,R4_F4_m4f4_P4_Y0_UO566,R4_F4_m-1f-1_P4_Y-1_U88,FXX,1,55.77262167355319,0,0,0.0,0,0,0,-9999.0,0.375,1,P3_CV0,2,0,2,2,0
4,2539041.489,728416.6747,R4_F4_m4f4_P4_Y3_UO367,R4_F4_m4f4_P4_Y1_UO281,R4_F4_m4f4_P4_Y0_UO61,MXY,1,55.77262167355319,0,0,0.0,0,0,0,-9999.0,0.125,1,P3_CV0,2,0,2,1,1
4,2539041.489,728416.6747,R4_F4_m4f4_P4_Y3_UO369,R4_F4_m4f4_P4_Y1_UO52,R4_F4_m4f4_P4_Y0_UO661,FXX,1,55.77262167355319,0,0,0.0,0,0,0,-9999.0,0.625,1,P3_CV0,2,0,2,2,0
4,2539041.489,728416.6747,R4_F4_m4f4_P4_Y3_UO370,R4_F4_m4f4_P4_Y1_UO52,R4_F4_m4f4_P4_Y0_UO661,MXY,1,55.77262167355319,0,0,0.0,0,0,0,-9999.0,0.625,1,P3_CV0,2,0,2,2,0
4,2539041.489,728416.6747,R4_F4_m4f4_P4_Y2_UO257,R4_F4_m4f4_P4_Y0_UO683,R4_F4_m-1f-1_P4_Y-1_U134,MXY,2,78.18619099528989,1,0,0.0,0,0,0,-9999.0,0.75,1,P3_CV0,2,1,1,2,0
4,2539041.489,728416.6747,R4_F4_m4f4_P4_Y2_UO383,R4_F4_m-1f-1_P4_Y-1_U29,R4_F4_m-1f-1_P4_Y-1_U73,FXX,2,78.18619099528989,1,0,1.042,0,0,0,-9999.0,0.5,1,P3_CV0,2,1,1,2,0
4,2539041.489,728416.6747,R4_F4_m4f4_P4_Y2_UO464,R4_F4_m-1f-1_P4_Y-1_U14,R4_F4_m4f4_P4_Y0_UO70,FXX,2,78.18619099528989,1,0,0.0,0,0,0,-9999.0,0.625,1,P3_CV0,2,1,1,0,2
4,2539041.489,728416.6747,R4_F4_m4f4_P4_Y2_UO249,R4_F4_m4f4_P4_Y0_UO19,R4_F4_m-1f-1_P4_Y-1_U23,FXX,2,78.18619099528989,1,0,1.0,0,0,0,-9999.0,0.625,1,P3_CV0,2,1,1,1,1
4,2539041.489,728416.6747,R4_F4_m4f4_P4_Y2_UO342,R4_F4_m4f4_P4_Y0_UO683,R4_F4_m-1f-1_P4_Y-1_U73,MXY,2,78.18619099528989,1,0,0.0,0,0,0,-9999.0,0.75,1,P3_CV0,2,2,0,1,1
4,2539041.489,728416.6747,R4_F4_m4f4_P4_Y2_UO504,R4_F4_m-1f-1_P4_Y-1_U102,R4_F4_m4f4_P4_Y0_UO23,FXX,2,78.18619099528989,1,0,1.721,0,0,0,-9999.0,0.625,1,P3_CV0,2,0,2,1,1
4,2539041.489,728416.6747,R4_F4_m4f4_P4_Y2_UO341,R4_F4_m4f4_P4_Y0_UO683,R4_F4_m-1f-1_P4_Y-1_U73,MXY,2,78.18619099528989,1,0,0.0,0,0,0,-9999.0,0.75,1,P3_CV0,2,2,0,1,1
4,2539041.489,728416.6747,R4_F4_m4f4_P4_Y2_UO377,R4_F4_m-1f-1_P4_Y-1_U29,R4_F4_m-1f-1_P4_Y-1_U73,MXY,2,78.18619099528989,1,0,0.0,0,0,0,-9999.0,0.5,1,P3_CV0,2,1,1,1,1
4,2539041.489,728416.6747,R4_F4_m4f4_P4_Y2_UO232,R4_F4_m4f4_P4_Y0_UO754,R4_F4_m-1f-1_P4_Y-1_U73,FXX,2,78.18619099528989,1,0,1.066,0,0,0,-9999.0,1.0,1,P3_CV0,2,2,0,2,0
4,2539041.489,728416.6747,R4_F4_m4f4_P4_Y2_UO251,R4_F4_m4f4_P4_Y0_UO19,R4_F4_m-1f-1_P4_Y-1_U23,FXX,2,78.18619099528989,1,0,1.0,0,0,0,-9999.0,0.625,1,P3_CV0,2,2,0,1,1
4,2539041.489,728416.6747,R4_F4_m4f4_P4_Y2_UO169,R4_F4_m-1f-1_P4_Y-1_U38,R4_F4_m4f4_P4_Y0_UO271,FXX,2,78.18619099528989,1,0,0.0,0,0,0,-9999.0,0.625,1,P3_CV0,2,1,1,1,1
4,2539041.489,728416.6747,R4_F4_m4f4_P4_Y2_UO379,R4_F4_m-1f-1_P4_Y-1_U29,R4_F4_m-1f-1_P4_Y-1_U73,FXX,2,78.18619099528989,1,0,2.549,0,0,0,-9999.0,0.5,1,P3_CV0,2,1,1,2,0
4,2539041.489,728416.6747,R4_F4_m4f4_P4_Y2_UO542,R4_F4_m4f4_P4_Y0_UO19,R4_F4_m4f4_P4_Y0_UO739,MXY,2,78.18619099528989,1,0,0.0,0,0,0,-9999.0,0.5,1,P3_CV0,2,1,1,1,1
4,2539041.489,728416.6747,R4_F4_m4f4_P4_Y2_UO258,R4_F4_m4f4_P4_Y0_UO683,R4_F4_m-1f-1_P4_Y-1_U134,MXY,2,78.18619099528989,1,0,0.0,0,0,0,-9999.0,0.75,1,P3_CV0,2,2,0,2,0
4,2539041.489,728416.6747,R4_F4_m4f4_P4_Y2_UO338,R4_F4_m4f4_P4_Y0_UO683,R4_F4_m-1f-1_P4_Y-1_U73,MXY,2,78.18619099528989,1,0,0.0,0,0,0,-9999.0,0.75,1,P3_CV0,2,1,1,1,1
4,2539041.489,728416.6747,R4_F4_m4f4_P4_Y2_UO192,R4_F4_m-1f-1_P4_Y-1_U52,R4_F4_m-1f-1_P4_Y-1_U16,FXX,2,78.18619099528989,1,0,1.0,0,0,0,-9999.0,0.25,1,P3_CV0,2,0,2,0,2
4,2539041.489,728416.6747,R4_F4_m4f4_P4_Y2_UO320,R4_F4_m-1f-1_P4_Y-1_U67,R4_F4_m4f4_P4_Y0_UO615,MXY,2,78.18619099528989,1,0,0.0,0,0,0,-9999.0,0.375,1,P3_CV0,2,1,1,0,2
4,2539041.489,728416.6747,R4_F4_m4f4_P4_Y2_UO339,R4_F4_m4f4_P4_Y0_UO683,R4_F4_m-1f-1_P4_Y-1_U73,MXY,2,78.18619099528989,1,0,0.0,0,0,0,-9999.0,0.75,1,P3_CV0,2,2,0,1,1
4,2539041.489,728416.6747,R4_F4_m4f4_P4_Y2_UO384,R4_F4_m-1f-1_P4_Y-1_U29,R4_F4_m-1f-1_P4_Y-1_U73,FXX,2,78.18619099528989,1,0,0.0,0,0,0,-9999.0,0.5,1,P3_CV0,2,1,1,1,1
4,2539041.489,728416.6747,R4_F4_m4f4_P4_Y2_UO527,R4_F4_m4f4_P4_Y0_UO754,R4_F4_m4f4_P4_Y0_UO248,MXY,2,78.18619099528989,1,0,0.0,0,0,0,-9999.0,0.625,1,P3_CV0,2,2,0,1,1
4,2539041.489,728416.6747,R4_F4_m4f4_P4_Y2_UO522,R4_F4_m4f4_P4_Y0_UO754,R4_F4_m4f4_P4_Y0_UO248,MXY,2,78.18619099528989,1,0,0.0,0,0,0,-9999.0,0.625,1,P3_CV0,2,1,1,1,1
4,2539041.489,728416.6747,R4_F4_m4f4_P4_Y2_UO225,R4_F4_m4f4_P4_Y0_UO683,R4_F4_m4f4_P4_Y0_UO92,MXY,2,78.18619099528989,1,0,0.0,0,0,0,-9999.0,0.5,1,P3_CV0,2,2,0,1,1
4,2539041.489,728416.6747,R4_F4_m4f4_P4_Y1_UO622,R4_F4_m-1f-1_P4_Y-1_U89,R4_F4_m-1f-1_P4_Y-1_U47,FXX,3,102.22467392171096,1,0,0.0,0,0,0,-9999.0,0.25,1,P3_CV0,2,0,2,2,0
4,2539041.489,728416.6747,R4_F4_m4f4_P4_Y1_UO281,R4_F4_m-1f-1_P4_Y-1_U66,R4_F4_m-1f-1_P4_Y-1_U42,FXX,3,102.22467392171096,1,0,1.896,0,0,0,-9999.0,0.0,1,P3_CV0,2,0,2,1,1
4,2539041.489,728416.6747,R4_F4_m4f4_P4_Y1_UO598,R4_F4_m-1f-1_P4_Y-1_U82,R4_F4_m-1f-1_P4_Y-1_U60,FXX,3,102.22467392171096,1,0,0.0,0,0,0,-9999.0,0.25,1,P3_CV0,2,0,2,1,1
4,2539041.489,728416.6747,R4_F4_m4f4_P4_Y1_UO193,R4_F4_m-1f-1_P4_Y-1_U43,R4_F4_m-1f-1_P4_Y-1_U84,MXY,3,102.22467392171096,1,0,0.0,0,0,0,-9999.0,0.5,1,P3_CV0,2,0,2,0,2
4,2539041.489,728416.6747,R4_F4_m4f4_P4_Y1_UO253,R4_F4_m-1f-1_P4_Y-1_U22,R4_F4_m-1f-1_P4_Y-1_U30,FXX,3,102.22467392171096,1,0,1.647,0,0,0,-9999.0,0.5,1,P3_CV0,2,1,1,1,1
4,2539041.489,728416.6747,R4_F4_m4f4_P4_Y1_UO545,R4_F4_m-1f-1_P4_Y-1_U119,R4_F4_m-1f-1_P4_Y-1_U4,MXY,3,102.22467392171096,1,0,0.0,0,0,0,-9999.0,0.5,1,P3_CV0,2,1,1,1,1
4,2539041.489,728416.6747,R4_F4_m4f4_P4_Y1_UO90,R4_F4_m-1f-1_P4_Y-1_U38,R4_F4_m-1f-1_P4_Y-1_U108,FXX,3,102.22467392171096,1,0,1.436,0,0,0,-9999.0,0.5,1,P3_CV0,2,1,1,1,1
4,2539041.489,728416.6747,R4_F4_m4f4_P4_Y1_UO252,R4_F4_m-1f-1_P4_Y-1_U22,R4_F4_m-1f-1_P4_Y-1_U30,FXX,3,102.22467392171096,1,0,1.0,0,0,0,-9999.0,0.5,1,P3_CV0,2,1,1,1,1
4,2539041.489,728416.6747,R4_F4_m4f4_P4_Y1_UO528,R4_F4_m-1f-1_P4_Y-1_U56,R4_F4_m-1f-1_P4_Y-1_U113,FXX,3,102.22467392171096,1,0,1.0,0,0,0,-9999.0,0.5,1,P3_CV0,2,1,1,0,2
4,2539041.489,728416.6747,R4_F4_m4f4_P4_Y1_UO137,R4_F4_m-1f-1_P4_Y-1_U10,R4_F4_m-1f-1_P4_Y-1_U48,FXX,3,102.22467392171096,1,0,0.0,0,0,0,-9999.0,0.25,1,P3_CV0,2,0,2,1,1
4,2539041.489,728416.6747,R4_F4_m4f4_P4_Y1_UO353,R4_F4_m-1f-1_P4_Y-1_U119,R4_F4_m-1f-1_P4_Y-1_U63,FXX,3,102.22467392171096,1,0,1.425,0,0,0,-9999.0,0.25,1,P3_CV0,2,0,2,2,0
4,2539041.489,728416.6747,R4_F4_m4f4_P4_Y1_UO623,R4_F4_m-1f-1_P4_Y-1_U89,R4_F4_m-1f-1_P4_Y-1_U47,MXY,3,102.22467392171096,1,0,0.0,0,0,0,-9999.0,0.25,1,P3_CV0,2,0,2,2,0
4,2539041.489,728416.6747,R4_F4_m4f4_P4_Y1_UO237,R4_F4_m-1f-1_P4_Y-1_U10,R4_F4_m-1f-1_P4_Y-1_U126,FXX,3,102.22467392171096,1,0,0.0,0,0,0,-9999.0,0.75,1,P3_CV0,2,1,1,1,1
4,2539041.489,728416.6747,R4_F4_m4f4_P4_Y1_UO52,R4_F4_m-1f-1_P4_Y-1_U129,R4_F4_m-1f-1_P4_Y-1_U112,FXX,3,102.22467392171096,1,0,2.116,0,0,0,-9999.0,0.75,1,P3_CV0,2,1,1,2,0
4,2539041.489,728416.6747,R4_F4_m4f4_P4_Y1_UO342,R4_F4_m-1f-1_P4_Y-1_U91,R4_F4_m-1f-1_P4_Y-1_U48,FXX,3,102.22467392171096,1,0,1.0,0,0,0,-9999.0,0.5,1,P3_CV0,2,1,1,1,1
4,2539041.489,728416.6747,R4_F4_m4f4_P4_Y1_UO280,R4_F4_m-1f-1_P4_Y-1_U66,R4_F4_m-1f-1_P4_Y-1_U42,MXY,3,102.22467392171096,1,0,0.0,0,0,0,-9999.0,0.0,1,P3_CV0,2,0,2,0,2
4,2539041.489,728416.6747,R4_F4_m4f4_P4_Y1_UO239,R4_F4_m-1f-1_P4_Y-1_U65,R4_F4_m-1f-1_P4_Y-1_U45,FXX,3,102.22467392171096,1,0,1.264,0,0,0,-9999.0,0.5,1,P3_CV0,2,1,1,1,1
4,2539041.489,728416.6747,R4_F4_m4f4_P4_Y1_UO187,I4_F7_m-1f-1_P4_Y-1_U64,R4_F4_m-1f-1_P4_Y-1_U131,FXX,3,102.22467392171096,1,0,1.0,0,0,0,-9999.0,0.5,1,P3_CV0,2,2,0,1,1
4,2539041.489,728416.6747,R4_F4_m4f4_P4_Y0_UO246,R4_F4_m-1f-1_P4_Y-1_U130,R4_F4_m-1f-1_P4_Y-1_U116,MXY,4,111.23808335742945,1,0,0.0,0,0,0,-9999.0,0.25,1,P3_CV0,2,2,0,1,1
4,2539041.489,728416.6747,R4_F4_m4f4_P4_Y0_UO754,R4_F4_m-1f-1_P4_Y-1_U61,R4_F4_m-1f-1_P4_Y-1_U134,FXX,4,111.23808335742945,1,0,0.0,0,0,0,-9999.0,1.0,1,P3_CV0,2,2,0,2,0
4,2539041.489,728416.6747,R4_F4_m4f4_P4_Y0_UO61,R4_F4_m-1f-1_P4_Y-1_U92,R4_F4_m-1f-1_P4_Y-1_U16,MXY,4,111.23808335742945,1,0,0.0,0,0,0,-9999.0,0.25,1,P3_CV0,2,0,2,1,1
4,2539041.489,728416.6747,R4_F4_m4f4_P4_Y0_UO222,R4_F4_m-1f-1_P4_Y-1_U27,R4_F4_m-1f-1_P4_Y-1_U95,MXY,4,111.23808335742945,1,0,0.0,0,0,0,-9999.0,0.75,1,P3_CV0,2,1,1,1,1
4,2539041.489,728416.6747,R4_F4_m4f4_P4_Y0_UO70,R4_F4_m-1f-1_P4_Y-1_U92,R4_F4_m-1f-1_P4_Y-1_U16,MXY,4,111.23808335742945,1,0,0.0,0,0,0,-9999.0,0.25,1,P3_CV0,2,1,1,0,2
4,2539041.489,728416.6747,R4_F4_m4f4_P4_Y0_UO566,R4_F4_m-1f-1_P4_Y-1_U1,R4_F4_m-1f-1_P4_Y-1_U50,FXX,4,111.23808335742945,1,0,1.0,0,0,0,-9999.0,0.25,1,P3_CV0,2,1,1,1,1
4,2539041.489,728416.6747,R4_F4_m4f4_P4_Y0_UO615,R4_F4_m-1f-1_P4_Y-1_U64,R4_F4_m-1f-1_P4_Y-1_U42,MXY,4,111.23808335742945,1,0,0.0,0,0,0,-9999.0,0.25,1,P3_CV0,2,0,2,0,2
4,2539041.489,728416.6747,R4_F4_m4f4_P4_Y0_UO733,R4_F4_m-1f-1_P4_Y-1_U29,R4_F4_m-1f-1_P4_Y-1_U98,MXY,4,111.23808335742945,1,0,0.0,0,0,0,-9999.0,0.25,1,P3_CV0,2,2,0,0,2
4,2539041.489,728416.6747,R4_F4_m-1f-1_P4_Y-1_U18,-9999,-9999,MXY,5,124.36019161933605,1,0,0.0,0,0,0,-9999.0,0.0,1,P3_CV0,2,0,2,0,2
4,2539041.489,728416.6747,R4_F4_m-1f-1_P4_Y-1_U52,-9999,-9999,FXX,5,124.36019161933605,1,0,1.926,0,0,0,-9999.0,0.5,1,P3_CV0,2,1,1,1,1
4,2539041.489,728416.6747,R4_F4_m-1f-1_P4_Y-1_U124,-9999,-9999,FXX,5,124.39486399803944,1,0,1.0,0,0,0,-9999.0,0.5,1,P3_CV0,2,1,1,1,1
4,2539041.489,728416.6747,R4_F4_m-1f-1_P4_Y-1_U38,-9999,-9999,FXX,5,124.36019161933605,1,0,0.0,0,0,0,-9999.0,0.5,1,P3_CV0,2,1,1,1,1
4,2539041.489,728416.6747,R4_F4_m-1f-1_P4_Y-1_U73,-9999,-9999,MXY,5,124.36019161933605,1,0,0.0,0,0,0,-9999.0,1.0,1,P3_CV0,2,2,0,2,0
4,2539041.489,728416.6747,R4_F4_m-1f-1_P4_Y-1_U88,-9999,-9999,MXY,5,124.36019161933605,1,0,0.0,0,0,0,-9999.0,0.5,1,P3_CV0,2,1,1,2,0
5,2535011.582,720257.8531,RD5_F2_m2f2_P2_Y3_UO18,R2_F2_m2f2_P2_Y1_UO295,R2_F2_m-1f-1_P2_Y-1_U135,MXY,1,54.93949001180235,0,0,0.0,0,0,0,-9999.0,0.375,1,P1_CV0,3,1,1,1,1
5,2535011.582,720257.8531,RD5_F2_m2f2_P2_Y3_UO206,R2_F2_m2f2_P2_Y1_UO264,R2_F2_m2f2_P2_Y1_UO111,FXX,1,54.93949001180235,0,0,0.0,0,0,0,-9999.0,0.625,1,P1_CV0,3,1,1,1,1
5,2535011.582,720257.8531,R5_F5_m5f5_P5_Y3_UO102,R5_F5_m-1f-1_P6_Y-1_U46,R5_F5_m-1f-1_P3_Y-1_U0,FXX,1,54.93303258655105,0,0,0.0,0,0,0,-9999.0,0.5,1,P2_CV0,3,2,0,2,0
5,2535011.582,720257.8531,R5_F5_m5f5_P5_Y2_UO199,RD5_F4_m-1f-1_P4_Y-1_U43,R5_F5_m5f5_P5_Y0_UO49,MXY,2,78.39515123023925,1,0,0.0,0,0,0,-9999.0,0.5,1,P3_CV0,3,1,1,1,1
5,2535011.582,720257.8531,R5_F5_m5f5_P5_Y2_UO197,RD5_F4_m-1f-1_P4_Y-1_U43,R5_F5_m5f5_P5_Y0_UO49,FXX,2,78.39515123023925,1,0,0.0,0,0,0,-9999.0,0.5,1,P3_CV0,3,1,1,0,2
5,2535011.582,720257.8531,R5_F5_m5f5_P5_Y3_UO1,R5_F5_m5f5_P5_Y1_UO73,R5_F5_m5f5_P5_Y1_UO488,FXX,1,54.93303258655105,0,0,0.0,0,0,0,-9999.0,0.5,1,P4_CV0,3,1,1,2,0
5,2535011.582,720257.8531,R5_F5_m5f5_P5_Y3_UO2,R5_F5_m5f5_P5_Y1_UO474,R5_F5_m5f5_P5_Y0_UO545,FXX,1,54.93303258655105,0,0,0.0,0,0,0,-9999.0,0.375,1,P4_CV0,3,1,1,2,0
5,2535011.582,720257.8531,R5_F5_m5f5_P5_Y3_UO3,R5_F5_m5f5_P5_Y0_UO54,R5_F5_m-1f-1_P3_Y-1_U61,FXX,1,54.93303258655105,0,0,0.0,0,0,0,-9999.0,0.25,1,P4_CV0,3,1,1,0,2
5,2535011.582,720257.8531,R5_F5_m5f5_P5_Y3_UO4,R5_F5_m5f5_P5_Y0_UO182,R5_F5_m5f5_P5_Y1_UO488,FXX,1,54.93303258655105,0,0,0.0,0,0,0,-9999.0,0.5,1,P4_CV0,3,0,2,1,1
5,2535011.582,720257.8531,R5_F5_m5f5_P5_Y3_UO25,R5_F5_m5f5_P5_Y1_UO493,R5_F5_m5f5_P5_Y1_UO254,FXX,1,54.93303258655105,0,0,0.0,0,0,0,-9999.0,0.625,1,P4_CV0,3,1,1,1,1
5,2535011.582,720257.8531,R5_F5_m5f5_P5_Y3_UO26,R5_F5_m5f5_P5_Y1_UO493,R5_F5_m5f5_P5_Y1_UO254,FXX,1,54.93303258655105,0,0,0.0,0,0,0,-9999.0,0.625,1,P4_CV0,3,1,1,1,1
5,2535011.582,720257.8531,R5_F5_m5f5_P5_Y3_UO27,R5_F5_m5f5_P5_Y1_UO493,R5_F5_m5f5_P5_Y1_UO254,MXY,1,54.93303258655105,0,0,0.0,0,0,0,-9999.0,0.625,1,P4_CV0,3,1,1,0,2
5,2535011.582,720257.8531,R5_F5_m5f5_P5_Y3_UO34,R5_F5_m5f5_P5_Y0_UO583,R5_F5_m5f5_P5_Y1_UO314,MXY,1,54.93303258655105,0,0,0.0,0,0,0,-9999.0,0.625,1,P4_CV0,3,2,0,1,1
5,2535011.582,720257.8531,R5_F5_m5f5_P5_Y3_UO48,R5_F5_m5f5_P5_Y1_UO454,R5_F5_m5f5_P5_Y1_UO492,MXY,1,54.93303258655105,0,0,0.0,0,0,0,-9999.0,0.625,1,P4_CV0,3,2,0,0,2
5,2535011.582,720257.8531,R5_F5_m5f5_P5_Y3_UO49,R5_F5_m5f5_P5_Y1_UO454,R5_F5_m5f5_P5_Y1_UO492,FXX,1,54.93303258655105,0,0,0.0,0,0,0,-9999.0,0.625,1,P4_CV0,3,1,1,0,2
5,2535011.582,720257.8531,R5_F5_m5f5_P5_Y3_UO63,R5_F5_m5f5_P5_Y1_UO73,R5_F5_m5f5_P5_Y1_UO348,FXX,1,54.93303258655105,0,0,0.0,0,0,0,-9999.0,0.25,1,P4_CV0,3,0,2,1,1
5,2535011.582,720257.8531,R5_F5_m5f5_P5_Y3_UO73,R5_F5_m5f5_P5_Y1_UO284,R5_F5_m5f5_P5_Y0_UO545,MXY,1,54.93303258655105,0,0,0.0,0,0,0,-9999.0,0.625,1,P4_CV0,3,1,1,1,1
5,2535011.582,720257.8531,R5_F5_m5f5_P5_Y3_UO74,R5_F5_m5f5_P5_Y0_UO583,R5_F5_m-1f-1_P3_Y-1_U0,FXX,1,54.93303258655105,0,0,0.0,0,0,0,-9999.0,0.625,1,P4_CV0,3,2,0,1,1
5,2535011.582,720257.8531,R5_F5_m5f5_P5_Y3_UO89,R5_F5_m5f5_P5_Y1_UO376,R5_F5_m5f5_P5_Y0_UO177,MXY,1,54.93303258655105,0,0,0.0,0,0,0,-9999.0,0.375,1,P4_CV0,3,2,0,1,1
5,2535011.582,720257.8531,R5_F5_m5f5_P5_Y3_UO90,R5_F5_m5f5_P5_Y0_UO723,R5_F5_m5f5_P5_Y1_UO500,MXY,1,54.93303258655105,0,0,0.0,0,0,0,-9999.0,0.125,1,P4_CV0,3,2,0,1,1
5,2535011.582,720257.8531,R5_F5_m5f5_P5_Y3_UO91,R5_F5_m5f5_P5_Y0_UO723,R5_F5_m5f5_P5_Y1_UO500,MXY,1,54.93303258655105,0,0,0.0,0,0,0,-9999.0,0.125,1,P4_CV0,3,2,0,0,2
5,2535011.582,720257.8531,R5_F5_m5f5_P5_Y3_UO133,R5_F5_m5f5_P5_Y0_UO4,RD5_F6_m6f6_P6_Y0_UO371,MXY,1,54.93303258655105,0,0,0.0,0,0,0,-9999.0,0.75,1,P4_CV0,3,2,0,0,2
5,2535011.582,720257.8531,R5_F5_m5f5_P5_Y3_UO134,R5_F5_m5f5_P5_Y0_UO4,RD5_F6_m6f6_P6_Y0_UO371,FXX,1,54.93303258655105,0,0,0.0,0,0,0,-9999.0,0.75,1,P4_CV0,3,2,0,1,1
5,2535011.582,720257.8531,R5_F5_m5f5_P5_Y3_UO138,R5_F5_m5f5_P5_Y1_UO28,R5_F5_m-1f-1_P5_Y-1_U1,MXY,1,54.93303258655105,0,0,0.0,0,0,0,-9999.0,1.0,1,P4_CV0,3,2,0,1,1
5,2535011.582,720257.8531,R5_F5_m5f5_P5_Y3_UO139,R5_F5_m5f5_P5_Y1_UO28,R5_F5_m-1f-1_P5_Y-1_U1,FXX,1,54.93303258655105,0,0,0.0,0,0,0,-9999.0,1.0,1,P4_CV0,3,2,0,0,2
5,2535011.582,720257.8531,R5_F5_m5f5_P5_Y3_UO154,R5_F5_m5f5_P5_Y1_UO375,R5_F5_m5f5_P5_Y0_UO535,MXY,1,54.93303258655105,0,0,0.0,0,0,0,-9999.0,0.875,1,P4_CV0,3,1,1,1,1
5,2535011.582,720257.8531,R5_F5_m5f5_P5_Y3_UO155,R5_F5_m5f5_P5_Y1_UO375,R5_F5_m5f5_P5_Y0_UO535,FXX,1,54.93303258655105,0,0,0.0,0,0,0,-9999.0,0.875,1,P4_CV0,3,0,2,1,1
5,2535011.582,720257.8531,R5_F5_m5f5_P5_Y3_UO157,R5_F5_m-1f-1_P5_Y-1_U127,R5_F5_m5f5_P5_Y1_UO230,FXX,1,54.93303258655105,0,0,0.0,0,0,0,-9999.0,0.625,1,P4_CV0,3,0,2,1,1
5,2535011.582,720257.8531,R5_F5_m5f5_P5_Y3_UO158,R5_F5_m-1f-1_P5_Y-1_U127,R5_F5_m5f5_P5_Y1_UO230,FXX,1,54.93303258655105,0,0,0.0,0,0,0,-9999.0,0.625,1,P4_CV0,3,1,1,2,0
5,2535011.582,720257.8531,R5_F5_m5f5_P5_Y3_UO159,R5_F5_m-1f-1_P5_Y-1_U127,R5_F5_m5f5_P5_Y1_UO230,MXY,1,54.93303258655105,0,0,0.0,0,0,0,-9999.0,0.625,1,P4_CV0,3,1,1,1,1
5,2535011.582,720257.8531,R5_F5_m5f5_P5_Y3_UO160,R5_F5_m-1f-1_P5_Y-1_U127,R5_F5_m5f5_P5_Y1_UO230,FXX,1,54.93303258655105,0,0,0.0,0,0,0,-9999.0,0.625,1,P4_CV0,3,1,1,1,1
5,2535011.582,720257.8531,R5_F5_m5f5_P5_Y3_UO197,R5_F5_m5f5_P5_Y1_UO375,R5_F5_m5f5_P5_Y1_UO509,FXX,1,54.93303258655105,0,0,0.0,0,0,0,-9999.0,0.5,1,P4_CV0,3,1,1,2,0
5,2535011.582,720257.8531,R5_F5_m5f5_P5_Y3_UO198,R5_F5_m5f5_P5_Y1_UO375,R5_F5_m5f5_P5_Y1_UO509,FXX,1,54.93303258655105,0,0,0.0,0,0,0,-9999.0,0.5,1,P4_CV0,3,0,2,2,0
5,2535011.582,720257.8531,R5_F5_m5f5_P5_Y3_UO199,R5_F5_m5f5_P5_Y1_UO375,R5_F5_m5f5_P5_Y1_UO509,MXY,1,54.93303258655105,0,0,0.0,0,0,0,-9999.0,0.5,1,P4_CV0,3,1,1,2,0
5,2535011.582,720257.8531,R5_F5_m5f5_P5_Y3_UO200,R5_F5_m5f5_P5_Y1_UO150,R5_F5_m5f5_P5_Y1_UO401,FXX,1,54.93303258655105,0,0,0.0,0,0,0,-9999.0,0.75,1,P4_CV0,3,1,1,2,0
5,2535011.582,720257.8531,R5_F5_m5f5_P5_Y3_UO212,R5_F5_m5f5_P5_Y1_UO28,R5_F5_m5f5_P5_Y0_UO177,MXY,1,54.93303258655105,0,0,0.0,0,0,0,-9999.0,0.5,1,P4_CV0,3,2,0,1,1
5,2535011.582,720257.8531,R5_F5_m5f5_P5_Y3_UO213,R5_F5_m5f5_P5_Y1_UO28,R5_F5_m5f5_P5_Y0_UO177,FXX,1,54.93303258655105,0,0,0.0,0,0,0,-9999.0,0.5,1,P4_CV0,3,2,0,2,0
5,2535011.582,720257.8531,R5_F5_m5f5_P5_Y3_UO221,R5_F5_m5f5_P5_Y1_UO493,R5_F5_m5f5_P5_Y1_UO224,MXY,1,54.93303258655105,0,0,0.0,0,0,0,-9999.0,0.875,1,P4_CV0,3,1,1,0,2
5,2535011.582,720257.8531,R5_F5_m5f5_P5_Y3_UO227,R5_F5_m-1f-1_P5_Y-1_U74,R5_F5_m-1f-1_P5_Y-1_U113,FXX,1,54.93303258655105,0,0,0.0,0,0,0,-9999.0,0.75,1,P4_CV0,3,2,0,0,2
5,2535011.582,720257.8531,R5_F5_m5f5_P5_Y3_UO228,R5_F5_m-1f-1_P5_Y-1_U74,R5_F5_m-1f-1_P5_Y-1_U113,FXX,1,54.93303258655105,0,0,0.0,0,0,0,-9999.0,0.75,1,P4_CV0,3,2,0,1,1
5,2535011.582,720257.8531,R5_F5_m5f5_P5_Y3_UO229,R5_F5_m-1f-1_P5_Y-1_U74,R5_F5_m-1f-1_P5_Y-1_U113,FXX,1,54.93303258655105,0,0,0.0,0,0,0,-9999.0,0.75,1,P4_CV0,3,1,1,1,1
5,2535011.582,720257.8531,R5_F5_m5f5_P5_Y3_UO245,R5_F5_m5f5_P5_Y1_UO202,R5_F5_m5f5_P5_Y1_UO224,FXX,1,54.93303258655105,0,0,0.0,0,0,0,-9999.0,1.0,1,P4_CV0,3,2,0,1,1
5,2535011.582,720257.8531,R5_F5_m5f5_P5_Y3_UO246,R5_F5_m5f5_P5_Y1_UO202,R5_F5_m5f5_P5_Y1_UO224,FXX,1,54.93303258655105,0,0,0.0,0,0,0,-9999.0,1.0,1,P4_CV0,3,2,0,1,1
5,2535011.582,720257.8531,R5_F5_m5f5_P5_Y3_UO252,R5_F5_m5f5_P5_Y1_UO219,R5_F5_m-1f-1_P5_Y-1_U1,FXX,1,54.93303258655105,0,0,0.0,0,0,0,-9999.0,0.875,1,P4_CV0,3,2,0,1,1
5,2535011.582,720257.8531,R5_F5_m5f5_P5_Y3_UO255,R5_F5_m5f5_P5_Y1_UO493,R5_F5_m5f5_P5_Y1_UO401,MXY,1,54.93303258655105,0,0,0.0,0,0,0,-9999.0,0.75,1,P4_CV0,3,1,1,1,1
5,2535011.582,720257.8531,R5_F5_m5f5_P5_Y3_UO272,R5_F5_m5f5_P5_Y1_UO28,R5_F5_m5f5_P5_Y0_UO49,MXY,1,54.93303258655105,0,0,0.0,0,0,0,-9999.0,0.75,1,P4_CV0,3,2,0,0,2
5,2535011.582,720257.8531,R5_F5_m5f5_P5_Y3_UO273,R5_F5_m5f5_P5_Y1_UO28,R5_F5_m5f5_P5_Y0_UO49,FXX,1,54.93303258655105,0,0,0.0,0,0,0,-9999.0,0.75,1,P4_CV0,3,2,0,2,0
5,2535011.582,720257.8531,R5_F5_m5f5_P5_Y3_UO282,R5_F5_m5f5_P5_Y0_UO4,R5_F5_m5f5_P5_Y1_UO401,FXX,1,54.93303258655105,0,0,0.0,0,0,0,-9999.0,0.75,1,P4_CV0,3,2,0,1,1
5,2535011.582,720257.8531,R5_F5_m5f5_P5_Y3_UO283,R5_F5_m5f5_P5_Y0_UO4,R5_F5_m5f5_P5_Y1_UO401,MXY,1,54.93303258655105,0,0,0.0,0,0,0,-9999.0,0.75,1,P4_CV0,3,1,1,1,1
5,2535011.582,720257.8531,R5_F5_m5f5_P5_Y3_UO284,R5_F5_m5f5_P5_Y0_UO291,R5_F5_m5f5_P5_Y1_UO254,MXY,1,54.93303258655105,0,0,0.0,0,0,0,-9999.0,0.625,1,P4_CV0,3,1,1,1,1
5,2535011.582,720257.8531,R5_F5_m5f5_P5_Y3_UO346,R5_F5_m5f5_P5_Y1_UO32,R5_F5_m5f5_P5_Y1_UO254,MXY,1,54.93303258655105,0,0,0.0,0,0,0,-9999.0,0.5,1,P4_CV0,3,1,1,0,2
5,2535011.582,720257.8531,R5_F5_m5f5_P5_Y3_UO347,R5_F5_m5f5_P5_Y1_UO32,R5_F5_m5f5_P5_Y1_UO254,MXY,1,54.93303258655105,0,0,0.0,0,0,0,-9999.0,0.5,1,P4_CV0,3,0,2,1,1
5,2535011.582,720257.8531,R5_F5_m5f5_P5_Y3_UO354,R5_F5_m5f5_P5_Y1_UO219,R5_F5_m5f5_P5_Y0_UO177,MXY,1,54.93303258655105,0,0,0.0,0,0,0,-9999.0,0.375,1,P4_CV0,3,1,1,0,2
5,2535011.582,720257.8531,R5_F5_m5f5_P5_Y3_UO355,R5_F5_m5f5_P5_Y1_UO219,R5_F5_m5f5_P5_Y0_UO177,FXX,1,54.93303258655105,0,0,0.0,0,0,0,-9999.0,0.375,1,P4_CV0,3,1,1,1,1
5,2535011.582,720257.8531,R5_F5_m5f5_P5_Y3_UO359,R5_F5_m5f5_P5_Y1_UO219,R5_F5_m5f5_P5_Y0_UO177,FXX,1,54.93303258655105,0,0,0.0,0,0,0,-9999.0,0.375,1,P4_CV0,3,1,1,0,2
5,2535011.582,720257.8531,R5_F5_m5f5_P5_Y3_UO371,R5_F5_m5f5_P5_Y1_UO376,R5_F5_m-1f-1_P5_Y-1_U119,MXY,1,54.93303258655105,0,0,0.0,0,0,0,-9999.0,0.625,1,P4_CV0,3,1,1,1,1
5,2535011.582,720257.8531,R5_F5_m5f5_P5_Y3_UO372,R5_F5_m5f5_P5_Y1_UO376,R5_F5_m-1f-1_P5_Y-1_U119,MXY,1,54.93303258655105,0,0,0.0,0,0,0,-9999.0,0.625,1,P4_CV0,3,2,0,1,1
5,2535011.582,720257.8531,R5_F5_m5f5_P5_Y3_UO382,R5_F5_m5f5_P5_Y1_UO32,R5_F5_m5f5_P5_Y1_UO409,MXY,1,54.93303258655105,0,0,0.0,0,0,0,-9999.0,0.5,1,P4_CV0,3,2,0,0,2
5,2535011.582,720257.8531,R5_F5_m5f5_P5_Y3_UO383,R5_F5_m5f5_P5_Y1_UO32,R5_F5_m5f5_P5_Y1_UO409,FXX,1,54.93303258655105,0,0,0.0,0,0,0,-9999.0,0.5,1,P4_CV0,3,2,0,0,2
5,2535011.582,720257.8531,R5_F5_m5f5_P5_Y3_UO384,R5_F5_m5f5_P5_Y1_UO150,R5_F5_m3f3_P3_Y0_UO374,FXX,1,54.93303258655105,0,0,0.0,0,0,0,-9999.0,0.75,1,P4_CV0,3,1,1,1,1
5,2535011.582,720257.8531,R5_F5_m5f5_P5_Y2_UO30,R5_F5_m-1f-1_P5_Y-1_U18,R5_F5_m5f5_P5_Y0_UO714,FXX,2,78.39515123023925,1,0,3.433,0,0,0,-9999.0,0.375,1,P4_CV0,3,1,1,2,0
5,2535011.582,720257.8531,R5_F5_m5f5_P5_Y2_UO393,R5_F5_m-1f-1_P5_Y-1_U17,R5_F5_m-1f-1_P5_Y-1_U58,FXX,2,78.39515123023925,1,0,1.517,0,0,0,-9999.0,0.5,1,P4_CV0,3,1,1,2,0
5,2535011.582,720257.8531,R5_F5_m5f5_P5_Y2_UO155,RD5_F6_m-1f-1_P6_Y-1_U46,R5_F5_m-1f-1_P5_Y-1_U20,FXX,2,78.39515123023925,1,0,1.547,0,0,0,-9999.0,0.25,1,P4_CV0,3,1,1,1,1
5,2535011.582,720257.8531,R5_F5_m5f5_P5_Y2_UO448,R5_F5_m-1f-1_P5_Y-1_U114,R5_F5_m5f5_P5_Y0_UO49,FXX,2,78.39515123023925,1,0,0.0,0,0,0,-9999.0,0.25,1,P4_CV0,3,1,1,0,2
5,2535011.582,720257.8531,R5_F5_m5f5_P5_Y2_UO412,R5_F5_m5f5_P5_Y0_UO291,R5_F5_m-1f-1_P5_Y-1_U58,MXY,2,78.39515123023925,1,0,0.0,0,0,0,-9999.0,0.625,1,P4_CV0,3,2,0,1,1
5,2535011.582,720257.8531,R5_F5_m5f5_P5_Y2_UO410,R5_F5_m5f5_P5_Y0_UO53,R5_F5_m3f3_P3_Y0_UO374,FXX,2,78.39515123023925,1,0,0.0,0,0,0,-9999.0,0.625,1,P4_CV0,3,1,1,1,1
5,2535011.582,720257.8531,R5_F5_m5f5_P5_Y2_UO446,R5_F5_m-1f-1_P5_Y-1_U114,R5_F5_m5f5_P5_Y0_UO49,MXY,2,78.39515123023925,1,0,0.0,0,0,0,-9999.0,0.25,1,P4_CV0,3,0,2,0,2
5,2535011.582,720257.8531,R5_F5_m5f5_P5_Y2_UO189,I5_F7_m-1f-1_P5_Y-1_U127,I5_F7_m-1f-1_P5_Y-1_U103,FXX,2,78.39515123023925,1,0,0.0,0,0,0,-9999.0,0.5,1,P4_CV0,3,1,1,1,1
5,2535011.582,720257.8531,R5_F5_m5f5_P5_Y2_UO154,RD5_F6_m-1f-1_P6_Y-1_U46,R5_F5_m-1f-1_P5_Y-1_U20,FXX,2,78.39515123023925,1,0,2.481,0,0,0,-9999.0,0.25,1,P4_CV0,3,1,1,1,1
5,2535011.582,720257.8531,R5_F5_m5f5_P5_Y2_UO312,R5_F5_m5f5_P5_Y0_UO171,R5_F5_m5f5_P5_Y0_UO177,MXY,2,78.39515123023925,1,0,0.0,0,0,0,-9999.0,0.375,1,P4_CV0,3,2,0,1,1
5,2535011.582,720257.8531,R5_F5_m5f5_P5_Y2_UO313,R5_F5_m5f5_P5_Y0_UO171,R5_F5_m5f5_P5_Y0_UO177,MXY,2,78.39515123023925,1,0,0.0,0,0,0,-9999.0,0.375,1,P4_CV0,3,2,0,1,1
5,2535011.582,720257.8531,R5_F5_m5f5_P5_Y2_UO396,R5_F5_m5f5_P5_Y0_UO53,R5_F5_m5f5_P5_Y0_UO714,MXY,2,78.39515123023925,1,0,0.0,0,0,0,-9999.0,0.375,1,P4_CV0,3,1,1,1,1
5,2535011.582,720257.8531,R5_F5_m5f5_P5_Y2_UO450,R5_F5_m-1f-1_P5_Y-1_U114,R5_F5_m5f5_P5_Y0_UO49,FXX,2,78.39515123023925,1,0,1.378,0,0,0,-9999.0,0.25,1,P4_CV0,3,0,2,1,1
5,2535011.582,720257.8531,R5_F5_m5f5_P5_Y2_UO311,R5_F5_m5f5_P5_Y0_UO171,R5_F5_m5f5_P5_Y0_UO177,MXY,2,78.39515123023925,1,0,0.0,0,0,0,-9999.0,0.375,1,P4_CV0,3,2,0,1,1
5,2535011.582,720257.8531,R5_F5_m5f5_P5_Y2_UO449,R5_F5_m-1f-1_P5_Y-1_U114,R5_F5_m5f5_P5_Y0_UO49,FXX,2,78.39515123023925,1,0,1.0,0,0,0,-9999.0,0.25,1,P4_CV0,3,1,1,1,1
5,2535011.582,720257.8531,I5_F7_m5f5_P5_Y2_UO92,R5_F5_m-1f-1_P5_Y-1_U79,R5_F5_m5f5_P5_Y0_UO186,FXX,2,78.41644146531688,1,0,2.181,0,0,0,-9999.0,0.375,1,P4_CV0,3,2,0,0,2
5,2535011.582,720257.8531,R5_F5_m5f5_P5_Y1_UO224,R5_F5_m-1f-1_P5_Y-1_U25,R5_F5_m-1f-1_P5_Y-1_U2,MXY,3,93.86656238683832,1,0,0.0,0,0,0,-9999.0,1.0,1,P4_CV0,3,2,0,0,2
5,2535011.582,720257.8531,R5_F5_m5f5_P5_Y1_UO327,R5_F5_m-1f-1_P5_Y-1_U67,R5_F5_m-1f-1_P5_Y-1_U58,FXX,3,93.86656238683832,1,0,0.0,0,0,0,-9999.0,0.5,1,P4_CV0,3,0,2,0,2
5,2535011.582,720257.8531,R5_F5_m5f5_P5_Y1_UO32,R5_F5_m-1f-1_P5_Y-1_U125,R5_F5_m-1f-1_P5_Y-1_U103,FXX,3,93.86656238683832,1,0,0.0,0,0,0,-9999.0,0.5,1,P4_CV0,3,1,1,1,1
5,2535011.582,720257.8531,R5_F5_m5f5_P5_Y1_UO409,R5_F5_m-1f-1_P5_Y-1_U110,R5_F5_m-1f-1_P5_Y-1_U105,MXY,3,93.86656238683832,1,0,0.0,0,0,0,-9999.0,0.5,1,P4_CV0,3,2,0,0,2
5,2535011.582,720257.8531,R5_F5_m5f5_P5_Y1_UO509,R5_F5_m-1f-1_P5_Y-1_U110,R5_F5_m-1f-1_P5_Y-1_U85,MXY,3,93.86656238683832,1,0,0.0,0,0,0,-9999.0,0.25,1,P4_CV0,3,1,1,2,0
5,2535011.582,720257.8531,R5_F5_m5f5_P5_Y1_UO314,R5_F5_m-1f-1_P5_Y-1_U90,R5_F5_m-1f-1_P5_Y-1_U16,MXY,3,93.86656238683832,1,0,0.0,0,0,0,-9999.0,0.5,1,P4_CV0,3,2,0,2,0
5,2535011.582,720257.8531,R5_F5_m5f5_P5_Y1_UO493,R5_F5_m-1f-1_P5_Y-1_U64,R5_F5_m-1f-1_P5_Y-1_U106,FXX,3,93.86656238683832,1,0,1.2,0,0,0,-9999.0,0.75,1,P4_CV0,3,1,1,0,2
5,2535011.582,720257.8531,R5_F5_m5f5_P5_Y1_UO28,R5_F5_m-1f-1_P5_Y-1_U74,R5_F5_m-1f-1_P5_Y-1_U106,FXX,3,93.86656238683832,1,0,0.0,0,0,0,-9999.0,1.0,1,P4_CV0,3,2,0,1,1
5,2535011.582,720257.8531,R5_F5_m5f5_P5_Y1_UO202,R5_F5_m-1f-1_P5_Y-1_U25,I5_F7_m-1f-1_P5_Y-1_U99,FXX,3,93.86656238683832,1,0,2.248,0,0,0,-9999.0,1.0,1,P4_CV0,3,2,0,2,0
5,2535011.582,720257.8531,R5_F5_m5f5_P5_Y1_UO375,R5_F5_m-1f-1_P5_Y-1_U24,R5_F5_m-1f-1_P5_Y-1_U75,FXX,3,93.86656238683832,1,0,0.0,0,0,0,-9999.0,0.75,1,P4_CV0,3,1,1,2,0
5,2535011.582,720257.8531,R5_F5_m5f5_P5_Y1_UO157,R5_F5_m-1f-1_P5_Y-1_U52,R5_F5_m-1f-1_P5_Y-1_U82,FXX,3,93.86656238683832,1,0,2.654,0,0,0,-9999.0,0.75,1,P4_CV0,3,2,0,1,1
5,2535011.582,720257.8531,R5_F5_m5f5_P5_Y1_UO230,R5_F5_m-1f-1_P5_Y-1_U132,R5_F5_m-1f-1_P5_Y-1_U61,MXY,3,93.86656238683832,1,0,0.0,0,0,0,-9999.0,0.75,1,P4_CV0,3,0,2,1,1
5,2535011.582,720257.8531,R5_F5_m5f5_P5_Y1_UO500,R5_F5_m-1f-1_P5_Y-1_U95,R5_F5_m-1f-1_P5_Y-1_U124,MXY,3,93.86656238683832,1,0,0.0,0,0,0,-9999.0,0.0,1,P4_CV0,3,2,0,0,2
5,2535011.582,720257.8531,R5_F5_m5f5_P5_Y1_UO492,R5_F5_m-1f-1_P5_Y-1_U64,R5_F5_m-1f-1_P5_Y-1_U106,MXY,3,93.86656238683832,1,0,0.0,0,0,0,-9999.0,0.75,1,P4_CV0,3,2,0,0,2
5,2535011.582,720257.8531,R5_F5_m5f5_P5_Y1_UO401,R5_F5_m-1f-1_P5_Y-1_U19,R5_F5_m-1f-1_P5_Y-1_U98,MXY,3,93.86656238683832,1,0,0.0,0,0,0,-9999.0,0.75,1,P4_CV0,3,1,1,1,1
5,2535011.582,720257.8531,R5_F5_m5f5_P5_Y1_UO219,R5_F5_m-1f-1_P5_Y-1_U43,R5_F5_m-1f-1_P5_Y-1_U118,FXX,3,93.86656238683832,1,0,1.672,0,0,0,-9999.0,0.75,1,P4_CV0,3,1,1,0,2
5,2535011.582,720257.8531,I5_F7_m5f5_P5_Y1_UO130,R5_F5_m-1f-1_P5_Y-1_U53,R5_F5_m-1f-1_P5_Y-1_U55,MXY,3,93.88614053749758,1,0,0.0,0,0,0,-9999.0,0.5,1,P4_CV0,3,1,1,1,1
5,2535011.582,720257.8531,R5_F5_m5f5_P5_Y0_UO535,R5_F5_m-1f-1_P5_Y-1_U57,R5_F5_m-1f-1_P5_Y-1_U2,MXY,4,108.77377470946368,1,0,0.0,0,0,0,-9999.0,1.0,1,P4_CV0,3,1,1,0,2
5,2535011.582,720257.8531,R5_F5_m5f5_P5_Y0_UO0,R5_F5_m-1f-1_P5_Y-1_U138,R5_F5_m-1f-1_P5_Y-1_U2,FXX,4,108.77377470946368,1,0,1.476,0,0,0,-9999.0,0.75,1,P4_CV0,3,1,1,1,1
5,2535011.582,720257.8531,R5_F5_m5f5_P5_Y0_UO545,R5_F5_m-1f-1_P5_Y-1_U14,R5_F5_m-1f-1_P5_Y-1_U22,MXY,4,108.77377470946368,1,0,0.0,0,0,0,-9999.0,0.5,1,P4_CV0,3,1,1,1,1
5,2535011.582,720257.8531,R5_F5_m5f5_P5_Y0_UO291,R5_F5_m-1f-1_P5_Y-1_U62,R5_F5_m-1f-1_P5_Y-1_U59,FXX,4,108.77377470946368,1,0,1.0,0,0,0,-9999.0,0.75,1,P4_CV0,3,1,1,0,2
5,2535011.582,720257.8531,R5_F5_m-1f-1_P5_Y-1_U79,-9999,-9999,FXX,5,124.70648180174157,1,0,0.0,0,0,0,-9999.0,0.5,1,P4_CV0,3,1,1,0,2
5,2535011.582,720257.8531,R5_F5_m-1f-1_P5_Y-1_U119,-9999,-9999,MXY,5,124.70648180174157,1,0,0.0,0,0,0,-9999.0,0.5,1,P4_CV0,3,1,1,1,1
5,2535011.582,720257.8531,R5_F5_m5f5_P5_Y3_UO99,R5_F5_m-1f-1_P6_Y-1_U46,R5_F5_m-1f-1_P3_Y-1_U0,MXY,1,54.93303258655105,0,0,0.0,0,0,0,-9999.0,0.5,1,P5_CV0,3,2,0,2,0
5,2535011.582,720257.8531,R5_F5_m5f5_P5_Y3_UO100,R5_F5_m-1f-1_P6_Y-1_U46,R5_F5_m-1f-1_P3_Y-1_U0,FXX,1,54.93303258655105,0,0,0.0,0,0,0,-9999.0,0.5,1,P5_CV0,3,1,1,2,0
5,2535011.582,720257.8531,R5_F5_m5f5_P5_Y3_UO101,R5_F5_m-1f-1_P6_Y-1_U46,R5_F5_m-1f-1_P3_Y-1_U0,FXX,1,54.93303258655105,0,0,0.0,0,0,0,-9999.0,0.5,1,P5_CV0,3,1,1,2,0
5,2535011.582,720257.8531,R5_F5_m5f5_P5_Y3_UO132,R5_F5_m5f5_P5_Y0_UO4,RD5_F6_m6f6_P6_Y0_UO371,MXY,1,54.93303258655105,0,0,0.0,0,0,0,-9999.0,0.75,1,P5_CV0,3,1,1,0,2
5,2535011.582,720257.8531,R5_F5_m5f5_P5_Y2_UO270,R5_F5_m-1f-1_P6_Y-1_U125,R5_F5_m-1f-1_P5_Y-1_U131,MXY,2,78.39515123023925,1,0,0.0,0,0,0,-9999.0,0.75,1,P5_CV0,3,2,0,0,2
5,2535011.582,720257.8531,R5_F5_m5f5_P5_Y2_UO495,RD5_F6_m-1f-1_P6_Y-1_U46,R5_F5_m-1f-1_P5_Y-1_U140,MXY,2,78.39515123023925,1,0,0.0,0,0,0,-9999.0,0.25,1,P5_CV0,3,0,2,2,0
5,2535011.582,720257.8531,R5_F5_m5f5_P5_Y2_UO156,RD5_F6_m-1f-1_P6_Y-1_U46,R5_F5_m-1f-1_P5_Y-1_U20,MXY,2,78.39515123023925,1,0,0.0,0,0,0,-9999.0,0.25,1,P5_CV0,3,1,1,1,1
6,2545325.475,726552.0418,RD6_F1_m1f1_P1_Y1_UO30,R1_F1_m-1f-1_P1_Y-1_U133,R1_F1_m-1f-1_P1_Y-1_U30,FXX,3,96.5785429284009,1,0,1.012,0,0,0,-9999.0,0.0,1,P0_CV0,3,2,0,2,0
6,2545325.475,726552.0418,R6_F6_m6f6_P6_Y3_UO8,R6_F6_m6f6_P6_Y1_UO497,R6_F6_m6f6_P6_Y0_UO778,MXY,1,54.34603215307084,0,0,0.0,0,0,0,-9999.0,0.25,1,P5_CV0,3,1,1,1,1
6,2545325.475,726552.0418,R6_F6_m6f6_P6_Y3_UO9,R6_F6_m6f6_P6_Y1_UO497,R6_F6_m6f6_P6_Y0_UO778,FXX,1,54.34603215307084,0,0,0.0,0,0,0,-9999.0,0.25,1,P5_CV0,3,1,1,0,2
6,2545325.475,726552.0418,R6_F6_m6f6_P6_Y3_UO54,R6_F6_m6f6_P6_Y1_UO62,R6_F6_m6f6_P6_Y0_UO747,MXY,1,54.34603215307084,0,0,0.0,0,0,0,-9999.0,0.75,1,P5_CV0,3,1,1,2,0
6,2545325.475,726552.0418,R6_F6_m6f6_P6_Y3_UO55,R6_F6_m6f6_P6_Y1_UO62,R6_F6_m6f6_P6_Y0_UO747,FXX,1,54.34603215307084,0,0,0.0,0,0,0,-9999.0,0.75,1,P5_CV0,3,2,0,2,0
6,2545325.475,726552.0418,R6_F6_m6f6_P6_Y3_UO56,R6_F6_m6f6_P6_Y1_UO62,R6_F6_m6f6_P6_Y0_UO747,MXY,1,54.34603215307084,0,0,0.0,0,0,0,-9999.0,0.75,1,P5_CV0,3,1,1,2,0
6,2545325.475,726552.0418,R6_F6_m6f6_P6_Y3_UO57,R6_F6_m6f6_P6_Y1_UO62,R6_F6_m6f6_P6_Y0_UO747,FXX,1,54.34603215307084,0,0,0.0,0,0,0,-9999.0,0.75,1,P5_CV0,3,1,1,2,0
6,2545325.475,726552.0418,R6_F6_m6f6_P6_Y3_UO58,R6_F6_m6f6_P6_Y1_UO62,R6_F6_m6f6_P6_Y0_UO747,MXY,1,54.34603215307084,0,0,0.0,0,0,0,-9999.0,0.75,1,P5_CV0,3,2,0,1,1
6,2545325.475,726552.0418,R6_F6_m6f6_P6_Y3_UO64,R6_F6_m-1f-1_P6_Y-1_U113,R6_F6_m-1f-1_P6_Y-1_U139,FXX,1,54.34603215307084,0,0,0.0,0,0,0,-9999.0,0.5,1,P5_CV0,3,2,0,2,0
6,2545325.475,726552.0418,R6_F6_m6f6_P6_Y3_UO65,R6_F6_m-1f-1_P6_Y-1_U113,R6_F6_m-1f-1_P6_Y-1_U139,MXY,1,54.34603215307084,0,0,0.0,0,0,0,-9999.0,0.5,1,P5_CV0,3,1,1,0,2
6,2545325.475,726552.0418,R6_F6_m6f6_P6_Y3_UO66,R6_F6_m-1f-1_P6_Y-1_U113,R6_F6_m-1f-1_P6_Y-1_U139,MXY,1,54.34603215307084,0,0,0.0,0,0,0,-9999.0,0.5,1,P5_CV0,3,1,1,1,1
6,2545325.475,726552.0418,R6_F6_m6f6_P6_Y3_UO67,R6_F6_m-1f-1_P6_Y-1_U113,R6_F6_m-1f-1_P6_Y-1_U139,MXY,1,54.34603215307084,0,0,0.0,0,0,0,-9999.0,0.5,1,P5_CV0,3,2,0,2,0
6,2545325.475,726552.0418,R6_F6_m6f6_P6_Y3_UO68,R6_F6_m-1f-1_P6_Y-1_U113,R6_F6_m-1f-1_P6_Y-1_U139,MXY,1,54.34603215307084,0,0,0.0,0,0,0,-9999.0,0.5,1,P5_CV0,3,1,1,1,1
6,2545325.475,726552.0418,R6_F6_m6f6_P6_Y3_UO69,R6_F6_m-1f-1_P6_Y-1_U113,R6_F6_m-1f-1_P6_Y-1_U139,FXX,1,54.34603215307084,0,0,0.0,0,0,0,-9999.0,0.5,1,P5_CV0,3,1,1,1,1
6,2545325.475,726552.0418,R6_F6_m6f6_P6_Y3_UO70,R6_F6_m-1f-1_P6_Y-1_U113,R6_F6_m-1f-1_P6_Y-1_U139,MXY,1,54.34603215307084,0,0,0.0,0,0,0,-9999.0,0.5,1,P5_CV0,3,2,0,0,2
6,2545325.475,726552.0418,R6_F6_m6f6_P6_Y3_UO75,R6_F6_m6f6_P6_Y1_UO497,R6_F6_m6f6_P6_Y1_UO358,FXX,1,54.34603215307084,0,0,0.0,0,0,0,-9999.0,0.5,1,P5_CV0,3,2,0,2,0
6,2545325.475,726552.0418,R6_F6_m6f6_P6_Y3_UO76,R6_F6_m6f6_P6_Y1_UO497,R6_F6_m6f6_P6_Y1_UO358,FXX,1,54.34603215307084,0,0,0.0,0,0,0,-9999.0,0.5,1,P5_CV0,3,2,0,2,0
6,2545325.475,726552.0418,R6_F6_m6f6_P6_Y3_UO77,R6_F6_m6f6_P6_Y1_UO497,R6_F6_m6f6_P6_Y1_UO358,FXX,1,54.34603215307084,0,0,0.0,0,0,0,-9999.0,0.5,1,P5_CV0,3,2,0,2,0
6,2545325.475,726552.0418,R6_F6_m6f6_P6_Y3_UO92,R6_F6_m6f6_P6_Y0_UO524,R6_F6_m6f6_P6_Y1_UO481,FXX,1,54.34603215307084,0,0,0.0,0,0,0,-9999.0,0.75,1,P5_CV0,3,1,1,2,0
6,2545325.475,726552.0418,R6_F6_m6f6_P6_Y3_UO93,R6_F6_m6f6_P6_Y0_UO524,R6_F6_m6f6_P6_Y1_UO481,FXX,1,54.34603215307084,0,0,0.0,0,0,0,-9999.0,0.75,1,P5_CV0,3,0,2,1,1
6,2545325.475,726552.0418,R6_F6_m6f6_P6_Y3_UO94,R6_F6_m6f6_P6_Y0_UO524,R6_F6_m6f6_P6_Y1_UO481,FXX,1,54.34603215307084,0,0,0.0,0,0,0,-9999.0,0.75,1,P5_CV0,3,0,2,2,0
6,2545325.475,726552.0418,R6_F6_m6f6_P6_Y3_UO95,R6_F6_m6f6_P6_Y0_UO524,R6_F6_m6f6_P6_Y1_UO481,MXY,1,54.34603215307084,0,0,0.0,0,0,0,-9999.0,0.75,1,P5_CV0,3,0,2,1,1
6,2545325.475,726552.0418,R6_F6_m6f6_P6_Y3_UO96,R6_F6_m6f6_P6_Y0_UO772,R6_F6_m6f6_P6_Y1_UO373,MXY,1,54.34603215307084,0,0,0.0,0,0,0,-9999.0,0.75,1,P5_CV0,3,1,1,1,1
6,2545325.475,726552.0418,R6_F6_m6f6_P6_Y3_UO97,R6_F6_m6f6_P6_Y0_UO772,R6_F6_m6f6_P6_Y1_UO373,FXX,1,54.34603215307084,0,0,0.0,0,0,0,-9999.0,0.75,1,P5_CV0,3,2,0,0,2
6,2545325.475,726552.0418,R6_F6_m6f6_P6_Y3_UO103,R6_F6_m6f6_P6_Y1_UO444,R6_F6_m6f6_P6_Y1_UO122,MXY,1,54.34603215307084,0,0,0.0,0,0,0,-9999.0,0.75,1,P5_CV0,3,2,0,1,1
6,2545325.475,726552.0418,R6_F6_m6f6_P6_Y3_UO104,R6_F6_m6f6_P6_Y1_UO444,R6_F6_m6f6_P6_Y1_UO122,MXY,1,54.34603215307084,0,0,0.0,0,0,0,-9999.0,0.75,1,P5_CV0,3,1,1,2,0
6,2545325.475,726552.0418,R6_F6_m6f6_P6_Y3_UO105,R6_F6_m6f6_P6_Y0_UO526,R6_F6_m6f6_P6_Y0_UO769,MXY,1,54.34603215307084,0,0,0.0,0,0,0,-9999.0,0.375,1,P5_CV0,3,1,1,0,2
6,2545325.475,726552.0418,R6_F6_m6f6_P6_Y3_UO106,R6_F6_m6f6_P6_Y0_UO526,R6_F6_m6f6_P6_Y0_UO769,MXY,1,54.34603215307084,0,0,0.0,0,0,0,-9999.0,0.375,1,P5_CV0,3,0,2,0,2
6,2545325.475,726552.0418,R6_F6_m6f6_P6_Y3_UO107,R6_F6_m6f6_P6_Y0_UO526,R6_F6_m6f6_P6_Y0_UO769,FXX,1,54.34603215307084,0,0,0.0,0,0,0,-9999.0,0.375,1,P5_CV0,3,0,2,0,2
6,2545325.475,726552.0418,R6_F6_m6f6_P6_Y3_UO108,R6_F6_m6f6_P6_Y0_UO526,R6_F6_m6f6_P6_Y0_UO769,MXY,1,54.34603215307084,0,0,0.0,0,0,0,-9999.0,0.375,1,P5_CV0,3,1,1,0,2
6,2545325.475,726552.0418,R6_F6_m6f6_P6_Y3_UO125,R6_F6_m-1f-1_P6_Y-1_U84,R6_F6_m6f6_P6_Y1_UO414,MXY,1,54.34603215307084,0,0,0.0,0,0,0,-9999.0,0.625,1,P5_CV0,3,1,1,2,0
6,2545325.475,726552.0418,R6_F6_m6f6_P6_Y3_UO126,R6_F6_m-1f-1_P6_Y-1_U84,R6_F6_m6f6_P6_Y1_UO414,MXY,1,54.34603215307084,0,0,0.0,0,0,0,-9999.0,0.625,1,P5_CV0,3,2,0,1,1
6,2545325.475,726552.0418,R6_F6_m6f6_P6_Y3_UO127,R6_F6_m-1f-1_P6_Y-1_U84,R6_F6_m6f6_P6_Y1_UO414,FXX,1,54.34603215307084,0,0,0.0,0,0,0,-9999.0,0.625,1,P5_CV0,3,2,0,2,0
6,2545325.475,726552.0418,R6_F6_m6f6_P6_Y3_UO128,R6_F6_m-1f-1_P6_Y-1_U84,R6_F6_m6f6_P6_Y1_UO414,MXY,1,54.34603215307084,0,0,0.0,0,0,0,-9999.0,0.625,1,P5_CV0,3,2,0,0,2
6,2545325.475,726552.0418,R6_F6_m6f6_P6_Y3_UO129,R6_F6_m-1f-1_P6_Y-1_U84,R6_F6_m6f6_P6_Y1_UO414,FXX,1,54.34603215307084,0,0,0.0,0,0,0,-9999.0,0.625,1,P5_CV0,3,1,1,1,1
6,2545325.475,726552.0418,R6_F6_m6f6_P6_Y3_UO130,R6_F6_m-1f-1_P6_Y-1_U84,R6_F6_m6f6_P6_Y1_UO414,FXX,1,54.34603215307084,0,0,0.0,0,0,0,-9999.0,0.625,1,P5_CV0,3,2,0,1,1
6,2545325.475,726552.0418,R6_F6_m6f6_P6_Y3_UO131,R6_F6_m-1f-1_P6_Y-1_U84,R6_F6_m6f6_P6_Y1_UO414,MXY,1,54.34603215307084,0,0,0.0,0,0,0,-9999.0,0.625,1,P5_CV0,3,1,1,0,2
6,2545325.475,726552.0418,R6_F6_m6f6_P6_Y3_UO140,R6_F6_m6f6_P6_Y1_UO497,R6_F6_m6f6_P6_Y1_UO571,FXX,1,54.34603215307084,0,0,0.0,0,0,0,-9999.0,0.5,1,P5_CV0,3,2,0,1,1
6,2545325.475,726552.0418,R6_F6_m6f6_P6_Y3_UO141,R6_F6_m6f6_P6_Y1_UO497,R6_F6_m6f6_P6_Y1_UO571,FXX,1,54.34603215307084,0,0,0.0,0,0,0,-9999.0,0.5,1,P5_CV0,3,1,1,2,0
6,2545325.475,726552.0418,R6_F6_m6f6_P6_Y3_UO142,R6_F6_m6f6_P6_Y1_UO497,R6_F6_m6f6_P6_Y1_UO571,FXX,1,54.34603215307084,0,0,0.0,0,0,0,-9999.0,0.5,1,P5_CV0,3,1,1,2,0
6,2545325.475,726552.0418,R6_F6_m6f6_P6_Y3_UO143,R6_F6_m6f6_P6_Y1_UO497,R6_F6_m6f6_P6_Y1_UO571,MXY,1,54.34603215307084,0,0,0.0,0,0,0,-9999.0,0.5,1,P5_CV0,3,2,0,1,1
6,2545325.475,726552.0418,R6_F6_m6f6_P6_Y3_UO146,R6_F6_m6f6_P6_Y0_UO772,R6_F6_m6f6_P6_Y1_UO459,FXX,1,54.34603215307084,0,0,0.0,0,0,0,-9999.0,0.75,1,P5_CV0,3,2,0,1,1
6,2545325.475,726552.0418,R6_F6_m6f6_P6_Y3_UO147,R6_F6_m-1f-1_P6_Y-1_U113,R6_F6_m6f6_P6_Y1_UO414,FXX,1,54.34603215307084,0,0,0.0,0,0,0,-9999.0,0.625,1,P5_CV0,3,1,1,1,1
6,2545325.475,726552.0418,R6_F6_m6f6_P6_Y3_UO148,R6_F6_m-1f-1_P6_Y-1_U113,R6_F6_m6f6_P6_Y1_UO414,MXY,1,54.34603215307084,0,0,0.0,0,0,0,-9999.0,0.625,1,P5_CV0,3,2,0,2,0
6,2545325.475,726552.0418,R6_F6_m6f6_P6_Y3_UO149,R6_F6_m-1f-1_P6_Y-1_U113,R6_F6_m6f6_P6_Y1_UO414,MXY,1,54.34603215307084,0,0,0.0,0,0,0,-9999.0,0.625,1,P5_CV0,3,0,2,1,1
6,2545325.475,726552.0418,R6_F6_m6f6_P6_Y3_UO150,R6_F6_m-1f-1_P6_Y-1_U113,R6_F6_m6f6_P6_Y1_UO414,MXY,1,54.34603215307084,0,0,0.0,0,0,0,-9999.0,0.625,1,P5_CV0,3,0,2,1,1
6,2545325.475,726552.0418,R6_F6_m6f6_P6_Y3_UO151,R6_F6_m-1f-1_P6_Y-1_U113,R6_F6_m6f6_P6_Y1_UO414,MXY,1,54.34603215307084,0,0,0.0,0,0,0,-9999.0,0.625,1,P5_CV0,3,2,0,2,0
6,2545325.475,726552.0418,R6_F6_m6f6_P6_Y3_UO152,R6_F6_m-1f-1_P6_Y-1_U113,R6_F6_m6f6_P6_Y1_UO414,FXX,1,54.34603215307084,0,0,0.0,0,0,0,-9999.0,0.625,1,P5_CV0,3,1,1,1,1
6,2545325.475,726552.0418,R6_F6_m6f6_P6_Y3_UO153,R6_F6_m-1f-1_P6_Y-1_U113,R6_F6_m6f6_P6_Y1_UO414,FXX,1,54.34603215307084,0,0,0.0,0,0,0,-9999.0,0.625,1,P5_CV0,3,1,1,0,2
6,2545325.475,726552.0418,R6_F6_m6f6_P6_Y3_UO161,R6_F6_m6f6_P6_Y0_UO773,R6_F6_m6f6_P6_Y1_UO42,MXY,1,54.34603215307084,0,0,0.0,0,0,0,-9999.0,0.375,1,P5_CV0,3,1,1,0,2
6,2545325.475,726552.0418,R6_F6_m6f6_P6_Y3_UO162,R6_F6_m6f6_P6_Y0_UO773,R6_F6_m6f6_P6_Y1_UO42,MXY,1,54.34603215307084,0,0,0.0,0,0,0,-9999.0,0.375,1,P5_CV0,3,1,1,0,2
6,2545325.475,726552.0418,R6_F6_m6f6_P6_Y3_UO163,R6_F6_m-1f-1_P6_Y-1_U97,R6_F6_m6f6_P6_Y1_UO250,MXY,1,54.34603215307084,0,0,0.0,0,0,0,-9999.0,0.75,1,P5_CV0,3,1,1,1,1
6,2545325.475,726552.0418,R6_F6_m6f6_P6_Y3_UO164,R6_F6_m-1f-1_P6_Y-1_U97,R6_F6_m6f6_P6_Y1_UO250,FXX,1,54.34603215307084,0,0,0.0,0,0,0,-9999.0,0.75,1,P5_CV0,3,1,1,0,2
6,2545325.475,726552.0418,R6_F6_m6f6_P6_Y3_UO165,R6_F6_m-1f-1_P6_Y-1_U97,R6_F6_m6f6_P6_Y1_UO250,FXX,1,54.34603215307084,0,0,0.0,0,0,0,-9999.0,0.75,1,P5_CV0,3,1,1,1,1
6,2545325.475,726552.0418,R6_F6_m6f6_P6_Y3_UO166,R6_F6_m-1f-1_P6_Y-1_U97,R6_F6_m6f6_P6_Y1_UO250,MXY,1,54.34603215307084,0,0,0.0,0,0,0,-9999.0,0.75,1,P5_CV0,3,1,1,1,1
6,2545325.475,726552.0418,R6_F6_m6f6_P6_Y3_UO167,R6_F6_m-1f-1_P6_Y-1_U97,R6_F6_m6f6_P6_Y1_UO250,FXX,1,54.34603215307084,0,0,0.0,0,0,0,-9999.0,0.75,1,P5_CV0,3,1,1,1,1
6,2545325.475,726552.0418,R6_F6_m6f6_P6_Y3_UO266,I6_F7_m6f6_P6_Y0_UO333,R6_F6_m6f6_P6_Y1_UO373,FXX,1,54.34603215307084,0,0,0.0,0,0,0,-9999.0,0.75,1,P5_CV0,3,0,2,2,0
6,2545325.475,726552.0418,R6_F6_m6f6_P6_Y3_UO267,I6_F7_m6f6_P6_Y0_UO333,R6_F6_m6f6_P6_Y1_UO373,FXX,1,54.34603215307084,0,0,0.0,0,0,0,-9999.0,0.75,1,P5_CV0,3,1,1,2,0
6,2545325.475,726552.0418,R6_F6_m6f6_P6_Y3_UO268,I6_F7_m6f6_P6_Y0_UO333,R6_F6_m6f6_P6_Y1_UO373,FXX,1,54.34603215307084,0,0,0.0,0,0,0,-9999.0,0.75,1,P5_CV0,3,1,1,2,0
6,2545325.475,726552.0418,R6_F6_m6f6_P6_Y3_UO269,I6_F7_m6f6_P6_Y0_UO333,R6_F6_m6f6_P6_Y1_UO373,MXY,1,54.34603215307084,0,0,0.0,0,0,0,-9999.0,0.75,1,P5_CV0,3,1,1,1,1
6,2545325.475,726552.0418,R6_F6_m6f6_P6_Y3_UO270,I6_F7_m6f6_P6_Y0_UO333,R6_F6_m6f6_P6_Y1_UO373,MXY,1,54.34603215307084,0,0,0.0,0,0,0,-9999.0,0.75,1,P5_CV0,3,0,2,1,1
6,2545325.475,726552.0418,R6_F6_m6f6_P6_Y3_UO274,R6_F6_m6f6_P6_Y0_UO773,R6_F6_m6f6_P6_Y1_UO250,MXY,1,54.34603215307084,0,0,0.0,0,0,0,-9999.0,0.25,1,P5_CV0,3,1,1,1,1
6,2545325.475,726552.0418,R6_F6_m6f6_P6_Y3_UO324,R6_F6_m6f6_P6_Y1_UO24,R6_F6_m6f6_P6_Y1_UO250,MXY,1,54.34603215307084,0,0,0.0,0,0,0,-9999.0,0.5,1,P5_CV0,3,0,2,2,0
6,2545325.475,726552.0418,R6_F6_m6f6_P6_Y3_UO325,R6_F6_m6f6_P6_Y1_UO24,R6_F6_m6f6_P6_Y1_UO250,MXY,1,54.34603215307084,0,0,0.0,0,0,0,-9999.0,0.5,1,P5_CV0,3,1,1,1,1
6,2545325.475,726552.0418,R6_F6_m6f6_P6_Y3_UO326,R6_F6_m6f6_P6_Y1_UO24,R6_F6_m6f6_P6_Y1_UO250,FXX,1,54.34603215307084,0,0,0.0,0,0,0,-9999.0,0.5,1,P5_CV0,3,0,2,1,1
6,2545325.475,726552.0418,R6_F6_m6f6_P6_Y3_UO327,R6_F6_m6f6_P6_Y1_UO24,R6_F6_m6f6_P6_Y1_UO250,FXX,1,54.34603215307084,0,0,0.0,0,0,0,-9999.0,0.5,1,P5_CV0,3,1,1,0,2
6,2545325.475,726552.0418,R6_F6_m6f6_P6_Y3_UO335,R6_F6_m6f6_P6_Y0_UO405,R6_F6_m-1f-1_P6_Y-1_U139,FXX,1,54.34603215307084,0,0,0.0,0,0,0,-9999.0,0.75,1,P5_CV0,3,0,2,2,0
6,2545325.475,726552.0418,R6_F6_m6f6_P6_Y3_UO336,R6_F6_m6f6_P6_Y0_UO405,R6_F6_m-1f-1_P6_Y-1_U139,FXX,1,54.34603215307084,0,0,0.0,0,0,0,-9999.0,0.75,1,P5_CV0,3,1,1,1,1
6,2545325.475,726552.0418,R6_F6_m6f6_P6_Y3_UO337,R6_F6_m6f6_P6_Y0_UO405,R6_F6_m-1f-1_P6_Y-1_U139,FXX,1,54.34603215307084,0,0,0.0,0,0,0,-9999.0,0.75,1,P5_CV0,3,0,2,1,1
6,2545325.475,726552.0418,R6_F6_m6f6_P6_Y3_UO351,I6_F7_m6f6_P6_Y0_UO333,R6_F6_m6f6_P6_Y1_UO42,FXX,1,54.34603215307084,0,0,0.0,0,0,0,-9999.0,0.75,1,P5_CV0,3,0,2,1,1
6,2545325.475,726552.0418,R6_F6_m6f6_P6_Y3_UO352,I6_F7_m6f6_P6_Y0_UO333,R6_F6_m6f6_P6_Y1_UO42,FXX,1,54.34603215307084,0,0,0.0,0,0,0,-9999.0,0.75,1,P5_CV0,3,2,0,1,1
6,2545325.475,726552.0418,R6_F6_m6f6_P6_Y3_UO353,I6_F7_m6f6_P6_Y0_UO333,R6_F6_m6f6_P6_Y1_UO42,MXY,1,54.34603215307084,0,0,0.0,0,0,0,-9999.0,0.75,1,P5_CV0,3,1,1,1,1
6,2545325.475,726552.0418,R6_F6_m6f6_P6_Y3_UO373,R6_F6_m-1f-1_P6_Y-1_U113,R6_F6_m6f6_P6_Y1_UO250,MXY,1,54.34603215307084,0,0,0.0,0,0,0,-9999.0,0.5,1,P5_CV0,3,1,1,0,2
6,2545325.475,726552.0418,R6_F6_m6f6_P6_Y3_UO374,R6_F6_m-1f-1_P6_Y-1_U113,R6_F6_m6f6_P6_Y1_UO250,MXY,1,54.34603215307084,0,0,0.0,0,0,0,-9999.0,0.5,1,P5_CV0,3,1,1,1,1
6,2545325.475,726552.0418,R6_F6_m6f6_P6_Y3_UO375,R6_F6_m-1f-1_P6_Y-1_U113,R6_F6_m6f6_P6_Y1_UO250,FXX,1,54.34603215307084,0,0,0.0,0,0,0,-9999.0,0.5,1,P5_CV0,3,0,2,1,1
6,2545325.475,726552.0418,R6_F6_m6f6_P6_Y3_UO376,R6_F6_m-1f-1_P6_Y-1_U113,R6_F6_m6f6_P6_Y1_UO250,MXY,1,54.34603215307084,0,0,0.0,0,0,0,-9999.0,0.5,1,P5_CV0,3,0,2,0,2
6,2545325.475,726552.0418,R6_F6_m6f6_P6_Y3_UO385,R6_F6_m6f6_P6_Y0_UO643,R6_F6_m6f6_P6_Y1_UO42,FXX,1,54.34603215307084,0,0,0.0,0,0,0,-9999.0,0.875,1,P5_CV0,3,1,1,1,1
6,2545325.475,726552.0418,R6_F6_m6f6_P6_Y2_UO277,R6_F6_m-1f-1_P6_Y-1_U132,R6_F6_m6f6_P6_Y0_UO604,FXX,2,75.69521198113215,1,0,0.0,0,0,0,-9999.0,0.5,1,P5_CV0,3,0,2,0,2
6,2545325.475,726552.0418,R6_F6_m6f6_P6_Y2_UO286,R6_F6_m6f6_P6_Y0_UO334,R6_F6_m-1f-1_P6_Y-1_U110,FXX,2,75.69521198113215,1,0,1.0,0,0,0,-9999.0,0.625,1,P5_CV0,3,1,1,1,1
6,2545325.475,726552.0418,R6_F6_m6f6_P6_Y2_UO299,R6_F6_m-1f-1_P6_Y-1_U81,R6_F6_m-1f-1_P6_Y-1_U4,MXY,2,75.69521198113215,1,0,0.0,0,0,0,-9999.0,0.5,1,P5_CV0,3,2,0,1,1
6,2545325.475,726552.0418,R6_F6_m6f6_P6_Y2_UO236,R6_F6_m-1f-1_P6_Y-1_U111,R6_F6_m6f6_P6_Y0_UO538,FXX,2,75.69521198113215,1,0,1.659,0,0,0,-9999.0,0.5,1,P5_CV0,3,0,2,1,1
6,2545325.475,726552.0418,R6_F6_m6f6_P6_Y2_UO521,R6_F6_m-1f-1_P6_Y-1_U55,R6_F6_m-1f-1_P6_Y-1_U45,MXY,2,75.69521198113215,1,0,0.0,0,0,0,-9999.0,0.5,1,P5_CV0,3,2,0,1,1
6,2545325.475,726552.0418,R6_F6_m6f6_P6_Y2_UO9,R6_F6_m6f6_P6_Y0_UO773,R6_F6_m-1f-1_P6_Y-1_U110,MXY,2,75.69521198113215,1,0,0.0,0,0,0,-9999.0,0.25,1,P5_CV0,3,0,2,0,2
6,2545325.475,726552.0418,R6_F6_m6f6_P6_Y2_UO3,R6_F6_m-1f-1_P6_Y-1_U84,R6_F6_m6f6_P6_Y0_UO284,MXY,2,75.69521198113215,1,0,0.0,0,0,0,-9999.0,0.5,1,P5_CV0,3,0,2,2,0
6,2545325.475,726552.0418,R6_F6_m6f6_P6_Y2_UO298,R6_F6_m-1f-1_P6_Y-1_U81,R6_F6_m-1f-1_P6_Y-1_U4,FXX,2,75.69521198113215,1,0,0.0,0,0,0,-9999.0,0.5,1,P5_CV0,3,2,0,1,1
6,2545325.475,726552.0418,R6_F6_m6f6_P6_Y2_UO295,R6_F6_m-1f-1_P6_Y-1_U132,R6_F6_m-1f-1_P6_Y-1_U16,FXX,2,75.69521198113215,1,0,1.517,0,0,0,-9999.0,0.25,1,P5_CV0,3,1,1,0,2
6,2545325.475,726552.0418,R6_F6_m6f6_P6_Y2_UO234,R6_F6_m-1f-1_P6_Y-1_U111,R6_F6_m6f6_P6_Y0_UO538,MXY,2,75.69521198113215,1,0,0.0,0,0,0,-9999.0,0.5,1,P5_CV0,3,1,1,1,1
6,2545325.475,726552.0418,R6_F6_m6f6_P6_Y2_UO300,R6_F6_m-1f-1_P6_Y-1_U81,R6_F6_m-1f-1_P6_Y-1_U4,MXY,2,75.69521198113215,1,0,0.0,0,0,0,-9999.0,0.5,1,P5_CV0,3,1,1,1,1
6,2545325.475,726552.0418,R6_F6_m6f6_P6_Y2_UO18,R6_F6_m-1f-1_P6_Y-1_U97,R6_F6_m6f6_P6_Y0_UO106,MXY,2,75.69521198113215,1,0,0.0,0,0,0,-9999.0,0.75,1,P5_CV0,3,1,1,0,2
6,2545325.475,726552.0418,R6_F6_m6f6_P6_Y2_UO14,I6_F7_m-1f-1_P6_Y-1_U33,R6_F6_m6f6_P6_Y0_UO527,MXY,2,75.69521198113215,1,0,0.0,0,0,0,-9999.0,0.75,1,P5_CV0,3,2,0,1,1
6,2545325.475,726552.0418,R6_F6_m6f6_P6_Y2_UO84,R6_F6_m-1f-1_P6_Y-1_U56,R6_F6_m-1f-1_P6_Y-1_U100,FXX,2,75.69521198113215,1,0,0.0,0,0,0,-9999.0,0.25,1,P5_CV0,3,1,1,1,1
6,2545325.475,726552.0418,R6_F6_m6f6_P6_Y2_UO160,R6_F6_m6f6_P6_Y0_UO748,R6_F6_m-1f-1_P6_Y-1_U102,FXX,2,75.69521198113215,1,0,1.151,0,0,0,-9999.0,0.75,1,P5_CV0,3,1,1,1,1
6,2545325.475,726552.0418,R6_F6_m6f6_P6_Y2_UO161,I6_F7_m-1f-1_P6_Y-1_U61,R6_F6_m6f6_P6_Y0_UO492,FXX,2,75.69521198113215,1,0,0.0,0,0,0,-9999.0,0.5,1,P5_CV0,3,1,1,2,0
6,2545325.475,726552.0418,R6_F6_m6f6_P6_Y2_UO259,R6_F6_m-1f-1_P6_Y-1_U84,R6_F6_m6f6_P6_Y0_UO106,MXY,2,75.69521198113215,1,0,0.0,0,0,0,-9999.0,0.5,1,P5_CV0,3,1,1,0,2
6,2545325.475,726552.0418,R6_F6_m6f6_P6_Y2_UO83,R6_F6_m-1f-1_P6_Y-1_U56,R6_F6_m-1f-1_P6_Y-1_U100,MXY,2,75.69521198113215,1,0,0.0,0,0,0,-9999.0,0.25,1,P5_CV0,3,0,2,2,0
6,2545325.475,726552.0418,R6_F6_m6f6_P6_Y2_UO518,R6_F6_m-1f-1_P6_Y-1_U56,R6_F6_m6f6_P6_Y0_UO538,MXY,2,75.69521198113215,1,0,0.0,0,0,0,-9999.0,0.25,1,P5_CV0,3,1,1,1,1
6,2545325.475,726552.0418,R6_F6_m6f6_P6_Y2_UO162,I6_F7_m-1f-1_P6_Y-1_U61,R6_F6_m6f6_P6_Y0_UO492,FXX,2,75.69521198113215,1,0,2.535,0,0,0,-9999.0,0.5,1,P5_CV0,3,1,1,2,0
6,2545325.475,726552.0418,R6_F6_m6f6_P6_Y2_UO62,R6_F6_m-1f-1_P6_Y-1_U81,R6_F6_m6f6_P6_Y0_UO642,FXX,2,75.69521198113215,1,0,1.0,0,0,0,-9999.0,0.75,1,P5_CV0,3,1,1,1,1
6,2545325.475,726552.0418,R6_F6_m6f6_P6_Y2_UO82,R6_F6_m-1f-1_P6_Y-1_U56,R6_F6_m-1f-1_P6_Y-1_U100,MXY,2,75.69521198113215,1,0,0.0,0,0,0,-9999.0,0.25,1,P5_CV0,3,1,1,2,0
6,2545325.475,726552.0418,R6_F6_m6f6_P6_Y2_UO367,R6_F6_m-1f-1_P6_Y-1_U11,R6_F6_m6f6_P6_Y0_UO492,MXY,2,75.69521198113215,1,0,0.0,0,0,0,-9999.0,0.75,1,P5_CV0,3,2,0,1,1
6,2545325.475,726552.0418,R6_F6_m6f6_P6_Y2_UO109,I6_F7_m-1f-1_P6_Y-1_U113,R6_F6_m6f6_P6_Y0_UO119,FXX,2,75.69521198113215,1,0,1.0,0,0,0,-9999.0,0.5,1,P5_CV0,3,2,0,2,0
6,2545325.475,726552.0418,R6_F6_m6f6_P6_Y1_UO305,R6_F6_m-1f-1_P6_Y-1_U7,R6_F6_m-1f-1_P6_Y-1_U70,FXX,3,100.36298062936419,1,0,1.364,0,0,0,-9999.0,0.5,1,P5_CV0,3,1,1,0,2
6,2545325.475,726552.0418,R6_F6_m6f6_P6_Y1_UO177,R6_F6_m-1f-1_P6_Y-1_U71,R6_F6_m-1f-1_P6_Y-1_U39,FXX,3,100.36298062936419,1,0,1.0,0,0,0,-9999.0,0.5,1,P5_CV0,3,0,2,1,1
6,2545325.475,726552.0418,R6_F6_m6f6_P6_Y1_UO6,R6_F6_m-1f-1_P6_Y-1_U42,R6_F6_m-1f-1_P6_Y-1_U3,MXY,3,100.36298062936419,1,0,0.0,0,0,0,-9999.0,0.75,1,P5_CV0,3,2,0,2,0
6,2545325.475,726552.0418,R6_F6_m6f6_P6_Y1_UO422,R6_F6_m-1f-1_P6_Y-1_U62,R6_F6_m-1f-1_P6_Y-1_U3,FXX,3,100.36298062936419,1,0,2.455,0,0,0,-9999.0,0.5,1,P5_CV0,3,0,2,2,0
6,2545325.475,726552.0418,R6_F6_m6f6_P6_Y1_UO480,R6_F6_m-1f-1_P6_Y-1_U60,R6_F6_m-1f-1_P6_Y-1_U112,FXX,3,100.36298062936419,1,0,2.714,0,0,0,-9999.0,1.0,1,P5_CV0,3,2,0,2,0
6,2545325.475,726552.0418,R6_F6_m6f6_P6_Y1_UO444,R6_F6_m-1f-1_P6_Y-1_U80,R6_F6_m-1f-1_P6_Y-1_U106,FXX,3,100.36298062936419,1,0,0.0,0,0,0,-9999.0,0.5,1,P5_CV0,3,2,0,1,1
6,2545325.475,726552.0418,R6_F6_m6f6_P6_Y1_UO571,R6_F6_m-1f-1_P6_Y-1_U113,R6_F6_m-1f-1_P6_Y-1_U133,MXY,3,100.36298062936419,1,0,0.0,0,0,0,-9999.0,0.5,1,P5_CV0,3,2,0,2,0
6,2545325.475,726552.0418,R6_F6_m6f6_P6_Y1_UO464,R6_F6_m-1f-1_P6_Y-1_U96,R6_F6_m-1f-1_P6_Y-1_U121,MXY,3,100.36298062936419,1,0,0.0,0,0,0,-9999.0,0.25,1,P5_CV0,3,1,1,0,2
6,2545325.475,726552.0418,R6_F6_m6f6_P6_Y1_UO373,R6_F6_m-1f-1_P6_Y-1_U75,R6_F6_m-1f-1_P6_Y-1_U57,MXY,3,100.36298062936419,1,0,0.0,0,0,0,-9999.0,0.75,1,P5_CV0,3,1,1,1,1
6,2545325.475,726552.0418,R6_F6_m6f6_P6_Y1_UO201,R6_F6_m-1f-1_P6_Y-1_U136,R6_F6_m-1f-1_P6_Y-1_U51,FXX,3,100.36298062936419,1,0,2.074,0,0,0,-9999.0,0.0,1,P5_CV0,3,1,1,2,0
6,2545325.475,726552.0418,R6_F6_m6f6_P6_Y0_UO526,R6_F6_m-1f-1_P6_Y-1_U90,R6_F6_m-1f-1_P6_Y-1_U50,FXX,4,117.38033538480656,1,0,0.0,0,0,0,-9999.0,0.5,1,P5_CV0,3,1,1,0,2
6,2545325.475,726552.0418,R6_F6_m6f6_P6_Y0_UO524,R6_F6_m-1f-1_P6_Y-1_U90,R6_F6_m-1f-1_P6_Y-1_U50,FXX,4,117.38033538480656,1,0,1.536,0,0,0,-9999.0,0.5,1,P5_CV0,3,0,2,1,1
6,2545325.475,726552.0418,R6_F6_m6f6_P6_Y0_UO664,R6_F6_m-1f-1_P6_Y-1_U111,R6_F6_m-1f-1_P6_Y-1_U100,FXX,4,117.38033538480656,1,0,1.471,0,0,0,-9999.0,0.5,1,P5_CV0,3,2,0,0,2
6,2545325.475,726552.0418,R6_F6_m6f6_P6_Y0_UO538,R6_F6_m-1f-1_P6_Y-1_U36,R6_F6_m-1f-1_P6_Y-1_U114,MXY,4,117.38033538480656,1,0,0.0,0,0,0,-9999.0,0.5,1,P5_CV0,3,1,1,1,1
6,2545325.475,726552.0418,R6_F6_m-1f-1_P6_Y-1_U99,-9999,-9999,FXX,5,129.08245350211183,1,0,2.311,0,0,0,-9999.0,0.0,1,P5_CV0,3,0,2,0,2
6,2545325.475,726552.0418,I6_F7_m-1f-1_P6_Y-1_U55,-9999,-9999,FXX,5,129.08069700662082,1,0,0.0,0,0,0,-9999.0,0.5,1,P5_CV0,3,1,1,0,2
6,2545325.475,726552.0418,R6_F6_m-1f-1_P6_Y-1_U139,-9999,-9999,MXY,5,129.08245350211183,1,0,0.0,0,0,0,-9999.0,0.5,1,P5_CV0,3,1,1,1,1
6,2545325.475,726552.0418,R6_F6_m-1f-1_P6_Y-1_U47,-9999,-9999,MXY,5,129.0953218586574,1,0,0.0,0,0,0,-9999.0,0.5,1,P5_CV0,3,1,1,1,1
6,2545325.475,726552.0418,R6_F6_m-1f-1_P6_Y-1_U22,-9999,-9999,FXX,5,129.08245350211183,1,0,1.006,0,0,0,-9999.0,1.0,1,P5_CV0,3,2,0,1,1
